feature	metadata	value	coef	stderr	N	N.not.0	pval	qval
ko.K01537	Sex_and_consortia	Female_NS1	-0.0238382447295828	0.00981467633999555	85	85	0.0173066844663021	0.893867464394682
ko.K08151	Sex_and_consortia	Female_NS1	-0.408555582410963	0.18269621736127	85	85	0.0280180206226299	0.893867464394682
ko.K20373	Sex_and_consortia	Female_NS1	-0.430364327563473	0.182140315136137	85	85	0.020475583457557	0.893867464394682
ko.K03697	Sex_and_consortia	Female_NS1	-0.218639369462855	0.096126084890167	85	85	0.0255153884821362	0.893867464394682
ko.K01958	Sex_and_consortia	Female_NS1	-0.149903239356112	0.0582376063146494	85	85	0.0118294683750327	0.893867464394682
ko.K02074	Sex_and_consortia	Female_NS1	-0.392484069225845	0.16363189052269	85	85	0.0187002656450807	0.893867464394682
ko.K10188	Sex_and_consortia	Female_NS1	-0.399859825330836	0.163870504305042	85	85	0.0168122402315415	0.893867464394682
ko.K13531	Sex_and_consortia	Female_NS1	-0.396776505887076	0.164064611150391	85	85	0.0177757936619972	0.893867464394682
ko.K19505	Sex_and_consortia	Female_NS1	-0.456578577799851	0.187096930994729	85	85	0.0168020417026684	0.893867464394682
ko.K17235	Sex_and_consortia	Female_NS1	-0.582730805665605	0.254718101708086	85	85	0.0246960603997535	0.893867464394682
ko.K17242	Sex_and_consortia	Female_NS1	-0.438404636288094	0.165599581995201	85	85	0.00970512421190357	0.893867464394682
ko.K19081	Sex_and_consortia	Female_NS1	-0.573117126537826	0.254620630794655	85	85	0.0270377178903792	0.893867464394682
ko.K13929	Sex_and_consortia	Female_NS1	-0.575461306736893	0.254678466187779	85	85	0.0264688444014453	0.893867464394682
ko.K17237	Sex_and_consortia	Female_NS1	-0.575461306736893	0.254678466187779	85	85	0.0264688444014453	0.893867464394682
ko.K16169	Sex_and_consortia	Female_NS1	-0.573117126537826	0.254620630794655	85	85	0.0270377178903792	0.893867464394682
ko.K07707	Sex_and_consortia	Female_NS1	-0.571810372473447	0.254708167379947	85	85	0.0274301622347914	0.893867464394682
ko.K22103	Sex_and_consortia	Female_NS1	-0.573346312105714	0.25471297679805	85	85	0.0270321879392965	0.893867464394682
ko.K05910	Sex_and_consortia	Female_NS1	-0.572155656388014	0.254681325541304	85	85	0.0273238265870758	0.893867464394682
ko.K11618	Sex_and_consortia	Female_NS1	-0.573117126537826	0.254620630794655	85	85	0.0270377178903792	0.893867464394682
ko.K14091	Sex_and_consortia	Female_NS1	0.333366203095755	0.142310645244143	85	83	0.0215481954811246	0.893867464394682
ko.K20449	Sex_and_consortia	Female_NS1	0.333366203095755	0.142310645244143	85	83	0.0215481954811246	0.893867464394682
ko.K07739	Sex_and_consortia	Female_NS1	0.333366203095755	0.142310645244143	85	83	0.0215481954811246	0.893867464394682
ko.K20391	Sex_and_consortia	Female_NS1	0.333366203095755	0.142310645244143	85	83	0.0215481954811246	0.893867464394682
ko.K20421	Sex_and_consortia	Female_NS1	0.333366203095755	0.142310645244143	85	83	0.0215481954811246	0.893867464394682
ko.K03493	Sex_and_consortia	Female_NS1	0.333366203095755	0.142310645244143	85	83	0.0215481954811246	0.893867464394682
ko.K03489	Sex_and_consortia	Female_NS1	0.333366203095755	0.142310645244143	85	83	0.0215481954811246	0.893867464394682
ko.K02243	Sex_and_consortia	Female_NS1	-0.568734129856793	0.254715218573086	85	85	0.0282528289848176	0.893867464394682
ko.K16509	Sex_and_consortia	Female_NS1	-0.570280296786736	0.254751304037474	85	85	0.0278602922625123	0.893867464394682
ko.K15780	Sex_and_consortia	Female_NS1	-0.56873412985679	0.254715218573086	85	85	0.0282528289848184	0.893867464394682
ko.K02248	Sex_and_consortia	Female_NS1	-0.568734129856793	0.254715218573086	85	85	0.0282528289848176	0.893867464394682
ko.K19976	Sex_and_consortia	Female_NS1	-0.571078310055857	0.254773032494075	85	85	0.0276614572193975	0.893867464394682
ko.K06198	Sex_and_consortia	Female_NS1	-0.568734129856793	0.254715218573086	85	85	0.0282528289848176	0.893867464394682
ko.K16788	Sex_and_consortia	Female_NS1	-0.571078310055857	0.254773032494075	85	85	0.0276614572193975	0.893867464394682
ko.K03339	Sex_and_consortia	Female_NS1	-0.571078310055859	0.254773032494075	85	85	0.0276614572193969	0.893867464394682
ko.K15327	Sex_and_consortia	Female_NS1	-0.571078310055859	0.254773032494075	85	85	0.0276614572193969	0.893867464394682
ko.K15329	Sex_and_consortia	Female_NS1	-0.571078310055859	0.254773032494075	85	85	0.0276614572193969	0.893867464394682
ko.K08987	Sex_and_consortia	Female_NS1	-0.571078310055859	0.254773032494075	85	85	0.0276614572193969	0.893867464394682
ko.K00869	Sex_and_consortia	Female_NS1	-0.568734129856793	0.254715218573086	85	85	0.0282528289848176	0.893867464394682
ko.K00938	Sex_and_consortia	Female_NS1	-0.568734129856793	0.254715218573086	85	85	0.0282528289848176	0.893867464394682
ko.K22212	Sex_and_consortia	Female_NS1	-0.571078310055859	0.254773032494075	85	85	0.0276614572193969	0.893867464394682
ko.K03048	Sex_and_consortia	Female_NS1	-0.568734129856793	0.254715218573086	85	85	0.0282528289848176	0.893867464394682
ko.K12296	Sex_and_consortia	Female_NS1	-0.568734129856793	0.254715218573086	85	85	0.0282528289848176	0.893867464394682
ko.K21466	Sex_and_consortia	Female_NS1	-0.568734129856793	0.254715218573086	85	85	0.0282528289848176	0.893867464394682
ko.K12553	Sex_and_consortia	Female_NS1	-0.568734129856793	0.254715218573086	85	85	0.0282528289848176	0.893867464394682
ko.K21465	Sex_and_consortia	Female_NS1	-0.568734129856793	0.254715218573086	85	85	0.0282528289848176	0.893867464394682
ko.K00687	Sex_and_consortia	Female_NS1	-0.568734129856793	0.254715218573086	85	85	0.0282528289848176	0.893867464394682
ko.K01641	Sex_and_consortia	Female_NS1	-0.568734129856793	0.254715218573086	85	85	0.0282528289848176	0.893867464394682
ko.K02245	Sex_and_consortia	Female_NS1	-0.568734129856793	0.254715218573086	85	85	0.0282528289848176	0.893867464394682
ko.K02246	Sex_and_consortia	Female_NS1	-0.568734129856793	0.254715218573086	85	85	0.0282528289848176	0.893867464394682
ko.K01261	Sex_and_consortia	Female_NS1	-0.568734129856793	0.254715218573086	85	85	0.0282528289848176	0.893867464394682
ko.K01269	Sex_and_consortia	Female_NS1	-0.568734129856793	0.254715218573086	85	85	0.0282528289848176	0.893867464394682
ko.K03713	Sex_and_consortia	Female_NS1	-0.568734129856793	0.254715218573086	85	85	0.0282528289848176	0.893867464394682
ko.K20386	Sex_and_consortia	Female_NS1	-0.571078310055859	0.254773032494075	85	85	0.0276614572193969	0.893867464394682
ko.K11622	Sex_and_consortia	Female_NS1	-0.568734129856793	0.254715218573086	85	85	0.0282528289848176	0.893867464394682
ko.K07681	Sex_and_consortia	Female_NS1	-0.568734129856793	0.254715218573086	85	85	0.0282528289848176	0.893867464394682
ko.K11617	Sex_and_consortia	Female_NS1	-0.568734129856793	0.254715218573086	85	85	0.0282528289848176	0.893867464394682
ko.K07694	Sex_and_consortia	Female_NS1	-0.568734129856793	0.254715218573086	85	85	0.0282528289848176	0.893867464394682
ko.K21567	Sex_and_consortia	Female_NS1	-0.571078310055859	0.254773032494075	85	85	0.0276614572193969	0.893867464394682
ko.K19267	Sex_and_consortia	Female_NS1	-0.571078310055859	0.254773032494075	85	85	0.0276614572193969	0.893867464394682
ko.K01575	Sex_and_consortia	Female_NS1	-0.568734129856793	0.254715218573086	85	85	0.0282528289848176	0.893867464394682
ko.K01674	Sex_and_consortia	Female_NS1	-0.571078310055859	0.254773032494075	85	85	0.0276614572193969	0.893867464394682
ko.K06948	Sex_and_consortia	Female_NS1	-0.568734129856793	0.254715218573086	85	85	0.0282528289848176	0.893867464394682
ko.K04086	Sex_and_consortia	Female_NS1	-0.571078310055857	0.254773032494075	85	85	0.0276614572193975	0.893867464394682
ko.K20707	Sex_and_consortia	Female_NS1	-0.568734129856793	0.254715218573086	85	85	0.0282528289848176	0.893867464394682
ko.K08724	Sex_and_consortia	Female_NS1	-0.568734129856793	0.254715218573086	85	85	0.0282528289848176	0.893867464394682
ko.K12552	Sex_and_consortia	Female_NS1	-0.568734129856793	0.254715218573086	85	85	0.0282528289848176	0.893867464394682
ko.K12556	Sex_and_consortia	Female_NS1	-0.568734129856793	0.254715218573086	85	85	0.0282528289848176	0.893867464394682
ko.K18692	Sex_and_consortia	Female_NS1	-0.568734129856793	0.254715218573086	85	85	0.0282528289848176	0.893867464394682
ko.K06286	Sex_and_consortia	Female_NS1	-0.568734129856793	0.254715218573086	85	85	0.0282528289848176	0.893867464394682
ko.K12999	Sex_and_consortia	Female_NS1	-0.571078310055859	0.254773032494075	85	85	0.0276614572193969	0.893867464394682
ko.K19975	Sex_and_consortia	Female_NS1	-0.571078310055859	0.254773032494075	85	85	0.0276614572193969	0.893867464394682
ko.K19973	Sex_and_consortia	Female_NS1	-0.571078310055859	0.254773032494075	85	85	0.0276614572193969	0.893867464394682
ko.K02236	Sex_and_consortia	Female_NS1	-0.571078310055859	0.254773032494075	85	85	0.0276614572193969	0.893867464394682
ko.K12555	Sex_and_consortia	Female_NS1	-0.571078310055859	0.254773032494075	85	85	0.0276614572193969	0.893867464394682
ko.K02086	Sex_and_consortia	Female_NS1	-0.568734129856793	0.254715218573086	85	85	0.0282528289848176	0.893867464394682
ko.K00433	Sex_and_consortia	Female_NS1	-0.571078310055859	0.254773032494075	85	85	0.0276614572193969	0.893867464394682
ko.K02240	Sex_and_consortia	Female_NS1	-0.568734129856793	0.254715218573086	85	85	0.0282528289848176	0.893867464394682
ko.K19223	Sex_and_consortia	Female_NS1	-0.571078310055859	0.254773032494075	85	85	0.0276614572193969	0.893867464394682
ko.K22457	Sex_and_consortia	Female_NS1	-0.571078310055859	0.254773032494075	85	85	0.0276614572193969	0.893867464394682
ko.K14983	Sex_and_consortia	Female_NS1	-0.571078310055859	0.254773032494075	85	85	0.0276614572193969	0.893867464394682
ko.K09976	Sex_and_consortia	Female_NS1	-0.568734129856793	0.254715218573086	85	85	0.0282528289848176	0.893867464394682
ko.K20073	Sex_and_consortia	Female_NS1	-0.571078310055859	0.254773032494075	85	85	0.0276614572193969	0.893867464394682
ko.K20811	Sex_and_consortia	Female_NS1	-0.571078310055859	0.254773032494075	85	85	0.0276614572193969	0.893867464394682
ko.K05362	Sex_and_consortia	Female_NS1	-0.568734129856793	0.254715218573086	85	85	0.0282528289848176	0.893867464394682
ko.K21064	Sex_and_consortia	Female_NS1	-0.568734129856793	0.254715218573086	85	85	0.0282528289848176	0.893867464394682
ko.K03346	Sex_and_consortia	Female_NS1	-0.568734129856793	0.254715218573086	85	85	0.0282528289848176	0.893867464394682
ko.K18430	Sex_and_consortia	Female_NS1	-0.201981706204644	0.089188568706969	85	85	0.0261400969116095	0.893867464394682
ko.K00105	Sex_and_consortia	Female_NS1	-0.568734129856793	0.254715218573086	85	85	0.0282528289848176	0.893867464394682
ko.K12294	Sex_and_consortia	Female_NS1	-0.570478191995986	0.254756495349348	85	85	0.0278107471306167	0.893867464394682
ko.K21275	Sex_and_consortia	Female_NS1	-0.568734129856793	0.254715218573086	85	85	0.0282528289848176	0.893867464394682
ko.K02244	Sex_and_consortia	Female_NS1	-0.568734129856793	0.254715218573086	85	85	0.0282528289848176	0.893867464394682
ko.K18935	Sex_and_consortia	Female_NS1	-0.568734129856793	0.254715218573086	85	85	0.0282528289848176	0.893867464394682
ko.K15975	Sex_and_consortia	Female_NS1	-0.568734129856793	0.254715218573086	85	85	0.0282528289848176	0.893867464394682
ko.K18940	Sex_and_consortia	Female_NS1	-0.568734129856793	0.254715218573086	85	85	0.0282528289848176	0.893867464394682
ko.K03095	Sex_and_consortia	Female_NS1	-0.568734129856793	0.254715218573086	85	85	0.0282528289848176	0.893867464394682
ko.K22043	Sex_and_consortia	Female_NS1	-0.568734129856793	0.254715218573086	85	85	0.0282528289848176	0.893867464394682
ko.K06607	Sex_and_consortia	Female_NS1	-0.568734129856793	0.254715218573086	85	85	0.0282528289848176	0.893867464394682
ko.K18821	Sex_and_consortia	Female_NS1	-0.568734129856793	0.254715218573086	85	85	0.0282528289848176	0.893867464394682
ko.K17217	Sex_and_consortia	Female_NS1	-0.568734129856793	0.254715218573086	85	85	0.0282528289848176	0.893867464394682
ko.K06977	Sex_and_consortia	Female_NS1	-0.568734129856793	0.254715218573086	85	85	0.0282528289848176	0.893867464394682
ko.K05339	Sex_and_consortia	Female_NS1	-0.568734129856793	0.254715218573086	85	85	0.0282528289848176	0.893867464394682
ko.K15778	Sex_and_consortia	Female_NS1	-0.43346548279231	0.165467270782747	85	85	0.010463518114397	0.893867464394682
ko.K19424	Sex_and_consortia	Female_NS1	-0.571078310055859	0.254773032494075	85	85	0.0276614572193969	0.893867464394682
ko.K20375	Sex_and_consortia	Female_NS1	-0.571078310055857	0.254773032494075	85	85	0.0276614572193975	0.893867464394682
ko.K00467	Sex_and_consortia	Female_NS1	-0.571078310055857	0.254773032494075	85	85	0.0276614572193975	0.893867464394682
ko.K10530	Sex_and_consortia	Female_NS1	-0.571078310055857	0.254773032494075	85	85	0.0276614572193975	0.893867464394682
ko.K06610	Sex_and_consortia	Female_NS1	-0.571078310055857	0.254773032494075	85	85	0.0276614572193975	0.893867464394682
ko.K07498	Sex_and_consortia	Female_NS1	-0.571078310055857	0.254773032494075	85	85	0.0276614572193975	0.893867464394682
ko.K17869	Sex_and_consortia	Female_NS1	-0.571078310055859	0.254773032494075	85	85	0.0276614572193969	0.893867464394682
ko.K21828	Sex_and_consortia	Female_NS1	-0.571078310055859	0.254773032494075	85	85	0.0276614572193969	0.893867464394682
ko.K13727	Sex_and_consortia	Female_NS1	-0.571078310055859	0.254773032494075	85	85	0.0276614572193969	0.893867464394682
ko.K16874	Sex_and_consortia	Female_NS1	-0.571078310055859	0.254773032494075	85	85	0.0276614572193969	0.893867464394682
ko.K01612	Sex_and_consortia	Female_NS1	-0.571078310055859	0.254773032494075	85	85	0.0276614572193969	0.893867464394682
ko.K03933	Sex_and_consortia	Female_NS1	-0.571078310055859	0.254773032494075	85	85	0.0276614572193969	0.893867464394682
ko.K22330	Sex_and_consortia	Female_NS1	-0.571078310055859	0.254773032494075	85	85	0.0276614572193969	0.893867464394682
ko.K21713	Sex_and_consortia	Female_NS1	-0.571078310055859	0.254773032494075	85	85	0.0276614572193969	0.893867464394682
ko.K16919	Sex_and_consortia	Female_NS1	-0.571078310055859	0.254773032494075	85	85	0.0276614572193969	0.893867464394682
ko.K16921	Sex_and_consortia	Female_NS1	-0.571078310055859	0.254773032494075	85	85	0.0276614572193969	0.893867464394682
ko.K13955	Sex_and_consortia	Female_NS1	-0.571078310055859	0.254773032494075	85	85	0.0276614572193969	0.893867464394682
ko.K18429	Sex_and_consortia	Female_NS1	-0.571078310055859	0.254773032494075	85	85	0.0276614572193969	0.893867464394682
ko.K19430	Sex_and_consortia	Female_NS1	-0.571078310055859	0.254773032494075	85	85	0.0276614572193969	0.893867464394682
ko.K09695	Sex_and_consortia	Female_NS1	-0.571078310055859	0.254773032494075	85	85	0.0276614572193969	0.893867464394682
ko.K08221	Sex_and_consortia	Female_NS1	-0.571078310055859	0.254773032494075	85	85	0.0276614572193969	0.893867464394682
ko.K09694	Sex_and_consortia	Female_NS1	-0.571078310055859	0.254773032494075	85	85	0.0276614572193969	0.893867464394682
ko.K20374	Sex_and_consortia	Female_NS1	-0.571078310055859	0.254773032494075	85	85	0.0276614572193969	0.893867464394682
ko.K20379	Sex_and_consortia	Female_NS1	-0.571078310055859	0.254773032494075	85	85	0.0276614572193969	0.893867464394682
ko.K02817	Sex_and_consortia	Female_NS1	-0.571078310055859	0.254773032494075	85	85	0.0276614572193969	0.893867464394682
ko.K14989	Sex_and_consortia	Female_NS1	-0.571078310055859	0.254773032494075	85	85	0.0276614572193969	0.893867464394682
ko.K02482	Sex_and_consortia	Female_NS1	-0.571078310055859	0.254773032494075	85	85	0.0276614572193969	0.893867464394682
ko.K18149	Sex_and_consortia	Female_NS1	-0.571078310055859	0.254773032494075	85	85	0.0276614572193969	0.893867464394682
ko.K02859	Sex_and_consortia	Female_NS1	-0.571078310055859	0.254773032494075	85	85	0.0276614572193969	0.893867464394682
ko.K21745	Sex_and_consortia	Female_NS1	-0.571078310055859	0.254773032494075	85	85	0.0276614572193969	0.893867464394682
ko.K13688	Sex_and_consortia	Female_NS1	-0.571078310055859	0.254773032494075	85	85	0.0276614572193969	0.893867464394682
ko.K21298	Sex_and_consortia	Female_NS1	-0.571078310055859	0.254773032494075	85	85	0.0276614572193969	0.893867464394682
ko.K18923	Sex_and_consortia	Female_NS1	-0.571078310055859	0.254773032494075	85	85	0.0276614572193969	0.893867464394682
ko.K08166	Sex_and_consortia	Female_NS1	-0.571078310055859	0.254773032494075	85	85	0.0276614572193969	0.893867464394682
ko.K19504	Sex_and_consortia	Female_NS1	-0.571078310055859	0.254773032494075	85	85	0.0276614572193969	0.893867464394682
ko.K17463	Sex_and_consortia	Female_NS1	-0.571078310055859	0.254773032494075	85	85	0.0276614572193969	0.893867464394682
ko.K08196	Sex_and_consortia	Female_NS1	-0.571078310055859	0.254773032494075	85	85	0.0276614572193969	0.893867464394682
ko.K17317	Sex_and_consortia	Female_NS1	-0.571078310055859	0.254773032494075	85	85	0.0276614572193969	0.893867464394682
ko.K06216	Sex_and_consortia	Female_NS1	-0.571078310055859	0.254773032494075	85	85	0.0276614572193969	0.893867464394682
ko.K01073	Sex_and_consortia	Female_NS1	-0.571078310055859	0.254773032494075	85	85	0.0276614572193969	0.893867464394682
ko.K18476	Sex_and_consortia	Female_NS1	-0.571078310055859	0.254773032494075	85	85	0.0276614572193969	0.893867464394682
ko.K18891	Sex_and_consortia	Female_NS1	-0.571078310055859	0.254773032494075	85	85	0.0276614572193969	0.893867464394682
ko.K18892	Sex_and_consortia	Female_NS1	-0.571078310055859	0.254773032494075	85	85	0.0276614572193969	0.893867464394682
ko.K19220	Sex_and_consortia	Female_NS1	-0.571078310055859	0.254773032494075	85	85	0.0276614572193969	0.893867464394682
ko.K20274	Sex_and_consortia	Female_NS1	-0.571078310055859	0.254773032494075	85	85	0.0276614572193969	0.893867464394682
ko.K19137	Sex_and_consortia	Female_NS1	-0.571078310055859	0.254773032494075	85	85	0.0276614572193969	0.893867464394682
ko.K13935	Sex_and_consortia	Female_NS1	-0.571078310055859	0.254773032494075	85	85	0.0276614572193969	0.893867464394682
ko.K13931	Sex_and_consortia	Female_NS1	-0.571078310055859	0.254773032494075	85	85	0.0276614572193969	0.893867464394682
ko.K13932	Sex_and_consortia	Female_NS1	-0.571078310055859	0.254773032494075	85	85	0.0276614572193969	0.893867464394682
ko.K13934	Sex_and_consortia	Female_NS1	-0.571078310055859	0.254773032494075	85	85	0.0276614572193969	0.893867464394682
ko.K07347	Sex_and_consortia	Female_NS1	0.0959505170143431	0.221367669318266	85	85	0.665816583467362	0.903984175577239
ko.K14062	Sex_and_consortia	Female_NS1	0.0959505170143434	0.221367669318266	85	85	0.665816583467362	0.903984175577239
ko.K09476	Sex_and_consortia	Female_NS1	0.0959505170143434	0.221367669318266	85	85	0.665816583467362	0.903984175577239
ko.K07306	Sex_and_consortia	Female_NS1	0.103289906089976	0.212895693200847	85	85	0.628836213593865	0.903984175577239
ko.K02029	Sex_and_consortia	Female_NS1	0.049468768110437	0.041134509128133	85	85	0.232546837079294	0.903984175577239
ko.K02529	Sex_and_consortia	Female_NS1	-0.0249018503970327	0.0369231897875636	85	85	0.501916566000735	0.903984175577239
ko.K08351	Sex_and_consortia	Female_NS1	0.0959505170143432	0.221367669318266	85	85	0.665816583467362	0.903984175577239
ko.K02056	Sex_and_consortia	Female_NS1	0.0566366628268069	0.063070874964582	85	85	0.371791401676977	0.903984175577239
ko.K07310	Sex_and_consortia	Female_NS1	0.101769474846231	0.21466888606386	85	85	0.636690137527185	0.903984175577239
ko.K07309	Sex_and_consortia	Female_NS1	0.104394624880441	0.211603056359442	85	85	0.623067318067745	0.903984175577239
ko.K02031	Sex_and_consortia	Female_NS1	0.0652100244263097	0.0364986464623999	85	85	0.0776466193805661	0.903984175577239
ko.K11929	Sex_and_consortia	Female_NS1	0.0959505170143432	0.221367669318266	85	85	0.665816583467362	0.903984175577239
ko.K10542	Sex_and_consortia	Female_NS1	0.0869173445378141	0.0734757464944985	85	85	0.2402106233024	0.903984175577239
ko.K03406	Sex_and_consortia	Female_NS1	0.0741537443333659	0.0637094257630346	85	85	0.247784572333847	0.903984175577239
ko.K03710	Sex_and_consortia	Female_NS1	-0.0215017124792197	0.0436671897362335	85	85	0.62373677857912	0.903984175577239
ko.K10441	Sex_and_consortia	Female_NS1	0.070969479177168	0.0675062687969802	85	85	0.296171134866277	0.903984175577239
ko.K07345	Sex_and_consortia	Female_NS1	0.0959505170143409	0.221367669318266	85	85	0.66581658346737	0.903984175577239
ko.K19230	Sex_and_consortia	Female_NS1	0.0959505170143409	0.221367669318266	85	85	0.66581658346737	0.903984175577239
ko.K02768	Sex_and_consortia	Female_NS1	0.0704322407471088	0.0721320987228609	85	85	0.331686763677503	0.903984175577239
ko.K11104	Sex_and_consortia	Female_NS1	0.111390013571042	0.108666249674868	85	85	0.308310604225488	0.903984175577239
ko.K02035	Sex_and_consortia	Female_NS1	0.0719797033897702	0.0394442645226524	85	85	0.0716220420714232	0.903984175577239
ko.K09475	Sex_and_consortia	Female_NS1	0.0959505170143409	0.221367669318266	85	85	0.66581658346737	0.903984175577239
ko.K00845	Sex_and_consortia	Female_NS1	-0.0193418734398139	0.0151316564343587	85	85	0.204728233814243	0.903984175577239
ko.K02015	Sex_and_consortia	Female_NS1	-0.013028324185633	0.012919835194159	85	85	0.31619463597724	0.903984175577239
ko.K07483	Sex_and_consortia	Female_NS1	0.0418343321668073	0.0696458258537126	85	85	0.549694907606511	0.903984175577239
ko.K16076	Sex_and_consortia	Female_NS1	0.0959505170143409	0.221367669318266	85	85	0.66581658346737	0.903984175577239
ko.K08483	Sex_and_consortia	Female_NS1	0.0856512372249767	0.0558489276892205	85	85	0.128925379936563	0.903984175577239
ko.K11202	Sex_and_consortia	Female_NS1	0.115806156511988	0.113005576592203	85	85	0.308443224562637	0.903984175577239
ko.K03757	Sex_and_consortia	Female_NS1	0.0959505170143425	0.221367669318266	85	85	0.665816583467364	0.903984175577239
ko.K02014	Sex_and_consortia	Female_NS1	-0.0217310339677908	0.0180004774300482	85	85	0.230765965561224	0.903984175577239
ko.K01992	Sex_and_consortia	Female_NS1	-0.0117624682129807	0.0119049739355887	85	85	0.326009671248501	0.903984175577239
ko.K00558	Sex_and_consortia	Female_NS1	0.0244839214113046	0.0149682170334005	85	85	0.105683550557134	0.903984175577239
ko.K16139	Sex_and_consortia	Female_NS1	0.103595402423624	0.0867590732886147	85	85	0.235856557826198	0.903984175577239
ko.K03294	Sex_and_consortia	Female_NS1	-0.0596246299480427	0.0505726527830054	85	85	0.241771045651345	0.903984175577239
ko.K02013	Sex_and_consortia	Female_NS1	-0.00438564381010331	0.00954944647956791	85	85	0.647250651875338	0.903984175577239
ko.K02016	Sex_and_consortia	Female_NS1	-0.0277749630019279	0.0198143735967345	85	85	0.16471603393033	0.903984175577239
ko.K10551	Sex_and_consortia	Female_NS1	0.0828408880192977	0.190256277991625	85	85	0.66438971951803	0.903984175577239
ko.K04069	Sex_and_consortia	Female_NS1	0.030080365168742	0.0261073438024197	85	85	0.252554858034626	0.903984175577239
ko.K10545	Sex_and_consortia	Female_NS1	0.104699827596072	0.210859895193996	85	85	0.620827828838413	0.903984175577239
ko.K02456	Sex_and_consortia	Female_NS1	0.0847167487827883	0.0722729918398028	85	85	0.244479507151618	0.903984175577239
ko.K03482	Sex_and_consortia	Female_NS1	0.0959505170143425	0.221367669318266	85	85	0.665816583467364	0.903984175577239
ko.K11201	Sex_and_consortia	Female_NS1	0.105584517818239	0.213194685331278	85	85	0.62173278232051	0.903984175577239
ko.K05877	Sex_and_consortia	Female_NS1	0.0959505170143425	0.221367669318266	85	85	0.665816583467364	0.903984175577239
ko.K10440	Sex_and_consortia	Female_NS1	0.0688413844913365	0.0706617407035139	85	85	0.332769013510917	0.903984175577239
ko.K00656	Sex_and_consortia	Female_NS1	0.0154286065254556	0.0187047071227894	85	85	0.41182020959623	0.903984175577239
ko.K09996	Sex_and_consortia	Female_NS1	0.0959505170143425	0.221367669318266	85	85	0.665816583467364	0.903984175577239
ko.K00040	Sex_and_consortia	Female_NS1	0.0796717327967411	0.0578964215547457	85	85	0.172489830351481	0.903984175577239
ko.K09972	Sex_and_consortia	Female_NS1	0.11500796073509	0.116296946299873	85	85	0.325578217440461	0.903984175577239
ko.K10010	Sex_and_consortia	Female_NS1	0.0753900071303636	0.083346605411374	85	85	0.368329295896116	0.903984175577239
ko.K10038	Sex_and_consortia	Female_NS1	0.0959505170143425	0.221367669318266	85	85	0.665816583467364	0.903984175577239
ko.K01626	Sex_and_consortia	Female_NS1	0.109473907301387	0.0582528307382709	85	85	0.0637145440633349	0.903984175577239
ko.K02769	Sex_and_consortia	Female_NS1	0.0508557684414971	0.074396783121526	85	85	0.496147608537744	0.903984175577239
ko.K00799	Sex_and_consortia	Female_NS1	0.0959505170143425	0.221367669318266	85	85	0.665816583467364	0.903984175577239
ko.K16291	Sex_and_consortia	Female_NS1	0.0959505170143425	0.221367669318266	85	85	0.665816583467364	0.903984175577239
ko.K13896	Sex_and_consortia	Female_NS1	0.0959505170143425	0.221367669318266	85	85	0.665816583467364	0.903984175577239
ko.K05350	Sex_and_consortia	Female_NS1	-0.121235490381754	0.131638496364533	85	85	0.359733732720837	0.903984175577239
ko.K05874	Sex_and_consortia	Female_NS1	0.0959505170143425	0.221367669318266	85	85	0.665816583467364	0.903984175577239
ko.K19229	Sex_and_consortia	Female_NS1	0.0959505170143425	0.221367669318266	85	85	0.665816583467364	0.903984175577239
ko.K05875	Sex_and_consortia	Female_NS1	0.0959505170143425	0.221367669318266	85	85	0.665816583467364	0.903984175577239
ko.K11189	Sex_and_consortia	Female_NS1	0.0802022348612237	0.0424660962832939	85	85	0.0624360938117179	0.903984175577239
ko.K01223	Sex_and_consortia	Female_NS1	-0.0699573483108628	0.0850674739824627	85	85	0.41321993143958	0.903984175577239
ko.K02032	Sex_and_consortia	Female_NS1	0.0651731155763872	0.0435804806367137	85	85	0.138585610450567	0.903984175577239
ko.K05876	Sex_and_consortia	Female_NS1	0.0959505170143425	0.221367669318266	85	85	0.665816583467364	0.903984175577239
ko.K03305	Sex_and_consortia	Female_NS1	-0.0149181846082201	0.0248082330719951	85	85	0.549252398726302	0.903984175577239
ko.K03229	Sex_and_consortia	Female_NS1	0.0959505170143428	0.221367669318266	85	85	0.665816583467364	0.903984175577239
ko.K11203	Sex_and_consortia	Female_NS1	0.111918711571824	0.102366585295449	85	85	0.27741945923474	0.903984175577239
ko.K01262	Sex_and_consortia	Female_NS1	-0.0201071459166209	0.0130230636580263	85	85	0.126401358150607	0.903984175577239
ko.K18530	Sex_and_consortia	Female_NS1	0.0959505170143428	0.221367669318266	85	85	0.665816583467364	0.903984175577239
ko.K03755	Sex_and_consortia	Female_NS1	0.0959505170143428	0.221367669318266	85	85	0.665816583467364	0.903984175577239
ko.K05568	Sex_and_consortia	Female_NS1	0.0610173806787065	0.0837371818057927	85	85	0.468250150575149	0.903984175577239
ko.K22510	Sex_and_consortia	Female_NS1	0.0959505170143428	0.221367669318266	85	85	0.665816583467364	0.903984175577239
ko.K05548	Sex_and_consortia	Female_NS1	0.0959505170143428	0.221367669318266	85	85	0.665816583467364	0.903984175577239
ko.K01972	Sex_and_consortia	Female_NS1	0.00868725385543819	0.0117391395179232	85	85	0.461373104533438	0.903984175577239
ko.K02100	Sex_and_consortia	Female_NS1	-0.0382823045173803	0.0580738387462773	85	85	0.511591819146855	0.903984175577239
ko.K06867	Sex_and_consortia	Female_NS1	0.0880845261180922	0.0750115444032185	85	85	0.243641315045101	0.903984175577239
ko.K00854	Sex_and_consortia	Female_NS1	-0.0128441627053451	0.0293602960016299	85	85	0.66290887416999	0.903984175577239
ko.K12139	Sex_and_consortia	Female_NS1	0.0959505170143428	0.221367669318266	85	85	0.665816583467364	0.903984175577239
ko.K12137	Sex_and_consortia	Female_NS1	0.0838968983993018	0.0603190059255111	85	85	0.167977478468347	0.903984175577239
ko.K19234	Sex_and_consortia	Female_NS1	0.112306880013732	0.0843548509362201	85	85	0.186714977605688	0.903984175577239
ko.K19235	Sex_and_consortia	Female_NS1	0.0959505170143428	0.221367669318266	85	85	0.665816583467364	0.903984175577239
ko.K22130	Sex_and_consortia	Female_NS1	0.0398453123215034	0.0692387610674111	85	85	0.566525705084715	0.903984175577239
ko.K19236	Sex_and_consortia	Female_NS1	0.112306880013732	0.0843548509362201	85	85	0.186714977605688	0.903984175577239
ko.K07126	Sex_and_consortia	Female_NS1	0.097579673858811	0.0755306982940771	85	85	0.199970348092815	0.903984175577239
ko.K08137	Sex_and_consortia	Female_NS1	0.0959505170143428	0.221367669318266	85	85	0.665816583467364	0.903984175577239
ko.K15828	Sex_and_consortia	Female_NS1	0.0959505170143428	0.221367669318266	85	85	0.665816583467364	0.903984175577239
ko.K02457	Sex_and_consortia	Female_NS1	0.105780094390253	0.0849973557576886	85	85	0.216814543417454	0.903984175577239
ko.K01448	Sex_and_consortia	Female_NS1	0.00654798810343926	0.0111410487546878	85	85	0.558305632037753	0.903984175577239
ko.K04772	Sex_and_consortia	Female_NS1	0.0959505170143428	0.221367669318266	85	85	0.665816583467364	0.903984175577239
ko.K12299	Sex_and_consortia	Female_NS1	0.0959505170143428	0.221367669318266	85	85	0.665816583467364	0.903984175577239
ko.K03535	Sex_and_consortia	Female_NS1	0.0967432531113744	0.221253494697264	85	85	0.663065107408665	0.903984175577239
ko.K03293	Sex_and_consortia	Female_NS1	-0.163155281279047	0.182413750436478	85	85	0.373681311493544	0.903984175577239
ko.K12371	Sex_and_consortia	Female_NS1	0.0959505170143428	0.221367669318266	85	85	0.665816583467364	0.903984175577239
ko.K15583	Sex_and_consortia	Female_NS1	0.0772472420254363	0.0416146413696255	85	85	0.0669662057875032	0.903984175577239
ko.K00266	Sex_and_consortia	Female_NS1	-0.0328175179144534	0.0298634297560684	85	85	0.2749804400962	0.903984175577239
ko.K03746	Sex_and_consortia	Female_NS1	0.0959505170143428	0.221367669318266	85	85	0.665816583467364	0.903984175577239
ko.K01714	Sex_and_consortia	Female_NS1	-0.0156242893645329	0.00922543299959291	85	85	0.0940892840640821	0.903984175577239
ko.K13735	Sex_and_consortia	Female_NS1	0.0553162086896945	0.0858742592237101	85	85	0.521252035659856	0.903984175577239
ko.K18862	Sex_and_consortia	Female_NS1	0.0959505170143428	0.221367669318266	85	85	0.665816583467364	0.903984175577239
ko.K11920	Sex_and_consortia	Female_NS1	0.0959505170143428	0.221367669318266	85	85	0.665816583467364	0.903984175577239
ko.K02052	Sex_and_consortia	Female_NS1	0.0691867631719012	0.0874966789439845	85	85	0.43135178255712	0.903984175577239
ko.K11072	Sex_and_consortia	Female_NS1	-0.0309235882390067	0.0286060207985068	85	85	0.282820651643155	0.903984175577239
ko.K11076	Sex_and_consortia	Female_NS1	0.0959505170143428	0.221367669318266	85	85	0.665816583467364	0.903984175577239
ko.K07258	Sex_and_consortia	Female_NS1	0.0699342980608931	0.0476116522882861	85	85	0.145653937220603	0.903984175577239
ko.K05799	Sex_and_consortia	Female_NS1	0.0637975479452124	0.06625002869034	85	85	0.33835407840115	0.903984175577239
ko.K11922	Sex_and_consortia	Female_NS1	0.0959505170143428	0.221367669318266	85	85	0.665816583467364	0.903984175577239
ko.K02454	Sex_and_consortia	Female_NS1	0.0959505170143428	0.221367669318266	85	85	0.665816583467364	0.903984175577239
ko.K13788	Sex_and_consortia	Female_NS1	-0.0368300170608015	0.0523752515655642	85	85	0.483902055108596	0.903984175577239
ko.K03299	Sex_and_consortia	Female_NS1	0.0610407847507391	0.0620007969317056	85	85	0.327723059977147	0.903984175577239
ko.K00847	Sex_and_consortia	Female_NS1	-0.0219708053635787	0.0156695415408615	85	85	0.164604045788557	0.903984175577239
ko.K03077	Sex_and_consortia	Female_NS1	-0.0325949593400354	0.0368396999273406	85	85	0.378832307359634	0.903984175577239
ko.K02532	Sex_and_consortia	Female_NS1	0.107106187955191	0.207747007966119	85	85	0.607531846382052	0.903984175577239
ko.K00632	Sex_and_consortia	Female_NS1	0.105187298366475	0.103604835875357	85	85	0.312925696237841	0.903984175577239
ko.K02057	Sex_and_consortia	Female_NS1	0.0392646681745246	0.0693213991189375	85	85	0.57264024645548	0.903984175577239
ko.K09022	Sex_and_consortia	Female_NS1	-0.0196752779947393	0.0284937119132301	85	85	0.4917981582956	0.903984175577239
ko.K00059	Sex_and_consortia	Female_NS1	-0.0165039001725768	0.0150328557759062	85	85	0.275442403041584	0.903984175577239
ko.K01185	Sex_and_consortia	Female_NS1	-0.0379709486012202	0.031864353495839	85	85	0.236797346696915	0.903984175577239
ko.K06155	Sex_and_consortia	Female_NS1	0.0916819323127749	0.0770111538321967	85	85	0.237242964203705	0.903984175577239
ko.K06871	Sex_and_consortia	Female_NS1	-0.0402030431883951	0.0357043518999364	85	85	0.263411442110061	0.903984175577239
ko.K02798	Sex_and_consortia	Female_NS1	0.080502620224412	0.0713941570424444	85	85	0.262746468903544	0.903984175577239
ko.K00626	Sex_and_consortia	Female_NS1	0.0493697530323141	0.0573520508010331	85	85	0.391817459205437	0.903984175577239
ko.K03455	Sex_and_consortia	Female_NS1	0.0206292230094622	0.0268197159180237	85	85	0.443969090086647	0.903984175577239
ko.K00821	Sex_and_consortia	Female_NS1	0.0138265949835579	0.01166759206963	85	85	0.239382552100819	0.903984175577239
ko.K02455	Sex_and_consortia	Female_NS1	0.0959505170143428	0.221367669318266	85	85	0.665816583467364	0.903984175577239
ko.K03291	Sex_and_consortia	Female_NS1	0.0959505170143428	0.221367669318266	85	85	0.665816583467364	0.903984175577239
ko.K01652	Sex_and_consortia	Female_NS1	0.0148276664363252	0.0125875360531461	85	85	0.242177339681223	0.903984175577239
ko.K03458	Sex_and_consortia	Female_NS1	0.051654052006603	0.0669736334273819	85	85	0.442743286041207	0.903984175577239
ko.K00537	Sex_and_consortia	Female_NS1	0.0593645664531289	0.0551623588738302	85	85	0.28496549217381	0.903984175577239
ko.K06157	Sex_and_consortia	Female_NS1	0.0984960490762689	0.0880293200095668	85	85	0.266410362940127	0.903984175577239
ko.K19611	Sex_and_consortia	Female_NS1	0.0959505170143428	0.221367669318266	85	85	0.665816583467364	0.903984175577239
ko.K02794	Sex_and_consortia	Female_NS1	-0.0498143254467099	0.0896910137884392	85	85	0.580115492768401	0.903984175577239
ko.K03574	Sex_and_consortia	Female_NS1	0.064489467609158	0.0509871046538963	85	85	0.209475972439685	0.903984175577239
ko.K03834	Sex_and_consortia	Female_NS1	0.0959505170143428	0.221367669318266	85	85	0.665816583467364	0.903984175577239
ko.K02775	Sex_and_consortia	Female_NS1	-0.0320340408652847	0.0417816098495131	85	85	0.445434042389669	0.903984175577239
ko.K13069	Sex_and_consortia	Female_NS1	0.0959505170143428	0.221367669318266	85	85	0.665816583467364	0.903984175577239
ko.K18838	Sex_and_consortia	Female_NS1	0.0959505170143428	0.221367669318266	85	85	0.665816583467364	0.903984175577239
ko.K02746	Sex_and_consortia	Female_NS1	0.047245667312982	0.0953644827555969	85	85	0.621611383916902	0.903984175577239
ko.K01785	Sex_and_consortia	Female_NS1	-0.0334572599137391	0.0217787716300985	85	85	0.128284832775378	0.903984175577239
ko.K02770	Sex_and_consortia	Female_NS1	0.0685532727199678	0.071934822086135	85	85	0.343361533239061	0.903984175577239
ko.K01424	Sex_and_consortia	Female_NS1	-0.0488546718513087	0.0261964043359555	85	85	0.0657241544319466	0.903984175577239
ko.K16089	Sex_and_consortia	Female_NS1	-0.0434362787245228	0.0343314295003243	85	85	0.20933853108361	0.903984175577239
ko.K03808	Sex_and_consortia	Female_NS1	0.0959505170143423	0.221367669318266	85	85	0.665816583467365	0.903984175577239
ko.K10013	Sex_and_consortia	Female_NS1	-0.0789843934612224	0.160470915521613	85	85	0.623874678404343	0.903984175577239
ko.K11709	Sex_and_consortia	Female_NS1	0.0959505170143423	0.221367669318266	85	85	0.665816583467365	0.903984175577239
ko.K11209	Sex_and_consortia	Female_NS1	0.0959505170143423	0.221367669318266	85	85	0.665816583467365	0.903984175577239
ko.K14060	Sex_and_consortia	Female_NS1	0.0959505170143423	0.221367669318266	85	85	0.665816583467365	0.903984175577239
ko.K03502	Sex_and_consortia	Female_NS1	-0.0325328511520061	0.02641488483226	85	85	0.221572701998425	0.903984175577239
ko.K00891	Sex_and_consortia	Female_NS1	0.00901339387637278	0.00942401296243208	85	85	0.34163335671686	0.903984175577239
ko.K00133	Sex_and_consortia	Female_NS1	0.00628973053731562	0.0115523785632414	85	85	0.587589371147341	0.903984175577239
ko.K07048	Sex_and_consortia	Female_NS1	0.0898512050771296	0.0822562050440596	85	85	0.277847060710664	0.903984175577239
ko.K01187	Sex_and_consortia	Female_NS1	-0.0411961545380641	0.0305112273211992	85	85	0.180623342191622	0.903984175577239
ko.K06192	Sex_and_consortia	Female_NS1	0.0959505170143423	0.221367669318266	85	85	0.665816583467365	0.903984175577239
ko.K18841	Sex_and_consortia	Female_NS1	0.0959505170143423	0.221367669318266	85	85	0.665816583467365	0.903984175577239
ko.K07058	Sex_and_consortia	Female_NS1	-0.0387982245410812	0.0235766307572438	85	85	0.103623541414517	0.903984175577239
ko.K08349	Sex_and_consortia	Female_NS1	0.0959505170143423	0.221367669318266	85	85	0.665816583467365	0.903984175577239
ko.K00127	Sex_and_consortia	Female_NS1	0.108359061031207	0.113206091482927	85	85	0.341254190021768	0.903984175577239
ko.K08350	Sex_and_consortia	Female_NS1	0.0959505170143423	0.221367669318266	85	85	0.665816583467365	0.903984175577239
ko.K01524	Sex_and_consortia	Female_NS1	0.075132403416841	0.0524981835238639	85	85	0.156143804286732	0.903984175577239
ko.K12660	Sex_and_consortia	Female_NS1	0.085259169612956	0.0699762108657646	85	85	0.22652312425887	0.903984175577239
ko.K02510	Sex_and_consortia	Female_NS1	0.085259169612956	0.0699762108657646	85	85	0.22652312425887	0.903984175577239
ko.K11685	Sex_and_consortia	Female_NS1	0.0959505170143423	0.221367669318266	85	85	0.665816583467365	0.903984175577239
ko.K00963	Sex_and_consortia	Female_NS1	0.0668634430478861	0.0886151735647762	85	85	0.452662285167654	0.903984175577239
ko.K09024	Sex_and_consortia	Female_NS1	0.0959505170143423	0.221367669318266	85	85	0.665816583467365	0.903984175577239
ko.K06200	Sex_and_consortia	Female_NS1	-0.0358044362994559	0.0281004316554306	85	85	0.206162943494928	0.903984175577239
ko.K09819	Sex_and_consortia	Female_NS1	0.11099601695784	0.0865014102980758	85	85	0.203003874645701	0.903984175577239
ko.K08160	Sex_and_consortia	Female_NS1	0.0959505170143423	0.221367669318266	85	85	0.665816583467365	0.903984175577239
ko.K00374	Sex_and_consortia	Female_NS1	0.0971333402785223	0.221198172705263	85	85	0.661713055586051	0.903984175577239
ko.K00373	Sex_and_consortia	Female_NS1	0.0971333402785223	0.221198172705263	85	85	0.661713055586051	0.903984175577239
ko.K00371	Sex_and_consortia	Female_NS1	0.0971333402785223	0.221198172705263	85	85	0.661713055586051	0.903984175577239
ko.K07480	Sex_and_consortia	Female_NS1	0.0959505170143423	0.221367669318266	85	85	0.665816583467365	0.903984175577239
ko.K03088	Sex_and_consortia	Female_NS1	-0.036463435800332	0.0240263593726838	85	85	0.132904271619031	0.903984175577239
ko.K00370	Sex_and_consortia	Female_NS1	0.0971333402785223	0.221198172705263	85	85	0.661713055586051	0.903984175577239
ko.K11645	Sex_and_consortia	Female_NS1	-0.0475159080388412	0.0343209523048272	85	85	0.169929203109616	0.903984175577239
ko.K07673	Sex_and_consortia	Female_NS1	-0.0789843934612224	0.160470915521613	85	85	0.623874678404343	0.903984175577239
ko.K07674	Sex_and_consortia	Female_NS1	0.0959505170143423	0.221367669318266	85	85	0.665816583467365	0.903984175577239
ko.K03530	Sex_and_consortia	Female_NS1	-0.0237120881498333	0.015160712030476	85	85	0.1216111513569	0.903984175577239
ko.K03768	Sex_and_consortia	Female_NS1	0.0204067671090158	0.0258706117330656	85	85	0.432475611890862	0.903984175577239
ko.K02909	Sex_and_consortia	Female_NS1	0.00628973053731562	0.0115523785632414	85	85	0.587589371147341	0.903984175577239
ko.K01782	Sex_and_consortia	Female_NS1	0.0959505170143423	0.221367669318266	85	85	0.665816583467365	0.903984175577239
ko.K20541	Sex_and_consortia	Female_NS1	0.105602070835191	0.0897353025898034	85	85	0.24263227976694	0.903984175577239
ko.K15866	Sex_and_consortia	Female_NS1	0.104394624880441	0.211603056359442	85	85	0.623067318067746	0.903984175577239
ko.K20609	Sex_and_consortia	Female_NS1	0.0959505170143423	0.221367669318266	85	85	0.665816583467365	0.903984175577239
ko.K08326	Sex_and_consortia	Female_NS1	0.0959505170143423	0.221367669318266	85	85	0.665816583467365	0.903984175577239
ko.K02793	Sex_and_consortia	Female_NS1	-0.227925072077234	0.175482396888215	85	85	0.197592709196667	0.903984175577239
ko.K21906	Sex_and_consortia	Female_NS1	0.0959505170143423	0.221367669318266	85	85	0.665816583467365	0.903984175577239
ko.K21905	Sex_and_consortia	Female_NS1	0.0959505170143423	0.221367669318266	85	85	0.665816583467365	0.903984175577239
ko.K06910	Sex_and_consortia	Female_NS1	0.0406046373846733	0.0652137103501607	85	85	0.53522835158782	0.903984175577239
ko.K14415	Sex_and_consortia	Female_NS1	0.0459954590064376	0.057079298690825	85	85	0.422651151893894	0.903984175577239
ko.K03224	Sex_and_consortia	Female_NS1	0.0776822577831157	0.062888300813911	85	85	0.220225667354679	0.903984175577239
ko.K22506	Sex_and_consortia	Female_NS1	0.0959505170143423	0.221367669318266	85	85	0.665816583467365	0.903984175577239
ko.K03297	Sex_and_consortia	Female_NS1	0.108788688272738	0.0900247662573874	85	85	0.230313273950242	0.903984175577239
ko.K00995	Sex_and_consortia	Female_NS1	0.00866310408006166	0.0165048560907639	85	85	0.601064341902854	0.903984175577239
ko.K07689	Sex_and_consortia	Female_NS1	0.0335891568261488	0.069151330100926	85	85	0.628435567328275	0.903984175577239
ko.K02356	Sex_and_consortia	Female_NS1	0.00784014245549909	0.0136346257347444	85	85	0.566835249302482	0.903984175577239
ko.K02040	Sex_and_consortia	Female_NS1	-0.0146393954980608	0.0143210364518161	85	85	0.309642232843731	0.903984175577239
ko.K00688	Sex_and_consortia	Female_NS1	-0.00919823762803865	0.011174927083782	85	85	0.412801947801738	0.903984175577239
ko.K21498	Sex_and_consortia	Female_NS1	-0.0465477566011777	0.0572336974890235	85	85	0.418377102183525	0.903984175577239
ko.K11070	Sex_and_consortia	Female_NS1	-0.0394125482897883	0.0294082074853141	85	85	0.183841262631957	0.903984175577239
ko.K11074	Sex_and_consortia	Female_NS1	0.0959505170143423	0.221367669318266	85	85	0.665816583467365	0.903984175577239
ko.K21907	Sex_and_consortia	Female_NS1	0.0959505170143423	0.221367669318266	85	85	0.665816583467365	0.903984175577239
ko.K21963	Sex_and_consortia	Female_NS1	0.0959505170143423	0.221367669318266	85	85	0.665816583467365	0.903984175577239
ko.K00652	Sex_and_consortia	Female_NS1	-0.0165170326662315	0.0149277177182402	85	85	0.27172092173806	0.903984175577239
ko.K09808	Sex_and_consortia	Female_NS1	-0.0179088489279863	0.0163367654646224	85	85	0.27614877249532	0.903984175577239
ko.K12151	Sex_and_consortia	Female_NS1	0.0959505170143423	0.221367669318266	85	85	0.665816583467365	0.903984175577239
ko.K02475	Sex_and_consortia	Female_NS1	0.0802237325114521	0.115622142792114	85	85	0.489717392547994	0.903984175577239
ko.K07000	Sex_and_consortia	Female_NS1	0.0295791503570167	0.0621564633341479	85	85	0.63540855045506	0.903984175577239
ko.K02814	Sex_and_consortia	Female_NS1	0.0959505170143423	0.221367669318266	85	85	0.665816583467365	0.903984175577239
ko.K05802	Sex_and_consortia	Female_NS1	0.11099601695784	0.0865014102980758	85	85	0.203003874645701	0.903984175577239
ko.K11139	Sex_and_consortia	Female_NS1	0.0959505170143423	0.221367669318266	85	85	0.665816583467365	0.903984175577239
ko.K22051	Sex_and_consortia	Female_NS1	0.11099601695784	0.0865014102980758	85	85	0.203003874645701	0.903984175577239
ko.K14057	Sex_and_consortia	Female_NS1	0.0959505170143423	0.221367669318266	85	85	0.665816583467365	0.903984175577239
ko.K02821	Sex_and_consortia	Female_NS1	-0.0824126688324486	0.094917156842008	85	85	0.387756207061809	0.903984175577239
ko.K02822	Sex_and_consortia	Female_NS1	-0.0754010621616534	0.0973444553804974	85	85	0.440788911709396	0.903984175577239
ko.K12678	Sex_and_consortia	Female_NS1	0.0959505170143423	0.221367669318266	85	85	0.665816583467365	0.903984175577239
ko.K13244	Sex_and_consortia	Female_NS1	0.0959505170143423	0.221367669318266	85	85	0.665816583467365	0.903984175577239
ko.K18141	Sex_and_consortia	Female_NS1	0.0959505170143423	0.221367669318266	85	85	0.665816583467365	0.903984175577239
ko.K18142	Sex_and_consortia	Female_NS1	0.0959505170143423	0.221367669318266	85	85	0.665816583467365	0.903984175577239
ko.K21089	Sex_and_consortia	Female_NS1	0.0959505170143423	0.221367669318266	85	85	0.665816583467365	0.903984175577239
ko.K07346	Sex_and_consortia	Female_NS1	0.0959505170143423	0.221367669318266	85	85	0.665816583467365	0.903984175577239
ko.K07349	Sex_and_consortia	Female_NS1	0.0959505170143423	0.221367669318266	85	85	0.665816583467365	0.903984175577239
ko.K03543	Sex_and_consortia	Female_NS1	-0.0437191014966449	0.031710939009774	85	85	0.171699290054277	0.903984175577239
ko.K07797	Sex_and_consortia	Female_NS1	0.0959505170143423	0.221367669318266	85	85	0.665816583467365	0.903984175577239
ko.K07690	Sex_and_consortia	Female_NS1	0.0959505170143423	0.221367669318266	85	85	0.665816583467365	0.903984175577239
ko.K21972	Sex_and_consortia	Female_NS1	0.0959505170143423	0.221367669318266	85	85	0.665816583467365	0.903984175577239
ko.K22491	Sex_and_consortia	Female_NS1	0.0959505170143423	0.221367669318266	85	85	0.665816583467365	0.903984175577239
ko.K18138	Sex_and_consortia	Female_NS1	-0.0482151278614468	0.034790794345947	85	85	0.169502396806331	0.903984175577239
ko.K02478	Sex_and_consortia	Female_NS1	0.095715225587952	0.0836028261541932	85	85	0.255549448771023	0.903984175577239
ko.K02477	Sex_and_consortia	Female_NS1	-0.0400889078111059	0.029007394094056	85	85	0.170672627974787	0.903984175577239
ko.K07705	Sex_and_consortia	Female_NS1	0.10113961934108	0.0511700359884129	85	85	0.0514146119617281	0.903984175577239
ko.K02796	Sex_and_consortia	Female_NS1	-0.0785454877591905	0.104521400832013	85	85	0.454490856649979	0.903984175577239
ko.K02795	Sex_and_consortia	Female_NS1	-0.196064262015778	0.177011987442168	85	85	0.271220072899735	0.903984175577239
ko.K02315	Sex_and_consortia	Female_NS1	0.0992738783233033	0.0622227978516224	85	85	0.114410670946177	0.903984175577239
ko.K16324	Sex_and_consortia	Female_NS1	0.0959505170143423	0.221367669318266	85	85	0.665816583467365	0.903984175577239
ko.K03532	Sex_and_consortia	Female_NS1	0.0959505170143423	0.221367669318266	85	85	0.665816583467365	0.903984175577239
ko.K14348	Sex_and_consortia	Female_NS1	0.0959505170143423	0.221367669318266	85	85	0.665816583467365	0.903984175577239
ko.K11474	Sex_and_consortia	Female_NS1	0.0959505170143423	0.221367669318266	85	85	0.665816583467365	0.903984175577239
ko.K03271	Sex_and_consortia	Female_NS1	0.0328885248266412	0.0287529445994729	85	85	0.255981712905938	0.903984175577239
ko.K11734	Sex_and_consortia	Female_NS1	0.0959505170143423	0.221367669318266	85	85	0.665816583467365	0.903984175577239
ko.K11732	Sex_and_consortia	Female_NS1	0.111377772101686	0.201992414052473	85	85	0.582843781643352	0.903984175577239
ko.K00852	Sex_and_consortia	Female_NS1	-0.0219637420182442	0.0291620367494273	85	85	0.453483549767172	0.903984175577239
ko.K01447	Sex_and_consortia	Female_NS1	-0.0166030814837613	0.0161663087123754	85	85	0.307396023043951	0.903984175577239
ko.K03836	Sex_and_consortia	Female_NS1	0.0959505170143423	0.221367669318266	85	85	0.665816583467365	0.903984175577239
ko.K03835	Sex_and_consortia	Female_NS1	0.0959505170143423	0.221367669318266	85	85	0.665816583467365	0.903984175577239
ko.K04784	Sex_and_consortia	Female_NS1	0.0880063769227968	0.0858116275235106	85	85	0.308071034194514	0.903984175577239
ko.K00088	Sex_and_consortia	Female_NS1	0.0102594533462232	0.00848687821590783	85	85	0.230148886785611	0.903984175577239
ko.K04786	Sex_and_consortia	Female_NS1	0.0959505170143423	0.221367669318266	85	85	0.665816583467365	0.903984175577239
ko.K01138	Sex_and_consortia	Female_NS1	0.0249838610615219	0.0339090549404662	85	85	0.463327473877409	0.903984175577239
ko.K15835	Sex_and_consortia	Female_NS1	0.0959505170143423	0.221367669318266	85	85	0.665816583467365	0.903984175577239
ko.K03657	Sex_and_consortia	Female_NS1	-0.00914661790724135	0.00733445059446778	85	85	0.215877177884092	0.903984175577239
ko.K00823	Sex_and_consortia	Female_NS1	0.0971333402785223	0.221198172705263	85	85	0.661713055586051	0.903984175577239
ko.K07250	Sex_and_consortia	Female_NS1	0.0880063769227968	0.0858116275235106	85	85	0.308071034194514	0.903984175577239
ko.K03445	Sex_and_consortia	Female_NS1	0.0959505170143423	0.221367669318266	85	85	0.665816583467365	0.903984175577239
ko.K07636	Sex_and_consortia	Female_NS1	-0.0183679437533445	0.0174385884988047	85	85	0.295263405645378	0.903984175577239
ko.K16346	Sex_and_consortia	Female_NS1	0.0959505170143423	0.221367669318266	85	85	0.665816583467365	0.903984175577239
ko.K01653	Sex_and_consortia	Female_NS1	0.0143906657419296	0.00949383225767222	85	85	0.133371567854737	0.903984175577239
ko.K01915	Sex_and_consortia	Female_NS1	-0.0059487007704127	0.00721827952501022	85	85	0.41223551457078	0.903984175577239
ko.K01649	Sex_and_consortia	Female_NS1	0.047338986960018	0.040026454741434	85	85	0.240307904950076	0.903984175577239
ko.K06221	Sex_and_consortia	Female_NS1	-0.170273301761366	0.170194432010079	85	85	0.319994151880005	0.903984175577239
ko.K12961	Sex_and_consortia	Female_NS1	0.0959505170143423	0.221367669318266	85	85	0.665816583467365	0.903984175577239
ko.K21085	Sex_and_consortia	Female_NS1	0.0959505170143423	0.221367669318266	85	85	0.665816583467365	0.903984175577239
ko.K14052	Sex_and_consortia	Female_NS1	0.0959505170143423	0.221367669318266	85	85	0.665816583467365	0.903984175577239
ko.K01061	Sex_and_consortia	Female_NS1	0.0959505170143423	0.221367669318266	85	85	0.665816583467365	0.903984175577239
ko.K00042	Sex_and_consortia	Female_NS1	0.0387957912592947	0.064042474738941	85	85	0.546312438426175	0.903984175577239
ko.K00865	Sex_and_consortia	Female_NS1	-0.0360129676166069	0.0290801897894127	85	85	0.21905821194965	0.903984175577239
ko.K10439	Sex_and_consortia	Female_NS1	0.0543719449217916	0.0685708208876288	85	85	0.430078686660956	0.903984175577239
ko.K01754	Sex_and_consortia	Female_NS1	0.0846322025781313	0.0446593432539292	85	85	0.0615657419505398	0.903984175577239
ko.K00925	Sex_and_consortia	Female_NS1	-0.0327324936818071	0.0313834793998207	85	85	0.299983675797713	0.903984175577239
ko.K00932	Sex_and_consortia	Female_NS1	0.0959505170143423	0.221367669318266	85	85	0.665816583467365	0.903984175577239
ko.K08070	Sex_and_consortia	Female_NS1	0.0959505170143423	0.221367669318266	85	85	0.665816583467365	0.903984175577239
ko.K01129	Sex_and_consortia	Female_NS1	0.0159785813012413	0.00731518834597255	85	85	0.0317610259832503	0.903984175577239
ko.K02436	Sex_and_consortia	Female_NS1	0.0959505170143423	0.221367669318266	85	85	0.665816583467365	0.903984175577239
ko.K15977	Sex_and_consortia	Female_NS1	0.0264580258718464	0.0360037113365887	85	85	0.464490316831362	0.903984175577239
ko.K02081	Sex_and_consortia	Female_NS1	-0.0344723574027114	0.0396807107951314	85	85	0.387492620262618	0.903984175577239
ko.K03498	Sex_and_consortia	Female_NS1	-0.030675541183756	0.0284058776505668	85	85	0.283314244770479	0.903984175577239
ko.K16371	Sex_and_consortia	Female_NS1	0.107794203439115	0.115988201819614	85	85	0.355400222455429	0.903984175577239
ko.K10124	Sex_and_consortia	Female_NS1	0.0959505170143423	0.221367669318266	85	85	0.665816583467365	0.903984175577239
ko.K07214	Sex_and_consortia	Female_NS1	-0.0530801151901535	0.108222677170676	85	85	0.625094599115423	0.903984175577239
ko.K08302	Sex_and_consortia	Female_NS1	0.0851898735752979	0.112221685068615	85	85	0.449930518244371	0.903984175577239
ko.K18831	Sex_and_consortia	Female_NS1	0.0417470421020483	0.0589057518774705	85	85	0.480490854680811	0.903984175577239
ko.K01673	Sex_and_consortia	Female_NS1	-0.045887544252658	0.0370080345632238	85	85	0.218493692709924	0.903984175577239
ko.K01190	Sex_and_consortia	Female_NS1	-0.0196314792758596	0.0141773448847855	85	85	0.169852982375414	0.903984175577239
ko.K06222	Sex_and_consortia	Female_NS1	0.0959505170143423	0.221367669318266	85	85	0.665816583467365	0.903984175577239
ko.K19227	Sex_and_consortia	Female_NS1	0.0959505170143423	0.221367669318266	85	85	0.665816583467365	0.903984175577239
ko.K07711	Sex_and_consortia	Female_NS1	0.0959505170143423	0.221367669318266	85	85	0.665816583467365	0.903984175577239
ko.K01126	Sex_and_consortia	Female_NS1	-0.0454537194417942	0.0246804400432779	85	85	0.06909241088378	0.903984175577239
ko.K03832	Sex_and_consortia	Female_NS1	-0.0443828857422248	0.0355991418565463	85	85	0.215999676563073	0.903984175577239
ko.K00111	Sex_and_consortia	Female_NS1	0.0263437832499521	0.0524903183966935	85	85	0.617081477191156	0.903984175577239
ko.K13652	Sex_and_consortia	Female_NS1	-0.0258005120434458	0.0281532339766624	85	85	0.362095686995455	0.903984175577239
ko.K05527	Sex_and_consortia	Female_NS1	0.0959505170143423	0.221367669318266	85	85	0.665816583467365	0.903984175577239
ko.K11473	Sex_and_consortia	Female_NS1	0.0959505170143423	0.221367669318266	85	85	0.665816583467365	0.903984175577239
ko.K01485	Sex_and_consortia	Female_NS1	0.057557328375786	0.0744351842302799	85	85	0.441568550286324	0.903984175577239
ko.K06131	Sex_and_consortia	Female_NS1	-0.0167686665287094	0.00793017554957013	85	85	0.0374691949176908	0.903984175577239
ko.K01784	Sex_and_consortia	Female_NS1	-0.0091190492830376	0.0171954801180247	85	85	0.597308384612238	0.903984175577239
ko.K10823	Sex_and_consortia	Female_NS1	0.0463688491765059	0.0707114191101528	85	85	0.513800111363462	0.903984175577239
ko.K03800	Sex_and_consortia	Female_NS1	0.0603924910701147	0.0524192536668489	85	85	0.252585534792799	0.903984175577239
ko.K12372	Sex_and_consortia	Female_NS1	0.0959505170143423	0.221367669318266	85	85	0.665816583467365	0.903984175577239
ko.K03303	Sex_and_consortia	Female_NS1	0.0315545628863739	0.0530668654666174	85	85	0.553715740247911	0.903984175577239
ko.K00427	Sex_and_consortia	Female_NS1	0.0959505170143423	0.221367669318266	85	85	0.665816583467365	0.903984175577239
ko.K16328	Sex_and_consortia	Female_NS1	0.0670412208861345	0.102559948087676	85	85	0.515125967701923	0.903984175577239
ko.K00666	Sex_and_consortia	Female_NS1	-0.0373123420704377	0.0354284894654511	85	85	0.295317903018094	0.903984175577239
ko.K07025	Sex_and_consortia	Female_NS1	-0.0422930681917393	0.0282527403642261	85	85	0.13819833748941	0.903984175577239
ko.K15580	Sex_and_consortia	Female_NS1	0.0944770537429831	0.0716291057350213	85	85	0.190804704788432	0.903984175577239
ko.K07273	Sex_and_consortia	Female_NS1	-0.028102103343878	0.0392645029446247	85	85	0.476177466472834	0.903984175577239
ko.K01851	Sex_and_consortia	Female_NS1	0.0959505170143423	0.221367669318266	85	85	0.665816583467365	0.903984175577239
ko.K03671	Sex_and_consortia	Female_NS1	0.0198821971215232	0.0214307618698374	85	85	0.356231979638243	0.903984175577239
ko.K00525	Sex_and_consortia	Female_NS1	0.00655884879520013	0.0109840063900577	85	85	0.552047959183043	0.903984175577239
ko.K12524	Sex_and_consortia	Female_NS1	-0.0437374420413654	0.0394536543208307	85	85	0.270814367687182	0.903984175577239
ko.K01070	Sex_and_consortia	Female_NS1	-0.0449335767984737	0.0356271417059293	85	85	0.210763881971762	0.903984175577239
ko.K12525	Sex_and_consortia	Female_NS1	0.0959505170143423	0.221367669318266	85	85	0.665816583467365	0.903984175577239
ko.K02557	Sex_and_consortia	Female_NS1	0.0313289716866135	0.0591039054768069	85	85	0.597481361406242	0.903984175577239
ko.K02453	Sex_and_consortia	Female_NS1	0.108788688272738	0.0900247662573874	85	85	0.230313273950242	0.903984175577239
ko.K05846	Sex_and_consortia	Female_NS1	-0.0842958981825244	0.0981624097064944	85	85	0.392957730138882	0.903984175577239
ko.K02458	Sex_and_consortia	Female_NS1	0.0959505170143423	0.221367669318266	85	85	0.665816583467365	0.903984175577239
ko.K02459	Sex_and_consortia	Female_NS1	0.0959505170143423	0.221367669318266	85	85	0.665816583467365	0.903984175577239
ko.K02460	Sex_and_consortia	Female_NS1	0.0959505170143423	0.221367669318266	85	85	0.665816583467365	0.903984175577239
ko.K02461	Sex_and_consortia	Female_NS1	0.0959505170143423	0.221367669318266	85	85	0.665816583467365	0.903984175577239
ko.K02462	Sex_and_consortia	Female_NS1	0.0959505170143423	0.221367669318266	85	85	0.665816583467365	0.903984175577239
ko.K11747	Sex_and_consortia	Female_NS1	0.0959505170143423	0.221367669318266	85	85	0.665816583467365	0.903984175577239
ko.K11745	Sex_and_consortia	Female_NS1	0.0959505170143423	0.221367669318266	85	85	0.665816583467365	0.903984175577239
ko.K09815	Sex_and_consortia	Female_NS1	-0.0450019670341397	0.0269757265366948	85	85	0.099036764975366	0.903984175577239
ko.K08368	Sex_and_consortia	Female_NS1	0.104394624880441	0.211603056359442	85	85	0.623067318067746	0.903984175577239
ko.K02617	Sex_and_consortia	Female_NS1	0.0706282254548172	0.0676384954058374	85	85	0.299423855313	0.903984175577239
ko.K01681	Sex_and_consortia	Female_NS1	0.0160530932080893	0.00792091368353585	85	85	0.0459065259388562	0.903984175577239
ko.K13634	Sex_and_consortia	Female_NS1	0.0959505170143423	0.221367669318266	85	85	0.665816583467365	0.903984175577239
ko.K10213	Sex_and_consortia	Female_NS1	0.0959505170143423	0.221367669318266	85	85	0.665816583467365	0.903984175577239
ko.K07687	Sex_and_consortia	Female_NS1	0.0959505170143423	0.221367669318266	85	85	0.665816583467365	0.903984175577239
ko.K18920	Sex_and_consortia	Female_NS1	0.0959505170143423	0.221367669318266	85	85	0.665816583467365	0.903984175577239
ko.K18919	Sex_and_consortia	Female_NS1	0.0959505170143423	0.221367669318266	85	85	0.665816583467365	0.903984175577239
ko.K05808	Sex_and_consortia	Female_NS1	0.00751304837118005	0.0112636433227879	85	85	0.506611027829077	0.903984175577239
ko.K00616	Sex_and_consortia	Female_NS1	-0.0386600074070744	0.0319181652028482	85	85	0.229247418826692	0.903984175577239
ko.K06884	Sex_and_consortia	Female_NS1	0.0959505170143423	0.221367669318266	85	85	0.665816583467365	0.903984175577239
ko.K02400	Sex_and_consortia	Female_NS1	0.0776822577831157	0.062888300813911	85	85	0.220225667354679	0.903984175577239
ko.K03722	Sex_and_consortia	Female_NS1	0.0915795399565178	0.0737464589079429	85	85	0.217802116065041	0.903984175577239
ko.K11731	Sex_and_consortia	Female_NS1	0.104394624880441	0.211603056359442	85	85	0.623067318067746	0.903984175577239
ko.K07311	Sex_and_consortia	Female_NS1	0.104394624880441	0.211603056359442	85	85	0.623067318067746	0.903984175577239
ko.K07307	Sex_and_consortia	Female_NS1	0.0637851935476161	0.142572809651958	85	85	0.655761207806907	0.903984175577239
ko.K07312	Sex_and_consortia	Female_NS1	0.0959505170143423	0.221367669318266	85	85	0.665816583467365	0.903984175577239
ko.K07308	Sex_and_consortia	Female_NS1	0.154914593785054	0.162478104384016	85	85	0.343131131226177	0.903984175577239
ko.K08297	Sex_and_consortia	Female_NS1	0.104394624880441	0.211603056359442	85	85	0.623067318067746	0.903984175577239
ko.K08319	Sex_and_consortia	Female_NS1	0.0959505170143423	0.221367669318266	85	85	0.665816583467365	0.903984175577239
ko.K09997	Sex_and_consortia	Female_NS1	0.0959505170143423	0.221367669318266	85	85	0.665816583467365	0.903984175577239
ko.K01026	Sex_and_consortia	Female_NS1	0.0649639033771054	0.0587424595621892	85	85	0.271960491715179	0.903984175577239
ko.K19709	Sex_and_consortia	Female_NS1	0.0959505170143423	0.221367669318266	85	85	0.665816583467365	0.903984175577239
ko.K02614	Sex_and_consortia	Female_NS1	-0.0347473743400345	0.0357332421700307	85	85	0.333671865012823	0.903984175577239
ko.K12146	Sex_and_consortia	Female_NS1	0.0959505170143423	0.221367669318266	85	85	0.665816583467365	0.903984175577239
ko.K11744	Sex_and_consortia	Female_NS1	0.11099601695784	0.0865014102980758	85	85	0.203003874645701	0.903984175577239
ko.K15836	Sex_and_consortia	Female_NS1	0.0959505170143423	0.221367669318266	85	85	0.665816583467365	0.903984175577239
ko.K01991	Sex_and_consortia	Female_NS1	-0.01693839813954	0.0243455615703747	85	85	0.488529651470374	0.903984175577239
ko.K01104	Sex_and_consortia	Female_NS1	0.0225108734942811	0.019621432418723	85	85	0.254570715882716	0.903984175577239
ko.K04653	Sex_and_consortia	Female_NS1	0.0975410442879724	0.080461889783317	85	85	0.228850877705863	0.903984175577239
ko.K20945	Sex_and_consortia	Female_NS1	0.0959505170143423	0.221367669318266	85	85	0.665816583467365	0.903984175577239
ko.K16692	Sex_and_consortia	Female_NS1	0.0445442483873016	0.0609806039755725	85	85	0.467162375761791	0.903984175577239
ko.K08323	Sex_and_consortia	Female_NS1	0.075847455622095	0.0681560769011817	85	85	0.268985775581924	0.903984175577239
ko.K22131	Sex_and_consortia	Female_NS1	0.0959505170143423	0.221367669318266	85	85	0.665816583467365	0.903984175577239
ko.K14059	Sex_and_consortia	Female_NS1	0.113748258129634	0.206090717522651	85	85	0.582477380572532	0.903984175577239
ko.K12974	Sex_and_consortia	Female_NS1	0.0959505170143423	0.221367669318266	85	85	0.665816583467365	0.903984175577239
ko.K15974	Sex_and_consortia	Female_NS1	0.0959505170143423	0.221367669318266	85	85	0.665816583467365	0.903984175577239
ko.K06183	Sex_and_consortia	Female_NS1	0.0701210886750096	0.0573907525194544	85	85	0.225235041404951	0.903984175577239
ko.K07348	Sex_and_consortia	Female_NS1	0.0959505170143423	0.221367669318266	85	85	0.665816583467365	0.903984175577239
ko.K22014	Sex_and_consortia	Female_NS1	0.0959505170143423	0.221367669318266	85	85	0.665816583467365	0.903984175577239
ko.K00249	Sex_and_consortia	Female_NS1	0.0959505170143423	0.221367669318266	85	85	0.665816583467365	0.903984175577239
ko.K00068	Sex_and_consortia	Female_NS1	0.0886426186254704	0.084939252714775	85	85	0.299700483220375	0.903984175577239
ko.K21021	Sex_and_consortia	Female_NS1	0.0959505170143423	0.221367669318266	85	85	0.665816583467365	0.903984175577239
ko.K03670	Sex_and_consortia	Female_NS1	0.0959505170143423	0.221367669318266	85	85	0.665816583467365	0.903984175577239
ko.K05844	Sex_and_consortia	Female_NS1	0.0959505170143423	0.221367669318266	85	85	0.665816583467365	0.903984175577239
ko.K19956	Sex_and_consortia	Female_NS1	0.0959505170143423	0.221367669318266	85	85	0.665816583467365	0.903984175577239
ko.K11904	Sex_and_consortia	Female_NS1	0.103998900140726	0.0940078657892583	85	85	0.271802073252248	0.903984175577239
ko.K07644	Sex_and_consortia	Female_NS1	0.0959505170143423	0.221367669318266	85	85	0.665816583467365	0.903984175577239
ko.K04117	Sex_and_consortia	Female_NS1	0.0959505170143423	0.221367669318266	85	85	0.665816583467365	0.903984175577239
ko.K01638	Sex_and_consortia	Female_NS1	0.0959505170143423	0.221367669318266	85	85	0.665816583467365	0.903984175577239
ko.K12943	Sex_and_consortia	Female_NS1	0.0959505170143423	0.221367669318266	85	85	0.665816583467365	0.903984175577239
ko.K10906	Sex_and_consortia	Female_NS1	0.0438628482305503	0.0608318080363387	85	85	0.472904146819458	0.903984175577239
ko.K12136	Sex_and_consortia	Female_NS1	0.119611868889414	0.198152141123873	85	85	0.5477315344851	0.903984175577239
ko.K15827	Sex_and_consortia	Female_NS1	0.0959505170143423	0.221367669318266	85	85	0.665816583467365	0.903984175577239
ko.K03449	Sex_and_consortia	Female_NS1	0.104827923196262	0.0860740446472096	85	85	0.22672019323946	0.903984175577239
ko.K02755	Sex_and_consortia	Female_NS1	-0.0843276844351241	0.0803687127263479	85	85	0.297104075111602	0.903984175577239
ko.K11717	Sex_and_consortia	Female_NS1	0.00791563394840639	0.0120852897897858	85	85	0.514291200128162	0.903984175577239
ko.K02756	Sex_and_consortia	Female_NS1	-0.0843276844351241	0.0803687127263479	85	85	0.297104075111602	0.903984175577239
ko.K02757	Sex_and_consortia	Female_NS1	-0.0843276844351241	0.0803687127263479	85	85	0.297104075111602	0.903984175577239
ko.K02426	Sex_and_consortia	Female_NS1	0.0102287618455881	0.0163356420645444	85	85	0.532926807060401	0.903984175577239
ko.K07459	Sex_and_consortia	Female_NS1	0.0606469564807435	0.0609310011921179	85	85	0.322464734852243	0.903984175577239
ko.K03468	Sex_and_consortia	Female_NS1	0.0959505170143423	0.221367669318266	85	85	0.665816583467365	0.903984175577239
ko.K05796	Sex_and_consortia	Female_NS1	0.119611868889414	0.198152141123873	85	85	0.5477315344851	0.903984175577239
ko.K02363	Sex_and_consortia	Female_NS1	0.0880063769227968	0.0858116275235106	85	85	0.308071034194514	0.903984175577239
ko.K13888	Sex_and_consortia	Female_NS1	0.104394624880441	0.211603056359442	85	85	0.623067318067746	0.903984175577239
ko.K06078	Sex_and_consortia	Female_NS1	0.0959505170143423	0.221367669318266	85	85	0.665816583467365	0.903984175577239
ko.K05685	Sex_and_consortia	Female_NS1	0.0959505170143423	0.221367669318266	85	85	0.665816583467365	0.903984175577239
ko.K04020	Sex_and_consortia	Female_NS1	0.0959505170143423	0.221367669318266	85	85	0.665816583467365	0.903984175577239
ko.K00625	Sex_and_consortia	Female_NS1	-0.0136805050548754	0.0214124781320237	85	85	0.524645014724394	0.903984175577239
ko.K00615	Sex_and_consortia	Female_NS1	-0.0116980609501471	0.0169316487110827	85	85	0.491556715475557	0.903984175577239
ko.K06217	Sex_and_consortia	Female_NS1	-0.0385459452827319	0.0271699744866564	85	85	0.159731748647718	0.903984175577239
ko.K19303	Sex_and_consortia	Female_NS1	0.0959505170143423	0.221367669318266	85	85	0.665816583467365	0.903984175577239
ko.K01183	Sex_and_consortia	Female_NS1	-0.0348554543165842	0.0260946228052749	85	85	0.185287720797544	0.903984175577239
ko.K00027	Sex_and_consortia	Female_NS1	-0.0340098832515003	0.0277580977843403	85	85	0.223956468392915	0.903984175577239
ko.K02783	Sex_and_consortia	Female_NS1	0.0959505170143423	0.221367669318266	85	85	0.665816583467365	0.903984175577239
ko.K01766	Sex_and_consortia	Female_NS1	0.0959505170143423	0.221367669318266	85	85	0.665816583467365	0.903984175577239
ko.K00868	Sex_and_consortia	Female_NS1	-0.035446811077295	0.0299973607816083	85	85	0.24071352318569	0.903984175577239
ko.K03719	Sex_and_consortia	Female_NS1	0.0303680177540481	0.0599390299423991	85	85	0.613744798546041	0.903984175577239
ko.K01085	Sex_and_consortia	Female_NS1	0.0959505170143423	0.221367669318266	85	85	0.665816583467365	0.903984175577239
ko.K04045	Sex_and_consortia	Female_NS1	0.0875528378374494	0.0857903386932136	85	85	0.310435884806317	0.903984175577239
ko.K01011	Sex_and_consortia	Female_NS1	0.0508978888462358	0.073593404932639	85	85	0.491112752680979	0.903984175577239
ko.K07274	Sex_and_consortia	Female_NS1	0.0959505170143423	0.221367669318266	85	85	0.665816583467365	0.903984175577239
ko.K13520	Sex_and_consortia	Female_NS1	0.0959505170143423	0.221367669318266	85	85	0.665816583467365	0.903984175577239
ko.K15829	Sex_and_consortia	Female_NS1	0.0959505170143423	0.221367669318266	85	85	0.665816583467365	0.903984175577239
ko.K12142	Sex_and_consortia	Female_NS1	0.0959505170143423	0.221367669318266	85	85	0.665816583467365	0.903984175577239
ko.K14090	Sex_and_consortia	Female_NS1	0.0920891762820853	0.0832398120429163	85	85	0.271787889381685	0.903984175577239
ko.K15830	Sex_and_consortia	Female_NS1	0.113748258129634	0.206090717522651	85	85	0.582477380572532	0.903984175577239
ko.K12143	Sex_and_consortia	Female_NS1	0.119611868889414	0.198152141123873	85	85	0.5477315344851	0.903984175577239
ko.K05997	Sex_and_consortia	Female_NS1	0.0959505170143423	0.221367669318266	85	85	0.665816583467365	0.903984175577239
ko.K14088	Sex_and_consortia	Female_NS1	0.0920891762820853	0.0832398120429163	85	85	0.271787889381685	0.903984175577239
ko.K01355	Sex_and_consortia	Female_NS1	0.0959505170143423	0.221367669318266	85	85	0.665816583467365	0.903984175577239
ko.K05922	Sex_and_consortia	Female_NS1	0.0959505170143423	0.221367669318266	85	85	0.665816583467365	0.903984175577239
ko.K07085	Sex_and_consortia	Female_NS1	-0.038985340871474	0.0273366011973802	85	85	0.157583485985049	0.903984175577239
ko.K03522	Sex_and_consortia	Female_NS1	-0.0357952922270912	0.0263098433089063	85	85	0.177346078082395	0.903984175577239
ko.K03366	Sex_and_consortia	Female_NS1	0.0982795117374248	0.221038912709634	85	85	0.657747763059679	0.903984175577239
ko.K02760	Sex_and_consortia	Female_NS1	-0.074944294049485	0.0828580414015934	85	85	0.368353391751752	0.903984175577239
ko.K16370	Sex_and_consortia	Female_NS1	0.0959505170143423	0.221367669318266	85	85	0.665816583467365	0.903984175577239
ko.K16322	Sex_and_consortia	Female_NS1	0.0959505170143423	0.221367669318266	85	85	0.665816583467365	0.903984175577239
ko.K03306	Sex_and_consortia	Female_NS1	0.0384822945957405	0.0303428395656319	85	85	0.208254677205653	0.903984175577239
ko.K01840	Sex_and_consortia	Female_NS1	-0.0353980284271576	0.0269258139709761	85	85	0.192248562804465	0.903984175577239
ko.K06205	Sex_and_consortia	Female_NS1	0.0959505170143423	0.221367669318266	85	85	0.665816583467365	0.903984175577239
ko.K09016	Sex_and_consortia	Female_NS1	0.0959505170143423	0.221367669318266	85	85	0.665816583467365	0.903984175577239
ko.K01706	Sex_and_consortia	Female_NS1	0.0828830543705647	0.0956982622605682	85	85	0.388938953671658	0.903984175577239
ko.K16135	Sex_and_consortia	Female_NS1	0.0959505170143423	0.221367669318266	85	85	0.665816583467365	0.903984175577239
ko.K00951	Sex_and_consortia	Female_NS1	-0.0515863396665724	0.0283650088471084	85	85	0.0725700458437665	0.903984175577239
ko.K03111	Sex_and_consortia	Female_NS1	-0.0281307173622359	0.0200929332927462	85	85	0.165231130848078	0.903984175577239
ko.K01999	Sex_and_consortia	Female_NS1	0.0459495777187064	0.0692027180335966	85	85	0.508540115586106	0.903984175577239
ko.K12528	Sex_and_consortia	Female_NS1	0.0959505170143423	0.221367669318266	85	85	0.665816583467365	0.903984175577239
ko.K12262	Sex_and_consortia	Female_NS1	0.0959505170143423	0.221367669318266	85	85	0.665816583467365	0.903984175577239
ko.K19270	Sex_and_consortia	Female_NS1	0.0959505170143423	0.221367669318266	85	85	0.665816583467365	0.903984175577239
ko.K00971	Sex_and_consortia	Female_NS1	-0.0131064479271401	0.012423052903213	85	85	0.294482022159565	0.903984175577239
ko.K18800	Sex_and_consortia	Female_NS1	0.0959505170143423	0.221367669318266	85	85	0.665816583467365	0.903984175577239
ko.K07112	Sex_and_consortia	Female_NS1	0.0666610031687019	0.0758198671278101	85	85	0.381829932373883	0.903984175577239
ko.K01176	Sex_and_consortia	Female_NS1	0.0638174796223081	0.0599014360696194	85	85	0.289795781742899	0.903984175577239
ko.K02759	Sex_and_consortia	Female_NS1	-0.0410352261565973	0.0805041077043965	85	85	0.611594498431427	0.903984175577239
ko.K02761	Sex_and_consortia	Female_NS1	-0.0991090153654756	0.0850624254878882	85	85	0.247302937543456	0.903984175577239
ko.K18652	Sex_and_consortia	Female_NS1	0.0959505170143423	0.221367669318266	85	85	0.665816583467365	0.903984175577239
ko.K00855	Sex_and_consortia	Female_NS1	0.0880063769227968	0.0858116275235106	85	85	0.308071034194514	0.903984175577239
ko.K08314	Sex_and_consortia	Female_NS1	-0.0452327406341696	0.0360173190005985	85	85	0.212690176986708	0.903984175577239
ko.K01628	Sex_and_consortia	Female_NS1	0.0614220812346546	0.0701378165366979	85	85	0.383701930056183	0.903984175577239
ko.K03451	Sex_and_consortia	Female_NS1	0.0955739266489718	0.0836230396174854	85	85	0.256360407119021	0.903984175577239
ko.K08313	Sex_and_consortia	Female_NS1	0.0959505170143423	0.221367669318266	85	85	0.665816583467365	0.903984175577239
ko.K21029	Sex_and_consortia	Female_NS1	-0.0431522211888903	0.0468114146966154	85	85	0.359288467810834	0.903984175577239
ko.K15550	Sex_and_consortia	Female_NS1	0.0959505170143423	0.221367669318266	85	85	0.665816583467365	0.903984175577239
ko.K05245	Sex_and_consortia	Female_NS1	0.0959505170143423	0.221367669318266	85	85	0.665816583467365	0.903984175577239
ko.K01775	Sex_and_consortia	Female_NS1	0.0364041077318984	0.0253540739177918	85	85	0.154809272120291	0.903984175577239
ko.K01689	Sex_and_consortia	Female_NS1	0.0128318744271147	0.0177988442158044	85	85	0.47297303741108	0.903984175577239
ko.K07350	Sex_and_consortia	Female_NS1	0.0959505170143423	0.221367669318266	85	85	0.665816583467365	0.903984175577239
ko.K07387	Sex_and_consortia	Female_NS1	-0.0449335767984737	0.0356271417059293	85	85	0.210763881971762	0.903984175577239
ko.K12149	Sex_and_consortia	Female_NS1	0.0959505170143423	0.221367669318266	85	85	0.665816583467365	0.903984175577239
ko.K11914	Sex_and_consortia	Female_NS1	0.0959505170143423	0.221367669318266	85	85	0.665816583467365	0.903984175577239
ko.K18922	Sex_and_consortia	Female_NS1	0.0959505170143423	0.221367669318266	85	85	0.665816583467365	0.903984175577239
ko.K21757	Sex_and_consortia	Female_NS1	0.0959505170143423	0.221367669318266	85	85	0.665816583467365	0.903984175577239
ko.K11537	Sex_and_consortia	Female_NS1	0.0113793956891528	0.02569853741809	85	85	0.659059957187327	0.903984175577239
ko.K03497	Sex_and_consortia	Female_NS1	-0.0286946878307578	0.0263333242302663	85	85	0.279011233450807	0.903984175577239
ko.K11085	Sex_and_consortia	Female_NS1	0.0321935413669232	0.0283428105459886	85	85	0.259283210032227	0.903984175577239
ko.K03289	Sex_and_consortia	Female_NS1	0.0113793956891528	0.02569853741809	85	85	0.659059957187327	0.903984175577239
ko.K02688	Sex_and_consortia	Female_NS1	0.0671514662295026	0.0677701063858814	85	85	0.324628248315068	0.903984175577239
ko.K12975	Sex_and_consortia	Female_NS1	0.0959505170143423	0.221367669318266	85	85	0.665816583467365	0.903984175577239
ko.K08138	Sex_and_consortia	Female_NS1	-0.0406721548543434	0.0298330838834852	85	85	0.176467204210314	0.903984175577239
ko.K21742	Sex_and_consortia	Female_NS1	0.0959505170143423	0.221367669318266	85	85	0.665816583467365	0.903984175577239
ko.K00286	Sex_and_consortia	Female_NS1	0.00854881074298903	0.0120674646226697	85	85	0.480670521329619	0.903984175577239
ko.K13694	Sex_and_consortia	Female_NS1	-0.0438564958242203	0.0387263649539605	85	85	0.260697353712218	0.903984175577239
ko.K01993	Sex_and_consortia	Female_NS1	-0.026411954704995	0.020556935456477	85	85	0.202429417237507	0.903984175577239
ko.K02679	Sex_and_consortia	Female_NS1	0.0959505170143423	0.221367669318266	85	85	0.665816583467365	0.903984175577239
ko.K20861	Sex_and_consortia	Female_NS1	0.0959505170143423	0.221367669318266	85	85	0.665816583467365	0.903984175577239
ko.K07402	Sex_and_consortia	Female_NS1	0.0825328336760652	0.0632185208043097	85	85	0.195324211862724	0.903984175577239
ko.K06006	Sex_and_consortia	Female_NS1	0.0959505170143423	0.221367669318266	85	85	0.665816583467365	0.903984175577239
ko.K07757	Sex_and_consortia	Female_NS1	0.0959505170143423	0.221367669318266	85	85	0.665816583467365	0.903984175577239
ko.K08225	Sex_and_consortia	Female_NS1	0.0959505170143437	0.221367669318266	85	85	0.665816583467361	0.903984175577239
ko.K15460	Sex_and_consortia	Female_NS1	-0.044993124969426	0.0270813390846101	85	85	0.100404644992762	0.903984175577239
ko.K08682	Sex_and_consortia	Female_NS1	0.0959505170143437	0.221367669318266	85	85	0.665816583467361	0.903984175577239
ko.K01252	Sex_and_consortia	Female_NS1	0.0959505170143437	0.221367669318266	85	85	0.665816583467361	0.903984175577239
ko.K05964	Sex_and_consortia	Female_NS1	-0.168476978578274	0.197917559370482	85	85	0.397080741202387	0.903984175577239
ko.K12238	Sex_and_consortia	Female_NS1	0.0959505170143437	0.221367669318266	85	85	0.665816583467361	0.903984175577239
ko.K07568	Sex_and_consortia	Female_NS1	-0.0189877652928334	0.0105766124792409	85	85	0.0762521936844989	0.903984175577239
ko.K03072	Sex_and_consortia	Female_NS1	-0.0486996815622791	0.0284253652041196	85	85	0.0904000929665824	0.903984175577239
ko.K00216	Sex_and_consortia	Female_NS1	0.0959505170143437	0.221367669318266	85	85	0.665816583467361	0.903984175577239
ko.K13930	Sex_and_consortia	Female_NS1	-0.184709903542479	0.158203967280004	85	85	0.24633436234941	0.903984175577239
ko.K05590	Sex_and_consortia	Female_NS1	0.0959505170143437	0.221367669318266	85	85	0.665816583467361	0.903984175577239
ko.K21575	Sex_and_consortia	Female_NS1	-0.0486444947804216	0.0478590598323391	85	85	0.312387228808921	0.903984175577239
ko.K11736	Sex_and_consortia	Female_NS1	0.0959505170143437	0.221367669318266	85	85	0.665816583467361	0.903984175577239
ko.K03386	Sex_and_consortia	Female_NS1	0.0111955532925116	0.0112753582053895	85	85	0.32363378653578	0.903984175577239
ko.K06140	Sex_and_consortia	Female_NS1	0.0959505170143437	0.221367669318266	85	85	0.665816583467361	0.903984175577239
ko.K09913	Sex_and_consortia	Female_NS1	0.0959505170143437	0.221367669318266	85	85	0.665816583467361	0.903984175577239
ko.K11932	Sex_and_consortia	Female_NS1	0.0959505170143437	0.221367669318266	85	85	0.665816583467361	0.903984175577239
ko.K03387	Sex_and_consortia	Female_NS1	-0.0520623981311214	0.0366460262239276	85	85	0.159154763470891	0.903984175577239
ko.K14591	Sex_and_consortia	Female_NS1	0.0906859068109233	0.0832240406184098	85	85	0.279016526146827	0.903984175577239
ko.K18968	Sex_and_consortia	Female_NS1	0.0959505170143437	0.221367669318266	85	85	0.665816583467361	0.903984175577239
ko.K01077	Sex_and_consortia	Female_NS1	-0.016719210045589	0.0266515882105141	85	85	0.532168152166244	0.903984175577239
ko.K08317	Sex_and_consortia	Female_NS1	-0.148469456229228	0.194307950139992	85	85	0.446978250620454	0.903984175577239
ko.K03597	Sex_and_consortia	Female_NS1	0.0959505170143437	0.221367669318266	85	85	0.665816583467361	0.903984175577239
ko.K03598	Sex_and_consortia	Female_NS1	0.0959505170143437	0.221367669318266	85	85	0.665816583467361	0.903984175577239
ko.K17938	Sex_and_consortia	Female_NS1	0.0959505170143437	0.221367669318266	85	85	0.665816583467361	0.903984175577239
ko.K18988	Sex_and_consortia	Female_NS1	0.0959505170143437	0.221367669318266	85	85	0.665816583467361	0.903984175577239
ko.K03554	Sex_and_consortia	Female_NS1	0.0959505170143437	0.221367669318266	85	85	0.665816583467361	0.903984175577239
ko.K01914	Sex_and_consortia	Female_NS1	-0.0376485309136005	0.0307806939443432	85	85	0.224745183860464	0.903984175577239
ko.K01166	Sex_and_consortia	Female_NS1	0.0959505170143437	0.221367669318266	85	85	0.665816583467361	0.903984175577239
ko.K03311	Sex_and_consortia	Female_NS1	-0.116565843394471	0.0884456273190943	85	85	0.191150402955112	0.903984175577239
ko.K02110	Sex_and_consortia	Female_NS1	-0.0450875347247839	0.0282577623124161	85	85	0.114383334396783	0.903984175577239
ko.K03546	Sex_and_consortia	Female_NS1	-0.0521679493137333	0.0279601277570391	85	85	0.0656022614709811	0.903984175577239
ko.K02116	Sex_and_consortia	Female_NS1	0.096569718572722	0.221178703701787	85	85	0.663525028724731	0.903984175577239
ko.K03501	Sex_and_consortia	Female_NS1	-0.0510175467264103	0.0311280250346828	85	85	0.105007201241016	0.903984175577239
ko.K05966	Sex_and_consortia	Female_NS1	-0.0768343269712042	0.0765599067416373	85	85	0.31849587378453	0.903984175577239
ko.K08156	Sex_and_consortia	Female_NS1	-0.0512234942739048	0.0407243619638718	85	85	0.211987897208936	0.903984175577239
ko.K09477	Sex_and_consortia	Female_NS1	0.0959505170143437	0.221367669318266	85	85	0.665816583467361	0.903984175577239
ko.K01169	Sex_and_consortia	Female_NS1	0.0959505170143437	0.221367669318266	85	85	0.665816583467361	0.903984175577239
ko.K03718	Sex_and_consortia	Female_NS1	-0.0555654037366027	0.0354959004402575	85	85	0.12129325798712	0.903984175577239
ko.K08218	Sex_and_consortia	Female_NS1	-0.0177810904483996	0.0176787862267313	85	85	0.317441369808207	0.903984175577239
ko.K02364	Sex_and_consortia	Female_NS1	0.0959505170143437	0.221367669318266	85	85	0.665816583467361	0.903984175577239
ko.K09181	Sex_and_consortia	Female_NS1	-0.0577148243221359	0.0455061774984549	85	85	0.208241935284076	0.903984175577239
ko.K03269	Sex_and_consortia	Female_NS1	-0.0556165539647323	0.0442989503244981	85	85	0.212826742581348	0.903984175577239
ko.K00998	Sex_and_consortia	Female_NS1	0.0959505170143437	0.221367669318266	85	85	0.665816583467361	0.903984175577239
ko.K01491	Sex_and_consortia	Female_NS1	0.00560905393196081	0.0104512524774895	85	85	0.592919348558643	0.903984175577239
ko.K00892	Sex_and_consortia	Female_NS1	0.0959505170143437	0.221367669318266	85	85	0.665816583467361	0.903984175577239
ko.K00939	Sex_and_consortia	Female_NS1	0.0269568381870523	0.0308326866004654	85	85	0.384480858983501	0.903984175577239
ko.K07352	Sex_and_consortia	Female_NS1	0.0959505170143437	0.221367669318266	85	85	0.665816583467361	0.903984175577239
ko.K04079	Sex_and_consortia	Female_NS1	0.00719168541989666	0.0123480988717936	85	85	0.561867794540926	0.903984175577239
ko.K09747	Sex_and_consortia	Female_NS1	0.0810853041335298	0.0621480766213724	85	85	0.19559713586995	0.903984175577239
ko.K00759	Sex_and_consortia	Female_NS1	0.0335752045511887	0.0304938776134203	85	85	0.274058909290415	0.903984175577239
ko.K09790	Sex_and_consortia	Female_NS1	-0.0495624735415755	0.0377839963839055	85	85	0.193227327534129	0.903984175577239
ko.K04067	Sex_and_consortia	Female_NS1	0.0959505170143437	0.221367669318266	85	85	0.665816583467361	0.903984175577239
ko.K07354	Sex_and_consortia	Female_NS1	0.0959505170143437	0.221367669318266	85	85	0.665816583467361	0.903984175577239
ko.K19162	Sex_and_consortia	Female_NS1	0.0959505170143437	0.221367669318266	85	85	0.665816583467361	0.903984175577239
ko.K05839	Sex_and_consortia	Female_NS1	0.0959505170143437	0.221367669318266	85	85	0.665816583467361	0.903984175577239
ko.K00661	Sex_and_consortia	Female_NS1	-0.0153065798833321	0.0120291150049307	85	85	0.20676254411401	0.903984175577239
ko.K07443	Sex_and_consortia	Female_NS1	-0.0327189707292551	0.0311167068301912	85	85	0.296084417646935	0.903984175577239
ko.K09914	Sex_and_consortia	Female_NS1	0.108788688272739	0.0900247662573874	85	85	0.23031327395024	0.903984175577239
ko.K10805	Sex_and_consortia	Female_NS1	0.120983159669964	0.187647248410245	85	85	0.520875560040601	0.903984175577239
ko.K01589	Sex_and_consortia	Female_NS1	-0.126042678291804	0.101367249810201	85	85	0.217211613120426	0.903984175577239
ko.K08223	Sex_and_consortia	Female_NS1	-0.0592296107751455	0.0493065801617965	85	85	0.233070275926948	0.903984175577239
ko.K03803	Sex_and_consortia	Female_NS1	-0.048641330583912	0.0346459432202418	85	85	0.164063102288718	0.903984175577239
ko.K02069	Sex_and_consortia	Female_NS1	-0.0649604883180377	0.043204374009873	85	85	0.136489632036233	0.903984175577239
ko.K02068	Sex_and_consortia	Female_NS1	-0.0566048015802138	0.0442239283457838	85	85	0.204125637322092	0.903984175577239
ko.K05838	Sex_and_consortia	Female_NS1	0.120983159669964	0.187647248410245	85	85	0.520875560040601	0.903984175577239
ko.K05812	Sex_and_consortia	Female_NS1	0.0959505170143437	0.221367669318266	85	85	0.665816583467361	0.903984175577239
ko.K10804	Sex_and_consortia	Female_NS1	0.0624404225703162	0.0941364621893844	85	85	0.508978502965266	0.903984175577239
ko.K02003	Sex_and_consortia	Female_NS1	-0.0156909745707327	0.0158184790431291	85	85	0.324110064156291	0.903984175577239
ko.K02004	Sex_and_consortia	Female_NS1	-0.0457548392753024	0.029378105080392	85	85	0.123169460806376	0.903984175577239
ko.K10972	Sex_and_consortia	Female_NS1	0.0959505170143437	0.221367669318266	85	85	0.665816583467361	0.903984175577239
ko.K01483	Sex_and_consortia	Female_NS1	0.0959505170143437	0.221367669318266	85	85	0.665816583467361	0.903984175577239
ko.K10973	Sex_and_consortia	Female_NS1	0.0959505170143437	0.221367669318266	85	85	0.665816583467361	0.903984175577239
ko.K01608	Sex_and_consortia	Female_NS1	0.0959505170143437	0.221367669318266	85	85	0.665816583467361	0.903984175577239
ko.K09973	Sex_and_consortia	Female_NS1	-0.0511131527434849	0.0677089879743469	85	85	0.452448919903638	0.903984175577239
ko.K03457	Sex_and_consortia	Female_NS1	0.0641359126781012	0.0658906685691575	85	85	0.333198371011121	0.903984175577239
ko.K10975	Sex_and_consortia	Female_NS1	0.0959505170143437	0.221367669318266	85	85	0.665816583467361	0.903984175577239
ko.K03672	Sex_and_consortia	Female_NS1	0.108788688272739	0.0900247662573874	85	85	0.23031327395024	0.903984175577239
ko.K01466	Sex_and_consortia	Female_NS1	0.0539006867772112	0.0644755022843966	85	85	0.40556242708616	0.903984175577239
ko.K14977	Sex_and_consortia	Female_NS1	0.0573928612461036	0.0658222204546633	85	85	0.385757786426769	0.903984175577239
ko.K02083	Sex_and_consortia	Female_NS1	0.0750515430801682	0.0777270040008631	85	85	0.337060039038448	0.903984175577239
ko.K00073	Sex_and_consortia	Female_NS1	0.0906859068109233	0.0832240406184098	85	85	0.279016526146827	0.903984175577239
ko.K02381	Sex_and_consortia	Female_NS1	0.0724291706486822	0.0727930744989123	85	85	0.322627827405954	0.903984175577239
ko.K03320	Sex_and_consortia	Female_NS1	-0.0377422867537914	0.0376130428188604	85	85	0.318566932419371	0.903984175577239
ko.K07810	Sex_and_consortia	Female_NS1	0.0959505170143437	0.221367669318266	85	85	0.665816583467361	0.903984175577239
ko.K02300	Sex_and_consortia	Female_NS1	0.0959505170143437	0.221367669318266	85	85	0.665816583467361	0.903984175577239
ko.K16053	Sex_and_consortia	Female_NS1	-0.0550249697799722	0.0360167037373273	85	85	0.130373615588514	0.903984175577239
ko.K10679	Sex_and_consortia	Female_NS1	0.102480668297351	0.0894883435897974	85	85	0.255424125178771	0.903984175577239
ko.K11249	Sex_and_consortia	Female_NS1	0.0667397531709849	0.144885424951524	85	85	0.646262901818365	0.903984175577239
ko.K02257	Sex_and_consortia	Female_NS1	0.0982795117374262	0.221038912709634	85	85	0.657747763059675	0.903984175577239
ko.K09767	Sex_and_consortia	Female_NS1	-0.0983795728825367	0.171098618692696	85	85	0.566855127276987	0.903984175577239
ko.K06048	Sex_and_consortia	Female_NS1	0.121018249107135	0.187646646817851	85	85	0.520753635665854	0.903984175577239
ko.K02362	Sex_and_consortia	Female_NS1	-0.0497460369304143	0.0514531686576059	85	85	0.336441947649291	0.903984175577239
ko.K03152	Sex_and_consortia	Female_NS1	0.0110539708552088	0.00992211833309566	85	85	0.26846334142963	0.903984175577239
ko.K01662	Sex_and_consortia	Female_NS1	-0.0168023893760718	0.0124126430378286	85	85	0.179522479872121	0.903984175577239
ko.K01095	Sex_and_consortia	Female_NS1	-0.0604576268859681	0.0467164435938387	85	85	0.199206329698384	0.903984175577239
ko.K05375	Sex_and_consortia	Female_NS1	0.0959505170143437	0.221367669318266	85	85	0.665816583467361	0.903984175577239
ko.K01498	Sex_and_consortia	Female_NS1	0.0959505170143437	0.221367669318266	85	85	0.665816583467361	0.903984175577239
ko.K07738	Sex_and_consortia	Female_NS1	0.0812419753102813	0.0619632066734552	85	85	0.193428810837787	0.903984175577239
ko.K05517	Sex_and_consortia	Female_NS1	0.0959505170143437	0.221367669318266	85	85	0.665816583467361	0.903984175577239
ko.K02299	Sex_and_consortia	Female_NS1	0.0959505170143437	0.221367669318266	85	85	0.665816583467361	0.903984175577239
ko.K18104	Sex_and_consortia	Female_NS1	0.100470519681342	0.220748164643195	85	85	0.650199454754121	0.903984175577239
ko.K02298	Sex_and_consortia	Female_NS1	0.0959505170143437	0.221367669318266	85	85	0.665816583467361	0.903984175577239
ko.K07356	Sex_and_consortia	Female_NS1	0.0959505170143437	0.221367669318266	85	85	0.665816583467361	0.903984175577239
ko.K11938	Sex_and_consortia	Female_NS1	0.0959505170143437	0.221367669318266	85	85	0.665816583467361	0.903984175577239
ko.K12500	Sex_and_consortia	Female_NS1	0.0959505170143437	0.221367669318266	85	85	0.665816583467361	0.903984175577239
ko.K07355	Sex_and_consortia	Female_NS1	0.0959505170143437	0.221367669318266	85	85	0.665816583467361	0.903984175577239
ko.K07688	Sex_and_consortia	Female_NS1	0.0959505170143437	0.221367669318266	85	85	0.665816583467361	0.903984175577239
ko.K03770	Sex_and_consortia	Female_NS1	0.0289900634942296	0.0356960019415745	85	85	0.419035888562128	0.903984175577239
ko.K03214	Sex_and_consortia	Female_NS1	0.0959505170143437	0.221367669318266	85	85	0.665816583467361	0.903984175577239
ko.K03761	Sex_and_consortia	Female_NS1	0.0959505170143437	0.221367669318266	85	85	0.665816583467361	0.903984175577239
ko.K01338	Sex_and_consortia	Female_NS1	-0.0365935246798221	0.0280950190268108	85	85	0.196350956744957	0.903984175577239
ko.K03544	Sex_and_consortia	Female_NS1	0.00692320780994632	0.0105338265437452	85	85	0.512847759428191	0.903984175577239
ko.K01358	Sex_and_consortia	Female_NS1	-0.00672578328491364	0.0123626887593495	85	85	0.587873222157111	0.903984175577239
ko.K02625	Sex_and_consortia	Female_NS1	0.0959505170143437	0.221367669318266	85	85	0.665816583467361	0.903984175577239
ko.K07796	Sex_and_consortia	Female_NS1	0.0959505170143437	0.221367669318266	85	85	0.665816583467361	0.903984175577239
ko.K07286	Sex_and_consortia	Female_NS1	0.0959505170143437	0.221367669318266	85	85	0.665816583467361	0.903984175577239
ko.K03648	Sex_and_consortia	Female_NS1	-0.0576914043994175	0.0366411698556906	85	85	0.119176917262599	0.903984175577239
ko.K08721	Sex_and_consortia	Female_NS1	0.0959505170143437	0.221367669318266	85	85	0.665816583467361	0.903984175577239
ko.K02297	Sex_and_consortia	Female_NS1	0.0959505170143437	0.221367669318266	85	85	0.665816583467361	0.903984175577239
ko.K06866	Sex_and_consortia	Female_NS1	0.0959505170143437	0.221367669318266	85	85	0.665816583467361	0.903984175577239
ko.K11751	Sex_and_consortia	Female_NS1	-0.031474577245482	0.0318959817799488	85	85	0.326614437753592	0.903984175577239
ko.K03274	Sex_and_consortia	Female_NS1	0.0229783702452439	0.0409897955752037	85	85	0.57658887091335	0.903984175577239
ko.K04042	Sex_and_consortia	Female_NS1	-0.0577684336877439	0.0809961651352011	85	85	0.477707541223138	0.903984175577239
ko.K09125	Sex_and_consortia	Female_NS1	-0.050218258108641	0.0375067874055424	85	85	0.184255129068995	0.903984175577239
ko.K15585	Sex_and_consortia	Female_NS1	0.0805063938940717	0.0640517638241162	85	85	0.212316992218234	0.903984175577239
ko.K04487	Sex_and_consortia	Female_NS1	0.0584529510389559	0.0469985885640669	85	85	0.217104961383158	0.903984175577239
ko.K15396	Sex_and_consortia	Female_NS1	0.0959505170143437	0.221367669318266	85	85	0.665816583467361	0.903984175577239
ko.K15584	Sex_and_consortia	Female_NS1	0.0762356618638237	0.0600721315792084	85	85	0.207963848191309	0.903984175577239
ko.K06133	Sex_and_consortia	Female_NS1	0.0560961860582165	0.0770245383740521	85	85	0.468485983626241	0.903984175577239
ko.K04085	Sex_and_consortia	Female_NS1	0.0801861623167191	0.0640924280141125	85	85	0.214412319643063	0.903984175577239
ko.K15587	Sex_and_consortia	Female_NS1	0.0795026437214315	0.0682014546891146	85	85	0.247073486731877	0.903984175577239
ko.K01534	Sex_and_consortia	Female_NS1	-0.0516792240440047	0.0265515317627515	85	85	0.0549930852606904	0.903984175577239
ko.K08993	Sex_and_consortia	Female_NS1	0.0959505170143437	0.221367669318266	85	85	0.665816583467361	0.903984175577239
ko.K08316	Sex_and_consortia	Female_NS1	-0.045061727787842	0.0259807191191546	85	85	0.0865543096453269	0.903984175577239
ko.K09812	Sex_and_consortia	Female_NS1	-0.0338388993808867	0.0271351571683313	85	85	0.215886669805364	0.903984175577239
ko.K09811	Sex_and_consortia	Female_NS1	-0.0357954084622187	0.0266818235949553	85	85	0.183396096563165	0.903984175577239
ko.K15586	Sex_and_consortia	Female_NS1	0.0762356618638237	0.0600721315792084	85	85	0.207963848191309	0.903984175577239
ko.K04488	Sex_and_consortia	Female_NS1	0.0776327925824965	0.0534131443612627	85	85	0.149872342333798	0.903984175577239
ko.K00383	Sex_and_consortia	Female_NS1	-0.244300148895526	0.193594040910234	85	85	0.210512318567251	0.903984175577239
ko.K21908	Sex_and_consortia	Female_NS1	0.0959505170143437	0.221367669318266	85	85	0.665816583467361	0.903984175577239
ko.K19777	Sex_and_consortia	Female_NS1	0.0959505170143437	0.221367669318266	85	85	0.665816583467361	0.903984175577239
ko.K19778	Sex_and_consortia	Female_NS1	0.0959505170143437	0.221367669318266	85	85	0.665816583467361	0.903984175577239
ko.K07507	Sex_and_consortia	Female_NS1	-0.0366812174975419	0.031435410218016	85	85	0.246602174665722	0.903984175577239
ko.K21901	Sex_and_consortia	Female_NS1	0.0959505170143437	0.221367669318266	85	85	0.665816583467361	0.903984175577239
ko.K03893	Sex_and_consortia	Female_NS1	0.0982795117374262	0.221038912709634	85	85	0.657747763059675	0.903984175577239
ko.K03892	Sex_and_consortia	Female_NS1	0.0391357399932893	0.0722442586574924	85	85	0.589466690137645	0.903984175577239
ko.K10824	Sex_and_consortia	Female_NS1	0.0832338431420137	0.0788885617416761	85	85	0.294449732408004	0.903984175577239
ko.K01414	Sex_and_consortia	Female_NS1	0.0432636917803924	0.0479499387995119	85	85	0.369525522599315	0.903984175577239
ko.K15984	Sex_and_consortia	Female_NS1	0.0693851017787542	0.0870107679384243	85	85	0.427476070433197	0.903984175577239
ko.K06149	Sex_and_consortia	Female_NS1	0.0959505170143437	0.221367669318266	85	85	0.665816583467361	0.903984175577239
ko.K06144	Sex_and_consortia	Female_NS1	0.0959505170143437	0.221367669318266	85	85	0.665816583467361	0.903984175577239
ko.K13926	Sex_and_consortia	Female_NS1	0.0959505170143437	0.221367669318266	85	85	0.665816583467361	0.903984175577239
ko.K05820	Sex_and_consortia	Female_NS1	0.0617664925935173	0.0732836117910611	85	85	0.401739224566309	0.903984175577239
ko.K01998	Sex_and_consortia	Female_NS1	0.0371744443200406	0.0725077064059447	85	85	0.609525457675648	0.903984175577239
ko.K18899	Sex_and_consortia	Female_NS1	0.0959505170143437	0.221367669318266	85	85	0.665816583467361	0.903984175577239
ko.K03268	Sex_and_consortia	Female_NS1	0.0959505170143437	0.221367669318266	85	85	0.665816583467361	0.903984175577239
ko.K02444	Sex_and_consortia	Female_NS1	-0.148469456229228	0.194307950139992	85	85	0.446978250620454	0.903984175577239
ko.K14414	Sex_and_consortia	Female_NS1	0.0959505170143437	0.221367669318266	85	85	0.665816583467361	0.903984175577239
ko.K01974	Sex_and_consortia	Female_NS1	0.0959505170143437	0.221367669318266	85	85	0.665816583467361	0.903984175577239
ko.K00705	Sex_and_consortia	Female_NS1	0.0099977925573437	0.0112858526798455	85	85	0.37824728307464	0.903984175577239
ko.K07400	Sex_and_consortia	Female_NS1	0.0959505170143437	0.221367669318266	85	85	0.665816583467361	0.903984175577239
ko.K02170	Sex_and_consortia	Female_NS1	0.0959505170143437	0.221367669318266	85	85	0.665816583467361	0.903984175577239
ko.K07490	Sex_and_consortia	Female_NS1	0.0959505170143437	0.221367669318266	85	85	0.665816583467361	0.903984175577239
ko.K02439	Sex_and_consortia	Female_NS1	0.0959505170143437	0.221367669318266	85	85	0.665816583467361	0.903984175577239
ko.K04759	Sex_and_consortia	Female_NS1	0.0322421748748736	0.0233789422216054	85	85	0.171565303326972	0.903984175577239
ko.K04758	Sex_and_consortia	Female_NS1	0.0805306710325855	0.0567180907451315	85	85	0.159399169097756	0.903984175577239
ko.K06959	Sex_and_consortia	Female_NS1	-0.0456780666334125	0.0261691807477151	85	85	0.0846001310825114	0.903984175577239
ko.K01610	Sex_and_consortia	Female_NS1	-0.0461343278698512	0.027533857107141	85	85	0.0975901139052678	0.903984175577239
ko.K02441	Sex_and_consortia	Female_NS1	0.0959505170143437	0.221367669318266	85	85	0.665816583467361	0.903984175577239
ko.K00703	Sex_and_consortia	Female_NS1	-0.0325942875007473	0.0291241668445593	85	85	0.266304884937764	0.903984175577239
ko.K01995	Sex_and_consortia	Female_NS1	0.0349359343071596	0.0681038110649155	85	85	0.609327547189073	0.903984175577239
ko.K05813	Sex_and_consortia	Female_NS1	0.0598946122251841	0.0733934030285444	85	85	0.416792474350259	0.903984175577239
ko.K05817	Sex_and_consortia	Female_NS1	0.0959505170143437	0.221367669318266	85	85	0.665816583467361	0.903984175577239
ko.K08689	Sex_and_consortia	Female_NS1	0.0959505170143437	0.221367669318266	85	85	0.665816583467361	0.903984175577239
ko.K05814	Sex_and_consortia	Female_NS1	0.0532916891900519	0.0719769331843256	85	85	0.461146945971714	0.903984175577239
ko.K05815	Sex_and_consortia	Female_NS1	0.0558449831607319	0.0744719135112363	85	85	0.455447442945341	0.903984175577239
ko.K05816	Sex_and_consortia	Female_NS1	0.0906859068109233	0.0832240406184098	85	85	0.279016526146827	0.903984175577239
ko.K03825	Sex_and_consortia	Female_NS1	0.0658587619252742	0.0674321317263758	85	85	0.331571924730786	0.903984175577239
ko.K05708	Sex_and_consortia	Female_NS1	0.0959505170143437	0.221367669318266	85	85	0.665816583467361	0.903984175577239
ko.K06145	Sex_and_consortia	Female_NS1	0.0959505170143437	0.221367669318266	85	85	0.665816583467361	0.903984175577239
ko.K06156	Sex_and_consortia	Female_NS1	0.0897411370478443	0.0807820949953779	85	85	0.26981757922443	0.903984175577239
ko.K00700	Sex_and_consortia	Female_NS1	0.0110115597582805	0.0106008648900516	85	85	0.301941513779699	0.903984175577239
ko.K01200	Sex_and_consortia	Female_NS1	-0.0429278484947785	0.0279275455609808	85	85	0.128068776656446	0.903984175577239
ko.K01214	Sex_and_consortia	Female_NS1	0.0563742430696785	0.076493448817184	85	85	0.463211892625541	0.903984175577239
ko.K02438	Sex_and_consortia	Female_NS1	0.120983159669964	0.187647248410245	85	85	0.520875560040601	0.903984175577239
ko.K00975	Sex_and_consortia	Female_NS1	0.05491303588862	0.06909308439202	85	85	0.42901470601	0.903984175577239
ko.K18898	Sex_and_consortia	Female_NS1	0.0959505170143437	0.221367669318266	85	85	0.665816583467361	0.903984175577239
ko.K19696	Sex_and_consortia	Female_NS1	0.0959505170143437	0.221367669318266	85	85	0.665816583467361	0.903984175577239
ko.K00820	Sex_and_consortia	Female_NS1	-0.0418445018275816	0.0243588124532784	85	85	0.0895548945049575	0.903984175577239
ko.K12945	Sex_and_consortia	Female_NS1	0.0959505170143437	0.221367669318266	85	85	0.665816583467361	0.903984175577239
ko.K07054	Sex_and_consortia	Female_NS1	0.0959505170143437	0.221367669318266	85	85	0.665816583467361	0.903984175577239
ko.K06957	Sex_and_consortia	Female_NS1	0.0959505170143437	0.221367669318266	85	85	0.665816583467361	0.903984175577239
ko.K01439	Sex_and_consortia	Female_NS1	0.03834658859981	0.0732189086442712	85	85	0.601865324769271	0.903984175577239
ko.K18324	Sex_and_consortia	Female_NS1	0.0959505170143437	0.221367669318266	85	85	0.665816583467361	0.903984175577239
ko.K08077	Sex_and_consortia	Female_NS1	0.0959505170143437	0.221367669318266	85	85	0.665816583467361	0.903984175577239
ko.K18829	Sex_and_consortia	Female_NS1	0.0959505170143437	0.221367669318266	85	85	0.665816583467361	0.903984175577239
ko.K03526	Sex_and_consortia	Female_NS1	0.00769108188520178	0.0129437272013425	85	85	0.553998696342014	0.903984175577239
ko.K04031	Sex_and_consortia	Female_NS1	0.0501370572109294	0.065824118037882	85	85	0.448408613107534	0.903984175577239
ko.K04029	Sex_and_consortia	Female_NS1	0.0495663581027024	0.067915069294769	85	85	0.467549786865354	0.903984175577239
ko.K04030	Sex_and_consortia	Female_NS1	0.0559747272131275	0.0636841929309571	85	85	0.381970116778851	0.903984175577239
ko.K04032	Sex_and_consortia	Female_NS1	0.0534982169190999	0.0629163994672101	85	85	0.397601025946923	0.903984175577239
ko.K04027	Sex_and_consortia	Female_NS1	0.0466427222153351	0.0602945467292722	85	85	0.441376285158648	0.903984175577239
ko.K18828	Sex_and_consortia	Female_NS1	-0.0495494597872125	0.0875527060873668	85	85	0.572962422503899	0.903984175577239
ko.K04021	Sex_and_consortia	Female_NS1	0.0959505170143437	0.221367669318266	85	85	0.665816583467361	0.903984175577239
ko.K21993	Sex_and_consortia	Female_NS1	0.0659763019951007	0.054661969529409	85	85	0.230865681491039	0.903984175577239
ko.K00937	Sex_and_consortia	Female_NS1	0.00755431044253462	0.0142216367537785	85	85	0.596709713382197	0.903984175577239
ko.K00761	Sex_and_consortia	Female_NS1	-0.045061727787842	0.0259807191191546	85	85	0.0865543096453269	0.903984175577239
ko.K03548	Sex_and_consortia	Female_NS1	0.0959505170143437	0.221367669318266	85	85	0.665816583467361	0.903984175577239
ko.K03459	Sex_and_consortia	Female_NS1	0.0959505170143437	0.221367669318266	85	85	0.665816583467361	0.903984175577239
ko.K12145	Sex_and_consortia	Female_NS1	0.0959505170143437	0.221367669318266	85	85	0.665816583467361	0.903984175577239
ko.K12144	Sex_and_consortia	Female_NS1	0.0959505170143437	0.221367669318266	85	85	0.665816583467361	0.903984175577239
ko.K12141	Sex_and_consortia	Female_NS1	0.0610121742980864	0.0663760241510299	85	85	0.360659874986313	0.903984175577239
ko.K12138	Sex_and_consortia	Female_NS1	0.127247689844521	0.194226205185191	85	85	0.514181585341366	0.903984175577239
ko.K03564	Sex_and_consortia	Female_NS1	-0.0419616079081049	0.0278633683589404	85	85	0.135869387455236	0.903984175577239
ko.K03567	Sex_and_consortia	Female_NS1	0.0959505170143437	0.221367669318266	85	85	0.665816583467361	0.903984175577239
ko.K04028	Sex_and_consortia	Female_NS1	0.0495617135845943	0.0679150405494136	85	85	0.467591183823265	0.903984175577239
ko.K04024	Sex_and_consortia	Female_NS1	0.0779471888370889	0.0608600014174196	85	85	0.203844534565057	0.903984175577239
ko.K18335	Sex_and_consortia	Female_NS1	0.0959505170143437	0.221367669318266	85	85	0.665816583467361	0.903984175577239
ko.K12339	Sex_and_consortia	Female_NS1	-0.0592555461649849	0.0423075012161304	85	85	0.165063591557217	0.903984175577239
ko.K02777	Sex_and_consortia	Female_NS1	-0.342341345867148	0.182332231538298	85	85	0.0639526498136367	0.903984175577239
ko.K06203	Sex_and_consortia	Female_NS1	0.0959505170143437	0.221367669318266	85	85	0.665816583467361	0.903984175577239
ko.K11192	Sex_and_consortia	Female_NS1	0.0959505170143437	0.221367669318266	85	85	0.665816583467361	0.903984175577239
ko.K03528	Sex_and_consortia	Female_NS1	0.0959505170143437	0.221367669318266	85	85	0.665816583467361	0.903984175577239
ko.K09954	Sex_and_consortia	Female_NS1	0.108788688272739	0.0900247662573874	85	85	0.23031327395024	0.903984175577239
ko.K14347	Sex_and_consortia	Female_NS1	0.108788688272739	0.0900247662573874	85	85	0.23031327395024	0.903984175577239
ko.K17737	Sex_and_consortia	Female_NS1	0.0959505170143437	0.221367669318266	85	85	0.665816583467361	0.903984175577239
ko.K03783	Sex_and_consortia	Female_NS1	-0.045250460248842	0.0261513801692621	85	85	0.0872883307534269	0.903984175577239
ko.K07106	Sex_and_consortia	Female_NS1	-0.0583512402330226	0.029325367513639	85	85	0.0499069519430914	0.903984175577239
ko.K11191	Sex_and_consortia	Female_NS1	0.0959505170143437	0.221367669318266	85	85	0.665816583467361	0.903984175577239
ko.K04022	Sex_and_consortia	Female_NS1	0.0959505170143437	0.221367669318266	85	85	0.665816583467361	0.903984175577239
ko.K04026	Sex_and_consortia	Female_NS1	0.0534982169190999	0.0629163994672101	85	85	0.397601025946923	0.903984175577239
ko.K15539	Sex_and_consortia	Female_NS1	-0.202946805011314	0.147885176209397	85	85	0.17365903870782	0.903984175577239
ko.K04023	Sex_and_consortia	Female_NS1	0.0445259046952172	0.0610656364897938	85	85	0.467963542708729	0.903984175577239
ko.K04019	Sex_and_consortia	Female_NS1	0.0534982169190999	0.0629163994672101	85	85	0.397601025946923	0.903984175577239
ko.K00940	Sex_and_consortia	Female_NS1	0.0604056978538925	0.0660665814031289	85	85	0.363199627528106	0.903984175577239
ko.K03735	Sex_and_consortia	Female_NS1	0.0535985652268515	0.059416252112516	85	85	0.369621614024057	0.903984175577239
ko.K03736	Sex_and_consortia	Female_NS1	0.0534982169190999	0.0629163994672101	85	85	0.397601025946923	0.903984175577239
ko.K04025	Sex_and_consortia	Female_NS1	0.0959505170143437	0.221367669318266	85	85	0.665816583467361	0.903984175577239
ko.K04033	Sex_and_consortia	Female_NS1	0.0959505170143437	0.221367669318266	85	85	0.665816583467361	0.903984175577239
ko.K07751	Sex_and_consortia	Female_NS1	0.0959505170143437	0.221367669318266	85	85	0.665816583467361	0.903984175577239
ko.K00228	Sex_and_consortia	Female_NS1	0.0959505170143437	0.221367669318266	85	85	0.665816583467361	0.903984175577239
ko.K05709	Sex_and_consortia	Female_NS1	0.0959505170143437	0.221367669318266	85	85	0.665816583467361	0.903984175577239
ko.K18089	Sex_and_consortia	Female_NS1	0.0959505170143437	0.221367669318266	85	85	0.665816583467361	0.903984175577239
ko.K04083	Sex_and_consortia	Female_NS1	0.0803471303984148	0.0622159175991245	85	85	0.20014162649219	0.903984175577239
ko.K03655	Sex_and_consortia	Female_NS1	-0.0105180605402448	0.0171945447668247	85	85	0.542402167956445	0.903984175577239
ko.K00989	Sex_and_consortia	Female_NS1	0.0823823278813926	0.0825839662397649	85	85	0.321392969921914	0.903984175577239
ko.K14623	Sex_and_consortia	Female_NS1	-0.0439491100507403	0.0576544463479779	85	85	0.44805088679596	0.903984175577239
ko.K03060	Sex_and_consortia	Female_NS1	0.0815903073520219	0.0688671043259745	85	85	0.239497630945979	0.903984175577239
ko.K01139	Sex_and_consortia	Female_NS1	-0.0453689854261934	0.0323540230197411	85	85	0.164564568575948	0.903984175577239
ko.K18691	Sex_and_consortia	Female_NS1	-0.051749734602458	0.0348294233365507	85	85	0.141119273897927	0.903984175577239
ko.K11991	Sex_and_consortia	Female_NS1	0.00643028122195967	0.010687705038921	85	85	0.549045562312989	0.903984175577239
ko.K03312	Sex_and_consortia	Female_NS1	0.0304477224832585	0.0671367007913468	85	85	0.65135909902744	0.903984175577239
ko.K18697	Sex_and_consortia	Female_NS1	0.0959505170143437	0.221367669318266	85	85	0.665816583467361	0.903984175577239
ko.K01811	Sex_and_consortia	Female_NS1	-0.0498099212212692	0.0419657263752392	85	85	0.238645615500923	0.903984175577239
ko.K07675	Sex_and_consortia	Female_NS1	0.0959505170143437	0.221367669318266	85	85	0.665816583467361	0.903984175577239
ko.K20263	Sex_and_consortia	Female_NS1	0.0959505170143437	0.221367669318266	85	85	0.665816583467361	0.903984175577239
ko.K00762	Sex_and_consortia	Female_NS1	0.00581423057000817	0.010716891989903	85	85	0.588907567097555	0.903984175577239
ko.K01520	Sex_and_consortia	Female_NS1	-0.0442933438687012	0.0235263340567744	85	85	0.0632427372565865	0.903984175577239
ko.K20264	Sex_and_consortia	Female_NS1	0.0959505170143437	0.221367669318266	85	85	0.665816583467361	0.903984175577239
ko.K02849	Sex_and_consortia	Female_NS1	0.102480668297351	0.0894883435897974	85	85	0.255424125178771	0.903984175577239
ko.K03276	Sex_and_consortia	Female_NS1	0.0959505170143437	0.221367669318266	85	85	0.665816583467361	0.903984175577239
ko.K03279	Sex_and_consortia	Female_NS1	0.0959505170143437	0.221367669318266	85	85	0.665816583467361	0.903984175577239
ko.K03275	Sex_and_consortia	Female_NS1	0.0959505170143437	0.221367669318266	85	85	0.665816583467361	0.903984175577239
ko.K03278	Sex_and_consortia	Female_NS1	0.0959505170143437	0.221367669318266	85	85	0.665816583467361	0.903984175577239
ko.K04751	Sex_and_consortia	Female_NS1	-0.0445554656022127	0.0407432612280019	85	85	0.277308835252329	0.903984175577239
ko.K02848	Sex_and_consortia	Female_NS1	0.0959505170143437	0.221367669318266	85	85	0.665816583467361	0.903984175577239
ko.K02844	Sex_and_consortia	Female_NS1	0.0959505170143437	0.221367669318266	85	85	0.665816583467361	0.903984175577239
ko.K13038	Sex_and_consortia	Female_NS1	-0.0507219990811621	0.0291785869643464	85	85	0.085861121535166	0.903984175577239
ko.K10563	Sex_and_consortia	Female_NS1	-0.0618353265879426	0.0407563314632729	85	85	0.133017041291395	0.903984175577239
ko.K07715	Sex_and_consortia	Female_NS1	0.0959505170143437	0.221367669318266	85	85	0.665816583467361	0.903984175577239
ko.K01952	Sex_and_consortia	Female_NS1	0.0201147840704664	0.031429648062365	85	85	0.523939295881294	0.903984175577239
ko.K03630	Sex_and_consortia	Female_NS1	-0.0314648428644594	0.0373537379479871	85	85	0.402013964824663	0.903984175577239
ko.K07686	Sex_and_consortia	Female_NS1	0.0959505170143437	0.221367669318266	85	85	0.665816583467361	0.903984175577239
ko.K08154	Sex_and_consortia	Female_NS1	0.0959505170143437	0.221367669318266	85	85	0.665816583467361	0.903984175577239
ko.K18087	Sex_and_consortia	Female_NS1	0.0959505170143437	0.221367669318266	85	85	0.665816583467361	0.903984175577239
ko.K19784	Sex_and_consortia	Female_NS1	-0.10286605078673	0.17614706625251	85	85	0.560818752351872	0.903984175577239
ko.K03217	Sex_and_consortia	Female_NS1	0.0239303148574152	0.0310919884506967	85	85	0.443685500890377	0.903984175577239
ko.K08163	Sex_and_consortia	Female_NS1	0.0959505170143437	0.221367669318266	85	85	0.665816583467361	0.903984175577239
ko.K09925	Sex_and_consortia	Female_NS1	0.05644708997483	0.0833935544646824	85	85	0.500366820095683	0.903984175577239
ko.K03488	Sex_and_consortia	Female_NS1	-0.076554775743395	0.0801354628915543	85	85	0.342191550633525	0.903984175577239
ko.K02039	Sex_and_consortia	Female_NS1	0.0278724759201973	0.0301992597969821	85	85	0.358707357238562	0.903984175577239
ko.K03100	Sex_and_consortia	Female_NS1	-0.0142561309830658	0.0090316501854489	85	85	0.118262984747635	0.903984175577239
ko.K02036	Sex_and_consortia	Female_NS1	0.0264700059194786	0.0286894055394366	85	85	0.358868934293558	0.903984175577239
ko.K02038	Sex_and_consortia	Female_NS1	0.0299293837617709	0.0283637891494175	85	85	0.294397145055405	0.903984175577239
ko.K02037	Sex_and_consortia	Female_NS1	0.00725377140540941	0.00986290843204758	85	85	0.464132803574187	0.903984175577239
ko.K00389	Sex_and_consortia	Female_NS1	0.0959505170143437	0.221367669318266	85	85	0.665816583467361	0.903984175577239
ko.K01133	Sex_and_consortia	Female_NS1	-0.0602480354252275	0.0543812765631357	85	85	0.271113014350376	0.903984175577239
ko.K03307	Sex_and_consortia	Female_NS1	-0.00994203991303772	0.0145109639131205	85	85	0.495164682085649	0.903984175577239
ko.K01232	Sex_and_consortia	Female_NS1	0.0667397531709849	0.144885424951524	85	85	0.646262901818365	0.903984175577239
ko.K02749	Sex_and_consortia	Female_NS1	0.127444610669428	0.194087111185062	85	85	0.513231410543751	0.903984175577239
ko.K02750	Sex_and_consortia	Female_NS1	0.127444610669428	0.194087111185062	85	85	0.513231410543751	0.903984175577239
ko.K00997	Sex_and_consortia	Female_NS1	0.0813611734604648	0.0661350803616682	85	85	0.222087455751844	0.903984175577239
ko.K04081	Sex_and_consortia	Female_NS1	0.0959505170143437	0.221367669318266	85	85	0.665816583467361	0.903984175577239
ko.K02470	Sex_and_consortia	Female_NS1	0.00989011187061739	0.0104640521002771	85	85	0.34732502999728	0.903984175577239
ko.K04080	Sex_and_consortia	Female_NS1	0.0959505170143437	0.221367669318266	85	85	0.665816583467361	0.903984175577239
ko.K10960	Sex_and_consortia	Female_NS1	0.0959505170143437	0.221367669318266	85	85	0.665816583467361	0.903984175577239
ko.K01684	Sex_and_consortia	Female_NS1	0.0401919705741827	0.062902868463196	85	85	0.524612966578603	0.903984175577239
ko.K01631	Sex_and_consortia	Female_NS1	-0.101837740327886	0.157428627832151	85	85	0.519493309786333	0.903984175577239
ko.K00883	Sex_and_consortia	Female_NS1	0.0959505170143437	0.221367669318266	85	85	0.665816583467361	0.903984175577239
ko.K03595	Sex_and_consortia	Female_NS1	-0.0512472943139251	0.0247086026862948	85	85	0.0411724508004759	0.903984175577239
ko.K19776	Sex_and_consortia	Female_NS1	0.0959505170143437	0.221367669318266	85	85	0.665816583467361	0.903984175577239
ko.K02850	Sex_and_consortia	Female_NS1	0.0959505170143437	0.221367669318266	85	85	0.665816583467361	0.903984175577239
ko.K12985	Sex_and_consortia	Female_NS1	0.0959505170143437	0.221367669318266	85	85	0.665816583467361	0.903984175577239
ko.K10710	Sex_and_consortia	Female_NS1	0.0803632430147997	0.0802640211831462	85	85	0.319622727484272	0.903984175577239
ko.K10709	Sex_and_consortia	Female_NS1	0.0782514521030918	0.0661890802534589	85	85	0.240485912142494	0.903984175577239
ko.K05711	Sex_and_consortia	Female_NS1	0.0959505170143437	0.221367669318266	85	85	0.665816583467361	0.903984175577239
ko.K19540	Sex_and_consortia	Female_NS1	0.0682082944074599	0.144792232548564	85	85	0.638821531340447	0.903984175577239
ko.K02302	Sex_and_consortia	Female_NS1	0.0567382685553819	0.0640543623216624	85	85	0.378293595812051	0.903984175577239
ko.K02304	Sex_and_consortia	Female_NS1	0.0466462230945241	0.071651715464604	85	85	0.51683618872981	0.903984175577239
ko.K00363	Sex_and_consortia	Female_NS1	0.0982795117374262	0.221038912709634	85	85	0.657747763059675	0.903984175577239
ko.K18227	Sex_and_consortia	Female_NS1	0.0959505170143437	0.221367669318266	85	85	0.665816583467361	0.903984175577239
ko.K00362	Sex_and_consortia	Female_NS1	0.089975346024477	0.0807575943957532	85	85	0.268434636232445	0.903984175577239
ko.K06141	Sex_and_consortia	Female_NS1	0.0959505170143437	0.221367669318266	85	85	0.665816583467361	0.903984175577239
ko.K01802	Sex_and_consortia	Female_NS1	-0.0564146191869861	0.036499131032616	85	85	0.125995388464576	0.903984175577239
ko.K03767	Sex_and_consortia	Female_NS1	-0.194010511220695	0.113686292143041	85	85	0.0916461455312519	0.903984175577239
ko.K04095	Sex_and_consortia	Female_NS1	-0.0486196004214902	0.0759075876330823	85	85	0.523605237330113	0.903984175577239
ko.K10711	Sex_and_consortia	Female_NS1	0.0850649489210725	0.0731233443707393	85	85	0.248038194049471	0.903984175577239
ko.K01091	Sex_and_consortia	Female_NS1	0.0300846639387229	0.0271594095574191	85	85	0.271188217383806	0.903984175577239
ko.K12983	Sex_and_consortia	Female_NS1	0.0959505170143437	0.221367669318266	85	85	0.665816583467361	0.903984175577239
ko.K12288	Sex_and_consortia	Female_NS1	0.0959505170143437	0.221367669318266	85	85	0.665816583467361	0.903984175577239
ko.K14750	Sex_and_consortia	Female_NS1	0.0959505170143437	0.221367669318266	85	85	0.665816583467361	0.903984175577239
ko.K05710	Sex_and_consortia	Female_NS1	0.0959505170143437	0.221367669318266	85	85	0.665816583467361	0.903984175577239
ko.K04762	Sex_and_consortia	Female_NS1	-0.0532825934998432	0.0342864458523938	85	85	0.123979269634036	0.903984175577239
ko.K20881	Sex_and_consortia	Female_NS1	0.0959505170143437	0.221367669318266	85	85	0.665816583467361	0.903984175577239
ko.K08312	Sex_and_consortia	Female_NS1	0.0959505170143437	0.221367669318266	85	85	0.665816583467361	0.903984175577239
ko.K14582	Sex_and_consortia	Female_NS1	0.0959505170143437	0.221367669318266	85	85	0.665816583467361	0.903984175577239
ko.K05366	Sex_and_consortia	Female_NS1	0.00510870693456154	0.0104672256365626	85	85	0.62678930115172	0.903984175577239
ko.K12289	Sex_and_consortia	Female_NS1	0.0959505170143437	0.221367669318266	85	85	0.665816583467361	0.903984175577239
ko.K12290	Sex_and_consortia	Female_NS1	0.0959505170143437	0.221367669318266	85	85	0.665816583467361	0.903984175577239
ko.K12291	Sex_and_consortia	Female_NS1	0.0959505170143437	0.221367669318266	85	85	0.665816583467361	0.903984175577239
ko.K02507	Sex_and_consortia	Female_NS1	0.0959505170143437	0.221367669318266	85	85	0.665816583467361	0.903984175577239
ko.K02666	Sex_and_consortia	Female_NS1	0.0959505170143437	0.221367669318266	85	85	0.665816583467361	0.903984175577239
ko.K01735	Sex_and_consortia	Female_NS1	0.0271589632476414	0.0308236167990778	85	85	0.380803258686006	0.903984175577239
ko.K03112	Sex_and_consortia	Female_NS1	0.100319043457625	0.088214509088844	85	85	0.258719995499615	0.903984175577239
ko.K06223	Sex_and_consortia	Female_NS1	0.0367143704205508	0.0239532345762571	85	85	0.129139928522287	0.903984175577239
ko.K00529	Sex_and_consortia	Female_NS1	0.0959505170143437	0.221367669318266	85	85	0.665816583467361	0.903984175577239
ko.K01664	Sex_and_consortia	Female_NS1	-0.0510471354000608	0.0365673543080242	85	85	0.166444711597864	0.903984175577239
ko.K00101	Sex_and_consortia	Female_NS1	0.0959505170143437	0.221367669318266	85	85	0.665816583467361	0.903984175577239
ko.K03216	Sex_and_consortia	Female_NS1	0.0812419753102813	0.0619632066734552	85	85	0.193428810837787	0.903984175577239
ko.K00640	Sex_and_consortia	Female_NS1	-0.0204616252047109	0.0131828941434907	85	85	0.124434958729104	0.903984175577239
ko.K09798	Sex_and_consortia	Female_NS1	0.0959505170143437	0.221367669318266	85	85	0.665816583467361	0.903984175577239
ko.K10914	Sex_and_consortia	Female_NS1	0.0699099568113935	0.0606199587181507	85	85	0.252118184818609	0.903984175577239
ko.K19354	Sex_and_consortia	Female_NS1	-0.058065208052591	0.09521012886304	85	85	0.543618127340249	0.903984175577239
ko.K00060	Sex_and_consortia	Female_NS1	0.0992001801166533	0.0623262166460233	85	85	0.115269912175933	0.903984175577239
ko.K00639	Sex_and_consortia	Female_NS1	-0.0235847388972279	0.0183477898907655	85	85	0.202218328894779	0.903984175577239
ko.K01951	Sex_and_consortia	Female_NS1	-0.014384815593857	0.00810021935715191	85	85	0.0794218977955358	0.903984175577239
ko.K02847	Sex_and_consortia	Female_NS1	0.0477323528320232	0.0583033273319292	85	85	0.415307689396561	0.903984175577239
ko.K00600	Sex_and_consortia	Female_NS1	-0.0398075377534533	0.0266983742948697	85	85	0.139749785337419	0.903984175577239
ko.K14762	Sex_and_consortia	Female_NS1	0.0959505170143437	0.221367669318266	85	85	0.665816583467361	0.903984175577239
ko.K02562	Sex_and_consortia	Female_NS1	0.0959505170143437	0.221367669318266	85	85	0.665816583467361	0.903984175577239
ko.K00009	Sex_and_consortia	Female_NS1	-0.0527264528434103	0.035411203026638	85	85	0.14028352570966	0.903984175577239
ko.K07397	Sex_and_consortia	Female_NS1	0.0379226162176652	0.0761840147667903	85	85	0.619957839829831	0.903984175577239
ko.K09898	Sex_and_consortia	Female_NS1	0.0959505170143437	0.221367669318266	85	85	0.665816583467361	0.903984175577239
ko.K06158	Sex_and_consortia	Female_NS1	0.008223649766314	0.0110033142795747	85	85	0.456946779455021	0.903984175577239
ko.K11748	Sex_and_consortia	Female_NS1	-0.0490449786483154	0.094790447511582	85	85	0.60625022650248	0.903984175577239
ko.K07070	Sex_and_consortia	Female_NS1	0.0959505170143437	0.221367669318266	85	85	0.665816583467361	0.903984175577239
ko.K03775	Sex_and_consortia	Female_NS1	-0.0531219711620937	0.0341532209316115	85	85	0.123655495823512	0.903984175577239
ko.K03745	Sex_and_consortia	Female_NS1	0.0959505170143437	0.221367669318266	85	85	0.665816583467361	0.903984175577239
ko.K03772	Sex_and_consortia	Female_NS1	-0.0562023799887466	0.0344207428556659	85	85	0.106298122324063	0.903984175577239
ko.K07235	Sex_and_consortia	Female_NS1	0.0959505170143437	0.221367669318266	85	85	0.665816583467361	0.903984175577239
ko.K07236	Sex_and_consortia	Female_NS1	0.0959505170143437	0.221367669318266	85	85	0.665816583467361	0.903984175577239
ko.K07237	Sex_and_consortia	Female_NS1	0.0959505170143437	0.221367669318266	85	85	0.665816583467361	0.903984175577239
ko.K02355	Sex_and_consortia	Female_NS1	-0.0155645722000841	0.00776470279951606	85	85	0.0482737179921393	0.903984175577239
ko.K00769	Sex_and_consortia	Female_NS1	0.0959505170143437	0.221367669318266	85	85	0.665816583467361	0.903984175577239
ko.K11200	Sex_and_consortia	Female_NS1	0.0959505170143437	0.221367669318266	85	85	0.665816583467361	0.903984175577239
ko.K01903	Sex_and_consortia	Female_NS1	0.0927216033748488	0.0817590972853095	85	85	0.260024621335902	0.903984175577239
ko.K00658	Sex_and_consortia	Female_NS1	0.075528261349198	0.0730023326737815	85	85	0.303860510376511	0.903984175577239
ko.K00164	Sex_and_consortia	Female_NS1	0.108815997759413	0.0900247429406568	85	85	0.230197176931781	0.903984175577239
ko.K00242	Sex_and_consortia	Female_NS1	0.0959505170143437	0.221367669318266	85	85	0.665816583467361	0.903984175577239
ko.K01647	Sex_and_consortia	Female_NS1	0.0141985118945339	0.00883481463578709	85	85	0.111828249769453	0.903984175577239
ko.K07120	Sex_and_consortia	Female_NS1	0.0982795117374262	0.221038912709634	85	85	0.657747763059675	0.903984175577239
ko.K05522	Sex_and_consortia	Female_NS1	0.0959505170143437	0.221367669318266	85	85	0.665816583467361	0.903984175577239
ko.K07160	Sex_and_consortia	Female_NS1	0.0909201157875565	0.083201295166291	85	85	0.277655186310734	0.903984175577239
ko.K01457	Sex_and_consortia	Female_NS1	0.0959505170143437	0.221367669318266	85	85	0.665816583467361	0.903984175577239
ko.K01941	Sex_and_consortia	Female_NS1	0.100319043457625	0.088214509088844	85	85	0.258719995499615	0.903984175577239
ko.K01669	Sex_and_consortia	Female_NS1	0.0982795117374262	0.221038912709634	85	85	0.657747763059675	0.903984175577239
ko.K01821	Sex_and_consortia	Female_NS1	-0.1472827296629	0.194161537053479	85	85	0.450265872412887	0.903984175577239
ko.K00675	Sex_and_consortia	Female_NS1	0.0982795117374262	0.221038912709634	85	85	0.657747763059675	0.903984175577239
ko.K00001	Sex_and_consortia	Female_NS1	0.0582732280766903	0.0503471575915916	85	85	0.25041740613096	0.903984175577239
ko.K13953	Sex_and_consortia	Female_NS1	0.122697601555725	0.18739422738992	85	85	0.514434917821049	0.903984175577239
ko.K02972	Sex_and_consortia	Female_NS1	0.0959505170143437	0.221367669318266	85	85	0.665816583467361	0.903984175577239
ko.K01902	Sex_and_consortia	Female_NS1	0.0927216033748488	0.0817590972853095	85	85	0.260024621335902	0.903984175577239
ko.K11199	Sex_and_consortia	Female_NS1	0.0959505170143437	0.221367669318266	85	85	0.665816583467361	0.903984175577239
ko.K02034	Sex_and_consortia	Female_NS1	0.0368039127995328	0.0679091988926585	85	85	0.589299683713472	0.903984175577239
ko.K11198	Sex_and_consortia	Female_NS1	0.0959505170143437	0.221367669318266	85	85	0.665816583467361	0.903984175577239
ko.K09017	Sex_and_consortia	Female_NS1	0.070964624131602	0.0812398115436662	85	85	0.384899879019046	0.903984175577239
ko.K13821	Sex_and_consortia	Female_NS1	0.0676067783219891	0.0639424708360611	85	85	0.293439433726667	0.903984175577239
ko.K11928	Sex_and_consortia	Female_NS1	0.0603469635163732	0.0678998296480786	85	85	0.37669817156744	0.903984175577239
ko.K07243	Sex_and_consortia	Female_NS1	0.122662512118555	0.187394829792655	85	85	0.514556245785143	0.903984175577239
ko.K07224	Sex_and_consortia	Female_NS1	0.0982795117374262	0.221038912709634	85	85	0.657747763059675	0.903984175577239
ko.K16301	Sex_and_consortia	Female_NS1	0.0982795117374262	0.221038912709634	85	85	0.657747763059675	0.903984175577239
ko.K11937	Sex_and_consortia	Female_NS1	0.0959505170143437	0.221367669318266	85	85	0.665816583467361	0.903984175577239
ko.K11936	Sex_and_consortia	Female_NS1	0.0959505170143437	0.221367669318266	85	85	0.665816583467361	0.903984175577239
ko.K11931	Sex_and_consortia	Female_NS1	0.0959505170143437	0.221367669318266	85	85	0.665816583467361	0.903984175577239
ko.K21478	Sex_and_consortia	Female_NS1	0.0959505170143437	0.221367669318266	85	85	0.665816583467361	0.903984175577239
ko.K11935	Sex_and_consortia	Female_NS1	0.0959505170143437	0.221367669318266	85	85	0.665816583467361	0.903984175577239
ko.K00424	Sex_and_consortia	Female_NS1	0.0959505170143437	0.221367669318266	85	85	0.665816583467361	0.903984175577239
ko.K04063	Sex_and_consortia	Female_NS1	0.0959505170143437	0.221367669318266	85	85	0.665816583467361	0.903984175577239
ko.K02033	Sex_and_consortia	Female_NS1	0.0429008258528895	0.0674977998294363	85	85	0.52679322442177	0.903984175577239
ko.K02451	Sex_and_consortia	Female_NS1	0.0959505170143437	0.221367669318266	85	85	0.665816583467361	0.903984175577239
ko.K01154	Sex_and_consortia	Female_NS1	-0.044906898244427	0.0532924878233912	85	85	0.401846083393296	0.903984175577239
ko.K03811	Sex_and_consortia	Female_NS1	-0.0414984853214303	0.0275157527070515	85	85	0.135307694023572	0.903984175577239
ko.K01834	Sex_and_consortia	Female_NS1	-0.0610347997524127	0.0422917342098375	85	85	0.152731979722891	0.903984175577239
ko.K05776	Sex_and_consortia	Female_NS1	-0.0507805425722919	0.0377093436083898	85	85	0.181765139938058	0.903984175577239
ko.K02019	Sex_and_consortia	Female_NS1	0.0581056493818668	0.0634448755785384	85	85	0.362401660424392	0.903984175577239
ko.K02020	Sex_and_consortia	Female_NS1	0.0391420446362192	0.0646751601941605	85	85	0.546690787746832	0.903984175577239
ko.K02018	Sex_and_consortia	Female_NS1	0.0391420446362192	0.0646751601941605	85	85	0.546690787746832	0.903984175577239
ko.K02017	Sex_and_consortia	Female_NS1	-0.0467537769968972	0.0501706628752874	85	85	0.354093761350722	0.903984175577239
ko.K07404	Sex_and_consortia	Female_NS1	-0.0452481708858231	0.0345074645486485	85	85	0.193386793696095	0.903984175577239
ko.K03319	Sex_and_consortia	Female_NS1	0.0478438129574475	0.0673794760492184	85	85	0.47965404106702	0.903984175577239
ko.K01051	Sex_and_consortia	Female_NS1	-0.0261071573295921	0.0475306628297906	85	85	0.584295098509351	0.903984175577239
ko.K01143	Sex_and_consortia	Female_NS1	0.0959505170143437	0.221367669318266	85	85	0.665816583467361	0.903984175577239
ko.K10926	Sex_and_consortia	Female_NS1	0.109703900764149	0.203481264034491	85	85	0.591236878478517	0.903984175577239
ko.K02452	Sex_and_consortia	Female_NS1	0.0959505170143437	0.221367669318266	85	85	0.665816583467361	0.903984175577239
ko.K03427	Sex_and_consortia	Female_NS1	-0.0155772132693165	0.0312883115082612	85	85	0.61989894596613	0.903984175577239
ko.K09801	Sex_and_consortia	Female_NS1	0.0959505170143437	0.221367669318266	85	85	0.665816583467361	0.903984175577239
ko.K13243	Sex_and_consortia	Female_NS1	0.0959505170143437	0.221367669318266	85	85	0.665816583467361	0.903984175577239
ko.K20265	Sex_and_consortia	Female_NS1	-0.013813582730692	0.0221911632565426	85	85	0.535331928413363	0.903984175577239
ko.K05810	Sex_and_consortia	Female_NS1	0.00882772341406822	0.0113646007007152	85	85	0.439500422567709	0.903984175577239
ko.K06180	Sex_and_consortia	Female_NS1	-0.00997590284681319	0.00688797339037771	85	85	0.151298332335184	0.903984175577239
ko.K05809	Sex_and_consortia	Female_NS1	0.0959505170143437	0.221367669318266	85	85	0.665816583467361	0.903984175577239
ko.K14170	Sex_and_consortia	Female_NS1	0.101310898108603	0.0612640346045404	85	85	0.101970765501398	0.903984175577239
ko.K04517	Sex_and_consortia	Female_NS1	0.086222767017082	0.0675359676945684	85	85	0.20527072857889	0.903984175577239
ko.K14187	Sex_and_consortia	Female_NS1	0.0959505170143437	0.221367669318266	85	85	0.665816583467361	0.903984175577239
ko.K20956	Sex_and_consortia	Female_NS1	0.0959505170143437	0.221367669318266	85	85	0.665816583467361	0.903984175577239
ko.K02860	Sex_and_consortia	Female_NS1	-0.045061727787842	0.0259807191191546	85	85	0.0865543096453269	0.903984175577239
ko.K09018	Sex_and_consortia	Female_NS1	0.0959505170143437	0.221367669318266	85	85	0.665816583467361	0.903984175577239
ko.K09020	Sex_and_consortia	Female_NS1	0.0959505170143437	0.221367669318266	85	85	0.665816583467361	0.903984175577239
ko.K09021	Sex_and_consortia	Female_NS1	0.0959505170143437	0.221367669318266	85	85	0.665816583467361	0.903984175577239
ko.K17736	Sex_and_consortia	Female_NS1	0.0959505170143437	0.221367669318266	85	85	0.665816583467361	0.903984175577239
ko.K18531	Sex_and_consortia	Female_NS1	0.0959505170143437	0.221367669318266	85	85	0.665816583467361	0.903984175577239
ko.K02379	Sex_and_consortia	Female_NS1	0.0615304308671885	0.0706758371537384	85	85	0.386483287073285	0.903984175577239
ko.K02380	Sex_and_consortia	Female_NS1	0.111413693928853	0.203352502825499	85	85	0.585241648244698	0.903984175577239
ko.K20866	Sex_and_consortia	Female_NS1	-0.0421412944967285	0.0315535803583975	85	85	0.185348308560894	0.903984175577239
ko.K00846	Sex_and_consortia	Female_NS1	0.0959505170143437	0.221367669318266	85	85	0.665816583467361	0.903984175577239
ko.K18478	Sex_and_consortia	Female_NS1	0.0648285523541836	0.0891020924935882	85	85	0.468920569406759	0.903984175577239
ko.K08318	Sex_and_consortia	Female_NS1	0.0959505170143437	0.221367669318266	85	85	0.665816583467361	0.903984175577239
ko.K01635	Sex_and_consortia	Female_NS1	-0.244300148895526	0.193594040910234	85	85	0.210512318567251	0.903984175577239
ko.K01671	Sex_and_consortia	Female_NS1	0.0959505170143437	0.221367669318266	85	85	0.665816583467361	0.903984175577239
ko.K18479	Sex_and_consortia	Female_NS1	0.0959505170143437	0.221367669318266	85	85	0.665816583467361	0.903984175577239
ko.K15922	Sex_and_consortia	Female_NS1	0.0959505170143437	0.221367669318266	85	85	0.665816583467361	0.903984175577239
ko.K07452	Sex_and_consortia	Female_NS1	-0.0646746285796869	0.10656795592141	85	85	0.545582963766355	0.903984175577239
ko.K00899	Sex_and_consortia	Female_NS1	0.0801861623167191	0.0640924280141125	85	85	0.214412319643063	0.903984175577239
ko.K02855	Sex_and_consortia	Female_NS1	0.0959505170143437	0.221367669318266	85	85	0.665816583467361	0.903984175577239
ko.K09023	Sex_and_consortia	Female_NS1	0.0959505170143437	0.221367669318266	85	85	0.665816583467361	0.903984175577239
ko.K02854	Sex_and_consortia	Female_NS1	0.0959505170143437	0.221367669318266	85	85	0.665816583467361	0.903984175577239
ko.K11530	Sex_and_consortia	Female_NS1	0.0959505170143437	0.221367669318266	85	85	0.665816583467361	0.903984175577239
ko.K00598	Sex_and_consortia	Female_NS1	0.108764860362385	0.0891206541784285	85	85	0.225760729763316	0.903984175577239
ko.K08994	Sex_and_consortia	Female_NS1	0.0959505170143437	0.221367669318266	85	85	0.665816583467361	0.903984175577239
ko.K00041	Sex_and_consortia	Female_NS1	-0.0389514908331857	0.0286458100821235	85	85	0.177587582358161	0.903984175577239
ko.K08324	Sex_and_consortia	Female_NS1	0.0959505170143437	0.221367669318266	85	85	0.665816583467361	0.903984175577239
ko.K03712	Sex_and_consortia	Female_NS1	0.0959505170143437	0.221367669318266	85	85	0.665816583467361	0.903984175577239
ko.K13632	Sex_and_consortia	Female_NS1	0.0959505170143437	0.221367669318266	85	85	0.665816583467361	0.903984175577239
ko.K13630	Sex_and_consortia	Female_NS1	0.0959505170143437	0.221367669318266	85	85	0.665816583467361	0.903984175577239
ko.K03298	Sex_and_consortia	Female_NS1	0.0959505170143437	0.221367669318266	85	85	0.665816583467361	0.903984175577239
ko.K15268	Sex_and_consortia	Female_NS1	0.0959505170143437	0.221367669318266	85	85	0.665816583467361	0.903984175577239
ko.K01284	Sex_and_consortia	Female_NS1	-0.0513083814244238	0.0339266352415454	85	85	0.134247494296148	0.903984175577239
ko.K16066	Sex_and_consortia	Female_NS1	0.0959505170143437	0.221367669318266	85	85	0.665816583467361	0.903984175577239
ko.K22293	Sex_and_consortia	Female_NS1	0.0785122045787241	0.0712957280936624	85	85	0.273984706961659	0.903984175577239
ko.K08173	Sex_and_consortia	Female_NS1	0.0959505170143437	0.221367669318266	85	85	0.665816583467361	0.903984175577239
ko.K19610	Sex_and_consortia	Female_NS1	0.0959505170143437	0.221367669318266	85	85	0.665816583467361	0.903984175577239
ko.K02526	Sex_and_consortia	Female_NS1	0.0717906252874299	0.0740997890882334	85	85	0.335441235000373	0.903984175577239
ko.K05340	Sex_and_consortia	Female_NS1	-0.0657465072284471	0.0528767065531986	85	85	0.21722385646359	0.903984175577239
ko.K22396	Sex_and_consortia	Female_NS1	0.0632968986987834	0.0940473847269178	85	85	0.502796595863802	0.903984175577239
ko.K22397	Sex_and_consortia	Female_NS1	0.0648285523541836	0.0891020924935882	85	85	0.468920569406759	0.903984175577239
ko.K14587	Sex_and_consortia	Female_NS1	0.0959505170143437	0.221367669318266	85	85	0.665816583467361	0.903984175577239
ko.K00930	Sex_and_consortia	Female_NS1	0.00897907782279264	0.0124489759767736	85	85	0.472770017088841	0.903984175577239
ko.K22478	Sex_and_consortia	Female_NS1	0.0959505170143437	0.221367669318266	85	85	0.665816583467361	0.903984175577239
ko.K01755	Sex_and_consortia	Female_NS1	0.00555019768618164	0.01006341193023	85	85	0.582757384596837	0.903984175577239
ko.K14681	Sex_and_consortia	Female_NS1	0.0959505170143437	0.221367669318266	85	85	0.665816583467361	0.903984175577239
ko.K04761	Sex_and_consortia	Female_NS1	-0.061044271027678	0.0401412982653647	85	85	0.132126994761987	0.903984175577239
ko.K00322	Sex_and_consortia	Female_NS1	0.0959505170143437	0.221367669318266	85	85	0.665816583467361	0.903984175577239
ko.K22105	Sex_and_consortia	Female_NS1	0.0959505170143437	0.221367669318266	85	85	0.665816583467361	0.903984175577239
ko.K00557	Sex_and_consortia	Female_NS1	-0.148469456229228	0.194307950139992	85	85	0.446978250620454	0.903984175577239
ko.K16092	Sex_and_consortia	Female_NS1	0.0959505170143437	0.221367669318266	85	85	0.665816583467361	0.903984175577239
ko.K01776	Sex_and_consortia	Female_NS1	-0.0581239816678806	0.036267594448216	85	85	0.112812744398883	0.903984175577239
ko.K19339	Sex_and_consortia	Female_NS1	0.0959505170143437	0.221367669318266	85	85	0.665816583467361	0.903984175577239
ko.K07647	Sex_and_consortia	Female_NS1	0.0959505170143437	0.221367669318266	85	85	0.665816583467361	0.903984175577239
ko.K11930	Sex_and_consortia	Female_NS1	0.0959505170143437	0.221367669318266	85	85	0.665816583467361	0.903984175577239
ko.K07772	Sex_and_consortia	Female_NS1	0.0959505170143437	0.221367669318266	85	85	0.665816583467361	0.903984175577239
ko.K03533	Sex_and_consortia	Female_NS1	0.132285068139132	0.180227671651335	85	85	0.465024051008487	0.903984175577239
ko.K05516	Sex_and_consortia	Female_NS1	-0.0425857807667666	0.0309487771514156	85	85	0.172520538116801	0.903984175577239
ko.K09019	Sex_and_consortia	Female_NS1	0.0959505170143437	0.221367669318266	85	85	0.665816583467361	0.903984175577239
ko.K00145	Sex_and_consortia	Female_NS1	0.00897907782279264	0.0124489759767736	85	85	0.472770017088841	0.903984175577239
ko.K01438	Sex_and_consortia	Female_NS1	-0.0343598284371923	0.0321255848685982	85	85	0.287923784005805	0.903984175577239
ko.K01595	Sex_and_consortia	Female_NS1	0.0887469402503175	0.154806186758713	85	85	0.568006669992207	0.903984175577239
ko.K16321	Sex_and_consortia	Female_NS1	0.0959505170143437	0.221367669318266	85	85	0.665816583467361	0.903984175577239
ko.K06971	Sex_and_consortia	Female_NS1	0.0706966958463871	0.0801655585200808	85	85	0.380386557723523	0.903984175577239
ko.K09982	Sex_and_consortia	Female_NS1	0.0959505170143437	0.221367669318266	85	85	0.665816583467361	0.903984175577239
ko.K22111	Sex_and_consortia	Female_NS1	0.0959505170143437	0.221367669318266	85	85	0.665816583467361	0.903984175577239
ko.K17948	Sex_and_consortia	Female_NS1	0.0959505170143437	0.221367669318266	85	85	0.665816583467361	0.903984175577239
ko.K22110	Sex_and_consortia	Female_NS1	0.0959505170143437	0.221367669318266	85	85	0.665816583467361	0.903984175577239
ko.K07357	Sex_and_consortia	Female_NS1	0.0959505170143437	0.221367669318266	85	85	0.665816583467361	0.903984175577239
ko.K07358	Sex_and_consortia	Female_NS1	0.0959505170143437	0.221367669318266	85	85	0.665816583467361	0.903984175577239
ko.K07351	Sex_and_consortia	Female_NS1	0.0959505170143437	0.221367669318266	85	85	0.665816583467361	0.903984175577239
ko.K01686	Sex_and_consortia	Female_NS1	-0.0434792583287271	0.037899341363724	85	85	0.254582842179475	0.903984175577239
ko.K00096	Sex_and_consortia	Female_NS1	0.0522137978628212	0.0780649605560629	85	85	0.50544685250749	0.903984175577239
ko.K13637	Sex_and_consortia	Female_NS1	0.0959505170143437	0.221367669318266	85	85	0.665816583467361	0.903984175577239
ko.K07489	Sex_and_consortia	Female_NS1	0.0959505170143437	0.221367669318266	85	85	0.665816583467361	0.903984175577239
ko.K03764	Sex_and_consortia	Female_NS1	0.0959505170143437	0.221367669318266	85	85	0.665816583467361	0.903984175577239
ko.K00297	Sex_and_consortia	Female_NS1	0.0334476588378858	0.0256210721113521	85	85	0.19533846831838	0.903984175577239
ko.K03782	Sex_and_consortia	Female_NS1	0.0959505170143437	0.221367669318266	85	85	0.665816583467361	0.903984175577239
ko.K09974	Sex_and_consortia	Female_NS1	0.108788688272739	0.0900247662573874	85	85	0.23031327395024	0.903984175577239
ko.K00005	Sex_and_consortia	Female_NS1	0.0600741114411561	0.0657747186050579	85	85	0.363713776201005	0.903984175577239
ko.K10555	Sex_and_consortia	Female_NS1	0.0682082944074599	0.144792232548564	85	85	0.638821531340447	0.903984175577239
ko.K05499	Sex_and_consortia	Female_NS1	-0.0336428883655162	0.0462633980158518	85	85	0.469147753508374	0.903984175577239
ko.K02471	Sex_and_consortia	Female_NS1	-0.131252574957995	0.155850937688504	85	85	0.402114413322824	0.903984175577239
ko.K07154	Sex_and_consortia	Female_NS1	-0.0574153950370164	0.0484345761799846	85	85	0.239233596210352	0.903984175577239
ko.K15773	Sex_and_consortia	Female_NS1	0.0753262687118501	0.0821927851021185	85	85	0.362081694474267	0.903984175577239
ko.K00428	Sex_and_consortia	Female_NS1	0.0755097978334632	0.0730016080707538	85	85	0.303973213559086	0.903984175577239
ko.K07290	Sex_and_consortia	Female_NS1	0.0959505170143437	0.221367669318266	85	85	0.665816583467361	0.903984175577239
ko.K21086	Sex_and_consortia	Female_NS1	0.0959505170143437	0.221367669318266	85	85	0.665816583467361	0.903984175577239
ko.K00874	Sex_and_consortia	Female_NS1	-0.0415833172120514	0.0267085762892514	85	85	0.123292739367285	0.903984175577239
ko.K11103	Sex_and_consortia	Female_NS1	0.0450563445678784	0.072794468981219	85	85	0.537642558153646	0.903984175577239
ko.K20543	Sex_and_consortia	Female_NS1	0.108788688272739	0.0900247662573874	85	85	0.23031327395024	0.903984175577239
ko.K02005	Sex_and_consortia	Female_NS1	-0.0286368439280026	0.0196942536484737	85	85	0.149697696478118	0.903984175577239
ko.K01347	Sex_and_consortia	Female_NS1	0.0959505170143437	0.221367669318266	85	85	0.665816583467361	0.903984175577239
ko.K12684	Sex_and_consortia	Female_NS1	0.0959505170143437	0.221367669318266	85	85	0.665816583467361	0.903984175577239
ko.K12056	Sex_and_consortia	Female_NS1	0.0959505170143437	0.221367669318266	85	85	0.665816583467361	0.903984175577239
ko.K03496	Sex_and_consortia	Female_NS1	-0.0108748775890138	0.0196702488341534	85	85	0.58184582349857	0.903984175577239
ko.K02495	Sex_and_consortia	Female_NS1	0.0959505170143437	0.221367669318266	85	85	0.665816583467361	0.903984175577239
ko.K03591	Sex_and_consortia	Female_NS1	0.0959505170143437	0.221367669318266	85	85	0.665816583467361	0.903984175577239
ko.K03978	Sex_and_consortia	Female_NS1	-0.0456780666334125	0.0261691807477151	85	85	0.0846001310825114	0.903984175577239
ko.K01419	Sex_and_consortia	Female_NS1	-0.1472827296629	0.194161537053479	85	85	0.450265872412887	0.903984175577239
ko.K07713	Sex_and_consortia	Female_NS1	-0.0644427119521297	0.055129892948044	85	85	0.245780088253784	0.903984175577239
ko.K13713	Sex_and_consortia	Female_NS1	0.0959505170143437	0.221367669318266	85	85	0.665816583467361	0.903984175577239
ko.K00602	Sex_and_consortia	Female_NS1	-0.0184072540579513	0.0114965105465936	85	85	0.113150596427242	0.903984175577239
ko.K06903	Sex_and_consortia	Female_NS1	0.07202300333985	0.0706644555278103	85	85	0.311057730823759	0.903984175577239
ko.K06907	Sex_and_consortia	Female_NS1	0.0519484782088696	0.0669419783142474	85	85	0.439941429887128	0.903984175577239
ko.K13283	Sex_and_consortia	Female_NS1	0.0959505170143437	0.221367669318266	85	85	0.665816583467361	0.903984175577239
ko.K01521	Sex_and_consortia	Female_NS1	0.0959505170143437	0.221367669318266	85	85	0.665816583467361	0.903984175577239
ko.K01803	Sex_and_consortia	Female_NS1	0.0122806499222469	0.0111711602771463	85	85	0.274808143228619	0.903984175577239
ko.K14065	Sex_and_consortia	Female_NS1	0.0959505170143437	0.221367669318266	85	85	0.665816583467361	0.903984175577239
ko.K02446	Sex_and_consortia	Female_NS1	0.0959505170143437	0.221367669318266	85	85	0.665816583467361	0.903984175577239
ko.K02440	Sex_and_consortia	Female_NS1	-0.0567363759748925	0.0701062352524105	85	85	0.420661479057647	0.903984175577239
ko.K09892	Sex_and_consortia	Female_NS1	0.0959505170143437	0.221367669318266	85	85	0.665816583467361	0.903984175577239
ko.K02553	Sex_and_consortia	Female_NS1	0.0959505170143437	0.221367669318266	85	85	0.665816583467361	0.903984175577239
ko.K02548	Sex_and_consortia	Female_NS1	-0.019363346672587	0.0263588778696195	85	85	0.464650897191598	0.903984175577239
ko.K03667	Sex_and_consortia	Female_NS1	-0.1472827296629	0.194161537053479	85	85	0.450265872412887	0.903984175577239
ko.K09894	Sex_and_consortia	Female_NS1	0.0959505170143437	0.221367669318266	85	85	0.665816583467361	0.903984175577239
ko.K02335	Sex_and_consortia	Female_NS1	0.00632441653842027	0.0129971857836713	85	85	0.627825041435701	0.903984175577239
ko.K12687	Sex_and_consortia	Female_NS1	0.0959505170143437	0.221367669318266	85	85	0.665816583467361	0.903984175577239
ko.K10531	Sex_and_consortia	Female_NS1	0.0959505170143437	0.221367669318266	85	85	0.665816583467361	0.903984175577239
ko.K03895	Sex_and_consortia	Female_NS1	0.0959505170143437	0.221367669318266	85	85	0.665816583467361	0.903984175577239
ko.K03896	Sex_and_consortia	Female_NS1	0.0959505170143437	0.221367669318266	85	85	0.665816583467361	0.903984175577239
ko.K03894	Sex_and_consortia	Female_NS1	0.0959505170143437	0.221367669318266	85	85	0.665816583467361	0.903984175577239
ko.K11605	Sex_and_consortia	Female_NS1	0.0959505170143437	0.221367669318266	85	85	0.665816583467361	0.903984175577239
ko.K03791	Sex_and_consortia	Female_NS1	0.0959505170143437	0.221367669318266	85	85	0.665816583467361	0.903984175577239
ko.K13381	Sex_and_consortia	Female_NS1	0.0959505170143437	0.221367669318266	85	85	0.665816583467361	0.903984175577239
ko.K02192	Sex_and_consortia	Female_NS1	0.0633661704469718	0.0739493205042586	85	85	0.393974973050305	0.903984175577239
ko.K02464	Sex_and_consortia	Female_NS1	0.0959505170143437	0.221367669318266	85	85	0.665816583467361	0.903984175577239
ko.K02506	Sex_and_consortia	Female_NS1	0.0959505170143437	0.221367669318266	85	85	0.665816583467361	0.903984175577239
ko.K02654	Sex_and_consortia	Female_NS1	0.0747903123550174	0.0542823281445812	85	85	0.171967914860069	0.903984175577239
ko.K21512	Sex_and_consortia	Female_NS1	0.0959505170143437	0.221367669318266	85	85	0.665816583467361	0.903984175577239
ko.K00075	Sex_and_consortia	Female_NS1	-0.0444753588310088	0.0258053120704488	85	85	0.0885221964512318	0.903984175577239
ko.K00867	Sex_and_consortia	Female_NS1	-0.148469456229228	0.194307950139992	85	85	0.446978250620454	0.903984175577239
ko.K18837	Sex_and_consortia	Female_NS1	0.0648285523541836	0.0891020924935882	85	85	0.468920569406759	0.903984175577239
ko.K15383	Sex_and_consortia	Female_NS1	0.0959505170143437	0.221367669318266	85	85	0.665816583467361	0.903984175577239
ko.K03897	Sex_and_consortia	Female_NS1	0.0959505170143437	0.221367669318266	85	85	0.665816583467361	0.903984175577239
ko.K06946	Sex_and_consortia	Female_NS1	0.0959505170143437	0.221367669318266	85	85	0.665816583467361	0.903984175577239
ko.K09896	Sex_and_consortia	Female_NS1	0.0959505170143437	0.221367669318266	85	85	0.665816583467361	0.903984175577239
ko.K11004	Sex_and_consortia	Female_NS1	0.0959505170143437	0.221367669318266	85	85	0.665816583467361	0.903984175577239
ko.K13409	Sex_and_consortia	Female_NS1	0.0959505170143437	0.221367669318266	85	85	0.665816583467361	0.903984175577239
ko.K13408	Sex_and_consortia	Female_NS1	0.0959505170143437	0.221367669318266	85	85	0.665816583467361	0.903984175577239
ko.K07017	Sex_and_consortia	Female_NS1	-0.0543664534549951	0.0516677853803741	85	85	0.29574730235095	0.903984175577239
ko.K18895	Sex_and_consortia	Female_NS1	0.0959505170143437	0.221367669318266	85	85	0.665816583467361	0.903984175577239
ko.K07482	Sex_and_consortia	Female_NS1	0.0959505170143437	0.221367669318266	85	85	0.665816583467361	0.903984175577239
ko.K12517	Sex_and_consortia	Female_NS1	0.0959505170143437	0.221367669318266	85	85	0.665816583467361	0.903984175577239
ko.K12518	Sex_and_consortia	Female_NS1	0.0959505170143437	0.221367669318266	85	85	0.665816583467361	0.903984175577239
ko.K12519	Sex_and_consortia	Female_NS1	0.0959505170143437	0.221367669318266	85	85	0.665816583467361	0.903984175577239
ko.K12523	Sex_and_consortia	Female_NS1	0.0959505170143437	0.221367669318266	85	85	0.665816583467361	0.903984175577239
ko.K12521	Sex_and_consortia	Female_NS1	0.0959505170143437	0.221367669318266	85	85	0.665816583467361	0.903984175577239
ko.K06887	Sex_and_consortia	Female_NS1	0.0959505170143437	0.221367669318266	85	85	0.665816583467361	0.903984175577239
ko.K02342	Sex_and_consortia	Female_NS1	-0.0228729649255451	0.015728495901621	85	85	0.14965172907817	0.903984175577239
ko.K14159	Sex_and_consortia	Female_NS1	0.0959505170143437	0.221367669318266	85	85	0.665816583467361	0.903984175577239
ko.K03469	Sex_and_consortia	Female_NS1	-0.0421563620867975	0.0246807369028541	85	85	0.0913615531008388	0.903984175577239
ko.K07709	Sex_and_consortia	Female_NS1	0.0959505170143437	0.221367669318266	85	85	0.665816583467361	0.903984175577239
ko.K07803	Sex_and_consortia	Female_NS1	0.0959505170143437	0.221367669318266	85	85	0.665816583467361	0.903984175577239
ko.K05787	Sex_and_consortia	Female_NS1	0.0959505170143437	0.221367669318266	85	85	0.665816583467361	0.903984175577239
ko.K13638	Sex_and_consortia	Female_NS1	0.0682082944074599	0.144792232548564	85	85	0.638821531340447	0.903984175577239
ko.K09890	Sex_and_consortia	Female_NS1	0.0959505170143437	0.221367669318266	85	85	0.665816583467361	0.903984175577239
ko.K03499	Sex_and_consortia	Female_NS1	-0.0063643359266246	0.0139511075158563	85	85	0.649445822068053	0.903984175577239
ko.K03500	Sex_and_consortia	Female_NS1	0.0888531470755394	0.074399431642572	85	85	0.235773543144784	0.903984175577239
ko.K01462	Sex_and_consortia	Female_NS1	0.0225697226804367	0.0288473601359111	85	85	0.436215180959268	0.903984175577239
ko.K03747	Sex_and_consortia	Female_NS1	0.0959505170143437	0.221367669318266	85	85	0.665816583467361	0.903984175577239
ko.K07479	Sex_and_consortia	Female_NS1	0.0959505170143437	0.221367669318266	85	85	0.665816583467361	0.903984175577239
ko.K16052	Sex_and_consortia	Female_NS1	-0.0582414872920908	0.0858896540756135	85	85	0.499596522386372	0.903984175577239
ko.K14055	Sex_and_consortia	Female_NS1	0.0959505170143437	0.221367669318266	85	85	0.665816583467361	0.903984175577239
ko.K01420	Sex_and_consortia	Female_NS1	0.0443590115547035	0.0730099486212097	85	85	0.545128224508026	0.903984175577239
ko.K12942	Sex_and_consortia	Female_NS1	-0.0509700690565211	0.0407052755906416	85	85	0.214023646308157	0.903984175577239
ko.K12941	Sex_and_consortia	Female_NS1	0.0624954115826645	0.073658997336577	85	85	0.398631963098219	0.903984175577239
ko.K09891	Sex_and_consortia	Female_NS1	0.0959505170143437	0.221367669318266	85	85	0.665816583467361	0.903984175577239
ko.K02907	Sex_and_consortia	Female_NS1	-0.045061727787842	0.0259807191191546	85	85	0.0865543096453269	0.903984175577239
ko.K19707	Sex_and_consortia	Female_NS1	0.0959505170143437	0.221367669318266	85	85	0.665816583467361	0.903984175577239
ko.K21088	Sex_and_consortia	Female_NS1	0.0959505170143437	0.221367669318266	85	85	0.665816583467361	0.903984175577239
ko.K16074	Sex_and_consortia	Female_NS1	0.0959505170143437	0.221367669318266	85	85	0.665816583467361	0.903984175577239
ko.K07496	Sex_and_consortia	Female_NS1	-0.0361160662730499	0.0758106340906651	85	85	0.63504230838964	0.903984175577239
ko.K03073	Sex_and_consortia	Female_NS1	0.0516988882148725	0.0590268480411879	85	85	0.383637261329173	0.903984175577239
ko.K02601	Sex_and_consortia	Female_NS1	0.00632863566026427	0.0107204737449382	85	85	0.556572192281351	0.903984175577239
ko.K03043	Sex_and_consortia	Female_NS1	-0.045061727787842	0.0259807191191546	85	85	0.0865543096453269	0.903984175577239
ko.K03150	Sex_and_consortia	Female_NS1	-0.0150838358063524	0.0232333668414518	85	85	0.517981253006954	0.903984175577239
ko.K14153	Sex_and_consortia	Female_NS1	0.100514035526583	0.0775559564007034	85	85	0.198561086517593	0.903984175577239
ko.K03147	Sex_and_consortia	Female_NS1	0.0294256942210433	0.0335324325127153	85	85	0.382732222648885	0.903984175577239
ko.K07740	Sex_and_consortia	Female_NS1	0.0959505170143437	0.221367669318266	85	85	0.665816583467361	0.903984175577239
ko.K03426	Sex_and_consortia	Female_NS1	-0.0403258819112316	0.0296621952075066	85	85	0.177668931241242	0.903984175577239
ko.K05982	Sex_and_consortia	Female_NS1	0.0959505170143437	0.221367669318266	85	85	0.665816583467361	0.903984175577239
ko.K05782	Sex_and_consortia	Female_NS1	0.100319043457625	0.088214509088844	85	85	0.258719995499615	0.903984175577239
ko.K02055	Sex_and_consortia	Female_NS1	0.0649282492290927	0.0724162116132014	85	85	0.372526522394547	0.903984175577239
ko.K21511	Sex_and_consortia	Female_NS1	0.0959505170143437	0.221367669318266	85	85	0.665816583467361	0.903984175577239
ko.K05591	Sex_and_consortia	Female_NS1	-0.0525866520706895	0.0422623772202162	85	85	0.216895221483304	0.903984175577239
ko.K14058	Sex_and_consortia	Female_NS1	-0.0524156034813141	0.0370635039050389	85	85	0.16104029417348	0.903984175577239
ko.K19780	Sex_and_consortia	Female_NS1	0.0959505170143437	0.221367669318266	85	85	0.665816583467361	0.903984175577239
ko.K10762	Sex_and_consortia	Female_NS1	0.0959505170143437	0.221367669318266	85	85	0.665816583467361	0.903984175577239
ko.K11740	Sex_and_consortia	Female_NS1	0.111413693928853	0.203352502825499	85	85	0.585241648244698	0.903984175577239
ko.K11739	Sex_and_consortia	Female_NS1	0.0959505170143437	0.221367669318266	85	85	0.665816583467361	0.903984175577239
ko.K07804	Sex_and_consortia	Female_NS1	0.0959505170143437	0.221367669318266	85	85	0.665816583467361	0.903984175577239
ko.K14744	Sex_and_consortia	Female_NS1	0.0959505170143437	0.221367669318266	85	85	0.665816583467361	0.903984175577239
ko.K02054	Sex_and_consortia	Female_NS1	0.0649282492290927	0.0724162116132014	85	85	0.372526522394547	0.903984175577239
ko.K11208	Sex_and_consortia	Female_NS1	0.0959505170143437	0.221367669318266	85	85	0.665816583467361	0.903984175577239
ko.K11738	Sex_and_consortia	Female_NS1	0.0959505170143437	0.221367669318266	85	85	0.665816583467361	0.903984175577239
ko.K13654	Sex_and_consortia	Female_NS1	0.0959505170143437	0.221367669318266	85	85	0.665816583467361	0.903984175577239
ko.K07119	Sex_and_consortia	Female_NS1	0.0982795117374262	0.221038912709634	85	85	0.657747763059675	0.903984175577239
ko.K03823	Sex_and_consortia	Female_NS1	0.0635608010084436	0.0540239041460927	85	85	0.242746001620043	0.903984175577239
ko.K09936	Sex_and_consortia	Female_NS1	0.0517002452809744	0.0708304314306349	85	85	0.467496798227062	0.903984175577239
ko.K00137	Sex_and_consortia	Female_NS1	0.0959505170143437	0.221367669318266	85	85	0.665816583467361	0.903984175577239
ko.K02053	Sex_and_consortia	Female_NS1	0.0649282492290927	0.0724162116132014	85	85	0.372526522394547	0.903984175577239
ko.K10557	Sex_and_consortia	Female_NS1	0.0682082944074599	0.144792232548564	85	85	0.638821531340447	0.903984175577239
ko.K09131	Sex_and_consortia	Female_NS1	0.108788688272739	0.0900247662573874	85	85	0.23031327395024	0.903984175577239
ko.K05597	Sex_and_consortia	Female_NS1	0.0959505170143437	0.221367669318266	85	85	0.665816583467361	0.903984175577239
ko.K09923	Sex_and_consortia	Female_NS1	0.0959505170143437	0.221367669318266	85	85	0.665816583467361	0.903984175577239
ko.K08306	Sex_and_consortia	Female_NS1	0.0959505170143437	0.221367669318266	85	85	0.665816583467361	0.903984175577239
ko.K13566	Sex_and_consortia	Female_NS1	-0.0445826190297221	0.0332195813768583	85	85	0.183236820490064	0.903984175577239
ko.K06445	Sex_and_consortia	Female_NS1	0.0959505170143437	0.221367669318266	85	85	0.665816583467361	0.903984175577239
ko.K03830	Sex_and_consortia	Female_NS1	0.0689569540984745	0.0652500116719908	85	85	0.293663962764632	0.903984175577239
ko.K18148	Sex_and_consortia	Female_NS1	0.079869167446586	0.064134516684724	85	85	0.216511764723438	0.903984175577239
ko.K02839	Sex_and_consortia	Female_NS1	0.0416658511710974	0.0661577995638926	85	85	0.530558647801954	0.903984175577239
ko.K01270	Sex_and_consortia	Female_NS1	-0.0604397983442876	0.0291037841402581	85	85	0.0409223543961467	0.903984175577239
ko.K06899	Sex_and_consortia	Female_NS1	0.0959505170143437	0.221367669318266	85	85	0.665816583467361	0.903984175577239
ko.K11750	Sex_and_consortia	Female_NS1	0.0959505170143437	0.221367669318266	85	85	0.665816583467361	0.903984175577239
ko.K11926	Sex_and_consortia	Female_NS1	0.0959505170143437	0.221367669318266	85	85	0.665816583467361	0.903984175577239
ko.K02221	Sex_and_consortia	Female_NS1	-0.11297861325972	0.133590318375482	85	85	0.400146291575254	0.903984175577239
ko.K11178	Sex_and_consortia	Female_NS1	0.0959505170143437	0.221367669318266	85	85	0.665816583467361	0.903984175577239
ko.K03472	Sex_and_consortia	Female_NS1	0.0959505170143437	0.221367669318266	85	85	0.665816583467361	0.903984175577239
ko.K06934	Sex_and_consortia	Female_NS1	-0.0410922491078317	0.0404259689174792	85	85	0.312354074806303	0.903984175577239
ko.K16923	Sex_and_consortia	Female_NS1	-0.129242458579955	0.13093557337128	85	85	0.326477528556419	0.903984175577239
ko.K16786	Sex_and_consortia	Female_NS1	0.0569866567555152	0.0494030273121128	85	85	0.252013940830601	0.903984175577239
ko.K02173	Sex_and_consortia	Female_NS1	0.0959505170143437	0.221367669318266	85	85	0.665816583467361	0.903984175577239
ko.K01479	Sex_and_consortia	Female_NS1	0.0982795117374262	0.221038912709634	85	85	0.657747763059675	0.903984175577239
ko.K01480	Sex_and_consortia	Female_NS1	0.0302168053957717	0.065046908482783	85	85	0.643478124083572	0.903984175577239
ko.K01585	Sex_and_consortia	Female_NS1	0.00828312348605131	0.0127132990359683	85	85	0.516503003077609	0.903984175577239
ko.K00789	Sex_and_consortia	Female_NS1	0.00763030635182125	0.00918631183333021	85	85	0.408572998529673	0.903984175577239
ko.K02742	Sex_and_consortia	Female_NS1	0.0959505170143437	0.221367669318266	85	85	0.665816583467361	0.903984175577239
ko.K01920	Sex_and_consortia	Female_NS1	0.0959505170143437	0.221367669318266	85	85	0.665816583467361	0.903984175577239
ko.K02669	Sex_and_consortia	Female_NS1	0.100669371856866	0.0774108817918373	85	85	0.197044415396768	0.903984175577239
ko.K11177	Sex_and_consortia	Female_NS1	0.0959505170143437	0.221367669318266	85	85	0.665816583467361	0.903984175577239
ko.K13483	Sex_and_consortia	Female_NS1	0.07063678795821	0.0852743721690829	85	85	0.409849515518937	0.903984175577239
ko.K09897	Sex_and_consortia	Female_NS1	0.0959505170143437	0.221367669318266	85	85	0.665816583467361	0.903984175577239
ko.K01908	Sex_and_consortia	Female_NS1	0.0959505170143437	0.221367669318266	85	85	0.665816583467361	0.903984175577239
ko.K11921	Sex_and_consortia	Female_NS1	0.0717211659213046	0.0770654500724845	85	85	0.354732286423232	0.903984175577239
ko.K01725	Sex_and_consortia	Female_NS1	0.0959505170143437	0.221367669318266	85	85	0.665816583467361	0.903984175577239
ko.K05818	Sex_and_consortia	Female_NS1	0.0959505170143437	0.221367669318266	85	85	0.665816583467361	0.903984175577239
ko.K05712	Sex_and_consortia	Female_NS1	0.0959505170143437	0.221367669318266	85	85	0.665816583467361	0.903984175577239
ko.K04099	Sex_and_consortia	Female_NS1	0.0959505170143437	0.221367669318266	85	85	0.665816583467361	0.903984175577239
ko.K05713	Sex_and_consortia	Female_NS1	0.0959505170143437	0.221367669318266	85	85	0.665816583467361	0.903984175577239
ko.K05714	Sex_and_consortia	Female_NS1	0.0959505170143437	0.221367669318266	85	85	0.665816583467361	0.903984175577239
ko.K10222	Sex_and_consortia	Female_NS1	0.0959505170143437	0.221367669318266	85	85	0.665816583467361	0.903984175577239
ko.K04073	Sex_and_consortia	Female_NS1	0.0832338431420137	0.0788885617416761	85	85	0.294449732408004	0.903984175577239
ko.K01666	Sex_and_consortia	Female_NS1	0.0700518779717443	0.0665305592091572	85	85	0.295429762572792	0.903984175577239
ko.K05819	Sex_and_consortia	Female_NS1	0.0959505170143437	0.221367669318266	85	85	0.665816583467361	0.903984175577239
ko.K09912	Sex_and_consortia	Female_NS1	0.0959505170143437	0.221367669318266	85	85	0.665816583467361	0.903984175577239
ko.K00121	Sex_and_consortia	Female_NS1	-0.109895075044382	0.0951473818433676	85	85	0.25140546645078	0.903984175577239
ko.K15551	Sex_and_consortia	Female_NS1	0.0959505170143437	0.221367669318266	85	85	0.665816583467361	0.903984175577239
ko.K10831	Sex_and_consortia	Female_NS1	0.0959505170143437	0.221367669318266	85	85	0.665816583467361	0.903984175577239
ko.K15552	Sex_and_consortia	Female_NS1	0.0625946458606988	0.0686151748714721	85	85	0.364275783429864	0.903984175577239
ko.K03119	Sex_and_consortia	Female_NS1	0.0959505170143437	0.221367669318266	85	85	0.665816583467361	0.903984175577239
ko.K10974	Sex_and_consortia	Female_NS1	0.065867951586489	0.0789530450622435	85	85	0.406525032695014	0.903984175577239
ko.K01720	Sex_and_consortia	Female_NS1	0.0959505170143437	0.221367669318266	85	85	0.665816583467361	0.903984175577239
ko.K08996	Sex_and_consortia	Female_NS1	0.100470519681342	0.220748164643195	85	85	0.650199454754121	0.903984175577239
ko.K01659	Sex_and_consortia	Female_NS1	-0.0507805425722919	0.0377093436083898	85	85	0.181765139938058	0.903984175577239
ko.K21968	Sex_and_consortia	Female_NS1	0.0959505170143437	0.221367669318266	85	85	0.665816583467361	0.903984175577239
ko.K21967	Sex_and_consortia	Female_NS1	0.0959505170143437	0.221367669318266	85	85	0.665816583467361	0.903984175577239
ko.K21966	Sex_and_consortia	Female_NS1	0.0959505170143437	0.221367669318266	85	85	0.665816583467361	0.903984175577239
ko.K21965	Sex_and_consortia	Female_NS1	0.0959505170143437	0.221367669318266	85	85	0.665816583467361	0.903984175577239
ko.K21964	Sex_and_consortia	Female_NS1	0.0959505170143437	0.221367669318266	85	85	0.665816583467361	0.903984175577239
ko.K21741	Sex_and_consortia	Female_NS1	0.0959505170143437	0.221367669318266	85	85	0.665816583467361	0.903984175577239
ko.K21739	Sex_and_consortia	Female_NS1	-0.0581952542611265	0.0623653096066381	85	85	0.353456905702835	0.903984175577239
ko.K18991	Sex_and_consortia	Female_NS1	0.0959505170143437	0.221367669318266	85	85	0.665816583467361	0.903984175577239
ko.K21746	Sex_and_consortia	Female_NS1	0.0959505170143437	0.221367669318266	85	85	0.665816583467361	0.903984175577239
ko.K00108	Sex_and_consortia	Female_NS1	0.113742688651935	0.202963785422667	85	85	0.576710229470423	0.903984175577239
ko.K02167	Sex_and_consortia	Female_NS1	0.0959505170143437	0.221367669318266	85	85	0.665816583467361	0.903984175577239
ko.K02168	Sex_and_consortia	Female_NS1	0.111413693928853	0.203352502825499	85	85	0.585241648244698	0.903984175577239
ko.K13979	Sex_and_consortia	Female_NS1	0.0982795117374262	0.221038912709634	85	85	0.657747763059675	0.903984175577239
ko.K03329	Sex_and_consortia	Female_NS1	0.0959505170143437	0.221367669318266	85	85	0.665816583467361	0.903984175577239
ko.K03417	Sex_and_consortia	Female_NS1	0.0959505170143437	0.221367669318266	85	85	0.665816583467361	0.903984175577239
ko.K03442	Sex_and_consortia	Female_NS1	-0.0515960734547855	0.0398994826542269	85	85	0.199546421191286	0.903984175577239
ko.K06895	Sex_and_consortia	Female_NS1	0.0874185270269109	0.0680532424196364	85	85	0.202519481922095	0.903984175577239
ko.K07042	Sex_and_consortia	Female_NS1	0.0812419753102813	0.0619632066734552	85	85	0.193428810837787	0.903984175577239
ko.K06168	Sex_and_consortia	Female_NS1	0.00770764390188386	0.0124044971666172	85	85	0.536066402553413	0.903984175577239
ko.K03184	Sex_and_consortia	Female_NS1	0.0959505170143437	0.221367669318266	85	85	0.665816583467361	0.903984175577239
ko.K01953	Sex_and_consortia	Female_NS1	-0.0398569163031568	0.0287140473382978	85	85	0.168832470865648	0.903984175577239
ko.K02565	Sex_and_consortia	Female_NS1	0.0959505170143437	0.221367669318266	85	85	0.665816583467361	0.903984175577239
ko.K01443	Sex_and_consortia	Female_NS1	0.0182373336768264	0.0415163786194388	85	85	0.661599878892206	0.903984175577239
ko.K02564	Sex_and_consortia	Female_NS1	-0.0235018516211107	0.0156241816332739	85	85	0.136326441029807	0.903984175577239
ko.K02802	Sex_and_consortia	Female_NS1	-0.1472827296629	0.194161537053479	85	85	0.450265872412887	0.903984175577239
ko.K01886	Sex_and_consortia	Female_NS1	0.00706102097563539	0.01238635382569	85	85	0.570173829909505	0.903984175577239
ko.K03711	Sex_and_consortia	Female_NS1	-0.0524854164074605	0.0308017311623507	85	85	0.0921268322644997	0.903984175577239
ko.K03839	Sex_and_consortia	Female_NS1	-0.0493147538469274	0.0312173206012364	85	85	0.117973742603114	0.903984175577239
ko.K01175	Sex_and_consortia	Female_NS1	0.0959505170143437	0.221367669318266	85	85	0.665816583467361	0.903984175577239
ko.K03645	Sex_and_consortia	Female_NS1	0.0959505170143437	0.221367669318266	85	85	0.665816583467361	0.903984175577239
ko.K01835	Sex_and_consortia	Female_NS1	0.00528187892102792	0.0104621670145628	85	85	0.614998410721818	0.903984175577239
ko.K07667	Sex_and_consortia	Female_NS1	0.080752153866367	0.0510788667919685	85	85	0.117697379073588	0.903984175577239
ko.K03820	Sex_and_consortia	Female_NS1	0.0972552486465971	0.0900226113945965	85	85	0.283118937141468	0.903984175577239
ko.K10001	Sex_and_consortia	Female_NS1	-0.101057354072203	0.157357016374259	85	85	0.522502202781266	0.903984175577239
ko.K09807	Sex_and_consortia	Female_NS1	0.0290443107011123	0.0668889840747145	85	85	0.665257820499563	0.903984175577239
ko.K07702	Sex_and_consortia	Female_NS1	0.0959505170143437	0.221367669318266	85	85	0.665816583467361	0.903984175577239
ko.K03425	Sex_and_consortia	Female_NS1	0.111413693928853	0.203352502825499	85	85	0.585241648244698	0.903984175577239
ko.K03642	Sex_and_consortia	Female_NS1	0.0922785509921883	0.0830455729077437	85	85	0.269699542915406	0.903984175577239
ko.K05837	Sex_and_consortia	Female_NS1	-0.0456780666334125	0.0261691807477151	85	85	0.0846001310825114	0.903984175577239
ko.K05515	Sex_and_consortia	Female_NS1	0.0108740883699939	0.0107121207281999	85	85	0.312998644541086	0.903984175577239
ko.K02226	Sex_and_consortia	Female_NS1	-0.0378672340666888	0.038508374669504	85	85	0.328292727853425	0.903984175577239
ko.K22306	Sex_and_consortia	Female_NS1	0.132167118441341	0.16732163117959	85	85	0.431837923574191	0.903984175577239
ko.K00969	Sex_and_consortia	Female_NS1	0.00583487717368429	0.0106363513538481	85	85	0.584767148932564	0.903984175577239
ko.K07646	Sex_and_consortia	Female_NS1	0.0480522510805842	0.0343100019324168	85	85	0.165081514302594	0.903984175577239
ko.K01548	Sex_and_consortia	Female_NS1	0.0326445598759638	0.0299051116924575	85	85	0.278165515570427	0.903984175577239
ko.K01547	Sex_and_consortia	Female_NS1	0.0458976509332199	0.0419526554616745	85	85	0.277104757347835	0.903984175577239
ko.K01546	Sex_and_consortia	Female_NS1	0.0324444814979314	0.029914086904504	85	85	0.281244213209879	0.903984175577239
ko.K11068	Sex_and_consortia	Female_NS1	-0.0525522663243955	0.0257138835873594	85	85	0.044151339103159	0.903984175577239
ko.K09900	Sex_and_consortia	Female_NS1	0.0959505170143437	0.221367669318266	85	85	0.665816583467361	0.903984175577239
ko.K00283	Sex_and_consortia	Female_NS1	-0.0228969515760139	0.0336406011480264	85	85	0.497997194401625	0.903984175577239
ko.K02437	Sex_and_consortia	Female_NS1	0.0097316117639317	0.0100554252698464	85	85	0.335957354626697	0.903984175577239
ko.K00605	Sex_and_consortia	Female_NS1	0.0138520808873772	0.00995427457992264	85	85	0.167770691606374	0.903984175577239
ko.K03185	Sex_and_consortia	Female_NS1	0.0959505170143437	0.221367669318266	85	85	0.665816583467361	0.903984175577239
ko.K09895	Sex_and_consortia	Female_NS1	0.0959505170143437	0.221367669318266	85	85	0.665816583467361	0.903984175577239
ko.K09888	Sex_and_consortia	Female_NS1	-0.0399160197952675	0.0274685991471416	85	85	0.14995234344128	0.903984175577239
ko.K00058	Sex_and_consortia	Female_NS1	0.0133897360428327	0.0142014177901908	85	85	0.348496521380584	0.903984175577239
ko.K01807	Sex_and_consortia	Female_NS1	-0.0600914693646806	0.0503308452729964	85	85	0.235906804117235	0.903984175577239
ko.K05596	Sex_and_consortia	Female_NS1	0.0959505170143437	0.221367669318266	85	85	0.665816583467361	0.903984175577239
ko.K01848	Sex_and_consortia	Female_NS1	0.100319043457625	0.088214509088844	85	85	0.258719995499615	0.903984175577239
ko.K11264	Sex_and_consortia	Female_NS1	0.0959505170143437	0.221367669318266	85	85	0.665816583467361	0.903984175577239
ko.K18118	Sex_and_consortia	Female_NS1	-0.0447958172934277	0.0372034172588429	85	85	0.231982013280619	0.903984175577239
ko.K22214	Sex_and_consortia	Female_NS1	0.0959505170143437	0.221367669318266	85	85	0.665816583467361	0.903984175577239
ko.K09159	Sex_and_consortia	Female_NS1	0.0959505170143437	0.221367669318266	85	85	0.665816583467361	0.903984175577239
ko.K19168	Sex_and_consortia	Female_NS1	0.0682082944074599	0.144792232548564	85	85	0.638821531340447	0.903984175577239
ko.K01464	Sex_and_consortia	Female_NS1	0.0690563988871566	0.0736349510297043	85	85	0.351057440155224	0.903984175577239
ko.K00087	Sex_and_consortia	Female_NS1	0.0648189095572016	0.0820902819562083	85	85	0.432008364546251	0.903984175577239
ko.K13479	Sex_and_consortia	Female_NS1	0.0676133959024118	0.0767632012741321	85	85	0.380966901694731	0.903984175577239
ko.K16878	Sex_and_consortia	Female_NS1	0.0959505170143437	0.221367669318266	85	85	0.665816583467361	0.903984175577239
ko.K03518	Sex_and_consortia	Female_NS1	0.0606093261501544	0.0830657286320479	85	85	0.467655322868123	0.903984175577239
ko.K07302	Sex_and_consortia	Female_NS1	0.0632968986987834	0.0940473847269178	85	85	0.502796595863802	0.903984175577239
ko.K13480	Sex_and_consortia	Female_NS1	0.0959505170143437	0.221367669318266	85	85	0.665816583467361	0.903984175577239
ko.K01751	Sex_and_consortia	Female_NS1	0.0711804162511598	0.0658015706269687	85	85	0.282499459989202	0.903984175577239
ko.K05831	Sex_and_consortia	Female_NS1	0.0959505170143437	0.221367669318266	85	85	0.665816583467361	0.903984175577239
ko.K07141	Sex_and_consortia	Female_NS1	0.0743572738554887	0.0696110960569847	85	85	0.288535666689885	0.903984175577239
ko.K03840	Sex_and_consortia	Female_NS1	0.0959505170143437	0.221367669318266	85	85	0.665816583467361	0.903984175577239
ko.K12527	Sex_and_consortia	Female_NS1	0.0801495703913552	0.0640894940479594	85	85	0.214598818879412	0.903984175577239
ko.K12529	Sex_and_consortia	Female_NS1	0.0959505170143437	0.221367669318266	85	85	0.665816583467361	0.903984175577239
ko.K01597	Sex_and_consortia	Female_NS1	-0.1472827296629	0.194161537053479	85	85	0.450265872412887	0.903984175577239
ko.K04763	Sex_and_consortia	Female_NS1	0.044809974094402	0.0365720395810957	85	85	0.223945821594131	0.903984175577239
ko.K01698	Sex_and_consortia	Female_NS1	0.0944627183547385	0.071741209007423	85	85	0.19155836793124	0.903984175577239
ko.K11258	Sex_and_consortia	Female_NS1	0.0959505170143437	0.221367669318266	85	85	0.665816583467361	0.903984175577239
ko.K10556	Sex_and_consortia	Female_NS1	0.0682082944074599	0.144792232548564	85	85	0.638821531340447	0.903984175577239
ko.K05927	Sex_and_consortia	Female_NS1	0.0959505170143437	0.221367669318266	85	85	0.665816583467361	0.903984175577239
ko.K00104	Sex_and_consortia	Female_NS1	0.0997172990826946	0.0749189183226413	85	85	0.186832743616558	0.903984175577239
ko.K11472	Sex_and_consortia	Female_NS1	0.0959505170143437	0.221367669318266	85	85	0.665816583467361	0.903984175577239
ko.K11477	Sex_and_consortia	Female_NS1	0.0959505170143437	0.221367669318266	85	85	0.665816583467361	0.903984175577239
ko.K02550	Sex_and_consortia	Female_NS1	0.0959505170143437	0.221367669318266	85	85	0.665816583467361	0.903984175577239
ko.K12370	Sex_and_consortia	Female_NS1	0.0959505170143437	0.221367669318266	85	85	0.665816583467361	0.903984175577239
ko.K12369	Sex_and_consortia	Female_NS1	0.0959505170143437	0.221367669318266	85	85	0.665816583467361	0.903984175577239
ko.K12368	Sex_and_consortia	Female_NS1	0.0959505170143437	0.221367669318266	85	85	0.665816583467361	0.903984175577239
ko.K08177	Sex_and_consortia	Female_NS1	0.0604773188177469	0.0546523186282792	85	85	0.271671260012015	0.903984175577239
ko.K01246	Sex_and_consortia	Female_NS1	-0.0109160399391525	0.0187548362978861	85	85	0.562118291167806	0.903984175577239
ko.K03826	Sex_and_consortia	Female_NS1	0.0975599337733561	0.068106874075274	85	85	0.155769639094395	0.903984175577239
ko.K12216	Sex_and_consortia	Female_NS1	0.0959505170143437	0.221367669318266	85	85	0.665816583467361	0.903984175577239
ko.K00032	Sex_and_consortia	Female_NS1	0.0959505170143437	0.221367669318266	85	85	0.665816583467361	0.903984175577239
ko.K00090	Sex_and_consortia	Female_NS1	0.0959505170143437	0.221367669318266	85	85	0.665816583467361	0.903984175577239
ko.K07726	Sex_and_consortia	Female_NS1	0.107640324693452	0.0759820791727378	85	85	0.160326497107269	0.903984175577239
ko.K01879	Sex_and_consortia	Female_NS1	-0.143874602958121	0.141790493386689	85	85	0.31319839093151	0.903984175577239
ko.K01878	Sex_and_consortia	Female_NS1	-0.143874602958121	0.141790493386689	85	85	0.31319839093151	0.903984175577239
ko.K01805	Sex_and_consortia	Female_NS1	-0.0380881237008166	0.0324296260159529	85	85	0.243559360168991	0.903984175577239
ko.K10543	Sex_and_consortia	Female_NS1	0.0825987446789768	0.0742318540917615	85	85	0.269044094694834	0.903984175577239
ko.K10544	Sex_and_consortia	Female_NS1	0.0959505170143437	0.221367669318266	85	85	0.665816583467361	0.903984175577239
ko.K01460	Sex_and_consortia	Female_NS1	0.0959505170143437	0.221367669318266	85	85	0.665816583467361	0.903984175577239
ko.K03796	Sex_and_consortia	Female_NS1	0.0959505170143437	0.221367669318266	85	85	0.665816583467361	0.903984175577239
ko.K03559	Sex_and_consortia	Female_NS1	0.0258268316946639	0.036968888526496	85	85	0.486748744828505	0.903984175577239
ko.K08172	Sex_and_consortia	Female_NS1	0.0959505170143437	0.221367669318266	85	85	0.665816583467361	0.903984175577239
ko.K01241	Sex_and_consortia	Female_NS1	-0.0507805425722919	0.0377093436083898	85	85	0.181765139938058	0.903984175577239
ko.K13635	Sex_and_consortia	Female_NS1	0.0959505170143437	0.221367669318266	85	85	0.665816583467361	0.903984175577239
ko.K19338	Sex_and_consortia	Female_NS1	0.0959505170143437	0.221367669318266	85	85	0.665816583467361	0.903984175577239
ko.K00768	Sex_and_consortia	Female_NS1	0.00947406222792002	0.0186633555166581	85	85	0.613059782363576	0.903984175577239
ko.K02233	Sex_and_consortia	Female_NS1	0.0125960749323625	0.0108346679631028	85	85	0.248335273098954	0.903984175577239
ko.K02231	Sex_and_consortia	Female_NS1	0.011213571503799	0.0134566336629661	85	85	0.40706054247232	0.903984175577239
ko.K07666	Sex_and_consortia	Female_NS1	-0.101057354072203	0.157357016374259	85	85	0.522502202781266	0.903984175577239
ko.K07471	Sex_and_consortia	Female_NS1	0.0959505170143437	0.221367669318266	85	85	0.665816583467361	0.903984175577239
ko.K13651	Sex_and_consortia	Female_NS1	0.0959505170143437	0.221367669318266	85	85	0.665816583467361	0.903984175577239
ko.K13655	Sex_and_consortia	Female_NS1	0.0959505170143437	0.221367669318266	85	85	0.665816583467361	0.903984175577239
ko.K04753	Sex_and_consortia	Female_NS1	0.0959505170143437	0.221367669318266	85	85	0.665816583467361	0.903984175577239
ko.K01760	Sex_and_consortia	Female_NS1	-0.23271771207752	0.148767292626783	85	85	0.121550448881451	0.903984175577239
ko.K03561	Sex_and_consortia	Female_NS1	0.0130865061905371	0.0264653716095316	85	85	0.622275930982987	0.903984175577239
ko.K10547	Sex_and_consortia	Female_NS1	0.0756357406592369	0.0762209217781362	85	85	0.323924355416866	0.903984175577239
ko.K00835	Sex_and_consortia	Female_NS1	0.108788688272739	0.0900247662573874	85	85	0.23031327395024	0.903984175577239
ko.K02611	Sex_and_consortia	Female_NS1	0.0959505170143437	0.221367669318266	85	85	0.665816583467361	0.903984175577239
ko.K02613	Sex_and_consortia	Female_NS1	0.0959505170143437	0.221367669318266	85	85	0.665816583467361	0.903984175577239
ko.K01692	Sex_and_consortia	Female_NS1	0.0959505170143437	0.221367669318266	85	85	0.665816583467361	0.903984175577239
ko.K00074	Sex_and_consortia	Female_NS1	0.0633525738702502	0.057325732867521	85	85	0.272295119623749	0.903984175577239
ko.K02615	Sex_and_consortia	Female_NS1	0.0959505170143437	0.221367669318266	85	85	0.665816583467361	0.903984175577239
ko.K01912	Sex_and_consortia	Female_NS1	-0.0354967352878396	0.0331476887717362	85	85	0.287333772369251	0.903984175577239
ko.K02616	Sex_and_consortia	Female_NS1	0.0959505170143437	0.221367669318266	85	85	0.665816583467361	0.903984175577239
ko.K05275	Sex_and_consortia	Female_NS1	0.0959505170143437	0.221367669318266	85	85	0.665816583467361	0.903984175577239
ko.K01090	Sex_and_consortia	Female_NS1	0.0648285523541836	0.0891020924935882	85	85	0.468920569406759	0.903984175577239
ko.K01118	Sex_and_consortia	Female_NS1	-0.0607536115685836	0.104664626379241	85	85	0.563177233058938	0.903984175577239
ko.K03578	Sex_and_consortia	Female_NS1	0.0972180696439166	0.0896301014843895	85	85	0.281213391785598	0.903984175577239
ko.K02623	Sex_and_consortia	Female_NS1	0.0959505170143437	0.221367669318266	85	85	0.665816583467361	0.903984175577239
ko.K09794	Sex_and_consortia	Female_NS1	0.0959505170143437	0.221367669318266	85	85	0.665816583467361	0.903984175577239
ko.K03304	Sex_and_consortia	Female_NS1	0.0959505170143437	0.221367669318266	85	85	0.665816583467361	0.903984175577239
ko.K11216	Sex_and_consortia	Female_NS1	0.0682082944074599	0.144792232548564	85	85	0.638821531340447	0.903984175577239
ko.K11531	Sex_and_consortia	Female_NS1	0.0959505170143437	0.221367669318266	85	85	0.665816583467361	0.903984175577239
ko.K10558	Sex_and_consortia	Female_NS1	0.0682082944074599	0.144792232548564	85	85	0.638821531340447	0.903984175577239
ko.K02612	Sex_and_consortia	Female_NS1	0.0959505170143437	0.221367669318266	85	85	0.665816583467361	0.903984175577239
ko.K02610	Sex_and_consortia	Female_NS1	0.0959505170143437	0.221367669318266	85	85	0.665816583467361	0.903984175577239
ko.K21602	Sex_and_consortia	Female_NS1	0.0959505170143437	0.221367669318266	85	85	0.665816583467361	0.903984175577239
ko.K02609	Sex_and_consortia	Female_NS1	0.0959505170143437	0.221367669318266	85	85	0.665816583467361	0.903984175577239
ko.K08092	Sex_and_consortia	Female_NS1	0.0712116505419578	0.0753623062954846	85	85	0.347440359308229	0.903984175577239
ko.K21394	Sex_and_consortia	Female_NS1	0.0825987446789768	0.0742318540917615	85	85	0.269044094694834	0.903984175577239
ko.K21393	Sex_and_consortia	Female_NS1	0.0959505170143437	0.221367669318266	85	85	0.665816583467361	0.903984175577239
ko.K21395	Sex_and_consortia	Female_NS1	0.0742863284047144	0.076990772205949	85	85	0.337411265925972	0.903984175577239
ko.K00880	Sex_and_consortia	Female_NS1	0.0906859068109233	0.0832240406184098	85	85	0.279016526146827	0.903984175577239
ko.K08093	Sex_and_consortia	Female_NS1	-0.1472827296629	0.194161537053479	85	85	0.450265872412887	0.903984175577239
ko.K03833	Sex_and_consortia	Female_NS1	0.067543091950348	0.0606664694550333	85	85	0.268771542783244	0.903984175577239
ko.K14061	Sex_and_consortia	Female_NS1	0.0959505170143437	0.221367669318266	85	85	0.665816583467361	0.903984175577239
ko.K03737	Sex_and_consortia	Female_NS1	0.00603299827442841	0.0114970779611641	85	85	0.601161420895789	0.903984175577239
ko.K03778	Sex_and_consortia	Female_NS1	-0.0426615450126747	0.0277657434038354	85	85	0.128223919673452	0.903984175577239
ko.K09978	Sex_and_consortia	Female_NS1	0.0959505170143437	0.221367669318266	85	85	0.665816583467361	0.903984175577239
ko.K14063	Sex_and_consortia	Female_NS1	0.0959505170143437	0.221367669318266	85	85	0.665816583467361	0.903984175577239
ko.K00146	Sex_and_consortia	Female_NS1	0.0661112408327747	0.0722352719479144	85	85	0.362726939909517	0.903984175577239
ko.K00276	Sex_and_consortia	Female_NS1	0.0959505170143437	0.221367669318266	85	85	0.665816583467361	0.903984175577239
ko.K02618	Sex_and_consortia	Female_NS1	0.0959505170143437	0.221367669318266	85	85	0.665816583467361	0.903984175577239
ko.K15721	Sex_and_consortia	Female_NS1	0.0959505170143437	0.221367669318266	85	85	0.665816583467361	0.903984175577239
ko.K04783	Sex_and_consortia	Female_NS1	0.0648285523541836	0.0891020924935882	85	85	0.468920569406759	0.903984175577239
ko.K05374	Sex_and_consortia	Female_NS1	0.0959505170143437	0.221367669318266	85	85	0.665816583467361	0.903984175577239
ko.K02498	Sex_and_consortia	Female_NS1	0.0959505170143437	0.221367669318266	85	85	0.665816583467361	0.903984175577239
ko.K13543	Sex_and_consortia	Female_NS1	0.0959505170143437	0.221367669318266	85	85	0.665816583467361	0.903984175577239
ko.K01719	Sex_and_consortia	Female_NS1	-0.0517320228150842	0.0348290993727795	85	85	0.141249990201958	0.903984175577239
ko.K01749	Sex_and_consortia	Female_NS1	0.091440947041411	0.0615319069368917	85	85	0.141048347498802	0.903984175577239
ko.K05851	Sex_and_consortia	Female_NS1	0.0682082944074599	0.144792232548564	85	85	0.638821531340447	0.903984175577239
ko.K01778	Sex_and_consortia	Female_NS1	0.00527214964443838	0.0102709111373568	85	85	0.609098955816878	0.903984175577239
ko.K09921	Sex_and_consortia	Female_NS1	0.0959505170143437	0.221367669318266	85	85	0.665816583467361	0.903984175577239
ko.K03733	Sex_and_consortia	Female_NS1	-0.0124321565544667	0.0172721208558803	85	85	0.473681399108525	0.903984175577239
ko.K20862	Sex_and_consortia	Female_NS1	0.0304477224832585	0.0671367007913468	85	85	0.65135909902744	0.903984175577239
ko.K03654	Sex_and_consortia	Female_NS1	-0.015542967181657	0.0136772477093432	85	85	0.259055322005029	0.903984175577239
ko.K05835	Sex_and_consortia	Female_NS1	0.0959505170143437	0.221367669318266	85	85	0.665816583467361	0.903984175577239
ko.K05834	Sex_and_consortia	Female_NS1	0.0959505170143437	0.221367669318266	85	85	0.665816583467361	0.903984175577239
ko.K03576	Sex_and_consortia	Female_NS1	0.0959505170143437	0.221367669318266	85	85	0.665816583467361	0.903984175577239
ko.K00757	Sex_and_consortia	Female_NS1	-0.0389348543691872	0.028740317519151	85	85	0.17918545616691	0.903984175577239
ko.K02496	Sex_and_consortia	Female_NS1	0.100319043457625	0.088214509088844	85	85	0.258719995499615	0.903984175577239
ko.K01130	Sex_and_consortia	Female_NS1	0.0428425049082842	0.0765724573688251	85	85	0.577325367642852	0.903984175577239
ko.K04785	Sex_and_consortia	Female_NS1	0.0959505170143437	0.221367669318266	85	85	0.665816583467361	0.903984175577239
ko.K01687	Sex_and_consortia	Female_NS1	0.0158626027970426	0.0172634761155651	85	85	0.36083489031609	0.903984175577239
ko.K02521	Sex_and_consortia	Female_NS1	0.0959505170143437	0.221367669318266	85	85	0.665816583467361	0.903984175577239
ko.K00053	Sex_and_consortia	Female_NS1	0.0102136474249921	0.0121757962819684	85	85	0.403963843804615	0.903984175577239
ko.K03769	Sex_and_consortia	Female_NS1	0.0777939833270097	0.0897779244491658	85	85	0.388705462851133	0.903984175577239
ko.K03656	Sex_and_consortia	Female_NS1	0.0959505170143437	0.221367669318266	85	85	0.665816583467361	0.903984175577239
ko.K03732	Sex_and_consortia	Female_NS1	0.0959505170143437	0.221367669318266	85	85	0.665816583467361	0.903984175577239
ko.K03628	Sex_and_consortia	Female_NS1	0.026274340304925	0.0318140450243167	85	85	0.411244131503191	0.903984175577239
ko.K02851	Sex_and_consortia	Female_NS1	-0.0596323512724309	0.0990285836939735	85	85	0.548700451246289	0.903984175577239
ko.K05790	Sex_and_consortia	Female_NS1	0.0959505170143437	0.221367669318266	85	85	0.665816583467361	0.903984175577239
ko.K01791	Sex_and_consortia	Female_NS1	-0.0559009956631453	0.0287279289822212	85	85	0.0550539182068839	0.903984175577239
ko.K02472	Sex_and_consortia	Female_NS1	-0.0458580931258615	0.030290947167145	85	85	0.133844801276261	0.903984175577239
ko.K16704	Sex_and_consortia	Female_NS1	0.121018249107135	0.187646646817851	85	85	0.520753635665854	0.903984175577239
ko.K02805	Sex_and_consortia	Female_NS1	0.0714006836238109	0.0717141858910506	85	85	0.322324510125406	0.903984175577239
ko.K16693	Sex_and_consortia	Female_NS1	0.0959505170143437	0.221367669318266	85	85	0.665816583467361	0.903984175577239
ko.K12582	Sex_and_consortia	Female_NS1	0.0959505170143437	0.221367669318266	85	85	0.665816583467361	0.903984175577239
ko.K02853	Sex_and_consortia	Female_NS1	0.0959505170143437	0.221367669318266	85	85	0.665816583467361	0.903984175577239
ko.K03690	Sex_and_consortia	Female_NS1	0.0959505170143437	0.221367669318266	85	85	0.665816583467361	0.903984175577239
ko.K02420	Sex_and_consortia	Female_NS1	0.0529463384560923	0.0773736453953695	85	85	0.49569566158055	0.903984175577239
ko.K02421	Sex_and_consortia	Female_NS1	0.0529463384560923	0.0773736453953695	85	85	0.49569566158055	0.903984175577239
ko.K07781	Sex_and_consortia	Female_NS1	0.0959505170143437	0.221367669318266	85	85	0.665816583467361	0.903984175577239
ko.K07026	Sex_and_consortia	Female_NS1	0.0959505170143437	0.221367669318266	85	85	0.665816583467361	0.903984175577239
ko.K15918	Sex_and_consortia	Female_NS1	0.0959505170143437	0.221367669318266	85	85	0.665816583467361	0.903984175577239
ko.K09781	Sex_and_consortia	Female_NS1	0.0959505170143437	0.221367669318266	85	85	0.665816583467361	0.903984175577239
ko.K07458	Sex_and_consortia	Female_NS1	0.106770411187774	0.0838483174898968	85	85	0.206439505543621	0.903984175577239
ko.K06950	Sex_and_consortia	Female_NS1	-0.0427906551432482	0.0293262964788832	85	85	0.14830572235003	0.903984175577239
ko.K05523	Sex_and_consortia	Female_NS1	0.0959505170143437	0.221367669318266	85	85	0.665816583467361	0.903984175577239
ko.K02484	Sex_and_consortia	Female_NS1	-0.0395539641844235	0.0281992812709083	85	85	0.164448148387628	0.903984175577239
ko.K07127	Sex_and_consortia	Female_NS1	0.0959505170143437	0.221367669318266	85	85	0.665816583467361	0.903984175577239
ko.K07147	Sex_and_consortia	Female_NS1	0.0959505170143437	0.221367669318266	85	85	0.665816583467361	0.903984175577239
ko.K17247	Sex_and_consortia	Female_NS1	0.0959505170143437	0.221367669318266	85	85	0.665816583467361	0.903984175577239
ko.K09933	Sex_and_consortia	Female_NS1	0.0959505170143437	0.221367669318266	85	85	0.665816583467361	0.903984175577239
ko.K04781	Sex_and_consortia	Female_NS1	0.0959505170143437	0.221367669318266	85	85	0.665816583467361	0.903984175577239
ko.K05373	Sex_and_consortia	Female_NS1	0.0959505170143437	0.221367669318266	85	85	0.665816583467361	0.903984175577239
ko.K05372	Sex_and_consortia	Female_NS1	0.0959505170143437	0.221367669318266	85	85	0.665816583467361	0.903984175577239
ko.K12243	Sex_and_consortia	Female_NS1	0.0959505170143437	0.221367669318266	85	85	0.665816583467361	0.903984175577239
ko.K12239	Sex_and_consortia	Female_NS1	0.0959505170143437	0.221367669318266	85	85	0.665816583467361	0.903984175577239
ko.K02419	Sex_and_consortia	Female_NS1	0.0529463384560923	0.0773736453953695	85	85	0.49569566158055	0.903984175577239
ko.K02418	Sex_and_consortia	Female_NS1	0.0561098504363487	0.0770241568552914	85	85	0.468375800368749	0.903984175577239
ko.K02417	Sex_and_consortia	Female_NS1	0.0443751271679983	0.0857860465084159	85	85	0.606338811989551	0.903984175577239
ko.K01825	Sex_and_consortia	Female_NS1	0.0959505170143437	0.221367669318266	85	85	0.665816583467361	0.903984175577239
ko.K03116	Sex_and_consortia	Female_NS1	-0.0200954686285689	0.0203682291936426	85	85	0.326701998556812	0.903984175577239
ko.K03118	Sex_and_consortia	Female_NS1	-0.0203329552390554	0.0205836199598046	85	85	0.326110744119574	0.903984175577239
ko.K05785	Sex_and_consortia	Female_NS1	0.0959505170143437	0.221367669318266	85	85	0.665816583467361	0.903984175577239
ko.K00523	Sex_and_consortia	Female_NS1	0.0959505170143437	0.221367669318266	85	85	0.665816583467361	0.903984175577239
ko.K05368	Sex_and_consortia	Female_NS1	0.0959505170143437	0.221367669318266	85	85	0.665816583467361	0.903984175577239
ko.K20256	Sex_and_consortia	Female_NS1	0.0959505170143437	0.221367669318266	85	85	0.665816583467361	0.903984175577239
ko.K01271	Sex_and_consortia	Female_NS1	-0.0456855383114238	0.0274259693495572	85	85	0.0995280544441065	0.903984175577239
ko.K02416	Sex_and_consortia	Female_NS1	0.0648131721073873	0.066494766208397	85	85	0.332535952236342	0.903984175577239
ko.K02408	Sex_and_consortia	Female_NS1	0.0630881838644103	0.0733826788787006	85	85	0.392422575694367	0.903984175577239
ko.K02409	Sex_and_consortia	Female_NS1	0.0648131721073873	0.066494766208397	85	85	0.332535952236342	0.903984175577239
ko.K02410	Sex_and_consortia	Female_NS1	0.0648131721073873	0.066494766208397	85	85	0.332535952236342	0.903984175577239
ko.K02411	Sex_and_consortia	Female_NS1	0.0648131721073873	0.066494766208397	85	85	0.332535952236342	0.903984175577239
ko.K02412	Sex_and_consortia	Female_NS1	0.0648131721073873	0.066494766208397	85	85	0.332535952236342	0.903984175577239
ko.K02413	Sex_and_consortia	Female_NS1	0.0630881838644103	0.0733826788787006	85	85	0.392422575694367	0.903984175577239
ko.K02414	Sex_and_consortia	Female_NS1	0.100319043457625	0.088214509088844	85	85	0.258719995499615	0.903984175577239
ko.K09904	Sex_and_consortia	Female_NS1	0.0959505170143437	0.221367669318266	85	85	0.665816583467361	0.903984175577239
ko.K00879	Sex_and_consortia	Female_NS1	0.043141871850285	0.0460685088418802	85	85	0.351747059821589	0.903984175577239
ko.K03521	Sex_and_consortia	Female_NS1	-0.0397851602434159	0.026680188810059	85	85	0.139703250258579	0.903984175577239
ko.K03527	Sex_and_consortia	Female_NS1	0.00820070604824785	0.0122474610416946	85	85	0.504981372694591	0.903984175577239
ko.K08277	Sex_and_consortia	Female_NS1	0.0959505170143437	0.221367669318266	85	85	0.665816583467361	0.903984175577239
ko.K08299	Sex_and_consortia	Female_NS1	0.0751858190599057	0.136513035002585	85	85	0.583278138845885	0.903984175577239
ko.K02182	Sex_and_consortia	Female_NS1	0.0828572537855079	0.0735978599816581	85	85	0.263490466724585	0.903984175577239
ko.K08298	Sex_and_consortia	Female_NS1	0.132285068139132	0.180227671651335	85	85	0.465024051008487	0.903984175577239
ko.K19789	Sex_and_consortia	Female_NS1	0.0220913140911581	0.0477802034323099	85	85	0.645038055981247	0.903984175577239
ko.K18590	Sex_and_consortia	Female_NS1	0.0959505170143437	0.221367669318266	85	85	0.665816583467361	0.903984175577239
ko.K06195	Sex_and_consortia	Female_NS1	0.108788688272739	0.0900247662573874	85	85	0.23031327395024	0.903984175577239
ko.K00097	Sex_and_consortia	Female_NS1	0.0108736365774244	0.0111070588395902	85	85	0.330432649000105	0.903984175577239
ko.K04744	Sex_and_consortia	Female_NS1	0.102480668297351	0.0894883435897974	85	85	0.255424125178771	0.903984175577239
ko.K03774	Sex_and_consortia	Female_NS1	0.111413693928853	0.203352502825499	85	85	0.585241648244698	0.903984175577239
ko.K03101	Sex_and_consortia	Female_NS1	0.00692320780994632	0.0105338265437452	85	85	0.512847759428191	0.903984175577239
ko.K07663	Sex_and_consortia	Female_NS1	0.0959505170143437	0.221367669318266	85	85	0.665816583467361	0.903984175577239
ko.K07641	Sex_and_consortia	Female_NS1	0.0959505170143437	0.221367669318266	85	85	0.665816583467361	0.903984175577239
ko.K07773	Sex_and_consortia	Female_NS1	0.0959505170143437	0.221367669318266	85	85	0.665816583467361	0.903984175577239
ko.K00872	Sex_and_consortia	Female_NS1	0.0490647949822976	0.0918404150964995	85	85	0.594603815520553	0.903984175577239
ko.K01733	Sex_and_consortia	Female_NS1	-0.0319980708100681	0.0285934279986783	85	85	0.266338118798723	0.903984175577239
ko.K09861	Sex_and_consortia	Female_NS1	-0.0378812127714751	0.0284511981358112	85	85	0.186687857322966	0.903984175577239
ko.K07034	Sex_and_consortia	Female_NS1	0.111413693928853	0.203352502825499	85	85	0.585241648244698	0.903984175577239
ko.K03686	Sex_and_consortia	Female_NS1	-0.015596558276254	0.0087167366020514	85	85	0.0772198755402396	0.903984175577239
ko.K18921	Sex_and_consortia	Female_NS1	0.0959505170143437	0.221367669318266	85	85	0.665816583467361	0.903984175577239
ko.K03313	Sex_and_consortia	Female_NS1	-0.0501294222014295	0.0341296744210127	85	85	0.145668966786748	0.903984175577239
ko.K03717	Sex_and_consortia	Female_NS1	0.0959505170143437	0.221367669318266	85	85	0.665816583467361	0.903984175577239
ko.K05801	Sex_and_consortia	Female_NS1	-0.0497356154135596	0.0599083114414973	85	85	0.408809798380259	0.903984175577239
ko.K06177	Sex_and_consortia	Female_NS1	-0.06355029059044	0.033164738121208	85	85	0.0587818781965749	0.903984175577239
ko.K03580	Sex_and_consortia	Female_NS1	0.0959505170143437	0.221367669318266	85	85	0.665816583467361	0.903984175577239
ko.K01925	Sex_and_consortia	Female_NS1	0.00539667390916581	0.0104945940296149	85	85	0.608455108027752	0.903984175577239
ko.K01924	Sex_and_consortia	Female_NS1	-0.0452079697983381	0.0260279383569175	85	85	0.0861143792116429	0.903984175577239
ko.K13301	Sex_and_consortia	Female_NS1	0.0959505170143437	0.221367669318266	85	85	0.665816583467361	0.903984175577239
ko.K00859	Sex_and_consortia	Female_NS1	-0.0365954548636466	0.0260272458292112	85	85	0.163443754236697	0.903984175577239
ko.K00364	Sex_and_consortia	Female_NS1	-0.184091231668865	0.15815181975688	85	85	0.24775269376406	0.903984175577239
ko.K02505	Sex_and_consortia	Female_NS1	0.0959505170143437	0.221367669318266	85	85	0.665816583467361	0.903984175577239
ko.K02653	Sex_and_consortia	Female_NS1	0.0888997629499986	0.0586762199486765	85	85	0.13354875362734	0.903984175577239
ko.K02504	Sex_and_consortia	Female_NS1	0.0959505170143437	0.221367669318266	85	85	0.665816583467361	0.903984175577239
ko.K02652	Sex_and_consortia	Female_NS1	0.0975143201889841	0.0775300458096307	85	85	0.212005155297997	0.903984175577239
ko.K02650	Sex_and_consortia	Female_NS1	0.0352114166303615	0.0809951364460463	85	85	0.664883042007553	0.903984175577239
ko.K02336	Sex_and_consortia	Female_NS1	0.0959505170143437	0.221367669318266	85	85	0.665816583467361	0.903984175577239
ko.K01804	Sex_and_consortia	Female_NS1	-0.041040722117829	0.028991474446295	85	85	0.160630197632962	0.903984175577239
ko.K00853	Sex_and_consortia	Female_NS1	0.0429086307221699	0.0681256186620636	85	85	0.530525607413514	0.903984175577239
ko.K02099	Sex_and_consortia	Female_NS1	0.096569718572722	0.221178703701787	85	85	0.663525028724731	0.903984175577239
ko.K02062	Sex_and_consortia	Female_NS1	0.0959505170143437	0.221367669318266	85	85	0.665816583467361	0.903984175577239
ko.K02063	Sex_and_consortia	Female_NS1	0.0959505170143437	0.221367669318266	85	85	0.665816583467361	0.903984175577239
ko.K02064	Sex_and_consortia	Female_NS1	0.0959505170143437	0.221367669318266	85	85	0.665816583467361	0.903984175577239
ko.K11925	Sex_and_consortia	Female_NS1	0.0959505170143437	0.221367669318266	85	85	0.665816583467361	0.903984175577239
ko.K01704	Sex_and_consortia	Female_NS1	0.00727610527446661	0.0128115452484636	85	85	0.571613346461581	0.903984175577239
ko.K01703	Sex_and_consortia	Female_NS1	0.00938219363638307	0.0111536041045681	85	85	0.402663822559732	0.903984175577239
ko.K00052	Sex_and_consortia	Female_NS1	0.0131167346648201	0.00992921251210072	85	85	0.19012361607384	0.903984175577239
ko.K05798	Sex_and_consortia	Female_NS1	0.0959505170143437	0.221367669318266	85	85	0.665816583467361	0.903984175577239
ko.K03435	Sex_and_consortia	Female_NS1	0.0959505170143437	0.221367669318266	85	85	0.665816583467361	0.903984175577239
ko.K03925	Sex_and_consortia	Female_NS1	0.00911007309701933	0.0148442122476066	85	85	0.541083942486093	0.903984175577239
ko.K03438	Sex_and_consortia	Female_NS1	0.00692320780994632	0.0105338265437452	85	85	0.512847759428191	0.903984175577239
ko.K03586	Sex_and_consortia	Female_NS1	0.0959505170143437	0.221367669318266	85	85	0.665816583467361	0.903984175577239
ko.K05804	Sex_and_consortia	Female_NS1	0.0959505170143437	0.221367669318266	85	85	0.665816583467361	0.903984175577239
ko.K03485	Sex_and_consortia	Female_NS1	0.0959505170143437	0.221367669318266	85	85	0.665816583467361	0.903984175577239
ko.K12955	Sex_and_consortia	Female_NS1	0.0959505170143437	0.221367669318266	85	85	0.665816583467361	0.903984175577239
ko.K00610	Sex_and_consortia	Female_NS1	-0.0394183377085614	0.0303374723573866	85	85	0.197428858626622	0.903984175577239
ko.K19336	Sex_and_consortia	Female_NS1	0.0959505170143437	0.221367669318266	85	85	0.665816583467361	0.903984175577239
ko.K19335	Sex_and_consortia	Female_NS1	0.0959505170143437	0.221367669318266	85	85	0.665816583467361	0.903984175577239
ko.K19334	Sex_and_consortia	Female_NS1	0.0959505170143437	0.221367669318266	85	85	0.665816583467361	0.903984175577239
ko.K00611	Sex_and_consortia	Female_NS1	0.0781224506958233	0.0584356094241846	85	85	0.184908746809294	0.903984175577239
ko.K09065	Sex_and_consortia	Female_NS1	-0.0539528086362015	0.0451983322698378	85	85	0.23599981176612	0.903984175577239
ko.K09893	Sex_and_consortia	Female_NS1	0.0959505170143437	0.221367669318266	85	85	0.665816583467361	0.903984175577239
ko.K03828	Sex_and_consortia	Female_NS1	0.0959505170143437	0.221367669318266	85	85	0.665816583467361	0.903984175577239
ko.K06915	Sex_and_consortia	Female_NS1	0.0295931485072749	0.0655220657009451	85	85	0.652697966943666	0.903984175577239
ko.K01182	Sex_and_consortia	Female_NS1	0.0493695804223833	0.0803389383944772	85	85	0.540555202485075	0.903984175577239
ko.K00046	Sex_and_consortia	Female_NS1	-0.0251574894691219	0.0348007566369712	85	85	0.471773101055163	0.903984175577239
ko.K21636	Sex_and_consortia	Female_NS1	0.0270443505045438	0.0270206449461433	85	85	0.319795181093534	0.903984175577239
ko.K03773	Sex_and_consortia	Female_NS1	-0.030123035388061	0.0203952374865906	85	85	0.143469581587255	0.903984175577239
ko.K11737	Sex_and_consortia	Female_NS1	-0.243747306275452	0.193449710208861	85	85	0.211199343506514	0.903984175577239
ko.K07322	Sex_and_consortia	Female_NS1	-0.0587729779912057	0.0397346640335182	85	85	0.142889363233362	0.903984175577239
ko.K01119	Sex_and_consortia	Female_NS1	-0.0419588457904963	0.0311657060621671	85	85	0.181866451445407	0.903984175577239
ko.K01082	Sex_and_consortia	Female_NS1	-0.051749734602458	0.0348294233365507	85	85	0.141119273897927	0.903984175577239
ko.K07304	Sex_and_consortia	Female_NS1	-0.0582950018723242	0.03064327339945	85	85	0.0605902682639778	0.903984175577239
ko.K18842	Sex_and_consortia	Female_NS1	0.0959505170143437	0.221367669318266	85	85	0.665816583467361	0.903984175577239
ko.K01507	Sex_and_consortia	Female_NS1	0.0711717517614828	0.0649490793333042	85	85	0.276332059874176	0.903984175577239
ko.K17209	Sex_and_consortia	Female_NS1	0.121018249107135	0.187646646817851	85	85	0.520753635665854	0.903984175577239
ko.K02558	Sex_and_consortia	Female_NS1	0.0820880600467182	0.0745187477752939	85	85	0.273830297892519	0.903984175577239
ko.K03592	Sex_and_consortia	Female_NS1	-0.0586526283938112	0.0448582893224405	85	85	0.194650118843152	0.903984175577239
ko.K15536	Sex_and_consortia	Female_NS1	0.0959505170143437	0.221367669318266	85	85	0.665816583467361	0.903984175577239
ko.K04068	Sex_and_consortia	Female_NS1	-0.0359821510222074	0.0250841338315765	85	85	0.15519857829819	0.903984175577239
ko.K06146	Sex_and_consortia	Female_NS1	0.0959505170143437	0.221367669318266	85	85	0.665816583467361	0.903984175577239
ko.K00098	Sex_and_consortia	Female_NS1	0.0982795117374262	0.221038912709634	85	85	0.657747763059675	0.903984175577239
ko.K03720	Sex_and_consortia	Female_NS1	0.0959505170143437	0.221367669318266	85	85	0.665816583467361	0.903984175577239
ko.K05921	Sex_and_consortia	Female_NS1	0.0682082944074599	0.144792232548564	85	85	0.638821531340447	0.903984175577239
ko.K02317	Sex_and_consortia	Female_NS1	0.0959505170143437	0.221367669318266	85	85	0.665816583467361	0.903984175577239
ko.K13255	Sex_and_consortia	Female_NS1	0.0959505170143437	0.221367669318266	85	85	0.665816583467361	0.903984175577239
ko.K02344	Sex_and_consortia	Female_NS1	0.0959505170143437	0.221367669318266	85	85	0.665816583467361	0.903984175577239
ko.K08723	Sex_and_consortia	Female_NS1	0.0959505170143437	0.221367669318266	85	85	0.665816583467361	0.903984175577239
ko.K02837	Sex_and_consortia	Female_NS1	-0.0462659881019036	0.0263524098127668	85	85	0.0828350195998539	0.903984175577239
ko.K04065	Sex_and_consortia	Female_NS1	0.0959505170143437	0.221367669318266	85	85	0.665816583467361	0.903984175577239
ko.K01619	Sex_and_consortia	Female_NS1	-0.0335248261211755	0.0281357553543241	85	85	0.236838431918175	0.903984175577239
ko.K00758	Sex_and_consortia	Female_NS1	0.0629971295079545	0.073995134414622	85	85	0.397014330768914	0.903984175577239
ko.K01079	Sex_and_consortia	Female_NS1	-0.0509738507966373	0.0345738907510746	85	85	0.144171656887396	0.903984175577239
ko.K04485	Sex_and_consortia	Female_NS1	-0.0438398878407568	0.0238379483686829	85	85	0.0694794537472747	0.903984175577239
ko.K06211	Sex_and_consortia	Female_NS1	0.0724291706486822	0.0727930744989123	85	85	0.322627827405954	0.903984175577239
ko.K00151	Sex_and_consortia	Female_NS1	0.0661112408327747	0.0722352719479144	85	85	0.362726939909517	0.903984175577239
ko.K12957	Sex_and_consortia	Female_NS1	0.0959505170143437	0.221367669318266	85	85	0.665816583467361	0.903984175577239
ko.K00455	Sex_and_consortia	Female_NS1	0.0959505170143437	0.221367669318266	85	85	0.665816583467361	0.903984175577239
ko.K07495	Sex_and_consortia	Female_NS1	0.0959505170143437	0.221367669318266	85	85	0.665816583467361	0.903984175577239
ko.K06988	Sex_and_consortia	Female_NS1	0.0632968986987834	0.0940473847269178	85	85	0.502796595863802	0.903984175577239
ko.K16091	Sex_and_consortia	Female_NS1	0.100319043457625	0.088214509088844	85	85	0.258719995499615	0.903984175577239
ko.K07165	Sex_and_consortia	Female_NS1	0.0328662373828637	0.0635422677828431	85	85	0.606368342513992	0.903984175577239
ko.K21637	Sex_and_consortia	Female_NS1	0.0959505170143437	0.221367669318266	85	85	0.665816583467361	0.903984175577239
ko.K21645	Sex_and_consortia	Female_NS1	0.0959505170143437	0.221367669318266	85	85	0.665816583467361	0.903984175577239
ko.K01305	Sex_and_consortia	Female_NS1	-0.0562676528595196	0.079805966249702	85	85	0.4827494765307	0.903984175577239
ko.K07559	Sex_and_consortia	Female_NS1	0.0567382685553819	0.0640543623216624	85	85	0.378293595812051	0.903984175577239
ko.K01434	Sex_and_consortia	Female_NS1	0.0959505170143437	0.221367669318266	85	85	0.665816583467361	0.903984175577239
ko.K00484	Sex_and_consortia	Female_NS1	0.108788688272739	0.0900247662573874	85	85	0.23031327395024	0.903984175577239
ko.K00483	Sex_and_consortia	Female_NS1	0.0512008997666091	0.0749643416388402	85	85	0.496506765028455	0.903984175577239
ko.K02508	Sex_and_consortia	Female_NS1	0.0959505170143437	0.221367669318266	85	85	0.665816583467361	0.903984175577239
ko.K18954	Sex_and_consortia	Female_NS1	-0.0558814901472845	0.101592543359766	85	85	0.583758857454993	0.903984175577239
ko.K02511	Sex_and_consortia	Female_NS1	0.0959505170143437	0.221367669318266	85	85	0.665816583467361	0.903984175577239
ko.K01617	Sex_and_consortia	Female_NS1	0.100319043457625	0.088214509088844	85	85	0.258719995499615	0.903984175577239
ko.K01826	Sex_and_consortia	Female_NS1	0.0959505170143437	0.221367669318266	85	85	0.665816583467361	0.903984175577239
ko.K02682	Sex_and_consortia	Female_NS1	0.0959505170143437	0.221367669318266	85	85	0.665816583467361	0.903984175577239
ko.K00766	Sex_and_consortia	Female_NS1	-0.0465581987586401	0.0289472835663535	85	85	0.111549683153488	0.903984175577239
ko.K13498	Sex_and_consortia	Female_NS1	-0.1472827296629	0.194161537053479	85	85	0.450265872412887	0.903984175577239
ko.K01696	Sex_and_consortia	Female_NS1	0.00741776174795573	0.00998419800014171	85	85	0.459609532870632	0.903984175577239
ko.K07275	Sex_and_consortia	Female_NS1	0.0959505170143437	0.221367669318266	85	85	0.665816583467361	0.903984175577239
ko.K10806	Sex_and_consortia	Female_NS1	0.108788688272739	0.0900247662573874	85	85	0.23031327395024	0.903984175577239
ko.K09780	Sex_and_consortia	Female_NS1	0.0959505170143437	0.221367669318266	85	85	0.665816583467361	0.903984175577239
ko.K10716	Sex_and_consortia	Female_NS1	0.0794252116225176	0.0711263267122743	85	85	0.267354235227982	0.903984175577239
ko.K09901	Sex_and_consortia	Female_NS1	0.0959505170143437	0.221367669318266	85	85	0.665816583467361	0.903984175577239
ko.K15582	Sex_and_consortia	Female_NS1	0.0842781925164096	0.0487644091638107	85	85	0.0876580315250161	0.903984175577239
ko.K15581	Sex_and_consortia	Female_NS1	0.0829457524402648	0.0468028699503386	85	85	0.0800248974074395	0.903984175577239
ko.K00857	Sex_and_consortia	Female_NS1	-0.05592230068146	0.0336019253716293	85	85	0.0998318288734319	0.903984175577239
ko.K02485	Sex_and_consortia	Female_NS1	0.0959505170143437	0.221367669318266	85	85	0.665816583467361	0.903984175577239
ko.K07315	Sex_and_consortia	Female_NS1	0.0372051462233085	0.0648857198722461	85	85	0.567927668348904	0.903984175577239
ko.K07001	Sex_and_consortia	Female_NS1	-0.0294396649953023	0.0157717384194891	85	85	0.0654875012560659	0.903984175577239
ko.K09858	Sex_and_consortia	Female_NS1	0.0959505170143437	0.221367669318266	85	85	0.665816583467361	0.903984175577239
ko.K13503	Sex_and_consortia	Female_NS1	0.108788688272739	0.0900247662573874	85	85	0.23031327395024	0.903984175577239
ko.K07684	Sex_and_consortia	Female_NS1	-0.101057354072203	0.157357016374259	85	85	0.522502202781266	0.903984175577239
ko.K19226	Sex_and_consortia	Female_NS1	0.0959505170143437	0.221367669318266	85	85	0.665816583467361	0.903984175577239
ko.K19228	Sex_and_consortia	Female_NS1	0.0959505170143437	0.221367669318266	85	85	0.665816583467361	0.903984175577239
ko.K14051	Sex_and_consortia	Female_NS1	0.16102389503662	0.159167329421886	85	85	0.314638765789685	0.903984175577239
ko.K04062	Sex_and_consortia	Female_NS1	0.0959505170143437	0.221367669318266	85	85	0.665816583467361	0.903984175577239
ko.K03113	Sex_and_consortia	Female_NS1	-0.051749734602458	0.0348294233365507	85	85	0.141119273897927	0.903984175577239
ko.K08992	Sex_and_consortia	Female_NS1	0.0959505170143437	0.221367669318266	85	85	0.665816583467361	0.903984175577239
ko.K01096	Sex_and_consortia	Female_NS1	0.0959505170143437	0.221367669318266	85	85	0.665816583467361	0.903984175577239
ko.K01497	Sex_and_consortia	Female_NS1	0.0959505170143437	0.221367669318266	85	85	0.665816583467361	0.903984175577239
ko.K03168	Sex_and_consortia	Female_NS1	-0.0437911980195074	0.0266985048649431	85	85	0.10474589285698	0.903984175577239
ko.K04774	Sex_and_consortia	Female_NS1	0.0959505170143437	0.221367669318266	85	85	0.665816583467361	0.903984175577239
ko.K19221	Sex_and_consortia	Female_NS1	-0.0268484157291892	0.0478291175301927	85	85	0.576078017164984	0.903984175577239
ko.K06178	Sex_and_consortia	Female_NS1	0.0246940599635124	0.0311871809296419	85	85	0.43073348146529	0.903984175577239
ko.K07053	Sex_and_consortia	Female_NS1	-0.0270972018390564	0.0285126059274407	85	85	0.344689220313173	0.903984175577239
ko.K01433	Sex_and_consortia	Female_NS1	-0.048865243369351	0.0461069572609946	85	85	0.29229928699739	0.903984175577239
ko.K06039	Sex_and_consortia	Female_NS1	0.0959505170143437	0.221367669318266	85	85	0.665816583467361	0.903984175577239
ko.K09473	Sex_and_consortia	Female_NS1	0.0959505170143437	0.221367669318266	85	85	0.665816583467361	0.903984175577239
ko.K03603	Sex_and_consortia	Female_NS1	0.0959505170143437	0.221367669318266	85	85	0.665816583467361	0.903984175577239
ko.K03314	Sex_and_consortia	Female_NS1	0.0959505170143437	0.221367669318266	85	85	0.665816583467361	0.903984175577239
ko.K03611	Sex_and_consortia	Female_NS1	0.0959505170143437	0.221367669318266	85	85	0.665816583467361	0.903984175577239
ko.K03503	Sex_and_consortia	Female_NS1	-0.0636778246992156	0.0413582419363134	85	85	0.127446047986613	0.903984175577239
ko.K09160	Sex_and_consortia	Female_NS1	0.0959505170143437	0.221367669318266	85	85	0.665816583467361	0.903984175577239
ko.K09902	Sex_and_consortia	Female_NS1	0.0959505170143437	0.221367669318266	85	85	0.665816583467361	0.903984175577239
ko.K03610	Sex_and_consortia	Female_NS1	0.0468894265547059	0.08077747525116	85	85	0.563166045657772	0.903984175577239
ko.K03609	Sex_and_consortia	Female_NS1	0.0480263782722985	0.0749427280870499	85	85	0.523391427100661	0.903984175577239
ko.K03608	Sex_and_consortia	Female_NS1	0.0468894265547059	0.08077747525116	85	85	0.563166045657772	0.903984175577239
ko.K21976	Sex_and_consortia	Female_NS1	0.0959505170143437	0.221367669318266	85	85	0.665816583467361	0.903984175577239
ko.K21974	Sex_and_consortia	Female_NS1	0.0959505170143437	0.221367669318266	85	85	0.665816583467361	0.903984175577239
ko.K21973	Sex_and_consortia	Female_NS1	0.0959505170143437	0.221367669318266	85	85	0.665816583467361	0.903984175577239
ko.K00031	Sex_and_consortia	Female_NS1	0.0111060505661437	0.0111131985188979	85	85	0.320526521615886	0.903984175577239
ko.K06181	Sex_and_consortia	Female_NS1	0.108788688272739	0.0900247662573874	85	85	0.23031327395024	0.903984175577239
ko.K12152	Sex_and_consortia	Female_NS1	0.0959505170143437	0.221367669318266	85	85	0.665816583467361	0.903984175577239
ko.K00566	Sex_and_consortia	Female_NS1	-0.0245865913028345	0.0184602148125509	85	85	0.186549078275527	0.903984175577239
ko.K00285	Sex_and_consortia	Female_NS1	-0.148469456229228	0.194307950139992	85	85	0.446978250620454	0.903984175577239
ko.K01297	Sex_and_consortia	Female_NS1	-0.0524815511157482	0.0482004775368403	85	85	0.27938551000243	0.903984175577239
ko.K07232	Sex_and_consortia	Female_NS1	0.0959505170143437	0.221367669318266	85	85	0.665816583467361	0.903984175577239
ko.K08308	Sex_and_consortia	Female_NS1	0.0959505170143437	0.221367669318266	85	85	0.665816583467361	0.903984175577239
ko.K06197	Sex_and_consortia	Female_NS1	0.0959505170143437	0.221367669318266	85	85	0.665816583467361	0.903984175577239
ko.K02492	Sex_and_consortia	Female_NS1	0.0944627183547385	0.071741209007423	85	85	0.19155836793124	0.903984175577239
ko.K02494	Sex_and_consortia	Female_NS1	0.0959505170143437	0.221367669318266	85	85	0.665816583467361	0.903984175577239
ko.K05880	Sex_and_consortia	Female_NS1	0.0959505170143437	0.221367669318266	85	85	0.665816583467361	0.903984175577239
ko.K21087	Sex_and_consortia	Female_NS1	0.0959505170143437	0.221367669318266	85	85	0.665816583467361	0.903984175577239
ko.K09470	Sex_and_consortia	Female_NS1	0.0959505170143437	0.221367669318266	85	85	0.665816583467361	0.903984175577239
ko.K03807	Sex_and_consortia	Female_NS1	0.0959505170143437	0.221367669318266	85	85	0.665816583467361	0.903984175577239
ko.K03579	Sex_and_consortia	Female_NS1	0.108788688272739	0.0900247662573874	85	85	0.23031327395024	0.903984175577239
ko.K05365	Sex_and_consortia	Female_NS1	0.0959505170143437	0.221367669318266	85	85	0.665816583467361	0.903984175577239
ko.K01845	Sex_and_consortia	Female_NS1	0.0944840240942618	0.0717416046645332	85	85	0.191461665691409	0.903984175577239
ko.K06858	Sex_and_consortia	Female_NS1	0.0959505170143437	0.221367669318266	85	85	0.665816583467361	0.903984175577239
ko.K01243	Sex_and_consortia	Female_NS1	-0.0550677624481444	0.0512724476788265	85	85	0.285925116073888	0.903984175577239
ko.K02647	Sex_and_consortia	Female_NS1	0.0454719166714305	0.07360783612472	85	85	0.538425413002097	0.903984175577239
ko.K00674	Sex_and_consortia	Female_NS1	-0.0650153725731525	0.0840415749727506	85	85	0.441359499682085	0.903984175577239
ko.K01265	Sex_and_consortia	Female_NS1	-0.0173575960670305	0.00834781165977678	85	85	0.0406765956510878	0.903984175577239
ko.K00099	Sex_and_consortia	Female_NS1	0.00769837271183708	0.0124044089596664	85	85	0.536552883985469	0.903984175577239
ko.K11749	Sex_and_consortia	Female_NS1	0.0267907465210172	0.0308455233977671	85	85	0.387600187377277	0.903984175577239
ko.K01975	Sex_and_consortia	Female_NS1	0.111413693928853	0.203352502825499	85	85	0.585241648244698	0.903984175577239
ko.K06142	Sex_and_consortia	Female_NS1	-0.0309213086583836	0.0195438122856244	85	85	0.11741790645115	0.903984175577239
ko.K01894	Sex_and_consortia	Female_NS1	0.102480668297351	0.0894883435897974	85	85	0.255424125178771	0.903984175577239
ko.K00163	Sex_and_consortia	Female_NS1	0.0959505170143437	0.221367669318266	85	85	0.665816583467361	0.903984175577239
ko.K00627	Sex_and_consortia	Female_NS1	0.079800204322845	0.0708435259966785	85	85	0.263230264487067	0.903984175577239
ko.K00382	Sex_and_consortia	Female_NS1	0.0100812021512142	0.0169044657364646	85	85	0.552555645005775	0.903984175577239
ko.K01682	Sex_and_consortia	Female_NS1	0.0959505170143437	0.221367669318266	85	85	0.665816583467361	0.903984175577239
ko.K09910	Sex_and_consortia	Female_NS1	0.0959505170143437	0.221367669318266	85	85	0.665816583467361	0.903984175577239
ko.K01611	Sex_and_consortia	Female_NS1	0.0716749056616481	0.083410830686733	85	85	0.392650205154517	0.903984175577239
ko.K00797	Sex_and_consortia	Female_NS1	0.0747883086472517	0.0818539692689075	85	85	0.363531734217135	0.903984175577239
ko.K08100	Sex_and_consortia	Female_NS1	0.0959505170143437	0.221367669318266	85	85	0.665816583467361	0.903984175577239
ko.K14588	Sex_and_consortia	Female_NS1	0.0959505170143437	0.221367669318266	85	85	0.665816583467361	0.903984175577239
ko.K00117	Sex_and_consortia	Female_NS1	0.0959505170143437	0.221367669318266	85	85	0.665816583467361	0.903984175577239
ko.K15540	Sex_and_consortia	Female_NS1	0.0959505170143437	0.221367669318266	85	85	0.665816583467361	0.903984175577239
ko.K00950	Sex_and_consortia	Female_NS1	-0.0163389980436451	0.0117542998697109	85	85	0.168232203449214	0.903984175577239
ko.K00970	Sex_and_consortia	Female_NS1	0.00841125416033298	0.0112615761451083	85	85	0.457235436038163	0.903984175577239
ko.K14056	Sex_and_consortia	Female_NS1	0.0959505170143437	0.221367669318266	85	85	0.665816583467361	0.903984175577239
ko.K08990	Sex_and_consortia	Female_NS1	0.0959505170143437	0.221367669318266	85	85	0.665816583467361	0.903984175577239
ko.K14053	Sex_and_consortia	Female_NS1	0.0959505170143437	0.221367669318266	85	85	0.665816583467361	0.903984175577239
ko.K10112	Sex_and_consortia	Female_NS1	-0.0271421148947553	0.0302043109132122	85	85	0.371456094202896	0.903984175577239
ko.K18910	Sex_and_consortia	Female_NS1	0.0617768856427344	0.0628559131325143	85	85	0.328545778704893	0.903984175577239
ko.K00690	Sex_and_consortia	Female_NS1	0.0696331206933426	0.0845738664526941	85	85	0.41267362597047	0.903984175577239
ko.K03972	Sex_and_consortia	Female_NS1	0.102480668297351	0.0894883435897974	85	85	0.255424125178771	0.903984175577239
ko.K03971	Sex_and_consortia	Female_NS1	0.0959505170143437	0.221367669318266	85	85	0.665816583467361	0.903984175577239
ko.K03973	Sex_and_consortia	Female_NS1	-0.0496258819870595	0.0288385556693115	85	85	0.0890099643425252	0.903984175577239
ko.K03970	Sex_and_consortia	Female_NS1	0.0959505170143437	0.221367669318266	85	85	0.665816583467361	0.903984175577239
ko.K03974	Sex_and_consortia	Female_NS1	0.0959505170143437	0.221367669318266	85	85	0.665816583467361	0.903984175577239
ko.K09471	Sex_and_consortia	Female_NS1	0.0959505170143437	0.221367669318266	85	85	0.665816583467361	0.903984175577239
ko.K09472	Sex_and_consortia	Female_NS1	0.0658312202085626	0.0722370318885095	85	85	0.364764783493923	0.903984175577239
ko.K06918	Sex_and_consortia	Female_NS1	0.0959505170143437	0.221367669318266	85	85	0.665816583467361	0.903984175577239
ko.K03721	Sex_and_consortia	Female_NS1	0.0959505170143437	0.221367669318266	85	85	0.665816583467361	0.903984175577239
ko.K11065	Sex_and_consortia	Female_NS1	-0.0517320228150842	0.0348290993727795	85	85	0.141249990201958	0.903984175577239
ko.K00677	Sex_and_consortia	Female_NS1	-0.0197703748699021	0.0167464923673578	85	85	0.241146532392464	0.903984175577239
ko.K19000	Sex_and_consortia	Female_NS1	0.0959505170143437	0.221367669318266	85	85	0.665816583467361	0.903984175577239
ko.K15034	Sex_and_consortia	Female_NS1	0.0959505170143437	0.221367669318266	85	85	0.665816583467361	0.903984175577239
ko.K06079	Sex_and_consortia	Female_NS1	-0.048865243369351	0.0461069572609946	85	85	0.29229928699739	0.903984175577239
ko.K06080	Sex_and_consortia	Female_NS1	0.0959505170143437	0.221367669318266	85	85	0.665816583467361	0.903984175577239
ko.K03273	Sex_and_consortia	Female_NS1	0.0224122641114982	0.0393202295276991	85	85	0.570221973119777	0.903984175577239
ko.K14054	Sex_and_consortia	Female_NS1	0.0959505170143437	0.221367669318266	85	85	0.665816583467361	0.903984175577239
ko.K01856	Sex_and_consortia	Female_NS1	0.0959505170143437	0.221367669318266	85	85	0.665816583467361	0.903984175577239
ko.K19802	Sex_and_consortia	Female_NS1	-0.0493288496286475	0.0480900671276211	85	85	0.307985135722961	0.903984175577239
ko.K07269	Sex_and_consortia	Female_NS1	0.0959505170143437	0.221367669318266	85	85	0.665816583467361	0.903984175577239
ko.K07268	Sex_and_consortia	Female_NS1	0.0959505170143437	0.221367669318266	85	85	0.665816583467361	0.903984175577239
ko.K06447	Sex_and_consortia	Female_NS1	0.0959505170143437	0.221367669318266	85	85	0.665816583467361	0.903984175577239
ko.K05526	Sex_and_consortia	Female_NS1	0.0959505170143437	0.221367669318266	85	85	0.665816583467361	0.903984175577239
ko.K09975	Sex_and_consortia	Female_NS1	0.0959505170143437	0.221367669318266	85	85	0.665816583467361	0.903984175577239
ko.K05984	Sex_and_consortia	Female_NS1	0.0959505170143437	0.221367669318266	85	85	0.665816583467361	0.903984175577239
ko.K01916	Sex_and_consortia	Female_NS1	-0.14312595596982	0.146519662028556	85	85	0.331487989713097	0.903984175577239
ko.K04064	Sex_and_consortia	Female_NS1	0.0959505170143437	0.221367669318266	85	85	0.665816583467361	0.903984175577239
ko.K03781	Sex_and_consortia	Female_NS1	0.0891688856481402	0.071499174697184	85	85	0.215856899010941	0.903984175577239
ko.K15722	Sex_and_consortia	Female_NS1	0.0959505170143437	0.221367669318266	85	85	0.665816583467361	0.903984175577239
ko.K06956	Sex_and_consortia	Female_NS1	-0.21339523729293	0.158034754969933	85	85	0.180588475572349	0.903984175577239
ko.K01484	Sex_and_consortia	Female_NS1	0.0959505170143437	0.221367669318266	85	85	0.665816583467361	0.903984175577239
ko.K00673	Sex_and_consortia	Female_NS1	0.0959505170143437	0.221367669318266	85	85	0.665816583467361	0.903984175577239
ko.K06073	Sex_and_consortia	Female_NS1	0.0959505170143437	0.221367669318266	85	85	0.665816583467361	0.903984175577239
ko.K19055	Sex_and_consortia	Female_NS1	-0.0325644973963451	0.0619687366931056	85	85	0.600637591840364	0.903984175577239
ko.K01792	Sex_and_consortia	Female_NS1	0.108775375221059	0.0895663371579287	85	85	0.228013375346152	0.903984175577239
ko.K07305	Sex_and_consortia	Female_NS1	0.0833641530728326	0.0857493666672337	85	85	0.333783815729731	0.903984175577239
ko.K09916	Sex_and_consortia	Female_NS1	0.0959505170143437	0.221367669318266	85	85	0.665816583467361	0.903984175577239
ko.K01008	Sex_and_consortia	Female_NS1	0.0665623087230179	0.0723366418104232	85	85	0.360148449913524	0.903984175577239
ko.K03169	Sex_and_consortia	Female_NS1	-0.0345364777091879	0.0246524366188148	85	85	0.164961114432754	0.903984175577239
ko.K00262	Sex_and_consortia	Female_NS1	-0.0181055077284715	0.0105654624570644	85	85	0.0903256522661788	0.903984175577239
ko.K08320	Sex_and_consortia	Female_NS1	0.0959505170143437	0.221367669318266	85	85	0.665816583467361	0.903984175577239
ko.K17884	Sex_and_consortia	Female_NS1	0.0959505170143437	0.221367669318266	85	85	0.665816583467361	0.903984175577239
ko.K21028	Sex_and_consortia	Female_NS1	0.0629971295079545	0.073995134414622	85	85	0.397014330768914	0.903984175577239
ko.K05779	Sex_and_consortia	Female_NS1	0.0959505170143437	0.221367669318266	85	85	0.665816583467361	0.903984175577239
ko.K05778	Sex_and_consortia	Female_NS1	0.0959505170143437	0.221367669318266	85	85	0.665816583467361	0.903984175577239
ko.K05777	Sex_and_consortia	Female_NS1	0.0959505170143437	0.221367669318266	85	85	0.665816583467361	0.903984175577239
ko.K00432	Sex_and_consortia	Female_NS1	-0.0298436409838809	0.0603257590974973	85	85	0.622113174861463	0.903984175577239
ko.K07390	Sex_and_consortia	Female_NS1	0.0959505170143437	0.221367669318266	85	85	0.665816583467361	0.903984175577239
ko.K03683	Sex_and_consortia	Female_NS1	0.0959505170143437	0.221367669318266	85	85	0.665816583467361	0.903984175577239
ko.K01759	Sex_and_consortia	Female_NS1	-0.0491228603994832	0.0275231992324987	85	85	0.0779506973158064	0.903984175577239
ko.K10680	Sex_and_consortia	Female_NS1	0.0959505170143437	0.221367669318266	85	85	0.665816583467361	0.903984175577239
ko.K16137	Sex_and_consortia	Female_NS1	0.0959505170143437	0.221367669318266	85	85	0.665816583467361	0.903984175577239
ko.K06938	Sex_and_consortia	Female_NS1	0.0959505170143437	0.221367669318266	85	85	0.665816583467361	0.903984175577239
ko.K04565	Sex_and_consortia	Female_NS1	0.0518603068222115	0.066135025573261	85	85	0.435179652593742	0.903984175577239
ko.K06075	Sex_and_consortia	Female_NS1	0.0959505170143437	0.221367669318266	85	85	0.665816583467361	0.903984175577239
ko.K06077	Sex_and_consortia	Female_NS1	0.108788688272739	0.0900247662573874	85	85	0.23031327395024	0.903984175577239
ko.K01866	Sex_and_consortia	Female_NS1	0.00552098489544299	0.0104236149669493	85	85	0.597760772615052	0.903984175577239
ko.K10773	Sex_and_consortia	Female_NS1	0.00700753155961494	0.0105821314892511	85	85	0.509674918105457	0.903984175577239
ko.K03613	Sex_and_consortia	Female_NS1	-0.0360609723154137	0.0289509547172615	85	85	0.216420352311304	0.903984175577239
ko.K03612	Sex_and_consortia	Female_NS1	-0.0308165945370337	0.0295372337858089	85	85	0.299832401074159	0.903984175577239
ko.K03614	Sex_and_consortia	Female_NS1	-0.0360609723154137	0.0289509547172615	85	85	0.216420352311304	0.903984175577239
ko.K03615	Sex_and_consortia	Female_NS1	-0.0360609723154137	0.0289509547172615	85	85	0.216420352311304	0.903984175577239
ko.K03616	Sex_and_consortia	Female_NS1	-0.0336146194083291	0.0286902195145919	85	85	0.244693831936048	0.903984175577239
ko.K19577	Sex_and_consortia	Female_NS1	-0.073182873330424	0.163566789171534	85	85	0.655738130132123	0.903984175577239
ko.K06074	Sex_and_consortia	Female_NS1	0.0959505170143437	0.221367669318266	85	85	0.665816583467361	0.903984175577239
ko.K18567	Sex_and_consortia	Female_NS1	0.120983159669964	0.187647248410245	85	85	0.520875560040601	0.903984175577239
ko.K13695	Sex_and_consortia	Female_NS1	0.0959505170143437	0.221367669318266	85	85	0.665816583467361	0.903984175577239
ko.K08997	Sex_and_consortia	Female_NS1	0.0959505170143437	0.221367669318266	85	85	0.665816583467361	0.903984175577239
ko.K09773	Sex_and_consortia	Female_NS1	-0.153540385004673	0.149520452626687	85	85	0.307457795519932	0.903984175577239
ko.K01007	Sex_and_consortia	Female_NS1	0.0433696293667221	0.0646860755558143	85	85	0.50442391377055	0.903984175577239
ko.K03785	Sex_and_consortia	Female_NS1	0.0859877456602426	0.0742873350537099	85	85	0.250387469272573	0.903984175577239
ko.K05887	Sex_and_consortia	Female_NS1	0.0959505170143437	0.221367669318266	85	85	0.665816583467361	0.903984175577239
ko.K19222	Sex_and_consortia	Female_NS1	-0.0506249699219401	0.0375641630328775	85	85	0.181424230083242	0.903984175577239
ko.K09013	Sex_and_consortia	Female_NS1	0.00705125136720064	0.0117902079486006	85	85	0.551428376221625	0.903984175577239
ko.K08353	Sex_and_consortia	Female_NS1	0.0959505170143437	0.221367669318266	85	85	0.665816583467361	0.903984175577239
ko.K08354	Sex_and_consortia	Female_NS1	0.0959505170143437	0.221367669318266	85	85	0.665816583467361	0.903984175577239
ko.K09712	Sex_and_consortia	Female_NS1	0.0959505170143437	0.221367669318266	85	85	0.665816583467361	0.903984175577239
ko.K07246	Sex_and_consortia	Female_NS1	0.0906859068109233	0.0832240406184098	85	85	0.279016526146827	0.903984175577239
ko.K16044	Sex_and_consortia	Female_NS1	-0.0587061593420812	0.088675343246858	85	85	0.50978293136839	0.903984175577239
ko.K10539	Sex_and_consortia	Female_NS1	0.0959505170143437	0.221367669318266	85	85	0.665816583467361	0.903984175577239
ko.K01087	Sex_and_consortia	Female_NS1	0.0959505170143437	0.221367669318266	85	85	0.665816583467361	0.903984175577239
ko.K00697	Sex_and_consortia	Female_NS1	0.111413693928853	0.203352502825499	85	85	0.585241648244698	0.903984175577239
ko.K14064	Sex_and_consortia	Female_NS1	0.0959505170143437	0.221367669318266	85	85	0.665816583467361	0.903984175577239
ko.K02403	Sex_and_consortia	Female_NS1	0.0959505170143437	0.221367669318266	85	85	0.665816583467361	0.903984175577239
ko.K02402	Sex_and_consortia	Female_NS1	0.0959505170143437	0.221367669318266	85	85	0.665816583467361	0.903984175577239
ko.K02556	Sex_and_consortia	Female_NS1	0.0648131721073873	0.066494766208397	85	85	0.332535952236342	0.903984175577239
ko.K03407	Sex_and_consortia	Female_NS1	0.0540009267999767	0.073194327339251	85	85	0.462732115467584	0.903984175577239
ko.K03408	Sex_and_consortia	Female_NS1	0.0999167391013468	0.0849508986357777	85	85	0.242889230036323	0.903984175577239
ko.K00575	Sex_and_consortia	Female_NS1	0.0650537317245346	0.0663957855046623	85	85	0.330038541328895	0.903984175577239
ko.K03412	Sex_and_consortia	Female_NS1	0.09947683762582	0.088275016176586	85	85	0.263033539142125	0.903984175577239
ko.K03413	Sex_and_consortia	Female_NS1	0.0916548857449273	0.050883754444267	85	85	0.0752935235205458	0.903984175577239
ko.K03414	Sex_and_consortia	Female_NS1	0.0959505170143437	0.221367669318266	85	85	0.665816583467361	0.903984175577239
ko.K02401	Sex_and_consortia	Female_NS1	0.0648131721073873	0.066494766208397	85	85	0.332535952236342	0.903984175577239
ko.K03516	Sex_and_consortia	Female_NS1	0.0959505170143437	0.221367669318266	85	85	0.665816583467361	0.903984175577239
ko.K09907	Sex_and_consortia	Female_NS1	0.0959505170143437	0.221367669318266	85	85	0.665816583467361	0.903984175577239
ko.K06201	Sex_and_consortia	Female_NS1	-0.0487153829063456	0.0247437363965119	85	85	0.0523137279363105	0.903984175577239
ko.K10537	Sex_and_consortia	Female_NS1	0.0959505170143437	0.221367669318266	85	85	0.665816583467361	0.903984175577239
ko.K15257	Sex_and_consortia	Female_NS1	0.0959505170143437	0.221367669318266	85	85	0.665816583467361	0.903984175577239
ko.K02255	Sex_and_consortia	Female_NS1	0.0959505170143437	0.221367669318266	85	85	0.665816583467361	0.903984175577239
ko.K02423	Sex_and_consortia	Female_NS1	0.0959505170143437	0.221367669318266	85	85	0.665816583467361	0.903984175577239
ko.K02422	Sex_and_consortia	Female_NS1	0.0648131721073873	0.066494766208397	85	85	0.332535952236342	0.903984175577239
ko.K02407	Sex_and_consortia	Female_NS1	0.0648131721073873	0.066494766208397	85	85	0.332535952236342	0.903984175577239
ko.K02406	Sex_and_consortia	Female_NS1	0.0640293196231286	0.0633469103447858	85	85	0.31506288146959	0.903984175577239
ko.K02405	Sex_and_consortia	Female_NS1	0.0648131721073873	0.066494766208397	85	85	0.332535952236342	0.903984175577239
ko.K02425	Sex_and_consortia	Female_NS1	0.0959505170143437	0.221367669318266	85	85	0.665816583467361	0.903984175577239
ko.K02424	Sex_and_consortia	Female_NS1	0.0463997113510096	0.057081983283377	85	85	0.418623347184803	0.903984175577239
ko.K10009	Sex_and_consortia	Female_NS1	0.0618790181396302	0.0734964018874558	85	85	0.402245056221093	0.903984175577239
ko.K07782	Sex_and_consortia	Female_NS1	0.0959505170143437	0.221367669318266	85	85	0.665816583467361	0.903984175577239
ko.K15852	Sex_and_consortia	Female_NS1	0.0959505170143437	0.221367669318266	85	85	0.665816583467361	0.903984175577239
ko.K19666	Sex_and_consortia	Female_NS1	0.0959505170143437	0.221367669318266	85	85	0.665816583467361	0.903984175577239
ko.K19734	Sex_and_consortia	Female_NS1	0.0959505170143437	0.221367669318266	85	85	0.665816583467361	0.903984175577239
ko.K07821	Sex_and_consortia	Female_NS1	0.0959505170143437	0.221367669318266	85	85	0.665816583467361	0.903984175577239
ko.K15256	Sex_and_consortia	Female_NS1	-0.0261179186668724	0.0360538689851271	85	85	0.470848874733946	0.903984175577239
ko.K22443	Sex_and_consortia	Female_NS1	0.0959505170143437	0.221367669318266	85	85	0.665816583467361	0.903984175577239
ko.K07245	Sex_and_consortia	Female_NS1	0.0959505170143437	0.221367669318266	85	85	0.665816583467361	0.903984175577239
ko.K08968	Sex_and_consortia	Female_NS1	-0.058548546940715	0.0360013727441543	85	85	0.107679755930424	0.903984175577239
ko.K03607	Sex_and_consortia	Female_NS1	0.0959505170143437	0.221367669318266	85	85	0.665816583467361	0.903984175577239
ko.K03797	Sex_and_consortia	Female_NS1	-0.0267629473090893	0.01641623229963	85	85	0.106833066814326	0.903984175577239
ko.K03799	Sex_and_consortia	Female_NS1	-0.0611998448860368	0.0525543246292464	85	85	0.247555109911551	0.903984175577239
ko.K21090	Sex_and_consortia	Female_NS1	0.0959505170143437	0.221367669318266	85	85	0.665816583467361	0.903984175577239
ko.K09917	Sex_and_consortia	Female_NS1	0.0959505170143437	0.221367669318266	85	85	0.665816583467361	0.903984175577239
ko.K14742	Sex_and_consortia	Female_NS1	-0.0468966574788955	0.0256250951502158	85	85	0.0708238119357848	0.903984175577239
ko.K07285	Sex_and_consortia	Female_NS1	0.0959505170143437	0.221367669318266	85	85	0.665816583467361	0.903984175577239
ko.K01897	Sex_and_consortia	Female_NS1	-0.0485940504069367	0.0312653419692507	85	85	0.123930606020395	0.903984175577239
ko.K03684	Sex_and_consortia	Female_NS1	0.109843004793623	0.0891768579766618	85	85	0.221523325079717	0.903984175577239
ko.K07006	Sex_and_consortia	Female_NS1	0.120983159669964	0.187647248410245	85	85	0.520875560040601	0.903984175577239
ko.K22444	Sex_and_consortia	Female_NS1	0.0959505170143437	0.221367669318266	85	85	0.665816583467361	0.903984175577239
ko.K00499	Sex_and_consortia	Female_NS1	0.0959505170143437	0.221367669318266	85	85	0.665816583467361	0.903984175577239
ko.K11392	Sex_and_consortia	Female_NS1	0.108788688272739	0.0900247662573874	85	85	0.23031327395024	0.903984175577239
ko.K07156	Sex_and_consortia	Female_NS1	0.0959505170143437	0.221367669318266	85	85	0.665816583467361	0.903984175577239
ko.K07136	Sex_and_consortia	Female_NS1	0.0959505170143437	0.221367669318266	85	85	0.665816583467361	0.903984175577239
ko.K02345	Sex_and_consortia	Female_NS1	0.0959505170143437	0.221367669318266	85	85	0.665816583467361	0.903984175577239
ko.K01876	Sex_and_consortia	Female_NS1	0.00807466997390192	0.012287167779353	85	85	0.512894428935642	0.903984175577239
ko.K08310	Sex_and_consortia	Female_NS1	-0.301806186709692	0.196352170897536	85	85	0.128080835358981	0.903984175577239
ko.K09816	Sex_and_consortia	Female_NS1	-0.0336811497745294	0.0281822124636857	85	85	0.235443525231516	0.903984175577239
ko.K09817	Sex_and_consortia	Female_NS1	-0.035822598285695	0.028240099379779	85	85	0.208165336884162	0.903984175577239
ko.K19304	Sex_and_consortia	Female_NS1	0.0959505170143437	0.221367669318266	85	85	0.665816583467361	0.903984175577239
ko.K02560	Sex_and_consortia	Female_NS1	0.111413693928853	0.203352502825499	85	85	0.585241648244698	0.903984175577239
ko.K19337	Sex_and_consortia	Female_NS1	0.0959505170143437	0.221367669318266	85	85	0.665816583467361	0.903984175577239
ko.K00036	Sex_and_consortia	Female_NS1	-0.0451986562600513	0.0297565585859046	85	85	0.132575834913459	0.903984175577239
ko.K01690	Sex_and_consortia	Female_NS1	0.0959505170143437	0.221367669318266	85	85	0.665816583467361	0.903984175577239
ko.K01625	Sex_and_consortia	Female_NS1	-0.0390759113043853	0.0287520620331541	85	85	0.177807651136228	0.903984175577239
ko.K08289	Sex_and_consortia	Female_NS1	-0.0509738507966373	0.0345738907510746	85	85	0.144171656887396	0.903984175577239
ko.K09918	Sex_and_consortia	Female_NS1	0.0959505170143437	0.221367669318266	85	85	0.665816583467361	0.903984175577239
ko.K01354	Sex_and_consortia	Female_NS1	0.120983159669964	0.187647248410245	85	85	0.520875560040601	0.903984175577239
ko.K10857	Sex_and_consortia	Female_NS1	0.0959505170143437	0.221367669318266	85	85	0.665816583467361	0.903984175577239
ko.K03617	Sex_and_consortia	Female_NS1	-0.0383670214834669	0.0285620768209615	85	85	0.18284096615391	0.903984175577239
ko.K14155	Sex_and_consortia	Female_NS1	0.00866084021562009	0.00938093960425596	85	85	0.358559343467405	0.903984175577239
ko.K01715	Sex_and_consortia	Female_NS1	0.0466893878169879	0.0647186946735172	85	85	0.472678226747898	0.903984175577239
ko.K07792	Sex_and_consortia	Female_NS1	-0.0451128631249697	0.035163709652204	85	85	0.203084733638564	0.903984175577239
ko.K11615	Sex_and_consortia	Female_NS1	0.0646231841485702	0.0894351496205312	85	85	0.471975007475567	0.903984175577239
ko.K02476	Sex_and_consortia	Female_NS1	0.0959505170143437	0.221367669318266	85	85	0.665816583467361	0.903984175577239
ko.K07701	Sex_and_consortia	Female_NS1	0.0959505170143437	0.221367669318266	85	85	0.665816583467361	0.903984175577239
ko.K11614	Sex_and_consortia	Female_NS1	0.0959505170143437	0.221367669318266	85	85	0.665816583467361	0.903984175577239
ko.K03765	Sex_and_consortia	Female_NS1	0.0959505170143437	0.221367669318266	85	85	0.665816583467361	0.903984175577239
ko.K04084	Sex_and_consortia	Female_NS1	-0.0532825934998432	0.0342864458523938	85	85	0.123979269634036	0.903984175577239
ko.K03926	Sex_and_consortia	Female_NS1	0.0959505170143437	0.221367669318266	85	85	0.665816583467361	0.903984175577239
ko.K07791	Sex_and_consortia	Female_NS1	-0.0466207664571014	0.034613664385057	85	85	0.181682088813796	0.903984175577239
ko.K07113	Sex_and_consortia	Female_NS1	0.0959505170143437	0.221367669318266	85	85	0.665816583467361	0.903984175577239
ko.K16263	Sex_and_consortia	Female_NS1	0.0959505170143437	0.221367669318266	85	85	0.665816583467361	0.903984175577239
ko.K01843	Sex_and_consortia	Female_NS1	-0.0415922918553726	0.0323858704857648	85	85	0.202619724691774	0.903984175577239
ko.K19810	Sex_and_consortia	Female_NS1	0.0959505170143437	0.221367669318266	85	85	0.665816583467361	0.903984175577239
ko.K16347	Sex_and_consortia	Female_NS1	0.0959505170143437	0.221367669318266	85	85	0.665816583467361	0.903984175577239
ko.K07703	Sex_and_consortia	Female_NS1	0.0959505170143437	0.221367669318266	85	85	0.665816583467361	0.903984175577239
ko.K08984	Sex_and_consortia	Female_NS1	0.0959505170143437	0.221367669318266	85	85	0.665816583467361	0.903984175577239
ko.K11741	Sex_and_consortia	Female_NS1	0.0929352096280901	0.0881202588080845	85	85	0.294650061671537	0.903984175577239
ko.K05774	Sex_and_consortia	Female_NS1	0.0959505170143437	0.221367669318266	85	85	0.665816583467361	0.903984175577239
ko.K06162	Sex_and_consortia	Female_NS1	0.111413693928853	0.203352502825499	85	85	0.585241648244698	0.903984175577239
ko.K05780	Sex_and_consortia	Female_NS1	0.111413693928853	0.203352502825499	85	85	0.585241648244698	0.903984175577239
ko.K05781	Sex_and_consortia	Female_NS1	0.111413693928853	0.203352502825499	85	85	0.585241648244698	0.903984175577239
ko.K06163	Sex_and_consortia	Female_NS1	0.111413693928853	0.203352502825499	85	85	0.585241648244698	0.903984175577239
ko.K06164	Sex_and_consortia	Female_NS1	0.111413693928853	0.203352502825499	85	85	0.585241648244698	0.903984175577239
ko.K06165	Sex_and_consortia	Female_NS1	0.111413693928853	0.203352502825499	85	85	0.585241648244698	0.903984175577239
ko.K06166	Sex_and_consortia	Female_NS1	0.111413693928853	0.203352502825499	85	85	0.585241648244698	0.903984175577239
ko.K02043	Sex_and_consortia	Female_NS1	0.0959505170143437	0.221367669318266	85	85	0.665816583467361	0.903984175577239
ko.K02044	Sex_and_consortia	Female_NS1	0.0558144253307882	0.0864564584620259	85	85	0.520333169326516	0.903984175577239
ko.K02041	Sex_and_consortia	Female_NS1	0.0556881794187603	0.0864484120411907	85	85	0.52123615331423	0.903984175577239
ko.K04750	Sex_and_consortia	Female_NS1	0.0642172305802064	0.0890473903571907	85	85	0.472838841988897	0.903984175577239
ko.K06193	Sex_and_consortia	Female_NS1	-0.168476978578274	0.197917559370482	85	85	0.397080741202387	0.903984175577239
ko.K03762	Sex_and_consortia	Female_NS1	0.0729954195646933	0.0834057983645209	85	85	0.383999411804341	0.903984175577239
ko.K07643	Sex_and_consortia	Female_NS1	0.0959505170143437	0.221367669318266	85	85	0.665816583467361	0.903984175577239
ko.K07771	Sex_and_consortia	Female_NS1	0.0959505170143437	0.221367669318266	85	85	0.665816583467361	0.903984175577239
ko.K16348	Sex_and_consortia	Female_NS1	0.0959505170143437	0.221367669318266	85	85	0.665816583467361	0.903984175577239
ko.K03098	Sex_and_consortia	Female_NS1	0.105766878611823	0.0845464883820694	85	85	0.21445267047341	0.903984175577239
ko.K06167	Sex_and_consortia	Female_NS1	0.00715500930951858	0.0130051190257549	85	85	0.583681262467797	0.903984175577239
ko.K04088	Sex_and_consortia	Female_NS1	0.0570442536790233	0.0658770380736592	85	85	0.389030119939588	0.903984175577239
ko.K09937	Sex_and_consortia	Female_NS1	0.0959505170143437	0.221367669318266	85	85	0.665816583467361	0.903984175577239
ko.K09980	Sex_and_consortia	Female_NS1	0.0959505170143437	0.221367669318266	85	85	0.665816583467361	0.903984175577239
ko.K08989	Sex_and_consortia	Female_NS1	0.0906859068109233	0.0832240406184098	85	85	0.279016526146827	0.903984175577239
ko.K09456	Sex_and_consortia	Female_NS1	0.0959505170143437	0.221367669318266	85	85	0.665816583467361	0.903984175577239
ko.K03477	Sex_and_consortia	Female_NS1	0.0959505170143437	0.221367669318266	85	85	0.665816583467361	0.903984175577239
ko.K03476	Sex_and_consortia	Female_NS1	-0.130872879825291	0.130951698312133	85	85	0.320506639787728	0.903984175577239
ko.K03475	Sex_and_consortia	Female_NS1	-0.141172691265844	0.105824352935414	85	85	0.185843442011612	0.903984175577239
ko.K02686	Sex_and_consortia	Female_NS1	0.0959505170143437	0.221367669318266	85	85	0.665816583467361	0.903984175577239
ko.K00791	Sex_and_consortia	Female_NS1	-0.0181837230678663	0.0134348476757811	85	85	0.179578685708074	0.903984175577239
ko.K01467	Sex_and_consortia	Female_NS1	0.0959505170143437	0.221367669318266	85	85	0.665816583467361	0.903984175577239
ko.K19100	Sex_and_consortia	Female_NS1	0.0959505170143437	0.221367669318266	85	85	0.665816583467361	0.903984175577239
ko.K19101	Sex_and_consortia	Female_NS1	0.0959505170143437	0.221367669318266	85	85	0.665816583467361	0.903984175577239
ko.K19215	Sex_and_consortia	Female_NS1	0.0959505170143437	0.221367669318266	85	85	0.665816583467361	0.903984175577239
ko.K20319	Sex_and_consortia	Female_NS1	0.0959505170143437	0.221367669318266	85	85	0.665816583467361	0.903984175577239
ko.K20320	Sex_and_consortia	Female_NS1	0.0959505170143437	0.221367669318266	85	85	0.665816583467361	0.903984175577239
ko.K00247	Sex_and_consortia	Female_NS1	0.0959505170143437	0.221367669318266	85	85	0.665816583467361	0.903984175577239
ko.K00246	Sex_and_consortia	Female_NS1	0.0959505170143437	0.221367669318266	85	85	0.665816583467361	0.903984175577239
ko.K00244	Sex_and_consortia	Female_NS1	-0.0899666954196051	0.104721640908285	85	85	0.392758002607491	0.903984175577239
ko.K04568	Sex_and_consortia	Female_NS1	0.0959505170143437	0.221367669318266	85	85	0.665816583467361	0.903984175577239
ko.K01613	Sex_and_consortia	Female_NS1	-0.0142728502734891	0.023540540196585	85	85	0.545964061447832	0.903984175577239
ko.K18979	Sex_and_consortia	Female_NS1	0.057850989516429	0.0706642076299504	85	85	0.415316464734863	0.903984175577239
ko.K17759	Sex_and_consortia	Female_NS1	0.00537923833357391	0.011292774359604	85	85	0.635081346343385	0.903984175577239
ko.K09994	Sex_and_consortia	Female_NS1	0.0959505170143437	0.221367669318266	85	85	0.665816583467361	0.903984175577239
ko.K01808	Sex_and_consortia	Female_NS1	-0.0340042955717597	0.0286752722227343	85	85	0.239069073591872	0.903984175577239
ko.K02790	Sex_and_consortia	Female_NS1	-0.216283693006349	0.181976160728566	85	85	0.238015163538722	0.903984175577239
ko.K04775	Sex_and_consortia	Female_NS1	0.0959505170143437	0.221367669318266	85	85	0.665816583467361	0.903984175577239
ko.K15545	Sex_and_consortia	Female_NS1	0.0959505170143437	0.221367669318266	85	85	0.665816583467361	0.903984175577239
ko.K00657	Sex_and_consortia	Female_NS1	0.0103205262163088	0.0140627997961487	85	85	0.465084809707177	0.903984175577239
ko.K08322	Sex_and_consortia	Female_NS1	0.0682082944074599	0.144792232548564	85	85	0.638821531340447	0.903984175577239
ko.K22304	Sex_and_consortia	Female_NS1	0.0959505170143437	0.221367669318266	85	85	0.665816583467361	0.903984175577239
ko.K03827	Sex_and_consortia	Female_NS1	-0.0591494505144503	0.0408727638875241	85	85	0.151618412096764	0.903984175577239
ko.K00651	Sex_and_consortia	Female_NS1	-0.0369143354085375	0.0305184442782078	85	85	0.229876146807497	0.903984175577239
ko.K01637	Sex_and_consortia	Female_NS1	0.0959505170143437	0.221367669318266	85	85	0.665816583467361	0.903984175577239
ko.K00906	Sex_and_consortia	Female_NS1	0.0959505170143437	0.221367669318266	85	85	0.665816583467361	0.903984175577239
ko.K13641	Sex_and_consortia	Female_NS1	0.0273406325624768	0.0620048275164832	85	85	0.660400250329406	0.903984175577239
ko.K00548	Sex_and_consortia	Female_NS1	0.0139780933192788	0.0101915066349553	85	85	0.173902073409076	0.903984175577239
ko.K03324	Sex_and_consortia	Female_NS1	-0.0251640213681801	0.0305590228421263	85	85	0.412608351011322	0.903984175577239
ko.K02771	Sex_and_consortia	Female_NS1	0.0959505170143437	0.221367669318266	85	85	0.665816583467361	0.903984175577239
ko.K02815	Sex_and_consortia	Female_NS1	0.0959505170143437	0.221367669318266	85	85	0.665816583467361	0.903984175577239
ko.K02813	Sex_and_consortia	Female_NS1	0.0959505170143437	0.221367669318266	85	85	0.665816583467361	0.903984175577239
ko.K02812	Sex_and_consortia	Female_NS1	0.0959505170143437	0.221367669318266	85	85	0.665816583467361	0.903984175577239
ko.K08224	Sex_and_consortia	Female_NS1	-0.0508712591948004	0.0425410605659913	85	85	0.235173757376173	0.903984175577239
ko.K11742	Sex_and_consortia	Female_NS1	0.0959505170143437	0.221367669318266	85	85	0.665816583467361	0.903984175577239
ko.K07074	Sex_and_consortia	Female_NS1	0.0460758740694242	0.0873416986088569	85	85	0.59922894425361	0.903984175577239
ko.K11743	Sex_and_consortia	Female_NS1	0.0959505170143437	0.221367669318266	85	85	0.665816583467361	0.903984175577239
ko.K02791	Sex_and_consortia	Female_NS1	-0.216283693006349	0.181976160728566	85	85	0.238015163538722	0.903984175577239
ko.K16136	Sex_and_consortia	Female_NS1	0.0959505170143437	0.221367669318266	85	85	0.665816583467361	0.903984175577239
ko.K16138	Sex_and_consortia	Female_NS1	0.0959505170143437	0.221367669318266	85	85	0.665816583467361	0.903984175577239
ko.K01195	Sex_and_consortia	Female_NS1	-0.0529512425982743	0.115412360923026	85	85	0.647576673539818	0.903984175577239
ko.K16140	Sex_and_consortia	Female_NS1	0.0959505170143437	0.221367669318266	85	85	0.665816583467361	0.903984175577239
ko.K01809	Sex_and_consortia	Female_NS1	0.00511479874329617	0.0110450920479454	85	85	0.644516529045466	0.903984175577239
ko.K01679	Sex_and_consortia	Female_NS1	0.0308518196390011	0.0693384600371327	85	85	0.657517514537989	0.903984175577239
ko.K10748	Sex_and_consortia	Female_NS1	0.0959505170143437	0.221367669318266	85	85	0.665816583467361	0.903984175577239
ko.K07639	Sex_and_consortia	Female_NS1	0.0959505170143437	0.221367669318266	85	85	0.665816583467361	0.903984175577239
ko.K07661	Sex_and_consortia	Female_NS1	0.0959505170143437	0.221367669318266	85	85	0.665816583467361	0.903984175577239
ko.K02442	Sex_and_consortia	Female_NS1	0.0959505170143437	0.221367669318266	85	85	0.665816583467361	0.903984175577239
ko.K03793	Sex_and_consortia	Female_NS1	0.0959505170143437	0.221367669318266	85	85	0.665816583467361	0.903984175577239
ko.K13938	Sex_and_consortia	Female_NS1	0.0959505170143437	0.221367669318266	85	85	0.665816583467361	0.903984175577239
ko.K00324	Sex_and_consortia	Female_NS1	0.132167118441341	0.16732163117959	85	85	0.431837923574191	0.903984175577239
ko.K00325	Sex_and_consortia	Female_NS1	0.120983159669964	0.187647248410245	85	85	0.520875560040601	0.903984175577239
ko.K00928	Sex_and_consortia	Female_NS1	-0.0162461796219798	0.0097689576334782	85	85	0.100076057889234	0.903984175577239
ko.K10549	Sex_and_consortia	Female_NS1	0.0682082944074599	0.144792232548564	85	85	0.638821531340447	0.903984175577239
ko.K13631	Sex_and_consortia	Female_NS1	0.0959505170143437	0.221367669318266	85	85	0.665816583467361	0.903984175577239
ko.K03316	Sex_and_consortia	Female_NS1	-0.0483283217204336	0.0878683604055102	85	85	0.583790812325615	0.903984175577239
ko.K14393	Sex_and_consortia	Female_NS1	0.0959505170143437	0.221367669318266	85	85	0.665816583467361	0.903984175577239
ko.K01895	Sex_and_consortia	Female_NS1	-0.058885335682393	0.0326422665633705	85	85	0.0748655293115622	0.903984175577239
ko.K04013	Sex_and_consortia	Female_NS1	0.0959505170143437	0.221367669318266	85	85	0.665816583467361	0.903984175577239
ko.K00184	Sex_and_consortia	Female_NS1	0.111166726252865	0.089492209827236	85	85	0.217663237757429	0.903984175577239
ko.K04014	Sex_and_consortia	Female_NS1	0.0959505170143437	0.221367669318266	85	85	0.665816583467361	0.903984175577239
ko.K04015	Sex_and_consortia	Female_NS1	0.0959505170143437	0.221367669318266	85	85	0.665816583467361	0.903984175577239
ko.K04016	Sex_and_consortia	Female_NS1	0.0959505170143437	0.221367669318266	85	85	0.665816583467361	0.903984175577239
ko.K04017	Sex_and_consortia	Female_NS1	0.0959505170143437	0.221367669318266	85	85	0.665816583467361	0.903984175577239
ko.K04018	Sex_and_consortia	Female_NS1	0.0959505170143437	0.221367669318266	85	85	0.665816583467361	0.903984175577239
ko.K15547	Sex_and_consortia	Female_NS1	0.0959505170143437	0.221367669318266	85	85	0.665816583467361	0.903984175577239
ko.K15549	Sex_and_consortia	Female_NS1	0.0959505170143437	0.221367669318266	85	85	0.665816583467361	0.903984175577239
ko.K00881	Sex_and_consortia	Female_NS1	0.0531819803891412	0.121016236444582	85	85	0.661469227160752	0.903984175577239
ko.K17195	Sex_and_consortia	Female_NS1	0.0701379339958883	0.111473337168452	85	85	0.530952513127319	0.903984175577239
ko.K10550	Sex_and_consortia	Female_NS1	0.0682082944074599	0.144792232548564	85	85	0.638821531340447	0.903984175577239
ko.K13639	Sex_and_consortia	Female_NS1	0.0959505170143437	0.221367669318266	85	85	0.665816583467361	0.903984175577239
ko.K03788	Sex_and_consortia	Female_NS1	0.0959505170143437	0.221367669318266	85	85	0.665816583467361	0.903984175577239
ko.K08139	Sex_and_consortia	Female_NS1	-0.054507529185306	0.0489020980989113	85	85	0.268228045274282	0.903984175577239
ko.K10110	Sex_and_consortia	Female_NS1	0.0959505170143437	0.221367669318266	85	85	0.665816583467361	0.903984175577239
ko.K10109	Sex_and_consortia	Female_NS1	0.0959505170143437	0.221367669318266	85	85	0.665816583467361	0.903984175577239
ko.K10108	Sex_and_consortia	Female_NS1	0.0959505170143437	0.221367669318266	85	85	0.665816583467361	0.903984175577239
ko.K10111	Sex_and_consortia	Female_NS1	0.0959505170143437	0.221367669318266	85	85	0.665816583467361	0.903984175577239
ko.K02024	Sex_and_consortia	Female_NS1	0.0959505170143437	0.221367669318266	85	85	0.665816583467361	0.903984175577239
ko.K05775	Sex_and_consortia	Female_NS1	0.0959505170143437	0.221367669318266	85	85	0.665816583467361	0.903984175577239
ko.K03181	Sex_and_consortia	Female_NS1	0.0959505170143437	0.221367669318266	85	85	0.665816583467361	0.903984175577239
ko.K03179	Sex_and_consortia	Female_NS1	0.101532727869264	0.0787064897076504	85	85	0.200627328441914	0.903984175577239
ko.K00631	Sex_and_consortia	Female_NS1	0.0959505170143437	0.221367669318266	85	85	0.665816583467361	0.903984175577239
ko.K00901	Sex_and_consortia	Female_NS1	-0.0598290081878622	0.0523215619063115	85	85	0.256123976649577	0.903984175577239
ko.K01356	Sex_and_consortia	Female_NS1	0.0363241848795518	0.0602350084391944	85	85	0.54812566765649	0.903984175577239
ko.K09823	Sex_and_consortia	Female_NS1	0.0959505170143437	0.221367669318266	85	85	0.665816583467361	0.903984175577239
ko.K00344	Sex_and_consortia	Female_NS1	-0.203002180296736	0.179929770946209	85	85	0.262473460233939	0.903984175577239
ko.K02314	Sex_and_consortia	Female_NS1	0.0153921729603838	0.0256078211393566	85	85	0.549429328120625	0.903984175577239
ko.K07153	Sex_and_consortia	Female_NS1	0.0959505170143437	0.221367669318266	85	85	0.665816583467361	0.903984175577239
ko.K01756	Sex_and_consortia	Female_NS1	0.00679206384067521	0.0101388914456354	85	85	0.504779749972448	0.903984175577239
ko.K07660	Sex_and_consortia	Female_NS1	0.0959505170143437	0.221367669318266	85	85	0.665816583467361	0.903984175577239
ko.K08296	Sex_and_consortia	Female_NS1	0.120983159669964	0.187647248410245	85	85	0.520875560040601	0.903984175577239
ko.K13629	Sex_and_consortia	Female_NS1	0.0959505170143437	0.221367669318266	85	85	0.665816583467361	0.903984175577239
ko.K01753	Sex_and_consortia	Female_NS1	0.0550075606505047	0.0874662962910064	85	85	0.53114152709228	0.903984175577239
ko.K07786	Sex_and_consortia	Female_NS1	0.0959505170143437	0.221367669318266	85	85	0.665816583467361	0.903984175577239
ko.K07679	Sex_and_consortia	Female_NS1	0.0959505170143437	0.221367669318266	85	85	0.665816583467361	0.903984175577239
ko.K18702	Sex_and_consortia	Female_NS1	0.0959505170143437	0.221367669318266	85	85	0.665816583467361	0.903984175577239
ko.K07088	Sex_and_consortia	Female_NS1	0.0707496860611723	0.045878150587632	85	85	0.126848261195743	0.903984175577239
ko.K01577	Sex_and_consortia	Female_NS1	0.0959505170143437	0.221367669318266	85	85	0.665816583467361	0.903984175577239
ko.K07749	Sex_and_consortia	Female_NS1	0.0959505170143437	0.221367669318266	85	85	0.665816583467361	0.903984175577239
ko.K14261	Sex_and_consortia	Female_NS1	-0.051749734602458	0.0348294233365507	85	85	0.141119273897927	0.903984175577239
ko.K03322	Sex_and_consortia	Female_NS1	-0.0499402644715253	0.0336785857559313	85	85	0.141901702474142	0.903984175577239
ko.K11535	Sex_and_consortia	Female_NS1	-0.166768141749142	0.19773997456023	85	85	0.401445045384066	0.903984175577239
ko.K01885	Sex_and_consortia	Female_NS1	0.00936487099235994	0.0116699133469648	85	85	0.424567244133799	0.903984175577239
ko.K03230	Sex_and_consortia	Female_NS1	0.0959505170143437	0.221367669318266	85	85	0.665816583467361	0.903984175577239
ko.K06076	Sex_and_consortia	Female_NS1	-0.0532825934998432	0.0342864458523938	85	85	0.123979269634036	0.903984175577239
ko.K03225	Sex_and_consortia	Female_NS1	0.0959505170143437	0.221367669318266	85	85	0.665816583467361	0.903984175577239
ko.K10016	Sex_and_consortia	Female_NS1	0.0959505170143437	0.221367669318266	85	85	0.665816583467361	0.903984175577239
ko.K10024	Sex_and_consortia	Female_NS1	0.0959505170143437	0.221367669318266	85	85	0.665816583467361	0.903984175577239
ko.K00764	Sex_and_consortia	Female_NS1	-0.0253265649459508	0.0143147962337921	85	85	0.0805240933786177	0.903984175577239
ko.K03558	Sex_and_consortia	Female_NS1	-0.0532825934998432	0.0342864458523938	85	85	0.123979269634036	0.903984175577239
ko.K03749	Sex_and_consortia	Female_NS1	0.0959505170143437	0.221367669318266	85	85	0.665816583467361	0.903984175577239
ko.K11754	Sex_and_consortia	Female_NS1	0.00619108791081594	0.010905497337991	85	85	0.571768858406206	0.903984175577239
ko.K03975	Sex_and_consortia	Female_NS1	-0.0505137335191139	0.0466032119547384	85	85	0.281542857919495	0.903984175577239
ko.K03473	Sex_and_consortia	Female_NS1	-0.051749734602458	0.0348294233365507	85	85	0.141119273897927	0.903984175577239
ko.K15461	Sex_and_consortia	Female_NS1	0.0959505170143437	0.221367669318266	85	85	0.665816583467361	0.903984175577239
ko.K09906	Sex_and_consortia	Female_NS1	0.0959505170143437	0.221367669318266	85	85	0.665816583467361	0.903984175577239
ko.K07090	Sex_and_consortia	Female_NS1	0.044959525627894	0.063842512407501	85	85	0.483263555007212	0.903984175577239
ko.K11312	Sex_and_consortia	Female_NS1	0.0959505170143437	0.221367669318266	85	85	0.665816583467361	0.903984175577239
ko.K07261	Sex_and_consortia	Female_NS1	0.0959505170143437	0.221367669318266	85	85	0.665816583467361	0.903984175577239
ko.K22514	Sex_and_consortia	Female_NS1	0.0959505170143437	0.221367669318266	85	85	0.665816583467361	0.903984175577239
ko.K03226	Sex_and_consortia	Female_NS1	0.0959505170143437	0.221367669318266	85	85	0.665816583467361	0.903984175577239
ko.K10017	Sex_and_consortia	Female_NS1	0.0959505170143437	0.221367669318266	85	85	0.665816583467361	0.903984175577239
ko.K02681	Sex_and_consortia	Female_NS1	0.0959505170143437	0.221367669318266	85	85	0.665816583467361	0.903984175577239
ko.K01407	Sex_and_consortia	Female_NS1	0.0959505170143437	0.221367669318266	85	85	0.665816583467361	0.903984175577239
ko.K14682	Sex_and_consortia	Female_NS1	0.108788688272739	0.0900247662573874	85	85	0.23031327395024	0.903984175577239
ko.K22132	Sex_and_consortia	Female_NS1	0.00743601287923195	0.0124029968077558	85	85	0.550450277375213	0.903984175577239
ko.K03566	Sex_and_consortia	Female_NS1	0.0959505170143437	0.221367669318266	85	85	0.665816583467361	0.903984175577239
ko.K06968	Sex_and_consortia	Female_NS1	0.0959505170143437	0.221367669318266	85	85	0.665816583467361	0.903984175577239
ko.K02430	Sex_and_consortia	Female_NS1	0.0959505170143437	0.221367669318266	85	85	0.665816583467361	0.903984175577239
ko.K02431	Sex_and_consortia	Female_NS1	0.0977363667800448	0.062050367130627	85	85	0.119034477224334	0.903984175577239
ko.K01818	Sex_and_consortia	Female_NS1	0.0148804585137624	0.0147889366123327	85	85	0.317249291150604	0.903984175577239
ko.K02429	Sex_and_consortia	Female_NS1	-0.0562887837056933	0.0371937510495791	85	85	0.133978427875058	0.903984175577239
ko.K00048	Sex_and_consortia	Female_NS1	0.0288158473839479	0.0651342341406295	85	85	0.659345378615915	0.903984175577239
ko.K01146	Sex_and_consortia	Female_NS1	0.0959505170143437	0.221367669318266	85	85	0.665816583467361	0.903984175577239
ko.K03837	Sex_and_consortia	Female_NS1	0.0959505170143437	0.221367669318266	85	85	0.665816583467361	0.903984175577239
ko.K02680	Sex_and_consortia	Female_NS1	0.0959505170143437	0.221367669318266	85	85	0.665816583467361	0.903984175577239
ko.K22507	Sex_and_consortia	Female_NS1	0.0959505170143437	0.221367669318266	85	85	0.665816583467361	0.903984175577239
ko.K13292	Sex_and_consortia	Female_NS1	0.0572620423933976	0.060735653405056	85	85	0.348515494027504	0.903984175577239
ko.K22508	Sex_and_consortia	Female_NS1	0.0959505170143437	0.221367669318266	85	85	0.665816583467361	0.903984175577239
ko.K03228	Sex_and_consortia	Female_NS1	0.0959505170143437	0.221367669318266	85	85	0.665816583467361	0.903984175577239
ko.K22509	Sex_and_consortia	Female_NS1	0.0959505170143437	0.221367669318266	85	85	0.665816583467361	0.903984175577239
ko.K08087	Sex_and_consortia	Female_NS1	0.0959505170143437	0.221367669318266	85	85	0.665816583467361	0.903984175577239
ko.K22488	Sex_and_consortia	Female_NS1	0.0959505170143437	0.221367669318266	85	85	0.665816583467361	0.903984175577239
ko.K03221	Sex_and_consortia	Female_NS1	0.0959505170143437	0.221367669318266	85	85	0.665816583467361	0.903984175577239
ko.K22505	Sex_and_consortia	Female_NS1	0.0959505170143437	0.221367669318266	85	85	0.665816583467361	0.903984175577239
ko.K22486	Sex_and_consortia	Female_NS1	0.0959505170143437	0.221367669318266	85	85	0.665816583467361	0.903984175577239
ko.K01815	Sex_and_consortia	Female_NS1	-0.0395602532838503	0.027670531170565	85	85	0.156559692329272	0.903984175577239
ko.K00065	Sex_and_consortia	Female_NS1	0.0825987446789768	0.0742318540917615	85	85	0.269044094694834	0.903984175577239
ko.K01586	Sex_and_consortia	Female_NS1	0.00731624444976029	0.0117164741096912	85	85	0.534050873837462	0.903984175577239
ko.K05939	Sex_and_consortia	Female_NS1	0.108788688272739	0.0900247662573874	85	85	0.23031327395024	0.903984175577239
ko.K08227	Sex_and_consortia	Female_NS1	0.0959505170143437	0.221367669318266	85	85	0.665816583467361	0.903984175577239
ko.K03573	Sex_and_consortia	Female_NS1	0.0959505170143437	0.221367669318266	85	85	0.665816583467361	0.903984175577239
ko.K08311	Sex_and_consortia	Female_NS1	0.108788688272739	0.0900247662573874	85	85	0.23031327395024	0.903984175577239
ko.K08484	Sex_and_consortia	Female_NS1	0.0959505170143437	0.221367669318266	85	85	0.665816583467361	0.903984175577239
ko.K10015	Sex_and_consortia	Female_NS1	0.0959505170143437	0.221367669318266	85	85	0.665816583467361	0.903984175577239
ko.K07071	Sex_and_consortia	Female_NS1	0.090384890873852	0.0788811074085831	85	85	0.255155554348198	0.903984175577239
ko.K15723	Sex_and_consortia	Female_NS1	0.0959505170143437	0.221367669318266	85	85	0.665816583467361	0.903984175577239
ko.K00116	Sex_and_consortia	Female_NS1	0.100470519681342	0.220748164643195	85	85	0.650199454754121	0.903984175577239
ko.K06160	Sex_and_consortia	Female_NS1	0.0959505170143437	0.221367669318266	85	85	0.665816583467361	0.903984175577239
ko.K03919	Sex_and_consortia	Female_NS1	0.0959505170143437	0.221367669318266	85	85	0.665816583467361	0.903984175577239
ko.K10778	Sex_and_consortia	Female_NS1	-0.051749734602458	0.0348294233365507	85	85	0.141119273897927	0.903984175577239
ko.K03734	Sex_and_consortia	Female_NS1	0.0201163670472726	0.0318399472108487	85	85	0.529256226654646	0.903984175577239
ko.K07676	Sex_and_consortia	Female_NS1	0.0959505170143437	0.221367669318266	85	85	0.665816583467361	0.903984175577239
ko.K07677	Sex_and_consortia	Female_NS1	0.0959505170143437	0.221367669318266	85	85	0.665816583467361	0.903984175577239
ko.K07710	Sex_and_consortia	Female_NS1	0.0959505170143437	0.221367669318266	85	85	0.665816583467361	0.903984175577239
ko.K02481	Sex_and_consortia	Female_NS1	-0.0504892198887767	0.0362158939156629	85	85	0.167003049119662	0.903984175577239
ko.K07714	Sex_and_consortia	Female_NS1	0.0874185270269109	0.0680532424196364	85	85	0.202519481922095	0.903984175577239
ko.K01034	Sex_and_consortia	Female_NS1	0.0901174766633868	0.0710082556550033	85	85	0.207948245342563	0.903984175577239
ko.K01029	Sex_and_consortia	Female_NS1	0.100319043457625	0.088214509088844	85	85	0.258719995499615	0.903984175577239
ko.K01035	Sex_and_consortia	Female_NS1	0.0901174766633868	0.0710082556550033	85	85	0.207948245342563	0.903984175577239
ko.K02106	Sex_and_consortia	Female_NS1	0.0901174766633868	0.0710082556550033	85	85	0.207948245342563	0.903984175577239
ko.K09934	Sex_and_consortia	Female_NS1	0.0959505170143437	0.221367669318266	85	85	0.665816583467361	0.903984175577239
ko.K02469	Sex_and_consortia	Female_NS1	0.00703692040685204	0.0101405830056661	85	85	0.489659710499817	0.903984175577239
ko.K07279	Sex_and_consortia	Female_NS1	0.0959505170143437	0.221367669318266	85	85	0.665816583467361	0.903984175577239
ko.K06159	Sex_and_consortia	Female_NS1	0.0959505170143437	0.221367669318266	85	85	0.665816583467361	0.903984175577239
ko.K08276	Sex_and_consortia	Female_NS1	0.0959505170143437	0.221367669318266	85	85	0.665816583467361	0.903984175577239
ko.K02572	Sex_and_consortia	Female_NS1	0.111413693928853	0.203352502825499	85	85	0.585241648244698	0.903984175577239
ko.K09920	Sex_and_consortia	Female_NS1	0.0959505170143437	0.221367669318266	85	85	0.665816583467361	0.903984175577239
ko.K03651	Sex_and_consortia	Female_NS1	0.0959505170143437	0.221367669318266	85	85	0.665816583467361	0.903984175577239
ko.K07685	Sex_and_consortia	Female_NS1	0.0959505170143437	0.221367669318266	85	85	0.665816583467361	0.903984175577239
ko.K02198	Sex_and_consortia	Female_NS1	-0.0851410156087493	0.150055606291143	85	85	0.571976384444973	0.903984175577239
ko.K02196	Sex_and_consortia	Female_NS1	0.0959505170143437	0.221367669318266	85	85	0.665816583467361	0.903984175577239
ko.K02568	Sex_and_consortia	Female_NS1	0.111413693928853	0.203352502825499	85	85	0.585241648244698	0.903984175577239
ko.K02570	Sex_and_consortia	Female_NS1	0.111413693928853	0.203352502825499	85	85	0.585241648244698	0.903984175577239
ko.K11107	Sex_and_consortia	Female_NS1	0.0959505170143437	0.221367669318266	85	85	0.665816583467361	0.903984175577239
ko.K00112	Sex_and_consortia	Female_NS1	0.0407282518218759	0.081506145576059	85	85	0.618611648343981	0.903984175577239
ko.K07589	Sex_and_consortia	Female_NS1	0.0959505170143437	0.221367669318266	85	85	0.665816583467361	0.903984175577239
ko.K00337	Sex_and_consortia	Female_NS1	0.0100194846249681	0.0199171750000005	85	85	0.61625619068963	0.903984175577239
ko.K00336	Sex_and_consortia	Female_NS1	0.0912838758998465	0.0496560158955223	85	85	0.0695917604106317	0.903984175577239
ko.K00335	Sex_and_consortia	Female_NS1	0.0163427141801528	0.0108492557194941	85	85	0.135775395712488	0.903984175577239
ko.K00334	Sex_and_consortia	Female_NS1	0.0948272799799408	0.0476843908401599	85	85	0.0500355459966631	0.903984175577239
ko.K13378	Sex_and_consortia	Female_NS1	-0.0505422955166313	0.0420489638914103	85	85	0.232786898198855	0.903984175577239
ko.K00331	Sex_and_consortia	Female_NS1	0.0100194846249681	0.0199171750000005	85	85	0.61625619068963	0.903984175577239
ko.K14260	Sex_and_consortia	Female_NS1	-0.056989672922994	0.0312872246387501	85	85	0.0721336452950429	0.903984175577239
ko.K08722	Sex_and_consortia	Female_NS1	0.100319043457625	0.088214509088844	85	85	0.258719995499615	0.903984175577239
ko.K09161	Sex_and_consortia	Female_NS1	0.0959505170143437	0.221367669318266	85	85	0.665816583467361	0.903984175577239
ko.K09899	Sex_and_consortia	Female_NS1	0.0959505170143437	0.221367669318266	85	85	0.665816583467361	0.903984175577239
ko.K07095	Sex_and_consortia	Female_NS1	0.00785400436090794	0.0107692327578256	85	85	0.467871090754855	0.903984175577239
ko.K18015	Sex_and_consortia	Female_NS1	0.0959505170143437	0.221367669318266	85	85	0.665816583467361	0.903984175577239
ko.K00113	Sex_and_consortia	Female_NS1	0.0407282518218759	0.081506145576059	85	85	0.618611648343981	0.903984175577239
ko.K00784	Sex_and_consortia	Female_NS1	-0.0458086396376034	0.0256237676682465	85	85	0.0774677882785226	0.903984175577239
ko.K12944	Sex_and_consortia	Female_NS1	0.108788688272739	0.0900247662573874	85	85	0.23031327395024	0.903984175577239
ko.K07806	Sex_and_consortia	Female_NS1	0.0632968986987834	0.0940473847269178	85	85	0.502796595863802	0.903984175577239
ko.K10012	Sex_and_consortia	Female_NS1	0.0648285523541836	0.0891020924935882	85	85	0.468920569406759	0.903984175577239
ko.K10011	Sex_and_consortia	Female_NS1	0.0959505170143437	0.221367669318266	85	85	0.665816583467361	0.903984175577239
ko.K13014	Sex_and_consortia	Female_NS1	0.0959505170143437	0.221367669318266	85	85	0.665816583467361	0.903984175577239
ko.K07264	Sex_and_consortia	Female_NS1	0.0959505170143437	0.221367669318266	85	85	0.665816583467361	0.903984175577239
ko.K12963	Sex_and_consortia	Female_NS1	0.0959505170143437	0.221367669318266	85	85	0.665816583467361	0.903984175577239
ko.K19238	Sex_and_consortia	Female_NS1	0.0959505170143437	0.221367669318266	85	85	0.665816583467361	0.903984175577239
ko.K01911	Sex_and_consortia	Female_NS1	0.0585057716056343	0.0637897000887288	85	85	0.36171281053713	0.903984175577239
ko.K02549	Sex_and_consortia	Female_NS1	0.0940696887859766	0.0906127689637217	85	85	0.302214966278552	0.903984175577239
ko.K01661	Sex_and_consortia	Female_NS1	0.0376096421438015	0.047449162792285	85	85	0.430253087211203	0.903984175577239
ko.K08680	Sex_and_consortia	Female_NS1	0.0940696887859766	0.0906127689637217	85	85	0.302214966278552	0.903984175577239
ko.K02552	Sex_and_consortia	Female_NS1	0.0302552564007884	0.0476001089172994	85	85	0.526777221252529	0.903984175577239
ko.K05594	Sex_and_consortia	Female_NS1	0.0959505170143437	0.221367669318266	85	85	0.665816583467361	0.903984175577239
ko.K02348	Sex_and_consortia	Female_NS1	-0.128126744065768	0.112352828141654	85	85	0.257401291450093	0.903984175577239
ko.K01790	Sex_and_consortia	Female_NS1	-0.0375305638928097	0.0284966148292672	85	85	0.191457089330076	0.903984175577239
ko.K12340	Sex_and_consortia	Female_NS1	-0.0203994713134715	0.018847985408744	85	85	0.282246663226398	0.903984175577239
ko.K02377	Sex_and_consortia	Female_NS1	-0.0267362409770774	0.0238787012363701	85	85	0.266084520577249	0.903984175577239
ko.K13683	Sex_and_consortia	Female_NS1	0.0959505170143437	0.221367669318266	85	85	0.665816583467361	0.903984175577239
ko.K13620	Sex_and_consortia	Female_NS1	0.0959505170143437	0.221367669318266	85	85	0.665816583467361	0.903984175577239
ko.K13684	Sex_and_consortia	Female_NS1	0.0959505170143437	0.221367669318266	85	85	0.665816583467361	0.903984175577239
ko.K03819	Sex_and_consortia	Female_NS1	0.0407282518218759	0.081506145576059	85	85	0.618611648343981	0.903984175577239
ko.K01494	Sex_and_consortia	Female_NS1	0.0646693093627358	0.0651586766137552	85	85	0.32384339137755	0.903984175577239
ko.K00876	Sex_and_consortia	Female_NS1	-0.0480268857696853	0.0290087235102602	85	85	0.101578950364582	0.903984175577239
ko.K21084	Sex_and_consortia	Female_NS1	0.0959505170143437	0.221367669318266	85	85	0.665816583467361	0.903984175577239
ko.K01247	Sex_and_consortia	Female_NS1	0.0751858190599057	0.136513035002585	85	85	0.583278138845885	0.903984175577239
ko.K13529	Sex_and_consortia	Female_NS1	0.0636175971369484	0.0889985220532062	85	85	0.476728312871667	0.903984175577239
ko.K04046	Sex_and_consortia	Female_NS1	0.0959505170143437	0.221367669318266	85	85	0.665816583467361	0.903984175577239
ko.K07799	Sex_and_consortia	Female_NS1	0.0959505170143437	0.221367669318266	85	85	0.665816583467361	0.903984175577239
ko.K21135	Sex_and_consortia	Female_NS1	0.0959505170143437	0.221367669318266	85	85	0.665816583467361	0.903984175577239
ko.K07788	Sex_and_consortia	Female_NS1	0.0959505170143437	0.221367669318266	85	85	0.665816583467361	0.903984175577239
ko.K07789	Sex_and_consortia	Female_NS1	0.0959505170143437	0.221367669318266	85	85	0.665816583467361	0.903984175577239
ko.K18326	Sex_and_consortia	Female_NS1	0.0959505170143437	0.221367669318266	85	85	0.665816583467361	0.903984175577239
ko.K01711	Sex_and_consortia	Female_NS1	-0.0265718002235721	0.02329807765347	85	85	0.257352248920663	0.903984175577239
ko.K03207	Sex_and_consortia	Female_NS1	0.0959505170143437	0.221367669318266	85	85	0.665816583467361	0.903984175577239
ko.K00817	Sex_and_consortia	Female_NS1	-0.00998395401831208	0.0180319698404108	85	85	0.58128591922363	0.903984175577239
ko.K01089	Sex_and_consortia	Female_NS1	-0.0509738507966373	0.0345738907510746	85	85	0.144171656887396	0.903984175577239
ko.K01693	Sex_and_consortia	Female_NS1	0.00897907782279264	0.0124489759767736	85	85	0.472770017088841	0.903984175577239
ko.K02501	Sex_and_consortia	Female_NS1	0.00897907782279264	0.0124489759767736	85	85	0.472770017088841	0.903984175577239
ko.K01814	Sex_and_consortia	Female_NS1	0.00897907782279264	0.0124489759767736	85	85	0.472770017088841	0.903984175577239
ko.K01663	Sex_and_consortia	Female_NS1	0.0959505170143437	0.221367669318266	85	85	0.665816583467361	0.903984175577239
ko.K02500	Sex_and_consortia	Female_NS1	0.00907168351365036	0.0124639251914091	85	85	0.468762769260329	0.903984175577239
ko.K11755	Sex_and_consortia	Female_NS1	-0.0363296903860158	0.029203521367874	85	85	0.216994985986946	0.903984175577239
ko.K05789	Sex_and_consortia	Female_NS1	0.0959505170143437	0.221367669318266	85	85	0.665816583467361	0.903984175577239
ko.K00012	Sex_and_consortia	Female_NS1	-0.0126063030395085	0.0120123603722514	85	85	0.297019842501079	0.903984175577239
ko.K00033	Sex_and_consortia	Female_NS1	-0.0451986562600513	0.0297565585859046	85	85	0.132575834913459	0.903984175577239
ko.K16711	Sex_and_consortia	Female_NS1	0.0959505170143437	0.221367669318266	85	85	0.665816583467361	0.903984175577239
ko.K16703	Sex_and_consortia	Female_NS1	0.107187801055888	0.0924326525357462	85	85	0.249524022424032	0.903984175577239
ko.K16710	Sex_and_consortia	Female_NS1	0.121018249107135	0.187646646817851	85	85	0.520753635665854	0.903984175577239
ko.K16695	Sex_and_consortia	Female_NS1	0.0959505170143437	0.221367669318266	85	85	0.665816583467361	0.903984175577239
ko.K03606	Sex_and_consortia	Female_NS1	-0.0401116929321132	0.0349618579136378	85	85	0.254554600151466	0.903984175577239
ko.K18144	Sex_and_consortia	Female_NS1	0.0959505170143437	0.221367669318266	85	85	0.665816583467361	0.903984175577239
ko.K00765	Sex_and_consortia	Female_NS1	0.0102106142540232	0.0121922385943552	85	85	0.404734370084095	0.903984175577239
ko.K10541	Sex_and_consortia	Female_NS1	0.061102311211559	0.0699886351476027	85	85	0.385164468799211	0.903984175577239
ko.K17205	Sex_and_consortia	Female_NS1	0.0959505170143437	0.221367669318266	85	85	0.665816583467361	0.903984175577239
ko.K17213	Sex_and_consortia	Female_NS1	0.0444616112842995	0.0578339730872057	85	85	0.444205896633005	0.903984175577239
ko.K07148	Sex_and_consortia	Female_NS1	0.0529396750146743	0.0682073881796955	85	85	0.43986214559968	0.903984175577239
ko.K01495	Sex_and_consortia	Female_NS1	-0.0409483464896367	0.0273805662706862	85	85	0.138569939608566	0.903984175577239
ko.K16235	Sex_and_consortia	Female_NS1	0.132197154534973	0.167321154017347	85	85	0.431732362751531	0.903984175577239
ko.K16325	Sex_and_consortia	Female_NS1	0.0959505170143437	0.221367669318266	85	85	0.665816583467361	0.903984175577239
ko.K16326	Sex_and_consortia	Female_NS1	0.0959505170143437	0.221367669318266	85	85	0.665816583467361	0.903984175577239
ko.K16329	Sex_and_consortia	Female_NS1	0.100319043457625	0.088214509088844	85	85	0.258719995499615	0.903984175577239
ko.K06940	Sex_and_consortia	Female_NS1	0.096888157307358	0.0586075673791026	85	85	0.102074478465043	0.903984175577239
ko.K19803	Sex_and_consortia	Female_NS1	0.0959505170143437	0.221367669318266	85	85	0.665816583467361	0.903984175577239
ko.K13893	Sex_and_consortia	Female_NS1	0.107187801055888	0.0924326525357462	85	85	0.249524022424032	0.903984175577239
ko.K13894	Sex_and_consortia	Female_NS1	0.108788688272739	0.0900247662573874	85	85	0.23031327395024	0.903984175577239
ko.K13895	Sex_and_consortia	Female_NS1	0.108788688272739	0.0900247662573874	85	85	0.23031327395024	0.903984175577239
ko.K10540	Sex_and_consortia	Female_NS1	0.0541111827723492	0.0752418392065044	85	85	0.474060166772864	0.903984175577239
ko.K17723	Sex_and_consortia	Female_NS1	0.0632968986987834	0.0940473847269178	85	85	0.502796595863802	0.903984175577239
ko.K09946	Sex_and_consortia	Female_NS1	0.109703900764149	0.203481264034491	85	85	0.591236878478517	0.903984175577239
ko.K17722	Sex_and_consortia	Female_NS1	-0.0547805492177518	0.0339442537039345	85	85	0.110358125840744	0.903984175577239
ko.K19092	Sex_and_consortia	Female_NS1	0.0959505170143437	0.221367669318266	85	85	0.665816583467361	0.903984175577239
ko.K00094	Sex_and_consortia	Female_NS1	0.0959505170143437	0.221367669318266	85	85	0.665816583467361	0.903984175577239
ko.K00941	Sex_and_consortia	Female_NS1	-0.0277715508841605	0.0185702181456577	85	85	0.138579637842452	0.903984175577239
ko.K00878	Sex_and_consortia	Female_NS1	0.0926751574564995	0.0654134655874502	85	85	0.160295725534298	0.903984175577239
ko.K08970	Sex_and_consortia	Female_NS1	0.0959505170143437	0.221367669318266	85	85	0.665816583467361	0.903984175577239
ko.K05847	Sex_and_consortia	Female_NS1	-0.0304605581855458	0.0675236829845136	85	85	0.653087210617468	0.903984175577239
ko.K05845	Sex_and_consortia	Female_NS1	-0.0304605581855458	0.0675236829845136	85	85	0.653087210617468	0.903984175577239
ko.K05349	Sex_and_consortia	Female_NS1	-0.0614200201218392	0.0515431883507838	85	85	0.236805547158611	0.903984175577239
ko.K03777	Sex_and_consortia	Female_NS1	0.0959505170143437	0.221367669318266	85	85	0.665816583467361	0.903984175577239
ko.K05541	Sex_and_consortia	Female_NS1	0.108788688272739	0.0900247662573874	85	85	0.23031327395024	0.903984175577239
ko.K06518	Sex_and_consortia	Female_NS1	-0.048205202176829	0.0326338168843388	85	85	0.143418564134493	0.903984175577239
ko.K01489	Sex_and_consortia	Female_NS1	-0.0327310225189191	0.0280834583910312	85	85	0.247158714894703	0.903984175577239
ko.K03748	Sex_and_consortia	Female_NS1	0.0901479228638726	0.0699843115401557	85	85	0.201285073415318	0.903984175577239
ko.K00013	Sex_and_consortia	Female_NS1	0.00897907782279264	0.0124489759767736	85	85	0.472770017088841	0.903984175577239
ko.K06175	Sex_and_consortia	Female_NS1	0.0959505170143437	0.221367669318266	85	85	0.665816583467361	0.903984175577239
ko.K19126	Sex_and_consortia	Female_NS1	0.121018249107135	0.187646646817851	85	85	0.520753635665854	0.903984175577239
ko.K09951	Sex_and_consortia	Female_NS1	-0.0454554856188763	0.0284453919118706	85	85	0.113845225980547	0.903984175577239
ko.K09612	Sex_and_consortia	Female_NS1	0.0959505170143437	0.221367669318266	85	85	0.665816583467361	0.903984175577239
ko.K00957	Sex_and_consortia	Female_NS1	-0.013642161283862	0.0266747902437903	85	85	0.610411217874564	0.903984175577239
ko.K00956	Sex_and_consortia	Female_NS1	-0.0507805425722919	0.0377093436083898	85	85	0.181765139938058	0.903984175577239
ko.K00860	Sex_and_consortia	Female_NS1	-0.0507623836411219	0.0377089802181726	85	85	0.18191556433498	0.903984175577239
ko.K05589	Sex_and_consortia	Female_NS1	0.102480668297351	0.0894883435897974	85	85	0.255424125178771	0.903984175577239
ko.K00991	Sex_and_consortia	Female_NS1	-0.0117061190147158	0.0110947750123047	85	85	0.29444031636355	0.903984175577239
ko.K01770	Sex_and_consortia	Female_NS1	0.00769837271183708	0.0124044089596664	85	85	0.536552883985469	0.903984175577239
ko.K06176	Sex_and_consortia	Female_NS1	0.0959505170143437	0.221367669318266	85	85	0.665816583467361	0.903984175577239
ko.K03787	Sex_and_consortia	Female_NS1	-0.0477979256365086	0.0294580672050452	85	85	0.10847279667291	0.903984175577239
ko.K00573	Sex_and_consortia	Female_NS1	0.0959505170143437	0.221367669318266	85	85	0.665816583467361	0.903984175577239
ko.K03087	Sex_and_consortia	Female_NS1	0.0959505170143437	0.221367669318266	85	85	0.665816583467361	0.903984175577239
ko.K21948	Sex_and_consortia	Female_NS1	0.0959505170143437	0.221367669318266	85	85	0.665816583467361	0.903984175577239
ko.K22129	Sex_and_consortia	Female_NS1	0.0576914405511636	0.0773640413613785	85	85	0.457946988390478	0.903984175577239
ko.K03436	Sex_and_consortia	Female_NS1	0.0727788401839363	0.0669215008558869	85	85	0.279952653246618	0.903984175577239
ko.K07314	Sex_and_consortia	Female_NS1	0.0959505170143437	0.221367669318266	85	85	0.665816583467361	0.903984175577239
ko.K03555	Sex_and_consortia	Female_NS1	-0.0155471079386052	0.0162297017642165	85	85	0.340874251210754	0.903984175577239
ko.K15342	Sex_and_consortia	Female_NS1	-0.0454910450385053	0.0284516823738048	85	85	0.113645626115756	0.903984175577239
ko.K19125	Sex_and_consortia	Female_NS1	0.121018249107135	0.187646646817851	85	85	0.520753635665854	0.903984175577239
ko.K04654	Sex_and_consortia	Female_NS1	0.0988401642731018	0.0731938810422343	85	85	0.180562096361006	0.903984175577239
ko.K19124	Sex_and_consortia	Female_NS1	0.121018249107135	0.187646646817851	85	85	0.520753635665854	0.903984175577239
ko.K13918	Sex_and_consortia	Female_NS1	0.0959505170143437	0.221367669318266	85	85	0.665816583467361	0.903984175577239
ko.K07678	Sex_and_consortia	Female_NS1	0.0959505170143437	0.221367669318266	85	85	0.665816583467361	0.903984175577239
ko.K03215	Sex_and_consortia	Female_NS1	0.00599373934268913	0.0127743554793635	85	85	0.640156218821407	0.903984175577239
ko.K07172	Sex_and_consortia	Female_NS1	-0.0643406569381966	0.114165854158454	85	85	0.574565081330202	0.903984175577239
ko.K04765	Sex_and_consortia	Female_NS1	0.0959505170143437	0.221367669318266	85	85	0.665816583467361	0.903984175577239
ko.K00803	Sex_and_consortia	Female_NS1	0.0959505170143437	0.221367669318266	85	85	0.665816583467361	0.903984175577239
ko.K02443	Sex_and_consortia	Female_NS1	0.0568616229259781	0.0702274632601525	85	85	0.420440542546449	0.903984175577239
ko.K00380	Sex_and_consortia	Female_NS1	0.107201536354512	0.0924327172038743	85	85	0.249464171296334	0.903984175577239
ko.K00381	Sex_and_consortia	Female_NS1	0.108815997759413	0.0900247429406568	85	85	0.230197176931781	0.903984175577239
ko.K00390	Sex_and_consortia	Female_NS1	0.101559017624784	0.0893905359123199	85	85	0.259173156244032	0.903984175577239
ko.K07012	Sex_and_consortia	Female_NS1	0.0237476888283999	0.0535926516271861	85	85	0.658835628040702	0.903984175577239
ko.K19123	Sex_and_consortia	Female_NS1	0.121018249107135	0.187646646817851	85	85	0.520753635665854	0.903984175577239
ko.K19046	Sex_and_consortia	Female_NS1	0.121018249107135	0.187646646817851	85	85	0.520753635665854	0.903984175577239
ko.K04655	Sex_and_consortia	Female_NS1	0.0776339078670194	0.0572804647497949	85	85	0.178989489338558	0.903984175577239
ko.K04652	Sex_and_consortia	Female_NS1	0.0799904273753502	0.0631593079085919	85	85	0.208881624741783	0.903984175577239
ko.K19158	Sex_and_consortia	Female_NS1	0.0345978694028661	0.0562904212652627	85	85	0.540479378242915	0.903984175577239
ko.K03743	Sex_and_consortia	Female_NS1	-0.04588263410454	0.024436647283715	85	85	0.0639461669179685	0.903984175577239
ko.K03565	Sex_and_consortia	Female_NS1	-0.045061727787842	0.0259807191191546	85	85	0.0865543096453269	0.903984175577239
ko.K01872	Sex_and_consortia	Female_NS1	0.00583487717368429	0.0106363513538481	85	85	0.584767148932564	0.903984175577239
ko.K03563	Sex_and_consortia	Female_NS1	0.0648131721073873	0.066494766208397	85	85	0.332535952236342	0.903984175577239
ko.K01919	Sex_and_consortia	Female_NS1	-0.113401780660157	0.175007244797174	85	85	0.518784247866101	0.903984175577239
ko.K07173	Sex_and_consortia	Female_NS1	-0.0513450687925585	0.0544730263477451	85	85	0.348632393809841	0.903984175577239
ko.K02001	Sex_and_consortia	Female_NS1	-0.0372880277522086	0.0442439685288303	85	85	0.40177239843296	0.903984175577239
ko.K02000	Sex_and_consortia	Female_NS1	-0.0372880277522086	0.0442439685288303	85	85	0.40177239843296	0.903984175577239
ko.K03647	Sex_and_consortia	Female_NS1	-0.102882202886725	0.176148245364178	85	85	0.560759968450216	0.903984175577239
ko.K06191	Sex_and_consortia	Female_NS1	-0.103873554089062	0.176277557546738	85	85	0.55728647666618	0.903984175577239
ko.K15735	Sex_and_consortia	Female_NS1	0.0959505170143437	0.221367669318266	85	85	0.665816583467361	0.903984175577239
ko.K11735	Sex_and_consortia	Female_NS1	0.0959505170143437	0.221367669318266	85	85	0.665816583467361	0.903984175577239
ko.K14268	Sex_and_consortia	Female_NS1	0.0959505170143437	0.221367669318266	85	85	0.665816583467361	0.903984175577239
ko.K15736	Sex_and_consortia	Female_NS1	0.0959505170143437	0.221367669318266	85	85	0.665816583467361	0.903984175577239
ko.K15737	Sex_and_consortia	Female_NS1	0.0959505170143437	0.221367669318266	85	85	0.665816583467361	0.903984175577239
ko.K09802	Sex_and_consortia	Female_NS1	0.0959505170143437	0.221367669318266	85	85	0.665816583467361	0.903984175577239
ko.K07470	Sex_and_consortia	Female_NS1	0.0959505170143437	0.221367669318266	85	85	0.665816583467361	0.903984175577239
ko.K15833	Sex_and_consortia	Female_NS1	0.0959505170143437	0.221367669318266	85	85	0.665816583467361	0.903984175577239
ko.K02782	Sex_and_consortia	Female_NS1	0.0959505170143437	0.221367669318266	85	85	0.665816583467361	0.903984175577239
ko.K15831	Sex_and_consortia	Female_NS1	0.0959505170143437	0.221367669318266	85	85	0.665816583467361	0.903984175577239
ko.K15832	Sex_and_consortia	Female_NS1	0.0959505170143437	0.221367669318266	85	85	0.665816583467361	0.903984175577239
ko.K15834	Sex_and_consortia	Female_NS1	0.0959505170143437	0.221367669318266	85	85	0.665816583467361	0.903984175577239
ko.K08315	Sex_and_consortia	Female_NS1	0.127247689844521	0.194226205185191	85	85	0.514181585341366	0.903984175577239
ko.K19166	Sex_and_consortia	Female_NS1	0.0959505170143437	0.221367669318266	85	85	0.665816583467361	0.903984175577239
ko.K02752	Sex_and_consortia	Female_NS1	0.0959505170143437	0.221367669318266	85	85	0.665816583467361	0.903984175577239
ko.K02753	Sex_and_consortia	Female_NS1	0.0959505170143437	0.221367669318266	85	85	0.665816583467361	0.903984175577239
ko.K03487	Sex_and_consortia	Female_NS1	0.0607150394145961	0.0731509828402427	85	85	0.408921861286795	0.903984175577239
ko.K00196	Sex_and_consortia	Female_NS1	0.070964624131602	0.0812398115436662	85	85	0.384899879019046	0.903984175577239
ko.K04656	Sex_and_consortia	Female_NS1	0.0815532313700271	0.067051241884758	85	85	0.227325119275817	0.903984175577239
ko.K12265	Sex_and_consortia	Female_NS1	0.0959505170143437	0.221367669318266	85	85	0.665816583467361	0.903984175577239
ko.K12264	Sex_and_consortia	Female_NS1	0.0959505170143437	0.221367669318266	85	85	0.665816583467361	0.903984175577239
ko.K12266	Sex_and_consortia	Female_NS1	0.0959505170143437	0.221367669318266	85	85	0.665816583467361	0.903984175577239
ko.K02467	Sex_and_consortia	Female_NS1	0.0959505170143437	0.221367669318266	85	85	0.665816583467361	0.903984175577239
ko.K02468	Sex_and_consortia	Female_NS1	0.0959505170143437	0.221367669318266	85	85	0.665816583467361	0.903984175577239
ko.K02466	Sex_and_consortia	Female_NS1	0.0959505170143437	0.221367669318266	85	85	0.665816583467361	0.903984175577239
ko.K02781	Sex_and_consortia	Female_NS1	-0.148469456229228	0.194307950139992	85	85	0.446978250620454	0.903984175577239
ko.K15777	Sex_and_consortia	Female_NS1	0.0959505170143437	0.221367669318266	85	85	0.665816583467361	0.903984175577239
ko.K07637	Sex_and_consortia	Female_NS1	0.0959505170143437	0.221367669318266	85	85	0.665816583467361	0.903984175577239
ko.K00763	Sex_and_consortia	Female_NS1	-0.049655335656801	0.0456217204107934	85	85	0.279562565034412	0.903984175577239
ko.K21470	Sex_and_consortia	Female_NS1	0.0959505170143437	0.221367669318266	85	85	0.665816583467361	0.903984175577239
ko.K03632	Sex_and_consortia	Female_NS1	0.0959505170143437	0.221367669318266	85	85	0.665816583467361	0.903984175577239
ko.K03804	Sex_and_consortia	Female_NS1	0.0959505170143437	0.221367669318266	85	85	0.665816583467361	0.903984175577239
ko.K03633	Sex_and_consortia	Female_NS1	0.0959505170143437	0.221367669318266	85	85	0.665816583467361	0.903984175577239
ko.K06219	Sex_and_consortia	Female_NS1	0.0959505170143437	0.221367669318266	85	85	0.665816583467361	0.903984175577239
ko.K09791	Sex_and_consortia	Female_NS1	0.0959505170143437	0.221367669318266	85	85	0.665816583467361	0.903984175577239
ko.K02238	Sex_and_consortia	Female_NS1	0.00510033809371506	0.011544850621192	85	85	0.659793931268711	0.903984175577239
ko.K05788	Sex_and_consortia	Female_NS1	0.108788688272739	0.0900247662573874	85	85	0.23031327395024	0.903984175577239
ko.K02945	Sex_and_consortia	Female_NS1	0.0112199443274075	0.0136243740012463	85	85	0.412572380960442	0.903984175577239
ko.K00945	Sex_and_consortia	Female_NS1	0.0066732563597071	0.0105379239212405	85	85	0.528304282036004	0.903984175577239
ko.K00831	Sex_and_consortia	Female_NS1	-0.0358651353777869	0.0303325297806191	85	85	0.240423863055826	0.903984175577239
ko.K09136	Sex_and_consortia	Female_NS1	0.0959505170143437	0.221367669318266	85	85	0.665816583467361	0.903984175577239
ko.K15555	Sex_and_consortia	Female_NS1	0.0520903158161987	0.0611203760317315	85	85	0.396523552179606	0.903984175577239
ko.K09911	Sex_and_consortia	Female_NS1	0.0959505170143437	0.221367669318266	85	85	0.665816583467361	0.903984175577239
ko.K04770	Sex_and_consortia	Female_NS1	0.0959505170143437	0.221367669318266	85	85	0.665816583467361	0.903984175577239
ko.K01716	Sex_and_consortia	Female_NS1	0.0959505170143437	0.221367669318266	85	85	0.665816583467361	0.903984175577239
ko.K03812	Sex_and_consortia	Female_NS1	0.0959505170143437	0.221367669318266	85	85	0.665816583467361	0.903984175577239
ko.K09857	Sex_and_consortia	Female_NS1	0.0959505170143437	0.221367669318266	85	85	0.665816583467361	0.903984175577239
ko.K15738	Sex_and_consortia	Female_NS1	-0.0392300240595733	0.027380311501347	85	85	0.155675913130751	0.903984175577239
ko.K12297	Sex_and_consortia	Female_NS1	0.135707279893058	0.181684478381753	85	85	0.457210921536922	0.903984175577239
ko.K07140	Sex_and_consortia	Female_NS1	0.0959505170143437	0.221367669318266	85	85	0.665816583467361	0.903984175577239
ko.K18657	Sex_and_consortia	Female_NS1	0.0959505170143437	0.221367669318266	85	85	0.665816583467361	0.903984175577239
ko.K00254	Sex_and_consortia	Female_NS1	0.0715511568083175	0.083594927876617	85	85	0.394502413739758	0.903984175577239
ko.K00299	Sex_and_consortia	Female_NS1	0.0959505170143437	0.221367669318266	85	85	0.665816583467361	0.903984175577239
ko.K15553	Sex_and_consortia	Female_NS1	0.058872341751806	0.0573861603980584	85	85	0.307920338351656	0.903984175577239
ko.K04091	Sex_and_consortia	Female_NS1	0.0959505170143437	0.221367669318266	85	85	0.665816583467361	0.903984175577239
ko.K02050	Sex_and_consortia	Female_NS1	0.0757007835509055	0.049647451420706	85	85	0.131118785420087	0.903984175577239
ko.K15554	Sex_and_consortia	Female_NS1	0.059679264283746	0.069480293890806	85	85	0.392848611612162	0.903984175577239
ko.K15599	Sex_and_consortia	Female_NS1	0.0959505170143437	0.221367669318266	85	85	0.665816583467361	0.903984175577239
ko.K06212	Sex_and_consortia	Female_NS1	0.135707279893058	0.181684478381753	85	85	0.457210921536922	0.903984175577239
ko.K08219	Sex_and_consortia	Female_NS1	0.108788688272739	0.0900247662573874	85	85	0.23031327395024	0.903984175577239
ko.K07343	Sex_and_consortia	Female_NS1	0.100789973761895	0.0746543719084434	85	85	0.180658013466668	0.903984175577239
ko.K10000	Sex_and_consortia	Female_NS1	0.0959505170143437	0.221367669318266	85	85	0.665816583467361	0.903984175577239
ko.K09998	Sex_and_consortia	Female_NS1	0.0959505170143437	0.221367669318266	85	85	0.665816583467361	0.903984175577239
ko.K03212	Sex_and_consortia	Female_NS1	0.0959505170143437	0.221367669318266	85	85	0.665816583467361	0.903984175577239
ko.K11075	Sex_and_consortia	Female_NS1	0.0959505170143437	0.221367669318266	85	85	0.665816583467361	0.903984175577239
ko.K11073	Sex_and_consortia	Female_NS1	0.0959505170143437	0.221367669318266	85	85	0.665816583467361	0.903984175577239
ko.K10678	Sex_and_consortia	Female_NS1	0.0959505170143437	0.221367669318266	85	85	0.665816583467361	0.903984175577239
ko.K19285	Sex_and_consortia	Female_NS1	-0.0505301515429084	0.0286586694144987	85	85	0.0815520974970664	0.903984175577239
ko.K03674	Sex_and_consortia	Female_NS1	0.0959505170143437	0.221367669318266	85	85	0.665816583467361	0.903984175577239
ko.K06905	Sex_and_consortia	Female_NS1	0.100319043457625	0.088214509088844	85	85	0.258719995499615	0.903984175577239
ko.K06906	Sex_and_consortia	Female_NS1	0.0959505170143437	0.221367669318266	85	85	0.665816583467361	0.903984175577239
ko.K19302	Sex_and_consortia	Female_NS1	-0.042280031227376	0.0337578127250046	85	85	0.213922825780491	0.903984175577239
ko.K11534	Sex_and_consortia	Female_NS1	0.082454677951018	0.0789309009637529	85	85	0.299220570153241	0.903984175577239
ko.K21430	Sex_and_consortia	Female_NS1	0.0959505170143437	0.221367669318266	85	85	0.665816583467361	0.903984175577239
ko.K19688	Sex_and_consortia	Female_NS1	0.0959505170143437	0.221367669318266	85	85	0.665816583467361	0.903984175577239
ko.K14441	Sex_and_consortia	Female_NS1	0.00742672739364493	0.0124028886882878	85	85	0.550943618697933	0.903984175577239
ko.K13891	Sex_and_consortia	Female_NS1	0.0379283544170142	0.0695315176883972	85	85	0.586883440650737	0.903984175577239
ko.K13890	Sex_and_consortia	Female_NS1	0.0605150043982362	0.0712637231937767	85	85	0.398229414308159	0.903984175577239
ko.K09999	Sex_and_consortia	Female_NS1	0.0959505170143437	0.221367669318266	85	85	0.665816583467361	0.903984175577239
ko.K11066	Sex_and_consortia	Female_NS1	0.0959505170143437	0.221367669318266	85	85	0.665816583467361	0.903984175577239
ko.K20801	Sex_and_consortia	Female_NS1	0.0959505170143437	0.221367669318266	85	85	0.665816583467361	0.903984175577239
ko.K07478	Sex_and_consortia	Female_NS1	0.0293470148196637	0.0275534208339677	85	85	0.28992154306575	0.903984175577239
ko.K03634	Sex_and_consortia	Female_NS1	-0.0532825934998432	0.0342864458523938	85	85	0.123979269634036	0.903984175577239
ko.K03466	Sex_and_consortia	Female_NS1	0.0218018896840426	0.0299541877546864	85	85	0.46875916325478	0.903984175577239
ko.K00384	Sex_and_consortia	Female_NS1	0.0066805527930849	0.0130868738031936	85	85	0.611072072850422	0.903984175577239
ko.K16012	Sex_and_consortia	Female_NS1	0.113742688651935	0.202963785422667	85	85	0.576710229470423	0.903984175577239
ko.K03694	Sex_and_consortia	Female_NS1	-0.0500837333296524	0.0730515782290102	85	85	0.494879579658971	0.903984175577239
ko.K06891	Sex_and_consortia	Female_NS1	-0.0500837333296524	0.0730515782290102	85	85	0.494879579658971	0.903984175577239
ko.K09824	Sex_and_consortia	Female_NS1	0.0959505170143437	0.221367669318266	85	85	0.665816583467361	0.903984175577239
ko.K06188	Sex_and_consortia	Female_NS1	-0.0559529441461419	0.0424338075465852	85	85	0.190931963210788	0.903984175577239
ko.K05601	Sex_and_consortia	Female_NS1	-0.0425408025230175	0.0362440939578954	85	85	0.243859982270676	0.903984175577239
ko.K11933	Sex_and_consortia	Female_NS1	0.0959505170143437	0.221367669318266	85	85	0.665816583467361	0.903984175577239
ko.K00156	Sex_and_consortia	Female_NS1	0.0903636913605749	0.0788805842600468	85	85	0.255263031673338	0.903984175577239
ko.K00158	Sex_and_consortia	Female_NS1	0.0935082325864205	0.0832996864314057	85	85	0.264864582248224	0.903984175577239
ko.K01620	Sex_and_consortia	Female_NS1	0.0125271409548498	0.0128003244721822	85	85	0.330592914228587	0.903984175577239
ko.K13053	Sex_and_consortia	Female_NS1	0.0959505170143437	0.221367669318266	85	85	0.665816583467361	0.903984175577239
ko.K03658	Sex_and_consortia	Female_NS1	0.0514326345540438	0.0727290191973662	85	85	0.481434393555149	0.903984175577239
ko.K07082	Sex_and_consortia	Female_NS1	-0.045075600024154	0.0259805570315668	85	85	0.0864572052414924	0.903984175577239
ko.K02078	Sex_and_consortia	Female_NS1	-0.0135356642457906	0.0103704711281699	85	85	0.195427412214424	0.903984175577239
ko.K00648	Sex_and_consortia	Female_NS1	-0.0393766571938151	0.0344836520508043	85	85	0.25678190574837	0.903984175577239
ko.K03621	Sex_and_consortia	Female_NS1	0.0813343276407955	0.0637663706312942	85	85	0.205688948318999	0.903984175577239
ko.K07040	Sex_and_consortia	Female_NS1	0.0812419753102813	0.0619632066734552	85	85	0.193428810837787	0.903984175577239
ko.K06179	Sex_and_consortia	Female_NS1	0.0448999659682974	0.0590870003105778	85	85	0.449469906840874	0.903984175577239
ko.K02397	Sex_and_consortia	Female_NS1	0.0648131721073873	0.066494766208397	85	85	0.332535952236342	0.903984175577239
ko.K02396	Sex_and_consortia	Female_NS1	0.0447372711461174	0.0550495413700535	85	85	0.418730529269586	0.903984175577239
ko.K02395	Sex_and_consortia	Female_NS1	-0.0703341550403221	0.0837652818417242	85	85	0.403512466355387	0.903984175577239
ko.K02394	Sex_and_consortia	Female_NS1	0.0959505170143437	0.221367669318266	85	85	0.665816583467361	0.903984175577239
ko.K02393	Sex_and_consortia	Female_NS1	0.0959505170143437	0.221367669318266	85	85	0.665816583467361	0.903984175577239
ko.K02392	Sex_and_consortia	Female_NS1	0.0555443431473373	0.0717753741572307	85	85	0.44121016731841	0.903984175577239
ko.K02391	Sex_and_consortia	Female_NS1	0.0959505170143437	0.221367669318266	85	85	0.665816583467361	0.903984175577239
ko.K02390	Sex_and_consortia	Female_NS1	0.0555443431473373	0.0717753741572307	85	85	0.44121016731841	0.903984175577239
ko.K00943	Sex_and_consortia	Female_NS1	0.0832059747284126	0.0820032394266243	85	85	0.313213363884246	0.903984175577239
ko.K02388	Sex_and_consortia	Female_NS1	0.0640293196231286	0.0633469103447858	85	85	0.31506288146959	0.903984175577239
ko.K18850	Sex_and_consortia	Female_NS1	0.0959505170143437	0.221367669318266	85	85	0.665816583467361	0.903984175577239
ko.K01258	Sex_and_consortia	Female_NS1	0.00645633378174035	0.00986175444406418	85	85	0.514481354356388	0.903984175577239
ko.K11071	Sex_and_consortia	Female_NS1	-0.0451387051861186	0.0286939550513695	85	85	0.119498096806332	0.903984175577239
ko.K11069	Sex_and_consortia	Female_NS1	-0.0442365043227009	0.0293365371397161	85	85	0.135377719898454	0.903984175577239
ko.K12410	Sex_and_consortia	Female_NS1	-0.0437911980195074	0.0266985048649431	85	85	0.10474589285698	0.903984175577239
ko.K00884	Sex_and_consortia	Female_NS1	0.0959505170143437	0.221367669318266	85	85	0.665816583467361	0.903984175577239
ko.K09810	Sex_and_consortia	Female_NS1	-0.0532825934998432	0.0342864458523938	85	85	0.123979269634036	0.903984175577239
ko.K03723	Sex_and_consortia	Female_NS1	-0.045061727787842	0.0259807191191546	85	85	0.0865543096453269	0.903984175577239
ko.K22041	Sex_and_consortia	Female_NS1	0.0959505170143437	0.221367669318266	85	85	0.665816583467361	0.903984175577239
ko.K03885	Sex_and_consortia	Female_NS1	-0.0658191163016601	0.0646398109786032	85	85	0.31152083050924	0.903984175577239
ko.K01207	Sex_and_consortia	Female_NS1	0.0831713351057172	0.0707474488580919	85	85	0.243112394591389	0.903984175577239
ko.K07337	Sex_and_consortia	Female_NS1	0.0959505170143437	0.221367669318266	85	85	0.665816583467361	0.903984175577239
ko.K02778	Sex_and_consortia	Female_NS1	-0.118493860390853	0.146789895521354	85	85	0.421838697591278	0.903984175577239
ko.K02779	Sex_and_consortia	Female_NS1	-0.118493860390853	0.146789895521354	85	85	0.421838697591278	0.903984175577239
ko.K02389	Sex_and_consortia	Female_NS1	0.0648131721073873	0.066494766208397	85	85	0.332535952236342	0.903984175577239
ko.K02387	Sex_and_consortia	Female_NS1	0.0648131721073873	0.066494766208397	85	85	0.332535952236342	0.903984175577239
ko.K01734	Sex_and_consortia	Female_NS1	-0.0500636472172516	0.0357124377109763	85	85	0.164687350473885	0.903984175577239
ko.K04335	Sex_and_consortia	Female_NS1	0.0959505170143437	0.221367669318266	85	85	0.665816583467361	0.903984175577239
ko.K20918	Sex_and_consortia	Female_NS1	0.0959505170143437	0.221367669318266	85	85	0.665816583467361	0.903984175577239
ko.K04337	Sex_and_consortia	Female_NS1	0.0959505170143437	0.221367669318266	85	85	0.665816583467361	0.903984175577239
ko.K04338	Sex_and_consortia	Female_NS1	0.0959505170143437	0.221367669318266	85	85	0.665816583467361	0.903984175577239
ko.K06214	Sex_and_consortia	Female_NS1	0.0959505170143437	0.221367669318266	85	85	0.665816583467361	0.903984175577239
ko.K04477	Sex_and_consortia	Female_NS1	0.0414118336585327	0.0594738023121207	85	85	0.488183979020959	0.903984175577239
ko.K12972	Sex_and_consortia	Female_NS1	0.0621149474092891	0.0663381842795322	85	85	0.351815770664007	0.903984175577239
ko.K01093	Sex_and_consortia	Female_NS1	0.0959505170143437	0.221367669318266	85	85	0.665816583467361	0.903984175577239
ko.K03618	Sex_and_consortia	Female_NS1	0.0959505170143437	0.221367669318266	85	85	0.665816583467361	0.903984175577239
ko.K03619	Sex_and_consortia	Female_NS1	0.0959505170143437	0.221367669318266	85	85	0.665816583467361	0.903984175577239
ko.K19416	Sex_and_consortia	Female_NS1	0.0959505170143437	0.221367669318266	85	85	0.665816583467361	0.903984175577239
ko.K11179	Sex_and_consortia	Female_NS1	0.0959505170143437	0.221367669318266	85	85	0.665816583467361	0.903984175577239
ko.K06969	Sex_and_consortia	Female_NS1	0.041844751650966	0.0389123946982586	85	85	0.285330577180054	0.903984175577239
ko.K11940	Sex_and_consortia	Female_NS1	0.0959505170143437	0.221367669318266	85	85	0.665816583467361	0.903984175577239
ko.K06929	Sex_and_consortia	Female_NS1	-0.148469456229228	0.194307950139992	85	85	0.446978250620454	0.903984175577239
ko.K09909	Sex_and_consortia	Female_NS1	0.0959505170143437	0.221367669318266	85	85	0.665816583467361	0.903984175577239
ko.K04333	Sex_and_consortia	Female_NS1	0.0959505170143437	0.221367669318266	85	85	0.665816583467361	0.903984175577239
ko.K04334	Sex_and_consortia	Female_NS1	0.0959505170143437	0.221367669318266	85	85	0.665816583467361	0.903984175577239
ko.K02386	Sex_and_consortia	Female_NS1	0.0959505170143437	0.221367669318266	85	85	0.665816583467361	0.903984175577239
ko.K04336	Sex_and_consortia	Female_NS1	0.0959505170143437	0.221367669318266	85	85	0.665816583467361	0.903984175577239
ko.K02398	Sex_and_consortia	Female_NS1	0.100319043457625	0.088214509088844	85	85	0.258719995499615	0.903984175577239
ko.K02399	Sex_and_consortia	Female_NS1	0.0959505170143437	0.221367669318266	85	85	0.665816583467361	0.903984175577239
ko.K03980	Sex_and_consortia	Female_NS1	0.100902149663969	0.0831522515139935	85	85	0.22839494163837	0.903984175577239
ko.K09915	Sex_and_consortia	Female_NS1	0.0959505170143437	0.221367669318266	85	85	0.665816583467361	0.903984175577239
ko.K08162	Sex_and_consortia	Female_NS1	0.0959505170143437	0.221367669318266	85	85	0.665816583467361	0.903984175577239
ko.K03675	Sex_and_consortia	Female_NS1	0.0959505170143437	0.221367669318266	85	85	0.665816583467361	0.903984175577239
ko.K01465	Sex_and_consortia	Female_NS1	0.0246918550077936	0.028898155454951	85	85	0.395318551692173	0.903984175577239
ko.K12148	Sex_and_consortia	Female_NS1	0.0959505170143437	0.221367669318266	85	85	0.665816583467361	0.903984175577239
ko.K02846	Sex_and_consortia	Female_NS1	0.0959505170143437	0.221367669318266	85	85	0.665816583467361	0.903984175577239
ko.K07146	Sex_and_consortia	Female_NS1	-0.1472827296629	0.194161537053479	85	85	0.450265872412887	0.903984175577239
ko.K08161	Sex_and_consortia	Female_NS1	-0.058010984900962	0.097301893154254	85	85	0.552666926071283	0.903984175577239
ko.K12147	Sex_and_consortia	Female_NS1	0.0959505170143437	0.221367669318266	85	85	0.665816583467361	0.903984175577239
ko.K03669	Sex_and_consortia	Female_NS1	0.0959505170143437	0.221367669318266	85	85	0.665816583467361	0.903984175577239
ko.K11941	Sex_and_consortia	Female_NS1	0.107187801055888	0.0924326525357462	85	85	0.249524022424032	0.903984175577239
ko.K06132	Sex_and_consortia	Female_NS1	0.0648131721073873	0.066494766208397	85	85	0.332535952236342	0.903984175577239
ko.K13051	Sex_and_consortia	Female_NS1	0.0429191337069023	0.0597352392812043	85	85	0.47447337315807	0.903984175577239
ko.K11924	Sex_and_consortia	Female_NS1	0.1638870626728	0.153915525600677	85	85	0.290060718670826	0.903984175577239
ko.K07238	Sex_and_consortia	Female_NS1	0.0755050985804638	0.0549797121470333	85	85	0.173349341742518	0.903984175577239
ko.K07089	Sex_and_consortia	Female_NS1	0.0787713222988012	0.0638833010295676	85	85	0.221037909805169	0.903984175577239
ko.K07460	Sex_and_consortia	Female_NS1	0.00901128578977567	0.0121509803408772	85	85	0.460417111177207	0.903984175577239
ko.K07121	Sex_and_consortia	Female_NS1	0.0959505170143437	0.221367669318266	85	85	0.665816583467361	0.903984175577239
ko.K07056	Sex_and_consortia	Female_NS1	-0.0194308087084884	0.0105684149621425	85	85	0.0695547127105052	0.903984175577239
ko.K02080	Sex_and_consortia	Female_NS1	-0.0467057700130881	0.0724069424662356	85	85	0.520676765340175	0.903984175577239
ko.K10986	Sex_and_consortia	Female_NS1	0.0959505170143437	0.221367669318266	85	85	0.665816583467361	0.903984175577239
ko.K10985	Sex_and_consortia	Female_NS1	0.0825987446789768	0.0742318540917615	85	85	0.269044094694834	0.903984175577239
ko.K10984	Sex_and_consortia	Female_NS1	0.0959505170143437	0.221367669318266	85	85	0.665816583467361	0.903984175577239
ko.K02082	Sex_and_consortia	Female_NS1	-0.0470828393923152	0.0833056054335837	85	85	0.57347444832057	0.903984175577239
ko.K02079	Sex_and_consortia	Female_NS1	0.0959505170143437	0.221367669318266	85	85	0.665816583467361	0.903984175577239
ko.K02744	Sex_and_consortia	Female_NS1	0.0748806172279754	0.0723912418727193	85	85	0.303959375381855	0.903984175577239
ko.K02747	Sex_and_consortia	Female_NS1	0.0854570804137157	0.0730705481819307	85	85	0.245543902050141	0.903984175577239
ko.K02745	Sex_and_consortia	Female_NS1	0.0882827983023086	0.0720619324477794	85	85	0.224004306095285	0.903984175577239
ko.K19155	Sex_and_consortia	Female_NS1	0.0959505170143437	0.221367669318266	85	85	0.665816583467361	0.903984175577239
ko.K19156	Sex_and_consortia	Female_NS1	0.0959505170143437	0.221367669318266	85	85	0.665816583467361	0.903984175577239
ko.K01708	Sex_and_consortia	Female_NS1	-0.0577989325139761	0.0350695096299664	85	85	0.10310765784877	0.903984175577239
ko.K01630	Sex_and_consortia	Female_NS1	0.0959505170143437	0.221367669318266	85	85	0.665816583467361	0.903984175577239
ko.K07461	Sex_and_consortia	Female_NS1	-0.0662687927233047	0.0845178308321211	85	85	0.435224781303445	0.903984175577239
ko.K07592	Sex_and_consortia	Female_NS1	0.0959505170143437	0.221367669318266	85	85	0.665816583467361	0.903984175577239
ko.K07259	Sex_and_consortia	Female_NS1	-0.0516189491208214	0.0368015081545717	85	85	0.164456249379717	0.903984175577239
ko.K03624	Sex_and_consortia	Female_NS1	-0.0346386346000914	0.0264627419216833	85	85	0.194160880249231	0.903984175577239
ko.K03798	Sex_and_consortia	Female_NS1	0.0108192302771294	0.0128027995792887	85	85	0.400502591070787	0.903984175577239
ko.K00796	Sex_and_consortia	Female_NS1	0.00660729906901047	0.0134610230352557	85	85	0.624830148046858	0.903984175577239
ko.K09748	Sex_and_consortia	Female_NS1	-0.0456427584817612	0.0261630100409242	85	85	0.0847643985245253	0.903984175577239
ko.K02519	Sex_and_consortia	Female_NS1	0.00585970353156188	0.010565900273408	85	85	0.580669037035051	0.903984175577239
ko.K03838	Sex_and_consortia	Female_NS1	0.0959505170143437	0.221367669318266	85	85	0.665816583467361	0.903984175577239
ko.K03780	Sex_and_consortia	Female_NS1	0.0639910644591211	0.0654123934325365	85	85	0.330782998013816	0.903984175577239
ko.K03779	Sex_and_consortia	Female_NS1	0.0573928612461036	0.0658222204546633	85	85	0.385757786426769	0.903984175577239
ko.K08591	Sex_and_consortia	Female_NS1	0.0856934337684509	0.0600423756762749	85	85	0.157269055390238	0.903984175577239
ko.K01633	Sex_and_consortia	Female_NS1	-0.0527212449188251	0.0341073995361253	85	85	0.12597139297817	0.903984175577239
ko.K00974	Sex_and_consortia	Female_NS1	-0.0417129116099736	0.0260558352135404	85	85	0.113197565459688	0.903984175577239
ko.K18446	Sex_and_consortia	Female_NS1	0.0959505170143437	0.221367669318266	85	85	0.665816583467361	0.903984175577239
ko.K07192	Sex_and_consortia	Female_NS1	0.0694119031922442	0.0539652337412304	85	85	0.201937952328029	0.903984175577239
ko.K09806	Sex_and_consortia	Female_NS1	0.0959505170143437	0.221367669318266	85	85	0.665816583467361	0.903984175577239
ko.K14652	Sex_and_consortia	Female_NS1	-0.0166257300472476	0.0240843575570658	85	85	0.491923624220215	0.903984175577239
ko.K03086	Sex_and_consortia	Female_NS1	0.0139068603813289	0.015370827650853	85	85	0.368213002871026	0.903984175577239
ko.K07393	Sex_and_consortia	Female_NS1	0.0959505170143437	0.221367669318266	85	85	0.665816583467361	0.903984175577239
ko.K03649	Sex_and_consortia	Female_NS1	0.0992619457473666	0.0764723869052967	85	85	0.197879299098768	0.903984175577239
ko.K19775	Sex_and_consortia	Female_NS1	0.0959505170143437	0.221367669318266	85	85	0.665816583467361	0.903984175577239
ko.K08191	Sex_and_consortia	Female_NS1	-0.0480967164504501	0.0315972704709524	85	85	0.131765054879067	0.903984175577239
ko.K01812	Sex_and_consortia	Female_NS1	0.0293534929621791	0.0291477521059641	85	85	0.316833552041208	0.903984175577239
ko.K01685	Sex_and_consortia	Female_NS1	-0.0322316721138934	0.0310344725185261	85	85	0.302017909562931	0.903984175577239
ko.K07862	Sex_and_consortia	Female_NS1	-0.168226855838895	0.151916722975967	85	85	0.271336213595557	0.903984175577239
ko.K05794	Sex_and_consortia	Female_NS1	0.120983159669964	0.187647248410245	85	85	0.520875560040601	0.903984175577239
ko.K07043	Sex_and_consortia	Female_NS1	-0.0407646209922669	0.0269634331804756	85	85	0.134370724647401	0.903984175577239
ko.K11391	Sex_and_consortia	Female_NS1	0.0959505170143437	0.221367669318266	85	85	0.665816583467361	0.903984175577239
ko.K03931	Sex_and_consortia	Female_NS1	-0.0326621278571023	0.0398911750322456	85	85	0.415256189280668	0.903984175577239
ko.K12112	Sex_and_consortia	Female_NS1	0.127247689844521	0.194226205185191	85	85	0.514181585341366	0.903984175577239
ko.K12113	Sex_and_consortia	Female_NS1	0.0959505170143437	0.221367669318266	85	85	0.665816583467361	0.903984175577239
ko.K06878	Sex_and_consortia	Female_NS1	-0.148536667173088	0.19420297215693	85	85	0.446528511984635	0.903984175577239
ko.K09251	Sex_and_consortia	Female_NS1	0.0959505170143437	0.221367669318266	85	85	0.665816583467361	0.903984175577239
ko.K03776	Sex_and_consortia	Female_NS1	0.0959505170143437	0.221367669318266	85	85	0.665816583467361	0.903984175577239
ko.K07229	Sex_and_consortia	Female_NS1	0.0959505170143437	0.221367669318266	85	85	0.665816583467361	0.903984175577239
ko.K01012	Sex_and_consortia	Female_NS1	0.00531542265880703	0.01167483375247	85	85	0.650090160985246	0.903984175577239
ko.K18140	Sex_and_consortia	Female_NS1	0.0959505170143437	0.221367669318266	85	85	0.665816583467361	0.903984175577239
ko.K00571	Sex_and_consortia	Female_NS1	-0.0346039493005943	0.0307534252179952	85	85	0.263744910074097	0.903984175577239
ko.K01961	Sex_and_consortia	Female_NS1	-0.0482547001960443	0.0282446000799059	85	85	0.0912888465477659	0.903984175577239
ko.K19745	Sex_and_consortia	Female_NS1	0.0959505170143437	0.221367669318266	85	85	0.665816583467361	0.903984175577239
ko.K18765	Sex_and_consortia	Female_NS1	0.0959505170143437	0.221367669318266	85	85	0.665816583467361	0.903984175577239
ko.K03569	Sex_and_consortia	Female_NS1	0.00802683750017317	0.0117090501058924	85	85	0.494923448221124	0.903984175577239
ko.K03570	Sex_and_consortia	Female_NS1	-0.0456780666334125	0.0261691807477151	85	85	0.0846001310825114	0.903984175577239
ko.K00833	Sex_and_consortia	Female_NS1	0.00816575140198107	0.0163339366411438	85	85	0.618450363820368	0.903984175577239
ko.K03568	Sex_and_consortia	Female_NS1	-0.0586526283938112	0.0448582893224405	85	85	0.194650118843152	0.903984175577239
ko.K11939	Sex_and_consortia	Female_NS1	0.13820975335747	0.153448676657317	85	85	0.37035896719503	0.903984175577239
ko.K04047	Sex_and_consortia	Female_NS1	-0.0649604761273235	0.0379744374000557	85	85	0.0908835711561509	0.903984175577239
ko.K02030	Sex_and_consortia	Female_NS1	0.034080751473998	0.0451964333320167	85	85	0.452948129855634	0.903984175577239
ko.K10036	Sex_and_consortia	Female_NS1	-0.184709903542479	0.158203967280004	85	85	0.24633436234941	0.903984175577239
ko.K22044	Sex_and_consortia	Female_NS1	-0.0517200759676432	0.0964667498188543	85	85	0.59329298366256	0.903984175577239
ko.K13650	Sex_and_consortia	Female_NS1	0.0959505170143437	0.221367669318266	85	85	0.665816583467361	0.903984175577239
ko.K16090	Sex_and_consortia	Female_NS1	0.0959505170143437	0.221367669318266	85	85	0.665816583467361	0.903984175577239
ko.K07336	Sex_and_consortia	Female_NS1	0.0959505170143437	0.221367669318266	85	85	0.665816583467361	0.903984175577239
ko.K09935	Sex_and_consortia	Female_NS1	0.0567382685553819	0.0640543623216624	85	85	0.378293595812051	0.903984175577239
ko.K11927	Sex_and_consortia	Female_NS1	-0.0492242422167466	0.0335596654725328	85	85	0.146218029139062	0.903984175577239
ko.K07027	Sex_and_consortia	Female_NS1	-0.034988763054119	0.0305331969966328	85	85	0.2551192172908	0.903984175577239
ko.K03637	Sex_and_consortia	Female_NS1	0.0449997185228774	0.0653610762874441	85	85	0.493071171900142	0.903984175577239
ko.K03638	Sex_and_consortia	Female_NS1	0.0982795117374262	0.221038912709634	85	85	0.657747763059675	0.903984175577239
ko.K03639	Sex_and_consortia	Female_NS1	0.026781742513231	0.0529591706097835	85	85	0.61440385260073	0.903984175577239
ko.K08301	Sex_and_consortia	Female_NS1	0.00622704211472795	0.0132865212795956	85	85	0.640531556015532	0.903984175577239
ko.K21698	Sex_and_consortia	Female_NS1	0.0959505170143437	0.221367669318266	85	85	0.665816583467361	0.903984175577239
ko.K07648	Sex_and_consortia	Female_NS1	0.0959505170143437	0.221367669318266	85	85	0.665816583467361	0.903984175577239
ko.K08485	Sex_and_consortia	Female_NS1	0.0959505170143437	0.221367669318266	85	85	0.665816583467361	0.903984175577239
ko.K02806	Sex_and_consortia	Female_NS1	0.102480668297351	0.0894883435897974	85	85	0.255424125178771	0.903984175577239
ko.K11719	Sex_and_consortia	Female_NS1	0.0959505170143437	0.221367669318266	85	85	0.665816583467361	0.903984175577239
ko.K03270	Sex_and_consortia	Female_NS1	-0.0532825934998432	0.0342864458523938	85	85	0.123979269634036	0.903984175577239
ko.K07301	Sex_and_consortia	Female_NS1	-0.047477662903847	0.0287495138759619	85	85	0.102430641955374	0.903984175577239
ko.K07122	Sex_and_consortia	Female_NS1	0.0959505170143437	0.221367669318266	85	85	0.665816583467361	0.903984175577239
ko.K07724	Sex_and_consortia	Female_NS1	0.0959505170143437	0.221367669318266	85	85	0.665816583467361	0.903984175577239
ko.K03814	Sex_and_consortia	Female_NS1	-0.0516457815877189	0.0410428740599542	85	85	0.211798011697865	0.903984175577239
ko.K07139	Sex_and_consortia	Female_NS1	-0.0475577029411768	0.0267642595312764	85	85	0.0792466756238776	0.903984175577239
ko.K21695	Sex_and_consortia	Female_NS1	0.0959505170143437	0.221367669318266	85	85	0.665816583467361	0.903984175577239
ko.K00265	Sex_and_consortia	Female_NS1	0.0101098821144552	0.0117263079873634	85	85	0.391086988962403	0.903984175577239
ko.K15548	Sex_and_consortia	Female_NS1	0.0959505170143437	0.221367669318266	85	85	0.665816583467361	0.903984175577239
ko.K03623	Sex_and_consortia	Female_NS1	0.0959505170143437	0.221367669318266	85	85	0.665816583467361	0.903984175577239
ko.K03402	Sex_and_consortia	Female_NS1	-0.0562424095280396	0.0265121314323303	85	85	0.0368722896535927	0.903984175577239
ko.K00024	Sex_and_consortia	Female_NS1	-0.0200236239342059	0.0163273716657124	85	85	0.223522150495003	0.903984175577239
ko.K04691	Sex_and_consortia	Female_NS1	0.0959505170143437	0.221367669318266	85	85	0.665816583467361	0.903984175577239
ko.K09908	Sex_and_consortia	Female_NS1	0.0959505170143437	0.221367669318266	85	85	0.665816583467361	0.903984175577239
ko.K06916	Sex_and_consortia	Female_NS1	0.127247689844521	0.194226205185191	85	85	0.514181585341366	0.903984175577239
ko.K03600	Sex_and_consortia	Female_NS1	0.0959505170143437	0.221367669318266	85	85	0.665816583467361	0.903984175577239
ko.K22104	Sex_and_consortia	Female_NS1	0.0959505170143437	0.221367669318266	85	85	0.665816583467361	0.903984175577239
ko.K01639	Sex_and_consortia	Female_NS1	0.0143805169426146	0.0141077222179882	85	85	0.31100526128126	0.903984175577239
ko.K03290	Sex_and_consortia	Female_NS1	0.120983159669964	0.187647248410245	85	85	0.520875560040601	0.903984175577239
ko.K00885	Sex_and_consortia	Female_NS1	0.0959505170143437	0.221367669318266	85	85	0.665816583467361	0.903984175577239
ko.K07484	Sex_and_consortia	Female_NS1	-0.0213152676178777	0.0431896997831638	85	85	0.622943920746978	0.903984175577239
ko.K07284	Sex_and_consortia	Female_NS1	-0.211501704937143	0.115561581382543	85	85	0.0708085434170788	0.903984175577239
ko.K04486	Sex_and_consortia	Female_NS1	-0.0211309480355442	0.0196931946236075	85	85	0.28637751627231	0.903984175577239
ko.K07052	Sex_and_consortia	Female_NS1	-0.0264081786273771	0.0186675621036483	85	85	0.160910025776734	0.903984175577239
ko.K01197	Sex_and_consortia	Female_NS1	0.0200575787388671	0.0378054855323927	85	85	0.597149567298302	0.903984175577239
ko.K21562	Sex_and_consortia	Female_NS1	-0.441042049159518	0.284281338350975	85	85	0.124604023273231	0.903984175577239
ko.K02012	Sex_and_consortia	Female_NS1	0.0365335876458651	0.0770861992125473	85	85	0.636793016283302	0.903984175577239
ko.K01186	Sex_and_consortia	Female_NS1	0.0456551989394568	0.0486402174303571	85	85	0.350643887696502	0.903984175577239
ko.K01191	Sex_and_consortia	Female_NS1	-0.0621081240135589	0.0501233669098083	85	85	0.218799090990424	0.903984175577239
ko.K22405	Sex_and_consortia	Female_NS1	-0.0554165272630453	0.0289487934101268	85	85	0.0590284029647915	0.903984175577239
ko.K08981	Sex_and_consortia	Female_NS1	-0.193242009498028	0.147943041211111	85	85	0.1950955722286	0.903984175577239
ko.K10907	Sex_and_consortia	Female_NS1	0.07142163704727	0.0559613400054945	85	85	0.205420702686908	0.903984175577239
ko.K16951	Sex_and_consortia	Female_NS1	0.0337007600833977	0.0697334342429011	85	85	0.630169522775864	0.903984175577239
ko.K00812	Sex_and_consortia	Female_NS1	-0.023592829739331	0.0154729166464642	85	85	0.131114905885781	0.903984175577239
ko.K00086	Sex_and_consortia	Female_NS1	-0.281806250420104	0.329583621109638	85	85	0.394991978650165	0.903984175577239
ko.K07813	Sex_and_consortia	Female_NS1	-0.150443281267093	0.0981244061655715	85	85	0.129032290142394	0.903984175577239
ko.K21071	Sex_and_consortia	Female_NS1	0.00998703079817765	0.0115691389040018	85	85	0.39048901692121	0.903984175577239
ko.K20276	Sex_and_consortia	Female_NS1	0.0909498629186694	0.0734727349501552	85	85	0.219253607707868	0.903984175577239
ko.K08282	Sex_and_consortia	Female_NS1	0.0675260450166492	0.0689867722273913	85	85	0.330510429148645	0.903984175577239
ko.K14205	Sex_and_consortia	Female_NS1	-0.470475334827265	0.255427239431628	85	85	0.0690590907015089	0.903984175577239
ko.K12267	Sex_and_consortia	Female_NS1	0.0255360444558761	0.0297402166161172	85	85	0.393013851256244	0.903984175577239
ko.K06196	Sex_and_consortia	Female_NS1	0.082933280433444	0.0542304569519983	85	85	0.129998676782123	0.903984175577239
ko.K01442	Sex_and_consortia	Female_NS1	-0.057827810548171	0.0324651755751898	85	85	0.0785338542984172	0.903984175577239
ko.K04076	Sex_and_consortia	Female_NS1	-0.281806250420104	0.329583621109638	85	85	0.394991978650165	0.903984175577239
ko.K11059	Sex_and_consortia	Female_NS1	-0.281806250420104	0.329583621109638	85	85	0.394991978650165	0.903984175577239
ko.K19689	Sex_and_consortia	Female_NS1	0.0763148553420423	0.0958052022502673	85	85	0.427977624395644	0.903984175577239
ko.K09758	Sex_and_consortia	Female_NS1	-0.0605010637313914	0.0356417682110674	85	85	0.0933534019823293	0.903984175577239
ko.K02010	Sex_and_consortia	Female_NS1	-0.0311817245504855	0.0418889265313402	85	85	0.458742583691319	0.903984175577239
ko.K03816	Sex_and_consortia	Female_NS1	-0.0301074824289474	0.0438948503386085	85	85	0.494687596557301	0.903984175577239
ko.K18346	Sex_and_consortia	Female_NS1	0.0323564181358184	0.0696888727972323	85	85	0.643649671966562	0.903984175577239
ko.K06213	Sex_and_consortia	Female_NS1	-0.0500299748594085	0.0272691901055508	85	85	0.0701373831661717	0.903984175577239
ko.K04720	Sex_and_consortia	Female_NS1	0.00798702087070001	0.0127187001695434	85	85	0.531744647944604	0.903984175577239
ko.K02358	Sex_and_consortia	Female_NS1	-0.00694148913697977	0.0146493518100404	85	85	0.636856130742855	0.903984175577239
ko.K07407	Sex_and_consortia	Female_NS1	-0.00769136581661196	0.00966348973985175	85	85	0.428348987592255	0.903984175577239
ko.K18888	Sex_and_consortia	Female_NS1	-0.07598469906159	0.0803689456938821	85	85	0.347174219978408	0.903984175577239
ko.K13280	Sex_and_consortia	Female_NS1	-0.370102712180894	0.195886625006419	85	85	0.0623337131026217	0.903984175577239
ko.K07098	Sex_and_consortia	Female_NS1	0.0280006371319525	0.0308019244715266	85	85	0.365953359659076	0.903984175577239
ko.K07124	Sex_and_consortia	Female_NS1	0.0651575158003917	0.0577508381110112	85	85	0.262464134833348	0.903984175577239
ko.K16789	Sex_and_consortia	Female_NS1	-0.0510828609783644	0.0850969179783901	85	85	0.54994828169909	0.903984175577239
ko.K07533	Sex_and_consortia	Female_NS1	0.0758752859737073	0.0711070943370582	85	85	0.289040264196941	0.903984175577239
ko.K17624	Sex_and_consortia	Female_NS1	-0.121693153486797	0.108463557582276	85	85	0.265109395526167	0.903984175577239
ko.K05946	Sex_and_consortia	Female_NS1	-0.0569224364414792	0.0359394411850809	85	85	0.117032518232561	0.903984175577239
ko.K06148	Sex_and_consortia	Female_NS1	-0.144782307035252	0.0655910084030752	85	85	0.0300497954046314	0.903984175577239
ko.K00595	Sex_and_consortia	Female_NS1	-0.046569398111697	0.0373175395380482	85	85	0.215568583431101	0.903984175577239
ko.K21600	Sex_and_consortia	Female_NS1	0.0719394194809867	0.0619640668707324	85	85	0.24897575607204	0.903984175577239
ko.K01071	Sex_and_consortia	Female_NS1	-0.0549472774026157	0.0263728653370363	85	85	0.0402842752926601	0.903984175577239
ko.K07699	Sex_and_consortia	Female_NS1	0.0392876829086374	0.0624722605082141	85	85	0.53115327681838	0.903984175577239
ko.K07240	Sex_and_consortia	Female_NS1	-0.0534875016925996	0.0361909350978102	85	85	0.143212580767486	0.903984175577239
ko.K07493	Sex_and_consortia	Female_NS1	-0.540777287106413	0.257762473513852	85	85	0.0389491164829627	0.903984175577239
ko.K03342	Sex_and_consortia	Female_NS1	0.0973408261567265	0.0953258167444245	85	85	0.310156161769752	0.903984175577239
ko.K13950	Sex_and_consortia	Female_NS1	0.0973408261567265	0.0953258167444245	85	85	0.310156161769752	0.903984175577239
ko.K01163	Sex_and_consortia	Female_NS1	-0.0518406789169399	0.0389266904122029	85	85	0.186587592052962	0.903984175577239
ko.K06023	Sex_and_consortia	Female_NS1	0.0797748129446776	0.0708886478470296	85	85	0.263682786071059	0.903984175577239
ko.K04070	Sex_and_consortia	Female_NS1	0.0380232368312569	0.0760073912945757	85	85	0.618217894320044	0.903984175577239
ko.K13940	Sex_and_consortia	Female_NS1	0.0376283074214821	0.0830731349250143	85	85	0.651763736900784	0.903984175577239
ko.K05895	Sex_and_consortia	Female_NS1	0.0348416762551898	0.0764472663108859	85	85	0.649752087717257	0.903984175577239
ko.K02232	Sex_and_consortia	Female_NS1	0.00753760437919487	0.0141730805075308	85	85	0.596267557553234	0.903984175577239
ko.K02227	Sex_and_consortia	Female_NS1	0.00868311494668918	0.013183672490322	85	85	0.511958641417963	0.903984175577239
ko.K01436	Sex_and_consortia	Female_NS1	0.0424574546248746	0.0696507861603045	85	85	0.543807801448434	0.903984175577239
ko.K09137	Sex_and_consortia	Female_NS1	-0.281806250420103	0.329583621109638	85	85	0.394991978650167	0.903984175577239
ko.K00863	Sex_and_consortia	Female_NS1	-0.0506855845787526	0.0855969194478834	85	85	0.555364742399289	0.903984175577239
ko.K05311	Sex_and_consortia	Female_NS1	-0.509805047039708	0.264737130962741	85	85	0.0575655989159329	0.903984175577239
ko.K15519	Sex_and_consortia	Female_NS1	-0.278754517724585	0.32958125139391	85	85	0.400105063647443	0.903984175577239
ko.K07029	Sex_and_consortia	Female_NS1	-0.122306265904956	0.0747458316036617	85	85	0.10556437574371	0.903984175577239
ko.K09004	Sex_and_consortia	Female_NS1	-0.385188397122788	0.176634132589639	85	85	0.0320350029269875	0.903984175577239
ko.K06608	Sex_and_consortia	Female_NS1	-0.281806250420103	0.329583621109638	85	85	0.394991978650167	0.903984175577239
ko.K20810	Sex_and_consortia	Female_NS1	0.0451138840688268	0.0754856533128593	85	85	0.551701671679804	0.903984175577239
ko.K08168	Sex_and_consortia	Female_NS1	-0.281806250420103	0.329583621109638	85	85	0.394991978650167	0.903984175577239
ko.K07099	Sex_and_consortia	Female_NS1	0.0396120503857317	0.0681383813653055	85	85	0.562582013106443	0.903984175577239
ko.K06896	Sex_and_consortia	Female_NS1	-0.0674566998513257	0.0767924015739926	85	85	0.382246657441269	0.903984175577239
ko.K20107	Sex_and_consortia	Female_NS1	-0.0674566998513257	0.0767924015739926	85	85	0.382246657441269	0.903984175577239
ko.K02011	Sex_and_consortia	Female_NS1	0.0363182837697599	0.0771893916551569	85	85	0.63922568934319	0.903984175577239
ko.K11061	Sex_and_consortia	Female_NS1	-0.281806250420103	0.329583621109638	85	85	0.394991978650167	0.903984175577239
ko.K02823	Sex_and_consortia	Female_NS1	-0.0500255196409443	0.0271047496424507	85	85	0.0685106330257698	0.903984175577239
ko.K17828	Sex_and_consortia	Female_NS1	-0.0500982144412784	0.0271165727517737	85	85	0.0682355169737573	0.903984175577239
ko.K11062	Sex_and_consortia	Female_NS1	-0.0574967011214898	0.0674726694505422	85	85	0.396584112538075	0.903984175577239
ko.K07658	Sex_and_consortia	Female_NS1	-0.0491139276912542	0.0265307952297678	85	85	0.0676968538700612	0.903984175577239
ko.K20108	Sex_and_consortia	Female_NS1	-0.0674566998513257	0.0767924015739926	85	85	0.382246657441269	0.903984175577239
ko.K07271	Sex_and_consortia	Female_NS1	0.0256348338142728	0.0381562326925509	85	85	0.503552171100932	0.903984175577239
ko.K00067	Sex_and_consortia	Female_NS1	-0.0142460968358182	0.0113362065891445	85	85	0.21239118538393	0.903984175577239
ko.K00996	Sex_and_consortia	Female_NS1	-0.0369504962732968	0.0320664905128731	85	85	0.252502373981311	0.903984175577239
ko.K06994	Sex_and_consortia	Female_NS1	-0.278754517724585	0.32958125139391	85	85	0.400105063647443	0.903984175577239
ko.K09778	Sex_and_consortia	Female_NS1	0.0952626497372614	0.0791217594104928	85	85	0.232011757924747	0.903984175577239
ko.K05936	Sex_and_consortia	Female_NS1	-0.0458558241237287	0.0380485525147317	85	85	0.231553971152347	0.903984175577239
ko.K02189	Sex_and_consortia	Female_NS1	0.0348416762551898	0.0764472663108859	85	85	0.649752087717257	0.903984175577239
ko.K11616	Sex_and_consortia	Female_NS1	-0.254808919314882	0.192510215059228	85	85	0.189266004301067	0.903984175577239
ko.K07149	Sex_and_consortia	Female_NS1	0.101103398947558	0.0951979377300672	85	85	0.291300898877847	0.903984175577239
ko.K02190	Sex_and_consortia	Female_NS1	-0.053261599505614	0.0548043763042663	85	85	0.333949229772535	0.903984175577239
ko.K17947	Sex_and_consortia	Female_NS1	-0.509805047039708	0.264737130962741	85	85	0.0575655989159329	0.903984175577239
ko.K00712	Sex_and_consortia	Female_NS1	0.0973879618669985	0.0947984034332949	85	85	0.307256094012062	0.903984175577239
ko.K06042	Sex_and_consortia	Female_NS1	-0.0458558241237287	0.0380485525147317	85	85	0.231553971152347	0.903984175577239
ko.K02188	Sex_and_consortia	Female_NS1	-0.0458558241237287	0.0380485525147317	85	85	0.231553971152347	0.903984175577239
ko.K21011	Sex_and_consortia	Female_NS1	-0.281806250420103	0.329583621109638	85	85	0.394991978650167	0.903984175577239
ko.K03399	Sex_and_consortia	Female_NS1	-0.281806250420103	0.329583621109638	85	85	0.394991978650167	0.903984175577239
ko.K21012	Sex_and_consortia	Female_NS1	-0.281806250420103	0.329583621109638	85	85	0.394991978650167	0.903984175577239
ko.K02191	Sex_and_consortia	Female_NS1	0.0351052554510065	0.0764498601155257	85	85	0.647295803142508	0.903984175577239
ko.K03394	Sex_and_consortia	Female_NS1	-0.0506479136186815	0.0429739935917599	85	85	0.241936733687872	0.903984175577239
ko.K06373	Sex_and_consortia	Female_NS1	-0.0440028943983416	0.0311407102515587	85	85	0.161384799253006	0.903984175577239
ko.K03525	Sex_and_consortia	Female_NS1	0.00692142999094924	0.0131120550788819	85	85	0.59899959912362	0.903984175577239
ko.K11712	Sex_and_consortia	Female_NS1	-0.0936295703678402	0.0942963384932884	85	85	0.323630477875529	0.903984175577239
ko.K18120	Sex_and_consortia	Female_NS1	0.0444179722467021	0.0610770219063951	85	85	0.469122117996527	0.903984175577239
ko.K06382	Sex_and_consortia	Female_NS1	0.0348325070425921	0.0764466722603642	85	85	0.649835457455354	0.903984175577239
ko.K00366	Sex_and_consortia	Female_NS1	-0.281806250420103	0.329583621109638	85	85	0.394991978650167	0.903984175577239
ko.K07571	Sex_and_consortia	Female_NS1	-0.143844302792835	0.0790808038484179	85	85	0.0725250041539248	0.903984175577239
ko.K00392	Sex_and_consortia	Female_NS1	-0.278754517724585	0.32958125139391	85	85	0.400105063647443	0.903984175577239
ko.K01533	Sex_and_consortia	Female_NS1	-0.0628086253006652	0.0412070433957837	85	85	0.131254994175641	0.903984175577239
ko.K12308	Sex_and_consortia	Female_NS1	0.0169287829939383	0.0245659052357094	85	85	0.492671604773695	0.903984175577239
ko.K02006	Sex_and_consortia	Female_NS1	0.0848372499135067	0.0775437307070669	85	85	0.277094996597416	0.903984175577239
ko.K02008	Sex_and_consortia	Female_NS1	0.0976315777798526	0.085020044779233	85	85	0.254128719525947	0.903984175577239
ko.K02009	Sex_and_consortia	Female_NS1	0.0904352632145071	0.0784226267124005	85	85	0.252147411205854	0.903984175577239
ko.K02007	Sex_and_consortia	Female_NS1	0.0950530090177682	0.0857533038287616	85	85	0.270870376102	0.903984175577239
ko.K01478	Sex_and_consortia	Female_NS1	-0.255937182045735	0.143585841977587	85	85	0.0783296322350417	0.903984175577239
ko.K17216	Sex_and_consortia	Female_NS1	-0.509805047039708	0.264737130962741	85	85	0.0575655989159329	0.903984175577239
ko.K01387	Sex_and_consortia	Female_NS1	0.0973134406527928	0.0953255778987205	85	85	0.310290251726537	0.903984175577239
ko.K05337	Sex_and_consortia	Female_NS1	-0.144087308408861	0.0790696650506381	85	85	0.0720136186981796	0.903984175577239
ko.K05985	Sex_and_consortia	Female_NS1	-0.14414696620426	0.0790671408089368	85	85	0.071889254149397	0.903984175577239
ko.K03652	Sex_and_consortia	Female_NS1	-0.509805047039708	0.264737130962741	85	85	0.0575655989159329	0.903984175577239
ko.K06374	Sex_and_consortia	Female_NS1	0.0348325070425921	0.0764466722603642	85	85	0.649835457455354	0.903984175577239
ko.K07570	Sex_and_consortia	Female_NS1	-0.14414696620426	0.0790671408089368	85	85	0.071889254149397	0.903984175577239
ko.K02499	Sex_and_consortia	Female_NS1	0.0452739275805701	0.0656824545173639	85	85	0.492566475815739	0.903984175577239
ko.K10200	Sex_and_consortia	Female_NS1	-0.281806250420103	0.329583621109638	85	85	0.394991978650167	0.903984175577239
ko.K10201	Sex_and_consortia	Female_NS1	-0.281806250420103	0.329583621109638	85	85	0.394991978650167	0.903984175577239
ko.K04769	Sex_and_consortia	Female_NS1	0.0348325070425921	0.0764466722603642	85	85	0.649835457455354	0.903984175577239
ko.K07220	Sex_and_consortia	Female_NS1	-0.0436980878542067	0.0362169442117369	85	85	0.23102757660588	0.903984175577239
ko.K07775	Sex_and_consortia	Female_NS1	-0.278754517724585	0.32958125139391	85	85	0.400105063647443	0.903984175577239
ko.K09685	Sex_and_consortia	Female_NS1	-0.509805047039708	0.264737130962741	85	85	0.0575655989159329	0.903984175577239
ko.K05873	Sex_and_consortia	Female_NS1	-0.281806250420103	0.329583621109638	85	85	0.394991978650167	0.903984175577239
ko.K08972	Sex_and_consortia	Female_NS1	-0.269279045077237	0.177249440488684	85	85	0.132509993358665	0.903984175577239
ko.K05364	Sex_and_consortia	Female_NS1	0.0366235544707085	0.0745818019878854	85	85	0.6246854709418	0.903984175577239
ko.K03698	Sex_and_consortia	Female_NS1	0.0797748129446776	0.0708886478470296	85	85	0.263682786071059	0.903984175577239
ko.K16898	Sex_and_consortia	Female_NS1	-0.0448005721569945	0.0708021962133184	85	85	0.528631912608896	0.903984175577239
ko.K14162	Sex_and_consortia	Female_NS1	0.0348325070425921	0.0764466722603642	85	85	0.649835457455354	0.903984175577239
ko.K11060	Sex_and_consortia	Female_NS1	-0.281806250420103	0.329583621109638	85	85	0.394991978650167	0.903984175577239
ko.K03308	Sex_and_consortia	Female_NS1	-0.0212235003959859	0.0343415468970258	85	85	0.538259322379007	0.903984175577239
ko.K08986	Sex_and_consortia	Female_NS1	-0.0347457408188847	0.0611266162735669	85	85	0.571282887090755	0.903984175577239
ko.K16619	Sex_and_consortia	Female_NS1	-0.281806250420103	0.329583621109638	85	85	0.394991978650167	0.903984175577239
ko.K06284	Sex_and_consortia	Female_NS1	0.0396120503857317	0.0681383813653055	85	85	0.562582013106443	0.903984175577239
ko.K07723	Sex_and_consortia	Female_NS1	-0.278754517724585	0.32958125139391	85	85	0.400105063647443	0.903984175577239
ko.K18887	Sex_and_consortia	Female_NS1	-0.0683448489907566	0.0767000771897899	85	85	0.375469443337017	0.903984175577239
ko.K18214	Sex_and_consortia	Female_NS1	-0.281806250420103	0.329583621109638	85	85	0.394991978650167	0.903984175577239
ko.K21480	Sex_and_consortia	Female_NS1	-0.281806250420103	0.329583621109638	85	85	0.394991978650167	0.903984175577239
ko.K09704	Sex_and_consortia	Female_NS1	-0.0681645047912728	0.0645034020599486	85	85	0.293688048581118	0.903984175577239
ko.K01361	Sex_and_consortia	Female_NS1	-0.0566425205028086	0.0567226827549388	85	85	0.320897321191886	0.903984175577239
ko.K02124	Sex_and_consortia	Female_NS1	-0.0404420717172167	0.0289794088245701	85	85	0.166573969934137	0.903984175577239
ko.K02120	Sex_and_consortia	Female_NS1	-0.0451223790409826	0.0280594409520953	85	85	0.111610879064904	0.903984175577239
ko.K02118	Sex_and_consortia	Female_NS1	-0.0427263224704879	0.0285013880112916	85	85	0.137642736169979	0.903984175577239
ko.K02117	Sex_and_consortia	Female_NS1	-0.0427263224704879	0.0285013880112916	85	85	0.137642736169979	0.903984175577239
ko.K02121	Sex_and_consortia	Female_NS1	-0.0566262879677557	0.029894478657673	85	85	0.0616807659301238	0.903984175577239
ko.K02123	Sex_and_consortia	Female_NS1	-0.0404420717172167	0.0289794088245701	85	85	0.166573969934137	0.903984175577239
ko.K02107	Sex_and_consortia	Female_NS1	0.0316087859440462	0.0608450061694229	85	85	0.60479698958811	0.903984175577239
ko.K00243	Sex_and_consortia	Female_NS1	-0.0540956659786195	0.0271385026614907	85	85	0.0495115387339678	0.903984175577239
ko.K05770	Sex_and_consortia	Female_NS1	-0.0534262710093855	0.0671374277526654	85	85	0.428433002916587	0.903984175577239
ko.K06019	Sex_and_consortia	Female_NS1	0.0854272855035415	0.0794808688639903	85	85	0.285571874831196	0.903984175577239
ko.K16924	Sex_and_consortia	Female_NS1	-0.13435537347171	0.111768987160964	85	85	0.232750571499988	0.903984175577239
ko.K01060	Sex_and_consortia	Female_NS1	-0.056663840289011	0.0542473215948373	85	85	0.29926538158404	0.903984175577239
ko.K07282	Sex_and_consortia	Female_NS1	-0.0476739844680777	0.0285751184255246	85	85	0.0990099503589323	0.903984175577239
ko.K07175	Sex_and_consortia	Female_NS1	-0.0634199465804426	0.0350824394452774	85	85	0.0742695112785678	0.903984175577239
ko.K18682	Sex_and_consortia	Female_NS1	-0.0506660607808225	0.027319114693658	85	85	0.067204402172626	0.903984175577239
ko.K08153	Sex_and_consortia	Female_NS1	-0.511154572741134	0.264767374066627	85	85	0.0569496574432546	0.903984175577239
ko.K13572	Sex_and_consortia	Female_NS1	-0.281806250420103	0.329583621109638	85	85	0.394991978650167	0.903984175577239
ko.K19091	Sex_and_consortia	Female_NS1	-0.281806250420103	0.329583621109638	85	85	0.394991978650167	0.903984175577239
ko.K19088	Sex_and_consortia	Female_NS1	-0.281806250420103	0.329583621109638	85	85	0.394991978650167	0.903984175577239
ko.K19075	Sex_and_consortia	Female_NS1	-0.281806250420103	0.329583621109638	85	85	0.394991978650167	0.903984175577239
ko.K03741	Sex_and_consortia	Female_NS1	-0.06138727286967	0.0456394464685842	85	85	0.18227326668187	0.903984175577239
ko.K08587	Sex_and_consortia	Female_NS1	-0.281806250420103	0.329583621109638	85	85	0.394991978650167	0.903984175577239
ko.K00830	Sex_and_consortia	Female_NS1	-0.281806250420103	0.329583621109638	85	85	0.394991978650167	0.903984175577239
ko.K19955	Sex_and_consortia	Female_NS1	-0.030017595684987	0.038706296967645	85	85	0.440235174812757	0.903984175577239
ko.K07706	Sex_and_consortia	Female_NS1	-0.0825432049274991	0.111488098801723	85	85	0.461160657194103	0.903984175577239
ko.K22010	Sex_and_consortia	Female_NS1	0.0414035211110097	0.0659097739731919	85	85	0.531607612449724	0.903984175577239
ko.K00936	Sex_and_consortia	Female_NS1	0.0364253223727142	0.056502229228377	85	85	0.52091854801589	0.903984175577239
ko.K19090	Sex_and_consortia	Female_NS1	-0.281806250420103	0.329583621109638	85	85	0.394991978650167	0.903984175577239
ko.K06333	Sex_and_consortia	Female_NS1	0.0362975166639068	0.0820377505807443	85	85	0.65931522018164	0.903984175577239
ko.K00887	Sex_and_consortia	Female_NS1	-0.069322073687686	0.0567435522051415	85	85	0.225289773396448	0.903984175577239
ko.K06438	Sex_and_consortia	Female_NS1	0.0348325070425921	0.0764466722603642	85	85	0.649835457455354	0.903984175577239
ko.K06334	Sex_and_consortia	Female_NS1	0.0426187497302872	0.0799423332801432	85	85	0.595376077191196	0.903984175577239
ko.K18707	Sex_and_consortia	Female_NS1	-0.0441420076768279	0.0291456805071609	85	85	0.133690495181547	0.903984175577239
ko.K06385	Sex_and_consortia	Female_NS1	0.0382771653672792	0.0710457790850734	85	85	0.591489339763759	0.903984175577239
ko.K06012	Sex_and_consortia	Female_NS1	0.0348325070425921	0.0764466722603642	85	85	0.649835457455354	0.903984175577239
ko.K06407	Sex_and_consortia	Female_NS1	0.0444138224125192	0.075390470656268	85	85	0.557382722616537	0.903984175577239
ko.K06406	Sex_and_consortia	Female_NS1	0.0348325070425921	0.0764466722603642	85	85	0.649835457455354	0.903984175577239
ko.K06405	Sex_and_consortia	Female_NS1	0.0348325070425921	0.0764466722603642	85	85	0.649835457455354	0.903984175577239
ko.K06379	Sex_and_consortia	Female_NS1	0.0348325070425921	0.0764466722603642	85	85	0.649835457455354	0.903984175577239
ko.K06378	Sex_and_consortia	Female_NS1	0.0444138224125192	0.075390470656268	85	85	0.557382722616537	0.903984175577239
ko.K03856	Sex_and_consortia	Female_NS1	-0.0350942808573612	0.0593629460244026	85	85	0.556005363713742	0.903984175577239
ko.K07456	Sex_and_consortia	Female_NS1	-0.0506695740317054	0.0308114415858537	85	85	0.103854443158414	0.903984175577239
ko.K04074	Sex_and_consortia	Female_NS1	-0.121576571604867	0.0744041685997129	85	85	0.106046077785378	0.903984175577239
ko.K06392	Sex_and_consortia	Female_NS1	0.0348325070425921	0.0764466722603642	85	85	0.649835457455354	0.903984175577239
ko.K06397	Sex_and_consortia	Female_NS1	0.0348325070425921	0.0764466722603642	85	85	0.649835457455354	0.903984175577239
ko.K06396	Sex_and_consortia	Female_NS1	0.0348325070425921	0.0764466722603642	85	85	0.649835457455354	0.903984175577239
ko.K06394	Sex_and_consortia	Female_NS1	0.0348325070425921	0.0764466722603642	85	85	0.649835457455354	0.903984175577239
ko.K06393	Sex_and_consortia	Female_NS1	0.0348325070425921	0.0764466722603642	85	85	0.649835457455354	0.903984175577239
ko.K06391	Sex_and_consortia	Female_NS1	0.0392231291878517	0.068172291664256	85	85	0.566609168346929	0.903984175577239
ko.K02825	Sex_and_consortia	Female_NS1	0.0833687364841519	0.095272753119023	85	85	0.384070103610088	0.903984175577239
ko.K06390	Sex_and_consortia	Female_NS1	0.0348325070425921	0.0764466722603642	85	85	0.649835457455354	0.903984175577239
ko.K08084	Sex_and_consortia	Female_NS1	0.0973134406527928	0.0953255778987205	85	85	0.310290251726537	0.903984175577239
ko.K07444	Sex_and_consortia	Female_NS1	-0.0518374158352788	0.0285854056890163	85	85	0.0733812048772479	0.903984175577239
ko.K03437	Sex_and_consortia	Female_NS1	-0.0567142856428412	0.0316976795010084	85	85	0.0772264637686789	0.903984175577239
ko.K07076	Sex_and_consortia	Female_NS1	-0.281806250420103	0.329583621109638	85	85	0.394991978650167	0.903984175577239
ko.K01273	Sex_and_consortia	Female_NS1	-0.0330559521173606	0.0364029196380902	85	85	0.366476776694827	0.903984175577239
ko.K05822	Sex_and_consortia	Female_NS1	-0.509805047039708	0.264737130962741	85	85	0.0575655989159329	0.903984175577239
ko.K00841	Sex_and_consortia	Female_NS1	-0.509805047039708	0.264737130962741	85	85	0.0575655989159329	0.903984175577239
ko.K20074	Sex_and_consortia	Female_NS1	0.0298464564032479	0.0325160123838514	85	85	0.36133073427595	0.903984175577239
ko.K00949	Sex_and_consortia	Female_NS1	-0.0491795148021476	0.028940219361407	85	85	0.0929987950306085	0.903984175577239
ko.K12132	Sex_and_consortia	Female_NS1	-0.02522044293445	0.0262694995332213	85	85	0.339810679947569	0.903984175577239
ko.K01598	Sex_and_consortia	Female_NS1	0.0806651163564007	0.0731234506674627	85	85	0.273156275136846	0.903984175577239
ko.K06960	Sex_and_consortia	Female_NS1	0.0808190648088217	0.0660816038200461	85	85	0.224783675382296	0.903984175577239
ko.K06398	Sex_and_consortia	Female_NS1	0.0348325070425921	0.0764466722603642	85	85	0.649835457455354	0.903984175577239
ko.K00372	Sex_and_consortia	Female_NS1	-0.286685768691891	0.329807629291252	85	85	0.387216360921489	0.903984175577239
ko.K00756	Sex_and_consortia	Female_NS1	-0.0677403621787925	0.0768059154667948	85	85	0.380341192815158	0.903984175577239
ko.K06399	Sex_and_consortia	Female_NS1	0.0913857541225877	0.066024875406197	85	85	0.170034968666066	0.903984175577239
ko.K06442	Sex_and_consortia	Female_NS1	0.0808190648088217	0.0660816038200461	85	85	0.224783675382296	0.903984175577239
ko.K12574	Sex_and_consortia	Female_NS1	-0.037684741352923	0.0689925505335819	85	85	0.586383670758343	0.903984175577239
ko.K06383	Sex_and_consortia	Female_NS1	0.0348325070425921	0.0764466722603642	85	85	0.649835457455354	0.903984175577239
ko.K09167	Sex_and_consortia	Female_NS1	-0.194331663734526	0.129139603265287	85	85	0.136166820507558	0.903984175577239
ko.K06381	Sex_and_consortia	Female_NS1	-0.0325934533367426	0.0319610940458848	85	85	0.310793624934961	0.903984175577239
ko.K06283	Sex_and_consortia	Female_NS1	0.0348325070425921	0.0764466722603642	85	85	0.649835457455354	0.903984175577239
ko.K06436	Sex_and_consortia	Female_NS1	-0.281806250420103	0.329583621109638	85	85	0.394991978650167	0.903984175577239
ko.K13282	Sex_and_consortia	Female_NS1	-0.281806250420103	0.329583621109638	85	85	0.394991978650167	0.903984175577239
ko.K03802	Sex_and_consortia	Female_NS1	-0.281806250420103	0.329583621109638	85	85	0.394991978650167	0.903984175577239
ko.K06387	Sex_and_consortia	Female_NS1	0.0392231291878517	0.068172291664256	85	85	0.566609168346929	0.903984175577239
ko.K07213	Sex_and_consortia	Female_NS1	-0.0764517846059284	0.0726454426088302	85	85	0.295672075466687	0.903984175577239
ko.K20116	Sex_and_consortia	Female_NS1	-0.381953176113962	0.176735943866769	85	85	0.0335649102377498	0.903984175577239
ko.K20117	Sex_and_consortia	Female_NS1	-0.381953176113962	0.176735943866769	85	85	0.0335649102377498	0.903984175577239
ko.K20118	Sex_and_consortia	Female_NS1	-0.381953176113962	0.176735943866769	85	85	0.0335649102377498	0.903984175577239
ko.K04767	Sex_and_consortia	Female_NS1	-0.511154572741134	0.264767374066627	85	85	0.0569496574432546	0.903984175577239
ko.K06972	Sex_and_consortia	Female_NS1	0.0354323199950222	0.0812754363125528	85	85	0.664002172034196	0.903984175577239
ko.K06209	Sex_and_consortia	Female_NS1	0.0349030862803674	0.0764526014905051	85	85	0.64919967431365	0.903984175577239
ko.K16869	Sex_and_consortia	Female_NS1	-0.541497255899756	0.257713188898788	85	85	0.0386599265782473	0.903984175577239
ko.K01304	Sex_and_consortia	Female_NS1	-0.358173471182277	0.205821668684193	85	85	0.0855280467884949	0.903984175577239
ko.K13542	Sex_and_consortia	Female_NS1	0.0913903806164957	0.066025098878688	85	85	0.170015021807247	0.903984175577239
ko.K10947	Sex_and_consortia	Female_NS1	-0.0536859546827835	0.0284069641295224	85	85	0.0622638609109239	0.903984175577239
ko.K04516	Sex_and_consortia	Female_NS1	-0.0604708499758859	0.0338086944895939	85	85	0.0773250092789804	0.903984175577239
ko.K03786	Sex_and_consortia	Female_NS1	-0.0501538384157853	0.0293790829728204	85	85	0.091536916457039	0.903984175577239
ko.K01470	Sex_and_consortia	Female_NS1	-0.0224964178167221	0.0446342183837316	85	85	0.615584508027824	0.903984175577239
ko.K00261	Sex_and_consortia	Female_NS1	0.0444138224125192	0.075390470656268	85	85	0.557382722616537	0.903984175577239
ko.K10027	Sex_and_consortia	Female_NS1	-0.437149238117454	0.247861600670616	85	85	0.0814653371022793	0.903984175577239
ko.K07800	Sex_and_consortia	Female_NS1	-0.278754517724585	0.32958125139391	85	85	0.400105063647443	0.903984175577239
ko.K19294	Sex_and_consortia	Female_NS1	0.0345048223163453	0.0771970786635122	85	85	0.656060485918496	0.903984175577239
ko.K07166	Sex_and_consortia	Female_NS1	0.039669329459313	0.0742058979630858	85	85	0.594366313850565	0.903984175577239
ko.K02051	Sex_and_consortia	Female_NS1	0.0745676234813216	0.0563697059604754	85	85	0.189524508667208	0.903984175577239
ko.K02049	Sex_and_consortia	Female_NS1	0.0830083671690146	0.0500244885415425	85	85	0.100818512620467	0.903984175577239
ko.K21900	Sex_and_consortia	Female_NS1	-0.508503025944172	0.264713465908935	85	85	0.0581704503334701	0.903984175577239
ko.K02076	Sex_and_consortia	Female_NS1	-0.509805047039708	0.264737130962741	85	85	0.0575655989159329	0.903984175577239
ko.K08602	Sex_and_consortia	Female_NS1	-0.0753020326658007	0.0672708796340408	85	85	0.266204775064919	0.903984175577239
ko.K06993	Sex_and_consortia	Female_NS1	-0.281806250420103	0.329583621109638	85	85	0.394991978650167	0.903984175577239
ko.K11693	Sex_and_consortia	Female_NS1	-0.278754517724585	0.32958125139391	85	85	0.400105063647443	0.903984175577239
ko.K18332	Sex_and_consortia	Female_NS1	-0.0380791284492183	0.0371358767625098	85	85	0.308153705825771	0.903984175577239
ko.K00532	Sex_and_consortia	Female_NS1	-0.281806250420103	0.329583621109638	85	85	0.394991978650167	0.903984175577239
ko.K15770	Sex_and_consortia	Female_NS1	-0.0389899666759871	0.0886124288306264	85	85	0.661076710983617	0.903984175577239
ko.K15771	Sex_and_consortia	Female_NS1	-0.0641489500793107	0.112185616370309	85	85	0.568995534927463	0.903984175577239
ko.K15772	Sex_and_consortia	Female_NS1	-0.0826122220491868	0.111482678561685	85	85	0.460765516469469	0.903984175577239
ko.K00634	Sex_and_consortia	Female_NS1	-0.0330973269341816	0.0311366392154086	85	85	0.290878307607927	0.903984175577239
ko.K00929	Sex_and_consortia	Female_NS1	-0.0318802548731498	0.032550985255683	85	85	0.330231250858072	0.903984175577239
ko.K07137	Sex_and_consortia	Female_NS1	0.00986796376345786	0.01309683826844	85	85	0.453304663141228	0.903984175577239
ko.K05363	Sex_and_consortia	Female_NS1	-0.278754517724585	0.32958125139391	85	85	0.400105063647443	0.903984175577239
ko.K16783	Sex_and_consortia	Female_NS1	-0.281806250420103	0.329583621109638	85	85	0.394991978650167	0.903984175577239
ko.K01449	Sex_and_consortia	Female_NS1	0.042284148437758	0.0745937326336355	85	85	0.572339625276087	0.903984175577239
ko.K21903	Sex_and_consortia	Female_NS1	0.0380932284902201	0.0760130241130105	85	85	0.617598549739649	0.903984175577239
ko.K01926	Sex_and_consortia	Female_NS1	-0.0576092194406639	0.0260020658753573	85	85	0.0294597822317729	0.903984175577239
ko.K09155	Sex_and_consortia	Female_NS1	-0.281806250420103	0.329583621109638	85	85	0.394991978650167	0.903984175577239
ko.K15973	Sex_and_consortia	Female_NS1	-0.281806250420103	0.329583621109638	85	85	0.394991978650167	0.903984175577239
ko.K02664	Sex_and_consortia	Female_NS1	-0.281806250420103	0.329583621109638	85	85	0.394991978650167	0.903984175577239
ko.K02663	Sex_and_consortia	Female_NS1	-0.281806250420103	0.329583621109638	85	85	0.394991978650167	0.903984175577239
ko.K03708	Sex_and_consortia	Female_NS1	-0.509805047039708	0.264737130962741	85	85	0.0575655989159329	0.903984175577239
ko.K19411	Sex_and_consortia	Female_NS1	0.0936587226404255	0.0783544158207045	85	85	0.235365555504288	0.903984175577239
ko.K19405	Sex_and_consortia	Female_NS1	0.0936587226404255	0.0783544158207045	85	85	0.235365555504288	0.903984175577239
ko.K06962	Sex_and_consortia	Female_NS1	-0.352240224275824	0.206210681922085	85	85	0.0913448471901769	0.903984175577239
ko.K15986	Sex_and_consortia	Female_NS1	0.0764342632209539	0.0782691219953686	85	85	0.331626226284793	0.903984175577239
ko.K00209	Sex_and_consortia	Female_NS1	-0.281806250420103	0.329583621109638	85	85	0.394991978650167	0.903984175577239
ko.K03480	Sex_and_consortia	Female_NS1	-0.382592089760226	0.176720763352865	85	85	0.0332627466322894	0.903984175577239
ko.K07727	Sex_and_consortia	Female_NS1	-0.044632151102197	0.0257646351569514	85	85	0.0869342552284259	0.903984175577239
ko.K16926	Sex_and_consortia	Female_NS1	0.0441078232231199	0.075024765865049	85	85	0.558188823129647	0.903984175577239
ko.K00185	Sex_and_consortia	Female_NS1	0.107246431122174	0.0949682578947323	85	85	0.262030001805779	0.903984175577239
ko.K08352	Sex_and_consortia	Female_NS1	0.445356003546979	0.266391813771923	85	83	0.0983283018348497	0.903984175577239
ko.K00183	Sex_and_consortia	Female_NS1	0.295354802109982	0.274128101961148	85	63	0.284408195800698	0.903984175577239
ko.K07079	Sex_and_consortia	Female_NS1	-0.0402907888603914	0.0353234186792428	85	85	0.257306423133422	0.903984175577239
ko.K13640	Sex_and_consortia	Female_NS1	0.107068278605788	0.0942596344143214	85	85	0.259273163002265	0.903984175577239
ko.K14475	Sex_and_consortia	Female_NS1	0.29535480210998	0.274128101961148	85	63	0.284408195800701	0.903984175577239
ko.K00983	Sex_and_consortia	Female_NS1	-0.102816750435306	0.0825334408675153	85	85	0.216358117762441	0.903984175577239
ko.K09681	Sex_and_consortia	Female_NS1	0.295354802109982	0.274128101961148	85	63	0.284408195800698	0.903984175577239
ko.K00620	Sex_and_consortia	Female_NS1	0.0935684060103618	0.0631654090837542	85	85	0.142306883919	0.903984175577239
ko.K21405	Sex_and_consortia	Female_NS1	0.0638549971108556	0.075029806557874	85	85	0.397183747218575	0.903984175577239
ko.K09703	Sex_and_consortia	Female_NS1	0.135062614113247	0.0980803342414969	85	85	0.172196079399049	0.903984175577239
ko.K18830	Sex_and_consortia	Female_NS1	0.295354802109982	0.274128101961148	85	63	0.284408195800698	0.903984175577239
ko.K10040	Sex_and_consortia	Female_NS1	-0.308812779993307	0.166897582359372	85	85	0.0678265948399879	0.903984175577239
ko.K03367	Sex_and_consortia	Female_NS1	-0.400259973377439	0.223126611918009	85	85	0.0764757567804764	0.903984175577239
ko.K07133	Sex_and_consortia	Female_NS1	-0.0538247350737588	0.0435872540482183	85	85	0.220362101201083	0.903984175577239
ko.K03739	Sex_and_consortia	Female_NS1	-0.400259973377439	0.223126611918009	85	85	0.0764757567804764	0.903984175577239
ko.K14188	Sex_and_consortia	Female_NS1	-0.400259973377439	0.223126611918009	85	85	0.0764757567804764	0.903984175577239
ko.K03740	Sex_and_consortia	Female_NS1	-0.400259973377439	0.223126611918009	85	85	0.0764757567804764	0.903984175577239
ko.K18918	Sex_and_consortia	Female_NS1	0.295354802109982	0.274128101961148	85	63	0.284408195800698	0.903984175577239
ko.K03430	Sex_and_consortia	Female_NS1	-0.0559909733930433	0.0438361327570975	85	85	0.20506518806077	0.903984175577239
ko.K01654	Sex_and_consortia	Female_NS1	-0.0729466388880305	0.0629040007357745	85	85	0.249516373397806	0.903984175577239
ko.K03205	Sex_and_consortia	Female_NS1	0.0352618479542466	0.0797240905830869	85	85	0.659423609868627	0.903984175577239
ko.K00180	Sex_and_consortia	Female_NS1	-0.0445298470806863	0.0321420375167258	85	85	0.16963952536707	0.903984175577239
ko.K00179	Sex_and_consortia	Female_NS1	-0.0445298470806863	0.0321420375167258	85	85	0.16963952536707	0.903984175577239
ko.K07219	Sex_and_consortia	Female_NS1	-0.0631501476889367	0.139814159749123	85	85	0.652683324860437	0.903984175577239
ko.K09697	Sex_and_consortia	Female_NS1	0.295354802109982	0.274128101961148	85	63	0.284408195800698	0.903984175577239
ko.K18350	Sex_and_consortia	Female_NS1	0.0362978645824599	0.0829354690110185	85	85	0.662766709303046	0.903984175577239
ko.K02474	Sex_and_consortia	Female_NS1	-0.0664953631146717	0.0385315519305142	85	85	0.0881157419318306	0.903984175577239
ko.K13252	Sex_and_consortia	Female_NS1	0.36461146626962	0.195375250695504	85	83	0.0655437608335918	0.903984175577239
ko.K04518	Sex_and_consortia	Female_NS1	-0.0491077274252286	0.0281259720014363	85	85	0.0845124357213659	0.903984175577239
ko.K19449	Sex_and_consortia	Female_NS1	0.295354802109981	0.274128101961148	85	63	0.284408195800699	0.903984175577239
ko.K03453	Sex_and_consortia	Female_NS1	-0.0193731581635488	0.0257703213016034	85	85	0.45432045666791	0.903984175577239
ko.K11358	Sex_and_consortia	Female_NS1	0.0442518284684788	0.0865882594453349	85	85	0.610665564427277	0.903984175577239
ko.K20480	Sex_and_consortia	Female_NS1	0.295354802109981	0.274128101961148	85	63	0.284408195800699	0.903984175577239
ko.K00034	Sex_and_consortia	Female_NS1	-0.471157491414884	0.234639327449548	85	85	0.0478950947334899	0.903984175577239
ko.K15987	Sex_and_consortia	Female_NS1	0.00675176441754609	0.0145983744635076	85	85	0.644932209966586	0.903984175577239
ko.K06218	Sex_and_consortia	Female_NS1	-0.069047267037683	0.11212650634701	85	85	0.539712956210476	0.903984175577239
ko.K18353	Sex_and_consortia	Female_NS1	0.10551464340676	0.0947294678830266	85	85	0.268557729144084	0.903984175577239
ko.K02371	Sex_and_consortia	Female_NS1	-0.0443114301704092	0.0317878898217804	85	85	0.167046888019881	0.903984175577239
ko.K16055	Sex_and_consortia	Female_NS1	-0.0659160876649587	0.0689625090304572	85	85	0.341936380791282	0.903984175577239
ko.K09138	Sex_and_consortia	Female_NS1	0.233183126871335	0.271613510709276	85	64	0.393083001294186	0.903984175577239
ko.K09696	Sex_and_consortia	Female_NS1	0.295354802109981	0.274128101961148	85	63	0.284408195800699	0.903984175577239
ko.K13787	Sex_and_consortia	Female_NS1	0.205724944622089	0.103030981260255	85	85	0.0491320933008462	0.903984175577239
ko.K10008	Sex_and_consortia	Female_NS1	0.17498346501021	0.0957584231770573	85	85	0.0712422480576041	0.903984175577239
ko.K10041	Sex_and_consortia	Female_NS1	-0.0419373155172627	0.0791410925972375	85	85	0.597592024516345	0.903984175577239
ko.K10039	Sex_and_consortia	Female_NS1	-0.264583252976681	0.154856628037712	85	85	0.0912680628145874	0.903984175577239
ko.K00177	Sex_and_consortia	Female_NS1	-0.0419831852511737	0.033136445539886	85	85	0.208706373914776	0.903984175577239
ko.K00175	Sex_and_consortia	Female_NS1	-0.0465665928655742	0.0330805363636205	85	85	0.162962038084346	0.903984175577239
ko.K00174	Sex_and_consortia	Female_NS1	-0.0465665928655742	0.0330805363636205	85	85	0.162962038084346	0.903984175577239
ko.K00176	Sex_and_consortia	Female_NS1	0.00980839968551299	0.013710987639562	85	85	0.476389347906248	0.903984175577239
ko.K05919	Sex_and_consortia	Female_NS1	0.0405528611184766	0.0850300115296043	85	85	0.634669501003783	0.903984175577239
ko.K01496	Sex_and_consortia	Female_NS1	0.0928515289885922	0.0655019985840735	85	85	0.160069077736105	0.903984175577239
ko.K09005	Sex_and_consortia	Female_NS1	0.33554236741161	0.163288235157942	85	83	0.0430328809407248	0.903984175577239
ko.K02282	Sex_and_consortia	Female_NS1	0.176961664694685	0.0965300972991581	85	85	0.070353746044129	0.903984175577239
ko.K02502	Sex_and_consortia	Female_NS1	0.0451349322186351	0.0793089108042122	85	85	0.570823175663434	0.903984175577239
ko.K08884	Sex_and_consortia	Female_NS1	-0.0139684135323657	0.0161112876220121	85	85	0.388444070743784	0.903984175577239
ko.K05020	Sex_and_consortia	Female_NS1	0.0605970365708003	0.0918788327353244	85	85	0.511380038236129	0.903984175577239
ko.K21929	Sex_and_consortia	Female_NS1	0.0945673065654452	0.0908333708146169	85	85	0.300848814417193	0.903984175577239
ko.K00030	Sex_and_consortia	Female_NS1	0.33554236741161	0.163288235157942	85	83	0.0430328809407248	0.903984175577239
ko.K01678	Sex_and_consortia	Female_NS1	0.046325329208905	0.0750737351126574	85	85	0.538881345199686	0.903984175577239
ko.K07696	Sex_and_consortia	Female_NS1	0.0582193506338006	0.0709728075535279	85	85	0.414391872139443	0.903984175577239
ko.K03744	Sex_and_consortia	Female_NS1	-0.0411994498509013	0.032298897811257	85	85	0.205666687434511	0.903984175577239
ko.K13963	Sex_and_consortia	Female_NS1	-0.0282008559856009	0.0410260683840773	85	85	0.493754151193366	0.903984175577239
ko.K20490	Sex_and_consortia	Female_NS1	0.2996925231042	0.163067560085641	85	83	0.0696635128138514	0.903984175577239
ko.K20491	Sex_and_consortia	Female_NS1	0.2996925231042	0.163067560085641	85	83	0.0696635128138514	0.903984175577239
ko.K07339	Sex_and_consortia	Female_NS1	-0.25065214732111	0.18803820479981	85	85	0.186184103983016	0.903984175577239
ko.K20492	Sex_and_consortia	Female_NS1	0.2996925231042	0.163067560085641	85	83	0.0696635128138514	0.903984175577239
ko.K12952	Sex_and_consortia	Female_NS1	-0.0741031936791576	0.0845961695884154	85	85	0.383577723565759	0.903984175577239
ko.K01251	Sex_and_consortia	Female_NS1	0.0807969525265086	0.0772385071291934	85	85	0.298565198781078	0.903984175577239
ko.K06898	Sex_and_consortia	Female_NS1	0.0971805209674322	0.0660514121823554	85	85	0.14499513594059	0.903984175577239
ko.K20859	Sex_and_consortia	Female_NS1	0.140219849444833	0.0985280393029447	85	85	0.158441657418026	0.903984175577239
ko.K11041	Sex_and_consortia	Female_NS1	-0.477884668294985	0.234588273054507	85	85	0.0448244946855967	0.903984175577239
ko.K09121	Sex_and_consortia	Female_NS1	0.0976942353253703	0.0659633650738428	85	85	0.14238287002797	0.903984175577239
ko.K09153	Sex_and_consortia	Female_NS1	0.0585136104256621	0.0870622942254425	85	85	0.50339363362137	0.903984175577239
ko.K04094	Sex_and_consortia	Female_NS1	-0.105476672560702	0.0652585234338548	85	85	0.109826571324464	0.903984175577239
ko.K06909	Sex_and_consortia	Female_NS1	-0.0598281724727574	0.0885891278647545	85	85	0.50133414222004	0.903984175577239
ko.K06001	Sex_and_consortia	Female_NS1	0.00624172192196347	0.0143574176913486	85	85	0.664880491214741	0.903984175577239
ko.K18704	Sex_and_consortia	Female_NS1	0.295354802109981	0.274128101961148	85	63	0.284408195800699	0.903984175577239
ko.K05352	Sex_and_consortia	Female_NS1	0.295354802109981	0.274128101961148	85	63	0.284408195800699	0.903984175577239
ko.K21030	Sex_and_consortia	Female_NS1	0.295354802109981	0.274128101961148	85	63	0.284408195800699	0.903984175577239
ko.K00100	Sex_and_consortia	Female_NS1	0.0534408618559507	0.0879958869622552	85	85	0.545302525657706	0.903984175577239
ko.K06236	Sex_and_consortia	Female_NS1	0.295354802109981	0.274128101961148	85	63	0.284408195800699	0.903984175577239
ko.K07061	Sex_and_consortia	Female_NS1	0.295354802109981	0.274128101961148	85	63	0.284408195800699	0.903984175577239
ko.K07776	Sex_and_consortia	Female_NS1	0.126798458609756	0.0971797751811256	85	85	0.195573067635355	0.903984175577239
ko.K00038	Sex_and_consortia	Female_NS1	0.295354802109981	0.274128101961148	85	63	0.284408195800699	0.903984175577239
ko.K13993	Sex_and_consortia	Female_NS1	-0.0475221045869394	0.0341681855889494	85	85	0.167994884797149	0.903984175577239
ko.K00172	Sex_and_consortia	Female_NS1	-0.207282735915706	0.177315803828984	85	85	0.245748783980766	0.903984175577239
ko.K00169	Sex_and_consortia	Female_NS1	0.0344227832183987	0.0791043502135072	85	85	0.664578184186461	0.903984175577239
ko.K00170	Sex_and_consortia	Female_NS1	0.0344227832183987	0.0791043502135072	85	85	0.664578184186461	0.903984175577239
ko.K16214	Sex_and_consortia	Female_NS1	0.295354802109981	0.274128101961148	85	63	0.284408195800699	0.903984175577239
ko.K01201	Sex_and_consortia	Female_NS1	-0.0600296043689577	0.040592173942951	85	85	0.142966568589673	0.903984175577239
ko.K18363	Sex_and_consortia	Female_NS1	0.295354802109981	0.274128101961148	85	63	0.284408195800699	0.903984175577239
ko.K21309	Sex_and_consortia	Female_NS1	0.295354802109981	0.274128101961148	85	63	0.284408195800699	0.903984175577239
ko.K02291	Sex_and_consortia	Female_NS1	0.0899499222226807	0.0955553550727765	85	85	0.349263232225656	0.903984175577239
ko.K07448	Sex_and_consortia	Female_NS1	0.0851881083468912	0.0709067962479421	85	85	0.233009347806755	0.903984175577239
ko.K11144	Sex_and_consortia	Female_NS1	-0.471157491414884	0.234639327449548	85	85	0.0478950947334899	0.903984175577239
ko.K07485	Sex_and_consortia	Female_NS1	0.127676600375052	0.092826719899742	85	85	0.172699242112147	0.903984175577239
ko.K15051	Sex_and_consortia	Female_NS1	-0.0830152729736482	0.0875388365217219	85	85	0.34571700217812	0.903984175577239
ko.K09834	Sex_and_consortia	Female_NS1	0.295354802109981	0.274128101961148	85	63	0.284408195800699	0.903984175577239
ko.K01482	Sex_and_consortia	Female_NS1	0.33554236741161	0.163288235157942	85	83	0.0430328809407248	0.903984175577239
ko.K18930	Sex_and_consortia	Female_NS1	-0.0699567288973248	0.0572982400099938	85	85	0.225572259029334	0.903984175577239
ko.K04749	Sex_and_consortia	Female_NS1	0.0587824755360491	0.0833296380592508	85	85	0.482523392993912	0.903984175577239
ko.K22227	Sex_and_consortia	Female_NS1	-0.0589061653346133	0.0616873451118079	85	85	0.342393690790869	0.903984175577239
ko.K01571	Sex_and_consortia	Female_NS1	0.0650569145265562	0.066169939256975	85	85	0.328376518801913	0.903984175577239
ko.K08372	Sex_and_consortia	Female_NS1	0.0706328507628802	0.0648156172469389	85	85	0.278976879699781	0.903984175577239
ko.K21379	Sex_and_consortia	Female_NS1	-0.0659615793316424	0.0700474170651939	85	85	0.349094173231945	0.903984175577239
ko.K16697	Sex_and_consortia	Female_NS1	0.295354802109981	0.274128101961148	85	63	0.284408195800699	0.903984175577239
ko.K15898	Sex_and_consortia	Female_NS1	-0.0601353345722067	0.0647964722034837	85	85	0.356064939089604	0.903984175577239
ko.K15899	Sex_and_consortia	Female_NS1	0.295354802109981	0.274128101961148	85	63	0.284408195800699	0.903984175577239
ko.K18431	Sex_and_consortia	Female_NS1	-0.0794438732877175	0.112882569956953	85	85	0.483542956226164	0.903984175577239
ko.K07755	Sex_and_consortia	Female_NS1	0.295354802109981	0.274128101961148	85	63	0.284408195800699	0.903984175577239
ko.K19180	Sex_and_consortia	Female_NS1	0.295354802109981	0.274128101961148	85	63	0.284408195800699	0.903984175577239
ko.K17882	Sex_and_consortia	Female_NS1	0.295354802109981	0.274128101961148	85	63	0.284408195800699	0.903984175577239
ko.K07005	Sex_and_consortia	Female_NS1	0.00766252231121603	0.0153157928645974	85	85	0.618186393590568	0.903984175577239
ko.K00003	Sex_and_consortia	Female_NS1	0.0888810078370042	0.0675034098121228	85	85	0.191566959582257	0.903984175577239
ko.K07341	Sex_and_consortia	Female_NS1	-0.109662210576575	0.0643382186763806	85	85	0.0920352139996204	0.903984175577239
ko.K01740	Sex_and_consortia	Female_NS1	0.00853364573834047	0.0127255395880149	85	85	0.504342181854897	0.903984175577239
ko.K03709	Sex_and_consortia	Female_NS1	0.0883397915071751	0.0866911825698718	85	85	0.311156017915121	0.903984175577239
ko.K00018	Sex_and_consortia	Female_NS1	-0.0239585840966625	0.0371110743879281	85	85	0.520324924552965	0.903984175577239
ko.K07704	Sex_and_consortia	Female_NS1	0.0592280397013463	0.0870076838362695	85	85	0.497942095318867	0.903984175577239
ko.K03813	Sex_and_consortia	Female_NS1	-0.20453507250521	0.177065804129238	85	85	0.251349475395203	0.903984175577239
ko.K12960	Sex_and_consortia	Female_NS1	0.0717482496102161	0.0602011578901729	85	85	0.236732981983514	0.903984175577239
ko.K14982	Sex_and_consortia	Female_NS1	-0.473501671613951	0.23475103185591	85	85	0.0469239611230715	0.903984175577239
ko.K15868	Sex_and_consortia	Female_NS1	0.295354802109981	0.274128101961148	85	63	0.284408195800699	0.903984175577239
ko.K18356	Sex_and_consortia	Female_NS1	-0.20453507250521	0.177065804129238	85	85	0.251349475395203	0.903984175577239
ko.K17810	Sex_and_consortia	Female_NS1	-0.072957815895166	0.0788970860177835	85	85	0.357791647359638	0.903984175577239
ko.K01523	Sex_and_consortia	Female_NS1	0.0794097586841867	0.0594196859126073	85	85	0.185063643232221	0.903984175577239
ko.K22278	Sex_and_consortia	Female_NS1	0.076947921424572	0.0529265762654015	85	85	0.149755606125069	0.903984175577239
ko.K18640	Sex_and_consortia	Female_NS1	0.0378843279339357	0.0765721827282106	85	85	0.622081505381605	0.903984175577239
ko.K06864	Sex_and_consortia	Female_NS1	0.0971805209674322	0.0660514121823554	85	85	0.14499513594059	0.903984175577239
ko.K07334	Sex_and_consortia	Female_NS1	-0.0607167221094646	0.0413100155726966	85	85	0.145401310285978	0.903984175577239
ko.K02435	Sex_and_consortia	Female_NS1	0.0814614507496225	0.0657864690220726	85	85	0.219106691814805	0.903984175577239
ko.K02433	Sex_and_consortia	Female_NS1	0.0752121289590651	0.0651675433390742	85	85	0.251757297161547	0.903984175577239
ko.K02434	Sex_and_consortia	Female_NS1	0.0814614507496225	0.0657864690220726	85	85	0.219106691814805	0.903984175577239
ko.K19341	Sex_and_consortia	Female_NS1	0.295354802109981	0.274128101961148	85	63	0.284408195800699	0.903984175577239
ko.K05306	Sex_and_consortia	Female_NS1	-0.0448225773251401	0.036174729533586	85	85	0.218816583775836	0.903984175577239
ko.K21701	Sex_and_consortia	Female_NS1	0.295354802109981	0.274128101961148	85	63	0.284408195800699	0.903984175577239
ko.K02203	Sex_and_consortia	Female_NS1	0.0609828256956205	0.070828500831976	85	85	0.391722483242336	0.903984175577239
ko.K16927	Sex_and_consortia	Female_NS1	-0.369028198824928	0.185000127276075	85	85	0.0493524199380957	0.903984175577239
ko.K04041	Sex_and_consortia	Female_NS1	-0.0429620087117484	0.0305669125013339	85	85	0.163602785259398	0.903984175577239
ko.K14086	Sex_and_consortia	Female_NS1	0.0480042288919263	0.0887535782389415	85	85	0.59004521891154	0.903984175577239
ko.K02359	Sex_and_consortia	Female_NS1	0.295354802109981	0.274128101961148	85	63	0.284408195800699	0.903984175577239
ko.K19003	Sex_and_consortia	Female_NS1	0.295354802109981	0.274128101961148	85	63	0.284408195800699	0.903984175577239
ko.K00613	Sex_and_consortia	Female_NS1	0.295354802109981	0.274128101961148	85	63	0.284408195800699	0.903984175577239
ko.K06714	Sex_and_consortia	Female_NS1	0.0564404244330774	0.0680440339474397	85	85	0.409218248691545	0.903984175577239
ko.K18013	Sex_and_consortia	Female_NS1	0.0552146082434169	0.0671383284565519	85	85	0.413205289230944	0.903984175577239
ko.K17735	Sex_and_consortia	Female_NS1	0.0635865121150634	0.0678697976778346	85	85	0.351533467106782	0.903984175577239
ko.K16203	Sex_and_consortia	Female_NS1	0.0578500914361289	0.0728570924001908	85	85	0.429447305247423	0.903984175577239
ko.K01683	Sex_and_consortia	Female_NS1	0.0537366082401494	0.0776505224502371	85	85	0.490848997135679	0.903984175577239
ko.K15024	Sex_and_consortia	Female_NS1	0.0389666855592205	0.0803444070494273	85	85	0.628957065465347	0.903984175577239
ko.K00008	Sex_and_consortia	Female_NS1	0.0500923199649022	0.0784333587245909	85	85	0.524802006587289	0.903984175577239
ko.K03090	Sex_and_consortia	Female_NS1	0.0666700451533942	0.0719280679556665	85	85	0.35666650818999	0.903984175577239
ko.K14445	Sex_and_consortia	Female_NS1	0.0915751018121904	0.0738904796278352	85	85	0.218714224953633	0.903984175577239
ko.K03405	Sex_and_consortia	Female_NS1	0.0595611347459913	0.0735285764212708	85	85	0.420233200995209	0.903984175577239
ko.K12950	Sex_and_consortia	Female_NS1	0.0588465594537428	0.0704263821309789	85	85	0.405792685495773	0.903984175577239
ko.K03404	Sex_and_consortia	Female_NS1	0.0595611347459913	0.0735285764212708	85	85	0.420233200995209	0.903984175577239
ko.K17865	Sex_and_consortia	Female_NS1	0.0595611347459913	0.0735285764212708	85	85	0.420233200995209	0.903984175577239
ko.K01640	Sex_and_consortia	Female_NS1	0.0511347445720506	0.0771458484921132	85	85	0.509274662485563	0.903984175577239
ko.K06410	Sex_and_consortia	Female_NS1	0.0588465594537428	0.0704263821309789	85	85	0.405792685495773	0.903984175577239
ko.K18234	Sex_and_consortia	Female_NS1	-0.041748016259664	0.0303021477922191	85	85	0.17199178312393	0.903984175577239
ko.K02171	Sex_and_consortia	Female_NS1	-0.0481994599078829	0.0900785923827682	85	85	0.594023664428236	0.903984175577239
ko.K18012	Sex_and_consortia	Female_NS1	0.0595611347459913	0.0735285764212708	85	85	0.420233200995209	0.903984175577239
ko.K20765	Sex_and_consortia	Female_NS1	0.0595611347459913	0.0735285764212708	85	85	0.420233200995209	0.903984175577239
ko.K07216	Sex_and_consortia	Female_NS1	0.0588749529950102	0.0704253705481971	85	85	0.405560415789815	0.903984175577239
ko.K21898	Sex_and_consortia	Female_NS1	0.0595611347459913	0.0735285764212708	85	85	0.420233200995209	0.903984175577239
ko.K01179	Sex_and_consortia	Female_NS1	-0.0654211014333638	0.0718382016795208	85	85	0.365104959388913	0.903984175577239
ko.K13626	Sex_and_consortia	Female_NS1	0.0454799465420965	0.0751726625387989	85	85	0.546825277528687	0.903984175577239
ko.K17733	Sex_and_consortia	Female_NS1	0.0990944345111035	0.0676404654092294	85	85	0.146694100364394	0.903984175577239
ko.K06306	Sex_and_consortia	Female_NS1	0.0454632928891455	0.0751737410339659	85	85	0.54697751899065	0.903984175577239
ko.K02585	Sex_and_consortia	Female_NS1	0.0595611347459914	0.0735285764212708	85	85	0.420233200995208	0.903984175577239
ko.K18014	Sex_and_consortia	Female_NS1	0.0595611347459913	0.0735285764212708	85	85	0.420233200995209	0.903984175577239
ko.K17316	Sex_and_consortia	Female_NS1	0.0462782960988608	0.0795337163340434	85	85	0.562231265955029	0.903984175577239
ko.K01583	Sex_and_consortia	Female_NS1	0.0595611347459914	0.0735285764212708	85	85	0.420233200995208	0.903984175577239
ko.K06921	Sex_and_consortia	Female_NS1	-0.0538069519525356	0.0385110795015985	85	85	0.166083210253118	0.903984175577239
ko.K03315	Sex_and_consortia	Female_NS1	-0.046621416849932	0.0302736059682311	85	85	0.127363819760239	0.903984175577239
ko.K09163	Sex_and_consortia	Female_NS1	0.0595611347459914	0.0735285764212708	85	85	0.420233200995208	0.903984175577239
ko.K19350	Sex_and_consortia	Female_NS1	-0.121392578812249	0.0710195976154189	85	85	0.0911352063979367	0.903984175577239
ko.K00986	Sex_and_consortia	Female_NS1	-0.0586879169232757	0.0525105704257685	85	85	0.266945395464829	0.903984175577239
ko.K02587	Sex_and_consortia	Female_NS1	0.0575850298771023	0.074848649519139	85	85	0.443867746627375	0.903984175577239
ko.K02591	Sex_and_consortia	Female_NS1	0.0595611347459914	0.0735285764212708	85	85	0.420233200995208	0.903984175577239
ko.K07138	Sex_and_consortia	Female_NS1	0.00694817651262253	0.0159029914928035	85	85	0.663311185582252	0.903984175577239
ko.K06296	Sex_and_consortia	Female_NS1	0.0595611347459914	0.0735285764212708	85	85	0.420233200995208	0.903984175577239
ko.K06297	Sex_and_consortia	Female_NS1	0.0595611347459914	0.0735285764212708	85	85	0.420233200995208	0.903984175577239
ko.K06310	Sex_and_consortia	Female_NS1	0.0595611347459914	0.0735285764212708	85	85	0.420233200995208	0.903984175577239
ko.K06317	Sex_and_consortia	Female_NS1	0.0595611347459914	0.0735285764212708	85	85	0.420233200995208	0.903984175577239
ko.K18344	Sex_and_consortia	Female_NS1	0.057943598041102	0.0735814870928766	85	85	0.433246756642567	0.903984175577239
ko.K18345	Sex_and_consortia	Female_NS1	0.057943598041102	0.0735814870928766	85	85	0.433246756642567	0.903984175577239
ko.K10953	Sex_and_consortia	Female_NS1	0.0595611347459914	0.0735285764212708	85	85	0.420233200995208	0.903984175577239
ko.K19309	Sex_and_consortia	Female_NS1	-0.0437775144758608	0.0888996254526209	85	85	0.623710157498396	0.903984175577239
ko.K03300	Sex_and_consortia	Female_NS1	-0.121392578812249	0.0710195976154189	85	85	0.0911352063979367	0.903984175577239
ko.K17490	Sex_and_consortia	Female_NS1	0.0595611347459914	0.0735285764212708	85	85	0.420233200995208	0.903984175577239
ko.K06923	Sex_and_consortia	Female_NS1	0.0426213112563088	0.0806439845025688	85	85	0.598554443307114	0.903984175577239
ko.K13820	Sex_and_consortia	Female_NS1	0.0426413967333213	0.0806431208411601	85	85	0.598378491348507	0.903984175577239
ko.K18814	Sex_and_consortia	Female_NS1	0.0595611347459914	0.0735285764212708	85	85	0.420233200995208	0.903984175577239
ko.K03410	Sex_and_consortia	Female_NS1	0.0423663995464934	0.0806423703591174	85	85	0.600732575776145	0.903984175577239
ko.K03411	Sex_and_consortia	Female_NS1	0.0423663995464934	0.0806423703591174	85	85	0.600732575776145	0.903984175577239
ko.K02230	Sex_and_consortia	Female_NS1	-0.0540140170745491	0.0439116108868077	85	85	0.222148865778288	0.903984175577239
ko.K00054	Sex_and_consortia	Female_NS1	-0.128953972830419	0.0698605157547331	85	85	0.068475224952155	0.903984175577239
ko.K05593	Sex_and_consortia	Female_NS1	-0.044685364982741	0.0463520308320572	85	85	0.337824639983404	0.903984175577239
ko.K03415	Sex_and_consortia	Female_NS1	0.057943598041102	0.0735814870928766	85	85	0.433246756642567	0.903984175577239
ko.K09820	Sex_and_consortia	Female_NS1	0.0838164032084936	0.071948298651213	85	85	0.247375179528206	0.903984175577239
ko.K21417	Sex_and_consortia	Female_NS1	0.0638303128788939	0.075589108218524	85	85	0.400852149548542	0.903984175577239
ko.K21416	Sex_and_consortia	Female_NS1	0.0599533846399225	0.0735912594695023	85	85	0.41758647863912	0.903984175577239
ko.K07162	Sex_and_consortia	Female_NS1	0.0595611347459914	0.0735285764212708	85	85	0.420233200995208	0.903984175577239
ko.K02385	Sex_and_consortia	Female_NS1	0.0426413967333213	0.0806431208411601	85	85	0.598378491348507	0.903984175577239
ko.K00284	Sex_and_consortia	Female_NS1	-0.0443733285536725	0.0326913488710905	85	85	0.178352108479902	0.903984175577239
ko.K01697	Sex_and_consortia	Female_NS1	0.0679201619178517	0.0618329294808985	85	85	0.275185820606414	0.903984175577239
ko.K21563	Sex_and_consortia	Female_NS1	0.0595611347459914	0.0735285764212708	85	85	0.420233200995208	0.903984175577239
ko.K05606	Sex_and_consortia	Female_NS1	-0.0125229446382541	0.0187885742840496	85	85	0.506927846655101	0.903984175577239
ko.K01849	Sex_and_consortia	Female_NS1	0.0595611347459914	0.0735285764212708	85	85	0.420233200995208	0.903984175577239
ko.K21832	Sex_and_consortia	Female_NS1	0.0595611347459914	0.0735285764212708	85	85	0.420233200995208	0.903984175577239
ko.K14731	Sex_and_consortia	Female_NS1	0.0426213112563088	0.0806439845025688	85	85	0.598554443307114	0.903984175577239
ko.K02588	Sex_and_consortia	Female_NS1	0.0551837273796333	0.0759389455737675	85	85	0.469463204164952	0.903984175577239
ko.K04037	Sex_and_consortia	Female_NS1	0.0595611347459914	0.0735285764212708	85	85	0.420233200995208	0.903984175577239
ko.K18122	Sex_and_consortia	Female_NS1	0.0595611347459914	0.0735285764212708	85	85	0.420233200995208	0.903984175577239
ko.K01965	Sex_and_consortia	Female_NS1	-0.0523854775309395	0.0334244040322898	85	85	0.120853535941618	0.903984175577239
ko.K01615	Sex_and_consortia	Female_NS1	0.0595611347459914	0.0735285764212708	85	85	0.420233200995208	0.903984175577239
ko.K01572	Sex_and_consortia	Female_NS1	-0.0164806073640406	0.0108094530612007	85	85	0.131148478358796	0.903984175577239
ko.K07217	Sex_and_consortia	Female_NS1	-0.0477025387972186	0.0980418847936616	85	85	0.627857697325069	0.903984175577239
ko.K11689	Sex_and_consortia	Female_NS1	0.053339388674891	0.0848471459149741	85	85	0.531302698667166	0.903984175577239
ko.K18369	Sex_and_consortia	Female_NS1	-0.0430827407176054	0.0321903184010589	85	85	0.184428813846719	0.903984175577239
ko.K11690	Sex_and_consortia	Female_NS1	0.0575850298771023	0.074848649519139	85	85	0.443867746627375	0.903984175577239
ko.K01621	Sex_and_consortia	Female_NS1	0.0785059300286016	0.0606242666803665	85	85	0.198925068525781	0.903984175577239
ko.K20038	Sex_and_consortia	Female_NS1	0.046755844639944	0.0820918819473562	85	85	0.570517829891828	0.903984175577239
ko.K11624	Sex_and_consortia	Female_NS1	0.0564054097902397	0.0736707061842403	85	85	0.446060987514912	0.903984175577239
ko.K01281	Sex_and_consortia	Female_NS1	0.0595611347459914	0.0735285764212708	85	85	0.420233200995208	0.903984175577239
ko.K20975	Sex_and_consortia	Female_NS1	0.0595611347459914	0.0735285764212708	85	85	0.420233200995208	0.903984175577239
ko.K16925	Sex_and_consortia	Female_NS1	0.0743081739016446	0.0547279417589798	85	85	0.178215378626541	0.903984175577239
ko.K15598	Sex_and_consortia	Female_NS1	0.0595611347459914	0.0735285764212708	85	85	0.420233200995208	0.903984175577239
ko.K21559	Sex_and_consortia	Female_NS1	0.0595611347459914	0.0735285764212708	85	85	0.420233200995208	0.903984175577239
ko.K06313	Sex_and_consortia	Female_NS1	0.0595611347459914	0.0735285764212708	85	85	0.420233200995208	0.903984175577239
ko.K08978	Sex_and_consortia	Female_NS1	-0.043349267286709	0.0302978816590027	85	85	0.156250702146322	0.903984175577239
ko.K06928	Sex_and_consortia	Female_NS1	0.057943598041102	0.0735814870928766	85	85	0.433246756642567	0.903984175577239
ko.K19701	Sex_and_consortia	Female_NS1	0.104389760034343	0.0874291106131617	85	85	0.235881947650091	0.903984175577239
ko.K13922	Sex_and_consortia	Female_NS1	0.0545082607736341	0.0784059372510346	85	85	0.488868147896279	0.903984175577239
ko.K01576	Sex_and_consortia	Female_NS1	0.0595611347459914	0.0735285764212708	85	85	0.420233200995208	0.903984175577239
ko.K17240	Sex_and_consortia	Female_NS1	0.0462782960988608	0.0795337163340434	85	85	0.562231265955029	0.903984175577239
ko.K11184	Sex_and_consortia	Female_NS1	0.0571533711888102	0.0748900574530214	85	85	0.44752952465321	0.903984175577239
ko.K06998	Sex_and_consortia	Female_NS1	0.042898741024697	0.0806458662358563	85	85	0.596188723235366	0.903984175577239
ko.K20452	Sex_and_consortia	Female_NS1	0.0465390094496403	0.079533725122921	85	85	0.560035618403398	0.903984175577239
ko.K20453	Sex_and_consortia	Female_NS1	0.0465390094496403	0.079533725122921	85	85	0.560035618403398	0.903984175577239
ko.K01406	Sex_and_consortia	Female_NS1	0.0595611347459914	0.0735285764212708	85	85	0.420233200995208	0.903984175577239
ko.K07652	Sex_and_consortia	Female_NS1	-0.12928846056942	0.0698303079731462	85	85	0.0676587938975061	0.903984175577239
ko.K07474	Sex_and_consortia	Female_NS1	0.0577241761075777	0.0748566025917836	85	85	0.442819586694885	0.903984175577239
ko.K18856	Sex_and_consortia	Female_NS1	0.0595611347459914	0.0735285764212708	85	85	0.420233200995208	0.903984175577239
ko.K18866	Sex_and_consortia	Female_NS1	0.0595611347459914	0.0735285764212708	85	85	0.420233200995208	0.903984175577239
ko.K18348	Sex_and_consortia	Female_NS1	0.0595611347459914	0.0735285764212708	85	85	0.420233200995208	0.903984175577239
ko.K09775	Sex_and_consortia	Female_NS1	0.0426213112563088	0.0806439845025688	85	85	0.598554443307114	0.903984175577239
ko.K01596	Sex_and_consortia	Female_NS1	0.104389760034343	0.0874291106131617	85	85	0.235881947650091	0.903984175577239
ko.K07650	Sex_and_consortia	Female_NS1	0.0595611347459914	0.0735285764212708	85	85	0.420233200995208	0.903984175577239
ko.K07770	Sex_and_consortia	Female_NS1	0.0595611347459914	0.0735285764212708	85	85	0.420233200995208	0.903984175577239
ko.K11529	Sex_and_consortia	Female_NS1	0.047309617043054	0.0799142681159301	85	85	0.555456704095876	0.903984175577239
ko.K01198	Sex_and_consortia	Female_NS1	-0.0436927143866194	0.0461794618252854	85	85	0.346818303635273	0.903984175577239
ko.K16881	Sex_and_consortia	Female_NS1	0.0387584855755477	0.0820250873639795	85	85	0.637795865777867	0.903984175577239
ko.K09769	Sex_and_consortia	Female_NS1	0.089565735524465	0.0877660248785637	85	85	0.310454016948962	0.903984175577239
ko.K17898	Sex_and_consortia	Female_NS1	0.0595611347459914	0.0735285764212708	85	85	0.420233200995208	0.903984175577239
ko.K17899	Sex_and_consortia	Female_NS1	0.0595611347459914	0.0735285764212708	85	85	0.420233200995208	0.903984175577239
ko.K21400	Sex_and_consortia	Female_NS1	0.0595611347459914	0.0735285764212708	85	85	0.420233200995208	0.903984175577239
ko.K21399	Sex_and_consortia	Female_NS1	0.0595611347459914	0.0735285764212708	85	85	0.420233200995208	0.903984175577239
ko.K21672	Sex_and_consortia	Female_NS1	0.0585510317211983	0.0720293167366318	85	85	0.418613708303857	0.903984175577239
ko.K22431	Sex_and_consortia	Female_NS1	0.0445447100342335	0.0826188398076126	85	85	0.591220335740499	0.903984175577239
ko.K00282	Sex_and_consortia	Female_NS1	0.0548073344356401	0.0790626416254967	85	85	0.490110536605961	0.903984175577239
ko.K18220	Sex_and_consortia	Female_NS1	-0.0425660660195484	0.0334733188701985	85	85	0.207052235256424	0.903984175577239
ko.K07576	Sex_and_consortia	Female_NS1	0.0964204748344988	0.0661029928807306	85	85	0.148438188173226	0.903984175577239
ko.K13921	Sex_and_consortia	Female_NS1	0.0635179637453129	0.0755772388055704	85	85	0.403077575487809	0.903984175577239
ko.K06411	Sex_and_consortia	Female_NS1	0.0571533711888102	0.0748900574530214	85	85	0.44752952465321	0.903984175577239
ko.K01844	Sex_and_consortia	Female_NS1	0.0595611347459914	0.0735285764212708	85	85	0.420233200995208	0.903984175577239
ko.K17818	Sex_and_consortia	Female_NS1	0.0679470091508485	0.0618334924571849	85	85	0.275001814641882	0.903984175577239
ko.K06859	Sex_and_consortia	Female_NS1	-0.0620457034993829	0.0935447375840391	85	85	0.508993690412717	0.903984175577239
ko.K18011	Sex_and_consortia	Female_NS1	0.0595611347459914	0.0735285764212708	85	85	0.420233200995208	0.903984175577239
ko.K02224	Sex_and_consortia	Female_NS1	0.00886223527914284	0.0140416204906002	85	85	0.529682919832845	0.903984175577239
ko.K00728	Sex_and_consortia	Female_NS1	0.0595611347459914	0.0735285764212708	85	85	0.420233200995208	0.903984175577239
ko.K19814	Sex_and_consortia	Female_NS1	0.0575850298771023	0.074848649519139	85	85	0.443867746627375	0.903984175577239
ko.K18331	Sex_and_consortia	Female_NS1	-0.0549384208947147	0.0421490871968059	85	85	0.196031719447964	0.903984175577239
ko.K11891	Sex_and_consortia	Female_NS1	0.0595611347459914	0.0735285764212708	85	85	0.420233200995208	0.903984175577239
ko.K06908	Sex_and_consortia	Female_NS1	0.0595611347459914	0.0735285764212708	85	85	0.420233200995208	0.903984175577239
ko.K22339	Sex_and_consortia	Female_NS1	0.0571934359216138	0.0748906264663996	85	85	0.447215764107321	0.903984175577239
ko.K18330	Sex_and_consortia	Female_NS1	-0.0483750680138659	0.0373328658685184	85	85	0.198644281454606	0.903984175577239
ko.K22340	Sex_and_consortia	Female_NS1	0.0571934359216138	0.0748906264663996	85	85	0.447215764107321	0.903984175577239
ko.K07504	Sex_and_consortia	Female_NS1	-0.0565227478247296	0.0681980844201924	85	85	0.409593221815922	0.903984175577239
ko.K05988	Sex_and_consortia	Female_NS1	-0.0519571851305875	0.0476978033563956	85	85	0.279174549733902	0.903984175577239
ko.K21572	Sex_and_consortia	Female_NS1	-0.0568675658218527	0.0333462203376251	85	85	0.0918659644484072	0.903984175577239
ko.K05970	Sex_and_consortia	Female_NS1	-0.0115715670877888	0.0214558639260999	85	85	0.591110218344784	0.903984175577239
ko.K05989	Sex_and_consortia	Female_NS1	-0.0402359096294006	0.0370438222820277	85	85	0.280548030528043	0.903984175577239
ko.K03296	Sex_and_consortia	Female_NS1	-0.0204631470793901	0.0137443932566005	85	85	0.140320502775439	0.903984175577239
ko.K01205	Sex_and_consortia	Female_NS1	0.0361545245130073	0.0766351181864136	85	85	0.638325365016414	0.903984175577239
ko.K01960	Sex_and_consortia	Female_NS1	-0.0581427359716334	0.0354661009976254	85	85	0.104917395142382	0.903984175577239
ko.K09955	Sex_and_consortia	Female_NS1	-0.0370956667061286	0.0318368388112148	85	85	0.247283672845516	0.903984175577239
ko.K03332	Sex_and_consortia	Female_NS1	-0.0583617498632246	0.0363123761420163	85	85	0.111805292549856	0.903984175577239
ko.K01173	Sex_and_consortia	Female_NS1	-0.0651771037265596	0.0450293332304558	85	85	0.151541323101053	0.903984175577239
ko.K06113	Sex_and_consortia	Female_NS1	-0.0480055689615665	0.0325752184851919	85	85	0.144349414671088	0.903984175577239
ko.K07011	Sex_and_consortia	Female_NS1	-0.0442365143561798	0.0327037775336497	85	85	0.179843442468568	0.903984175577239
ko.K15727	Sex_and_consortia	Female_NS1	0.0614000552447453	0.0834517778620218	85	85	0.463954043590566	0.903984175577239
ko.K21571	Sex_and_consortia	Female_NS1	-0.0656037484224444	0.0600458128185715	85	85	0.277747429074464	0.903984175577239
ko.K19997	Sex_and_consortia	Female_NS1	-0.0633980037008753	0.044704329479709	85	85	0.159887066818356	0.903984175577239
ko.K01081	Sex_and_consortia	Female_NS1	-0.0203346279471123	0.0184522372380696	85	85	0.273640830593952	0.903984175577239
ko.K13004	Sex_and_consortia	Female_NS1	-0.0644213882385144	0.0474634286176508	85	85	0.17837009872858	0.903984175577239
ko.K01278	Sex_and_consortia	Female_NS1	-0.0546539135991723	0.0343052852044539	85	85	0.114924995082561	0.903984175577239
ko.K08961	Sex_and_consortia	Female_NS1	-0.0621010908821981	0.03874415745177	85	85	0.112766714766113	0.903984175577239
ko.K01372	Sex_and_consortia	Female_NS1	-0.0582067726440459	0.0335633291635043	85	85	0.0865886300683545	0.903984175577239
ko.K01817	Sex_and_consortia	Female_NS1	-0.0228440204724457	0.0116791990712408	85	85	0.0538339823699143	0.903984175577239
ko.K00226	Sex_and_consortia	Female_NS1	-0.0614055472353363	0.0315146916702567	85	85	0.0547373915434926	0.903984175577239
ko.K01209	Sex_and_consortia	Female_NS1	-0.0439264310693228	0.0334179632870648	85	85	0.192313712732234	0.903984175577239
ko.K00290	Sex_and_consortia	Female_NS1	-0.0203486000891451	0.0202983390661867	85	85	0.319027381628742	0.903984175577239
ko.K10206	Sex_and_consortia	Female_NS1	-0.04621645328834	0.031491693223079	85	85	0.145998731855167	0.903984175577239
ko.K09789	Sex_and_consortia	Female_NS1	-0.0582989357667179	0.0404367683925798	85	85	0.1531409094034	0.903984175577239
ko.K15725	Sex_and_consortia	Female_NS1	0.0694550829078917	0.0816803309780428	85	85	0.397589017048813	0.903984175577239
ko.K09469	Sex_and_consortia	Female_NS1	-0.0661548245445686	0.0703578871630091	85	85	0.349811815566414	0.903984175577239
ko.K19419	Sex_and_consortia	Female_NS1	-0.0603560789584876	0.0549794943016044	85	85	0.275469644152386	0.903984175577239
ko.K01573	Sex_and_consortia	Female_NS1	-0.0585880475030582	0.0374467272619929	85	85	0.121488575735966	0.903984175577239
ko.K08295	Sex_and_consortia	Female_NS1	-0.0594327587195668	0.0348778895247808	85	85	0.092117869679832	0.903984175577239
ko.K09459	Sex_and_consortia	Female_NS1	-0.0671975198297403	0.0679543778893403	85	85	0.325604563091782	0.903984175577239
ko.K18815	Sex_and_consortia	Female_NS1	-0.0685014041169204	0.0332461815095946	85	85	0.0424894881339064	0.903984175577239
ko.K01277	Sex_and_consortia	Female_NS1	-0.0594327587195668	0.0348778895247808	85	85	0.092117869679832	0.903984175577239
ko.K09011	Sex_and_consortia	Female_NS1	-0.0594327587195668	0.0348778895247808	85	85	0.092117869679832	0.903984175577239
ko.K01841	Sex_and_consortia	Female_NS1	-0.0693603592302631	0.050013443094133	85	85	0.169205698161656	0.903984175577239
ko.K06885	Sex_and_consortia	Female_NS1	-0.0539020072424556	0.0336277383776823	85	85	0.112755070507553	0.903984175577239
ko.K10764	Sex_and_consortia	Female_NS1	-0.0585880475030582	0.0374467272619929	85	85	0.121488575735966	0.903984175577239
ko.K00693	Sex_and_consortia	Female_NS1	-0.0585880475030582	0.0374467272619929	85	85	0.121488575735966	0.903984175577239
ko.K00691	Sex_and_consortia	Female_NS1	-0.0669195686712392	0.0483876849128625	85	85	0.170377937353097	0.903984175577239
ko.K16153	Sex_and_consortia	Female_NS1	-0.0610812034531716	0.0422401181832289	85	85	0.151929638590468	0.903984175577239
ko.K07078	Sex_and_consortia	Female_NS1	-0.0670795456824586	0.0327556927324955	85	85	0.0437338622697425	0.903984175577239
ko.K01224	Sex_and_consortia	Female_NS1	-0.0635956459717938	0.0785382995754836	85	85	0.42040471270723	0.903984175577239
ko.K02651	Sex_and_consortia	Female_NS1	-0.0674986355504819	0.0446405268112157	85	85	0.134319886625069	0.903984175577239
ko.K21574	Sex_and_consortia	Female_NS1	-0.0665488558180206	0.0697537357895629	85	85	0.34282648629744	0.903984175577239
ko.K21147	Sex_and_consortia	Female_NS1	-0.0566723106279005	0.0447435639728728	85	85	0.208840415555949	0.903984175577239
ko.K19286	Sex_and_consortia	Female_NS1	-0.0594327587195668	0.0348778895247808	85	85	0.092117869679832	0.903984175577239
ko.K18785	Sex_and_consortia	Female_NS1	-0.0567051303015812	0.0384157117153026	85	85	0.143703056653043	0.903984175577239
ko.K13421	Sex_and_consortia	Female_NS1	-0.0594327587195668	0.0348778895247808	85	85	0.092117869679832	0.903984175577239
ko.K01192	Sex_and_consortia	Female_NS1	-0.0326034498602937	0.0497673295856894	85	85	0.514203677386406	0.903984175577239
ko.K01634	Sex_and_consortia	Female_NS1	-0.0670972583421427	0.0327557933759933	85	85	0.0436802576530998	0.903984175577239
ko.K13015	Sex_and_consortia	Female_NS1	-0.0687461948931989	0.0351500124591804	85	85	0.0538535787539481	0.903984175577239
ko.K13012	Sex_and_consortia	Female_NS1	-0.113499414782925	0.108416750941727	85	85	0.2981936758032	0.903984175577239
ko.K19428	Sex_and_consortia	Female_NS1	-0.114955273248298	0.0981783546329025	85	85	0.244996847626568	0.903984175577239
ko.K01609	Sex_and_consortia	Female_NS1	0.0256934832867893	0.032123220137515	85	85	0.42608592366144	0.903984175577239
ko.K21573	Sex_and_consortia	Female_NS1	-0.062558493551866	0.0541634645192816	85	85	0.251407135533009	0.903984175577239
ko.K09702	Sex_and_consortia	Female_NS1	-0.0692133095360983	0.0589827414172074	85	85	0.24397172806909	0.903984175577239
ko.K02075	Sex_and_consortia	Female_NS1	-0.0599677735303669	0.0340131094834977	85	85	0.0815679463168306	0.903984175577239
ko.K14379	Sex_and_consortia	Female_NS1	-0.0597173423263631	0.038127623874894	85	85	0.121095271529207	0.903984175577239
ko.K16212	Sex_and_consortia	Female_NS1	-0.0577631628692282	0.0477710269576964	85	85	0.230031727490495	0.903984175577239
ko.K01144	Sex_and_consortia	Female_NS1	-0.0594327587195668	0.0348778895247808	85	85	0.092117869679832	0.903984175577239
ko.K10742	Sex_and_consortia	Female_NS1	-0.0576416024651753	0.0450613433161449	85	85	0.204398077326365	0.903984175577239
ko.K01745	Sex_and_consortia	Female_NS1	-0.0528340796348964	0.0328219049985613	85	85	0.111256018035456	0.903984175577239
ko.K01468	Sex_and_consortia	Female_NS1	-0.0594327587195668	0.0348778895247808	85	85	0.092117869679832	0.903984175577239
ko.K00603	Sex_and_consortia	Female_NS1	-0.0594327587195668	0.0348778895247808	85	85	0.092117869679832	0.903984175577239
ko.K13990	Sex_and_consortia	Female_NS1	-0.0594327587195668	0.0348778895247808	85	85	0.092117869679832	0.903984175577239
ko.K01712	Sex_and_consortia	Female_NS1	-0.0594327587195668	0.0348778895247808	85	85	0.092117869679832	0.903984175577239
ko.K12585	Sex_and_consortia	Female_NS1	-0.0594327587195668	0.0348778895247808	85	85	0.092117869679832	0.903984175577239
ko.K01067	Sex_and_consortia	Female_NS1	-0.0585880475030582	0.0374467272619929	85	85	0.121488575735966	0.903984175577239
ko.K00721	Sex_and_consortia	Female_NS1	-0.0465418427893033	0.0300528287817177	85	85	0.125266386928863	0.903984175577239
ko.K18300	Sex_and_consortia	Female_NS1	-0.0602088438384603	0.0329946346883145	85	85	0.0716279522490917	0.903984175577239
ko.K00895	Sex_and_consortia	Female_NS1	-0.0594327587195668	0.0348778895247808	85	85	0.092117869679832	0.903984175577239
ko.K00210	Sex_and_consortia	Female_NS1	-0.0577317858643235	0.0371519556591022	85	85	0.12400450978421	0.903984175577239
ko.K08676	Sex_and_consortia	Female_NS1	-0.050246951446141	0.0361144279383595	85	85	0.167844643014762	0.903984175577239
ko.K00259	Sex_and_consortia	Female_NS1	-0.0570214014349651	0.0348143816218181	85	85	0.1052348567698	0.903984175577239
ko.K01858	Sex_and_consortia	Female_NS1	-0.0597173423263631	0.038127623874894	85	85	0.121095271529207	0.903984175577239
ko.K00561	Sex_and_consortia	Female_NS1	-0.0657217922282279	0.0645247610558835	85	85	0.311375751853176	0.903984175577239
ko.K11707	Sex_and_consortia	Female_NS1	-0.0604213185429236	0.0339356382741342	85	85	0.0786586618518313	0.903984175577239
ko.K11527	Sex_and_consortia	Female_NS1	-0.0536015884923993	0.0307489984847239	85	85	0.0850022218105013	0.903984175577239
ko.K01768	Sex_and_consortia	Female_NS1	-0.060057680829647	0.036749422675963	85	85	0.105994294632678	0.903984175577239
ko.K07386	Sex_and_consortia	Female_NS1	-0.058110163682367	0.0305678028555834	85	85	0.0607693328572872	0.903984175577239
ko.K01057	Sex_and_consortia	Female_NS1	-0.0577317858643235	0.0371519556591022	85	85	0.12400450978421	0.903984175577239
ko.K08364	Sex_and_consortia	Female_NS1	-0.0672224519404209	0.0528654771491476	85	85	0.207075588423383	0.903984175577239
ko.K00351	Sex_and_consortia	Female_NS1	-0.0605990430734824	0.0373323441428458	85	85	0.108332158938309	0.903984175577239
ko.K00350	Sex_and_consortia	Female_NS1	-0.0605990430734824	0.0373323441428458	85	85	0.108332158938309	0.903984175577239
ko.K00349	Sex_and_consortia	Female_NS1	-0.0605990430734824	0.0373323441428458	85	85	0.108332158938309	0.903984175577239
ko.K00348	Sex_and_consortia	Female_NS1	-0.0605990430734824	0.0373323441428458	85	85	0.108332158938309	0.903984175577239
ko.K00347	Sex_and_consortia	Female_NS1	-0.0605990430734824	0.0373323441428458	85	85	0.108332158938309	0.903984175577239
ko.K00346	Sex_and_consortia	Female_NS1	-0.0605990430734824	0.0373323441428458	85	85	0.108332158938309	0.903984175577239
ko.K17680	Sex_and_consortia	Female_NS1	-0.0624091951788088	0.0615748571716962	85	85	0.313743081508687	0.903984175577239
ko.K12343	Sex_and_consortia	Female_NS1	-0.0606746650154638	0.0353089372064839	85	85	0.0894530420549106	0.903984175577239
ko.K09650	Sex_and_consortia	Female_NS1	-0.0594327587195668	0.0348778895247808	85	85	0.092117869679832	0.903984175577239
ko.K00588	Sex_and_consortia	Female_NS1	-0.0670795456824586	0.0327556927324955	85	85	0.0437338622697425	0.903984175577239
ko.K15635	Sex_and_consortia	Female_NS1	-0.0465606957339262	0.0319637121325534	85	85	0.148979256567081	0.903984175577239
ko.K00798	Sex_and_consortia	Female_NS1	-0.0594327587195668	0.0348778895247808	85	85	0.092117869679832	0.903984175577239
ko.K13668	Sex_and_consortia	Female_NS1	-0.0585880475030582	0.0374467272619929	85	85	0.121488575735966	0.903984175577239
ko.K21556	Sex_and_consortia	Female_NS1	-0.0597173423263631	0.038127623874894	85	85	0.121095271529207	0.903984175577239
ko.K01156	Sex_and_consortia	Female_NS1	0.0221573976676766	0.0294717766210942	85	85	0.454287480994717	0.903984175577239
ko.K10672	Sex_and_consortia	Female_NS1	0.0578155987304115	0.0904477270883699	85	85	0.524442924646461	0.903984175577239
ko.K09684	Sex_and_consortia	Female_NS1	0.056649836362784	0.0890007591333429	85	85	0.526195862546402	0.903984175577239
ko.K10193	Sex_and_consortia	Female_NS1	0.0500259528636134	0.0885332042894164	85	85	0.573561865866909	0.903984175577239
ko.K10192	Sex_and_consortia	Female_NS1	0.0501896374255454	0.0885125674107631	85	85	0.572221436963828	0.903984175577239
ko.K10670	Sex_and_consortia	Female_NS1	0.057291207502543	0.0899457818902213	85	85	0.525908616547625	0.903984175577239
ko.K10548	Sex_and_consortia	Female_NS1	0.0593584806127829	0.086261907593227	85	85	0.493296393996472	0.903984175577239
ko.K10546	Sex_and_consortia	Female_NS1	0.0568312021709598	0.086811725596769	85	85	0.514503894243135	0.903984175577239
ko.K05303	Sex_and_consortia	Female_NS1	0.053185956334273	0.0880990749931172	85	85	0.547685431731149	0.903984175577239
ko.K07272	Sex_and_consortia	Female_NS1	0.058588032056601	0.0902109682380123	85	85	0.517837123390587	0.903984175577239
ko.K21472	Sex_and_consortia	Female_NS1	0.0458624024233007	0.0849226629978523	85	85	0.590609321864969	0.903984175577239
ko.K13075	Sex_and_consortia	Female_NS1	0.0593927813434929	0.092440470236764	85	85	0.522320963446471	0.903984175577239
ko.K00198	Sex_and_consortia	Female_NS1	0.0593927813434929	0.092440470236764	85	85	0.522320963446471	0.903984175577239
ko.K03519	Sex_and_consortia	Female_NS1	0.0559839599900419	0.0891844251482461	85	85	0.531902509219888	0.903984175577239
ko.K15125	Sex_and_consortia	Female_NS1	0.0558533402427974	0.0872835451357483	85	85	0.523995618221648	0.903984175577239
ko.K13730	Sex_and_consortia	Female_NS1	0.081572278849366	0.0520705539426874	85	85	0.121019591851292	0.903984175577239
ko.K03481	Sex_and_consortia	Female_NS1	0.0595227545052342	0.0924384395033449	85	85	0.521404158109951	0.903984175577239
ko.K22233	Sex_and_consortia	Female_NS1	0.0562477750536909	0.0891502697324928	85	85	0.529818445754177	0.903984175577239
ko.K02538	Sex_and_consortia	Female_NS1	-0.0905646844713353	0.0786063533621684	85	85	0.25257565222627	0.903984175577239
ko.K02278	Sex_and_consortia	Female_NS1	0.0526734608446222	0.0881610503085955	85	85	0.55182112768714	0.903984175577239
ko.K19547	Sex_and_consortia	Female_NS1	0.0593927813434936	0.092440470236764	85	85	0.522320963446466	0.903984175577239
ko.K22305	Sex_and_consortia	Female_NS1	0.0593927813434936	0.092440470236764	85	85	0.522320963446466	0.903984175577239
ko.K01220	Sex_and_consortia	Female_NS1	-0.126999813076674	0.0908219257899244	85	85	0.165736625810304	0.903984175577239
ko.K20114	Sex_and_consortia	Female_NS1	0.0593927813434936	0.092440470236764	85	85	0.522320963446466	0.903984175577239
ko.K09797	Sex_and_consortia	Female_NS1	-0.0460874267789057	0.0470960804388107	85	85	0.33062977007603	0.903984175577239
ko.K21576	Sex_and_consortia	Female_NS1	0.0593927813434936	0.092440470236764	85	85	0.522320963446466	0.903984175577239
ko.K21577	Sex_and_consortia	Female_NS1	0.0531859563342719	0.0880990749931172	85	85	0.547685431731157	0.903984175577239
ko.K10671	Sex_and_consortia	Female_NS1	0.0593927813434936	0.092440470236764	85	85	0.522320963446466	0.903984175577239
ko.K13819	Sex_and_consortia	Female_NS1	0.0593927813434936	0.092440470236764	85	85	0.522320963446466	0.903984175577239
ko.K05825	Sex_and_consortia	Female_NS1	0.0406937887747863	0.0805313507846697	85	85	0.614676071398858	0.903984175577239
ko.K02808	Sex_and_consortia	Female_NS1	-0.0504727740890522	0.0790617312078107	85	85	0.524972872776448	0.903984175577239
ko.K15372	Sex_and_consortia	Female_NS1	0.058621363125252	0.0904952848287846	85	85	0.518912794863931	0.903984175577239
ko.K12256	Sex_and_consortia	Female_NS1	0.058621363125252	0.0904952848287846	85	85	0.518912794863931	0.903984175577239
ko.K03851	Sex_and_consortia	Female_NS1	0.058621363125252	0.0904952848287846	85	85	0.518912794863931	0.903984175577239
ko.K13766	Sex_and_consortia	Female_NS1	0.0531859563342719	0.0880990749931172	85	85	0.547685431731157	0.903984175577239
ko.K17202	Sex_and_consortia	Female_NS1	0.0593927813434936	0.092440470236764	85	85	0.522320963446466	0.903984175577239
ko.K03309	Sex_and_consortia	Female_NS1	0.0596522726007056	0.0924365696320712	85	85	0.520492054154834	0.903984175577239
ko.K19242	Sex_and_consortia	Female_NS1	0.0593927813434936	0.092440470236764	85	85	0.522320963446466	0.903984175577239
ko.K01053	Sex_and_consortia	Female_NS1	-0.0589953086109319	0.0794148783396243	85	85	0.459654954296286	0.903984175577239
ko.K07031	Sex_and_consortia	Female_NS1	0.0478086965672516	0.0809550027373998	85	85	0.556420649076947	0.903984175577239
ko.K15669	Sex_and_consortia	Female_NS1	0.0428066244225323	0.0809921119001417	85	85	0.598543153555558	0.903984175577239
ko.K22373	Sex_and_consortia	Female_NS1	0.0469342877674516	0.0898978260858394	85	85	0.603001895947759	0.903984175577239
ko.K08965	Sex_and_consortia	Female_NS1	0.0593927813434936	0.092440470236764	85	85	0.522320963446466	0.903984175577239
ko.K21910	Sex_and_consortia	Female_NS1	0.0593927813434936	0.092440470236764	85	85	0.522320963446466	0.903984175577239
ko.K16960	Sex_and_consortia	Female_NS1	0.0593927813434936	0.092440470236764	85	85	0.522320963446466	0.903984175577239
ko.K08369	Sex_and_consortia	Female_NS1	0.0561435334267041	0.0805217320300351	85	85	0.487596700679395	0.903984175577239
ko.K02241	Sex_and_consortia	Female_NS1	0.0526734608446222	0.0881610503085955	85	85	0.55182112768714	0.903984175577239
ko.K19429	Sex_and_consortia	Female_NS1	-0.0676691808129537	0.082486597202279	85	85	0.414357448902004	0.903984175577239
ko.K05299	Sex_and_consortia	Female_NS1	0.0593927813434936	0.092440470236764	85	85	0.522320963446466	0.903984175577239
ko.K22341	Sex_and_consortia	Female_NS1	0.0593927813434936	0.092440470236764	85	85	0.522320963446466	0.903984175577239
ko.K18491	Sex_and_consortia	Female_NS1	0.0593927813434936	0.092440470236764	85	85	0.522320963446466	0.903984175577239
ko.K19647	Sex_and_consortia	Female_NS1	0.0531859563342719	0.0880990749931172	85	85	0.547685431731157	0.903984175577239
ko.K02525	Sex_and_consortia	Female_NS1	-0.049577259986429	0.0754934398623504	85	85	0.513184457683036	0.903984175577239
ko.K08094	Sex_and_consortia	Female_NS1	0.0605772099680608	0.0874728353212716	85	85	0.49054015003663	0.903984175577239
ko.K07535	Sex_and_consortia	Female_NS1	0.0593927813434936	0.092440470236764	85	85	0.522320963446466	0.903984175577239
ko.K01501	Sex_and_consortia	Female_NS1	0.058621363125252	0.0904952848287846	85	85	0.518912794863931	0.903984175577239
ko.K10559	Sex_and_consortia	Female_NS1	0.0526734608446222	0.0881610503085955	85	85	0.55182112768714	0.903984175577239
ko.K00055	Sex_and_consortia	Female_NS1	0.0531859563342719	0.0880990749931172	85	85	0.547685431731157	0.903984175577239
ko.K05343	Sex_and_consortia	Female_NS1	0.05220361017505	0.0767591470072611	85	85	0.49833611370158	0.903984175577239
ko.K05341	Sex_and_consortia	Female_NS1	0.0623196555961508	0.0791579041905143	85	85	0.43335874592898	0.903984175577239
ko.K06990	Sex_and_consortia	Female_NS1	0.0406152453932385	0.0872836817049644	85	85	0.642917629494704	0.903984175577239
ko.K03093	Sex_and_consortia	Female_NS1	0.0526734608446222	0.0881610503085955	85	85	0.55182112768714	0.903984175577239
ko.K21583	Sex_and_consortia	Female_NS1	0.0531859563342719	0.0880990749931172	85	85	0.547685431731157	0.903984175577239
ko.K21584	Sex_and_consortia	Female_NS1	0.0531859563342719	0.0880990749931172	85	85	0.547685431731157	0.903984175577239
ko.K07719	Sex_and_consortia	Female_NS1	0.0531859563342719	0.0880990749931172	85	85	0.547685431731157	0.903984175577239
ko.K19509	Sex_and_consortia	Female_NS1	-0.0583982023884079	0.0806510448796847	85	85	0.471049668196861	0.903984175577239
ko.K19508	Sex_and_consortia	Female_NS1	-0.0557977673749313	0.0766799741599438	85	85	0.46886297403256	0.903984175577239
ko.K19506	Sex_and_consortia	Female_NS1	-0.0507007797978927	0.0790722183388494	85	85	0.523162059273547	0.903984175577239
ko.K07469	Sex_and_consortia	Female_NS1	0.0593927813434936	0.092440470236764	85	85	0.522320963446466	0.903984175577239
ko.K01046	Sex_and_consortia	Female_NS1	0.0528884786913358	0.0881641532839945	85	85	0.550216195589139	0.903984175577239
ko.K01499	Sex_and_consortia	Female_NS1	0.0593927813434936	0.092440470236764	85	85	0.522320963446466	0.903984175577239
ko.K07795	Sex_and_consortia	Female_NS1	0.0472391775785141	0.0898394363604176	85	85	0.600416878877561	0.903984175577239
ko.K01266	Sex_and_consortia	Female_NS1	0.0430003773536296	0.0892745401643437	85	85	0.631311870296832	0.903984175577239
ko.K05524	Sex_and_consortia	Female_NS1	0.0347281299760311	0.075109502764764	85	85	0.645028207727077	0.903984175577239
ko.K10120	Sex_and_consortia	Female_NS1	0.058621363125252	0.0904952848287846	85	85	0.518912794863931	0.903984175577239
ko.K11960	Sex_and_consortia	Female_NS1	0.0438013365459092	0.0896571865229395	85	85	0.626454025505733	0.903984175577239
ko.K06351	Sex_and_consortia	Female_NS1	0.0599099562615982	0.0924333059010527	85	85	0.518681814124491	0.903984175577239
ko.K06350	Sex_and_consortia	Female_NS1	0.0596522726007056	0.0924365696320712	85	85	0.520492054154834	0.903984175577239
ko.K10189	Sex_and_consortia	Female_NS1	-0.0494734012841378	0.0779283103489726	85	85	0.527267325681668	0.903984175577239
ko.K18471	Sex_and_consortia	Female_NS1	0.0593927813434936	0.092440470236764	85	85	0.522320963446466	0.903984175577239
ko.K03382	Sex_and_consortia	Female_NS1	0.0531859563342719	0.0880990749931172	85	85	0.547685431731157	0.903984175577239
ko.K00752	Sex_and_consortia	Female_NS1	0.0531859563342719	0.0880990749931172	85	85	0.547685431731157	0.903984175577239
ko.K21578	Sex_and_consortia	Female_NS1	0.0593927813434936	0.092440470236764	85	85	0.522320963446466	0.903984175577239
ko.K21579	Sex_and_consortia	Female_NS1	0.0593927813434936	0.092440470236764	85	85	0.522320963446466	0.903984175577239
ko.K10820	Sex_and_consortia	Female_NS1	0.0531859563342719	0.0880990749931172	85	85	0.547685431731157	0.903984175577239
ko.K10194	Sex_and_consortia	Female_NS1	0.0444164700542588	0.0901747798671378	85	85	0.623624144000031	0.903984175577239
ko.K02530	Sex_and_consortia	Female_NS1	-0.0556002947304774	0.0766784191052878	85	85	0.470423892831984	0.903984175577239
ko.K10121	Sex_and_consortia	Female_NS1	0.0430003773536296	0.0892745401643437	85	85	0.631311870296832	0.903984175577239
ko.K17313	Sex_and_consortia	Female_NS1	0.058621363125252	0.0904952848287846	85	85	0.518912794863931	0.903984175577239
ko.K14358	Sex_and_consortia	Female_NS1	0.0593927813434936	0.092440470236764	85	85	0.522320963446466	0.903984175577239
ko.K00360	Sex_and_consortia	Female_NS1	0.0593927813434936	0.092440470236764	85	85	0.522320963446466	0.903984175577239
ko.K01444	Sex_and_consortia	Female_NS1	0.0531859563342719	0.0880990749931172	85	85	0.547685431731157	0.903984175577239
ko.K09963	Sex_and_consortia	Female_NS1	-0.168773200554444	0.0938427412410826	85	85	0.0757383099899629	0.903984175577239
ko.K13829	Sex_and_consortia	Female_NS1	0.0402843285359873	0.0872804735467124	85	85	0.645611218735132	0.903984175577239
ko.K12240	Sex_and_consortia	Female_NS1	0.0438013365459092	0.0896571865229395	85	85	0.626454025505733	0.903984175577239
ko.K12452	Sex_and_consortia	Female_NS1	0.0526734608446222	0.0881610503085955	85	85	0.55182112768714	0.903984175577239
ko.K07084	Sex_and_consortia	Female_NS1	0.0596522726007056	0.0924365696320712	85	85	0.520492054154834	0.903984175577239
ko.K10560	Sex_and_consortia	Female_NS1	0.0593927813434936	0.092440470236764	85	85	0.522320963446466	0.903984175577239
ko.K11688	Sex_and_consortia	Female_NS1	0.0593927813434936	0.092440470236764	85	85	0.522320963446466	0.903984175577239
ko.K10562	Sex_and_consortia	Female_NS1	0.058621363125252	0.0904952848287846	85	85	0.518912794863931	0.903984175577239
ko.K10561	Sex_and_consortia	Female_NS1	0.0593927813434936	0.092440470236764	85	85	0.522320963446466	0.903984175577239
ko.K05569	Sex_and_consortia	Female_NS1	0.0431902272983593	0.0892866374131681	85	85	0.629854446289822	0.903984175577239
ko.K05570	Sex_and_consortia	Female_NS1	0.0431902272983593	0.0892866374131681	85	85	0.629854446289822	0.903984175577239
ko.K07467	Sex_and_consortia	Female_NS1	0.0593927813434936	0.092440470236764	85	85	0.522320963446466	0.903984175577239
ko.K12554	Sex_and_consortia	Female_NS1	0.118110847058198	0.0992276436444143	85	85	0.237321163937143	0.903984175577239
ko.K09809	Sex_and_consortia	Female_NS1	0.0926693391487282	0.0879587132578649	85	85	0.295144125640685	0.903984175577239
ko.K21688	Sex_and_consortia	Female_NS1	0.116600322420515	0.0993973356859259	85	85	0.244122133751442	0.903984175577239
ko.K10005	Sex_and_consortia	Female_NS1	0.139396068837378	0.0912140472665818	85	85	0.130257565068424	0.903984175577239
ko.K02077	Sex_and_consortia	Female_NS1	0.0988169955370319	0.0935784986861916	85	85	0.294041502917633	0.903984175577239
ko.K07768	Sex_and_consortia	Female_NS1	0.116530723644278	0.0993994431041377	85	85	0.244411371565488	0.903984175577239
ko.K08659	Sex_and_consortia	Female_NS1	0.139396068837378	0.0912140472665818	85	85	0.130257565068424	0.903984175577239
ko.K18955	Sex_and_consortia	Female_NS1	0.116530723644278	0.0993994431041377	85	85	0.244411371565488	0.903984175577239
ko.K16210	Sex_and_consortia	Female_NS1	0.116739985042277	0.0993932803612627	85	85	0.243543243517661	0.903984175577239
ko.K18009	Sex_and_consortia	Female_NS1	0.116739985042277	0.0993932803612627	85	85	0.243543243517661	0.903984175577239
ko.K17330	Sex_and_consortia	Female_NS1	0.116739985042276	0.0993932803612627	85	85	0.243543243517663	0.903984175577239
ko.K18206	Sex_and_consortia	Female_NS1	0.116530723644277	0.0993994431041377	85	85	0.244411371565494	0.903984175577239
ko.K18205	Sex_and_consortia	Female_NS1	0.116530723644277	0.0993994431041377	85	85	0.244411371565494	0.903984175577239
ko.K07009	Sex_and_consortia	Female_NS1	-0.365263828966911	0.184525280836583	85	85	0.0510768644506475	0.903984175577239
ko.K07230	Sex_and_consortia	Female_NS1	0.116530723644277	0.0993994431041377	85	85	0.244411371565494	0.903984175577239
ko.K07442	Sex_and_consortia	Female_NS1	0.116530723644277	0.0993994431041377	85	85	0.244411371565494	0.903984175577239
ko.K16148	Sex_and_consortia	Female_NS1	0.116530723644277	0.0993994431041377	85	85	0.244411371565494	0.903984175577239
ko.K05351	Sex_and_consortia	Female_NS1	0.116530723644277	0.0993994431041377	85	85	0.244411371565494	0.903984175577239
ko.K15515	Sex_and_consortia	Female_NS1	0.116530723644277	0.0993994431041377	85	85	0.244411371565494	0.903984175577239
ko.K00713	Sex_and_consortia	Female_NS1	0.116530723644277	0.0993994431041377	85	85	0.244411371565494	0.903984175577239
ko.K15921	Sex_and_consortia	Female_NS1	0.116739985042276	0.0993932803612627	85	85	0.243543243517663	0.903984175577239
ko.K11263	Sex_and_consortia	Female_NS1	0.116530723644277	0.0993994431041377	85	85	0.244411371565494	0.903984175577239
ko.K11533	Sex_and_consortia	Female_NS1	0.116530723644277	0.0993994431041377	85	85	0.244411371565494	0.903984175577239
ko.K13525	Sex_and_consortia	Female_NS1	0.116739985042276	0.0993932803612627	85	85	0.243543243517663	0.903984175577239
ko.K14215	Sex_and_consortia	Female_NS1	0.116530723644277	0.0993994431041377	85	85	0.244411371565494	0.903984175577239
ko.K21273	Sex_and_consortia	Female_NS1	0.116530723644277	0.0993994431041377	85	85	0.244411371565494	0.903984175577239
ko.K07177	Sex_and_consortia	Female_NS1	-0.366951061233469	0.184617270228047	85	85	0.050149711268019	0.903984175577239
ko.K13059	Sex_and_consortia	Female_NS1	0.116739985042276	0.0993932803612627	85	85	0.243543243517663	0.903984175577239
ko.K03727	Sex_and_consortia	Female_NS1	0.116530723644277	0.0993994431041377	85	85	0.244411371565494	0.903984175577239
ko.K19710	Sex_and_consortia	Female_NS1	0.116739985042276	0.0993932803612627	85	85	0.243543243517663	0.903984175577239
ko.K07503	Sex_and_consortia	Female_NS1	0.116530723644277	0.0993994431041377	85	85	0.244411371565494	0.903984175577239
ko.K16147	Sex_and_consortia	Female_NS1	0.116530723644277	0.0993994431041377	85	85	0.244411371565494	0.903984175577239
ko.K12685	Sex_and_consortia	Female_NS1	-0.119075693102439	0.141488679418935	85	85	0.402434846600707	0.903984175577239
ko.K09009	Sex_and_consortia	Female_NS1	0.116530723644277	0.0993994431041377	85	85	0.244411371565494	0.903984175577239
ko.K11788	Sex_and_consortia	Female_NS1	0.116530723644277	0.0993994431041377	85	85	0.244411371565494	0.903984175577239
ko.K17331	Sex_and_consortia	Female_NS1	0.116739985042276	0.0993932803612627	85	85	0.243543243517663	0.903984175577239
ko.K03365	Sex_and_consortia	Female_NS1	0.116530723644277	0.0993994431041377	85	85	0.244411371565494	0.903984175577239
ko.K10006	Sex_and_consortia	Female_NS1	0.16209938607095	0.0921686515968594	85	85	0.0823098524423627	0.903984175577239
ko.K10007	Sex_and_consortia	Female_NS1	0.16209938607095	0.0921686515968594	85	85	0.0823098524423627	0.903984175577239
ko.K07670	Sex_and_consortia	Female_NS1	0.116739985042276	0.0993932803612627	85	85	0.243543243517663	0.903984175577239
ko.K07654	Sex_and_consortia	Female_NS1	0.116739985042276	0.0993932803612627	85	85	0.243543243517663	0.903984175577239
ko.K00886	Sex_and_consortia	Female_NS1	0.116530723644277	0.0993994431041377	85	85	0.244411371565494	0.903984175577239
ko.K16784	Sex_and_consortia	Female_NS1	0.105097400332744	0.0948127059706949	85	85	0.270858959321014	0.903984175577239
ko.K08776	Sex_and_consortia	Female_NS1	0.116530723644277	0.0993994431041377	85	85	0.244411371565494	0.903984175577239
ko.K17067	Sex_and_consortia	Female_NS1	0.116530723644277	0.0993994431041377	85	85	0.244411371565494	0.903984175577239
ko.K21681	Sex_and_consortia	Female_NS1	-0.0560102802109722	0.119093059634333	85	85	0.639369310697894	0.903984175577239
ko.K07062	Sex_and_consortia	Female_NS1	-0.119075693102439	0.141488679418935	85	85	0.402434846600707	0.903984175577239
ko.K21495	Sex_and_consortia	Female_NS1	0.116739985042276	0.0993932803612627	85	85	0.243543243517663	0.903984175577239
ko.K01210	Sex_and_consortia	Female_NS1	0.16209938607095	0.0921686515968594	85	85	0.0823098524423627	0.903984175577239
ko.K13527	Sex_and_consortia	Female_NS1	-0.119151139219341	0.141483039635427	85	85	0.402119371915292	0.903984175577239
ko.K20814	Sex_and_consortia	Female_NS1	0.116530723644277	0.0993994431041377	85	85	0.244411371565494	0.903984175577239
ko.K13570	Sex_and_consortia	Female_NS1	0.116530723644277	0.0993994431041377	85	85	0.244411371565494	0.903984175577239
ko.K13571	Sex_and_consortia	Female_NS1	0.116530723644277	0.0993994431041377	85	85	0.244411371565494	0.903984175577239
ko.K17640	Sex_and_consortia	Female_NS1	0.116530723644277	0.0993994431041377	85	85	0.244411371565494	0.903984175577239
ko.K17243	Sex_and_consortia	Female_NS1	0.1031093328092	0.0992344146314867	85	85	0.301799808202644	0.903984175577239
ko.K01389	Sex_and_consortia	Female_NS1	0.116530723644277	0.0993994431041377	85	85	0.244411371565494	0.903984175577239
ko.K03492	Sex_and_consortia	Female_NS1	-0.251238013356393	0.136574621116861	85	85	0.0694072323244602	0.903984175577239
ko.K00459	Sex_and_consortia	Female_NS1	-0.112114091258942	0.146527003779279	85	85	0.446356674030497	0.903984175577239
ko.K00019	Sex_and_consortia	Female_NS1	-0.0969840313323293	0.123615768968766	85	85	0.434944918130174	0.903984175577239
ko.K01295	Sex_and_consortia	Female_NS1	-0.140144066816283	0.151670749754729	85	85	0.358163835833623	0.903984175577239
ko.K16213	Sex_and_consortia	Female_NS1	-0.0639417615833287	0.104730753731972	85	85	0.543175865632637	0.903984175577239
ko.K07102	Sex_and_consortia	Female_NS1	0.0969499824953767	0.0934493942270384	85	85	0.302534694769517	0.903984175577239
ko.K02788	Sex_and_consortia	Female_NS1	-0.264220586864969	0.132259422100794	85	85	0.0490195582928942	0.903984175577239
ko.K02787	Sex_and_consortia	Female_NS1	-0.264220586864969	0.132259422100794	85	85	0.0490195582928942	0.903984175577239
ko.K01750	Sex_and_consortia	Female_NS1	0.081191064084961	0.0900072588063909	85	85	0.369640493001047	0.903984175577239
ko.K00702	Sex_and_consortia	Female_NS1	-0.0787345638732242	0.0732545228794213	85	85	0.285575200210834	0.903984175577239
ko.K00917	Sex_and_consortia	Female_NS1	-0.264892318068827	0.13223212662727	85	85	0.0484149857304732	0.903984175577239
ko.K03929	Sex_and_consortia	Female_NS1	-0.058299973993873	0.0617011726407751	85	85	0.347464573664699	0.903984175577239
ko.K01218	Sex_and_consortia	Female_NS1	-0.0646960568107018	0.0771243026213451	85	85	0.403960532106196	0.903984175577239
ko.K19355	Sex_and_consortia	Female_NS1	-0.0605217828204173	0.111756588427542	85	85	0.589579296541954	0.903984175577239
ko.K17108	Sex_and_consortia	Female_NS1	-0.0681350684971918	0.100750771416364	85	85	0.500747253881376	0.903984175577239
ko.K08717	Sex_and_consortia	Female_NS1	-0.0639033463395906	0.0722432051225974	85	85	0.378950044469885	0.903984175577239
ko.K15915	Sex_and_consortia	Female_NS1	-0.0748786966397253	0.0873884872252405	85	85	0.393995810024671	0.903984175577239
ko.K13009	Sex_and_consortia	Female_NS1	0.0447416873627888	0.0588455340012893	85	85	0.449215241366697	0.903984175577239
ko.K08073	Sex_and_consortia	Female_NS1	-0.0569222513230616	0.120938269563836	85	85	0.639109606828075	0.903984175577239
ko.K08075	Sex_and_consortia	Female_NS1	-0.0569222513230616	0.120938269563836	85	85	0.639109606828075	0.903984175577239
ko.K09952	Sex_and_consortia	Female_NS1	-0.0756027678551808	0.0834754124568214	85	85	0.367722111233183	0.903984175577239
ko.K17838	Sex_and_consortia	Female_NS1	-0.0569222513230616	0.120938269563836	85	85	0.639109606828075	0.903984175577239
ko.K13043	Sex_and_consortia	Female_NS1	-0.0627448852247472	0.0445843437817642	85	85	0.1630634829097	0.903984175577239
ko.K16211	Sex_and_consortia	Female_NS1	-0.0594429331009659	0.0505122477106122	85	85	0.242638268237291	0.903984175577239
ko.K07116	Sex_and_consortia	Female_NS1	-0.0569222513230616	0.120938269563836	85	85	0.639109606828075	0.903984175577239
ko.K19005	Sex_and_consortia	Female_NS1	-0.101295722793133	0.108589334998406	85	85	0.35361188133738	0.903984175577239
ko.K09992	Sex_and_consortia	Female_NS1	-0.0628587082048816	0.0785040471263593	85	85	0.425587600806454	0.903984175577239
ko.K01274	Sex_and_consortia	Female_NS1	-0.0608312654730343	0.0425489971160782	85	85	0.156563504680408	0.903984175577239
ko.K08838	Sex_and_consortia	Female_NS1	-0.0569222513230616	0.120938269563836	85	85	0.639109606828075	0.903984175577239
ko.K09680	Sex_and_consortia	Female_NS1	-0.0614001836618728	0.0486414901936214	85	85	0.21037597361751	0.903984175577239
ko.K19049	Sex_and_consortia	Female_NS1	-0.0743772160485865	0.0527507568661076	85	85	0.162283637207976	0.903984175577239
ko.K01771	Sex_and_consortia	Female_NS1	-0.0669730112025521	0.0867722640729102	85	85	0.442410032239878	0.903984175577239
ko.K07270	Sex_and_consortia	Female_NS1	-0.0614688208353247	0.113488031535662	85	85	0.589522632983792	0.903984175577239
ko.K00091	Sex_and_consortia	Female_NS1	-0.0552909163910079	0.0579068204665683	85	85	0.342438573308029	0.903984175577239
ko.K22320	Sex_and_consortia	Female_NS1	-0.0569222513230616	0.120938269563836	85	85	0.639109606828075	0.903984175577239
ko.K15894	Sex_and_consortia	Female_NS1	-0.0616571816550811	0.0709502644029001	85	85	0.387342350137016	0.903984175577239
ko.K02473	Sex_and_consortia	Female_NS1	-0.0706305474505138	0.0614833861273891	85	85	0.253948832864539	0.903984175577239
ko.K01707	Sex_and_consortia	Female_NS1	-0.0659437450648475	0.0407888760520941	85	85	0.10973580762483	0.903984175577239
ko.K07318	Sex_and_consortia	Female_NS1	0.105049430495937	0.0953488749282429	85	85	0.27376045057494	0.903984175577239
ko.K07221	Sex_and_consortia	Female_NS1	0.0861721988239774	0.0722038255918808	85	85	0.236090397597436	0.903984175577239
ko.K06045	Sex_and_consortia	Female_NS1	0.103568753452458	0.092443811069208	85	85	0.265799068223328	0.903984175577239
ko.K15719	Sex_and_consortia	Female_NS1	0.105121332778192	0.0953623745908686	85	85	0.273501994525902	0.903984175577239
ko.K06139	Sex_and_consortia	Female_NS1	0.105121332778192	0.0953623745908686	85	85	0.273501994525902	0.903984175577239
ko.K01829	Sex_and_consortia	Female_NS1	0.105121332778192	0.0953623745908686	85	85	0.273501994525902	0.903984175577239
ko.K16915	Sex_and_consortia	Female_NS1	0.0992554876056055	0.0963529070844187	85	85	0.305944104457346	0.903984175577239
ko.K09928	Sex_and_consortia	Female_NS1	0.105121332778192	0.0953623745908686	85	85	0.273501994525901	0.903984175577239
ko.K03301	Sex_and_consortia	Female_NS1	0.105121332778192	0.0953623745908686	85	85	0.273501994525901	0.903984175577239
ko.K18554	Sex_and_consortia	Female_NS1	0.105121332778192	0.0953623745908686	85	85	0.273501994525901	0.903984175577239
ko.K20333	Sex_and_consortia	Female_NS1	0.105121332778192	0.0953623745908686	85	85	0.273501994525901	0.903984175577239
ko.K10800	Sex_and_consortia	Female_NS1	0.105121332778192	0.0953623745908686	85	85	0.273501994525901	0.903984175577239
ko.K13052	Sex_and_consortia	Female_NS1	0.0895280514469667	0.0956424723924606	85	85	0.351952777966563	0.903984175577239
ko.K19427	Sex_and_consortia	Female_NS1	0.105121332778192	0.0953623745908686	85	85	0.273501994525901	0.903984175577239
ko.K21977	Sex_and_consortia	Female_NS1	0.0895007398864075	0.0956422555101326	85	85	0.352097852999415	0.903984175577239
ko.K07281	Sex_and_consortia	Female_NS1	0.105121332778192	0.0953623745908686	85	85	0.273501994525901	0.903984175577239
ko.K13582	Sex_and_consortia	Female_NS1	0.105121332778192	0.0953623745908686	85	85	0.273501994525901	0.903984175577239
ko.K00332	Sex_and_consortia	Female_NS1	0.105121332778192	0.0953623745908686	85	85	0.273501994525901	0.903984175577239
ko.K07276	Sex_and_consortia	Female_NS1	0.105121332778192	0.0953623745908686	85	85	0.273501994525901	0.903984175577239
ko.K18626	Sex_and_consortia	Female_NS1	0.105121332778192	0.0953623745908686	85	85	0.273501994525901	0.903984175577239
ko.K00612	Sex_and_consortia	Female_NS1	0.0871678090513013	0.0892270235731061	85	85	0.331446772219468	0.903984175577239
ko.K03928	Sex_and_consortia	Female_NS1	0.0835425974800837	0.0949072887323124	85	85	0.381262965140868	0.903984175577239
ko.K07445	Sex_and_consortia	Female_NS1	0.105121332778192	0.0953623745908686	85	85	0.273501994525901	0.903984175577239
ko.K16554	Sex_and_consortia	Female_NS1	0.105121332778192	0.0953623745908686	85	85	0.273501994525901	0.903984175577239
ko.K13002	Sex_and_consortia	Female_NS1	0.0863455707524024	0.0659700061062759	85	85	0.194193795469354	0.903984175577239
ko.K20830	Sex_and_consortia	Female_NS1	0.105121332778192	0.0953623745908686	85	85	0.273501994525901	0.903984175577239
ko.K07777	Sex_and_consortia	Female_NS1	0.0987335404576803	0.094626612770591	85	85	0.29979194427403	0.903984175577239
ko.K17811	Sex_and_consortia	Female_NS1	0.105121332778192	0.0953623745908686	85	85	0.273501994525901	0.903984175577239
ko.K02022	Sex_and_consortia	Female_NS1	0.105121332778192	0.0953623745908686	85	85	0.273501994525901	0.903984175577239
ko.K06922	Sex_and_consortia	Female_NS1	0.105121332778192	0.0953623745908686	85	85	0.273501994525901	0.903984175577239
ko.K07399	Sex_and_consortia	Female_NS1	0.0987335404576803	0.094626612770591	85	85	0.29979194427403	0.903984175577239
ko.K00966	Sex_and_consortia	Female_NS1	0.101922376081676	0.0897468556791316	85	85	0.259365436824094	0.903984175577239
ko.K07032	Sex_and_consortia	Female_NS1	0.0731805559144225	0.0893736707939879	85	85	0.415236438626074	0.903984175577239
ko.K02584	Sex_and_consortia	Female_NS1	0.105121332778192	0.0953623745908686	85	85	0.273501994525901	0.903984175577239
ko.K00801	Sex_and_consortia	Female_NS1	0.105121332778192	0.0953623745908686	85	85	0.273501994525901	0.903984175577239
ko.K14949	Sex_and_consortia	Female_NS1	0.105214069434021	0.0952941110660955	85	85	0.27274112598794	0.903984175577239
ko.K13599	Sex_and_consortia	Female_NS1	0.105121332778192	0.0953623745908686	85	85	0.273501994525901	0.903984175577239
ko.K00641	Sex_and_consortia	Female_NS1	0.0994351580450639	0.0963187895735802	85	85	0.304904751642055	0.903984175577239
ko.K16079	Sex_and_consortia	Female_NS1	0.105214069434021	0.0952941110660955	85	85	0.27274112598794	0.903984175577239
ko.K07403	Sex_and_consortia	Female_NS1	0.0803027962680246	0.0724724736708319	85	85	0.271042808975295	0.903984175577239
ko.K16705	Sex_and_consortia	Female_NS1	0.105121332778192	0.0953623745908686	85	85	0.273501994525901	0.903984175577239
ko.K09007	Sex_and_consortia	Female_NS1	0.0987605857629478	0.0946269244387552	85	85	0.299662019017654	0.903984175577239
ko.K10277	Sex_and_consortia	Female_NS1	0.105121332778192	0.0953623745908686	85	85	0.273501994525901	0.903984175577239
ko.K07239	Sex_and_consortia	Female_NS1	0.105121332778192	0.0953623745908686	85	85	0.273501994525901	0.903984175577239
ko.K07267	Sex_and_consortia	Female_NS1	0.105121332778192	0.0953623745908686	85	85	0.273501994525901	0.903984175577239
ko.K01128	Sex_and_consortia	Female_NS1	0.105121332778192	0.0953623745908686	85	85	0.273501994525901	0.903984175577239
ko.K18095	Sex_and_consortia	Female_NS1	0.105121332778192	0.0953623745908686	85	85	0.273501994525901	0.903984175577239
ko.K18094	Sex_and_consortia	Female_NS1	0.105121332778192	0.0953623745908686	85	85	0.273501994525901	0.903984175577239
ko.K00161	Sex_and_consortia	Female_NS1	0.0895280514469667	0.0956424723924606	85	85	0.351952777966563	0.903984175577239
ko.K00162	Sex_and_consortia	Female_NS1	0.0895280514469667	0.0956424723924606	85	85	0.351952777966563	0.903984175577239
ko.K09949	Sex_and_consortia	Female_NS1	0.105121332778192	0.0953623745908686	85	85	0.273501994525901	0.903984175577239
ko.K03471	Sex_and_consortia	Female_NS1	0.0886307326026014	0.0830863228174612	85	85	0.289186512335341	0.903984175577239
ko.K12204	Sex_and_consortia	Female_NS1	0.105121332778192	0.0953623745908686	85	85	0.273501994525901	0.903984175577239
ko.K19224	Sex_and_consortia	Female_NS1	0.0895007398864075	0.0956422555101326	85	85	0.352097852999415	0.903984175577239
ko.K03795	Sex_and_consortia	Female_NS1	0.105121332778192	0.0953623745908686	85	85	0.273501994525901	0.903984175577239
ko.K07051	Sex_and_consortia	Female_NS1	0.105121332778192	0.0953623745908686	85	85	0.273501994525901	0.903984175577239
ko.K10190	Sex_and_consortia	Female_NS1	-0.0842669277736531	0.115635382937111	85	85	0.468218294271311	0.903984175577239
ko.K01215	Sex_and_consortia	Female_NS1	-0.0835042596988611	0.11572711294334	85	85	0.472591755664465	0.903984175577239
ko.K03930	Sex_and_consortia	Female_NS1	-0.0835042596988611	0.11572711294334	85	85	0.472591755664465	0.903984175577239
ko.K16846	Sex_and_consortia	Female_NS1	-0.281460234494531	0.196049942934791	85	85	0.154858370143061	0.903984175577239
ko.K19167	Sex_and_consortia	Female_NS1	0.310575702627029	0.143188440939046	85	83	0.0329436259603372	0.903984175577239
ko.K19507	Sex_and_consortia	Female_NS1	-0.42723882357055	0.195571880074969	85	85	0.0317412935859033	0.903984175577239
ko.K01819	Sex_and_consortia	Female_NS1	-0.46313248595961	0.208917273642185	85	85	0.0293702278737596	0.903984175577239
ko.K03483	Sex_and_consortia	Female_NS1	-0.421530592825997	0.195660123453797	85	85	0.034107355422019	0.903984175577239
ko.K02786	Sex_and_consortia	Female_NS1	-0.421530592825997	0.195660123453797	85	85	0.034107355422019	0.903984175577239
ko.K20344	Sex_and_consortia	Female_NS1	-0.0419847644299688	0.0637342336307413	85	85	0.511881288929996	0.903984175577239
ko.K21613	Sex_and_consortia	Female_NS1	-0.0824411950883916	0.115851203726013	85	85	0.478699914332978	0.903984175577239
ko.K07104	Sex_and_consortia	Female_NS1	-0.566529688238591	0.254677493785485	85	85	0.0288294471243586	0.903984175577239
ko.K02021	Sex_and_consortia	Female_NS1	-0.277860767836728	0.195829473010964	85	85	0.159675034947875	0.903984175577239
ko.K07586	Sex_and_consortia	Female_NS1	-0.0825816211050446	0.115839158918085	85	85	0.477907766379277	0.903984175577239
ko.K01227	Sex_and_consortia	Female_NS1	-0.241081450022398	0.115597498575654	85	85	0.0400932821226517	0.903984175577239
ko.K22441	Sex_and_consortia	Female_NS1	-0.133624117822495	0.115058995834548	85	85	0.248827385675667	0.903984175577239
ko.K13677	Sex_and_consortia	Female_NS1	-0.0827225822248496	0.115827211806659	85	85	0.477113713445629	0.903984175577239
ko.K07016	Sex_and_consortia	Female_NS1	-0.278712571084032	0.195772360285203	85	85	0.158294403881897	0.903984175577239
ko.K19138	Sex_and_consortia	Female_NS1	-0.278712571084035	0.195772360285203	85	85	0.158294403881893	0.903984175577239
ko.K09002	Sex_and_consortia	Female_NS1	-0.278712571084035	0.195772360285203	85	85	0.158294403881893	0.903984175577239
ko.K19140	Sex_and_consortia	Female_NS1	-0.278712571084035	0.195772360285203	85	85	0.158294403881893	0.903984175577239
ko.K19139	Sex_and_consortia	Female_NS1	-0.278712571084035	0.195772360285203	85	85	0.158294403881893	0.903984175577239
ko.K00786	Sex_and_consortia	Female_NS1	-0.278712571084032	0.195772360285203	85	85	0.158294403881897	0.903984175577239
ko.K07130	Sex_and_consortia	Female_NS1	-0.277442110351671	0.195858686278383	85	85	0.160359112112519	0.903984175577239
ko.K01337	Sex_and_consortia	Female_NS1	-0.0525122225504349	0.102992958626047	85	85	0.611501084913035	0.903984175577239
ko.K00231	Sex_and_consortia	Female_NS1	-0.110991354316622	0.12531479397782	85	85	0.378337921234161	0.903984175577239
ko.K06886	Sex_and_consortia	Female_NS1	-0.277442110351671	0.195858686278383	85	85	0.160359112112519	0.903984175577239
ko.K19051	Sex_and_consortia	Female_NS1	-0.099255730121886	0.148790118908863	85	85	0.506567883305518	0.903984175577239
ko.K06240	Sex_and_consortia	Female_NS1	-0.0992557301218879	0.148790118908863	85	85	0.50656788330551	0.903984175577239
ko.K13327	Sex_and_consortia	Female_NS1	-0.0992557301218879	0.148790118908863	85	85	0.50656788330551	0.903984175577239
ko.K07101	Sex_and_consortia	Female_NS1	-0.100520248061637	0.135706888435554	85	85	0.460956115425501	0.903984175577239
ko.K13019	Sex_and_consortia	Female_NS1	-0.0992557301218879	0.148790118908863	85	85	0.50656788330551	0.903984175577239
ko.K09726	Sex_and_consortia	Female_NS1	-0.0992557301218879	0.148790118908863	85	85	0.50656788330551	0.903984175577239
ko.K11604	Sex_and_consortia	Female_NS1	-0.278712571084035	0.195772360285203	85	85	0.158294403881893	0.903984175577239
ko.K11710	Sex_and_consortia	Female_NS1	-0.278712571084035	0.195772360285203	85	85	0.158294403881893	0.903984175577239
ko.K11607	Sex_and_consortia	Female_NS1	-0.278712571084035	0.195772360285203	85	85	0.158294403881893	0.903984175577239
ko.K03285	Sex_and_consortia	Female_NS1	-0.278712571084035	0.195772360285203	85	85	0.158294403881893	0.903984175577239
ko.K13040	Sex_and_consortia	Female_NS1	-0.278712571084032	0.195772360285203	85	85	0.158294403881897	0.903984175577239
ko.K13796	Sex_and_consortia	Female_NS1	-0.278712571084035	0.195772360285203	85	85	0.158294403881893	0.903984175577239
ko.K15270	Sex_and_consortia	Female_NS1	-0.278712571084034	0.195772360285203	85	85	0.158294403881894	0.903984175577239
ko.K21936	Sex_and_consortia	Female_NS1	-0.278712571084034	0.195772360285203	85	85	0.158294403881894	0.903984175577239
ko.K16087	Sex_and_consortia	Female_NS1	-0.278712571084032	0.195772360285203	85	85	0.158294403881897	0.903984175577239
ko.K02280	Sex_and_consortia	Female_NS1	-0.278712571084032	0.195772360285203	85	85	0.158294403881897	0.903984175577239
ko.K01451	Sex_and_consortia	Female_NS1	-0.278712571084032	0.195772360285203	85	85	0.158294403881897	0.903984175577239
ko.K21829	Sex_and_consortia	Female_NS1	-0.278712571084035	0.195772360285203	85	85	0.158294403881893	0.903984175577239
ko.K17950	Sex_and_consortia	Female_NS1	-0.278712571084035	0.195772360285203	85	85	0.158294403881893	0.903984175577239
ko.K01505	Sex_and_consortia	Female_NS1	-0.278712571084035	0.195772360285203	85	85	0.158294403881893	0.903984175577239
ko.K15792	Sex_and_consortia	Female_NS1	-0.278712571084035	0.195772360285203	85	85	0.158294403881893	0.903984175577239
ko.K08344	Sex_and_consortia	Female_NS1	-0.278712571084035	0.195772360285203	85	85	0.158294403881893	0.903984175577239
ko.K00102	Sex_and_consortia	Female_NS1	-0.278712571084035	0.195772360285203	85	85	0.158294403881893	0.903984175577239
ko.K15355	Sex_and_consortia	Female_NS1	-0.278712571084035	0.195772360285203	85	85	0.158294403881893	0.903984175577239
ko.K16165	Sex_and_consortia	Female_NS1	-0.278712571084035	0.195772360285203	85	85	0.158294403881893	0.903984175577239
ko.K19145	Sex_and_consortia	Female_NS1	-0.278712571084035	0.195772360285203	85	85	0.158294403881893	0.903984175577239
ko.K00638	Sex_and_consortia	Female_NS1	-0.1242317021839	0.115645008378338	85	85	0.285823570909872	0.903984175577239
ko.K11711	Sex_and_consortia	Female_NS1	-0.278712571084035	0.195772360285203	85	85	0.158294403881893	0.903984175577239
ko.K13041	Sex_and_consortia	Female_NS1	-0.278712571084035	0.195772360285203	85	85	0.158294403881893	0.903984175577239
ko.K22292	Sex_and_consortia	Female_NS1	-0.278712571084035	0.195772360285203	85	85	0.158294403881893	0.903984175577239
ko.K19670	Sex_and_consortia	Female_NS1	-0.278712571084035	0.195772360285203	85	85	0.158294403881893	0.903984175577239
ko.K22187	Sex_and_consortia	Female_NS1	-0.278712571084035	0.195772360285203	85	85	0.158294403881893	0.903984175577239
ko.K18306	Sex_and_consortia	Female_NS1	-0.278712571084035	0.195772360285203	85	85	0.158294403881893	0.903984175577239
ko.K01563	Sex_and_consortia	Female_NS1	-0.278712571084035	0.195772360285203	85	85	0.158294403881893	0.903984175577239
ko.K19969	Sex_and_consortia	Female_NS1	-0.278712571084035	0.195772360285203	85	85	0.158294403881893	0.903984175577239
ko.K07540	Sex_and_consortia	Female_NS1	-0.278712571084035	0.195772360285203	85	85	0.158294403881893	0.903984175577239
ko.K06446	Sex_and_consortia	Female_NS1	-0.278712571084035	0.195772360285203	85	85	0.158294403881893	0.903984175577239
ko.K20757	Sex_and_consortia	Female_NS1	-0.278712571084035	0.195772360285203	85	85	0.158294403881893	0.903984175577239
ko.K15496	Sex_and_consortia	Female_NS1	-0.278712571084035	0.195772360285203	85	85	0.158294403881893	0.903984175577239
ko.K02660	Sex_and_consortia	Female_NS1	-0.278712571084035	0.195772360285203	85	85	0.158294403881893	0.903984175577239
ko.K06013	Sex_and_consortia	Female_NS1	-0.278712571084035	0.195772360285203	85	85	0.158294403881893	0.903984175577239
ko.K18360	Sex_and_consortia	Female_NS1	-0.278712571084035	0.195772360285203	85	85	0.158294403881893	0.903984175577239
ko.K01947	Sex_and_consortia	Female_NS1	-0.278712571084035	0.195772360285203	85	85	0.158294403881893	0.903984175577239
ko.K18357	Sex_and_consortia	Female_NS1	-0.278712571084035	0.195772360285203	85	85	0.158294403881893	0.903984175577239
ko.K18323	Sex_and_consortia	Female_NS1	-0.278712571084035	0.195772360285203	85	85	0.158294403881893	0.903984175577239
ko.K18322	Sex_and_consortia	Female_NS1	-0.278712571084035	0.195772360285203	85	85	0.158294403881893	0.903984175577239
ko.K18321	Sex_and_consortia	Female_NS1	-0.278712571084035	0.195772360285203	85	85	0.158294403881893	0.903984175577239
ko.K12065	Sex_and_consortia	Female_NS1	-0.278712571084035	0.195772360285203	85	85	0.158294403881893	0.903984175577239
ko.K12984	Sex_and_consortia	Female_NS1	-0.278712571084035	0.195772360285203	85	85	0.158294403881893	0.903984175577239
ko.K00992	Sex_and_consortia	Female_NS1	-0.278712571084035	0.195772360285203	85	85	0.158294403881893	0.903984175577239
ko.K01758	Sex_and_consortia	Female_NS1	-0.278712571084035	0.195772360285203	85	85	0.158294403881893	0.903984175577239
ko.K15784	Sex_and_consortia	Female_NS1	-0.278712571084035	0.195772360285203	85	85	0.158294403881893	0.903984175577239
ko.K12071	Sex_and_consortia	Female_NS1	-0.278712571084035	0.195772360285203	85	85	0.158294403881893	0.903984175577239
ko.K00856	Sex_and_consortia	Female_NS1	-0.278712571084035	0.195772360285203	85	85	0.158294403881893	0.903984175577239
ko.K09961	Sex_and_consortia	Female_NS1	-0.278712571084035	0.195772360285203	85	85	0.158294403881893	0.903984175577239
ko.K20712	Sex_and_consortia	Female_NS1	-0.278712571084035	0.195772360285203	85	85	0.158294403881893	0.903984175577239
ko.K17245	Sex_and_consortia	Female_NS1	-0.278712571084035	0.195772360285203	85	85	0.158294403881893	0.903984175577239
ko.K18364	Sex_and_consortia	Female_NS1	-0.278712571084035	0.195772360285203	85	85	0.158294403881893	0.903984175577239
ko.K12448	Sex_and_consortia	Female_NS1	-0.278712571084035	0.195772360285203	85	85	0.158294403881893	0.903984175577239
ko.K21345	Sex_and_consortia	Female_NS1	-0.278712571084035	0.195772360285203	85	85	0.158294403881893	0.903984175577239
ko.K21308	Sex_and_consortia	Female_NS1	-0.278712571084035	0.195772360285203	85	85	0.158294403881893	0.903984175577239
ko.K22213	Sex_and_consortia	Female_NS1	-0.111208256083716	0.1252876506955	85	85	0.377308296258864	0.903984175577239
ko.K09132	Sex_and_consortia	Female_NS1	-0.111208256083716	0.1252876506955	85	85	0.377308296258864	0.903984175577239
ko.K12986	Sex_and_consortia	Female_NS1	-0.111208256083716	0.1252876506955	85	85	0.377308296258864	0.903984175577239
ko.K11210	Sex_and_consortia	Female_NS1	-0.111208256083716	0.1252876506955	85	85	0.377308296258864	0.903984175577239
ko.K19954	Sex_and_consortia	Female_NS1	0.154397029067627	0.174543586043276	85	84	0.378940813181418	0.903984175577239
ko.K08280	Sex_and_consortia	Female_NS1	0.154397029067627	0.174543586043276	85	84	0.378940813181416	0.903984175577239
ko.K12976	Sex_and_consortia	Female_NS1	0.154397029067627	0.174543586043276	85	84	0.378940813181418	0.903984175577239
ko.K07004	Sex_and_consortia	Female_NS1	0.154397029067627	0.174543586043276	85	84	0.378940813181418	0.903984175577239
ko.K21814	Sex_and_consortia	Female_NS1	0.154397029067627	0.174543586043276	85	84	0.378940813181418	0.903984175577239
ko.K02072	Sex_and_consortia	Female_NS1	-0.0301530706996654	0.0696348659973825	85	85	0.666125712166506	0.904148616937265
ko.K00123	Sex_and_consortia	Female_NS1	-0.0235579451500636	0.0551554500686188	85	85	0.670398562899464	0.904669215235982
ko.K00981	Sex_and_consortia	Female_NS1	0.00508322179933998	0.0119704450707655	85	85	0.6721922950609	0.904669215235982
ko.K02002	Sex_and_consortia	Female_NS1	-0.0201039856501472	0.0470834707602557	85	85	0.670495060997726	0.904669215235982
ko.K06287	Sex_and_consortia	Female_NS1	0.00507408636792716	0.0119706385156302	85	85	0.672751559373081	0.904669215235982
ko.K03545	Sex_and_consortia	Female_NS1	0.00495836819809489	0.0116190423167784	85	85	0.670669948422822	0.904669215235982
ko.K01996	Sex_and_consortia	Female_NS1	0.0314958758169326	0.073179884696845	85	85	0.668027624377971	0.904669215235982
ko.K01923	Sex_and_consortia	Female_NS1	0.00489465304711199	0.0115892489707248	85	85	0.673865811629901	0.904669215235982
ko.K06941	Sex_and_consortia	Female_NS1	0.00478550938049934	0.0112039827918688	85	85	0.670393736364927	0.904669215235982
ko.K01486	Sex_and_consortia	Female_NS1	0.0307622428046252	0.0713609270202871	85	85	0.667527987704515	0.904669215235982
ko.K07784	Sex_and_consortia	Female_NS1	0.0942407238496394	0.221507252835537	85	85	0.671608250884493	0.904669215235982
ko.K02338	Sex_and_consortia	Female_NS1	0.00500717838630566	0.011837220076748	85	85	0.673387133261663	0.904669215235982
ko.K10708	Sex_and_consortia	Female_NS1	0.0942407238496394	0.221507252835537	85	85	0.671608250884493	0.904669215235982
ko.K15524	Sex_and_consortia	Female_NS1	0.0942407238496394	0.221507252835537	85	85	0.671608250884493	0.904669215235982
ko.K03809	Sex_and_consortia	Female_NS1	0.0942407238496394	0.221507252835537	85	85	0.671608250884493	0.904669215235982
ko.K02554	Sex_and_consortia	Female_NS1	0.0343945454033986	0.0808880190158919	85	85	0.671782647686028	0.904669215235982
ko.K02566	Sex_and_consortia	Female_NS1	0.027913209393032	0.0661834508465606	85	85	0.674294125617634	0.904669215235982
ko.K16868	Sex_and_consortia	Female_NS1	0.0942407238496394	0.221507252835537	85	85	0.671608250884493	0.904669215235982
ko.K00138	Sex_and_consortia	Female_NS1	0.0942407238496394	0.221507252835537	85	85	0.671608250884493	0.904669215235982
ko.K01000	Sex_and_consortia	Female_NS1	0.00489465304711199	0.0115892489707248	85	85	0.673865811629901	0.904669215235982
ko.K01873	Sex_and_consortia	Female_NS1	0.00489465304711199	0.0115892489707248	85	85	0.673865811629901	0.904669215235982
ko.K01002	Sex_and_consortia	Female_NS1	0.0425519722171631	0.100992811582326	85	85	0.674598420843466	0.904669215235982
ko.K03478	Sex_and_consortia	Female_NS1	0.0425519722171631	0.100992811582326	85	85	0.674598420843466	0.904669215235982
ko.K01887	Sex_and_consortia	Female_NS1	0.00489465304711199	0.0115892489707248	85	85	0.673865811629901	0.904669215235982
ko.K10538	Sex_and_consortia	Female_NS1	0.0942407238496394	0.221507252835537	85	85	0.671608250884493	0.904669215235982
ko.K08744	Sex_and_consortia	Female_NS1	0.0266811707109577	0.0626233789944096	85	85	0.671168701385327	0.904669215235982
ko.K11102	Sex_and_consortia	Female_NS1	0.0337483657482877	0.078884353536683	85	85	0.669889618767817	0.904669215235982
ko.K12995	Sex_and_consortia	Female_NS1	0.0285842912519587	0.0675648064818126	85	85	0.673342150351612	0.904669215235982
ko.K03553	Sex_and_consortia	Female_NS1	0.00489465304711199	0.0115892489707248	85	85	0.673865811629901	0.904669215235982
ko.K15923	Sex_and_consortia	Female_NS1	0.0169625610187141	0.0399843846096571	85	85	0.672495901336758	0.904669215235982
ko.K16962	Sex_and_consortia	Female_NS1	0.0369555478465018	0.0876332859492302	85	85	0.674329299433691	0.904669215235982
ko.K09157	Sex_and_consortia	Female_NS1	0.0297081997006367	0.0688981816565063	85	85	0.667448147427976	0.904669215235982
ko.K16963	Sex_and_consortia	Female_NS1	0.0369555478465018	0.0876332859492302	85	85	0.674329299433691	0.904669215235982
ko.K18231	Sex_and_consortia	Female_NS1	0.0369555478465018	0.0876332859492302	85	85	0.674329299433691	0.904669215235982
ko.K00131	Sex_and_consortia	Female_NS1	0.0369555478465018	0.0876332859492302	85	85	0.674329299433691	0.904669215235982
ko.K06403	Sex_and_consortia	Female_NS1	0.0380143728118569	0.0900186442467644	85	85	0.673902044033313	0.904669215235982
ko.K06404	Sex_and_consortia	Female_NS1	0.0380143728118569	0.0900186442467644	85	85	0.673902044033313	0.904669215235982
ko.K22477	Sex_and_consortia	Female_NS1	0.0380143728118569	0.0900186442467644	85	85	0.673902044033313	0.904669215235982
ko.K10217	Sex_and_consortia	Female_NS1	0.0383474738068124	0.0900212353666927	85	85	0.671223230224662	0.904669215235982
ko.K06298	Sex_and_consortia	Female_NS1	0.0380143728118569	0.0900186442467644	85	85	0.673902044033313	0.904669215235982
ko.K09141	Sex_and_consortia	Female_NS1	0.0383474738068124	0.0900212353666927	85	85	0.671223230224662	0.904669215235982
ko.K07502	Sex_and_consortia	Female_NS1	0.0380143728118569	0.0900186442467644	85	85	0.673902044033313	0.904669215235982
ko.K01623	Sex_and_consortia	Female_NS1	0.0384358269482236	0.0900278109974516	85	85	0.670533686487678	0.904669215235982
ko.K06421	Sex_and_consortia	Female_NS1	0.0380143728118569	0.0900186442467644	85	85	0.673902044033313	0.904669215235982
ko.K03074	Sex_and_consortia	Female_NS1	-0.0711379185315041	0.169275424207763	85	85	0.675389159240383	0.904808967877518
ko.K03641	Sex_and_consortia	Female_NS1	-0.0711379185315041	0.169275424207763	85	85	0.675389159240383	0.904808967877518
ko.K01881	Sex_and_consortia	Female_NS1	0.00486718837488895	0.0115841658508743	85	85	0.675455228671301	0.904808967877518
ko.K01868	Sex_and_consortia	Female_NS1	0.00486718837488895	0.0115841658508743	85	85	0.675455228671301	0.904808967877518
ko.K03556	Sex_and_consortia	Female_NS1	0.0421797629427974	0.100952840620221	85	85	0.67716021623287	0.905327628541527
ko.K19265	Sex_and_consortia	Female_NS1	0.00505242111598281	0.0120653895973235	85	85	0.676478122102272	0.905327628541527
ko.K09927	Sex_and_consortia	Female_NS1	0.0421797629427974	0.100952840620221	85	85	0.67716021623287	0.905327628541527
ko.K06409	Sex_and_consortia	Female_NS1	0.0315674987718807	0.0755502628439698	85	85	0.677147182480579	0.905327628541527
ko.K03484	Sex_and_consortia	Female_NS1	0.0358383457853157	0.0856576255537295	85	85	0.67674215132808	0.905327628541527
ko.K13010	Sex_and_consortia	Female_NS1	0.0376847724846726	0.090017513926167	85	85	0.676561861933051	0.905327628541527
ko.K09707	Sex_and_consortia	Female_NS1	0.0376847724846726	0.090017513926167	85	85	0.676561861933051	0.905327628541527
ko.K08303	Sex_and_consortia	Female_NS1	0.00502832132970087	0.0120623549692753	85	85	0.677856489492075	0.905621056736265
ko.K05916	Sex_and_consortia	Female_NS1	-0.070478940234777	0.169224769360781	85	85	0.678132964297627	0.905621056736265
ko.K03752	Sex_and_consortia	Female_NS1	-0.070478940234777	0.169224769360781	85	85	0.678132964297627	0.905621056736265
ko.K03753	Sex_and_consortia	Female_NS1	-0.070478940234777	0.169224769360781	85	85	0.678132964297627	0.905621056736265
ko.K00873	Sex_and_consortia	Female_NS1	0.00511947729575291	0.0123248230684936	85	85	0.678936079602372	0.905977083650528
ko.K02914	Sex_and_consortia	Female_NS1	0.0056236498676222	0.0135520691054517	85	85	0.679237368157259	0.905977083650528
ko.K00604	Sex_and_consortia	Female_NS1	0.00445113752589584	0.0107050992554613	85	85	0.678632362871583	0.905977083650528
ko.K02619	Sex_and_consortia	Female_NS1	0.00634209569321877	0.0152890685104334	85	85	0.67934945424229	0.905977083650528
ko.K16961	Sex_and_consortia	Female_NS1	0.0355071748176543	0.0856172440655381	85	85	0.679416932166193	0.905977083650528
ko.K07736	Sex_and_consortia	Female_NS1	0.0366488717964395	0.0884032025887833	85	85	0.67952991073559	0.905977083650528
ko.K07793	Sex_and_consortia	Female_NS1	0.0329009287608763	0.079651479929221	85	85	0.680627014946415	0.907188280176638
ko.K06901	Sex_and_consortia	Female_NS1	0.0241557007639142	0.0585729138415027	85	85	0.681106647413155	0.907196519479246
ko.K00926	Sex_and_consortia	Female_NS1	0.0244790239616114	0.0593751513656045	85	85	0.681199133258382	0.907196519479246
ko.K16345	Sex_and_consortia	Female_NS1	-0.0171068319274799	0.0414815859863302	85	85	0.681112591616758	0.907196519479246
ko.K00978	Sex_and_consortia	Female_NS1	0.0345477514669941	0.0839743888912535	85	85	0.681833649276837	0.907538892713067
ko.K01709	Sex_and_consortia	Female_NS1	0.0345477514669941	0.0839743888912535	85	85	0.681833649276837	0.907538892713067
ko.K04844	Sex_and_consortia	Female_NS1	0.0910776794032697	0.221806304158071	85	85	0.682410723156335	0.908055663436308
ko.K13497	Sex_and_consortia	Female_NS1	0.00497406009855444	0.0121618843599321	85	85	0.68360216906524	0.909389441503386
ko.K02598	Sex_and_consortia	Female_NS1	0.0408101711234425	0.100359389274364	85	85	0.685318862355857	0.911316708761145
ko.K07406	Sex_and_consortia	Female_NS1	0.0366714169706964	0.09021514046002	85	85	0.68542993046144	0.911316708761145
ko.K09001	Sex_and_consortia	Female_NS1	-0.0461294454100754	0.11365099869623	85	85	0.68587023695896	0.911650074498518
ko.K03326	Sex_and_consortia	Female_NS1	-0.0415617091279857	0.102707460212126	85	85	0.686767642707149	0.912590658684355
ko.K03588	Sex_and_consortia	Female_NS1	0.00397047212195399	0.00982615273939613	85	85	0.687199130684099	0.912911773331446
ko.K02662	Sex_and_consortia	Female_NS1	-0.110216491245586	0.273006883386002	85	85	0.687461854520789	0.913008577296458
ko.K19147	Sex_and_consortia	Female_NS1	0.0252247180793052	0.0625505072164085	85	85	0.687786874721347	0.913188039904737
ko.K03696	Sex_and_consortia	Female_NS1	0.00502794862680644	0.0124850427672953	85	85	0.688191245289152	0.913472729394295
ko.K00849	Sex_and_consortia	Female_NS1	0.00489502816073492	0.0121695267531829	85	85	0.688543970507203	0.913547312612112
ko.K02574	Sex_and_consortia	Female_NS1	0.0489973295838433	0.121846697046376	85	85	0.68862736706569	0.913547312612112
ko.K06016	Sex_and_consortia	Female_NS1	0.0313134194045884	0.0779234016763598	85	85	0.688828256787956	0.913561800025726
ko.K07313	Sex_and_consortia	Female_NS1	0.0348433827318086	0.0867843603777909	85	85	0.689088477395794	0.913654945628998
ko.K01255	Sex_and_consortia	Female_NS1	0.0387042626388137	0.0966591064802322	85	85	0.689875817228597	0.914446748911886
ko.K01677	Sex_and_consortia	Female_NS1	0.0302445170130306	0.0759455220924924	85	85	0.691476105010196	0.9162704618348
ko.K07045	Sex_and_consortia	Female_NS1	0.0277605399316851	0.0697454876711289	85	85	0.691632725402438	0.9162704618348
ko.K00806	Sex_and_consortia	Female_NS1	0.00423785123742006	0.0107062442770355	85	85	0.693246203493408	0.917649598843876
ko.K03750	Sex_and_consortia	Female_NS1	0.0249352194119339	0.0629665368354397	85	85	0.693115680501215	0.917649598843876
ko.K02334	Sex_and_consortia	Female_NS1	0.0308785383281356	0.0779838243165219	85	85	0.693149973713274	0.917649598843876
ko.K18843	Sex_and_consortia	Female_NS1	0.0310634895415838	0.0790504951480923	85	85	0.695358288591302	0.919897710890388
ko.K02071	Sex_and_consortia	Female_NS1	-0.0244805318247016	0.0623326794898354	85	85	0.695518418963911	0.919897710890388
ko.K09774	Sex_and_consortia	Female_NS1	0.0310634895415838	0.0790504951480923	85	85	0.695358288591302	0.919897710890388
ko.K01644	Sex_and_consortia	Female_NS1	-0.0269115773975835	0.0686987883121583	85	85	0.696259526569722	0.9199887139233
ko.K01643	Sex_and_consortia	Female_NS1	-0.0269115773975835	0.0686987883121583	85	85	0.696259526569722	0.9199887139233
ko.K01910	Sex_and_consortia	Female_NS1	-0.0269115773975835	0.0686987883121583	85	85	0.696259526569722	0.9199887139233
ko.K00385	Sex_and_consortia	Female_NS1	0.0270862720222251	0.0692129581292353	85	85	0.696543752837333	0.9199887139233
ko.K16950	Sex_and_consortia	Female_NS1	0.0270862720222251	0.0692129581292353	85	85	0.696543752837333	0.9199887139233
ko.K00788	Sex_and_consortia	Female_NS1	-0.0067605687419836	0.0173327698107014	85	85	0.697502068130443	0.921001495233197
ko.K03758	Sex_and_consortia	Female_NS1	-0.0374970594112611	0.0963193278659383	85	85	0.698051695151562	0.921474225084782
ko.K00526	Sex_and_consortia	Female_NS1	0.0169876225405459	0.0438222906990767	85	85	0.699268895511751	0.922321480668133
ko.K03801	Sex_and_consortia	Female_NS1	0.00646764683948589	0.0166811071631871	85	85	0.69921367774272	0.922321480668133
ko.K07003	Sex_and_consortia	Female_NS1	0.0276759452936491	0.0713574378593326	85	85	0.699120337548917	0.922321480668133
ko.K09690	Sex_and_consortia	Female_NS1	0.0285462907736691	0.0739594798954486	85	85	0.700504959461432	0.923698478214978
ko.K03272	Sex_and_consortia	Female_NS1	0.0198971806362453	0.0516022164146399	85	85	0.700788520506454	0.923780728306231
ko.K12506	Sex_and_consortia	Female_NS1	0.0266188249154525	0.0690739933867477	85	85	0.70095152372415	0.923780728306231
ko.K01267	Sex_and_consortia	Female_NS1	0.0326062530035044	0.0850456793449239	85	85	0.702405744545378	0.925190146677272
ko.K12992	Sex_and_consortia	Female_NS1	0.0326062530035044	0.0850456793449239	85	85	0.702405744545378	0.925190146677272
ko.K02045	Sex_and_consortia	Female_NS1	0.0304876626597446	0.0796247974489395	85	85	0.702779010045276	0.925428329492808
ko.K15533	Sex_and_consortia	Female_NS1	0.0318109273217285	0.0833122937488594	85	85	0.703565120815573	0.926017305290424
ko.K03465	Sex_and_consortia	Female_NS1	-0.104137669687699	0.272965886495295	85	85	0.703803961496465	0.926017305290424
ko.K13281	Sex_and_consortia	Female_NS1	-0.104137669687699	0.272965886495295	85	85	0.703803961496465	0.926017305290424
ko.K01676	Sex_and_consortia	Female_NS1	0.00753441808982777	0.0199528962310858	85	85	0.706684045741294	0.927462627173782
ko.K21449	Sex_and_consortia	Female_NS1	0.029611107402371	0.0780442033016264	85	85	0.705349031330501	0.927462627173782
ko.K03594	Sex_and_consortia	Female_NS1	0.0269124997742651	0.071208180185009	85	85	0.706439160173496	0.927462627173782
ko.K18349	Sex_and_consortia	Female_NS1	0.0316025387783303	0.083875073714066	85	85	0.707297874111552	0.927462627173782
ko.K01989	Sex_and_consortia	Female_NS1	-0.0216826138631599	0.05760988783203	85	85	0.707602490975381	0.927462627173782
ko.K09607	Sex_and_consortia	Female_NS1	-0.136302134105475	0.362010024572172	85	83	0.707495012288518	0.927462627173782
ko.K13486	Sex_and_consortia	Female_NS1	-0.136302134105474	0.362010024572172	85	83	0.707495012288519	0.927462627173782
ko.K06685	Sex_and_consortia	Female_NS1	-0.136302134105474	0.362010024572172	85	83	0.707495012288519	0.927462627173782
ko.K03200	Sex_and_consortia	Female_NS1	-0.136302134105474	0.362010024572172	85	83	0.707495012288519	0.927462627173782
ko.K20531	Sex_and_consortia	Female_NS1	-0.136302134105474	0.362010024572172	85	83	0.707495012288519	0.927462627173782
ko.K19170	Sex_and_consortia	Female_NS1	-0.136302134105474	0.362010024572172	85	83	0.707495012288519	0.927462627173782
ko.K20529	Sex_and_consortia	Female_NS1	-0.136302134105474	0.362010024572172	85	83	0.707495012288519	0.927462627173782
ko.K17398	Sex_and_consortia	Female_NS1	-0.136302134105474	0.362010024572172	85	83	0.707495012288519	0.927462627173782
ko.K00720	Sex_and_consortia	Female_NS1	-0.136302134105474	0.362010024572172	85	83	0.707495012288519	0.927462627173782
ko.K06890	Sex_and_consortia	Female_NS1	0.0303234891469725	0.0810542467996314	85	85	0.709273893340686	0.929400041709907
ko.K19310	Sex_and_consortia	Female_NS1	0.0312716029789866	0.0837239730761549	85	85	0.709722456178136	0.929734484271494
ko.K03292	Sex_and_consortia	Female_NS1	0.0180863953288758	0.0510921561702209	85	85	0.724239923237063	0.930142984614454
ko.K07497	Sex_and_consortia	Female_NS1	-0.00958710706312664	0.0361565699845067	85	85	0.791547231204096	0.930142984614454
ko.K06147	Sex_and_consortia	Female_NS1	-0.012579613286442	0.0438379315689213	85	85	0.77486018711611	0.930142984614454
ko.K01194	Sex_and_consortia	Female_NS1	0.0454534991516678	0.14847514944415	85	85	0.760268136415053	0.930142984614454
ko.K05595	Sex_and_consortia	Female_NS1	-0.00833275478848513	0.025095688385972	85	85	0.740696629430085	0.930142984614454
ko.K03424	Sex_and_consortia	Female_NS1	0.00386675833772628	0.0139872897444322	85	85	0.782891218087033	0.930142984614454
ko.K00134	Sex_and_consortia	Female_NS1	0.004785785027338	0.0132037705058397	85	85	0.717932641715075	0.930142984614454
ko.K07109	Sex_and_consortia	Female_NS1	0.0353732775261122	0.122621571778627	85	85	0.773702241055149	0.930142984614454
ko.K02058	Sex_and_consortia	Female_NS1	0.0180174439831121	0.0626186438790348	85	85	0.774268422957277	0.930142984614454
ko.K07091	Sex_and_consortia	Female_NS1	0.00629835549418112	0.021651790853512	85	85	0.771858771324653	0.930142984614454
ko.K11720	Sex_and_consortia	Female_NS1	0.00612687671317678	0.0202729800305827	85	85	0.763241262256822	0.930142984614454
ko.K02575	Sex_and_consortia	Female_NS1	0.0615684383293591	0.206814513354451	85	85	0.766676917520269	0.930142984614454
ko.K02773	Sex_and_consortia	Female_NS1	0.0700764316274912	0.202420116926744	85	85	0.73007370435286	0.930142984614454
ko.K02774	Sex_and_consortia	Female_NS1	0.0346889356112086	0.0938692592803866	85	85	0.712662550611753	0.930142984614454
ko.K00851	Sex_and_consortia	Female_NS1	0.032399914786535	0.0874985718482425	85	85	0.712109108305974	0.930142984614454
ko.K01582	Sex_and_consortia	Female_NS1	0.0336633166077474	0.10597230462658	85	85	0.751539541388189	0.930142984614454
ko.K03078	Sex_and_consortia	Female_NS1	-0.0637993821175288	0.199849795627892	85	85	0.75034912938348	0.930142984614454
ko.K03585	Sex_and_consortia	Female_NS1	-0.00595883468854399	0.0180178078056848	85	85	0.741690036365978	0.930142984614454
ko.K01239	Sex_and_consortia	Female_NS1	0.0254512953131376	0.0725788489179161	85	85	0.726723664547042	0.930142984614454
ko.K01921	Sex_and_consortia	Female_NS1	0.00573060710979396	0.0174632039027591	85	85	0.743622193280161	0.930142984614454
ko.K12111	Sex_and_consortia	Female_NS1	-0.0645311247702899	0.199886624140441	85	85	0.747629335716294	0.930142984614454
ko.K04771	Sex_and_consortia	Female_NS1	0.0204220772350713	0.063844403871134	85	85	0.749868692044313	0.930142984614454
ko.K02073	Sex_and_consortia	Female_NS1	-0.0173148494322817	0.0590397658767928	85	85	0.770044474688943	0.930142984614454
ko.K02800	Sex_and_consortia	Female_NS1	0.0353732775261122	0.122621571778627	85	85	0.773702241055149	0.930142984614454
ko.K02799	Sex_and_consortia	Female_NS1	0.0353732775261122	0.122621571778627	85	85	0.773702241055149	0.930142984614454
ko.K02361	Sex_and_consortia	Female_NS1	-0.0132256097881991	0.0439800398935871	85	85	0.764381183223552	0.930142984614454
ko.K08279	Sex_and_consortia	Female_NS1	0.0353732775261122	0.122621571778627	85	85	0.773702241055149	0.930142984614454
ko.K00567	Sex_and_consortia	Female_NS1	0.00508903769797314	0.0156928754224366	85	85	0.7465345667443	0.930142984614454
ko.K12700	Sex_and_consortia	Female_NS1	0.0673231712527118	0.199133458321446	85	85	0.73615605167956	0.930142984614454
ko.K01581	Sex_and_consortia	Female_NS1	-0.0612533493467074	0.166223422516236	85	85	0.713438600954373	0.930142984614454
ko.K01935	Sex_and_consortia	Female_NS1	0.00734238304927989	0.0201900711050218	85	85	0.71703430600166	0.930142984614454
ko.K04651	Sex_and_consortia	Female_NS1	0.0216403521494792	0.0656884225488945	85	85	0.742653538470555	0.930142984614454
ko.K03604	Sex_and_consortia	Female_NS1	0.022726486192859	0.0858923582024088	85	85	0.791979229612718	0.930142984614454
ko.K01816	Sex_and_consortia	Female_NS1	0.0222110578606925	0.0634573775316329	85	85	0.727213796064517	0.930142984614454
ko.K03328	Sex_and_consortia	Female_NS1	-0.0222183764274125	0.0691749262039842	85	85	0.748872906538066	0.930142984614454
ko.K00029	Sex_and_consortia	Female_NS1	0.00612687671317678	0.0202729800305827	85	85	0.763241262256822	0.930142984614454
ko.K00014	Sex_and_consortia	Female_NS1	0.00334101584204387	0.0121903214559636	85	85	0.784710855015985	0.930142984614454
ko.K00426	Sex_and_consortia	Female_NS1	0.00624272646415019	0.0202359844400896	85	85	0.758477664395651	0.930142984614454
ko.K00425	Sex_and_consortia	Female_NS1	0.00624272646415019	0.0202359844400896	85	85	0.758477664395651	0.930142984614454
ko.K02200	Sex_and_consortia	Female_NS1	-0.0480709851194759	0.167228739254977	85	85	0.774479300233792	0.930142984614454
ko.K08194	Sex_and_consortia	Female_NS1	-0.0637993821175288	0.199849795627892	85	85	0.75034912938348	0.930142984614454
ko.K01069	Sex_and_consortia	Female_NS1	-0.0630048947355307	0.19974173732102	85	85	0.753225563924776	0.930142984614454
ko.K02804	Sex_and_consortia	Female_NS1	0.0254658030548402	0.0705989091343671	85	85	0.719231920529715	0.930142984614454
ko.K02803	Sex_and_consortia	Female_NS1	0.0254658030548402	0.0705989091343671	85	85	0.719231920529715	0.930142984614454
ko.K03148	Sex_and_consortia	Female_NS1	0.0571987329651085	0.154835870173849	85	85	0.712759034467165	0.930142984614454
ko.K00832	Sex_and_consortia	Female_NS1	-0.0637993821175288	0.199849795627892	85	85	0.75034912938348	0.930142984614454
ko.K06199	Sex_and_consortia	Female_NS1	0.00593984541087332	0.0215988818900684	85	85	0.783994213083228	0.930142984614454
ko.K00135	Sex_and_consortia	Female_NS1	-0.0645311247702899	0.199886624140441	85	85	0.747629335716294	0.930142984614454
ko.K01222	Sex_and_consortia	Female_NS1	-0.0532419407097361	0.163316025295611	85	85	0.745240637080996	0.930142984614454
ko.K02115	Sex_and_consortia	Female_NS1	0.00419611452235298	0.0123014120286534	85	85	0.733883998692463	0.930142984614454
ko.K02114	Sex_and_consortia	Female_NS1	0.00419611452235298	0.0123014120286534	85	85	0.733883998692463	0.930142984614454
ko.K02112	Sex_and_consortia	Female_NS1	0.00419611452235298	0.0123014120286534	85	85	0.733883998692463	0.930142984614454
ko.K14287	Sex_and_consortia	Female_NS1	-0.0480709851194765	0.167228739254977	85	85	0.774479300233789	0.930142984614454
ko.K03549	Sex_and_consortia	Female_NS1	-0.0380418546468326	0.143137366799953	85	85	0.79107411929116	0.930142984614454
ko.K07014	Sex_and_consortia	Female_NS1	-0.0412053863780307	0.120367108455662	85	85	0.732967215213027	0.930142984614454
ko.K03805	Sex_and_consortia	Female_NS1	-0.0480709851194765	0.167228739254977	85	85	0.774479300233789	0.930142984614454
ko.K06726	Sex_and_consortia	Female_NS1	0.0226113706277696	0.0682987411063844	85	85	0.741429234051998	0.930142984614454
ko.K03924	Sex_and_consortia	Female_NS1	0.00621088823011045	0.0216454899687146	85	85	0.774875787307196	0.930142984614454
ko.K02111	Sex_and_consortia	Female_NS1	0.00419611452235298	0.0123014120286534	85	85	0.733883998692463	0.930142984614454
ko.K02113	Sex_and_consortia	Female_NS1	0.00419611452235298	0.0123014120286534	85	85	0.733883998692463	0.930142984614454
ko.K02109	Sex_and_consortia	Female_NS1	0.00448110193024435	0.0123271791261826	85	85	0.717145230551333	0.930142984614454
ko.K02108	Sex_and_consortia	Female_NS1	0.00419611452235298	0.0123014120286534	85	85	0.733883998692463	0.930142984614454
ko.K01883	Sex_and_consortia	Female_NS1	0.00317060916577268	0.0124362395750005	85	85	0.799393003828558	0.930142984614454
ko.K14761	Sex_and_consortia	Female_NS1	0.0168296199062019	0.0628705042350605	85	85	0.789604304269978	0.930142984614454
ko.K06187	Sex_and_consortia	Female_NS1	0.00317060916577268	0.0124362395750005	85	85	0.799393003828558	0.930142984614454
ko.K02343	Sex_and_consortia	Female_NS1	0.00338183810342589	0.0126191501669564	85	85	0.7893699526713	0.930142984614454
ko.K04752	Sex_and_consortia	Female_NS1	-0.0480709851194765	0.167228739254977	85	85	0.774479300233789	0.930142984614454
ko.K19591	Sex_and_consortia	Female_NS1	-0.0472398252871118	0.16716483999633	85	85	0.778191412506813	0.930142984614454
ko.K17686	Sex_and_consortia	Female_NS1	0.00838501643476604	0.0230151741640396	85	85	0.716541438570835	0.930142984614454
ko.K07787	Sex_and_consortia	Female_NS1	-0.0296913006142956	0.0822936925754577	85	85	0.719168016986732	0.930142984614454
ko.K03151	Sex_and_consortia	Female_NS1	0.019524271625086	0.0623536276213247	85	85	0.754973700772855	0.930142984614454
ko.K03602	Sex_and_consortia	Female_NS1	0.00445651277544917	0.0122154573544413	85	85	0.716169451040011	0.930142984614454
ko.K13789	Sex_and_consortia	Female_NS1	0.00371176488079703	0.0121784009523913	85	85	0.761294655746282	0.930142984614454
ko.K00795	Sex_and_consortia	Female_NS1	-0.0480709851194765	0.167228739254977	85	85	0.774479300233789	0.930142984614454
ko.K03625	Sex_and_consortia	Female_NS1	0.0043618335037196	0.0122012284586902	85	85	0.721631441163159	0.930142984614454
ko.K18889	Sex_and_consortia	Female_NS1	0.0182310461597565	0.0708725480734804	85	85	0.797632417460727	0.930142984614454
ko.K02237	Sex_and_consortia	Female_NS1	0.0215365536073431	0.0613038557566862	85	85	0.726247292628716	0.930142984614454
ko.K03110	Sex_and_consortia	Female_NS1	0.00317060916577268	0.0124362395750005	85	85	0.799393003828558	0.930142984614454
ko.K03089	Sex_and_consortia	Female_NS1	-0.0480709851194765	0.167228739254977	85	85	0.774479300233789	0.930142984614454
ko.K07115	Sex_and_consortia	Female_NS1	0.0217035802011493	0.0811435044422789	85	85	0.789769623031064	0.930142984614454
ko.K07007	Sex_and_consortia	Female_NS1	0.0171152321960576	0.06669146945491	85	85	0.798097156567316	0.930142984614454
ko.K04760	Sex_and_consortia	Female_NS1	-0.0480709851194765	0.167228739254977	85	85	0.774479300233789	0.930142984614454
ko.K07659	Sex_and_consortia	Female_NS1	-0.0381241045617331	0.106475983548897	85	85	0.721212235131435	0.930142984614454
ko.K07638	Sex_and_consortia	Female_NS1	-0.0480709851194765	0.167228739254977	85	85	0.774479300233789	0.930142984614454
ko.K00681	Sex_and_consortia	Female_NS1	-0.0472398252871118	0.16716483999633	85	85	0.778191412506813	0.930142984614454
ko.K03977	Sex_and_consortia	Female_NS1	0.00317060916577268	0.0124362395750005	85	85	0.799393003828558	0.930142984614454
ko.K06999	Sex_and_consortia	Female_NS1	-0.0502628631172717	0.153957759233872	85	85	0.744889241368269	0.930142984614454
ko.K01892	Sex_and_consortia	Female_NS1	0.00317060916577268	0.0124362395750005	85	85	0.799393003828558	0.930142984614454
ko.K10763	Sex_and_consortia	Female_NS1	-0.0480709851194765	0.167228739254977	85	85	0.774479300233789	0.930142984614454
ko.K07287	Sex_and_consortia	Female_NS1	-0.0480709851194765	0.167228739254977	85	85	0.774479300233789	0.930142984614454
ko.K12140	Sex_and_consortia	Female_NS1	0.0333202684498658	0.102984710839607	85	85	0.747095755920135	0.930142984614454
ko.K04082	Sex_and_consortia	Female_NS1	-0.0480709851194765	0.167228739254977	85	85	0.774479300233789	0.930142984614454
ko.K02046	Sex_and_consortia	Female_NS1	-0.0480709851194765	0.167228739254977	85	85	0.774479300233789	0.930142984614454
ko.K02047	Sex_and_consortia	Female_NS1	-0.0480709851194765	0.167228739254977	85	85	0.774479300233789	0.930142984614454
ko.K00772	Sex_and_consortia	Female_NS1	-0.016290179165918	0.0636318800629168	85	85	0.798579190014221	0.930142984614454
ko.K03815	Sex_and_consortia	Female_NS1	-0.0480709851194765	0.167228739254977	85	85	0.774479300233789	0.930142984614454
ko.K04755	Sex_and_consortia	Female_NS1	-0.0480709851194765	0.167228739254977	85	85	0.774479300233789	0.930142984614454
ko.K07223	Sex_and_consortia	Female_NS1	0.0211781420762645	0.0808537818405626	85	85	0.794023302082938	0.930142984614454
ko.K04044	Sex_and_consortia	Female_NS1	-0.0480709851194765	0.167228739254977	85	85	0.774479300233789	0.930142984614454
ko.K00556	Sex_and_consortia	Female_NS1	0.0350281735017088	0.0956277827696925	85	85	0.715075495253612	0.930142984614454
ko.K05501	Sex_and_consortia	Female_NS1	-0.0480709851194765	0.167228739254977	85	85	0.774479300233789	0.930142984614454
ko.K00954	Sex_and_consortia	Female_NS1	0.00317060916577268	0.0124362395750005	85	85	0.799393003828558	0.930142984614454
ko.K03536	Sex_and_consortia	Female_NS1	0.00399025418366248	0.0121795924398595	85	85	0.744025416872936	0.930142984614454
ko.K03685	Sex_and_consortia	Female_NS1	0.00317060916577268	0.0124362395750005	85	85	0.799393003828558	0.930142984614454
ko.K03596	Sex_and_consortia	Female_NS1	0.00317060916577268	0.0124362395750005	85	85	0.799393003828558	0.930142984614454
ko.K02313	Sex_and_consortia	Female_NS1	0.00317060916577268	0.0124362395750005	85	85	0.799393003828558	0.930142984614454
ko.K03629	Sex_and_consortia	Female_NS1	0.0043618335037196	0.0122012284586902	85	85	0.721631441163159	0.930142984614454
ko.K03584	Sex_and_consortia	Female_NS1	0.00317060916577268	0.0124362395750005	85	85	0.799393003828558	0.930142984614454
ko.K01867	Sex_and_consortia	Female_NS1	0.00341864062919755	0.0124363584874426	85	85	0.784083235099597	0.930142984614454
ko.K01783	Sex_and_consortia	Female_NS1	-0.00430433061222188	0.0121008119452825	85	85	0.722963258050165	0.930142984614454
ko.K15633	Sex_and_consortia	Female_NS1	0.00433650662954386	0.0167822478295386	85	85	0.796739106939164	0.930142984614454
ko.K03071	Sex_and_consortia	Female_NS1	-0.0480709851194765	0.167228739254977	85	85	0.774479300233789	0.930142984614454
ko.K02841	Sex_and_consortia	Female_NS1	-0.0480709851194765	0.167228739254977	85	85	0.774479300233789	0.930142984614454
ko.K07019	Sex_and_consortia	Female_NS1	-0.0480709851194765	0.167228739254977	85	85	0.774479300233789	0.930142984614454
ko.K02950	Sex_and_consortia	Female_NS1	0.00317060916577268	0.0124362395750005	85	85	0.799393003828558	0.930142984614454
ko.K02992	Sex_and_consortia	Female_NS1	0.00317060916577268	0.0124362395750005	85	85	0.799393003828558	0.930142984614454
ko.K03560	Sex_and_consortia	Female_NS1	-0.0480709851194765	0.167228739254977	85	85	0.774479300233789	0.930142984614454
ko.K03562	Sex_and_consortia	Female_NS1	-0.0480709851194765	0.167228739254977	85	85	0.774479300233789	0.930142984614454
ko.K01075	Sex_and_consortia	Female_NS1	-0.0480709851194765	0.167228739254977	85	85	0.774479300233789	0.930142984614454
ko.K03664	Sex_and_consortia	Female_NS1	0.00317060916577268	0.0124362395750005	85	85	0.799393003828558	0.930142984614454
ko.K00965	Sex_and_consortia	Female_NS1	0.0225669304945392	0.0652483963561853	85	85	0.730321675093619	0.930142984614454
ko.K08641	Sex_and_consortia	Female_NS1	0.00774819241291518	0.0277738021579686	85	85	0.780958047271941	0.930142984614454
ko.K06186	Sex_and_consortia	Female_NS1	-0.0480709851194765	0.167228739254977	85	85	0.774479300233789	0.930142984614454
ko.K03695	Sex_and_consortia	Female_NS1	0.00306298285606531	0.0118125965635732	85	85	0.796047352330219	0.930142984614454
ko.K00554	Sex_and_consortia	Female_NS1	0.00317060916577268	0.0124362395750005	85	85	0.799393003828558	0.930142984614454
ko.K02959	Sex_and_consortia	Female_NS1	0.00317060916577268	0.0124362395750005	85	85	0.799393003828558	0.930142984614454
ko.K03106	Sex_and_consortia	Female_NS1	0.00317060916577268	0.0124362395750005	85	85	0.799393003828558	0.930142984614454
ko.K00858	Sex_and_consortia	Female_NS1	0.00317060916577268	0.0124362395750005	85	85	0.799393003828558	0.930142984614454
ko.K03631	Sex_and_consortia	Female_NS1	0.00317060916577268	0.0124362395750005	85	85	0.799393003828558	0.930142984614454
ko.K07560	Sex_and_consortia	Female_NS1	0.00317060916577268	0.0124362395750005	85	85	0.799393003828558	0.930142984614454
ko.K08963	Sex_and_consortia	Female_NS1	0.0212415588243836	0.0628104988055385	85	85	0.736077830460936	0.930142984614454
ko.K00848	Sex_and_consortia	Female_NS1	0.0149541906436624	0.0564533209479287	85	85	0.791747248387864	0.930142984614454
ko.K08159	Sex_and_consortia	Female_NS1	-0.0480709851194765	0.167228739254977	85	85	0.774479300233789	0.930142984614454
ko.K07662	Sex_and_consortia	Female_NS1	-0.0480709851194765	0.167228739254977	85	85	0.774479300233789	0.930142984614454
ko.K07640	Sex_and_consortia	Female_NS1	-0.0480709851194765	0.167228739254977	85	85	0.774479300233789	0.930142984614454
ko.K02450	Sex_and_consortia	Female_NS1	0.0217035802011493	0.0811435044422789	85	85	0.789769623031064	0.930142984614454
ko.K02946	Sex_and_consortia	Female_NS1	0.00317060916577268	0.0124362395750005	85	85	0.799393003828558	0.930142984614454
ko.K20542	Sex_and_consortia	Female_NS1	-0.0480709851194765	0.167228739254977	85	85	0.774479300233789	0.930142984614454
ko.K06207	Sex_and_consortia	Female_NS1	0.00317060916577268	0.0124362395750005	85	85	0.799393003828558	0.930142984614454
ko.K07708	Sex_and_consortia	Female_NS1	-0.0480709851194765	0.167228739254977	85	85	0.774479300233789	0.930142984614454
ko.K07712	Sex_and_consortia	Female_NS1	-0.0480709851194765	0.167228739254977	85	85	0.774479300233789	0.930142984614454
ko.K04066	Sex_and_consortia	Female_NS1	0.00344689766214714	0.0124400183707811	85	85	0.782406511740377	0.930142984614454
ko.K00528	Sex_and_consortia	Female_NS1	0.0183637982130725	0.059411854580826	85	85	0.758025225101945	0.930142984614454
ko.K00864	Sex_and_consortia	Female_NS1	0.0157049252468419	0.0579470310894911	85	85	0.78704692679403	0.930142984614454
ko.K02906	Sex_and_consortia	Female_NS1	0.00317060916577268	0.0124362395750005	85	85	0.799393003828558	0.930142984614454
ko.K11606	Sex_and_consortia	Female_NS1	-0.0480709851194765	0.167228739254977	85	85	0.774479300233789	0.930142984614454
ko.K03673	Sex_and_consortia	Female_NS1	-0.0480709851194765	0.167228739254977	85	85	0.774479300233789	0.930142984614454
ko.K02948	Sex_and_consortia	Female_NS1	0.00317060916577268	0.0124362395750005	85	85	0.799393003828558	0.930142984614454
ko.K03040	Sex_and_consortia	Female_NS1	0.00411431474691264	0.0113250637937967	85	85	0.717309769968909	0.930142984614454
ko.K02879	Sex_and_consortia	Female_NS1	0.00317060916577268	0.0124362395750005	85	85	0.799393003828558	0.930142984614454
ko.K08365	Sex_and_consortia	Female_NS1	-0.0472398252871118	0.16716483999633	85	85	0.778191412506813	0.930142984614454
ko.K03282	Sex_and_consortia	Female_NS1	0.00317060916577268	0.0124362395750005	85	85	0.799393003828558	0.930142984614454
ko.K07566	Sex_and_consortia	Female_NS1	0.00317060916577268	0.0124362395750005	85	85	0.799393003828558	0.930142984614454
ko.K02952	Sex_and_consortia	Female_NS1	0.00317060916577268	0.0124362395750005	85	85	0.799393003828558	0.930142984614454
ko.K02926	Sex_and_consortia	Female_NS1	0.00317060916577268	0.0124362395750005	85	85	0.799393003828558	0.930142984614454
ko.K02892	Sex_and_consortia	Female_NS1	0.00317060916577268	0.0124362395750005	85	85	0.799393003828558	0.930142984614454
ko.K02886	Sex_and_consortia	Female_NS1	0.00317060916577268	0.0124362395750005	85	85	0.799393003828558	0.930142984614454
ko.K02965	Sex_and_consortia	Female_NS1	0.00317060916577268	0.0124362395750005	85	85	0.799393003828558	0.930142984614454
ko.K02890	Sex_and_consortia	Female_NS1	0.00317060916577268	0.0124362395750005	85	85	0.799393003828558	0.930142984614454
ko.K02982	Sex_and_consortia	Female_NS1	0.00317060916577268	0.0124362395750005	85	85	0.799393003828558	0.930142984614454
ko.K02878	Sex_and_consortia	Female_NS1	0.00317060916577268	0.0124362395750005	85	85	0.799393003828558	0.930142984614454
ko.K02904	Sex_and_consortia	Female_NS1	0.00317060916577268	0.0124362395750005	85	85	0.799393003828558	0.930142984614454
ko.K02961	Sex_and_consortia	Female_NS1	0.00317060916577268	0.0124362395750005	85	85	0.799393003828558	0.930142984614454
ko.K02874	Sex_and_consortia	Female_NS1	0.00317060916577268	0.0124362395750005	85	85	0.799393003828558	0.930142984614454
ko.K02895	Sex_and_consortia	Female_NS1	0.00317060916577268	0.0124362395750005	85	85	0.799393003828558	0.930142984614454
ko.K02931	Sex_and_consortia	Female_NS1	0.00317060916577268	0.0124362395750005	85	85	0.799393003828558	0.930142984614454
ko.K02994	Sex_and_consortia	Female_NS1	0.00317060916577268	0.0124362395750005	85	85	0.799393003828558	0.930142984614454
ko.K02933	Sex_and_consortia	Female_NS1	0.00317060916577268	0.0124362395750005	85	85	0.799393003828558	0.930142984614454
ko.K02881	Sex_and_consortia	Female_NS1	0.00317060916577268	0.0124362395750005	85	85	0.799393003828558	0.930142984614454
ko.K02988	Sex_and_consortia	Female_NS1	0.00317060916577268	0.0124362395750005	85	85	0.799393003828558	0.930142984614454
ko.K02876	Sex_and_consortia	Female_NS1	0.00317060916577268	0.0124362395750005	85	85	0.799393003828558	0.930142984614454
ko.K02867	Sex_and_consortia	Female_NS1	0.00339771770196639	0.0125812719576806	85	85	0.787783254830399	0.930142984614454
ko.K02863	Sex_and_consortia	Female_NS1	0.00339771770196639	0.0125812719576806	85	85	0.787783254830399	0.930142984614454
ko.K02864	Sex_and_consortia	Female_NS1	0.00339771770196639	0.0125812719576806	85	85	0.787783254830399	0.930142984614454
ko.K02935	Sex_and_consortia	Female_NS1	0.00339771770196639	0.0125812719576806	85	85	0.787783254830399	0.930142984614454
ko.K03149	Sex_and_consortia	Female_NS1	0.00784830060139183	0.0254495955665416	85	85	0.758561241563869	0.930142984614454
ko.K03154	Sex_and_consortia	Female_NS1	0.00822637465945404	0.0261544198011549	85	85	0.753907099892881	0.930142984614454
ko.K03575	Sex_and_consortia	Female_NS1	0.00442607788412324	0.0124101050827654	85	85	0.722258092616717	0.930142984614454
ko.K07491	Sex_and_consortia	Female_NS1	0.0195440345543603	0.0625174641503485	85	85	0.755355612640445	0.930142984614454
ko.K02346	Sex_and_consortia	Female_NS1	0.00433325769229289	0.0126288915163466	85	85	0.732373807436849	0.930142984614454
ko.K00931	Sex_and_consortia	Female_NS1	0.00442804288780607	0.013556422710314	85	85	0.744763949830223	0.930142984614454
ko.K00147	Sex_and_consortia	Female_NS1	0.00442804288780607	0.013556422710314	85	85	0.744763949830223	0.930142984614454
ko.K06997	Sex_and_consortia	Female_NS1	0.00317060916577268	0.0124362395750005	85	85	0.799393003828558	0.930142984614454
ko.K00927	Sex_and_consortia	Female_NS1	0.00317060916577268	0.0124362395750005	85	85	0.799393003828558	0.930142984614454
ko.K16787	Sex_and_consortia	Female_NS1	0.0208937539827886	0.070072713852965	85	85	0.766316685497291	0.930142984614454
ko.K01150	Sex_and_consortia	Female_NS1	-0.0480709851194765	0.167228739254977	85	85	0.774479300233789	0.930142984614454
ko.K07735	Sex_and_consortia	Female_NS1	0.00536550211424702	0.0199485652296458	85	85	0.788622676747127	0.930142984614454
ko.K06189	Sex_and_consortia	Female_NS1	-0.0480709851194765	0.167228739254977	85	85	0.774479300233789	0.930142984614454
ko.K03756	Sex_and_consortia	Female_NS1	-0.0480709851194765	0.167228739254977	85	85	0.774479300233789	0.930142984614454
ko.K10003	Sex_and_consortia	Female_NS1	-0.0480709851194765	0.167228739254977	85	85	0.774479300233789	0.930142984614454
ko.K07700	Sex_and_consortia	Female_NS1	-0.0480709851194765	0.167228739254977	85	85	0.774479300233789	0.930142984614454
ko.K12973	Sex_and_consortia	Female_NS1	-0.0480709851194765	0.167228739254977	85	85	0.774479300233789	0.930142984614454
ko.K09158	Sex_and_consortia	Female_NS1	-0.0480709851194765	0.167228739254977	85	85	0.774479300233789	0.930142984614454
ko.K09710	Sex_and_consortia	Female_NS1	0.00442607788412324	0.0124101050827654	85	85	0.722258092616717	0.930142984614454
ko.K02340	Sex_and_consortia	Female_NS1	0.00317060916577268	0.0124362395750005	85	85	0.799393003828558	0.930142984614454
ko.K03643	Sex_and_consortia	Female_NS1	-0.0480709851194765	0.167228739254977	85	85	0.774479300233789	0.930142984614454
ko.K01869	Sex_and_consortia	Female_NS1	0.00323790950401996	0.012446586672505	85	85	0.795396671500784	0.930142984614454
ko.K01934	Sex_and_consortia	Female_NS1	0.00436151269957468	0.012233467634579	85	85	0.72235365690086	0.930142984614454
ko.K07588	Sex_and_consortia	Female_NS1	0.00536811367978569	0.0191115023639642	85	85	0.779498427044201	0.930142984614454
ko.K06980	Sex_and_consortia	Female_NS1	-0.0480709851194765	0.167228739254977	85	85	0.774479300233789	0.930142984614454
ko.K01487	Sex_and_consortia	Female_NS1	0.0184038665649692	0.0699993306825321	85	85	0.793267709866558	0.930142984614454
ko.K02836	Sex_and_consortia	Female_NS1	0.00317060916577268	0.0124362395750005	85	85	0.799393003828558	0.930142984614454
ko.K03981	Sex_and_consortia	Female_NS1	-0.0480709851194765	0.167228739254977	85	85	0.774479300233789	0.930142984614454
ko.K03923	Sex_and_consortia	Female_NS1	-0.0480709851194765	0.167228739254977	85	85	0.774479300233789	0.930142984614454
ko.K00655	Sex_and_consortia	Female_NS1	0.003950373875102	0.0111589883511455	85	85	0.724230436386674	0.930142984614454
ko.K13954	Sex_and_consortia	Female_NS1	0.027269134764473	0.088598791923428	85	85	0.759019060810545	0.930142984614454
ko.K06202	Sex_and_consortia	Female_NS1	-0.0480709851194765	0.167228739254977	85	85	0.774479300233789	0.930142984614454
ko.K05786	Sex_and_consortia	Female_NS1	-0.0472398252871118	0.16716483999633	85	85	0.778191412506813	0.930142984614454
ko.K01048	Sex_and_consortia	Female_NS1	0.0639909254860526	0.179245384604485	85	85	0.721996523759701	0.930142984614454
ko.K00549	Sex_and_consortia	Female_NS1	0.0102091234240038	0.0328938275368593	85	85	0.757060707446323	0.930142984614454
ko.K03182	Sex_and_consortia	Female_NS1	0.0232723737172362	0.0645143184934003	85	85	0.719216341024022	0.930142984614454
ko.K00230	Sex_and_consortia	Female_NS1	-0.0480709851194765	0.167228739254977	85	85	0.774479300233789	0.930142984614454
ko.K01956	Sex_and_consortia	Female_NS1	0.00317060916577268	0.0124362395750005	85	85	0.799393003828558	0.930142984614454
ko.K11746	Sex_and_consortia	Female_NS1	-0.0480709851194765	0.167228739254977	85	85	0.774479300233789	0.930142984614454
ko.K01525	Sex_and_consortia	Female_NS1	-0.0480709851194765	0.167228739254977	85	85	0.774479300233789	0.930142984614454
ko.K02528	Sex_and_consortia	Female_NS1	0.00317060916577268	0.0124362395750005	85	85	0.799393003828558	0.930142984614454
ko.K01870	Sex_and_consortia	Female_NS1	0.00317060916577268	0.0124362395750005	85	85	0.799393003828558	0.930142984614454
ko.K05805	Sex_and_consortia	Female_NS1	-0.0480709851194765	0.167228739254977	85	85	0.774479300233789	0.930142984614454
ko.K06143	Sex_and_consortia	Female_NS1	0.0217035802011493	0.0811435044422789	85	85	0.789769623031064	0.930142984614454
ko.K03310	Sex_and_consortia	Female_NS1	-0.00475086595382432	0.0141691305623078	85	85	0.738247100485184	0.930142984614454
ko.K03831	Sex_and_consortia	Female_NS1	-0.0480709851194765	0.167228739254977	85	85	0.774479300233789	0.930142984614454
ko.K02968	Sex_and_consortia	Female_NS1	0.00317060916577268	0.0124362395750005	85	85	0.799393003828558	0.930142984614454
ko.K03589	Sex_and_consortia	Female_NS1	0.00317060916577268	0.0124362395750005	85	85	0.799393003828558	0.930142984614454
ko.K03531	Sex_and_consortia	Female_NS1	0.00317060916577268	0.0124362395750005	85	85	0.799393003828558	0.930142984614454
ko.K02535	Sex_and_consortia	Female_NS1	-0.0480709851194765	0.167228739254977	85	85	0.774479300233789	0.930142984614454
ko.K03070	Sex_and_consortia	Female_NS1	0.00317060916577268	0.0124362395750005	85	85	0.799393003828558	0.930142984614454
ko.K09862	Sex_and_consortia	Female_NS1	-0.0480709851194765	0.167228739254977	85	85	0.774479300233789	0.930142984614454
ko.K18778	Sex_and_consortia	Female_NS1	-0.0480709851194765	0.167228739254977	85	85	0.774479300233789	0.930142984614454
ko.K01929	Sex_and_consortia	Female_NS1	-0.00469742247006741	0.0144503485873872	85	85	0.745943578730329	0.930142984614454
ko.K03587	Sex_and_consortia	Female_NS1	0.00453822503477656	0.0162275554229073	85	85	0.780432845538718	0.930142984614454
ko.K01531	Sex_and_consortia	Female_NS1	0.0192614885873838	0.0599089479847857	85	85	0.748630146840846	0.930142984614454
ko.K00609	Sex_and_consortia	Female_NS1	0.00317060916577268	0.0124362395750005	85	85	0.799393003828558	0.930142984614454
ko.K02339	Sex_and_consortia	Female_NS1	-0.0480709851194765	0.167228739254977	85	85	0.774479300233789	0.930142984614454
ko.K07278	Sex_and_consortia	Female_NS1	-0.0480709851194765	0.167228739254977	85	85	0.774479300233789	0.930142984614454
ko.K09800	Sex_and_consortia	Female_NS1	-0.0480709851194765	0.167228739254977	85	85	0.774479300233789	0.930142984614454
ko.K03841	Sex_and_consortia	Female_NS1	-0.0480709851194765	0.167228739254977	85	85	0.774479300233789	0.930142984614454
ko.K09889	Sex_and_consortia	Female_NS1	-0.0480709851194765	0.167228739254977	85	85	0.774479300233789	0.930142984614454
ko.K03789	Sex_and_consortia	Female_NS1	-0.0189103910469021	0.0623123467913486	85	85	0.762285458247753	0.930142984614454
ko.K01560	Sex_and_consortia	Female_NS1	0.0198184805557033	0.0673877096701754	85	85	0.769418490660917	0.930142984614454
ko.K08309	Sex_and_consortia	Female_NS1	-0.0435445792208273	0.154992449603395	85	85	0.77945062717244	0.930142984614454
ko.K02509	Sex_and_consortia	Female_NS1	-0.0480709851194765	0.167228739254977	85	85	0.774479300233789	0.930142984614454
ko.K03806	Sex_and_consortia	Female_NS1	-0.0480709851194765	0.167228739254977	85	85	0.774479300233789	0.930142984614454
ko.K01695	Sex_and_consortia	Female_NS1	0.00374334202477592	0.0122021490096966	85	85	0.759781218719368	0.930142984614454
ko.K06190	Sex_and_consortia	Female_NS1	-0.0480709851194765	0.167228739254977	85	85	0.774479300233789	0.930142984614454
ko.K01147	Sex_and_consortia	Female_NS1	-0.0480709851194765	0.167228739254977	85	85	0.774479300233789	0.930142984614454
ko.K01591	Sex_and_consortia	Female_NS1	0.00345021967548627	0.0124517908122082	85	85	0.782402819165911	0.930142984614454
ko.K19804	Sex_and_consortia	Female_NS1	-0.0480709851194765	0.167228739254977	85	85	0.774479300233789	0.930142984614454
ko.K11105	Sex_and_consortia	Female_NS1	-0.0165291314003462	0.0499208797873611	85	85	0.74139847493288	0.930142984614454
ko.K02493	Sex_and_consortia	Female_NS1	0.00442607788412324	0.0124101050827654	85	85	0.722258092616717	0.930142984614454
ko.K02835	Sex_and_consortia	Female_NS1	0.00317060916577268	0.0124362395750005	85	85	0.799393003828558	0.930142984614454
ko.K00919	Sex_and_consortia	Female_NS1	0.0043618335037196	0.0122012284586902	85	85	0.721631441163159	0.930142984614454
ko.K01056	Sex_and_consortia	Female_NS1	0.00317060916577268	0.0124362395750005	85	85	0.799393003828558	0.930142984614454
ko.K06942	Sex_and_consortia	Female_NS1	0.00317060916577268	0.0124362395750005	85	85	0.799393003828558	0.930142984614454
ko.K15724	Sex_and_consortia	Female_NS1	-0.0480709851194765	0.167228739254977	85	85	0.774479300233789	0.930142984614454
ko.K09903	Sex_and_consortia	Female_NS1	0.00317060916577268	0.0124362395750005	85	85	0.799393003828558	0.930142984614454
ko.K02838	Sex_and_consortia	Female_NS1	0.00317060916577268	0.0124362395750005	85	85	0.799393003828558	0.930142984614454
ko.K06204	Sex_and_consortia	Female_NS1	-0.0480709851194765	0.167228739254977	85	85	0.774479300233789	0.930142984614454
ko.K00760	Sex_and_consortia	Female_NS1	0.00342402152116645	0.0125001787058902	85	85	0.78482831959464	0.930142984614454
ko.K02026	Sex_and_consortia	Female_NS1	0.0259103913300691	0.0931192605807403	85	85	0.78151281059203	0.930142984614454
ko.K02025	Sex_and_consortia	Female_NS1	0.0277887029735298	0.0899423811909493	85	85	0.75812527802945	0.930142984614454
ko.K02027	Sex_and_consortia	Female_NS1	0.0307883000730424	0.0895900656499584	85	85	0.731972891063138	0.930142984614454
ko.K03470	Sex_and_consortia	Female_NS1	0.00317060916577268	0.0124362395750005	85	85	0.799393003828558	0.930142984614454
ko.K08234	Sex_and_consortia	Female_NS1	0.0203689750375227	0.0629407158025979	85	85	0.747038553124246	0.930142984614454
ko.K04075	Sex_and_consortia	Female_NS1	0.00317060916577268	0.0124362395750005	85	85	0.799393003828558	0.930142984614454
ko.K19736	Sex_and_consortia	Female_NS1	-0.0480709851194765	0.167228739254977	85	85	0.774479300233789	0.930142984614454
ko.K03490	Sex_and_consortia	Female_NS1	0.0217035802011493	0.0811435044422789	85	85	0.789769623031064	0.930142984614454
ko.K02520	Sex_and_consortia	Female_NS1	0.00317060916577268	0.0124362395750005	85	85	0.799393003828558	0.930142984614454
ko.K02916	Sex_and_consortia	Female_NS1	0.00317060916577268	0.0124362395750005	85	85	0.799393003828558	0.930142984614454
ko.K02887	Sex_and_consortia	Female_NS1	0.00317060916577268	0.0124362395750005	85	85	0.799393003828558	0.930142984614454
ko.K01889	Sex_and_consortia	Female_NS1	0.00317060916577268	0.0124362395750005	85	85	0.799393003828558	0.930142984614454
ko.K01890	Sex_and_consortia	Female_NS1	0.00317060916577268	0.0124362395750005	85	85	0.799393003828558	0.930142984614454
ko.K11250	Sex_and_consortia	Female_NS1	-0.0480709851194765	0.167228739254977	85	85	0.774479300233789	0.930142984614454
ko.K00275	Sex_and_consortia	Female_NS1	0.00979227174365922	0.0356088447206424	85	85	0.784003084835167	0.930142984614454
ko.K07039	Sex_and_consortia	Female_NS1	-0.0480709851194765	0.167228739254977	85	85	0.774479300233789	0.930142984614454
ko.K02217	Sex_and_consortia	Female_NS1	-0.00702177936105412	0.0261433402707151	85	85	0.788913446543312	0.930142984614454
ko.K00563	Sex_and_consortia	Female_NS1	-0.0243478638401665	0.0880597885382366	85	85	0.78285722779594	0.930142984614454
ko.K03550	Sex_and_consortia	Female_NS1	0.00317060916577268	0.0124362395750005	85	85	0.799393003828558	0.930142984614454
ko.K03551	Sex_and_consortia	Female_NS1	0.00317060916577268	0.0124362395750005	85	85	0.799393003828558	0.930142984614454
ko.K01744	Sex_and_consortia	Female_NS1	0.019740274093946	0.0708827948345741	85	85	0.781327535397546	0.930142984614454
ko.K04078	Sex_and_consortia	Female_NS1	0.00317060916577268	0.0124362395750005	85	85	0.799393003828558	0.930142984614454
ko.K04077	Sex_and_consortia	Female_NS1	0.00317060916577268	0.0124362395750005	85	85	0.799393003828558	0.930142984614454
ko.K02042	Sex_and_consortia	Female_NS1	0.0355524564702925	0.0989012653109761	85	85	0.720153315544444	0.930142984614454
ko.K13771	Sex_and_consortia	Female_NS1	-0.0480709851194765	0.167228739254977	85	85	0.774479300233789	0.930142984614454
ko.K03218	Sex_and_consortia	Female_NS1	0.00317060916577268	0.0124362395750005	85	85	0.799393003828558	0.930142984614454
ko.K02990	Sex_and_consortia	Female_NS1	0.00317060916577268	0.0124362395750005	85	85	0.799393003828558	0.930142984614454
ko.K02963	Sex_and_consortia	Female_NS1	0.00317060916577268	0.0124362395750005	85	85	0.799393003828558	0.930142984614454
ko.K02939	Sex_and_consortia	Female_NS1	0.00317060916577268	0.0124362395750005	85	85	0.799393003828558	0.930142984614454
ko.K17758	Sex_and_consortia	Female_NS1	0.00415307442243084	0.0114975753497571	85	85	0.71885799890849	0.930142984614454
ko.K01810	Sex_and_consortia	Female_NS1	0.00422682130666907	0.0115850910786243	85	85	0.71615132554284	0.930142984614454
ko.K13256	Sex_and_consortia	Female_NS1	-0.0480709851194765	0.167228739254977	85	85	0.774479300233789	0.930142984614454
ko.K05539	Sex_and_consortia	Female_NS1	-0.0480709851194765	0.167228739254977	85	85	0.774479300233789	0.930142984614454
ko.K04754	Sex_and_consortia	Female_NS1	-0.0480709851194765	0.167228739254977	85	85	0.774479300233789	0.930142984614454
ko.K01193	Sex_and_consortia	Female_NS1	0.0272494380985334	0.0826029054700601	85	85	0.742318193076117	0.930142984614454
ko.K03317	Sex_and_consortia	Female_NS1	0.0165926027693725	0.0572126218920235	85	85	0.772526949126609	0.930142984614454
ko.K07320	Sex_and_consortia	Female_NS1	-0.0480709851194765	0.167228739254977	85	85	0.774479300233789	0.930142984614454
ko.K01736	Sex_and_consortia	Female_NS1	0.00317060916577268	0.0124362395750005	85	85	0.799393003828558	0.930142984614454
ko.K03186	Sex_and_consortia	Female_NS1	0.0232723737172362	0.0645143184934003	85	85	0.719216341024022	0.930142984614454
ko.K03582	Sex_and_consortia	Female_NS1	-0.0480709851194765	0.167228739254977	85	85	0.774479300233789	0.930142984614454
ko.K08304	Sex_and_consortia	Female_NS1	-0.0480709851194765	0.167228739254977	85	85	0.774479300233789	0.930142984614454
ko.K06879	Sex_and_consortia	Female_NS1	-0.0480709851194765	0.167228739254977	85	85	0.774479300233789	0.930142984614454
ko.K03583	Sex_and_consortia	Female_NS1	-0.0480709851194765	0.167228739254977	85	85	0.774479300233789	0.930142984614454
ko.K02199	Sex_and_consortia	Female_NS1	-0.0480709851194765	0.167228739254977	85	85	0.774479300233789	0.930142984614454
ko.K02569	Sex_and_consortia	Female_NS1	-0.0480709851194765	0.167228739254977	85	85	0.774479300233789	0.930142984614454
ko.K02573	Sex_and_consortia	Female_NS1	0.0405996073650016	0.124492351238892	85	85	0.745153426286163	0.930142984614454
ko.K02567	Sex_and_consortia	Female_NS1	-0.055453680213085	0.160858818895285	85	85	0.731165542493243	0.930142984614454
ko.K07114	Sex_and_consortia	Female_NS1	0.00532330167805584	0.0161060705188851	85	85	0.741843550136251	0.930142984614454
ko.K00342	Sex_and_consortia	Female_NS1	0.00772754174493299	0.0254094212233535	85	85	0.761796763239094	0.930142984614454
ko.K00341	Sex_and_consortia	Female_NS1	0.00773944914674003	0.0254087736202887	85	85	0.761435150725239	0.930142984614454
ko.K00340	Sex_and_consortia	Female_NS1	0.00772754174493299	0.0254094212233535	85	85	0.761796763239094	0.930142984614454
ko.K00339	Sex_and_consortia	Female_NS1	0.00772754174493299	0.0254094212233535	85	85	0.761796763239094	0.930142984614454
ko.K00338	Sex_and_consortia	Female_NS1	0.00805695141161798	0.0253410959374176	85	85	0.751328896636601	0.930142984614454
ko.K00330	Sex_and_consortia	Female_NS1	0.00772754174493299	0.0254094212233535	85	85	0.761796763239094	0.930142984614454
ko.K00343	Sex_and_consortia	Female_NS1	0.00772754174493299	0.0254094212233535	85	85	0.761796763239094	0.930142984614454
ko.K03818	Sex_and_consortia	Female_NS1	0.0117505053185258	0.0373294674407292	85	85	0.753719970434903	0.930142984614454
ko.K07664	Sex_and_consortia	Female_NS1	-0.0480709851194765	0.167228739254977	85	85	0.774479300233789	0.930142984614454
ko.K07642	Sex_and_consortia	Female_NS1	-0.0480709851194765	0.167228739254977	85	85	0.774479300233789	0.930142984614454
ko.K01151	Sex_and_consortia	Female_NS1	0.00410408337355739	0.0121069756063388	85	85	0.735477153799409	0.930142984614454
ko.K11183	Sex_and_consortia	Female_NS1	-0.0480709851194765	0.167228739254977	85	85	0.774479300233789	0.930142984614454
ko.K07262	Sex_and_consortia	Female_NS1	-0.0480709851194765	0.167228739254977	85	85	0.774479300233789	0.930142984614454
ko.K01141	Sex_and_consortia	Female_NS1	-0.0480709851194765	0.167228739254977	85	85	0.774479300233789	0.930142984614454
ko.K08305	Sex_and_consortia	Female_NS1	-0.0480709851194765	0.167228739254977	85	85	0.774479300233789	0.930142984614454
ko.K01515	Sex_and_consortia	Female_NS1	-0.00437588135026994	0.0143734820389692	85	85	0.761553730287202	0.930142984614454
ko.K00813	Sex_and_consortia	Female_NS1	-0.0480709851194765	0.167228739254977	85	85	0.774479300233789	0.930142984614454
ko.K00800	Sex_and_consortia	Female_NS1	0.00317060916577268	0.0124362395750005	85	85	0.799393003828558	0.930142984614454
ko.K01893	Sex_and_consortia	Female_NS1	0.00399025418366248	0.0121795924398595	85	85	0.744025416872936	0.930142984614454
ko.K00355	Sex_and_consortia	Female_NS1	-0.0480709851194765	0.167228739254977	85	85	0.774479300233789	0.930142984614454
ko.K01875	Sex_and_consortia	Female_NS1	0.00317060916577268	0.0124362395750005	85	85	0.799393003828558	0.930142984614454
ko.K16013	Sex_and_consortia	Female_NS1	0.0639909254860526	0.179245384604485	85	85	0.721996523759701	0.930142984614454
ko.K00684	Sex_and_consortia	Female_NS1	0.0117505053185258	0.0373294674407292	85	85	0.753719970434903	0.930142984614454
ko.K02518	Sex_and_consortia	Female_NS1	0.00317060916577268	0.0124362395750005	85	85	0.799393003828558	0.930142984614454
ko.K02911	Sex_and_consortia	Female_NS1	0.00424863257357439	0.0115028450070056	85	85	0.712803821597879	0.930142984614454
ko.K02341	Sex_and_consortia	Female_NS1	0.00317060916577268	0.0124362395750005	85	85	0.799393003828558	0.930142984614454
ko.K02503	Sex_and_consortia	Female_NS1	0.00317060916577268	0.0124362395750005	85	85	0.799393003828558	0.930142984614454
ko.K16088	Sex_and_consortia	Female_NS1	-0.0480709851194765	0.167228739254977	85	85	0.774479300233789	0.930142984614454
ko.K03810	Sex_and_consortia	Female_NS1	0.0226725485796573	0.0719871493171709	85	85	0.753587985996351	0.930142984614454
ko.K02427	Sex_and_consortia	Female_NS1	-0.0480709851194765	0.167228739254977	85	85	0.774479300233789	0.930142984614454
ko.K01940	Sex_and_consortia	Female_NS1	0.00317060916577268	0.0124362395750005	85	85	0.799393003828558	0.930142984614454
ko.K02600	Sex_and_consortia	Female_NS1	0.0031989155772609	0.0124399581376478	85	85	0.797700611987386	0.930142984614454
ko.K02834	Sex_and_consortia	Female_NS1	0.0031989155772609	0.0124399581376478	85	85	0.797700611987386	0.930142984614454
ko.K03177	Sex_and_consortia	Female_NS1	0.00431024276548079	0.0115963798788752	85	85	0.71107187789073	0.930142984614454
ko.K02956	Sex_and_consortia	Female_NS1	0.00317060916577268	0.0124362395750005	85	85	0.799393003828558	0.930142984614454
ko.K00962	Sex_and_consortia	Female_NS1	0.00317060916577268	0.0124362395750005	85	85	0.799393003828558	0.930142984614454
ko.K00020	Sex_and_consortia	Female_NS1	-0.0229302259365994	0.064359311475502	85	85	0.722531575239903	0.930142984614454
ko.K11106	Sex_and_consortia	Female_NS1	-0.0480709851194765	0.167228739254977	85	85	0.774479300233789	0.930142984614454
ko.K06153	Sex_and_consortia	Female_NS1	0.00317060916577268	0.0124362395750005	85	85	0.799393003828558	0.930142984614454
ko.K07184	Sex_and_consortia	Female_NS1	-0.0480709851194765	0.167228739254977	85	85	0.774479300233789	0.930142984614454
ko.K21344	Sex_and_consortia	Female_NS1	-0.0480709851194765	0.167228739254977	85	85	0.774479300233789	0.930142984614454
ko.K02858	Sex_and_consortia	Female_NS1	-0.0480709851194765	0.167228739254977	85	85	0.774479300233789	0.930142984614454
ko.K22230	Sex_and_consortia	Female_NS1	0.0230071684430426	0.0672359963166118	85	85	0.733076425165494	0.930142984614454
ko.K00219	Sex_and_consortia	Female_NS1	0.0329828360257118	0.099424241066508	85	85	0.740923041941373	0.930142984614454
ko.K03979	Sex_and_consortia	Female_NS1	0.00317060916577268	0.0124362395750005	85	85	0.799393003828558	0.930142984614454
ko.K11934	Sex_and_consortia	Female_NS1	0.0195842993479033	0.0740695353551075	85	85	0.792123890295755	0.930142984614454
ko.K09971	Sex_and_consortia	Female_NS1	-0.0480709851194765	0.167228739254977	85	85	0.774479300233789	0.930142984614454
ko.K09970	Sex_and_consortia	Female_NS1	-0.0480709851194765	0.167228739254977	85	85	0.774479300233789	0.930142984614454
ko.K09969	Sex_and_consortia	Female_NS1	-0.0480709851194765	0.167228739254977	85	85	0.774479300233789	0.930142984614454
ko.K07319	Sex_and_consortia	Female_NS1	-0.0412053863780307	0.120367108455662	85	85	0.732967215213027	0.930142984614454
ko.K03557	Sex_and_consortia	Female_NS1	-0.0480709851194765	0.167228739254977	85	85	0.774479300233789	0.930142984614454
ko.K02169	Sex_and_consortia	Female_NS1	0.00574556902724354	0.017562066997745	85	85	0.744372135423429	0.930142984614454
ko.K06970	Sex_and_consortia	Female_NS1	0.0217035802011493	0.0811435044422789	85	85	0.789769623031064	0.930142984614454
ko.K03635	Sex_and_consortia	Female_NS1	-0.0472398252871118	0.16716483999633	85	85	0.778191412506813	0.930142984614454
ko.K03636	Sex_and_consortia	Female_NS1	-0.0472398252871118	0.16716483999633	85	85	0.778191412506813	0.930142984614454
ko.K07323	Sex_and_consortia	Female_NS1	-0.0480709851194765	0.167228739254977	85	85	0.774479300233789	0.930142984614454
ko.K00790	Sex_and_consortia	Female_NS1	0.00275920060412559	0.0102663893666658	85	85	0.788780857478641	0.930142984614454
ko.K02871	Sex_and_consortia	Female_NS1	0.00317060916577268	0.0124362395750005	85	85	0.799393003828558	0.930142984614454
ko.K02996	Sex_and_consortia	Female_NS1	0.00317060916577268	0.0124362395750005	85	85	0.799393003828558	0.930142984614454
ko.K03599	Sex_and_consortia	Female_NS1	-0.0480709851194765	0.167228739254977	85	85	0.774479300233789	0.930142984614454
ko.K01788	Sex_and_consortia	Female_NS1	0.0235367224178353	0.070831644329213	85	85	0.740507223095081	0.930142984614454
ko.K03091	Sex_and_consortia	Female_NS1	0.0233183472527306	0.0740551698578027	85	85	0.753644482595284	0.930142984614454
ko.K21471	Sex_and_consortia	Female_NS1	0.0218622743789504	0.0685431873186365	85	85	0.750561038951472	0.930142984614454
ko.K00805	Sex_and_consortia	Female_NS1	-0.0204917855206368	0.0646059053222644	85	85	0.75190251800551	0.930142984614454
ko.K08384	Sex_and_consortia	Female_NS1	0.0291260176255314	0.0796210686212628	85	85	0.715439092154009	0.930142984614454
ko.K07729	Sex_and_consortia	Female_NS1	0.0251551553430971	0.0813473174618099	85	85	0.757920353223309	0.930142984614454
ko.K07335	Sex_and_consortia	Female_NS1	0.022485819840184	0.0726699061299809	85	85	0.7577744068476	0.930142984614454
ko.K06337	Sex_and_consortia	Female_NS1	0.0228063653286783	0.0848929509023927	85	85	0.788866793693481	0.930142984614454
ko.K02809	Sex_and_consortia	Female_NS1	-0.0233456407613066	0.0756732467615559	85	85	0.758470415165632	0.930142984614454
ko.K02810	Sex_and_consortia	Female_NS1	-0.0233456407613066	0.0756732467615559	85	85	0.758470415165632	0.930142984614454
ko.K12373	Sex_and_consortia	Female_NS1	0.0112337865027644	0.0302524242194226	85	85	0.711334174904538	0.930142984614454
ko.K01206	Sex_and_consortia	Female_NS1	0.0124223131548194	0.0335437705135268	85	85	0.712078926573453	0.930142984614454
ko.K03699	Sex_and_consortia	Female_NS1	0.00375301414040787	0.0132769100449781	85	85	0.778131827912794	0.930142984614454
ko.K10844	Sex_and_consortia	Female_NS1	0.0295378686741652	0.085707125950419	85	85	0.731238834155333	0.930142984614454
ko.K09825	Sex_and_consortia	Female_NS1	0.00488250126464704	0.0154337961251707	85	85	0.752530117989878	0.930142984614454
ko.K07451	Sex_and_consortia	Female_NS1	-0.0257868096723461	0.084953154329165	85	85	0.762236797878458	0.930142984614454
ko.K09759	Sex_and_consortia	Female_NS1	0.0282277446062136	0.087267177703317	85	85	0.747157851768692	0.930142984614454
ko.K01938	Sex_and_consortia	Female_NS1	0.0034313130271542	0.0111262649013588	85	85	0.758552520510778	0.930142984614454
ko.K01880	Sex_and_consortia	Female_NS1	0.00514416522925715	0.0141277650511867	85	85	0.716696283450499	0.930142984614454
ko.K03707	Sex_and_consortia	Female_NS1	-0.0190697868899946	0.0718191368343036	85	85	0.791263335251907	0.930142984614454
ko.K10202	Sex_and_consortia	Female_NS1	0.0287853395739277	0.0823450077298105	85	85	0.727546874170109	0.930142984614454
ko.K06412	Sex_and_consortia	Female_NS1	0.0318895233986796	0.0878080984659849	85	85	0.717399019710944	0.930142984614454
ko.K00375	Sex_and_consortia	Female_NS1	0.0246180895532647	0.0681560220850722	85	85	0.718866259544392	0.930142984614454
ko.K09118	Sex_and_consortia	Female_NS1	-0.05885248509492	0.20137002773883	85	85	0.770816843260727	0.930142984614454
ko.K10254	Sex_and_consortia	Female_NS1	0.0239172321038392	0.0750095140314007	85	85	0.75063676378841	0.930142984614454
ko.K09692	Sex_and_consortia	Female_NS1	-0.0211975177907243	0.0799199629529134	85	85	0.791486580578221	0.930142984614454
ko.K17734	Sex_and_consortia	Female_NS1	0.0295378686741652	0.085707125950419	85	85	0.731238834155333	0.930142984614454
ko.K08998	Sex_and_consortia	Female_NS1	-0.00567457376134699	0.0203031092127314	85	85	0.78056192722931	0.930142984614454
ko.K10117	Sex_and_consortia	Female_NS1	0.0272925956897185	0.0968275825345022	85	85	0.77874634396526	0.930142984614454
ko.K00520	Sex_and_consortia	Female_NS1	0.0210510525484832	0.0769638991123911	85	85	0.785134126416389	0.930142984614454
ko.K04034	Sex_and_consortia	Female_NS1	0.0295378686741652	0.085707125950419	85	85	0.731238834155333	0.930142984614454
ko.K03706	Sex_and_consortia	Female_NS1	-0.022482699916046	0.0799184299455832	85	85	0.7791646703618	0.930142984614454
ko.K01006	Sex_and_consortia	Female_NS1	0.00524018360045889	0.014180234479213	85	85	0.712665388287374	0.930142984614454
ko.K01567	Sex_and_consortia	Female_NS1	0.0295378686741652	0.085707125950419	85	85	0.731238834155333	0.930142984614454
ko.K09705	Sex_and_consortia	Female_NS1	-0.060562249620097	0.201367310931424	85	85	0.764353323793706	0.930142984614454
ko.K06331	Sex_and_consortia	Female_NS1	0.0295378686741652	0.085707125950419	85	85	0.731238834155333	0.930142984614454
ko.K17675	Sex_and_consortia	Female_NS1	0.0297127792666364	0.0822390190585366	85	85	0.718794873566048	0.930142984614454
ko.K09764	Sex_and_consortia	Female_NS1	0.0292456313569199	0.0822908784205879	85	85	0.723196513196781	0.930142984614454
ko.K04092	Sex_and_consortia	Female_NS1	-0.05885248509492	0.20137002773883	85	85	0.770816843260727	0.930142984614454
ko.K03716	Sex_and_consortia	Female_NS1	0.0295378686741652	0.085707125950419	85	85	0.731238834155333	0.930142984614454
ko.K21755	Sex_and_consortia	Female_NS1	0.0292276361169272	0.0857051665904425	85	85	0.733946247351021	0.930142984614454
ko.K07035	Sex_and_consortia	Female_NS1	-0.0194122469755654	0.068807853206717	85	85	0.778551825662763	0.930142984614454
ko.K03660	Sex_and_consortia	Female_NS1	0.0295378686741652	0.085707125950419	85	85	0.731238834155333	0.930142984614454
ko.K01580	Sex_and_consortia	Female_NS1	-0.00635611812132381	0.0213746095451131	85	85	0.766928804644738	0.930142984614454
ko.K10797	Sex_and_consortia	Female_NS1	0.029063103555841	0.0957502545054165	85	85	0.762245316934673	0.930142984614454
ko.K01426	Sex_and_consortia	Female_NS1	-0.0228702921620777	0.0782259264850517	85	85	0.770739403799395	0.930142984614454
ko.K12511	Sex_and_consortia	Female_NS1	0.0309277211742501	0.0906340020717511	85	85	0.733787136850048	0.930142984614454
ko.K02279	Sex_and_consortia	Female_NS1	0.0300650743036218	0.0909533159739747	85	85	0.741813609921722	0.930142984614454
ko.K12510	Sex_and_consortia	Female_NS1	0.0262685421821819	0.0907806904893024	85	85	0.773025432880316	0.930142984614454
ko.K02283	Sex_and_consortia	Female_NS1	0.0268316466799493	0.0885278026474215	85	85	0.762581748509316	0.930142984614454
ko.K01854	Sex_and_consortia	Female_NS1	0.0252821735404177	0.0680102280170677	85	85	0.711033224548026	0.930142984614454
ko.K07033	Sex_and_consortia	Female_NS1	-0.0286798264948241	0.0838712784797612	85	85	0.733252453696991	0.930142984614454
ko.K07316	Sex_and_consortia	Female_NS1	0.00654715026491314	0.0197044823969251	85	85	0.740525287067473	0.930142984614454
ko.K08217	Sex_and_consortia	Female_NS1	0.0271839182060088	0.0818197410457154	85	85	0.740544465902723	0.930142984614454
ko.K09765	Sex_and_consortia	Female_NS1	0.0055499231658565	0.0212095864390771	85	85	0.794223748561247	0.930142984614454
ko.K07741	Sex_and_consortia	Female_NS1	0.0203472612113455	0.0704644011303918	85	85	0.773485427871499	0.930142984614454
ko.K17074	Sex_and_consortia	Female_NS1	-0.0210759797790088	0.0632595491785204	85	85	0.739848537840199	0.930142984614454
ko.K04940	Sex_and_consortia	Female_NS1	0.0328414441131697	0.0940250365147561	85	85	0.727760692043405	0.930142984614454
ko.K04061	Sex_and_consortia	Female_NS1	0.03246588195834	0.0907404377621976	85	85	0.721409884468609	0.930142984614454
ko.K09749	Sex_and_consortia	Female_NS1	0.03246588195834	0.0907404377621976	85	85	0.721409884468609	0.930142984614454
ko.K07080	Sex_and_consortia	Female_NS1	0.0326001059624419	0.0939826874444183	85	85	0.729564266682986	0.930142984614454
ko.K17076	Sex_and_consortia	Female_NS1	-0.0188517489077982	0.062986744636027	85	85	0.765461551438515	0.930142984614454
ko.K03189	Sex_and_consortia	Female_NS1	0.0340795037213548	0.10850334816322	85	85	0.754242961614817	0.930142984614454
ko.K01023	Sex_and_consortia	Female_NS1	0.0266053229871989	0.0726507251507079	85	85	0.715141205463393	0.930142984614454
ko.K19052	Sex_and_consortia	Female_NS1	-0.0356534594766466	0.127625186143699	85	85	0.780662987527543	0.930142984614454
ko.K21063	Sex_and_consortia	Female_NS1	-0.0213194358859439	0.0677534130169496	85	85	0.753807817649652	0.930142984614454
ko.K08679	Sex_and_consortia	Female_NS1	0.0254747255759681	0.0822392224668812	85	85	0.757517040415527	0.930142984614454
ko.K00333	Sex_and_consortia	Female_NS1	0.00609020399460213	0.0208585744753533	85	85	0.771033492634152	0.930142984614454
ko.K19340	Sex_and_consortia	Female_NS1	0.0200722183705705	0.0761466593008472	85	85	0.79274190538881	0.930142984614454
ko.K01155	Sex_and_consortia	Female_NS1	-0.00977206356090535	0.0326458354523596	85	85	0.765432203072159	0.930142984614454
ko.K01761	Sex_and_consortia	Female_NS1	0.0290931567210912	0.0801284895803734	85	85	0.717467195076047	0.930142984614454
ko.K15022	Sex_and_consortia	Female_NS1	0.0266440312335016	0.0824088231251771	85	85	0.747269670914015	0.930142984614454
ko.K06978	Sex_and_consortia	Female_NS1	0.0203458034816077	0.0689650205856195	85	85	0.76871813413618	0.930142984614454
ko.K19002	Sex_and_consortia	Female_NS1	-0.0219156053744646	0.0797924137069853	85	85	0.784261677290712	0.930142984614454
ko.K06888	Sex_and_consortia	Female_NS1	0.0271785836256087	0.0993366684369371	85	85	0.785071176941876	0.930142984614454
ko.K05567	Sex_and_consortia	Female_NS1	0.0304578040912395	0.0992230061231912	85	85	0.759640253413734	0.930142984614454
ko.K05565	Sex_and_consortia	Female_NS1	0.0304578040912395	0.0992230061231912	85	85	0.759640253413734	0.930142984614454
ko.K01235	Sex_and_consortia	Female_NS1	-0.0497387039964024	0.188139817329044	85	83	0.792149446383527	0.930142984614454
ko.K17215	Sex_and_consortia	Female_NS1	-0.0482848809829871	0.188138353451919	85	83	0.798087463971736	0.930142984614454
ko.K19200	Sex_and_consortia	Female_NS1	-0.0524585669778099	0.188178200868074	85	83	0.7811141922695	0.930142984614454
ko.K17234	Sex_and_consortia	Female_NS1	-0.0594370422637965	0.188488910999242	85	83	0.753299220839641	0.930142984614454
ko.K17236	Sex_and_consortia	Female_NS1	-0.0524585669778099	0.188178200868074	85	83	0.7811141922695	0.930142984614454
ko.K17238	Sex_and_consortia	Female_NS1	-0.0524585669778099	0.188178200868074	85	83	0.7811141922695	0.930142984614454
ko.K17214	Sex_and_consortia	Female_NS1	-0.0524585669778099	0.188178200868074	85	83	0.7811141922695	0.930142984614454
ko.K05297	Sex_and_consortia	Female_NS1	-0.0524585669778099	0.188178200868074	85	83	0.7811141922695	0.930142984614454
ko.K01308	Sex_and_consortia	Female_NS1	-0.0524585669778099	0.188178200868074	85	83	0.7811141922695	0.930142984614454
ko.K13016	Sex_and_consortia	Female_NS1	-0.0328694624685564	0.112132970770818	85	85	0.770154934518994	0.930142984614454
ko.K18574	Sex_and_consortia	Female_NS1	-0.0317761629357601	0.0993092801563889	85	85	0.749793828584878	0.930142984614454
ko.K03146	Sex_and_consortia	Female_NS1	-0.0317761629357601	0.0993092801563889	85	85	0.749793828584878	0.930142984614454
ko.K00015	Sex_and_consortia	Female_NS1	-0.031660949067553	0.0993217029051387	85	85	0.750700440648485	0.930142984614454
ko.K17218	Sex_and_consortia	Female_NS1	-0.0317761629357601	0.0993092801563889	85	85	0.749793828584878	0.930142984614454
ko.K06320	Sex_and_consortia	Female_NS1	-0.0317761629357601	0.0993092801563889	85	85	0.749793828584878	0.930142984614454
ko.K20968	Sex_and_consortia	Female_NS1	-0.0361990438094423	0.116128980310253	85	85	0.756039447628141	0.930142984614454
ko.K14274	Sex_and_consortia	Female_NS1	-0.0317761629357601	0.0993092801563889	85	85	0.749793828584878	0.930142984614454
ko.K00318	Sex_and_consortia	Female_NS1	-0.031660949067553	0.0993217029051387	85	85	0.750700440648485	0.930142984614454
ko.K01113	Sex_and_consortia	Female_NS1	-0.0382786407121349	0.112163262853799	85	85	0.733758195834789	0.930142984614454
ko.K07391	Sex_and_consortia	Female_NS1	0.00430735458110873	0.0169255709840886	85	85	0.799748032031032	0.930330983560047
ko.K01250	Sex_and_consortia	Female_NS1	0.0255560819543134	0.101149856162811	85	85	0.801158993597326	0.93039690900979
ko.K01939	Sex_and_consortia	Female_NS1	0.00314232827901477	0.0124325993066834	85	85	0.801087013443966	0.93039690900979
ko.K03665	Sex_and_consortia	Female_NS1	0.00314232827901477	0.0124325993066834	85	85	0.801087013443966	0.93039690900979
ko.K02899	Sex_and_consortia	Female_NS1	0.00314232827901477	0.0124325993066834	85	85	0.801087013443966	0.93039690900979
ko.K02888	Sex_and_consortia	Female_NS1	0.00314232827901477	0.0124325993066834	85	85	0.801087013443966	0.93039690900979
ko.K00016	Sex_and_consortia	Female_NS1	-0.0195754234361489	0.0773961010397484	85	85	0.800951394411206	0.93039690900979
ko.K22468	Sex_and_consortia	Female_NS1	-0.0307450616026222	0.121262736921225	85	85	0.800477249371794	0.93039690900979
ko.K05979	Sex_and_consortia	Female_NS1	-0.0194930425390486	0.0775718608601355	85	85	0.802210912285369	0.931393596615243
ko.K03327	Sex_and_consortia	Female_NS1	0.00440268777171943	0.017599518547442	85	85	0.803082113249769	0.932180034423881
ko.K01937	Sex_and_consortia	Female_NS1	0.00310332556144776	0.0124273027218289	85	85	0.803422168164571	0.932349712042332
ko.K11753	Sex_and_consortia	Female_NS1	0.00318232024488481	0.0128067726889562	85	85	0.804371198668661	0.932661910671835
ko.K01286	Sex_and_consortia	Female_NS1	0.0191425937479693	0.0768856630044288	85	85	0.803995328651019	0.932661910671835
ko.K20444	Sex_and_consortia	Female_NS1	-0.0171255964666847	0.0689538700243854	85	85	0.804466958924261	0.932661910671835
ko.K17073	Sex_and_consortia	Female_NS1	0.0161839129570855	0.0651425641569101	85	85	0.804408911786891	0.932661910671835
ko.K03210	Sex_and_consortia	Female_NS1	0.00307501914995989	0.0124236283757755	85	85	0.805121894026196	0.932971370692042
ko.K03439	Sex_and_consortia	Female_NS1	0.00307501914995989	0.0124236283757755	85	85	0.805121894026196	0.932971370692042
ko.K03605	Sex_and_consortia	Female_NS1	0.0269590148011968	0.109958288914523	85	85	0.806926171268922	0.933936933244824
ko.K06281	Sex_and_consortia	Female_NS1	0.0269590148011968	0.109958288914523	85	85	0.806926171268922	0.933936933244824
ko.K06282	Sex_and_consortia	Female_NS1	0.0269590148011968	0.109958288914523	85	85	0.806926171268922	0.933936933244824
ko.K06872	Sex_and_consortia	Female_NS1	0.0042983132266991	0.0174670500161062	85	85	0.806226883274084	0.933936933244824
ko.K07037	Sex_and_consortia	Female_NS1	-0.00512647631610387	0.0208702244558001	85	85	0.80657047396306	0.933936933244824
ko.K01159	Sex_and_consortia	Female_NS1	0.00473174481108485	0.019329972327054	85	85	0.807224775657039	0.934057734873605
ko.K07171	Sex_and_consortia	Female_NS1	0.0178315183428247	0.0755617278339508	85	85	0.814024800808249	0.934305901939074
ko.K03969	Sex_and_consortia	Female_NS1	0.0500048868737335	0.215551212346454	85	85	0.81711982532771	0.934305901939074
ko.K03824	Sex_and_consortia	Female_NS1	0.0500048868737335	0.215551212346454	85	85	0.81711982532771	0.934305901939074
ko.K06911	Sex_and_consortia	Female_NS1	0.00465067357489607	0.0194381710863154	85	85	0.811497911896192	0.934305901939074
ko.K03281	Sex_and_consortia	Female_NS1	0.00439250220196865	0.0188182387035508	85	85	0.81601210750961	0.934305901939074
ko.K07038	Sex_and_consortia	Female_NS1	0.0524540387052057	0.215282969163596	85	85	0.808101884674765	0.934305901939074
ko.K00794	Sex_and_consortia	Female_NS1	0.00397355799067008	0.0168209763237921	85	85	0.813839001726356	0.934305901939074
ko.K11752	Sex_and_consortia	Female_NS1	0.00397006481021356	0.0168205169146129	85	85	0.813994619171618	0.934305901939074
ko.K01153	Sex_and_consortia	Female_NS1	0.00781948226097585	0.0323667185121271	85	85	0.809693578529823	0.934305901939074
ko.K02884	Sex_and_consortia	Female_NS1	0.00289377262905515	0.0124343378900689	85	85	0.816548422365373	0.934305901939074
ko.K03524	Sex_and_consortia	Female_NS1	0.00298957689609265	0.0124478119273561	85	85	0.810791530063885	0.934305901939074
ko.K03076	Sex_and_consortia	Female_NS1	0.00288899461958775	0.012424356534824	85	85	0.816701368917297	0.934305901939074
ko.K03046	Sex_and_consortia	Female_NS1	0.00295157066948098	0.0123557614542427	85	85	0.811785827787746	0.934305901939074
ko.K07150	Sex_and_consortia	Female_NS1	0.0170274949798398	0.0706115563051407	85	85	0.810038858837188	0.934305901939074
ko.K07462	Sex_and_consortia	Female_NS1	0.00288945044805286	0.0124243233439142	85	85	0.816672490596413	0.934305901939074
ko.K01710	Sex_and_consortia	Female_NS1	0.00351237061714201	0.0145573650374329	85	85	0.80993478844865	0.934305901939074
ko.K01657	Sex_and_consortia	Female_NS1	0.00302324901642346	0.0125639862728659	85	85	0.810436688956554	0.934305901939074
ko.K00793	Sex_and_consortia	Female_NS1	0.00397355799067008	0.0168209763237921	85	85	0.813839001726356	0.934305901939074
ko.K12573	Sex_and_consortia	Female_NS1	0.00288945044805286	0.0124243233439142	85	85	0.816672490596413	0.934305901939074
ko.K06949	Sex_and_consortia	Female_NS1	0.00351964873528469	0.0148007006187387	85	85	0.812620064876315	0.934305901939074
ko.K06925	Sex_and_consortia	Female_NS1	0.00295157066948098	0.0123557614542427	85	85	0.811785827787746	0.934305901939074
ko.K01874	Sex_and_consortia	Female_NS1	0.00305867021712983	0.0126298778564717	85	85	0.809240144703086	0.934305901939074
ko.K01512	Sex_and_consortia	Female_NS1	0.0159178168908807	0.0679346083375176	85	85	0.815320674807944	0.934305901939074
ko.K03790	Sex_and_consortia	Female_NS1	0.0130283284820115	0.0549032188431388	85	85	0.81301170632822	0.934305901939074
ko.K06408	Sex_and_consortia	Female_NS1	0.0230491155203755	0.095561597709351	85	85	0.809997730224835	0.934305901939074
ko.K01950	Sex_and_consortia	Female_NS1	0.00383693073581905	0.0158404854850678	85	85	0.809204844425237	0.934305901939074
ko.K11031	Sex_and_consortia	Female_NS1	-0.0281009746610029	0.117477015874199	85	85	0.811537066696826	0.934305901939074
ko.K00533	Sex_and_consortia	Female_NS1	0.0230491155203755	0.095561597709351	85	85	0.809997730224835	0.934305901939074
ko.K03486	Sex_and_consortia	Female_NS1	-0.0191773598425569	0.0791971085510066	85	85	0.809263402283779	0.934305901939074
ko.K22445	Sex_and_consortia	Female_NS1	0.0202239663073993	0.0857580152159914	85	85	0.814148662225309	0.934305901939074
ko.K01181	Sex_and_consortia	Female_NS1	0.0245232214549198	0.105414600023968	85	85	0.816616838325668	0.934305901939074
ko.K19118	Sex_and_consortia	Female_NS1	0.0161344836748804	0.0675069852369096	85	85	0.811691139618911	0.934305901939074
ko.K19117	Sex_and_consortia	Female_NS1	0.0160159007133995	0.0675125836918663	85	85	0.81306418939689	0.934305901939074
ko.K19119	Sex_and_consortia	Female_NS1	0.0161344836748804	0.0675069852369096	85	85	0.811691139618911	0.934305901939074
ko.K01971	Sex_and_consortia	Female_NS1	-0.0454034542174322	0.194370788031662	85	84	0.815876933451703	0.934305901939074
ko.K10979	Sex_and_consortia	Female_NS1	-0.0454034542174322	0.194370788031662	85	84	0.815876933451703	0.934305901939074
ko.K01966	Sex_and_consortia	Female_NS1	0.00396381956761776	0.0167993872981488	85	85	0.81405253892667	0.934305901939074
ko.K07118	Sex_and_consortia	Female_NS1	-0.0272742613402761	0.116661496362923	85	85	0.815723889891597	0.934305901939074
ko.K01415	Sex_and_consortia	Female_NS1	-0.0253978400709494	0.107026455537651	85	85	0.813005475936023	0.934305901939074
ko.K20023	Sex_and_consortia	Female_NS1	-0.0434692537040645	0.188228295097075	85	83	0.817930515109898	0.934305901939074
ko.K01799	Sex_and_consortia	Female_NS1	-0.0434692537040686	0.188228295097075	85	83	0.817930515109881	0.934305901939074
ko.K17227	Sex_and_consortia	Female_NS1	-0.0434692537040686	0.188228295097075	85	83	0.817930515109881	0.934305901939074
ko.K07794	Sex_and_consortia	Female_NS1	-0.0434692537040686	0.188228295097075	85	83	0.817930515109881	0.934305901939074
ko.K10747	Sex_and_consortia	Female_NS1	-0.0434692537040686	0.188228295097075	85	83	0.817930515109881	0.934305901939074
ko.K13018	Sex_and_consortia	Female_NS1	-0.0221721027730519	0.0926886059795703	85	85	0.811531935376903	0.934305901939074
ko.K17467	Sex_and_consortia	Female_NS1	-0.0434692537040686	0.188228295097075	85	83	0.817930515109881	0.934305901939074
ko.K20742	Sex_and_consortia	Female_NS1	-0.0434692537040686	0.188228295097075	85	83	0.817930515109881	0.934305901939074
ko.K16515	Sex_and_consortia	Female_NS1	-0.0434692537040686	0.188228295097075	85	83	0.817930515109881	0.934305901939074
ko.K08964	Sex_and_consortia	Female_NS1	-0.0434692537040686	0.188228295097075	85	83	0.817930515109881	0.934305901939074
ko.K16845	Sex_and_consortia	Female_NS1	-0.0434692537040686	0.188228295097075	85	83	0.817930515109881	0.934305901939074
ko.K10780	Sex_and_consortia	Female_NS1	-0.0434692537040686	0.188228295097075	85	83	0.817930515109881	0.934305901939074
ko.K21558	Sex_and_consortia	Female_NS1	-0.0434692537040686	0.188228295097075	85	83	0.817930515109881	0.934305901939074
ko.K22430	Sex_and_consortia	Female_NS1	-0.0434692537040686	0.188228295097075	85	83	0.817930515109881	0.934305901939074
ko.K06877	Sex_and_consortia	Female_NS1	0.0162087220993882	0.0696576232758978	85	85	0.81657397604305	0.934305901939074
ko.K02428	Sex_and_consortia	Female_NS1	0.00319200839612119	0.0138706441939782	85	85	0.818559387398323	0.934358436743065
ko.K17837	Sex_and_consortia	Female_NS1	-0.0597272221866586	0.259262409050896	85	85	0.818368314021164	0.934358436743065
ko.K19171	Sex_and_consortia	Female_NS1	-0.0597272221866586	0.259262409050896	85	85	0.818368314021164	0.934358436743065
ko.K01425	Sex_and_consortia	Female_NS1	0.00599056216570896	0.026117132458294	85	85	0.81914338914701	0.934765870541238
ko.K02517	Sex_and_consortia	Female_NS1	0.00473944034567475	0.0206814214744028	85	85	0.819305083038328	0.934765870541238
ko.K01823	Sex_and_consortia	Female_NS1	-0.0429647967491327	0.189143966482359	85	85	0.820862615259758	0.936239085691619
ko.K07590	Sex_and_consortia	Female_NS1	0.0153529279717092	0.0676354975917557	85	85	0.820985698557196	0.936239085691619
ko.K15634	Sex_and_consortia	Female_NS1	0.0136258056826215	0.0607092450295974	85	85	0.822963697195903	0.93781089169859
ko.K08169	Sex_and_consortia	Female_NS1	0.0177302670343681	0.0794887184014872	85	85	0.824041605977919	0.93781089169859
ko.K00647	Sex_and_consortia	Female_NS1	0.0174932704615826	0.0785868569397374	85	85	0.824395322550579	0.93781089169859
ko.K06295	Sex_and_consortia	Female_NS1	0.0150037354767554	0.0676000727670465	85	85	0.82489916237992	0.93781089169859
ko.K11692	Sex_and_consortia	Female_NS1	0.0150037354767554	0.0676000727670465	85	85	0.82489916237992	0.93781089169859
ko.K01699	Sex_and_consortia	Female_NS1	0.0150037354767554	0.0676000727670465	85	85	0.82489916237992	0.93781089169859
ko.K06120	Sex_and_consortia	Female_NS1	0.0150037354767554	0.0676000727670465	85	85	0.82489916237992	0.93781089169859
ko.K06121	Sex_and_consortia	Female_NS1	0.0150037354767554	0.0676000727670465	85	85	0.82489916237992	0.93781089169859
ko.K13919	Sex_and_consortia	Female_NS1	0.0150037354767554	0.0676000727670465	85	85	0.82489916237992	0.93781089169859
ko.K06122	Sex_and_consortia	Female_NS1	0.0150037354767554	0.0676000727670465	85	85	0.82489916237992	0.93781089169859
ko.K13920	Sex_and_consortia	Female_NS1	0.0150037354767554	0.0676000727670465	85	85	0.82489916237992	0.93781089169859
ko.K06402	Sex_and_consortia	Female_NS1	0.0150037354767554	0.0676000727670465	85	85	0.82489916237992	0.93781089169859
ko.K06413	Sex_and_consortia	Female_NS1	0.0150037354767554	0.0676000727670465	85	85	0.82489916237992	0.93781089169859
ko.K03771	Sex_and_consortia	Female_NS1	0.0039258329959261	0.0177108024681634	85	85	0.82512055066136	0.937815909207062
ko.K07010	Sex_and_consortia	Female_NS1	0.0141900051041504	0.0640805342171959	85	85	0.825293601115468	0.937815909207062
ko.K02551	Sex_and_consortia	Female_NS1	0.00324734869701175	0.0147748503825941	85	85	0.826575192654052	0.939050342894717
ko.K03547	Sex_and_consortia	Female_NS1	-0.00334008712809652	0.0152542985999909	85	85	0.827218441159998	0.939170979256709
ko.K03431	Sex_and_consortia	Female_NS1	0.0148427009329115	0.0676683501513945	85	85	0.826919984367162	0.939170979256709
ko.K03702	Sex_and_consortia	Female_NS1	0.0028234080272782	0.0129131481796506	85	85	0.827462557519375	0.939170979256709
ko.K06338	Sex_and_consortia	Female_NS1	0.0191960504621654	0.0877444814166042	85	85	0.8273645817638	0.939170979256709
ko.K00645	Sex_and_consortia	Female_NS1	0.00270755781655948	0.0124364868227201	85	85	0.828188764174577	0.939773423056994
ko.K06400	Sex_and_consortia	Female_NS1	0.0130995996246412	0.060244031542677	85	85	0.82839733257603	0.939788339787245
ko.K01092	Sex_and_consortia	Female_NS1	0.00288555336414583	0.0132977845356888	85	85	0.828744709874814	0.939894873277307
ko.K13653	Sex_and_consortia	Female_NS1	0.0229052065987941	0.105642484513037	85	85	0.828882128835321	0.939894873277307
ko.K00240	Sex_and_consortia	Female_NS1	0.00437942773004011	0.0202734026402483	85	85	0.829503420981258	0.940377640617367
ko.K06958	Sex_and_consortia	Female_NS1	0.0121906989479205	0.0565520055135066	85	85	0.829854781268029	0.940554240659428
ko.K08281	Sex_and_consortia	Female_NS1	-0.0331905512157969	0.154172938220391	85	85	0.830076125767868	0.940583432803411
ko.K01667	Sex_and_consortia	Female_NS1	0.00720704531385627	0.0335698304276871	85	85	0.830537054606682	0.940884027232871
ko.K01955	Sex_and_consortia	Female_NS1	0.00295057381446558	0.0137641875499043	85	85	0.830787435606189	0.940946014561979
ko.K01599	Sex_and_consortia	Female_NS1	0.0174140458665399	0.0813884414157457	85	85	0.831101323536749	0.941079883420821
ko.K18581	Sex_and_consortia	Female_NS1	0.0158027065737677	0.0739799772191574	85	85	0.831376693435486	0.941170084447093
ko.K03668	Sex_and_consortia	Female_NS1	0.0214935602288134	0.102356886484547	85	85	0.834192844490899	0.942583033166525
ko.K07283	Sex_and_consortia	Female_NS1	0.0214935602288134	0.102356886484547	85	85	0.834192844490899	0.942583033166525
ko.K21990	Sex_and_consortia	Female_NS1	0.0214935602288134	0.102356886484547	85	85	0.834192844490899	0.942583033166525
ko.K09458	Sex_and_consortia	Female_NS1	0.00261138004277061	0.0124232245916292	85	85	0.834025585782121	0.942583033166525
ko.K09979	Sex_and_consortia	Female_NS1	0.0214935602288134	0.102356886484547	85	85	0.834192844490899	0.942583033166525
ko.K14534	Sex_and_consortia	Female_NS1	0.0205465791522058	0.0976380833367121	85	85	0.833843056203363	0.942583033166525
ko.K20461	Sex_and_consortia	Female_NS1	0.0205465791522058	0.0976380833367121	85	85	0.833843056203363	0.942583033166525
ko.K20460	Sex_and_consortia	Female_NS1	0.0205465791522058	0.0976380833367121	85	85	0.833843056203363	0.942583033166525
ko.K01624	Sex_and_consortia	Female_NS1	0.00366424357068615	0.0176295397080395	85	85	0.835857734345867	0.944242387707135
ko.K01918	Sex_and_consortia	Female_NS1	0.00417444227592131	0.020260124832738	85	85	0.837262445519172	0.945385090514604
ko.K00606	Sex_and_consortia	Female_NS1	0.00417444227592131	0.020260124832738	85	85	0.837262445519172	0.945385090514604
ko.K06889	Sex_and_consortia	Female_NS1	-0.00241715720334069	0.0119152115205987	85	85	0.839738484184264	0.945528583939075
ko.K00564	Sex_and_consortia	Female_NS1	-0.0383586264006432	0.187166177572676	85	85	0.838117471526855	0.945528583939075
ko.K07263	Sex_and_consortia	Female_NS1	0.00433132501305239	0.0215210602515947	85	85	0.840987814944648	0.945528583939075
ko.K13628	Sex_and_consortia	Female_NS1	-0.0366158515543309	0.183831949243907	85	85	0.842608210680186	0.945528583939075
ko.K07645	Sex_and_consortia	Female_NS1	-0.0314390864352129	0.158058788937129	85	85	0.842821504813133	0.945528583939075
ko.K07340	Sex_and_consortia	Female_NS1	0.0402615365603648	0.201311739766987	85	85	0.841972934151681	0.945528583939075
ko.K07798	Sex_and_consortia	Female_NS1	-0.0143662788822641	0.0700460386638817	85	85	0.837997978094789	0.945528583939075
ko.K03650	Sex_and_consortia	Female_NS1	0.00251795604020147	0.0124115466996062	85	85	0.839731533802433	0.945528583939075
ko.K00241	Sex_and_consortia	Female_NS1	0.004063238201476	0.0202880681959136	85	85	0.841753679893222	0.945528583939075
ko.K03640	Sex_and_consortia	Female_NS1	-0.0143662788822641	0.0700460386638817	85	85	0.837997978094789	0.945528583939075
ko.K03644	Sex_and_consortia	Female_NS1	0.004063238201476	0.0202880681959136	85	85	0.841753679893222	0.945528583939075
ko.K00281	Sex_and_consortia	Female_NS1	0.00424526208907094	0.0213660678821156	85	85	0.842989747649842	0.945528583939075
ko.K01579	Sex_and_consortia	Female_NS1	0.004063238201476	0.0202880681959136	85	85	0.841753679893222	0.945528583939075
ko.K03572	Sex_and_consortia	Female_NS1	0.00251795604020147	0.0124115466996062	85	85	0.839731533802433	0.945528583939075
ko.K05995	Sex_and_consortia	Female_NS1	0.0187855264075997	0.0942444054513577	85	85	0.842493870476448	0.945528583939075
ko.K07289	Sex_and_consortia	Female_NS1	0.0187855264075997	0.0942444054513577	85	85	0.842493870476448	0.945528583939075
ko.K01737	Sex_and_consortia	Female_NS1	0.00389657455152485	0.0194066637135275	85	85	0.841357590304077	0.945528583939075
ko.K07574	Sex_and_consortia	Female_NS1	0.0115089040144741	0.0565365129179671	85	85	0.839191035130431	0.945528583939075
ko.K06395	Sex_and_consortia	Female_NS1	0.0137655987390844	0.0676218498239337	85	85	0.839189899793283	0.945528583939075
ko.K06384	Sex_and_consortia	Female_NS1	0.0137655987390844	0.0676218498239337	85	85	0.839189899793283	0.945528583939075
ko.K05833	Sex_and_consortia	Female_NS1	-0.0125580439383178	0.0623352059460523	85	85	0.84083190189456	0.945528583939075
ko.K05832	Sex_and_consortia	Female_NS1	-0.0125580439383178	0.0623352059460523	85	85	0.84083190189456	0.945528583939075
ko.K11261	Sex_and_consortia	Female_NS1	0.0199474721413975	0.0975786444375363	85	85	0.838522178909478	0.945528583939075
ko.K20459	Sex_and_consortia	Female_NS1	0.0199474721413975	0.0975786444375363	85	85	0.838522178909478	0.945528583939075
ko.K11381	Sex_and_consortia	Female_NS1	-0.0210126501677052	0.105046338990827	85	85	0.841944691659348	0.945528583939075
ko.K10218	Sex_and_consortia	Female_NS1	0.0167674160811788	0.0827717766894089	85	85	0.839963698733337	0.945528583939075
ko.K16511	Sex_and_consortia	Female_NS1	-0.0163550645467238	0.0824725151769525	85	85	0.843288021733145	0.945528583939075
ko.K21467	Sex_and_consortia	Female_NS1	-0.0164403056351192	0.0824668673101291	85	85	0.842471468474405	0.945528583939075
ko.K03700	Sex_and_consortia	Female_NS1	-0.0163550645467238	0.0824725151769525	85	85	0.843288021733145	0.945528583939075
ko.K16849	Sex_and_consortia	Female_NS1	-0.0227395201599225	0.112863079358747	85	85	0.840817151242463	0.945528583939075
ko.K08348	Sex_and_consortia	Female_NS1	0.0379158122031217	0.196224109462105	85	85	0.847253192959712	0.945946477832882
ko.K10004	Sex_and_consortia	Female_NS1	0.0379158122031217	0.196224109462105	85	85	0.847253192959712	0.945946477832882
ko.K13892	Sex_and_consortia	Female_NS1	0.0379158122031217	0.196224109462105	85	85	0.847253192959712	0.945946477832882
ko.K06920	Sex_and_consortia	Female_NS1	0.0039643789468069	0.020218304905976	85	85	0.845027843370846	0.945946477832882
ko.K02784	Sex_and_consortia	Female_NS1	-0.0219608110155102	0.112777283727959	85	85	0.846082329513786	0.945946477832882
ko.K02843	Sex_and_consortia	Female_NS1	0.00368554926394947	0.0187915616295976	85	85	0.84498947040912	0.945946477832882
ko.K00128	Sex_and_consortia	Female_NS1	0.0116591274694824	0.0591007337430725	85	85	0.844094248025151	0.945946477832882
ko.K04764	Sex_and_consortia	Female_NS1	0.00395351301933604	0.0202186260792619	85	85	0.845449571819568	0.945946477832882
ko.K00574	Sex_and_consortia	Female_NS1	0.0135110055729935	0.0685359226716075	85	85	0.844201836814447	0.945946477832882
ko.K09457	Sex_and_consortia	Female_NS1	0.0039643789468069	0.020218304905976	85	85	0.845027843370846	0.945946477832882
ko.K10026	Sex_and_consortia	Female_NS1	0.00379123607208453	0.0194199575655699	85	85	0.845694934318022	0.945946477832882
ko.K07257	Sex_and_consortia	Female_NS1	-0.0241921126711966	0.125484606163357	85	85	0.847594795795776	0.945946477832882
ko.K21750	Sex_and_consortia	Female_NS1	-0.0241921126711966	0.125484606163357	85	85	0.847594795795776	0.945946477832882
ko.K21279	Sex_and_consortia	Female_NS1	-0.0241921126711966	0.125484606163357	85	85	0.847594795795776	0.945946477832882
ko.K21055	Sex_and_consortia	Female_NS1	-0.0241921126711966	0.125484606163357	85	85	0.847594795795776	0.945946477832882
ko.K21749	Sex_and_consortia	Female_NS1	-0.0241921126711966	0.125484606163357	85	85	0.847594795795776	0.945946477832882
ko.K19050	Sex_and_consortia	Female_NS1	-0.0241921126711966	0.125484606163357	85	85	0.847594795795776	0.945946477832882
ko.K21132	Sex_and_consortia	Female_NS1	-0.0241921126711966	0.125484606163357	85	85	0.847594795795776	0.945946477832882
ko.K00824	Sex_and_consortia	Female_NS1	-0.016043991361279	0.0824813958634196	85	85	0.846246810952986	0.945946477832882
ko.K01777	Sex_and_consortia	Female_NS1	-0.022143696114576	0.113734772783786	85	85	0.846106784128831	0.945946477832882
ko.K16785	Sex_and_consortia	Female_NS1	0.0123373495037083	0.0643415342481981	85	85	0.848408064951488	0.94663442792383
ko.K01752	Sex_and_consortia	Female_NS1	0.00263104754538915	0.0138373445052559	85	85	0.849662854270171	0.947458483546061
ko.K04567	Sex_and_consortia	Female_NS1	0.00302610212657607	0.0159318674556076	85	85	0.849819751656649	0.947458483546061
ko.K01990	Sex_and_consortia	Female_NS1	-0.00456895327962498	0.0242369271271878	85	85	0.850935415579751	0.947458483546061
ko.K06020	Sex_and_consortia	Female_NS1	-0.0295939749691054	0.157180718805004	85	85	0.85111679120794	0.947458483546061
ko.K00245	Sex_and_consortia	Female_NS1	-0.0295939749691054	0.157180718805004	85	85	0.85111679120794	0.947458483546061
ko.K02197	Sex_and_consortia	Female_NS1	-0.0295939749691054	0.157180718805004	85	85	0.85111679120794	0.947458483546061
ko.K02195	Sex_and_consortia	Female_NS1	-0.0295939749691054	0.157180718805004	85	85	0.85111679120794	0.947458483546061
ko.K02194	Sex_and_consortia	Female_NS1	-0.0295939749691054	0.157180718805004	85	85	0.85111679120794	0.947458483546061
ko.K02193	Sex_and_consortia	Female_NS1	-0.0295939749691054	0.157180718805004	85	85	0.85111679120794	0.947458483546061
ko.K14392	Sex_and_consortia	Female_NS1	-0.0295939749691054	0.157180718805004	85	85	0.85111679120794	0.947458483546061
ko.K02122	Sex_and_consortia	Female_NS1	0.012572380907803	0.0670225035586242	85	85	0.851660221774039	0.947624712288606
ko.K02119	Sex_and_consortia	Female_NS1	0.012572380907803	0.0670225035586242	85	85	0.851660221774039	0.947624712288606
ko.K03976	Sex_and_consortia	Female_NS1	-0.00244705010752667	0.013083010711503	85	85	0.852085494343161	0.947878589474037
ko.K19353	Sex_and_consortia	Female_NS1	0.0282870997432403	0.152670334547147	85	85	0.853459698853068	0.949187717803979
ko.K16922	Sex_and_consortia	Female_NS1	-0.0153411137454269	0.0830064749010617	85	85	0.85382242541915	0.949371570830218
ko.K00948	Sex_and_consortia	Female_NS1	0.00200083700851718	0.0108522744415273	85	85	0.854172700565091	0.949541497230125
ko.K01772	Sex_and_consortia	Female_NS1	-0.028762815136742	0.157104181897218	85	85	0.855180825324754	0.950230860292894
ko.K02622	Sex_and_consortia	Female_NS1	-0.00381921413937054	0.0208618189178362	85	85	0.855188014836275	0.950230860292894
ko.K02621	Sex_and_consortia	Female_NS1	-0.00400855662961168	0.0219805478086261	85	85	0.855738339563284	0.950622701538423
ko.K01997	Sex_and_consortia	Female_NS1	0.0129721567377573	0.0714557325106637	85	85	0.856385439003743	0.951121842071363
ko.K03724	Sex_and_consortia	Female_NS1	0.0236876245611498	0.131245865780082	85	85	0.85721349000085	0.951543257546376
ko.K15726	Sex_and_consortia	Female_NS1	-0.0193991032221656	0.107594946251304	85	85	0.857358480962456	0.951543257546376
ko.K09474	Sex_and_consortia	Female_NS1	0.0141985094343779	0.0786021119988502	85	85	0.857092257444068	0.951543257546376
ko.K06919	Sex_and_consortia	Female_NS1	-0.0139545261106487	0.0776567361013648	85	85	0.857830004312052	0.951846906030609
ko.K00882	Sex_and_consortia	Female_NS1	0.0122990604139166	0.0687336230268355	85	85	0.858422420151108	0.952284525607077
ko.K00130	Sex_and_consortia	Female_NS1	0.0139038394758954	0.0782140304297976	85	85	0.859339441305449	0.953081958772579
ko.K15896	Sex_and_consortia	Female_NS1	0.018955315618448	0.107586750745999	85	85	0.860576725411134	0.954014170701278
ko.K22024	Sex_and_consortia	Female_NS1	0.014069443992486	0.0797944871438581	85	85	0.860471271970679	0.954014170701278
ko.K04087	Sex_and_consortia	Female_NS1	0.0103938900055978	0.059368577310157	85	85	0.861447928482204	0.954759872798091
ko.K00767	Sex_and_consortia	Female_NS1	0.0027604528147047	0.015853344824658	85	85	0.862191769305771	0.955144026397479
ko.K02316	Sex_and_consortia	Female_NS1	-0.00325334386589352	0.0186758488805694	85	85	0.862132019218817	0.955144026397479
ko.K07107	Sex_and_consortia	Female_NS1	0.00289588476707011	0.0169119763791701	85	85	0.864457500155998	0.955202662903412
ko.K07455	Sex_and_consortia	Female_NS1	0.00839499130936851	0.0490892257922747	85	85	0.864628236976201	0.955202662903412
ko.K03817	Sex_and_consortia	Female_NS1	-0.0129771367742497	0.075697011789584	85	85	0.864298807833973	0.955202662903412
ko.K13288	Sex_and_consortia	Female_NS1	0.0235724895968488	0.137294694815969	85	85	0.864097085390309	0.955202662903412
ko.K01963	Sex_and_consortia	Female_NS1	-0.00951692386270109	0.055020532683838	85	85	0.863095805839048	0.955202662903412
ko.K03529	Sex_and_consortia	Female_NS1	-0.0110026980421239	0.063728913385731	85	85	0.863348077279499	0.955202662903412
ko.K06024	Sex_and_consortia	Female_NS1	-0.0110026980421239	0.063728913385731	85	85	0.863348077279499	0.955202662903412
ko.K05896	Sex_and_consortia	Female_NS1	-0.0110026980421239	0.063728913385731	85	85	0.863348077279499	0.955202662903412
ko.K02303	Sex_and_consortia	Female_NS1	0.0154845387444628	0.0898980526672266	85	85	0.863663798087894	0.955202662903412
ko.K17992	Sex_and_consortia	Female_NS1	0.0132149625642027	0.0767080386869641	85	85	0.863639842951531	0.955202662903412
ko.K21065	Sex_and_consortia	Female_NS1	-0.0208329249390863	0.120137672175556	85	85	0.862752352192399	0.955202662903412
ko.K10241	Sex_and_consortia	Female_NS1	-0.014093033723435	0.0820169776576766	85	85	0.863988902611739	0.955202662903412
ko.K05811	Sex_and_consortia	Female_NS1	0.0160351902354875	0.0940714247172391	85	85	0.865065098705859	0.955465792300522
ko.K09777	Sex_and_consortia	Female_NS1	0.0152749982468614	0.0898747354265973	85	85	0.865456155397654	0.955678220736468
ko.K01933	Sex_and_consortia	Female_NS1	0.00236419724850573	0.0139651472287183	85	85	0.865978348980972	0.955772286094932
ko.K04043	Sex_and_consortia	Female_NS1	0.00215444752968125	0.0127414554026998	85	85	0.866137580120963	0.955772286094932
ko.K03286	Sex_and_consortia	Female_NS1	0.0119915888819293	0.0708222806329622	85	85	0.865957371120816	0.955772286094932
ko.K03079	Sex_and_consortia	Female_NS1	-0.0176403198386956	0.105036352433982	85	85	0.867035177031912	0.956543282024882
ko.K02483	Sex_and_consortia	Female_NS1	0.00946009916300723	0.0566925290632165	85	85	0.867880740374542	0.957256532215865
ko.K00313	Sex_and_consortia	Female_NS1	0.0305802434212727	0.185707022093406	85	85	0.869604667227481	0.958666026985799
ko.K03646	Sex_and_consortia	Female_NS1	-0.011918891695629	0.0730060897873826	85	85	0.870711477563507	0.958666026985799
ko.K02913	Sex_and_consortia	Female_NS1	-0.00259040299205097	0.0158019368343711	85	85	0.870185206496458	0.958666026985799
ko.K02372	Sex_and_consortia	Female_NS1	-0.00863167792992788	0.0527894879045393	85	85	0.870513364812195	0.958666026985799
ko.K05934	Sex_and_consortia	Female_NS1	0.0147369487781671	0.0898201127724325	85	85	0.87007349805267	0.958666026985799
ko.K21479	Sex_and_consortia	Female_NS1	0.0147369487781671	0.0898201127724325	85	85	0.87007349805267	0.958666026985799
ko.K08681	Sex_and_consortia	Female_NS1	0.0191931570057198	0.117601218742993	85	85	0.870753421891032	0.958666026985799
ko.K06215	Sex_and_consortia	Female_NS1	0.0191931570057198	0.117601218742993	85	85	0.870753421891032	0.958666026985799
ko.K03534	Sex_and_consortia	Female_NS1	0.0123653346328639	0.0761319444588986	85	85	0.871370055714411	0.959125337132205
ko.K00633	Sex_and_consortia	Female_NS1	0.0110190529377937	0.0686208280543244	85	85	0.872815307998472	0.959625752758973
ko.K07248	Sex_and_consortia	Female_NS1	0.0111427043559928	0.0693947808491314	85	85	0.87282242515445	0.959625752758973
ko.K09760	Sex_and_consortia	Female_NS1	0.00331213247761258	0.0205296406777128	85	85	0.872222280659691	0.959625752758973
ko.K06173	Sex_and_consortia	Female_NS1	0.00174244902824366	0.0108364057757666	85	85	0.872644923532126	0.959625752758973
ko.K07067	Sex_and_consortia	Female_NS1	-0.0361474530700337	0.224134254301606	85	85	0.872268026807505	0.959625752758973
ko.K09924	Sex_and_consortia	Female_NS1	-0.0199870862353205	0.12496658304571	85	85	0.87331736839016	0.959950451334464
ko.K22015	Sex_and_consortia	Female_NS1	0.0261380154368393	0.165280566724904	85	85	0.874728002131551	0.961281298503343
ko.K00215	Sex_and_consortia	Female_NS1	0.00211045267191381	0.0134141304814642	85	85	0.875366441838751	0.961417534526065
ko.K01839	Sex_and_consortia	Female_NS1	0.0109820222075271	0.0698504204019047	85	85	0.875451732936087	0.961417534526065
ko.K10536	Sex_and_consortia	Female_NS1	0.00293016629287352	0.0186185130645822	85	85	0.875328248623517	0.961417534526065
ko.K06975	Sex_and_consortia	Female_NS1	-0.0130995730850727	0.0837883615059303	85	85	0.876143728686241	0.961518756561418
ko.K00568	Sex_and_consortia	Female_NS1	0.0120937023444319	0.077260978294292	85	85	0.87599496904946	0.961518756561418
ko.K19271	Sex_and_consortia	Female_NS1	0.00351857016313696	0.0224429256940685	85	85	0.875800083598716	0.961518756561418
ko.K03601	Sex_and_consortia	Female_NS1	0.00199423235898366	0.0127985108702527	85	85	0.876555197913536	0.96169924030573
ko.K03784	Sex_and_consortia	Female_NS1	0.00893094835180413	0.0573883987043797	85	85	0.876708145040616	0.96169924030573
ko.K03687	Sex_and_consortia	Female_NS1	0.00196250902435755	0.0127160185995532	85	85	0.877721360511475	0.961713835201568
ko.K02986	Sex_and_consortia	Female_NS1	0.00196250902435755	0.0127160185995532	85	85	0.877721360511475	0.961713835201568
ko.K07447	Sex_and_consortia	Female_NS1	0.00196250902435755	0.0127160185995532	85	85	0.877721360511475	0.961713835201568
ko.K07720	Sex_and_consortia	Female_NS1	0.0158456149302265	0.102493376666177	85	85	0.877510927075357	0.961713835201568
ko.K07979	Sex_and_consortia	Female_NS1	0.0143230828185852	0.092765899859873	85	85	0.877668943041695	0.961713835201568
ko.K20534	Sex_and_consortia	Female_NS1	-0.00886677005856246	0.0581899421472181	85	85	0.879259925465884	0.963180178033129
ko.K11206	Sex_and_consortia	Female_NS1	0.0253599018366353	0.16957612525604	85	85	0.881483418736606	0.964057631658353
ko.K02902	Sex_and_consortia	Female_NS1	0.00201170774029168	0.0134017536037993	85	85	0.881043745730091	0.964057631658353
ko.K00783	Sex_and_consortia	Female_NS1	0.00201170774029168	0.0134017536037993	85	85	0.881043745730091	0.964057631658353
ko.K02967	Sex_and_consortia	Female_NS1	0.00201170774029168	0.0134017536037993	85	85	0.881043745730091	0.964057631658353
ko.K02357	Sex_and_consortia	Female_NS1	0.00201170774029168	0.0134017536037993	85	85	0.881043745730091	0.964057631658353
ko.K03666	Sex_and_consortia	Female_NS1	0.0122953937854095	0.082276097688222	85	85	0.881568461060526	0.964057631658353
ko.K06182	Sex_and_consortia	Female_NS1	0.00940150769452668	0.06287947949232	85	85	0.881508954473282	0.964057631658353
ko.K00547	Sex_and_consortia	Female_NS1	-0.0106265621646154	0.0711671698852644	85	85	0.881664683724982	0.964057631658353
ko.K06902	Sex_and_consortia	Female_NS1	-0.0157277992974498	0.105671285691065	85	85	0.882043268452712	0.96425234780384
ko.K01142	Sex_and_consortia	Female_NS1	0.00187279035864798	0.0126997034136541	85	85	0.8831208650914	0.965132878623149
ko.K03593	Sex_and_consortia	Female_NS1	0.00301116924415147	0.020570743870885	85	85	0.88397545372714	0.965132878623149
ko.K21364	Sex_and_consortia	Female_NS1	0.0118356408391492	0.0811924372075786	85	85	0.884454272425068	0.965132878623149
ko.K18827	Sex_and_consortia	Female_NS1	0.0118356408391478	0.0811924372075786	85	85	0.884454272425082	0.965132878623149
ko.K06883	Sex_and_consortia	Female_NS1	0.0118356408391478	0.0811924372075786	85	85	0.884454272425082	0.965132878623149
ko.K18545	Sex_and_consortia	Female_NS1	0.0118356408391478	0.0811924372075786	85	85	0.884454272425082	0.965132878623149
ko.K01730	Sex_and_consortia	Female_NS1	0.0118356408391478	0.0811924372075786	85	85	0.884454272425082	0.965132878623149
ko.K13277	Sex_and_consortia	Female_NS1	0.0118356408391478	0.0811924372075786	85	85	0.884454272425082	0.965132878623149
ko.K02103	Sex_and_consortia	Female_NS1	0.0158851212572449	0.10982538945787	85	85	0.885345922673874	0.965517461724875
ko.K19115	Sex_and_consortia	Female_NS1	-0.0116815025528448	0.080790312581372	85	85	0.885384808380544	0.965517461724875
ko.K13663	Sex_and_consortia	Female_NS1	0.0120772238200432	0.0836926054602475	85	85	0.885609799057688	0.965517461724875
ko.K01178	Sex_and_consortia	Female_NS1	0.0120772238200432	0.0836926054602475	85	85	0.885609799057688	0.965517461724875
ko.K03340	Sex_and_consortia	Female_NS1	0.00276935987246484	0.0192277773319806	85	85	0.885826607013717	0.965534939512458
ko.K01847	Sex_and_consortia	Female_NS1	0.00287867809340037	0.0201347998592401	85	85	0.886660164429182	0.965786801979601
ko.K17363	Sex_and_consortia	Female_NS1	0.0265433316112952	0.185445611174477	85	84	0.886532294824226	0.965786801979601
ko.K20488	Sex_and_consortia	Female_NS1	0.0155731638563408	0.108698945993171	85	85	0.886425176063408	0.965786801979601
ko.K15640	Sex_and_consortia	Female_NS1	-0.0114723211857887	0.080772924751323	85	85	0.887399111206484	0.966372809282605
ko.K03701	Sex_and_consortia	Female_NS1	0.0022034560687574	0.0158718062583658	85	85	0.889922109861691	0.96890093419173
ko.K03183	Sex_and_consortia	Female_NS1	0.00280481417949313	0.0205564976960407	85	85	0.891800570365654	0.969196894376542
ko.K09698	Sex_and_consortia	Female_NS1	-0.00965282995230946	0.0710156053038496	85	85	0.892209326555407	0.969196894376542
ko.K16899	Sex_and_consortia	Female_NS1	-0.00965282995230946	0.0710156053038496	85	85	0.892209326555407	0.969196894376542
ko.K09779	Sex_and_consortia	Female_NS1	-0.00972140912047585	0.0710103252433493	85	85	0.891440311227195	0.969196894376542
ko.K06967	Sex_and_consortia	Female_NS1	-0.00965282995230946	0.0710156053038496	85	85	0.892209326555407	0.969196894376542
ko.K14540	Sex_and_consortia	Female_NS1	-0.00965282995230946	0.0710156053038496	85	85	0.892209326555407	0.969196894376542
ko.K09787	Sex_and_consortia	Female_NS1	-0.00965282995230946	0.0710156053038496	85	85	0.892209326555407	0.969196894376542
ko.K07584	Sex_and_consortia	Female_NS1	-0.00965282995230946	0.0710156053038496	85	85	0.892209326555407	0.969196894376542
ko.K18672	Sex_and_consortia	Female_NS1	-0.00965282995230946	0.0710156053038496	85	85	0.892209326555407	0.969196894376542
ko.K11145	Sex_and_consortia	Female_NS1	-0.00965282995230946	0.0710156053038496	85	85	0.892209326555407	0.969196894376542
ko.K02527	Sex_and_consortia	Female_NS1	0.0026849440418892	0.020584701524918	85	85	0.89653871499096	0.970174320520145
ko.K03474	Sex_and_consortia	Female_NS1	0.0026849440418892	0.020584701524918	85	85	0.89653871499096	0.970174320520145
ko.K05807	Sex_and_consortia	Female_NS1	0.0026849440418892	0.020584701524918	85	85	0.89653871499096	0.970174320520145
ko.K18997	Sex_and_consortia	Female_NS1	0.0142170062290095	0.108791933722758	85	85	0.896344117678888	0.970174320520145
ko.K08307	Sex_and_consortia	Female_NS1	0.0026849440418892	0.020584701524918	85	85	0.89653871499096	0.970174320520145
ko.K07277	Sex_and_consortia	Female_NS1	0.0026849440418892	0.020584701524918	85	85	0.89653871499096	0.970174320520145
ko.K02536	Sex_and_consortia	Female_NS1	0.0026849440418892	0.020584701524918	85	85	0.89653871499096	0.970174320520145
ko.K00748	Sex_and_consortia	Female_NS1	0.0026849440418892	0.020584701524918	85	85	0.89653871499096	0.970174320520145
ko.K07746	Sex_and_consortia	Female_NS1	0.0142170062290095	0.108791933722758	85	85	0.896344117678888	0.970174320520145
ko.K19159	Sex_and_consortia	Female_NS1	0.0142170062290095	0.108791933722758	85	85	0.896344117678888	0.970174320520145
ko.K00979	Sex_and_consortia	Female_NS1	0.0026849440418892	0.020584701524918	85	85	0.89653871499096	0.970174320520145
ko.K00912	Sex_and_consortia	Female_NS1	0.0026849440418892	0.020584701524918	85	85	0.89653871499096	0.970174320520145
ko.K02523	Sex_and_consortia	Female_NS1	0.0026849440418892	0.020584701524918	85	85	0.89653871499096	0.970174320520145
ko.K06861	Sex_and_consortia	Female_NS1	0.0026849440418892	0.020584701524918	85	85	0.89653871499096	0.970174320520145
ko.K02065	Sex_and_consortia	Female_NS1	0.0026849440418892	0.020584701524918	85	85	0.89653871499096	0.970174320520145
ko.K02066	Sex_and_consortia	Female_NS1	0.0026849440418892	0.020584701524918	85	85	0.89653871499096	0.970174320520145
ko.K02067	Sex_and_consortia	Female_NS1	0.0026849440418892	0.020584701524918	85	85	0.89653871499096	0.970174320520145
ko.K02687	Sex_and_consortia	Female_NS1	-0.00170399412968663	0.0131711981275222	85	85	0.897375710458367	0.970861595409289
ko.K09761	Sex_and_consortia	Female_NS1	0.00172894951991299	0.0134046198877254	85	85	0.897684237066991	0.970976944681773
ko.K01813	Sex_and_consortia	Female_NS1	-0.00600860705055279	0.0468037308553093	85	85	0.898159762232107	0.971073452947658
ko.K03763	Sex_and_consortia	Female_NS1	0.00999373149088918	0.0778591456384611	85	85	0.898177317261631	0.971073452947658
ko.K07657	Sex_and_consortia	Female_NS1	0.00267792598661966	0.0209271467895111	85	85	0.898486829755839	0.97118974248052
ko.K02028	Sex_and_consortia	Female_NS1	0.00199225519636023	0.0162415641914754	85	85	0.902669702637157	0.97177940451804
ko.K01584	Sex_and_consortia	Female_NS1	0.0237842069762909	0.19069516134752	85	85	0.901043872491111	0.97177940451804
ko.K01838	Sex_and_consortia	Female_NS1	-0.0251594760969043	0.20406953589826	85	85	0.902176517488286	0.97177940451804
ko.K01629	Sex_and_consortia	Female_NS1	-0.00578860181080041	0.0468091025671207	85	85	0.901880282298392	0.97177940451804
ko.K01665	Sex_and_consortia	Female_NS1	0.00238198592064282	0.0193781158475269	85	85	0.902466467123551	0.97177940451804
ko.K05540	Sex_and_consortia	Female_NS1	0.00722754582515907	0.0577290445465237	85	85	0.900669753231095	0.97177940451804
ko.K07718	Sex_and_consortia	Female_NS1	0.0130822808648663	0.106078884526683	85	85	0.902147132573685	0.97177940451804
ko.K06926	Sex_and_consortia	Female_NS1	0.00946134627252195	0.0762239311507294	85	85	0.901515890688347	0.97177940451804
ko.K01795	Sex_and_consortia	Female_NS1	0.0137411589517216	0.112003273044764	85	85	0.902652858937213	0.97177940451804
ko.K06985	Sex_and_consortia	Female_NS1	0.0137411589517216	0.112003273044764	85	85	0.902652858937213	0.97177940451804
ko.K12063	Sex_and_consortia	Female_NS1	0.0137411589517216	0.112003273044764	85	85	0.902652858937213	0.97177940451804
ko.K18221	Sex_and_consortia	Female_NS1	0.0137411589517216	0.112003273044764	85	85	0.902652858937213	0.97177940451804
ko.K07231	Sex_and_consortia	Female_NS1	0.0137411589517216	0.112003273044764	85	85	0.902652858937213	0.97177940451804
ko.K12991	Sex_and_consortia	Female_NS1	0.0137411589517216	0.112003273044764	85	85	0.902652858937213	0.97177940451804
ko.K00441	Sex_and_consortia	Female_NS1	0.0137411589517216	0.112003273044764	85	85	0.902652858937213	0.97177940451804
ko.K02626	Sex_and_consortia	Female_NS1	0.0137411589517216	0.112003273044764	85	85	0.902652858937213	0.97177940451804
ko.K21303	Sex_and_consortia	Female_NS1	0.0137411589517216	0.112003273044764	85	85	0.902652858937213	0.97177940451804
ko.K12287	Sex_and_consortia	Female_NS1	0.0137411589517216	0.112003273044764	85	85	0.902652858937213	0.97177940451804
ko.K03590	Sex_and_consortia	Female_NS1	-0.00250188347198236	0.0205918838750751	85	85	0.903589855428929	0.972552286203608
ko.K14048	Sex_and_consortia	Female_NS1	-0.0167892437222007	0.139127718516219	85	85	0.904240077708316	0.973034355269477
ko.K03704	Sex_and_consortia	Female_NS1	0.00823211054412988	0.0686768696447563	85	85	0.904877945680157	0.973400186198183
ko.K01627	Sex_and_consortia	Female_NS1	0.00257866040185519	0.0215831545547461	85	85	0.905187280656743	0.973400186198183
ko.K07742	Sex_and_consortia	Female_NS1	-0.00849132948642405	0.0710349074054723	85	85	0.905138460945676	0.973400186198183
ko.K04773	Sex_and_consortia	Female_NS1	-0.00242158318320597	0.0203447036146254	85	85	0.905541029769973	0.973562891161145
ko.K01658	Sex_and_consortia	Female_NS1	0.00152086327368074	0.0128907530936682	85	85	0.906367805600798	0.973767125306411
ko.K05879	Sex_and_consortia	Female_NS1	0.00751646170286102	0.0638276971580359	85	85	0.906540948221418	0.973767125306411
ko.K19333	Sex_and_consortia	Female_NS1	-0.00628969815361713	0.0532518494421901	85	85	0.906264055306281	0.973767125306411
ko.K09117	Sex_and_consortia	Female_NS1	-0.00177162166325222	0.0150311152626494	85	85	0.906460483772989	0.973767125306411
ko.K06989	Sex_and_consortia	Female_NS1	0.00852221373457654	0.0725359474462984	85	85	0.906755996210448	0.973780613170175
ko.K13643	Sex_and_consortia	Female_NS1	0.0103903044017252	0.0892666705672609	85	85	0.907619691392465	0.974490532687288
ko.K07722	Sex_and_consortia	Female_NS1	-0.00817640676495071	0.0706681105288992	85	85	0.908168585667734	0.974668630135945
ko.K06041	Sex_and_consortia	Female_NS1	-0.00238763265018644	0.0206790069926962	85	85	0.908358086971272	0.974668630135945
ko.K08974	Sex_and_consortia	Female_NS1	-0.0087187071964846	0.0755411045633337	85	85	0.908393595398067	0.974668630135945
ko.K00208	Sex_and_consortia	Female_NS1	-0.00237697556297879	0.0206786993943128	85	85	0.908763951430643	0.974848503776481
ko.K01066	Sex_and_consortia	Female_NS1	0.00799103516411552	0.0698603528773358	85	85	0.909208192047307	0.974890121640022
ko.K20429	Sex_and_consortia	Female_NS1	0.00938755304433482	0.0819534638824765	85	85	0.909080553429405	0.974890121640022
ko.K01646	Sex_and_consortia	Female_NS1	-0.00985391019330373	0.086507826310235	85	85	0.9095860217542	0.975077837408815
ko.K04757	Sex_and_consortia	Female_NS1	0.00887860118535652	0.0798440200496682	85	85	0.911726750620754	0.97715487937045
ko.K04116	Sex_and_consortia	Female_NS1	-0.0121550893960296	0.109605349295955	85	85	0.911964416005683	0.977191817417855
ko.K10774	Sex_and_consortia	Female_NS1	0.00970249940197456	0.0879377246582955	85	85	0.912411037405738	0.977234895074431
ko.K00023	Sex_and_consortia	Female_NS1	0.00970249940197456	0.0879377246582955	85	85	0.912411037405738	0.977234895074431
ko.K09014	Sex_and_consortia	Female_NS1	0.00177697839913371	0.0161444176232589	85	85	0.912621409243533	0.97724256447387
ko.K01042	Sex_and_consortia	Female_NS1	0.0066821626287789	0.0609166430188261	85	85	0.91291720448672	0.97734168218536
ko.K05367	Sex_and_consortia	Female_NS1	-0.0096459282927976	0.0882277537214946	85	85	0.913204758603707	0.977431935037887
ko.K03759	Sex_and_consortia	Female_NS1	-0.0187896421876249	0.175703105264574	85	85	0.915094859548963	0.977838558786262
ko.K01488	Sex_and_consortia	Female_NS1	-0.0161925213980921	0.149819578359897	85	85	0.914192966556181	0.977838558786262
ko.K00239	Sex_and_consortia	Female_NS1	0.00173112677334765	0.0160190489901274	85	85	0.914203547005985	0.977838558786262
ko.K01962	Sex_and_consortia	Female_NS1	-0.00555350640696481	0.0516876041168007	85	85	0.914696296642496	0.977838558786262
ko.K05592	Sex_and_consortia	Female_NS1	0.00115129192804714	0.010752211248804	85	85	0.914987954201736	0.977838558786262
ko.K22432	Sex_and_consortia	Female_NS1	0.00970367378967056	0.090517252245942	85	85	0.914887053951414	0.977838558786262
ko.K08678	Sex_and_consortia	Female_NS1	0.00248125900693751	0.0230573753396957	85	85	0.914562882331462	0.977838558786262
ko.K16850	Sex_and_consortia	Female_NS1	-0.0135726911036079	0.127094111055172	85	85	0.915211343958612	0.977838558786262
ko.K00278	Sex_and_consortia	Female_NS1	0.00178246127755269	0.0169782390910486	85	85	0.916640967081416	0.979148469723352
ko.K09771	Sex_and_consortia	Female_NS1	0.0223935331597114	0.215631791463217	85	85	0.917538284961818	0.979671761185919
ko.K11733	Sex_and_consortia	Female_NS1	0.0223935331597114	0.215631791463217	85	85	0.917538284961818	0.979671761185919
ko.K01928	Sex_and_consortia	Female_NS1	-0.00125280381340683	0.0121259714738887	85	85	0.917961603019155	0.979906181780048
ko.K02445	Sex_and_consortia	Female_NS1	0.0101902859247512	0.0991787241771714	85	85	0.918411852795119	0.980169241032341
ko.K03338	Sex_and_consortia	Female_NS1	-0.0117912377092064	0.116593063890914	85	85	0.91968993370745	0.981315485067479
ko.K00560	Sex_and_consortia	Female_NS1	0.00300715226386537	0.0309309094061158	85	85	0.922784805856559	0.981351643379963
ko.K06917	Sex_and_consortia	Female_NS1	0.0210490530030919	0.215785528202781	85	85	0.922527840861861	0.981351643379963
ko.K03676	Sex_and_consortia	Female_NS1	0.0210490530030919	0.215785528202781	85	85	0.922527840861861	0.981351643379963
ko.K02954	Sex_and_consortia	Female_NS1	-0.00125321681805669	0.0127518922120557	85	85	0.921949349631048	0.981351643379963
ko.K06415	Sex_and_consortia	Female_NS1	0.0210490530030919	0.215785528202781	85	85	0.922527840861861	0.981351643379963
ko.K07300	Sex_and_consortia	Female_NS1	0.0210490530030919	0.215785528202781	85	85	0.922527840861861	0.981351643379963
ko.K05878	Sex_and_consortia	Female_NS1	0.00608997323640498	0.0623729748605349	85	85	0.92245513791962	0.981351643379963
ko.K09786	Sex_and_consortia	Female_NS1	0.0210490530030919	0.215785528202781	85	85	0.922527840861861	0.981351643379963
ko.K07180	Sex_and_consortia	Female_NS1	0.0210490530030919	0.215785528202781	85	85	0.922527840861861	0.981351643379963
ko.K03703	Sex_and_consortia	Female_NS1	-0.0012624152246936	0.0127519178608974	85	85	0.921378512774879	0.981351643379963
ko.K07251	Sex_and_consortia	Female_NS1	0.0210490530030919	0.215785528202781	85	85	0.922527840861861	0.981351643379963
ko.K05803	Sex_and_consortia	Female_NS1	0.0210490530030919	0.215785528202781	85	85	0.922527840861861	0.981351643379963
ko.K02242	Sex_and_consortia	Female_NS1	-0.00689741529473431	0.0703510100753479	85	85	0.922134631226159	0.981351643379963
ko.K17320	Sex_and_consortia	Female_NS1	-0.0125686625336363	0.128941879423869	85	85	0.922583863743975	0.981351643379963
ko.K02172	Sex_and_consortia	Female_NS1	0.0105038867339158	0.105130169416194	85	85	0.920654209990422	0.981351643379963
ko.K02856	Sex_and_consortia	Female_NS1	-0.00463108852591683	0.0488755996525543	85	85	0.924739742747808	0.982808903334396
ko.K03738	Sex_and_consortia	Female_NS1	-0.0141326762688777	0.148959384241815	85	85	0.924641968741858	0.982808903334396
ko.K08999	Sex_and_consortia	Female_NS1	0.00195770365763094	0.0206690601188852	85	85	0.924768202867154	0.982808903334396
ko.K00057	Sex_and_consortia	Female_NS1	-0.00124863714754629	0.0135761494742279	85	85	0.926941234434463	0.983537817752864
ko.K12940	Sex_and_consortia	Female_NS1	0.00607148065845287	0.0653705531171697	85	85	0.926224373699178	0.983537817752864
ko.K18928	Sex_and_consortia	Female_NS1	0.00702177507753997	0.0766995727933047	85	85	0.927276905794882	0.983537817752864
ko.K18929	Sex_and_consortia	Female_NS1	0.00702177507753997	0.0766995727933047	85	85	0.927276905794882	0.983537817752864
ko.K00782	Sex_and_consortia	Female_NS1	0.00702177507753997	0.0766995727933047	85	85	0.927276905794882	0.983537817752864
ko.K00287	Sex_and_consortia	Female_NS1	0.000988178825989184	0.0106696138936895	85	85	0.926431679552406	0.983537817752864
ko.K12962	Sex_and_consortia	Female_NS1	0.0197575816037647	0.215867225670866	85	85	0.927294752691097	0.983537817752864
ko.K17319	Sex_and_consortia	Female_NS1	-0.0119430132364445	0.129238000789388	85	85	0.926594185642544	0.983537817752864
ko.K12990	Sex_and_consortia	Female_NS1	-0.0099847400830104	0.107093931576938	85	85	0.925942762343208	0.983537817752864
ko.K09988	Sex_and_consortia	Female_NS1	0.00720488100490098	0.0791908703420583	85	85	0.927726737397424	0.983779025390124
ko.K09793	Sex_and_consortia	Female_NS1	-0.00241168726743073	0.0265945200244331	85	85	0.927962479945366	0.983812073645782
ko.K03429	Sex_and_consortia	Female_NS1	0.00775161217221525	0.0859781187973447	85	85	0.9283789023616	0.984036619232298
ko.K06897	Sex_and_consortia	Female_NS1	0.0072772177549094	0.0816921226215832	85	85	0.929232119426398	0.984510174381102
ko.K03523	Sex_and_consortia	Female_NS1	-0.00619497885473987	0.0695461493552511	85	85	0.929235117803248	0.984510174381102
ko.K02919	Sex_and_consortia	Female_NS1	0.00170320519754209	0.0194243719810269	85	85	0.930339103815387	0.984773735650716
ko.K03284	Sex_and_consortia	Female_NS1	-0.00149350905493943	0.0169062084620701	85	85	0.929818564261339	0.984773735650716
ko.K03075	Sex_and_consortia	Female_NS1	0.00137936944395869	0.0157960724796937	85	85	0.930624653051653	0.984773735650716
ko.K00132	Sex_and_consortia	Female_NS1	-0.0111953322047299	0.1283682073535	85	85	0.930712544922542	0.984773735650716
ko.K18675	Sex_and_consortia	Female_NS1	-0.0111953322047299	0.1283682073535	85	85	0.930712544922542	0.984773735650716
ko.K06015	Sex_and_consortia	Female_NS1	-0.0111953322047299	0.1283682073535	85	85	0.930712544922542	0.984773735650716
ko.K17318	Sex_and_consortia	Female_NS1	-0.0107437492990078	0.124353075073386	85	85	0.931358810930608	0.985004994192115
ko.K10119	Sex_and_consortia	Female_NS1	0.00975920531204494	0.112673516451439	85	85	0.931186236447048	0.985004994192115
ko.K19082	Sex_and_consortia	Female_NS1	-0.0110616069693762	0.128382311722963	85	85	0.931545584026978	0.985004994192115
ko.K05520	Sex_and_consortia	Female_NS1	0.00514187886313946	0.059904173923811	85	85	0.931804251102232	0.985061913288774
ko.K03705	Sex_and_consortia	Female_NS1	-0.00595096303373195	0.0695535937065389	85	85	0.932022735850158	0.985076337737013
ko.K09015	Sex_and_consortia	Female_NS1	0.00137016076810773	0.0161669559662056	85	85	0.932663683584674	0.985537168613205
ko.K03208	Sex_and_consortia	Female_NS1	0.00882148777272294	0.105064161513474	85	85	0.933288140405207	0.985980375045835
ko.K13818	Sex_and_consortia	Female_NS1	-0.018363811624815	0.22115121559605	85	85	0.934021776391844	0.986538704737179
ko.K04096	Sex_and_consortia	Female_NS1	-0.00113422890619706	0.0137795131063425	85	85	0.934596238200356	0.986928702131206
ko.K01590	Sex_and_consortia	Female_NS1	-0.00574793623742099	0.07009068070254	85	85	0.934838476796943	0.986967779345005
ko.K09768	Sex_and_consortia	Female_NS1	-0.00706682741958226	0.0874988751955914	85	85	0.935823448221362	0.98777289057445
ko.K07668	Sex_and_consortia	Female_NS1	-0.00524269846167208	0.0651047387926345	85	85	0.936011865740854	0.98777289057445
ko.K05342	Sex_and_consortia	Female_NS1	0.0173240026923206	0.216045880210015	85	85	0.936281810601263	0.987840988850697
ko.K00973	Sex_and_consortia	Female_NS1	0.00167942493136327	0.0211227742543574	85	85	0.936820127322322	0.988192145710254
ko.K00124	Sex_and_consortia	Female_NS1	0.0103244398395213	0.175426495476789	85	85	0.953210369321325	0.988277310249453
ko.K03446	Sex_and_consortia	Female_NS1	0.00472368798720092	0.0773806729421105	85	85	0.951470281711859	0.988277310249453
ko.K18926	Sex_and_consortia	Female_NS1	-0.0101166189016449	0.16955503078191	85	85	0.952565320808272	0.988277310249453
ko.K03760	Sex_and_consortia	Female_NS1	-0.00703251773445903	0.114860386837629	85	85	0.951325891885121	0.988277310249453
ko.K00773	Sex_and_consortia	Female_NS1	0.00108416528385464	0.0157731941544263	85	85	0.94536614403805	0.988277310249453
ko.K18890	Sex_and_consortia	Female_NS1	-0.00625087476191765	0.0911369309688945	85	85	0.945482757468469	0.988277310249453
ko.K00077	Sex_and_consortia	Female_NS1	0.000573946542083663	0.00942410231995006	85	85	0.951583677953478	0.988277310249453
ko.K00946	Sex_and_consortia	Female_NS1	0.00147592525835413	0.0212929959405667	85	85	0.94490556491248	0.988277310249453
ko.K05800	Sex_and_consortia	Female_NS1	0.00595416648867826	0.0768990608755274	85	85	0.938469147685149	0.988277310249453
ko.K18139	Sex_and_consortia	Female_NS1	0.00147592525835413	0.0212929959405667	85	85	0.94490556491248	0.988277310249453
ko.K01738	Sex_and_consortia	Female_NS1	0.00128705508707129	0.0196541212501919	85	85	0.947945121289125	0.988277310249453
ko.K00942	Sex_and_consortia	Female_NS1	0.00080790840109463	0.0139058195712215	85	85	0.953809750925902	0.988277310249453
ko.K03517	Sex_and_consortia	Female_NS1	0.00118647928680013	0.0169811384997559	85	85	0.94446486413715	0.988277310249453
ko.K08321	Sex_and_consortia	Female_NS1	0.00485539978920859	0.0704551806979671	85	85	0.945223250972213	0.988277310249453
ko.K00826	Sex_and_consortia	Female_NS1	0.00108416528385464	0.0157731941544263	85	85	0.94536614403805	0.988277310249453
ko.K01058	Sex_and_consortia	Female_NS1	0.00475640076964624	0.0684937692065214	85	85	0.944804176480406	0.988277310249453
ko.K02852	Sex_and_consortia	Female_NS1	-0.00585646653703587	0.0803723032331034	85	85	0.942087484836076	0.988277310249453
ko.K08068	Sex_and_consortia	Female_NS1	-0.00625087476191765	0.0911369309688945	85	85	0.945482757468469	0.988277310249453
ko.K03117	Sex_and_consortia	Female_NS1	0.00781563109050782	0.136305339455252	85	85	0.95441285732342	0.988277310249453
ko.K02563	Sex_and_consortia	Female_NS1	-0.000973812900531412	0.0127753305834812	85	85	0.939422703008801	0.988277310249453
ko.K01226	Sex_and_consortia	Female_NS1	0.00487155660473129	0.0712457665384544	85	85	0.945650157759924	0.988277310249453
ko.K02819	Sex_and_consortia	Female_NS1	0.00512511814091374	0.0712505891593346	85	85	0.942829957493933	0.988277310249453
ko.K02818	Sex_and_consortia	Female_NS1	0.00512511814091374	0.0712505891593346	85	85	0.942829957493933	0.988277310249453
ko.K04072	Sex_and_consortia	Female_NS1	-0.00467082295632852	0.0745563204213794	85	85	0.950197231235781	0.988277310249453
ko.K03385	Sex_and_consortia	Female_NS1	0.0055636480863272	0.0821061658525386	85	85	0.946138355556005	0.988277310249453
ko.K01256	Sex_and_consortia	Female_NS1	0.00335221341380345	0.068943008903872	85	85	0.961336582012443	0.988277310249453
ko.K13889	Sex_and_consortia	Female_NS1	0.00498227911425424	0.0761266728978783	85	85	0.947975309747171	0.988277310249453
ko.K03620	Sex_and_consortia	Female_NS1	0.00438074401377386	0.0905362134378011	85	85	0.961524342790665	0.988277310249453
ko.K18475	Sex_and_consortia	Female_NS1	-0.00568810272939018	0.100953289356903	85	85	0.955203257895465	0.988277310249453
ko.K01421	Sex_and_consortia	Female_NS1	-0.00484407544348885	0.072645350638439	85	85	0.946995903348047	0.988277310249453
ko.K00010	Sex_and_consortia	Female_NS1	-0.00705034034591215	0.120304543727928	85	85	0.953408305833081	0.988277310249453
ko.K17836	Sex_and_consortia	Female_NS1	0.00115392493509822	0.0201598548388575	85	85	0.954492582679584	0.988277310249453
ko.K08600	Sex_and_consortia	Female_NS1	-0.00496848085271841	0.0895145338681112	85	85	0.955869747540619	0.988277310249453
ko.K01493	Sex_and_consortia	Female_NS1	-0.000709869658614705	0.0141403103966186	85	85	0.960082157203527	0.988277310249453
ko.K03742	Sex_and_consortia	Female_NS1	-0.000794519814427054	0.0153923702205164	85	85	0.95895728638118	0.988277310249453
ko.K09762	Sex_and_consortia	Female_NS1	-0.00335785447600336	0.0691247867562103	85	85	0.961373334928	0.988277310249453
ko.K06346	Sex_and_consortia	Female_NS1	-0.00342511894483871	0.0691200353617495	85	85	0.960597494616687	0.988277310249453
ko.K10118	Sex_and_consortia	Female_NS1	0.006193093997876	0.11223560744581	85	85	0.956128145482443	0.988277310249453
ko.K06881	Sex_and_consortia	Female_NS1	0.000677849749376076	0.0139924493163584	85	85	0.961478801719247	0.988277310249453
ko.K06416	Sex_and_consortia	Female_NS1	0.0102673173257886	0.205427926678785	85	85	0.960258292680032	0.988277310249453
ko.K12257	Sex_and_consortia	Female_NS1	0.00112047266367482	0.0178742451333426	85	85	0.950166917338755	0.988277310249453
ko.K07030	Sex_and_consortia	Female_NS1	-0.00515260416401355	0.0705986235730323	85	85	0.941994060682763	0.988277310249453
ko.K01208	Sex_and_consortia	Female_NS1	0.00515004639664792	0.0937131861906403	85	85	0.956306058108189	0.988277310249453
ko.K01607	Sex_and_consortia	Female_NS1	0.00117396347548362	0.0155352539449912	85	85	0.93994487747826	0.988277310249453
ko.K19157	Sex_and_consortia	Female_NS1	0.0056381510551668	0.0745392101621757	85	85	0.939887478070313	0.988277310249453
ko.K07473	Sex_and_consortia	Female_NS1	0.00569292493202475	0.0857899846734995	85	85	0.947251711949289	0.988277310249453
ko.K07023	Sex_and_consortia	Female_NS1	0.00510087346213134	0.0779776065254667	85	85	0.948001207231215	0.988277310249453
ko.K01476	Sex_and_consortia	Female_NS1	-0.00451930092337844	0.0877265993781704	85	85	0.959038337826852	0.988277310249453
ko.K07132	Sex_and_consortia	Female_NS1	-0.00609454510900975	0.102560406077203	85	85	0.952757276154928	0.988277310249453
ko.K15532	Sex_and_consortia	Female_NS1	0.00522691574486964	0.0714367046729995	85	85	0.941848082987264	0.988277310249453
ko.K19068	Sex_and_consortia	Female_NS1	-0.00987228227035018	0.13390721272132	85	85	0.941406753536906	0.988277310249453
ko.K17716	Sex_and_consortia	Female_NS1	0.00623883545801118	0.103806464308714	85	85	0.952219952601258	0.988277310249453
ko.K17324	Sex_and_consortia	Female_NS1	0.00503845972312604	0.0898374686597671	85	85	0.955409545768442	0.988277310249453
ko.K07453	Sex_and_consortia	Female_NS1	-0.0076619500061738	0.125435207773703	85	85	0.951440010018597	0.988277310249453
ko.K13522	Sex_and_consortia	Female_NS1	-0.0076619500061738	0.125435207773703	85	85	0.951440010018597	0.988277310249453
ko.K20885	Sex_and_consortia	Female_NS1	-0.00823590909042848	0.125414999572066	85	85	0.947799071148206	0.988277310249453
ko.K05783	Sex_and_consortia	Female_NS1	-0.0076619500061738	0.125435207773703	85	85	0.951440010018597	0.988277310249453
ko.K09922	Sex_and_consortia	Female_NS1	-0.00109304239413837	0.0216114415835369	85	85	0.959784090677769	0.988277310249453
ko.K00955	Sex_and_consortia	Female_NS1	0.0015185322324289	0.0207413896098478	85	85	0.941813043581291	0.988277310249453
ko.K16936	Sex_and_consortia	Female_NS1	-0.0076619500061738	0.125435207773703	85	85	0.951440010018597	0.988277310249453
ko.K12251	Sex_and_consortia	Female_NS1	0.0015185322324289	0.0207413896098478	85	85	0.941813043581291	0.988277310249453
ko.K00590	Sex_and_consortia	Female_NS1	0.00631276398340803	0.0930989078466857	85	85	0.946102298577315	0.988277310249453
ko.K01551	Sex_and_consortia	Female_NS1	-0.00709802692727839	0.125519618814219	85	85	0.955040258276253	0.988277310249453
ko.K14197	Sex_and_consortia	Female_NS1	-0.0076619500061738	0.125435207773703	85	85	0.951440010018597	0.988277310249453
ko.K07506	Sex_and_consortia	Female_NS1	-0.00823590909042848	0.125414999572066	85	85	0.947799071148206	0.988277310249453
ko.K21557	Sex_and_consortia	Female_NS1	0.00503845972312604	0.0898374686597671	85	85	0.955409545768442	0.988277310249453
ko.K00294	Sex_and_consortia	Female_NS1	-0.0058821356588209	0.0900280113193282	85	85	0.948063014806248	0.988277310249453
ko.K19519	Sex_and_consortia	Female_NS1	-0.0076619500061738	0.125435207773703	85	85	0.951440010018597	0.988277310249453
ko.K09939	Sex_and_consortia	Female_NS1	0.00491195253192315	0.0962472678207374	85	85	0.959420474049873	0.988277310249453
ko.K00064	Sex_and_consortia	Female_NS1	0.00503845972312604	0.0898374686597671	85	85	0.955409545768442	0.988277310249453
ko.K00223	Sex_and_consortia	Female_NS1	-0.0076619500061738	0.125435207773703	85	85	0.951440010018597	0.988277310249453
ko.K21310	Sex_and_consortia	Female_NS1	-0.0076619500061738	0.125435207773703	85	85	0.951440010018597	0.988277310249453
ko.K16150	Sex_and_consortia	Female_NS1	-0.0076619500061738	0.125435207773703	85	85	0.951440010018597	0.988277310249453
ko.K03444	Sex_and_consortia	Female_NS1	-0.0076619500061738	0.125435207773703	85	85	0.951440010018597	0.988277310249453
ko.K01259	Sex_and_consortia	Female_NS1	0.00628327408923375	0.121459311581447	85	85	0.958866926251616	0.988277310249453
ko.K07814	Sex_and_consortia	Female_NS1	-0.00631845122242738	0.127579168722491	85	85	0.960619321070105	0.988277310249453
ko.K00004	Sex_and_consortia	Female_NS1	-0.00997148409496651	0.128251696629043	85	85	0.93821457635426	0.988277310249453
ko.K12997	Sex_and_consortia	Female_NS1	-0.0061911160261746	0.121914455653795	85	85	0.959620881100306	0.988277310249453
ko.K20037	Sex_and_consortia	Female_NS1	-0.00761955717100418	0.130717194777136	85	85	0.953657426419064	0.988277310249453
ko.K11961	Sex_and_consortia	Female_NS1	-0.0101052093303204	0.128237248384379	85	85	0.9373806692112	0.988277310249453
ko.K22205	Sex_and_consortia	Female_NS1	-0.00800963977997421	0.13151045297486	85	85	0.951581310711088	0.988277310249453
ko.K10122	Sex_and_consortia	Female_NS1	-0.00678999656378189	0.131631263138116	85	85	0.958984538713936	0.988277310249453
ko.K15534	Sex_and_consortia	Female_NS1	-0.00709938263371895	0.131599363452783	85	85	0.957107078657229	0.988277310249453
ko.K05571	Sex_and_consortia	Female_NS1	-0.00680062673960926	0.131628504177719	85	85	0.958919523865146	0.988277310249453
ko.K05566	Sex_and_consortia	Female_NS1	-0.00648447190247809	0.131662177776951	85	85	0.960837726423548	0.988277310249453
ko.K21350	Sex_and_consortia	Female_NS1	-0.00663415144990032	0.131647654233003	85	85	0.959930101779154	0.988277310249453
ko.K06976	Sex_and_consortia	Female_NS1	-0.00663415144990032	0.131647654233003	85	85	0.959930101779154	0.988277310249453
ko.K00689	Sex_and_consortia	Female_NS1	-0.00616191508083368	0.131698640117363	85	85	0.962794593162536	0.988277310249453
ko.K10819	Sex_and_consortia	Female_NS1	-0.00616191508083333	0.131698640117363	85	85	0.962794593162538	0.988277310249453
ko.K21009	Sex_and_consortia	Female_NS1	-0.00616191508083333	0.131698640117363	85	85	0.962794593162538	0.988277310249453
ko.K00819	Sex_and_consortia	Female_NS1	-0.00526969170514505	0.0845192750778126	85	85	0.95043481501008	0.988277310249453
ko.K10234	Sex_and_consortia	Female_NS1	-0.00616191508083201	0.131698640117363	85	85	0.962794593162546	0.988277310249453
ko.K16698	Sex_and_consortia	Female_NS1	-0.00616191508083368	0.131698640117363	85	85	0.962794593162536	0.988277310249453
ko.K11962	Sex_and_consortia	Female_NS1	-0.00616191508083333	0.131698640117363	85	85	0.962794593162538	0.988277310249453
ko.K11963	Sex_and_consortia	Female_NS1	-0.00616191508083333	0.131698640117363	85	85	0.962794593162538	0.988277310249453
ko.K00984	Sex_and_consortia	Female_NS1	-0.00616191508083333	0.131698640117363	85	85	0.962794593162538	0.988277310249453
ko.K00737	Sex_and_consortia	Female_NS1	-0.00616191508083333	0.131698640117363	85	85	0.962794593162538	0.988277310249453
ko.K17248	Sex_and_consortia	Female_NS1	-0.00616191508083333	0.131698640117363	85	85	0.962794593162538	0.988277310249453
ko.K18986	Sex_and_consortia	Female_NS1	-0.00616191508083333	0.131698640117363	85	85	0.962794593162538	0.988277310249453
ko.K22348	Sex_and_consortia	Female_NS1	-0.00616191508083333	0.131698640117363	85	85	0.962794593162538	0.988277310249453
ko.K11959	Sex_and_consortia	Female_NS1	-0.00616191508083333	0.131698640117363	85	85	0.962794593162538	0.988277310249453
ko.K19426	Sex_and_consortia	Female_NS1	-0.00616191508083333	0.131698640117363	85	85	0.962794593162538	0.988277310249453
ko.K15652	Sex_and_consortia	Female_NS1	-0.00616191508083333	0.131698640117363	85	85	0.962794593162538	0.988277310249453
ko.K21022	Sex_and_consortia	Female_NS1	-0.00616191508083333	0.131698640117363	85	85	0.962794593162538	0.988277310249453
ko.K05305	Sex_and_consortia	Female_NS1	-0.00616191508083333	0.131698640117363	85	85	0.962794593162538	0.988277310249453
ko.K04566	Sex_and_consortia	Female_NS1	-0.00616191508083333	0.131698640117363	85	85	0.962794593162538	0.988277310249453
ko.K18700	Sex_and_consortia	Female_NS1	-0.00616191508083333	0.131698640117363	85	85	0.962794593162538	0.988277310249453
ko.K00002	Sex_and_consortia	Female_NS1	-0.00616191508083333	0.131698640117363	85	85	0.962794593162538	0.988277310249453
ko.K16907	Sex_and_consortia	Female_NS1	-0.00616191508083333	0.131698640117363	85	85	0.962794593162538	0.988277310249453
ko.K16906	Sex_and_consortia	Female_NS1	-0.00616191508083333	0.131698640117363	85	85	0.962794593162538	0.988277310249453
ko.K16905	Sex_and_consortia	Female_NS1	-0.00616191508083333	0.131698640117363	85	85	0.962794593162538	0.988277310249453
ko.K21962	Sex_and_consortia	Female_NS1	-0.00616191508083333	0.131698640117363	85	85	0.962794593162538	0.988277310249453
ko.K06880	Sex_and_consortia	Female_NS1	-0.00616191508083333	0.131698640117363	85	85	0.962794593162538	0.988277310249453
ko.K14680	Sex_and_consortia	Female_NS1	-0.00616191508083333	0.131698640117363	85	85	0.962794593162538	0.988277310249453
ko.K02590	Sex_and_consortia	Female_NS1	-0.00616191508083333	0.131698640117363	85	85	0.962794593162538	0.988277310249453
ko.K02589	Sex_and_consortia	Female_NS1	-0.00616191508083333	0.131698640117363	85	85	0.962794593162538	0.988277310249453
ko.K13590	Sex_and_consortia	Female_NS1	-0.00616191508083333	0.131698640117363	85	85	0.962794593162538	0.988277310249453
ko.K15855	Sex_and_consortia	Female_NS1	-0.00616191508083333	0.131698640117363	85	85	0.962794593162538	0.988277310249453
ko.K08857	Sex_and_consortia	Female_NS1	-0.00616191508083333	0.131698640117363	85	85	0.962794593162538	0.988277310249453
ko.K18325	Sex_and_consortia	Female_NS1	-0.00616191508083333	0.131698640117363	85	85	0.962794593162538	0.988277310249453
ko.K09116	Sex_and_consortia	Female_NS1	-0.00616191508083333	0.131698640117363	85	85	0.962794593162538	0.988277310249453
ko.K15531	Sex_and_consortia	Female_NS1	-0.00616191508083333	0.131698640117363	85	85	0.962794593162538	0.988277310249453
ko.K19974	Sex_and_consortia	Female_NS1	-0.00616191508083333	0.131698640117363	85	85	0.962794593162538	0.988277310249453
ko.K09989	Sex_and_consortia	Female_NS1	-0.00616191508083333	0.131698640117363	85	85	0.962794593162538	0.988277310249453
ko.K18209	Sex_and_consortia	Female_NS1	-0.00616191508083333	0.131698640117363	85	85	0.962794593162538	0.988277310249453
ko.K14089	Sex_and_consortia	Female_NS1	-0.00616191508083333	0.131698640117363	85	85	0.962794593162538	0.988277310249453
ko.K06973	Sex_and_consortia	Female_NS1	0.000648738245603083	0.0139885130752204	85	85	0.963121572371583	0.988401972158545
ko.K06206	Sex_and_consortia	Female_NS1	0.00283740853422587	0.061966508624853	85	85	0.963588107406667	0.988441934608024
ko.K12507	Sex_and_consortia	Female_NS1	-0.00479373793763289	0.105709110120664	85	85	0.963938546730457	0.988441934608024
ko.K00842	Sex_and_consortia	Female_NS1	-0.00302978269229876	0.0668931612390836	85	85	0.963982672761829	0.988441934608024
ko.K07069	Sex_and_consortia	Female_NS1	-0.00601223553341176	0.131713158039277	85	85	0.963701707978487	0.988441934608024
ko.K09384	Sex_and_consortia	Female_NS1	-0.0050519457510255	0.12011685073648	85	85	0.966553001327306	0.990655026296465
ko.K18427	Sex_and_consortia	Female_NS1	-0.00362455092419042	0.0860712744809791	85	85	0.966511317605977	0.990655026296465
ko.K00850	Sex_and_consortia	Female_NS1	0.000767595305229113	0.0184197051073498	85	85	0.966859854095177	0.99075837169054
ko.K04564	Sex_and_consortia	Female_NS1	0.000731116768736177	0.0191190826210532	85	85	0.969588029360586	0.991700653800667
ko.K05396	Sex_and_consortia	Female_NS1	0.00334234952353886	0.0858031569081329	85	85	0.969020854771055	0.991700653800667
ko.K06966	Sex_and_consortia	Female_NS1	0.000724176446801761	0.0187683973900754	85	85	0.969314010416185	0.991700653800667
ko.K16209	Sex_and_consortia	Female_NS1	0.00436068431678236	0.111294123268478	85	85	0.968839677451564	0.991700653800667
ko.K03325	Sex_and_consortia	Female_NS1	-0.00464446178435038	0.120503161570626	85	85	0.969347907941498	0.991700653800667
ko.K03190	Sex_and_consortia	Female_NS1	-0.00485423390909849	0.128008500761871	85	85	0.969841583452805	0.991700653800667
ko.K03188	Sex_and_consortia	Female_NS1	-0.00485423390909849	0.128008500761871	85	85	0.969841583452805	0.991700653800667
ko.K01428	Sex_and_consortia	Female_NS1	-0.00485423390909849	0.128008500761871	85	85	0.969841583452805	0.991700653800667
ko.K01429	Sex_and_consortia	Female_NS1	-0.00485423390909849	0.128008500761871	85	85	0.969841583452805	0.991700653800667
ko.K01430	Sex_and_consortia	Female_NS1	-0.00485423390909849	0.128008500761871	85	85	0.969841583452805	0.991700653800667
ko.K01219	Sex_and_consortia	Female_NS1	-0.00423204911313383	0.115671567806147	85	85	0.970902343966764	0.99257427128745
ko.K03337	Sex_and_consortia	Female_NS1	-0.00426433604156924	0.118751630335603	85	85	0.971440581273787	0.992702455449563
ko.K03336	Sex_and_consortia	Female_NS1	-0.00426433604156924	0.118751630335603	85	85	0.971440581273787	0.992702455449563
ko.K00248	Sex_and_consortia	Female_NS1	0.00330262260641333	0.0928164103769763	85	85	0.971700848186273	0.992757463124663
ko.K09693	Sex_and_consortia	Female_NS1	0.00237756936275235	0.070592172111291	85	85	0.973212909988294	0.993879992383459
ko.K03335	Sex_and_consortia	Female_NS1	-0.00417126453014794	0.123255116487374	85	85	0.97308397887602	0.993879992383459
ko.K01779	Sex_and_consortia	Female_NS1	-0.00178664626291463	0.0540989357685069	85	85	0.973733516196172	0.994200526409213
ko.K07164	Sex_and_consortia	Female_NS1	0.000666792963330108	0.0213113742724382	85	85	0.975114875276601	0.99528140395287
ko.K00662	Sex_and_consortia	Female_NS1	0.00398331129265007	0.127779038556846	85	85	0.975206066838412	0.99528140395287
ko.K00076	Sex_and_consortia	Female_NS1	-0.00232881392515467	0.0767315480893583	85	85	0.975860663234902	0.995526926070565
ko.K02160	Sex_and_consortia	Female_NS1	0.00149711507686969	0.04918392200385	85	85	0.97578992497016	0.995526926070565
ko.K00980	Sex_and_consortia	Female_NS1	0.00080624556570975	0.0269335876196762	85	85	0.976191092249966	0.995652802254525
ko.K01945	Sex_and_consortia	Female_NS1	0.00044116372120541	0.0154683663309701	85	85	0.977315576994407	0.995986846721354
ko.K03321	Sex_and_consortia	Female_NS1	0.000473777223939336	0.0164894532490544	85	85	0.977147199426319	0.995986846721354
ko.K07075	Sex_and_consortia	Female_NS1	-0.00238270549727429	0.083574591025922	85	85	0.977323890524568	0.995986846721354
ko.K00140	Sex_and_consortia	Female_NS1	0.0035349441371185	0.124116698187304	85	85	0.977347042977349	0.995986846721354
ko.K03187	Sex_and_consortia	Female_NS1	0.00348823713513257	0.125411929280587	85	85	0.977877079400083	0.9963158633125
ko.K13049	Sex_and_consortia	Female_NS1	-0.00351087958880693	0.127759238812987	85	85	0.978142510443497	0.996375202864388
ko.K16264	Sex_and_consortia	Female_NS1	0.00245858301324848	0.0917891069529441	85	85	0.978695411206125	0.996612034656977
ko.K00990	Sex_and_consortia	Female_NS1	-0.00386340920568331	0.149252851725197	85	85	0.979411203116838	0.996612034656977
ko.K08300	Sex_and_consortia	Female_NS1	-0.00386340920568331	0.149252851725197	85	85	0.979411203116838	0.996612034656977
ko.K00982	Sex_and_consortia	Female_NS1	-0.00386340920568331	0.149252851725197	85	85	0.979411203116838	0.996612034656977
ko.K08178	Sex_and_consortia	Female_NS1	-0.00386340920568331	0.149252851725197	85	85	0.979411203116838	0.996612034656977
ko.K07783	Sex_and_consortia	Female_NS1	-0.00281092558125591	0.109888539280003	85	85	0.979653908437771	0.996648116284587
ko.K06894	Sex_and_consortia	Female_NS1	0.00184683849582303	0.0739825258965283	85	85	0.980144259255376	0.996725257508797
ko.K03495	Sex_and_consortia	Female_NS1	0.000398189307320204	0.0157871083660988	85	85	0.979938085255863	0.996725257508797
ko.K06996	Sex_and_consortia	Female_NS1	-0.00270751121896598	0.115778025119398	85	85	0.981399010601026	0.99715779462927
ko.K16937	Sex_and_consortia	Female_NS1	-0.00270751121896598	0.115778025119398	85	85	0.981399010601026	0.99715779462927
ko.K00844	Sex_and_consortia	Female_NS1	-0.00270751121896598	0.115778025119398	85	85	0.981399010601026	0.99715779462927
ko.K15876	Sex_and_consortia	Female_NS1	-0.00270751121896598	0.115778025119398	85	85	0.981399010601026	0.99715779462927
ko.K07552	Sex_and_consortia	Female_NS1	-0.00134165666232162	0.0646642890016697	85	85	0.983496451707384	0.997182044330763
ko.K07665	Sex_and_consortia	Female_NS1	-0.00173471931638355	0.0822894107642226	85	85	0.983231867922939	0.997182044330763
ko.K01588	Sex_and_consortia	Female_NS1	0.000354136432674478	0.0161870114476266	85	85	0.982597932443008	0.997182044330763
ko.K01739	Sex_and_consortia	Female_NS1	-0.00313305700814905	0.149186552858576	85	85	0.9832953150904	0.997182044330763
ko.K02897	Sex_and_consortia	Female_NS1	-0.000365012320570922	0.0172426385647729	85	85	0.983161517514114	0.997182044330763
ko.K03571	Sex_and_consortia	Female_NS1	0.00139293329805046	0.0641613132157214	85	85	0.982731503445707	0.997182044330763
ko.K03092	Sex_and_consortia	Female_NS1	0.000383588735211795	0.0166348317122936	85	85	0.981658263081476	0.997182044330763
ko.K17103	Sex_and_consortia	Female_NS1	0.000391115447443619	0.0179517880412249	85	85	0.982670163563536	0.997182044330763
ko.K03491	Sex_and_consortia	Female_NS1	0.00161713079497163	0.0778819050117372	85	85	0.98348384397791	0.997182044330763
ko.K00968	Sex_and_consortia	Female_NS1	0.000612328782776008	0.0289672018162943	85	85	0.983185754895821	0.997182044330763
ko.K09772	Sex_and_consortia	Female_NS1	0.00155278441902057	0.0807284653794937	85	85	0.984700073530205	0.998191959023346
ko.K19545	Sex_and_consortia	Female_NS1	-0.00220093619842947	0.116578947292051	85	85	0.984982653839461	0.998267983627812
ko.K07812	Sex_and_consortia	Female_NS1	0.000234062506142961	0.182063518983026	85	85	0.998977317618133	0.999356366794717
ko.K07811	Sex_and_consortia	Female_NS1	0.000234062506142961	0.182063518983026	85	85	0.998977317618133	0.999356366794717
ko.K10014	Sex_and_consortia	Female_NS1	0.000234062506144109	0.182063518983026	85	85	0.998977317618128	0.999356366794717
ko.K00694	Sex_and_consortia	Female_NS1	0.000234062506145208	0.182063518983026	85	85	0.998977317618123	0.999356366794717
ko.K03577	Sex_and_consortia	Female_NS1	0.000234062506145208	0.182063518983026	85	85	0.998977317618123	0.999356366794717
ko.K10002	Sex_and_consortia	Female_NS1	0.000234062506145208	0.182063518983026	85	85	0.998977317618123	0.999356366794717
ko.K02533	Sex_and_consortia	Female_NS1	0.000234062506145208	0.182063518983026	85	85	0.998977317618123	0.999356366794717
ko.K02048	Sex_and_consortia	Female_NS1	0.000234062506145208	0.182063518983026	85	85	0.998977317618123	0.999356366794717
ko.K03855	Sex_and_consortia	Female_NS1	0.000234062506145208	0.182063518983026	85	85	0.998977317618123	0.999356366794717
ko.K06194	Sex_and_consortia	Female_NS1	0.000234062506145208	0.182063518983026	85	85	0.998977317618123	0.999356366794717
ko.K16011	Sex_and_consortia	Female_NS1	0.000234062506145208	0.182063518983026	85	85	0.998977317618123	0.999356366794717
ko.K13574	Sex_and_consortia	Female_NS1	0.000234062506145208	0.182063518983026	85	85	0.998977317618123	0.999356366794717
ko.K10037	Sex_and_consortia	Female_NS1	0.000234062506145208	0.182063518983026	85	85	0.998977317618123	0.999356366794717
ko.K00840	Sex_and_consortia	Female_NS1	0.000234062506145208	0.182063518983026	85	85	0.998977317618123	0.999356366794717
ko.K02824	Sex_and_consortia	Female_NS1	-9.40781093857578e-05	0.0505435142577997	85	85	0.998519341617285	0.999356366794717
ko.K13927	Sex_and_consortia	Female_NS1	-0.000224933446196389	0.075366126905319	85	85	0.997625844478094	0.999356366794717
ko.K17713	Sex_and_consortia	Female_NS1	-0.000323405236633409	0.0937531400884941	85	85	0.997255948039335	0.999356366794717
ko.K11175	Sex_and_consortia	Female_NS1	0.000137152233951244	0.0154727367524111	85	85	0.992948817251534	0.999356366794717
ko.K21469	Sex_and_consortia	Female_NS1	-0.000413521652505552	0.0981436204297351	85	85	0.99664828674614	0.999356366794717
ko.K19225	Sex_and_consortia	Female_NS1	0.000410544418798443	0.0640914589590796	85	85	0.994904474655589	0.999356366794717
ko.K01101	Sex_and_consortia	Female_NS1	-0.000749534000622485	0.0692770670259655	85	85	0.991393526264825	0.999356366794717
ko.K08325	Sex_and_consortia	Female_NS1	0.000666224972168534	0.0816762118303745	85	85	0.993511378760973	0.999356366794717
ko.K03688	Sex_and_consortia	Female_NS1	0.000649341498788771	0.0842996574452166	85	85	0.993872617666374	0.999356366794717
ko.K05881	Sex_and_consortia	Female_NS1	0.00013913504335044	0.0753370507524082	85	85	0.998530871985398	0.999356366794717
ko.K02337	Sex_and_consortia	Female_NS1	0.000250015876697475	0.0226776065143739	85	85	0.991230124127102	0.999356366794717
ko.K03581	Sex_and_consortia	Female_NS1	-0.000859430566027404	0.0506773925979914	85	85	0.98651013998352	0.999356366794717
ko.K01409	Sex_and_consortia	Female_NS1	-8.24645110076488e-05	0.0118447001385162	85	85	0.994461764182856	0.999356366794717
ko.K07464	Sex_and_consortia	Female_NS1	-0.000596794444670012	0.0626257526037237	85	85	0.992419512452932	0.999356366794717
ko.K09691	Sex_and_consortia	Female_NS1	-6.5568822267551e-05	0.0602436722090685	85	85	0.999134199491286	0.999356366794717
ko.K07816	Sex_and_consortia	Female_NS1	-0.00114547231356381	0.081687967998906	85	85	0.988845654899701	0.999356366794717
ko.K07260	Sex_and_consortia	Female_NS1	-0.00127998574733722	0.0907915163463413	85	85	0.988785567997557	0.999356366794717
ko.K19165	Sex_and_consortia	Female_NS1	-0.000851628565542545	0.13035816944122	85	85	0.99480314238915	0.999356366794717
ko.K20487	Sex_and_consortia	Female_NS1	-0.00222711689561711	0.130214661340607	85	85	0.986395152576629	0.999356366794717
ko.K12996	Sex_and_consortia	Female_NS1	-0.000379392196475563	0.130411355793248	85	85	0.997685781606169	0.999356366794717
ko.K15897	Sex_and_consortia	Female_NS1	0.000880981160891527	0.105302081502726	85	85	0.993344870427995	0.999356366794717
ko.K07015	Sex_and_consortia	Female_NS1	7.84952215279811e-05	0.0733364076912275	85	85	0.999148557194634	0.999356366794717
ko.K14087	Sex_and_consortia	Female_NS1	-0.000379392196475563	0.130411355793248	85	85	0.997685781606169	0.999356366794717
ko.K06987	Sex_and_consortia	Female_NS1	0.00063877545483388	0.102196573972979	85	85	0.99502788690627	0.999356366794717
ko.K16248	Sex_and_consortia	Female_NS1	-0.000647333924051005	0.0734526386997955	85	85	0.992989528098551	0.999356366794717
ko.K01787	Sex_and_consortia	Female_NS1	0.000292451872731105	0.0211915835264287	85	85	0.989022359037981	0.999356366794717
ko.K01299	Sex_and_consortia	Female_NS1	-0.000927264789990149	0.0733350449980917	85	85	0.98994198052972	0.999356366794717
ko.K07105	Sex_and_consortia	Female_NS1	-0.000935896236182273	0.0733342543795478	85	85	0.989848251116052	0.999356366794717
ko.K18197	Sex_and_consortia	Female_NS1	-0.000565983623579981	0.0918904121537311	85	85	0.995100374751251	0.999356366794717
ko.K06904	Sex_and_consortia	Female_NS1	0.00135505466229061	0.0956467951297065	85	85	0.98873052546241	0.999356366794717
ko.K13747	Sex_and_consortia	Female_NS1	0.00022616711375557	0.0213661884534092	85	85	0.991579727036787	0.999356366794717
ko.K16363	Sex_and_consortia	Female_NS1	0.00022616711375557	0.0213661884534092	85	85	0.991579727036787	0.999356366794717
ko.K07405	Sex_and_consortia	Female_NS1	0.00022616711375557	0.0213661884534092	85	85	0.991579727036787	0.999356366794717
ko.K19510	Sex_and_consortia	Female_NS1	0.000677110043531764	0.0808409308090946	85	85	0.993337230508781	0.999356366794717
ko.K00754	Sex_and_consortia	Female_NS1	0.00081854784378431	0.0859565806613815	85	85	0.992424866830081	0.999356366794717
ko.K11783	Sex_and_consortia	Female_NS1	-0.000958675617006317	0.292946351892818	85	85	0.997396756574142	0.999356366794717
ko.K11785	Sex_and_consortia	Female_NS1	-0.000958675617006317	0.292946351892818	85	85	0.997396756574142	0.999356366794717
ko.K00045	Sex_and_consortia	Female_NS1	-0.000958675617006317	0.292946351892818	85	85	0.997396756574142	0.999356366794717
ko.K18285	Sex_and_consortia	Female_NS1	-0.000958675617006317	0.292946351892818	85	85	0.997396756574142	0.999356366794717
ko.K15527	Sex_and_consortia	Female_NS1	-0.000958675617006317	0.292946351892818	85	85	0.997396756574142	0.999356366794717
ko.K03932	Sex_and_consortia	Female_NS1	-0.000958675617006317	0.292946351892818	85	85	0.997396756574142	0.999356366794717
ko.K11784	Sex_and_consortia	Female_NS1	-0.000958675617006317	0.292946351892818	85	85	0.997396756574142	0.999356366794717
ko.K00683	Sex_and_consortia	Female_NS1	-0.000958675617006317	0.292946351892818	85	85	0.997396756574142	0.999356366794717
ko.K11782	Sex_and_consortia	Female_NS1	-0.000958675617006317	0.292946351892818	85	85	0.997396756574142	0.999356366794717
ko.K01322	Sex_and_consortia	Female_NS1	-0.000958675617006317	0.292946351892818	85	85	0.997396756574142	0.999356366794717
ko.K03379	Sex_and_consortia	Female_NS1	-0.000958675617006317	0.292946351892818	85	85	0.997396756574142	0.999356366794717
ko.K03390	Sex_and_consortia	Female_NS1	-0.000958675617006317	0.292946351892818	85	85	0.997396756574142	0.999356366794717
ko.K03389	Sex_and_consortia	Female_NS1	-0.000958675617006317	0.292946351892818	85	85	0.997396756574142	0.999356366794717
ko.K03388	Sex_and_consortia	Female_NS1	-0.000958675617006317	0.292946351892818	85	85	0.997396756574142	0.999356366794717
ko.K02970	Sex_and_consortia	Female_NS1	-5.01306979072092e-06	0.0156112770879413	85	85	0.999744555069453	0.999744555069453
