Sample	0	1	2	3	4	5	6	7	8	9	10	11	12	13	14	15	16	17	18	19	20	21	22	23	24	25	26	27	28	29	30	31	32	33	34	35	36	37	38	39	40	41	42	43	44	45	46	47	48	49	50	51	52	53	54	55	56	57	58	59	60	61	62	63	64	65	66	67	68	69	70	71	72	73	74	75	76	77	78	79	80	81	82	83	84	85	86	87	88	89	90	91	92	93	94	95	96	97	98	99	100
048R_S2_R_Female_week5_S61_L001_R1_001	(0.0, 0.0)	(1.0, 0.0)	(2.0, 0.0)	(3.0, 0.0)	(4.0, 0.0)	(5.0, 0.0)	(6.0, 0.0)	(7.0, 0.0)	(8.0, 0.0)	(9.0, 0.0)	(10.0, 0.0)	(11.0, 0.0)	(12.0, 0.0)	(13.0, 0.0)	(14.0, 0.0)	(15.0, 0.0)	(16.0, 0.0)	(17.0, 0.0)	(18.0, 0.0)	(19.0, 0.0)	(20.0, 0.0)	(21.0, 0.0)	(22.0, 0.0)	(23.0, 0.0)	(24.0, 0.0)	(25.0, 0.0)	(26.0, 0.0)	(27.0, 0.0)	(28.0, 0.0)	(29.0, 0.0)	(30.0, 0.0)	(31.0, 0.0)	(32.0, 0.0)	(33.0, 0.0)	(34.0, 0.0)	(35.0, 0.0)	(36.0, 0.0)	(37.0, 0.0)	(38.0, 0.0006650255314382972)	(39.0, 0.0006650255314382972)	(40.0, 0.0)	(41.0, 0.0006650255314382972)	(42.0, 0.0017734014171687925)	(43.0, 0.018731552468845374)	(44.0, 0.08024641412688789)	(45.0, 0.1291257906876026)	(46.0, 0.2882885678785036)	(47.0, 17.328791947872574)	(48.0, 18.616392214328016)	(49.0, 3.4702140606337006)	(50.0, 3.8568155695766646)	(51.0, 19.37042032939179)	(52.0, 24.160488394749088)	(53.0, 8.546686454866057)	(54.0, 2.4920723414762604)	(55.0, 0.8412572972694484)	(56.0, 0.3061334196387648)	(57.0, 0.15761105095087596)	(58.0, 0.15927361477947158)	(59.0, 0.1134976906988026)	(60.0, 0.023719243954632603)	(61.0, 0.010086220560147506)	(62.0, 0.013965536160204245)	(63.0, 0.005098529074360278)	(64.0, 0.003768478011483684)	(65.0, 0.0019950765943148917)	(66.0, 0.0011083758857304952)	(67.0, 0.00044335035429219813)	(68.0, 0.0)	(69.0, 0.0)	(70.0, 0.0)	(71.0, 0.0)	(72.0, 0.0)	(73.0, 0.0)	(74.0, 0.0)	(75.0, 0.0)	(76.0, 0.0)	(77.0, 0.0)	(78.0, 0.0)	(79.0, 0.0)	(80.0, 0.0)	(81.0, 0.0)	(82.0, 0.0)	(83.0, 0.0)	(84.0, 0.0)	(85.0, 0.0)	(86.0, 0.0)	(87.0, 0.0)	(88.0, 0.0)	(89.0, 0.0)	(90.0, 0.0)	(91.0, 0.0)	(92.0, 0.0)	(93.0, 0.0)	(94.0, 0.0)	(95.0, 0.0)	(96.0, 0.0)	(97.0, 0.0)	(98.0, 0.0)	(99.0, 0.0)	(100.0, 0.0)
048R_S2_R_Female_week5_S61_L001_R2_001	(0.0, 0.0)	(1.0, 0.0)	(2.0, 0.0)	(3.0, 0.0)	(4.0, 0.0)	(5.0, 0.0)	(6.0, 0.0)	(7.0, 0.0)	(8.0, 0.0)	(9.0, 0.0)	(10.0, 0.0)	(11.0, 0.0)	(12.0, 0.0)	(13.0, 0.0)	(14.0, 0.0)	(15.0, 0.0)	(16.0, 0.0)	(17.0, 0.0)	(18.0, 0.0)	(19.0, 0.0)	(20.0, 0.0)	(21.0, 0.0)	(22.0, 0.0)	(23.0, 0.0)	(24.0, 0.0)	(25.0, 0.0)	(26.0, 0.0)	(27.0, 0.0)	(28.0, 0.0)	(29.0, 0.0)	(30.0, 0.0)	(31.0, 0.0)	(32.0, 0.0)	(33.0, 0.0)	(34.0, 0.0)	(35.0, 0.0)	(36.0, 0.0004580846792432883)	(37.0, 0.0004580846792432883)	(38.0, 0.0)	(39.0, 0.002519465735838085)	(40.0, 0.004351804452811238)	(41.0, 0.006184143169784392)	(42.0, 0.009619778264109055)	(43.0, 0.014658709735785225)	(44.0, 0.03962432475454442)	(45.0, 1.1465859521459831)	(46.0, 16.88351250170617)	(47.0, 12.709559425603581)	(48.0, 1.1983495209004777)	(49.0, 0.6591838534310822)	(50.0, 0.5961972100351318)	(51.0, 3.084742230024171)	(52.0, 4.065730570624115)	(53.0, 8.011901039963973)	(54.0, 7.266253703326401)	(55.0, 2.0557695192739924)	(56.0, 18.02116580260887)	(57.0, 18.631449116531787)	(58.0, 2.1723520701413945)	(59.0, 0.763741681468369)	(60.0, 0.6612452344876782)	(61.0, 0.6145205972048631)	(62.0, 0.32008666962124827)	(63.0, 0.2244614928292114)	(64.0, 0.19812162377272216)	(65.0, 0.1315848241126344)	(66.0, 0.10513043388633465)	(67.0, 0.0943654439241174)	(68.0, 0.07283546399968284)	(69.0, 0.06298664339595214)	(70.0, 0.05267973811297816)	(71.0, 0.03573060498097648)	(72.0, 0.027026996075354)	(73.0, 0.01649104845275838)	(74.0, 0.014887752075406872)	(75.0, 0.007787439547135899)	(76.0, 0.0004580846792432883)	(77.0, 0.0006871270188649325)	(78.0, 0.0006871270188649325)	(79.0, 0.0)	(80.0, 0.0006871270188649325)	(81.0, 0.0006871270188649325)	(82.0, 0.0)	(83.0, 0.0)	(84.0, 0.0004580846792432883)	(85.0, 0.0016032963773515087)	(86.0, 0.0016032963773515087)	(87.0, 0.0)	(88.0, 0.0006871270188649325)	(89.0, 0.0006871270188649325)	(90.0, 0.0)	(91.0, 0.0)	(92.0, 0.0)	(93.0, 0.0)	(94.0, 0.0004580846792432883)	(95.0, 0.0)	(96.0, 0.0004580846792432883)	(97.0, 0.0008016481886757543)	(98.0, 0.0)	(99.0, 0.0016032963773515087)	(100.0, 0.004122762113189595)
048R_S2_R_Female_week9_S75_L001_R1_001	(0.0, 0.0)	(1.0, 0.0)	(2.0, 0.0)	(3.0, 0.0)	(4.0, 0.0)	(5.0, 0.0)	(6.0, 0.0)	(7.0, 0.0)	(8.0, 0.0)	(9.0, 0.0)	(10.0, 0.0)	(11.0, 0.0)	(12.0, 0.0)	(13.0, 0.0)	(14.0, 0.0)	(15.0, 0.0)	(16.0, 0.0)	(17.0, 0.0)	(18.0, 0.0)	(19.0, 0.0)	(20.0, 0.0)	(21.0, 0.0)	(22.0, 0.0)	(23.0, 0.0)	(24.0, 0.0)	(25.0, 0.0)	(26.0, 0.0)	(27.0, 0.0)	(28.0, 0.0)	(29.0, 0.0)	(30.0, 0.0)	(31.0, 0.0)	(32.0, 0.0)	(33.0, 0.0)	(34.0, 0.0)	(35.0, 0.0)	(36.0, 0.00039945727072139163)	(37.0, 0.00039945727072139163)	(38.0, 0.00039945727072139163)	(39.0, 0.0)	(40.0, 0.00039945727072139163)	(41.0, 0.0027962008950497413)	(42.0, 0.00798914541442783)	(43.0, 0.021304387771807556)	(44.0, 0.10239421372825006)	(45.0, 0.17309815064593626)	(46.0, 0.4674981591676027)	(47.0, 20.377513751318826)	(48.0, 21.2408740657729)	(49.0, 4.965653332338082)	(50.0, 4.981631623166941)	(51.0, 16.33460671434027)	(52.0, 20.77963407051237)	(53.0, 7.081045885655227)	(54.0, 2.0276451061817697)	(55.0, 0.6656289654454028)	(56.0, 0.2766907361863514)	(57.0, 0.13634808173956822)	(58.0, 0.13501655750383015)	(59.0, 0.11184803580198978)	(60.0, 0.028095161374071215)	(61.0, 0.02010601595964338)	(62.0, 0.040744641613581906)	(63.0, 0.010385889038756181)	(64.0, 0.005059792095804294)	(65.0, 0.003994572707213916)	(66.0, 0.0007989145414427833)	(67.0, 0.0)	(68.0, 0.0)	(69.0, 0.0)	(70.0, 0.0)	(71.0, 0.0)	(72.0, 0.0)	(73.0, 0.0)	(74.0, 0.0)	(75.0, 0.0)	(76.0, 0.0)	(77.0, 0.0)	(78.0, 0.0)	(79.0, 0.0)	(80.0, 0.0)	(81.0, 0.0)	(82.0, 0.0)	(83.0, 0.0)	(84.0, 0.0)	(85.0, 0.0)	(86.0, 0.0)	(87.0, 0.0)	(88.0, 0.0)	(89.0, 0.0)	(90.0, 0.0)	(91.0, 0.0)	(92.0, 0.0)	(93.0, 0.0)	(94.0, 0.0)	(95.0, 0.0)	(96.0, 0.0)	(97.0, 0.0)	(98.0, 0.0)	(99.0, 0.0)	(100.0, 0.0)
048R_S2_R_Female_week9_S75_L001_R2_001	(0.0, 0.0)	(1.0, 0.0)	(2.0, 0.0)	(3.0, 0.0)	(4.0, 0.0)	(5.0, 0.0)	(6.0, 0.0)	(7.0, 0.0)	(8.0, 0.0)	(9.0, 0.0)	(10.0, 0.0)	(11.0, 0.0)	(12.0, 0.0)	(13.0, 0.0)	(14.0, 0.0)	(15.0, 0.0)	(16.0, 0.0)	(17.0, 0.0)	(18.0, 0.0)	(19.0, 0.0)	(20.0, 0.0)	(21.0, 0.0)	(22.0, 0.0)	(23.0, 0.0)	(24.0, 0.0)	(25.0, 0.0)	(26.0, 0.0)	(27.0, 0.0)	(28.0, 0.0)	(29.0, 0.0)	(30.0, 0.0)	(31.0, 0.0)	(32.0, 0.0)	(33.0, 0.0)	(34.0, 0.000868734254191575)	(35.0, 0.000868734254191575)	(36.0, 0.000868734254191575)	(37.0, 0.001447890423652625)	(38.0, 0.0031853589320357746)	(39.0, 0.0034749370167663)	(40.0, 0.005791561694610501)	(41.0, 0.0069498740335326)	(42.0, 0.014044537109430462)	(43.0, 0.026351605710477777)	(44.0, 0.0616801320476018)	(45.0, 3.267599108098988)	(46.0, 22.080039382626886)	(47.0, 7.888396606144818)	(48.0, 1.6584136912517797)	(49.0, 0.857006341759974)	(50.0, 0.8371702429559327)	(51.0, 4.800335910578156)	(52.0, 5.412648770741126)	(53.0, 7.899834940491671)	(54.0, 6.754698404425345)	(55.0, 1.8379521037846889)	(56.0, 15.463904091734268)	(57.0, 16.297165030547895)	(58.0, 1.9033967509337744)	(59.0, 0.6386644658731699)	(60.0, 0.5319549416499738)	(61.0, 0.45984999855207587)	(62.0, 0.24498305968202416)	(63.0, 0.20617959632813365)	(64.0, 0.1908319578374154)	(65.0, 0.11698954623113214)	(66.0, 0.0986013378507438)	(67.0, 0.08919005009700172)	(68.0, 0.07760692670778072)	(69.0, 0.057915616946105)	(70.0, 0.039961775692812444)	(71.0, 0.035038948252393516)	(72.0, 0.04112008803173451)	(73.0, 0.02519329337155568)	(74.0, 0.0243245591173641)	(75.0, 0.0138997480670652)	(76.0, 0.0034749370167663)	(77.0, 0.0043436712709578745)	(78.0, 0.00173746850838315)	(79.0, 0.0)	(80.0, 0.0)	(81.0, 0.0)	(82.0, 0.0)	(83.0, 0.0)	(84.0, 0.0)	(85.0, 0.000868734254191575)	(86.0, 0.000868734254191575)	(87.0, 0.0)	(88.0, 0.00057915616946105)	(89.0, 0.00057915616946105)	(90.0, 0.0011583123389221)	(91.0, 0.00057915616946105)	(92.0, 0.0)	(93.0, 0.0)	(94.0, 0.0)	(95.0, 0.00057915616946105)	(96.0, 0.0)	(97.0, 0.0023166246778442)	(98.0, 0.002606202762574725)	(99.0, 0.003040569889670512)	(100.0, 0.000868734254191575)
1050R_S2_L_Male_week5_S68_L001_R1_001	(0.0, 0.0)	(1.0, 0.0)	(2.0, 0.0)	(3.0, 0.0)	(4.0, 0.0)	(5.0, 0.0)	(6.0, 0.0)	(7.0, 0.0)	(8.0, 0.0)	(9.0, 0.0)	(10.0, 0.0)	(11.0, 0.0)	(12.0, 0.0)	(13.0, 0.0)	(14.0, 0.0)	(15.0, 0.0)	(16.0, 0.0)	(17.0, 0.0)	(18.0, 0.0)	(19.0, 0.0)	(20.0, 0.0)	(21.0, 0.0)	(22.0, 0.0)	(23.0, 0.0)	(24.0, 0.0)	(25.0, 0.0)	(26.0, 0.0)	(27.0, 0.0)	(28.0, 0.0)	(29.0, 0.0)	(30.0, 0.0)	(31.0, 0.0)	(32.0, 0.0)	(33.0, 0.0)	(34.0, 0.0)	(35.0, 0.0)	(36.0, 0.0)	(37.0, 0.0)	(38.0, 0.00023196814922671574)	(39.0, 0.0005412590148623367)	(40.0, 0.0)	(41.0, 0.0016237770445870104)	(42.0, 0.004175426686080883)	(43.0, 0.02845475963847713)	(44.0, 0.09069954634764586)	(45.0, 0.13260845864127246)	(46.0, 0.3629528308233979)	(47.0, 18.916538633137776)	(48.0, 19.962792308862902)	(49.0, 3.680329332915281)	(50.0, 3.7671627434425177)	(51.0, 18.083463686551276)	(52.0, 22.883348630333167)	(53.0, 7.994395649514721)	(54.0, 2.448501137804465)	(55.0, 0.7717580324773026)	(56.0, 0.3035689846213613)	(57.0, 0.14799567920664475)	(58.0, 0.1772236660092117)	(59.0, 0.1435109616549282)	(60.0, 0.034176640652736116)	(61.0, 0.02126374701244894)	(62.0, 0.02830011420565929)	(63.0, 0.00927872596906863)	(64.0, 0.0038661358204452627)	(65.0, 0.001237163462542484)	(66.0, 0.0)	(67.0, 0.0)	(68.0, 0.0)	(69.0, 0.0)	(70.0, 0.0)	(71.0, 0.0)	(72.0, 0.0)	(73.0, 0.0)	(74.0, 0.0)	(75.0, 0.0)	(76.0, 0.0)	(77.0, 0.0)	(78.0, 0.0)	(79.0, 0.0)	(80.0, 0.0)	(81.0, 0.0)	(82.0, 0.0)	(83.0, 0.0)	(84.0, 0.0)	(85.0, 0.0)	(86.0, 0.0)	(87.0, 0.0)	(88.0, 0.0)	(89.0, 0.0)	(90.0, 0.0)	(91.0, 0.0)	(92.0, 0.0)	(93.0, 0.0)	(94.0, 0.0)	(95.0, 0.0)	(96.0, 0.0)	(97.0, 0.0)	(98.0, 0.0)	(99.0, 0.0)	(100.0, 0.0)
1050R_S2_L_Male_week5_S68_L001_R2_001	(0.0, 0.0)	(1.0, 0.0)	(2.0, 0.0)	(3.0, 0.0)	(4.0, 0.0)	(5.0, 0.0)	(6.0, 0.0)	(7.0, 0.0)	(8.0, 0.0)	(9.0, 0.0)	(10.0, 0.0)	(11.0, 0.0)	(12.0, 0.0)	(13.0, 0.0)	(14.0, 0.0)	(15.0, 0.0)	(16.0, 0.0)	(17.0, 0.0)	(18.0, 0.0)	(19.0, 0.0)	(20.0, 0.0)	(21.0, 0.0)	(22.0, 0.0)	(23.0, 0.0)	(24.0, 0.0)	(25.0, 0.0)	(26.0, 0.0)	(27.0, 0.0)	(28.0, 0.0)	(29.0, 0.0)	(30.0, 0.0)	(31.0, 0.0)	(32.0, 0.0)	(33.0, 0.0)	(34.0, 0.0)	(35.0, 0.0)	(36.0, 0.00048519782728404003)	(37.0, 0.00129386087275744)	(38.0, 0.00145559348185212)	(39.0, 0.0021025239182308397)	(40.0, 0.00291118696370424)	(41.0, 0.006954502191071239)	(42.0, 0.01439420220942652)	(43.0, 0.024098158755107315)	(44.0, 0.0492475794693301)	(45.0, 1.5289392200764835)	(46.0, 18.843628018231097)	(47.0, 13.336794411172376)	(48.0, 1.478074314516222)	(49.0, 0.6963397484571539)	(50.0, 0.6199210906599109)	(51.0, 4.433737745721863)	(52.0, 4.758173359565497)	(53.0, 6.69419355673163)	(54.0, 6.04152161273063)	(55.0, 1.8851552916074648)	(56.0, 16.748867265244215)	(57.0, 17.55995629985113)	(58.0, 2.1119852758627955)	(59.0, 0.7362877029035387)	(60.0, 0.5857955101409322)	(61.0, 0.5064656653799839)	(62.0, 0.290471765934045)	(63.0, 0.23030723535082467)	(64.0, 0.2211693429369764)	(65.0, 0.12890088944845987)	(66.0, 0.093481448056725)	(67.0, 0.06695730016519752)	(68.0, 0.05458475556945452)	(69.0, 0.050298841428445484)	(70.0, 0.0388158261827232)	(71.0, 0.03347865008259876)	(72.0, 0.04285914141009026)	(73.0, 0.02523028701877007)	(74.0, 0.01568806308218396)	(75.0, 0.01261514350938504)	(76.0, 0.00663103697288188)	(77.0, 0.0019407913091361601)	(78.0, 0.0019407913091361597)	(79.0, 0.00129386087275744)	(80.0, 0.0008086630454734)	(81.0, 0.0)	(82.0, 0.00032346521818936)	(83.0, 0.00032346521818936)	(84.0, 0.00048519782728404003)	(85.0, 0.00048519782728404003)	(86.0, 0.00032346521818936)	(87.0, 0.0009703956545680801)	(88.0, 0.00064693043637872)	(89.0, 0.00024259891364202001)	(90.0, 0.0011321282636627599)	(91.0, 0.0021025239182308397)	(92.0, 0.00032346521818936)	(93.0, 0.00032346521818936)	(94.0, 0.00032346521818936)	(95.0, 0.0)	(96.0, 0.00064693043637872)	(97.0, 0.0)	(98.0, 0.0008895293500207399)	(99.0, 0.0014555934818521199)	(100.0, 0.0027494543546095597)
1050R_S2_L_Male_week9_S82_L001_R1_001	(0.0, 0.0)	(1.0, 0.0)	(2.0, 0.0)	(3.0, 0.0)	(4.0, 0.0)	(5.0, 0.0)	(6.0, 0.0)	(7.0, 0.0)	(8.0, 0.0)	(9.0, 0.0)	(10.0, 0.0)	(11.0, 0.0)	(12.0, 0.0)	(13.0, 0.0)	(14.0, 0.0)	(15.0, 0.0)	(16.0, 0.0)	(17.0, 0.0)	(18.0, 0.0)	(19.0, 0.0)	(20.0, 0.0)	(21.0, 0.0)	(22.0, 0.0)	(23.0, 0.0)	(24.0, 0.0)	(25.0, 0.0)	(26.0, 0.0)	(27.0, 0.0)	(28.0, 0.0)	(29.0, 0.0)	(30.0, 0.0)	(31.0, 0.0)	(32.0, 0.0)	(33.0, 0.0)	(34.0, 0.0)	(35.0, 0.0)	(36.0, 0.0)	(37.0, 0.0)	(38.0, 0.0007375058605374623)	(39.0, 0.001264295760921364)	(40.0, 0.0016857276812284854)	(41.0, 0.004214319203071214)	(42.0, 0.008744712346372767)	(43.0, 0.03023774028203596)	(44.0, 0.10946694129977473)	(45.0, 0.17510496288760888)	(46.0, 0.428912336892571)	(47.0, 16.41213934646766)	(48.0, 17.505439105726385)	(49.0, 4.43061913616943)	(50.0, 4.6389118627813115)	(51.0, 16.459550437502248)	(52.0, 24.41850296845669)	(53.0, 11.34136512334317)	(54.0, 2.401635155850031)	(55.0, 0.7601578262539697)	(56.0, 0.3325097851223207)	(57.0, 0.19375332536119919)	(58.0, 0.14212791512357623)	(59.0, 0.09682398369056112)	(60.0, 0.030448456242189496)	(61.0, 0.022125175816123877)	(62.0, 0.03308240574410899)	(63.0, 0.005689330924146138)	(64.0, 0.004425035163224774)	(65.0, 0.0035821713226105315)	(66.0, 0.0035821713226105315)	(67.0, 0.002528591521842728)	(68.0, 0.000632147880460682)	(69.0, 0.0)	(70.0, 0.0)	(71.0, 0.0)	(72.0, 0.0)	(73.0, 0.0)	(74.0, 0.0)	(75.0, 0.0)	(76.0, 0.0)	(77.0, 0.0)	(78.0, 0.0)	(79.0, 0.0)	(80.0, 0.0)	(81.0, 0.0)	(82.0, 0.0)	(83.0, 0.0)	(84.0, 0.0)	(85.0, 0.0)	(86.0, 0.0)	(87.0, 0.0)	(88.0, 0.0)	(89.0, 0.0)	(90.0, 0.0)	(91.0, 0.0)	(92.0, 0.0)	(93.0, 0.0)	(94.0, 0.0)	(95.0, 0.0)	(96.0, 0.0)	(97.0, 0.0)	(98.0, 0.0)	(99.0, 0.0)	(100.0, 0.0)
1050R_S2_L_Male_week9_S82_L001_R2_001	(0.0, 0.0)	(1.0, 0.0)	(2.0, 0.0)	(3.0, 0.0)	(4.0, 0.0)	(5.0, 0.0)	(6.0, 0.0)	(7.0, 0.0)	(8.0, 0.0)	(9.0, 0.0)	(10.0, 0.0)	(11.0, 0.0)	(12.0, 0.0)	(13.0, 0.0)	(14.0, 0.0)	(15.0, 0.0)	(16.0, 0.0)	(17.0, 0.0)	(18.0, 0.0)	(19.0, 0.0)	(20.0, 0.0)	(21.0, 0.0)	(22.0, 0.0)	(23.0, 0.0)	(24.0, 0.0)	(25.0, 0.0)	(26.0, 0.0)	(27.0, 0.0)	(28.0, 0.0)	(29.0, 0.0)	(30.0, 0.0)	(31.0, 0.0)	(32.0, 0.0)	(33.0, 0.0006664282334541763)	(34.0, 0.001999284700362529)	(35.0, 0.003998569400725058)	(36.0, 0.004664997634179234)	(37.0, 0.001999284700362529)	(38.0, 0.0006664282334541763)	(39.0, 0.0033321411672708814)	(40.0, 0.004442854889694509)	(41.0, 0.004442854889694509)	(42.0, 0.009329995268358468)	(43.0, 0.011773565457690446)	(44.0, 0.03487641088410187)	(45.0, 1.9490804401089117)	(46.0, 17.401107603729802)	(47.0, 8.74420485115026)	(48.0, 1.614533466914989)	(49.0, 0.6492121707565985)	(50.0, 0.6008961238311725)	(51.0, 7.722126083776963)	(52.0, 8.302807217859517)	(53.0, 8.036013781733606)	(54.0, 6.982168601899021)	(55.0, 1.6744009365536026)	(56.0, 15.699049895484709)	(57.0, 16.177434295733388)	(58.0, 1.6832866463329912)	(59.0, 0.6007850524589353)	(60.0, 0.4764961869197334)	(61.0, 0.41518478944195075)	(62.0, 0.24302416246628983)	(63.0, 0.19204240260704517)	(64.0, 0.17660348186535635)	(65.0, 0.11207101459254391)	(66.0, 0.09396638091703885)	(67.0, 0.07774996056965391)	(68.0, 0.060422826499845324)	(69.0, 0.04076319361294711)	(70.0, 0.03831962342361513)	(71.0, 0.035987124606525506)	(72.0, 0.04398426340797559)	(73.0, 0.02221427444847254)	(74.0, 0.014439278391507155)	(75.0, 0.011329279968720997)	(76.0, 0.007997138801450115)	(77.0, 0.004442854889694509)	(78.0, 0.0011107137224236271)	(79.0, 0.0017771419558778032)	(80.0, 0.0013328564669083526)	(81.0, 0.0)	(82.0, 0.0)	(83.0, 0.0)	(84.0, 0.0006664282334541763)	(85.0, 0.0006664282334541763)	(86.0, 0.0)	(87.0, 0.0)	(88.0, 0.0)	(89.0, 0.0)	(90.0, 0.0)	(91.0, 0.0)	(92.0, 0.0)	(93.0, 0.0013328564669083526)	(94.0, 0.001999284700362529)	(95.0, 0.0006664282334541763)	(96.0, 0.0)	(97.0, 0.0)	(98.0, 0.0004442854889694508)	(99.0, 0.0012217850946659896)	(100.0, 0.0024435701893319797)
1050R_S2_RR_Male_week5_S70_L001_R1_001	(0.0, 0.0)	(1.0, 0.0)	(2.0, 0.0)	(3.0, 0.0)	(4.0, 0.0)	(5.0, 0.0)	(6.0, 0.0)	(7.0, 0.0)	(8.0, 0.0)	(9.0, 0.0)	(10.0, 0.0)	(11.0, 0.0)	(12.0, 0.0)	(13.0, 0.0)	(14.0, 0.0)	(15.0, 0.0)	(16.0, 0.0)	(17.0, 0.0)	(18.0, 0.0)	(19.0, 0.0)	(20.0, 0.0)	(21.0, 0.0)	(22.0, 0.0)	(23.0, 0.0)	(24.0, 0.0)	(25.0, 0.0)	(26.0, 0.0)	(27.0, 0.0)	(28.0, 0.0)	(29.0, 0.0)	(30.0, 0.0)	(31.0, 0.0)	(32.0, 0.0)	(33.0, 0.0)	(34.0, 0.0)	(35.0, 0.0)	(36.0, 0.00040689483294409557)	(37.0, 0.00040689483294409557)	(38.0, 0.0)	(39.0, 0.0003051711247080717)	(40.0, 0.0)	(41.0, 0.0036620534964968603)	(42.0, 0.009256857449478174)	(43.0, 0.0319412443861115)	(44.0, 0.10284266902662019)	(45.0, 0.1683527371306195)	(46.0, 0.37719151013917634)	(47.0, 17.872652089663536)	(48.0, 19.074110807641393)	(49.0, 3.4536216183214536)	(50.0, 3.7612341120273243)	(51.0, 18.94176826322605)	(52.0, 23.658289719286262)	(53.0, 8.275732283539726)	(54.0, 2.5797132408653902)	(55.0, 0.7307831199675935)	(56.0, 0.340062356633029)	(57.0, 0.17628718637302915)	(58.0, 0.18584921494721562)	(59.0, 0.14566835019398555)	(60.0, 0.033873994842595935)	(61.0, 0.017903372649540214)	(62.0, 0.02878780943079475)	(63.0, 0.010986160489490578)	(64.0, 0.005289632828273243)	(65.0, 0.0036620534964968603)	(66.0, 0.003865500912968908)	(67.0, 0.003865500912968908)	(68.0, 0.0016275793317763823)	(69.0, 0.0)	(70.0, 0.0)	(71.0, 0.0)	(72.0, 0.0)	(73.0, 0.0)	(74.0, 0.0)	(75.0, 0.0)	(76.0, 0.0)	(77.0, 0.0)	(78.0, 0.0)	(79.0, 0.0)	(80.0, 0.0)	(81.0, 0.0)	(82.0, 0.0)	(83.0, 0.0)	(84.0, 0.0)	(85.0, 0.0)	(86.0, 0.0)	(87.0, 0.0)	(88.0, 0.0)	(89.0, 0.0)	(90.0, 0.0)	(91.0, 0.0)	(92.0, 0.0)	(93.0, 0.0)	(94.0, 0.0)	(95.0, 0.0)	(96.0, 0.0)	(97.0, 0.0)	(98.0, 0.0)	(99.0, 0.0)	(100.0, 0.0)
1050R_S2_RR_Male_week5_S70_L001_R2_001	(0.0, 0.0)	(1.0, 0.0)	(2.0, 0.0)	(3.0, 0.0)	(4.0, 0.0)	(5.0, 0.0)	(6.0, 0.0)	(7.0, 0.0)	(8.0, 0.0)	(9.0, 0.0)	(10.0, 0.0)	(11.0, 0.0)	(12.0, 0.0)	(13.0, 0.0)	(14.0, 0.0)	(15.0, 0.0)	(16.0, 0.0)	(17.0, 0.0)	(18.0, 0.0)	(19.0, 0.0)	(20.0, 0.0)	(21.0, 0.0)	(22.0, 0.0)	(23.0, 0.0)	(24.0, 0.0)	(25.0, 0.0)	(26.0, 0.0)	(27.0, 0.0)	(28.0, 0.0)	(29.0, 0.0)	(30.0, 0.0)	(31.0, 0.0)	(32.0, 0.0)	(33.0, 0.0)	(34.0, 0.0)	(35.0, 0.0)	(36.0, 0.0012609452676194126)	(37.0, 0.0023117329906355896)	(38.0, 0.002101575446032354)	(39.0, 0.002521890535238825)	(40.0, 0.004623465981271179)	(41.0, 0.006304726338097062)	(42.0, 0.009457089507145593)	(43.0, 0.014921185666829713)	(44.0, 0.03236426186889825)	(45.0, 0.9780732125834803)	(46.0, 17.79761197982401)	(47.0, 14.368786560843683)	(48.0, 1.4821360833143313)	(49.0, 0.6340453120679507)	(50.0, 0.5590190686445978)	(51.0, 4.358877632616268)	(52.0, 4.817126158623835)	(53.0, 6.1328174666116775)	(54.0, 5.563500678282012)	(55.0, 1.6897717373822827)	(56.0, 18.042445519287078)	(57.0, 18.56195496954719)	(58.0, 1.9358662221126286)	(59.0, 0.692153873150752)	(60.0, 0.5260243341418943)	(61.0, 0.4175830411266267)	(62.0, 0.2610156703972188)	(63.0, 0.2145708530399036)	(64.0, 0.22654983308228893)	(65.0, 0.14332744541940629)	(66.0, 0.10539400861852247)	(67.0, 0.08385286029669096)	(68.0, 0.06914183217446447)	(69.0, 0.04959718052636356)	(70.0, 0.03824867311778884)	(71.0, 0.035306467493343534)	(72.0, 0.047915920169537704)	(73.0, 0.027530638343023835)	(74.0, 0.01891417901429119)	(75.0, 0.014290713033020009)	(76.0, 0.009246931962542358)	(77.0, 0.004413308436667944)	(78.0, 0.0016812603568258833)	(79.0, 0.0012609452676194126)	(80.0, 0.0006304726338097063)	(81.0, 0.0004203150892064708)	(82.0, 0.0004203150892064708)	(83.0, 0.0014711028122226476)	(84.0, 0.001050787723016177)	(85.0, 0.0006304726338097063)	(86.0, 0.0006304726338097063)	(87.0, 0.0)	(88.0, 0.0)	(89.0, 0.0)	(90.0, 0.0)	(91.0, 0.0)	(92.0, 0.0)	(93.0, 0.0004203150892064708)	(94.0, 0.001050787723016177)	(95.0, 0.0016812603568258833)	(96.0, 0.0016812603568258833)	(97.0, 0.0012609452676194126)	(98.0, 0.001050787723016177)	(99.0, 0.0004203150892064708)	(100.0, 0.0012609452676194126)
1050R_S2_RR_Male_week9_S84_L001_R1_001	(0.0, 0.0)	(1.0, 0.0)	(2.0, 0.0)	(3.0, 0.0)	(4.0, 0.0)	(5.0, 0.0)	(6.0, 0.0)	(7.0, 0.0)	(8.0, 0.0)	(9.0, 0.0)	(10.0, 0.0)	(11.0, 0.0)	(12.0, 0.0)	(13.0, 0.0)	(14.0, 0.0)	(15.0, 0.0)	(16.0, 0.0)	(17.0, 0.0)	(18.0, 0.0)	(19.0, 0.0)	(20.0, 0.0)	(21.0, 0.0)	(22.0, 0.0)	(23.0, 0.0)	(24.0, 0.0)	(25.0, 0.0)	(26.0, 0.0)	(27.0, 0.0)	(28.0, 0.0)	(29.0, 0.0)	(30.0, 0.0)	(31.0, 0.0)	(32.0, 0.0)	(33.0, 0.0)	(34.0, 0.0)	(35.0, 0.0003351094132233873)	(36.0, 0.0006702188264467746)	(37.0, 0.0003351094132233873)	(38.0, 0.0005864414731409278)	(39.0, 0.0010053282396701622)	(40.0, 0.0012566602995877025)	(41.0, 0.003686203545457261)	(42.0, 0.014996146241746586)	(43.0, 0.04054823900002988)	(44.0, 0.13999195737407)	(45.0, 0.23147682718405527)	(46.0, 0.49018129419250306)	(47.0, 18.450454073257987)	(48.0, 19.602141349149317)	(49.0, 4.406856338594627)	(50.0, 4.627944773968555)	(51.0, 13.672045172754482)	(52.0, 21.91883650010752)	(53.0, 12.021128648506501)	(54.0, 2.6492912435908744)	(55.0, 0.7929526490398573)	(56.0, 0.3552159780167888)	(57.0, 0.18875037699807334)	(58.0, 0.16881136691128182)	(59.0, 0.11779095874802016)	(60.0, 0.03250561308266855)	(61.0, 0.01826346302067461)	(62.0, 0.030997620723163297)	(63.0, 0.010891055929760094)	(64.0, 0.006367078851244358)	(65.0, 0.0023457658925637114)	(66.0, 0.0008377735330584682)	(67.0, 0.0005026641198350811)	(68.0, 0.0)	(69.0, 0.0)	(70.0, 0.0)	(71.0, 0.0)	(72.0, 0.0)	(73.0, 0.0)	(74.0, 0.0)	(75.0, 0.0)	(76.0, 0.0)	(77.0, 0.0)	(78.0, 0.0)	(79.0, 0.0)	(80.0, 0.0)	(81.0, 0.0)	(82.0, 0.0)	(83.0, 0.0)	(84.0, 0.0)	(85.0, 0.0)	(86.0, 0.0)	(87.0, 0.0)	(88.0, 0.0)	(89.0, 0.0)	(90.0, 0.0)	(91.0, 0.0)	(92.0, 0.0)	(93.0, 0.0)	(94.0, 0.0)	(95.0, 0.0)	(96.0, 0.0)	(97.0, 0.0)	(98.0, 0.0)	(99.0, 0.0)	(100.0, 0.0)
1050R_S2_RR_Male_week9_S84_L001_R2_001	(0.0, 0.0)	(1.0, 0.0)	(2.0, 0.0)	(3.0, 0.0)	(4.0, 0.0)	(5.0, 0.0)	(6.0, 0.0)	(7.0, 0.0)	(8.0, 0.0)	(9.0, 0.0)	(10.0, 0.0)	(11.0, 0.0)	(12.0, 0.0)	(13.0, 0.0)	(14.0, 0.0)	(15.0, 0.0)	(16.0, 0.0)	(17.0, 0.0)	(18.0, 0.0)	(19.0, 0.0)	(20.0, 0.0)	(21.0, 0.0)	(22.0, 0.0)	(23.0, 0.0)	(24.0, 0.0)	(25.0, 0.0)	(26.0, 0.0)	(27.0, 0.0)	(28.0, 0.0)	(29.0, 0.0)	(30.0, 0.0)	(31.0, 0.0)	(32.0, 0.0)	(33.0, 0.0)	(34.0, 0.0005291075278773119)	(35.0, 0.0005291075278773119)	(36.0, 0.0005291075278773119)	(37.0, 0.0021164301115092475)	(38.0, 0.0026455376393865596)	(39.0, 0.0019400609355501436)	(40.0, 0.004056491047059391)	(41.0, 0.009171197149873408)	(42.0, 0.013227688196932796)	(43.0, 0.016049595012278466)	(44.0, 0.04250497140614408)	(45.0, 1.8640458207116424)	(46.0, 19.220536426852945)	(47.0, 11.347680965798448)	(48.0, 1.6486990568656281)	(49.0, 0.6993037826778532)	(50.0, 0.6577688417394804)	(51.0, 8.301079820276344)	(52.0, 9.012288522331728)	(53.0, 7.903190959312973)	(54.0, 6.873724079240606)	(55.0, 1.7576952076083345)	(56.0, 13.1979699907887)	(57.0, 13.143560100005258)	(58.0, 1.5360873380157642)	(59.0, 0.5629704096614554)	(60.0, 0.4746094525059433)	(61.0, 0.44004109401795954)	(62.0, 0.26279007217906536)	(63.0, 0.18968504874401645)	(64.0, 0.19012597168391498)	(65.0, 0.10758519733505328)	(66.0, 0.08086526717724915)	(67.0, 0.07848428330180125)	(68.0, 0.0709004087355598)	(69.0, 0.0615528424097273)	(70.0, 0.05026521514834464)	(71.0, 0.03844848035908469)	(72.0, 0.050265215148344713)	(73.0, 0.030864605792843183)	(74.0, 0.02028245523529695)	(75.0, 0.011111258085423549)	(76.0, 0.004409229398977598)	(77.0, 0.004409229398977598)	(78.0, 0.0044092293989776)	(79.0, 0.0014109534076728316)	(80.0, 0.0)	(81.0, 0.0)	(82.0, 0.0003527383519182079)	(83.0, 0.0)	(84.0, 0.0005291075278773119)	(85.0, 0.0014109534076728316)	(86.0, 0.0017636917595910395)	(87.0, 0.0014109534076728316)	(88.0, 0.0008818458797955198)	(89.0, 0.0)	(90.0, 0.0)	(91.0, 0.0)	(92.0, 0.0)	(93.0, 0.0)	(94.0, 0.0)	(95.0, 0.0)	(96.0, 0.0)	(97.0, 0.0007054767038364158)	(98.0, 0.0)	(99.0, 0.0)	(100.0, 0.0005291075278773119)
1050R_S2_R_Male_week5_S69_L001_R1_001	(0.0, 0.0)	(1.0, 0.0)	(2.0, 0.0)	(3.0, 0.0)	(4.0, 0.0)	(5.0, 0.0)	(6.0, 0.0)	(7.0, 0.0)	(8.0, 0.0)	(9.0, 0.0)	(10.0, 0.0)	(11.0, 0.0)	(12.0, 0.0)	(13.0, 0.0)	(14.0, 0.0)	(15.0, 0.0)	(16.0, 0.0)	(17.0, 0.0)	(18.0, 0.0)	(19.0, 0.0)	(20.0, 0.0)	(21.0, 0.0)	(22.0, 0.0)	(23.0, 0.0)	(24.0, 0.0)	(25.0, 0.0)	(26.0, 0.0)	(27.0, 0.0)	(28.0, 0.0)	(29.0, 0.0)	(30.0, 0.0)	(31.0, 0.0)	(32.0, 0.0)	(33.0, 0.0)	(34.0, 0.0)	(35.0, 0.0)	(36.0, 0.0)	(37.0, 0.0)	(38.0, 0.0)	(39.0, 0.0006975373444052806)	(40.0, 0.0003487686722026403)	(41.0, 0.0018600995850807482)	(42.0, 0.008719216805066007)	(43.0, 0.029761593361291964)	(44.0, 0.0939350290465778)	(45.0, 0.1439252053956228)	(46.0, 0.33063270124810545)	(47.0, 18.33174643587542)	(48.0, 19.71182407178377)	(49.0, 4.106518602738256)	(50.0, 4.24672360896378)	(51.0, 17.992278261597523)	(52.0, 22.710072090491106)	(53.0, 8.317784063359472)	(54.0, 2.38395013072897)	(55.0, 0.6873067966873245)	(56.0, 0.2995922894220696)	(57.0, 0.15450452178576934)	(58.0, 0.16717645020913152)	(59.0, 0.12857938381870637)	(60.0, 0.03673696680534475)	(61.0, 0.02301873236537427)	(62.0, 0.06301087344461041)	(63.0, 0.013718234439970523)	(64.0, 0.006277836099647526)	(65.0, 0.005115273858972058)	(66.0, 0.0030226618257562154)	(67.0, 0.0011625622406754676)	(68.0, 0.0)	(69.0, 0.0)	(70.0, 0.0)	(71.0, 0.0)	(72.0, 0.0)	(73.0, 0.0)	(74.0, 0.0)	(75.0, 0.0)	(76.0, 0.0)	(77.0, 0.0)	(78.0, 0.0)	(79.0, 0.0)	(80.0, 0.0)	(81.0, 0.0)	(82.0, 0.0)	(83.0, 0.0)	(84.0, 0.0)	(85.0, 0.0)	(86.0, 0.0)	(87.0, 0.0)	(88.0, 0.0)	(89.0, 0.0)	(90.0, 0.0)	(91.0, 0.0)	(92.0, 0.0)	(93.0, 0.0)	(94.0, 0.0)	(95.0, 0.0)	(96.0, 0.0)	(97.0, 0.0)	(98.0, 0.0)	(99.0, 0.0)	(100.0, 0.0)
1050R_S2_R_Male_week5_S69_L001_R2_001	(0.0, 0.0)	(1.0, 0.0)	(2.0, 0.0)	(3.0, 0.0)	(4.0, 0.0)	(5.0, 0.0)	(6.0, 0.0)	(7.0, 0.0)	(8.0, 0.0)	(9.0, 0.0)	(10.0, 0.0)	(11.0, 0.0)	(12.0, 0.0)	(13.0, 0.0)	(14.0, 0.0)	(15.0, 0.0)	(16.0, 0.0)	(17.0, 0.0)	(18.0, 0.0)	(19.0, 0.0)	(20.0, 0.0)	(21.0, 0.0)	(22.0, 0.0)	(23.0, 0.0)	(24.0, 0.0)	(25.0, 0.0)	(26.0, 0.0)	(27.0, 0.0)	(28.0, 0.0)	(29.0, 0.0)	(30.0, 0.0)	(31.0, 0.0)	(32.0, 0.0)	(33.0, 0.0)	(34.0, 0.0007235567153900312)	(35.0, 0.0021706701461700934)	(36.0, 0.0021706701461700934)	(37.0, 0.0021706701461700934)	(38.0, 0.0028942268615601246)	(39.0, 0.0024118557179667703)	(40.0, 0.0021706701461700934)	(41.0, 0.0036177835769501563)	(42.0, 0.007235567153900313)	(43.0, 0.017847732312954105)	(44.0, 0.04196628949262178)	(45.0, 1.1424960536008872)	(46.0, 18.18153314432787)	(47.0, 14.066183732753709)	(48.0, 1.8032239275378523)	(49.0, 0.8078510727329622)	(50.0, 0.7090855810822183)	(51.0, 4.870501436862695)	(52.0, 5.2514540475157165)	(53.0, 6.581954254331797)	(54.0, 5.830058234256207)	(55.0, 1.7319535910719386)	(56.0, 16.687629712616474)	(57.0, 17.217273228282952)	(58.0, 1.97325975565447)	(59.0, 0.7087238027245286)	(60.0, 0.5156547525012922)	(61.0, 0.4587349575572787)	(62.0, 0.2872520160098429)	(63.0, 0.20597247831436227)	(64.0, 0.20030461737714006)	(65.0, 0.12095456425603339)	(66.0, 0.09092696056734727)	(67.0, 0.07621464068774997)	(68.0, 0.07211448596720646)	(69.0, 0.06801433124666295)	(70.0, 0.05040778450550552)	(71.0, 0.04051917606184172)	(72.0, 0.06825551681845972)	(73.0, 0.038107320343874956)	(74.0, 0.018571289028344137)	(75.0, 0.006270824866713603)	(76.0, 0.0019294845743734162)	(77.0, 0.0021706701461700934)	(78.0, 0.0021706701461700934)	(79.0, 0.0036177835769501563)	(80.0, 0.0038589691487468324)	(81.0, 0.0021706701461700934)	(82.0, 0.0014471134307800623)	(83.0, 0.0014471134307800623)	(84.0, 0.0009647422871867081)	(85.0, 0.00048237114359335405)	(86.0, 0.0)	(87.0, 0.0)	(88.0, 0.0)	(89.0, 0.00048237114359335405)	(90.0, 0.0009647422871867081)	(91.0, 0.0009647422871867081)	(92.0, 0.00048237114359335405)	(93.0, 0.0)	(94.0, 0.0)	(95.0, 0.0)	(96.0, 0.00048237114359335405)	(97.0, 0.0009647422871867081)	(98.0, 0.0020500773602717547)	(99.0, 0.002894226861560124)	(100.0, 0.0036177835769501563)
1050R_S2_R_Male_week9_S83_L001_R1_001	(0.0, 0.0)	(1.0, 0.0)	(2.0, 0.0)	(3.0, 0.0)	(4.0, 0.0)	(5.0, 0.0)	(6.0, 0.0)	(7.0, 0.0)	(8.0, 0.0)	(9.0, 0.0)	(10.0, 0.0)	(11.0, 0.0)	(12.0, 0.0)	(13.0, 0.0)	(14.0, 0.0)	(15.0, 0.0)	(16.0, 0.0)	(17.0, 0.0)	(18.0, 0.0)	(19.0, 0.0)	(20.0, 0.0)	(21.0, 0.0)	(22.0, 0.0)	(23.0, 0.0)	(24.0, 0.0)	(25.0, 0.0)	(26.0, 0.0)	(27.0, 0.0)	(28.0, 0.0)	(29.0, 0.0)	(30.0, 0.0)	(31.0, 0.0)	(32.0, 0.0)	(33.0, 0.00032422898347724124)	(34.0, 0.0)	(35.0, 0.0004323053113029883)	(36.0, 0.0004323053113029883)	(37.0, 0.0006484579669544825)	(38.0, 0.0010807632782574709)	(39.0, 0.0004323053113029883)	(40.0, 0.0014049922617347121)	(41.0, 0.0030261371791209177)	(42.0, 0.012428777699960912)	(43.0, 0.04139323355726113)	(44.0, 0.11855973162484457)	(45.0, 0.182865146681164)	(46.0, 0.40766390855871726)	(47.0, 14.705837850925118)	(48.0, 15.78876265574108)	(49.0, 4.16201938456995)	(50.0, 4.450150874553504)	(51.0, 19.0971952031487)	(52.0, 26.09535358250791)	(53.0, 10.555923015064886)	(54.0, 2.507803110868449)	(55.0, 0.8610441037877339)	(56.0, 0.3875617115831292)	(57.0, 0.19615853500373082)	(58.0, 0.14309305804128877)	(59.0, 0.09770100035447539)	(60.0, 0.03588134083814801)	(61.0, 0.031774440380769625)	(62.0, 0.07976032993540155)	(63.0, 0.014914533239953101)	(64.0, 0.00626842701389333)	(65.0, 0.00518766373563586)	(66.0, 0.003890747801726895)	(67.0, 0.0)	(68.0, 0.0006484579669544825)	(69.0, 0.001296915933908965)	(70.0, 0.0006484579669544825)	(71.0, 0.0)	(72.0, 0.0004323053113029883)	(73.0, 0.0)	(74.0, 0.0)	(75.0, 0.0)	(76.0, 0.0)	(77.0, 0.0)	(78.0, 0.0)	(79.0, 0.0)	(80.0, 0.0)	(81.0, 0.0)	(82.0, 0.0)	(83.0, 0.0)	(84.0, 0.0)	(85.0, 0.0)	(86.0, 0.0)	(87.0, 0.0)	(88.0, 0.0)	(89.0, 0.0)	(90.0, 0.0)	(91.0, 0.0)	(92.0, 0.0)	(93.0, 0.0)	(94.0, 0.0)	(95.0, 0.0)	(96.0, 0.0)	(97.0, 0.0)	(98.0, 0.0)	(99.0, 0.0)	(100.0, 0.0)
1050R_S2_R_Male_week9_S83_L001_R2_001	(0.0, 0.0)	(1.0, 0.0)	(2.0, 0.0)	(3.0, 0.0)	(4.0, 0.0)	(5.0, 0.0)	(6.0, 0.0)	(7.0, 0.0)	(8.0, 0.0)	(9.0, 0.0)	(10.0, 0.0)	(11.0, 0.0)	(12.0, 0.0)	(13.0, 0.0)	(14.0, 0.0)	(15.0, 0.0)	(16.0, 0.0)	(17.0, 0.0)	(18.0, 0.0)	(19.0, 0.0)	(20.0, 0.0)	(21.0, 0.0)	(22.0, 0.0)	(23.0, 0.0)	(24.0, 0.0)	(25.0, 0.0)	(26.0, 0.0)	(27.0, 0.0)	(28.0, 0.0)	(29.0, 0.0006846259260990552)	(30.0, 0.0006846259260990552)	(31.0, 0.0)	(32.0, 0.0)	(33.0, 0.0)	(34.0, 0.0009128345681320736)	(35.0, 0.0004564172840660368)	(36.0, 0.0004564172840660368)	(37.0, 0.0018256691362641471)	(38.0, 0.0013692518521981104)	(39.0, 0.0011410432101650921)	(40.0, 0.0034231296304952762)	(41.0, 0.005248798766759424)	(42.0, 0.008215511113188663)	(43.0, 0.011182223459617904)	(44.0, 0.03993651235577819)	(45.0, 1.8265819708322468)	(46.0, 15.335506640301228)	(47.0, 7.650010098230016)	(48.0, 1.7043762430235927)	(49.0, 0.7729426705658273)	(50.0, 0.7704323755034621)	(51.0, 6.778709502948751)	(52.0, 7.474745861148813)	(53.0, 6.900572917794265)	(54.0, 6.027218444734677)	(55.0, 1.8618402060263426)	(56.0, 18.13459973916216)	(57.0, 19.023586504203397)	(58.0, 2.165129491288176)	(59.0, 0.7891454841501765)	(60.0, 0.6185595242304897)	(61.0, 0.506965498276346)	(62.0, 0.28457617661517426)	(63.0, 0.24144474327093376)	(64.0, 0.20139412659413897)	(65.0, 0.12722631793340766)	(66.0, 0.10155284570469317)	(67.0, 0.12026595435140067)	(68.0, 0.11387611237447617)	(69.0, 0.07622168643902816)	(70.0, 0.053172613593693296)	(71.0, 0.04792381482693388)	(72.0, 0.09927075928436307)	(73.0, 0.04404426791237251)	(74.0, 0.02533115926566504)	(75.0, 0.01597460494231129)	(76.0, 0.007987302471155646)	(77.0, 0.004792381482693387)	(78.0, 0.002053877778297166)	(79.0, 0.004564172840660369)	(80.0, 0.003194920988462258)	(81.0, 0.0)	(82.0, 0.0004564172840660368)	(83.0, 0.0)	(84.0, 0.0)	(85.0, 0.0)	(86.0, 0.0)	(87.0, 0.0)	(88.0, 0.0)	(89.0, 0.0006846259260990552)	(90.0, 0.0011410432101650921)	(91.0, 0.0009128345681320736)	(92.0, 0.0007987302471155644)	(93.0, 0.0003423129630495276)	(94.0, 0.0004564172840660368)	(95.0, 0.0)	(96.0, 0.0)	(97.0, 0.0)	(98.0, 0.0)	(99.0, 0.0004564172840660368)	(100.0, 0.0034231296304952762)
1127R_S2_0_Female_week5_S62_L001_R1_001	(0.0, 0.0)	(1.0, 0.0)	(2.0, 0.0)	(3.0, 0.0)	(4.0, 0.0)	(5.0, 0.0)	(6.0, 0.0)	(7.0, 0.0)	(8.0, 0.0)	(9.0, 0.0)	(10.0, 0.0)	(11.0, 0.0)	(12.0, 0.0)	(13.0, 0.0)	(14.0, 0.0)	(15.0, 0.0)	(16.0, 0.0)	(17.0, 0.0)	(18.0, 0.0)	(19.0, 0.0)	(20.0, 0.0)	(21.0, 0.0)	(22.0, 0.0)	(23.0, 0.0)	(24.0, 0.0)	(25.0, 0.0)	(26.0, 0.0)	(27.0, 0.0)	(28.0, 0.0)	(29.0, 0.0)	(30.0, 0.0)	(31.0, 0.0)	(32.0, 0.0)	(33.0, 0.0)	(34.0, 0.0)	(35.0, 0.0)	(36.0, 0.0)	(37.0, 0.0)	(38.0, 0.0)	(39.0, 0.0002877824824884226)	(40.0, 0.0002877824824884226)	(41.0, 0.0003837099766512301)	(42.0, 0.0044126647314891455)	(43.0, 0.022830743610748192)	(44.0, 0.0763582853535948)	(45.0, 0.11377000807708969)	(46.0, 0.3138747609007077)	(47.0, 14.916629414828938)	(48.0, 15.79129630660699)	(49.0, 3.501833174413592)	(50.0, 4.1832061654523125)	(51.0, 21.706185596680946)	(52.0, 25.882964620008707)	(53.0, 8.671653617326799)	(54.0, 3.0879060371008875)	(55.0, 0.7811375849677482)	(56.0, 0.3455308339744331)	(57.0, 0.1731491269638675)	(58.0, 0.19291019076140634)	(59.0, 0.1413011989018148)	(60.0, 0.03741172272349492)	(61.0, 0.02244703363409696)	(62.0, 0.021295903704143276)	(63.0, 0.005180084684791606)	(64.0, 0.0017266948949305352)	(65.0, 0.0019185498832561504)	(66.0, 0.0013429849182793052)	(67.0, 0.0003837099766512301)	(68.0, 0.0003837099766512301)	(69.0, 0.0)	(70.0, 0.0)	(71.0, 0.0)	(72.0, 0.0)	(73.0, 0.0)	(74.0, 0.0)	(75.0, 0.0)	(76.0, 0.0)	(77.0, 0.0)	(78.0, 0.0)	(79.0, 0.0)	(80.0, 0.0)	(81.0, 0.0)	(82.0, 0.0)	(83.0, 0.0)	(84.0, 0.0)	(85.0, 0.0)	(86.0, 0.0)	(87.0, 0.0)	(88.0, 0.0)	(89.0, 0.0)	(90.0, 0.0)	(91.0, 0.0)	(92.0, 0.0)	(93.0, 0.0)	(94.0, 0.0)	(95.0, 0.0)	(96.0, 0.0)	(97.0, 0.0)	(98.0, 0.0)	(99.0, 0.0)	(100.0, 0.0)
1127R_S2_0_Female_week5_S62_L001_R2_001	(0.0, 0.0)	(1.0, 0.0)	(2.0, 0.0)	(3.0, 0.0)	(4.0, 0.0)	(5.0, 0.0)	(6.0, 0.0)	(7.0, 0.0)	(8.0, 0.0)	(9.0, 0.0)	(10.0, 0.0)	(11.0, 0.0)	(12.0, 0.0)	(13.0, 0.0)	(14.0, 0.0)	(15.0, 0.0)	(16.0, 0.0)	(17.0, 0.0)	(18.0, 0.0)	(19.0, 0.0)	(20.0, 0.0)	(21.0, 0.0)	(22.0, 0.0)	(23.0, 0.0)	(24.0, 0.0)	(25.0, 0.0)	(26.0, 0.0)	(27.0, 0.0)	(28.0, 0.0)	(29.0, 0.0)	(30.0, 0.0)	(31.0, 0.0)	(32.0, 0.0)	(33.0, 0.0)	(34.0, 0.0006034911965720167)	(35.0, 0.0006034911965720167)	(36.0, 0.0012069823931440335)	(37.0, 0.0012069823931440335)	(38.0, 0.0018104735897160502)	(39.0, 0.0030174559828600837)	(40.0, 0.004023274643813445)	(41.0, 0.0036209471794321005)	(42.0, 0.005632584501338823)	(43.0, 0.01166749646705899)	(44.0, 0.03761761791965569)	(45.0, 1.4479765443084671)	(46.0, 14.837233395192797)	(47.0, 9.049249910728472)	(48.0, 1.4531062194793272)	(49.0, 0.6994462968269645)	(50.0, 0.6355768118564197)	(51.0, 4.096397660465264)	(52.0, 4.545696856313331)	(53.0, 7.242900177523981)	(54.0, 6.847110534439185)	(55.0, 2.1864486051802814)	(56.0, 20.041942638169896)	(57.0, 20.721071398043076)	(58.0, 2.4962407527538915)	(59.0, 0.8370422896453936)	(60.0, 0.6519716560299662)	(61.0, 0.5608444853475888)	(62.0, 0.33996670740223645)	(63.0, 0.2550756124177727)	(64.0, 0.2516558289705321)	(65.0, 0.16636240652168588)	(66.0, 0.11124354390144167)	(67.0, 0.08428760378789169)	(68.0, 0.07885618301874353)	(69.0, 0.07583872703588344)	(70.0, 0.05914213726405765)	(71.0, 0.04103740136689714)	(72.0, 0.03661179925870233)	(73.0, 0.025346630256024696)	(74.0, 0.02071986441563924)	(75.0, 0.012673315128012352)	(76.0, 0.0060349119657201675)	(77.0, 0.002413964786288067)	(78.0, 0.0018104735897160502)	(79.0, 0.0016093098575253777)	(80.0, 0.0004023274643813444)	(81.0, 0.0010058186609533612)	(82.0, 0.0006034911965720167)	(83.0, 0.0)	(84.0, 0.0)	(85.0, 0.0006034911965720167)	(86.0, 0.0010058186609533612)	(87.0, 0.0)	(88.0, 0.0)	(89.0, 0.0)	(90.0, 0.0)	(91.0, 0.0)	(92.0, 0.0004023274643813444)	(93.0, 0.0004023274643813444)	(94.0, 0.0)	(95.0, 0.0)	(96.0, 0.0006034911965720167)	(97.0, 0.0006034911965720167)	(98.0, 0.0004023274643813444)	(99.0, 0.0010058186609533612)	(100.0, 0.0010058186609533612)
1127R_S2_0_Female_week9_S76_L001_R1_001	(0.0, 0.0)	(1.0, 0.0)	(2.0, 0.0)	(3.0, 0.0)	(4.0, 0.0)	(5.0, 0.0)	(6.0, 0.0)	(7.0, 0.0)	(8.0, 0.0)	(9.0, 0.0)	(10.0, 0.0)	(11.0, 0.0)	(12.0, 0.0)	(13.0, 0.0)	(14.0, 0.0)	(15.0, 0.0)	(16.0, 0.0)	(17.0, 0.0)	(18.0, 0.0)	(19.0, 0.0)	(20.0, 0.0)	(21.0, 0.0)	(22.0, 0.0)	(23.0, 0.0)	(24.0, 0.0)	(25.0, 0.0)	(26.0, 0.0)	(27.0, 0.0)	(28.0, 0.0)	(29.0, 0.0)	(30.0, 0.0)	(31.0, 0.0)	(32.0, 0.0)	(33.0, 0.0)	(34.0, 0.0)	(35.0, 0.0)	(36.0, 0.0)	(37.0, 0.0004168976974739057)	(38.0, 0.0)	(39.0, 0.001042244243684764)	(40.0, 0.0016675907898956227)	(41.0, 0.0013549175167901933)	(42.0, 0.002292937336106481)	(43.0, 0.026889901487066912)	(44.0, 0.09703293908705153)	(45.0, 0.1566493098258199)	(46.0, 0.36739109589887964)	(47.0, 16.73812988031225)	(48.0, 18.235313736368123)	(49.0, 4.6374657622760544)	(50.0, 4.76816319043418)	(51.0, 17.089366190434628)	(52.0, 24.251043286482695)	(53.0, 9.843058861779996)	(54.0, 2.3532832778156543)	(55.0, 0.6773545339707201)	(56.0, 0.304752216853427)	(57.0, 0.1534183526703968)	(58.0, 0.12600732906148762)	(59.0, 0.09255128883920709)	(60.0, 0.025326535121539772)	(61.0, 0.012923828621691074)	(62.0, 0.028974389974436427)	(63.0, 0.0037520792772651507)	(64.0, 0.0027098350335803866)	(65.0, 0.001250693092421717)	(66.0, 0.0004168976974739057)	(67.0, 0.0)	(68.0, 0.0)	(69.0, 0.0)	(70.0, 0.0)	(71.0, 0.0)	(72.0, 0.0)	(73.0, 0.0)	(74.0, 0.0)	(75.0, 0.0)	(76.0, 0.0)	(77.0, 0.0)	(78.0, 0.0)	(79.0, 0.0)	(80.0, 0.0)	(81.0, 0.0)	(82.0, 0.0)	(83.0, 0.0)	(84.0, 0.0)	(85.0, 0.0)	(86.0, 0.0)	(87.0, 0.0)	(88.0, 0.0)	(89.0, 0.0)	(90.0, 0.0)	(91.0, 0.0)	(92.0, 0.0)	(93.0, 0.0)	(94.0, 0.0)	(95.0, 0.0)	(96.0, 0.0)	(97.0, 0.0)	(98.0, 0.0)	(99.0, 0.0)	(100.0, 0.0)
1127R_S2_0_Female_week9_S76_L001_R2_001	(0.0, 0.0)	(1.0, 0.0)	(2.0, 0.0)	(3.0, 0.0)	(4.0, 0.0)	(5.0, 0.0)	(6.0, 0.0)	(7.0, 0.0)	(8.0, 0.0)	(9.0, 0.0)	(10.0, 0.0)	(11.0, 0.0)	(12.0, 0.0)	(13.0, 0.0)	(14.0, 0.0)	(15.0, 0.0)	(16.0, 0.0)	(17.0, 0.0)	(18.0, 0.0)	(19.0, 0.0)	(20.0, 0.0)	(21.0, 0.0)	(22.0, 0.0)	(23.0, 0.0)	(24.0, 0.0)	(25.0, 0.0)	(26.0, 0.0)	(27.0, 0.0)	(28.0, 0.0)	(29.0, 0.0)	(30.0, 0.0)	(31.0, 0.0)	(32.0, 0.0)	(33.0, 0.0)	(34.0, 0.0)	(35.0, 0.0)	(36.0, 0.0)	(37.0, 0.0006574211341171032)	(38.0, 0.0013148422682342064)	(39.0, 0.00197226340235131)	(40.0, 0.005697649829014896)	(41.0, 0.00788905360940524)	(42.0, 0.008108193987444274)	(43.0, 0.014682405328615304)	(44.0, 0.04645776014427527)	(45.0, 1.7851175195059354)	(46.0, 17.056572184297707)	(47.0, 9.808942461402186)	(48.0, 1.5682781154363594)	(49.0, 0.76644347219152)	(50.0, 0.7877000888613073)	(51.0, 6.115440959746632)	(52.0, 7.4857257436234645)	(53.0, 8.137230087532945)	(54.0, 6.810554238885816)	(55.0, 1.8046210131514084)	(56.0, 16.16697181964655)	(57.0, 16.72413623081177)	(58.0, 1.913752921414828)	(59.0, 0.6853615323170742)	(60.0, 0.49679123701448796)	(61.0, 0.4047522782380954)	(62.0, 0.28510163182878406)	(63.0, 0.2136618685880587)	(64.0, 0.18024296093710573)	(65.0, 0.1242525943481324)	(66.0, 0.0924772395324725)	(67.0, 0.08962841461796506)	(68.0, 0.08217764176463792)	(69.0, 0.05741477904622702)	(70.0, 0.04908744468074372)	(71.0, 0.047772602412509524)	(72.0, 0.06771437681406174)	(73.0, 0.04251323333957267)	(74.0, 0.024215011773313304)	(75.0, 0.009970887200776065)	(76.0, 0.005040228694897791)	(77.0, 0.005040228694897791)	(78.0, 0.002848824914507447)	(79.0, 0.0015339826462732408)	(80.0, 0.001095701890195172)	(81.0, 0.0)	(82.0, 0.0)	(83.0, 0.001095701890195172)	(84.0, 0.001095701890195172)	(85.0, 0.00043828075607806884)	(86.0, 0.0)	(87.0, 0.00043828075607806884)	(88.0, 0.0008765615121561377)	(89.0, 0.00043828075607806884)	(90.0, 0.0)	(91.0, 0.0)	(92.0, 0.0)	(93.0, 0.00043828075607806884)	(94.0, 0.0013148422682342064)	(95.0, 0.0013148422682342064)	(96.0, 0.0)	(97.0, 0.0006574211341171032)	(98.0, 0.001095701890195172)	(99.0, 0.0007669913231366204)	(100.0, 0.0030679652925464825)
1127R_S2_R_Female_week5_S63_L001_R1_001	(0.0, 0.0)	(1.0, 0.0)	(2.0, 0.0)	(3.0, 0.0)	(4.0, 0.0)	(5.0, 0.0)	(6.0, 0.0)	(7.0, 0.0)	(8.0, 0.0)	(9.0, 0.0)	(10.0, 0.0)	(11.0, 0.0)	(12.0, 0.0)	(13.0, 0.0)	(14.0, 0.0)	(15.0, 0.0)	(16.0, 0.0)	(17.0, 0.0)	(18.0, 0.0)	(19.0, 0.0)	(20.0, 0.0)	(21.0, 0.0)	(22.0, 0.0)	(23.0, 0.0)	(24.0, 0.0)	(25.0, 0.0)	(26.0, 0.0)	(27.0, 0.0)	(28.0, 0.0)	(29.0, 0.0)	(30.0, 0.0)	(31.0, 0.0)	(32.0, 0.0)	(33.0, 0.0)	(34.0, 0.000431145521314018)	(35.0, 0.0)	(36.0, 0.0)	(37.0, 0.0003233591409855135)	(38.0, 0.0003233591409855135)	(39.0, 0.0)	(40.0, 0.0)	(41.0, 0.0016167957049275676)	(42.0, 0.006790541960695784)	(43.0, 0.029533468210010228)	(44.0, 0.08698360892510316)	(45.0, 0.14346367221723938)	(46.0, 0.36668926587757367)	(47.0, 19.16916102315424)	(48.0, 20.33928996800261)	(49.0, 4.2411784931664664)	(50.0, 4.858902238829402)	(51.0, 16.69815825411878)	(52.0, 20.871323541305)	(53.0, 8.757643401688867)	(54.0, 2.843943644967447)	(55.0, 0.7674390279389495)	(56.0, 0.30622110651328316)	(57.0, 0.15424231025008955)	(58.0, 0.14400260411888147)	(59.0, 0.11188226278098751)	(60.0, 0.041389970046145697)	(61.0, 0.019617121219787828)	(62.0, 0.027593313364097146)	(63.0, 0.008191764904966342)	(64.0, 0.00215572760657009)	(65.0, 0.000646718281971027)	(66.0, 0.000431145521314018)	(67.0, 0.000431145521314018)	(68.0, 0.0)	(69.0, 0.0)	(70.0, 0.0)	(71.0, 0.0)	(72.0, 0.0)	(73.0, 0.0)	(74.0, 0.0)	(75.0, 0.0)	(76.0, 0.0)	(77.0, 0.0)	(78.0, 0.0)	(79.0, 0.0)	(80.0, 0.0)	(81.0, 0.0)	(82.0, 0.0)	(83.0, 0.0)	(84.0, 0.0)	(85.0, 0.0)	(86.0, 0.0)	(87.0, 0.0)	(88.0, 0.0)	(89.0, 0.0)	(90.0, 0.0)	(91.0, 0.0)	(92.0, 0.0)	(93.0, 0.0)	(94.0, 0.0)	(95.0, 0.0)	(96.0, 0.0)	(97.0, 0.0)	(98.0, 0.0)	(99.0, 0.0)	(100.0, 0.0)
1127R_S2_R_Female_week5_S63_L001_R2_001	(0.0, 0.0)	(1.0, 0.0)	(2.0, 0.0)	(3.0, 0.0)	(4.0, 0.0)	(5.0, 0.0)	(6.0, 0.0)	(7.0, 0.0)	(8.0, 0.0)	(9.0, 0.0)	(10.0, 0.0)	(11.0, 0.0)	(12.0, 0.0)	(13.0, 0.0)	(14.0, 0.0)	(15.0, 0.0)	(16.0, 0.0)	(17.0, 0.0)	(18.0, 0.0)	(19.0, 0.0)	(20.0, 0.0)	(21.0, 0.0)	(22.0, 0.0)	(23.0, 0.0)	(24.0, 0.0)	(25.0, 0.0)	(26.0, 0.0)	(27.0, 0.0)	(28.0, 0.0)	(29.0, 0.0)	(30.0, 0.0)	(31.0, 0.0)	(32.0, 0.0)	(33.0, 0.0)	(34.0, 0.0)	(35.0, 0.0)	(36.0, 0.0)	(37.0, 0.00034310849433694606)	(38.0, 0.0010293254830108381)	(39.0, 0.0013724339773477842)	(40.0, 0.0041173019320433525)	(41.0, 0.005489735909391137)	(42.0, 0.008692081856535966)	(43.0, 0.01990029267154287)	(44.0, 0.0595865085165163)	(45.0, 2.039779998833065)	(46.0, 19.562673913126353)	(47.0, 11.543542183468691)	(48.0, 1.749167104129736)	(49.0, 0.7853753435372649)	(50.0, 0.6761524728399968)	(51.0, 4.741759391737217)	(52.0, 5.213304832454502)	(53.0, 8.003691847396803)	(54.0, 7.388955795043671)	(55.0, 2.1743928981112357)	(56.0, 15.348157907679811)	(57.0, 15.612808926312196)	(58.0, 2.029829852497303)	(59.0, 0.7178973396509983)	(60.0, 0.5884310677878565)	(61.0, 0.5139765245167401)	(62.0, 0.2907272642015061)	(63.0, 0.20186216416823666)	(64.0, 0.17933137304011007)	(65.0, 0.11860116954247092)	(66.0, 0.0877214050521459)	(67.0, 0.06541935292024438)	(68.0, 0.04803518920717245)	(69.0, 0.044146626271353726)	(70.0, 0.038428151365737954)	(71.0, 0.02813489653562957)	(72.0, 0.035454544414817726)	(73.0, 0.023331377614912333)	(74.0, 0.013038122784803954)	(75.0, 0.007319647879188183)	(76.0, 0.0032023459471448297)	(77.0, 0.0020586509660216763)	(78.0, 0.0034310849433694607)	(79.0, 0.003888562935818722)	(80.0, 0.0027448679546955685)	(81.0, 0.0027448679546955685)	(82.0, 0.0020586509660216763)	(83.0, 0.0006862169886738921)	(84.0, 0.0)	(85.0, 0.0004574779924492614)	(86.0, 0.0004574779924492614)	(87.0, 0.0)	(88.0, 0.0)	(89.0, 0.0)	(90.0, 0.0006862169886738921)	(91.0, 0.0011436949811231534)	(92.0, 0.0004574779924492614)	(93.0, 0.0)	(94.0, 0.0)	(95.0, 0.0)	(96.0, 0.0)	(97.0, 0.0)	(98.0, 0.0008005864867862074)	(99.0, 0.0009149559848985228)	(100.0, 0.002287389962246307)
1127R_S2_R_Female_week9_S77_L001_R1_001	(0.0, 0.0)	(1.0, 0.0)	(2.0, 0.0)	(3.0, 0.0)	(4.0, 0.0)	(5.0, 0.0)	(6.0, 0.0)	(7.0, 0.0)	(8.0, 0.0)	(9.0, 0.0)	(10.0, 0.0)	(11.0, 0.0)	(12.0, 0.0)	(13.0, 0.0)	(14.0, 0.0)	(15.0, 0.0)	(16.0, 0.0)	(17.0, 0.0)	(18.0, 0.0)	(19.0, 0.0)	(20.0, 0.0)	(21.0, 0.0)	(22.0, 0.0)	(23.0, 0.0)	(24.0, 0.0)	(25.0, 0.0)	(26.0, 0.0)	(27.0, 0.0)	(28.0, 0.0)	(29.0, 0.0)	(30.0, 0.0)	(31.0, 0.0)	(32.0, 0.0)	(33.0, 0.0)	(34.0, 0.0)	(35.0, 0.000330564852692091)	(36.0, 0.000771317989614879)	(37.0, 0.000550941421153485)	(38.0, 0.000550941421153485)	(39.0, 0.0007162238474995305)	(40.0, 0.0008264121317302276)	(41.0, 0.0009916945580762731)	(42.0, 0.0062807322011497295)	(43.0, 0.02495764637825287)	(44.0, 0.09206231147474735)	(45.0, 0.1458892883214431)	(46.0, 0.39012162031878134)	(47.0, 15.48679806618912)	(48.0, 15.753288431600119)	(49.0, 3.0925994793609948)	(50.0, 2.9301268542629715)	(51.0, 17.636351114953815)	(52.0, 28.408908722802067)	(53.0, 12.58003112819384)	(54.0, 1.9675220032234704)	(55.0, 0.7322562428551115)	(56.0, 0.32411883806459024)	(57.0, 0.15580623390220666)	(58.0, 0.11817693483742292)	(59.0, 0.08247593074667632)	(60.0, 0.02605952922055985)	(61.0, 0.01498560665537479)	(62.0, 0.014985606655374784)	(63.0, 0.004407531369227878)	(64.0, 0.002864895389998122)	(65.0, 0.001873200831921849)	(66.0, 0.001432447694999061)	(67.0, 0.000550941421153485)	(68.0, 0.000330564852692091)	(69.0, 0.0)	(70.0, 0.0)	(71.0, 0.0)	(72.0, 0.0)	(73.0, 0.0)	(74.0, 0.0)	(75.0, 0.0)	(76.0, 0.0)	(77.0, 0.0)	(78.0, 0.0)	(79.0, 0.0)	(80.0, 0.0)	(81.0, 0.0)	(82.0, 0.0)	(83.0, 0.0)	(84.0, 0.0)	(85.0, 0.0)	(86.0, 0.0)	(87.0, 0.0)	(88.0, 0.0)	(89.0, 0.0)	(90.0, 0.0)	(91.0, 0.0)	(92.0, 0.0)	(93.0, 0.0)	(94.0, 0.0)	(95.0, 0.0)	(96.0, 0.0)	(97.0, 0.0)	(98.0, 0.0)	(99.0, 0.0)	(100.0, 0.0)
1127R_S2_R_Female_week9_S77_L001_R2_001	(0.0, 0.0)	(1.0, 0.0)	(2.0, 0.0)	(3.0, 0.00034907445816379054)	(4.0, 0.00034907445816379054)	(5.0, 0.0)	(6.0, 0.0)	(7.0, 0.0)	(8.0, 0.0)	(9.0, 0.0)	(10.0, 0.0)	(11.0, 0.0)	(12.0, 0.0)	(13.0, 0.0)	(14.0, 0.0)	(15.0, 0.0)	(16.0, 0.0)	(17.0, 0.0)	(18.0, 0.0)	(19.0, 0.0)	(20.0, 0.0)	(21.0, 0.0)	(22.0, 0.0)	(23.0, 0.0)	(24.0, 0.0)	(25.0, 0.0)	(26.0, 0.0)	(27.0, 0.0)	(28.0, 0.0)	(29.0, 0.0)	(30.0, 0.0)	(31.0, 0.0)	(32.0, 0.0)	(33.0, 0.0)	(34.0, 0.0)	(35.0, 0.0006981489163275811)	(36.0, 0.0017453722908189525)	(37.0, 0.0024435212071465336)	(38.0, 0.0031416701234741142)	(39.0, 0.0040725353452442225)	(40.0, 0.005817907636063175)	(41.0, 0.008377786995930973)	(42.0, 0.010937666355798773)	(43.0, 0.020362676726221104)	(44.0, 0.04898678229565198)	(45.0, 1.8897145792697583)	(46.0, 15.956658915269667)	(47.0, 7.207980307548369)	(48.0, 1.4312052784714202)	(49.0, 0.9297016402428809)	(50.0, 1.0748002566862618)	(51.0, 8.6347639762191)	(52.0, 10.161906551612077)	(53.0, 6.827547327225523)	(54.0, 5.701898557798041)	(55.0, 1.954875144793689)	(56.0, 15.892603752196935)	(57.0, 17.38931867064519)	(58.0, 2.1675196688918805)	(59.0, 0.7016978399855951)	(60.0, 0.4574620774236516)	(61.0, 0.38084023385669347)	(62.0, 0.24889008867078197)	(63.0, 0.1759335269145506)	(64.0, 0.1633668464206548)	(65.0, 0.1267722073898168)	(66.0, 0.09564640153687862)	(67.0, 0.06702229596744777)	(68.0, 0.05521194346623952)	(69.0, 0.04508878417948961)	(70.0, 0.033685685212805794)	(71.0, 0.03199849199834747)	(72.0, 0.03176577569290496)	(73.0, 0.016871932144583206)	(74.0, 0.011868531577568878)	(75.0, 0.006865131010554547)	(76.0, 0.0040725353452442225)	(77.0, 0.0036071027343591686)	(78.0, 0.003025311970752851)	(79.0, 0.0013962978326551622)	(80.0, 0.0006981489163275811)	(81.0, 0.0007563279926882128)	(82.0, 0.0)	(83.0, 0.0)	(84.0, 0.000232716305442527)	(85.0, 0.00034907445816379054)	(86.0, 0.0010472233744913716)	(87.0, 0.0012799396799338986)	(88.0, 0.00034907445816379054)	(89.0, 0.000232716305442527)	(90.0, 0.000465432610885054)	(91.0, 0.0)	(92.0, 0.0)	(93.0, 0.0)	(94.0, 0.0)	(95.0, 0.0)	(96.0, 0.0)	(97.0, 0.000930865221770108)	(98.0, 0.000930865221770108)	(99.0, 0.000465432610885054)	(100.0, 0.0013962978326551622)
2514R_S2_L_Male_week5_S71_L001_R1_001	(0.0, 0.0)	(1.0, 0.0)	(2.0, 0.0)	(3.0, 0.0)	(4.0, 0.0)	(5.0, 0.0)	(6.0, 0.0)	(7.0, 0.0)	(8.0, 0.0)	(9.0, 0.0)	(10.0, 0.0)	(11.0, 0.0)	(12.0, 0.0)	(13.0, 0.0)	(14.0, 0.0)	(15.0, 0.0)	(16.0, 0.0)	(17.0, 0.0)	(18.0, 0.0)	(19.0, 0.0)	(20.0, 0.0)	(21.0, 0.0)	(22.0, 0.0)	(23.0, 0.0)	(24.0, 0.0)	(25.0, 0.0)	(26.0, 0.0)	(27.0, 0.0)	(28.0, 0.0)	(29.0, 0.0)	(30.0, 0.0)	(31.0, 0.0)	(32.0, 0.0)	(33.0, 0.0)	(34.0, 0.0)	(35.0, 0.0)	(36.0, 0.0)	(37.0, 0.0)	(38.0, 0.000676123378994242)	(39.0, 0.0010141850684913629)	(40.0, 0.0020283701369827258)	(41.0, 0.0037186785844683314)	(42.0, 0.008451542237428026)	(43.0, 0.033299076415466415)	(44.0, 0.14266203296778504)	(45.0, 0.21940203648363135)	(46.0, 0.4944152208895433)	(47.0, 17.301490175923657)	(48.0, 18.876857648983094)	(49.0, 3.9786480236912993)	(50.0, 4.259239225973915)	(51.0, 17.160687482247884)	(52.0, 23.213343971015192)	(53.0, 9.996146096740343)	(54.0, 2.3953361009318708)	(55.0, 0.9149639626239442)	(56.0, 0.36628984057013164)	(57.0, 0.18137009641520535)	(58.0, 0.1592270557531439)	(59.0, 0.15550837716867558)	(60.0, 0.05408987031953934)	(61.0, 0.032791983881220746)	(62.0, 0.031101675433735147)	(63.0, 0.008113480547930903)	(64.0, 0.002366431826479847)	(65.0, 0.000676123378994242)	(66.0, 0.0030425552054740884)	(67.0, 0.0020283701369827258)	(68.0, 0.0010141850684913629)	(69.0, 0.0)	(70.0, 0.0)	(71.0, 0.0)	(72.0, 0.0)	(73.0, 0.0)	(74.0, 0.0)	(75.0, 0.0)	(76.0, 0.0)	(77.0, 0.0)	(78.0, 0.0)	(79.0, 0.0)	(80.0, 0.0)	(81.0, 0.0)	(82.0, 0.0)	(83.0, 0.0)	(84.0, 0.0)	(85.0, 0.0)	(86.0, 0.0)	(87.0, 0.0)	(88.0, 0.0)	(89.0, 0.0)	(90.0, 0.0)	(91.0, 0.0)	(92.0, 0.0)	(93.0, 0.0)	(94.0, 0.0)	(95.0, 0.0)	(96.0, 0.0)	(97.0, 0.0)	(98.0, 0.0)	(99.0, 0.0)	(100.0, 0.0)
2514R_S2_L_Male_week5_S71_L001_R2_001	(0.0, 0.0)	(1.0, 0.0)	(2.0, 0.0)	(3.0, 0.0)	(4.0, 0.0)	(5.0, 0.0)	(6.0, 0.0)	(7.0, 0.0)	(8.0, 0.0)	(9.0, 0.0)	(10.0, 0.0)	(11.0, 0.0)	(12.0, 0.0)	(13.0, 0.0)	(14.0, 0.0)	(15.0, 0.0)	(16.0, 0.0)	(17.0, 0.0)	(18.0, 0.0)	(19.0, 0.0)	(20.0, 0.0)	(21.0, 0.0)	(22.0, 0.0)	(23.0, 0.0)	(24.0, 0.0)	(25.0, 0.0)	(26.0, 0.0)	(27.0, 0.0)	(28.0, 0.0)	(29.0, 0.0)	(30.0, 0.0)	(31.0, 0.0)	(32.0, 0.0)	(33.0, 0.0)	(34.0, 0.0)	(35.0, 0.0)	(36.0, 0.0)	(37.0, 0.0006926742768481682)	(38.0, 0.002078022830544505)	(39.0, 0.003117034245816757)	(40.0, 0.002078022830544505)	(41.0, 0.0024243599689685886)	(42.0, 0.0038097085226649254)	(43.0, 0.006926742768481682)	(44.0, 0.029438656766047164)	(45.0, 0.9998753186303109)	(46.0, 17.63323589714953)	(47.0, 13.885002216556627)	(48.0, 1.218760390114347)	(49.0, 0.5771708411837391)	(50.0, 0.5548320957553868)	(51.0, 5.30727030921075)	(52.0, 5.725991909565657)	(53.0, 8.081430787988925)	(54.0, 7.280872492521303)	(55.0, 1.7893508256680828)	(56.0, 15.913672004873877)	(57.0, 16.493267206026154)	(58.0, 1.713676160922408)	(59.0, 0.5816732239832504)	(60.0, 0.5392469245263029)	(61.0, 0.4973401307769888)	(62.0, 0.22113626288377755)	(63.0, 0.18061481768815982)	(64.0, 0.20122187742439235)	(65.0, 0.11186689571097927)	(66.0, 0.07688684473014669)	(67.0, 0.0720381247922095)	(68.0, 0.061301673501062894)	(69.0, 0.042253130887738265)	(70.0, 0.03740441094980109)	(71.0, 0.03775074808822517)	(72.0, 0.0391360966419215)	(73.0, 0.018702205474900545)	(74.0, 0.013160811260115196)	(75.0, 0.012814474121691113)	(76.0, 0.012814474121691113)	(77.0, 0.007619417045329853)	(78.0, 0.0010390114152722524)	(79.0, 0.0006926742768481682)	(80.0, 0.0)	(81.0, 0.0)	(82.0, 0.0)	(83.0, 0.0)	(84.0, 0.0)	(85.0, 0.0)	(86.0, 0.0)	(87.0, 0.0006926742768481682)	(88.0, 0.0)	(89.0, 0.0)	(90.0, 0.0)	(91.0, 0.0)	(92.0, 0.0017316856921204206)	(93.0, 0.0010390114152722524)	(94.0, 0.0)	(95.0, 0.0)	(96.0, 0.0010390114152722524)	(97.0, 0.0010390114152722524)	(98.0, 0.0)	(99.0, 0.0)	(100.0, 0.002770697107392673)
2514R_S2_L_Male_week9_S85_L001_R1_001	(0.0, 0.0)	(1.0, 0.0)	(2.0, 0.0)	(3.0, 0.0)	(4.0, 0.0)	(5.0, 0.0)	(6.0, 0.0)	(7.0, 0.0)	(8.0, 0.0)	(9.0, 0.0)	(10.0, 0.0)	(11.0, 0.0)	(12.0, 0.0)	(13.0, 0.0)	(14.0, 0.0)	(15.0, 0.0)	(16.0, 0.0)	(17.0, 0.0)	(18.0, 0.0)	(19.0, 0.0)	(20.0, 0.0)	(21.0, 0.0)	(22.0, 0.0)	(23.0, 0.0)	(24.0, 0.0)	(25.0, 0.0)	(26.0, 0.0)	(27.0, 0.0)	(28.0, 0.0)	(29.0, 0.0)	(30.0, 0.0)	(31.0, 0.0)	(32.0, 0.0)	(33.0, 0.0)	(34.0, 0.0)	(35.0, 0.0)	(36.0, 0.0)	(37.0, 0.000282331151854734)	(38.0, 0.0007764106676005184)	(39.0, 0.000564662303709468)	(40.0, 0.000423496727782101)	(41.0, 0.0007764106676005187)	(42.0, 0.005505457461167313)	(43.0, 0.020469008509468214)	(44.0, 0.08484051113234754)	(45.0, 0.14243606611071344)	(46.0, 0.36138387437405506)	(47.0, 15.350485891922533)	(48.0, 16.085746794137542)	(49.0, 4.0127726613114625)	(50.0, 5.514703806389354)	(51.0, 20.39623765506416)	(52.0, 24.91085393878107)	(53.0, 9.366618293934494)	(54.0, 2.1032259157418496)	(55.0, 0.7682230641967542)	(56.0, 0.309576108008714)	(57.0, 0.16022292867756185)	(58.0, 0.15824661061457918)	(59.0, 0.1241551240281191)	(60.0, 0.033879738222568075)	(61.0, 0.01997492899372242)	(62.0, 0.04616114332824911)	(63.0, 0.01171674280197147)	(64.0, 0.004093801701893643)	(65.0, 0.002258649214837872)	(66.0, 0.001976318062983138)	(67.0, 0.0014116557592736701)	(68.0, 0.0)	(69.0, 0.0)	(70.0, 0.0)	(71.0, 0.0)	(72.0, 0.0)	(73.0, 0.0)	(74.0, 0.0)	(75.0, 0.0)	(76.0, 0.0)	(77.0, 0.0)	(78.0, 0.0)	(79.0, 0.0)	(80.0, 0.0)	(81.0, 0.0)	(82.0, 0.0)	(83.0, 0.0)	(84.0, 0.0)	(85.0, 0.0)	(86.0, 0.0)	(87.0, 0.0)	(88.0, 0.0)	(89.0, 0.0)	(90.0, 0.0)	(91.0, 0.0)	(92.0, 0.0)	(93.0, 0.0)	(94.0, 0.0)	(95.0, 0.0)	(96.0, 0.0)	(97.0, 0.0)	(98.0, 0.0)	(99.0, 0.0)	(100.0, 0.0)
2514R_S2_L_Male_week9_S85_L001_R2_001	(0.0, 0.0)	(1.0, 0.0)	(2.0, 0.0004501462975467135)	(3.0, 0.0004501462975467135)	(4.0, 0.000900292595093427)	(5.0, 0.001800585190186854)	(6.0, 0.000900292595093427)	(7.0, 0.0)	(8.0, 0.0)	(9.0, 0.0)	(10.0, 0.0)	(11.0, 0.0)	(12.0, 0.0)	(13.0, 0.0)	(14.0, 0.0)	(15.0, 0.0)	(16.0, 0.0)	(17.0, 0.0)	(18.0, 0.0)	(19.0, 0.0)	(20.0, 0.0)	(21.0, 0.0)	(22.0, 0.0)	(23.0, 0.0)	(24.0, 0.0)	(25.0, 0.0)	(26.0, 0.0)	(27.0, 0.0)	(28.0, 0.0)	(29.0, 0.0)	(30.0, 0.0)	(31.0, 0.0)	(32.0, 0.0)	(33.0, 0.0)	(34.0, 0.0)	(35.0, 0.0004501462975467135)	(36.0, 0.000900292595093427)	(37.0, 0.0022507314877335677)	(38.0, 0.0031510240828269945)	(39.0, 0.0025508290194313763)	(40.0, 0.003901267912071518)	(41.0, 0.0048015605071649444)	(42.0, 0.008852877185085364)	(43.0, 0.019506339560357584)	(44.0, 0.055367994598245825)	(45.0, 2.1447970590442114)	(46.0, 15.954985370252045)	(47.0, 6.873884012301949)	(48.0, 1.669967739515259)	(49.0, 0.7605221697051925)	(50.0, 0.723535148923435)	(51.0, 5.799759921973545)	(52.0, 6.367394403179434)	(53.0, 8.283142021156053)	(54.0, 7.8355465526279975)	(55.0, 2.280666216520464)	(56.0, 17.27451421712256)	(57.0, 18.310000750241986)	(58.0, 2.2867431915373477)	(59.0, 0.8044864580989148)	(60.0, 0.595318478505534)	(61.0, 0.49711156125741873)	(62.0, 0.2964213369345106)	(63.0, 0.22409783179533913)	(64.0, 0.21426963763223672)	(65.0, 0.13849501087853916)	(66.0, 0.10128291694801046)	(67.0, 0.09152974716783173)	(68.0, 0.0766749193487902)	(69.0, 0.06332057918823766)	(70.0, 0.050116287793534116)	(71.0, 0.04111336184259985)	(72.0, 0.05896916497861959)	(73.0, 0.027759021682047313)	(74.0, 0.012454047565459075)	(75.0, 0.011703803736214552)	(76.0, 0.009603121014329889)	(77.0, 0.005401755570560563)	(78.0, 0.000900292595093427)	(79.0, 0.0)	(80.0, 0.00030009753169780903)	(81.0, 0.00030009753169780903)	(82.0, 0.0)	(83.0, 0.0)	(84.0, 0.0)	(85.0, 0.0)	(86.0, 0.0)	(87.0, 0.0)	(88.0, 0.0)	(89.0, 0.0)	(90.0, 0.00030009753169780903)	(91.0, 0.00030009753169780903)	(92.0, 0.0)	(93.0, 0.000900292595093427)	(94.0, 0.0010503413609423316)	(95.0, 0.0004501462975467135)	(96.0, 0.00030009753169780903)	(97.0, 0.0005251706804711658)	(98.0, 0.0004501462975467135)	(99.0, 0.0007502438292445225)	(100.0, 0.0016505364243379495)
2514R_S2_R_Male_week5_S72_L001_R1_001	(0.0, 0.0)	(1.0, 0.0)	(2.0, 0.0)	(3.0, 0.0)	(4.0, 0.0)	(5.0, 0.0)	(6.0, 0.0)	(7.0, 0.0)	(8.0, 0.0)	(9.0, 0.0)	(10.0, 0.0)	(11.0, 0.0)	(12.0, 0.0)	(13.0, 0.0)	(14.0, 0.0)	(15.0, 0.0)	(16.0, 0.0)	(17.0, 0.0)	(18.0, 0.0)	(19.0, 0.0)	(20.0, 0.0)	(21.0, 0.0)	(22.0, 0.0)	(23.0, 0.0)	(24.0, 0.0)	(25.0, 0.0)	(26.0, 0.0)	(27.0, 0.0)	(28.0, 0.0)	(29.0, 0.0)	(30.0, 0.0)	(31.0, 0.0)	(32.0, 0.0)	(33.0, 0.0)	(34.0, 0.0)	(35.0, 0.0)	(36.0, 0.0)	(37.0, 0.0)	(38.0, 0.0)	(39.0, 0.0003532607735702988)	(40.0, 0.002590579006182191)	(41.0, 0.00600543315069508)	(42.0, 0.010833330389489162)	(43.0, 0.03544383094821998)	(44.0, 0.10998185417155301)	(45.0, 0.17721915474109975)	(46.0, 0.3363042564389266)	(47.0, 17.225230826476196)	(48.0, 19.061951341862667)	(49.0, 3.6522453843522142)	(50.0, 4.009980794387893)	(51.0, 19.367992925366266)	(52.0, 22.762593452200523)	(53.0, 7.9369453069854075)	(54.0, 3.1114031400158537)	(55.0, 1.0450631218121522)	(56.0, 0.3973006166753974)	(57.0, 0.22114124425500703)	(58.0, 0.22950174922950445)	(59.0, 0.17239125750230502)	(60.0, 0.04816121879675072)	(61.0, 0.032499991168467475)	(62.0, 0.025434775697061512)	(63.0, 0.009184780112827766)	(64.0, 0.006594201106645576)	(65.0, 0.0030615933709425896)	(66.0, 0.0014130430942811952)	(67.0, 0.0007065215471405976)	(68.0, 0.00047101436476039833)	(69.0, 0.0)	(70.0, 0.0)	(71.0, 0.0)	(72.0, 0.0)	(73.0, 0.0)	(74.0, 0.0)	(75.0, 0.0)	(76.0, 0.0)	(77.0, 0.0)	(78.0, 0.0)	(79.0, 0.0)	(80.0, 0.0)	(81.0, 0.0)	(82.0, 0.0)	(83.0, 0.0)	(84.0, 0.0)	(85.0, 0.0)	(86.0, 0.0)	(87.0, 0.0)	(88.0, 0.0)	(89.0, 0.0)	(90.0, 0.0)	(91.0, 0.0)	(92.0, 0.0)	(93.0, 0.0)	(94.0, 0.0)	(95.0, 0.0)	(96.0, 0.0)	(97.0, 0.0)	(98.0, 0.0)	(99.0, 0.0)	(100.0, 0.0)
2514R_S2_R_Male_week5_S72_L001_R2_001	(0.0, 0.0)	(1.0, 0.0)	(2.0, 0.0)	(3.0, 0.0)	(4.0, 0.0)	(5.0, 0.0)	(6.0, 0.0)	(7.0, 0.0)	(8.0, 0.0)	(9.0, 0.0)	(10.0, 0.0)	(11.0, 0.0)	(12.0, 0.0)	(13.0, 0.0)	(14.0, 0.0)	(15.0, 0.0)	(16.0, 0.0)	(17.0, 0.0)	(18.0, 0.0)	(19.0, 0.0)	(20.0, 0.0)	(21.0, 0.0)	(22.0, 0.0)	(23.0, 0.0)	(24.0, 0.0)	(25.0, 0.0)	(26.0, 0.0)	(27.0, 0.0)	(28.0, 0.0)	(29.0, 0.0)	(30.0, 0.0)	(31.0, 0.0007203356764250242)	(32.0, 0.0014406713528500484)	(33.0, 0.0007203356764250242)	(34.0, 0.0)	(35.0, 0.0)	(36.0, 0.0)	(37.0, 0.0007203356764250242)	(38.0, 0.0014406713528500484)	(39.0, 0.0019208951371333977)	(40.0, 0.003601678382125121)	(41.0, 0.007443468656391917)	(42.0, 0.010805035146375363)	(43.0, 0.014406713528500485)	(44.0, 0.027132643812009246)	(45.0, 0.40290775501373227)	(46.0, 16.858736171056165)	(47.0, 16.332651015372797)	(48.0, 1.2483417272446056)	(49.0, 0.5621019395036547)	(50.0, 0.5428929881323209)	(51.0, 3.7295379646906444)	(52.0, 3.886931309989583)	(53.0, 6.289971126544024)	(54.0, 5.5907652966276755)	(55.0, 1.9201748014569382)	(56.0, 18.560769318505386)	(57.0, 18.56389077310326)	(58.0, 1.9986913901872474)	(59.0, 0.6593472558210327)	(60.0, 0.6959643193726344)	(61.0, 0.6561057452771168)	(62.0, 0.3317145789937243)	(63.0, 0.24371357052380005)	(64.0, 0.23771077322025871)	(65.0, 0.13374232392291263)	(66.0, 0.09844587577808667)	(67.0, 0.08019737197531937)	(68.0, 0.07203356764250243)	(69.0, 0.05906752546685198)	(70.0, 0.043460252477643124)	(71.0, 0.03505633625268451)	(72.0, 0.03337555300769277)	(73.0, 0.022810629753459103)	(74.0, 0.014406713528500485)	(75.0, 0.006483021087825219)	(76.0, 0.0043220140585501455)	(77.0, 0.0021610070292750728)	(78.0, 0.0012005594607083735)	(79.0, 0.0012005594607083735)	(80.0, 0.0)	(81.0, 0.0)	(82.0, 0.0)	(83.0, 0.0004802237842833494)	(84.0, 0.0009604475685666988)	(85.0, 0.0004802237842833494)	(86.0, 0.0)	(87.0, 0.0007203356764250242)	(88.0, 0.0014406713528500484)	(89.0, 0.0007203356764250242)	(90.0, 0.0)	(91.0, 0.0008403916224958615)	(92.0, 0.0003601678382125121)	(93.0, 0.0)	(94.0, 0.0)	(95.0, 0.0004802237842833494)	(96.0, 0.0009604475685666988)	(97.0, 0.0004802237842833494)	(98.0, 0.0)	(99.0, 0.0008403916224958615)	(100.0, 0.0)
2514R_S2_R_Male_week9_S86_L001_R1_001	(0.0, 0.0)	(1.0, 0.0)	(2.0, 0.0)	(3.0, 0.0)	(4.0, 0.0)	(5.0, 0.0)	(6.0, 0.0)	(7.0, 0.0)	(8.0, 0.0)	(9.0, 0.0)	(10.0, 0.0)	(11.0, 0.0)	(12.0, 0.0)	(13.0, 0.0)	(14.0, 0.0)	(15.0, 0.0)	(16.0, 0.0)	(17.0, 0.0)	(18.0, 0.0)	(19.0, 0.0)	(20.0, 0.0)	(21.0, 0.0)	(22.0, 0.0)	(23.0, 0.0)	(24.0, 0.0)	(25.0, 0.0)	(26.0, 0.0)	(27.0, 0.0)	(28.0, 0.0)	(29.0, 0.0)	(30.0, 0.0)	(31.0, 0.0)	(32.0, 0.0)	(33.0, 0.0)	(34.0, 0.0)	(35.0, 0.0)	(36.0, 0.0)	(37.0, 0.0)	(38.0, 0.0)	(39.0, 0.00026955667361682406)	(40.0, 0.0006065025156378542)	(41.0, 0.0015499508732967386)	(42.0, 0.0033694584202103007)	(43.0, 0.017116848774668333)	(44.0, 0.08147350460068509)	(45.0, 0.13821518439702654)	(46.0, 0.41033264641320316)	(47.0, 19.676558947319997)	(48.0, 20.351191912212037)	(49.0, 4.871697762276054)	(50.0, 6.005520520675803)	(51.0, 12.50837310418656)	(52.0, 20.30691722857066)	(53.0, 12.111585680621841)	(54.0, 2.1910914214944457)	(55.0, 0.6008418254919118)	(56.0, 0.22042996985015922)	(57.0, 0.12015488726469924)	(58.0, 0.14690838712116974)	(59.0, 0.11712237468651)	(60.0, 0.026551332351257152)	(61.0, 0.016982070437859913)	(62.0, 0.0547200047442154)	(63.0, 0.01058009943946035)	(64.0, 0.004852020125102833)	(65.0, 0.0036390150938271255)	(66.0, 0.0009434483576588843)	(67.0, 0.0004043350104252362)	(68.0, 0.0)	(69.0, 0.0)	(70.0, 0.0)	(71.0, 0.0)	(72.0, 0.0)	(73.0, 0.0)	(74.0, 0.0)	(75.0, 0.0)	(76.0, 0.0)	(77.0, 0.0)	(78.0, 0.0)	(79.0, 0.0)	(80.0, 0.0)	(81.0, 0.0)	(82.0, 0.0)	(83.0, 0.0)	(84.0, 0.0)	(85.0, 0.0)	(86.0, 0.0)	(87.0, 0.0)	(88.0, 0.0)	(89.0, 0.0)	(90.0, 0.0)	(91.0, 0.0)	(92.0, 0.0)	(93.0, 0.0)	(94.0, 0.0)	(95.0, 0.0)	(96.0, 0.0)	(97.0, 0.0)	(98.0, 0.0)	(99.0, 0.0)	(100.0, 0.0)
2514R_S2_R_Male_week9_S86_L001_R2_001	(0.0, 0.0)	(1.0, 0.0)	(2.0, 0.0)	(3.0, 0.0)	(4.0, 0.0)	(5.0, 0.0)	(6.0, 0.0)	(7.0, 0.0)	(8.0, 0.0)	(9.0, 0.0)	(10.0, 0.0)	(11.0, 0.0)	(12.0, 0.0)	(13.0, 0.0)	(14.0, 0.0)	(15.0, 0.0)	(16.0, 0.0)	(17.0, 0.0)	(18.0, 0.0)	(19.0, 0.0)	(20.0, 0.0)	(21.0, 0.0)	(22.0, 0.0)	(23.0, 0.0)	(24.0, 0.0)	(25.0, 0.0)	(26.0, 0.0)	(27.0, 0.0)	(28.0, 0.0)	(29.0, 0.0)	(30.0, 0.0)	(31.0, 0.0)	(32.0, 0.0)	(33.0, 0.0)	(34.0, 0.0)	(35.0, 0.0)	(36.0, 0.00044551863938608374)	(37.0, 0.0011880497050295565)	(38.0, 0.002524605623187808)	(39.0, 0.005123464352939963)	(40.0, 0.008167841722078201)	(41.0, 0.009652903853365147)	(42.0, 0.011137965984652092)	(43.0, 0.022721450608690266)	(44.0, 0.0643031902847248)	(45.0, 3.5901377023868206)	(46.0, 21.959465229110833)	(47.0, 5.1115838558890125)	(48.0, 1.4736271528759535)	(49.0, 0.68246030243293)	(50.0, 0.6866184764005351)	(51.0, 9.207310960873292)	(52.0, 9.802152597561351)	(53.0, 10.271209471729193)	(54.0, 9.047963794185911)	(55.0, 1.947361972756484)	(56.0, 11.142495424156815)	(57.0, 11.108784513776564)	(58.0, 1.3441297350277657)	(59.0, 0.5139800036384111)	(60.0, 0.4262128316793491)	(61.0, 0.38574488860177986)	(62.0, 0.226323468808131)	(63.0, 0.1785044681806911)	(64.0, 0.1995923504449668)	(65.0, 0.11538932760099552)	(66.0, 0.07915381159759417)	(67.0, 0.07395609413808987)	(68.0, 0.06400617785846735)	(69.0, 0.048413025479954436)	(70.0, 0.03512171940493627)	(71.0, 0.03237435446205544)	(72.0, 0.06653078348165517)	(73.0, 0.02821618049445194)	(74.0, 0.010840953558394704)	(75.0, 0.0031186304757025857)	(76.0, 0.0013365559181582512)	(77.0, 0.00163356834441564)	(78.0, 0.001782074557544335)	(79.0, 0.00044551863938608374)	(80.0, 0.0005940248525147782)	(81.0, 0.0005940248525147782)	(82.0, 0.0002970124262573891)	(83.0, 0.0)	(84.0, 0.0002970124262573891)	(85.0, 0.0002970124262573891)	(86.0, 0.0)	(87.0, 0.0)	(88.0, 0.0002970124262573891)	(89.0, 0.00044551863938608374)	(90.0, 0.00044551863938608374)	(91.0, 0.0005197717459504309)	(92.0, 0.0002970124262573891)	(93.0, 0.0)	(94.0, 0.0)	(95.0, 0.0)	(96.0, 0.0002970124262573891)	(97.0, 0.0002970124262573891)	(98.0, 0.0)	(99.0, 0.0007425310656434727)	(100.0, 0.0013365559181582512)
2808_NS1_0_Female_week5_S37_L001_R1_001	(0.0, 0.0)	(1.0, 0.0)	(2.0, 0.0)	(3.0, 0.0)	(4.0, 0.0)	(5.0, 0.0)	(6.0, 0.0)	(7.0, 0.0)	(8.0, 0.0)	(9.0, 0.0)	(10.0, 0.0)	(11.0, 0.0)	(12.0, 0.0)	(13.0, 0.0)	(14.0, 0.0)	(15.0, 0.0)	(16.0, 0.0)	(17.0, 0.0)	(18.0, 0.0)	(19.0, 0.0)	(20.0, 0.0)	(21.0, 0.0)	(22.0, 0.0)	(23.0, 0.0)	(24.0, 0.0)	(25.0, 0.0)	(26.0, 0.0)	(27.0, 0.0)	(28.0, 0.0)	(29.0, 0.0)	(30.0, 0.0)	(31.0, 0.0)	(32.0, 0.0)	(33.0, 0.0)	(34.0, 0.0)	(35.0, 0.0)	(36.0, 0.0)	(37.0, 0.0)	(38.0, 0.0)	(39.0, 0.00024217077035129943)	(40.0, 0.0006054269258782486)	(41.0, 0.0036325615552694917)	(42.0, 0.011260940821335427)	(43.0, 0.03862623787103227)	(44.0, 0.14917719453640055)	(45.0, 0.3124608364457619)	(46.0, 0.7736750685798367)	(47.0, 12.753439279016018)	(48.0, 30.352110245837576)	(49.0, 4.5779357000274805)	(50.0, 2.1766914266102364)	(51.0, 16.082924115178834)	(52.0, 20.115915039209657)	(53.0, 6.909313706199928)	(54.0, 3.5483466698798427)	(55.0, 1.3040895983416605)	(56.0, 0.35611211780158075)	(57.0, 0.16709783154239735)	(58.0, 0.09596016775170213)	(59.0, 0.06768673031318809)	(60.0, 0.03178491360860808)	(61.0, 0.026093900505352506)	(62.0, 0.10934010281361162)	(63.0, 0.019736917783630886)	(64.0, 0.006296440029133785)	(65.0, 0.005691013103255536)	(66.0, 0.002784963859039944)	(67.0, 0.00048434154070259885)	(68.0, 0.0)	(69.0, 0.0)	(70.0, 0.0)	(71.0, 0.0)	(72.0, 0.0)	(73.0, 0.0)	(74.0, 0.0)	(75.0, 0.0)	(76.0, 0.0)	(77.0, 0.0)	(78.0, 0.0)	(79.0, 0.0)	(80.0, 0.0)	(81.0, 0.00024217077035129943)	(82.0, 0.00024217077035129943)	(83.0, 0.0)	(84.0, 0.0)	(85.0, 0.0)	(86.0, 0.0)	(87.0, 0.0)	(88.0, 0.0)	(89.0, 0.0)	(90.0, 0.0)	(91.0, 0.0)	(92.0, 0.0)	(93.0, 0.0)	(94.0, 0.0)	(95.0, 0.0)	(96.0, 0.0)	(97.0, 0.0)	(98.0, 0.0)	(99.0, 0.0)	(100.0, 0.0)
2808_NS1_0_Female_week5_S37_L001_R2_001	(0.0, 0.0)	(1.0, 0.0)	(2.0, 0.0)	(3.0, 0.0)	(4.0, 0.0)	(5.0, 0.0)	(6.0, 0.0)	(7.0, 0.0)	(8.0, 0.0)	(9.0, 0.0)	(10.0, 0.0)	(11.0, 0.0)	(12.0, 0.0)	(13.0, 0.0)	(14.0, 0.0)	(15.0, 0.0)	(16.0, 0.0)	(17.0, 0.0)	(18.0, 0.0)	(19.0, 0.0)	(20.0, 0.0)	(21.0, 0.0)	(22.0, 0.0)	(23.0, 0.0)	(24.0, 0.0)	(25.0, 0.0)	(26.0, 0.0)	(27.0, 0.0)	(28.0, 0.0)	(29.0, 0.0)	(30.0, 0.0)	(31.0, 0.0)	(32.0, 0.0)	(33.0, 0.0)	(34.0, 0.00035434898414059615)	(35.0, 0.00035434898414059615)	(36.0, 0.00035434898414059615)	(37.0, 0.0017717449207029809)	(38.0, 0.0038978388255465576)	(39.0, 0.0046065367938277505)	(40.0, 0.006142049058436999)	(41.0, 0.011102934836405348)	(42.0, 0.016063820614373694)	(43.0, 0.02161528803257636)	(44.0, 0.04594725161023068)	(45.0, 0.5371930599571542)	(46.0, 7.841743019032971)	(47.0, 6.115709117281036)	(48.0, 9.890116380025384)	(49.0, 19.111694343276287)	(50.0, 2.71384075320518)	(51.0, 3.6111704973766945)	(52.0, 3.8331110777765556)	(53.0, 5.288245181148603)	(54.0, 5.851128542455569)	(55.0, 1.6699286459265654)	(56.0, 14.213823626338728)	(57.0, 14.866002931647088)	(58.0, 1.7937145577197315)	(59.0, 0.6082990894413657)	(60.0, 0.4489601629061383)	(61.0, 0.37986211099871636)	(62.0, 0.22253116204029394)	(63.0, 0.16624873172596313)	(64.0, 0.13158158944420836)	(65.0, 0.09213073587655495)	(66.0, 0.07618503159022813)	(67.0, 0.0811459173681965)	(68.0, 0.07169661112444728)	(69.0, 0.04783711285898049)	(70.0, 0.03697041067866889)	(71.0, 0.04169506380054357)	(72.0, 0.08988652564366405)	(73.0, 0.028938500371482035)	(74.0, 0.007323212338905656)	(75.0, 0.005079002106015211)	(76.0, 0.003779722497499692)	(77.0, 0.0014173959365623846)	(78.0, 0.0007086979682811923)	(79.0, 0.00035434898414059615)	(80.0, 0.0)	(81.0, 0.0)	(82.0, 0.0)	(83.0, 0.0)	(84.0, 0.0)	(85.0, 0.0005905816402343269)	(86.0, 0.0007086979682811923)	(87.0, 0.0011811632804686538)	(88.0, 0.0005905816402343269)	(89.0, 0.0)	(90.0, 0.00035434898414059615)	(91.0, 0.00035434898414059615)	(92.0, 0.0)	(93.0, 0.0)	(94.0, 0.0)	(95.0, 0.0)	(96.0, 0.0)	(97.0, 0.0)	(98.0, 0.000944930624374923)	(99.0, 0.001122105116445221)	(100.0, 0.001889861248749846)
2808_NS1_0_Female_week9_S49_L001_R1_001	(0.0, 0.0)	(1.0, 0.0)	(2.0, 0.0)	(3.0, 0.0)	(4.0, 0.0)	(5.0, 0.0)	(6.0, 0.0)	(7.0, 0.0)	(8.0, 0.0)	(9.0, 0.0)	(10.0, 0.0)	(11.0, 0.0)	(12.0, 0.0)	(13.0, 0.0)	(14.0, 0.0)	(15.0, 0.0)	(16.0, 0.0)	(17.0, 0.0)	(18.0, 0.0)	(19.0, 0.0)	(20.0, 0.0)	(21.0, 0.0)	(22.0, 0.0)	(23.0, 0.0)	(24.0, 0.0)	(25.0, 0.0)	(26.0, 0.0)	(27.0, 0.0)	(28.0, 0.0)	(29.0, 0.0)	(30.0, 0.0)	(31.0, 0.0)	(32.0, 0.0)	(33.0, 0.0)	(34.0, 0.0)	(35.0, 0.0)	(36.0, 0.0)	(37.0, 0.0)	(38.0, 0.0)	(39.0, 0.0)	(40.0, 0.0007310956931150808)	(41.0, 0.001949588514973549)	(42.0, 0.010479038267982825)	(43.0, 0.03168081336832017)	(44.0, 0.11551311951218278)	(45.0, 0.2566145882833938)	(46.0, 0.6921039228155982)	(47.0, 14.311807439138535)	(48.0, 25.182225601515313)	(49.0, 4.9370892156067345)	(50.0, 2.98750070063233)	(51.0, 15.424900631908248)	(52.0, 21.527478231633044)	(53.0, 9.03999824536632)	(54.0, 3.030635346526138)	(55.0, 1.4150357140242935)	(56.0, 0.348976344180268)	(57.0, 0.16352173669340594)	(58.0, 0.09906346641709354)	(59.0, 0.09492059082277488)	(60.0, 0.042281700918488804)	(61.0, 0.04215985163630294)	(62.0, 0.17290413142171576)	(63.0, 0.03460519614078047)	(64.0, 0.018033693763505332)	(65.0, 0.007310956931150809)	(66.0, 0.004630272723062178)	(67.0, 0.0024369856437169357)	(68.0, 0.00048739712874338724)	(69.0, 0.0)	(70.0, 0.0007310956931150808)	(71.0, 0.0014621913862301616)	(72.0, 0.0007310956931150808)	(73.0, 0.0)	(74.0, 0.0)	(75.0, 0.0)	(76.0, 0.0)	(77.0, 0.0)	(78.0, 0.0)	(79.0, 0.0)	(80.0, 0.0)	(81.0, 0.0)	(82.0, 0.0)	(83.0, 0.0)	(84.0, 0.0)	(85.0, 0.0)	(86.0, 0.0)	(87.0, 0.0)	(88.0, 0.0)	(89.0, 0.0)	(90.0, 0.0)	(91.0, 0.0)	(92.0, 0.0)	(93.0, 0.0)	(94.0, 0.0)	(95.0, 0.0)	(96.0, 0.0)	(97.0, 0.0)	(98.0, 0.0)	(99.0, 0.0)	(100.0, 0.0)
2808_NS1_0_Female_week9_S49_L001_R2_001	(0.0, 0.0)	(1.0, 0.0)	(2.0, 0.0)	(3.0, 0.0)	(4.0, 0.0)	(5.0, 0.0)	(6.0, 0.0)	(7.0, 0.0)	(8.0, 0.0)	(9.0, 0.0)	(10.0, 0.0)	(11.0, 0.0)	(12.0, 0.0)	(13.0, 0.0)	(14.0, 0.0)	(15.0, 0.0)	(16.0, 0.0)	(17.0, 0.0)	(18.0, 0.0)	(19.0, 0.0)	(20.0, 0.0)	(21.0, 0.0)	(22.0, 0.0)	(23.0, 0.0)	(24.0, 0.0)	(25.0, 0.0)	(26.0, 0.0)	(27.0, 0.0)	(28.0, 0.0)	(29.0, 0.0)	(30.0, 0.0)	(31.0, 0.0)	(32.0, 0.0)	(33.0, 0.0)	(34.0, 0.0)	(35.0, 0.0)	(36.0, 0.0)	(37.0, 0.0007163606015996788)	(38.0, 0.004298163609598072)	(39.0, 0.005014524211197751)	(40.0, 0.002865442406398715)	(41.0, 0.00573088481279743)	(42.0, 0.011222982758394966)	(43.0, 0.019819309977591112)	(44.0, 0.04369799669758038)	(45.0, 0.49882576558057323)	(46.0, 8.258443802107198)	(47.0, 7.847491603656554)	(48.0, 10.044688962194382)	(49.0, 13.574675220012185)	(50.0, 1.8135862563831726)	(51.0, 4.358815473867222)	(52.0, 5.004972736510428)	(53.0, 6.946071179977779)	(54.0, 7.840089210773363)	(55.0, 1.6563451043320714)	(56.0, 13.336485319979879)	(57.0, 14.137376472569693)	(58.0, 1.6884619379704524)	(59.0, 0.5855053983741326)	(60.0, 0.48187189800938063)	(61.0, 0.4398454093822019)	(62.0, 0.23210083491829622)	(63.0, 0.18482103521271695)	(64.0, 0.16046477475832777)	(65.0, 0.1155728437247481)	(66.0, 0.09945473018875542)	(67.0, 0.10518561500155284)	(68.0, 0.08811235399676051)	(69.0, 0.049906455244777624)	(70.0, 0.04656343910397911)	(71.0, 0.058263995596773935)	(72.0, 0.1554502505471296)	(73.0, 0.05587612692477496)	(74.0, 0.014327212031993575)	(75.0, 0.0064472454143971085)	(76.0, 0.0035818030079983938)	(77.0, 0.002865442406398715)	(78.0, 0.0035818030079983938)	(79.0, 0.0019102949375991434)	(80.0, 0.0009551474687995717)	(81.0, 0.0)	(82.0, 0.0)	(83.0, 0.00047757373439978585)	(84.0, 0.0)	(85.0, 0.0007163606015996788)	(86.0, 0.0007163606015996788)	(87.0, 0.00047757373439978585)	(88.0, 0.0009551474687995717)	(89.0, 0.00047757373439978585)	(90.0, 0.0)	(91.0, 0.0)	(92.0, 0.0)	(93.0, 0.0011939343359994646)	(94.0, 0.0011939343359994646)	(95.0, 0.0)	(96.0, 0.0)	(97.0, 0.0)	(98.0, 0.00047757373439978585)	(99.0, 0.00047757373439978585)	(100.0, 0.00047757373439978585)
2808_NS1_L_Female_week5_S38_L001_R1_001	(0.0, 0.0)	(1.0, 0.0)	(2.0, 0.0)	(3.0, 0.0)	(4.0, 0.0)	(5.0, 0.0)	(6.0, 0.0)	(7.0, 0.0)	(8.0, 0.0)	(9.0, 0.0)	(10.0, 0.0)	(11.0, 0.0)	(12.0, 0.0)	(13.0, 0.0)	(14.0, 0.0)	(15.0, 0.0)	(16.0, 0.0)	(17.0, 0.0)	(18.0, 0.0)	(19.0, 0.0)	(20.0, 0.0)	(21.0, 0.0)	(22.0, 0.0)	(23.0, 0.0)	(24.0, 0.0)	(25.0, 0.0)	(26.0, 0.0)	(27.0, 0.0)	(28.0, 0.0)	(29.0, 0.0)	(30.0, 0.0)	(31.0, 0.0)	(32.0, 0.0)	(33.0, 0.0)	(34.0, 0.0)	(35.0, 0.0)	(36.0, 0.0)	(37.0, 0.0)	(38.0, 0.0)	(39.0, 0.0006628750215432813)	(40.0, 0.001657187553858203)	(41.0, 0.00375629178874526)	(42.0, 0.011710792047264634)	(43.0, 0.03491141780127948)	(44.0, 0.13257500430865624)	(45.0, 0.3296698440475269)	(46.0, 0.7388846906802367)	(47.0, 10.747413682617916)	(48.0, 25.4242400137841)	(49.0, 4.394308996981171)	(50.0, 2.7060767962799575)	(51.0, 19.216525916210376)	(52.0, 22.220233597166136)	(53.0, 7.290851882783624)	(54.0, 4.522022917798565)	(55.0, 1.257142478356879)	(56.0, 0.36877947031858044)	(57.0, 0.1817382350731159)	(58.0, 0.10639144095769663)	(59.0, 0.09125579463245848)	(60.0, 0.03844675124951029)	(61.0, 0.020991042348870587)	(62.0, 0.11401450370544422)	(63.0, 0.02386350077555813)	(64.0, 0.01038504200417807)	(65.0, 0.006628750215432812)	(66.0, 0.0025410209159159114)	(67.0, 0.001657187553858203)	(68.0, 0.0006628750215432813)	(69.0, 0.0)	(70.0, 0.0)	(71.0, 0.0)	(72.0, 0.0)	(73.0, 0.0)	(74.0, 0.0)	(75.0, 0.0)	(76.0, 0.0)	(77.0, 0.0)	(78.0, 0.0)	(79.0, 0.0)	(80.0, 0.0)	(81.0, 0.0)	(82.0, 0.0)	(83.0, 0.0)	(84.0, 0.0)	(85.0, 0.0)	(86.0, 0.0)	(87.0, 0.0)	(88.0, 0.0)	(89.0, 0.0)	(90.0, 0.0)	(91.0, 0.0)	(92.0, 0.0)	(93.0, 0.0)	(94.0, 0.0)	(95.0, 0.0)	(96.0, 0.0)	(97.0, 0.0)	(98.0, 0.0)	(99.0, 0.0)	(100.0, 0.0)
2808_NS1_L_Female_week5_S38_L001_R2_001	(0.0, 0.0)	(1.0, 0.0)	(2.0, 0.0)	(3.0, 0.0)	(4.0, 0.0)	(5.0, 0.0)	(6.0, 0.0)	(7.0, 0.0)	(8.0, 0.0)	(9.0, 0.0)	(10.0, 0.0)	(11.0, 0.0)	(12.0, 0.0)	(13.0, 0.0)	(14.0, 0.0)	(15.0, 0.0)	(16.0, 0.0)	(17.0, 0.0)	(18.0, 0.0)	(19.0, 0.0)	(20.0, 0.0)	(21.0, 0.0)	(22.0, 0.0)	(23.0, 0.0)	(24.0, 0.0)	(25.0, 0.0)	(26.0, 0.0)	(27.0, 0.0)	(28.0, 0.0)	(29.0, 0.0)	(30.0, 0.0)	(31.0, 0.0)	(32.0, 0.0)	(33.0, 0.0)	(34.0, 0.000646529430019511)	(35.0, 0.000646529430019511)	(36.0, 0.0)	(37.0, 0.002586117720078044)	(38.0, 0.0045257060101365765)	(39.0, 0.005172235440156088)	(40.0, 0.008189372780247138)	(41.0, 0.010344470880312174)	(42.0, 0.009266921830279657)	(43.0, 0.0174562946105268)	(44.0, 0.03965380504119665)	(45.0, 0.39998620737207075)	(46.0, 5.898072480258402)	(47.0, 5.838807282506662)	(48.0, 9.28901158580269)	(49.0, 15.878224026759893)	(50.0, 2.5116590807206056)	(51.0, 3.8964173649179124)	(52.0, 4.237353884348354)	(53.0, 4.464285714285297)	(54.0, 5.276326678390164)	(55.0, 1.9882935071199197)	(56.0, 16.82334229854505)	(57.0, 17.733655736014168)	(58.0, 2.4018568325223324)	(59.0, 0.8181829936896929)	(60.0, 0.5790748594874716)	(61.0, 0.4497689734835707)	(62.0, 0.26852522326810374)	(63.0, 0.19805351539597696)	(64.0, 0.1696062204751182)	(65.0, 0.12240957208369398)	(66.0, 0.11152632667836562)	(67.0, 0.1187459053135835)	(68.0, 0.09374676735282908)	(69.0, 0.054308472121638945)	(70.0, 0.04277869728629098)	(71.0, 0.044502775766343)	(72.0, 0.09396227716283567)	(73.0, 0.04094686390123565)	(74.0, 0.02133547119064386)	(75.0, 0.014008137650422739)	(76.0, 0.006249784490188605)	(77.0, 0.004094686390123569)	(78.0, 0.0020473431950617845)	(79.0, 0.0)	(80.0, 0.0010775490500325182)	(81.0, 0.000646529430019511)	(82.0, 0.0)	(83.0, 0.0010775490500325182)	(84.0, 0.000646529430019511)	(85.0, 0.0)	(86.0, 0.0)	(87.0, 0.00043101962001300723)	(88.0, 0.0)	(89.0, 0.0)	(90.0, 0.0)	(91.0, 0.0)	(92.0, 0.0)	(93.0, 0.000646529430019511)	(94.0, 0.000646529430019511)	(95.0, 0.0)	(96.0, 0.0)	(97.0, 0.0)	(98.0, 0.00043101962001300723)	(99.0, 0.0021550981000650364)	(100.0, 0.002586117720078044)
2808_NS1_L_Female_week9_S50_L001_R1_001	(0.0, 0.0)	(1.0, 0.0)	(2.0, 0.0)	(3.0, 0.0)	(4.0, 0.0)	(5.0, 0.0)	(6.0, 0.0)	(7.0, 0.0)	(8.0, 0.0)	(9.0, 0.0)	(10.0, 0.0)	(11.0, 0.0)	(12.0, 0.0)	(13.0, 0.0)	(14.0, 0.0)	(15.0, 0.0)	(16.0, 0.0)	(17.0, 0.0)	(18.0, 0.0)	(19.0, 0.0)	(20.0, 0.0)	(21.0, 0.0)	(22.0, 0.0)	(23.0, 0.0)	(24.0, 0.0)	(25.0, 0.0)	(26.0, 0.0)	(27.0, 0.0)	(28.0, 0.0)	(29.0, 0.0)	(30.0, 0.0)	(31.0, 0.0)	(32.0, 0.0)	(33.0, 0.0)	(34.0, 0.0)	(35.0, 0.0)	(36.0, 0.0)	(37.0, 0.0)	(38.0, 0.0)	(39.0, 0.000891582127344596)	(40.0, 0.000891582127344596)	(41.0, 0.0022289553183614903)	(42.0, 0.009956000422014655)	(43.0, 0.05082018125864197)	(44.0, 0.13477749825025812)	(45.0, 0.28426610160170224)	(46.0, 0.8648346635242431)	(47.0, 14.728193758621554)	(48.0, 23.73376763290316)	(49.0, 4.332643347831041)	(50.0, 2.6138216033318145)	(51.0, 15.51100286643154)	(52.0, 21.83677805995286)	(53.0, 10.011724304972576)	(54.0, 3.3122276030849314)	(55.0, 1.3892335514241354)	(56.0, 0.3414759547729816)	(57.0, 0.1768304552566779)	(58.0, 0.11278513910909162)	(59.0, 0.09108997401037301)	(60.0, 0.0424987480700924)	(61.0, 0.046956658706815355)	(62.0, 0.24280753268017743)	(63.0, 0.05943880848963967)	(64.0, 0.0249642995656487)	(65.0, 0.01753444850444372)	(66.0, 0.011590567655479748)	(67.0, 0.008915821273445961)	(68.0, 0.004457910636722981)	(69.0, 0.0005943880848963974)	(70.0, 0.0)	(71.0, 0.0)	(72.0, 0.0)	(73.0, 0.0)	(74.0, 0.0)	(75.0, 0.0)	(76.0, 0.0)	(77.0, 0.0)	(78.0, 0.0)	(79.0, 0.0)	(80.0, 0.0)	(81.0, 0.0)	(82.0, 0.0)	(83.0, 0.0)	(84.0, 0.0)	(85.0, 0.0)	(86.0, 0.0)	(87.0, 0.0)	(88.0, 0.0)	(89.0, 0.0)	(90.0, 0.0)	(91.0, 0.0)	(92.0, 0.0)	(93.0, 0.0)	(94.0, 0.0)	(95.0, 0.0)	(96.0, 0.0)	(97.0, 0.0)	(98.0, 0.0)	(99.0, 0.0)	(100.0, 0.0)
2808_NS1_L_Female_week9_S50_L001_R2_001	(0.0, 0.0)	(1.0, 0.0)	(2.0, 0.0008694266131487311)	(3.0, 0.0008694266131487311)	(4.0, 0.0)	(5.0, 0.0)	(6.0, 0.0)	(7.0, 0.0)	(8.0, 0.0)	(9.0, 0.0)	(10.0, 0.0)	(11.0, 0.0)	(12.0, 0.0)	(13.0, 0.0)	(14.0, 0.0)	(15.0, 0.0)	(16.0, 0.0)	(17.0, 0.0)	(18.0, 0.0)	(19.0, 0.0)	(20.0, 0.0)	(21.0, 0.0)	(22.0, 0.0)	(23.0, 0.0)	(24.0, 0.0)	(25.0, 0.0)	(26.0, 0.0)	(27.0, 0.0)	(28.0, 0.0)	(29.0, 0.0)	(30.0, 0.0)	(31.0, 0.0)	(32.0, 0.0)	(33.0, 0.0)	(34.0, 0.0)	(35.0, 0.0008694266131487311)	(36.0, 0.002608279839446193)	(37.0, 0.002608279839446193)	(38.0, 0.004347133065743655)	(39.0, 0.008984075002536887)	(40.0, 0.011012737099883926)	(41.0, 0.013910825810379694)	(42.0, 0.012461781455131809)	(43.0, 0.019127385489272078)	(44.0, 0.03419744678385009)	(45.0, 0.47876425497390407)	(46.0, 7.62979814812304)	(47.0, 8.423294837056064)	(48.0, 10.112011128660436)	(49.0, 12.874034574195914)	(50.0, 1.695236991204564)	(51.0, 3.8541681760881294)	(52.0, 4.4769674399739605)	(53.0, 7.003086464478738)	(54.0, 7.764849082032016)	(55.0, 1.7234933561318961)	(56.0, 14.52840851458174)	(57.0, 14.413209488339332)	(58.0, 1.620466302473758)	(59.0, 0.6272913013868074)	(60.0, 0.5570126501572854)	(61.0, 0.5039776267552148)	(62.0, 0.22315283070817407)	(63.0, 0.17127704279029987)	(64.0, 0.16895857182190316)	(65.0, 0.11592354841983075)	(66.0, 0.10722928228834351)	(67.0, 0.143165582298491)	(68.0, 0.12345857906711982)	(69.0, 0.06781527582560103)	(70.0, 0.05941081856516328)	(71.0, 0.0730318355044935)	(72.0, 0.20837257828464473)	(73.0, 0.07795858631233633)	(74.0, 0.01362101693933012)	(75.0, 0.008404457260437731)	(76.0, 0.008114648389388154)	(77.0, 0.005216559678892386)	(78.0, 0.002318470968396616)	(79.0, 0.0034777064525949243)	(80.0, 0.004057324194694077)	(81.0, 0.002318470968396616)	(82.0, 0.0)	(83.0, 0.000579617742099154)	(84.0, 0.0)	(85.0, 0.0)	(86.0, 0.0)	(87.0, 0.0)	(88.0, 0.0)	(89.0, 0.0)	(90.0, 0.0)	(91.0, 0.0)	(92.0, 0.0)	(93.0, 0.0)	(94.0, 0.0)	(95.0, 0.0)	(96.0, 0.0)	(97.0, 0.0)	(98.0, 0.001159235484198308)	(99.0, 0.0037675153236445013)	(100.0, 0.009273883873586464)
2808_NS1_RR_Female_week5_S40_L001_R1_001	(0.0, 0.0)	(1.0, 0.0)	(2.0, 0.0)	(3.0, 0.0)	(4.0, 0.0)	(5.0, 0.0)	(6.0, 0.0)	(7.0, 0.0)	(8.0, 0.0)	(9.0, 0.0)	(10.0, 0.0)	(11.0, 0.0)	(12.0, 0.0)	(13.0, 0.0)	(14.0, 0.0)	(15.0, 0.0)	(16.0, 0.0)	(17.0, 0.0)	(18.0, 0.0)	(19.0, 0.0)	(20.0, 0.0)	(21.0, 0.0)	(22.0, 0.0)	(23.0, 0.0)	(24.0, 0.0)	(25.0, 0.0)	(26.0, 0.0)	(27.0, 0.0)	(28.0, 0.0)	(29.0, 0.0)	(30.0, 0.0)	(31.0, 0.0)	(32.0, 0.0)	(33.0, 0.0)	(34.0, 0.0)	(35.0, 0.0)	(36.0, 0.0)	(37.0, 0.0)	(38.0, 0.0)	(39.0, 0.0025058469762782856)	(40.0, 0.003897984185321777)	(41.0, 0.00863125069606965)	(42.0, 0.035081857667895996)	(43.0, 0.0846419423098443)	(44.0, 0.2528121171622982)	(45.0, 0.42432342131645584)	(46.0, 0.8806659984409181)	(47.0, 11.188885176525686)	(48.0, 26.669729368520574)	(49.0, 4.470152578238571)	(50.0, 2.7149459850766866)	(51.0, 16.278260385345686)	(52.0, 21.755206593159656)	(53.0, 9.074785610871288)	(54.0, 3.680253925827465)	(55.0, 1.3915803541598564)	(56.0, 0.41457846085315053)	(57.0, 0.2113264283328025)	(58.0, 0.13754315625349708)	(59.0, 0.09828488695847047)	(60.0, 0.034246575342469915)	(61.0, 0.024501614879165447)	(62.0, 0.11137097672347923)	(63.0, 0.032854438133426415)	(64.0, 0.013921372090434921)	(65.0, 0.00501169395255657)	(66.0, 0.0)	(67.0, 0.0)	(68.0, 0.0)	(69.0, 0.0)	(70.0, 0.0)	(71.0, 0.0)	(72.0, 0.0)	(73.0, 0.0)	(74.0, 0.0)	(75.0, 0.0)	(76.0, 0.0)	(77.0, 0.0)	(78.0, 0.0)	(79.0, 0.0)	(80.0, 0.0)	(81.0, 0.0)	(82.0, 0.0)	(83.0, 0.0)	(84.0, 0.0)	(85.0, 0.0)	(86.0, 0.0)	(87.0, 0.0)	(88.0, 0.0)	(89.0, 0.0)	(90.0, 0.0)	(91.0, 0.0)	(92.0, 0.0)	(93.0, 0.0)	(94.0, 0.0)	(95.0, 0.0)	(96.0, 0.0)	(97.0, 0.0)	(98.0, 0.0)	(99.0, 0.0)	(100.0, 0.0)
2808_NS1_RR_Female_week5_S40_L001_R2_001	(0.0, 0.0)	(1.0, 0.0)	(2.0, 0.0)	(3.0, 0.0)	(4.0, 0.0)	(5.0, 0.0)	(6.0, 0.0)	(7.0, 0.0)	(8.0, 0.0)	(9.0, 0.0)	(10.0, 0.0)	(11.0, 0.0)	(12.0, 0.0)	(13.0, 0.0)	(14.0, 0.0)	(15.0, 0.0)	(16.0, 0.0)	(17.0, 0.0)	(18.0, 0.0)	(19.0, 0.0)	(20.0, 0.0)	(21.0, 0.0)	(22.0, 0.0)	(23.0, 0.0)	(24.0, 0.0)	(25.0, 0.0)	(26.0, 0.0)	(27.0, 0.0)	(28.0, 0.0)	(29.0, 0.0)	(30.0, 0.0)	(31.0, 0.0)	(32.0, 0.0)	(33.0, 0.0)	(34.0, 0.0)	(35.0, 0.0)	(36.0, 0.0)	(37.0, 0.0)	(38.0, 0.0)	(39.0, 0.0016486415193880542)	(40.0, 0.006594566077552217)	(41.0, 0.01648641519388054)	(42.0, 0.02527916996395016)	(43.0, 0.024729622790820815)	(44.0, 0.03297283038776108)	(45.0, 0.37698936076673345)	(46.0, 6.509935812889742)	(47.0, 5.599336147014614)	(48.0, 9.500021981887727)	(49.0, 18.390596148771785)	(50.0, 2.199013013277117)	(51.0, 4.082585949177945)	(52.0, 4.6280115185087)	(53.0, 5.915875318737045)	(54.0, 6.774817550338047)	(55.0, 1.468390046601607)	(56.0, 14.774026202410745)	(57.0, 15.795634397257297)	(58.0, 1.6305064626747596)	(59.0, 0.5171238899147201)	(60.0, 0.38852985140245044)	(61.0, 0.3346742284357742)	(62.0, 0.18299920865207409)	(63.0, 0.11760309504968121)	(64.0, 0.10551305724083536)	(65.0, 0.0774861514112385)	(66.0, 0.07254022685307439)	(67.0, 0.07583750989185048)	(68.0, 0.06979249098742761)	(69.0, 0.05000879275477097)	(70.0, 0.02912600017585562)	(71.0, 0.02637826431020886)	(72.0, 0.09946803833641246)	(73.0, 0.033522377560890444)	(74.0, 0.01263958498197508)	(75.0, 0.01154049063571638)	(76.0, 0.009891849116328325)	(77.0, 0.009342301943198973)	(78.0, 0.005495471731293514)	(79.0, 0.0)	(80.0, 0.002747735865646757)	(81.0, 0.005495471731293514)	(82.0, 0.002747735865646757)	(83.0, 0.0)	(84.0, 0.0)	(85.0, 0.0)	(86.0, 0.0)	(87.0, 0.0)	(88.0, 0.0010990943462587026)	(89.0, 0.0)	(90.0, 0.0)	(91.0, 0.0)	(92.0, 0.0)	(93.0, 0.0)	(94.0, 0.0)	(95.0, 0.0)	(96.0, 0.0)	(97.0, 0.0)	(98.0, 0.0)	(99.0, 0.0)	(100.0, 0.0049459245581641624)
2808_NS1_RR_Female_week9_S52_L001_R1_001	(0.0, 0.0)	(1.0, 0.0)	(2.0, 0.0)	(3.0, 0.0)	(4.0, 0.0)	(5.0, 0.0)	(6.0, 0.0)	(7.0, 0.0)	(8.0, 0.0)	(9.0, 0.0)	(10.0, 0.0)	(11.0, 0.0)	(12.0, 0.0)	(13.0, 0.0)	(14.0, 0.0)	(15.0, 0.0)	(16.0, 0.0)	(17.0, 0.0)	(18.0, 0.0)	(19.0, 0.0)	(20.0, 0.0)	(21.0, 0.0)	(22.0, 0.0)	(23.0, 0.0)	(24.0, 0.0)	(25.0, 0.0)	(26.0, 0.0)	(27.0, 0.0)	(28.0, 0.0)	(29.0, 0.0)	(30.0, 0.0)	(31.0, 0.0)	(32.0, 0.0)	(33.0, 0.0004843365557857361)	(34.0, 0.0)	(35.0, 0.0)	(36.0, 0.0)	(37.0, 0.0)	(38.0, 0.0)	(39.0, 0.0)	(40.0, 0.0015740938063036423)	(41.0, 0.0019373462231429444)	(42.0, 0.009928899393607592)	(43.0, 0.029907782319769212)	(44.0, 0.1161196892496302)	(45.0, 0.38880117015700194)	(46.0, 0.9548695197315864)	(47.0, 11.706293469198178)	(48.0, 20.766535250019913)	(49.0, 4.069637909989872)	(50.0, 3.219021833890797)	(51.0, 20.644240269683756)	(52.0, 25.175572001476876)	(53.0, 7.780745684558339)	(54.0, 3.0688775015971532)	(55.0, 1.135163802622844)	(56.0, 0.3237789875427668)	(57.0, 0.16225274618822116)	(58.0, 0.09371912354454011)	(59.0, 0.07337698820153914)	(60.0, 0.03184512854291214)	(61.0, 0.035356568572358714)	(62.0, 0.15377685646197065)	(63.0, 0.025669837456644022)	(64.0, 0.011139740783071929)	(65.0, 0.005569870391535966)	(66.0, 0.004116860724178757)	(67.0, 0.0038746924462858888)	(68.0, 0.002179514501035813)	(69.0, 0.0014530096673572085)	(70.0, 0.0014530096673572085)	(71.0, 0.0007265048336786042)	(72.0, 0.0)	(73.0, 0.0)	(74.0, 0.0)	(75.0, 0.0)	(76.0, 0.0)	(77.0, 0.0)	(78.0, 0.0)	(79.0, 0.0)	(80.0, 0.0)	(81.0, 0.0)	(82.0, 0.0)	(83.0, 0.0)	(84.0, 0.0)	(85.0, 0.0)	(86.0, 0.0)	(87.0, 0.0)	(88.0, 0.0)	(89.0, 0.0)	(90.0, 0.0)	(91.0, 0.0)	(92.0, 0.0)	(93.0, 0.0)	(94.0, 0.0)	(95.0, 0.0)	(96.0, 0.0)	(97.0, 0.0)	(98.0, 0.0)	(99.0, 0.0)	(100.0, 0.0)
2808_NS1_RR_Female_week9_S52_L001_R2_001	(0.0, 0.0)	(1.0, 0.0)	(2.0, 0.0)	(3.0, 0.0)	(4.0, 0.0)	(5.0, 0.0)	(6.0, 0.0)	(7.0, 0.0)	(8.0, 0.0)	(9.0, 0.0)	(10.0, 0.0)	(11.0, 0.0)	(12.0, 0.0)	(13.0, 0.0)	(14.0, 0.0)	(15.0, 0.0)	(16.0, 0.0)	(17.0, 0.0)	(18.0, 0.0)	(19.0, 0.0)	(20.0, 0.0)	(21.0, 0.0)	(22.0, 0.0)	(23.0, 0.0)	(24.0, 0.0)	(25.0, 0.0)	(26.0, 0.0)	(27.0, 0.0)	(28.0, 0.0)	(29.0, 0.0)	(30.0, 0.0007134389302220339)	(31.0, 0.0007134389302220339)	(32.0, 0.0)	(33.0, 0.0007134389302220339)	(34.0, 0.0014268778604440678)	(35.0, 0.0007134389302220339)	(36.0, 0.0007134389302220339)	(37.0, 0.0007134389302220339)	(38.0, 0.0014268778604440678)	(39.0, 0.004994072511554238)	(40.0, 0.006420950371998305)	(41.0, 0.009750332046367797)	(42.0, 0.015933469441625426)	(43.0, 0.023067858743845766)	(44.0, 0.04637353046443219)	(45.0, 0.44054853941210576)	(46.0, 6.47208016199804)	(47.0, 7.072557928267704)	(48.0, 9.193492961327534)	(49.0, 12.082445002771738)	(50.0, 1.9355598176923412)	(51.0, 3.9650557611975232)	(52.0, 4.43212044751643)	(53.0, 5.072788606856104)	(54.0, 6.358167746139349)	(55.0, 1.8763443864839209)	(56.0, 16.964507602289885)	(57.0, 18.58009005978053)	(58.0, 2.3165362064308406)	(59.0, 0.7453058691052777)	(60.0, 0.5373384209455575)	(61.0, 0.44887199359802804)	(62.0, 0.2233063851594968)	(63.0, 0.17847863904387867)	(64.0, 0.16409095395106746)	(65.0, 0.10986959525419317)	(66.0, 0.09155799604516106)	(67.0, 0.11153428609137796)	(68.0, 0.10535114869612036)	(69.0, 0.05445917167361526)	(70.0, 0.047086969394654225)	(71.0, 0.06159356097583564)	(72.0, 0.14387685092810962)	(73.0, 0.049702912138801646)	(74.0, 0.0140309656277)	(75.0, 0.008323454185923729)	(76.0, 0.006420950371998305)	(77.0, 0.005707511441776271)	(78.0, 0.0021403167906661018)	(79.0, 0.00047562595348135596)	(80.0, 0.0)	(81.0, 0.0)	(82.0, 0.00047562595348135596)	(83.0, 0.00047562595348135596)	(84.0, 0.0)	(85.0, 0.0)	(86.0, 0.00047562595348135596)	(87.0, 0.00047562595348135596)	(88.0, 0.00047562595348135596)	(89.0, 0.00047562595348135596)	(90.0, 0.00047562595348135596)	(91.0, 0.0)	(92.0, 0.0)	(93.0, 0.0011890648837033899)	(94.0, 0.0023781297674067797)	(95.0, 0.0007134389302220339)	(96.0, 0.0)	(97.0, 0.0009512519069627119)	(98.0, 0.00047562595348135596)	(99.0, 0.0011890648837033899)	(100.0, 0.0042806335813322036)
2808_NS1_R_Female_week5_S39_L001_R1_001	(0.0, 0.0)	(1.0, 0.0)	(2.0, 0.0)	(3.0, 0.0)	(4.0, 0.0)	(5.0, 0.0)	(6.0, 0.0)	(7.0, 0.0)	(8.0, 0.0)	(9.0, 0.0)	(10.0, 0.0)	(11.0, 0.0)	(12.0, 0.0)	(13.0, 0.0)	(14.0, 0.0)	(15.0, 0.0)	(16.0, 0.0)	(17.0, 0.0)	(18.0, 0.0)	(19.0, 0.0)	(20.0, 0.0)	(21.0, 0.0)	(22.0, 0.0)	(23.0, 0.0)	(24.0, 0.0)	(25.0, 0.0)	(26.0, 0.0)	(27.0, 0.0)	(28.0, 0.0)	(29.0, 0.0)	(30.0, 0.0)	(31.0, 0.0)	(32.0, 0.00043263916379499055)	(33.0, 0.00043263916379499055)	(34.0, 0.0008652783275899811)	(35.0, 0.0)	(36.0, 0.0)	(37.0, 0.0)	(38.0, 0.0)	(39.0, 0.0)	(40.0, 0.0)	(41.0, 0.002379515400872448)	(42.0, 0.007246705993566092)	(43.0, 0.037747767041112934)	(44.0, 0.1433117230070906)	(45.0, 0.3395135837881204)	(46.0, 0.9521306397218404)	(47.0, 14.435979138141436)	(48.0, 28.346518011837524)	(49.0, 4.521187421449195)	(50.0, 2.5364552575388752)	(51.0, 15.214405153600962)	(52.0, 18.32897449376672)	(53.0, 6.98517561905149)	(54.0, 5.689853962650428)	(55.0, 1.4277092405235046)	(56.0, 0.36709433048005075)	(57.0, 0.18863067541461562)	(58.0, 0.1306570274660869)	(59.0, 0.09258478105212803)	(60.0, 0.0359090505949842)	(61.0, 0.02898682397426436)	(62.0, 0.12741223373762434)	(63.0, 0.022064597353544532)	(64.0, 0.014277092405234695)	(65.0, 0.009301742021592297)	(66.0, 0.006705907038822356)	(67.0, 0.00367743289225742)	(68.0, 0.001514237073282467)	(69.0, 0.0008652783275899811)	(70.0, 0.0)	(71.0, 0.0)	(72.0, 0.0)	(73.0, 0.0)	(74.0, 0.0)	(75.0, 0.0)	(76.0, 0.0)	(77.0, 0.0)	(78.0, 0.0)	(79.0, 0.0)	(80.0, 0.0)	(81.0, 0.0)	(82.0, 0.0)	(83.0, 0.0)	(84.0, 0.0)	(85.0, 0.0)	(86.0, 0.0)	(87.0, 0.0)	(88.0, 0.0)	(89.0, 0.0)	(90.0, 0.0)	(91.0, 0.0)	(92.0, 0.0)	(93.0, 0.0)	(94.0, 0.0)	(95.0, 0.0)	(96.0, 0.0)	(97.0, 0.0)	(98.0, 0.0)	(99.0, 0.0)	(100.0, 0.0)
2808_NS1_R_Female_week5_S39_L001_R2_001	(0.0, 0.0)	(1.0, 0.0)	(2.0, 0.0)	(3.0, 0.0006306833769730696)	(4.0, 0.0006306833769730696)	(5.0, 0.0)	(6.0, 0.0)	(7.0, 0.0)	(8.0, 0.0)	(9.0, 0.0)	(10.0, 0.0)	(11.0, 0.0)	(12.0, 0.0)	(13.0, 0.0)	(14.0, 0.0)	(15.0, 0.0)	(16.0, 0.0)	(17.0, 0.0)	(18.0, 0.0)	(19.0, 0.0)	(20.0, 0.0)	(21.0, 0.0)	(22.0, 0.0)	(23.0, 0.0)	(24.0, 0.0)	(25.0, 0.0)	(26.0, 0.0)	(27.0, 0.0)	(28.0, 0.0)	(29.0, 0.0)	(30.0, 0.0)	(31.0, 0.0)	(32.0, 0.0)	(33.0, 0.0)	(34.0, 0.0)	(35.0, 0.0006306833769730696)	(36.0, 0.0012613667539461391)	(37.0, 0.0031534168848653477)	(38.0, 0.0050454670157845565)	(39.0, 0.0050454670157845565)	(40.0, 0.0050454670157845565)	(41.0, 0.007988656108325547)	(42.0, 0.00840911169297426)	(43.0, 0.01387503429340753)	(44.0, 0.03847168599535722)	(45.0, 0.5886378185081872)	(46.0, 8.842811628537014)	(47.0, 7.0279150974024995)	(48.0, 9.945456399277273)	(49.0, 16.66980256457525)	(50.0, 2.388082606908353)	(51.0, 5.55747680399111)	(52.0, 5.875656567673739)	(53.0, 4.497718502884078)	(54.0, 5.031171525907374)	(55.0, 1.560415788527527)	(56.0, 13.457206556164792)	(57.0, 13.843920580146113)	(58.0, 1.6719416323555818)	(59.0, 0.6171236843681429)	(60.0, 0.49498133702769387)	(61.0, 0.4233987737412511)	(62.0, 0.2598415513129051)	(63.0, 0.19193797439213753)	(64.0, 0.15935266658186195)	(65.0, 0.12529576422531638)	(66.0, 0.10206559317347509)	(67.0, 0.10879288252785449)	(68.0, 0.1005939986272046)	(69.0, 0.06306833769730698)	(70.0, 0.054133656523521846)	(71.0, 0.05676150392757633)	(72.0, 0.1135230078551523)	(73.0, 0.035738724695140556)	(74.0, 0.0096704784469204)	(75.0, 0.006937517146703765)	(76.0, 0.006306833769730695)	(77.0, 0.005676150392757626)	(78.0, 0.004414783638811487)	(79.0, 0.0012613667539461391)	(80.0, 0.0)	(81.0, 0.0004204555846487131)	(82.0, 0.0004204555846487131)	(83.0, 0.0)	(84.0, 0.0004204555846487131)	(85.0, 0.0008409111692974262)	(86.0, 0.0004204555846487131)	(87.0, 0.0)	(88.0, 0.0)	(89.0, 0.0)	(90.0, 0.0008409111692974262)	(91.0, 0.0012613667539461391)	(92.0, 0.0007357972731352478)	(93.0, 0.0)	(94.0, 0.0008409111692974262)	(95.0, 0.0004204555846487131)	(96.0, 0.0)	(97.0, 0.0004204555846487131)	(98.0, 0.0)	(99.0, 0.0017869362347570305)	(100.0, 0.0018920501309192086)
2808_NS1_R_Female_week9_S51_L001_R1_001	(0.0, 0.0)	(1.0, 0.0)	(2.0, 0.0)	(3.0, 0.0)	(4.0, 0.0)	(5.0, 0.0)	(6.0, 0.0)	(7.0, 0.0)	(8.0, 0.0)	(9.0, 0.0)	(10.0, 0.0)	(11.0, 0.0)	(12.0, 0.0)	(13.0, 0.0)	(14.0, 0.0)	(15.0, 0.0)	(16.0, 0.0)	(17.0, 0.0)	(18.0, 0.0)	(19.0, 0.0)	(20.0, 0.0)	(21.0, 0.0)	(22.0, 0.0)	(23.0, 0.0)	(24.0, 0.0)	(25.0, 0.0)	(26.0, 0.0)	(27.0, 0.0)	(28.0, 0.0)	(29.0, 0.0)	(30.0, 0.0)	(31.0, 0.0)	(32.0, 0.0)	(33.0, 0.0)	(34.0, 0.0)	(35.0, 0.0)	(36.0, 0.0010661350206694084)	(37.0, 0.0005330675103347042)	(38.0, 0.0009328681430857324)	(39.0, 0.0009328681430857324)	(40.0, 0.0015992025310041127)	(41.0, 0.008262546410187916)	(42.0, 0.02065636602546979)	(43.0, 0.043578268969862076)	(44.0, 0.15605551365048462)	(45.0, 0.4333838859021169)	(46.0, 1.11357802908921)	(47.0, 13.067883482095436)	(48.0, 22.153752662011573)	(49.0, 4.288794654398025)	(50.0, 2.8525775146783996)	(51.0, 18.896443640105474)	(52.0, 23.643276552766906)	(53.0, 7.793047200460683)	(54.0, 3.172551287756735)	(55.0, 1.3100134066475688)	(56.0, 0.38474147558407545)	(57.0, 0.17711168030870508)	(58.0, 0.10714656957727564)	(59.0, 0.07996012655020573)	(60.0, 0.027986044292571986)	(61.0, 0.030118314333910795)	(62.0, 0.1561887805280679)	(63.0, 0.03518245568209047)	(64.0, 0.01865736286171465)	(65.0, 0.013060154003200253)	(66.0, 0.0042645400826776345)	(67.0, 0.002132270041338817)	(68.0, 0.0013326687758367605)	(69.0, 0.0)	(70.0, 0.0)	(71.0, 0.0)	(72.0, 0.0)	(73.0, 0.0)	(74.0, 0.0)	(75.0, 0.0)	(76.0, 0.0)	(77.0, 0.0)	(78.0, 0.0)	(79.0, 0.0)	(80.0, 0.0)	(81.0, 0.0)	(82.0, 0.0)	(83.0, 0.0)	(84.0, 0.0)	(85.0, 0.0)	(86.0, 0.0)	(87.0, 0.0)	(88.0, 0.0007996012655020564)	(89.0, 0.0015992025310041127)	(90.0, 0.0007996012655020564)	(91.0, 0.0)	(92.0, 0.0)	(93.0, 0.0)	(94.0, 0.0)	(95.0, 0.0)	(96.0, 0.0)	(97.0, 0.0)	(98.0, 0.0)	(99.0, 0.0)	(100.0, 0.0)
2808_NS1_R_Female_week9_S51_L001_R2_001	(0.0, 0.0)	(1.0, 0.0)	(2.0, 0.0)	(3.0, 0.0)	(4.0, 0.0)	(5.0, 0.0)	(6.0, 0.0)	(7.0, 0.0)	(8.0, 0.0)	(9.0, 0.0)	(10.0, 0.0)	(11.0, 0.0)	(12.0, 0.0)	(13.0, 0.0)	(14.0, 0.0)	(15.0, 0.0)	(16.0, 0.0)	(17.0, 0.0)	(18.0, 0.0)	(19.0, 0.0)	(20.0, 0.0)	(21.0, 0.0)	(22.0, 0.0)	(23.0, 0.0)	(24.0, 0.0)	(25.0, 0.0)	(26.0, 0.0)	(27.0, 0.0)	(28.0, 0.0)	(29.0, 0.0)	(30.0, 0.0)	(31.0, 0.0007843711435085417)	(32.0, 0.0007843711435085417)	(33.0, 0.0)	(34.0, 0.0007843711435085417)	(35.0, 0.0013072852391809028)	(36.0, 0.0007843711435085417)	(37.0, 0.003137484574034167)	(38.0, 0.0039218557175427085)	(39.0, 0.0070593402915768745)	(40.0, 0.015687422870170834)	(41.0, 0.016733251061515558)	(42.0, 0.01856345039636882)	(43.0, 0.029283189357652232)	(44.0, 0.05294505218682654)	(45.0, 0.5217375389570965)	(46.0, 7.5210734380557405)	(47.0, 7.836652094793722)	(48.0, 9.761760338009791)	(49.0, 12.09055826308453)	(50.0, 1.908113535108444)	(51.0, 4.053891526700069)	(52.0, 4.396923173461291)	(53.0, 5.307578071075118)	(54.0, 6.197839318957713)	(55.0, 1.7322836704386464)	(56.0, 15.932669581042044)	(57.0, 17.25302767261711)	(58.0, 2.127214541195125)	(59.0, 0.7429302014265006)	(60.0, 0.5891934572988284)	(61.0, 0.4593800330481696)	(62.0, 0.2554435357359487)	(63.0, 0.20968855236461673)	(64.0, 0.1533445585559197)	(65.0, 0.09830784998640396)	(66.0, 0.08654228283377578)	(67.0, 0.11321090171306619)	(68.0, 0.10170679160827424)	(69.0, 0.055690351189106466)	(70.0, 0.04235604174946123)	(71.0, 0.0596122069066492)	(72.0, 0.14563157564475218)	(73.0, 0.05072266728021898)	(74.0, 0.015687422870170834)	(75.0, 0.008105168482921598)	(76.0, 0.004967683908887431)	(77.0, 0.0036603986697065277)	(78.0, 0.0015687422870170834)	(79.0, 0.0)	(80.0, 0.0013072852391809028)	(81.0, 0.0013072852391809028)	(82.0, 0.0)	(83.0, 0.0)	(84.0, 0.0)	(85.0, 0.0)	(86.0, 0.0)	(87.0, 0.0)	(88.0, 0.0)	(89.0, 0.0)	(90.0, 0.0005229140956723612)	(91.0, 0.0005229140956723612)	(92.0, 0.0)	(93.0, 0.0)	(94.0, 0.0005229140956723612)	(95.0, 0.0010458281913447224)	(96.0, 0.0)	(97.0, 0.0007843711435085417)	(98.0, 0.0015687422870170834)	(99.0, 0.0007843711435085417)	(100.0, 0.0007843711435085417)
2824_NS1_0_Male_week5_S43_L001_R1_001	(0.0, 0.0)	(1.0, 0.0)	(2.0, 0.0)	(3.0, 0.0)	(4.0, 0.0)	(5.0, 0.0)	(6.0, 0.0)	(7.0, 0.0)	(8.0, 0.0)	(9.0, 0.0)	(10.0, 0.0)	(11.0, 0.0)	(12.0, 0.0)	(13.0, 0.0)	(14.0, 0.0)	(15.0, 0.0)	(16.0, 0.0)	(17.0, 0.0)	(18.0, 0.0)	(19.0, 0.0)	(20.0, 0.0)	(21.0, 0.0)	(22.0, 0.0)	(23.0, 0.0)	(24.0, 0.0)	(25.0, 0.0)	(26.0, 0.0)	(27.0, 0.0)	(28.0, 0.0)	(29.0, 0.0)	(30.0, 0.0)	(31.0, 0.0)	(32.0, 0.0)	(33.0, 0.0)	(34.0, 0.0)	(35.0, 0.0)	(36.0, 0.0)	(37.0, 0.0)	(38.0, 0.00112718331382222)	(39.0, 0.00112718331382222)	(40.0, 0.001610261876888886)	(41.0, 0.0037036023168444373)	(42.0, 0.016102618768888854)	(43.0, 0.05185043243582213)	(44.0, 0.17728983264546633)	(45.0, 0.3466893820941777)	(46.0, 0.7043285449511932)	(47.0, 12.269068318576974)	(48.0, 33.003605376357314)	(49.0, 5.014516510819797)	(50.0, 2.8615963814191323)	(51.0, 13.838590569979173)	(52.0, 17.154763879244726)	(53.0, 8.01749388503107)	(54.0, 4.330316239329408)	(55.0, 1.289819763388009)	(56.0, 0.35425761291555574)	(57.0, 0.1605431091258219)	(58.0, 0.11465064563448882)	(59.0, 0.09130184841959989)	(60.0, 0.029950870910133282)	(61.0, 0.025764190030222178)	(62.0, 0.10144649824399998)	(63.0, 0.020611352024177743)	(64.0, 0.009339518885955538)	(65.0, 0.0048307856306666576)	(66.0, 0.0037036023168444373)	(67.0, 0.0)	(68.0, 0.0)	(69.0, 0.0)	(70.0, 0.0)	(71.0, 0.0)	(72.0, 0.0)	(73.0, 0.0)	(74.0, 0.0)	(75.0, 0.0)	(76.0, 0.0)	(77.0, 0.0)	(78.0, 0.0)	(79.0, 0.0)	(80.0, 0.0)	(81.0, 0.0)	(82.0, 0.0)	(83.0, 0.0)	(84.0, 0.0)	(85.0, 0.0)	(86.0, 0.0)	(87.0, 0.0)	(88.0, 0.0)	(89.0, 0.0)	(90.0, 0.0)	(91.0, 0.0)	(92.0, 0.0)	(93.0, 0.0)	(94.0, 0.0)	(95.0, 0.0)	(96.0, 0.0)	(97.0, 0.0)	(98.0, 0.0)	(99.0, 0.0)	(100.0, 0.0)
2824_NS1_0_Male_week5_S43_L001_R2_001	(0.0, 0.0)	(1.0, 0.0)	(2.0, 0.0)	(3.0, 0.0)	(4.0, 0.0)	(5.0, 0.0)	(6.0, 0.0)	(7.0, 0.0)	(8.0, 0.0)	(9.0, 0.0)	(10.0, 0.0)	(11.0, 0.0)	(12.0, 0.0)	(13.0, 0.0)	(14.0, 0.0)	(15.0, 0.0)	(16.0, 0.0)	(17.0, 0.0)	(18.0, 0.0)	(19.0, 0.0)	(20.0, 0.0)	(21.0, 0.0)	(22.0, 0.0)	(23.0, 0.0)	(24.0, 0.0)	(25.0, 0.0)	(26.0, 0.0)	(27.0, 0.0)	(28.0, 0.0)	(29.0, 0.0)	(30.0, 0.0)	(31.0, 0.0)	(32.0, 0.0)	(33.0, 0.0)	(34.0, 0.0)	(35.0, 0.000936002396166128)	(36.0, 0.000936002396166128)	(37.0, 0.000936002396166128)	(38.0, 0.001872004792332256)	(39.0, 0.0024960063897763412)	(40.0, 0.004368011182108598)	(41.0, 0.00936002396166128)	(42.0, 0.017472044728434392)	(43.0, 0.027768071086261798)	(44.0, 0.04555211661341822)	(45.0, 0.4382051218051129)	(46.0, 6.937025758786951)	(47.0, 5.746430710863092)	(48.0, 10.852635782746049)	(49.0, 22.390113318697146)	(50.0, 2.8479432907346913)	(51.0, 3.747909594648214)	(52.0, 3.897825978434167)	(53.0, 4.872204472843542)	(54.0, 5.912571136182662)	(55.0, 1.8033646166134665)	(56.0, 13.346614167328458)	(57.0, 12.521060053910697)	(58.0, 1.5422199480830905)	(59.0, 0.5988855331469595)	(60.0, 0.5655014476837015)	(61.0, 0.5001372803514362)	(62.0, 0.2733126996805093)	(63.0, 0.19843250798721904)	(64.0, 0.14164836261980726)	(65.0, 0.12105630990415256)	(66.0, 0.10951228035143698)	(67.0, 0.10857627795527085)	(68.0, 0.0942242412140569)	(69.0, 0.05335213658146929)	(70.0, 0.036816094249201035)	(71.0, 0.05553614217252355)	(72.0, 0.10202426118210821)	(73.0, 0.03151208067092631)	(74.0, 0.012168031150159664)	(75.0, 0.008424021565495151)	(76.0, 0.006552016773162896)	(77.0, 0.004056010383386554)	(78.0, 0.0021840055910542985)	(79.0, 0.0)	(80.0, 0.0)	(81.0, 0.0)	(82.0, 0.000936002396166128)	(83.0, 0.000936002396166128)	(84.0, 0.0)	(85.0, 0.0)	(86.0, 0.0)	(87.0, 0.0)	(88.0, 0.0)	(89.0, 0.0006240015974440853)	(90.0, 0.0)	(91.0, 0.0)	(92.0, 0.0)	(93.0, 0.0006240015974440853)	(94.0, 0.0)	(95.0, 0.0)	(96.0, 0.0)	(97.0, 0.0)	(98.0, 0.000936002396166128)	(99.0, 0.0026520067891373624)	(100.0, 0.0015600039936102131)
2824_NS1_0_Male_week9_S55_L001_R1_001	(0.0, 0.0)	(1.0, 0.0)	(2.0, 0.0)	(3.0, 0.0)	(4.0, 0.0)	(5.0, 0.0)	(6.0, 0.0)	(7.0, 0.0)	(8.0, 0.0)	(9.0, 0.0)	(10.0, 0.0)	(11.0, 0.0)	(12.0, 0.0)	(13.0, 0.0)	(14.0, 0.0)	(15.0, 0.0)	(16.0, 0.0)	(17.0, 0.0)	(18.0, 0.0)	(19.0, 0.0)	(20.0, 0.0)	(21.0, 0.0)	(22.0, 0.0)	(23.0, 0.0)	(24.0, 0.0)	(25.0, 0.0)	(26.0, 0.0)	(27.0, 0.0)	(28.0, 0.0)	(29.0, 0.0)	(30.0, 0.0)	(31.0, 0.0)	(32.0, 0.0)	(33.0, 0.0)	(34.0, 0.0)	(35.0, 0.0)	(36.0, 0.0)	(37.0, 0.0)	(38.0, 0.0008229353922566902)	(39.0, 0.0013715589870944838)	(40.0, 0.0016458707845133805)	(41.0, 0.006949232201278718)	(42.0, 0.023316502780606225)	(43.0, 0.06702351583601711)	(44.0, 0.19997330031837585)	(45.0, 0.47071904437082257)	(46.0, 1.1639049564484143)	(47.0, 14.685190637561869)	(48.0, 25.597131064332302)	(49.0, 5.357949464451718)	(50.0, 3.578397397329891)	(51.0, 15.069775777543832)	(52.0, 19.821038983369323)	(53.0, 8.449534858625782)	(54.0, 3.259647088728996)	(55.0, 1.2758241697953043)	(56.0, 0.3406952523942697)	(57.0, 0.16541001384359472)	(58.0, 0.104969981145631)	(59.0, 0.08604246712372726)	(60.0, 0.03374035108252427)	(61.0, 0.030448609513497513)	(62.0, 0.14401369364492012)	(63.0, 0.03319172748768647)	(64.0, 0.01828745316125979)	(65.0, 0.00768073032772911)	(66.0, 0.002377368910963772)	(67.0, 0.0012801217212881847)	(68.0, 0.0005486235948377935)	(69.0, 0.0)	(70.0, 0.0)	(71.0, 0.0)	(72.0, 0.0)	(73.0, 0.0)	(74.0, 0.0)	(75.0, 0.0)	(76.0, 0.0)	(77.0, 0.0)	(78.0, 0.0)	(79.0, 0.0)	(80.0, 0.0)	(81.0, 0.0)	(82.0, 0.0)	(83.0, 0.0)	(84.0, 0.0)	(85.0, 0.0)	(86.0, 0.0)	(87.0, 0.0005486235948377935)	(88.0, 0.0005486235948377935)	(89.0, 0.0)	(90.0, 0.0)	(91.0, 0.0)	(92.0, 0.0)	(93.0, 0.0)	(94.0, 0.0)	(95.0, 0.0)	(96.0, 0.0)	(97.0, 0.0)	(98.0, 0.0)	(99.0, 0.0)	(100.0, 0.0)
2824_NS1_0_Male_week9_S55_L001_R2_001	(0.0, 0.0)	(1.0, 0.0)	(2.0, 0.0)	(3.0, 0.0005349648572668543)	(4.0, 0.0005349648572668543)	(5.0, 0.0)	(6.0, 0.0)	(7.0, 0.0)	(8.0, 0.0)	(9.0, 0.0)	(10.0, 0.0)	(11.0, 0.0)	(12.0, 0.0)	(13.0, 0.0)	(14.0, 0.0)	(15.0, 0.0)	(16.0, 0.0)	(17.0, 0.0)	(18.0, 0.0)	(19.0, 0.0)	(20.0, 0.0)	(21.0, 0.0)	(22.0, 0.0)	(23.0, 0.0)	(24.0, 0.0)	(25.0, 0.0)	(26.0, 0.0)	(27.0, 0.0)	(28.0, 0.0)	(29.0, 0.0)	(30.0, 0.0)	(31.0, 0.0)	(32.0, 0.0005349648572668543)	(33.0, 0.0010699297145337085)	(34.0, 0.0005349648572668543)	(35.0, 0.0005349648572668543)	(36.0, 0.001604894571800563)	(37.0, 0.002139859429067417)	(38.0, 0.003209789143601126)	(39.0, 0.004279718858134834)	(40.0, 0.0058846134299353975)	(41.0, 0.013017478193493455)	(42.0, 0.017297197051628292)	(43.0, 0.022468524005207872)	(44.0, 0.040300685914103025)	(45.0, 0.434213142481591)	(46.0, 7.8065638404738085)	(47.0, 9.115266202967392)	(48.0, 11.649216410225987)	(49.0, 14.369245227004235)	(50.0, 1.8693455329093591)	(51.0, 3.871540672040795)	(52.0, 4.457951316414977)	(53.0, 6.563572994615397)	(54.0, 7.770364551798789)	(55.0, 1.479712795200084)	(56.0, 13.070439714367426)	(57.0, 13.590514716441312)	(58.0, 1.3900170207983569)	(59.0, 0.48993864844688995)	(60.0, 0.42422713181261146)	(61.0, 0.3859771445180319)	(62.0, 0.20435657547593858)	(63.0, 0.14016079260391576)	(64.0, 0.12928317383948942)	(65.0, 0.09593703106985578)	(66.0, 0.08390032178135162)	(67.0, 0.08773423659176409)	(68.0, 0.07079368277831372)	(69.0, 0.04654194258221633)	(70.0, 0.03976572105683619)	(71.0, 0.03726921838959084)	(72.0, 0.1312447116494675)	(73.0, 0.0449370480104158)	(74.0, 0.011947548478959747)	(75.0, 0.008202794478091765)	(76.0, 0.0035664323817790286)	(77.0, 0.0019615378099784656)	(78.0, 0.0010699297145337085)	(79.0, 0.0003566432381779028)	(80.0, 0.0003566432381779028)	(81.0, 0.0007132864763558056)	(82.0, 0.0005349648572668543)	(83.0, 0.0010699297145337085)	(84.0, 0.000891608095444757)	(85.0, 0.0003566432381779028)	(86.0, 0.0)	(87.0, 0.0)	(88.0, 0.0003566432381779028)	(89.0, 0.0)	(90.0, 0.0)	(91.0, 0.0003566432381779028)	(92.0, 0.0)	(93.0, 0.0)	(94.0, 0.0)	(95.0, 0.0005349648572668543)	(96.0, 0.0005349648572668543)	(97.0, 0.0)	(98.0, 0.0)	(99.0, 0.0010699297145337085)	(100.0, 0.002139859429067417)
2824_NS1_L_Male_week5_S44_L001_R1_001	(0.0, 0.0)	(1.0, 0.0)	(2.0, 0.0)	(3.0, 0.0)	(4.0, 0.0)	(5.0, 0.0)	(6.0, 0.0)	(7.0, 0.0)	(8.0, 0.0)	(9.0, 0.0)	(10.0, 0.0)	(11.0, 0.0)	(12.0, 0.0)	(13.0, 0.0)	(14.0, 0.0)	(15.0, 0.0)	(16.0, 0.0)	(17.0, 0.0)	(18.0, 0.0)	(19.0, 0.0)	(20.0, 0.0)	(21.0, 0.0)	(22.0, 0.0)	(23.0, 0.0)	(24.0, 0.0)	(25.0, 0.0)	(26.0, 0.0)	(27.0, 0.0)	(28.0, 0.0)	(29.0, 0.0)	(30.0, 0.0)	(31.0, 0.0)	(32.0, 0.0)	(33.0, 0.0)	(34.0, 0.0)	(35.0, 0.0011695920112188838)	(36.0, 0.0007017552067313304)	(37.0, 0.0)	(38.0, 0.0003508776033656652)	(39.0, 0.0007017552067313304)	(40.0, 0.0003508776033656652)	(41.0, 0.005614041653850643)	(42.0, 0.017894757771648926)	(43.0, 0.052046844499240325)	(44.0, 0.20222245873974506)	(45.0, 0.4635093140460427)	(46.0, 1.0022233944134755)	(47.0, 10.353228483306449)	(48.0, 31.830563544507672)	(49.0, 4.836613843994062)	(50.0, 2.9371964177737597)	(51.0, 13.600600702458449)	(52.0, 17.117563880199967)	(53.0, 8.400828538980534)	(54.0, 6.589832268810836)	(55.0, 1.5180134713610312)	(56.0, 0.4465502298833693)	(57.0, 0.2357897494617271)	(58.0, 0.1237428347869578)	(59.0, 0.08070184877410311)	(60.0, 0.03555559714105406)	(61.0, 0.023391840224377684)	(62.0, 0.08210535918756584)	(63.0, 0.019883064190721035)	(64.0, 0.008421062480775962)	(65.0, 0.006549715262825748)	(66.0, 0.004678368044875535)	(67.0, 0.0014035104134626608)	(68.0, 0.0)	(69.0, 0.0)	(70.0, 0.0)	(71.0, 0.0)	(72.0, 0.0)	(73.0, 0.0)	(74.0, 0.0)	(75.0, 0.0)	(76.0, 0.0)	(77.0, 0.0)	(78.0, 0.0)	(79.0, 0.0)	(80.0, 0.0)	(81.0, 0.0)	(82.0, 0.0)	(83.0, 0.0)	(84.0, 0.0)	(85.0, 0.0)	(86.0, 0.0)	(87.0, 0.0)	(88.0, 0.0)	(89.0, 0.0)	(90.0, 0.0)	(91.0, 0.0)	(92.0, 0.0)	(93.0, 0.0)	(94.0, 0.0)	(95.0, 0.0)	(96.0, 0.0)	(97.0, 0.0)	(98.0, 0.0)	(99.0, 0.0)	(100.0, 0.0)
2824_NS1_L_Male_week5_S44_L001_R2_001	(0.0, 0.0)	(1.0, 0.0)	(2.0, 0.0)	(3.0, 0.0)	(4.0, 0.0)	(5.0, 0.0)	(6.0, 0.0)	(7.0, 0.0)	(8.0, 0.0)	(9.0, 0.0)	(10.0, 0.0)	(11.0, 0.0)	(12.0, 0.0)	(13.0, 0.0)	(14.0, 0.0)	(15.0, 0.0)	(16.0, 0.0)	(17.0, 0.0)	(18.0, 0.0)	(19.0, 0.0)	(20.0, 0.0)	(21.0, 0.0)	(22.0, 0.0)	(23.0, 0.0)	(24.0, 0.0)	(25.0, 0.0)	(26.0, 0.0)	(27.0, 0.0)	(28.0, 0.0)	(29.0, 0.0)	(30.0, 0.0)	(31.0, 0.0)	(32.0, 0.0)	(33.0, 0.0006660819946934697)	(34.0, 0.002664327978773879)	(35.0, 0.0033304099734673487)	(36.0, 0.0019982459840804092)	(37.0, 0.0011101366578224494)	(38.0, 0.0006660819946934697)	(39.0, 0.0019982459840804092)	(40.0, 0.0037744646365963277)	(41.0, 0.003108382641902858)	(42.0, 0.004662573962854288)	(43.0, 0.015319885877949807)	(44.0, 0.03752261903439878)	(45.0, 0.3736719990230383)	(46.0, 5.483853062312296)	(47.0, 5.076543922557086)	(48.0, 10.920081261998169)	(49.0, 22.521897445586266)	(50.0, 3.2227267176585577)	(51.0, 5.254720856137681)	(52.0, 5.396596321007461)	(53.0, 4.943993605613038)	(54.0, 6.006505400814634)	(55.0, 1.8933380699161295)	(56.0, 12.786776052129992)	(57.0, 11.907214778135694)	(58.0, 1.461161869025933)	(59.0, 0.5867072236591607)	(60.0, 0.5290911311181756)	(61.0, 0.4466079774419688)	(62.0, 0.22935423350611828)	(63.0, 0.17140509996778613)	(64.0, 0.12810977031271054)	(65.0, 0.09014309661518291)	(66.0, 0.07793159337913598)	(67.0, 0.0768214567213135)	(68.0, 0.06483198081683106)	(69.0, 0.04484952097602697)	(70.0, 0.03774464636596327)	(71.0, 0.03641248237657632)	(72.0, 0.0821501126788615)	(73.0, 0.027087334450867757)	(74.0, 0.011767448572917966)	(75.0, 0.011767448572917966)	(76.0, 0.005772710620676737)	(77.0, 0.0037744646365963285)	(78.0, 0.0017762186525159193)	(79.0, 0.00044405466312897983)	(80.0, 0.0013321639893869395)	(81.0, 0.0)	(82.0, 0.0006660819946934697)	(83.0, 0.0006660819946934697)	(84.0, 0.0)	(85.0, 0.00044405466312897983)	(86.0, 0.00044405466312897983)	(87.0, 0.0)	(88.0, 0.00044405466312897983)	(89.0, 0.0)	(90.0, 0.0)	(91.0, 0.0)	(92.0, 0.0)	(93.0, 0.00044405466312897983)	(94.0, 0.0)	(95.0, 0.0)	(96.0, 0.0008881093262579597)	(97.0, 0.0008881093262579597)	(98.0, 0.0013321639893869395)	(99.0, 0.0013321639893869395)	(100.0, 0.0006660819946934697)
2824_NS1_L_Male_week9_S56_L001_R1_001	(0.0, 0.0)	(1.0, 0.0)	(2.0, 0.0)	(3.0, 0.0)	(4.0, 0.0)	(5.0, 0.0)	(6.0, 0.0)	(7.0, 0.0)	(8.0, 0.0)	(9.0, 0.0)	(10.0, 0.0)	(11.0, 0.0)	(12.0, 0.0)	(13.0, 0.0)	(14.0, 0.0)	(15.0, 0.0)	(16.0, 0.0)	(17.0, 0.0)	(18.0, 0.0)	(19.0, 0.0)	(20.0, 0.0)	(21.0, 0.0)	(22.0, 0.0)	(23.0, 0.0)	(24.0, 0.0)	(25.0, 0.0)	(26.0, 0.0)	(27.0, 0.0)	(28.0, 0.0)	(29.0, 0.0)	(30.0, 0.0)	(31.0, 0.0)	(32.0, 0.0)	(33.0, 0.0)	(34.0, 0.0)	(35.0, 0.0)	(36.0, 0.0)	(37.0, 0.0007460023598539272)	(38.0, 0.0014920047197078544)	(39.0, 0.0007460023598539272)	(40.0, 0.001243337266423212)	(41.0, 0.004724681612408205)	(42.0, 0.01777972290985193)	(43.0, 0.07161622654597702)	(44.0, 0.19706895672807903)	(45.0, 0.4269620172897316)	(46.0, 1.1531953146075524)	(47.0, 14.146442749909093)	(48.0, 20.419327926478797)	(49.0, 4.528234324313712)	(50.0, 3.837436139088686)	(51.0, 17.471499601510708)	(52.0, 22.716766527379676)	(53.0, 9.525828466699492)	(54.0, 3.281788714723905)	(55.0, 1.2347582392849228)	(56.0, 0.35783246527660273)	(57.0, 0.15864983519560155)	(58.0, 0.09325029498174103)	(59.0, 0.08417393293685159)	(60.0, 0.0353107783664192)	(61.0, 0.035559445819703835)	(62.0, 0.1322910851474295)	(63.0, 0.029591426940872436)	(64.0, 0.016785053096713368)	(65.0, 0.008454693411677842)	(66.0, 0.005470683972262133)	(67.0, 0.002735341986131066)	(68.0, 0.001243337266423212)	(69.0, 0.0)	(70.0, 0.0)	(71.0, 0.0)	(72.0, 0.0)	(73.0, 0.0)	(74.0, 0.0)	(75.0, 0.0)	(76.0, 0.0)	(77.0, 0.0)	(78.0, 0.0)	(79.0, 0.0)	(80.0, 0.0)	(81.0, 0.0)	(82.0, 0.0)	(83.0, 0.0)	(84.0, 0.0)	(85.0, 0.0)	(86.0, 0.0)	(87.0, 0.0)	(88.0, 0.0)	(89.0, 0.0)	(90.0, 0.0)	(91.0, 0.0)	(92.0, 0.0004973349065692847)	(93.0, 0.0004973349065692847)	(94.0, 0.0)	(95.0, 0.0)	(96.0, 0.0)	(97.0, 0.0)	(98.0, 0.0)	(99.0, 0.0)	(100.0, 0.0)
2824_NS1_L_Male_week9_S56_L001_R2_001	(0.0, 0.0)	(1.0, 0.0)	(2.0, 0.0)	(3.0, 0.0)	(4.0, 0.0)	(5.0, 0.0)	(6.0, 0.0)	(7.0, 0.0)	(8.0, 0.0)	(9.0, 0.0)	(10.0, 0.0)	(11.0, 0.0)	(12.0, 0.0)	(13.0, 0.0)	(14.0, 0.0)	(15.0, 0.0)	(16.0, 0.0)	(17.0, 0.0)	(18.0, 0.0)	(19.0, 0.0)	(20.0, 0.0)	(21.0, 0.0)	(22.0, 0.0)	(23.0, 0.0)	(24.0, 0.0)	(25.0, 0.0)	(26.0, 0.0)	(27.0, 0.0)	(28.0, 0.0)	(29.0, 0.0)	(30.0, 0.0)	(31.0, 0.0)	(32.0, 0.0)	(33.0, 0.0)	(34.0, 0.0)	(35.0, 0.0007434621794594243)	(36.0, 0.0014869243589188486)	(37.0, 0.0014869243589188486)	(38.0, 0.002726027991351222)	(39.0, 0.003717310897297121)	(40.0, 0.006691159615134818)	(41.0, 0.008425904700540141)	(42.0, 0.012638857050810212)	(43.0, 0.02230386538378273)	(44.0, 0.04212952350270068)	(45.0, 0.5749440854486153)	(46.0, 7.85418228453535)	(47.0, 8.868016876590598)	(48.0, 10.227685292457437)	(49.0, 9.833526426981056)	(50.0, 1.9921069098614896)	(51.0, 4.091768015018381)	(52.0, 5.025308691693349)	(53.0, 6.325376222841653)	(54.0, 8.005476838055191)	(55.0, 2.1111847689382213)	(56.0, 13.019137955601003)	(57.0, 16.0962040060257)	(58.0, 2.8147478114331905)	(59.0, 0.7869547169577937)	(60.0, 0.4994826742334883)	(61.0, 0.45029026002592437)	(62.0, 0.2558749000972853)	(63.0, 0.17781137125404556)	(64.0, 0.14832070480215495)	(65.0, 0.10681073311567053)	(66.0, 0.08227648119350965)	(67.0, 0.1177148450810755)	(68.0, 0.11350189273080544)	(69.0, 0.051794531835673216)	(70.0, 0.03172105299026876)	(71.0, 0.0408904198702683)	(72.0, 0.09726963514594156)	(73.0, 0.05402491837405148)	(74.0, 0.01672789903783705)	(75.0, 0.006071607798918632)	(76.0, 0.004089041987026833)	(77.0, 0.002726027991351222)	(78.0, 0.0004956414529729494)	(79.0, 0.0009912829059458988)	(80.0, 0.0004956414529729494)	(81.0, 0.0004956414529729494)	(82.0, 0.0)	(83.0, 0.0)	(84.0, 0.0004956414529729494)	(85.0, 0.0009912829059458988)	(86.0, 0.0004956414529729494)	(87.0, 0.0)	(88.0, 0.0004956414529729494)	(89.0, 0.0004956414529729494)	(90.0, 0.0)	(91.0, 0.0)	(92.0, 0.00037173108972971214)	(93.0, 0.00037173108972971214)	(94.0, 0.0004956414529729494)	(95.0, 0.0004956414529729494)	(96.0, 0.0007434621794594243)	(97.0, 0.001734745085405323)	(98.0, 0.0004956414529729494)	(99.0, 0.0)	(100.0, 0.003469490170810647)
2824_NS1_R_Male_week5_S45_L001_R1_001	(0.0, 0.0)	(1.0, 0.0)	(2.0, 0.0)	(3.0, 0.0)	(4.0, 0.0)	(5.0, 0.0)	(6.0, 0.0)	(7.0, 0.0)	(8.0, 0.0)	(9.0, 0.0)	(10.0, 0.0)	(11.0, 0.0)	(12.0, 0.0)	(13.0, 0.0)	(14.0, 0.0)	(15.0, 0.0)	(16.0, 0.0)	(17.0, 0.0)	(18.0, 0.0)	(19.0, 0.0)	(20.0, 0.0)	(21.0, 0.0)	(22.0, 0.0)	(23.0, 0.0)	(24.0, 0.0)	(25.0, 0.0)	(26.0, 0.0)	(27.0, 0.0)	(28.0, 0.0)	(29.0, 0.0)	(30.0, 0.0)	(31.0, 0.0)	(32.0, 0.0)	(33.0, 0.0)	(34.0, 0.0)	(35.0, 0.0)	(36.0, 0.0)	(37.0, 0.0)	(38.0, 0.0)	(39.0, 0.0)	(40.0, 0.003088159225490271)	(41.0, 0.006176318450980542)	(42.0, 0.014797429622140883)	(43.0, 0.051211973822713655)	(44.0, 0.15582336758619655)	(45.0, 0.3467745463623463)	(46.0, 0.851817253031057)	(47.0, 11.650080678158387)	(48.0, 33.76696235790676)	(49.0, 4.59994183966918)	(50.0, 2.084764823808013)	(51.0, 10.660582992991783)	(52.0, 15.582465431921449)	(53.0, 8.803569912065296)	(54.0, 8.417936028782549)	(55.0, 1.9237945241793712)	(56.0, 0.45550348575981575)	(57.0, 0.20021565645261852)	(58.0, 0.1201808631919964)	(59.0, 0.08788386462541084)	(60.0, 0.030624245652778517)	(61.0, 0.02033038156781096)	(62.0, 0.11503393114951263)	(63.0, 0.02341854079330124)	(64.0, 0.011837943697712702)	(65.0, 0.008235091267974054)	(66.0, 0.0038601990318628382)	(67.0, 0.0012867330106209462)	(68.0, 0.0012867330106209462)	(69.0, 0.0005146932042483784)	(70.0, 0.0)	(71.0, 0.0)	(72.0, 0.0)	(73.0, 0.0)	(74.0, 0.0)	(75.0, 0.0)	(76.0, 0.0)	(77.0, 0.0)	(78.0, 0.0)	(79.0, 0.0)	(80.0, 0.0)	(81.0, 0.0)	(82.0, 0.0)	(83.0, 0.0)	(84.0, 0.0)	(85.0, 0.0)	(86.0, 0.0)	(87.0, 0.0)	(88.0, 0.0)	(89.0, 0.0)	(90.0, 0.0)	(91.0, 0.0)	(92.0, 0.0)	(93.0, 0.0)	(94.0, 0.0)	(95.0, 0.0)	(96.0, 0.0)	(97.0, 0.0)	(98.0, 0.0)	(99.0, 0.0)	(100.0, 0.0)
2824_NS1_R_Male_week5_S45_L001_R2_001	(0.0, 0.0)	(1.0, 0.0)	(2.0, 0.002175026825330664)	(3.0, 0.002175026825330664)	(4.0, 0.0007250089417768881)	(5.0, 0.0014500178835537762)	(6.0, 0.0007250089417768881)	(7.0, 0.0)	(8.0, 0.0)	(9.0, 0.0)	(10.0, 0.0)	(11.0, 0.0)	(12.0, 0.0)	(13.0, 0.0)	(14.0, 0.0)	(15.0, 0.0)	(16.0, 0.0)	(17.0, 0.0)	(18.0, 0.0)	(19.0, 0.0)	(20.0, 0.0)	(21.0, 0.0)	(22.0, 0.0)	(23.0, 0.0)	(24.0, 0.0)	(25.0, 0.0)	(26.0, 0.0)	(27.0, 0.0)	(28.0, 0.0)	(29.0, 0.0)	(30.0, 0.0007250089417768881)	(31.0, 0.0014500178835537762)	(32.0, 0.0007250089417768881)	(33.0, 0.0)	(34.0, 0.0014500178835537762)	(35.0, 0.0014500178835537762)	(36.0, 0.0007250089417768881)	(37.0, 0.0029000357671075524)	(38.0, 0.006283410828733031)	(39.0, 0.005800071534215105)	(40.0, 0.007975098359545768)	(41.0, 0.00990845553761747)	(42.0, 0.014500178835537763)	(43.0, 0.02779200943478071)	(44.0, 0.048817268746310434)	(45.0, 0.41639680222719433)	(46.0, 6.559155896256017)	(47.0, 5.340899204423872)	(48.0, 10.774720388213924)	(49.0, 22.851677670704962)	(50.0, 3.1983769466485916)	(51.0, 7.9667607567145735)	(52.0, 8.073699575626566)	(53.0, 4.944802652566263)	(54.0, 5.136446682842705)	(55.0, 1.3778794938470194)	(56.0, 10.1599128055877)	(57.0, 9.543292700607008)	(58.0, 1.1182054578672413)	(59.0, 0.44829719566537524)	(60.0, 0.47705588368919)	(61.0, 0.43911374906953476)	(62.0, 0.18439394085858826)	(63.0, 0.12965576575443336)	(64.0, 0.11636393515519036)	(65.0, 0.07950931394819874)	(66.0, 0.061867429698294445)	(67.0, 0.08313435865708317)	(68.0, 0.07491759065027845)	(69.0, 0.03987549179772885)	(70.0, 0.033833750616254765)	(71.0, 0.04422554544839013)	(72.0, 0.10923468056105118)	(73.0, 0.035767107794326444)	(74.0, 0.00990845553761747)	(75.0, 0.007975098359545768)	(76.0, 0.005800071534215105)	(77.0, 0.005558401886956142)	(78.0, 0.0033833750616254774)	(79.0, 0.00048333929451792535)	(80.0, 0.00048333929451792535)	(81.0, 0.00048333929451792535)	(82.0, 0.0012083482362948133)	(83.0, 0.0019333571780717014)	(84.0, 0.0012083482362948133)	(85.0, 0.0009666785890358507)	(86.0, 0.00048333929451792535)	(87.0, 0.0)	(88.0, 0.0)	(89.0, 0.0)	(90.0, 0.0)	(91.0, 0.0)	(92.0, 0.0)	(93.0, 0.0)	(94.0, 0.0)	(95.0, 0.0)	(96.0, 0.0)	(97.0, 0.001087513412665332)	(98.0, 0.001087513412665332)	(99.0, 0.0)	(100.0, 0.0007250089417768881)
2824_NS1_R_Male_week9_S57_L001_R1_001	(0.0, 0.0)	(1.0, 0.0)	(2.0, 0.0)	(3.0, 0.0)	(4.0, 0.0)	(5.0, 0.0)	(6.0, 0.0)	(7.0, 0.0)	(8.0, 0.0)	(9.0, 0.0)	(10.0, 0.0)	(11.0, 0.0)	(12.0, 0.0)	(13.0, 0.0)	(14.0, 0.0)	(15.0, 0.0)	(16.0, 0.0)	(17.0, 0.0)	(18.0, 0.0)	(19.0, 0.0)	(20.0, 0.0)	(21.0, 0.0)	(22.0, 0.0)	(23.0, 0.0)	(24.0, 0.0)	(25.0, 0.0)	(26.0, 0.0)	(27.0, 0.0)	(28.0, 0.0)	(29.0, 0.0)	(30.0, 0.0)	(31.0, 0.0)	(32.0, 0.0)	(33.0, 0.0)	(34.0, 0.0)	(35.0, 0.0)	(36.0, 0.0)	(37.0, 0.0)	(38.0, 0.0)	(39.0, 0.0004192989321853078)	(40.0, 0.0004192989321853078)	(41.0, 0.0008385978643706156)	(42.0, 0.00796667971152085)	(43.0, 0.031167887292441215)	(44.0, 0.11139374965056345)	(45.0, 0.2486442667858876)	(46.0, 0.7705316710458545)	(47.0, 14.34785039413446)	(48.0, 22.377285179186902)	(49.0, 3.9075865153455203)	(50.0, 3.305752781348697)	(51.0, 17.61013585285276)	(52.0, 22.49203332029511)	(53.0, 8.70925812042061)	(54.0, 3.5752222284331574)	(55.0, 1.3555934477551344)	(56.0, 0.37359534857711185)	(57.0, 0.16855817073849333)	(58.0, 0.11181304858274893)	(59.0, 0.11880136411917064)	(60.0, 0.03885503438250516)	(61.0, 0.05115446972660749)	(62.0, 0.22642142338006538)	(63.0, 0.032705316710454006)	(64.0, 0.009504109129533643)	(65.0, 0.008665511265163028)	(66.0, 0.006149717672051183)	(67.0, 0.0005590652429137438)	(68.0, 0.0)	(69.0, 0.0)	(70.0, 0.0005590652429137438)	(71.0, 0.0005590652429137438)	(72.0, 0.0)	(73.0, 0.0)	(74.0, 0.0)	(75.0, 0.0)	(76.0, 0.0)	(77.0, 0.0)	(78.0, 0.0)	(79.0, 0.0)	(80.0, 0.0)	(81.0, 0.0)	(82.0, 0.0)	(83.0, 0.0)	(84.0, 0.0)	(85.0, 0.0)	(86.0, 0.0)	(87.0, 0.0)	(88.0, 0.0)	(89.0, 0.0)	(90.0, 0.0)	(91.0, 0.0)	(92.0, 0.0)	(93.0, 0.0)	(94.0, 0.0)	(95.0, 0.0)	(96.0, 0.0)	(97.0, 0.0)	(98.0, 0.0)	(99.0, 0.0)	(100.0, 0.0)
2824_NS1_R_Male_week9_S57_L001_R2_001	(0.0, 0.0)	(1.0, 0.0)	(2.0, 0.0)	(3.0, 0.0)	(4.0, 0.0)	(5.0, 0.0)	(6.0, 0.0)	(7.0, 0.0)	(8.0, 0.0)	(9.0, 0.0)	(10.0, 0.0)	(11.0, 0.0)	(12.0, 0.0)	(13.0, 0.0)	(14.0, 0.0)	(15.0, 0.0)	(16.0, 0.0)	(17.0, 0.0)	(18.0, 0.0)	(19.0, 0.0)	(20.0, 0.0)	(21.0, 0.0)	(22.0, 0.0)	(23.0, 0.0)	(24.0, 0.0)	(25.0, 0.0)	(26.0, 0.0)	(27.0, 0.0)	(28.0, 0.0)	(29.0, 0.0)	(30.0, 0.0)	(31.0, 0.0)	(32.0, 0.0)	(33.0, 0.0)	(34.0, 0.0)	(35.0, 0.0)	(36.0, 0.0)	(37.0, 0.0)	(38.0, 0.0008148697430716319)	(39.0, 0.004889218458429791)	(40.0, 0.006518957944573055)	(41.0, 0.008148697430716318)	(42.0, 0.014667655375289374)	(43.0, 0.027162324769054398)	(44.0, 0.051880040308893864)	(45.0, 0.5304802027396313)	(46.0, 7.457687888592078)	(47.0, 9.151802084436474)	(48.0, 11.057510790231595)	(49.0, 11.32560293570192)	(50.0, 1.67197690115921)	(51.0, 4.146328875996216)	(52.0, 4.822942385993664)	(53.0, 5.575882028592188)	(54.0, 7.1561860836558315)	(55.0, 1.7995040159498847)	(56.0, 14.706225876459058)	(57.0, 15.453189807609474)	(58.0, 1.801133755436029)	(59.0, 0.6311166160089752)	(60.0, 0.5546546717840869)	(61.0, 0.4897367155860505)	(62.0, 0.24690553215070463)	(63.0, 0.20779178448326593)	(64.0, 0.19665523132795323)	(65.0, 0.1252183171853406)	(66.0, 0.09832761566397692)	(67.0, 0.12005747547922042)	(68.0, 0.11190877804850409)	(69.0, 0.06138685397806296)	(70.0, 0.04889218458429789)	(71.0, 0.05676925876732365)	(72.0, 0.1738388785219474)	(73.0, 0.06220172372113457)	(74.0, 0.020643366824481337)	(75.0, 0.011408176403002845)	(76.0, 0.0024446092292148957)	(77.0, 0.0016297394861432637)	(78.0, 0.0013581162384527197)	(79.0, 0.0)	(80.0, 0.0)	(81.0, 0.0)	(82.0, 0.0)	(83.0, 0.0)	(84.0, 0.0005432464953810879)	(85.0, 0.0010864929907621757)	(86.0, 0.0)	(87.0, 0.0)	(88.0, 0.0005432464953810879)	(89.0, 0.0)	(90.0, 0.0)	(91.0, 0.0010864929907621757)	(92.0, 0.0005432464953810879)	(93.0, 0.0010864929907621757)	(94.0, 0.0)	(95.0, 0.0)	(96.0, 0.0)	(97.0, 0.0008148697430716319)	(98.0, 0.0008148697430716319)	(99.0, 0.0)	(100.0, 0.0)
2864_NS1_R_Male_week5_S46_L001_R1_001	(0.0, 0.0)	(1.0, 0.0)	(2.0, 0.0)	(3.0, 0.0)	(4.0, 0.0)	(5.0, 0.0)	(6.0, 0.0)	(7.0, 0.0)	(8.0, 0.0)	(9.0, 0.0)	(10.0, 0.0)	(11.0, 0.0)	(12.0, 0.0)	(13.0, 0.0)	(14.0, 0.0)	(15.0, 0.0)	(16.0, 0.0)	(17.0, 0.0)	(18.0, 0.0)	(19.0, 0.0)	(20.0, 0.0)	(21.0, 0.0)	(22.0, 0.0)	(23.0, 0.0)	(24.0, 0.0)	(25.0, 0.0)	(26.0, 0.0)	(27.0, 0.0)	(28.0, 0.0)	(29.0, 0.0)	(30.0, 0.0)	(31.0, 0.0)	(32.0, 0.0)	(33.0, 0.0)	(34.0, 0.0)	(35.0, 0.0)	(36.0, 0.0)	(37.0, 0.0)	(38.0, 0.0)	(39.0, 0.0011151359257764626)	(40.0, 0.002230271851552925)	(41.0, 0.002230271851552925)	(42.0, 0.009664511356729343)	(43.0, 0.03233894184751741)	(44.0, 0.1642966930643988)	(45.0, 0.32431869841332106)	(46.0, 0.7170324002742633)	(47.0, 12.533756093750753)	(48.0, 30.57665537283106)	(49.0, 4.1981150485728)	(50.0, 2.279337832287188)	(51.0, 15.105259538588967)	(52.0, 20.02672609101605)	(53.0, 8.592308164096668)	(54.0, 3.4494871304016987)	(55.0, 1.1521212673146923)	(56.0, 0.31000778736585594)	(57.0, 0.15463218170766957)	(58.0, 0.09404312974048168)	(59.0, 0.06467788369503477)	(60.0, 0.021187582589752788)	(61.0, 0.01784217481242339)	(62.0, 0.12340837578592878)	(63.0, 0.020444158639235144)	(64.0, 0.00854937543095288)	(65.0, 0.006690815554658776)	(66.0, 0.0070625275299175975)	(67.0, 0.003345407777329388)	(68.0, 0.0011151359257764626)	(69.0, 0.0)	(70.0, 0.0)	(71.0, 0.0)	(72.0, 0.0)	(73.0, 0.0)	(74.0, 0.0)	(75.0, 0.0)	(76.0, 0.0)	(77.0, 0.0)	(78.0, 0.0)	(79.0, 0.0)	(80.0, 0.0)	(81.0, 0.0)	(82.0, 0.0)	(83.0, 0.0)	(84.0, 0.0)	(85.0, 0.0)	(86.0, 0.0)	(87.0, 0.0)	(88.0, 0.0)	(89.0, 0.0)	(90.0, 0.0)	(91.0, 0.0)	(92.0, 0.0)	(93.0, 0.0)	(94.0, 0.0)	(95.0, 0.0)	(96.0, 0.0)	(97.0, 0.0)	(98.0, 0.0)	(99.0, 0.0)	(100.0, 0.0)
2864_NS1_R_Male_week5_S46_L001_R2_001	(0.0, 0.0)	(1.0, 0.0)	(2.0, 0.0)	(3.0, 0.0)	(4.0, 0.0)	(5.0, 0.0)	(6.0, 0.0)	(7.0, 0.0)	(8.0, 0.0)	(9.0, 0.0)	(10.0, 0.0)	(11.0, 0.0)	(12.0, 0.0)	(13.0, 0.0)	(14.0, 0.0)	(15.0, 0.0)	(16.0, 0.0)	(17.0, 0.0)	(18.0, 0.0)	(19.0, 0.0)	(20.0, 0.0)	(21.0, 0.0)	(22.0, 0.0)	(23.0, 0.0)	(24.0, 0.0)	(25.0, 0.0)	(26.0, 0.0)	(27.0, 0.0)	(28.0, 0.0)	(29.0, 0.0)	(30.0, 0.0)	(31.0, 0.0)	(32.0, 0.0)	(33.0, 0.0)	(34.0, 0.0)	(35.0, 0.0007273295912226332)	(36.0, 0.0)	(37.0, 0.00109099438683395)	(38.0, 0.00109099438683395)	(39.0, 0.0)	(40.0, 0.001818323978056583)	(41.0, 0.005091307138558432)	(42.0, 0.0072732959122263335)	(43.0, 0.014910256620063981)	(44.0, 0.03236616680940719)	(45.0, 0.45458099451414896)	(46.0, 7.736604861836223)	(47.0, 6.168482263159514)	(48.0, 10.112063306768823)	(49.0, 20.05502248357475)	(50.0, 2.366366825042901)	(51.0, 3.7097445800308058)	(52.0, 4.04722551035803)	(53.0, 5.250592319036135)	(54.0, 6.079202555836898)	(55.0, 1.5783052129531394)	(56.0, 14.028187658305777)	(57.0, 13.830899506686814)	(58.0, 1.6681304174691418)	(59.0, 0.6075020410687056)	(60.0, 0.48658349652794364)	(61.0, 0.44148906187214054)	(62.0, 0.23238180439563114)	(63.0, 0.18146873301004696)	(64.0, 0.16237633124045275)	(65.0, 0.117100064186844)	(66.0, 0.08364290299060285)	(67.0, 0.0929163552786914)	(68.0, 0.0832792381949915)	(69.0, 0.0514585685790013)	(70.0, 0.0427306134843297)	(71.0, 0.05454971934169745)	(72.0, 0.11891838816490079)	(73.0, 0.039275797926022205)	(74.0, 0.014546591824452663)	(75.0, 0.0087279550946716)	(76.0, 0.009091619890282914)	(77.0, 0.009091619890282914)	(78.0, 0.005091307138558432)	(79.0, 0.0007273295912226332)	(80.0, 0.0)	(81.0, 0.0)	(82.0, 0.0)	(83.0, 0.0)	(84.0, 0.0)	(85.0, 0.0)	(86.0, 0.0)	(87.0, 0.0)	(88.0, 0.0)	(89.0, 0.0)	(90.0, 0.0)	(91.0, 0.0)	(92.0, 0.0)	(93.0, 0.0)	(94.0, 0.0)	(95.0, 0.0)	(96.0, 0.0)	(97.0, 0.0)	(98.0, 0.0007273295912226332)	(99.0, 0.003636647956113166)	(100.0, 0.002909318364890533)
2864_NS1_R_Male_week9_S58_L001_R1_001	(0.0, 0.0)	(1.0, 0.0)	(2.0, 0.0)	(3.0, 0.0)	(4.0, 0.0)	(5.0, 0.0)	(6.0, 0.0)	(7.0, 0.0)	(8.0, 0.0)	(9.0, 0.0)	(10.0, 0.0)	(11.0, 0.0)	(12.0, 0.0)	(13.0, 0.0)	(14.0, 0.0)	(15.0, 0.0)	(16.0, 0.0)	(17.0, 0.0)	(18.0, 0.0)	(19.0, 0.0)	(20.0, 0.0)	(21.0, 0.0)	(22.0, 0.0)	(23.0, 0.0)	(24.0, 0.0)	(25.0, 0.0)	(26.0, 0.0)	(27.0, 0.0)	(28.0, 0.0)	(29.0, 0.0004646208635674075)	(30.0, 0.0)	(31.0, 0.0)	(32.0, 0.0)	(33.0, 0.0)	(34.0, 0.0)	(35.0, 0.0)	(36.0, 0.0)	(37.0, 0.0)	(38.0, 0.0004646208635674075)	(39.0, 0.0004646208635674075)	(40.0, 0.0)	(41.0, 0.002787725181404445)	(42.0, 0.010686279862050372)	(43.0, 0.036124272142365924)	(44.0, 0.12997768658298225)	(45.0, 0.36879281045663104)	(46.0, 1.1560928637716317)	(47.0, 18.203729279363284)	(48.0, 23.92448981725735)	(49.0, 5.9615503004342045)	(50.0, 3.387899181917628)	(51.0, 15.22144411133457)	(52.0, 19.573896206026006)	(53.0, 7.036566823512325)	(54.0, 2.9294345447922887)	(55.0, 1.1576028815782269)	(56.0, 0.28585798630984893)	(57.0, 0.12358914970893027)	(58.0, 0.08293482414678238)	(59.0, 0.06899619823976011)	(60.0, 0.028806493541179257)	(61.0, 0.04437129247068736)	(62.0, 0.19862541917506632)	(63.0, 0.03322039174506961)	(64.0, 0.011615521589185183)	(65.0, 0.01068627986205037)	(66.0, 0.00557545036280889)	(67.0, 0.002555414749620741)	(68.0, 0.0006969312953511112)	(69.0, 0.0)	(70.0, 0.0)	(71.0, 0.0)	(72.0, 0.0)	(73.0, 0.0)	(74.0, 0.0)	(75.0, 0.0)	(76.0, 0.0)	(77.0, 0.0)	(78.0, 0.0)	(79.0, 0.0)	(80.0, 0.0)	(81.0, 0.0)	(82.0, 0.0)	(83.0, 0.0)	(84.0, 0.0)	(85.0, 0.0)	(86.0, 0.0)	(87.0, 0.0)	(88.0, 0.0)	(89.0, 0.0)	(90.0, 0.0)	(91.0, 0.0)	(92.0, 0.0)	(93.0, 0.0)	(94.0, 0.0)	(95.0, 0.0)	(96.0, 0.0)	(97.0, 0.0)	(98.0, 0.0)	(99.0, 0.0)	(100.0, 0.0)
2864_NS1_R_Male_week9_S58_L001_R2_001	(0.0, 0.0)	(1.0, 0.0)	(2.0, 0.0)	(3.0, 0.0)	(4.0, 0.0)	(5.0, 0.0)	(6.0, 0.0)	(7.0, 0.0)	(8.0, 0.0)	(9.0, 0.0)	(10.0, 0.0)	(11.0, 0.0)	(12.0, 0.0)	(13.0, 0.0)	(14.0, 0.0)	(15.0, 0.0)	(16.0, 0.0)	(17.0, 0.0)	(18.0, 0.0)	(19.0, 0.0)	(20.0, 0.0)	(21.0, 0.0)	(22.0, 0.0)	(23.0, 0.0)	(24.0, 0.0)	(25.0, 0.0)	(26.0, 0.0)	(27.0, 0.0)	(28.0, 0.0)	(29.0, 0.0)	(30.0, 0.0)	(31.0, 0.0)	(32.0, 0.0)	(33.0, 0.0)	(34.0, 0.0)	(35.0, 0.0)	(36.0, 0.0006744786280206131)	(37.0, 0.0006744786280206131)	(38.0, 0.0020234358840618394)	(39.0, 0.004721350396144292)	(40.0, 0.007868917326907154)	(41.0, 0.015737834653814307)	(42.0, 0.02518053544610289)	(43.0, 0.02922740721422657)	(44.0, 0.049911418473525364)	(45.0, 0.5807260987257393)	(46.0, 9.569840013667829)	(47.0, 11.506155741609813)	(48.0, 12.018197433383051)	(49.0, 9.616154212791873)	(50.0, 1.6312265618678539)	(51.0, 3.890729965737167)	(52.0, 4.42682806190912)	(53.0, 6.732645664901664)	(54.0, 7.449054380963591)	(55.0, 1.5779427502542327)	(56.0, 12.785079633443875)	(57.0, 13.732834518919212)	(58.0, 1.610879789922565)	(59.0, 0.5817378166677746)	(60.0, 0.4492027662617256)	(61.0, 0.3727618550860599)	(62.0, 0.21358489887319426)	(63.0, 0.17109274530789545)	(64.0, 0.1469239278038233)	(65.0, 0.10791658048329807)	(66.0, 0.08430982850257666)	(67.0, 0.08880635268938074)	(68.0, 0.07936365189709219)	(69.0, 0.054632768869669696)	(70.0, 0.04833763500814396)	(71.0, 0.062052033777896524)	(72.0, 0.18525679649632765)	(73.0, 0.06362581724327793)	(74.0, 0.004496524186804088)	(75.0, 0.002473088302742248)	(76.0, 0.0035972193494432704)	(77.0, 0.0031475669307628605)	(78.0, 0.0011241310467010217)	(79.0, 0.0015737834653814303)	(80.0, 0.0006744786280206131)	(81.0, 0.0)	(82.0, 0.0004496524186804087)	(83.0, 0.0004496524186804087)	(84.0, 0.0)	(85.0, 0.0)	(86.0, 0.0)	(87.0, 0.0004496524186804087)	(88.0, 0.00033723931401030655)	(89.0, 0.00033723931401030655)	(90.0, 0.0)	(91.0, 0.0)	(92.0, 0.0)	(93.0, 0.00033723931401030655)	(94.0, 0.0)	(95.0, 0.0004496524186804087)	(96.0, 0.0004496524186804087)	(97.0, 0.0)	(98.0, 0.0)	(99.0, 0.001911022779391737)	(100.0, 0.003822045558783475)
2893_NS1_0_Male_week5_S47_L001_R1_001	(0.0, 0.0)	(1.0, 0.0)	(2.0, 0.0)	(3.0, 0.0)	(4.0, 0.0)	(5.0, 0.0)	(6.0, 0.0)	(7.0, 0.0)	(8.0, 0.0)	(9.0, 0.0)	(10.0, 0.0)	(11.0, 0.0)	(12.0, 0.0)	(13.0, 0.0)	(14.0, 0.0)	(15.0, 0.0)	(16.0, 0.0)	(17.0, 0.0)	(18.0, 0.0)	(19.0, 0.0)	(20.0, 0.0)	(21.0, 0.0)	(22.0, 0.0)	(23.0, 0.0)	(24.0, 0.0)	(25.0, 0.0)	(26.0, 0.0)	(27.0, 0.0)	(28.0, 0.0)	(29.0, 0.0)	(30.0, 0.0)	(31.0, 0.0)	(32.0, 0.0)	(33.0, 0.0)	(34.0, 0.0)	(35.0, 0.0)	(36.0, 0.0006455746663588211)	(37.0, 0.0)	(38.0, 0.0)	(39.0, 0.0014525429993073474)	(40.0, 0.002420904998845579)	(41.0, 0.002420904998845579)	(42.0, 0.007262714996536738)	(43.0, 0.036474968649273395)	(44.0, 0.14815938592934946)	(45.0, 0.30567960452090204)	(46.0, 0.6492867206903812)	(47.0, 10.691523443233956)	(48.0, 29.117999751466566)	(49.0, 4.029192886411669)	(50.0, 2.9430135102631496)	(51.0, 17.76750596752516)	(52.0, 21.080433761618025)	(53.0, 7.102128298281022)	(54.0, 3.9822273294340396)	(55.0, 1.2558041197345047)	(56.0, 0.3773383924867324)	(57.0, 0.16978613725236985)	(58.0, 0.1121685982798453)	(59.0, 0.09086463429000417)	(60.0, 0.02646856132071167)	(61.0, 0.016462153992149935)	(62.0, 0.06197516797044674)	(63.0, 0.00548738466404998)	(64.0, 0.004196235331332337)	(65.0, 0.004196235331332337)	(66.0, 0.0025822986654352844)	(67.0, 0.002905085998614695)	(68.0, 0.0019367239990764633)	(69.0, 0.0)	(70.0, 0.0)	(71.0, 0.0)	(72.0, 0.0)	(73.0, 0.0)	(74.0, 0.0)	(75.0, 0.0)	(76.0, 0.0)	(77.0, 0.0)	(78.0, 0.0)	(79.0, 0.0)	(80.0, 0.0)	(81.0, 0.0)	(82.0, 0.0)	(83.0, 0.0)	(84.0, 0.0)	(85.0, 0.0)	(86.0, 0.0)	(87.0, 0.0)	(88.0, 0.0)	(89.0, 0.0)	(90.0, 0.0)	(91.0, 0.0)	(92.0, 0.0)	(93.0, 0.0)	(94.0, 0.0)	(95.0, 0.0)	(96.0, 0.0)	(97.0, 0.0)	(98.0, 0.0)	(99.0, 0.0)	(100.0, 0.0)
2893_NS1_0_Male_week5_S47_L001_R2_001	(0.0, 0.0)	(1.0, 0.0)	(2.0, 0.0)	(3.0, 0.0)	(4.0, 0.0)	(5.0, 0.0)	(6.0, 0.0)	(7.0, 0.0)	(8.0, 0.0)	(9.0, 0.0)	(10.0, 0.0)	(11.0, 0.0)	(12.0, 0.0)	(13.0, 0.0)	(14.0, 0.0)	(15.0, 0.0)	(16.0, 0.0)	(17.0, 0.0)	(18.0, 0.0)	(19.0, 0.0)	(20.0, 0.0)	(21.0, 0.0)	(22.0, 0.0)	(23.0, 0.0)	(24.0, 0.0)	(25.0, 0.0)	(26.0, 0.0)	(27.0, 0.0)	(28.0, 0.0)	(29.0, 0.0)	(30.0, 0.0)	(31.0, 0.0)	(32.0, 0.0)	(33.0, 0.0)	(34.0, 0.0)	(35.0, 0.0)	(36.0, 0.0009325849856926491)	(37.0, 0.0018651699713852982)	(38.0, 0.002797754957077947)	(39.0, 0.002797754957077947)	(40.0, 0.0037303399427705965)	(41.0, 0.008393264871233841)	(42.0, 0.013677913123492183)	(43.0, 0.026112379599394175)	(44.0, 0.04352063266565695)	(45.0, 0.3736557176008567)	(46.0, 5.788555006194811)	(47.0, 5.6600137090001175)	(48.0, 9.872189227710795)	(49.0, 20.243933146095692)	(50.0, 2.587457042804187)	(51.0, 4.090784039740584)	(52.0, 4.251810380603582)	(53.0, 4.378020215334043)	(54.0, 5.609187827279845)	(55.0, 1.7215518835886838)	(56.0, 14.91250021371315)	(57.0, 15.608674905533022)	(58.0, 1.8794696078326476)	(59.0, 0.6845173794984014)	(60.0, 0.5262887935925524)	(61.0, 0.4470190698086793)	(62.0, 0.24418183542052502)	(63.0, 0.19832974029063655)	(64.0, 0.16475668080570105)	(65.0, 0.11828286235201775)	(66.0, 0.10196262510239631)	(67.0, 0.08641954200751881)	(68.0, 0.07087645891264133)	(69.0, 0.05533337581776385)	(70.0, 0.0369925377658084)	(71.0, 0.03357305948493536)	(72.0, 0.06621353398417804)	(73.0, 0.030775304527857424)	(74.0, 0.020516869685238276)	(75.0, 0.014921359771082386)	(76.0, 0.007460679885541193)	(77.0, 0.0009325849856926491)	(78.0, 0.0006217233237950994)	(79.0, 0.0006217233237950994)	(80.0, 0.0009325849856926491)	(81.0, 0.0009325849856926491)	(82.0, 0.0)	(83.0, 0.0)	(84.0, 0.0)	(85.0, 0.0006217233237950994)	(86.0, 0.0)	(87.0, 0.0)	(88.0, 0.0006217233237950994)	(89.0, 0.0006217233237950994)	(90.0, 0.0006217233237950994)	(91.0, 0.0)	(92.0, 0.0006217233237950994)	(93.0, 0.0006217233237950994)	(94.0, 0.0)	(95.0, 0.0)	(96.0, 0.0)	(97.0, 0.0)	(98.0, 0.0)	(99.0, 0.0006217233237950994)	(100.0, 0.0015543083094877483)
2893_NS1_0_Male_week9_S59_L001_R1_001	(0.0, 0.0)	(1.0, 0.0)	(2.0, 0.0)	(3.0, 0.0)	(4.0, 0.0)	(5.0, 0.0)	(6.0, 0.0)	(7.0, 0.0)	(8.0, 0.0)	(9.0, 0.0)	(10.0, 0.0)	(11.0, 0.0)	(12.0, 0.0)	(13.0, 0.0)	(14.0, 0.0)	(15.0, 0.0)	(16.0, 0.0)	(17.0, 0.0)	(18.0, 0.0)	(19.0, 0.0)	(20.0, 0.0)	(21.0, 0.0)	(22.0, 0.0)	(23.0, 0.0)	(24.0, 0.0)	(25.0, 0.0)	(26.0, 0.0)	(27.0, 0.0)	(28.0, 0.0)	(29.0, 0.0)	(30.0, 0.0)	(31.0, 0.0)	(32.0, 0.0)	(33.0, 0.0)	(34.0, 0.0)	(35.0, 0.0003304922020363759)	(36.0, 0.0003304922020363759)	(37.0, 0.0)	(38.0, 0.0)	(39.0, 0.00044065626938183454)	(40.0, 0.0007711484714182103)	(41.0, 0.0026439376162910072)	(42.0, 0.010024930128436735)	(43.0, 0.02754101683636465)	(44.0, 0.10840144226793129)	(45.0, 0.2826809968084478)	(46.0, 0.8144429498849769)	(47.0, 13.829556358281017)	(48.0, 22.394702430334604)	(49.0, 3.7943809715798755)	(50.0, 3.1189650746845667)	(51.0, 20.02551399800283)	(52.0, 23.630302609676757)	(53.0, 7.009739605191077)	(54.0, 2.8504952425635737)	(55.0, 1.116292494411564)	(56.0, 0.305264630614268)	(57.0, 0.14916214718575058)	(58.0, 0.09408011351302172)	(59.0, 0.07303877665003922)	(60.0, 0.03415086087709215)	(61.0, 0.03503217341585581)	(62.0, 0.20666779034008048)	(63.0, 0.04913317403607454)	(64.0, 0.016524610101818802)	(65.0, 0.009914766061091275)	(66.0, 0.007491156579491186)	(67.0, 0.001982953212218255)	(68.0, 0.0)	(69.0, 0.0)	(70.0, 0.0)	(71.0, 0.0)	(72.0, 0.0)	(73.0, 0.0)	(74.0, 0.0)	(75.0, 0.0)	(76.0, 0.0)	(77.0, 0.0)	(78.0, 0.0)	(79.0, 0.0)	(80.0, 0.0)	(81.0, 0.0)	(82.0, 0.0)	(83.0, 0.0)	(84.0, 0.0)	(85.0, 0.0)	(86.0, 0.0)	(87.0, 0.0)	(88.0, 0.0)	(89.0, 0.0)	(90.0, 0.0)	(91.0, 0.0)	(92.0, 0.0)	(93.0, 0.0)	(94.0, 0.0)	(95.0, 0.0)	(96.0, 0.0)	(97.0, 0.0)	(98.0, 0.0)	(99.0, 0.0)	(100.0, 0.0)
2893_NS1_0_Male_week9_S59_L001_R2_001	(0.0, 0.0)	(1.0, 0.0)	(2.0, 0.0)	(3.0, 0.0)	(4.0, 0.0)	(5.0, 0.0)	(6.0, 0.0)	(7.0, 0.0)	(8.0, 0.0)	(9.0, 0.0)	(10.0, 0.0)	(11.0, 0.0)	(12.0, 0.0)	(13.0, 0.0)	(14.0, 0.0)	(15.0, 0.0)	(16.0, 0.0)	(17.0, 0.0)	(18.0, 0.0)	(19.0, 0.0)	(20.0, 0.0)	(21.0, 0.0)	(22.0, 0.0)	(23.0, 0.0)	(24.0, 0.0)	(25.0, 0.0)	(26.0, 0.0)	(27.0, 0.0)	(28.0, 0.0)	(29.0, 0.0)	(30.0, 0.0)	(31.0, 0.0)	(32.0, 0.0)	(33.0, 0.0006486766995328826)	(34.0, 0.0012973533990657652)	(35.0, 0.0012973533990657652)	(36.0, 0.0006486766995328826)	(37.0, 0.0019460300985986478)	(38.0, 0.0038920601971972955)	(39.0, 0.0032433834976644126)	(40.0, 0.006919218128350749)	(41.0, 0.01297353399065765)	(42.0, 0.016000691921811104)	(43.0, 0.022703684483650892)	(44.0, 0.04692094793287851)	(45.0, 0.4562359453381248)	(46.0, 7.557732226256551)	(47.0, 8.076889811448899)	(48.0, 9.661606988406305)	(49.0, 11.995761978893706)	(50.0, 1.6572608545232428)	(51.0, 3.353550423801817)	(52.0, 3.7440537969207917)	(53.0, 5.101301677910709)	(54.0, 6.473793461338088)	(55.0, 1.7648330738624267)	(56.0, 16.924515654736638)	(57.0, 17.96488496800602)	(58.0, 2.0457100847601097)	(59.0, 0.6871648503718288)	(60.0, 0.4943997578273086)	(61.0, 0.41774779449917454)	(62.0, 0.23330738626532702)	(63.0, 0.16930461857808232)	(64.0, 0.16735858847948346)	(65.0, 0.12216744507869273)	(66.0, 0.09795018162946523)	(67.0, 0.12951911434006552)	(68.0, 0.11546445251685311)	(69.0, 0.055353745026806005)	(70.0, 0.045191143400790834)	(71.0, 0.058164677391448545)	(72.0, 0.17557516000689946)	(73.0, 0.06357031655422261)	(74.0, 0.01924407541947552)	(75.0, 0.014054661823212458)	(76.0, 0.011027503892059004)	(77.0, 0.006486766995328825)	(78.0, 0.0030271579311534525)	(79.0, 0.0012973533990657652)	(80.0, 0.0006486766995328826)	(81.0, 0.00043245113302192175)	(82.0, 0.0006486766995328826)	(83.0, 0.0012973533990657652)	(84.0, 0.0006486766995328826)	(85.0, 0.00043245113302192175)	(86.0, 0.00043245113302192175)	(87.0, 0.00043245113302192175)	(88.0, 0.0008649022660438435)	(89.0, 0.00043245113302192175)	(90.0, 0.00043245113302192175)	(91.0, 0.00043245113302192175)	(92.0, 0.0)	(93.0, 0.0008649022660438435)	(94.0, 0.00043245113302192175)	(95.0, 0.0006486766995328826)	(96.0, 0.001729804532087687)	(97.0, 0.0006486766995328826)	(98.0, 0.00043245113302192175)	(99.0, 0.00043245113302192175)	(100.0, 0.003675834630686335)
2893_NS1_R_Male_week5_S48_L001_R1_001	(0.0, 0.0)	(1.0, 0.0)	(2.0, 0.0)	(3.0, 0.0)	(4.0, 0.0)	(5.0, 0.0)	(6.0, 0.0)	(7.0, 0.0)	(8.0, 0.0)	(9.0, 0.0)	(10.0, 0.0)	(11.0, 0.0)	(12.0, 0.0)	(13.0, 0.0)	(14.0, 0.0)	(15.0, 0.0)	(16.0, 0.0)	(17.0, 0.0)	(18.0, 0.0)	(19.0, 0.0)	(20.0, 0.0)	(21.0, 0.0)	(22.0, 0.0)	(23.0, 0.0)	(24.0, 0.0)	(25.0, 0.0)	(26.0, 0.0)	(27.0, 0.0)	(28.0, 0.0)	(29.0, 0.0)	(30.0, 0.0)	(31.0, 0.0)	(32.0, 0.0)	(33.0, 0.0)	(34.0, 0.0)	(35.0, 0.0)	(36.0, 0.0)	(37.0, 0.0)	(38.0, 0.00047961937406469895)	(39.0, 0.00047961937406469895)	(40.0, 0.0028777162443881935)	(41.0, 0.008313402483788113)	(42.0, 0.012150357476305705)	(43.0, 0.053077877396493334)	(44.0, 0.18833054088273843)	(45.0, 0.45979510660336054)	(46.0, 1.0669932341692567)	(47.0, 12.621343701634352)	(48.0, 33.32107639378685)	(49.0, 5.120896056888977)	(50.0, 2.4614066277000086)	(51.0, 12.64708327470913)	(52.0, 17.634805018733363)	(53.0, 8.148093672861611)	(54.0, 4.158299973140693)	(55.0, 1.20352488265302)	(56.0, 0.36003427679790184)	(57.0, 0.17506107153361491)	(58.0, 0.09976082980545746)	(59.0, 0.08601174108226943)	(60.0, 0.039328788673305304)	(61.0, 0.025579699950117284)	(62.0, 0.07897732359598712)	(63.0, 0.009592387481293976)	(64.0, 0.007673909985035183)	(65.0, 0.004476447491270522)	(66.0, 0.0028777162443881935)	(67.0, 0.0015987312468823294)	(68.0, 0.0)	(69.0, 0.0)	(70.0, 0.0)	(71.0, 0.0)	(72.0, 0.0)	(73.0, 0.0)	(74.0, 0.0)	(75.0, 0.0)	(76.0, 0.0)	(77.0, 0.0)	(78.0, 0.0)	(79.0, 0.0)	(80.0, 0.0)	(81.0, 0.0)	(82.0, 0.0)	(83.0, 0.0)	(84.0, 0.0)	(85.0, 0.0)	(86.0, 0.0)	(87.0, 0.0)	(88.0, 0.0)	(89.0, 0.0)	(90.0, 0.0)	(91.0, 0.0)	(92.0, 0.0)	(93.0, 0.0)	(94.0, 0.0)	(95.0, 0.0)	(96.0, 0.0)	(97.0, 0.0)	(98.0, 0.0)	(99.0, 0.0)	(100.0, 0.0)
2893_NS1_R_Male_week5_S48_L001_R2_001	(0.0, 0.0)	(1.0, 0.0)	(2.0, 0.0)	(3.0, 0.0)	(4.0, 0.0)	(5.0, 0.0)	(6.0, 0.0)	(7.0, 0.0)	(8.0, 0.0)	(9.0, 0.0)	(10.0, 0.0)	(11.0, 0.0)	(12.0, 0.0)	(13.0, 0.0)	(14.0, 0.0)	(15.0, 0.0)	(16.0, 0.0)	(17.0, 0.0)	(18.0, 0.0)	(19.0, 0.0)	(20.0, 0.0)	(21.0, 0.0)	(22.0, 0.0)	(23.0, 0.0)	(24.0, 0.0)	(25.0, 0.0)	(26.0, 0.0)	(27.0, 0.0)	(28.0, 0.0)	(29.0, 0.0)	(30.0, 0.0)	(31.0, 0.0)	(32.0, 0.0)	(33.0, 0.0)	(34.0, 0.0)	(35.0, 0.0)	(36.0, 0.0018417647790111426)	(37.0, 0.0027626471685167136)	(38.0, 0.0027626471685167136)	(39.0, 0.004604411947527857)	(40.0, 0.004604411947527857)	(41.0, 0.0070600983195427125)	(42.0, 0.013813235842583566)	(43.0, 0.024249902923646708)	(44.0, 0.051108972617559194)	(45.0, 0.4825423721009237)	(46.0, 7.318866270995043)	(47.0, 6.318481035195034)	(48.0, 11.074224655395668)	(49.0, 22.440675989072624)	(50.0, 2.946363205222926)	(51.0, 4.721210530596902)	(52.0, 4.987499021562387)	(53.0, 5.640251155323878)	(54.0, 6.193241030222218)	(55.0, 1.5635048169822494)	(56.0, 11.033859310655744)	(57.0, 11.360005156938657)	(58.0, 1.4319721156811933)	(59.0, 0.5408649234362721)	(60.0, 0.407336976957966)	(61.0, 0.3259923658849737)	(62.0, 0.19292486060141698)	(63.0, 0.16468446732324618)	(64.0, 0.156243045419445)	(65.0, 0.09792049408409245)	(66.0, 0.07489843434645314)	(67.0, 0.09086039576454973)	(68.0, 0.0736705911604457)	(69.0, 0.04021186434174327)	(70.0, 0.026398628499159714)	(71.0, 0.028854314871174583)	(72.0, 0.06722441443390667)	(73.0, 0.030389118853683863)	(74.0, 0.021180294958628137)	(75.0, 0.01657588301110028)	(76.0, 0.006446176726538998)	(77.0, 0.0015348039825092853)	(78.0, 0.0018417647790111426)	(79.0, 0.0018417647790111426)	(80.0, 0.0006139215930037141)	(81.0, 0.0006139215930037141)	(82.0, 0.0)	(83.0, 0.0)	(84.0, 0.0006139215930037141)	(85.0, 0.0006139215930037141)	(86.0, 0.0)	(87.0, 0.0)	(88.0, 0.0)	(89.0, 0.0)	(90.0, 0.0)	(91.0, 0.0)	(92.0, 0.0)	(93.0, 0.0)	(94.0, 0.0)	(95.0, 0.0)	(96.0, 0.0)	(97.0, 0.0)	(98.0, 0.0009208823895055713)	(99.0, 0.0013813235842583568)	(100.0, 0.0018417647790111426)
2893_NS1_R_Male_week9_S60_L001_R1_001	(0.0, 0.0)	(1.0, 0.0)	(2.0, 0.0)	(3.0, 0.0)	(4.0, 0.0)	(5.0, 0.0)	(6.0, 0.0)	(7.0, 0.0)	(8.0, 0.0)	(9.0, 0.0)	(10.0, 0.0)	(11.0, 0.0)	(12.0, 0.0)	(13.0, 0.0)	(14.0, 0.0)	(15.0, 0.0)	(16.0, 0.0)	(17.0, 0.0)	(18.0, 0.0)	(19.0, 0.0)	(20.0, 0.0)	(21.0, 0.0)	(22.0, 0.0)	(23.0, 0.0)	(24.0, 0.0)	(25.0, 0.0)	(26.0, 0.0)	(27.0, 0.0)	(28.0, 0.0)	(29.0, 0.0)	(30.0, 0.0)	(31.0, 0.0)	(32.0, 0.0)	(33.0, 0.0)	(34.0, 0.0)	(35.0, 0.0002663302619535769)	(36.0, 0.0)	(37.0, 0.0)	(38.0, 0.0003551070159381025)	(39.0, 0.0008877675398452562)	(40.0, 0.0005326605239071538)	(41.0, 0.0013316513097678844)	(42.0, 0.00994299644626687)	(43.0, 0.031071863894583975)	(44.0, 0.10182693682025086)	(45.0, 0.21457341438059882)	(46.0, 0.636085442299125)	(47.0, 12.902990977623329)	(48.0, 21.95262694853587)	(49.0, 4.1825392104736485)	(50.0, 2.9889357531511727)	(51.0, 18.92968969861969)	(52.0, 23.68927780997486)	(53.0, 8.324329890864277)	(54.0, 3.668077921133091)	(55.0, 1.304929506818542)	(56.0, 0.3253668033532863)	(57.0, 0.15997571068011518)	(58.0, 0.10599944425752342)	(59.0, 0.09632277807321012)	(60.0, 0.027520793735202928)	(61.0, 0.03764134368943884)	(62.0, 0.22815625774023268)	(63.0, 0.042612841912572315)	(64.0, 0.016512476241121773)	(65.0, 0.007634800842669202)	(66.0, 0.007368470580715626)	(67.0, 0.003906177175319128)	(68.0, 0.000710214031876205)	(69.0, 0.0)	(70.0, 0.0)	(71.0, 0.0)	(72.0, 0.0)	(73.0, 0.0)	(74.0, 0.0)	(75.0, 0.0)	(76.0, 0.0)	(77.0, 0.0)	(78.0, 0.0)	(79.0, 0.0)	(80.0, 0.0)	(81.0, 0.0)	(82.0, 0.0)	(83.0, 0.0)	(84.0, 0.0)	(85.0, 0.0)	(86.0, 0.0)	(87.0, 0.0)	(88.0, 0.0)	(89.0, 0.0)	(90.0, 0.0)	(91.0, 0.0)	(92.0, 0.0)	(93.0, 0.0)	(94.0, 0.0)	(95.0, 0.0)	(96.0, 0.0)	(97.0, 0.0)	(98.0, 0.0)	(99.0, 0.0)	(100.0, 0.0)
2893_NS1_R_Male_week9_S60_L001_R2_001	(0.0, 0.0)	(1.0, 0.0)	(2.0, 0.0)	(3.0, 0.0)	(4.0, 0.0)	(5.0, 0.0)	(6.0, 0.0)	(7.0, 0.0)	(8.0, 0.0)	(9.0, 0.0)	(10.0, 0.0)	(11.0, 0.0)	(12.0, 0.0)	(13.0, 0.0)	(14.0, 0.0)	(15.0, 0.0)	(16.0, 0.0)	(17.0, 0.0)	(18.0, 0.0)	(19.0, 0.0)	(20.0, 0.0)	(21.0, 0.0)	(22.0, 0.0)	(23.0, 0.0)	(24.0, 0.0)	(25.0, 0.0)	(26.0, 0.0)	(27.0, 0.0)	(28.0, 0.0)	(29.0, 0.0)	(30.0, 0.0)	(31.0, 0.0)	(32.0, 0.0)	(33.0, 0.000519245847331248)	(34.0, 0.000519245847331248)	(35.0, 0.0)	(36.0, 0.000519245847331248)	(37.0, 0.001557737541993744)	(38.0, 0.001038491694662496)	(39.0, 0.001038491694662496)	(40.0, 0.004153966778649984)	(41.0, 0.008134851608189551)	(42.0, 0.01263498228506037)	(43.0, 0.019731342198587423)	(44.0, 0.03530871761852485)	(45.0, 0.4231853655749616)	(46.0, 6.772783209663624)	(47.0, 8.447870313152713)	(48.0, 9.883671622000598)	(49.0, 11.116534345516332)	(50.0, 1.5772092612685993)	(51.0, 4.054271575963067)	(52.0, 4.6157494188770265)	(53.0, 5.908671578730651)	(54.0, 7.044262246843069)	(55.0, 1.7602434224528347)	(56.0, 15.92120271185548)	(57.0, 17.08569806547204)	(58.0, 2.0216837065840805)	(59.0, 0.6700002250064248)	(60.0, 0.5329193213109645)	(61.0, 0.4502726906107422)	(62.0, 0.25365159642131496)	(63.0, 0.19575568444388072)	(64.0, 0.17862057148195)	(65.0, 0.13015762573103268)	(66.0, 0.11267634887088077)	(67.0, 0.1404560017031026)	(68.0, 0.13067687157836405)	(69.0, 0.06905969769505599)	(70.0, 0.054866977868001925)	(71.0, 0.07217517277904353)	(72.0, 0.1798321451257228)	(73.0, 0.055213141766222835)	(74.0, 0.018519768554814506)	(75.0, 0.012288818386839536)	(76.0, 0.007269441862637472)	(77.0, 0.002076983389324992)	(78.0, 0.0019039014402145759)	(79.0, 0.002942393134877072)	(80.0, 0.001557737541993744)	(81.0, 0.0)	(82.0, 0.0012115736437729118)	(83.0, 0.0012115736437729118)	(84.0, 0.0)	(85.0, 0.00086540974555208)	(86.0, 0.00086540974555208)	(87.0, 0.0)	(88.0, 0.0)	(89.0, 0.0)	(90.0, 0.000346163898220832)	(91.0, 0.0)	(92.0, 0.000346163898220832)	(93.0, 0.000346163898220832)	(94.0, 0.0)	(95.0, 0.0)	(96.0, 0.0)	(97.0, 0.00086540974555208)	(98.0, 0.00086540974555208)	(99.0, 0.001125032669217704)	(100.0, 0.00086540974555208)
2999_NS1_0_Female_week5_S41_L001_R1_001	(0.0, 0.0)	(1.0, 0.0)	(2.0, 0.0)	(3.0, 0.0)	(4.0, 0.0)	(5.0, 0.0)	(6.0, 0.0)	(7.0, 0.0)	(8.0, 0.0)	(9.0, 0.0)	(10.0, 0.0)	(11.0, 0.0)	(12.0, 0.0)	(13.0, 0.0)	(14.0, 0.0)	(15.0, 0.0)	(16.0, 0.0)	(17.0, 0.0)	(18.0, 0.0)	(19.0, 0.0)	(20.0, 0.0)	(21.0, 0.0)	(22.0, 0.0)	(23.0, 0.0)	(24.0, 0.0)	(25.0, 0.0)	(26.0, 0.0)	(27.0, 0.0)	(28.0, 0.0)	(29.0, 0.0)	(30.0, 0.0)	(31.0, 0.0)	(32.0, 0.0)	(33.0, 0.0)	(34.0, 0.0)	(35.0, 0.0)	(36.0, 0.0)	(37.0, 0.000780775739736171)	(38.0, 0.0013663575445382991)	(39.0, 0.0005855818048021282)	(40.0, 0.0)	(41.0, 0.002342327219208513)	(42.0, 0.01288279970564682)	(43.0, 0.036501265832666)	(44.0, 0.15361762679309166)	(45.0, 0.2933764842058657)	(46.0, 0.5949511136789674)	(47.0, 10.25919802619948)	(48.0, 31.187306148036413)	(49.0, 4.4582294738931845)	(50.0, 3.0171126522754657)	(51.0, 16.20988032659334)	(52.0, 19.51236651174033)	(53.0, 7.931510352110857)	(54.0, 4.287239586891007)	(55.0, 1.1762386519125196)	(56.0, 0.33592876202148714)	(57.0, 0.16591484469393641)	(58.0, 0.10189123403557038)	(59.0, 0.06656113181250851)	(60.0, 0.02908389630517237)	(61.0, 0.02810792663050216)	(62.0, 0.09876813107662571)	(63.0, 0.01951939349340427)	(64.0, 0.0035134908288127686)	(65.0, 0.006246205917889368)	(66.0, 0.00429426656854894)	(67.0, 0.0)	(68.0, 0.0011711636096042564)	(69.0, 0.002342327219208513)	(70.0, 0.0011711636096042564)	(71.0, 0.0)	(72.0, 0.0)	(73.0, 0.0)	(74.0, 0.0)	(75.0, 0.0)	(76.0, 0.0)	(77.0, 0.0)	(78.0, 0.0)	(79.0, 0.0)	(80.0, 0.0)	(81.0, 0.0)	(82.0, 0.0)	(83.0, 0.0)	(84.0, 0.0)	(85.0, 0.0)	(86.0, 0.0)	(87.0, 0.0)	(88.0, 0.0)	(89.0, 0.0)	(90.0, 0.0)	(91.0, 0.0)	(92.0, 0.0)	(93.0, 0.0)	(94.0, 0.0)	(95.0, 0.0)	(96.0, 0.0)	(97.0, 0.0)	(98.0, 0.0)	(99.0, 0.0)	(100.0, 0.0)
2999_NS1_0_Female_week5_S41_L001_R2_001	(0.0, 0.0)	(1.0, 0.0)	(2.0, 0.0)	(3.0, 0.0)	(4.0, 0.0)	(5.0, 0.0)	(6.0, 0.0)	(7.0, 0.0)	(8.0, 0.0)	(9.0, 0.0)	(10.0, 0.0)	(11.0, 0.0)	(12.0, 0.0)	(13.0, 0.0)	(14.0, 0.0)	(15.0, 0.0)	(16.0, 0.0)	(17.0, 0.0)	(18.0, 0.0)	(19.0, 0.0)	(20.0, 0.0)	(21.0, 0.0)	(22.0, 0.0)	(23.0, 0.0)	(24.0, 0.0)	(25.0, 0.0)	(26.0, 0.0)	(27.0, 0.0)	(28.0, 0.0)	(29.0, 0.0)	(30.0, 0.0)	(31.0, 0.0)	(32.0, 0.0)	(33.0, 0.0)	(34.0, 0.0)	(35.0, 0.0)	(36.0, 0.0011367554725303817)	(37.0, 0.0018945924542173027)	(38.0, 0.000757836981686921)	(39.0, 0.000757836981686921)	(40.0, 0.004168103399278066)	(41.0, 0.005683777362651908)	(42.0, 0.010609717743616893)	(43.0, 0.017809169069642646)	(44.0, 0.028797805304103006)	(45.0, 0.34254231572248806)	(46.0, 5.755392957421397)	(47.0, 5.102516397697823)	(48.0, 10.39335528534598)	(49.0, 22.149301463763287)	(50.0, 2.598054632468225)	(51.0, 3.4464531334665476)	(52.0, 3.7069595959213664)	(53.0, 4.665433918509691)	(54.0, 6.101724458052471)	(55.0, 1.6964180835062075)	(56.0, 14.961596610950634)	(57.0, 14.75338090023238)	(58.0, 1.638443554407146)	(59.0, 0.5723563804190497)	(60.0, 0.47004838789131437)	(61.0, 0.4071479184112995)	(62.0, 0.23739243451342784)	(63.0, 0.17013440238871372)	(64.0, 0.1388736268941284)	(65.0, 0.0875301713848394)	(66.0, 0.07161559476941402)	(67.0, 0.0951085412017086)	(68.0, 0.0776782906229094)	(69.0, 0.04433346342868487)	(70.0, 0.04395454493784141)	(71.0, 0.033723745685068)	(72.0, 0.08336206798556127)	(73.0, 0.033723745685068)	(74.0, 0.018188087560486104)	(75.0, 0.012125391706990736)	(76.0, 0.0068205328351822895)	(77.0, 0.0022735109450607634)	(78.0, 0.0)	(79.0, 0.0)	(80.0, 0.0)	(81.0, 0.0)	(82.0, 0.000757836981686921)	(83.0, 0.0)	(84.0, 0.0)	(85.0, 0.0)	(86.0, 0.000757836981686921)	(87.0, 0.0)	(88.0, 0.0)	(89.0, 0.0)	(90.0, 0.0)	(91.0, 0.0)	(92.0, 0.0)	(93.0, 0.0)	(94.0, 0.0)	(95.0, 0.0)	(96.0, 0.0005683777362651909)	(97.0, 0.0)	(98.0, 0.0)	(99.0, 0.0026524294359042233)	(100.0, 0.005683777362651908)
2999_NS1_0_Female_week9_S53_L001_R1_001	(0.0, 0.0)	(1.0, 0.0)	(2.0, 0.0)	(3.0, 0.0)	(4.0, 0.0)	(5.0, 0.0)	(6.0, 0.0)	(7.0, 0.0)	(8.0, 0.0)	(9.0, 0.0)	(10.0, 0.0)	(11.0, 0.0)	(12.0, 0.0)	(13.0, 0.0)	(14.0, 0.0)	(15.0, 0.0)	(16.0, 0.0)	(17.0, 0.0)	(18.0, 0.0)	(19.0, 0.0)	(20.0, 0.0)	(21.0, 0.0)	(22.0, 0.0)	(23.0, 0.0)	(24.0, 0.0)	(25.0, 0.0)	(26.0, 0.0)	(27.0, 0.0)	(28.0, 0.0)	(29.0, 0.0)	(30.0, 0.0)	(31.0, 0.0)	(32.0, 0.0)	(33.0, 0.0)	(34.0, 0.0)	(35.0, 0.0)	(36.0, 0.0)	(37.0, 0.0005014869086841949)	(38.0, 0.001504460726052585)	(39.0, 0.0020059476347367797)	(40.0, 0.0010029738173683899)	(41.0, 0.0035104083607893645)	(42.0, 0.0075223036302629245)	(43.0, 0.034268272093419996)	(44.0, 0.11049428221341766)	(45.0, 0.29788322375841186)	(46.0, 0.7963612109904921)	(47.0, 13.945180794383491)	(48.0, 22.428333341693968)	(49.0, 3.940851290742971)	(50.0, 2.165253309395523)	(51.0, 20.803181432948428)	(52.0, 23.855899408417507)	(53.0, 6.116802987524543)	(54.0, 3.2073431056410544)	(55.0, 1.2421830728107526)	(56.0, 0.3769509930276211)	(57.0, 0.17401595731341565)	(58.0, 0.096619811073155)	(59.0, 0.0810737169039449)	(60.0, 0.03978462808894614)	(61.0, 0.03443543439631474)	(62.0, 0.18220691015525708)	(63.0, 0.024740020828420292)	(64.0, 0.014041633443157456)	(65.0, 0.006686492115789267)	(66.0, 0.0030089214521051696)	(67.0, 0.0026745968463157068)	(68.0, 0.002340272240526243)	(69.0, 0.0006686492115789267)	(70.0, 0.0006686492115789267)	(71.0, 0.0)	(72.0, 0.0)	(73.0, 0.0)	(74.0, 0.0)	(75.0, 0.0)	(76.0, 0.0)	(77.0, 0.0)	(78.0, 0.0)	(79.0, 0.0)	(80.0, 0.0)	(81.0, 0.0)	(82.0, 0.0)	(83.0, 0.0)	(84.0, 0.0)	(85.0, 0.0)	(86.0, 0.0)	(87.0, 0.0)	(88.0, 0.0)	(89.0, 0.0)	(90.0, 0.0)	(91.0, 0.0)	(92.0, 0.0)	(93.0, 0.0)	(94.0, 0.0)	(95.0, 0.0)	(96.0, 0.0)	(97.0, 0.0)	(98.0, 0.0)	(99.0, 0.0)	(100.0, 0.0)
2999_NS1_0_Female_week9_S53_L001_R2_001	(0.0, 0.0)	(1.0, 0.0)	(2.0, 0.0)	(3.0, 0.0)	(4.0, 0.0)	(5.0, 0.0)	(6.0, 0.0)	(7.0, 0.0)	(8.0, 0.0)	(9.0, 0.0)	(10.0, 0.0)	(11.0, 0.0)	(12.0, 0.0)	(13.0, 0.0)	(14.0, 0.0)	(15.0, 0.0)	(16.0, 0.0)	(17.0, 0.0)	(18.0, 0.0)	(19.0, 0.0)	(20.0, 0.0)	(21.0, 0.0)	(22.0, 0.0)	(23.0, 0.0)	(24.0, 0.0)	(25.0, 0.0)	(26.0, 0.0)	(27.0, 0.0)	(28.0, 0.0)	(29.0, 0.0)	(30.0, 0.0)	(31.0, 0.0)	(32.0, 0.0)	(33.0, 0.0)	(34.0, 0.0)	(35.0, 0.0)	(36.0, 0.00196773569374165)	(37.0, 0.00196773569374165)	(38.0, 0.0)	(39.0, 0.000983867846870825)	(40.0, 0.0039354713874833)	(41.0, 0.006887074928095775)	(42.0, 0.013446193907234609)	(43.0, 0.015413929600976256)	(44.0, 0.029516035406124765)	(45.0, 0.5250574742800677)	(46.0, 8.188076177609302)	(47.0, 8.887606216733829)	(48.0, 10.004296222931217)	(49.0, 10.345698365795085)	(50.0, 1.5876347489005953)	(51.0, 3.8685683738957533)	(52.0, 4.357714671765144)	(53.0, 3.333672221147105)	(54.0, 3.7042624434683673)	(55.0, 1.4951511712947272)	(56.0, 18.274361387776793)	(57.0, 19.33513490467994)	(58.0, 2.206487624582332)	(59.0, 0.8084114141788563)	(60.0, 0.6778849464939949)	(61.0, 0.5936002676120637)	(62.0, 0.3289398168038129)	(63.0, 0.23629226122347632)	(64.0, 0.18939456052263356)	(65.0, 0.13610171881713082)	(66.0, 0.11216093454327408)	(67.0, 0.1272469081952934)	(68.0, 0.12757486414425032)	(69.0, 0.08461263483089097)	(70.0, 0.0528009077820676)	(71.0, 0.06460732194451746)	(72.0, 0.1682414018149108)	(73.0, 0.058048202965378604)	(74.0, 0.02098918073324427)	(75.0, 0.008854810621837426)	(76.0, 0.002951603540612475)	(77.0, 0.000983867846870825)	(78.0, 0.00196773569374165)	(79.0, 0.002951603540612475)	(80.0, 0.00196773569374165)	(81.0, 0.000983867846870825)	(82.0, 0.0)	(83.0, 0.0)	(84.0, 0.0)	(85.0, 0.0006559118979138832)	(86.0, 0.0006559118979138832)	(87.0, 0.0)	(88.0, 0.0)	(89.0, 0.0)	(90.0, 0.0)	(91.0, 0.0)	(92.0, 0.0)	(93.0, 0.0004919339234354125)	(94.0, 0.0004919339234354125)	(95.0, 0.0)	(96.0, 0.0)	(97.0, 0.0006559118979138832)	(98.0, 0.0011478458213492956)	(99.0, 0.0004919339234354125)	(100.0, 0.0)
2999_NS1_R_Female_week5_S42_L001_R1_001	(0.0, 0.0)	(1.0, 0.0)	(2.0, 0.0)	(3.0, 0.0)	(4.0, 0.0)	(5.0, 0.0)	(6.0, 0.0)	(7.0, 0.0)	(8.0, 0.0)	(9.0, 0.0)	(10.0, 0.0)	(11.0, 0.0)	(12.0, 0.0)	(13.0, 0.0)	(14.0, 0.0)	(15.0, 0.0)	(16.0, 0.0)	(17.0, 0.0)	(18.0, 0.0)	(19.0, 0.0)	(20.0, 0.0)	(21.0, 0.0)	(22.0, 0.0)	(23.0, 0.0)	(24.0, 0.0)	(25.0, 0.0)	(26.0, 0.0)	(27.0, 0.0)	(28.0, 0.0)	(29.0, 0.0)	(30.0, 0.0)	(31.0, 0.0)	(32.0, 0.0)	(33.0, 0.0)	(34.0, 0.0)	(35.0, 0.0)	(36.0, 0.0)	(37.0, 0.0)	(38.0, 0.0)	(39.0, 0.0)	(40.0, 0.0004633895244621618)	(41.0, 0.004016042545338736)	(42.0, 0.008495474615139633)	(43.0, 0.031278792901195916)	(44.0, 0.11994065524828952)	(45.0, 0.28343992579602245)	(46.0, 0.6937713497072799)	(47.0, 9.678971460617024)	(48.0, 25.634631261632485)	(49.0, 3.908845102013732)	(50.0, 3.226581258830451)	(51.0, 19.413935822100193)	(52.0, 22.397546506926457)	(53.0, 7.944195544202406)	(54.0, 4.623391748733749)	(55.0, 1.1795580345184242)	(56.0, 0.33788819492032424)	(57.0, 0.16875101849163768)	(58.0, 0.08951140980860742)	(59.0, 0.05753753262071854)	(60.0, 0.026567666069163914)	(61.0, 0.026876592418805353)	(62.0, 0.10812422237450388)	(63.0, 0.021779307649721587)	(64.0, 0.006950842866932424)	(65.0, 0.003707116195697294)	(66.0, 0.002316947622310809)	(67.0, 0.0004633895244621618)	(68.0, 0.0004633895244621618)	(69.0, 0.0)	(70.0, 0.0)	(71.0, 0.0)	(72.0, 0.0)	(73.0, 0.0)	(74.0, 0.0)	(75.0, 0.0)	(76.0, 0.0)	(77.0, 0.0)	(78.0, 0.0)	(79.0, 0.0)	(80.0, 0.0)	(81.0, 0.0)	(82.0, 0.0)	(83.0, 0.0)	(84.0, 0.0)	(85.0, 0.0)	(86.0, 0.0)	(87.0, 0.0)	(88.0, 0.0)	(89.0, 0.0)	(90.0, 0.0)	(91.0, 0.0)	(92.0, 0.0)	(93.0, 0.0)	(94.0, 0.0)	(95.0, 0.0)	(96.0, 0.0)	(97.0, 0.0)	(98.0, 0.0)	(99.0, 0.0)	(100.0, 0.0)
2999_NS1_R_Female_week5_S42_L001_R2_001	(0.0, 0.0)	(1.0, 0.0)	(2.0, 0.0)	(3.0, 0.0)	(4.0, 0.0)	(5.0, 0.0)	(6.0, 0.0)	(7.0, 0.0)	(8.0, 0.0)	(9.0, 0.0)	(10.0, 0.0)	(11.0, 0.0)	(12.0, 0.0)	(13.0, 0.0)	(14.0, 0.0)	(15.0, 0.0)	(16.0, 0.0)	(17.0, 0.0)	(18.0, 0.0)	(19.0, 0.0)	(20.0, 0.0)	(21.0, 0.0)	(22.0, 0.0)	(23.0, 0.0)	(24.0, 0.0)	(25.0, 0.0)	(26.0, 0.0)	(27.0, 0.0)	(28.0, 0.0)	(29.0, 0.0004520914882475141)	(30.0, 0.0004520914882475141)	(31.0, 0.0)	(32.0, 0.0)	(33.0, 0.0)	(34.0, 0.0)	(35.0, 0.0009041829764950282)	(36.0, 0.0013562744647425422)	(37.0, 0.0004520914882475141)	(38.0, 0.0013562744647425422)	(39.0, 0.0031646404177325988)	(40.0, 0.004370217719725971)	(41.0, 0.004520914882475141)	(42.0, 0.010398104229692824)	(43.0, 0.01612459641416134)	(44.0, 0.026974792132101657)	(45.0, 0.3051617545670707)	(46.0, 5.048656346422196)	(47.0, 4.995158853646288)	(48.0, 9.195088779466735)	(49.0, 18.16812528962008)	(50.0, 2.112472827417843)	(51.0, 3.632253713743921)	(52.0, 3.9181262314789334)	(53.0, 4.571398431995997)	(54.0, 6.207969619450518)	(55.0, 1.7847064984383079)	(56.0, 17.789347971051367)	(57.0, 17.539718120958273)	(58.0, 1.817784525661751)	(59.0, 0.6128853609008841)	(60.0, 0.5316595901790765)	(61.0, 0.47183281656765064)	(62.0, 0.25000659300087547)	(63.0, 0.17390452581254387)	(64.0, 0.1390934812174855)	(65.0, 0.09825455011245965)	(66.0, 0.08137646788455252)	(67.0, 0.08845923453376357)	(68.0, 0.07173184946860554)	(69.0, 0.048825880730731526)	(70.0, 0.05229191547396249)	(71.0, 0.055155161566196785)	(72.0, 0.10096709904194427)	(73.0, 0.02998873538708508)	(74.0, 0.012658561670930395)	(75.0, 0.008740435439451941)	(76.0, 0.004370217719725969)	(77.0, 0.0012055773019933708)	(78.0, 0.0010548801392441993)	(79.0, 0.0)	(80.0, 0.0007534858137458567)	(81.0, 0.0009041829764950282)	(82.0, 0.0007534858137458567)	(83.0, 0.0003013943254983427)	(84.0, 0.0)	(85.0, 0.0)	(86.0, 0.0003013943254983427)	(87.0, 0.0006027886509966854)	(88.0, 0.0006027886509966854)	(89.0, 0.0003013943254983427)	(90.0, 0.0)	(91.0, 0.0)	(92.0, 0.0)	(93.0, 0.0)	(94.0, 0.0)	(95.0, 0.0)	(96.0, 0.0003013943254983427)	(97.0, 0.0015069716274917135)	(98.0, 0.0013562744647425422)	(99.0, 0.0004520914882475141)	(100.0, 0.0009041829764950282)
2999_NS1_R_Female_week9_S54_L001_R1_001	(0.0, 0.0)	(1.0, 0.0)	(2.0, 0.0)	(3.0, 0.0)	(4.0, 0.0)	(5.0, 0.0)	(6.0, 0.0)	(7.0, 0.0)	(8.0, 0.0)	(9.0, 0.0)	(10.0, 0.0)	(11.0, 0.0)	(12.0, 0.0)	(13.0, 0.0)	(14.0, 0.0)	(15.0, 0.0)	(16.0, 0.0)	(17.0, 0.0)	(18.0, 0.0)	(19.0, 0.0)	(20.0, 0.0)	(21.0, 0.0)	(22.0, 0.0)	(23.0, 0.0)	(24.0, 0.0)	(25.0, 0.0)	(26.0, 0.0)	(27.0, 0.0)	(28.0, 0.0)	(29.0, 0.0)	(30.0, 0.0)	(31.0, 0.0)	(32.0, 0.0)	(33.0, 0.0)	(34.0, 0.0)	(35.0, 0.0)	(36.0, 0.0)	(37.0, 0.0)	(38.0, 0.0)	(39.0, 0.0006503536297859832)	(40.0, 0.0010839227163099718)	(41.0, 0.0013007072595719665)	(42.0, 0.004552475408501882)	(43.0, 0.026664498821225308)	(44.0, 0.09506002222038455)	(45.0, 0.2083299460747767)	(46.0, 0.6923014389071679)	(47.0, 13.994201013465336)	(48.0, 23.54063355282734)	(49.0, 4.123242012843547)	(50.0, 2.3982874021072704)	(51.0, 20.186976668570303)	(52.0, 23.141749993226664)	(53.0, 5.746091103702993)	(54.0, 3.6784001300697375)	(55.0, 1.2275424762210887)	(56.0, 0.30815922824692754)	(57.0, 0.15120721892524058)	(58.0, 0.09907053627073147)	(59.0, 0.08844809365089384)	(60.0, 0.030783405143203192)	(61.0, 0.03067501287157219)	(62.0, 0.1671408828549968)	(63.0, 0.03750372598432499)	(64.0, 0.010405658076575727)	(65.0, 0.00541961358154986)	(66.0, 0.002384629975881938)	(67.0, 0.0)	(68.0, 0.0006503536297859832)	(69.0, 0.0006503536297859832)	(70.0, 0.00043356908652398873)	(71.0, 0.0)	(72.0, 0.0)	(73.0, 0.0)	(74.0, 0.0)	(75.0, 0.0)	(76.0, 0.0)	(77.0, 0.0)	(78.0, 0.0)	(79.0, 0.0)	(80.0, 0.0)	(81.0, 0.0)	(82.0, 0.0)	(83.0, 0.0)	(84.0, 0.0)	(85.0, 0.0)	(86.0, 0.0)	(87.0, 0.0)	(88.0, 0.0)	(89.0, 0.0)	(90.0, 0.0)	(91.0, 0.0)	(92.0, 0.0)	(93.0, 0.0)	(94.0, 0.0)	(95.0, 0.0)	(96.0, 0.0)	(97.0, 0.0)	(98.0, 0.0)	(99.0, 0.0)	(100.0, 0.0)
2999_NS1_R_Female_week9_S54_L001_R2_001	(0.0, 0.0)	(1.0, 0.0)	(2.0, 0.0)	(3.0, 0.0)	(4.0, 0.0)	(5.0, 0.0)	(6.0, 0.0)	(7.0, 0.0)	(8.0, 0.0)	(9.0, 0.0)	(10.0, 0.0)	(11.0, 0.0)	(12.0, 0.0)	(13.0, 0.0)	(14.0, 0.0)	(15.0, 0.0)	(16.0, 0.0)	(17.0, 0.0)	(18.0, 0.0)	(19.0, 0.0)	(20.0, 0.0)	(21.0, 0.0)	(22.0, 0.0)	(23.0, 0.0)	(24.0, 0.0)	(25.0, 0.0)	(26.0, 0.0)	(27.0, 0.0)	(28.0, 0.0)	(29.0, 0.0)	(30.0, 0.0)	(31.0, 0.0)	(32.0, 0.0006370393807126891)	(33.0, 0.0006370393807126891)	(34.0, 0.0)	(35.0, 0.0)	(36.0, 0.0)	(37.0, 0.0006370393807126891)	(38.0, 0.0012740787614253781)	(39.0, 0.0025481575228507563)	(40.0, 0.003609889824038571)	(41.0, 0.004883968585463949)	(42.0, 0.008493858409502522)	(43.0, 0.01613833097805479)	(44.0, 0.032276661956109565)	(45.0, 0.5346883868781759)	(46.0, 8.329077556356298)	(47.0, 7.928804478808855)	(48.0, 10.1718201382962)	(49.0, 12.288277307487098)	(50.0, 1.679660500479097)	(51.0, 4.1513732976448185)	(52.0, 4.559927887142076)	(53.0, 3.4761115540890626)	(54.0, 3.883179718364654)	(55.0, 1.3337481167521703)	(56.0, 17.77063821791031)	(57.0, 18.814851936130434)	(58.0, 1.9027304569586105)	(59.0, 0.6482937431052738)	(60.0, 0.5868194428664989)	(61.0, 0.5037919769136128)	(62.0, 0.2377218622359522)	(63.0, 0.17433644385503924)	(64.0, 0.15458822305294545)	(65.0, 0.10659792303925654)	(66.0, 0.08621266285645059)	(67.0, 0.10532384427783123)	(68.0, 0.09406948188524039)	(69.0, 0.0545730402810537)	(70.0, 0.049901418155827326)	(71.0, 0.05988170178699287)	(72.0, 0.14736844340486802)	(73.0, 0.046291528331788734)	(74.0, 0.013165480534728909)	(75.0, 0.010829669472115715)	(76.0, 0.008706204869740084)	(77.0, 0.005521007966176639)	(78.0, 0.0025481575228507563)	(79.0, 0.0006370393807126891)	(80.0, 0.0)	(81.0, 0.0)	(82.0, 0.0)	(83.0, 0.0)	(84.0, 0.0)	(85.0, 0.0)	(86.0, 0.0)	(87.0, 0.0)	(88.0, 0.0)	(89.0, 0.0006370393807126891)	(90.0, 0.0006370393807126891)	(91.0, 0.00042469292047512603)	(92.0, 0.0)	(93.0, 0.00042469292047512603)	(94.0, 0.00042469292047512603)	(95.0, 0.00042469292047512603)	(96.0, 0.00042469292047512603)	(97.0, 0.0012740787614253781)	(98.0, 0.0008493858409502521)	(99.0, 0.0)	(100.0, 0.0012740787614253781)
3995R_S2_0_Female_week5_S64_L001_R1_001	(0.0, 0.0)	(1.0, 0.0)	(2.0, 0.0)	(3.0, 0.0)	(4.0, 0.0)	(5.0, 0.0)	(6.0, 0.0)	(7.0, 0.0)	(8.0, 0.0)	(9.0, 0.0)	(10.0, 0.0)	(11.0, 0.0)	(12.0, 0.0)	(13.0, 0.0)	(14.0, 0.0)	(15.0, 0.0)	(16.0, 0.0)	(17.0, 0.0)	(18.0, 0.0)	(19.0, 0.0)	(20.0, 0.0)	(21.0, 0.0)	(22.0, 0.0)	(23.0, 0.0)	(24.0, 0.0)	(25.0, 0.0)	(26.0, 0.0)	(27.0, 0.0)	(28.0, 0.0)	(29.0, 0.0)	(30.0, 0.0)	(31.0, 0.0)	(32.0, 0.0)	(33.0, 0.0)	(34.0, 0.0)	(35.0, 0.0)	(36.0, 0.0)	(37.0, 0.0)	(38.0, 0.0005510110265177684)	(39.0, 0.00031486344372443905)	(40.0, 0.0011807379139666466)	(41.0, 0.00047229516558665866)	(42.0, 0.005037815099591025)	(43.0, 0.021646861756055184)	(44.0, 0.07989659884507642)	(45.0, 0.13192778292053994)	(46.0, 0.3198225429630978)	(47.0, 16.84023514002511)	(48.0, 18.468157859935477)	(49.0, 3.935556898973316)	(50.0, 4.9047065787562865)	(51.0, 17.35212438365826)	(52.0, 20.689913034708045)	(53.0, 10.338305027111046)	(54.0, 4.784743606697378)	(55.0, 0.9504940207431845)	(56.0, 0.4020019017751739)	(57.0, 0.23158206285932623)	(58.0, 0.2403195234226801)	(59.0, 0.1733323257703045)	(60.0, 0.04565519934004371)	(61.0, 0.028180278213337278)	(62.0, 0.03605186430644827)	(63.0, 0.009603335033595393)	(64.0, 0.005510110265177684)	(65.0, 0.0014168854967599757)	(66.0, 0.0006297268874488781)	(67.0, 0.0)	(68.0, 0.00031486344372443905)	(69.0, 0.00031486344372443905)	(70.0, 0.0)	(71.0, 0.0)	(72.0, 0.0)	(73.0, 0.0)	(74.0, 0.0)	(75.0, 0.0)	(76.0, 0.0)	(77.0, 0.0)	(78.0, 0.0)	(79.0, 0.0)	(80.0, 0.0)	(81.0, 0.0)	(82.0, 0.0)	(83.0, 0.0)	(84.0, 0.0)	(85.0, 0.0)	(86.0, 0.0)	(87.0, 0.0)	(88.0, 0.0)	(89.0, 0.0)	(90.0, 0.0)	(91.0, 0.0)	(92.0, 0.0)	(93.0, 0.0)	(94.0, 0.0)	(95.0, 0.0)	(96.0, 0.0)	(97.0, 0.0)	(98.0, 0.0)	(99.0, 0.0)	(100.0, 0.0)
3995R_S2_0_Female_week5_S64_L001_R2_001	(0.0, 0.0)	(1.0, 0.0)	(2.0, 0.0)	(3.0, 0.0)	(4.0, 0.0)	(5.0, 0.0)	(6.0, 0.0)	(7.0, 0.0)	(8.0, 0.0)	(9.0, 0.0)	(10.0, 0.0)	(11.0, 0.0)	(12.0, 0.0)	(13.0, 0.0)	(14.0, 0.0)	(15.0, 0.0)	(16.0, 0.0)	(17.0, 0.0)	(18.0, 0.0)	(19.0, 0.0)	(20.0, 0.0)	(21.0, 0.0)	(22.0, 0.0)	(23.0, 0.0)	(24.0, 0.0)	(25.0, 0.0)	(26.0, 0.0)	(27.0, 0.0)	(28.0, 0.0)	(29.0, 0.0)	(30.0, 0.0)	(31.0, 0.0)	(32.0, 0.0)	(33.0, 0.0)	(34.0, 0.0004919177906986759)	(35.0, 0.0004919177906986759)	(36.0, 0.0009838355813973519)	(37.0, 0.0019676711627947038)	(38.0, 0.0024595889534933793)	(39.0, 0.004427260116288083)	(40.0, 0.0075427394573796954)	(41.0, 0.008526575038777047)	(42.0, 0.012789862558165572)	(43.0, 0.019184793837248356)	(44.0, 0.05001164205436542)	(45.0, 1.140265438839546)	(46.0, 16.70397043246606)	(47.0, 12.948260086776486)	(48.0, 1.3058777617080644)	(49.0, 0.6378534019392867)	(50.0, 0.6110438823462071)	(51.0, 3.825890617159591)	(52.0, 4.357899707799996)	(53.0, 8.710388319899709)	(54.0, 8.109674711157105)	(55.0, 2.4320415572142653)	(56.0, 17.721666355119346)	(57.0, 16.007414840838443)	(58.0, 1.8867506862246568)	(59.0, 0.7209875085673668)	(60.0, 0.6896687425595522)	(61.0, 0.618340662908239)	(62.0, 0.351229302558854)	(63.0, 0.25497738817881405)	(64.0, 0.23407088207412144)	(65.0, 0.1281445844770049)	(66.0, 0.09789164034903647)	(67.0, 0.08378999701567444)	(68.0, 0.0662449291474217)	(69.0, 0.049355751666767145)	(70.0, 0.0424689025969857)	(71.0, 0.036073971317902916)	(72.0, 0.041649039612487934)	(73.0, 0.020496574612444817)	(74.0, 0.011314109186069544)	(75.0, 0.011314109186069544)	(76.0, 0.011314109186069544)	(77.0, 0.0075427394573796954)	(78.0, 0.002951506744192055)	(79.0, 0.0031154793410916137)	(80.0, 0.0018036985658951448)	(81.0, 0.001639725968995586)	(82.0, 0.001639725968995586)	(83.0, 0.0004919177906986759)	(84.0, 0.0)	(85.0, 0.0003279451937991172)	(86.0, 0.0)	(87.0, 0.0)	(88.0, 0.0)	(89.0, 0.0)	(90.0, 0.0)	(91.0, 0.0)	(92.0, 0.0)	(93.0, 0.0)	(94.0, 0.0)	(95.0, 0.0)	(96.0, 0.0003279451937991172)	(97.0, 0.0003279451937991172)	(98.0, 0.0)	(99.0, 0.0004919177906986759)	(100.0, 0.002131643759694262)
3995R_S2_0_Female_week9_S78_L001_R1_001	(0.0, 0.0)	(1.0, 0.0)	(2.0, 0.0)	(3.0, 0.0)	(4.0, 0.0)	(5.0, 0.0)	(6.0, 0.0)	(7.0, 0.0)	(8.0, 0.0)	(9.0, 0.0)	(10.0, 0.0)	(11.0, 0.0)	(12.0, 0.0)	(13.0, 0.0)	(14.0, 0.0)	(15.0, 0.0)	(16.0, 0.0)	(17.0, 0.0)	(18.0, 0.0)	(19.0, 0.0)	(20.0, 0.0)	(21.0, 0.0)	(22.0, 0.0)	(23.0, 0.0)	(24.0, 0.0)	(25.0, 0.0)	(26.0, 0.0)	(27.0, 0.0)	(28.0, 0.0)	(29.0, 0.0)	(30.0, 0.0)	(31.0, 0.0)	(32.0, 0.0)	(33.0, 0.0004487373652384839)	(34.0, 0.0004487373652384839)	(35.0, 0.0)	(36.0, 0.0)	(37.0, 0.0)	(38.0, 0.0)	(39.0, 0.0)	(40.0, 0.0016827651196443148)	(41.0, 0.0033655302392886295)	(42.0, 0.010208775059175508)	(43.0, 0.029953219129668793)	(44.0, 0.09681508655020289)	(45.0, 0.16580845645561956)	(46.0, 0.4423428577838345)	(47.0, 14.203435084530241)	(48.0, 14.79487093191565)	(49.0, 4.04312366079907)	(50.0, 4.6186293317176625)	(51.0, 20.75735648819133)	(52.0, 26.151628355710834)	(53.0, 9.977114394368208)	(54.0, 2.7616419300187163)	(55.0, 0.9315787702351039)	(56.0, 0.36583313701067544)	(57.0, 0.1906011958850458)	(58.0, 0.14628838106774536)	(59.0, 0.10522891214842445)	(60.0, 0.0387035977518192)	(61.0, 0.027597347962166747)	(62.0, 0.08772815490412382)	(63.0, 0.022212499579304962)	(64.0, 0.012340277544058306)	(65.0, 0.007852903891673467)	(66.0, 0.002916792874050145)	(67.0, 0.0006731060478577257)	(68.0, 0.0011218434130962096)	(69.0, 0.0004487373652384839)	(70.0, 0.0)	(71.0, 0.0)	(72.0, 0.0)	(73.0, 0.0)	(74.0, 0.0)	(75.0, 0.0)	(76.0, 0.0)	(77.0, 0.0)	(78.0, 0.0)	(79.0, 0.0)	(80.0, 0.0)	(81.0, 0.0)	(82.0, 0.0)	(83.0, 0.0)	(84.0, 0.0)	(85.0, 0.0)	(86.0, 0.0)	(87.0, 0.0)	(88.0, 0.0)	(89.0, 0.0)	(90.0, 0.0)	(91.0, 0.0)	(92.0, 0.0)	(93.0, 0.0)	(94.0, 0.0)	(95.0, 0.0)	(96.0, 0.0)	(97.0, 0.0)	(98.0, 0.0)	(99.0, 0.0)	(100.0, 0.0)
3995R_S2_0_Female_week9_S78_L001_R2_001	(0.0, 0.0)	(1.0, 0.0)	(2.0, 0.0)	(3.0, 0.0)	(4.0, 0.0)	(5.0, 0.0)	(6.0, 0.0)	(7.0, 0.0)	(8.0, 0.0)	(9.0, 0.0)	(10.0, 0.0)	(11.0, 0.0)	(12.0, 0.0)	(13.0, 0.0)	(14.0, 0.0)	(15.0, 0.0)	(16.0, 0.0)	(17.0, 0.0)	(18.0, 0.0)	(19.0, 0.0)	(20.0, 0.0)	(21.0, 0.0)	(22.0, 0.0)	(23.0, 0.0)	(24.0, 0.0)	(25.0, 0.0)	(26.0, 0.0)	(27.0, 0.0)	(28.0, 0.0)	(29.0, 0.0)	(30.0, 0.0)	(31.0, 0.0)	(32.0, 0.0)	(33.0, 0.0)	(34.0, 0.0)	(35.0, 0.0)	(36.0, 0.0)	(37.0, 0.0028584563859099165)	(38.0, 0.0040494798800390485)	(39.0, 0.004525889277690701)	(40.0, 0.0052405033741681805)	(41.0, 0.0028584563859099165)	(42.0, 0.008337164458903923)	(43.0, 0.016912533616633675)	(44.0, 0.041447617595693764)	(45.0, 1.9073050234983593)	(46.0, 15.09943855152279)	(47.0, 6.843740099615567)	(48.0, 1.6956601485916583)	(49.0, 0.6751912188217934)	(50.0, 0.593010597726886)	(51.0, 5.4722765461266)	(52.0, 5.874842487142398)	(53.0, 7.233800293942512)	(54.0, 6.70498586254965)	(55.0, 2.060708849542158)	(56.0, 19.97525053179734)	(57.0, 20.63948433447435)	(58.0, 2.1592064925066214)	(59.0, 0.6535145912286492)	(60.0, 0.5727631983266934)	(61.0, 0.5059467803060513)	(62.0, 0.25178236665889875)	(63.0, 0.17007815496163992)	(64.0, 0.161264581105084)	(65.0, 0.11981696350939057)	(66.0, 0.0926616278432465)	(67.0, 0.07694011772074193)	(68.0, 0.07372435428659328)	(69.0, 0.042876845788648754)	(70.0, 0.031919429642660736)	(71.0, 0.03692172831800307)	(72.0, 0.09170880904794343)	(73.0, 0.03358686253444149)	(74.0, 0.010957416145988011)	(75.0, 0.009528187953033056)	(76.0, 0.011910234941291321)	(77.0, 0.007384345663600617)	(78.0, 0.001191023494129132)	(79.0, 0.0)	(80.0, 0.0004764093976516527)	(81.0, 0.0009528187953033054)	(82.0, 0.0004764093976516527)	(83.0, 0.0004764093976516527)	(84.0, 0.0007146140964774791)	(85.0, 0.001191023494129132)	(86.0, 0.0004764093976516527)	(87.0, 0.001191023494129132)	(88.0, 0.0019056375906066109)	(89.0, 0.0007146140964774791)	(90.0, 0.001191023494129132)	(91.0, 0.0019056375906066109)	(92.0, 0.0019056375906066109)	(93.0, 0.0007146140964774791)	(94.0, 0.0007146140964774791)	(95.0, 0.0014292281929549583)	(96.0, 0.0014292281929549583)	(97.0, 0.0007146140964774791)	(98.0, 0.0)	(99.0, 0.0004764093976516527)	(100.0, 0.00333486578356157)
3995R_S2_L_Female_week5_S65_L001_R1_001	(0.0, 0.0)	(1.0, 0.0)	(2.0, 0.0)	(3.0, 0.0)	(4.0, 0.0)	(5.0, 0.0)	(6.0, 0.0)	(7.0, 0.0)	(8.0, 0.0)	(9.0, 0.0)	(10.0, 0.0)	(11.0, 0.0)	(12.0, 0.0)	(13.0, 0.0)	(14.0, 0.0)	(15.0, 0.0)	(16.0, 0.0)	(17.0, 0.0)	(18.0, 0.0)	(19.0, 0.0)	(20.0, 0.0)	(21.0, 0.0)	(22.0, 0.0)	(23.0, 0.0)	(24.0, 0.0)	(25.0, 0.0)	(26.0, 0.0)	(27.0, 0.0)	(28.0, 0.0)	(29.0, 0.0)	(30.0, 0.0)	(31.0, 0.0)	(32.0, 0.0)	(33.0, 0.0)	(34.0, 0.0)	(35.0, 0.0)	(36.0, 0.0)	(37.0, 0.0)	(38.0, 0.0004863588501502815)	(39.0, 0.0008511279877629925)	(40.0, 0.001702255975525985)	(41.0, 0.002918153100901689)	(42.0, 0.005106767926577956)	(43.0, 0.0184816363057107)	(44.0, 0.06845500815865213)	(45.0, 0.12110335368742008)	(46.0, 0.28926192612688145)	(47.0, 15.496122504065282)	(48.0, 16.71736957679486)	(49.0, 3.3404341725445637)	(50.0, 4.456506143927418)	(51.0, 18.377920280923448)	(52.0, 22.686938103550155)	(53.0, 11.484634708019815)	(54.0, 4.749537351143088)	(55.0, 0.9740551871384834)	(56.0, 0.4058664604504116)	(57.0, 0.22336030193151687)	(58.0, 0.2417203485246904)	(59.0, 0.20281164051266687)	(60.0, 0.044988193638901004)	(61.0, 0.02991106928424231)	(62.0, 0.04352911708845015)	(63.0, 0.00960558729046806)	(64.0, 0.002918153100901689)	(65.0, 0.001945435400601126)	(66.0, 0.0014590765504508445)	(67.0, 0.0)	(68.0, 0.0)	(69.0, 0.0)	(70.0, 0.0)	(71.0, 0.0)	(72.0, 0.0)	(73.0, 0.0)	(74.0, 0.0)	(75.0, 0.0)	(76.0, 0.0)	(77.0, 0.0)	(78.0, 0.0)	(79.0, 0.0)	(80.0, 0.0)	(81.0, 0.0)	(82.0, 0.0)	(83.0, 0.0)	(84.0, 0.0)	(85.0, 0.0)	(86.0, 0.0)	(87.0, 0.0)	(88.0, 0.0)	(89.0, 0.0)	(90.0, 0.0)	(91.0, 0.0)	(92.0, 0.0)	(93.0, 0.0)	(94.0, 0.0)	(95.0, 0.0)	(96.0, 0.0)	(97.0, 0.0)	(98.0, 0.0)	(99.0, 0.0)	(100.0, 0.0)
3995R_S2_L_Female_week5_S65_L001_R2_001	(0.0, 0.0)	(1.0, 0.0)	(2.0, 0.0)	(3.0, 0.0)	(4.0, 0.0)	(5.0, 0.0)	(6.0, 0.0)	(7.0, 0.0)	(8.0, 0.0)	(9.0, 0.0)	(10.0, 0.0)	(11.0, 0.0)	(12.0, 0.0)	(13.0, 0.0)	(14.0, 0.0)	(15.0, 0.0)	(16.0, 0.0)	(17.0, 0.0)	(18.0, 0.0)	(19.0, 0.0)	(20.0, 0.0)	(21.0, 0.0)	(22.0, 0.0)	(23.0, 0.0)	(24.0, 0.0)	(25.0, 0.0)	(26.0, 0.0)	(27.0, 0.0)	(28.0, 0.0)	(29.0, 0.0)	(30.0, 0.0)	(31.0, 0.0)	(32.0, 0.0)	(33.0, 0.0)	(34.0, 0.0)	(35.0, 0.0007578886737326726)	(36.0, 0.002273666021198018)	(37.0, 0.002273666021198018)	(38.0, 0.0007578886737326726)	(39.0, 0.0)	(40.0, 0.0)	(41.0, 0.0007578886737326726)	(42.0, 0.007073627621504943)	(43.0, 0.01970510551704949)	(44.0, 0.0437049135185841)	(45.0, 0.9700975023778245)	(46.0, 15.134026296210237)	(47.0, 11.629296439308257)	(48.0, 1.2737582309867468)	(49.0, 0.639152781514546)	(50.0, 0.5871110925849035)	(51.0, 4.719246456554844)	(52.0, 5.197095265343505)	(53.0, 8.285112666465867)	(54.0, 7.884821131956417)	(55.0, 2.5406954639096853)	(56.0, 18.159517881756503)	(57.0, 16.797970879393308)	(58.0, 2.0917727395021313)	(59.0, 0.8139724355888863)	(60.0, 0.7640780979014814)	(61.0, 0.7090048542769073)	(62.0, 0.3981441832675645)	(63.0, 0.3011344330297822)	(64.0, 0.31401854048323924)	(65.0, 0.17380913584269259)	(66.0, 0.10256760051182169)	(67.0, 0.08513616101597024)	(68.0, 0.07629412648908906)	(69.0, 0.06214687124607916)	(70.0, 0.053052207161287085)	(71.0, 0.04597857953978213)	(72.0, 0.05279957760337616)	(73.0, 0.02450506711735642)	(74.0, 0.009094664084792072)	(75.0, 0.005052591158217818)	(76.0, 0.006820998063594053)	(77.0, 0.004294702484485145)	(78.0, 0.0007578886737326726)	(79.0, 0.0015157773474653452)	(80.0, 0.0007578886737326726)	(81.0, 0.0)	(82.0, 0.0)	(83.0, 0.0)	(84.0, 0.0)	(85.0, 0.0)	(86.0, 0.0)	(87.0, 0.0)	(88.0, 0.0)	(89.0, 0.0005052591158217817)	(90.0, 0.0)	(91.0, 0.0005052591158217817)	(92.0, 0.002021036463287127)	(93.0, 0.002273666021198018)	(94.0, 0.0007578886737326726)	(95.0, 0.0)	(96.0, 0.0)	(97.0, 0.0)	(98.0, 0.0)	(99.0, 0.0005052591158217817)	(100.0, 0.0015157773474653452)
3995R_S2_L_Female_week9_S79_L001_R1_001	(0.0, 0.0)	(1.0, 0.0)	(2.0, 0.0)	(3.0, 0.0)	(4.0, 0.0)	(5.0, 0.0)	(6.0, 0.0)	(7.0, 0.0)	(8.0, 0.0)	(9.0, 0.0)	(10.0, 0.0)	(11.0, 0.0)	(12.0, 0.0)	(13.0, 0.0)	(14.0, 0.0)	(15.0, 0.0)	(16.0, 0.0)	(17.0, 0.0)	(18.0, 0.0)	(19.0, 0.0)	(20.0, 0.0)	(21.0, 0.0)	(22.0, 0.0)	(23.0, 0.0)	(24.0, 0.0)	(25.0, 0.0)	(26.0, 0.0)	(27.0, 0.0)	(28.0, 0.0)	(29.0, 0.0)	(30.0, 0.0)	(31.0, 0.0)	(32.0, 0.0)	(33.0, 0.0)	(34.0, 0.0)	(35.0, 0.0)	(36.0, 0.0)	(37.0, 0.0)	(38.0, 0.0)	(39.0, 0.0004303226882256848)	(40.0, 0.0003227420161692636)	(41.0, 0.0023667747852412664)	(42.0, 0.014308229383504022)	(43.0, 0.0380835579079731)	(44.0, 0.11156115692250877)	(45.0, 0.19106327357220407)	(46.0, 0.47432318309675764)	(47.0, 19.06544670185051)	(48.0, 21.104100437323368)	(49.0, 6.150171860121653)	(50.0, 6.298740768231441)	(51.0, 10.721812519155582)	(52.0, 19.079647350561928)	(53.0, 12.570478787776429)	(54.0, 2.6815558316781423)	(55.0, 0.6910982372904397)	(56.0, 0.3223116934810405)	(57.0, 0.16631971899922665)	(58.0, 0.117800835901781)	(59.0, 0.08359018218783948)	(60.0, 0.026249683981766764)	(61.0, 0.02001000500249436)	(62.0, 0.04281710747845559)	(63.0, 0.01183387392620633)	(64.0, 0.0071003243557238)	(65.0, 0.003872904194031164)	(66.0, 0.0015061294087898968)	(67.0, 0.001075806720564212)	(68.0, 0.0)	(69.0, 0.0)	(70.0, 0.0)	(71.0, 0.0)	(72.0, 0.0)	(73.0, 0.0)	(74.0, 0.0)	(75.0, 0.0)	(76.0, 0.0)	(77.0, 0.0)	(78.0, 0.0)	(79.0, 0.0)	(80.0, 0.0)	(81.0, 0.0)	(82.0, 0.0)	(83.0, 0.0)	(84.0, 0.0)	(85.0, 0.0)	(86.0, 0.0)	(87.0, 0.0)	(88.0, 0.0)	(89.0, 0.0)	(90.0, 0.0)	(91.0, 0.0)	(92.0, 0.0)	(93.0, 0.0)	(94.0, 0.0)	(95.0, 0.0)	(96.0, 0.0)	(97.0, 0.0)	(98.0, 0.0)	(99.0, 0.0)	(100.0, 0.0)
3995R_S2_L_Female_week9_S79_L001_R2_001	(0.0, 0.0)	(1.0, 0.0)	(2.0, 0.0)	(3.0, 0.0)	(4.0, 0.0)	(5.0, 0.0)	(6.0, 0.0)	(7.0, 0.0)	(8.0, 0.0)	(9.0, 0.0)	(10.0, 0.0)	(11.0, 0.0)	(12.0, 0.0)	(13.0, 0.0)	(14.0, 0.0)	(15.0, 0.0)	(16.0, 0.0)	(17.0, 0.0)	(18.0, 0.0)	(19.0, 0.0)	(20.0, 0.0)	(21.0, 0.0)	(22.0, 0.0)	(23.0, 0.0)	(24.0, 0.0)	(25.0, 0.0)	(26.0, 0.0)	(27.0, 0.0)	(28.0, 0.0)	(29.0, 0.0)	(30.0, 0.0)	(31.0, 0.0)	(32.0, 0.0)	(33.0, 0.0)	(34.0, 0.0)	(35.0, 0.0013735697704765897)	(36.0, 0.003891781016350337)	(37.0, 0.0020603546557148847)	(38.0, 0.0006867848852382948)	(39.0, 0.004120709311429769)	(40.0, 0.0073257054425418106)	(41.0, 0.013277841114607032)	(42.0, 0.020374618262069415)	(43.0, 0.03296567449143815)	(44.0, 0.06753384704843239)	(45.0, 2.41473565649768)	(46.0, 19.782609691005415)	(47.0, 9.397735441303354)	(48.0, 1.796285867340736)	(49.0, 0.887326071727882)	(50.0, 0.8960253469409016)	(51.0, 8.05312510015553)	(52.0, 9.12634094748693)	(53.0, 11.566602108884776)	(54.0, 9.957465122772035)	(55.0, 2.252425495286404)	(56.0, 10.454239523093952)	(57.0, 9.83578973393746)	(58.0, 1.1982106964457744)	(59.0, 0.4822374535848211)	(60.0, 0.3998232673562271)	(61.0, 0.33457870325859096)	(62.0, 0.20042672234204237)	(63.0, 0.17169622130957354)	(64.0, 0.14949017668686848)	(65.0, 0.09683666881859955)	(66.0, 0.07188348465494156)	(67.0, 0.0645577792123997)	(68.0, 0.055629575704301895)	(69.0, 0.034339244261914745)	(70.0, 0.027013538819372924)	(71.0, 0.032965674491438134)	(72.0, 0.051051009802713244)	(73.0, 0.01785640701619567)	(74.0, 0.007783562032700674)	(75.0, 0.004807494196668064)	(76.0, 0.003433924426191474)	(77.0, 0.0020603546557148847)	(78.0, 0.001602498065556021)	(79.0, 0.002289282950794316)	(80.0, 0.0006867848852382948)	(81.0, 0.0)	(82.0, 0.00045785659015886316)	(83.0, 0.001144641475397158)	(84.0, 0.0013735697704765897)	(85.0, 0.0006867848852382948)	(86.0, 0.0)	(87.0, 0.0)	(88.0, 0.0006867848852382948)	(89.0, 0.0020603546557148847)	(90.0, 0.0013735697704765897)	(91.0, 0.00045785659015886316)	(92.0, 0.0006867848852382948)	(93.0, 0.001144641475397158)	(94.0, 0.0)	(95.0, 0.0006867848852382948)	(96.0, 0.0006867848852382948)	(97.0, 0.001144641475397158)	(98.0, 0.001144641475397158)	(99.0, 0.0)	(100.0, 0.0006867848852382948)
3995R_S2_RR_Female_week5_S67_L001_R1_001	(0.0, 0.0)	(1.0, 0.0)	(2.0, 0.0)	(3.0, 0.0)	(4.0, 0.0)	(5.0, 0.0)	(6.0, 0.0)	(7.0, 0.0)	(8.0, 0.0)	(9.0, 0.0)	(10.0, 0.0)	(11.0, 0.0)	(12.0, 0.0)	(13.0, 0.0)	(14.0, 0.0)	(15.0, 0.0)	(16.0, 0.0)	(17.0, 0.0)	(18.0, 0.0)	(19.0, 0.0)	(20.0, 0.0)	(21.0, 0.0)	(22.0, 0.0)	(23.0, 0.0)	(24.0, 0.0)	(25.0, 0.0)	(26.0, 0.0)	(27.0, 0.0)	(28.0, 0.0)	(29.0, 0.0)	(30.0, 0.0)	(31.0, 0.0)	(32.0, 0.0)	(33.0, 0.0)	(34.0, 0.0)	(35.0, 0.0)	(36.0, 0.0)	(37.0, 0.0007659822189992072)	(38.0, 0.0003829911094996036)	(39.0, 0.0)	(40.0, 0.0)	(41.0, 0.0)	(42.0, 0.004723557017161779)	(43.0, 0.01378767994198573)	(44.0, 0.057703993831273635)	(45.0, 0.09881170625089776)	(46.0, 0.24613561970507894)	(47.0, 18.84507754293487)	(48.0, 20.68203056780147)	(49.0, 4.252222625071148)	(50.0, 4.690109126932558)	(51.0, 16.336613439411078)	(52.0, 20.56866519938934)	(53.0, 9.314471446731927)	(54.0, 3.2962768157597107)	(55.0, 0.7920256144451647)	(56.0, 0.2951584817210289)	(57.0, 0.1473239134541807)	(58.0, 0.1419620379211861)	(59.0, 0.10876947509788752)	(60.0, 0.023873112492141968)	(61.0, 0.014425998457818402)	(62.0, 0.05285277311094526)	(63.0, 0.010213096253322762)	(64.0, 0.0017872918443314835)	(65.0, 0.0022979466569976216)	(66.0, 0.0)	(67.0, 0.0007659822189992072)	(68.0, 0.0007659822189992072)	(69.0, 0.0)	(70.0, 0.0)	(71.0, 0.0)	(72.0, 0.0)	(73.0, 0.0)	(74.0, 0.0)	(75.0, 0.0)	(76.0, 0.0)	(77.0, 0.0)	(78.0, 0.0)	(79.0, 0.0)	(80.0, 0.0)	(81.0, 0.0)	(82.0, 0.0)	(83.0, 0.0)	(84.0, 0.0)	(85.0, 0.0)	(86.0, 0.0)	(87.0, 0.0)	(88.0, 0.0)	(89.0, 0.0)	(90.0, 0.0)	(91.0, 0.0)	(92.0, 0.0)	(93.0, 0.0)	(94.0, 0.0)	(95.0, 0.0)	(96.0, 0.0)	(97.0, 0.0)	(98.0, 0.0)	(99.0, 0.0)	(100.0, 0.0)
3995R_S2_RR_Female_week5_S67_L001_R2_001	(0.0, 0.0)	(1.0, 0.0)	(2.0, 0.0)	(3.0, 0.0)	(4.0, 0.0)	(5.0, 0.0)	(6.0, 0.0)	(7.0, 0.0)	(8.0, 0.0)	(9.0, 0.0)	(10.0, 0.0)	(11.0, 0.0)	(12.0, 0.0)	(13.0, 0.0)	(14.0, 0.0)	(15.0, 0.0)	(16.0, 0.0)	(17.0, 0.0)	(18.0, 0.0)	(19.0, 0.0)	(20.0, 0.0)	(21.0, 0.0)	(22.0, 0.0)	(23.0, 0.0)	(24.0, 0.0)	(25.0, 0.0)	(26.0, 0.0)	(27.0, 0.0)	(28.0, 0.0)	(29.0, 0.0)	(30.0, 0.0)	(31.0, 0.0)	(32.0, 0.0)	(33.0, 0.001579864105355792)	(34.0, 0.001579864105355792)	(35.0, 0.000789932052677896)	(36.0, 0.000789932052677896)	(37.0, 0.0)	(38.0, 0.000789932052677896)	(39.0, 0.001579864105355792)	(40.0, 0.003159728210711584)	(41.0, 0.007636009842552994)	(42.0, 0.013165534211298267)	(43.0, 0.016851883790461784)	(44.0, 0.03317714621247162)	(45.0, 0.9177693898695962)	(46.0, 18.447678192218536)	(47.0, 15.64486761397016)	(48.0, 1.5183810605890862)	(49.0, 0.719233133963213)	(50.0, 0.6235197002470777)	(51.0, 3.905950689807981)	(52.0, 4.358581755992621)	(53.0, 8.333256534382832)	(54.0, 7.666290571239067)	(55.0, 2.0314419288032974)	(56.0, 15.736368076738824)	(57.0, 15.160507610335639)	(58.0, 1.726923122496028)	(59.0, 0.6048246416670375)	(60.0, 0.616541967115092)	(61.0, 0.5833648209026212)	(62.0, 0.299647558649149)	(63.0, 0.21314999888091893)	(64.0, 0.1916901781165023)	(65.0, 0.12270277884929978)	(66.0, 0.08662921511034263)	(67.0, 0.07241043816214048)	(68.0, 0.060824768056197985)	(69.0, 0.035020321002053385)	(70.0, 0.03975991331812077)	(71.0, 0.05108227273983725)	(72.0, 0.07004064200410688)	(73.0, 0.030017418001760027)	(74.0, 0.018695058580043538)	(75.0, 0.012638912842846337)	(76.0, 0.005529524368745271)	(77.0, 0.003423038894937549)	(78.0, 0.0005266213684519307)	(79.0, 0.001579864105355792)	(80.0, 0.001579864105355792)	(81.0, 0.0)	(82.0, 0.0)	(83.0, 0.0)	(84.0, 0.0005266213684519307)	(85.0, 0.0005266213684519307)	(86.0, 0.0)	(87.0, 0.0)	(88.0, 0.0)	(89.0, 0.0005266213684519307)	(90.0, 0.0005266213684519307)	(91.0, 0.0)	(92.0, 0.0)	(93.0, 0.0)	(94.0, 0.000789932052677896)	(95.0, 0.000789932052677896)	(96.0, 0.0)	(97.0, 0.0009215873947908785)	(98.0, 0.0005266213684519307)	(99.0, 0.0005266213684519307)	(100.0, 0.000789932052677896)
3995R_S2_RR_Female_week9_S81_L001_R1_001	(0.0, 0.0)	(1.0, 0.0)	(2.0, 0.0)	(3.0, 0.0)	(4.0, 0.0)	(5.0, 0.0)	(6.0, 0.0)	(7.0, 0.0)	(8.0, 0.0)	(9.0, 0.0)	(10.0, 0.0)	(11.0, 0.0)	(12.0, 0.0)	(13.0, 0.0)	(14.0, 0.0)	(15.0, 0.0)	(16.0, 0.0)	(17.0, 0.0)	(18.0, 0.0)	(19.0, 0.0)	(20.0, 0.0)	(21.0, 0.0)	(22.0, 0.0)	(23.0, 0.0)	(24.0, 0.0)	(25.0, 0.0)	(26.0, 0.0)	(27.0, 0.0)	(28.0, 0.0)	(29.0, 0.0)	(30.0, 0.0)	(31.0, 0.0)	(32.0, 0.0)	(33.0, 0.0)	(34.0, 0.0)	(35.0, 0.0)	(36.0, 0.0)	(37.0, 0.00020701647851176707)	(38.0, 0.00020701647851176707)	(39.0, 0.00020701647851176707)	(40.0, 0.00020701647851176707)	(41.0, 0.0018631483066059039)	(42.0, 0.005589444919817711)	(43.0, 0.01669932926661588)	(44.0, 0.06900549283725568)	(45.0, 0.13090341991227408)	(46.0, 0.3275000690056126)	(47.0, 16.037566590307467)	(48.0, 16.931256728039532)	(49.0, 4.359698031964713)	(50.0, 5.5521819536842685)	(51.0, 19.31643158795067)	(52.0, 23.50175273950084)	(53.0, 9.423390101857917)	(54.0, 2.769742471502088)	(55.0, 0.7165530376220827)	(56.0, 0.2960335642718257)	(57.0, 0.16216290816755138)	(58.0, 0.1464296558006571)	(59.0, 0.11151287642500483)	(60.0, 0.025739048828296356)	(61.0, 0.018217450109035502)	(62.0, 0.055618427226828186)	(63.0, 0.010626845896937381)	(64.0, 0.005382428441305943)	(65.0, 0.0041403295702353415)	(66.0, 0.0013801098567451137)	(67.0, 0.00041403295702353415)	(68.0, 0.00041403295702353415)	(69.0, 0.00041403295702353415)	(70.0, 0.0)	(71.0, 0.0)	(72.0, 0.0)	(73.0, 0.0)	(74.0, 0.0)	(75.0, 0.0)	(76.0, 0.0)	(77.0, 0.0)	(78.0, 0.0)	(79.0, 0.00027602197134902275)	(80.0, 0.00027602197134902275)	(81.0, 0.0)	(82.0, 0.0)	(83.0, 0.0)	(84.0, 0.0)	(85.0, 0.0)	(86.0, 0.0)	(87.0, 0.0)	(88.0, 0.0)	(89.0, 0.0)	(90.0, 0.0)	(91.0, 0.0)	(92.0, 0.0)	(93.0, 0.0)	(94.0, 0.0)	(95.0, 0.0)	(96.0, 0.0)	(97.0, 0.0)	(98.0, 0.0)	(99.0, 0.0)	(100.0, 0.0)
3995R_S2_RR_Female_week9_S81_L001_R2_001	(0.0, 0.0)	(1.0, 0.0)	(2.0, 0.0)	(3.0, 0.0)	(4.0, 0.0)	(5.0, 0.0)	(6.0, 0.0)	(7.0, 0.0)	(8.0, 0.0)	(9.0, 0.0)	(10.0, 0.0)	(11.0, 0.0)	(12.0, 0.0)	(13.0, 0.0)	(14.0, 0.0)	(15.0, 0.0)	(16.0, 0.0)	(17.0, 0.0)	(18.0, 0.0)	(19.0, 0.0)	(20.0, 0.0)	(21.0, 0.0)	(22.0, 0.0)	(23.0, 0.0)	(24.0, 0.0)	(25.0, 0.0)	(26.0, 0.0)	(27.0, 0.0)	(28.0, 0.0)	(29.0, 0.0)	(30.0, 0.0)	(31.0, 0.0)	(32.0, 0.0)	(33.0, 0.0)	(34.0, 0.0)	(35.0, 0.0007424599479981454)	(36.0, 0.0011879359167970328)	(37.0, 0.001930395864795178)	(38.0, 0.0022273798439944362)	(39.0, 0.004751743667188131)	(40.0, 0.006088171573584792)	(41.0, 0.00490023565678776)	(42.0, 0.007350353485181639)	(43.0, 0.011879359167970328)	(44.0, 0.04573553279668579)	(45.0, 2.4394264051428185)	(46.0, 17.126323620474633)	(47.0, 6.465935195124361)	(48.0, 1.435175079480341)	(49.0, 0.591146610596128)	(50.0, 0.5336802106210667)	(51.0, 5.57654242341819)	(52.0, 6.1050996603975936)	(53.0, 8.930605238501197)	(54.0, 8.204627901347314)	(55.0, 2.175481893629365)	(56.0, 17.678788067778044)	(57.0, 17.777609486856193)	(58.0, 1.9721221138726104)	(59.0, 0.6679169692191392)	(60.0, 0.5219493434426962)	(61.0, 0.4503762044556691)	(62.0, 0.24761039265738166)	(63.0, 0.19630641025070997)	(64.0, 0.20543866761108795)	(65.0, 0.1226543834092936)	(66.0, 0.08954066972857631)	(67.0, 0.08671932192618338)	(68.0, 0.06103020772544756)	(69.0, 0.03920188525430209)	(70.0, 0.03831093331670432)	(71.0, 0.03816244132710472)	(72.0, 0.05969377981905098)	(73.0, 0.026134590169534698)	(74.0, 0.015591658907961051)	(75.0, 0.008909519375977745)	(76.0, 0.0025243638231936946)	(77.0, 0.0020788878543948077)	(78.0, 0.004009283719189984)	(79.0, 0.0020788878543948073)	(80.0, 0.0007424599479981454)	(81.0, 0.0007424599479981454)	(82.0, 0.0007424599479981454)	(83.0, 0.0007424599479981454)	(84.0, 0.0007424599479981454)	(85.0, 0.0)	(86.0, 0.0002969839791992582)	(87.0, 0.0002969839791992582)	(88.0, 0.0007424599479981454)	(89.0, 0.0007424599479981454)	(90.0, 0.0002969839791992582)	(91.0, 0.0002969839791992582)	(92.0, 0.0)	(93.0, 0.0008909519375977746)	(94.0, 0.0008909519375977746)	(95.0, 0.0002969839791992582)	(96.0, 0.0007424599479981454)	(97.0, 0.0008909519375977746)	(98.0, 0.0004454759687988873)	(99.0, 0.0011879359167970328)	(100.0, 0.0026728558127933236)
3995R_S2_R_Female_week5_S66_L001_R1_001	(0.0, 0.0)	(1.0, 0.0)	(2.0, 0.0)	(3.0, 0.0)	(4.0, 0.0)	(5.0, 0.0)	(6.0, 0.0)	(7.0, 0.0)	(8.0, 0.0)	(9.0, 0.0)	(10.0, 0.0)	(11.0, 0.0)	(12.0, 0.0)	(13.0, 0.0)	(14.0, 0.0)	(15.0, 0.0)	(16.0, 0.0)	(17.0, 0.0)	(18.0, 0.0)	(19.0, 0.0)	(20.0, 0.0)	(21.0, 0.0)	(22.0, 0.0)	(23.0, 0.0)	(24.0, 0.0)	(25.0, 0.0)	(26.0, 0.0)	(27.0, 0.0)	(28.0, 0.0)	(29.0, 0.0)	(30.0, 0.0)	(31.0, 0.0)	(32.0, 0.0)	(33.0, 0.0)	(34.0, 0.0)	(35.0, 0.0007978458162958351)	(36.0, 0.0007978458162958351)	(37.0, 0.0)	(38.0, 0.0005318972108638901)	(39.0, 0.0017286659353076426)	(40.0, 0.0015956916325916702)	(41.0, 0.0023935374488875056)	(42.0, 0.005185997805922929)	(43.0, 0.033908447192572994)	(44.0, 0.10252318739401482)	(45.0, 0.17339849074162797)	(46.0, 0.4155446959874172)	(47.0, 16.804361557127617)	(48.0, 18.231308799575327)	(49.0, 3.941624281106873)	(50.0, 4.397327216514711)	(51.0, 17.70739004687341)	(52.0, 22.55244174064127)	(53.0, 9.991423157470832)	(54.0, 3.4570659220096562)	(55.0, 1.0486353512181663)	(56.0, 0.42511884578296677)	(57.0, 0.22060436820579787)	(58.0, 0.20025929989025382)	(59.0, 0.1561118313885513)	(60.0, 0.04654100595059035)	(61.0, 0.019680196801963937)	(62.0, 0.03085003823010562)	(63.0, 0.01276553306073336)	(64.0, 0.0061168179249347365)	(65.0, 0.0023935374488875056)	(66.0, 0.004255177686911121)	(67.0, 0.0021275888434555603)	(68.0, 0.0)	(69.0, 0.0)	(70.0, 0.0)	(71.0, 0.0)	(72.0, 0.0)	(73.0, 0.0)	(74.0, 0.0)	(75.0, 0.0)	(76.0, 0.0)	(77.0, 0.0)	(78.0, 0.0)	(79.0, 0.0)	(80.0, 0.0)	(81.0, 0.0)	(82.0, 0.0)	(83.0, 0.0)	(84.0, 0.0)	(85.0, 0.0)	(86.0, 0.0)	(87.0, 0.0)	(88.0, 0.0)	(89.0, 0.0007978458162958351)	(90.0, 0.0015956916325916702)	(91.0, 0.0007978458162958351)	(92.0, 0.0)	(93.0, 0.0)	(94.0, 0.0)	(95.0, 0.0)	(96.0, 0.0)	(97.0, 0.0)	(98.0, 0.0)	(99.0, 0.0)	(100.0, 0.0)
3995R_S2_R_Female_week5_S66_L001_R2_001	(0.0, 0.0)	(1.0, 0.0)	(2.0, 0.0)	(3.0, 0.0)	(4.0, 0.0)	(5.0, 0.0)	(6.0, 0.0)	(7.0, 0.0)	(8.0, 0.0)	(9.0, 0.0)	(10.0, 0.0)	(11.0, 0.0)	(12.0, 0.0)	(13.0, 0.0)	(14.0, 0.0)	(15.0, 0.0)	(16.0, 0.0)	(17.0, 0.0)	(18.0, 0.0)	(19.0, 0.0)	(20.0, 0.0)	(21.0, 0.0)	(22.0, 0.0)	(23.0, 0.0)	(24.0, 0.0)	(25.0, 0.0)	(26.0, 0.0)	(27.0, 0.0)	(28.0, 0.0)	(29.0, 0.0)	(30.0, 0.0008260412249640643)	(31.0, 0.0008260412249640643)	(32.0, 0.0)	(33.0, 0.0)	(34.0, 0.0)	(35.0, 0.0008260412249640643)	(36.0, 0.0016520824499281286)	(37.0, 0.0016520824499281286)	(38.0, 0.0022027765999041715)	(39.0, 0.001376735374940107)	(40.0, 0.0030288178248682354)	(41.0, 0.006332982724724492)	(42.0, 0.014042700824389093)	(43.0, 0.023679848448969847)	(44.0, 0.04543226737302352)	(45.0, 1.198861164497865)	(46.0, 16.959452389738498)	(47.0, 12.070940420396289)	(48.0, 1.2542059265704624)	(49.0, 0.6027347471487742)	(50.0, 0.5460132497012442)	(51.0, 3.802543105584454)	(52.0, 4.27641542163905)	(53.0, 8.907064855249319)	(54.0, 8.231500806766812)	(55.0, 2.127331501357429)	(56.0, 17.368755816708926)	(57.0, 17.023470584673348)	(58.0, 1.9800208162388655)	(59.0, 0.7172791303437905)	(60.0, 0.7024103882944345)	(61.0, 0.6536739560215553)	(62.0, 0.3384015551602788)	(63.0, 0.2458849379643032)	(64.0, 0.22165439536535678)	(65.0, 0.13299263721921417)	(66.0, 0.10711001217034036)	(67.0, 0.08907477875862495)	(68.0, 0.07379301609678975)	(69.0, 0.052315944247724046)	(70.0, 0.043780184923095405)	(71.0, 0.049837820572831856)	(72.0, 0.045156920298035474)	(73.0, 0.019824989399137544)	(74.0, 0.017622212799233376)	(75.0, 0.012115271299472942)	(76.0, 0.009086453474604708)	(77.0, 0.0066083297997125146)	(78.0, 0.0033041648998562573)	(79.0, 0.0008260412249640643)	(80.0, 0.0008260412249640643)	(81.0, 0.0008260412249640643)	(82.0, 0.0)	(83.0, 0.0)	(84.0, 0.0)	(85.0, 0.0)	(86.0, 0.0)	(87.0, 0.0)	(88.0, 0.0005506941499760429)	(89.0, 0.0005506941499760429)	(90.0, 0.0)	(91.0, 0.0005506941499760429)	(92.0, 0.0011013882999520858)	(93.0, 0.0)	(94.0, 0.0)	(95.0, 0.0)	(96.0, 0.0)	(97.0, 0.0)	(98.0, 0.0)	(99.0, 0.0)	(100.0, 0.0016520824499281286)
3995R_S2_R_Female_week9_S80_L001_R1_001	(0.0, 0.0)	(1.0, 0.0)	(2.0, 0.0)	(3.0, 0.0)	(4.0, 0.0)	(5.0, 0.0)	(6.0, 0.0)	(7.0, 0.0)	(8.0, 0.0)	(9.0, 0.0)	(10.0, 0.0)	(11.0, 0.0)	(12.0, 0.0)	(13.0, 0.0)	(14.0, 0.0)	(15.0, 0.0)	(16.0, 0.0)	(17.0, 0.0)	(18.0, 0.0)	(19.0, 0.0)	(20.0, 0.0)	(21.0, 0.0)	(22.0, 0.0)	(23.0, 0.0)	(24.0, 0.0)	(25.0, 0.0)	(26.0, 0.0)	(27.0, 0.0)	(28.0, 0.0)	(29.0, 0.0)	(30.0, 0.0)	(31.0, 0.0)	(32.0, 0.0)	(33.0, 0.0)	(34.0, 0.0)	(35.0, 0.0)	(36.0, 0.0)	(37.0, 0.00030405348908980624)	(38.0, 0.0005320936059071609)	(39.0, 0.0007601337227245156)	(40.0, 0.00030405348908980624)	(41.0, 0.000684120350452064)	(42.0, 0.004256748847257287)	(43.0, 0.017407062250391406)	(44.0, 0.07396101122109537)	(45.0, 0.12998286658589214)	(46.0, 0.344644629883293)	(47.0, 14.652869732853965)	(48.0, 15.484608052257695)	(49.0, 4.137787919651206)	(50.0, 4.562930710770649)	(51.0, 17.593142985715605)	(52.0, 25.917291369869517)	(53.0, 12.356809809988038)	(54.0, 2.7691671518856356)	(55.0, 0.9439340568793382)	(56.0, 0.36243175899504576)	(57.0, 0.1680655660943908)	(58.0, 0.16198449631259487)	(59.0, 0.12458591715454777)	(60.0, 0.03283777682169906)	(61.0, 0.02766886750717234)	(62.0, 0.0918241537051212)	(63.0, 0.02021955702447211)	(64.0, 0.011402005840867736)	(65.0, 0.005016882569981803)	(66.0, 0.0010641872118143218)	(67.0, 0.0007601337227245156)	(68.0, 0.0007601337227245156)	(69.0, 0.0)	(70.0, 0.0)	(71.0, 0.0)	(72.0, 0.0)	(73.0, 0.0)	(74.0, 0.0)	(75.0, 0.0)	(76.0, 0.0)	(77.0, 0.0)	(78.0, 0.0)	(79.0, 0.0)	(80.0, 0.0)	(81.0, 0.0)	(82.0, 0.0)	(83.0, 0.0)	(84.0, 0.0)	(85.0, 0.0)	(86.0, 0.0)	(87.0, 0.0)	(88.0, 0.0)	(89.0, 0.0)	(90.0, 0.0)	(91.0, 0.0)	(92.0, 0.0)	(93.0, 0.0)	(94.0, 0.0)	(95.0, 0.0)	(96.0, 0.0)	(97.0, 0.0)	(98.0, 0.0)	(99.0, 0.0)	(100.0, 0.0)
3995R_S2_R_Female_week9_S80_L001_R2_001	(0.0, 0.0)	(1.0, 0.0)	(2.0, 0.0)	(3.0, 0.0)	(4.0, 0.0)	(5.0, 0.0)	(6.0, 0.0)	(7.0, 0.0)	(8.0, 0.0)	(9.0, 0.0)	(10.0, 0.0)	(11.0, 0.0)	(12.0, 0.0)	(13.0, 0.0)	(14.0, 0.0)	(15.0, 0.0)	(16.0, 0.0)	(17.0, 0.0)	(18.0, 0.0)	(19.0, 0.0)	(20.0, 0.0)	(21.0, 0.0)	(22.0, 0.0)	(23.0, 0.0)	(24.0, 0.0)	(25.0, 0.0)	(26.0, 0.0)	(27.0, 0.0)	(28.0, 0.0)	(29.0, 0.0)	(30.0, 0.0)	(31.0, 0.000484101306266617)	(32.0, 0.000968202612533234)	(33.0, 0.000484101306266617)	(34.0, 0.0)	(35.0, 0.0)	(36.0, 0.000968202612533234)	(37.0, 0.001936405225066468)	(38.0, 0.0022591394292442125)	(39.0, 0.003711443348044064)	(40.0, 0.004679645960577298)	(41.0, 0.005325114368932787)	(42.0, 0.010488861635776702)	(43.0, 0.021945925884086632)	(44.0, 0.060028561977060635)	(45.0, 2.1366617987586496)	(46.0, 15.090405918953104)	(47.0, 5.887882137466711)	(48.0, 1.5640506369963143)	(49.0, 0.8066741433422939)	(50.0, 0.8424976400060286)	(51.0, 7.994771705888327)	(52.0, 8.615712314727446)	(53.0, 8.17332440435001)	(54.0, 7.30654101547975)	(55.0, 2.338693410574026)	(56.0, 16.674304709504696)	(57.0, 16.965895062978127)	(58.0, 2.0551714122037783)	(59.0, 0.7376090236482429)	(60.0, 0.6415955979053618)	(61.0, 0.5769680735187634)	(62.0, 0.30853389919392316)	(63.0, 0.21865242333042245)	(64.0, 0.21131022018537954)	(65.0, 0.14022801171523028)	(66.0, 0.09512590668139019)	(67.0, 0.08972010876141298)	(68.0, 0.08084491814652502)	(69.0, 0.054703447608127766)	(70.0, 0.04486005438070654)	(71.0, 0.04808739642248401)	(72.0, 0.09601342574287869)	(73.0, 0.037114433480440655)	(74.0, 0.01420030498382077)	(75.0, 0.007422886696088128)	(76.0, 0.004598962409532862)	(77.0, 0.005809215675199404)	(78.0, 0.005970582777288277)	(79.0, 0.0033887091438663196)	(80.0, 0.0012909368167109787)	(81.0, 0.0003227342041777447)	(82.0, 0.0)	(83.0, 0.0006454684083554894)	(84.0, 0.0006454684083554894)	(85.0, 0.0)	(86.0, 0.0)	(87.0, 0.000484101306266617)	(88.0, 0.000968202612533234)	(89.0, 0.000484101306266617)	(90.0, 0.0)	(91.0, 0.0002420506531333085)	(92.0, 0.000968202612533234)	(93.0, 0.0012909368167109787)	(94.0, 0.0003227342041777447)	(95.0, 0.0003227342041777447)	(96.0, 0.0002420506531333085)	(97.0, 0.0007261519593999256)	(98.0, 0.000484101306266617)	(99.0, 0.000484101306266617)	(100.0, 0.0014523039187998511)
3997R_S2_L_Male_week5_S73_L001_R1_001	(0.0, 0.0)	(1.0, 0.0)	(2.0, 0.0)	(3.0, 0.0)	(4.0, 0.0)	(5.0, 0.0)	(6.0, 0.0)	(7.0, 0.0)	(8.0, 0.0)	(9.0, 0.0)	(10.0, 0.0)	(11.0, 0.0)	(12.0, 0.0)	(13.0, 0.0)	(14.0, 0.0)	(15.0, 0.0)	(16.0, 0.0)	(17.0, 0.0)	(18.0, 0.0)	(19.0, 0.0)	(20.0, 0.0)	(21.0, 0.0)	(22.0, 0.0)	(23.0, 0.0)	(24.0, 0.0)	(25.0, 0.0)	(26.0, 0.0)	(27.0, 0.0)	(28.0, 0.0)	(29.0, 0.0)	(30.0, 0.0)	(31.0, 0.0)	(32.0, 0.0)	(33.0, 0.0)	(34.0, 0.0)	(35.0, 0.0)	(36.0, 0.0)	(37.0, 0.0)	(38.0, 0.0004080050592626056)	(39.0, 0.0004080050592626056)	(40.0, 0.0)	(41.0, 0.0020400252963130284)	(42.0, 0.012104150091457301)	(43.0, 0.0315523912496415)	(44.0, 0.1141054149071087)	(45.0, 0.20481853974982783)	(46.0, 0.3852927776303232)	(47.0, 24.99058188322368)	(48.0, 27.0915359350551)	(49.0, 4.930197134443315)	(50.0, 4.544768355126402)	(51.0, 10.282135498474887)	(52.0, 15.573009105307131)	(53.0, 8.468145004994977)	(54.0, 2.0594735374711997)	(55.0, 0.6552561251757367)	(56.0, 0.24711506422671792)	(57.0, 0.12702557511709117)	(58.0, 0.1213135042874147)	(59.0, 0.0968332007316586)	(60.0, 0.025024310301439815)	(61.0, 0.017136212489029436)	(62.0, 0.010336128167986007)	(63.0, 0.004488055651888662)	(64.0, 0.004080050592626057)	(65.0, 0.0008160101185252112)	(66.0, 0.0)	(67.0, 0.0)	(68.0, 0.0)	(69.0, 0.0)	(70.0, 0.0)	(71.0, 0.0)	(72.0, 0.0)	(73.0, 0.0)	(74.0, 0.0)	(75.0, 0.0)	(76.0, 0.0)	(77.0, 0.0)	(78.0, 0.0)	(79.0, 0.0)	(80.0, 0.0)	(81.0, 0.0)	(82.0, 0.0)	(83.0, 0.0)	(84.0, 0.0)	(85.0, 0.0)	(86.0, 0.0)	(87.0, 0.0)	(88.0, 0.0)	(89.0, 0.0)	(90.0, 0.0)	(91.0, 0.0)	(92.0, 0.0)	(93.0, 0.0)	(94.0, 0.0)	(95.0, 0.0)	(96.0, 0.0)	(97.0, 0.0)	(98.0, 0.0)	(99.0, 0.0)	(100.0, 0.0)
3997R_S2_L_Male_week5_S73_L001_R2_001	(0.0, 0.0)	(1.0, 0.0)	(2.0, 0.0)	(3.0, 0.0)	(4.0, 0.0)	(5.0, 0.0)	(6.0, 0.0)	(7.0, 0.0)	(8.0, 0.0)	(9.0, 0.0)	(10.0, 0.0)	(11.0, 0.0)	(12.0, 0.0)	(13.0, 0.0)	(14.0, 0.0)	(15.0, 0.0)	(16.0, 0.0)	(17.0, 0.0)	(18.0, 0.0)	(19.0, 0.0)	(20.0, 0.0)	(21.0, 0.0)	(22.0, 0.0)	(23.0, 0.0)	(24.0, 0.0)	(25.0, 0.0)	(26.0, 0.0)	(27.0, 0.0)	(28.0, 0.0)	(29.0, 0.0)	(30.0, 0.0)	(31.0, 0.0)	(32.0, 0.0)	(33.0, 0.0)	(34.0, 0.0)	(35.0, 0.00083103298785429)	(36.0, 0.00166206597570858)	(37.0, 0.00083103298785429)	(38.0, 0.00083103298785429)	(39.0, 0.00083103298785429)	(40.0, 0.0027701099595143)	(41.0, 0.00664826390283432)	(42.0, 0.010249406850202909)	(43.0, 0.02022180270445439)	(44.0, 0.04127463839676306)	(45.0, 0.9706465298138052)	(46.0, 24.334030939367896)	(47.0, 21.35920985384006)	(48.0, 1.6892130533118888)	(49.0, 0.7903123714494179)	(50.0, 0.6850481929878772)	(51.0, 3.6846617626477634)	(52.0, 4.204749907546812)	(53.0, 9.347597552881957)	(54.0, 8.363654495263383)	(55.0, 1.5779931384373729)	(56.0, 9.789430091424112)	(57.0, 9.653556197910063)	(58.0, 1.1498726441944005)	(59.0, 0.45346700037249166)	(60.0, 0.4520819453927354)	(61.0, 0.4177325818947597)	(62.0, 0.227426027676124)	(63.0, 0.16232844362753787)	(64.0, 0.1526330587692375)	(65.0, 0.10221705750607774)	(66.0, 0.079225144842109)	(67.0, 0.06066540811336317)	(68.0, 0.04736888030769453)	(69.0, 0.030748220550608732)	(70.0, 0.027147077603240137)	(71.0, 0.03102523154656016)	(72.0, 0.023268923659920126)	(73.0, 0.01163446182996006)	(74.0, 0.008310329878542902)	(75.0, 0.00581723091498003)	(76.0, 0.00249309896356287)	(77.0, 0.00083103298785429)	(78.0, 0.0027701099595143)	(79.0, 0.00360114294736859)	(80.0, 0.00083103298785429)	(81.0, 0.00055402199190286)	(82.0, 0.00055402199190286)	(83.0, 0.0)	(84.0, 0.0)	(85.0, 0.0)	(86.0, 0.00055402199190286)	(87.0, 0.00110804398380572)	(88.0, 0.00083103298785429)	(89.0, 0.00166206597570858)	(90.0, 0.00083103298785429)	(91.0, 0.00055402199190286)	(92.0, 0.00083103298785429)	(93.0, 0.00083103298785429)	(94.0, 0.0)	(95.0, 0.0)	(96.0, 0.0)	(97.0, 0.0)	(98.0, 0.00055402199190286)	(99.0, 0.00055402199190286)	(100.0, 0.00083103298785429)
3997R_S2_L_Male_week9_S87_L001_R1_001	(0.0, 0.0)	(1.0, 0.0)	(2.0, 0.0)	(3.0, 0.0)	(4.0, 0.0)	(5.0, 0.0)	(6.0, 0.0)	(7.0, 0.0)	(8.0, 0.0)	(9.0, 0.0)	(10.0, 0.0)	(11.0, 0.0)	(12.0, 0.0)	(13.0, 0.0)	(14.0, 0.0)	(15.0, 0.0)	(16.0, 0.0)	(17.0, 0.0)	(18.0, 0.0)	(19.0, 0.0)	(20.0, 0.0)	(21.0, 0.0)	(22.0, 0.0)	(23.0, 0.0)	(24.0, 0.0)	(25.0, 0.0)	(26.0, 0.0)	(27.0, 0.0)	(28.0, 0.0)	(29.0, 0.0)	(30.0, 0.0)	(31.0, 0.0)	(32.0, 0.0)	(33.0, 0.0)	(34.0, 0.0)	(35.0, 0.0)	(36.0, 0.00030636621332131593)	(37.0, 0.00030636621332131593)	(38.0, 0.000229774659990987)	(39.0, 0.000229774659990987)	(40.0, 0.0006893239799729609)	(41.0, 0.002604112813231186)	(42.0, 0.007199606013050925)	(43.0, 0.025964536578981522)	(44.0, 0.10569634359585399)	(45.0, 0.1784583192596667)	(46.0, 0.4371845864095116)	(47.0, 19.6361594850574)	(48.0, 21.56596026276138)	(49.0, 6.204605143735111)	(50.0, 6.2405265822470035)	(51.0, 11.172563067405603)	(52.0, 19.23183267502811)	(53.0, 11.3952913044906)	(54.0, 2.3579475608275526)	(55.0, 0.6685676690204521)	(56.0, 0.2653131407362603)	(57.0, 0.13334589434810268)	(58.0, 0.14628986686092857)	(59.0, 0.11603620329544784)	(60.0, 0.02581135347232085)	(61.0, 0.01884152211926093)	(62.0, 0.04197217122502033)	(63.0, 0.009497352612960796)	(64.0, 0.005055042519801714)	(65.0, 0.0027572959198918436)	(66.0, 0.00229774659990987)	(67.0, 0.000459549319981974)	(68.0, 0.0)	(69.0, 0.0)	(70.0, 0.0)	(71.0, 0.0)	(72.0, 0.0)	(73.0, 0.0)	(74.0, 0.0)	(75.0, 0.0)	(76.0, 0.0)	(77.0, 0.0)	(78.0, 0.0)	(79.0, 0.0)	(80.0, 0.0)	(81.0, 0.0)	(82.0, 0.0)	(83.0, 0.0)	(84.0, 0.0)	(85.0, 0.0)	(86.0, 0.0)	(87.0, 0.0)	(88.0, 0.0)	(89.0, 0.0)	(90.0, 0.0)	(91.0, 0.0)	(92.0, 0.0)	(93.0, 0.0)	(94.0, 0.0)	(95.0, 0.0)	(96.0, 0.0)	(97.0, 0.0)	(98.0, 0.0)	(99.0, 0.0)	(100.0, 0.0)
3997R_S2_L_Male_week9_S87_L001_R2_001	(0.0, 0.0)	(1.0, 0.0)	(2.0, 0.0)	(3.0, 0.0)	(4.0, 0.0)	(5.0, 0.0)	(6.0, 0.0)	(7.0, 0.0)	(8.0, 0.0)	(9.0, 0.0)	(10.0, 0.0)	(11.0, 0.0)	(12.0, 0.0)	(13.0, 0.0)	(14.0, 0.0)	(15.0, 0.0)	(16.0, 0.0)	(17.0, 0.0)	(18.0, 0.0)	(19.0, 0.0)	(20.0, 0.0)	(21.0, 0.0)	(22.0, 0.0)	(23.0, 0.0)	(24.0, 0.0)	(25.0, 0.0)	(26.0, 0.0)	(27.0, 0.0)	(28.0, 0.0)	(29.0, 0.0)	(30.0, 0.0)	(31.0, 0.0004927103503663558)	(32.0, 0.0014781310510990672)	(33.0, 0.0014781310510990672)	(34.0, 0.0014781310510990672)	(35.0, 0.0009854207007327115)	(36.0, 0.00032847356691090377)	(37.0, 0.001642367834554519)	(38.0, 0.004270156369841749)	(39.0, 0.005748287420940816)	(40.0, 0.008704549523138951)	(41.0, 0.014124363377168866)	(42.0, 0.016752151912456097)	(43.0, 0.02989109458889223)	(44.0, 0.07735552500751783)	(45.0, 2.8480300619011834)	(46.0, 20.416274551343445)	(47.0, 8.389707609252508)	(48.0, 1.7760565762871372)	(49.0, 0.8886852352774758)	(50.0, 0.8546061027104686)	(51.0, 7.878766975922192)	(52.0, 8.937765755644342)	(53.0, 11.090992105140899)	(54.0, 9.657615577530928)	(55.0, 2.2633471127995426)	(56.0, 10.305776043438994)	(57.0, 10.468945287802283)	(58.0, 1.5176299975200398)	(59.0, 0.5816445686074833)	(60.0, 0.46150536150981625)	(61.0, 0.40944230115443797)	(62.0, 0.2450412809155346)	(63.0, 0.18164588250173008)	(64.0, 0.18016775145063163)	(65.0, 0.1090532242144199)	(66.0, 0.06618742373254713)	(67.0, 0.06126032022888356)	(68.0, 0.05370542818993278)	(69.0, 0.031204988856535863)	(70.0, 0.025620938219050496)	(71.0, 0.022336202549941446)	(72.0, 0.03810293376166485)	(73.0, 0.0225004393333969)	(74.0, 0.013960126593713412)	(75.0, 0.01018268057423802)	(76.0, 0.007554892038950787)	(77.0, 0.0036132092360199415)	(78.0, 0.001970841401465423)	(79.0, 0.0022993149683763264)	(80.0, 0.001642367834554519)	(81.0, 0.0006569471338218075)	(82.0, 0.0006569471338218075)	(83.0, 0.00032847356691090377)	(84.0, 0.0)	(85.0, 0.0)	(86.0, 0.0008211839172772595)	(87.0, 0.0004927103503663558)	(88.0, 0.00032847356691090377)	(89.0, 0.00032847356691090377)	(90.0, 0.0004927103503663558)	(91.0, 0.0004927103503663558)	(92.0, 0.00032847356691090377)	(93.0, 0.0)	(94.0, 0.00032847356691090377)	(95.0, 0.0006569471338218075)	(96.0, 0.00032847356691090377)	(97.0, 0.0)	(98.0, 0.0)	(99.0, 0.001724486226282245)	(100.0, 0.0024635517518317783)
3997R_S2_R_Male_week5_S74_L001_R1_001	(0.0, 0.0)	(1.0, 0.0)	(2.0, 0.0)	(3.0, 0.0)	(4.0, 0.0)	(5.0, 0.0)	(6.0, 0.0)	(7.0, 0.0)	(8.0, 0.0)	(9.0, 0.0)	(10.0, 0.0)	(11.0, 0.0)	(12.0, 0.0)	(13.0, 0.0)	(14.0, 0.0)	(15.0, 0.0)	(16.0, 0.0)	(17.0, 0.0)	(18.0, 0.0)	(19.0, 0.0)	(20.0, 0.0)	(21.0, 0.0)	(22.0, 0.0)	(23.0, 0.0)	(24.0, 0.0)	(25.0, 0.0)	(26.0, 0.0)	(27.0, 0.0)	(28.0, 0.0)	(29.0, 0.0)	(30.0, 0.0)	(31.0, 0.0)	(32.0, 0.0)	(33.0, 0.000323808506125675)	(34.0, 0.000323808506125675)	(35.0, 0.0)	(36.0, 0.0)	(37.0, 0.0)	(38.0, 0.0005666648857199311)	(39.0, 0.0016999946571597936)	(40.0, 0.0016190425306283748)	(41.0, 0.001214281897971281)	(42.0, 0.006799978628639174)	(43.0, 0.024771350718614134)	(44.0, 0.07641880744565929)	(45.0, 0.1301710194625213)	(46.0, 0.33068943688084423)	(47.0, 20.00472760418786)	(48.0, 22.267096684353206)	(49.0, 4.840775262325716)	(50.0, 5.038622259568329)	(51.0, 15.265871069178734)	(52.0, 19.516829137584754)	(53.0, 8.22854080553676)	(54.0, 2.620258431569064)	(55.0, 0.7968117814487748)	(56.0, 0.2852752938967201)	(57.0, 0.14822334367902767)	(58.0, 0.17493754543439652)	(59.0, 0.14369002459326813)	(60.0, 0.039423685620800925)	(61.0, 0.022504691175734403)	(62.0, 0.02072374439204319)	(63.0, 0.0067999786286391745)	(64.0, 0.003966654200039519)	(65.0, 0.000323808506125675)	(66.0, 0.0)	(67.0, 0.0)	(68.0, 0.0)	(69.0, 0.0)	(70.0, 0.0)	(71.0, 0.0)	(72.0, 0.0)	(73.0, 0.0)	(74.0, 0.0)	(75.0, 0.0)	(76.0, 0.0)	(77.0, 0.0)	(78.0, 0.0)	(79.0, 0.0)	(80.0, 0.0)	(81.0, 0.0)	(82.0, 0.0)	(83.0, 0.0)	(84.0, 0.0)	(85.0, 0.0)	(86.0, 0.0)	(87.0, 0.0)	(88.0, 0.0)	(89.0, 0.0)	(90.0, 0.0)	(91.0, 0.0)	(92.0, 0.0)	(93.0, 0.0)	(94.0, 0.0)	(95.0, 0.0)	(96.0, 0.0)	(97.0, 0.0)	(98.0, 0.0)	(99.0, 0.0)	(100.0, 0.0)
3997R_S2_R_Male_week5_S74_L001_R2_001	(0.0, 0.0)	(1.0, 0.0)	(2.0, 0.0)	(3.0, 0.0)	(4.0, 0.0)	(5.0, 0.0)	(6.0, 0.0)	(7.0, 0.0)	(8.0, 0.0)	(9.0, 0.0)	(10.0, 0.0)	(11.0, 0.0)	(12.0, 0.0)	(13.0, 0.0)	(14.0, 0.0)	(15.0, 0.0)	(16.0, 0.0)	(17.0, 0.0)	(18.0, 0.0)	(19.0, 0.0)	(20.0, 0.0)	(21.0, 0.0)	(22.0, 0.0)	(23.0, 0.0)	(24.0, 0.0)	(25.0, 0.0)	(26.0, 0.0)	(27.0, 0.0)	(28.0, 0.0)	(29.0, 0.0)	(30.0, 0.0)	(31.0, 0.0)	(32.0, 0.0)	(33.0, 0.0)	(34.0, 0.0)	(35.0, 0.0009933602147642175)	(36.0, 0.0014900403221463263)	(37.0, 0.0014900403221463263)	(38.0, 0.002317840501116507)	(39.0, 0.004635681002233015)	(40.0, 0.006787961467555486)	(41.0, 0.01109252239820043)	(42.0, 0.014569283149875191)	(43.0, 0.019701644259490312)	(44.0, 0.04519788977177191)	(45.0, 0.9583442671938173)	(46.0, 19.195527230069164)	(47.0, 16.338374912363943)	(48.0, 1.4691797576362238)	(49.0, 0.7090108532879701)	(50.0, 0.649823140491597)	(51.0, 3.805314642708647)	(52.0, 4.239826956650053)	(53.0, 9.312255333306311)	(54.0, 8.092160649520114)	(55.0, 1.9983924120517687)	(56.0, 14.323592056765)	(57.0, 14.26216928348532)	(58.0, 1.6270412517658177)	(59.0, 0.581943525816037)	(60.0, 0.5792945652433326)	(61.0, 0.527557054057691)	(62.0, 0.2774786199908048)	(63.0, 0.21638696678280564)	(64.0, 0.21241352592374993)	(65.0, 0.11324306448312063)	(66.0, 0.07648873653684472)	(67.0, 0.06042941306482324)	(68.0, 0.052979211454091596)	(69.0, 0.04569456987915401)	(70.0, 0.03741656808945219)	(71.0, 0.029304126335544408)	(72.0, 0.030131926514514573)	(73.0, 0.019536084223696272)	(74.0, 0.012913682791934828)	(75.0, 0.008112441753907774)	(76.0, 0.00529792114540916)	(77.0, 0.00397344085905687)	(78.0, 0.0029800806442926526)	(79.0, 0.0024006205190135257)	(80.0, 0.001903940411631417)	(81.0, 0.0009105801968671992)	(82.0, 0.0005794601252791268)	(83.0, 0.0003311200715880725)	(84.0, 0.0003311200715880725)	(85.0, 0.0)	(86.0, 0.0)	(87.0, 0.0)	(88.0, 0.0)	(89.0, 0.0)	(90.0, 0.0003311200715880725)	(91.0, 0.000662240143176145)	(92.0, 0.0008278001789701812)	(93.0, 0.0012417002684552718)	(94.0, 0.0008278001789701812)	(95.0, 0.0004966801073821087)	(96.0, 0.0007450201610731632)	(97.0, 0.00024834005369105437)	(98.0, 0.000662240143176145)	(99.0, 0.0011589202505582535)	(100.0, 0.003476760751674761)
3997R_S2_R_Male_week9_S88_L001_R1_001	(0.0, 0.0)	(1.0, 0.0)	(2.0, 0.0)	(3.0, 0.0)	(4.0, 0.0)	(5.0, 0.0)	(6.0, 0.0)	(7.0, 0.0)	(8.0, 0.0)	(9.0, 0.0)	(10.0, 0.0)	(11.0, 0.0)	(12.0, 0.0)	(13.0, 0.0)	(14.0, 0.0)	(15.0, 0.0)	(16.0, 0.0)	(17.0, 0.0)	(18.0, 0.0)	(19.0, 0.0)	(20.0, 0.0)	(21.0, 0.0)	(22.0, 0.0)	(23.0, 0.0)	(24.0, 0.0)	(25.0, 0.0)	(26.0, 0.0005236184654050371)	(27.0, 0.0)	(28.0, 0.0)	(29.0, 0.0)	(30.0, 0.0)	(31.0, 0.0)	(32.0, 0.0)	(33.0, 0.0)	(34.0, 0.0)	(35.0, 0.0)	(36.0, 0.0)	(37.0, 0.0)	(38.0, 0.0)	(39.0, 0.0)	(40.0, 0.0)	(41.0, 0.0018326646289176297)	(42.0, 0.0044507569559428155)	(43.0, 0.020682929383498968)	(44.0, 0.0759246774837304)	(45.0, 0.1416387948920625)	(46.0, 0.40475707375809733)	(47.0, 16.729479065076916)	(48.0, 17.656152844229158)	(49.0, 4.792810718469069)	(50.0, 4.841769044984466)	(51.0, 18.45768181014937)	(52.0, 24.45520771290947)	(53.0, 9.03660747595897)	(54.0, 1.8697106353450497)	(55.0, 0.7240334330388035)	(56.0, 0.31076755921789107)	(57.0, 0.14569683799895128)	(58.0, 0.1184686777978897)	(59.0, 0.0879679021880464)	(60.0, 0.02565730480484682)	(61.0, 0.013614080100530964)	(62.0, 0.05890707735806667)	(63.0, 0.013875889333233481)	(64.0, 0.004974375421347852)	(65.0, 0.0044507569559428155)	(66.0, 0.0018326646289176297)	(67.0, 0.0005236184654050371)	(68.0, 0.0)	(69.0, 0.0)	(70.0, 0.0)	(71.0, 0.0)	(72.0, 0.0)	(73.0, 0.0)	(74.0, 0.0)	(75.0, 0.0)	(76.0, 0.0)	(77.0, 0.0)	(78.0, 0.0)	(79.0, 0.0)	(80.0, 0.0)	(81.0, 0.0)	(82.0, 0.0)	(83.0, 0.0)	(84.0, 0.0)	(85.0, 0.0)	(86.0, 0.0)	(87.0, 0.0)	(88.0, 0.0)	(89.0, 0.0)	(90.0, 0.0)	(91.0, 0.0)	(92.0, 0.0)	(93.0, 0.0)	(94.0, 0.0)	(95.0, 0.0)	(96.0, 0.0)	(97.0, 0.0)	(98.0, 0.0)	(99.0, 0.0)	(100.0, 0.0)
3997R_S2_R_Male_week9_S88_L001_R2_001	(0.0, 0.0)	(1.0, 0.0)	(2.0, 0.0)	(3.0, 0.0)	(4.0, 0.0)	(5.0, 0.0)	(6.0, 0.0)	(7.0, 0.0)	(8.0, 0.0)	(9.0, 0.0)	(10.0, 0.0)	(11.0, 0.0)	(12.0, 0.0)	(13.0, 0.0)	(14.0, 0.0)	(15.0, 0.0)	(16.0, 0.0)	(17.0, 0.0)	(18.0, 0.0)	(19.0, 0.0)	(20.0, 0.0)	(21.0, 0.0)	(22.0, 0.0)	(23.0, 0.0)	(24.0, 0.0)	(25.0, 0.0)	(26.0, 0.0)	(27.0, 0.0)	(28.0, 0.0)	(29.0, 0.0)	(30.0, 0.0)	(31.0, 0.0)	(32.0, 0.0)	(33.0, 0.0)	(34.0, 0.0)	(35.0, 0.0)	(36.0, 0.0)	(37.0, 0.0008376928264173902)	(38.0, 0.0016753856528347803)	(39.0, 0.0016753856528347803)	(40.0, 0.0016753856528347803)	(41.0, 0.004467695074226081)	(42.0, 0.005863849784921731)	(43.0, 0.013682316164817371)	(44.0, 0.05026156958504339)	(45.0, 2.2829921829294775)	(46.0, 17.716924047787934)	(47.0, 7.672707828099526)	(48.0, 2.0348954908389154)	(49.0, 0.743591998916492)	(50.0, 0.6732258014974333)	(51.0, 5.768073571768756)	(52.0, 6.219590005207932)	(53.0, 7.322691842128442)	(54.0, 6.426779364275255)	(55.0, 1.8993288684303875)	(56.0, 17.121882910088356)	(57.0, 18.341563665354307)	(58.0, 2.205365981014812)	(59.0, 0.7865935640059218)	(60.0, 0.6383219337300458)	(61.0, 0.5153207037177636)	(62.0, 0.28677017757688694)	(63.0, 0.2335766830993823)	(64.0, 0.2242224465377213)	(65.0, 0.14715470650732143)	(66.0, 0.11169237685565206)	(67.0, 0.11671853381415641)	(68.0, 0.10191929388078248)	(69.0, 0.06338542386558252)	(70.0, 0.05361234089071296)	(71.0, 0.05891772879135646)	(72.0, 0.07734697097253916)	(73.0, 0.025689246676799973)	(74.0, 0.012006930511982592)	(75.0, 0.012286161454121721)	(76.0, 0.00781846637989564)	(77.0, 0.0008376928264173902)	(78.0, 0.0)	(79.0, 0.0005584618842782601)	(80.0, 0.0005584618842782601)	(81.0, 0.0)	(82.0, 0.0)	(83.0, 0.0)	(84.0, 0.0)	(85.0, 0.0013961547106956503)	(86.0, 0.0025130784792521703)	(87.0, 0.0030715403635304304)	(88.0, 0.0013961547106956503)	(89.0, 0.0)	(90.0, 0.0011169237685565202)	(91.0, 0.0011169237685565202)	(92.0, 0.0)	(93.0, 0.0)	(94.0, 0.0)	(95.0, 0.0)	(96.0, 0.0)	(97.0, 0.0)	(98.0, 0.0004188464132086951)	(99.0, 0.0)	(100.0, 0.00390923318994782)
NS1_mouse_inoculum_S35_L001_R1_001	(0.0, 0.0)	(1.0, 0.0)	(2.0, 0.0)	(3.0, 0.0)	(4.0, 0.0)	(5.0, 0.0)	(6.0, 0.0)	(7.0, 0.0)	(8.0, 0.0)	(9.0, 0.0)	(10.0, 0.0)	(11.0, 0.0)	(12.0, 0.0)	(13.0, 0.0)	(14.0, 0.0)	(15.0, 0.0)	(16.0, 0.0)	(17.0, 0.0)	(18.0, 0.0)	(19.0, 0.0)	(20.0, 0.0)	(21.0, 0.0)	(22.0, 0.0)	(23.0, 0.0)	(24.0, 0.0)	(25.0, 0.0)	(26.0, 0.0)	(27.0, 0.0)	(28.0, 0.0)	(29.0, 0.0)	(30.0, 0.0)	(31.0, 0.0)	(32.0, 0.0)	(33.0, 0.0)	(34.0, 0.0)	(35.0, 0.0)	(36.0, 0.0)	(37.0, 0.0)	(38.0, 0.0)	(39.0, 0.0)	(40.0, 0.0004883259575765703)	(41.0, 0.001953303830306281)	(42.0, 0.004883259575765703)	(43.0, 0.022218831069733946)	(44.0, 0.07837631619103953)	(45.0, 0.14039371280326393)	(46.0, 0.41312376010978014)	(47.0, 9.93743323668072)	(48.0, 14.9802533190881)	(49.0, 7.812238669309424)	(50.0, 5.808759346863676)	(51.0, 5.485365481458444)	(52.0, 7.002838394626972)	(53.0, 18.60827102090978)	(54.0, 22.774423927981793)	(55.0, 4.220479169845171)	(56.0, 1.0650389134745117)	(57.0, 0.5352052495039198)	(58.0, 0.372226461162743)	(59.0, 0.2878681519913895)	(60.0, 0.1091408515183635)	(61.0, 0.07349305661527393)	(62.0, 0.19533038303062725)	(63.0, 0.043094765756132275)	(64.0, 0.015016023195479539)	(65.0, 0.007569052342436838)	(66.0, 0.0026857927666711365)	(67.0, 0.001342896383335568)	(68.0, 0.0004883259575765703)	(69.0, 0.0)	(70.0, 0.0)	(71.0, 0.0)	(72.0, 0.0)	(73.0, 0.0)	(74.0, 0.0)	(75.0, 0.0)	(76.0, 0.0)	(77.0, 0.0)	(78.0, 0.0)	(79.0, 0.0)	(80.0, 0.0)	(81.0, 0.0)	(82.0, 0.0)	(83.0, 0.0)	(84.0, 0.0)	(85.0, 0.0)	(86.0, 0.0)	(87.0, 0.0)	(88.0, 0.0)	(89.0, 0.0)	(90.0, 0.0)	(91.0, 0.0)	(92.0, 0.0)	(93.0, 0.0)	(94.0, 0.0)	(95.0, 0.0)	(96.0, 0.0)	(97.0, 0.0)	(98.0, 0.0)	(99.0, 0.0)	(100.0, 0.0)
NS1_mouse_inoculum_S35_L001_R2_001	(0.0, 0.0)	(1.0, 0.0)	(2.0, 0.0)	(3.0, 0.0)	(4.0, 0.0)	(5.0, 0.0)	(6.0, 0.0)	(7.0, 0.0)	(8.0, 0.0)	(9.0, 0.0)	(10.0, 0.0)	(11.0, 0.0)	(12.0, 0.0)	(13.0, 0.0)	(14.0, 0.0)	(15.0, 0.0)	(16.0, 0.0)	(17.0, 0.0)	(18.0, 0.0)	(19.0, 0.0)	(20.0, 0.0)	(21.0, 0.0)	(22.0, 0.0)	(23.0, 0.0)	(24.0, 0.0)	(25.0, 0.0)	(26.0, 0.0)	(27.0, 0.0)	(28.0, 0.0)	(29.0, 0.0)	(30.0, 0.0)	(31.0, 0.0)	(32.0, 0.0)	(33.0, 0.001507412701962085)	(34.0, 0.002261119052943128)	(35.0, 0.002261119052943128)	(36.0, 0.001507412701962085)	(37.0, 0.0007537063509810426)	(38.0, 0.0007537063509810426)	(39.0, 0.0007537063509810426)	(40.0, 0.004522238105886256)	(41.0, 0.011305595264715638)	(42.0, 0.018340187873872035)	(43.0, 0.01859142332419905)	(44.0, 0.04346373290657344)	(45.0, 0.6471825200423789)	(46.0, 7.73051480656194)	(47.0, 7.99808056115997)	(48.0, 10.943816216241547)	(49.0, 3.0213575256324154)	(50.0, 3.479359751578718)	(51.0, 11.612102514110775)	(52.0, 12.798687546005416)	(53.0, 6.438285267806097)	(54.0, 7.249901390086788)	(55.0, 3.0121874316954975)	(56.0, 13.688186657889844)	(57.0, 5.159371207916222)	(58.0, 1.041370941605487)	(59.0, 0.6366306311286505)	(60.0, 1.0300653463407672)	(61.0, 1.0205183992283409)	(62.0, 0.46855411485988074)	(63.0, 0.3753457627885596)	(64.0, 0.3484635696035704)	(65.0, 0.21706742908254043)	(66.0, 0.15702215645438383)	(67.0, 0.16204686546092414)	(68.0, 0.1474752093419573)	(69.0, 0.08692746581314695)	(70.0, 0.07461692874712327)	(71.0, 0.07009469064123704)	(72.0, 0.15601721465307516)	(73.0, 0.05401562182030804)	(74.0, 0.01997321830099763)	(75.0, 0.012436154791187204)	(76.0, 0.00829076986079147)	(77.0, 0.00602965080784834)	(78.0, 0.00301482540392417)	(79.0, 0.0020098836026161133)	(80.0, 0.001507412701962085)	(81.0, 0.0007537063509810426)	(82.0, 0.0005024709006540283)	(83.0, 0.0010049418013080567)	(84.0, 0.0)	(85.0, 0.0)	(86.0, 0.0005024709006540283)	(87.0, 0.0005024709006540283)	(88.0, 0.0003768531754905213)	(89.0, 0.0)	(90.0, 0.0)	(91.0, 0.0)	(92.0, 0.0)	(93.0, 0.0007537063509810426)	(94.0, 0.0012561772516350709)	(95.0, 0.0)	(96.0, 0.0005024709006540283)	(97.0, 0.0005024709006540283)	(98.0, 0.0)	(99.0, 0.0035172963045781982)	(100.0, 0.005275944456867299)
Positive_Control_S89_L001_R1_001	(0.0, 0.0)	(1.0, 0.0)	(2.0, 0.0)	(3.0, 0.0)	(4.0, 0.0)	(5.0, 0.0)	(6.0, 0.0)	(7.0, 0.0)	(8.0, 0.0)	(9.0, 0.0)	(10.0, 0.0)	(11.0, 0.0)	(12.0, 0.0)	(13.0, 0.0)	(14.0, 0.0)	(15.0, 0.0)	(16.0, 0.0)	(17.0, 0.0)	(18.0, 0.0)	(19.0, 0.0)	(20.0, 0.0)	(21.0, 0.0)	(22.0, 0.0)	(23.0, 0.0)	(24.0, 0.0)	(25.0, 0.0)	(26.0, 0.0)	(27.0, 0.0)	(28.0, 0.0)	(29.0, 0.0)	(30.0, 0.0)	(31.0, 0.0)	(32.0, 0.0)	(33.0, 0.0)	(34.0, 0.0)	(35.0, 0.0)	(36.0, 0.0)	(37.0, 0.0)	(38.0, 0.0)	(39.0, 0.0)	(40.0, 0.00042787429908839903)	(41.0, 0.0)	(42.0, 0.0032090572431629936)	(43.0, 0.006525083061098088)	(44.0, 0.011873511799703074)	(45.0, 0.03027210666050423)	(46.0, 0.07145500794776265)	(47.0, 0.1991754862256499)	(48.0, 0.5480000085574641)	(49.0, 11.747823724344325)	(50.0, 26.617846209134893)	(51.0, 15.611849550843731)	(52.0, 8.92877390479961)	(53.0, 16.822412911541846)	(54.0, 11.98358246314242)	(55.0, 5.83513575381846)	(56.0, 0.7947765105567011)	(57.0, 0.3671161486178479)	(58.0, 0.20131485772109167)	(59.0, 0.11616787220250024)	(60.0, 0.06054421332100853)	(61.0, 0.029309389487555335)	(62.0, 0.008557485981767981)	(63.0, 0.0021393714954419953)	(64.0, 0.00042787429908839903)	(65.0, 0.0006418114486325987)	(66.0, 0.0006418114486325987)	(67.0, 0.0)	(68.0, 0.0)	(69.0, 0.0)	(70.0, 0.0)	(71.0, 0.0)	(72.0, 0.0)	(73.0, 0.0)	(74.0, 0.0)	(75.0, 0.0)	(76.0, 0.0)	(77.0, 0.0)	(78.0, 0.0)	(79.0, 0.0)	(80.0, 0.0)	(81.0, 0.0)	(82.0, 0.0)	(83.0, 0.0)	(84.0, 0.0)	(85.0, 0.0)	(86.0, 0.0)	(87.0, 0.0)	(88.0, 0.0)	(89.0, 0.0)	(90.0, 0.0)	(91.0, 0.0)	(92.0, 0.0)	(93.0, 0.0)	(94.0, 0.0)	(95.0, 0.0)	(96.0, 0.0)	(97.0, 0.0)	(98.0, 0.0)	(99.0, 0.0)	(100.0, 0.0)
Positive_Control_S89_L001_R2_001	(0.0, 0.0)	(1.0, 0.0)	(2.0, 0.0)	(3.0, 0.0)	(4.0, 0.0)	(5.0, 0.0)	(6.0, 0.0)	(7.0, 0.0)	(8.0, 0.0)	(9.0, 0.0)	(10.0, 0.0)	(11.0, 0.0)	(12.0, 0.0)	(13.0, 0.0)	(14.0, 0.0)	(15.0, 0.0)	(16.0, 0.0)	(17.0, 0.0)	(18.0, 0.0)	(19.0, 0.0)	(20.0, 0.0)	(21.0, 0.0)	(22.0, 0.0)	(23.0, 0.0)	(24.0, 0.0)	(25.0, 0.0)	(26.0, 0.0)	(27.0, 0.0)	(28.0, 0.0)	(29.0, 0.0)	(30.0, 0.0)	(31.0, 0.0)	(32.0, 0.0)	(33.0, 0.0)	(34.0, 0.0)	(35.0, 0.0)	(36.0, 0.0)	(37.0, 0.0007176818875033383)	(38.0, 0.0007176818875033383)	(39.0, 0.0)	(40.0, 0.0)	(41.0, 0.0007176818875033383)	(42.0, 0.0014353637750066765)	(43.0, 0.00430609132502003)	(44.0, 0.005741455100026706)	(45.0, 0.010047546425046733)	(46.0, 0.02033432014592792)	(47.0, 0.03779791274184246)	(48.0, 0.08683950838790411)	(49.0, 0.7990191680870405)	(50.0, 8.949971591756581)	(51.0, 11.887323943657512)	(52.0, 5.8141801979614005)	(53.0, 4.842678149577276)	(54.0, 15.368918393590414)	(55.0, 13.740737418138243)	(56.0, 19.18244071649418)	(57.0, 10.339403725961823)	(58.0, 3.399898328399109)	(59.0, 1.2478095750724845)	(60.0, 1.0403995095840068)	(61.0, 0.821267306599653)	(62.0, 0.5404144612900132)	(63.0, 0.4174516312311083)	(64.0, 0.32893753177236357)	(65.0, 0.24353338715946624)	(66.0, 0.20764929278429917)	(67.0, 0.15573696958822436)	(68.0, 0.10908764690050739)	(69.0, 0.07727041655452609)	(70.0, 0.06339523339612821)	(71.0, 0.06817977931281713)	(72.0, 0.05765377829610149)	(73.0, 0.04282168595436585)	(74.0, 0.0301426392751402)	(75.0, 0.019855865554259024)	(76.0, 0.011004455608384518)	(77.0, 0.003349182141682245)	(78.0, 0.0011961364791722303)	(79.0, 0.0009569091833377842)	(80.0, 0.0004784545916688921)	(81.0, 0.0)	(82.0, 0.0004784545916688921)	(83.0, 0.0019138183666755685)	(84.0, 0.0014353637750066765)	(85.0, 0.0)	(86.0, 0.0004784545916688921)	(87.0, 0.0021530456625100144)	(88.0, 0.0031099548458477988)	(89.0, 0.0014353637750066765)	(90.0, 0.0)	(91.0, 0.0)	(92.0, 0.0004784545916688921)	(93.0, 0.0009569091833377842)	(94.0, 0.0004784545916688921)	(95.0, 0.0009569091833377842)	(96.0, 0.0)	(97.0, 0.0004784545916688921)	(98.0, 0.0004784545916688921)	(99.0, 0.0011961364791722303)	(100.0, 0.002153045662510015)
S2_mouse_inoculum_S36_L001_R1_001	(0.0, 0.0)	(1.0, 0.0)	(2.0, 0.0)	(3.0, 0.0)	(4.0, 0.0)	(5.0, 0.0)	(6.0, 0.0)	(7.0, 0.0)	(8.0, 0.0)	(9.0, 0.0)	(10.0, 0.0)	(11.0, 0.0)	(12.0, 0.0)	(13.0, 0.0)	(14.0, 0.0)	(15.0, 0.0)	(16.0, 0.0)	(17.0, 0.0)	(18.0, 0.0)	(19.0, 0.0)	(20.0, 0.0)	(21.0, 0.0)	(22.0, 0.0)	(23.0, 0.0)	(24.0, 0.0)	(25.0, 0.0)	(26.0, 0.0)	(27.0, 0.0)	(28.0, 0.0)	(29.0, 0.0)	(30.0, 0.0)	(31.0, 0.0)	(32.0, 0.0)	(33.0, 0.0)	(34.0, 0.0)	(35.0, 0.0)	(36.0, 0.0)	(37.0, 0.0)	(38.0, 0.0002490442925274789)	(39.0, 0.0007471328775824366)	(40.0, 0.0007471328775824366)	(41.0, 0.0013282362268132205)	(42.0, 0.005312944907252882)	(43.0, 0.012203170333846465)	(44.0, 0.0524653309591222)	(45.0, 0.08857675337560662)	(46.0, 0.2443124509694587)	(47.0, 9.379589159933332)	(48.0, 10.14465322657914)	(49.0, 6.006035173355861)	(50.0, 7.422018005901666)	(51.0, 4.737237517693662)	(52.0, 20.9423836029233)	(53.0, 23.288795912344526)	(54.0, 9.887307457633629)	(55.0, 3.03460470444759)	(56.0, 0.8356266161938878)	(57.0, 0.49518306830879544)	(58.0, 1.4630522038347091)	(59.0, 1.4421324832624045)	(60.0, 0.24256914092176665)	(61.0, 0.12261280668769495)	(62.0, 0.09131624059340873)	(63.0, 0.0366925257657152)	(64.0, 0.015440746136703693)	(65.0, 0.0043167677371429665)	(66.0, 0.001494265755164873)	(67.0, 0.0)	(68.0, 0.0004980885850549578)	(69.0, 0.0004980885850549578)	(70.0, 0.0)	(71.0, 0.0)	(72.0, 0.0)	(73.0, 0.0)	(74.0, 0.0)	(75.0, 0.0)	(76.0, 0.0)	(77.0, 0.0)	(78.0, 0.0)	(79.0, 0.0)	(80.0, 0.0)	(81.0, 0.0)	(82.0, 0.0)	(83.0, 0.0)	(84.0, 0.0)	(85.0, 0.0)	(86.0, 0.0)	(87.0, 0.0)	(88.0, 0.0)	(89.0, 0.0)	(90.0, 0.0)	(91.0, 0.0)	(92.0, 0.0)	(93.0, 0.0)	(94.0, 0.0)	(95.0, 0.0)	(96.0, 0.0)	(97.0, 0.0)	(98.0, 0.0)	(99.0, 0.0)	(100.0, 0.0)
S2_mouse_inoculum_S36_L001_R2_001	(0.0, 0.0)	(1.0, 0.0)	(2.0, 0.0)	(3.0, 0.0)	(4.0, 0.0)	(5.0, 0.0)	(6.0, 0.0)	(7.0, 0.0)	(8.0, 0.0)	(9.0, 0.0)	(10.0, 0.0)	(11.0, 0.0)	(12.0, 0.0)	(13.0, 0.0)	(14.0, 0.0)	(15.0, 0.0)	(16.0, 0.0)	(17.0, 0.0)	(18.0, 0.0)	(19.0, 0.0)	(20.0, 0.0)	(21.0, 0.0)	(22.0, 0.0)	(23.0, 0.0)	(24.0, 0.0)	(25.0, 0.0)	(26.0, 0.0)	(27.0, 0.0)	(28.0, 0.0)	(29.0, 0.0)	(30.0, 0.0)	(31.0, 0.0)	(32.0, 0.0)	(33.0, 0.0005412695477241233)	(34.0, 0.0005412695477241233)	(35.0, 0.0)	(36.0, 0.0)	(37.0, 0.0)	(38.0, 0.001443385460597662)	(39.0, 0.00396931001664357)	(40.0, 0.004691002746942402)	(41.0, 0.0059539650249653565)	(42.0, 0.009201582311310096)	(43.0, 0.01461427778855133)	(44.0, 0.029769825124826756)	(45.0, 1.0637750844605216)	(46.0, 9.852007884490483)	(47.0, 5.486127712548988)	(48.0, 4.498220576362068)	(49.0, 2.561377711421792)	(50.0, 3.424341793677009)	(51.0, 9.011145642099534)	(52.0, 11.351414743280307)	(53.0, 16.897984222002016)	(54.0, 12.892138510879786)	(55.0, 4.077744349371574)	(56.0, 7.957744890637676)	(57.0, 3.4663803952169356)	(58.0, 0.8893058669107473)	(59.0, 0.617137495996788)	(60.0, 0.7067176061451355)	(61.0, 0.7731133373326311)	(62.0, 1.047446786437477)	(63.0, 0.9236764831912254)	(64.0, 1.4092854790910234)	(65.0, 0.4263399804240282)	(66.0, 0.145601508337789)	(67.0, 0.10211952133728455)	(68.0, 0.08263381761921616)	(69.0, 0.0602613429799524)	(70.0, 0.04474494927852754)	(71.0, 0.04041479289673457)	(72.0, 0.05142060703379179)	(73.0, 0.020568242813516678)	(74.0, 0.011005814137057172)	(75.0, 0.008660312763585972)	(76.0, 0.006134388207540063)	(77.0, 0.004691002746942402)	(78.0, 0.004691002746942402)	(79.0, 0.002165078190896493)	(80.0, 0.0009021159128735387)	(81.0, 0.000721692730298831)	(82.0, 0.0006314811390114771)	(83.0, 0.0003608463651494155)	(84.0, 0.0005412695477241233)	(85.0, 0.0005412695477241233)	(86.0, 0.0003608463651494155)	(87.0, 0.0)	(88.0, 0.0)	(89.0, 0.0)	(90.0, 0.0003608463651494155)	(91.0, 0.0003608463651494155)	(92.0, 0.0)	(93.0, 0.0)	(94.0, 0.0)	(95.0, 0.0)	(96.0, 0.0009021159128735387)	(97.0, 0.0009021159128735387)	(98.0, 0.0003608463651494155)	(99.0, 0.0)	(100.0, 0.0037888868340688626)
negative_ctrl_S90_L001_R1_001	(0.0, 0.0)	(1.0, 0.0)	(2.0, 0.0)	(3.0, 0.0)	(4.0, 0.0)	(5.0, 0.0)	(6.0, 0.0)	(7.0, 0.0)	(8.0, 0.0)	(9.0, 0.0)	(10.0, 0.0)	(11.0, 0.0)	(12.0, 0.0)	(13.0, 0.0)	(14.0, 0.0)	(15.0, 0.0)	(16.0, 0.0)	(17.0, 0.0)	(18.0, 0.0)	(19.0, 0.0)	(20.0, 0.0)	(21.0, 0.0)	(22.0, 0.0)	(23.0, 0.0)	(24.0, 0.0)	(25.0, 0.0)	(26.0, 0.0)	(27.0, 0.0)	(28.0, 0.0)	(29.0, 0.0)	(30.0, 0.0)	(31.0, 0.0)	(32.0, 0.0)	(33.0, 0.0)	(34.0, 0.0)	(35.0, 0.0)	(36.0, 0.0)	(37.0, 0.0)	(38.0, 0.0)	(39.0, 0.0)	(40.0, 0.004536484678023145)	(41.0, 0.004536484678023145)	(42.0, 0.0)	(43.0, 0.020414181051104152)	(44.0, 0.033267554305503065)	(45.0, 0.03704795820385569)	(46.0, 0.05746213925495984)	(47.0, 0.0967783397978271)	(48.0, 0.2434580110539088)	(49.0, 0.49145250678584085)	(50.0, 0.6804727017034716)	(51.0, 1.1386576541838076)	(52.0, 3.7221856783179534)	(53.0, 22.849517242423172)	(54.0, 4.483559023446133)	(55.0, 1.977907319618102)	(56.0, 5.167056048268318)	(57.0, 48.56231239745449)	(58.0, 8.06965016142379)	(59.0, 1.4327730774756449)	(60.0, 0.5330369496677206)	(61.0, 0.23740936481654443)	(62.0, 0.08543712810276922)	(63.0, 0.02721890806813887)	(64.0, 0.03175539274616202)	(65.0, 0.003024323118682097)	(66.0, 0.0)	(67.0, 0.0)	(68.0, 0.0)	(69.0, 0.0)	(70.0, 0.0)	(71.0, 0.004536484678023145)	(72.0, 0.004536484678023145)	(73.0, 0.0)	(74.0, 0.0)	(75.0, 0.0)	(76.0, 0.0)	(77.0, 0.0)	(78.0, 0.0)	(79.0, 0.0)	(80.0, 0.0)	(81.0, 0.0)	(82.0, 0.0)	(83.0, 0.0)	(84.0, 0.0)	(85.0, 0.0)	(86.0, 0.0)	(87.0, 0.0)	(88.0, 0.0)	(89.0, 0.0)	(90.0, 0.0)	(91.0, 0.0)	(92.0, 0.0)	(93.0, 0.0)	(94.0, 0.0)	(95.0, 0.0)	(96.0, 0.0)	(97.0, 0.0)	(98.0, 0.0)	(99.0, 0.0)	(100.0, 0.0)
negative_ctrl_S90_L001_R2_001	(0.0, 0.0)	(1.0, 0.0)	(2.0, 0.0)	(3.0, 0.0)	(4.0, 0.0)	(5.0, 0.0)	(6.0, 0.0)	(7.0, 0.0)	(8.0, 0.0)	(9.0, 0.0)	(10.0, 0.0)	(11.0, 0.0)	(12.0, 0.0)	(13.0, 0.0)	(14.0, 0.0)	(15.0, 0.0)	(16.0, 0.0)	(17.0, 0.0)	(18.0, 0.0)	(19.0, 0.0)	(20.0, 0.0)	(21.0, 0.0)	(22.0, 0.0)	(23.0, 0.0)	(24.0, 0.0)	(25.0, 0.0)	(26.0, 0.0)	(27.0, 0.0)	(28.0, 0.0)	(29.0, 0.0)	(30.0, 0.0)	(31.0, 0.0)	(32.0, 0.0)	(33.0, 0.0)	(34.0, 0.0)	(35.0, 0.0)	(36.0, 0.0)	(37.0, 0.0)	(38.0, 0.0)	(39.0, 0.0)	(40.0, 0.0)	(41.0, 0.0)	(42.0, 0.0)	(43.0, 0.0)	(44.0, 0.0)	(45.0, 0.0057242950530641355)	(46.0, 0.012593449116741099)	(47.0, 0.0297663342759335)	(48.0, 0.046939219435125905)	(49.0, 0.1213550551249597)	(50.0, 1.3097187081410813)	(51.0, 15.636484366949427)	(52.0, 4.77062749722371)	(53.0, 1.486599425280766)	(54.0, 1.7344614010784472)	(55.0, 30.223133021171183)	(56.0, 35.186096832173305)	(57.0, 4.343595086265087)	(58.0, 1.6566109883567715)	(59.0, 0.8712377070763593)	(60.0, 0.5586911971790595)	(61.0, 0.3709343194385562)	(62.0, 0.2976633427593351)	(63.0, 0.3199880934662852)	(64.0, 0.23469609717562956)	(65.0, 0.178598005655601)	(66.0, 0.10303731095515445)	(67.0, 0.06411210459431832)	(68.0, 0.0721261176686081)	(69.0, 0.044649501413900256)	(70.0, 0.061822386573092664)	(71.0, 0.0675466816261568)	(72.0, 0.04007006537144895)	(73.0, 0.04121492438206178)	(74.0, 0.04121492438206178)	(75.0, 0.030911193286546332)	(76.0, 0.010303731095515445)	(77.0, 0.0034345770318384814)	(78.0, 0.010303731095515445)	(79.0, 0.006869154063676963)	(80.0, 0.0)	(81.0, 0.002289718021225654)	(82.0, 0.0)	(83.0, 0.0)	(84.0, 0.0)	(85.0, 0.0)	(86.0, 0.0)	(87.0, 0.0)	(88.0, 0.0)	(89.0, 0.0)	(90.0, 0.0)	(91.0, 0.0)	(92.0, 0.0)	(93.0, 0.0)	(94.0, 0.002289718021225654)	(95.0, 0.002289718021225654)	(96.0, 0.0)	(97.0, 0.0)	(98.0, 0.0)	(99.0, 0.0)	(100.0, 0.0)
