Sample	0	1	2	3	4	5	6	7	8	9	10	11	12	13	14	15	16	17	18	19	20	21	22	23	24	25	26	27	28	29	30	31	32	33	34	35	36	37	38	39	40	41	42	43	44	45	46	47	48	49	50	51	52	53	54	55	56	57	58	59	60	61	62	63	64	65	66	67
016R_R_F_NS6_week5_S1_L001_R1_001	(1, 0.0)	(2, 0.0)	(3, 0.0)	(4, 0.0)	(5, 0.0)	(6, 0.0)	(7, 0.0)	(8, 0.0)	(9, 0.0)	(10, 0.0)	(15, 5.1609126852649485)	(20, 0.0)	(25, 0.0)	(30, 0.0)	(35, 0.0)	(40, 0.0)	(45, 0.0)	(50, 0.0)	(55, 0.0)	(60, 0.0)	(65, 0.0)	(70, 0.0)	(75, 0.0)	(80, 0.0)	(85, 0.0)	(90, 0.0)	(95, 0.0)	(100, 0.0)	(105, 0.0)	(110, 0.0)	(115, 0.0)	(120, 0.00044176440704172463)	(125, 0.004859408477458971)	(130, 0.0)	(135, 0.0)	(140, 0.0)	(145, 0.0)	(150, 0.0)	(155, 0.0)	(160, 0.0)	(165, 0.0)	(170, 0.0)	(175, 0.0)	(180, 0.0)	(185, 0.0)	(190, 0.0)	(195, 0.0)	(200, 0.0)	(205, 0.0)	(210, 0.0)	(215, 0.0)	(220, 0.0)	(225, 0.0)	(230, 0.0)	(235, 0.0)	(240, 0.0)	(245, 0.0)	(250, 0.0)	(255, 0.0)	(260, 0.0)	(265, 0.0)	(270, 0.0)	(275, 0.0)	(280, 0.0)	(285, 0.0)	(290, 0.0)	(295, 0.0)	(300, 0.0)
016R_R_F_NS6_week5_S1_L001_R2_001	(1, 0.0)	(2, 0.0)	(3, 0.0)	(4, 0.0)	(5, 0.0)	(6, 0.0)	(7, 0.0)	(8, 0.0)	(9, 0.0022088220352086234)	(10, 0.00044176440704172463)	(15, 3.2103019459722133)	(20, 5.738740529675524)	(25, 0.0)	(30, 5.771651978000133)	(35, 1.2769200185541052)	(40, 0.0)	(45, 3.2162657654672766)	(50, 0.0)	(55, 0.0)	(60, 0.0)	(65, 0.0)	(70, 0.0)	(75, 0.0037549974598546595)	(80, 0.0)	(85, 0.0)	(90, 0.0)	(95, 0.0)	(100, 0.0)	(105, 0.0)	(110, 0.0)	(115, 0.0)	(120, 0.0)	(125, 0.0015461754246460363)	(130, 0.003313233052812935)	(135, 0.0017670576281668985)	(140, 0.0015461754246460363)	(145, 0.0030923508492920727)	(150, 0.0022088220352086234)	(155, 0.0017670576281668985)	(160, 0.0024297042387294854)	(165, 0.00044176440704172463)	(170, 0.0008835288140834493)	(175, 0.0)	(180, 0.00022088220352086232)	(185, 0.0)	(190, 0.00022088220352086232)	(195, 0.0008835288140834493)	(200, 0.0008835288140834493)	(205, 0.00044176440704172463)	(210, 0.00022088220352086232)	(215, 0.00022088220352086232)	(220, 0.0)	(225, 0.0)	(230, 0.0)	(235, 0.00044176440704172463)	(240, 0.0011044110176043117)	(245, 0.00044176440704172463)	(250, 0.0)	(255, 0.000662646610562587)	(260, 0.00044176440704172463)	(265, 0.0)	(270, 0.0)	(275, 0.0)	(280, 0.00022088220352086232)	(285, 0.0)	(290, 0.0)	(295, 0.0)	(300, 0.0)
036R_0_M_NS1_S62_L001_R1_001	(1, 0.0)	(2, 0.0)	(3, 0.0)	(4, 0.0)	(5, 0.0)	(6, 0.0)	(7, 0.0)	(8, 0.0)	(9, 0.0)	(10, 0.0)	(15, 5.3323737506842095)	(20, 0.0)	(25, 0.0)	(30, 0.0002027287286881424)	(35, 0.0004054574573762848)	(40, 0.0)	(45, 0.0)	(50, 0.0)	(55, 0.0)	(60, 0.0)	(65, 0.0)	(70, 0.0)	(75, 0.0)	(80, 0.0)	(85, 0.0002027287286881424)	(90, 0.0)	(95, 0.0)	(100, 0.0)	(105, 0.0)	(110, 0.0)	(115, 0.0)	(120, 0.0008109149147525696)	(125, 0.006487319318020557)	(130, 0.0)	(135, 0.0)	(140, 0.0)	(145, 0.0)	(150, 0.0)	(155, 0.0)	(160, 0.0)	(165, 0.0)	(170, 0.0)	(175, 0.0)	(180, 0.0)	(185, 0.0)	(190, 0.0)	(195, 0.0)	(200, 0.0)	(205, 0.0)	(210, 0.0)	(215, 0.0)	(220, 0.0006081861860644272)	(225, 0.0)	(230, 0.0)	(235, 0.0)	(240, 0.0)	(245, 0.0)	(250, 0.0)	(255, 0.0)	(260, 0.0)	(265, 0.0)	(270, 0.0)	(275, 0.0)	(280, 0.0)	(285, 0.0)	(290, 0.0)	(295, 0.0)	(300, 0.0)
036R_0_M_NS1_S62_L001_R2_001	(1, 0.0)	(2, 0.0)	(3, 0.0)	(4, 0.0)	(5, 0.0)	(6, 0.0)	(7, 0.001013643643440712)	(8, 0.004054574573762848)	(9, 0.004054574573762848)	(10, 0.002027287286881424)	(15, 3.3290084537879863)	(20, 6.005635858657531)	(25, 0.0008109149147525696)	(30, 6.082672775559025)	(35, 1.3301031889229022)	(40, 0.0022300160155695665)	(45, 3.391246173495246)	(50, 0.0014191011008169968)	(55, 0.0008109149147525696)	(60, 0.0016218298295051393)	(65, 0.003446388387698421)	(70, 0.0012163723721288545)	(75, 0.006892776775396842)	(80, 0.002027287286881424)	(85, 0.0002027287286881424)	(90, 0.0)	(95, 0.0004054574573762848)	(100, 0.0002027287286881424)	(105, 0.0)	(110, 0.0016218298295051393)	(115, 0.0028382022016339935)	(120, 0.0014191011008169968)	(125, 0.0038518458450747055)	(130, 0.006487319318020557)	(135, 0.004257303302450991)	(140, 0.004662760759827275)	(145, 0.005676404403267987)	(150, 0.005270946945891703)	(155, 0.004662760759827275)	(160, 0.00506821821720356)	(165, 0.0028382022016339935)	(170, 0.0036491171163865635)	(175, 0.0016218298295051393)	(180, 0.0022300160155695665)	(185, 0.0008109149147525696)	(190, 0.0028382022016339935)	(195, 0.004054574573762848)	(200, 0.0038518458450747055)	(205, 0.0022300160155695665)	(210, 0.0016218298295051393)	(215, 0.0014191011008169968)	(220, 0.003446388387698421)	(225, 0.002432744744257709)	(230, 0.002027287286881424)	(235, 0.003040930930322136)	(240, 0.004054574573762848)	(245, 0.0026354734729458515)	(250, 0.0002027287286881424)	(255, 0.002432744744257709)	(260, 0.0014191011008169968)	(265, 0.0)	(270, 0.0)	(275, 0.0008109149147525696)	(280, 0.001013643643440712)	(285, 0.0004054574573762848)	(290, 0.001013643643440712)	(295, 0.0)	(300, 0.000506821821720356)
036R_0_M_NS1_week5_S41_L001_R1_001	(1, 0.0)	(2, 0.0)	(3, 0.0)	(4, 0.0)	(5, 0.0)	(6, 0.0)	(7, 0.0)	(8, 0.0)	(9, 0.0)	(10, 0.0)	(15, 5.189572764859396)	(20, 0.0)	(25, 0.0)	(30, 0.0)	(35, 0.0)	(40, 0.0)	(45, 0.0)	(50, 0.0)	(55, 0.0)	(60, 0.0)	(65, 0.0)	(70, 0.0)	(75, 0.0)	(80, 0.0)	(85, 0.0)	(90, 0.0)	(95, 0.0)	(100, 0.0)	(105, 0.0)	(110, 0.0)	(115, 0.0)	(120, 0.0011729173386505587)	(125, 0.005669100470144367)	(130, 0.0)	(135, 0.0)	(140, 0.0)	(145, 0.0)	(150, 0.0)	(155, 0.0)	(160, 0.0)	(165, 0.0)	(170, 0.0)	(175, 0.0)	(180, 0.0)	(185, 0.0)	(190, 0.0)	(195, 0.0)	(200, 0.0)	(205, 0.0)	(210, 0.0)	(215, 0.0)	(220, 0.0003909724462168529)	(225, 0.0)	(230, 0.0)	(235, 0.0)	(240, 0.0)	(245, 0.0)	(250, 0.0)	(255, 0.0)	(260, 0.0)	(265, 0.0)	(270, 0.0)	(275, 0.0)	(280, 0.0)	(285, 0.0)	(290, 0.0)	(295, 0.0)	(300, 0.0)
036R_0_M_NS1_week5_S41_L001_R2_001	(1, 0.0)	(2, 0.0)	(3, 0.0)	(4, 0.0)	(5, 0.0)	(6, 0.0)	(7, 0.0009774311155421322)	(8, 0.0019548622310842645)	(9, 0.005864586693252793)	(10, 0.0011729173386505587)	(15, 3.2497629729544815)	(20, 5.813173816575277)	(25, 0.0009774311155421322)	(30, 5.801249156965663)	(35, 1.2986149801092768)	(40, 0.0017593760079758379)	(45, 3.2255226812890365)	(50, 0.0017593760079758379)	(55, 0.0007819448924337058)	(60, 0.0003909724462168529)	(65, 0.0017593760079758379)	(70, 0.0005864586693252793)	(75, 0.006842017808794926)	(80, 0.0007819448924337058)	(85, 0.0)	(90, 0.0)	(95, 0.0)	(100, 0.0)	(105, 0.0)	(110, 0.0003909724462168529)	(115, 0.0011729173386505587)	(120, 0.0)	(125, 0.0029322933466263963)	(130, 0.006646531585686499)	(135, 0.005864586693252793)	(140, 0.006060072916361219)	(145, 0.006255559139469647)	(150, 0.005864586693252793)	(155, 0.005864586693252793)	(160, 0.005864586693252793)	(165, 0.0023458346773011173)	(170, 0.0019548622310842645)	(175, 0.0007819448924337058)	(180, 0.0021503484541926907)	(185, 0.00019548622310842646)	(190, 0.0009774311155421322)	(195, 0.004496183131493808)	(200, 0.003714238239060102)	(205, 0.0023458346773011173)	(210, 0.0011729173386505587)	(215, 0.0009774311155421322)	(220, 0.0025413209004095435)	(225, 0.001368403561758985)	(230, 0.0)	(235, 0.00273680712351797)	(240, 0.004691669354602235)	(245, 0.0023458346773011173)	(250, 0.0)	(255, 0.0029322933466263963)	(260, 0.0011729173386505587)	(265, 0.0)	(270, 0.0)	(275, 0.0)	(280, 0.0009774311155421322)	(285, 0.0)	(290, 0.0)	(295, 0.0)	(300, 0.0)
036R_L_M_NS1_S63_L001_R1_001	(1, 0.0)	(2, 0.0)	(3, 0.0)	(4, 0.0)	(5, 0.0)	(6, 0.0)	(7, 0.0)	(8, 0.0)	(9, 0.0)	(10, 0.0)	(15, 5.178504321683578)	(20, 0.0)	(25, 0.0)	(30, 0.00044211596701814886)	(35, 0.0006631739505272233)	(40, 0.0)	(45, 0.0)	(50, 0.0)	(55, 0.0)	(60, 0.0)	(65, 0.0)	(70, 0.0)	(75, 0.0)	(80, 0.0)	(85, 0.00022105798350907443)	(90, 0.0)	(95, 0.0)	(100, 0.0)	(105, 0.0)	(110, 0.0)	(115, 0.0)	(120, 0.00044211596701814886)	(125, 0.00840020337334483)	(130, 0.0)	(135, 0.0)	(140, 0.0)	(145, 0.0)	(150, 0.0)	(155, 0.00044211596701814886)	(160, 0.00022105798350907443)	(165, 0.00022105798350907443)	(170, 0.0)	(175, 0.0)	(180, 0.0)	(185, 0.0)	(190, 0.0)	(195, 0.0)	(200, 0.0)	(205, 0.0)	(210, 0.0)	(215, 0.0)	(220, 0.00022105798350907443)	(225, 0.0)	(230, 0.0)	(235, 0.0)	(240, 0.0)	(245, 0.0)	(250, 0.0)	(255, 0.0)	(260, 0.0)	(265, 0.0)	(270, 0.0)	(275, 0.0)	(280, 0.0)	(285, 0.0)	(290, 0.0)	(295, 0.0)	(300, 0.0)
036R_L_M_NS1_S63_L001_R2_001	(1, 0.0)	(2, 0.0)	(3, 0.0)	(4, 0.0)	(5, 0.0)	(6, 0.0)	(7, 0.0011052899175453721)	(8, 0.0011052899175453721)	(9, 0.0022105798350907442)	(10, 0.0011052899175453721)	(15, 3.210867210469306)	(20, 5.850520591551164)	(25, 0.00044211596701814886)	(30, 5.818909299909366)	(35, 1.2900943917589585)	(40, 0.0008842319340362977)	(45, 3.232751950836704)	(50, 0.00044211596701814886)	(55, 0.00022105798350907443)	(60, 0.0008842319340362977)	(65, 0.0011052899175453721)	(70, 0.0006631739505272233)	(75, 0.00751597143930853)	(80, 0.0008842319340362977)	(85, 0.0)	(90, 0.0)	(95, 0.0006631739505272233)	(100, 0.0)	(105, 0.0006631739505272233)	(110, 0.0008842319340362977)	(115, 0.0011052899175453721)	(120, 0.0008842319340362977)	(125, 0.004200101686672415)	(130, 0.007737029422817606)	(135, 0.004642217653690563)	(140, 0.0053053916042177865)	(145, 0.007737029422817606)	(150, 0.0053053916042177865)	(155, 0.004200101686672415)	(160, 0.004863275637199637)	(165, 0.0013263479010544466)	(170, 0.0026526958021088932)	(175, 0.0008842319340362977)	(180, 0.0013263479010544466)	(185, 0.0006631739505272233)	(190, 0.0011052899175453721)	(195, 0.0013263479010544466)	(200, 0.0013263479010544466)	(205, 0.0022105798350907442)	(210, 0.0015474058845635211)	(215, 0.0006631739505272233)	(220, 0.0011052899175453721)	(225, 0.0011052899175453721)	(230, 0.0011052899175453721)	(235, 0.0011052899175453721)	(240, 0.0015474058845635211)	(245, 0.0015474058845635211)	(250, 0.00044211596701814886)	(255, 0.0006631739505272233)	(260, 0.0013263479010544466)	(265, 0.00044211596701814886)	(270, 0.00022105798350907443)	(275, 0.0011052899175453721)	(280, 0.0006631739505272233)	(285, 0.00044211596701814886)	(290, 0.0008842319340362977)	(295, 0.0)	(300, 0.0011052899175453721)
036R_L_M_NS1_week5_S42_L001_R1_001	(1, 0.0)	(2, 0.0)	(3, 0.0)	(4, 0.0)	(5, 0.0)	(6, 0.0)	(7, 0.0)	(8, 0.0)	(9, 0.0)	(10, 0.0)	(15, 5.171689514843501)	(20, 0.0)	(25, 0.0)	(30, 0.0)	(35, 0.0003750726703298764)	(40, 0.0)	(45, 0.0)	(50, 0.0)	(55, 0.0)	(60, 0.0)	(65, 0.0)	(70, 0.0)	(75, 0.0)	(80, 0.0)	(85, 0.0)	(90, 0.0)	(95, 0.0)	(100, 0.0)	(105, 0.0)	(110, 0.0)	(115, 0.0)	(120, 0.0015002906813195056)	(125, 0.009189280423081972)	(130, 0.0)	(135, 0.0)	(140, 0.0)	(145, 0.0)	(150, 0.0)	(155, 0.0)	(160, 0.0)	(165, 0.0)	(170, 0.0)	(175, 0.0)	(180, 0.0)	(185, 0.0)	(190, 0.0)	(195, 0.0)	(200, 0.0)	(205, 0.0)	(210, 0.0)	(215, 0.0)	(220, 0.0001875363351649382)	(225, 0.0)	(230, 0.0)	(235, 0.0)	(240, 0.0)	(245, 0.0)	(250, 0.0)	(255, 0.0)	(260, 0.0)	(265, 0.0)	(270, 0.0)	(275, 0.0)	(280, 0.0)	(285, 0.0)	(290, 0.0)	(295, 0.0)	(300, 0.0)
036R_L_M_NS1_week5_S42_L001_R2_001	(1, 0.0)	(2, 0.0)	(3, 0.0)	(4, 0.0)	(5, 0.0)	(6, 0.0)	(7, 0.0)	(8, 0.001875363351649382)	(9, 0.003750726703298764)	(10, 0.001875363351649382)	(15, 3.1776156630347128)	(20, 5.757740562233933)	(25, 0.0003750726703298764)	(30, 5.723608949233914)	(35, 1.2619319993248692)	(40, 0.0005626090054948146)	(45, 3.1787408810457025)	(50, 0.0011252180109896292)	(55, 0.0001875363351649382)	(60, 0.0)	(65, 0.0005626090054948146)	(70, 0.0001875363351649382)	(75, 0.009939425763741724)	(80, 0.0001875363351649382)	(85, 0.0)	(90, 0.0)	(95, 0.0)	(100, 0.0)	(105, 0.0)	(110, 0.0003750726703298764)	(115, 0.0011252180109896292)	(120, 0.0)	(125, 0.0041257993736286405)	(130, 0.010126962098906662)	(135, 0.008626671417587158)	(140, 0.00843913508242222)	(145, 0.010314498434071602)	(150, 0.008251598747257281)	(155, 0.007501453406597528)	(160, 0.007688989741762467)	(165, 0.0015002906813195056)	(170, 0.0024379723571441967)	(175, 0.0003750726703298764)	(180, 0.0015002906813195056)	(185, 0.0)	(190, 0.0007501453406597528)	(195, 0.0030005813626390113)	(200, 0.0030005813626390113)	(205, 0.0024379723571441967)	(210, 0.000937681675824691)	(215, 0.000937681675824691)	(220, 0.0013127543461545674)	(225, 0.0011252180109896292)	(230, 0.0007501453406597528)	(235, 0.0015002906813195056)	(240, 0.0041257993736286405)	(245, 0.0016878270164844438)	(250, 0.0)	(255, 0.0015002906813195056)	(260, 0.0016878270164844438)	(265, 0.0)	(270, 0.0)	(275, 0.0)	(280, 0.0011252180109896292)	(285, 0.0)	(290, 0.0)	(295, 0.0)	(300, 0.0004688408379123455)
036R_NS1_week18_S34_L001_R1_001	(1, 0.0)	(2, 0.0)	(3, 0.0)	(4, 0.0)	(5, 0.0)	(6, 0.0)	(7, 0.0)	(8, 0.0)	(9, 0.0)	(10, 0.0)	(15, 5.288608514267859)	(20, 0.0)	(25, 0.0)	(30, 0.0)	(35, 0.00016890037411432867)	(40, 0.0)	(45, 0.0)	(50, 0.0)	(55, 0.0)	(60, 0.0)	(65, 0.0)	(70, 0.0)	(75, 0.0)	(80, 0.0)	(85, 0.0)	(90, 0.0)	(95, 0.0)	(100, 0.0)	(105, 0.0)	(110, 0.0)	(115, 0.0)	(120, 0.0010134022446859718)	(125, 0.00878281945394509)	(130, 0.0)	(135, 0.0)	(140, 0.0)	(145, 0.0)	(150, 0.0)	(155, 0.0)	(160, 0.0)	(165, 0.0)	(170, 0.0)	(175, 0.0)	(180, 0.0)	(185, 0.0)	(190, 0.0)	(195, 0.0)	(200, 0.0)	(205, 0.0)	(210, 0.0)	(215, 0.0)	(220, 0.0)	(225, 0.0)	(230, 0.0)	(235, 0.0)	(240, 0.0)	(245, 0.0)	(250, 0.0)	(255, 0.0)	(260, 0.0)	(265, 0.0)	(270, 0.0)	(275, 0.0)	(280, 0.0)	(285, 0.0)	(290, 0.0)	(295, 0.0)	(300, 0.0)
036R_NS1_week18_S34_L001_R2_001	(1, 0.0)	(2, 0.0)	(3, 0.0)	(4, 0.0)	(5, 0.0)	(6, 0.0)	(7, 0.0)	(8, 0.0)	(9, 0.0016890037411432864)	(10, 0.0008445018705716432)	(15, 3.2383268728940235)	(20, 5.883813432646753)	(25, 0.0)	(30, 5.890569447611326)	(35, 1.2773935294266676)	(40, 0.0)	(45, 3.257581515543057)	(50, 0.00016890037411432867)	(55, 0.0)	(60, 0.0)	(65, 0.0)	(70, 0.0)	(75, 0.0070938157128018035)	(80, 0.0)	(85, 0.0)	(90, 0.0)	(95, 0.0)	(100, 0.0)	(105, 0.0)	(110, 0.0)	(115, 0.0)	(120, 0.0)	(125, 0.002364605237600601)	(130, 0.005742612719887174)	(135, 0.004729210475201202)	(140, 0.004898110849315532)	(145, 0.0060804134681158315)	(150, 0.005067011223429859)	(155, 0.004729210475201202)	(160, 0.005067011223429859)	(165, 0.0006756014964573147)	(170, 0.0015201033670289579)	(175, 0.0)	(180, 0.0006756014964573147)	(185, 0.0)	(190, 0.00016890037411432867)	(195, 0.0021957048634862726)	(200, 0.0010134022446859718)	(205, 0.0016890037411432864)	(210, 0.0006756014964573147)	(215, 0.0005067011223429859)	(220, 0.0)	(225, 0.0)	(230, 0.0)	(235, 0.00033780074822865733)	(240, 0.0027024059858292587)	(245, 0.0006756014964573147)	(250, 0.0)	(255, 0.0010134022446859718)	(260, 0.0008445018705716432)	(265, 0.0)	(270, 0.0)	(275, 0.0)	(280, 0.0008445018705716432)	(285, 0.0)	(290, 0.0)	(295, 0.0)	(300, 0.0)
036R_RL_M_NS1_S64_L001_R1_001	(1, 0.0)	(2, 0.0)	(3, 0.0)	(4, 0.0)	(5, 0.0)	(6, 0.0)	(7, 0.0)	(8, 0.0)	(9, 0.0)	(10, 0.0)	(15, 5.063859612688852)	(20, 0.0)	(25, 0.0)	(30, 0.0)	(35, 0.0005191838429988058)	(40, 0.0)	(45, 0.0)	(50, 0.0)	(55, 0.0)	(60, 0.0)	(65, 0.0)	(70, 0.0002595919214994029)	(75, 0.0)	(80, 0.0)	(85, 0.0002595919214994029)	(90, 0.0)	(95, 0.0)	(100, 0.0)	(105, 0.0)	(110, 0.0)	(115, 0.0)	(120, 0.0007787757644982089)	(125, 0.006489798037485073)	(130, 0.0)	(135, 0.0)	(140, 0.0)	(145, 0.0)	(150, 0.0)	(155, 0.0002595919214994029)	(160, 0.0)	(165, 0.0)	(170, 0.0)	(175, 0.0)	(180, 0.0)	(185, 0.0)	(190, 0.0)	(195, 0.0)	(200, 0.0)	(205, 0.0)	(210, 0.0)	(215, 0.0)	(220, 0.0002595919214994029)	(225, 0.0)	(230, 0.0)	(235, 0.0002595919214994029)	(240, 0.0)	(245, 0.0)	(250, 0.0)	(255, 0.0)	(260, 0.0)	(265, 0.0)	(270, 0.0)	(275, 0.0)	(280, 0.0)	(285, 0.0)	(290, 0.0)	(295, 0.0)	(300, 0.0)
036R_RL_M_NS1_S64_L001_R2_001	(1, 0.0)	(2, 0.0)	(3, 0.0)	(4, 0.0)	(5, 0.0)	(6, 0.0)	(7, 0.0)	(8, 0.0012979596074970147)	(9, 0.005191838429988059)	(10, 0.0015575515289964178)	(15, 3.1600124604122324)	(20, 5.759825554228752)	(25, 0.0010383676859976117)	(30, 5.7914957686516795)	(35, 1.2740771507190696)	(40, 0.0010383676859976117)	(45, 3.225170032708582)	(50, 0.0007787757644982089)	(55, 0.0002595919214994029)	(60, 0.0)	(65, 0.0010383676859976117)	(70, 0.0005191838429988058)	(75, 0.007268573801983283)	(80, 0.0005191838429988058)	(85, 0.0)	(90, 0.0)	(95, 0.0)	(100, 0.0)	(105, 0.0002595919214994029)	(110, 0.0005191838429988058)	(115, 0.0012979596074970147)	(120, 0.0012979596074970147)	(125, 0.00441306266548985)	(130, 0.00804734956648149)	(135, 0.005970614194486267)	(140, 0.006230206115985671)	(145, 0.007528165723482685)	(150, 0.006489798037485073)	(155, 0.005191838429988059)	(160, 0.006230206115985671)	(165, 0.0012979596074970147)	(170, 0.0028555111364934323)	(175, 0.0012979596074970147)	(180, 0.0012979596074970147)	(185, 0.0005191838429988058)	(190, 0.0012979596074970147)	(195, 0.0012979596074970147)	(200, 0.0018171434504958208)	(205, 0.0025959192149940294)	(210, 0.0018171434504958208)	(215, 0.0012979596074970147)	(220, 0.0012979596074970147)	(225, 0.0012979596074970147)	(230, 0.0012979596074970147)	(235, 0.0012979596074970147)	(240, 0.0018171434504958208)	(245, 0.0012979596074970147)	(250, 0.0005191838429988058)	(255, 0.0007787757644982089)	(260, 0.002336327293494626)	(265, 0.0010383676859976117)	(270, 0.0010383676859976117)	(275, 0.0012979596074970147)	(280, 0.0018171434504958208)	(285, 0.0012979596074970147)	(290, 0.0012979596074970147)	(295, 0.0007787757644982089)	(300, 0.0012979596074970147)
036R_RL_M_NS1_week5_S43_L001_R1_001	(1, 0.0)	(2, 0.0)	(3, 0.0)	(4, 0.0)	(5, 0.0)	(6, 0.0)	(7, 0.0)	(8, 0.0)	(9, 0.0)	(10, 0.0)	(15, 5.3148268995867)	(20, 0.0)	(25, 0.0)	(30, 0.0)	(35, 0.0)	(40, 0.0)	(45, 0.0)	(50, 0.0)	(55, 0.0)	(60, 0.0)	(65, 0.0)	(70, 0.0)	(75, 0.0)	(80, 0.0)	(85, 0.0)	(90, 0.0)	(95, 0.0)	(100, 0.0)	(105, 0.0)	(110, 0.0)	(115, 0.0)	(120, 0.0005019828321871392)	(125, 0.006693104429161856)	(130, 0.0)	(135, 0.0)	(140, 0.0)	(145, 0.0)	(150, 0.0)	(155, 0.0)	(160, 0.0)	(165, 0.0)	(170, 0.0)	(175, 0.0)	(180, 0.0)	(185, 0.0)	(190, 0.0)	(195, 0.0)	(200, 0.0)	(205, 0.0)	(210, 0.0)	(215, 0.0)	(220, 0.0)	(225, 0.0)	(230, 0.0)	(235, 0.0)	(240, 0.0)	(245, 0.0)	(250, 0.0)	(255, 0.0)	(260, 0.0)	(265, 0.0)	(270, 0.0)	(275, 0.0)	(280, 0.0)	(285, 0.0)	(290, 0.0)	(295, 0.0)	(300, 0.0)
036R_RL_M_NS1_week5_S43_L001_R2_001	(1, 0.0)	(2, 0.0)	(3, 0.0)	(4, 0.0)	(5, 0.0)	(6, 0.0)	(7, 0.0)	(8, 0.000836638053645232)	(9, 0.000836638053645232)	(10, 0.0005019828321871392)	(15, 3.301875742516273)	(20, 5.9434767330957285)	(25, 0.0)	(30, 5.922728109365327)	(35, 1.3192108829878018)	(40, 0.0)	(45, 3.2951826380871108)	(50, 0.0001673276107290464)	(55, 0.0)	(60, 0.0)	(65, 0.0)	(70, 0.0)	(75, 0.006191121596974717)	(80, 0.0)	(85, 0.0)	(90, 0.0)	(95, 0.0)	(100, 0.0)	(105, 0.0)	(110, 0.0)	(115, 0.0)	(120, 0.0)	(125, 0.001673276107290464)	(130, 0.004685173100413299)	(135, 0.0023425865502066496)	(140, 0.0023425865502066496)	(145, 0.003848535046768067)	(150, 0.0030118969931228353)	(155, 0.002175258939477603)	(160, 0.0030118969931228353)	(165, 0.0001673276107290464)	(170, 0.0010039656643742784)	(175, 0.0)	(180, 0.0001673276107290464)	(185, 0.0)	(190, 0.0)	(195, 0.0006693104429161856)	(200, 0.0003346552214580928)	(205, 0.0003346552214580928)	(210, 0.0003346552214580928)	(215, 0.0001673276107290464)	(220, 0.0)	(225, 0.0)	(230, 0.0)	(235, 0.0)	(240, 0.0006693104429161856)	(245, 0.0001673276107290464)	(250, 0.0)	(255, 0.0005019828321871392)	(260, 0.0005019828321871392)	(265, 0.0)	(270, 0.0)	(275, 0.0)	(280, 0.0005019828321871392)	(285, 0.0)	(290, 0.0)	(295, 0.0)	(300, 0.0)
036R_RR_M_NS1_S65_L001_R1_001	(1, 0.0)	(2, 0.0)	(3, 0.0)	(4, 0.0)	(5, 0.0)	(6, 0.0)	(7, 0.0)	(8, 0.0)	(9, 0.0)	(10, 0.0)	(15, 5.175729501149305)	(20, 0.0)	(25, 0.0)	(30, 0.0)	(35, 0.0)	(40, 0.0)	(45, 0.0)	(50, 0.0)	(55, 0.0)	(60, 0.0)	(65, 0.0)	(70, 0.0)	(75, 0.0)	(80, 0.0)	(85, 0.0)	(90, 0.0)	(95, 0.0)	(100, 0.0)	(105, 0.0)	(110, 0.0)	(115, 0.0)	(120, 0.0014037304135740732)	(125, 0.007720517274657402)	(130, 0.0)	(135, 0.0)	(140, 0.0)	(145, 0.0)	(150, 0.0)	(155, 0.0)	(160, 0.0)	(165, 0.0)	(170, 0.0)	(175, 0.0)	(180, 0.0)	(185, 0.0)	(190, 0.0)	(195, 0.0)	(200, 0.0)	(205, 0.0)	(210, 0.0)	(215, 0.0)	(220, 0.0)	(225, 0.0)	(230, 0.0)	(235, 0.0)	(240, 0.0)	(245, 0.0)	(250, 0.0)	(255, 0.0)	(260, 0.0)	(265, 0.0)	(270, 0.0)	(275, 0.0)	(280, 0.0)	(285, 0.0)	(290, 0.0)	(295, 0.0)	(300, 0.0)
036R_RR_M_NS1_S65_L001_R2_001	(1, 0.0)	(2, 0.0)	(3, 0.0)	(4, 0.0)	(5, 0.0)	(6, 0.0)	(7, 0.0)	(8, 0.004386657542418978)	(9, 0.005263989050902774)	(10, 0.001579196715270832)	(15, 3.2191047709287437)	(20, 5.811268445894966)	(25, 0.0)	(30, 5.7907388885964455)	(35, 1.2777456089558001)	(40, 0.00017546630169675915)	(45, 3.2085767928269378)	(50, 0.0008773315084837956)	(55, 0.0003509326033935183)	(60, 0.0)	(65, 0.0)	(70, 0.0)	(75, 0.009124247688231476)	(80, 0.0)	(85, 0.0)	(90, 0.0)	(95, 0.0)	(100, 0.0)	(105, 0.0)	(110, 0.0)	(115, 0.0)	(120, 0.0)	(125, 0.004386657542418978)	(130, 0.01000157919671527)	(135, 0.008422382481444439)	(140, 0.009124247688231476)	(145, 0.01000157919671527)	(150, 0.008597848783141198)	(155, 0.00824691617974768)	(160, 0.008597848783141198)	(165, 0.0014037304135740732)	(170, 0.002281061922057869)	(175, 0.0)	(180, 0.0014037304135740732)	(185, 0.0)	(190, 0.00017546630169675915)	(195, 0.005088522749206015)	(200, 0.0024565282237546276)	(205, 0.0021055956203611097)	(210, 0.0010527978101805549)	(215, 0.0010527978101805549)	(220, 0.0)	(225, 0.0)	(230, 0.0)	(235, 0.0)	(240, 0.0021055956203611097)	(245, 0.0005263989050902774)	(250, 0.0)	(255, 0.0010527978101805549)	(260, 0.001579196715270832)	(265, 0.0)	(270, 0.0)	(275, 0.0)	(280, 0.0012282641118773138)	(285, 0.0)	(290, 0.0)	(295, 0.0)	(300, 0.0)
036R_RR_M_NS1_week5_S44_L001_R1_001	(1, 0.0)	(2, 0.0)	(3, 0.0)	(4, 0.0)	(5, 0.0)	(6, 0.0)	(7, 0.0)	(8, 0.0)	(9, 0.0)	(10, 0.0)	(15, 5.2223717786938115)	(20, 0.0)	(25, 0.0)	(30, 0.0)	(35, 0.00028041838422927003)	(40, 0.0)	(45, 0.0)	(50, 0.0)	(55, 0.0)	(60, 0.0)	(65, 0.0)	(70, 0.0)	(75, 0.0)	(80, 0.0)	(85, 0.0)	(90, 0.0)	(95, 0.0)	(100, 0.0)	(105, 0.0)	(110, 0.0)	(115, 0.0)	(120, 0.0014020919211463504)	(125, 0.010235271024368359)	(130, 0.0)	(135, 0.0)	(140, 0.0)	(145, 0.0)	(150, 0.0)	(155, 0.0)	(160, 0.0)	(165, 0.0)	(170, 0.0)	(175, 0.0)	(180, 0.0)	(185, 0.0)	(190, 0.0)	(195, 0.0)	(200, 0.0)	(205, 0.0)	(210, 0.0)	(215, 0.0)	(220, 0.00014020919211463502)	(225, 0.0)	(230, 0.0)	(235, 0.0)	(240, 0.0)	(245, 0.0)	(250, 0.0)	(255, 0.0)	(260, 0.0)	(265, 0.0)	(270, 0.0)	(275, 0.0)	(280, 0.0)	(285, 0.0)	(290, 0.0)	(295, 0.0)	(300, 0.0)
036R_RR_M_NS1_week5_S44_L001_R2_001	(1, 0.0)	(2, 0.0)	(3, 0.0)	(4, 0.0)	(5, 0.0)	(6, 0.0)	(7, 0.0007010459605731752)	(8, 0.002804183842292701)	(9, 0.002804183842292701)	(10, 0.0014020919211463504)	(15, 3.263228737276016)	(20, 5.8764476599085835)	(25, 0.00028041838422927003)	(30, 5.878691006982418)	(35, 1.2851574549227447)	(40, 0.0018227194974902554)	(45, 3.264210201620818)	(50, 0.0011216735369170801)	(55, 0.0005608367684585401)	(60, 0.00042062757634390513)	(65, 0.0007010459605731752)	(70, 0.00028041838422927003)	(75, 0.009113597487451277)	(80, 0.0008412551526878103)	(85, 0.0)	(90, 0.0)	(95, 0.00014020919211463502)	(100, 0.0)	(105, 0.0)	(110, 0.0005608367684585401)	(115, 0.0007010459605731752)	(120, 0.0007010459605731752)	(125, 0.003505229802865876)	(130, 0.008552760718992738)	(135, 0.006730041221502482)	(140, 0.007150668797846388)	(145, 0.008272342334763467)	(150, 0.006730041221502482)	(155, 0.0063094136451585766)	(160, 0.006870250413617117)	(165, 0.0016825103053756205)	(170, 0.0023835562659487958)	(175, 0.00042062757634390513)	(180, 0.0016825103053756205)	(185, 0.00014020919211463502)	(190, 0.0014020919211463504)	(195, 0.004206275763439051)	(200, 0.0032248114186366056)	(205, 0.0023835562659487958)	(210, 0.0011216735369170801)	(215, 0.0009814643448024453)	(220, 0.0009814643448024453)	(225, 0.0008412551526878103)	(230, 0.0005608367684585401)	(235, 0.0014020919211463504)	(240, 0.0036454389949805107)	(245, 0.0018227194974902554)	(250, 0.0)	(255, 0.002523765458063431)	(260, 0.0015423011132609853)	(265, 0.0)	(270, 0.0)	(275, 0.0)	(280, 0.0012618827290317154)	(285, 0.0)	(290, 0.0)	(295, 0.0)	(300, 0.0)
1030R_RR_M_NS1_week5_S45_L001_R1_001	(1, 0.0)	(2, 0.0)	(3, 0.0)	(4, 0.0)	(5, 0.0)	(6, 0.0)	(7, 0.0)	(8, 0.0)	(9, 0.0)	(10, 0.0)	(15, 5.289943944923065)	(20, 0.0)	(25, 0.0)	(30, 0.0)	(35, 0.0)	(40, 0.0)	(45, 0.0)	(50, 0.0)	(55, 0.0)	(60, 0.0)	(65, 0.0)	(70, 0.0)	(75, 0.0)	(80, 0.0)	(85, 0.0)	(90, 0.0)	(95, 0.0)	(100, 0.0)	(105, 0.0)	(110, 0.0)	(115, 0.0)	(120, 0.0009029005680749407)	(125, 0.006922237688574546)	(130, 0.0)	(135, 0.0)	(140, 0.0)	(145, 0.0)	(150, 0.0)	(155, 0.0)	(160, 0.0)	(165, 0.0)	(170, 0.0)	(175, 0.0)	(180, 0.0)	(185, 0.0)	(190, 0.0)	(195, 0.0)	(200, 0.0)	(205, 0.0)	(210, 0.0)	(215, 0.0)	(220, 0.00015048342801249012)	(225, 0.0)	(230, 0.0)	(235, 0.0)	(240, 0.0)	(245, 0.0)	(250, 0.0)	(255, 0.0)	(260, 0.0)	(265, 0.0)	(270, 0.0)	(275, 0.0)	(280, 0.0)	(285, 0.0)	(290, 0.0)	(295, 0.0)	(300, 0.0)
1030R_RR_M_NS1_week5_S45_L001_R2_001	(1, 0.0)	(2, 0.0)	(3, 0.0)	(4, 0.0)	(5, 0.0)	(6, 0.0)	(7, 0.0007524171400624506)	(8, 0.0015048342801249012)	(9, 0.0037620857003122527)	(10, 0.0009029005680749407)	(15, 3.3023588277340954)	(20, 6.005041194838419)	(25, 0.00015048342801249012)	(30, 5.991196719461269)	(35, 1.3325307550506)	(40, 0.0006019337120499605)	(45, 3.335314698468831)	(50, 0.0006019337120499605)	(55, 0.00015048342801249012)	(60, 0.0)	(65, 0.0006019337120499605)	(70, 0.00015048342801249012)	(75, 0.006621270832549565)	(80, 0.00030096685602498023)	(85, 0.0)	(90, 0.0)	(95, 0.0)	(100, 0.0)	(105, 0.0)	(110, 0.00015048342801249012)	(115, 0.00030096685602498023)	(120, 0.0)	(125, 0.002257251420187352)	(130, 0.005718370264474625)	(135, 0.004364019412362213)	(140, 0.004815469696399684)	(145, 0.006019337120499605)	(150, 0.005266919980437154)	(155, 0.004514502840374704)	(160, 0.005417403408449644)	(165, 0.0009029005680749407)	(170, 0.0015048342801249012)	(175, 0.00030096685602498023)	(180, 0.0009029005680749407)	(185, 0.0)	(190, 0.0007524171400624506)	(195, 0.002407734848199842)	(200, 0.0019562845641623713)	(205, 0.0015048342801249012)	(210, 0.0006019337120499605)	(215, 0.00045145028403747035)	(220, 0.0006019337120499605)	(225, 0.00030096685602498023)	(230, 0.0)	(235, 0.00045145028403747035)	(240, 0.002407734848199842)	(245, 0.00045145028403747035)	(250, 0.0)	(255, 0.0007524171400624506)	(260, 0.0009029005680749407)	(265, 0.0)	(270, 0.0)	(275, 0.0)	(280, 0.0006019337120499605)	(285, 0.0)	(290, 0.0)	(295, 0.0)	(300, 0.0)
1030R_RR_M_NS1_week9_S66_L001_R1_001	(1, 0.0)	(2, 0.0)	(3, 0.0)	(4, 0.0)	(5, 0.0)	(6, 0.0)	(7, 0.0)	(8, 0.0)	(9, 0.0)	(10, 0.0)	(15, 5.101161198722174)	(20, 0.0)	(25, 0.0)	(30, 0.0)	(35, 0.0)	(40, 0.0)	(45, 0.0)	(50, 0.0)	(55, 0.0)	(60, 0.0)	(65, 0.0)	(70, 0.0)	(75, 0.0)	(80, 0.0)	(85, 0.0)	(90, 0.0)	(95, 0.0)	(100, 0.0)	(105, 0.0)	(110, 0.0)	(115, 0.0)	(120, 0.0010141473556107704)	(125, 0.007910349373764008)	(130, 0.0)	(135, 0.0)	(140, 0.0)	(145, 0.0)	(150, 0.0)	(155, 0.0)	(160, 0.0)	(165, 0.0)	(170, 0.0)	(175, 0.0)	(180, 0.0)	(185, 0.0)	(190, 0.0)	(195, 0.0)	(200, 0.0)	(205, 0.0)	(210, 0.0)	(215, 0.0)	(220, 0.0)	(225, 0.0)	(230, 0.0)	(235, 0.0)	(240, 0.0)	(245, 0.0)	(250, 0.0)	(255, 0.0)	(260, 0.0)	(265, 0.0)	(270, 0.0)	(275, 0.0)	(280, 0.0)	(285, 0.0)	(290, 0.0)	(295, 0.0)	(300, 0.0)
1030R_RR_M_NS1_week9_S66_L001_R2_001	(1, 0.0)	(2, 0.0)	(3, 0.0)	(4, 0.0)	(5, 0.0)	(6, 0.0)	(7, 0.0010141473556107704)	(8, 0.0050707367780538515)	(9, 0.0050707367780538515)	(10, 0.0012169768267329243)	(15, 3.201866031134324)	(20, 5.720602403529233)	(25, 0.0)	(30, 5.690380812332032)	(35, 1.2461842705745145)	(40, 0.0010141473556107704)	(45, 3.1440596318645095)	(50, 0.0012169768267329243)	(55, 0.00020282947112215403)	(60, 0.0006084884133664622)	(65, 0.002028294711221541)	(70, 0.0006084884133664622)	(75, 0.0075046904315197)	(80, 0.0008113178844886161)	(85, 0.0)	(90, 0.0)	(95, 0.0)	(100, 0.0)	(105, 0.0)	(110, 0.0008113178844886161)	(115, 0.0016226357689772322)	(120, 0.00020282947112215403)	(125, 0.0028396125957101566)	(130, 0.006490543075908929)	(135, 0.005679225191420313)	(140, 0.0060848841336646215)	(145, 0.0060848841336646215)	(150, 0.005882054662542467)	(155, 0.005882054662542467)	(160, 0.005882054662542467)	(165, 0.0024339536534658487)	(170, 0.0022311241823436945)	(175, 0.0010141473556107704)	(180, 0.0022311241823436945)	(185, 0.00020282947112215403)	(190, 0.0018254652400993862)	(195, 0.004867907306931697)	(200, 0.0038537599513209274)	(205, 0.002028294711221541)	(210, 0.0010141473556107704)	(215, 0.0012169768267329243)	(220, 0.0016226357689772322)	(225, 0.0016226357689772322)	(230, 0.00040565894224430806)	(235, 0.0018254652400993862)	(240, 0.004462248364687389)	(245, 0.0016226357689772322)	(250, 0.0)	(255, 0.0022311241823436945)	(260, 0.0012169768267329243)	(265, 0.0)	(270, 0.0)	(275, 0.0)	(280, 0.0010141473556107704)	(285, 0.0)	(290, 0.0)	(295, 0.0)	(300, 0.0)
1060R_L_M_S5_week5_S12_L001_R1_001	(1, 0.0)	(2, 0.0)	(3, 0.0)	(4, 0.0)	(5, 0.0)	(6, 0.0)	(7, 0.0)	(8, 0.0)	(9, 0.0)	(10, 0.0)	(15, 5.181958124981135)	(20, 0.0)	(25, 0.0)	(30, 0.0)	(35, 0.0)	(40, 0.0)	(45, 0.0)	(50, 0.0)	(55, 0.0)	(60, 0.0)	(65, 0.0)	(70, 0.0)	(75, 0.0)	(80, 0.0)	(85, 0.0)	(90, 0.0)	(95, 0.0)	(100, 0.0)	(105, 0.0)	(110, 0.0)	(115, 0.0)	(120, 0.0012073527784205813)	(125, 0.008250243985873972)	(130, 0.0)	(135, 0.0)	(140, 0.0)	(145, 0.0)	(150, 0.0)	(155, 0.0)	(160, 0.0)	(165, 0.0)	(170, 0.0)	(175, 0.0)	(180, 0.0)	(185, 0.0)	(190, 0.0)	(195, 0.0)	(200, 0.0)	(205, 0.0)	(210, 0.0)	(215, 0.0)	(220, 0.0)	(225, 0.0)	(230, 0.0)	(235, 0.0)	(240, 0.0)	(245, 0.0)	(250, 0.0)	(255, 0.0)	(260, 0.0)	(265, 0.0)	(270, 0.0)	(275, 0.0)	(280, 0.0)	(285, 0.0)	(290, 0.0)	(295, 0.0)	(300, 0.0)
1060R_L_M_S5_week5_S12_L001_R2_001	(1, 0.0)	(2, 0.0)	(3, 0.0)	(4, 0.0)	(5, 0.0)	(6, 0.0)	(7, 0.0)	(8, 0.004024509261401937)	(9, 0.006036763892102907)	(10, 0.0012073527784205813)	(15, 3.236309122556368)	(20, 5.842380094777193)	(25, 0.0)	(30, 5.881619060075862)	(35, 1.2759706613274844)	(40, 0.0)	(45, 3.2630721091446913)	(50, 0.0010061273153504843)	(55, 0.00020122546307009691)	(60, 0.00040245092614019383)	(65, 0.0010061273153504843)	(70, 0.0006036763892102907)	(75, 0.008049018522803875)	(80, 0.00040245092614019383)	(85, 0.0)	(90, 0.0)	(95, 0.0)	(100, 0.0)	(105, 0.0)	(110, 0.00040245092614019383)	(115, 0.0008049018522803877)	(120, 0.00020122546307009691)	(125, 0.0032196074091215506)	(130, 0.006841665744383294)	(135, 0.006036763892102907)	(140, 0.006237989355173004)	(145, 0.007042891207453391)	(150, 0.006237989355173004)	(155, 0.00583553842903281)	(160, 0.006036763892102907)	(165, 0.0020122546307009687)	(170, 0.001811029167630872)	(175, 0.00040245092614019383)	(180, 0.0014085782414906783)	(185, 0.0)	(190, 0.0010061273153504843)	(195, 0.0042257347244720345)	(200, 0.0030183819460514534)	(205, 0.0024147055568411627)	(210, 0.0012073527784205813)	(215, 0.0012073527784205813)	(220, 0.0010061273153504843)	(225, 0.0008049018522803877)	(230, 0.0006036763892102907)	(235, 0.0016098037045607753)	(240, 0.004829411113682325)	(245, 0.001811029167630872)	(250, 0.0)	(255, 0.002213480093771066)	(260, 0.0012073527784205813)	(265, 0.0)	(270, 0.0)	(275, 0.0)	(280, 0.0010061273153504843)	(285, 0.0)	(290, 0.0)	(295, 0.0)	(300, 0.0)
1075R_0_M_NS6_week5_S2_L001_R1_001	(1, 0.0)	(2, 0.0)	(3, 0.0)	(4, 0.0)	(5, 0.0)	(6, 0.0)	(7, 0.0)	(8, 0.0)	(9, 0.0)	(10, 0.0)	(15, 5.177625758538622)	(20, 0.0)	(25, 0.0)	(30, 0.0)	(35, 0.0)	(40, 0.0)	(45, 0.0)	(50, 0.0)	(55, 0.0)	(60, 0.0)	(65, 0.0)	(70, 0.0)	(75, 0.0)	(80, 0.0)	(85, 0.0)	(90, 0.0)	(95, 0.0)	(100, 0.0)	(105, 0.0)	(110, 0.0)	(115, 0.0)	(120, 0.0004984237349382578)	(125, 0.005233449216851707)	(130, 0.0)	(135, 0.0)	(140, 0.0)	(145, 0.0)	(150, 0.0)	(155, 0.0)	(160, 0.0)	(165, 0.0)	(170, 0.0)	(175, 0.0)	(180, 0.0)	(185, 0.0)	(190, 0.0)	(195, 0.0)	(200, 0.0)	(205, 0.0)	(210, 0.0)	(215, 0.0)	(220, 0.0)	(225, 0.0)	(230, 0.0)	(235, 0.0)	(240, 0.0)	(245, 0.0)	(250, 0.0)	(255, 0.0)	(260, 0.0)	(265, 0.0)	(270, 0.0)	(275, 0.0)	(280, 0.0)	(285, 0.0)	(290, 0.0)	(295, 0.0)	(300, 0.0)
1075R_0_M_NS6_week5_S2_L001_R2_001	(1, 0.0)	(2, 0.0)	(3, 0.0)	(4, 0.0)	(5, 0.0)	(6, 0.0)	(7, 0.0)	(8, 0.0024921186746912887)	(9, 0.0024921186746912887)	(10, 0.0007476356024073866)	(15, 3.1814387001108995)	(20, 5.824330554621011)	(25, 0.0)	(30, 5.816355774861999)	(35, 1.278207668249162)	(40, 0.0009968474698765157)	(45, 3.222807870110775)	(50, 0.0007476356024073866)	(55, 0.0002492118674691289)	(60, 0.0)	(65, 0.0014952712048147733)	(70, 0.0002492118674691289)	(75, 0.005233449216851707)	(80, 0.0009968474698765157)	(85, 0.0)	(90, 0.0)	(95, 0.0)	(100, 0.0)	(105, 0.0)	(110, 0.0004984237349382578)	(115, 0.0017444830722839024)	(120, 0.0)	(125, 0.0017444830722839024)	(130, 0.004984237349382577)	(135, 0.003738178012036933)	(140, 0.003987389879506063)	(145, 0.004984237349382577)	(150, 0.003987389879506063)	(155, 0.003738178012036933)	(160, 0.004236601746975191)	(165, 0.0014952712048147733)	(170, 0.0017444830722839024)	(175, 0.0009968474698765157)	(180, 0.0017444830722839024)	(185, 0.0)	(190, 0.0014952712048147733)	(195, 0.0024921186746912887)	(200, 0.0024921186746912887)	(205, 0.0009968474698765157)	(210, 0.0004984237349382578)	(215, 0.0007476356024073866)	(220, 0.0017444830722839024)	(225, 0.0017444830722839024)	(230, 0.0002492118674691289)	(235, 0.0022429068072221596)	(240, 0.0024921186746912887)	(245, 0.0012460593373456444)	(250, 0.0002492118674691289)	(255, 0.0014952712048147733)	(260, 0.0007476356024073866)	(265, 0.0)	(270, 0.0)	(275, 0.0)	(280, 0.0007476356024073866)	(285, 0.0)	(290, 0.0002492118674691289)	(295, 0.0)	(300, 0.0)
1075R_RL_M_NS6_week5_S3_L001_R1_001	(1, 0.0)	(2, 0.0)	(3, 0.0)	(4, 0.0)	(5, 0.0)	(6, 0.0)	(7, 0.0)	(8, 0.0)	(9, 0.0)	(10, 0.0)	(15, 5.385964912280702)	(20, 0.0)	(25, 0.0)	(30, 0.00019712201852946972)	(35, 0.00039424403705893944)	(40, 0.0)	(45, 0.0)	(50, 0.0)	(55, 0.0)	(60, 0.0)	(65, 0.0)	(70, 0.0)	(75, 0.0)	(80, 0.0)	(85, 0.0)	(90, 0.0)	(95, 0.0)	(100, 0.0)	(105, 0.0)	(110, 0.0)	(115, 0.0)	(120, 0.0007884880741178789)	(125, 0.006702148630001971)	(130, 0.0)	(135, 0.0)	(140, 0.0)	(145, 0.0)	(150, 0.0)	(155, 0.00039424403705893944)	(160, 0.00019712201852946972)	(165, 0.0)	(170, 0.0)	(175, 0.0)	(180, 0.0)	(185, 0.0)	(190, 0.0)	(195, 0.0)	(200, 0.0)	(205, 0.0)	(210, 0.0)	(215, 0.00039424403705893944)	(220, 0.00019712201852946972)	(225, 0.0)	(230, 0.0)	(235, 0.00019712201852946972)	(240, 0.00019712201852946972)	(245, 0.0)	(250, 0.0)	(255, 0.0)	(260, 0.0)	(265, 0.0)	(270, 0.0)	(275, 0.0)	(280, 0.0)	(285, 0.0)	(290, 0.0)	(295, 0.0)	(300, 0.0)
1075R_RL_M_NS6_week5_S3_L001_R2_001	(1, 0.0)	(2, 0.0)	(3, 0.0)	(4, 0.0)	(5, 0.0)	(6, 0.0009856100926473488)	(7, 0.0009856100926473488)	(8, 0.0019712201852946976)	(9, 0.0019712201852946976)	(10, 0.0015769761482357578)	(15, 3.4224324857086534)	(20, 6.104671791839148)	(25, 0.0009856100926473488)	(30, 6.089887640449438)	(35, 1.3384585058150995)	(40, 0.0009856100926473488)	(45, 3.373151981076286)	(50, 0.0007884880741178789)	(55, 0.0005913660555884093)	(60, 0.0009856100926473488)	(65, 0.0009856100926473488)	(70, 0.0005913660555884093)	(75, 0.005716538537354623)	(80, 0.0009856100926473488)	(85, 0.0009856100926473488)	(90, 0.0007884880741178789)	(95, 0.0009856100926473488)	(100, 0.0007884880741178789)	(105, 0.0009856100926473488)	(110, 0.0009856100926473488)	(115, 0.0009856100926473488)	(120, 0.0009856100926473488)	(125, 0.002562586240883107)	(130, 0.004928050463236744)	(135, 0.0035481963335304554)	(140, 0.004533806426177804)	(145, 0.004928050463236744)	(150, 0.004336684407648334)	(155, 0.0035481963335304554)	(160, 0.004139562389118864)	(165, 0.001379854129706288)	(170, 0.0017740981667652277)	(175, 0.0009856100926473488)	(180, 0.001379854129706288)	(185, 0.0009856100926473488)	(190, 0.001379854129706288)	(195, 0.002759708259412576)	(200, 0.0017740981667652277)	(205, 0.002168342203824167)	(210, 0.001379854129706288)	(215, 0.0009856100926473488)	(220, 0.0009856100926473488)	(225, 0.0009856100926473488)	(230, 0.0009856100926473488)	(235, 0.0009856100926473488)	(240, 0.001379854129706288)	(245, 0.0011827321111768185)	(250, 0.00039424403705893944)	(255, 0.0005913660555884093)	(260, 0.0015769761482357578)	(265, 0.00019712201852946972)	(270, 0.0007884880741178789)	(275, 0.0007884880741178789)	(280, 0.0007884880741178789)	(285, 0.0005913660555884093)	(290, 0.0007884880741178789)	(295, 0.0)	(300, 0.0009856100926473488)
1076R_0_M_S5_week5_S13_L001_R1_001	(1, 0.0)	(2, 0.0)	(3, 0.0)	(4, 0.0)	(5, 0.0)	(6, 0.0)	(7, 0.0)	(8, 0.0)	(9, 0.0)	(10, 0.0)	(15, 5.251970562964623)	(20, 0.0)	(25, 0.0)	(30, 0.0001867832193955695)	(35, 0.0016810489745601254)	(40, 0.0)	(45, 0.0)	(50, 0.0)	(55, 0.0)	(60, 0.0)	(65, 0.0)	(70, 0.0)	(75, 0.0)	(80, 0.0)	(85, 0.000373566438791139)	(90, 0.0)	(95, 0.0)	(100, 0.0)	(105, 0.0)	(110, 0.0)	(115, 0.0)	(120, 0.002241398632746834)	(125, 0.012327692480107589)	(130, 0.0)	(135, 0.0)	(140, 0.0)	(145, 0.0)	(150, 0.0)	(155, 0.0009339160969778474)	(160, 0.000747132877582278)	(165, 0.0005603496581867085)	(170, 0.0001867832193955695)	(175, 0.0)	(180, 0.0)	(185, 0.0)	(190, 0.0)	(195, 0.0)	(200, 0.0)	(205, 0.0)	(210, 0.0)	(215, 0.000373566438791139)	(220, 0.0009339160969778474)	(225, 0.0)	(230, 0.0)	(235, 0.000373566438791139)	(240, 0.0)	(245, 0.0)	(250, 0.0)	(255, 0.0)	(260, 0.0)	(265, 0.0)	(270, 0.0)	(275, 0.0)	(280, 0.0)	(285, 0.0)	(290, 0.0)	(295, 0.0)	(300, 0.0)
1076R_0_M_S5_week5_S13_L001_R2_001	(1, 0.0)	(2, 0.0)	(3, 0.0)	(4, 0.0)	(5, 0.0)	(6, 0.0)	(7, 0.0037356643879113897)	(8, 0.0074713287758227795)	(9, 0.008405244872800628)	(10, 0.0031753147297246815)	(15, 3.30774403227614)	(20, 5.944002390825208)	(25, 0.001120699316373417)	(30, 5.910568194553401)	(35, 1.298143374799208)	(40, 0.004482797265493668)	(45, 3.2724420038103776)	(50, 0.002988531510329112)	(55, 0.0013074825357689865)	(60, 0.0016810489745601254)	(65, 0.0048563637042848065)	(70, 0.002241398632746834)	(75, 0.013074825357689866)	(80, 0.0035488811685158205)	(85, 0.0)	(90, 0.0)	(95, 0.0001867832193955695)	(100, 0.0)	(105, 0.0)	(110, 0.002988531510329112)	(115, 0.005043146923680376)	(120, 0.003362097949120251)	(125, 0.007097762337031641)	(130, 0.011767342821920879)	(135, 0.009712727408569613)	(140, 0.009339160969778475)	(145, 0.011954126041316447)	(150, 0.009712727408569613)	(155, 0.008965594530987336)	(160, 0.010086293847360752)	(165, 0.005977063020658224)	(170, 0.005977063020658224)	(175, 0.0035488811685158205)	(180, 0.005043146923680376)	(185, 0.0016810489745601254)	(190, 0.0048563637042848065)	(195, 0.008031678434009488)	(200, 0.008031678434009488)	(205, 0.004482797265493668)	(210, 0.002614965071537973)	(215, 0.002801748290933542)	(220, 0.006724195898240502)	(225, 0.006537412678844933)	(230, 0.003362097949120251)	(235, 0.007284545556427211)	(240, 0.008592028092196197)	(245, 0.006163846240053794)	(250, 0.0)	(255, 0.005043146923680376)	(260, 0.002801748290933542)	(265, 0.0)	(270, 0.0001867832193955695)	(275, 0.000747132877582278)	(280, 0.002241398632746834)	(285, 0.000373566438791139)	(290, 0.002241398632746834)	(295, 0.0)	(300, 0.001400874145466771)
1121R_L_M_NS1_week5_S46_L001_R1_001	(1, 0.0)	(2, 0.0)	(3, 0.0)	(4, 0.0)	(5, 0.0)	(6, 0.0)	(7, 0.0)	(8, 0.0)	(9, 0.0)	(10, 0.0)	(15, 5.412578878915846)	(20, 0.0)	(25, 0.0)	(30, 0.0)	(35, 0.0)	(40, 0.0)	(45, 0.0)	(50, 0.0)	(55, 0.0)	(60, 0.0)	(65, 0.0)	(70, 0.0)	(75, 0.0)	(80, 0.0)	(85, 0.0)	(90, 0.0)	(95, 0.0)	(100, 0.0)	(105, 0.0)	(110, 0.0)	(115, 0.0)	(120, 0.0012845421410106136)	(125, 0.010436904895711235)	(130, 0.0)	(135, 0.0)	(140, 0.0)	(145, 0.0)	(150, 0.0)	(155, 0.0)	(160, 0.0)	(165, 0.0)	(170, 0.0)	(175, 0.0)	(180, 0.0)	(185, 0.0)	(190, 0.0)	(195, 0.0)	(200, 0.0)	(205, 0.0)	(210, 0.0)	(215, 0.0)	(220, 0.0)	(225, 0.0)	(230, 0.0)	(235, 0.0)	(240, 0.0)	(245, 0.0)	(250, 0.0)	(255, 0.0)	(260, 0.0)	(265, 0.0)	(270, 0.0)	(275, 0.0)	(280, 0.0)	(285, 0.0)	(290, 0.0)	(295, 0.0)	(300, 0.0)
1121R_L_M_NS1_week5_S46_L001_R2_001	(1, 0.0)	(2, 0.0)	(3, 0.0)	(4, 0.0)	(5, 0.0)	(6, 0.0)	(7, 0.0)	(8, 0.001605677676263267)	(9, 0.0024085165143949002)	(10, 0.00096340660575796)	(15, 3.36100451195427)	(20, 6.1088007193435985)	(25, 0.0)	(30, 6.147818686876796)	(35, 1.3445944861028596)	(40, 0.0001605677676263267)	(45, 3.418006069461616)	(50, 0.0006422710705053068)	(55, 0.0)	(60, 0.0)	(65, 0.0)	(70, 0.0)	(75, 0.010758040430963888)	(80, 0.0001605677676263267)	(85, 0.0)	(90, 0.0)	(95, 0.0)	(100, 0.0)	(105, 0.0)	(110, 0.0)	(115, 0.0)	(120, 0.0)	(125, 0.004014194190658168)	(130, 0.009634066057579601)	(135, 0.005619871866921434)	(140, 0.0051381685640424545)	(145, 0.008831227219447967)	(150, 0.005941007402174087)	(155, 0.0051381685640424545)	(160, 0.006422710705053068)	(165, 0.0008028388381316335)	(170, 0.002087380979142247)	(175, 0.0)	(180, 0.0008028388381316335)	(185, 0.0)	(190, 0.0003211355352526534)	(195, 0.0017662454438895935)	(200, 0.0017662454438895935)	(205, 0.0014451099086369402)	(210, 0.00096340660575796)	(215, 0.00048170330287898)	(220, 0.0)	(225, 0.0)	(230, 0.0)	(235, 0.0)	(240, 0.0022479487467685737)	(245, 0.0006422710705053068)	(250, 0.0)	(255, 0.00048170330287898)	(260, 0.0011239743733842868)	(265, 0.0)	(270, 0.0)	(275, 0.0)	(280, 0.0011239743733842868)	(285, 0.0)	(290, 0.0)	(295, 0.0)	(300, 0.0)
1121R_L_M_NS1_week9_S67_L001_R1_001	(1, 0.0)	(2, 0.0)	(3, 0.0)	(4, 0.0)	(5, 0.0)	(6, 0.0)	(7, 0.0)	(8, 0.0)	(9, 0.0)	(10, 0.0)	(15, 5.3163570475290545)	(20, 0.0)	(25, 0.0)	(30, 0.0)	(35, 0.0)	(40, 0.0)	(45, 0.0)	(50, 0.0)	(55, 0.0)	(60, 0.0)	(65, 0.0)	(70, 0.0)	(75, 0.0)	(80, 0.0)	(85, 0.0)	(90, 0.0)	(95, 0.0)	(100, 0.0)	(105, 0.0)	(110, 0.0)	(115, 0.0)	(120, 0.0005844933903539107)	(125, 0.004091453732477376)	(130, 0.0)	(135, 0.0)	(140, 0.0)	(145, 0.0)	(150, 0.0)	(155, 0.0)	(160, 0.0)	(165, 0.0)	(170, 0.0)	(175, 0.0)	(180, 0.0)	(185, 0.0)	(190, 0.0)	(195, 0.0)	(200, 0.0)	(205, 0.0)	(210, 0.0)	(215, 0.0)	(220, 0.00019483113011797026)	(225, 0.0)	(230, 0.0)	(235, 0.0)	(240, 0.0)	(245, 0.0)	(250, 0.0)	(255, 0.0)	(260, 0.0)	(265, 0.0)	(270, 0.0)	(275, 0.0)	(280, 0.0)	(285, 0.0)	(290, 0.0)	(295, 0.0)	(300, 0.0)
1121R_L_M_NS1_week9_S67_L001_R2_001	(1, 0.0)	(2, 0.0)	(3, 0.0)	(4, 0.0)	(5, 0.0)	(6, 0.0)	(7, 0.0009741556505898513)	(8, 0.0019483113011797026)	(9, 0.0029224669517695537)	(10, 0.0007793245204718811)	(15, 3.3279105335450496)	(20, 6.0161904669128035)	(25, 0.0009741556505898513)	(30, 6.004890261365961)	(35, 1.3318656054864446)	(40, 0.0013638179108257918)	(45, 3.3357037787497683)	(50, 0.0007793245204718811)	(55, 0.00038966226023594053)	(60, 0.0005844933903539107)	(65, 0.0009741556505898513)	(70, 0.0007793245204718811)	(75, 0.003896622602359405)	(80, 0.00038966226023594053)	(85, 0.0)	(90, 0.0)	(95, 0.0)	(100, 0.0)	(105, 0.0)	(110, 0.00038966226023594053)	(115, 0.0007793245204718811)	(120, 0.0)	(125, 0.0015586490409437621)	(130, 0.0029224669517695537)	(135, 0.0029224669517695537)	(140, 0.0029224669517695537)	(145, 0.0029224669517695537)	(150, 0.0029224669517695537)	(155, 0.0029224669517695537)	(160, 0.0029224669517695537)	(165, 0.0009741556505898513)	(170, 0.0009741556505898513)	(175, 0.0005844933903539107)	(180, 0.0011689867807078214)	(185, 0.00019483113011797026)	(190, 0.0009741556505898513)	(195, 0.0029224669517695537)	(200, 0.0021431424312976727)	(205, 0.0011689867807078214)	(210, 0.0005844933903539107)	(215, 0.0005844933903539107)	(220, 0.0009741556505898513)	(225, 0.0005844933903539107)	(230, 0.0)	(235, 0.0009741556505898513)	(240, 0.002337973561415643)	(245, 0.0009741556505898513)	(250, 0.0)	(255, 0.0015586490409437621)	(260, 0.0005844933903539107)	(265, 0.0)	(270, 0.0)	(275, 0.0)	(280, 0.0005844933903539107)	(285, 0.0)	(290, 0.0)	(295, 0.0)	(300, 0.0)
1121R_NS1_week19_S35_L001_R1_001	(1, 0.0)	(2, 0.0)	(3, 0.0)	(4, 0.0)	(5, 0.0)	(6, 0.0)	(7, 0.0)	(8, 0.0)	(9, 0.0)	(10, 0.0)	(15, 5.204445332295949)	(20, 0.0)	(25, 0.0)	(30, 0.00021028061948670502)	(35, 0.00126168371692023)	(40, 0.0)	(45, 0.0)	(50, 0.0)	(55, 0.0)	(60, 0.0)	(65, 0.0)	(70, 0.0)	(75, 0.0)	(80, 0.0)	(85, 0.000630841858460115)	(90, 0.0)	(95, 0.0)	(100, 0.0)	(105, 0.0)	(110, 0.0)	(115, 0.0)	(120, 0.001471964336406935)	(125, 0.009462627876901726)	(130, 0.0)	(135, 0.0)	(140, 0.0)	(145, 0.0)	(150, 0.0)	(155, 0.000630841858460115)	(160, 0.001051403097433525)	(165, 0.0008411224779468201)	(170, 0.0)	(175, 0.0)	(180, 0.0)	(185, 0.0)	(190, 0.0)	(195, 0.0)	(200, 0.0)	(205, 0.0)	(210, 0.0)	(215, 0.00021028061948670502)	(220, 0.00042056123897341003)	(225, 0.0)	(230, 0.0)	(235, 0.00042056123897341003)	(240, 0.0)	(245, 0.0)	(250, 0.0)	(255, 0.0)	(260, 0.0)	(265, 0.0)	(270, 0.0)	(275, 0.0)	(280, 0.0)	(285, 0.0)	(290, 0.0)	(295, 0.0)	(300, 0.0)
1121R_NS1_week19_S35_L001_R2_001	(1, 0.0)	(2, 0.0)	(3, 0.0)	(4, 0.0)	(5, 0.0)	(6, 0.0)	(7, 0.00210280619486705)	(8, 0.00210280619486705)	(9, 0.0042056123897341)	(10, 0.002733648053327165)	(15, 3.2418963106265313)	(20, 5.921922805984586)	(25, 0.00126168371692023)	(30, 5.88974987120312)	(35, 1.295328616038103)	(40, 0.0018925255753803449)	(45, 3.2749103678859437)	(50, 0.0016822449558936401)	(55, 0.000630841858460115)	(60, 0.0018925255753803449)	(65, 0.00210280619486705)	(70, 0.00126168371692023)	(75, 0.009462627876901726)	(80, 0.00210280619486705)	(85, 0.0016822449558936401)	(90, 0.0008411224779468201)	(95, 0.0018925255753803449)	(100, 0.000630841858460115)	(105, 0.0018925255753803449)	(110, 0.00210280619486705)	(115, 0.00210280619486705)	(120, 0.00210280619486705)	(125, 0.004836454248194216)	(130, 0.008200944159981495)	(135, 0.00504673486768092)	(140, 0.005257015487167625)	(145, 0.007780382921008085)	(150, 0.005257015487167625)	(155, 0.0046261736287075104)	(160, 0.0056775767261410355)	(165, 0.0023130868143537552)	(170, 0.0033644899117872802)	(175, 0.00210280619486705)	(180, 0.0018925255753803449)	(185, 0.000630841858460115)	(190, 0.00210280619486705)	(195, 0.003574770531273985)	(200, 0.002733648053327165)	(205, 0.00294392867281387)	(210, 0.0023130868143537552)	(215, 0.0016822449558936401)	(220, 0.00210280619486705)	(225, 0.00210280619486705)	(230, 0.00210280619486705)	(235, 0.0023130868143537552)	(240, 0.00294392867281387)	(245, 0.0023130868143537552)	(250, 0.000630841858460115)	(255, 0.001471964336406935)	(260, 0.00210280619486705)	(265, 0.00042056123897341003)	(270, 0.0008411224779468201)	(275, 0.0018925255753803449)	(280, 0.0018925255753803449)	(285, 0.0018925255753803449)	(290, 0.0018925255753803449)	(295, 0.00042056123897341003)	(300, 0.00210280619486705)
1121R_RL_M_NS1_diabetes_S23_L001_R1_001	(1, 0.0)	(2, 0.0)	(3, 0.0)	(4, 0.0)	(5, 0.0)	(6, 0.0)	(7, 0.0)	(8, 0.0)	(9, 0.0)	(10, 0.0)	(15, 5.221971733287089)	(20, 0.0)	(25, 0.0)	(30, 0.0)	(35, 0.0)	(40, 0.0)	(45, 0.0)	(50, 0.0)	(55, 0.0)	(60, 0.0)	(65, 0.0)	(70, 0.0)	(75, 0.0)	(80, 0.0)	(85, 0.0)	(90, 0.0)	(95, 0.0)	(100, 0.0)	(105, 0.0)	(110, 0.0)	(115, 0.0)	(120, 0.00014451284719211539)	(125, 0.002023179860689615)	(130, 0.0)	(135, 0.0)	(140, 0.0)	(145, 0.0)	(150, 0.0)	(155, 0.0)	(160, 0.0)	(165, 0.0)	(170, 0.0)	(175, 0.0)	(180, 0.0)	(185, 0.0)	(190, 0.0)	(195, 0.0)	(200, 0.0)	(205, 0.0)	(210, 0.0)	(215, 0.0)	(220, 0.0)	(225, 0.0)	(230, 0.0)	(235, 0.0)	(240, 0.0)	(245, 0.0)	(250, 0.0)	(255, 0.0)	(260, 0.0)	(265, 0.0)	(270, 0.0)	(275, 0.0)	(280, 0.0)	(285, 0.0)	(290, 0.0)	(295, 0.0)	(300, 0.0)
1121R_RL_M_NS1_diabetes_S23_L001_R2_001	(1, 0.0)	(2, 0.0)	(3, 0.0)	(4, 0.0)	(5, 0.0)	(6, 0.0)	(7, 0.0)	(8, 0.0)	(9, 0.0007225642359605769)	(10, 0.00014451284719211539)	(15, 3.265123269458655)	(20, 5.915055348420474)	(25, 0.0)	(30, 5.903638833492297)	(35, 1.3165120379201711)	(40, 0.00014451284719211539)	(45, 3.2826093239689005)	(50, 0.00028902569438423077)	(55, 0.0)	(60, 0.0)	(65, 0.0)	(70, 0.0)	(75, 0.0013006156247290384)	(80, 0.0)	(85, 0.0)	(90, 0.0)	(95, 0.0)	(100, 0.0)	(105, 0.0)	(110, 0.0)	(115, 0.0)	(120, 0.0)	(125, 0.00028902569438423077)	(130, 0.0007225642359605769)	(135, 0.0007225642359605769)	(140, 0.0007225642359605769)	(145, 0.0007225642359605769)	(150, 0.0008670770831526923)	(155, 0.0007225642359605769)	(160, 0.0007225642359605769)	(165, 0.00028902569438423077)	(170, 0.00028902569438423077)	(175, 0.00014451284719211539)	(180, 0.00014451284719211539)	(185, 0.0)	(190, 0.00043353854157634613)	(195, 0.0007225642359605769)	(200, 0.0005780513887684615)	(205, 0.00028902569438423077)	(210, 0.00014451284719211539)	(215, 0.00014451284719211539)	(220, 0.0005780513887684615)	(225, 0.00028902569438423077)	(230, 0.00014451284719211539)	(235, 0.0005780513887684615)	(240, 0.0007225642359605769)	(245, 0.00028902569438423077)	(250, 0.0)	(255, 0.00043353854157634613)	(260, 0.00014451284719211539)	(265, 0.0)	(270, 0.0)	(275, 0.0)	(280, 0.00014451284719211539)	(285, 0.0)	(290, 0.0)	(295, 0.0)	(300, 0.0)
1121R_RL_M_NS1_week5_S48_L001_R1_001	(1, 0.0)	(2, 0.0)	(3, 0.0)	(4, 0.0)	(5, 0.0)	(6, 0.0)	(7, 0.0)	(8, 0.0)	(9, 0.0)	(10, 0.0)	(15, 5.1902287423348765)	(20, 0.0)	(25, 0.0)	(30, 0.0)	(35, 0.0005012615081287908)	(40, 0.0)	(45, 0.0)	(50, 0.0)	(55, 0.0)	(60, 0.0)	(65, 0.0)	(70, 0.0)	(75, 0.0)	(80, 0.0)	(85, 0.0001670871693762636)	(90, 0.0)	(95, 0.0)	(100, 0.0)	(105, 0.0)	(110, 0.0)	(115, 0.0)	(120, 0.0005012615081287908)	(125, 0.007351835452555597)	(130, 0.0)	(135, 0.0)	(140, 0.0)	(145, 0.0)	(150, 0.0)	(155, 0.0)	(160, 0.0)	(165, 0.0)	(170, 0.0)	(175, 0.0)	(180, 0.0)	(185, 0.0)	(190, 0.0)	(195, 0.0)	(200, 0.0)	(205, 0.0)	(210, 0.0)	(215, 0.0)	(220, 0.0001670871693762636)	(225, 0.0)	(230, 0.0)	(235, 0.0)	(240, 0.0)	(245, 0.0)	(250, 0.0)	(255, 0.0)	(260, 0.0)	(265, 0.0)	(270, 0.0)	(275, 0.0)	(280, 0.0)	(285, 0.0)	(290, 0.0)	(295, 0.0)	(300, 0.0)
1121R_RL_M_NS1_week5_S48_L001_R2_001	(1, 0.0)	(2, 0.0)	(3, 0.0)	(4, 0.0)	(5, 0.0)	(6, 0.0)	(7, 0.0)	(8, 0.0008354358468813179)	(9, 0.002506307540643954)	(10, 0.0006683486775050544)	(15, 3.220438102558105)	(20, 5.7880666343631475)	(25, 0.0)	(30, 5.789236244548781)	(35, 1.2469715450550554)	(40, 0.0)	(45, 3.19738007318418)	(50, 0.0001670871693762636)	(55, 0.0)	(60, 0.0)	(65, 0.0)	(70, 0.0001670871693762636)	(75, 0.005012615081287908)	(80, 0.0)	(85, 0.0)	(90, 0.0)	(95, 0.0)	(100, 0.0)	(105, 0.0)	(110, 0.0)	(115, 0.0)	(120, 0.0)	(125, 0.0016708716937626359)	(130, 0.0038430048956540628)	(135, 0.0026733947100202175)	(140, 0.002840481879396481)	(145, 0.004010092065030326)	(150, 0.0030075690487727444)	(155, 0.002840481879396481)	(160, 0.0033417433875252717)	(165, 0.0005012615081287908)	(170, 0.0008354358468813179)	(175, 0.0)	(180, 0.0005012615081287908)	(185, 0.0)	(190, 0.0001670871693762636)	(195, 0.0010025230162575816)	(200, 0.0010025230162575816)	(205, 0.0008354358468813179)	(210, 0.0005012615081287908)	(215, 0.0001670871693762636)	(220, 0.0001670871693762636)	(225, 0.0)	(230, 0.0)	(235, 0.0003341743387525272)	(240, 0.0013366973550101087)	(245, 0.0005012615081287908)	(250, 0.0)	(255, 0.0008354358468813179)	(260, 0.0006683486775050544)	(265, 0.0)	(270, 0.0)	(275, 0.0)	(280, 0.0003341743387525272)	(285, 0.0)	(290, 0.0)	(295, 0.0)	(300, 0.0)
1121R_RL_M_NS1_week9_S69_L001_R1_001	(1, 0.0)	(2, 0.0)	(3, 0.0)	(4, 0.0)	(5, 0.0)	(6, 0.0)	(7, 0.0)	(8, 0.0)	(9, 0.0)	(10, 0.0)	(15, 5.266963167407918)	(20, 0.0)	(25, 0.0)	(30, 0.0)	(35, 0.0)	(40, 0.0)	(45, 0.0)	(50, 0.0)	(55, 0.0)	(60, 0.0)	(65, 0.0)	(70, 0.0)	(75, 0.0)	(80, 0.0)	(85, 0.0)	(90, 0.0)	(95, 0.0)	(100, 0.0)	(105, 0.0)	(110, 0.0)	(115, 0.0)	(120, 0.0013500033750084375)	(125, 0.007350018375045937)	(130, 0.0)	(135, 0.0)	(140, 0.0)	(145, 0.0)	(150, 0.0)	(155, 0.0)	(160, 0.0)	(165, 0.0)	(170, 0.0)	(175, 0.0)	(180, 0.0)	(185, 0.0)	(190, 0.0)	(195, 0.0)	(200, 0.0)	(205, 0.0)	(210, 0.0)	(215, 0.0)	(220, 0.00030000075000187503)	(225, 0.0)	(230, 0.0)	(235, 0.0)	(240, 0.0)	(245, 0.0)	(250, 0.0)	(255, 0.0)	(260, 0.0)	(265, 0.0)	(270, 0.0)	(275, 0.0)	(280, 0.0)	(285, 0.0)	(290, 0.0)	(295, 0.0)	(300, 0.0)
1121R_RL_M_NS1_week9_S69_L001_R2_001	(1, 0.0)	(2, 0.0)	(3, 0.0)	(4, 0.0)	(5, 0.0)	(6, 0.0)	(7, 0.0)	(8, 0.00300000750001875)	(9, 0.005250013125032813)	(10, 0.0012000030000075001)	(15, 3.3027082567706416)	(20, 5.995064987662469)	(25, 0.0)	(30, 6.028965072412681)	(35, 1.3120532801332003)	(40, 0.0007500018750046876)	(45, 3.347558368895922)	(50, 0.001500003750009375)	(55, 0.00045000112500281247)	(60, 0.0)	(65, 0.0018000045000112499)	(70, 0.00045000112500281247)	(75, 0.007800019500048751)	(80, 0.0006000015000037501)	(85, 0.0)	(90, 0.0)	(95, 0.0)	(100, 0.0)	(105, 0.0)	(110, 0.00045000112500281247)	(115, 0.0009000022500056249)	(120, 0.0)	(125, 0.00300000750001875)	(130, 0.006900017250043126)	(135, 0.006150015375038438)	(140, 0.006300015750039375)	(145, 0.006750016875042188)	(150, 0.0064500161250403126)	(155, 0.0064500161250403126)	(160, 0.006600016500041249)	(165, 0.0019500048750121877)	(170, 0.002100005250013125)	(175, 0.0007500018750046876)	(180, 0.0022500056250140624)	(185, 0.00015000037500093752)	(190, 0.001500003750009375)	(195, 0.004500011250028125)	(200, 0.004050010125025313)	(205, 0.0024000060000150003)	(210, 0.0012000030000075001)	(215, 0.0010500026250065625)	(220, 0.0019500048750121877)	(225, 0.0013500033750084375)	(230, 0.00030000075000187503)	(235, 0.0025500063750159376)	(240, 0.005700014250035625)	(245, 0.002100005250013125)	(250, 0.0)	(255, 0.0031500078750196876)	(260, 0.0012000030000075001)	(265, 0.0)	(270, 0.0)	(275, 0.0)	(280, 0.0012000030000075001)	(285, 0.0)	(290, 0.0)	(295, 0.0)	(300, 0.0)
1121R_RR_M_NS1_week5_S49_L001_R1_001	(1, 0.0)	(2, 0.0)	(3, 0.0)	(4, 0.0)	(5, 0.0)	(6, 0.0)	(7, 0.0)	(8, 0.0)	(9, 0.0)	(10, 0.0)	(15, 5.156415507379422)	(20, 0.0)	(25, 0.0)	(30, 0.0)	(35, 0.00047077654591248265)	(40, 0.0)	(45, 0.0)	(50, 0.0)	(55, 0.0)	(60, 0.0)	(65, 0.0)	(70, 0.0)	(75, 0.0)	(80, 0.0)	(85, 0.0)	(90, 0.0)	(95, 0.0)	(100, 0.0)	(105, 0.0)	(110, 0.0)	(115, 0.0)	(120, 0.00047077654591248265)	(125, 0.006590871642774756)	(130, 0.0)	(135, 0.0)	(140, 0.0)	(145, 0.0)	(150, 0.0)	(155, 0.0)	(160, 0.0)	(165, 0.0)	(170, 0.0)	(175, 0.0)	(180, 0.0)	(185, 0.0)	(190, 0.0)	(195, 0.0)	(200, 0.0)	(205, 0.0)	(210, 0.0)	(215, 0.0)	(220, 0.0)	(225, 0.0)	(230, 0.0)	(235, 0.0)	(240, 0.0)	(245, 0.0)	(250, 0.0)	(255, 0.0)	(260, 0.0)	(265, 0.0)	(270, 0.0)	(275, 0.0)	(280, 0.0)	(285, 0.0)	(290, 0.0)	(295, 0.0)	(300, 0.0)
1121R_RR_M_NS1_week5_S49_L001_R2_001	(1, 0.0)	(2, 0.0)	(3, 0.0)	(4, 0.0)	(5, 0.0)	(6, 0.0)	(7, 0.0)	(8, 0.002353882729562413)	(9, 0.002353882729562413)	(10, 0.0007061648188687239)	(15, 3.2219946802250314)	(20, 5.778546712802768)	(25, 0.0)	(30, 5.789374573358756)	(35, 1.268036626415272)	(40, 0.00047077654591248265)	(45, 3.212108372760869)	(50, 0.00047077654591248265)	(55, 0.00047077654591248265)	(60, 0.0)	(65, 0.0)	(70, 0.0)	(75, 0.0051785420050373095)	(80, 0.0)	(85, 0.0)	(90, 0.0)	(95, 0.0)	(100, 0.0)	(105, 0.0)	(110, 0.0)	(115, 0.0)	(120, 0.0)	(125, 0.0018831061836499306)	(130, 0.004472377186168585)	(135, 0.0028246592754748957)	(140, 0.0030600475484311375)	(145, 0.004236988913212344)	(150, 0.0030600475484311375)	(155, 0.0028246592754748957)	(160, 0.0030600475484311375)	(165, 0.0007061648188687239)	(170, 0.0009415530918249653)	(175, 0.0)	(180, 0.0007061648188687239)	(185, 0.0)	(190, 0.00023538827295624133)	(195, 0.002353882729562413)	(200, 0.0014123296377374478)	(205, 0.0009415530918249653)	(210, 0.00047077654591248265)	(215, 0.00047077654591248265)	(220, 0.00023538827295624133)	(225, 0.00023538827295624133)	(230, 0.0)	(235, 0.00023538827295624133)	(240, 0.0014123296377374478)	(245, 0.00047077654591248265)	(250, 0.0)	(255, 0.0007061648188687239)	(260, 0.00047077654591248265)	(265, 0.0)	(270, 0.0)	(275, 0.0)	(280, 0.00047077654591248265)	(285, 0.0)	(290, 0.0)	(295, 0.0)	(300, 0.0)
1121R_RR_M_NS1_week9_S70_L001_R1_001	(1, 0.0)	(2, 0.0)	(3, 0.0)	(4, 0.0)	(5, 0.0)	(6, 0.0)	(7, 0.0)	(8, 0.0)	(9, 0.0)	(10, 0.0)	(15, 5.4411880131234005)	(20, 0.0)	(25, 0.0)	(30, 0.0)	(35, 0.0)	(40, 0.0)	(45, 0.0)	(50, 0.0)	(55, 0.0)	(60, 0.0)	(65, 0.0)	(70, 0.0)	(75, 0.0)	(80, 0.0)	(85, 0.0)	(90, 0.0)	(95, 0.0)	(100, 0.0)	(105, 0.0)	(110, 0.0)	(115, 0.0)	(120, 0.0007848923912531592)	(125, 0.00847683782553412)	(130, 0.0)	(135, 0.0)	(140, 0.0)	(145, 0.0)	(150, 0.0)	(155, 0.0)	(160, 0.0)	(165, 0.0)	(170, 0.0)	(175, 0.0)	(180, 0.0)	(185, 0.0)	(190, 0.0)	(195, 0.0)	(200, 0.0)	(205, 0.0)	(210, 0.0)	(215, 0.0)	(220, 0.0)	(225, 0.0)	(230, 0.0)	(235, 0.0)	(240, 0.0)	(245, 0.0)	(250, 0.0)	(255, 0.0)	(260, 0.0)	(265, 0.0)	(270, 0.0)	(275, 0.0)	(280, 0.0)	(285, 0.0)	(290, 0.0)	(295, 0.0)	(300, 0.0)
1121R_RR_M_NS1_week9_S70_L001_R2_001	(1, 0.0)	(2, 0.0)	(3, 0.0)	(4, 0.0)	(5, 0.0)	(6, 0.0)	(7, 0.0)	(8, 0.0015697847825063185)	(9, 0.003139569565012637)	(10, 0.0009418708695037909)	(15, 3.4211889549942707)	(20, 6.172393764814844)	(25, 0.0)	(30, 6.219644286768284)	(35, 1.3467183649121706)	(40, 0.0007848923912531592)	(45, 3.4514858012966423)	(50, 0.0006279139130025273)	(55, 0.00015697847825063183)	(60, 0.00015697847825063183)	(65, 0.0006279139130025273)	(70, 0.00015697847825063183)	(75, 0.0075349669560303275)	(80, 0.00031395695650126367)	(85, 0.0)	(90, 0.0)	(95, 0.0)	(100, 0.0)	(105, 0.0)	(110, 0.00031395695650126367)	(115, 0.0006279139130025273)	(120, 0.00015697847825063183)	(125, 0.0025116556520101093)	(130, 0.0058082036952733776)	(135, 0.004081440434516428)	(140, 0.0039244619562657955)	(145, 0.004709354347518955)	(150, 0.0039244619562657955)	(155, 0.003610504999764532)	(160, 0.00423841891276706)	(165, 0.0009418708695037909)	(170, 0.00172676326075695)	(175, 0.00031395695650126367)	(180, 0.0012558278260050547)	(185, 0.0)	(190, 0.001098849347754423)	(195, 0.0026686341302607415)	(200, 0.002040720217258214)	(205, 0.0012558278260050547)	(210, 0.0006279139130025273)	(215, 0.0006279139130025273)	(220, 0.0012558278260050547)	(225, 0.0009418708695037909)	(230, 0.0)	(235, 0.0012558278260050547)	(240, 0.002197698695508846)	(245, 0.001098849347754423)	(250, 0.0)	(255, 0.001098849347754423)	(260, 0.0007848923912531592)	(265, 0.0)	(270, 0.0)	(275, 0.0)	(280, 0.0006279139130025273)	(285, 0.0)	(290, 0.0)	(295, 0.0)	(300, 0.0)
1121R_R_M_NS1_week5_S47_L001_R1_001	(1, 0.0)	(2, 0.0)	(3, 0.0)	(4, 0.0)	(5, 0.0)	(6, 0.0)	(7, 0.0)	(8, 0.0)	(9, 0.0)	(10, 0.0)	(15, 5.1350894967916245)	(20, 0.0)	(25, 0.0)	(30, 0.0)	(35, 0.0)	(40, 0.0)	(45, 0.0)	(50, 0.0)	(55, 0.0)	(60, 0.0)	(65, 0.0)	(70, 0.0)	(75, 0.0)	(80, 0.0)	(85, 0.0)	(90, 0.0)	(95, 0.0)	(100, 0.0)	(105, 0.0)	(110, 0.0)	(115, 0.0)	(120, 0.001266464032421479)	(125, 0.007387706855791962)	(130, 0.0)	(135, 0.0)	(140, 0.0)	(145, 0.0)	(150, 0.0)	(155, 0.0)	(160, 0.0)	(165, 0.0)	(170, 0.0)	(175, 0.0)	(180, 0.0)	(185, 0.0)	(190, 0.0)	(195, 0.0)	(200, 0.0)	(205, 0.0)	(210, 0.0)	(215, 0.0)	(220, 0.00042215467747382644)	(225, 0.0)	(230, 0.0)	(235, 0.0)	(240, 0.0)	(245, 0.0)	(250, 0.0)	(255, 0.0)	(260, 0.0)	(265, 0.0)	(270, 0.0)	(275, 0.0)	(280, 0.0)	(285, 0.0)	(290, 0.0)	(295, 0.0)	(300, 0.0)
1121R_R_M_NS1_week5_S47_L001_R2_001	(1, 0.0)	(2, 0.0)	(3, 0.0)	(4, 0.0)	(5, 0.0)	(6, 0.0010553866936845661)	(7, 0.0021107733873691322)	(8, 0.0021107733873691322)	(9, 0.00527693346842283)	(10, 0.0014775413711583924)	(15, 3.1997213779128675)	(20, 5.787951705504897)	(25, 0.0010553866936845661)	(30, 5.760722728807835)	(35, 1.2618203309692673)	(40, 0.0016886187098953058)	(45, 3.1900118203309695)	(50, 0.0010553866936845661)	(55, 0.00042215467747382644)	(60, 0.0008443093549476529)	(65, 0.0016886187098953058)	(70, 0.0006332320162107395)	(75, 0.006754474839581223)	(80, 0.0010553866936845661)	(85, 0.0)	(90, 0.0)	(95, 0.00021107733873691322)	(100, 0.0)	(105, 0.0)	(110, 0.0006332320162107395)	(115, 0.0010553866936845661)	(120, 0.00021107733873691322)	(125, 0.002532928064842958)	(130, 0.006543397500844309)	(135, 0.00527693346842283)	(140, 0.005065856129685916)	(145, 0.005488010807159743)	(150, 0.00527693346842283)	(155, 0.005065856129685916)	(160, 0.00527693346842283)	(165, 0.0014775413711583924)	(170, 0.0023218507261060454)	(175, 0.0006332320162107395)	(180, 0.0016886187098953058)	(185, 0.0)	(190, 0.0010553866936845661)	(195, 0.0031661600810536984)	(200, 0.002532928064842958)	(205, 0.0021107733873691322)	(210, 0.0010553866936845661)	(215, 0.0008443093549476529)	(220, 0.001266464032421479)	(225, 0.0014775413711583924)	(230, 0.00042215467747382644)	(235, 0.0016886187098953058)	(240, 0.002955082742316785)	(245, 0.0014775413711583924)	(250, 0.0)	(255, 0.001899696048632219)	(260, 0.0010553866936845661)	(265, 0.0)	(270, 0.0)	(275, 0.0)	(280, 0.0006332320162107395)	(285, 0.0)	(290, 0.00021107733873691322)	(295, 0.0)	(300, 0.0)
1121R_R_M_NS1_week9_S68_L001_R1_001	(1, 0.0)	(2, 0.0)	(3, 0.0)	(4, 0.0)	(5, 0.0)	(6, 0.0)	(7, 0.0)	(8, 0.0)	(9, 0.0)	(10, 0.0)	(15, 5.242760961191089)	(20, 0.0)	(25, 0.0)	(30, 0.0)	(35, 0.0)	(40, 0.0)	(45, 0.0)	(50, 0.0)	(55, 0.0)	(60, 0.0)	(65, 0.0)	(70, 0.0)	(75, 0.0)	(80, 0.0)	(85, 0.0)	(90, 0.0)	(95, 0.0)	(100, 0.0)	(105, 0.0)	(110, 0.0)	(115, 0.0)	(120, 0.00018245844508913095)	(125, 0.00383162734687175)	(130, 0.0)	(135, 0.0)	(140, 0.0)	(145, 0.0)	(150, 0.0)	(155, 0.0)	(160, 0.0)	(165, 0.0)	(170, 0.0)	(175, 0.0)	(180, 0.0)	(185, 0.0)	(190, 0.0)	(195, 0.0)	(200, 0.0)	(205, 0.0)	(210, 0.0)	(215, 0.0)	(220, 0.0)	(225, 0.0)	(230, 0.0)	(235, 0.0)	(240, 0.0)	(245, 0.0)	(250, 0.0)	(255, 0.0)	(260, 0.0)	(265, 0.0)	(270, 0.0)	(275, 0.0)	(280, 0.0)	(285, 0.0)	(290, 0.0)	(295, 0.0)	(300, 0.0)
1121R_R_M_NS1_week9_S68_L001_R2_001	(1, 0.0)	(2, 0.0)	(3, 0.0)	(4, 0.0)	(5, 0.0)	(6, 0.0)	(7, 0.0)	(8, 0.0)	(9, 0.0009122922254456549)	(10, 0.0003649168901782619)	(15, 3.3192840330614706)	(20, 5.9731421168828795)	(25, 0.0)	(30, 5.994307296513219)	(35, 1.312606053971208)	(40, 0.0)	(45, 3.330413998211907)	(50, 0.00018245844508913095)	(55, 0.00018245844508913095)	(60, 0.0)	(65, 0.0)	(70, 0.0)	(75, 0.002736876676336964)	(80, 0.0)	(85, 0.0)	(90, 0.0)	(95, 0.0)	(100, 0.0)	(105, 0.0)	(110, 0.0)	(115, 0.0)	(120, 0.0)	(125, 0.0007298337803565238)	(130, 0.0018245844508913097)	(135, 0.0014596675607130476)	(140, 0.0014596675607130476)	(145, 0.0018245844508913097)	(150, 0.0012772091156239168)	(155, 0.0010947506705347857)	(160, 0.0014596675607130476)	(165, 0.0003649168901782619)	(170, 0.0003649168901782619)	(175, 0.0)	(180, 0.0003649168901782619)	(185, 0.0)	(190, 0.0)	(195, 0.0009122922254456549)	(200, 0.0007298337803565238)	(205, 0.0003649168901782619)	(210, 0.00018245844508913095)	(215, 0.00018245844508913095)	(220, 0.0005473753352673929)	(225, 0.0005473753352673929)	(230, 0.0)	(235, 0.0005473753352673929)	(240, 0.0009122922254456549)	(245, 0.0003649168901782619)	(250, 0.0)	(255, 0.0005473753352673929)	(260, 0.0003649168901782619)	(265, 0.0)	(270, 0.0)	(275, 0.0)	(280, 0.00018245844508913095)	(285, 0.0)	(290, 0.0)	(295, 0.0)	(300, 0.0)
1136R_0_F_S5_week5_S14_L001_R1_001	(1, 0.0)	(2, 0.0)	(3, 0.0)	(4, 0.0)	(5, 0.0)	(6, 0.0)	(7, 0.0)	(8, 0.0)	(9, 0.0)	(10, 0.0)	(15, 5.373281280410318)	(20, 0.0)	(25, 0.0)	(30, 0.0)	(35, 0.0)	(40, 0.0)	(45, 0.0)	(50, 0.0)	(55, 0.0)	(60, 0.0)	(65, 0.0)	(70, 0.0)	(75, 0.0)	(80, 0.0)	(85, 0.0)	(90, 0.0)	(95, 0.0)	(100, 0.0)	(105, 0.0)	(110, 0.0)	(115, 0.0)	(120, 0.001144859010612843)	(125, 0.005495323250941647)	(130, 0.0)	(135, 0.0)	(140, 0.0)	(145, 0.0)	(150, 0.0)	(155, 0.0)	(160, 0.0)	(165, 0.0)	(170, 0.0)	(175, 0.0)	(180, 0.0)	(185, 0.0)	(190, 0.0)	(195, 0.0)	(200, 0.0)	(205, 0.0)	(210, 0.0)	(215, 0.0)	(220, 0.0002289718021225686)	(225, 0.0)	(230, 0.0)	(235, 0.0)	(240, 0.0)	(245, 0.0)	(250, 0.0)	(255, 0.0)	(260, 0.0)	(265, 0.0)	(270, 0.0)	(275, 0.0)	(280, 0.0)	(285, 0.0)	(290, 0.0)	(295, 0.0)	(300, 0.0)
1136R_0_F_S5_week5_S14_L001_R2_001	(1, 0.0)	(2, 0.0)	(3, 0.0)	(4, 0.0)	(5, 0.0)	(6, 0.0)	(7, 0.001144859010612843)	(8, 0.003434577031838529)	(9, 0.004579436042451372)	(10, 0.001144859010612843)	(15, 3.3915303330394866)	(20, 6.108738708828008)	(25, 0.0009158872084902744)	(30, 6.1440003663548834)	(35, 1.3733728691311664)	(40, 0.0009158872084902744)	(45, 3.432974229223671)	(50, 0.001144859010612843)	(55, 0.0002289718021225686)	(60, 0.0004579436042451372)	(65, 0.0018317744169805488)	(70, 0.0004579436042451372)	(75, 0.007556069470044764)	(80, 0.0006869154063677058)	(85, 0.0)	(90, 0.0)	(95, 0.0)	(100, 0.0)	(105, 0.0)	(110, 0.0002289718021225686)	(115, 0.0016028026148579802)	(120, 0.0)	(125, 0.0025186898233482548)	(130, 0.005724295053064215)	(135, 0.005724295053064215)	(140, 0.005495323250941647)	(145, 0.005724295053064215)	(150, 0.005495323250941647)	(155, 0.005495323250941647)	(160, 0.005495323250941647)	(165, 0.0013738308127354117)	(170, 0.0018317744169805488)	(175, 0.0004579436042451372)	(180, 0.0018317744169805488)	(185, 0.0002289718021225686)	(190, 0.0013738308127354117)	(195, 0.0036635488339610976)	(200, 0.0027476616254708233)	(205, 0.0020607462191031176)	(210, 0.0009158872084902744)	(215, 0.0006869154063677058)	(220, 0.0013738308127354117)	(225, 0.0009158872084902744)	(230, 0.0)	(235, 0.0013738308127354117)	(240, 0.0025186898233482548)	(245, 0.001144859010612843)	(250, 0.0)	(255, 0.0013738308127354117)	(260, 0.001144859010612843)	(265, 0.0)	(270, 0.0)	(275, 0.0)	(280, 0.0009158872084902744)	(285, 0.0)	(290, 0.0)	(295, 0.0)	(300, 0.0)
1151R_0_M_NS1_week5_S50_L001_R1_001	(1, 0.0)	(2, 0.0)	(3, 0.0)	(4, 0.0)	(5, 0.0)	(6, 0.0)	(7, 0.0)	(8, 0.0)	(9, 0.0)	(10, 0.0)	(15, 5.110184875313112)	(20, 0.0)	(25, 0.0)	(30, 0.0)	(35, 0.00040565071445232084)	(40, 0.0)	(45, 0.0)	(50, 0.0)	(55, 0.0)	(60, 0.0)	(65, 0.0)	(70, 0.0)	(75, 0.0)	(80, 0.0)	(85, 0.00020282535722616042)	(90, 0.0)	(95, 0.0)	(100, 0.0)	(105, 0.0)	(110, 0.0)	(115, 0.0)	(120, 0.0010141267861308021)	(125, 0.008518665003498738)	(130, 0.0)	(135, 0.0)	(140, 0.0)	(145, 0.0)	(150, 0.0)	(155, 0.0)	(160, 0.0)	(165, 0.0)	(170, 0.0)	(175, 0.0)	(180, 0.0)	(185, 0.0)	(190, 0.0)	(195, 0.0)	(200, 0.0)	(205, 0.0)	(210, 0.0)	(215, 0.0)	(220, 0.0)	(225, 0.0)	(230, 0.0)	(235, 0.0)	(240, 0.0)	(245, 0.0)	(250, 0.0)	(255, 0.0)	(260, 0.0)	(265, 0.0)	(270, 0.0)	(275, 0.0)	(280, 0.0)	(285, 0.0)	(290, 0.0)	(295, 0.0)	(300, 0.0)
1151R_0_M_NS1_week5_S50_L001_R2_001	(1, 0.0)	(2, 0.0)	(3, 0.0)	(4, 0.0)	(5, 0.0)	(6, 0.0)	(7, 0.0)	(8, 0.0010141267861308021)	(9, 0.0020282535722616042)	(10, 0.0012169521433569625)	(15, 3.15150040058008)	(20, 5.7334671980691025)	(25, 0.0)	(30, 5.723731580922247)	(35, 1.2388572819373878)	(40, 0.00040565071445232084)	(45, 3.1583964627257703)	(50, 0.0006084760716784812)	(55, 0.00020282535722616042)	(60, 0.00040565071445232084)	(65, 0.0010141267861308021)	(70, 0.00040565071445232084)	(75, 0.007098887502915614)	(80, 0.0006084760716784812)	(85, 0.0)	(90, 0.0)	(95, 0.0)	(100, 0.0)	(105, 0.0)	(110, 0.00040565071445232084)	(115, 0.0008113014289046417)	(120, 0.00040565071445232084)	(125, 0.002433904286713925)	(130, 0.005679110002332491)	(135, 0.0046649832162016895)	(140, 0.0040565071445232085)	(145, 0.005476284645106331)	(150, 0.0046649832162016895)	(155, 0.0040565071445232085)	(160, 0.0046649832162016895)	(165, 0.0016226028578092834)	(170, 0.0018254282150354437)	(175, 0.0008113014289046417)	(180, 0.0014197775005831228)	(185, 0.00020282535722616042)	(190, 0.0006084760716784812)	(195, 0.0030423803583924064)	(200, 0.0020282535722616042)	(205, 0.0016226028578092834)	(210, 0.0010141267861308021)	(215, 0.0006084760716784812)	(220, 0.0014197775005831228)	(225, 0.0014197775005831228)	(230, 0.00040565071445232084)	(235, 0.0018254282150354437)	(240, 0.0028395550011662456)	(245, 0.0012169521433569625)	(250, 0.0)	(255, 0.0014197775005831228)	(260, 0.0010141267861308021)	(265, 0.0)	(270, 0.0)	(275, 0.0)	(280, 0.0010141267861308021)	(285, 0.0)	(290, 0.0006084760716784812)	(295, 0.0)	(300, 0.0)
1151R_0_M_NS1_week9_S71_L001_R1_001	(1, 0.0)	(2, 0.0)	(3, 0.0)	(4, 0.0)	(5, 0.0)	(6, 0.0)	(7, 0.0)	(8, 0.0)	(9, 0.0)	(10, 0.0)	(15, 5.202083676423427)	(20, 0.0)	(25, 0.0)	(30, 0.0)	(35, 0.0)	(40, 0.0)	(45, 0.0)	(50, 0.0)	(55, 0.0)	(60, 0.0)	(65, 0.0)	(70, 0.0)	(75, 0.0)	(80, 0.0)	(85, 0.0)	(90, 0.0)	(95, 0.0)	(100, 0.0)	(105, 0.0)	(110, 0.0)	(115, 0.0)	(120, 0.0006934031359156822)	(125, 0.007454083711093583)	(130, 0.0)	(135, 0.0)	(140, 0.0)	(145, 0.0)	(150, 0.0)	(155, 0.0)	(160, 0.0)	(165, 0.0)	(170, 0.0)	(175, 0.0)	(180, 0.0)	(185, 0.0)	(190, 0.0)	(195, 0.0)	(200, 0.0)	(205, 0.0)	(210, 0.0)	(215, 0.0)	(220, 0.0)	(225, 0.0)	(230, 0.0)	(235, 0.0)	(240, 0.0)	(245, 0.0)	(250, 0.0)	(255, 0.0)	(260, 0.0)	(265, 0.0)	(270, 0.0)	(275, 0.0)	(280, 0.0)	(285, 0.0)	(290, 0.0)	(295, 0.0)	(300, 0.0)
1151R_0_M_NS1_week9_S71_L001_R2_001	(1, 0.0)	(2, 0.0)	(3, 0.0)	(4, 0.0)	(5, 0.0)	(6, 0.0)	(7, 0.0)	(8, 0.002600261759683808)	(9, 0.002600261759683808)	(10, 0.0008667539198946028)	(15, 3.261074948211453)	(20, 5.889766236467804)	(25, 0.0)	(30, 5.894966759987172)	(35, 1.2895564820191898)	(40, 0.0006934031359156822)	(45, 3.2723427491700834)	(50, 0.0013868062718313645)	(55, 0.0003467015679578411)	(60, 0.0)	(65, 0.0010401047038735233)	(70, 0.00017335078397892056)	(75, 0.0069340313591568226)	(80, 0.0006934031359156822)	(85, 0.0)	(90, 0.0)	(95, 0.0)	(100, 0.0)	(105, 0.0)	(110, 0.0)	(115, 0.0010401047038735233)	(120, 0.00017335078397892056)	(125, 0.0020802094077470466)	(130, 0.005200523519367616)	(135, 0.0036403664635573313)	(140, 0.0034670156795784113)	(145, 0.004333769599473013)	(150, 0.0036403664635573313)	(155, 0.0034670156795784113)	(160, 0.0036403664635573313)	(165, 0.0012134554878524438)	(170, 0.0010401047038735233)	(175, 0.0005200523519367616)	(180, 0.0013868062718313645)	(185, 0.00017335078397892056)	(190, 0.0012134554878524438)	(195, 0.0031203141116205695)	(200, 0.002600261759683808)	(205, 0.0013868062718313645)	(210, 0.0006934031359156822)	(215, 0.0006934031359156822)	(220, 0.0013868062718313645)	(225, 0.0006934031359156822)	(230, 0.0)	(235, 0.0012134554878524438)	(240, 0.002600261759683808)	(245, 0.0008667539198946028)	(250, 0.0)	(255, 0.0012134554878524438)	(260, 0.0006934031359156822)	(265, 0.0)	(270, 0.0)	(275, 0.0)	(280, 0.0006934031359156822)	(285, 0.0)	(290, 0.0)	(295, 0.0)	(300, 0.0)
1151R_NS1_week21_S36_L001_R1_001	(1, 0.0)	(2, 0.0)	(3, 0.0)	(4, 0.0)	(5, 0.0)	(6, 0.0)	(7, 0.0)	(8, 0.0)	(9, 0.0)	(10, 0.0)	(15, 5.257133958811851)	(20, 0.0)	(25, 0.0)	(30, 0.00015572079261883445)	(35, 0.0006228831704753378)	(40, 0.0)	(45, 0.0)	(50, 0.0)	(55, 0.0)	(60, 0.0)	(65, 0.0)	(70, 0.0)	(75, 0.0)	(80, 0.0)	(85, 0.00015572079261883445)	(90, 0.0)	(95, 0.0)	(100, 0.0)	(105, 0.0)	(110, 0.0)	(115, 0.0)	(120, 0.0012457663409506756)	(125, 0.006384552497372211)	(130, 0.0)	(135, 0.0)	(140, 0.0)	(145, 0.0)	(150, 0.0)	(155, 0.00015572079261883445)	(160, 0.00046716237785650327)	(165, 0.00046716237785650327)	(170, 0.00015572079261883445)	(175, 0.0)	(180, 0.0)	(185, 0.0)	(190, 0.0)	(195, 0.0)	(200, 0.0)	(205, 0.0)	(210, 0.0)	(215, 0.00015572079261883445)	(220, 0.00046716237785650327)	(225, 0.0)	(230, 0.0)	(235, 0.00015572079261883445)	(240, 0.0)	(245, 0.0)	(250, 0.0)	(255, 0.0)	(260, 0.0)	(265, 0.0)	(270, 0.0)	(275, 0.0)	(280, 0.0)	(285, 0.0)	(290, 0.0)	(295, 0.0)	(300, 0.0)
1151R_NS1_week21_S36_L001_R2_001	(1, 0.0)	(2, 0.0)	(3, 0.0)	(4, 0.0)	(5, 0.0)	(6, 0.0007786039630941721)	(7, 0.0023358118892825163)	(8, 0.0031144158523766885)	(9, 0.005450227741659206)	(10, 0.0021800910966636817)	(15, 3.2735625024331374)	(20, 5.913341378907619)	(25, 0.0009343247557130065)	(30, 5.909759800677385)	(35, 1.298867131233698)	(40, 0.001868649511426013)	(45, 3.2833729123681237)	(50, 0.0015572079261883442)	(55, 0.00046716237785650327)	(60, 0.0015572079261883442)	(65, 0.0023358118892825163)	(70, 0.0009343247557130065)	(75, 0.007318877253085219)	(80, 0.0017129287188071788)	(85, 0.0)	(90, 0.0)	(95, 0.0003114415852376689)	(100, 0.0)	(105, 0.0)	(110, 0.0020243703040448476)	(115, 0.00280297426713902)	(120, 0.0017129287188071788)	(125, 0.004204461400708529)	(130, 0.007786039630941721)	(135, 0.006384552497372211)	(140, 0.006384552497372211)	(145, 0.007474598045704052)	(150, 0.006851714875228715)	(155, 0.006384552497372211)	(160, 0.006540273289991046)	(165, 0.003270136644995523)	(170, 0.003270136644995523)	(175, 0.0020243703040448476)	(180, 0.0026472534745201853)	(185, 0.0006228831704753378)	(190, 0.0024915326819013512)	(195, 0.0046716237785650325)	(200, 0.004048740608089695)	(205, 0.0034258574376143575)	(210, 0.001868649511426013)	(215, 0.00140148713356951)	(220, 0.0034258574376143575)	(225, 0.003270136644995523)	(230, 0.0020243703040448476)	(235, 0.0035815782302331916)	(240, 0.0043601821933273634)	(245, 0.0031144158523766885)	(250, 0.0)	(255, 0.0023358118892825163)	(260, 0.0015572079261883442)	(265, 0.0)	(270, 0.0)	(275, 0.0)	(280, 0.0012457663409506756)	(285, 0.00015572079261883445)	(290, 0.0010900455483318409)	(295, 0.0)	(300, 0.00038930198154708606)
1151R_R_M_NS1_diabetes_S24_L001_R1_001	(1, 0.0)	(2, 0.0)	(3, 0.0)	(4, 0.0)	(5, 0.0)	(6, 0.0)	(7, 0.0)	(8, 0.0)	(9, 0.0)	(10, 0.0)	(15, 5.193165727109995)	(20, 0.0)	(25, 0.0)	(30, 0.0)	(35, 0.0)	(40, 0.0)	(45, 0.0)	(50, 0.0)	(55, 0.0)	(60, 0.0)	(65, 0.0)	(70, 0.0)	(75, 0.0)	(80, 0.0)	(85, 0.0)	(90, 0.0)	(95, 0.0)	(100, 0.0)	(105, 0.0)	(110, 0.0)	(115, 0.0)	(120, 0.0009351037965214139)	(125, 0.007614416628817227)	(130, 0.0)	(135, 0.0)	(140, 0.0)	(145, 0.0)	(150, 0.0)	(155, 0.0)	(160, 0.0)	(165, 0.0)	(170, 0.0)	(175, 0.0)	(180, 0.0)	(185, 0.0)	(190, 0.0)	(195, 0.0)	(200, 0.0)	(205, 0.0)	(210, 0.0)	(215, 0.0)	(220, 0.0)	(225, 0.0)	(230, 0.0)	(235, 0.0)	(240, 0.0)	(245, 0.0)	(250, 0.0)	(255, 0.0)	(260, 0.0)	(265, 0.0)	(270, 0.0)	(275, 0.0)	(280, 0.0)	(285, 0.0)	(290, 0.0)	(295, 0.0)	(300, 0.0)
1151R_R_M_NS1_diabetes_S24_L001_R2_001	(1, 0.0)	(2, 0.0)	(3, 0.0)	(4, 0.0)	(5, 0.0)	(6, 0.0)	(7, 0.0)	(8, 0.0026717251329183254)	(9, 0.004007587699377488)	(10, 0.0013358625664591627)	(15, 3.2035320206257176)	(20, 5.868444254455102)	(25, 0.0)	(30, 5.864570253012371)	(35, 1.2708060594726016)	(40, 0.0006679312832295814)	(45, 3.25189024553154)	(50, 0.0009351037965214139)	(55, 0.0002671725132918325)	(60, 0.0002671725132918325)	(65, 0.0006679312832295814)	(70, 0.00013358625664591626)	(75, 0.007347244115525395)	(80, 0.000534345026583665)	(85, 0.0)	(90, 0.0)	(95, 0.0)	(100, 0.0)	(105, 0.0)	(110, 0.00013358625664591626)	(115, 0.000534345026583665)	(120, 0.00013358625664591626)	(125, 0.002938897646210158)	(130, 0.007213657858879478)	(135, 0.0046755189826070695)	(140, 0.005744209035774399)	(145, 0.007213657858879478)	(150, 0.005610622779128483)	(155, 0.005209864009190734)	(160, 0.005343450265836651)	(165, 0.0013358625664591627)	(170, 0.0017366213363969115)	(175, 0.000534345026583665)	(180, 0.0009351037965214139)	(185, 0.00013358625664591626)	(190, 0.0006679312832295814)	(195, 0.002938897646210158)	(200, 0.00213738010633466)	(205, 0.0016030350797509951)	(210, 0.0008015175398754976)	(215, 0.000534345026583665)	(220, 0.0008015175398754976)	(225, 0.0008015175398754976)	(230, 0.00013358625664591626)	(235, 0.0008015175398754976)	(240, 0.0018702075930428278)	(245, 0.0004007587699377488)	(250, 0.0)	(255, 0.0008015175398754976)	(260, 0.0008015175398754976)	(265, 0.0)	(270, 0.0)	(275, 0.0)	(280, 0.000534345026583665)	(285, 0.0)	(290, 0.0)	(295, 0.0)	(300, 0.0)
1184R_0_M_NS6_week5_S4_L001_R1_001	(1, 0.0)	(2, 0.0)	(3, 0.0)	(4, 0.0)	(5, 0.0)	(6, 0.0)	(7, 0.0)	(8, 0.0)	(9, 0.0)	(10, 0.0)	(15, 5.287303114835975)	(20, 0.0)	(25, 0.0)	(30, 0.0)	(35, 0.0)	(40, 0.0)	(45, 0.0)	(50, 0.0)	(55, 0.0)	(60, 0.0)	(65, 0.0)	(70, 0.0)	(75, 0.0)	(80, 0.0)	(85, 0.0)	(90, 0.0)	(95, 0.0)	(100, 0.0)	(105, 0.0)	(110, 0.0)	(115, 0.0)	(120, 0.0004872641337052783)	(125, 0.0021926886016737524)	(130, 0.0)	(135, 0.0)	(140, 0.0)	(145, 0.0)	(150, 0.0)	(155, 0.0)	(160, 0.0)	(165, 0.0)	(170, 0.0)	(175, 0.0)	(180, 0.0)	(185, 0.0)	(190, 0.0)	(195, 0.0)	(200, 0.0)	(205, 0.0)	(210, 0.0)	(215, 0.0)	(220, 0.0)	(225, 0.0)	(230, 0.0)	(235, 0.0)	(240, 0.0)	(245, 0.0)	(250, 0.0)	(255, 0.0)	(260, 0.0)	(265, 0.0)	(270, 0.0)	(275, 0.0)	(280, 0.0)	(285, 0.0)	(290, 0.0)	(295, 0.0)	(300, 0.0)
1184R_0_M_NS6_week5_S4_L001_R2_001	(1, 0.0)	(2, 0.0)	(3, 0.0)	(4, 0.0)	(5, 0.0)	(6, 0.0)	(7, 0.0)	(8, 0.0012181603342631957)	(9, 0.0012181603342631957)	(10, 0.0007308962005579174)	(15, 3.2368956402041635)	(20, 5.863736585009319)	(25, 0.0)	(30, 5.84083517072517)	(35, 1.3487471220962104)	(40, 0.0009745282674105566)	(45, 3.270516865429828)	(50, 0.0004872641337052783)	(55, 0.00024363206685263915)	(60, 0.00024363206685263915)	(65, 0.0009745282674105566)	(70, 0.00024363206685263915)	(75, 0.0024363206685263914)	(80, 0.0004872641337052783)	(85, 0.0)	(90, 0.0)	(95, 0.0)	(100, 0.0)	(105, 0.0)	(110, 0.00024363206685263915)	(115, 0.0009745282674105566)	(120, 0.00024363206685263915)	(125, 0.0014617924011158347)	(130, 0.0024363206685263914)	(135, 0.0024363206685263914)	(140, 0.0024363206685263914)	(145, 0.0024363206685263914)	(150, 0.0024363206685263914)	(155, 0.0024363206685263914)	(160, 0.0024363206685263914)	(165, 0.0009745282674105566)	(170, 0.0009745282674105566)	(175, 0.00024363206685263915)	(180, 0.0009745282674105566)	(185, 0.0)	(190, 0.0007308962005579174)	(195, 0.0014617924011158347)	(200, 0.0014617924011158347)	(205, 0.0009745282674105566)	(210, 0.0004872641337052783)	(215, 0.00024363206685263915)	(220, 0.0012181603342631957)	(225, 0.0009745282674105566)	(230, 0.0)	(235, 0.0009745282674105566)	(240, 0.001705424467968474)	(245, 0.0007308962005579174)	(250, 0.0)	(255, 0.0007308962005579174)	(260, 0.0004872641337052783)	(265, 0.0)	(270, 0.0)	(275, 0.0)	(280, 0.0004872641337052783)	(285, 0.0)	(290, 0.0)	(295, 0.0)	(300, 0.0)
1186R_0_M_NS6_week5_S5_L001_R1_001	(1, 0.0)	(2, 0.0)	(3, 0.0)	(4, 0.0)	(5, 0.0)	(6, 0.0)	(7, 0.0)	(8, 0.0)	(9, 0.0)	(10, 0.0)	(15, 5.2810385992837245)	(20, 0.0)	(25, 0.0)	(30, 0.0)	(35, 0.0)	(40, 0.0)	(45, 0.0)	(50, 0.0)	(55, 0.0)	(60, 0.0)	(65, 0.0)	(70, 0.0)	(75, 0.0)	(80, 0.0)	(85, 0.0)	(90, 0.0)	(95, 0.0)	(100, 0.0)	(105, 0.0)	(110, 0.0)	(115, 0.0)	(120, 0.0002487067250298448)	(125, 0.003979307600477517)	(130, 0.0)	(135, 0.0)	(140, 0.0)	(145, 0.0)	(150, 0.0)	(155, 0.0)	(160, 0.0)	(165, 0.0)	(170, 0.0)	(175, 0.0)	(180, 0.0)	(185, 0.0)	(190, 0.0)	(195, 0.0)	(200, 0.0)	(205, 0.0)	(210, 0.0)	(215, 0.0)	(220, 0.0)	(225, 0.0)	(230, 0.0)	(235, 0.0)	(240, 0.0)	(245, 0.0)	(250, 0.0)	(255, 0.0)	(260, 0.0)	(265, 0.0)	(270, 0.0)	(275, 0.0)	(280, 0.0)	(285, 0.0)	(290, 0.0)	(295, 0.0)	(300, 0.0)
1186R_0_M_NS6_week5_S5_L001_R2_001	(1, 0.0)	(2, 0.0)	(3, 0.0)	(4, 0.0)	(5, 0.0)	(6, 0.0)	(7, 0.0)	(8, 0.001243533625149224)	(9, 0.001243533625149224)	(10, 0.0004974134500596896)	(15, 3.307799442896936)	(20, 5.9816454436927975)	(25, 0.0)	(30, 6.007759649820931)	(35, 1.3057103064066853)	(40, 0.0004974134500596896)	(45, 3.3262037405491447)	(50, 0.0004974134500596896)	(55, 0.0002487067250298448)	(60, 0.0)	(65, 0.0)	(70, 0.0)	(75, 0.0034818941504178276)	(80, 0.0002487067250298448)	(85, 0.0)	(90, 0.0)	(95, 0.0)	(100, 0.0)	(105, 0.0)	(110, 0.0)	(115, 0.0002487067250298448)	(120, 0.0)	(125, 0.0009948269001193793)	(130, 0.002487067250298448)	(135, 0.0019896538002387586)	(140, 0.002487067250298448)	(145, 0.002487067250298448)	(150, 0.0019896538002387586)	(155, 0.0022383605252686034)	(160, 0.0019896538002387586)	(165, 0.0004974134500596896)	(170, 0.0004974134500596896)	(175, 0.0)	(180, 0.0007461201750895344)	(185, 0.0)	(190, 0.0004974134500596896)	(195, 0.0014922403501790688)	(200, 0.001243533625149224)	(205, 0.0004974134500596896)	(210, 0.0002487067250298448)	(215, 0.0002487067250298448)	(220, 0.0)	(225, 0.0)	(230, 0.0)	(235, 0.0)	(240, 0.0009948269001193793)	(245, 0.0002487067250298448)	(250, 0.0)	(255, 0.0004974134500596896)	(260, 0.0004974134500596896)	(265, 0.0)	(270, 0.0)	(275, 0.0)	(280, 0.0002487067250298448)	(285, 0.0)	(290, 0.0)	(295, 0.0)	(300, 0.0)
1186R_RR_M_NS6_week5_S6_L001_R1_001	(1, 0.0)	(2, 0.0)	(3, 0.0)	(4, 0.0)	(5, 0.0)	(6, 0.0)	(7, 0.0)	(8, 0.0)	(9, 0.0)	(10, 0.0)	(15, 5.408115747409004)	(20, 0.0)	(25, 0.0)	(30, 0.0)	(35, 0.00021659320547114436)	(40, 0.0)	(45, 0.0)	(50, 0.0)	(55, 0.0)	(60, 0.0)	(65, 0.0)	(70, 0.0)	(75, 0.0)	(80, 0.0)	(85, 0.0)	(90, 0.0)	(95, 0.0)	(100, 0.0)	(105, 0.0)	(110, 0.0)	(115, 0.0)	(120, 0.0010829660273557217)	(125, 0.007580762191490053)	(130, 0.0)	(135, 0.0)	(140, 0.0)	(145, 0.0)	(150, 0.0)	(155, 0.0)	(160, 0.0)	(165, 0.0)	(170, 0.0)	(175, 0.0)	(180, 0.0)	(185, 0.0)	(190, 0.0)	(195, 0.0)	(200, 0.0)	(205, 0.0)	(210, 0.0)	(215, 0.0)	(220, 0.0004331864109422887)	(225, 0.0)	(230, 0.0)	(235, 0.0)	(240, 0.0)	(245, 0.0)	(250, 0.0)	(255, 0.0)	(260, 0.0)	(265, 0.0)	(270, 0.0)	(275, 0.0)	(280, 0.0)	(285, 0.0)	(290, 0.0)	(295, 0.0)	(300, 0.0)
1186R_RR_M_NS6_week5_S6_L001_R2_001	(1, 0.0)	(2, 0.0)	(3, 0.0)	(4, 0.0)	(5, 0.0)	(6, 0.0)	(7, 0.0)	(8, 0.004331864109422887)	(9, 0.004331864109422887)	(10, 0.0021659320547114435)	(15, 3.405278376417332)	(20, 6.113559817628521)	(25, 0.0)	(30, 6.140850561517885)	(35, 1.3361634845514896)	(40, 0.001732745643769155)	(45, 3.4130757318142932)	(50, 0.0012995592328268661)	(55, 0.0006497796164134331)	(60, 0.0010829660273557217)	(65, 0.0025991184656537322)	(70, 0.0008663728218845774)	(75, 0.008447135013374631)	(80, 0.001732745643769155)	(85, 0.00021659320547114436)	(90, 0.0)	(95, 0.0)	(100, 0.0)	(105, 0.0)	(110, 0.0008663728218845774)	(115, 0.0021659320547114435)	(120, 0.0008663728218845774)	(125, 0.004331864109422887)	(130, 0.008447135013374631)	(135, 0.007797355396961197)	(140, 0.008013948602432342)	(145, 0.008447135013374631)	(150, 0.008230541807903486)	(155, 0.007797355396961197)	(160, 0.008447135013374631)	(165, 0.00346549128753831)	(170, 0.002815711671124877)	(175, 0.0008663728218845774)	(180, 0.002815711671124877)	(185, 0.00021659320547114436)	(190, 0.001732745643769155)	(195, 0.004981643725836321)	(200, 0.003682084493009454)	(205, 0.002815711671124877)	(210, 0.001732745643769155)	(215, 0.0015161524382980105)	(220, 0.002382525260182588)	(225, 0.0019493388492402993)	(230, 0.0010829660273557217)	(235, 0.0032488980820671656)	(240, 0.005414830136778609)	(245, 0.0021659320547114435)	(250, 0.0)	(255, 0.002815711671124877)	(260, 0.0015161524382980105)	(265, 0.0)	(270, 0.0)	(275, 0.00021659320547114436)	(280, 0.0010829660273557217)	(285, 0.00021659320547114436)	(290, 0.0004331864109422887)	(295, 0.0)	(300, 0.0)
1193R_0_F_NS1_week5_S51_L001_R1_001	(1, 0.0)	(2, 0.0)	(3, 0.0)	(4, 0.0)	(5, 0.0)	(6, 0.0)	(7, 0.0)	(8, 0.0)	(9, 0.0)	(10, 0.0)	(15, 5.301324778051277)	(20, 0.0)	(25, 0.0)	(30, 0.0)	(35, 0.0)	(40, 0.0)	(45, 0.0)	(50, 0.0)	(55, 0.0)	(60, 0.0)	(65, 0.0)	(70, 0.0)	(75, 0.0)	(80, 0.0)	(85, 0.0)	(90, 0.0)	(95, 0.0)	(100, 0.0)	(105, 0.0)	(110, 0.0)	(115, 0.0)	(120, 0.0011062864728821529)	(125, 0.0077440053101750705)	(130, 0.0)	(135, 0.0)	(140, 0.0)	(145, 0.0)	(150, 0.0)	(155, 0.0)	(160, 0.0)	(165, 0.0)	(170, 0.0)	(175, 0.0)	(180, 0.0)	(185, 0.0)	(190, 0.0)	(195, 0.0)	(200, 0.0)	(205, 0.0)	(210, 0.0)	(215, 0.0)	(220, 0.0)	(225, 0.0)	(230, 0.0)	(235, 0.0)	(240, 0.0)	(245, 0.0)	(250, 0.0)	(255, 0.0)	(260, 0.0)	(265, 0.0)	(270, 0.0)	(275, 0.0)	(280, 0.0)	(285, 0.0)	(290, 0.0)	(295, 0.0)	(300, 0.0)
1193R_0_F_NS1_week5_S51_L001_R2_001	(1, 0.0)	(2, 0.0)	(3, 0.0)	(4, 0.0)	(5, 0.0)	(6, 0.0)	(7, 0.0)	(8, 0.0009219053940684607)	(9, 0.002765716182205382)	(10, 0.0011062864728821529)	(15, 3.288067778484572)	(20, 5.973946953563625)	(25, 0.0)	(30, 5.965096661780568)	(35, 1.3078149920255184)	(40, 0.0)	(45, 3.3094559836269606)	(50, 0.0005531432364410764)	(55, 0.0)	(60, 0.0)	(65, 0.0)	(70, 0.00036876215762738425)	(75, 0.0077440053101750705)	(80, 0.0)	(85, 0.0)	(90, 0.0)	(95, 0.0)	(100, 0.0)	(105, 0.0)	(110, 0.0)	(115, 0.0)	(120, 0.0)	(125, 0.00258133510339169)	(130, 0.006637718837292917)	(135, 0.00516267020678338)	(140, 0.00516267020678338)	(145, 0.006453337758479225)	(150, 0.0060845756008518406)	(155, 0.005715813443224456)	(160, 0.0060845756008518406)	(165, 0.0007375243152547685)	(170, 0.001290667551695845)	(175, 0.0)	(180, 0.0009219053940684607)	(185, 0.0)	(190, 0.00036876215762738425)	(195, 0.001475048630509537)	(200, 0.0007375243152547685)	(205, 0.001475048630509537)	(210, 0.0007375243152547685)	(215, 0.00018438107881369213)	(220, 0.00036876215762738425)	(225, 0.00036876215762738425)	(230, 0.0)	(235, 0.0005531432364410764)	(240, 0.0020281918669506137)	(245, 0.0011062864728821529)	(250, 0.0)	(255, 0.0016594297093232293)	(260, 0.0011062864728821529)	(265, 0.0)	(270, 0.0)	(275, 0.0)	(280, 0.0005531432364410764)	(285, 0.0)	(290, 0.0)	(295, 0.0)	(300, 0.0)
1193R_0_F_NS1_week9_S72_L001_R1_001	(1, 0.0)	(2, 0.0)	(3, 0.0)	(4, 0.0)	(5, 0.0)	(6, 0.0)	(7, 0.0)	(8, 0.0)	(9, 0.0)	(10, 0.0)	(15, 5.083759059047167)	(20, 0.0)	(25, 0.0)	(30, 0.0)	(35, 0.0)	(40, 0.0)	(45, 0.0)	(50, 0.0)	(55, 0.0)	(60, 0.0)	(65, 0.0)	(70, 0.0)	(75, 0.0)	(80, 0.0)	(85, 0.0)	(90, 0.0)	(95, 0.0)	(100, 0.0)	(105, 0.0)	(110, 0.0)	(115, 0.0)	(120, 0.00019801195992237932)	(125, 0.004554275078214724)	(130, 0.0)	(135, 0.0)	(140, 0.0)	(145, 0.0)	(150, 0.0)	(155, 0.0)	(160, 0.0)	(165, 0.0)	(170, 0.0)	(175, 0.0)	(180, 0.0)	(185, 0.0)	(190, 0.0)	(195, 0.0)	(200, 0.0)	(205, 0.0)	(210, 0.0)	(215, 0.0)	(220, 0.0)	(225, 0.0)	(230, 0.0)	(235, 0.0)	(240, 0.0)	(245, 0.0)	(250, 0.0)	(255, 0.0)	(260, 0.0)	(265, 0.0)	(270, 0.0)	(275, 0.0)	(280, 0.0)	(285, 0.0)	(290, 0.0)	(295, 0.0)	(300, 0.0)
1193R_0_F_NS1_week9_S72_L001_R2_001	(1, 0.0)	(2, 0.0)	(3, 0.0)	(4, 0.0)	(5, 0.0)	(6, 0.0)	(7, 0.0)	(8, 0.0009900597996118966)	(9, 0.0009900597996118966)	(10, 0.00019801195992237932)	(15, 3.1178963209377843)	(20, 5.710070888281652)	(25, 0.0)	(30, 5.69739812284662)	(35, 1.2312383667973545)	(40, 0.0)	(45, 3.1491822106055207)	(50, 0.00019801195992237932)	(55, 0.0)	(60, 0.0)	(65, 0.0)	(70, 0.0)	(75, 0.003762227238525207)	(80, 0.0)	(85, 0.0)	(90, 0.0)	(95, 0.0)	(100, 0.0)	(105, 0.0)	(110, 0.0)	(115, 0.0)	(120, 0.0)	(125, 0.001188071759534276)	(130, 0.0029701793988356896)	(135, 0.001782107639301414)	(140, 0.0019801195992237932)	(145, 0.0029701793988356896)	(150, 0.0019801195992237932)	(155, 0.0021781315591461723)	(160, 0.002574155478990931)	(165, 0.00019801195992237932)	(170, 0.000594035879767138)	(175, 0.0)	(180, 0.0)	(185, 0.0)	(190, 0.0)	(195, 0.00019801195992237932)	(200, 0.00019801195992237932)	(205, 0.00039602391984475864)	(210, 0.00019801195992237932)	(215, 0.0)	(220, 0.0)	(225, 0.0)	(230, 0.0)	(235, 0.0)	(240, 0.0)	(245, 0.0)	(250, 0.0)	(255, 0.0)	(260, 0.00019801195992237932)	(265, 0.0)	(270, 0.0)	(275, 0.0)	(280, 0.0)	(285, 0.0)	(290, 0.0)	(295, 0.0)	(300, 0.0)
1193R_L_F_NS1_diabetes_S25_L001_R1_001	(1, 0.0)	(2, 0.0)	(3, 0.0)	(4, 0.0)	(5, 0.0)	(6, 0.0)	(7, 0.0)	(8, 0.0)	(9, 0.0)	(10, 0.0)	(15, 5.168182262638115)	(20, 0.0)	(25, 0.0)	(30, 0.0)	(35, 0.0)	(40, 0.0)	(45, 0.0)	(50, 0.0)	(55, 0.0)	(60, 0.0)	(65, 0.0)	(70, 0.0)	(75, 0.0)	(80, 0.0)	(85, 0.0)	(90, 0.0)	(95, 0.0)	(100, 0.0)	(105, 0.0)	(110, 0.0)	(115, 0.0)	(120, 0.00024445096313679477)	(125, 0.003911215410188716)	(130, 0.0)	(135, 0.0)	(140, 0.0)	(145, 0.0)	(150, 0.0)	(155, 0.0)	(160, 0.0)	(165, 0.0)	(170, 0.0)	(175, 0.0)	(180, 0.0)	(185, 0.0)	(190, 0.0)	(195, 0.0)	(200, 0.0)	(205, 0.0)	(210, 0.0)	(215, 0.0)	(220, 0.0)	(225, 0.0)	(230, 0.0)	(235, 0.0)	(240, 0.0)	(245, 0.0)	(250, 0.0)	(255, 0.0)	(260, 0.0)	(265, 0.0)	(270, 0.0)	(275, 0.0)	(280, 0.0)	(285, 0.0)	(290, 0.0)	(295, 0.0)	(300, 0.0)
1193R_L_F_NS1_diabetes_S25_L001_R2_001	(1, 0.0)	(2, 0.0)	(3, 0.0)	(4, 0.0)	(5, 0.0)	(6, 0.0)	(7, 0.0)	(8, 0.0012222548156839738)	(9, 0.0012222548156839738)	(10, 0.00024445096313679477)	(15, 3.1666177764740393)	(20, 5.808154884130244)	(25, 0.0)	(30, 5.770509435807178)	(35, 1.2999902219614745)	(40, 0.0)	(45, 3.215996871027672)	(50, 0.0)	(55, 0.0)	(60, 0.0)	(65, 0.0)	(70, 0.0)	(75, 0.002933411557641537)	(80, 0.0)	(85, 0.0)	(90, 0.0)	(95, 0.0)	(100, 0.0)	(105, 0.0)	(110, 0.0)	(115, 0.0)	(120, 0.0)	(125, 0.000977803852547179)	(130, 0.002200058668231153)	(135, 0.0014667057788207685)	(140, 0.0012222548156839738)	(145, 0.001955607705094358)	(150, 0.0017111567419575632)	(155, 0.0012222548156839738)	(160, 0.0012222548156839738)	(165, 0.00024445096313679477)	(170, 0.0004889019262735895)	(175, 0.0)	(180, 0.0004889019262735895)	(185, 0.0)	(190, 0.0004889019262735895)	(195, 0.0012222548156839738)	(200, 0.0007333528894103843)	(205, 0.0004889019262735895)	(210, 0.00024445096313679477)	(215, 0.00024445096313679477)	(220, 0.0)	(225, 0.0)	(230, 0.0)	(235, 0.0)	(240, 0.0004889019262735895)	(245, 0.0)	(250, 0.0)	(255, 0.00024445096313679477)	(260, 0.00024445096313679477)	(265, 0.0)	(270, 0.0)	(275, 0.0)	(280, 0.00024445096313679477)	(285, 0.0)	(290, 0.0)	(295, 0.0)	(300, 0.0)
1193R_L_F_NS1_week5_S52_L001_R1_001	(1, 0.0)	(2, 0.0)	(3, 0.0)	(4, 0.0)	(5, 0.0)	(6, 0.0)	(7, 0.0)	(8, 0.0)	(9, 0.0)	(10, 0.0)	(15, 5.216626550638771)	(20, 0.0)	(25, 0.0)	(30, 0.0)	(35, 0.0)	(40, 0.0)	(45, 0.0)	(50, 0.0)	(55, 0.0)	(60, 0.0)	(65, 0.0)	(70, 0.0)	(75, 0.0)	(80, 0.0)	(85, 0.0)	(90, 0.0)	(95, 0.0)	(100, 0.0)	(105, 0.0)	(110, 0.0)	(115, 0.0)	(120, 0.0007406035919274209)	(125, 0.010553601184965747)	(130, 0.0)	(135, 0.0)	(140, 0.0)	(145, 0.0)	(150, 0.0)	(155, 0.0)	(160, 0.0)	(165, 0.0)	(170, 0.0)	(175, 0.0)	(180, 0.0)	(185, 0.0)	(190, 0.0)	(195, 0.0)	(200, 0.0)	(205, 0.0)	(210, 0.0)	(215, 0.0)	(220, 0.0)	(225, 0.0)	(230, 0.0)	(235, 0.0)	(240, 0.0)	(245, 0.0)	(250, 0.0)	(255, 0.0)	(260, 0.0)	(265, 0.0)	(270, 0.0)	(275, 0.0)	(280, 0.0)	(285, 0.0)	(290, 0.0)	(295, 0.0)	(300, 0.0)
1193R_L_F_NS1_week5_S52_L001_R2_001	(1, 0.0)	(2, 0.0)	(3, 0.0)	(4, 0.0)	(5, 0.0)	(6, 0.0)	(7, 0.0)	(8, 0.001851508979818552)	(9, 0.001851508979818552)	(10, 0.000925754489909276)	(15, 3.2421773745602662)	(20, 5.869468616922792)	(25, 0.0)	(30, 5.837992964265877)	(35, 1.296796889464914)	(40, 0.0007406035919274209)	(45, 3.247361599703759)	(50, 0.0007406035919274209)	(55, 0.00037030179596371043)	(60, 0.0)	(65, 0.0007406035919274209)	(70, 0.00018515089798185522)	(75, 0.009257544899092762)	(80, 0.00037030179596371043)	(85, 0.0)	(90, 0.0)	(95, 0.0)	(100, 0.0)	(105, 0.0)	(110, 0.0)	(115, 0.0005554526939455656)	(120, 0.0)	(125, 0.003517867061655249)	(130, 0.008331790409183484)	(135, 0.006109979633401222)	(140, 0.005739677837437512)	(145, 0.007776337715237919)	(150, 0.006109979633401222)	(155, 0.005554526939455656)	(160, 0.006109979633401222)	(165, 0.000925754489909276)	(170, 0.001666358081836697)	(175, 0.00018515089798185522)	(180, 0.0012960562858729864)	(185, 0.0)	(190, 0.00037030179596371043)	(195, 0.001666358081836697)	(200, 0.001666358081836697)	(205, 0.0012960562858729864)	(210, 0.0005554526939455656)	(215, 0.0005554526939455656)	(220, 0.0007406035919274209)	(225, 0.0005554526939455656)	(230, 0.0)	(235, 0.000925754489909276)	(240, 0.002036659877800407)	(245, 0.0005554526939455656)	(250, 0.0)	(255, 0.0011109053878911312)	(260, 0.000925754489909276)	(265, 0.0)	(270, 0.0)	(275, 0.0)	(280, 0.0011109053878911312)	(285, 0.0)	(290, 0.0)	(295, 0.0)	(300, 0.0)
1193R_L_F_NS1_week9_S73_L001_R1_001	(1, 0.0)	(2, 0.0)	(3, 0.0)	(4, 0.0)	(5, 0.0)	(6, 0.0)	(7, 0.0)	(8, 0.0)	(9, 0.0)	(10, 0.0)	(15, 5.1738108117058745)	(20, 0.0)	(25, 0.0)	(30, 0.0)	(35, 0.00022078223144601322)	(40, 0.0)	(45, 0.0)	(50, 0.0)	(55, 0.0)	(60, 0.0)	(65, 0.0)	(70, 0.0)	(75, 0.0)	(80, 0.0)	(85, 0.0)	(90, 0.0)	(95, 0.0)	(100, 0.0)	(105, 0.0)	(110, 0.0)	(115, 0.0)	(120, 0.0017662578515681058)	(125, 0.0117014582666387)	(130, 0.0)	(135, 0.0)	(140, 0.0)	(145, 0.0)	(150, 0.0)	(155, 0.0)	(160, 0.0)	(165, 0.0)	(170, 0.0)	(175, 0.0)	(180, 0.0)	(185, 0.0)	(190, 0.0)	(195, 0.0)	(200, 0.0)	(205, 0.0)	(210, 0.0)	(215, 0.0)	(220, 0.00044156446289202644)	(225, 0.0)	(230, 0.0)	(235, 0.0)	(240, 0.0)	(245, 0.0)	(250, 0.0)	(255, 0.0)	(260, 0.0)	(265, 0.0)	(270, 0.0)	(275, 0.0)	(280, 0.0)	(285, 0.0)	(290, 0.0)	(295, 0.0)	(300, 0.0)
1193R_L_F_NS1_week9_S73_L001_R2_001	(1, 0.0)	(2, 0.0)	(3, 0.0)	(4, 0.0)	(5, 0.0)	(6, 0.0)	(7, 0.0011039111572300662)	(8, 0.004415644628920265)	(9, 0.004415644628920265)	(10, 0.0017662578515681058)	(15, 3.188316204311877)	(20, 5.78096194818241)	(25, 0.00022078223144601322)	(30, 5.765286409749743)	(35, 1.287601973793149)	(40, 0.0019870400830141193)	(45, 3.202225484892976)	(50, 0.0015454756201220927)	(55, 0.0006623466943380397)	(60, 0.00022078223144601322)	(65, 0.0011039111572300662)	(70, 0.00022078223144601322)	(75, 0.0117014582666387)	(80, 0.0006623466943380397)	(85, 0.0)	(90, 0.0)	(95, 0.0)	(100, 0.0)	(105, 0.0)	(110, 0.00044156446289202644)	(115, 0.0015454756201220927)	(120, 0.0)	(125, 0.004415644628920265)	(130, 0.009935200415070594)	(135, 0.007948160332056477)	(140, 0.007948160332056477)	(145, 0.00883128925784053)	(150, 0.007948160332056477)	(155, 0.007727378100610463)	(160, 0.007506595869164449)	(165, 0.002649386777352159)	(170, 0.0022078223144601323)	(175, 0.0006623466943380397)	(180, 0.002649386777352159)	(185, 0.00022078223144601322)	(190, 0.0019870400830141193)	(195, 0.005740338017596344)	(200, 0.004415644628920265)	(205, 0.002870169008798172)	(210, 0.0015454756201220927)	(215, 0.0013246933886760794)	(220, 0.002649386777352159)	(225, 0.0017662578515681058)	(230, 0.00022078223144601322)	(235, 0.0037532979345822246)	(240, 0.005740338017596344)	(245, 0.002870169008798172)	(250, 0.0)	(255, 0.002870169008798172)	(260, 0.0015454756201220927)	(265, 0.0)	(270, 0.0)	(275, 0.0)	(280, 0.0019870400830141193)	(285, 0.0)	(290, 0.0)	(295, 0.0)	(300, 0.0)
1193R_NS1_week24_S38_L001_R1_001	(1, 0.0)	(2, 0.0)	(3, 0.0)	(4, 0.0)	(5, 0.0)	(6, 0.0)	(7, 0.0)	(8, 0.0)	(9, 0.0)	(10, 0.0)	(15, 5.33444273951287)	(20, 0.0)	(25, 0.0)	(30, 0.00021611808692269455)	(35, 0.0006483542607680836)	(40, 0.0)	(45, 0.0)	(50, 0.0)	(55, 0.0)	(60, 0.0)	(65, 0.0)	(70, 0.0)	(75, 0.0)	(80, 0.0)	(85, 0.0)	(90, 0.0)	(95, 0.0)	(100, 0.0)	(105, 0.0)	(110, 0.0)	(115, 0.0)	(120, 0.0012967085215361673)	(125, 0.008644723476907782)	(130, 0.0)	(135, 0.0)	(140, 0.0)	(145, 0.0)	(150, 0.0)	(155, 0.0006483542607680836)	(160, 0.00021611808692269455)	(165, 0.0)	(170, 0.00021611808692269455)	(175, 0.00021611808692269455)	(180, 0.0)	(185, 0.0)	(190, 0.0)	(195, 0.0)	(200, 0.0)	(205, 0.0)	(210, 0.0)	(215, 0.0004322361738453891)	(220, 0.0006483542607680836)	(225, 0.0)	(230, 0.0)	(235, 0.00021611808692269455)	(240, 0.00021611808692269455)	(245, 0.0)	(250, 0.0)	(255, 0.0)	(260, 0.0)	(265, 0.0)	(270, 0.0)	(275, 0.0)	(280, 0.0)	(285, 0.0)	(290, 0.0)	(295, 0.0)	(300, 0.0)
1193R_NS1_week24_S38_L001_R2_001	(1, 0.0)	(2, 0.0)	(3, 0.0)	(4, 0.0)	(5, 0.0)	(6, 0.0010805904346134728)	(7, 0.0021611808692269456)	(8, 0.005402952173067364)	(9, 0.006483542607680837)	(10, 0.0028095351299950292)	(15, 3.3308119556525684)	(20, 6.053467614704674)	(25, 0.0012967085215361673)	(30, 6.083940264960774)	(35, 1.3250199909230402)	(40, 0.0021611808692269456)	(45, 3.3774934624278705)	(50, 0.001512826608458862)	(55, 0.0010805904346134728)	(60, 0.0010805904346134728)	(65, 0.001512826608458862)	(70, 0.0006483542607680836)	(75, 0.00950919582459856)	(80, 0.0010805904346134728)	(85, 0.0010805904346134728)	(90, 0.0008644723476907782)	(95, 0.0010805904346134728)	(100, 0.0008644723476907782)	(105, 0.0010805904346134728)	(110, 0.0010805904346134728)	(115, 0.0012967085215361673)	(120, 0.0010805904346134728)	(125, 0.004538479825376586)	(130, 0.009725313911521255)	(135, 0.007996369216139698)	(140, 0.008212487303062394)	(145, 0.009725313911521255)	(150, 0.007348014955371615)	(155, 0.007348014955371615)	(160, 0.0077802511292170045)	(165, 0.0028095351299950292)	(170, 0.0028095351299950292)	(175, 0.0010805904346134728)	(180, 0.003025653216917724)	(185, 0.0010805904346134728)	(190, 0.0021611808692269456)	(195, 0.005835188346912753)	(200, 0.004322361738453891)	(205, 0.0032417713038404186)	(210, 0.0021611808692269456)	(215, 0.0019450627823042511)	(220, 0.0021611808692269456)	(225, 0.0017289446953815564)	(230, 0.0010805904346134728)	(235, 0.0025934170430723345)	(240, 0.004970715999221975)	(245, 0.00237729895614964)	(250, 0.0006483542607680836)	(255, 0.0032417713038404186)	(260, 0.0021611808692269456)	(265, 0.00021611808692269455)	(270, 0.0008644723476907782)	(275, 0.0008644723476907782)	(280, 0.001512826608458862)	(285, 0.0008644723476907782)	(290, 0.0008644723476907782)	(295, 0.00021611808692269455)	(300, 0.0010805904346134728)
184R_0_M_NS6_week5_S7_L001_R1_001	(1, 0.0)	(2, 0.0)	(3, 0.0)	(4, 0.0)	(5, 0.0)	(6, 0.0)	(7, 0.0)	(8, 0.0)	(9, 0.0)	(10, 0.0)	(15, 5.154374261871698)	(20, 0.0)	(25, 0.0)	(30, 0.0)	(35, 0.0)	(40, 0.0)	(45, 0.0)	(50, 0.0)	(55, 0.0)	(60, 0.0)	(65, 0.0)	(70, 0.0)	(75, 0.0)	(80, 0.0)	(85, 0.0)	(90, 0.0)	(95, 0.0)	(100, 0.0)	(105, 0.0)	(110, 0.0)	(115, 0.0)	(120, 0.0005191232009136568)	(125, 0.003633862406395598)	(130, 0.0)	(135, 0.0)	(140, 0.0)	(145, 0.0)	(150, 0.0)	(155, 0.0)	(160, 0.0)	(165, 0.0)	(170, 0.0)	(175, 0.0)	(180, 0.0)	(185, 0.0)	(190, 0.0)	(195, 0.0)	(200, 0.0)	(205, 0.0)	(210, 0.0)	(215, 0.0)	(220, 0.0)	(225, 0.0)	(230, 0.0)	(235, 0.0)	(240, 0.0)	(245, 0.0)	(250, 0.0)	(255, 0.0)	(260, 0.0)	(265, 0.0)	(270, 0.0)	(275, 0.0)	(280, 0.0)	(285, 0.0)	(290, 0.0)	(295, 0.0)	(300, 0.0)
184R_0_M_NS6_week5_S7_L001_R2_001	(1, 0.0)	(2, 0.0)	(3, 0.0)	(4, 0.0)	(5, 0.0)	(6, 0.0)	(7, 0.0)	(8, 0.0)	(9, 0.0)	(10, 0.0005191232009136568)	(15, 3.161719855164627)	(20, 5.680246064397234)	(25, 0.0)	(30, 5.655587712353834)	(35, 1.2697753494348045)	(40, 0.0)	(45, 3.1477035287399584)	(50, 0.0)	(55, 0.0)	(60, 0.0)	(65, 0.0)	(70, 0.0)	(75, 0.0033743008059387695)	(80, 0.0)	(85, 0.0)	(90, 0.0)	(95, 0.0)	(100, 0.0)	(105, 0.0)	(110, 0.0)	(115, 0.0)	(120, 0.0)	(125, 0.0012978080022841422)	(130, 0.0025956160045682844)	(135, 0.001816931203197799)	(140, 0.002336054404111456)	(145, 0.0025956160045682844)	(150, 0.002336054404111456)	(155, 0.002336054404111456)	(160, 0.0025956160045682844)	(165, 0.0002595616004568284)	(170, 0.0005191232009136568)	(175, 0.0)	(180, 0.0002595616004568284)	(185, 0.0)	(190, 0.0)	(195, 0.0007786848013704851)	(200, 0.0007786848013704851)	(205, 0.0005191232009136568)	(210, 0.0002595616004568284)	(215, 0.0)	(220, 0.0)	(225, 0.0)	(230, 0.0)	(235, 0.0)	(240, 0.0012978080022841422)	(245, 0.0)	(250, 0.0)	(255, 0.0)	(260, 0.0002595616004568284)	(265, 0.0)	(270, 0.0)	(275, 0.0)	(280, 0.0002595616004568284)	(285, 0.0)	(290, 0.0)	(295, 0.0)	(300, 0.0)
2402R_0_F_S5_week5_S15_L001_R1_001	(1, 0.0)	(2, 0.0)	(3, 0.0)	(4, 0.0)	(5, 0.0)	(6, 0.0)	(7, 0.0)	(8, 0.0)	(9, 0.0)	(10, 0.0)	(15, 5.124536739891095)	(20, 0.0)	(25, 0.0)	(30, 0.0)	(35, 0.0)	(40, 0.0)	(45, 0.0)	(50, 0.0)	(55, 0.0)	(60, 0.0)	(65, 0.0)	(70, 0.0)	(75, 0.0)	(80, 0.0)	(85, 0.0)	(90, 0.0)	(95, 0.0)	(100, 0.0)	(105, 0.0)	(110, 0.0)	(115, 0.0)	(120, 0.0010352181204579805)	(125, 0.009938093956396613)	(130, 0.0)	(135, 0.0)	(140, 0.0)	(145, 0.0)	(150, 0.0)	(155, 0.0)	(160, 0.0)	(165, 0.0)	(170, 0.0)	(175, 0.0)	(180, 0.0)	(185, 0.0)	(190, 0.0)	(195, 0.0)	(200, 0.0)	(205, 0.0)	(210, 0.0)	(215, 0.0)	(220, 0.0004140872481831922)	(225, 0.0)	(230, 0.0)	(235, 0.0)	(240, 0.0)	(245, 0.0)	(250, 0.0)	(255, 0.0)	(260, 0.0)	(265, 0.0)	(270, 0.0)	(275, 0.0)	(280, 0.0)	(285, 0.0)	(290, 0.0)	(295, 0.0)	(300, 0.0)
2402R_0_F_S5_week5_S15_L001_R2_001	(1, 0.0)	(2, 0.0)	(3, 0.0)	(4, 0.0)	(5, 0.0)	(6, 0.0)	(7, 0.002070436240915961)	(8, 0.0031056543613739414)	(9, 0.004140872481831922)	(10, 0.0016563489927327688)	(15, 3.142301082838154)	(20, 5.72951820948674)	(25, 0.0002070436240915961)	(30, 5.732623863848113)	(35, 1.2381208720677446)	(40, 0.002277479865007557)	(45, 3.1727364955796187)	(50, 0.0016563489927327688)	(55, 0.0006211308722747883)	(60, 0.0)	(65, 0.0014493053686411728)	(70, 0.0002070436240915961)	(75, 0.009731050332305017)	(80, 0.0006211308722747883)	(85, 0.0)	(90, 0.0)	(95, 0.0)	(100, 0.0)	(105, 0.0)	(110, 0.0002070436240915961)	(115, 0.0006211308722747883)	(120, 0.0)	(125, 0.003933828857740326)	(130, 0.009109919460030228)	(135, 0.0070394832191142676)	(140, 0.00745357046729746)	(145, 0.009109919460030228)	(150, 0.0070394832191142676)	(155, 0.006832439595022671)	(160, 0.00745357046729746)	(165, 0.0016563489927327688)	(170, 0.002277479865007557)	(175, 0.0004140872481831922)	(180, 0.0014493053686411728)	(185, 0.0)	(190, 0.0010352181204579805)	(195, 0.004347916105923518)	(200, 0.0033126979854655376)	(205, 0.002070436240915961)	(210, 0.0008281744963663844)	(215, 0.0008281744963663844)	(220, 0.0014493053686411728)	(225, 0.0008281744963663844)	(230, 0.0)	(235, 0.0012422617445495767)	(240, 0.0035197416095571338)	(245, 0.0010352181204579805)	(250, 0.0)	(255, 0.0016563489927327688)	(260, 0.0012422617445495767)	(265, 0.0)	(270, 0.0)	(275, 0.0)	(280, 0.0008281744963663844)	(285, 0.0)	(290, 0.0)	(295, 0.0)	(300, 0.0)
2402R_R_F_S5_week5_S16_L001_R1_001	(1, 0.0)	(2, 0.0)	(3, 0.0)	(4, 0.0)	(5, 0.0)	(6, 0.0)	(7, 0.0)	(8, 0.0)	(9, 0.0)	(10, 0.0)	(15, 5.127352779306549)	(20, 0.0)	(25, 0.0)	(30, 0.0)	(35, 0.0006604292790313704)	(40, 0.0)	(45, 0.0)	(50, 0.0)	(55, 0.0)	(60, 0.0)	(65, 0.0)	(70, 0.0)	(75, 0.0)	(80, 0.0)	(85, 0.0002201430930104568)	(90, 0.0)	(95, 0.0)	(100, 0.0)	(105, 0.0)	(110, 0.0)	(115, 0.0)	(120, 0.0006604292790313704)	(125, 0.005723720418271877)	(130, 0.0)	(135, 0.0)	(140, 0.0)	(145, 0.0)	(150, 0.0)	(155, 0.0)	(160, 0.0002201430930104568)	(165, 0.0)	(170, 0.0)	(175, 0.0)	(180, 0.0)	(185, 0.0)	(190, 0.0)	(195, 0.0)	(200, 0.0)	(205, 0.0)	(210, 0.0)	(215, 0.0)	(220, 0.0002201430930104568)	(225, 0.0)	(230, 0.0)	(235, 0.0)	(240, 0.0)	(245, 0.0)	(250, 0.0)	(255, 0.0)	(260, 0.0)	(265, 0.0)	(270, 0.0)	(275, 0.0)	(280, 0.0)	(285, 0.0)	(290, 0.0)	(295, 0.0)	(300, 0.0)
2402R_R_F_S5_week5_S16_L001_R2_001	(1, 0.0)	(2, 0.0)	(3, 0.0)	(4, 0.0)	(5, 0.0)	(6, 0.0)	(7, 0.0)	(8, 0.001100715465052284)	(9, 0.002201430930104568)	(10, 0.0006604292790313704)	(15, 3.1812878370941116)	(20, 5.72548156301596)	(25, 0.0)	(30, 5.718436984039625)	(35, 1.2832140891579527)	(40, 0.0)	(45, 3.181507980187122)	(50, 0.0004402861860209136)	(55, 0.0002201430930104568)	(60, 0.0)	(65, 0.0)	(70, 0.0)	(75, 0.005283434232250963)	(80, 0.0)	(85, 0.0)	(90, 0.0)	(95, 0.0)	(100, 0.0)	(105, 0.0)	(110, 0.0)	(115, 0.0)	(120, 0.0)	(125, 0.0026417171161254816)	(130, 0.006384149697303247)	(135, 0.004402861860209136)	(140, 0.004402861860209136)	(145, 0.006604292790313704)	(150, 0.005063291139240506)	(155, 0.0037424325811777656)	(160, 0.00550357732526142)	(165, 0.0006604292790313704)	(170, 0.0013208585580627408)	(175, 0.0)	(180, 0.0006604292790313704)	(185, 0.0)	(190, 0.0004402861860209136)	(195, 0.002201430930104568)	(200, 0.0013208585580627408)	(205, 0.0008805723720418272)	(210, 0.0004402861860209136)	(215, 0.0004402861860209136)	(220, 0.0008805723720418272)	(225, 0.0004402861860209136)	(230, 0.0002201430930104568)	(235, 0.0008805723720418272)	(240, 0.0013208585580627408)	(245, 0.0008805723720418272)	(250, 0.0)	(255, 0.0008805723720418272)	(260, 0.0008805723720418272)	(265, 0.0)	(270, 0.0)	(275, 0.0002201430930104568)	(280, 0.0006604292790313704)	(285, 0.0002201430930104568)	(290, 0.0006604292790313704)	(295, 0.0)	(300, 0.000550357732526142)
2403R_0_F_NS6_week5_S8_L001_R1_001	(1, 0.0)	(2, 0.0)	(3, 0.0)	(4, 0.0)	(5, 0.0)	(6, 0.0)	(7, 0.0)	(8, 0.0)	(9, 0.0)	(10, 0.0)	(15, 5.189013953593816)	(20, 0.0)	(25, 0.0)	(30, 0.0)	(35, 0.0)	(40, 0.0)	(45, 0.0)	(50, 0.0)	(55, 0.0)	(60, 0.0)	(65, 0.0)	(70, 0.0)	(75, 0.0)	(80, 0.0)	(85, 0.0)	(90, 0.0)	(95, 0.0)	(100, 0.0)	(105, 0.0)	(110, 0.0)	(115, 0.0)	(120, 0.0011335169630813525)	(125, 0.00861472891941828)	(130, 0.0)	(135, 0.0)	(140, 0.0)	(145, 0.0)	(150, 0.0)	(155, 0.0)	(160, 0.0)	(165, 0.0)	(170, 0.0)	(175, 0.0)	(180, 0.0)	(185, 0.0)	(190, 0.0)	(195, 0.0)	(200, 0.0)	(205, 0.0)	(210, 0.0)	(215, 0.0)	(220, 0.0002267033926162705)	(225, 0.0)	(230, 0.0)	(235, 0.0)	(240, 0.0)	(245, 0.0)	(250, 0.0)	(255, 0.0)	(260, 0.0)	(265, 0.0)	(270, 0.0)	(275, 0.0)	(280, 0.0)	(285, 0.0)	(290, 0.0)	(295, 0.0)	(300, 0.0)
2403R_0_F_NS6_week5_S8_L001_R2_001	(1, 0.0)	(2, 0.0)	(3, 0.0)	(4, 0.0)	(5, 0.0)	(6, 0.0)	(7, 0.0)	(8, 0.002267033926162705)	(9, 0.005667584815406763)	(10, 0.0015869237483138936)	(15, 3.294226998107027)	(20, 5.854161707529953)	(25, 0.0)	(30, 5.850534453248093)	(35, 1.2908491175570442)	(40, 0.000906813570465082)	(45, 3.248206209405924)	(50, 0.0011335169630813525)	(55, 0.000453406785232541)	(60, 0.0006801101778488115)	(65, 0.0011335169630813525)	(70, 0.000453406785232541)	(75, 0.00861472891941828)	(80, 0.000906813570465082)	(85, 0.0)	(90, 0.0)	(95, 0.0)	(100, 0.0)	(105, 0.0)	(110, 0.000453406785232541)	(115, 0.0011335169630813525)	(120, 0.000906813570465082)	(125, 0.0034005508892440573)	(130, 0.006801101778488115)	(135, 0.006347694993255574)	(140, 0.006347694993255574)	(145, 0.006574398385871845)	(150, 0.006347694993255574)	(155, 0.005894288208023033)	(160, 0.006120991600639304)	(165, 0.0020403305335464344)	(170, 0.0020403305335464344)	(175, 0.0006801101778488115)	(180, 0.001813627140930164)	(185, 0.0002267033926162705)	(190, 0.0011335169630813525)	(195, 0.004080661067092869)	(200, 0.002720440711395246)	(205, 0.002720440711395246)	(210, 0.0011335169630813525)	(215, 0.0006801101778488115)	(220, 0.001813627140930164)	(225, 0.001813627140930164)	(230, 0.0006801101778488115)	(235, 0.0020403305335464344)	(240, 0.00430736445970914)	(245, 0.0020403305335464344)	(250, 0.0)	(255, 0.002267033926162705)	(260, 0.001360220355697623)	(265, 0.0)	(270, 0.0)	(275, 0.0)	(280, 0.0011335169630813525)	(285, 0.0)	(290, 0.0002267033926162705)	(295, 0.0)	(300, 0.0)
2433R_0_F_S5_week5_S17_L001_R1_001	(1, 0.0)	(2, 0.0)	(3, 0.0)	(4, 0.0)	(5, 0.0)	(6, 0.0)	(7, 0.0)	(8, 0.0)	(9, 0.0)	(10, 0.0)	(15, 5.156183266814922)	(20, 0.0)	(25, 0.0)	(30, 0.0001472732360348154)	(35, 0.0004418197081044462)	(40, 0.0)	(45, 0.0)	(50, 0.0)	(55, 0.0)	(60, 0.0)	(65, 0.0)	(70, 0.0)	(75, 0.0)	(80, 0.0)	(85, 0.0001472732360348154)	(90, 0.0)	(95, 0.0)	(100, 0.0)	(105, 0.0)	(110, 0.0)	(115, 0.0)	(120, 0.0013254591243133385)	(125, 0.008689120926054108)	(130, 0.0)	(135, 0.0)	(140, 0.0)	(145, 0.0)	(150, 0.0)	(155, 0.0002945464720696308)	(160, 0.0)	(165, 0.0)	(170, 0.0)	(175, 0.0)	(180, 0.0)	(185, 0.0)	(190, 0.0)	(195, 0.0)	(200, 0.0)	(205, 0.0)	(210, 0.0)	(215, 0.0)	(220, 0.0002945464720696308)	(225, 0.0)	(230, 0.0)	(235, 0.0)	(240, 0.0)	(245, 0.0)	(250, 0.0)	(255, 0.0)	(260, 0.0)	(265, 0.0)	(270, 0.0)	(275, 0.0)	(280, 0.0)	(285, 0.0)	(290, 0.0)	(295, 0.0)	(300, 0.0)
2433R_0_F_S5_week5_S17_L001_R2_001	(1, 0.0)	(2, 0.0)	(3, 0.0)	(4, 0.0)	(5, 0.0)	(6, 0.0)	(7, 0.000736366180174077)	(8, 0.003681830900870385)	(9, 0.005154563261218539)	(10, 0.0019145520684526)	(15, 3.219392939721064)	(20, 5.796969116802404)	(25, 0.0)	(30, 5.765747190763023)	(35, 1.255504337196801)	(40, 0.0010309126522437078)	(45, 3.186992827793405)	(50, 0.001472732360348154)	(55, 0.0005890929441392616)	(60, 0.000736366180174077)	(65, 0.001472732360348154)	(70, 0.000736366180174077)	(75, 0.008394574453984477)	(80, 0.0010309126522437078)	(85, 0.0)	(90, 0.0)	(95, 0.0002945464720696308)	(100, 0.0)	(105, 0.0001472732360348154)	(110, 0.0005890929441392616)	(115, 0.001472732360348154)	(120, 0.0004418197081044462)	(125, 0.003387284428800754)	(130, 0.007510935037775585)	(135, 0.006332749149497062)	(140, 0.0064800223855318775)	(145, 0.007069115329671139)	(150, 0.0064800223855318775)	(155, 0.006627295621566693)	(160, 0.006627295621566693)	(165, 0.0027981914846614926)	(170, 0.0025036450125918617)	(175, 0.0011781858882785232)	(180, 0.002650918248626677)	(185, 0.0005890929441392616)	(190, 0.0022090985405222308)	(195, 0.005007290025183723)	(200, 0.0044181970810444615)	(205, 0.002650918248626677)	(210, 0.0017672788324177848)	(215, 0.0013254591243133385)	(220, 0.002650918248626677)	(225, 0.0020618253044874155)	(230, 0.0010309126522437078)	(235, 0.0032400111927659387)	(240, 0.005301836497253354)	(245, 0.002650918248626677)	(250, 0.0001472732360348154)	(255, 0.0027981914846614926)	(260, 0.0016200055963829694)	(265, 0.0001472732360348154)	(270, 0.0)	(275, 0.0004418197081044462)	(280, 0.0016200055963829694)	(285, 0.0001472732360348154)	(290, 0.000736366180174077)	(295, 0.0)	(300, 0.0011045492702611154)
2475R_0_M_S5_week5_S18_L001_R1_001	(1, 0.0)	(2, 0.0)	(3, 0.0)	(4, 0.0)	(5, 0.0)	(6, 0.0)	(7, 0.0)	(8, 0.0)	(9, 0.0)	(10, 0.0)	(15, 5.1014312463959675)	(20, 0.0)	(25, 0.0)	(30, 0.0)	(35, 0.0)	(40, 0.0)	(45, 0.0)	(50, 0.0)	(55, 0.0)	(60, 0.0)	(65, 0.0)	(70, 0.0)	(75, 0.0)	(80, 0.0)	(85, 0.0)	(90, 0.0)	(95, 0.0)	(100, 0.0)	(105, 0.0)	(110, 0.0)	(115, 0.0)	(120, 0.0016845815434654433)	(125, 0.00881165730428078)	(130, 0.0)	(135, 0.0)	(140, 0.0)	(145, 0.0)	(150, 0.0)	(155, 0.0)	(160, 0.0)	(165, 0.0)	(170, 0.0)	(175, 0.0)	(180, 0.0)	(185, 0.0)	(190, 0.0)	(195, 0.0)	(200, 0.0)	(205, 0.0)	(210, 0.0)	(215, 0.0)	(220, 0.0)	(225, 0.0)	(230, 0.0)	(235, 0.0)	(240, 0.0)	(245, 0.0)	(250, 0.0)	(255, 0.0)	(260, 0.0)	(265, 0.0)	(270, 0.0)	(275, 0.0)	(280, 0.0)	(285, 0.0)	(290, 0.0)	(295, 0.0)	(300, 0.0)
2475R_0_M_S5_week5_S18_L001_R2_001	(1, 0.0)	(2, 0.0)	(3, 0.0)	(4, 0.0)	(5, 0.0)	(6, 0.0)	(7, 0.0)	(8, 0.0038874958695356383)	(9, 0.007774991739071277)	(10, 0.0019437479347678191)	(15, 3.1780278733453846)	(20, 5.783298021912518)	(25, 0.0)	(30, 5.744682229608465)	(35, 1.2792453074685275)	(40, 0.0005183327826047519)	(45, 3.1948736887800386)	(50, 0.0018141647391166315)	(55, 0.0005183327826047519)	(60, 0.0003887495869535639)	(65, 0.0011662487608606917)	(70, 0.0005183327826047519)	(75, 0.01010748926079266)	(80, 0.0005183327826047519)	(85, 0.0)	(90, 0.0)	(95, 0.00012958319565118797)	(100, 0.0)	(105, 0.0)	(110, 0.0003887495869535639)	(115, 0.0009070823695583157)	(120, 0.00025916639130237594)	(125, 0.004664995043442767)	(130, 0.0107554052390486)	(135, 0.009848322869490285)	(140, 0.009977906065141472)	(145, 0.011014571630350977)	(150, 0.01010748926079266)	(155, 0.009718739673839096)	(160, 0.010366655652095037)	(165, 0.002202914326070195)	(170, 0.002721247108674947)	(175, 0.0005183327826047519)	(180, 0.002202914326070195)	(185, 0.0)	(190, 0.0012958319565118796)	(195, 0.00634957658690821)	(200, 0.0038874958695356383)	(205, 0.0031099966956285112)	(210, 0.0016845815434654433)	(215, 0.0014254151521630675)	(220, 0.0014254151521630675)	(225, 0.0011662487608606917)	(230, 0.0006479159782559398)	(235, 0.0015549983478142556)	(240, 0.00440582865214039)	(245, 0.0015549983478142556)	(250, 0.0)	(255, 0.0024620807173725712)	(260, 0.0020733311304190075)	(265, 0.0)	(270, 0.0)	(275, 0.0)	(280, 0.0015549983478142556)	(285, 0.0)	(290, 0.0)	(295, 0.0)	(300, 0.0)
2475R_RL_M_S5_week5_S19_L001_R1_001	(1, 0.0)	(2, 0.0)	(3, 0.0)	(4, 0.0)	(5, 0.0)	(6, 0.0)	(7, 0.0)	(8, 0.0)	(9, 0.0)	(10, 0.0)	(15, 5.289593529734122)	(20, 0.0)	(25, 0.0)	(30, 0.0)	(35, 0.0006298934850116845)	(40, 0.0)	(45, 0.0)	(50, 0.0)	(55, 0.0)	(60, 0.0)	(65, 0.0)	(70, 0.0)	(75, 0.0)	(80, 0.0)	(85, 0.0)	(90, 0.0)	(95, 0.0)	(100, 0.0)	(105, 0.0)	(110, 0.0)	(115, 0.0)	(120, 0.0016377230610303798)	(125, 0.011464061427212659)	(130, 0.0)	(135, 0.0)	(140, 0.0)	(145, 0.0)	(150, 0.0)	(155, 0.0)	(160, 0.0006298934850116845)	(165, 0.0001259786970023369)	(170, 0.0)	(175, 0.0)	(180, 0.0)	(185, 0.0)	(190, 0.0)	(195, 0.0)	(200, 0.0)	(205, 0.0)	(210, 0.0)	(215, 0.0)	(220, 0.0005039147880093476)	(225, 0.0)	(230, 0.0)	(235, 0.0)	(240, 0.0)	(245, 0.0)	(250, 0.0)	(255, 0.0)	(260, 0.0)	(265, 0.0)	(270, 0.0)	(275, 0.0)	(280, 0.0)	(285, 0.0)	(290, 0.0)	(295, 0.0)	(300, 0.0)
2475R_RL_M_S5_week5_S19_L001_R2_001	(1, 0.0)	(2, 0.0)	(3, 0.0)	(4, 0.0)	(5, 0.0)	(6, 0.0)	(7, 0.001259786970023369)	(8, 0.0044092543950817915)	(9, 0.0075587218201402144)	(10, 0.0020156591520373904)	(15, 3.342088852774996)	(20, 6.068519813299571)	(25, 0.0001259786970023369)	(30, 6.055292050114326)	(35, 1.3235321907065516)	(40, 0.0011338082730210323)	(45, 3.363505231265393)	(50, 0.0018896804550350536)	(55, 0.0007558721820140215)	(60, 0.0010078295760186952)	(65, 0.002519573940046738)	(70, 0.0007558721820140215)	(75, 0.011716018821217332)	(80, 0.001511744364028043)	(85, 0.0)	(90, 0.0)	(95, 0.0)	(100, 0.0)	(105, 0.0)	(110, 0.0008818508790163583)	(115, 0.0020156591520373904)	(120, 0.0010078295760186952)	(125, 0.004535233092084129)	(130, 0.010078295760186953)	(135, 0.00894448748716592)	(140, 0.00894448748716592)	(145, 0.009700359669179941)	(150, 0.009322423578172931)	(155, 0.008692530093161246)	(160, 0.008818508790163583)	(165, 0.0026455526370490747)	(170, 0.003023488728056086)	(175, 0.0008818508790163583)	(180, 0.003023488728056086)	(185, 0.0001259786970023369)	(190, 0.0021416378490397275)	(195, 0.006298934850116845)	(200, 0.004535233092084129)	(205, 0.00365338221306777)	(210, 0.0016377230610303798)	(215, 0.0011338082730210323)	(220, 0.0020156591520373904)	(225, 0.001511744364028043)	(230, 0.00037793609100701073)	(235, 0.002897510031053749)	(240, 0.005417083971100487)	(245, 0.002393595243044401)	(250, 0.0)	(255, 0.0031494674250584225)	(260, 0.0018896804550350536)	(265, 0.0)	(270, 0.0)	(275, 0.0)	(280, 0.0013857656670257061)	(285, 0.0)	(290, 0.0001259786970023369)	(295, 0.0)	(300, 0.0)
2476R_R_F_NS6_week5_S9_L001_R1_001	(1, 0.0)	(2, 0.0)	(3, 0.0)	(4, 0.0)	(5, 0.0)	(6, 0.0)	(7, 0.0)	(8, 0.0)	(9, 0.0)	(10, 0.0)	(15, 5.091915444856621)	(20, 0.0)	(25, 0.0)	(30, 0.0)	(35, 0.00023552964729435316)	(40, 0.0)	(45, 0.0)	(50, 0.0)	(55, 0.0)	(60, 0.0)	(65, 0.0)	(70, 0.0)	(75, 0.0)	(80, 0.0)	(85, 0.0)	(90, 0.0)	(95, 0.0)	(100, 0.0)	(105, 0.0)	(110, 0.0)	(115, 0.0)	(120, 0.0009421185891774126)	(125, 0.008008008008008008)	(130, 0.0)	(135, 0.0)	(140, 0.0)	(145, 0.0)	(150, 0.0)	(155, 0.0)	(160, 0.0)	(165, 0.0)	(170, 0.0)	(175, 0.0)	(180, 0.0)	(185, 0.0)	(190, 0.0)	(195, 0.0)	(200, 0.0)	(205, 0.0)	(210, 0.0)	(215, 0.0)	(220, 0.0)	(225, 0.0)	(230, 0.0)	(235, 0.0)	(240, 0.0)	(245, 0.0)	(250, 0.0)	(255, 0.0)	(260, 0.0)	(265, 0.0)	(270, 0.0)	(275, 0.0)	(280, 0.0)	(285, 0.0)	(290, 0.0)	(295, 0.0)	(300, 0.0)
2476R_R_F_NS6_week5_S9_L001_R2_001	(1, 0.0)	(2, 0.0)	(3, 0.0)	(4, 0.0)	(5, 0.0)	(6, 0.0)	(7, 0.0)	(8, 0.0035329447094152974)	(9, 0.0047105929458870635)	(10, 0.0009421185891774126)	(15, 3.1678737561090498)	(20, 5.67131837720073)	(25, 0.0)	(30, 5.643761408467292)	(35, 1.238414885473709)	(40, 0.0009421185891774126)	(45, 3.119590178413708)	(50, 0.0014131778837661192)	(55, 0.0004710592945887063)	(60, 0.0)	(65, 0.0004710592945887063)	(70, 0.0)	(75, 0.008479067302596715)	(80, 0.00023552964729435316)	(85, 0.0)	(90, 0.0)	(95, 0.0)	(100, 0.0)	(105, 0.0)	(110, 0.00023552964729435316)	(115, 0.0004710592945887063)	(120, 0.0)	(125, 0.003297415062120945)	(130, 0.008008008008008008)	(135, 0.005652711535064477)	(140, 0.005417181887770123)	(145, 0.006830359771536242)	(150, 0.005888241182358829)	(155, 0.005888241182358829)	(160, 0.005417181887770123)	(165, 0.0018842371783548252)	(170, 0.0021197668256491787)	(175, 0.0004710592945887063)	(180, 0.0018842371783548252)	(185, 0.0)	(190, 0.0011776482364717659)	(195, 0.003297415062120945)	(200, 0.0030618854148265913)	(205, 0.0023552964729435318)	(210, 0.0009421185891774126)	(215, 0.0009421185891774126)	(220, 0.0014131778837661192)	(225, 0.0009421185891774126)	(230, 0.0)	(235, 0.0016487075310604724)	(240, 0.0037684743567096505)	(245, 0.0014131778837661192)	(250, 0.0)	(255, 0.0016487075310604724)	(260, 0.0014131778837661192)	(265, 0.0)	(270, 0.0)	(275, 0.0)	(280, 0.0011776482364717659)	(285, 0.0)	(290, 0.0)	(295, 0.0)	(300, 0.0)
2518R_0_M_S5_week5_S20_L001_R1_001	(1, 0.0)	(2, 0.0)	(3, 0.0)	(4, 0.0)	(5, 0.0)	(6, 0.0)	(7, 0.0)	(8, 0.0)	(9, 0.0)	(10, 0.0)	(15, 5.222217031812025)	(20, 0.0)	(25, 0.0)	(30, 0.0)	(35, 0.00018685476713224645)	(40, 0.0)	(45, 0.0)	(50, 0.0)	(55, 0.0)	(60, 0.0)	(65, 0.0)	(70, 0.0)	(75, 0.0)	(80, 0.0)	(85, 0.00018685476713224645)	(90, 0.0)	(95, 0.0)	(100, 0.0)	(105, 0.0)	(110, 0.0)	(115, 0.0)	(120, 0.0009342738356612323)	(125, 0.008595319288083337)	(130, 0.0)	(135, 0.0)	(140, 0.0)	(145, 0.0)	(150, 0.0)	(155, 0.0003737095342644929)	(160, 0.0003737095342644929)	(165, 0.0)	(170, 0.0)	(175, 0.0)	(180, 0.0)	(185, 0.0)	(190, 0.0)	(195, 0.0)	(200, 0.0)	(205, 0.0)	(210, 0.0)	(215, 0.00018685476713224645)	(220, 0.0003737095342644929)	(225, 0.0)	(230, 0.0)	(235, 0.0)	(240, 0.0)	(245, 0.0)	(250, 0.0)	(255, 0.0)	(260, 0.0)	(265, 0.0)	(270, 0.0)	(275, 0.0)	(280, 0.0)	(285, 0.0)	(290, 0.0)	(295, 0.0)	(300, 0.0)
2518R_0_M_S5_week5_S20_L001_R2_001	(1, 0.0)	(2, 0.0)	(3, 0.0)	(4, 0.0)	(5, 0.0)	(6, 0.0009342738356612323)	(7, 0.0018685476713224645)	(8, 0.0018685476713224645)	(9, 0.002802821506983697)	(10, 0.0018685476713224645)	(15, 3.2701452795814454)	(20, 5.9367496613257345)	(25, 0.0011211286027934789)	(30, 5.9328257112159575)	(35, 1.3027514364460222)	(40, 0.0014948381370579716)	(45, 3.2951838183771662)	(50, 0.0011211286027934789)	(55, 0.0005605643013967394)	(60, 0.0009342738356612323)	(65, 0.0014948381370579716)	(70, 0.0007474190685289858)	(75, 0.007100481151025365)	(80, 0.0013079833699257252)	(85, 0.0007474190685289858)	(90, 0.0005605643013967394)	(95, 0.0005605643013967394)	(100, 0.0005605643013967394)	(105, 0.0007474190685289858)	(110, 0.0009342738356612323)	(115, 0.0011211286027934789)	(120, 0.0007474190685289858)	(125, 0.0026159667398514505)	(130, 0.004858223945438408)	(135, 0.004671369178306161)	(140, 0.0044845144111739154)	(145, 0.004858223945438408)	(150, 0.004671369178306161)	(155, 0.004671369178306161)	(160, 0.004671369178306161)	(165, 0.002055402438454711)	(170, 0.0018685476713224645)	(175, 0.0009342738356612323)	(180, 0.0016816929041902182)	(185, 0.0009342738356612323)	(190, 0.0014948381370579716)	(195, 0.002989676274115943)	(200, 0.002802821506983697)	(205, 0.002429111972719204)	(210, 0.0016816929041902182)	(215, 0.0013079833699257252)	(220, 0.0016816929041902182)	(225, 0.0013079833699257252)	(230, 0.0009342738356612323)	(235, 0.0016816929041902182)	(240, 0.003737095342644929)	(245, 0.0016816929041902182)	(250, 0.00018685476713224645)	(255, 0.0016816929041902182)	(260, 0.0014948381370579716)	(265, 0.0)	(270, 0.0)	(275, 0.0)	(280, 0.0011211286027934789)	(285, 0.0)	(290, 0.0003737095342644929)	(295, 0.0)	(300, 0.00046713691783061614)
2529R_0_F_NS1_week5_S53_L001_R1_001	(1, 0.0)	(2, 0.0)	(3, 0.0)	(4, 0.0)	(5, 0.0)	(6, 0.0)	(7, 0.0)	(8, 0.0)	(9, 0.0)	(10, 0.0)	(15, 5.280911331099344)	(20, 0.0)	(25, 0.0)	(30, 0.0)	(35, 0.0006821340563954331)	(40, 0.0)	(45, 0.0)	(50, 0.0)	(55, 0.0)	(60, 0.0)	(65, 0.0)	(70, 0.0)	(75, 0.0)	(80, 0.0)	(85, 0.00017053351409885827)	(90, 0.0)	(95, 0.0)	(100, 0.0)	(105, 0.0)	(110, 0.0)	(115, 0.0)	(120, 0.0013642681127908661)	(125, 0.008185608676745197)	(130, 0.0)	(135, 0.0)	(140, 0.0)	(145, 0.0)	(150, 0.0)	(155, 0.0)	(160, 0.00034106702819771653)	(165, 0.0)	(170, 0.0)	(175, 0.0)	(180, 0.0)	(185, 0.0)	(190, 0.0)	(195, 0.0)	(200, 0.0)	(205, 0.0)	(210, 0.0)	(215, 0.0)	(220, 0.00017053351409885827)	(225, 0.0)	(230, 0.0)	(235, 0.0)	(240, 0.0)	(245, 0.0)	(250, 0.0)	(255, 0.0)	(260, 0.0)	(265, 0.0)	(270, 0.0)	(275, 0.0)	(280, 0.0)	(285, 0.0)	(290, 0.0)	(295, 0.0)	(300, 0.0)
2529R_0_F_NS1_week5_S53_L001_R2_001	(1, 0.0)	(2, 0.0)	(3, 0.0)	(4, 0.0)	(5, 0.0)	(6, 0.0)	(7, 0.0)	(8, 0.005116005422965748)	(9, 0.0059686729934600394)	(10, 0.0018758686550874413)	(15, 3.294707492389942)	(20, 5.961340052353789)	(25, 0.0005116005422965748)	(30, 5.935930558753059)	(35, 1.3143017931599008)	(40, 0.002046402169186299)	(45, 3.2933432242771508)	(50, 0.0015348016268897247)	(55, 0.0008526675704942913)	(60, 0.00017053351409885827)	(65, 0.002046402169186299)	(70, 0.0006821340563954331)	(75, 0.009038276247239489)	(80, 0.001193734598692008)	(85, 0.0)	(90, 0.0)	(95, 0.0)	(100, 0.0)	(105, 0.00017053351409885827)	(110, 0.0006821340563954331)	(115, 0.002216935683285158)	(120, 0.001193734598692008)	(125, 0.004774938394768032)	(130, 0.008867742733140631)	(135, 0.006480273535756614)	(140, 0.006309740021657757)	(145, 0.008526675704942914)	(150, 0.006480273535756614)	(155, 0.006480273535756614)	(160, 0.0073329411062509064)	(165, 0.0027285362255817323)	(170, 0.002899069739680591)	(175, 0.001193734598692008)	(180, 0.002216935683285158)	(185, 0.00034106702819771653)	(190, 0.0017053351409885827)	(195, 0.00494547190886689)	(200, 0.0037517373101748825)	(205, 0.0027285362255817323)	(210, 0.0018758686550874413)	(215, 0.0015348016268897247)	(220, 0.0027285362255817323)	(225, 0.002216935683285158)	(230, 0.0008526675704942913)	(235, 0.0027285362255817323)	(240, 0.004263337852471457)	(245, 0.002387469197384016)	(250, 0.00017053351409885827)	(255, 0.0027285362255817323)	(260, 0.0017053351409885827)	(265, 0.0005116005422965748)	(270, 0.0006821340563954331)	(275, 0.0006821340563954331)	(280, 0.0015348016268897247)	(285, 0.0008526675704942913)	(290, 0.0008526675704942913)	(295, 0.00017053351409885827)	(300, 0.0008526675704942913)
2529R_0_F_NS1_week9_S74_L001_R1_001	(1, 0.0)	(2, 0.0)	(3, 0.0)	(4, 0.0)	(5, 0.0)	(6, 0.0)	(7, 0.0)	(8, 0.0)	(9, 0.0)	(10, 0.0)	(15, 5.200707184882474)	(20, 0.0)	(25, 0.0)	(30, 0.0)	(35, 0.0)	(40, 0.0)	(45, 0.0)	(50, 0.0)	(55, 0.0)	(60, 0.0)	(65, 0.0)	(70, 0.0)	(75, 0.0)	(80, 0.0)	(85, 0.0)	(90, 0.0)	(95, 0.0)	(100, 0.0)	(105, 0.0)	(110, 0.0)	(115, 0.0)	(120, 0.0005796597397327768)	(125, 0.005216937657594992)	(130, 0.0)	(135, 0.0)	(140, 0.0)	(145, 0.0)	(150, 0.0)	(155, 0.0)	(160, 0.0)	(165, 0.0)	(170, 0.0)	(175, 0.0)	(180, 0.0)	(185, 0.0)	(190, 0.0)	(195, 0.0)	(200, 0.0)	(205, 0.0)	(210, 0.0)	(215, 0.0)	(220, 0.0)	(225, 0.0)	(230, 0.0)	(235, 0.0)	(240, 0.0)	(245, 0.0)	(250, 0.0)	(255, 0.0)	(260, 0.0)	(265, 0.0)	(270, 0.0)	(275, 0.0)	(280, 0.0)	(285, 0.0)	(290, 0.0)	(295, 0.0)	(300, 0.0)
2529R_0_F_NS1_week9_S74_L001_R2_001	(1, 0.0)	(2, 0.0)	(3, 0.0)	(4, 0.0)	(5, 0.0)	(6, 0.0)	(7, 0.0)	(8, 0.0)	(9, 0.0009660995662212948)	(10, 0.00038643982648851796)	(15, 3.223294592740728)	(20, 5.855915910693756)	(25, 0.0)	(30, 5.792732999062884)	(35, 1.2696480499280256)	(40, 0.0)	(45, 3.1991421035851952)	(50, 0.00019321991324425898)	(55, 0.0)	(60, 0.0)	(65, 0.0)	(70, 0.0)	(75, 0.003284738525152402)	(80, 0.0)	(85, 0.0)	(90, 0.0)	(95, 0.0)	(100, 0.0)	(105, 0.0)	(110, 0.0)	(115, 0.0)	(120, 0.0)	(125, 0.0009660995662212948)	(130, 0.0027050787854196253)	(135, 0.0017389792191983306)	(140, 0.0015457593059540718)	(145, 0.0025118588721753663)	(150, 0.0021254190456868483)	(155, 0.0019321991324425896)	(160, 0.0019321991324425896)	(165, 0.00019321991324425898)	(170, 0.0005796597397327768)	(175, 0.0)	(180, 0.00019321991324425898)	(185, 0.0)	(190, 0.0)	(195, 0.00038643982648851796)	(200, 0.00038643982648851796)	(205, 0.0005796597397327768)	(210, 0.00038643982648851796)	(215, 0.0)	(220, 0.0)	(225, 0.0)	(230, 0.0)	(235, 0.0)	(240, 0.0009660995662212948)	(245, 0.0005796597397327768)	(250, 0.0)	(255, 0.0005796597397327768)	(260, 0.0005796597397327768)	(265, 0.0)	(270, 0.0)	(275, 0.0)	(280, 0.0007728796529770359)	(285, 0.0)	(290, 0.0)	(295, 0.0)	(300, 0.0)
2529R_L_F_NS1_diabetes_S26_L001_R1_001	(1, 0.0)	(2, 0.0)	(3, 0.0)	(4, 0.0)	(5, 0.0)	(6, 0.0)	(7, 0.0)	(8, 0.0)	(9, 0.0)	(10, 0.0)	(15, 5.108470836972009)	(20, 0.0)	(25, 0.0)	(30, 0.0)	(35, 0.0004596221905593602)	(40, 0.0)	(45, 0.0)	(50, 0.0)	(55, 0.0)	(60, 0.0)	(65, 0.0)	(70, 0.0)	(75, 0.0)	(80, 0.0)	(85, 0.0)	(90, 0.0)	(95, 0.0)	(100, 0.0)	(105, 0.0)	(110, 0.0)	(115, 0.0)	(120, 0.0018384887622374408)	(125, 0.008043388334788803)	(130, 0.0)	(135, 0.0)	(140, 0.0)	(145, 0.0)	(150, 0.0)	(155, 0.0)	(160, 0.0)	(165, 0.0)	(170, 0.0)	(175, 0.0)	(180, 0.0)	(185, 0.0)	(190, 0.0)	(195, 0.0)	(200, 0.0)	(205, 0.0)	(210, 0.0)	(215, 0.0)	(220, 0.0004596221905593602)	(225, 0.0)	(230, 0.0)	(235, 0.0)	(240, 0.0)	(245, 0.0)	(250, 0.0)	(255, 0.0)	(260, 0.0)	(265, 0.0)	(270, 0.0)	(275, 0.0)	(280, 0.0)	(285, 0.0)	(290, 0.0)	(295, 0.0)	(300, 0.0)
2529R_L_F_NS1_diabetes_S26_L001_R2_001	(1, 0.0)	(2, 0.0)	(3, 0.0)	(4, 0.0)	(5, 0.0)	(6, 0.0011490554763984005)	(7, 0.002298110952796801)	(8, 0.004596221905593602)	(9, 0.004596221905593602)	(10, 0.002527922048076481)	(15, 3.161511237762559)	(20, 5.731718527370502)	(25, 0.002298110952796801)	(30, 5.706209495794457)	(35, 1.2575263133704095)	(40, 0.002757733143356161)	(45, 3.170933492669026)	(50, 0.0018384887622374408)	(55, 0.0009192443811187204)	(60, 0.0018384887622374408)	(65, 0.0032173553339155214)	(70, 0.0013788665716780806)	(75, 0.008273199430068484)	(80, 0.002068299857517121)	(85, 0.0002298110952796801)	(90, 0.0)	(95, 0.0002298110952796801)	(100, 0.0002298110952796801)	(105, 0.0)	(110, 0.0016086776669577607)	(115, 0.002757733143356161)	(120, 0.0006894332858390403)	(125, 0.004366410810313922)	(130, 0.008043388334788803)	(135, 0.007583766144229444)	(140, 0.007583766144229444)	(145, 0.008043388334788803)	(150, 0.007813577239509123)	(155, 0.007813577239509123)	(160, 0.008043388334788803)	(165, 0.002987544238635841)	(170, 0.0032173553339155214)	(175, 0.002527922048076481)	(180, 0.002757733143356161)	(185, 0.0006894332858390403)	(190, 0.002757733143356161)	(195, 0.005515466286712322)	(200, 0.004596221905593602)	(205, 0.0032173553339155214)	(210, 0.0016086776669577607)	(215, 0.0016086776669577607)	(220, 0.0034471664291952017)	(225, 0.0036769775244748816)	(230, 0.0009192443811187204)	(235, 0.0032173553339155214)	(240, 0.004596221905593602)	(245, 0.0018384887622374408)	(250, 0.0)	(255, 0.002757733143356161)	(260, 0.0011490554763984005)	(265, 0.0)	(270, 0.0)	(275, 0.0)	(280, 0.0013788665716780806)	(285, 0.0)	(290, 0.0)	(295, 0.0)	(300, 0.0)
2529R_L_F_NS1_week5_S54_L001_R1_001	(1, 0.0)	(2, 0.0)	(3, 0.0)	(4, 0.0)	(5, 0.0)	(6, 0.0)	(7, 0.0)	(8, 0.0)	(9, 0.0)	(10, 0.0)	(15, 5.361091742205399)	(20, 0.0)	(25, 0.0)	(30, 0.0)	(35, 0.0)	(40, 0.0)	(45, 0.0)	(50, 0.0)	(55, 0.0)	(60, 0.0)	(65, 0.0)	(70, 0.0)	(75, 0.0)	(80, 0.0)	(85, 0.0)	(90, 0.0)	(95, 0.0)	(100, 0.0)	(105, 0.0)	(110, 0.0)	(115, 0.0)	(120, 0.0011953381810937344)	(125, 0.009164259388385297)	(130, 0.0)	(135, 0.0)	(140, 0.0)	(145, 0.0)	(150, 0.0)	(155, 0.0005976690905468672)	(160, 0.00019922303018228907)	(165, 0.0)	(170, 0.0)	(175, 0.0)	(180, 0.0)	(185, 0.0)	(190, 0.0)	(195, 0.0)	(200, 0.0)	(205, 0.0)	(210, 0.0)	(215, 0.00019922303018228907)	(220, 0.00039844606036457814)	(225, 0.0)	(230, 0.0)	(235, 0.0)	(240, 0.0)	(245, 0.0)	(250, 0.0)	(255, 0.0)	(260, 0.0)	(265, 0.0)	(270, 0.0)	(275, 0.0)	(280, 0.0)	(285, 0.0)	(290, 0.0)	(295, 0.0)	(300, 0.0)
2529R_L_F_NS1_week5_S54_L001_R2_001	(1, 0.0)	(2, 0.0)	(3, 0.0)	(4, 0.0)	(5, 0.0)	(6, 0.0)	(7, 0.0019922303018228907)	(8, 0.002988345452734336)	(9, 0.004980575754557227)	(10, 0.002988345452734336)	(15, 3.3511305906962843)	(20, 6.066739715111067)	(25, 0.0019922303018228907)	(30, 6.0922402629744)	(35, 1.3268253810140451)	(40, 0.0017930072716406016)	(45, 3.3754358003785234)	(50, 0.0015937842414583125)	(55, 0.0005976690905468672)	(60, 0.0017930072716406016)	(65, 0.0019922303018228907)	(70, 0.0011953381810937344)	(75, 0.00856659029783843)	(80, 0.0019922303018228907)	(85, 0.0009961151509114453)	(90, 0.00039844606036457814)	(95, 0.0013945612112760235)	(100, 0.00039844606036457814)	(105, 0.0015937842414583125)	(110, 0.0019922303018228907)	(115, 0.0019922303018228907)	(120, 0.0017930072716406016)	(125, 0.00418368363382807)	(130, 0.0073712521167446955)	(135, 0.006773583026197828)	(140, 0.006972806056380117)	(145, 0.006972806056380117)	(150, 0.006972806056380117)	(155, 0.006773583026197828)	(160, 0.006972806056380117)	(165, 0.002988345452734336)	(170, 0.002988345452734336)	(175, 0.0017930072716406016)	(180, 0.002390676362187469)	(185, 0.0011953381810937344)	(190, 0.0019922303018228907)	(195, 0.004582129694192649)	(200, 0.0037852375734634923)	(205, 0.003386791513098914)	(210, 0.002589899392369758)	(215, 0.0017930072716406016)	(220, 0.002589899392369758)	(225, 0.002789122422552047)	(230, 0.0019922303018228907)	(235, 0.002988345452734336)	(240, 0.004781352724374938)	(245, 0.002988345452734336)	(250, 0.00019922303018228907)	(255, 0.0021914533320051797)	(260, 0.0021914533320051797)	(265, 0.0)	(270, 0.0)	(275, 0.0)	(280, 0.0011953381810937344)	(285, 0.0)	(290, 0.00039844606036457814)	(295, 0.0)	(300, 0.0)
2529R_L_F_NS1_week9_S75_L001_R1_001	(1, 0.0)	(2, 0.0)	(3, 0.0)	(4, 0.0)	(5, 0.0)	(6, 0.0)	(7, 0.0)	(8, 0.0)	(9, 0.0)	(10, 0.0)	(15, 5.306456229300405)	(20, 0.0)	(25, 0.0)	(30, 0.0)	(35, 0.0008177617859917405)	(40, 0.0)	(45, 0.0)	(50, 0.0)	(55, 0.0)	(60, 0.0)	(65, 0.0)	(70, 0.0)	(75, 0.0)	(80, 0.0)	(85, 0.00020444044649793513)	(90, 0.0)	(95, 0.0)	(100, 0.0)	(105, 0.0)	(110, 0.0)	(115, 0.0)	(120, 0.001431083125485546)	(125, 0.006950975180929795)	(130, 0.0)	(135, 0.0)	(140, 0.0)	(145, 0.0)	(150, 0.0)	(155, 0.00020444044649793513)	(160, 0.00040888089299587026)	(165, 0.00040888089299587026)	(170, 0.0)	(175, 0.0)	(180, 0.0)	(185, 0.0)	(190, 0.0)	(195, 0.0)	(200, 0.0)	(205, 0.0)	(210, 0.0)	(215, 0.0)	(220, 0.0006133213394938055)	(225, 0.0)	(230, 0.0)	(235, 0.00020444044649793513)	(240, 0.0)	(245, 0.0)	(250, 0.0)	(255, 0.0)	(260, 0.0)	(265, 0.0)	(270, 0.0)	(275, 0.0)	(280, 0.0)	(285, 0.0)	(290, 0.0)	(295, 0.0)	(300, 0.0)
2529R_L_F_NS1_week9_S75_L001_R2_001	(1, 0.0)	(2, 0.0)	(3, 0.0)	(4, 0.0)	(5, 0.0)	(6, 0.0)	(7, 0.0030666066974690273)	(8, 0.004088808929958703)	(9, 0.005111011162448379)	(10, 0.0020444044649793516)	(15, 3.2959888784397102)	(20, 5.929999591119107)	(25, 0.0006133213394938055)	(30, 5.924275258617165)	(35, 1.2965613116899046)	(40, 0.002453285357975222)	(45, 3.287402379686797)	(50, 0.0018399640184814164)	(55, 0.0008177617859917405)	(60, 0.0008177617859917405)	(65, 0.0022488449114772867)	(70, 0.001226642678987611)	(75, 0.007359856073925666)	(80, 0.001635523571983481)	(85, 0.0006133213394938055)	(90, 0.0)	(95, 0.0006133213394938055)	(100, 0.0)	(105, 0.0008177617859917405)	(110, 0.001226642678987611)	(115, 0.001635523571983481)	(120, 0.0010222022324896758)	(125, 0.0034754875904648977)	(130, 0.006746534734431859)	(135, 0.006133213394938055)	(140, 0.006133213394938055)	(145, 0.0071554156274277305)	(150, 0.00633765384143599)	(155, 0.0059287729484401195)	(160, 0.00633765384143599)	(165, 0.002657725804473157)	(170, 0.0020444044649793516)	(175, 0.0010222022324896758)	(180, 0.002862166250971092)	(185, 0.00040888089299587026)	(190, 0.002453285357975222)	(195, 0.005111011162448379)	(200, 0.0044976898229545734)	(205, 0.0030666066974690273)	(210, 0.0020444044649793516)	(215, 0.001635523571983481)	(220, 0.002862166250971092)	(225, 0.0022488449114772867)	(230, 0.0010222022324896758)	(235, 0.003271047143966962)	(240, 0.004906570715950444)	(245, 0.002453285357975222)	(250, 0.00040888089299587026)	(255, 0.002657725804473157)	(260, 0.0018399640184814164)	(265, 0.00040888089299587026)	(270, 0.0006133213394938055)	(275, 0.0008177617859917405)	(280, 0.001635523571983481)	(285, 0.0008177617859917405)	(290, 0.0008177617859917405)	(295, 0.00040888089299587026)	(300, 0.0010222022324896758)
2529R_NS1_week22_S37_L001_R1_001	(1, 0.0)	(2, 0.0)	(3, 0.0)	(4, 0.0)	(5, 0.0)	(6, 0.0)	(7, 0.0)	(8, 0.0)	(9, 0.0)	(10, 0.0)	(15, 5.270263818735618)	(20, 0.0)	(25, 0.0)	(30, 0.0)	(35, 0.0)	(40, 0.0)	(45, 0.0)	(50, 0.0)	(55, 0.0)	(60, 0.0)	(65, 0.0)	(70, 0.0)	(75, 0.0)	(80, 0.0)	(85, 0.0)	(90, 0.0)	(95, 0.0)	(100, 0.0)	(105, 0.0)	(110, 0.0)	(115, 0.0)	(120, 0.000763861702838701)	(125, 0.00973923671119344)	(130, 0.0)	(135, 0.0)	(140, 0.0)	(145, 0.0)	(150, 0.0)	(155, 0.0)	(160, 0.0)	(165, 0.0)	(170, 0.0)	(175, 0.0)	(180, 0.0)	(185, 0.0)	(190, 0.0)	(195, 0.0)	(200, 0.0)	(205, 0.0)	(210, 0.0)	(215, 0.0)	(220, 0.0)	(225, 0.0)	(230, 0.0)	(235, 0.0)	(240, 0.0)	(245, 0.0)	(250, 0.0)	(255, 0.0)	(260, 0.0)	(265, 0.0)	(270, 0.0)	(275, 0.0)	(280, 0.0)	(285, 0.0)	(290, 0.0)	(295, 0.0)	(300, 0.0)
2529R_NS1_week22_S37_L001_R2_001	(1, 0.0)	(2, 0.0)	(3, 0.0)	(4, 0.0)	(5, 0.0)	(6, 0.0)	(7, 0.0)	(8, 0.0009548271285483763)	(9, 0.002864481385645129)	(10, 0.0011457925542580516)	(15, 3.2687551918725113)	(20, 5.959267074696126)	(25, 0.0)	(30, 5.953729077350546)	(35, 1.318425299099598)	(40, 0.0)	(45, 3.313250136062866)	(50, 0.0005728962771290258)	(55, 0.00019096542570967525)	(60, 0.0)	(65, 0.0003819308514193505)	(70, 0.00019096542570967525)	(75, 0.007065720751257985)	(80, 0.00019096542570967525)	(85, 0.0)	(90, 0.0)	(95, 0.0)	(100, 0.0)	(105, 0.0)	(110, 0.00019096542570967525)	(115, 0.0)	(120, 0.0)	(125, 0.002100619682806428)	(130, 0.005537997345580583)	(135, 0.003819308514193505)	(140, 0.004583170217032207)	(145, 0.005347031919870907)	(150, 0.004201239365612856)	(155, 0.00401027393990318)	(160, 0.004583170217032207)	(165, 0.0005728962771290258)	(170, 0.0009548271285483763)	(175, 0.0)	(180, 0.0005728962771290258)	(185, 0.0)	(190, 0.0005728962771290258)	(195, 0.002100619682806428)	(200, 0.0013367579799677268)	(205, 0.0011457925542580516)	(210, 0.0005728962771290258)	(215, 0.00019096542570967525)	(220, 0.0005728962771290258)	(225, 0.0)	(230, 0.0)	(235, 0.0003819308514193505)	(240, 0.0009548271285483763)	(245, 0.0005728962771290258)	(250, 0.0)	(255, 0.0005728962771290258)	(260, 0.000763861702838701)	(265, 0.0)	(270, 0.0)	(275, 0.0)	(280, 0.0003819308514193505)	(285, 0.0)	(290, 0.0)	(295, 0.0)	(300, 0.0)
2529R_RL_F_NS1_week5_S55_L001_R1_001	(1, 0.0)	(2, 0.0)	(3, 0.0)	(4, 0.0)	(5, 0.0)	(6, 0.0)	(7, 0.0)	(8, 0.0)	(9, 0.0)	(10, 0.0)	(15, 5.105884063766746)	(20, 0.0)	(25, 0.0)	(30, 0.0)	(35, 0.0)	(40, 0.0)	(45, 0.0)	(50, 0.0)	(55, 0.0)	(60, 0.0)	(65, 0.0)	(70, 0.0)	(75, 0.0)	(80, 0.0)	(85, 0.0)	(90, 0.0)	(95, 0.0)	(100, 0.0)	(105, 0.0)	(110, 0.0)	(115, 0.0)	(120, 0.000727100867067784)	(125, 0.006907458237143948)	(130, 0.0)	(135, 0.0)	(140, 0.0)	(145, 0.0)	(150, 0.0)	(155, 0.0)	(160, 0.0)	(165, 0.0)	(170, 0.0)	(175, 0.0)	(180, 0.0)	(185, 0.0)	(190, 0.0)	(195, 0.0)	(200, 0.0)	(205, 0.0)	(210, 0.0)	(215, 0.0)	(220, 0.0)	(225, 0.0)	(230, 0.0)	(235, 0.0)	(240, 0.0)	(245, 0.0)	(250, 0.0)	(255, 0.0)	(260, 0.0)	(265, 0.0)	(270, 0.0)	(275, 0.0)	(280, 0.0)	(285, 0.0)	(290, 0.0)	(295, 0.0)	(300, 0.0)
2529R_RL_F_NS1_week5_S55_L001_R2_001	(1, 0.0)	(2, 0.0)	(3, 0.0)	(4, 0.0)	(5, 0.0)	(6, 0.0)	(7, 0.0)	(8, 0.0009088760838347299)	(9, 0.0018177521676694599)	(10, 0.001090651300601676)	(15, 3.163979423045462)	(20, 5.769363604966099)	(25, 0.0)	(30, 5.745732826786396)	(35, 1.2502499409230545)	(40, 0.000181775216766946)	(45, 3.174158835184411)	(50, 0.000363550433533892)	(55, 0.0)	(60, 0.0)	(65, 0.0)	(70, 0.0)	(75, 0.006362132586843109)	(80, 0.0)	(85, 0.0)	(90, 0.0)	(95, 0.0)	(100, 0.0)	(105, 0.0)	(110, 0.0)	(115, 0.0)	(120, 0.0)	(125, 0.002908403468271136)	(130, 0.006180357370076164)	(135, 0.0045443804191736496)	(140, 0.004726155635940596)	(145, 0.005271481286241434)	(150, 0.004180829985639758)	(155, 0.0036355043353389197)	(160, 0.003999054768872812)	(165, 0.000545325650300838)	(170, 0.001454201734135568)	(175, 0.0)	(180, 0.000727100867067784)	(185, 0.0)	(190, 0.000545325650300838)	(195, 0.001999527384436406)	(200, 0.0016359769509025138)	(205, 0.001090651300601676)	(210, 0.000545325650300838)	(215, 0.000545325650300838)	(220, 0.0)	(225, 0.0)	(230, 0.0)	(235, 0.000181775216766946)	(240, 0.0016359769509025138)	(245, 0.000545325650300838)	(250, 0.0)	(255, 0.0009088760838347299)	(260, 0.000727100867067784)	(265, 0.0)	(270, 0.0)	(275, 0.0)	(280, 0.000545325650300838)	(285, 0.0)	(290, 0.0)	(295, 0.0)	(300, 0.0)
2529R_RL_F_NS1_week9_S76_L001_R1_001	(1, 0.0)	(2, 0.0)	(3, 0.0)	(4, 0.0)	(5, 0.0)	(6, 0.0)	(7, 0.0)	(8, 0.0)	(9, 0.0)	(10, 0.0)	(15, 5.17487754523742)	(20, 0.0)	(25, 0.0)	(30, 0.0)	(35, 0.0004048091324940291)	(40, 0.0)	(45, 0.0)	(50, 0.0)	(55, 0.0)	(60, 0.0)	(65, 0.0)	(70, 0.0)	(75, 0.0)	(80, 0.0)	(85, 0.0)	(90, 0.0)	(95, 0.0)	(100, 0.0)	(105, 0.0)	(110, 0.0)	(115, 0.0)	(120, 0.0010120228312350725)	(125, 0.006679350686151479)	(130, 0.0)	(135, 0.0)	(140, 0.0)	(145, 0.0)	(150, 0.0)	(155, 0.0)	(160, 0.00020240456624701455)	(165, 0.0)	(170, 0.0)	(175, 0.0)	(180, 0.0)	(185, 0.0)	(190, 0.0)	(195, 0.0)	(200, 0.0)	(205, 0.0)	(210, 0.0)	(215, 0.00020240456624701455)	(220, 0.0004048091324940291)	(225, 0.0)	(230, 0.0)	(235, 0.00020240456624701455)	(240, 0.0)	(245, 0.0)	(250, 0.0)	(255, 0.0)	(260, 0.0)	(265, 0.0)	(270, 0.0)	(275, 0.0)	(280, 0.0)	(285, 0.0)	(290, 0.0)	(295, 0.0)	(300, 0.0)
2529R_RL_F_NS1_week9_S76_L001_R2_001	(1, 0.0)	(2, 0.0)	(3, 0.0)	(4, 0.0)	(5, 0.0)	(6, 0.0)	(7, 0.0010120228312350725)	(8, 0.00404809132494029)	(9, 0.005060114156175363)	(10, 0.0016192365299761164)	(15, 3.234627373193539)	(20, 5.836942881431405)	(25, 0.0006072136987410437)	(30, 5.8300611261790065)	(35, 1.2951868194146459)	(40, 0.002024045662470145)	(45, 3.241913937578432)	(50, 0.0014168319637291019)	(55, 0.0006072136987410437)	(60, 0.0008096182649880582)	(65, 0.00222645022871716)	(70, 0.0010120228312350725)	(75, 0.0076913735173865525)	(80, 0.0016192365299761164)	(85, 0.0)	(90, 0.0)	(95, 0.00020240456624701455)	(100, 0.0)	(105, 0.0)	(110, 0.0008096182649880582)	(115, 0.002024045662470145)	(120, 0.0008096182649880582)	(125, 0.0036432821924462615)	(130, 0.007286564384892523)	(135, 0.00627454155365745)	(140, 0.00627454155365745)	(145, 0.007286564384892523)	(150, 0.006476946119904466)	(155, 0.005262518722422378)	(160, 0.00627454155365745)	(165, 0.002631259361211189)	(170, 0.00222645022871716)	(175, 0.0010120228312350725)	(180, 0.0024288547949641746)	(185, 0.00020240456624701455)	(190, 0.002024045662470145)	(195, 0.005060114156175363)	(200, 0.00404809132494029)	(205, 0.00222645022871716)	(210, 0.0014168319637291019)	(215, 0.0014168319637291019)	(220, 0.0028336639274582037)	(225, 0.0024288547949641746)	(230, 0.0016192365299761164)	(235, 0.002631259361211189)	(240, 0.004250495891187305)	(245, 0.002024045662470145)	(250, 0.0)	(255, 0.002631259361211189)	(260, 0.0012144273974820873)	(265, 0.0)	(270, 0.0)	(275, 0.0)	(280, 0.0010120228312350725)	(285, 0.0)	(290, 0.0)	(295, 0.0)	(300, 0.0005060114156175363)
2562R_0_F_NS6_week5_S10_L001_R1_001	(1, 0.0)	(2, 0.0)	(3, 0.0)	(4, 0.0)	(5, 0.0)	(6, 0.0)	(7, 0.0)	(8, 0.0)	(9, 0.0)	(10, 0.0)	(15, 5.155906593406594)	(20, 0.0)	(25, 0.0)	(30, 0.0)	(35, 0.0)	(40, 0.0)	(45, 0.0)	(50, 0.0)	(55, 0.0)	(60, 0.0)	(65, 0.0)	(70, 0.0)	(75, 0.0)	(80, 0.0)	(85, 0.0)	(90, 0.0)	(95, 0.0)	(100, 0.0)	(105, 0.0)	(110, 0.0)	(115, 0.0)	(120, 0.0006868131868131868)	(125, 0.005265567765567766)	(130, 0.0)	(135, 0.0)	(140, 0.0)	(145, 0.0)	(150, 0.0)	(155, 0.0)	(160, 0.0)	(165, 0.0)	(170, 0.0)	(175, 0.0)	(180, 0.0)	(185, 0.0)	(190, 0.0)	(195, 0.0)	(200, 0.0)	(205, 0.0)	(210, 0.0)	(215, 0.0)	(220, 0.0)	(225, 0.0)	(230, 0.0)	(235, 0.0)	(240, 0.0)	(245, 0.0)	(250, 0.0)	(255, 0.0)	(260, 0.0)	(265, 0.0)	(270, 0.0)	(275, 0.0)	(280, 0.0)	(285, 0.0)	(290, 0.0)	(295, 0.0)	(300, 0.0)
2562R_0_F_NS6_week5_S10_L001_R2_001	(1, 0.0)	(2, 0.0)	(3, 0.0)	(4, 0.0)	(5, 0.0)	(6, 0.0)	(7, 0.0)	(8, 0.0)	(9, 0.0011446886446886447)	(10, 0.0009157509157509158)	(15, 3.206730769230769)	(20, 5.785714285714286)	(25, 0.0)	(30, 5.807921245421245)	(35, 1.2758699633699635)	(40, 0.0006868131868131868)	(45, 3.2358058608058604)	(50, 0.0009157509157509158)	(55, 0.0)	(60, 0.0)	(65, 0.0)	(70, 0.0)	(75, 0.004807692307692308)	(80, 0.00022893772893772894)	(85, 0.0)	(90, 0.0)	(95, 0.0)	(100, 0.0)	(105, 0.0)	(110, 0.0)	(115, 0.0)	(120, 0.0)	(125, 0.0018315018315018315)	(130, 0.004578754578754579)	(135, 0.004578754578754579)	(140, 0.004578754578754579)	(145, 0.004578754578754579)	(150, 0.004578754578754579)	(155, 0.004578754578754579)	(160, 0.004578754578754579)	(165, 0.0009157509157509158)	(170, 0.0009157509157509158)	(175, 0.0)	(180, 0.0009157509157509158)	(185, 0.0)	(190, 0.0)	(195, 0.003205128205128205)	(200, 0.0018315018315018315)	(205, 0.0018315018315018315)	(210, 0.0009157509157509158)	(215, 0.0006868131868131868)	(220, 0.00022893772893772894)	(225, 0.00022893772893772894)	(230, 0.0)	(235, 0.00022893772893772894)	(240, 0.002976190476190476)	(245, 0.0006868131868131868)	(250, 0.0)	(255, 0.0011446886446886447)	(260, 0.0009157509157509158)	(265, 0.0)	(270, 0.0)	(275, 0.0)	(280, 0.0009157509157509158)	(285, 0.0)	(290, 0.0)	(295, 0.0)	(300, 0.0)
2562R_RL_F_NS6_week5_S11_L001_R1_001	(1, 0.0)	(2, 0.0)	(3, 0.0)	(4, 0.0)	(5, 0.0)	(6, 0.0)	(7, 0.0)	(8, 0.0)	(9, 0.0)	(10, 0.0)	(15, 5.252418418676641)	(20, 0.0)	(25, 0.0)	(30, 0.0)	(35, 0.0)	(40, 0.0)	(45, 0.0)	(50, 0.0)	(55, 0.0)	(60, 0.0)	(65, 0.0)	(70, 0.0)	(75, 0.0)	(80, 0.0)	(85, 0.0)	(90, 0.0)	(95, 0.0)	(100, 0.0)	(105, 0.0)	(110, 0.0)	(115, 0.0)	(120, 0.0005159293176834773)	(125, 0.006449116471043467)	(130, 0.0)	(135, 0.0)	(140, 0.0)	(145, 0.0)	(150, 0.0)	(155, 0.0)	(160, 0.0)	(165, 0.0)	(170, 0.0)	(175, 0.0)	(180, 0.0)	(185, 0.0)	(190, 0.0)	(195, 0.0)	(200, 0.0)	(205, 0.0)	(210, 0.0)	(215, 0.0)	(220, 0.0)	(225, 0.0)	(230, 0.0)	(235, 0.0)	(240, 0.0)	(245, 0.0)	(250, 0.0)	(255, 0.0)	(260, 0.0)	(265, 0.0)	(270, 0.0)	(275, 0.0)	(280, 0.0)	(285, 0.0)	(290, 0.0)	(295, 0.0)	(300, 0.0)
2562R_RL_F_NS6_week5_S11_L001_R2_001	(1, 0.0)	(2, 0.0)	(3, 0.0)	(4, 0.0)	(5, 0.0)	(6, 0.0)	(7, 0.0)	(8, 0.0012898232942086935)	(9, 0.0012898232942086935)	(10, 0.0007738939765252159)	(15, 3.241325938346447)	(20, 5.875918999097124)	(25, 0.0)	(30, 5.886495550109635)	(35, 1.2738294853605054)	(40, 0.0)	(45, 3.2513865600412744)	(50, 0.0)	(55, 0.00025796465884173866)	(60, 0.0)	(65, 0.0)	(70, 0.0)	(75, 0.005159293176834774)	(80, 0.0)	(85, 0.0)	(90, 0.0)	(95, 0.0)	(100, 0.0)	(105, 0.0)	(110, 0.0)	(115, 0.0)	(120, 0.0)	(125, 0.0015477879530504319)	(130, 0.0038694698826260802)	(135, 0.0036115052237843414)	(140, 0.0038694698826260802)	(145, 0.0038694698826260802)	(150, 0.0038694698826260802)	(155, 0.0038694698826260802)	(160, 0.0038694698826260802)	(165, 0.0005159293176834773)	(170, 0.0007738939765252159)	(175, 0.0)	(180, 0.0007738939765252159)	(185, 0.0)	(190, 0.0)	(195, 0.0015477879530504319)	(200, 0.0010318586353669547)	(205, 0.0012898232942086935)	(210, 0.0005159293176834773)	(215, 0.00025796465884173866)	(220, 0.0)	(225, 0.0)	(230, 0.0)	(235, 0.0)	(240, 0.0007738939765252159)	(245, 0.0)	(250, 0.0)	(255, 0.0)	(260, 0.0007738939765252159)	(265, 0.0)	(270, 0.0)	(275, 0.0)	(280, 0.0005159293176834773)	(285, 0.0)	(290, 0.0)	(295, 0.0)	(300, 0.0)
3861R_0_M_NS1_week5_S56_L001_R1_001	(1, 0.0)	(2, 0.0)	(3, 0.0)	(4, 0.0)	(5, 0.0)	(6, 0.0)	(7, 0.0)	(8, 0.0)	(9, 0.0)	(10, 0.0)	(15, 5.182190104764089)	(20, 0.0)	(25, 0.0)	(30, 0.0)	(35, 0.0)	(40, 0.0)	(45, 0.0)	(50, 0.0)	(55, 0.0)	(60, 0.0)	(65, 0.0)	(70, 0.0)	(75, 0.0)	(80, 0.0)	(85, 0.0)	(90, 0.0)	(95, 0.0)	(100, 0.0)	(105, 0.0)	(110, 0.0)	(115, 0.0)	(120, 0.0001911753460273763)	(125, 0.004779383650684408)	(130, 0.0)	(135, 0.0)	(140, 0.0)	(145, 0.0)	(150, 0.0)	(155, 0.0)	(160, 0.0)	(165, 0.0)	(170, 0.0)	(175, 0.0)	(180, 0.0)	(185, 0.0)	(190, 0.0)	(195, 0.0)	(200, 0.0)	(205, 0.0)	(210, 0.0)	(215, 0.0)	(220, 0.0)	(225, 0.0)	(230, 0.0)	(235, 0.0)	(240, 0.0)	(245, 0.0)	(250, 0.0)	(255, 0.0)	(260, 0.0)	(265, 0.0)	(270, 0.0)	(275, 0.0)	(280, 0.0)	(285, 0.0)	(290, 0.0)	(295, 0.0)	(300, 0.0)
3861R_0_M_NS1_week5_S56_L001_R2_001	(1, 0.0)	(2, 0.0)	(3, 0.0)	(4, 0.0)	(5, 0.0)	(6, 0.0)	(7, 0.0)	(8, 0.0009558767301368815)	(9, 0.0009558767301368815)	(10, 0.0001911753460273763)	(15, 3.2109811118758125)	(20, 5.7884071270169)	(25, 0.0)	(30, 5.783054217328133)	(35, 1.2778160128469833)	(40, 0.0)	(45, 3.218819301062935)	(50, 0.0)	(55, 0.0001911753460273763)	(60, 0.0)	(65, 0.0)	(70, 0.0)	(75, 0.0028676301904106446)	(80, 0.0)	(85, 0.0)	(90, 0.0)	(95, 0.0)	(100, 0.0)	(105, 0.0)	(110, 0.0)	(115, 0.0)	(120, 0.0)	(125, 0.0005735260380821289)	(130, 0.0009558767301368815)	(135, 0.0009558767301368815)	(140, 0.0009558767301368815)	(145, 0.0009558767301368815)	(150, 0.0009558767301368815)	(155, 0.0009558767301368815)	(160, 0.0009558767301368815)	(165, 0.0001911753460273763)	(170, 0.0003823506920547526)	(175, 0.0)	(180, 0.0001911753460273763)	(185, 0.0)	(190, 0.0)	(195, 0.0007647013841095052)	(200, 0.0001911753460273763)	(205, 0.0001911753460273763)	(210, 0.0001911753460273763)	(215, 0.0001911753460273763)	(220, 0.0)	(225, 0.0)	(230, 0.0)	(235, 0.0)	(240, 0.0)	(245, 0.0)	(250, 0.0)	(255, 0.0)	(260, 0.0001911753460273763)	(265, 0.0)	(270, 0.0)	(275, 0.0)	(280, 0.0001911753460273763)	(285, 0.0)	(290, 0.0)	(295, 0.0)	(300, 0.0)
3861R_0_M_NS1_week9_S77_L001_R1_001	(1, 0.0)	(2, 0.0)	(3, 0.0)	(4, 0.0)	(5, 0.0)	(6, 0.0)	(7, 0.0)	(8, 0.0)	(9, 0.0)	(10, 0.0)	(15, 5.252202122147379)	(20, 0.0)	(25, 0.0)	(30, 0.0)	(35, 0.0)	(40, 0.0)	(45, 0.0)	(50, 0.0)	(55, 0.0)	(60, 0.0)	(65, 0.0)	(70, 0.0)	(75, 0.0)	(80, 0.0)	(85, 0.0)	(90, 0.0)	(95, 0.0)	(100, 0.0)	(105, 0.0)	(110, 0.0)	(115, 0.0)	(120, 0.0006758431142850706)	(125, 0.006307869066660659)	(130, 0.0)	(135, 0.0)	(140, 0.0)	(145, 0.0)	(150, 0.0)	(155, 0.0)	(160, 0.0)	(165, 0.0)	(170, 0.0)	(175, 0.0)	(180, 0.0)	(185, 0.0)	(190, 0.0)	(195, 0.0)	(200, 0.0)	(205, 0.0)	(210, 0.0)	(215, 0.0)	(220, 0.0)	(225, 0.0)	(230, 0.0)	(235, 0.0)	(240, 0.0)	(245, 0.0)	(250, 0.0)	(255, 0.0)	(260, 0.0)	(265, 0.0)	(270, 0.0)	(275, 0.0)	(280, 0.0)	(285, 0.0)	(290, 0.0)	(295, 0.0)	(300, 0.0)
3861R_0_M_NS1_week9_S77_L001_R2_001	(1, 0.0)	(2, 0.0)	(3, 0.0)	(4, 0.0)	(5, 0.0)	(6, 0.0)	(7, 0.0)	(8, 0.0)	(9, 0.0022528103809502354)	(10, 0.00045056207619004706)	(15, 3.228277275901687)	(20, 5.8514496834801415)	(25, 0.0)	(30, 5.88276374777535)	(35, 1.2973934983892406)	(40, 0.0)	(45, 3.278064385320688)	(50, 0.00022528103809502353)	(55, 0.0)	(60, 0.0)	(65, 0.0)	(70, 0.0)	(75, 0.005857306990470611)	(80, 0.0)	(85, 0.0)	(90, 0.0)	(95, 0.0)	(100, 0.0)	(105, 0.0)	(110, 0.0)	(115, 0.0)	(120, 0.0)	(125, 0.0022528103809502354)	(130, 0.0051814638761855415)	(135, 0.0027033724571402826)	(140, 0.002478091419045259)	(145, 0.005406744914280565)	(150, 0.0031539345333303297)	(155, 0.0029286534952353057)	(160, 0.0033792155714253533)	(165, 0.00045056207619004706)	(170, 0.0013516862285701413)	(175, 0.0)	(180, 0.00045056207619004706)	(185, 0.0)	(190, 0.0)	(195, 0.0011264051904751177)	(200, 0.0009011241523800941)	(205, 0.0009011241523800941)	(210, 0.00045056207619004706)	(215, 0.00045056207619004706)	(220, 0.0)	(225, 0.0)	(230, 0.0)	(235, 0.0)	(240, 0.0018022483047601882)	(245, 0.00045056207619004706)	(250, 0.0)	(255, 0.00045056207619004706)	(260, 0.00045056207619004706)	(265, 0.0)	(270, 0.0)	(275, 0.0)	(280, 0.00045056207619004706)	(285, 0.0)	(290, 0.0)	(295, 0.0)	(300, 0.0)
3861R_L_M_NS1_diabetes_S27_L001_R1_001	(1, 0.0)	(2, 0.0)	(3, 0.0)	(4, 0.0)	(5, 0.0)	(6, 0.0)	(7, 0.0)	(8, 0.0)	(9, 0.0)	(10, 0.0)	(15, 5.32172131147541)	(20, 0.0)	(25, 0.0)	(30, 0.0)	(35, 0.0)	(40, 0.0)	(45, 0.0)	(50, 0.0)	(55, 0.0)	(60, 0.0)	(65, 0.0)	(70, 0.0)	(75, 0.0)	(80, 0.0)	(85, 0.0)	(90, 0.0)	(95, 0.0)	(100, 0.0)	(105, 0.0)	(110, 0.0)	(115, 0.0)	(120, 0.00022768670309653916)	(125, 0.006375227686703096)	(130, 0.0)	(135, 0.0)	(140, 0.0)	(145, 0.0)	(150, 0.0)	(155, 0.0)	(160, 0.0)	(165, 0.0)	(170, 0.0)	(175, 0.0)	(180, 0.0)	(185, 0.0)	(190, 0.0)	(195, 0.0)	(200, 0.0)	(205, 0.0)	(210, 0.0)	(215, 0.0)	(220, 0.0)	(225, 0.0)	(230, 0.0)	(235, 0.0)	(240, 0.0)	(245, 0.0)	(250, 0.0)	(255, 0.0)	(260, 0.0)	(265, 0.0)	(270, 0.0)	(275, 0.0)	(280, 0.0)	(285, 0.0)	(290, 0.0)	(295, 0.0)	(300, 0.0)
3861R_L_M_NS1_diabetes_S27_L001_R2_001	(1, 0.0)	(2, 0.0)	(3, 0.0)	(4, 0.0)	(5, 0.0)	(6, 0.0)	(7, 0.0)	(8, 0.0)	(9, 0.001138433515482696)	(10, 0.0009107468123861566)	(15, 3.346994535519126)	(20, 5.99476320582878)	(25, 0.0)	(30, 6.038706739526411)	(35, 1.2900728597449909)	(40, 0.0)	(45, 3.33356102003643)	(50, 0.0)	(55, 0.0)	(60, 0.0)	(65, 0.0)	(70, 0.0)	(75, 0.006602914389799636)	(80, 0.0)	(85, 0.0)	(90, 0.0)	(95, 0.0)	(100, 0.0)	(105, 0.0)	(110, 0.0)	(115, 0.0)	(120, 0.0)	(125, 0.002959927140255009)	(130, 0.007058287795992714)	(135, 0.002959927140255009)	(140, 0.003187613843351548)	(145, 0.005692167577413479)	(150, 0.003870673952641166)	(155, 0.00273224043715847)	(160, 0.0025045537340619307)	(165, 0.0004553734061930783)	(170, 0.001593806921675774)	(175, 0.0)	(180, 0.00022768670309653916)	(185, 0.0)	(190, 0.0)	(195, 0.0004553734061930783)	(200, 0.0004553734061930783)	(205, 0.0006830601092896175)	(210, 0.00022768670309653916)	(215, 0.0)	(220, 0.0)	(225, 0.0)	(230, 0.0)	(235, 0.0)	(240, 0.0004553734061930783)	(245, 0.0)	(250, 0.0)	(255, 0.0)	(260, 0.001138433515482696)	(265, 0.0)	(270, 0.0)	(275, 0.0)	(280, 0.0004553734061930783)	(285, 0.0)	(290, 0.0)	(295, 0.0)	(300, 0.0)
3861R_L_M_NS1_week5_S57_L001_R1_001	(1, 0.0)	(2, 0.0)	(3, 0.0)	(4, 0.0)	(5, 0.0)	(6, 0.0)	(7, 0.0)	(8, 0.0)	(9, 0.0)	(10, 0.0)	(15, 5.123533617562164)	(20, 0.0)	(25, 0.0)	(30, 0.0)	(35, 0.0)	(40, 0.0)	(45, 0.0)	(50, 0.0)	(55, 0.0)	(60, 0.0)	(65, 0.0)	(70, 0.0)	(75, 0.0)	(80, 0.0)	(85, 0.0)	(90, 0.0)	(95, 0.0)	(100, 0.0)	(105, 0.0)	(110, 0.0)	(115, 0.0)	(120, 0.0005296189391732648)	(125, 0.005560998861319281)	(130, 0.0)	(135, 0.0)	(140, 0.0)	(145, 0.0)	(150, 0.0)	(155, 0.0)	(160, 0.0)	(165, 0.0002648094695866324)	(170, 0.0)	(175, 0.0)	(180, 0.0)	(185, 0.0)	(190, 0.0)	(195, 0.0)	(200, 0.0)	(205, 0.0)	(210, 0.0)	(215, 0.0)	(220, 0.0)	(225, 0.0)	(230, 0.0)	(235, 0.0)	(240, 0.0)	(245, 0.0)	(250, 0.0)	(255, 0.0)	(260, 0.0)	(265, 0.0)	(270, 0.0)	(275, 0.0)	(280, 0.0)	(285, 0.0)	(290, 0.0)	(295, 0.0)	(300, 0.0)
3861R_L_M_NS1_week5_S57_L001_R2_001	(1, 0.0)	(2, 0.0)	(3, 0.0)	(4, 0.0)	(5, 0.0)	(6, 0.0)	(7, 0.0)	(8, 0.0013240473479331622)	(9, 0.0013240473479331622)	(10, 0.0007944284087598973)	(15, 3.2020761062415595)	(20, 5.762783677144294)	(25, 0.0)	(30, 5.756693059343802)	(35, 1.2446045070571723)	(40, 0.0007944284087598973)	(45, 3.1673860657257102)	(50, 0.0005296189391732648)	(55, 0.0002648094695866324)	(60, 0.0007944284087598973)	(65, 0.0013240473479331622)	(70, 0.0005296189391732648)	(75, 0.0037073325742128537)	(80, 0.0010592378783465296)	(85, 0.0)	(90, 0.0)	(95, 0.0005296189391732648)	(100, 0.0)	(105, 0.0)	(110, 0.0007944284087598973)	(115, 0.0013240473479331622)	(120, 0.0010592378783465296)	(125, 0.0023832852262796918)	(130, 0.0037073325742128537)	(135, 0.0026480946958663243)	(140, 0.0018536662871064269)	(145, 0.003177713635039589)	(150, 0.0018536662871064269)	(155, 0.0013240473479331622)	(160, 0.0015888568175197945)	(165, 0.0010592378783465296)	(170, 0.0018536662871064269)	(175, 0.0010592378783465296)	(180, 0.0010592378783465296)	(185, 0.0002648094695866324)	(190, 0.0010592378783465296)	(195, 0.0013240473479331622)	(200, 0.0013240473479331622)	(205, 0.0010592378783465296)	(210, 0.0007944284087598973)	(215, 0.0007944284087598973)	(220, 0.0013240473479331622)	(225, 0.0010592378783465296)	(230, 0.0010592378783465296)	(235, 0.0013240473479331622)	(240, 0.0015888568175197945)	(245, 0.0010592378783465296)	(250, 0.0)	(255, 0.0015888568175197945)	(260, 0.0007944284087598973)	(265, 0.0)	(270, 0.0)	(275, 0.0)	(280, 0.0005296189391732648)	(285, 0.0)	(290, 0.0)	(295, 0.0)	(300, 0.0)
3861R_L_M_NS1_week9_S78_L001_R1_001	(1, 0.0)	(2, 0.0)	(3, 0.0)	(4, 0.0)	(5, 0.0)	(6, 0.0)	(7, 0.0)	(8, 0.0)	(9, 0.0)	(10, 0.0)	(15, 5.395776288043307)	(20, 0.0)	(25, 0.0)	(30, 0.0)	(35, 0.0010491087820896148)	(40, 0.0)	(45, 0.0)	(50, 0.0)	(55, 0.0)	(60, 0.0)	(65, 0.0)	(70, 0.0)	(75, 0.000209821756417923)	(80, 0.0)	(85, 0.0006294652692537689)	(90, 0.0)	(95, 0.0)	(100, 0.0)	(105, 0.0)	(110, 0.0)	(115, 0.0)	(120, 0.0012589305385075377)	(125, 0.008392870256716919)	(130, 0.0)	(135, 0.0)	(140, 0.0)	(145, 0.0)	(150, 0.0)	(155, 0.000839287025671692)	(160, 0.0006294652692537689)	(165, 0.000209821756417923)	(170, 0.000209821756417923)	(175, 0.0)	(180, 0.0)	(185, 0.0)	(190, 0.0)	(195, 0.0)	(200, 0.0)	(205, 0.0)	(210, 0.0)	(215, 0.000209821756417923)	(220, 0.000419643512835846)	(225, 0.0)	(230, 0.0)	(235, 0.000419643512835846)	(240, 0.0)	(245, 0.0)	(250, 0.0)	(255, 0.0)	(260, 0.0)	(265, 0.0)	(270, 0.0)	(275, 0.0)	(280, 0.0)	(285, 0.0)	(290, 0.0)	(295, 0.0)	(300, 0.0)
3861R_L_M_NS1_week9_S78_L001_R2_001	(1, 0.0)	(2, 0.0)	(3, 0.0)	(4, 0.0)	(5, 0.0)	(6, 0.0)	(7, 0.003147326346268845)	(8, 0.005245543910448074)	(9, 0.005245543910448074)	(10, 0.0020982175641792297)	(15, 3.38316600048259)	(20, 6.110429190402753)	(25, 0.0010491087820896148)	(30, 6.087558618953199)	(35, 1.3346761925744082)	(40, 0.0025178610770150755)	(45, 3.3766615260336343)	(50, 0.001678574051343384)	(55, 0.0006294652692537689)	(60, 0.0014687522949254608)	(65, 0.0029375045898509216)	(70, 0.0012589305385075377)	(75, 0.008183048500298997)	(80, 0.0018883958077613068)	(85, 0.000419643512835846)	(90, 0.0)	(95, 0.000419643512835846)	(100, 0.0)	(105, 0.000209821756417923)	(110, 0.0018883958077613068)	(115, 0.003147326346268845)	(120, 0.001678574051343384)	(125, 0.0035669698591046907)	(130, 0.00629465269253769)	(135, 0.00629465269253769)	(140, 0.00629465269253769)	(145, 0.00629465269253769)	(150, 0.006504474448955613)	(155, 0.00629465269253769)	(160, 0.00629465269253769)	(165, 0.0039866133719405365)	(170, 0.0027276828334329983)	(175, 0.0023080393205971526)	(180, 0.0027276828334329983)	(185, 0.000839287025671692)	(190, 0.003357148102686768)	(195, 0.006084830936119766)	(200, 0.005245543910448074)	(205, 0.0035669698591046907)	(210, 0.0018883958077613068)	(215, 0.0018883958077613068)	(220, 0.003147326346268845)	(225, 0.0029375045898509216)	(230, 0.0018883958077613068)	(235, 0.003147326346268845)	(240, 0.004825900397612228)	(245, 0.003147326346268845)	(250, 0.000209821756417923)	(255, 0.0027276828334329983)	(260, 0.0018883958077613068)	(265, 0.000209821756417923)	(270, 0.0)	(275, 0.0010491087820896148)	(280, 0.0014687522949254608)	(285, 0.000209821756417923)	(290, 0.0012589305385075377)	(295, 0.0)	(300, 0.0015736631731344225)
3861R_NS1_week28_S39_L001_R1_001	(1, 0.0)	(2, 0.0)	(3, 0.0)	(4, 0.0)	(5, 0.0)	(6, 0.0)	(7, 0.0)	(8, 0.0)	(9, 0.0)	(10, 0.0)	(15, 5.150498564246485)	(20, 0.0)	(25, 0.0)	(30, 0.0)	(35, 0.0)	(40, 0.0)	(45, 0.0)	(50, 0.0)	(55, 0.0)	(60, 0.0)	(65, 0.0)	(70, 0.0)	(75, 0.0)	(80, 0.0)	(85, 0.0)	(90, 0.0)	(95, 0.0)	(100, 0.0)	(105, 0.0)	(110, 0.0)	(115, 0.0)	(120, 0.0009292903009971285)	(125, 0.007991896588575305)	(130, 0.0)	(135, 0.0)	(140, 0.0)	(145, 0.0)	(150, 0.0)	(155, 0.0)	(160, 0.0)	(165, 0.0)	(170, 0.0)	(175, 0.0)	(180, 0.0)	(185, 0.0)	(190, 0.0)	(195, 0.0)	(200, 0.0)	(205, 0.0)	(210, 0.0)	(215, 0.0)	(220, 0.0)	(225, 0.0)	(230, 0.0)	(235, 0.0)	(240, 0.0)	(245, 0.0)	(250, 0.0)	(255, 0.0)	(260, 0.0)	(265, 0.0)	(270, 0.0)	(275, 0.0)	(280, 0.0)	(285, 0.0)	(290, 0.0)	(295, 0.0)	(300, 0.0)
3861R_NS1_week28_S39_L001_R2_001	(1, 0.0)	(2, 0.0)	(3, 0.0)	(4, 0.0)	(5, 0.0)	(6, 0.0)	(7, 0.0)	(8, 0.001858580601994257)	(9, 0.003717161203988514)	(10, 0.00130100642139598)	(15, 3.2027060933565035)	(20, 5.7837169753459285)	(25, 0.0)	(30, 5.7615998661821965)	(35, 1.2500813129013373)	(40, 0.0)	(45, 3.1861647259987547)	(50, 0.000557574180598277)	(55, 0.0003717161203988514)	(60, 0.0)	(65, 0.000557574180598277)	(70, 0.0003717161203988514)	(75, 0.007434322407977028)	(80, 0.0001858580601994257)	(85, 0.0)	(90, 0.0)	(95, 0.0)	(100, 0.0)	(105, 0.0)	(110, 0.0001858580601994257)	(115, 0.0001858580601994257)	(120, 0.0)	(125, 0.0027878709029913857)	(130, 0.006876748227378751)	(135, 0.0053898837457833455)	(140, 0.006319174046780473)	(145, 0.0065050321069799)	(150, 0.005761599866182197)	(155, 0.006133315986581048)	(160, 0.006133315986581048)	(165, 0.0014868644815954055)	(170, 0.0014868644815954055)	(175, 0.0)	(180, 0.0016727225417948312)	(185, 0.0)	(190, 0.0007434322407977028)	(195, 0.004460593444786216)	(200, 0.00260201284279196)	(205, 0.001858580601994257)	(210, 0.0009292903009971285)	(215, 0.0009292903009971285)	(220, 0.001115148361196554)	(225, 0.000557574180598277)	(230, 0.0)	(235, 0.001115148361196554)	(240, 0.003717161203988514)	(245, 0.0014868644815954055)	(250, 0.0)	(255, 0.002416154782592534)	(260, 0.001115148361196554)	(265, 0.0)	(270, 0.0)	(275, 0.0)	(280, 0.0009292903009971285)	(285, 0.0)	(290, 0.0)	(295, 0.0)	(300, 0.0)
3861R_R_M_NS1_week5_S58_L001_R1_001	(1, 0.0)	(2, 0.0)	(3, 0.0)	(4, 0.0)	(5, 0.0)	(6, 0.0)	(7, 0.0)	(8, 0.0)	(9, 0.0)	(10, 0.0)	(15, 5.0558516533824225)	(20, 0.0)	(25, 0.0)	(30, 0.0)	(35, 0.0005782742369189549)	(40, 0.0)	(45, 0.0)	(50, 0.0)	(55, 0.0)	(60, 0.0)	(65, 0.0)	(70, 0.0)	(75, 0.0)	(80, 0.0)	(85, 0.0)	(90, 0.0)	(95, 0.0)	(100, 0.0)	(105, 0.0)	(110, 0.0)	(115, 0.0)	(120, 0.0007710323158919397)	(125, 0.009830662027622233)	(130, 0.0)	(135, 0.0)	(140, 0.0)	(145, 0.0)	(150, 0.0)	(155, 0.0)	(160, 0.00019275807897298493)	(165, 0.0)	(170, 0.0)	(175, 0.0)	(180, 0.0)	(185, 0.0)	(190, 0.0)	(195, 0.0)	(200, 0.0)	(205, 0.0)	(210, 0.0)	(215, 0.00019275807897298493)	(220, 0.00038551615794596986)	(225, 0.0)	(230, 0.0)	(235, 0.00019275807897298493)	(240, 0.0)	(245, 0.0)	(250, 0.0)	(255, 0.0)	(260, 0.0)	(265, 0.0)	(270, 0.0)	(275, 0.0)	(280, 0.0)	(285, 0.0)	(290, 0.0)	(295, 0.0)	(300, 0.0)
3861R_R_M_NS1_week5_S58_L001_R2_001	(1, 0.0)	(2, 0.0)	(3, 0.0)	(4, 0.0)	(5, 0.0)	(6, 0.0)	(7, 0.0009637903948649248)	(8, 0.0019275807897298496)	(9, 0.002891371184594774)	(10, 0.0009637903948649248)	(15, 3.149667010418574)	(20, 5.699470879073219)	(25, 0.0009637903948649248)	(30, 5.669593376832407)	(35, 1.2317241246373738)	(40, 0.0013493065528108947)	(45, 3.1398363483909524)	(50, 0.0009637903948649248)	(55, 0.00038551615794596986)	(60, 0.0)	(65, 0.0015420646317838794)	(70, 0.0005782742369189549)	(75, 0.009830662027622233)	(80, 0.0007710323158919397)	(85, 0.0)	(90, 0.0)	(95, 0.0)	(100, 0.0)	(105, 0.0)	(110, 0.0007710323158919397)	(115, 0.0017348227107568646)	(120, 0.0005782742369189549)	(125, 0.003276887342540744)	(130, 0.008866871632757307)	(135, 0.006361016606108503)	(140, 0.006168258527135518)	(145, 0.008288597395838352)	(150, 0.0069392908430274585)	(155, 0.005975500448162534)	(160, 0.005782742369189548)	(165, 0.0023130969476758195)	(170, 0.003084129263567759)	(175, 0.0009637903948649248)	(180, 0.0021203388687028343)	(185, 0.00019275807897298493)	(190, 0.0011565484738379097)	(195, 0.004433435816378653)	(200, 0.003084129263567759)	(205, 0.0023130969476758195)	(210, 0.0015420646317838794)	(215, 0.0011565484738379097)	(220, 0.0021203388687028343)	(225, 0.0021203388687028343)	(230, 0.0017348227107568646)	(235, 0.0023130969476758195)	(240, 0.004626193895351639)	(245, 0.0023130969476758195)	(250, 0.00019275807897298493)	(255, 0.0019275807897298496)	(260, 0.0017348227107568646)	(265, 0.0)	(270, 0.0)	(275, 0.0005782742369189549)	(280, 0.0017348227107568646)	(285, 0.0007710323158919397)	(290, 0.0009637903948649248)	(295, 0.0)	(300, 0.001445685592297387)
3924R_L_F_S5_week5_S21_L001_R1_001	(1, 0.0)	(2, 0.0)	(3, 0.0)	(4, 0.0)	(5, 0.0)	(6, 0.0)	(7, 0.0)	(8, 0.0)	(9, 0.0)	(10, 0.0)	(15, 5.268225466132713)	(20, 0.0)	(25, 0.0)	(30, 0.0)	(35, 0.0)	(40, 0.0)	(45, 0.0)	(50, 0.0)	(55, 0.0)	(60, 0.0)	(65, 0.0)	(70, 0.0)	(75, 0.0)	(80, 0.0)	(85, 0.0)	(90, 0.0)	(95, 0.0)	(100, 0.0)	(105, 0.0)	(110, 0.0)	(115, 0.0)	(120, 0.00034448606984455063)	(125, 0.004822804977823709)	(130, 0.0)	(135, 0.0)	(140, 0.0)	(145, 0.0)	(150, 0.0)	(155, 0.0)	(160, 0.0)	(165, 0.0)	(170, 0.0)	(175, 0.0)	(180, 0.0)	(185, 0.0)	(190, 0.0)	(195, 0.0)	(200, 0.0)	(205, 0.0)	(210, 0.0)	(215, 0.0)	(220, 0.0)	(225, 0.0)	(230, 0.0)	(235, 0.0)	(240, 0.0)	(245, 0.0)	(250, 0.0)	(255, 0.0)	(260, 0.0)	(265, 0.0)	(270, 0.0)	(275, 0.0)	(280, 0.0)	(285, 0.0)	(290, 0.0)	(295, 0.0)	(300, 0.0)
3924R_L_F_S5_week5_S21_L001_R2_001	(1, 0.0)	(2, 0.0)	(3, 0.0)	(4, 0.0)	(5, 0.0)	(6, 0.0)	(7, 0.0)	(8, 0.0)	(9, 0.0008612151746113767)	(10, 0.00034448606984455063)	(15, 3.2590104637643718)	(20, 5.942212461783577)	(25, 0.0)	(30, 5.901218619472075)	(35, 1.298712483313956)	(40, 0.0)	(45, 3.2746845799422983)	(50, 0.00017224303492227531)	(55, 0.0)	(60, 0.0)	(65, 0.0)	(70, 0.0)	(75, 0.003617103733367782)	(80, 0.0)	(85, 0.0)	(90, 0.0)	(95, 0.0)	(100, 0.0)	(105, 0.0)	(110, 0.0)	(115, 0.0)	(120, 0.0)	(125, 0.0006889721396891013)	(130, 0.0017224303492227534)	(135, 0.0017224303492227534)	(140, 0.0017224303492227534)	(145, 0.0018946733841450284)	(150, 0.0018946733841450284)	(155, 0.0017224303492227534)	(160, 0.0017224303492227534)	(165, 0.00034448606984455063)	(170, 0.00034448606984455063)	(175, 0.0)	(180, 0.00034448606984455063)	(185, 0.0)	(190, 0.0)	(195, 0.000516729104766826)	(200, 0.0006889721396891013)	(205, 0.0006889721396891013)	(210, 0.00034448606984455063)	(215, 0.0)	(220, 0.0)	(225, 0.0)	(230, 0.0)	(235, 0.0)	(240, 0.001033458209533652)	(245, 0.00034448606984455063)	(250, 0.0)	(255, 0.0)	(260, 0.00034448606984455063)	(265, 0.0)	(270, 0.0)	(275, 0.0)	(280, 0.00034448606984455063)	(285, 0.0)	(290, 0.0)	(295, 0.0)	(300, 0.0)
3929R_0_F_S5_week5_S22_L001_R1_001	(1, 0.0)	(2, 0.0)	(3, 0.0)	(4, 0.0)	(5, 0.0)	(6, 0.0)	(7, 0.0)	(8, 0.0)	(9, 0.0)	(10, 0.0)	(15, 5.419189647417044)	(20, 0.0)	(25, 0.0)	(30, 0.0)	(35, 0.0005536140617971696)	(40, 0.0)	(45, 0.0)	(50, 0.0)	(55, 0.0)	(60, 0.0)	(65, 0.0)	(70, 0.0)	(75, 0.0)	(80, 0.0)	(85, 0.0001384035154492924)	(90, 0.0)	(95, 0.0)	(100, 0.0)	(105, 0.0)	(110, 0.0)	(115, 0.0)	(120, 0.0017992457008408015)	(125, 0.009965053112349053)	(130, 0.0)	(135, 0.0)	(140, 0.0)	(145, 0.0)	(150, 0.0)	(155, 0.0002768070308985848)	(160, 0.0002768070308985848)	(165, 0.0002768070308985848)	(170, 0.0)	(175, 0.0)	(180, 0.0)	(185, 0.0)	(190, 0.0)	(195, 0.0)	(200, 0.0)	(205, 0.0)	(210, 0.0)	(215, 0.0001384035154492924)	(220, 0.0004152105463478772)	(225, 0.0)	(230, 0.0)	(235, 0.0002768070308985848)	(240, 0.0)	(245, 0.0)	(250, 0.0)	(255, 0.0)	(260, 0.0)	(265, 0.0)	(270, 0.0)	(275, 0.0)	(280, 0.0)	(285, 0.0)	(290, 0.0)	(295, 0.0)	(300, 0.0)
3929R_0_F_S5_week5_S22_L001_R2_001	(1, 0.0)	(2, 0.0)	(3, 0.0)	(4, 0.0)	(5, 0.0)	(6, 0.0006920175772464621)	(7, 0.002076052731739386)	(8, 0.00346008788623231)	(9, 0.00692017577246462)	(10, 0.002906473824435141)	(15, 3.4526140963980483)	(20, 6.221238019445694)	(25, 0.0012456316390436317)	(30, 6.264004705719525)	(35, 1.3977371025224041)	(40, 0.0019376492162900937)	(45, 3.500778519774402)	(50, 0.0015224386699422166)	(55, 0.0006920175772464621)	(60, 0.0017992457008408015)	(65, 0.002352859762637971)	(70, 0.0013840351544929241)	(75, 0.009688246081450469)	(80, 0.002076052731739386)	(85, 0.0008304210926957544)	(90, 0.0004152105463478772)	(95, 0.0011072281235943392)	(100, 0.0001384035154492924)	(105, 0.0008304210926957544)	(110, 0.0019376492162900937)	(115, 0.002352859762637971)	(120, 0.0015224386699422166)	(125, 0.0048441230407252345)	(130, 0.009826649596899762)	(135, 0.008996228504204007)	(140, 0.008996228504204007)	(145, 0.009549842566001178)	(150, 0.008996228504204007)	(155, 0.008719421473305422)	(160, 0.008996228504204007)	(165, 0.00346008788623231)	(170, 0.003598491401681603)	(175, 0.002076052731739386)	(180, 0.003044877339884433)	(185, 0.0005536140617971696)	(190, 0.0022144562471886784)	(195, 0.005259333587073112)	(200, 0.004013701948029479)	(205, 0.0037368949171308953)	(210, 0.0027680703089858483)	(215, 0.0019376492162900937)	(220, 0.0027680703089858483)	(225, 0.0027680703089858483)	(230, 0.0015224386699422166)	(235, 0.002906473824435141)	(240, 0.005397737102522404)	(245, 0.002906473824435141)	(250, 0.0002768070308985848)	(255, 0.002629666793536556)	(260, 0.002629666793536556)	(265, 0.0001384035154492924)	(270, 0.0)	(275, 0.0005536140617971696)	(280, 0.0017992457008408015)	(285, 0.0002768070308985848)	(290, 0.0011072281235943392)	(295, 0.0001384035154492924)	(300, 0.0006920175772464621)
3971R_0_F_NS1_week5_S59_L001_R1_001	(1, 0.0)	(2, 0.0)	(3, 0.0)	(4, 0.0)	(5, 0.0)	(6, 0.0)	(7, 0.0)	(8, 0.0)	(9, 0.0)	(10, 0.0)	(15, 5.24428014786692)	(20, 0.0)	(25, 0.0)	(30, 0.0)	(35, 0.0)	(40, 0.0)	(45, 0.0)	(50, 0.0)	(55, 0.0)	(60, 0.0)	(65, 0.0)	(70, 0.0)	(75, 0.0)	(80, 0.0)	(85, 0.0)	(90, 0.0)	(95, 0.0)	(100, 0.0)	(105, 0.0)	(110, 0.0)	(115, 0.0)	(120, 0.0007992806474173244)	(125, 0.00879208712159057)	(130, 0.0)	(135, 0.0)	(140, 0.0)	(145, 0.0)	(150, 0.0)	(155, 0.0)	(160, 0.0)	(165, 0.0)	(170, 0.0)	(175, 0.0)	(180, 0.0)	(185, 0.0)	(190, 0.0)	(195, 0.0)	(200, 0.0)	(205, 0.0)	(210, 0.0)	(215, 0.0)	(220, 0.0)	(225, 0.0)	(230, 0.0)	(235, 0.0)	(240, 0.0)	(245, 0.0)	(250, 0.0)	(255, 0.0)	(260, 0.0)	(265, 0.0)	(270, 0.0)	(275, 0.0)	(280, 0.0)	(285, 0.0)	(290, 0.0)	(295, 0.0)	(300, 0.0)
3971R_0_F_NS1_week5_S59_L001_R2_001	(1, 0.0)	(2, 0.0)	(3, 0.0)	(4, 0.0)	(5, 0.0)	(6, 0.0)	(7, 0.0)	(8, 0.0009991008092716555)	(9, 0.001998201618543311)	(10, 0.0005994604855629933)	(15, 3.2562693575781796)	(20, 5.858327505245279)	(25, 0.0)	(30, 5.874712758517334)	(35, 1.2470776301328803)	(40, 0.0)	(45, 3.2364871615546007)	(50, 0.0003996403237086622)	(55, 0.0)	(60, 0.0)	(65, 0.0)	(70, 0.0)	(75, 0.006394245179338595)	(80, 0.0)	(85, 0.0)	(90, 0.0)	(95, 0.0)	(100, 0.0)	(105, 0.0)	(110, 0.0)	(115, 0.0)	(120, 0.0)	(125, 0.001998201618543311)	(130, 0.00539514437006694)	(135, 0.003796583075232291)	(140, 0.00359676291337796)	(145, 0.005195324208212609)	(150, 0.003996403237086622)	(155, 0.0031971225896692975)	(160, 0.003996403237086622)	(165, 0.0005994604855629933)	(170, 0.0011989209711259865)	(175, 0.0)	(180, 0.0005994604855629933)	(185, 0.0)	(190, 0.0001998201618543311)	(195, 0.0011989209711259865)	(200, 0.0007992806474173244)	(205, 0.0011989209711259865)	(210, 0.0005994604855629933)	(215, 0.0001998201618543311)	(220, 0.0)	(225, 0.0)	(230, 0.0)	(235, 0.0)	(240, 0.0013987411329803177)	(245, 0.0003996403237086622)	(250, 0.0)	(255, 0.0007992806474173244)	(260, 0.0007992806474173244)	(265, 0.0)	(270, 0.0)	(275, 0.0)	(280, 0.0005994604855629933)	(285, 0.0)	(290, 0.0)	(295, 0.0)	(300, 0.0)
3971R_0_F_NS1_week9_S79_L001_R1_001	(1, 0.0)	(2, 0.0)	(3, 0.0)	(4, 0.0)	(5, 0.0)	(6, 0.0)	(7, 0.0)	(8, 0.0)	(9, 0.0)	(10, 0.0)	(15, 5.268004058213192)	(20, 0.0)	(25, 0.0)	(30, 0.0)	(35, 0.0)	(40, 0.0)	(45, 0.0)	(50, 0.0)	(55, 0.0)	(60, 0.0)	(65, 0.0)	(70, 0.0)	(75, 0.0)	(80, 0.0)	(85, 0.0)	(90, 0.0)	(95, 0.0)	(100, 0.0)	(105, 0.0)	(110, 0.0)	(115, 0.0)	(120, 0.00034102631870614613)	(125, 0.00392180266512068)	(130, 0.0)	(135, 0.0)	(140, 0.0)	(145, 0.0)	(150, 0.0)	(155, 0.0)	(160, 0.0)	(165, 0.0)	(170, 0.0)	(175, 0.0)	(180, 0.0)	(185, 0.0)	(190, 0.0)	(195, 0.0)	(200, 0.0)	(205, 0.0)	(210, 0.0)	(215, 0.0)	(220, 0.0)	(225, 0.0)	(230, 0.0)	(235, 0.0)	(240, 0.0)	(245, 0.0)	(250, 0.0)	(255, 0.0)	(260, 0.0)	(265, 0.0)	(270, 0.0)	(275, 0.0)	(280, 0.0)	(285, 0.0)	(290, 0.0)	(295, 0.0)	(300, 0.0)
3971R_0_F_NS1_week9_S79_L001_R2_001	(1, 0.0)	(2, 0.0)	(3, 0.0)	(4, 0.0)	(5, 0.0)	(6, 0.0)	(7, 0.0)	(8, 0.0008525657967653654)	(9, 0.0017051315935307308)	(10, 0.00034102631870614613)	(15, 3.2450359356483336)	(20, 5.8804873266094315)	(25, 0.0)	(30, 5.867187300179891)	(35, 1.3011859190233006)	(40, 0.0)	(45, 3.255266725209518)	(50, 0.0005115394780592193)	(55, 0.00017051315935307307)	(60, 0.0)	(65, 0.00034102631870614613)	(70, 0.0)	(75, 0.004092315824473754)	(80, 0.00034102631870614613)	(85, 0.0)	(90, 0.0)	(95, 0.0)	(100, 0.0)	(105, 0.0)	(110, 0.0)	(115, 0.00034102631870614613)	(120, 0.0)	(125, 0.0013641052748245845)	(130, 0.0034102631870614616)	(135, 0.002898723709002242)	(140, 0.002387184230943023)	(145, 0.0034102631870614616)	(150, 0.002898723709002242)	(155, 0.002557697390296096)	(160, 0.002728210549649169)	(165, 0.0005115394780592193)	(170, 0.0010230789561184385)	(175, 0.00034102631870614613)	(180, 0.0006820526374122923)	(185, 0.00017051315935307307)	(190, 0.0005115394780592193)	(195, 0.0015346184341776575)	(200, 0.0011935921154715115)	(205, 0.0006820526374122923)	(210, 0.0005115394780592193)	(215, 0.0005115394780592193)	(220, 0.0005115394780592193)	(225, 0.00017051315935307307)	(230, 0.0)	(235, 0.0005115394780592193)	(240, 0.0013641052748245845)	(245, 0.0005115394780592193)	(250, 0.0)	(255, 0.0006820526374122923)	(260, 0.0005115394780592193)	(265, 0.0)	(270, 0.0)	(275, 0.0)	(280, 0.0005115394780592193)	(285, 0.0)	(290, 0.0)	(295, 0.0)	(300, 0.0)
3971R_NS1_week30_S40_L001_R1_001	(1, 0.0)	(2, 0.0)	(3, 0.0)	(4, 0.0)	(5, 0.0)	(6, 0.0)	(7, 0.0)	(8, 0.0)	(9, 0.0)	(10, 0.0)	(15, 5.142876157359266)	(20, 0.0)	(25, 0.0)	(30, 0.0)	(35, 0.00016637689357702003)	(40, 0.0)	(45, 0.0)	(50, 0.0)	(55, 0.0)	(60, 0.0)	(65, 0.0)	(70, 0.0)	(75, 0.0)	(80, 0.0)	(85, 0.00016637689357702003)	(90, 0.0)	(95, 0.0)	(100, 0.0)	(105, 0.0)	(110, 0.0)	(115, 0.0)	(120, 0.00099826136146212)	(125, 0.008651598466005042)	(130, 0.0)	(135, 0.0)	(140, 0.0)	(145, 0.0)	(150, 0.0)	(155, 0.0)	(160, 0.0)	(165, 0.0)	(170, 0.0)	(175, 0.0)	(180, 0.0)	(185, 0.0)	(190, 0.0)	(195, 0.0)	(200, 0.0)	(205, 0.0)	(210, 0.0)	(215, 0.0)	(220, 0.00049913068073106)	(225, 0.0)	(230, 0.0)	(235, 0.0)	(240, 0.0)	(245, 0.0)	(250, 0.0)	(255, 0.0)	(260, 0.0)	(265, 0.0)	(270, 0.0)	(275, 0.0)	(280, 0.0)	(285, 0.0)	(290, 0.0)	(295, 0.0)	(300, 0.0)
3971R_NS1_week30_S40_L001_R2_001	(1, 0.0)	(2, 0.0)	(3, 0.0)	(4, 0.0)	(5, 0.0)	(6, 0.0)	(7, 0.0008318844678851001)	(8, 0.0024956534036553)	(9, 0.004159422339425501)	(10, 0.0016637689357702002)	(15, 3.1768004059596207)	(20, 5.793077057458261)	(25, 0.00016637689357702003)	(30, 5.7799332828656755)	(35, 1.254315400677154)	(40, 0.0013310151486161602)	(45, 3.1982630252310558)	(50, 0.0014973920421931803)	(55, 0.0008318844678851001)	(60, 0.00033275378715404006)	(65, 0.0024956534036553)	(70, 0.0008318844678851001)	(75, 0.008651598466005042)	(80, 0.0013310151486161602)	(85, 0.0)	(90, 0.0)	(95, 0.0)	(100, 0.0)	(105, 0.0)	(110, 0.0008318844678851001)	(115, 0.0018301458293472203)	(120, 0.00033275378715404006)	(125, 0.0038266685522714604)	(130, 0.008318844678851002)	(135, 0.00615594506234974)	(140, 0.005989568168772721)	(145, 0.007486960210965901)	(150, 0.006655075743080801)	(155, 0.00615594506234974)	(160, 0.006488698849503781)	(165, 0.0026620302972323205)	(170, 0.0029947840843863606)	(175, 0.00099826136146212)	(180, 0.00199652272292424)	(185, 0.00033275378715404006)	(190, 0.0018301458293472203)	(195, 0.00399304544584848)	(200, 0.00399304544584848)	(205, 0.00199652272292424)	(210, 0.0013310151486161602)	(215, 0.0011646382550391402)	(220, 0.0029947840843863606)	(225, 0.0023292765100782803)	(230, 0.00049913068073106)	(235, 0.0029947840843863606)	(240, 0.004492176126579541)	(245, 0.00199652272292424)	(250, 0.0)	(255, 0.0024956534036553)	(260, 0.0013310151486161602)	(265, 0.0)	(270, 0.0)	(275, 0.00016637689357702003)	(280, 0.00099826136146212)	(285, 0.0)	(290, 0.00049913068073106)	(295, 0.0)	(300, 0.0)
3971R_RL_F_NS1_diabetes_S29_L001_R1_001	(1, 0.0)	(2, 0.0)	(3, 0.0)	(4, 0.0)	(5, 0.0)	(6, 0.0)	(7, 0.0)	(8, 0.0)	(9, 0.0)	(10, 0.0)	(15, 5.187484057478105)	(20, 0.0)	(25, 0.0)	(30, 0.0)	(35, 0.00021256695859195646)	(40, 0.0)	(45, 0.0)	(50, 0.0)	(55, 0.0)	(60, 0.0)	(65, 0.0)	(70, 0.0)	(75, 0.0)	(80, 0.0)	(85, 0.0)	(90, 0.0)	(95, 0.0)	(100, 0.0)	(105, 0.0)	(110, 0.0)	(115, 0.0)	(120, 0.0012754017515517388)	(125, 0.005951874840574781)	(130, 0.0)	(135, 0.0)	(140, 0.0)	(145, 0.0)	(150, 0.0)	(155, 0.0)	(160, 0.0)	(165, 0.00021256695859195646)	(170, 0.0)	(175, 0.0)	(180, 0.0)	(185, 0.0)	(190, 0.0)	(195, 0.0)	(200, 0.0)	(205, 0.0)	(210, 0.0)	(215, 0.0)	(220, 0.00021256695859195646)	(225, 0.0)	(230, 0.0)	(235, 0.0)	(240, 0.0)	(245, 0.0)	(250, 0.0)	(255, 0.0)	(260, 0.0)	(265, 0.0)	(270, 0.0)	(275, 0.0)	(280, 0.0)	(285, 0.0)	(290, 0.0)	(295, 0.0)	(300, 0.0)
3971R_RL_F_NS1_diabetes_S29_L001_R2_001	(1, 0.0)	(2, 0.0)	(3, 0.0)	(4, 0.0)	(5, 0.0)	(6, 0.0)	(7, 0.0010628347929597824)	(8, 0.0042513391718391295)	(9, 0.005314173964798912)	(10, 0.0019131026273276083)	(15, 3.222727659212652)	(20, 5.755037836918629)	(25, 0.0)	(30, 5.813068616614234)	(35, 1.2807159255165377)	(40, 0.0008502678343678258)	(45, 3.237394779355497)	(50, 0.0014879687101436953)	(55, 0.0004251339171839129)	(60, 0.0008502678343678258)	(65, 0.0010628347929597824)	(70, 0.0006377008757758694)	(75, 0.006377008757758694)	(80, 0.0010628347929597824)	(85, 0.00021256695859195646)	(90, 0.0)	(95, 0.0004251339171839129)	(100, 0.0)	(105, 0.00021256695859195646)	(110, 0.0010628347929597824)	(115, 0.0010628347929597824)	(120, 0.0010628347929597824)	(125, 0.003188504378879347)	(130, 0.006377008757758694)	(135, 0.006377008757758694)	(140, 0.006377008757758694)	(145, 0.006377008757758694)	(150, 0.006377008757758694)	(155, 0.006377008757758694)	(160, 0.006377008757758694)	(165, 0.0019131026273276083)	(170, 0.0021256695859195648)	(175, 0.0010628347929597824)	(180, 0.0017005356687356517)	(185, 0.0004251339171839129)	(190, 0.0014879687101436953)	(195, 0.005314173964798912)	(200, 0.003188504378879347)	(205, 0.0029759374202873905)	(210, 0.0019131026273276083)	(215, 0.0014879687101436953)	(220, 0.0010628347929597824)	(225, 0.0010628347929597824)	(230, 0.0010628347929597824)	(235, 0.0012754017515517388)	(240, 0.002763370461695434)	(245, 0.0010628347929597824)	(250, 0.0)	(255, 0.0012754017515517388)	(260, 0.0017005356687356517)	(265, 0.00021256695859195646)	(270, 0.0)	(275, 0.0006377008757758694)	(280, 0.0012754017515517388)	(285, 0.00021256695859195646)	(290, 0.0006377008757758694)	(295, 0.0)	(300, 0.0005314173964798912)
3971R_RL_F_NS1_week9_S81_L001_R1_001	(1, 0.0)	(2, 0.0)	(3, 0.0)	(4, 0.0)	(5, 0.0)	(6, 0.0)	(7, 0.0)	(8, 0.0)	(9, 0.0)	(10, 0.0)	(15, 5.088944069038508)	(20, 0.0)	(25, 0.0)	(30, 0.0)	(35, 0.0)	(40, 0.0)	(45, 0.0)	(50, 0.0)	(55, 0.0)	(60, 0.0)	(65, 0.0)	(70, 0.0)	(75, 0.0)	(80, 0.0)	(85, 0.0)	(90, 0.0)	(95, 0.0)	(100, 0.0)	(105, 0.0)	(110, 0.0)	(115, 0.0)	(120, 0.0018318000488480013)	(125, 0.009566066921761785)	(130, 0.0)	(135, 0.0)	(140, 0.0)	(145, 0.0)	(150, 0.0)	(155, 0.0)	(160, 0.0)	(165, 0.0)	(170, 0.0)	(175, 0.0)	(180, 0.0)	(185, 0.0)	(190, 0.0)	(195, 0.0)	(200, 0.0)	(205, 0.0)	(210, 0.0)	(215, 0.0)	(220, 0.0)	(225, 0.0)	(230, 0.0)	(235, 0.0)	(240, 0.0)	(245, 0.0)	(250, 0.0)	(255, 0.0)	(260, 0.0)	(265, 0.0)	(270, 0.0)	(275, 0.0)	(280, 0.0)	(285, 0.0)	(290, 0.0)	(295, 0.0)	(300, 0.0)
3971R_RL_F_NS1_week9_S81_L001_R2_001	(1, 0.0)	(2, 0.0)	(3, 0.0)	(4, 0.0)	(5, 0.0)	(6, 0.0)	(7, 0.0)	(8, 0.0030530000814133354)	(9, 0.005088333469022226)	(10, 0.0016282667100871123)	(15, 3.1629080843442154)	(20, 5.698729951966132)	(25, 0.0)	(30, 5.738826019702027)	(35, 1.2643491003826426)	(40, 0.0)	(45, 3.192420418464544)	(50, 0.0008141333550435562)	(55, 0.0)	(60, 0.0)	(65, 0.0004070666775217781)	(70, 0.0)	(75, 0.010380200276805342)	(80, 0.00020353333876088904)	(85, 0.0)	(90, 0.0)	(95, 0.0)	(100, 0.0)	(105, 0.0)	(110, 0.0)	(115, 0.0006106000162826672)	(120, 0.0)	(125, 0.0046812667915004475)	(130, 0.011601400309370674)	(135, 0.00814133355043556)	(140, 0.009973133599283562)	(145, 0.011397866970609785)	(150, 0.009769600260522674)	(155, 0.00854840022795734)	(160, 0.008955466905479118)	(165, 0.001424733371326223)	(170, 0.0026459334038915574)	(175, 0.00020353333876088904)	(180, 0.0016282667100871123)	(185, 0.0)	(190, 0.0006106000162826672)	(195, 0.00407066677521778)	(200, 0.0024424000651306686)	(205, 0.0026459334038915574)	(210, 0.0012212000325653343)	(215, 0.0004070666775217781)	(220, 0.0006106000162826672)	(225, 0.0004070666775217781)	(230, 0.0)	(235, 0.001017666693804445)	(240, 0.0030530000814133354)	(245, 0.001017666693804445)	(250, 0.0)	(255, 0.0012212000325653343)	(260, 0.0018318000488480013)	(265, 0.0)	(270, 0.0)	(275, 0.0)	(280, 0.001017666693804445)	(285, 0.0)	(290, 0.0)	(295, 0.0)	(300, 0.0)
3971R_R_F_NS1_diabetes_S28_L001_R1_001	(1, 0.0)	(2, 0.0)	(3, 0.0)	(4, 0.0)	(5, 0.0)	(6, 0.0)	(7, 0.0)	(8, 0.0)	(9, 0.0)	(10, 0.0)	(15, 5.195798861702752)	(20, 0.0)	(25, 0.0)	(30, 0.0)	(35, 0.0)	(40, 0.0)	(45, 0.0)	(50, 0.0)	(55, 0.0)	(60, 0.0)	(65, 0.0)	(70, 0.0)	(75, 0.0)	(80, 0.0)	(85, 0.0)	(90, 0.0)	(95, 0.0)	(100, 0.0)	(105, 0.0)	(110, 0.0)	(115, 0.0)	(120, 0.00046940092706683093)	(125, 0.01032682039547028)	(130, 0.0)	(135, 0.0)	(140, 0.0)	(145, 0.0)	(150, 0.0)	(155, 0.0)	(160, 0.0)	(165, 0.0)	(170, 0.0)	(175, 0.0)	(180, 0.0)	(185, 0.0)	(190, 0.0)	(195, 0.0)	(200, 0.0)	(205, 0.0)	(210, 0.0)	(215, 0.0)	(220, 0.0)	(225, 0.0)	(230, 0.0)	(235, 0.0)	(240, 0.0)	(245, 0.0)	(250, 0.0)	(255, 0.0)	(260, 0.0)	(265, 0.0)	(270, 0.0)	(275, 0.0)	(280, 0.0)	(285, 0.0)	(290, 0.0)	(295, 0.0)	(300, 0.0)
3971R_R_F_NS1_diabetes_S28_L001_R2_001	(1, 0.0)	(2, 0.0)	(3, 0.0)	(4, 0.0)	(5, 0.0)	(6, 0.0)	(7, 0.0)	(8, 0.0)	(9, 0.0011735023176670774)	(10, 0.00046940092706683093)	(15, 3.2393357976882005)	(20, 5.8869917268086605)	(25, 0.0)	(30, 5.875726104559057)	(35, 1.2739541160593792)	(40, 0.0)	(45, 3.2559995305990728)	(50, 0.00023470046353341547)	(55, 0.0)	(60, 0.0)	(65, 0.0)	(70, 0.0)	(75, 0.010561520859003696)	(80, 0.0)	(85, 0.0)	(90, 0.0)	(95, 0.0)	(100, 0.0)	(105, 0.0)	(110, 0.0)	(115, 0.0)	(120, 0.0)	(125, 0.0030511060259344014)	(130, 0.00727571436953588)	(135, 0.00469400927066831)	(140, 0.00469400927066831)	(145, 0.007510414833069295)	(150, 0.005867511588335387)	(155, 0.004459308807134894)	(160, 0.00469400927066831)	(165, 0.00046940092706683093)	(170, 0.0014082027812004929)	(175, 0.0)	(180, 0.00046940092706683093)	(185, 0.0)	(190, 0.0)	(195, 0.0009388018541336619)	(200, 0.0007041013906002464)	(205, 0.0009388018541336619)	(210, 0.00046940092706683093)	(215, 0.00046940092706683093)	(220, 0.0)	(225, 0.0)	(230, 0.0)	(235, 0.00023470046353341547)	(240, 0.0018776037082673237)	(245, 0.00046940092706683093)	(250, 0.0)	(255, 0.00023470046353341547)	(260, 0.0009388018541336619)	(265, 0.0)	(270, 0.0)	(275, 0.0)	(280, 0.00046940092706683093)	(285, 0.0)	(290, 0.0)	(295, 0.0)	(300, 0.0)
3971R_R_F_NS1_week9_S80_L001_R1_001	(1, 0.0)	(2, 0.0)	(3, 0.0)	(4, 0.0)	(5, 0.0)	(6, 0.0)	(7, 0.0)	(8, 0.0)	(9, 0.0)	(10, 0.0)	(15, 5.1667819332872265)	(20, 0.0)	(25, 0.0)	(30, 0.0)	(35, 0.0)	(40, 0.0)	(45, 0.0)	(50, 0.0)	(55, 0.0)	(60, 0.0)	(65, 0.0)	(70, 0.0)	(75, 0.0)	(80, 0.0)	(85, 0.0)	(90, 0.0)	(95, 0.0)	(100, 0.0)	(105, 0.0)	(110, 0.0)	(115, 0.0)	(120, 0.0010639995744001702)	(125, 0.006383997446401021)	(130, 0.0)	(135, 0.0)	(140, 0.0)	(145, 0.0)	(150, 0.0)	(155, 0.0)	(160, 0.0)	(165, 0.0)	(170, 0.0)	(175, 0.0)	(180, 0.0)	(185, 0.0)	(190, 0.0)	(195, 0.0)	(200, 0.0)	(205, 0.0)	(210, 0.0)	(215, 0.0)	(220, 0.0)	(225, 0.0)	(230, 0.0)	(235, 0.0)	(240, 0.0)	(245, 0.0)	(250, 0.0)	(255, 0.0)	(260, 0.0)	(265, 0.0)	(270, 0.0)	(275, 0.0)	(280, 0.0)	(285, 0.0)	(290, 0.0)	(295, 0.0)	(300, 0.0)
3971R_R_F_NS1_week9_S80_L001_R2_001	(1, 0.0)	(2, 0.0)	(3, 0.0)	(4, 0.0)	(5, 0.0)	(6, 0.0)	(7, 0.0)	(8, 0.0)	(9, 0.0031919987232005105)	(10, 0.0012767994892802044)	(15, 3.182422727030909)	(20, 5.712188115124754)	(25, 0.0)	(30, 5.698356120657552)	(35, 1.2580730967707614)	(40, 0.0)	(45, 3.1732723306910673)	(50, 0.0004255998297600681)	(55, 0.0)	(60, 0.0)	(65, 0.0)	(70, 0.0004255998297600681)	(75, 0.007873596850561259)	(80, 0.0)	(85, 0.0)	(90, 0.0)	(95, 0.0)	(100, 0.0)	(105, 0.0)	(110, 0.0)	(115, 0.0)	(120, 0.0)	(125, 0.0025535989785604087)	(130, 0.006383997446401021)	(135, 0.005532797786880885)	(140, 0.005745597701760919)	(145, 0.006596797361281056)	(150, 0.0061711975315209885)	(155, 0.005958397616640953)	(160, 0.006383997446401021)	(165, 0.0014895994041602384)	(170, 0.0012767994892802044)	(175, 0.0)	(180, 0.0012767994892802044)	(185, 0.0)	(190, 0.0006383997446401022)	(195, 0.0036175985529605793)	(200, 0.0025535989785604087)	(205, 0.0017023993190402723)	(210, 0.0010639995744001702)	(215, 0.0008511996595201362)	(220, 0.0006383997446401022)	(225, 0.0004255998297600681)	(230, 0.0)	(235, 0.0012767994892802044)	(240, 0.004255998297600681)	(245, 0.0012767994892802044)	(250, 0.0)	(255, 0.0019151992339203065)	(260, 0.0010639995744001702)	(265, 0.0)	(270, 0.0)	(275, 0.0)	(280, 0.0010639995744001702)	(285, 0.0)	(290, 0.0)	(295, 0.0)	(300, 0.0)
3975R_0_F_NS1_week5_S60_L001_R1_001	(1, 0.0)	(2, 0.0)	(3, 0.0)	(4, 0.0)	(5, 0.0)	(6, 0.0)	(7, 0.0)	(8, 0.0)	(9, 0.0)	(10, 0.0)	(15, 5.129625265142588)	(20, 0.0)	(25, 0.0)	(30, 0.0)	(35, 0.0)	(40, 0.0)	(45, 0.0)	(50, 0.0)	(55, 0.0)	(60, 0.0)	(65, 0.0)	(70, 0.0)	(75, 0.0)	(80, 0.0)	(85, 0.0)	(90, 0.0)	(95, 0.0)	(100, 0.0)	(105, 0.0)	(110, 0.0)	(115, 0.0)	(120, 0.0007070469007777516)	(125, 0.012019797313221777)	(130, 0.0)	(135, 0.0)	(140, 0.0)	(145, 0.0)	(150, 0.0)	(155, 0.0)	(160, 0.0)	(165, 0.0)	(170, 0.0)	(175, 0.0)	(180, 0.0)	(185, 0.0)	(190, 0.0)	(195, 0.0)	(200, 0.0)	(205, 0.0)	(210, 0.0)	(215, 0.0)	(220, 0.0)	(225, 0.0)	(230, 0.0)	(235, 0.0)	(240, 0.0)	(245, 0.0)	(250, 0.0)	(255, 0.0)	(260, 0.0)	(265, 0.0)	(270, 0.0)	(275, 0.0)	(280, 0.0)	(285, 0.0)	(290, 0.0)	(295, 0.0)	(300, 0.0)
3975R_0_F_NS1_week5_S60_L001_R2_001	(1, 0.0)	(2, 0.0)	(3, 0.0)	(4, 0.0)	(5, 0.0)	(6, 0.0)	(7, 0.0)	(8, 0.0011784115012962526)	(9, 0.0023568230025925053)	(10, 0.0007070469007777516)	(15, 3.191374027810511)	(20, 5.7530049493283055)	(25, 0.0)	(30, 5.764789064341268)	(35, 1.2451095922696205)	(40, 0.0)	(45, 3.1909026632099926)	(50, 0.0007070469007777516)	(55, 0.00023568230025925054)	(60, 0.0)	(65, 0.0)	(70, 0.0004713646005185011)	(75, 0.008013198208814517)	(80, 0.00023568230025925054)	(85, 0.0)	(90, 0.0)	(95, 0.0)	(100, 0.0)	(105, 0.0)	(110, 0.00023568230025925054)	(115, 0.0007070469007777516)	(120, 0.00023568230025925054)	(125, 0.0037709168041480086)	(130, 0.00824888050907377)	(135, 0.005185010605703512)	(140, 0.005185010605703512)	(145, 0.008955927409851521)	(150, 0.005185010605703512)	(155, 0.005185010605703512)	(160, 0.006834786707518265)	(165, 0.0014140938015555031)	(170, 0.0018854584020740043)	(175, 0.0)	(180, 0.0016497761018147538)	(185, 0.0)	(190, 0.0004713646005185011)	(195, 0.0028281876031110063)	(200, 0.0021211407023332546)	(205, 0.0016497761018147538)	(210, 0.0009427292010370022)	(215, 0.0004713646005185011)	(220, 0.0014140938015555031)	(225, 0.0009427292010370022)	(230, 0.0)	(235, 0.0016497761018147538)	(240, 0.0032995522036295077)	(245, 0.0016497761018147538)	(250, 0.0)	(255, 0.0021211407023332546)	(260, 0.0009427292010370022)	(265, 0.0)	(270, 0.0)	(275, 0.0)	(280, 0.0011784115012962526)	(285, 0.0)	(290, 0.0)	(295, 0.0)	(300, 0.0)
3975R_L_F_NS1_diabetes_S30_L001_R1_001	(1, 0.0)	(2, 0.0)	(3, 0.0)	(4, 0.0)	(5, 0.0)	(6, 0.0)	(7, 0.0)	(8, 0.0)	(9, 0.0)	(10, 0.0)	(15, 5.449096274437477)	(20, 0.0)	(25, 0.0)	(30, 0.0)	(35, 0.0)	(40, 0.0)	(45, 0.0)	(50, 0.0)	(55, 0.0)	(60, 0.0)	(65, 0.0)	(70, 0.0)	(75, 0.0)	(80, 0.0)	(85, 0.0)	(90, 0.0)	(95, 0.0)	(100, 0.0)	(105, 0.0)	(110, 0.0)	(115, 0.0)	(120, 0.0007377351530800443)	(125, 0.008299520472150499)	(130, 0.0)	(135, 0.0)	(140, 0.0)	(145, 0.0)	(150, 0.0)	(155, 0.0)	(160, 0.0)	(165, 0.0)	(170, 0.0)	(175, 0.0)	(180, 0.0)	(185, 0.0)	(190, 0.0)	(195, 0.0)	(200, 0.0)	(205, 0.0)	(210, 0.0)	(215, 0.0)	(220, 0.00018443378827001107)	(225, 0.0)	(230, 0.0)	(235, 0.0)	(240, 0.0)	(245, 0.0)	(250, 0.0)	(255, 0.0)	(260, 0.0)	(265, 0.0)	(270, 0.0)	(275, 0.0)	(280, 0.0)	(285, 0.0)	(290, 0.0)	(295, 0.0)	(300, 0.0)
3975R_L_F_NS1_diabetes_S30_L001_R2_001	(1, 0.0)	(2, 0.0)	(3, 0.0)	(4, 0.0)	(5, 0.0)	(6, 0.0)	(7, 0.0009221689413500553)	(8, 0.0009221689413500553)	(9, 0.002766506824050166)	(10, 0.0005533013648100332)	(15, 3.4295462928808558)	(20, 6.1611951309479895)	(25, 0.0)	(30, 6.178347473257101)	(35, 1.363518996680192)	(40, 0.0007377351530800443)	(45, 3.4365547768351163)	(50, 0.00036886757654002215)	(55, 0.00018443378827001107)	(60, 0.0)	(65, 0.0005533013648100332)	(70, 0.00018443378827001107)	(75, 0.007561785319070453)	(80, 0.00036886757654002215)	(85, 0.0)	(90, 0.0)	(95, 0.0)	(100, 0.0)	(105, 0.0)	(110, 0.0)	(115, 0.0)	(120, 0.0)	(125, 0.002582073035780155)	(130, 0.005533013648100332)	(135, 0.0036886757654002213)	(140, 0.004426410918480265)	(145, 0.005901881224640354)	(150, 0.0035042419771302105)	(155, 0.002766506824050166)	(160, 0.004241977130210254)	(165, 0.0009221689413500553)	(170, 0.0012910365178900776)	(175, 0.0)	(180, 0.0007377351530800443)	(185, 0.0)	(190, 0.0007377351530800443)	(195, 0.0018443378827001106)	(200, 0.0014754703061600886)	(205, 0.0011066027296200663)	(210, 0.00036886757654002215)	(215, 0.00036886757654002215)	(220, 0.0009221689413500553)	(225, 0.00036886757654002215)	(230, 0.0)	(235, 0.0009221689413500553)	(240, 0.0018443378827001106)	(245, 0.0005533013648100332)	(250, 0.0)	(255, 0.0011066027296200663)	(260, 0.0005533013648100332)	(265, 0.0)	(270, 0.0)	(275, 0.0)	(280, 0.00036886757654002215)	(285, 0.0)	(290, 0.0)	(295, 0.0)	(300, 0.0)
3975R_L_F_NS1_week5_S61_L001_R1_001	(1, 0.0)	(2, 0.0)	(3, 0.0)	(4, 0.0)	(5, 0.0)	(6, 0.0)	(7, 0.0)	(8, 0.0)	(9, 0.0)	(10, 0.0)	(15, 5.231192152519579)	(20, 0.0)	(25, 0.0)	(30, 0.0)	(35, 0.0)	(40, 0.0)	(45, 0.0)	(50, 0.0)	(55, 0.0)	(60, 0.0)	(65, 0.0)	(70, 0.0)	(75, 0.0)	(80, 0.0)	(85, 0.0)	(90, 0.0)	(95, 0.0)	(100, 0.0)	(105, 0.0)	(110, 0.0)	(115, 0.0)	(120, 0.0007910766553279014)	(125, 0.005933074914959259)	(130, 0.0)	(135, 0.0)	(140, 0.0)	(145, 0.0)	(150, 0.0)	(155, 0.0)	(160, 0.0)	(165, 0.0)	(170, 0.0)	(175, 0.0)	(180, 0.0)	(185, 0.0)	(190, 0.0)	(195, 0.0)	(200, 0.0)	(205, 0.0)	(210, 0.0)	(215, 0.0)	(220, 0.0)	(225, 0.0)	(230, 0.0)	(235, 0.0)	(240, 0.0)	(245, 0.0)	(250, 0.0)	(255, 0.0)	(260, 0.0)	(265, 0.0)	(270, 0.0)	(275, 0.0)	(280, 0.0)	(285, 0.0)	(290, 0.0)	(295, 0.0)	(300, 0.0)
3975R_L_F_NS1_week5_S61_L001_R2_001	(1, 0.0)	(2, 0.0)	(3, 0.0)	(4, 0.0)	(5, 0.0)	(6, 0.0)	(7, 0.0)	(8, 0.0009888458191598766)	(9, 0.0029665374574796297)	(10, 0.0009888458191598766)	(15, 3.2588402816232898)	(20, 5.9026184637291355)	(25, 0.0)	(30, 5.93010837750178)	(35, 1.2787754133375524)	(40, 0.0009888458191598766)	(45, 3.290483347836405)	(50, 0.0005933074914959259)	(55, 0.00019776916383197534)	(60, 0.00019776916383197534)	(65, 0.0009888458191598766)	(70, 0.00019776916383197534)	(75, 0.006328613242623211)	(80, 0.0005933074914959259)	(85, 0.0)	(90, 0.0)	(95, 0.0)	(100, 0.0)	(105, 0.0)	(110, 0.0003955383276639507)	(115, 0.0007910766553279014)	(120, 0.0003955383276639507)	(125, 0.0031643066213116054)	(130, 0.006526382406455185)	(135, 0.0035598449489755556)	(140, 0.004548690768135432)	(145, 0.005933074914959259)	(150, 0.004153152440471482)	(155, 0.0029665374574796297)	(160, 0.003955383276639506)	(165, 0.0009888458191598766)	(170, 0.0017799224744877778)	(175, 0.00019776916383197534)	(180, 0.0007910766553279014)	(185, 0.0)	(190, 0.0007910766553279014)	(195, 0.001977691638319753)	(200, 0.0017799224744877778)	(205, 0.0009888458191598766)	(210, 0.0003955383276639507)	(215, 0.0003955383276639507)	(220, 0.0015821533106558027)	(225, 0.0013843841468238272)	(230, 0.0)	(235, 0.0017799224744877778)	(240, 0.001977691638319753)	(245, 0.0009888458191598766)	(250, 0.0)	(255, 0.0011866149829918519)	(260, 0.0007910766553279014)	(265, 0.0)	(270, 0.0)	(275, 0.0)	(280, 0.0003955383276639507)	(285, 0.0)	(290, 0.0)	(295, 0.0)	(300, 0.0)
3975R_L_F_NS1_week9_S82_L001_R1_001	(1, 0.0)	(2, 0.0)	(3, 0.0)	(4, 0.0)	(5, 0.0)	(6, 0.0)	(7, 0.0)	(8, 0.0)	(9, 0.0)	(10, 0.0)	(15, 5.160395040369089)	(20, 0.0)	(25, 0.0)	(30, 0.0)	(35, 0.0007208765859284891)	(40, 0.0)	(45, 0.0)	(50, 0.0)	(55, 0.0)	(60, 0.0)	(65, 0.0)	(70, 0.0)	(75, 0.0)	(80, 0.0)	(85, 0.00018021914648212227)	(90, 0.0)	(95, 0.0)	(100, 0.0)	(105, 0.0)	(110, 0.0)	(115, 0.0)	(120, 0.0005406574394463667)	(125, 0.007028546712802769)	(130, 0.0)	(135, 0.0)	(140, 0.0)	(145, 0.0)	(150, 0.0)	(155, 0.0)	(160, 0.0)	(165, 0.0)	(170, 0.0)	(175, 0.0)	(180, 0.0)	(185, 0.0)	(190, 0.0)	(195, 0.0)	(200, 0.0)	(205, 0.0)	(210, 0.0)	(215, 0.0)	(220, 0.00036043829296424453)	(225, 0.0)	(230, 0.0)	(235, 0.00018021914648212227)	(240, 0.0)	(245, 0.0)	(250, 0.0)	(255, 0.0)	(260, 0.0)	(265, 0.0)	(270, 0.0)	(275, 0.0)	(280, 0.0)	(285, 0.0)	(290, 0.0)	(295, 0.0)	(300, 0.0)
3975R_L_F_NS1_week9_S82_L001_R2_001	(1, 0.0)	(2, 0.0)	(3, 0.0)	(4, 0.0)	(5, 0.0)	(6, 0.0)	(7, 0.0009010957324106113)	(8, 0.0018021914648212226)	(9, 0.0018021914648212226)	(10, 0.0007208765859284891)	(15, 3.2037557670126873)	(20, 5.803416955017301)	(25, 0.0005406574394463667)	(30, 5.754397347174164)	(35, 1.2725273933102652)	(40, 0.001261534025374856)	(45, 3.1909602076124566)	(50, 0.0007208765859284891)	(55, 0.00036043829296424453)	(60, 0.00018021914648212227)	(65, 0.0010813148788927334)	(70, 0.0005406574394463667)	(75, 0.005046136101499424)	(80, 0.0007208765859284891)	(85, 0.0)	(90, 0.0)	(95, 0.0)	(100, 0.0)	(105, 0.0)	(110, 0.00018021914648212227)	(115, 0.0007208765859284891)	(120, 0.00018021914648212227)	(125, 0.0018021914648212226)	(130, 0.0041450403690888125)	(135, 0.003243944636678201)	(140, 0.0034241637831603227)	(145, 0.0039648212226066895)	(150, 0.003604382929642445)	(155, 0.003604382929642445)	(160, 0.003604382929642445)	(165, 0.0010813148788927334)	(170, 0.0010813148788927334)	(175, 0.00018021914648212227)	(180, 0.0010813148788927334)	(185, 0.0)	(190, 0.0007208765859284891)	(195, 0.0018021914648212226)	(200, 0.0018021914648212226)	(205, 0.0007208765859284891)	(210, 0.0005406574394463667)	(215, 0.00036043829296424453)	(220, 0.0014417531718569781)	(225, 0.0010813148788927334)	(230, 0.00018021914648212227)	(235, 0.0014417531718569781)	(240, 0.0018021914648212226)	(245, 0.0009010957324106113)	(250, 0.0)	(255, 0.0009010957324106113)	(260, 0.0005406574394463667)	(265, 0.0)	(270, 0.0)	(275, 0.0)	(280, 0.0007208765859284891)	(285, 0.0)	(290, 0.0)	(295, 0.0)	(300, 0.0)
3975R_NS1_week14_S33_L001_R1_001	(1, 0.0)	(2, 0.0)	(3, 0.0)	(4, 0.0)	(5, 0.0)	(6, 0.0)	(7, 0.0)	(8, 0.0)	(9, 0.0)	(10, 0.0)	(15, 5.338221731358239)	(20, 0.0)	(25, 0.0)	(30, 0.0)	(35, 0.0)	(40, 0.0)	(45, 0.0)	(50, 0.0)	(55, 0.0)	(60, 0.0)	(65, 0.0)	(70, 0.0)	(75, 0.0)	(80, 0.0)	(85, 0.0)	(90, 0.0)	(95, 0.0)	(100, 0.0)	(105, 0.0)	(110, 0.0)	(115, 0.0)	(120, 0.0)	(125, 0.002277204048868799)	(130, 0.0)	(135, 0.0)	(140, 0.0)	(145, 0.0)	(150, 0.0)	(155, 0.0)	(160, 0.0)	(165, 0.0)	(170, 0.0)	(175, 0.0)	(180, 0.0)	(185, 0.0)	(190, 0.0)	(195, 0.0)	(200, 0.0)	(205, 0.0)	(210, 0.0)	(215, 0.0)	(220, 0.0)	(225, 0.0)	(230, 0.0)	(235, 0.0)	(240, 0.0)	(245, 0.0)	(250, 0.0)	(255, 0.0)	(260, 0.0)	(265, 0.0)	(270, 0.0)	(275, 0.0)	(280, 0.0)	(285, 0.0)	(290, 0.0)	(295, 0.0)	(300, 0.0)
3975R_NS1_week14_S33_L001_R2_001	(1, 0.0)	(2, 0.0)	(3, 0.0)	(4, 0.0)	(5, 0.0)	(6, 0.0)	(7, 0.0)	(8, 0.0)	(9, 0.0)	(10, 0.0002277204048868799)	(15, 3.289648968995867)	(20, 5.89135459482847)	(25, 0.0)	(30, 5.898413927379963)	(35, 1.3453721520716864)	(40, 0.0)	(45, 3.285322281303016)	(50, 0.0)	(55, 0.0)	(60, 0.0)	(65, 0.0)	(70, 0.0)	(75, 0.0018217632390950392)	(80, 0.0)	(85, 0.0)	(90, 0.0)	(95, 0.0)	(100, 0.0)	(105, 0.0)	(110, 0.0)	(115, 0.0)	(120, 0.0)	(125, 0.0006831612146606397)	(130, 0.0013663224293212794)	(135, 0.0013663224293212794)	(140, 0.0011386020244343994)	(145, 0.001594042834208159)	(150, 0.0013663224293212794)	(155, 0.0011386020244343994)	(160, 0.0011386020244343994)	(165, 0.0)	(170, 0.0004554408097737598)	(175, 0.0)	(180, 0.0)	(185, 0.0)	(190, 0.0)	(195, 0.0002277204048868799)	(200, 0.0002277204048868799)	(205, 0.0004554408097737598)	(210, 0.0002277204048868799)	(215, 0.0)	(220, 0.0)	(225, 0.0)	(230, 0.0)	(235, 0.0)	(240, 0.0004554408097737598)	(245, 0.0)	(250, 0.0)	(255, 0.0)	(260, 0.0002277204048868799)	(265, 0.0)	(270, 0.0)	(275, 0.0)	(280, 0.0)	(285, 0.0)	(290, 0.0)	(295, 0.0)	(300, 0.0)
3975R_RL_F_NS1_diabetes_S32_L001_R1_001	(1, 0.0)	(2, 0.0)	(3, 0.0)	(4, 0.0)	(5, 0.0)	(6, 0.0)	(7, 0.0)	(8, 0.0)	(9, 0.0)	(10, 0.0)	(15, 5.172935045010491)	(20, 0.0)	(25, 0.0)	(30, 0.0)	(35, 0.0)	(40, 0.0)	(45, 0.0)	(50, 0.0)	(55, 0.0)	(60, 0.0)	(65, 0.0)	(70, 0.0)	(75, 0.0)	(80, 0.0)	(85, 0.0)	(90, 0.0)	(95, 0.0)	(100, 0.0)	(105, 0.0)	(110, 0.0)	(115, 0.0)	(120, 0.0009024659883130656)	(125, 0.006542878415269724)	(130, 0.0)	(135, 0.0)	(140, 0.0)	(145, 0.0)	(150, 0.0)	(155, 0.0)	(160, 0.0)	(165, 0.0)	(170, 0.0)	(175, 0.0)	(180, 0.0)	(185, 0.0)	(190, 0.0)	(195, 0.0)	(200, 0.0)	(205, 0.0)	(210, 0.0)	(215, 0.0)	(220, 0.0002256164970782664)	(225, 0.0)	(230, 0.0)	(235, 0.0)	(240, 0.0)	(245, 0.0)	(250, 0.0)	(255, 0.0)	(260, 0.0)	(265, 0.0)	(270, 0.0)	(275, 0.0)	(280, 0.0)	(285, 0.0)	(290, 0.0)	(295, 0.0)	(300, 0.0)
3975R_RL_F_NS1_diabetes_S32_L001_R2_001	(1, 0.0)	(2, 0.0)	(3, 0.0)	(4, 0.0)	(5, 0.0)	(6, 0.0)	(7, 0.0)	(8, 0.0011280824853913318)	(9, 0.0022561649707826636)	(10, 0.0009024659883130656)	(15, 3.1782595943415384)	(20, 5.711030390542157)	(25, 0.0004512329941565328)	(30, 5.70403627913273)	(35, 1.2616474516616654)	(40, 0.0009024659883130656)	(45, 3.168558084967173)	(50, 0.000676849491234799)	(55, 0.0002256164970782664)	(60, 0.0)	(65, 0.0011280824853913318)	(70, 0.0004512329941565328)	(75, 0.006091645421113192)	(80, 0.0004512329941565328)	(85, 0.0)	(90, 0.0)	(95, 0.0)	(100, 0.0)	(105, 0.0)	(110, 0.0002256164970782664)	(115, 0.0011280824853913318)	(120, 0.0)	(125, 0.002707397964939196)	(130, 0.0067684949123479905)	(135, 0.004061096947408794)	(140, 0.003835480450330528)	(145, 0.006317261918191459)	(150, 0.0047379464386435935)	(155, 0.004286713444487061)	(160, 0.00496356293572186)	(165, 0.0015793154795478647)	(170, 0.00248178146786093)	(175, 0.0009024659883130656)	(180, 0.0011280824853913318)	(185, 0.0002256164970782664)	(190, 0.0009024659883130656)	(195, 0.0015793154795478647)	(200, 0.0015793154795478647)	(205, 0.0015793154795478647)	(210, 0.0011280824853913318)	(215, 0.0004512329941565328)	(220, 0.0011280824853913318)	(225, 0.0011280824853913318)	(230, 0.0009024659883130656)	(235, 0.0011280824853913318)	(240, 0.0022561649707826636)	(245, 0.0011280824853913318)	(250, 0.0002256164970782664)	(255, 0.000676849491234799)	(260, 0.0018049319766261312)	(265, 0.0)	(270, 0.0)	(275, 0.0004512329941565328)	(280, 0.001353698982469598)	(285, 0.0004512329941565328)	(290, 0.0009024659883130656)	(295, 0.0)	(300, 0.0005640412426956659)
3975R_RL_F_NS1_week9_S83_L001_R1_001	(1, 0.0)	(2, 0.0)	(3, 0.0)	(4, 0.0)	(5, 0.0)	(6, 0.0)	(7, 0.0)	(8, 0.0)	(9, 0.0)	(10, 0.0)	(15, 5.239969643308879)	(20, 0.0)	(25, 0.0)	(30, 0.0)	(35, 0.0)	(40, 0.0)	(45, 0.0)	(50, 0.0)	(55, 0.0)	(60, 0.0)	(65, 0.0)	(70, 0.0)	(75, 0.0)	(80, 0.0)	(85, 0.0)	(90, 0.0)	(95, 0.0)	(100, 0.0)	(105, 0.0)	(110, 0.0)	(115, 0.0)	(120, 0.0010118897040222615)	(125, 0.00607133822413357)	(130, 0.0)	(135, 0.0)	(140, 0.0)	(145, 0.0)	(150, 0.0)	(155, 0.0)	(160, 0.0)	(165, 0.0)	(170, 0.0)	(175, 0.0)	(180, 0.0)	(185, 0.0)	(190, 0.0)	(195, 0.0)	(200, 0.0)	(205, 0.0)	(210, 0.0)	(215, 0.0)	(220, 0.00040475588160890466)	(225, 0.0)	(230, 0.0)	(235, 0.0)	(240, 0.0)	(245, 0.0)	(250, 0.0)	(255, 0.0)	(260, 0.0)	(265, 0.0)	(270, 0.0)	(275, 0.0)	(280, 0.0)	(285, 0.0)	(290, 0.0)	(295, 0.0)	(300, 0.0)
3975R_RL_F_NS1_week9_S83_L001_R2_001	(1, 0.0)	(2, 0.0)	(3, 0.0)	(4, 0.0)	(5, 0.0)	(6, 0.0)	(7, 0.002023779408044523)	(8, 0.004047558816089046)	(9, 0.0050594485201113076)	(10, 0.0010118897040222615)	(15, 3.228737667594232)	(20, 5.86956741715153)	(25, 0.0)	(30, 5.880900581836579)	(35, 1.291778396154819)	(40, 0.002428535289653428)	(45, 3.272856058689603)	(50, 0.0016190235264356187)	(55, 0.0008095117632178093)	(60, 0.0)	(65, 0.000607133822413357)	(70, 0.00020237794080445233)	(75, 0.007690361750569187)	(80, 0.000607133822413357)	(85, 0.0)	(90, 0.0)	(95, 0.0)	(100, 0.0)	(105, 0.0)	(110, 0.0)	(115, 0.0)	(120, 0.0)	(125, 0.0028332911712623324)	(130, 0.00708322792815583)	(135, 0.005464204401720212)	(140, 0.0050594485201113076)	(145, 0.00607133822413357)	(150, 0.00526182646091576)	(155, 0.0050594485201113076)	(160, 0.0050594485201113076)	(165, 0.0018214014672400707)	(170, 0.0018214014672400707)	(175, 0.0)	(180, 0.001214267644826714)	(185, 0.0)	(190, 0.0014166455856311662)	(195, 0.004047558816089046)	(200, 0.0036428029344801414)	(205, 0.0016190235264356187)	(210, 0.0010118897040222615)	(215, 0.0010118897040222615)	(220, 0.0018214014672400707)	(225, 0.0008095117632178093)	(230, 0.0)	(235, 0.0016190235264356187)	(240, 0.0036428029344801414)	(245, 0.001214267644826714)	(250, 0.0)	(255, 0.0022261573488489756)	(260, 0.001214267644826714)	(265, 0.0)	(270, 0.0)	(275, 0.0)	(280, 0.001214267644826714)	(285, 0.0)	(290, 0.0)	(295, 0.0)	(300, 0.0)
3975R_R_F_NS1_diabetes_S31_L001_R1_001	(1, 0.0)	(2, 0.0)	(3, 0.0)	(4, 0.0)	(5, 0.0)	(6, 0.0)	(7, 0.0)	(8, 0.0)	(9, 0.0)	(10, 0.0)	(15, 5.2052332172438796)	(20, 0.0)	(25, 0.0)	(30, 0.0)	(35, 0.0)	(40, 0.0)	(45, 0.0)	(50, 0.0)	(55, 0.0)	(60, 0.0)	(65, 0.0)	(70, 0.0)	(75, 0.0)	(80, 0.0)	(85, 0.0)	(90, 0.0)	(95, 0.0)	(100, 0.0)	(105, 0.0)	(110, 0.0)	(115, 0.0)	(120, 0.0006127889044355703)	(125, 0.0073534668532268446)	(130, 0.0)	(135, 0.0)	(140, 0.0)	(145, 0.0)	(150, 0.0)	(155, 0.0)	(160, 0.0)	(165, 0.0)	(170, 0.0)	(175, 0.0)	(180, 0.0)	(185, 0.0)	(190, 0.0)	(195, 0.0)	(200, 0.0)	(205, 0.0)	(210, 0.0)	(215, 0.0)	(220, 0.0)	(225, 0.0)	(230, 0.0)	(235, 0.0)	(240, 0.0)	(245, 0.0)	(250, 0.0)	(255, 0.0)	(260, 0.0)	(265, 0.0)	(270, 0.0)	(275, 0.0)	(280, 0.0)	(285, 0.0)	(290, 0.0)	(295, 0.0)	(300, 0.0)
3975R_R_F_NS1_diabetes_S31_L001_R2_001	(1, 0.0)	(2, 0.0)	(3, 0.0)	(4, 0.0)	(5, 0.0)	(6, 0.0)	(7, 0.0)	(8, 0.0010213148407259506)	(9, 0.0020426296814519012)	(10, 0.0006127889044355703)	(15, 3.2410405155597317)	(20, 5.811894232635095)	(25, 0.0)	(30, 5.8243542736919505)	(35, 1.2872652252509882)	(40, 0.0004085259362903802)	(45, 3.2375680451012636)	(50, 0.0004085259362903802)	(55, 0.0002042629681451901)	(60, 0.0004085259362903802)	(65, 0.0010213148407259506)	(70, 0.0002042629681451901)	(75, 0.005515100139920133)	(80, 0.0006127889044355703)	(85, 0.0)	(90, 0.0)	(95, 0.0)	(100, 0.0)	(105, 0.0)	(110, 0.0002042629681451901)	(115, 0.0006127889044355703)	(120, 0.0)	(125, 0.0022468926495970913)	(130, 0.004902311235484563)	(135, 0.002859681554032662)	(140, 0.002859681554032662)	(145, 0.004698048267339373)	(150, 0.0036767334266134223)	(155, 0.0030639445221778516)	(160, 0.0032682074903230417)	(165, 0.0008170518725807604)	(170, 0.001429840777016331)	(175, 0.0008170518725807604)	(180, 0.0006127889044355703)	(185, 0.0002042629681451901)	(190, 0.0006127889044355703)	(195, 0.0010213148407259506)	(200, 0.0010213148407259506)	(205, 0.0008170518725807604)	(210, 0.0002042629681451901)	(215, 0.0002042629681451901)	(220, 0.0010213148407259506)	(225, 0.0010213148407259506)	(230, 0.0002042629681451901)	(235, 0.0008170518725807604)	(240, 0.0010213148407259506)	(245, 0.0004085259362903802)	(250, 0.0)	(255, 0.0006127889044355703)	(260, 0.0008170518725807604)	(265, 0.0)	(270, 0.0)	(275, 0.0)	(280, 0.0004085259362903802)	(285, 0.0)	(290, 0.0)	(295, 0.0)	(300, 0.0)
NS1_defined_inocula_S88_L001_R1_001	(1, 0.0)	(2, 0.0)	(3, 0.0)	(4, 0.0)	(5, 0.0)	(6, 0.0)	(7, 0.0)	(8, 0.0)	(9, 0.0)	(10, 0.0)	(15, 5.040920288947347)	(20, 0.0)	(25, 0.0)	(30, 0.0)	(35, 0.0)	(40, 0.0)	(45, 0.0)	(50, 0.0)	(55, 0.0)	(60, 0.0)	(65, 0.0)	(70, 0.0)	(75, 0.0)	(80, 0.0)	(85, 0.0)	(90, 0.0)	(95, 0.0)	(100, 0.0)	(105, 0.0)	(110, 0.0)	(115, 0.0)	(120, 0.0010438849221261848)	(125, 0.005636978579481398)	(130, 0.0)	(135, 0.0)	(140, 0.0)	(145, 0.0)	(150, 0.0)	(155, 0.0)	(160, 0.0)	(165, 0.0)	(170, 0.0)	(175, 0.0)	(180, 0.0)	(185, 0.0)	(190, 0.0)	(195, 0.0)	(200, 0.0)	(205, 0.0)	(210, 0.0)	(215, 0.0)	(220, 0.0)	(225, 0.0)	(230, 0.0)	(235, 0.0)	(240, 0.0)	(245, 0.0)	(250, 0.0)	(255, 0.0)	(260, 0.0)	(265, 0.0)	(270, 0.0)	(275, 0.0)	(280, 0.0)	(285, 0.0)	(290, 0.0)	(295, 0.0)	(300, 0.0)
NS1_defined_inocula_S88_L001_R2_001	(1, 0.0)	(2, 0.0)	(3, 0.0)	(4, 0.0)	(5, 0.0)	(6, 0.0)	(7, 0.0)	(8, 0.004175539688504739)	(9, 0.004175539688504739)	(10, 0.0014614388909766586)	(15, 3.1759154870767046)	(20, 5.623199298509332)	(25, 0.0)	(30, 5.637813687419099)	(35, 1.2299052152490708)	(40, 0.0010438849221261848)	(45, 3.1285231116121763)	(50, 0.0014614388909766586)	(55, 0.0008351079377009479)	(60, 0.00041755396885047395)	(65, 0.0020877698442523696)	(70, 0.0008351079377009479)	(75, 0.006472086517182346)	(80, 0.0010438849221261848)	(85, 0.0)	(90, 0.0)	(95, 0.0)	(100, 0.0)	(105, 0.0)	(110, 0.0006263309532757109)	(115, 0.0012526619065514218)	(120, 0.00041755396885047395)	(125, 0.0020877698442523696)	(130, 0.005219424610630925)	(135, 0.005219424610630925)	(140, 0.005219424610630925)	(145, 0.005219424610630925)	(150, 0.005219424610630925)	(155, 0.005219424610630925)	(160, 0.005219424610630925)	(165, 0.0025053238131028436)	(170, 0.0016702158754018958)	(175, 0.0008351079377009479)	(180, 0.0022965468286776066)	(185, 0.00020877698442523697)	(190, 0.0016702158754018958)	(195, 0.005010647626205687)	(200, 0.0033404317508037916)	(205, 0.0020877698442523696)	(210, 0.0010438849221261848)	(215, 0.0008351079377009479)	(220, 0.0020877698442523696)	(225, 0.0014614388909766586)	(230, 0.00020877698442523697)	(235, 0.0018789928598271326)	(240, 0.003757985719654265)	(245, 0.0014614388909766586)	(250, 0.0)	(255, 0.0020877698442523696)	(260, 0.0010438849221261848)	(265, 0.0)	(270, 0.0)	(275, 0.0)	(280, 0.0010438849221261848)	(285, 0.0)	(290, 0.0)	(295, 0.0)	(300, 0.0)
NS6_defined_inocula_S86_L001_R1_001	(1, 0.0)	(2, 0.0)	(3, 0.0)	(4, 0.0)	(5, 0.0)	(6, 0.0)	(7, 0.0)	(8, 0.0)	(9, 0.0)	(10, 0.0)	(15, 5.29892063779807)	(20, 0.0)	(25, 0.0)	(30, 0.0)	(35, 0.0)	(40, 0.0)	(45, 0.0)	(50, 0.0)	(55, 0.0)	(60, 0.0)	(65, 0.0)	(70, 0.0)	(75, 0.0)	(80, 0.0)	(85, 0.0)	(90, 0.0)	(95, 0.0)	(100, 0.0)	(105, 0.0)	(110, 0.0)	(115, 0.0)	(120, 0.0012085231092278292)	(125, 0.008157530987287847)	(130, 0.0)	(135, 0.0)	(140, 0.0)	(145, 0.0)	(150, 0.0)	(155, 0.0)	(160, 0.0)	(165, 0.00015106538865347865)	(170, 0.0)	(175, 0.0)	(180, 0.0)	(185, 0.0)	(190, 0.0)	(195, 0.0)	(200, 0.0)	(205, 0.0)	(210, 0.0)	(215, 0.0)	(220, 0.0)	(225, 0.0)	(230, 0.0)	(235, 0.0)	(240, 0.0)	(245, 0.0)	(250, 0.0)	(255, 0.0)	(260, 0.0)	(265, 0.0)	(270, 0.0)	(275, 0.0)	(280, 0.0)	(285, 0.0)	(290, 0.0)	(295, 0.0)	(300, 0.0)
NS6_defined_inocula_S86_L001_R2_001	(1, 0.0)	(2, 0.0)	(3, 0.0)	(4, 0.0)	(5, 0.0)	(6, 0.0)	(7, 0.0)	(8, 0.0015106538865347866)	(9, 0.0037766347163369664)	(10, 0.001359588497881308)	(15, 3.332804604473046)	(20, 5.984002175341597)	(25, 0.0)	(30, 6.033702688208591)	(35, 1.3301307470938797)	(40, 0.00045319616596043593)	(45, 3.3602985052079792)	(50, 0.0009063923319208719)	(55, 0.00015106538865347865)	(60, 0.00045319616596043593)	(65, 0.0007553269432673933)	(70, 0.00045319616596043593)	(75, 0.008761792541901762)	(80, 0.0006042615546139146)	(85, 0.0)	(90, 0.0)	(95, 0.0003021307773069573)	(100, 0.0)	(105, 0.0)	(110, 0.00045319616596043593)	(115, 0.0007553269432673933)	(120, 0.0007553269432673933)	(125, 0.003474503939030009)	(130, 0.007402204044020455)	(135, 0.006344746323446103)	(140, 0.0058915501574856675)	(145, 0.006646877100753061)	(150, 0.006344746323446103)	(155, 0.0055894193801787105)	(160, 0.006495811712099583)	(165, 0.0018127846638417437)	(170, 0.0019638500524952226)	(175, 0.0006042615546139146)	(180, 0.0015106538865347866)	(185, 0.00015106538865347865)	(190, 0.0010574577205743506)	(195, 0.003927700104990445)	(200, 0.002568111607109137)	(205, 0.00226598082980218)	(210, 0.0012085231092278292)	(215, 0.0012085231092278292)	(220, 0.0012085231092278292)	(225, 0.0007553269432673933)	(230, 0.0006042615546139146)	(235, 0.0015106538865347866)	(240, 0.0037766347163369664)	(245, 0.0015106538865347866)	(250, 0.0)	(255, 0.00226598082980218)	(260, 0.001359588497881308)	(265, 0.0)	(270, 0.0)	(275, 0.0)	(280, 0.0009063923319208719)	(285, 0.0)	(290, 0.0)	(295, 0.0)	(300, 0.0)
Negative_extraction_S85_L001_R1_001	(1, 0.0)	(2, 0.0)	(3, 0.0)	(4, 0.0)	(5, 0.0)	(6, 0.0)	(7, 0.0)	(8, 0.0)	(9, 0.0)	(10, 0.0)	(15, 5.074041011368709)	(20, 0.0)	(25, 0.0)	(30, 0.0)	(35, 0.0)	(40, 0.0)	(45, 0.0)	(50, 0.0)	(55, 0.0)	(60, 0.0)	(65, 0.0)	(70, 0.0)	(75, 0.0)	(80, 0.0)	(85, 0.0)	(90, 0.0)	(95, 0.0)	(100, 0.0)	(105, 0.0)	(110, 0.0)	(115, 0.0)	(120, 0.0005251135558064431)	(125, 0.0038070732795967128)	(130, 0.0)	(135, 0.0)	(140, 0.0)	(145, 0.0)	(150, 0.0)	(155, 0.0)	(160, 0.0)	(165, 0.0)	(170, 0.0)	(175, 0.0)	(180, 0.0)	(185, 0.0)	(190, 0.0)	(195, 0.0)	(200, 0.0)	(205, 0.0)	(210, 0.0)	(215, 0.0)	(220, 0.0)	(225, 0.0)	(230, 0.0)	(235, 0.0)	(240, 0.0)	(245, 0.0)	(250, 0.0)	(255, 0.0)	(260, 0.0)	(265, 0.0)	(270, 0.0)	(275, 0.0)	(280, 0.0)	(285, 0.0)	(290, 0.0)	(295, 0.0)	(300, 0.0)
Negative_extraction_S85_L001_R2_001	(1, 0.0)	(2, 0.0)	(3, 0.0)	(4, 0.0)	(5, 0.0)	(6, 0.0)	(7, 0.0)	(8, 0.0013127838895161078)	(9, 0.0026255677790322156)	(10, 0.0005251135558064431)	(15, 3.120881140546643)	(20, 5.614907973849345)	(25, 0.0)	(30, 5.647465014309344)	(35, 1.2795704571113504)	(40, 0.00039383516685483235)	(45, 3.151337726783417)	(50, 0.0006563919447580539)	(55, 0.0)	(60, 0.0)	(65, 0.0006563919447580539)	(70, 0.00013127838895161077)	(75, 0.003413238112741881)	(80, 0.00026255677790322155)	(85, 0.0)	(90, 0.0)	(95, 0.0)	(100, 0.0)	(105, 0.0)	(110, 0.00026255677790322155)	(115, 0.0005251135558064431)	(120, 0.0)	(125, 0.0010502271116128862)	(130, 0.0026255677790322156)	(135, 0.002494289390080605)	(140, 0.002494289390080605)	(145, 0.0026255677790322156)	(150, 0.0026255677790322156)	(155, 0.0023630110011289944)	(160, 0.002494289390080605)	(165, 0.0010502271116128862)	(170, 0.0009189487226612755)	(175, 0.0007876703337096647)	(180, 0.0011815055005644972)	(185, 0.0)	(190, 0.0011815055005644972)	(195, 0.001969175834274162)	(200, 0.001969175834274162)	(205, 0.0010502271116128862)	(210, 0.00039383516685483235)	(215, 0.00039383516685483235)	(220, 0.0014440622784677186)	(225, 0.0011815055005644972)	(230, 0.00039383516685483235)	(235, 0.0015753406674193294)	(240, 0.001969175834274162)	(245, 0.0007876703337096647)	(250, 0.0)	(255, 0.0011815055005644972)	(260, 0.0005251135558064431)	(265, 0.0)	(270, 0.0)	(275, 0.0)	(280, 0.00039383516685483235)	(285, 0.0)	(290, 0.00026255677790322155)	(295, 0.0)	(300, 0.0)
Negtive_Control_S90_L001_R1_001	(1, 0.0)	(2, 0.0)	(3, 0.0)	(4, 0.0)	(5, 0.0)	(6, 0.0)	(7, 0.0)	(8, 0.0)	(9, 0.0)	(10, 0.0)	(15, 3.991340549542048)	(20, 0.0)	(25, 0.0)	(30, 0.0)	(35, 0.0)	(40, 0.0)	(45, 0.0)	(50, 0.0)	(55, 0.0)	(60, 0.0)	(65, 0.0)	(70, 0.0)	(75, 0.0)	(80, 0.0)	(85, 0.0)	(90, 0.0)	(95, 0.0)	(100, 0.0)	(105, 0.0)	(110, 0.0)	(115, 0.0)	(120, 0.0)	(125, 0.0039966694421315575)	(130, 0.0)	(135, 0.0)	(140, 0.0)	(145, 0.0)	(150, 0.0)	(155, 0.0)	(160, 0.0)	(165, 0.0)	(170, 0.0)	(175, 0.0)	(180, 0.0)	(185, 0.0)	(190, 0.0)	(195, 0.0)	(200, 0.0)	(205, 0.0)	(210, 0.0)	(215, 0.0)	(220, 0.0)	(225, 0.0)	(230, 0.0)	(235, 0.0)	(240, 0.0)	(245, 0.0)	(250, 0.0)	(255, 0.0)	(260, 0.0)	(265, 0.0)	(270, 0.0)	(275, 0.0)	(280, 0.0)	(285, 0.0)	(290, 0.0)	(295, 0.0)	(300, 0.0)
Negtive_Control_S90_L001_R2_001	(1, 0.0)	(2, 0.0)	(3, 0.0)	(4, 0.0)	(5, 0.0)	(6, 0.0)	(7, 0.0)	(8, 0.0)	(9, 0.0)	(10, 0.0006661115736885929)	(15, 2.3666944213155703)	(20, 4.301082431307244)	(25, 0.0)	(30, 4.385012489592007)	(35, 0.9465445462114905)	(40, 0.0)	(45, 2.427976686094921)	(50, 0.0)	(55, 0.0)	(60, 0.0)	(65, 0.0)	(70, 0.0)	(75, 0.003330557868442964)	(80, 0.0)	(85, 0.0)	(90, 0.0)	(95, 0.0)	(100, 0.0)	(105, 0.0)	(110, 0.0)	(115, 0.0)	(120, 0.0)	(125, 0.0013322231473771858)	(130, 0.003330557868442964)	(135, 0.003330557868442964)	(140, 0.003330557868442964)	(145, 0.003330557868442964)	(150, 0.003330557868442964)	(155, 0.003330557868442964)	(160, 0.003330557868442964)	(165, 0.0006661115736885929)	(170, 0.0013322231473771858)	(175, 0.0)	(180, 0.0006661115736885929)	(185, 0.0)	(190, 0.0)	(195, 0.0019983347210657787)	(200, 0.0006661115736885929)	(205, 0.0013322231473771858)	(210, 0.0006661115736885929)	(215, 0.0006661115736885929)	(220, 0.0)	(225, 0.0)	(230, 0.0)	(235, 0.0)	(240, 0.0013322231473771858)	(245, 0.0006661115736885929)	(250, 0.0)	(255, 0.0013322231473771858)	(260, 0.0006661115736885929)	(265, 0.0)	(270, 0.0006661115736885929)	(275, 0.0)	(280, 0.0006661115736885929)	(285, 0.0)	(290, 0.0)	(295, 0.0)	(300, 0.0)
Pooled_GF_pellet_S84_L001_R1_001	(1, 0.0)	(2, 0.0)	(3, 0.0)	(4, 0.0)	(5, 0.0)	(6, 0.0)	(7, 0.0)	(8, 0.0)	(9, 0.0)	(10, 0.0)	(15, 4.958621994183435)	(20, 0.0)	(25, 0.0)	(30, 0.0)	(35, 0.0)	(40, 0.0)	(45, 0.0)	(50, 0.0)	(55, 0.0)	(60, 0.0)	(65, 0.0)	(70, 0.0)	(75, 0.0)	(80, 0.0)	(85, 0.0)	(90, 0.0)	(95, 0.0)	(100, 0.0)	(105, 0.0)	(110, 0.0)	(115, 0.0)	(120, 0.0014186744851393848)	(125, 0.009221384153406)	(130, 0.0)	(135, 0.0)	(140, 0.0)	(145, 0.0)	(150, 0.0)	(155, 0.00023644574752323082)	(160, 0.0)	(165, 0.0)	(170, 0.0)	(175, 0.0)	(180, 0.0)	(185, 0.0)	(190, 0.0)	(195, 0.0)	(200, 0.0)	(205, 0.0)	(210, 0.0)	(215, 0.0003546686212848462)	(220, 0.00023644574752323082)	(225, 0.0)	(230, 0.0)	(235, 0.00011822287376161541)	(240, 0.0)	(245, 0.0)	(250, 0.0)	(255, 0.0)	(260, 0.0)	(265, 0.0)	(270, 0.0)	(275, 0.0)	(280, 0.0)	(285, 0.0)	(290, 0.0)	(295, 0.0)	(300, 0.0)
Pooled_GF_pellet_S84_L001_R2_001	(1, 0.0)	(2, 0.0)	(3, 0.0)	(4, 0.0)	(5, 0.0)	(6, 0.001182228737616154)	(7, 0.001182228737616154)	(8, 0.004137800581656539)	(9, 0.005320029319272693)	(10, 0.0024826803489939233)	(15, 3.116709620977467)	(20, 5.576336509587875)	(25, 0.001182228737616154)	(30, 5.584966779372473)	(35, 1.2273898753930912)	(40, 0.0015368973589010002)	(45, 3.0956659494478993)	(50, 0.0016551202326626155)	(55, 0.000591114368808077)	(60, 0.0015368973589010002)	(65, 0.0018915659801858466)	(70, 0.0009457829900929233)	(75, 0.007802709668266616)	(80, 0.0016551202326626155)	(85, 0.0008275601163313077)	(90, 0.00047289149504646164)	(95, 0.0010640058638545385)	(100, 0.00047289149504646164)	(105, 0.0009457829900929233)	(110, 0.0014186744851393848)	(115, 0.001773343106424231)	(120, 0.0016551202326626155)	(125, 0.004019577707894923)	(130, 0.00721159529945854)	(135, 0.006502258056888847)	(140, 0.006147589435604001)	(145, 0.0073298181732201545)	(150, 0.006384035183127231)	(155, 0.00591114368808077)	(160, 0.006502258056888847)	(165, 0.0028373489702787696)	(170, 0.002955571844040385)	(175, 0.0015368973589010002)	(180, 0.0024826803489939233)	(185, 0.0008275601163313077)	(190, 0.002128011727709077)	(195, 0.004019577707894923)	(200, 0.003546686212848462)	(205, 0.002955571844040385)	(210, 0.0020097888539474616)	(215, 0.0014186744851393848)	(220, 0.0024826803489939233)	(225, 0.002128011727709077)	(230, 0.0014186744851393848)	(235, 0.0026009032227555387)	(240, 0.004137800581656539)	(245, 0.0022462346014706924)	(250, 0.00011822287376161541)	(255, 0.0020097888539474616)	(260, 0.0020097888539474616)	(265, 0.0)	(270, 0.00011822287376161541)	(275, 0.00023644574752323082)	(280, 0.0014186744851393848)	(285, 0.00011822287376161541)	(290, 0.0007093372425696924)	(295, 0.0)	(300, 0.0002955571844040385)
Positive_Control_S89_L001_R1_001	(1, 0.0)	(2, 0.0)	(3, 0.0)	(4, 0.0)	(5, 0.0)	(6, 0.0)	(7, 0.0)	(8, 0.0)	(9, 0.0)	(10, 0.0)	(15, 5.0260980062570875)	(20, 0.0)	(25, 0.0)	(30, 0.0)	(35, 0.0)	(40, 0.0)	(45, 0.0)	(50, 0.0)	(55, 0.0)	(60, 0.0)	(65, 0.0)	(70, 0.0)	(75, 0.0)	(80, 0.0)	(85, 0.0)	(90, 0.0)	(95, 0.0)	(100, 0.0)	(105, 0.0)	(110, 0.0)	(115, 0.0)	(120, 0.00048255173356710285)	(125, 0.00514721849138243)	(130, 0.0)	(135, 0.0)	(140, 0.0)	(145, 0.0)	(150, 0.0)	(155, 0.0)	(160, 0.0)	(165, 0.0)	(170, 0.0)	(175, 0.0)	(180, 0.0)	(185, 0.0)	(190, 0.0)	(195, 0.0)	(200, 0.0)	(205, 0.0)	(210, 0.0)	(215, 0.0)	(220, 0.00016085057785570093)	(225, 0.0)	(230, 0.0)	(235, 0.0)	(240, 0.0)	(245, 0.0)	(250, 0.0)	(255, 0.0)	(260, 0.0)	(265, 0.0)	(270, 0.0)	(275, 0.0)	(280, 0.0)	(285, 0.0)	(290, 0.0)	(295, 0.0)	(300, 0.0)
Positive_Control_S89_L001_R2_001	(1, 0.0)	(2, 0.0)	(3, 0.0)	(4, 0.0)	(5, 0.0)	(6, 0.0)	(7, 0.0008042528892785047)	(8, 0.0008042528892785047)	(9, 0.0008042528892785047)	(10, 0.00032170115571140186)	(15, 3.139481578587571)	(20, 5.711482318500229)	(25, 0.0)	(30, 5.638617006731597)	(35, 1.2472353806931051)	(40, 0.0006434023114228037)	(45, 3.119536106933464)	(50, 0.00032170115571140186)	(55, 0.00016085057785570093)	(60, 0.0)	(65, 0.00048255173356710285)	(70, 0.00016085057785570093)	(75, 0.00337786213496972)	(80, 0.00032170115571140186)	(85, 0.0)	(90, 0.0)	(95, 0.0)	(100, 0.0)	(105, 0.0)	(110, 0.0)	(115, 0.00016085057785570093)	(120, 0.0)	(125, 0.0006434023114228037)	(130, 0.0016085057785570093)	(135, 0.0016085057785570093)	(140, 0.0016085057785570093)	(145, 0.0016085057785570093)	(150, 0.0016085057785570093)	(155, 0.0016085057785570093)	(160, 0.0016085057785570093)	(165, 0.0006434023114228037)	(170, 0.00048255173356710285)	(175, 0.00016085057785570093)	(180, 0.00048255173356710285)	(185, 0.0)	(190, 0.00048255173356710285)	(195, 0.0014476552007013086)	(200, 0.0011259540449899067)	(205, 0.0006434023114228037)	(210, 0.00032170115571140186)	(215, 0.00032170115571140186)	(220, 0.0006434023114228037)	(225, 0.00032170115571140186)	(230, 0.0)	(235, 0.0006434023114228037)	(240, 0.0016085057785570093)	(245, 0.00032170115571140186)	(250, 0.0)	(255, 0.0008042528892785047)	(260, 0.00032170115571140186)	(265, 0.0)	(270, 0.0)	(275, 0.0)	(280, 0.00032170115571140186)	(285, 0.0)	(290, 0.0)	(295, 0.0)	(300, 0.0)
S5_defined_inocula_S87_L001_R1_001	(1, 0.0)	(2, 0.0)	(3, 0.0)	(4, 0.0)	(5, 0.0)	(6, 0.0)	(7, 0.0)	(8, 0.0)	(9, 0.0)	(10, 0.0)	(15, 5.104750294988709)	(20, 0.0)	(25, 0.0)	(30, 0.0)	(35, 0.0)	(40, 0.0)	(45, 0.0)	(50, 0.0)	(55, 0.0)	(60, 0.0)	(65, 0.0)	(70, 0.0)	(75, 0.0)	(80, 0.0)	(85, 0.0)	(90, 0.0)	(95, 0.0)	(100, 0.0)	(105, 0.0)	(110, 0.0)	(115, 0.0)	(120, 0.0007814270420642176)	(125, 0.0037508498019082448)	(130, 0.0)	(135, 0.0)	(140, 0.0)	(145, 0.0)	(150, 0.0)	(155, 0.0)	(160, 0.0)	(165, 0.0)	(170, 0.0)	(175, 0.0)	(180, 0.0)	(185, 0.0)	(190, 0.0)	(195, 0.0)	(200, 0.0)	(205, 0.0)	(210, 0.0)	(215, 0.0)	(220, 0.00015628540841284354)	(225, 0.0)	(230, 0.0)	(235, 0.0)	(240, 0.0)	(245, 0.0)	(250, 0.0)	(255, 0.0)	(260, 0.0)	(265, 0.0)	(270, 0.0)	(275, 0.0)	(280, 0.0)	(285, 0.0)	(290, 0.0)	(295, 0.0)	(300, 0.0)
S5_defined_inocula_S87_L001_R2_001	(1, 0.0)	(2, 0.0)	(3, 0.0)	(4, 0.0)	(5, 0.0)	(6, 0.0)	(7, 0.0)	(8, 0.0007814270420642176)	(9, 0.0015628540841284351)	(10, 0.0006251416336513742)	(15, 3.1707183658797695)	(20, 5.74567675488978)	(25, 0.0)	(30, 5.75505387939455)	(35, 1.2618483875252986)	(40, 0.0004688562252385306)	(45, 3.1963491728594757)	(50, 0.0004688562252385306)	(55, 0.00015628540841284354)	(60, 0.0)	(65, 0.0006251416336513742)	(70, 0.00015628540841284354)	(75, 0.003907135210321089)	(80, 0.0003125708168256871)	(85, 0.0)	(90, 0.0)	(95, 0.0)	(100, 0.0)	(105, 0.0)	(110, 0.00015628540841284354)	(115, 0.0006251416336513742)	(120, 0.0)	(125, 0.0014065686757155917)	(130, 0.0035945643934954014)	(135, 0.0031257081682568703)	(140, 0.0029694227598440273)	(145, 0.003281993576669714)	(150, 0.003281993576669714)	(155, 0.0031257081682568703)	(160, 0.0031257081682568703)	(165, 0.0012502832673027483)	(170, 0.0010939978588899047)	(175, 0.0004688562252385306)	(180, 0.0007814270420642176)	(185, 0.00015628540841284354)	(190, 0.0004688562252385306)	(195, 0.0018754249009541224)	(200, 0.0014065686757155917)	(205, 0.0014065686757155917)	(210, 0.0007814270420642176)	(215, 0.0006251416336513742)	(220, 0.0007814270420642176)	(225, 0.0006251416336513742)	(230, 0.0004688562252385306)	(235, 0.0009377124504770612)	(240, 0.0021879957177798094)	(245, 0.0007814270420642176)	(250, 0.00015628540841284354)	(255, 0.0007814270420642176)	(260, 0.0006251416336513742)	(265, 0.0)	(270, 0.0)	(275, 0.0003125708168256871)	(280, 0.0006251416336513742)	(285, 0.0)	(290, 0.0004688562252385306)	(295, 0.0)	(300, 0.0003907135210321088)
