Sample	0	1	2	3	4	5	6	7	8	9	10	11	12	13	14	15	16	17	18	19	20	21	22	23	24	25	26	27	28	29	30	31	32	33	34	35	36	37	38	39	40	41	42	43	44	45	46	47	48	49	50	51	52	53	54	55	56	57	58	59	60	61	62	63	64	65	66	67	68	69	70	71	72	73	74	75	76	77	78	79	80	81	82	83	84	85	86	87	88	89	90	91	92	93	94	95	96	97	98	99	100
016R_R_F_NS6_week5_S1_L001_R1_001	(0.0, 0.0)	(1.0, 0.0)	(2.0, 0.0)	(3.0, 0.0)	(4.0, 0.0)	(5.0, 0.0)	(6.0, 0.0)	(7.0, 0.0)	(8.0, 0.0)	(9.0, 0.0)	(10.0, 0.0)	(11.0, 0.0)	(12.0, 0.0)	(13.0, 0.0)	(14.0, 0.0)	(15.0, 0.0)	(16.0, 0.0)	(17.0, 0.0)	(18.0, 0.0)	(19.0, 0.0)	(20.0, 0.0)	(21.0, 0.0)	(22.0, 0.0)	(23.0, 0.0)	(24.0, 0.0)	(25.0, 0.0)	(26.0, 0.0)	(27.0, 0.0)	(28.0, 0.0008273419983618629)	(29.0, 0.0008273419983618629)	(30.0, 0.0)	(31.0, 0.0)	(32.0, 0.0)	(33.0, 0.0)	(34.0, 0.0008273419983618629)	(35.0, 0.0016546839967237258)	(36.0, 0.0008273419983618629)	(37.0, 0.0008273419983618629)	(38.0, 0.0008273419983618629)	(39.0, 0.0008273419983618629)	(40.0, 0.0049640519901711765)	(41.0, 0.0049640519901711765)	(42.0, 0.013237471973789806)	(43.0, 0.019856207960684706)	(44.0, 0.024820259950855884)	(45.0, 0.1894613176248666)	(46.0, 11.18731850184911)	(47.0, 17.709255474935674)	(48.0, 15.995830196328257)	(49.0, 18.386021229595677)	(50.0, 4.539625545011542)	(51.0, 1.568640428894092)	(52.0, 0.6205064987713971)	(53.0, 4.953296544192473)	(54.0, 15.542446781225955)	(55.0, 7.5635605490241495)	(56.0, 0.7230969065682681)	(57.0, 0.2796415954463096)	(58.0, 0.13402940373462177)	(59.0, 0.18532460763305728)	(60.0, 0.0868709098279956)	(61.0, 0.04798583590498804)	(62.0, 0.014064813972151669)	(63.0, 0.009100761981980492)	(64.0, 0.0049640519901711765)	(65.0, 0.0033093679934474516)	(66.0, 0.04136709991809314)	(67.0, 0.10093572380014727)	(68.0, 0.022338233955770295)	(69.0, 0.00579139398853304)	(70.0, 0.0049640519901711765)	(71.0, 0.0024820259950855883)	(72.0, 0.0008273419983618629)	(73.0, 0.0)	(74.0, 0.0)	(75.0, 0.0016546839967237258)	(76.0, 0.0)	(77.0, 0.0)	(78.0, 0.0)	(79.0, 0.0)	(80.0, 0.0)	(81.0, 0.0)	(82.0, 0.0)	(83.0, 0.0)	(84.0, 0.0)	(85.0, 0.0)	(86.0, 0.0)	(87.0, 0.0)	(88.0, 0.0)	(89.0, 0.0)	(90.0, 0.0)	(91.0, 0.0)	(92.0, 0.0)	(93.0, 0.0)	(94.0, 0.0)	(95.0, 0.0)	(96.0, 0.0)	(97.0, 0.0)	(98.0, 0.0)	(99.0, 0.0)	(100.0, 0.0)
016R_R_F_NS6_week5_S1_L001_R2_001	(0.0, 0.0)	(1.0, 0.0)	(2.0, 0.0)	(3.0, 0.0)	(4.0, 0.0)	(5.0, 0.0)	(6.0, 0.0)	(7.0, 0.0)	(8.0, 0.0)	(9.0, 0.0)	(10.0, 0.0)	(11.0, 0.0)	(12.0, 0.0)	(13.0, 0.0)	(14.0, 0.0)	(15.0, 0.0)	(16.0, 0.0)	(17.0, 0.0)	(18.0, 0.0)	(19.0, 0.0)	(20.0, 0.0)	(21.0, 0.0)	(22.0, 0.0)	(23.0, 0.0)	(24.0, 0.0)	(25.0, 0.0)	(26.0, 0.0)	(27.0, 0.0)	(28.0, 0.0)	(29.0, 0.0)	(30.0, 0.0)	(31.0, 0.0)	(32.0, 0.0008265145879824779)	(33.0, 0.0)	(34.0, 0.0008265145879824779)	(35.0, 0.0008265145879824779)	(36.0, 0.0)	(37.0, 0.004132572939912389)	(38.0, 0.004132572939912389)	(39.0, 0.004132572939912389)	(40.0, 0.008265145879824779)	(41.0, 0.017356806347632037)	(42.0, 0.027274981403421772)	(43.0, 0.043805273163071326)	(44.0, 0.07686585668237045)	(45.0, 0.20332258864368957)	(46.0, 0.9967765931068684)	(47.0, 2.996941896024465)	(48.0, 8.737085709562773)	(49.0, 22.820067774196215)	(50.0, 19.245392181171997)	(51.0, 9.144557401438135)	(52.0, 3.6598065955864123)	(53.0, 5.774030911645591)	(54.0, 6.236052566327796)	(55.0, 4.471443920985205)	(56.0, 7.454335069013967)	(57.0, 5.308703198611456)	(58.0, 1.215802958922225)	(59.0, 0.47276634432597736)	(60.0, 0.2545664930986032)	(61.0, 0.16530291759649557)	(62.0, 0.131415819489214)	(63.0, 0.09422266303000248)	(64.0, 0.07355979833044053)	(65.0, 0.04711133151500124)	(66.0, 0.04793784610298372)	(67.0, 0.07273328374245805)	(68.0, 0.06860071080254566)	(69.0, 0.045458302339036284)	(70.0, 0.022315893875526904)	(71.0, 0.01570377717166708)	(72.0, 0.010744689643772213)	(73.0, 0.0033060583519299116)	(74.0, 0.0033060583519299116)	(75.0, 0.0008265145879824779)	(76.0, 0.0016530291759649558)	(77.0, 0.004132572939912389)	(78.0, 0.0016530291759649558)	(79.0, 0.0016530291759649558)	(80.0, 0.0)	(81.0, 0.0008265145879824779)	(82.0, 0.0016530291759649558)	(83.0, 0.0008265145879824779)	(84.0, 0.0008265145879824779)	(85.0, 0.0)	(86.0, 0.0008265145879824779)	(87.0, 0.0)	(88.0, 0.0)	(89.0, 0.0)	(90.0, 0.0)	(91.0, 0.0016530291759649558)	(92.0, 0.0)	(93.0, 0.0008265145879824779)	(94.0, 0.0008265145879824779)	(95.0, 0.0)	(96.0, 0.0)	(97.0, 0.0)	(98.0, 0.0)	(99.0, 0.0)	(100.0, 0.0)
036R_0_M_NS1_S62_L001_R1_001	(0.0, 0.0)	(1.0, 0.0)	(2.0, 0.0)	(3.0, 0.0)	(4.0, 0.0)	(5.0, 0.0)	(6.0, 0.0)	(7.0, 0.0)	(8.0, 0.0)	(9.0, 0.0)	(10.0, 0.0)	(11.0, 0.0)	(12.0, 0.0)	(13.0, 0.0)	(14.0, 0.0)	(15.0, 0.0)	(16.0, 0.0)	(17.0, 0.0)	(18.0, 0.0)	(19.0, 0.0)	(20.0, 0.0)	(21.0, 0.0)	(22.0, 0.0)	(23.0, 0.0)	(24.0, 0.0)	(25.0, 0.0)	(26.0, 0.0)	(27.0, 0.0)	(28.0, 0.0)	(29.0, 0.0)	(30.0, 0.0)	(31.0, 0.0)	(32.0, 0.0)	(33.0, 0.0007642163343599307)	(34.0, 0.0007642163343599307)	(35.0, 0.0)	(36.0, 0.0)	(37.0, 0.0007642163343599307)	(38.0, 0.0)	(39.0, 0.0)	(40.0, 0.0015284326687198613)	(41.0, 0.0038210816717996533)	(42.0, 0.0015284326687198613)	(43.0, 0.005349514340519514)	(44.0, 0.01299167768411882)	(45.0, 0.03821081671799653)	(46.0, 1.2770054947154441)	(47.0, 17.29115878122779)	(48.0, 18.94568714511704)	(49.0, 23.540919963623303)	(50.0, 5.303661360457919)	(51.0, 2.167317524244763)	(52.0, 0.6549333985464605)	(53.0, 5.51229241973818)	(54.0, 17.035146309217215)	(55.0, 6.436229967979336)	(56.0, 0.6954368642675368)	(57.0, 0.2988085867347329)	(58.0, 0.15819278121250563)	(59.0, 0.1750055405684241)	(60.0, 0.08864909478575196)	(61.0, 0.06648682108931396)	(62.0, 0.028276004371317432)	(63.0, 0.011463245015398959)	(64.0, 0.0076421633435993066)	(65.0, 0.004585298006159584)	(66.0, 0.056552008742634864)	(67.0, 0.1276241278381084)	(68.0, 0.031332869708757156)	(69.0, 0.010699028681039028)	(70.0, 0.004585298006159584)	(71.0, 0.0030568653374397226)	(72.0, 0.0015284326687198613)	(73.0, 0.0)	(74.0, 0.0)	(75.0, 0.0)	(76.0, 0.0)	(77.0, 0.0)	(78.0, 0.0)	(79.0, 0.0)	(80.0, 0.0)	(81.0, 0.0)	(82.0, 0.0)	(83.0, 0.0)	(84.0, 0.0)	(85.0, 0.0)	(86.0, 0.0)	(87.0, 0.0)	(88.0, 0.0)	(89.0, 0.0)	(90.0, 0.0)	(91.0, 0.0)	(92.0, 0.0)	(93.0, 0.0)	(94.0, 0.0)	(95.0, 0.0)	(96.0, 0.0)	(97.0, 0.0)	(98.0, 0.0)	(99.0, 0.0)	(100.0, 0.0)
036R_0_M_NS1_S62_L001_R2_001	(0.0, 0.0)	(1.0, 0.0)	(2.0, 0.0)	(3.0, 0.0)	(4.0, 0.0)	(5.0, 0.0)	(6.0, 0.0)	(7.0, 0.0)	(8.0, 0.0)	(9.0, 0.0)	(10.0, 0.0)	(11.0, 0.0)	(12.0, 0.0)	(13.0, 0.0)	(14.0, 0.0)	(15.0, 0.0)	(16.0, 0.0007577824255099875)	(17.0, 0.0)	(18.0, 0.0)	(19.0, 0.001515564851019975)	(20.0, 0.0)	(21.0, 0.0)	(22.0, 0.0)	(23.0, 0.0)	(24.0, 0.0)	(25.0, 0.0007577824255099875)	(26.0, 0.0)	(27.0, 0.0)	(28.0, 0.0)	(29.0, 0.0)	(30.0, 0.0007577824255099875)	(31.0, 0.0)	(32.0, 0.0)	(33.0, 0.0)	(34.0, 0.0007577824255099875)	(35.0, 0.0007577824255099875)	(36.0, 0.0022733472765299628)	(37.0, 0.001515564851019975)	(38.0, 0.0060622594040799)	(39.0, 0.003788912127549938)	(40.0, 0.014397866084689764)	(41.0, 0.026522384892849568)	(42.0, 0.040920250977539326)	(43.0, 0.058349246764269044)	(44.0, 0.10154284501833832)	(45.0, 0.23870146403564607)	(46.0, 0.8631141826558759)	(47.0, 2.274862841380983)	(48.0, 7.889272831984481)	(49.0, 16.250644115061682)	(50.0, 18.519444697038587)	(51.0, 15.24734018368646)	(52.0, 4.964990451941439)	(53.0, 7.738474129307993)	(54.0, 8.65463308174957)	(55.0, 3.956382043587645)	(56.0, 6.247158315904337)	(57.0, 3.9919978175866144)	(58.0, 1.1283380315843714)	(59.0, 0.487254099602922)	(60.0, 0.2917462338213452)	(61.0, 0.21066351429177657)	(62.0, 0.14928313782546754)	(63.0, 0.11366736382649814)	(64.0, 0.07653602497650874)	(65.0, 0.06820041829589889)	(66.0, 0.060622594040799005)	(67.0, 0.08184050195507865)	(68.0, 0.09396502076323845)	(69.0, 0.050013640083659175)	(70.0, 0.029553514594889516)	(71.0, 0.015913430935709738)	(72.0, 0.006820041829589889)	(73.0, 0.005304476978569912)	(74.0, 0.008335606680609864)	(75.0, 0.00303112970203995)	(76.0, 0.001515564851019975)	(77.0, 0.003788912127549938)	(78.0, 0.00303112970203995)	(79.0, 0.0022733472765299628)	(80.0, 0.0022733472765299628)	(81.0, 0.0)	(82.0, 0.0022733472765299628)	(83.0, 0.0)	(84.0, 0.0007577824255099875)	(85.0, 0.0)	(86.0, 0.0007577824255099875)	(87.0, 0.0)	(88.0, 0.0)	(89.0, 0.0)	(90.0, 0.0)	(91.0, 0.0)	(92.0, 0.001515564851019975)	(93.0, 0.0)	(94.0, 0.0)	(95.0, 0.0007577824255099875)	(96.0, 0.0007577824255099875)	(97.0, 0.0007577824255099875)	(98.0, 0.0007577824255099875)	(99.0, 0.0)	(100.0, 0.0)
036R_0_M_NS1_week5_S41_L001_R1_001	(0.0, 0.0)	(1.0, 0.0)	(2.0, 0.0)	(3.0, 0.0)	(4.0, 0.0)	(5.0, 0.0)	(6.0, 0.0)	(7.0, 0.0)	(8.0, 0.0)	(9.0, 0.0)	(10.0, 0.0)	(11.0, 0.0)	(12.0, 0.0)	(13.0, 0.0)	(14.0, 0.0)	(15.0, 0.0)	(16.0, 0.0)	(17.0, 0.0)	(18.0, 0.0)	(19.0, 0.0)	(20.0, 0.0)	(21.0, 0.0)	(22.0, 0.0)	(23.0, 0.0)	(24.0, 0.0)	(25.0, 0.0)	(26.0, 0.0)	(27.0, 0.0)	(28.0, 0.0)	(29.0, 0.0)	(30.0, 0.0)	(31.0, 0.0)	(32.0, 0.0)	(33.0, 0.0)	(34.0, 0.0)	(35.0, 0.0)	(36.0, 0.0014831404014861067)	(37.0, 0.0014831404014861067)	(38.0, 0.0)	(39.0, 0.0022247106022291597)	(40.0, 0.0022247106022291597)	(41.0, 0.0022247106022291597)	(42.0, 0.005190991405201373)	(43.0, 0.009640412609659694)	(44.0, 0.014089833814118012)	(45.0, 0.043752641843840145)	(46.0, 1.2310065332334685)	(47.0, 13.070174788096315)	(48.0, 18.25597520189249)	(49.0, 29.21934904967779)	(50.0, 5.532855267743921)	(51.0, 2.1134750721177022)	(52.0, 0.7949632551965532)	(53.0, 5.684877158896247)	(54.0, 16.33085896076352)	(55.0, 5.902157227713962)	(56.0, 0.6288515302301093)	(57.0, 0.3084932035091102)	(58.0, 0.15498817195529815)	(59.0, 0.24397659604446456)	(60.0, 0.11346024071368717)	(61.0, 0.07415702007430533)	(62.0, 0.028179667628236024)	(63.0, 0.008157272208173588)	(64.0, 0.007415702007430534)	(65.0, 0.0022247106022291597)	(66.0, 0.042269501442354036)	(67.0, 0.11939280231963159)	(68.0, 0.028179667628236024)	(69.0, 0.01557297421560412)	(70.0, 0.0029662808029722134)	(71.0, 0.0014831404014861067)	(72.0, 0.0014831404014861067)	(73.0, 0.0007415702007430534)	(74.0, 0.0)	(75.0, 0.0)	(76.0, 0.0)	(77.0, 0.0)	(78.0, 0.0)	(79.0, 0.0)	(80.0, 0.0)	(81.0, 0.0)	(82.0, 0.0)	(83.0, 0.0)	(84.0, 0.0)	(85.0, 0.0)	(86.0, 0.0)	(87.0, 0.0)	(88.0, 0.0)	(89.0, 0.0)	(90.0, 0.0)	(91.0, 0.0)	(92.0, 0.0)	(93.0, 0.0)	(94.0, 0.0)	(95.0, 0.0)	(96.0, 0.0)	(97.0, 0.0)	(98.0, 0.0)	(99.0, 0.0)	(100.0, 0.0)
036R_0_M_NS1_week5_S41_L001_R2_001	(0.0, 0.0)	(1.0, 0.0)	(2.0, 0.0)	(3.0, 0.0)	(4.0, 0.0)	(5.0, 0.0)	(6.0, 0.0)	(7.0, 0.0)	(8.0, 0.0)	(9.0, 0.0)	(10.0, 0.0)	(11.0, 0.0)	(12.0, 0.0)	(13.0, 0.0)	(14.0, 0.0)	(15.0, 0.0)	(16.0, 0.0)	(17.0, 0.0)	(18.0, 0.0)	(19.0, 0.0)	(20.0, 0.0)	(21.0, 0.0)	(22.0, 0.0)	(23.0, 0.0)	(24.0, 0.0007294992473999431)	(25.0, 0.0007294992473999431)	(26.0, 0.0007294992473999431)	(27.0, 0.0)	(28.0, 0.0)	(29.0, 0.0007294992473999431)	(30.0, 0.0)	(31.0, 0.0007294992473999431)	(32.0, 0.0007294992473999431)	(33.0, 0.0)	(34.0, 0.0007294992473999431)	(35.0, 0.0014589984947998862)	(36.0, 0.0014589984947998862)	(37.0, 0.0007294992473999431)	(38.0, 0.0014589984947998862)	(39.0, 0.0014589984947998862)	(40.0, 0.004376995484399658)	(41.0, 0.006565493226599488)	(42.0, 0.01167198795839909)	(43.0, 0.02917996989599772)	(44.0, 0.05106494731799601)	(45.0, 0.12766236829499003)	(46.0, 0.679893298576747)	(47.0, 1.8886735515184525)	(48.0, 6.847079936095865)	(49.0, 14.347791197862081)	(50.0, 19.236165654689096)	(51.0, 19.505350876979676)	(52.0, 4.649098703679837)	(53.0, 6.981307797617455)	(54.0, 6.467010828200495)	(55.0, 3.745978635398708)	(56.0, 7.609406649628806)	(57.0, 5.094822743841202)	(58.0, 1.2014852604677062)	(59.0, 0.4902234942527618)	(60.0, 0.22103827196218273)	(61.0, 0.1641373306649872)	(62.0, 0.12255587356319045)	(63.0, 0.07878591871919385)	(64.0, 0.056900941297195556)	(65.0, 0.05471244355499573)	(66.0, 0.03939295935959693)	(67.0, 0.05908943903939538)	(68.0, 0.09045790667759293)	(69.0, 0.05325344506019584)	(70.0, 0.021155478174598348)	(71.0, 0.013860485700598916)	(72.0, 0.00729499247399943)	(73.0, 0.005835993979199545)	(74.0, 0.00729499247399943)	(75.0, 0.002188497742199829)	(76.0, 0.0007294992473999431)	(77.0, 0.0014589984947998862)	(78.0, 0.0014589984947998862)	(79.0, 0.0014589984947998862)	(80.0, 0.002188497742199829)	(81.0, 0.0014589984947998862)	(82.0, 0.0007294992473999431)	(83.0, 0.0)	(84.0, 0.0)	(85.0, 0.0)	(86.0, 0.0007294992473999431)	(87.0, 0.0014589984947998862)	(88.0, 0.0007294992473999431)	(89.0, 0.0)	(90.0, 0.0)	(91.0, 0.0)	(92.0, 0.0)	(93.0, 0.0)	(94.0, 0.0)	(95.0, 0.0)	(96.0, 0.0014589984947998862)	(97.0, 0.0)	(98.0, 0.0)	(99.0, 0.0007294992473999431)	(100.0, 0.000972665663199924)
036R_L_M_NS1_S63_L001_R1_001	(0.0, 0.0)	(1.0, 0.0)	(2.0, 0.0)	(3.0, 0.0)	(4.0, 0.0)	(5.0, 0.0)	(6.0, 0.0)	(7.0, 0.0)	(8.0, 0.0)	(9.0, 0.0)	(10.0, 0.0)	(11.0, 0.0)	(12.0, 0.0)	(13.0, 0.0)	(14.0, 0.0)	(15.0, 0.0)	(16.0, 0.0)	(17.0, 0.0)	(18.0, 0.0)	(19.0, 0.0)	(20.0, 0.0)	(21.0, 0.0)	(22.0, 0.0)	(23.0, 0.0)	(24.0, 0.0)	(25.0, 0.0)	(26.0, 0.0)	(27.0, 0.0)	(28.0, 0.0)	(29.0, 0.0)	(30.0, 0.0)	(31.0, 0.0)	(32.0, 0.0)	(33.0, 0.0)	(34.0, 0.0)	(35.0, 0.0)	(36.0, 0.0)	(37.0, 0.0)	(38.0, 0.0)	(39.0, 0.002507375863999933)	(40.0, 0.002507375863999933)	(41.0, 0.0033431678186665774)	(42.0, 0.005014751727999866)	(43.0, 0.012536879319999665)	(44.0, 0.017551631047999533)	(45.0, 0.03677484600533235)	(46.0, 1.1450349778933027)	(47.0, 14.428276513410282)	(48.0, 17.890962581594188)	(49.0, 23.764908438991366)	(50.0, 5.232057636213193)	(51.0, 2.0343176176586124)	(52.0, 0.6009344154053173)	(53.0, 4.9921853452238665)	(54.0, 20.813727047063445)	(55.0, 7.5045759609518)	(56.0, 0.686185194781315)	(57.0, 0.2958703519519921)	(58.0, 0.14626359206666276)	(59.0, 0.1186824575626635)	(60.0, 0.04847593337066537)	(61.0, 0.046804349461332086)	(62.0, 0.018387423002666176)	(63.0, 0.008357919546666445)	(64.0, 0.002507375863999933)	(65.0, 0.0008357919546666444)	(66.0, 0.02674534254933262)	(67.0, 0.07271390005599805)	(68.0, 0.027581134503999266)	(69.0, 0.004178959773333222)	(70.0, 0.0033431678186665774)	(71.0, 0.002507375863999933)	(72.0, 0.0016715839093332887)	(73.0, 0.0016715839093332887)	(74.0, 0.0)	(75.0, 0.0)	(76.0, 0.0)	(77.0, 0.0)	(78.0, 0.0)	(79.0, 0.0)	(80.0, 0.0)	(81.0, 0.0)	(82.0, 0.0)	(83.0, 0.0)	(84.0, 0.0)	(85.0, 0.0)	(86.0, 0.0)	(87.0, 0.0)	(88.0, 0.0)	(89.0, 0.0)	(90.0, 0.0)	(91.0, 0.0)	(92.0, 0.0)	(93.0, 0.0)	(94.0, 0.0)	(95.0, 0.0)	(96.0, 0.0)	(97.0, 0.0)	(98.0, 0.0)	(99.0, 0.0)	(100.0, 0.0)
036R_L_M_NS1_S63_L001_R2_001	(0.0, 0.0)	(1.0, 0.0)	(2.0, 0.0)	(3.0, 0.0)	(4.0, 0.0)	(5.0, 0.0)	(6.0, 0.0)	(7.0, 0.0)	(8.0, 0.0)	(9.0, 0.0)	(10.0, 0.0)	(11.0, 0.0008269041535395632)	(12.0, 0.0)	(13.0, 0.0)	(14.0, 0.0)	(15.0, 0.0)	(16.0, 0.0)	(17.0, 0.0)	(18.0, 0.0016538083070791263)	(19.0, 0.0)	(20.0, 0.0)	(21.0, 0.0)	(22.0, 0.0)	(23.0, 0.0)	(24.0, 0.0)	(25.0, 0.0)	(26.0, 0.0)	(27.0, 0.0)	(28.0, 0.0)	(29.0, 0.0)	(30.0, 0.0)	(31.0, 0.0)	(32.0, 0.0)	(33.0, 0.00248071246061869)	(34.0, 0.0008269041535395632)	(35.0, 0.0008269041535395632)	(36.0, 0.0016538083070791263)	(37.0, 0.0)	(38.0, 0.004134520767697816)	(39.0, 0.007442137381856068)	(40.0, 0.0157111789172517)	(41.0, 0.022326412145568207)	(42.0, 0.04299901598405729)	(43.0, 0.05871019490130899)	(44.0, 0.08847874442873327)	(45.0, 0.1910148594676391)	(46.0, 0.7070030512763266)	(47.0, 2.0474146841639587)	(48.0, 6.77647953825672)	(49.0, 14.688298479323262)	(50.0, 18.427559061629168)	(51.0, 15.082731760561632)	(52.0, 4.136174576004895)	(53.0, 6.414295519006393)	(54.0, 7.466117602308716)	(55.0, 4.396649384369858)	(56.0, 9.477975407870472)	(57.0, 6.20922328892858)	(58.0, 1.651327594618508)	(59.0, 0.6168704985405141)	(60.0, 0.3530880735613935)	(61.0, 0.25468647929018545)	(62.0, 0.21334127161320732)	(63.0, 0.14057370610172573)	(64.0, 0.09426707350351021)	(65.0, 0.07607518212563982)	(66.0, 0.07276756551148157)	(67.0, 0.07359446966502113)	(68.0, 0.06367161982254636)	(69.0, 0.036383782755740786)	(70.0, 0.027287837066805588)	(71.0, 0.02067260383848908)	(72.0, 0.0057883290747769425)	(73.0, 0.00496142492123738)	(74.0, 0.0033076166141582527)	(75.0, 0.004134520767697816)	(76.0, 0.0033076166141582527)	(77.0, 0.0016538083070791263)	(78.0, 0.0008269041535395632)	(79.0, 0.0016538083070791263)	(80.0, 0.0008269041535395632)	(81.0, 0.0008269041535395632)	(82.0, 0.0008269041535395632)	(83.0, 0.0)	(84.0, 0.0)	(85.0, 0.0)	(86.0, 0.0)	(87.0, 0.0008269041535395632)	(88.0, 0.0016538083070791263)	(89.0, 0.0016538083070791263)	(90.0, 0.0008269041535395632)	(91.0, 0.0008269041535395632)	(92.0, 0.0008269041535395632)	(93.0, 0.0)	(94.0, 0.0008269041535395632)	(95.0, 0.0008269041535395632)	(96.0, 0.0)	(97.0, 0.0)	(98.0, 0.0)	(99.0, 0.0)	(100.0, 0.0)
036R_L_M_NS1_week5_S42_L001_R1_001	(0.0, 0.0)	(1.0, 0.0)	(2.0, 0.0)	(3.0, 0.0)	(4.0, 0.0)	(5.0, 0.0)	(6.0, 0.0)	(7.0, 0.0)	(8.0, 0.0)	(9.0, 0.0)	(10.0, 0.0)	(11.0, 0.0)	(12.0, 0.0)	(13.0, 0.0)	(14.0, 0.0)	(15.0, 0.0)	(16.0, 0.0)	(17.0, 0.0)	(18.0, 0.0)	(19.0, 0.0)	(20.0, 0.0)	(21.0, 0.0)	(22.0, 0.0)	(23.0, 0.0)	(24.0, 0.0)	(25.0, 0.0)	(26.0, 0.0)	(27.0, 0.0)	(28.0, 0.0)	(29.0, 0.0)	(30.0, 0.0)	(31.0, 0.0)	(32.0, 0.0)	(33.0, 0.0)	(34.0, 0.0)	(35.0, 0.0)	(36.0, 0.0)	(37.0, 0.00071370964864074)	(38.0, 0.00071370964864074)	(39.0, 0.00071370964864074)	(40.0, 0.0)	(41.0, 0.00142741929728148)	(42.0, 0.00285483859456296)	(43.0, 0.0035685482432037)	(44.0, 0.00927822543232962)	(45.0, 0.02069757981058146)	(46.0, 0.7422580345863696)	(47.0, 12.559148687131103)	(48.0, 17.222527531349698)	(49.0, 29.02799882951618)	(50.0, 5.212935273671965)	(51.0, 2.1018749152469796)	(52.0, 0.6444798127225881)	(53.0, 5.125862696537794)	(54.0, 18.23813636136547)	(55.0, 7.394745669566707)	(56.0, 0.6623225539386067)	(57.0, 0.27620563402396636)	(58.0, 0.15558870340368133)	(59.0, 0.22196370072727012)	(60.0, 0.09492338326921841)	(61.0, 0.05281451399941476)	(62.0, 0.02212499910786294)	(63.0, 0.00927822543232962)	(64.0, 0.00428225789184444)	(65.0, 0.00428225789184444)	(66.0, 0.040681449972522175)	(67.0, 0.10777015694475173)	(68.0, 0.02069757981058146)	(69.0, 0.01141935437825184)	(70.0, 0.00428225789184444)	(71.0, 0.00142741929728148)	(72.0, 0.0)	(73.0, 0.0)	(74.0, 0.0)	(75.0, 0.0)	(76.0, 0.0)	(77.0, 0.0)	(78.0, 0.0)	(79.0, 0.0)	(80.0, 0.0)	(81.0, 0.0)	(82.0, 0.0)	(83.0, 0.0)	(84.0, 0.0)	(85.0, 0.0)	(86.0, 0.0)	(87.0, 0.0)	(88.0, 0.0)	(89.0, 0.0)	(90.0, 0.0)	(91.0, 0.0)	(92.0, 0.0)	(93.0, 0.0)	(94.0, 0.0)	(95.0, 0.0)	(96.0, 0.0)	(97.0, 0.0)	(98.0, 0.0)	(99.0, 0.0)	(100.0, 0.0)
036R_L_M_NS1_week5_S42_L001_R2_001	(0.0, 0.0)	(1.0, 0.0)	(2.0, 0.0)	(3.0, 0.0)	(4.0, 0.0)	(5.0, 0.0)	(6.0, 0.0)	(7.0, 0.0)	(8.0, 0.0)	(9.0, 0.0)	(10.0, 0.0)	(11.0, 0.0)	(12.0, 0.0)	(13.0, 0.0)	(14.0, 0.0)	(15.0, 0.0)	(16.0, 0.0)	(17.0, 0.0)	(18.0, 0.0)	(19.0, 0.0)	(20.0, 0.0)	(21.0, 0.0)	(22.0, 0.0)	(23.0, 0.0)	(24.0, 0.0006998978149190218)	(25.0, 0.0)	(26.0, 0.0)	(27.0, 0.0)	(28.0, 0.0006998978149190218)	(29.0, 0.0)	(30.0, 0.0006998978149190218)	(31.0, 0.0006998978149190218)	(32.0, 0.0006998978149190218)	(33.0, 0.0013997956298380436)	(34.0, 0.0013997956298380436)	(35.0, 0.0020996934447570655)	(36.0, 0.0)	(37.0, 0.0013997956298380436)	(38.0, 0.002799591259676087)	(39.0, 0.002799591259676087)	(40.0, 0.004899284704433153)	(41.0, 0.010498467223785326)	(42.0, 0.01889724100281359)	(43.0, 0.025196321337084784)	(44.0, 0.054592029563683704)	(45.0, 0.12598160668542394)	(46.0, 0.6208093618331724)	(47.0, 1.8036366690463193)	(48.0, 6.76871176808186)	(49.0, 14.02455241534736)	(50.0, 18.686571760522963)	(51.0, 18.66627472389031)	(52.0, 4.669018323324795)	(53.0, 7.117960777726452)	(54.0, 7.344027771945296)	(55.0, 3.973319895295287)	(56.0, 8.09221853609373)	(57.0, 5.280729013564019)	(58.0, 1.2052240372905556)	(59.0, 0.4682316381808256)	(60.0, 0.2176682204398158)	(61.0, 0.17217486247007938)	(62.0, 0.1252817088705049)	(63.0, 0.09168661375439185)	(64.0, 0.06439059897255)	(65.0, 0.05949131426811685)	(66.0, 0.051792438304007614)	(67.0, 0.06928988367698316)	(68.0, 0.07348927056649729)	(69.0, 0.03569478856087011)	(70.0, 0.022396730077408698)	(71.0, 0.013298058483461416)	(72.0, 0.006998978149190218)	(73.0, 0.004899284704433153)	(74.0, 0.0020996934447570655)	(75.0, 0.0013997956298380436)	(76.0, 0.0013997956298380436)	(77.0, 0.0013997956298380436)	(78.0, 0.002799591259676087)	(79.0, 0.0)	(80.0, 0.0006998978149190218)	(81.0, 0.0)	(82.0, 0.0)	(83.0, 0.0)	(84.0, 0.0013997956298380436)	(85.0, 0.0020996934447570655)	(86.0, 0.0006998978149190218)	(87.0, 0.0)	(88.0, 0.0)	(89.0, 0.0)	(90.0, 0.0)	(91.0, 0.0)	(92.0, 0.0006998978149190218)	(93.0, 0.0)	(94.0, 0.0)	(95.0, 0.0)	(96.0, 0.0)	(97.0, 0.0)	(98.0, 0.0)	(99.0, 0.0)	(100.0, 0.0)
036R_NS1_week18_S34_L001_R1_001	(0.0, 0.0)	(1.0, 0.0)	(2.0, 0.0)	(3.0, 0.0)	(4.0, 0.0)	(5.0, 0.0)	(6.0, 0.0)	(7.0, 0.0)	(8.0, 0.0)	(9.0, 0.0)	(10.0, 0.0)	(11.0, 0.0)	(12.0, 0.0)	(13.0, 0.0)	(14.0, 0.0)	(15.0, 0.0)	(16.0, 0.0)	(17.0, 0.0)	(18.0, 0.0)	(19.0, 0.0)	(20.0, 0.0)	(21.0, 0.0)	(22.0, 0.0)	(23.0, 0.0)	(24.0, 0.0)	(25.0, 0.0)	(26.0, 0.0)	(27.0, 0.0)	(28.0, 0.0)	(29.0, 0.0)	(30.0, 0.0)	(31.0, 0.0)	(32.0, 0.0)	(33.0, 0.0)	(34.0, 0.0)	(35.0, 0.0)	(36.0, 0.0)	(37.0, 0.0)	(38.0, 0.0)	(39.0, 0.0)	(40.0, 0.0019201105983704663)	(41.0, 0.0019201105983704663)	(42.0, 0.0012800737322469773)	(43.0, 0.00448025806286442)	(44.0, 0.010240589857975818)	(45.0, 0.031361806440050946)	(46.0, 1.215430008768505)	(47.0, 20.661670112198465)	(48.0, 21.722211199365084)	(49.0, 26.81050428504682)	(50.0, 6.204517380201099)	(51.0, 2.5671878700213133)	(52.0, 0.6073949859511908)	(53.0, 4.909722800033282)	(54.0, 10.777580788653426)	(55.0, 3.161142081783911)	(56.0, 0.36226086622589465)	(57.0, 0.18305054371131776)	(58.0, 0.09472545618627633)	(59.0, 0.1132865253038575)	(60.0, 0.07424427647032468)	(61.0, 0.12864741009082123)	(62.0, 0.03776217510128583)	(63.0, 0.013440774188593263)	(64.0, 0.00896051612572884)	(65.0, 0.00448025806286442)	(66.0, 0.06400368661234887)	(67.0, 0.17280995385334197)	(68.0, 0.032641880172297924)	(69.0, 0.011520663590222796)	(70.0, 0.0038402211967409326)	(71.0, 0.00448025806286442)	(72.0, 0.0012800737322469773)	(73.0, 0.0)	(74.0, 0.0)	(75.0, 0.0)	(76.0, 0.0)	(77.0, 0.0)	(78.0, 0.0)	(79.0, 0.0)	(80.0, 0.0)	(81.0, 0.0)	(82.0, 0.0)	(83.0, 0.0)	(84.0, 0.0)	(85.0, 0.0)	(86.0, 0.0)	(87.0, 0.0)	(88.0, 0.0)	(89.0, 0.0)	(90.0, 0.0)	(91.0, 0.0)	(92.0, 0.0)	(93.0, 0.0)	(94.0, 0.0)	(95.0, 0.0)	(96.0, 0.0)	(97.0, 0.0)	(98.0, 0.0)	(99.0, 0.0)	(100.0, 0.0)
036R_NS1_week18_S34_L001_R2_001	(0.0, 0.0)	(1.0, 0.0)	(2.0, 0.0)	(3.0, 0.0)	(4.0, 0.0)	(5.0, 0.0)	(6.0, 0.0)	(7.0, 0.0)	(8.0, 0.0)	(9.0, 0.0)	(10.0, 0.0)	(11.0, 0.0)	(12.0, 0.0)	(13.0, 0.0)	(14.0, 0.0)	(15.0, 0.0)	(16.0, 0.0)	(17.0, 0.0)	(18.0, 0.0)	(19.0, 0.0)	(20.0, 0.0)	(21.0, 0.0)	(22.0, 0.0)	(23.0, 0.0)	(24.0, 0.0)	(25.0, 0.0)	(26.0, 0.0)	(27.0, 0.0)	(28.0, 0.0)	(29.0, 0.0006329073866621097)	(30.0, 0.0006329073866621097)	(31.0, 0.0)	(32.0, 0.0)	(33.0, 0.0)	(34.0, 0.0)	(35.0, 0.0018987221599863293)	(36.0, 0.002531629546648439)	(37.0, 0.002531629546648439)	(38.0, 0.0037974443199726587)	(39.0, 0.006961981253283208)	(40.0, 0.007594888639945317)	(41.0, 0.011392332959917975)	(42.0, 0.02341757330649806)	(43.0, 0.033544091493091815)	(44.0, 0.06392364605287308)	(45.0, 0.1689862722387833)	(46.0, 0.9430320061265435)	(47.0, 2.5683381750748415)	(48.0, 9.131587774760918)	(49.0, 19.872026126416923)	(50.0, 21.04543642128847)	(51.0, 17.71887519699242)	(52.0, 4.83604534148518)	(53.0, 8.147416788501339)	(54.0, 6.631603597445586)	(55.0, 2.1316320782779856)	(56.0, 3.005044271871697)	(57.0, 1.9936582679856456)	(58.0, 0.5487307042360491)	(59.0, 0.23607445522496692)	(60.0, 0.13417636597236726)	(61.0, 0.13417636597236726)	(62.0, 0.11898658869247664)	(63.0, 0.07025271991949418)	(64.0, 0.04177188751969924)	(65.0, 0.029113739786457045)	(66.0, 0.041138980133037135)	(67.0, 0.06835399775950785)	(68.0, 0.09683483015930279)	(69.0, 0.05569585002626566)	(70.0, 0.02531629546648439)	(71.0, 0.014556869893228522)	(72.0, 0.012658147733242194)	(73.0, 0.004430351706634769)	(74.0, 0.002531629546648439)	(75.0, 0.002531629546648439)	(76.0, 0.0018987221599863293)	(77.0, 0.0012658147733242194)	(78.0, 0.0012658147733242194)	(79.0, 0.0)	(80.0, 0.0)	(81.0, 0.0)	(82.0, 0.0006329073866621097)	(83.0, 0.0006329073866621097)	(84.0, 0.0006329073866621097)	(85.0, 0.0)	(86.0, 0.0006329073866621097)	(87.0, 0.0006329073866621097)	(88.0, 0.0)	(89.0, 0.0)	(90.0, 0.0006329073866621097)	(91.0, 0.0)	(92.0, 0.0)	(93.0, 0.0006329073866621097)	(94.0, 0.0)	(95.0, 0.0006329073866621097)	(96.0, 0.0)	(97.0, 0.0)	(98.0, 0.0006329073866621097)	(99.0, 0.0)	(100.0, 0.0)
036R_RL_M_NS1_S64_L001_R1_001	(0.0, 0.0)	(1.0, 0.0)	(2.0, 0.0)	(3.0, 0.0)	(4.0, 0.0)	(5.0, 0.0)	(6.0, 0.0)	(7.0, 0.0)	(8.0, 0.0)	(9.0, 0.0)	(10.0, 0.0)	(11.0, 0.0)	(12.0, 0.0)	(13.0, 0.0)	(14.0, 0.0)	(15.0, 0.0)	(16.0, 0.0)	(17.0, 0.0)	(18.0, 0.0)	(19.0, 0.0)	(20.0, 0.0)	(21.0, 0.0)	(22.0, 0.0)	(23.0, 0.0)	(24.0, 0.0)	(25.0, 0.0)	(26.0, 0.0)	(27.0, 0.0)	(28.0, 0.0)	(29.0, 0.0)	(30.0, 0.0)	(31.0, 0.0)	(32.0, 0.0)	(33.0, 0.0)	(34.0, 0.0)	(35.0, 0.0009822507293211664)	(36.0, 0.0029467521879634993)	(37.0, 0.0009822507293211664)	(38.0, 0.0009822507293211664)	(39.0, 0.001964501458642333)	(40.0, 0.010804758022532833)	(41.0, 0.007858005834569332)	(42.0, 0.006875755105248166)	(43.0, 0.010804758022532833)	(44.0, 0.012769259481175164)	(45.0, 0.023574017503707995)	(46.0, 1.007789248283517)	(47.0, 16.55190703979098)	(48.0, 18.698124883357725)	(49.0, 19.03012562986828)	(50.0, 4.48790358226841)	(51.0, 1.9920044790633258)	(52.0, 0.6099777029084443)	(53.0, 4.841513844824029)	(54.0, 22.51809796968774)	(55.0, 8.456196528725922)	(56.0, 0.7445460528254442)	(57.0, 0.2789592071272113)	(58.0, 0.14046185429292682)	(59.0, 0.1326038484583575)	(60.0, 0.07759780761637215)	(61.0, 0.07759780761637215)	(62.0, 0.026520769691671497)	(63.0, 0.0088402565638905)	(64.0, 0.005893504375926999)	(65.0, 0.005893504375926999)	(66.0, 0.03634327698488316)	(67.0, 0.1286748455410728)	(68.0, 0.03929002917284666)	(69.0, 0.0088402565638905)	(70.0, 0.007858005834569332)	(71.0, 0.0029467521879634993)	(72.0, 0.001964501458642333)	(73.0, 0.0009822507293211664)	(74.0, 0.0)	(75.0, 0.0)	(76.0, 0.0)	(77.0, 0.0)	(78.0, 0.0)	(79.0, 0.0)	(80.0, 0.0)	(81.0, 0.0)	(82.0, 0.0)	(83.0, 0.0)	(84.0, 0.0)	(85.0, 0.0)	(86.0, 0.0)	(87.0, 0.0)	(88.0, 0.0)	(89.0, 0.0)	(90.0, 0.0)	(91.0, 0.0)	(92.0, 0.0)	(93.0, 0.0)	(94.0, 0.0)	(95.0, 0.0)	(96.0, 0.0)	(97.0, 0.0)	(98.0, 0.0)	(99.0, 0.0)	(100.0, 0.0)
036R_RL_M_NS1_S64_L001_R2_001	(0.0, 0.0)	(1.0, 0.0)	(2.0, 0.0)	(3.0, 0.0)	(4.0, 0.0)	(5.0, 0.0)	(6.0, 0.0)	(7.0, 0.0)	(8.0, 0.0)	(9.0, 0.0)	(10.0, 0.0)	(11.0, 0.0009714868606402098)	(12.0, 0.0009714868606402098)	(13.0, 0.0)	(14.0, 0.0)	(15.0, 0.0009714868606402098)	(16.0, 0.0009714868606402098)	(17.0, 0.0009714868606402098)	(18.0, 0.0009714868606402098)	(19.0, 0.0009714868606402098)	(20.0, 0.0)	(21.0, 0.0)	(22.0, 0.0)	(23.0, 0.0)	(24.0, 0.0)	(25.0, 0.0)	(26.0, 0.0009714868606402098)	(27.0, 0.0)	(28.0, 0.0)	(29.0, 0.0)	(30.0, 0.0)	(31.0, 0.0)	(32.0, 0.0009714868606402098)	(33.0, 0.0009714868606402098)	(34.0, 0.0)	(35.0, 0.0029144605819206295)	(36.0, 0.0029144605819206295)	(37.0, 0.0019429737212804197)	(38.0, 0.004857434303201049)	(39.0, 0.011657842327682518)	(40.0, 0.01068635546704231)	(41.0, 0.02137271093408462)	(42.0, 0.039830961286248606)	(43.0, 0.07091854082673532)	(44.0, 0.1175499101374654)	(45.0, 0.20595521445572448)	(46.0, 0.8403361344537815)	(47.0, 2.3305969786758634)	(48.0, 7.584397921018119)	(49.0, 16.853354058386362)	(50.0, 16.33749453538641)	(51.0, 11.839510370622238)	(52.0, 3.747024821489289)	(53.0, 6.2874629620634375)	(54.0, 7.615485500558606)	(55.0, 4.680623694564531)	(56.0, 10.197697576140282)	(57.0, 7.021907028707437)	(58.0, 1.879827075338806)	(59.0, 0.6800408024481469)	(60.0, 0.3555641909943168)	(61.0, 0.27104483411861857)	(62.0, 0.22247049108660805)	(63.0, 0.1486374896779521)	(64.0, 0.11560693641618498)	(65.0, 0.09034827803953951)	(66.0, 0.06217515908097343)	(67.0, 0.07480448826929616)	(68.0, 0.10103463350658183)	(69.0, 0.060232185359693005)	(70.0, 0.03497352698304756)	(71.0, 0.011657842327682518)	(72.0, 0.00874338174576189)	(73.0, 0.00874338174576189)	(74.0, 0.00874338174576189)	(75.0, 0.005828921163841259)	(76.0, 0.0019429737212804197)	(77.0, 0.0038859474425608394)	(78.0, 0.0019429737212804197)	(79.0, 0.0)	(80.0, 0.0009714868606402098)	(81.0, 0.0019429737212804197)	(82.0, 0.0029144605819206295)	(83.0, 0.0009714868606402098)	(84.0, 0.0)	(85.0, 0.0029144605819206295)	(86.0, 0.0009714868606402098)	(87.0, 0.0)	(88.0, 0.0)	(89.0, 0.0009714868606402098)	(90.0, 0.0029144605819206295)	(91.0, 0.0009714868606402098)	(92.0, 0.0)	(93.0, 0.0)	(94.0, 0.0)	(95.0, 0.0)	(96.0, 0.0)	(97.0, 0.0)	(98.0, 0.0)	(99.0, 0.0)	(100.0, 0.0)
036R_RL_M_NS1_week5_S43_L001_R1_001	(0.0, 0.0)	(1.0, 0.0)	(2.0, 0.0)	(3.0, 0.0)	(4.0, 0.0)	(5.0, 0.0)	(6.0, 0.0)	(7.0, 0.0)	(8.0, 0.0)	(9.0, 0.0)	(10.0, 0.0)	(11.0, 0.0)	(12.0, 0.0)	(13.0, 0.0)	(14.0, 0.0)	(15.0, 0.0)	(16.0, 0.0)	(17.0, 0.0)	(18.0, 0.0)	(19.0, 0.0)	(20.0, 0.0)	(21.0, 0.0)	(22.0, 0.0)	(23.0, 0.0)	(24.0, 0.0)	(25.0, 0.0)	(26.0, 0.0)	(27.0, 0.0)	(28.0, 0.0)	(29.0, 0.0)	(30.0, 0.0)	(31.0, 0.0)	(32.0, 0.0)	(33.0, 0.0)	(34.0, 0.0)	(35.0, 0.0)	(36.0, 0.0)	(37.0, 0.0)	(38.0, 0.0)	(39.0, 0.0)	(40.0, 0.0006329314218804393)	(41.0, 0.0037975885312826353)	(42.0, 0.004430519953163075)	(43.0, 0.008228108484445709)	(44.0, 0.00886103990632615)	(45.0, 0.037975885312826356)	(46.0, 1.4848571157315105)	(47.0, 14.255514415013135)	(48.0, 17.15750498433495)	(49.0, 25.742586790721226)	(50.0, 5.379284154561853)	(51.0, 2.0709516123927973)	(52.0, 0.6747048957245483)	(53.0, 6.212854837178392)	(54.0, 18.566410329440806)	(55.0, 6.663502009557265)	(56.0, 0.6810342099433526)	(57.0, 0.296844836861926)	(58.0, 0.15253647267318587)	(59.0, 0.20950030064242536)	(60.0, 0.09810437039146809)	(61.0, 0.0500015823285547)	(62.0, 0.021519668343934935)	(63.0, 0.012025697015728346)	(64.0, 0.008228108484445709)	(65.0, 0.006329314218804392)	(66.0, 0.042406405265989426)	(67.0, 0.1031678217665116)	(68.0, 0.029114845406500205)	(69.0, 0.010126902750087029)	(70.0, 0.0050634513750435145)	(71.0, 0.0018987942656413176)	(72.0, 0.0)	(73.0, 0.0)	(74.0, 0.0)	(75.0, 0.0)	(76.0, 0.0)	(77.0, 0.0)	(78.0, 0.0)	(79.0, 0.0)	(80.0, 0.0)	(81.0, 0.0)	(82.0, 0.0)	(83.0, 0.0)	(84.0, 0.0)	(85.0, 0.0)	(86.0, 0.0)	(87.0, 0.0)	(88.0, 0.0)	(89.0, 0.0)	(90.0, 0.0)	(91.0, 0.0)	(92.0, 0.0)	(93.0, 0.0)	(94.0, 0.0)	(95.0, 0.0)	(96.0, 0.0)	(97.0, 0.0)	(98.0, 0.0)	(99.0, 0.0)	(100.0, 0.0)
036R_RL_M_NS1_week5_S43_L001_R2_001	(0.0, 0.0)	(1.0, 0.0)	(2.0, 0.0)	(3.0, 0.0)	(4.0, 0.0)	(5.0, 0.0)	(6.0, 0.0)	(7.0, 0.0)	(8.0, 0.0)	(9.0, 0.0)	(10.0, 0.0)	(11.0, 0.0)	(12.0, 0.0)	(13.0, 0.0)	(14.0, 0.0)	(15.0, 0.0)	(16.0, 0.0)	(17.0, 0.0)	(18.0, 0.0)	(19.0, 0.0)	(20.0, 0.0)	(21.0, 0.0)	(22.0, 0.0)	(23.0, 0.0)	(24.0, 0.0)	(25.0, 0.0)	(26.0, 0.0)	(27.0, 0.0)	(28.0, 0.0)	(29.0, 0.0)	(30.0, 0.0)	(31.0, 0.0)	(32.0, 0.0006238419932999371)	(33.0, 0.0)	(34.0, 0.0)	(35.0, 0.0)	(36.0, 0.0006238419932999371)	(37.0, 0.0031192099664996854)	(38.0, 0.0024953679731997483)	(39.0, 0.003743051959799622)	(40.0, 0.010605313886098928)	(41.0, 0.014972207839198488)	(42.0, 0.016219891825798364)	(43.0, 0.030568257671696915)	(44.0, 0.06051267335009389)	(45.0, 0.148474394405385)	(46.0, 0.7673256517589224)	(47.0, 2.1029713594140875)	(48.0, 7.438691928108448)	(49.0, 14.408878519248644)	(50.0, 17.42390687286724)	(51.0, 16.93481475012009)	(52.0, 5.136714972831681)	(53.0, 7.657036625763427)	(54.0, 7.051909892262488)	(55.0, 4.134200889598683)	(56.0, 7.587790164507134)	(57.0, 5.754318546198619)	(58.0, 1.5851825049751398)	(59.0, 0.5570909000168437)	(60.0, 0.28135273897827157)	(61.0, 0.19775791187608005)	(62.0, 0.14410750045228546)	(63.0, 0.09544782497489035)	(64.0, 0.05988883135679395)	(65.0, 0.054898095410394455)	(66.0, 0.05302656943049465)	(67.0, 0.05552193740369439)	(68.0, 0.06799877726969314)	(69.0, 0.05552193740369439)	(70.0, 0.03493515162479647)	(71.0, 0.025577521725297415)	(72.0, 0.009981471892798993)	(73.0, 0.003743051959799622)	(74.0, 0.0031192099664996854)	(75.0, 0.006238419932999371)	(76.0, 0.0031192099664996854)	(77.0, 0.001871525979899811)	(78.0, 0.0012476839865998741)	(79.0, 0.001871525979899811)	(80.0, 0.0)	(81.0, 0.0006238419932999371)	(82.0, 0.0006238419932999371)	(83.0, 0.0006238419932999371)	(84.0, 0.0006238419932999371)	(85.0, 0.0006238419932999371)	(86.0, 0.0006238419932999371)	(87.0, 0.001871525979899811)	(88.0, 0.0)	(89.0, 0.0)	(90.0, 0.0)	(91.0, 0.0)	(92.0, 0.0006238419932999371)	(93.0, 0.001871525979899811)	(94.0, 0.0012476839865998741)	(95.0, 0.0)	(96.0, 0.0006238419932999371)	(97.0, 0.0)	(98.0, 0.0)	(99.0, 0.0)	(100.0, 0.0)
036R_RR_M_NS1_S65_L001_R1_001	(0.0, 0.0)	(1.0, 0.0)	(2.0, 0.0)	(3.0, 0.0)	(4.0, 0.0)	(5.0, 0.0)	(6.0, 0.0)	(7.0, 0.0)	(8.0, 0.0)	(9.0, 0.0)	(10.0, 0.0)	(11.0, 0.0)	(12.0, 0.0)	(13.0, 0.0)	(14.0, 0.0)	(15.0, 0.0)	(16.0, 0.0)	(17.0, 0.0)	(18.0, 0.0)	(19.0, 0.0)	(20.0, 0.0)	(21.0, 0.0)	(22.0, 0.0)	(23.0, 0.0)	(24.0, 0.0)	(25.0, 0.0)	(26.0, 0.0)	(27.0, 0.0006629673090819892)	(28.0, 0.0)	(29.0, 0.0)	(30.0, 0.0)	(31.0, 0.0)	(32.0, 0.0)	(33.0, 0.0)	(34.0, 0.0)	(35.0, 0.0)	(36.0, 0.0006629673090819892)	(37.0, 0.0006629673090819892)	(38.0, 0.0006629673090819892)	(39.0, 0.0006629673090819892)	(40.0, 0.0006629673090819892)	(41.0, 0.0033148365454099458)	(42.0, 0.003977803854491935)	(43.0, 0.003977803854491935)	(44.0, 0.00861857501806586)	(45.0, 0.02850759429052553)	(46.0, 1.0812996811127245)	(47.0, 16.82412140257364)	(48.0, 19.592009917990943)	(49.0, 21.262024569568474)	(50.0, 5.535114063525528)	(51.0, 2.341600535677586)	(52.0, 0.607941022428184)	(53.0, 4.632152588555858)	(54.0, 19.138540278578866)	(55.0, 7.214410257430207)	(56.0, 0.6490449955912674)	(57.0, 0.2930315506142392)	(58.0, 0.16905666381590723)	(59.0, 0.18761974847020293)	(60.0, 0.08883761941698655)	(61.0, 0.06894860014452688)	(62.0, 0.02386682312695161)	(63.0, 0.011270444254393816)	(64.0, 0.005966705781737903)	(65.0, 0.0033148365454099458)	(66.0, 0.05303738472655913)	(67.0, 0.11800818101659408)	(68.0, 0.027181659672361552)	(69.0, 0.005966705781737903)	(70.0, 0.007292640399901881)	(71.0, 0.003977803854491935)	(72.0, 0.0013259346181639783)	(73.0, 0.0006629673090819892)	(74.0, 0.0)	(75.0, 0.0)	(76.0, 0.0)	(77.0, 0.0)	(78.0, 0.0)	(79.0, 0.0)	(80.0, 0.0)	(81.0, 0.0)	(82.0, 0.0)	(83.0, 0.0)	(84.0, 0.0)	(85.0, 0.0)	(86.0, 0.0)	(87.0, 0.0)	(88.0, 0.0)	(89.0, 0.0)	(90.0, 0.0)	(91.0, 0.0)	(92.0, 0.0)	(93.0, 0.0)	(94.0, 0.0)	(95.0, 0.0)	(96.0, 0.0)	(97.0, 0.0)	(98.0, 0.0)	(99.0, 0.0)	(100.0, 0.0)
036R_RR_M_NS1_S65_L001_R2_001	(0.0, 0.0)	(1.0, 0.0)	(2.0, 0.0)	(3.0, 0.0)	(4.0, 0.0)	(5.0, 0.0)	(6.0, 0.0)	(7.0, 0.0)	(8.0, 0.0)	(9.0, 0.0)	(10.0, 0.0)	(11.0, 0.0)	(12.0, 0.0)	(13.0, 0.0)	(14.0, 0.0)	(15.0, 0.0)	(16.0, 0.0)	(17.0, 0.0)	(18.0, 0.0)	(19.0, 0.0)	(20.0, 0.0)	(21.0, 0.0)	(22.0, 0.0)	(23.0, 0.0)	(24.0, 0.0)	(25.0, 0.0)	(26.0, 0.000666204764696477)	(27.0, 0.0)	(28.0, 0.0)	(29.0, 0.000666204764696477)	(30.0, 0.0)	(31.0, 0.000666204764696477)	(32.0, 0.0019986142940894313)	(33.0, 0.000666204764696477)	(34.0, 0.000666204764696477)	(35.0, 0.001332409529392954)	(36.0, 0.000666204764696477)	(37.0, 0.002664819058785908)	(38.0, 0.0033310238234823854)	(39.0, 0.005329638117571816)	(40.0, 0.003997228588178863)	(41.0, 0.008660661941054203)	(42.0, 0.014656504823322496)	(43.0, 0.024649576293769654)	(44.0, 0.035975057293609766)	(45.0, 0.10792517188082928)	(46.0, 0.6628737408729948)	(47.0, 2.0512444705004533)	(48.0, 6.322949421734264)	(49.0, 16.958242285348824)	(50.0, 16.975563609230935)	(51.0, 15.334035069018814)	(52.0, 4.007887864414006)	(53.0, 6.506821936790493)	(54.0, 8.666657783936472)	(55.0, 4.410941747055375)	(56.0, 8.073735543356605)	(57.0, 6.487501998614293)	(58.0, 1.6874966689761766)	(59.0, 0.5436230879923254)	(60.0, 0.22984064382028463)	(61.0, 0.17188082929169107)	(62.0, 0.14390022917443906)	(63.0, 0.08594041464584554)	(64.0, 0.06462186217555828)	(65.0, 0.06528806694025475)	(66.0, 0.05596120023450407)	(67.0, 0.05396258594041464)	(68.0, 0.08793902893993498)	(69.0, 0.05263017641102169)	(70.0, 0.02997921441134147)	(71.0, 0.019986142940894312)	(72.0, 0.008660661941054203)	(73.0, 0.005329638117571816)	(74.0, 0.001332409529392954)	(75.0, 0.002664819058785908)	(76.0, 0.001332409529392954)	(77.0, 0.0019986142940894313)	(78.0, 0.000666204764696477)	(79.0, 0.001332409529392954)	(80.0, 0.002664819058785908)	(81.0, 0.002664819058785908)	(82.0, 0.001332409529392954)	(83.0, 0.0)	(84.0, 0.0)	(85.0, 0.0)	(86.0, 0.0)	(87.0, 0.0)	(88.0, 0.0)	(89.0, 0.001332409529392954)	(90.0, 0.001332409529392954)	(91.0, 0.0)	(92.0, 0.000666204764696477)	(93.0, 0.000666204764696477)	(94.0, 0.0)	(95.0, 0.0)	(96.0, 0.0)	(97.0, 0.0)	(98.0, 0.0)	(99.0, 0.0)	(100.0, 0.0)
036R_RR_M_NS1_week5_S44_L001_R1_001	(0.0, 0.0)	(1.0, 0.0)	(2.0, 0.0)	(3.0, 0.0)	(4.0, 0.0)	(5.0, 0.0)	(6.0, 0.0)	(7.0, 0.0)	(8.0, 0.0)	(9.0, 0.0)	(10.0, 0.0)	(11.0, 0.0)	(12.0, 0.0)	(13.0, 0.0)	(14.0, 0.0)	(15.0, 0.0)	(16.0, 0.0)	(17.0, 0.0)	(18.0, 0.0)	(19.0, 0.0)	(20.0, 0.0)	(21.0, 0.0)	(22.0, 0.0)	(23.0, 0.0)	(24.0, 0.0)	(25.0, 0.0)	(26.0, 0.0)	(27.0, 0.0)	(28.0, 0.0)	(29.0, 0.0)	(30.0, 0.0)	(31.0, 0.0)	(32.0, 0.0)	(33.0, 0.0)	(34.0, 0.0)	(35.0, 0.0005335467520341471)	(36.0, 0.0042683740162731765)	(37.0, 0.003201280512204882)	(38.0, 0.0005335467520341471)	(39.0, 0.0005335467520341471)	(40.0, 0.0005335467520341471)	(41.0, 0.0005335467520341471)	(42.0, 0.002667733760170735)	(43.0, 0.006936107776443911)	(44.0, 0.009603841536614645)	(45.0, 0.027744431105775645)	(46.0, 0.951313858876884)	(47.0, 11.122315592903828)	(48.0, 16.291316526610643)	(49.0, 29.226090436174466)	(50.0, 4.26890756302521)	(51.0, 1.4763238628784847)	(52.0, 0.6503934907296252)	(53.0, 5.360010670935041)	(54.0, 20.678671468587435)	(55.0, 8.100306789382419)	(56.0, 0.7565692943844204)	(57.0, 0.3030545551553955)	(58.0, 0.17020141389889287)	(59.0, 0.22889155662264904)	(60.0, 0.10297452314259037)	(61.0, 0.06722689075630252)	(62.0, 0.026143790849673207)	(63.0, 0.010137388288648793)	(64.0, 0.0042683740162731765)	(65.0, 0.0037348272642390287)	(66.0, 0.02881152460984394)	(67.0, 0.08750166733360011)	(68.0, 0.016539949313058556)	(69.0, 0.006936107776443911)	(70.0, 0.001600640256102441)	(71.0, 0.0010670935040682941)	(72.0, 0.0010670935040682941)	(73.0, 0.0005335467520341471)	(74.0, 0.0)	(75.0, 0.0)	(76.0, 0.0)	(77.0, 0.0)	(78.0, 0.0)	(79.0, 0.0)	(80.0, 0.0)	(81.0, 0.0)	(82.0, 0.0)	(83.0, 0.0)	(84.0, 0.0)	(85.0, 0.0)	(86.0, 0.0)	(87.0, 0.0)	(88.0, 0.0)	(89.0, 0.0)	(90.0, 0.0)	(91.0, 0.0)	(92.0, 0.0)	(93.0, 0.0)	(94.0, 0.0)	(95.0, 0.0)	(96.0, 0.0)	(97.0, 0.0)	(98.0, 0.0)	(99.0, 0.0)	(100.0, 0.0)
036R_RR_M_NS1_week5_S44_L001_R2_001	(0.0, 0.0)	(1.0, 0.0)	(2.0, 0.0)	(3.0, 0.0)	(4.0, 0.0)	(5.0, 0.0)	(6.0, 0.0)	(7.0, 0.0)	(8.0, 0.0)	(9.0, 0.0)	(10.0, 0.0)	(11.0, 0.0)	(12.0, 0.0)	(13.0, 0.0)	(14.0, 0.0)	(15.0, 0.0)	(16.0, 0.0)	(17.0, 0.0)	(18.0, 0.0005235081326988415)	(19.0, 0.0)	(20.0, 0.0)	(21.0, 0.0)	(22.0, 0.0)	(23.0, 0.0)	(24.0, 0.0)	(25.0, 0.0)	(26.0, 0.0)	(27.0, 0.0)	(28.0, 0.0)	(29.0, 0.0)	(30.0, 0.001047016265397683)	(31.0, 0.002094032530795366)	(32.0, 0.001047016265397683)	(33.0, 0.0015705243980965245)	(34.0, 0.0005235081326988415)	(35.0, 0.0026175406634942073)	(36.0, 0.003141048796193049)	(37.0, 0.003141048796193049)	(38.0, 0.0015705243980965245)	(39.0, 0.002094032530795366)	(40.0, 0.0036645569288918903)	(41.0, 0.007852621990482624)	(42.0, 0.016228752113664088)	(43.0, 0.019369800909857137)	(44.0, 0.043974683146702685)	(45.0, 0.11935985425533585)	(46.0, 0.5863291086227024)	(47.0, 1.6087404917835397)	(48.0, 6.084735026358635)	(49.0, 12.624398620032562)	(50.0, 19.01067433082573)	(51.0, 19.369800909857133)	(52.0, 4.249315513116496)	(53.0, 6.114574989922469)	(54.0, 6.064318209183379)	(55.0, 4.336217863144504)	(56.0, 10.141923054774656)	(57.0, 6.478413142148163)	(58.0, 1.4663462796894549)	(59.0, 0.5434014417413975)	(60.0, 0.2539014443589381)	(61.0, 0.18532187897538988)	(62.0, 0.13977667143059067)	(63.0, 0.09684900454928566)	(64.0, 0.07904972803752507)	(65.0, 0.055491862066077195)	(66.0, 0.053397829535281834)	(67.0, 0.07276763044513897)	(68.0, 0.0706735979143436)	(69.0, 0.030886979829231644)	(70.0, 0.016752260246362928)	(71.0, 0.01047016265397683)	(72.0, 0.006805605725084939)	(73.0, 0.004188065061590732)	(74.0, 0.003141048796193049)	(75.0, 0.002094032530795366)	(76.0, 0.002094032530795366)	(77.0, 0.002094032530795366)	(78.0, 0.0)	(79.0, 0.0)	(80.0, 0.0)	(81.0, 0.0005235081326988415)	(82.0, 0.0)	(83.0, 0.0005235081326988415)	(84.0, 0.001047016265397683)	(85.0, 0.0)	(86.0, 0.0)	(87.0, 0.0005235081326988415)	(88.0, 0.0005235081326988415)	(89.0, 0.0)	(90.0, 0.0)	(91.0, 0.0005235081326988415)	(92.0, 0.0005235081326988415)	(93.0, 0.0)	(94.0, 0.0)	(95.0, 0.0)	(96.0, 0.0)	(97.0, 0.0)	(98.0, 0.0005235081326988415)	(99.0, 0.0005235081326988415)	(100.0, 0.0)
1030R_RR_M_NS1_week5_S45_L001_R1_001	(0.0, 0.0)	(1.0, 0.0)	(2.0, 0.0)	(3.0, 0.0)	(4.0, 0.0)	(5.0, 0.0)	(6.0, 0.0)	(7.0, 0.0)	(8.0, 0.0)	(9.0, 0.0)	(10.0, 0.0)	(11.0, 0.0)	(12.0, 0.0)	(13.0, 0.0)	(14.0, 0.0)	(15.0, 0.0)	(16.0, 0.0)	(17.0, 0.0)	(18.0, 0.0)	(19.0, 0.0)	(20.0, 0.0)	(21.0, 0.0)	(22.0, 0.0)	(23.0, 0.0)	(24.0, 0.0)	(25.0, 0.0)	(26.0, 0.0)	(27.0, 0.0)	(28.0, 0.0)	(29.0, 0.0)	(30.0, 0.0)	(31.0, 0.0)	(32.0, 0.0)	(33.0, 0.0)	(34.0, 0.0)	(35.0, 0.0)	(36.0, 0.0)	(37.0, 0.0)	(38.0, 0.0)	(39.0, 0.0011484352569623886)	(40.0, 0.002871088142405972)	(41.0, 0.002871088142405972)	(42.0, 0.00401952339936836)	(43.0, 0.009761699684180305)	(44.0, 0.01320700545506747)	(45.0, 0.03273040482342808)	(46.0, 1.0008613264427217)	(47.0, 10.782658627619867)	(48.0, 16.98478323284525)	(49.0, 32.922767728969276)	(50.0, 4.697100200976171)	(51.0, 1.5750789549239161)	(52.0, 0.6006316393913292)	(53.0, 4.128050531151306)	(54.0, 18.616709732988802)	(55.0, 6.927361469997129)	(56.0, 0.5834051105368935)	(57.0, 0.28308929084122886)	(58.0, 0.16709732988802756)	(59.0, 0.24231983921906403)	(60.0, 0.08498420901521676)	(61.0, 0.04938271604938272)	(62.0, 0.02239448751076658)	(63.0, 0.01550387596899225)	(64.0, 0.00516795865633075)	(65.0, 0.002871088142405972)	(66.0, 0.04191788687912719)	(67.0, 0.13034740166523112)	(68.0, 0.0304335343095033)	(69.0, 0.02239448751076658)	(70.0, 0.011484352569623888)	(71.0, 0.002871088142405972)	(72.0, 0.0011484352569623886)	(73.0, 0.0005742176284811943)	(74.0, 0.0)	(75.0, 0.0)	(76.0, 0.0)	(77.0, 0.0)	(78.0, 0.0)	(79.0, 0.0)	(80.0, 0.0)	(81.0, 0.0)	(82.0, 0.0)	(83.0, 0.0)	(84.0, 0.0)	(85.0, 0.0)	(86.0, 0.0)	(87.0, 0.0)	(88.0, 0.0)	(89.0, 0.0)	(90.0, 0.0)	(91.0, 0.0)	(92.0, 0.0)	(93.0, 0.0)	(94.0, 0.0)	(95.0, 0.0)	(96.0, 0.0)	(97.0, 0.0)	(98.0, 0.0)	(99.0, 0.0)	(100.0, 0.0)
1030R_RR_M_NS1_week5_S45_L001_R2_001	(0.0, 0.0)	(1.0, 0.0)	(2.0, 0.0)	(3.0, 0.0)	(4.0, 0.0)	(5.0, 0.0)	(6.0, 0.0)	(7.0, 0.0)	(8.0, 0.0)	(9.0, 0.0)	(10.0, 0.0)	(11.0, 0.0)	(12.0, 0.0)	(13.0, 0.0)	(14.0, 0.0)	(15.0, 0.0)	(16.0, 0.0)	(17.0, 0.0)	(18.0, 0.00056105073581804)	(19.0, 0.0)	(20.0, 0.0)	(21.0, 0.0)	(22.0, 0.0)	(23.0, 0.0)	(24.0, 0.00056105073581804)	(25.0, 0.0)	(26.0, 0.0)	(27.0, 0.0)	(28.0, 0.0)	(29.0, 0.0)	(30.0, 0.0)	(31.0, 0.0)	(32.0, 0.0)	(33.0, 0.0)	(34.0, 0.00112210147163608)	(35.0, 0.00056105073581804)	(36.0, 0.00056105073581804)	(37.0, 0.0028052536790902)	(38.0, 0.00392735515072628)	(39.0, 0.00224420294327216)	(40.0, 0.00448840588654432)	(41.0, 0.00729365956563452)	(42.0, 0.01346521765963296)	(43.0, 0.021319927961085523)	(44.0, 0.04544510960126125)	(45.0, 0.10435543686215544)	(46.0, 0.5436581630076808)	(47.0, 1.5945061911948697)	(48.0, 6.285451393369502)	(49.0, 12.364997166693783)	(50.0, 20.254492613767063)	(51.0, 21.950548988144998)	(52.0, 3.7343536976048743)	(53.0, 4.776224914018975)	(54.0, 5.087047021662169)	(55.0, 3.791019821922496)	(56.0, 9.852050920964784)	(57.0, 6.31743128531113)	(58.0, 1.4901507543327144)	(59.0, 0.5324371482913199)	(60.0, 0.28781902747465454)	(61.0, 0.1890740979706795)	(62.0, 0.1385795317470559)	(63.0, 0.12006485746506057)	(64.0, 0.070131341977255)	(65.0, 0.056105073581804006)	(66.0, 0.04544510960126125)	(67.0, 0.08023025522197971)	(68.0, 0.09369547288161269)	(69.0, 0.054421921374349876)	(70.0, 0.02580833384762984)	(71.0, 0.02019782648944944)	(72.0, 0.01290416692381492)	(73.0, 0.0056105073581804)	(74.0, 0.00392735515072628)	(75.0, 0.00448840588654432)	(76.0, 0.00168315220745412)	(77.0, 0.00112210147163608)	(78.0, 0.00112210147163608)	(79.0, 0.00112210147163608)	(80.0, 0.00056105073581804)	(81.0, 0.00056105073581804)	(82.0, 0.00112210147163608)	(83.0, 0.00056105073581804)	(84.0, 0.0)	(85.0, 0.0)	(86.0, 0.0)	(87.0, 0.0)	(88.0, 0.0)	(89.0, 0.00056105073581804)	(90.0, 0.0)	(91.0, 0.0)	(92.0, 0.0)	(93.0, 0.0)	(94.0, 0.0)	(95.0, 0.0)	(96.0, 0.0)	(97.0, 0.0)	(98.0, 0.0)	(99.0, 0.0)	(100.0, 0.0)
1030R_RR_M_NS1_week9_S66_L001_R1_001	(0.0, 0.0)	(1.0, 0.0)	(2.0, 0.0)	(3.0, 0.0)	(4.0, 0.0)	(5.0, 0.0)	(6.0, 0.0)	(7.0, 0.0)	(8.0, 0.0)	(9.0, 0.0)	(10.0, 0.0)	(11.0, 0.0)	(12.0, 0.0)	(13.0, 0.0)	(14.0, 0.0)	(15.0, 0.0)	(16.0, 0.0)	(17.0, 0.0)	(18.0, 0.0)	(19.0, 0.0)	(20.0, 0.0)	(21.0, 0.0)	(22.0, 0.0)	(23.0, 0.0)	(24.0, 0.0)	(25.0, 0.0)	(26.0, 0.0)	(27.0, 0.0)	(28.0, 0.0)	(29.0, 0.0)	(30.0, 0.0)	(31.0, 0.0)	(32.0, 0.0)	(33.0, 0.0)	(34.0, 0.0)	(35.0, 0.0)	(36.0, 0.0)	(37.0, 0.0)	(38.0, 0.0)	(39.0, 0.0007639827951074541)	(40.0, 0.0007639827951074541)	(41.0, 0.0007639827951074541)	(42.0, 0.0030559311804298165)	(43.0, 0.007639827951074542)	(44.0, 0.01298770751682672)	(45.0, 0.024447449443438532)	(46.0, 1.0840915862574776)	(47.0, 17.038344296486443)	(48.0, 17.10251885127547)	(49.0, 16.238454310008937)	(50.0, 5.955245887862605)	(51.0, 2.6235169183989977)	(52.0, 0.6547332554070883)	(53.0, 6.075191186694476)	(54.0, 22.87899276508293)	(55.0, 8.502364526750858)	(56.0, 0.7548150015661648)	(57.0, 0.2880215137555102)	(58.0, 0.158144438587243)	(59.0, 0.1802999396453592)	(60.0, 0.09855378056886159)	(61.0, 0.0848020902569274)	(62.0, 0.04049108814069507)	(63.0, 0.017571604287471447)	(64.0, 0.002291948385322363)	(65.0, 0.0015279655902149082)	(66.0, 0.03590719137005035)	(67.0, 0.09244191820800196)	(68.0, 0.022155501058116173)	(69.0, 0.008403810746181996)	(70.0, 0.004583896770644726)	(71.0, 0.003819913975537271)	(72.0, 0.002291948385322363)	(73.0, 0.0)	(74.0, 0.0)	(75.0, 0.0)	(76.0, 0.0)	(77.0, 0.0)	(78.0, 0.0)	(79.0, 0.0)	(80.0, 0.0)	(81.0, 0.0)	(82.0, 0.0)	(83.0, 0.0)	(84.0, 0.0)	(85.0, 0.0)	(86.0, 0.0)	(87.0, 0.0)	(88.0, 0.0)	(89.0, 0.0)	(90.0, 0.0)	(91.0, 0.0)	(92.0, 0.0)	(93.0, 0.0)	(94.0, 0.0)	(95.0, 0.0)	(96.0, 0.0)	(97.0, 0.0)	(98.0, 0.0)	(99.0, 0.0)	(100.0, 0.0)
1030R_RR_M_NS1_week9_S66_L001_R2_001	(0.0, 0.0)	(1.0, 0.0)	(2.0, 0.0)	(3.0, 0.0)	(4.0, 0.0)	(5.0, 0.0)	(6.0, 0.0)	(7.0, 0.0)	(8.0, 0.0)	(9.0, 0.0)	(10.0, 0.0)	(11.0, 0.0)	(12.0, 0.0)	(13.0, 0.0)	(14.0, 0.0)	(15.0, 0.0)	(16.0, 0.0)	(17.0, 0.0)	(18.0, 0.0)	(19.0, 0.0)	(20.0, 0.0)	(21.0, 0.0)	(22.0, 0.0)	(23.0, 0.0007681435506667485)	(24.0, 0.0007681435506667485)	(25.0, 0.0)	(26.0, 0.0)	(27.0, 0.0)	(28.0, 0.001536287101333497)	(29.0, 0.0007681435506667485)	(30.0, 0.0)	(31.0, 0.0)	(32.0, 0.0)	(33.0, 0.0007681435506667485)	(34.0, 0.002304430652000246)	(35.0, 0.001536287101333497)	(36.0, 0.0)	(37.0, 0.0007681435506667485)	(38.0, 0.002304430652000246)	(39.0, 0.002304430652000246)	(40.0, 0.002304430652000246)	(41.0, 0.004608861304000492)	(42.0, 0.008449579057334235)	(43.0, 0.017667301665335217)	(44.0, 0.03303017267867019)	(45.0, 0.09448165673201007)	(46.0, 0.6252688502427334)	(47.0, 2.009463528544214)	(48.0, 6.246543354021999)	(49.0, 16.545812081361767)	(50.0, 14.951914213728262)	(51.0, 10.537393228046458)	(52.0, 4.200208935045781)	(53.0, 8.188410250107541)	(54.0, 10.206323357709088)	(55.0, 5.296349781847232)	(56.0, 9.481195845879679)	(57.0, 7.71369753579549)	(58.0, 1.9426350396362073)	(59.0, 0.6406317212560684)	(60.0, 0.28574940084803047)	(61.0, 0.2020217538253549)	(62.0, 0.17129601179868495)	(63.0, 0.10523566644134456)	(64.0, 0.09217722608000983)	(65.0, 0.05991519695200639)	(66.0, 0.05453819209733915)	(67.0, 0.05684262274933939)	(68.0, 0.07143735021200762)	(69.0, 0.05607447919867265)	(70.0, 0.029189454925336446)	(71.0, 0.01613101456400172)	(72.0, 0.013058440361334727)	(73.0, 0.009217722608000984)	(74.0, 0.004608861304000492)	(75.0, 0.002304430652000246)	(76.0, 0.0007681435506667485)	(77.0, 0.001536287101333497)	(78.0, 0.0)	(79.0, 0.0007681435506667485)	(80.0, 0.001536287101333497)	(81.0, 0.0)	(82.0, 0.0)	(83.0, 0.0)	(84.0, 0.0)	(85.0, 0.0007681435506667485)	(86.0, 0.0)	(87.0, 0.0007681435506667485)	(88.0, 0.0007681435506667485)	(89.0, 0.0)	(90.0, 0.0)	(91.0, 0.0)	(92.0, 0.0)	(93.0, 0.0007681435506667485)	(94.0, 0.0)	(95.0, 0.0)	(96.0, 0.0)	(97.0, 0.001536287101333497)	(98.0, 0.0007681435506667485)	(99.0, 0.0)	(100.0, 0.0)
1060R_L_M_S5_week5_S12_L001_R1_001	(0.0, 0.0)	(1.0, 0.0)	(2.0, 0.0)	(3.0, 0.0)	(4.0, 0.0)	(5.0, 0.0)	(6.0, 0.0)	(7.0, 0.0)	(8.0, 0.0)	(9.0, 0.0)	(10.0, 0.0)	(11.0, 0.0)	(12.0, 0.0)	(13.0, 0.0)	(14.0, 0.0)	(15.0, 0.0)	(16.0, 0.0)	(17.0, 0.0)	(18.0, 0.0)	(19.0, 0.0)	(20.0, 0.0)	(21.0, 0.0)	(22.0, 0.0)	(23.0, 0.0)	(24.0, 0.0)	(25.0, 0.0)	(26.0, 0.0)	(27.0, 0.0)	(28.0, 0.0)	(29.0, 0.0)	(30.0, 0.0)	(31.0, 0.0)	(32.0, 0.0)	(33.0, 0.0)	(34.0, 0.0007618467164406522)	(35.0, 0.0030473868657626088)	(36.0, 0.009904007313728478)	(37.0, 0.01066585403016913)	(38.0, 0.0022855401493219562)	(39.0, 0.0015236934328813044)	(40.0, 0.0007618467164406522)	(41.0, 0.0015236934328813044)	(42.0, 0.0030473868657626088)	(43.0, 0.005332927015084565)	(44.0, 0.008380313880847173)	(45.0, 0.06323327746457413)	(46.0, 6.2966631113819895)	(47.0, 22.016608258418408)	(48.0, 2.420387018131952)	(49.0, 2.151455127228402)	(50.0, 4.762303824470517)	(51.0, 3.03748285844888)	(52.0, 0.5378637818071005)	(53.0, 6.411701965564529)	(54.0, 35.282645131799484)	(55.0, 14.340240743562397)	(56.0, 1.1709584031692823)	(57.0, 0.43349078165473104)	(58.0, 0.2468383361267713)	(59.0, 0.28416882523236325)	(60.0, 0.19960383970745085)	(61.0, 0.21712631418558587)	(62.0, 0.05180557671796435)	(63.0, 0.009904007313728478)	(64.0, 0.006856620447965869)	(65.0, 0.0022855401493219562)	(66.0, 0.0030473868657626088)	(67.0, 0.0022855401493219562)	(68.0, 0.0)	(69.0, 0.0015236934328813044)	(70.0, 0.0015236934328813044)	(71.0, 0.0007618467164406522)	(72.0, 0.0)	(73.0, 0.0)	(74.0, 0.0)	(75.0, 0.0)	(76.0, 0.0)	(77.0, 0.0)	(78.0, 0.0)	(79.0, 0.0)	(80.0, 0.0)	(81.0, 0.0)	(82.0, 0.0)	(83.0, 0.0)	(84.0, 0.0)	(85.0, 0.0)	(86.0, 0.0)	(87.0, 0.0)	(88.0, 0.0)	(89.0, 0.0)	(90.0, 0.0)	(91.0, 0.0)	(92.0, 0.0)	(93.0, 0.0)	(94.0, 0.0)	(95.0, 0.0)	(96.0, 0.0)	(97.0, 0.0)	(98.0, 0.0)	(99.0, 0.0)	(100.0, 0.0)
1060R_L_M_S5_week5_S12_L001_R2_001	(0.0, 0.0)	(1.0, 0.0)	(2.0, 0.0)	(3.0, 0.0)	(4.0, 0.0)	(5.0, 0.0)	(6.0, 0.0)	(7.0, 0.0)	(8.0, 0.0)	(9.0, 0.0)	(10.0, 0.0)	(11.0, 0.0)	(12.0, 0.0)	(13.0, 0.0)	(14.0, 0.0)	(15.0, 0.0)	(16.0, 0.0)	(17.0, 0.0)	(18.0, 0.0)	(19.0, 0.0)	(20.0, 0.0)	(21.0, 0.0)	(22.0, 0.0)	(23.0, 0.0)	(24.0, 0.0)	(25.0, 0.0)	(26.0, 0.0)	(27.0, 0.000757822624036618)	(28.0, 0.001515645248073236)	(29.0, 0.001515645248073236)	(30.0, 0.001515645248073236)	(31.0, 0.001515645248073236)	(32.0, 0.000757822624036618)	(33.0, 0.003031290496146472)	(34.0, 0.003031290496146472)	(35.0, 0.002273467872109854)	(36.0, 0.006820403616329562)	(37.0, 0.009093871488439416)	(38.0, 0.002273467872109854)	(39.0, 0.001515645248073236)	(40.0, 0.0075782262403661805)	(41.0, 0.013640807232659124)	(42.0, 0.016672097728805596)	(43.0, 0.03561766332972104)	(44.0, 0.05986798729889282)	(45.0, 0.1886978333851179)	(46.0, 1.1064210310934623)	(47.0, 2.6137302303022953)	(48.0, 8.96276817448108)	(49.0, 17.29881703888388)	(50.0, 2.473533044855521)	(51.0, 1.3678698363860955)	(52.0, 2.555377888251476)	(53.0, 6.32327197496154)	(54.0, 10.545859636093576)	(55.0, 7.787385284600286)	(56.0, 18.940260842547193)	(57.0, 13.955303621634322)	(58.0, 2.980516380336019)	(59.0, 0.9775911850072372)	(60.0, 0.46454526853444683)	(61.0, 0.3539031654251006)	(62.0, 0.3031290496146472)	(63.0, 0.19703388224952068)	(64.0, 0.11973597459778564)	(65.0, 0.10457952211705328)	(66.0, 0.06668839091522238)	(67.0, 0.0462271800662337)	(68.0, 0.02728161446531825)	(69.0, 0.021976856097061924)	(70.0, 0.012882984608622507)	(71.0, 0.012125161984585887)	(72.0, 0.006820403616329562)	(73.0, 0.005304758368256326)	(74.0, 0.000757822624036618)	(75.0, 0.001515645248073236)	(76.0, 0.002273467872109854)	(77.0, 0.001515645248073236)	(78.0, 0.000757822624036618)	(79.0, 0.000757822624036618)	(80.0, 0.000757822624036618)	(81.0, 0.0)	(82.0, 0.0)	(83.0, 0.0)	(84.0, 0.0)	(85.0, 0.0)	(86.0, 0.000757822624036618)	(87.0, 0.000757822624036618)	(88.0, 0.0)	(89.0, 0.0)	(90.0, 0.000757822624036618)	(91.0, 0.0)	(92.0, 0.0)	(93.0, 0.0)	(94.0, 0.000757822624036618)	(95.0, 0.0)	(96.0, 0.0)	(97.0, 0.0)	(98.0, 0.0)	(99.0, 0.0)	(100.0, 0.0)
1075R_0_M_NS6_week5_S2_L001_R1_001	(0.0, 0.0)	(1.0, 0.0)	(2.0, 0.0)	(3.0, 0.0)	(4.0, 0.0)	(5.0, 0.0)	(6.0, 0.0)	(7.0, 0.0)	(8.0, 0.0)	(9.0, 0.0)	(10.0, 0.0)	(11.0, 0.0)	(12.0, 0.0)	(13.0, 0.0)	(14.0, 0.0)	(15.0, 0.0)	(16.0, 0.0)	(17.0, 0.0)	(18.0, 0.0)	(19.0, 0.0)	(20.0, 0.0)	(21.0, 0.0)	(22.0, 0.0)	(23.0, 0.0)	(24.0, 0.0)	(25.0, 0.0)	(26.0, 0.0)	(27.0, 0.0)	(28.0, 0.0)	(29.0, 0.0)	(30.0, 0.0)	(31.0, 0.0)	(32.0, 0.0)	(33.0, 0.0)	(34.0, 0.0)	(35.0, 0.0)	(36.0, 0.0)	(37.0, 0.0)	(38.0, 0.0009460200934667853)	(39.0, 0.0009460200934667853)	(40.0, 0.0009460200934667853)	(41.0, 0.0018920401869335706)	(42.0, 0.0037840803738671412)	(43.0, 0.006622140654267496)	(44.0, 0.008514180841201067)	(45.0, 0.11636047149641458)	(46.0, 7.720469982782434)	(47.0, 19.312054188030952)	(48.0, 10.182960286076476)	(49.0, 12.893307853858815)	(50.0, 5.983577091177416)	(51.0, 2.2836925056288195)	(52.0, 0.63856356309008)	(53.0, 7.575728908482016)	(54.0, 19.224074319338545)	(55.0, 11.107221917393526)	(56.0, 1.2922634476756285)	(57.0, 0.3925983387887159)	(58.0, 0.21474656121696026)	(59.0, 0.4153028210319187)	(60.0, 0.21190850093655988)	(61.0, 0.07946568785120996)	(62.0, 0.03121866308440391)	(63.0, 0.014190301402001778)	(64.0, 0.0009460200934667853)	(65.0, 0.0)	(66.0, 0.04919304486027283)	(67.0, 0.16744555654362098)	(68.0, 0.04067886401907177)	(69.0, 0.015136321495468565)	(70.0, 0.008514180841201067)	(71.0, 0.0037840803738671412)	(72.0, 0.0009460200934667853)	(73.0, 0.0)	(74.0, 0.0)	(75.0, 0.0)	(76.0, 0.0)	(77.0, 0.0)	(78.0, 0.0)	(79.0, 0.0)	(80.0, 0.0)	(81.0, 0.0)	(82.0, 0.0)	(83.0, 0.0)	(84.0, 0.0)	(85.0, 0.0)	(86.0, 0.0)	(87.0, 0.0)	(88.0, 0.0)	(89.0, 0.0)	(90.0, 0.0)	(91.0, 0.0)	(92.0, 0.0)	(93.0, 0.0)	(94.0, 0.0)	(95.0, 0.0)	(96.0, 0.0)	(97.0, 0.0)	(98.0, 0.0)	(99.0, 0.0)	(100.0, 0.0)
1075R_0_M_NS6_week5_S2_L001_R2_001	(0.0, 0.0)	(1.0, 0.0)	(2.0, 0.0)	(3.0, 0.0)	(4.0, 0.0)	(5.0, 0.0)	(6.0, 0.0)	(7.0, 0.0)	(8.0, 0.0)	(9.0, 0.0)	(10.0, 0.0)	(11.0, 0.0)	(12.0, 0.0)	(13.0, 0.0)	(14.0, 0.0)	(15.0, 0.0)	(16.0, 0.0)	(17.0, 0.0)	(18.0, 0.0)	(19.0, 0.0)	(20.0, 0.0009360754102350485)	(21.0, 0.0)	(22.0, 0.0)	(23.0, 0.0)	(24.0, 0.0)	(25.0, 0.0009360754102350485)	(26.0, 0.0009360754102350485)	(27.0, 0.0)	(28.0, 0.0009360754102350485)	(29.0, 0.0)	(30.0, 0.0)	(31.0, 0.0)	(32.0, 0.0)	(33.0, 0.0009360754102350485)	(34.0, 0.0)	(35.0, 0.0)	(36.0, 0.0009360754102350485)	(37.0, 0.001872150820470097)	(38.0, 0.001872150820470097)	(39.0, 0.0028082262307051456)	(40.0, 0.005616452461410291)	(41.0, 0.014041131153525729)	(42.0, 0.022465809845641165)	(43.0, 0.0327626393582267)	(44.0, 0.05803667543457301)	(45.0, 0.21342519353359105)	(46.0, 1.022194347976673)	(47.0, 2.738956650347752)	(48.0, 9.284931994121447)	(49.0, 19.10342697207687)	(50.0, 11.988317778880267)	(51.0, 7.754448698387143)	(52.0, 5.637046120435462)	(53.0, 11.38642129009913)	(54.0, 11.008246824364171)	(55.0, 6.731318275000234)	(56.0, 5.97216111729961)	(57.0, 3.9343249492179093)	(58.0, 1.1831993185371013)	(59.0, 0.5887914330378455)	(60.0, 0.29954413127521556)	(61.0, 0.2021922886107705)	(62.0, 0.14509168858643254)	(63.0, 0.10577652135656049)	(64.0, 0.08331071151091932)	(65.0, 0.0655252787164534)	(66.0, 0.055228449203867866)	(67.0, 0.07207780658809873)	(68.0, 0.11045689840773573)	(69.0, 0.07863033445974407)	(70.0, 0.03650694099916689)	(71.0, 0.015913281973995823)	(72.0, 0.007488603281880388)	(73.0, 0.007488603281880388)	(74.0, 0.005616452461410291)	(75.0, 0.001872150820470097)	(76.0, 0.001872150820470097)	(77.0, 0.001872150820470097)	(78.0, 0.0028082262307051456)	(79.0, 0.0009360754102350485)	(80.0, 0.0)	(81.0, 0.0)	(82.0, 0.001872150820470097)	(83.0, 0.0028082262307051456)	(84.0, 0.001872150820470097)	(85.0, 0.0009360754102350485)	(86.0, 0.0)	(87.0, 0.0)	(88.0, 0.0)	(89.0, 0.0)	(90.0, 0.0)	(91.0, 0.0)	(92.0, 0.0)	(93.0, 0.0)	(94.0, 0.0)	(95.0, 0.0)	(96.0, 0.0)	(97.0, 0.0)	(98.0, 0.0)	(99.0, 0.0)	(100.0, 0.0)
1075R_RL_M_NS6_week5_S3_L001_R1_001	(0.0, 0.0)	(1.0, 0.0)	(2.0, 0.0)	(3.0, 0.0)	(4.0, 0.0)	(5.0, 0.0)	(6.0, 0.0)	(7.0, 0.0)	(8.0, 0.0)	(9.0, 0.0)	(10.0, 0.0)	(11.0, 0.0)	(12.0, 0.0)	(13.0, 0.0)	(14.0, 0.0)	(15.0, 0.0)	(16.0, 0.0)	(17.0, 0.0)	(18.0, 0.0)	(19.0, 0.0)	(20.0, 0.0)	(21.0, 0.0)	(22.0, 0.0)	(23.0, 0.0)	(24.0, 0.0)	(25.0, 0.0)	(26.0, 0.0)	(27.0, 0.0)	(28.0, 0.0)	(29.0, 0.0)	(30.0, 0.0)	(31.0, 0.0)	(32.0, 0.0)	(33.0, 0.0)	(34.0, 0.001479213354338163)	(35.0, 0.0007396066771690815)	(36.0, 0.0)	(37.0, 0.0007396066771690815)	(38.0, 0.0007396066771690815)	(39.0, 0.0)	(40.0, 0.0)	(41.0, 0.0036980333858454076)	(42.0, 0.002958426708676326)	(43.0, 0.00961488680319806)	(44.0, 0.020708986960734282)	(45.0, 0.1767659958434105)	(46.0, 11.340389181033526)	(47.0, 19.48123987663361)	(48.0, 13.65757690060426)	(49.0, 13.877979690400643)	(50.0, 5.1380475862936095)	(51.0, 1.8467978728911965)	(52.0, 0.6057378686014777)	(53.0, 6.859851930743231)	(54.0, 16.837885612431307)	(55.0, 8.147507155694601)	(56.0, 0.8594229588704727)	(57.0, 0.2825297506785891)	(58.0, 0.18194324258359404)	(59.0, 0.24702863017447318)	(60.0, 0.12425392176440568)	(61.0, 0.05768932081918835)	(62.0, 0.02366741366941061)	(63.0, 0.011833706834705304)	(64.0, 0.0036980333858454076)	(65.0, 0.0036980333858454076)	(66.0, 0.04215758059863764)	(67.0, 0.11315982160686948)	(68.0, 0.02514662702374877)	(69.0, 0.007396066771690815)	(70.0, 0.004437640063014489)	(71.0, 0.001479213354338163)	(72.0, 0.0)	(73.0, 0.0)	(74.0, 0.0)	(75.0, 0.0)	(76.0, 0.0)	(77.0, 0.0)	(78.0, 0.0)	(79.0, 0.0)	(80.0, 0.0)	(81.0, 0.0)	(82.0, 0.0)	(83.0, 0.0)	(84.0, 0.0)	(85.0, 0.0)	(86.0, 0.0)	(87.0, 0.0)	(88.0, 0.0)	(89.0, 0.0)	(90.0, 0.0)	(91.0, 0.0)	(92.0, 0.0)	(93.0, 0.0)	(94.0, 0.0)	(95.0, 0.0)	(96.0, 0.0)	(97.0, 0.0)	(98.0, 0.0)	(99.0, 0.0)	(100.0, 0.0)
1075R_RL_M_NS6_week5_S3_L001_R2_001	(0.0, 0.0)	(1.0, 0.0)	(2.0, 0.0)	(3.0, 0.0)	(4.0, 0.0)	(5.0, 0.0007402983896042366)	(6.0, 0.0007402983896042366)	(7.0, 0.0)	(8.0, 0.0)	(9.0, 0.0)	(10.0, 0.0)	(11.0, 0.0)	(12.0, 0.0)	(13.0, 0.0)	(14.0, 0.0)	(15.0, 0.0)	(16.0, 0.0)	(17.0, 0.0)	(18.0, 0.0)	(19.0, 0.0)	(20.0, 0.0)	(21.0, 0.0)	(22.0, 0.0)	(23.0, 0.0)	(24.0, 0.0)	(25.0, 0.0)	(26.0, 0.0)	(27.0, 0.0)	(28.0, 0.0)	(29.0, 0.0)	(30.0, 0.0007402983896042366)	(31.0, 0.0)	(32.0, 0.0007402983896042366)	(33.0, 0.0)	(34.0, 0.0)	(35.0, 0.0)	(36.0, 0.0)	(37.0, 0.004441790337625419)	(38.0, 0.0014805967792084732)	(39.0, 0.004441790337625419)	(40.0, 0.013325371012876258)	(41.0, 0.02146865329852286)	(42.0, 0.020728354908918622)	(43.0, 0.04293730659704572)	(44.0, 0.07328954057081942)	(45.0, 0.2368954846733557)	(46.0, 1.1437610119385453)	(47.0, 3.1433069622595884)	(48.0, 9.464714911090164)	(49.0, 22.946288884172915)	(50.0, 15.08209909140711)	(51.0, 7.2867570488745)	(52.0, 4.8052768469211)	(53.0, 8.203246455204544)	(54.0, 8.105527067776785)	(55.0, 5.121384259282109)	(56.0, 6.878112337812961)	(57.0, 4.602435088169538)	(58.0, 1.1385789232113157)	(59.0, 0.4885969371387961)	(60.0, 0.27465070254317175)	(61.0, 0.17693131511541252)	(62.0, 0.14065669402480496)	(63.0, 0.1073432664926143)	(64.0, 0.08143282285646601)	(65.0, 0.068847750233194)	(66.0, 0.04885969371387961)	(67.0, 0.06144476633715163)	(68.0, 0.08883580675250838)	(69.0, 0.03627462109060759)	(70.0, 0.025170145246544044)	(71.0, 0.015546266181688969)	(72.0, 0.010364177454459311)	(73.0, 0.0037014919480211827)	(74.0, 0.0029611935584169463)	(75.0, 0.0014805967792084732)	(76.0, 0.0014805967792084732)	(77.0, 0.0022208951688127095)	(78.0, 0.0014805967792084732)	(79.0, 0.0022208951688127095)	(80.0, 0.0014805967792084732)	(81.0, 0.0)	(82.0, 0.0007402983896042366)	(83.0, 0.0007402983896042366)	(84.0, 0.0022208951688127095)	(85.0, 0.0007402983896042366)	(86.0, 0.0)	(87.0, 0.0007402983896042366)	(88.0, 0.0014805967792084732)	(89.0, 0.0014805967792084732)	(90.0, 0.0007402983896042366)	(91.0, 0.0007402983896042366)	(92.0, 0.0)	(93.0, 0.0)	(94.0, 0.0007402983896042366)	(95.0, 0.0)	(96.0, 0.0007402983896042366)	(97.0, 0.0007402983896042366)	(98.0, 0.0)	(99.0, 0.0007402983896042366)	(100.0, 0.0019741290389446308)
1076R_0_M_S5_week5_S13_L001_R1_001	(0.0, 0.0)	(1.0, 0.0)	(2.0, 0.0)	(3.0, 0.0)	(4.0, 0.0)	(5.0, 0.0)	(6.0, 0.0)	(7.0, 0.0)	(8.0, 0.0)	(9.0, 0.0)	(10.0, 0.0)	(11.0, 0.0)	(12.0, 0.0)	(13.0, 0.0)	(14.0, 0.0)	(15.0, 0.0)	(16.0, 0.0)	(17.0, 0.0)	(18.0, 0.0)	(19.0, 0.0)	(20.0, 0.0)	(21.0, 0.0)	(22.0, 0.0)	(23.0, 0.0)	(24.0, 0.0)	(25.0, 0.0)	(26.0, 0.0)	(27.0, 0.0)	(28.0, 0.0)	(29.0, 0.0)	(30.0, 0.0)	(31.0, 0.0)	(32.0, 0.0)	(33.0, 0.0)	(34.0, 0.0)	(35.0, 0.0)	(36.0, 0.0)	(37.0, 0.0)	(38.0, 0.0020979901254598093)	(39.0, 0.0006993300418199366)	(40.0, 0.004895310292739556)	(41.0, 0.006993300418199366)	(42.0, 0.01188861071093892)	(43.0, 0.016783921003678474)	(44.0, 0.027973201672797463)	(45.0, 0.06224037372197435)	(46.0, 5.877169671454746)	(47.0, 19.309201784690266)	(48.0, 2.302194497671231)	(49.0, 4.738660363371889)	(50.0, 11.168300767864386)	(51.0, 7.033162230583101)	(52.0, 0.7608710855000909)	(53.0, 4.723974432493671)	(54.0, 27.31583143348672)	(55.0, 13.942543043764074)	(56.0, 1.3259297592905996)	(57.0, 0.5056156202358141)	(58.0, 0.22938025371693915)	(59.0, 0.23497489405149866)	(60.0, 0.1804271507895436)	(61.0, 0.1398660083639873)	(62.0, 0.041260472467376255)	(63.0, 0.016783921003678474)	(64.0, 0.009091290543659175)	(65.0, 0.0027973201672797463)	(66.0, 0.0027973201672797463)	(67.0, 0.0013986600836398732)	(68.0, 0.0006993300418199366)	(69.0, 0.0006993300418199366)	(70.0, 0.0013986600836398732)	(71.0, 0.0013986600836398732)	(72.0, 0.0)	(73.0, 0.0)	(74.0, 0.0)	(75.0, 0.0)	(76.0, 0.0)	(77.0, 0.0)	(78.0, 0.0)	(79.0, 0.0)	(80.0, 0.0)	(81.0, 0.0)	(82.0, 0.0)	(83.0, 0.0)	(84.0, 0.0)	(85.0, 0.0)	(86.0, 0.0)	(87.0, 0.0)	(88.0, 0.0)	(89.0, 0.0)	(90.0, 0.0)	(91.0, 0.0)	(92.0, 0.0)	(93.0, 0.0)	(94.0, 0.0)	(95.0, 0.0)	(96.0, 0.0)	(97.0, 0.0)	(98.0, 0.0)	(99.0, 0.0)	(100.0, 0.0)
1076R_0_M_S5_week5_S13_L001_R2_001	(0.0, 0.0)	(1.0, 0.0)	(2.0, 0.0)	(3.0, 0.0)	(4.0, 0.0)	(5.0, 0.0)	(6.0, 0.0)	(7.0, 0.0)	(8.0, 0.0)	(9.0, 0.0)	(10.0, 0.0)	(11.0, 0.0)	(12.0, 0.0)	(13.0, 0.0)	(14.0, 0.0)	(15.0, 0.0)	(16.0, 0.0007052235911395708)	(17.0, 0.0007052235911395708)	(18.0, 0.0007052235911395708)	(19.0, 0.0007052235911395708)	(20.0, 0.0)	(21.0, 0.0007052235911395708)	(22.0, 0.0)	(23.0, 0.0007052235911395708)	(24.0, 0.0007052235911395708)	(25.0, 0.0)	(26.0, 0.0014104471822791417)	(27.0, 0.0007052235911395708)	(28.0, 0.0)	(29.0, 0.0)	(30.0, 0.0007052235911395708)	(31.0, 0.0)	(32.0, 0.0014104471822791417)	(33.0, 0.0014104471822791417)	(34.0, 0.0007052235911395708)	(35.0, 0.0014104471822791417)	(36.0, 0.0028208943645582833)	(37.0, 0.0014104471822791417)	(38.0, 0.0021156707734187124)	(39.0, 0.003526117955697854)	(40.0, 0.006347012320256137)	(41.0, 0.01833581336962884)	(42.0, 0.015514919005070557)	(43.0, 0.033145508783559825)	(44.0, 0.05148132215318867)	(45.0, 0.1614962023709617)	(46.0, 0.9873130275953992)	(47.0, 2.379424396504912)	(48.0, 8.186940669539277)	(49.0, 15.812523360531456)	(50.0, 2.817368246602585)	(51.0, 1.8977566837565851)	(52.0, 3.6368380595067666)	(53.0, 9.914738467831226)	(54.0, 17.684891995007018)	(55.0, 8.31529136312668)	(56.0, 13.627035451589927)	(57.0, 9.95634665970846)	(58.0, 2.2059393930845776)	(59.0, 0.8067757882636689)	(60.0, 0.4019774469495554)	(61.0, 0.29760435546089886)	(62.0, 0.2299028907115001)	(63.0, 0.154443966459566)	(64.0, 0.1304663643608206)	(65.0, 0.07545892425193407)	(66.0, 0.049365651379769955)	(67.0, 0.03596640314811811)	(68.0, 0.028914167236722403)	(69.0, 0.014104471822791415)	(70.0, 0.009873130275953991)	(71.0, 0.006347012320256137)	(72.0, 0.007052235911395708)	(73.0, 0.004231341546837425)	(74.0, 0.003526117955697854)	(75.0, 0.0014104471822791417)	(76.0, 0.0021156707734187124)	(77.0, 0.0014104471822791417)	(78.0, 0.0014104471822791417)	(79.0, 0.0007052235911395708)	(80.0, 0.0)	(81.0, 0.0014104471822791417)	(82.0, 0.0014104471822791417)	(83.0, 0.0007052235911395708)	(84.0, 0.0007052235911395708)	(85.0, 0.0)	(86.0, 0.0)	(87.0, 0.0)	(88.0, 0.0)	(89.0, 0.0)	(90.0, 0.0014104471822791417)	(91.0, 0.0)	(92.0, 0.0)	(93.0, 0.0)	(94.0, 0.0)	(95.0, 0.0)	(96.0, 0.0)	(97.0, 0.0)	(98.0, 0.0)	(99.0, 0.0)	(100.0, 0.0)
1121R_L_M_NS1_week5_S46_L001_R1_001	(0.0, 0.0)	(1.0, 0.0)	(2.0, 0.0)	(3.0, 0.0)	(4.0, 0.0)	(5.0, 0.0)	(6.0, 0.0)	(7.0, 0.0)	(8.0, 0.0)	(9.0, 0.0)	(10.0, 0.0)	(11.0, 0.0)	(12.0, 0.0)	(13.0, 0.0)	(14.0, 0.0)	(15.0, 0.0)	(16.0, 0.0)	(17.0, 0.0)	(18.0, 0.0)	(19.0, 0.0)	(20.0, 0.0)	(21.0, 0.0)	(22.0, 0.0)	(23.0, 0.0)	(24.0, 0.0)	(25.0, 0.0)	(26.0, 0.0)	(27.0, 0.0)	(28.0, 0.0)	(29.0, 0.0)	(30.0, 0.0)	(31.0, 0.0)	(32.0, 0.0)	(33.0, 0.0)	(34.0, 0.0)	(35.0, 0.0)	(36.0, 0.0)	(37.0, 0.0)	(38.0, 0.0)	(39.0, 0.0006102137578793851)	(40.0, 0.0)	(41.0, 0.0024408550315175403)	(42.0, 0.003051068789396926)	(43.0, 0.006712351336673237)	(44.0, 0.012204275157587704)	(45.0, 0.022577909041537253)	(46.0, 1.0483472360367836)	(47.0, 10.687283755499552)	(48.0, 15.676391439921405)	(49.0, 26.217223893529905)	(50.0, 4.283090366555404)	(51.0, 1.5413999524033268)	(52.0, 0.8140251530110998)	(53.0, 6.138750404266615)	(54.0, 23.752570525455067)	(55.0, 7.944372913831716)	(56.0, 0.7658182661386284)	(57.0, 0.3508729107806465)	(58.0, 0.18794583742685061)	(59.0, 0.23981400684659837)	(60.0, 0.0988546287764604)	(61.0, 0.048817100630350815)	(62.0, 0.022577909041537253)	(63.0, 0.010983847641828933)	(64.0, 0.005491923820914467)	(65.0, 0.003051068789396926)	(66.0, 0.02013705401001971)	(67.0, 0.06285201706157667)	(68.0, 0.019526840252140323)	(69.0, 0.007322565094552622)	(70.0, 0.003051068789396926)	(71.0, 0.0018306412736381556)	(72.0, 0.0)	(73.0, 0.0)	(74.0, 0.0)	(75.0, 0.0)	(76.0, 0.0)	(77.0, 0.0)	(78.0, 0.0)	(79.0, 0.0)	(80.0, 0.0)	(81.0, 0.0)	(82.0, 0.0)	(83.0, 0.0)	(84.0, 0.0)	(85.0, 0.0)	(86.0, 0.0)	(87.0, 0.0)	(88.0, 0.0)	(89.0, 0.0)	(90.0, 0.0)	(91.0, 0.0)	(92.0, 0.0)	(93.0, 0.0)	(94.0, 0.0)	(95.0, 0.0)	(96.0, 0.0)	(97.0, 0.0)	(98.0, 0.0)	(99.0, 0.0)	(100.0, 0.0)
1121R_L_M_NS1_week5_S46_L001_R2_001	(0.0, 0.0)	(1.0, 0.0)	(2.0, 0.0)	(3.0, 0.0)	(4.0, 0.0)	(5.0, 0.0)	(6.0, 0.0)	(7.0, 0.0)	(8.0, 0.0)	(9.0, 0.0)	(10.0, 0.0)	(11.0, 0.0)	(12.0, 0.0)	(13.0, 0.0)	(14.0, 0.0)	(15.0, 0.0)	(16.0, 0.0)	(17.0, 0.0)	(18.0, 0.0)	(19.0, 0.0)	(20.0, 0.0)	(21.0, 0.0)	(22.0, 0.0)	(23.0, 0.0)	(24.0, 0.0)	(25.0, 0.0)	(26.0, 0.0)	(27.0, 0.0)	(28.0, 0.0)	(29.0, 0.0005996426130026504)	(30.0, 0.0)	(31.0, 0.0)	(32.0, 0.0005996426130026504)	(33.0, 0.0005996426130026504)	(34.0, 0.0)	(35.0, 0.0011992852260053009)	(36.0, 0.0011992852260053009)	(37.0, 0.0017989278390079513)	(38.0, 0.004197498291018553)	(39.0, 0.002998213065013252)	(40.0, 0.0047971409040212035)	(41.0, 0.007195711356031805)	(42.0, 0.01499106532506626)	(43.0, 0.02638427497211662)	(44.0, 0.04317426813619083)	(45.0, 0.11093388340549033)	(46.0, 0.5306837125073456)	(47.0, 1.5548732955158726)	(48.0, 5.763165153568473)	(49.0, 11.613878128635333)	(50.0, 17.055634841634387)	(51.0, 17.50236858832136)	(52.0, 3.7579602556876104)	(53.0, 5.467541345358167)	(54.0, 6.879100056366405)	(55.0, 5.652830912775986)	(56.0, 12.385618171569744)	(57.0, 7.893695357566891)	(58.0, 1.86428888382524)	(59.0, 0.6596068743029154)	(60.0, 0.3166112996653994)	(61.0, 0.20627705887291173)	(62.0, 0.16250314812371824)	(63.0, 0.11633066692251419)	(64.0, 0.07435568401232866)	(65.0, 0.06596068743029154)	(66.0, 0.04677212381420673)	(67.0, 0.05096962210522528)	(68.0, 0.055766763009246496)	(69.0, 0.03298034371514577)	(70.0, 0.02518498974611132)	(71.0, 0.01738963577707686)	(72.0, 0.006596068743029155)	(73.0, 0.0017989278390079513)	(74.0, 0.0017989278390079513)	(75.0, 0.0005996426130026504)	(76.0, 0.0017989278390079513)	(77.0, 0.0011992852260053009)	(78.0, 0.0017989278390079513)	(79.0, 0.0011992852260053009)	(80.0, 0.0017989278390079513)	(81.0, 0.0005996426130026504)	(82.0, 0.0005996426130026504)	(83.0, 0.0005996426130026504)	(84.0, 0.0)	(85.0, 0.0011992852260053009)	(86.0, 0.0005996426130026504)	(87.0, 0.0005996426130026504)	(88.0, 0.0005996426130026504)	(89.0, 0.0005996426130026504)	(90.0, 0.0005996426130026504)	(91.0, 0.0005996426130026504)	(92.0, 0.0)	(93.0, 0.0)	(94.0, 0.0)	(95.0, 0.0005996426130026504)	(96.0, 0.0)	(97.0, 0.0005996426130026504)	(98.0, 0.0005996426130026504)	(99.0, 0.0)	(100.0, 0.0)
1121R_L_M_NS1_week9_S67_L001_R1_001	(0.0, 0.0)	(1.0, 0.0)	(2.0, 0.0)	(3.0, 0.0)	(4.0, 0.0)	(5.0, 0.0)	(6.0, 0.0)	(7.0, 0.0)	(8.0, 0.0)	(9.0, 0.0)	(10.0, 0.0)	(11.0, 0.0)	(12.0, 0.0)	(13.0, 0.0)	(14.0, 0.0)	(15.0, 0.0)	(16.0, 0.0)	(17.0, 0.0)	(18.0, 0.0)	(19.0, 0.0)	(20.0, 0.0)	(21.0, 0.0)	(22.0, 0.0)	(23.0, 0.0)	(24.0, 0.0)	(25.0, 0.0)	(26.0, 0.0)	(27.0, 0.0)	(28.0, 0.0007404774598661217)	(29.0, 0.0007404774598661217)	(30.0, 0.0)	(31.0, 0.0)	(32.0, 0.0)	(33.0, 0.0)	(34.0, 0.0)	(35.0, 0.0)	(36.0, 0.0)	(37.0, 0.0007404774598661217)	(38.0, 0.0007404774598661217)	(39.0, 0.0)	(40.0, 0.0014809549197322433)	(41.0, 0.0007404774598661217)	(42.0, 0.0007404774598661217)	(43.0, 0.0014809549197322433)	(44.0, 0.006664297138795096)	(45.0, 0.020733368876251407)	(46.0, 1.1129376221787808)	(47.0, 15.166459332977904)	(48.0, 15.061311533676916)	(49.0, 16.41416385285232)	(50.0, 4.692405663171613)	(51.0, 2.0363130146318347)	(52.0, 0.5449914104614656)	(53.0, 5.2566494875895975)	(54.0, 28.341774776375807)	(55.0, 9.313725490196079)	(56.0, 0.773058468100231)	(57.0, 0.36801729755346246)	(58.0, 0.2014098690835851)	(59.0, 0.20955512114211242)	(60.0, 0.09700254724246193)	(61.0, 0.07034535868728156)	(62.0, 0.03480244061370772)	(63.0, 0.016290504117054676)	(64.0, 0.005183342219062852)	(65.0, 0.0014809549197322433)	(66.0, 0.05183342219062852)	(67.0, 0.12884307801670516)	(68.0, 0.03850482791303833)	(69.0, 0.0170309815769208)	(70.0, 0.008145252058527338)	(71.0, 0.0007404774598661217)	(72.0, 0.0)	(73.0, 0.0007404774598661217)	(74.0, 0.0007404774598661217)	(75.0, 0.0)	(76.0, 0.0)	(77.0, 0.0)	(78.0, 0.0)	(79.0, 0.0007404774598661217)	(80.0, 0.0)	(81.0, 0.0)	(82.0, 0.0)	(83.0, 0.0)	(84.0, 0.0)	(85.0, 0.0)	(86.0, 0.0)	(87.0, 0.0)	(88.0, 0.0)	(89.0, 0.0)	(90.0, 0.0)	(91.0, 0.0)	(92.0, 0.0)	(93.0, 0.0)	(94.0, 0.0)	(95.0, 0.0)	(96.0, 0.0)	(97.0, 0.0)	(98.0, 0.0)	(99.0, 0.0)	(100.0, 0.0)
1121R_L_M_NS1_week9_S67_L001_R2_001	(0.0, 0.0)	(1.0, 0.0)	(2.0, 0.0)	(3.0, 0.0)	(4.0, 0.0)	(5.0, 0.0)	(6.0, 0.0)	(7.0, 0.0)	(8.0, 0.0)	(9.0, 0.0)	(10.0, 0.0)	(11.0, 0.0)	(12.0, 0.0)	(13.0, 0.0)	(14.0, 0.0)	(15.0, 0.0)	(16.0, 0.0)	(17.0, 0.0)	(18.0, 0.0007398565664736463)	(19.0, 0.0)	(20.0, 0.0)	(21.0, 0.0)	(22.0, 0.0)	(23.0, 0.0007398565664736463)	(24.0, 0.0014797131329472926)	(25.0, 0.0)	(26.0, 0.0)	(27.0, 0.0)	(28.0, 0.0)	(29.0, 0.0)	(30.0, 0.0)	(31.0, 0.0)	(32.0, 0.0014797131329472926)	(33.0, 0.0007398565664736463)	(34.0, 0.0)	(35.0, 0.0)	(36.0, 0.0007398565664736463)	(37.0, 0.0014797131329472926)	(38.0, 0.002219569699420939)	(39.0, 0.002219569699420939)	(40.0, 0.0029594262658945852)	(41.0, 0.004439139398841878)	(42.0, 0.010357991930631047)	(43.0, 0.021455840427735743)	(44.0, 0.03181383235836679)	(45.0, 0.11097848497104695)	(46.0, 0.6155606633060737)	(47.0, 1.7904528908662238)	(48.0, 5.544485109153506)	(49.0, 14.226701916721742)	(50.0, 13.292263073265529)	(51.0, 11.706010594746031)	(52.0, 3.143650550946523)	(53.0, 5.443864616113089)	(54.0, 7.684890155961764)	(55.0, 5.538566256621716)	(56.0, 14.387250791646524)	(57.0, 11.497371043000463)	(58.0, 2.6213118150161288)	(59.0, 0.7672312594331712)	(60.0, 0.37658699233508597)	(61.0, 0.2589497982657762)	(62.0, 0.17756557595367511)	(63.0, 0.12799518599994078)	(64.0, 0.1006204930404159)	(65.0, 0.09248207080920577)	(66.0, 0.0673269475491018)	(67.0, 0.07398565664736463)	(68.0, 0.0976610667745213)	(69.0, 0.06658709098262816)	(70.0, 0.036252971757208666)	(71.0, 0.025155123260103975)	(72.0, 0.011097848497104695)	(73.0, 0.010357991930631047)	(74.0, 0.0059188525317891705)	(75.0, 0.0029594262658945852)	(76.0, 0.004439139398841878)	(77.0, 0.0014797131329472926)	(78.0, 0.0007398565664736463)	(79.0, 0.0007398565664736463)	(80.0, 0.0007398565664736463)	(81.0, 0.0)	(82.0, 0.0)	(83.0, 0.0007398565664736463)	(84.0, 0.0007398565664736463)	(85.0, 0.0)	(86.0, 0.0)	(87.0, 0.0014797131329472926)	(88.0, 0.0)	(89.0, 0.0007398565664736463)	(90.0, 0.0)	(91.0, 0.0)	(92.0, 0.0)	(93.0, 0.0)	(94.0, 0.0014797131329472926)	(95.0, 0.0007398565664736463)	(96.0, 0.0)	(97.0, 0.0)	(98.0, 0.0)	(99.0, 0.0)	(100.0, 0.0009864754219648616)
1121R_NS1_week19_S35_L001_R1_001	(0.0, 0.0)	(1.0, 0.0)	(2.0, 0.0)	(3.0, 0.0)	(4.0, 0.0)	(5.0, 0.0)	(6.0, 0.0)	(7.0, 0.0)	(8.0, 0.0)	(9.0, 0.0)	(10.0, 0.0)	(11.0, 0.0)	(12.0, 0.0)	(13.0, 0.0)	(14.0, 0.0)	(15.0, 0.0)	(16.0, 0.0)	(17.0, 0.0)	(18.0, 0.0)	(19.0, 0.0)	(20.0, 0.0)	(21.0, 0.0)	(22.0, 0.0)	(23.0, 0.0)	(24.0, 0.0)	(25.0, 0.0)	(26.0, 0.0)	(27.0, 0.0)	(28.0, 0.0)	(29.0, 0.0)	(30.0, 0.0)	(31.0, 0.0)	(32.0, 0.0)	(33.0, 0.0)	(34.0, 0.0)	(35.0, 0.0)	(36.0, 0.0)	(37.0, 0.0)	(38.0, 0.0)	(39.0, 0.0007949188785284461)	(40.0, 0.0007949188785284461)	(41.0, 0.0031796755141137844)	(42.0, 0.003974594392642231)	(43.0, 0.005564432149699123)	(44.0, 0.013513620934983586)	(45.0, 0.030206917384080954)	(46.0, 1.1144762676968816)	(47.0, 16.20124166328826)	(48.0, 18.31970047456657)	(49.0, 20.799052456696796)	(50.0, 5.170947304827543)	(51.0, 2.1558199985691457)	(52.0, 0.5683669981478391)	(53.0, 5.459502857733368)	(54.0, 21.70605489709775)	(55.0, 6.827558247680825)	(56.0, 0.5890348889895787)	(57.0, 0.23370615028736316)	(58.0, 0.1359311282283643)	(59.0, 0.17170247776214437)	(60.0, 0.0739274557031455)	(61.0, 0.05405448373993434)	(62.0, 0.027822160748495615)	(63.0, 0.011923783177926693)	(64.0, 0.0047695132711706775)	(65.0, 0.006359351028227569)	(66.0, 0.06438842916080413)	(67.0, 0.18362626094007106)	(68.0, 0.04213070056200764)	(69.0, 0.0103339454208698)	(70.0, 0.0015898377570568922)	(71.0, 0.0047695132711706775)	(72.0, 0.0015898377570568922)	(73.0, 0.0007949188785284461)	(74.0, 0.0)	(75.0, 0.0)	(76.0, 0.0007949188785284461)	(77.0, 0.0)	(78.0, 0.0)	(79.0, 0.0)	(80.0, 0.0)	(81.0, 0.0)	(82.0, 0.0)	(83.0, 0.0)	(84.0, 0.0)	(85.0, 0.0)	(86.0, 0.0)	(87.0, 0.0)	(88.0, 0.0)	(89.0, 0.0)	(90.0, 0.0)	(91.0, 0.0)	(92.0, 0.0)	(93.0, 0.0)	(94.0, 0.0)	(95.0, 0.0)	(96.0, 0.0)	(97.0, 0.0)	(98.0, 0.0)	(99.0, 0.0)	(100.0, 0.0)
1121R_NS1_week19_S35_L001_R2_001	(0.0, 0.0)	(1.0, 0.0)	(2.0, 0.0)	(3.0, 0.0)	(4.0, 0.0)	(5.0, 0.0)	(6.0, 0.0)	(7.0, 0.0007892452184893846)	(8.0, 0.0007892452184893846)	(9.0, 0.0)	(10.0, 0.0)	(11.0, 0.0)	(12.0, 0.0)	(13.0, 0.0)	(14.0, 0.0)	(15.0, 0.0)	(16.0, 0.0)	(17.0, 0.0)	(18.0, 0.0)	(19.0, 0.0)	(20.0, 0.0)	(21.0, 0.0)	(22.0, 0.0)	(23.0, 0.0)	(24.0, 0.0)	(25.0, 0.0)	(26.0, 0.0)	(27.0, 0.0)	(28.0, 0.0)	(29.0, 0.0)	(30.0, 0.0)	(31.0, 0.0007892452184893846)	(32.0, 0.0)	(33.0, 0.0)	(34.0, 0.0)	(35.0, 0.0015784904369787692)	(36.0, 0.0015784904369787692)	(37.0, 0.0015784904369787692)	(38.0, 0.004735471310936308)	(39.0, 0.002367735655468154)	(40.0, 0.003946226092446923)	(41.0, 0.011049433058851386)	(42.0, 0.022098866117702773)	(43.0, 0.026834337428639075)	(44.0, 0.05130093920181001)	(45.0, 0.14522112020204678)	(46.0, 0.7276840914472127)	(47.0, 2.1451685038541477)	(48.0, 7.113467154244823)	(49.0, 15.99326510746889)	(50.0, 17.397332351161506)	(51.0, 13.271947594117492)	(52.0, 3.9872668438083716)	(53.0, 6.961142827076373)	(54.0, 7.074794138538844)	(55.0, 4.153008339691143)	(56.0, 10.730577990581674)	(57.0, 6.893267738286286)	(58.0, 1.557180816079556)	(59.0, 0.4885427902449291)	(60.0, 0.27150035516034837)	(61.0, 0.17836941937860093)	(62.0, 0.12154376364736524)	(63.0, 0.09628791665570494)	(64.0, 0.06313961747915077)	(65.0, 0.05761490094972509)	(66.0, 0.05130093920181001)	(67.0, 0.09707716187419431)	(68.0, 0.11759753755491832)	(69.0, 0.07892452184893847)	(70.0, 0.04577622267238431)	(71.0, 0.014206413932808925)	(72.0, 0.01183867827734077)	(73.0, 0.0031569808739575385)	(74.0, 0.0007892452184893846)	(75.0, 0.0031569808739575385)	(76.0, 0.005524716529425693)	(77.0, 0.003946226092446923)	(78.0, 0.0)	(79.0, 0.0)	(80.0, 0.0007892452184893846)	(81.0, 0.0)	(82.0, 0.0)	(83.0, 0.0)	(84.0, 0.0)	(85.0, 0.0)	(86.0, 0.0)	(87.0, 0.0007892452184893846)	(88.0, 0.0015784904369787692)	(89.0, 0.0007892452184893846)	(90.0, 0.0)	(91.0, 0.0)	(92.0, 0.0007892452184893846)	(93.0, 0.0)	(94.0, 0.0007892452184893846)	(95.0, 0.0)	(96.0, 0.0007892452184893846)	(97.0, 0.0007892452184893846)	(98.0, 0.0007892452184893846)	(99.0, 0.0)	(100.0, 0.0010523269579858462)
1121R_RL_M_NS1_diabetes_S23_L001_R1_001	(0.0, 0.0)	(1.0, 0.0)	(2.0, 0.0)	(3.0, 0.0)	(4.0, 0.0)	(5.0, 0.0)	(6.0, 0.0)	(7.0, 0.0)	(8.0, 0.0)	(9.0, 0.0)	(10.0, 0.0)	(11.0, 0.0)	(12.0, 0.0)	(13.0, 0.0)	(14.0, 0.0)	(15.0, 0.0)	(16.0, 0.0)	(17.0, 0.0)	(18.0, 0.0)	(19.0, 0.0)	(20.0, 0.0)	(21.0, 0.0)	(22.0, 0.0)	(23.0, 0.0)	(24.0, 0.0)	(25.0, 0.0)	(26.0, 0.0)	(27.0, 0.0)	(28.0, 0.0)	(29.0, 0.0)	(30.0, 0.0)	(31.0, 0.0)	(32.0, 0.0)	(33.0, 0.0)	(34.0, 0.0)	(35.0, 0.0)	(36.0, 0.001087518012017074)	(37.0, 0.001087518012017074)	(38.0, 0.000543759006008537)	(39.0, 0.001087518012017074)	(40.0, 0.002175036024034148)	(41.0, 0.0032625540360512223)	(42.0, 0.002718795030042685)	(43.0, 0.004893831054076833)	(44.0, 0.011962698132187814)	(45.0, 0.0440444794866915)	(46.0, 1.315353035534651)	(47.0, 16.82227236888611)	(48.0, 18.302928142247357)	(49.0, 22.767733340583455)	(50.0, 6.642560017400288)	(51.0, 2.830809385280444)	(52.0, 0.6688235773905005)	(53.0, 6.340230010059542)	(54.0, 16.530817541665535)	(55.0, 5.900872733204643)	(56.0, 0.6465294581441505)	(57.0, 0.2816671651124222)	(58.0, 0.14028982355020256)	(59.0, 0.17998423098882574)	(60.0, 0.08210760990728909)	(61.0, 0.0777575378592208)	(62.0, 0.03751937141458905)	(63.0, 0.01576901117424757)	(64.0, 0.007068867078110982)	(65.0, 0.00543759006008537)	(66.0, 0.06253228569098176)	(67.0, 0.19575324216307335)	(68.0, 0.046763274516734184)	(69.0, 0.01576901117424757)	(70.0, 0.007068867078110982)	(71.0, 0.0016312770180256112)	(72.0, 0.0)	(73.0, 0.000543759006008537)	(74.0, 0.000543759006008537)	(75.0, 0.0)	(76.0, 0.0)	(77.0, 0.0)	(78.0, 0.0)	(79.0, 0.0)	(80.0, 0.0)	(81.0, 0.0)	(82.0, 0.0)	(83.0, 0.0)	(84.0, 0.0)	(85.0, 0.0)	(86.0, 0.0)	(87.0, 0.0)	(88.0, 0.0)	(89.0, 0.0)	(90.0, 0.0)	(91.0, 0.0)	(92.0, 0.0)	(93.0, 0.0)	(94.0, 0.0)	(95.0, 0.0)	(96.0, 0.0)	(97.0, 0.0)	(98.0, 0.0)	(99.0, 0.0)	(100.0, 0.0)
1121R_RL_M_NS1_diabetes_S23_L001_R2_001	(0.0, 0.0)	(1.0, 0.0)	(2.0, 0.0)	(3.0, 0.0)	(4.0, 0.0)	(5.0, 0.0)	(6.0, 0.0)	(7.0, 0.0)	(8.0, 0.0)	(9.0, 0.0)	(10.0, 0.0)	(11.0, 0.0)	(12.0, 0.0)	(13.0, 0.0)	(14.0, 0.0)	(15.0, 0.0)	(16.0, 0.0)	(17.0, 0.0005400083161280683)	(18.0, 0.0005400083161280683)	(19.0, 0.0)	(20.0, 0.0)	(21.0, 0.0)	(22.0, 0.0)	(23.0, 0.0)	(24.0, 0.0)	(25.0, 0.0)	(26.0, 0.0)	(27.0, 0.0)	(28.0, 0.0005400083161280683)	(29.0, 0.0)	(30.0, 0.0)	(31.0, 0.0005400083161280683)	(32.0, 0.0)	(33.0, 0.0)	(34.0, 0.0005400083161280683)	(35.0, 0.0010800166322561366)	(36.0, 0.0)	(37.0, 0.0005400083161280683)	(38.0, 0.001620024948384205)	(39.0, 0.00324004989676841)	(40.0, 0.005940091477408752)	(41.0, 0.005940091477408752)	(42.0, 0.011880182954817504)	(43.0, 0.020520316012866597)	(44.0, 0.03510054054832444)	(45.0, 0.13500207903201708)	(46.0, 0.7921921997598762)	(47.0, 2.1967538300089817)	(48.0, 7.7917799934118985)	(49.0, 16.419492860190047)	(50.0, 18.069218265961297)	(51.0, 14.824308294347732)	(52.0, 5.7419084253897505)	(53.0, 9.884312218408162)	(54.0, 8.63581299152007)	(55.0, 3.29027067016832)	(56.0, 5.797529281950942)	(57.0, 3.749817747193306)	(58.0, 1.0324959004368668)	(59.0, 0.41580640341861264)	(60.0, 0.21600332645122733)	(61.0, 0.15768242830939597)	(62.0, 0.13014200418686447)	(63.0, 0.08640133058049093)	(64.0, 0.057240881509575244)	(65.0, 0.04644071518701388)	(66.0, 0.05130079003216649)	(67.0, 0.10368159669658912)	(68.0, 0.1279819709223522)	(69.0, 0.06750103951600854)	(70.0, 0.029700457387043758)	(71.0, 0.020520316012866597)	(72.0, 0.00972014969030523)	(73.0, 0.004320066529024546)	(74.0, 0.003780058212896479)	(75.0, 0.0005400083161280683)	(76.0, 0.00324004989676841)	(77.0, 0.00324004989676841)	(78.0, 0.002160033264512273)	(79.0, 0.0027000415806403416)	(80.0, 0.001620024948384205)	(81.0, 0.0005400083161280683)	(82.0, 0.0010800166322561366)	(83.0, 0.0010800166322561366)	(84.0, 0.0005400083161280683)	(85.0, 0.0005400083161280683)	(86.0, 0.0005400083161280683)	(87.0, 0.0005400083161280683)	(88.0, 0.0)	(89.0, 0.0)	(90.0, 0.0)	(91.0, 0.0005400083161280683)	(92.0, 0.0010800166322561366)	(93.0, 0.0005400083161280683)	(94.0, 0.0005400083161280683)	(95.0, 0.0005400083161280683)	(96.0, 0.0)	(97.0, 0.0)	(98.0, 0.0)	(99.0, 0.0)	(100.0, 0.0007200110881707577)
1121R_RL_M_NS1_week5_S48_L001_R1_001	(0.0, 0.0)	(1.0, 0.0)	(2.0, 0.0)	(3.0, 0.0)	(4.0, 0.0)	(5.0, 0.0)	(6.0, 0.0)	(7.0, 0.0)	(8.0, 0.0)	(9.0, 0.0)	(10.0, 0.0)	(11.0, 0.0)	(12.0, 0.0)	(13.0, 0.0)	(14.0, 0.0)	(15.0, 0.0)	(16.0, 0.0)	(17.0, 0.0)	(18.0, 0.0)	(19.0, 0.0)	(20.0, 0.0)	(21.0, 0.0)	(22.0, 0.0)	(23.0, 0.0)	(24.0, 0.0)	(25.0, 0.0)	(26.0, 0.0)	(27.0, 0.0)	(28.0, 0.0)	(29.0, 0.0)	(30.0, 0.0)	(31.0, 0.0)	(32.0, 0.0)	(33.0, 0.0)	(34.0, 0.0)	(35.0, 0.0)	(36.0, 0.0)	(37.0, 0.0)	(38.0, 0.0)	(39.0, 0.0012697203440942132)	(40.0, 0.0038091610322826394)	(41.0, 0.0025394406881884264)	(42.0, 0.0057137415484239595)	(43.0, 0.005078881376376853)	(44.0, 0.007618322064565279)	(45.0, 0.019680665333460304)	(46.0, 0.6335904517030124)	(47.0, 9.370536139415293)	(48.0, 14.281814430371712)	(49.0, 23.597752594990954)	(50.0, 3.4504650350760246)	(51.0, 1.3198742976859346)	(52.0, 0.9719709234041203)	(53.0, 7.203758372218519)	(54.0, 27.308510300606294)	(55.0, 9.795892454686856)	(56.0, 0.8208742024569088)	(57.0, 0.3726629209916516)	(58.0, 0.19617179316255595)	(59.0, 0.297749420690093)	(60.0, 0.12125829286099736)	(61.0, 0.06348601720471066)	(62.0, 0.03491730946259087)	(63.0, 0.010157762752753706)	(64.0, 0.005078881376376853)	(65.0, 0.005078881376376853)	(66.0, 0.02031552550550741)	(67.0, 0.05967685617242803)	(68.0, 0.007618322064565279)	(69.0, 0.0019045805161413197)	(70.0, 0.0019045805161413197)	(71.0, 0.0006348601720471066)	(72.0, 0.0006348601720471066)	(73.0, 0.0)	(74.0, 0.0)	(75.0, 0.0)	(76.0, 0.0)	(77.0, 0.0)	(78.0, 0.0)	(79.0, 0.0)	(80.0, 0.0)	(81.0, 0.0)	(82.0, 0.0)	(83.0, 0.0)	(84.0, 0.0)	(85.0, 0.0)	(86.0, 0.0)	(87.0, 0.0)	(88.0, 0.0)	(89.0, 0.0)	(90.0, 0.0)	(91.0, 0.0)	(92.0, 0.0)	(93.0, 0.0)	(94.0, 0.0)	(95.0, 0.0)	(96.0, 0.0)	(97.0, 0.0)	(98.0, 0.0)	(99.0, 0.0)	(100.0, 0.0)
1121R_RL_M_NS1_week5_S48_L001_R2_001	(0.0, 0.0)	(1.0, 0.0)	(2.0, 0.0)	(3.0, 0.0)	(4.0, 0.0)	(5.0, 0.0)	(6.0, 0.0)	(7.0, 0.0)	(8.0, 0.0)	(9.0, 0.0)	(10.0, 0.0)	(11.0, 0.0)	(12.0, 0.0)	(13.0, 0.0)	(14.0, 0.0)	(15.0, 0.0)	(16.0, 0.0)	(17.0, 0.0)	(18.0, 0.0)	(19.0, 0.0)	(20.0, 0.0)	(21.0, 0.0)	(22.0, 0.0)	(23.0, 0.0)	(24.0, 0.0)	(25.0, 0.0)	(26.0, 0.0)	(27.0, 0.0006257274081119301)	(28.0, 0.0)	(29.0, 0.0)	(30.0, 0.0)	(31.0, 0.0)	(32.0, 0.0006257274081119301)	(33.0, 0.0)	(34.0, 0.0006257274081119301)	(35.0, 0.0)	(36.0, 0.0006257274081119301)	(37.0, 0.0031286370405596508)	(38.0, 0.0018771822243357904)	(39.0, 0.0025029096324477203)	(40.0, 0.005631546673007371)	(41.0, 0.012514548162238603)	(42.0, 0.015017457794686323)	(43.0, 0.021274731875805624)	(44.0, 0.03253782522182037)	(45.0, 0.08760183713567021)	(46.0, 0.4861901961029697)	(47.0, 1.3703430237651268)	(48.0, 4.928229066289561)	(49.0, 10.502834545158747)	(50.0, 15.679477392468744)	(51.0, 15.683857484325529)	(52.0, 3.344512996358266)	(53.0, 4.955135344838375)	(54.0, 6.970603326366902)	(55.0, 7.027544520505087)	(56.0, 14.68957663283567)	(57.0, 9.681254458307782)	(58.0, 2.3170685922384773)	(59.0, 0.8128199031373972)	(60.0, 0.3629218967049195)	(61.0, 0.2471623262042124)	(62.0, 0.17082358241455692)	(63.0, 0.1307770282953934)	(64.0, 0.09511056603301338)	(65.0, 0.07633874378965548)	(66.0, 0.053812557097625995)	(67.0, 0.048181010424618614)	(68.0, 0.05318682968951406)	(69.0, 0.043800918567835107)	(70.0, 0.028157733365036856)	(71.0, 0.016268912610910184)	(72.0, 0.008134456305455092)	(73.0, 0.0050058192648954405)	(74.0, 0.004380091856783511)	(75.0, 0.005631546673007371)	(76.0, 0.005631546673007371)	(77.0, 0.0018771822243357904)	(78.0, 0.0006257274081119301)	(79.0, 0.0006257274081119301)	(80.0, 0.0)	(81.0, 0.0006257274081119301)	(82.0, 0.0)	(83.0, 0.0006257274081119301)	(84.0, 0.0006257274081119301)	(85.0, 0.0018771822243357904)	(86.0, 0.0006257274081119301)	(87.0, 0.0)	(88.0, 0.0)	(89.0, 0.0006257274081119301)	(90.0, 0.0006257274081119301)	(91.0, 0.0006257274081119301)	(92.0, 0.0006257274081119301)	(93.0, 0.0)	(94.0, 0.0)	(95.0, 0.0)	(96.0, 0.0006257274081119301)	(97.0, 0.0)	(98.0, 0.0)	(99.0, 0.0)	(100.0, 0.0)
1121R_RL_M_NS1_week9_S69_L001_R1_001	(0.0, 0.0)	(1.0, 0.0)	(2.0, 0.0)	(3.0, 0.0)	(4.0, 0.0)	(5.0, 0.0)	(6.0, 0.0)	(7.0, 0.0)	(8.0, 0.0)	(9.0, 0.0)	(10.0, 0.0)	(11.0, 0.0)	(12.0, 0.0)	(13.0, 0.0)	(14.0, 0.0)	(15.0, 0.0)	(16.0, 0.0)	(17.0, 0.0)	(18.0, 0.0)	(19.0, 0.0)	(20.0, 0.0)	(21.0, 0.0)	(22.0, 0.0)	(23.0, 0.0)	(24.0, 0.0)	(25.0, 0.0)	(26.0, 0.0)	(27.0, 0.0)	(28.0, 0.0)	(29.0, 0.0)	(30.0, 0.0)	(31.0, 0.0)	(32.0, 0.0)	(33.0, 0.0)	(34.0, 0.0005676689808638786)	(35.0, 0.0005676689808638786)	(36.0, 0.0)	(37.0, 0.0005676689808638786)	(38.0, 0.0005676689808638786)	(39.0, 0.0)	(40.0, 0.0005676689808638786)	(41.0, 0.004541351846911029)	(42.0, 0.0034060138851832716)	(43.0, 0.005109020827774908)	(44.0, 0.010785710636413695)	(45.0, 0.02951878700492169)	(46.0, 1.2471687509579414)	(47.0, 14.765637861250347)	(48.0, 16.329565903530334)	(49.0, 20.01146691341345)	(50.0, 4.757066059639303)	(51.0, 1.8608189192717943)	(52.0, 0.5705073257681981)	(53.0, 4.732656293462156)	(54.0, 24.68735630878922)	(55.0, 8.911835330582031)	(56.0, 0.7374020061421783)	(57.0, 0.3457104093461021)	(58.0, 0.18108640489557729)	(59.0, 0.21287586782395448)	(60.0, 0.09309771286167609)	(61.0, 0.06698493974193769)	(62.0, 0.03519547681356048)	(63.0, 0.014191724521596966)	(64.0, 0.006244358789502666)	(65.0, 0.006812027770366543)	(66.0, 0.07266162955057646)	(67.0, 0.20265782616840466)	(68.0, 0.0584699050289795)	(69.0, 0.02100375229196351)	(70.0, 0.007947365732094301)	(71.0, 0.003973682866047151)	(72.0, 0.0011353379617277573)	(73.0, 0.0005676689808638786)	(74.0, 0.0011353379617277573)	(75.0, 0.0005676689808638786)	(76.0, 0.0)	(77.0, 0.0)	(78.0, 0.0)	(79.0, 0.0)	(80.0, 0.0)	(81.0, 0.0)	(82.0, 0.0)	(83.0, 0.0)	(84.0, 0.0)	(85.0, 0.0)	(86.0, 0.0)	(87.0, 0.0)	(88.0, 0.0)	(89.0, 0.0)	(90.0, 0.0)	(91.0, 0.0)	(92.0, 0.0)	(93.0, 0.0)	(94.0, 0.0)	(95.0, 0.0)	(96.0, 0.0)	(97.0, 0.0)	(98.0, 0.0)	(99.0, 0.0)	(100.0, 0.0)
1121R_RL_M_NS1_week9_S69_L001_R2_001	(0.0, 0.0)	(1.0, 0.0)	(2.0, 0.0)	(3.0, 0.0)	(4.0, 0.0)	(5.0, 0.0)	(6.0, 0.0)	(7.0, 0.0)	(8.0, 0.0)	(9.0, 0.0)	(10.0, 0.0)	(11.0, 0.0)	(12.0, 0.0)	(13.0, 0.0)	(14.0, 0.0)	(15.0, 0.0)	(16.0, 0.0)	(17.0, 0.0)	(18.0, 0.0005690904227772751)	(19.0, 0.0)	(20.0, 0.0)	(21.0, 0.0)	(22.0, 0.0)	(23.0, 0.0)	(24.0, 0.0)	(25.0, 0.0)	(26.0, 0.0)	(27.0, 0.0005690904227772751)	(28.0, 0.0005690904227772751)	(29.0, 0.0005690904227772751)	(30.0, 0.0)	(31.0, 0.0005690904227772751)	(32.0, 0.0005690904227772751)	(33.0, 0.0011381808455545501)	(34.0, 0.0011381808455545501)	(35.0, 0.0005690904227772751)	(36.0, 0.0)	(37.0, 0.0011381808455545501)	(38.0, 0.0011381808455545501)	(39.0, 0.0017072712683318253)	(40.0, 0.0034145425366636506)	(41.0, 0.0034145425366636506)	(42.0, 0.006829085073327301)	(43.0, 0.01934907437442735)	(44.0, 0.03243815409830468)	(45.0, 0.09048537722158674)	(46.0, 0.6026667577211343)	(47.0, 1.870031129246126)	(48.0, 5.640255180145573)	(49.0, 14.69676016822313)	(50.0, 15.089432559939448)	(51.0, 14.637574764254294)	(52.0, 3.3650316698820277)	(53.0, 5.177584666427649)	(54.0, 6.94631770041942)	(55.0, 4.7701159237191195)	(56.0, 12.484705694887861)	(57.0, 9.881117010681827)	(58.0, 2.3196125632401734)	(59.0, 0.7278666507321349)	(60.0, 0.33291789732470595)	(61.0, 0.2486925147536692)	(62.0, 0.17300348852429162)	(63.0, 0.13145988766155053)	(64.0, 0.09162355806714129)	(65.0, 0.08593265383936854)	(66.0, 0.07398175496104577)	(67.0, 0.10471263779101862)	(68.0, 0.1582071375320825)	(69.0, 0.10869627075045954)	(70.0, 0.05349449974106386)	(71.0, 0.0250399786022001)	(72.0, 0.011950898878322777)	(73.0, 0.006829085073327301)	(74.0, 0.0028454521138863756)	(75.0, 0.0028454521138863756)	(76.0, 0.0028454521138863756)	(77.0, 0.0022763616911091003)	(78.0, 0.0)	(79.0, 0.0)	(80.0, 0.0)	(81.0, 0.0017072712683318253)	(82.0, 0.0005690904227772751)	(83.0, 0.0005690904227772751)	(84.0, 0.0017072712683318253)	(85.0, 0.0)	(86.0, 0.0)	(87.0, 0.0005690904227772751)	(88.0, 0.0011381808455545501)	(89.0, 0.0005690904227772751)	(90.0, 0.0)	(91.0, 0.0)	(92.0, 0.0)	(93.0, 0.0)	(94.0, 0.0)	(95.0, 0.0)	(96.0, 0.0)	(97.0, 0.0)	(98.0, 0.0)	(99.0, 0.0005690904227772751)	(100.0, 0.0)
1121R_RR_M_NS1_week5_S49_L001_R1_001	(0.0, 0.0)	(1.0, 0.0)	(2.0, 0.0)	(3.0, 0.0)	(4.0, 0.0)	(5.0, 0.0)	(6.0, 0.0)	(7.0, 0.0)	(8.0, 0.0)	(9.0, 0.0)	(10.0, 0.0)	(11.0, 0.0)	(12.0, 0.0)	(13.0, 0.0)	(14.0, 0.0)	(15.0, 0.0)	(16.0, 0.0)	(17.0, 0.0)	(18.0, 0.0)	(19.0, 0.0)	(20.0, 0.0)	(21.0, 0.0)	(22.0, 0.0)	(23.0, 0.0)	(24.0, 0.0)	(25.0, 0.0)	(26.0, 0.0)	(27.0, 0.0)	(28.0, 0.0)	(29.0, 0.0)	(30.0, 0.0)	(31.0, 0.0)	(32.0, 0.0)	(33.0, 0.0)	(34.0, 0.0)	(35.0, 0.0)	(36.0, 0.0)	(37.0, 0.0)	(38.0, 0.0008957523423923754)	(39.0, 0.0017915046847847508)	(40.0, 0.002687257027177126)	(41.0, 0.0017915046847847508)	(42.0, 0.004478761711961877)	(43.0, 0.008957523423923754)	(44.0, 0.016123542163062755)	(45.0, 0.027768322614163638)	(46.0, 0.866192515093427)	(47.0, 8.583994697146133)	(48.0, 14.142137981690823)	(49.0, 25.530733262867482)	(50.0, 3.8194879879610886)	(51.0, 1.4090184345832064)	(52.0, 0.9297909314032857)	(53.0, 6.412691019187015)	(54.0, 26.41036206309679)	(55.0, 9.818341424962826)	(56.0, 0.8742542861749584)	(57.0, 0.3493434135330264)	(58.0, 0.19885702001110733)	(59.0, 0.26245543632096596)	(60.0, 0.11376054748383167)	(61.0, 0.059119654597896774)	(62.0, 0.014332037478278006)	(63.0, 0.010749028108708505)	(64.0, 0.005374514054354252)	(65.0, 0.002687257027177126)	(66.0, 0.02508106558698651)	(67.0, 0.06001540694028915)	(68.0, 0.02149805621741701)	(69.0, 0.008957523423923754)	(70.0, 0.004478761711961877)	(71.0, 0.0017915046847847508)	(72.0, 0.0)	(73.0, 0.0)	(74.0, 0.0)	(75.0, 0.0)	(76.0, 0.0)	(77.0, 0.0)	(78.0, 0.0)	(79.0, 0.0)	(80.0, 0.0)	(81.0, 0.0)	(82.0, 0.0)	(83.0, 0.0)	(84.0, 0.0)	(85.0, 0.0)	(86.0, 0.0)	(87.0, 0.0)	(88.0, 0.0)	(89.0, 0.0)	(90.0, 0.0)	(91.0, 0.0)	(92.0, 0.0)	(93.0, 0.0)	(94.0, 0.0)	(95.0, 0.0)	(96.0, 0.0)	(97.0, 0.0)	(98.0, 0.0)	(99.0, 0.0)	(100.0, 0.0)
1121R_RR_M_NS1_week5_S49_L001_R2_001	(0.0, 0.0)	(1.0, 0.0)	(2.0, 0.0)	(3.0, 0.0)	(4.0, 0.0)	(5.0, 0.0)	(6.0, 0.0)	(7.0, 0.0)	(8.0, 0.0)	(9.0, 0.0)	(10.0, 0.0)	(11.0, 0.0)	(12.0, 0.0)	(13.0, 0.0)	(14.0, 0.0)	(15.0, 0.0)	(16.0, 0.0)	(17.0, 0.0)	(18.0, 0.0)	(19.0, 0.0)	(20.0, 0.0)	(21.0, 0.0)	(22.0, 0.0)	(23.0, 0.0008799486110011175)	(24.0, 0.0)	(25.0, 0.0)	(26.0, 0.0)	(27.0, 0.0)	(28.0, 0.0)	(29.0, 0.0)	(30.0, 0.0008799486110011175)	(31.0, 0.0008799486110011175)	(32.0, 0.0)	(33.0, 0.0)	(34.0, 0.0)	(35.0, 0.0)	(36.0, 0.0)	(37.0, 0.0008799486110011175)	(38.0, 0.001759897222002235)	(39.0, 0.004399743055005588)	(40.0, 0.004399743055005588)	(41.0, 0.007919537499010058)	(42.0, 0.01407917777601788)	(43.0, 0.03607789305104582)	(44.0, 0.06863599165808716)	(45.0, 0.11791311387414977)	(46.0, 0.4346946138345521)	(47.0, 1.3137632762246685)	(48.0, 4.949710936881286)	(49.0, 9.992696426528692)	(50.0, 16.153216652147513)	(51.0, 16.887093793722446)	(52.0, 3.4106808162403315)	(53.0, 4.927712221606258)	(54.0, 6.882958035250741)	(55.0, 6.648891704724444)	(56.0, 14.140774178787959)	(57.0, 9.308976355780823)	(58.0, 2.2957859261019156)	(59.0, 0.8165923110090371)	(60.0, 0.4012565666165096)	(61.0, 0.30798201385039115)	(62.0, 0.20854782080726486)	(63.0, 0.16455039025720897)	(64.0, 0.10647378193113521)	(65.0, 0.08095527221210282)	(66.0, 0.06247635138107935)	(67.0, 0.07479563193509499)	(68.0, 0.07655552915709722)	(69.0, 0.033438047218042465)	(70.0, 0.023758612497030172)	(71.0, 0.009679434721012292)	(72.0, 0.006159640277007823)	(73.0, 0.00351979444400447)	(74.0, 0.0026398458330033525)	(75.0, 0.0026398458330033525)	(76.0, 0.001759897222002235)	(77.0, 0.0008799486110011175)	(78.0, 0.0)	(79.0, 0.0)	(80.0, 0.0)	(81.0, 0.0008799486110011175)	(82.0, 0.0)	(83.0, 0.0)	(84.0, 0.0008799486110011175)	(85.0, 0.0008799486110011175)	(86.0, 0.0008799486110011175)	(87.0, 0.0008799486110011175)	(88.0, 0.0008799486110011175)	(89.0, 0.0)	(90.0, 0.001759897222002235)	(91.0, 0.0008799486110011175)	(92.0, 0.0)	(93.0, 0.0)	(94.0, 0.0)	(95.0, 0.0)	(96.0, 0.0)	(97.0, 0.0008799486110011175)	(98.0, 0.0008799486110011175)	(99.0, 0.0)	(100.0, 0.0)
1121R_RR_M_NS1_week9_S70_L001_R1_001	(0.0, 0.0)	(1.0, 0.0)	(2.0, 0.0)	(3.0, 0.0)	(4.0, 0.0)	(5.0, 0.0)	(6.0, 0.0)	(7.0, 0.0)	(8.0, 0.0)	(9.0, 0.0)	(10.0, 0.0)	(11.0, 0.0)	(12.0, 0.0)	(13.0, 0.0)	(14.0, 0.0)	(15.0, 0.0)	(16.0, 0.0)	(17.0, 0.0)	(18.0, 0.0)	(19.0, 0.0)	(20.0, 0.0)	(21.0, 0.0)	(22.0, 0.0)	(23.0, 0.0)	(24.0, 0.0)	(25.0, 0.0005948592265640336)	(26.0, 0.0)	(27.0, 0.0)	(28.0, 0.0)	(29.0, 0.0011897184531280672)	(30.0, 0.0)	(31.0, 0.0)	(32.0, 0.0)	(33.0, 0.0)	(34.0, 0.0005948592265640336)	(35.0, 0.0)	(36.0, 0.0)	(37.0, 0.0)	(38.0, 0.0)	(39.0, 0.0005948592265640336)	(40.0, 0.0005948592265640336)	(41.0, 0.0023794369062561343)	(42.0, 0.003569155359384202)	(43.0, 0.009517747625024537)	(44.0, 0.010112606851588572)	(45.0, 0.03212239823445782)	(46.0, 1.0011480783072686)	(47.0, 14.305769539638444)	(48.0, 16.099270107729005)	(49.0, 17.70003628641282)	(50.0, 4.7172336666527865)	(51.0, 2.0475054578334038)	(52.0, 0.6692166298845379)	(53.0, 6.582117341931032)	(54.0, 26.539049533927795)	(55.0, 7.977062228223692)	(56.0, 0.7846193198379604)	(57.0, 0.3372851814618071)	(58.0, 0.19511382631300303)	(59.0, 0.2581689043287906)	(60.0, 0.11183353459403832)	(61.0, 0.0850648693986568)	(62.0, 0.03926070895322622)	(63.0, 0.013681762210972774)	(64.0, 0.005353733039076302)	(65.0, 0.005353733039076302)	(66.0, 0.09755691315650152)	(67.0, 0.25876376355535463)	(68.0, 0.06246021878922353)	(69.0, 0.025578946742253444)	(70.0, 0.010707466078152605)	(71.0, 0.00654345149220437)	(72.0, 0.002974296132820168)	(73.0, 0.0)	(74.0, 0.0)	(75.0, 0.0)	(76.0, 0.0)	(77.0, 0.0)	(78.0, 0.0)	(79.0, 0.0)	(80.0, 0.0)	(81.0, 0.0)	(82.0, 0.0)	(83.0, 0.0)	(84.0, 0.0)	(85.0, 0.0)	(86.0, 0.0)	(87.0, 0.0)	(88.0, 0.0)	(89.0, 0.0)	(90.0, 0.0)	(91.0, 0.0)	(92.0, 0.0)	(93.0, 0.0)	(94.0, 0.0)	(95.0, 0.0)	(96.0, 0.0)	(97.0, 0.0)	(98.0, 0.0)	(99.0, 0.0)	(100.0, 0.0)
1121R_RR_M_NS1_week9_S70_L001_R2_001	(0.0, 0.0)	(1.0, 0.0)	(2.0, 0.0)	(3.0, 0.0)	(4.0, 0.0)	(5.0, 0.0)	(6.0, 0.0)	(7.0, 0.0)	(8.0, 0.0)	(9.0, 0.0)	(10.0, 0.0)	(11.0, 0.0)	(12.0, 0.0)	(13.0, 0.0)	(14.0, 0.0)	(15.0, 0.0)	(16.0, 0.0)	(17.0, 0.0)	(18.0, 0.0)	(19.0, 0.0005948403547627876)	(20.0, 0.0005948403547627876)	(21.0, 0.0)	(22.0, 0.0)	(23.0, 0.0)	(24.0, 0.0)	(25.0, 0.0)	(26.0, 0.0)	(27.0, 0.0)	(28.0, 0.0)	(29.0, 0.0005948403547627876)	(30.0, 0.0005948403547627876)	(31.0, 0.0)	(32.0, 0.0)	(33.0, 0.0)	(34.0, 0.0)	(35.0, 0.0)	(36.0, 0.0011896807095255753)	(37.0, 0.0005948403547627876)	(38.0, 0.0017845210642883625)	(39.0, 0.003569042128576725)	(40.0, 0.0017845210642883625)	(41.0, 0.006543243902390663)	(42.0, 0.012491647450018538)	(43.0, 0.022009093126223137)	(44.0, 0.042233665188157916)	(45.0, 0.0999331796001483)	(46.0, 0.6114958846961456)	(47.0, 1.8214011662836556)	(48.0, 5.418995631888994)	(49.0, 14.117346139585237)	(50.0, 14.284496279273581)	(51.0, 12.616563924518722)	(52.0, 3.914049534339142)	(53.0, 6.827577591967275)	(54.0, 7.6258533480589366)	(55.0, 5.125144496636177)	(56.0, 12.53269143449717)	(57.0, 9.975472749371948)	(58.0, 2.4376557738179034)	(59.0, 0.7619904944511309)	(60.0, 0.36582681817911433)	(61.0, 0.23555678048606388)	(62.0, 0.182021148557413)	(63.0, 0.1338390798216272)	(64.0, 0.10350222172872503)	(65.0, 0.09279509534299486)	(66.0, 0.08863121285965535)	(67.0, 0.1290803569835249)	(68.0, 0.17071918181692003)	(69.0, 0.10647642350253897)	(70.0, 0.054725312638176454)	(71.0, 0.025578135254799867)	(72.0, 0.013086487804781326)	(73.0, 0.008922605321441813)	(74.0, 0.004758722838102301)	(75.0, 0.004163882483339513)	(76.0, 0.002974201773813938)	(77.0, 0.0023793614190511505)	(78.0, 0.0011896807095255753)	(79.0, 0.0023793614190511505)	(80.0, 0.0005948403547627876)	(81.0, 0.0011896807095255753)	(82.0, 0.0)	(83.0, 0.0)	(84.0, 0.0005948403547627876)	(85.0, 0.0)	(86.0, 0.0005948403547627876)	(87.0, 0.0)	(88.0, 0.0)	(89.0, 0.0)	(90.0, 0.0)	(91.0, 0.0)	(92.0, 0.0)	(93.0, 0.0011896807095255753)	(94.0, 0.0011896807095255753)	(95.0, 0.0)	(96.0, 0.0)	(97.0, 0.0)	(98.0, 0.0)	(99.0, 0.0)	(100.0, 0.00079312047301705)
1121R_R_M_NS1_week5_S47_L001_R1_001	(0.0, 0.0)	(1.0, 0.0)	(2.0, 0.0)	(3.0, 0.0)	(4.0, 0.0)	(5.0, 0.0)	(6.0, 0.0)	(7.0, 0.0)	(8.0, 0.0)	(9.0, 0.0)	(10.0, 0.0)	(11.0, 0.0)	(12.0, 0.0)	(13.0, 0.0)	(14.0, 0.0)	(15.0, 0.0)	(16.0, 0.0)	(17.0, 0.0)	(18.0, 0.0)	(19.0, 0.0)	(20.0, 0.0)	(21.0, 0.0)	(22.0, 0.0)	(23.0, 0.0)	(24.0, 0.0)	(25.0, 0.0)	(26.0, 0.0)	(27.0, 0.0)	(28.0, 0.0)	(29.0, 0.0)	(30.0, 0.0)	(31.0, 0.0)	(32.0, 0.0)	(33.0, 0.0)	(34.0, 0.0)	(35.0, 0.0)	(36.0, 0.0)	(37.0, 0.0)	(38.0, 0.0)	(39.0, 0.0016050462654586019)	(40.0, 0.002407569398187903)	(41.0, 0.004815138796375806)	(42.0, 0.0032100925309172038)	(43.0, 0.005617661929105107)	(44.0, 0.004815138796375806)	(45.0, 0.020063078318232522)	(46.0, 0.7423338977746033)	(47.0, 9.105427463946649)	(48.0, 14.012856420586322)	(49.0, 25.046746972481483)	(50.0, 3.7935268484114055)	(51.0, 1.4822602261510187)	(52.0, 0.9927211151861453)	(53.0, 6.863177831100982)	(54.0, 26.087619475631385)	(55.0, 9.743433354466442)	(56.0, 0.8747502146749381)	(57.0, 0.35150513213543383)	(58.0, 0.19180302872230293)	(59.0, 0.29934112850802924)	(60.0, 0.11476080798029002)	(61.0, 0.061794281220156164)	(62.0, 0.027285786512796232)	(63.0, 0.009630277592751611)	(64.0, 0.005617661929105107)	(65.0, 0.0032100925309172038)	(66.0, 0.021668124583691124)	(67.0, 0.08506745206930591)	(68.0, 0.028890832778254834)	(69.0, 0.0064201850618344075)	(70.0, 0.002407569398187903)	(71.0, 0.0008025231327293009)	(72.0, 0.0008025231327293009)	(73.0, 0.0)	(74.0, 0.0)	(75.0, 0.0)	(76.0, 0.0)	(77.0, 0.0)	(78.0, 0.0)	(79.0, 0.0)	(80.0, 0.0)	(81.0, 0.0)	(82.0, 0.0)	(83.0, 0.0)	(84.0, 0.0)	(85.0, 0.0)	(86.0, 0.0)	(87.0, 0.0)	(88.0, 0.0)	(89.0, 0.0)	(90.0, 0.0)	(91.0, 0.0)	(92.0, 0.0008025231327293009)	(93.0, 0.0008025231327293009)	(94.0, 0.0)	(95.0, 0.0)	(96.0, 0.0)	(97.0, 0.0)	(98.0, 0.0)	(99.0, 0.0)	(100.0, 0.0)
1121R_R_M_NS1_week5_S47_L001_R2_001	(0.0, 0.0)	(1.0, 0.0)	(2.0, 0.0)	(3.0, 0.0)	(4.0, 0.0)	(5.0, 0.0)	(6.0, 0.0)	(7.0, 0.0)	(8.0, 0.0)	(9.0, 0.0)	(10.0, 0.0)	(11.0, 0.0)	(12.0, 0.0)	(13.0, 0.0)	(14.0, 0.0)	(15.0, 0.0)	(16.0, 0.0)	(17.0, 0.0)	(18.0, 0.0)	(19.0, 0.0)	(20.0, 0.0)	(21.0, 0.0007872404074756349)	(22.0, 0.0)	(23.0, 0.0)	(24.0, 0.0)	(25.0, 0.0)	(26.0, 0.0)	(27.0, 0.0)	(28.0, 0.0007872404074756349)	(29.0, 0.0007872404074756349)	(30.0, 0.0)	(31.0, 0.0)	(32.0, 0.0)	(33.0, 0.0)	(34.0, 0.0)	(35.0, 0.0)	(36.0, 0.0007872404074756349)	(37.0, 0.0007872404074756349)	(38.0, 0.0)	(39.0, 0.0007872404074756349)	(40.0, 0.0031489616299025395)	(41.0, 0.007872404074756348)	(42.0, 0.013383086927085794)	(43.0, 0.020468250594366508)	(44.0, 0.03463857792892794)	(45.0, 0.11100089745406452)	(46.0, 0.4668335616330515)	(47.0, 1.3146914804843102)	(48.0, 5.092658195959882)	(49.0, 10.46557397698109)	(50.0, 15.981767512162865)	(51.0, 16.544644403507945)	(52.0, 3.533134948750649)	(53.0, 5.265851085604522)	(54.0, 6.97416276982665)	(55.0, 6.616755624832711)	(56.0, 14.09632673625872)	(57.0, 9.069009494119314)	(58.0, 2.1656983609654716)	(59.0, 0.7777935225859273)	(60.0, 0.37551367436587785)	(61.0, 0.22987419898288539)	(62.0, 0.17398013005211532)	(63.0, 0.14406499456804117)	(64.0, 0.11021365704658888)	(65.0, 0.08187300237746603)	(66.0, 0.05353234770834318)	(67.0, 0.07793680034008786)	(68.0, 0.07557507911766095)	(69.0, 0.040936501188733015)	(70.0, 0.029127895076598496)	(71.0, 0.01731928896446397)	(72.0, 0.008659644482231985)	(73.0, 0.00472344244485381)	(74.0, 0.0015744808149512697)	(75.0, 0.0015744808149512697)	(76.0, 0.00472344244485381)	(77.0, 0.0007872404074756349)	(78.0, 0.0015744808149512697)	(79.0, 0.0007872404074756349)	(80.0, 0.0007872404074756349)	(81.0, 0.0015744808149512697)	(82.0, 0.0007872404074756349)	(83.0, 0.0007872404074756349)	(84.0, 0.0)	(85.0, 0.0)	(86.0, 0.0)	(87.0, 0.0)	(88.0, 0.0007872404074756349)	(89.0, 0.0)	(90.0, 0.0)	(91.0, 0.0)	(92.0, 0.0)	(93.0, 0.0)	(94.0, 0.0007872404074756349)	(95.0, 0.0)	(96.0, 0.0)	(97.0, 0.0)	(98.0, 0.0)	(99.0, 0.0)	(100.0, 0.0)
1121R_R_M_NS1_week9_S68_L001_R1_001	(0.0, 0.0)	(1.0, 0.0)	(2.0, 0.0)	(3.0, 0.0)	(4.0, 0.0)	(5.0, 0.0)	(6.0, 0.0)	(7.0, 0.0)	(8.0, 0.0)	(9.0, 0.0)	(10.0, 0.0)	(11.0, 0.0)	(12.0, 0.0)	(13.0, 0.0)	(14.0, 0.0)	(15.0, 0.0)	(16.0, 0.0)	(17.0, 0.0)	(18.0, 0.0)	(19.0, 0.0)	(20.0, 0.0)	(21.0, 0.0)	(22.0, 0.0)	(23.0, 0.0)	(24.0, 0.0)	(25.0, 0.0)	(26.0, 0.0)	(27.0, 0.0)	(28.0, 0.0)	(29.0, 0.0)	(30.0, 0.0)	(31.0, 0.0)	(32.0, 0.0)	(33.0, 0.0)	(34.0, 0.0006923385812597793)	(35.0, 0.0034616929062988963)	(36.0, 0.00900040155637713)	(37.0, 0.006231047231338013)	(38.0, 0.0)	(39.0, 0.0006923385812597793)	(40.0, 0.002077015743779338)	(41.0, 0.0013846771625195585)	(42.0, 0.004154031487558676)	(43.0, 0.005538708650078234)	(44.0, 0.01038507871889669)	(45.0, 0.02838588183165095)	(46.0, 0.9935058641077833)	(47.0, 15.164984283914205)	(48.0, 16.807211398662403)	(49.0, 21.370414987745605)	(50.0, 4.89414143092538)	(51.0, 2.014012932884698)	(52.0, 0.5296390146637311)	(53.0, 5.020839391295919)	(54.0, 22.73570666998989)	(55.0, 8.423683518187735)	(56.0, 0.7477256677605616)	(57.0, 0.3274761489358756)	(58.0, 0.16823827524612636)	(59.0, 0.17931569254628282)	(60.0, 0.0768495825198355)	(61.0, 0.061618133732120356)	(62.0, 0.03184757473794985)	(63.0, 0.00900040155637713)	(64.0, 0.005538708650078234)	(65.0, 0.006231047231338013)	(66.0, 0.06092579515086057)	(67.0, 0.213240283028012)	(68.0, 0.06092579515086057)	(69.0, 0.013846771625195585)	(70.0, 0.0034616929062988963)	(71.0, 0.004154031487558676)	(72.0, 0.0034616929062988963)	(73.0, 0.0)	(74.0, 0.0)	(75.0, 0.0)	(76.0, 0.0)	(77.0, 0.0)	(78.0, 0.0)	(79.0, 0.0)	(80.0, 0.0)	(81.0, 0.0)	(82.0, 0.0)	(83.0, 0.0)	(84.0, 0.0)	(85.0, 0.0)	(86.0, 0.0)	(87.0, 0.0)	(88.0, 0.0)	(89.0, 0.0)	(90.0, 0.0)	(91.0, 0.0)	(92.0, 0.0)	(93.0, 0.0)	(94.0, 0.0)	(95.0, 0.0)	(96.0, 0.0)	(97.0, 0.0)	(98.0, 0.0)	(99.0, 0.0)	(100.0, 0.0)
1121R_R_M_NS1_week9_S68_L001_R2_001	(0.0, 0.0)	(1.0, 0.0)	(2.0, 0.0)	(3.0, 0.0)	(4.0, 0.0)	(5.0, 0.0)	(6.0, 0.0)	(7.0, 0.0)	(8.0, 0.0)	(9.0, 0.0)	(10.0, 0.0)	(11.0, 0.0)	(12.0, 0.0)	(13.0, 0.0)	(14.0, 0.0)	(15.0, 0.0)	(16.0, 0.0)	(17.0, 0.0)	(18.0, 0.0)	(19.0, 0.0)	(20.0, 0.0)	(21.0, 0.0)	(22.0, 0.0)	(23.0, 0.0)	(24.0, 0.0)	(25.0, 0.0)	(26.0, 0.0)	(27.0, 0.0)	(28.0, 0.0)	(29.0, 0.0006922858586767648)	(30.0, 0.0006922858586767648)	(31.0, 0.0020768575760302943)	(32.0, 0.0006922858586767648)	(33.0, 0.0006922858586767648)	(34.0, 0.0013845717173535297)	(35.0, 0.0034614292933838244)	(36.0, 0.004846001010737354)	(37.0, 0.0027691434347070594)	(38.0, 0.004153715152060589)	(39.0, 0.0013845717173535297)	(40.0, 0.0034614292933838244)	(41.0, 0.005538286869414119)	(42.0, 0.009692002021474707)	(43.0, 0.02007628990162618)	(44.0, 0.04153715152060589)	(45.0, 0.10868887981225209)	(46.0, 0.6285955596785024)	(47.0, 1.90447839721978)	(48.0, 5.9647349583590055)	(49.0, 15.562586103053672)	(50.0, 15.222673746443382)	(51.0, 15.73427299600551)	(52.0, 3.9446448227402056)	(53.0, 6.331646463457691)	(54.0, 7.92598079599028)	(55.0, 4.578086383429445)	(56.0, 10.208447272047575)	(57.0, 8.00074766872737)	(58.0, 1.871940961861972)	(59.0, 0.5981349818967248)	(60.0, 0.26445319801452416)	(61.0, 0.1945323262881709)	(62.0, 0.15091831719153473)	(63.0, 0.09968916364945413)	(64.0, 0.0726900151610603)	(65.0, 0.05192143940075736)	(66.0, 0.05053686768340383)	(67.0, 0.1045351646601915)	(68.0, 0.15022603133285797)	(69.0, 0.07892058788915118)	(70.0, 0.03599886465119177)	(71.0, 0.01869171818427265)	(72.0, 0.011768859597505002)	(73.0, 0.006922858586767649)	(74.0, 0.0027691434347070594)	(75.0, 0.004153715152060589)	(76.0, 0.004153715152060589)	(77.0, 0.0020768575760302943)	(78.0, 0.0013845717173535297)	(79.0, 0.0006922858586767648)	(80.0, 0.0)	(81.0, 0.0)	(82.0, 0.0013845717173535297)	(83.0, 0.0)	(84.0, 0.0)	(85.0, 0.0006922858586767648)	(86.0, 0.0)	(87.0, 0.0)	(88.0, 0.0006922858586767648)	(89.0, 0.0)	(90.0, 0.0006922858586767648)	(91.0, 0.0006922858586767648)	(92.0, 0.0)	(93.0, 0.0)	(94.0, 0.0)	(95.0, 0.0)	(96.0, 0.0)	(97.0, 0.0)	(98.0, 0.0)	(99.0, 0.0)	(100.0, 0.0)
1136R_0_F_S5_week5_S14_L001_R1_001	(0.0, 0.0)	(1.0, 0.0)	(2.0, 0.0)	(3.0, 0.0)	(4.0, 0.0)	(5.0, 0.0)	(6.0, 0.0)	(7.0, 0.0)	(8.0, 0.0)	(9.0, 0.0)	(10.0, 0.0)	(11.0, 0.0)	(12.0, 0.0)	(13.0, 0.0)	(14.0, 0.0)	(15.0, 0.0)	(16.0, 0.0)	(17.0, 0.0)	(18.0, 0.0)	(19.0, 0.0)	(20.0, 0.0)	(21.0, 0.0)	(22.0, 0.0)	(23.0, 0.0)	(24.0, 0.0)	(25.0, 0.0)	(26.0, 0.0)	(27.0, 0.0)	(28.0, 0.0)	(29.0, 0.0)	(30.0, 0.0)	(31.0, 0.0008616901189994054)	(32.0, 0.0)	(33.0, 0.0)	(34.0, 0.0)	(35.0, 0.0)	(36.0, 0.0008616901189994054)	(37.0, 0.0)	(38.0, 0.0008616901189994054)	(39.0, 0.0008616901189994054)	(40.0, 0.0025850703569982162)	(41.0, 0.0008616901189994054)	(42.0, 0.0034467604759976216)	(43.0, 0.006893520951995243)	(44.0, 0.008616901189994055)	(45.0, 0.06117999844895779)	(46.0, 7.940474446579521)	(47.0, 23.222548707033976)	(48.0, 2.4411681071253155)	(49.0, 4.378247494635979)	(50.0, 9.154595824249684)	(51.0, 5.560486337903163)	(52.0, 0.6790118137715315)	(53.0, 4.788411991279696)	(54.0, 26.266038207339875)	(55.0, 12.557410104178334)	(56.0, 1.445054329562003)	(57.0, 0.5342478737796313)	(58.0, 0.2688473171278145)	(59.0, 0.2326563321298395)	(60.0, 0.16027436213388943)	(61.0, 0.17836985463287694)	(62.0, 0.0473929565449673)	(63.0, 0.014648732022989894)	(64.0, 0.006031830832995838)	(65.0, 0.0034467604759976216)	(66.0, 0.00947859130899346)	(67.0, 0.016372112260988704)	(68.0, 0.0043084505949970275)	(69.0, 0.0008616901189994054)	(70.0, 0.0008616901189994054)	(71.0, 0.0017233802379988108)	(72.0, 0.0)	(73.0, 0.0)	(74.0, 0.0)	(75.0, 0.0)	(76.0, 0.0)	(77.0, 0.0)	(78.0, 0.0)	(79.0, 0.0)	(80.0, 0.0)	(81.0, 0.0)	(82.0, 0.0)	(83.0, 0.0)	(84.0, 0.0)	(85.0, 0.0)	(86.0, 0.0)	(87.0, 0.0)	(88.0, 0.0)	(89.0, 0.0)	(90.0, 0.0)	(91.0, 0.0)	(92.0, 0.0)	(93.0, 0.0)	(94.0, 0.0)	(95.0, 0.0)	(96.0, 0.0)	(97.0, 0.0)	(98.0, 0.0)	(99.0, 0.0)	(100.0, 0.0)
1136R_0_F_S5_week5_S14_L001_R2_001	(0.0, 0.0)	(1.0, 0.0)	(2.0, 0.0)	(3.0, 0.0)	(4.0, 0.0)	(5.0, 0.0)	(6.0, 0.0)	(7.0, 0.0)	(8.0, 0.0)	(9.0, 0.0)	(10.0, 0.0)	(11.0, 0.0)	(12.0, 0.0)	(13.0, 0.0)	(14.0, 0.0)	(15.0, 0.0)	(16.0, 0.0)	(17.0, 0.0)	(18.0, 0.0)	(19.0, 0.0)	(20.0, 0.0)	(21.0, 0.0)	(22.0, 0.0)	(23.0, 0.0)	(24.0, 0.0)	(25.0, 0.0)	(26.0, 0.0)	(27.0, 0.0008612448432965008)	(28.0, 0.0008612448432965008)	(29.0, 0.0)	(30.0, 0.0)	(31.0, 0.0)	(32.0, 0.0)	(33.0, 0.0017224896865930016)	(34.0, 0.0)	(35.0, 0.0025837345298895024)	(36.0, 0.0008612448432965008)	(37.0, 0.0008612448432965008)	(38.0, 0.0034449793731860033)	(39.0, 0.007751203589668507)	(40.0, 0.007751203589668507)	(41.0, 0.014641162336040514)	(42.0, 0.019808631395819516)	(43.0, 0.03531103857515653)	(44.0, 0.07062207715031306)	(45.0, 0.2256461489436832)	(46.0, 1.2772261026087106)	(47.0, 2.8645003488041616)	(48.0, 9.791492623437916)	(49.0, 18.77255384933383)	(50.0, 2.8645003488041616)	(51.0, 1.7853605601536462)	(52.0, 3.4096683346108465)	(53.0, 8.873405620483847)	(54.0, 16.51695360474029)	(55.0, 8.709769100257512)	(56.0, 12.127188638458026)	(57.0, 8.5159890105158)	(58.0, 1.9696669566190972)	(59.0, 0.7088045060330201)	(60.0, 0.3755027516772743)	(61.0, 0.2687083911085082)	(62.0, 0.2110049866076427)	(63.0, 0.16105278569644566)	(64.0, 0.1136843193151381)	(65.0, 0.08095701526987106)	(66.0, 0.05167469059779004)	(67.0, 0.04133975247823204)	(68.0, 0.03531103857515653)	(69.0, 0.017224896865930015)	(70.0, 0.014641162336040514)	(71.0, 0.017224896865930015)	(72.0, 0.004306224216482504)	(73.0, 0.004306224216482504)	(74.0, 0.005167469059779005)	(75.0, 0.004306224216482504)	(76.0, 0.0008612448432965008)	(77.0, 0.0017224896865930016)	(78.0, 0.0)	(79.0, 0.0)	(80.0, 0.0008612448432965008)	(81.0, 0.0017224896865930016)	(82.0, 0.0008612448432965008)	(83.0, 0.0008612448432965008)	(84.0, 0.0)	(85.0, 0.0008612448432965008)	(86.0, 0.0008612448432965008)	(87.0, 0.0)	(88.0, 0.0)	(89.0, 0.0008612448432965008)	(90.0, 0.0008612448432965008)	(91.0, 0.0)	(92.0, 0.0008612448432965008)	(93.0, 0.0008612448432965008)	(94.0, 0.0)	(95.0, 0.0)	(96.0, 0.0)	(97.0, 0.0)	(98.0, 0.0008612448432965008)	(99.0, 0.0008612448432965008)	(100.0, 0.0)
1151R_0_M_NS1_week5_S50_L001_R1_001	(0.0, 0.0)	(1.0, 0.0)	(2.0, 0.0)	(3.0, 0.0)	(4.0, 0.0)	(5.0, 0.0)	(6.0, 0.0)	(7.0, 0.0)	(8.0, 0.0)	(9.0, 0.0)	(10.0, 0.0)	(11.0, 0.0)	(12.0, 0.0)	(13.0, 0.0)	(14.0, 0.0)	(15.0, 0.0)	(16.0, 0.0)	(17.0, 0.0)	(18.0, 0.0)	(19.0, 0.0)	(20.0, 0.0)	(21.0, 0.0)	(22.0, 0.0)	(23.0, 0.0)	(24.0, 0.0)	(25.0, 0.0)	(26.0, 0.0)	(27.0, 0.0)	(28.0, 0.0)	(29.0, 0.0)	(30.0, 0.0)	(31.0, 0.0)	(32.0, 0.0)	(33.0, 0.0)	(34.0, 0.0007779800525914515)	(35.0, 0.0)	(36.0, 0.0)	(37.0, 0.0)	(38.0, 0.0)	(39.0, 0.0)	(40.0, 0.0007779800525914515)	(41.0, 0.001555960105182903)	(42.0, 0.0007779800525914515)	(43.0, 0.005445860368140161)	(44.0, 0.005445860368140161)	(45.0, 0.01867152126219484)	(46.0, 0.5609236179184365)	(47.0, 8.88608816069956)	(48.0, 16.48617529446545)	(49.0, 37.349266364810404)	(50.0, 4.8483716877499266)	(51.0, 1.8033577619069847)	(52.0, 0.5772611990228571)	(53.0, 4.017488991582256)	(54.0, 16.22866389705768)	(55.0, 7.36435917783068)	(56.0, 0.6573931444397766)	(57.0, 0.29641040003734304)	(58.0, 0.16882167141234497)	(59.0, 0.2131665344100577)	(60.0, 0.1026933669420716)	(61.0, 0.053680623628810153)	(62.0, 0.026451321788109352)	(63.0, 0.00933576063109742)	(64.0, 0.0070018204733230645)	(65.0, 0.001555960105182903)	(66.0, 0.06068244410213323)	(67.0, 0.17348955172789368)	(68.0, 0.04201092283993838)	(69.0, 0.02022748136737774)	(70.0, 0.008557780578505968)	(71.0, 0.0007779800525914515)	(72.0, 0.0007779800525914515)	(73.0, 0.001555960105182903)	(74.0, 0.0)	(75.0, 0.0)	(76.0, 0.0)	(77.0, 0.0)	(78.0, 0.0)	(79.0, 0.0)	(80.0, 0.0)	(81.0, 0.0)	(82.0, 0.0)	(83.0, 0.0)	(84.0, 0.0)	(85.0, 0.0)	(86.0, 0.0)	(87.0, 0.0)	(88.0, 0.0)	(89.0, 0.0)	(90.0, 0.0)	(91.0, 0.0)	(92.0, 0.0)	(93.0, 0.0)	(94.0, 0.0)	(95.0, 0.0)	(96.0, 0.0)	(97.0, 0.0)	(98.0, 0.0)	(99.0, 0.0)	(100.0, 0.0)
1151R_0_M_NS1_week5_S50_L001_R2_001	(0.0, 0.0)	(1.0, 0.0)	(2.0, 0.0)	(3.0, 0.0)	(4.0, 0.0)	(5.0, 0.0)	(6.0, 0.0)	(7.0, 0.0)	(8.0, 0.0)	(9.0, 0.0)	(10.0, 0.0)	(11.0, 0.0)	(12.0, 0.0)	(13.0, 0.0)	(14.0, 0.0)	(15.0, 0.0)	(16.0, 0.0)	(17.0, 0.0)	(18.0, 0.0)	(19.0, 0.0)	(20.0, 0.0)	(21.0, 0.0)	(22.0, 0.0)	(23.0, 0.0007575126315231307)	(24.0, 0.0)	(25.0, 0.0)	(26.0, 0.0)	(27.0, 0.0)	(28.0, 0.0)	(29.0, 0.0)	(30.0, 0.0)	(31.0, 0.0)	(32.0, 0.0007575126315231307)	(33.0, 0.0007575126315231307)	(34.0, 0.0)	(35.0, 0.0)	(36.0, 0.0)	(37.0, 0.002272537894569392)	(38.0, 0.006817613683708176)	(39.0, 0.01212020210437009)	(40.0, 0.008332638946754439)	(41.0, 0.017422790525032004)	(42.0, 0.02348289157721705)	(43.0, 0.0371181189446334)	(44.0, 0.07120618736317429)	(45.0, 0.1310496852535016)	(46.0, 0.5438940694336079)	(47.0, 1.4816947072592437)	(48.0, 5.635893978532092)	(49.0, 11.462681140208012)	(50.0, 21.262622054222753)	(51.0, 24.556286976085325)	(52.0, 4.776117141753339)	(53.0, 6.190393224807024)	(54.0, 6.801705918446189)	(55.0, 3.4012317155388563)	(56.0, 6.513851118467401)	(57.0, 4.353425093363432)	(58.0, 1.0764254493943688)	(59.0, 0.4514775283877858)	(60.0, 0.24846414313958684)	(61.0, 0.17877298103945882)	(62.0, 0.1234745589382703)	(63.0, 0.10074917999257638)	(64.0, 0.06514608631098924)	(65.0, 0.05984349789032732)	(66.0, 0.059085985258804194)	(67.0, 0.0840839020990675)	(68.0, 0.12271704630674717)	(69.0, 0.05832847262728105)	(70.0, 0.02424040420874018)	(71.0, 0.01212020210437009)	(72.0, 0.0030300505260925227)	(73.0, 0.008332638946754439)	(74.0, 0.004545075789138784)	(75.0, 0.0030300505260925227)	(76.0, 0.002272537894569392)	(77.0, 0.002272537894569392)	(78.0, 0.004545075789138784)	(79.0, 0.0015150252630462613)	(80.0, 0.0030300505260925227)	(81.0, 0.003787563157615653)	(82.0, 0.0007575126315231307)	(83.0, 0.0)	(84.0, 0.0)	(85.0, 0.0)	(86.0, 0.0)	(87.0, 0.0015150252630462613)	(88.0, 0.0015150252630462613)	(89.0, 0.0007575126315231307)	(90.0, 0.0)	(91.0, 0.0015150252630462613)	(92.0, 0.0007575126315231307)	(93.0, 0.0)	(94.0, 0.0)	(95.0, 0.0)	(96.0, 0.0)	(97.0, 0.0)	(98.0, 0.0)	(99.0, 0.0)	(100.0, 0.0)
1151R_0_M_NS1_week9_S71_L001_R1_001	(0.0, 0.0)	(1.0, 0.0)	(2.0, 0.0)	(3.0, 0.0)	(4.0, 0.0)	(5.0, 0.0)	(6.0, 0.0)	(7.0, 0.0)	(8.0, 0.0)	(9.0, 0.0)	(10.0, 0.0)	(11.0, 0.0)	(12.0, 0.0)	(13.0, 0.0)	(14.0, 0.0)	(15.0, 0.0)	(16.0, 0.0)	(17.0, 0.0)	(18.0, 0.0)	(19.0, 0.0)	(20.0, 0.0)	(21.0, 0.0)	(22.0, 0.0)	(23.0, 0.0)	(24.0, 0.0)	(25.0, 0.0)	(26.0, 0.0)	(27.0, 0.0)	(28.0, 0.0)	(29.0, 0.0)	(30.0, 0.0)	(31.0, 0.0)	(32.0, 0.0)	(33.0, 0.0)	(34.0, 0.0)	(35.0, 0.0)	(36.0, 0.0006572072634546756)	(37.0, 0.0)	(38.0, 0.0)	(39.0, 0.0)	(40.0, 0.0006572072634546756)	(41.0, 0.0013144145269093513)	(42.0, 0.00460045084418273)	(43.0, 0.00460045084418273)	(44.0, 0.006572072634546756)	(45.0, 0.019059010640185593)	(46.0, 0.8458257480661676)	(47.0, 13.529268725477955)	(48.0, 14.699754861690732)	(49.0, 16.215932018480668)	(50.0, 4.005021063492794)	(51.0, 1.7810316839621712)	(52.0, 0.6933536629446828)	(53.0, 6.71731543977024)	(54.0, 29.51714982353985)	(55.0, 9.73784002260793)	(56.0, 0.8583126860718064)	(57.0, 0.3660644457442544)	(58.0, 0.17941758292312646)	(59.0, 0.24579551653204873)	(60.0, 0.1084391984700215)	(61.0, 0.07623604256074237)	(62.0, 0.029574326855460405)	(63.0, 0.01380135253254819)	(64.0, 0.005914865371092082)	(65.0, 0.006572072634546756)	(66.0, 0.06966396992619563)	(67.0, 0.18796127734803725)	(68.0, 0.04994775202255535)	(69.0, 0.01643018158636689)	(70.0, 0.0026288290538187026)	(71.0, 0.0026288290538187026)	(72.0, 0.0006572072634546756)	(73.0, 0.0)	(74.0, 0.0)	(75.0, 0.0)	(76.0, 0.0)	(77.0, 0.0)	(78.0, 0.0)	(79.0, 0.0)	(80.0, 0.0)	(81.0, 0.0)	(82.0, 0.0)	(83.0, 0.0)	(84.0, 0.0)	(85.0, 0.0)	(86.0, 0.0)	(87.0, 0.0)	(88.0, 0.0)	(89.0, 0.0)	(90.0, 0.0)	(91.0, 0.0)	(92.0, 0.0)	(93.0, 0.0)	(94.0, 0.0)	(95.0, 0.0)	(96.0, 0.0)	(97.0, 0.0)	(98.0, 0.0)	(99.0, 0.0)	(100.0, 0.0)
1151R_0_M_NS1_week9_S71_L001_R2_001	(0.0, 0.0)	(1.0, 0.0)	(2.0, 0.0)	(3.0, 0.0)	(4.0, 0.0)	(5.0, 0.0)	(6.0, 0.0)	(7.0, 0.0)	(8.0, 0.0)	(9.0, 0.0)	(10.0, 0.0)	(11.0, 0.0)	(12.0, 0.0)	(13.0, 0.0)	(14.0, 0.0)	(15.0, 0.0)	(16.0, 0.0)	(17.0, 0.0)	(18.0, 0.0)	(19.0, 0.0)	(20.0, 0.0)	(21.0, 0.0)	(22.0, 0.0)	(23.0, 0.0)	(24.0, 0.0)	(25.0, 0.0)	(26.0, 0.0)	(27.0, 0.0006567152417040447)	(28.0, 0.0006567152417040447)	(29.0, 0.0)	(30.0, 0.0)	(31.0, 0.0006567152417040447)	(32.0, 0.0)	(33.0, 0.0)	(34.0, 0.0006567152417040447)	(35.0, 0.0006567152417040447)	(36.0, 0.0)	(37.0, 0.0)	(38.0, 0.0019701457251121344)	(39.0, 0.003940291450224269)	(40.0, 0.0052537219336323574)	(41.0, 0.004597006691928313)	(42.0, 0.013134304834080894)	(43.0, 0.022985033459641566)	(44.0, 0.03611933829372246)	(45.0, 0.0866864119049339)	(46.0, 0.5674019688322947)	(47.0, 1.6398179585349997)	(48.0, 5.045543202012175)	(49.0, 13.3628417381939)	(50.0, 13.000334924773268)	(51.0, 11.397293019773697)	(52.0, 3.593545802604533)	(53.0, 6.88106230257498)	(54.0, 8.016522955481275)	(55.0, 5.736407636284831)	(56.0, 14.236929724901987)	(57.0, 11.344099085195667)	(58.0, 2.586144621830528)	(59.0, 0.8064463168125668)	(60.0, 0.3703873963210812)	(61.0, 0.2423279241887925)	(62.0, 0.20029814871973364)	(63.0, 0.1352833397910332)	(64.0, 0.0866864119049339)	(65.0, 0.07158196134574087)	(66.0, 0.08274612045470964)	(67.0, 0.10835801488116736)	(68.0, 0.14513406841659388)	(69.0, 0.08274612045470964)	(70.0, 0.027582040151569877)	(71.0, 0.018388026767713252)	(72.0, 0.00985072862556067)	(73.0, 0.004597006691928313)	(74.0, 0.0019701457251121344)	(75.0, 0.0032835762085202235)	(76.0, 0.0019701457251121344)	(77.0, 0.0019701457251121344)	(78.0, 0.0032835762085202235)	(79.0, 0.0019701457251121344)	(80.0, 0.0006567152417040447)	(81.0, 0.0019701457251121344)	(82.0, 0.0013134304834080894)	(83.0, 0.0)	(84.0, 0.0)	(85.0, 0.0)	(86.0, 0.0013134304834080894)	(87.0, 0.0006567152417040447)	(88.0, 0.0)	(89.0, 0.0006567152417040447)	(90.0, 0.0006567152417040447)	(91.0, 0.0)	(92.0, 0.0)	(93.0, 0.0)	(94.0, 0.0)	(95.0, 0.0)	(96.0, 0.0)	(97.0, 0.0)	(98.0, 0.0)	(99.0, 0.0)	(100.0, 0.0)
1151R_NS1_week21_S36_L001_R1_001	(0.0, 0.0)	(1.0, 0.0)	(2.0, 0.0)	(3.0, 0.0)	(4.0, 0.0)	(5.0, 0.0)	(6.0, 0.0)	(7.0, 0.0)	(8.0, 0.0)	(9.0, 0.0)	(10.0, 0.0)	(11.0, 0.0)	(12.0, 0.0)	(13.0, 0.0)	(14.0, 0.0)	(15.0, 0.0)	(16.0, 0.0)	(17.0, 0.0)	(18.0, 0.0)	(19.0, 0.0)	(20.0, 0.0)	(21.0, 0.0)	(22.0, 0.0)	(23.0, 0.0)	(24.0, 0.0)	(25.0, 0.0)	(26.0, 0.0)	(27.0, 0.0)	(28.0, 0.0)	(29.0, 0.0)	(30.0, 0.0)	(31.0, 0.0)	(32.0, 0.0)	(33.0, 0.0)	(34.0, 0.0)	(35.0, 0.0)	(36.0, 0.004731627975750407)	(37.0, 0.005323081472719207)	(38.0, 0.0011829069939376018)	(39.0, 0.0017743604909064023)	(40.0, 0.0)	(41.0, 0.0017743604909064023)	(42.0, 0.0017743604909064023)	(43.0, 0.005323081472719207)	(44.0, 0.009463255951500814)	(45.0, 0.02779831435753364)	(46.0, 0.9634777465621766)	(47.0, 16.997190595889396)	(48.0, 18.957858938340973)	(49.0, 22.162945438414905)	(50.0, 5.339050717137365)	(51.0, 2.391246488244862)	(52.0, 0.5689782640839863)	(53.0, 4.055596628715067)	(54.0, 19.857459707230518)	(55.0, 7.085021440189266)	(56.0, 0.5837646015082064)	(57.0, 0.25787372467839714)	(58.0, 0.13189412982404258)	(59.0, 0.17093006062398344)	(60.0, 0.08457785006653852)	(61.0, 0.04909064024841047)	(62.0, 0.019517965399970427)	(63.0, 0.0065059884666568086)	(64.0, 0.0029572674848440043)	(65.0, 0.0035487209818128047)	(66.0, 0.046724826260535264)	(67.0, 0.14490610675735618)	(68.0, 0.03607866331509685)	(69.0, 0.011829069939376017)	(70.0, 0.008280348957563211)	(71.0, 0.0035487209818128047)	(72.0, 0.0)	(73.0, 0.0)	(74.0, 0.0)	(75.0, 0.0)	(76.0, 0.0)	(77.0, 0.0)	(78.0, 0.0)	(79.0, 0.0)	(80.0, 0.0)	(81.0, 0.0)	(82.0, 0.0)	(83.0, 0.0)	(84.0, 0.0)	(85.0, 0.0)	(86.0, 0.0)	(87.0, 0.0)	(88.0, 0.0)	(89.0, 0.0)	(90.0, 0.0)	(91.0, 0.0)	(92.0, 0.0)	(93.0, 0.0)	(94.0, 0.0)	(95.0, 0.0)	(96.0, 0.0)	(97.0, 0.0)	(98.0, 0.0)	(99.0, 0.0)	(100.0, 0.0)
1151R_NS1_week21_S36_L001_R2_001	(0.0, 0.0)	(1.0, 0.0)	(2.0, 0.0)	(3.0, 0.0)	(4.0, 0.0)	(5.0, 0.0)	(6.0, 0.0)	(7.0, 0.0)	(8.0, 0.0)	(9.0, 0.0)	(10.0, 0.0)	(11.0, 0.0)	(12.0, 0.0)	(13.0, 0.0)	(14.0, 0.0)	(15.0, 0.0)	(16.0, 0.0)	(17.0, 0.0)	(18.0, 0.0005843408343218432)	(19.0, 0.0005843408343218432)	(20.0, 0.0)	(21.0, 0.0005843408343218432)	(22.0, 0.0005843408343218432)	(23.0, 0.0)	(24.0, 0.0)	(25.0, 0.0005843408343218432)	(26.0, 0.0)	(27.0, 0.0)	(28.0, 0.0005843408343218432)	(29.0, 0.0005843408343218432)	(30.0, 0.0)	(31.0, 0.0011686816686436864)	(32.0, 0.0011686816686436864)	(33.0, 0.0)	(34.0, 0.0011686816686436864)	(35.0, 0.003506045005931059)	(36.0, 0.005259067508896589)	(37.0, 0.003506045005931059)	(38.0, 0.002337363337287373)	(39.0, 0.003506045005931059)	(40.0, 0.008765112514827648)	(41.0, 0.013439839189402395)	(42.0, 0.020451929201264513)	(43.0, 0.025126655875839256)	(44.0, 0.059602765100828015)	(45.0, 0.13732009606563317)	(46.0, 0.7689925379675457)	(47.0, 2.218157807085717)	(48.0, 7.710377308876722)	(49.0, 17.244482361671917)	(50.0, 17.41394120362525)	(51.0, 14.27778394581992)	(52.0, 3.4575447166823468)	(53.0, 5.608503327821052)	(54.0, 6.908077343352831)	(55.0, 4.188555100418973)	(56.0, 10.297838523253844)	(57.0, 6.57500306778938)	(58.0, 1.4363097707630907)	(59.0, 0.4838342108184862)	(60.0, 0.2319833112257718)	(61.0, 0.16945884195333455)	(62.0, 0.12212723437326524)	(63.0, 0.0987536010003915)	(64.0, 0.0742112859588741)	(65.0, 0.0607714467694717)	(66.0, 0.050837652586000356)	(67.0, 0.07713299013048332)	(68.0, 0.0987536010003915)	(69.0, 0.05375935675760958)	(70.0, 0.02921704171609216)	(71.0, 0.01460852085804608)	(72.0, 0.009933794183471336)	(73.0, 0.004090385840252903)	(74.0, 0.0011686816686436864)	(75.0, 0.004090385840252903)	(76.0, 0.003506045005931059)	(77.0, 0.0017530225029655296)	(78.0, 0.0017530225029655296)	(79.0, 0.0)	(80.0, 0.0005843408343218432)	(81.0, 0.0017530225029655296)	(82.0, 0.0011686816686436864)	(83.0, 0.0017530225029655296)	(84.0, 0.0011686816686436864)	(85.0, 0.0011686816686436864)	(86.0, 0.0)	(87.0, 0.0)	(88.0, 0.0)	(89.0, 0.0005843408343218432)	(90.0, 0.0005843408343218432)	(91.0, 0.0005843408343218432)	(92.0, 0.0005843408343218432)	(93.0, 0.0)	(94.0, 0.0)	(95.0, 0.0005843408343218432)	(96.0, 0.0005843408343218432)	(97.0, 0.0)	(98.0, 0.0005843408343218432)	(99.0, 0.0005843408343218432)	(100.0, 0.0)
1151R_R_M_NS1_diabetes_S24_L001_R1_001	(0.0, 0.0)	(1.0, 0.0)	(2.0, 0.0)	(3.0, 0.0)	(4.0, 0.0)	(5.0, 0.0)	(6.0, 0.0)	(7.0, 0.0)	(8.0, 0.0)	(9.0, 0.0)	(10.0, 0.0)	(11.0, 0.0)	(12.0, 0.0)	(13.0, 0.0)	(14.0, 0.0)	(15.0, 0.0)	(16.0, 0.0)	(17.0, 0.0)	(18.0, 0.0)	(19.0, 0.0)	(20.0, 0.0)	(21.0, 0.0)	(22.0, 0.0)	(23.0, 0.0)	(24.0, 0.0)	(25.0, 0.0)	(26.0, 0.0)	(27.0, 0.0)	(28.0, 0.0)	(29.0, 0.0)	(30.0, 0.0)	(31.0, 0.0)	(32.0, 0.0005054436278721833)	(33.0, 0.0005054436278721833)	(34.0, 0.0)	(35.0, 0.0)	(36.0, 0.0005054436278721833)	(37.0, 0.0)	(38.0, 0.0)	(39.0, 0.0015163308836165501)	(40.0, 0.002527218139360917)	(41.0, 0.004043549022977467)	(42.0, 0.0060653235344662005)	(43.0, 0.007581654418082751)	(44.0, 0.014152421580421135)	(45.0, 0.033359279439564106)	(46.0, 1.1751564348028265)	(47.0, 16.374351768547253)	(48.0, 17.24624202662677)	(49.0, 19.444416364242894)	(50.0, 5.079708460115443)	(51.0, 2.301284837702051)	(52.0, 0.5913690446104546)	(53.0, 5.564428899244867)	(54.0, 22.752039465038465)	(55.0, 7.487136459670653)	(56.0, 0.6368589711189511)	(57.0, 0.2678851227722572)	(58.0, 0.16275284817484306)	(59.0, 0.3007389585839491)	(60.0, 0.12888812510740677)	(61.0, 0.06419134073976729)	(62.0, 0.02173407599850389)	(63.0, 0.009097985301699302)	(64.0, 0.0060653235344662005)	(65.0, 0.009097985301699302)	(66.0, 0.06975122064636131)	(67.0, 0.17235627710441456)	(68.0, 0.04346815199700778)	(69.0, 0.011119759813188036)	(70.0, 0.005559879906594018)	(71.0, 0.002527218139360917)	(72.0, 0.0)	(73.0, 0.0005054436278721833)	(74.0, 0.0)	(75.0, 0.0005054436278721833)	(76.0, 0.0)	(77.0, 0.0)	(78.0, 0.0)	(79.0, 0.0)	(80.0, 0.0)	(81.0, 0.0)	(82.0, 0.0)	(83.0, 0.0)	(84.0, 0.0)	(85.0, 0.0)	(86.0, 0.0)	(87.0, 0.0)	(88.0, 0.0)	(89.0, 0.0)	(90.0, 0.0)	(91.0, 0.0)	(92.0, 0.0)	(93.0, 0.0)	(94.0, 0.0)	(95.0, 0.0)	(96.0, 0.0)	(97.0, 0.0)	(98.0, 0.0)	(99.0, 0.0)	(100.0, 0.0)
1151R_R_M_NS1_diabetes_S24_L001_R2_001	(0.0, 0.0)	(1.0, 0.0)	(2.0, 0.0)	(3.0, 0.0)	(4.0, 0.0)	(5.0, 0.0)	(6.0, 0.0)	(7.0, 0.0)	(8.0, 0.0)	(9.0, 0.0)	(10.0, 0.0)	(11.0, 0.0004996244489558681)	(12.0, 0.0)	(13.0, 0.0)	(14.0, 0.0)	(15.0, 0.0)	(16.0, 0.0)	(17.0, 0.0)	(18.0, 0.0)	(19.0, 0.0)	(20.0, 0.0)	(21.0, 0.0)	(22.0, 0.0004996244489558681)	(23.0, 0.0009992488979117362)	(24.0, 0.0004996244489558681)	(25.0, 0.0)	(26.0, 0.0)	(27.0, 0.0)	(28.0, 0.0)	(29.0, 0.0004996244489558681)	(30.0, 0.0)	(31.0, 0.0)	(32.0, 0.0)	(33.0, 0.0)	(34.0, 0.0004996244489558681)	(35.0, 0.0009992488979117362)	(36.0, 0.0014988733468676045)	(37.0, 0.0004996244489558681)	(38.0, 0.0019984977958234723)	(39.0, 0.004496620040602813)	(40.0, 0.00549586893851455)	(41.0, 0.011491362325984966)	(42.0, 0.012990235672852572)	(43.0, 0.023482349100925802)	(44.0, 0.03497371142691077)	(45.0, 0.1348986012180844)	(46.0, 0.7924043760440069)	(47.0, 2.190353584222526)	(48.0, 7.356470386426203)	(49.0, 15.593279051912646)	(50.0, 16.180337779435792)	(51.0, 12.512594699650762)	(52.0, 3.940538028914932)	(53.0, 6.524096054465726)	(54.0, 6.548078028015608)	(55.0, 4.498618538398637)	(56.0, 11.709698210178681)	(57.0, 7.8241188706488956)	(58.0, 1.9900041801912227)	(59.0, 0.6999738529871713)	(60.0, 0.30976715835263824)	(61.0, 0.2178362597447585)	(62.0, 0.16287757035961303)	(63.0, 0.12190836554523182)	(64.0, 0.08993240081205627)	(65.0, 0.06694967616008633)	(66.0, 0.06944779840486567)	(67.0, 0.09342977195474735)	(68.0, 0.1189106188514966)	(69.0, 0.06345230501739525)	(70.0, 0.02947784248839622)	(71.0, 0.020484602407190595)	(72.0, 0.01049211342807323)	(73.0, 0.006994742285382154)	(74.0, 0.003996995591646945)	(75.0, 0.004996244489558681)	(76.0, 0.0014988733468676045)	(77.0, 0.0014988733468676045)	(78.0, 0.0014988733468676045)	(79.0, 0.0004996244489558681)	(80.0, 0.0004996244489558681)	(81.0, 0.0009992488979117362)	(82.0, 0.0004996244489558681)	(83.0, 0.0)	(84.0, 0.0004996244489558681)	(85.0, 0.0)	(86.0, 0.0009992488979117362)	(87.0, 0.0)	(88.0, 0.0)	(89.0, 0.0004996244489558681)	(90.0, 0.0009992488979117362)	(91.0, 0.0)	(92.0, 0.0)	(93.0, 0.0)	(94.0, 0.0)	(95.0, 0.0)	(96.0, 0.0)	(97.0, 0.0)	(98.0, 0.0004996244489558681)	(99.0, 0.0009992488979117362)	(100.0, 0.0006661659319411574)
1184R_0_M_NS6_week5_S4_L001_R1_001	(0.0, 0.0)	(1.0, 0.0)	(2.0, 0.0)	(3.0, 0.0)	(4.0, 0.0)	(5.0, 0.0)	(6.0, 0.0)	(7.0, 0.0)	(8.0, 0.0)	(9.0, 0.0)	(10.0, 0.0)	(11.0, 0.0)	(12.0, 0.0)	(13.0, 0.0)	(14.0, 0.0)	(15.0, 0.0)	(16.0, 0.0)	(17.0, 0.0)	(18.0, 0.0)	(19.0, 0.0)	(20.0, 0.0)	(21.0, 0.0)	(22.0, 0.0)	(23.0, 0.0)	(24.0, 0.0)	(25.0, 0.0)	(26.0, 0.0)	(27.0, 0.0)	(28.0, 0.0)	(29.0, 0.0)	(30.0, 0.0)	(31.0, 0.0)	(32.0, 0.0)	(33.0, 0.0)	(34.0, 0.0)	(35.0, 0.000913091911831845)	(36.0, 0.010044011030150296)	(37.0, 0.00913091911831845)	(38.0, 0.00182618382366369)	(39.0, 0.000913091911831845)	(40.0, 0.0)	(41.0, 0.002739275735495535)	(42.0, 0.004565459559159225)	(43.0, 0.00730473529465476)	(44.0, 0.01643565441297321)	(45.0, 0.1762267389835461)	(46.0, 9.948136379407952)	(47.0, 18.196095618985005)	(48.0, 9.138223853613106)	(49.0, 10.293285122080388)	(50.0, 5.764349239394438)	(51.0, 2.0708924560346245)	(52.0, 0.7058200478460162)	(53.0, 7.941160357201555)	(54.0, 21.048594751547693)	(55.0, 11.720447780273563)	(56.0, 1.2883726875947334)	(57.0, 0.47754706988805495)	(58.0, 0.22644679413429755)	(59.0, 0.4017604412060118)	(60.0, 0.1908362095728556)	(61.0, 0.06939498529922022)	(62.0, 0.03378440073777826)	(63.0, 0.01278328676564583)	(64.0, 0.00547855147099107)	(65.0, 0.004565459559159225)	(66.0, 0.03378440073777826)	(67.0, 0.13331141912744937)	(68.0, 0.03926295220876934)	(69.0, 0.01643565441297321)	(70.0, 0.00365236764732738)	(71.0, 0.004565459559159225)	(72.0, 0.0)	(73.0, 0.000913091911831845)	(74.0, 0.0)	(75.0, 0.0)	(76.0, 0.0)	(77.0, 0.0)	(78.0, 0.0)	(79.0, 0.0)	(80.0, 0.0)	(81.0, 0.0)	(82.0, 0.0)	(83.0, 0.0)	(84.0, 0.0)	(85.0, 0.0)	(86.0, 0.0)	(87.0, 0.0)	(88.0, 0.0)	(89.0, 0.0)	(90.0, 0.0)	(91.0, 0.0)	(92.0, 0.0)	(93.0, 0.0)	(94.0, 0.0)	(95.0, 0.0)	(96.0, 0.0)	(97.0, 0.0)	(98.0, 0.0)	(99.0, 0.0)	(100.0, 0.0)
1184R_0_M_NS6_week5_S4_L001_R2_001	(0.0, 0.0)	(1.0, 0.0)	(2.0, 0.0)	(3.0, 0.0)	(4.0, 0.0)	(5.0, 0.0)	(6.0, 0.0)	(7.0, 0.0)	(8.0, 0.0)	(9.0, 0.0)	(10.0, 0.0)	(11.0, 0.0)	(12.0, 0.0)	(13.0, 0.0)	(14.0, 0.0)	(15.0, 0.0)	(16.0, 0.0)	(17.0, 0.0)	(18.0, 0.0009138930014073953)	(19.0, 0.0)	(20.0, 0.0)	(21.0, 0.0)	(22.0, 0.0)	(23.0, 0.0009138930014073953)	(24.0, 0.0009138930014073953)	(25.0, 0.0)	(26.0, 0.0)	(27.0, 0.0)	(28.0, 0.0)	(29.0, 0.0)	(30.0, 0.0)	(31.0, 0.0009138930014073953)	(32.0, 0.003655572005629581)	(33.0, 0.0027416790042221854)	(34.0, 0.0027416790042221854)	(35.0, 0.0027416790042221854)	(36.0, 0.003655572005629581)	(37.0, 0.0018277860028147906)	(38.0, 0.0027416790042221854)	(39.0, 0.005483358008444371)	(40.0, 0.010052823015481348)	(41.0, 0.015536181023925719)	(42.0, 0.021933432033777484)	(43.0, 0.030158469046444043)	(44.0, 0.07036976110836944)	(45.0, 0.20288424631244176)	(46.0, 0.9778655115059129)	(47.0, 2.5890588729871507)	(48.0, 8.360293176874851)	(49.0, 19.304161868728407)	(50.0, 11.152236296174443)	(51.0, 6.107546928405623)	(52.0, 5.617700279651258)	(53.0, 9.866388843194239)	(54.0, 9.832574802142165)	(55.0, 6.637604869221911)	(56.0, 9.022865602895214)	(57.0, 6.435634515910878)	(58.0, 1.5883460364460529)	(59.0, 0.6909031090639908)	(60.0, 0.3271736945038475)	(61.0, 0.24309553837436712)	(62.0, 0.18826195828992343)	(63.0, 0.1297728061998501)	(64.0, 0.07676701211822119)	(65.0, 0.06305861709711026)	(66.0, 0.059403045091480686)	(67.0, 0.0950448721463691)	(68.0, 0.1142366251759244)	(69.0, 0.06305861709711026)	(70.0, 0.03198625504925883)	(71.0, 0.014622288022518325)	(72.0, 0.005483358008444371)	(73.0, 0.003655572005629581)	(74.0, 0.005483358008444371)	(75.0, 0.005483358008444371)	(76.0, 0.0018277860028147906)	(77.0, 0.0)	(78.0, 0.0009138930014073953)	(79.0, 0.0009138930014073953)	(80.0, 0.0)	(81.0, 0.0)	(82.0, 0.0018277860028147906)	(83.0, 0.0009138930014073953)	(84.0, 0.0)	(85.0, 0.0)	(86.0, 0.0)	(87.0, 0.0)	(88.0, 0.0009138930014073953)	(89.0, 0.0009138930014073953)	(90.0, 0.0009138930014073953)	(91.0, 0.0)	(92.0, 0.0009138930014073953)	(93.0, 0.0)	(94.0, 0.0)	(95.0, 0.0)	(96.0, 0.0)	(97.0, 0.0)	(98.0, 0.0)	(99.0, 0.0)	(100.0, 0.0)
1186R_0_M_NS6_week5_S5_L001_R1_001	(0.0, 0.0)	(1.0, 0.0)	(2.0, 0.0)	(3.0, 0.0)	(4.0, 0.0)	(5.0, 0.0)	(6.0, 0.0)	(7.0, 0.0)	(8.0, 0.0)	(9.0, 0.0)	(10.0, 0.0)	(11.0, 0.0)	(12.0, 0.0)	(13.0, 0.0)	(14.0, 0.0)	(15.0, 0.0)	(16.0, 0.0)	(17.0, 0.0)	(18.0, 0.0)	(19.0, 0.0)	(20.0, 0.0)	(21.0, 0.0)	(22.0, 0.0)	(23.0, 0.0)	(24.0, 0.0)	(25.0, 0.0)	(26.0, 0.0)	(27.0, 0.0)	(28.0, 0.0)	(29.0, 0.0)	(30.0, 0.0)	(31.0, 0.0)	(32.0, 0.0)	(33.0, 0.0)	(34.0, 0.0)	(35.0, 0.0)	(36.0, 0.0)	(37.0, 0.0009314889851427506)	(38.0, 0.0)	(39.0, 0.0009314889851427506)	(40.0, 0.0065204228959992545)	(41.0, 0.0065204228959992545)	(42.0, 0.004657444925713753)	(43.0, 0.01397233477714126)	(44.0, 0.023287224628568765)	(45.0, 0.13133994690512785)	(46.0, 8.272553677052768)	(47.0, 14.627171533696615)	(48.0, 13.597876205113874)	(49.0, 17.432816356946578)	(50.0, 3.670066601462438)	(51.0, 1.3143309580364213)	(52.0, 0.5262912766056542)	(53.0, 5.4995109682828005)	(54.0, 22.22160122956546)	(55.0, 10.431745144613664)	(56.0, 1.0749382888547343)	(57.0, 0.39122537375995525)	(58.0, 0.1835033300731219)	(59.0, 0.15462717153369662)	(60.0, 0.08383400866284756)	(61.0, 0.05682082809370779)	(62.0, 0.022355735643426015)	(63.0, 0.01210935680685576)	(64.0, 0.008383400866284757)	(65.0, 0.008383400866284757)	(66.0, 0.043779982301709285)	(67.0, 0.11829910111312933)	(68.0, 0.03353360346513903)	(69.0, 0.016766801732569513)	(70.0, 0.005588933910856504)	(71.0, 0.002794466955428252)	(72.0, 0.0009314889851427506)	(73.0, 0.0)	(74.0, 0.0)	(75.0, 0.0)	(76.0, 0.0)	(77.0, 0.0)	(78.0, 0.0)	(79.0, 0.0)	(80.0, 0.0)	(81.0, 0.0)	(82.0, 0.0)	(83.0, 0.0)	(84.0, 0.0)	(85.0, 0.0)	(86.0, 0.0)	(87.0, 0.0)	(88.0, 0.0)	(89.0, 0.0)	(90.0, 0.0)	(91.0, 0.0)	(92.0, 0.0)	(93.0, 0.0)	(94.0, 0.0)	(95.0, 0.0)	(96.0, 0.0)	(97.0, 0.0)	(98.0, 0.0)	(99.0, 0.0)	(100.0, 0.0)
1186R_0_M_NS6_week5_S5_L001_R2_001	(0.0, 0.0)	(1.0, 0.0)	(2.0, 0.0)	(3.0, 0.0)	(4.0, 0.0)	(5.0, 0.0)	(6.0, 0.0)	(7.0, 0.0)	(8.0, 0.0)	(9.0, 0.0)	(10.0, 0.0)	(11.0, 0.0)	(12.0, 0.0)	(13.0, 0.0)	(14.0, 0.0)	(15.0, 0.0)	(16.0, 0.0)	(17.0, 0.0)	(18.0, 0.0)	(19.0, 0.0)	(20.0, 0.0)	(21.0, 0.0)	(22.0, 0.0)	(23.0, 0.0)	(24.0, 0.0)	(25.0, 0.0)	(26.0, 0.0)	(27.0, 0.0)	(28.0, 0.0)	(29.0, 0.0)	(30.0, 0.0)	(31.0, 0.0)	(32.0, 0.0)	(33.0, 0.0009350076203121056)	(34.0, 0.0)	(35.0, 0.0)	(36.0, 0.0)	(37.0, 0.0018700152406242111)	(38.0, 0.002805022860936317)	(39.0, 0.0018700152406242111)	(40.0, 0.0037400304812484223)	(41.0, 0.013090106684369478)	(42.0, 0.028050228609363168)	(43.0, 0.03833531243279632)	(44.0, 0.057970472459350546)	(45.0, 0.1514712344905611)	(46.0, 0.8966723078793093)	(47.0, 2.5656609101364176)	(48.0, 7.5408364578171305)	(49.0, 19.098465652495065)	(50.0, 16.89278267617881)	(51.0, 8.549709680133894)	(52.0, 3.930772035792092)	(53.0, 8.629185327860423)	(54.0, 8.751671326121308)	(55.0, 5.30242821478995)	(56.0, 8.449663864760499)	(57.0, 5.988723808099036)	(58.0, 1.2856354779291452)	(59.0, 0.47778889397948593)	(60.0, 0.27769726323269533)	(61.0, 0.22814185935615375)	(62.0, 0.1823264859608606)	(63.0, 0.11968097539994951)	(64.0, 0.09069573917027424)	(65.0, 0.056100457218726335)	(66.0, 0.055165449598414226)	(67.0, 0.07106057914372002)	(68.0, 0.08882572392965003)	(69.0, 0.06825555628278371)	(70.0, 0.04581537339529317)	(71.0, 0.019635160026554216)	(72.0, 0.00841506858280895)	(73.0, 0.006545053342184739)	(74.0, 0.005610045721872634)	(75.0, 0.0037400304812484223)	(76.0, 0.0009350076203121056)	(77.0, 0.0)	(78.0, 0.0)	(79.0, 0.0009350076203121056)	(80.0, 0.0009350076203121056)	(81.0, 0.0)	(82.0, 0.0)	(83.0, 0.0)	(84.0, 0.0009350076203121056)	(85.0, 0.0018700152406242111)	(86.0, 0.0009350076203121056)	(87.0, 0.0018700152406242111)	(88.0, 0.0009350076203121056)	(89.0, 0.0)	(90.0, 0.0)	(91.0, 0.0)	(92.0, 0.0)	(93.0, 0.0009350076203121056)	(94.0, 0.0009350076203121056)	(95.0, 0.0)	(96.0, 0.0)	(97.0, 0.0)	(98.0, 0.0)	(99.0, 0.0009350076203121056)	(100.0, 0.0)
1186R_RR_M_NS6_week5_S6_L001_R1_001	(0.0, 0.0)	(1.0, 0.0)	(2.0, 0.0)	(3.0, 0.0)	(4.0, 0.0)	(5.0, 0.0)	(6.0, 0.0)	(7.0, 0.0)	(8.0, 0.0)	(9.0, 0.0)	(10.0, 0.0)	(11.0, 0.0)	(12.0, 0.0)	(13.0, 0.0)	(14.0, 0.0)	(15.0, 0.0)	(16.0, 0.0)	(17.0, 0.0)	(18.0, 0.0)	(19.0, 0.0)	(20.0, 0.0)	(21.0, 0.0)	(22.0, 0.0)	(23.0, 0.0)	(24.0, 0.0)	(25.0, 0.0)	(26.0, 0.0)	(27.0, 0.0)	(28.0, 0.0)	(29.0, 0.0)	(30.0, 0.0)	(31.0, 0.0)	(32.0, 0.0)	(33.0, 0.0)	(34.0, 0.0)	(35.0, 0.0)	(36.0, 0.0024368450978799446)	(37.0, 0.000812281699293315)	(38.0, 0.000812281699293315)	(39.0, 0.0)	(40.0, 0.0024368450978799446)	(41.0, 0.0024368450978799446)	(42.0, 0.00162456339858663)	(43.0, 0.010559662090813094)	(44.0, 0.01299650718869304)	(45.0, 0.15514580456502317)	(46.0, 9.236455202664285)	(47.0, 17.54934611323207)	(48.0, 15.487775160425635)	(49.0, 19.41272033141093)	(50.0, 3.8087888879863536)	(51.0, 1.397936804483795)	(52.0, 0.5434164568272276)	(53.0, 5.884980911380067)	(54.0, 17.264235236780117)	(55.0, 7.4421249289253515)	(56.0, 0.8496466574608074)	(57.0, 0.35009341239541875)	(58.0, 0.16489318495654293)	(59.0, 0.10640890260742426)	(60.0, 0.0755421980342783)	(61.0, 0.05361059215335879)	(62.0, 0.020307042482332876)	(63.0, 0.007310535293639834)	(64.0, 0.004061408496466574)	(65.0, 0.0024368450978799446)	(66.0, 0.03574039476890586)	(67.0, 0.08285273332791812)	(68.0, 0.019494760783039557)	(69.0, 0.004061408496466574)	(70.0, 0.00162456339858663)	(71.0, 0.00324912679717326)	(72.0, 0.00162456339858663)	(73.0, 0.0)	(74.0, 0.0)	(75.0, 0.0)	(76.0, 0.0)	(77.0, 0.0)	(78.0, 0.0)	(79.0, 0.0)	(80.0, 0.0)	(81.0, 0.0)	(82.0, 0.0)	(83.0, 0.0)	(84.0, 0.0)	(85.0, 0.0)	(86.0, 0.0)	(87.0, 0.0)	(88.0, 0.0)	(89.0, 0.0)	(90.0, 0.0)	(91.0, 0.0)	(92.0, 0.0)	(93.0, 0.0)	(94.0, 0.0)	(95.0, 0.0)	(96.0, 0.0)	(97.0, 0.0)	(98.0, 0.0)	(99.0, 0.0)	(100.0, 0.0)
1186R_RR_M_NS6_week5_S6_L001_R2_001	(0.0, 0.0)	(1.0, 0.0)	(2.0, 0.0)	(3.0, 0.0)	(4.0, 0.0)	(5.0, 0.0)	(6.0, 0.0)	(7.0, 0.0)	(8.0, 0.0)	(9.0, 0.0)	(10.0, 0.0)	(11.0, 0.0)	(12.0, 0.0)	(13.0, 0.0)	(14.0, 0.0)	(15.0, 0.0)	(16.0, 0.0)	(17.0, 0.0)	(18.0, 0.0)	(19.0, 0.0)	(20.0, 0.0)	(21.0, 0.0008097406400729847)	(22.0, 0.0)	(23.0, 0.0)	(24.0, 0.0)	(25.0, 0.0)	(26.0, 0.0)	(27.0, 0.0008097406400729847)	(28.0, 0.0)	(29.0, 0.0008097406400729847)	(30.0, 0.0008097406400729847)	(31.0, 0.0008097406400729847)	(32.0, 0.0008097406400729847)	(33.0, 0.0008097406400729847)	(34.0, 0.0008097406400729847)	(35.0, 0.0016194812801459694)	(36.0, 0.0008097406400729847)	(37.0, 0.0016194812801459694)	(38.0, 0.003238962560291939)	(39.0, 0.003238962560291939)	(40.0, 0.004858443840437908)	(41.0, 0.01214610960109477)	(42.0, 0.02591170048233551)	(43.0, 0.045345475844087144)	(44.0, 0.07044743568634966)	(45.0, 0.22429815730021677)	(46.0, 1.0793842732172887)	(47.0, 3.0357176596336197)	(48.0, 9.302300473158448)	(49.0, 21.127752780784313)	(50.0, 18.36491771685529)	(51.0, 10.43431788798048)	(52.0, 4.077853863407551)	(53.0, 7.99780830200087)	(54.0, 7.505485992836494)	(55.0, 4.325634499269884)	(56.0, 6.030138546623517)	(57.0, 4.065707753806456)	(58.0, 0.9579231772063409)	(59.0, 0.3441397720310185)	(60.0, 0.210532566418976)	(61.0, 0.16437734993481587)	(62.0, 0.13846564945248035)	(63.0, 0.07773510144700653)	(64.0, 0.05182340096467102)	(65.0, 0.04129677264372222)	(66.0, 0.0372480694433573)	(67.0, 0.05101366032459803)	(68.0, 0.05992080736540086)	(69.0, 0.047774697764306095)	(70.0, 0.02591170048233551)	(71.0, 0.00890714704080283)	(72.0, 0.004858443840437908)	(73.0, 0.007287665760656862)	(74.0, 0.004858443840437908)	(75.0, 0.002429221920218954)	(76.0, 0.0008097406400729847)	(77.0, 0.002429221920218954)	(78.0, 0.002429221920218954)	(79.0, 0.0016194812801459694)	(80.0, 0.003238962560291939)	(81.0, 0.0)	(82.0, 0.0008097406400729847)	(83.0, 0.0008097406400729847)	(84.0, 0.0016194812801459694)	(85.0, 0.0)	(86.0, 0.0)	(87.0, 0.0)	(88.0, 0.0008097406400729847)	(89.0, 0.0008097406400729847)	(90.0, 0.0)	(91.0, 0.0)	(92.0, 0.0)	(93.0, 0.0)	(94.0, 0.0)	(95.0, 0.0)	(96.0, 0.0)	(97.0, 0.0)	(98.0, 0.0)	(99.0, 0.0)	(100.0, 0.0010796541867639795)
1193R_0_F_NS1_week5_S51_L001_R1_001	(0.0, 0.0)	(1.0, 0.0)	(2.0, 0.0)	(3.0, 0.0)	(4.0, 0.0)	(5.0, 0.0)	(6.0, 0.0)	(7.0, 0.0)	(8.0, 0.0)	(9.0, 0.0)	(10.0, 0.0)	(11.0, 0.0)	(12.0, 0.0)	(13.0, 0.0)	(14.0, 0.0)	(15.0, 0.0)	(16.0, 0.0)	(17.0, 0.0)	(18.0, 0.0)	(19.0, 0.0)	(20.0, 0.0)	(21.0, 0.0)	(22.0, 0.0)	(23.0, 0.0)	(24.0, 0.0)	(25.0, 0.0)	(26.0, 0.0)	(27.0, 0.0)	(28.0, 0.0)	(29.0, 0.0)	(30.0, 0.0)	(31.0, 0.0)	(32.0, 0.0)	(33.0, 0.0)	(34.0, 0.0)	(35.0, 0.0)	(36.0, 0.0)	(37.0, 0.0)	(38.0, 0.0006994621136346149)	(39.0, 0.0006994621136346149)	(40.0, 0.0)	(41.0, 0.0013989242272692299)	(42.0, 0.004896234795442305)	(43.0, 0.00419677268180769)	(44.0, 0.011191393818153839)	(45.0, 0.025880098204480756)	(46.0, 0.830261528884288)	(47.0, 10.331754880496897)	(48.0, 15.670049731756281)	(49.0, 28.15894577070233)	(50.0, 4.072967887694363)	(51.0, 1.6150580203823262)	(52.0, 0.7414298404526919)	(53.0, 6.0650359873257464)	(54.0, 21.759566893059237)	(55.0, 8.422922772388034)	(56.0, 0.8043814306798073)	(57.0, 0.3504305189309421)	(58.0, 0.21403540677219218)	(59.0, 0.29727139829471133)	(60.0, 0.1259031804542307)	(61.0, 0.044765575272615356)	(62.0, 0.02098386340903845)	(63.0, 0.006295159022711536)	(64.0, 0.0027978484545384597)	(65.0, 0.004896234795442305)	(66.0, 0.0930284611134038)	(67.0, 0.23921604286303833)	(68.0, 0.050361272181692285)	(69.0, 0.018885477068134603)	(70.0, 0.0034973105681730746)	(71.0, 0.00419677268180769)	(72.0, 0.0013989242272692299)	(73.0, 0.0006994621136346149)	(74.0, 0.0)	(75.0, 0.0)	(76.0, 0.0)	(77.0, 0.0)	(78.0, 0.0)	(79.0, 0.0)	(80.0, 0.0)	(81.0, 0.0)	(82.0, 0.0)	(83.0, 0.0)	(84.0, 0.0)	(85.0, 0.0)	(86.0, 0.0)	(87.0, 0.0)	(88.0, 0.0)	(89.0, 0.0)	(90.0, 0.0)	(91.0, 0.0)	(92.0, 0.0)	(93.0, 0.0)	(94.0, 0.0)	(95.0, 0.0)	(96.0, 0.0)	(97.0, 0.0)	(98.0, 0.0)	(99.0, 0.0)	(100.0, 0.0)
1193R_0_F_NS1_week5_S51_L001_R2_001	(0.0, 0.0)	(1.0, 0.0)	(2.0, 0.0)	(3.0, 0.0)	(4.0, 0.0)	(5.0, 0.0)	(6.0, 0.0)	(7.0, 0.0)	(8.0, 0.0)	(9.0, 0.0)	(10.0, 0.0)	(11.0, 0.0)	(12.0, 0.0)	(13.0, 0.0)	(14.0, 0.0)	(15.0, 0.0)	(16.0, 0.0006895870063419018)	(17.0, 0.0)	(18.0, 0.0)	(19.0, 0.0)	(20.0, 0.0)	(21.0, 0.0)	(22.0, 0.0)	(23.0, 0.0)	(24.0, 0.0)	(25.0, 0.0)	(26.0, 0.0)	(27.0, 0.0)	(28.0, 0.0)	(29.0, 0.0)	(30.0, 0.0)	(31.0, 0.0006895870063419018)	(32.0, 0.0013791740126838036)	(33.0, 0.0)	(34.0, 0.0)	(35.0, 0.0006895870063419018)	(36.0, 0.002068761019025705)	(37.0, 0.0013791740126838036)	(38.0, 0.00413752203805141)	(39.0, 0.006206283057077116)	(40.0, 0.00827504407610282)	(41.0, 0.017929262164889447)	(42.0, 0.02758348025367607)	(43.0, 0.040685633374172206)	(44.0, 0.059304482545403554)	(45.0, 0.15032996738253457)	(46.0, 0.5882177164096422)	(47.0, 1.6460441841381197)	(48.0, 5.8649374889378745)	(49.0, 11.440938022218493)	(50.0, 17.32863188236565)	(51.0, 19.041566006118934)	(52.0, 4.508519847463354)	(53.0, 6.531768124070493)	(54.0, 6.623483195913966)	(55.0, 4.687122882105906)	(56.0, 10.635500398811152)	(57.0, 7.018616550547876)	(58.0, 1.586739701592716)	(59.0, 0.6047678045618479)	(60.0, 0.3110037398601977)	(61.0, 0.23652834317527233)	(62.0, 0.18411973069328777)	(63.0, 0.13240070521764513)	(64.0, 0.09102548483713103)	(65.0, 0.0779233317166349)	(66.0, 0.07585457069760919)	(67.0, 0.11516103005909759)	(68.0, 0.15515707642692791)	(69.0, 0.0744753966849254)	(70.0, 0.04689191643124932)	(71.0, 0.020687610190257055)	(72.0, 0.010343805095128528)	(73.0, 0.010343805095128528)	(74.0, 0.0075854570697609204)	(75.0, 0.0034479350317095088)	(76.0, 0.0034479350317095088)	(77.0, 0.002068761019025705)	(78.0, 0.002758348025367607)	(79.0, 0.0013791740126838036)	(80.0, 0.0006895870063419018)	(81.0, 0.002068761019025705)	(82.0, 0.0006895870063419018)	(83.0, 0.0)	(84.0, 0.0)	(85.0, 0.0006895870063419018)	(86.0, 0.0)	(87.0, 0.0006895870063419018)	(88.0, 0.0006895870063419018)	(89.0, 0.0006895870063419018)	(90.0, 0.0)	(91.0, 0.0)	(92.0, 0.0)	(93.0, 0.0006895870063419018)	(94.0, 0.0)	(95.0, 0.0)	(96.0, 0.0)	(97.0, 0.0)	(98.0, 0.0006895870063419018)	(99.0, 0.0006895870063419018)	(100.0, 0.0009194493417892023)
1193R_0_F_NS1_week9_S72_L001_R1_001	(0.0, 0.0)	(1.0, 0.0)	(2.0, 0.0)	(3.0, 0.0)	(4.0, 0.0)	(5.0, 0.0)	(6.0, 0.0)	(7.0, 0.0)	(8.0, 0.0)	(9.0, 0.0)	(10.0, 0.0)	(11.0, 0.0)	(12.0, 0.0)	(13.0, 0.0)	(14.0, 0.0)	(15.0, 0.0)	(16.0, 0.0)	(17.0, 0.0)	(18.0, 0.0)	(19.0, 0.0)	(20.0, 0.0)	(21.0, 0.0)	(22.0, 0.0)	(23.0, 0.0)	(24.0, 0.0)	(25.0, 0.0)	(26.0, 0.0)	(27.0, 0.0)	(28.0, 0.0)	(29.0, 0.0)	(30.0, 0.0)	(31.0, 0.0)	(32.0, 0.0)	(33.0, 0.0)	(34.0, 0.0)	(35.0, 0.0)	(36.0, 0.0007514107737276737)	(37.0, 0.0015028215474553474)	(38.0, 0.003005643094910695)	(39.0, 0.003005643094910695)	(40.0, 0.002254232321183021)	(41.0, 0.0015028215474553474)	(42.0, 0.004508464642366042)	(43.0, 0.010519750832187431)	(44.0, 0.015028215474553476)	(45.0, 0.03306207404401764)	(46.0, 1.0632462448246582)	(47.0, 15.54293185455693)	(48.0, 17.99854226309897)	(49.0, 22.56261130272086)	(50.0, 4.480662443738118)	(51.0, 1.8124027862311491)	(52.0, 0.5590496156533892)	(53.0, 6.030071459164581)	(54.0, 20.397045452837702)	(55.0, 7.14140799350781)	(56.0, 0.6417048007634333)	(57.0, 0.27576775395805625)	(58.0, 0.16380754867263286)	(59.0, 0.320100989607989)	(60.0, 0.140513814687075)	(61.0, 0.0886664712998655)	(62.0, 0.03907336023383903)	(63.0, 0.01202257237964278)	(64.0, 0.003757053868638369)	(65.0, 0.005259875416093716)	(66.0, 0.1375081715921643)	(67.0, 0.3742025653163815)	(68.0, 0.08490941743122714)	(69.0, 0.026299377080468582)	(70.0, 0.011271161605915105)	(71.0, 0.004508464642366042)	(72.0, 0.003757053868638369)	(73.0, 0.003005643094910695)	(74.0, 0.0007514107737276737)	(75.0, 0.0)	(76.0, 0.0)	(77.0, 0.0)	(78.0, 0.0)	(79.0, 0.0)	(80.0, 0.0)	(81.0, 0.0)	(82.0, 0.0)	(83.0, 0.0)	(84.0, 0.0)	(85.0, 0.0)	(86.0, 0.0)	(87.0, 0.0)	(88.0, 0.0)	(89.0, 0.0)	(90.0, 0.0)	(91.0, 0.0)	(92.0, 0.0)	(93.0, 0.0)	(94.0, 0.0)	(95.0, 0.0)	(96.0, 0.0)	(97.0, 0.0)	(98.0, 0.0)	(99.0, 0.0)	(100.0, 0.0)
1193R_0_F_NS1_week9_S72_L001_R2_001	(0.0, 0.0)	(1.0, 0.0)	(2.0, 0.0)	(3.0, 0.0)	(4.0, 0.0)	(5.0, 0.0)	(6.0, 0.0)	(7.0, 0.0)	(8.0, 0.0)	(9.0, 0.0)	(10.0, 0.0)	(11.0, 0.0)	(12.0, 0.0)	(13.0, 0.0)	(14.0, 0.0)	(15.0, 0.0)	(16.0, 0.0)	(17.0, 0.0)	(18.0, 0.0)	(19.0, 0.0)	(20.0, 0.0)	(21.0, 0.0)	(22.0, 0.0)	(23.0, 0.0)	(24.0, 0.0)	(25.0, 0.0)	(26.0, 0.0)	(27.0, 0.0)	(28.0, 0.0)	(29.0, 0.0)	(30.0, 0.0)	(31.0, 0.0)	(32.0, 0.0)	(33.0, 0.0007499568774795449)	(34.0, 0.0)	(35.0, 0.0007499568774795449)	(36.0, 0.0029998275099181798)	(37.0, 0.002249870632438635)	(38.0, 0.002249870632438635)	(39.0, 0.0037497843873977245)	(40.0, 0.008249525652274995)	(41.0, 0.007499568774795449)	(42.0, 0.009749439407234084)	(43.0, 0.023248663201865895)	(44.0, 0.033748059486579524)	(45.0, 0.10124417845973857)	(46.0, 0.660712009059479)	(47.0, 2.012134302277619)	(48.0, 6.235891436242416)	(49.0, 16.08507510818128)	(50.0, 15.947832999602523)	(51.0, 16.583796431705178)	(52.0, 4.588236176419856)	(53.0, 7.423823130170016)	(54.0, 7.7695532506880856)	(55.0, 4.167510368153831)	(56.0, 7.84379898155856)	(57.0, 6.498376343360257)	(58.0, 1.7908970234211532)	(59.0, 0.6487126990198063)	(60.0, 0.2654847346277589)	(61.0, 0.17324003869777488)	(62.0, 0.12749266917152263)	(63.0, 0.08399517027770903)	(64.0, 0.06674616209567949)	(65.0, 0.07349577399299541)	(66.0, 0.07724555838039313)	(67.0, 0.14474167735355217)	(68.0, 0.2219872357339453)	(69.0, 0.1567409873932249)	(70.0, 0.06674616209567949)	(71.0, 0.03524797324153861)	(72.0, 0.014999137549590898)	(73.0, 0.005249698142356814)	(74.0, 0.005249698142356814)	(75.0, 0.00449974126487727)	(76.0, 0.0037497843873977245)	(77.0, 0.0029998275099181798)	(78.0, 0.0037497843873977245)	(79.0, 0.0007499568774795449)	(80.0, 0.002249870632438635)	(81.0, 0.0007499568774795449)	(82.0, 0.0007499568774795449)	(83.0, 0.0)	(84.0, 0.0007499568774795449)	(85.0, 0.0014999137549590899)	(86.0, 0.0007499568774795449)	(87.0, 0.0014999137549590899)	(88.0, 0.0014999137549590899)	(89.0, 0.0007499568774795449)	(90.0, 0.0)	(91.0, 0.0007499568774795449)	(92.0, 0.0007499568774795449)	(93.0, 0.0)	(94.0, 0.0)	(95.0, 0.0007499568774795449)	(96.0, 0.0)	(97.0, 0.0)	(98.0, 0.0)	(99.0, 0.0)	(100.0, 0.0)
1193R_L_F_NS1_diabetes_S25_L001_R1_001	(0.0, 0.0)	(1.0, 0.0)	(2.0, 0.0)	(3.0, 0.0)	(4.0, 0.0)	(5.0, 0.0)	(6.0, 0.0)	(7.0, 0.0)	(8.0, 0.0)	(9.0, 0.0)	(10.0, 0.0)	(11.0, 0.0)	(12.0, 0.0)	(13.0, 0.0)	(14.0, 0.0)	(15.0, 0.0)	(16.0, 0.0)	(17.0, 0.0)	(18.0, 0.0)	(19.0, 0.0)	(20.0, 0.0)	(21.0, 0.0)	(22.0, 0.0)	(23.0, 0.0)	(24.0, 0.0)	(25.0, 0.0)	(26.0, 0.0)	(27.0, 0.0)	(28.0, 0.0)	(29.0, 0.0)	(30.0, 0.0)	(31.0, 0.0)	(32.0, 0.0)	(33.0, 0.0)	(34.0, 0.0)	(35.0, 0.0)	(36.0, 0.0)	(37.0, 0.0009257716306541504)	(38.0, 0.0)	(39.0, 0.0009257716306541504)	(40.0, 0.0018515432613083007)	(41.0, 0.0018515432613083007)	(42.0, 0.005554629783924901)	(43.0, 0.008331944675887352)	(44.0, 0.010183487937195652)	(45.0, 0.026847377288970353)	(46.0, 0.9952045029532114)	(47.0, 14.551278490621932)	(48.0, 15.707567257308966)	(49.0, 23.135958821677868)	(50.0, 5.355588883334259)	(51.0, 2.2283323149845398)	(52.0, 0.7406173045233202)	(53.0, 5.510192745653502)	(54.0, 21.783406469292153)	(55.0, 7.997741117221204)	(56.0, 0.7387657612620119)	(57.0, 0.3119850395304486)	(58.0, 0.160158492103168)	(59.0, 0.2082986168971838)	(60.0, 0.1157214538317688)	(61.0, 0.06850710066840711)	(62.0, 0.023144290766353756)	(63.0, 0.014812346090466406)	(64.0, 0.0037030865226166014)	(65.0, 0.006480401414579052)	(66.0, 0.07221018719102372)	(67.0, 0.1657131218870929)	(68.0, 0.030550463811586957)	(69.0, 0.012035031198503953)	(70.0, 0.0009257716306541504)	(71.0, 0.0027773148919624504)	(72.0, 0.0018515432613083007)	(73.0, 0.0)	(74.0, 0.0)	(75.0, 0.0)	(76.0, 0.0)	(77.0, 0.0)	(78.0, 0.0)	(79.0, 0.0)	(80.0, 0.0)	(81.0, 0.0)	(82.0, 0.0)	(83.0, 0.0)	(84.0, 0.0)	(85.0, 0.0)	(86.0, 0.0)	(87.0, 0.0)	(88.0, 0.0)	(89.0, 0.0)	(90.0, 0.0)	(91.0, 0.0)	(92.0, 0.0)	(93.0, 0.0)	(94.0, 0.0)	(95.0, 0.0)	(96.0, 0.0)	(97.0, 0.0)	(98.0, 0.0)	(99.0, 0.0)	(100.0, 0.0)
1193R_L_F_NS1_diabetes_S25_L001_R2_001	(0.0, 0.0)	(1.0, 0.0)	(2.0, 0.0)	(3.0, 0.0)	(4.0, 0.0)	(5.0, 0.0)	(6.0, 0.0)	(7.0, 0.0)	(8.0, 0.0)	(9.0, 0.0)	(10.0, 0.0)	(11.0, 0.0)	(12.0, 0.0)	(13.0, 0.0)	(14.0, 0.0)	(15.0, 0.0)	(16.0, 0.0)	(17.0, 0.0)	(18.0, 0.0)	(19.0, 0.0)	(20.0, 0.0)	(21.0, 0.0)	(22.0, 0.0)	(23.0, 0.0)	(24.0, 0.0)	(25.0, 0.0)	(26.0, 0.0)	(27.0, 0.0)	(28.0, 0.0)	(29.0, 0.0)	(30.0, 0.0)	(31.0, 0.0)	(32.0, 0.0)	(33.0, 0.0)	(34.0, 0.0)	(35.0, 0.0009095374092736435)	(36.0, 0.001819074818547287)	(37.0, 0.006366761864915504)	(38.0, 0.006366761864915504)	(39.0, 0.01091444891128372)	(40.0, 0.011823986320557365)	(41.0, 0.024557510050388375)	(42.0, 0.02910519709675659)	(43.0, 0.04547687046368217)	(44.0, 0.0964109653830062)	(45.0, 0.21192221636075892)	(46.0, 0.7385443763301984)	(47.0, 1.9682389536681646)	(48.0, 7.027086024048169)	(49.0, 13.48025394284467)	(50.0, 17.128408491441252)	(51.0, 14.327942808287705)	(52.0, 4.031069797900788)	(53.0, 6.334018518181653)	(54.0, 6.640532625106871)	(55.0, 4.7850763101886375)	(56.0, 11.59023520637404)	(57.0, 7.384534225892711)	(58.0, 1.7535881250795846)	(59.0, 0.6630527713604861)	(60.0, 0.4001964600804031)	(61.0, 0.27104214796354575)	(62.0, 0.2301129645462318)	(63.0, 0.13734014880032017)	(64.0, 0.12005893802412093)	(65.0, 0.0900442035180907)	(66.0, 0.08094882942535427)	(67.0, 0.09095374092736434)	(68.0, 0.11460171356847906)	(69.0, 0.07094391792334419)	(70.0, 0.030014734506030233)	(71.0, 0.015462135957651939)	(72.0, 0.010004911502010078)	(73.0, 0.01091444891128372)	(74.0, 0.0045476870463682165)	(75.0, 0.00545722445564186)	(76.0, 0.00545722445564186)	(77.0, 0.0045476870463682165)	(78.0, 0.001819074818547287)	(79.0, 0.0009095374092736435)	(80.0, 0.0)	(81.0, 0.0009095374092736435)	(82.0, 0.0)	(83.0, 0.001819074818547287)	(84.0, 0.0)	(85.0, 0.0009095374092736435)	(86.0, 0.0)	(87.0, 0.0)	(88.0, 0.0009095374092736435)	(89.0, 0.0)	(90.0, 0.0)	(91.0, 0.0)	(92.0, 0.0)	(93.0, 0.0)	(94.0, 0.0)	(95.0, 0.0)	(96.0, 0.001819074818547287)	(97.0, 0.0)	(98.0, 0.0)	(99.0, 0.0)	(100.0, 0.0)
1193R_L_F_NS1_week5_S52_L001_R1_001	(0.0, 0.0)	(1.0, 0.0)	(2.0, 0.0)	(3.0, 0.0)	(4.0, 0.0)	(5.0, 0.0)	(6.0, 0.0)	(7.0, 0.0)	(8.0, 0.0)	(9.0, 0.0)	(10.0, 0.0)	(11.0, 0.0)	(12.0, 0.0)	(13.0, 0.0)	(14.0, 0.0)	(15.0, 0.0)	(16.0, 0.0)	(17.0, 0.0)	(18.0, 0.0)	(19.0, 0.0)	(20.0, 0.0)	(21.0, 0.0)	(22.0, 0.0)	(23.0, 0.0)	(24.0, 0.0)	(25.0, 0.0)	(26.0, 0.0)	(27.0, 0.0)	(28.0, 0.0)	(29.0, 0.0)	(30.0, 0.0)	(31.0, 0.0)	(32.0, 0.0)	(33.0, 0.0)	(34.0, 0.0007069286072799508)	(35.0, 0.0042415716436797046)	(36.0, 0.010603929109199262)	(37.0, 0.0035346430363997544)	(38.0, 0.0021207858218398523)	(39.0, 0.0007069286072799508)	(40.0, 0.0)	(41.0, 0.0021207858218398523)	(42.0, 0.0035346430363997544)	(43.0, 0.007069286072799509)	(44.0, 0.006362357465519558)	(45.0, 0.023328644040238374)	(46.0, 0.9366804046459348)	(47.0, 10.566461893013425)	(48.0, 16.152611747739595)	(49.0, 33.153537824215135)	(50.0, 4.969001180570774)	(51.0, 1.7439928741596384)	(52.0, 0.6539089617339544)	(53.0, 4.358214863880897)	(54.0, 18.299553928048805)	(55.0, 7.445372091872442)	(56.0, 0.6411842468029154)	(57.0, 0.273581371017341)	(58.0, 0.16188665106710873)	(59.0, 0.20006079586022607)	(60.0, 0.08836607590999385)	(61.0, 0.03746721618583739)	(62.0, 0.021207858218398525)	(63.0, 0.007069286072799509)	(64.0, 0.0035346430363997544)	(65.0, 0.0028277144291198033)	(66.0, 0.02969100150575793)	(67.0, 0.14209265006327013)	(68.0, 0.033932573149437636)	(69.0, 0.008483143287359409)	(70.0, 0.0028277144291198033)	(71.0, 0.0014138572145599017)	(72.0, 0.0007069286072799508)	(73.0, 0.0)	(74.0, 0.0)	(75.0, 0.0)	(76.0, 0.0)	(77.0, 0.0)	(78.0, 0.0)	(79.0, 0.0)	(80.0, 0.0)	(81.0, 0.0)	(82.0, 0.0)	(83.0, 0.0)	(84.0, 0.0)	(85.0, 0.0)	(86.0, 0.0)	(87.0, 0.0)	(88.0, 0.0)	(89.0, 0.0)	(90.0, 0.0)	(91.0, 0.0)	(92.0, 0.0)	(93.0, 0.0)	(94.0, 0.0)	(95.0, 0.0)	(96.0, 0.0)	(97.0, 0.0)	(98.0, 0.0)	(99.0, 0.0)	(100.0, 0.0)
1193R_L_F_NS1_week5_S52_L001_R2_001	(0.0, 0.0)	(1.0, 0.0)	(2.0, 0.0)	(3.0, 0.0)	(4.0, 0.0)	(5.0, 0.0)	(6.0, 0.0)	(7.0, 0.0)	(8.0, 0.0)	(9.0, 0.0)	(10.0, 0.0)	(11.0, 0.0)	(12.0, 0.0)	(13.0, 0.0)	(14.0, 0.0)	(15.0, 0.0)	(16.0, 0.0)	(17.0, 0.0)	(18.0, 0.0)	(19.0, 0.0)	(20.0, 0.0)	(21.0, 0.0)	(22.0, 0.0)	(23.0, 0.0)	(24.0, 0.0)	(25.0, 0.0)	(26.0, 0.0006922858586767648)	(27.0, 0.0013845717173535297)	(28.0, 0.0)	(29.0, 0.0)	(30.0, 0.0)	(31.0, 0.0020768575760302943)	(32.0, 0.0013845717173535297)	(33.0, 0.0006922858586767648)	(34.0, 0.0013845717173535297)	(35.0, 0.008307430304121177)	(36.0, 0.005538286869414119)	(37.0, 0.005538286869414119)	(38.0, 0.004846001010737354)	(39.0, 0.005538286869414119)	(40.0, 0.009692002021474707)	(41.0, 0.020768575760302947)	(42.0, 0.028383720205747358)	(43.0, 0.03599886465119177)	(44.0, 0.056075154552817946)	(45.0, 0.1571488899196256)	(46.0, 0.5981349818967248)	(47.0, 1.5977957618259733)	(48.0, 6.218111582634702)	(49.0, 12.272151416763009)	(50.0, 19.557767793477282)	(51.0, 21.829849981654426)	(52.0, 4.23471259752577)	(53.0, 5.54867115729427)	(54.0, 5.850507791677339)	(55.0, 3.7667273570602773)	(56.0, 9.10286675574078)	(57.0, 5.973042388663127)	(58.0, 1.377648858766762)	(59.0, 0.5316755394637553)	(60.0, 0.2519920525583424)	(61.0, 0.18553261012537295)	(62.0, 0.14191860102873677)	(63.0, 0.09692002021474708)	(64.0, 0.08445887475856531)	(65.0, 0.06922858586767648)	(66.0, 0.06369029899826237)	(67.0, 0.07753601617179766)	(68.0, 0.10384287880151472)	(69.0, 0.05745972627017148)	(70.0, 0.02146086161897971)	(71.0, 0.014538003032212062)	(72.0, 0.005538286869414119)	(73.0, 0.004153715152060589)	(74.0, 0.005538286869414119)	(75.0, 0.0020768575760302943)	(76.0, 0.0006922858586767648)	(77.0, 0.0006922858586767648)	(78.0, 0.0006922858586767648)	(79.0, 0.0013845717173535297)	(80.0, 0.0027691434347070594)	(81.0, 0.0006922858586767648)	(82.0, 0.0)	(83.0, 0.0006922858586767648)	(84.0, 0.0)	(85.0, 0.0)	(86.0, 0.0)	(87.0, 0.0)	(88.0, 0.0)	(89.0, 0.0)	(90.0, 0.0)	(91.0, 0.0006922858586767648)	(92.0, 0.0)	(93.0, 0.0)	(94.0, 0.0)	(95.0, 0.0)	(96.0, 0.0)	(97.0, 0.0)	(98.0, 0.0006922858586767648)	(99.0, 0.0)	(100.0, 0.0)
1193R_L_F_NS1_week9_S73_L001_R1_001	(0.0, 0.0)	(1.0, 0.0)	(2.0, 0.0)	(3.0, 0.0)	(4.0, 0.0)	(5.0, 0.0)	(6.0, 0.0)	(7.0, 0.0)	(8.0, 0.0)	(9.0, 0.0)	(10.0, 0.0)	(11.0, 0.0)	(12.0, 0.0)	(13.0, 0.0)	(14.0, 0.0)	(15.0, 0.0)	(16.0, 0.0)	(17.0, 0.0)	(18.0, 0.0)	(19.0, 0.0)	(20.0, 0.0)	(21.0, 0.0)	(22.0, 0.0)	(23.0, 0.0)	(24.0, 0.0)	(25.0, 0.0)	(26.0, 0.0)	(27.0, 0.0)	(28.0, 0.0)	(29.0, 0.0)	(30.0, 0.0)	(31.0, 0.0)	(32.0, 0.0)	(33.0, 0.0)	(34.0, 0.0)	(35.0, 0.0)	(36.0, 0.0)	(37.0, 0.0008293455634159084)	(38.0, 0.0008293455634159084)	(39.0, 0.0)	(40.0, 0.0033173822536636337)	(41.0, 0.004146727817079542)	(42.0, 0.0066347645073272675)	(43.0, 0.014098874578070447)	(44.0, 0.019904293521981805)	(45.0, 0.035661859226884064)	(46.0, 1.2763628220970833)	(47.0, 17.963624903588578)	(48.0, 17.78282757076391)	(49.0, 19.241646416812493)	(50.0, 5.362548413047264)	(51.0, 2.393491296018312)	(52.0, 0.6178624447448519)	(53.0, 5.75068213672591)	(54.0, 19.789843834230407)	(55.0, 7.931860968509749)	(56.0, 0.7190426034815927)	(57.0, 0.31681000522487707)	(58.0, 0.16338107599293397)	(59.0, 0.17665060500758853)	(60.0, 0.0879106297220863)	(61.0, 0.08210521077817494)	(62.0, 0.03151513140980452)	(63.0, 0.009952146760990902)	(64.0, 0.0033173822536636337)	(65.0, 0.0066347645073272675)	(66.0, 0.04312596929762724)	(67.0, 0.12274314338555445)	(68.0, 0.02653905802930907)	(69.0, 0.011610837887822719)	(70.0, 0.0016586911268318169)	(71.0, 0.0008293455634159084)	(72.0, 0.0)	(73.0, 0.0)	(74.0, 0.0)	(75.0, 0.0)	(76.0, 0.0)	(77.0, 0.0)	(78.0, 0.0)	(79.0, 0.0)	(80.0, 0.0)	(81.0, 0.0)	(82.0, 0.0)	(83.0, 0.0)	(84.0, 0.0)	(85.0, 0.0)	(86.0, 0.0)	(87.0, 0.0)	(88.0, 0.0)	(89.0, 0.0)	(90.0, 0.0)	(91.0, 0.0)	(92.0, 0.0)	(93.0, 0.0)	(94.0, 0.0)	(95.0, 0.0)	(96.0, 0.0)	(97.0, 0.0)	(98.0, 0.0)	(99.0, 0.0)	(100.0, 0.0)
1193R_L_F_NS1_week9_S73_L001_R2_001	(0.0, 0.0)	(1.0, 0.0)	(2.0, 0.0)	(3.0, 0.0)	(4.0, 0.0)	(5.0, 0.0)	(6.0, 0.0)	(7.0, 0.0)	(8.0, 0.0)	(9.0, 0.0)	(10.0, 0.0)	(11.0, 0.0)	(12.0, 0.0008264804330757469)	(13.0, 0.0)	(14.0, 0.0)	(15.0, 0.0)	(16.0, 0.0)	(17.0, 0.0008264804330757469)	(18.0, 0.0)	(19.0, 0.0008264804330757469)	(20.0, 0.0008264804330757469)	(21.0, 0.0)	(22.0, 0.0)	(23.0, 0.0)	(24.0, 0.0)	(25.0, 0.0)	(26.0, 0.0)	(27.0, 0.0008264804330757469)	(28.0, 0.0008264804330757469)	(29.0, 0.0)	(30.0, 0.0008264804330757469)	(31.0, 0.0008264804330757469)	(32.0, 0.002479441299227241)	(33.0, 0.0016529608661514938)	(34.0, 0.0)	(35.0, 0.0)	(36.0, 0.002479441299227241)	(37.0, 0.0041324021653787344)	(38.0, 0.004958882598454482)	(39.0, 0.005785363031530229)	(40.0, 0.009917765196908963)	(41.0, 0.014050167362287697)	(42.0, 0.028100334724575394)	(43.0, 0.05950659118145378)	(44.0, 0.09587173023678663)	(45.0, 0.20248770610355799)	(46.0, 0.8504483656349436)	(47.0, 2.3620810777304846)	(48.0, 8.107773048473078)	(49.0, 17.029629323525768)	(50.0, 16.47258151163271)	(51.0, 11.934377453613786)	(52.0, 4.896070085540725)	(53.0, 8.793751807925949)	(54.0, 9.734286540766147)	(55.0, 4.1952146782924915)	(56.0, 7.425100210752511)	(57.0, 4.861357907351543)	(58.0, 1.2893094755981651)	(59.0, 0.49340881854622093)	(60.0, 0.24381172775734533)	(61.0, 0.1983553039381793)	(62.0, 0.1446340757882557)	(63.0, 0.0966982106698624)	(64.0, 0.06363899334683251)	(65.0, 0.04793586511839332)	(66.0, 0.05041530641762056)	(67.0, 0.06363899334683251)	(68.0, 0.07768916070912021)	(69.0, 0.05620066944915079)	(70.0, 0.02727385429149965)	(71.0, 0.01322368692921195)	(72.0, 0.0074383238976817225)	(73.0, 0.0041324021653787344)	(74.0, 0.0033059217323029876)	(75.0, 0.002479441299227241)	(76.0, 0.0016529608661514938)	(77.0, 0.0)	(78.0, 0.0016529608661514938)	(79.0, 0.0016529608661514938)	(80.0, 0.0033059217323029876)	(81.0, 0.0033059217323029876)	(82.0, 0.0008264804330757469)	(83.0, 0.0)	(84.0, 0.0)	(85.0, 0.0016529608661514938)	(86.0, 0.0008264804330757469)	(87.0, 0.0)	(88.0, 0.0)	(89.0, 0.0)	(90.0, 0.0)	(91.0, 0.0)	(92.0, 0.0)	(93.0, 0.0)	(94.0, 0.0008264804330757469)	(95.0, 0.0)	(96.0, 0.0)	(97.0, 0.0)	(98.0, 0.0)	(99.0, 0.0)	(100.0, 0.0)
1193R_NS1_week24_S38_L001_R1_001	(0.0, 0.0)	(1.0, 0.0)	(2.0, 0.0)	(3.0, 0.0)	(4.0, 0.0)	(5.0, 0.0)	(6.0, 0.0)	(7.0, 0.0)	(8.0, 0.0)	(9.0, 0.0)	(10.0, 0.0)	(11.0, 0.0)	(12.0, 0.0)	(13.0, 0.0)	(14.0, 0.0)	(15.0, 0.0)	(16.0, 0.0)	(17.0, 0.0)	(18.0, 0.0)	(19.0, 0.0)	(20.0, 0.0)	(21.0, 0.0)	(22.0, 0.0)	(23.0, 0.0)	(24.0, 0.0)	(25.0, 0.0)	(26.0, 0.0)	(27.0, 0.0)	(28.0, 0.0)	(29.0, 0.0)	(30.0, 0.0)	(31.0, 0.0)	(32.0, 0.0)	(33.0, 0.0)	(34.0, 0.0)	(35.0, 0.0)	(36.0, 0.0)	(37.0, 0.0008200216485715223)	(38.0, 0.0)	(39.0, 0.0008200216485715223)	(40.0, 0.0016400432971430446)	(41.0, 0.0008200216485715223)	(42.0, 0.0016400432971430446)	(43.0, 0.0032800865942860893)	(44.0, 0.008200216485715223)	(45.0, 0.027060714402860238)	(46.0, 1.0602879916029782)	(47.0, 15.644373011447502)	(48.0, 17.530422803162004)	(49.0, 21.086856693016696)	(50.0, 4.647882704103388)	(51.0, 1.9705120215173682)	(52.0, 0.6174763013743563)	(53.0, 5.854134549152098)	(54.0, 22.967986354839766)	(55.0, 6.851280873815069)	(56.0, 0.6314166694000722)	(57.0, 0.2730672089743169)	(58.0, 0.15416406993144618)	(59.0, 0.17548463279430576)	(60.0, 0.08938235969429593)	(61.0, 0.06806179683143634)	(62.0, 0.022960606160002624)	(63.0, 0.009840259782858267)	(64.0, 0.0032800865942860893)	(65.0, 0.0016400432971430446)	(66.0, 0.06724177518286482)	(67.0, 0.15908419982287533)	(68.0, 0.04264112572571916)	(69.0, 0.013120346377144357)	(70.0, 0.007380194837143701)	(71.0, 0.0041001082428576115)	(72.0, 0.0008200216485715223)	(73.0, 0.0008200216485715223)	(74.0, 0.0)	(75.0, 0.0)	(76.0, 0.0)	(77.0, 0.0)	(78.0, 0.0)	(79.0, 0.0)	(80.0, 0.0)	(81.0, 0.0)	(82.0, 0.0)	(83.0, 0.0)	(84.0, 0.0)	(85.0, 0.0)	(86.0, 0.0)	(87.0, 0.0)	(88.0, 0.0)	(89.0, 0.0)	(90.0, 0.0)	(91.0, 0.0)	(92.0, 0.0)	(93.0, 0.0)	(94.0, 0.0)	(95.0, 0.0)	(96.0, 0.0)	(97.0, 0.0)	(98.0, 0.0)	(99.0, 0.0)	(100.0, 0.0)
1193R_NS1_week24_S38_L001_R2_001	(0.0, 0.0)	(1.0, 0.0)	(2.0, 0.0)	(3.0, 0.0)	(4.0, 0.0)	(5.0, 0.0)	(6.0, 0.0008100882996246591)	(7.0, 0.0)	(8.0, 0.0)	(9.0, 0.0)	(10.0, 0.0)	(11.0, 0.0)	(12.0, 0.0)	(13.0, 0.0)	(14.0, 0.0)	(15.0, 0.0)	(16.0, 0.0)	(17.0, 0.0)	(18.0, 0.0)	(19.0, 0.0)	(20.0, 0.0)	(21.0, 0.0)	(22.0, 0.0)	(23.0, 0.0)	(24.0, 0.0)	(25.0, 0.0)	(26.0, 0.0)	(27.0, 0.0)	(28.0, 0.0)	(29.0, 0.0)	(30.0, 0.0008100882996246591)	(31.0, 0.0008100882996246591)	(32.0, 0.0008100882996246591)	(33.0, 0.0)	(34.0, 0.0008100882996246591)	(35.0, 0.0)	(36.0, 0.0008100882996246591)	(37.0, 0.0024302648988739775)	(38.0, 0.0032403531984986364)	(39.0, 0.004050441498123295)	(40.0, 0.005670618097372614)	(41.0, 0.00972105959549591)	(42.0, 0.012961412793994546)	(43.0, 0.02673291388761375)	(44.0, 0.04779520967785489)	(45.0, 0.12394350984257284)	(46.0, 0.7250290281640699)	(47.0, 2.0956984311289935)	(48.0, 7.020225204547296)	(49.0, 15.230470121243217)	(50.0, 16.571976345421653)	(51.0, 14.056652175087084)	(52.0, 3.6859017632921987)	(53.0, 6.339751032862583)	(54.0, 6.6516350282180765)	(55.0, 4.4190316744525155)	(56.0, 11.751950962654929)	(57.0, 7.664245402748899)	(58.0, 1.6979450760132857)	(59.0, 0.5848837523290039)	(60.0, 0.2673291388761375)	(61.0, 0.18470013231442228)	(62.0, 0.15715713012718388)	(63.0, 0.10450139065158104)	(64.0, 0.08100882996246592)	(65.0, 0.05994653417222477)	(66.0, 0.057516269273350795)	(67.0, 0.0834390948613399)	(68.0, 0.10612156725083036)	(69.0, 0.07290794696621933)	(70.0, 0.03483379688386034)	(71.0, 0.012151324494369887)	(72.0, 0.00891097129587125)	(73.0, 0.004050441498123295)	(74.0, 0.007290794696621932)	(75.0, 0.0032403531984986364)	(76.0, 0.0016201765992493182)	(77.0, 0.0016201765992493182)	(78.0, 0.0032403531984986364)	(79.0, 0.0008100882996246591)	(80.0, 0.0016201765992493182)	(81.0, 0.0016201765992493182)	(82.0, 0.0008100882996246591)	(83.0, 0.0008100882996246591)	(84.0, 0.0008100882996246591)	(85.0, 0.0008100882996246591)	(86.0, 0.0)	(87.0, 0.0)	(88.0, 0.0)	(89.0, 0.0008100882996246591)	(90.0, 0.0)	(91.0, 0.0)	(92.0, 0.0)	(93.0, 0.0)	(94.0, 0.0)	(95.0, 0.0)	(96.0, 0.0008100882996246591)	(97.0, 0.0008100882996246591)	(98.0, 0.0)	(99.0, 0.0008100882996246591)	(100.0, 0.0010801177328328788)
184R_0_M_NS6_week5_S7_L001_R1_001	(0.0, 0.0)	(1.0, 0.0)	(2.0, 0.0)	(3.0, 0.0)	(4.0, 0.0)	(5.0, 0.0)	(6.0, 0.0)	(7.0, 0.0)	(8.0, 0.0)	(9.0, 0.0)	(10.0, 0.0)	(11.0, 0.0)	(12.0, 0.0)	(13.0, 0.0)	(14.0, 0.0)	(15.0, 0.0)	(16.0, 0.0)	(17.0, 0.0)	(18.0, 0.0)	(19.0, 0.0)	(20.0, 0.0)	(21.0, 0.0)	(22.0, 0.0)	(23.0, 0.0)	(24.0, 0.0)	(25.0, 0.0)	(26.0, 0.0)	(27.0, 0.0)	(28.0, 0.0)	(29.0, 0.0)	(30.0, 0.0)	(31.0, 0.0)	(32.0, 0.0)	(33.0, 0.0)	(34.0, 0.0)	(35.0, 0.0)	(36.0, 0.0)	(37.0, 0.0009730939522210869)	(38.0, 0.0)	(39.0, 0.0019461879044421738)	(40.0, 0.002919281856663261)	(41.0, 0.0038923758088843475)	(42.0, 0.008757845569989783)	(43.0, 0.00973093952221087)	(44.0, 0.029192818566632608)	(45.0, 0.2004573541575439)	(46.0, 10.818858560794045)	(47.0, 17.624677662628326)	(48.0, 13.123145039653577)	(49.0, 9.787378971439692)	(50.0, 3.356201041210529)	(51.0, 1.3633046270617428)	(52.0, 0.5974796866637474)	(53.0, 7.36729431226585)	(54.0, 23.433075463435994)	(55.0, 9.771809468204156)	(56.0, 1.1112732934364813)	(57.0, 0.3892375808884348)	(58.0, 0.18488785092200652)	(59.0, 0.28219724614411523)	(60.0, 0.1265022137887413)	(61.0, 0.06908967060769718)	(62.0, 0.01946187904442174)	(63.0, 0.007784751617768695)	(64.0, 0.005838563713326522)	(65.0, 0.006811657665547609)	(66.0, 0.06130491898992847)	(67.0, 0.1644528779253637)	(68.0, 0.039896852041064565)	(69.0, 0.020434972996642826)	(70.0, 0.006811657665547609)	(71.0, 0.002919281856663261)	(72.0, 0.0)	(73.0, 0.0)	(74.0, 0.0)	(75.0, 0.0)	(76.0, 0.0)	(77.0, 0.0)	(78.0, 0.0)	(79.0, 0.0)	(80.0, 0.0)	(81.0, 0.0)	(82.0, 0.0)	(83.0, 0.0)	(84.0, 0.0)	(85.0, 0.0)	(86.0, 0.0)	(87.0, 0.0)	(88.0, 0.0)	(89.0, 0.0)	(90.0, 0.0)	(91.0, 0.0)	(92.0, 0.0)	(93.0, 0.0)	(94.0, 0.0)	(95.0, 0.0)	(96.0, 0.0)	(97.0, 0.0)	(98.0, 0.0)	(99.0, 0.0)	(100.0, 0.0)
184R_0_M_NS6_week5_S7_L001_R2_001	(0.0, 0.0)	(1.0, 0.0)	(2.0, 0.0)	(3.0, 0.0)	(4.0, 0.0)	(5.0, 0.0)	(6.0, 0.0)	(7.0, 0.0)	(8.0, 0.0)	(9.0, 0.0)	(10.0, 0.0)	(11.0, 0.0)	(12.0, 0.0)	(13.0, 0.0)	(14.0, 0.0)	(15.0, 0.0)	(16.0, 0.0)	(17.0, 0.0)	(18.0, 0.0)	(19.0, 0.0)	(20.0, 0.0)	(21.0, 0.000978042936084894)	(22.0, 0.0)	(23.0, 0.0)	(24.0, 0.0)	(25.0, 0.0)	(26.0, 0.0)	(27.0, 0.0)	(28.0, 0.0)	(29.0, 0.0)	(30.0, 0.0)	(31.0, 0.001956085872169788)	(32.0, 0.001956085872169788)	(33.0, 0.0)	(34.0, 0.0)	(35.0, 0.0)	(36.0, 0.002934128808254682)	(37.0, 0.001956085872169788)	(38.0, 0.001956085872169788)	(39.0, 0.002934128808254682)	(40.0, 0.005868257616509364)	(41.0, 0.012714558169103624)	(42.0, 0.013692601105188518)	(43.0, 0.034231502762971294)	(44.0, 0.06259474790943322)	(45.0, 0.19169641547263924)	(46.0, 0.9457675191940925)	(47.0, 2.8412147293266172)	(48.0, 8.17154873098929)	(49.0, 22.309159372096435)	(50.0, 13.222162452931684)	(51.0, 4.926402269059612)	(52.0, 4.43053450046457)	(53.0, 9.291407892806495)	(54.0, 7.980830358452735)	(55.0, 5.736221820137904)	(56.0, 9.699251797153895)	(57.0, 6.403247102547802)	(58.0, 1.6000782434348868)	(59.0, 0.6582228959851337)	(60.0, 0.3149298254193359)	(61.0, 0.23277421878820478)	(62.0, 0.1838720719839601)	(63.0, 0.11638710939410239)	(64.0, 0.07335322020636706)	(65.0, 0.07139713433419727)	(66.0, 0.0841116925033009)	(67.0, 0.09487016480023473)	(68.0, 0.12616753875495135)	(69.0, 0.06650691965377281)	(70.0, 0.02542911633820725)	(71.0, 0.019560858721697882)	(72.0, 0.008802386424764047)	(73.0, 0.003912171744339576)	(74.0, 0.002934128808254682)	(75.0, 0.003912171744339576)	(76.0, 0.003912171744339576)	(77.0, 0.001956085872169788)	(78.0, 0.0)	(79.0, 0.0)	(80.0, 0.002934128808254682)	(81.0, 0.001956085872169788)	(82.0, 0.000978042936084894)	(83.0, 0.000978042936084894)	(84.0, 0.0)	(85.0, 0.000978042936084894)	(86.0, 0.0)	(87.0, 0.0)	(88.0, 0.0)	(89.0, 0.001956085872169788)	(90.0, 0.0)	(91.0, 0.000978042936084894)	(92.0, 0.000978042936084894)	(93.0, 0.0)	(94.0, 0.0)	(95.0, 0.0)	(96.0, 0.0)	(97.0, 0.000978042936084894)	(98.0, 0.000978042936084894)	(99.0, 0.0)	(100.0, 0.0)
2402R_0_F_S5_week5_S15_L001_R1_001	(0.0, 0.0)	(1.0, 0.0)	(2.0, 0.0)	(3.0, 0.0)	(4.0, 0.0)	(5.0, 0.0)	(6.0, 0.0)	(7.0, 0.0)	(8.0, 0.0)	(9.0, 0.0)	(10.0, 0.0)	(11.0, 0.0)	(12.0, 0.0)	(13.0, 0.0)	(14.0, 0.0)	(15.0, 0.0)	(16.0, 0.0)	(17.0, 0.0)	(18.0, 0.0)	(19.0, 0.0)	(20.0, 0.0)	(21.0, 0.0)	(22.0, 0.0)	(23.0, 0.0)	(24.0, 0.0)	(25.0, 0.0)	(26.0, 0.0)	(27.0, 0.0)	(28.0, 0.0)	(29.0, 0.0)	(30.0, 0.0)	(31.0, 0.0)	(32.0, 0.0)	(33.0, 0.0007877923694431096)	(34.0, 0.0)	(35.0, 0.0)	(36.0, 0.0007877923694431096)	(37.0, 0.0007877923694431096)	(38.0, 0.0007877923694431096)	(39.0, 0.0007877923694431096)	(40.0, 0.0015755847388862192)	(41.0, 0.0015755847388862192)	(42.0, 0.002363377108329329)	(43.0, 0.011029093172203535)	(44.0, 0.01890701686663463)	(45.0, 0.05593325823046078)	(46.0, 5.2711187439438465)	(47.0, 16.51370364826646)	(48.0, 1.754413606749805)	(49.0, 2.0301409360548934)	(50.0, 5.293176930288253)	(51.0, 3.1377770074919056)	(52.0, 0.524669718049111)	(53.0, 6.6726013691831385)	(54.0, 42.01611823187881)	(55.0, 14.051852493756744)	(56.0, 1.2234415497451492)	(57.0, 0.4324980108242672)	(58.0, 0.22452082529128622)	(59.0, 0.33481175701332155)	(60.0, 0.19300913051356186)	(61.0, 0.1567706815191788)	(62.0, 0.0409652032110417)	(63.0, 0.012604677911089754)	(64.0, 0.007090131324987986)	(65.0, 0.004726754216658658)	(66.0, 0.0007877923694431096)	(67.0, 0.0015755847388862192)	(68.0, 0.0007877923694431096)	(69.0, 0.0)	(70.0, 0.0031511694777724385)	(71.0, 0.002363377108329329)	(72.0, 0.0)	(73.0, 0.0)	(74.0, 0.0)	(75.0, 0.0)	(76.0, 0.0)	(77.0, 0.0)	(78.0, 0.0)	(79.0, 0.0)	(80.0, 0.0)	(81.0, 0.0)	(82.0, 0.0)	(83.0, 0.0)	(84.0, 0.0)	(85.0, 0.0)	(86.0, 0.0)	(87.0, 0.0)	(88.0, 0.0)	(89.0, 0.0)	(90.0, 0.0)	(91.0, 0.0)	(92.0, 0.0)	(93.0, 0.0)	(94.0, 0.0)	(95.0, 0.0)	(96.0, 0.0)	(97.0, 0.0)	(98.0, 0.0)	(99.0, 0.0)	(100.0, 0.0)
2402R_0_F_S5_week5_S15_L001_R2_001	(0.0, 0.0)	(1.0, 0.0)	(2.0, 0.0)	(3.0, 0.0)	(4.0, 0.0)	(5.0, 0.0)	(6.0, 0.0)	(7.0, 0.0)	(8.0, 0.0)	(9.0, 0.0)	(10.0, 0.0)	(11.0, 0.0)	(12.0, 0.0)	(13.0, 0.0)	(14.0, 0.0)	(15.0, 0.0)	(16.0, 0.0)	(17.0, 0.0)	(18.0, 0.0007811442200535344)	(19.0, 0.0)	(20.0, 0.0)	(21.0, 0.0)	(22.0, 0.0)	(23.0, 0.0)	(24.0, 0.0)	(25.0, 0.0)	(26.0, 0.0)	(27.0, 0.0)	(28.0, 0.0007811442200535344)	(29.0, 0.0)	(30.0, 0.0007811442200535344)	(31.0, 0.0007811442200535344)	(32.0, 0.0)	(33.0, 0.0)	(34.0, 0.0007811442200535344)	(35.0, 0.0)	(36.0, 0.0007811442200535344)	(37.0, 0.0007811442200535344)	(38.0, 0.002343432660160603)	(39.0, 0.0039057211002676727)	(40.0, 0.0031245768802141377)	(41.0, 0.014841740181017153)	(42.0, 0.027340047701873704)	(43.0, 0.02890233614198077)	(44.0, 0.04843094164331914)	(45.0, 0.1499796902502786)	(46.0, 0.8233260079364252)	(47.0, 2.015352087738119)	(48.0, 6.981085894618437)	(49.0, 13.68720902377803)	(50.0, 2.9324154020809683)	(51.0, 1.3326320394113298)	(52.0, 2.3996750440044576)	(53.0, 5.621894951725288)	(54.0, 8.625394477831128)	(55.0, 7.7434826533906875)	(56.0, 23.321841833918324)	(57.0, 16.968014748002876)	(58.0, 3.9689937820920083)	(59.0, 1.2373324445647986)	(60.0, 0.5944507514607398)	(61.0, 0.39447783112703494)	(62.0, 0.2991782362805037)	(63.0, 0.226531823815525)	(64.0, 0.15857227667086748)	(65.0, 0.11482820034786957)	(66.0, 0.08045785466551404)	(67.0, 0.05702352806390801)	(68.0, 0.04452522054305146)	(69.0, 0.0249966150417131)	(70.0, 0.017966317061231293)	(71.0, 0.013279451740910084)	(72.0, 0.009373730640642413)	(73.0, 0.0039057211002676727)	(74.0, 0.005468009540374742)	(75.0, 0.002343432660160603)	(76.0, 0.002343432660160603)	(77.0, 0.0015622884401070688)	(78.0, 0.0015622884401070688)	(79.0, 0.0015622884401070688)	(80.0, 0.0007811442200535344)	(81.0, 0.0)	(82.0, 0.0)	(83.0, 0.0)	(84.0, 0.0)	(85.0, 0.0)	(86.0, 0.0)	(87.0, 0.0)	(88.0, 0.0)	(89.0, 0.0)	(90.0, 0.0)	(91.0, 0.0007811442200535344)	(92.0, 0.0)	(93.0, 0.0)	(94.0, 0.0)	(95.0, 0.0)	(96.0, 0.0)	(97.0, 0.0)	(98.0, 0.0)	(99.0, 0.0)	(100.0, 0.001041525626738046)
2402R_R_F_S5_week5_S16_L001_R1_001	(0.0, 0.0)	(1.0, 0.0)	(2.0, 0.0)	(3.0, 0.0)	(4.0, 0.0)	(5.0, 0.0)	(6.0, 0.0)	(7.0, 0.0)	(8.0, 0.0)	(9.0, 0.0)	(10.0, 0.0)	(11.0, 0.0)	(12.0, 0.0)	(13.0, 0.0)	(14.0, 0.0)	(15.0, 0.0)	(16.0, 0.0)	(17.0, 0.0)	(18.0, 0.0)	(19.0, 0.0)	(20.0, 0.0)	(21.0, 0.0)	(22.0, 0.0)	(23.0, 0.0)	(24.0, 0.0)	(25.0, 0.0)	(26.0, 0.0)	(27.0, 0.0)	(28.0, 0.0)	(29.0, 0.0)	(30.0, 0.0)	(31.0, 0.0)	(32.0, 0.0)	(33.0, 0.0008271024945411235)	(34.0, 0.0)	(35.0, 0.0)	(36.0, 0.0008271024945411235)	(37.0, 0.0)	(38.0, 0.001654204989082247)	(39.0, 0.001654204989082247)	(40.0, 0.003308409978164494)	(41.0, 0.005789717461787865)	(42.0, 0.014060742407199102)	(43.0, 0.02067756236352809)	(44.0, 0.022331767352610336)	(45.0, 0.05789717461787865)	(46.0, 6.207404221531132)	(47.0, 18.70823132402567)	(48.0, 1.9122609673790776)	(49.0, 2.411003771587375)	(50.0, 5.315787732415801)	(51.0, 3.262092238470191)	(52.0, 0.6004764110368557)	(53.0, 8.154403493680936)	(54.0, 36.07655660689473)	(55.0, 14.234433931052736)	(56.0, 1.286971481505988)	(57.0, 0.44746244954674785)	(58.0, 0.25143915834050157)	(59.0, 0.4276119896777609)	(60.0, 0.26053728578045393)	(61.0, 0.2291073909878912)	(62.0, 0.05045325216700853)	(63.0, 0.01902335737444584)	(64.0, 0.0074439224508701125)	(65.0, 0.004135512472705618)	(66.0, 0.001654204989082247)	(67.0, 0.0)	(68.0, 0.001654204989082247)	(69.0, 0.0008271024945411235)	(70.0, 0.0)	(71.0, 0.0)	(72.0, 0.0)	(73.0, 0.0)	(74.0, 0.0)	(75.0, 0.0)	(76.0, 0.0)	(77.0, 0.0)	(78.0, 0.0)	(79.0, 0.0)	(80.0, 0.0)	(81.0, 0.0)	(82.0, 0.0)	(83.0, 0.0)	(84.0, 0.0)	(85.0, 0.0)	(86.0, 0.0)	(87.0, 0.0)	(88.0, 0.0)	(89.0, 0.0)	(90.0, 0.0)	(91.0, 0.0)	(92.0, 0.0)	(93.0, 0.0)	(94.0, 0.0)	(95.0, 0.0)	(96.0, 0.0)	(97.0, 0.0)	(98.0, 0.0)	(99.0, 0.0)	(100.0, 0.0)
2402R_R_F_S5_week5_S16_L001_R2_001	(0.0, 0.0)	(1.0, 0.0)	(2.0, 0.0)	(3.0, 0.0)	(4.0, 0.0)	(5.0, 0.0)	(6.0, 0.0)	(7.0, 0.0)	(8.0, 0.0)	(9.0, 0.0)	(10.0, 0.0)	(11.0, 0.0)	(12.0, 0.0)	(13.0, 0.0)	(14.0, 0.0)	(15.0, 0.0)	(16.0, 0.0)	(17.0, 0.0)	(18.0, 0.0)	(19.0, 0.0)	(20.0, 0.0)	(21.0, 0.0)	(22.0, 0.0)	(23.0, 0.0)	(24.0, 0.0)	(25.0, 0.0)	(26.0, 0.0)	(27.0, 0.0)	(28.0, 0.0)	(29.0, 0.0)	(30.0, 0.0)	(31.0, 0.0)	(32.0, 0.0008272598671420653)	(33.0, 0.0008272598671420653)	(34.0, 0.0008272598671420653)	(35.0, 0.0008272598671420653)	(36.0, 0.0016545197342841306)	(37.0, 0.0016545197342841306)	(38.0, 0.004136299335710327)	(39.0, 0.003309039468568261)	(40.0, 0.0074453388042785874)	(41.0, 0.009927118405704783)	(42.0, 0.01406341774141511)	(43.0, 0.027299575615688156)	(44.0, 0.0405357334899612)	(45.0, 0.1315343188755884)	(46.0, 0.9182584525276924)	(47.0, 2.2484923188921337)	(48.0, 7.970648819913799)	(49.0, 14.870823371745768)	(50.0, 2.029268454099486)	(51.0, 1.4501865471000404)	(52.0, 3.257749356805453)	(53.0, 7.953276362703816)	(54.0, 12.845691216981992)	(55.0, 8.660583549110282)	(56.0, 17.969738834059942)	(57.0, 13.651442327578362)	(58.0, 3.152687353678411)	(59.0, 1.0713015279489746)	(60.0, 0.443411288788147)	(61.0, 0.3375220257939627)	(62.0, 0.28954095349972286)	(63.0, 0.18034265103697023)	(64.0, 0.11664364126703121)	(65.0, 0.09596214458847958)	(66.0, 0.07528064790992794)	(67.0, 0.05377189136423425)	(68.0, 0.03970847362281913)	(69.0, 0.022336016412835762)	(70.0, 0.01406341774141511)	(71.0, 0.00909985853856272)	(72.0, 0.0074453388042785874)	(73.0, 0.003309039468568261)	(74.0, 0.003309039468568261)	(75.0, 0.0016545197342841306)	(76.0, 0.0)	(77.0, 0.0016545197342841306)	(78.0, 0.0)	(79.0, 0.0)	(80.0, 0.0)	(81.0, 0.0016545197342841306)	(82.0, 0.0008272598671420653)	(83.0, 0.0)	(84.0, 0.0008272598671420653)	(85.0, 0.0016545197342841306)	(86.0, 0.0016545197342841306)	(87.0, 0.0)	(88.0, 0.0)	(89.0, 0.0008272598671420653)	(90.0, 0.0008272598671420653)	(91.0, 0.0)	(92.0, 0.0)	(93.0, 0.0)	(94.0, 0.0)	(95.0, 0.0)	(96.0, 0.0)	(97.0, 0.0)	(98.0, 0.0008272598671420653)	(99.0, 0.0008272598671420653)	(100.0, 0.0)
2403R_0_F_NS6_week5_S8_L001_R1_001	(0.0, 0.0)	(1.0, 0.0)	(2.0, 0.0)	(3.0, 0.0)	(4.0, 0.0)	(5.0, 0.0)	(6.0, 0.0)	(7.0, 0.0)	(8.0, 0.0)	(9.0, 0.0)	(10.0, 0.0)	(11.0, 0.0)	(12.0, 0.0)	(13.0, 0.0)	(14.0, 0.0)	(15.0, 0.0)	(16.0, 0.0)	(17.0, 0.0)	(18.0, 0.0)	(19.0, 0.0)	(20.0, 0.0)	(21.0, 0.0)	(22.0, 0.0)	(23.0, 0.0)	(24.0, 0.0)	(25.0, 0.0)	(26.0, 0.0)	(27.0, 0.0)	(28.0, 0.0)	(29.0, 0.0)	(30.0, 0.0)	(31.0, 0.0)	(32.0, 0.0)	(33.0, 0.0)	(34.0, 0.0)	(35.0, 0.0)	(36.0, 0.0016943696097866787)	(37.0, 0.0025415544146800183)	(38.0, 0.005083108829360037)	(39.0, 0.0033887392195733573)	(40.0, 0.0025415544146800183)	(41.0, 0.004235924024466697)	(42.0, 0.007624663244040055)	(43.0, 0.007624663244040055)	(44.0, 0.01694369609786679)	(45.0, 0.2236567884918416)	(46.0, 15.372168284789645)	(47.0, 24.130364797776988)	(48.0, 9.557091784001761)	(49.0, 9.595215100221962)	(50.0, 3.135430962910249)	(51.0, 1.197919314119182)	(52.0, 0.5693081888883241)	(53.0, 7.532320100306681)	(54.0, 19.442044087497244)	(55.0, 7.6797302563581225)	(56.0, 0.7184127145495519)	(57.0, 0.2651688439316153)	(58.0, 0.11860587268506752)	(59.0, 0.13216082956336095)	(60.0, 0.05676138192785374)	(61.0, 0.042359240244666974)	(62.0, 0.01609651129297345)	(63.0, 0.008471848048933394)	(64.0, 0.0008471848048933393)	(65.0, 0.0008471848048933393)	(66.0, 0.02880428336637354)	(67.0, 0.08302411087954727)	(68.0, 0.019485250512546806)	(69.0, 0.011013402463613414)	(70.0, 0.005930293634253376)	(71.0, 0.0025415544146800183)	(72.0, 0.0016943696097866787)	(73.0, 0.0)	(74.0, 0.0008471848048933393)	(75.0, 0.0)	(76.0, 0.0)	(77.0, 0.0)	(78.0, 0.0)	(79.0, 0.0)	(80.0, 0.0)	(81.0, 0.0)	(82.0, 0.0)	(83.0, 0.0)	(84.0, 0.0)	(85.0, 0.0)	(86.0, 0.0)	(87.0, 0.0)	(88.0, 0.0)	(89.0, 0.0)	(90.0, 0.0)	(91.0, 0.0)	(92.0, 0.0)	(93.0, 0.0)	(94.0, 0.0)	(95.0, 0.0)	(96.0, 0.0)	(97.0, 0.0)	(98.0, 0.0)	(99.0, 0.0)	(100.0, 0.0)
2403R_0_F_NS6_week5_S8_L001_R2_001	(0.0, 0.0)	(1.0, 0.0)	(2.0, 0.0)	(3.0, 0.0)	(4.0, 0.0)	(5.0, 0.0)	(6.0, 0.0)	(7.0, 0.0)	(8.0, 0.0)	(9.0, 0.0)	(10.0, 0.0)	(11.0, 0.0)	(12.0, 0.0)	(13.0, 0.0)	(14.0, 0.0)	(15.0, 0.0)	(16.0, 0.0)	(17.0, 0.0)	(18.0, 0.0)	(19.0, 0.0)	(20.0, 0.0)	(21.0, 0.0008516920281626164)	(22.0, 0.0)	(23.0, 0.0)	(24.0, 0.0)	(25.0, 0.0)	(26.0, 0.0)	(27.0, 0.0)	(28.0, 0.0)	(29.0, 0.0)	(30.0, 0.0)	(31.0, 0.0)	(32.0, 0.0017033840563252327)	(33.0, 0.0017033840563252327)	(34.0, 0.0008516920281626164)	(35.0, 0.0008516920281626164)	(36.0, 0.0025550760844878493)	(37.0, 0.004258460140813082)	(38.0, 0.0017033840563252327)	(39.0, 0.009368612309788782)	(40.0, 0.011923688394276629)	(41.0, 0.017033840563252328)	(42.0, 0.03491937315466727)	(43.0, 0.04599136952078128)	(44.0, 0.07494889847831025)	(45.0, 0.26743129684306155)	(46.0, 1.287758346581876)	(47.0, 3.441687485805133)	(48.0, 10.190495116965707)	(49.0, 25.81052691346809)	(50.0, 12.557347263229618)	(51.0, 6.055530320236203)	(52.0, 4.657052009993187)	(53.0, 6.691744265273678)	(54.0, 5.677379059732001)	(55.0, 4.447535771065183)	(56.0, 9.142913922325688)	(57.0, 6.4907449466272995)	(58.0, 1.4615035203270499)	(59.0, 0.5271973654326596)	(60.0, 0.27168975698387465)	(61.0, 0.18652055416761298)	(62.0, 0.14308426073131958)	(63.0, 0.0979445832387009)	(64.0, 0.06643197819668407)	(65.0, 0.053656597774244835)	(66.0, 0.04088121735180559)	(67.0, 0.04939813763343175)	(68.0, 0.06643197819668407)	(69.0, 0.03491937315466727)	(70.0, 0.022143992732228026)	(71.0, 0.01958891664774018)	(72.0, 0.009368612309788782)	(73.0, 0.004258460140813082)	(74.0, 0.005110152168975699)	(75.0, 0.0025550760844878493)	(76.0, 0.0017033840563252327)	(77.0, 0.0025550760844878493)	(78.0, 0.0)	(79.0, 0.0025550760844878493)	(80.0, 0.0017033840563252327)	(81.0, 0.0)	(82.0, 0.0)	(83.0, 0.0)	(84.0, 0.0008516920281626164)	(85.0, 0.0)	(86.0, 0.0)	(87.0, 0.0)	(88.0, 0.0)	(89.0, 0.0)	(90.0, 0.0)	(91.0, 0.0)	(92.0, 0.0)	(93.0, 0.0)	(94.0, 0.0)	(95.0, 0.0)	(96.0, 0.0)	(97.0, 0.0)	(98.0, 0.0)	(99.0, 0.0)	(100.0, 0.0011355893708834886)
2433R_0_F_S5_week5_S17_L001_R1_001	(0.0, 0.0)	(1.0, 0.0)	(2.0, 0.0)	(3.0, 0.0)	(4.0, 0.0)	(5.0, 0.0)	(6.0, 0.0)	(7.0, 0.0)	(8.0, 0.0)	(9.0, 0.0)	(10.0, 0.0)	(11.0, 0.0)	(12.0, 0.0)	(13.0, 0.0)	(14.0, 0.0)	(15.0, 0.0)	(16.0, 0.0)	(17.0, 0.0)	(18.0, 0.0)	(19.0, 0.0)	(20.0, 0.0)	(21.0, 0.0)	(22.0, 0.0)	(23.0, 0.0)	(24.0, 0.0)	(25.0, 0.0)	(26.0, 0.0)	(27.0, 0.0)	(28.0, 0.0)	(29.0, 0.0)	(30.0, 0.0)	(31.0, 0.0)	(32.0, 0.0)	(33.0, 0.0)	(34.0, 0.0)	(35.0, 0.0)	(36.0, 0.0)	(37.0, 0.0011064394777605664)	(38.0, 0.0016596592166408498)	(39.0, 0.0011064394777605664)	(40.0, 0.0038725381721619826)	(41.0, 0.004425757911042266)	(42.0, 0.008851515822084531)	(43.0, 0.009404735560964815)	(44.0, 0.01549015268864793)	(45.0, 0.049789776499225495)	(46.0, 5.544368223058198)	(47.0, 17.080659437928745)	(48.0, 1.9855056428413367)	(49.0, 4.346647488382385)	(50.0, 10.06030095153795)	(51.0, 6.077118831599911)	(52.0, 0.6920778933392343)	(53.0, 5.521132994025227)	(54.0, 31.072139853949988)	(55.0, 14.622150918344767)	(56.0, 1.4107103341447222)	(57.0, 0.5421553441026776)	(58.0, 0.26277937596813455)	(59.0, 0.24341668510732464)	(60.0, 0.1842221730471343)	(61.0, 0.16707236114184554)	(62.0, 0.042044700154901526)	(63.0, 0.017149811905288782)	(64.0, 0.006085417127683116)	(65.0, 0.0011064394777605664)	(66.0, 0.0027660986944014164)	(67.0, 0.012724053994246516)	(68.0, 0.0038725381721619826)	(69.0, 0.0016596592166408498)	(70.0, 0.0011064394777605664)	(71.0, 0.0011064394777605664)	(72.0, 0.0005532197388802832)	(73.0, 0.0005532197388802832)	(74.0, 0.0)	(75.0, 0.0)	(76.0, 0.0)	(77.0, 0.0)	(78.0, 0.0005532197388802832)	(79.0, 0.0005532197388802832)	(80.0, 0.0)	(81.0, 0.0)	(82.0, 0.0)	(83.0, 0.0)	(84.0, 0.0)	(85.0, 0.0)	(86.0, 0.0)	(87.0, 0.0)	(88.0, 0.0)	(89.0, 0.0)	(90.0, 0.0)	(91.0, 0.0)	(92.0, 0.0)	(93.0, 0.0)	(94.0, 0.0)	(95.0, 0.0)	(96.0, 0.0)	(97.0, 0.0)	(98.0, 0.0)	(99.0, 0.0)	(100.0, 0.0)
2433R_0_F_S5_week5_S17_L001_R2_001	(0.0, 0.0)	(1.0, 0.0)	(2.0, 0.0)	(3.0, 0.0)	(4.0, 0.0)	(5.0, 0.0)	(6.0, 0.0)	(7.0, 0.0)	(8.0, 0.0)	(9.0, 0.0)	(10.0, 0.0)	(11.0, 0.0)	(12.0, 0.0005517779204225882)	(13.0, 0.0)	(14.0, 0.0)	(15.0, 0.0)	(16.0, 0.0)	(17.0, 0.0005517779204225882)	(18.0, 0.0005517779204225882)	(19.0, 0.0)	(20.0, 0.0)	(21.0, 0.0)	(22.0, 0.0)	(23.0, 0.0)	(24.0, 0.0)	(25.0, 0.0)	(26.0, 0.0005517779204225882)	(27.0, 0.0)	(28.0, 0.0005517779204225882)	(29.0, 0.0)	(30.0, 0.0005517779204225882)	(31.0, 0.0)	(32.0, 0.0)	(33.0, 0.0005517779204225882)	(34.0, 0.0011035558408451765)	(35.0, 0.0016553337612677647)	(36.0, 0.0005517779204225882)	(37.0, 0.0)	(38.0, 0.002207111681690353)	(39.0, 0.0011035558408451765)	(40.0, 0.0033106675225355294)	(41.0, 0.007173112965493648)	(42.0, 0.012139114249296942)	(43.0, 0.024278228498593884)	(44.0, 0.039728010270426356)	(45.0, 0.178224268296496)	(46.0, 0.9402295764000904)	(47.0, 2.066408311982593)	(48.0, 8.421786399409966)	(49.0, 13.351922118385792)	(50.0, 2.5591459949199646)	(51.0, 1.884321598243139)	(52.0, 3.689187175945426)	(53.0, 10.24541242640662)	(54.0, 17.303755584452368)	(55.0, 9.248901502123424)	(56.0, 15.181617702507094)	(57.0, 9.911586784550954)	(58.0, 2.4316852953023465)	(59.0, 0.8409095507240245)	(60.0, 0.42486899872539297)	(61.0, 0.32499719512890446)	(62.0, 0.25105895379227766)	(63.0, 0.18043137997818637)	(64.0, 0.12249469833381459)	(65.0, 0.09656113607395295)	(66.0, 0.06842046213240095)	(67.0, 0.04469401155422965)	(68.0, 0.0331066752253553)	(69.0, 0.03255489730493271)	(70.0, 0.014898003851409884)	(71.0, 0.009380224647184002)	(72.0, 0.008276668806338825)	(73.0, 0.008276668806338825)	(74.0, 0.004414223363380706)	(75.0, 0.0027588896021129416)	(76.0, 0.0027588896021129416)	(77.0, 0.0011035558408451765)	(78.0, 0.0033106675225355294)	(79.0, 0.0027588896021129416)	(80.0, 0.0005517779204225882)	(81.0, 0.0005517779204225882)	(82.0, 0.0011035558408451765)	(83.0, 0.0016553337612677647)	(84.0, 0.0011035558408451765)	(85.0, 0.0011035558408451765)	(86.0, 0.0)	(87.0, 0.0)	(88.0, 0.0005517779204225882)	(89.0, 0.0005517779204225882)	(90.0, 0.0005517779204225882)	(91.0, 0.0005517779204225882)	(92.0, 0.0005517779204225882)	(93.0, 0.0)	(94.0, 0.0)	(95.0, 0.0)	(96.0, 0.0)	(97.0, 0.0005517779204225882)	(98.0, 0.0)	(99.0, 0.0005517779204225882)	(100.0, 0.0007357038938967843)
2475R_0_M_S5_week5_S18_L001_R1_001	(0.0, 0.0)	(1.0, 0.0)	(2.0, 0.0)	(3.0, 0.0)	(4.0, 0.0)	(5.0, 0.0)	(6.0, 0.0)	(7.0, 0.0)	(8.0, 0.0)	(9.0, 0.0)	(10.0, 0.0)	(11.0, 0.0)	(12.0, 0.0)	(13.0, 0.0)	(14.0, 0.0)	(15.0, 0.0)	(16.0, 0.0)	(17.0, 0.0)	(18.0, 0.0)	(19.0, 0.0)	(20.0, 0.0)	(21.0, 0.0)	(22.0, 0.0)	(23.0, 0.0)	(24.0, 0.0)	(25.0, 0.0)	(26.0, 0.0)	(27.0, 0.0)	(28.0, 0.0)	(29.0, 0.0)	(30.0, 0.0)	(31.0, 0.0)	(32.0, 0.0)	(33.0, 0.0)	(34.0, 0.0)	(35.0, 0.0)	(36.0, 0.0)	(37.0, 0.0)	(38.0, 0.0)	(39.0, 0.0014654018620372993)	(40.0, 0.000976934574691533)	(41.0, 0.0014654018620372993)	(42.0, 0.0029308037240745985)	(43.0, 0.003907738298766132)	(44.0, 0.006350074735494964)	(45.0, 0.042985121286427445)	(46.0, 4.781117808540362)	(47.0, 18.13190570627485)	(48.0, 2.394955109856293)	(49.0, 4.472406482937838)	(50.0, 10.102480436885141)	(51.0, 6.473656959193443)	(52.0, 0.6789695294106154)	(53.0, 4.858295639940994)	(54.0, 30.009476265374506)	(55.0, 15.083381365949922)	(56.0, 1.3857816941999395)	(57.0, 0.5304754740575024)	(58.0, 0.2505837184083782)	(59.0, 0.2369066343626967)	(60.0, 0.18854837291546586)	(61.0, 0.23592969978800518)	(62.0, 0.06350074735494965)	(63.0, 0.023934897079942556)	(64.0, 0.007327009310186497)	(65.0, 0.004884672873457664)	(66.0, 0.0034192710114203653)	(67.0, 0.012700149470989928)	(68.0, 0.0014654018620372993)	(69.0, 0.0014654018620372993)	(70.0, 0.002442336436728832)	(71.0, 0.0029308037240745985)	(72.0, 0.0004884672873457665)	(73.0, 0.0004884672873457665)	(74.0, 0.0)	(75.0, 0.0)	(76.0, 0.0)	(77.0, 0.0)	(78.0, 0.0)	(79.0, 0.0)	(80.0, 0.0)	(81.0, 0.0)	(82.0, 0.0)	(83.0, 0.0)	(84.0, 0.0)	(85.0, 0.0)	(86.0, 0.0)	(87.0, 0.0)	(88.0, 0.0)	(89.0, 0.0)	(90.0, 0.0)	(91.0, 0.0)	(92.0, 0.0)	(93.0, 0.0)	(94.0, 0.0)	(95.0, 0.0)	(96.0, 0.0)	(97.0, 0.0)	(98.0, 0.0)	(99.0, 0.0)	(100.0, 0.0)
2475R_0_M_S5_week5_S18_L001_R2_001	(0.0, 0.0)	(1.0, 0.0)	(2.0, 0.0)	(3.0, 0.0)	(4.0, 0.0)	(5.0, 0.0)	(6.0, 0.0)	(7.0, 0.0)	(8.0, 0.0)	(9.0, 0.0)	(10.0, 0.0)	(11.0, 0.0)	(12.0, 0.0)	(13.0, 0.0)	(14.0, 0.0)	(15.0, 0.0)	(16.0, 0.0)	(17.0, 0.0)	(18.0, 0.0)	(19.0, 0.0004842169485616335)	(20.0, 0.0004842169485616335)	(21.0, 0.0)	(22.0, 0.000968433897123267)	(23.0, 0.0)	(24.0, 0.0)	(25.0, 0.0)	(26.0, 0.0)	(27.0, 0.0004842169485616335)	(28.0, 0.0)	(29.0, 0.0004842169485616335)	(30.0, 0.0004842169485616335)	(31.0, 0.0)	(32.0, 0.0)	(33.0, 0.0)	(34.0, 0.000968433897123267)	(35.0, 0.0014526508456849006)	(36.0, 0.002905301691369801)	(37.0, 0.0014526508456849006)	(38.0, 0.002421084742808168)	(39.0, 0.002421084742808168)	(40.0, 0.005810603382739602)	(41.0, 0.009200122022671038)	(42.0, 0.015979159302533907)	(43.0, 0.024695064376643313)	(44.0, 0.041642657576300486)	(45.0, 0.17770762012211952)	(46.0, 0.9795708869401848)	(47.0, 2.2099661532352957)	(48.0, 8.769653155399745)	(49.0, 13.956100891443402)	(50.0, 3.014250504796169)	(51.0, 2.1184491499571467)	(52.0, 3.701354354805127)	(53.0, 10.262978224763824)	(54.0, 16.621230976326633)	(55.0, 8.930413182322209)	(56.0, 14.778301270101057)	(57.0, 9.541979188355551)	(58.0, 2.3479679835753613)	(59.0, 0.7931473617439557)	(60.0, 0.4101317554317036)	(61.0, 0.33459391145608874)	(62.0, 0.2866564335484871)	(63.0, 0.1820655726591742)	(64.0, 0.1370333964429423)	(65.0, 0.09442230496951855)	(66.0, 0.0706956744899985)	(67.0, 0.05132699654753315)	(68.0, 0.035832054193560885)	(69.0, 0.023726630479520044)	(70.0, 0.016947593199657177)	(71.0, 0.015979159302533907)	(72.0, 0.0053263864341779685)	(73.0, 0.0033895186399314345)	(74.0, 0.002905301691369801)	(75.0, 0.001936867794246534)	(76.0, 0.001936867794246534)	(77.0, 0.000968433897123267)	(78.0, 0.000968433897123267)	(79.0, 0.0004842169485616335)	(80.0, 0.0004842169485616335)	(81.0, 0.0004842169485616335)	(82.0, 0.000968433897123267)	(83.0, 0.000968433897123267)	(84.0, 0.0004842169485616335)	(85.0, 0.0)	(86.0, 0.0004842169485616335)	(87.0, 0.0004842169485616335)	(88.0, 0.0)	(89.0, 0.0)	(90.0, 0.0)	(91.0, 0.0)	(92.0, 0.0004842169485616335)	(93.0, 0.0)	(94.0, 0.0004842169485616335)	(95.0, 0.0004842169485616335)	(96.0, 0.0004842169485616335)	(97.0, 0.0)	(98.0, 0.0004842169485616335)	(99.0, 0.0004842169485616335)	(100.0, 0.0)
2475R_RL_M_S5_week5_S19_L001_R1_001	(0.0, 0.0)	(1.0, 0.0)	(2.0, 0.0)	(3.0, 0.0)	(4.0, 0.0)	(5.0, 0.0)	(6.0, 0.0)	(7.0, 0.0)	(8.0, 0.0)	(9.0, 0.0)	(10.0, 0.0)	(11.0, 0.0)	(12.0, 0.0)	(13.0, 0.0)	(14.0, 0.0)	(15.0, 0.0)	(16.0, 0.0)	(17.0, 0.0)	(18.0, 0.0)	(19.0, 0.0)	(20.0, 0.0)	(21.0, 0.0)	(22.0, 0.0)	(23.0, 0.0)	(24.0, 0.0)	(25.0, 0.0)	(26.0, 0.0)	(27.0, 0.0)	(28.0, 0.0004734063957204062)	(29.0, 0.0004734063957204062)	(30.0, 0.0004734063957204062)	(31.0, 0.0004734063957204062)	(32.0, 0.0)	(33.0, 0.0)	(34.0, 0.0)	(35.0, 0.0)	(36.0, 0.0)	(37.0, 0.0)	(38.0, 0.0009468127914408124)	(39.0, 0.0004734063957204062)	(40.0, 0.0004734063957204062)	(41.0, 0.0028404383743224374)	(42.0, 0.0037872511657632496)	(43.0, 0.006627689540085687)	(44.0, 0.01372878547589178)	(45.0, 0.0459204203848794)	(46.0, 5.905744786612067)	(47.0, 18.084124316519514)	(48.0, 1.9258172177906125)	(49.0, 4.06703434563401)	(50.0, 9.678320354107985)	(51.0, 5.926574668023765)	(52.0, 0.6585082964470851)	(53.0, 5.144507302293654)	(54.0, 30.455653655880894)	(55.0, 15.100243804293795)	(56.0, 1.435841598219992)	(57.0, 0.5321087887897366)	(58.0, 0.2873576822022866)	(59.0, 0.23907022983880513)	(60.0, 0.18557530712239922)	(61.0, 0.19409662224536656)	(62.0, 0.04876085875920184)	(63.0, 0.017989443037375433)	(64.0, 0.008521315122967311)	(65.0, 0.004260657561483656)	(66.0, 0.006154283144365281)	(67.0, 0.012308566288730562)	(68.0, 0.0037872511657632496)	(69.0, 0.0)	(70.0, 0.0009468127914408124)	(71.0, 0.0)	(72.0, 0.0)	(73.0, 0.0)	(74.0, 0.0)	(75.0, 0.0)	(76.0, 0.0)	(77.0, 0.0)	(78.0, 0.0)	(79.0, 0.0)	(80.0, 0.0)	(81.0, 0.0)	(82.0, 0.0)	(83.0, 0.0)	(84.0, 0.0)	(85.0, 0.0)	(86.0, 0.0)	(87.0, 0.0)	(88.0, 0.0)	(89.0, 0.0)	(90.0, 0.0)	(91.0, 0.0)	(92.0, 0.0)	(93.0, 0.0)	(94.0, 0.0)	(95.0, 0.0)	(96.0, 0.0)	(97.0, 0.0)	(98.0, 0.0)	(99.0, 0.0)	(100.0, 0.0)
2475R_RL_M_S5_week5_S19_L001_R2_001	(0.0, 0.0)	(1.0, 0.0)	(2.0, 0.0)	(3.0, 0.0)	(4.0, 0.0)	(5.0, 0.0)	(6.0, 0.0)	(7.0, 0.0)	(8.0, 0.0)	(9.0, 0.0)	(10.0, 0.0)	(11.0, 0.0)	(12.0, 0.0)	(13.0, 0.0)	(14.0, 0.0)	(15.0, 0.0)	(16.0, 0.0)	(17.0, 0.0)	(18.0, 0.0)	(19.0, 0.0)	(20.0, 0.0)	(21.0, 0.0)	(22.0, 0.0004713327562125585)	(23.0, 0.0)	(24.0, 0.0004713327562125585)	(25.0, 0.0004713327562125585)	(26.0, 0.0)	(27.0, 0.0)	(28.0, 0.0)	(29.0, 0.000942665512425117)	(30.0, 0.0004713327562125585)	(31.0, 0.0004713327562125585)	(32.0, 0.0)	(33.0, 0.0004713327562125585)	(34.0, 0.000942665512425117)	(35.0, 0.000942665512425117)	(36.0, 0.001885331024850234)	(37.0, 0.000942665512425117)	(38.0, 0.0004713327562125585)	(39.0, 0.0032993292934879095)	(40.0, 0.004241994805913026)	(41.0, 0.005655993074550702)	(42.0, 0.012254651661526521)	(43.0, 0.02262397229820281)	(44.0, 0.049961272158531196)	(45.0, 0.19230376453472386)	(46.0, 1.0534287101350683)	(47.0, 2.2925625262178846)	(48.0, 8.910545756198418)	(49.0, 13.769986472749896)	(50.0, 2.306702508904261)	(51.0, 1.8019051270006112)	(52.0, 3.6075809160509222)	(53.0, 9.72312342790887)	(54.0, 16.48250648475317)	(55.0, 9.05807290889295)	(56.0, 15.800016653757384)	(57.0, 10.102074963903766)	(58.0, 2.271823884944532)	(59.0, 0.794195694218161)	(60.0, 0.4213714840540273)	(61.0, 0.34784357408486816)	(62.0, 0.2790289916778346)	(63.0, 0.19937375587791226)	(64.0, 0.13857183032649217)	(65.0, 0.10180787534191263)	(66.0, 0.06551525311354563)	(67.0, 0.04713327562125585)	(68.0, 0.03582128947215445)	(69.0, 0.023095305054415365)	(70.0, 0.018381977492289783)	(71.0, 0.015082648198801871)	(72.0, 0.007541324099400936)	(73.0, 0.0023566637810627927)	(74.0, 0.002827996537275351)	(75.0, 0.003770662049700468)	(76.0, 0.0014139982686376756)	(77.0, 0.001885331024850234)	(78.0, 0.0014139982686376756)	(79.0, 0.001885331024850234)	(80.0, 0.000942665512425117)	(81.0, 0.0023566637810627927)	(82.0, 0.0023566637810627927)	(83.0, 0.000942665512425117)	(84.0, 0.000942665512425117)	(85.0, 0.0004713327562125585)	(86.0, 0.0)	(87.0, 0.0004713327562125585)	(88.0, 0.000942665512425117)	(89.0, 0.0)	(90.0, 0.0)	(91.0, 0.0)	(92.0, 0.0)	(93.0, 0.0)	(94.0, 0.0)	(95.0, 0.0)	(96.0, 0.0)	(97.0, 0.0)	(98.0, 0.0)	(99.0, 0.0)	(100.0, 0.0006284436749500779)
2476R_R_F_NS6_week5_S9_L001_R1_001	(0.0, 0.0)	(1.0, 0.0)	(2.0, 0.0)	(3.0, 0.0)	(4.0, 0.0)	(5.0, 0.0)	(6.0, 0.0)	(7.0, 0.0)	(8.0, 0.0)	(9.0, 0.0)	(10.0, 0.0)	(11.0, 0.0)	(12.0, 0.0)	(13.0, 0.0)	(14.0, 0.0)	(15.0, 0.0)	(16.0, 0.0)	(17.0, 0.0)	(18.0, 0.0)	(19.0, 0.0)	(20.0, 0.0)	(21.0, 0.0)	(22.0, 0.0)	(23.0, 0.0)	(24.0, 0.0)	(25.0, 0.0)	(26.0, 0.0)	(27.0, 0.0)	(28.0, 0.0)	(29.0, 0.0)	(30.0, 0.0)	(31.0, 0.0)	(32.0, 0.0)	(33.0, 0.0)	(34.0, 0.0)	(35.0, 0.0)	(36.0, 0.0)	(37.0, 0.0008808632459810614)	(38.0, 0.0035234529839242457)	(39.0, 0.0017617264919621229)	(40.0, 0.004404316229905308)	(41.0, 0.007927769213829552)	(42.0, 0.010570358951772737)	(43.0, 0.01233208544373486)	(44.0, 0.03523452983924246)	(45.0, 0.25633120458048886)	(46.0, 13.789033252587535)	(47.0, 23.462673419951553)	(48.0, 12.616604272186743)	(49.0, 11.6511781545915)	(50.0, 5.147764809513323)	(51.0, 1.962563312045805)	(52.0, 0.6527196652719666)	(53.0, 5.635763047786831)	(54.0, 13.730896278352786)	(55.0, 9.12045804888791)	(56.0, 0.9839242457608456)	(57.0, 0.3356088967187844)	(58.0, 0.16031711076855318)	(59.0, 0.14974675181678043)	(60.0, 0.06077956397269324)	(61.0, 0.03699625633120458)	(62.0, 0.020259854657564413)	(63.0, 0.005285179475886369)	(64.0, 0.00616604272186743)	(65.0, 0.0008808632459810614)	(66.0, 0.03083021360933715)	(67.0, 0.07223078617044704)	(68.0, 0.01849812816560229)	(69.0, 0.007927769213829552)	(70.0, 0.004404316229905308)	(71.0, 0.0017617264919621229)	(72.0, 0.0008808632459810614)	(73.0, 0.0008808632459810614)	(74.0, 0.0)	(75.0, 0.0)	(76.0, 0.0)	(77.0, 0.0)	(78.0, 0.0)	(79.0, 0.0)	(80.0, 0.0)	(81.0, 0.0)	(82.0, 0.0)	(83.0, 0.0)	(84.0, 0.0)	(85.0, 0.0)	(86.0, 0.0)	(87.0, 0.0)	(88.0, 0.0)	(89.0, 0.0)	(90.0, 0.0)	(91.0, 0.0)	(92.0, 0.0)	(93.0, 0.0)	(94.0, 0.0)	(95.0, 0.0)	(96.0, 0.0)	(97.0, 0.0)	(98.0, 0.0)	(99.0, 0.0)	(100.0, 0.0)
2476R_R_F_NS6_week5_S9_L001_R2_001	(0.0, 0.0)	(1.0, 0.0)	(2.0, 0.0)	(3.0, 0.0)	(4.0, 0.0)	(5.0, 0.0)	(6.0, 0.0)	(7.0, 0.0)	(8.0, 0.0)	(9.0, 0.0)	(10.0, 0.0)	(11.0, 0.0)	(12.0, 0.0)	(13.0, 0.0)	(14.0, 0.0)	(15.0, 0.0)	(16.0, 0.0)	(17.0, 0.0)	(18.0, 0.0)	(19.0, 0.0)	(20.0, 0.0)	(21.0, 0.0)	(22.0, 0.0)	(23.0, 0.0)	(24.0, 0.0)	(25.0, 0.0017674558356973054)	(26.0, 0.0)	(27.0, 0.0008837279178486527)	(28.0, 0.0008837279178486527)	(29.0, 0.0)	(30.0, 0.0)	(31.0, 0.0008837279178486527)	(32.0, 0.0026511837535459584)	(33.0, 0.0008837279178486527)	(34.0, 0.0017674558356973054)	(35.0, 0.0017674558356973054)	(36.0, 0.0008837279178486527)	(37.0, 0.0008837279178486527)	(38.0, 0.0026511837535459584)	(39.0, 0.004418639589243264)	(40.0, 0.013255918767729791)	(41.0, 0.020325742110519015)	(42.0, 0.0318142050425515)	(43.0, 0.063628410085103)	(44.0, 0.09014024762056258)	(45.0, 0.25539736825826065)	(46.0, 1.1974513286849244)	(47.0, 3.4341666887598645)	(48.0, 10.384686762639518)	(49.0, 26.449976581210176)	(50.0, 14.123739583057167)	(51.0, 6.546656415422819)	(52.0, 4.175614411834884)	(53.0, 7.308429880608358)	(54.0, 8.883233030214658)	(55.0, 5.950140070874979)	(56.0, 5.379251835944749)	(57.0, 3.650680028632784)	(58.0, 0.9111234833019609)	(59.0, 0.3605609904822503)	(60.0, 0.1740943998161846)	(61.0, 0.12107072474526542)	(62.0, 0.09897752679904911)	(63.0, 0.056558586742313774)	(64.0, 0.04065148422103803)	(65.0, 0.04065148422103803)	(66.0, 0.03623284463179476)	(67.0, 0.04065148422103803)	(68.0, 0.053907402988767825)	(69.0, 0.037116572549643415)	(70.0, 0.013255918767729791)	(71.0, 0.008837279178486528)	(72.0, 0.003534911671394611)	(73.0, 0.005302367507091917)	(74.0, 0.0017674558356973054)	(75.0, 0.0017674558356973054)	(76.0, 0.003534911671394611)	(77.0, 0.0017674558356973054)	(78.0, 0.0)	(79.0, 0.0)	(80.0, 0.0017674558356973054)	(81.0, 0.0008837279178486527)	(82.0, 0.0008837279178486527)	(83.0, 0.0008837279178486527)	(84.0, 0.0)	(85.0, 0.0)	(86.0, 0.0)	(87.0, 0.0)	(88.0, 0.0)	(89.0, 0.0017674558356973054)	(90.0, 0.0008837279178486527)	(91.0, 0.0008837279178486527)	(92.0, 0.0)	(93.0, 0.0008837279178486527)	(94.0, 0.0)	(95.0, 0.0008837279178486527)	(96.0, 0.0)	(97.0, 0.0)	(98.0, 0.0)	(99.0, 0.0)	(100.0, 0.0)
2518R_0_M_S5_week5_S20_L001_R1_001	(0.0, 0.0)	(1.0, 0.0)	(2.0, 0.0)	(3.0, 0.0)	(4.0, 0.0)	(5.0, 0.0)	(6.0, 0.0)	(7.0, 0.0)	(8.0, 0.0)	(9.0, 0.0)	(10.0, 0.0)	(11.0, 0.0)	(12.0, 0.0)	(13.0, 0.0)	(14.0, 0.0)	(15.0, 0.0)	(16.0, 0.0)	(17.0, 0.0)	(18.0, 0.0)	(19.0, 0.0)	(20.0, 0.0)	(21.0, 0.0)	(22.0, 0.0)	(23.0, 0.0)	(24.0, 0.0)	(25.0, 0.0)	(26.0, 0.0)	(27.0, 0.0)	(28.0, 0.0)	(29.0, 0.0)	(30.0, 0.0)	(31.0, 0.0)	(32.0, 0.0)	(33.0, 0.0)	(34.0, 0.0)	(35.0, 0.0021190331558054443)	(36.0, 0.007063443852684815)	(37.0, 0.00494441069687937)	(38.0, 0.0)	(39.0, 0.001412688770536963)	(40.0, 0.0007063443852684815)	(41.0, 0.001412688770536963)	(42.0, 0.0021190331558054443)	(43.0, 0.0077697882379532965)	(44.0, 0.011301510164295704)	(45.0, 0.04449969627191434)	(46.0, 5.362566572958311)	(47.0, 19.035981182985577)	(48.0, 2.053343127975476)	(49.0, 3.4356590899458936)	(50.0, 8.257872208173819)	(51.0, 5.11675872688488)	(52.0, 0.648424145676466)	(53.0, 5.448740587961066)	(54.0, 32.6564199641177)	(55.0, 15.106587367737015)	(56.0, 1.377371551273539)	(57.0, 0.4930283809174001)	(58.0, 0.25075225677031093)	(59.0, 0.2182604150479608)	(60.0, 0.16599093053809313)	(61.0, 0.18506222894034216)	(62.0, 0.048031418198256744)	(63.0, 0.01977764278751748)	(64.0, 0.011301510164295704)	(65.0, 0.005650755082147852)	(66.0, 0.00494441069687937)	(67.0, 0.009182477008490258)	(68.0, 0.002825377541073926)	(69.0, 0.001412688770536963)	(70.0, 0.0007063443852684815)	(71.0, 0.0)	(72.0, 0.0)	(73.0, 0.0)	(74.0, 0.0)	(75.0, 0.0)	(76.0, 0.0)	(77.0, 0.0)	(78.0, 0.0)	(79.0, 0.0)	(80.0, 0.0)	(81.0, 0.0)	(82.0, 0.0)	(83.0, 0.0)	(84.0, 0.0)	(85.0, 0.0)	(86.0, 0.0)	(87.0, 0.0)	(88.0, 0.0)	(89.0, 0.0)	(90.0, 0.0)	(91.0, 0.0)	(92.0, 0.0)	(93.0, 0.0)	(94.0, 0.0)	(95.0, 0.0)	(96.0, 0.0)	(97.0, 0.0)	(98.0, 0.0)	(99.0, 0.0)	(100.0, 0.0)
2518R_0_M_S5_week5_S20_L001_R2_001	(0.0, 0.0)	(1.0, 0.0)	(2.0, 0.0)	(3.0, 0.0)	(4.0, 0.0)	(5.0, 0.0)	(6.0, 0.0)	(7.0, 0.0)	(8.0, 0.0)	(9.0, 0.0)	(10.0, 0.0)	(11.0, 0.0006993642778714149)	(12.0, 0.0)	(13.0, 0.0)	(14.0, 0.0)	(15.0, 0.0)	(16.0, 0.0)	(17.0, 0.0)	(18.0, 0.0)	(19.0, 0.0)	(20.0, 0.0)	(21.0, 0.0)	(22.0, 0.0)	(23.0, 0.0)	(24.0, 0.0)	(25.0, 0.0)	(26.0, 0.0013987285557428297)	(27.0, 0.0)	(28.0, 0.0)	(29.0, 0.0013987285557428297)	(30.0, 0.0020980928336142447)	(31.0, 0.0006993642778714149)	(32.0, 0.0)	(33.0, 0.0020980928336142447)	(34.0, 0.0020980928336142447)	(35.0, 0.0)	(36.0, 0.004196185667228489)	(37.0, 0.004196185667228489)	(38.0, 0.0013987285557428297)	(39.0, 0.0006993642778714149)	(40.0, 0.0027974571114856594)	(41.0, 0.009091735612328393)	(42.0, 0.012588557001685468)	(43.0, 0.025876478281242354)	(44.0, 0.051053592284613286)	(45.0, 0.18952771930315343)	(46.0, 1.0574387881415794)	(47.0, 2.398120108821082)	(48.0, 9.170763775727863)	(49.0, 14.357948624700148)	(50.0, 2.573660542566807)	(51.0, 1.7134424807849664)	(52.0, 3.364641540839377)	(53.0, 8.761635673173087)	(54.0, 15.507004133242882)	(55.0, 8.944869113975397)	(56.0, 16.343443809577092)	(57.0, 10.430318840174282)	(58.0, 2.446376243994209)	(59.0, 0.8567212403924832)	(60.0, 0.44759313783770555)	(61.0, 0.3615713316595215)	(62.0, 0.27415079692559463)	(63.0, 0.1825340765244393)	(64.0, 0.15106268402022563)	(65.0, 0.10630337023645506)	(66.0, 0.07483197773224139)	(67.0, 0.05035422800674187)	(68.0, 0.02727520683698518)	(69.0, 0.023079021169756693)	(70.0, 0.02168029261401386)	(71.0, 0.009091735612328393)	(72.0, 0.009791099890199807)	(73.0, 0.0020980928336142447)	(74.0, 0.004196185667228489)	(75.0, 0.004895549945099904)	(76.0, 0.0020980928336142447)	(77.0, 0.0)	(78.0, 0.0006993642778714149)	(79.0, 0.0020980928336142447)	(80.0, 0.0)	(81.0, 0.0013987285557428297)	(82.0, 0.0020980928336142447)	(83.0, 0.0)	(84.0, 0.0)	(85.0, 0.0)	(86.0, 0.0)	(87.0, 0.0)	(88.0, 0.0006993642778714149)	(89.0, 0.0006993642778714149)	(90.0, 0.0006993642778714149)	(91.0, 0.0)	(92.0, 0.0006993642778714149)	(93.0, 0.0)	(94.0, 0.0)	(95.0, 0.0)	(96.0, 0.0)	(97.0, 0.0)	(98.0, 0.0)	(99.0, 0.0)	(100.0, 0.0)
2529R_0_F_NS1_week5_S53_L001_R1_001	(0.0, 0.0)	(1.0, 0.0)	(2.0, 0.0)	(3.0, 0.0)	(4.0, 0.0)	(5.0, 0.0)	(6.0, 0.0)	(7.0, 0.0)	(8.0, 0.0)	(9.0, 0.0)	(10.0, 0.0)	(11.0, 0.0)	(12.0, 0.0)	(13.0, 0.0)	(14.0, 0.0)	(15.0, 0.0)	(16.0, 0.0)	(17.0, 0.0)	(18.0, 0.0)	(19.0, 0.0)	(20.0, 0.0)	(21.0, 0.0)	(22.0, 0.0)	(23.0, 0.0)	(24.0, 0.0)	(25.0, 0.0)	(26.0, 0.0)	(27.0, 0.0)	(28.0, 0.0)	(29.0, 0.0)	(30.0, 0.0)	(31.0, 0.0)	(32.0, 0.0)	(33.0, 0.0)	(34.0, 0.0)	(35.0, 0.0)	(36.0, 0.0)	(37.0, 0.0)	(38.0, 0.0019475460919241754)	(39.0, 0.0019475460919241754)	(40.0, 0.0025967281225655675)	(41.0, 0.0012983640612827837)	(42.0, 0.006491820306413918)	(43.0, 0.011685276551545054)	(44.0, 0.01428200467411062)	(45.0, 0.03635419371591794)	(46.0, 0.7498052453908076)	(47.0, 9.037263048558817)	(48.0, 16.537263048558813)	(49.0, 32.56491820306414)	(50.0, 4.456634640353155)	(51.0, 1.700207738249805)	(52.0, 0.6803427681121786)	(53.0, 4.276162035834848)	(54.0, 19.827317579849392)	(55.0, 8.142690210334978)	(56.0, 0.6985198649701376)	(57.0, 0.3103090106465853)	(58.0, 0.18631524279407946)	(59.0, 0.2525318099195014)	(60.0, 0.09283303038171904)	(61.0, 0.062970656972215)	(62.0, 0.030511555440145416)	(63.0, 0.011685276551545054)	(64.0, 0.006491820306413918)	(65.0, 0.008439366398338094)	(66.0, 0.06816411321734614)	(67.0, 0.15515450532329264)	(68.0, 0.03635419371591794)	(69.0, 0.016878732796676187)	(70.0, 0.009088548428979486)	(71.0, 0.0038950921838483508)	(72.0, 0.0006491820306413919)	(73.0, 0.0)	(74.0, 0.0)	(75.0, 0.0)	(76.0, 0.0)	(77.0, 0.0)	(78.0, 0.0)	(79.0, 0.0)	(80.0, 0.0)	(81.0, 0.0)	(82.0, 0.0)	(83.0, 0.0)	(84.0, 0.0)	(85.0, 0.0)	(86.0, 0.0)	(87.0, 0.0)	(88.0, 0.0)	(89.0, 0.0)	(90.0, 0.0)	(91.0, 0.0)	(92.0, 0.0)	(93.0, 0.0)	(94.0, 0.0)	(95.0, 0.0)	(96.0, 0.0)	(97.0, 0.0)	(98.0, 0.0)	(99.0, 0.0)	(100.0, 0.0)
2529R_0_F_NS1_week5_S53_L001_R2_001	(0.0, 0.0)	(1.0, 0.0)	(2.0, 0.0)	(3.0, 0.0)	(4.0, 0.0)	(5.0, 0.0)	(6.0, 0.0)	(7.0, 0.0)	(8.0, 0.0)	(9.0, 0.0)	(10.0, 0.0)	(11.0, 0.0)	(12.0, 0.0006359853214587806)	(13.0, 0.0)	(14.0, 0.0)	(15.0, 0.0)	(16.0, 0.0)	(17.0, 0.0)	(18.0, 0.0)	(19.0, 0.0)	(20.0, 0.0006359853214587806)	(21.0, 0.0006359853214587806)	(22.0, 0.0)	(23.0, 0.0)	(24.0, 0.0)	(25.0, 0.0006359853214587806)	(26.0, 0.0)	(27.0, 0.0)	(28.0, 0.0)	(29.0, 0.0)	(30.0, 0.0006359853214587806)	(31.0, 0.0012719706429175613)	(32.0, 0.0)	(33.0, 0.0006359853214587806)	(34.0, 0.0006359853214587806)	(35.0, 0.0025439412858351226)	(36.0, 0.001907955964376342)	(37.0, 0.0031799266072939036)	(38.0, 0.004451897250211465)	(39.0, 0.005087882571670245)	(40.0, 0.007631823857505368)	(41.0, 0.013991677072093176)	(42.0, 0.03179926607293903)	(43.0, 0.03879510460898562)	(44.0, 0.06868641471754831)	(45.0, 0.1386448000780142)	(46.0, 0.5081522718455658)	(47.0, 1.4246071200676689)	(48.0, 5.520988575583676)	(49.0, 11.091584006241135)	(50.0, 19.65321840371924)	(51.0, 21.821928349893682)	(52.0, 4.050590512370975)	(53.0, 5.159112927673629)	(54.0, 5.914027504245201)	(55.0, 3.8820544021843975)	(56.0, 10.235547763557616)	(57.0, 6.752256157927874)	(58.0, 1.6313023495417724)	(59.0, 0.6296254682441929)	(60.0, 0.3065449249431323)	(61.0, 0.22450281847494957)	(62.0, 0.15708837440031884)	(63.0, 0.118929255112792)	(64.0, 0.08712998903985295)	(65.0, 0.08013415050380637)	(66.0, 0.06359853214587806)	(67.0, 0.09666976886173466)	(68.0, 0.11002546061236906)	(69.0, 0.06487050278879564)	(70.0, 0.031163280751480255)	(71.0, 0.01907955964376342)	(72.0, 0.008267809178964148)	(73.0, 0.008267809178964148)	(74.0, 0.0025439412858351226)	(75.0, 0.005723867893129026)	(76.0, 0.0025439412858351226)	(77.0, 0.0012719706429175613)	(78.0, 0.0025439412858351226)	(79.0, 0.0006359853214587806)	(80.0, 0.0)	(81.0, 0.0006359853214587806)	(82.0, 0.0012719706429175613)	(83.0, 0.0012719706429175613)	(84.0, 0.0006359853214587806)	(85.0, 0.0006359853214587806)	(86.0, 0.0)	(87.0, 0.0006359853214587806)	(88.0, 0.001907955964376342)	(89.0, 0.0012719706429175613)	(90.0, 0.0006359853214587806)	(91.0, 0.0)	(92.0, 0.0006359853214587806)	(93.0, 0.0)	(94.0, 0.0)	(95.0, 0.0)	(96.0, 0.0)	(97.0, 0.0)	(98.0, 0.0)	(99.0, 0.0006359853214587806)	(100.0, 0.0008479804286117077)
2529R_0_F_NS1_week9_S74_L001_R1_001	(0.0, 0.0)	(1.0, 0.0)	(2.0, 0.0)	(3.0, 0.0)	(4.0, 0.0)	(5.0, 0.0)	(6.0, 0.0)	(7.0, 0.0)	(8.0, 0.0)	(9.0, 0.0)	(10.0, 0.0)	(11.0, 0.0)	(12.0, 0.0)	(13.0, 0.0)	(14.0, 0.0)	(15.0, 0.0)	(16.0, 0.0)	(17.0, 0.0)	(18.0, 0.0)	(19.0, 0.0)	(20.0, 0.0)	(21.0, 0.0)	(22.0, 0.0)	(23.0, 0.0)	(24.0, 0.0)	(25.0, 0.0)	(26.0, 0.0)	(27.0, 0.0)	(28.0, 0.0)	(29.0, 0.0)	(30.0, 0.0)	(31.0, 0.0)	(32.0, 0.0)	(33.0, 0.0)	(34.0, 0.0)	(35.0, 0.0)	(36.0, 0.0)	(37.0, 0.0)	(38.0, 0.0)	(39.0, 0.0)	(40.0, 0.0)	(41.0, 0.0)	(42.0, 0.0007321340976813314)	(43.0, 0.004392804586087987)	(44.0, 0.005857072781450651)	(45.0, 0.019767620637395945)	(46.0, 0.8807573195106416)	(47.0, 15.01899887983483)	(48.0, 15.6947586519947)	(49.0, 17.408684574666697)	(50.0, 4.6651584704254425)	(51.0, 2.041921998433233)	(52.0, 0.5439756345772292)	(53.0, 4.994618814382043)	(54.0, 27.27712007731336)	(55.0, 9.51335046527122)	(56.0, 0.7848477527143871)	(57.0, 0.3367816849334124)	(58.0, 0.17351578115047553)	(59.0, 0.234282911258026)	(60.0, 0.10396304187074905)	(61.0, 0.06223139830291316)	(62.0, 0.032213900297978576)	(63.0, 0.013910547855945296)	(64.0, 0.005857072781450651)	(65.0, 0.0036606704884066562)	(66.0, 0.032213900297978576)	(67.0, 0.10103450548002373)	(68.0, 0.019035486539714614)	(69.0, 0.014642681953626625)	(70.0, 0.0073213409768133125)	(71.0, 0.0036606704884066562)	(72.0, 0.0007321340976813314)	(73.0, 0.0)	(74.0, 0.0)	(75.0, 0.0)	(76.0, 0.0)	(77.0, 0.0)	(78.0, 0.0)	(79.0, 0.0)	(80.0, 0.0)	(81.0, 0.0)	(82.0, 0.0)	(83.0, 0.0)	(84.0, 0.0)	(85.0, 0.0)	(86.0, 0.0)	(87.0, 0.0)	(88.0, 0.0)	(89.0, 0.0)	(90.0, 0.0)	(91.0, 0.0)	(92.0, 0.0)	(93.0, 0.0)	(94.0, 0.0)	(95.0, 0.0)	(96.0, 0.0)	(97.0, 0.0)	(98.0, 0.0)	(99.0, 0.0)	(100.0, 0.0)
2529R_0_F_NS1_week9_S74_L001_R2_001	(0.0, 0.0)	(1.0, 0.0)	(2.0, 0.0)	(3.0, 0.0)	(4.0, 0.0)	(5.0, 0.0)	(6.0, 0.0)	(7.0, 0.0)	(8.0, 0.0)	(9.0, 0.0)	(10.0, 0.0)	(11.0, 0.0)	(12.0, 0.0)	(13.0, 0.0)	(14.0, 0.0)	(15.0, 0.0)	(16.0, 0.0)	(17.0, 0.0)	(18.0, 0.0)	(19.0, 0.0)	(20.0, 0.0)	(21.0, 0.0)	(22.0, 0.0)	(23.0, 0.0)	(24.0, 0.0007243437445674219)	(25.0, 0.0)	(26.0, 0.0)	(27.0, 0.0)	(28.0, 0.0)	(29.0, 0.0)	(30.0, 0.0)	(31.0, 0.0)	(32.0, 0.0)	(33.0, 0.0007243437445674219)	(34.0, 0.0007243437445674219)	(35.0, 0.0007243437445674219)	(36.0, 0.0014486874891348439)	(37.0, 0.0021730312337022656)	(38.0, 0.0028973749782696878)	(39.0, 0.007243437445674219)	(40.0, 0.010865156168511329)	(41.0, 0.013762531146781018)	(42.0, 0.03042243727183172)	(43.0, 0.046357999652315005)	(44.0, 0.08185084313611868)	(45.0, 0.17239381120704642)	(46.0, 0.7525931506055514)	(47.0, 2.0390276409572925)	(48.0, 6.687141449846439)	(49.0, 14.709972764675205)	(50.0, 15.294518166541113)	(51.0, 10.414614359390391)	(52.0, 3.395723474532074)	(53.0, 5.9070232369473255)	(54.0, 6.7943443240424175)	(55.0, 5.273222460450831)	(56.0, 14.544822390913831)	(57.0, 9.40922524193081)	(58.0, 2.2461899519035753)	(59.0, 0.7199976821000174)	(60.0, 0.38462652836530103)	(61.0, 0.24844990438662573)	(62.0, 0.1752911861853161)	(63.0, 0.13762531146781018)	(64.0, 0.09344034304919743)	(65.0, 0.08112649939155125)	(66.0, 0.06301790577736571)	(67.0, 0.07098568696760735)	(68.0, 0.06808831198933765)	(69.0, 0.04853103088601727)	(70.0, 0.01810859361418555)	(71.0, 0.009416468679376485)	(72.0, 0.0057947499565393756)	(73.0, 0.006519093701106797)	(74.0, 0.0028973749782696878)	(75.0, 0.0057947499565393756)	(76.0, 0.0036217187228371095)	(77.0, 0.0028973749782696878)	(78.0, 0.0007243437445674219)	(79.0, 0.0)	(80.0, 0.0007243437445674219)	(81.0, 0.0021730312337022656)	(82.0, 0.0007243437445674219)	(83.0, 0.0014486874891348439)	(84.0, 0.0)	(85.0, 0.0)	(86.0, 0.0)	(87.0, 0.0014486874891348439)	(88.0, 0.0014486874891348439)	(89.0, 0.0)	(90.0, 0.0007243437445674219)	(91.0, 0.0)	(92.0, 0.0)	(93.0, 0.0007243437445674219)	(94.0, 0.0007243437445674219)	(95.0, 0.0)	(96.0, 0.0)	(97.0, 0.0007243437445674219)	(98.0, 0.0007243437445674219)	(99.0, 0.0007243437445674219)	(100.0, 0.0)
2529R_L_F_NS1_diabetes_S26_L001_R1_001	(0.0, 0.0)	(1.0, 0.0)	(2.0, 0.0)	(3.0, 0.0)	(4.0, 0.0)	(5.0, 0.0)	(6.0, 0.0)	(7.0, 0.0)	(8.0, 0.0)	(9.0, 0.0)	(10.0, 0.0)	(11.0, 0.0)	(12.0, 0.0)	(13.0, 0.0)	(14.0, 0.0)	(15.0, 0.0)	(16.0, 0.0)	(17.0, 0.0)	(18.0, 0.0)	(19.0, 0.0)	(20.0, 0.0)	(21.0, 0.0)	(22.0, 0.0)	(23.0, 0.0)	(24.0, 0.0)	(25.0, 0.0)	(26.0, 0.0)	(27.0, 0.0)	(28.0, 0.0)	(29.0, 0.0)	(30.0, 0.0)	(31.0, 0.0)	(32.0, 0.0)	(33.0, 0.0)	(34.0, 0.0)	(35.0, 0.0)	(36.0, 0.0)	(37.0, 0.0)	(38.0, 0.0)	(39.0, 0.0)	(40.0, 0.0008720372534314666)	(41.0, 0.001744074506862933)	(42.0, 0.003488149013725866)	(43.0, 0.008720372534314666)	(44.0, 0.008720372534314666)	(45.0, 0.022672968589218134)	(46.0, 0.9444163454662783)	(47.0, 14.012766625390235)	(48.0, 14.945846486561907)	(49.0, 20.429216736138965)	(50.0, 5.051711809128486)	(51.0, 2.0832969984477736)	(52.0, 0.7368714791495893)	(53.0, 6.5141182831330555)	(54.0, 24.571393689938432)	(55.0, 8.647121405026423)	(56.0, 0.7578003732319445)	(57.0, 0.3505589758794496)	(58.0, 0.17963967420688212)	(59.0, 0.2249856113853184)	(60.0, 0.09592409787746133)	(61.0, 0.0549383469661824)	(62.0, 0.0287772293632384)	(63.0, 0.0104644470411776)	(64.0, 0.0052322235205888)	(65.0, 0.004360186267157333)	(66.0, 0.06104260774020266)	(67.0, 0.17440745068629332)	(68.0, 0.04883408619216213)	(69.0, 0.011336484294609067)	(70.0, 0.0052322235205888)	(71.0, 0.0026161117602944)	(72.0, 0.0008720372534314666)	(73.0, 0.0)	(74.0, 0.0)	(75.0, 0.0)	(76.0, 0.0)	(77.0, 0.0)	(78.0, 0.0)	(79.0, 0.0)	(80.0, 0.0)	(81.0, 0.0)	(82.0, 0.0)	(83.0, 0.0)	(84.0, 0.0)	(85.0, 0.0)	(86.0, 0.0)	(87.0, 0.0)	(88.0, 0.0)	(89.0, 0.0)	(90.0, 0.0)	(91.0, 0.0)	(92.0, 0.0)	(93.0, 0.0)	(94.0, 0.0)	(95.0, 0.0)	(96.0, 0.0)	(97.0, 0.0)	(98.0, 0.0)	(99.0, 0.0)	(100.0, 0.0)
2529R_L_F_NS1_diabetes_S26_L001_R2_001	(0.0, 0.0)	(1.0, 0.0)	(2.0, 0.0)	(3.0, 0.0)	(4.0, 0.0)	(5.0, 0.0)	(6.0, 0.0)	(7.0, 0.0)	(8.0, 0.0)	(9.0, 0.0)	(10.0, 0.0)	(11.0, 0.0)	(12.0, 0.0)	(13.0, 0.0)	(14.0, 0.0)	(15.0, 0.0)	(16.0, 0.0)	(17.0, 0.0)	(18.0, 0.000858081843846266)	(19.0, 0.000858081843846266)	(20.0, 0.001716163687692532)	(21.0, 0.000858081843846266)	(22.0, 0.000858081843846266)	(23.0, 0.0)	(24.0, 0.000858081843846266)	(25.0, 0.0)	(26.0, 0.0)	(27.0, 0.0)	(28.0, 0.0)	(29.0, 0.001716163687692532)	(30.0, 0.000858081843846266)	(31.0, 0.0)	(32.0, 0.0)	(33.0, 0.000858081843846266)	(34.0, 0.000858081843846266)	(35.0, 0.0)	(36.0, 0.002574245531538798)	(37.0, 0.007722736594616394)	(38.0, 0.00858081843846266)	(39.0, 0.006006572906923862)	(40.0, 0.007722736594616394)	(41.0, 0.015445473189232789)	(42.0, 0.02831670084692678)	(43.0, 0.04633641956769837)	(44.0, 0.09095667544770421)	(45.0, 0.20679772436695013)	(46.0, 0.7336599764885575)	(47.0, 1.8560310282394736)	(48.0, 6.939307871184754)	(49.0, 13.794523721672572)	(50.0, 15.909695466753618)	(51.0, 12.581195994473953)	(52.0, 4.267241009447481)	(53.0, 6.999373600253993)	(54.0, 7.370923038639425)	(55.0, 5.5672350028745745)	(56.0, 11.787470288916156)	(57.0, 7.168415723491707)	(58.0, 1.850882537176396)	(59.0, 0.7817125597439485)	(60.0, 0.45049296801928973)	(61.0, 0.3200645277546572)	(62.0, 0.25141798024695594)	(63.0, 0.18191335089540842)	(64.0, 0.13214460395232497)	(65.0, 0.1184152944507847)	(66.0, 0.1012536575738594)	(67.0, 0.10897639416847578)	(68.0, 0.11240872154386085)	(69.0, 0.06950462935154755)	(70.0, 0.0429040921923133)	(71.0, 0.015445473189232789)	(72.0, 0.014587391345386523)	(73.0, 0.007722736594616394)	(74.0, 0.006864654750770128)	(75.0, 0.006864654750770128)	(76.0, 0.006006572906923862)	(77.0, 0.002574245531538798)	(78.0, 0.000858081843846266)	(79.0, 0.001716163687692532)	(80.0, 0.000858081843846266)	(81.0, 0.002574245531538798)	(82.0, 0.001716163687692532)	(83.0, 0.000858081843846266)	(84.0, 0.000858081843846266)	(85.0, 0.000858081843846266)	(86.0, 0.000858081843846266)	(87.0, 0.0)	(88.0, 0.0)	(89.0, 0.0)	(90.0, 0.000858081843846266)	(91.0, 0.0)	(92.0, 0.0)	(93.0, 0.0)	(94.0, 0.0)	(95.0, 0.0)	(96.0, 0.0)	(97.0, 0.0)	(98.0, 0.0)	(99.0, 0.0)	(100.0, 0.0)
2529R_L_F_NS1_week5_S54_L001_R1_001	(0.0, 0.0)	(1.0, 0.0)	(2.0, 0.0)	(3.0, 0.0)	(4.0, 0.0)	(5.0, 0.0)	(6.0, 0.0)	(7.0, 0.0)	(8.0, 0.0)	(9.0, 0.0)	(10.0, 0.0)	(11.0, 0.0)	(12.0, 0.0)	(13.0, 0.0)	(14.0, 0.0)	(15.0, 0.0)	(16.0, 0.0)	(17.0, 0.0)	(18.0, 0.0)	(19.0, 0.0)	(20.0, 0.0)	(21.0, 0.0)	(22.0, 0.0)	(23.0, 0.0)	(24.0, 0.0)	(25.0, 0.0)	(26.0, 0.0)	(27.0, 0.0)	(28.0, 0.0)	(29.0, 0.0)	(30.0, 0.0)	(31.0, 0.0)	(32.0, 0.0)	(33.0, 0.0)	(34.0, 0.0)	(35.0, 0.0)	(36.0, 0.0)	(37.0, 0.0)	(38.0, 0.0007571283635427551)	(39.0, 0.0015142567270855101)	(40.0, 0.002271385090628265)	(41.0, 0.0007571283635427551)	(42.0, 0.00454277018125653)	(43.0, 0.0060570269083420405)	(44.0, 0.00908554036251306)	(45.0, 0.03179939126879571)	(46.0, 1.2288193340298914)	(47.0, 13.558654734323659)	(48.0, 16.729508320840715)	(49.0, 28.557367616105633)	(50.0, 4.489771195808538)	(51.0, 1.70656733142537)	(52.0, 0.5867744817456351)	(53.0, 4.540498796165902)	(54.0, 19.63763836520844)	(55.0, 6.830812095882736)	(56.0, 0.6617301897363679)	(57.0, 0.2975514468723027)	(58.0, 0.1938248610669453)	(59.0, 0.35736458759218037)	(60.0, 0.11659776798558427)	(61.0, 0.050727600357364594)	(62.0, 0.021956722542739896)	(63.0, 0.007571283635427551)	(64.0, 0.00454277018125653)	(65.0, 0.008328411998970305)	(66.0, 0.08479837671678855)	(67.0, 0.20821029997425763)	(68.0, 0.0454277018125653)	(69.0, 0.011356925453141325)	(70.0, 0.00454277018125653)	(71.0, 0.0015142567270855101)	(72.0, 0.0007571283635427551)	(73.0, 0.0)	(74.0, 0.0)	(75.0, 0.0)	(76.0, 0.0)	(77.0, 0.0)	(78.0, 0.0)	(79.0, 0.0)	(80.0, 0.0)	(81.0, 0.0)	(82.0, 0.0)	(83.0, 0.0)	(84.0, 0.0)	(85.0, 0.0)	(86.0, 0.0)	(87.0, 0.0)	(88.0, 0.0)	(89.0, 0.0)	(90.0, 0.0)	(91.0, 0.0)	(92.0, 0.0)	(93.0, 0.0)	(94.0, 0.0)	(95.0, 0.0)	(96.0, 0.0)	(97.0, 0.0)	(98.0, 0.0)	(99.0, 0.0)	(100.0, 0.0)
2529R_L_F_NS1_week5_S54_L001_R2_001	(0.0, 0.0)	(1.0, 0.0)	(2.0, 0.0)	(3.0, 0.0)	(4.0, 0.0)	(5.0, 0.0)	(6.0, 0.0)	(7.0, 0.0)	(8.0, 0.0)	(9.0, 0.0)	(10.0, 0.0)	(11.0, 0.0)	(12.0, 0.0)	(13.0, 0.0)	(14.0, 0.0)	(15.0, 0.0014863037113003671)	(16.0, 0.0)	(17.0, 0.0)	(18.0, 0.0)	(19.0, 0.0007431518556501836)	(20.0, 0.0)	(21.0, 0.0)	(22.0, 0.0)	(23.0, 0.0)	(24.0, 0.0)	(25.0, 0.0)	(26.0, 0.0)	(27.0, 0.0)	(28.0, 0.0)	(29.0, 0.0)	(30.0, 0.0)	(31.0, 0.0)	(32.0, 0.0007431518556501836)	(33.0, 0.0022294555669505507)	(34.0, 0.0007431518556501836)	(35.0, 0.0014863037113003671)	(36.0, 0.0044589111339011014)	(37.0, 0.003715759278250918)	(38.0, 0.005945214845201469)	(39.0, 0.0044589111339011014)	(40.0, 0.008917822267802203)	(41.0, 0.01263358154605312)	(42.0, 0.026010314947756425)	(43.0, 0.039387048349459726)	(44.0, 0.07357203370936817)	(45.0, 0.17464068607779315)	(46.0, 0.7907135744117954)	(47.0, 1.850448120568957)	(48.0, 7.12385368826266)	(49.0, 13.48449042077258)	(50.0, 17.940428947251082)	(51.0, 18.932536674544075)	(52.0, 4.020451539067493)	(53.0, 5.554316969129472)	(54.0, 6.217951576225086)	(55.0, 3.950595264636376)	(56.0, 9.799200368603321)	(57.0, 6.327194899005663)	(58.0, 1.6215573490287005)	(59.0, 0.6012098512209985)	(60.0, 0.3084080200948262)	(61.0, 0.18355850834559534)	(62.0, 0.1672091675212913)	(63.0, 0.11890429690402937)	(64.0, 0.09735289309017404)	(65.0, 0.06391105958591578)	(66.0, 0.07059942628676744)	(67.0, 0.1085001709249268)	(68.0, 0.1397125488622345)	(69.0, 0.07208572999806781)	(70.0, 0.028239770514706972)	(71.0, 0.014119885257353486)	(72.0, 0.01040412597910257)	(73.0, 0.009660974123452386)	(74.0, 0.007431518556501836)	(75.0, 0.005202062989551285)	(76.0, 0.003715759278250918)	(77.0, 0.0029726074226007343)	(78.0, 0.0029726074226007343)	(79.0, 0.0014863037113003671)	(80.0, 0.0014863037113003671)	(81.0, 0.0014863037113003671)	(82.0, 0.0007431518556501836)	(83.0, 0.0007431518556501836)	(84.0, 0.0)	(85.0, 0.0007431518556501836)	(86.0, 0.0007431518556501836)	(87.0, 0.0)	(88.0, 0.0)	(89.0, 0.0)	(90.0, 0.0)	(91.0, 0.0007431518556501836)	(92.0, 0.0)	(93.0, 0.0007431518556501836)	(94.0, 0.0)	(95.0, 0.0)	(96.0, 0.0)	(97.0, 0.0)	(98.0, 0.0)	(99.0, 0.0)	(100.0, 0.0)
2529R_L_F_NS1_week9_S75_L001_R1_001	(0.0, 0.0)	(1.0, 0.0)	(2.0, 0.0)	(3.0, 0.0)	(4.0, 0.0)	(5.0, 0.0)	(6.0, 0.0)	(7.0, 0.0)	(8.0, 0.0)	(9.0, 0.0)	(10.0, 0.0)	(11.0, 0.0)	(12.0, 0.0)	(13.0, 0.0)	(14.0, 0.0)	(15.0, 0.0)	(16.0, 0.0)	(17.0, 0.0)	(18.0, 0.0)	(19.0, 0.0)	(20.0, 0.0)	(21.0, 0.0)	(22.0, 0.0)	(23.0, 0.0)	(24.0, 0.0)	(25.0, 0.0)	(26.0, 0.0)	(27.0, 0.0)	(28.0, 0.0)	(29.0, 0.0)	(30.0, 0.0)	(31.0, 0.0)	(32.0, 0.0)	(33.0, 0.0)	(34.0, 0.0)	(35.0, 0.0)	(36.0, 0.0)	(37.0, 0.0)	(38.0, 0.0)	(39.0, 0.0007764095715771984)	(40.0, 0.0)	(41.0, 0.0015528191431543967)	(42.0, 0.002329228714731595)	(43.0, 0.006211276572617587)	(44.0, 0.012422553145235174)	(45.0, 0.03338561157781953)	(46.0, 1.072221618348111)	(47.0, 15.528967841115545)	(48.0, 16.04295097749965)	(49.0, 17.128371558564574)	(50.0, 4.913896178512089)	(51.0, 2.148325284554108)	(52.0, 0.610257923259678)	(53.0, 5.7826984891069735)	(54.0, 26.118417987856958)	(55.0, 8.695010792093045)	(56.0, 0.7243901302815261)	(57.0, 0.31677510520349694)	(58.0, 0.16304601003121166)	(59.0, 0.24922747247628066)	(60.0, 0.11102656873553937)	(61.0, 0.060559946583021475)	(62.0, 0.01941023928942996)	(63.0, 0.008540505287349183)	(64.0, 0.008540505287349183)	(65.0, 0.0054348670010403895)	(66.0, 0.03726765943570552)	(67.0, 0.13820090374074132)	(68.0, 0.03571484029255113)	(69.0, 0.011646143573657976)	(70.0, 0.0038820478578859923)	(71.0, 0.0054348670010403895)	(72.0, 0.0007764095715771984)	(73.0, 0.0007764095715771984)	(74.0, 0.0007764095715771984)	(75.0, 0.0007764095715771984)	(76.0, 0.0)	(77.0, 0.0)	(78.0, 0.0)	(79.0, 0.0)	(80.0, 0.0)	(81.0, 0.0)	(82.0, 0.0)	(83.0, 0.0)	(84.0, 0.0)	(85.0, 0.0)	(86.0, 0.0)	(87.0, 0.0)	(88.0, 0.0)	(89.0, 0.0)	(90.0, 0.0)	(91.0, 0.0)	(92.0, 0.0)	(93.0, 0.0)	(94.0, 0.0)	(95.0, 0.0)	(96.0, 0.0)	(97.0, 0.0)	(98.0, 0.0)	(99.0, 0.0)	(100.0, 0.0)
2529R_L_F_NS1_week9_S75_L001_R2_001	(0.0, 0.0)	(1.0, 0.0)	(2.0, 0.0)	(3.0, 0.0)	(4.0, 0.0)	(5.0, 0.0)	(6.0, 0.0007658961751145015)	(7.0, 0.0007658961751145015)	(8.0, 0.0)	(9.0, 0.0)	(10.0, 0.0)	(11.0, 0.0)	(12.0, 0.0)	(13.0, 0.0)	(14.0, 0.0)	(15.0, 0.0)	(16.0, 0.0)	(17.0, 0.0)	(18.0, 0.0)	(19.0, 0.0)	(20.0, 0.0)	(21.0, 0.0)	(22.0, 0.0)	(23.0, 0.0)	(24.0, 0.0)	(25.0, 0.0)	(26.0, 0.0)	(27.0, 0.0)	(28.0, 0.0)	(29.0, 0.001531792350229003)	(30.0, 0.0)	(31.0, 0.0007658961751145015)	(32.0, 0.0007658961751145015)	(33.0, 0.0)	(34.0, 0.0022976885253435044)	(35.0, 0.001531792350229003)	(36.0, 0.0022976885253435044)	(37.0, 0.0022976885253435044)	(38.0, 0.003063584700458006)	(39.0, 0.003063584700458006)	(40.0, 0.006127169400916012)	(41.0, 0.018381508202748035)	(42.0, 0.02221098907832054)	(43.0, 0.040592497281068576)	(44.0, 0.06127169400916012)	(45.0, 0.15011565032244228)	(46.0, 0.7796823062665625)	(47.0, 2.10468268921465)	(48.0, 7.05773325368013)	(49.0, 15.055221114225755)	(50.0, 14.074874010079194)	(51.0, 10.843558047271113)	(52.0, 3.6923854602270114)	(53.0, 6.841750532297841)	(54.0, 8.062589035430356)	(55.0, 5.40033393073235)	(56.0, 13.222431567176754)	(57.0, 8.381967740453105)	(58.0, 1.9806075088461008)	(59.0, 0.7276013663587764)	(60.0, 0.3599712023038157)	(61.0, 0.23513012576015196)	(62.0, 0.18151739350213686)	(63.0, 0.13632951917038125)	(64.0, 0.08807806013816767)	(65.0, 0.07735551368656465)	(66.0, 0.07122834428564864)	(67.0, 0.06969655193541964)	(68.0, 0.08501447543770967)	(69.0, 0.05667631695847311)	(70.0, 0.03752891258061057)	(71.0, 0.017615612027633534)	(72.0, 0.01072254645160302)	(73.0, 0.004595377050687009)	(74.0, 0.006127169400916012)	(75.0, 0.003063584700458006)	(76.0, 0.0)	(77.0, 0.0022976885253435044)	(78.0, 0.00536127322580151)	(79.0, 0.003063584700458006)	(80.0, 0.0007658961751145015)	(81.0, 0.0007658961751145015)	(82.0, 0.0007658961751145015)	(83.0, 0.0)	(84.0, 0.0007658961751145015)	(85.0, 0.0007658961751145015)	(86.0, 0.0007658961751145015)	(87.0, 0.0)	(88.0, 0.0)	(89.0, 0.0007658961751145015)	(90.0, 0.0)	(91.0, 0.0)	(92.0, 0.0)	(93.0, 0.0)	(94.0, 0.0)	(95.0, 0.0)	(96.0, 0.0)	(97.0, 0.0)	(98.0, 0.0)	(99.0, 0.0)	(100.0, 0.0)
2529R_NS1_week22_S37_L001_R1_001	(0.0, 0.0)	(1.0, 0.0)	(2.0, 0.0)	(3.0, 0.0)	(4.0, 0.0)	(5.0, 0.0)	(6.0, 0.0)	(7.0, 0.0)	(8.0, 0.0)	(9.0, 0.0)	(10.0, 0.0)	(11.0, 0.0)	(12.0, 0.0)	(13.0, 0.0)	(14.0, 0.0)	(15.0, 0.0)	(16.0, 0.0)	(17.0, 0.0)	(18.0, 0.0)	(19.0, 0.0)	(20.0, 0.0)	(21.0, 0.0)	(22.0, 0.0)	(23.0, 0.0)	(24.0, 0.0)	(25.0, 0.0)	(26.0, 0.0)	(27.0, 0.0)	(28.0, 0.0)	(29.0, 0.0)	(30.0, 0.0)	(31.0, 0.0)	(32.0, 0.0)	(33.0, 0.0)	(34.0, 0.0)	(35.0, 0.0)	(36.0, 0.000721479899569998)	(37.0, 0.001442959799139996)	(38.0, 0.0)	(39.0, 0.000721479899569998)	(40.0, 0.002164439698709994)	(41.0, 0.002164439698709994)	(42.0, 0.002885919598279992)	(43.0, 0.005050359296989986)	(44.0, 0.010100718593979973)	(45.0, 0.04040287437591989)	(46.0, 1.079333929756717)	(47.0, 17.9828864967822)	(48.0, 18.4157744365242)	(49.0, 18.50163054457303)	(50.0, 5.002741623618366)	(51.0, 2.255346166055814)	(52.0, 0.6226371533289082)	(53.0, 4.601598799457447)	(54.0, 21.496493607688087)	(55.0, 8.065423797293008)	(56.0, 0.6478889498138581)	(57.0, 0.2604542437447693)	(58.0, 0.15223225880926955)	(59.0, 0.16738333670023953)	(60.0, 0.08513462814925976)	(61.0, 0.12914490202302964)	(62.0, 0.04184583417505988)	(63.0, 0.015151077890969958)	(64.0, 0.005050359296989986)	(65.0, 0.002164439698709994)	(66.0, 0.08441314824968976)	(67.0, 0.23880984675766934)	(68.0, 0.054110992467749856)	(69.0, 0.013708118091829962)	(70.0, 0.009379238694409974)	(71.0, 0.002885919598279992)	(72.0, 0.000721479899569998)	(73.0, 0.0)	(74.0, 0.0)	(75.0, 0.0)	(76.0, 0.0)	(77.0, 0.0)	(78.0, 0.0)	(79.0, 0.0)	(80.0, 0.0)	(81.0, 0.0)	(82.0, 0.0)	(83.0, 0.0)	(84.0, 0.0)	(85.0, 0.0)	(86.0, 0.0)	(87.0, 0.0)	(88.0, 0.0)	(89.0, 0.0)	(90.0, 0.0)	(91.0, 0.0)	(92.0, 0.0)	(93.0, 0.0)	(94.0, 0.0)	(95.0, 0.0)	(96.0, 0.0)	(97.0, 0.0)	(98.0, 0.0)	(99.0, 0.0)	(100.0, 0.0)
2529R_NS1_week22_S37_L001_R2_001	(0.0, 0.0)	(1.0, 0.0)	(2.0, 0.0)	(3.0, 0.0)	(4.0, 0.0)	(5.0, 0.0)	(6.0, 0.0)	(7.0, 0.0)	(8.0, 0.0)	(9.0, 0.0)	(10.0, 0.0)	(11.0, 0.0)	(12.0, 0.0)	(13.0, 0.0)	(14.0, 0.0)	(15.0, 0.0)	(16.0, 0.0)	(17.0, 0.0)	(18.0, 0.0)	(19.0, 0.0)	(20.0, 0.0)	(21.0, 0.0)	(22.0, 0.0)	(23.0, 0.0)	(24.0, 0.0)	(25.0, 0.0)	(26.0, 0.0)	(27.0, 0.0)	(28.0, 0.0)	(29.0, 0.0)	(30.0, 0.0)	(31.0, 0.000716019504371299)	(32.0, 0.0)	(33.0, 0.0)	(34.0, 0.0)	(35.0, 0.0)	(36.0, 0.0)	(37.0, 0.0021480585131138973)	(38.0, 0.0035800975218564955)	(39.0, 0.0021480585131138973)	(40.0, 0.00787621454808429)	(41.0, 0.010024273061198186)	(42.0, 0.02148058513113897)	(43.0, 0.03723301422730755)	(44.0, 0.050837384810362235)	(45.0, 0.14535195938737372)	(46.0, 0.7954976693565133)	(47.0, 2.246153185212765)	(48.0, 7.6614086967729005)	(49.0, 17.196640436485488)	(50.0, 16.585875799256772)	(51.0, 12.058484473117048)	(52.0, 3.138313487659404)	(53.0, 5.601420582696673)	(54.0, 7.054940176570409)	(55.0, 4.650546680891587)	(56.0, 11.446287796879586)	(57.0, 7.619879565519365)	(58.0, 1.6153400018616506)	(59.0, 0.5549151158877568)	(60.0, 0.2878398407572622)	(61.0, 0.22411410486821662)	(62.0, 0.18043691510156737)	(63.0, 0.12387137425623473)	(64.0, 0.0844903015158133)	(65.0, 0.06658981390653082)	(66.0, 0.06444175539341691)	(67.0, 0.12530341326497735)	(68.0, 0.1596723494747997)	(69.0, 0.08091020399395679)	(70.0, 0.03436893620982236)	(71.0, 0.024344663148624168)	(72.0, 0.007160195043712991)	(73.0, 0.004296117026227795)	(74.0, 0.0021480585131138973)	(75.0, 0.001432039008742598)	(76.0, 0.002864078017485196)	(77.0, 0.0035800975218564955)	(78.0, 0.0021480585131138973)	(79.0, 0.001432039008742598)	(80.0, 0.0035800975218564955)	(81.0, 0.0021480585131138973)	(82.0, 0.001432039008742598)	(83.0, 0.0)	(84.0, 0.0)	(85.0, 0.000716019504371299)	(86.0, 0.0)	(87.0, 0.0)	(88.0, 0.000716019504371299)	(89.0, 0.0)	(90.0, 0.0)	(91.0, 0.000716019504371299)	(92.0, 0.000716019504371299)	(93.0, 0.0)	(94.0, 0.0)	(95.0, 0.000716019504371299)	(96.0, 0.0)	(97.0, 0.0)	(98.0, 0.000716019504371299)	(99.0, 0.0)	(100.0, 0.0)
2529R_RL_F_NS1_week5_S55_L001_R1_001	(0.0, 0.0)	(1.0, 0.0)	(2.0, 0.0)	(3.0, 0.0)	(4.0, 0.0)	(5.0, 0.0)	(6.0, 0.0)	(7.0, 0.0)	(8.0, 0.0)	(9.0, 0.0)	(10.0, 0.0)	(11.0, 0.0)	(12.0, 0.0)	(13.0, 0.0)	(14.0, 0.0)	(15.0, 0.0)	(16.0, 0.0)	(17.0, 0.0)	(18.0, 0.0)	(19.0, 0.0)	(20.0, 0.0)	(21.0, 0.0)	(22.0, 0.0)	(23.0, 0.0)	(24.0, 0.0)	(25.0, 0.0)	(26.0, 0.0)	(27.0, 0.0)	(28.0, 0.0)	(29.0, 0.0)	(30.0, 0.0)	(31.0, 0.0)	(32.0, 0.0)	(33.0, 0.0)	(34.0, 0.0)	(35.0, 0.0)	(36.0, 0.0)	(37.0, 0.0)	(38.0, 0.000690894016857814)	(39.0, 0.0)	(40.0, 0.000690894016857814)	(41.0, 0.002072682050573442)	(42.0, 0.004145364101146884)	(43.0, 0.00690894016857814)	(44.0, 0.009672516236009397)	(45.0, 0.02210860853945005)	(46.0, 0.7903827552853392)	(47.0, 11.134447975680532)	(48.0, 16.16968357054028)	(49.0, 30.020726820505732)	(50.0, 5.073925659803786)	(51.0, 2.0298466215282573)	(52.0, 0.6452950117451983)	(53.0, 4.19718115241122)	(54.0, 19.22274423103496)	(55.0, 8.865552024319468)	(56.0, 0.7703468287964625)	(57.0, 0.29915710929943345)	(58.0, 0.1526875777255769)	(59.0, 0.1685781401133066)	(60.0, 0.06978029570263922)	(61.0, 0.0497443692137626)	(62.0, 0.023490396573165675)	(63.0, 0.009672516236009397)	(64.0, 0.004145364101146884)	(65.0, 0.004836258118004698)	(66.0, 0.05319883929805168)	(67.0, 0.13886969738842062)	(68.0, 0.03523559485974852)	(69.0, 0.01727235042144535)	(70.0, 0.004145364101146884)	(71.0, 0.001381788033715628)	(72.0, 0.0)	(73.0, 0.000690894016857814)	(74.0, 0.000690894016857814)	(75.0, 0.0)	(76.0, 0.0)	(77.0, 0.0)	(78.0, 0.0)	(79.0, 0.0)	(80.0, 0.0)	(81.0, 0.0)	(82.0, 0.0)	(83.0, 0.0)	(84.0, 0.0)	(85.0, 0.0)	(86.0, 0.0)	(87.0, 0.0)	(88.0, 0.0)	(89.0, 0.0)	(90.0, 0.0)	(91.0, 0.0)	(92.0, 0.0)	(93.0, 0.0)	(94.0, 0.0)	(95.0, 0.0)	(96.0, 0.0)	(97.0, 0.0)	(98.0, 0.0)	(99.0, 0.0)	(100.0, 0.0)
2529R_RL_F_NS1_week5_S55_L001_R2_001	(0.0, 0.0)	(1.0, 0.0)	(2.0, 0.0)	(3.0, 0.0)	(4.0, 0.0)	(5.0, 0.0)	(6.0, 0.0)	(7.0, 0.0)	(8.0, 0.0)	(9.0, 0.0)	(10.0, 0.0)	(11.0, 0.0)	(12.0, 0.0)	(13.0, 0.0)	(14.0, 0.0)	(15.0, 0.0)	(16.0, 0.0)	(17.0, 0.0)	(18.0, 0.0)	(19.0, 0.0)	(20.0, 0.0)	(21.0, 0.0)	(22.0, 0.0)	(23.0, 0.0)	(24.0, 0.0)	(25.0, 0.0)	(26.0, 0.0)	(27.0, 0.0)	(28.0, 0.0)	(29.0, 0.0)	(30.0, 0.0)	(31.0, 0.0)	(32.0, 0.0006792463082963144)	(33.0, 0.0)	(34.0, 0.0006792463082963144)	(35.0, 0.0027169852331852574)	(36.0, 0.0006792463082963144)	(37.0, 0.0027169852331852574)	(38.0, 0.0027169852331852574)	(39.0, 0.004075477849777886)	(40.0, 0.005433970466370515)	(41.0, 0.010188694624444716)	(42.0, 0.025132113406963634)	(43.0, 0.03192457648992678)	(44.0, 0.06045292143837198)	(45.0, 0.14943418782518916)	(46.0, 0.6228688647077203)	(47.0, 1.5772099278640421)	(48.0, 6.237518849085055)	(49.0, 12.245452445965956)	(50.0, 18.11821602749589)	(51.0, 19.88086019752483)	(52.0, 4.0822703128608495)	(53.0, 6.105065818967273)	(54.0, 8.076238605643178)	(55.0, 4.3125348113733)	(56.0, 9.202428984798468)	(57.0, 6.090122400184755)	(58.0, 1.3734360353751478)	(59.0, 0.5304913667794215)	(60.0, 0.2737362622434147)	(61.0, 0.19154745893956066)	(62.0, 0.13788700058415182)	(63.0, 0.10052845362785454)	(64.0, 0.08694352746192824)	(65.0, 0.0706416160628167)	(66.0, 0.05909442882177935)	(67.0, 0.0896605126951135)	(68.0, 0.10460393147763243)	(69.0, 0.05366045835540884)	(70.0, 0.0332830691065194)	(71.0, 0.012905679857629974)	(72.0, 0.007471709391259459)	(73.0, 0.007471709391259459)	(74.0, 0.004075477849777886)	(75.0, 0.0013584926165926287)	(76.0, 0.0013584926165926287)	(77.0, 0.0006792463082963144)	(78.0, 0.0013584926165926287)	(79.0, 0.002037738924888943)	(80.0, 0.0013584926165926287)	(81.0, 0.0)	(82.0, 0.0)	(83.0, 0.0006792463082963144)	(84.0, 0.0006792463082963144)	(85.0, 0.0)	(86.0, 0.0006792463082963144)	(87.0, 0.0006792463082963144)	(88.0, 0.0006792463082963144)	(89.0, 0.0)	(90.0, 0.0)	(91.0, 0.0)	(92.0, 0.0006792463082963144)	(93.0, 0.0)	(94.0, 0.0006792463082963144)	(95.0, 0.0006792463082963144)	(96.0, 0.0)	(97.0, 0.0006792463082963144)	(98.0, 0.0006792463082963144)	(99.0, 0.0)	(100.0, 0.0)
2529R_RL_F_NS1_week9_S76_L001_R1_001	(0.0, 0.0)	(1.0, 0.0)	(2.0, 0.0)	(3.0, 0.0)	(4.0, 0.0)	(5.0, 0.0)	(6.0, 0.0)	(7.0, 0.0)	(8.0, 0.0)	(9.0, 0.0)	(10.0, 0.0)	(11.0, 0.0)	(12.0, 0.0)	(13.0, 0.0)	(14.0, 0.0)	(15.0, 0.0)	(16.0, 0.0)	(17.0, 0.0)	(18.0, 0.0)	(19.0, 0.0)	(20.0, 0.0)	(21.0, 0.0)	(22.0, 0.0)	(23.0, 0.0)	(24.0, 0.0)	(25.0, 0.0)	(26.0, 0.0)	(27.0, 0.0)	(28.0, 0.0007689350249903884)	(29.0, 0.0)	(30.0, 0.0)	(31.0, 0.0)	(32.0, 0.0)	(33.0, 0.0)	(34.0, 0.0)	(35.0, 0.002306805074971165)	(36.0, 0.006920415224913495)	(37.0, 0.006920415224913495)	(38.0, 0.0015378700499807769)	(39.0, 0.0030757400999615538)	(40.0, 0.0007689350249903884)	(41.0, 0.0015378700499807769)	(42.0, 0.0030757400999615538)	(43.0, 0.0030757400999615538)	(44.0, 0.00922722029988466)	(45.0, 0.021530180699730873)	(46.0, 0.8835063437139561)	(47.0, 14.527489427143406)	(48.0, 14.532103037293348)	(49.0, 16.71818531334102)	(50.0, 4.611303344867359)	(51.0, 1.9984621299500194)	(52.0, 0.6466743560169166)	(53.0, 5.26720492118416)	(54.0, 28.339869281045754)	(55.0, 10.290657439446367)	(56.0, 0.8373702422145329)	(57.0, 0.4021530180699731)	(58.0, 0.18915801614763553)	(59.0, 0.2575932333717801)	(60.0, 0.11918492887351018)	(61.0, 0.04844290657439446)	(62.0, 0.01922337562475971)	(63.0, 0.009996155324875048)	(64.0, 0.006920415224913495)	(65.0, 0.00461361014994233)	(66.0, 0.03767781622452902)	(67.0, 0.13456362937331795)	(68.0, 0.03690888119953864)	(69.0, 0.00922722029988466)	(70.0, 0.0030757400999615538)	(71.0, 0.002306805074971165)	(72.0, 0.002306805074971165)	(73.0, 0.0015378700499807769)	(74.0, 0.0015378700499807769)	(75.0, 0.0)	(76.0, 0.0)	(77.0, 0.0)	(78.0, 0.0)	(79.0, 0.0)	(80.0, 0.0)	(81.0, 0.0)	(82.0, 0.0)	(83.0, 0.0)	(84.0, 0.0)	(85.0, 0.0)	(86.0, 0.0)	(87.0, 0.0)	(88.0, 0.0)	(89.0, 0.0)	(90.0, 0.0)	(91.0, 0.0)	(92.0, 0.0)	(93.0, 0.0)	(94.0, 0.0)	(95.0, 0.0)	(96.0, 0.0)	(97.0, 0.0)	(98.0, 0.0)	(99.0, 0.0)	(100.0, 0.0)
2529R_RL_F_NS1_week9_S76_L001_R2_001	(0.0, 0.0)	(1.0, 0.0)	(2.0, 0.0)	(3.0, 0.0)	(4.0, 0.0)	(5.0, 0.0)	(6.0, 0.0)	(7.0, 0.0)	(8.0, 0.0)	(9.0, 0.0)	(10.0, 0.0)	(11.0, 0.0)	(12.0, 0.0)	(13.0, 0.0)	(14.0, 0.0)	(15.0, 0.0)	(16.0, 0.0)	(17.0, 0.0)	(18.0, 0.0)	(19.0, 0.0)	(20.0, 0.0)	(21.0, 0.0)	(22.0, 0.0007587080718951769)	(23.0, 0.0)	(24.0, 0.0)	(25.0, 0.0007587080718951769)	(26.0, 0.0007587080718951769)	(27.0, 0.0)	(28.0, 0.0)	(29.0, 0.0007587080718951769)	(30.0, 0.0007587080718951769)	(31.0, 0.0007587080718951769)	(32.0, 0.0037935403594758846)	(33.0, 0.0037935403594758846)	(34.0, 0.0037935403594758846)	(35.0, 0.004552248431371061)	(36.0, 0.0022761242156855307)	(37.0, 0.007587080718951769)	(38.0, 0.0037935403594758846)	(39.0, 0.007587080718951769)	(40.0, 0.009104496862742123)	(41.0, 0.007587080718951769)	(42.0, 0.015174161437903538)	(43.0, 0.02883090673201672)	(44.0, 0.06676631032677556)	(45.0, 0.13580874486923666)	(46.0, 0.7109094633657808)	(47.0, 1.8808373102281437)	(48.0, 6.616693094997837)	(49.0, 13.762205716106612)	(50.0, 13.64460596496286)	(51.0, 10.945881353231716)	(52.0, 3.5507537764694277)	(53.0, 6.807128821043527)	(54.0, 8.028648816794762)	(55.0, 5.644029346828221)	(56.0, 14.444284272740376)	(57.0, 9.175056713428374)	(58.0, 2.217703694149602)	(59.0, 0.7526384073200155)	(60.0, 0.3436947565685151)	(61.0, 0.2389930426469807)	(62.0, 0.19119443411758458)	(63.0, 0.1411197013725029)	(64.0, 0.10318429777774407)	(65.0, 0.06980114261435627)	(66.0, 0.07738822333330804)	(67.0, 0.08421659598036464)	(68.0, 0.10166688163395371)	(69.0, 0.05917922960782379)	(70.0, 0.03338315516338778)	(71.0, 0.019726409869274597)	(72.0, 0.009104496862742123)	(73.0, 0.005310956503266238)	(74.0, 0.004552248431371061)	(75.0, 0.0030348322875807074)	(76.0, 0.004552248431371061)	(77.0, 0.0022761242156855307)	(78.0, 0.0022761242156855307)	(79.0, 0.0037935403594758846)	(80.0, 0.0007587080718951769)	(81.0, 0.0015174161437903537)	(82.0, 0.0015174161437903537)	(83.0, 0.0022761242156855307)	(84.0, 0.0015174161437903537)	(85.0, 0.0015174161437903537)	(86.0, 0.0015174161437903537)	(87.0, 0.0)	(88.0, 0.0015174161437903537)	(89.0, 0.0015174161437903537)	(90.0, 0.0)	(91.0, 0.0)	(92.0, 0.0)	(93.0, 0.0)	(94.0, 0.0)	(95.0, 0.0)	(96.0, 0.0007587080718951769)	(97.0, 0.0007587080718951769)	(98.0, 0.0)	(99.0, 0.0)	(100.0, 0.0)
2562R_0_F_NS6_week5_S10_L001_R1_001	(0.0, 0.0)	(1.0, 0.0)	(2.0, 0.0)	(3.0, 0.0)	(4.0, 0.0)	(5.0, 0.0)	(6.0, 0.0)	(7.0, 0.0)	(8.0, 0.0)	(9.0, 0.0)	(10.0, 0.0)	(11.0, 0.0)	(12.0, 0.0)	(13.0, 0.0)	(14.0, 0.0)	(15.0, 0.0)	(16.0, 0.0)	(17.0, 0.0)	(18.0, 0.0)	(19.0, 0.0)	(20.0, 0.0)	(21.0, 0.0)	(22.0, 0.0)	(23.0, 0.0)	(24.0, 0.0)	(25.0, 0.0)	(26.0, 0.0)	(27.0, 0.0)	(28.0, 0.0)	(29.0, 0.0)	(30.0, 0.0)	(31.0, 0.0008649770781074301)	(32.0, 0.0)	(33.0, 0.0)	(34.0, 0.0)	(35.0, 0.0)	(36.0, 0.0008649770781074301)	(37.0, 0.0008649770781074301)	(38.0, 0.0008649770781074301)	(39.0, 0.0)	(40.0, 0.0008649770781074301)	(41.0, 0.0017299541562148602)	(42.0, 0.0017299541562148602)	(43.0, 0.0034599083124297204)	(44.0, 0.010379724937289163)	(45.0, 0.12109679093504021)	(46.0, 8.920508606521928)	(47.0, 18.584032523138134)	(48.0, 10.306201885650031)	(49.0, 11.537929244875011)	(50.0, 5.248680909955886)	(51.0, 1.960903036069544)	(52.0, 0.5639650549260444)	(53.0, 6.370556180261223)	(54.0, 20.698901479110805)	(55.0, 12.728137704350834)	(56.0, 1.3727186229564916)	(57.0, 0.41432402041345906)	(58.0, 0.2560332151197993)	(59.0, 0.36675028111755037)	(60.0, 0.13926130957529625)	(61.0, 0.06660323501427212)	(62.0, 0.033734106046189774)	(63.0, 0.013839633249718881)	(64.0, 0.006919816624859441)	(65.0, 0.0034599083124297204)	(66.0, 0.04843871637401609)	(67.0, 0.15050601159069285)	(68.0, 0.038058991436726926)	(69.0, 0.013839633249718881)	(70.0, 0.009514747859181731)	(71.0, 0.0025949312343222907)	(72.0, 0.0008649770781074301)	(73.0, 0.0)	(74.0, 0.0)	(75.0, 0.0)	(76.0, 0.0)	(77.0, 0.0)	(78.0, 0.0)	(79.0, 0.0)	(80.0, 0.0)	(81.0, 0.0)	(82.0, 0.0)	(83.0, 0.0)	(84.0, 0.0)	(85.0, 0.0)	(86.0, 0.0)	(87.0, 0.0)	(88.0, 0.0)	(89.0, 0.0)	(90.0, 0.0)	(91.0, 0.0)	(92.0, 0.0)	(93.0, 0.0)	(94.0, 0.0)	(95.0, 0.0)	(96.0, 0.0)	(97.0, 0.0)	(98.0, 0.0)	(99.0, 0.0)	(100.0, 0.0)
2562R_0_F_NS6_week5_S10_L001_R2_001	(0.0, 0.0)	(1.0, 0.0)	(2.0, 0.0)	(3.0, 0.0)	(4.0, 0.0)	(5.0, 0.0)	(6.0, 0.0)	(7.0, 0.0)	(8.0, 0.0)	(9.0, 0.0)	(10.0, 0.0)	(11.0, 0.0)	(12.0, 0.0)	(13.0, 0.0)	(14.0, 0.0)	(15.0, 0.0)	(16.0, 0.0)	(17.0, 0.0008575373243120407)	(18.0, 0.0)	(19.0, 0.0)	(20.0, 0.0)	(21.0, 0.0)	(22.0, 0.0)	(23.0, 0.0)	(24.0, 0.0)	(25.0, 0.0)	(26.0, 0.0)	(27.0, 0.0)	(28.0, 0.0)	(29.0, 0.0)	(30.0, 0.0)	(31.0, 0.0)	(32.0, 0.0008575373243120407)	(33.0, 0.0)	(34.0, 0.0017150746486240813)	(35.0, 0.0008575373243120407)	(36.0, 0.0034301492972481627)	(37.0, 0.0017150746486240813)	(38.0, 0.0017150746486240813)	(39.0, 0.006860298594496325)	(40.0, 0.008575373243120406)	(41.0, 0.019723358459176936)	(42.0, 0.028298731702297342)	(43.0, 0.03858917959404183)	(44.0, 0.0737482098908355)	(45.0, 0.21266925642938606)	(46.0, 1.0213269532556404)	(47.0, 2.674658914529255)	(48.0, 8.609674736092888)	(49.0, 19.840841072607684)	(50.0, 11.849450747343779)	(51.0, 6.739385831768328)	(52.0, 4.659000282987317)	(53.0, 10.557999536929845)	(54.0, 11.391525816161147)	(55.0, 6.995789491737628)	(56.0, 7.154433896735355)	(57.0, 5.200106334628215)	(58.0, 1.201409791361169)	(59.0, 0.5230977678303449)	(60.0, 0.25211597334774)	(61.0, 0.1809403754298406)	(62.0, 0.1414936585114867)	(63.0, 0.09518664299863652)	(64.0, 0.07203313524221142)	(65.0, 0.0591700753775308)	(66.0, 0.056597463404594685)	(67.0, 0.0737482098908355)	(68.0, 0.08918388172845224)	(69.0, 0.07289067256652346)	(70.0, 0.03858917959404183)	(71.0, 0.019723358459176936)	(72.0, 0.006860298594496325)	(73.0, 0.004287686621560203)	(74.0, 0.004287686621560203)	(75.0, 0.0025726119729361217)	(76.0, 0.0025726119729361217)	(77.0, 0.0017150746486240813)	(78.0, 0.0008575373243120407)	(79.0, 0.0008575373243120407)	(80.0, 0.0025726119729361217)	(81.0, 0.0008575373243120407)	(82.0, 0.0)	(83.0, 0.0)	(84.0, 0.0)	(85.0, 0.0)	(86.0, 0.0)	(87.0, 0.0)	(88.0, 0.0)	(89.0, 0.0008575373243120407)	(90.0, 0.0008575373243120407)	(91.0, 0.0)	(92.0, 0.0008575373243120407)	(93.0, 0.0)	(94.0, 0.0)	(95.0, 0.0)	(96.0, 0.0)	(97.0, 0.0)	(98.0, 0.0)	(99.0, 0.0)	(100.0, 0.0)
2562R_RL_F_NS6_week5_S11_L001_R1_001	(0.0, 0.0)	(1.0, 0.0)	(2.0, 0.0)	(3.0, 0.0)	(4.0, 0.0)	(5.0, 0.0)	(6.0, 0.0)	(7.0, 0.0)	(8.0, 0.0)	(9.0, 0.0)	(10.0, 0.0)	(11.0, 0.0)	(12.0, 0.0)	(13.0, 0.0)	(14.0, 0.0)	(15.0, 0.0)	(16.0, 0.0)	(17.0, 0.0)	(18.0, 0.0)	(19.0, 0.0)	(20.0, 0.0)	(21.0, 0.0)	(22.0, 0.0)	(23.0, 0.0)	(24.0, 0.0)	(25.0, 0.0)	(26.0, 0.0)	(27.0, 0.0)	(28.0, 0.0)	(29.0, 0.0)	(30.0, 0.0)	(31.0, 0.0)	(32.0, 0.0)	(33.0, 0.0)	(34.0, 0.0)	(35.0, 0.0)	(36.0, 0.0)	(37.0, 0.0)	(38.0, 0.0)	(39.0, 0.0009678855572117153)	(40.0, 0.006775198900482006)	(41.0, 0.003871542228846861)	(42.0, 0.0019357711144234306)	(43.0, 0.006775198900482006)	(44.0, 0.02322925337308117)	(45.0, 0.19938442478561336)	(46.0, 11.330068332720339)	(47.0, 19.175748659478504)	(48.0, 11.08809694341741)	(49.0, 14.566677636036315)	(50.0, 7.4933699839331)	(51.0, 2.5687682688398925)	(52.0, 0.7162353123366694)	(53.0, 6.422888557656943)	(54.0, 14.023693838440543)	(55.0, 10.096982132832615)	(56.0, 1.124683017480013)	(57.0, 0.33875994502410034)	(58.0, 0.17518728585532048)	(59.0, 0.23906773263129366)	(60.0, 0.10937106796492382)	(61.0, 0.0571052478754912)	(62.0, 0.030004452273563176)	(63.0, 0.0125825122437523)	(64.0, 0.006775198900482006)	(65.0, 0.0009678855572117153)	(66.0, 0.0377475367312569)	(67.0, 0.09872432683559496)	(68.0, 0.02806868115913974)	(69.0, 0.008710970014905436)	(70.0, 0.004839427786058576)	(71.0, 0.0019357711144234306)	(72.0, 0.0)	(73.0, 0.0)	(74.0, 0.0)	(75.0, 0.0)	(76.0, 0.0)	(77.0, 0.0)	(78.0, 0.0)	(79.0, 0.0)	(80.0, 0.0)	(81.0, 0.0)	(82.0, 0.0)	(83.0, 0.0)	(84.0, 0.0)	(85.0, 0.0)	(86.0, 0.0)	(87.0, 0.0)	(88.0, 0.0)	(89.0, 0.0)	(90.0, 0.0)	(91.0, 0.0)	(92.0, 0.0)	(93.0, 0.0)	(94.0, 0.0)	(95.0, 0.0)	(96.0, 0.0)	(97.0, 0.0)	(98.0, 0.0)	(99.0, 0.0)	(100.0, 0.0)
2562R_RL_F_NS6_week5_S11_L001_R2_001	(0.0, 0.0)	(1.0, 0.0)	(2.0, 0.0)	(3.0, 0.0)	(4.0, 0.0)	(5.0, 0.0)	(6.0, 0.0)	(7.0, 0.0)	(8.0, 0.0)	(9.0, 0.0)	(10.0, 0.0)	(11.0, 0.0)	(12.0, 0.0)	(13.0, 0.0)	(14.0, 0.0)	(15.0, 0.0)	(16.0, 0.0)	(17.0, 0.0)	(18.0, 0.0)	(19.0, 0.0)	(20.0, 0.0)	(21.0, 0.0)	(22.0, 0.0)	(23.0, 0.0)	(24.0, 0.0)	(25.0, 0.0)	(26.0, 0.0)	(27.0, 0.0)	(28.0, 0.0)	(29.0, 0.0)	(30.0, 0.0)	(31.0, 0.0)	(32.0, 0.0)	(33.0, 0.0)	(34.0, 0.0009671366951004855)	(35.0, 0.0)	(36.0, 0.001934273390200971)	(37.0, 0.003868546780401942)	(38.0, 0.007737093560803884)	(39.0, 0.0067699568657033984)	(40.0, 0.009671366951004855)	(41.0, 0.007737093560803884)	(42.0, 0.018375597206909226)	(43.0, 0.041586877889320875)	(44.0, 0.06286388518153156)	(45.0, 0.1798874252886903)	(46.0, 1.0918973287684481)	(47.0, 2.8511189771562315)	(48.0, 8.86187353720575)	(49.0, 21.45496044410917)	(50.0, 14.512853246677885)	(51.0, 7.952765043811293)	(52.0, 5.134528714288478)	(53.0, 9.537902087080989)	(54.0, 11.545677866109596)	(55.0, 6.739975628155283)	(56.0, 4.825044971856323)	(57.0, 3.030039265749821)	(58.0, 0.7737093560803884)	(59.0, 0.4255401458442136)	(60.0, 0.19439447571519758)	(61.0, 0.15184046113077623)	(62.0, 0.12959631714346506)	(63.0, 0.07446952552273738)	(64.0, 0.05609392831582816)	(65.0, 0.04545542466972282)	(66.0, 0.03675119441381845)	(67.0, 0.04932397145012476)	(68.0, 0.06189674848643107)	(69.0, 0.046422561364823305)	(70.0, 0.02998123754811505)	(71.0, 0.018375597206909226)	(72.0, 0.004835683475502428)	(73.0, 0.005802820170602913)	(74.0, 0.004835683475502428)	(75.0, 0.0029014100853014565)	(76.0, 0.001934273390200971)	(77.0, 0.0009671366951004855)	(78.0, 0.0009671366951004855)	(79.0, 0.0009671366951004855)	(80.0, 0.0009671366951004855)	(81.0, 0.0)	(82.0, 0.0)	(83.0, 0.0009671366951004855)	(84.0, 0.0)	(85.0, 0.0)	(86.0, 0.0)	(87.0, 0.0)	(88.0, 0.0)	(89.0, 0.0)	(90.0, 0.0009671366951004855)	(91.0, 0.0)	(92.0, 0.0)	(93.0, 0.0)	(94.0, 0.0)	(95.0, 0.0)	(96.0, 0.0)	(97.0, 0.0)	(98.0, 0.0)	(99.0, 0.0)	(100.0, 0.0)
3861R_0_M_NS1_week5_S56_L001_R1_001	(0.0, 0.0)	(1.0, 0.0)	(2.0, 0.0)	(3.0, 0.0)	(4.0, 0.0)	(5.0, 0.0)	(6.0, 0.0)	(7.0, 0.0)	(8.0, 0.0)	(9.0, 0.0)	(10.0, 0.0)	(11.0, 0.0)	(12.0, 0.0)	(13.0, 0.0)	(14.0, 0.0)	(15.0, 0.0)	(16.0, 0.0)	(17.0, 0.0)	(18.0, 0.0)	(19.0, 0.0)	(20.0, 0.0)	(21.0, 0.0)	(22.0, 0.0)	(23.0, 0.0)	(24.0, 0.0)	(25.0, 0.0)	(26.0, 0.0)	(27.0, 0.0)	(28.0, 0.0)	(29.0, 0.0)	(30.0, 0.0)	(31.0, 0.0)	(32.0, 0.0)	(33.0, 0.0)	(34.0, 0.0)	(35.0, 0.0)	(36.0, 0.0007257736747372699)	(37.0, 0.0)	(38.0, 0.0007257736747372699)	(39.0, 0.0014515473494745399)	(40.0, 0.0)	(41.0, 0.00217732102421181)	(42.0, 0.0007257736747372699)	(43.0, 0.00653196307263543)	(44.0, 0.01306392614527086)	(45.0, 0.02612785229054172)	(46.0, 0.8063345526331068)	(47.0, 10.51138013121988)	(48.0, 16.025808511873656)	(49.0, 28.630319921035824)	(50.0, 4.553504035301632)	(51.0, 1.7396794983452362)	(52.0, 0.6336004180456366)	(53.0, 6.477530047030135)	(54.0, 20.622133193984787)	(55.0, 7.876821691923591)	(56.0, 0.7410149219067526)	(57.0, 0.32950124833072053)	(58.0, 0.17491145561168206)	(59.0, 0.2852290541717471)	(60.0, 0.12918771410323404)	(61.0, 0.05515879928003251)	(62.0, 0.025402078615804447)	(63.0, 0.011612378795796319)	(64.0, 0.0036288683736863496)	(65.0, 0.00435464204842362)	(66.0, 0.06314230970214249)	(67.0, 0.17273413458747025)	(68.0, 0.04935260988213436)	(69.0, 0.016692794518957207)	(70.0, 0.005080415723160889)	(71.0, 0.0029030946989490798)	(72.0, 0.0014515473494745399)	(73.0, 0.0)	(74.0, 0.0)	(75.0, 0.0)	(76.0, 0.0)	(77.0, 0.0)	(78.0, 0.0)	(79.0, 0.0)	(80.0, 0.0)	(81.0, 0.0)	(82.0, 0.0)	(83.0, 0.0)	(84.0, 0.0)	(85.0, 0.0)	(86.0, 0.0)	(87.0, 0.0)	(88.0, 0.0)	(89.0, 0.0)	(90.0, 0.0)	(91.0, 0.0)	(92.0, 0.0)	(93.0, 0.0)	(94.0, 0.0)	(95.0, 0.0)	(96.0, 0.0)	(97.0, 0.0)	(98.0, 0.0)	(99.0, 0.0)	(100.0, 0.0)
3861R_0_M_NS1_week5_S56_L001_R2_001	(0.0, 0.0)	(1.0, 0.0)	(2.0, 0.0)	(3.0, 0.0)	(4.0, 0.0)	(5.0, 0.0)	(6.0, 0.0)	(7.0, 0.0)	(8.0, 0.0)	(9.0, 0.0)	(10.0, 0.0)	(11.0, 0.0)	(12.0, 0.0)	(13.0, 0.0)	(14.0, 0.0)	(15.0, 0.0)	(16.0, 0.0)	(17.0, 0.0)	(18.0, 0.0)	(19.0, 0.0)	(20.0, 0.0)	(21.0, 0.0)	(22.0, 0.0)	(23.0, 0.0)	(24.0, 0.0)	(25.0, 0.0)	(26.0, 0.0)	(27.0, 0.0)	(28.0, 0.0)	(29.0, 0.0)	(30.0, 0.0)	(31.0, 0.0)	(32.0, 0.0)	(33.0, 0.0007144592258119829)	(34.0, 0.0)	(35.0, 0.0)	(36.0, 0.0)	(37.0, 0.0)	(38.0, 0.0021433776774359486)	(39.0, 0.005715673806495863)	(40.0, 0.007859051483931812)	(41.0, 0.014289184516239659)	(42.0, 0.030007287484103282)	(43.0, 0.042867553548718976)	(44.0, 0.058585656516582596)	(45.0, 0.1457496820656445)	(46.0, 0.6180072303273652)	(47.0, 1.6411128416901246)	(48.0, 5.858565651658259)	(49.0, 11.900032865124386)	(50.0, 17.8571938899447)	(51.0, 19.246817084149008)	(52.0, 4.95048797565123)	(53.0, 7.655430604575397)	(54.0, 7.468242287412657)	(55.0, 4.343912092936856)	(56.0, 8.77713158910021)	(57.0, 5.897146449852107)	(58.0, 1.4689281682694368)	(59.0, 0.6137204749724934)	(60.0, 0.2986439563894089)	(61.0, 0.20219196090479116)	(62.0, 0.167183458840004)	(63.0, 0.10859780232342141)	(64.0, 0.08716402554906191)	(65.0, 0.0793049740651301)	(66.0, 0.07287484103282225)	(67.0, 0.10002429161367762)	(68.0, 0.11645685380735321)	(69.0, 0.07287484103282225)	(70.0, 0.035008502064787166)	(71.0, 0.015718102967863624)	(72.0, 0.008573510709743794)	(73.0, 0.004286755354871897)	(74.0, 0.004286755354871897)	(75.0, 0.004286755354871897)	(76.0, 0.0014289184516239658)	(77.0, 0.0014289184516239658)	(78.0, 0.0007144592258119829)	(79.0, 0.0021433776774359486)	(80.0, 0.0021433776774359486)	(81.0, 0.0)	(82.0, 0.0021433776774359486)	(83.0, 0.0014289184516239658)	(84.0, 0.0021433776774359486)	(85.0, 0.0021433776774359486)	(86.0, 0.0)	(87.0, 0.0)	(88.0, 0.0)	(89.0, 0.0)	(90.0, 0.0007144592258119829)	(91.0, 0.0)	(92.0, 0.0)	(93.0, 0.0)	(94.0, 0.0)	(95.0, 0.0)	(96.0, 0.0)	(97.0, 0.0)	(98.0, 0.0007144592258119829)	(99.0, 0.0007144592258119829)	(100.0, 0.0)
3861R_0_M_NS1_week9_S77_L001_R1_001	(0.0, 0.0)	(1.0, 0.0)	(2.0, 0.0)	(3.0, 0.0)	(4.0, 0.0)	(5.0, 0.0)	(6.0, 0.0)	(7.0, 0.0)	(8.0, 0.0)	(9.0, 0.0)	(10.0, 0.0)	(11.0, 0.0)	(12.0, 0.0)	(13.0, 0.0)	(14.0, 0.0)	(15.0, 0.0)	(16.0, 0.0)	(17.0, 0.0)	(18.0, 0.0)	(19.0, 0.0)	(20.0, 0.0)	(21.0, 0.0)	(22.0, 0.0)	(23.0, 0.0)	(24.0, 0.0)	(25.0, 0.0)	(26.0, 0.0)	(27.0, 0.0)	(28.0, 0.0)	(29.0, 0.0)	(30.0, 0.0)	(31.0, 0.0)	(32.0, 0.0)	(33.0, 0.0)	(34.0, 0.0)	(35.0, 0.0)	(36.0, 0.0)	(37.0, 0.0008499932000543995)	(38.0, 0.0008499932000543995)	(39.0, 0.0008499932000543995)	(40.0, 0.0025499796001631986)	(41.0, 0.005949952400380797)	(42.0, 0.003399972800217598)	(43.0, 0.011899904800761594)	(44.0, 0.022099823201414386)	(45.0, 0.04844961240310078)	(46.0, 1.1823405412756698)	(47.0, 17.357711138310894)	(48.0, 19.418944648442814)	(49.0, 20.705834353325173)	(50.0, 5.378756969944241)	(51.0, 2.4921800625594996)	(52.0, 0.6289949680402557)	(53.0, 3.834319325445396)	(54.0, 18.996498028015775)	(55.0, 8.03328573371413)	(56.0, 0.6918944648442812)	(57.0, 0.32724738202094383)	(58.0, 0.16404868761049912)	(59.0, 0.1929484564123487)	(60.0, 0.09944920440636475)	(61.0, 0.05864953080375357)	(62.0, 0.02634978920168639)	(63.0, 0.01529987760097919)	(64.0, 0.007649938800489595)	(65.0, 0.003399972800217598)	(66.0, 0.05014959880320957)	(67.0, 0.15979872161022712)	(68.0, 0.039099687202502384)	(69.0, 0.02039983680130559)	(70.0, 0.009349925200598394)	(71.0, 0.006799945600435196)	(72.0, 0.001699986400108799)	(73.0, 0.0)	(74.0, 0.0)	(75.0, 0.0)	(76.0, 0.0)	(77.0, 0.0)	(78.0, 0.0)	(79.0, 0.0)	(80.0, 0.0)	(81.0, 0.0)	(82.0, 0.0)	(83.0, 0.0)	(84.0, 0.0)	(85.0, 0.0)	(86.0, 0.0)	(87.0, 0.0)	(88.0, 0.0)	(89.0, 0.0)	(90.0, 0.0)	(91.0, 0.0)	(92.0, 0.0)	(93.0, 0.0)	(94.0, 0.0)	(95.0, 0.0)	(96.0, 0.0)	(97.0, 0.0)	(98.0, 0.0)	(99.0, 0.0)	(100.0, 0.0)
3861R_0_M_NS1_week9_S77_L001_R2_001	(0.0, 0.0)	(1.0, 0.0)	(2.0, 0.0)	(3.0, 0.0)	(4.0, 0.0)	(5.0, 0.0)	(6.0, 0.0)	(7.0, 0.0)	(8.0, 0.0)	(9.0, 0.0)	(10.0, 0.0)	(11.0, 0.0)	(12.0, 0.0)	(13.0, 0.0)	(14.0, 0.0)	(15.0, 0.0)	(16.0, 0.0)	(17.0, 0.0)	(18.0, 0.0)	(19.0, 0.0)	(20.0, 0.0)	(21.0, 0.0)	(22.0, 0.0)	(23.0, 0.0)	(24.0, 0.0)	(25.0, 0.0)	(26.0, 0.0)	(27.0, 0.000845809016324114)	(28.0, 0.0)	(29.0, 0.0)	(30.0, 0.0)	(31.0, 0.0)	(32.0, 0.0)	(33.0, 0.0)	(34.0, 0.001691618032648228)	(35.0, 0.0025374270489723423)	(36.0, 0.0)	(37.0, 0.0042290450816205695)	(38.0, 0.005074854097944685)	(39.0, 0.012687135244861711)	(40.0, 0.012687135244861711)	(41.0, 0.019453607375454623)	(42.0, 0.029603315571343988)	(43.0, 0.04651949589782627)	(44.0, 0.10488031802419014)	(45.0, 0.1979193098198427)	(46.0, 0.8348134991119005)	(47.0, 2.3403535481688236)	(48.0, 8.163748625560348)	(49.0, 17.690095576418845)	(50.0, 17.609743719868053)	(51.0, 12.885054554681552)	(52.0, 3.6623530406834135)	(53.0, 6.405311680622515)	(54.0, 8.299078068172207)	(55.0, 4.32969635456314)	(56.0, 8.720290958301616)	(57.0, 5.481688234796582)	(58.0, 1.3795145056246298)	(59.0, 0.526939017169923)	(60.0, 0.2689672671910683)	(61.0, 0.18015732047703628)	(62.0, 0.14717076884039584)	(63.0, 0.10149708195889369)	(64.0, 0.07443119343652203)	(65.0, 0.07104795737122557)	(66.0, 0.0541317770447433)	(67.0, 0.0786602385181426)	(68.0, 0.1031886999915419)	(69.0, 0.07527700245284615)	(70.0, 0.04059883278355748)	(71.0, 0.01014970819588937)	(72.0, 0.009303899179565254)	(73.0, 0.0042290450816205695)	(74.0, 0.0025374270489723423)	(75.0, 0.0)	(76.0, 0.001691618032648228)	(77.0, 0.001691618032648228)	(78.0, 0.001691618032648228)	(79.0, 0.000845809016324114)	(80.0, 0.000845809016324114)	(81.0, 0.0)	(82.0, 0.0)	(83.0, 0.0)	(84.0, 0.0)	(85.0, 0.0)	(86.0, 0.0)	(87.0, 0.0)	(88.0, 0.000845809016324114)	(89.0, 0.0)	(90.0, 0.0)	(91.0, 0.0)	(92.0, 0.0)	(93.0, 0.0)	(94.0, 0.001691618032648228)	(95.0, 0.000845809016324114)	(96.0, 0.0)	(97.0, 0.000845809016324114)	(98.0, 0.000845809016324114)	(99.0, 0.0)	(100.0, 0.0)
3861R_L_M_NS1_diabetes_S27_L001_R1_001	(0.0, 0.0)	(1.0, 0.0)	(2.0, 0.0)	(3.0, 0.0)	(4.0, 0.0)	(5.0, 0.0)	(6.0, 0.0)	(7.0, 0.0)	(8.0, 0.0)	(9.0, 0.0)	(10.0, 0.0)	(11.0, 0.0)	(12.0, 0.0)	(13.0, 0.0)	(14.0, 0.0)	(15.0, 0.0)	(16.0, 0.0)	(17.0, 0.0)	(18.0, 0.0)	(19.0, 0.0)	(20.0, 0.0)	(21.0, 0.0)	(22.0, 0.0)	(23.0, 0.0)	(24.0, 0.0)	(25.0, 0.0)	(26.0, 0.0)	(27.0, 0.0)	(28.0, 0.0)	(29.0, 0.0)	(30.0, 0.0)	(31.0, 0.0)	(32.0, 0.0)	(33.0, 0.0)	(34.0, 0.0)	(35.0, 0.0)	(36.0, 0.0)	(37.0, 0.0017224748518671628)	(38.0, 0.0008612374259335814)	(39.0, 0.0008612374259335814)	(40.0, 0.0017224748518671628)	(41.0, 0.004306187129667906)	(42.0, 0.005167424555601488)	(43.0, 0.006889899407468651)	(44.0, 0.017224748518671625)	(45.0, 0.04220063387074549)	(46.0, 1.7310872261264987)	(47.0, 19.54147719443296)	(48.0, 19.225403059115337)	(49.0, 25.167080060631115)	(50.0, 6.369712002204768)	(51.0, 2.5578751550227365)	(52.0, 0.5710004133939645)	(53.0, 3.968582058701943)	(54.0, 14.336158192090394)	(55.0, 4.992593358136972)	(56.0, 0.5374121537825548)	(57.0, 0.2256442055945983)	(58.0, 0.13263056359377154)	(59.0, 0.15157778696431032)	(60.0, 0.055980432685682785)	(61.0, 0.056841670111616366)	(62.0, 0.021530935648339536)	(63.0, 0.005167424555601488)	(64.0, 0.004306187129667906)	(65.0, 0.005167424555601488)	(66.0, 0.046506821000413395)	(67.0, 0.1541614992421111)	(68.0, 0.028420835055808183)	(69.0, 0.016363511092738047)	(70.0, 0.007751136833402232)	(71.0, 0.005167424555601488)	(72.0, 0.002583712277800744)	(73.0, 0.0)	(74.0, 0.0008612374259335814)	(75.0, 0.0)	(76.0, 0.0)	(77.0, 0.0)	(78.0, 0.0)	(79.0, 0.0)	(80.0, 0.0)	(81.0, 0.0)	(82.0, 0.0)	(83.0, 0.0)	(84.0, 0.0)	(85.0, 0.0)	(86.0, 0.0)	(87.0, 0.0)	(88.0, 0.0)	(89.0, 0.0)	(90.0, 0.0)	(91.0, 0.0)	(92.0, 0.0)	(93.0, 0.0)	(94.0, 0.0)	(95.0, 0.0)	(96.0, 0.0)	(97.0, 0.0)	(98.0, 0.0)	(99.0, 0.0)	(100.0, 0.0)
3861R_L_M_NS1_diabetes_S27_L001_R2_001	(0.0, 0.0)	(1.0, 0.0)	(2.0, 0.0)	(3.0, 0.0)	(4.0, 0.0)	(5.0, 0.0)	(6.0, 0.0)	(7.0, 0.0)	(8.0, 0.0)	(9.0, 0.0)	(10.0, 0.0)	(11.0, 0.0)	(12.0, 0.0)	(13.0, 0.0)	(14.0, 0.0)	(15.0, 0.0)	(16.0, 0.0)	(17.0, 0.0)	(18.0, 0.0)	(19.0, 0.0)	(20.0, 0.0)	(21.0, 0.0008462742774933357)	(22.0, 0.0)	(23.0, 0.0)	(24.0, 0.0)	(25.0, 0.0)	(26.0, 0.0)	(27.0, 0.0)	(28.0, 0.0)	(29.0, 0.0)	(30.0, 0.0)	(31.0, 0.0)	(32.0, 0.0)	(33.0, 0.0)	(34.0, 0.0008462742774933357)	(35.0, 0.002538822832480007)	(36.0, 0.0016925485549866713)	(37.0, 0.0016925485549866713)	(38.0, 0.006770194219946685)	(39.0, 0.008462742774933356)	(40.0, 0.010155291329920027)	(41.0, 0.024541954047306733)	(42.0, 0.041467439597173444)	(43.0, 0.07193331358693353)	(44.0, 0.11509330173909364)	(45.0, 0.24288071764058733)	(46.0, 1.0299157957093894)	(47.0, 2.6894596538738207)	(48.0, 9.490119747810265)	(49.0, 17.917319003088902)	(50.0, 19.526932678881227)	(51.0, 15.450429484195826)	(52.0, 4.274531375618838)	(53.0, 6.908983201455592)	(54.0, 6.935217704057885)	(55.0, 3.0347395590911015)	(56.0, 5.877374857191215)	(57.0, 3.5323488342571827)	(58.0, 1.006220115939576)	(59.0, 0.5060720179410146)	(60.0, 0.2564211060804807)	(61.0, 0.2022595523209072)	(62.0, 0.16671603266618712)	(63.0, 0.121017221681547)	(64.0, 0.08631997630432023)	(65.0, 0.06600939364448018)	(66.0, 0.06431684508949351)	(67.0, 0.08208860491685355)	(68.0, 0.10239918757669361)	(69.0, 0.05500782803706682)	(70.0, 0.02708077687978674)	(71.0, 0.020310582659840055)	(72.0, 0.007616468497440021)	(73.0, 0.006770194219946685)	(74.0, 0.005077645664960014)	(75.0, 0.0059239199424533494)	(76.0, 0.0016925485549866713)	(77.0, 0.0016925485549866713)	(78.0, 0.002538822832480007)	(79.0, 0.0033850971099733426)	(80.0, 0.0016925485549866713)	(81.0, 0.0008462742774933357)	(82.0, 0.0008462742774933357)	(83.0, 0.0008462742774933357)	(84.0, 0.0)	(85.0, 0.0)	(86.0, 0.0)	(87.0, 0.0)	(88.0, 0.0008462742774933357)	(89.0, 0.0)	(90.0, 0.0)	(91.0, 0.0)	(92.0, 0.0)	(93.0, 0.0)	(94.0, 0.0)	(95.0, 0.0)	(96.0, 0.0)	(97.0, 0.0008462742774933357)	(98.0, 0.0)	(99.0, 0.0008462742774933357)	(100.0, 0.0)
3861R_L_M_NS1_week5_S57_L001_R1_001	(0.0, 0.0)	(1.0, 0.0)	(2.0, 0.0)	(3.0, 0.0)	(4.0, 0.0)	(5.0, 0.0)	(6.0, 0.0)	(7.0, 0.0)	(8.0, 0.0)	(9.0, 0.0)	(10.0, 0.0)	(11.0, 0.0)	(12.0, 0.0)	(13.0, 0.0)	(14.0, 0.0)	(15.0, 0.0)	(16.0, 0.0)	(17.0, 0.0)	(18.0, 0.0)	(19.0, 0.0)	(20.0, 0.0)	(21.0, 0.0)	(22.0, 0.0)	(23.0, 0.0)	(24.0, 0.0)	(25.0, 0.0)	(26.0, 0.0)	(27.0, 0.0)	(28.0, 0.0)	(29.0, 0.0)	(30.0, 0.0)	(31.0, 0.0)	(32.0, 0.0)	(33.0, 0.0)	(34.0, 0.0)	(35.0, 0.0)	(36.0, 0.0)	(37.0, 0.001997024433593945)	(38.0, 0.0009985122167969725)	(39.0, 0.0009985122167969725)	(40.0, 0.0029955366503909174)	(41.0, 0.00798809773437578)	(42.0, 0.0069895855175788075)	(43.0, 0.009985122167969726)	(44.0, 0.014977683251954588)	(45.0, 0.052921147490239545)	(46.0, 0.9755464358106422)	(47.0, 12.084993359893758)	(48.0, 15.424018212862833)	(49.0, 22.096076845500203)	(50.0, 3.890203596641005)	(51.0, 1.6375600355470348)	(52.0, 0.7189287960938202)	(53.0, 7.059481372754596)	(54.0, 23.98825749633047)	(55.0, 9.819369139981427)	(56.0, 0.9635642892090784)	(57.0, 0.3704480324316768)	(58.0, 0.1917143456250187)	(59.0, 0.20269798000978542)	(60.0, 0.10783931941407304)	(61.0, 0.05791370857422441)	(62.0, 0.02396429320312734)	(63.0, 0.01198214660156367)	(64.0, 0.00798809773437578)	(65.0, 0.00798809773437578)	(66.0, 0.0649032940918032)	(67.0, 0.1387931981347792)	(68.0, 0.03894197645508193)	(69.0, 0.01198214660156367)	(70.0, 0.0029955366503909174)	(71.0, 0.0)	(72.0, 0.001997024433593945)	(73.0, 0.0)	(74.0, 0.0)	(75.0, 0.0)	(76.0, 0.0)	(77.0, 0.0)	(78.0, 0.0)	(79.0, 0.0)	(80.0, 0.0)	(81.0, 0.0)	(82.0, 0.0)	(83.0, 0.0)	(84.0, 0.0)	(85.0, 0.0)	(86.0, 0.0)	(87.0, 0.0)	(88.0, 0.0)	(89.0, 0.0)	(90.0, 0.0)	(91.0, 0.0)	(92.0, 0.0)	(93.0, 0.0)	(94.0, 0.0)	(95.0, 0.0)	(96.0, 0.0)	(97.0, 0.0)	(98.0, 0.0)	(99.0, 0.0)	(100.0, 0.0)
3861R_L_M_NS1_week5_S57_L001_R2_001	(0.0, 0.0)	(1.0, 0.0)	(2.0, 0.0)	(3.0, 0.0)	(4.0, 0.0)	(5.0, 0.0)	(6.0, 0.0)	(7.0, 0.0)	(8.0, 0.0)	(9.0, 0.0)	(10.0, 0.0)	(11.0, 0.0)	(12.0, 0.0)	(13.0, 0.0)	(14.0, 0.0)	(15.0, 0.0)	(16.0, 0.0)	(17.0, 0.0)	(18.0, 0.0009910606330895324)	(19.0, 0.0)	(20.0, 0.0009910606330895324)	(21.0, 0.0)	(22.0, 0.0)	(23.0, 0.0)	(24.0, 0.0)	(25.0, 0.0)	(26.0, 0.0)	(27.0, 0.0)	(28.0, 0.0)	(29.0, 0.0)	(30.0, 0.0)	(31.0, 0.0)	(32.0, 0.0)	(33.0, 0.0)	(34.0, 0.0009910606330895324)	(35.0, 0.0)	(36.0, 0.0)	(37.0, 0.0)	(38.0, 0.002973181899268597)	(39.0, 0.008919545697805792)	(40.0, 0.011892727597074389)	(41.0, 0.01585697012943252)	(42.0, 0.020812273294880182)	(43.0, 0.04856197102138709)	(44.0, 0.08027591128025212)	(45.0, 0.17938197458920538)	(46.0, 0.6858139580979564)	(47.0, 1.7799448970288)	(48.0, 6.247646230996412)	(49.0, 12.606291252898853)	(50.0, 15.11367465461537)	(51.0, 15.250441021981725)	(52.0, 4.953321044181483)	(53.0, 8.198053556916612)	(54.0, 8.507264474440547)	(55.0, 5.047471804324989)	(56.0, 10.030524667499158)	(57.0, 6.9939148877128305)	(58.0, 1.8176052010862025)	(59.0, 0.7175278983568215)	(60.0, 0.4093080414659769)	(61.0, 0.27947909853124814)	(62.0, 0.1982121266179065)	(63.0, 0.13775742799944501)	(64.0, 0.11496303343838576)	(65.0, 0.09018651761114746)	(66.0, 0.06045469861846147)	(67.0, 0.11099879090602763)	(68.0, 0.1189272759707439)	(69.0, 0.053517274186834746)	(70.0, 0.029731818992685975)	(71.0, 0.017839091395611583)	(72.0, 0.009910606330895324)	(73.0, 0.00792848506471626)	(74.0, 0.00792848506471626)	(75.0, 0.006937424431626727)	(76.0, 0.00396424253235813)	(77.0, 0.002973181899268597)	(78.0, 0.0)	(79.0, 0.0)	(80.0, 0.0009910606330895324)	(81.0, 0.001982121266179065)	(82.0, 0.002973181899268597)	(83.0, 0.0009910606330895324)	(84.0, 0.0009910606330895324)	(85.0, 0.0009910606330895324)	(86.0, 0.0009910606330895324)	(87.0, 0.002973181899268597)	(88.0, 0.001982121266179065)	(89.0, 0.001982121266179065)	(90.0, 0.0)	(91.0, 0.0)	(92.0, 0.0)	(93.0, 0.0)	(94.0, 0.0)	(95.0, 0.0)	(96.0, 0.0)	(97.0, 0.0009910606330895324)	(98.0, 0.0)	(99.0, 0.0)	(100.0, 0.0)
3861R_L_M_NS1_week9_S78_L001_R1_001	(0.0, 0.0)	(1.0, 0.0)	(2.0, 0.0)	(3.0, 0.0)	(4.0, 0.0)	(5.0, 0.0)	(6.0, 0.0)	(7.0, 0.0)	(8.0, 0.0)	(9.0, 0.0)	(10.0, 0.0)	(11.0, 0.0)	(12.0, 0.0)	(13.0, 0.0)	(14.0, 0.0)	(15.0, 0.0)	(16.0, 0.0)	(17.0, 0.0)	(18.0, 0.0)	(19.0, 0.0)	(20.0, 0.0)	(21.0, 0.0)	(22.0, 0.0)	(23.0, 0.0)	(24.0, 0.0)	(25.0, 0.0)	(26.0, 0.0)	(27.0, 0.0)	(28.0, 0.0)	(29.0, 0.0)	(30.0, 0.0)	(31.0, 0.0)	(32.0, 0.0007947798857106524)	(33.0, 0.0)	(34.0, 0.0)	(35.0, 0.0007947798857106524)	(36.0, 0.0)	(37.0, 0.0)	(38.0, 0.0007947798857106524)	(39.0, 0.0015895597714213048)	(40.0, 0.0015895597714213048)	(41.0, 0.0031791195428426096)	(42.0, 0.003973899428553262)	(43.0, 0.003973899428553262)	(44.0, 0.00953735862852783)	(45.0, 0.03258597531413675)	(46.0, 1.6102240484497816)	(47.0, 19.57940248448192)	(48.0, 18.72104020791442)	(49.0, 16.97808791855096)	(50.0, 5.6095564333457855)	(51.0, 2.309630347875156)	(52.0, 0.6994062994253741)	(53.0, 5.99422989802974)	(54.0, 19.983945446308645)	(55.0, 6.483019527741791)	(56.0, 0.690663720682557)	(57.0, 0.2916842180558094)	(58.0, 0.18279937371345006)	(59.0, 0.2670460415987792)	(60.0, 0.09298924662814634)	(61.0, 0.06358239085685219)	(62.0, 0.031791195428426094)	(63.0, 0.015895597714213047)	(64.0, 0.005563459199974567)	(65.0, 0.003973899428553262)	(66.0, 0.06755629028540545)	(67.0, 0.17564635474205417)	(68.0, 0.041328554056953924)	(69.0, 0.017485157485634353)	(70.0, 0.015895597714213047)	(71.0, 0.007153018971395872)	(72.0, 0.0007947798857106524)	(73.0, 0.0007947798857106524)	(74.0, 0.0)	(75.0, 0.0)	(76.0, 0.0)	(77.0, 0.0)	(78.0, 0.0)	(79.0, 0.0)	(80.0, 0.0)	(81.0, 0.0)	(82.0, 0.0)	(83.0, 0.0)	(84.0, 0.0)	(85.0, 0.0)	(86.0, 0.0)	(87.0, 0.0)	(88.0, 0.0)	(89.0, 0.0)	(90.0, 0.0)	(91.0, 0.0)	(92.0, 0.0)	(93.0, 0.0)	(94.0, 0.0)	(95.0, 0.0)	(96.0, 0.0)	(97.0, 0.0)	(98.0, 0.0)	(99.0, 0.0)	(100.0, 0.0)
3861R_L_M_NS1_week9_S78_L001_R2_001	(0.0, 0.0)	(1.0, 0.0)	(2.0, 0.0)	(3.0, 0.0)	(4.0, 0.0)	(5.0, 0.0)	(6.0, 0.0)	(7.0, 0.0)	(8.0, 0.0)	(9.0, 0.0)	(10.0, 0.0)	(11.0, 0.0)	(12.0, 0.0007863242486671803)	(13.0, 0.0007863242486671803)	(14.0, 0.0)	(15.0, 0.0)	(16.0, 0.0)	(17.0, 0.0)	(18.0, 0.0007863242486671803)	(19.0, 0.0)	(20.0, 0.0015726484973343606)	(21.0, 0.0007863242486671803)	(22.0, 0.0)	(23.0, 0.0007863242486671803)	(24.0, 0.0007863242486671803)	(25.0, 0.0)	(26.0, 0.0007863242486671803)	(27.0, 0.0007863242486671803)	(28.0, 0.0007863242486671803)	(29.0, 0.0015726484973343606)	(30.0, 0.0015726484973343606)	(31.0, 0.0015726484973343606)	(32.0, 0.0)	(33.0, 0.0)	(34.0, 0.0)	(35.0, 0.002358972746001541)	(36.0, 0.002358972746001541)	(37.0, 0.002358972746001541)	(38.0, 0.004717945492003082)	(39.0, 0.006290593989337442)	(40.0, 0.010222215232673344)	(41.0, 0.027521348703351312)	(42.0, 0.026735024454684134)	(43.0, 0.044820482174029286)	(44.0, 0.08177772186138675)	(45.0, 0.20994857439413714)	(46.0, 1.0363753597433438)	(47.0, 2.8504254014185286)	(48.0, 9.155959551480649)	(49.0, 19.079371569660466)	(50.0, 15.211442590466607)	(51.0, 10.172676805007312)	(52.0, 4.780065107647789)	(53.0, 8.823344394294432)	(54.0, 8.57565225596427)	(55.0, 4.258732130781449)	(56.0, 7.816849356000441)	(57.0, 4.827244562567821)	(58.0, 1.3108025225281899)	(59.0, 0.4859483856763175)	(60.0, 0.25083743532483055)	(61.0, 0.1808545771934515)	(62.0, 0.11794863730007707)	(63.0, 0.08256404611005394)	(64.0, 0.05818799440137135)	(65.0, 0.0723418308773806)	(66.0, 0.06290593989337442)	(67.0, 0.07470080362338213)	(68.0, 0.1163759888027427)	(69.0, 0.08099139761271958)	(70.0, 0.030666645698020037)	(71.0, 0.017299133470677967)	(72.0, 0.007076918238004624)	(73.0, 0.005504269740670262)	(74.0, 0.004717945492003082)	(75.0, 0.002358972746001541)	(76.0, 0.004717945492003082)	(77.0, 0.0015726484973343606)	(78.0, 0.0015726484973343606)	(79.0, 0.0015726484973343606)	(80.0, 0.0015726484973343606)	(81.0, 0.003145296994668721)	(82.0, 0.0)	(83.0, 0.0)	(84.0, 0.0015726484973343606)	(85.0, 0.0)	(86.0, 0.0)	(87.0, 0.0)	(88.0, 0.0)	(89.0, 0.0)	(90.0, 0.0)	(91.0, 0.0)	(92.0, 0.0)	(93.0, 0.0)	(94.0, 0.0)	(95.0, 0.0007863242486671803)	(96.0, 0.0007863242486671803)	(97.0, 0.0)	(98.0, 0.0)	(99.0, 0.0)	(100.0, 0.0)
3861R_NS1_week28_S39_L001_R1_001	(0.0, 0.0)	(1.0, 0.0)	(2.0, 0.0)	(3.0, 0.0)	(4.0, 0.0)	(5.0, 0.0)	(6.0, 0.0)	(7.0, 0.0)	(8.0, 0.0)	(9.0, 0.0)	(10.0, 0.0)	(11.0, 0.0)	(12.0, 0.0)	(13.0, 0.0)	(14.0, 0.0)	(15.0, 0.0)	(16.0, 0.0)	(17.0, 0.0)	(18.0, 0.0)	(19.0, 0.0)	(20.0, 0.0)	(21.0, 0.0)	(22.0, 0.0)	(23.0, 0.0)	(24.0, 0.0)	(25.0, 0.0)	(26.0, 0.0)	(27.0, 0.0)	(28.0, 0.0)	(29.0, 0.0)	(30.0, 0.0)	(31.0, 0.0)	(32.0, 0.0)	(33.0, 0.0)	(34.0, 0.0014089170359203398)	(35.0, 0.0007044585179601699)	(36.0, 0.0)	(37.0, 0.0)	(38.0, 0.0014089170359203398)	(39.0, 0.0)	(40.0, 0.0)	(41.0, 0.0035222925898008494)	(42.0, 0.0028178340718406796)	(43.0, 0.0035222925898008494)	(44.0, 0.009157960733482209)	(45.0, 0.031700633308207646)	(46.0, 1.0130113488267245)	(47.0, 14.198361429487225)	(48.0, 15.662930688326417)	(49.0, 18.543461568265553)	(50.0, 4.738187991800103)	(51.0, 1.9661437236268342)	(52.0, 0.8361922608187217)	(53.0, 7.532774932548097)	(54.0, 25.507738476819792)	(55.0, 7.827943051573408)	(56.0, 0.667826675026241)	(57.0, 0.26839869534282473)	(58.0, 0.16836558579248062)	(59.0, 0.25149169091178064)	(60.0, 0.08946623178094158)	(61.0, 0.08030827104745937)	(62.0, 0.027473882200446623)	(63.0, 0.012680253323283059)	(64.0, 0.0028178340718406796)	(65.0, 0.007749043697561868)	(66.0, 0.1028509436221848)	(67.0, 0.3113706649383951)	(68.0, 0.07678597845765853)	(69.0, 0.028178340718406795)	(70.0, 0.014089170359203398)	(71.0, 0.008453502215522038)	(72.0, 0.0007044585179601699)	(73.0, 0.0)	(74.0, 0.0)	(75.0, 0.0)	(76.0, 0.0)	(77.0, 0.0)	(78.0, 0.0)	(79.0, 0.0)	(80.0, 0.0)	(81.0, 0.0)	(82.0, 0.0)	(83.0, 0.0)	(84.0, 0.0)	(85.0, 0.0)	(86.0, 0.0)	(87.0, 0.0)	(88.0, 0.0)	(89.0, 0.0)	(90.0, 0.0)	(91.0, 0.0)	(92.0, 0.0)	(93.0, 0.0)	(94.0, 0.0)	(95.0, 0.0)	(96.0, 0.0)	(97.0, 0.0)	(98.0, 0.0)	(99.0, 0.0)	(100.0, 0.0)
3861R_NS1_week28_S39_L001_R2_001	(0.0, 0.0)	(1.0, 0.0)	(2.0, 0.0)	(3.0, 0.0)	(4.0, 0.0)	(5.0, 0.0)	(6.0, 0.0)	(7.0, 0.0)	(8.0, 0.0)	(9.0, 0.0)	(10.0, 0.0)	(11.0, 0.0)	(12.0, 0.0)	(13.0, 0.0)	(14.0, 0.0)	(15.0, 0.0)	(16.0, 0.0)	(17.0, 0.0)	(18.0, 0.0)	(19.0, 0.0)	(20.0, 0.0)	(21.0, 0.0)	(22.0, 0.0)	(23.0, 0.0)	(24.0, 0.0)	(25.0, 0.0)	(26.0, 0.0006981533842985304)	(27.0, 0.0)	(28.0, 0.0)	(29.0, 0.0)	(30.0, 0.0006981533842985304)	(31.0, 0.0013963067685970607)	(32.0, 0.0013963067685970607)	(33.0, 0.0013963067685970607)	(34.0, 0.0006981533842985304)	(35.0, 0.0013963067685970607)	(36.0, 0.0013963067685970607)	(37.0, 0.0020944601528955914)	(38.0, 0.003490766921492652)	(39.0, 0.004887073690089712)	(40.0, 0.005585227074388243)	(41.0, 0.006981533842985304)	(42.0, 0.02234090829755297)	(43.0, 0.03351136244632946)	(44.0, 0.04537996997940448)	(45.0, 0.12078053548364574)	(46.0, 0.6185638984884979)	(47.0, 1.8026320382588052)	(48.0, 6.267322930847907)	(49.0, 14.007051349181415)	(50.0, 15.174363807728557)	(51.0, 12.272140189199567)	(52.0, 4.088386218452194)	(53.0, 6.825147484902433)	(54.0, 6.447446503996929)	(55.0, 5.43931301706985)	(56.0, 12.822983209411106)	(57.0, 9.227493280273675)	(58.0, 2.3492861381645547)	(59.0, 0.7058330715258142)	(60.0, 0.3525674590707578)	(61.0, 0.2206164694383356)	(62.0, 0.1703494257688414)	(63.0, 0.12566760917373546)	(64.0, 0.08796732642161482)	(65.0, 0.0760987188885398)	(66.0, 0.0663245715083604)	(67.0, 0.12566760917373546)	(68.0, 0.19269033406639438)	(69.0, 0.1333472964010193)	(70.0, 0.0691171850455545)	(71.0, 0.034907669214926516)	(72.0, 0.011170454148776486)	(73.0, 0.009774147380179425)	(74.0, 0.004887073690089712)	(75.0, 0.003490766921492652)	(76.0, 0.004188920305791183)	(77.0, 0.0027926135371941214)	(78.0, 0.0013963067685970607)	(79.0, 0.0006981533842985304)	(80.0, 0.0013963067685970607)	(81.0, 0.0013963067685970607)	(82.0, 0.0006981533842985304)	(83.0, 0.0)	(84.0, 0.0)	(85.0, 0.0)	(86.0, 0.0)	(87.0, 0.0)	(88.0, 0.0)	(89.0, 0.0)	(90.0, 0.0)	(91.0, 0.0)	(92.0, 0.0)	(93.0, 0.0)	(94.0, 0.0)	(95.0, 0.0)	(96.0, 0.0)	(97.0, 0.0)	(98.0, 0.0)	(99.0, 0.0006981533842985304)	(100.0, 0.0)
3861R_R_M_NS1_week5_S58_L001_R1_001	(0.0, 0.0)	(1.0, 0.0)	(2.0, 0.0)	(3.0, 0.0)	(4.0, 0.0)	(5.0, 0.0)	(6.0, 0.0)	(7.0, 0.0)	(8.0, 0.0)	(9.0, 0.0)	(10.0, 0.0)	(11.0, 0.0)	(12.0, 0.0)	(13.0, 0.0)	(14.0, 0.0)	(15.0, 0.0)	(16.0, 0.0)	(17.0, 0.0)	(18.0, 0.0)	(19.0, 0.0)	(20.0, 0.0)	(21.0, 0.0)	(22.0, 0.0)	(23.0, 0.0)	(24.0, 0.0)	(25.0, 0.0)	(26.0, 0.0)	(27.0, 0.0)	(28.0, 0.0)	(29.0, 0.0)	(30.0, 0.0)	(31.0, 0.0)	(32.0, 0.0)	(33.0, 0.0)	(34.0, 0.0007308659299538093)	(35.0, 0.0014617318599076186)	(36.0, 0.0)	(37.0, 0.0007308659299538093)	(38.0, 0.0)	(39.0, 0.0007308659299538093)	(40.0, 0.0014617318599076186)	(41.0, 0.0014617318599076186)	(42.0, 0.005116061509676665)	(43.0, 0.0073086592995380934)	(44.0, 0.0073086592995380934)	(45.0, 0.024118575688475707)	(46.0, 0.5971174647722622)	(47.0, 10.444805004969888)	(48.0, 13.172396655557506)	(49.0, 21.560544933637374)	(50.0, 3.2969362100216335)	(51.0, 1.379144009822838)	(52.0, 0.6884757060164883)	(53.0, 7.543998128983219)	(54.0, 28.151493889960825)	(55.0, 10.475501374027948)	(56.0, 0.9252762673215226)	(57.0, 0.4312108986727474)	(58.0, 0.23606969537508038)	(59.0, 0.36543296497690464)	(60.0, 0.15275097936034615)	(61.0, 0.1015903642635795)	(62.0, 0.038005028357598086)	(63.0, 0.01242472080921476)	(64.0, 0.0036543296497690467)	(65.0, 0.005116061509676665)	(66.0, 0.06870139741565807)	(67.0, 0.22364497456586566)	(68.0, 0.051891481026720455)	(69.0, 0.011693854879260949)	(70.0, 0.0073086592995380934)	(71.0, 0.004385195579722856)	(72.0, 0.0)	(73.0, 0.0)	(74.0, 0.0)	(75.0, 0.0)	(76.0, 0.0)	(77.0, 0.0)	(78.0, 0.0)	(79.0, 0.0)	(80.0, 0.0)	(81.0, 0.0)	(82.0, 0.0)	(83.0, 0.0)	(84.0, 0.0)	(85.0, 0.0)	(86.0, 0.0)	(87.0, 0.0)	(88.0, 0.0)	(89.0, 0.0)	(90.0, 0.0)	(91.0, 0.0)	(92.0, 0.0)	(93.0, 0.0)	(94.0, 0.0)	(95.0, 0.0)	(96.0, 0.0)	(97.0, 0.0)	(98.0, 0.0)	(99.0, 0.0)	(100.0, 0.0)
3861R_R_M_NS1_week5_S58_L001_R2_001	(0.0, 0.0)	(1.0, 0.0)	(2.0, 0.0)	(3.0, 0.0)	(4.0, 0.0)	(5.0, 0.0)	(6.0, 0.0)	(7.0, 0.0)	(8.0, 0.0)	(9.0, 0.0)	(10.0, 0.0)	(11.0, 0.0)	(12.0, 0.0)	(13.0, 0.0)	(14.0, 0.0)	(15.0, 0.0)	(16.0, 0.0)	(17.0, 0.0)	(18.0, 0.000721790618165545)	(19.0, 0.0)	(20.0, 0.0)	(21.0, 0.0)	(22.0, 0.0)	(23.0, 0.0)	(24.0, 0.000721790618165545)	(25.0, 0.0)	(26.0, 0.000721790618165545)	(27.0, 0.000721790618165545)	(28.0, 0.0)	(29.0, 0.0)	(30.0, 0.0)	(31.0, 0.0)	(32.0, 0.0)	(33.0, 0.0)	(34.0, 0.0)	(35.0, 0.00144358123633109)	(36.0, 0.00288716247266218)	(37.0, 0.002165371854496635)	(38.0, 0.006496115563489906)	(39.0, 0.007217906181655451)	(40.0, 0.009383278036152085)	(41.0, 0.015157602981476446)	(42.0, 0.024540881017628528)	(43.0, 0.03897669338093943)	(44.0, 0.06423936501673351)	(45.0, 0.14363633301494347)	(46.0, 0.5608313103146285)	(47.0, 1.5287525292746245)	(48.0, 5.522420019584585)	(49.0, 11.117019100985724)	(50.0, 14.117502700699896)	(51.0, 14.485615915964322)	(52.0, 4.993347496469241)	(53.0, 8.559714940825199)	(54.0, 8.09271641087209)	(55.0, 5.627079659218589)	(56.0, 12.026475279874312)	(57.0, 8.099212526435581)	(58.0, 2.1220644174067025)	(59.0, 0.8690359042713163)	(60.0, 0.4431794395536447)	(61.0, 0.3009866877750323)	(62.0, 0.22880762595847778)	(63.0, 0.1984924199955249)	(64.0, 0.13569663621512246)	(65.0, 0.09671994283418305)	(66.0, 0.07867517738004441)	(67.0, 0.11765187076098385)	(68.0, 0.1537414016692611)	(69.0, 0.08228413047087213)	(70.0, 0.043307437089932704)	(71.0, 0.021653718544966352)	(72.0, 0.014435812363310901)	(73.0, 0.006496115563489906)	(74.0, 0.0036089530908277254)	(75.0, 0.00433074370899327)	(76.0, 0.0036089530908277254)	(77.0, 0.00433074370899327)	(78.0, 0.006496115563489906)	(79.0, 0.002165371854496635)	(80.0, 0.000721790618165545)	(81.0, 0.000721790618165545)	(82.0, 0.00144358123633109)	(83.0, 0.00288716247266218)	(84.0, 0.0)	(85.0, 0.0)	(86.0, 0.0)	(87.0, 0.0)	(88.0, 0.000721790618165545)	(89.0, 0.00144358123633109)	(90.0, 0.00144358123633109)	(91.0, 0.0)	(92.0, 0.00144358123633109)	(93.0, 0.000721790618165545)	(94.0, 0.0)	(95.0, 0.0)	(96.0, 0.0)	(97.0, 0.0)	(98.0, 0.0)	(99.0, 0.0)	(100.0, 0.0009623874908873933)
3924R_L_F_S5_week5_S21_L001_R1_001	(0.0, 0.0)	(1.0, 0.0)	(2.0, 0.0)	(3.0, 0.0)	(4.0, 0.0)	(5.0, 0.0)	(6.0, 0.0)	(7.0, 0.0)	(8.0, 0.0)	(9.0, 0.0)	(10.0, 0.0)	(11.0, 0.0)	(12.0, 0.0)	(13.0, 0.0)	(14.0, 0.0)	(15.0, 0.0)	(16.0, 0.0)	(17.0, 0.0)	(18.0, 0.0)	(19.0, 0.0)	(20.0, 0.0)	(21.0, 0.0)	(22.0, 0.0)	(23.0, 0.0)	(24.0, 0.0)	(25.0, 0.0)	(26.0, 0.0)	(27.0, 0.0)	(28.0, 0.0)	(29.0, 0.0)	(30.0, 0.0)	(31.0, 0.0)	(32.0, 0.0)	(33.0, 0.0)	(34.0, 0.0)	(35.0, 0.0)	(36.0, 0.0)	(37.0, 0.0)	(38.0, 0.0006481343452870911)	(39.0, 0.0019444030358612735)	(40.0, 0.0012962686905741822)	(41.0, 0.0025925373811483644)	(42.0, 0.0019444030358612735)	(43.0, 0.003888806071722547)	(44.0, 0.012962686905741821)	(45.0, 0.04536940417009638)	(46.0, 6.127462100344159)	(47.0, 18.846450492258036)	(48.0, 1.8115354950774196)	(49.0, 3.4565004634160568)	(50.0, 9.048603594553079)	(51.0, 5.794969181211881)	(52.0, 0.7654466617840545)	(53.0, 4.609531463681791)	(54.0, 32.070335539150555)	(55.0, 14.654317546941131)	(56.0, 1.3131201835516466)	(57.0, 0.46211978818969596)	(58.0, 0.23786530472036244)	(59.0, 0.23656903602978824)	(60.0, 0.2093473935277304)	(61.0, 0.20805112483715626)	(62.0, 0.049906344587106015)	(63.0, 0.014907089941603094)	(64.0, 0.00583320910758382)	(65.0, 0.0012962686905741822)	(66.0, 0.0006481343452870911)	(67.0, 0.0012962686905741822)	(68.0, 0.0019444030358612735)	(69.0, 0.0)	(70.0, 0.0006481343452870911)	(71.0, 0.0006481343452870911)	(72.0, 0.0)	(73.0, 0.0)	(74.0, 0.0)	(75.0, 0.0)	(76.0, 0.0)	(77.0, 0.0)	(78.0, 0.0)	(79.0, 0.0)	(80.0, 0.0)	(81.0, 0.0)	(82.0, 0.0)	(83.0, 0.0)	(84.0, 0.0)	(85.0, 0.0)	(86.0, 0.0)	(87.0, 0.0)	(88.0, 0.0)	(89.0, 0.0)	(90.0, 0.0)	(91.0, 0.0)	(92.0, 0.0)	(93.0, 0.0)	(94.0, 0.0)	(95.0, 0.0)	(96.0, 0.0)	(97.0, 0.0)	(98.0, 0.0)	(99.0, 0.0)	(100.0, 0.0)
3924R_L_F_S5_week5_S21_L001_R2_001	(0.0, 0.0)	(1.0, 0.0)	(2.0, 0.0)	(3.0, 0.0)	(4.0, 0.0)	(5.0, 0.0)	(6.0, 0.0)	(7.0, 0.0)	(8.0, 0.0)	(9.0, 0.0)	(10.0, 0.0)	(11.0, 0.0)	(12.0, 0.0)	(13.0, 0.0)	(14.0, 0.0)	(15.0, 0.0)	(16.0, 0.0)	(17.0, 0.0)	(18.0, 0.0)	(19.0, 0.0)	(20.0, 0.0)	(21.0, 0.0)	(22.0, 0.0)	(23.0, 0.0)	(24.0, 0.0)	(25.0, 0.0)	(26.0, 0.0)	(27.0, 0.0)	(28.0, 0.0)	(29.0, 0.0)	(30.0, 0.0)	(31.0, 0.0006500344518259467)	(32.0, 0.0)	(33.0, 0.0006500344518259467)	(34.0, 0.0013000689036518935)	(35.0, 0.0)	(36.0, 0.0006500344518259467)	(37.0, 0.002600137807303787)	(38.0, 0.0006500344518259467)	(39.0, 0.0013000689036518935)	(40.0, 0.005200275614607574)	(41.0, 0.0097505167773892)	(42.0, 0.011050585681041095)	(43.0, 0.0195010335547784)	(44.0, 0.03835203265773086)	(45.0, 0.16640881966744236)	(46.0, 0.9965028146491763)	(47.0, 2.3050221661748074)	(48.0, 8.044176341346091)	(49.0, 15.394115888142071)	(50.0, 2.858851519130514)	(51.0, 1.5327812374055825)	(52.0, 3.166317814844187)	(53.0, 8.431596874634357)	(54.0, 16.781289408338644)	(55.0, 9.060830224001872)	(56.0, 15.465619677842927)	(57.0, 10.977781822436588)	(58.0, 2.435029056539997)	(59.0, 0.7761411354801805)	(60.0, 0.36726946528165993)	(61.0, 0.3100664335209766)	(62.0, 0.2541634706639452)	(63.0, 0.16445871631196451)	(64.0, 0.12350654584692988)	(65.0, 0.09750516777389202)	(66.0, 0.06760358298989846)	(67.0, 0.03510186039860112)	(68.0, 0.026651412524863815)	(69.0, 0.020801102458430296)	(70.0, 0.014300757940170829)	(71.0, 0.01235065458469299)	(72.0, 0.006500344518259467)	(73.0, 0.0032501722591297337)	(74.0, 0.002600137807303787)	(75.0, 0.0019501033554778404)	(76.0, 0.0)	(77.0, 0.0)	(78.0, 0.0)	(79.0, 0.0013000689036518935)	(80.0, 0.0)	(81.0, 0.0)	(82.0, 0.0006500344518259467)	(83.0, 0.0006500344518259467)	(84.0, 0.0013000689036518935)	(85.0, 0.0006500344518259467)	(86.0, 0.0006500344518259467)	(87.0, 0.0)	(88.0, 0.0006500344518259467)	(89.0, 0.0)	(90.0, 0.0)	(91.0, 0.0)	(92.0, 0.0006500344518259467)	(93.0, 0.0)	(94.0, 0.0)	(95.0, 0.0)	(96.0, 0.0)	(97.0, 0.0)	(98.0, 0.0)	(99.0, 0.0013000689036518935)	(100.0, 0.0)
3929R_0_F_S5_week5_S22_L001_R1_001	(0.0, 0.0)	(1.0, 0.0)	(2.0, 0.0)	(3.0, 0.0)	(4.0, 0.0)	(5.0, 0.0)	(6.0, 0.0)	(7.0, 0.0)	(8.0, 0.0)	(9.0, 0.0)	(10.0, 0.0)	(11.0, 0.0)	(12.0, 0.0)	(13.0, 0.0)	(14.0, 0.0)	(15.0, 0.0)	(16.0, 0.0)	(17.0, 0.0)	(18.0, 0.0)	(19.0, 0.0)	(20.0, 0.0)	(21.0, 0.0)	(22.0, 0.0)	(23.0, 0.0)	(24.0, 0.0)	(25.0, 0.0)	(26.0, 0.0)	(27.0, 0.0)	(28.0, 0.0)	(29.0, 0.0)	(30.0, 0.0)	(31.0, 0.0)	(32.0, 0.0)	(33.0, 0.0005207492540266936)	(34.0, 0.0)	(35.0, 0.0)	(36.0, 0.0)	(37.0, 0.0)	(38.0, 0.0005207492540266936)	(39.0, 0.0010414985080533872)	(40.0, 0.0010414985080533872)	(41.0, 0.002603746270133468)	(42.0, 0.00572824179429363)	(43.0, 0.008852737318453792)	(44.0, 0.011977232842613953)	(45.0, 0.06925965078555026)	(46.0, 9.929646775780993)	(47.0, 27.990793153188807)	(48.0, 2.775593523962277)	(49.0, 3.6926329603032846)	(50.0, 7.401409147481395)	(51.0, 4.510209289125194)	(52.0, 0.6150048690055252)	(53.0, 6.4093818185605445)	(54.0, 24.49448266165359)	(55.0, 9.47190818149153)	(56.0, 0.9576578781550895)	(57.0, 0.380667704693513)	(58.0, 0.21819393743718463)	(59.0, 0.4566970957814103)	(60.0, 0.28537059120662805)	(61.0, 0.1952809702600101)	(62.0, 0.054157922418776136)	(63.0, 0.02187146866912113)	(64.0, 0.016143226874827502)	(65.0, 0.006248991048320322)	(66.0, 0.003124495524160161)	(67.0, 0.004686743286240243)	(68.0, 0.003124495524160161)	(69.0, 0.0015622477620800806)	(70.0, 0.0010414985080533872)	(71.0, 0.0)	(72.0, 0.0)	(73.0, 0.0)	(74.0, 0.0)	(75.0, 0.0)	(76.0, 0.0)	(77.0, 0.0)	(78.0, 0.0)	(79.0, 0.0005207492540266936)	(80.0, 0.0005207492540266936)	(81.0, 0.0)	(82.0, 0.0)	(83.0, 0.0)	(84.0, 0.0)	(85.0, 0.0005207492540266936)	(86.0, 0.0)	(87.0, 0.0)	(88.0, 0.0)	(89.0, 0.0)	(90.0, 0.0)	(91.0, 0.0)	(92.0, 0.0)	(93.0, 0.0)	(94.0, 0.0)	(95.0, 0.0)	(96.0, 0.0)	(97.0, 0.0)	(98.0, 0.0)	(99.0, 0.0)	(100.0, 0.0)
3929R_0_F_S5_week5_S22_L001_R2_001	(0.0, 0.0)	(1.0, 0.0)	(2.0, 0.0)	(3.0, 0.0)	(4.0, 0.0)	(5.0, 0.0)	(6.0, 0.0)	(7.0, 0.0)	(8.0, 0.0)	(9.0, 0.0)	(10.0, 0.0)	(11.0, 0.0005166356685265551)	(12.0, 0.0005166356685265551)	(13.0, 0.0)	(14.0, 0.0)	(15.0, 0.0)	(16.0, 0.0)	(17.0, 0.0)	(18.0, 0.0005166356685265551)	(19.0, 0.0)	(20.0, 0.0005166356685265551)	(21.0, 0.0)	(22.0, 0.0)	(23.0, 0.0)	(24.0, 0.0)	(25.0, 0.0)	(26.0, 0.0)	(27.0, 0.0005166356685265551)	(28.0, 0.0)	(29.0, 0.0)	(30.0, 0.0)	(31.0, 0.0)	(32.0, 0.0005166356685265551)	(33.0, 0.0005166356685265551)	(34.0, 0.0015499070055796653)	(35.0, 0.0005166356685265551)	(36.0, 0.0025831783426327757)	(37.0, 0.0010332713370531101)	(38.0, 0.0030998140111593306)	(39.0, 0.005166356685265551)	(40.0, 0.008266170696424881)	(41.0, 0.011365984707584213)	(42.0, 0.02118206240958876)	(43.0, 0.028931597437487085)	(44.0, 0.0609630088861335)	(45.0, 0.27330026865054763)	(46.0, 1.640834883240339)	(47.0, 3.58131845422608)	(48.0, 13.551353585451539)	(49.0, 21.052386856788594)	(50.0, 2.6384583591651167)	(51.0, 1.9146517875594131)	(52.0, 3.9718950196321554)	(53.0, 9.528311634635255)	(54.0, 13.068299235379211)	(55.0, 6.357718536887787)	(56.0, 11.194978301301923)	(57.0, 7.116656333953296)	(58.0, 1.8035751188262037)	(59.0, 0.78735275883447)	(60.0, 0.35957842529448236)	(61.0, 0.27640008266170696)	(62.0, 0.22938623682579046)	(63.0, 0.13949163050216987)	(64.0, 0.10281049803678446)	(65.0, 0.06974581525108493)	(66.0, 0.04339739615623063)	(67.0, 0.04753048150444307)	(68.0, 0.030998140111593304)	(69.0, 0.01911551973548254)	(70.0, 0.013432527381690432)	(71.0, 0.010849349039057658)	(72.0, 0.008782806364951436)	(73.0, 0.0020665426741062203)	(74.0, 0.0015499070055796653)	(75.0, 0.0020665426741062203)	(76.0, 0.0020665426741062203)	(77.0, 0.0005166356685265551)	(78.0, 0.0010332713370531101)	(79.0, 0.0015499070055796653)	(80.0, 0.0005166356685265551)	(81.0, 0.0005166356685265551)	(82.0, 0.0010332713370531101)	(83.0, 0.0015499070055796653)	(84.0, 0.0005166356685265551)	(85.0, 0.0005166356685265551)	(86.0, 0.0010332713370531101)	(87.0, 0.0005166356685265551)	(88.0, 0.0010332713370531101)	(89.0, 0.0)	(90.0, 0.0)	(91.0, 0.0)	(92.0, 0.0005166356685265551)	(93.0, 0.0)	(94.0, 0.0005166356685265551)	(95.0, 0.0)	(96.0, 0.0)	(97.0, 0.0)	(98.0, 0.0)	(99.0, 0.0)	(100.0, 0.0)
3971R_0_F_NS1_week5_S59_L001_R1_001	(0.0, 0.0)	(1.0, 0.0)	(2.0, 0.0)	(3.0, 0.0)	(4.0, 0.0)	(5.0, 0.0)	(6.0, 0.0)	(7.0, 0.0)	(8.0, 0.0)	(9.0, 0.0)	(10.0, 0.0)	(11.0, 0.0)	(12.0, 0.0)	(13.0, 0.0)	(14.0, 0.0)	(15.0, 0.0)	(16.0, 0.0)	(17.0, 0.0)	(18.0, 0.0)	(19.0, 0.0)	(20.0, 0.0)	(21.0, 0.0)	(22.0, 0.0)	(23.0, 0.0)	(24.0, 0.0)	(25.0, 0.0)	(26.0, 0.0)	(27.0, 0.0)	(28.0, 0.0)	(29.0, 0.0)	(30.0, 0.0)	(31.0, 0.0)	(32.0, 0.0)	(33.0, 0.0)	(34.0, 0.0)	(35.0, 0.0)	(36.0, 0.0)	(37.0, 0.0007583283410050884)	(38.0, 0.0)	(39.0, 0.0015166566820101768)	(40.0, 0.0007583283410050884)	(41.0, 0.0007583283410050884)	(42.0, 0.006824955069045796)	(43.0, 0.010616596774071238)	(44.0, 0.009099940092061061)	(45.0, 0.03184979032221371)	(46.0, 0.8690442787918313)	(47.0, 11.177001418073997)	(48.0, 14.112490426104696)	(49.0, 21.95360547209731)	(50.0, 3.852307972305849)	(51.0, 1.5485064723323905)	(52.0, 0.5786045241868825)	(53.0, 5.948327506843913)	(54.0, 27.418119497379976)	(55.0, 10.29658221416709)	(56.0, 0.8531193836307245)	(57.0, 0.3670309170464628)	(58.0, 0.20019868202534333)	(59.0, 0.2752731877848471)	(60.0, 0.10237432603568693)	(61.0, 0.058391282257391805)	(62.0, 0.024266506912162828)	(63.0, 0.01440823847909668)	(64.0, 0.012133253456081414)	(65.0, 0.005308298387035619)	(66.0, 0.05914961059839689)	(67.0, 0.15545730990604312)	(68.0, 0.03715808870924933)	(69.0, 0.008341611751055971)	(70.0, 0.0045499700460305305)	(71.0, 0.0022749850230152652)	(72.0, 0.0015166566820101768)	(73.0, 0.0007583283410050884)	(74.0, 0.0)	(75.0, 0.0)	(76.0, 0.0)	(77.0, 0.0)	(78.0, 0.0)	(79.0, 0.0)	(80.0, 0.0)	(81.0, 0.0)	(82.0, 0.0)	(83.0, 0.0)	(84.0, 0.0)	(85.0, 0.0)	(86.0, 0.0)	(87.0, 0.0)	(88.0, 0.0)	(89.0, 0.0007583283410050884)	(90.0, 0.0)	(91.0, 0.0)	(92.0, 0.0)	(93.0, 0.0007583283410050884)	(94.0, 0.0)	(95.0, 0.0)	(96.0, 0.0)	(97.0, 0.0)	(98.0, 0.0)	(99.0, 0.0)	(100.0, 0.0)
3971R_0_F_NS1_week5_S59_L001_R2_001	(0.0, 0.0)	(1.0, 0.0)	(2.0, 0.0)	(3.0, 0.0)	(4.0, 0.0)	(5.0, 0.0)	(6.0, 0.0)	(7.0, 0.0)	(8.0, 0.0)	(9.0, 0.0)	(10.0, 0.0)	(11.0, 0.0)	(12.0, 0.0)	(13.0, 0.0)	(14.0, 0.0)	(15.0, 0.0)	(16.0, 0.0)	(17.0, 0.0)	(18.0, 0.0)	(19.0, 0.0)	(20.0, 0.0)	(21.0, 0.0)	(22.0, 0.0007474623652699087)	(23.0, 0.0007474623652699087)	(24.0, 0.0)	(25.0, 0.0)	(26.0, 0.0)	(27.0, 0.0007474623652699087)	(28.0, 0.0007474623652699087)	(29.0, 0.0007474623652699087)	(30.0, 0.0)	(31.0, 0.0)	(32.0, 0.0)	(33.0, 0.0007474623652699087)	(34.0, 0.0)	(35.0, 0.0007474623652699087)	(36.0, 0.0007474623652699087)	(37.0, 0.0014949247305398173)	(38.0, 0.0052322365568893605)	(39.0, 0.007474623652699087)	(40.0, 0.007474623652699087)	(41.0, 0.014949247305398174)	(42.0, 0.028403569880256527)	(43.0, 0.04410027955092461)	(44.0, 0.07250384943118114)	(45.0, 0.17042141928153917)	(46.0, 0.6308582362878029)	(47.0, 1.6414273541327196)	(48.0, 5.872064341560403)	(49.0, 11.591646360605743)	(50.0, 14.33333831641577)	(51.0, 14.609151929200365)	(52.0, 4.127487181020436)	(53.0, 6.606819846620722)	(54.0, 8.026998340633549)	(55.0, 5.678471588955496)	(56.0, 12.976694123450885)	(57.0, 8.637675093059064)	(58.0, 2.1325101281150496)	(59.0, 0.8281883007190589)	(60.0, 0.43278070949127717)	(61.0, 0.33635806437145893)	(62.0, 0.23619810742529115)	(63.0, 0.19135036550909662)	(64.0, 0.13828053757493308)	(65.0, 0.1128668171557562)	(66.0, 0.08820055910184922)	(67.0, 0.1038972687725173)	(68.0, 0.12482621500007475)	(69.0, 0.07848354835334041)	(70.0, 0.033635806437145886)	(71.0, 0.017191634401207898)	(72.0, 0.006727161287429177)	(73.0, 0.009717010748508812)	(74.0, 0.0052322365568893605)	(75.0, 0.0052322365568893605)	(76.0, 0.0052322365568893605)	(77.0, 0.0029898494610796347)	(78.0, 0.0014949247305398173)	(79.0, 0.0014949247305398173)	(80.0, 0.0022423870958097262)	(81.0, 0.0014949247305398173)	(82.0, 0.0007474623652699087)	(83.0, 0.0022423870958097262)	(84.0, 0.0014949247305398173)	(85.0, 0.0014949247305398173)	(86.0, 0.0007474623652699087)	(87.0, 0.0007474623652699087)	(88.0, 0.0007474623652699087)	(89.0, 0.0007474623652699087)	(90.0, 0.0)	(91.0, 0.0007474623652699087)	(92.0, 0.0)	(93.0, 0.0)	(94.0, 0.0014949247305398173)	(95.0, 0.0014949247305398173)	(96.0, 0.0)	(97.0, 0.0)	(98.0, 0.0)	(99.0, 0.0)	(100.0, 0.0)
3971R_0_F_NS1_week9_S79_L001_R1_001	(0.0, 0.0)	(1.0, 0.0)	(2.0, 0.0)	(3.0, 0.0)	(4.0, 0.0)	(5.0, 0.0)	(6.0, 0.0)	(7.0, 0.0)	(8.0, 0.0)	(9.0, 0.0)	(10.0, 0.0)	(11.0, 0.0)	(12.0, 0.0)	(13.0, 0.0)	(14.0, 0.0)	(15.0, 0.0)	(16.0, 0.0)	(17.0, 0.0)	(18.0, 0.0)	(19.0, 0.0)	(20.0, 0.0)	(21.0, 0.0)	(22.0, 0.0)	(23.0, 0.0)	(24.0, 0.0)	(25.0, 0.0)	(26.0, 0.0)	(27.0, 0.0)	(28.0, 0.0)	(29.0, 0.000646069956454885)	(30.0, 0.0)	(31.0, 0.0)	(32.0, 0.0)	(33.0, 0.0)	(34.0, 0.0)	(35.0, 0.0)	(36.0, 0.0)	(37.0, 0.0)	(38.0, 0.0)	(39.0, 0.00129213991290977)	(40.0, 0.000646069956454885)	(41.0, 0.004522489695184195)	(42.0, 0.003230349782274425)	(43.0, 0.00904497939036839)	(44.0, 0.014213539042007468)	(45.0, 0.03941026734374798)	(46.0, 1.0324197904149062)	(47.0, 12.849039293974752)	(48.0, 15.498572185396235)	(49.0, 19.56299828145392)	(50.0, 4.552208913181119)	(51.0, 1.8516364951997002)	(52.0, 0.6169968084144152)	(53.0, 5.563954464989469)	(54.0, 26.570919099120054)	(55.0, 9.608352392397048)	(56.0, 0.8767169309092788)	(57.0, 0.370844155005104)	(58.0, 0.18929849724128128)	(59.0, 0.24809086327867583)	(60.0, 0.10401726298923648)	(61.0, 0.06396092568903361)	(62.0, 0.030365287953379592)	(63.0, 0.00775283947745862)	(64.0, 0.00258427982581954)	(65.0, 0.007106769521003734)	(66.0, 0.06331485573257872)	(67.0, 0.17637709811218358)	(68.0, 0.0471631068212066)	(69.0, 0.020028168650101433)	(70.0, 0.00775283947745862)	(71.0, 0.00387641973872931)	(72.0, 0.000646069956454885)	(73.0, 0.0)	(74.0, 0.0)	(75.0, 0.0)	(76.0, 0.0)	(77.0, 0.0)	(78.0, 0.0)	(79.0, 0.0)	(80.0, 0.0)	(81.0, 0.0)	(82.0, 0.0)	(83.0, 0.0)	(84.0, 0.0)	(85.0, 0.0)	(86.0, 0.0)	(87.0, 0.0)	(88.0, 0.0)	(89.0, 0.0)	(90.0, 0.0)	(91.0, 0.0)	(92.0, 0.0)	(93.0, 0.0)	(94.0, 0.0)	(95.0, 0.0)	(96.0, 0.0)	(97.0, 0.0)	(98.0, 0.0)	(99.0, 0.0)	(100.0, 0.0)
3971R_0_F_NS1_week9_S79_L001_R2_001	(0.0, 0.0)	(1.0, 0.0)	(2.0, 0.0)	(3.0, 0.0)	(4.0, 0.0)	(5.0, 0.0)	(6.0, 0.0)	(7.0, 0.0)	(8.0, 0.0)	(9.0, 0.0)	(10.0, 0.0)	(11.0, 0.0)	(12.0, 0.0)	(13.0, 0.0)	(14.0, 0.0)	(15.0, 0.0)	(16.0, 0.0)	(17.0, 0.0)	(18.0, 0.0)	(19.0, 0.0)	(20.0, 0.0)	(21.0, 0.0)	(22.0, 0.0)	(23.0, 0.0)	(24.0, 0.0)	(25.0, 0.0)	(26.0, 0.0)	(27.0, 0.0006402294582378324)	(28.0, 0.0)	(29.0, 0.0)	(30.0, 0.0)	(31.0, 0.0)	(32.0, 0.0)	(33.0, 0.0)	(34.0, 0.0006402294582378324)	(35.0, 0.0)	(36.0, 0.0006402294582378324)	(37.0, 0.0025609178329513297)	(38.0, 0.0038413767494269945)	(39.0, 0.005762065124140492)	(40.0, 0.007042524040616156)	(41.0, 0.014085048081232312)	(42.0, 0.02432871941303763)	(43.0, 0.033932161286605124)	(44.0, 0.0691447814896859)	(45.0, 0.15365506997707978)	(46.0, 0.6619972598179188)	(47.0, 1.890597590176319)	(48.0, 6.134038439376672)	(49.0, 13.387838201211313)	(50.0, 15.452578204028326)	(51.0, 12.640690423447765)	(52.0, 3.7715917384790707)	(53.0, 6.114831555629538)	(54.0, 7.576475408786509)	(55.0, 5.4317067236897705)	(56.0, 13.559419696019054)	(57.0, 8.685993059912672)	(58.0, 2.043612430695161)	(59.0, 0.7554707607206423)	(60.0, 0.3700526268614671)	(61.0, 0.24264696467213848)	(62.0, 0.1696608064330256)	(63.0, 0.13252749785523132)	(64.0, 0.118442449773999)	(65.0, 0.08258960011268038)	(66.0, 0.07170569932263723)	(67.0, 0.09987579548510186)	(68.0, 0.10883900790043151)	(69.0, 0.07490684661382639)	(70.0, 0.04225514424369694)	(71.0, 0.015365506997707978)	(72.0, 0.009603441873567486)	(73.0, 0.006402294582378325)	(74.0, 0.007682753498853989)	(75.0, 0.0032011472911891623)	(76.0, 0.0032011472911891623)	(77.0, 0.0038413767494269945)	(78.0, 0.0032011472911891623)	(79.0, 0.0019206883747134972)	(80.0, 0.0012804589164756648)	(81.0, 0.0)	(82.0, 0.0012804589164756648)	(83.0, 0.0006402294582378324)	(84.0, 0.0006402294582378324)	(85.0, 0.0012804589164756648)	(86.0, 0.0)	(87.0, 0.0006402294582378324)	(88.0, 0.0012804589164756648)	(89.0, 0.0006402294582378324)	(90.0, 0.0)	(91.0, 0.0)	(92.0, 0.0006402294582378324)	(93.0, 0.0)	(94.0, 0.0)	(95.0, 0.0)	(96.0, 0.0006402294582378324)	(97.0, 0.0)	(98.0, 0.0)	(99.0, 0.0)	(100.0, 0.0)
3971R_NS1_week30_S40_L001_R1_001	(0.0, 0.0)	(1.0, 0.0)	(2.0, 0.0)	(3.0, 0.0)	(4.0, 0.0)	(5.0, 0.0)	(6.0, 0.0)	(7.0, 0.0)	(8.0, 0.0)	(9.0, 0.0)	(10.0, 0.0)	(11.0, 0.0)	(12.0, 0.0)	(13.0, 0.0)	(14.0, 0.0)	(15.0, 0.0)	(16.0, 0.0)	(17.0, 0.0)	(18.0, 0.0)	(19.0, 0.0)	(20.0, 0.0)	(21.0, 0.0)	(22.0, 0.0)	(23.0, 0.0)	(24.0, 0.0)	(25.0, 0.0)	(26.0, 0.0)	(27.0, 0.0)	(28.0, 0.0)	(29.0, 0.0)	(30.0, 0.0)	(31.0, 0.0)	(32.0, 0.0)	(33.0, 0.0)	(34.0, 0.0006307397315571703)	(35.0, 0.0)	(36.0, 0.0)	(37.0, 0.0)	(38.0, 0.0006307397315571703)	(39.0, 0.0018922191946715108)	(40.0, 0.002522958926228681)	(41.0, 0.002522958926228681)	(42.0, 0.0031536986577858517)	(43.0, 0.002522958926228681)	(44.0, 0.0037844383893430216)	(45.0, 0.02081441114138662)	(46.0, 0.9259259259259258)	(47.0, 12.490538904026643)	(48.0, 13.049374306186296)	(49.0, 15.726864466646484)	(50.0, 4.298491270562115)	(51.0, 1.8335603996366938)	(52.0, 1.084872338278333)	(53.0, 9.349455040871934)	(54.0, 30.227570895145828)	(55.0, 9.022101120193764)	(56.0, 0.7461651024321324)	(57.0, 0.3374457563830861)	(58.0, 0.1866989605409224)	(59.0, 0.18606822080936525)	(60.0, 0.07758098698153194)	(61.0, 0.05550509637703099)	(62.0, 0.025229589262286814)	(63.0, 0.010091835704914724)	(64.0, 0.0037844383893430216)	(65.0, 0.0031536986577858517)	(66.0, 0.06181249369260269)	(67.0, 0.18228378242002222)	(68.0, 0.04919769906145928)	(69.0, 0.014507013825814917)	(70.0, 0.008199616510243214)	(71.0, 0.004415178120900191)	(72.0, 0.0006307397315571703)	(73.0, 0.0)	(74.0, 0.0)	(75.0, 0.0)	(76.0, 0.0)	(77.0, 0.0)	(78.0, 0.0)	(79.0, 0.0)	(80.0, 0.0)	(81.0, 0.0)	(82.0, 0.0)	(83.0, 0.0)	(84.0, 0.0)	(85.0, 0.0)	(86.0, 0.0)	(87.0, 0.0)	(88.0, 0.0)	(89.0, 0.0)	(90.0, 0.0)	(91.0, 0.0)	(92.0, 0.0)	(93.0, 0.0)	(94.0, 0.0)	(95.0, 0.0)	(96.0, 0.0)	(97.0, 0.0)	(98.0, 0.0)	(99.0, 0.0)	(100.0, 0.0)
3971R_NS1_week30_S40_L001_R2_001	(0.0, 0.0)	(1.0, 0.0)	(2.0, 0.0)	(3.0, 0.0)	(4.0, 0.0)	(5.0, 0.0)	(6.0, 0.0)	(7.0, 0.0)	(8.0, 0.0)	(9.0, 0.0)	(10.0, 0.0)	(11.0, 0.0)	(12.0, 0.0)	(13.0, 0.0)	(14.0, 0.0)	(15.0, 0.0)	(16.0, 0.0)	(17.0, 0.0)	(18.0, 0.0006246135203842623)	(19.0, 0.0)	(20.0, 0.0)	(21.0, 0.0)	(22.0, 0.0)	(23.0, 0.0006246135203842623)	(24.0, 0.0)	(25.0, 0.0)	(26.0, 0.0006246135203842623)	(27.0, 0.0006246135203842623)	(28.0, 0.0006246135203842623)	(29.0, 0.0012492270407685245)	(30.0, 0.0006246135203842623)	(31.0, 0.0)	(32.0, 0.0)	(33.0, 0.0006246135203842623)	(34.0, 0.0006246135203842623)	(35.0, 0.0012492270407685245)	(36.0, 0.0006246135203842623)	(37.0, 0.0006246135203842623)	(38.0, 0.0012492270407685245)	(39.0, 0.0037476811223055738)	(40.0, 0.0068707487242268845)	(41.0, 0.009369202805763933)	(42.0, 0.015615338009606556)	(43.0, 0.020612246172680655)	(44.0, 0.033104516580365895)	(45.0, 0.10993197958763015)	(46.0, 0.5627767818662203)	(47.0, 1.5727768443275725)	(48.0, 5.568429534225698)	(49.0, 12.146859130912748)	(50.0, 13.301144916582864)	(51.0, 10.444162674345248)	(52.0, 3.8026471120993888)	(53.0, 7.066877369627543)	(54.0, 7.347953453800462)	(55.0, 7.319845845383169)	(56.0, 15.5778611983835)	(57.0, 10.391070525112585)	(58.0, 2.4309958213355487)	(59.0, 0.7607792678280314)	(60.0, 0.32854671172212196)	(61.0, 0.21923934565487604)	(62.0, 0.16614719642221376)	(63.0, 0.12679654463800524)	(64.0, 0.08994434693533376)	(65.0, 0.06995671428303737)	(66.0, 0.0712059413238059)	(67.0, 0.0993135497410977)	(68.0, 0.14491033672914885)	(69.0, 0.07682746300726426)	(70.0, 0.039975265304592784)	(71.0, 0.020612246172680655)	(72.0, 0.012492270407685245)	(73.0, 0.0068707487242268845)	(74.0, 0.0018738405611527869)	(75.0, 0.0037476811223055738)	(76.0, 0.0037476811223055738)	(77.0, 0.0037476811223055738)	(78.0, 0.0006246135203842623)	(79.0, 0.0012492270407685245)	(80.0, 0.0006246135203842623)	(81.0, 0.0018738405611527869)	(82.0, 0.0006246135203842623)	(83.0, 0.0006246135203842623)	(84.0, 0.0)	(85.0, 0.0)	(86.0, 0.0006246135203842623)	(87.0, 0.0018738405611527869)	(88.0, 0.0012492270407685245)	(89.0, 0.0)	(90.0, 0.0006246135203842623)	(91.0, 0.0)	(92.0, 0.0)	(93.0, 0.0)	(94.0, 0.0)	(95.0, 0.0)	(96.0, 0.0)	(97.0, 0.0)	(98.0, 0.0)	(99.0, 0.0006246135203842623)	(100.0, 0.0)
3971R_RL_F_NS1_diabetes_S29_L001_R1_001	(0.0, 0.0)	(1.0, 0.0)	(2.0, 0.0)	(3.0, 0.0)	(4.0, 0.0)	(5.0, 0.0)	(6.0, 0.0)	(7.0, 0.0)	(8.0, 0.0)	(9.0, 0.0)	(10.0, 0.0)	(11.0, 0.0)	(12.0, 0.0)	(13.0, 0.0)	(14.0, 0.0)	(15.0, 0.0)	(16.0, 0.0)	(17.0, 0.0)	(18.0, 0.0)	(19.0, 0.0)	(20.0, 0.0)	(21.0, 0.0)	(22.0, 0.0)	(23.0, 0.0)	(24.0, 0.0)	(25.0, 0.0)	(26.0, 0.0)	(27.0, 0.0)	(28.0, 0.0)	(29.0, 0.0)	(30.0, 0.0)	(31.0, 0.0)	(32.0, 0.0)	(33.0, 0.0)	(34.0, 0.0)	(35.0, 0.0008044922849189876)	(36.0, 0.0)	(37.0, 0.0)	(38.0, 0.0016089845698379751)	(39.0, 0.004826953709513926)	(40.0, 0.004826953709513926)	(41.0, 0.002413476854756963)	(42.0, 0.008044922849189876)	(43.0, 0.012067384273784815)	(44.0, 0.020112307122974692)	(45.0, 0.0394201219610304)	(46.0, 1.3443066080996282)	(47.0, 19.479171694743446)	(48.0, 19.456645910765715)	(49.0, 24.337500603369215)	(50.0, 4.5856060240382295)	(51.0, 1.7731009959614488)	(52.0, 0.6194590593876205)	(53.0, 5.477787968013387)	(54.0, 15.587842512590305)	(55.0, 5.165644961464819)	(56.0, 0.5639490917282103)	(57.0, 0.23249827034158743)	(58.0, 0.15928947241395955)	(59.0, 0.34110472880565074)	(60.0, 0.13998165757590383)	(61.0, 0.08366719763157471)	(62.0, 0.029766214542002543)	(63.0, 0.010458399703946838)	(64.0, 0.0064359382793519005)	(65.0, 0.0064359382793519005)	(66.0, 0.08608067448633168)	(67.0, 0.2928351917105115)	(68.0, 0.07964473620697977)	(69.0, 0.03057070682692153)	(70.0, 0.009653907419027852)	(71.0, 0.004022461424594938)	(72.0, 0.0016089845698379751)	(73.0, 0.0008044922849189876)	(74.0, 0.0)	(75.0, 0.0)	(76.0, 0.0)	(77.0, 0.0)	(78.0, 0.0)	(79.0, 0.0)	(80.0, 0.0)	(81.0, 0.0)	(82.0, 0.0)	(83.0, 0.0)	(84.0, 0.0)	(85.0, 0.0)	(86.0, 0.0)	(87.0, 0.0)	(88.0, 0.0)	(89.0, 0.0)	(90.0, 0.0)	(91.0, 0.0)	(92.0, 0.0)	(93.0, 0.0)	(94.0, 0.0)	(95.0, 0.0)	(96.0, 0.0)	(97.0, 0.0)	(98.0, 0.0)	(99.0, 0.0)	(100.0, 0.0)
3971R_RL_F_NS1_diabetes_S29_L001_R2_001	(0.0, 0.0)	(1.0, 0.0)	(2.0, 0.0)	(3.0, 0.0)	(4.0, 0.0)	(5.0, 0.0)	(6.0, 0.0)	(7.0, 0.0)	(8.0, 0.0)	(9.0, 0.0)	(10.0, 0.0)	(11.0, 0.0)	(12.0, 0.0)	(13.0, 0.0)	(14.0, 0.0007907513719536303)	(15.0, 0.0)	(16.0, 0.0)	(17.0, 0.0)	(18.0, 0.0)	(19.0, 0.0)	(20.0, 0.0)	(21.0, 0.0)	(22.0, 0.0)	(23.0, 0.0)	(24.0, 0.0)	(25.0, 0.0)	(26.0, 0.0)	(27.0, 0.0)	(28.0, 0.0007907513719536303)	(29.0, 0.0007907513719536303)	(30.0, 0.0)	(31.0, 0.0)	(32.0, 0.0007907513719536303)	(33.0, 0.0)	(34.0, 0.0007907513719536303)	(35.0, 0.002372254115860891)	(36.0, 0.002372254115860891)	(37.0, 0.003953756859768152)	(38.0, 0.004744508231721782)	(39.0, 0.011861270579304455)	(40.0, 0.011861270579304455)	(41.0, 0.027676298018377062)	(42.0, 0.04823583368917145)	(43.0, 0.07670288307950214)	(44.0, 0.13996299283579258)	(45.0, 0.2886242507630751)	(46.0, 1.0659328493934936)	(47.0, 2.6126425329347946)	(48.0, 9.766570194999288)	(49.0, 18.263984438013)	(50.0, 18.435577485726938)	(51.0, 15.206939634040264)	(52.0, 4.861539434770919)	(53.0, 7.478135724565482)	(54.0, 5.440369439040977)	(55.0, 2.8988945295820088)	(56.0, 6.190792491024972)	(57.0, 3.8359349053470613)	(58.0, 1.1260299536619696)	(59.0, 0.5527352089955876)	(60.0, 0.31155604054973035)	(61.0, 0.21271211905552656)	(62.0, 0.1771283073176132)	(63.0, 0.11940345716499817)	(64.0, 0.09963467286615742)	(65.0, 0.09093640777466748)	(66.0, 0.08223814268317756)	(67.0, 0.15815027439072607)	(68.0, 0.15340576615900428)	(69.0, 0.09963467286615742)	(70.0, 0.04744508231721782)	(71.0, 0.02925780076228432)	(72.0, 0.015024276067118978)	(73.0, 0.009489016463443564)	(74.0, 0.002372254115860891)	(75.0, 0.007116762347582673)	(76.0, 0.0007907513719536303)	(77.0, 0.0031630054878145214)	(78.0, 0.0031630054878145214)	(79.0, 0.002372254115860891)	(80.0, 0.0055352596036754124)	(81.0, 0.002372254115860891)	(82.0, 0.0007907513719536303)	(83.0, 0.0015815027439072607)	(84.0, 0.0015815027439072607)	(85.0, 0.0007907513719536303)	(86.0, 0.0007907513719536303)	(87.0, 0.0007907513719536303)	(88.0, 0.0007907513719536303)	(89.0, 0.0007907513719536303)	(90.0, 0.0)	(91.0, 0.0)	(92.0, 0.0)	(93.0, 0.0)	(94.0, 0.0007907513719536303)	(95.0, 0.0)	(96.0, 0.0)	(97.0, 0.0)	(98.0, 0.0)	(99.0, 0.0)	(100.0, 0.0)
3971R_RL_F_NS1_week9_S81_L001_R1_001	(0.0, 0.0)	(1.0, 0.0)	(2.0, 0.0)	(3.0, 0.0)	(4.0, 0.0)	(5.0, 0.0)	(6.0, 0.0)	(7.0, 0.0)	(8.0, 0.0)	(9.0, 0.0)	(10.0, 0.0)	(11.0, 0.0)	(12.0, 0.0)	(13.0, 0.0)	(14.0, 0.0)	(15.0, 0.0)	(16.0, 0.0)	(17.0, 0.0)	(18.0, 0.0)	(19.0, 0.0)	(20.0, 0.0)	(21.0, 0.0)	(22.0, 0.0)	(23.0, 0.0)	(24.0, 0.0)	(25.0, 0.0)	(26.0, 0.0)	(27.0, 0.0)	(28.0, 0.0)	(29.0, 0.0)	(30.0, 0.0)	(31.0, 0.0)	(32.0, 0.0)	(33.0, 0.0)	(34.0, 0.0)	(35.0, 0.0007704694470340778)	(36.0, 0.0)	(37.0, 0.0)	(38.0, 0.0)	(39.0, 0.0015409388940681556)	(40.0, 0.0015409388940681556)	(41.0, 0.0023114083411022337)	(42.0, 0.0069342250233067)	(43.0, 0.008475163917374856)	(44.0, 0.0069342250233067)	(45.0, 0.02465502230509049)	(46.0, 0.8475163917374856)	(47.0, 12.85143037652842)	(48.0, 15.837769953232506)	(49.0, 17.929594501930026)	(50.0, 3.861592868534798)	(51.0, 1.6880985584516646)	(52.0, 0.5778520852755584)	(53.0, 5.011903752956677)	(54.0, 27.664475965205597)	(55.0, 11.21341233213397)	(56.0, 0.9754143199451426)	(57.0, 0.4191353791865383)	(58.0, 0.21264956738140547)	(59.0, 0.2812213481674384)	(60.0, 0.13175027544282733)	(61.0, 0.08089929193857817)	(62.0, 0.03158924732839719)	(63.0, 0.0138684500466134)	(64.0, 0.008475163917374856)	(65.0, 0.003852347235170389)	(66.0, 0.06471943355086253)	(67.0, 0.1710442172415653)	(68.0, 0.04776910571611283)	(69.0, 0.014638919493647479)	(70.0, 0.003081877788136311)	(71.0, 0.0015409388940681556)	(72.0, 0.0015409388940681556)	(73.0, 0.0)	(74.0, 0.0)	(75.0, 0.0)	(76.0, 0.0)	(77.0, 0.0)	(78.0, 0.0)	(79.0, 0.0)	(80.0, 0.0)	(81.0, 0.0)	(82.0, 0.0)	(83.0, 0.0)	(84.0, 0.0)	(85.0, 0.0)	(86.0, 0.0)	(87.0, 0.0)	(88.0, 0.0)	(89.0, 0.0)	(90.0, 0.0)	(91.0, 0.0)	(92.0, 0.0)	(93.0, 0.0)	(94.0, 0.0)	(95.0, 0.0)	(96.0, 0.0)	(97.0, 0.0)	(98.0, 0.0)	(99.0, 0.0)	(100.0, 0.0)
3971R_RL_F_NS1_week9_S81_L001_R2_001	(0.0, 0.0)	(1.0, 0.0)	(2.0, 0.0)	(3.0, 0.0)	(4.0, 0.0)	(5.0, 0.0)	(6.0, 0.0)	(7.0, 0.0)	(8.0, 0.0)	(9.0, 0.0)	(10.0, 0.0)	(11.0, 0.0)	(12.0, 0.0)	(13.0, 0.0)	(14.0, 0.0)	(15.0, 0.0)	(16.0, 0.0)	(17.0, 0.0)	(18.0, 0.0)	(19.0, 0.0)	(20.0, 0.0)	(21.0, 0.0)	(22.0, 0.0)	(23.0, 0.0)	(24.0, 0.0)	(25.0, 0.0)	(26.0, 0.0)	(27.0, 0.0)	(28.0, 0.0)	(29.0, 0.0)	(30.0, 0.0007667594445594584)	(31.0, 0.0015335188891189167)	(32.0, 0.0)	(33.0, 0.0)	(34.0, 0.0007667594445594584)	(35.0, 0.0007667594445594584)	(36.0, 0.0015335188891189167)	(37.0, 0.0015335188891189167)	(38.0, 0.0007667594445594584)	(39.0, 0.006134075556475667)	(40.0, 0.012268151112951334)	(41.0, 0.018402226669427)	(42.0, 0.01763546722486754)	(43.0, 0.0276033400041405)	(44.0, 0.03987149111709183)	(45.0, 0.128815586685989)	(46.0, 0.6233754284268397)	(47.0, 1.8126193269385595)	(48.0, 5.837339651431157)	(49.0, 13.990292825431878)	(50.0, 13.916683918754169)	(51.0, 12.20220980071922)	(52.0, 3.7149495088905757)	(53.0, 6.660839294888015)	(54.0, 9.364433096404664)	(55.0, 5.736894164193868)	(56.0, 12.28732009906532)	(57.0, 8.97261902023478)	(58.0, 2.294911017566459)	(59.0, 0.7989633412309556)	(60.0, 0.35270934449735086)	(61.0, 0.2530306167046213)	(62.0, 0.18708930447250785)	(63.0, 0.10964660057200255)	(64.0, 0.09431141168081338)	(65.0, 0.07590918501138638)	(66.0, 0.07897622278962421)	(67.0, 0.07974298223418366)	(68.0, 0.11884771390671604)	(69.0, 0.07514242556682692)	(70.0, 0.046005566673567505)	(71.0, 0.019168986113986458)	(72.0, 0.009967872779272958)	(73.0, 0.0053673161119162085)	(74.0, 0.0038337972227972914)	(75.0, 0.0038337972227972914)	(76.0, 0.0038337972227972914)	(77.0, 0.0007667594445594584)	(78.0, 0.002300278333678375)	(79.0, 0.002300278333678375)	(80.0, 0.0)	(81.0, 0.0)	(82.0, 0.0)	(83.0, 0.0015335188891189167)	(84.0, 0.0007667594445594584)	(85.0, 0.0)	(86.0, 0.0)	(87.0, 0.0007667594445594584)	(88.0, 0.0007667594445594584)	(89.0, 0.0)	(90.0, 0.0007667594445594584)	(91.0, 0.0)	(92.0, 0.0)	(93.0, 0.0)	(94.0, 0.0)	(95.0, 0.0)	(96.0, 0.0007667594445594584)	(97.0, 0.0)	(98.0, 0.0)	(99.0, 0.0)	(100.0, 0.0)
3971R_R_F_NS1_diabetes_S28_L001_R1_001	(0.0, 0.0)	(1.0, 0.0)	(2.0, 0.0)	(3.0, 0.0)	(4.0, 0.0)	(5.0, 0.0)	(6.0, 0.0)	(7.0, 0.0)	(8.0, 0.0)	(9.0, 0.0)	(10.0, 0.0)	(11.0, 0.0)	(12.0, 0.0)	(13.0, 0.0)	(14.0, 0.0)	(15.0, 0.0)	(16.0, 0.0)	(17.0, 0.0)	(18.0, 0.0)	(19.0, 0.0)	(20.0, 0.0)	(21.0, 0.0)	(22.0, 0.0)	(23.0, 0.0)	(24.0, 0.0)	(25.0, 0.0)	(26.0, 0.0)	(27.0, 0.0)	(28.0, 0.0008902103567072899)	(29.0, 0.0)	(30.0, 0.0008902103567072899)	(31.0, 0.0)	(32.0, 0.0)	(33.0, 0.0)	(34.0, 0.0)	(35.0, 0.0)	(36.0, 0.01068252428048748)	(37.0, 0.0089021035670729)	(38.0, 0.0008902103567072899)	(39.0, 0.0008902103567072899)	(40.0, 0.0017804207134145798)	(41.0, 0.0017804207134145798)	(42.0, 0.00267063107012187)	(43.0, 0.0008902103567072899)	(44.0, 0.009792313923780188)	(45.0, 0.025816100344511407)	(46.0, 0.7575690135579037)	(47.0, 13.506271531963002)	(48.0, 14.592328167145896)	(49.0, 20.166825420846944)	(50.0, 5.237997738865694)	(51.0, 2.4516393223718764)	(52.0, 0.8430292078018036)	(53.0, 8.226433906332066)	(54.0, 24.921438936020582)	(55.0, 7.469755103130869)	(56.0, 0.7112780750091247)	(57.0, 0.35697435303962327)	(58.0, 0.19050501633536004)	(59.0, 0.1673595470609705)	(60.0, 0.09436229781097273)	(61.0, 0.07388745960670506)	(62.0, 0.026706310701218698)	(63.0, 0.0089021035670729)	(64.0, 0.00445105178353645)	(65.0, 0.0035608414268291596)	(66.0, 0.02492588998780412)	(67.0, 0.06676577675304675)	(68.0, 0.02136504856097496)	(69.0, 0.007121682853658319)	(70.0, 0.0017804207134145798)	(71.0, 0.0008902103567072899)	(72.0, 0.0)	(73.0, 0.0)	(74.0, 0.0)	(75.0, 0.0)	(76.0, 0.0)	(77.0, 0.0)	(78.0, 0.0)	(79.0, 0.0)	(80.0, 0.0)	(81.0, 0.0)	(82.0, 0.0)	(83.0, 0.0)	(84.0, 0.0)	(85.0, 0.0)	(86.0, 0.0)	(87.0, 0.0)	(88.0, 0.0)	(89.0, 0.0)	(90.0, 0.0)	(91.0, 0.0)	(92.0, 0.0)	(93.0, 0.0)	(94.0, 0.0)	(95.0, 0.0)	(96.0, 0.0)	(97.0, 0.0)	(98.0, 0.0)	(99.0, 0.0)	(100.0, 0.0)
3971R_R_F_NS1_diabetes_S28_L001_R2_001	(0.0, 0.0)	(1.0, 0.0)	(2.0, 0.0)	(3.0, 0.0)	(4.0, 0.0)	(5.0, 0.0)	(6.0, 0.0)	(7.0, 0.0)	(8.0, 0.0)	(9.0, 0.0)	(10.0, 0.0)	(11.0, 0.0)	(12.0, 0.0)	(13.0, 0.0)	(14.0, 0.0)	(15.0, 0.0)	(16.0, 0.0)	(17.0, 0.0)	(18.0, 0.0)	(19.0, 0.0)	(20.0, 0.0)	(21.0, 0.0008753961167428261)	(22.0, 0.0)	(23.0, 0.0)	(24.0, 0.0)	(25.0, 0.0)	(26.0, 0.0)	(27.0, 0.0)	(28.0, 0.0008753961167428261)	(29.0, 0.0017507922334856522)	(30.0, 0.0017507922334856522)	(31.0, 0.0)	(32.0, 0.0)	(33.0, 0.0017507922334856522)	(34.0, 0.0026261883502284784)	(35.0, 0.0035015844669713044)	(36.0, 0.0026261883502284784)	(37.0, 0.004376980583714131)	(38.0, 0.005252376700456957)	(39.0, 0.01138014951765674)	(40.0, 0.013130941751142393)	(41.0, 0.021009506801827827)	(42.0, 0.035015844669713046)	(43.0, 0.06127772817199783)	(44.0, 0.09279198837473956)	(45.0, 0.2144720486019924)	(46.0, 0.7475882836983736)	(47.0, 1.9136159111998179)	(48.0, 6.82371273001033)	(49.0, 13.630792933802546)	(50.0, 15.84116812857818)	(51.0, 12.489276397569899)	(52.0, 4.941611079013254)	(53.0, 8.236602062433251)	(54.0, 7.00667051840958)	(55.0, 5.48260587916032)	(56.0, 11.539471610903934)	(57.0, 6.7808183202899315)	(58.0, 1.6991438625978257)	(59.0, 0.715198627378889)	(60.0, 0.39655444088450026)	(61.0, 0.32652275154507415)	(62.0, 0.24511091268799132)	(63.0, 0.18821016509970762)	(64.0, 0.11467689129331023)	(65.0, 0.0875396116742826)	(66.0, 0.08316263109056848)	(67.0, 0.06477931263896913)	(68.0, 0.055149955354798046)	(69.0, 0.03589124078645587)	(70.0, 0.02888807185251326)	(71.0, 0.014006337867885217)	(72.0, 0.008753961167428262)	(73.0, 0.005252376700456957)	(74.0, 0.004376980583714131)	(75.0, 0.0026261883502284784)	(76.0, 0.0008753961167428261)	(77.0, 0.0026261883502284784)	(78.0, 0.0017507922334856522)	(79.0, 0.0008753961167428261)	(80.0, 0.0008753961167428261)	(81.0, 0.0)	(82.0, 0.0)	(83.0, 0.0)	(84.0, 0.0008753961167428261)	(85.0, 0.0008753961167428261)	(86.0, 0.0026261883502284784)	(87.0, 0.0017507922334856522)	(88.0, 0.0008753961167428261)	(89.0, 0.0)	(90.0, 0.0)	(91.0, 0.0008753961167428261)	(92.0, 0.0)	(93.0, 0.0)	(94.0, 0.0)	(95.0, 0.0)	(96.0, 0.0008753961167428261)	(97.0, 0.0)	(98.0, 0.0)	(99.0, 0.0)	(100.0, 0.0)
3971R_R_F_NS1_week9_S80_L001_R1_001	(0.0, 0.0)	(1.0, 0.0)	(2.0, 0.0)	(3.0, 0.0)	(4.0, 0.0)	(5.0, 0.0)	(6.0, 0.0)	(7.0, 0.0)	(8.0, 0.0)	(9.0, 0.0)	(10.0, 0.0)	(11.0, 0.0)	(12.0, 0.0)	(13.0, 0.0)	(14.0, 0.0)	(15.0, 0.0)	(16.0, 0.0)	(17.0, 0.0)	(18.0, 0.0)	(19.0, 0.0)	(20.0, 0.0)	(21.0, 0.0)	(22.0, 0.0)	(23.0, 0.0)	(24.0, 0.0)	(25.0, 0.0)	(26.0, 0.0)	(27.0, 0.0)	(28.0, 0.0)	(29.0, 0.0)	(30.0, 0.0)	(31.0, 0.0)	(32.0, 0.0)	(33.0, 0.0008033031826872099)	(34.0, 0.0)	(35.0, 0.0)	(36.0, 0.0008033031826872099)	(37.0, 0.0)	(38.0, 0.0008033031826872099)	(39.0, 0.0032132127307488395)	(40.0, 0.004819819096123259)	(41.0, 0.0032132127307488395)	(42.0, 0.004016515913436049)	(43.0, 0.006426425461497679)	(44.0, 0.013656154105682567)	(45.0, 0.0329354304901756)	(46.0, 0.8209758527063284)	(47.0, 12.866507077101039)	(48.0, 16.823578555018234)	(49.0, 23.85328470671401)	(50.0, 5.108204938707967)	(51.0, 2.185787960091898)	(52.0, 0.6313963015921469)	(53.0, 6.8730620310717665)	(54.0, 20.323570521986408)	(55.0, 8.2402840480054)	(56.0, 0.784827209485404)	(57.0, 0.34060054945937696)	(58.0, 0.20082579567180245)	(59.0, 0.22572819433510594)	(60.0, 0.10282280738396286)	(61.0, 0.1060360201147117)	(62.0, 0.04980479732660701)	(63.0, 0.008836335009559309)	(64.0, 0.005623122278810469)	(65.0, 0.004819819096123259)	(66.0, 0.08836335009559308)	(67.0, 0.20484231158523852)	(68.0, 0.041771765499734916)	(69.0, 0.021689185932554665)	(70.0, 0.008033031826872098)	(71.0, 0.006426425461497679)	(72.0, 0.0016066063653744197)	(73.0, 0.0)	(74.0, 0.0)	(75.0, 0.0)	(76.0, 0.0)	(77.0, 0.0)	(78.0, 0.0)	(79.0, 0.0)	(80.0, 0.0)	(81.0, 0.0)	(82.0, 0.0)	(83.0, 0.0)	(84.0, 0.0)	(85.0, 0.0)	(86.0, 0.0)	(87.0, 0.0)	(88.0, 0.0)	(89.0, 0.0)	(90.0, 0.0)	(91.0, 0.0)	(92.0, 0.0)	(93.0, 0.0)	(94.0, 0.0)	(95.0, 0.0)	(96.0, 0.0)	(97.0, 0.0)	(98.0, 0.0)	(99.0, 0.0)	(100.0, 0.0)
3971R_R_F_NS1_week9_S80_L001_R2_001	(0.0, 0.0)	(1.0, 0.0)	(2.0, 0.0)	(3.0, 0.0)	(4.0, 0.0)	(5.0, 0.0)	(6.0, 0.0)	(7.0, 0.0)	(8.0, 0.0)	(9.0, 0.0)	(10.0, 0.0)	(11.0, 0.000795994555397241)	(12.0, 0.0)	(13.0, 0.0)	(14.0, 0.0)	(15.0, 0.0)	(16.0, 0.0)	(17.0, 0.000795994555397241)	(18.0, 0.000795994555397241)	(19.0, 0.0)	(20.0, 0.0)	(21.0, 0.0)	(22.0, 0.0)	(23.0, 0.0)	(24.0, 0.0)	(25.0, 0.0)	(26.0, 0.0)	(27.0, 0.0)	(28.0, 0.0)	(29.0, 0.0)	(30.0, 0.0)	(31.0, 0.0)	(32.0, 0.0)	(33.0, 0.000795994555397241)	(34.0, 0.0023879836661917235)	(35.0, 0.001591989110794482)	(36.0, 0.001591989110794482)	(37.0, 0.003183978221588964)	(38.0, 0.006367956443177928)	(39.0, 0.008755940109369652)	(40.0, 0.005571961887780688)	(41.0, 0.011143923775561376)	(42.0, 0.03183978221588964)	(43.0, 0.0445756951022455)	(44.0, 0.07880346098432688)	(45.0, 0.1607909001902427)	(46.0, 0.6925152631955998)	(47.0, 1.892079058179242)	(48.0, 6.715806063886523)	(49.0, 14.383621616028147)	(50.0, 16.409427759514124)	(51.0, 15.704176583432169)	(52.0, 5.858519927723695)	(53.0, 9.756505265503984)	(54.0, 10.03510335989302)	(55.0, 4.363642152687676)	(56.0, 6.623470695460442)	(57.0, 4.344538283358141)	(58.0, 1.14543616521663)	(59.0, 0.48953665156930326)	(60.0, 0.21412253540185783)	(61.0, 0.18069076407517373)	(62.0, 0.14646299819309236)	(63.0, 0.09313136298147721)	(64.0, 0.06606754809797101)	(65.0, 0.05969959165479308)	(66.0, 0.06527155354257377)	(67.0, 0.09949931942465513)	(68.0, 0.13213509619594202)	(69.0, 0.06606754809797101)	(70.0, 0.038207738659067576)	(71.0, 0.018307874774136545)	(72.0, 0.012735912886355855)	(73.0, 0.005571961887780688)	(74.0, 0.003979972776986205)	(75.0, 0.003183978221588964)	(76.0, 0.003979972776986205)	(77.0, 0.000795994555397241)	(78.0, 0.0)	(79.0, 0.003183978221588964)	(80.0, 0.0023879836661917235)	(81.0, 0.001591989110794482)	(82.0, 0.001591989110794482)	(83.0, 0.001591989110794482)	(84.0, 0.003183978221588964)	(85.0, 0.0)	(86.0, 0.0)	(87.0, 0.0)	(88.0, 0.0)	(89.0, 0.000795994555397241)	(90.0, 0.0)	(91.0, 0.0)	(92.0, 0.0)	(93.0, 0.0)	(94.0, 0.000795994555397241)	(95.0, 0.0)	(96.0, 0.000795994555397241)	(97.0, 0.0)	(98.0, 0.0)	(99.0, 0.0)	(100.0, 0.0)
3975R_0_F_NS1_week5_S60_L001_R1_001	(0.0, 0.0)	(1.0, 0.0)	(2.0, 0.0)	(3.0, 0.0)	(4.0, 0.0)	(5.0, 0.0)	(6.0, 0.0)	(7.0, 0.0)	(8.0, 0.0)	(9.0, 0.0)	(10.0, 0.0)	(11.0, 0.0)	(12.0, 0.0)	(13.0, 0.0)	(14.0, 0.0)	(15.0, 0.0)	(16.0, 0.0)	(17.0, 0.0)	(18.0, 0.0)	(19.0, 0.0)	(20.0, 0.0)	(21.0, 0.0)	(22.0, 0.0)	(23.0, 0.0)	(24.0, 0.0)	(25.0, 0.0)	(26.0, 0.0)	(27.0, 0.0)	(28.0, 0.0)	(29.0, 0.0)	(30.0, 0.0)	(31.0, 0.0008900756564307967)	(32.0, 0.0)	(33.0, 0.0)	(34.0, 0.0)	(35.0, 0.0017801513128615934)	(36.0, 0.003560302625723187)	(37.0, 0.004450378282153983)	(38.0, 0.0017801513128615934)	(39.0, 0.0017801513128615934)	(40.0, 0.004450378282153983)	(41.0, 0.00267022696929239)	(42.0, 0.009790832220738763)	(43.0, 0.012461059190031152)	(44.0, 0.017801513128615932)	(45.0, 0.0267022696929239)	(46.0, 0.8696039163328882)	(47.0, 13.32888295505118)	(48.0, 13.874499332443257)	(49.0, 19.12505562972853)	(50.0, 4.261682242990654)	(51.0, 1.87716955941255)	(52.0, 0.7476635514018692)	(53.0, 6.8286604361370715)	(54.0, 25.883400089007562)	(55.0, 10.792167334223409)	(56.0, 0.9354695149087673)	(57.0, 0.4005340453938585)	(58.0, 0.22162883845126838)	(59.0, 0.30173564753004006)	(60.0, 0.1290609701824655)	(61.0, 0.059635068980863376)	(62.0, 0.025812194036493104)	(63.0, 0.01068090787716956)	(64.0, 0.004450378282153983)	(65.0, 0.004450378282153983)	(66.0, 0.04183355585224744)	(67.0, 0.13618157543391188)	(68.0, 0.03471295060080107)	(69.0, 0.00801068090787717)	(70.0, 0.004450378282153983)	(71.0, 0.003560302625723187)	(72.0, 0.0)	(73.0, 0.0)	(74.0, 0.0)	(75.0, 0.0)	(76.0, 0.0)	(77.0, 0.0)	(78.0, 0.0)	(79.0, 0.0)	(80.0, 0.0)	(81.0, 0.0)	(82.0, 0.0)	(83.0, 0.0)	(84.0, 0.0008900756564307967)	(85.0, 0.0)	(86.0, 0.0)	(87.0, 0.0)	(88.0, 0.0)	(89.0, 0.0)	(90.0, 0.0)	(91.0, 0.0)	(92.0, 0.0)	(93.0, 0.0)	(94.0, 0.0)	(95.0, 0.0)	(96.0, 0.0)	(97.0, 0.0)	(98.0, 0.0)	(99.0, 0.0)	(100.0, 0.0)
3975R_0_F_NS1_week5_S60_L001_R2_001	(0.0, 0.0)	(1.0, 0.0)	(2.0, 0.0)	(3.0, 0.0)	(4.0, 0.0)	(5.0, 0.0)	(6.0, 0.0)	(7.0, 0.0)	(8.0, 0.0)	(9.0, 0.0)	(10.0, 0.0)	(11.0, 0.0)	(12.0, 0.0)	(13.0, 0.0)	(14.0, 0.0)	(15.0, 0.0)	(16.0, 0.0)	(17.0, 0.0)	(18.0, 0.0)	(19.0, 0.0)	(20.0, 0.0)	(21.0, 0.0)	(22.0, 0.0)	(23.0, 0.0)	(24.0, 0.0)	(25.0, 0.0)	(26.0, 0.0008781610137490744)	(27.0, 0.0008781610137490744)	(28.0, 0.002634483041247223)	(29.0, 0.0008781610137490744)	(30.0, 0.0)	(31.0, 0.0017563220274981488)	(32.0, 0.0017563220274981488)	(33.0, 0.0008781610137490744)	(34.0, 0.002634483041247223)	(35.0, 0.0017563220274981488)	(36.0, 0.0035126440549962975)	(37.0, 0.00614712709624352)	(38.0, 0.004390805068745372)	(39.0, 0.002634483041247223)	(40.0, 0.013172415206236117)	(41.0, 0.02371034737122501)	(42.0, 0.033370118522464826)	(43.0, 0.04742069474245002)	(44.0, 0.07464368616867131)	(45.0, 0.1747540417360658)	(46.0, 0.648960989160566)	(47.0, 1.794082951089359)	(48.0, 6.480828281468168)	(49.0, 12.698208258811613)	(50.0, 13.88811643244161)	(51.0, 12.452323174961874)	(52.0, 4.709577516736285)	(53.0, 8.189729614223868)	(54.0, 8.00707212336406)	(55.0, 5.400690234556807)	(56.0, 12.44617604786563)	(57.0, 8.432102054018612)	(58.0, 1.996938145265395)	(59.0, 0.7877104293329197)	(60.0, 0.3925379731458362)	(61.0, 0.2924276175784417)	(62.0, 0.20197703316228707)	(63.0, 0.14753105030984448)	(64.0, 0.12557702496611764)	(65.0, 0.0957195504986491)	(66.0, 0.06937472008617687)	(67.0, 0.09747587252614724)	(68.0, 0.10186667759489261)	(69.0, 0.06234943197618428)	(70.0, 0.02283218635747593)	(71.0, 0.01229425419248704)	(72.0, 0.014928737233734264)	(73.0, 0.007903449123741668)	(74.0, 0.0017563220274981488)	(75.0, 0.0008781610137490744)	(76.0, 0.0017563220274981488)	(77.0, 0.004390805068745372)	(78.0, 0.0035126440549962975)	(79.0, 0.0008781610137490744)	(80.0, 0.0017563220274981488)	(81.0, 0.0017563220274981488)	(82.0, 0.0)	(83.0, 0.0)	(84.0, 0.0)	(85.0, 0.0008781610137490744)	(86.0, 0.002634483041247223)	(87.0, 0.0017563220274981488)	(88.0, 0.0)	(89.0, 0.0)	(90.0, 0.0)	(91.0, 0.0)	(92.0, 0.0)	(93.0, 0.0008781610137490744)	(94.0, 0.0008781610137490744)	(95.0, 0.0)	(96.0, 0.0)	(97.0, 0.0)	(98.0, 0.0)	(99.0, 0.0)	(100.0, 0.0011708813516654324)
3975R_L_F_NS1_diabetes_S30_L001_R1_001	(0.0, 0.0)	(1.0, 0.0)	(2.0, 0.0)	(3.0, 0.0)	(4.0, 0.0)	(5.0, 0.0)	(6.0, 0.0)	(7.0, 0.0)	(8.0, 0.0)	(9.0, 0.0)	(10.0, 0.0)	(11.0, 0.0)	(12.0, 0.0)	(13.0, 0.0)	(14.0, 0.0)	(15.0, 0.0)	(16.0, 0.0)	(17.0, 0.0)	(18.0, 0.0)	(19.0, 0.0)	(20.0, 0.0)	(21.0, 0.0)	(22.0, 0.0)	(23.0, 0.0)	(24.0, 0.0)	(25.0, 0.0)	(26.0, 0.0)	(27.0, 0.0)	(28.0, 0.0)	(29.0, 0.0)	(30.0, 0.0)	(31.0, 0.0)	(32.0, 0.0)	(33.0, 0.0)	(34.0, 0.0)	(35.0, 0.0)	(36.0, 0.0007022274655206314)	(37.0, 0.0)	(38.0, 0.0014044549310412628)	(39.0, 0.0014044549310412628)	(40.0, 0.0007022274655206314)	(41.0, 0.0021066823965618943)	(42.0, 0.0028089098620825256)	(43.0, 0.008426729586247577)	(44.0, 0.017555686638015787)	(45.0, 0.04845369512092357)	(46.0, 1.6783236425943089)	(47.0, 18.441897699502825)	(48.0, 17.979129799724728)	(49.0, 21.286621162326902)	(50.0, 4.240049436813573)	(51.0, 1.584927389680065)	(52.0, 0.6130445773995112)	(53.0, 4.894525434678801)	(54.0, 20.948147523945956)	(55.0, 6.288446953737255)	(56.0, 0.6242802168478414)	(57.0, 0.2907221707255414)	(58.0, 0.18047245863880226)	(59.0, 0.2815932136737732)	(60.0, 0.1186764416729867)	(61.0, 0.07724502120726946)	(62.0, 0.030195781017387152)	(63.0, 0.00983118451728884)	(64.0, 0.004213364793123789)	(65.0, 0.004213364793123789)	(66.0, 0.06741383668998062)	(67.0, 0.19241032555265303)	(68.0, 0.051262604983006096)	(69.0, 0.016151231706974523)	(70.0, 0.004213364793123789)	(71.0, 0.0035111373276031574)	(72.0, 0.004213364793123789)	(73.0, 0.0007022274655206314)	(74.0, 0.0)	(75.0, 0.0)	(76.0, 0.0)	(77.0, 0.0)	(78.0, 0.0)	(79.0, 0.0)	(80.0, 0.0)	(81.0, 0.0)	(82.0, 0.0)	(83.0, 0.0)	(84.0, 0.0)	(85.0, 0.0)	(86.0, 0.0)	(87.0, 0.0)	(88.0, 0.0)	(89.0, 0.0)	(90.0, 0.0)	(91.0, 0.0)	(92.0, 0.0)	(93.0, 0.0)	(94.0, 0.0)	(95.0, 0.0)	(96.0, 0.0)	(97.0, 0.0)	(98.0, 0.0)	(99.0, 0.0)	(100.0, 0.0)
3975R_L_F_NS1_diabetes_S30_L001_R2_001	(0.0, 0.0)	(1.0, 0.0)	(2.0, 0.0)	(3.0, 0.0)	(4.0, 0.0)	(5.0, 0.0)	(6.0, 0.0)	(7.0, 0.0)	(8.0, 0.0)	(9.0, 0.0)	(10.0, 0.0)	(11.0, 0.0)	(12.0, 0.0)	(13.0, 0.0)	(14.0, 0.0)	(15.0, 0.0)	(16.0, 0.0)	(17.0, 0.0)	(18.0, 0.0)	(19.0, 0.0)	(20.0, 0.0)	(21.0, 0.0)	(22.0, 0.0)	(23.0, 0.0)	(24.0, 0.0006879282353264907)	(25.0, 0.0)	(26.0, 0.0)	(27.0, 0.0)	(28.0, 0.0)	(29.0, 0.0006879282353264907)	(30.0, 0.0006879282353264907)	(31.0, 0.0)	(32.0, 0.0006879282353264907)	(33.0, 0.0006879282353264907)	(34.0, 0.0020637847059794723)	(35.0, 0.0027517129413059628)	(36.0, 0.0013758564706529814)	(37.0, 0.0013758564706529814)	(38.0, 0.0055034258826119255)	(39.0, 0.011694780000550343)	(40.0, 0.01788613411848876)	(41.0, 0.02889298588371261)	(42.0, 0.03852398117828348)	(43.0, 0.0598497564734047)	(44.0, 0.10318923529897361)	(45.0, 0.2841143611898407)	(46.0, 1.0477147024022453)	(47.0, 2.6430202801243774)	(48.0, 8.927932638067198)	(49.0, 16.89620538785394)	(50.0, 16.45455546077433)	(51.0, 13.358878401805125)	(52.0, 3.4602790236922485)	(53.0, 4.9111196719958174)	(54.0, 5.294983627307999)	(55.0, 4.368344294323216)	(56.0, 11.044687818166809)	(57.0, 6.705924437962632)	(58.0, 1.7583445694945103)	(59.0, 0.7154453647395503)	(60.0, 0.38180017060620236)	(61.0, 0.29580914119039103)	(62.0, 0.2380231694229658)	(63.0, 0.17886134118488758)	(64.0, 0.1258908670647478)	(65.0, 0.1114443741228915)	(66.0, 0.07842381882721994)	(67.0, 0.1279546517707273)	(68.0, 0.1417132164772571)	(69.0, 0.07704796235656695)	(70.0, 0.029580914119039105)	(71.0, 0.01926199058914174)	(72.0, 0.00825513882391789)	(73.0, 0.006191354117938417)	(74.0, 0.004127569411958945)	(75.0, 0.006191354117938417)	(76.0, 0.0027517129413059628)	(77.0, 0.0034396411766324537)	(78.0, 0.0006879282353264907)	(79.0, 0.0013758564706529814)	(80.0, 0.0020637847059794723)	(81.0, 0.004127569411958945)	(82.0, 0.0013758564706529814)	(83.0, 0.0)	(84.0, 0.0)	(85.0, 0.0)	(86.0, 0.0006879282353264907)	(87.0, 0.0013758564706529814)	(88.0, 0.0006879282353264907)	(89.0, 0.0006879282353264907)	(90.0, 0.0013758564706529814)	(91.0, 0.0006879282353264907)	(92.0, 0.0)	(93.0, 0.0)	(94.0, 0.0)	(95.0, 0.0)	(96.0, 0.0)	(97.0, 0.0)	(98.0, 0.0)	(99.0, 0.0)	(100.0, 0.0)
3975R_L_F_NS1_week5_S61_L001_R1_001	(0.0, 0.0)	(1.0, 0.0)	(2.0, 0.0)	(3.0, 0.0)	(4.0, 0.0)	(5.0, 0.0)	(6.0, 0.0)	(7.0, 0.0)	(8.0, 0.0)	(9.0, 0.0)	(10.0, 0.0)	(11.0, 0.0)	(12.0, 0.0)	(13.0, 0.0)	(14.0, 0.0)	(15.0, 0.0)	(16.0, 0.0)	(17.0, 0.0)	(18.0, 0.0)	(19.0, 0.0)	(20.0, 0.0)	(21.0, 0.0)	(22.0, 0.0)	(23.0, 0.0)	(24.0, 0.0)	(25.0, 0.0)	(26.0, 0.0)	(27.0, 0.0)	(28.0, 0.0)	(29.0, 0.0)	(30.0, 0.0)	(31.0, 0.0)	(32.0, 0.0)	(33.0, 0.0)	(34.0, 0.0)	(35.0, 0.0)	(36.0, 0.0)	(37.0, 0.0007442525099915899)	(38.0, 0.00223275752997477)	(39.0, 0.00223275752997477)	(40.0, 0.0007442525099915899)	(41.0, 0.00520976756994113)	(42.0, 0.006698272589924309)	(43.0, 0.006698272589924309)	(44.0, 0.014885050199831797)	(45.0, 0.03125860541964678)	(46.0, 0.8149564984407909)	(47.0, 11.806821818506583)	(48.0, 13.060887297842411)	(49.0, 18.970996479685628)	(50.0, 4.047245149334266)	(51.0, 1.7675997112300261)	(52.0, 0.8715196892001518)	(53.0, 7.34428376859701)	(54.0, 26.866027105676416)	(55.0, 11.766632182967037)	(56.0, 1.0441862715182006)	(57.0, 0.4152929005753072)	(58.0, 0.2433705707672499)	(59.0, 0.3170515692564173)	(60.0, 0.14438498693836846)	(61.0, 0.10866086645877214)	(62.0, 0.04316664557951222)	(63.0, 0.012652292669857028)	(64.0, 0.00446551505994954)	(65.0, 0.00818677760990749)	(66.0, 0.052097675699411296)	(67.0, 0.16150279466817502)	(68.0, 0.037956878009571086)	(69.0, 0.01414079768984021)	(70.0, 0.00446551505994954)	(71.0, 0.0007442525099915899)	(72.0, 0.0)	(73.0, 0.0)	(74.0, 0.0)	(75.0, 0.0)	(76.0, 0.0)	(77.0, 0.0)	(78.0, 0.0)	(79.0, 0.0)	(80.0, 0.0)	(81.0, 0.0)	(82.0, 0.0)	(83.0, 0.0)	(84.0, 0.0)	(85.0, 0.0)	(86.0, 0.0)	(87.0, 0.0)	(88.0, 0.0)	(89.0, 0.0)	(90.0, 0.0)	(91.0, 0.0)	(92.0, 0.0)	(93.0, 0.0)	(94.0, 0.0)	(95.0, 0.0)	(96.0, 0.0)	(97.0, 0.0)	(98.0, 0.0)	(99.0, 0.0)	(100.0, 0.0)
3975R_L_F_NS1_week5_S61_L001_R2_001	(0.0, 0.0)	(1.0, 0.0)	(2.0, 0.0)	(3.0, 0.0)	(4.0, 0.0)	(5.0, 0.0)	(6.0, 0.0)	(7.0, 0.0)	(8.0, 0.0)	(9.0, 0.0)	(10.0, 0.0)	(11.0, 0.0)	(12.0, 0.0)	(13.0, 0.0)	(14.0, 0.0)	(15.0, 0.0)	(16.0, 0.0)	(17.0, 0.0)	(18.0, 0.0)	(19.0, 0.0)	(20.0, 0.0)	(21.0, 0.0)	(22.0, 0.0)	(23.0, 0.0007386106241752181)	(24.0, 0.0)	(25.0, 0.0)	(26.0, 0.0)	(27.0, 0.0)	(28.0, 0.0)	(29.0, 0.0007386106241752181)	(30.0, 0.0007386106241752181)	(31.0, 0.0)	(32.0, 0.0007386106241752181)	(33.0, 0.0)	(34.0, 0.0007386106241752181)	(35.0, 0.0)	(36.0, 0.0007386106241752181)	(37.0, 0.0029544424967008725)	(38.0, 0.0029544424967008725)	(39.0, 0.007386106241752181)	(40.0, 0.011079159362628271)	(41.0, 0.0162494337318548)	(42.0, 0.02363553997360698)	(43.0, 0.03471469933623525)	(44.0, 0.0819857792834492)	(45.0, 0.14329046108999233)	(46.0, 0.5561738000039392)	(47.0, 1.60795532882945)	(48.0, 5.767810364184278)	(49.0, 11.308128656122589)	(50.0, 13.318626775127532)	(51.0, 12.868812905004825)	(52.0, 4.193092513442713)	(53.0, 7.208839691950128)	(54.0, 7.380935967382954)	(55.0, 6.1179118000433315)	(56.0, 14.237458391601503)	(57.0, 9.845679620255657)	(58.0, 2.2350357487542096)	(59.0, 0.8959346871245395)	(60.0, 0.47566524196884047)	(61.0, 0.3308975596304977)	(62.0, 0.28731953280415984)	(63.0, 0.21419708101081325)	(64.0, 0.15732406294932144)	(65.0, 0.1395974079691162)	(66.0, 0.0938035492702527)	(67.0, 0.10266687676035531)	(68.0, 0.12334797423726142)	(69.0, 0.07533828366587225)	(70.0, 0.041362194953812215)	(71.0, 0.02732859309448307)	(72.0, 0.014772212483504361)	(73.0, 0.007386106241752181)	(74.0, 0.009601938114277835)	(75.0, 0.008863327490102617)	(76.0, 0.0029544424967008725)	(77.0, 0.004431663745051309)	(78.0, 0.0014772212483504363)	(79.0, 0.0022158318725256543)	(80.0, 0.0007386106241752181)	(81.0, 0.0007386106241752181)	(82.0, 0.0007386106241752181)	(83.0, 0.0)	(84.0, 0.0)	(85.0, 0.0007386106241752181)	(86.0, 0.0014772212483504363)	(87.0, 0.0)	(88.0, 0.0)	(89.0, 0.0)	(90.0, 0.0)	(91.0, 0.0)	(92.0, 0.0007386106241752181)	(93.0, 0.0014772212483504363)	(94.0, 0.0)	(95.0, 0.0)	(96.0, 0.0)	(97.0, 0.0)	(98.0, 0.0)	(99.0, 0.0007386106241752181)	(100.0, 0.0009848141655669574)
3975R_L_F_NS1_week9_S82_L001_R1_001	(0.0, 0.0)	(1.0, 0.0)	(2.0, 0.0)	(3.0, 0.0)	(4.0, 0.0)	(5.0, 0.0)	(6.0, 0.0)	(7.0, 0.0)	(8.0, 0.0)	(9.0, 0.0)	(10.0, 0.0)	(11.0, 0.0)	(12.0, 0.0)	(13.0, 0.0)	(14.0, 0.0)	(15.0, 0.0)	(16.0, 0.0)	(17.0, 0.0)	(18.0, 0.0)	(19.0, 0.0)	(20.0, 0.0)	(21.0, 0.0)	(22.0, 0.0)	(23.0, 0.0)	(24.0, 0.0)	(25.0, 0.0)	(26.0, 0.0)	(27.0, 0.0)	(28.0, 0.0)	(29.0, 0.0)	(30.0, 0.0)	(31.0, 0.0)	(32.0, 0.0)	(33.0, 0.0)	(34.0, 0.0)	(35.0, 0.0)	(36.0, 0.0)	(37.0, 0.0)	(38.0, 0.0)	(39.0, 0.0)	(40.0, 0.0013613406482704167)	(41.0, 0.002042010972405625)	(42.0, 0.00408402194481125)	(43.0, 0.00408402194481125)	(44.0, 0.007487373565487292)	(45.0, 0.027907483289543542)	(46.0, 0.7970649495623291)	(47.0, 15.29057816137332)	(48.0, 16.46405380018242)	(49.0, 17.001102685925098)	(50.0, 4.369903480948038)	(51.0, 2.0467756646745716)	(52.0, 0.5472589406047075)	(53.0, 5.174455804075854)	(54.0, 25.856623602924163)	(55.0, 10.233878323372858)	(56.0, 0.8542412567896864)	(57.0, 0.3968307989708265)	(58.0, 0.2028397565922921)	(59.0, 0.22325986631634834)	(60.0, 0.11162993315817417)	(61.0, 0.06194099949630396)	(62.0, 0.03267217555849)	(63.0, 0.015655417455109795)	(64.0, 0.007487373565487292)	(65.0, 0.0081680438896225)	(66.0, 0.057176307227357503)	(67.0, 0.14294076806839376)	(68.0, 0.03539485685503083)	(69.0, 0.0081680438896225)	(70.0, 0.006806703241352084)	(71.0, 0.00408402194481125)	(72.0, 0.002042010972405625)	(73.0, 0.0)	(74.0, 0.0)	(75.0, 0.0)	(76.0, 0.0)	(77.0, 0.0)	(78.0, 0.0)	(79.0, 0.0)	(80.0, 0.0)	(81.0, 0.0)	(82.0, 0.0)	(83.0, 0.0)	(84.0, 0.0)	(85.0, 0.0)	(86.0, 0.0)	(87.0, 0.0)	(88.0, 0.0)	(89.0, 0.0)	(90.0, 0.0)	(91.0, 0.0)	(92.0, 0.0)	(93.0, 0.0)	(94.0, 0.0)	(95.0, 0.0)	(96.0, 0.0)	(97.0, 0.0)	(98.0, 0.0)	(99.0, 0.0)	(100.0, 0.0)
3975R_L_F_NS1_week9_S82_L001_R2_001	(0.0, 0.0)	(1.0, 0.0)	(2.0, 0.0)	(3.0, 0.0)	(4.0, 0.0)	(5.0, 0.0)	(6.0, 0.0)	(7.0, 0.0)	(8.0, 0.0)	(9.0, 0.0)	(10.0, 0.0)	(11.0, 0.0)	(12.0, 0.0)	(13.0, 0.0)	(14.0, 0.0)	(15.0, 0.0)	(16.0, 0.0)	(17.0, 0.0)	(18.0, 0.0)	(19.0, 0.0)	(20.0, 0.0)	(21.0, 0.0)	(22.0, 0.0)	(23.0, 0.0)	(24.0, 0.0)	(25.0, 0.0006791586582541548)	(26.0, 0.0013583173165083095)	(27.0, 0.0006791586582541548)	(28.0, 0.0006791586582541548)	(29.0, 0.0)	(30.0, 0.0)	(31.0, 0.0)	(32.0, 0.0)	(33.0, 0.0)	(34.0, 0.0006791586582541548)	(35.0, 0.0013583173165083095)	(36.0, 0.0013583173165083095)	(37.0, 0.004754110607779084)	(38.0, 0.004754110607779084)	(39.0, 0.004074951949524929)	(40.0, 0.004074951949524929)	(41.0, 0.01562064913984556)	(42.0, 0.019016442431116335)	(43.0, 0.028524663646674497)	(44.0, 0.05365353400207822)	(45.0, 0.13039846238479771)	(46.0, 0.6560672638735136)	(47.0, 1.987897392709911)	(48.0, 6.388845498196834)	(49.0, 15.101771924939387)	(50.0, 14.665072907681964)	(51.0, 11.41801536256885)	(52.0, 3.8949749050875773)	(53.0, 7.046950238045109)	(54.0, 8.983231572727705)	(55.0, 5.432590107374984)	(56.0, 11.65504173429955)	(57.0, 8.33191841946197)	(58.0, 2.089771191448034)	(59.0, 0.6988542593435253)	(60.0, 0.3056213962143696)	(61.0, 0.21393497735005873)	(62.0, 0.14601911152464325)	(63.0, 0.12564435177701863)	(64.0, 0.11477781324495215)	(65.0, 0.06248259655938224)	(66.0, 0.05637016863509484)	(67.0, 0.09032810154780258)	(68.0, 0.10526959202939398)	(69.0, 0.06587838985065302)	(70.0, 0.03871204352048682)	(71.0, 0.014262331823337249)	(72.0, 0.008149903899049857)	(73.0, 0.010187379873812321)	(74.0, 0.003395793291270774)	(75.0, 0.0013583173165083095)	(76.0, 0.0013583173165083095)	(77.0, 0.0006791586582541548)	(78.0, 0.0020374759747624643)	(79.0, 0.0013583173165083095)	(80.0, 0.0)	(81.0, 0.0006791586582541548)	(82.0, 0.0013583173165083095)	(83.0, 0.0020374759747624643)	(84.0, 0.002716634633016619)	(85.0, 0.0006791586582541548)	(86.0, 0.0006791586582541548)	(87.0, 0.0006791586582541548)	(88.0, 0.0)	(89.0, 0.0)	(90.0, 0.0006791586582541548)	(91.0, 0.0)	(92.0, 0.0)	(93.0, 0.0)	(94.0, 0.0)	(95.0, 0.0)	(96.0, 0.0)	(97.0, 0.0)	(98.0, 0.0)	(99.0, 0.0)	(100.0, 0.0)
3975R_NS1_week14_S33_L001_R1_001	(0.0, 0.0)	(1.0, 0.0)	(2.0, 0.0)	(3.0, 0.0)	(4.0, 0.0)	(5.0, 0.0)	(6.0, 0.0)	(7.0, 0.0)	(8.0, 0.0)	(9.0, 0.0)	(10.0, 0.0)	(11.0, 0.0)	(12.0, 0.0)	(13.0, 0.0)	(14.0, 0.0)	(15.0, 0.0)	(16.0, 0.0)	(17.0, 0.0)	(18.0, 0.0)	(19.0, 0.0)	(20.0, 0.0)	(21.0, 0.0)	(22.0, 0.0)	(23.0, 0.0)	(24.0, 0.0)	(25.0, 0.0)	(26.0, 0.0)	(27.0, 0.0)	(28.0, 0.0)	(29.0, 0.0)	(30.0, 0.0)	(31.0, 0.0)	(32.0, 0.0)	(33.0, 0.0)	(34.0, 0.0)	(35.0, 0.0)	(36.0, 0.0)	(37.0, 0.0)	(38.0, 0.0)	(39.0, 0.0)	(40.0, 0.0)	(41.0, 0.0008604148920609518)	(42.0, 0.003441659568243807)	(43.0, 0.0051624893523657105)	(44.0, 0.006883319136487614)	(45.0, 0.024952031869767605)	(46.0, 1.1598392744981632)	(47.0, 16.19817075793948)	(48.0, 18.560870051538853)	(49.0, 24.070106605405126)	(50.0, 5.515259458110701)	(51.0, 2.1871746556189393)	(52.0, 0.6031508393347272)	(53.0, 5.551396883577261)	(54.0, 17.8811422868107)	(55.0, 6.314584892835325)	(56.0, 0.6203591371759463)	(57.0, 0.2822160845959922)	(58.0, 0.1514330210027275)	(59.0, 0.21768496769142082)	(60.0, 0.11271435085998469)	(61.0, 0.0929248083425828)	(62.0, 0.03441659568243807)	(63.0, 0.012906223380914277)	(64.0, 0.006022904244426662)	(65.0, 0.006883319136487614)	(66.0, 0.06969360625693709)	(67.0, 0.20563915920256748)	(68.0, 0.06883319136487615)	(69.0, 0.0232312020856457)	(70.0, 0.004302074460304759)	(71.0, 0.004302074460304759)	(72.0, 0.0017208297841219036)	(73.0, 0.0)	(74.0, 0.0)	(75.0, 0.0008604148920609518)	(76.0, 0.0008604148920609518)	(77.0, 0.0)	(78.0, 0.0)	(79.0, 0.0)	(80.0, 0.0)	(81.0, 0.0)	(82.0, 0.0)	(83.0, 0.0)	(84.0, 0.0)	(85.0, 0.0)	(86.0, 0.0)	(87.0, 0.0)	(88.0, 0.0)	(89.0, 0.0)	(90.0, 0.0)	(91.0, 0.0)	(92.0, 0.0)	(93.0, 0.0)	(94.0, 0.0)	(95.0, 0.0)	(96.0, 0.0)	(97.0, 0.0)	(98.0, 0.0)	(99.0, 0.0)	(100.0, 0.0)
3975R_NS1_week14_S33_L001_R2_001	(0.0, 0.0)	(1.0, 0.0)	(2.0, 0.0)	(3.0, 0.0)	(4.0, 0.0)	(5.0, 0.0)	(6.0, 0.0)	(7.0, 0.0)	(8.0, 0.0)	(9.0, 0.0)	(10.0, 0.0)	(11.0, 0.0)	(12.0, 0.0)	(13.0, 0.0)	(14.0, 0.0)	(15.0, 0.0)	(16.0, 0.0)	(17.0, 0.0)	(18.0, 0.0008591926453109561)	(19.0, 0.0)	(20.0, 0.0)	(21.0, 0.0)	(22.0, 0.0)	(23.0, 0.0)	(24.0, 0.0)	(25.0, 0.0)	(26.0, 0.0)	(27.0, 0.0)	(28.0, 0.0)	(29.0, 0.0)	(30.0, 0.0008591926453109561)	(31.0, 0.0008591926453109561)	(32.0, 0.0)	(33.0, 0.0008591926453109561)	(34.0, 0.0008591926453109561)	(35.0, 0.0)	(36.0, 0.0)	(37.0, 0.0008591926453109561)	(38.0, 0.004295963226554781)	(39.0, 0.004295963226554781)	(40.0, 0.005155155871865737)	(41.0, 0.008591926453109562)	(42.0, 0.008591926453109562)	(43.0, 0.02062062348746295)	(44.0, 0.04295963226554781)	(45.0, 0.12973808944195436)	(46.0, 0.7432016381939771)	(47.0, 2.117050678046196)	(48.0, 7.4998926009193365)	(49.0, 16.896023370039952)	(50.0, 17.13745650337233)	(51.0, 16.739650308593358)	(52.0, 4.549425056921512)	(53.0, 7.205189523577679)	(54.0, 7.022181490126444)	(55.0, 3.620637807340369)	(56.0, 7.265333008749446)	(57.0, 5.625993441496141)	(58.0, 1.4812481205160883)	(59.0, 0.5524608709349449)	(60.0, 0.255180215657354)	(61.0, 0.18558561138716653)	(62.0, 0.15551386880128307)	(63.0, 0.09622957627482709)	(64.0, 0.0687354116248765)	(65.0, 0.0687354116248765)	(66.0, 0.06186187046238885)	(67.0, 0.07732733807798606)	(68.0, 0.10997665859980238)	(69.0, 0.09279280569358327)	(70.0, 0.06100267781707788)	(71.0, 0.03436770581243825)	(72.0, 0.01976143084215199)	(73.0, 0.005155155871865737)	(74.0, 0.0034367705812438244)	(75.0, 0.004295963226554781)	(76.0, 0.0008591926453109561)	(77.0, 0.0017183852906219122)	(78.0, 0.0017183852906219122)	(79.0, 0.0008591926453109561)	(80.0, 0.0017183852906219122)	(81.0, 0.0008591926453109561)	(82.0, 0.0017183852906219122)	(83.0, 0.0)	(84.0, 0.0017183852906219122)	(85.0, 0.0008591926453109561)	(86.0, 0.0)	(87.0, 0.0)	(88.0, 0.0)	(89.0, 0.0)	(90.0, 0.0)	(91.0, 0.0)	(92.0, 0.0)	(93.0, 0.0008591926453109561)	(94.0, 0.0)	(95.0, 0.0)	(96.0, 0.0)	(97.0, 0.0)	(98.0, 0.0)	(99.0, 0.0008591926453109561)	(100.0, 0.0011455901937479415)
3975R_RL_F_NS1_diabetes_S32_L001_R1_001	(0.0, 0.0)	(1.0, 0.0)	(2.0, 0.0)	(3.0, 0.0)	(4.0, 0.0)	(5.0, 0.0)	(6.0, 0.0)	(7.0, 0.0)	(8.0, 0.0)	(9.0, 0.0)	(10.0, 0.0)	(11.0, 0.0)	(12.0, 0.0)	(13.0, 0.0)	(14.0, 0.0)	(15.0, 0.0)	(16.0, 0.0)	(17.0, 0.0)	(18.0, 0.0)	(19.0, 0.0)	(20.0, 0.0)	(21.0, 0.0)	(22.0, 0.0)	(23.0, 0.0)	(24.0, 0.0)	(25.0, 0.0)	(26.0, 0.0)	(27.0, 0.0)	(28.0, 0.0)	(29.0, 0.0)	(30.0, 0.0)	(31.0, 0.0)	(32.0, 0.0)	(33.0, 0.0)	(34.0, 0.0017078981751108)	(35.0, 0.0017078981751108)	(36.0, 0.0008539490875554)	(37.0, 0.0017078981751108)	(38.0, 0.0008539490875554)	(39.0, 0.0008539490875554)	(40.0, 0.0017078981751108)	(41.0, 0.0068315927004432)	(42.0, 0.004269745437777)	(43.0, 0.0051236945253324)	(44.0, 0.012809236313331)	(45.0, 0.0375737598524376)	(46.0, 1.229686686079776)	(47.0, 16.07302972596774)	(48.0, 15.54358129168339)	(49.0, 18.66391125761082)	(50.0, 5.011827194862642)	(51.0, 2.204896544068043)	(52.0, 0.9581308762371588)	(53.0, 6.415719494803719)	(54.0, 23.2231454360691)	(55.0, 8.529243486503335)	(56.0, 0.7958805496016328)	(57.0, 0.3364559404968276)	(58.0, 0.1759135120364124)	(59.0, 0.22544255911462557)	(60.0, 0.1263844649581992)	(61.0, 0.062338283391544194)	(62.0, 0.030742167151994397)	(63.0, 0.015371083575997199)	(64.0, 0.008539490875554)	(65.0, 0.004269745437777)	(66.0, 0.058068537953767194)	(67.0, 0.1690819193359692)	(68.0, 0.0375737598524376)	(69.0, 0.0111013381382202)	(70.0, 0.008539490875554)	(71.0, 0.0025618472626662)	(72.0, 0.0017078981751108)	(73.0, 0.0)	(74.0, 0.0)	(75.0, 0.0)	(76.0, 0.0)	(77.0, 0.0)	(78.0, 0.0)	(79.0, 0.0008539490875554)	(80.0, 0.0)	(81.0, 0.0)	(82.0, 0.0)	(83.0, 0.0)	(84.0, 0.0)	(85.0, 0.0)	(86.0, 0.0)	(87.0, 0.0)	(88.0, 0.0)	(89.0, 0.0)	(90.0, 0.0)	(91.0, 0.0)	(92.0, 0.0)	(93.0, 0.0)	(94.0, 0.0)	(95.0, 0.0)	(96.0, 0.0)	(97.0, 0.0)	(98.0, 0.0)	(99.0, 0.0)	(100.0, 0.0)
3975R_RL_F_NS1_diabetes_S32_L001_R2_001	(0.0, 0.0)	(1.0, 0.0)	(2.0, 0.0)	(3.0, 0.0)	(4.0, 0.0)	(5.0, 0.0)	(6.0, 0.0)	(7.0, 0.0)	(8.0, 0.0)	(9.0, 0.0)	(10.0, 0.0)	(11.0, 0.0)	(12.0, 0.0)	(13.0, 0.0)	(14.0, 0.0)	(15.0, 0.0)	(16.0, 0.0016824112317773833)	(17.0, 0.0016824112317773833)	(18.0, 0.0)	(19.0, 0.0008412056158886916)	(20.0, 0.0008412056158886916)	(21.0, 0.0)	(22.0, 0.0)	(23.0, 0.0)	(24.0, 0.0)	(25.0, 0.0)	(26.0, 0.0)	(27.0, 0.0)	(28.0, 0.0)	(29.0, 0.0)	(30.0, 0.0)	(31.0, 0.0)	(32.0, 0.0008412056158886916)	(33.0, 0.0008412056158886916)	(34.0, 0.0008412056158886916)	(35.0, 0.0016824112317773833)	(36.0, 0.0033648224635547666)	(37.0, 0.00504723369533215)	(38.0, 0.002523616847666075)	(39.0, 0.005888439311220841)	(40.0, 0.016824112317773834)	(41.0, 0.02607737409254944)	(42.0, 0.03869545833087982)	(43.0, 0.0614080099598745)	(44.0, 0.10599190760197516)	(45.0, 0.2515204791507188)	(46.0, 0.8420468215045804)	(47.0, 2.23760693826392)	(48.0, 7.916586051128477)	(49.0, 15.346114050657404)	(50.0, 15.050850879480471)	(51.0, 11.357117020113225)	(52.0, 3.8072966175122187)	(53.0, 6.337643110105404)	(54.0, 7.3420426154765)	(55.0, 5.7353398891291)	(56.0, 11.619573172270497)	(57.0, 7.389991335582156)	(58.0, 1.9095367480673302)	(59.0, 0.7537202318362677)	(60.0, 0.4441565651892292)	(61.0, 0.29442196556104205)	(62.0, 0.21198381520395032)	(63.0, 0.17160594564129308)	(64.0, 0.11692758060852815)	(65.0, 0.10767431883375253)	(66.0, 0.0807557391253144)	(67.0, 0.09926226267486561)	(68.0, 0.10683311321786386)	(69.0, 0.0807557391253144)	(70.0, 0.04374269202621197)	(71.0, 0.01934772916543991)	(72.0, 0.009253261774775609)	(73.0, 0.006729644927109533)	(74.0, 0.007570850542998225)	(75.0, 0.004206028079443458)	(76.0, 0.0008412056158886916)	(77.0, 0.002523616847666075)	(78.0, 0.0008412056158886916)	(79.0, 0.004206028079443458)	(80.0, 0.002523616847666075)	(81.0, 0.002523616847666075)	(82.0, 0.0)	(83.0, 0.0008412056158886916)	(84.0, 0.002523616847666075)	(85.0, 0.0033648224635547666)	(86.0, 0.0)	(87.0, 0.0008412056158886916)	(88.0, 0.0)	(89.0, 0.0)	(90.0, 0.0008412056158886916)	(91.0, 0.0)	(92.0, 0.0)	(93.0, 0.0008412056158886916)	(94.0, 0.0)	(95.0, 0.0)	(96.0, 0.0)	(97.0, 0.0)	(98.0, 0.0)	(99.0, 0.0)	(100.0, 0.0)
3975R_RL_F_NS1_week9_S83_L001_R1_001	(0.0, 0.0)	(1.0, 0.0)	(2.0, 0.0)	(3.0, 0.0)	(4.0, 0.0)	(5.0, 0.0)	(6.0, 0.0)	(7.0, 0.0)	(8.0, 0.0)	(9.0, 0.0)	(10.0, 0.0)	(11.0, 0.0)	(12.0, 0.0)	(13.0, 0.0)	(14.0, 0.0)	(15.0, 0.0)	(16.0, 0.0)	(17.0, 0.0)	(18.0, 0.0)	(19.0, 0.0)	(20.0, 0.0)	(21.0, 0.0)	(22.0, 0.0)	(23.0, 0.0)	(24.0, 0.0)	(25.0, 0.0)	(26.0, 0.0)	(27.0, 0.0)	(28.0, 0.0)	(29.0, 0.0)	(30.0, 0.0)	(31.0, 0.0)	(32.0, 0.0)	(33.0, 0.0)	(34.0, 0.0)	(35.0, 0.0)	(36.0, 0.0022975301550832855)	(37.0, 0.0007658433850277618)	(38.0, 0.0)	(39.0, 0.0)	(40.0, 0.0007658433850277618)	(41.0, 0.0015316867700555237)	(42.0, 0.0030633735401110473)	(43.0, 0.0030633735401110473)	(44.0, 0.0068925904652498565)	(45.0, 0.02527283170591614)	(46.0, 1.0813708596591995)	(47.0, 13.768332376029102)	(48.0, 16.863105494926288)	(49.0, 21.223051885889337)	(50.0, 4.37296572850852)	(51.0, 1.8640627991575724)	(52.0, 0.6701129618992916)	(53.0, 6.546429255217308)	(54.0, 23.225732337736932)	(55.0, 8.172314761631247)	(56.0, 0.7650775416427341)	(57.0, 0.3392686195672985)	(58.0, 0.1807390388665518)	(59.0, 0.2205628948879954)	(60.0, 0.10721807390388666)	(61.0, 0.08500861573808156)	(62.0, 0.0421213861765269)	(63.0, 0.01684855447061076)	(64.0, 0.0068925904652498565)	(65.0, 0.007658433850277618)	(66.0, 0.07888186865785947)	(67.0, 0.22745548535324525)	(68.0, 0.06050162741719318)	(69.0, 0.019146084625694046)	(70.0, 0.007658433850277618)	(71.0, 0.0030633735401110473)	(72.0, 0.0007658433850277618)	(73.0, 0.0)	(74.0, 0.0)	(75.0, 0.0)	(76.0, 0.0)	(77.0, 0.0)	(78.0, 0.0)	(79.0, 0.0)	(80.0, 0.0)	(81.0, 0.0)	(82.0, 0.0)	(83.0, 0.0)	(84.0, 0.0)	(85.0, 0.0)	(86.0, 0.0)	(87.0, 0.0)	(88.0, 0.0)	(89.0, 0.0)	(90.0, 0.0)	(91.0, 0.0)	(92.0, 0.0)	(93.0, 0.0)	(94.0, 0.0)	(95.0, 0.0)	(96.0, 0.0)	(97.0, 0.0)	(98.0, 0.0)	(99.0, 0.0)	(100.0, 0.0)
3975R_RL_F_NS1_week9_S83_L001_R2_001	(0.0, 0.0)	(1.0, 0.0)	(2.0, 0.0)	(3.0, 0.0)	(4.0, 0.0)	(5.0, 0.0)	(6.0, 0.0)	(7.0, 0.0)	(8.0, 0.0)	(9.0, 0.0)	(10.0, 0.0)	(11.0, 0.0)	(12.0, 0.0)	(13.0, 0.0)	(14.0, 0.0)	(15.0, 0.0)	(16.0, 0.0)	(17.0, 0.0)	(18.0, 0.0)	(19.0, 0.0)	(20.0, 0.0)	(21.0, 0.0)	(22.0, 0.0)	(23.0, 0.0)	(24.0, 0.0)	(25.0, 0.0)	(26.0, 0.0)	(27.0, 0.0)	(28.0, 0.0007641462575937035)	(29.0, 0.0)	(30.0, 0.0)	(31.0, 0.0)	(32.0, 0.0)	(33.0, 0.0007641462575937035)	(34.0, 0.001528292515187407)	(35.0, 0.0022924387727811103)	(36.0, 0.005349023803155924)	(37.0, 0.005349023803155924)	(38.0, 0.003056585030374814)	(39.0, 0.006113170060749628)	(40.0, 0.007641462575937035)	(41.0, 0.011462193863905552)	(42.0, 0.018339510182248882)	(43.0, 0.036679020364497765)	(44.0, 0.045084629198028504)	(45.0, 0.10927291483589958)	(46.0, 0.6044396897566194)	(47.0, 1.9348183242272572)	(48.0, 6.162839567493219)	(49.0, 14.553929622129674)	(50.0, 15.742177052687884)	(51.0, 14.631872540404235)	(52.0, 4.678867535246247)	(53.0, 7.853895235548084)	(54.0, 8.103771061781224)	(55.0, 4.625377297214687)	(56.0, 9.99885378061361)	(57.0, 7.014862644710197)	(58.0, 1.697932984373209)	(59.0, 0.5929774958927139)	(60.0, 0.27891338402170174)	(61.0, 0.22542314599014254)	(62.0, 0.16581973789783364)	(63.0, 0.12455583998777366)	(64.0, 0.09322584342643182)	(65.0, 0.07870706453215146)	(66.0, 0.0871126733656822)	(67.0, 0.12684827876055477)	(68.0, 0.16658388415542735)	(69.0, 0.09857486722958775)	(70.0, 0.042792190425247394)	(71.0, 0.020631948955029993)	(72.0, 0.011462193863905552)	(73.0, 0.007641462575937035)	(74.0, 0.004584877545562221)	(75.0, 0.004584877545562221)	(76.0, 0.003056585030374814)	(77.0, 0.003056585030374814)	(78.0, 0.001528292515187407)	(79.0, 0.0007641462575937035)	(80.0, 0.0007641462575937035)	(81.0, 0.0)	(82.0, 0.0)	(83.0, 0.0)	(84.0, 0.0)	(85.0, 0.0)	(86.0, 0.001528292515187407)	(87.0, 0.001528292515187407)	(88.0, 0.0)	(89.0, 0.0)	(90.0, 0.0)	(91.0, 0.0)	(92.0, 0.0)	(93.0, 0.0)	(94.0, 0.0)	(95.0, 0.0)	(96.0, 0.0)	(97.0, 0.0)	(98.0, 0.0)	(99.0, 0.0)	(100.0, 0.0)
3975R_R_F_NS1_diabetes_S31_L001_R1_001	(0.0, 0.0)	(1.0, 0.0)	(2.0, 0.0)	(3.0, 0.0)	(4.0, 0.0)	(5.0, 0.0)	(6.0, 0.0)	(7.0, 0.0)	(8.0, 0.0)	(9.0, 0.0)	(10.0, 0.0)	(11.0, 0.0)	(12.0, 0.0)	(13.0, 0.0)	(14.0, 0.0)	(15.0, 0.0)	(16.0, 0.0)	(17.0, 0.0)	(18.0, 0.0)	(19.0, 0.0)	(20.0, 0.0)	(21.0, 0.0)	(22.0, 0.0)	(23.0, 0.0)	(24.0, 0.0)	(25.0, 0.0)	(26.0, 0.0)	(27.0, 0.0)	(28.0, 0.0)	(29.0, 0.0)	(30.0, 0.0)	(31.0, 0.0)	(32.0, 0.0)	(33.0, 0.0)	(34.0, 0.0)	(35.0, 0.0)	(36.0, 0.0)	(37.0, 0.0007689705022915322)	(38.0, 0.0007689705022915322)	(39.0, 0.0015379410045830643)	(40.0, 0.0007689705022915322)	(41.0, 0.002306911506874596)	(42.0, 0.006151764018332257)	(43.0, 0.010765587032081449)	(44.0, 0.02076220356187137)	(45.0, 0.0407554366214512)	(46.0, 1.0465688536187752)	(47.0, 16.378302728307343)	(48.0, 16.45212389652733)	(49.0, 19.82021469656424)	(50.0, 6.325551351850144)	(51.0, 2.849804681492418)	(52.0, 0.7758912368121559)	(53.0, 6.470886776783242)	(54.0, 20.3961736027806)	(55.0, 7.402110055058288)	(56.0, 0.7397496232044539)	(57.0, 0.3014364368982806)	(58.0, 0.16840454000184554)	(59.0, 0.18147703854080158)	(60.0, 0.08074190274061087)	(61.0, 0.055365876164990314)	(62.0, 0.03306573159853588)	(63.0, 0.009996616529789917)	(64.0, 0.005382793516040724)	(65.0, 0.0038448525114576607)	(66.0, 0.07459013872227861)	(67.0, 0.24299467872412414)	(68.0, 0.062286610685614106)	(69.0, 0.02306911506874596)	(70.0, 0.01153455753437298)	(71.0, 0.002306911506874596)	(72.0, 0.0007689705022915322)	(73.0, 0.0007689705022915322)	(74.0, 0.0)	(75.0, 0.0)	(76.0, 0.0)	(77.0, 0.0)	(78.0, 0.0)	(79.0, 0.0)	(80.0, 0.0)	(81.0, 0.0)	(82.0, 0.0)	(83.0, 0.0)	(84.0, 0.0)	(85.0, 0.0)	(86.0, 0.0)	(87.0, 0.0)	(88.0, 0.0)	(89.0, 0.0)	(90.0, 0.0)	(91.0, 0.0)	(92.0, 0.0)	(93.0, 0.0)	(94.0, 0.0)	(95.0, 0.0)	(96.0, 0.0)	(97.0, 0.0)	(98.0, 0.0)	(99.0, 0.0)	(100.0, 0.0)
3975R_R_F_NS1_diabetes_S31_L001_R2_001	(0.0, 0.0)	(1.0, 0.0)	(2.0, 0.0)	(3.0, 0.0)	(4.0, 0.0)	(5.0, 0.0)	(6.0, 0.0)	(7.0, 0.0)	(8.0, 0.0)	(9.0, 0.0)	(10.0, 0.0)	(11.0, 0.0)	(12.0, 0.0)	(13.0, 0.0)	(14.0, 0.0)	(15.0, 0.0)	(16.0, 0.0)	(17.0, 0.0)	(18.0, 0.0)	(19.0, 0.0)	(20.0, 0.0)	(21.0, 0.0)	(22.0, 0.0)	(23.0, 0.0)	(24.0, 0.0)	(25.0, 0.0)	(26.0, 0.0007623384477772752)	(27.0, 0.0)	(28.0, 0.0)	(29.0, 0.0)	(30.0, 0.0)	(31.0, 0.0)	(32.0, 0.0)	(33.0, 0.0007623384477772752)	(34.0, 0.0)	(35.0, 0.0007623384477772752)	(36.0, 0.003049353791109101)	(37.0, 0.0015246768955545504)	(38.0, 0.004574030686663651)	(39.0, 0.013722092059990953)	(40.0, 0.014484430507768228)	(41.0, 0.02058313808998643)	(42.0, 0.04192861462775013)	(43.0, 0.06479876806106838)	(44.0, 0.10520270579326396)	(45.0, 0.24242362639317352)	(46.0, 0.8934606607949664)	(47.0, 2.1772386068518976)	(48.0, 7.607375370369429)	(49.0, 14.901429638702396)	(50.0, 16.099825678608273)	(51.0, 12.067817628314266)	(52.0, 5.31273664255983)	(53.0, 9.528468258768163)	(54.0, 9.188465311059497)	(55.0, 4.362862936629345)	(56.0, 8.446710001372209)	(57.0, 5.142735168705498)	(58.0, 1.4149001590746226)	(59.0, 0.5862382663407246)	(60.0, 0.32094448651423285)	(61.0, 0.2553833800053872)	(62.0, 0.20354436555653246)	(63.0, 0.1494183357643459)	(64.0, 0.09910399821104576)	(65.0, 0.09834165976326849)	(66.0, 0.10215335200215486)	(67.0, 0.13417156680880044)	(68.0, 0.16771445851100053)	(69.0, 0.09224295218105029)	(70.0, 0.03887926083664103)	(71.0, 0.02058313808998643)	(72.0, 0.015246768955545501)	(73.0, 0.009148061373327302)	(74.0, 0.009910399821104577)	(75.0, 0.006861046029995477)	(76.0, 0.007623384477772751)	(77.0, 0.0015246768955545504)	(78.0, 0.0022870153433318255)	(79.0, 0.006098707582218202)	(80.0, 0.003049353791109101)	(81.0, 0.0022870153433318255)	(82.0, 0.0015246768955545504)	(83.0, 0.0007623384477772752)	(84.0, 0.0)	(85.0, 0.0)	(86.0, 0.0)	(87.0, 0.0)	(88.0, 0.0)	(89.0, 0.0)	(90.0, 0.0022870153433318255)	(91.0, 0.0022870153433318255)	(92.0, 0.0)	(93.0, 0.0007623384477772752)	(94.0, 0.0)	(95.0, 0.0)	(96.0, 0.0)	(97.0, 0.0)	(98.0, 0.0)	(99.0, 0.0)	(100.0, 0.0010164512637030336)
NS1_defined_inocula_S88_L001_R1_001	(0.0, 0.0)	(1.0, 0.0)	(2.0, 0.0)	(3.0, 0.0)	(4.0, 0.0)	(5.0, 0.0)	(6.0, 0.0)	(7.0, 0.0)	(8.0, 0.0)	(9.0, 0.0)	(10.0, 0.0)	(11.0, 0.0)	(12.0, 0.0)	(13.0, 0.0)	(14.0, 0.0)	(15.0, 0.0)	(16.0, 0.0)	(17.0, 0.0)	(18.0, 0.0)	(19.0, 0.0)	(20.0, 0.0)	(21.0, 0.0)	(22.0, 0.0)	(23.0, 0.0)	(24.0, 0.0)	(25.0, 0.0)	(26.0, 0.0)	(27.0, 0.0)	(28.0, 0.0)	(29.0, 0.0)	(30.0, 0.0)	(31.0, 0.0)	(32.0, 0.0)	(33.0, 0.0)	(34.0, 0.0)	(35.0, 0.0015521081508959543)	(36.0, 0.0007760540754479772)	(37.0, 0.0007760540754479772)	(38.0, 0.0031042163017919087)	(39.0, 0.0031042163017919087)	(40.0, 0.0015521081508959543)	(41.0, 0.0038802703772398864)	(42.0, 0.004656324452687864)	(43.0, 0.006208432603583817)	(44.0, 0.014745027433511566)	(45.0, 0.0170731896598555)	(46.0, 0.6945683975259396)	(47.0, 10.681608294465958)	(48.0, 10.05610870965489)	(49.0, 8.369743203706435)	(50.0, 7.059763924350248)	(51.0, 4.16275406070295)	(52.0, 2.045678542880868)	(53.0, 11.723072863717142)	(54.0, 27.841716010771634)	(55.0, 13.251899392349658)	(56.0, 1.3875846869009831)	(57.0, 0.580488448435087)	(58.0, 0.3500003880270377)	(59.0, 0.6278277470374136)	(60.0, 0.28481184568940765)	(61.0, 0.2553217908223845)	(62.0, 0.07682935346934974)	(63.0, 0.030266108942471108)	(64.0, 0.016297135584407523)	(65.0, 0.011640811131719657)	(66.0, 0.07682935346934974)	(67.0, 0.24057676338887293)	(68.0, 0.07294908309210986)	(69.0, 0.02793794671612718)	(70.0, 0.010088702980823703)	(71.0, 0.0031042163017919087)	(72.0, 0.0015521081508959543)	(73.0, 0.0)	(74.0, 0.0)	(75.0, 0.0)	(76.0, 0.0)	(77.0, 0.0)	(78.0, 0.0)	(79.0, 0.0)	(80.0, 0.0)	(81.0, 0.0)	(82.0, 0.0007760540754479772)	(83.0, 0.0007760540754479772)	(84.0, 0.0)	(85.0, 0.0)	(86.0, 0.0)	(87.0, 0.0)	(88.0, 0.0)	(89.0, 0.0)	(90.0, 0.0)	(91.0, 0.0)	(92.0, 0.0)	(93.0, 0.0)	(94.0, 0.0)	(95.0, 0.0)	(96.0, 0.0)	(97.0, 0.0)	(98.0, 0.0)	(99.0, 0.0)	(100.0, 0.0)
NS1_defined_inocula_S88_L001_R2_001	(0.0, 0.0)	(1.0, 0.0)	(2.0, 0.0)	(3.0, 0.0)	(4.0, 0.0)	(5.0, 0.0)	(6.0, 0.0)	(7.0, 0.0)	(8.0, 0.0)	(9.0, 0.0)	(10.0, 0.0)	(11.0, 0.0)	(12.0, 0.0)	(13.0, 0.0)	(14.0, 0.0007859225551914115)	(15.0, 0.0)	(16.0, 0.0)	(17.0, 0.0)	(18.0, 0.0)	(19.0, 0.0)	(20.0, 0.0)	(21.0, 0.0)	(22.0, 0.0)	(23.0, 0.0007859225551914115)	(24.0, 0.0)	(25.0, 0.0)	(26.0, 0.0)	(27.0, 0.0)	(28.0, 0.0)	(29.0, 0.0)	(30.0, 0.0)	(31.0, 0.0007859225551914115)	(32.0, 0.0)	(33.0, 0.0)	(34.0, 0.0007859225551914115)	(35.0, 0.003143690220765646)	(36.0, 0.003929612775957057)	(37.0, 0.0023577676655742344)	(38.0, 0.003929612775957057)	(39.0, 0.00550145788633988)	(40.0, 0.003143690220765646)	(41.0, 0.010216993217488349)	(42.0, 0.013360683438253996)	(43.0, 0.0275072894316994)	(44.0, 0.046369430756293274)	(45.0, 0.12417576372024301)	(46.0, 0.6028025998318125)	(47.0, 1.8076218769402463)	(48.0, 5.636636565832802)	(49.0, 13.730067039193958)	(50.0, 11.91615778181218)	(51.0, 5.16193934249719)	(52.0, 6.910617027798081)	(53.0, 12.999159062865944)	(54.0, 10.099890756764829)	(55.0, 6.066536203522505)	(56.0, 11.258340603116968)	(57.0, 9.222015262616022)	(58.0, 1.7871878905052696)	(59.0, 0.7843507100810286)	(60.0, 0.3780287490470689)	(61.0, 0.2821461973137167)	(62.0, 0.25699667554759154)	(63.0, 0.13596460204811417)	(64.0, 0.1163165381683289)	(65.0, 0.07702041040875832)	(66.0, 0.05973011419454727)	(67.0, 0.09902624195411786)	(68.0, 0.16111412381423934)	(69.0, 0.10609954495084055)	(70.0, 0.039296127759570566)	(71.0, 0.019648063879785283)	(72.0, 0.012574760883062584)	(73.0, 0.006287380441531292)	(74.0, 0.004715535331148469)	(75.0, 0.004715535331148469)	(76.0, 0.001571845110382823)	(77.0, 0.001571845110382823)	(78.0, 0.001571845110382823)	(79.0, 0.0)	(80.0, 0.0)	(81.0, 0.0007859225551914115)	(82.0, 0.0)	(83.0, 0.0)	(84.0, 0.0007859225551914115)	(85.0, 0.0)	(86.0, 0.0007859225551914115)	(87.0, 0.0)	(88.0, 0.0)	(89.0, 0.0)	(90.0, 0.0)	(91.0, 0.0)	(92.0, 0.0007859225551914115)	(93.0, 0.0)	(94.0, 0.0007859225551914115)	(95.0, 0.0007859225551914115)	(96.0, 0.0)	(97.0, 0.0007859225551914115)	(98.0, 0.0)	(99.0, 0.0)	(100.0, 0.0)
NS6_defined_inocula_S86_L001_R1_001	(0.0, 0.0)	(1.0, 0.0)	(2.0, 0.0)	(3.0, 0.0)	(4.0, 0.0)	(5.0, 0.0)	(6.0, 0.0)	(7.0, 0.0)	(8.0, 0.0)	(9.0, 0.0)	(10.0, 0.0)	(11.0, 0.0)	(12.0, 0.0)	(13.0, 0.0)	(14.0, 0.0)	(15.0, 0.0)	(16.0, 0.0)	(17.0, 0.0)	(18.0, 0.0)	(19.0, 0.0)	(20.0, 0.0)	(21.0, 0.0)	(22.0, 0.0)	(23.0, 0.0)	(24.0, 0.0)	(25.0, 0.0)	(26.0, 0.0)	(27.0, 0.0)	(28.0, 0.0)	(29.0, 0.0)	(30.0, 0.0)	(31.0, 0.0)	(32.0, 0.0)	(33.0, 0.0)	(34.0, 0.0005617914405456119)	(35.0, 0.005617914405456118)	(36.0, 0.06629138998438219)	(37.0, 0.0707857215087471)	(38.0, 0.006179705846001731)	(39.0, 0.002808957202728059)	(40.0, 0.008426871608184177)	(41.0, 0.01516836889473152)	(42.0, 0.028089572027280595)	(43.0, 0.03258390355164549)	(44.0, 0.04943764676801385)	(45.0, 0.10224604217930135)	(46.0, 2.490421455938697)	(47.0, 6.489814721182909)	(48.0, 14.96106785317019)	(49.0, 10.99201132571544)	(50.0, 5.536454646577004)	(51.0, 3.7943393894450623)	(52.0, 1.4033550184829384)	(53.0, 13.643105133650183)	(54.0, 25.386793406815656)	(55.0, 10.13190863024011)	(56.0, 1.7084077706992056)	(57.0, 0.7477444073662094)	(58.0, 0.44493882091212456)	(59.0, 0.35842293906810035)	(60.0, 0.5460612802103347)	(61.0, 0.6471837395085448)	(62.0, 0.15280727182840642)	(63.0, 0.05112302108965067)	(64.0, 0.023595240502915695)	(65.0, 0.012359411692003462)	(66.0, 0.024718823384006924)	(67.0, 0.04550510668419456)	(68.0, 0.010112245929821012)	(69.0, 0.0016853743216368356)	(70.0, 0.003370748643273671)	(71.0, 0.0011235828810912238)	(72.0, 0.0)	(73.0, 0.0)	(74.0, 0.0005617914405456119)	(75.0, 0.0011235828810912238)	(76.0, 0.0005617914405456119)	(77.0, 0.0)	(78.0, 0.0)	(79.0, 0.0)	(80.0, 0.0)	(81.0, 0.0)	(82.0, 0.0)	(83.0, 0.0005617914405456119)	(84.0, 0.0005617914405456119)	(85.0, 0.0)	(86.0, 0.0)	(87.0, 0.0)	(88.0, 0.0)	(89.0, 0.0)	(90.0, 0.0)	(91.0, 0.0)	(92.0, 0.0)	(93.0, 0.0)	(94.0, 0.0)	(95.0, 0.0)	(96.0, 0.0)	(97.0, 0.0)	(98.0, 0.0)	(99.0, 0.0)	(100.0, 0.0)
NS6_defined_inocula_S86_L001_R2_001	(0.0, 0.0)	(1.0, 0.0)	(2.0, 0.0)	(3.0, 0.0)	(4.0, 0.0)	(5.0, 0.0)	(6.0, 0.0)	(7.0, 0.0)	(8.0, 0.0)	(9.0, 0.0)	(10.0, 0.0)	(11.0, 0.0)	(12.0, 0.0)	(13.0, 0.0)	(14.0, 0.0)	(15.0, 0.0)	(16.0, 0.0)	(17.0, 0.0)	(18.0, 0.0)	(19.0, 0.0)	(20.0, 0.0005675497741151899)	(21.0, 0.0005675497741151899)	(22.0, 0.0)	(23.0, 0.0)	(24.0, 0.0)	(25.0, 0.0)	(26.0, 0.0)	(27.0, 0.0)	(28.0, 0.0)	(29.0, 0.0)	(30.0, 0.0005675497741151899)	(31.0, 0.0022701990964607596)	(32.0, 0.0011350995482303798)	(33.0, 0.0005675497741151899)	(34.0, 0.0017026493223455698)	(35.0, 0.009648346159958228)	(36.0, 0.06072782583032532)	(37.0, 0.06924107244205317)	(38.0, 0.006810597289382279)	(39.0, 0.006243047515267089)	(40.0, 0.007945696837612658)	(41.0, 0.016458943449340506)	(42.0, 0.029512588253989874)	(43.0, 0.027809938931644303)	(44.0, 0.06243047515267089)	(45.0, 0.13337419691706962)	(46.0, 0.6299802492678608)	(47.0, 2.1078798610638154)	(48.0, 5.0812731276532945)	(49.0, 14.883992826170855)	(50.0, 15.364139935072304)	(51.0, 6.202183931530795)	(52.0, 7.451928534132443)	(53.0, 15.391382324229836)	(54.0, 11.819791595722945)	(55.0, 9.302708347522078)	(56.0, 5.077300279234489)	(57.0, 3.0755522259302137)	(58.0, 0.8893504960385025)	(59.0, 0.5959272628209494)	(60.0, 0.36606960430429747)	(61.0, 0.36947490294898866)	(62.0, 0.3762855002383709)	(63.0, 0.18218347749097596)	(64.0, 0.11521260414538355)	(65.0, 0.07264637108674431)	(66.0, 0.050511929896251896)	(67.0, 0.04597153170333038)	(68.0, 0.03689073531748734)	(69.0, 0.022134441190492408)	(70.0, 0.014188744352879748)	(71.0, 0.009080796385843038)	(72.0, 0.006243047515267089)	(73.0, 0.003972848418806329)	(74.0, 0.0034052986446911396)	(75.0, 0.0017026493223455698)	(76.0, 0.0011350995482303798)	(77.0, 0.0)	(78.0, 0.0005675497741151899)	(79.0, 0.0)	(80.0, 0.0017026493223455698)	(81.0, 0.0022701990964607596)	(82.0, 0.0011350995482303798)	(83.0, 0.0005675497741151899)	(84.0, 0.0011350995482303798)	(85.0, 0.0011350995482303798)	(86.0, 0.0011350995482303798)	(87.0, 0.0005675497741151899)	(88.0, 0.0)	(89.0, 0.0)	(90.0, 0.0)	(91.0, 0.0005675497741151899)	(92.0, 0.0)	(93.0, 0.0)	(94.0, 0.0)	(95.0, 0.0)	(96.0, 0.0)	(97.0, 0.0005675497741151899)	(98.0, 0.0)	(99.0, 0.0005675497741151899)	(100.0, 0.0)
Negative_extraction_S85_L001_R1_001	(0.0, 0.0)	(1.0, 0.0)	(2.0, 0.0)	(3.0, 0.0)	(4.0, 0.0)	(5.0, 0.0)	(6.0, 0.0)	(7.0, 0.0)	(8.0, 0.0)	(9.0, 0.0)	(10.0, 0.0)	(11.0, 0.0)	(12.0, 0.0)	(13.0, 0.0)	(14.0, 0.0)	(15.0, 0.0)	(16.0, 0.0)	(17.0, 0.0)	(18.0, 0.0)	(19.0, 0.0)	(20.0, 0.0)	(21.0, 0.0)	(22.0, 0.0)	(23.0, 0.0)	(24.0, 0.0)	(25.0, 0.0004967660529950025)	(26.0, 0.0)	(27.0, 0.0)	(28.0, 0.0004967660529950025)	(29.0, 0.0004967660529950025)	(30.0, 0.00198706421198001)	(31.0, 0.004470894476955023)	(32.0, 0.002980596317970015)	(33.0, 0.00596119263594003)	(34.0, 0.004967660529950025)	(35.0, 0.012419151324875064)	(36.0, 0.05166366951148026)	(37.0, 0.060108692412395304)	(38.0, 0.05613456398843528)	(39.0, 0.10779823349991555)	(40.0, 0.20764821015191107)	(41.0, 0.37704543422320697)	(42.0, 0.5722744930502429)	(43.0, 0.7958192168979941)	(44.0, 1.0889111881650455)	(45.0, 1.3422618751924968)	(46.0, 1.5807095806300981)	(47.0, 2.176332078171106)	(48.0, 2.136094027878511)	(49.0, 2.774438405977089)	(50.0, 5.781860090808834)	(51.0, 5.816633714518485)	(52.0, 5.090858511092786)	(53.0, 10.616884084609195)	(54.0, 16.124032548111792)	(55.0, 30.908783817349057)	(56.0, 5.586631031981799)	(57.0, 3.6666302371561135)	(58.0, 1.6358506125125434)	(59.0, 0.591151603064053)	(60.0, 0.2717310309882664)	(61.0, 0.23844770543760122)	(62.0, 0.16045543511738583)	(63.0, 0.05414749977645528)	(64.0, 0.04123158239858521)	(65.0, 0.01589651369584008)	(66.0, 0.00596119263594003)	(67.0, 0.006457958688935033)	(68.0, 0.004470894476955023)	(69.0, 0.004470894476955023)	(70.0, 0.004967660529950025)	(71.0, 0.00198706421198001)	(72.0, 0.002980596317970015)	(73.0, 0.0024838302649750127)	(74.0, 0.0)	(75.0, 0.0)	(76.0, 0.0004967660529950025)	(77.0, 0.0)	(78.0, 0.0)	(79.0, 0.0)	(80.0, 0.0004967660529950025)	(81.0, 0.0004967660529950025)	(82.0, 0.000993532105990005)	(83.0, 0.0004967660529950025)	(84.0, 0.0004967660529950025)	(85.0, 0.0)	(86.0, 0.0)	(87.0, 0.0)	(88.0, 0.0)	(89.0, 0.0)	(90.0, 0.0)	(91.0, 0.0)	(92.0, 0.0)	(93.0, 0.0)	(94.0, 0.0)	(95.0, 0.0)	(96.0, 0.0)	(97.0, 0.0)	(98.0, 0.0)	(99.0, 0.0)	(100.0, 0.0)
Negative_extraction_S85_L001_R2_001	(0.0, 0.0)	(1.0, 0.0)	(2.0, 0.0)	(3.0, 0.0)	(4.0, 0.0)	(5.0, 0.0)	(6.0, 0.0)	(7.0, 0.0)	(8.0, 0.0)	(9.0, 0.0)	(10.0, 0.0)	(11.0, 0.0)	(12.0, 0.0)	(13.0, 0.0)	(14.0, 0.0)	(15.0, 0.0)	(16.0, 0.0)	(17.0, 0.0)	(18.0, 0.0)	(19.0, 0.0)	(20.0, 0.0)	(21.0, 0.0)	(22.0, 0.0)	(23.0, 0.0009875714137578574)	(24.0, 0.0004937857068789287)	(25.0, 0.0004937857068789287)	(26.0, 0.0004937857068789287)	(27.0, 0.0004937857068789287)	(28.0, 0.0)	(29.0, 0.0)	(30.0, 0.0)	(31.0, 0.0004937857068789287)	(32.0, 0.0009875714137578574)	(33.0, 0.0024689285343946436)	(34.0, 0.0014813571206367861)	(35.0, 0.009381928430699646)	(36.0, 0.031108499533372504)	(37.0, 0.023207928223309648)	(38.0, 0.008888142723820717)	(39.0, 0.013825999792610002)	(40.0, 0.04592207073974037)	(41.0, 0.07209271320432359)	(42.0, 0.13677864080546323)	(43.0, 0.30713470967869366)	(44.0, 0.8058582736264116)	(45.0, 1.5648069050993247)	(46.0, 4.204091508367199)	(47.0, 8.094629092866278)	(48.0, 3.4861270905652364)	(49.0, 4.1532315805586695)	(50.0, 6.639936400400955)	(51.0, 4.41098771954947)	(52.0, 2.974565098238666)	(53.0, 3.759190586469284)	(54.0, 5.837534626722695)	(55.0, 9.404642573216075)	(56.0, 25.105052909138493)	(57.0, 13.69810929452836)	(58.0, 2.6037320323725908)	(59.0, 0.8883204866751928)	(60.0, 0.4824286356207133)	(61.0, 0.346143780522129)	(62.0, 0.28491435286914185)	(63.0, 0.18516964007959824)	(64.0, 0.11060799834088002)	(65.0, 0.08690628441069144)	(66.0, 0.0602418562392293)	(67.0, 0.038515285136556436)	(68.0, 0.03061471382649358)	(69.0, 0.02172657110267286)	(70.0, 0.01530735691324679)	(71.0, 0.011850856965094289)	(72.0, 0.008394357016941786)	(73.0, 0.004937857068789287)	(74.0, 0.004937857068789287)	(75.0, 0.001975142827515715)	(76.0, 0.0014813571206367861)	(77.0, 0.0034564999481525006)	(78.0, 0.0034564999481525006)	(79.0, 0.001975142827515715)	(80.0, 0.0009875714137578574)	(81.0, 0.0009875714137578574)	(82.0, 0.0004937857068789287)	(83.0, 0.0009875714137578574)	(84.0, 0.0009875714137578574)	(85.0, 0.0004937857068789287)	(86.0, 0.0004937857068789287)	(87.0, 0.0)	(88.0, 0.0)	(89.0, 0.0)	(90.0, 0.0)	(91.0, 0.0009875714137578574)	(92.0, 0.0004937857068789287)	(93.0, 0.0)	(94.0, 0.0)	(95.0, 0.0)	(96.0, 0.0)	(97.0, 0.0)	(98.0, 0.0)	(99.0, 0.0004937857068789287)	(100.0, 0.0)
Negtive_Control_S90_L001_R1_001	(0.0, 0.0)	(1.0, 0.0)	(2.0, 0.0)	(3.0, 0.0)	(4.0, 0.0)	(5.0, 0.0)	(6.0, 0.0)	(7.0, 0.0)	(8.0, 0.0)	(9.0, 0.0)	(10.0, 0.0)	(11.0, 0.0)	(12.0, 0.0)	(13.0, 0.0)	(14.0, 0.0)	(15.0, 0.0)	(16.0, 0.0)	(17.0, 0.0)	(18.0, 0.0)	(19.0, 0.0)	(20.0, 0.005012405704117691)	(21.0, 0.0)	(22.0, 0.007518608556176537)	(23.0, 0.012531014260294229)	(24.0, 0.005012405704117691)	(25.0, 0.0025062028520588457)	(26.0, 0.0025062028520588457)	(27.0, 0.010024811408235383)	(28.0, 0.012531014260294229)	(29.0, 0.010024811408235383)	(30.0, 0.01754341996441192)	(31.0, 0.02255582566852961)	(32.0, 0.05513646274529461)	(33.0, 0.07518608556176537)	(34.0, 0.11277912834264806)	(35.0, 0.21803964812911955)	(36.0, 0.47116613618706293)	(37.0, 0.9047392295932433)	(38.0, 1.365880554372071)	(39.0, 2.0851607729129595)	(40.0, 2.957319365429438)	(41.0, 3.922207463472093)	(42.0, 5.247988772211222)	(43.0, 6.175283827472996)	(44.0, 6.826896569008295)	(45.0, 7.059973434249768)	(46.0, 7.283025488083005)	(47.0, 7.343174356532418)	(48.0, 6.398335881306233)	(49.0, 6.791809729079472)	(50.0, 8.666449462419488)	(51.0, 3.8946392320994465)	(52.0, 2.8796270770156136)	(53.0, 4.0124307661462115)	(54.0, 3.751785669532092)	(55.0, 1.2932006716623643)	(56.0, 0.438585499110298)	(57.0, 0.275682313726473)	(58.0, 1.3282875115911883)	(59.0, 5.626425402872108)	(60.0, 1.73679857647678)	(61.0, 0.28821332798676724)	(62.0, 0.12781634545500112)	(63.0, 0.06265507130147115)	(64.0, 0.06014886844941229)	(65.0, 0.03508683992882384)	(66.0, 0.010024811408235383)	(67.0, 0.012531014260294229)	(68.0, 0.010024811408235383)	(69.0, 0.005012405704117691)	(70.0, 0.010024811408235383)	(71.0, 0.007518608556176537)	(72.0, 0.005012405704117691)	(73.0, 0.0025062028520588457)	(74.0, 0.005012405704117691)	(75.0, 0.007518608556176537)	(76.0, 0.010024811408235383)	(77.0, 0.0025062028520588457)	(78.0, 0.0025062028520588457)	(79.0, 0.005012405704117691)	(80.0, 0.007518608556176537)	(81.0, 0.007518608556176537)	(82.0, 0.0025062028520588457)	(83.0, 0.005012405704117691)	(84.0, 0.0025062028520588457)	(85.0, 0.0)	(86.0, 0.0)	(87.0, 0.0)	(88.0, 0.0)	(89.0, 0.0)	(90.0, 0.0)	(91.0, 0.0)	(92.0, 0.0)	(93.0, 0.0)	(94.0, 0.0)	(95.0, 0.0)	(96.0, 0.0)	(97.0, 0.0)	(98.0, 0.0)	(99.0, 0.0)	(100.0, 0.0)
Negtive_Control_S90_L001_R2_001	(0.0, 0.0)	(1.0, 0.0)	(2.0, 0.0)	(3.0, 0.0)	(4.0, 0.0)	(5.0, 0.0)	(6.0, 0.0)	(7.0, 0.0)	(8.0, 0.0)	(9.0, 0.0)	(10.0, 0.0)	(11.0, 0.0)	(12.0, 0.0)	(13.0, 0.0)	(14.0, 0.0)	(15.0, 0.0)	(16.0, 0.0)	(17.0, 0.0)	(18.0, 0.0)	(19.0, 0.0)	(20.0, 0.0)	(21.0, 0.0)	(22.0, 0.0)	(23.0, 0.0)	(24.0, 0.002498688188700932)	(25.0, 0.002498688188700932)	(26.0, 0.002498688188700932)	(27.0, 0.0)	(28.0, 0.0)	(29.0, 0.0)	(30.0, 0.004997376377401864)	(31.0, 0.007496064566102797)	(32.0, 0.004997376377401864)	(33.0, 0.004997376377401864)	(34.0, 0.007496064566102797)	(35.0, 0.017490817320906522)	(36.0, 0.062467204717523296)	(37.0, 0.11993703305764475)	(38.0, 0.21738587241698107)	(39.0, 0.37730191649384076)	(40.0, 0.7596012093650834)	(41.0, 1.3018165463131857)	(42.0, 1.9964518627720444)	(43.0, 2.940955998100997)	(44.0, 3.865470627920342)	(45.0, 4.6800429774368455)	(46.0, 5.679518252917219)	(47.0, 6.284200794582843)	(48.0, 7.198720671647385)	(49.0, 7.705954373953674)	(50.0, 7.66847405112316)	(51.0, 9.22515679268384)	(52.0, 8.782888983283776)	(53.0, 6.5515604307738435)	(54.0, 6.159266385147798)	(55.0, 3.7780165413158087)	(56.0, 2.656105544589091)	(57.0, 2.543664576097549)	(58.0, 5.054846205741986)	(59.0, 2.8085255240998475)	(60.0, 0.6121786062317283)	(61.0, 0.22488193698308387)	(62.0, 0.14992129132205592)	(63.0, 0.09744883935933635)	(64.0, 0.06996326928362609)	(65.0, 0.062467204717523296)	(66.0, 0.044976387396616774)	(67.0, 0.052472451962719574)	(68.0, 0.042477699207915845)	(69.0, 0.01249344094350466)	(70.0, 0.01249344094350466)	(71.0, 0.014992129132205594)	(72.0, 0.022488193698308387)	(73.0, 0.009994752754803727)	(74.0, 0.009994752754803727)	(75.0, 0.007496064566102797)	(76.0, 0.007496064566102797)	(77.0, 0.014992129132205594)	(78.0, 0.004997376377401864)	(79.0, 0.004997376377401864)	(80.0, 0.017490817320906522)	(81.0, 0.007496064566102797)	(82.0, 0.009994752754803727)	(83.0, 0.009994752754803727)	(84.0, 0.002498688188700932)	(85.0, 0.0)	(86.0, 0.0)	(87.0, 0.0)	(88.0, 0.0)	(89.0, 0.0)	(90.0, 0.0)	(91.0, 0.0)	(92.0, 0.0)	(93.0, 0.0)	(94.0, 0.0)	(95.0, 0.0)	(96.0, 0.0)	(97.0, 0.0)	(98.0, 0.0)	(99.0, 0.0)	(100.0, 0.0)
Pooled_GF_pellet_S84_L001_R1_001	(0.0, 0.0)	(1.0, 0.0)	(2.0, 0.0)	(3.0, 0.0)	(4.0, 0.0)	(5.0, 0.0)	(6.0, 0.0)	(7.0, 0.0)	(8.0, 0.0)	(9.0, 0.0)	(10.0, 0.0)	(11.0, 0.0)	(12.0, 0.0)	(13.0, 0.0)	(14.0, 0.0)	(15.0, 0.0)	(16.0, 0.0)	(17.0, 0.0)	(18.0, 0.0)	(19.0, 0.0)	(20.0, 0.0)	(21.0, 0.0004483219310122213)	(22.0, 0.0)	(23.0, 0.0)	(24.0, 0.0004483219310122213)	(25.0, 0.0008966438620244426)	(26.0, 0.0004483219310122213)	(27.0, 0.0004483219310122213)	(28.0, 0.0008966438620244426)	(29.0, 0.0004483219310122213)	(30.0, 0.0017932877240488853)	(31.0, 0.0026899315860733275)	(32.0, 0.004931541241134434)	(33.0, 0.008069794758219983)	(34.0, 0.034520788687941034)	(35.0, 0.3900400799806325)	(36.0, 5.0041693939584135)	(37.0, 4.192258376895281)	(38.0, 0.5075004259058344)	(39.0, 0.26316497350417384)	(40.0, 0.31561863943260376)	(41.0, 0.40259309404897464)	(42.0, 0.5716104620405821)	(43.0, 0.8240157092004626)	(44.0, 0.9567190007800801)	(45.0, 1.1633954109767142)	(46.0, 1.410420794964448)	(47.0, 1.6543079254350963)	(48.0, 1.7861145731526897)	(49.0, 3.868121620773445)	(50.0, 4.207949644480709)	(51.0, 2.8024603907573953)	(52.0, 2.9876173482654425)	(53.0, 6.2361580603799975)	(54.0, 12.704098559093314)	(55.0, 29.81251176845069)	(56.0, 5.864947501501878)	(57.0, 5.079487478368467)	(58.0, 3.701794184367911)	(59.0, 2.086490266930878)	(60.0, 0.6043379630044743)	(61.0, 0.19636500578335292)	(62.0, 0.11163216082204311)	(63.0, 0.08697445461637092)	(64.0, 0.06411003613474764)	(65.0, 0.023761062343647728)	(66.0, 0.015242945654415523)	(67.0, 0.008518116689232203)	(68.0, 0.007621472827207761)	(69.0, 0.004034897379109992)	(70.0, 0.0026899315860733275)	(71.0, 0.0035865754480977705)	(72.0, 0.005379863172146655)	(73.0, 0.005828185103158876)	(74.0, 0.0017932877240488853)	(75.0, 0.0022416096550611064)	(76.0, 0.0013449657930366637)	(77.0, 0.0022416096550611064)	(78.0, 0.0013449657930366637)	(79.0, 0.0008966438620244426)	(80.0, 0.0004483219310122213)	(81.0, 0.0)	(82.0, 0.0)	(83.0, 0.0)	(84.0, 0.0)	(85.0, 0.0)	(86.0, 0.0)	(87.0, 0.0)	(88.0, 0.0)	(89.0, 0.0)	(90.0, 0.0)	(91.0, 0.0)	(92.0, 0.0)	(93.0, 0.0)	(94.0, 0.0)	(95.0, 0.0)	(96.0, 0.0)	(97.0, 0.0)	(98.0, 0.0)	(99.0, 0.0)	(100.0, 0.0)
Pooled_GF_pellet_S84_L001_R2_001	(0.0, 0.0)	(1.0, 0.0)	(2.0, 0.0)	(3.0, 0.0)	(4.0, 0.0)	(5.0, 0.0)	(6.0, 0.0)	(7.0, 0.0)	(8.0, 0.0)	(9.0, 0.0004450318865346702)	(10.0, 0.0004450318865346702)	(11.0, 0.0)	(12.0, 0.0)	(13.0, 0.0)	(14.0, 0.0008900637730693404)	(15.0, 0.0004450318865346702)	(16.0, 0.0)	(17.0, 0.0)	(18.0, 0.0)	(19.0, 0.0)	(20.0, 0.0)	(21.0, 0.0008900637730693404)	(22.0, 0.0013350956596040106)	(23.0, 0.0008900637730693404)	(24.0, 0.0004450318865346702)	(25.0, 0.0017801275461386808)	(26.0, 0.0026701913192080213)	(27.0, 0.0031152232057426914)	(28.0, 0.0031152232057426914)	(29.0, 0.008455605844158734)	(30.0, 0.01869133923445615)	(31.0, 0.014686052255644117)	(32.0, 0.023586689986337523)	(33.0, 0.040942933561189665)	(34.0, 0.1837981691388188)	(35.0, 0.951478173411125)	(36.0, 4.288772290534617)	(37.0, 3.4988406919355772)	(38.0, 0.19625906196178958)	(39.0, 0.11704338615861826)	(40.0, 0.14908568198911454)	(41.0, 0.22474110270000844)	(42.0, 0.3600307962065482)	(43.0, 0.4708437359536811)	(44.0, 0.6688829254616093)	(45.0, 0.9069749847576578)	(46.0, 1.2781315781275728)	(47.0, 2.036465912782651)	(48.0, 2.412517856904447)	(49.0, 3.4619030453532)	(50.0, 4.7449299742326545)	(51.0, 3.74494332518925)	(52.0, 3.887798560766879)	(53.0, 4.1014138663035205)	(54.0, 6.633645300685793)	(55.0, 11.433759228848746)	(56.0, 24.125623600931007)	(57.0, 12.334503767194919)	(58.0, 2.9981798195840734)	(59.0, 1.863348508920664)	(60.0, 1.1815596587495494)	(61.0, 0.5496143798703177)	(62.0, 0.3484599671566468)	(63.0, 0.22207091138080043)	(64.0, 0.15131084142178788)	(65.0, 0.10102223824337013)	(66.0, 0.07832561203010195)	(67.0, 0.05206873072455641)	(68.0, 0.031152232057426912)	(69.0, 0.02403172187287219)	(70.0, 0.012905924709505434)	(71.0, 0.011125797163366756)	(72.0, 0.008010573957624063)	(73.0, 0.004895350751881372)	(74.0, 0.004450318865346701)	(75.0, 0.0031152232057426914)	(76.0, 0.0022251594326733507)	(77.0, 0.0026701913192080213)	(78.0, 0.0013350956596040106)	(79.0, 0.0004450318865346702)	(80.0, 0.0017801275461386808)	(81.0, 0.0022251594326733507)	(82.0, 0.0013350956596040106)	(83.0, 0.0004450318865346702)	(84.0, 0.0004450318865346702)	(85.0, 0.0008900637730693404)	(86.0, 0.0)	(87.0, 0.0004450318865346702)	(88.0, 0.0004450318865346702)	(89.0, 0.0)	(90.0, 0.0)	(91.0, 0.0004450318865346702)	(92.0, 0.0008900637730693404)	(93.0, 0.0004450318865346702)	(94.0, 0.0008900637730693404)	(95.0, 0.0008900637730693404)	(96.0, 0.0)	(97.0, 0.0)	(98.0, 0.0)	(99.0, 0.0008900637730693404)	(100.0, 0.0)
Positive_Control_S89_L001_R1_001	(0.0, 0.0)	(1.0, 0.0)	(2.0, 0.0)	(3.0, 0.0)	(4.0, 0.0)	(5.0, 0.0)	(6.0, 0.0)	(7.0, 0.0)	(8.0, 0.0)	(9.0, 0.0)	(10.0, 0.0)	(11.0, 0.0)	(12.0, 0.0)	(13.0, 0.0)	(14.0, 0.0)	(15.0, 0.0)	(16.0, 0.0)	(17.0, 0.0)	(18.0, 0.0)	(19.0, 0.0)	(20.0, 0.0)	(21.0, 0.0)	(22.0, 0.0)	(23.0, 0.0)	(24.0, 0.0)	(25.0, 0.0)	(26.0, 0.0)	(27.0, 0.0)	(28.0, 0.0)	(29.0, 0.0)	(30.0, 0.0)	(31.0, 0.0)	(32.0, 0.0)	(33.0, 0.0)	(34.0, 0.0)	(35.0, 0.0)	(36.0, 0.0)	(37.0, 0.0)	(38.0, 0.0)	(39.0, 0.0)	(40.0, 0.0)	(41.0, 0.0006000600060006001)	(42.0, 0.0006000600060006001)	(43.0, 0.0006000600060006001)	(44.0, 0.0054005400540054005)	(45.0, 0.0066006600660066)	(46.0, 0.0156015601560156)	(47.0, 0.0306030603060306)	(48.0, 0.043204320432043204)	(49.0, 0.1998199819981998)	(50.0, 6.415841584158416)	(51.0, 7.388538853885389)	(52.0, 16.513051305130514)	(53.0, 17.902790279027904)	(54.0, 14.516651665166517)	(55.0, 16.349234923492347)	(56.0, 15.962796279627964)	(57.0, 3.2487248724872484)	(58.0, 0.7224722472247225)	(59.0, 0.32943294329432943)	(60.0, 0.17821782178217824)	(61.0, 0.08400840084008401)	(62.0, 0.049204920492049206)	(63.0, 0.0186018601860186)	(64.0, 0.009000900090009001)	(65.0, 0.0042004200420042)	(66.0, 0.0006000600060006001)	(67.0, 0.0006000600060006001)	(68.0, 0.0006000600060006001)	(69.0, 0.0)	(70.0, 0.0)	(71.0, 0.0006000600060006001)	(72.0, 0.0)	(73.0, 0.0)	(74.0, 0.0)	(75.0, 0.0012001200120012002)	(76.0, 0.0006000600060006001)	(77.0, 0.0)	(78.0, 0.0)	(79.0, 0.0)	(80.0, 0.0)	(81.0, 0.0)	(82.0, 0.0)	(83.0, 0.0)	(84.0, 0.0)	(85.0, 0.0)	(86.0, 0.0)	(87.0, 0.0)	(88.0, 0.0)	(89.0, 0.0)	(90.0, 0.0)	(91.0, 0.0)	(92.0, 0.0)	(93.0, 0.0)	(94.0, 0.0)	(95.0, 0.0)	(96.0, 0.0)	(97.0, 0.0)	(98.0, 0.0)	(99.0, 0.0)	(100.0, 0.0)
Positive_Control_S89_L001_R2_001	(0.0, 0.0)	(1.0, 0.0)	(2.0, 0.0)	(3.0, 0.0)	(4.0, 0.0)	(5.0, 0.0)	(6.0, 0.0)	(7.0, 0.0)	(8.0, 0.0)	(9.0, 0.0)	(10.0, 0.0)	(11.0, 0.0)	(12.0, 0.0)	(13.0, 0.0)	(14.0, 0.0)	(15.0, 0.0)	(16.0, 0.0)	(17.0, 0.0)	(18.0, 0.0)	(19.0, 0.0)	(20.0, 0.0)	(21.0, 0.0)	(22.0, 0.0)	(23.0, 0.0)	(24.0, 0.0)	(25.0, 0.0)	(26.0, 0.0)	(27.0, 0.0)	(28.0, 0.0)	(29.0, 0.0)	(30.0, 0.0)	(31.0, 0.0)	(32.0, 0.0006034019803652995)	(33.0, 0.0006034019803652995)	(34.0, 0.0)	(35.0, 0.0)	(36.0, 0.0)	(37.0, 0.0)	(38.0, 0.0)	(39.0, 0.0006034019803652995)	(40.0, 0.001206803960730599)	(41.0, 0.0006034019803652995)	(42.0, 0.0018102059410958985)	(43.0, 0.0)	(44.0, 0.004223813862557097)	(45.0, 0.0060340198036529956)	(46.0, 0.012671441587671292)	(47.0, 0.025342883175342584)	(48.0, 0.09232050299589084)	(49.0, 0.6631387764214642)	(50.0, 2.1426804322771784)	(51.0, 7.9178407863534614)	(52.0, 15.70474334296765)	(53.0, 6.371924912657563)	(54.0, 8.132048489383143)	(55.0, 16.91818472548227)	(56.0, 22.066410421959006)	(57.0, 13.561459508710108)	(58.0, 3.754970523813259)	(59.0, 0.9310492557036572)	(60.0, 0.5183223011337923)	(61.0, 0.3240268634561659)	(62.0, 0.2431709980872157)	(63.0, 0.18584780995251227)	(64.0, 0.1297314257785394)	(65.0, 0.09473411091735204)	(66.0, 0.06335720793835645)	(67.0, 0.039221128723744475)	(68.0, 0.030170099018264975)	(69.0, 0.01568845148949779)	(70.0, 0.010861235646575393)	(71.0, 0.008447627725114194)	(72.0, 0.004223813862557097)	(73.0, 0.0030170099018264978)	(74.0, 0.004223813862557097)	(75.0, 0.002413607921461198)	(76.0, 0.001206803960730599)	(77.0, 0.0006034019803652995)	(78.0, 0.001206803960730599)	(79.0, 0.001206803960730599)	(80.0, 0.0)	(81.0, 0.0)	(82.0, 0.0018102059410958985)	(83.0, 0.002413607921461198)	(84.0, 0.0)	(85.0, 0.0)	(86.0, 0.0006034019803652995)	(87.0, 0.0006034019803652995)	(88.0, 0.0)	(89.0, 0.0)	(90.0, 0.0006034019803652995)	(91.0, 0.0006034019803652995)	(92.0, 0.0)	(93.0, 0.0)	(94.0, 0.0006034019803652995)	(95.0, 0.0006034019803652995)	(96.0, 0.0)	(97.0, 0.0)	(98.0, 0.0)	(99.0, 0.0)	(100.0, 0.0)
S5_defined_inocula_S87_L001_R1_001	(0.0, 0.0)	(1.0, 0.0)	(2.0, 0.0)	(3.0, 0.0)	(4.0, 0.0)	(5.0, 0.0)	(6.0, 0.0)	(7.0, 0.0)	(8.0, 0.0)	(9.0, 0.0)	(10.0, 0.0)	(11.0, 0.0)	(12.0, 0.0)	(13.0, 0.0)	(14.0, 0.0)	(15.0, 0.0)	(16.0, 0.0)	(17.0, 0.0)	(18.0, 0.0)	(19.0, 0.0)	(20.0, 0.0)	(21.0, 0.0)	(22.0, 0.0)	(23.0, 0.0)	(24.0, 0.0)	(25.0, 0.0)	(26.0, 0.0)	(27.0, 0.0)	(28.0, 0.0)	(29.0, 0.0)	(30.0, 0.0)	(31.0, 0.0005780714380683165)	(32.0, 0.0)	(33.0, 0.0)	(34.0, 0.0)	(35.0, 0.0)	(36.0, 0.0)	(37.0, 0.0)	(38.0, 0.0)	(39.0, 0.0)	(40.0, 0.0)	(41.0, 0.0)	(42.0, 0.001156142876136633)	(43.0, 0.0005780714380683165)	(44.0, 0.002312285752273266)	(45.0, 0.01618600026591286)	(46.0, 1.172906947840614)	(47.0, 3.8609391348582855)	(48.0, 0.5485897947268323)	(49.0, 2.3365647526721354)	(50.0, 8.579736283809954)	(51.0, 7.020099543901635)	(52.0, 3.673643988924151)	(53.0, 8.769921786934429)	(54.0, 30.578822930937804)	(55.0, 23.123435594170726)	(56.0, 4.495083502419229)	(57.0, 1.1000699466440063)	(58.0, 0.6017723670291175)	(59.0, 1.324361664614513)	(60.0, 1.189092948106527)	(61.0, 1.0052662308008025)	(62.0, 0.21099607489493555)	(63.0, 0.08613264427217916)	(64.0, 0.03988692922671384)	(65.0, 0.02312285752273266)	(66.0, 0.06011942955910491)	(67.0, 0.12833185925116627)	(68.0, 0.033528143407962355)	(69.0, 0.012139500199434645)	(70.0, 0.004046500066478215)	(71.0, 0.0)	(72.0, 0.0005780714380683165)	(73.0, 0.0)	(74.0, 0.0)	(75.0, 0.0)	(76.0, 0.0)	(77.0, 0.0)	(78.0, 0.0)	(79.0, 0.0)	(80.0, 0.0)	(81.0, 0.0)	(82.0, 0.0)	(83.0, 0.0)	(84.0, 0.0)	(85.0, 0.0)	(86.0, 0.0)	(87.0, 0.0)	(88.0, 0.0)	(89.0, 0.0)	(90.0, 0.0)	(91.0, 0.0)	(92.0, 0.0)	(93.0, 0.0)	(94.0, 0.0)	(95.0, 0.0)	(96.0, 0.0)	(97.0, 0.0)	(98.0, 0.0)	(99.0, 0.0)	(100.0, 0.0)
S5_defined_inocula_S87_L001_R2_001	(0.0, 0.0)	(1.0, 0.0)	(2.0, 0.0)	(3.0, 0.0)	(4.0, 0.0)	(5.0, 0.0)	(6.0, 0.0)	(7.0, 0.0)	(8.0, 0.0)	(9.0, 0.0)	(10.0, 0.0)	(11.0, 0.0)	(12.0, 0.0)	(13.0, 0.0)	(14.0, 0.0)	(15.0, 0.0)	(16.0, 0.0)	(17.0, 0.0)	(18.0, 0.0)	(19.0, 0.0)	(20.0, 0.0)	(21.0, 0.0)	(22.0, 0.0)	(23.0, 0.0)	(24.0, 0.0)	(25.0, 0.0005855829478245594)	(26.0, 0.0)	(27.0, 0.0)	(28.0, 0.0)	(29.0, 0.0)	(30.0, 0.0005855829478245594)	(31.0, 0.0005855829478245594)	(32.0, 0.0)	(33.0, 0.0)	(34.0, 0.0)	(35.0, 0.0011711658956491187)	(36.0, 0.0011711658956491187)	(37.0, 0.0011711658956491187)	(38.0, 0.0023423317912982375)	(39.0, 0.002927914739122797)	(40.0, 0.0005855829478245594)	(41.0, 0.0052702465304210345)	(42.0, 0.007026995373894712)	(43.0, 0.007612578321719271)	(44.0, 0.02049540317385958)	(45.0, 0.04450430403466651)	(46.0, 0.2395034256602448)	(47.0, 0.6587808163026293)	(48.0, 2.1561164138900275)	(49.0, 4.896644609708965)	(50.0, 4.387187445101599)	(51.0, 3.226562042513322)	(52.0, 6.844293494173449)	(53.0, 14.415295426597178)	(54.0, 17.880189728875095)	(55.0, 12.721203958540727)	(56.0, 15.144346196638752)	(57.0, 10.231890847338526)	(58.0, 2.437196228845816)	(59.0, 1.519002166656907)	(60.0, 0.6447268255548398)	(61.0, 0.6986004567546994)	(62.0, 0.6792762194764889)	(63.0, 0.32031387246003395)	(64.0, 0.19090004099080635)	(65.0, 0.14581015400831526)	(66.0, 0.10716167945189435)	(67.0, 0.10306259881712244)	(68.0, 0.09720676933887686)	(69.0, 0.06792762194764888)	(70.0, 0.0316214791825262)	(71.0, 0.01639632253908766)	(72.0, 0.013468407799964863)	(73.0, 0.006441412426070153)	(74.0, 0.005855829478245594)	(75.0, 0.004684663582596475)	(76.0, 0.0011711658956491187)	(77.0, 0.001756748843473678)	(78.0, 0.001756748843473678)	(79.0, 0.0)	(80.0, 0.0005855829478245594)	(81.0, 0.0)	(82.0, 0.0005855829478245594)	(83.0, 0.0)	(84.0, 0.0005855829478245594)	(85.0, 0.001756748843473678)	(86.0, 0.0005855829478245594)	(87.0, 0.0005855829478245594)	(88.0, 0.0)	(89.0, 0.0011711658956491187)	(90.0, 0.0)	(91.0, 0.0005855829478245594)	(92.0, 0.0005855829478245594)	(93.0, 0.0005855829478245594)	(94.0, 0.0)	(95.0, 0.0)	(96.0, 0.0)	(97.0, 0.0)	(98.0, 0.0)	(99.0, 0.0)	(100.0, 0.0)
