pathway	096R_0_M_S5_week5	096R_0_M_S5_week9	1060R_L_M_S5_week5	1060R_L_M_S5_week9	1076R_0_M_S5_week5	1076R_0_M_S5_week9	1136R_0_F_S5_week5	1136R_0_F_S5_week9	1136R_RL_F_S5_week10	1136R_R_F_S5_week10	2402R_0_F_S5_week5	2402R_0_F_S5_week9	2402R_R_F_S5_Pellet_week9	2402R_R_F_S5_week5	2433R_0_F_S5_week9	2475R_0_M_S5_week9	2475R_RL_M_S5_Pellet_week9	2475R_RL_M_S5_week5	2518R_0_M_S5_week5	2518R_0_M_S5_week9	2518R_L_M_S5_week10	2518R_R_M_S5_week10	3752R_0_F_S5_week10	3752R_L_F_S5_week10	3893R_RL_M_S5_week10	3893R_R_M_S5_week10	3924R_L_F_S5_week5	3924R_L_F_S5_week9	3929R_0_F_S5_week5	3929R_0_F_S5_week9	S5_defined_inocula	S5_defined_inocula.1	S5_inocula
1CMET2-PWY	10658.482021025557	21032.45934138397	13335.671485250383	20542.936434615593	13298.287592962997	16257.867947224582	10784.775775373446	24204.81559729925	17263.209878508664	17903.917836110653	14768.88118795663	22737.274811032283	11992.111383160094	12085.695095571096	21975.197820779344	21238.06676974265	14266.845924819887	20082.837832582423	14132.628326446087	18403.555776997964	19220.07707233722	17099.50395862154	17144.71134828813	15176.64284123378	15634.845813037538	19137.81024227194	15990.971003557846	21171.982432771103	17325.958123957716	21565.47657328273	19500.837771066806	11616.406790971281	11323.522971401859
AEROBACTINSYN-PWY	259.71	299.14	476.29	204.86	413.14	733.29	98.29	141.43	159.29	145.14	94.86	696.14	204.0	433.57	174.86	128.0	407.86	691.71	153.29	88.57	133.29	156.0	388.14	126.71	196.0	115.86	113.0	161.57	347.86	127.57	3515.14	2306.86	1882.14
ALL-CHORISMATE-PWY	301.22498141263935	346.95791821561335	552.4255762081784	237.6071375464684	479.1809665427509	850.5073605947955	114.0017843866171	164.03776951672862	184.75271375464683	168.34081784386615	110.02349442379182	807.4188847583642	236.6096654275093	502.8767286245353	202.81159851301115	148.46096654275092	473.05695167286245	802.2807434944239	177.79360594795537	102.72802973977694	154.59657992565053	180.93680297397768	450.18468401486984	146.96475836431225	227.33085501858736	134.38037174721188	131.0631970260223	187.39717472118957	403.46587360594793	147.96223048327136	4077.03970260223	2675.6145724907065	2183.002527881041
ANAEROFRUCAT-PWY	3986.0332956077036	4526.369093200934	2723.3719743125494	3225.643778350265	3489.6697476182358	4369.45042355424	2759.8523412295904	6686.094647045122	3348.9558564209437	3782.1981713018276	1883.4448306103914	5034.096614236214	3949.175084529966	3202.28400928783	4401.575135720955	5054.1429972645465	5324.633316338363	5536.3237983262525	3268.139785165114	3860.7266518705046	3625.1153611263494	3863.363112748356	3532.4134067298546	3733.584395925115	3743.853598089583	4180.8446286226745	4079.114271497351	4537.3579129444815	4454.001399876168	5114.353708722173	14240.984099170231	7661.653730912571	6915.930689060389
ANAGLYCOLYSIS-PWY	13736.600950877852	26561.100583095835	16408.03572079704	25228.73136913471	17077.3891290822	20242.59277579772	13682.069850867623	31979.18941933482	21535.425642619615	22310.206296634184	17811.803987950778	28128.623164454697	15360.684361397454	15095.070808765428	27806.975348943066	27006.54113255137	18147.70589712885	25557.27307699835	17689.956209137912	23323.454585811272	24050.347721380225	21551.709645078718	21705.395206962166	19549.56493293009	19851.55473024578	23992.575318153667	20162.429564082533	26871.18435311068	22004.361952598672	27383.7272656438	26966.562159320914	16064.722321882045	15517.858407892541
ARG+POLYAMINE-SYN	306.5429508196721	353.08327868852456	562.1783606557377	241.80196721311478	487.6406557377049	865.5226229508196	116.0144262295082	166.93377049180327	188.0144262295082	171.31278688524588	111.96590163934425	821.6734426229508	240.78688524590163	511.75475409836065	206.392131147541	151.08196721311475	481.40852459016395	816.4445901639344	180.93245901639344	104.54163934426228	157.32590163934424	184.1311475409836	458.1324590163934	149.55934426229507	231.34426229508196	136.7527868852459	133.37704918032787	190.70557377049178	410.5888524590164	150.5744262295082	4149.017704918033	2722.8511475409837	2221.5422950819675
ARGORNPROST-PWY	290.94387096774193	186.17000000000002	262.01	245.62032258064517	190.82999999999998	658.2567741935484	147.07516129032257	342.1848387096774	290.2441935483871	165.5	50.83	278.6967741935484	326.7625806451613	356.49	372.7170967741935	509.23548387096776	291.66	282.34	259.17	229.82258064516128	150.0	199.15999999999997	191.84000000000003	269.13548387096773	297.5506451612903	231.0903225806452	107.67	308.9525806451613	298.16999999999996	291.69870967741934	1811.074193548387	313.54290322580647	777.6451612903227
ARGSYN-PWY	8797.01263240135	13985.314301621826	8931.015924225352	12474.077149353416	7877.534227073932	10691.255925014995	6220.064898387019	10912.420882863875	10864.400623809088	11429.143551897283	10770.483468800167	16142.307391282806	9698.162599390098	8464.03568603704	12649.186151629568	13040.88850583435	12048.328849737254	12742.128037793138	9338.488069570689	10304.68076102274	11415.2551886336	10118.673994925917	10640.387948868103	9124.590685282557	8966.997431190779	11756.502487641525	10371.569303733435	12520.142425915983	9190.636472161765	15170.26743611227	13354.710056800459	7315.785866611627	6217.340197830657
ARGSYNBSUB-PWY	10108.042875869556	16018.340546224297	10204.036395168423	14234.29188300844	9033.20609249321	12206.342179512258	7131.545298272882	12600.691715079216	12440.12414817444	13105.628109792511	12313.648178129042	18493.100093977668	11129.484340195188	9669.460375208224	14495.566435492026	14922.35968425918	13839.816380215969	14581.00283791536	10691.443978209594	11823.485680113823	13086.418270440387	11609.120712183661	12187.623701244143	10483.774639665282	10286.522674914173	13492.485570961442	11934.41156190471	14370.212646928843	10522.745183502877	17410.890304336805	14986.773378947608	8214.664474451401	6991.094701691623
ARO-PWY	9062.405806865774	14411.766161967646	9268.255365133431	12981.081988164135	8095.982100959688	11159.068564222607	6372.304580063689	11235.394693795242	11159.304441407125	11754.123372502421	11087.981125291375	16692.315605410164	9985.706438884165	8808.735322612732	13038.979961863151	13468.323164282781	12435.029492369247	13217.98344927056	9580.267579735826	10600.922198754437	11727.025393116033	10418.716968694343	11001.405490856843	9368.06775646578	9250.243958943054	12077.678810971995	10592.338003009994	12880.260044296972	9506.524659761439	15557.716062509253	14437.330156882592	7961.163743565418	6788.403507867662
ASPASN-PWY	4957.8106959706965	10788.833736263738	6855.289267399268	11105.731098901097	8733.975238095236	9264.049340659341	7250.595164835165	19977.080549450548	9447.200183150182	9871.344322344321	5553.823626373625	10916.033882783884	5370.854542124542	6348.4117582417575	13561.378498168498	12693.89941391941	6269.698205128206	12342.543479853479	7805.016520146519	11713.884945054944	11196.282564102563	10509.686190476192	9713.24553113553	9385.720293040293	10061.16695970696	11049.772637362636	9283.807399267396	12918.76824175824	12412.815384615385	10657.365421245422	17678.778534798537	10762.543736263737	10749.81666666667
AST-PWY	288.56666666666666	332.3777777777778	529.2111111111111	227.62222222222223	459.0444444444444	814.7666666666667	109.21111111111112	157.14444444444445	176.98888888888888	161.26666666666665	105.4	773.4888888888889	226.66666666666669	481.74444444444447	194.28888888888892	142.22222222222223	453.1777777777778	768.5666666666667	170.32222222222222	98.41111111111111	148.1	173.33333333333334	431.26666666666665	140.7888888888889	217.7777777777778	128.73333333333335	125.55555555555556	179.5222222222222	386.5111111111111	141.74444444444444	3905.711111111111	2563.177777777778	2091.266666666667
BIOTIN-BIOSYNTHESIS-PWY	1104.683328488372	4351.248226744186	6222.714811046511	9879.748517441858	5888.377412790698	6672.7631249999995	5353.200043604651	13844.964549418604	5945.916497093022	6674.1241569767435	4231.576308139534	7832.392587209302	888.6858139534884	4968.863415697674	9691.654447674418	7753.121860465117	1223.7841569767443	8211.68890988372	5332.4601017441855	7782.849985465116	7328.070566860464	6696.172325581395	5888.774215116278	4652.3561773255815	6407.1244186046515	6714.9667151162785	5853.3190116279075	8660.096904069767	10920.016482558138	3490.0458575581392	4906.917994186046	4273.805843023256	3932.358052325581
BRANCHED-CHAIN-AA-SYN-PWY	12553.036728052917	23891.03895122443	14686.763468052075	22328.875253915776	15053.642232813927	18040.34680729922	12092.16140991024	27356.104533125337	19336.605616406534	20041.221105332534	16337.138993552026	25466.212934605806	14058.171430956276	13493.140642220586	24558.632285317803	23917.66019366315	16732.09874794611	22590.99311745343	15924.897555913103	20589.082233551766	21492.270038878385	19203.422935660245	19294.23736943952	17348.323918267022	17538.580343601367	21491.147140933695	18193.66341767901	23807.65073129752	19070.105589375697	24832.389292865362	22325.956056783823	13264.363902384832	12757.40572717643
CALVIN-PWY	8177.09514446835	12171.044632934856	9109.678407146372	13218.771168008028	11108.081171522648	12267.346175446894	9051.277518253823	24051.38698011137	10902.705839885137	11792.233819679719	6411.926245227702	13983.162103862469	8286.440429045704	9431.332079887025	16060.404702884105	16218.503753000157	10041.10989567044	15604.548734295679	10175.973757938986	13237.608972136215	12204.24818467876	12094.538141886236	11146.882509185034	11071.143647475736	11868.114279577365	12635.365799574882	11379.787080050914	15346.136246668708	16389.56650285469	12806.480412932075	27989.50488714783	15407.297121093397	14341.986653092901
COA-PWY	8397.654285714287	18095.680000000004	11443.810000000001	18101.878571428573	10911.555714285712	13811.369999999999	8896.41	19221.38285714285	14700.45142857143	15026.429999999997	13041.810000000001	19295.888571428568	9671.105714285715	10121.014285714286	18619.22857142857	17961.09428571429	11342.364285714288	17055.99857142857	11817.86	15583.145714285714	16365.53142857143	14257.86857142857	14688.982857142857	12534.852857142856	13047.86	16068.318571428574	12983.23	17735.547142857144	14200.621428571429	18098.27857142858	17214.694285714286	10301.828571428572	10074.15142857143
COBALSYN-PWY	4498.403122877123	7441.677159840159	5505.860536463536	8272.029174825177	7165.716477522477	7237.57606093906	5972.69038861139	16075.566151848148	6867.565898101897	7432.489374625374	3995.1529999999993	8884.03387812188	4595.058541458541	5328.501305694306	10482.952538461539	9821.87323976024	5560.961254745255	10112.2785974026	6351.231940059939	8712.047919080918	8029.262116883117	7820.605954045953	7162.090003996004	6996.076637362637	7455.88805994006	8039.266954045954	7508.029460539461	10115.61431068931	10214.878197802196	8055.490131868132	12398.897524475524	7504.541612387612	6910.589984015984
COLANSYN-PWY	5889.2411764705885	11018.962745098039	7376.26339869281	10496.200653594773	5469.380392156863	7987.50522875817	4062.301960784314	5622.321568627451	8491.477777777778	8757.041830065358	9821.6	13331.21045751634	6779.2555555555555	6307.11568627451	9428.306535947713	9076.510457516339	8323.168627450981	9163.03202614379	6842.196732026144	7504.944444444445	8868.667320261438	7285.751633986929	8429.96862745098	6315.73725490196	6248.366013071895	8790.383660130718	7379.974509803922	9263.782352941178	5882.580392156863	11548.593464052288	4627.314379084967	3060.619607843137	2353.91568627451
COMPLETE-ARO-PWY	9896.159893438005	15772.478318926445	10139.963682701997	14214.454968802138	8840.332423509011	12190.327417885683	6961.322072405039	12234.869757036407	12214.31623359175	12861.01253558318	12164.772084264712	18271.575781869426	10911.846042988082	9623.147869984772	14263.374572195456	14721.268171992342	13584.616349919179	14439.564074027085	10478.635052163589	11595.520624354274	12836.737397375975	11392.780643061807	12035.051751662088	10237.325236666315	10106.507580760242	13214.495953462303	11585.182110110172	14089.028098369652	10369.823365225178	17027.001605153546	15495.667785643525	8546.142966881662	7282.843599816363
DAPLYSINESYN-PWY	4073.688540360559	6995.890256932401	3180.9393905978577	4399.081307365226	3824.869339029955	4993.823537440427	2499.354107418831	7915.076512137347	4864.347346366747	5036.165330545517	2749.1775663169246	5260.945031729749	4385.362476391392	3604.935566808822	5455.719006527284	6262.824451342492	5312.945061341412	5041.831366033924	3431.7653681293905	5066.376121103324	5306.305068879945	5105.8576508131755	5000.740881369925	5276.225608274103	5176.821857448078	5808.926564742558	4233.693874879798	5383.261709930438	4841.712071833032	6531.692495547249	19005.777002704832	10442.250755607882	10354.893960114525
DTDPRHAMSYN-PWY	14643.478093200914	30622.838864782283	18580.087327731097	29410.904536287242	20863.73082200153	23321.588844919796	16630.203038961037	42748.02228877006	25062.888773109244	25784.32789304814	18907.161802902978	31132.20209625669	16408.828754774637	16992.454256684494	33925.093446906045	32315.706056531708	18869.03722077922	30297.045779984725	20283.093934300996	28697.190872421696	28682.37486936593	25870.288959511083	25788.261428571433	23740.47526814362	24242.60555080214	28330.67751260504	23454.85130328495	32528.07436822002	27586.75278991597	30927.515194805193	31699.193905271193	19614.602721161194	19705.46312299465
ECASYN-PWY	278.26071428571424	320.5071428571428	510.3107142857143	219.49285714285716	442.65	785.6678571428571	105.31071428571428	151.53214285714287	170.66785714285712	155.50714285714284	101.63571428571429	745.8642857142856	218.57142857142856	464.5392857142857	187.35000000000002	137.14285714285714	436.99285714285713	741.1178571428571	164.2392857142857	94.89642857142856	142.81071428571428	167.14285714285714	415.8642857142857	135.76071428571427	210.0	124.13571428571429	121.07142857142857	173.11071428571427	372.70714285714286	136.68214285714285	3766.2214285714285	2471.635714285714	2016.5785714285714
ENTBACSYN-PWY	280.13662921348316	322.6678651685394	513.7510112359552	220.97258426966297	445.63415730337084	790.9644943820226	106.02067415730339	152.55370786516858	171.81842696629215	156.55550561797753	102.32089887640451	750.8925842696631	220.04494382022474	467.6710112359551	188.6130337078652	138.0674157303371	439.93887640449447	746.1141573033709	165.3465168539326	95.53617977528091	143.77348314606743	168.26966292134836	418.6678651685394	136.6759550561798	211.41573033707868	124.97258426966295	121.88764044943822	174.2777528089888	375.21977528089894	137.603595505618	3791.611685393259	2488.298426966293	2030.1734831460678
FAO-PWY	519.42	598.28	952.58	409.72	826.28	1466.58	196.58	282.86	318.58	290.28	189.72	1392.28	408.0	867.14	349.72	256.0	815.72	1383.42	306.58	177.14	266.58	312.0	776.28	253.42	392.0	231.72	226.0	323.14	695.72	255.14	7030.28	4613.72	3764.28
FASYN-ELONG-PWY	9214.05416657185	23705.911213903746	15746.67443315508	25378.5281886449	15730.333973262033	19079.0574489703	12838.495414040275	31246.462927864373	20588.62610387985	20887.673395721926	16539.886545454545	25075.17613687565	10803.103089202416	13359.057641711232	27112.581994766188	24806.924889179656	12162.349139037433	22808.07611229947	15983.602278074866	22843.88237364889	23570.104149732626	20620.363433155086	20441.976941176472	17813.518275457962	19155.615876664015	22729.49671498465	17908.122625668453	25441.407140630334	21787.163647058827	22764.15825588805	19096.60974729776	12223.348197860963	13532.18734873137
FASYN-INITIAL-PWY	338.75217391304346	390.18260869565216	621.2478260869566	267.20869565217396	538.8782608695652	956.4652173913043	128.20434782608697	184.47391304347826	207.7695652173913	189.31304347826085	123.7304347826087	908.0086956521739	266.0869565217391	565.5260869565218	228.07826086956524	166.95652173913044	531.9913043478261	902.2304347826088	199.94347826086957	115.52608695652174	173.85652173913041	203.47826086956522	506.2695652173913	165.27391304347825	255.65217391304347	151.12173913043478	147.3913043478261	210.74347826086955	453.7304347826087	166.39565217391305	4584.965217391305	3008.947826086957	2454.9652173913046
FERMENTATION-PWY	503.36839015108615	562.9882062201282	897.191707250776	438.7083009037988	757.1255731986319	1306.4383976261126	213.56600629714367	269.63198813056385	318.6955308401477	293.4715890094457	239.00559177294042	1243.6309746981676	391.00953496273814	836.1092377738012	347.5598174281379	292.3040129567128	760.2136752214195	1275.393575101366	316.4803379618094	207.06602894873944	288.4337662808345	300.5350148367953	709.2090379867262	261.81899381611436	371.57686048882147	255.57418669445266	271.17519106621063	314.9340308514735	755.5785403311666	269.69379029152606	7001.096016490362	4523.7387097651035	3605.564583776928
FOLSYN-PWY	1952.0894117647053	4862.544044117647	4566.844411764705	6901.300367647057	5509.946470588235	5476.56419117647	4361.056102941176	12304.15963235294	4977.04875	5219.354779411764	3048.1537499999995	6624.042132352941	1974.3862499999998	3883.1150735294113	8183.578676470587	6850.34713235294	2194.362352941176	7521.478014705881	4420.219411764705	6578.05125	6011.511617647057	5589.691544117645	5517.886102941176	4747.509705882352	5397.559632352941	5572.747058823528	4973.393161764706	7611.8113235294095	8156.205220588233	4687.197573529412	6646.034338235294	5023.162279411765	4564.340073529412
FUC-RHAMCAT-PWY	2729.3604740781493	2996.9145637889756	1950.3111869456386	2237.316619095383	2321.83676205311	2685.7778521053624	1522.3513667850323	4847.644808416406	2228.6245524976875	2594.027230777602	1329.218648242368	3283.860915256279	2649.585643374473	2288.4103398949774	2844.3558676025973	3208.655729565523	3413.7364374625895	2976.045175287044	1955.6189806551668	2442.754946977731	2310.807825746858	2437.975360504979	2394.371689543995	2596.942080070595	2546.7936930873298	2764.107430125409	2535.306118721772	2970.3008982645993	3159.495017140992	3283.7315624813364	7956.750958989696	4186.32809814296	3906.8664114806816
FUCCAT-PWY	7831.095714285714	12652.015714285715	8143.41	11561.0887012987	6857.062857142857	9361.566883116884	5104.712727272727	9863.966493506494	9791.757272727273	10361.56857142857	10102.011428571428	14667.367272727275	8619.213116883117	7576.821428571428	11210.826623376624	11312.39961038961	10546.937142857141	10584.83857142857	7981.087142857143	9183.8487012987	10184.172857142856	8859.908571428572	9624.954285714284	8215.527272727271	8052.428571428572	10638.516233766233	9085.895714285714	11223.58194805195	8152.874285714286	13676.079220779224	10176.101688311686	5124.412467532467	4831.941688311688
GALACT-GLUCUROCAT-PWY	4337.835882770316	4953.676428385472	3133.0847721078007	4215.744874226728	3510.4752289586895	4045.7810827625276	2430.901247353003	7977.958239663158	3623.706465846547	4345.27109451648	2343.382945896744	5101.431676587293	4255.149848527294	3745.8881950943996	4658.820102681583	5390.939000975164	5362.8309519258455	4714.79646162727	3126.687342336602	4017.863329155486	3795.764075568254	3910.3082517998387	3900.627445970251	4187.531848970412	4149.934205754544	4486.2995585063845	3944.843960468041	4795.388886020964	5213.416474540074	5301.603436804698	15616.770820732345	8279.958855659279	7458.997435837917
GALACTARDEG-PWY	797.6372043010753	1011.9930303030303	1204.0148484848485	769.016989247312	1232.6733333333332	2024.5231378299118	394.6884946236559	831.5481720430107	699.4808602150538	579.7533333333332	382.4790909090909	1768.3907135874879	741.589247311828	1174.8645454545456	636.6370967741937	663.6309384164223	1087.9866666666667	1667.2993939393941	572.4842424242424	440.12591397849457	495.2433333333333	560.1999999999999	1025.1466666666665	558.3209384164222	760.2545845552297	589.3530498533723	388.04848484848486	650.1519745845552	1265.7624242424245	721.5787096774193	12115.757829912021	6788.00623655914	6072.5851612903225
GALACTUROCAT-PWY	5705.7506534528275	8104.3381203257295	6699.907801224541	9906.825720961808	7409.236709329318	7905.310503739418	6041.825034458295	17518.454677930764	7654.7996456683395	8909.26700290048	4961.596705701705	9944.365402085836	5544.85653661958	6764.466251630817	11001.379281419064	10712.005145265362	6937.216711066711	9683.897392156954	6829.629655127482	9200.132125193648	8703.388412143415	8537.205069326808	7629.790263118523	7693.43078766644	8461.78062251758	9189.232961491003	8302.283008215618	10663.5861636029	12054.390204964116	8432.734352362611	15877.577688478996	9039.224441404007	8325.27503243938
GLCMANNANAUT-PWY	4556.847720214568	6101.304082439299	3153.1966713721063	3980.772984189723	4956.678430265387	4801.30793619424	3212.6953204404294	10628.848397797856	4355.220758046302	4523.381027667984	2231.590228684359	5915.911225296443	4686.770892151327	3626.297226143422	6279.965676171654	6485.261098249576	5438.574654150198	6383.378550254093	3763.0325127046863	5283.492348955392	4704.022388481085	4750.028246753247	5063.996266233767	5378.426336815358	4880.047673630717	5177.024950592885	4722.9619141727835	6462.319313946923	5726.599851778656	6945.112845849802	15418.447236024846	8271.443551665727	7890.7407396950875
GLUCARDEG-PWY	793.7298039215686	1011.1109523809524	1202.6652380952382	762.144817927171	1232.6733333333332	2002.191344537815	393.431568627451	819.2521568627451	690.518431372549	579.7533333333332	378.53000000000003	1761.0621288515408	732.4700280112046	1172.8385714285714	631.3088235294118	658.3547058823528	1087.9866666666667	1665.7409523809526	569.5761904761905	433.56803921568627	495.2433333333333	560.1999999999999	1025.1466666666665	549.6564705882353	749.8656582633054	580.1984033613445	385.8666666666667	639.3916246498599	1258.2819047619048	706.2223529411765	11662.463361344537	6606.636694677871	5855.166890756302
GLUCARGALACTSUPER-PWY	797.6372043010753	1011.9930303030303	1204.0148484848485	769.016989247312	1232.6733333333332	2024.5231378299118	394.6884946236559	831.5481720430107	699.4808602150538	579.7533333333332	382.4790909090909	1768.3907135874879	741.589247311828	1174.8645454545456	636.6370967741937	663.6309384164223	1087.9866666666667	1667.2993939393941	572.4842424242424	440.12591397849457	495.2433333333333	560.1999999999999	1025.1466666666665	558.3209384164222	760.2545845552297	589.3530498533723	388.04848484848486	650.1519745845552	1265.7624242424245	721.5787096774193	12115.757829912021	6788.00623655914	6072.5851612903225
GLUCONEO-PWY	6150.102935926532	12353.612946995716	7361.044132071995	11642.318443707827	9718.18401703712	10327.578129136466	7935.320379387087	21908.843233438332	10393.88454308729	10826.241716199129	6000.556691097608	12153.0171296571	6597.747614362833	7028.7764424342095	14827.636518874328	14187.98844285111	7835.067823450358	13792.205709919801	8638.673013288266	12902.287371638067	12263.549697723158	11627.545384677996	10775.75957782313	10631.711756122286	11129.939918270396	12306.758405879027	10452.042432246028	14266.06439847028	13361.876685596757	12436.533704121033	20375.346519560433	12162.138338795752	12215.177717558281
GLUCOSE1PMETAB-PWY	10957.82565079365	25596.561968253973	16463.553873015873	24877.800412698416	18144.43053968254	20708.540857142852	13458.390380952382	33992.78488888889	21024.359111111113	21025.061333333335	16425.88707936508	27419.079428571433	12509.780317460318	14217.825904761905	28124.210412698416	25585.919682539683	14253.91707936508	25848.43707936508	16539.185142857143	23510.473682539676	23888.497523809525	21116.6626984127	22183.67307936508	19105.579142857147	19782.619841269847	23099.407238095235	18724.37507936508	26874.799079365082	22788.195015873014	25159.487015873026	30528.498634920637	19691.302634920634	19210.995142857148
GLUCUROCAT-PWY	4318.195251736647	4989.345323113518	3167.212623846949	4282.816390861488	3537.4091655607667	4070.7299759613848	2413.5856048245514	7908.094026076751	3622.7782604904355	4341.695300721583	2374.6691373681756	5091.941773955198	4229.259581207007	3785.93325235367	4628.45171538727	5406.414290718546	5330.121121677163	4696.82911432103	3116.330864912107	3997.224615034835	3777.6812177081747	3888.7552847966194	3899.070137768336	4152.410918049382	4145.347688820423	4475.456750126594	3879.6981710723144	4748.405280960995	5298.4917565916285	5255.194907764969	16037.527758494398	8544.223338622629	7639.470832495035
GLUTORN-PWY	10912.844050538833	21360.662856660256	13190.252157021723	20054.945180906056	13202.888472348906	16195.25168203777	10596.637451775277	23401.48684267423	17247.205843721495	17812.230716192018	14801.823419479071	22773.877540961454	12291.602293841424	11985.216351812442	21668.484741056043	21075.054369446978	14689.42506097767	20023.831864126212	14079.326240329718	18201.279721631035	19161.931900273645	17012.153233336714	17179.372230667883	15217.263691767168	15498.165737306173	19099.557847032196	15984.779485828183	20938.805205905206	16704.560342555997	21923.70322691802	20307.129877031188	12187.419590216547	11717.888343299215
GLYCOCAT-PWY	11485.253510470808	22984.71038461339	14173.202559415127	22027.203719681234	14838.736041623855	17240.32994783296	12083.82761821406	27652.620026333378	18689.11439938246	19482.789340767078	15603.153762024696	24442.686528683396	12884.003764810464	12821.115945167783	24124.47063724647	23229.488336040402	15429.540885341532	22310.60971758271	15403.62015638984	20380.601456651286	21112.35962349119	18904.62705216549	18743.042815393972	16756.751405206945	17202.90079016685	20961.84978765574	17720.796560569255	23325.355682376812	19219.106941891852	23518.57543695579	19220.353054942396	12341.805129222248	11684.711415144035
GLYCOGENSYNTH-PWY	4048.1133882783893	4612.342686202687	2800.1919841269832	3301.1409523809525	3667.4076587301583	4634.64496031746	2970.651065323566	6595.862310744811	3518.1864743589736	3847.1682356532356	1865.8437301587303	4936.297554945056	4073.333485958486	3414.4487698412695	4606.881718559219	5514.619093406594	5392.559297924297	5707.66521978022	3583.924523809523	3921.4971978021977	3727.2543467643463	4032.5407814407818	3543.1185103785106	3788.8603205128206	3827.1217643467644	4220.498766788766	4079.1215048840045	4595.311269841271	4715.032512210012	5145.262704517704	14017.35082112332	7512.191654456656	6588.768632478633
GLYCOL-GLYOXDEG-PWY	296.8114285714285	341.8742857142857	544.3314285714285	234.12571428571428	472.15999999999997	838.0457142857142	112.33142857142857	161.6342857142857	182.04571428571427	165.8742857142857	108.41142857142856	795.5885714285714	233.14285714285714	495.5085714285714	199.84	146.28571428571428	466.12571428571425	790.5257142857142	175.1885714285714	101.22285714285712	152.33142857142855	178.28571428571428	443.5885714285714	144.81142857142856	224.0	132.41142857142856	129.14285714285714	184.65142857142854	397.5542857142857	145.7942857142857	4017.3028571428567	2636.4114285714286	2151.017142857143
GLYCOLYSIS	5668.975161356379	9523.40065260503	6974.237365038705	10511.236384684344	9060.226800292185	9264.201859953628	7522.9788640982415	20342.29845139496	8650.224411137728	9302.209043027038	5069.4562789573665	11281.765209901132	5782.5440884181735	6731.6190957456	13359.167752198256	12529.808655875258	7006.194534555952	12966.778885405456	7967.775149992895	11132.452484070182	10155.574633012924	9869.488866495922	9139.209340928477	8878.626763974662	9441.76784375927	10183.8971672512	9444.473599196455	12872.76551461404	12914.01808713245	10235.868695903087	15430.631736434776	9335.096200737109	8762.862942268732
GLYCOLYSIS-E-D	332.0881967213115	382.50688524590163	609.0265573770492	261.952131147541	528.2773770491804	937.6495081967213	125.68229508196723	180.8449180327869	203.68229508196723	185.58885245901638	121.29639344262296	890.1462295081967	260.8524590163935	554.4009836065574	223.5914754098361	163.672131147541	521.5259016393443	884.4816393442624	196.01016393442623	113.25344262295081	170.43639344262294	199.47540983606558	496.31016393442627	162.02262295081968	250.62295081967216	148.1488524590164	144.49180327868854	206.5977049180328	444.80459016393445	163.12229508196722	4494.769180327869	2949.755409836066	2406.6708196721315
GLYCOLYSIS-TCA-GLYOX-BYPASS	381.614693877551	439.5526530612245	699.8546938775511	301.01877551020414	607.0628571428572	1077.4873469387755	144.4261224489796	207.81551020408165	234.05877551020407	213.2669387755102	139.3861224489796	1022.8995918367348	299.7551020408163	637.0824489795918	256.9371428571429	188.08163265306123	599.3044897959185	1016.3902040816328	225.24244897959184	130.14367346938775	195.85469387755103	229.22448979591837	570.3281632653061	186.1861224489796	288.0	170.24326530612245	166.04081632653063	237.40897959183673	511.14122448979595	187.44979591836736	5165.103673469388	3389.6718367346944	2765.5934693877552
GLYOXYLATE-BYPASS	296.8114285714285	341.8742857142857	544.3314285714285	234.12571428571428	472.15999999999997	838.0457142857142	112.33142857142857	161.6342857142857	182.04571428571427	165.8742857142857	108.41142857142856	795.5885714285714	233.14285714285714	495.5085714285714	199.84	146.28571428571428	466.12571428571425	790.5257142857142	175.1885714285714	101.22285714285712	152.33142857142855	178.28571428571428	443.5885714285714	144.81142857142856	224.0	132.41142857142856	129.14285714285714	184.65142857142854	397.5542857142857	145.7942857142857	4017.3028571428567	2636.4114285714286	2151.017142857143
HCAMHPDEG-PWY	259.71	299.14	476.29	204.86	413.14	733.29	98.29	141.43	159.29	145.14	94.86	696.14	204.0	433.57	174.86	128.0	407.86	691.71	153.29	88.57	133.29	156.0	388.14	126.71	196.0	115.86	113.0	161.57	347.86	127.57	3515.14	2306.86	1882.14
HEME-BIOSYNTHESIS-II	259.71	299.14	476.29	204.86	413.14	733.29	98.29	141.43	159.29	145.14	94.86	696.14	204.0	433.57	174.86	128.0	407.86	691.71	153.29	88.57	133.29	156.0	388.14	126.71	196.0	115.86	113.0	161.57	347.86	127.57	3515.14	2306.86	1882.14
HEMESYN2-PWY	259.71	299.14	476.29	204.86	413.14	733.29	98.29	141.43	159.29	145.14	94.86	696.14	204.0	433.57	174.86	128.0	407.86	691.71	153.29	88.57	133.29	156.0	388.14	126.71	196.0	115.86	113.0	161.57	347.86	127.57	3515.14	2306.86	1882.14
HEXITOLDEGSUPER-PWY	377.76	435.1127272727273	692.7854545454546	297.97818181818184	600.930909090909	1066.6036363636363	142.96727272727273	205.71636363636364	231.69454545454545	211.11272727272726	137.9781818181818	1012.5672727272728	296.72727272727275	630.6472727272727	254.3418181818182	186.1818181818182	593.2509090909091	1006.1236363636365	222.96727272727273	128.8290909090909	193.87636363636364	226.9090909090909	564.5672727272728	184.30545454545455	285.0909090909091	168.52363636363637	164.36363636363637	235.01090909090908	505.97818181818184	185.55636363636364	5112.930909090909	3355.4327272727273	2737.658181818182
HISDEG-PWY	1906.8514285714282	7163.79	4224.7814285714285	7731.674285714285	5435.952857142857	5428.87	4578.0485714285705	13418.447142857141	6447.681428571428	6487.432857142856	3830.205714285714	6382.124285714285	2354.132857142857	3475.6099999999997	9302.248571428572	8201.55	2276.4957142857143	7239.281428571428	4800.537142857143	8154.948571428572	7898.831428571429	7072.134285714285	6514.525714285714	6213.632857142856	6738.74857142857	7474.385714285714	5731.621428571429	8652.527142857141	7980.9	6539.575714285714	6309.307142857143	4428.701428571429	5258.78
HISTSYN-PWY	10597.339669365725	20842.91836032389	12880.196896086372	19839.662800269904	12868.06282726046	15695.221977058029	10455.269352226724	23053.02302294197	16892.269156545215	17450.540715249663	14590.030506072875	22264.169062078276	11979.382395411605	11678.327887989204	21369.072152496617	20748.749581646425	14232.68763157895	19651.889925775977	13838.254183535762	17911.995337381915	18790.738940620784	16650.545823211876	16803.1464979757	14880.320398110656	15143.368724696358	18684.977948717955	15669.76246288799	20632.256632928475	16374.50311066127	21502.839460188938	18331.09543184886	10978.029412955466	10610.800600539811
HOMOSER-METSYN-PWY	1283.6914285714283	1605.2385714285713	1291.7642857142855	1751.0114285714285	1048.077142857143	1957.3785714285711	982.9057142857143	1696.5814285714284	1069.067142857143	1201.9971428571428	768.3328571428572	1920.032857142857	1261.84	1481.1671428571426	1632.9042857142858	2099.1071428571427	1855.5557142857142	2613.3714285714286	1180.3885714285714	1335.0699999999997	1208.3971428571426	1278.8028571428572	1366.8014285714285	1067.8885714285714	1246.312857142857	1253.8957142857143	1099.277142857143	1450.8285714285712	1625.172857142857	1424.6585714285713	5826.532857142856	3553.8328571428574	2873.032857142857
HSERMETANA-PWY	7784.338857142857	16048.053142857143	8721.124571428572	14702.746857142856	6591.114285714285	9780.253142857144	5698.271428571428	9913.850857142857	11754.918285714286	12257.006285714286	12475.585714285713	15918.185714285715	9160.796	7775.510285714285	13262.52457142857	13724.010285714285	11032.871428571429	12169.138857142856	8938.761142857144	11440.104	12844.318285714287	10719.885714285714	11504.542857142857	9587.857142857143	9520.785714285714	12939.575428571428	10034.410285714284	12904.453142857143	8020.385714285714	16210.649142857143	8013.289714285714	4513.4857142857145	4619.889714285715
ILEUSYN-PWY	12621.236447266843	23954.9345438422	14641.792062303492	22321.602956895185	15252.873594824214	18121.12583179277	12254.23473439261	28156.12769091256	19391.50660849757	20098.0555101009	16106.06462450562	25358.13851228059	14108.68635758592	13525.98155509774	24778.570560877324	24168.64785443907	16756.376187283633	22790.110936923844	15988.688191470319	20808.473513718553	21593.593209011404	19368.868029594723	19386.04683304518	17564.719322677094	17749.594899870834	21616.276883301685	18304.210124302987	24021.791332056197	19398.57768843178	24909.124801544887	23403.576576769086	13823.426982232531	13336.663120686202
KDO-NAGLIPASYN-PWY	309.0763636363636	356.00132231404956	566.8244628099173	243.80033057851242	491.6707438016529	872.6757024793388	116.97322314049588	168.31338842975208	189.5682644628099	172.7285950413223	112.8912396694215	828.464132231405	242.77685950413223	515.9841322314049	208.09785123966944	152.3305785123967	485.3871074380166	823.1920661157026	182.42776859504133	105.40561983471073	158.62611570247932	185.65289256198346	461.9186776859504	150.79537190082644	233.25619834710744	137.88297520661158	134.4793388429752	192.281652892562	413.98214876033063	151.81884297520662	4183.307107438017	2745.354049586777	2239.902148760331
LACTOSECAT-PWY	822.2	640.0333333333333	873.3666666666667	627.7666666666667	636.1	1398.8	442.7666666666667	690.2333333333332	644.3666666666667	564.7333333333333	169.43333333333334	726.6666666666666	818.0	1188.3000000000002	1049.3666666666668	1560.0666666666666	972.2	941.1333333333333	863.9	525.5333333333334	512.8000000000001	674.0	648.5333333333334	641.8666666666667	684.3	497.4666666666667	358.90000000000003	693.5666666666666	993.9	401.5333333333333	779.4000000000001	436.5666666666667	383.6
LPSSYN-PWY	291.60421052631574	335.87649122807017	534.7817543859649	230.0182456140351	463.8764912280701	823.3431578947368	110.36070175438597	158.79859649122807	178.85192982456138	162.96421052631575	106.50947368421052	781.6308771929824	229.05263157894734	486.8154385964912	196.33403508771931	143.71929824561403	457.9480701754386	776.6568421052632	172.11508771929823	99.44701754385963	149.65894736842102	175.15789473684208	435.8063157894737	142.27087719298245	220.0701754385965	130.08842105263156	126.87719298245614	181.41192982456138	390.579649122807	143.23649122807015	3946.8238596491224	2590.158596491228	2113.28
MET-SAM-PWY	1336.3491690503433	1657.9302660183066	1415.6686570366132	1750.4787728832953	1171.4458152173913	2175.424063215103	1004.227501430206	1678.523808638444	1096.6317176773455	1211.050025743707	771.1066332951946	2108.651713386728	1298.6575057208238	1586.5060025743705	1650.3869536613274	2088.171624713959	1951.2645795194508	2803.076651887872	1213.9374957093821	1329.3259282036613	1224.1879762585813	1305.3836842105263	1458.0632236842107	1079.6352502860414	1275.866224256293	1258.4627030892448	1118.8280377574372	1467.440396167048	1697.307188215103	1433.2546639016018	6882.671021167049	4255.737068077803	3440.049596681922
METHGLYUT-PWY	288.56666666666666	332.3777777777778	529.2111111111111	227.62222222222223	459.0444444444444	814.7666666666667	109.21111111111112	157.14444444444445	176.98888888888888	161.26666666666665	105.4	773.4888888888889	226.66666666666669	481.74444444444447	194.28888888888892	142.22222222222223	453.1777777777778	768.5666666666667	170.32222222222222	98.41111111111111	148.1	173.33333333333334	431.26666666666665	140.7888888888889	217.7777777777778	128.73333333333335	125.55555555555556	179.5222222222222	386.5111111111111	141.74444444444444	3905.711111111111	2563.177777777778	2091.266666666667
NAD-BIOSYNTHESIS-II	2305.143076923077	2386.772307692308	1590.8030769230772	1097.1353846153847	2297.4800000000005	2371.9107692307693	1392.4723076923078	3826.367692307693	1813.549230769231	2053.4338461538464	849.3507692307694	2898.787692307693	2206.6769230769232	1819.1246153846155	2254.312307692308	2381.7384615384617	3007.4815384615385	2677.035384615385	1775.4646153846156	1865.009230769231	1915.2492307692307	2113.2000000000003	1985.4107692307696	2124.2507692307695	2001.2307692307695	2197.296923076923	2333.4769230769234	2402.855384615385	2500.035384615385	2687.2092307692315	5782.526153846155	3676.6123076923077	3011.2800000000007
NAGLIPASYN-PWY	7237.406666666667	16846.381111111114	10766.475555555558	16972.485555555555	10346.506666666666	12462.620000000003	8207.956666666667	18459.32555555556	13904.960000000001	14186.844444444445	12534.115555555558	18282.751111111116	8463.396666666667	9097.033333333333	17674.923333333336	16252.130000000001	9754.437777777777	15446.684444444443	10903.371111111112	14748.584444444446	15649.904444444446	13447.666666666668	13963.206666666667	11785.43222222222	12189.633333333335	15159.929999999997	12295.763333333334	16907.955555555553	13196.337777777777	16841.685555555552	9813.01	6784.971111111112	6915.965555555556
NONOXIPENT-PWY	9007.171702402859	13449.967046287049	10789.430042957043	15502.667922691346	12220.306395937396	14786.479521075415	10222.176850500377	25825.91577695988	12085.015367018947	13026.921605061607	7274.670256077255	16175.96757701947	9039.9799211315	11065.497197469198	18077.598056995634	18411.721558827132	11348.808259407258	18613.209552447548	11461.887635697634	14812.642723469515	13598.69964035964	13502.174810855811	12631.534190809194	11993.323513311248	13211.56252731479	13917.999368491157	12458.609788211788	17001.354608496767	18378.358475857476	13720.142080901554	31640.639178786125	17826.086634663585	16411.38773060273
OANTIGEN-PWY	885.218977222468	994.1340599235646	937.5095570373899	541.7415969788726	1097.183487394958	1988.0288159312308	978.4564031402034	576.1759671236915	757.2011027568923	612.4295702491523	255.49952573742047	1619.0274487122783	893.6403793136686	1009.1837063246352	1104.4920956803774	1362.3644493870422	1488.9449557717824	2553.51148504746	1122.085624128194	827.8554699248122	829.5392835028747	978.8235157747309	937.9224119121334	631.7700792705747	763.57852014085	752.346861724447	964.0852568638792	961.890147427392	983.0322974007416	978.4489945451865	7044.590766367275	4326.451377170301	3538.5619803751465
P105-PWY	371.01428571428573	427.3428571428572	680.4142857142858	292.6571428571429	590.2	1047.557142857143	140.41428571428574	202.0428571428572	227.55714285714288	207.34285714285716	135.51428571428573	994.4857142857145	291.4285714285715	619.3857142857144	249.80000000000007	182.8571428571429	582.657142857143	988.1571428571431	218.98571428571432	126.52857142857144	190.41428571428574	222.8571428571429	554.4857142857144	181.01428571428573	280.00000000000006	165.51428571428573	161.42857142857144	230.81428571428575	496.94285714285724	182.24285714285716	5021.628571428572	3295.5142857142864	2688.771428571429
P108-PWY	8594.482666666667	20518.29433333333	12488.870999999997	20415.077333333327	12271.468333333334	14370.047666666665	9963.076666666666	22803.019666666663	16919.842333333334	17221.293666666665	15118.039999999997	21449.921666666676	10202.600999999999	10534.104333333335	21550.065999999995	19890.37433333333	11488.80833333333	18155.981	13165.430666666665	18110.724	19128.967333333334	16404.51	16766.146666666667	14497.428333333331	14828.98	18549.380666666664	14966.544333333331	20640.447666666663	15707.963333333331	20708.380333333338	8340.825666666666	5851.981666666667	6601.667333333331
P124-PWY	716.5448806427156	837.8828689797639	499.36026130884795	545.8161774530615	787.12262296161	1292.9900827697422	986.0411330303042	809.1096792371868	749.7676165377464	643.1779659073218	202.92457060110908	987.2373793674361	827.9234525577103	665.148703822547	1103.3915165001526	1441.9588544637309	1173.7833053468062	1944.2728881564208	1089.6246360928733	846.324468933183	832.7723698170814	978.5338683051	672.4518219849296	645.1547615196013	700.4861679723248	741.4647853037192	907.1921980499301	959.973628869033	739.0680016657743	1047.9726492013524	2405.8868030930744	1405.9363207906608	1000.124689838144
P125-PWY	2148.4852481389576	2115.080694789082	1409.8417369727044	1018.5653970223324	2004.0062531017368	2280.687580645161	1291.8970719602976	3701.356674937965	1716.9550124069476	1883.165062034739	739.5830769230769	2702.1360297766746	2101.33976426799	1605.7121836228287	2150.495918114144	2177.579776674938	2772.9707940446647	2492.2184367245654	1613.3988089330023	1783.7785607940443	1771.3268486352356	1942.5074441687343	1829.8778411910669	2039.2701736972701	1894.9898263027294	2062.0009429280394	2196.610421836228	2333.1316004962778	2117.716451612903	2630.749652605459	6009.523064516128	3232.947655086848	3068.4898138957815
P161-PWY	3910.453441558441	4015.3640259740255	3198.814242424242	2446.961731601731	3946.1889610389608	5264.208311688311	2316.3973593073592	6066.629177489177	3255.2301948051945	3356.4806493506494	1463.3389610389609	5205.28670995671	3838.104567099567	3671.0205627705627	3951.427857142857	4345.960649350649	5008.0696320346315	4998.933095238094	3089.0944588744587	3070.8159740259734	3107.985735930736	3444.1427489177486	3547.4623593073593	3539.826471861472	3514.139415584416	3568.438246753247	3451.8971428571426	4010.2417316017313	4488.000389610389	4395.74619047619	19014.391255411254	10363.803051948054	9362.547705627707
P163-PWY	170.90370370370374	280.9623703703704	155.42281481481484	318.0136296296297	223.43585185185185	146.5623703703704	178.0882962962963	504.41481481481486	240.02844444444446	277.66044444444447	116.69570370370371	246.13451851851858	224.00000000000006	186.94874074074076	244.4586666666667	269.9117037037037	199.11111111111114	305.86785185185187	210.72592592592594	171.45125925925927	224.5475555555556	214.04444444444445	250.5481481481482	222.9048888888889	220.6814814814815	183.63022222222224	149.33333333333334	246.6820740740741	247.22962962962967	308.62222222222226	1932.472888888889	1124.4136296296297	848.9765925925926
P164-PWY	357.73846153846154	499.01538461538456	314.58461538461535	322.5692307692308	564.3692307692307	932.9076923076923	186.55384615384614	488.76923076923083	476.4923076923077	253.66153846153844	216.0	445.47692307692313	384.13846153846157	385.476923076923	281.4923076923077	488.2153846153846	316.24615384615385	191.63076923076923	260.3076923076923	321.2307692307692	193.84615384615384	247.56923076923078	203.26153846153846	328.3384615384615	456.18461538461537	485.81538461538463	128.4923076923077	339.9230769230769	801.9692307692308	558.1846153846153	4887.553846153845	1485.9230769230767	2108.5384615384614
P4-PWY	597.7107000486862	591.4461425634162	899.4268691548048	506.65497185454234	735.8733007238553	1397.8934295075987	275.400375487365	414.485320879678	419.98143228660217	371.8916986927149	216.05760681124102	1120.4762014562946	526.8333103806243	959.8602849015076	564.1543676358755	670.5950527836308	836.2145704011986	1186.6510459487845	472.95449124251775	299.19411816934485	356.9057549246169	434.52166305655516	703.4780975628729	378.66308107259886	474.99109479594046	331.95270393553574	282.87812669412585	437.5947247217308	838.606219549324	312.03774058431503	5041.196086755341	3256.3671652688945	2624.6870516409135
P42-PWY	8792.934842141387	21142.72222717914	12939.895701212536	21224.10716312057	13062.415569663694	14957.835681766188	10608.610319148938	24918.046417295816	17563.91329329673	17873.10687485701	15334.992632120795	22104.07491191947	10413.903048501488	10928.429337680163	22745.05849805537	20889.670886524822	11639.08333905285	19142.467825440406	13735.148443148022	19098.071642644707	19954.324366277735	17196.0574822695	17495.909543582708	15236.344574468085	15609.02267558911	19306.90960764127	15645.581424159232	21759.72356211394	16862.588438572406	21355.202164264472	8827.954942804849	6267.752361015786	7059.23010295127
P441-PWY	2813.0474011597257	2823.4776453336685	1940.7624326949579	1324.1082848954668	2697.051808118081	2895.5133859767893	1691.7222351080652	4725.55843964154	2175.6884976278334	2486.036520822351	1002.6296627589917	3616.119727809606	2711.001907901603	2191.040882290766	2783.516457564576	2833.4076974330296	3699.343552978387	3396.9121729474	2149.470641488431	2274.638713758566	2337.751755403269	2565.6278334211916	2464.8736320506064	2616.2811397103096	2430.530228600328	2639.334840316931	2898.977364741015	2986.5446437736314	2867.931357928228	3292.9940115972586	8519.648366402735	5279.691222421724	4485.444520094512
P461-PWY	1017.6318881118882	963.2989810189811	1458.3856543456545	799.099180819181	1179.0763636363638	2264.421218781219	471.2693706293707	703.6397202797204	705.7174825174825	629.0416783216783	307.7479720279721	1771.669330669331	915.8766833166834	1589.376143856144	1004.2657342657344	1262.4058741258743	1389.3213986013989	1901.5890509490512	864.453026973027	502.78657342657345	573.3465734265735	722.5309090909091	1135.126153846154	652.3879720279721	813.7957642357643	538.8304495504495	455.53174825174824	756.5038561438562	1333.8986613386612	492.22657342657345	8694.470529470529	5435.792487512487	4562.512207792208
P562-PWY	2022.1071428571431	1969.7142857142858	954.6428571428572	823.5000000000001	1698.4285714285716	1395.6428571428573	1300.8214285714287	3828.5357142857147	1624.8214285714287	1910.5714285714287	701.3571428571429	2061.0	2009.5714285714287	1228.1785714285716	2121.107142857143	2226.214285714286	2562.107142857143	1881.9642857142858	1599.4285714285716	1812.857142857143	1801.2857142857144	1962.6428571428573	1536.7500000000002	2042.6785714285716	1780.714285714286	2078.035714285714	2301.4285714285716	2307.214285714286	1909.607142857143	2625.4285714285716	860.7857142857143	464.14285714285717	435.8571428571429
PANTO-PWY	7795.932857142856	17494.99142857143	11198.615714285716	17405.714285714286	10999.112857142856	13535.308571428573	9043.02142857143	19130.628571428573	14504.535714285714	14703.88857142857	12714.752857142857	19110.825714285715	9053.61142857143	9617.05571428571	18647.00285714286	17464.28	10666.42	17072.942857142858	11807.93285714286	15534.592857142858	16357.454285714286	14237.795714285714	14509.66857142857	12298.815714285713	12768.791428571429	15804.832857142857	13112.322857142855	17743.76714285714	13844.162857142857	17644.781428571427	11337.608571428571	7680.974285714286	7557.714285714285
PANTOSYN-PWY	7653.344117647059	17150.482941176473	10876.657647058824	16894.860588235293	10616.232941176471	13231.754117647057	8707.048235294116	18239.30176470588	14141.91647058824	14315.354117647059	12472.605882352942	18677.663529411762	8921.78	9351.898823529411	18047.185294117644	16949.11294117647	10528.091764705883	16543.343529411763	11469.46117647059	15036.765294117646	15908.883529411765	13849.442941176469	14126.457647058825	11950.704117647058	12383.939411764708	15392.15823529412	12715.517058823529	17189.65529411765	13230.974705882354	17297.586470588234	10736.638823529413	7270.035882352941	7237.314117647061
PENTOSE-P-PWY	3259.003453916139	6640.9065667529085	6300.632684045301	9821.751377129076	6665.778638675433	7559.286876340446	5313.996187741368	15312.518625701658	6551.367978083754	7000.558358127425	4324.876382858439	8470.67659998225	3239.1966167516116	5872.0971096159	10430.476089308071	9651.349109145003	3631.5302099504606	9263.60817517615	5722.905765691444	8391.232688553124	7564.774622557088	7113.4638343868355	7030.336517990895	6211.039882038845	7212.541382293051	7384.8231690779	6058.428077100292	9550.839375736916	11021.920064510514	6114.486794753488	12142.88148620517	7307.025288703933	7060.2313563149955
PEPTIDOGLYCANSYN-PWY	5383.625483381039	10848.514965502918	6475.846677181299	10148.865094015096	8428.641599652108	9101.746835225316	6862.492351902694	18798.219177846586	9163.25870280585	9455.950896015474	5208.221821432975	10387.629204717305	5833.15229212506	6283.722565894944	12916.401891335814	12541.86768048497	6800.3822497420015	11880.322895288535	7617.131682471069	11142.78483296662	10715.51912624699	10152.053113175094	9434.273743598731	9330.844463591462	9715.370717396525	10670.351481135318	8945.735639412997	12306.775953294258	11618.525874759038	10776.83174283285	19237.413016401533	11457.570331859986	11290.478926598777
PHOSLIPSYN-PWY	10133.713748208314	18616.243991395077	10251.5239850729	15132.743237921499	9333.414299046366	13006.504636728008	7296.935756574345	13788.299074717554	13888.946619322707	14268.649761953024	12863.797760934718	18757.189224483245	11534.855596517009	9621.1882032219	15637.584859705514	16281.779589492633	14120.889764884874	15105.994340502493	10992.19143489361	13363.082582091823	14932.98368479347	13116.562103777867	13615.53225814041	11987.352669311365	11772.779678353048	15278.291270746162	12426.111754368821	15370.335446920233	10482.319514000494	19118.1515114113	19767.028688943905	11063.90607864358	10662.304138675334
POLYAMSYN-PWY	336.921081081081	388.07351351351343	617.8897297297297	265.7643243243243	535.9654054054054	951.295135135135	127.51135135135135	183.47675675675674	206.64648648648645	188.2897297297297	123.06162162162161	903.1005405405405	264.64864864864865	562.4691891891891	226.8454054054054	166.05405405405403	529.1156756756757	897.3535135135135	198.86270270270268	114.9016216216216	172.91675675675674	202.37837837837836	503.5329729729729	164.38054054054052	254.27027027027023	150.30486486486484	146.59459459459458	209.6043243243243	451.2778378378378	165.4962162162162	4560.181621621621	2992.683243243243	2441.695135135135
POLYISOPRENSYN-PWY	7364.581428571429	16651.344285714287	10711.891428571429	16537.03571428571	10109.769999999999	12555.085714285715	7937.811428571428	17497.45428571428	13658.635714285716	13887.624285714286	12310.671428571426	18043.038571428577	8575.222857142857	9192.398571428572	17234.56	16081.985714285714	9944.505714285715	15181.425714285715	10769.24857142857	14284.802857142857	15253.401428571431	13146.395714285713	13726.43857142857	11551.711428571429	11921.84	14797.84142857143	11944.132857142857	16413.21142857143	12787.154285714285	16539.42428571429	10401.202857142856	7080.9914285714285	7132.677142857143
PPGPPMET-PWY	2153.328571428571	5391.287500000002	5047.92142857143	7707.991071428572	6091.442857142856	6045.583928571428	4849.708928571429	13684.694642857143	5538.458928571429	5801.812499999999	3429.6232142857143	7293.976785714286	2189.119642857143	4313.133928571428	9093.732142857143	7623.926785714286	2410.342857142857	8297.462500000001	4904.17142857143	7329.755357142857	6703.646428571429	6229.276785714285	6100.908928571429	5287.97857142857	5994.4803571428565	6221.071428571429	5547.308928571429	8461.725	9131.230357142857	5227.987500000001	7427.880357142858	5572.130357142857	5024.312500000001
PWY-1269	7274.227142857144	16865.05415584416	11024.182597402598	17142.393896103895	10456.669480519478	12821.125064935062	8231.6587012987	18352.253506493504	13959.045974025976	14260.705584415586	12603.505324675325	18571.977272727276	8454.225844155844	9306.051558441559	17684.99181818182	16235.026103896102	9849.818051948054	15679.806493506496	10952.852987012986	14729.911948051948	15686.449220779223	13498.221948051947	14074.414415584415	11751.616883116882	12246.946623376625	15185.043636363636	12302.886493506492	16893.43948051948	13396.092467532466	16721.256363636367	11704.97948051948	7987.455584415584	7923.2867532467535
PWY-1861	1482.223459366015	1536.118836856632	1995.390560741184	1147.714629581555	1826.326092304268	3092.5855473767424	723.6716089831436	1070.505543335893	1106.0137149901643	987.0104751509962	502.97874790728247	2309.7784408191014	1322.3969138965613	2253.7344285697955	1438.8291635214448	1995.9306262147275	1951.2212424423135	2403.15105709227	1299.0153108658692	787.6319771686493	872.2605259798804	1108.986724397529	1520.7612659331767	960.7942928194079	1215.716374976926	911.3278660211801	653.2785267213874	1063.9728150988717	2198.630622101328	779.7718517968949	9041.578753451131	5820.35974943718	4664.574185196184
PWY-2941	269.08363636363634	203.09454545454543	285.8290909090909	205.45090909090908	208.17818181818183	452.90181818181816	144.90545454545452	221.2690909090909	205.82181818181817	180.54545454545453	55.45090909090908	237.81818181818178	264.91636363636366	388.8981818181818	340.72363636363633	508.9090909090909	318.1745454545454	308.00727272727266	282.7309090909091	169.63636363636363	163.63636363636363	217.26545454545453	209.27999999999997	205.09090909090907	220.5490909090909	158.18181818181816	117.45818181818181	224.54181818181814	325.2763636363636	128.35636363636362	241.63636363636363	135.63272727272727	110.18181818181817
PWY-2942	11138.05145878018	22112.514498356784	14225.990740656103	21845.845357694787	14593.22760691423	17413.667785153328	11797.328909523814	27517.01595826714	18361.123814469946	19071.525756672243	15104.301959023343	23865.975340178815	12426.342902901059	12922.141426581342	23817.35386685405	22864.93925749249	14743.684312231988	21671.477668704672	15081.046764379993	19972.681421577454	20602.408919729183	18437.99854514696	18361.817368534186	16423.366123146425	17007.106807288597	20463.06629283789	17159.41347669762	22877.334067683703	19341.747176115055	22533.946020186824	22782.136672595283	13732.312186012836	13304.278848572843
PWY-3001	4023.731932931179	9943.713458341863	6383.184143373419	10586.832398169032	7773.515481438143	8780.958033107701	6388.326302676363	17285.183994796975	8504.73297047586	8611.979525891193	5117.934703450363	9670.147904255196	4478.393402336734	5894.23484462467	12286.876352854302	11707.326611221733	5058.2281031599105	11451.579528904635	6902.569714334285	10572.48176232425	10045.789748249992	9281.30783083431	8938.899005953594	8267.289975662452	9011.212819767195	9739.613971457737	7704.467309612949	11438.056540399744	11239.61846607821	9275.994080774768	20259.426328849244	12153.904458886293	11871.101250183347
PWY-4984	114.44444444444446	202.74444444444447	104.07777777777778	212.95555555555558	149.62222222222223	109.34444444444445	119.25555555555556	348.37777777777785	172.33333333333331	195.73333333333338	78.14444444444445	164.82222222222225	156.4	125.1888888888889	169.89999999999998	184.54444444444445	133.33333333333334	204.82222222222222	141.11111111111111	120.21111111111111	159.96666666666667	150.93333333333334	174.5777777777778	160.66666666666669	155.5777777777778	133.56666666666666	100.0	170.7888888888889	165.55555555555557	213.66666666666669	1324.8666666666666	769.5555555555555	603.7111111111112
PWY-5097	11276.560973726057	22726.905369401877	14924.578594833443	23235.491848442845	15290.922815302456	18176.62227545005	12465.664799693574	29519.75797944563	19140.322894891728	19948.470837325654	15676.102077275162	24766.646881439534	12575.11925904016	13506.942704946685	25125.515849530137	23968.012924320217	14851.242186952515	22602.292198860952	15725.32920113684	21044.0632674701	21548.302439304636	19315.503326656166	19101.5339986985	17076.34523087783	17869.76039350401	21375.162476080655	17862.16469949077	24067.784416608964	20762.293911246295	23087.443452061838	22667.24754642385	13647.052869338384	13419.866504968033
PWY-5100	7257.904165834167	10122.941435231436	7371.3940326340335	9988.65646020646	9447.199886779888	9935.022547452547	7642.605561105563	20583.29111888112	9102.28692973693	9911.83973692974	5042.000216450217	11764.647589077591	7317.258348318349	7692.747955377956	13495.383083583087	13357.979447219448	8982.806853146853	12984.971385281382	8634.037908757911	11056.59702963703	10332.451515151517	10336.74680652681	9383.455894105897	9618.73617049617	9895.844342324344	10637.868797868796	10125.348581418584	13049.152747252749	13215.776563436562	11123.518271728275	17443.733320013318	10232.764981684984	9300.015817515816
PWY-5101	13568.597142317347	25904.070679318575	15868.70511045462	24228.764716347276	16446.57785208235	19627.208394953384	13232.03882225525	30283.490330959226	20997.087994506885	21740.088747209917	17500.797692817894	27462.22928471841	15193.382178395646	14614.938110069495	26797.873472041025	26108.670619656597	18032.601052727743	24625.84715174019	17286.61701911024	22501.61517250612	23372.014656111984	20931.28186267046	20967.271324919413	18948.187623275506	19179.42728106774	23379.905604974236	19758.067128895203	25963.738317720323	20928.63449621939	26907.543568681744	25329.53663105962	14904.897573270218	14451.262914573725
PWY-5103	11906.06484796201	22839.865380069663	14018.237302372454	21418.54901170933	14472.213994989472	17291.289680590406	11652.666675880533	26571.642265433384	18515.858142405967	19173.511167747514	15489.675094428421	24228.91143294914	13341.215084463376	12885.526863256995	23619.136028303445	22995.09775270887	15845.650272219358	21700.93937423954	15237.02492794215	19829.067017158082	20625.13344984197	18450.458812291963	18489.91496459697	16664.332174747797	16884.45799040323	20605.87989481914	17400.00274217884	22865.30408045831	18434.0071724105	23678.44283219894	21911.755029885768	13001.65362573165	12552.337013050077
PWY-5104	12478.865276658687	23378.01661859039	14289.287568768314	21615.008702250212	14941.005367695567	17675.271049040795	12013.947879682519	27606.77780647505	18959.91724572664	19699.145972830767	15643.178559599528	24795.78422137452	13903.541339272599	13227.346323055346	24221.74655221104	23648.765257092524	16562.851975290363	22230.601778305434	15703.289101200982	20318.047842502936	21101.133718468598	18975.016953618007	18917.186517210805	17220.88606230156	17377.062210986587	21152.69583560757	18013.813220953725	23498.810174363032	18903.27618548246	24375.573486598056	21810.07923932642	12930.17703130067	12534.433703381788
PWY-5154	2856.5336844568756	8247.468748401132	5188.666292039772	8911.960951109097	6189.291511743019	6698.634646913526	4832.678908371188	14571.429788063184	7016.249418057411	7154.925632823715	4390.57106091539	7685.4863807459205	3225.417808593635	4583.564908363264	10013.174282510687	9226.540886746825	3424.0959775787173	8433.722759065773	5226.029785545731	8740.852713929555	8348.575613670957	7549.764470109676	7392.812132025284	6854.979560994587	7491.7186743136535	8138.031899944616	6078.707492762288	9362.384561204168	9239.6460571014	7377.611270285855	14251.886553896135	8682.111500226287	9087.209163587824
PWY-5188	7231.063636363637	11993.018181818183	7502.9345454545455	10308.567272727272	6739.0	8958.572727272727	5433.362727272727	8507.813636363637	9355.801818181819	9747.147272727274	9477.377272727274	14266.78090909091	8133.5481818181825	6774.978181818182	10773.759999999998	10666.054545454546	10224.597272727273	11215.570909090908	8116.370909090908	8751.315454545454	9953.51	8736.109090909089	9164.602727272728	7626.361818181817	7406.539090909091	10020.643636363637	9146.184545454546	10772.603636363638	7032.179090909091	13257.136363636362	7432.036363636362	4589.47	3630.388181818182
PWY-5189	6997.891428571428	11643.534285714286	7514.831428571429	10295.955714285714	6412.82	8424.205714285714	4783.411428571429	8353.724285714285	9064.125714285714	9546.874285714286	9463.241428571428	13807.928571428572	7816.472857142857	6780.7585714285715	10297.25	10073.785714285716	9637.875714285714	9952.945714285714	7541.858571428572	8275.222857142857	9529.331428571428	8225.785714285714	8965.838571428572	7417.901428571428	7158.0	9648.00142857143	8531.472857142857	10294.15142857143	6957.8042857142855	12632.454285714286	6294.132857142857	3987.0714285714284	3127.347142857143
PWY-5304	1413.78	2513.03	596.29	957.5600000000001	2201.57	1971.91	2154.36	4000.8699999999994	1777.03	1469.09	488.0	2264.7299999999996	1704.0500000000002	655.29	3004.3399999999997	3015.01	2081.29	4206.87	2046.0	2602.3400000000006	2222.18	2301.9599999999996	2012.8	2105.97	1812.0199999999998	2065.18	2367.57	3024.31	1548.6399999999999	3336.4500000000003	1727.59	1169.3899999999999	1062.56
PWY-5345	5922.710357142857	11314.674642857144	7229.746071428572	10877.825357142858	5285.892857142857	7557.388928571429	4186.285714285715	5787.186428571428	8808.253928571428	9107.599285714286	10299.535714285714	13271.892857142857	6936.281785714285	6148.996071428572	9782.531785714285	9467.853214285715	8319.535714285714	8856.174642857142	7066.325357142858	7850.075357142858	9240.789642857144	7533.428571428572	8457.428571428572	6541.071428571428	6383.142857142857	9179.503928571428	7687.031785714285	9624.603214285713	5805.642857142857	12090.56357142857	521.7182142857143	367.7142857142857	148.11107142857142
PWY-5347	1399.0743613972018	1747.8834575398369	1476.3301897104548	1898.1735770501364	1190.0478784492811	2214.211072920715	1027.7698457539836	1812.401783666926	1149.3078879226584	1290.0275364360668	839.7454289739605	2175.015075301205	1359.0620171006608	1662.5828830645162	1731.7401821803342	2198.5357559269337	2022.7486946171784	2865.9557799747377	1246.5298564418965	1405.201098183055	1287.3626741643996	1360.4785969685192	1524.7959031286437	1143.6508314710454	1346.0406762534008	1333.9093320054412	1160.1966469102217	1542.5621174212981	1801.4406806257289	1506.0068181597358	7107.188195200155	4375.588802467936	3538.892795860863
PWY-5384	8376.412272727273	12985.419393939394	8425.266666666665	10838.733333333332	7733.415757575757	10374.845454545453	6009.684696969696	10028.00803030303	10168.565606060607	10610.317575757575	9839.266666666666	15578.84	9199.427272727275	7898.308333333333	11929.851060606063	12020.239696969698	11679.99893939394	12432.652272727273	8995.698787878788	9582.324545454545	10775.047272727272	9696.183030303031	10075.10712121212	8602.915	8333.871212121212	10968.440454545453	10124.920303030305	11853.114545454546	8295.360757575756	14276.20212121212	9506.108484848484	5908.5027272727275	4775.812424242425
PWY-5484	5596.28242916444	9538.357930019045	7152.556792853542	10768.780494353927	9235.764615390652	9460.839014481173	7706.7428850538845	20700.499467888236	8818.079205724589	9479.320418841868	5172.159999275192	11482.224778775284	5699.317412896275	6834.582528522175	13635.916713529803	12688.955604517776	6918.181931501463	13167.996029376774	8133.506471735135	11345.889667491923	10371.808985529984	10065.724139807688	9258.521645615516	8954.885050695504	9602.717426934825	10359.601587363113	9621.31440318971	13106.828164364862	13248.732218658997	10227.678830496403	15059.428818329125	9185.752300661161	8638.314607193748
PWY-5505	7027.768843771598	12106.260215428088	8891.638282153692	14642.074665330672	11078.346349694037	11095.639720990715	9670.988255714461	26794.534471088726	11279.50855417308	12315.302569299842	6881.88756526427	13691.430566154684	7257.796673329309	8756.840078052246	17597.0965412976	16832.53751317628	8384.855650926553	15789.41848129041	10319.584664395792	14605.06161897315	13266.49627545894	12783.786135697817	11570.833807703644	11511.916637325116	12311.284282198312	13261.697984656174	11961.883332639938	16732.36399696699	17072.641986496088	12927.769764267588	15219.416909811946	8951.042959912902	8590.914906734619
PWY-5509	2290.502714803566	5261.997265602038	4107.752996962869	7225.550452630548	5137.786975604976	4980.20828353091	4636.62367982757	12246.401425492308	5099.0022778485345	5475.290813167435	3236.575214068776	6185.721010091113	2432.33259723719	3715.0531390222395	8259.261498971295	7554.890667189182	2722.7534574311744	7619.884776134026	4689.56720289997	6864.745558930145	6190.190526109533	5811.963720975801	5313.42999608112	4894.772332712844	5512.701502890173	5895.257129420985	5230.77568629372	7714.778769471932	8034.615681395122	5327.5987234251	6355.156496521995	4273.171294209856	3879.970802390516
PWY-5659	12036.542954191778	24211.12304048892	15331.277621028208	23909.687476445124	15994.963911948618	18146.594625244037	12510.062012562601	31012.34963840081	19890.05411396882	20596.9866423337	16562.634518292165	25818.40778994426	13543.731414424356	13884.787436550374	26217.96281837987	24898.466071357838	15485.182457912457	22999.170596440603	16127.644518575109	21738.56938460232	22239.92877627818	19753.406116062593	20238.255516792575	18116.122396797105	18388.645223099342	22003.062280791102	18284.10972696149	25247.314428316782	20916.380138358378	24849.33064199418	20374.675680049797	12478.873061709533	12361.301492799139
PWY-5667	11926.58155742297	23329.47773109244	14039.268560224087	21531.66018487394	14077.196302521008	17400.52434173669	11386.148901960783	25057.85898599439	18716.324812324936	19309.00982072829	15998.742481792719	24420.423422969187	13479.77317086835	12819.622963585434	23310.258901960788	22850.773137254895	16089.655417366945	21477.668128851554	15196.455193277312	19686.669462184873	20783.610352941178	18466.924733893557	18547.61962464986	16578.138207282907	16797.900476190483	20774.337366946776	17305.551266106442	22562.08842577032	17734.60429691877	23973.744095238104	22620.73091876751	13325.50049859944	12998.114952380949
PWY-5676	286.01652892561987	470.2056198347108	260.1084297520661	532.2128925619835	373.9319008264463	245.28	298.0403305785124	844.1652892561983	401.7004958677686	464.67966942148763	195.29652892561984	411.9193388429752	374.87603305785126	312.86876033057854	409.11471074380165	451.7117355371901	333.22314049586777	511.88628099173553	352.6611570247934	286.93289256198346	375.79239669421486	358.21487603305786	419.305785123967	373.04330578512395	369.3223140495868	307.3150413223141	249.91735537190084	412.8357024793389	413.7520661157025	516.4958677685951	3234.097190082645	1881.7666115702482	1420.8079338842977
PWY-5677	185.86466165413532	305.55789473684206	169.0285714285714	345.85263157894735	242.9954887218045	159.3924812030075	193.67819548872177	548.5714285714286	261.0406015037594	301.96691729323305	126.9112781954887	267.6812030075188	243.60902255639098	203.3142857142857	265.85864661654136	293.53984962406014	216.5413533834586	332.64360902255635	229.17293233082705	186.46015037593983	244.20451127819547	232.78195488721803	272.4812030075188	242.41804511278195	240.0	199.70526315789473	162.406015037594	268.27669172932326	268.8721804511278	335.63909774436087	2101.6421052631576	1222.8451127819549	923.2962406015038
PWY-5686	12243.972213139206	24172.33582346821	15046.796919576145	23200.338327234596	15128.404388324143	18284.470205382895	12236.97586347591	27586.60644739549	19725.328271549035	20411.506843957184	16861.076774843506	25790.959187470547	13804.553137108162	13651.707767802847	25066.157860338248	24261.34130187158	16338.373781682149	22730.385230267788	16111.238772264294	21020.228324100062	21972.271081151153	19505.37459214988	19592.09372910108	17455.81804307696	17820.45917473451	21873.58803645408	18295.2053770207	24180.585392272234	19514.105685180253	24861.204168811226	21445.292581491616	12803.186477627118	12522.031351018697
PWY-5695	5100.703218339968	12032.95628910512	7820.653880731242	12666.017143594283	8790.001007076515	10214.527787704557	6488.826763821319	19677.39771826625	9724.538137549755	10037.954413976118	6151.646988500664	11281.74356361492	5545.5860527790055	7445.821231461006	13646.78359973463	13333.331346896653	6181.282107916852	12318.169474568776	7400.962936311368	11703.335494913756	11223.282708536042	10299.06245967861	10603.52521244287	9636.060814978622	10478.186626124134	11095.491471030517	8108.67949977886	12679.470128114408	13073.14342753944	10536.704515111309	29304.019999115433	17447.032445967863	16826.7219354268
PWY-5705	292.39571428571423	299.14	476.29	247.1457142857143	413.14	912.7185714285714	108.80428571428573	244.28714285714287	234.26142857142855	145.14	94.86	740.9399999999999	265.9428571428571	433.57	219.43142857142857	159.54285714285714	407.86	691.71	153.29	143.42714285714285	133.29	156.0	388.14	186.59571428571428	266.4	179.40285714285716	113.0	237.6842857142857	347.86	256.02714285714285	4688.397142857142	2446.517142857143	2381.5685714285714
PWY-5747	259.71	299.14	476.29	204.86	413.14	733.29	98.29	141.43	159.29	145.14	94.86	696.14	204.0	433.57	174.86	128.0	407.86	691.71	153.29	88.57	133.29	156.0	388.14	126.71	196.0	115.86	113.0	161.57	347.86	127.57	3515.14	2306.86	1882.14
PWY-5837	5312.377894736842	9930.958421052632	6660.755789473684	9456.094210526317	4941.628421052632	7222.808421052631	3660.636315789474	5066.6573684210525	7649.727368421053	7888.077894736842	8843.845263157895	12030.417894736842	6110.803684210527	5696.538947368421	8493.596315789473	8174.803684210527	7509.792631578947	8278.851578947368	6165.095789473684	6758.563157894737	7987.99052631579	6564.421052631579	7604.996842105264	5690.047894736842	5632.631578947368	7916.725789473684	6647.224736842105	8344.907368421053	5310.476842105263	10399.65842105263	4327.824736842105	2861.687368421053	2205.9300000000003
PWY-5838	5292.460285714285	9908.016857142857	6624.228285714285	9440.383142857143	4909.944	7166.571142857143	3653.098285714286	5055.8108571428575	7637.511142857143	7876.946857142857	8836.570285714286	11977.029714285714	6095.158571428571	5663.287714285714	8480.186	8164.987142857143	7478.513142857143	8225.803142857143	6153.339714285715	6751.770571428571	7977.768285714285	6552.457142857143	7575.229714285714	5680.330285714285	5617.6	7907.8402857142855	6638.558571428572	8332.516285714286	5283.798857142857	10389.874857142857	4058.242571428572	2684.7702857142863	2061.585428571429
PWY-5840	267.1302857142857	307.68685714285715	489.8982857142858	210.71314285714288	424.944	754.2411428571429	101.09828571428574	145.47085714285717	163.84114285714287	149.28685714285714	97.57028571428573	716.0297142857144	209.82857142857145	445.9577142857143	179.85600000000002	131.65714285714287	419.5131428571429	711.473142857143	157.6697142857143	91.10057142857143	137.0982857142857	160.45714285714288	399.2297142857143	130.33028571428574	201.60000000000002	119.17028571428573	116.22857142857144	166.18628571428573	357.7988571428572	131.21485714285714	3615.572571428572	2372.7702857142863	1935.915428571429
PWY-5845	267.1302857142857	307.68685714285715	489.8982857142858	210.71314285714288	424.944	754.2411428571429	101.09828571428574	145.47085714285717	163.84114285714287	149.28685714285714	97.57028571428573	716.0297142857144	209.82857142857145	445.9577142857143	179.85600000000002	131.65714285714287	419.5131428571429	711.473142857143	157.6697142857143	91.10057142857143	137.0982857142857	160.45714285714288	399.2297142857143	130.33028571428574	201.60000000000002	119.17028571428573	116.22857142857144	166.18628571428573	357.7988571428572	131.21485714285714	3615.572571428572	2372.7702857142863	1935.915428571429
PWY-5850	267.1302857142857	307.68685714285715	489.8982857142858	210.71314285714288	424.944	754.2411428571429	101.09828571428574	145.47085714285717	163.84114285714287	149.28685714285714	97.57028571428573	716.0297142857144	209.82857142857145	445.9577142857143	179.85600000000002	131.65714285714287	419.5131428571429	711.473142857143	157.6697142857143	91.10057142857143	137.0982857142857	160.45714285714288	399.2297142857143	130.33028571428574	201.60000000000002	119.17028571428573	116.22857142857144	166.18628571428573	357.7988571428572	131.21485714285714	3615.572571428572	2372.7702857142863	1935.915428571429
PWY-5855	742.835	3501.015	863.165	1464.2350000000001	1141.2649999999999	1896.415	582.665	1957.055	2132.415	1847.0149999999999	1122.36	1638.6399999999999	1089.625	702.9449999999999	1876.1100000000001	2007.375	1269.1100000000001	1662.335	906.415	2121.07	2538.915	2151.625	2251.265	2122.335	2096.0	2507.11	1245.5	1770.945	787.86	2632.57	8755.765	5333.735000000001	5662.765
PWY-5856	742.835	3501.015	863.165	1464.2350000000001	1141.2649999999999	1896.415	582.665	1957.055	2132.415	1847.0149999999999	1122.36	1638.6399999999999	1089.625	702.9449999999999	1876.1100000000001	2007.375	1269.1100000000001	1662.335	906.415	2121.07	2538.915	2151.625	2251.265	2122.335	2096.0	2507.11	1245.5	1770.945	787.86	2632.57	8755.765	5333.735000000001	5662.765
PWY-5857	742.835	3501.015	863.165	1464.2350000000001	1141.2649999999999	1896.415	582.665	1957.055	2132.415	1847.0149999999999	1122.36	1638.6399999999999	1089.625	702.9449999999999	1876.1100000000001	2007.375	1269.1100000000001	1662.335	906.415	2121.07	2538.915	2151.625	2251.265	2122.335	2096.0	2507.11	1245.5	1770.945	787.86	2632.57	8755.765	5333.735000000001	5662.765
PWY-5860	271.00173913043477	312.14608695652174	496.99826086956523	213.76695652173913	431.1026086956521	765.1721739130434	102.56347826086957	147.5791304347826	166.21565217391304	151.45043478260868	98.98434782608696	726.4069565217391	212.8695652173913	452.42086956521734	182.4626086956522	133.56521739130434	425.5930434782609	721.784347826087	159.95478260869564	92.42086956521739	139.08521739130433	162.78260869565216	405.015652173913	132.21913043478258	204.52173913043478	120.89739130434782	117.91304347826086	168.59478260869565	362.98434782608695	133.11652173913043	3667.972173913043	2407.1582608695653	1963.9721739130434
PWY-5861	5296.3317391304345	9912.476086956522	6631.328260869565	9443.436956521738	4916.102608695652	7177.502173913043	3654.5634782608695	5057.919130434782	7639.8856521739135	7879.1104347826085	8837.984347826086	11987.40695652174	6098.199565217391	5669.750869565218	8482.792608695652	8166.895217391304	7484.593043478261	8236.114347826087	6155.624782608696	6753.090869565218	7979.7552173913045	6554.782608695652	7581.015652173913	5682.2191304347825	5620.521739130435	7909.567391304348	6640.243043478261	8334.924782608696	5288.984347826087	10391.77652173913	4110.642173913043	2719.1582608695653	2089.6421739130433
PWY-5862	271.00173913043477	312.14608695652174	496.99826086956523	213.76695652173913	431.1026086956521	765.1721739130434	102.56347826086957	147.5791304347826	166.21565217391304	151.45043478260868	98.98434782608696	726.4069565217391	212.8695652173913	452.42086956521734	182.4626086956522	133.56521739130434	425.5930434782609	721.784347826087	159.95478260869564	92.42086956521739	139.08521739130433	162.78260869565216	405.015652173913	132.21913043478258	204.52173913043478	120.89739130434782	117.91304347826086	168.59478260869565	362.98434782608695	133.11652173913043	3667.972173913043	2407.1582608695653	1963.9721739130434
PWY-5863	5308.65	9926.664545454545	6653.919090909091	9453.153636363637	4935.698181818182	7212.282727272727	3659.2254545454543	5064.627272727273	7647.440909090909	7885.994545454545	8842.483636363637	12020.425454545455	6107.875454545455	5690.3154545454545	8491.086363636363	8172.966363636364	7503.938181818182	8268.922727272728	6162.895454545454	6757.291818181819	7986.077272727272	6562.181818181818	7599.425454545455	5688.229090909091	5629.818181818182	7915.062727272727	6645.602727272727	8342.588181818182	5305.483636363637	10397.827272727272	4277.368181818182	2828.574545454546	2178.9136363636367
PWY-5896	267.1302857142857	307.68685714285715	489.8982857142858	210.71314285714288	424.944	754.2411428571429	101.09828571428574	145.47085714285717	163.84114285714287	149.28685714285714	97.57028571428573	716.0297142857144	209.82857142857145	445.9577142857143	179.85600000000002	131.65714285714287	419.5131428571429	711.473142857143	157.6697142857143	91.10057142857143	137.0982857142857	160.45714285714288	399.2297142857143	130.33028571428574	201.60000000000002	119.17028571428573	116.22857142857144	166.18628571428573	357.7988571428572	131.21485714285714	3615.572571428572	2372.7702857142863	1935.915428571429
PWY-5897	5293.5550819672135	9909.27786885246	6626.23606557377	9441.246721311476	4911.685573770492	7169.662295081967	3653.5126229508196	5056.407049180328	7638.18262295082	7877.55868852459	8836.970163934426	11979.964262295081	6096.018524590164	5665.115409836066	8480.923114754098	8165.526721311476	7480.2324590163935	8228.719016393443	6153.985901639344	6752.14393442623	7978.330163934426	6553.11475409836	7576.865901639344	5680.864426229508	5618.426229508197	7908.328688524591	6639.034918032787	8333.19737704918	5285.265245901639	10390.41262295082	4073.0604918032786	2694.4947540983608	2069.5195081967213
PWY-5898	5293.5550819672135	9909.27786885246	6626.23606557377	9441.246721311476	4911.685573770492	7169.662295081967	3653.5126229508196	5056.407049180328	7638.18262295082	7877.55868852459	8836.970163934426	11979.964262295081	6096.018524590164	5665.115409836066	8480.923114754098	8165.526721311476	7480.2324590163935	8228.719016393443	6153.985901639344	6752.14393442623	7978.330163934426	6553.11475409836	7576.865901639344	5680.864426229508	5618.426229508197	7908.328688524591	6639.034918032787	8333.19737704918	5285.265245901639	10390.41262295082	4073.0604918032786	2694.4947540983608	2069.5195081967213
PWY-5899	5293.5550819672135	9909.27786885246	6626.23606557377	9441.246721311476	4911.685573770492	7169.662295081967	3653.5126229508196	5056.407049180328	7638.18262295082	7877.55868852459	8836.970163934426	11979.964262295081	6096.018524590164	5665.115409836066	8480.923114754098	8165.526721311476	7480.2324590163935	8228.719016393443	6153.985901639344	6752.14393442623	7978.330163934426	6553.11475409836	7576.865901639344	5680.864426229508	5618.426229508197	7908.328688524591	6639.034918032787	8333.19737704918	5285.265245901639	10390.41262295082	4073.0604918032786	2694.4947540983608	2069.5195081967213
PWY-5910	246.65999999999997	186.17000000000002	262.01	188.32999999999998	190.82999999999998	415.15999999999997	132.82999999999998	202.82999999999998	188.67000000000002	165.5	50.83	218.0	242.83999999999997	356.49	312.33	466.5	291.66	282.34	259.17	155.5	150.0	199.15999999999997	191.84000000000003	188.0	202.16999999999996	145.0	107.67	205.82999999999998	298.16999999999996	117.66	221.5	124.33	101.0
PWY-5913	5887.248448162009	10927.9385075941	7408.585564604888	10490.245291657497	5482.476376843496	8016.56003521902	4064.5071054369364	5595.755659255999	8431.821760950914	8682.093576931546	9794.409605987234	13227.51797490645	6741.8486682808725	6389.543816861105	9349.41499449703	9033.868029936168	8299.767514858026	9184.60306405459	6803.5250495267455	7471.5425005502975	8829.157891261282	7244.178076161127	8378.796420867271	6292.191992075723	6214.458503191724	8750.42248294079	7379.448703499891	9177.537437816422	6102.507334360556	11444.696689412285	6446.851129209773	4135.46925379705	3096.398128989655
PWY-5918	273.378947368421	314.88421052631577	501.3578947368421	215.6421052631579	434.88421052631577	771.8842105263157	103.46315789473684	148.8736842105263	167.6736842105263	152.77894736842103	99.85263157894737	732.778947368421	214.73684210526315	456.3894736842105	184.06315789473683	134.73684210526315	429.32631578947365	728.1157894736842	161.3578947368421	93.2315789473684	140.30526315789473	164.21052631578945	408.56842105263155	133.37894736842105	206.3157894736842	121.95789473684209	118.94736842105263	170.0736842105263	366.1684210526316	134.28421052631577	3700.1473684210523	2428.2736842105264	1981.2
PWY-5941	2216.315311355311	7992.954725274723	4908.183003663004	8889.763956043957	6336.285567765568	6222.130109890109	5336.404835164835	15619.680000000002	7304.155897435897	7382.305641025641	4343.283956043956	7396.598388278388	2687.250695970696	4055.8364835164834	10735.124981684981	9413.229304029303	2594.3075457875457	8431.184468864469	5557.018608058609	9320.510329670331	8945.820366300366	8039.667838827839	7423.041904761904	7058.256556776556	7662.331575091574	8448.593406593407	6601.408058608059	9992.883956043957	9337.40879120879	7395.575970695969	6648.587545787545	4765.3424175824175	5619.844249084249
PWY-5971	1752.7463054187192	10280.510837438424	7438.615270935962	13792.071428571431	7719.252709359606	8905.78669950739	7153.801477832513	19645.969950738916	10326.468472906407	10765.381773399014	6732.691625615764	9990.224630541872	2269.804433497537	5787.373891625616	14369.559605911332	12402.932512315272	2309.7605911330056	10504.58275862069	7502.034975369459	12764.057142857146	12782.182758620691	11278.387684729067	9705.164039408868	8851.053694581282	10701.044334975371	12043.120197044336	8846.855172413794	12984.56009852217	13419.404926108375	8316.0236453202	9338.939408866996	6697.168965517243	8250.758128078818
PWY-5973	11285.08992523947	23012.33645279927	14430.58106783214	22386.918559018053	14994.986979138228	17884.092761303447	12198.402611372414	28579.733307301358	19059.97404062414	19668.386371000415	15374.831804125683	24279.925638009394	12708.812888643855	13076.82072533775	24722.01753292694	23761.91809424331	14962.101633254215	22307.876861832687	15551.813649697278	20796.776154855164	21448.612349571435	19188.510818331706	19029.080786525497	17121.818553072753	17692.98679405313	21227.214309333616	17646.91820226037	23685.52910212809	19662.264578553873	23350.62116076502	22580.642757111364	13611.682434690525	13545.763200752692
PWY-5989	2162.7822413793106	11165.882586206895	8401.802586206897	14735.983965517238	8618.078793103448	10261.367068965517	7633.506724137931	20803.83672413793	11040.53120689655	11483.824655172413	7187.083448275863	11353.909655172414	2636.5360344827586	6614.967413793102	15305.105172413794	13181.97568965517	2931.5575862068963	11888.486379310345	8067.427758620691	13512.208965517242	13586.755344827587	12035.962241379311	10672.251206896552	9450.901551724137	11479.406896551725	12789.102413793104	9429.473793103449	13834.357758620692	14522.201379310345	8890.187586206896	14169.508448275861	9895.715689655171	10999.745689655174
PWY-6121	11439.078163322187	22899.77228725381	14222.99507617986	21917.974136008917	14600.917809364548	17406.805890003718	11808.896483649201	27061.453878669643	18792.952856744705	19409.937504645117	15685.27451690821	24314.680973615752	12906.15543478261	12868.271390746933	24065.059573578597	23143.014399851356	15235.137351356372	21752.127345782235	15339.049916387965	20206.49191750279	21045.33090858416	18735.000966183572	18708.955114269786	16761.2920986622	17128.528149386842	20877.22768023039	17488.220364176887	23183.972240802676	18815.948527499073	23496.47216648086	20385.91436269045	12379.632209215906	12152.41128762542
PWY-6122	11533.127999999999	22634.536095238094	14053.648857142858	21541.73799999999	14309.418190476192	17142.431047619048	11575.023142857142	26196.707904761908	18528.19257142857	19169.5499047619	15648.741047619049	24146.11476190476	12989.755714285715	12766.415809523805	23588.630380952378	22783.247809523808	15379.185999999996	21369.790666666668	15182.490380952382	19768.566285714292	20665.337142857137	18396.052476190478	18390.022380952385	16479.050476190478	16776.333238095245	20557.532	17300.177238095243	22771.3140952381	18342.326190476197	23364.87780952381	19634.084095238097	11824.313619047618	11551.309428571429
PWY-6123	10364.575454545455	20347.350727272726	12945.488727272728	19866.800909090907	13083.815636363634	15759.659818181815	10656.055272727273	24186.743272727268	16813.39763636364	17472.073636363635	14141.064181818181	21980.913999999997	11613.834727272726	11754.306909090908	21560.669454545452	20785.992909090914	13821.057818181815	19621.621090909095	13840.36581818182	18057.051272727276	18796.96036363636	16771.968	16699.905636363637	14906.421454545452	15340.839090909094	18685.486	15735.910363636363	20755.63163636363	17113.641636363634	20897.308363636363	18680.25618181818	11283.312000000002	10932.802363636363
PWY-6125	7714.244208472685	15618.082024526197	11674.117176142696	17460.064397993312	10783.586710144928	12985.903356744706	8597.622827201783	18482.75344704571	13508.884953177261	14028.342558528426	12707.430175027868	19224.121218506134	8650.93085172798	10073.966758082495	17935.035633221843	16444.49988182832	10166.767884057972	16236.480790412486	11434.533297658865	14312.319245261982	14966.253548494984	12985.050017837233	13695.00192753623	11183.944729096993	11738.09408026756	14438.569751393532	12422.615243032329	17048.62281047937	14264.866149386844	16090.532301003343	7297.27874136009	5453.224971014492	4749.872125975474
PWY-6126	8139.1027017543865	16456.0092411108	12324.242131344405	18420.82612993714	11211.039415423584	13656.033706069988	8954.399613378366	18953.474907965105	14219.298615817617	14782.644812834222	13542.881408574913	20315.08312318229	9137.176530819026	10617.318827000656	18735.207160052534	17199.50110329299	10778.295900459707	16962.841367576697	12014.277566938736	14947.441584576416	15718.515801669952	13602.217629984052	14361.889023079088	11667.99962050849	12266.648055258467	15178.423032179377	13037.447197298057	17812.468151233697	14835.703263064075	16940.630118491415	7461.534674453514	5578.288465053007	4836.941559245708
PWY-6147	3844.0657142857144	8924.59857142857	5512.791428571429	8617.899999999998	7340.531428571429	7305.368571428572	5799.354285714286	16891.55857142857	7850.6399999999985	8102.685714285713	4462.101428571428	8805.94	4205.404285714286	4968.757142857143	11266.057142857144	10159.75857142857	4754.361428571428	9606.794285714286	6280.327142857143	9703.26	9404.56142857143	8761.935714285715	8139.7014285714295	7974.602857142858	8320.387142857142	9171.899999999998	7725.274285714286	10763.234285714285	10054.137142857142	8778.710000000001	10462.345714285713	7103.567142857142	7334.614285714286
PWY-6151	1844.726666666667	3867.81238095238	4292.439047619047	6779.444761904762	4056.0971428571424	5375.791428571428	3753.8590476190475	8843.10904761905	4223.08	4643.650476190476	2965.2833333333333	5666.921904761904	1757.7190476190478	3915.8466666666664	6588.644761904761	6189.136190476191	2377.1185714285716	6471.52619047619	3943.0142857142864	5398.592380952381	4970.548095238095	4719.720476190478	4210.174761904762	3499.600952380952	4587.949523809524	4843.534761904761	4101.236666666667	5906.699047619048	7366.906666666666	3375.416666666667	10311.652857142857	6086.352857142858	5595.910476190477
PWY-6163	10434.959772389448	20115.806503158678	12554.594054254923	19120.632954292083	12663.634742660719	15488.924987922705	10241.835581568188	22903.84648922333	16345.178612040134	16922.68559085842	13808.703076923075	21517.014065403197	11690.74957822371	11510.78738387217	20780.638388145668	20274.915440356745	13967.421193794129	19237.04195837979	13462.472441471573	17417.29251858046	18184.79738758826	16235.537160906722	16306.213116871048	14539.704250278708	14848.53655982906	18138.943554440735	15249.941074879227	20039.826669453738	16250.427519509476	20702.750142140474	20197.220415273132	11987.387620772946	11488.931395392048
PWY-621	13979.899561128528	19688.860022830446	12594.110322348373	16975.314910566107	11890.661465890433	15536.551317053465	9084.905621734588	20074.498608747574	15096.500313479622	16482.23827138379	13527.973737959132	22443.243069817265	14769.377872377794	12745.02401622718	18299.10438871473	19296.014254102898	18619.51334826093	18427.065369194705	13078.552422398425	15119.71736975668	15987.202889983582	14861.318453500522	15265.562065979997	14127.145611021839	13788.136955471844	17101.96182239667	15366.307643458638	18366.49676176427	14815.893396556114	21522.584340946407	25170.165800338942	13663.800327880372	12236.201476251943
PWY-622	259.71	299.14	476.29	204.86	413.14	733.29	98.29	141.43	159.29	145.14	94.86	696.14	204.0	433.57	174.86	128.0	407.86	691.71	153.29	88.57	133.29	156.0	388.14	126.71	196.0	115.86	113.0	161.57	347.86	127.57	3515.14	2306.86	1882.14
PWY-6269	2294.0502205311386	5267.414451001709	4111.083292436713	7232.476463736606	5140.6608634881195	4983.157892529896	4638.760823109178	12254.140293523838	5102.6056421804615	5479.978091318528	3239.7611632241023	6189.9404798881815	2436.0429166019567	3719.1883506755703	8263.626320857275	7560.76628669048	2726.8450038825904	7624.1696831806175	4692.418412797019	6868.51857120671	6193.859565149867	5815.389113216338	5317.450860382048	4898.45174716571	5516.763280012425	5899.280416213697	5233.237476316198	7718.941596521198	8040.542074856344	5332.196628358441	6382.312856033545	4288.409218822798	3892.2708712533004
PWY-6277	11533.127999999999	22634.536095238094	14053.648857142858	21541.73799999999	14309.418190476192	17142.431047619048	11575.023142857142	26196.707904761908	18528.19257142857	19169.5499047619	15648.741047619049	24146.11476190476	12989.755714285715	12766.415809523805	23588.630380952378	22783.247809523808	15379.185999999996	21369.790666666668	15182.490380952382	19768.566285714292	20665.337142857137	18396.052476190478	18390.022380952385	16479.050476190478	16776.333238095245	20557.532	17300.177238095243	22771.3140952381	18342.326190476197	23364.87780952381	19634.084095238097	11824.313619047618	11551.309428571429
PWY-6282	2103.4485	10694.407695652177	8039.042804347828	14003.713173913044	8241.258130434782	9862.845847826087	7248.459326086958	19744.98789130435	10519.509326086956	10929.213782608696	6839.721	10883.771608695653	2552.0400000000004	6338.761239130436	14548.033173913045	12536.640000000001	2866.295347826087	11389.241543478263	7675.423239130436	12845.937326086958	12933.943239130436	11460.842608695655	10208.701173913045	9011.116760869565	10939.108695652174	12176.20056521739	8966.148260869566	13152.504717391308	13805.56839130435	8494.18297826087	14153.741608695651	9842.285347826088	10830.992478260869
PWY-6317	3953.2758106011634	4417.908578754578	2915.4077929325576	3304.276398620987	3464.519617754794	4542.027374919198	2659.8860743374275	6349.117298211591	3294.25763822452	3685.051822882999	1875.0918521870285	4923.437373410902	3899.1389200603317	3483.9807935789695	4397.961673346261	5190.2007412195635	5241.651683257918	5435.229022408964	3284.6416589097175	3714.0167323852615	3529.7717162249514	3797.0528489549665	3519.1594781297135	3646.5776998491706	3674.3954759750054	4013.2406787330315	3851.18131092437	4376.9559644473175	4622.0776888601595	4773.614614738202	13684.143406593405	7628.320268476622	6635.833400129283
PWY-6353	2122.5589120847503	2879.068668146504	2567.7425289361036	3543.566329592634	1868.668704613921	3117.4813095972145	914.5478946379391	3467.5011077638605	1790.2518438654288	2160.7740447122246	1603.132911051213	3415.172634168972	1994.50651891784	2766.3925241794836	2259.4887995701424	2789.779200007047	2651.4524718566677	3247.8797177739025	1298.9446583161568	1873.3851063192574	1720.5152354526717	1657.1072934834312	2511.96449342001	1814.8705821280296	2185.301944341678	2012.360159904633	1177.8199143808467	2143.1633238200943	3217.6411035357546	2166.884430937994	16562.820019731163	9376.465459307414	8171.983825966447
PWY-6385	5534.320176691285	11334.839601625974	6779.960257477472	10665.888624899044	8801.73269249477	9535.356674389352	7155.440541879096	19606.571067978668	9563.252960050964	9838.246601340532	5444.757216614714	10837.976693945171	6012.131942715867	6552.513229866094	13514.736252737863	13104.09770410472	6984.983963910611	12446.024020592407	7928.391203010006	11651.9868933533	11190.681265282521	10582.300378288232	9877.921172531933	9717.43088773484	10138.640785215219	11116.225273846132	9269.382616003411	12851.270215846762	12137.98731112216	11202.174016294977	20187.526693428896	12043.666297711206	11880.172415473236
PWY-6386	5275.294001825295	10814.517162513579	6344.604931790142	10061.820941890615	8273.589628470001	8722.700055395408	6826.259883340252	18850.33879580374	9051.293218587714	9404.772000874298	5161.517502678025	10266.504752577604	5745.7164262850165	6127.636869043704	12938.547495482297	12473.9452085275	6711.115743208589	11894.571627666643	7552.465268185124	11155.584325556336	10741.51396398685	10132.386176409402	9465.127103465662	9333.030024612724	9632.532527385656	10575.990805497742	8962.768237085125	12320.235613888733	11302.008245550122	10739.638748905925	16682.34993050074	10519.076866008574	10226.760570241748
PWY-6387	5416.6176362011975	10995.338976681853	6557.433975163048	10310.720020727242	8535.649314750292	9209.266908424906	6938.515122487269	19048.8307032967	9273.691754846775	9555.462280711157	5275.0553915840255	10501.757715715177	5878.704198338248	6356.077438577683	13092.75399410346	12709.014335030824	6827.7818000536045	12038.017184311622	7696.553633699635	11288.972027874564	10843.910057357276	10261.43306959707	9568.616432591796	9443.651667828108	9833.152593585277	10785.580019476462	9014.796834092736	12464.94460573573	11764.757320646833	10901.454288037166	19609.236610917535	11674.467803448584	11503.890514071294
PWY-6396	461.7066666666666	531.8044444444444	846.7377777777778	364.1955555555556	734.4711111111111	1303.6266666666666	174.73777777777778	251.4311111111111	283.1822222222222	258.02666666666664	168.64	1237.582222222222	362.66666666666663	770.791111111111	310.8622222222222	227.55555555555554	725.0844444444444	1229.7066666666667	272.5155555555555	157.45777777777775	236.95999999999998	277.3333333333333	690.0266666666666	225.2622222222222	348.4444444444444	205.97333333333333	200.88888888888889	287.23555555555555	618.4177777777778	226.7911111111111	6249.137777777777	4101.084444444445	3346.0266666666666
PWY-6467	7080.820000000001	16407.84	10381.840000000002	16319.439999999999	9859.919999999998	12023.970000000001	7790.94	17263.819999999996	13435.61	13691.59	12246.29	17725.590000000004	8296.84	8773.970000000001	16891.05	15593.400000000001	9594.580000000002	14800.27	10488.18	14111.25	15074.760000000004	12917.35	13472.349999999999	11334.21	11683.87	14625.690000000002	11820.32	16178.700000000003	12439.29	16396.540000000005	9646.74	6610.51	6727.6
PWY-6470	430.0063387978141	423.36030601092887	422.17237158469936	455.32848087431694	385.07930054644805	648.4435846994535	287.2682841530054	579.0725683060109	394.9964590163933	398.2402622950819	154.01473224043716	444.1408087431694	450.83081967213104	568.7564153005465	541.8038032786884	752.7376174863388	512.4544262295082	565.6831038251365	459.3722404371583	322.759650273224	342.0011803278688	389.8740983606557	406.50076502732236	377.99763934426227	397.49355191256825	314.7955409836065	246.68590163934422	417.52821857923493	538.671693989071	364.4773770491803	2062.94662295082	1176.7874972677596	913.183781420765
PWY-6471	505.23160198447886	499.01628042339587	503.69254425466295	521.8034541538163	443.2227833470508	712.7757643963904	339.92601524624865	637.2181274345224	459.6066019632962	466.5136053933647	195.27412056728838	506.23570286565075	515.6068065028462	658.12517391064	618.6119738649869	863.7385616410947	590.7961740256604	671.0514149424091	537.3232261270747	381.60866593445525	404.0139159912271	429.5227732398679	471.2780565723689	439.86067969642306	453.4048333818475	370.73702109558747	311.9279892270269	472.9659425094332	642.245823225724	420.7627427972791	2790.8820625049575	1598.1194420413012	1226.9740418677654
PWY-6478	3395.812857142857	4680.808831168831	2040.3072727272727	3051.174285714285	3573.5657142857144	2905.1145454545454	2506.8757142857144	8551.572857142857	3339.755714285714	3542.817142857143	1738.5722077922076	4007.6166233766235	3564.914285714286	2467.2489610389607	4951.91	5181.135324675326	3950.2814285714285	4434.881948051948	2904.8706493506493	4208.5599999999995	3711.177142857143	3716.425714285714	3721.335714285714	4247.0824675324675	3745.8337662337663	4074.07909090909	3728.781298701299	5094.397662337663	4316.859350649351	5472.114285714285	8027.811168831167	4124.108571428572	4114.44
PWY-6507	4338.404476190476	6745.741553113552	6719.397516483517	9683.189289377287	6873.383428571429	8016.477076923077	5694.299142857144	15474.490571428572	7007.9113333333335	7919.482857142856	4545.733465201465	9025.064102564102	4125.981421245421	6571.86219047619	10545.56438095238	10154.830329670329	5191.788761904762	9080.702703296702	6464.750600732599	8501.501428571428	7989.230952380952	7800.751619047621	6912.721714285714	6557.898424908425	7686.375912087911	8135.211941391939	7150.954813186814	9726.381047619045	11738.869318681318	6415.809238095239	11705.764175824175	7008.243355311355	6536.815897435897
PWY-6519	1271.4563265306122	5179.531836734694	7395.761326530613	11872.723163265306	7007.290714285714	7877.95530612245	6436.07418367347	16672.300408163264	7136.822448979591	8018.851836734694	5083.498469387755	9285.997959183673	1024.0169387755102	5892.937959183673	11652.865714285714	9324.86387755102	1380.090306122449	9744.718163265306	6398.026530612245	9370.070510204081	8810.730612244897	8042.884591836734	7013.688673469387	5583.684183673469	7684.6392857142855	8075.066326530612	7036.051224489796	10411.301326530613	13094.086836734692	4180.998979591836	5088.579795918366	4610.726326530612	4299.283775510204
PWY-6545	39.746249999999996	24.75	46.496249999999996	29.25	26.628750000000004	0.0	28.878750000000004	0.0	19.496249999999996	24.75	28.125	25.875	21.003750000000004	42.75	25.875	45.371249999999996	36.371249999999996	58.5	40.128750000000004	26.246249999999996	23.253750000000004	0.0	23.996249999999996	18.371249999999996	14.99625	18.371249999999996	44.246249999999996	15.37875	58.871249999999996	18.753750000000004	513.0	299.62125	195.37875
PWY-6572	0.0	3.1887323943661974	4.87887323943662	6.569014084507042	0.0	3.1887323943661974	0.0	0.0	0.0	0.0	14.27605633802817	7.132394366197183	6.19718309859155	7.323943661971831	0.0	5.442253521126761	0.0	5.633802816901409	10.512676056338028	0.0	0.0	0.0	0.0	5.442253521126761	7.132394366197183	5.633802816901409	7.887323943661972	6.005633802816901	27.04225352112676	0.0	1131.6394366197185	595.3014084507043	570.1408450704225
PWY-6588	661.2954681139755	944.0215287200361	956.8723835368612	704.6608050655811	1072.3929805517864	1367.9943012211668	393.9615558570783	811.6615287200361	601.1154590682949	606.4889009497964	357.50111261872456	1348.3761917684305	614.0352781546811	968.9099412030754	565.8296517412936	655.538091361375	910.5194391677974	1331.0849932157394	553.4124468566259	383.91498869289916	505.7614654002714	553.6781546811397	876.7015468113975	483.40593396653094	626.2071460877431	507.04423337856167	368.6053369516055	537.5496517412935	1134.1243238353686	597.0914337403889	7583.274934418814	4796.545382180009	3783.741329715061
PWY-6608	3941.870786967419	7752.141123453797	6782.224606354597	10802.416740884473	7195.830987468672	8137.502837739509	5502.603959899751	16653.011228070176	7031.707568922307	7641.08143358396	4793.470455493573	9566.601039696017	3960.568229282885	6353.34906750748	10877.32052130326	10084.862108173664	4492.307558897244	10351.925203654298	5880.091704745736	8906.686436090227	8038.948120300753	7476.566616541356	7903.195408521305	6835.870439000728	7814.522984558171	7960.703709919962	6402.871822459376	10194.666336809769	11563.873982051906	7241.074907268169	22591.230169294206	13067.742262106882	12118.945154175763
PWY-6609	4940.884666666666	11093.849000000002	7116.701666666667	11416.690999999999	7721.348000000001	9786.731666666668	6089.774666666666	16872.924	8893.900666666666	9120.179333333332	5528.947666666667	10354.321000000002	5365.9226666666655	6892.207333333335	12389.556000000002	12518.941666666666	6296.674666666667	11898.47	7002.329	10675.29133333333	10281.796	9522.334	9606.618666666665	8721.499	9536.739666666666	10160.900666666668	7536.704666666666	11402.10166666667	11431.392	9751.945333333333	27281.88433333333	16076.174333333336	15518.499333333335
PWY-6612	1848.3130434782609	4553.585770750989	4305.015019762846	6430.927747035572	5170.6143873517785	5186.099288537549	4059.2977075098815	11433.072885375494	4639.5032411067195	4862.197944664031	2841.035573122529	6245.0368379446645	1860.9116205533596	3664.633359683794	7615.934861660079	6372.515731225296	2094.52395256917	7076.798418972331	4122.153359683794	6114.230830039526	5595.2328853754925	5207.274308300395	5174.35162055336	4421.870671936758	5034.8683003952565	5185.734071146246	4629.396679841897	7083.671778656125	7615.644268774703	4366.053754940712	6674.423083003952	4993.850118577075	4506.656442687747
PWY-6628	354.15	407.91818181818184	649.4863636363638	279.3545454545455	563.3727272727273	999.9409090909091	134.0318181818182	192.85909090909092	217.21363636363637	197.9181818181818	129.35454545454547	949.2818181818183	278.1818181818182	591.2318181818182	238.4454545454546	174.54545454545456	556.1727272727273	943.2409090909092	209.03181818181818	120.77727272727273	181.7590909090909	212.72727272727275	529.2818181818183	172.78636363636363	267.2727272727273	157.9909090909091	154.0909090909091	220.3227272727273	474.35454545454553	173.95909090909092	4793.372727272727	3145.718181818182	2566.554545454546
PWY-6629	322.39862068965516	371.34620689655173	591.2565517241379	254.3089655172414	512.8634482758621	910.2910344827586	122.01517241379311	175.568275862069	197.73931034482757	180.17379310344828	117.75724137931034	864.1737931034482	253.24137931034483	538.2248275862069	217.06758620689658	158.89655172413794	506.3089655172414	858.6744827586208	190.29103448275862	109.94896551724138	165.46344827586208	193.6551724137931	481.8289655172414	157.2951724137931	243.31034482758622	143.82620689655172	140.27586206896552	200.5696551724138	431.82620689655175	158.36275862068965	4363.622068965517	2863.688275862069	2336.449655172414
PWY-6630	354.15	407.91818181818184	649.4863636363638	279.3545454545455	563.3727272727273	999.9409090909091	134.0318181818182	192.85909090909092	217.21363636363637	197.9181818181818	129.35454545454547	949.2818181818183	278.1818181818182	591.2318181818182	238.4454545454546	174.54545454545456	556.1727272727273	943.2409090909092	209.03181818181818	120.77727272727273	181.7590909090909	212.72727272727275	529.2818181818183	172.78636363636363	267.2727272727273	157.9909090909091	154.0909090909091	220.3227272727273	474.35454545454553	173.95909090909092	4793.372727272727	3145.718181818182	2566.554545454546
PWY-6690	259.71	299.14	476.29	204.86	413.14	733.29	98.29	141.43	159.29	145.14	94.86	696.14	204.0	433.57	174.86	128.0	407.86	691.71	153.29	88.57	133.29	156.0	388.14	126.71	196.0	115.86	113.0	161.57	347.86	127.57	3515.14	2306.86	1882.14
PWY-6700	10859.355714285715	21822.897142857142	13554.1	20878.85857142858	13564.39	16462.45	10966.81142857143	24473.959999999995	17777.04285714286	18346.471428571425	15250.839999999997	23306.537142857145	12300.562857142859	12180.954285714282	22537.21714285715	21711.05857142857	14568.524285714284	20515.274285714284	14473.961428571429	18890.652857142864	19823.04714285714	17531.995714285713	17700.54142857143	15634.182857142854	15976.574285714289	19649.32428571428	16396.58714285714	21717.09285714285	17276.631428571432	22360.132857142846	18670.18571428572	11345.668571428572	11114.265714285717
PWY-6703	7080.820000000001	16407.84	10381.840000000002	16319.439999999999	9859.919999999998	12023.970000000001	7790.94	17263.819999999996	13435.61	13691.59	12246.29	17725.590000000004	8296.84	8773.970000000001	16891.05	15593.400000000001	9594.580000000002	14800.27	10488.18	14111.25	15074.760000000004	12917.35	13472.349999999999	11334.21	11683.87	14625.690000000002	11820.32	16178.700000000003	12439.29	16396.540000000005	9646.74	6610.51	6727.6
PWY-6708	742.835	3501.015	863.165	1464.2350000000001	1141.2649999999999	1896.415	582.665	1957.055	2132.415	1847.0149999999999	1122.36	1638.6399999999999	1089.625	702.9449999999999	1876.1100000000001	2007.375	1269.1100000000001	1662.335	906.415	2121.07	2538.915	2151.625	2251.265	2122.335	2096.0	2507.11	1245.5	1770.945	787.86	2632.57	8755.765	5333.735000000001	5662.765
PWY-6737	11435.915757575758	24823.464606060603	14763.210575757572	23509.14545454546	15596.882060606065	18680.422939393942	12677.28218181818	29911.733909090908	20182.63336363637	20737.401212121204	16231.537999999999	25148.44745454545	13003.27796969697	13218.490575757574	25760.735333333338	24736.801909090915	15398.103757575756	23201.262515151513	15965.124272727273	22195.79715151515	22946.378818181813	20446.58990909091	20060.95751515151	18137.273000000005	18826.354393939397	22822.098909090913	18547.717454545455	24772.55263636363	20551.272333333334	24768.57766666666	25990.762030303027	15663.38403030303	15868.950272727268
PWY-6749	2230.06837535014	2343.4095238095233	1041.368095238095	912.1019607843137	2124.5461904761905	2219.475630252101	1886.0487114845937	3762.963585434173	1962.0370028011203	2025.847619047619	752.4285714285714	2520.7792717086836	2283.2828851540617	1315.3142857142855	2492.401680672269	2805.066134453781	3030.5966666666664	3033.1238095238095	2117.5747619047615	2236.7137535014003	2114.003333333333	2346.3428571428567	1680.6252380952378	2176.9921848739496	2042.675658263305	2441.8526890756298	2723.4823809523805	2671.73162464986	2188.177619047619	3200.6094957983196	3741.1462184873953	1516.3524089635853	1608.0397478991597
PWY-6823	309.71627329192546	356.7383850931677	567.9980124223603	244.3050931677019	492.6886956521739	874.4824844720497	117.21540372670809	168.66186335403728	189.9607453416149	173.08621118012422	113.12496894409938	830.1793788819875	243.27950310559007	517.0524223602484	208.52869565217392	152.64596273291926	486.392049689441	824.8963975155281	182.80546583850932	105.62385093167701	158.95453416149067	186.03726708074535	462.8750310559006	151.10757763975155	233.73913043478262	138.16844720496894	134.75776397515529	192.67975155279504	414.83925465838513	152.13316770186336	4191.968198757764	2751.0380124223607	2244.5396273291926
PWY-6891	371.16944210861595	377.1004185379837	601.3431729574773	344.3326121993948	502.818801242236	1025.9002720178373	159.23545994585126	276.9217926421405	287.4202807771938	201.03754228380313	172.817928332537	860.521635292244	321.26439640070083	564.2807873865265	278.4556731963689	236.60924271380793	507.81397467749645	849.0465666507406	218.45079359770665	198.56560582895366	201.09508408982325	202.27826086956523	470.53239417104635	236.18023682114986	315.0965018315018	238.2707607899347	194.43895126612517	284.22149211657904	527.2157902532251	306.7145292243988	5868.6093148590535	3200.295662844402	2895.1272898550724
PWY-6892	6612.835556911328	13689.780544769203	10800.275558717145	16351.509225257501	9090.73416377089	12232.187318829989	7939.105301337501	14192.101705800553	12295.214720513606	12838.724341502417	12245.79212249819	17994.514053684972	7483.001797734026	9021.712435977815	15671.963198804824	14293.010043390366	9318.040773393575	14975.121028213167	10526.310621527293	12688.8636932106	13610.405008084475	11718.520684375515	11873.80159488787	9278.160247023394	10287.000300661228	13171.811486564255	11471.056516467199	14903.774778575325	12441.089904356984	14213.997904422256	7356.573115392774	4795.435331858704	4287.592066129878
PWY-6895	274.1806451612903	315.80762463343103	502.8281524926686	216.27448680351907	436.1595307917888	774.1478005865102	103.76656891495601	149.31026392961877	168.16539589442814	153.22697947214075	100.14545454545454	734.9278592375366	215.366568914956	457.7278592375366	184.60293255131964	135.13196480938416	430.58533724340174	730.2510263929619	161.83108504398825	93.5049853372434	140.71671554252197	164.69208211143695	409.766568914956	133.77008797653957	206.9208211143695	122.31554252199413	119.29618768328446	170.5724340175953	367.24222873900294	134.67800586510262	3710.9982404692078	2435.3947214076247	1987.0099706744868
PWY-6897	12453.93566787942	22808.71039241165	15889.689111226611	23836.1234485447	15698.389316528068	18639.358651247407	12941.002453222454	27932.04668918919	19401.468399168403	20328.463253638256	17314.79413981289	27174.90079521831	13754.878399168407	14271.481543659047	25692.40633835759	24336.239641372144	16505.419989604994	23928.432767671526	16802.68885135135	20896.487253118503	21515.949295738046	19184.484958419966	19371.10253118504	16781.62023648649	17302.403162681916	21286.355233887738	18832.037190748444	24786.723783783786	20494.14570426195	24373.928043139305	14002.726704781702	8777.102253118503	8002.012666320167
PWY-6901	361.86008708272857	416.7988388969521	663.6261248185776	285.43628447024673	575.6377358490565	1021.71030478955	136.94978229317852	197.0577648766328	221.94252539912915	202.22699564586355	132.17068214804064	969.9483309143686	284.2380261248186	604.1033381712626	243.63657474600873	178.3454281567489	568.2809869375907	963.7759071117562	213.58258345428155	123.40667634252539	185.71611030478954	217.35849056603774	540.8046444121916	176.54804063860666	273.09143686502176	161.43047895500726	157.4455732946299	225.11930333817125	484.6815674891147	177.7462989840348	4897.727721335268	3214.202612481858	2622.4301886792455
PWY-6969	6125.6293777388255	11412.257248028045	7711.948746713409	10849.828641542506	5734.018580192813	8408.067940403154	4204.150043821209	5820.057633654688	8775.874566170027	9045.31449605609	10127.099737072742	13894.70569675723	7026.459526730937	6601.048133216476	9743.554005258544	9369.414829097283	8667.958632778264	9606.274425942156	7077.897353198949	7742.604101665206	9157.020929009639	7534.836108676599	8772.637335670464	6529.424014022787	6478.3032427695	9071.928553900087	7620.471796669587	9570.843049956178	6141.90078878177	11912.015985977212	5681.574829097283	3753.175109553024	2914.871936897459
PWY-7013	1334.3066666666666	1283.3366666666668	1346.3833333333332	1366.4333333333332	1188.8999999999999	2011.2299999999998	874.6433333333333	1743.8533333333332	1212.66	1196.5533333333333	439.6433333333333	1355.1533333333334	1403.2933333333333	1801.0366666666666	1712.6433333333332	2392.1433333333334	1580.24	1730.1133333333332	1441.68	970.6566666666666	1033.4566666666667	1206.573333333333	1245.6933333333334	1172.0866666666668	1230.3466666666666	946.1433333333333	732.1466666666666	1290.6633333333332	1676.7466666666664	1064.9066666666668	5125.58	2939.8999999999996	2269.913333333333
PWY-7094	406.50260869565216	468.2191304347826	745.4973913043478	320.6504347826087	646.6539130434783	1147.7582608695652	153.84521739130437	221.36869565217393	249.32347826086956	227.17565217391302	148.47652173913045	1089.6104347826088	319.304347826087	678.6313043478261	273.6939130434783	200.34782608695653	638.3895652173914	1082.6765217391305	239.93217391304347	138.63130434782607	208.62782608695653	244.17391304347828	607.5234782608695	198.3286956521739	306.7826086956522	181.34608695652176	176.8695652173913	252.89217391304348	544.4765217391305	199.67478260869564	5501.9582608695655	3610.737391304348	2945.9582608695655
PWY-7111	16639.34194475958	28190.617780683428	17060.009937860486	25242.665829630994	18526.642059515045	21521.013357521893	14680.562083086666	35725.576027107076	22772.28407746333	24006.1332536424	17911.479776121625	29704.125590224012	18127.722383321012	16542.1040497091	29119.49866662148	29020.569051292972	21715.809003388877	26775.809118229052	19050.324618247192	24515.57760520979	25137.981994976566	23132.227962826542	22699.711086192543	21588.721965858753	21510.256848978046	25792.13171226328	22339.022103118146	28590.820845679416	23773.5031259195	30038.313004567044	31512.0063642747	17625.836305362638	17102.852070851673
PWY-7184	611.4053571428572	594.0498214285715	907.1341071428573	475.26267857142864	745.8637500000001	1409.8564285714288	275.80660714285716	410.02232142857144	417.05517857142854	372.7960714285714	179.14660714285714	1140.287142857143	535.4807142857143	958.498392857143	576.19125	689.3839285714286	852.5089285714287	1206.9739285714286	488.6533928571429	288.81321428571425	340.12285714285713	424.6264285714286	714.8571428571429	374.41285714285715	479.44125	312.08785714285716	266.4144642857143	439.2916071428572	782.6898214285715	296.3860714285714	4768.653214285714	3105.8341071428576	2533.519285714286
PWY-7196	2087.735407228916	4908.047412048194	4618.583146987952	6978.158236144578	5511.062756626507	5575.043927710844	4436.248361445784	12397.399734939761	5081.281132530121	5304.798775903615	3047.584009638555	6532.950506024095	2128.6569831325305	4050.8334602409645	8392.396212048196	7240.118881927712	2314.4003759036145	7493.3092867469895	4600.708930120483	6670.2746939759045	6082.553228915663	5703.15151807229	5530.126525301206	4865.295060240964	5498.700183132531	5647.746187951807	5014.436028915663	7720.7758795180725	8280.664009638554	4733.714790361446	5415.310274698795	4191.255951807229	3883.08166746988
PWY-7197	6976.31	14054.510000000002	10375.680000000002	15526.269999999997	9491.92	11508.630000000001	7561.94	16014.149999999998	12063.109999999999	12517.59	11500.119999999999	17212.590000000004	7849.849999999999	8952.960000000001	15865.380000000001	14596.730000000001	9229.570000000002	14358.11	10180.52	12664.08	13320.930000000002	11520.01	12195.019999999999	9942.039999999999	10379.37	12874.020000000002	11061.32	15110.700000000003	12437.789999999999	14526.870000000004	6131.74	4579.67	3977.7700000000004
PWY-7199	2554.472121212121	7489.758030303031	4971.151060606061	8069.606060606059	6075.6900000000005	6577.297727272728	4806.15106060606	13681.362424242423	6673.055454545455	6727.89515151515	3888.701969696969	7328.493333333333	2931.2251515151515	4363.369848484848	9601.61287878788	8673.331969696968	3129.9572727272725	8295.302424242424	5218.908181818182	8164.5725757575765	7959.552575757574	7257.215151515151	7025.646060606059	6411.07212121212	6996.220303030303	7498.107424242423	5847.89212121212	8870.37106060606	8590.585757575758	6737.0275757575755	12251.367272727273	8116.631818181817	8040.49606060606
PWY-7200	515.9888888888888	496.38925925925923	755.9403703703704	400.7774074074074	619.2714814814815	1175.608888888889	234.76037037037037	349.4981481481481	353.85962962962964	316.0155555555555	149.20333333333332	939.9229629629629	454.3955555555555	806.1181481481481	493.6662962962963	599.2407407407408	714.6259259259259	999.6688888888889	418.1374074074074	247.35037037037034	288.2266666666667	360.93777777777774	594.3555555555556	319.402962962963	405.4292592592592	265.1511111111111	224.85518518518518	373.3840740740741	658.9137037037037	249.9548148148148	3866.83037037037	2516.629259259259	2052.8488888888887
PWY-7208	9924.880000000001	19568.28000000001	12161.42142857143	18656.985714285718	12226.044285714284	14902.755714285715	9904.962857142857	22090.29714285714	15946.255714285717	16467.858571428573	13567.167142857144	20858.167142857143	11192.322857142859	11040.528571428571	20216.46428571429	19610.484285714283	13286.940000000002	18510.141428571427	13050.34142857143	16944.614285714288	17757.262857142865	15784.732857142855	15861.201428571429	14103.614285714282	14384.314285714287	17646.82285714286	14770.97	19483.614285714288	15670.197142857141	20091.602857142858	18269.980000000007	10950.382857142858	10615.518571428573
PWY-7209	194.9666666666667	270.29999999999995	170.39999999999998	176.26666666666668	305.70000000000005	511.8666666666667	101.43333333333332	268.5	260.8333333333333	137.39999999999998	117.0	242.93333333333337	210.33333333333334	208.79999999999998	154.1	265.6	171.3	103.80000000000001	141.0	176.0	105.0	134.10000000000002	110.10000000000001	180.03333333333333	249.66666666666669	265.4666666666667	69.6	186.9	434.40000000000003	307.0333333333333	2690.2	809.9666666666667	1160.3333333333335
PWY-7211	301.5987096774194	347.3883870967742	553.1109677419355	237.901935483871	479.7754838709678	851.5625806451613	114.14322580645162	164.24129032258065	184.98193548387098	168.54967741935482	110.16000000000001	808.4206451612904	236.90322580645162	503.5006451612903	203.06322580645164	148.6451612903226	473.643870967742	803.2761290322582	178.0141935483871	102.85548387096775	154.7883870967742	181.16129032258067	450.7432258064516	147.14709677419356	227.61290322580646	134.54709677419356	131.22580645161293	187.62967741935483	403.96645161290326	148.1458064516129	4082.098064516129	2678.9341935483876	2185.7109677419357
PWY-7219	13509.13656887265	25519.765688568743	16068.280526506627	24876.735514941196	15745.096662540187	19231.5109477579	12806.652249807696	28951.6529446051	20666.277658252086	21656.027184373135	18013.49437096237	27469.44944112418	15068.700185842425	14795.848835328412	26278.32299458631	25760.618791947818	17956.989699039746	24073.856060648905	17001.517452224187	21976.5306297085	22919.60926089505	20394.80202461963	20630.6773556463	18362.906369595315	18718.189001440085	22971.075921633914	19286.630875559134	25406.945520966372	20681.53603466222	26363.05829848904	23897.30832109509	14058.4681710502	13410.226640604036
PWY-7220	7230.9922857142865	14774.84019047619	11413.80561904762	17043.094095238095	10454.450476190475	12671.274857142855	8390.486190476191	18099.653619047618	12996.469523809526	13551.755714285715	12147.600285714285	18504.75666666667	8060.969142857143	9819.889904761907	17374.65266666667	15850.151238095235	9531.015619047621	15723.793714285719	11041.076095238095	13850.67504761905	14445.699714285716	12561.267714285716	13153.808285714285	10681.265523809523	11387.274761904764	13904.785999999998	11962.79238095238	16444.053809523808	14154.211904761905	15082.21933333334	7481.850476190476	5609.001047619047	4873.9211428571425
PWY-7221	13311.816709956713	24417.722857142857	15064.596060606056	22980.323463203473	15570.76329004329	18348.001212121217	12508.006190476186	29294.149913419915	19735.108744588746	20709.26995670995	16469.967619047617	25906.239220779215	14704.370779220782	14099.397922077917	25315.992683982684	24899.32952380952	17542.995844155845	23112.841818181823	16352.531904761905	21249.43359307359	21956.740129870126	19796.500995670995	19737.33086580086	18048.368268398266	18222.43181818182	22150.487099567097	18830.95393939394	24587.47813852814	20276.626493506486	25419.82826839826	22952.504415584415	13570.247575757578	12990.247748917749
PWY-7222	7230.9922857142865	14774.84019047619	11413.80561904762	17043.094095238095	10454.450476190475	12671.274857142855	8390.486190476191	18099.653619047618	12996.469523809526	13551.755714285715	12147.600285714285	18504.75666666667	8060.969142857143	9819.889904761907	17374.65266666667	15850.151238095235	9531.015619047621	15723.793714285719	11041.076095238095	13850.67504761905	14445.699714285716	12561.267714285716	13153.808285714285	10681.265523809523	11387.274761904764	13904.785999999998	11962.79238095238	16444.053809523808	14154.211904761905	15082.21933333334	7481.850476190476	5609.001047619047	4873.9211428571425
PWY-7228	7855.936229005114	15920.849015014019	11930.267354561953	17841.169435406693	11040.367497772644	13278.099660782047	8803.705156244841	18979.574690645106	13792.00241478304	14324.595213331133	12939.786806797554	19617.155940603858	8803.821038112523	10294.969888797228	18344.43903712259	16808.46700676456	10345.754162019466	16608.38530473519	11680.924244844084	14638.267349282296	15289.707945883516	13274.058575152614	13989.648362316448	11428.020881042732	12007.054859594127	14745.485486223393	12690.038898531591	17431.120609140402	14631.575873288235	16391.55492097014	7538.018259033162	5633.658264312819	4909.456062695924
PWY-7229	8373.549906403943	16942.663526683085	12726.049662151065	19016.51606075534	11564.668139983578	14099.008641625616	9241.240104269295	19561.023334564867	14659.939308292283	15246.422240147784	13958.503596059112	20950.068606321838	9395.727444581282	10960.01846510673	19324.03516666667	17731.834436371104	11090.670558702792	17498.20149876847	12389.684371100164	15415.673530377668	16209.363110837437	14029.141317733991	14804.946492610836	12019.616084154353	12654.305417077177	15649.592499999997	13441.534941297208	18365.675662972088	15333.892473727423	17427.001272988506	7747.836243431854	5793.0819872742195	5021.59195320197
PWY-7234	953.4036363636362	3112.179090909091	1143.168181818182	1484.4345454545455	1260.3763636363637	2227.6045454545456	652.1309090909091	1851.3063636363636	1979.5927272727272	1716.3799999999999	1020.1845454545455	1773.2436363636361	1212.7118181818182	1118.8836363636362	1910.23	2173.2954545454545	1472.6127272727272	1865.1	1062.4563636363637	1915.5081818181816	2263.5436363636363	2012.1972727272728	2140.2054545454544	1961.32	1971.6172727272726	2229.3245454545454	1172.730909090909	1707.05	1139.01	2298.0236363636363	8643.834545454545	5293.4572727272725	5339.425454545454
PWY-7237	5186.35	5246.01	2644.66	2988.91	4076.25	3661.1099999999997	3201.2	9980.85	4226.700000000001	5023.8	2115.59	5318.11	5180.599999999999	3384.0	5565.7	6013.81	6474.5	4828.5	3976.16	4808.4	4637.35	4955.1	4058.3	5280.459999999999	4727.56	5436.950000000001	5654.75	5991.110000000001	5165.75	6743.9	6272.06	2894.96	3044.2
PWY-7242	7376.6336867123255	11082.833415871826	8621.930497524263	12751.00809965496	10159.413032596345	10652.69375257216	8018.735342068778	23555.758642878733	10126.41902044178	11275.615995559307	6176.178092503987	12930.534972407251	7385.258050161054	8761.3335016835	14992.337955613932	14596.254333823268	8753.728710740013	13412.822437064138	9039.119520989045	12306.31826166724	11431.912233793038	11170.819573443412	10490.439150639522	10443.965827084052	11131.49225722655	11811.063277355599	10515.201443433301	14404.75055298079	15501.041749799333	11588.265277647475	21688.55828249471	12313.019296348419	11489.25852769178
PWY-7254	2008.0799160839163	4929.371664335666	4500.950097902098	6799.833398601399	5528.6258181818175	5433.856615384615	4348.133118881118	12344.491972027969	4969.16593006993	5187.638349650349	3010.5046153846147	6594.8566993007	2046.5979020979023	3843.7084195804196	8179.540027972028	6867.930041958043	2252.7463216783217	7531.15267132867	4409.760419580419	6577.712475524475	5996.655020979019	5580.912	5538.271888111888	4798.124979020979	5390.194069930069	5563.713902097902	4972.658265734265	7627.898853146852	8073.445762237761	4798.65902097902	6646.454013986015	5008.709118881119	4558.741090909091
PWY-7315	12034.002380952381	24702.86952380952	14139.20761904762	22266.77285714286	16369.462380952378	17849.08095238095	12975.505714285713	32389.858571428576	19785.668571428574	20112.145238095243	15415.577142857139	25206.48904761906	13704.03142857143	12768.238095238095	26487.142380952377	24994.825714285704	15686.828095238092	24100.557142857142	16061.397619047619	22348.700476190475	22530.13761904762	20188.899999999998	20457.609523809526	18788.20142857143	18566.29333333333	22189.453809523806	18812.02857142857	25764.98761904762	19972.572380952373	25916.173809523807	18747.751428571428	11880.315714285714	12170.48619047619
PWY-7316	40.37714285714285	25.142857142857142	47.23428571428571	29.71428571428571	27.051428571428573	0.0	29.337142857142858	0.0	19.805714285714284	25.142857142857142	28.57142857142857	26.285714285714285	21.337142857142858	43.42857142857142	26.285714285714285	46.091428571428565	36.94857142857143	59.42857142857142	40.76571428571429	26.66285714285714	23.622857142857143	0.0	24.377142857142854	18.66285714285714	15.234285714285713	18.66285714285714	44.94857142857143	15.622857142857143	59.80571428571428	19.051428571428573	521.1428571428571	304.3771428571428	198.47999999999996
PWY-7323	4882.922717736809	9128.57174507311	7213.869888747619	11313.217047043869	8946.671535282898	8653.658636363636	7168.848833439289	21218.955521296888	8624.832387158298	9341.88743483789	5296.98013986014	10875.182037507946	4949.964411951685	6731.594278448824	13590.635877304516	12300.094113159572	5584.385054036873	11875.812418944695	7567.787215511761	11178.422746344564	10159.638070565798	9640.764370629371	9180.202260012715	8782.893363000636	9459.361738715832	10046.026754609025	8920.82833439288	12940.893121424031	13511.014640813733	9429.547546090274	11152.023865225685	7125.543029243485	6904.789005085824
PWY-7328	16.11111111111111	23.61111111111111	31.38888888888889	53.333333333333336	21.11111111111111	49.16666666666667	13.88888888888889	25.833333333333336	23.88888888888889	17.77777777777778	43.611111111111114	24.444444444444446	18.61111111111111	46.111111111111114	19.72222222222222	23.61111111111111	22.77777777777778	28.88888888888889	11.11111111111111	25.833333333333336	33.333333333333336	31.38888888888889	18.88888888888889	23.88888888888889	19.166666666666668	35.27777777777778	28.88888888888889	20.833333333333336	91.3888888888889	29.444444444444446	416.6666666666667	244.16666666666669	168.33333333333334
PWY-7371	386.5	2561.5	309.5	1007.5	582.5	930.5	387.5	1452.5	1578.5	1361.5	822.0	754.0	708.5	215.5	1361.0	1503.5	689.0	776.5	602.5	1626.0	1924.5	1596.5	1490.5	1596.5	1520.0	1913.0	906.0	1287.5	352.0	2004.0	4192.5	2421.5	3024.5
PWY-7374	386.5	2561.5	309.5	1007.5	582.5	930.5	387.5	1452.5	1578.5	1361.5	822.0	754.0	708.5	215.5	1361.0	1503.5	689.0	776.5	602.5	1626.0	1924.5	1596.5	1490.5	1596.5	1520.0	1913.0	906.0	1287.5	352.0	2004.0	4192.5	2421.5	3024.5
PWY-7399	41.56470588235294	25.88235294117647	48.62352941176471	30.58823529411765	27.847058823529416	0.0	30.200000000000003	0.0	20.388235294117646	25.88235294117647	29.411764705882355	27.058823529411764	21.964705882352945	44.70588235294118	27.058823529411764	47.44705882352941	38.035294117647055	61.1764705882353	41.964705882352945	27.44705882352941	24.317647058823532	0.0	25.094117647058823	19.211764705882352	15.682352941176472	19.211764705882352	46.27058823529412	16.08235294117647	61.56470588235294	19.611764705882354	536.4705882352941	313.32941176470587	204.31764705882352
PWY-7400	8729.437355106997	13879.99804364262	8866.24706101082	12382.913225119608	7817.620258551497	10614.330305434256	6172.902203675684	10824.257954688383	10782.530423374545	11342.285698242174	10690.727621001764	16023.442093088483	9624.174155075518	8402.00010146274	12553.972739440944	12942.418538611462	11956.848613452074	12650.089458041479	9268.367375335392	10226.084026001401	11329.056164479312	10041.629944283124	10561.593136144864	9054.138350819514	8898.476831230033	11666.30306644817	10291.43677999526	12424.857058846685	9119.93463908292	15054.410069872809	13273.49320672181	7273.727885947354	6180.509837642846
PWY-7446	259.71	299.14	476.29	204.86	413.14	733.29	98.29	141.43	159.29	145.14	94.86	696.14	204.0	433.57	174.86	128.0	407.86	691.71	153.29	88.57	133.29	156.0	388.14	126.71	196.0	115.86	113.0	161.57	347.86	127.57	3515.14	2306.86	1882.14
PWY-7456	1509.0111879699245	2699.1400601503756	732.2622857142857	1185.8434285714284	2344.965203007519	1903.3527518796993	1994.4665864661654	4681.366105263157	1869.953593984962	1600.0562706766918	610.0285714285715	2304.2579548872177	1769.5619548872182	822.0908571428571	3170.992060150376	3101.4129022556394	1983.6547669172933	3884.6725714285717	1946.3007518796992	2707.1189774436084	2284.823819548872	2295.3147067669174	2237.2285714285717	2342.3621954887217	1959.2685112781955	2153.9471278195488	2297.8900150375944	3199.6550075187974	1842.1003308270679	3448.2482706766914	2555.8878496240604	1652.9825864661652	1506.1883909774435
PWY-7539	2368.3933333333334	7800.0714285714275	5355.879047619048	8895.779999999999	6580.829523809524	6837.162857142857	5298.534285714287	15242.625714285714	7147.520952380952	7253.610476190476	4291.365714285714	7955.001904761905	2715.341904761905	4462.951428571429	10546.150476190476	9164.886666666665	2866.5066666666667	8928.02380952381	5548.553333333333	9030.199999999999	8690.073333333332	7862.421904761905	7507.41619047619	6819.869523809523	7545.784761904762	8180.371428571428	6481.687619047618	9796.79714285714	9556.577142857144	7052.407619047619	9948.606666666667	6973.865714285715	7255.549523809524
PWY-7663	12460.040458916232	27390.03485953872	17688.59687292517	28027.415510881485	18451.173604413867	21939.950620889802	15276.579032115367	36972.80759221036	23390.55161515713	24149.894236407476	18080.942582728083	28669.66215842564	14082.201770346392	15819.729769718359	30873.400668572503	29285.090293056383	16429.44886667069	27037.41113649626	18886.706939669228	26100.77850198795	26686.964690142137	23916.12226463362	23193.741289086112	20966.801602647465	22212.492879843667	26196.485502131527	21403.721202905996	29236.02316462622	25405.56815443142	27042.6208805845	27252.802164530767	16746.89320886744	17193.3643556672
PWY-7664	2108.388871794872	10664.232923076925	8019.424717948718	13936.454	8218.668051282051	9851.419846153847	7212.231384615385	19641.783538461543	10475.19882051282	10879.990871794873	6808.935538461539	10862.609333333334	2553.2733333333335	6326.471846153846	14478.201948717948	12477.51435897436	2877.340666666667	11364.862205128207	7641.3116410256425	12783.481846153847	12875.696256410258	11410.65871794872	10179.027025641026	8974.346051282053	10893.929487179488	12121.531692307693	8923.89794871795	13089.984923076923	13743.167846153847	8463.579025641027	14301.522666666664	9933.482461538462	10895.640358974359
PWY-841	7836.581562839385	15941.544931139239	11998.676166636124	17994.422558850223	11042.04441603453	13313.152842017424	8843.8320498607	19009.902307446868	13860.091811963994	14414.399251518982	13043.971671329962	19694.85766817419	8786.241158593442	10335.565482915437	18421.00770467224	16862.633143075305	10330.970863967083	16622.687086827806	11733.719181947003	14703.498284808895	15371.563197540398	13335.807364515767	14016.73262299642	11437.860413330363	12054.140013612454	14823.3205169373	12748.140281522228	17494.29266775204	14719.303080678803	16400.826405799286	7235.750241287003	5450.777307346514	4758.850188102546
PWY-922	246.65999999999997	186.17000000000002	262.01	188.32999999999998	190.82999999999998	415.15999999999997	132.82999999999998	202.82999999999998	188.67000000000002	165.5	50.83	218.0	242.83999999999997	356.49	312.33	466.5	291.66	282.34	259.17	155.5	150.0	199.15999999999997	191.84000000000003	188.0	202.16999999999996	145.0	107.67	205.82999999999998	298.16999999999996	117.66	221.5	124.33	101.0
PWY0-1061	8612.583256468932	19176.508650125623	12355.408221263866	18966.090961098398	11329.508609399752	14204.48670584564	8829.601290265799	18682.392068857913	15557.299440719462	15867.295913491544	14687.364517690548	21142.019948952653	10014.564526331791	10498.10903714135	19234.10837936663	17862.337106543342	11750.794990318607	17267.691784897026	12208.787760957579	15981.80433894481	17292.754763886	14738.29508529228	15637.68425117217	12929.883682770318	13269.68062673025	16818.857031012467	13684.97296602711	18469.06355227153	14115.978080443583	19234.913130050732	12872.30421228657	8651.53059152518	8290.527775039605
PWY0-1241	5313.8966666666665	9932.707777777778	6663.541111111111	9457.292222222222	4944.044444444445	7227.096666666666	3661.211111111111	5067.484444444444	7650.658888888889	7888.926666666666	8844.4	12034.488888888889	6111.996666666667	5699.074444444444	8494.618888888888	8175.552222222223	7512.177777777778	8282.896666666667	6165.992222222222	6759.081111111112	7988.77	6565.333333333333	7607.266666666666	5690.788888888889	5633.777777777777	7917.403333333334	6647.885555555556	8345.852222222222	5312.511111111111	10400.404444444444	4348.381111111111	2875.177777777778	2216.936666666667
PWY0-1261	2432.234769230769	4147.097076923076	2172.4527692307693	2196.3618461538463	3910.025999999999	3536.6856923076916	2168.7710769230766	7107.462923076922	2684.9663076923075	2383.8604615384615	1097.3076923076922	4257.390923076922	2596.83923076923	2180.0681538461536	4383.575076923076	3977.6626153846146	2896.5373846153843	5338.219846153846	2351.746153846154	3464.984307692307	3033.8363076923074	2969.748	3890.907692307692	3468.6336923076924	2979.0036923076927	2874.8132307692304	2706.1952307692304	4402.531846153845	3425.6058461538455	4444.202307692307	10535.183538461537	7001.645076923076	6047.748
PWY0-1277	296.8114285714285	341.8742857142857	544.3314285714285	234.12571428571428	472.15999999999997	838.0457142857142	112.33142857142857	161.6342857142857	182.04571428571427	165.8742857142857	108.41142857142856	795.5885714285714	233.14285714285714	495.5085714285714	199.84	146.28571428571428	466.12571428571425	790.5257142857142	175.1885714285714	101.22285714285712	152.33142857142855	178.28571428571428	443.5885714285714	144.81142857142856	224.0	132.41142857142856	129.14285714285714	184.65142857142854	397.5542857142857	145.7942857142857	4017.3028571428567	2636.4114285714286	2151.017142857143
PWY0-1296	2208.16381270903	2738.173344481605	2319.8084949832773	2973.5452508361204	1906.4134113712373	3605.885919732441	1383.2476254180601	2908.2819397993308	1876.732006688963	2008.644414715719	1325.249531772575	3245.891404682274	2138.39635451505	2641.8949832775916	2571.3126421404677	3368.4983612040132	2951.270903010033	3833.2672240802676	1811.5216387959865	2086.1088294314377	1850.1268227424748	1956.7295652173912	2286.662775919732	1818.3080936454849	2174.260735785953	2118.4081270903007	1551.9039799331103	2310.3754849498328	3029.1010702341136	2322.190066889632	15360.138227424748	8292.933879598662	7476.779765886287
PWY0-1297	2343.5398995370824	2887.764081118881	2583.6346405594404	3726.742768206441	1670.6697902097903	3302.634448497981	972.9934206638432	3529.543393085787	1927.0860691421253	2260.812867132867	1647.2875272727272	3109.1230617157494	2214.775082241702	3006.1238461538464	2640.4776125283165	3538.9356717817395	2802.8232167832166	3011.8293706293707	1535.4412839160836	2107.821693095637	1817.398881118881	1816.6273426573425	2423.97965034965	2006.2601374569094	2354.5496420368363	2210.5961971830984	1246.2451748251747	2336.0048227715947	3456.19958041958	2203.7960573229584	15492.78623713188	8133.8740269477	7508.088810203882
PWY0-1298	3896.589197298531	4375.1270665460115	3203.9095367907153	4434.865937108552	2870.06639445266	4327.616580973195	1967.2116500628204	6651.074794679387	3228.818973807383	3736.0833388773217	2208.734700045106	4575.332818404439	3800.570924454453	3863.4704123637916	4309.172792738066	5305.925544093426	4702.35855132937	4271.495363550163	2729.641761116953	3589.890641245694	3195.7049045023605	3298.0331487199255	3517.3042574477267	3631.648450892943	3782.473368054498	3893.342450833385	3017.332290728413	4189.227982616734	4885.375958334905	4377.703517396834	16009.80730865966	7768.862202499025	7617.263539115725
PWY0-1319	11926.58155742297	23329.477731092444	14039.268560224089	21531.66018487394	14077.19630252101	17400.52434173669	11386.148901960785	25057.858985994393	18716.324812324936	19309.00982072829	15998.742481792719	24420.42342296919	13479.77317086835	12819.622963585436	23310.258901960788	22850.7731372549	16089.655417366946	21477.668128851557	15196.455193277314	19686.669462184876	20783.61035294118	18466.924733893557	18547.619624649862	16578.13820728291	16797.900476190487	20774.33736694678	17305.551266106442	22562.088425770322	17734.604296918773	23973.744095238108	22620.73091876751	13325.50049859944	12998.114952380949
PWY0-1338	259.71	299.14	476.29	204.86	413.14	733.29	98.29	141.43	159.29	145.14	94.86	696.14	204.0	433.57	174.86	128.0	407.86	691.71	153.29	88.57	133.29	156.0	388.14	126.71	196.0	115.86	113.0	161.57	347.86	127.57	3515.14	2306.86	1882.14
PWY0-1479	259.71	299.14	476.29	204.86	413.14	733.29	98.29	141.43	159.29	145.14	94.86	696.14	204.0	433.57	174.86	128.0	407.86	691.71	153.29	88.57	133.29	156.0	388.14	126.71	196.0	115.86	113.0	161.57	347.86	127.57	3515.14	2306.86	1882.14
PWY0-1533	363.12615384615384	395.2492307692308	637.0707692307693	284.1353846153846	537.6123076923077	902.5107692307693	152.56615384615387	174.0676923076923	217.37846153846155	205.71076923076924	147.52	885.0953846153845	274.05538461538464	580.3938461538462	243.52000000000004	207.17538461538462	541.7723076923078	915.3353846153847	232.56615384615384	137.72307692307692	189.48923076923077	192.0	503.9630769230769	176.04923076923077	257.6369230769231	162.69538461538463	187.48307692307694	215.68	492.5415384615385	177.52615384615387	4887.556923076923	3167.003076923077	2530.227692307693
PWY0-1586	21753.08016783217	42998.523609390606	27332.828959040962	41090.69494871794	29321.785719280717	35308.86853779554	23197.789578754582	54855.06151581751	34959.47026673327	35847.73353579754	27061.34813686314	45816.28790043289	24102.80767698968	25176.56158141858	46246.56315318018	44832.13768198467	28813.94153679654	44367.18268031968	28959.699126207117	38752.29232301031	39314.36416949716	35667.01786213786	36048.87366799867	32080.510131535135	33208.58965700967	38947.21414119214	32500.370199467194	44238.72413220115	37824.651032301015	43230.882000665995	56831.18670862471	34377.87389277389	32765.016725274723
PWY0-162	8413.9711888853	19045.39978905084	12247.052611328678	19045.900395201665	11567.4078102164	14292.03132822278	9143.023565495176	20174.78043612984	15673.148053363075	15944.348474100692	14175.324481811942	20616.741882595183	9807.755567089913	10520.162419809036	19816.900889216362	18490.260033761966	11339.268803141022	17342.402903831404	12370.994710676652	16437.981334076874	17528.309546711615	15103.739736717269	15697.739093120437	13258.509274092617	13673.05779028221	17005.998402388064	13752.166337306713	18876.652806734226	14764.324749989906	18990.788681820017	11355.927193063912	7735.703232165206	7792.589797125439
PWY0-166	574.4421052631578	558.5623604465709	853.1212121212121	446.5572567783094	701.6494417862839	1325.846889952153	258.96044657097286	384.93556618819775	391.6787878787879	350.13779904306216	168.48708133971292	1073.279744816587	502.89377990430626	900.7920255183412	540.7199362041467	646.2041467304625	801.386283891547	1135.6363636363637	458.61658692185006	271.04178628389155	319.4583732057416	398.733014354067	672.4095693779905	351.4826156299841	450.386283891547	293.067942583732	250.3065390749601	412.50558213716107	735.5116427432217	278.4829346092504	4493.9336523126	2927.067623604466	2387.6976076555025
PWY0-41	328.0547368421052	377.8610526315789	601.6294736842106	258.7705263157895	521.8610526315789	926.2610526315789	124.15578947368421	178.6484210526316	201.20842105263156	183.33473684210523	119.82315789473684	879.3347368421051	257.6842105263158	547.6673684210526	220.87578947368422	161.68421052631578	515.1915789473684	873.738947368421	193.6294736842105	111.8778947368421	168.36631578947367	197.05263157894737	490.28210526315786	160.05473684210526	247.57894736842104	146.34947368421052	142.73684210526315	204.08842105263156	439.40210526315786	161.14105263157893	4440.176842105263	2913.9284210526316	2377.44
PWY0-42	259.71	299.14	476.29	204.86	413.14	733.29	98.29	141.43	159.29	145.14	94.86	696.14	204.0	433.57	174.86	128.0	407.86	691.71	153.29	88.57	133.29	156.0	388.14	126.71	196.0	115.86	113.0	161.57	347.86	127.57	3515.14	2306.86	1882.14
PWY0-781	319.1616867469879	367.61783132530115	585.3202409638554	251.75566265060243	507.7142168674699	901.1515662650602	120.79012048192772	173.8055421686747	195.75397590361445	178.3648192771084	116.57493975903614	855.4973493975904	250.6987951807229	532.8209638554216	214.88819277108433	157.3012048192771	501.2255421686747	850.0532530120482	188.38048192771083	108.84506024096385	163.80216867469878	191.71084337349396	476.99132530120477	155.71590361445783	240.86746987951807	142.3821686746988	138.86746987951807	198.5559036144578	427.49060240963854	156.77277108433734	4319.810602409639	2834.936385542169	2312.991325301205
PWY0-845	330.53999999999996	380.72363636363633	606.1872727272728	260.7309090909091	525.8145454545454	933.2781818181818	125.09636363636365	180.00181818181818	202.73272727272726	184.72363636363633	120.7309090909091	885.9963636363636	259.6363636363636	551.8163636363636	222.54909090909092	162.9090909090909	519.0945454545455	880.3581818181818	195.09636363636363	112.72545454545454	169.64181818181817	198.54545454545453	493.9963636363636	161.2672727272727	249.45454545454544	147.45818181818183	143.8181818181818	205.63454545454545	442.7309090909091	162.36181818181817	4473.814545454546	2936.0036363636364	2395.450909090909
PWY0-862	2057.8190497737555	10398.036787330317	7762.107726244344	13486.844219457013	7963.166911764706	9562.86020361991	6973.8345814479635	19004.33850678733	10170.881266968327	10551.889547511311	6602.5179977375565	10529.462036199095	2497.9994796380092	6124.310633484163	14022.60149321267	12097.548122171944	2816.755554298642	11014.540248868778	7398.250045248869	12396.212002262442	12498.837149321269	11073.551029411765	9889.625056561086	8723.23564479638	10573.54564479638	11770.535361990951	8645.994773755656	12680.510395927602	13278.716572398189	8247.335090497738	14083.167217194568	9757.181199095023	10694.831029411764
PWY490-3	54.239999999999995	57.635999999999996	33.035999999999994	59.316	35.04	117.63600000000001	29.04	25.44	38.64	48.239999999999995	38.004	54.635999999999996	48.12	56.03999999999999	37.68	60.276	70.32	69.35999999999999	40.955999999999996	43.44	41.28	32.879999999999995	32.64	26.436	38.316	59.519999999999996	46.8	32.315999999999995	93.83999999999999	59.04	2460.876	1310.076	1148.1599999999999
PWY4FS-7	9327.695903381102	14931.786425399314	9548.633977571279	13432.56535516495	8323.41730094044	11454.071295081356	6592.133622033139	11536.321198910284	11550.039058404238	12171.828746454696	11493.63027093596	17261.658101059864	10303.18294234214	9037.441883975218	13495.45203578892	13931.141693200478	12821.706788028065	13665.60004116286	9919.700741341989	10969.4466429691	12141.555489065533	10767.917932228691	11378.2232619794	9667.158439170025	9547.117805642632	12483.39694152112	10940.775290304522	13326.588886662186	9691.265100164203	16102.608170697116	13819.167177974325	7639.519684729065	6541.465700291089
PWY4FS-8	9327.6959033811	14931.786425399312	9548.633977571275	13432.565355164948	8323.417300940439	11454.071295081354	6592.133622033139	11536.321198910284	11550.039058404236	12171.828746454694	11493.630270935959	17261.658101059864	10303.182942342139	9037.441883975216	13495.45203578892	13931.141693200476	12821.706788028063	13665.600041162856	9919.700741341989	10969.446642969098	12141.555489065531	10767.91793222869	11378.2232619794	9667.158439170023	9547.11780564263	12483.396941521118	10940.775290304522	13326.588886662184	9691.265100164203	16102.608170697116	13819.167177974321	7639.519684729063	6541.465700291088
PWYG-321	957.5510204081633	4962.710204081633	7017.379591836735	12048.612244897959	6702.1469387755105	7158.710204081633	6549.281632653062	17123.951020408163	7191.967346938775	8128.163265306122	5148.808163265307	8673.6	778.4326530612245	5515.78775510204	11862.17142857143	9509.044897959184	863.0938775510205	9156.391836734694	6432.783673469388	9611.191836734695	8967.477551020407	8137.934693877552	6743.779591836736	5623.910204081632	7709.755102040816	8227.542857142857	7152.048979591837	10590.832653061225	13117.444897959183	4165.371428571429	367.68979591836734	1562.1061224489795	1832.8897959183673
PYRIDNUCSAL-PWY	4391.747142857143	7303.208571428571	5426.751428571428	8201.732857142857	7007.162857142857	7222.795714285713	5909.511428571428	15743.172857142856	6744.568571428571	7273.115714285715	3980.7342857142858	8754.967142857142	4468.960000000001	5244.354285714286	10375.327142857144	9733.16857142857	5461.394285714285	10047.84	6247.301428571428	8668.344285714287	7934.332857142857	7725.528571428571	7021.049999999999	6864.072857142856	7342.297142857143	7969.769999999999	7440.675714285715	9997.397142857142	10128.797142857144	7913.437142857142	11890.318571428568	7131.451428571429	6663.844285714287
PYRIDNUCSYN-PWY	7492.03388888889	17264.130277777782	10579.585833333336	16599.56222222222	10480.747777777775	12954.804722222221	8522.298333333332	17687.521388888887	14038.929444444446	14172.162222222223	12485.796944444444	18427.04555555556	8793.88861111111	9019.878333333334	17586.609722222223	16506.334722222222	10408.405	16210.247777777779	11201.624444444446	14860.34027777778	15818.760000000004	13717.229166666666	13952.222222222223	11812.079444444444	12223.46027777778	15371.494166666673	12586.664444444443	16853.90416666667	12952.535833333333	17339.99277777778	12088.678888888891	8043.036388888889	7905.530555555556
PYRIDOXSYN-PWY	259.71	299.14	476.29	204.86	413.14	733.29	98.29	141.43	159.29	145.14	94.86	696.14	204.0	433.57	174.86	128.0	407.86	691.71	153.29	88.57	133.29	156.0	388.14	126.71	196.0	115.86	113.0	161.57	347.86	127.57	3515.14	2306.86	1882.14
REDCITCYC	357.6334426229507	411.9304918032786	655.8747540983605	282.10229508196716	568.9140983606557	1009.7763934426227	135.3501639344262	194.75606557377046	219.35016393442618	199.86491803278682	130.6268852459016	958.6190163934424	280.9180327868852	597.047213114754	240.79081967213114	176.26229508196718	561.6432786885246	952.5186885245901	211.08786885245897	121.9652459016393	183.5468852459016	214.8196721311475	534.4878688524589	174.48590163934423	269.90163934426226	159.54491803278685	155.60655737704914	222.4898360655737	479.0203278688524	175.6701639344262	4840.520655737704	3176.659672131147	2591.7993442622947
RHAMCAT-PWY	4882.6201680672275	8028.796235294118	6404.5567563025215	9452.484789915967	7879.371915966388	8372.980521008405	6610.6955630252105	17573.92709243697	7633.013075630253	8232.611344537814	4478.691714285715	9805.365848739497	4924.193512605042	6236.316	11814.994756302525	11203.24737815126	5986.147008403361	11110.549647058824	7149.256773109245	9685.773411764707	8890.670134453781	8686.373630252103	7883.004941176472	7645.526336134452	8308.096470588236	8883.324739495798	8188.058705882354	11189.53581512605	11667.8067394958	8449.577378151262	11788.758168067225	7188.440991596638	6774.611378151261
RIBOSYN2-PWY	7797.185435835351	17878.43088377724	11062.101283292981	17248.765060532685	10895.15665859564	13718.60935835351	8825.881646489104	18617.92069007264	14651.170544794188	14704.896428571428	12745.071368038742	18967.39898305085	9155.31691283293	9510.66078692494	18399.873728813564	17393.67163438257	10720.676452784504	16710.720326876515	11666.325992736078	15467.027615012112	16402.495581113802	14277.485496368037	14492.687215496368	12375.943341404358	12869.009891041163	15988.67372881356	12931.306682808716	17536.172760290552	13599.698075060533	17865.05220338983	14332.847929782083	8846.055750605326	9143.934963680387
RUMP-PWY	708.3665034965034	753.4956643356643	963.0003496503496	548.9700699300699	899.6934265734264	1490.0905594405594	344.82664335664333	508.4533566433566	530.7072027972027	474.2211188811188	250.33090909090907	1127.1497902097901	627.5127272727271	1079.0260839160837	672.1169230769231	933.6321678321676	936.2787412587412	1158.1332167832168	614.6862237762236	373.69587412587407	417.34594405594396	529.2872727272727	733.8373426573426	454.435874125874	582.8367832167831	442.301958041958	312.6997202797202	501.7653846153845	1076.6380419580419	377.5383916083916	4533.977762237762	2919.9546853146853	2336.167972027972
SALVADEHYPOX-PWY	2260.5127139203505	3077.8863726708078	2627.3801907197667	3791.8675237652374	1954.7592700036541	3242.855722655861	1009.2047195668782	3748.450625236656	1946.4749530673932	2348.1692700036538	1713.4167109974426	3491.348847842695	2140.795527618162	2882.0628227986854	2422.2740116252035	3031.0421506626367	2791.4943434417246	3334.5025787358427	1408.2535082206796	2035.542835420334	1867.5931757398612	1786.2361344537817	2613.5296974789917	1949.1838737835055	2334.442108147607	2198.584057793869	1280.8867007672634	2292.406070216229	3443.3436309828285	2389.218519812668	18303.114498023715	10185.520805394095	8859.43705922211
SER-GLYSYN-PWY	5594.843161727849	10836.580918767508	6565.819086834735	10001.819452749518	8521.14868907563	9234.052047176765	6826.089489606368	18625.112003243405	9088.813656494174	9394.605042016809	5156.51681232493	10528.576937933069	6001.744267138434	6438.512705882354	12779.119522040395	12495.394838567005	7081.246929971989	11965.634834733892	7631.860386554621	10992.403371664452	10565.333277310925	10053.405193277313	9411.679232492996	9280.491602535752	9663.692957688338	10573.19670499779	8930.101254901962	12197.242623912724	11632.301563025207	10788.07436473537	20378.41593395253	12101.431625829282	11721.19417366947
SO4ASSIM-PWY	7737.488529411764	14385.76039215686	9295.283921568627	13303.269019607844	7301.868039215686	10732.421176470587	5952.26656862745	7288.068039215686	11121.950196078431	11343.907647058822	12463.89176470588	17420.069019607843	8968.076176470588	7943.735686274509	12541.509607843136	12235.963431372547	11255.710392156861	13126.745882352941	9370.861960784314	10110.517156862745	11770.401176470587	9865.375	10904.843529411764	8251.740784313724	8207.825980392156	11604.749411764704	10115.411960784311	12329.3631372549	7486.791274509804	15420.90745098039	5574.674215686274	3681.6589215686276	2747.3114705882354
SULFATE-CYS-PWY	621.7063043478261	787.9708695652173	714.4350000000001	307.29	947.8186956521739	1649.326304347826	778.7067391304347	343.0363043478261	519.5002173913043	406.1230434782608	142.29	1509.0795652173913	609.1630434782609	650.355	724.2247826086957	758.7065217391304	1195.8117391304347	2286.6084782608696	779.326304347826	593.9093478260869	609.630652173913	729.6847826086956	782.9491304347827	383.76065217391306	529.0760869565217	529.485652173913	761.7391304347825	700.1810869565218	575.4965217391303	792.3984782608695	5478.438260869565	3589.713913043478	2870.46
TCA	6465.259255813953	12021.281581395348	8158.704837209302	11418.625395348836	6073.7693023255815	8922.630418604651	4426.978604651163	6129.221023255814	9235.122139534884	9516.21711627907	10645.635348837208	14678.82976744186	7403.977395348837	6986.773674418604	10253.184837209303	9854.321581395348	9153.728372093023	10175.408093023256	7451.475627906977	8141.107255813953	9631.987255813954	7931.609302325581	9261.108837209302	6872.165581395348	6827.386046511628	9540.402139534883	8016.0053023255805	10070.131813953489	6493.663255813954	12523.997581395348	6417.019813953488	4237.049302325581	3302.29423255814
TCA-GLYOX-BYPASS	384.2284931506849	442.5632876712329	704.6482191780823	303.0805479452055	611.2208219178083	1084.867397260274	145.41534246575344	209.23890410958907	235.6619178082192	214.7276712328767	140.34082191780823	1029.9057534246576	301.8082191780822	641.4460273972603	258.6969863013699	189.36986301369865	603.4093150684932	1023.3517808219179	226.78520547945206	131.03506849315067	197.19616438356164	230.79452054794524	574.2345205479453	187.46136986301372	289.972602739726	171.40931506849316	167.17808219178085	239.0350684931507	514.642191780822	188.73369863013698	5200.481095890411	3412.8887671232883	2784.5358904109594
THISYN-PWY	7533.248389406754	15804.919288481857	12484.954016085478	19084.37322464228	10047.416775272985	13403.234357252746	8392.824231252474	16065.387962437766	14104.573086985518	14852.779107667018	14536.872252553716	20501.06263918494	8554.735511402907	10404.719781613243	17714.631827987447	16022.294480184568	10318.061051426559	15713.153531760012	11635.990597628273	14230.023270820397	15444.286652577197	13088.885379241516	13630.970667488553	10640.791042021476	11675.466121577343	15025.058821580607	12683.498171891511	16868.70111679007	14032.146275096864	16205.903713821595	5847.735643800332	3897.8376564639066	3727.401566563659
THRESYN-PWY	3868.299606661087	9673.076680009646	6394.294110994484	10552.877700648236	7690.394670108795	8695.879832607556	6326.918383863602	17130.029450914197	8384.660727783372	8523.303393906297	5074.723031943718	9596.376064227861	4291.299057362516	5858.070482645145	12160.182665626464	11490.33871907403	4853.7360351210655	11290.601037915432	6813.837281096186	10430.40126475553	9918.429398629767	9155.441806195835	8805.496276826621	8094.611898991475	8886.041563568278	9590.700967191024	7605.126406615697	11300.954741216185	11233.268557922805	8972.571845061631	19498.565054369566	11809.869412445567	11518.99178425226
TRNA-CHARGING-PWY	8314.274934158382	18350.323291651148	11417.989534709737	18369.19071831461	10951.649439004324	13695.382712407607	8957.99077738259	19523.68023013688	14848.469193316281	15222.120716604924	13305.32740531213	19554.404541262382	9640.864534927343	9957.18239429073	18736.758791525466	17870.362395169977	11301.295208184929	17178.650083176355	11797.551101166082	15798.410359727428	16609.93652937082	14412.128453093786	14855.16073088027	12639.800266650249	13154.267283776468	16308.339646368984	13168.367442319015	17961.7246372647	14185.103340989825	18425.15462951489	17102.5233753095	10296.533320155067	10138.660236292946
TRPSYN-PWY	11940.688494983277	21671.224782608693	15073.169375696769	22552.36897435898	14707.984782608699	17704.071661092534	12073.766722408025	25903.39190635452	18319.34099219621	19220.698506131546	16471.479431438125	25765.24542920847	13176.330746934225	13608.24117056856	24106.286599777042	22981.416198439245	15862.615050167224	22486.923556298778	15827.242218506135	19584.726276477148	20239.761114827197	18060.923857302114	18285.203344481608	15797.603511705682	16288.62965440357	20081.509888517277	17676.112742474917	23249.916923076926	19183.31254180602	23085.522530657745	12488.231683389076	7855.661872909699	7139.623210702342
UBISYN-PWY	723.51	3372.94	847.69	1413.8600000000001	1112.1399999999999	1849.8899999999999	563.29	1884.43	2053.49	1778.94	1081.26	1600.94	1054.2	692.17	1808.06	1932.1999999999998	1234.6599999999999	1623.51	876.29	2039.77	2442.6899999999996	2071.8	2176.74	2042.5099999999998	2020.0	2411.46	1200.1999999999998	1706.57	770.26	2532.3700000000003	8546.14	5212.66	5511.54
UDPNAGSYN-PWY	957.2353260869565	1163.1158606661581	953.3951029748283	753.3865675057209	1189.6584782608697	1956.0759089753367	1095.4731521739131	940.4345169082127	918.6158454106281	807.4234541062802	335.4300457665904	1681.6216933638443	1016.2047781591659	1040.0340274599544	1241.3734541062804	1512.294298881261	1550.246739130435	2661.388215102975	1243.263752860412	940.1157608695652	985.3940579710144	1123.1778140096617	1068.822077294686	786.0590694126621	895.4521643783371	878.4646885329267	1059.0689359267735	1119.3754030002542	1103.5400629290616	1202.536473429952	8364.830671878974	5028.886555428427	4097.313588227817
VALSYN-PWY	12621.236447266843	23954.9345438422	14641.792062303492	22321.602956895185	15252.873594824214	18121.12583179277	12254.23473439261	28156.12769091256	19391.50660849757	20098.0555101009	16106.06462450562	25358.13851228059	14108.68635758592	13525.98155509774	24778.570560877324	24168.64785443907	16756.376187283633	22790.110936923844	15988.688191470319	20808.473513718553	21593.593209011404	19368.868029594723	19386.04683304518	17564.719322677094	17749.594899870834	21616.276883301685	18304.210124302987	24021.791332056197	19398.57768843178	24909.124801544887	23403.576576769086	13823.426982232531	13336.663120686202
