Building DAG of jobs...
Using shell: /usr/bin/bash
Provided cores: 1 (use --cores to define parallelism)
Rules claiming more threads will be scaled down.
Provided resources: mem_mb=1000, mem_mib=954, disk_mb=1000, disk_mib=954
Select jobs to execute...

[Thu Jun 26 00:19:53 2025]
rule rawReadCount:
    input: /bulk/sycuro_bulk/daniel/diabetes/UC_UT_collaboration/GF_Mouse_Fecal_Pellet_FASTQ_Files/plate3/fastq
    output: plate3.1/dada2/rawReadCount.txt
    jobid: 0
    reason: Forced execution
    resources: mem_mb=1000, mem_mib=954, disk_mb=1000, disk_mib=954, tmpdir=/home/daniel.castanedamogo/tmp

Activating conda environment: QC
processed files:  0 / 180 [----] ETA: 0s
[1A[Jprocessed files:  0 / 180 [----] ETA: 0s
[1A[Jprocessed files:  0 / 180 [----] ETA: 0s
[1A[Jprocessed files:  0 / 180 [----] ETA: 0s
[1A[Jprocessed files:  0 / 180 [----] ETA: 0s
[1A[Jprocessed files:  0 / 180 [----] ETA: 0s
[1A[Jprocessed files:  0 / 180 [----] ETA: 0s
[1A[Jprocessed files:  0 / 180 [----] ETA: 0s
[1A[Jprocessed files:  0 / 180 [----] ETA: 0s
[1A[Jprocessed files:  0 / 180 [----] ETA: 0s
[1A[Jprocessed files:  0 / 180 [----] ETA: 0s
[1A[Jprocessed files:  0 / 180 [----] ETA: 0s
[1A[Jprocessed files:  0 / 180 [----] ETA: 0s
[1A[Jprocessed files:  0 / 180 [----] ETA: 0s
[1A[Jprocessed files:  0 / 180 [----] ETA: 0s
[1A[Jprocessed files:  0 / 180 [----] ETA: 0s
[1A[Jprocessed files:  0 / 180 [----] ETA: 0s
[1A[Jprocessed files:  0 / 180 [----] ETA: 0s
[1A[Jprocessed files:  1 / 180 [----] ETA: 0s
[1A[Jprocessed files:  1 / 180 [----] ETA: 0s
[1A[Jprocessed files:  1 / 180 [----] ETA: 0s
[1A[Jprocessed files:  1 / 180 [----] ETA: 0s
[1A[Jprocessed files:  1 / 180 [----] ETA: 0s
[1A[Jprocessed files:  1 / 180 [----] ETA: 0s
[1A[Jprocessed files:  1 / 180 [----] ETA: 0s
[1A[Jprocessed files:  1 / 180 [----] ETA: 0s
[1A[Jprocessed files:  1 / 180 [----] ETA: 0s
[1A[Jprocessed files:  1 / 180 [----] ETA: 0s
[1A[Jprocessed files:  1 / 180 [----] ETA: 0s
[1A[Jprocessed files:  1 / 180 [----] ETA: 0s
[1A[Jprocessed files:  1 / 180 [----] ETA: 0s
[1A[Jprocessed files:  1 / 180 [----] ETA: 0s
[1A[Jprocessed files:  1 / 180 [----] ETA: 0s
[1A[Jprocessed files:  1 / 180 [----] ETA: 0s
[1A[Jprocessed files:  1 / 180 [----] ETA: 0s
[1A[Jprocessed files:  1 / 180 [----] ETA: 0s
[1A[Jprocessed files:  1 / 180 [----] ETA: 0s
[1A[Jprocessed files:  1 / 180 [----] ETA: 0s
[1A[Jprocessed files:  2 / 180 [----] ETA: 0s
[1A[Jprocessed files:  2 / 180 [----] ETA: 0s
[1A[Jprocessed files:  2 / 180 [----] ETA: 0s
[1A[Jprocessed files:  2 / 180 [----] ETA: 0s
[1A[Jprocessed files:  2 / 180 [----] ETA: 0s
[1A[Jprocessed files:  2 / 180 [----] ETA: 0s
[1A[Jprocessed files:  2 / 180 [----] ETA: 0s
[1A[Jprocessed files:  2 / 180 [----] ETA: 0s
[1A[Jprocessed files:  2 / 180 [----] ETA: 0s
[1A[Jprocessed files:  2 / 180 [----] ETA: 0s
[1A[Jprocessed files:  2 / 180 [----] ETA: 0s
[1A[Jprocessed files:  2 / 180 [----] ETA: 0s
[1A[Jprocessed files:  2 / 180 [----] ETA: 0s
[1A[Jprocessed files:  2 / 180 [----] ETA: 0s
[1A[Jprocessed files:  2 / 180 [----] ETA: 0s
[1A[Jprocessed files:  2 / 180 [----] ETA: 0s
[1A[Jprocessed files:  2 / 180 [----] ETA: 0s
[1A[Jprocessed files:  2 / 180 [----] ETA: 0s
[1A[Jprocessed files:  2 / 180 [----] ETA: 0s
[1A[Jprocessed files:  3 / 180 [----] ETA: 0s
[1A[Jprocessed files:  3 / 180 [----] ETA: 0s
[1A[Jprocessed files:  3 / 180 [----] ETA: 0s
[1A[Jprocessed files:  3 / 180 [----] ETA: 0s
[1A[Jprocessed files:  3 / 180 [----] ETA: 0s
[1A[Jprocessed files:  3 / 180 [----] ETA: 0s
[1A[Jprocessed files:  3 / 180 [----] ETA: 0s
[1A[Jprocessed files:  3 / 180 [----] ETA: 0s
[1A[Jprocessed files:  3 / 180 [----] ETA: 0s
[1A[Jprocessed files:  3 / 180 [----] ETA: 0s
[1A[Jprocessed files:  3 / 180 [----] ETA: 0s
[1A[Jprocessed files:  3 / 180 [----] ETA: 0s
[1A[Jprocessed files:  3 / 180 [----] ETA: 0s
[1A[Jprocessed files:  3 / 180 [----] ETA: 0s
[1A[Jprocessed files:  3 / 180 [----] ETA: 0s
[1A[Jprocessed files:  3 / 180 [----] ETA: 0s
[1A[Jprocessed files:  3 / 180 [----] ETA: 0s
[1A[Jprocessed files:  3 / 180 [----] ETA: 0s
[1A[Jprocessed files:  3 / 180 [----] ETA: 0s
[1A[Jprocessed files:  3 / 180 [----] ETA: 0s
[1A[Jprocessed files:  4 / 180 [----] ETA: 0s
[1A[Jprocessed files:  4 / 180 [----] ETA: 0s
[1A[Jprocessed files:  4 / 180 [----] ETA: 0s
[1A[Jprocessed files:  4 / 180 [----] ETA: 0s
[1A[Jprocessed files:  4 / 180 [----] ETA: 0s
[1A[Jprocessed files:  4 / 180 [----] ETA: 0s
[1A[Jprocessed files:  4 / 180 [----] ETA: 0s
[1A[Jprocessed files:  4 / 180 [----] ETA: 0s
[1A[Jprocessed files:  4 / 180 [----] ETA: 0s
[1A[Jprocessed files:  4 / 180 [----] ETA: 0s
[1A[Jprocessed files:  4 / 180 [----] ETA: 0s
[1A[Jprocessed files:  4 / 180 [----] ETA: 0s
[1A[Jprocessed files:  4 / 180 [----] ETA: 0s
[1A[Jprocessed files:  4 / 180 [----] ETA: 0s
[1A[Jprocessed files:  4 / 180 [----] ETA: 0s
[1A[Jprocessed files:  4 / 180 [----] ETA: 0s
[1A[Jprocessed files:  4 / 180 [----] ETA: 0s
[1A[Jprocessed files:  4 / 180 [----] ETA: 0s
[1A[Jprocessed files:  4 / 180 [----] ETA: 0s
[1A[Jprocessed files:  4 / 180 [----] ETA: 0s
[1A[Jprocessed files:  4 / 180 [----] ETA: 0s
[1A[Jprocessed files:  4 / 180 [----] ETA: 0s
[1A[Jprocessed files:  4 / 180 [----] ETA: 0s
[1A[Jprocessed files:  4 / 180 [----] ETA: 0s
[1A[Jprocessed files:  4 / 180 [----] ETA: 0s
[1A[Jprocessed files:  4 / 180 [----] ETA: 0s
[1A[Jprocessed files:  4 / 180 [----] ETA: 0s
[1A[Jprocessed files:  4 / 180 [----] ETA: 0s
[1A[Jprocessed files:  5 / 180 [----] ETA: 0s
[1A[Jprocessed files:  5 / 180 [----] ETA: 0s
[1A[Jprocessed files:  5 / 180 [----] ETA: 0s
[1A[Jprocessed files:  5 / 180 [----] ETA: 0s
[1A[Jprocessed files:  5 / 180 [----] ETA: 0s
[1A[Jprocessed files:  5 / 180 [----] ETA: 0s
[1A[Jprocessed files:  5 / 180 [----] ETA: 0s
[1A[Jprocessed files:  5 / 180 [----] ETA: 0s
[1A[Jprocessed files:  5 / 180 [----] ETA: 0s
[1A[Jprocessed files:  5 / 180 [----] ETA: 0s
[1A[Jprocessed files:  5 / 180 [----] ETA: 0s
[1A[Jprocessed files:  5 / 180 [----] ETA: 0s
[1A[Jprocessed files:  5 / 180 [----] ETA: 0s
[1A[Jprocessed files:  5 / 180 [----] ETA: 0s
[1A[Jprocessed files:  5 / 180 [----] ETA: 0s
[1A[Jprocessed files:  5 / 180 [----] ETA: 0s
[1A[Jprocessed files:  5 / 180 [----] ETA: 0s
[1A[Jprocessed files:  5 / 180 [----] ETA: 0s
[1A[Jprocessed files:  5 / 180 [----] ETA: 0s
[1A[Jprocessed files:  5 / 180 [----] ETA: 0s
[1A[Jprocessed files:  5 / 180 [----] ETA: 0s
[1A[Jprocessed files:  5 / 180 [----] ETA: 0s
[1A[Jprocessed files:  5 / 180 [----] ETA: 0s
[1A[Jprocessed files:  5 / 180 [----] ETA: 0s
[1A[Jprocessed files:  5 / 180 [----] ETA: 0s
[1A[Jprocessed files:  5 / 180 [----] ETA: 0s
[1A[Jprocessed files:  5 / 180 [----] ETA: 0s
[1A[Jprocessed files:  5 / 180 [----] ETA: 0s
[1A[Jprocessed files:  5 / 180 [----] ETA: 0s
[1A[Jprocessed files:  5 / 180 [----] ETA: 0s
[1A[Jprocessed files:  6 / 180 [----] ETA: 0s
[1A[Jprocessed files:  6 / 180 [----] ETA: 0s
[1A[Jprocessed files:  6 / 180 [----] ETA: 0s
[1A[Jprocessed files:  6 / 180 [----] ETA: 0s
[1A[Jprocessed files:  6 / 180 [----] ETA: 0s
[1A[Jprocessed files:  6 / 180 [----] ETA: 0s
[1A[Jprocessed files:  6 / 180 [----] ETA: 0s
[1A[Jprocessed files:  6 / 180 [----] ETA: 0s
[1A[Jprocessed files:  6 / 180 [----] ETA: 0s
[1A[Jprocessed files:  6 / 180 [----] ETA: 0s
[1A[Jprocessed files:  6 / 180 [----] ETA: 0s
[1A[Jprocessed files:  6 / 180 [----] ETA: 0s
[1A[Jprocessed files:  6 / 180 [----] ETA: 0s
[1A[Jprocessed files:  6 / 180 [----] ETA: 0s
[1A[Jprocessed files:  6 / 180 [----] ETA: 0s
[1A[Jprocessed files:  6 / 180 [----] ETA: 0s
[1A[Jprocessed files:  6 / 180 [----] ETA: 0s
[1A[Jprocessed files:  6 / 180 [----] ETA: 0s
[1A[Jprocessed files:  6 / 180 [----] ETA: 0s
[1A[Jprocessed files:  6 / 180 [----] ETA: 0s
[1A[Jprocessed files:  7 / 180 [----] ETA: 0s
[1A[Jprocessed files:  7 / 180 [----] ETA: 0s
[1A[Jprocessed files:  7 / 180 [----] ETA: 0s
[1A[Jprocessed files:  7 / 180 [----] ETA: 0s
[1A[Jprocessed files:  7 / 180 [----] ETA: 0s
[1A[Jprocessed files:  7 / 180 [----] ETA: 0s
[1A[Jprocessed files:  7 / 180 [----] ETA: 0s
[1A[Jprocessed files:  7 / 180 [----] ETA: 0s
[1A[Jprocessed files:  7 / 180 [----] ETA: 0s
[1A[Jprocessed files:  7 / 180 [----] ETA: 0s
[1A[Jprocessed files:  7 / 180 [----] ETA: 0s
[1A[Jprocessed files:  7 / 180 [----] ETA: 0s
[1A[Jprocessed files:  7 / 180 [----] ETA: 0s
[1A[Jprocessed files:  7 / 180 [----] ETA: 0s
[1A[Jprocessed files:  7 / 180 [----] ETA: 0s
[1A[Jprocessed files:  7 / 180 [----] ETA: 0s
[1A[Jprocessed files:  7 / 180 [----] ETA: 0s
[1A[Jprocessed files:  7 / 180 [----] ETA: 0s
[1A[Jprocessed files:  7 / 180 [----] ETA: 0s
[1A[Jprocessed files:  7 / 180 [----] ETA: 0s
[1A[Jprocessed files:  7 / 180 [----] ETA: 0s
[1A[Jprocessed files:  8 / 180 [----] ETA: 0s
[1A[Jprocessed files:  8 / 180 [----] ETA: 0s
[1A[Jprocessed files:  8 / 180 [----] ETA: 0s
[1A[Jprocessed files:  8 / 180 [----] ETA: 0s
[1A[Jprocessed files:  8 / 180 [----] ETA: 0s
[1A[Jprocessed files:  8 / 180 [----] ETA: 0s
[1A[Jprocessed files:  8 / 180 [----] ETA: 0s
[1A[Jprocessed files:  8 / 180 [----] ETA: 0s
[1A[Jprocessed files:  8 / 180 [----] ETA: 0s
[1A[Jprocessed files:  8 / 180 [----] ETA: 0s
[1A[Jprocessed files:  8 / 180 [----] ETA: 0s
[1A[Jprocessed files:  8 / 180 [----] ETA: 0s
[1A[Jprocessed files:  8 / 180 [----] ETA: 0s
[1A[Jprocessed files:  8 / 180 [----] ETA: 0s
[1A[Jprocessed files:  8 / 180 [----] ETA: 0s
[1A[Jprocessed files:  8 / 180 [----] ETA: 0s
[1A[Jprocessed files:  8 / 180 [----] ETA: 0s
[1A[Jprocessed files:  8 / 180 [----] ETA: 0s
[1A[Jprocessed files:  8 / 180 [----] ETA: 0s
[1A[Jprocessed files:  8 / 180 [----] ETA: 0s
[1A[Jprocessed files:  8 / 180 [----] ETA: 0s
[1A[Jprocessed files:  8 / 180 [----] ETA: 0s
[1A[Jprocessed files:  9 / 180 [----] ETA: 0s
[1A[Jprocessed files:  9 / 180 [----] ETA: 0s
[1A[Jprocessed files:  9 / 180 [----] ETA: 0s
[1A[Jprocessed files:  9 / 180 [----] ETA: 0s
[1A[Jprocessed files:  9 / 180 [----] ETA: 0s
[1A[Jprocessed files:  9 / 180 [----] ETA: 0s
[1A[Jprocessed files:  9 / 180 [----] ETA: 0s
[1A[Jprocessed files:  9 / 180 [----] ETA: 0s
[1A[Jprocessed files:  9 / 180 [----] ETA: 0s
[1A[Jprocessed files:  9 / 180 [----] ETA: 0s
[1A[Jprocessed files:  9 / 180 [----] ETA: 0s
[1A[Jprocessed files:  9 / 180 [----] ETA: 0s
[1A[Jprocessed files:  9 / 180 [----] ETA: 0s
[1A[Jprocessed files:  9 / 180 [----] ETA: 0s
[1A[Jprocessed files:  9 / 180 [----] ETA: 0s
[1A[Jprocessed files:  9 / 180 [----] ETA: 0s
[1A[Jprocessed files:  9 / 180 [----] ETA: 0s
[1A[Jprocessed files:  9 / 180 [----] ETA: 0s
[1A[Jprocessed files:  9 / 180 [----] ETA: 0s
[1A[Jprocessed files:  9 / 180 [----] ETA: 0s
[1A[Jprocessed files:  9 / 180 [----] ETA: 0s
[1A[Jprocessed files:  9 / 180 [----] ETA: 0s
[1A[Jprocessed files:  9 / 180 [----] ETA: 0s
[1A[Jprocessed files:  9 / 180 [----] ETA: 0s
[1A[Jprocessed files:  10 / 180 [---] ETA: 0s
[1A[Jprocessed files:  10 / 180 [---] ETA: 0s
[1A[Jprocessed files:  10 / 180 [---] ETA: 0s
[1A[Jprocessed files:  10 / 180 [---] ETA: 0s
[1A[Jprocessed files:  10 / 180 [---] ETA: 0s
[1A[Jprocessed files:  10 / 180 [---] ETA: 0s
[1A[Jprocessed files:  10 / 180 [---] ETA: 0s
[1A[Jprocessed files:  10 / 180 [---] ETA: 0s
[1A[Jprocessed files:  10 / 180 [---] ETA: 0s
[1A[Jprocessed files:  10 / 180 [---] ETA: 0s
[1A[Jprocessed files:  10 / 180 [---] ETA: 0s
[1A[Jprocessed files:  10 / 180 [---] ETA: 0s
[1A[Jprocessed files:  10 / 180 [---] ETA: 0s
[1A[Jprocessed files:  10 / 180 [---] ETA: 0s
[1A[Jprocessed files:  10 / 180 [---] ETA: 0s
[1A[Jprocessed files:  10 / 180 [---] ETA: 0s
[1A[Jprocessed files:  10 / 180 [---] ETA: 0s
[1A[Jprocessed files:  10 / 180 [---] ETA: 0s
[1A[Jprocessed files:  10 / 180 [---] ETA: 0s
[1A[Jprocessed files:  10 / 180 [---] ETA: 0s
[1A[Jprocessed files:  10 / 180 [---] ETA: 0s
[1A[Jprocessed files:  10 / 180 [---] ETA: 0s
[1A[Jprocessed files:  10 / 180 [---] ETA: 0s
[1A[Jprocessed files:  11 / 180 [] ETA: 7m35s
[1A[Jprocessed files:  11 / 180 [] ETA: 7m35s
[1A[Jprocessed files:  11 / 180 [] ETA: 7m35s
[1A[Jprocessed files:  11 / 180 [] ETA: 7m35s
[1A[Jprocessed files:  11 / 180 [] ETA: 7m35s
[1A[Jprocessed files:  11 / 180 [] ETA: 7m35s
[1A[Jprocessed files:  11 / 180 [] ETA: 7m35s
[1A[Jprocessed files:  11 / 180 [] ETA: 7m35s
[1A[Jprocessed files:  11 / 180 [] ETA: 7m35s
[1A[Jprocessed files:  11 / 180 [] ETA: 7m35s
[1A[Jprocessed files:  11 / 180 [] ETA: 7m35s
[1A[Jprocessed files:  11 / 180 [] ETA: 7m35s
[1A[Jprocessed files:  11 / 180 [] ETA: 7m35s
[1A[Jprocessed files:  11 / 180 [] ETA: 7m35s
[1A[Jprocessed files:  11 / 180 [] ETA: 7m35s
[1A[Jprocessed files:  11 / 180 [] ETA: 7m35s
[1A[Jprocessed files:  11 / 180 [] ETA: 7m35s
[1A[Jprocessed files:  11 / 180 [] ETA: 7m35s
[1A[Jprocessed files:  11 / 180 [] ETA: 7m35s
[1A[Jprocessed files:  11 / 180 [] ETA: 7m35s
[1A[Jprocessed files:  11 / 180 [] ETA: 7m35s
[1A[Jprocessed files:  11 / 180 [] ETA: 7m35s
[1A[Jprocessed files:  11 / 180 [] ETA: 7m35s
[1A[Jprocessed files:  11 / 180 [] ETA: 7m35s
[1A[Jprocessed files:  11 / 180 [] ETA: 7m35s
[1A[Jprocessed files:  12 / 180 [] ETA: 7m50s
[1A[Jprocessed files:  12 / 180 [] ETA: 7m50s
[1A[Jprocessed files:  12 / 180 [] ETA: 7m50s
[1A[Jprocessed files:  12 / 180 [] ETA: 7m50s
[1A[Jprocessed files:  12 / 180 [] ETA: 7m50s
[1A[Jprocessed files:  12 / 180 [] ETA: 7m50s
[1A[Jprocessed files:  12 / 180 [] ETA: 7m50s
[1A[Jprocessed files:  12 / 180 [] ETA: 7m50s
[1A[Jprocessed files:  12 / 180 [] ETA: 7m50s
[1A[Jprocessed files:  12 / 180 [] ETA: 7m50s
[1A[Jprocessed files:  12 / 180 [] ETA: 7m50s
[1A[Jprocessed files:  12 / 180 [] ETA: 7m50s
[1A[Jprocessed files:  12 / 180 [] ETA: 7m50s
[1A[Jprocessed files:  12 / 180 [] ETA: 7m50s
[1A[Jprocessed files:  12 / 180 [] ETA: 7m50s
[1A[Jprocessed files:  12 / 180 [] ETA: 7m50s
[1A[Jprocessed files:  12 / 180 [] ETA: 7m50s
[1A[Jprocessed files:  13 / 180 [-] ETA: 7m3s
[1A[Jprocessed files:  13 / 180 [-] ETA: 7m3s
[1A[Jprocessed files:  13 / 180 [-] ETA: 7m3s
[1A[Jprocessed files:  13 / 180 [-] ETA: 7m3s
[1A[Jprocessed files:  13 / 180 [-] ETA: 7m3s
[1A[Jprocessed files:  13 / 180 [-] ETA: 7m3s
[1A[Jprocessed files:  13 / 180 [-] ETA: 7m3s
[1A[Jprocessed files:  13 / 180 [-] ETA: 7m3s
[1A[Jprocessed files:  13 / 180 [-] ETA: 7m3s
[1A[Jprocessed files:  13 / 180 [-] ETA: 7m3s
[1A[Jprocessed files:  13 / 180 [-] ETA: 7m3s
[1A[Jprocessed files:  13 / 180 [-] ETA: 7m3s
[1A[Jprocessed files:  13 / 180 [-] ETA: 7m3s
[1A[Jprocessed files:  13 / 180 [-] ETA: 7m3s
[1A[Jprocessed files:  13 / 180 [-] ETA: 7m3s
[1A[Jprocessed files:  13 / 180 [-] ETA: 7m3s
[1A[Jprocessed files:  13 / 180 [-] ETA: 7m3s
[1A[Jprocessed files:  14 / 180 [] ETA: 6m39s
[1A[Jprocessed files:  14 / 180 [] ETA: 6m39s
[1A[Jprocessed files:  14 / 180 [] ETA: 6m39s
[1A[Jprocessed files:  14 / 180 [] ETA: 6m39s
[1A[Jprocessed files:  14 / 180 [] ETA: 6m39s
[1A[Jprocessed files:  14 / 180 [] ETA: 6m39s
[1A[Jprocessed files:  14 / 180 [] ETA: 6m39s
[1A[Jprocessed files:  14 / 180 [] ETA: 6m39s
[1A[Jprocessed files:  14 / 180 [] ETA: 6m39s
[1A[Jprocessed files:  14 / 180 [] ETA: 6m39s
[1A[Jprocessed files:  14 / 180 [] ETA: 6m39s
[1A[Jprocessed files:  14 / 180 [] ETA: 6m39s
[1A[Jprocessed files:  14 / 180 [] ETA: 6m39s
[1A[Jprocessed files:  14 / 180 [] ETA: 6m39s
[1A[Jprocessed files:  14 / 180 [] ETA: 6m39s
[1A[Jprocessed files:  14 / 180 [] ETA: 6m39s
[1A[Jprocessed files:  14 / 180 [] ETA: 6m39s
[1A[Jprocessed files:  14 / 180 [] ETA: 6m39s
[1A[Jprocessed files:  14 / 180 [] ETA: 6m39s
[1A[Jprocessed files:  14 / 180 [] ETA: 6m39s
[1A[Jprocessed files:  14 / 180 [] ETA: 6m39s
[1A[Jprocessed files:  14 / 180 [] ETA: 6m39s
[1A[Jprocessed files:  14 / 180 [] ETA: 6m39s
[1A[Jprocessed files:  14 / 180 [] ETA: 6m39s
[1A[Jprocessed files:  14 / 180 [] ETA: 6m39s
[1A[Jprocessed files:  14 / 180 [] ETA: 6m39s
[1A[Jprocessed files:  15 / 180 [] ETA: 7m15s
[1A[Jprocessed files:  15 / 180 [] ETA: 7m15s
[1A[Jprocessed files:  15 / 180 [] ETA: 7m15s
[1A[Jprocessed files:  15 / 180 [] ETA: 7m15s
[1A[Jprocessed files:  15 / 180 [] ETA: 7m15s
[1A[Jprocessed files:  15 / 180 [] ETA: 7m15s
[1A[Jprocessed files:  15 / 180 [] ETA: 7m15s
[1A[Jprocessed files:  15 / 180 [] ETA: 7m15s
[1A[Jprocessed files:  15 / 180 [] ETA: 7m15s
[1A[Jprocessed files:  15 / 180 [] ETA: 7m15s
[1A[Jprocessed files:  15 / 180 [] ETA: 7m15s
[1A[Jprocessed files:  15 / 180 [] ETA: 7m15s
[1A[Jprocessed files:  15 / 180 [] ETA: 7m15s
[1A[Jprocessed files:  15 / 180 [] ETA: 7m15s
[1A[Jprocessed files:  15 / 180 [] ETA: 7m15s
[1A[Jprocessed files:  15 / 180 [] ETA: 7m15s
[1A[Jprocessed files:  15 / 180 [] ETA: 7m15s
[1A[Jprocessed files:  15 / 180 [] ETA: 7m15s
[1A[Jprocessed files:  15 / 180 [] ETA: 7m15s
[1A[Jprocessed files:  15 / 180 [] ETA: 7m15s
[1A[Jprocessed files:  15 / 180 [] ETA: 7m15s
[1A[Jprocessed files:  15 / 180 [] ETA: 7m15s
[1A[Jprocessed files:  15 / 180 [] ETA: 7m15s
[1A[Jprocessed files:  15 / 180 [] ETA: 7m15s
[1A[Jprocessed files:  15 / 180 [] ETA: 7m15s
[1A[Jprocessed files:  15 / 180 [] ETA: 7m15s
[1A[Jprocessed files:  15 / 180 [] ETA: 7m15s
[1A[Jprocessed files:  15 / 180 [] ETA: 7m15s
[1A[Jprocessed files:  16 / 180 [] ETA: 7m48s
[1A[Jprocessed files:  16 / 180 [] ETA: 7m48s
[1A[Jprocessed files:  16 / 180 [] ETA: 7m48s
[1A[Jprocessed files:  16 / 180 [] ETA: 7m48s
[1A[Jprocessed files:  16 / 180 [] ETA: 7m48s
[1A[Jprocessed files:  16 / 180 [] ETA: 7m48s
[1A[Jprocessed files:  16 / 180 [] ETA: 7m48s
[1A[Jprocessed files:  16 / 180 [] ETA: 7m48s
[1A[Jprocessed files:  16 / 180 [] ETA: 7m48s
[1A[Jprocessed files:  16 / 180 [] ETA: 7m48s
[1A[Jprocessed files:  16 / 180 [] ETA: 7m48s
[1A[Jprocessed files:  16 / 180 [] ETA: 7m48s
[1A[Jprocessed files:  16 / 180 [] ETA: 7m48s
[1A[Jprocessed files:  16 / 180 [] ETA: 7m48s
[1A[Jprocessed files:  16 / 180 [] ETA: 7m48s
[1A[Jprocessed files:  16 / 180 [] ETA: 7m48s
[1A[Jprocessed files:  16 / 180 [] ETA: 7m48s
[1A[Jprocessed files:  16 / 180 [] ETA: 7m48s
[1A[Jprocessed files:  16 / 180 [] ETA: 7m48s
[1A[Jprocessed files:  16 / 180 [] ETA: 7m48s
[1A[Jprocessed files:  16 / 180 [] ETA: 7m48s
[1A[Jprocessed files:  16 / 180 [] ETA: 7m48s
[1A[Jprocessed files:  16 / 180 [] ETA: 7m48s
[1A[Jprocessed files:  16 / 180 [] ETA: 7m48s
[1A[Jprocessed files:  16 / 180 [] ETA: 7m48s
[1A[Jprocessed files:  16 / 180 [] ETA: 7m48s
[1A[Jprocessed files:  17 / 180 [-] ETA: 8m3s
[1A[Jprocessed files:  17 / 180 [-] ETA: 8m3s
[1A[Jprocessed files:  17 / 180 [-] ETA: 8m3s
[1A[Jprocessed files:  17 / 180 [-] ETA: 8m3s
[1A[Jprocessed files:  17 / 180 [-] ETA: 8m3s
[1A[Jprocessed files:  17 / 180 [-] ETA: 8m3s
[1A[Jprocessed files:  17 / 180 [-] ETA: 8m3s
[1A[Jprocessed files:  17 / 180 [-] ETA: 8m3s
[1A[Jprocessed files:  17 / 180 [-] ETA: 8m3s
[1A[Jprocessed files:  17 / 180 [-] ETA: 8m3s
[1A[Jprocessed files:  17 / 180 [-] ETA: 8m3s
[1A[Jprocessed files:  17 / 180 [-] ETA: 8m3s
[1A[Jprocessed files:  17 / 180 [-] ETA: 8m3s
[1A[Jprocessed files:  17 / 180 [-] ETA: 8m3s
[1A[Jprocessed files:  17 / 180 [-] ETA: 8m3s
[1A[Jprocessed files:  17 / 180 [-] ETA: 8m3s
[1A[Jprocessed files:  17 / 180 [-] ETA: 8m3s
[1A[Jprocessed files:  17 / 180 [-] ETA: 8m3s
[1A[Jprocessed files:  17 / 180 [-] ETA: 8m3s
[1A[Jprocessed files:  17 / 180 [-] ETA: 8m3s
[1A[Jprocessed files:  17 / 180 [-] ETA: 8m3s
[1A[Jprocessed files:  17 / 180 [-] ETA: 8m3s
[1A[Jprocessed files:  17 / 180 [-] ETA: 8m3s
[1A[Jprocessed files:  17 / 180 [-] ETA: 8m3s
[1A[Jprocessed files:  17 / 180 [-] ETA: 8m3s
[1A[Jprocessed files:  17 / 180 [-] ETA: 8m3s
[1A[Jprocessed files:  17 / 180 [-] ETA: 8m3s
[1A[Jprocessed files:  17 / 180 [-] ETA: 8m3s
[1A[Jprocessed files:  17 / 180 [-] ETA: 8m3s
[1A[Jprocessed files:  17 / 180 [-] ETA: 8m3s
[1A[Jprocessed files:  18 / 180 [] ETA: 8m32s
[1A[Jprocessed files:  18 / 180 [] ETA: 8m32s
[1A[Jprocessed files:  18 / 180 [] ETA: 8m32s
[1A[Jprocessed files:  18 / 180 [] ETA: 8m32s
[1A[Jprocessed files:  18 / 180 [] ETA: 8m32s
[1A[Jprocessed files:  18 / 180 [] ETA: 8m32s
[1A[Jprocessed files:  18 / 180 [] ETA: 8m32s
[1A[Jprocessed files:  18 / 180 [] ETA: 8m32s
[1A[Jprocessed files:  18 / 180 [] ETA: 8m32s
[1A[Jprocessed files:  18 / 180 [] ETA: 8m32s
[1A[Jprocessed files:  18 / 180 [] ETA: 8m32s
[1A[Jprocessed files:  18 / 180 [] ETA: 8m32s
[1A[Jprocessed files:  18 / 180 [] ETA: 8m32s
[1A[Jprocessed files:  18 / 180 [] ETA: 8m32s
[1A[Jprocessed files:  18 / 180 [] ETA: 8m32s
[1A[Jprocessed files:  18 / 180 [] ETA: 8m32s
[1A[Jprocessed files:  18 / 180 [] ETA: 8m32s
[1A[Jprocessed files:  18 / 180 [] ETA: 8m32s
[1A[Jprocessed files:  18 / 180 [] ETA: 8m32s
[1A[Jprocessed files:  18 / 180 [] ETA: 8m32s
[1A[Jprocessed files:  19 / 180 [] ETA: 7m51s
[1A[Jprocessed files:  19 / 180 [] ETA: 7m51s
[1A[Jprocessed files:  19 / 180 [] ETA: 7m51s
[1A[Jprocessed files:  19 / 180 [] ETA: 7m51s
[1A[Jprocessed files:  19 / 180 [] ETA: 7m51s
[1A[Jprocessed files:  19 / 180 [] ETA: 7m51s
[1A[Jprocessed files:  19 / 180 [] ETA: 7m51s
[1A[Jprocessed files:  19 / 180 [] ETA: 7m51s
[1A[Jprocessed files:  19 / 180 [] ETA: 7m51s
[1A[Jprocessed files:  19 / 180 [] ETA: 7m51s
[1A[Jprocessed files:  19 / 180 [] ETA: 7m51s
[1A[Jprocessed files:  19 / 180 [] ETA: 7m51s
[1A[Jprocessed files:  19 / 180 [] ETA: 7m51s
[1A[Jprocessed files:  19 / 180 [] ETA: 7m51s
[1A[Jprocessed files:  19 / 180 [] ETA: 7m51s
[1A[Jprocessed files:  19 / 180 [] ETA: 7m51s
[1A[Jprocessed files:  19 / 180 [] ETA: 7m51s
[1A[Jprocessed files:  19 / 180 [] ETA: 7m51s
[1A[Jprocessed files:  19 / 180 [] ETA: 7m51s
[1A[Jprocessed files:  19 / 180 [] ETA: 7m51s
[1A[Jprocessed files:  19 / 180 [] ETA: 7m51s
[1A[Jprocessed files:  19 / 180 [] ETA: 7m51s
[1A[Jprocessed files:  20 / 180 [] ETA: 7m33s
[1A[Jprocessed files:  20 / 180 [] ETA: 7m33s
[1A[Jprocessed files:  20 / 180 [] ETA: 7m33s
[1A[Jprocessed files:  20 / 180 [] ETA: 7m33s
[1A[Jprocessed files:  20 / 180 [] ETA: 7m33s
[1A[Jprocessed files:  20 / 180 [] ETA: 7m33s
[1A[Jprocessed files:  20 / 180 [] ETA: 7m33s
[1A[Jprocessed files:  20 / 180 [] ETA: 7m33s
[1A[Jprocessed files:  20 / 180 [] ETA: 7m33s
[1A[Jprocessed files:  20 / 180 [] ETA: 7m33s
[1A[Jprocessed files:  20 / 180 [] ETA: 7m33s
[1A[Jprocessed files:  20 / 180 [] ETA: 7m33s
[1A[Jprocessed files:  20 / 180 [] ETA: 7m33s
[1A[Jprocessed files:  20 / 180 [] ETA: 7m33s
[1A[Jprocessed files:  20 / 180 [] ETA: 7m33s
[1A[Jprocessed files:  20 / 180 [] ETA: 7m33s
[1A[Jprocessed files:  20 / 180 [] ETA: 7m33s
[1A[Jprocessed files:  20 / 180 [] ETA: 7m33s
[1A[Jprocessed files:  20 / 180 [] ETA: 7m33s
[1A[Jprocessed files:  20 / 180 [] ETA: 7m33s
[1A[Jprocessed files:  20 / 180 [] ETA: 7m33s
[1A[Jprocessed files:  20 / 180 [] ETA: 7m33s
[1A[Jprocessed files:  20 / 180 [] ETA: 7m33s
[1A[Jprocessed files:  20 / 180 [] ETA: 7m33s
[1A[Jprocessed files:  20 / 180 [] ETA: 7m33s
[1A[Jprocessed files:  20 / 180 [] ETA: 7m33s
[1A[Jprocessed files:  21 / 180 [] ETA: 7m43s
[1A[Jprocessed files:  21 / 180 [] ETA: 7m43s
[1A[Jprocessed files:  21 / 180 [] ETA: 7m43s
[1A[Jprocessed files:  21 / 180 [] ETA: 7m43s
[1A[Jprocessed files:  21 / 180 [] ETA: 7m43s
[1A[Jprocessed files:  21 / 180 [] ETA: 7m43s
[1A[Jprocessed files:  21 / 180 [] ETA: 7m43s
[1A[Jprocessed files:  21 / 180 [] ETA: 7m43s
[1A[Jprocessed files:  21 / 180 [] ETA: 7m43s
[1A[Jprocessed files:  21 / 180 [] ETA: 7m43s
[1A[Jprocessed files:  21 / 180 [] ETA: 7m43s
[1A[Jprocessed files:  21 / 180 [] ETA: 7m43s
[1A[Jprocessed files:  21 / 180 [] ETA: 7m43s
[1A[Jprocessed files:  21 / 180 [] ETA: 7m43s
[1A[Jprocessed files:  21 / 180 [] ETA: 7m43s
[1A[Jprocessed files:  21 / 180 [] ETA: 7m43s
[1A[Jprocessed files:  21 / 180 [] ETA: 7m43s
[1A[Jprocessed files:  21 / 180 [] ETA: 7m43s
[1A[Jprocessed files:  21 / 180 [] ETA: 7m43s
[1A[Jprocessed files:  21 / 180 [] ETA: 7m43s
[1A[Jprocessed files:  21 / 180 [] ETA: 7m43s
[1A[Jprocessed files:  21 / 180 [] ETA: 7m43s
[1A[Jprocessed files:  21 / 180 [] ETA: 7m43s
[1A[Jprocessed files:  21 / 180 [] ETA: 7m43s
[1A[Jprocessed files:  21 / 180 [] ETA: 7m43s
[1A[Jprocessed files:  21 / 180 [] ETA: 7m43s
[1A[Jprocessed files:  21 / 180 [] ETA: 7m43s
[1A[Jprocessed files:  21 / 180 [] ETA: 7m43s
[1A[Jprocessed files:  22 / 180 [-] ETA: 8m1s
[1A[Jprocessed files:  22 / 180 [-] ETA: 8m1s
[1A[Jprocessed files:  22 / 180 [-] ETA: 8m1s
[1A[Jprocessed files:  22 / 180 [-] ETA: 8m1s
[1A[Jprocessed files:  22 / 180 [-] ETA: 8m1s
[1A[Jprocessed files:  22 / 180 [-] ETA: 8m1s
[1A[Jprocessed files:  22 / 180 [-] ETA: 8m1s
[1A[Jprocessed files:  22 / 180 [-] ETA: 8m1s
[1A[Jprocessed files:  22 / 180 [-] ETA: 8m1s
[1A[Jprocessed files:  22 / 180 [-] ETA: 8m1s
[1A[Jprocessed files:  22 / 180 [-] ETA: 8m1s
[1A[Jprocessed files:  22 / 180 [-] ETA: 8m1s
[1A[Jprocessed files:  22 / 180 [-] ETA: 8m1s
[1A[Jprocessed files:  22 / 180 [-] ETA: 8m1s
[1A[Jprocessed files:  22 / 180 [-] ETA: 8m1s
[1A[Jprocessed files:  23 / 180 [] ETA: 6m57s
[1A[Jprocessed files:  23 / 180 [] ETA: 6m57s
[1A[Jprocessed files:  23 / 180 [] ETA: 6m57s
[1A[Jprocessed files:  23 / 180 [] ETA: 6m57s
[1A[Jprocessed files:  23 / 180 [] ETA: 6m57s
[1A[Jprocessed files:  23 / 180 [] ETA: 6m57s
[1A[Jprocessed files:  23 / 180 [] ETA: 6m57s
[1A[Jprocessed files:  23 / 180 [] ETA: 6m57s
[1A[Jprocessed files:  23 / 180 [] ETA: 6m57s
[1A[Jprocessed files:  23 / 180 [] ETA: 6m57s
[1A[Jprocessed files:  23 / 180 [] ETA: 6m57s
[1A[Jprocessed files:  23 / 180 [] ETA: 6m57s
[1A[Jprocessed files:  23 / 180 [] ETA: 6m57s
[1A[Jprocessed files:  23 / 180 [] ETA: 6m57s
[1A[Jprocessed files:  23 / 180 [] ETA: 6m57s
[1A[Jprocessed files:  23 / 180 [] ETA: 6m57s
[1A[Jprocessed files:  23 / 180 [] ETA: 6m57s
[1A[Jprocessed files:  24 / 180 [] ETA: 6m21s
[1A[Jprocessed files:  24 / 180 [] ETA: 6m21s
[1A[Jprocessed files:  24 / 180 [] ETA: 6m21s
[1A[Jprocessed files:  24 / 180 [] ETA: 6m21s
[1A[Jprocessed files:  24 / 180 [] ETA: 6m21s
[1A[Jprocessed files:  24 / 180 [] ETA: 6m21s
[1A[Jprocessed files:  24 / 180 [] ETA: 6m21s
[1A[Jprocessed files:  24 / 180 [] ETA: 6m21s
[1A[Jprocessed files:  24 / 180 [] ETA: 6m21s
[1A[Jprocessed files:  24 / 180 [] ETA: 6m21s
[1A[Jprocessed files:  24 / 180 [] ETA: 6m21s
[1A[Jprocessed files:  24 / 180 [] ETA: 6m21s
[1A[Jprocessed files:  24 / 180 [] ETA: 6m21s
[1A[Jprocessed files:  24 / 180 [] ETA: 6m21s
[1A[Jprocessed files:  24 / 180 [] ETA: 6m21s
[1A[Jprocessed files:  24 / 180 [] ETA: 6m21s
[1A[Jprocessed files:  24 / 180 [] ETA: 6m21s
[1A[Jprocessed files:  24 / 180 [] ETA: 6m21s
[1A[Jprocessed files:  24 / 180 [] ETA: 6m21s
[1A[Jprocessed files:  24 / 180 [] ETA: 6m21s
[1A[Jprocessed files:  24 / 180 [] ETA: 6m21s
[1A[Jprocessed files:  24 / 180 [] ETA: 6m21s
[1A[Jprocessed files:  25 / 180 [] ETA: 6m29s
[1A[Jprocessed files:  25 / 180 [] ETA: 6m29s
[1A[Jprocessed files:  25 / 180 [] ETA: 6m29s
[1A[Jprocessed files:  25 / 180 [] ETA: 6m29s
[1A[Jprocessed files:  25 / 180 [] ETA: 6m29s
[1A[Jprocessed files:  25 / 180 [] ETA: 6m29s
[1A[Jprocessed files:  25 / 180 [] ETA: 6m29s
[1A[Jprocessed files:  25 / 180 [] ETA: 6m29s
[1A[Jprocessed files:  25 / 180 [] ETA: 6m29s
[1A[Jprocessed files:  25 / 180 [] ETA: 6m29s
[1A[Jprocessed files:  25 / 180 [] ETA: 6m29s
[1A[Jprocessed files:  25 / 180 [] ETA: 6m29s
[1A[Jprocessed files:  25 / 180 [] ETA: 6m29s
[1A[Jprocessed files:  25 / 180 [] ETA: 6m29s
[1A[Jprocessed files:  25 / 180 [] ETA: 6m29s
[1A[Jprocessed files:  25 / 180 [] ETA: 6m29s
[1A[Jprocessed files:  25 / 180 [] ETA: 6m29s
[1A[Jprocessed files:  25 / 180 [] ETA: 6m29s
[1A[Jprocessed files:  25 / 180 [] ETA: 6m29s
[1A[Jprocessed files:  25 / 180 [] ETA: 6m29s
[1A[Jprocessed files:  25 / 180 [] ETA: 6m29s
[1A[Jprocessed files:  25 / 180 [] ETA: 6m29s
[1A[Jprocessed files:  25 / 180 [] ETA: 6m29s
[1A[Jprocessed files:  25 / 180 [] ETA: 6m29s
[1A[Jprocessed files:  26 / 180 [] ETA: 6m43s
[1A[Jprocessed files:  26 / 180 [] ETA: 6m43s
[1A[Jprocessed files:  26 / 180 [] ETA: 6m43s
[1A[Jprocessed files:  26 / 180 [] ETA: 6m43s
[1A[Jprocessed files:  26 / 180 [] ETA: 6m43s
[1A[Jprocessed files:  26 / 180 [] ETA: 6m43s
[1A[Jprocessed files:  26 / 180 [] ETA: 6m43s
[1A[Jprocessed files:  26 / 180 [] ETA: 6m43s
[1A[Jprocessed files:  26 / 180 [] ETA: 6m43s
[1A[Jprocessed files:  26 / 180 [] ETA: 6m43s
[1A[Jprocessed files:  26 / 180 [] ETA: 6m43s
[1A[Jprocessed files:  26 / 180 [] ETA: 6m43s
[1A[Jprocessed files:  26 / 180 [] ETA: 6m43s
[1A[Jprocessed files:  26 / 180 [] ETA: 6m43s
[1A[Jprocessed files:  26 / 180 [] ETA: 6m43s
[1A[Jprocessed files:  26 / 180 [] ETA: 6m43s
[1A[Jprocessed files:  26 / 180 [] ETA: 6m43s
[1A[Jprocessed files:  26 / 180 [] ETA: 6m43s
[1A[Jprocessed files:  26 / 180 [] ETA: 6m43s
[1A[Jprocessed files:  27 / 180 [] ETA: 6m23s
[1A[Jprocessed files:  27 / 180 [] ETA: 6m23s
[1A[Jprocessed files:  27 / 180 [] ETA: 6m23s
[1A[Jprocessed files:  27 / 180 [] ETA: 6m23s
[1A[Jprocessed files:  27 / 180 [] ETA: 6m23s
[1A[Jprocessed files:  27 / 180 [] ETA: 6m23s
[1A[Jprocessed files:  27 / 180 [] ETA: 6m23s
[1A[Jprocessed files:  27 / 180 [] ETA: 6m23s
[1A[Jprocessed files:  27 / 180 [] ETA: 6m23s
[1A[Jprocessed files:  27 / 180 [] ETA: 6m23s
[1A[Jprocessed files:  27 / 180 [] ETA: 6m23s
[1A[Jprocessed files:  27 / 180 [] ETA: 6m23s
[1A[Jprocessed files:  27 / 180 [] ETA: 6m23s
[1A[Jprocessed files:  27 / 180 [] ETA: 6m23s
[1A[Jprocessed files:  27 / 180 [] ETA: 6m23s
[1A[Jprocessed files:  27 / 180 [] ETA: 6m23s
[1A[Jprocessed files:  27 / 180 [] ETA: 6m23s
[1A[Jprocessed files:  27 / 180 [] ETA: 6m23s
[1A[Jprocessed files:  27 / 180 [] ETA: 6m23s
[1A[Jprocessed files:  27 / 180 [] ETA: 6m23s
[1A[Jprocessed files:  28 / 180 [] ETA: 6m17s
[1A[Jprocessed files:  28 / 180 [] ETA: 6m17s
[1A[Jprocessed files:  28 / 180 [] ETA: 6m17s
[1A[Jprocessed files:  28 / 180 [] ETA: 6m17s
[1A[Jprocessed files:  28 / 180 [] ETA: 6m17s
[1A[Jprocessed files:  28 / 180 [] ETA: 6m17s
[1A[Jprocessed files:  28 / 180 [] ETA: 6m17s
[1A[Jprocessed files:  28 / 180 [] ETA: 6m17s
[1A[Jprocessed files:  28 / 180 [] ETA: 6m17s
[1A[Jprocessed files:  28 / 180 [] ETA: 6m17s
[1A[Jprocessed files:  28 / 180 [] ETA: 6m17s
[1A[Jprocessed files:  28 / 180 [] ETA: 6m17s
[1A[Jprocessed files:  28 / 180 [] ETA: 6m17s
[1A[Jprocessed files:  28 / 180 [] ETA: 6m17s
[1A[Jprocessed files:  28 / 180 [] ETA: 6m17s
[1A[Jprocessed files:  28 / 180 [] ETA: 6m17s
[1A[Jprocessed files:  28 / 180 [] ETA: 6m17s
[1A[Jprocessed files:  28 / 180 [] ETA: 6m17s
[1A[Jprocessed files:  28 / 180 [] ETA: 6m17s
[1A[Jprocessed files:  28 / 180 [] ETA: 6m17s
[1A[Jprocessed files:  28 / 180 [] ETA: 6m17s
[1A[Jprocessed files:  28 / 180 [] ETA: 6m17s
[1A[Jprocessed files:  28 / 180 [] ETA: 6m17s
[1A[Jprocessed files:  28 / 180 [] ETA: 6m17s
[1A[Jprocessed files:  28 / 180 [] ETA: 6m17s
[1A[Jprocessed files:  28 / 180 [] ETA: 6m17s
[1A[Jprocessed files:  29 / 180 [] ETA: 6m48s
[1A[Jprocessed files:  29 / 180 [] ETA: 6m48s
[1A[Jprocessed files:  29 / 180 [] ETA: 6m48s
[1A[Jprocessed files:  29 / 180 [] ETA: 6m48s
[1A[Jprocessed files:  29 / 180 [] ETA: 6m48s
[1A[Jprocessed files:  29 / 180 [] ETA: 6m48s
[1A[Jprocessed files:  29 / 180 [] ETA: 6m48s
[1A[Jprocessed files:  29 / 180 [] ETA: 6m48s
[1A[Jprocessed files:  29 / 180 [] ETA: 6m48s
[1A[Jprocessed files:  29 / 180 [] ETA: 6m48s
[1A[Jprocessed files:  29 / 180 [] ETA: 6m48s
[1A[Jprocessed files:  29 / 180 [] ETA: 6m48s
[1A[Jprocessed files:  29 / 180 [] ETA: 6m48s
[1A[Jprocessed files:  29 / 180 [] ETA: 6m48s
[1A[Jprocessed files:  29 / 180 [] ETA: 6m48s
[1A[Jprocessed files:  29 / 180 [] ETA: 6m48s
[1A[Jprocessed files:  29 / 180 [] ETA: 6m48s
[1A[Jprocessed files:  29 / 180 [] ETA: 6m48s
[1A[Jprocessed files:  29 / 180 [] ETA: 6m48s
[1A[Jprocessed files:  29 / 180 [] ETA: 6m48s
[1A[Jprocessed files:  29 / 180 [] ETA: 6m48s
[1A[Jprocessed files:  29 / 180 [] ETA: 6m48s
[1A[Jprocessed files:  29 / 180 [] ETA: 6m48s
[1A[Jprocessed files:  29 / 180 [] ETA: 6m48s
[1A[Jprocessed files:  29 / 180 [] ETA: 6m48s
[1A[Jprocessed files:  29 / 180 [] ETA: 6m48s
[1A[Jprocessed files:  29 / 180 [] ETA: 6m48s
[1A[Jprocessed files:  29 / 180 [] ETA: 6m48s
[1A[Jprocessed files:  30 / 180 [] ETA: 7m17s
[1A[Jprocessed files:  30 / 180 [] ETA: 7m17s
[1A[Jprocessed files:  30 / 180 [] ETA: 7m17s
[1A[Jprocessed files:  30 / 180 [] ETA: 7m17s
[1A[Jprocessed files:  30 / 180 [] ETA: 7m17s
[1A[Jprocessed files:  30 / 180 [] ETA: 7m17s
[1A[Jprocessed files:  30 / 180 [] ETA: 7m17s
[1A[Jprocessed files:  30 / 180 [] ETA: 7m17s
[1A[Jprocessed files:  30 / 180 [] ETA: 7m17s
[1A[Jprocessed files:  30 / 180 [] ETA: 7m17s
[1A[Jprocessed files:  30 / 180 [] ETA: 7m17s
[1A[Jprocessed files:  30 / 180 [] ETA: 7m17s
[1A[Jprocessed files:  30 / 180 [] ETA: 7m17s
[1A[Jprocessed files:  30 / 180 [] ETA: 7m17s
[1A[Jprocessed files:  30 / 180 [] ETA: 7m17s
[1A[Jprocessed files:  30 / 180 [] ETA: 7m17s
[1A[Jprocessed files:  30 / 180 [] ETA: 7m17s
[1A[Jprocessed files:  30 / 180 [] ETA: 7m17s
[1A[Jprocessed files:  30 / 180 [] ETA: 7m17s
[1A[Jprocessed files:  30 / 180 [] ETA: 7m17s
[1A[Jprocessed files:  30 / 180 [] ETA: 7m17s
[1A[Jprocessed files:  30 / 180 [] ETA: 7m17s
[1A[Jprocessed files:  30 / 180 [] ETA: 7m17s
[1A[Jprocessed files:  30 / 180 [] ETA: 7m17s
[1A[Jprocessed files:  30 / 180 [] ETA: 7m17s
[1A[Jprocessed files:  30 / 180 [] ETA: 7m17s
[1A[Jprocessed files:  31 / 180 [] ETA: 7m21s
[1A[Jprocessed files:  31 / 180 [] ETA: 7m21s
[1A[Jprocessed files:  31 / 180 [] ETA: 7m21s
[1A[Jprocessed files:  31 / 180 [] ETA: 7m21s
[1A[Jprocessed files:  31 / 180 [] ETA: 7m21s
[1A[Jprocessed files:  31 / 180 [] ETA: 7m21s
[1A[Jprocessed files:  31 / 180 [] ETA: 7m21s
[1A[Jprocessed files:  31 / 180 [] ETA: 7m21s
[1A[Jprocessed files:  31 / 180 [] ETA: 7m21s
[1A[Jprocessed files:  31 / 180 [] ETA: 7m21s
[1A[Jprocessed files:  31 / 180 [] ETA: 7m21s
[1A[Jprocessed files:  31 / 180 [] ETA: 7m21s
[1A[Jprocessed files:  31 / 180 [] ETA: 7m21s
[1A[Jprocessed files:  31 / 180 [] ETA: 7m21s
[1A[Jprocessed files:  31 / 180 [] ETA: 7m21s
[1A[Jprocessed files:  31 / 180 [] ETA: 7m21s
[1A[Jprocessed files:  31 / 180 [] ETA: 7m21s
[1A[Jprocessed files:  31 / 180 [] ETA: 7m21s
[1A[Jprocessed files:  31 / 180 [] ETA: 7m21s
[1A[Jprocessed files:  31 / 180 [] ETA: 7m21s
[1A[Jprocessed files:  31 / 180 [] ETA: 7m21s
[1A[Jprocessed files:  31 / 180 [] ETA: 7m21s
[1A[Jprocessed files:  31 / 180 [] ETA: 7m21s
[1A[Jprocessed files:  31 / 180 [] ETA: 7m21s
[1A[Jprocessed files:  31 / 180 [] ETA: 7m21s
[1A[Jprocessed files:  31 / 180 [] ETA: 7m21s
[1A[Jprocessed files:  31 / 180 [] ETA: 7m21s
[1A[Jprocessed files:  32 / 180 [] ETA: 7m33s
[1A[Jprocessed files:  32 / 180 [] ETA: 7m33s
[1A[Jprocessed files:  32 / 180 [] ETA: 7m33s
[1A[Jprocessed files:  32 / 180 [] ETA: 7m33s
[1A[Jprocessed files:  32 / 180 [] ETA: 7m33s
[1A[Jprocessed files:  32 / 180 [] ETA: 7m33s
[1A[Jprocessed files:  32 / 180 [] ETA: 7m33s
[1A[Jprocessed files:  32 / 180 [] ETA: 7m33s
[1A[Jprocessed files:  32 / 180 [] ETA: 7m33s
[1A[Jprocessed files:  32 / 180 [] ETA: 7m33s
[1A[Jprocessed files:  32 / 180 [] ETA: 7m33s
[1A[Jprocessed files:  32 / 180 [] ETA: 7m33s
[1A[Jprocessed files:  32 / 180 [] ETA: 7m33s
[1A[Jprocessed files:  32 / 180 [] ETA: 7m33s
[1A[Jprocessed files:  32 / 180 [] ETA: 7m33s
[1A[Jprocessed files:  32 / 180 [] ETA: 7m33s
[1A[Jprocessed files:  32 / 180 [] ETA: 7m33s
[1A[Jprocessed files:  32 / 180 [] ETA: 7m33s
[1A[Jprocessed files:  32 / 180 [] ETA: 7m33s
[1A[Jprocessed files:  32 / 180 [] ETA: 7m33s
[1A[Jprocessed files:  32 / 180 [] ETA: 7m33s
[1A[Jprocessed files:  32 / 180 [] ETA: 7m33s
[1A[Jprocessed files:  32 / 180 [] ETA: 7m33s
[1A[Jprocessed files:  32 / 180 [] ETA: 7m33s
[1A[Jprocessed files:  32 / 180 [] ETA: 7m33s
[1A[Jprocessed files:  32 / 180 [] ETA: 7m33s
[1A[Jprocessed files:  33 / 180 [] ETA: 7m35s
[1A[Jprocessed files:  33 / 180 [] ETA: 7m35s
[1A[Jprocessed files:  33 / 180 [] ETA: 7m35s
[1A[Jprocessed files:  33 / 180 [] ETA: 7m35s
[1A[Jprocessed files:  33 / 180 [] ETA: 7m35s
[1A[Jprocessed files:  33 / 180 [] ETA: 7m35s
[1A[Jprocessed files:  33 / 180 [] ETA: 7m35s
[1A[Jprocessed files:  33 / 180 [] ETA: 7m35s
[1A[Jprocessed files:  33 / 180 [] ETA: 7m35s
[1A[Jprocessed files:  33 / 180 [] ETA: 7m35s
[1A[Jprocessed files:  33 / 180 [] ETA: 7m35s
[1A[Jprocessed files:  33 / 180 [] ETA: 7m35s
[1A[Jprocessed files:  33 / 180 [] ETA: 7m35s
[1A[Jprocessed files:  33 / 180 [] ETA: 7m35s
[1A[Jprocessed files:  33 / 180 [] ETA: 7m35s
[1A[Jprocessed files:  33 / 180 [] ETA: 7m35s
[1A[Jprocessed files:  33 / 180 [] ETA: 7m35s
[1A[Jprocessed files:  33 / 180 [] ETA: 7m35s
[1A[Jprocessed files:  33 / 180 [] ETA: 7m35s
[1A[Jprocessed files:  33 / 180 [] ETA: 7m35s
[1A[Jprocessed files:  33 / 180 [] ETA: 7m35s
[1A[Jprocessed files:  33 / 180 [] ETA: 7m35s
[1A[Jprocessed files:  33 / 180 [] ETA: 7m35s
[1A[Jprocessed files:  33 / 180 [] ETA: 7m35s
[1A[Jprocessed files:  33 / 180 [] ETA: 7m35s
[1A[Jprocessed files:  33 / 180 [] ETA: 7m35s
[1A[Jprocessed files:  33 / 180 [] ETA: 7m35s
[1A[Jprocessed files:  33 / 180 [] ETA: 7m35s
[1A[Jprocessed files:  33 / 180 [] ETA: 7m35s
[1A[Jprocessed files:  34 / 180 [] ETA: 7m47s
[1A[Jprocessed files:  34 / 180 [] ETA: 7m47s
[1A[Jprocessed files:  34 / 180 [] ETA: 7m47s
[1A[Jprocessed files:  34 / 180 [] ETA: 7m47s
[1A[Jprocessed files:  34 / 180 [] ETA: 7m47s
[1A[Jprocessed files:  34 / 180 [] ETA: 7m47s
[1A[Jprocessed files:  34 / 180 [] ETA: 7m47s
[1A[Jprocessed files:  34 / 180 [] ETA: 7m47s
[1A[Jprocessed files:  34 / 180 [] ETA: 7m47s
[1A[Jprocessed files:  34 / 180 [] ETA: 7m47s
[1A[Jprocessed files:  34 / 180 [] ETA: 7m47s
[1A[Jprocessed files:  34 / 180 [] ETA: 7m47s
[1A[Jprocessed files:  34 / 180 [] ETA: 7m47s
[1A[Jprocessed files:  34 / 180 [] ETA: 7m47s
[1A[Jprocessed files:  34 / 180 [] ETA: 7m47s
[1A[Jprocessed files:  34 / 180 [] ETA: 7m47s
[1A[Jprocessed files:  34 / 180 [] ETA: 7m47s
[1A[Jprocessed files:  34 / 180 [] ETA: 7m47s
[1A[Jprocessed files:  34 / 180 [] ETA: 7m47s
[1A[Jprocessed files:  34 / 180 [] ETA: 7m47s
[1A[Jprocessed files:  34 / 180 [] ETA: 7m47s
[1A[Jprocessed files:  34 / 180 [] ETA: 7m47s
[1A[Jprocessed files:  34 / 180 [] ETA: 7m47s
[1A[Jprocessed files:  34 / 180 [] ETA: 7m47s
[1A[Jprocessed files:  35 / 180 [] ETA: 7m28s
[1A[Jprocessed files:  35 / 180 [] ETA: 7m28s
[1A[Jprocessed files:  35 / 180 [] ETA: 7m28s
[1A[Jprocessed files:  35 / 180 [] ETA: 7m28s
[1A[Jprocessed files:  35 / 180 [] ETA: 7m28s
[1A[Jprocessed files:  35 / 180 [] ETA: 7m28s
[1A[Jprocessed files:  35 / 180 [] ETA: 7m28s
[1A[Jprocessed files:  35 / 180 [] ETA: 7m28s
[1A[Jprocessed files:  35 / 180 [] ETA: 7m28s
[1A[Jprocessed files:  35 / 180 [] ETA: 7m28s
[1A[Jprocessed files:  35 / 180 [] ETA: 7m28s
[1A[Jprocessed files:  35 / 180 [] ETA: 7m28s
[1A[Jprocessed files:  35 / 180 [] ETA: 7m28s
[1A[Jprocessed files:  35 / 180 [] ETA: 7m28s
[1A[Jprocessed files:  35 / 180 [] ETA: 7m28s
[1A[Jprocessed files:  35 / 180 [] ETA: 7m28s
[1A[Jprocessed files:  35 / 180 [] ETA: 7m28s
[1A[Jprocessed files:  35 / 180 [] ETA: 7m28s
[1A[Jprocessed files:  35 / 180 [] ETA: 7m28s
[1A[Jprocessed files:  35 / 180 [] ETA: 7m28s
[1A[Jprocessed files:  35 / 180 [] ETA: 7m28s
[1A[Jprocessed files:  35 / 180 [] ETA: 7m28s
[1A[Jprocessed files:  35 / 180 [] ETA: 7m28s
[1A[Jprocessed files:  35 / 180 [] ETA: 7m28s
[1A[Jprocessed files:  35 / 180 [] ETA: 7m28s
[1A[Jprocessed files:  36 / 180 [] ETA: 7m24s
[1A[Jprocessed files:  36 / 180 [] ETA: 7m24s
[1A[Jprocessed files:  36 / 180 [] ETA: 7m24s
[1A[Jprocessed files:  36 / 180 [] ETA: 7m24s
[1A[Jprocessed files:  36 / 180 [] ETA: 7m24s
[1A[Jprocessed files:  36 / 180 [] ETA: 7m24s
[1A[Jprocessed files:  36 / 180 [] ETA: 7m24s
[1A[Jprocessed files:  36 / 180 [] ETA: 7m24s
[1A[Jprocessed files:  36 / 180 [] ETA: 7m24s
[1A[Jprocessed files:  36 / 180 [] ETA: 7m24s
[1A[Jprocessed files:  36 / 180 [] ETA: 7m24s
[1A[Jprocessed files:  36 / 180 [] ETA: 7m24s
[1A[Jprocessed files:  36 / 180 [] ETA: 7m24s
[1A[Jprocessed files:  36 / 180 [] ETA: 7m24s
[1A[Jprocessed files:  36 / 180 [] ETA: 7m24s
[1A[Jprocessed files:  36 / 180 [] ETA: 7m24s
[1A[Jprocessed files:  36 / 180 [] ETA: 7m24s
[1A[Jprocessed files:  36 / 180 [] ETA: 7m24s
[1A[Jprocessed files:  36 / 180 [] ETA: 7m24s
[1A[Jprocessed files:  37 / 180 [] ETA: 6m42s
[1A[Jprocessed files:  37 / 180 [] ETA: 6m42s
[1A[Jprocessed files:  37 / 180 [] ETA: 6m42s
[1A[Jprocessed files:  37 / 180 [] ETA: 6m42s
[1A[Jprocessed files:  37 / 180 [] ETA: 6m42s
[1A[Jprocessed files:  37 / 180 [] ETA: 6m42s
[1A[Jprocessed files:  37 / 180 [] ETA: 6m42s
[1A[Jprocessed files:  37 / 180 [] ETA: 6m42s
[1A[Jprocessed files:  37 / 180 [] ETA: 6m42s
[1A[Jprocessed files:  37 / 180 [] ETA: 6m42s
[1A[Jprocessed files:  37 / 180 [] ETA: 6m42s
[1A[Jprocessed files:  37 / 180 [] ETA: 6m42s
[1A[Jprocessed files:  37 / 180 [] ETA: 6m42s
[1A[Jprocessed files:  37 / 180 [] ETA: 6m42s
[1A[Jprocessed files:  37 / 180 [] ETA: 6m42s
[1A[Jprocessed files:  37 / 180 [] ETA: 6m42s
[1A[Jprocessed files:  37 / 180 [] ETA: 6m42s
[1A[Jprocessed files:  37 / 180 [] ETA: 6m42s
[1A[Jprocessed files:  37 / 180 [] ETA: 6m42s
[1A[Jprocessed files:  37 / 180 [] ETA: 6m42s
[1A[Jprocessed files:  37 / 180 [] ETA: 6m42s
[1A[Jprocessed files:  38 / 180 [] ETA: 6m22s
[1A[Jprocessed files:  38 / 180 [] ETA: 6m22s
[1A[Jprocessed files:  38 / 180 [] ETA: 6m22s
[1A[Jprocessed files:  38 / 180 [] ETA: 6m22s
[1A[Jprocessed files:  38 / 180 [] ETA: 6m22s
[1A[Jprocessed files:  38 / 180 [] ETA: 6m22s
[1A[Jprocessed files:  38 / 180 [] ETA: 6m22s
[1A[Jprocessed files:  38 / 180 [] ETA: 6m22s
[1A[Jprocessed files:  38 / 180 [] ETA: 6m22s
[1A[Jprocessed files:  38 / 180 [] ETA: 6m22s
[1A[Jprocessed files:  38 / 180 [] ETA: 6m22s
[1A[Jprocessed files:  38 / 180 [] ETA: 6m22s
[1A[Jprocessed files:  38 / 180 [] ETA: 6m22s
[1A[Jprocessed files:  38 / 180 [] ETA: 6m22s
[1A[Jprocessed files:  38 / 180 [] ETA: 6m22s
[1A[Jprocessed files:  38 / 180 [] ETA: 6m22s
[1A[Jprocessed files:  38 / 180 [] ETA: 6m22s
[1A[Jprocessed files:  38 / 180 [] ETA: 6m22s
[1A[Jprocessed files:  39 / 180 [] ETA: 5m56s
[1A[Jprocessed files:  39 / 180 [] ETA: 5m56s
[1A[Jprocessed files:  39 / 180 [] ETA: 5m56s
[1A[Jprocessed files:  39 / 180 [] ETA: 5m56s
[1A[Jprocessed files:  39 / 180 [] ETA: 5m56s
[1A[Jprocessed files:  39 / 180 [] ETA: 5m56s
[1A[Jprocessed files:  39 / 180 [] ETA: 5m56s
[1A[Jprocessed files:  39 / 180 [] ETA: 5m56s
[1A[Jprocessed files:  39 / 180 [] ETA: 5m56s
[1A[Jprocessed files:  39 / 180 [] ETA: 5m56s
[1A[Jprocessed files:  39 / 180 [] ETA: 5m56s
[1A[Jprocessed files:  39 / 180 [] ETA: 5m56s
[1A[Jprocessed files:  39 / 180 [] ETA: 5m56s
[1A[Jprocessed files:  39 / 180 [] ETA: 5m56s
[1A[Jprocessed files:  39 / 180 [] ETA: 5m56s
[1A[Jprocessed files:  39 / 180 [] ETA: 5m56s
[1A[Jprocessed files:  39 / 180 [] ETA: 5m56s
[1A[Jprocessed files:  39 / 180 [] ETA: 5m56s
[1A[Jprocessed files:  39 / 180 [] ETA: 5m56s
[1A[Jprocessed files:  39 / 180 [] ETA: 5m56s
[1A[Jprocessed files:  40 / 180 [] ETA: 5m47s
[1A[Jprocessed files:  40 / 180 [] ETA: 5m47s
[1A[Jprocessed files:  40 / 180 [] ETA: 5m47s
[1A[Jprocessed files:  40 / 180 [] ETA: 5m47s
[1A[Jprocessed files:  40 / 180 [] ETA: 5m47s
[1A[Jprocessed files:  40 / 180 [] ETA: 5m47s
[1A[Jprocessed files:  40 / 180 [] ETA: 5m47s
[1A[Jprocessed files:  40 / 180 [] ETA: 5m47s
[1A[Jprocessed files:  40 / 180 [] ETA: 5m47s
[1A[Jprocessed files:  40 / 180 [] ETA: 5m47s
[1A[Jprocessed files:  40 / 180 [] ETA: 5m47s
[1A[Jprocessed files:  40 / 180 [] ETA: 5m47s
[1A[Jprocessed files:  40 / 180 [] ETA: 5m47s
[1A[Jprocessed files:  40 / 180 [] ETA: 5m47s
[1A[Jprocessed files:  40 / 180 [] ETA: 5m47s
[1A[Jprocessed files:  40 / 180 [] ETA: 5m47s
[1A[Jprocessed files:  40 / 180 [] ETA: 5m47s
[1A[Jprocessed files:  40 / 180 [] ETA: 5m47s
[1A[Jprocessed files:  40 / 180 [] ETA: 5m47s
[1A[Jprocessed files:  40 / 180 [] ETA: 5m47s
[1A[Jprocessed files:  40 / 180 [] ETA: 5m47s
[1A[Jprocessed files:  40 / 180 [] ETA: 5m47s
[1A[Jprocessed files:  40 / 180 [] ETA: 5m47s
[1A[Jprocessed files:  41 / 180 [-] ETA: 6m0s
[1A[Jprocessed files:  41 / 180 [-] ETA: 6m0s
[1A[Jprocessed files:  41 / 180 [-] ETA: 6m0s
[1A[Jprocessed files:  41 / 180 [-] ETA: 6m0s
[1A[Jprocessed files:  41 / 180 [-] ETA: 6m0s
[1A[Jprocessed files:  41 / 180 [-] ETA: 6m0s
[1A[Jprocessed files:  41 / 180 [-] ETA: 6m0s
[1A[Jprocessed files:  41 / 180 [-] ETA: 6m0s
[1A[Jprocessed files:  41 / 180 [-] ETA: 6m0s
[1A[Jprocessed files:  41 / 180 [-] ETA: 6m0s
[1A[Jprocessed files:  41 / 180 [-] ETA: 6m0s
[1A[Jprocessed files:  41 / 180 [-] ETA: 6m0s
[1A[Jprocessed files:  41 / 180 [-] ETA: 6m0s
[1A[Jprocessed files:  41 / 180 [-] ETA: 6m0s
[1A[Jprocessed files:  41 / 180 [-] ETA: 6m0s
[1A[Jprocessed files:  41 / 180 [-] ETA: 6m0s
[1A[Jprocessed files:  41 / 180 [-] ETA: 6m0s
[1A[Jprocessed files:  41 / 180 [-] ETA: 6m0s
[1A[Jprocessed files:  41 / 180 [-] ETA: 6m0s
[1A[Jprocessed files:  41 / 180 [-] ETA: 6m0s
[1A[Jprocessed files:  41 / 180 [-] ETA: 6m0s
[1A[Jprocessed files:  41 / 180 [-] ETA: 6m0s
[1A[Jprocessed files:  41 / 180 [-] ETA: 6m0s
[1A[Jprocessed files:  41 / 180 [-] ETA: 6m0s
[1A[Jprocessed files:  41 / 180 [-] ETA: 6m0s
[1A[Jprocessed files:  41 / 180 [-] ETA: 6m0s
[1A[Jprocessed files:  42 / 180 [] ETA: 6m18s
[1A[Jprocessed files:  42 / 180 [] ETA: 6m18s
[1A[Jprocessed files:  42 / 180 [] ETA: 6m18s
[1A[Jprocessed files:  42 / 180 [] ETA: 6m18s
[1A[Jprocessed files:  42 / 180 [] ETA: 6m18s
[1A[Jprocessed files:  42 / 180 [] ETA: 6m18s
[1A[Jprocessed files:  42 / 180 [] ETA: 6m18s
[1A[Jprocessed files:  42 / 180 [] ETA: 6m18s
[1A[Jprocessed files:  42 / 180 [] ETA: 6m18s
[1A[Jprocessed files:  42 / 180 [] ETA: 6m18s
[1A[Jprocessed files:  42 / 180 [] ETA: 6m18s
[1A[Jprocessed files:  42 / 180 [] ETA: 6m18s
[1A[Jprocessed files:  42 / 180 [] ETA: 6m18s
[1A[Jprocessed files:  42 / 180 [] ETA: 6m18s
[1A[Jprocessed files:  42 / 180 [] ETA: 6m18s
[1A[Jprocessed files:  42 / 180 [] ETA: 6m18s
[1A[Jprocessed files:  42 / 180 [] ETA: 6m18s
[1A[Jprocessed files:  42 / 180 [] ETA: 6m18s
[1A[Jprocessed files:  42 / 180 [] ETA: 6m18s
[1A[Jprocessed files:  42 / 180 [] ETA: 6m18s
[1A[Jprocessed files:  42 / 180 [] ETA: 6m18s
[1A[Jprocessed files:  42 / 180 [] ETA: 6m18s
[1A[Jprocessed files:  42 / 180 [] ETA: 6m18s
[1A[Jprocessed files:  43 / 180 [] ETA: 6m18s
[1A[Jprocessed files:  43 / 180 [] ETA: 6m18s
[1A[Jprocessed files:  43 / 180 [] ETA: 6m18s
[1A[Jprocessed files:  43 / 180 [] ETA: 6m18s
[1A[Jprocessed files:  43 / 180 [] ETA: 6m18s
[1A[Jprocessed files:  43 / 180 [] ETA: 6m18s
[1A[Jprocessed files:  43 / 180 [] ETA: 6m18s
[1A[Jprocessed files:  43 / 180 [] ETA: 6m18s
[1A[Jprocessed files:  43 / 180 [] ETA: 6m18s
[1A[Jprocessed files:  43 / 180 [] ETA: 6m18s
[1A[Jprocessed files:  43 / 180 [] ETA: 6m18s
[1A[Jprocessed files:  43 / 180 [] ETA: 6m18s
[1A[Jprocessed files:  43 / 180 [] ETA: 6m18s
[1A[Jprocessed files:  43 / 180 [] ETA: 6m18s
[1A[Jprocessed files:  43 / 180 [] ETA: 6m18s
[1A[Jprocessed files:  43 / 180 [] ETA: 6m18s
[1A[Jprocessed files:  43 / 180 [] ETA: 6m18s
[1A[Jprocessed files:  43 / 180 [] ETA: 6m18s
[1A[Jprocessed files:  43 / 180 [] ETA: 6m18s
[1A[Jprocessed files:  43 / 180 [] ETA: 6m18s
[1A[Jprocessed files:  43 / 180 [] ETA: 6m18s
[1A[Jprocessed files:  43 / 180 [] ETA: 6m18s
[1A[Jprocessed files:  43 / 180 [] ETA: 6m18s
[1A[Jprocessed files:  43 / 180 [] ETA: 6m18s
[1A[Jprocessed files:  43 / 180 [] ETA: 6m18s
[1A[Jprocessed files:  44 / 180 [] ETA: 6m28s
[1A[Jprocessed files:  44 / 180 [] ETA: 6m28s
[1A[Jprocessed files:  44 / 180 [] ETA: 6m28s
[1A[Jprocessed files:  44 / 180 [] ETA: 6m28s
[1A[Jprocessed files:  44 / 180 [] ETA: 6m28s
[1A[Jprocessed files:  44 / 180 [] ETA: 6m28s
[1A[Jprocessed files:  44 / 180 [] ETA: 6m28s
[1A[Jprocessed files:  44 / 180 [] ETA: 6m28s
[1A[Jprocessed files:  44 / 180 [] ETA: 6m28s
[1A[Jprocessed files:  44 / 180 [] ETA: 6m28s
[1A[Jprocessed files:  44 / 180 [] ETA: 6m28s
[1A[Jprocessed files:  44 / 180 [] ETA: 6m28s
[1A[Jprocessed files:  44 / 180 [] ETA: 6m28s
[1A[Jprocessed files:  44 / 180 [] ETA: 6m28s
[1A[Jprocessed files:  44 / 180 [] ETA: 6m28s
[1A[Jprocessed files:  44 / 180 [] ETA: 6m28s
[1A[Jprocessed files:  44 / 180 [] ETA: 6m28s
[1A[Jprocessed files:  44 / 180 [] ETA: 6m28s
[1A[Jprocessed files:  44 / 180 [] ETA: 6m28s
[1A[Jprocessed files:  44 / 180 [] ETA: 6m28s
[1A[Jprocessed files:  44 / 180 [] ETA: 6m28s
[1A[Jprocessed files:  44 / 180 [] ETA: 6m28s
[1A[Jprocessed files:  45 / 180 [] ETA: 6m11s
[1A[Jprocessed files:  45 / 180 [] ETA: 6m11s
[1A[Jprocessed files:  45 / 180 [] ETA: 6m11s
[1A[Jprocessed files:  45 / 180 [] ETA: 6m11s
[1A[Jprocessed files:  45 / 180 [] ETA: 6m11s
[1A[Jprocessed files:  45 / 180 [] ETA: 6m11s
[1A[Jprocessed files:  45 / 180 [] ETA: 6m11s
[1A[Jprocessed files:  45 / 180 [] ETA: 6m11s
[1A[Jprocessed files:  45 / 180 [] ETA: 6m11s
[1A[Jprocessed files:  45 / 180 [] ETA: 6m11s
[1A[Jprocessed files:  45 / 180 [] ETA: 6m11s
[1A[Jprocessed files:  45 / 180 [] ETA: 6m11s
[1A[Jprocessed files:  45 / 180 [] ETA: 6m11s
[1A[Jprocessed files:  45 / 180 [] ETA: 6m11s
[1A[Jprocessed files:  45 / 180 [] ETA: 6m11s
[1A[Jprocessed files:  45 / 180 [] ETA: 6m11s
[1A[Jprocessed files:  45 / 180 [] ETA: 6m11s
[1A[Jprocessed files:  45 / 180 [] ETA: 6m11s
[1A[Jprocessed files:  45 / 180 [] ETA: 6m11s
[1A[Jprocessed files:  45 / 180 [] ETA: 6m11s
[1A[Jprocessed files:  45 / 180 [] ETA: 6m11s
[1A[Jprocessed files:  45 / 180 [] ETA: 6m11s
[1A[Jprocessed files:  46 / 180 [-] ETA: 6m4s
[1A[Jprocessed files:  46 / 180 [-] ETA: 6m4s
[1A[Jprocessed files:  46 / 180 [-] ETA: 6m4s
[1A[Jprocessed files:  46 / 180 [-] ETA: 6m4s
[1A[Jprocessed files:  46 / 180 [-] ETA: 6m4s
[1A[Jprocessed files:  46 / 180 [-] ETA: 6m4s
[1A[Jprocessed files:  46 / 180 [-] ETA: 6m4s
[1A[Jprocessed files:  46 / 180 [-] ETA: 6m4s
[1A[Jprocessed files:  46 / 180 [-] ETA: 6m4s
[1A[Jprocessed files:  46 / 180 [-] ETA: 6m4s
[1A[Jprocessed files:  46 / 180 [-] ETA: 6m4s
[1A[Jprocessed files:  46 / 180 [-] ETA: 6m4s
[1A[Jprocessed files:  46 / 180 [-] ETA: 6m4s
[1A[Jprocessed files:  46 / 180 [-] ETA: 6m4s
[1A[Jprocessed files:  46 / 180 [-] ETA: 6m4s
[1A[Jprocessed files:  46 / 180 [-] ETA: 6m4s
[1A[Jprocessed files:  46 / 180 [-] ETA: 6m4s
[1A[Jprocessed files:  46 / 180 [-] ETA: 6m4s
[1A[Jprocessed files:  46 / 180 [-] ETA: 6m4s
[1A[Jprocessed files:  46 / 180 [-] ETA: 6m4s
[1A[Jprocessed files:  46 / 180 [-] ETA: 6m4s
[1A[Jprocessed files:  46 / 180 [-] ETA: 6m4s
[1A[Jprocessed files:  46 / 180 [-] ETA: 6m4s
[1A[Jprocessed files:  46 / 180 [-] ETA: 6m4s
[1A[Jprocessed files:  47 / 180 [] ETA: 6m11s
[1A[Jprocessed files:  47 / 180 [] ETA: 6m11s
[1A[Jprocessed files:  47 / 180 [] ETA: 6m11s
[1A[Jprocessed files:  47 / 180 [] ETA: 6m11s
[1A[Jprocessed files:  47 / 180 [] ETA: 6m11s
[1A[Jprocessed files:  47 / 180 [] ETA: 6m11s
[1A[Jprocessed files:  47 / 180 [] ETA: 6m11s
[1A[Jprocessed files:  47 / 180 [] ETA: 6m11s
[1A[Jprocessed files:  47 / 180 [] ETA: 6m11s
[1A[Jprocessed files:  47 / 180 [] ETA: 6m11s
[1A[Jprocessed files:  47 / 180 [] ETA: 6m11s
[1A[Jprocessed files:  47 / 180 [] ETA: 6m11s
[1A[Jprocessed files:  47 / 180 [] ETA: 6m11s
[1A[Jprocessed files:  47 / 180 [] ETA: 6m11s
[1A[Jprocessed files:  47 / 180 [] ETA: 6m11s
[1A[Jprocessed files:  47 / 180 [] ETA: 6m11s
[1A[Jprocessed files:  47 / 180 [] ETA: 6m11s
[1A[Jprocessed files:  47 / 180 [] ETA: 6m11s
[1A[Jprocessed files:  47 / 180 [] ETA: 6m11s
[1A[Jprocessed files:  47 / 180 [] ETA: 6m11s
[1A[Jprocessed files:  47 / 180 [] ETA: 6m11s
[1A[Jprocessed files:  47 / 180 [] ETA: 6m11s
[1A[Jprocessed files:  47 / 180 [] ETA: 6m11s
[1A[Jprocessed files:  47 / 180 [] ETA: 6m11s
[1A[Jprocessed files:  47 / 180 [] ETA: 6m11s
[1A[Jprocessed files:  47 / 180 [] ETA: 6m11s
[1A[Jprocessed files:  47 / 180 [] ETA: 6m11s
[1A[Jprocessed files:  48 / 180 [] ETA: 6m29s
[1A[Jprocessed files:  48 / 180 [] ETA: 6m29s
[1A[Jprocessed files:  48 / 180 [] ETA: 6m29s
[1A[Jprocessed files:  48 / 180 [] ETA: 6m29s
[1A[Jprocessed files:  48 / 180 [] ETA: 6m29s
[1A[Jprocessed files:  48 / 180 [] ETA: 6m29s
[1A[Jprocessed files:  48 / 180 [] ETA: 6m29s
[1A[Jprocessed files:  48 / 180 [] ETA: 6m29s
[1A[Jprocessed files:  48 / 180 [] ETA: 6m29s
[1A[Jprocessed files:  48 / 180 [] ETA: 6m29s
[1A[Jprocessed files:  48 / 180 [] ETA: 6m29s
[1A[Jprocessed files:  48 / 180 [] ETA: 6m29s
[1A[Jprocessed files:  48 / 180 [] ETA: 6m29s
[1A[Jprocessed files:  48 / 180 [] ETA: 6m29s
[1A[Jprocessed files:  48 / 180 [] ETA: 6m29s
[1A[Jprocessed files:  48 / 180 [] ETA: 6m29s
[1A[Jprocessed files:  48 / 180 [] ETA: 6m29s
[1A[Jprocessed files:  48 / 180 [] ETA: 6m29s
[1A[Jprocessed files:  49 / 180 [] ETA: 5m50s
[1A[Jprocessed files:  49 / 180 [] ETA: 5m50s
[1A[Jprocessed files:  49 / 180 [] ETA: 5m50s
[1A[Jprocessed files:  49 / 180 [] ETA: 5m50s
[1A[Jprocessed files:  49 / 180 [] ETA: 5m50s
[1A[Jprocessed files:  49 / 180 [] ETA: 5m50s
[1A[Jprocessed files:  49 / 180 [] ETA: 5m50s
[1A[Jprocessed files:  49 / 180 [] ETA: 5m50s
[1A[Jprocessed files:  49 / 180 [] ETA: 5m50s
[1A[Jprocessed files:  49 / 180 [] ETA: 5m50s
[1A[Jprocessed files:  49 / 180 [] ETA: 5m50s
[1A[Jprocessed files:  49 / 180 [] ETA: 5m50s
[1A[Jprocessed files:  49 / 180 [] ETA: 5m50s
[1A[Jprocessed files:  49 / 180 [] ETA: 5m50s
[1A[Jprocessed files:  49 / 180 [] ETA: 5m50s
[1A[Jprocessed files:  49 / 180 [] ETA: 5m50s
[1A[Jprocessed files:  49 / 180 [] ETA: 5m50s
[1A[Jprocessed files:  49 / 180 [] ETA: 5m50s
[1A[Jprocessed files:  49 / 180 [] ETA: 5m50s
[1A[Jprocessed files:  50 / 180 [] ETA: 5m29s
[1A[Jprocessed files:  50 / 180 [] ETA: 5m29s
[1A[Jprocessed files:  50 / 180 [] ETA: 5m29s
[1A[Jprocessed files:  50 / 180 [] ETA: 5m29s
[1A[Jprocessed files:  50 / 180 [] ETA: 5m29s
[1A[Jprocessed files:  50 / 180 [] ETA: 5m29s
[1A[Jprocessed files:  50 / 180 [] ETA: 5m29s
[1A[Jprocessed files:  50 / 180 [] ETA: 5m29s
[1A[Jprocessed files:  50 / 180 [] ETA: 5m29s
[1A[Jprocessed files:  50 / 180 [] ETA: 5m29s
[1A[Jprocessed files:  50 / 180 [] ETA: 5m29s
[1A[Jprocessed files:  50 / 180 [] ETA: 5m29s
[1A[Jprocessed files:  50 / 180 [] ETA: 5m29s
[1A[Jprocessed files:  50 / 180 [] ETA: 5m29s
[1A[Jprocessed files:  50 / 180 [] ETA: 5m29s
[1A[Jprocessed files:  50 / 180 [] ETA: 5m29s
[1A[Jprocessed files:  50 / 180 [] ETA: 5m29s
[1A[Jprocessed files:  50 / 180 [] ETA: 5m29s
[1A[Jprocessed files:  50 / 180 [] ETA: 5m29s
[1A[Jprocessed files:  50 / 180 [] ETA: 5m29s
[1A[Jprocessed files:  50 / 180 [] ETA: 5m29s
[1A[Jprocessed files:  50 / 180 [] ETA: 5m29s
[1A[Jprocessed files:  50 / 180 [] ETA: 5m29s
[1A[Jprocessed files:  51 / 180 [] ETA: 5m37s
[1A[Jprocessed files:  51 / 180 [] ETA: 5m37s
[1A[Jprocessed files:  51 / 180 [] ETA: 5m37s
[1A[Jprocessed files:  51 / 180 [] ETA: 5m37s
[1A[Jprocessed files:  51 / 180 [] ETA: 5m37s
[1A[Jprocessed files:  51 / 180 [] ETA: 5m37s
[1A[Jprocessed files:  51 / 180 [] ETA: 5m37s
[1A[Jprocessed files:  51 / 180 [] ETA: 5m37s
[1A[Jprocessed files:  51 / 180 [] ETA: 5m37s
[1A[Jprocessed files:  51 / 180 [] ETA: 5m37s
[1A[Jprocessed files:  51 / 180 [] ETA: 5m37s
[1A[Jprocessed files:  51 / 180 [] ETA: 5m37s
[1A[Jprocessed files:  51 / 180 [] ETA: 5m37s
[1A[Jprocessed files:  51 / 180 [] ETA: 5m37s
[1A[Jprocessed files:  51 / 180 [] ETA: 5m37s
[1A[Jprocessed files:  51 / 180 [] ETA: 5m37s
[1A[Jprocessed files:  51 / 180 [] ETA: 5m37s
[1A[Jprocessed files:  51 / 180 [] ETA: 5m37s
[1A[Jprocessed files:  51 / 180 [] ETA: 5m37s
[1A[Jprocessed files:  51 / 180 [] ETA: 5m37s
[1A[Jprocessed files:  51 / 180 [] ETA: 5m37s
[1A[Jprocessed files:  51 / 180 [] ETA: 5m37s
[1A[Jprocessed files:  51 / 180 [] ETA: 5m37s
[1A[Jprocessed files:  51 / 180 [] ETA: 5m37s
[1A[Jprocessed files:  51 / 180 [] ETA: 5m37s
[1A[Jprocessed files:  52 / 180 [] ETA: 5m52s
[1A[Jprocessed files:  52 / 180 [] ETA: 5m52s
[1A[Jprocessed files:  52 / 180 [] ETA: 5m52s
[1A[Jprocessed files:  52 / 180 [] ETA: 5m52s
[1A[Jprocessed files:  52 / 180 [] ETA: 5m52s
[1A[Jprocessed files:  52 / 180 [] ETA: 5m52s
[1A[Jprocessed files:  52 / 180 [] ETA: 5m52s
[1A[Jprocessed files:  52 / 180 [] ETA: 5m52s
[1A[Jprocessed files:  52 / 180 [] ETA: 5m52s
[1A[Jprocessed files:  52 / 180 [] ETA: 5m52s
[1A[Jprocessed files:  52 / 180 [] ETA: 5m52s
[1A[Jprocessed files:  52 / 180 [] ETA: 5m52s
[1A[Jprocessed files:  52 / 180 [] ETA: 5m52s
[1A[Jprocessed files:  52 / 180 [] ETA: 5m52s
[1A[Jprocessed files:  52 / 180 [] ETA: 5m52s
[1A[Jprocessed files:  52 / 180 [] ETA: 5m52s
[1A[Jprocessed files:  52 / 180 [] ETA: 5m52s
[1A[Jprocessed files:  52 / 180 [] ETA: 5m52s
[1A[Jprocessed files:  52 / 180 [] ETA: 5m52s
[1A[Jprocessed files:  52 / 180 [] ETA: 5m52s
[1A[Jprocessed files:  52 / 180 [] ETA: 5m52s
[1A[Jprocessed files:  53 / 180 [] ETA: 5m38s
[1A[Jprocessed files:  53 / 180 [] ETA: 5m38s
[1A[Jprocessed files:  53 / 180 [] ETA: 5m38s
[1A[Jprocessed files:  53 / 180 [] ETA: 5m38s
[1A[Jprocessed files:  53 / 180 [] ETA: 5m38s
[1A[Jprocessed files:  53 / 180 [] ETA: 5m38s
[1A[Jprocessed files:  53 / 180 [] ETA: 5m38s
[1A[Jprocessed files:  53 / 180 [] ETA: 5m38s
[1A[Jprocessed files:  53 / 180 [] ETA: 5m38s
[1A[Jprocessed files:  53 / 180 [] ETA: 5m38s
[1A[Jprocessed files:  53 / 180 [] ETA: 5m38s
[1A[Jprocessed files:  53 / 180 [] ETA: 5m38s
[1A[Jprocessed files:  53 / 180 [] ETA: 5m38s
[1A[Jprocessed files:  53 / 180 [] ETA: 5m38s
[1A[Jprocessed files:  53 / 180 [] ETA: 5m38s
[1A[Jprocessed files:  53 / 180 [] ETA: 5m38s
[1A[Jprocessed files:  53 / 180 [] ETA: 5m38s
[1A[Jprocessed files:  53 / 180 [] ETA: 5m38s
[1A[Jprocessed files:  53 / 180 [] ETA: 5m38s
[1A[Jprocessed files:  53 / 180 [] ETA: 5m38s
[1A[Jprocessed files:  53 / 180 [] ETA: 5m38s
[1A[Jprocessed files:  53 / 180 [] ETA: 5m38s
[1A[Jprocessed files:  54 / 180 [] ETA: 5m35s
[1A[Jprocessed files:  54 / 180 [] ETA: 5m35s
[1A[Jprocessed files:  54 / 180 [] ETA: 5m35s
[1A[Jprocessed files:  54 / 180 [] ETA: 5m35s
[1A[Jprocessed files:  54 / 180 [] ETA: 5m35s
[1A[Jprocessed files:  54 / 180 [] ETA: 5m35s
[1A[Jprocessed files:  54 / 180 [] ETA: 5m35s
[1A[Jprocessed files:  54 / 180 [] ETA: 5m35s
[1A[Jprocessed files:  54 / 180 [] ETA: 5m35s
[1A[Jprocessed files:  54 / 180 [] ETA: 5m35s
[1A[Jprocessed files:  54 / 180 [] ETA: 5m35s
[1A[Jprocessed files:  54 / 180 [] ETA: 5m35s
[1A[Jprocessed files:  54 / 180 [] ETA: 5m35s
[1A[Jprocessed files:  54 / 180 [] ETA: 5m35s
[1A[Jprocessed files:  54 / 180 [] ETA: 5m35s
[1A[Jprocessed files:  54 / 180 [] ETA: 5m35s
[1A[Jprocessed files:  54 / 180 [] ETA: 5m35s
[1A[Jprocessed files:  54 / 180 [] ETA: 5m35s
[1A[Jprocessed files:  54 / 180 [] ETA: 5m35s
[1A[Jprocessed files:  54 / 180 [] ETA: 5m35s
[1A[Jprocessed files:  54 / 180 [] ETA: 5m35s
[1A[Jprocessed files:  54 / 180 [] ETA: 5m35s
[1A[Jprocessed files:  54 / 180 [] ETA: 5m35s
[1A[Jprocessed files:  55 / 180 [] ETA: 5m36s
[1A[Jprocessed files:  55 / 180 [] ETA: 5m36s
[1A[Jprocessed files:  55 / 180 [] ETA: 5m36s
[1A[Jprocessed files:  55 / 180 [] ETA: 5m36s
[1A[Jprocessed files:  55 / 180 [] ETA: 5m36s
[1A[Jprocessed files:  55 / 180 [] ETA: 5m36s
[1A[Jprocessed files:  55 / 180 [] ETA: 5m36s
[1A[Jprocessed files:  55 / 180 [] ETA: 5m36s
[1A[Jprocessed files:  55 / 180 [] ETA: 5m36s
[1A[Jprocessed files:  55 / 180 [] ETA: 5m36s
[1A[Jprocessed files:  55 / 180 [] ETA: 5m36s
[1A[Jprocessed files:  55 / 180 [] ETA: 5m36s
[1A[Jprocessed files:  55 / 180 [] ETA: 5m36s
[1A[Jprocessed files:  55 / 180 [] ETA: 5m36s
[1A[Jprocessed files:  55 / 180 [] ETA: 5m36s
[1A[Jprocessed files:  55 / 180 [] ETA: 5m36s
[1A[Jprocessed files:  55 / 180 [] ETA: 5m36s
[1A[Jprocessed files:  55 / 180 [] ETA: 5m36s
[1A[Jprocessed files:  55 / 180 [] ETA: 5m36s
[1A[Jprocessed files:  55 / 180 [] ETA: 5m36s
[1A[Jprocessed files:  55 / 180 [] ETA: 5m36s
[1A[Jprocessed files:  55 / 180 [] ETA: 5m36s
[1A[Jprocessed files:  55 / 180 [] ETA: 5m36s
[1A[Jprocessed files:  55 / 180 [] ETA: 5m36s
[1A[Jprocessed files:  55 / 180 [] ETA: 5m36s
[1A[Jprocessed files:  56 / 180 [] ETA: 5m44s
[1A[Jprocessed files:  56 / 180 [] ETA: 5m44s
[1A[Jprocessed files:  56 / 180 [] ETA: 5m44s
[1A[Jprocessed files:  56 / 180 [] ETA: 5m44s
[1A[Jprocessed files:  56 / 180 [] ETA: 5m44s
[1A[Jprocessed files:  56 / 180 [] ETA: 5m44s
[1A[Jprocessed files:  56 / 180 [] ETA: 5m44s
[1A[Jprocessed files:  56 / 180 [] ETA: 5m44s
[1A[Jprocessed files:  56 / 180 [] ETA: 5m44s
[1A[Jprocessed files:  56 / 180 [] ETA: 5m44s
[1A[Jprocessed files:  56 / 180 [] ETA: 5m44s
[1A[Jprocessed files:  56 / 180 [] ETA: 5m44s
[1A[Jprocessed files:  56 / 180 [] ETA: 5m44s
[1A[Jprocessed files:  56 / 180 [] ETA: 5m44s
[1A[Jprocessed files:  56 / 180 [] ETA: 5m44s
[1A[Jprocessed files:  56 / 180 [] ETA: 5m44s
[1A[Jprocessed files:  56 / 180 [] ETA: 5m44s
[1A[Jprocessed files:  56 / 180 [] ETA: 5m44s
[1A[Jprocessed files:  56 / 180 [] ETA: 5m44s
[1A[Jprocessed files:  56 / 180 [] ETA: 5m44s
[1A[Jprocessed files:  56 / 180 [] ETA: 5m44s
[1A[Jprocessed files:  56 / 180 [] ETA: 5m44s
[1A[Jprocessed files:  56 / 180 [] ETA: 5m44s
[1A[Jprocessed files:  56 / 180 [] ETA: 5m44s
[1A[Jprocessed files:  56 / 180 [] ETA: 5m44s
[1A[Jprocessed files:  57 / 180 [] ETA: 5m49s
[1A[Jprocessed files:  57 / 180 [] ETA: 5m49s
[1A[Jprocessed files:  57 / 180 [] ETA: 5m49s
[1A[Jprocessed files:  57 / 180 [] ETA: 5m49s
[1A[Jprocessed files:  57 / 180 [] ETA: 5m49s
[1A[Jprocessed files:  57 / 180 [] ETA: 5m49s
[1A[Jprocessed files:  57 / 180 [] ETA: 5m49s
[1A[Jprocessed files:  57 / 180 [] ETA: 5m49s
[1A[Jprocessed files:  57 / 180 [] ETA: 5m49s
[1A[Jprocessed files:  57 / 180 [] ETA: 5m49s
[1A[Jprocessed files:  57 / 180 [] ETA: 5m49s
[1A[Jprocessed files:  57 / 180 [] ETA: 5m49s
[1A[Jprocessed files:  57 / 180 [] ETA: 5m49s
[1A[Jprocessed files:  57 / 180 [] ETA: 5m49s
[1A[Jprocessed files:  57 / 180 [] ETA: 5m49s
[1A[Jprocessed files:  57 / 180 [] ETA: 5m49s
[1A[Jprocessed files:  57 / 180 [] ETA: 5m49s
[1A[Jprocessed files:  57 / 180 [] ETA: 5m49s
[1A[Jprocessed files:  57 / 180 [] ETA: 5m49s
[1A[Jprocessed files:  57 / 180 [] ETA: 5m49s
[1A[Jprocessed files:  57 / 180 [] ETA: 5m49s
[1A[Jprocessed files:  57 / 180 [] ETA: 5m49s
[1A[Jprocessed files:  57 / 180 [] ETA: 5m49s
[1A[Jprocessed files:  57 / 180 [] ETA: 5m49s
[1A[Jprocessed files:  57 / 180 [] ETA: 5m49s
[1A[Jprocessed files:  57 / 180 [] ETA: 5m49s
[1A[Jprocessed files:  58 / 180 [-] ETA: 6m0s
[1A[Jprocessed files:  58 / 180 [-] ETA: 6m0s
[1A[Jprocessed files:  58 / 180 [-] ETA: 6m0s
[1A[Jprocessed files:  58 / 180 [-] ETA: 6m0s
[1A[Jprocessed files:  58 / 180 [-] ETA: 6m0s
[1A[Jprocessed files:  58 / 180 [-] ETA: 6m0s
[1A[Jprocessed files:  58 / 180 [-] ETA: 6m0s
[1A[Jprocessed files:  58 / 180 [-] ETA: 6m0s
[1A[Jprocessed files:  58 / 180 [-] ETA: 6m0s
[1A[Jprocessed files:  58 / 180 [-] ETA: 6m0s
[1A[Jprocessed files:  58 / 180 [-] ETA: 6m0s
[1A[Jprocessed files:  58 / 180 [-] ETA: 6m0s
[1A[Jprocessed files:  58 / 180 [-] ETA: 6m0s
[1A[Jprocessed files:  58 / 180 [-] ETA: 6m0s
[1A[Jprocessed files:  58 / 180 [-] ETA: 6m0s
[1A[Jprocessed files:  58 / 180 [-] ETA: 6m0s
[1A[Jprocessed files:  58 / 180 [-] ETA: 6m0s
[1A[Jprocessed files:  58 / 180 [-] ETA: 6m0s
[1A[Jprocessed files:  58 / 180 [-] ETA: 6m0s
[1A[Jprocessed files:  58 / 180 [-] ETA: 6m0s
[1A[Jprocessed files:  58 / 180 [-] ETA: 6m0s
[1A[Jprocessed files:  58 / 180 [-] ETA: 6m0s
[1A[Jprocessed files:  59 / 180 [] ETA: 5m43s
[1A[Jprocessed files:  59 / 180 [] ETA: 5m43s
[1A[Jprocessed files:  59 / 180 [] ETA: 5m43s
[1A[Jprocessed files:  59 / 180 [] ETA: 5m43s
[1A[Jprocessed files:  59 / 180 [] ETA: 5m43s
[1A[Jprocessed files:  59 / 180 [] ETA: 5m43s
[1A[Jprocessed files:  59 / 180 [] ETA: 5m43s
[1A[Jprocessed files:  59 / 180 [] ETA: 5m43s
[1A[Jprocessed files:  59 / 180 [] ETA: 5m43s
[1A[Jprocessed files:  59 / 180 [] ETA: 5m43s
[1A[Jprocessed files:  59 / 180 [] ETA: 5m43s
[1A[Jprocessed files:  59 / 180 [] ETA: 5m43s
[1A[Jprocessed files:  59 / 180 [] ETA: 5m43s
[1A[Jprocessed files:  59 / 180 [] ETA: 5m43s
[1A[Jprocessed files:  59 / 180 [] ETA: 5m43s
[1A[Jprocessed files:  59 / 180 [] ETA: 5m43s
[1A[Jprocessed files:  59 / 180 [] ETA: 5m43s
[1A[Jprocessed files:  59 / 180 [] ETA: 5m43s
[1A[Jprocessed files:  59 / 180 [] ETA: 5m43s
[1A[Jprocessed files:  59 / 180 [] ETA: 5m43s
[1A[Jprocessed files:  59 / 180 [] ETA: 5m43s
[1A[Jprocessed files:  59 / 180 [] ETA: 5m43s
[1A[Jprocessed files:  59 / 180 [] ETA: 5m43s
[1A[Jprocessed files:  60 / 180 [] ETA: 5m39s
[1A[Jprocessed files:  60 / 180 [] ETA: 5m39s
[1A[Jprocessed files:  60 / 180 [] ETA: 5m39s
[1A[Jprocessed files:  60 / 180 [] ETA: 5m39s
[1A[Jprocessed files:  60 / 180 [] ETA: 5m39s
[1A[Jprocessed files:  60 / 180 [] ETA: 5m39s
[1A[Jprocessed files:  60 / 180 [] ETA: 5m39s
[1A[Jprocessed files:  60 / 180 [] ETA: 5m39s
[1A[Jprocessed files:  60 / 180 [] ETA: 5m39s
[1A[Jprocessed files:  60 / 180 [] ETA: 5m39s
[1A[Jprocessed files:  60 / 180 [] ETA: 5m39s
[1A[Jprocessed files:  60 / 180 [] ETA: 5m39s
[1A[Jprocessed files:  60 / 180 [] ETA: 5m39s
[1A[Jprocessed files:  60 / 180 [] ETA: 5m39s
[1A[Jprocessed files:  60 / 180 [] ETA: 5m39s
[1A[Jprocessed files:  60 / 180 [] ETA: 5m39s
[1A[Jprocessed files:  60 / 180 [] ETA: 5m39s
[1A[Jprocessed files:  60 / 180 [] ETA: 5m39s
[1A[Jprocessed files:  60 / 180 [] ETA: 5m39s
[1A[Jprocessed files:  60 / 180 [] ETA: 5m39s
[1A[Jprocessed files:  60 / 180 [] ETA: 5m39s
[1A[Jprocessed files:  60 / 180 [] ETA: 5m39s
[1A[Jprocessed files:  60 / 180 [] ETA: 5m39s
[1A[Jprocessed files:  60 / 180 [] ETA: 5m39s
[1A[Jprocessed files:  60 / 180 [] ETA: 5m39s
[1A[Jprocessed files:  60 / 180 [] ETA: 5m39s
[1A[Jprocessed files:  60 / 180 [] ETA: 5m39s
[1A[Jprocessed files:  60 / 180 [] ETA: 5m39s
[1A[Jprocessed files:  61 / 180 [] ETA: 5m57s
[1A[Jprocessed files:  61 / 180 [] ETA: 5m57s
[1A[Jprocessed files:  61 / 180 [] ETA: 5m57s
[1A[Jprocessed files:  61 / 180 [] ETA: 5m57s
[1A[Jprocessed files:  61 / 180 [] ETA: 5m57s
[1A[Jprocessed files:  61 / 180 [] ETA: 5m57s
[1A[Jprocessed files:  61 / 180 [] ETA: 5m57s
[1A[Jprocessed files:  61 / 180 [] ETA: 5m57s
[1A[Jprocessed files:  61 / 180 [] ETA: 5m57s
[1A[Jprocessed files:  61 / 180 [] ETA: 5m57s
[1A[Jprocessed files:  61 / 180 [] ETA: 5m57s
[1A[Jprocessed files:  61 / 180 [] ETA: 5m57s
[1A[Jprocessed files:  61 / 180 [] ETA: 5m57s
[1A[Jprocessed files:  61 / 180 [] ETA: 5m57s
[1A[Jprocessed files:  61 / 180 [] ETA: 5m57s
[1A[Jprocessed files:  61 / 180 [] ETA: 5m57s
[1A[Jprocessed files:  61 / 180 [] ETA: 5m57s
[1A[Jprocessed files:  61 / 180 [] ETA: 5m57s
[1A[Jprocessed files:  61 / 180 [] ETA: 5m57s
[1A[Jprocessed files:  61 / 180 [] ETA: 5m57s
[1A[Jprocessed files:  61 / 180 [] ETA: 5m57s
[1A[Jprocessed files:  61 / 180 [] ETA: 5m57s
[1A[Jprocessed files:  61 / 180 [] ETA: 5m57s
[1A[Jprocessed files:  61 / 180 [] ETA: 5m57s
[1A[Jprocessed files:  61 / 180 [] ETA: 5m57s
[1A[Jprocessed files:  61 / 180 [] ETA: 5m57s
[1A[Jprocessed files:  61 / 180 [] ETA: 5m57s
[1A[Jprocessed files:  61 / 180 [] ETA: 5m57s
[1A[Jprocessed files:  61 / 180 [] ETA: 5m57s
[1A[Jprocessed files:  61 / 180 [] ETA: 5m57s
[1A[Jprocessed files:  62 / 180 [] ETA: 6m16s
[1A[Jprocessed files:  62 / 180 [] ETA: 6m16s
[1A[Jprocessed files:  62 / 180 [] ETA: 6m16s
[1A[Jprocessed files:  62 / 180 [] ETA: 6m16s
[1A[Jprocessed files:  62 / 180 [] ETA: 6m16s
[1A[Jprocessed files:  62 / 180 [] ETA: 6m16s
[1A[Jprocessed files:  62 / 180 [] ETA: 6m16s
[1A[Jprocessed files:  62 / 180 [] ETA: 6m16s
[1A[Jprocessed files:  62 / 180 [] ETA: 6m16s
[1A[Jprocessed files:  62 / 180 [] ETA: 6m16s
[1A[Jprocessed files:  62 / 180 [] ETA: 6m16s
[1A[Jprocessed files:  62 / 180 [] ETA: 6m16s
[1A[Jprocessed files:  62 / 180 [] ETA: 6m16s
[1A[Jprocessed files:  62 / 180 [] ETA: 6m16s
[1A[Jprocessed files:  62 / 180 [] ETA: 6m16s
[1A[Jprocessed files:  62 / 180 [] ETA: 6m16s
[1A[Jprocessed files:  62 / 180 [] ETA: 6m16s
[1A[Jprocessed files:  62 / 180 [] ETA: 6m16s
[1A[Jprocessed files:  62 / 180 [] ETA: 6m16s
[1A[Jprocessed files:  62 / 180 [] ETA: 6m16s
[1A[Jprocessed files:  62 / 180 [] ETA: 6m16s
[1A[Jprocessed files:  62 / 180 [] ETA: 6m16s
[1A[Jprocessed files:  62 / 180 [] ETA: 6m16s
[1A[Jprocessed files:  63 / 180 [] ETA: 5m56s
[1A[Jprocessed files:  63 / 180 [] ETA: 5m56s
[1A[Jprocessed files:  63 / 180 [] ETA: 5m56s
[1A[Jprocessed files:  63 / 180 [] ETA: 5m56s
[1A[Jprocessed files:  63 / 180 [] ETA: 5m56s
[1A[Jprocessed files:  63 / 180 [] ETA: 5m56s
[1A[Jprocessed files:  63 / 180 [] ETA: 5m56s
[1A[Jprocessed files:  63 / 180 [] ETA: 5m56s
[1A[Jprocessed files:  63 / 180 [] ETA: 5m56s
[1A[Jprocessed files:  63 / 180 [] ETA: 5m56s
[1A[Jprocessed files:  63 / 180 [] ETA: 5m56s
[1A[Jprocessed files:  63 / 180 [] ETA: 5m56s
[1A[Jprocessed files:  63 / 180 [] ETA: 5m56s
[1A[Jprocessed files:  63 / 180 [] ETA: 5m56s
[1A[Jprocessed files:  63 / 180 [] ETA: 5m56s
[1A[Jprocessed files:  63 / 180 [] ETA: 5m56s
[1A[Jprocessed files:  63 / 180 [] ETA: 5m56s
[1A[Jprocessed files:  63 / 180 [] ETA: 5m56s
[1A[Jprocessed files:  63 / 180 [] ETA: 5m56s
[1A[Jprocessed files:  63 / 180 [] ETA: 5m56s
[1A[Jprocessed files:  63 / 180 [] ETA: 5m56s
[1A[Jprocessed files:  63 / 180 [] ETA: 5m56s
[1A[Jprocessed files:  63 / 180 [] ETA: 5m56s
[1A[Jprocessed files:  63 / 180 [] ETA: 5m56s
[1A[Jprocessed files:  64 / 180 [] ETA: 5m49s
[1A[Jprocessed files:  64 / 180 [] ETA: 5m49s
[1A[Jprocessed files:  64 / 180 [] ETA: 5m49s
[1A[Jprocessed files:  64 / 180 [] ETA: 5m49s
[1A[Jprocessed files:  64 / 180 [] ETA: 5m49s
[1A[Jprocessed files:  64 / 180 [] ETA: 5m49s
[1A[Jprocessed files:  64 / 180 [] ETA: 5m49s
[1A[Jprocessed files:  64 / 180 [] ETA: 5m49s
[1A[Jprocessed files:  64 / 180 [] ETA: 5m49s
[1A[Jprocessed files:  64 / 180 [] ETA: 5m49s
[1A[Jprocessed files:  64 / 180 [] ETA: 5m49s
[1A[Jprocessed files:  64 / 180 [] ETA: 5m49s
[1A[Jprocessed files:  64 / 180 [] ETA: 5m49s
[1A[Jprocessed files:  64 / 180 [] ETA: 5m49s
[1A[Jprocessed files:  64 / 180 [] ETA: 5m49s
[1A[Jprocessed files:  64 / 180 [] ETA: 5m49s
[1A[Jprocessed files:  64 / 180 [] ETA: 5m49s
[1A[Jprocessed files:  64 / 180 [] ETA: 5m49s
[1A[Jprocessed files:  64 / 180 [] ETA: 5m49s
[1A[Jprocessed files:  64 / 180 [] ETA: 5m49s
[1A[Jprocessed files:  64 / 180 [] ETA: 5m49s
[1A[Jprocessed files:  64 / 180 [] ETA: 5m49s
[1A[Jprocessed files:  64 / 180 [] ETA: 5m49s
[1A[Jprocessed files:  64 / 180 [] ETA: 5m49s
[1A[Jprocessed files:  64 / 180 [] ETA: 5m49s
[1A[Jprocessed files:  64 / 180 [] ETA: 5m49s
[1A[Jprocessed files:  65 / 180 [] ETA: 5m50s
[1A[Jprocessed files:  65 / 180 [] ETA: 5m50s
[1A[Jprocessed files:  65 / 180 [] ETA: 5m50s
[1A[Jprocessed files:  65 / 180 [] ETA: 5m50s
[1A[Jprocessed files:  65 / 180 [] ETA: 5m50s
[1A[Jprocessed files:  65 / 180 [] ETA: 5m50s
[1A[Jprocessed files:  65 / 180 [] ETA: 5m50s
[1A[Jprocessed files:  65 / 180 [] ETA: 5m50s
[1A[Jprocessed files:  65 / 180 [] ETA: 5m50s
[1A[Jprocessed files:  65 / 180 [] ETA: 5m50s
[1A[Jprocessed files:  65 / 180 [] ETA: 5m50s
[1A[Jprocessed files:  65 / 180 [] ETA: 5m50s
[1A[Jprocessed files:  65 / 180 [] ETA: 5m50s
[1A[Jprocessed files:  65 / 180 [] ETA: 5m50s
[1A[Jprocessed files:  65 / 180 [] ETA: 5m50s
[1A[Jprocessed files:  65 / 180 [] ETA: 5m50s
[1A[Jprocessed files:  65 / 180 [] ETA: 5m50s
[1A[Jprocessed files:  65 / 180 [] ETA: 5m50s
[1A[Jprocessed files:  65 / 180 [] ETA: 5m50s
[1A[Jprocessed files:  65 / 180 [] ETA: 5m50s
[1A[Jprocessed files:  65 / 180 [] ETA: 5m50s
[1A[Jprocessed files:  65 / 180 [] ETA: 5m50s
[1A[Jprocessed files:  65 / 180 [] ETA: 5m50s
[1A[Jprocessed files:  65 / 180 [] ETA: 5m50s
[1A[Jprocessed files:  65 / 180 [] ETA: 5m50s
[1A[Jprocessed files:  65 / 180 [] ETA: 5m50s
[1A[Jprocessed files:  65 / 180 [] ETA: 5m50s
[1A[Jprocessed files:  65 / 180 [] ETA: 5m50s
[1A[Jprocessed files:  66 / 180 [] ETA: 5m56s
[1A[Jprocessed files:  66 / 180 [] ETA: 5m56s
[1A[Jprocessed files:  66 / 180 [] ETA: 5m56s
[1A[Jprocessed files:  66 / 180 [] ETA: 5m56s
[1A[Jprocessed files:  66 / 180 [] ETA: 5m56s
[1A[Jprocessed files:  66 / 180 [] ETA: 5m56s
[1A[Jprocessed files:  66 / 180 [] ETA: 5m56s
[1A[Jprocessed files:  66 / 180 [] ETA: 5m56s
[1A[Jprocessed files:  66 / 180 [] ETA: 5m56s
[1A[Jprocessed files:  66 / 180 [] ETA: 5m56s
[1A[Jprocessed files:  66 / 180 [] ETA: 5m56s
[1A[Jprocessed files:  66 / 180 [] ETA: 5m56s
[1A[Jprocessed files:  66 / 180 [] ETA: 5m56s
[1A[Jprocessed files:  66 / 180 [] ETA: 5m56s
[1A[Jprocessed files:  66 / 180 [] ETA: 5m56s
[1A[Jprocessed files:  66 / 180 [] ETA: 5m56s
[1A[Jprocessed files:  66 / 180 [] ETA: 5m56s
[1A[Jprocessed files:  66 / 180 [] ETA: 5m56s
[1A[Jprocessed files:  66 / 180 [] ETA: 5m56s
[1A[Jprocessed files:  66 / 180 [] ETA: 5m56s
[1A[Jprocessed files:  66 / 180 [] ETA: 5m56s
[1A[Jprocessed files:  66 / 180 [] ETA: 5m56s
[1A[Jprocessed files:  66 / 180 [] ETA: 5m56s
[1A[Jprocessed files:  66 / 180 [] ETA: 5m56s
[1A[Jprocessed files:  66 / 180 [] ETA: 5m56s
[1A[Jprocessed files:  66 / 180 [] ETA: 5m56s
[1A[Jprocessed files:  67 / 180 [] ETA: 5m53s
[1A[Jprocessed files:  67 / 180 [] ETA: 5m53s
[1A[Jprocessed files:  67 / 180 [] ETA: 5m53s
[1A[Jprocessed files:  67 / 180 [] ETA: 5m53s
[1A[Jprocessed files:  67 / 180 [] ETA: 5m53s
[1A[Jprocessed files:  67 / 180 [] ETA: 5m53s
[1A[Jprocessed files:  67 / 180 [] ETA: 5m53s
[1A[Jprocessed files:  67 / 180 [] ETA: 5m53s
[1A[Jprocessed files:  67 / 180 [] ETA: 5m53s
[1A[Jprocessed files:  67 / 180 [] ETA: 5m53s
[1A[Jprocessed files:  67 / 180 [] ETA: 5m53s
[1A[Jprocessed files:  67 / 180 [] ETA: 5m53s
[1A[Jprocessed files:  67 / 180 [] ETA: 5m53s
[1A[Jprocessed files:  67 / 180 [] ETA: 5m53s
[1A[Jprocessed files:  67 / 180 [] ETA: 5m53s
[1A[Jprocessed files:  67 / 180 [] ETA: 5m53s
[1A[Jprocessed files:  67 / 180 [] ETA: 5m53s
[1A[Jprocessed files:  67 / 180 [] ETA: 5m53s
[1A[Jprocessed files:  67 / 180 [] ETA: 5m53s
[1A[Jprocessed files:  67 / 180 [] ETA: 5m53s
[1A[Jprocessed files:  67 / 180 [] ETA: 5m53s
[1A[Jprocessed files:  67 / 180 [] ETA: 5m53s
[1A[Jprocessed files:  67 / 180 [] ETA: 5m53s
[1A[Jprocessed files:  67 / 180 [] ETA: 5m53s
[1A[Jprocessed files:  67 / 180 [] ETA: 5m53s
[1A[Jprocessed files:  67 / 180 [] ETA: 5m53s
[1A[Jprocessed files:  67 / 180 [] ETA: 5m53s
[1A[Jprocessed files:  68 / 180 [] ETA: 5m57s
[1A[Jprocessed files:  68 / 180 [] ETA: 5m57s
[1A[Jprocessed files:  68 / 180 [] ETA: 5m57s
[1A[Jprocessed files:  68 / 180 [] ETA: 5m57s
[1A[Jprocessed files:  68 / 180 [] ETA: 5m57s
[1A[Jprocessed files:  68 / 180 [] ETA: 5m57s
[1A[Jprocessed files:  68 / 180 [] ETA: 5m57s
[1A[Jprocessed files:  68 / 180 [] ETA: 5m57s
[1A[Jprocessed files:  68 / 180 [] ETA: 5m57s
[1A[Jprocessed files:  68 / 180 [] ETA: 5m57s
[1A[Jprocessed files:  68 / 180 [] ETA: 5m57s
[1A[Jprocessed files:  68 / 180 [] ETA: 5m57s
[1A[Jprocessed files:  68 / 180 [] ETA: 5m57s
[1A[Jprocessed files:  68 / 180 [] ETA: 5m57s
[1A[Jprocessed files:  68 / 180 [] ETA: 5m57s
[1A[Jprocessed files:  68 / 180 [] ETA: 5m57s
[1A[Jprocessed files:  68 / 180 [] ETA: 5m57s
[1A[Jprocessed files:  68 / 180 [] ETA: 5m57s
[1A[Jprocessed files:  68 / 180 [] ETA: 5m57s
[1A[Jprocessed files:  68 / 180 [] ETA: 5m57s
[1A[Jprocessed files:  68 / 180 [] ETA: 5m57s
[1A[Jprocessed files:  68 / 180 [] ETA: 5m57s
[1A[Jprocessed files:  68 / 180 [] ETA: 5m57s
[1A[Jprocessed files:  69 / 180 [] ETA: 5m35s
[1A[Jprocessed files:  69 / 180 [] ETA: 5m35s
[1A[Jprocessed files:  69 / 180 [] ETA: 5m35s
[1A[Jprocessed files:  69 / 180 [] ETA: 5m35s
[1A[Jprocessed files:  69 / 180 [] ETA: 5m35s
[1A[Jprocessed files:  69 / 180 [] ETA: 5m35s
[1A[Jprocessed files:  69 / 180 [] ETA: 5m35s
[1A[Jprocessed files:  69 / 180 [] ETA: 5m35s
[1A[Jprocessed files:  69 / 180 [] ETA: 5m35s
[1A[Jprocessed files:  69 / 180 [] ETA: 5m35s
[1A[Jprocessed files:  69 / 180 [] ETA: 5m35s
[1A[Jprocessed files:  69 / 180 [] ETA: 5m35s
[1A[Jprocessed files:  69 / 180 [] ETA: 5m35s
[1A[Jprocessed files:  69 / 180 [] ETA: 5m35s
[1A[Jprocessed files:  69 / 180 [] ETA: 5m35s
[1A[Jprocessed files:  69 / 180 [] ETA: 5m35s
[1A[Jprocessed files:  69 / 180 [] ETA: 5m35s
[1A[Jprocessed files:  69 / 180 [] ETA: 5m35s
[1A[Jprocessed files:  69 / 180 [] ETA: 5m35s
[1A[Jprocessed files:  69 / 180 [] ETA: 5m35s
[1A[Jprocessed files:  69 / 180 [] ETA: 5m35s
[1A[Jprocessed files:  69 / 180 [] ETA: 5m35s
[1A[Jprocessed files:  69 / 180 [] ETA: 5m35s
[1A[Jprocessed files:  69 / 180 [] ETA: 5m35s
[1A[Jprocessed files:  70 / 180 [] ETA: 5m28s
[1A[Jprocessed files:  70 / 180 [] ETA: 5m28s
[1A[Jprocessed files:  70 / 180 [] ETA: 5m28s
[1A[Jprocessed files:  70 / 180 [] ETA: 5m28s
[1A[Jprocessed files:  70 / 180 [] ETA: 5m28s
[1A[Jprocessed files:  70 / 180 [] ETA: 5m28s
[1A[Jprocessed files:  70 / 180 [] ETA: 5m28s
[1A[Jprocessed files:  70 / 180 [] ETA: 5m28s
[1A[Jprocessed files:  70 / 180 [] ETA: 5m28s
[1A[Jprocessed files:  70 / 180 [] ETA: 5m28s
[1A[Jprocessed files:  70 / 180 [] ETA: 5m28s
[1A[Jprocessed files:  70 / 180 [] ETA: 5m28s
[1A[Jprocessed files:  70 / 180 [] ETA: 5m28s
[1A[Jprocessed files:  70 / 180 [] ETA: 5m28s
[1A[Jprocessed files:  70 / 180 [] ETA: 5m28s
[1A[Jprocessed files:  70 / 180 [] ETA: 5m28s
[1A[Jprocessed files:  70 / 180 [] ETA: 5m28s
[1A[Jprocessed files:  70 / 180 [] ETA: 5m28s
[1A[Jprocessed files:  70 / 180 [] ETA: 5m28s
[1A[Jprocessed files:  70 / 180 [] ETA: 5m28s
[1A[Jprocessed files:  71 / 180 [-] ETA: 5m4s
[1A[Jprocessed files:  71 / 180 [-] ETA: 5m4s
[1A[Jprocessed files:  71 / 180 [-] ETA: 5m4s
[1A[Jprocessed files:  71 / 180 [-] ETA: 5m4s
[1A[Jprocessed files:  71 / 180 [-] ETA: 5m4s
[1A[Jprocessed files:  71 / 180 [-] ETA: 5m4s
[1A[Jprocessed files:  71 / 180 [-] ETA: 5m4s
[1A[Jprocessed files:  71 / 180 [-] ETA: 5m4s
[1A[Jprocessed files:  71 / 180 [-] ETA: 5m4s
[1A[Jprocessed files:  71 / 180 [-] ETA: 5m4s
[1A[Jprocessed files:  71 / 180 [-] ETA: 5m4s
[1A[Jprocessed files:  71 / 180 [-] ETA: 5m4s
[1A[Jprocessed files:  71 / 180 [-] ETA: 5m4s
[1A[Jprocessed files:  71 / 180 [-] ETA: 5m4s
[1A[Jprocessed files:  71 / 180 [-] ETA: 5m4s
[1A[Jprocessed files:  71 / 180 [-] ETA: 5m4s
[1A[Jprocessed files:  71 / 180 [-] ETA: 5m4s
[1A[Jprocessed files:  71 / 180 [-] ETA: 5m4s
[1A[Jprocessed files:  71 / 180 [-] ETA: 5m4s
[1A[Jprocessed files:  71 / 180 [-] ETA: 5m4s
[1A[Jprocessed files:  71 / 180 [-] ETA: 5m4s
[1A[Jprocessed files:  71 / 180 [-] ETA: 5m4s
[1A[Jprocessed files:  72 / 180 [] ETA: 4m54s
[1A[Jprocessed files:  72 / 180 [] ETA: 4m54s
[1A[Jprocessed files:  72 / 180 [] ETA: 4m54s
[1A[Jprocessed files:  72 / 180 [] ETA: 4m54s
[1A[Jprocessed files:  72 / 180 [] ETA: 4m54s
[1A[Jprocessed files:  72 / 180 [] ETA: 4m54s
[1A[Jprocessed files:  72 / 180 [] ETA: 4m54s
[1A[Jprocessed files:  72 / 180 [] ETA: 4m54s
[1A[Jprocessed files:  72 / 180 [] ETA: 4m54s
[1A[Jprocessed files:  72 / 180 [] ETA: 4m54s
[1A[Jprocessed files:  72 / 180 [] ETA: 4m54s
[1A[Jprocessed files:  72 / 180 [] ETA: 4m54s
[1A[Jprocessed files:  72 / 180 [] ETA: 4m54s
[1A[Jprocessed files:  72 / 180 [] ETA: 4m54s
[1A[Jprocessed files:  72 / 180 [] ETA: 4m54s
[1A[Jprocessed files:  72 / 180 [] ETA: 4m54s
[1A[Jprocessed files:  72 / 180 [] ETA: 4m54s
[1A[Jprocessed files:  72 / 180 [] ETA: 4m54s
[1A[Jprocessed files:  72 / 180 [] ETA: 4m54s
[1A[Jprocessed files:  72 / 180 [] ETA: 4m54s
[1A[Jprocessed files:  72 / 180 [] ETA: 4m54s
[1A[Jprocessed files:  72 / 180 [] ETA: 4m54s
[1A[Jprocessed files:  72 / 180 [] ETA: 4m54s
[1A[Jprocessed files:  72 / 180 [] ETA: 4m54s
[1A[Jprocessed files:  73 / 180 [] ETA: 4m59s
[1A[Jprocessed files:  73 / 180 [] ETA: 4m59s
[1A[Jprocessed files:  73 / 180 [] ETA: 4m59s
[1A[Jprocessed files:  73 / 180 [] ETA: 4m59s
[1A[Jprocessed files:  73 / 180 [] ETA: 4m59s
[1A[Jprocessed files:  73 / 180 [] ETA: 4m59s
[1A[Jprocessed files:  73 / 180 [] ETA: 4m59s
[1A[Jprocessed files:  73 / 180 [] ETA: 4m59s
[1A[Jprocessed files:  73 / 180 [] ETA: 4m59s
[1A[Jprocessed files:  73 / 180 [] ETA: 4m59s
[1A[Jprocessed files:  73 / 180 [] ETA: 4m59s
[1A[Jprocessed files:  73 / 180 [] ETA: 4m59s
[1A[Jprocessed files:  73 / 180 [] ETA: 4m59s
[1A[Jprocessed files:  73 / 180 [] ETA: 4m59s
[1A[Jprocessed files:  73 / 180 [] ETA: 4m59s
[1A[Jprocessed files:  73 / 180 [] ETA: 4m59s
[1A[Jprocessed files:  73 / 180 [] ETA: 4m59s
[1A[Jprocessed files:  73 / 180 [] ETA: 4m59s
[1A[Jprocessed files:  73 / 180 [] ETA: 4m59s
[1A[Jprocessed files:  73 / 180 [] ETA: 4m59s
[1A[Jprocessed files:  73 / 180 [] ETA: 4m59s
[1A[Jprocessed files:  73 / 180 [] ETA: 4m59s
[1A[Jprocessed files:  73 / 180 [] ETA: 4m59s
[1A[Jprocessed files:  73 / 180 [] ETA: 4m59s
[1A[Jprocessed files:  73 / 180 [] ETA: 4m59s
[1A[Jprocessed files:  73 / 180 [] ETA: 4m59s
[1A[Jprocessed files:  74 / 180 [-] ETA: 5m9s
[1A[Jprocessed files:  74 / 180 [-] ETA: 5m9s
[1A[Jprocessed files:  74 / 180 [-] ETA: 5m9s
[1A[Jprocessed files:  74 / 180 [-] ETA: 5m9s
[1A[Jprocessed files:  74 / 180 [-] ETA: 5m9s
[1A[Jprocessed files:  74 / 180 [-] ETA: 5m9s
[1A[Jprocessed files:  74 / 180 [-] ETA: 5m9s
[1A[Jprocessed files:  74 / 180 [-] ETA: 5m9s
[1A[Jprocessed files:  74 / 180 [-] ETA: 5m9s
[1A[Jprocessed files:  74 / 180 [-] ETA: 5m9s
[1A[Jprocessed files:  74 / 180 [-] ETA: 5m9s
[1A[Jprocessed files:  74 / 180 [-] ETA: 5m9s
[1A[Jprocessed files:  74 / 180 [-] ETA: 5m9s
[1A[Jprocessed files:  74 / 180 [-] ETA: 5m9s
[1A[Jprocessed files:  74 / 180 [-] ETA: 5m9s
[1A[Jprocessed files:  74 / 180 [-] ETA: 5m9s
[1A[Jprocessed files:  74 / 180 [-] ETA: 5m9s
[1A[Jprocessed files:  74 / 180 [-] ETA: 5m9s
[1A[Jprocessed files:  74 / 180 [-] ETA: 5m9s
[1A[Jprocessed files:  74 / 180 [-] ETA: 5m9s
[1A[Jprocessed files:  74 / 180 [-] ETA: 5m9s
[1A[Jprocessed files:  75 / 180 [] ETA: 4m49s
[1A[Jprocessed files:  75 / 180 [] ETA: 4m49s
[1A[Jprocessed files:  75 / 180 [] ETA: 4m49s
[1A[Jprocessed files:  75 / 180 [] ETA: 4m49s
[1A[Jprocessed files:  75 / 180 [] ETA: 4m49s
[1A[Jprocessed files:  75 / 180 [] ETA: 4m49s
[1A[Jprocessed files:  75 / 180 [] ETA: 4m49s
[1A[Jprocessed files:  75 / 180 [] ETA: 4m49s
[1A[Jprocessed files:  75 / 180 [] ETA: 4m49s
[1A[Jprocessed files:  75 / 180 [] ETA: 4m49s
[1A[Jprocessed files:  75 / 180 [] ETA: 4m49s
[1A[Jprocessed files:  75 / 180 [] ETA: 4m49s
[1A[Jprocessed files:  75 / 180 [] ETA: 4m49s
[1A[Jprocessed files:  75 / 180 [] ETA: 4m49s
[1A[Jprocessed files:  75 / 180 [] ETA: 4m49s
[1A[Jprocessed files:  75 / 180 [] ETA: 4m49s
[1A[Jprocessed files:  75 / 180 [] ETA: 4m49s
[1A[Jprocessed files:  75 / 180 [] ETA: 4m49s
[1A[Jprocessed files:  75 / 180 [] ETA: 4m49s
[1A[Jprocessed files:  75 / 180 [] ETA: 4m49s
[1A[Jprocessed files:  75 / 180 [] ETA: 4m49s
[1A[Jprocessed files:  75 / 180 [] ETA: 4m49s
[1A[Jprocessed files:  76 / 180 [] ETA: 4m41s
[1A[Jprocessed files:  76 / 180 [] ETA: 4m41s
[1A[Jprocessed files:  76 / 180 [] ETA: 4m41s
[1A[Jprocessed files:  76 / 180 [] ETA: 4m41s
[1A[Jprocessed files:  76 / 180 [] ETA: 4m41s
[1A[Jprocessed files:  76 / 180 [] ETA: 4m41s
[1A[Jprocessed files:  76 / 180 [] ETA: 4m41s
[1A[Jprocessed files:  76 / 180 [] ETA: 4m41s
[1A[Jprocessed files:  76 / 180 [] ETA: 4m41s
[1A[Jprocessed files:  76 / 180 [] ETA: 4m41s
[1A[Jprocessed files:  76 / 180 [] ETA: 4m41s
[1A[Jprocessed files:  76 / 180 [] ETA: 4m41s
[1A[Jprocessed files:  76 / 180 [] ETA: 4m41s
[1A[Jprocessed files:  76 / 180 [] ETA: 4m41s
[1A[Jprocessed files:  76 / 180 [] ETA: 4m41s
[1A[Jprocessed files:  76 / 180 [] ETA: 4m41s
[1A[Jprocessed files:  76 / 180 [] ETA: 4m41s
[1A[Jprocessed files:  76 / 180 [] ETA: 4m41s
[1A[Jprocessed files:  76 / 180 [] ETA: 4m41s
[1A[Jprocessed files:  76 / 180 [] ETA: 4m41s
[1A[Jprocessed files:  76 / 180 [] ETA: 4m41s
[1A[Jprocessed files:  76 / 180 [] ETA: 4m41s
[1A[Jprocessed files:  77 / 180 [] ETA: 4m39s
[1A[Jprocessed files:  77 / 180 [] ETA: 4m39s
[1A[Jprocessed files:  77 / 180 [] ETA: 4m39s
[1A[Jprocessed files:  77 / 180 [] ETA: 4m39s
[1A[Jprocessed files:  77 / 180 [] ETA: 4m39s
[1A[Jprocessed files:  77 / 180 [] ETA: 4m39s
[1A[Jprocessed files:  77 / 180 [] ETA: 4m39s
[1A[Jprocessed files:  77 / 180 [] ETA: 4m39s
[1A[Jprocessed files:  77 / 180 [] ETA: 4m39s
[1A[Jprocessed files:  77 / 180 [] ETA: 4m39s
[1A[Jprocessed files:  77 / 180 [] ETA: 4m39s
[1A[Jprocessed files:  77 / 180 [] ETA: 4m39s
[1A[Jprocessed files:  77 / 180 [] ETA: 4m39s
[1A[Jprocessed files:  77 / 180 [] ETA: 4m39s
[1A[Jprocessed files:  77 / 180 [] ETA: 4m39s
[1A[Jprocessed files:  77 / 180 [] ETA: 4m39s
[1A[Jprocessed files:  77 / 180 [] ETA: 4m39s
[1A[Jprocessed files:  77 / 180 [] ETA: 4m39s
[1A[Jprocessed files:  77 / 180 [] ETA: 4m39s
[1A[Jprocessed files:  77 / 180 [] ETA: 4m39s
[1A[Jprocessed files:  77 / 180 [] ETA: 4m39s
[1A[Jprocessed files:  77 / 180 [] ETA: 4m39s
[1A[Jprocessed files:  77 / 180 [] ETA: 4m39s
[1A[Jprocessed files:  78 / 180 [] ETA: 4m38s
[1A[Jprocessed files:  78 / 180 [] ETA: 4m38s
[1A[Jprocessed files:  78 / 180 [] ETA: 4m38s
[1A[Jprocessed files:  78 / 180 [] ETA: 4m38s
[1A[Jprocessed files:  78 / 180 [] ETA: 4m38s
[1A[Jprocessed files:  78 / 180 [] ETA: 4m38s
[1A[Jprocessed files:  78 / 180 [] ETA: 4m38s
[1A[Jprocessed files:  78 / 180 [] ETA: 4m38s
[1A[Jprocessed files:  78 / 180 [] ETA: 4m38s
[1A[Jprocessed files:  78 / 180 [] ETA: 4m38s
[1A[Jprocessed files:  78 / 180 [] ETA: 4m38s
[1A[Jprocessed files:  78 / 180 [] ETA: 4m38s
[1A[Jprocessed files:  78 / 180 [] ETA: 4m38s
[1A[Jprocessed files:  78 / 180 [] ETA: 4m38s
[1A[Jprocessed files:  78 / 180 [] ETA: 4m38s
[1A[Jprocessed files:  78 / 180 [] ETA: 4m38s
[1A[Jprocessed files:  78 / 180 [] ETA: 4m38s
[1A[Jprocessed files:  78 / 180 [] ETA: 4m38s
[1A[Jprocessed files:  78 / 180 [] ETA: 4m38s
[1A[Jprocessed files:  78 / 180 [] ETA: 4m38s
[1A[Jprocessed files:  79 / 180 [] ETA: 4m21s
[1A[Jprocessed files:  79 / 180 [] ETA: 4m21s
[1A[Jprocessed files:  79 / 180 [] ETA: 4m21s
[1A[Jprocessed files:  79 / 180 [] ETA: 4m21s
[1A[Jprocessed files:  79 / 180 [] ETA: 4m21s
[1A[Jprocessed files:  79 / 180 [] ETA: 4m21s
[1A[Jprocessed files:  79 / 180 [] ETA: 4m21s
[1A[Jprocessed files:  79 / 180 [] ETA: 4m21s
[1A[Jprocessed files:  79 / 180 [] ETA: 4m21s
[1A[Jprocessed files:  79 / 180 [] ETA: 4m21s
[1A[Jprocessed files:  79 / 180 [] ETA: 4m21s
[1A[Jprocessed files:  79 / 180 [] ETA: 4m21s
[1A[Jprocessed files:  79 / 180 [] ETA: 4m21s
[1A[Jprocessed files:  79 / 180 [] ETA: 4m21s
[1A[Jprocessed files:  79 / 180 [] ETA: 4m21s
[1A[Jprocessed files:  79 / 180 [] ETA: 4m21s
[1A[Jprocessed files:  79 / 180 [] ETA: 4m21s
[1A[Jprocessed files:  79 / 180 [] ETA: 4m21s
[1A[Jprocessed files:  79 / 180 [] ETA: 4m21s
[1A[Jprocessed files:  79 / 180 [] ETA: 4m21s
[1A[Jprocessed files:  79 / 180 [] ETA: 4m21s
[1A[Jprocessed files:  80 / 180 [] ETA: 4m16s
[1A[Jprocessed files:  80 / 180 [] ETA: 4m16s
[1A[Jprocessed files:  80 / 180 [] ETA: 4m16s
[1A[Jprocessed files:  80 / 180 [] ETA: 4m16s
[1A[Jprocessed files:  80 / 180 [] ETA: 4m16s
[1A[Jprocessed files:  80 / 180 [] ETA: 4m16s
[1A[Jprocessed files:  80 / 180 [] ETA: 4m16s
[1A[Jprocessed files:  80 / 180 [] ETA: 4m16s
[1A[Jprocessed files:  80 / 180 [] ETA: 4m16s
[1A[Jprocessed files:  80 / 180 [] ETA: 4m16s
[1A[Jprocessed files:  80 / 180 [] ETA: 4m16s
[1A[Jprocessed files:  80 / 180 [] ETA: 4m16s
[1A[Jprocessed files:  80 / 180 [] ETA: 4m16s
[1A[Jprocessed files:  80 / 180 [] ETA: 4m16s
[1A[Jprocessed files:  80 / 180 [] ETA: 4m16s
[1A[Jprocessed files:  80 / 180 [] ETA: 4m16s
[1A[Jprocessed files:  80 / 180 [] ETA: 4m16s
[1A[Jprocessed files:  80 / 180 [] ETA: 4m16s
[1A[Jprocessed files:  80 / 180 [] ETA: 4m16s
[1A[Jprocessed files:  80 / 180 [] ETA: 4m16s
[1A[Jprocessed files:  80 / 180 [] ETA: 4m16s
[1A[Jprocessed files:  81 / 180 [] ETA: 4m15s
[1A[Jprocessed files:  81 / 180 [] ETA: 4m15s
[1A[Jprocessed files:  81 / 180 [] ETA: 4m15s
[1A[Jprocessed files:  81 / 180 [] ETA: 4m15s
[1A[Jprocessed files:  81 / 180 [] ETA: 4m15s
[1A[Jprocessed files:  81 / 180 [] ETA: 4m15s
[1A[Jprocessed files:  81 / 180 [] ETA: 4m15s
[1A[Jprocessed files:  81 / 180 [] ETA: 4m15s
[1A[Jprocessed files:  81 / 180 [] ETA: 4m15s
[1A[Jprocessed files:  81 / 180 [] ETA: 4m15s
[1A[Jprocessed files:  81 / 180 [] ETA: 4m15s
[1A[Jprocessed files:  81 / 180 [] ETA: 4m15s
[1A[Jprocessed files:  81 / 180 [] ETA: 4m15s
[1A[Jprocessed files:  81 / 180 [] ETA: 4m15s
[1A[Jprocessed files:  81 / 180 [] ETA: 4m15s
[1A[Jprocessed files:  81 / 180 [] ETA: 4m15s
[1A[Jprocessed files:  81 / 180 [] ETA: 4m15s
[1A[Jprocessed files:  81 / 180 [] ETA: 4m15s
[1A[Jprocessed files:  81 / 180 [] ETA: 4m15s
[1A[Jprocessed files:  81 / 180 [] ETA: 4m15s
[1A[Jprocessed files:  81 / 180 [] ETA: 4m15s
[1A[Jprocessed files:  81 / 180 [] ETA: 4m15s
[1A[Jprocessed files:  81 / 180 [] ETA: 4m15s
[1A[Jprocessed files:  82 / 180 [] ETA: 4m19s
[1A[Jprocessed files:  82 / 180 [] ETA: 4m19s
[1A[Jprocessed files:  82 / 180 [] ETA: 4m19s
[1A[Jprocessed files:  82 / 180 [] ETA: 4m19s
[1A[Jprocessed files:  82 / 180 [] ETA: 4m19s
[1A[Jprocessed files:  82 / 180 [] ETA: 4m19s
[1A[Jprocessed files:  82 / 180 [] ETA: 4m19s
[1A[Jprocessed files:  82 / 180 [] ETA: 4m19s
[1A[Jprocessed files:  82 / 180 [] ETA: 4m19s
[1A[Jprocessed files:  82 / 180 [] ETA: 4m19s
[1A[Jprocessed files:  82 / 180 [] ETA: 4m19s
[1A[Jprocessed files:  82 / 180 [] ETA: 4m19s
[1A[Jprocessed files:  82 / 180 [] ETA: 4m19s
[1A[Jprocessed files:  82 / 180 [] ETA: 4m19s
[1A[Jprocessed files:  82 / 180 [] ETA: 4m19s
[1A[Jprocessed files:  82 / 180 [] ETA: 4m19s
[1A[Jprocessed files:  82 / 180 [] ETA: 4m19s
[1A[Jprocessed files:  82 / 180 [] ETA: 4m19s
[1A[Jprocessed files:  82 / 180 [] ETA: 4m19s
[1A[Jprocessed files:  82 / 180 [] ETA: 4m19s
[1A[Jprocessed files:  82 / 180 [] ETA: 4m19s
[1A[Jprocessed files:  82 / 180 [] ETA: 4m19s
[1A[Jprocessed files:  82 / 180 [] ETA: 4m19s
[1A[Jprocessed files:  82 / 180 [] ETA: 4m19s
[1A[Jprocessed files:  82 / 180 [] ETA: 4m19s
[1A[Jprocessed files:  82 / 180 [] ETA: 4m19s
[1A[Jprocessed files:  82 / 180 [] ETA: 4m19s
[1A[Jprocessed files:  82 / 180 [] ETA: 4m19s
[1A[Jprocessed files:  82 / 180 [] ETA: 4m19s
[1A[Jprocessed files:  82 / 180 [] ETA: 4m19s
[1A[Jprocessed files:  83 / 180 [] ETA: 4m46s
[1A[Jprocessed files:  83 / 180 [] ETA: 4m46s
[1A[Jprocessed files:  83 / 180 [] ETA: 4m46s
[1A[Jprocessed files:  83 / 180 [] ETA: 4m46s
[1A[Jprocessed files:  83 / 180 [] ETA: 4m46s
[1A[Jprocessed files:  83 / 180 [] ETA: 4m46s
[1A[Jprocessed files:  83 / 180 [] ETA: 4m46s
[1A[Jprocessed files:  83 / 180 [] ETA: 4m46s
[1A[Jprocessed files:  83 / 180 [] ETA: 4m46s
[1A[Jprocessed files:  83 / 180 [] ETA: 4m46s
[1A[Jprocessed files:  83 / 180 [] ETA: 4m46s
[1A[Jprocessed files:  83 / 180 [] ETA: 4m46s
[1A[Jprocessed files:  83 / 180 [] ETA: 4m46s
[1A[Jprocessed files:  83 / 180 [] ETA: 4m46s
[1A[Jprocessed files:  83 / 180 [] ETA: 4m46s
[1A[Jprocessed files:  83 / 180 [] ETA: 4m46s
[1A[Jprocessed files:  83 / 180 [] ETA: 4m46s
[1A[Jprocessed files:  83 / 180 [] ETA: 4m46s
[1A[Jprocessed files:  83 / 180 [] ETA: 4m46s
[1A[Jprocessed files:  83 / 180 [] ETA: 4m46s
[1A[Jprocessed files:  83 / 180 [] ETA: 4m46s
[1A[Jprocessed files:  83 / 180 [] ETA: 4m46s
[1A[Jprocessed files:  83 / 180 [] ETA: 4m46s
[1A[Jprocessed files:  83 / 180 [] ETA: 4m46s
[1A[Jprocessed files:  83 / 180 [] ETA: 4m46s
[1A[Jprocessed files:  83 / 180 [] ETA: 4m46s
[1A[Jprocessed files:  83 / 180 [] ETA: 4m46s
[1A[Jprocessed files:  83 / 180 [] ETA: 4m46s
[1A[Jprocessed files:  83 / 180 [] ETA: 4m46s
[1A[Jprocessed files:  83 / 180 [] ETA: 4m46s
[1A[Jprocessed files:  83 / 180 [] ETA: 4m46s
[1A[Jprocessed files:  83 / 180 [] ETA: 4m46s
[1A[Jprocessed files:  84 / 180 [] ETA: 5m10s
[1A[Jprocessed files:  84 / 180 [] ETA: 5m10s
[1A[Jprocessed files:  84 / 180 [] ETA: 5m10s
[1A[Jprocessed files:  84 / 180 [] ETA: 5m10s
[1A[Jprocessed files:  84 / 180 [] ETA: 5m10s
[1A[Jprocessed files:  84 / 180 [] ETA: 5m10s
[1A[Jprocessed files:  84 / 180 [] ETA: 5m10s
[1A[Jprocessed files:  84 / 180 [] ETA: 5m10s
[1A[Jprocessed files:  84 / 180 [] ETA: 5m10s
[1A[Jprocessed files:  84 / 180 [] ETA: 5m10s
[1A[Jprocessed files:  84 / 180 [] ETA: 5m10s
[1A[Jprocessed files:  84 / 180 [] ETA: 5m10s
[1A[Jprocessed files:  84 / 180 [] ETA: 5m10s
[1A[Jprocessed files:  84 / 180 [] ETA: 5m10s
[1A[Jprocessed files:  84 / 180 [] ETA: 5m10s
[1A[Jprocessed files:  84 / 180 [] ETA: 5m10s
[1A[Jprocessed files:  84 / 180 [] ETA: 5m10s
[1A[Jprocessed files:  84 / 180 [] ETA: 5m10s
[1A[Jprocessed files:  84 / 180 [] ETA: 5m10s
[1A[Jprocessed files:  84 / 180 [] ETA: 5m10s
[1A[Jprocessed files:  84 / 180 [] ETA: 5m10s
[1A[Jprocessed files:  84 / 180 [] ETA: 5m10s
[1A[Jprocessed files:  84 / 180 [] ETA: 5m10s
[1A[Jprocessed files:  84 / 180 [] ETA: 5m10s
[1A[Jprocessed files:  84 / 180 [] ETA: 5m10s
[1A[Jprocessed files:  85 / 180 [-] ETA: 5m0s
[1A[Jprocessed files:  85 / 180 [-] ETA: 5m0s
[1A[Jprocessed files:  85 / 180 [-] ETA: 5m0s
[1A[Jprocessed files:  85 / 180 [-] ETA: 5m0s
[1A[Jprocessed files:  85 / 180 [-] ETA: 5m0s
[1A[Jprocessed files:  85 / 180 [-] ETA: 5m0s
[1A[Jprocessed files:  85 / 180 [-] ETA: 5m0s
[1A[Jprocessed files:  85 / 180 [-] ETA: 5m0s
[1A[Jprocessed files:  85 / 180 [-] ETA: 5m0s
[1A[Jprocessed files:  85 / 180 [-] ETA: 5m0s
[1A[Jprocessed files:  85 / 180 [-] ETA: 5m0s
[1A[Jprocessed files:  85 / 180 [-] ETA: 5m0s
[1A[Jprocessed files:  85 / 180 [-] ETA: 5m0s
[1A[Jprocessed files:  85 / 180 [-] ETA: 5m0s
[1A[Jprocessed files:  85 / 180 [-] ETA: 5m0s
[1A[Jprocessed files:  85 / 180 [-] ETA: 5m0s
[1A[Jprocessed files:  85 / 180 [-] ETA: 5m0s
[1A[Jprocessed files:  85 / 180 [-] ETA: 5m0s
[1A[Jprocessed files:  85 / 180 [-] ETA: 5m0s
[1A[Jprocessed files:  85 / 180 [-] ETA: 5m0s
[1A[Jprocessed files:  85 / 180 [-] ETA: 5m0s
[1A[Jprocessed files:  85 / 180 [-] ETA: 5m0s
[1A[Jprocessed files:  85 / 180 [-] ETA: 5m0s
[1A[Jprocessed files:  85 / 180 [-] ETA: 5m0s
[1A[Jprocessed files:  85 / 180 [-] ETA: 5m0s
[1A[Jprocessed files:  85 / 180 [-] ETA: 5m0s
[1A[Jprocessed files:  85 / 180 [-] ETA: 5m0s
[1A[Jprocessed files:  86 / 180 [-] ETA: 5m1s
[1A[Jprocessed files:  86 / 180 [-] ETA: 5m1s
[1A[Jprocessed files:  86 / 180 [-] ETA: 5m1s
[1A[Jprocessed files:  86 / 180 [-] ETA: 5m1s
[1A[Jprocessed files:  86 / 180 [-] ETA: 5m1s
[1A[Jprocessed files:  86 / 180 [-] ETA: 5m1s
[1A[Jprocessed files:  86 / 180 [-] ETA: 5m1s
[1A[Jprocessed files:  86 / 180 [-] ETA: 5m1s
[1A[Jprocessed files:  86 / 180 [-] ETA: 5m1s
[1A[Jprocessed files:  86 / 180 [-] ETA: 5m1s
[1A[Jprocessed files:  86 / 180 [-] ETA: 5m1s
[1A[Jprocessed files:  86 / 180 [-] ETA: 5m1s
[1A[Jprocessed files:  86 / 180 [-] ETA: 5m1s
[1A[Jprocessed files:  86 / 180 [-] ETA: 5m1s
[1A[Jprocessed files:  86 / 180 [-] ETA: 5m1s
[1A[Jprocessed files:  86 / 180 [-] ETA: 5m1s
[1A[Jprocessed files:  86 / 180 [-] ETA: 5m1s
[1A[Jprocessed files:  86 / 180 [-] ETA: 5m1s
[1A[Jprocessed files:  86 / 180 [-] ETA: 5m1s
[1A[Jprocessed files:  87 / 180 [] ETA: 4m27s
[1A[Jprocessed files:  87 / 180 [] ETA: 4m27s
[1A[Jprocessed files:  87 / 180 [] ETA: 4m27s
[1A[Jprocessed files:  87 / 180 [] ETA: 4m27s
[1A[Jprocessed files:  87 / 180 [] ETA: 4m27s
[1A[Jprocessed files:  87 / 180 [] ETA: 4m27s
[1A[Jprocessed files:  87 / 180 [] ETA: 4m27s
[1A[Jprocessed files:  87 / 180 [] ETA: 4m27s
[1A[Jprocessed files:  87 / 180 [] ETA: 4m27s
[1A[Jprocessed files:  87 / 180 [] ETA: 4m27s
[1A[Jprocessed files:  87 / 180 [] ETA: 4m27s
[1A[Jprocessed files:  87 / 180 [] ETA: 4m27s
[1A[Jprocessed files:  87 / 180 [] ETA: 4m27s
[1A[Jprocessed files:  87 / 180 [] ETA: 4m27s
[1A[Jprocessed files:  87 / 180 [] ETA: 4m27s
[1A[Jprocessed files:  87 / 180 [] ETA: 4m27s
[1A[Jprocessed files:  87 / 180 [] ETA: 4m27s
[1A[Jprocessed files:  87 / 180 [] ETA: 4m27s
[1A[Jprocessed files:  87 / 180 [] ETA: 4m27s
[1A[Jprocessed files:  87 / 180 [] ETA: 4m27s
[1A[Jprocessed files:  87 / 180 [] ETA: 4m27s
[1A[Jprocessed files:  87 / 180 [] ETA: 4m27s
[1A[Jprocessed files:  87 / 180 [] ETA: 4m27s
[1A[Jprocessed files:  87 / 180 [] ETA: 4m27s
[1A[Jprocessed files:  87 / 180 [] ETA: 4m27s
[1A[Jprocessed files:  88 / 180 [] ETA: 4m28s
[1A[Jprocessed files:  88 / 180 [] ETA: 4m28s
[1A[Jprocessed files:  88 / 180 [] ETA: 4m28s
[1A[Jprocessed files:  88 / 180 [] ETA: 4m28s
[1A[Jprocessed files:  88 / 180 [] ETA: 4m28s
[1A[Jprocessed files:  88 / 180 [] ETA: 4m28s
[1A[Jprocessed files:  88 / 180 [] ETA: 4m28s
[1A[Jprocessed files:  88 / 180 [] ETA: 4m28s
[1A[Jprocessed files:  88 / 180 [] ETA: 4m28s
[1A[Jprocessed files:  88 / 180 [] ETA: 4m28s
[1A[Jprocessed files:  88 / 180 [] ETA: 4m28s
[1A[Jprocessed files:  88 / 180 [] ETA: 4m28s
[1A[Jprocessed files:  88 / 180 [] ETA: 4m28s
[1A[Jprocessed files:  88 / 180 [] ETA: 4m28s
[1A[Jprocessed files:  88 / 180 [] ETA: 4m28s
[1A[Jprocessed files:  88 / 180 [] ETA: 4m28s
[1A[Jprocessed files:  88 / 180 [] ETA: 4m28s
[1A[Jprocessed files:  88 / 180 [] ETA: 4m28s
[1A[Jprocessed files:  88 / 180 [] ETA: 4m28s
[1A[Jprocessed files:  88 / 180 [] ETA: 4m28s
[1A[Jprocessed files:  88 / 180 [] ETA: 4m28s
[1A[Jprocessed files:  88 / 180 [] ETA: 4m28s
[1A[Jprocessed files:  88 / 180 [] ETA: 4m28s
[1A[Jprocessed files:  88 / 180 [] ETA: 4m28s
[1A[Jprocessed files:  88 / 180 [] ETA: 4m28s
[1A[Jprocessed files:  88 / 180 [] ETA: 4m28s
[1A[Jprocessed files:  88 / 180 [] ETA: 4m28s
[1A[Jprocessed files:  88 / 180 [] ETA: 4m28s
[1A[Jprocessed files:  89 / 180 [] ETA: 4m40s
[1A[Jprocessed files:  89 / 180 [] ETA: 4m40s
[1A[Jprocessed files:  89 / 180 [] ETA: 4m40s
[1A[Jprocessed files:  89 / 180 [] ETA: 4m40s
[1A[Jprocessed files:  89 / 180 [] ETA: 4m40s
[1A[Jprocessed files:  89 / 180 [] ETA: 4m40s
[1A[Jprocessed files:  89 / 180 [] ETA: 4m40s
[1A[Jprocessed files:  89 / 180 [] ETA: 4m40s
[1A[Jprocessed files:  89 / 180 [] ETA: 4m40s
[1A[Jprocessed files:  89 / 180 [] ETA: 4m40s
[1A[Jprocessed files:  89 / 180 [] ETA: 4m40s
[1A[Jprocessed files:  89 / 180 [] ETA: 4m40s
[1A[Jprocessed files:  89 / 180 [] ETA: 4m40s
[1A[Jprocessed files:  89 / 180 [] ETA: 4m40s
[1A[Jprocessed files:  89 / 180 [] ETA: 4m40s
[1A[Jprocessed files:  89 / 180 [] ETA: 4m40s
[1A[Jprocessed files:  89 / 180 [] ETA: 4m40s
[1A[Jprocessed files:  89 / 180 [] ETA: 4m40s
[1A[Jprocessed files:  89 / 180 [] ETA: 4m40s
[1A[Jprocessed files:  89 / 180 [] ETA: 4m40s
[1A[Jprocessed files:  89 / 180 [] ETA: 4m40s
[1A[Jprocessed files:  89 / 180 [] ETA: 4m40s
[1A[Jprocessed files:  89 / 180 [] ETA: 4m40s
[1A[Jprocessed files:  89 / 180 [] ETA: 4m40s
[1A[Jprocessed files:  89 / 180 [] ETA: 4m40s
[1A[Jprocessed files:  90 / 180 [] ETA: 4m33s
[1A[Jprocessed files:  90 / 180 [] ETA: 4m33s
[1A[Jprocessed files:  90 / 180 [] ETA: 4m33s
[1A[Jprocessed files:  90 / 180 [] ETA: 4m33s
[1A[Jprocessed files:  90 / 180 [] ETA: 4m33s
[1A[Jprocessed files:  90 / 180 [] ETA: 4m33s
[1A[Jprocessed files:  90 / 180 [] ETA: 4m33s
[1A[Jprocessed files:  90 / 180 [] ETA: 4m33s
[1A[Jprocessed files:  90 / 180 [] ETA: 4m33s
[1A[Jprocessed files:  90 / 180 [] ETA: 4m33s
[1A[Jprocessed files:  90 / 180 [] ETA: 4m33s
[1A[Jprocessed files:  90 / 180 [] ETA: 4m33s
[1A[Jprocessed files:  90 / 180 [] ETA: 4m33s
[1A[Jprocessed files:  90 / 180 [] ETA: 4m33s
[1A[Jprocessed files:  90 / 180 [] ETA: 4m33s
[1A[Jprocessed files:  90 / 180 [] ETA: 4m33s
[1A[Jprocessed files:  90 / 180 [] ETA: 4m33s
[1A[Jprocessed files:  90 / 180 [] ETA: 4m33s
[1A[Jprocessed files:  91 / 180 [=] ETA: 4m4s
[1A[Jprocessed files:  91 / 180 [=] ETA: 4m4s
[1A[Jprocessed files:  91 / 180 [=] ETA: 4m4s
[1A[Jprocessed files:  91 / 180 [=] ETA: 4m4s
[1A[Jprocessed files:  91 / 180 [=] ETA: 4m4s
[1A[Jprocessed files:  91 / 180 [=] ETA: 4m4s
[1A[Jprocessed files:  91 / 180 [=] ETA: 4m4s
[1A[Jprocessed files:  91 / 180 [=] ETA: 4m4s
[1A[Jprocessed files:  91 / 180 [=] ETA: 4m4s
[1A[Jprocessed files:  91 / 180 [=] ETA: 4m4s
[1A[Jprocessed files:  91 / 180 [=] ETA: 4m4s
[1A[Jprocessed files:  91 / 180 [=] ETA: 4m4s
[1A[Jprocessed files:  91 / 180 [=] ETA: 4m4s
[1A[Jprocessed files:  91 / 180 [=] ETA: 4m4s
[1A[Jprocessed files:  91 / 180 [=] ETA: 4m4s
[1A[Jprocessed files:  91 / 180 [=] ETA: 4m4s
[1A[Jprocessed files:  91 / 180 [=] ETA: 4m4s
[1A[Jprocessed files:  91 / 180 [=] ETA: 4m4s
[1A[Jprocessed files:  91 / 180 [=] ETA: 4m4s
[1A[Jprocessed files:  92 / 180 [] ETA: 3m48s
[1A[Jprocessed files:  92 / 180 [] ETA: 3m48s
[1A[Jprocessed files:  92 / 180 [] ETA: 3m48s
[1A[Jprocessed files:  92 / 180 [] ETA: 3m48s
[1A[Jprocessed files:  92 / 180 [] ETA: 3m48s
[1A[Jprocessed files:  92 / 180 [] ETA: 3m48s
[1A[Jprocessed files:  92 / 180 [] ETA: 3m48s
[1A[Jprocessed files:  92 / 180 [] ETA: 3m48s
[1A[Jprocessed files:  92 / 180 [] ETA: 3m48s
[1A[Jprocessed files:  92 / 180 [] ETA: 3m48s
[1A[Jprocessed files:  92 / 180 [] ETA: 3m48s
[1A[Jprocessed files:  92 / 180 [] ETA: 3m48s
[1A[Jprocessed files:  92 / 180 [] ETA: 3m48s
[1A[Jprocessed files:  92 / 180 [] ETA: 3m48s
[1A[Jprocessed files:  92 / 180 [] ETA: 3m48s
[1A[Jprocessed files:  92 / 180 [] ETA: 3m48s
[1A[Jprocessed files:  92 / 180 [] ETA: 3m48s
[1A[Jprocessed files:  92 / 180 [] ETA: 3m48s
[1A[Jprocessed files:  92 / 180 [] ETA: 3m48s
[1A[Jprocessed files:  92 / 180 [] ETA: 3m48s
[1A[Jprocessed files:  93 / 180 [] ETA: 3m38s
[1A[Jprocessed files:  93 / 180 [] ETA: 3m38s
[1A[Jprocessed files:  93 / 180 [] ETA: 3m38s
[1A[Jprocessed files:  93 / 180 [] ETA: 3m38s
[1A[Jprocessed files:  93 / 180 [] ETA: 3m38s
[1A[Jprocessed files:  93 / 180 [] ETA: 3m38s
[1A[Jprocessed files:  93 / 180 [] ETA: 3m38s
[1A[Jprocessed files:  93 / 180 [] ETA: 3m38s
[1A[Jprocessed files:  93 / 180 [] ETA: 3m38s
[1A[Jprocessed files:  93 / 180 [] ETA: 3m38s
[1A[Jprocessed files:  93 / 180 [] ETA: 3m38s
[1A[Jprocessed files:  93 / 180 [] ETA: 3m38s
[1A[Jprocessed files:  93 / 180 [] ETA: 3m38s
[1A[Jprocessed files:  93 / 180 [] ETA: 3m38s
[1A[Jprocessed files:  93 / 180 [] ETA: 3m38s
[1A[Jprocessed files:  93 / 180 [] ETA: 3m38s
[1A[Jprocessed files:  93 / 180 [] ETA: 3m38s
[1A[Jprocessed files:  93 / 180 [] ETA: 3m38s
[1A[Jprocessed files:  93 / 180 [] ETA: 3m38s
[1A[Jprocessed files:  93 / 180 [] ETA: 3m38s
[1A[Jprocessed files:  93 / 180 [] ETA: 3m38s
[1A[Jprocessed files:  94 / 180 [] ETA: 3m37s
[1A[Jprocessed files:  94 / 180 [] ETA: 3m37s
[1A[Jprocessed files:  94 / 180 [] ETA: 3m37s
[1A[Jprocessed files:  94 / 180 [] ETA: 3m37s
[1A[Jprocessed files:  94 / 180 [] ETA: 3m37s
[1A[Jprocessed files:  94 / 180 [] ETA: 3m37s
[1A[Jprocessed files:  94 / 180 [] ETA: 3m37s
[1A[Jprocessed files:  94 / 180 [] ETA: 3m37s
[1A[Jprocessed files:  94 / 180 [] ETA: 3m37s
[1A[Jprocessed files:  94 / 180 [] ETA: 3m37s
[1A[Jprocessed files:  94 / 180 [] ETA: 3m37s
[1A[Jprocessed files:  94 / 180 [] ETA: 3m37s
[1A[Jprocessed files:  94 / 180 [] ETA: 3m37s
[1A[Jprocessed files:  94 / 180 [] ETA: 3m37s
[1A[Jprocessed files:  94 / 180 [] ETA: 3m37s
[1A[Jprocessed files:  94 / 180 [] ETA: 3m37s
[1A[Jprocessed files:  94 / 180 [] ETA: 3m37s
[1A[Jprocessed files:  94 / 180 [] ETA: 3m37s
[1A[Jprocessed files:  94 / 180 [] ETA: 3m37s
[1A[Jprocessed files:  94 / 180 [] ETA: 3m37s
[1A[Jprocessed files:  94 / 180 [] ETA: 3m37s
[1A[Jprocessed files:  95 / 180 [] ETA: 3m33s
[1A[Jprocessed files:  95 / 180 [] ETA: 3m33s
[1A[Jprocessed files:  95 / 180 [] ETA: 3m33s
[1A[Jprocessed files:  95 / 180 [] ETA: 3m33s
[1A[Jprocessed files:  95 / 180 [] ETA: 3m33s
[1A[Jprocessed files:  95 / 180 [] ETA: 3m33s
[1A[Jprocessed files:  95 / 180 [] ETA: 3m33s
[1A[Jprocessed files:  95 / 180 [] ETA: 3m33s
[1A[Jprocessed files:  95 / 180 [] ETA: 3m33s
[1A[Jprocessed files:  95 / 180 [] ETA: 3m33s
[1A[Jprocessed files:  95 / 180 [] ETA: 3m33s
[1A[Jprocessed files:  95 / 180 [] ETA: 3m33s
[1A[Jprocessed files:  95 / 180 [] ETA: 3m33s
[1A[Jprocessed files:  95 / 180 [] ETA: 3m33s
[1A[Jprocessed files:  95 / 180 [] ETA: 3m33s
[1A[Jprocessed files:  95 / 180 [] ETA: 3m33s
[1A[Jprocessed files:  95 / 180 [] ETA: 3m33s
[1A[Jprocessed files:  95 / 180 [] ETA: 3m33s
[1A[Jprocessed files:  95 / 180 [] ETA: 3m33s
[1A[Jprocessed files:  95 / 180 [] ETA: 3m33s
[1A[Jprocessed files:  95 / 180 [] ETA: 3m33s
[1A[Jprocessed files:  95 / 180 [] ETA: 3m33s
[1A[Jprocessed files:  96 / 180 [] ETA: 3m34s
[1A[Jprocessed files:  96 / 180 [] ETA: 3m34s
[1A[Jprocessed files:  96 / 180 [] ETA: 3m34s
[1A[Jprocessed files:  96 / 180 [] ETA: 3m34s
[1A[Jprocessed files:  96 / 180 [] ETA: 3m34s
[1A[Jprocessed files:  96 / 180 [] ETA: 3m34s
[1A[Jprocessed files:  96 / 180 [] ETA: 3m34s
[1A[Jprocessed files:  96 / 180 [] ETA: 3m34s
[1A[Jprocessed files:  96 / 180 [] ETA: 3m34s
[1A[Jprocessed files:  96 / 180 [] ETA: 3m34s
[1A[Jprocessed files:  96 / 180 [] ETA: 3m34s
[1A[Jprocessed files:  96 / 180 [] ETA: 3m34s
[1A[Jprocessed files:  96 / 180 [] ETA: 3m34s
[1A[Jprocessed files:  96 / 180 [] ETA: 3m34s
[1A[Jprocessed files:  96 / 180 [] ETA: 3m34s
[1A[Jprocessed files:  96 / 180 [] ETA: 3m34s
[1A[Jprocessed files:  96 / 180 [] ETA: 3m34s
[1A[Jprocessed files:  96 / 180 [] ETA: 3m34s
[1A[Jprocessed files:  96 / 180 [] ETA: 3m34s
[1A[Jprocessed files:  96 / 180 [] ETA: 3m34s
[1A[Jprocessed files:  96 / 180 [] ETA: 3m34s
[1A[Jprocessed files:  96 / 180 [] ETA: 3m34s
[1A[Jprocessed files:  96 / 180 [] ETA: 3m34s
[1A[Jprocessed files:  96 / 180 [] ETA: 3m34s
[1A[Jprocessed files:  96 / 180 [] ETA: 3m34s
[1A[Jprocessed files:  97 / 180 [] ETA: 3m45s
[1A[Jprocessed files:  97 / 180 [] ETA: 3m45s
[1A[Jprocessed files:  97 / 180 [] ETA: 3m45s
[1A[Jprocessed files:  97 / 180 [] ETA: 3m45s
[1A[Jprocessed files:  97 / 180 [] ETA: 3m45s
[1A[Jprocessed files:  97 / 180 [] ETA: 3m45s
[1A[Jprocessed files:  97 / 180 [] ETA: 3m45s
[1A[Jprocessed files:  97 / 180 [] ETA: 3m45s
[1A[Jprocessed files:  97 / 180 [] ETA: 3m45s
[1A[Jprocessed files:  97 / 180 [] ETA: 3m45s
[1A[Jprocessed files:  97 / 180 [] ETA: 3m45s
[1A[Jprocessed files:  97 / 180 [] ETA: 3m45s
[1A[Jprocessed files:  97 / 180 [] ETA: 3m45s
[1A[Jprocessed files:  97 / 180 [] ETA: 3m45s
[1A[Jprocessed files:  97 / 180 [] ETA: 3m45s
[1A[Jprocessed files:  97 / 180 [] ETA: 3m45s
[1A[Jprocessed files:  97 / 180 [] ETA: 3m45s
[1A[Jprocessed files:  97 / 180 [] ETA: 3m45s
[1A[Jprocessed files:  97 / 180 [] ETA: 3m45s
[1A[Jprocessed files:  97 / 180 [] ETA: 3m45s
[1A[Jprocessed files:  97 / 180 [] ETA: 3m45s
[1A[Jprocessed files:  97 / 180 [] ETA: 3m45s
[1A[Jprocessed files:  97 / 180 [] ETA: 3m45s
[1A[Jprocessed files:  97 / 180 [] ETA: 3m45s
[1A[Jprocessed files:  97 / 180 [] ETA: 3m45s
[1A[Jprocessed files:  97 / 180 [] ETA: 3m45s
[1A[Jprocessed files:  97 / 180 [] ETA: 3m45s
[1A[Jprocessed files:  98 / 180 [] ETA: 3m57s
[1A[Jprocessed files:  98 / 180 [] ETA: 3m57s
[1A[Jprocessed files:  98 / 180 [] ETA: 3m57s
[1A[Jprocessed files:  98 / 180 [] ETA: 3m57s
[1A[Jprocessed files:  98 / 180 [] ETA: 3m57s
[1A[Jprocessed files:  98 / 180 [] ETA: 3m57s
[1A[Jprocessed files:  98 / 180 [] ETA: 3m57s
[1A[Jprocessed files:  98 / 180 [] ETA: 3m57s
[1A[Jprocessed files:  98 / 180 [] ETA: 3m57s
[1A[Jprocessed files:  98 / 180 [] ETA: 3m57s
[1A[Jprocessed files:  98 / 180 [] ETA: 3m57s
[1A[Jprocessed files:  98 / 180 [] ETA: 3m57s
[1A[Jprocessed files:  98 / 180 [] ETA: 3m57s
[1A[Jprocessed files:  98 / 180 [] ETA: 3m57s
[1A[Jprocessed files:  98 / 180 [] ETA: 3m57s
[1A[Jprocessed files:  98 / 180 [] ETA: 3m57s
[1A[Jprocessed files:  98 / 180 [] ETA: 3m57s
[1A[Jprocessed files:  98 / 180 [] ETA: 3m57s
[1A[Jprocessed files:  98 / 180 [] ETA: 3m57s
[1A[Jprocessed files:  98 / 180 [] ETA: 3m57s
[1A[Jprocessed files:  98 / 180 [] ETA: 3m57s
[1A[Jprocessed files:  98 / 180 [] ETA: 3m57s
[1A[Jprocessed files:  99 / 180 [] ETA: 3m46s
[1A[Jprocessed files:  99 / 180 [] ETA: 3m46s
[1A[Jprocessed files:  99 / 180 [] ETA: 3m46s
[1A[Jprocessed files:  99 / 180 [] ETA: 3m46s
[1A[Jprocessed files:  99 / 180 [] ETA: 3m46s
[1A[Jprocessed files:  99 / 180 [] ETA: 3m46s
[1A[Jprocessed files:  99 / 180 [] ETA: 3m46s
[1A[Jprocessed files:  99 / 180 [] ETA: 3m46s
[1A[Jprocessed files:  99 / 180 [] ETA: 3m46s
[1A[Jprocessed files:  99 / 180 [] ETA: 3m46s
[1A[Jprocessed files:  99 / 180 [] ETA: 3m46s
[1A[Jprocessed files:  99 / 180 [] ETA: 3m46s
[1A[Jprocessed files:  99 / 180 [] ETA: 3m46s
[1A[Jprocessed files:  99 / 180 [] ETA: 3m46s
[1A[Jprocessed files:  99 / 180 [] ETA: 3m46s
[1A[Jprocessed files:  99 / 180 [] ETA: 3m46s
[1A[Jprocessed files:  99 / 180 [] ETA: 3m46s
[1A[Jprocessed files:  99 / 180 [] ETA: 3m46s
[1A[Jprocessed files:  99 / 180 [] ETA: 3m46s
[1A[Jprocessed files:  99 / 180 [] ETA: 3m46s
[1A[Jprocessed files:  99 / 180 [] ETA: 3m46s
[1A[Jprocessed files:  99 / 180 [] ETA: 3m46s
[1A[Jprocessed files:  99 / 180 [] ETA: 3m46s
[1A[Jprocessed files:  100 / 180  ETA: 3m43s
[1A[Jprocessed files:  100 / 180  ETA: 3m43s
[1A[Jprocessed files:  100 / 180  ETA: 3m43s
[1A[Jprocessed files:  100 / 180  ETA: 3m43s
[1A[Jprocessed files:  100 / 180  ETA: 3m43s
[1A[Jprocessed files:  100 / 180  ETA: 3m43s
[1A[Jprocessed files:  100 / 180  ETA: 3m43s
[1A[Jprocessed files:  100 / 180  ETA: 3m43s
[1A[Jprocessed files:  100 / 180  ETA: 3m43s
[1A[Jprocessed files:  100 / 180  ETA: 3m43s
[1A[Jprocessed files:  100 / 180  ETA: 3m43s
[1A[Jprocessed files:  100 / 180  ETA: 3m43s
[1A[Jprocessed files:  100 / 180  ETA: 3m43s
[1A[Jprocessed files:  100 / 180  ETA: 3m43s
[1A[Jprocessed files:  100 / 180  ETA: 3m43s
[1A[Jprocessed files:  100 / 180  ETA: 3m43s
[1A[Jprocessed files:  100 / 180  ETA: 3m43s
[1A[Jprocessed files:  100 / 180  ETA: 3m43s
[1A[Jprocessed files:  100 / 180  ETA: 3m43s
[1A[Jprocessed files:  100 / 180  ETA: 3m43s
[1A[Jprocessed files:  100 / 180  ETA: 3m43s
[1A[Jprocessed files:  100 / 180  ETA: 3m43s
[1A[Jprocessed files:  100 / 180  ETA: 3m43s
[1A[Jprocessed files:  100 / 180  ETA: 3m43s
[1A[Jprocessed files:  100 / 180  ETA: 3m43s
[1A[Jprocessed files:  101 / 180  ETA: 3m46s
[1A[Jprocessed files:  101 / 180  ETA: 3m46s
[1A[Jprocessed files:  101 / 180  ETA: 3m46s
[1A[Jprocessed files:  101 / 180  ETA: 3m46s
[1A[Jprocessed files:  101 / 180  ETA: 3m46s
[1A[Jprocessed files:  101 / 180  ETA: 3m46s
[1A[Jprocessed files:  101 / 180  ETA: 3m46s
[1A[Jprocessed files:  101 / 180  ETA: 3m46s
[1A[Jprocessed files:  101 / 180  ETA: 3m46s
[1A[Jprocessed files:  101 / 180  ETA: 3m46s
[1A[Jprocessed files:  101 / 180  ETA: 3m46s
[1A[Jprocessed files:  101 / 180  ETA: 3m46s
[1A[Jprocessed files:  101 / 180  ETA: 3m46s
[1A[Jprocessed files:  101 / 180  ETA: 3m46s
[1A[Jprocessed files:  101 / 180  ETA: 3m46s
[1A[Jprocessed files:  101 / 180  ETA: 3m46s
[1A[Jprocessed files:  101 / 180  ETA: 3m46s
[1A[Jprocessed files:  101 / 180  ETA: 3m46s
[1A[Jprocessed files:  101 / 180  ETA: 3m46s
[1A[Jprocessed files:  101 / 180  ETA: 3m46s
[1A[Jprocessed files:  101 / 180  ETA: 3m46s
[1A[Jprocessed files:  101 / 180  ETA: 3m46s
[1A[Jprocessed files:  101 / 180  ETA: 3m46s
[1A[Jprocessed files:  101 / 180  ETA: 3m46s
[1A[Jprocessed files:  101 / 180  ETA: 3m46s
[1A[Jprocessed files:  101 / 180  ETA: 3m46s
[1A[Jprocessed files:  101 / 180  ETA: 3m46s
[1A[Jprocessed files:  102 / 180  ETA: 3m53s
[1A[Jprocessed files:  102 / 180  ETA: 3m53s
[1A[Jprocessed files:  102 / 180  ETA: 3m53s
[1A[Jprocessed files:  102 / 180  ETA: 3m53s
[1A[Jprocessed files:  102 / 180  ETA: 3m53s
[1A[Jprocessed files:  102 / 180  ETA: 3m53s
[1A[Jprocessed files:  102 / 180  ETA: 3m53s
[1A[Jprocessed files:  102 / 180  ETA: 3m53s
[1A[Jprocessed files:  102 / 180  ETA: 3m53s
[1A[Jprocessed files:  102 / 180  ETA: 3m53s
[1A[Jprocessed files:  102 / 180  ETA: 3m53s
[1A[Jprocessed files:  102 / 180  ETA: 3m53s
[1A[Jprocessed files:  102 / 180  ETA: 3m53s
[1A[Jprocessed files:  102 / 180  ETA: 3m53s
[1A[Jprocessed files:  102 / 180  ETA: 3m53s
[1A[Jprocessed files:  102 / 180  ETA: 3m53s
[1A[Jprocessed files:  102 / 180  ETA: 3m53s
[1A[Jprocessed files:  102 / 180  ETA: 3m53s
[1A[Jprocessed files:  102 / 180  ETA: 3m53s
[1A[Jprocessed files:  102 / 180  ETA: 3m53s
[1A[Jprocessed files:  102 / 180  ETA: 3m53s
[1A[Jprocessed files:  102 / 180  ETA: 3m53s
[1A[Jprocessed files:  102 / 180  ETA: 3m53s
[1A[Jprocessed files:  102 / 180  ETA: 3m53s
[1A[Jprocessed files:  102 / 180  ETA: 3m53s
[1A[Jprocessed files:  103 / 180  ETA: 3m50s
[1A[Jprocessed files:  103 / 180  ETA: 3m50s
[1A[Jprocessed files:  103 / 180  ETA: 3m50s
[1A[Jprocessed files:  103 / 180  ETA: 3m50s
[1A[Jprocessed files:  103 / 180  ETA: 3m50s
[1A[Jprocessed files:  103 / 180  ETA: 3m50s
[1A[Jprocessed files:  103 / 180  ETA: 3m50s
[1A[Jprocessed files:  103 / 180  ETA: 3m50s
[1A[Jprocessed files:  103 / 180  ETA: 3m50s
[1A[Jprocessed files:  103 / 180  ETA: 3m50s
[1A[Jprocessed files:  103 / 180  ETA: 3m50s
[1A[Jprocessed files:  103 / 180  ETA: 3m50s
[1A[Jprocessed files:  103 / 180  ETA: 3m50s
[1A[Jprocessed files:  103 / 180  ETA: 3m50s
[1A[Jprocessed files:  103 / 180  ETA: 3m50s
[1A[Jprocessed files:  103 / 180  ETA: 3m50s
[1A[Jprocessed files:  103 / 180  ETA: 3m50s
[1A[Jprocessed files:  103 / 180  ETA: 3m50s
[1A[Jprocessed files:  103 / 180  ETA: 3m50s
[1A[Jprocessed files:  103 / 180  ETA: 3m50s
[1A[Jprocessed files:  103 / 180  ETA: 3m50s
[1A[Jprocessed files:  103 / 180  ETA: 3m50s
[1A[Jprocessed files:  103 / 180  ETA: 3m50s
[1A[Jprocessed files:  103 / 180  ETA: 3m50s
[1A[Jprocessed files:  103 / 180  ETA: 3m50s
[1A[Jprocessed files:  103 / 180  ETA: 3m50s
[1A[Jprocessed files:  103 / 180  ETA: 3m50s
[1A[Jprocessed files:  103 / 180  ETA: 3m50s
[1A[Jprocessed files:  104 / 180  ETA: 3m55s
[1A[Jprocessed files:  104 / 180  ETA: 3m55s
[1A[Jprocessed files:  104 / 180  ETA: 3m55s
[1A[Jprocessed files:  104 / 180  ETA: 3m55s
[1A[Jprocessed files:  104 / 180  ETA: 3m55s
[1A[Jprocessed files:  104 / 180  ETA: 3m55s
[1A[Jprocessed files:  104 / 180  ETA: 3m55s
[1A[Jprocessed files:  104 / 180  ETA: 3m55s
[1A[Jprocessed files:  104 / 180  ETA: 3m55s
[1A[Jprocessed files:  104 / 180  ETA: 3m55s
[1A[Jprocessed files:  104 / 180  ETA: 3m55s
[1A[Jprocessed files:  104 / 180  ETA: 3m55s
[1A[Jprocessed files:  104 / 180  ETA: 3m55s
[1A[Jprocessed files:  104 / 180  ETA: 3m55s
[1A[Jprocessed files:  104 / 180  ETA: 3m55s
[1A[Jprocessed files:  104 / 180  ETA: 3m55s
[1A[Jprocessed files:  104 / 180  ETA: 3m55s
[1A[Jprocessed files:  104 / 180  ETA: 3m55s
[1A[Jprocessed files:  104 / 180  ETA: 3m55s
[1A[Jprocessed files:  104 / 180  ETA: 3m55s
[1A[Jprocessed files:  105 / 180  ETA: 3m35s
[1A[Jprocessed files:  105 / 180  ETA: 3m35s
[1A[Jprocessed files:  105 / 180  ETA: 3m35s
[1A[Jprocessed files:  105 / 180  ETA: 3m35s
[1A[Jprocessed files:  105 / 180  ETA: 3m35s
[1A[Jprocessed files:  105 / 180  ETA: 3m35s
[1A[Jprocessed files:  105 / 180  ETA: 3m35s
[1A[Jprocessed files:  105 / 180  ETA: 3m35s
[1A[Jprocessed files:  105 / 180  ETA: 3m35s
[1A[Jprocessed files:  105 / 180  ETA: 3m35s
[1A[Jprocessed files:  105 / 180  ETA: 3m35s
[1A[Jprocessed files:  105 / 180  ETA: 3m35s
[1A[Jprocessed files:  105 / 180  ETA: 3m35s
[1A[Jprocessed files:  105 / 180  ETA: 3m35s
[1A[Jprocessed files:  105 / 180  ETA: 3m35s
[1A[Jprocessed files:  105 / 180  ETA: 3m35s
[1A[Jprocessed files:  105 / 180  ETA: 3m35s
[1A[Jprocessed files:  105 / 180  ETA: 3m35s
[1A[Jprocessed files:  105 / 180  ETA: 3m35s
[1A[Jprocessed files:  105 / 180  ETA: 3m35s
[1A[Jprocessed files:  105 / 180  ETA: 3m35s
[1A[Jprocessed files:  105 / 180  ETA: 3m35s
[1A[Jprocessed files:  106 / 180  ETA: 3m28s
[1A[Jprocessed files:  106 / 180  ETA: 3m28s
[1A[Jprocessed files:  106 / 180  ETA: 3m28s
[1A[Jprocessed files:  106 / 180  ETA: 3m28s
[1A[Jprocessed files:  106 / 180  ETA: 3m28s
[1A[Jprocessed files:  106 / 180  ETA: 3m28s
[1A[Jprocessed files:  106 / 180  ETA: 3m28s
[1A[Jprocessed files:  106 / 180  ETA: 3m28s
[1A[Jprocessed files:  106 / 180  ETA: 3m28s
[1A[Jprocessed files:  106 / 180  ETA: 3m28s
[1A[Jprocessed files:  106 / 180  ETA: 3m28s
[1A[Jprocessed files:  106 / 180  ETA: 3m28s
[1A[Jprocessed files:  106 / 180  ETA: 3m28s
[1A[Jprocessed files:  106 / 180  ETA: 3m28s
[1A[Jprocessed files:  106 / 180  ETA: 3m28s
[1A[Jprocessed files:  106 / 180  ETA: 3m28s
[1A[Jprocessed files:  106 / 180  ETA: 3m28s
[1A[Jprocessed files:  106 / 180  ETA: 3m28s
[1A[Jprocessed files:  106 / 180  ETA: 3m28s
[1A[Jprocessed files:  106 / 180  ETA: 3m28s
[1A[Jprocessed files:  106 / 180  ETA: 3m28s
[1A[Jprocessed files:  106 / 180  ETA: 3m28s
[1A[Jprocessed files:  106 / 180  ETA: 3m28s
[1A[Jprocessed files:  106 / 180  ETA: 3m28s
[1A[Jprocessed files:  106 / 180  ETA: 3m28s
[1A[Jprocessed files:  106 / 180  ETA: 3m28s
[1A[Jprocessed files:  106 / 180  ETA: 3m28s
[1A[Jprocessed files:  106 / 180  ETA: 3m28s
[1A[Jprocessed files:  106 / 180  ETA: 3m28s
[1A[Jprocessed files:  106 / 180  ETA: 3m28s
[1A[Jprocessed files:  107 / 180  ETA: 3m42s
[1A[Jprocessed files:  107 / 180  ETA: 3m42s
[1A[Jprocessed files:  107 / 180  ETA: 3m42s
[1A[Jprocessed files:  107 / 180  ETA: 3m42s
[1A[Jprocessed files:  107 / 180  ETA: 3m42s
[1A[Jprocessed files:  107 / 180  ETA: 3m42s
[1A[Jprocessed files:  107 / 180  ETA: 3m42s
[1A[Jprocessed files:  107 / 180  ETA: 3m42s
[1A[Jprocessed files:  107 / 180  ETA: 3m42s
[1A[Jprocessed files:  107 / 180  ETA: 3m42s
[1A[Jprocessed files:  107 / 180  ETA: 3m42s
[1A[Jprocessed files:  107 / 180  ETA: 3m42s
[1A[Jprocessed files:  107 / 180  ETA: 3m42s
[1A[Jprocessed files:  107 / 180  ETA: 3m42s
[1A[Jprocessed files:  107 / 180  ETA: 3m42s
[1A[Jprocessed files:  107 / 180  ETA: 3m42s
[1A[Jprocessed files:  107 / 180  ETA: 3m42s
[1A[Jprocessed files:  107 / 180  ETA: 3m42s
[1A[Jprocessed files:  107 / 180  ETA: 3m42s
[1A[Jprocessed files:  107 / 180  ETA: 3m42s
[1A[Jprocessed files:  107 / 180  ETA: 3m42s
[1A[Jprocessed files:  107 / 180  ETA: 3m42s
[1A[Jprocessed files:  107 / 180  ETA: 3m42s
[1A[Jprocessed files:  107 / 180  ETA: 3m42s
[1A[Jprocessed files:  107 / 180  ETA: 3m42s
[1A[Jprocessed files:  107 / 180  ETA: 3m42s
[1A[Jprocessed files:  107 / 180  ETA: 3m42s
[1A[Jprocessed files:  107 / 180  ETA: 3m42s
[1A[Jprocessed files:  107 / 180  ETA: 3m42s
[1A[Jprocessed files:  107 / 180  ETA: 3m42s
[1A[Jprocessed files:  107 / 180  ETA: 3m42s
[1A[Jprocessed files:  108 / 180  ETA: 3m57s
[1A[Jprocessed files:  108 / 180  ETA: 3m57s
[1A[Jprocessed files:  108 / 180  ETA: 3m57s
[1A[Jprocessed files:  108 / 180  ETA: 3m57s
[1A[Jprocessed files:  108 / 180  ETA: 3m57s
[1A[Jprocessed files:  108 / 180  ETA: 3m57s
[1A[Jprocessed files:  108 / 180  ETA: 3m57s
[1A[Jprocessed files:  108 / 180  ETA: 3m57s
[1A[Jprocessed files:  108 / 180  ETA: 3m57s
[1A[Jprocessed files:  108 / 180  ETA: 3m57s
[1A[Jprocessed files:  108 / 180  ETA: 3m57s
[1A[Jprocessed files:  108 / 180  ETA: 3m57s
[1A[Jprocessed files:  108 / 180  ETA: 3m57s
[1A[Jprocessed files:  108 / 180  ETA: 3m57s
[1A[Jprocessed files:  108 / 180  ETA: 3m57s
[1A[Jprocessed files:  108 / 180  ETA: 3m57s
[1A[Jprocessed files:  108 / 180  ETA: 3m57s
[1A[Jprocessed files:  108 / 180  ETA: 3m57s
[1A[Jprocessed files:  108 / 180  ETA: 3m57s
[1A[Jprocessed files:  108 / 180  ETA: 3m57s
[1A[Jprocessed files:  108 / 180  ETA: 3m57s
[1A[Jprocessed files:  108 / 180  ETA: 3m57s
[1A[Jprocessed files:  108 / 180  ETA: 3m57s
[1A[Jprocessed files:  108 / 180  ETA: 3m57s
[1A[Jprocessed files:  108 / 180  ETA: 3m57s
[1A[Jprocessed files:  109 / 180  ETA: 3m45s
[1A[Jprocessed files:  109 / 180  ETA: 3m45s
[1A[Jprocessed files:  109 / 180  ETA: 3m45s
[1A[Jprocessed files:  109 / 180  ETA: 3m45s
[1A[Jprocessed files:  109 / 180  ETA: 3m45s
[1A[Jprocessed files:  109 / 180  ETA: 3m45s
[1A[Jprocessed files:  109 / 180  ETA: 3m45s
[1A[Jprocessed files:  109 / 180  ETA: 3m45s
[1A[Jprocessed files:  109 / 180  ETA: 3m45s
[1A[Jprocessed files:  109 / 180  ETA: 3m45s
[1A[Jprocessed files:  109 / 180  ETA: 3m45s
[1A[Jprocessed files:  109 / 180  ETA: 3m45s
[1A[Jprocessed files:  109 / 180  ETA: 3m45s
[1A[Jprocessed files:  109 / 180  ETA: 3m45s
[1A[Jprocessed files:  109 / 180  ETA: 3m45s
[1A[Jprocessed files:  109 / 180  ETA: 3m45s
[1A[Jprocessed files:  109 / 180  ETA: 3m45s
[1A[Jprocessed files:  109 / 180  ETA: 3m45s
[1A[Jprocessed files:  109 / 180  ETA: 3m45s
[1A[Jprocessed files:  109 / 180  ETA: 3m45s
[1A[Jprocessed files:  109 / 180  ETA: 3m45s
[1A[Jprocessed files:  109 / 180  ETA: 3m45s
[1A[Jprocessed files:  109 / 180  ETA: 3m45s
[1A[Jprocessed files:  109 / 180  ETA: 3m45s
[1A[Jprocessed files:  109 / 180  ETA: 3m45s
[1A[Jprocessed files:  109 / 180  ETA: 3m45s
[1A[Jprocessed files:  110 / 180  ETA: 3m40s
[1A[Jprocessed files:  110 / 180  ETA: 3m40s
[1A[Jprocessed files:  110 / 180  ETA: 3m40s
[1A[Jprocessed files:  110 / 180  ETA: 3m40s
[1A[Jprocessed files:  110 / 180  ETA: 3m40s
[1A[Jprocessed files:  110 / 180  ETA: 3m40s
[1A[Jprocessed files:  110 / 180  ETA: 3m40s
[1A[Jprocessed files:  110 / 180  ETA: 3m40s
[1A[Jprocessed files:  110 / 180  ETA: 3m40s
[1A[Jprocessed files:  110 / 180  ETA: 3m40s
[1A[Jprocessed files:  110 / 180  ETA: 3m40s
[1A[Jprocessed files:  110 / 180  ETA: 3m40s
[1A[Jprocessed files:  110 / 180  ETA: 3m40s
[1A[Jprocessed files:  110 / 180  ETA: 3m40s
[1A[Jprocessed files:  110 / 180  ETA: 3m40s
[1A[Jprocessed files:  110 / 180  ETA: 3m40s
[1A[Jprocessed files:  110 / 180  ETA: 3m40s
[1A[Jprocessed files:  110 / 180  ETA: 3m40s
[1A[Jprocessed files:  110 / 180  ETA: 3m40s
[1A[Jprocessed files:  110 / 180  ETA: 3m40s
[1A[Jprocessed files:  110 / 180  ETA: 3m40s
[1A[Jprocessed files:  111 / 180  ETA: 3m24s
[1A[Jprocessed files:  111 / 180  ETA: 3m24s
[1A[Jprocessed files:  111 / 180  ETA: 3m24s
[1A[Jprocessed files:  111 / 180  ETA: 3m24s
[1A[Jprocessed files:  111 / 180  ETA: 3m24s
[1A[Jprocessed files:  111 / 180  ETA: 3m24s
[1A[Jprocessed files:  111 / 180  ETA: 3m24s
[1A[Jprocessed files:  111 / 180  ETA: 3m24s
[1A[Jprocessed files:  111 / 180  ETA: 3m24s
[1A[Jprocessed files:  111 / 180  ETA: 3m24s
[1A[Jprocessed files:  111 / 180  ETA: 3m24s
[1A[Jprocessed files:  111 / 180  ETA: 3m24s
[1A[Jprocessed files:  111 / 180  ETA: 3m24s
[1A[Jprocessed files:  111 / 180  ETA: 3m24s
[1A[Jprocessed files:  111 / 180  ETA: 3m24s
[1A[Jprocessed files:  111 / 180  ETA: 3m24s
[1A[Jprocessed files:  111 / 180  ETA: 3m24s
[1A[Jprocessed files:  111 / 180  ETA: 3m24s
[1A[Jprocessed files:  111 / 180  ETA: 3m24s
[1A[Jprocessed files:  111 / 180  ETA: 3m24s
[1A[Jprocessed files:  111 / 180  ETA: 3m24s
[1A[Jprocessed files:  111 / 180  ETA: 3m24s
[1A[Jprocessed files:  111 / 180  ETA: 3m24s
[1A[Jprocessed files:  111 / 180  ETA: 3m24s
[1A[Jprocessed files:  112 / 180  ETA: 3m17s
[1A[Jprocessed files:  112 / 180  ETA: 3m17s
[1A[Jprocessed files:  112 / 180  ETA: 3m17s
[1A[Jprocessed files:  112 / 180  ETA: 3m17s
[1A[Jprocessed files:  112 / 180  ETA: 3m17s
[1A[Jprocessed files:  112 / 180  ETA: 3m17s
[1A[Jprocessed files:  112 / 180  ETA: 3m17s
[1A[Jprocessed files:  112 / 180  ETA: 3m17s
[1A[Jprocessed files:  112 / 180  ETA: 3m17s
[1A[Jprocessed files:  112 / 180  ETA: 3m17s
[1A[Jprocessed files:  112 / 180  ETA: 3m17s
[1A[Jprocessed files:  112 / 180  ETA: 3m17s
[1A[Jprocessed files:  112 / 180  ETA: 3m17s
[1A[Jprocessed files:  112 / 180  ETA: 3m17s
[1A[Jprocessed files:  112 / 180  ETA: 3m17s
[1A[Jprocessed files:  112 / 180  ETA: 3m17s
[1A[Jprocessed files:  112 / 180  ETA: 3m17s
[1A[Jprocessed files:  112 / 180  ETA: 3m17s
[1A[Jprocessed files:  112 / 180  ETA: 3m17s
[1A[Jprocessed files:  113 / 180 [] ETA: 3m1s
[1A[Jprocessed files:  113 / 180 [] ETA: 3m1s
[1A[Jprocessed files:  113 / 180 [] ETA: 3m1s
[1A[Jprocessed files:  113 / 180 [] ETA: 3m1s
[1A[Jprocessed files:  113 / 180 [] ETA: 3m1s
[1A[Jprocessed files:  113 / 180 [] ETA: 3m1s
[1A[Jprocessed files:  113 / 180 [] ETA: 3m1s
[1A[Jprocessed files:  113 / 180 [] ETA: 3m1s
[1A[Jprocessed files:  113 / 180 [] ETA: 3m1s
[1A[Jprocessed files:  113 / 180 [] ETA: 3m1s
[1A[Jprocessed files:  113 / 180 [] ETA: 3m1s
[1A[Jprocessed files:  113 / 180 [] ETA: 3m1s
[1A[Jprocessed files:  113 / 180 [] ETA: 3m1s
[1A[Jprocessed files:  113 / 180 [] ETA: 3m1s
[1A[Jprocessed files:  113 / 180 [] ETA: 3m1s
[1A[Jprocessed files:  113 / 180 [] ETA: 3m1s
[1A[Jprocessed files:  113 / 180 [] ETA: 3m1s
[1A[Jprocessed files:  113 / 180 [] ETA: 3m1s
[1A[Jprocessed files:  113 / 180 [] ETA: 3m1s
[1A[Jprocessed files:  113 / 180 [] ETA: 3m1s
[1A[Jprocessed files:  113 / 180 [] ETA: 3m1s
[1A[Jprocessed files:  114 / 180  ETA: 2m54s
[1A[Jprocessed files:  114 / 180  ETA: 2m54s
[1A[Jprocessed files:  114 / 180  ETA: 2m54s
[1A[Jprocessed files:  114 / 180  ETA: 2m54s
[1A[Jprocessed files:  114 / 180  ETA: 2m54s
[1A[Jprocessed files:  114 / 180  ETA: 2m54s
[1A[Jprocessed files:  114 / 180  ETA: 2m54s
[1A[Jprocessed files:  114 / 180  ETA: 2m54s
[1A[Jprocessed files:  114 / 180  ETA: 2m54s
[1A[Jprocessed files:  114 / 180  ETA: 2m54s
[1A[Jprocessed files:  114 / 180  ETA: 2m54s
[1A[Jprocessed files:  114 / 180  ETA: 2m54s
[1A[Jprocessed files:  114 / 180  ETA: 2m54s
[1A[Jprocessed files:  114 / 180  ETA: 2m54s
[1A[Jprocessed files:  114 / 180  ETA: 2m54s
[1A[Jprocessed files:  114 / 180  ETA: 2m54s
[1A[Jprocessed files:  114 / 180  ETA: 2m54s
[1A[Jprocessed files:  114 / 180  ETA: 2m54s
[1A[Jprocessed files:  114 / 180  ETA: 2m54s
[1A[Jprocessed files:  114 / 180  ETA: 2m54s
[1A[Jprocessed files:  114 / 180  ETA: 2m54s
[1A[Jprocessed files:  115 / 180  ETA: 2m50s
[1A[Jprocessed files:  115 / 180  ETA: 2m50s
[1A[Jprocessed files:  115 / 180  ETA: 2m50s
[1A[Jprocessed files:  115 / 180  ETA: 2m50s
[1A[Jprocessed files:  115 / 180  ETA: 2m50s
[1A[Jprocessed files:  115 / 180  ETA: 2m50s
[1A[Jprocessed files:  115 / 180  ETA: 2m50s
[1A[Jprocessed files:  115 / 180  ETA: 2m50s
[1A[Jprocessed files:  115 / 180  ETA: 2m50s
[1A[Jprocessed files:  115 / 180  ETA: 2m50s
[1A[Jprocessed files:  115 / 180  ETA: 2m50s
[1A[Jprocessed files:  115 / 180  ETA: 2m50s
[1A[Jprocessed files:  115 / 180  ETA: 2m50s
[1A[Jprocessed files:  115 / 180  ETA: 2m50s
[1A[Jprocessed files:  115 / 180  ETA: 2m50s
[1A[Jprocessed files:  115 / 180  ETA: 2m50s
[1A[Jprocessed files:  115 / 180  ETA: 2m50s
[1A[Jprocessed files:  115 / 180  ETA: 2m50s
[1A[Jprocessed files:  115 / 180  ETA: 2m50s
[1A[Jprocessed files:  115 / 180  ETA: 2m50s
[1A[Jprocessed files:  115 / 180  ETA: 2m50s
[1A[Jprocessed files:  115 / 180  ETA: 2m50s
[1A[Jprocessed files:  115 / 180  ETA: 2m50s
[1A[Jprocessed files:  115 / 180  ETA: 2m50s
[1A[Jprocessed files:  115 / 180  ETA: 2m50s
[1A[Jprocessed files:  116 / 180  ETA: 2m53s
[1A[Jprocessed files:  116 / 180  ETA: 2m53s
[1A[Jprocessed files:  116 / 180  ETA: 2m53s
[1A[Jprocessed files:  116 / 180  ETA: 2m53s
[1A[Jprocessed files:  116 / 180  ETA: 2m53s
[1A[Jprocessed files:  116 / 180  ETA: 2m53s
[1A[Jprocessed files:  116 / 180  ETA: 2m53s
[1A[Jprocessed files:  116 / 180  ETA: 2m53s
[1A[Jprocessed files:  116 / 180  ETA: 2m53s
[1A[Jprocessed files:  116 / 180  ETA: 2m53s
[1A[Jprocessed files:  116 / 180  ETA: 2m53s
[1A[Jprocessed files:  116 / 180  ETA: 2m53s
[1A[Jprocessed files:  116 / 180  ETA: 2m53s
[1A[Jprocessed files:  116 / 180  ETA: 2m53s
[1A[Jprocessed files:  116 / 180  ETA: 2m53s
[1A[Jprocessed files:  116 / 180  ETA: 2m53s
[1A[Jprocessed files:  116 / 180  ETA: 2m53s
[1A[Jprocessed files:  116 / 180  ETA: 2m53s
[1A[Jprocessed files:  116 / 180  ETA: 2m53s
[1A[Jprocessed files:  116 / 180  ETA: 2m53s
[1A[Jprocessed files:  116 / 180  ETA: 2m53s
[1A[Jprocessed files:  116 / 180  ETA: 2m53s
[1A[Jprocessed files:  116 / 180  ETA: 2m53s
[1A[Jprocessed files:  116 / 180  ETA: 2m53s
[1A[Jprocessed files:  116 / 180  ETA: 2m53s
[1A[Jprocessed files:  116 / 180  ETA: 2m53s
[1A[Jprocessed files:  116 / 180  ETA: 2m53s
[1A[Jprocessed files:  117 / 180 [] ETA: 3m3s
[1A[Jprocessed files:  117 / 180 [] ETA: 3m3s
[1A[Jprocessed files:  117 / 180 [] ETA: 3m3s
[1A[Jprocessed files:  117 / 180 [] ETA: 3m3s
[1A[Jprocessed files:  117 / 180 [] ETA: 3m3s
[1A[Jprocessed files:  117 / 180 [] ETA: 3m3s
[1A[Jprocessed files:  117 / 180 [] ETA: 3m3s
[1A[Jprocessed files:  117 / 180 [] ETA: 3m3s
[1A[Jprocessed files:  117 / 180 [] ETA: 3m3s
[1A[Jprocessed files:  117 / 180 [] ETA: 3m3s
[1A[Jprocessed files:  117 / 180 [] ETA: 3m3s
[1A[Jprocessed files:  117 / 180 [] ETA: 3m3s
[1A[Jprocessed files:  117 / 180 [] ETA: 3m3s
[1A[Jprocessed files:  117 / 180 [] ETA: 3m3s
[1A[Jprocessed files:  117 / 180 [] ETA: 3m3s
[1A[Jprocessed files:  117 / 180 [] ETA: 3m3s
[1A[Jprocessed files:  117 / 180 [] ETA: 3m3s
[1A[Jprocessed files:  117 / 180 [] ETA: 3m3s
[1A[Jprocessed files:  117 / 180 [] ETA: 3m3s
[1A[Jprocessed files:  117 / 180 [] ETA: 3m3s
[1A[Jprocessed files:  117 / 180 [] ETA: 3m3s
[1A[Jprocessed files:  117 / 180 [] ETA: 3m3s
[1A[Jprocessed files:  117 / 180 [] ETA: 3m3s
[1A[Jprocessed files:  117 / 180 [] ETA: 3m3s
[1A[Jprocessed files:  117 / 180 [] ETA: 3m3s
[1A[Jprocessed files:  117 / 180 [] ETA: 3m3s
[1A[Jprocessed files:  117 / 180 [] ETA: 3m3s
[1A[Jprocessed files:  117 / 180 [] ETA: 3m3s
[1A[Jprocessed files:  117 / 180 [] ETA: 3m3s
[1A[Jprocessed files:  117 / 180 [] ETA: 3m3s
[1A[Jprocessed files:  118 / 180  ETA: 3m13s
[1A[Jprocessed files:  118 / 180  ETA: 3m13s
[1A[Jprocessed files:  118 / 180  ETA: 3m13s
[1A[Jprocessed files:  118 / 180  ETA: 3m13s
[1A[Jprocessed files:  118 / 180  ETA: 3m13s
[1A[Jprocessed files:  118 / 180  ETA: 3m13s
[1A[Jprocessed files:  118 / 180  ETA: 3m13s
[1A[Jprocessed files:  118 / 180  ETA: 3m13s
[1A[Jprocessed files:  118 / 180  ETA: 3m13s
[1A[Jprocessed files:  118 / 180  ETA: 3m13s
[1A[Jprocessed files:  118 / 180  ETA: 3m13s
[1A[Jprocessed files:  118 / 180  ETA: 3m13s
[1A[Jprocessed files:  118 / 180  ETA: 3m13s
[1A[Jprocessed files:  118 / 180  ETA: 3m13s
[1A[Jprocessed files:  118 / 180  ETA: 3m13s
[1A[Jprocessed files:  118 / 180  ETA: 3m13s
[1A[Jprocessed files:  118 / 180  ETA: 3m13s
[1A[Jprocessed files:  118 / 180  ETA: 3m13s
[1A[Jprocessed files:  118 / 180  ETA: 3m13s
[1A[Jprocessed files:  119 / 180  ETA: 2m54s
[1A[Jprocessed files:  119 / 180  ETA: 2m54s
[1A[Jprocessed files:  119 / 180  ETA: 2m54s
[1A[Jprocessed files:  119 / 180  ETA: 2m54s
[1A[Jprocessed files:  119 / 180  ETA: 2m54s
[1A[Jprocessed files:  119 / 180  ETA: 2m54s
[1A[Jprocessed files:  119 / 180  ETA: 2m54s
[1A[Jprocessed files:  119 / 180  ETA: 2m54s
[1A[Jprocessed files:  119 / 180  ETA: 2m54s
[1A[Jprocessed files:  119 / 180  ETA: 2m54s
[1A[Jprocessed files:  119 / 180  ETA: 2m54s
[1A[Jprocessed files:  119 / 180  ETA: 2m54s
[1A[Jprocessed files:  119 / 180  ETA: 2m54s
[1A[Jprocessed files:  119 / 180  ETA: 2m54s
[1A[Jprocessed files:  119 / 180  ETA: 2m54s
[1A[Jprocessed files:  119 / 180  ETA: 2m54s
[1A[Jprocessed files:  119 / 180  ETA: 2m54s
[1A[Jprocessed files:  119 / 180  ETA: 2m54s
[1A[Jprocessed files:  119 / 180  ETA: 2m54s
[1A[Jprocessed files:  119 / 180  ETA: 2m54s
[1A[Jprocessed files:  119 / 180  ETA: 2m54s
[1A[Jprocessed files:  120 / 180  ETA: 2m45s
[1A[Jprocessed files:  120 / 180  ETA: 2m45s
[1A[Jprocessed files:  120 / 180  ETA: 2m45s
[1A[Jprocessed files:  120 / 180  ETA: 2m45s
[1A[Jprocessed files:  120 / 180  ETA: 2m45s
[1A[Jprocessed files:  120 / 180  ETA: 2m45s
[1A[Jprocessed files:  120 / 180  ETA: 2m45s
[1A[Jprocessed files:  120 / 180  ETA: 2m45s
[1A[Jprocessed files:  120 / 180  ETA: 2m45s
[1A[Jprocessed files:  120 / 180  ETA: 2m45s
[1A[Jprocessed files:  120 / 180  ETA: 2m45s
[1A[Jprocessed files:  120 / 180  ETA: 2m45s
[1A[Jprocessed files:  120 / 180  ETA: 2m45s
[1A[Jprocessed files:  120 / 180  ETA: 2m45s
[1A[Jprocessed files:  120 / 180  ETA: 2m45s
[1A[Jprocessed files:  120 / 180  ETA: 2m45s
[1A[Jprocessed files:  120 / 180  ETA: 2m45s
[1A[Jprocessed files:  120 / 180  ETA: 2m45s
[1A[Jprocessed files:  120 / 180  ETA: 2m45s
[1A[Jprocessed files:  120 / 180  ETA: 2m45s
[1A[Jprocessed files:  120 / 180  ETA: 2m45s
[1A[Jprocessed files:  120 / 180  ETA: 2m45s
[1A[Jprocessed files:  120 / 180  ETA: 2m45s
[1A[Jprocessed files:  120 / 180  ETA: 2m45s
[1A[Jprocessed files:  120 / 180  ETA: 2m45s
[1A[Jprocessed files:  121 / 180  ETA: 2m46s
[1A[Jprocessed files:  121 / 180  ETA: 2m46s
[1A[Jprocessed files:  121 / 180  ETA: 2m46s
[1A[Jprocessed files:  121 / 180  ETA: 2m46s
[1A[Jprocessed files:  121 / 180  ETA: 2m46s
[1A[Jprocessed files:  121 / 180  ETA: 2m46s
[1A[Jprocessed files:  121 / 180  ETA: 2m46s
[1A[Jprocessed files:  121 / 180  ETA: 2m46s
[1A[Jprocessed files:  121 / 180  ETA: 2m46s
[1A[Jprocessed files:  121 / 180  ETA: 2m46s
[1A[Jprocessed files:  121 / 180  ETA: 2m46s
[1A[Jprocessed files:  121 / 180  ETA: 2m46s
[1A[Jprocessed files:  121 / 180  ETA: 2m46s
[1A[Jprocessed files:  121 / 180  ETA: 2m46s
[1A[Jprocessed files:  121 / 180  ETA: 2m46s
[1A[Jprocessed files:  121 / 180  ETA: 2m46s
[1A[Jprocessed files:  121 / 180  ETA: 2m46s
[1A[Jprocessed files:  121 / 180  ETA: 2m46s
[1A[Jprocessed files:  121 / 180  ETA: 2m46s
[1A[Jprocessed files:  121 / 180  ETA: 2m46s
[1A[Jprocessed files:  121 / 180  ETA: 2m46s
[1A[Jprocessed files:  121 / 180  ETA: 2m46s
[1A[Jprocessed files:  121 / 180  ETA: 2m46s
[1A[Jprocessed files:  121 / 180  ETA: 2m46s
[1A[Jprocessed files:  121 / 180  ETA: 2m46s
[1A[Jprocessed files:  122 / 180  ETA: 2m47s
[1A[Jprocessed files:  122 / 180  ETA: 2m47s
[1A[Jprocessed files:  122 / 180  ETA: 2m47s
[1A[Jprocessed files:  122 / 180  ETA: 2m47s
[1A[Jprocessed files:  122 / 180  ETA: 2m47s
[1A[Jprocessed files:  122 / 180  ETA: 2m47s
[1A[Jprocessed files:  122 / 180  ETA: 2m47s
[1A[Jprocessed files:  122 / 180  ETA: 2m47s
[1A[Jprocessed files:  122 / 180  ETA: 2m47s
[1A[Jprocessed files:  122 / 180  ETA: 2m47s
[1A[Jprocessed files:  122 / 180  ETA: 2m47s
[1A[Jprocessed files:  122 / 180  ETA: 2m47s
[1A[Jprocessed files:  122 / 180  ETA: 2m47s
[1A[Jprocessed files:  122 / 180  ETA: 2m47s
[1A[Jprocessed files:  122 / 180  ETA: 2m47s
[1A[Jprocessed files:  122 / 180  ETA: 2m47s
[1A[Jprocessed files:  122 / 180  ETA: 2m47s
[1A[Jprocessed files:  122 / 180  ETA: 2m47s
[1A[Jprocessed files:  122 / 180  ETA: 2m47s
[1A[Jprocessed files:  122 / 180  ETA: 2m47s
[1A[Jprocessed files:  122 / 180  ETA: 2m47s
[1A[Jprocessed files:  122 / 180  ETA: 2m47s
[1A[Jprocessed files:  123 / 180  ETA: 2m39s
[1A[Jprocessed files:  123 / 180  ETA: 2m39s
[1A[Jprocessed files:  123 / 180  ETA: 2m39s
[1A[Jprocessed files:  123 / 180  ETA: 2m39s
[1A[Jprocessed files:  123 / 180  ETA: 2m39s
[1A[Jprocessed files:  123 / 180  ETA: 2m39s
[1A[Jprocessed files:  123 / 180  ETA: 2m39s
[1A[Jprocessed files:  123 / 180  ETA: 2m39s
[1A[Jprocessed files:  123 / 180  ETA: 2m39s
[1A[Jprocessed files:  123 / 180  ETA: 2m39s
[1A[Jprocessed files:  123 / 180  ETA: 2m39s
[1A[Jprocessed files:  123 / 180  ETA: 2m39s
[1A[Jprocessed files:  123 / 180  ETA: 2m39s
[1A[Jprocessed files:  123 / 180  ETA: 2m39s
[1A[Jprocessed files:  123 / 180  ETA: 2m39s
[1A[Jprocessed files:  123 / 180  ETA: 2m39s
[1A[Jprocessed files:  123 / 180  ETA: 2m39s
[1A[Jprocessed files:  123 / 180  ETA: 2m39s
[1A[Jprocessed files:  123 / 180  ETA: 2m39s
[1A[Jprocessed files:  123 / 180  ETA: 2m39s
[1A[Jprocessed files:  123 / 180  ETA: 2m39s
[1A[Jprocessed files:  123 / 180  ETA: 2m39s
[1A[Jprocessed files:  123 / 180  ETA: 2m39s
[1A[Jprocessed files:  124 / 180  ETA: 2m37s
[1A[Jprocessed files:  124 / 180  ETA: 2m37s
[1A[Jprocessed files:  124 / 180  ETA: 2m37s
[1A[Jprocessed files:  124 / 180  ETA: 2m37s
[1A[Jprocessed files:  124 / 180  ETA: 2m37s
[1A[Jprocessed files:  124 / 180  ETA: 2m37s
[1A[Jprocessed files:  124 / 180  ETA: 2m37s
[1A[Jprocessed files:  124 / 180  ETA: 2m37s
[1A[Jprocessed files:  124 / 180  ETA: 2m37s
[1A[Jprocessed files:  124 / 180  ETA: 2m37s
[1A[Jprocessed files:  124 / 180  ETA: 2m37s
[1A[Jprocessed files:  124 / 180  ETA: 2m37s
[1A[Jprocessed files:  124 / 180  ETA: 2m37s
[1A[Jprocessed files:  124 / 180  ETA: 2m37s
[1A[Jprocessed files:  124 / 180  ETA: 2m37s
[1A[Jprocessed files:  124 / 180  ETA: 2m37s
[1A[Jprocessed files:  124 / 180  ETA: 2m37s
[1A[Jprocessed files:  124 / 180  ETA: 2m37s
[1A[Jprocessed files:  124 / 180  ETA: 2m37s
[1A[Jprocessed files:  124 / 180  ETA: 2m37s
[1A[Jprocessed files:  124 / 180  ETA: 2m37s
[1A[Jprocessed files:  124 / 180  ETA: 2m37s
[1A[Jprocessed files:  124 / 180  ETA: 2m37s
[1A[Jprocessed files:  124 / 180  ETA: 2m37s
[1A[Jprocessed files:  124 / 180  ETA: 2m37s
[1A[Jprocessed files:  124 / 180  ETA: 2m37s
[1A[Jprocessed files:  124 / 180  ETA: 2m37s
[1A[Jprocessed files:  124 / 180  ETA: 2m37s
[1A[Jprocessed files:  125 / 180  ETA: 2m44s
[1A[Jprocessed files:  125 / 180  ETA: 2m44s
[1A[Jprocessed files:  125 / 180  ETA: 2m44s
[1A[Jprocessed files:  125 / 180  ETA: 2m44s
[1A[Jprocessed files:  125 / 180  ETA: 2m44s
[1A[Jprocessed files:  125 / 180  ETA: 2m44s
[1A[Jprocessed files:  125 / 180  ETA: 2m44s
[1A[Jprocessed files:  125 / 180  ETA: 2m44s
[1A[Jprocessed files:  125 / 180  ETA: 2m44s
[1A[Jprocessed files:  125 / 180  ETA: 2m44s
[1A[Jprocessed files:  125 / 180  ETA: 2m44s
[1A[Jprocessed files:  125 / 180  ETA: 2m44s
[1A[Jprocessed files:  125 / 180  ETA: 2m44s
[1A[Jprocessed files:  125 / 180  ETA: 2m44s
[1A[Jprocessed files:  125 / 180  ETA: 2m44s
[1A[Jprocessed files:  125 / 180  ETA: 2m44s
[1A[Jprocessed files:  125 / 180  ETA: 2m44s
[1A[Jprocessed files:  125 / 180  ETA: 2m44s
[1A[Jprocessed files:  125 / 180  ETA: 2m44s
[1A[Jprocessed files:  125 / 180  ETA: 2m44s
[1A[Jprocessed files:  125 / 180  ETA: 2m44s
[1A[Jprocessed files:  125 / 180  ETA: 2m44s
[1A[Jprocessed files:  125 / 180  ETA: 2m44s
[1A[Jprocessed files:  125 / 180  ETA: 2m44s
[1A[Jprocessed files:  125 / 180  ETA: 2m44s
[1A[Jprocessed files:  125 / 180  ETA: 2m44s
[1A[Jprocessed files:  125 / 180  ETA: 2m44s
[1A[Jprocessed files:  125 / 180  ETA: 2m44s
[1A[Jprocessed files:  125 / 180  ETA: 2m44s
[1A[Jprocessed files:  125 / 180  ETA: 2m44s
[1A[Jprocessed files:  126 / 180  ETA: 2m51s
[1A[Jprocessed files:  126 / 180  ETA: 2m51s
[1A[Jprocessed files:  126 / 180  ETA: 2m51s
[1A[Jprocessed files:  126 / 180  ETA: 2m51s
[1A[Jprocessed files:  126 / 180  ETA: 2m51s
[1A[Jprocessed files:  126 / 180  ETA: 2m51s
[1A[Jprocessed files:  126 / 180  ETA: 2m51s
[1A[Jprocessed files:  126 / 180  ETA: 2m51s
[1A[Jprocessed files:  126 / 180  ETA: 2m51s
[1A[Jprocessed files:  126 / 180  ETA: 2m51s
[1A[Jprocessed files:  126 / 180  ETA: 2m51s
[1A[Jprocessed files:  126 / 180  ETA: 2m51s
[1A[Jprocessed files:  126 / 180  ETA: 2m51s
[1A[Jprocessed files:  126 / 180  ETA: 2m51s
[1A[Jprocessed files:  126 / 180  ETA: 2m51s
[1A[Jprocessed files:  126 / 180  ETA: 2m51s
[1A[Jprocessed files:  126 / 180  ETA: 2m51s
[1A[Jprocessed files:  126 / 180  ETA: 2m51s
[1A[Jprocessed files:  126 / 180  ETA: 2m51s
[1A[Jprocessed files:  126 / 180  ETA: 2m51s
[1A[Jprocessed files:  126 / 180  ETA: 2m51s
[1A[Jprocessed files:  126 / 180  ETA: 2m51s
[1A[Jprocessed files:  126 / 180  ETA: 2m51s
[1A[Jprocessed files:  127 / 180  ETA: 2m40s
[1A[Jprocessed files:  127 / 180  ETA: 2m40s
[1A[Jprocessed files:  127 / 180  ETA: 2m40s
[1A[Jprocessed files:  127 / 180  ETA: 2m40s
[1A[Jprocessed files:  127 / 180  ETA: 2m40s
[1A[Jprocessed files:  127 / 180  ETA: 2m40s
[1A[Jprocessed files:  127 / 180  ETA: 2m40s
[1A[Jprocessed files:  127 / 180  ETA: 2m40s
[1A[Jprocessed files:  127 / 180  ETA: 2m40s
[1A[Jprocessed files:  127 / 180  ETA: 2m40s
[1A[Jprocessed files:  127 / 180  ETA: 2m40s
[1A[Jprocessed files:  127 / 180  ETA: 2m40s
[1A[Jprocessed files:  127 / 180  ETA: 2m40s
[1A[Jprocessed files:  127 / 180  ETA: 2m40s
[1A[Jprocessed files:  127 / 180  ETA: 2m40s
[1A[Jprocessed files:  127 / 180  ETA: 2m40s
[1A[Jprocessed files:  127 / 180  ETA: 2m40s
[1A[Jprocessed files:  127 / 180  ETA: 2m40s
[1A[Jprocessed files:  127 / 180  ETA: 2m40s
[1A[Jprocessed files:  127 / 180  ETA: 2m40s
[1A[Jprocessed files:  127 / 180  ETA: 2m40s
[1A[Jprocessed files:  127 / 180  ETA: 2m40s
[1A[Jprocessed files:  127 / 180  ETA: 2m40s
[1A[Jprocessed files:  127 / 180  ETA: 2m40s
[1A[Jprocessed files:  128 / 180  ETA: 2m36s
[1A[Jprocessed files:  128 / 180  ETA: 2m36s
[1A[Jprocessed files:  128 / 180  ETA: 2m36s
[1A[Jprocessed files:  128 / 180  ETA: 2m36s
[1A[Jprocessed files:  128 / 180  ETA: 2m36s
[1A[Jprocessed files:  128 / 180  ETA: 2m36s
[1A[Jprocessed files:  128 / 180  ETA: 2m36s
[1A[Jprocessed files:  128 / 180  ETA: 2m36s
[1A[Jprocessed files:  128 / 180  ETA: 2m36s
[1A[Jprocessed files:  128 / 180  ETA: 2m36s
[1A[Jprocessed files:  128 / 180  ETA: 2m36s
[1A[Jprocessed files:  128 / 180  ETA: 2m36s
[1A[Jprocessed files:  128 / 180  ETA: 2m36s
[1A[Jprocessed files:  128 / 180  ETA: 2m36s
[1A[Jprocessed files:  128 / 180  ETA: 2m36s
[1A[Jprocessed files:  128 / 180  ETA: 2m36s
[1A[Jprocessed files:  128 / 180  ETA: 2m36s
[1A[Jprocessed files:  128 / 180  ETA: 2m36s
[1A[Jprocessed files:  128 / 180  ETA: 2m36s
[1A[Jprocessed files:  128 / 180  ETA: 2m36s
[1A[Jprocessed files:  128 / 180  ETA: 2m36s
[1A[Jprocessed files:  129 / 180  ETA: 2m23s
[1A[Jprocessed files:  129 / 180  ETA: 2m23s
[1A[Jprocessed files:  129 / 180  ETA: 2m23s
[1A[Jprocessed files:  129 / 180  ETA: 2m23s
[1A[Jprocessed files:  129 / 180  ETA: 2m23s
[1A[Jprocessed files:  129 / 180  ETA: 2m23s
[1A[Jprocessed files:  129 / 180  ETA: 2m23s
[1A[Jprocessed files:  129 / 180  ETA: 2m23s
[1A[Jprocessed files:  129 / 180  ETA: 2m23s
[1A[Jprocessed files:  129 / 180  ETA: 2m23s
[1A[Jprocessed files:  129 / 180  ETA: 2m23s
[1A[Jprocessed files:  129 / 180  ETA: 2m23s
[1A[Jprocessed files:  129 / 180  ETA: 2m23s
[1A[Jprocessed files:  129 / 180  ETA: 2m23s
[1A[Jprocessed files:  129 / 180  ETA: 2m23s
[1A[Jprocessed files:  129 / 180  ETA: 2m23s
[1A[Jprocessed files:  129 / 180  ETA: 2m23s
[1A[Jprocessed files:  129 / 180  ETA: 2m23s
[1A[Jprocessed files:  129 / 180  ETA: 2m23s
[1A[Jprocessed files:  129 / 180  ETA: 2m23s
[1A[Jprocessed files:  129 / 180  ETA: 2m23s
[1A[Jprocessed files:  129 / 180  ETA: 2m23s
[1A[Jprocessed files:  130 / 180  ETA: 2m17s
[1A[Jprocessed files:  130 / 180  ETA: 2m17s
[1A[Jprocessed files:  130 / 180  ETA: 2m17s
[1A[Jprocessed files:  130 / 180  ETA: 2m17s
[1A[Jprocessed files:  130 / 180  ETA: 2m17s
[1A[Jprocessed files:  130 / 180  ETA: 2m17s
[1A[Jprocessed files:  130 / 180  ETA: 2m17s
[1A[Jprocessed files:  130 / 180  ETA: 2m17s
[1A[Jprocessed files:  130 / 180  ETA: 2m17s
[1A[Jprocessed files:  130 / 180  ETA: 2m17s
[1A[Jprocessed files:  130 / 180  ETA: 2m17s
[1A[Jprocessed files:  130 / 180  ETA: 2m17s
[1A[Jprocessed files:  130 / 180  ETA: 2m17s
[1A[Jprocessed files:  130 / 180  ETA: 2m17s
[1A[Jprocessed files:  130 / 180  ETA: 2m17s
[1A[Jprocessed files:  130 / 180  ETA: 2m17s
[1A[Jprocessed files:  130 / 180  ETA: 2m17s
[1A[Jprocessed files:  130 / 180  ETA: 2m17s
[1A[Jprocessed files:  130 / 180  ETA: 2m17s
[1A[Jprocessed files:  130 / 180  ETA: 2m17s
[1A[Jprocessed files:  130 / 180  ETA: 2m17s
[1A[Jprocessed files:  131 / 180  ETA: 2m12s
[1A[Jprocessed files:  131 / 180  ETA: 2m12s
[1A[Jprocessed files:  131 / 180  ETA: 2m12s
[1A[Jprocessed files:  131 / 180  ETA: 2m12s
[1A[Jprocessed files:  131 / 180  ETA: 2m12s
[1A[Jprocessed files:  131 / 180  ETA: 2m12s
[1A[Jprocessed files:  131 / 180  ETA: 2m12s
[1A[Jprocessed files:  131 / 180  ETA: 2m12s
[1A[Jprocessed files:  131 / 180  ETA: 2m12s
[1A[Jprocessed files:  131 / 180  ETA: 2m12s
[1A[Jprocessed files:  131 / 180  ETA: 2m12s
[1A[Jprocessed files:  131 / 180  ETA: 2m12s
[1A[Jprocessed files:  131 / 180  ETA: 2m12s
[1A[Jprocessed files:  131 / 180  ETA: 2m12s
[1A[Jprocessed files:  131 / 180  ETA: 2m12s
[1A[Jprocessed files:  131 / 180  ETA: 2m12s
[1A[Jprocessed files:  131 / 180  ETA: 2m12s
[1A[Jprocessed files:  131 / 180  ETA: 2m12s
[1A[Jprocessed files:  131 / 180  ETA: 2m12s
[1A[Jprocessed files:  131 / 180  ETA: 2m12s
[1A[Jprocessed files:  131 / 180  ETA: 2m12s
[1A[Jprocessed files:  131 / 180  ETA: 2m12s
[1A[Jprocessed files:  131 / 180  ETA: 2m12s
[1A[Jprocessed files:  131 / 180  ETA: 2m12s
[1A[Jprocessed files:  132 / 180  ETA: 2m11s
[1A[Jprocessed files:  132 / 180  ETA: 2m11s
[1A[Jprocessed files:  132 / 180  ETA: 2m11s
[1A[Jprocessed files:  132 / 180  ETA: 2m11s
[1A[Jprocessed files:  132 / 180  ETA: 2m11s
[1A[Jprocessed files:  132 / 180  ETA: 2m11s
[1A[Jprocessed files:  132 / 180  ETA: 2m11s
[1A[Jprocessed files:  132 / 180  ETA: 2m11s
[1A[Jprocessed files:  132 / 180  ETA: 2m11s
[1A[Jprocessed files:  132 / 180  ETA: 2m11s
[1A[Jprocessed files:  132 / 180  ETA: 2m11s
[1A[Jprocessed files:  132 / 180  ETA: 2m11s
[1A[Jprocessed files:  132 / 180  ETA: 2m11s
[1A[Jprocessed files:  132 / 180  ETA: 2m11s
[1A[Jprocessed files:  132 / 180  ETA: 2m11s
[1A[Jprocessed files:  132 / 180  ETA: 2m11s
[1A[Jprocessed files:  132 / 180  ETA: 2m11s
[1A[Jprocessed files:  132 / 180  ETA: 2m11s
[1A[Jprocessed files:  132 / 180  ETA: 2m11s
[1A[Jprocessed files:  132 / 180  ETA: 2m11s
[1A[Jprocessed files:  132 / 180  ETA: 2m11s
[1A[Jprocessed files:  132 / 180  ETA: 2m11s
[1A[Jprocessed files:  132 / 180  ETA: 2m11s
[1A[Jprocessed files:  132 / 180  ETA: 2m11s
[1A[Jprocessed files:  132 / 180  ETA: 2m11s
[1A[Jprocessed files:  133 / 180  ETA: 2m13s
[1A[Jprocessed files:  133 / 180  ETA: 2m13s
[1A[Jprocessed files:  133 / 180  ETA: 2m13s
[1A[Jprocessed files:  133 / 180  ETA: 2m13s
[1A[Jprocessed files:  133 / 180  ETA: 2m13s
[1A[Jprocessed files:  133 / 180  ETA: 2m13s
[1A[Jprocessed files:  133 / 180  ETA: 2m13s
[1A[Jprocessed files:  133 / 180  ETA: 2m13s
[1A[Jprocessed files:  133 / 180  ETA: 2m13s
[1A[Jprocessed files:  133 / 180  ETA: 2m13s
[1A[Jprocessed files:  133 / 180  ETA: 2m13s
[1A[Jprocessed files:  133 / 180  ETA: 2m13s
[1A[Jprocessed files:  133 / 180  ETA: 2m13s
[1A[Jprocessed files:  133 / 180  ETA: 2m13s
[1A[Jprocessed files:  133 / 180  ETA: 2m13s
[1A[Jprocessed files:  133 / 180  ETA: 2m13s
[1A[Jprocessed files:  133 / 180  ETA: 2m13s
[1A[Jprocessed files:  133 / 180  ETA: 2m13s
[1A[Jprocessed files:  133 / 180  ETA: 2m13s
[1A[Jprocessed files:  133 / 180  ETA: 2m13s
[1A[Jprocessed files:  133 / 180  ETA: 2m13s
[1A[Jprocessed files:  133 / 180  ETA: 2m13s
[1A[Jprocessed files:  133 / 180  ETA: 2m13s
[1A[Jprocessed files:  133 / 180  ETA: 2m13s
[1A[Jprocessed files:  133 / 180  ETA: 2m13s
[1A[Jprocessed files:  133 / 180  ETA: 2m13s
[1A[Jprocessed files:  133 / 180  ETA: 2m13s
[1A[Jprocessed files:  134 / 180  ETA: 2m17s
[1A[Jprocessed files:  134 / 180  ETA: 2m17s
[1A[Jprocessed files:  134 / 180  ETA: 2m17s
[1A[Jprocessed files:  134 / 180  ETA: 2m17s
[1A[Jprocessed files:  134 / 180  ETA: 2m17s
[1A[Jprocessed files:  134 / 180  ETA: 2m17s
[1A[Jprocessed files:  134 / 180  ETA: 2m17s
[1A[Jprocessed files:  134 / 180  ETA: 2m17s
[1A[Jprocessed files:  134 / 180  ETA: 2m17s
[1A[Jprocessed files:  134 / 180  ETA: 2m17s
[1A[Jprocessed files:  134 / 180  ETA: 2m17s
[1A[Jprocessed files:  134 / 180  ETA: 2m17s
[1A[Jprocessed files:  134 / 180  ETA: 2m17s
[1A[Jprocessed files:  134 / 180  ETA: 2m17s
[1A[Jprocessed files:  134 / 180  ETA: 2m17s
[1A[Jprocessed files:  134 / 180  ETA: 2m17s
[1A[Jprocessed files:  134 / 180  ETA: 2m17s
[1A[Jprocessed files:  134 / 180  ETA: 2m17s
[1A[Jprocessed files:  134 / 180  ETA: 2m17s
[1A[Jprocessed files:  134 / 180  ETA: 2m17s
[1A[Jprocessed files:  134 / 180  ETA: 2m17s
[1A[Jprocessed files:  134 / 180  ETA: 2m17s
[1A[Jprocessed files:  134 / 180  ETA: 2m17s
[1A[Jprocessed files:  135 / 180 [] ETA: 2m9s
[1A[Jprocessed files:  135 / 180 [] ETA: 2m9s
[1A[Jprocessed files:  135 / 180 [] ETA: 2m9s
[1A[Jprocessed files:  135 / 180 [] ETA: 2m9s
[1A[Jprocessed files:  135 / 180 [] ETA: 2m9s
[1A[Jprocessed files:  135 / 180 [] ETA: 2m9s
[1A[Jprocessed files:  135 / 180 [] ETA: 2m9s
[1A[Jprocessed files:  135 / 180 [] ETA: 2m9s
[1A[Jprocessed files:  135 / 180 [] ETA: 2m9s
[1A[Jprocessed files:  135 / 180 [] ETA: 2m9s
[1A[Jprocessed files:  135 / 180 [] ETA: 2m9s
[1A[Jprocessed files:  135 / 180 [] ETA: 2m9s
[1A[Jprocessed files:  135 / 180 [] ETA: 2m9s
[1A[Jprocessed files:  135 / 180 [] ETA: 2m9s
[1A[Jprocessed files:  135 / 180 [] ETA: 2m9s
[1A[Jprocessed files:  135 / 180 [] ETA: 2m9s
[1A[Jprocessed files:  135 / 180 [] ETA: 2m9s
[1A[Jprocessed files:  135 / 180 [] ETA: 2m9s
[1A[Jprocessed files:  135 / 180 [] ETA: 2m9s
[1A[Jprocessed files:  135 / 180 [] ETA: 2m9s
[1A[Jprocessed files:  135 / 180 [] ETA: 2m9s
[1A[Jprocessed files:  135 / 180 [] ETA: 2m9s
[1A[Jprocessed files:  135 / 180 [] ETA: 2m9s
[1A[Jprocessed files:  136 / 180 [] ETA: 2m5s
[1A[Jprocessed files:  136 / 180 [] ETA: 2m5s
[1A[Jprocessed files:  136 / 180 [] ETA: 2m5s
[1A[Jprocessed files:  136 / 180 [] ETA: 2m5s
[1A[Jprocessed files:  136 / 180 [] ETA: 2m5s
[1A[Jprocessed files:  136 / 180 [] ETA: 2m5s
[1A[Jprocessed files:  136 / 180 [] ETA: 2m5s
[1A[Jprocessed files:  136 / 180 [] ETA: 2m5s
[1A[Jprocessed files:  136 / 180 [] ETA: 2m5s
[1A[Jprocessed files:  136 / 180 [] ETA: 2m5s
[1A[Jprocessed files:  136 / 180 [] ETA: 2m5s
[1A[Jprocessed files:  136 / 180 [] ETA: 2m5s
[1A[Jprocessed files:  136 / 180 [] ETA: 2m5s
[1A[Jprocessed files:  136 / 180 [] ETA: 2m5s
[1A[Jprocessed files:  136 / 180 [] ETA: 2m5s
[1A[Jprocessed files:  136 / 180 [] ETA: 2m5s
[1A[Jprocessed files:  136 / 180 [] ETA: 2m5s
[1A[Jprocessed files:  136 / 180 [] ETA: 2m5s
[1A[Jprocessed files:  136 / 180 [] ETA: 2m5s
[1A[Jprocessed files:  136 / 180 [] ETA: 2m5s
[1A[Jprocessed files:  136 / 180 [] ETA: 2m5s
[1A[Jprocessed files:  136 / 180 [] ETA: 2m5s
[1A[Jprocessed files:  136 / 180 [] ETA: 2m5s
[1A[Jprocessed files:  136 / 180 [] ETA: 2m5s
[1A[Jprocessed files:  137 / 180 [] ETA: 2m1s
[1A[Jprocessed files:  137 / 180 [] ETA: 2m1s
[1A[Jprocessed files:  137 / 180 [] ETA: 2m1s
[1A[Jprocessed files:  137 / 180 [] ETA: 2m1s
[1A[Jprocessed files:  137 / 180 [] ETA: 2m1s
[1A[Jprocessed files:  137 / 180 [] ETA: 2m1s
[1A[Jprocessed files:  137 / 180 [] ETA: 2m1s
[1A[Jprocessed files:  137 / 180 [] ETA: 2m1s
[1A[Jprocessed files:  137 / 180 [] ETA: 2m1s
[1A[Jprocessed files:  137 / 180 [] ETA: 2m1s
[1A[Jprocessed files:  137 / 180 [] ETA: 2m1s
[1A[Jprocessed files:  137 / 180 [] ETA: 2m1s
[1A[Jprocessed files:  137 / 180 [] ETA: 2m1s
[1A[Jprocessed files:  137 / 180 [] ETA: 2m1s
[1A[Jprocessed files:  137 / 180 [] ETA: 2m1s
[1A[Jprocessed files:  137 / 180 [] ETA: 2m1s
[1A[Jprocessed files:  137 / 180 [] ETA: 2m1s
[1A[Jprocessed files:  137 / 180 [] ETA: 2m1s
[1A[Jprocessed files:  137 / 180 [] ETA: 2m1s
[1A[Jprocessed files:  137 / 180 [] ETA: 2m1s
[1A[Jprocessed files:  137 / 180 [] ETA: 2m1s
[1A[Jprocessed files:  137 / 180 [] ETA: 2m1s
[1A[Jprocessed files:  137 / 180 [] ETA: 2m1s
[1A[Jprocessed files:  137 / 180 [] ETA: 2m1s
[1A[Jprocessed files:  137 / 180 [] ETA: 2m1s
[1A[Jprocessed files:  138 / 180 [] ETA: 2m1s
[1A[Jprocessed files:  138 / 180 [] ETA: 2m1s
[1A[Jprocessed files:  138 / 180 [] ETA: 2m1s
[1A[Jprocessed files:  138 / 180 [] ETA: 2m1s
[1A[Jprocessed files:  138 / 180 [] ETA: 2m1s
[1A[Jprocessed files:  138 / 180 [] ETA: 2m1s
[1A[Jprocessed files:  138 / 180 [] ETA: 2m1s
[1A[Jprocessed files:  138 / 180 [] ETA: 2m1s
[1A[Jprocessed files:  138 / 180 [] ETA: 2m1s
[1A[Jprocessed files:  138 / 180 [] ETA: 2m1s
[1A[Jprocessed files:  138 / 180 [] ETA: 2m1s
[1A[Jprocessed files:  138 / 180 [] ETA: 2m1s
[1A[Jprocessed files:  138 / 180 [] ETA: 2m1s
[1A[Jprocessed files:  138 / 180 [] ETA: 2m1s
[1A[Jprocessed files:  138 / 180 [] ETA: 2m1s
[1A[Jprocessed files:  138 / 180 [] ETA: 2m1s
[1A[Jprocessed files:  138 / 180 [] ETA: 2m1s
[1A[Jprocessed files:  138 / 180 [] ETA: 2m1s
[1A[Jprocessed files:  138 / 180 [] ETA: 2m1s
[1A[Jprocessed files:  138 / 180 [] ETA: 2m1s
[1A[Jprocessed files:  138 / 180 [] ETA: 2m1s
[1A[Jprocessed files:  138 / 180 [] ETA: 2m1s
[1A[Jprocessed files:  138 / 180 [] ETA: 2m1s
[1A[Jprocessed files:  139 / 180  ETA: 1m58s
[1A[Jprocessed files:  139 / 180  ETA: 1m58s
[1A[Jprocessed files:  139 / 180  ETA: 1m58s
[1A[Jprocessed files:  139 / 180  ETA: 1m58s
[1A[Jprocessed files:  139 / 180  ETA: 1m58s
[1A[Jprocessed files:  139 / 180  ETA: 1m58s
[1A[Jprocessed files:  139 / 180  ETA: 1m58s
[1A[Jprocessed files:  139 / 180  ETA: 1m58s
[1A[Jprocessed files:  139 / 180  ETA: 1m58s
[1A[Jprocessed files:  139 / 180  ETA: 1m58s
[1A[Jprocessed files:  139 / 180  ETA: 1m58s
[1A[Jprocessed files:  139 / 180  ETA: 1m58s
[1A[Jprocessed files:  139 / 180  ETA: 1m58s
[1A[Jprocessed files:  139 / 180  ETA: 1m58s
[1A[Jprocessed files:  139 / 180  ETA: 1m58s
[1A[Jprocessed files:  139 / 180  ETA: 1m58s
[1A[Jprocessed files:  139 / 180  ETA: 1m58s
[1A[Jprocessed files:  139 / 180  ETA: 1m58s
[1A[Jprocessed files:  139 / 180  ETA: 1m58s
[1A[Jprocessed files:  139 / 180  ETA: 1m58s
[1A[Jprocessed files:  139 / 180  ETA: 1m58s
[1A[Jprocessed files:  139 / 180  ETA: 1m58s
[1A[Jprocessed files:  139 / 180  ETA: 1m58s
[1A[Jprocessed files:  139 / 180  ETA: 1m58s
[1A[Jprocessed files:  139 / 180  ETA: 1m58s
[1A[Jprocessed files:  139 / 180  ETA: 1m58s
[1A[Jprocessed files:  140 / 180  ETA: 1m58s
[1A[Jprocessed files:  140 / 180  ETA: 1m58s
[1A[Jprocessed files:  140 / 180  ETA: 1m58s
[1A[Jprocessed files:  140 / 180  ETA: 1m58s
[1A[Jprocessed files:  140 / 180  ETA: 1m58s
[1A[Jprocessed files:  140 / 180  ETA: 1m58s
[1A[Jprocessed files:  140 / 180  ETA: 1m58s
[1A[Jprocessed files:  140 / 180  ETA: 1m58s
[1A[Jprocessed files:  140 / 180  ETA: 1m58s
[1A[Jprocessed files:  140 / 180  ETA: 1m58s
[1A[Jprocessed files:  140 / 180  ETA: 1m58s
[1A[Jprocessed files:  140 / 180  ETA: 1m58s
[1A[Jprocessed files:  140 / 180  ETA: 1m58s
[1A[Jprocessed files:  140 / 180  ETA: 1m58s
[1A[Jprocessed files:  140 / 180  ETA: 1m58s
[1A[Jprocessed files:  140 / 180  ETA: 1m58s
[1A[Jprocessed files:  140 / 180  ETA: 1m58s
[1A[Jprocessed files:  140 / 180  ETA: 1m58s
[1A[Jprocessed files:  140 / 180  ETA: 1m58s
[1A[Jprocessed files:  140 / 180  ETA: 1m58s
[1A[Jprocessed files:  140 / 180  ETA: 1m58s
[1A[Jprocessed files:  141 / 180  ETA: 1m48s
[1A[Jprocessed files:  141 / 180  ETA: 1m48s
[1A[Jprocessed files:  141 / 180  ETA: 1m48s
[1A[Jprocessed files:  141 / 180  ETA: 1m48s
[1A[Jprocessed files:  141 / 180  ETA: 1m48s
[1A[Jprocessed files:  141 / 180  ETA: 1m48s
[1A[Jprocessed files:  141 / 180  ETA: 1m48s
[1A[Jprocessed files:  141 / 180  ETA: 1m48s
[1A[Jprocessed files:  141 / 180  ETA: 1m48s
[1A[Jprocessed files:  141 / 180  ETA: 1m48s
[1A[Jprocessed files:  141 / 180  ETA: 1m48s
[1A[Jprocessed files:  141 / 180  ETA: 1m48s
[1A[Jprocessed files:  141 / 180  ETA: 1m48s
[1A[Jprocessed files:  141 / 180  ETA: 1m48s
[1A[Jprocessed files:  141 / 180  ETA: 1m48s
[1A[Jprocessed files:  141 / 180  ETA: 1m48s
[1A[Jprocessed files:  141 / 180  ETA: 1m48s
[1A[Jprocessed files:  141 / 180  ETA: 1m48s
[1A[Jprocessed files:  141 / 180  ETA: 1m48s
[1A[Jprocessed files:  141 / 180  ETA: 1m48s
[1A[Jprocessed files:  141 / 180  ETA: 1m48s
[1A[Jprocessed files:  141 / 180  ETA: 1m48s
[1A[Jprocessed files:  142 / 180  ETA: 1m45s
[1A[Jprocessed files:  142 / 180  ETA: 1m45s
[1A[Jprocessed files:  142 / 180  ETA: 1m45s
[1A[Jprocessed files:  142 / 180  ETA: 1m45s
[1A[Jprocessed files:  142 / 180  ETA: 1m45s
[1A[Jprocessed files:  142 / 180  ETA: 1m45s
[1A[Jprocessed files:  142 / 180  ETA: 1m45s
[1A[Jprocessed files:  142 / 180  ETA: 1m45s
[1A[Jprocessed files:  142 / 180  ETA: 1m45s
[1A[Jprocessed files:  142 / 180  ETA: 1m45s
[1A[Jprocessed files:  142 / 180  ETA: 1m45s
[1A[Jprocessed files:  142 / 180  ETA: 1m45s
[1A[Jprocessed files:  142 / 180  ETA: 1m45s
[1A[Jprocessed files:  142 / 180  ETA: 1m45s
[1A[Jprocessed files:  142 / 180  ETA: 1m45s
[1A[Jprocessed files:  142 / 180  ETA: 1m45s
[1A[Jprocessed files:  142 / 180  ETA: 1m45s
[1A[Jprocessed files:  142 / 180  ETA: 1m45s
[1A[Jprocessed files:  142 / 180  ETA: 1m45s
[1A[Jprocessed files:  142 / 180  ETA: 1m45s
[1A[Jprocessed files:  142 / 180  ETA: 1m45s
[1A[Jprocessed files:  142 / 180  ETA: 1m45s
[1A[Jprocessed files:  142 / 180  ETA: 1m45s
[1A[Jprocessed files:  143 / 180  ETA: 1m41s
[1A[Jprocessed files:  143 / 180  ETA: 1m41s
[1A[Jprocessed files:  143 / 180  ETA: 1m41s
[1A[Jprocessed files:  143 / 180  ETA: 1m41s
[1A[Jprocessed files:  143 / 180  ETA: 1m41s
[1A[Jprocessed files:  143 / 180  ETA: 1m41s
[1A[Jprocessed files:  143 / 180  ETA: 1m41s
[1A[Jprocessed files:  143 / 180  ETA: 1m41s
[1A[Jprocessed files:  143 / 180  ETA: 1m41s
[1A[Jprocessed files:  143 / 180  ETA: 1m41s
[1A[Jprocessed files:  143 / 180  ETA: 1m41s
[1A[Jprocessed files:  143 / 180  ETA: 1m41s
[1A[Jprocessed files:  143 / 180  ETA: 1m41s
[1A[Jprocessed files:  143 / 180  ETA: 1m41s
[1A[Jprocessed files:  143 / 180  ETA: 1m41s
[1A[Jprocessed files:  143 / 180  ETA: 1m41s
[1A[Jprocessed files:  143 / 180  ETA: 1m41s
[1A[Jprocessed files:  143 / 180  ETA: 1m41s
[1A[Jprocessed files:  143 / 180  ETA: 1m41s
[1A[Jprocessed files:  143 / 180  ETA: 1m41s
[1A[Jprocessed files:  143 / 180  ETA: 1m41s
[1A[Jprocessed files:  143 / 180  ETA: 1m41s
[1A[Jprocessed files:  143 / 180  ETA: 1m41s
[1A[Jprocessed files:  143 / 180  ETA: 1m41s
[1A[Jprocessed files:  144 / 180  ETA: 1m40s
[1A[Jprocessed files:  144 / 180  ETA: 1m40s
[1A[Jprocessed files:  144 / 180  ETA: 1m40s
[1A[Jprocessed files:  144 / 180  ETA: 1m40s
[1A[Jprocessed files:  144 / 180  ETA: 1m40s
[1A[Jprocessed files:  144 / 180  ETA: 1m40s
[1A[Jprocessed files:  144 / 180  ETA: 1m40s
[1A[Jprocessed files:  144 / 180  ETA: 1m40s
[1A[Jprocessed files:  144 / 180  ETA: 1m40s
[1A[Jprocessed files:  144 / 180  ETA: 1m40s
[1A[Jprocessed files:  144 / 180  ETA: 1m40s
[1A[Jprocessed files:  144 / 180  ETA: 1m40s
[1A[Jprocessed files:  144 / 180  ETA: 1m40s
[1A[Jprocessed files:  144 / 180  ETA: 1m40s
[1A[Jprocessed files:  144 / 180  ETA: 1m40s
[1A[Jprocessed files:  144 / 180  ETA: 1m40s
[1A[Jprocessed files:  144 / 180  ETA: 1m40s
[1A[Jprocessed files:  144 / 180  ETA: 1m40s
[1A[Jprocessed files:  144 / 180  ETA: 1m40s
[1A[Jprocessed files:  144 / 180  ETA: 1m40s
[1A[Jprocessed files:  144 / 180  ETA: 1m40s
[1A[Jprocessed files:  144 / 180  ETA: 1m40s
[1A[Jprocessed files:  144 / 180  ETA: 1m40s
[1A[Jprocessed files:  145 / 180  ETA: 1m37s
[1A[Jprocessed files:  145 / 180  ETA: 1m37s
[1A[Jprocessed files:  145 / 180  ETA: 1m37s
[1A[Jprocessed files:  145 / 180  ETA: 1m37s
[1A[Jprocessed files:  145 / 180  ETA: 1m37s
[1A[Jprocessed files:  145 / 180  ETA: 1m37s
[1A[Jprocessed files:  145 / 180  ETA: 1m37s
[1A[Jprocessed files:  145 / 180  ETA: 1m37s
[1A[Jprocessed files:  145 / 180  ETA: 1m37s
[1A[Jprocessed files:  145 / 180  ETA: 1m37s
[1A[Jprocessed files:  145 / 180  ETA: 1m37s
[1A[Jprocessed files:  145 / 180  ETA: 1m37s
[1A[Jprocessed files:  145 / 180  ETA: 1m37s
[1A[Jprocessed files:  145 / 180  ETA: 1m37s
[1A[Jprocessed files:  145 / 180  ETA: 1m37s
[1A[Jprocessed files:  145 / 180  ETA: 1m37s
[1A[Jprocessed files:  145 / 180  ETA: 1m37s
[1A[Jprocessed files:  145 / 180  ETA: 1m37s
[1A[Jprocessed files:  145 / 180  ETA: 1m37s
[1A[Jprocessed files:  145 / 180  ETA: 1m37s
[1A[Jprocessed files:  145 / 180  ETA: 1m37s
[1A[Jprocessed files:  145 / 180  ETA: 1m37s
[1A[Jprocessed files:  145 / 180  ETA: 1m37s
[1A[Jprocessed files:  145 / 180  ETA: 1m37s
[1A[Jprocessed files:  145 / 180  ETA: 1m37s
[1A[Jprocessed files:  146 / 180  ETA: 1m37s
[1A[Jprocessed files:  146 / 180  ETA: 1m37s
[1A[Jprocessed files:  146 / 180  ETA: 1m37s
[1A[Jprocessed files:  146 / 180  ETA: 1m37s
[1A[Jprocessed files:  146 / 180  ETA: 1m37s
[1A[Jprocessed files:  146 / 180  ETA: 1m37s
[1A[Jprocessed files:  146 / 180  ETA: 1m37s
[1A[Jprocessed files:  146 / 180  ETA: 1m37s
[1A[Jprocessed files:  146 / 180  ETA: 1m37s
[1A[Jprocessed files:  146 / 180  ETA: 1m37s
[1A[Jprocessed files:  146 / 180  ETA: 1m37s
[1A[Jprocessed files:  146 / 180  ETA: 1m37s
[1A[Jprocessed files:  146 / 180  ETA: 1m37s
[1A[Jprocessed files:  146 / 180  ETA: 1m37s
[1A[Jprocessed files:  146 / 180  ETA: 1m37s
[1A[Jprocessed files:  146 / 180  ETA: 1m37s
[1A[Jprocessed files:  146 / 180  ETA: 1m37s
[1A[Jprocessed files:  146 / 180  ETA: 1m37s
[1A[Jprocessed files:  146 / 180  ETA: 1m37s
[1A[Jprocessed files:  146 / 180  ETA: 1m37s
[1A[Jprocessed files:  146 / 180  ETA: 1m37s
[1A[Jprocessed files:  146 / 180  ETA: 1m37s
[1A[Jprocessed files:  146 / 180  ETA: 1m37s
[1A[Jprocessed files:  146 / 180  ETA: 1m37s
[1A[Jprocessed files:  147 / 180  ETA: 1m34s
[1A[Jprocessed files:  147 / 180  ETA: 1m34s
[1A[Jprocessed files:  147 / 180  ETA: 1m34s
[1A[Jprocessed files:  147 / 180  ETA: 1m34s
[1A[Jprocessed files:  147 / 180  ETA: 1m34s
[1A[Jprocessed files:  147 / 180  ETA: 1m34s
[1A[Jprocessed files:  147 / 180  ETA: 1m34s
[1A[Jprocessed files:  147 / 180  ETA: 1m34s
[1A[Jprocessed files:  147 / 180  ETA: 1m34s
[1A[Jprocessed files:  147 / 180  ETA: 1m34s
[1A[Jprocessed files:  147 / 180  ETA: 1m34s
[1A[Jprocessed files:  147 / 180  ETA: 1m34s
[1A[Jprocessed files:  147 / 180  ETA: 1m34s
[1A[Jprocessed files:  147 / 180  ETA: 1m34s
[1A[Jprocessed files:  147 / 180  ETA: 1m34s
[1A[Jprocessed files:  147 / 180  ETA: 1m34s
[1A[Jprocessed files:  147 / 180  ETA: 1m34s
[1A[Jprocessed files:  147 / 180  ETA: 1m34s
[1A[Jprocessed files:  147 / 180  ETA: 1m34s
[1A[Jprocessed files:  147 / 180  ETA: 1m34s
[1A[Jprocessed files:  147 / 180  ETA: 1m34s
[1A[Jprocessed files:  147 / 180  ETA: 1m34s
[1A[Jprocessed files:  147 / 180  ETA: 1m34s
[1A[Jprocessed files:  147 / 180  ETA: 1m34s
[1A[Jprocessed files:  147 / 180  ETA: 1m34s
[1A[Jprocessed files:  147 / 180  ETA: 1m34s
[1A[Jprocessed files:  148 / 180  ETA: 1m33s
[1A[Jprocessed files:  148 / 180  ETA: 1m33s
[1A[Jprocessed files:  148 / 180  ETA: 1m33s
[1A[Jprocessed files:  148 / 180  ETA: 1m33s
[1A[Jprocessed files:  148 / 180  ETA: 1m33s
[1A[Jprocessed files:  148 / 180  ETA: 1m33s
[1A[Jprocessed files:  148 / 180  ETA: 1m33s
[1A[Jprocessed files:  148 / 180  ETA: 1m33s
[1A[Jprocessed files:  148 / 180  ETA: 1m33s
[1A[Jprocessed files:  148 / 180  ETA: 1m33s
[1A[Jprocessed files:  148 / 180  ETA: 1m33s
[1A[Jprocessed files:  148 / 180  ETA: 1m33s
[1A[Jprocessed files:  148 / 180  ETA: 1m33s
[1A[Jprocessed files:  148 / 180  ETA: 1m33s
[1A[Jprocessed files:  148 / 180  ETA: 1m33s
[1A[Jprocessed files:  148 / 180  ETA: 1m33s
[1A[Jprocessed files:  148 / 180  ETA: 1m33s
[1A[Jprocessed files:  148 / 180  ETA: 1m33s
[1A[Jprocessed files:  148 / 180  ETA: 1m33s
[1A[Jprocessed files:  148 / 180  ETA: 1m33s
[1A[Jprocessed files:  148 / 180  ETA: 1m33s
[1A[Jprocessed files:  148 / 180  ETA: 1m33s
[1A[Jprocessed files:  148 / 180  ETA: 1m33s
[1A[Jprocessed files:  148 / 180  ETA: 1m33s
[1A[Jprocessed files:  148 / 180  ETA: 1m33s
[1A[Jprocessed files:  148 / 180  ETA: 1m33s
[1A[Jprocessed files:  148 / 180  ETA: 1m33s
[1A[Jprocessed files:  149 / 180  ETA: 1m34s
[1A[Jprocessed files:  149 / 180  ETA: 1m34s
[1A[Jprocessed files:  149 / 180  ETA: 1m34s
[1A[Jprocessed files:  149 / 180  ETA: 1m34s
[1A[Jprocessed files:  149 / 180  ETA: 1m34s
[1A[Jprocessed files:  149 / 180  ETA: 1m34s
[1A[Jprocessed files:  149 / 180  ETA: 1m34s
[1A[Jprocessed files:  149 / 180  ETA: 1m34s
[1A[Jprocessed files:  149 / 180  ETA: 1m34s
[1A[Jprocessed files:  149 / 180  ETA: 1m34s
[1A[Jprocessed files:  149 / 180  ETA: 1m34s
[1A[Jprocessed files:  149 / 180  ETA: 1m34s
[1A[Jprocessed files:  149 / 180  ETA: 1m34s
[1A[Jprocessed files:  149 / 180  ETA: 1m34s
[1A[Jprocessed files:  149 / 180  ETA: 1m34s
[1A[Jprocessed files:  149 / 180  ETA: 1m34s
[1A[Jprocessed files:  149 / 180  ETA: 1m34s
[1A[Jprocessed files:  149 / 180  ETA: 1m34s
[1A[Jprocessed files:  149 / 180  ETA: 1m34s
[1A[Jprocessed files:  149 / 180  ETA: 1m34s
[1A[Jprocessed files:  149 / 180  ETA: 1m34s
[1A[Jprocessed files:  149 / 180  ETA: 1m34s
[1A[Jprocessed files:  149 / 180  ETA: 1m34s
[1A[Jprocessed files:  149 / 180  ETA: 1m34s
[1A[Jprocessed files:  149 / 180  ETA: 1m34s
[1A[Jprocessed files:  149 / 180  ETA: 1m34s
[1A[Jprocessed files:  149 / 180  ETA: 1m34s
[1A[Jprocessed files:  149 / 180  ETA: 1m34s
[1A[Jprocessed files:  149 / 180  ETA: 1m34s
[1A[Jprocessed files:  149 / 180  ETA: 1m34s
[1A[Jprocessed files:  150 / 180  ETA: 1m36s
[1A[Jprocessed files:  150 / 180  ETA: 1m36s
[1A[Jprocessed files:  150 / 180  ETA: 1m36s
[1A[Jprocessed files:  150 / 180  ETA: 1m36s
[1A[Jprocessed files:  150 / 180  ETA: 1m36s
[1A[Jprocessed files:  150 / 180  ETA: 1m36s
[1A[Jprocessed files:  150 / 180  ETA: 1m36s
[1A[Jprocessed files:  150 / 180  ETA: 1m36s
[1A[Jprocessed files:  150 / 180  ETA: 1m36s
[1A[Jprocessed files:  150 / 180  ETA: 1m36s
[1A[Jprocessed files:  150 / 180  ETA: 1m36s
[1A[Jprocessed files:  150 / 180  ETA: 1m36s
[1A[Jprocessed files:  150 / 180  ETA: 1m36s
[1A[Jprocessed files:  150 / 180  ETA: 1m36s
[1A[Jprocessed files:  150 / 180  ETA: 1m36s
[1A[Jprocessed files:  150 / 180  ETA: 1m36s
[1A[Jprocessed files:  150 / 180  ETA: 1m36s
[1A[Jprocessed files:  150 / 180  ETA: 1m36s
[1A[Jprocessed files:  150 / 180  ETA: 1m36s
[1A[Jprocessed files:  150 / 180  ETA: 1m36s
[1A[Jprocessed files:  150 / 180  ETA: 1m36s
[1A[Jprocessed files:  151 / 180  ETA: 1m26s
[1A[Jprocessed files:  151 / 180  ETA: 1m26s
[1A[Jprocessed files:  151 / 180  ETA: 1m26s
[1A[Jprocessed files:  151 / 180  ETA: 1m26s
[1A[Jprocessed files:  151 / 180  ETA: 1m26s
[1A[Jprocessed files:  151 / 180  ETA: 1m26s
[1A[Jprocessed files:  151 / 180  ETA: 1m26s
[1A[Jprocessed files:  151 / 180  ETA: 1m26s
[1A[Jprocessed files:  151 / 180  ETA: 1m26s
[1A[Jprocessed files:  151 / 180  ETA: 1m26s
[1A[Jprocessed files:  151 / 180  ETA: 1m26s
[1A[Jprocessed files:  151 / 180  ETA: 1m26s
[1A[Jprocessed files:  151 / 180  ETA: 1m26s
[1A[Jprocessed files:  151 / 180  ETA: 1m26s
[1A[Jprocessed files:  151 / 180  ETA: 1m26s
[1A[Jprocessed files:  151 / 180  ETA: 1m26s
[1A[Jprocessed files:  151 / 180  ETA: 1m26s
[1A[Jprocessed files:  151 / 180  ETA: 1m26s
[1A[Jprocessed files:  151 / 180  ETA: 1m26s
[1A[Jprocessed files:  151 / 180  ETA: 1m26s
[1A[Jprocessed files:  151 / 180  ETA: 1m26s
[1A[Jprocessed files:  151 / 180  ETA: 1m26s
[1A[Jprocessed files:  151 / 180  ETA: 1m26s
[1A[Jprocessed files:  152 / 180  ETA: 1m21s
[1A[Jprocessed files:  152 / 180  ETA: 1m21s
[1A[Jprocessed files:  152 / 180  ETA: 1m21s
[1A[Jprocessed files:  152 / 180  ETA: 1m21s
[1A[Jprocessed files:  152 / 180  ETA: 1m21s
[1A[Jprocessed files:  152 / 180  ETA: 1m21s
[1A[Jprocessed files:  152 / 180  ETA: 1m21s
[1A[Jprocessed files:  152 / 180  ETA: 1m21s
[1A[Jprocessed files:  152 / 180  ETA: 1m21s
[1A[Jprocessed files:  152 / 180  ETA: 1m21s
[1A[Jprocessed files:  152 / 180  ETA: 1m21s
[1A[Jprocessed files:  152 / 180  ETA: 1m21s
[1A[Jprocessed files:  152 / 180  ETA: 1m21s
[1A[Jprocessed files:  152 / 180  ETA: 1m21s
[1A[Jprocessed files:  152 / 180  ETA: 1m21s
[1A[Jprocessed files:  152 / 180  ETA: 1m21s
[1A[Jprocessed files:  152 / 180  ETA: 1m21s
[1A[Jprocessed files:  152 / 180  ETA: 1m21s
[1A[Jprocessed files:  152 / 180  ETA: 1m21s
[1A[Jprocessed files:  152 / 180  ETA: 1m21s
[1A[Jprocessed files:  152 / 180  ETA: 1m21s
[1A[Jprocessed files:  152 / 180  ETA: 1m21s
[1A[Jprocessed files:  152 / 180  ETA: 1m21s
[1A[Jprocessed files:  152 / 180  ETA: 1m21s
[1A[Jprocessed files:  152 / 180  ETA: 1m21s
[1A[Jprocessed files:  152 / 180  ETA: 1m21s
[1A[Jprocessed files:  153 / 180  ETA: 1m20s
[1A[Jprocessed files:  153 / 180  ETA: 1m20s
[1A[Jprocessed files:  153 / 180  ETA: 1m20s
[1A[Jprocessed files:  153 / 180  ETA: 1m20s
[1A[Jprocessed files:  153 / 180  ETA: 1m20s
[1A[Jprocessed files:  153 / 180  ETA: 1m20s
[1A[Jprocessed files:  153 / 180  ETA: 1m20s
[1A[Jprocessed files:  153 / 180  ETA: 1m20s
[1A[Jprocessed files:  153 / 180  ETA: 1m20s
[1A[Jprocessed files:  153 / 180  ETA: 1m20s
[1A[Jprocessed files:  153 / 180  ETA: 1m20s
[1A[Jprocessed files:  153 / 180  ETA: 1m20s
[1A[Jprocessed files:  153 / 180  ETA: 1m20s
[1A[Jprocessed files:  153 / 180  ETA: 1m20s
[1A[Jprocessed files:  153 / 180  ETA: 1m20s
[1A[Jprocessed files:  153 / 180  ETA: 1m20s
[1A[Jprocessed files:  153 / 180  ETA: 1m20s
[1A[Jprocessed files:  153 / 180  ETA: 1m20s
[1A[Jprocessed files:  153 / 180  ETA: 1m20s
[1A[Jprocessed files:  153 / 180  ETA: 1m20s
[1A[Jprocessed files:  153 / 180  ETA: 1m20s
[1A[Jprocessed files:  153 / 180  ETA: 1m20s
[1A[Jprocessed files:  153 / 180  ETA: 1m20s
[1A[Jprocessed files:  153 / 180  ETA: 1m20s
[1A[Jprocessed files:  153 / 180  ETA: 1m20s
[1A[Jprocessed files:  153 / 180  ETA: 1m20s
[1A[Jprocessed files:  153 / 180  ETA: 1m20s
[1A[Jprocessed files:  154 / 180  ETA: 1m20s
[1A[Jprocessed files:  154 / 180  ETA: 1m20s
[1A[Jprocessed files:  154 / 180  ETA: 1m20s
[1A[Jprocessed files:  154 / 180  ETA: 1m20s
[1A[Jprocessed files:  154 / 180  ETA: 1m20s
[1A[Jprocessed files:  154 / 180  ETA: 1m20s
[1A[Jprocessed files:  154 / 180  ETA: 1m20s
[1A[Jprocessed files:  154 / 180  ETA: 1m20s
[1A[Jprocessed files:  154 / 180  ETA: 1m20s
[1A[Jprocessed files:  154 / 180  ETA: 1m20s
[1A[Jprocessed files:  154 / 180  ETA: 1m20s
[1A[Jprocessed files:  154 / 180  ETA: 1m20s
[1A[Jprocessed files:  154 / 180  ETA: 1m20s
[1A[Jprocessed files:  154 / 180  ETA: 1m20s
[1A[Jprocessed files:  154 / 180  ETA: 1m20s
[1A[Jprocessed files:  154 / 180  ETA: 1m20s
[1A[Jprocessed files:  154 / 180  ETA: 1m20s
[1A[Jprocessed files:  154 / 180  ETA: 1m20s
[1A[Jprocessed files:  154 / 180  ETA: 1m20s
[1A[Jprocessed files:  154 / 180  ETA: 1m20s
[1A[Jprocessed files:  154 / 180  ETA: 1m20s
[1A[Jprocessed files:  154 / 180  ETA: 1m20s
[1A[Jprocessed files:  154 / 180  ETA: 1m20s
[1A[Jprocessed files:  154 / 180  ETA: 1m20s
[1A[Jprocessed files:  154 / 180  ETA: 1m20s
[1A[Jprocessed files:  155 / 180  ETA: 1m15s
[1A[Jprocessed files:  155 / 180  ETA: 1m15s
[1A[Jprocessed files:  155 / 180  ETA: 1m15s
[1A[Jprocessed files:  155 / 180  ETA: 1m15s
[1A[Jprocessed files:  155 / 180  ETA: 1m15s
[1A[Jprocessed files:  155 / 180  ETA: 1m15s
[1A[Jprocessed files:  155 / 180  ETA: 1m15s
[1A[Jprocessed files:  155 / 180  ETA: 1m15s
[1A[Jprocessed files:  155 / 180  ETA: 1m15s
[1A[Jprocessed files:  155 / 180  ETA: 1m15s
[1A[Jprocessed files:  155 / 180  ETA: 1m15s
[1A[Jprocessed files:  155 / 180  ETA: 1m15s
[1A[Jprocessed files:  155 / 180  ETA: 1m15s
[1A[Jprocessed files:  155 / 180  ETA: 1m15s
[1A[Jprocessed files:  155 / 180  ETA: 1m15s
[1A[Jprocessed files:  155 / 180  ETA: 1m15s
[1A[Jprocessed files:  155 / 180  ETA: 1m15s
[1A[Jprocessed files:  155 / 180  ETA: 1m15s
[1A[Jprocessed files:  155 / 180  ETA: 1m15s
[1A[Jprocessed files:  155 / 180  ETA: 1m15s
[1A[Jprocessed files:  155 / 180  ETA: 1m15s
[1A[Jprocessed files:  155 / 180  ETA: 1m15s
[1A[Jprocessed files:  155 / 180  ETA: 1m15s
[1A[Jprocessed files:  155 / 180  ETA: 1m15s
[1A[Jprocessed files:  155 / 180  ETA: 1m15s
[1A[Jprocessed files:  155 / 180  ETA: 1m15s
[1A[Jprocessed files:  156 / 180  ETA: 1m13s
[1A[Jprocessed files:  156 / 180  ETA: 1m13s
[1A[Jprocessed files:  156 / 180  ETA: 1m13s
[1A[Jprocessed files:  156 / 180  ETA: 1m13s
[1A[Jprocessed files:  156 / 180  ETA: 1m13s
[1A[Jprocessed files:  156 / 180  ETA: 1m13s
[1A[Jprocessed files:  156 / 180  ETA: 1m13s
[1A[Jprocessed files:  156 / 180  ETA: 1m13s
[1A[Jprocessed files:  156 / 180  ETA: 1m13s
[1A[Jprocessed files:  156 / 180  ETA: 1m13s
[1A[Jprocessed files:  156 / 180  ETA: 1m13s
[1A[Jprocessed files:  156 / 180  ETA: 1m13s
[1A[Jprocessed files:  156 / 180  ETA: 1m13s
[1A[Jprocessed files:  156 / 180  ETA: 1m13s
[1A[Jprocessed files:  156 / 180  ETA: 1m13s
[1A[Jprocessed files:  156 / 180  ETA: 1m13s
[1A[Jprocessed files:  156 / 180  ETA: 1m13s
[1A[Jprocessed files:  156 / 180  ETA: 1m13s
[1A[Jprocessed files:  156 / 180  ETA: 1m13s
[1A[Jprocessed files:  156 / 180  ETA: 1m13s
[1A[Jprocessed files:  156 / 180  ETA: 1m13s
[1A[Jprocessed files:  156 / 180  ETA: 1m13s
[1A[Jprocessed files:  156 / 180  ETA: 1m13s
[1A[Jprocessed files:  157 / 180 [] ETA: 1m8s
[1A[Jprocessed files:  157 / 180 [] ETA: 1m8s
[1A[Jprocessed files:  157 / 180 [] ETA: 1m8s
[1A[Jprocessed files:  157 / 180 [] ETA: 1m8s
[1A[Jprocessed files:  157 / 180 [] ETA: 1m8s
[1A[Jprocessed files:  157 / 180 [] ETA: 1m8s
[1A[Jprocessed files:  157 / 180 [] ETA: 1m8s
[1A[Jprocessed files:  157 / 180 [] ETA: 1m8s
[1A[Jprocessed files:  157 / 180 [] ETA: 1m8s
[1A[Jprocessed files:  157 / 180 [] ETA: 1m8s
[1A[Jprocessed files:  157 / 180 [] ETA: 1m8s
[1A[Jprocessed files:  157 / 180 [] ETA: 1m8s
[1A[Jprocessed files:  157 / 180 [] ETA: 1m8s
[1A[Jprocessed files:  157 / 180 [] ETA: 1m8s
[1A[Jprocessed files:  157 / 180 [] ETA: 1m8s
[1A[Jprocessed files:  157 / 180 [] ETA: 1m8s
[1A[Jprocessed files:  157 / 180 [] ETA: 1m8s
[1A[Jprocessed files:  157 / 180 [] ETA: 1m8s
[1A[Jprocessed files:  157 / 180 [] ETA: 1m8s
[1A[Jprocessed files:  157 / 180 [] ETA: 1m8s
[1A[Jprocessed files:  157 / 180 [] ETA: 1m8s
[1A[Jprocessed files:  157 / 180 [] ETA: 1m8s
[1A[Jprocessed files:  157 / 180 [] ETA: 1m8s
[1A[Jprocessed files:  157 / 180 [] ETA: 1m8s
[1A[Jprocessed files:  157 / 180 [] ETA: 1m8s
[1A[Jprocessed files:  158 / 180 [] ETA: 1m5s
[1A[Jprocessed files:  158 / 180 [] ETA: 1m5s
[1A[Jprocessed files:  158 / 180 [] ETA: 1m5s
[1A[Jprocessed files:  158 / 180 [] ETA: 1m5s
[1A[Jprocessed files:  158 / 180 [] ETA: 1m5s
[1A[Jprocessed files:  158 / 180 [] ETA: 1m5s
[1A[Jprocessed files:  158 / 180 [] ETA: 1m5s
[1A[Jprocessed files:  158 / 180 [] ETA: 1m5s
[1A[Jprocessed files:  158 / 180 [] ETA: 1m5s
[1A[Jprocessed files:  158 / 180 [] ETA: 1m5s
[1A[Jprocessed files:  158 / 180 [] ETA: 1m5s
[1A[Jprocessed files:  158 / 180 [] ETA: 1m5s
[1A[Jprocessed files:  158 / 180 [] ETA: 1m5s
[1A[Jprocessed files:  158 / 180 [] ETA: 1m5s
[1A[Jprocessed files:  158 / 180 [] ETA: 1m5s
[1A[Jprocessed files:  158 / 180 [] ETA: 1m5s
[1A[Jprocessed files:  158 / 180 [] ETA: 1m5s
[1A[Jprocessed files:  158 / 180 [] ETA: 1m5s
[1A[Jprocessed files:  158 / 180 [] ETA: 1m5s
[1A[Jprocessed files:  158 / 180 [] ETA: 1m5s
[1A[Jprocessed files:  158 / 180 [] ETA: 1m5s
[1A[Jprocessed files:  158 / 180 [] ETA: 1m5s
[1A[Jprocessed files:  158 / 180 [] ETA: 1m5s
[1A[Jprocessed files:  158 / 180 [] ETA: 1m5s
[1A[Jprocessed files:  158 / 180 [] ETA: 1m5s
[1A[Jprocessed files:  158 / 180 [] ETA: 1m5s
[1A[Jprocessed files:  158 / 180 [] ETA: 1m5s
[1A[Jprocessed files:  158 / 180 [] ETA: 1m5s
[1A[Jprocessed files:  159 / 180 [] ETA: 1m5s
[1A[Jprocessed files:  159 / 180 [] ETA: 1m5s
[1A[Jprocessed files:  159 / 180 [] ETA: 1m5s
[1A[Jprocessed files:  159 / 180 [] ETA: 1m5s
[1A[Jprocessed files:  159 / 180 [] ETA: 1m5s
[1A[Jprocessed files:  159 / 180 [] ETA: 1m5s
[1A[Jprocessed files:  159 / 180 [] ETA: 1m5s
[1A[Jprocessed files:  159 / 180 [] ETA: 1m5s
[1A[Jprocessed files:  159 / 180 [] ETA: 1m5s
[1A[Jprocessed files:  159 / 180 [] ETA: 1m5s
[1A[Jprocessed files:  159 / 180 [] ETA: 1m5s
[1A[Jprocessed files:  159 / 180 [] ETA: 1m5s
[1A[Jprocessed files:  159 / 180 [] ETA: 1m5s
[1A[Jprocessed files:  159 / 180 [] ETA: 1m5s
[1A[Jprocessed files:  159 / 180 [] ETA: 1m5s
[1A[Jprocessed files:  159 / 180 [] ETA: 1m5s
[1A[Jprocessed files:  159 / 180 [] ETA: 1m5s
[1A[Jprocessed files:  159 / 180 [] ETA: 1m5s
[1A[Jprocessed files:  159 / 180 [] ETA: 1m5s
[1A[Jprocessed files:  159 / 180 [] ETA: 1m5s
[1A[Jprocessed files:  159 / 180 [] ETA: 1m5s
[1A[Jprocessed files:  159 / 180 [] ETA: 1m5s
[1A[Jprocessed files:  159 / 180 [] ETA: 1m5s
[1A[Jprocessed files:  159 / 180 [] ETA: 1m5s
[1A[Jprocessed files:  159 / 180 [] ETA: 1m5s
[1A[Jprocessed files:  159 / 180 [] ETA: 1m5s
[1A[Jprocessed files:  159 / 180 [] ETA: 1m5s
[1A[Jprocessed files:  159 / 180 [] ETA: 1m5s
[1A[Jprocessed files:  159 / 180 [] ETA: 1m5s
[1A[Jprocessed files:  159 / 180 [] ETA: 1m5s
[1A[Jprocessed files:  160 / 180 [] ETA: 1m5s
[1A[Jprocessed files:  160 / 180 [] ETA: 1m5s
[1A[Jprocessed files:  160 / 180 [] ETA: 1m5s
[1A[Jprocessed files:  160 / 180 [] ETA: 1m5s
[1A[Jprocessed files:  160 / 180 [] ETA: 1m5s
[1A[Jprocessed files:  160 / 180 [] ETA: 1m5s
[1A[Jprocessed files:  160 / 180 [] ETA: 1m5s
[1A[Jprocessed files:  160 / 180 [] ETA: 1m5s
[1A[Jprocessed files:  160 / 180 [] ETA: 1m5s
[1A[Jprocessed files:  160 / 180 [] ETA: 1m5s
[1A[Jprocessed files:  160 / 180 [] ETA: 1m5s
[1A[Jprocessed files:  160 / 180 [] ETA: 1m5s
[1A[Jprocessed files:  160 / 180 [] ETA: 1m5s
[1A[Jprocessed files:  160 / 180 [] ETA: 1m5s
[1A[Jprocessed files:  160 / 180 [] ETA: 1m5s
[1A[Jprocessed files:  160 / 180 [] ETA: 1m5s
[1A[Jprocessed files:  160 / 180 [] ETA: 1m5s
[1A[Jprocessed files:  160 / 180 [] ETA: 1m5s
[1A[Jprocessed files:  160 / 180 [] ETA: 1m5s
[1A[Jprocessed files:  160 / 180 [] ETA: 1m5s
[1A[Jprocessed files:  160 / 180 [] ETA: 1m5s
[1A[Jprocessed files:  160 / 180 [] ETA: 1m5s
[1A[Jprocessed files:  160 / 180 [] ETA: 1m5s
[1A[Jprocessed files:  160 / 180 [] ETA: 1m5s
[1A[Jprocessed files:  161 / 180 [] ETA: 1m0s
[1A[Jprocessed files:  161 / 180 [] ETA: 1m0s
[1A[Jprocessed files:  161 / 180 [] ETA: 1m0s
[1A[Jprocessed files:  161 / 180 [] ETA: 1m0s
[1A[Jprocessed files:  161 / 180 [] ETA: 1m0s
[1A[Jprocessed files:  161 / 180 [] ETA: 1m0s
[1A[Jprocessed files:  161 / 180 [] ETA: 1m0s
[1A[Jprocessed files:  161 / 180 [] ETA: 1m0s
[1A[Jprocessed files:  161 / 180 [] ETA: 1m0s
[1A[Jprocessed files:  161 / 180 [] ETA: 1m0s
[1A[Jprocessed files:  161 / 180 [] ETA: 1m0s
[1A[Jprocessed files:  161 / 180 [] ETA: 1m0s
[1A[Jprocessed files:  161 / 180 [] ETA: 1m0s
[1A[Jprocessed files:  161 / 180 [] ETA: 1m0s
[1A[Jprocessed files:  161 / 180 [] ETA: 1m0s
[1A[Jprocessed files:  161 / 180 [] ETA: 1m0s
[1A[Jprocessed files:  161 / 180 [] ETA: 1m0s
[1A[Jprocessed files:  161 / 180 [] ETA: 1m0s
[1A[Jprocessed files:  161 / 180 [] ETA: 1m0s
[1A[Jprocessed files:  161 / 180 [] ETA: 1m0s
[1A[Jprocessed files:  161 / 180 [] ETA: 1m0s
[1A[Jprocessed files:  161 / 180 [] ETA: 1m0s
[1A[Jprocessed files:  161 / 180 [] ETA: 1m0s
[1A[Jprocessed files:  161 / 180 [] ETA: 1m0s
[1A[Jprocessed files:  161 / 180 [] ETA: 1m0s
[1A[Jprocessed files:  161 / 180 [] ETA: 1m0s
[1A[Jprocessed files:  162 / 180 [=] ETA: 56s
[1A[Jprocessed files:  162 / 180 [=] ETA: 56s
[1A[Jprocessed files:  162 / 180 [=] ETA: 56s
[1A[Jprocessed files:  162 / 180 [=] ETA: 56s
[1A[Jprocessed files:  162 / 180 [=] ETA: 56s
[1A[Jprocessed files:  162 / 180 [=] ETA: 56s
[1A[Jprocessed files:  162 / 180 [=] ETA: 56s
[1A[Jprocessed files:  162 / 180 [=] ETA: 56s
[1A[Jprocessed files:  162 / 180 [=] ETA: 56s
[1A[Jprocessed files:  162 / 180 [=] ETA: 56s
[1A[Jprocessed files:  162 / 180 [=] ETA: 56s
[1A[Jprocessed files:  162 / 180 [=] ETA: 56s
[1A[Jprocessed files:  162 / 180 [=] ETA: 56s
[1A[Jprocessed files:  162 / 180 [=] ETA: 56s
[1A[Jprocessed files:  162 / 180 [=] ETA: 56s
[1A[Jprocessed files:  162 / 180 [=] ETA: 56s
[1A[Jprocessed files:  162 / 180 [=] ETA: 56s
[1A[Jprocessed files:  162 / 180 [=] ETA: 56s
[1A[Jprocessed files:  162 / 180 [=] ETA: 56s
[1A[Jprocessed files:  162 / 180 [=] ETA: 56s
[1A[Jprocessed files:  162 / 180 [=] ETA: 56s
[1A[Jprocessed files:  162 / 180 [=] ETA: 56s
[1A[Jprocessed files:  162 / 180 [=] ETA: 56s
[1A[Jprocessed files:  162 / 180 [=] ETA: 56s
[1A[Jprocessed files:  162 / 180 [=] ETA: 56s
[1A[Jprocessed files:  162 / 180 [=] ETA: 56s
[1A[Jprocessed files:  162 / 180 [=] ETA: 56s
[1A[Jprocessed files:  162 / 180 [=] ETA: 56s
[1A[Jprocessed files:  162 / 180 [=] ETA: 56s
[1A[Jprocessed files:  163 / 180 [=] ETA: 55s
[1A[Jprocessed files:  163 / 180 [=] ETA: 55s
[1A[Jprocessed files:  163 / 180 [=] ETA: 55s
[1A[Jprocessed files:  163 / 180 [=] ETA: 55s
[1A[Jprocessed files:  163 / 180 [=] ETA: 55s
[1A[Jprocessed files:  163 / 180 [=] ETA: 55s
[1A[Jprocessed files:  163 / 180 [=] ETA: 55s
[1A[Jprocessed files:  163 / 180 [=] ETA: 55s
[1A[Jprocessed files:  163 / 180 [=] ETA: 55s
[1A[Jprocessed files:  163 / 180 [=] ETA: 55s
[1A[Jprocessed files:  163 / 180 [=] ETA: 55s
[1A[Jprocessed files:  163 / 180 [=] ETA: 55s
[1A[Jprocessed files:  163 / 180 [=] ETA: 55s
[1A[Jprocessed files:  163 / 180 [=] ETA: 55s
[1A[Jprocessed files:  163 / 180 [=] ETA: 55s
[1A[Jprocessed files:  163 / 180 [=] ETA: 55s
[1A[Jprocessed files:  163 / 180 [=] ETA: 55s
[1A[Jprocessed files:  163 / 180 [=] ETA: 55s
[1A[Jprocessed files:  163 / 180 [=] ETA: 55s
[1A[Jprocessed files:  163 / 180 [=] ETA: 55s
[1A[Jprocessed files:  163 / 180 [=] ETA: 55s
[1A[Jprocessed files:  163 / 180 [=] ETA: 55s
[1A[Jprocessed files:  163 / 180 [=] ETA: 55s
[1A[Jprocessed files:  163 / 180 [=] ETA: 55s
[1A[Jprocessed files:  163 / 180 [=] ETA: 55s
[1A[Jprocessed files:  163 / 180 [=] ETA: 55s
[1A[Jprocessed files:  163 / 180 [=] ETA: 55s
[1A[Jprocessed files:  163 / 180 [=] ETA: 55s
[1A[Jprocessed files:  163 / 180 [=] ETA: 55s
[1A[Jprocessed files:  163 / 180 [=] ETA: 55s
[1A[Jprocessed files:  164 / 180 [=] ETA: 54s
[1A[Jprocessed files:  164 / 180 [=] ETA: 54s
[1A[Jprocessed files:  164 / 180 [=] ETA: 54s
[1A[Jprocessed files:  164 / 180 [=] ETA: 54s
[1A[Jprocessed files:  164 / 180 [=] ETA: 54s
[1A[Jprocessed files:  164 / 180 [=] ETA: 54s
[1A[Jprocessed files:  164 / 180 [=] ETA: 54s
[1A[Jprocessed files:  164 / 180 [=] ETA: 54s
[1A[Jprocessed files:  164 / 180 [=] ETA: 54s
[1A[Jprocessed files:  164 / 180 [=] ETA: 54s
[1A[Jprocessed files:  164 / 180 [=] ETA: 54s
[1A[Jprocessed files:  164 / 180 [=] ETA: 54s
[1A[Jprocessed files:  164 / 180 [=] ETA: 54s
[1A[Jprocessed files:  164 / 180 [=] ETA: 54s
[1A[Jprocessed files:  164 / 180 [=] ETA: 54s
[1A[Jprocessed files:  164 / 180 [=] ETA: 54s
[1A[Jprocessed files:  164 / 180 [=] ETA: 54s
[1A[Jprocessed files:  164 / 180 [=] ETA: 54s
[1A[Jprocessed files:  164 / 180 [=] ETA: 54s
[1A[Jprocessed files:  164 / 180 [=] ETA: 54s
[1A[Jprocessed files:  164 / 180 [=] ETA: 54s
[1A[Jprocessed files:  164 / 180 [=] ETA: 54s
[1A[Jprocessed files:  164 / 180 [=] ETA: 54s
[1A[Jprocessed files:  164 / 180 [=] ETA: 54s
[1A[Jprocessed files:  164 / 180 [=] ETA: 54s
[1A[Jprocessed files:  164 / 180 [=] ETA: 54s
[1A[Jprocessed files:  164 / 180 [=] ETA: 54s
[1A[Jprocessed files:  164 / 180 [=] ETA: 54s
[1A[Jprocessed files:  164 / 180 [=] ETA: 54s
[1A[Jprocessed files:  164 / 180 [=] ETA: 54s
[1A[Jprocessed files:  164 / 180 [=] ETA: 54s
[1A[Jprocessed files:  165 / 180 [=] ETA: 52s
[1A[Jprocessed files:  165 / 180 [=] ETA: 52s
[1A[Jprocessed files:  165 / 180 [=] ETA: 52s
[1A[Jprocessed files:  165 / 180 [=] ETA: 52s
[1A[Jprocessed files:  165 / 180 [=] ETA: 52s
[1A[Jprocessed files:  165 / 180 [=] ETA: 52s
[1A[Jprocessed files:  165 / 180 [=] ETA: 52s
[1A[Jprocessed files:  165 / 180 [=] ETA: 52s
[1A[Jprocessed files:  165 / 180 [=] ETA: 52s
[1A[Jprocessed files:  165 / 180 [=] ETA: 52s
[1A[Jprocessed files:  165 / 180 [=] ETA: 52s
[1A[Jprocessed files:  165 / 180 [=] ETA: 52s
[1A[Jprocessed files:  165 / 180 [=] ETA: 52s
[1A[Jprocessed files:  165 / 180 [=] ETA: 52s
[1A[Jprocessed files:  165 / 180 [=] ETA: 52s
[1A[Jprocessed files:  165 / 180 [=] ETA: 52s
[1A[Jprocessed files:  165 / 180 [=] ETA: 52s
[1A[Jprocessed files:  165 / 180 [=] ETA: 52s
[1A[Jprocessed files:  165 / 180 [=] ETA: 52s
[1A[Jprocessed files:  165 / 180 [=] ETA: 52s
[1A[Jprocessed files:  165 / 180 [=] ETA: 52s
[1A[Jprocessed files:  165 / 180 [=] ETA: 52s
[1A[Jprocessed files:  165 / 180 [=] ETA: 52s
[1A[Jprocessed files:  165 / 180 [=] ETA: 52s
[1A[Jprocessed files:  165 / 180 [=] ETA: 52s
[1A[Jprocessed files:  165 / 180 [=] ETA: 52s
[1A[Jprocessed files:  165 / 180 [=] ETA: 52s
[1A[Jprocessed files:  165 / 180 [=] ETA: 52s
[1A[Jprocessed files:  165 / 180 [=] ETA: 52s
[1A[Jprocessed files:  165 / 180 [=] ETA: 52s
[1A[Jprocessed files:  165 / 180 [=] ETA: 52s
[1A[Jprocessed files:  165 / 180 [=] ETA: 52s
[1A[Jprocessed files:  165 / 180 [=] ETA: 52s
[1A[Jprocessed files:  166 / 180 [=] ETA: 50s
[1A[Jprocessed files:  166 / 180 [=] ETA: 50s
[1A[Jprocessed files:  166 / 180 [=] ETA: 50s
[1A[Jprocessed files:  166 / 180 [=] ETA: 50s
[1A[Jprocessed files:  166 / 180 [=] ETA: 50s
[1A[Jprocessed files:  166 / 180 [=] ETA: 50s
[1A[Jprocessed files:  166 / 180 [=] ETA: 50s
[1A[Jprocessed files:  166 / 180 [=] ETA: 50s
[1A[Jprocessed files:  166 / 180 [=] ETA: 50s
[1A[Jprocessed files:  166 / 180 [=] ETA: 50s
[1A[Jprocessed files:  166 / 180 [=] ETA: 50s
[1A[Jprocessed files:  166 / 180 [=] ETA: 50s
[1A[Jprocessed files:  166 / 180 [=] ETA: 50s
[1A[Jprocessed files:  166 / 180 [=] ETA: 50s
[1A[Jprocessed files:  166 / 180 [=] ETA: 50s
[1A[Jprocessed files:  166 / 180 [=] ETA: 50s
[1A[Jprocessed files:  166 / 180 [=] ETA: 50s
[1A[Jprocessed files:  166 / 180 [=] ETA: 50s
[1A[Jprocessed files:  166 / 180 [=] ETA: 50s
[1A[Jprocessed files:  166 / 180 [=] ETA: 50s
[1A[Jprocessed files:  166 / 180 [=] ETA: 50s
[1A[Jprocessed files:  166 / 180 [=] ETA: 50s
[1A[Jprocessed files:  166 / 180 [=] ETA: 50s
[1A[Jprocessed files:  166 / 180 [=] ETA: 50s
[1A[Jprocessed files:  166 / 180 [=] ETA: 50s
[1A[Jprocessed files:  166 / 180 [=] ETA: 50s
[1A[Jprocessed files:  166 / 180 [=] ETA: 50s
[1A[Jprocessed files:  166 / 180 [=] ETA: 50s
[1A[Jprocessed files:  167 / 180 [=] ETA: 46s
[1A[Jprocessed files:  167 / 180 [=] ETA: 46s
[1A[Jprocessed files:  167 / 180 [=] ETA: 46s
[1A[Jprocessed files:  167 / 180 [=] ETA: 46s
[1A[Jprocessed files:  167 / 180 [=] ETA: 46s
[1A[Jprocessed files:  167 / 180 [=] ETA: 46s
[1A[Jprocessed files:  167 / 180 [=] ETA: 46s
[1A[Jprocessed files:  167 / 180 [=] ETA: 46s
[1A[Jprocessed files:  167 / 180 [=] ETA: 46s
[1A[Jprocessed files:  167 / 180 [=] ETA: 46s
[1A[Jprocessed files:  167 / 180 [=] ETA: 46s
[1A[Jprocessed files:  167 / 180 [=] ETA: 46s
[1A[Jprocessed files:  167 / 180 [=] ETA: 46s
[1A[Jprocessed files:  167 / 180 [=] ETA: 46s
[1A[Jprocessed files:  167 / 180 [=] ETA: 46s
[1A[Jprocessed files:  167 / 180 [=] ETA: 46s
[1A[Jprocessed files:  167 / 180 [=] ETA: 46s
[1A[Jprocessed files:  167 / 180 [=] ETA: 46s
[1A[Jprocessed files:  167 / 180 [=] ETA: 46s
[1A[Jprocessed files:  167 / 180 [=] ETA: 46s
[1A[Jprocessed files:  167 / 180 [=] ETA: 46s
[1A[Jprocessed files:  167 / 180 [=] ETA: 46s
[1A[Jprocessed files:  167 / 180 [=] ETA: 46s
[1A[Jprocessed files:  167 / 180 [=] ETA: 46s
[1A[Jprocessed files:  167 / 180 [=] ETA: 46s
[1A[Jprocessed files:  167 / 180 [=] ETA: 46s
[1A[Jprocessed files:  167 / 180 [=] ETA: 46s
[1A[Jprocessed files:  167 / 180 [=] ETA: 46s
[1A[Jprocessed files:  167 / 180 [=] ETA: 46s
[1A[Jprocessed files:  167 / 180 [=] ETA: 46s
[1A[Jprocessed files:  167 / 180 [=] ETA: 46s
[1A[Jprocessed files:  168 / 180 [=] ETA: 43s
[1A[Jprocessed files:  168 / 180 [=] ETA: 43s
[1A[Jprocessed files:  168 / 180 [=] ETA: 43s
[1A[Jprocessed files:  168 / 180 [=] ETA: 43s
[1A[Jprocessed files:  168 / 180 [=] ETA: 43s
[1A[Jprocessed files:  168 / 180 [=] ETA: 43s
[1A[Jprocessed files:  168 / 180 [=] ETA: 43s
[1A[Jprocessed files:  168 / 180 [=] ETA: 43s
[1A[Jprocessed files:  168 / 180 [=] ETA: 43s
[1A[Jprocessed files:  168 / 180 [=] ETA: 43s
[1A[Jprocessed files:  168 / 180 [=] ETA: 43s
[1A[Jprocessed files:  168 / 180 [=] ETA: 43s
[1A[Jprocessed files:  168 / 180 [=] ETA: 43s
[1A[Jprocessed files:  168 / 180 [=] ETA: 43s
[1A[Jprocessed files:  168 / 180 [=] ETA: 43s
[1A[Jprocessed files:  168 / 180 [=] ETA: 43s
[1A[Jprocessed files:  168 / 180 [=] ETA: 43s
[1A[Jprocessed files:  168 / 180 [=] ETA: 43s
[1A[Jprocessed files:  168 / 180 [=] ETA: 43s
[1A[Jprocessed files:  168 / 180 [=] ETA: 43s
[1A[Jprocessed files:  168 / 180 [=] ETA: 43s
[1A[Jprocessed files:  168 / 180 [=] ETA: 43s
[1A[Jprocessed files:  168 / 180 [=] ETA: 43s
[1A[Jprocessed files:  168 / 180 [=] ETA: 43s
[1A[Jprocessed files:  168 / 180 [=] ETA: 43s
[1A[Jprocessed files:  168 / 180 [=] ETA: 43s
[1A[Jprocessed files:  168 / 180 [=] ETA: 43s
[1A[Jprocessed files:  168 / 180 [=] ETA: 43s
[1A[Jprocessed files:  168 / 180 [=] ETA: 43s
[1A[Jprocessed files:  168 / 180 [=] ETA: 43s
[1A[Jprocessed files:  168 / 180 [=] ETA: 43s
[1A[Jprocessed files:  169 / 180 [=] ETA: 40s
[1A[Jprocessed files:  169 / 180 [=] ETA: 40s
[1A[Jprocessed files:  169 / 180 [=] ETA: 40s
[1A[Jprocessed files:  169 / 180 [=] ETA: 40s
[1A[Jprocessed files:  169 / 180 [=] ETA: 40s
[1A[Jprocessed files:  169 / 180 [=] ETA: 40s
[1A[Jprocessed files:  169 / 180 [=] ETA: 40s
[1A[Jprocessed files:  169 / 180 [=] ETA: 40s
[1A[Jprocessed files:  169 / 180 [=] ETA: 40s
[1A[Jprocessed files:  169 / 180 [=] ETA: 40s
[1A[Jprocessed files:  169 / 180 [=] ETA: 40s
[1A[Jprocessed files:  169 / 180 [=] ETA: 40s
[1A[Jprocessed files:  169 / 180 [=] ETA: 40s
[1A[Jprocessed files:  169 / 180 [=] ETA: 40s
[1A[Jprocessed files:  169 / 180 [=] ETA: 40s
[1A[Jprocessed files:  169 / 180 [=] ETA: 40s
[1A[Jprocessed files:  169 / 180 [=] ETA: 40s
[1A[Jprocessed files:  169 / 180 [=] ETA: 40s
[1A[Jprocessed files:  169 / 180 [=] ETA: 40s
[1A[Jprocessed files:  169 / 180 [=] ETA: 40s
[1A[Jprocessed files:  169 / 180 [=] ETA: 40s
[1A[Jprocessed files:  169 / 180 [=] ETA: 40s
[1A[Jprocessed files:  169 / 180 [=] ETA: 40s
[1A[Jprocessed files:  169 / 180 [=] ETA: 40s
[1A[Jprocessed files:  169 / 180 [=] ETA: 40s
[1A[Jprocessed files:  169 / 180 [=] ETA: 40s
[1A[Jprocessed files:  169 / 180 [=] ETA: 40s
[1A[Jprocessed files:  169 / 180 [=] ETA: 40s
[1A[Jprocessed files:  169 / 180 [=] ETA: 40s
[1A[Jprocessed files:  169 / 180 [=] ETA: 40s
[1A[Jprocessed files:  169 / 180 [=] ETA: 40s
[1A[Jprocessed files:  169 / 180 [=] ETA: 40s
[1A[Jprocessed files:  169 / 180 [=] ETA: 40s
[1A[Jprocessed files:  170 / 180 [=] ETA: 37s
[1A[Jprocessed files:  170 / 180 [=] ETA: 37s
[1A[Jprocessed files:  170 / 180 [=] ETA: 37s
[1A[Jprocessed files:  170 / 180 [=] ETA: 37s
[1A[Jprocessed files:  170 / 180 [=] ETA: 37s
[1A[Jprocessed files:  170 / 180 [=] ETA: 37s
[1A[Jprocessed files:  170 / 180 [=] ETA: 37s
[1A[Jprocessed files:  170 / 180 [=] ETA: 37s
[1A[Jprocessed files:  170 / 180 [=] ETA: 37s
[1A[Jprocessed files:  170 / 180 [=] ETA: 37s
[1A[Jprocessed files:  170 / 180 [=] ETA: 37s
[1A[Jprocessed files:  170 / 180 [=] ETA: 37s
[1A[Jprocessed files:  170 / 180 [=] ETA: 37s
[1A[Jprocessed files:  170 / 180 [=] ETA: 37s
[1A[Jprocessed files:  170 / 180 [=] ETA: 37s
[1A[Jprocessed files:  170 / 180 [=] ETA: 37s
[1A[Jprocessed files:  170 / 180 [=] ETA: 37s
[1A[Jprocessed files:  170 / 180 [=] ETA: 37s
[1A[Jprocessed files:  170 / 180 [=] ETA: 37s
[1A[Jprocessed files:  170 / 180 [=] ETA: 37s
[1A[Jprocessed files:  170 / 180 [=] ETA: 37s
[1A[Jprocessed files:  170 / 180 [=] ETA: 37s
[1A[Jprocessed files:  170 / 180 [=] ETA: 37s
[1A[Jprocessed files:  170 / 180 [=] ETA: 37s
[1A[Jprocessed files:  170 / 180 [=] ETA: 37s
[1A[Jprocessed files:  170 / 180 [=] ETA: 37s
[1A[Jprocessed files:  170 / 180 [=] ETA: 37s
[1A[Jprocessed files:  170 / 180 [=] ETA: 37s
[1A[Jprocessed files:  170 / 180 [=] ETA: 37s
[1A[Jprocessed files:  170 / 180 [=] ETA: 37s
[1A[Jprocessed files:  170 / 180 [=] ETA: 37s
[1A[Jprocessed files:  170 / 180 [=] ETA: 37s
[1A[Jprocessed files:  170 / 180 [=] ETA: 37s
[1A[Jprocessed files:  170 / 180 [=] ETA: 37s
[1A[Jprocessed files:  170 / 180 [=] ETA: 37s
[1A[Jprocessed files:  170 / 180 [=] ETA: 37s
[1A[Jprocessed files:  170 / 180 [=] ETA: 37s
[1A[Jprocessed files:  170 / 180 [=] ETA: 37s
[1A[Jprocessed files:  170 / 180 [=] ETA: 37s
[1A[Jprocessed files:  170 / 180 [=] ETA: 37s
[1A[Jprocessed files:  170 / 180 [=] ETA: 37s
[1A[Jprocessed files:  170 / 180 [=] ETA: 37s
[1A[Jprocessed files:  170 / 180 [=] ETA: 37s
[1A[Jprocessed files:  170 / 180 [=] ETA: 37s
[1A[Jprocessed files:  170 / 180 [=] ETA: 37s
[1A[Jprocessed files:  171 / 180 [=] ETA: 38s
[1A[Jprocessed files:  171 / 180 [=] ETA: 38s
[1A[Jprocessed files:  171 / 180 [=] ETA: 38s
[1A[Jprocessed files:  171 / 180 [=] ETA: 38s
[1A[Jprocessed files:  171 / 180 [=] ETA: 38s
[1A[Jprocessed files:  171 / 180 [=] ETA: 38s
[1A[Jprocessed files:  171 / 180 [=] ETA: 38s
[1A[Jprocessed files:  171 / 180 [=] ETA: 38s
[1A[Jprocessed files:  171 / 180 [=] ETA: 38s
[1A[Jprocessed files:  171 / 180 [=] ETA: 38s
[1A[Jprocessed files:  171 / 180 [=] ETA: 38s
[1A[Jprocessed files:  171 / 180 [=] ETA: 38s
[1A[Jprocessed files:  171 / 180 [=] ETA: 38s
[1A[Jprocessed files:  171 / 180 [=] ETA: 38s
[1A[Jprocessed files:  171 / 180 [=] ETA: 38s
[1A[Jprocessed files:  171 / 180 [=] ETA: 38s
[1A[Jprocessed files:  171 / 180 [=] ETA: 38s
[1A[Jprocessed files:  171 / 180 [=] ETA: 38s
[1A[Jprocessed files:  171 / 180 [=] ETA: 38s
[1A[Jprocessed files:  171 / 180 [=] ETA: 38s
[1A[Jprocessed files:  171 / 180 [=] ETA: 38s
[1A[Jprocessed files:  171 / 180 [=] ETA: 38s
[1A[Jprocessed files:  171 / 180 [=] ETA: 38s
[1A[Jprocessed files:  171 / 180 [=] ETA: 38s
[1A[Jprocessed files:  171 / 180 [=] ETA: 38s
[1A[Jprocessed files:  171 / 180 [=] ETA: 38s
[1A[Jprocessed files:  171 / 180 [=] ETA: 38s
[1A[Jprocessed files:  171 / 180 [=] ETA: 38s
[1A[Jprocessed files:  171 / 180 [=] ETA: 38s
[1A[Jprocessed files:  171 / 180 [=] ETA: 38s
[1A[Jprocessed files:  171 / 180 [=] ETA: 38s
[1A[Jprocessed files:  171 / 180 [=] ETA: 38s
[1A[Jprocessed files:  171 / 180 [=] ETA: 38s
[1A[Jprocessed files:  171 / 180 [=] ETA: 38s
[1A[Jprocessed files:  171 / 180 [=] ETA: 38s
[1A[Jprocessed files:  171 / 180 [=] ETA: 38s
[1A[Jprocessed files:  171 / 180 [=] ETA: 38s
[1A[Jprocessed files:  171 / 180 [=] ETA: 38s
[1A[Jprocessed files:  171 / 180 [=] ETA: 38s
[1A[Jprocessed files:  171 / 180 [=] ETA: 38s
[1A[Jprocessed files:  171 / 180 [=] ETA: 38s
[1A[Jprocessed files:  171 / 180 [=] ETA: 38s
[1A[Jprocessed files:  171 / 180 [=] ETA: 38s
[1A[Jprocessed files:  171 / 180 [=] ETA: 38s
[1A[Jprocessed files:  171 / 180 [=] ETA: 38s
[1A[Jprocessed files:  171 / 180 [=] ETA: 38s
[1A[Jprocessed files:  171 / 180 [=] ETA: 38s
[1A[Jprocessed files:  171 / 180 [=] ETA: 38s
[1A[Jprocessed files:  171 / 180 [=] ETA: 38s
[1A[Jprocessed files:  172 / 180 [=] ETA: 38s
[1A[Jprocessed files:  172 / 180 [=] ETA: 38s
[1A[Jprocessed files:  172 / 180 [=] ETA: 38s
[1A[Jprocessed files:  172 / 180 [=] ETA: 38s
[1A[Jprocessed files:  173 / 180 [=] ETA: 23s
[1A[Jprocessed files:  173 / 180 [=] ETA: 23s
[1A[Jprocessed files:  173 / 180 [=] ETA: 23s
[1A[Jprocessed files:  173 / 180 [=] ETA: 23s
[1A[Jprocessed files:  174 / 180 [=] ETA: 14s
[1A[Jprocessed files:  174 / 180 [=] ETA: 14s
[1A[Jprocessed files:  174 / 180 [=] ETA: 14s
[1A[Jprocessed files:  174 / 180 [=] ETA: 14s
[1A[Jprocessed files:  174 / 180 [=] ETA: 14s
[1A[Jprocessed files:  174 / 180 [=] ETA: 14s
[1A[Jprocessed files:  174 / 180 [=] ETA: 14s
[1A[Jprocessed files:  174 / 180 [=] ETA: 14s
[1A[Jprocessed files:  174 / 180 [=] ETA: 14s
[1A[Jprocessed files:  174 / 180 [=] ETA: 14s
[1A[Jprocessed files:  174 / 180 [=] ETA: 14s
[1A[Jprocessed files:  174 / 180 [=] ETA: 14s
[1A[Jprocessed files:  174 / 180 [=] ETA: 14s
[1A[Jprocessed files:  174 / 180 [=] ETA: 14s
[1A[Jprocessed files:  174 / 180 [=] ETA: 14s
[1A[Jprocessed files:  174 / 180 [=] ETA: 14s
[1A[Jprocessed files:  174 / 180 [=] ETA: 14s
[1A[Jprocessed files:  174 / 180 [=] ETA: 14s
[1A[Jprocessed files:  174 / 180 [=] ETA: 14s
[1A[Jprocessed files:  174 / 180 [=] ETA: 14s
[1A[Jprocessed files:  174 / 180 [=] ETA: 14s
[1A[Jprocessed files:  174 / 180 [=] ETA: 14s
[1A[Jprocessed files:  174 / 180 [=] ETA: 14s
[1A[Jprocessed files:  174 / 180 [=] ETA: 14s
[1A[Jprocessed files:  174 / 180 [=] ETA: 14s
[1A[Jprocessed files:  174 / 180 [=] ETA: 14s
[1A[Jprocessed files:  174 / 180 [=] ETA: 14s
[1A[Jprocessed files:  174 / 180 [=] ETA: 14s
[1A[Jprocessed files:  174 / 180 [=] ETA: 14s
[1A[Jprocessed files:  175 / 180 [=] ETA: 13s
[1A[Jprocessed files:  175 / 180 [=] ETA: 13s
[1A[Jprocessed files:  175 / 180 [=] ETA: 13s
[1A[Jprocessed files:  175 / 180 [=] ETA: 13s
[1A[Jprocessed files:  175 / 180 [=] ETA: 13s
[1A[Jprocessed files:  175 / 180 [=] ETA: 13s
[1A[Jprocessed files:  175 / 180 [=] ETA: 13s
[1A[Jprocessed files:  175 / 180 [=] ETA: 13s
[1A[Jprocessed files:  175 / 180 [=] ETA: 13s
[1A[Jprocessed files:  175 / 180 [=] ETA: 13s
[1A[Jprocessed files:  175 / 180 [=] ETA: 13s
[1A[Jprocessed files:  175 / 180 [=] ETA: 13s
[1A[Jprocessed files:  175 / 180 [=] ETA: 13s
[1A[Jprocessed files:  175 / 180 [=] ETA: 13s
[1A[Jprocessed files:  175 / 180 [=] ETA: 13s
[1A[Jprocessed files:  175 / 180 [=] ETA: 13s
[1A[Jprocessed files:  175 / 180 [=] ETA: 13s
[1A[Jprocessed files:  175 / 180 [=] ETA: 13s
[1A[Jprocessed files:  175 / 180 [=] ETA: 13s
[1A[Jprocessed files:  175 / 180 [=] ETA: 13s
[1A[Jprocessed files:  175 / 180 [=] ETA: 13s
[1A[Jprocessed files:  175 / 180 [=] ETA: 13s
[1A[Jprocessed files:  175 / 180 [=] ETA: 13s
[1A[Jprocessed files:  175 / 180 [=] ETA: 13s
[1A[Jprocessed files:  175 / 180 [=] ETA: 13s
[1A[Jprocessed files:  175 / 180 [=] ETA: 13s
[1A[Jprocessed files:  175 / 180 [=] ETA: 13s
[1A[Jprocessed files:  175 / 180 [=] ETA: 13s
[1A[Jprocessed files:  175 / 180 [=] ETA: 13s
[1A[Jprocessed files:  175 / 180 [=] ETA: 13s
[1A[Jprocessed files:  176 / 180 [=] ETA: 12s
[1A[Jprocessed files:  176 / 180 [=] ETA: 12s
[1A[Jprocessed files:  176 / 180 [=] ETA: 12s
[1A[Jprocessed files:  176 / 180 [=] ETA: 12s
[1A[Jprocessed files:  176 / 180 [=] ETA: 12s
[1A[Jprocessed files:  176 / 180 [=] ETA: 12s
[1A[Jprocessed files:  176 / 180 [=] ETA: 12s
[1A[Jprocessed files:  176 / 180 [=] ETA: 12s
[1A[Jprocessed files:  176 / 180 [=] ETA: 12s
[1A[Jprocessed files:  176 / 180 [=] ETA: 12s
[1A[Jprocessed files:  176 / 180 [=] ETA: 12s
[1A[Jprocessed files:  176 / 180 [=] ETA: 12s
[1A[Jprocessed files:  176 / 180 [=] ETA: 12s
[1A[Jprocessed files:  176 / 180 [=] ETA: 12s
[1A[Jprocessed files:  176 / 180 [=] ETA: 12s
[1A[Jprocessed files:  176 / 180 [=] ETA: 12s
[1A[Jprocessed files:  176 / 180 [=] ETA: 12s
[1A[Jprocessed files:  176 / 180 [=] ETA: 12s
[1A[Jprocessed files:  176 / 180 [=] ETA: 12s
[1A[Jprocessed files:  176 / 180 [=] ETA: 12s
[1A[Jprocessed files:  176 / 180 [=] ETA: 12s
[1A[Jprocessed files:  176 / 180 [=] ETA: 12s
[1A[Jprocessed files:  176 / 180 [=] ETA: 12s
[1A[Jprocessed files:  177 / 180 [==] ETA: 8s
[1A[Jprocessed files:  177 / 180 [==] ETA: 8s
[1A[Jprocessed files:  177 / 180 [==] ETA: 8s
[1A[Jprocessed files:  177 / 180 [==] ETA: 8s
[1A[Jprocessed files:  177 / 180 [==] ETA: 8s
[1A[Jprocessed files:  177 / 180 [==] ETA: 8s
[1A[Jprocessed files:  177 / 180 [==] ETA: 8s
[1A[Jprocessed files:  177 / 180 [==] ETA: 8s
[1A[Jprocessed files:  177 / 180 [==] ETA: 8s
[1A[Jprocessed files:  177 / 180 [==] ETA: 8s
[1A[Jprocessed files:  177 / 180 [==] ETA: 8s
[1A[Jprocessed files:  177 / 180 [==] ETA: 8s
[1A[Jprocessed files:  177 / 180 [==] ETA: 8s
[1A[Jprocessed files:  177 / 180 [==] ETA: 8s
[1A[Jprocessed files:  177 / 180 [==] ETA: 8s
[1A[Jprocessed files:  177 / 180 [==] ETA: 8s
[1A[Jprocessed files:  177 / 180 [==] ETA: 8s
[1A[Jprocessed files:  177 / 180 [==] ETA: 8s
[1A[Jprocessed files:  177 / 180 [==] ETA: 8s
[1A[Jprocessed files:  177 / 180 [==] ETA: 8s
[1A[Jprocessed files:  177 / 180 [==] ETA: 8s
[1A[Jprocessed files:  177 / 180 [==] ETA: 8s
[1A[Jprocessed files:  177 / 180 [==] ETA: 8s
[1A[Jprocessed files:  177 / 180 [==] ETA: 8s
[1A[Jprocessed files:  177 / 180 [==] ETA: 8s
[1A[Jprocessed files:  178 / 180 [==] ETA: 5s
[1A[Jprocessed files:  178 / 180 [==] ETA: 5s
[1A[Jprocessed files:  178 / 180 [==] ETA: 5s
[1A[Jprocessed files:  178 / 180 [==] ETA: 5s
[1A[Jprocessed files:  178 / 180 [==] ETA: 5s
[1A[Jprocessed files:  178 / 180 [==] ETA: 5s
[1A[Jprocessed files:  178 / 180 [==] ETA: 5s
[1A[Jprocessed files:  178 / 180 [==] ETA: 5s
[1A[Jprocessed files:  178 / 180 [==] ETA: 5s
[1A[Jprocessed files:  178 / 180 [==] ETA: 5s
[1A[Jprocessed files:  178 / 180 [==] ETA: 5s
[1A[Jprocessed files:  178 / 180 [==] ETA: 5s
[1A[Jprocessed files:  178 / 180 [==] ETA: 5s
[1A[Jprocessed files:  178 / 180 [==] ETA: 5s
[1A[Jprocessed files:  178 / 180 [==] ETA: 5s
[1A[Jprocessed files:  178 / 180 [==] ETA: 5s
[1A[Jprocessed files:  178 / 180 [==] ETA: 5s
[1A[Jprocessed files:  178 / 180 [==] ETA: 5s
[1A[Jprocessed files:  178 / 180 [==] ETA: 5s
[1A[Jprocessed files:  178 / 180 [==] ETA: 5s
[1A[Jprocessed files:  178 / 180 [==] ETA: 5s
[1A[Jprocessed files:  178 / 180 [==] ETA: 5s
[1A[Jprocessed files:  178 / 180 [==] ETA: 5s
[1A[Jprocessed files:  178 / 180 [==] ETA: 5s
[1A[Jprocessed files:  178 / 180 [==] ETA: 5s
[1A[Jprocessed files:  178 / 180 [==] ETA: 5s
[1A[Jprocessed files:  178 / 180 [==] ETA: 5s
[1A[Jprocessed files:  178 / 180 [==] ETA: 5s
[1A[Jprocessed files:  178 / 180 [==] ETA: 5s
[1A[Jprocessed files:  178 / 180 [==] ETA: 5s
[1A[Jprocessed files:  178 / 180 [==] ETA: 5s
[1A[Jprocessed files:  178 / 180 [==] ETA: 5s
[1A[Jprocessed files:  178 / 180 [==] ETA: 5s
[1A[Jprocessed files:  178 / 180 [==] ETA: 5s
[1A[Jprocessed files:  178 / 180 [==] ETA: 5s
[1A[Jprocessed files:  178 / 180 [==] ETA: 5s
[1A[Jprocessed files:  179 / 180 [==] ETA: 3s
[1A[Jprocessed files:  179 / 180 [==] ETA: 3s
[1A[Jprocessed files:  179 / 180 [==] ETA: 3s
[1A[Jprocessed files:  179 / 180 [==] ETA: 3s
[1A[Jprocessed files:  179 / 180 [==] ETA: 3s
[1A[Jprocessed files:  179 / 180 [==] ETA: 3s
[1A[Jprocessed files:  179 / 180 [==] ETA: 3s
[1A[Jprocessed files:  179 / 180 [==] ETA: 3s
[1A[Jprocessed files:  179 / 180 [==] ETA: 3s
[1A[Jprocessed files:  179 / 180 [==] ETA: 3s
[1A[Jprocessed files:  179 / 180 [==] ETA: 3s
[1A[Jprocessed files:  179 / 180 [==] ETA: 3s
[1A[Jprocessed files:  179 / 180 [==] ETA: 3s
[1A[Jprocessed files:  179 / 180 [==] ETA: 3s
[1A[Jprocessed files:  179 / 180 [==] ETA: 3s
[1A[Jprocessed files:  179 / 180 [==] ETA: 3s
[1A[Jprocessed files:  179 / 180 [==] ETA: 3s
[1A[Jprocessed files:  179 / 180 [==] ETA: 3s
[1A[Jprocessed files:  179 / 180 [==] ETA: 3s
[1A[Jprocessed files:  179 / 180 [==] ETA: 3s
[1A[Jprocessed files:  179 / 180 [==] ETA: 3s
[1A[Jprocessed files:  179 / 180 [==] ETA: 3s
[1A[Jprocessed files:  179 / 180 [==] ETA: 3s
[1A[Jprocessed files:  179 / 180 [==] ETA: 3s
[1A[Jprocessed files:  179 / 180 [==] ETA: 3s
[1A[Jprocessed files:  179 / 180 [==] ETA: 3s
[1A[Jprocessed files:  179 / 180 [==] ETA: 3s
[1A[Jprocessed files:  179 / 180 [==] ETA: 3s
[1A[Jprocessed files:  179 / 180 [==] ETA: 3s
[1A[Jprocessed files:  179 / 180 [==] ETA: 3s
[1A[Jprocessed files:  179 / 180 [==] ETA: 3s
[1A[Jprocessed files:  179 / 180 [==] ETA: 3s
[1A[Jprocessed files:  179 / 180 [==] ETA: 3s
[1A[Jprocessed files:  179 / 180 [==] ETA: 3s
[1A[Jprocessed files:  179 / 180 [==] ETA: 3s
[1A[Jprocessed files:  179 / 180 [==] ETA: 3s
[1A[Jprocessed files:  179 / 180 [==] ETA: 3s
[1A[Jprocessed files:  179 / 180 [==] ETA: 3s
[1A[Jprocessed files:  180 / 180 [==] ETA: 0s
[1A[Jprocessed files:  180 / 180  ETA: 0s. d…
[1A[Jprocessed files:  180 / 180  ETA: 0s. d…
[Thu Jun 26 00:28:49 2025]
Finished job 0.
1 of 1 steps (100%) done
