Sample	0	1	2	3	4	5	6	7	8	9	10	11	12	13	14	15	16	17	18	19	20	21	22	23	24	25	26	27	28	29	30	31	32	33	34	35	36	37	38	39	40	41	42	43	44	45	46	47	48	49	50	51	52	53	54	55	56	57	58	59	60	61	62	63	64	65	66	67	68	69	70	71	72	73	74	75	76	77	78	79	80	81	82	83	84	85	86	87	88	89	90	91	92	93	94	95	96	97	98	99	100
1002R_0_M_NS6_week10_S69_L001_R1_001	(0.0, 0.0)	(1.0, 0.0)	(2.0, 0.0)	(3.0, 0.0)	(4.0, 0.0)	(5.0, 0.0)	(6.0, 0.0)	(7.0, 0.0)	(8.0, 0.0)	(9.0, 0.0)	(10.0, 0.0)	(11.0, 0.0)	(12.0, 0.0)	(13.0, 0.0)	(14.0, 0.0)	(15.0, 0.0)	(16.0, 0.0)	(17.0, 0.0)	(18.0, 0.0)	(19.0, 0.0)	(20.0, 0.0)	(21.0, 0.0)	(22.0, 0.0)	(23.0, 0.0)	(24.0, 0.0)	(25.0, 0.0)	(26.0, 0.0)	(27.0, 0.0)	(28.0, 0.0)	(29.0, 0.0007883181757265569)	(30.0, 0.0007883181757265569)	(31.0, 0.0)	(32.0, 0.0)	(33.0, 0.0)	(34.0, 0.0)	(35.0, 0.002102181801937485)	(36.0, 0.004729909054359341)	(37.0, 0.004467136329117155)	(38.0, 0.004467136329117155)	(39.0, 0.013664181712593653)	(40.0, 0.024700636172765453)	(41.0, 0.05544504502610116)	(42.0, 0.16883147596810424)	(43.0, 0.23531297545437724)	(44.0, 0.3239987702236153)	(45.0, 1.335673762406062)	(46.0, 16.0187567171272)	(47.0, 13.74840037103061)	(48.0, 21.61489606025748)	(49.0, 3.8057373796825513)	(50.0, 1.5126511928566977)	(51.0, 10.912688506579883)	(52.0, 17.88693940723986)	(53.0, 8.3557785036131)	(54.0, 2.8008944783562684)	(55.0, 0.6452384268321789)	(56.0, 0.12350318086382724)	(57.0, 0.0466421587304879)	(58.0, 0.06122604498142926)	(59.0, 0.060043567717839405)	(60.0, 0.01865686349219518)	(61.0, 0.02654004524946076)	(62.0, 0.14978045338804535)	(63.0, 0.019707954393163928)	(64.0, 0.005518227230085898)	(65.0, 0.006700704493675734)	(66.0, 0.0031532727029062275)	(67.0, 0.0015766363514531138)	(68.0, 0.0)	(69.0, 0.0)	(70.0, 0.0)	(71.0, 0.0)	(72.0, 0.0)	(73.0, 0.0)	(74.0, 0.0)	(75.0, 0.0)	(76.0, 0.0)	(77.0, 0.0)	(78.0, 0.0)	(79.0, 0.0)	(80.0, 0.0)	(81.0, 0.0)	(82.0, 0.0)	(83.0, 0.0)	(84.0, 0.0)	(85.0, 0.0)	(86.0, 0.0)	(87.0, 0.0)	(88.0, 0.0)	(89.0, 0.0)	(90.0, 0.0)	(91.0, 0.0)	(92.0, 0.0)	(93.0, 0.0)	(94.0, 0.0)	(95.0, 0.0)	(96.0, 0.0)	(97.0, 0.0)	(98.0, 0.0)	(99.0, 0.0)	(100.0, 0.0)
1002R_0_M_NS6_week10_S69_L001_R2_001	(0.0, 0.0)	(1.0, 0.0)	(2.0, 0.0)	(3.0, 0.0)	(4.0, 0.0)	(5.0, 0.0)	(6.0, 0.0)	(7.0, 0.0)	(8.0, 0.0)	(9.0, 0.0)	(10.0, 0.0)	(11.0, 0.0)	(12.0, 0.0)	(13.0, 0.0)	(14.0, 0.0)	(15.0, 0.0)	(16.0, 0.0)	(17.0, 0.0)	(18.0, 0.0)	(19.0, 0.0)	(20.0, 0.0)	(21.0, 0.0)	(22.0, 0.0)	(23.0, 0.0)	(24.0, 0.0)	(25.0, 0.0)	(26.0, 0.0)	(27.0, 0.0)	(28.0, 0.0)	(29.0, 0.0)	(30.0, 0.0006975032869841358)	(31.0, 0.0006975032869841358)	(32.0, 0.0006975032869841358)	(33.0, 0.0020925098609524072)	(34.0, 0.0025575120522751643)	(35.0, 0.0016275076696296502)	(36.0, 0.0032550153392593003)	(37.0, 0.006277529582857223)	(38.0, 0.008137538348148251)	(39.0, 0.009532544922116522)	(40.0, 0.01941384148772511)	(41.0, 0.027783880931534746)	(42.0, 0.029062636957672326)	(43.0, 0.04557021474963018)	(44.0, 0.1339206311009539)	(45.0, 2.903008680427745)	(46.0, 21.467872417359565)	(47.0, 16.90980468745784)	(48.0, 9.24900983595541)	(49.0, 7.351335893168834)	(50.0, 0.8712978559910187)	(51.0, 4.774875001598322)	(52.0, 4.469833564090455)	(53.0, 4.267325109769294)	(54.0, 5.4000704478319985)	(55.0, 1.2496933891799396)	(56.0, 9.829448821273633)	(57.0, 9.10079038747147)	(58.0, 0.6075253629631764)	(59.0, 0.24052238346169638)	(60.0, 0.2450561548270936)	(61.0, 0.19785843240783305)	(62.0, 0.10881051276952519)	(63.0, 0.08230538786412807)	(64.0, 0.061729040898096034)	(65.0, 0.03359640832306921)	(66.0, 0.02511011833142889)	(67.0, 0.03836268078412747)	(68.0, 0.03580516873185229)	(69.0, 0.017437582174603398)	(70.0, 0.020460096418201318)	(71.0, 0.03441016215788401)	(72.0, 0.10555549743026592)	(73.0, 0.007207533965502736)	(74.0, 0.0006975032869841358)	(75.0, 0.0)	(76.0, 0.0)	(77.0, 0.0)	(78.0, 0.0)	(79.0, 0.0)	(80.0, 0.0)	(81.0, 0.0)	(82.0, 0.0)	(83.0, 0.00046500219132275723)	(84.0, 0.0006975032869841358)	(85.0, 0.0006975032869841358)	(86.0, 0.0)	(87.0, 0.0)	(88.0, 0.0)	(89.0, 0.0)	(90.0, 0.0)	(91.0, 0.0)	(92.0, 0.0)	(93.0, 0.0)	(94.0, 0.0)	(95.0, 0.0)	(96.0, 0.0)	(97.0, 0.0)	(98.0, 0.0)	(99.0, 0.0)	(100.0, 0.0)
1002R_L_M_NS6_week10_S70_L001_R1_001	(0.0, 0.0)	(1.0, 0.0)	(2.0, 0.0)	(3.0, 0.0)	(4.0, 0.0)	(5.0, 0.0)	(6.0, 0.0)	(7.0, 0.0)	(8.0, 0.0)	(9.0, 0.0)	(10.0, 0.0)	(11.0, 0.0)	(12.0, 0.0)	(13.0, 0.0)	(14.0, 0.0)	(15.0, 0.0)	(16.0, 0.0)	(17.0, 0.0)	(18.0, 0.0)	(19.0, 0.0)	(20.0, 0.0)	(21.0, 0.0)	(22.0, 0.0)	(23.0, 0.0)	(24.0, 0.0)	(25.0, 0.0)	(26.0, 0.0)	(27.0, 0.0)	(28.0, 0.0)	(29.0, 0.0)	(30.0, 0.0)	(31.0, 0.0)	(32.0, 0.0)	(33.0, 0.0)	(34.0, 0.0)	(35.0, 0.0)	(36.0, 0.0023724088846709913)	(37.0, 0.0023724088846709913)	(38.0, 0.0035586133270064874)	(39.0, 0.00934135998339203)	(40.0, 0.013789626642150138)	(41.0, 0.039293022152363306)	(42.0, 0.11951009756530119)	(43.0, 0.17377895080215008)	(44.0, 0.2992200705791288)	(45.0, 1.0265116692860725)	(46.0, 11.243290531119454)	(47.0, 12.063847454104298)	(48.0, 26.782420450178186)	(49.0, 4.670235165030266)	(50.0, 1.6375552326442055)	(51.0, 10.970166958271966)	(52.0, 18.619406304676424)	(53.0, 8.452596304972419)	(54.0, 2.78965629726237)	(55.0, 0.603036683372305)	(56.0, 0.11313424868774816)	(57.0, 0.04596542214050043)	(58.0, 0.05990332433794248)	(59.0, 0.05545505767918436)	(60.0, 0.017348239969156624)	(61.0, 0.031137866611306773)	(62.0, 0.14086177752734005)	(63.0, 0.012751697755106574)	(64.0, 0.0014827555529193695)	(65.0, 0.0)	(66.0, 0.0)	(67.0, 0.0)	(68.0, 0.0)	(69.0, 0.0)	(70.0, 0.0)	(71.0, 0.0)	(72.0, 0.0)	(73.0, 0.0)	(74.0, 0.0)	(75.0, 0.0)	(76.0, 0.0)	(77.0, 0.0)	(78.0, 0.0)	(79.0, 0.0)	(80.0, 0.0)	(81.0, 0.0)	(82.0, 0.0)	(83.0, 0.0)	(84.0, 0.0)	(85.0, 0.0)	(86.0, 0.0)	(87.0, 0.0)	(88.0, 0.0)	(89.0, 0.0)	(90.0, 0.0)	(91.0, 0.0)	(92.0, 0.0)	(93.0, 0.0)	(94.0, 0.0)	(95.0, 0.0)	(96.0, 0.0)	(97.0, 0.0)	(98.0, 0.0)	(99.0, 0.0)	(100.0, 0.0)
1002R_L_M_NS6_week10_S70_L001_R2_001	(0.0, 0.0)	(1.0, 0.0)	(2.0, 0.0)	(3.0, 0.0)	(4.0, 0.0)	(5.0, 0.0)	(6.0, 0.0)	(7.0, 0.0)	(8.0, 0.0)	(9.0, 0.0)	(10.0, 0.0)	(11.0, 0.0)	(12.0, 0.0)	(13.0, 0.0)	(14.0, 0.0)	(15.0, 0.0)	(16.0, 0.0)	(17.0, 0.0)	(18.0, 0.0)	(19.0, 0.0)	(20.0, 0.0)	(21.0, 0.0)	(22.0, 0.0)	(23.0, 0.0)	(24.0, 0.0)	(25.0, 0.0)	(26.0, 0.0)	(27.0, 0.0)	(28.0, 0.00077060600456193)	(29.0, 0.00154121200912386)	(30.0, 0.00077060600456193)	(31.0, 0.0)	(32.0, 0.0)	(33.0, 0.0)	(34.0, 0.0)	(35.0, 0.00154121200912386)	(36.0, 0.00231181801368579)	(37.0, 0.00308242401824772)	(38.0, 0.006935454041057372)	(39.0, 0.008476666050181231)	(40.0, 0.007706060045619301)	(41.0, 0.01733863510264343)	(42.0, 0.032365452191601064)	(43.0, 0.049575652960150825)	(44.0, 0.12381069806628342)	(45.0, 1.6673345252038774)	(46.0, 14.89735528019083)	(47.0, 19.45574666585091)	(48.0, 15.054173602119494)	(49.0, 6.693098452623366)	(50.0, 0.8432998376589321)	(51.0, 5.291237695991062)	(52.0, 4.878064443211592)	(53.0, 4.4524330600250215)	(54.0, 5.427506524464444)	(55.0, 1.118277746953467)	(56.0, 9.276298214246905)	(57.0, 8.953157429667518)	(58.0, 0.6380617717772725)	(59.0, 0.2057518032180352)	(60.0, 0.21499907527277834)	(61.0, 0.18468857242667555)	(62.0, 0.06807019706963716)	(63.0, 0.05060312763290007)	(64.0, 0.05856605634670668)	(65.0, 0.033136058196162985)	(66.0, 0.025173129482356383)	(67.0, 0.04662166327599677)	(68.0, 0.04623636027371579)	(69.0, 0.016696463432175155)	(70.0, 0.01104535273205433)	(71.0, 0.026971210159667566)	(72.0, 0.08990403386555872)	(73.0, 0.010531615395679707)	(74.0, 0.0025686866818731002)	(75.0, 0.0005137373363746201)	(76.0, 0.00077060600456193)	(77.0, 0.00077060600456193)	(78.0, 0.0)	(79.0, 0.0)	(80.0, 0.0)	(81.0, 0.0)	(82.0, 0.0)	(83.0, 0.0)	(84.0, 0.0)	(85.0, 0.0005137373363746201)	(86.0, 0.0)	(87.0, 0.0005137373363746201)	(88.0, 0.0)	(89.0, 0.0)	(90.0, 0.0)	(91.0, 0.0)	(92.0, 0.0)	(93.0, 0.0)	(94.0, 0.00077060600456193)	(95.0, 0.00154121200912386)	(96.0, 0.00077060600456193)	(97.0, 0.0)	(98.0, 0.0)	(99.0, 0.0)	(100.0, 0.0)
1030R_0_M_NS1_week10_S77_L001_R1_001	(0.0, 0.0)	(1.0, 0.0)	(2.0, 0.0)	(3.0, 0.0)	(4.0, 0.0)	(5.0, 0.0)	(6.0, 0.0)	(7.0, 0.0)	(8.0, 0.0)	(9.0, 0.0)	(10.0, 0.0)	(11.0, 0.0)	(12.0, 0.0)	(13.0, 0.0)	(14.0, 0.0)	(15.0, 0.0)	(16.0, 0.0)	(17.0, 0.0)	(18.0, 0.0)	(19.0, 0.0)	(20.0, 0.0)	(21.0, 0.0)	(22.0, 0.0)	(23.0, 0.0)	(24.0, 0.0)	(25.0, 0.0)	(26.0, 0.0)	(27.0, 0.0)	(28.0, 0.0)	(29.0, 0.0)	(30.0, 0.0)	(31.0, 0.0)	(32.0, 0.0)	(33.0, 0.0)	(34.0, 0.0)	(35.0, 0.0)	(36.0, 0.0)	(37.0, 0.0)	(38.0, 0.0016701740321337251)	(39.0, 0.002505261048200588)	(40.0, 0.003897072741645359)	(41.0, 0.010856131208869213)	(42.0, 0.03075903842512944)	(43.0, 0.08336952043734179)	(44.0, 0.2679237509881183)	(45.0, 0.4314616249678799)	(46.0, 0.8555466479604854)	(47.0, 15.513689859811167)	(48.0, 24.70563182684505)	(49.0, 4.532434779703079)	(50.0, 2.8406876663206106)	(51.0, 18.439417220606664)	(52.0, 20.64182004431761)	(53.0, 6.473037823873959)	(54.0, 3.7194775695616378)	(55.0, 0.9396120742445552)	(56.0, 0.13083029918380856)	(57.0, 0.04940931511728933)	(58.0, 0.032429212457263164)	(59.0, 0.05400229370565706)	(60.0, 0.01489238511985905)	(61.0, 0.025887697498072758)	(62.0, 0.16924430192288356)	(63.0, 0.017815189676093073)	(64.0, 0.004453797419023268)	(65.0, 0.003061985725578496)	(66.0, 0.0016701740321337251)	(67.0, 0.0016701740321337251)	(68.0, 0.0008350870160668626)	(69.0, 0.0)	(70.0, 0.0)	(71.0, 0.0)	(72.0, 0.0)	(73.0, 0.0)	(74.0, 0.0)	(75.0, 0.0)	(76.0, 0.0)	(77.0, 0.0)	(78.0, 0.0)	(79.0, 0.0)	(80.0, 0.0)	(81.0, 0.0)	(82.0, 0.0)	(83.0, 0.0)	(84.0, 0.0)	(85.0, 0.0)	(86.0, 0.0)	(87.0, 0.0)	(88.0, 0.0)	(89.0, 0.0)	(90.0, 0.0)	(91.0, 0.0)	(92.0, 0.0)	(93.0, 0.0)	(94.0, 0.0)	(95.0, 0.0)	(96.0, 0.0)	(97.0, 0.0)	(98.0, 0.0)	(99.0, 0.0)	(100.0, 0.0)
1030R_0_M_NS1_week10_S77_L001_R2_001	(0.0, 0.0)	(1.0, 0.0)	(2.0, 0.0)	(3.0, 0.0)	(4.0, 0.0)	(5.0, 0.0)	(6.0, 0.0)	(7.0, 0.0)	(8.0, 0.0)	(9.0, 0.0)	(10.0, 0.0)	(11.0, 0.0)	(12.0, 0.0)	(13.0, 0.0)	(14.0, 0.0)	(15.0, 0.0)	(16.0, 0.0)	(17.0, 0.0)	(18.0, 0.0)	(19.0, 0.0)	(20.0, 0.0)	(21.0, 0.0)	(22.0, 0.0)	(23.0, 0.0)	(24.0, 0.0)	(25.0, 0.0)	(26.0, 0.0)	(27.0, 0.0)	(28.0, 0.0)	(29.0, 0.0)	(30.0, 0.0)	(31.0, 0.0008112745528863332)	(32.0, 0.0008112745528863332)	(33.0, 0.0008112745528863332)	(34.0, 0.0016225491057726665)	(35.0, 0.0024338236586589996)	(36.0, 0.005678921870204333)	(37.0, 0.006490196423090666)	(38.0, 0.005408497019242221)	(39.0, 0.008383170379825442)	(40.0, 0.011087418889446555)	(41.0, 0.015684641355802442)	(42.0, 0.032450982115453324)	(43.0, 0.04948774772606632)	(44.0, 0.08464297835114085)	(45.0, 0.9371573210091892)	(46.0, 9.362919614859926)	(47.0, 8.666575623633122)	(48.0, 9.748004602629655)	(49.0, 11.604471204483009)	(50.0, 2.1448747054059516)	(51.0, 3.8449005309792508)	(52.0, 4.053127666220161)	(53.0, 4.97743980680904)	(54.0, 5.948670659039841)	(55.0, 1.781964555414852)	(56.0, 16.643297452464434)	(57.0, 16.637077680892357)	(58.0, 1.4592124957915844)	(59.0, 0.43335582366678393)	(60.0, 0.4207810680970466)	(61.0, 0.3610171760344201)	(62.0, 0.13818709884163874)	(63.0, 0.09559518481510627)	(64.0, 0.07598938312035325)	(65.0, 0.04056372764431665)	(66.0, 0.04110457734624087)	(67.0, 0.06300899027417188)	(68.0, 0.056248369000119106)	(69.0, 0.024879086288514228)	(70.0, 0.018118465014461446)	(71.0, 0.03812990398565764)	(72.0, 0.13386030122624484)	(73.0, 0.015955066206764554)	(74.0, 0.0021633988076968885)	(75.0, 0.0016225491057726665)	(76.0, 0.0016225491057726665)	(77.0, 0.0008112745528863332)	(78.0, 0.0)	(79.0, 0.0)	(80.0, 0.0)	(81.0, 0.0)	(82.0, 0.0)	(83.0, 0.0005408497019242221)	(84.0, 0.0)	(85.0, 0.0)	(86.0, 0.0)	(87.0, 0.0)	(88.0, 0.0)	(89.0, 0.0)	(90.0, 0.0)	(91.0, 0.0)	(92.0, 0.0005408497019242221)	(93.0, 0.0)	(94.0, 0.0)	(95.0, 0.0)	(96.0, 0.0)	(97.0, 0.0)	(98.0, 0.0)	(99.0, 0.0004056372764431666)	(100.0, 0.0)
1030R_R_M_NS1_week10_S78_L001_R1_001	(0.0, 0.0)	(1.0, 0.0)	(2.0, 0.0)	(3.0, 0.0)	(4.0, 0.0)	(5.0, 0.0)	(6.0, 0.0)	(7.0, 0.0)	(8.0, 0.0)	(9.0, 0.0)	(10.0, 0.0)	(11.0, 0.0)	(12.0, 0.0)	(13.0, 0.0)	(14.0, 0.0)	(15.0, 0.0)	(16.0, 0.0)	(17.0, 0.0)	(18.0, 0.0)	(19.0, 0.0)	(20.0, 0.0)	(21.0, 0.0)	(22.0, 0.0)	(23.0, 0.0)	(24.0, 0.0)	(25.0, 0.0)	(26.0, 0.0)	(27.0, 0.0)	(28.0, 0.0)	(29.0, 0.0)	(30.0, 0.0)	(31.0, 0.0)	(32.0, 0.0)	(33.0, 0.0)	(34.0, 0.0)	(35.0, 0.0009621876297950198)	(36.0, 0.0009621876297950198)	(37.0, 0.0009621876297950198)	(38.0, 0.0009621876297950198)	(39.0, 0.0024054690744875493)	(40.0, 0.004009115124145915)	(41.0, 0.005773125778770118)	(42.0, 0.0258187013994997)	(43.0, 0.07023969697503646)	(44.0, 0.2824020693448383)	(45.0, 0.41887234817076624)	(46.0, 0.820264954400243)	(47.0, 15.999095543621353)	(48.0, 27.626491591295316)	(49.0, 4.525328787530854)	(50.0, 2.2555281688445152)	(51.0, 16.71368022335044)	(52.0, 19.674973018654885)	(53.0, 6.967842085766578)	(54.0, 3.284908568119997)	(55.0, 0.8374239671315863)	(56.0, 0.11899053688465096)	(57.0, 0.05500505950328193)	(58.0, 0.04377953715567338)	(59.0, 0.06478730040619794)	(60.0, 0.02116812785549044)	(61.0, 0.023733961534943827)	(62.0, 0.1215563705641045)	(63.0, 0.017960835756173698)	(64.0, 0.008659688668155177)	(65.0, 0.005452396568838445)	(66.0, 0.0)	(67.0, 0.0)	(68.0, 0.0)	(69.0, 0.0)	(70.0, 0.0)	(71.0, 0.0)	(72.0, 0.0)	(73.0, 0.0)	(74.0, 0.0)	(75.0, 0.0)	(76.0, 0.0)	(77.0, 0.0)	(78.0, 0.0)	(79.0, 0.0)	(80.0, 0.0)	(81.0, 0.0)	(82.0, 0.0)	(83.0, 0.0)	(84.0, 0.0)	(85.0, 0.0)	(86.0, 0.0)	(87.0, 0.0)	(88.0, 0.0)	(89.0, 0.0)	(90.0, 0.0)	(91.0, 0.0)	(92.0, 0.0)	(93.0, 0.0)	(94.0, 0.0)	(95.0, 0.0)	(96.0, 0.0)	(97.0, 0.0)	(98.0, 0.0)	(99.0, 0.0)	(100.0, 0.0)
1030R_R_M_NS1_week10_S78_L001_R2_001	(0.0, 0.0)	(1.0, 0.0)	(2.0, 0.0)	(3.0, 0.0)	(4.0, 0.0)	(5.0, 0.0)	(6.0, 0.0)	(7.0, 0.0)	(8.0, 0.0)	(9.0, 0.0)	(10.0, 0.0)	(11.0, 0.0)	(12.0, 0.0)	(13.0, 0.0)	(14.0, 0.0)	(15.0, 0.0)	(16.0, 0.0)	(17.0, 0.0)	(18.0, 0.0)	(19.0, 0.0)	(20.0, 0.0)	(21.0, 0.0)	(22.0, 0.0)	(23.0, 0.0)	(24.0, 0.0)	(25.0, 0.0)	(26.0, 0.0)	(27.0, 0.0)	(28.0, 0.0009334453467750844)	(29.0, 0.0009334453467750844)	(30.0, 0.0)	(31.0, 0.0)	(32.0, 0.0009334453467750844)	(33.0, 0.0018668906935501689)	(34.0, 0.0037337813871003377)	(35.0, 0.004667226733875422)	(36.0, 0.0018668906935501689)	(37.0, 0.0032670587137127957)	(38.0, 0.009334453467750845)	(39.0, 0.014001680201626267)	(40.0, 0.013068234854851183)	(41.0, 0.01026789881452593)	(42.0, 0.017424313139801577)	(43.0, 0.04076044680917868)	(44.0, 0.08712156569900795)	(45.0, 0.9854071377455473)	(46.0, 9.804287625627065)	(47.0, 8.856529450202256)	(48.0, 10.645010734621776)	(49.0, 13.761940321725596)	(50.0, 2.385419583683714)	(51.0, 3.7188462615516484)	(52.0, 4.006036279909502)	(53.0, 4.91241171162849)	(54.0, 5.510594604687096)	(55.0, 1.6864245931736843)	(56.0, 15.12897103207704)	(57.0, 15.179999377700668)	(58.0, 1.3618967609448642)	(59.0, 0.42191729674233913)	(60.0, 0.41133824947888814)	(61.0, 0.33261769190085566)	(62.0, 0.14328386072997545)	(63.0, 0.10221226547187179)	(64.0, 0.08805501104578302)	(65.0, 0.048539158032304394)	(66.0, 0.029714676872340192)	(67.0, 0.05351753321510484)	(68.0, 0.052584087868329764)	(69.0, 0.019913500731201808)	(70.0, 0.010267898814525929)	(71.0, 0.02800336040325255)	(72.0, 0.0810541709449699)	(73.0, 0.011201344161301011)	(74.0, 0.002178039142475197)	(75.0, 0.0018668906935501689)	(76.0, 0.0009334453467750844)	(77.0, 0.0)	(78.0, 0.0)	(79.0, 0.0009334453467750844)	(80.0, 0.0009334453467750844)	(81.0, 0.0)	(82.0, 0.0006222968978500563)	(83.0, 0.0)	(84.0, 0.0)	(85.0, 0.0006222968978500563)	(86.0, 0.0006222968978500563)	(87.0, 0.0)	(88.0, 0.0)	(89.0, 0.0)	(90.0, 0.0)	(91.0, 0.0)	(92.0, 0.0)	(93.0, 0.0)	(94.0, 0.0)	(95.0, 0.0015557422446251408)	(96.0, 0.0015557422446251408)	(97.0, 0.0)	(98.0, 0.0)	(99.0, 0.0)	(100.0, 0.0)
1075R_0_M_NS6_week9_S72_L001_R1_001	(0.0, 0.0)	(1.0, 0.0)	(2.0, 0.0)	(3.0, 0.0)	(4.0, 0.0)	(5.0, 0.0)	(6.0, 0.0)	(7.0, 0.0)	(8.0, 0.0)	(9.0, 0.0)	(10.0, 0.0)	(11.0, 0.0)	(12.0, 0.0)	(13.0, 0.0)	(14.0, 0.0)	(15.0, 0.0)	(16.0, 0.0)	(17.0, 0.0)	(18.0, 0.0)	(19.0, 0.0)	(20.0, 0.0)	(21.0, 0.0)	(22.0, 0.0)	(23.0, 0.0)	(24.0, 0.0)	(25.0, 0.0)	(26.0, 0.0)	(27.0, 0.0)	(28.0, 0.0)	(29.0, 0.0)	(30.0, 0.0)	(31.0, 0.0)	(32.0, 0.0005907416022389087)	(33.0, 0.0005907416022389087)	(34.0, 0.0)	(35.0, 0.0)	(36.0, 0.0)	(37.0, 0.0)	(38.0, 0.0005907416022389087)	(39.0, 0.0020675956078361805)	(40.0, 0.018312989669406168)	(41.0, 0.03765977714273043)	(42.0, 0.11489924163546776)	(43.0, 0.1668845026324917)	(44.0, 0.2637661253996727)	(45.0, 1.2390805106961247)	(46.0, 14.299343538389422)	(47.0, 14.20349571342624)	(48.0, 25.768591745877945)	(49.0, 5.271335002178738)	(50.0, 1.7221594559270446)	(51.0, 5.714538889258686)	(52.0, 15.544183779709025)	(53.0, 11.114212504520657)	(54.0, 3.255872340739505)	(55.0, 0.8471234576105786)	(56.0, 0.09643856656550202)	(57.0, 0.044600990969037566)	(58.0, 0.04002274355168606)	(59.0, 0.04076117055448468)	(60.0, 0.01447316925485326)	(61.0, 0.023925034890675812)	(62.0, 0.13084926489591833)	(63.0, 0.02067595607836181)	(64.0, 0.0020675956078361805)	(65.0, 0.0008861124033583631)	(66.0, 0.0)	(67.0, 0.0)	(68.0, 0.0)	(69.0, 0.0)	(70.0, 0.0)	(71.0, 0.0)	(72.0, 0.0)	(73.0, 0.0)	(74.0, 0.0)	(75.0, 0.0)	(76.0, 0.0)	(77.0, 0.0)	(78.0, 0.0)	(79.0, 0.0)	(80.0, 0.0)	(81.0, 0.0)	(82.0, 0.0)	(83.0, 0.0)	(84.0, 0.0)	(85.0, 0.0)	(86.0, 0.0)	(87.0, 0.0)	(88.0, 0.0)	(89.0, 0.0)	(90.0, 0.0)	(91.0, 0.0)	(92.0, 0.0)	(93.0, 0.0)	(94.0, 0.0)	(95.0, 0.0)	(96.0, 0.0)	(97.0, 0.0)	(98.0, 0.0)	(99.0, 0.0)	(100.0, 0.0)
1075R_0_M_NS6_week9_S72_L001_R2_001	(0.0, 0.0)	(1.0, 0.0)	(2.0, 0.0)	(3.0, 0.0)	(4.0, 0.0)	(5.0, 0.0)	(6.0, 0.0)	(7.0, 0.0)	(8.0, 0.0)	(9.0, 0.0)	(10.0, 0.0)	(11.0, 0.0)	(12.0, 0.0)	(13.0, 0.0)	(14.0, 0.0)	(15.0, 0.0)	(16.0, 0.0)	(17.0, 0.0)	(18.0, 0.0)	(19.0, 0.0)	(20.0, 0.0)	(21.0, 0.0)	(22.0, 0.0)	(23.0, 0.0)	(24.0, 0.0)	(25.0, 0.0)	(26.0, 0.0)	(27.0, 0.0)	(28.0, 0.0)	(29.0, 0.0)	(30.0, 0.0007956557197699326)	(31.0, 0.0007956557197699326)	(32.0, 0.0)	(33.0, 0.0)	(34.0, 0.0007956557197699326)	(35.0, 0.002386967159309798)	(36.0, 0.004773934318619596)	(37.0, 0.005304371465132884)	(38.0, 0.0039782785988496635)	(39.0, 0.004773934318619596)	(40.0, 0.006630464331416104)	(41.0, 0.019095737274478386)	(42.0, 0.03673277239604522)	(43.0, 0.05861330468971837)	(44.0, 0.15568330250164994)	(45.0, 2.5250134266897577)	(46.0, 18.96166928570309)	(47.0, 22.41521293737056)	(48.0, 12.992394857405385)	(49.0, 3.888634721088926)	(50.0, 0.8451189836822887)	(51.0, 5.919943773662436)	(52.0, 5.916761150783346)	(53.0, 4.578733448702988)	(54.0, 8.820639309368586)	(55.0, 1.5753983251445138)	(56.0, 5.214197150226157)	(57.0, 4.782951750110683)	(58.0, 0.3789973411837463)	(59.0, 0.14666587101092415)	(60.0, 0.15236807033594185)	(61.0, 0.1314158030486671)	(62.0, 0.06046983470251487)	(63.0, 0.0517176217850456)	(64.0, 0.05224805893155888)	(65.0, 0.027582731618690997)	(66.0, 0.0251957644593812)	(67.0, 0.04694368746642602)	(68.0, 0.03845669312221341)	(69.0, 0.011669617223292345)	(70.0, 0.007160901477929393)	(71.0, 0.027582731618691007)	(72.0, 0.08646125488166619)	(73.0, 0.007426120051186037)	(74.0, 0.0007956557197699326)	(75.0, 0.0021217485860531536)	(76.0, 0.001326092866283221)	(77.0, 0.0007956557197699326)	(78.0, 0.0015913114395398652)	(79.0, 0.0007956557197699326)	(80.0, 0.0)	(81.0, 0.0)	(82.0, 0.0005304371465132884)	(83.0, 0.0010608742930265768)	(84.0, 0.0005304371465132884)	(85.0, 0.0)	(86.0, 0.0)	(87.0, 0.0)	(88.0, 0.0)	(89.0, 0.0)	(90.0, 0.0)	(91.0, 0.0)	(92.0, 0.0005304371465132884)	(93.0, 0.0005304371465132884)	(94.0, 0.0)	(95.0, 0.0)	(96.0, 0.0)	(97.0, 0.0)	(98.0, 0.0)	(99.0, 0.0)	(100.0, 0.0)
1136R_RL_F_S5_week10_S58_L001_R1_001	(0.0, 0.0)	(1.0, 0.0)	(2.0, 0.0)	(3.0, 0.0)	(4.0, 0.0)	(5.0, 0.0)	(6.0, 0.0)	(7.0, 0.0)	(8.0, 0.0)	(9.0, 0.0)	(10.0, 0.0)	(11.0, 0.0)	(12.0, 0.0)	(13.0, 0.0)	(14.0, 0.0)	(15.0, 0.0)	(16.0, 0.0)	(17.0, 0.0)	(18.0, 0.0)	(19.0, 0.0)	(20.0, 0.0)	(21.0, 0.0)	(22.0, 0.0)	(23.0, 0.0)	(24.0, 0.0)	(25.0, 0.0)	(26.0, 0.0)	(27.0, 0.0)	(28.0, 0.0)	(29.0, 0.0)	(30.0, 0.0)	(31.0, 0.0)	(32.0, 0.0)	(33.0, 0.0)	(34.0, 0.0)	(35.0, 0.0)	(36.0, 0.0)	(37.0, 0.0)	(38.0, 0.0)	(39.0, 0.0018343659284867843)	(40.0, 0.0012229106189911895)	(41.0, 0.003974459511721365)	(42.0, 0.009171829642433921)	(43.0, 0.027056897445180073)	(44.0, 0.10104298989414705)	(45.0, 0.16509293356381044)	(46.0, 1.0422255750352323)	(47.0, 16.05651069969601)	(48.0, 7.494607728488824)	(49.0, 7.844207301692652)	(50.0, 7.5337408682965386)	(51.0, 22.25361026144503)	(52.0, 27.064387772737643)	(53.0, 7.83350683377648)	(54.0, 1.750749414913326)	(55.0, 0.4303116740575282)	(56.0, 0.1091447727449638)	(57.0, 0.04662346734903907)	(58.0, 0.06695435638976761)	(59.0, 0.05212656513449941)	(60.0, 0.012534833844659693)	(61.0, 0.01589783804688546)	(62.0, 0.06940017762775)	(63.0, 0.010089012606677312)	(64.0, 0.0018343659284867843)	(65.0, 0.0009171829642433922)	(66.0, 0.0)	(67.0, 0.0)	(68.0, 0.0)	(69.0, 0.0006114553094955947)	(70.0, 0.0006114553094955947)	(71.0, 0.0)	(72.0, 0.0)	(73.0, 0.0)	(74.0, 0.0)	(75.0, 0.0)	(76.0, 0.0)	(77.0, 0.0)	(78.0, 0.0)	(79.0, 0.0)	(80.0, 0.0)	(81.0, 0.0)	(82.0, 0.0)	(83.0, 0.0)	(84.0, 0.0)	(85.0, 0.0)	(86.0, 0.0)	(87.0, 0.0)	(88.0, 0.0)	(89.0, 0.0)	(90.0, 0.0)	(91.0, 0.0)	(92.0, 0.0)	(93.0, 0.0)	(94.0, 0.0)	(95.0, 0.0)	(96.0, 0.0)	(97.0, 0.0)	(98.0, 0.0)	(99.0, 0.0)	(100.0, 0.0)
1136R_RL_F_S5_week10_S58_L001_R2_001	(0.0, 0.0)	(1.0, 0.0)	(2.0, 0.0)	(3.0, 0.0)	(4.0, 0.0)	(5.0, 0.0)	(6.0, 0.0)	(7.0, 0.0)	(8.0, 0.0)	(9.0, 0.0)	(10.0, 0.0)	(11.0, 0.0)	(12.0, 0.0)	(13.0, 0.0)	(14.0, 0.0)	(15.0, 0.0)	(16.0, 0.0)	(17.0, 0.0)	(18.0, 0.0)	(19.0, 0.0)	(20.0, 0.0)	(21.0, 0.0)	(22.0, 0.0)	(23.0, 0.0)	(24.0, 0.0)	(25.0, 0.0)	(26.0, 0.0)	(27.0, 0.0)	(28.0, 0.0)	(29.0, 0.0)	(30.0, 0.0)	(31.0, 0.0)	(32.0, 0.0)	(33.0, 0.0)	(34.0, 0.0)	(35.0, 0.0)	(36.0, 0.0)	(37.0, 0.0)	(38.0, 0.005511430093633384)	(39.0, 0.01163524130878159)	(40.0, 0.009185716822722307)	(41.0, 0.011941431869538997)	(42.0, 0.023882863739078)	(43.0, 0.03674286729088923)	(44.0, 0.0946128832740399)	(45.0, 1.7449800057565492)	(46.0, 15.014972718416471)	(47.0, 2.8181779212110776)	(48.0, 3.092371568369297)	(49.0, 1.1855698512526995)	(50.0, 0.6636680404416819)	(51.0, 2.0655615228695243)	(52.0, 2.9703546299074883)	(53.0, 12.464099156748878)	(54.0, 11.532973661486471)	(55.0, 3.5239471637568403)	(56.0, 19.67090638530188)	(57.0, 19.530518013194406)	(58.0, 1.6868037992126117)	(59.0, 0.5091949025395739)	(60.0, 0.3877903451992609)	(61.0, 0.31078341916877195)	(62.0, 0.15248289925719027)	(63.0, 0.11880193757387515)	(64.0, 0.09277573990949534)	(65.0, 0.05388953869330418)	(66.0, 0.04133572570225038)	(67.0, 0.043172869066794836)	(68.0, 0.03215000887952806)	(69.0, 0.01530952803787051)	(70.0, 0.007654764018935257)	(71.0, 0.015921909159385326)	(72.0, 0.04715334635664114)	(73.0, 0.007960954579692666)	(74.0, 0.0015309528037870512)	(75.0, 0.0)	(76.0, 0.0)	(77.0, 0.0)	(78.0, 0.0)	(79.0, 0.0)	(80.0, 0.0009185716822722307)	(81.0, 0.0009185716822722307)	(82.0, 0.0)	(83.0, 0.0)	(84.0, 0.0)	(85.0, 0.0)	(86.0, 0.0)	(87.0, 0.0)	(88.0, 0.0)	(89.0, 0.0006123811215148204)	(90.0, 0.0006123811215148204)	(91.0, 0.0)	(92.0, 0.0)	(93.0, 0.0)	(94.0, 0.0006123811215148204)	(95.0, 0.0)	(96.0, 0.0)	(97.0, 0.0)	(98.0, 0.0)	(99.0, 0.0)	(100.0, 0.0)
1136R_R_F_S5_week10_S57_L001_R1_001	(0.0, 0.0)	(1.0, 0.0)	(2.0, 0.0)	(3.0, 0.0)	(4.0, 0.0)	(5.0, 0.0)	(6.0, 0.0)	(7.0, 0.0)	(8.0, 0.0)	(9.0, 0.0)	(10.0, 0.0)	(11.0, 0.0)	(12.0, 0.0)	(13.0, 0.0)	(14.0, 0.0)	(15.0, 0.0)	(16.0, 0.0)	(17.0, 0.0)	(18.0, 0.0)	(19.0, 0.0)	(20.0, 0.0)	(21.0, 0.0)	(22.0, 0.0)	(23.0, 0.0)	(24.0, 0.0)	(25.0, 0.0)	(26.0, 0.0)	(27.0, 0.0)	(28.0, 0.0)	(29.0, 0.0)	(30.0, 0.0)	(31.0, 0.0)	(32.0, 0.0)	(33.0, 0.0)	(34.0, 0.0)	(35.0, 0.0)	(36.0, 0.0005722894582849272)	(37.0, 0.0011445789165698543)	(38.0, 0.0)	(39.0, 0.0005722894582849272)	(40.0, 0.0022891578331397087)	(41.0, 0.008012052415988982)	(42.0, 0.02675453217482035)	(43.0, 0.07125003755647343)	(44.0, 0.184563350296889)	(45.0, 0.26954833485220087)	(46.0, 1.2674780777365644)	(47.0, 17.523789357414792)	(48.0, 7.34891200620228)	(49.0, 6.712669200954135)	(50.0, 6.428098267821837)	(51.0, 21.567014380205038)	(52.0, 27.39621172994113)	(53.0, 8.715825377314628)	(54.0, 1.639609297986378)	(55.0, 0.4459565603685332)	(56.0, 0.12332837826040183)	(57.0, 0.046927735579364)	(58.0, 0.0683885902650488)	(59.0, 0.05951810366163238)	(60.0, 0.0062951840411342)	(61.0, 0.012018078623983467)	(62.0, 0.058373524745062515)	(63.0, 0.007153618228561591)	(64.0, 0.0028614472914246358)	(65.0, 0.0008584341874273908)	(66.0, 0.0005722894582849272)	(67.0, 0.0)	(68.0, 0.0008584341874273908)	(69.0, 0.0017168683748547816)	(70.0, 0.0008584341874273908)	(71.0, 0.0)	(72.0, 0.0)	(73.0, 0.0)	(74.0, 0.0)	(75.0, 0.0)	(76.0, 0.0)	(77.0, 0.0)	(78.0, 0.0)	(79.0, 0.0)	(80.0, 0.0)	(81.0, 0.0)	(82.0, 0.0)	(83.0, 0.0)	(84.0, 0.0)	(85.0, 0.0)	(86.0, 0.0)	(87.0, 0.0)	(88.0, 0.0)	(89.0, 0.0)	(90.0, 0.0)	(91.0, 0.0)	(92.0, 0.0)	(93.0, 0.0)	(94.0, 0.0)	(95.0, 0.0)	(96.0, 0.0)	(97.0, 0.0)	(98.0, 0.0)	(99.0, 0.0)	(100.0, 0.0)
1136R_R_F_S5_week10_S57_L001_R2_001	(0.0, 0.0)	(1.0, 0.0)	(2.0, 0.0)	(3.0, 0.0)	(4.0, 0.0)	(5.0, 0.0)	(6.0, 0.0)	(7.0, 0.0)	(8.0, 0.0)	(9.0, 0.0)	(10.0, 0.0)	(11.0, 0.0)	(12.0, 0.0)	(13.0, 0.0)	(14.0, 0.0)	(15.0, 0.0)	(16.0, 0.0)	(17.0, 0.0)	(18.0, 0.0)	(19.0, 0.0)	(20.0, 0.0)	(21.0, 0.0)	(22.0, 0.0)	(23.0, 0.0)	(24.0, 0.0)	(25.0, 0.0)	(26.0, 0.0)	(27.0, 0.0)	(28.0, 0.0)	(29.0, 0.0)	(30.0, 0.0)	(31.0, 0.0)	(32.0, 0.0008550808906522494)	(33.0, 0.0017101617813044987)	(34.0, 0.0034203235626089974)	(35.0, 0.004275404453261246)	(36.0, 0.0025652426719567478)	(37.0, 0.0031352965990582475)	(38.0, 0.006840647125217995)	(39.0, 0.008265781942971744)	(40.0, 0.0065556201616672445)	(41.0, 0.014536375141088237)	(42.0, 0.025937453683118235)	(43.0, 0.04588934113167069)	(44.0, 0.11728859550113362)	(45.0, 1.8771875819452868)	(46.0, 16.224874873161824)	(47.0, 2.9846598488214857)	(48.0, 2.805947942675218)	(49.0, 1.1659027944043547)	(50.0, 0.7318067289165427)	(51.0, 2.600015961509836)	(52.0, 3.3413710937051886)	(53.0, 11.915837238199623)	(54.0, 11.080993261960282)	(55.0, 3.2557204911582787)	(56.0, 19.18730261883156)	(57.0, 19.06987150984852)	(58.0, 1.687787164665805)	(59.0, 0.5156137770633058)	(60.0, 0.38250618508510686)	(61.0, 0.2895873949675622)	(62.0, 0.15818996477066607)	(63.0, 0.11614848764693055)	(64.0, 0.0970516810890304)	(65.0, 0.0607107432363097)	(66.0, 0.03391820866253922)	(67.0, 0.03192301991768398)	(68.0, 0.03377569518076385)	(69.0, 0.02109199530275549)	(70.0, 0.013396267286885238)	(71.0, 0.01852675263079874)	(72.0, 0.04902463773072891)	(73.0, 0.002280215708405998)	(74.0, 0.0)	(75.0, 0.0)	(76.0, 0.0008550808906522494)	(77.0, 0.0008550808906522494)	(78.0, 0.0)	(79.0, 0.0)	(80.0, 0.0)	(81.0, 0.0)	(82.0, 0.0)	(83.0, 0.0)	(84.0, 0.0)	(85.0, 0.0005700539271014995)	(86.0, 0.0)	(87.0, 0.0)	(88.0, 0.0)	(89.0, 0.0)	(90.0, 0.0)	(91.0, 0.0005700539271014995)	(92.0, 0.0)	(93.0, 0.0008550808906522494)	(94.0, 0.0008550808906522494)	(95.0, 0.0)	(96.0, 0.0005700539271014995)	(97.0, 0.0005700539271014995)	(98.0, 0.0)	(99.0, 0.0)	(100.0, 0.0)
1174R_0_M_S2_week9_S56_L001_R1_001	(0.0, 0.0)	(1.0, 0.0)	(2.0, 0.0)	(3.0, 0.0)	(4.0, 0.0)	(5.0, 0.0)	(6.0, 0.0)	(7.0, 0.0)	(8.0, 0.0)	(9.0, 0.0)	(10.0, 0.0)	(11.0, 0.0)	(12.0, 0.0)	(13.0, 0.0)	(14.0, 0.0)	(15.0, 0.0)	(16.0, 0.0)	(17.0, 0.0)	(18.0, 0.0)	(19.0, 0.0)	(20.0, 0.0)	(21.0, 0.0)	(22.0, 0.0)	(23.0, 0.0)	(24.0, 0.0)	(25.0, 0.0)	(26.0, 0.0)	(27.0, 0.0)	(28.0, 0.0)	(29.0, 0.0)	(30.0, 0.0)	(31.0, 0.0)	(32.0, 0.0)	(33.0, 0.0)	(34.0, 0.0)	(35.0, 0.0)	(36.0, 0.0)	(37.0, 0.0)	(38.0, 0.0)	(39.0, 0.0008364491062539531)	(40.0, 0.004182245531269765)	(41.0, 0.006970409218782942)	(42.0, 0.020632411287597508)	(43.0, 0.04391357807833253)	(44.0, 0.1335530406318812)	(45.0, 0.19726258089155704)	(46.0, 0.39117936535810166)	(47.0, 19.28893461477443)	(48.0, 21.649533400811723)	(49.0, 5.490870158004688)	(50.0, 5.414892697519915)	(51.0, 14.690555653135032)	(52.0, 21.44516100251658)	(53.0, 8.781739758375377)	(54.0, 1.6650913541829366)	(55.0, 0.4512642928240106)	(56.0, 0.11236299660678116)	(57.0, 0.032760923328279824)	(58.0, 0.0667765203159406)	(59.0, 0.056599722856517445)	(60.0, 0.0064127764812803075)	(61.0, 0.012267920225057976)	(62.0, 0.03066980056264495)	(63.0, 0.0022305309500105413)	(64.0, 0.0016728982125079062)	(65.0, 0.0016728982125079062)	(66.0, 0.0)	(67.0, 0.0)	(68.0, 0.0)	(69.0, 0.0)	(70.0, 0.0)	(71.0, 0.0)	(72.0, 0.0)	(73.0, 0.0)	(74.0, 0.0)	(75.0, 0.0)	(76.0, 0.0)	(77.0, 0.0)	(78.0, 0.0)	(79.0, 0.0)	(80.0, 0.0)	(81.0, 0.0)	(82.0, 0.0)	(83.0, 0.0)	(84.0, 0.0)	(85.0, 0.0)	(86.0, 0.0)	(87.0, 0.0)	(88.0, 0.0)	(89.0, 0.0)	(90.0, 0.0)	(91.0, 0.0)	(92.0, 0.0)	(93.0, 0.0)	(94.0, 0.0)	(95.0, 0.0)	(96.0, 0.0)	(97.0, 0.0)	(98.0, 0.0)	(99.0, 0.0)	(100.0, 0.0)
1174R_0_M_S2_week9_S56_L001_R2_001	(0.0, 0.0)	(1.0, 0.0)	(2.0, 0.0)	(3.0, 0.0)	(4.0, 0.0)	(5.0, 0.0)	(6.0, 0.0)	(7.0, 0.0)	(8.0, 0.0)	(9.0, 0.0)	(10.0, 0.0)	(11.0, 0.0)	(12.0, 0.0)	(13.0, 0.0)	(14.0, 0.0)	(15.0, 0.0)	(16.0, 0.0)	(17.0, 0.0)	(18.0, 0.0)	(19.0, 0.0)	(20.0, 0.0)	(21.0, 0.0)	(22.0, 0.0)	(23.0, 0.0)	(24.0, 0.0)	(25.0, 0.0008714875420856276)	(26.0, 0.0017429750841712552)	(27.0, 0.0008714875420856276)	(28.0, 0.0)	(29.0, 0.0)	(30.0, 0.0)	(31.0, 0.0)	(32.0, 0.0)	(33.0, 0.0)	(34.0, 0.0)	(35.0, 0.002614462626256883)	(36.0, 0.005228925252513766)	(37.0, 0.005228925252513766)	(38.0, 0.0066814044893231455)	(39.0, 0.0084243795734944)	(40.0, 0.0084243795734944)	(41.0, 0.013072313131284412)	(42.0, 0.022077684399502567)	(43.0, 0.03427850998870134)	(44.0, 0.09789710056095234)	(45.0, 2.0988324971895613)	(46.0, 19.207730675494677)	(47.0, 12.4423728862767)	(48.0, 2.4475727619474204)	(49.0, 1.0879069483702288)	(50.0, 0.7619706076301929)	(51.0, 5.915076443983227)	(52.0, 6.398606781917277)	(53.0, 8.469261181911875)	(54.0, 7.277066224339699)	(55.0, 1.7897449155965603)	(56.0, 14.701413843286046)	(57.0, 14.557618398841665)	(58.0, 1.195245163970449)	(59.0, 0.3308747701451774)	(60.0, 0.3705274533100743)	(61.0, 0.3060373751957369)	(62.0, 0.11677933063947413)	(63.0, 0.09237767946107653)	(64.0, 0.08482478742966781)	(65.0, 0.03485950168342509)	(66.0, 0.020044213467969436)	(67.0, 0.016267767452265044)	(68.0, 0.010457850505027531)	(69.0, 0.007843387878770649)	(70.0, 0.0063909086419612696)	(71.0, 0.009586362962941903)	(72.0, 0.029340080583549477)	(73.0, 0.0034859501683425103)	(74.0, 0.0)	(75.0, 0.0)	(76.0, 0.0)	(77.0, 0.0)	(78.0, 0.0)	(79.0, 0.0005809916947237517)	(80.0, 0.0)	(81.0, 0.0)	(82.0, 0.0)	(83.0, 0.0)	(84.0, 0.0)	(85.0, 0.0005809916947237517)	(86.0, 0.0)	(87.0, 0.0)	(88.0, 0.0)	(89.0, 0.0004357437710428138)	(90.0, 0.0)	(91.0, 0.0)	(92.0, 0.0)	(93.0, 0.0)	(94.0, 0.0)	(95.0, 0.0)	(96.0, 0.0)	(97.0, 0.0)	(98.0, 0.0)	(99.0, 0.0)	(100.0, 0.0008714875420856276)
160R_0_F_S2_week10_S49_L001_R1_001	(0.0, 0.0)	(1.0, 0.0)	(2.0, 0.0)	(3.0, 0.0)	(4.0, 0.0)	(5.0, 0.0)	(6.0, 0.0)	(7.0, 0.0)	(8.0, 0.0)	(9.0, 0.0)	(10.0, 0.0)	(11.0, 0.0)	(12.0, 0.0)	(13.0, 0.0)	(14.0, 0.0)	(15.0, 0.0)	(16.0, 0.0)	(17.0, 0.0)	(18.0, 0.0)	(19.0, 0.0)	(20.0, 0.0)	(21.0, 0.0)	(22.0, 0.0)	(23.0, 0.0)	(24.0, 0.0)	(25.0, 0.0)	(26.0, 0.0)	(27.0, 0.0)	(28.0, 0.0)	(29.0, 0.0)	(30.0, 0.0007434686281017746)	(31.0, 0.0007434686281017746)	(32.0, 0.0)	(33.0, 0.0)	(34.0, 0.0)	(35.0, 0.0)	(36.0, 0.0)	(37.0, 0.0012391143801696242)	(38.0, 0.0039651660165427975)	(39.0, 0.003221697388441023)	(40.0, 0.004212988892576723)	(41.0, 0.009912915041356994)	(42.0, 0.018462804264527406)	(43.0, 0.05030804383488675)	(44.0, 0.16455438968652608)	(45.0, 0.2415033926950598)	(46.0, 0.4794133536876267)	(47.0, 19.526831782787937)	(48.0, 20.24861590923806)	(49.0, 3.7079258712196106)	(50.0, 4.147315830427948)	(51.0, 20.95615022031611)	(52.0, 23.311211011270665)	(53.0, 4.895864827488734)	(54.0, 1.581853417724594)	(55.0, 0.33084353950529205)	(56.0, 0.09206619844660323)	(57.0, 0.04832546082661532)	(58.0, 0.06815129090932939)	(59.0, 0.05402538697539559)	(60.0, 0.008921623537221292)	(61.0, 0.006195571900848122)	(62.0, 0.02949092224803706)	(63.0, 0.004460811768610648)	(64.0, 0.0004956457520678497)	(65.0, 0.0014869372562035493)	(66.0, 0.0014869372562035493)	(67.0, 0.0)	(68.0, 0.0)	(69.0, 0.0)	(70.0, 0.0)	(71.0, 0.0)	(72.0, 0.0)	(73.0, 0.0)	(74.0, 0.0)	(75.0, 0.0)	(76.0, 0.0)	(77.0, 0.0)	(78.0, 0.0)	(79.0, 0.0)	(80.0, 0.0)	(81.0, 0.0)	(82.0, 0.0)	(83.0, 0.0)	(84.0, 0.0)	(85.0, 0.0)	(86.0, 0.0)	(87.0, 0.0)	(88.0, 0.0)	(89.0, 0.0)	(90.0, 0.0)	(91.0, 0.0)	(92.0, 0.0)	(93.0, 0.0)	(94.0, 0.0)	(95.0, 0.0)	(96.0, 0.0)	(97.0, 0.0)	(98.0, 0.0)	(99.0, 0.0)	(100.0, 0.0)
160R_0_F_S2_week10_S49_L001_R2_001	(0.0, 0.0)	(1.0, 0.0)	(2.0, 0.0)	(3.0, 0.0)	(4.0, 0.0)	(5.0, 0.0)	(6.0, 0.0)	(7.0, 0.0)	(8.0, 0.0)	(9.0, 0.0)	(10.0, 0.0)	(11.0, 0.0)	(12.0, 0.0)	(13.0, 0.0)	(14.0, 0.0)	(15.0, 0.0)	(16.0, 0.0)	(17.0, 0.0)	(18.0, 0.0)	(19.0, 0.0)	(20.0, 0.0)	(21.0, 0.0)	(22.0, 0.0)	(23.0, 0.0)	(24.0, 0.0)	(25.0, 0.0)	(26.0, 0.0)	(27.0, 0.0)	(28.0, 0.0007933884297518739)	(29.0, 0.0007933884297518739)	(30.0, 0.0)	(31.0, 0.0)	(32.0, 0.0)	(33.0, 0.0007933884297518739)	(34.0, 0.0031735537190074954)	(35.0, 0.00396694214875937)	(36.0, 0.004760330578511243)	(37.0, 0.0071404958677668655)	(38.0, 0.011636363636360817)	(39.0, 0.014809917355368315)	(40.0, 0.013223140495864562)	(41.0, 0.02195041322313518)	(42.0, 0.03173553719007495)	(43.0, 0.045223140495856795)	(44.0, 0.11054545454542786)	(45.0, 3.125685950412202)	(46.0, 20.23087603306134)	(47.0, 9.026644628095873)	(48.0, 2.036628099173038)	(49.0, 0.9615867768592727)	(50.0, 0.6176528925618301)	(51.0, 3.13996694214775)	(52.0, 3.5030743801642803)	(53.0, 5.605024793387798)	(54.0, 4.871801652891783)	(55.0, 1.8545454545450146)	(56.0, 20.65031404958997)	(57.0, 20.67252892562311)	(58.0, 1.653421487602945)	(59.0, 0.4728595041321168)	(60.0, 0.395900826446186)	(61.0, 0.3170909090908331)	(62.0, 0.1672727272726867)	(63.0, 0.12085950413220212)	(64.0, 0.08885950413220996)	(65.0, 0.044694214876022216)	(66.0, 0.036495867768586196)	(67.0, 0.03861157024792452)	(68.0, 0.022743801652887054)	(69.0, 0.012958677685947273)	(70.0, 0.01057851239669165)	(71.0, 0.013487603305781855)	(72.0, 0.02406611570247352)	(73.0, 0.0050247933884285355)	(74.0, 0.0023801652892556217)	(75.0, 0.0005289256198345826)	(76.0, 0.0)	(77.0, 0.0013223140495864565)	(78.0, 0.0015867768595037477)	(79.0, 0.0007933884297518739)	(80.0, 0.0)	(81.0, 0.0)	(82.0, 0.0)	(83.0, 0.0)	(84.0, 0.0)	(85.0, 0.0005289256198345826)	(86.0, 0.0)	(87.0, 0.0)	(88.0, 0.0)	(89.0, 0.0)	(90.0, 0.0)	(91.0, 0.0)	(92.0, 0.0)	(93.0, 0.0005289256198345826)	(94.0, 0.0005289256198345826)	(95.0, 0.0)	(96.0, 0.0)	(97.0, 0.0)	(98.0, 0.0)	(99.0, 0.0)	(100.0, 0.0)
160R_L_F_S2_week10_S50_L001_R1_001	(0.0, 0.0)	(1.0, 0.0)	(2.0, 0.0)	(3.0, 0.0)	(4.0, 0.0)	(5.0, 0.0)	(6.0, 0.0)	(7.0, 0.0)	(8.0, 0.0)	(9.0, 0.0)	(10.0, 0.0)	(11.0, 0.0)	(12.0, 0.0)	(13.0, 0.0)	(14.0, 0.0)	(15.0, 0.0)	(16.0, 0.0)	(17.0, 0.0)	(18.0, 0.0)	(19.0, 0.0)	(20.0, 0.0)	(21.0, 0.0)	(22.0, 0.0)	(23.0, 0.0)	(24.0, 0.0)	(25.0, 0.0)	(26.0, 0.0)	(27.0, 0.0)	(28.0, 0.0)	(29.0, 0.0)	(30.0, 0.0)	(31.0, 0.0)	(32.0, 0.0)	(33.0, 0.0)	(34.0, 0.0)	(35.0, 0.0)	(36.0, 0.0)	(37.0, 0.0)	(38.0, 0.000776929342160948)	(39.0, 0.000776929342160948)	(40.0, 0.0018128351317088782)	(41.0, 0.004920552500352671)	(42.0, 0.00867571098746392)	(43.0, 0.019164257106636714)	(44.0, 0.06150690625440837)	(45.0, 0.10397904362587358)	(46.0, 0.24007116672773296)	(47.0, 10.293666342511699)	(48.0, 11.785888632354151)	(49.0, 4.3931469652493345)	(50.0, 4.519527471574238)	(51.0, 27.604817479883863)	(52.0, 31.15266532084907)	(53.0, 6.4968126473745125)	(54.0, 2.378180716354563)	(55.0, 0.5186003358924313)	(56.0, 0.12120097737710797)	(57.0, 0.033796426384001224)	(58.0, 0.09245459171715302)	(59.0, 0.09193663882237905)	(60.0, 0.012171893027188182)	(61.0, 0.009064175658544392)	(62.0, 0.044025996055787)	(63.0, 0.006215434737287584)	(64.0, 0.0025897644738698262)	(65.0, 0.001553858684321896)	(66.0, 0.0)	(67.0, 0.0)	(68.0, 0.0)	(69.0, 0.0)	(70.0, 0.0)	(71.0, 0.0)	(72.0, 0.0)	(73.0, 0.0)	(74.0, 0.0)	(75.0, 0.0)	(76.0, 0.0)	(77.0, 0.0)	(78.0, 0.0)	(79.0, 0.0)	(80.0, 0.0)	(81.0, 0.0)	(82.0, 0.0)	(83.0, 0.0)	(84.0, 0.0)	(85.0, 0.0)	(86.0, 0.0)	(87.0, 0.0)	(88.0, 0.0)	(89.0, 0.0)	(90.0, 0.0)	(91.0, 0.0)	(92.0, 0.0)	(93.0, 0.0)	(94.0, 0.0)	(95.0, 0.0)	(96.0, 0.0)	(97.0, 0.0)	(98.0, 0.0)	(99.0, 0.0)	(100.0, 0.0)
160R_L_F_S2_week10_S50_L001_R2_001	(0.0, 0.0)	(1.0, 0.0)	(2.0, 0.0)	(3.0, 0.0)	(4.0, 0.0)	(5.0, 0.0)	(6.0, 0.0)	(7.0, 0.0)	(8.0, 0.0)	(9.0, 0.0)	(10.0, 0.0)	(11.0, 0.0)	(12.0, 0.0)	(13.0, 0.0)	(14.0, 0.0)	(15.0, 0.0)	(16.0, 0.0)	(17.0, 0.0)	(18.0, 0.0)	(19.0, 0.0)	(20.0, 0.0)	(21.0, 0.0)	(22.0, 0.0)	(23.0, 0.0)	(24.0, 0.0)	(25.0, 0.0)	(26.0, 0.0)	(27.0, 0.0)	(28.0, 0.0)	(29.0, 0.0)	(30.0, 0.0)	(31.0, 0.0005400501166506772)	(32.0, 0.0005400501166506772)	(33.0, 0.0008100751749760159)	(34.0, 0.0008100751749760159)	(35.0, 0.0008100751749760159)	(36.0, 0.0016201503499520319)	(37.0, 0.004860451049856097)	(38.0, 0.00810075174976016)	(39.0, 0.007290676574784143)	(40.0, 0.0056705262248321125)	(41.0, 0.00783072669143482)	(42.0, 0.012961202799616255)	(43.0, 0.023492180074304467)	(44.0, 0.06183573835650254)	(45.0, 1.453814914023674)	(46.0, 10.296595524059706)	(47.0, 5.078631296983459)	(48.0, 2.1415687375782246)	(49.0, 0.8724509634491615)	(50.0, 0.5403201417090003)	(51.0, 3.9774691091322416)	(52.0, 4.2619405080781085)	(53.0, 5.340825628617448)	(54.0, 4.791054609866823)	(55.0, 2.1309027477743845)	(56.0, 27.488415925004055)	(57.0, 27.316409962851317)	(58.0, 1.9933249805576405)	(59.0, 0.5354596906591457)	(60.0, 0.5088622224141)	(61.0, 0.4124632765919562)	(62.0, 0.17929663872802487)	(63.0, 0.13798280480424802)	(64.0, 0.11881102566314898)	(65.0, 0.06372591376477994)	(66.0, 0.04563423485698223)	(67.0, 0.04131383392377681)	(68.0, 0.038748595869686105)	(69.0, 0.023897217661792473)	(70.0, 0.014446340620405621)	(71.0, 0.012421152682965574)	(72.0, 0.03402315734899266)	(73.0, 0.005400501166506774)	(74.0, 0.0013501252916266933)	(75.0, 0.0)	(76.0, 0.0)	(77.0, 0.0)	(78.0, 0.0)	(79.0, 0.0005400501166506772)	(80.0, 0.0005400501166506772)	(81.0, 0.0)	(82.0, 0.0)	(83.0, 0.0005400501166506772)	(84.0, 0.0005400501166506772)	(85.0, 0.0)	(86.0, 0.0005400501166506772)	(87.0, 0.0005400501166506772)	(88.0, 0.0)	(89.0, 0.0)	(90.0, 0.0)	(91.0, 0.0)	(92.0, 0.0)	(93.0, 0.0)	(94.0, 0.0)	(95.0, 0.0005400501166506772)	(96.0, 0.0005400501166506772)	(97.0, 0.0)	(98.0, 0.0)	(99.0, 0.00040503758748800797)	(100.0, 0.0005400501166506772)
184R_0_F_NS6_week10_S65_L001_R1_001	(0.0, 0.0)	(1.0, 0.0)	(2.0, 0.0)	(3.0, 0.0)	(4.0, 0.0)	(5.0, 0.0)	(6.0, 0.0)	(7.0, 0.0)	(8.0, 0.0)	(9.0, 0.0)	(10.0, 0.0)	(11.0, 0.0)	(12.0, 0.0)	(13.0, 0.0)	(14.0, 0.0)	(15.0, 0.0)	(16.0, 0.0)	(17.0, 0.0)	(18.0, 0.0)	(19.0, 0.0)	(20.0, 0.0)	(21.0, 0.0)	(22.0, 0.0)	(23.0, 0.0)	(24.0, 0.0)	(25.0, 0.0)	(26.0, 0.0)	(27.0, 0.0)	(28.0, 0.0)	(29.0, 0.0)	(30.0, 0.0009182328914081331)	(31.0, 0.0009182328914081331)	(32.0, 0.0)	(33.0, 0.0)	(34.0, 0.0)	(35.0, 0.0)	(36.0, 0.0)	(37.0, 0.0018364657828162663)	(38.0, 0.0027546986742243993)	(39.0, 0.0042850868265712876)	(40.0, 0.014079571001591375)	(41.0, 0.03749450973249877)	(42.0, 0.1098818693385066)	(43.0, 0.18670735458632035)	(44.0, 0.31219918307876543)	(45.0, 0.9419539077694952)	(46.0, 8.617309608235223)	(47.0, 11.000583077882892)	(48.0, 24.80728587192478)	(49.0, 4.3951217347249845)	(50.0, 1.7467850370888007)	(51.0, 14.909347457788572)	(52.0, 21.351057268658323)	(53.0, 7.413659326415309)	(54.0, 3.2121316929606727)	(55.0, 0.5465016092030748)	(56.0, 0.09059897861893589)	(57.0, 0.03320942290592748)	(58.0, 0.04392213997235567)	(59.0, 0.04070832485242721)	(60.0, 0.01040663943595884)	(61.0, 0.02418013280708085)	(62.0, 0.12702221664479194)	(63.0, 0.010406639435958839)	(64.0, 0.003060776304693777)	(65.0, 0.0027546986742243993)	(66.0, 0.0009182328914081331)	(67.0, 0.0)	(68.0, 0.0)	(69.0, 0.0)	(70.0, 0.0)	(71.0, 0.0)	(72.0, 0.0)	(73.0, 0.0)	(74.0, 0.0)	(75.0, 0.0)	(76.0, 0.0)	(77.0, 0.0)	(78.0, 0.0)	(79.0, 0.0)	(80.0, 0.0)	(81.0, 0.0)	(82.0, 0.0)	(83.0, 0.0)	(84.0, 0.0)	(85.0, 0.0)	(86.0, 0.0)	(87.0, 0.0)	(88.0, 0.0)	(89.0, 0.0)	(90.0, 0.0)	(91.0, 0.0)	(92.0, 0.0)	(93.0, 0.0)	(94.0, 0.0)	(95.0, 0.0)	(96.0, 0.0)	(97.0, 0.0)	(98.0, 0.0)	(99.0, 0.0)	(100.0, 0.0)
184R_0_F_NS6_week10_S65_L001_R2_001	(0.0, 0.0)	(1.0, 0.0)	(2.0, 0.0)	(3.0, 0.0)	(4.0, 0.0)	(5.0, 0.0)	(6.0, 0.0)	(7.0, 0.0)	(8.0, 0.0)	(9.0, 0.0)	(10.0, 0.0)	(11.0, 0.0)	(12.0, 0.0)	(13.0, 0.0)	(14.0, 0.0)	(15.0, 0.0)	(16.0, 0.0)	(17.0, 0.0)	(18.0, 0.0)	(19.0, 0.0)	(20.0, 0.0)	(21.0, 0.0)	(22.0, 0.0)	(23.0, 0.0)	(24.0, 0.0)	(25.0, 0.0)	(26.0, 0.0)	(27.0, 0.0008122311176572041)	(28.0, 0.0016244622353144083)	(29.0, 0.0008122311176572041)	(30.0, 0.0)	(31.0, 0.0)	(32.0, 0.0)	(33.0, 0.0016244622353144083)	(34.0, 0.0016244622353144083)	(35.0, 0.0029781807647430818)	(36.0, 0.006227105235371899)	(37.0, 0.006768592647143368)	(38.0, 0.008393054882457777)	(39.0, 0.01272495417662953)	(40.0, 0.018139828294344226)	(41.0, 0.02111800905908731)	(42.0, 0.028698832823887886)	(43.0, 0.05144130411828959)	(44.0, 0.09503104076589304)	(45.0, 1.5976586084317856)	(46.0, 12.79101564086135)	(47.0, 15.451614038603893)	(48.0, 14.096812534349294)	(49.0, 7.695212980537519)	(50.0, 0.9063145554524914)	(51.0, 6.034471088635091)	(52.0, 5.617390409717931)	(53.0, 2.796782481799484)	(54.0, 4.476341061262012)	(55.0, 1.3552076198110696)	(56.0, 12.534485979535196)	(57.0, 12.332375803091633)	(58.0, 0.8236023533043949)	(59.0, 0.26072618876796283)	(60.0, 0.23405793373821762)	(61.0, 0.18166902664932771)	(62.0, 0.09015765405994967)	(63.0, 0.08271220214809197)	(64.0, 0.07445451911857708)	(65.0, 0.0414237870005174)	(66.0, 0.030864782470973757)	(67.0, 0.03167701358863096)	(68.0, 0.026262139470916268)	(69.0, 0.015161647529601146)	(70.0, 0.01976429052965864)	(71.0, 0.031406269882745225)	(72.0, 0.0904283977658356)	(73.0, 0.014349416411943938)	(74.0, 0.0024366933529716126)	(75.0, 0.0)	(76.0, 0.0005414874117714694)	(77.0, 0.0005414874117714694)	(78.0, 0.0)	(79.0, 0.0)	(80.0, 0.0008122311176572041)	(81.0, 0.0013537185294286735)	(82.0, 0.0014890903823715407)	(83.0, 0.00040611555882860207)	(84.0, 0.0)	(85.0, 0.0)	(86.0, 0.0)	(87.0, 0.0)	(88.0, 0.0)	(89.0, 0.0)	(90.0, 0.0)	(91.0, 0.0)	(92.0, 0.0)	(93.0, 0.0)	(94.0, 0.0)	(95.0, 0.0)	(96.0, 0.0)	(97.0, 0.0)	(98.0, 0.0)	(99.0, 0.0)	(100.0, 0.0)
184R_L_F_NS6_week10_S66_L001_R1_001	(0.0, 0.0)	(1.0, 0.0)	(2.0, 0.0)	(3.0, 0.0)	(4.0, 0.0)	(5.0, 0.0)	(6.0, 0.0)	(7.0, 0.0)	(8.0, 0.0)	(9.0, 0.0)	(10.0, 0.0)	(11.0, 0.0)	(12.0, 0.0)	(13.0, 0.0)	(14.0, 0.0)	(15.0, 0.0)	(16.0, 0.0)	(17.0, 0.0)	(18.0, 0.0)	(19.0, 0.0)	(20.0, 0.0)	(21.0, 0.0)	(22.0, 0.0)	(23.0, 0.0)	(24.0, 0.0)	(25.0, 0.0)	(26.0, 0.0)	(27.0, 0.0)	(28.0, 0.0)	(29.0, 0.0)	(30.0, 0.0)	(31.0, 0.0)	(32.0, 0.0)	(33.0, 0.0)	(34.0, 0.0)	(35.0, 0.0)	(36.0, 0.0)	(37.0, 0.0008605308901905364)	(38.0, 0.002294749040508097)	(39.0, 0.002294749040508097)	(40.0, 0.009752683422159411)	(41.0, 0.025242239445589065)	(42.0, 0.0956623506261813)	(43.0, 0.1484415785578675)	(44.0, 0.265760623253844)	(45.0, 0.9751249204009032)	(46.0, 10.786754708536288)	(47.0, 14.463372936873006)	(48.0, 31.833332377195717)	(49.0, 5.0735467067487425)	(50.0, 1.541497667961366)	(51.0, 6.272122814969667)	(52.0, 15.699955826079048)	(53.0, 10.315614046157386)	(54.0, 1.5945637395231225)	(55.0, 0.554181893282704)	(56.0, 0.06798194032505239)	(57.0, 0.032126486567113366)	(58.0, 0.04403049721474907)	(59.0, 0.041592326359209224)	(60.0, 0.015632977838461407)	(61.0, 0.016923774173747214)	(62.0, 0.10125580141242001)	(63.0, 0.01548955602342965)	(64.0, 0.0037289671908256575)	(65.0, 0.0008605308901905364)	(66.0, 0.0)	(67.0, 0.0)	(68.0, 0.0)	(69.0, 0.0)	(70.0, 0.0)	(71.0, 0.0)	(72.0, 0.0)	(73.0, 0.0)	(74.0, 0.0)	(75.0, 0.0)	(76.0, 0.0)	(77.0, 0.0)	(78.0, 0.0)	(79.0, 0.0)	(80.0, 0.0)	(81.0, 0.0)	(82.0, 0.0)	(83.0, 0.0)	(84.0, 0.0)	(85.0, 0.0)	(86.0, 0.0)	(87.0, 0.0)	(88.0, 0.0)	(89.0, 0.0)	(90.0, 0.0)	(91.0, 0.0)	(92.0, 0.0)	(93.0, 0.0)	(94.0, 0.0)	(95.0, 0.0)	(96.0, 0.0)	(97.0, 0.0)	(98.0, 0.0)	(99.0, 0.0)	(100.0, 0.0)
184R_L_F_NS6_week10_S66_L001_R2_001	(0.0, 0.0)	(1.0, 0.0)	(2.0, 0.0)	(3.0, 0.0)	(4.0, 0.0)	(5.0, 0.0)	(6.0, 0.0)	(7.0, 0.0)	(8.0, 0.0)	(9.0, 0.0)	(10.0, 0.0)	(11.0, 0.0)	(12.0, 0.0)	(13.0, 0.0)	(14.0, 0.0)	(15.0, 0.0)	(16.0, 0.0)	(17.0, 0.0)	(18.0, 0.0)	(19.0, 0.0)	(20.0, 0.0)	(21.0, 0.0)	(22.0, 0.0)	(23.0, 0.0)	(24.0, 0.0)	(25.0, 0.0)	(26.0, 0.0)	(27.0, 0.0)	(28.0, 0.0)	(29.0, 0.0)	(30.0, 0.0)	(31.0, 0.0007594859798886918)	(32.0, 0.0015189719597773837)	(33.0, 0.0015189719597773837)	(34.0, 0.0007594859798886918)	(35.0, 0.0015189719597773837)	(36.0, 0.0035442679061472287)	(37.0, 0.007341697805590688)	(38.0, 0.00886066976536807)	(39.0, 0.00886066976536807)	(40.0, 0.015189719597773838)	(41.0, 0.020759283450290912)	(42.0, 0.025569361322919294)	(43.0, 0.05569563852517071)	(44.0, 0.13417585644700214)	(45.0, 2.2101042014760184)	(46.0, 16.806412086966954)	(47.0, 18.858163461639872)	(48.0, 17.2079270083355)	(49.0, 10.25559234842789)	(50.0, 0.996825348603916)	(51.0, 5.44791951473899)	(52.0, 5.779561725957187)	(53.0, 3.325156200949189)	(54.0, 5.921585604196391)	(55.0, 1.1728995149414558)	(56.0, 5.438172777997032)	(57.0, 5.138682139927469)	(58.0, 0.39822381545497243)	(59.0, 0.1487326710615354)	(60.0, 0.1411378112626484)	(61.0, 0.12177091877548687)	(62.0, 0.06177152636428027)	(63.0, 0.04303753886035921)	(64.0, 0.04455651082013657)	(65.0, 0.020252959463698456)	(66.0, 0.015189719597773842)	(67.0, 0.025822523316215516)	(68.0, 0.021771931423475832)	(69.0, 0.008101183785479379)	(70.0, 0.006582211825701997)	(71.0, 0.019746635477106)	(72.0, 0.06455630829053885)	(73.0, 0.00936699375196053)	(74.0, 0.001265809966481153)	(75.0, 0.0)	(76.0, 0.0)	(77.0, 0.0)	(78.0, 0.0)	(79.0, 0.0)	(80.0, 0.0)	(81.0, 0.0)	(82.0, 0.0)	(83.0, 0.0005063239865924612)	(84.0, 0.0)	(85.0, 0.0)	(86.0, 0.0)	(87.0, 0.0)	(88.0, 0.0)	(89.0, 0.0005063239865924612)	(90.0, 0.0005063239865924612)	(91.0, 0.0010126479731849224)	(92.0, 0.0005063239865924612)	(93.0, 0.0)	(94.0, 0.0)	(95.0, 0.0)	(96.0, 0.0)	(97.0, 0.0)	(98.0, 0.0)	(99.0, 0.0)	(100.0, 0.0)
2403R_L_F_NS6_week10_S67_L001_R1_001	(0.0, 0.0)	(1.0, 0.0)	(2.0, 0.0)	(3.0, 0.0)	(4.0, 0.0)	(5.0, 0.0)	(6.0, 0.0)	(7.0, 0.0)	(8.0, 0.0)	(9.0, 0.0)	(10.0, 0.0)	(11.0, 0.0)	(12.0, 0.0)	(13.0, 0.0)	(14.0, 0.0)	(15.0, 0.0)	(16.0, 0.0)	(17.0, 0.0)	(18.0, 0.0)	(19.0, 0.0)	(20.0, 0.0)	(21.0, 0.0)	(22.0, 0.0)	(23.0, 0.0)	(24.0, 0.0)	(25.0, 0.0)	(26.0, 0.0)	(27.0, 0.0)	(28.0, 0.0)	(29.0, 0.0)	(30.0, 0.0)	(31.0, 0.0)	(32.0, 0.0)	(33.0, 0.0)	(34.0, 0.0005541102513167116)	(35.0, 0.0005541102513167116)	(36.0, 0.0005541102513167116)	(37.0, 0.0)	(38.0, 0.001385275628291779)	(39.0, 0.004986992261850405)	(40.0, 0.014960976785551215)	(41.0, 0.036432749024073785)	(42.0, 0.10777444388110041)	(43.0, 0.16041491775618796)	(44.0, 0.3168125361903301)	(45.0, 1.0837011240126644)	(46.0, 11.847985393650623)	(47.0, 13.972028514509441)	(48.0, 30.832910824273778)	(49.0, 4.977018277327099)	(50.0, 1.6836639986258986)	(51.0, 8.843738138576947)	(52.0, 16.052573980644603)	(53.0, 7.9038286247818155)	(54.0, 1.2831808144867034)	(55.0, 0.5330540617666754)	(56.0, 0.04626820598494539)	(57.0, 0.018978276107597378)	(58.0, 0.03809507977802391)	(59.0, 0.03435483558163612)	(60.0, 0.011913370403309299)	(61.0, 0.0282596228171523)	(62.0, 0.13852756282917775)	(63.0, 0.013298646031601073)	(64.0, 0.004432882010533693)	(65.0, 0.004432882010533693)	(66.0, 0.0)	(67.0, 0.0)	(68.0, 0.0008311653769750674)	(69.0, 0.0016623307539501348)	(70.0, 0.0008311653769750674)	(71.0, 0.0)	(72.0, 0.0)	(73.0, 0.0)	(74.0, 0.0)	(75.0, 0.0)	(76.0, 0.0)	(77.0, 0.0)	(78.0, 0.0)	(79.0, 0.0)	(80.0, 0.0)	(81.0, 0.0)	(82.0, 0.0)	(83.0, 0.0)	(84.0, 0.0)	(85.0, 0.0)	(86.0, 0.0)	(87.0, 0.0)	(88.0, 0.0)	(89.0, 0.0)	(90.0, 0.0)	(91.0, 0.0)	(92.0, 0.0)	(93.0, 0.0)	(94.0, 0.0)	(95.0, 0.0)	(96.0, 0.0)	(97.0, 0.0)	(98.0, 0.0)	(99.0, 0.0)	(100.0, 0.0)
2403R_L_F_NS6_week10_S67_L001_R2_001	(0.0, 0.0)	(1.0, 0.0)	(2.0, 0.0)	(3.0, 0.0)	(4.0, 0.0)	(5.0, 0.0)	(6.0, 0.0)	(7.0, 0.0007158947730134765)	(8.0, 0.0007158947730134765)	(9.0, 0.0)	(10.0, 0.0)	(11.0, 0.0)	(12.0, 0.0)	(13.0, 0.0)	(14.0, 0.0)	(15.0, 0.0)	(16.0, 0.0)	(17.0, 0.0)	(18.0, 0.0)	(19.0, 0.0)	(20.0, 0.0)	(21.0, 0.0)	(22.0, 0.0)	(23.0, 0.0)	(24.0, 0.0)	(25.0, 0.0)	(26.0, 0.0)	(27.0, 0.0)	(28.0, 0.0)	(29.0, 0.0)	(30.0, 0.0)	(31.0, 0.001431789546026953)	(32.0, 0.002863579092053906)	(33.0, 0.0021476843190404295)	(34.0, 0.002863579092053906)	(35.0, 0.005727158184107812)	(36.0, 0.007158947730134765)	(37.0, 0.009545263640179685)	(38.0, 0.011931579550224607)	(39.0, 0.010738421595202148)	(40.0, 0.01312473750524707)	(41.0, 0.02076094841739082)	(42.0, 0.032931159558619916)	(43.0, 0.057868160818589365)	(44.0, 0.11657153220569436)	(45.0, 2.03075483944817)	(46.0, 16.72759726623768)	(47.0, 20.602258409384465)	(48.0, 16.85657764117581)	(49.0, 8.23517620556394)	(50.0, 0.793211408498927)	(51.0, 4.442365698140035)	(52.0, 4.3182772708176484)	(53.0, 4.11985510289732)	(54.0, 5.00076362109076)	(55.0, 0.8670678859148249)	(56.0, 7.304035737465217)	(57.0, 7.118261043868397)	(58.0, 0.45769539154661515)	(59.0, 0.15666163949444897)	(60.0, 0.12265663777630884)	(61.0, 0.11239547936311575)	(62.0, 0.07672005650794425)	(63.0, 0.06025447672863427)	(64.0, 0.05035126570194783)	(65.0, 0.02410179069145371)	(66.0, 0.018613264098350395)	(67.0, 0.03126073842158847)	(68.0, 0.028397159329534565)	(69.0, 0.007636210912143747)	(70.0, 0.0054885265931033204)	(71.0, 0.021954106372413292)	(72.0, 0.09664579435681951)	(73.0, 0.012170211141229098)	(74.0, 0.0004772631820089843)	(75.0, 0.0)	(76.0, 0.0)	(77.0, 0.00035794738650673824)	(78.0, 0.0)	(79.0, 0.0007158947730134765)	(80.0, 0.001431789546026953)	(81.0, 0.0007158947730134765)	(82.0, 0.0)	(83.0, 0.0)	(84.0, 0.0)	(85.0, 0.0)	(86.0, 0.0)	(87.0, 0.0)	(88.0, 0.0)	(89.0, 0.0)	(90.0, 0.0)	(91.0, 0.0)	(92.0, 0.0)	(93.0, 0.0)	(94.0, 0.0)	(95.0, 0.0)	(96.0, 0.0)	(97.0, 0.0)	(98.0, 0.0)	(99.0, 0.0)	(100.0, 0.0)
2446R_0_F_S2_week9_S55_L001_R1_001	(0.0, 0.0)	(1.0, 0.0)	(2.0, 0.0)	(3.0, 0.0)	(4.0, 0.0)	(5.0, 0.0)	(6.0, 0.0)	(7.0, 0.0)	(8.0, 0.0)	(9.0, 0.0)	(10.0, 0.0)	(11.0, 0.0)	(12.0, 0.0)	(13.0, 0.0)	(14.0, 0.0)	(15.0, 0.0)	(16.0, 0.0)	(17.0, 0.0)	(18.0, 0.0)	(19.0, 0.0)	(20.0, 0.0)	(21.0, 0.0)	(22.0, 0.0)	(23.0, 0.0)	(24.0, 0.0)	(25.0, 0.0)	(26.0, 0.0)	(27.0, 0.0007418957166647931)	(28.0, 0.0007418957166647931)	(29.0, 0.0)	(30.0, 0.0)	(31.0, 0.0007418957166647931)	(32.0, 0.0007418957166647931)	(33.0, 0.0)	(34.0, 0.0)	(35.0, 0.0007418957166647931)	(36.0, 0.0007418957166647931)	(37.0, 0.0)	(38.0, 0.0007418957166647931)	(39.0, 0.0029675828666591722)	(40.0, 0.005193270016653552)	(41.0, 0.009150047172199112)	(42.0, 0.022009572927722196)	(43.0, 0.057002320897078275)	(44.0, 0.16062042265792767)	(45.0, 0.2341917478938529)	(46.0, 0.4468685200044279)	(47.0, 19.034818402476613)	(48.0, 20.765042863028143)	(49.0, 4.5476970938694645)	(50.0, 4.999387936032409)	(51.0, 17.358257732097226)	(52.0, 22.3149866644297)	(53.0, 7.666626686727534)	(54.0, 1.5984143215543436)	(55.0, 0.41570889990450766)	(56.0, 0.09755928674142043)	(57.0, 0.034374501538802074)	(58.0, 0.07270578023314979)	(59.0, 0.06417397949150465)	(60.0, 0.008655450027755916)	(61.0, 0.011375734322193489)	(62.0, 0.052179998738757075)	(63.0, 0.004451374299988758)	(64.0, 0.002225687149994379)	(65.0, 0.0029675828666591722)	(66.0, 0.0014837914333295861)	(67.0, 0.0014837914333295861)	(68.0, 0.0007418957166647931)	(69.0, 0.0)	(70.0, 0.0007418957166647931)	(71.0, 0.0007418957166647931)	(72.0, 0.0)	(73.0, 0.0)	(74.0, 0.0)	(75.0, 0.0)	(76.0, 0.0)	(77.0, 0.0)	(78.0, 0.0)	(79.0, 0.0)	(80.0, 0.0)	(81.0, 0.0)	(82.0, 0.0)	(83.0, 0.0)	(84.0, 0.0)	(85.0, 0.0)	(86.0, 0.0)	(87.0, 0.0)	(88.0, 0.0)	(89.0, 0.0)	(90.0, 0.0)	(91.0, 0.0)	(92.0, 0.0)	(93.0, 0.0)	(94.0, 0.0)	(95.0, 0.0)	(96.0, 0.0)	(97.0, 0.0)	(98.0, 0.0)	(99.0, 0.0)	(100.0, 0.0)
2446R_0_F_S2_week9_S55_L001_R2_001	(0.0, 0.0)	(1.0, 0.0)	(2.0, 0.0)	(3.0, 0.0)	(4.0, 0.0)	(5.0, 0.0)	(6.0, 0.0)	(7.0, 0.0)	(8.0, 0.0)	(9.0, 0.0)	(10.0, 0.0)	(11.0, 0.0)	(12.0, 0.0)	(13.0, 0.0)	(14.0, 0.0)	(15.0, 0.0)	(16.0, 0.0)	(17.0, 0.0)	(18.0, 0.0)	(19.0, 0.0)	(20.0, 0.0)	(21.0, 0.0)	(22.0, 0.0)	(23.0, 0.0)	(24.0, 0.0)	(25.0, 0.0)	(26.0, 0.0)	(27.0, 0.0)	(28.0, 0.0007782424173246302)	(29.0, 0.0015564848346492604)	(30.0, 0.0007782424173246302)	(31.0, 0.0)	(32.0, 0.0)	(33.0, 0.0)	(34.0, 0.0007782424173246302)	(35.0, 0.0038912120866231516)	(36.0, 0.005966525199488832)	(37.0, 0.005188282782164202)	(38.0, 0.005447696921272412)	(39.0, 0.010895393842544824)	(40.0, 0.013748949372735138)	(41.0, 0.016602504902925447)	(42.0, 0.022569030102414286)	(43.0, 0.03476149464050015)	(44.0, 0.09053553454876545)	(45.0, 2.379346483900398)	(46.0, 19.204169304048737)	(47.0, 10.673335339465503)	(48.0, 1.9487190129808651)	(49.0, 0.9150833757042114)	(50.0, 0.6948407716013336)	(51.0, 5.074918803374466)	(52.0, 5.581814031192121)	(53.0, 8.223428209729734)	(54.0, 7.002625271087508)	(55.0, 1.7974805698807934)	(56.0, 16.93650060703014)	(57.0, 16.61521619574408)	(58.0, 1.192007969202243)	(59.0, 0.3481337746832189)	(60.0, 0.3551379564391411)	(61.0, 0.30338483568705277)	(62.0, 0.12970706955410502)	(63.0, 0.10661921117347432)	(64.0, 0.0959832314700378)	(65.0, 0.042284504674638235)	(66.0, 0.024903757354388167)	(67.0, 0.02801672702368669)	(68.0, 0.02334727251973891)	(69.0, 0.007263595895029883)	(70.0, 0.004669454503947782)	(71.0, 0.012711292816302292)	(72.0, 0.046435130900369555)	(73.0, 0.008560666590570932)	(74.0, 0.002334727251973891)	(75.0, 0.0007782424173246302)	(76.0, 0.002334727251973891)	(77.0, 0.0015564848346492604)	(78.0, 0.0)	(79.0, 0.0)	(80.0, 0.0)	(81.0, 0.0)	(82.0, 0.0)	(83.0, 0.0)	(84.0, 0.0)	(85.0, 0.0)	(86.0, 0.0005188282782164202)	(87.0, 0.0007782424173246302)	(88.0, 0.0007782424173246302)	(89.0, 0.0)	(90.0, 0.0)	(91.0, 0.0)	(92.0, 0.0)	(93.0, 0.0)	(94.0, 0.0)	(95.0, 0.0)	(96.0, 0.0)	(97.0, 0.0)	(98.0, 0.0)	(99.0, 0.0)	(100.0, 0.0007782424173246302)
2472R_0_F_NS1_week10_S73_L001_R1_001	(0.0, 0.0)	(1.0, 0.0)	(2.0, 0.0)	(3.0, 0.0)	(4.0, 0.0)	(5.0, 0.0)	(6.0, 0.0)	(7.0, 0.0)	(8.0, 0.0)	(9.0, 0.0)	(10.0, 0.0)	(11.0, 0.0)	(12.0, 0.0)	(13.0, 0.0)	(14.0, 0.0)	(15.0, 0.0)	(16.0, 0.0)	(17.0, 0.0)	(18.0, 0.0)	(19.0, 0.0)	(20.0, 0.0)	(21.0, 0.0)	(22.0, 0.0)	(23.0, 0.0)	(24.0, 0.0)	(25.0, 0.0)	(26.0, 0.0)	(27.0, 0.0)	(28.0, 0.0)	(29.0, 0.0)	(30.0, 0.0)	(31.0, 0.0)	(32.0, 0.0)	(33.0, 0.0)	(34.0, 0.0)	(35.0, 0.0007649168344168754)	(36.0, 0.0017848059469727088)	(37.0, 0.0015298336688337507)	(38.0, 0.0020397782251116675)	(39.0, 0.004334528728362293)	(40.0, 0.006629279231612921)	(41.0, 0.018867948582282922)	(42.0, 0.03735343874735741)	(43.0, 0.09446722905048412)	(44.0, 0.2809794505091322)	(45.0, 0.48342743935146526)	(46.0, 0.9841929936163842)	(47.0, 13.549226860301564)	(48.0, 24.85992460470525)	(49.0, 4.384375808738733)	(50.0, 1.9361319940481705)	(51.0, 20.394467611510485)	(52.0, 22.920350484898538)	(53.0, 5.6727507301754265)	(54.0, 3.024226191005943)	(55.0, 0.8920205150691409)	(56.0, 0.12531887470529804)	(57.0, 0.03658852191294052)	(58.0, 0.02791946445621595)	(59.0, 0.044365176396178714)	(60.0, 0.0165731980790323)	(61.0, 0.03059667337667501)	(62.0, 0.14099966981084366)	(63.0, 0.017593087191588135)	(64.0, 0.004334528728362294)	(65.0, 0.004589501006501252)	(66.0, 0.001274861390694792)	(67.0, 0.0)	(68.0, 0.0)	(69.0, 0.0)	(70.0, 0.0)	(71.0, 0.0)	(72.0, 0.0)	(73.0, 0.0)	(74.0, 0.0)	(75.0, 0.0)	(76.0, 0.0)	(77.0, 0.0)	(78.0, 0.0)	(79.0, 0.0)	(80.0, 0.0)	(81.0, 0.0)	(82.0, 0.0)	(83.0, 0.0)	(84.0, 0.0)	(85.0, 0.0)	(86.0, 0.0)	(87.0, 0.0)	(88.0, 0.0)	(89.0, 0.0)	(90.0, 0.0)	(91.0, 0.0)	(92.0, 0.0)	(93.0, 0.0)	(94.0, 0.0)	(95.0, 0.0)	(96.0, 0.0)	(97.0, 0.0)	(98.0, 0.0)	(99.0, 0.0)	(100.0, 0.0)
2472R_0_F_NS1_week10_S73_L001_R2_001	(0.0, 0.0)	(1.0, 0.0)	(2.0, 0.0)	(3.0, 0.0)	(4.0, 0.0)	(5.0, 0.0)	(6.0, 0.0)	(7.0, 0.0)	(8.0, 0.0)	(9.0, 0.0)	(10.0, 0.0)	(11.0, 0.0)	(12.0, 0.0)	(13.0, 0.0)	(14.0, 0.0)	(15.0, 0.0)	(16.0, 0.0)	(17.0, 0.0)	(18.0, 0.0)	(19.0, 0.0)	(20.0, 0.0)	(21.0, 0.0)	(22.0, 0.0)	(23.0, 0.0)	(24.0, 0.0)	(25.0, 0.0)	(26.0, 0.0)	(27.0, 0.0)	(28.0, 0.0)	(29.0, 0.0)	(30.0, 0.000740058242583625)	(31.0, 0.0022201747277508753)	(32.0, 0.0029602329703345)	(33.0, 0.00148011648516725)	(34.0, 0.0029602329703345)	(35.0, 0.005180407698085376)	(36.0, 0.003700291212918125)	(37.0, 0.005180407698085376)	(38.0, 0.008140640668419876)	(39.0, 0.009620757153587125)	(40.0, 0.012580990123921627)	(41.0, 0.017761397822007006)	(42.0, 0.029108957541622585)	(43.0, 0.04613029712104596)	(44.0, 0.0971943158593162)	(45.0, 0.8162842415697289)	(46.0, 7.901355169983935)	(47.0, 7.475574994417866)	(48.0, 9.7959042709964)	(49.0, 13.830085094361214)	(50.0, 2.501766889053817)	(51.0, 3.1340233143010305)	(52.0, 3.2382481834649224)	(53.0, 3.899983595375387)	(54.0, 4.2832104219934255)	(55.0, 1.7577616691765434)	(56.0, 18.608024451529158)	(57.0, 18.757516216531208)	(58.0, 1.7684925136940026)	(59.0, 0.5106401873826999)	(60.0, 0.38038993668798443)	(61.0, 0.3093443453999561)	(62.0, 0.1645396159344259)	(63.0, 0.13518397231194212)	(64.0, 0.09534417025285707)	(65.0, 0.04415680847415628)	(66.0, 0.03811299949305668)	(67.0, 0.06191820629616331)	(68.0, 0.05451762387032705)	(69.0, 0.018748142145451837)	(70.0, 0.013814420528227667)	(71.0, 0.033795993077985524)	(72.0, 0.10632170085118088)	(73.0, 0.012087617962199206)	(74.0, 0.000740058242583625)	(75.0, 0.0)	(76.0, 0.0)	(77.0, 0.000740058242583625)	(78.0, 0.000740058242583625)	(79.0, 0.0)	(80.0, 0.0)	(81.0, 0.0)	(82.0, 0.0)	(83.0, 0.0012334304043060415)	(84.0, 0.0012334304043060415)	(85.0, 0.0)	(86.0, 0.0)	(87.0, 0.0)	(88.0, 0.0)	(89.0, 0.0004933721617224167)	(90.0, 0.0)	(91.0, 0.0)	(92.0, 0.0)	(93.0, 0.0)	(94.0, 0.000740058242583625)	(95.0, 0.000740058242583625)	(96.0, 0.0)	(97.0, 0.0004933721617224167)	(98.0, 0.0)	(99.0, 0.0)	(100.0, 0.000740058242583625)
2472R_R_F_NS1_week10_S74_L001_R1_001	(0.0, 0.0)	(1.0, 0.0)	(2.0, 0.0)	(3.0, 0.0)	(4.0, 0.0)	(5.0, 0.0)	(6.0, 0.0)	(7.0, 0.0)	(8.0, 0.0)	(9.0, 0.0)	(10.0, 0.0)	(11.0, 0.0)	(12.0, 0.0)	(13.0, 0.0)	(14.0, 0.0)	(15.0, 0.0)	(16.0, 0.0)	(17.0, 0.0)	(18.0, 0.0)	(19.0, 0.0)	(20.0, 0.0)	(21.0, 0.0)	(22.0, 0.0)	(23.0, 0.0)	(24.0, 0.0)	(25.0, 0.0)	(26.0, 0.0)	(27.0, 0.0)	(28.0, 0.0)	(29.0, 0.0)	(30.0, 0.0)	(31.0, 0.0)	(32.0, 0.0)	(33.0, 0.0)	(34.0, 0.0)	(35.0, 0.0)	(36.0, 0.0)	(37.0, 0.0008606864261141569)	(38.0, 0.0008606864261141569)	(39.0, 0.0)	(40.0, 0.0008606864261141569)	(41.0, 0.0034427457044566277)	(42.0, 0.01434477376856928)	(43.0, 0.048198439862392785)	(44.0, 0.18461723840148664)	(45.0, 0.31773673897381005)	(46.0, 0.71508697236317)	(47.0, 14.680154579274374)	(48.0, 25.676714702541798)	(49.0, 4.882817543083587)	(50.0, 2.364018717060164)	(51.0, 19.21912789513327)	(52.0, 21.746103242208946)	(53.0, 5.673931816420521)	(54.0, 3.131033770465393)	(55.0, 0.902286270042991)	(56.0, 0.11246302634558333)	(57.0, 0.040165366551993986)	(58.0, 0.03256263645465228)	(59.0, 0.0339971138315092)	(60.0, 0.01491856471931205)	(61.0, 0.024386115406567793)	(62.0, 0.13943120103049328)	(63.0, 0.024959906357310557)	(64.0, 0.009180655211884338)	(65.0, 0.004877223081313556)	(66.0, 0.0008606864261141569)	(67.0, 0.0)	(68.0, 0.0)	(69.0, 0.0)	(70.0, 0.0)	(71.0, 0.0)	(72.0, 0.0)	(73.0, 0.0)	(74.0, 0.0)	(75.0, 0.0)	(76.0, 0.0)	(77.0, 0.0)	(78.0, 0.0)	(79.0, 0.0)	(80.0, 0.0)	(81.0, 0.0)	(82.0, 0.0)	(83.0, 0.0)	(84.0, 0.0)	(85.0, 0.0)	(86.0, 0.0)	(87.0, 0.0)	(88.0, 0.0)	(89.0, 0.0)	(90.0, 0.0)	(91.0, 0.0)	(92.0, 0.0)	(93.0, 0.0)	(94.0, 0.0)	(95.0, 0.0)	(96.0, 0.0)	(97.0, 0.0)	(98.0, 0.0)	(99.0, 0.0)	(100.0, 0.0)
2472R_R_F_NS1_week10_S74_L001_R2_001	(0.0, 0.0)	(1.0, 0.0)	(2.0, 0.0)	(3.0, 0.0)	(4.0, 0.0)	(5.0, 0.0)	(6.0, 0.0)	(7.0, 0.0)	(8.0, 0.0)	(9.0, 0.0)	(10.0, 0.0)	(11.0, 0.0)	(12.0, 0.0)	(13.0, 0.0)	(14.0, 0.0)	(15.0, 0.0)	(16.0, 0.0)	(17.0, 0.0)	(18.0, 0.0)	(19.0, 0.0)	(20.0, 0.0)	(21.0, 0.0)	(22.0, 0.0)	(23.0, 0.0)	(24.0, 0.0)	(25.0, 0.0)	(26.0, 0.0)	(27.0, 0.0)	(28.0, 0.0)	(29.0, 0.0)	(30.0, 0.0)	(31.0, 0.0)	(32.0, 0.0)	(33.0, 0.0)	(34.0, 0.0)	(35.0, 0.002501115080473427)	(36.0, 0.003890623458514219)	(37.0, 0.003612721782906061)	(38.0, 0.003334820107297903)	(39.0, 0.007225443565812122)	(40.0, 0.015562493834056876)	(41.0, 0.01889731394135478)	(42.0, 0.02139842902182821)	(43.0, 0.029735479290072968)	(44.0, 0.06669640214595804)	(45.0, 0.8312039117439854)	(46.0, 8.620232075689078)	(47.0, 8.051367345719674)	(48.0, 9.918310802453686)	(49.0, 13.001074089972336)	(50.0, 2.2246029132432734)	(51.0, 3.434031005489745)	(52.0, 3.6713590364592097)	(53.0, 4.819926661748215)	(54.0, 5.3123684309260675)	(55.0, 1.6993687463439295)	(56.0, 17.223095296654854)	(57.0, 17.620633643613033)	(58.0, 1.577092009076338)	(59.0, 0.4832710138825882)	(60.0, 0.3593268665613499)	(61.0, 0.2881840376056609)	(62.0, 0.13506021434556506)	(63.0, 0.09115174959947601)	(64.0, 0.07419974738737833)	(65.0, 0.05141180998750933)	(66.0, 0.03696092285588507)	(67.0, 0.05558033512163171)	(68.0, 0.054746630094807236)	(69.0, 0.026678560858383226)	(70.0, 0.01500669048284056)	(71.0, 0.028345970912032177)	(72.0, 0.09420866803116595)	(73.0, 0.01917521561696294)	(74.0, 0.0013895083780407927)	(75.0, 0.0013895083780407927)	(76.0, 0.0008337050268244757)	(77.0, 0.0013895083780407927)	(78.0, 0.0008337050268244757)	(79.0, 0.0)	(80.0, 0.000555803351216317)	(81.0, 0.000555803351216317)	(82.0, 0.0)	(83.0, 0.0)	(84.0, 0.0)	(85.0, 0.0)	(86.0, 0.0)	(87.0, 0.0)	(88.0, 0.0)	(89.0, 0.0)	(90.0, 0.0)	(91.0, 0.0)	(92.0, 0.0008337050268244757)	(93.0, 0.0008337050268244757)	(94.0, 0.0)	(95.0, 0.0)	(96.0, 0.0)	(97.0, 0.0)	(98.0, 0.0)	(99.0, 0.0)	(100.0, 0.000555803351216317)
2506R_0_F_NS6_week10_S68_L001_R1_001	(0.0, 0.0)	(1.0, 0.0)	(2.0, 0.0)	(3.0, 0.0)	(4.0, 0.0)	(5.0, 0.0)	(6.0, 0.0)	(7.0, 0.0)	(8.0, 0.0)	(9.0, 0.0)	(10.0, 0.0)	(11.0, 0.0)	(12.0, 0.0)	(13.0, 0.0)	(14.0, 0.0)	(15.0, 0.0)	(16.0, 0.0)	(17.0, 0.0)	(18.0, 0.0)	(19.0, 0.0)	(20.0, 0.0)	(21.0, 0.0)	(22.0, 0.0)	(23.0, 0.0)	(24.0, 0.0)	(25.0, 0.0)	(26.0, 0.0)	(27.0, 0.0)	(28.0, 0.0)	(29.0, 0.0)	(30.0, 0.0)	(31.0, 0.0)	(32.0, 0.0)	(33.0, 0.0)	(34.0, 0.0009575868810597859)	(35.0, 0.0009575868810597859)	(36.0, 0.0)	(37.0, 0.0)	(38.0, 0.0)	(39.0, 0.0019151737621195717)	(40.0, 0.00925667318357793)	(41.0, 0.024258867653514572)	(42.0, 0.08171408051710173)	(43.0, 0.12049634920002308)	(44.0, 0.21019032039262286)	(45.0, 0.7962334916012029)	(46.0, 8.05059250688435)	(47.0, 10.251127159557765)	(48.0, 19.617284443205715)	(49.0, 3.3253800422934083)	(50.0, 1.4100466823605562)	(51.0, 12.675258348958444)	(52.0, 18.338905956988594)	(53.0, 10.18138291505399)	(54.0, 12.903004428836942)	(55.0, 1.4263256593385767)	(56.0, 0.2050831903603035)	(57.0, 0.05139049595020848)	(58.0, 0.05362486533934794)	(59.0, 0.04787934405298924)	(60.0, 0.014682998842916711)	(61.0, 0.03415393209113238)	(62.0, 0.14172285839684837)	(63.0, 0.017555759486096074)	(64.0, 0.005745521286358715)	(65.0, 0.0028727606431793577)	(66.0, 0.0)	(67.0, 0.0)	(68.0, 0.0)	(69.0, 0.0)	(70.0, 0.0)	(71.0, 0.0)	(72.0, 0.0)	(73.0, 0.0)	(74.0, 0.0)	(75.0, 0.0)	(76.0, 0.0)	(77.0, 0.0)	(78.0, 0.0)	(79.0, 0.0)	(80.0, 0.0)	(81.0, 0.0)	(82.0, 0.0)	(83.0, 0.0)	(84.0, 0.0)	(85.0, 0.0)	(86.0, 0.0)	(87.0, 0.0)	(88.0, 0.0)	(89.0, 0.0)	(90.0, 0.0)	(91.0, 0.0)	(92.0, 0.0)	(93.0, 0.0)	(94.0, 0.0)	(95.0, 0.0)	(96.0, 0.0)	(97.0, 0.0)	(98.0, 0.0)	(99.0, 0.0)	(100.0, 0.0)
2506R_0_F_NS6_week10_S68_L001_R2_001	(0.0, 0.0)	(1.0, 0.0)	(2.0, 0.0)	(3.0, 0.0)	(4.0, 0.0)	(5.0, 0.0)	(6.0, 0.0)	(7.0, 0.0)	(8.0, 0.0)	(9.0, 0.0)	(10.0, 0.0)	(11.0, 0.0)	(12.0, 0.0)	(13.0, 0.0)	(14.0, 0.0)	(15.0, 0.0)	(16.0, 0.0)	(17.0, 0.0)	(18.0, 0.0)	(19.0, 0.0)	(20.0, 0.0)	(21.0, 0.0)	(22.0, 0.0)	(23.0, 0.0)	(24.0, 0.0)	(25.0, 0.0)	(26.0, 0.0)	(27.0, 0.0)	(28.0, 0.0)	(29.0, 0.0)	(30.0, 0.0)	(31.0, 0.000843667083344601)	(32.0, 0.000843667083344601)	(33.0, 0.0)	(34.0, 0.0)	(35.0, 0.001687334166689202)	(36.0, 0.003374668333378404)	(37.0, 0.0025310012500338033)	(38.0, 0.001687334166689202)	(39.0, 0.001687334166689202)	(40.0, 0.0030934459722635373)	(41.0, 0.009280337916790612)	(42.0, 0.020951065903057592)	(43.0, 0.036840129306047575)	(44.0, 0.07339903625098035)	(45.0, 1.3318691022400428)	(46.0, 11.083816918617755)	(47.0, 15.381738263536665)	(48.0, 11.196165251883086)	(49.0, 3.86146424046813)	(50.0, 0.7782828843853826)	(51.0, 9.916603508811534)	(52.0, 9.509815363459245)	(53.0, 3.714806779146672)	(54.0, 4.822963493120268)	(55.0, 1.6035299030770163)	(56.0, 13.165003002046754)	(57.0, 11.145264004521435)	(58.0, 0.7173982432040192)	(59.0, 0.2719420231980767)	(60.0, 0.37008862722716596)	(61.0, 0.32017165812927684)	(62.0, 0.14342340416858215)	(63.0, 0.10728633076532179)	(64.0, 0.084647930695575)	(65.0, 0.04190213180611518)	(66.0, 0.026716124305912373)	(67.0, 0.03824624111162191)	(68.0, 0.03993357527831111)	(69.0, 0.021232288264172464)	(70.0, 0.010686449722364945)	(71.0, 0.03023140381984821)	(72.0, 0.09364704625125092)	(73.0, 0.00928033791679061)	(74.0, 0.001687334166689202)	(75.0, 0.000843667083344601)	(76.0, 0.0)	(77.0, 0.0004218335416723005)	(78.0, 0.0)	(79.0, 0.0)	(80.0, 0.0)	(81.0, 0.000562444722229734)	(82.0, 0.0)	(83.0, 0.0)	(84.0, 0.0)	(85.0, 0.0)	(86.0, 0.0)	(87.0, 0.0)	(88.0, 0.0)	(89.0, 0.000562444722229734)	(90.0, 0.0)	(91.0, 0.0)	(92.0, 0.0)	(93.0, 0.0004218335416723005)	(94.0, 0.0)	(95.0, 0.0)	(96.0, 0.000562444722229734)	(97.0, 0.000562444722229734)	(98.0, 0.0)	(99.0, 0.0)	(100.0, 0.0)
2518R_L_M_S5_week10_S61_L001_R1_001	(0.0, 0.0)	(1.0, 0.0)	(2.0, 0.0)	(3.0, 0.0)	(4.0, 0.0)	(5.0, 0.0)	(6.0, 0.0)	(7.0, 0.0)	(8.0, 0.0)	(9.0, 0.0)	(10.0, 0.0)	(11.0, 0.0)	(12.0, 0.0)	(13.0, 0.0)	(14.0, 0.0)	(15.0, 0.0)	(16.0, 0.0)	(17.0, 0.0)	(18.0, 0.0)	(19.0, 0.0)	(20.0, 0.0)	(21.0, 0.0)	(22.0, 0.0)	(23.0, 0.0)	(24.0, 0.0)	(25.0, 0.0)	(26.0, 0.0)	(27.0, 0.0008205588279135322)	(28.0, 0.0016411176558270644)	(29.0, 0.0016411176558270644)	(30.0, 0.0008205588279135322)	(31.0, 0.0)	(32.0, 0.0)	(33.0, 0.0)	(34.0, 0.0)	(35.0, 0.0008205588279135322)	(36.0, 0.0016411176558270644)	(37.0, 0.0013675980465225536)	(38.0, 0.0005470392186090214)	(39.0, 0.0024616764837405965)	(40.0, 0.003282235311654129)	(41.0, 0.009299666716353364)	(42.0, 0.023249166790883406)	(43.0, 0.060174314046992354)	(44.0, 0.17108651561997137)	(45.0, 0.256561393527631)	(46.0, 1.2982608255638879)	(47.0, 18.105493778110983)	(48.0, 8.253590970568096)	(49.0, 8.483347442383687)	(50.0, 7.599605584721596)	(51.0, 20.788721145393012)	(52.0, 25.37537147382854)	(53.0, 7.296409097807787)	(54.0, 1.4329692331463746)	(55.0, 0.4659406544502356)	(56.0, 0.11966482907072352)	(57.0, 0.045267495339896505)	(58.0, 0.06509766701447357)	(59.0, 0.04841297084689835)	(60.0, 0.010120225544266895)	(61.0, 0.010667264762875916)	(62.0, 0.05087464733063892)	(63.0, 0.00683799023261277)	(64.0, 0.004102794139567661)	(65.0, 0.00382927453026315)	(66.0, 0.0)	(67.0, 0.0)	(68.0, 0.0)	(69.0, 0.0)	(70.0, 0.0)	(71.0, 0.0)	(72.0, 0.0)	(73.0, 0.0)	(74.0, 0.0)	(75.0, 0.0)	(76.0, 0.0)	(77.0, 0.0)	(78.0, 0.0)	(79.0, 0.0)	(80.0, 0.0)	(81.0, 0.0)	(82.0, 0.0)	(83.0, 0.0)	(84.0, 0.0)	(85.0, 0.0)	(86.0, 0.0)	(87.0, 0.0)	(88.0, 0.0)	(89.0, 0.0)	(90.0, 0.0)	(91.0, 0.0)	(92.0, 0.0)	(93.0, 0.0)	(94.0, 0.0)	(95.0, 0.0)	(96.0, 0.0)	(97.0, 0.0)	(98.0, 0.0)	(99.0, 0.0)	(100.0, 0.0)
2518R_L_M_S5_week10_S61_L001_R2_001	(0.0, 0.0)	(1.0, 0.0)	(2.0, 0.0)	(3.0, 0.0)	(4.0, 0.0)	(5.0, 0.0)	(6.0, 0.0)	(7.0, 0.0)	(8.0, 0.0)	(9.0, 0.0)	(10.0, 0.0)	(11.0, 0.0)	(12.0, 0.0)	(13.0, 0.0)	(14.0, 0.0)	(15.0, 0.0)	(16.0, 0.0)	(17.0, 0.0)	(18.0, 0.0)	(19.0, 0.0)	(20.0, 0.0)	(21.0, 0.0)	(22.0, 0.0)	(23.0, 0.0)	(24.0, 0.0)	(25.0, 0.0)	(26.0, 0.0)	(27.0, 0.0)	(28.0, 0.0)	(29.0, 0.0)	(30.0, 0.0005463547891411916)	(31.0, 0.0005463547891411916)	(32.0, 0.0)	(33.0, 0.0016390643674235748)	(34.0, 0.002458596551135362)	(35.0, 0.0008195321837117874)	(36.0, 0.002458596551135362)	(37.0, 0.007375789653406086)	(38.0, 0.011200273177394427)	(39.0, 0.01174662796653562)	(40.0, 0.013932047123100385)	(41.0, 0.016936998463376936)	(42.0, 0.030869045586477326)	(43.0, 0.05135735017927198)	(44.0, 0.1141881509305092)	(45.0, 1.9201639064367386)	(46.0, 16.831551989074008)	(47.0, 3.045381594672779)	(48.0, 3.5472084684989946)	(49.0, 1.3175345740140076)	(50.0, 0.7580672699333957)	(51.0, 2.1178077514085203)	(52.0, 2.8500597575548587)	(53.0, 12.603039098510518)	(54.0, 11.484514256442306)	(55.0, 3.4125320129757037)	(56.0, 18.54014000341846)	(57.0, 18.14813044220912)	(58.0, 1.4950998804849036)	(59.0, 0.42683967901655734)	(60.0, 0.35280860508792544)	(61.0, 0.30186102100050916)	(62.0, 0.14710602697626582)	(63.0, 0.10353423254225583)	(64.0, 0.10052928120197939)	(65.0, 0.04644015707700127)	(66.0, 0.026225029878777197)	(67.0, 0.03715212566160103)	(68.0, 0.031688577770189116)	(69.0, 0.011200273177394427)	(70.0, 0.00901485402082966)	(71.0, 0.014205224517670981)	(72.0, 0.04097660918558935)	(73.0, 0.004097660918558938)	(74.0, 0.0016390643674235748)	(75.0, 0.0016390643674235748)	(76.0, 0.0016390643674235748)	(77.0, 0.0008195321837117874)	(78.0, 0.0)	(79.0, 0.0)	(80.0, 0.0)	(81.0, 0.0)	(82.0, 0.0)	(83.0, 0.0)	(84.0, 0.0)	(85.0, 0.0)	(86.0, 0.0)	(87.0, 0.0)	(88.0, 0.0)	(89.0, 0.0)	(90.0, 0.0)	(91.0, 0.0008195321837117874)	(92.0, 0.0008195321837117874)	(93.0, 0.0)	(94.0, 0.0)	(95.0, 0.0)	(96.0, 0.0)	(97.0, 0.0008195321837117874)	(98.0, 0.0008195321837117874)	(99.0, 0.0)	(100.0, 0.0)
2518R_R_M_S5_week10_S62_L001_R1_001	(0.0, 0.0)	(1.0, 0.0)	(2.0, 0.0)	(3.0, 0.0)	(4.0, 0.0)	(5.0, 0.0)	(6.0, 0.0)	(7.0, 0.0)	(8.0, 0.0)	(9.0, 0.0)	(10.0, 0.0)	(11.0, 0.0)	(12.0, 0.0)	(13.0, 0.0)	(14.0, 0.0)	(15.0, 0.0)	(16.0, 0.0)	(17.0, 0.0)	(18.0, 0.0)	(19.0, 0.0)	(20.0, 0.0)	(21.0, 0.0)	(22.0, 0.0)	(23.0, 0.0)	(24.0, 0.0)	(25.0, 0.0)	(26.0, 0.0)	(27.0, 0.0)	(28.0, 0.0)	(29.0, 0.0)	(30.0, 0.0009065840667848685)	(31.0, 0.0009065840667848685)	(32.0, 0.0)	(33.0, 0.0)	(34.0, 0.0)	(35.0, 0.0)	(36.0, 0.0)	(37.0, 0.0)	(38.0, 0.0)	(39.0, 0.001813168133569737)	(40.0, 0.004532920333924343)	(41.0, 0.00604389377856579)	(42.0, 0.011030106145882568)	(43.0, 0.04004079628299836)	(44.0, 0.13795187549576418)	(45.0, 0.22634382200728861)	(46.0, 1.2335587202052891)	(47.0, 17.83054432818035)	(48.0, 8.58958183809798)	(49.0, 8.55195859932645)	(50.0, 8.205643485814933)	(51.0, 19.56091111698681)	(52.0, 24.737808333026635)	(53.0, 8.239489290974882)	(54.0, 1.6950100101988366)	(55.0, 0.5234012012237993)	(56.0, 0.14278699051861676)	(57.0, 0.05575492010726936)	(58.0, 0.06149661919690689)	(59.0, 0.04895553960638287)	(60.0, 0.013296566312844735)	(61.0, 0.013145468968380591)	(62.0, 0.053790654629235476)	(63.0, 0.011785592868203288)	(64.0, 0.0015109734446414474)	(65.0, 0.0)	(66.0, 0.0)	(67.0, 0.0)	(68.0, 0.0)	(69.0, 0.0)	(70.0, 0.0)	(71.0, 0.0)	(72.0, 0.0)	(73.0, 0.0)	(74.0, 0.0)	(75.0, 0.0)	(76.0, 0.0)	(77.0, 0.0)	(78.0, 0.0)	(79.0, 0.0)	(80.0, 0.0)	(81.0, 0.0)	(82.0, 0.0)	(83.0, 0.0)	(84.0, 0.0)	(85.0, 0.0)	(86.0, 0.0)	(87.0, 0.0)	(88.0, 0.0)	(89.0, 0.0)	(90.0, 0.0)	(91.0, 0.0)	(92.0, 0.0)	(93.0, 0.0)	(94.0, 0.0)	(95.0, 0.0)	(96.0, 0.0)	(97.0, 0.0)	(98.0, 0.0)	(99.0, 0.0)	(100.0, 0.0)
2518R_R_M_S5_week10_S62_L001_R2_001	(0.0, 0.0)	(1.0, 0.0)	(2.0, 0.0)	(3.0, 0.0)	(4.0, 0.0)	(5.0, 0.0)	(6.0, 0.0)	(7.0, 0.0)	(8.0, 0.0)	(9.0, 0.0)	(10.0, 0.0)	(11.0, 0.0)	(12.0, 0.0)	(13.0, 0.0)	(14.0, 0.0)	(15.0, 0.0)	(16.0, 0.0)	(17.0, 0.0)	(18.0, 0.0)	(19.0, 0.0)	(20.0, 0.0)	(21.0, 0.0)	(22.0, 0.0)	(23.0, 0.0)	(24.0, 0.0)	(25.0, 0.0)	(26.0, 0.0)	(27.0, 0.0)	(28.0, 0.0)	(29.0, 0.0)	(30.0, 0.0)	(31.0, 0.0)	(32.0, 0.0)	(33.0, 0.0009042817742009636)	(34.0, 0.0018085635484019272)	(35.0, 0.0036171270968038544)	(36.0, 0.0036171270968038544)	(37.0, 0.002712845322602891)	(38.0, 0.006329972419406746)	(39.0, 0.009042817742009636)	(40.0, 0.007234254193607709)	(41.0, 0.010851381290411565)	(42.0, 0.02471703516149301)	(43.0, 0.0587783153230626)	(44.0, 0.11725520338805849)	(45.0, 1.934409428644959)	(46.0, 16.667420234812084)	(47.0, 3.034468206960188)	(48.0, 3.270787177284673)	(49.0, 1.3127157088817498)	(50.0, 0.7291525372640382)	(51.0, 1.972238549532349)	(52.0, 2.892797395668744)	(53.0, 14.177932510434243)	(54.0, 13.155792678330108)	(55.0, 3.8728881252735325)	(56.0, 17.000045214090044)	(57.0, 16.45958614037504)	(58.0, 1.4450422751731635)	(59.0, 0.45153803258434894)	(60.0, 0.4037618121807316)	(61.0, 0.3351871109704915)	(62.0, 0.14950792000122598)	(63.0, 0.11951590782356071)	(64.0, 0.11740591701709187)	(65.0, 0.06420400596826842)	(66.0, 0.031499148468000226)	(67.0, 0.03210200298413421)	(68.0, 0.026827025967961927)	(69.0, 0.017482780967885296)	(70.0, 0.011454235806545539)	(71.0, 0.010851381290411563)	(72.0, 0.04129553435517731)	(73.0, 0.006329972419406746)	(74.0, 0.0015071362903349393)	(75.0, 0.0)	(76.0, 0.0)	(77.0, 0.0018085635484019272)	(78.0, 0.002712845322602891)	(79.0, 0.0009042817742009636)	(80.0, 0.0)	(81.0, 0.0)	(82.0, 0.0)	(83.0, 0.0)	(84.0, 0.0)	(85.0, 0.0)	(86.0, 0.0)	(87.0, 0.0006028545161339757)	(88.0, 0.0)	(89.0, 0.0)	(90.0, 0.0)	(91.0, 0.0)	(92.0, 0.0004521408871004818)	(93.0, 0.0)	(94.0, 0.0)	(95.0, 0.0)	(96.0, 0.0)	(97.0, 0.0)	(98.0, 0.0)	(99.0, 0.0)	(100.0, 0.0009042817742009636)
3752R_0_F_S5_week10_S59_L001_R1_001	(0.0, 0.0)	(1.0, 0.0)	(2.0, 0.0)	(3.0, 0.0)	(4.0, 0.0)	(5.0, 0.0)	(6.0, 0.0)	(7.0, 0.0)	(8.0, 0.0)	(9.0, 0.0)	(10.0, 0.0)	(11.0, 0.0)	(12.0, 0.0)	(13.0, 0.0)	(14.0, 0.0)	(15.0, 0.0)	(16.0, 0.0)	(17.0, 0.0)	(18.0, 0.0)	(19.0, 0.0)	(20.0, 0.0)	(21.0, 0.0)	(22.0, 0.0)	(23.0, 0.0)	(24.0, 0.0)	(25.0, 0.0)	(26.0, 0.0)	(27.0, 0.0)	(28.0, 0.0)	(29.0, 0.0)	(30.0, 0.0)	(31.0, 0.0)	(32.0, 0.0)	(33.0, 0.0)	(34.0, 0.0)	(35.0, 0.0)	(36.0, 0.0)	(37.0, 0.0011908589665724167)	(38.0, 0.0011908589665724167)	(39.0, 0.0)	(40.0, 0.0017862884498586254)	(41.0, 0.008633727507650023)	(42.0, 0.014885737082155208)	(43.0, 0.02441260881473455)	(44.0, 0.10330701535015718)	(45.0, 0.19113286413487274)	(46.0, 0.953878032224492)	(47.0, 14.832148428654543)	(48.0, 8.196384552176813)	(49.0, 9.015695521177918)	(50.0, 8.4610529574973)	(51.0, 20.573577221252144)	(52.0, 25.07547068701638)	(53.0, 8.753557691161406)	(54.0, 2.940230788467138)	(55.0, 0.44389267978987224)	(56.0, 0.14885737082155204)	(57.0, 0.050760363450149226)	(58.0, 0.06921867743202173)	(59.0, 0.0535886534957587)	(60.0, 0.008633727507650022)	(61.0, 0.014588022340512102)	(62.0, 0.047932073404539734)	(63.0, 0.009526871732579333)	(64.0, 0.0023817179331448333)	(65.0, 0.001488573708215521)	(66.0, 0.0005954294832862083)	(67.0, 0.0)	(68.0, 0.0)	(69.0, 0.0)	(70.0, 0.0)	(71.0, 0.0)	(72.0, 0.0)	(73.0, 0.0)	(74.0, 0.0)	(75.0, 0.0)	(76.0, 0.0)	(77.0, 0.0)	(78.0, 0.0)	(79.0, 0.0)	(80.0, 0.0)	(81.0, 0.0)	(82.0, 0.0)	(83.0, 0.0)	(84.0, 0.0)	(85.0, 0.0)	(86.0, 0.0)	(87.0, 0.0)	(88.0, 0.0)	(89.0, 0.0)	(90.0, 0.0)	(91.0, 0.0)	(92.0, 0.0)	(93.0, 0.0)	(94.0, 0.0)	(95.0, 0.0)	(96.0, 0.0)	(97.0, 0.0)	(98.0, 0.0)	(99.0, 0.0)	(100.0, 0.0)
3752R_0_F_S5_week10_S59_L001_R2_001	(0.0, 0.0)	(1.0, 0.0)	(2.0, 0.0)	(3.0, 0.0)	(4.0, 0.0)	(5.0, 0.0)	(6.0, 0.0)	(7.0, 0.0)	(8.0, 0.0)	(9.0, 0.0)	(10.0, 0.0)	(11.0, 0.0)	(12.0, 0.0)	(13.0, 0.0)	(14.0, 0.0)	(15.0, 0.0)	(16.0, 0.0)	(17.0, 0.0)	(18.0, 0.0)	(19.0, 0.0)	(20.0, 0.0)	(21.0, 0.0)	(22.0, 0.0)	(23.0, 0.0)	(24.0, 0.0)	(25.0, 0.0)	(26.0, 0.0)	(27.0, 0.0)	(28.0, 0.0)	(29.0, 0.0)	(30.0, 0.0)	(31.0, 0.00179227529348521)	(32.0, 0.003285838038056218)	(33.0, 0.0020909878423994114)	(34.0, 0.00179227529348521)	(35.0, 0.004181975684798823)	(36.0, 0.00179227529348521)	(37.0, 0.00179227529348521)	(38.0, 0.006272963527198234)	(39.0, 0.00716910117394084)	(40.0, 0.008662663918511847)	(41.0, 0.025987991755535546)	(42.0, 0.029871254891420167)	(43.0, 0.03315709292947638)	(44.0, 0.08304208859814816)	(45.0, 1.517758461033105)	(46.0, 13.905069151951476)	(47.0, 2.4422737999224577)	(48.0, 2.8903426232936713)	(49.0, 1.1001583176510055)	(50.0, 0.6482062311438139)	(51.0, 2.1994204976552636)	(52.0, 3.0577710069600474)	(53.0, 14.087582519338065)	(54.0, 12.582668697909726)	(55.0, 3.3543925680318423)	(56.0, 19.889028288083725)	(57.0, 18.534814947579004)	(58.0, 1.601248618454613)	(59.0, 0.5143830092302555)	(60.0, 0.44986109866478885)	(61.0, 0.3721958359470961)	(62.0, 0.18639663052246178)	(63.0, 0.11829016937002389)	(64.0, 0.08080174448129163)	(65.0, 0.04465752606267313)	(66.0, 0.03285838038056217)	(67.0, 0.0358455058697042)	(68.0, 0.030169967440334372)	(69.0, 0.01941631567942311)	(70.0, 0.01583176509245269)	(71.0, 0.01374077725005327)	(72.0, 0.0394300564566746)	(73.0, 0.008363951369597647)	(74.0, 0.004480688233713025)	(75.0, 0.004480688233713025)	(76.0, 0.00179227529348521)	(77.0, 0.0)	(78.0, 0.0)	(79.0, 0.0)	(80.0, 0.0)	(81.0, 0.0)	(82.0, 0.0)	(83.0, 0.0005974250978284032)	(84.0, 0.000896137646742605)	(85.0, 0.000896137646742605)	(86.0, 0.0)	(87.0, 0.0)	(88.0, 0.0)	(89.0, 0.0)	(90.0, 0.0005974250978284032)	(91.0, 0.0)	(92.0, 0.0)	(93.0, 0.0)	(94.0, 0.0005974250978284032)	(95.0, 0.000896137646742605)	(96.0, 0.000896137646742605)	(97.0, 0.0)	(98.0, 0.0)	(99.0, 0.0)	(100.0, 0.0)
3752R_L_F_S5_week10_S60_L001_R1_001	(0.0, 0.0)	(1.0, 0.0)	(2.0, 0.0)	(3.0, 0.0)	(4.0, 0.0)	(5.0, 0.0)	(6.0, 0.0)	(7.0, 0.0)	(8.0, 0.0)	(9.0, 0.0)	(10.0, 0.0)	(11.0, 0.0)	(12.0, 0.0)	(13.0, 0.0)	(14.0, 0.0)	(15.0, 0.0)	(16.0, 0.0)	(17.0, 0.0)	(18.0, 0.0)	(19.0, 0.0)	(20.0, 0.0)	(21.0, 0.0)	(22.0, 0.0)	(23.0, 0.0)	(24.0, 0.0)	(25.0, 0.0)	(26.0, 0.0)	(27.0, 0.0)	(28.0, 0.0)	(29.0, 0.0)	(30.0, 0.0)	(31.0, 0.0)	(32.0, 0.0)	(33.0, 0.0)	(34.0, 0.0)	(35.0, 0.0)	(36.0, 0.0)	(37.0, 0.0)	(38.0, 0.0)	(39.0, 0.0010071862740654279)	(40.0, 0.002685830064174474)	(41.0, 0.0033572875802180924)	(42.0, 0.011079049014719705)	(43.0, 0.026522571883722933)	(44.0, 0.10239727119665185)	(45.0, 0.1982478316118782)	(46.0, 1.011047154782659)	(47.0, 14.3095989887806)	(48.0, 8.865757177461845)	(49.0, 10.627325970800715)	(50.0, 9.953182624693518)	(51.0, 18.314003750087025)	(52.0, 24.678749544675938)	(53.0, 9.339470455030204)	(54.0, 1.6739435874967876)	(55.0, 0.4876460210266825)	(56.0, 0.1326128594186149)	(57.0, 0.04213395913173706)	(58.0, 0.06177409147601284)	(59.0, 0.04616270422799876)	(60.0, 0.007050303918457995)	(61.0, 0.016450709143068648)	(62.0, 0.0705030391845799)	(63.0, 0.008057490192523423)	(64.0, 0.004700202612305329)	(65.0, 0.0040287450962617115)	(66.0, 0.0)	(67.0, 0.0005035931370327139)	(68.0, 0.0)	(69.0, 0.0)	(70.0, 0.0)	(71.0, 0.0)	(72.0, 0.0)	(73.0, 0.0)	(74.0, 0.0)	(75.0, 0.0)	(76.0, 0.0)	(77.0, 0.0)	(78.0, 0.0)	(79.0, 0.0)	(80.0, 0.0)	(81.0, 0.0)	(82.0, 0.0)	(83.0, 0.0)	(84.0, 0.0)	(85.0, 0.0)	(86.0, 0.0)	(87.0, 0.0)	(88.0, 0.0)	(89.0, 0.0)	(90.0, 0.0)	(91.0, 0.0)	(92.0, 0.0)	(93.0, 0.0)	(94.0, 0.0)	(95.0, 0.0)	(96.0, 0.0)	(97.0, 0.0)	(98.0, 0.0)	(99.0, 0.0)	(100.0, 0.0)
3752R_L_F_S5_week10_S60_L001_R2_001	(0.0, 0.0)	(1.0, 0.0)	(2.0, 0.0)	(3.0, 0.0)	(4.0, 0.0)	(5.0, 0.0)	(6.0, 0.0)	(7.0, 0.0)	(8.0, 0.0)	(9.0, 0.0)	(10.0, 0.0)	(11.0, 0.0)	(12.0, 0.0)	(13.0, 0.0)	(14.0, 0.0)	(15.0, 0.0)	(16.0, 0.0)	(17.0, 0.0)	(18.0, 0.0)	(19.0, 0.0)	(20.0, 0.0)	(21.0, 0.0)	(22.0, 0.0)	(23.0, 0.0)	(24.0, 0.0)	(25.0, 0.0)	(26.0, 0.0)	(27.0, 0.0)	(28.0, 0.0)	(29.0, 0.0)	(30.0, 0.0)	(31.0, 0.0)	(32.0, 0.0)	(33.0, 0.0)	(34.0, 0.0)	(35.0, 0.0010025615447470514)	(36.0, 0.0010025615447470514)	(37.0, 0.0)	(38.0, 0.002005123089494103)	(39.0, 0.0046786205421529056)	(40.0, 0.005681182086899958)	(41.0, 0.00668374363164701)	(42.0, 0.010693989810635216)	(43.0, 0.03174778225032329)	(44.0, 0.08120748512451119)	(45.0, 1.5365926609156815)	(46.0, 13.147592097809849)	(47.0, 2.50506711314129)	(48.0, 3.3405350670969938)	(49.0, 1.2207857743203283)	(50.0, 0.6977828351439439)	(51.0, 2.366713619966224)	(52.0, 3.421909645812277)	(53.0, 17.348659157480476)	(54.0, 15.698275761235228)	(55.0, 3.3904960507435975)	(56.0, 16.217769735004868)	(57.0, 15.895446198368878)	(58.0, 1.4172878370907642)	(59.0, 0.4168985090239831)	(60.0, 0.3848165395920777)	(61.0, 0.31480432505057465)	(62.0, 0.12949753286316082)	(63.0, 0.09407369161543164)	(64.0, 0.08187585948767591)	(65.0, 0.030411033523993897)	(66.0, 0.019048669350193975)	(67.0, 0.03575802842931149)	(68.0, 0.02673497452658804)	(69.0, 0.011696551355382265)	(70.0, 0.01470423598962342)	(71.0, 0.01804610780544692)	(72.0, 0.05781438241374657)	(73.0, 0.008020492357976411)	(74.0, 0.0010025615447470514)	(75.0, 0.0)	(76.0, 0.0)	(77.0, 0.0)	(78.0, 0.0)	(79.0, 0.0)	(80.0, 0.0)	(81.0, 0.0)	(82.0, 0.0010025615447470514)	(83.0, 0.002005123089494103)	(84.0, 0.0010025615447470514)	(85.0, 0.0)	(86.0, 0.0)	(87.0, 0.0006683743631647008)	(88.0, 0.0)	(89.0, 0.0)	(90.0, 0.0)	(91.0, 0.0)	(92.0, 0.0005012807723735257)	(93.0, 0.0)	(94.0, 0.0)	(95.0, 0.0)	(96.0, 0.0)	(97.0, 0.0)	(98.0, 0.0)	(99.0, 0.0)	(100.0, 0.0)
3795R_R_F_S2_week10_S51_L001_R1_001	(0.0, 0.0)	(1.0, 0.0)	(2.0, 0.0)	(3.0, 0.0)	(4.0, 0.0)	(5.0, 0.0)	(6.0, 0.0)	(7.0, 0.0)	(8.0, 0.0)	(9.0, 0.0)	(10.0, 0.0)	(11.0, 0.0)	(12.0, 0.0)	(13.0, 0.0)	(14.0, 0.0)	(15.0, 0.0)	(16.0, 0.0)	(17.0, 0.0)	(18.0, 0.0)	(19.0, 0.0)	(20.0, 0.0)	(21.0, 0.0)	(22.0, 0.0)	(23.0, 0.0)	(24.0, 0.0)	(25.0, 0.0)	(26.0, 0.0)	(27.0, 0.0)	(28.0, 0.0)	(29.0, 0.0)	(30.0, 0.0)	(31.0, 0.0)	(32.0, 0.0)	(33.0, 0.0)	(34.0, 0.0006500217757294703)	(35.0, 0.001950065327188411)	(36.0, 0.0017333914019452541)	(37.0, 0.0006500217757294703)	(38.0, 0.0006500217757294703)	(39.0, 0.0017333914019452541)	(40.0, 0.004333478504863136)	(41.0, 0.0080169352339968)	(42.0, 0.023075773038396204)	(43.0, 0.06294377528313705)	(44.0, 0.16207209608188125)	(45.0, 0.24159142664612007)	(46.0, 0.5591270640899589)	(47.0, 24.55435590425913)	(48.0, 26.634967271398992)	(49.0, 6.127321931951461)	(50.0, 6.275851907705514)	(51.0, 11.279827874230786)	(52.0, 15.715684808779304)	(53.0, 6.50628462720141)	(54.0, 1.3443533691712202)	(55.0, 0.23747462206650088)	(56.0, 0.0689023082273239)	(57.0, 0.030442686496663526)	(58.0, 0.04810161140398077)	(59.0, 0.04463482860009026)	(60.0, 0.007800261308753644)	(61.0, 0.008666957009726268)	(62.0, 0.040518024020470264)	(63.0, 0.005633522056322076)	(64.0, 0.0006500217757294703)	(65.0, 0.0)	(66.0, 0.0)	(67.0, 0.0)	(68.0, 0.0)	(69.0, 0.0)	(70.0, 0.0)	(71.0, 0.0)	(72.0, 0.0)	(73.0, 0.0)	(74.0, 0.0)	(75.0, 0.0)	(76.0, 0.0)	(77.0, 0.0)	(78.0, 0.0)	(79.0, 0.0)	(80.0, 0.0)	(81.0, 0.0)	(82.0, 0.0)	(83.0, 0.0)	(84.0, 0.0)	(85.0, 0.0)	(86.0, 0.0)	(87.0, 0.0)	(88.0, 0.0)	(89.0, 0.0)	(90.0, 0.0)	(91.0, 0.0)	(92.0, 0.0)	(93.0, 0.0)	(94.0, 0.0)	(95.0, 0.0)	(96.0, 0.0)	(97.0, 0.0)	(98.0, 0.0)	(99.0, 0.0)	(100.0, 0.0)
3795R_R_F_S2_week10_S51_L001_R2_001	(0.0, 0.0)	(1.0, 0.0)	(2.0, 0.0)	(3.0, 0.0)	(4.0, 0.0)	(5.0, 0.0)	(6.0, 0.0)	(7.0, 0.0)	(8.0, 0.0)	(9.0, 0.0)	(10.0, 0.0)	(11.0, 0.0)	(12.0, 0.0)	(13.0, 0.0)	(14.0, 0.0)	(15.0, 0.0)	(16.0, 0.0)	(17.0, 0.0)	(18.0, 0.0)	(19.0, 0.0)	(20.0, 0.0)	(21.0, 0.0)	(22.0, 0.0)	(23.0, 0.0)	(24.0, 0.0)	(25.0, 0.0)	(26.0, 0.0)	(27.0, 0.0)	(28.0, 0.0007003904676857783)	(29.0, 0.0007003904676857783)	(30.0, 0.0)	(31.0, 0.0)	(32.0, 0.0007003904676857783)	(33.0, 0.0014007809353715566)	(34.0, 0.0014007809353715566)	(35.0, 0.002801561870743113)	(36.0, 0.002801561870743113)	(37.0, 0.0035019523384288917)	(38.0, 0.010272393526058082)	(39.0, 0.013073955396801194)	(40.0, 0.01774322518137305)	(41.0, 0.024280202879773647)	(42.0, 0.027782155218202546)	(43.0, 0.04085611061500373)	(44.0, 0.11112862087281015)	(45.0, 3.885766314720899)	(46.0, 25.817326492860914)	(47.0, 11.74764931448995)	(48.0, 2.3894988122545233)	(49.0, 1.0620254125008832)	(50.0, 0.7112465199348992)	(51.0, 4.932383136933123)	(52.0, 5.536820110546208)	(53.0, 9.94437732368925)	(54.0, 8.153245434329039)	(55.0, 1.552065276391699)	(56.0, 11.287492777220514)	(57.0, 10.885702112258395)	(58.0, 0.7864217634665105)	(59.0, 0.23918334471469352)	(60.0, 0.21980587510872043)	(61.0, 0.19821050235507526)	(62.0, 0.10132315432520927)	(63.0, 0.06735421664244903)	(64.0, 0.05673162788254806)	(65.0, 0.0319844980243172)	(66.0, 0.01984439658443039)	(67.0, 0.020544787052116164)	(68.0, 0.0193774696059732)	(69.0, 0.008171222123000747)	(70.0, 0.006303514209172005)	(71.0, 0.012373564929115417)	(72.0, 0.035953377341203255)	(73.0, 0.004435806295343263)	(74.0, 0.002334634892285928)	(75.0, 0.001167317446142964)	(76.0, 0.0)	(77.0, 0.0)	(78.0, 0.0007003904676857783)	(79.0, 0.0014007809353715566)	(80.0, 0.0007003904676857783)	(81.0, 0.0)	(82.0, 0.0)	(83.0, 0.0)	(84.0, 0.0)	(85.0, 0.0)	(86.0, 0.0)	(87.0, 0.0)	(88.0, 0.0)	(89.0, 0.0)	(90.0, 0.0)	(91.0, 0.00046692697845718555)	(92.0, 0.00046692697845718555)	(93.0, 0.0)	(94.0, 0.0)	(95.0, 0.0)	(96.0, 0.0)	(97.0, 0.0)	(98.0, 0.0)	(99.0, 0.0)	(100.0, 0.0)
3874R_0_F_NS1_week10_S75_L001_R1_001	(0.0, 0.0)	(1.0, 0.0)	(2.0, 0.0)	(3.0, 0.0)	(4.0, 0.0)	(5.0, 0.0)	(6.0, 0.0)	(7.0, 0.0)	(8.0, 0.0)	(9.0, 0.0)	(10.0, 0.0)	(11.0, 0.0)	(12.0, 0.0)	(13.0, 0.0)	(14.0, 0.0)	(15.0, 0.0)	(16.0, 0.0)	(17.0, 0.0)	(18.0, 0.0)	(19.0, 0.0)	(20.0, 0.0)	(21.0, 0.0)	(22.0, 0.0)	(23.0, 0.0)	(24.0, 0.0)	(25.0, 0.0)	(26.0, 0.0)	(27.0, 0.0)	(28.0, 0.0)	(29.0, 0.0)	(30.0, 0.0)	(31.0, 0.0)	(32.0, 0.0)	(33.0, 0.0)	(34.0, 0.0)	(35.0, 0.0)	(36.0, 0.0)	(37.0, 0.0011556451822594298)	(38.0, 0.0008667338866945724)	(39.0, 0.0017334677733891449)	(40.0, 0.005489314615732292)	(41.0, 0.011556451822594299)	(42.0, 0.03163578686435189)	(43.0, 0.0784394167458588)	(44.0, 0.21263871353573507)	(45.0, 0.4274442617882085)	(46.0, 1.0408029422723968)	(47.0, 16.285640819694095)	(48.0, 25.114047733933187)	(49.0, 4.36978334541852)	(50.0, 1.830397513051218)	(51.0, 17.96118187832548)	(52.0, 20.77199987288106)	(53.0, 6.654638326394188)	(54.0, 3.879067509901394)	(55.0, 0.8496881202562291)	(56.0, 0.10169677603882998)	(57.0, 0.0336581659333059)	(58.0, 0.031057964273222178)	(59.0, 0.045359073403682594)	(60.0, 0.013289919595983439)	(61.0, 0.03438044417221803)	(62.0, 0.17536915640786788)	(63.0, 0.0265798391919669)	(64.0, 0.005200403320167434)	(65.0, 0.004333669433472862)	(66.0, 0.0008667338866945724)	(67.0, 0.0)	(68.0, 0.0)	(69.0, 0.0)	(70.0, 0.0)	(71.0, 0.0)	(72.0, 0.0)	(73.0, 0.0)	(74.0, 0.0)	(75.0, 0.0)	(76.0, 0.0)	(77.0, 0.0)	(78.0, 0.0)	(79.0, 0.0)	(80.0, 0.0)	(81.0, 0.0)	(82.0, 0.0)	(83.0, 0.0)	(84.0, 0.0)	(85.0, 0.0)	(86.0, 0.0)	(87.0, 0.0)	(88.0, 0.0)	(89.0, 0.0)	(90.0, 0.0)	(91.0, 0.0)	(92.0, 0.0)	(93.0, 0.0)	(94.0, 0.0)	(95.0, 0.0)	(96.0, 0.0)	(97.0, 0.0)	(98.0, 0.0)	(99.0, 0.0)	(100.0, 0.0)
3874R_0_F_NS1_week10_S75_L001_R2_001	(0.0, 0.0)	(1.0, 0.0)	(2.0, 0.0)	(3.0, 0.0)	(4.0, 0.0)	(5.0, 0.0)	(6.0, 0.0)	(7.0, 0.0)	(8.0, 0.0)	(9.0, 0.0)	(10.0, 0.0)	(11.0, 0.0)	(12.0, 0.0)	(13.0, 0.0)	(14.0, 0.0)	(15.0, 0.0)	(16.0, 0.0)	(17.0, 0.0)	(18.0, 0.0)	(19.0, 0.0)	(20.0, 0.0)	(21.0, 0.0)	(22.0, 0.0)	(23.0, 0.0)	(24.0, 0.0)	(25.0, 0.0)	(26.0, 0.0)	(27.0, 0.0)	(28.0, 0.0)	(29.0, 0.0)	(30.0, 0.0)	(31.0, 0.0016927252311981348)	(32.0, 0.0025390878467972024)	(33.0, 0.0016927252311981348)	(34.0, 0.0025390878467972024)	(35.0, 0.005924538309193472)	(36.0, 0.006770900924792539)	(37.0, 0.007335142668525253)	(38.0, 0.008463626155990674)	(39.0, 0.009309988771589742)	(40.0, 0.011284834874654232)	(41.0, 0.018055735799446776)	(42.0, 0.03046905416156642)	(43.0, 0.04344661426741878)	(44.0, 0.08632898679110496)	(45.0, 0.9939118315851663)	(46.0, 10.201067545377935)	(47.0, 9.21928691128389)	(48.0, 9.80539302258575)	(49.0, 11.400504432116758)	(50.0, 1.9851435148876266)	(51.0, 3.8134278250173987)	(52.0, 4.014297885786325)	(53.0, 4.6991463022421955)	(54.0, 5.0379734693538145)	(55.0, 1.6039982169962033)	(56.0, 17.02585355669952)	(57.0, 16.721163015083366)	(58.0, 1.3094640267677105)	(59.0, 0.38678771532877493)	(60.0, 0.4085110224624851)	(61.0, 0.3623842599123356)	(62.0, 0.15347375429529747)	(63.0, 0.10240987648748717)	(64.0, 0.06432355878552914)	(65.0, 0.03526510898329447)	(66.0, 0.040907526420621586)	(67.0, 0.07447991017271793)	(68.0, 0.06037386657940016)	(69.0, 0.018055735799446776)	(70.0, 0.01749149405571406)	(71.0, 0.04401085601115147)	(72.0, 0.13513589762398434)	(73.0, 0.015798768824515926)	(74.0, 0.0005642417437327115)	(75.0, 0.0008463626155990674)	(76.0, 0.0008463626155990674)	(77.0, 0.0)	(78.0, 0.0016927252311981348)	(79.0, 0.004231813077995337)	(80.0, 0.0025390878467972024)	(81.0, 0.0)	(82.0, 0.0005642417437327115)	(83.0, 0.0005642417437327115)	(84.0, 0.0)	(85.0, 0.0)	(86.0, 0.0)	(87.0, 0.0)	(88.0, 0.0)	(89.0, 0.0)	(90.0, 0.0)	(91.0, 0.0)	(92.0, 0.0008463626155990674)	(93.0, 0.0008463626155990674)	(94.0, 0.0)	(95.0, 0.0)	(96.0, 0.0)	(97.0, 0.0)	(98.0, 0.0)	(99.0, 0.0)	(100.0, 0.0005642417437327115)
3874R_L_F_NS1_week10_S76_L001_R1_001	(0.0, 0.0)	(1.0, 0.0)	(2.0, 0.0)	(3.0, 0.0)	(4.0, 0.0)	(5.0, 0.0)	(6.0, 0.0)	(7.0, 0.0)	(8.0, 0.0)	(9.0, 0.0)	(10.0, 0.0)	(11.0, 0.0)	(12.0, 0.0)	(13.0, 0.0)	(14.0, 0.0)	(15.0, 0.0)	(16.0, 0.0)	(17.0, 0.0)	(18.0, 0.0)	(19.0, 0.0)	(20.0, 0.0)	(21.0, 0.0)	(22.0, 0.0)	(23.0, 0.0)	(24.0, 0.0)	(25.0, 0.0)	(26.0, 0.0)	(27.0, 0.0)	(28.0, 0.0)	(29.0, 0.0)	(30.0, 0.0)	(31.0, 0.0)	(32.0, 0.0)	(33.0, 0.0)	(34.0, 0.0)	(35.0, 0.0)	(36.0, 0.0)	(37.0, 0.0)	(38.0, 0.0)	(39.0, 0.0009696452552833078)	(40.0, 0.005333048904058193)	(41.0, 0.010181275180474732)	(42.0, 0.02618042189264931)	(43.0, 0.06949124329530372)	(44.0, 0.21089784302411935)	(45.0, 0.33371957536000557)	(46.0, 0.7805644305030542)	(47.0, 16.047144152305655)	(48.0, 26.186239764193907)	(49.0, 4.345141996466866)	(50.0, 1.8832126933028042)	(51.0, 16.03146822067855)	(52.0, 20.380327190632023)	(53.0, 8.528999665472856)	(54.0, 3.5775061693675023)	(55.0, 0.9394246448269601)	(56.0, 0.1315485396334356)	(57.0, 0.04977512310454311)	(58.0, 0.042502783689918305)	(59.0, 0.061087651082848325)	(60.0, 0.018100044765288415)	(61.0, 0.03587687444548239)	(62.0, 0.25404705688422535)	(63.0, 0.03102864816906587)	(64.0, 0.010989312893210822)	(65.0, 0.006787516786983154)	(66.0, 0.0009696452552833078)	(67.0, 0.0004848226276416539)	(68.0, 0.0)	(69.0, 0.0)	(70.0, 0.0)	(71.0, 0.0)	(72.0, 0.0)	(73.0, 0.0)	(74.0, 0.0)	(75.0, 0.0)	(76.0, 0.0)	(77.0, 0.0)	(78.0, 0.0)	(79.0, 0.0)	(80.0, 0.0)	(81.0, 0.0)	(82.0, 0.0)	(83.0, 0.0)	(84.0, 0.0)	(85.0, 0.0)	(86.0, 0.0)	(87.0, 0.0)	(88.0, 0.0)	(89.0, 0.0)	(90.0, 0.0)	(91.0, 0.0)	(92.0, 0.0)	(93.0, 0.0)	(94.0, 0.0)	(95.0, 0.0)	(96.0, 0.0)	(97.0, 0.0)	(98.0, 0.0)	(99.0, 0.0)	(100.0, 0.0)
3874R_L_F_NS1_week10_S76_L001_R2_001	(0.0, 0.0)	(1.0, 0.0)	(2.0, 0.0)	(3.0, 0.0)	(4.0, 0.0)	(5.0, 0.0)	(6.0, 0.0)	(7.0, 0.0)	(8.0, 0.0)	(9.0, 0.0)	(10.0, 0.0)	(11.0, 0.0)	(12.0, 0.0)	(13.0, 0.0)	(14.0, 0.0)	(15.0, 0.0)	(16.0, 0.0)	(17.0, 0.0)	(18.0, 0.0)	(19.0, 0.0)	(20.0, 0.0)	(21.0, 0.0)	(22.0, 0.0)	(23.0, 0.0)	(24.0, 0.0)	(25.0, 0.0)	(26.0, 0.0)	(27.0, 0.0)	(28.0, 0.0)	(29.0, 0.0009511203405011909)	(30.0, 0.0009511203405011909)	(31.0, 0.0009511203405011909)	(32.0, 0.004755601702505954)	(33.0, 0.005706722043007146)	(34.0, 0.002853361021503573)	(35.0, 0.0019022406810023818)	(36.0, 0.0019022406810023818)	(37.0, 0.004438561589005557)	(38.0, 0.007926002837509924)	(39.0, 0.011096403972513892)	(40.0, 0.012998644653516276)	(41.0, 0.01236456442651548)	(42.0, 0.01680312601552104)	(43.0, 0.032972171804041286)	(44.0, 0.08338154985060443)	(45.0, 0.9584122631116795)	(46.0, 10.380527396229066)	(47.0, 8.834322762689)	(48.0, 9.434796737658207)	(49.0, 12.132491063430773)	(50.0, 2.1769559393504996)	(51.0, 4.209658627058092)	(52.0, 4.565377634405686)	(53.0, 5.2362345145728)	(54.0, 5.568492553521336)	(55.0, 1.7091632518806774)	(56.0, 15.845030792518452)	(57.0, 15.09475536391964)	(58.0, 1.282110218995617)	(59.0, 0.39091045994599044)	(60.0, 0.5058375010898847)	(61.0, 0.4704875284345914)	(62.0, 0.1859440265679827)	(63.0, 0.12301156403815405)	(64.0, 0.07894298826159886)	(65.0, 0.04533673623055675)	(66.0, 0.043117455436053984)	(67.0, 0.09923355552562427)	(68.0, 0.08988087217736256)	(69.0, 0.03582553282554485)	(70.0, 0.022509848058528188)	(71.0, 0.04850713736556069)	(72.0, 0.18071286469522577)	(73.0, 0.032021051463540104)	(74.0, 0.004438561589005558)	(75.0, 0.0)	(76.0, 0.0009511203405011909)	(77.0, 0.0009511203405011909)	(78.0, 0.0009511203405011909)	(79.0, 0.0025363209080031756)	(80.0, 0.0009511203405011909)	(81.0, 0.0)	(82.0, 0.0)	(83.0, 0.0)	(84.0, 0.0)	(85.0, 0.0)	(86.0, 0.0006340802270007939)	(87.0, 0.0006340802270007939)	(88.0, 0.0)	(89.0, 0.0)	(90.0, 0.00047556017025059545)	(91.0, 0.00047556017025059545)	(92.0, 0.0)	(93.0, 0.0)	(94.0, 0.0)	(95.0, 0.0)	(96.0, 0.0)	(97.0, 0.0009511203405011909)	(98.0, 0.0022192807945027784)	(99.0, 0.0012681604540015878)	(100.0, 0.0)
3893R_RL_M_S5_week10_S64_L001_R1_001	(0.0, 0.0)	(1.0, 0.0)	(2.0, 0.0)	(3.0, 0.0)	(4.0, 0.0)	(5.0, 0.0)	(6.0, 0.0)	(7.0, 0.0)	(8.0, 0.0)	(9.0, 0.0)	(10.0, 0.0)	(11.0, 0.0)	(12.0, 0.0)	(13.0, 0.0)	(14.0, 0.0)	(15.0, 0.0)	(16.0, 0.0)	(17.0, 0.0)	(18.0, 0.0)	(19.0, 0.0)	(20.0, 0.0)	(21.0, 0.0)	(22.0, 0.0)	(23.0, 0.0)	(24.0, 0.0)	(25.0, 0.0)	(26.0, 0.0)	(27.0, 0.0)	(28.0, 0.0)	(29.0, 0.0)	(30.0, 0.0)	(31.0, 0.0)	(32.0, 0.0)	(33.0, 0.0)	(34.0, 0.0)	(35.0, 0.0009767119318384624)	(36.0, 0.0009767119318384624)	(37.0, 0.0009767119318384624)	(38.0, 0.001953423863676925)	(39.0, 0.001953423863676925)	(40.0, 0.002930135795515387)	(41.0, 0.00553470094708462)	(42.0, 0.005860271591030774)	(43.0, 0.03385934697040003)	(44.0, 0.15171592007890783)	(45.0, 0.2348992196071499)	(46.0, 1.5038108043873168)	(47.0, 18.5226906460273)	(48.0, 8.916891581719838)	(49.0, 8.81352290226703)	(50.0, 8.356096147523091)	(51.0, 17.8087142238521)	(52.0, 23.558291795951543)	(53.0, 9.182557227179666)	(54.0, 2.0507694862169)	(55.0, 0.48786760995331624)	(56.0, 0.14032094754079252)	(57.0, 0.04395203693273079)	(58.0, 0.054207512217034626)	(59.0, 0.04460317822062309)	(60.0, 0.005209130303138465)	(61.0, 0.01253446979192693)	(62.0, 0.049812308523761534)	(63.0, 0.0026045651515692325)	(64.0, 0.0)	(65.0, 0.0009767119318384624)	(66.0, 0.001953423863676925)	(67.0, 0.0009767119318384624)	(68.0, 0.0)	(69.0, 0.0)	(70.0, 0.0)	(71.0, 0.0)	(72.0, 0.0)	(73.0, 0.0)	(74.0, 0.0)	(75.0, 0.0)	(76.0, 0.0)	(77.0, 0.0)	(78.0, 0.0)	(79.0, 0.0)	(80.0, 0.0)	(81.0, 0.0)	(82.0, 0.0)	(83.0, 0.0)	(84.0, 0.0)	(85.0, 0.0)	(86.0, 0.0)	(87.0, 0.0)	(88.0, 0.0)	(89.0, 0.0)	(90.0, 0.0)	(91.0, 0.0)	(92.0, 0.0)	(93.0, 0.0)	(94.0, 0.0)	(95.0, 0.0)	(96.0, 0.0)	(97.0, 0.0)	(98.0, 0.0)	(99.0, 0.0)	(100.0, 0.0)
3893R_RL_M_S5_week10_S64_L001_R2_001	(0.0, 0.0)	(1.0, 0.0)	(2.0, 0.0)	(3.0, 0.0)	(4.0, 0.0)	(5.0, 0.0)	(6.0, 0.0)	(7.0, 0.0)	(8.0, 0.0)	(9.0, 0.0)	(10.0, 0.0)	(11.0, 0.0)	(12.0, 0.0)	(13.0, 0.0)	(14.0, 0.0)	(15.0, 0.0)	(16.0, 0.0)	(17.0, 0.0)	(18.0, 0.0)	(19.0, 0.0)	(20.0, 0.0)	(21.0, 0.0)	(22.0, 0.0)	(23.0, 0.000974535390252899)	(24.0, 0.001949070780505798)	(25.0, 0.000974535390252899)	(26.0, 0.0)	(27.0, 0.0)	(28.0, 0.0)	(29.0, 0.0)	(30.0, 0.000974535390252899)	(31.0, 0.003898141561011596)	(32.0, 0.004872676951264495)	(33.0, 0.002923606170758697)	(34.0, 0.001949070780505798)	(35.0, 0.001949070780505798)	(36.0, 0.001949070780505798)	(37.0, 0.001949070780505798)	(38.0, 0.002923606170758697)	(39.0, 0.005847212341517394)	(40.0, 0.007146592861854593)	(41.0, 0.011694424683034789)	(42.0, 0.032322090443387824)	(43.0, 0.051000685423235034)	(44.0, 0.11596971144009514)	(45.0, 2.108082471682126)	(46.0, 17.2793245820057)	(47.0, 3.360522870721873)	(48.0, 3.3676694635837423)	(49.0, 1.2800522350971917)	(50.0, 0.7435705027629569)	(51.0, 2.584305432385603)	(52.0, 3.717852513814542)	(53.0, 14.487930379190475)	(54.0, 13.093370235739824)	(55.0, 3.5737836986222384)	(56.0, 15.87453181695464)	(57.0, 15.088731447281296)	(58.0, 1.4635897335948327)	(59.0, 0.4414645317845644)	(60.0, 0.3716228288164395)	(61.0, 0.30470473201907317)	(62.0, 0.16047349426164403)	(63.0, 0.11759393709051653)	(64.0, 0.0761761830047683)	(65.0, 0.04547831821180195)	(66.0, 0.04385409256138046)	(67.0, 0.03963110587028456)	(68.0, 0.026637300666912573)	(69.0, 0.012668960073287688)	(70.0, 0.008445973382191791)	(71.0, 0.012019269813119087)	(72.0, 0.04482862795163333)	(73.0, 0.00942050877244469)	(74.0, 0.002923606170758697)	(75.0, 0.000974535390252899)	(76.0, 0.0)	(77.0, 0.0)	(78.0, 0.0)	(79.0, 0.0)	(80.0, 0.0)	(81.0, 0.0)	(82.0, 0.0)	(83.0, 0.0)	(84.0, 0.0)	(85.0, 0.0)	(86.0, 0.0)	(87.0, 0.0006496902601685993)	(88.0, 0.0012993805203371986)	(89.0, 0.0006496902601685993)	(90.0, 0.0006496902601685993)	(91.0, 0.0)	(92.0, 0.0)	(93.0, 0.000974535390252899)	(94.0, 0.000974535390252899)	(95.0, 0.0)	(96.0, 0.0)	(97.0, 0.0006496902601685993)	(98.0, 0.0006496902601685993)	(99.0, 0.0)	(100.0, 0.0)
3893R_R_M_S5_week10_S63_L001_R1_001	(0.0, 0.0)	(1.0, 0.0)	(2.0, 0.0)	(3.0, 0.0)	(4.0, 0.0)	(5.0, 0.0)	(6.0, 0.0)	(7.0, 0.0)	(8.0, 0.0)	(9.0, 0.0)	(10.0, 0.0)	(11.0, 0.0)	(12.0, 0.0)	(13.0, 0.0)	(14.0, 0.0)	(15.0, 0.0)	(16.0, 0.0)	(17.0, 0.0)	(18.0, 0.0)	(19.0, 0.0)	(20.0, 0.0)	(21.0, 0.0)	(22.0, 0.0)	(23.0, 0.0)	(24.0, 0.0)	(25.0, 0.0)	(26.0, 0.0)	(27.0, 0.0)	(28.0, 0.0)	(29.0, 0.0)	(30.0, 0.0)	(31.0, 0.0)	(32.0, 0.0)	(33.0, 0.0008231367271258169)	(34.0, 0.0008231367271258169)	(35.0, 0.0008231367271258169)	(36.0, 0.001371894545209695)	(37.0, 0.0)	(38.0, 0.000548757818083878)	(39.0, 0.0008231367271258169)	(40.0, 0.0049388203627549025)	(41.0, 0.013718945452096952)	(42.0, 0.023322207268564814)	(43.0, 0.04870225635494417)	(44.0, 0.16833146069722954)	(45.0, 0.2565442799542129)	(46.0, 1.162269058701668)	(47.0, 16.712968107563523)	(48.0, 7.805394014970806)	(49.0, 8.085123312738826)	(50.0, 7.387789315409352)	(51.0, 21.020305411166156)	(52.0, 26.838784556319933)	(53.0, 8.349624581055027)	(54.0, 1.320311310309841)	(55.0, 0.44572853773863264)	(56.0, 0.11194659488911123)	(57.0, 0.03813866835682951)	(58.0, 0.05144604544536352)	(59.0, 0.045821277810003794)	(60.0, 0.010426398543593682)	(61.0, 0.014953650542785676)	(62.0, 0.06365590689772986)	(63.0, 0.010975156361677557)	(64.0, 0.002195031272335512)	(65.0, 0.001371894545209695)	(66.0, 0.0)	(67.0, 0.0)	(68.0, 0.0)	(69.0, 0.0)	(70.0, 0.0)	(71.0, 0.0)	(72.0, 0.0)	(73.0, 0.0)	(74.0, 0.0)	(75.0, 0.0)	(76.0, 0.0)	(77.0, 0.0)	(78.0, 0.0)	(79.0, 0.0)	(80.0, 0.0)	(81.0, 0.0)	(82.0, 0.0)	(83.0, 0.0)	(84.0, 0.0)	(85.0, 0.0)	(86.0, 0.0)	(87.0, 0.0)	(88.0, 0.0)	(89.0, 0.0)	(90.0, 0.0)	(91.0, 0.0)	(92.0, 0.0)	(93.0, 0.0)	(94.0, 0.0)	(95.0, 0.0)	(96.0, 0.0)	(97.0, 0.0)	(98.0, 0.0)	(99.0, 0.0)	(100.0, 0.0)
3893R_R_M_S5_week10_S63_L001_R2_001	(0.0, 0.0)	(1.0, 0.0)	(2.0, 0.0)	(3.0, 0.0)	(4.0, 0.0)	(5.0, 0.0)	(6.0, 0.0)	(7.0, 0.0)	(8.0, 0.0)	(9.0, 0.0)	(10.0, 0.0)	(11.0, 0.0)	(12.0, 0.0)	(13.0, 0.0)	(14.0, 0.0)	(15.0, 0.0)	(16.0, 0.0)	(17.0, 0.0)	(18.0, 0.0)	(19.0, 0.0)	(20.0, 0.0)	(21.0, 0.0)	(22.0, 0.0)	(23.0, 0.0)	(24.0, 0.0)	(25.0, 0.0)	(26.0, 0.0)	(27.0, 0.0)	(28.0, 0.0)	(29.0, 0.0008245416579059254)	(30.0, 0.0016490833158118508)	(31.0, 0.0008245416579059254)	(32.0, 0.0008245416579059254)	(33.0, 0.0030233194123217262)	(34.0, 0.0030233194123217262)	(35.0, 0.004122708289529627)	(36.0, 0.004122708289529627)	(37.0, 0.002198777754415801)	(38.0, 0.005496944386039503)	(39.0, 0.008795111017663206)	(40.0, 0.01071904155277703)	(41.0, 0.017315374816024437)	(42.0, 0.025011096956479743)	(43.0, 0.03573013850925676)	(44.0, 0.0988075753390602)	(45.0, 1.7432184884228394)	(46.0, 15.688279277755813)	(47.0, 2.9107694760173746)	(48.0, 3.43985037317363)	(49.0, 1.2130382023892876)	(50.0, 0.6368210071226718)	(51.0, 2.3797646483260753)	(52.0, 3.369077214203338)	(53.0, 12.989279584207116)	(54.0, 11.837120040894346)	(55.0, 3.552262885868239)	(56.0, 18.42726924171429)	(57.0, 18.381782026919783)	(58.0, 1.5568720737360757)	(59.0, 0.4323346759620079)	(60.0, 0.3846486834131153)	(61.0, 0.3105773578112329)	(62.0, 0.12368124868588873)	(63.0, 0.08877565183453798)	(64.0, 0.07173512423781556)	(65.0, 0.042051624553202174)	(66.0, 0.026935027491593568)	(67.0, 0.03188227743902911)	(68.0, 0.02720987471089554)	(69.0, 0.01401720818440073)	(70.0, 0.011543583210682955)	(71.0, 0.021712930324856043)	(72.0, 0.049747346693657435)	(73.0, 0.007146027701851352)	(74.0, 0.0)	(75.0, 0.0008245416579059254)	(76.0, 0.0008245416579059254)	(77.0, 0.0016490833158118508)	(78.0, 0.002198777754415801)	(79.0, 0.0005496944386039502)	(80.0, 0.0)	(81.0, 0.0)	(82.0, 0.0008245416579059254)	(83.0, 0.0008245416579059254)	(84.0, 0.0)	(85.0, 0.0)	(86.0, 0.0)	(87.0, 0.0)	(88.0, 0.0)	(89.0, 0.0)	(90.0, 0.0)	(91.0, 0.0004122708289529627)	(92.0, 0.0)	(93.0, 0.0)	(94.0, 0.0)	(95.0, 0.0)	(96.0, 0.0)	(97.0, 0.0)	(98.0, 0.0)	(99.0, 0.0)	(100.0, 0.0)
3894R_0_M_NS6_week10_S71_L001_R1_001	(0.0, 0.0)	(1.0, 0.0)	(2.0, 0.0)	(3.0, 0.0)	(4.0, 0.0)	(5.0, 0.0)	(6.0, 0.0)	(7.0, 0.0)	(8.0, 0.0)	(9.0, 0.0)	(10.0, 0.0)	(11.0, 0.0)	(12.0, 0.0)	(13.0, 0.0)	(14.0, 0.0)	(15.0, 0.0)	(16.0, 0.0)	(17.0, 0.0)	(18.0, 0.0)	(19.0, 0.0)	(20.0, 0.0)	(21.0, 0.0)	(22.0, 0.0)	(23.0, 0.0)	(24.0, 0.0)	(25.0, 0.0)	(26.0, 0.0)	(27.0, 0.0)	(28.0, 0.0)	(29.0, 0.0)	(30.0, 0.0)	(31.0, 0.0)	(32.0, 0.0)	(33.0, 0.0)	(34.0, 0.0)	(35.0, 0.001718727396944332)	(36.0, 0.001718727396944332)	(37.0, 0.0)	(38.0, 0.000859363698472166)	(39.0, 0.006015545889305162)	(40.0, 0.02291636529259109)	(41.0, 0.05815027692994989)	(42.0, 0.1594119660665868)	(43.0, 0.21555706103343497)	(44.0, 0.32355043247477067)	(45.0, 1.2997875939391728)	(46.0, 13.841054954870941)	(47.0, 14.710587790442617)	(48.0, 22.594820042089676)	(49.0, 4.936757993156742)	(50.0, 1.875990953764787)	(51.0, 6.344395731254789)	(52.0, 19.014137965115896)	(53.0, 12.195516699581308)	(54.0, 1.4818294707322164)	(55.0, 0.4745119888397169)	(56.0, 0.07863177841020322)	(57.0, 0.030507411295761903)	(58.0, 0.056001867683769406)	(59.0, 0.06015545889305157)	(60.0, 0.017473728535600707)	(61.0, 0.03122354771115537)	(62.0, 0.13492010066013)	(63.0, 0.018046637667915488)	(64.0, 0.006874909587777328)	(65.0, 0.006874909587777328)	(66.0, 0.0)	(67.0, 0.0)	(68.0, 0.0)	(69.0, 0.0)	(70.0, 0.0)	(71.0, 0.0)	(72.0, 0.0)	(73.0, 0.0)	(74.0, 0.0)	(75.0, 0.0)	(76.0, 0.0)	(77.0, 0.0)	(78.0, 0.0)	(79.0, 0.0)	(80.0, 0.0)	(81.0, 0.0)	(82.0, 0.0)	(83.0, 0.0)	(84.0, 0.0)	(85.0, 0.0)	(86.0, 0.0)	(87.0, 0.0)	(88.0, 0.0)	(89.0, 0.0)	(90.0, 0.0)	(91.0, 0.0)	(92.0, 0.0)	(93.0, 0.0)	(94.0, 0.0)	(95.0, 0.0)	(96.0, 0.0)	(97.0, 0.0)	(98.0, 0.0)	(99.0, 0.0)	(100.0, 0.0)
3894R_0_M_NS6_week10_S71_L001_R2_001	(0.0, 0.0)	(1.0, 0.0)	(2.0, 0.0)	(3.0, 0.0)	(4.0, 0.0)	(5.0, 0.0)	(6.0, 0.0)	(7.0, 0.0)	(8.0, 0.0)	(9.0, 0.0)	(10.0, 0.0)	(11.0, 0.0)	(12.0, 0.0)	(13.0, 0.0)	(14.0, 0.0)	(15.0, 0.0)	(16.0, 0.0)	(17.0, 0.0)	(18.0, 0.0)	(19.0, 0.0)	(20.0, 0.0)	(21.0, 0.0)	(22.0, 0.0)	(23.0, 0.0)	(24.0, 0.0)	(25.0, 0.0)	(26.0, 0.0)	(27.0, 0.0)	(28.0, 0.0)	(29.0, 0.0)	(30.0, 0.0)	(31.0, 0.0)	(32.0, 0.0008000277342946621)	(33.0, 0.0016000554685893242)	(34.0, 0.0024000832028839864)	(35.0, 0.0024000832028839864)	(36.0, 0.00400013867147331)	(37.0, 0.00933365690010439)	(38.0, 0.011200388280125269)	(39.0, 0.01653390650875635)	(40.0, 0.025334211585997635)	(41.0, 0.0232008042945452)	(42.0, 0.02986770208033405)	(43.0, 0.0434681735633433)	(44.0, 0.11947080832133618)	(45.0, 2.7880966540167154)	(46.0, 21.567947688860347)	(47.0, 17.39980319317764)	(48.0, 8.951376981066307)	(49.0, 6.545293570177154)	(50.0, 0.9896343073224977)	(51.0, 7.232384055980005)	(52.0, 6.482091379167892)	(53.0, 4.594559278054524)	(54.0, 9.062447498177447)	(55.0, 1.5676543453504352)	(56.0, 5.856469690949137)	(57.0, 5.3933869707480655)	(58.0, 0.40041388101448044)	(59.0, 0.13987151554584995)	(60.0, 0.1514719176931225)	(61.0, 0.12667105792998812)	(62.0, 0.0632021910092783)	(63.0, 0.059468728249236553)	(64.0, 0.05413521002060543)	(65.0, 0.025067535674566085)	(66.0, 0.020800721091661218)	(67.0, 0.040268062626164655)	(68.0, 0.038401331246143776)	(69.0, 0.01253376783728304)	(70.0, 0.00533351822863108)	(71.0, 0.023200804294545213)	(72.0, 0.10213687407828546)	(73.0, 0.012533767837283034)	(74.0, 0.000533351822863108)	(75.0, 0.0)	(76.0, 0.0)	(77.0, 0.0)	(78.0, 0.0)	(79.0, 0.0)	(80.0, 0.0)	(81.0, 0.0)	(82.0, 0.0)	(83.0, 0.0)	(84.0, 0.0)	(85.0, 0.0)	(86.0, 0.000533351822863108)	(87.0, 0.000533351822863108)	(88.0, 0.0)	(89.0, 0.0)	(90.0, 0.0)	(91.0, 0.000533351822863108)	(92.0, 0.0008000277342946621)	(93.0, 0.0008000277342946621)	(94.0, 0.0)	(95.0, 0.0)	(96.0, 0.0)	(97.0, 0.0)	(98.0, 0.0)	(99.0, 0.0)	(100.0, 0.0)
3896R_0_M_S2_week10_S52_L001_R1_001	(0.0, 0.0)	(1.0, 0.0)	(2.0, 0.0)	(3.0, 0.0)	(4.0, 0.0)	(5.0, 0.0)	(6.0, 0.0)	(7.0, 0.0)	(8.0, 0.0)	(9.0, 0.0)	(10.0, 0.0)	(11.0, 0.0)	(12.0, 0.0)	(13.0, 0.0)	(14.0, 0.0)	(15.0, 0.0)	(16.0, 0.0)	(17.0, 0.0)	(18.0, 0.0)	(19.0, 0.0)	(20.0, 0.0)	(21.0, 0.0)	(22.0, 0.0)	(23.0, 0.0)	(24.0, 0.0)	(25.0, 0.0)	(26.0, 0.0)	(27.0, 0.0)	(28.0, 0.0)	(29.0, 0.0)	(30.0, 0.0)	(31.0, 0.0)	(32.0, 0.0)	(33.0, 0.0)	(34.0, 0.0)	(35.0, 0.0)	(36.0, 0.0)	(37.0, 0.0004159739544840019)	(38.0, 0.0004159739544840019)	(39.0, 0.0008319479089680038)	(40.0, 0.0030504756662160138)	(41.0, 0.004853029468980022)	(42.0, 0.010676664831756048)	(43.0, 0.04007215761529218)	(44.0, 0.12950655782935258)	(45.0, 0.18039403826122868)	(46.0, 0.3655024480066121)	(47.0, 18.415166965010492)	(48.0, 19.82753719847105)	(49.0, 4.292573894305331)	(50.0, 4.709657112668145)	(51.0, 19.680421076568262)	(52.0, 23.806466731102464)	(53.0, 6.372859640680733)	(54.0, 1.3990590669145673)	(55.0, 0.4104276350908857)	(56.0, 0.10843054413549667)	(57.0, 0.04062678955460418)	(58.0, 0.08943440021406057)	(59.0, 0.07556860173126041)	(60.0, 0.008596795059336039)	(61.0, 0.0066555832717440306)	(62.0, 0.016638958179360074)	(63.0, 0.002495843726904011)	(64.0, 0.0)	(65.0, 0.0)	(66.0, 0.0)	(67.0, 0.0008319479089680038)	(68.0, 0.0008319479089680038)	(69.0, 0.0)	(70.0, 0.0)	(71.0, 0.0)	(72.0, 0.0)	(73.0, 0.0)	(74.0, 0.0)	(75.0, 0.0)	(76.0, 0.0)	(77.0, 0.0)	(78.0, 0.0)	(79.0, 0.0)	(80.0, 0.0)	(81.0, 0.0)	(82.0, 0.0)	(83.0, 0.0)	(84.0, 0.0)	(85.0, 0.0)	(86.0, 0.0)	(87.0, 0.0)	(88.0, 0.0)	(89.0, 0.0)	(90.0, 0.0)	(91.0, 0.0)	(92.0, 0.0)	(93.0, 0.0)	(94.0, 0.0)	(95.0, 0.0)	(96.0, 0.0)	(97.0, 0.0)	(98.0, 0.0)	(99.0, 0.0)	(100.0, 0.0)
3896R_0_M_S2_week10_S52_L001_R2_001	(0.0, 0.0)	(1.0, 0.0)	(2.0, 0.0)	(3.0, 0.0)	(4.0, 0.0)	(5.0, 0.0)	(6.0, 0.0)	(7.0, 0.0)	(8.0, 0.0)	(9.0, 0.0)	(10.0, 0.0)	(11.0, 0.0)	(12.0, 0.0)	(13.0, 0.0)	(14.0, 0.0)	(15.0, 0.0)	(16.0, 0.0)	(17.0, 0.0)	(18.0, 0.0)	(19.0, 0.0)	(20.0, 0.0)	(21.0, 0.0)	(22.0, 0.0)	(23.0, 0.0)	(24.0, 0.0)	(25.0, 0.0)	(26.0, 0.0)	(27.0, 0.0)	(28.0, 0.0)	(29.0, 0.0)	(30.0, 0.0008688084726201536)	(31.0, 0.0034752338904806145)	(32.0, 0.005212850835720921)	(33.0, 0.0034752338904806145)	(34.0, 0.0008688084726201536)	(35.0, 0.0008688084726201536)	(36.0, 0.0031856310662738965)	(37.0, 0.005792056484134357)	(38.0, 0.005792056484134357)	(39.0, 0.006950467780961229)	(40.0, 0.008688084726201535)	(41.0, 0.01216331861668215)	(42.0, 0.01650736097978292)	(43.0, 0.02056180051867697)	(44.0, 0.06602944391913168)	(45.0, 2.156093026219008)	(46.0, 18.562093017532266)	(47.0, 11.489123241926263)	(48.0, 2.3563533791579117)	(49.0, 1.0217187638013006)	(50.0, 0.6028082785862808)	(51.0, 3.7755520191827765)	(52.0, 4.559217261486494)	(53.0, 6.869958195832866)	(54.0, 5.981891135402571)	(55.0, 1.7021405992750234)	(56.0, 18.92308293790647)	(57.0, 18.904548357157235)	(58.0, 1.4077593284688816)	(59.0, 0.37445645169928715)	(60.0, 0.3559218709500575)	(61.0, 0.31132303602222267)	(62.0, 0.14610462481228906)	(63.0, 0.09860976164238747)	(64.0, 0.08919766985566921)	(65.0, 0.047205260345694985)	(66.0, 0.023168225936537435)	(67.0, 0.01882418357343666)	(68.0, 0.015638552507162763)	(69.0, 0.009846496023028407)	(70.0, 0.006805666368857871)	(71.0, 0.006950467780961229)	(72.0, 0.015348949682956043)	(73.0, 0.0031856310662738965)	(74.0, 0.0005792056484134356)	(75.0, 0.0)	(76.0, 0.0)	(77.0, 0.0)	(78.0, 0.0)	(79.0, 0.0)	(80.0, 0.0)	(81.0, 0.0)	(82.0, 0.0)	(83.0, 0.0008688084726201536)	(84.0, 0.0014480141210335893)	(85.0, 0.0)	(86.0, 0.0005792056484134356)	(87.0, 0.0)	(88.0, 0.0)	(89.0, 0.0)	(90.0, 0.0)	(91.0, 0.0)	(92.0, 0.0)	(93.0, 0.0)	(94.0, 0.0005792056484134356)	(95.0, 0.0005792056484134356)	(96.0, 0.0)	(97.0, 0.0)	(98.0, 0.0)	(99.0, 0.0)	(100.0, 0.0)
3896R_L_M_S2_week10_S53_L001_R1_001	(0.0, 0.0)	(1.0, 0.0)	(2.0, 0.0)	(3.0, 0.0)	(4.0, 0.0)	(5.0, 0.0)	(6.0, 0.0)	(7.0, 0.0)	(8.0, 0.0)	(9.0, 0.0)	(10.0, 0.0)	(11.0, 0.0)	(12.0, 0.0)	(13.0, 0.0)	(14.0, 0.0)	(15.0, 0.0)	(16.0, 0.0)	(17.0, 0.0)	(18.0, 0.0)	(19.0, 0.0)	(20.0, 0.0)	(21.0, 0.0)	(22.0, 0.0)	(23.0, 0.0)	(24.0, 0.0)	(25.0, 0.0)	(26.0, 0.0)	(27.0, 0.0)	(28.0, 0.00040775717244848834)	(29.0, 0.0)	(30.0, 0.0)	(31.0, 0.0)	(32.0, 0.0)	(33.0, 0.0)	(34.0, 0.0)	(35.0, 0.0006116357586727326)	(36.0, 0.0006116357586727326)	(37.0, 0.001019392931121221)	(38.0, 0.0013252108104575872)	(39.0, 0.0018349072760181977)	(40.0, 0.002854300207139418)	(41.0, 0.006218296879839449)	(42.0, 0.019776222863751688)	(43.0, 0.06106163657416115)	(44.0, 0.19062647811966832)	(45.0, 0.26514410138462985)	(46.0, 0.4807457063167637)	(47.0, 19.670715695394453)	(48.0, 21.082676844287352)	(49.0, 4.193476700753877)	(50.0, 4.422942049549369)	(51.0, 19.012901436940687)	(52.0, 22.7765001386322)	(53.0, 5.849786335239255)	(54.0, 1.3203177243882438)	(55.0, 0.329773613217717)	(56.0, 0.09480354259427352)	(57.0, 0.04026602077928821)	(58.0, 0.0722749588164947)	(59.0, 0.060348061522376366)	(60.0, 0.006116357586727326)	(61.0, 0.008766779207642498)	(62.0, 0.023649916002012324)	(63.0, 0.0016310286897939534)	(64.0, 0.00040775717244848834)	(65.0, 0.00040775717244848834)	(66.0, 0.0)	(67.0, 0.0)	(68.0, 0.0)	(69.0, 0.0)	(70.0, 0.0)	(71.0, 0.0)	(72.0, 0.0)	(73.0, 0.0)	(74.0, 0.0)	(75.0, 0.0)	(76.0, 0.0)	(77.0, 0.0)	(78.0, 0.0)	(79.0, 0.0)	(80.0, 0.0)	(81.0, 0.0)	(82.0, 0.0)	(83.0, 0.0)	(84.0, 0.0)	(85.0, 0.0)	(86.0, 0.0)	(87.0, 0.0)	(88.0, 0.0)	(89.0, 0.0)	(90.0, 0.0)	(91.0, 0.0)	(92.0, 0.0)	(93.0, 0.0)	(94.0, 0.0)	(95.0, 0.0)	(96.0, 0.0)	(97.0, 0.0)	(98.0, 0.0)	(99.0, 0.0)	(100.0, 0.0)
3896R_L_M_S2_week10_S53_L001_R2_001	(0.0, 0.0)	(1.0, 0.0)	(2.0, 0.0)	(3.0, 0.0)	(4.0, 0.0)	(5.0, 0.0)	(6.0, 0.0)	(7.0, 0.0)	(8.0, 0.0)	(9.0, 0.0)	(10.0, 0.0)	(11.0, 0.0)	(12.0, 0.0)	(13.0, 0.0)	(14.0, 0.0)	(15.0, 0.0)	(16.0, 0.0)	(17.0, 0.0)	(18.0, 0.0)	(19.0, 0.0)	(20.0, 0.0)	(21.0, 0.0)	(22.0, 0.0)	(23.0, 0.0)	(24.0, 0.0)	(25.0, 0.0)	(26.0, 0.0)	(27.0, 0.0)	(28.0, 0.0)	(29.0, 0.0)	(30.0, 0.0)	(31.0, 0.0)	(32.0, 0.0006378900298849422)	(33.0, 0.0012757800597698844)	(34.0, 0.0019136700896548262)	(35.0, 0.0019136700896548262)	(36.0, 0.0025515601195397687)	(37.0, 0.0051031202390795375)	(38.0, 0.0080799403785426)	(39.0, 0.010631500498082369)	(40.0, 0.013395690627583787)	(41.0, 0.019987220936394854)	(42.0, 0.030193461414553927)	(43.0, 0.04507756211186926)	(44.0, 0.10557079994595782)	(45.0, 2.226236204298302)	(46.0, 19.803083347781218)	(47.0, 12.387186490335464)	(48.0, 2.036357605402605)	(49.0, 0.9471603793741713)	(50.0, 0.6652129861650073)	(51.0, 3.8435000600670546)	(52.0, 4.358277314184412)	(53.0, 6.621085880195421)	(54.0, 5.729102988407038)	(55.0, 1.7301703910579014)	(56.0, 18.344016219420674)	(57.0, 18.196663622517004)	(58.0, 1.3353164625591774)	(59.0, 0.3842224280006965)	(60.0, 0.34435430113288834)	(61.0, 0.2834358032788768)	(62.0, 0.14597050183867089)	(63.0, 0.10429501988618799)	(64.0, 0.09270668434327824)	(65.0, 0.04305757701723359)	(66.0, 0.02317667108581956)	(67.0, 0.025090341175474387)	(68.0, 0.02445245114558945)	(69.0, 0.011694650547890607)	(70.0, 0.008079940378542599)	(71.0, 0.009568350448274131)	(72.0, 0.020625110966279805)	(73.0, 0.003189450149424711)	(74.0, 0.0006378900298849422)	(75.0, 0.0006378900298849422)	(76.0, 0.0006378900298849422)	(77.0, 0.0)	(78.0, 0.0)	(79.0, 0.0004252600199232948)	(80.0, 0.0004252600199232948)	(81.0, 0.0)	(82.0, 0.0)	(83.0, 0.0)	(84.0, 0.0)	(85.0, 0.0)	(86.0, 0.0)	(87.0, 0.0004252600199232948)	(88.0, 0.0)	(89.0, 0.0)	(90.0, 0.0004252600199232948)	(91.0, 0.0004252600199232948)	(92.0, 0.0)	(93.0, 0.0)	(94.0, 0.0)	(95.0, 0.0006378900298849422)	(96.0, 0.0006378900298849422)	(97.0, 0.0)	(98.0, 0.0004252600199232948)	(99.0, 0.0)	(100.0, 0.0006378900298849422)
3909R_R_M_S2_week10_S54_L001_R1_001	(0.0, 0.0)	(1.0, 0.0)	(2.0, 0.0)	(3.0, 0.0)	(4.0, 0.0)	(5.0, 0.0)	(6.0, 0.0)	(7.0, 0.0)	(8.0, 0.0)	(9.0, 0.0)	(10.0, 0.0)	(11.0, 0.0)	(12.0, 0.0)	(13.0, 0.0)	(14.0, 0.0)	(15.0, 0.0)	(16.0, 0.0)	(17.0, 0.0)	(18.0, 0.0)	(19.0, 0.0)	(20.0, 0.0)	(21.0, 0.0)	(22.0, 0.0)	(23.0, 0.0)	(24.0, 0.0)	(25.0, 0.0)	(26.0, 0.0)	(27.0, 0.0)	(28.0, 0.0)	(29.0, 0.0)	(30.0, 0.0)	(31.0, 0.0)	(32.0, 0.0)	(33.0, 0.000686865865399169)	(34.0, 0.000686865865399169)	(35.0, 0.0)	(36.0, 0.0)	(37.0, 0.0)	(38.0, 0.0)	(39.0, 0.001144776442331948)	(40.0, 0.0020605975961975062)	(41.0, 0.005838359855892936)	(42.0, 0.01865985601001076)	(43.0, 0.04384493774131361)	(44.0, 0.1292452603392769)	(45.0, 0.1908342329367356)	(46.0, 0.3855607057774013)	(47.0, 17.696870066728707)	(48.0, 19.403617264604485)	(49.0, 4.803481952025477)	(50.0, 5.179998923908621)	(51.0, 20.43975442256094)	(52.0, 23.792690144506025)	(53.0, 5.667788165986405)	(54.0, 1.4566135452232183)	(55.0, 0.3984966795757522)	(56.0, 0.09890868461748042)	(57.0, 0.048195088222175)	(58.0, 0.07452494639580994)	(59.0, 0.056551956251198264)	(60.0, 0.013279406731050597)	(61.0, 0.016026870192647275)	(62.0, 0.06204688317439164)	(63.0, 0.009158211538655583)	(64.0, 0.0027474634615966757)	(65.0, 0.000686865865399169)	(66.0, 0.0)	(67.0, 0.0)	(68.0, 0.0)	(69.0, 0.0)	(70.0, 0.0)	(71.0, 0.0)	(72.0, 0.0)	(73.0, 0.0)	(74.0, 0.0)	(75.0, 0.0)	(76.0, 0.0)	(77.0, 0.0)	(78.0, 0.0)	(79.0, 0.0)	(80.0, 0.0)	(81.0, 0.0)	(82.0, 0.0)	(83.0, 0.0)	(84.0, 0.0)	(85.0, 0.0)	(86.0, 0.0)	(87.0, 0.0)	(88.0, 0.0)	(89.0, 0.0)	(90.0, 0.0)	(91.0, 0.0)	(92.0, 0.0)	(93.0, 0.0)	(94.0, 0.0)	(95.0, 0.0)	(96.0, 0.0)	(97.0, 0.0)	(98.0, 0.0)	(99.0, 0.0)	(100.0, 0.0)
3909R_R_M_S2_week10_S54_L001_R2_001	(0.0, 0.0)	(1.0, 0.0)	(2.0, 0.0)	(3.0, 0.0)	(4.0, 0.0)	(5.0, 0.0)	(6.0, 0.0)	(7.0, 0.0)	(8.0, 0.0)	(9.0, 0.0)	(10.0, 0.0)	(11.0, 0.0)	(12.0, 0.0)	(13.0, 0.0)	(14.0, 0.0)	(15.0, 0.0)	(16.0, 0.0)	(17.0, 0.0)	(18.0, 0.0)	(19.0, 0.0)	(20.0, 0.0)	(21.0, 0.0)	(22.0, 0.0)	(23.0, 0.0)	(24.0, 0.0)	(25.0, 0.0)	(26.0, 0.0)	(27.0, 0.0)	(28.0, 0.0)	(29.0, 0.0)	(30.0, 0.0014364634270422909)	(31.0, 0.002633516282910867)	(32.0, 0.0007182317135211454)	(33.0, 0.0014364634270422909)	(34.0, 0.0014364634270422909)	(35.0, 0.0033517479964320115)	(36.0, 0.00837936999108003)	(37.0, 0.010773475702817182)	(38.0, 0.010534065131643467)	(39.0, 0.0079005488487326)	(40.0, 0.006703495992864025)	(41.0, 0.010534065131643467)	(42.0, 0.021307540834460653)	(43.0, 0.03208101653727782)	(44.0, 0.07876607791615242)	(45.0, 2.106573615757444)	(46.0, 17.81310413761579)	(47.0, 10.619055884406933)	(48.0, 2.3246766460966675)	(49.0, 0.9899627118033225)	(50.0, 0.636712414036488)	(51.0, 3.8830000538666436)	(52.0, 4.590218881114095)	(53.0, 6.740125810253845)	(54.0, 5.76931594414508)	(55.0, 1.8966105448381516)	(56.0, 19.626758919544635)	(57.0, 19.51543300394866)	(58.0, 1.4982313544051444)	(59.0, 0.45811212794090345)	(60.0, 0.37814899716888434)	(61.0, 0.30644553110235645)	(62.0, 0.15441981840704624)	(63.0, 0.1173111798751204)	(64.0, 0.10198890332000263)	(65.0, 0.05506443136995451)	(66.0, 0.04213626052657386)	(67.0, 0.03878451253014185)	(68.0, 0.028011036827324674)	(69.0, 0.01915284569389722)	(70.0, 0.014244928984836057)	(71.0, 0.010653770417230323)	(72.0, 0.047403293092395556)	(73.0, 0.007661138277558883)	(74.0, 0.0007182317135211454)	(75.0, 0.002633516282910867)	(76.0, 0.0033517479964320115)	(77.0, 0.0007182317135211454)	(78.0, 0.00047882114234743027)	(79.0, 0.0)	(80.0, 0.00047882114234743027)	(81.0, 0.00047882114234743027)	(82.0, 0.0)	(83.0, 0.0007182317135211454)	(84.0, 0.0014364634270422909)	(85.0, 0.0007182317135211454)	(86.0, 0.0)	(87.0, 0.0)	(88.0, 0.0)	(89.0, 0.0)	(90.0, 0.0)	(91.0, 0.0)	(92.0, 0.0)	(93.0, 0.0)	(94.0, 0.0)	(95.0, 0.0)	(96.0, 0.0)	(97.0, 0.0)	(98.0, 0.00047882114234743027)	(99.0, 0.00047882114234743027)	(100.0, 0.0)
3974R_0_M_NS1_week10_S79_L001_R1_001	(0.0, 0.0)	(1.0, 0.0)	(2.0, 0.0)	(3.0, 0.0)	(4.0, 0.0)	(5.0, 0.0)	(6.0, 0.0)	(7.0, 0.0)	(8.0, 0.0)	(9.0, 0.0)	(10.0, 0.0)	(11.0, 0.0)	(12.0, 0.0)	(13.0, 0.0)	(14.0, 0.0)	(15.0, 0.0)	(16.0, 0.0)	(17.0, 0.0)	(18.0, 0.0)	(19.0, 0.0)	(20.0, 0.0)	(21.0, 0.0)	(22.0, 0.0)	(23.0, 0.0)	(24.0, 0.0)	(25.0, 0.0)	(26.0, 0.0)	(27.0, 0.0)	(28.0, 0.0)	(29.0, 0.0)	(30.0, 0.0)	(31.0, 0.0)	(32.0, 0.0)	(33.0, 0.0)	(34.0, 0.0005600546613347988)	(35.0, 0.0)	(36.0, 0.0)	(37.0, 0.0)	(38.0, 0.0008400819920021983)	(39.0, 0.00476046462134579)	(40.0, 0.010641038565361178)	(41.0, 0.015261489521373267)	(42.0, 0.03724363497876412)	(43.0, 0.09982974338292791)	(44.0, 0.2898282872407585)	(45.0, 0.4794067901025886)	(46.0, 0.9767353293678843)	(47.0, 14.286994410646708)	(48.0, 25.478426694454864)	(49.0, 4.614010327406952)	(50.0, 1.9564109457078105)	(51.0, 18.57001243321228)	(52.0, 21.852212775970724)	(53.0, 6.427187293479139)	(54.0, 3.4145132564926426)	(55.0, 0.9798156300052242)	(56.0, 0.11285101425896214)	(57.0, 0.02926285605474325)	(58.0, 0.0414440449387751)	(59.0, 0.057685630117484246)	(60.0, 0.009800956573358981)	(61.0, 0.03668358031742931)	(62.0, 0.18313787425647846)	(63.0, 0.024642405098731168)	(64.0, 0.004200409960010992)	(65.0, 0.003080300637341394)	(66.0, 0.0016801639840043966)	(67.0, 0.0008400819920021983)	(68.0, 0.0)	(69.0, 0.0)	(70.0, 0.0)	(71.0, 0.0)	(72.0, 0.0)	(73.0, 0.0)	(74.0, 0.0)	(75.0, 0.0)	(76.0, 0.0)	(77.0, 0.0)	(78.0, 0.0)	(79.0, 0.0)	(80.0, 0.0)	(81.0, 0.0)	(82.0, 0.0)	(83.0, 0.0)	(84.0, 0.0)	(85.0, 0.0)	(86.0, 0.0)	(87.0, 0.0)	(88.0, 0.0)	(89.0, 0.0)	(90.0, 0.0)	(91.0, 0.0)	(92.0, 0.0)	(93.0, 0.0)	(94.0, 0.0)	(95.0, 0.0)	(96.0, 0.0)	(97.0, 0.0)	(98.0, 0.0)	(99.0, 0.0)	(100.0, 0.0)
3974R_0_M_NS1_week10_S79_L001_R2_001	(0.0, 0.0)	(1.0, 0.0)	(2.0, 0.0)	(3.0, 0.0)	(4.0, 0.0)	(5.0, 0.0)	(6.0, 0.0)	(7.0, 0.0)	(8.0, 0.0)	(9.0, 0.0)	(10.0, 0.0)	(11.0, 0.0)	(12.0, 0.0)	(13.0, 0.0)	(14.0, 0.0)	(15.0, 0.0)	(16.0, 0.0)	(17.0, 0.0)	(18.0, 0.0)	(19.0, 0.0)	(20.0, 0.0)	(21.0, 0.0)	(22.0, 0.0)	(23.0, 0.0)	(24.0, 0.0)	(25.0, 0.0)	(26.0, 0.0)	(27.0, 0.0)	(28.0, 0.0)	(29.0, 0.0)	(30.0, 0.0)	(31.0, 0.0)	(32.0, 0.0008147469192382302)	(33.0, 0.0016294938384764604)	(34.0, 0.0008147469192382302)	(35.0, 0.0)	(36.0, 0.0024442407577146908)	(37.0, 0.008962216111620533)	(38.0, 0.014665444546288145)	(39.0, 0.013307533014224427)	(40.0, 0.012492786094986198)	(41.0, 0.02226974912584496)	(42.0, 0.028244559866925315)	(43.0, 0.04182367518756248)	(44.0, 0.08446209729436324)	(45.0, 0.8628169874732718)	(46.0, 8.801982550836291)	(47.0, 7.832026343484048)	(48.0, 9.71830125267211)	(49.0, 13.085921852187285)	(50.0, 2.318498149845525)	(51.0, 4.119632005974966)	(52.0, 4.308381708931903)	(53.0, 4.741827069966807)	(54.0, 5.07763859184628)	(55.0, 1.621346369284113)	(56.0, 16.831041857624733)	(57.0, 17.091489289475017)	(58.0, 1.488542621448282)	(59.0, 0.43588960179245395)	(60.0, 0.37777098822012734)	(61.0, 0.3176155073497045)	(62.0, 0.1205825440472581)	(63.0, 0.08812845843093525)	(64.0, 0.0769935838680128)	(65.0, 0.043996333638864425)	(66.0, 0.03639202905930762)	(67.0, 0.058118613572327095)	(68.0, 0.05757544895950159)	(69.0, 0.02172658451301948)	(70.0, 0.014937026852700892)	(71.0, 0.04861323284788102)	(72.0, 0.13687748243202252)	(73.0, 0.02009709067454302)	(74.0, 0.004073734596191152)	(75.0, 0.0024442407577146908)	(76.0, 0.0008147469192382302)	(77.0, 0.0008147469192382302)	(78.0, 0.001357911532063717)	(79.0, 0.0)	(80.0, 0.0)	(81.0, 0.0)	(82.0, 0.0)	(83.0, 0.0)	(84.0, 0.0008147469192382302)	(85.0, 0.001357911532063717)	(86.0, 0.0008147469192382302)	(87.0, 0.0008147469192382302)	(88.0, 0.0)	(89.0, 0.0)	(90.0, 0.0)	(91.0, 0.0)	(92.0, 0.0)	(93.0, 0.0)	(94.0, 0.0)	(95.0, 0.0)	(96.0, 0.0)	(97.0, 0.0)	(98.0, 0.0)	(99.0, 0.0)	(100.0, 0.0)
3974R_L_M_NS1_week10_S80_L001_R1_001	(0.0, 0.0)	(1.0, 0.0)	(2.0, 0.0)	(3.0, 0.0)	(4.0, 0.0)	(5.0, 0.0)	(6.0, 0.0)	(7.0, 0.0)	(8.0, 0.0)	(9.0, 0.0)	(10.0, 0.0)	(11.0, 0.0)	(12.0, 0.0)	(13.0, 0.0)	(14.0, 0.0)	(15.0, 0.0)	(16.0, 0.0)	(17.0, 0.0)	(18.0, 0.0)	(19.0, 0.0)	(20.0, 0.0)	(21.0, 0.0)	(22.0, 0.0)	(23.0, 0.0)	(24.0, 0.0)	(25.0, 0.0)	(26.0, 0.0)	(27.0, 0.0)	(28.0, 0.0)	(29.0, 0.0)	(30.0, 0.0)	(31.0, 0.0)	(32.0, 0.0)	(33.0, 0.0)	(34.0, 0.0)	(35.0, 0.0)	(36.0, 0.0007937179867076266)	(37.0, 0.0007937179867076266)	(38.0, 0.0)	(39.0, 0.0015874359734152532)	(40.0, 0.0031748719468305065)	(41.0, 0.0055560259069533866)	(42.0, 0.021694958303341793)	(43.0, 0.06283600728102044)	(44.0, 0.21205498878205417)	(45.0, 0.41881852431939237)	(46.0, 1.0780013122800853)	(47.0, 15.83242496718855)	(48.0, 24.51424459214339)	(49.0, 5.270816577063719)	(50.0, 2.458541463826765)	(51.0, 17.68377217118743)	(52.0, 20.61669241840851)	(53.0, 6.764726114378885)	(54.0, 3.70626613893118)	(55.0, 0.8798363882653938)	(56.0, 0.10873936417894502)	(57.0, 0.030425856157125685)	(58.0, 0.03915675401090956)	(59.0, 0.05317910510941094)	(60.0, 0.015212928078562844)	(61.0, 0.025663548236879944)	(62.0, 0.1587435973415248)	(63.0, 0.02460525758793644)	(64.0, 0.0055560259069533866)	(65.0, 0.002910299284594631)	(66.0, 0.0007937179867076266)	(67.0, 0.0015874359734152532)	(68.0, 0.0007937179867076266)	(69.0, 0.0)	(70.0, 0.0)	(71.0, 0.0)	(72.0, 0.0)	(73.0, 0.0)	(74.0, 0.0)	(75.0, 0.0)	(76.0, 0.0)	(77.0, 0.0)	(78.0, 0.0)	(79.0, 0.0)	(80.0, 0.0)	(81.0, 0.0)	(82.0, 0.0)	(83.0, 0.0)	(84.0, 0.0)	(85.0, 0.0)	(86.0, 0.0)	(87.0, 0.0)	(88.0, 0.0)	(89.0, 0.0)	(90.0, 0.0)	(91.0, 0.0)	(92.0, 0.0)	(93.0, 0.0)	(94.0, 0.0)	(95.0, 0.0)	(96.0, 0.0)	(97.0, 0.0)	(98.0, 0.0)	(99.0, 0.0)	(100.0, 0.0)
3974R_L_M_NS1_week10_S80_L001_R2_001	(0.0, 0.0)	(1.0, 0.0)	(2.0, 0.0)	(3.0, 0.0)	(4.0, 0.0)	(5.0, 0.0)	(6.0, 0.0)	(7.0, 0.0)	(8.0, 0.0)	(9.0, 0.0)	(10.0, 0.0)	(11.0, 0.0)	(12.0, 0.0)	(13.0, 0.0)	(14.0, 0.0)	(15.0, 0.0)	(16.0, 0.0)	(17.0, 0.0)	(18.0, 0.0)	(19.0, 0.0)	(20.0, 0.0)	(21.0, 0.0)	(22.0, 0.0)	(23.0, 0.0)	(24.0, 0.0007709555351395315)	(25.0, 0.0007709555351395315)	(26.0, 0.0)	(27.0, 0.0)	(28.0, 0.0)	(29.0, 0.0)	(30.0, 0.0)	(31.0, 0.0)	(32.0, 0.0007709555351395315)	(33.0, 0.0023128666054185944)	(34.0, 0.003083822140558126)	(35.0, 0.001541911070279063)	(36.0, 0.001541911070279063)	(37.0, 0.003083822140558126)	(38.0, 0.004368748032457345)	(39.0, 0.007709555351395315)	(40.0, 0.009508451600054223)	(41.0, 0.01362021445413172)	(42.0, 0.019787858735247976)	(43.0, 0.03572093979479828)	(44.0, 0.08737496064914699)	(45.0, 0.9439065601891663)	(46.0, 9.07928635215853)	(47.0, 8.123686966353944)	(48.0, 10.55887851667924)	(49.0, 11.927324591550816)	(50.0, 2.2045473527314234)	(51.0, 3.8745655344329597)	(52.0, 4.3510160551493895)	(53.0, 5.441532659604701)	(54.0, 5.836004908417885)	(55.0, 1.7374767910261375)	(56.0, 16.073908937304157)	(57.0, 16.213837366932243)	(58.0, 1.4799776422895585)	(59.0, 0.4037237152347359)	(60.0, 0.4307071589646187)	(61.0, 0.37905313811027136)	(62.0, 0.15676095881170465)	(63.0, 0.10022421956813912)	(64.0, 0.07927992753018184)	(65.0, 0.054866335584096676)	(66.0, 0.04188858407591453)	(67.0, 0.061933427989542385)	(68.0, 0.04882718389217032)	(69.0, 0.01670403659468985)	(70.0, 0.011564333027092972)	(71.0, 0.03880476193535639)	(72.0, 0.10664884902763536)	(73.0, 0.01541911070279063)	(74.0, 0.0035977924973178135)	(75.0, 0.0023128666054185944)	(76.0, 0.0023128666054185944)	(77.0, 0.0020558814270387506)	(78.0, 0.001284925891899219)	(79.0, 0.0)	(80.0, 0.0)	(81.0, 0.0005139703567596876)	(82.0, 0.0005139703567596876)	(83.0, 0.0)	(84.0, 0.0)	(85.0, 0.0)	(86.0, 0.0010279407135193753)	(87.0, 0.0010279407135193753)	(88.0, 0.0)	(89.0, 0.0005139703567596876)	(90.0, 0.0005139703567596876)	(91.0, 0.0)	(92.0, 0.0)	(93.0, 0.0)	(94.0, 0.0)	(95.0, 0.0)	(96.0, 0.0)	(97.0, 0.0)	(98.0, 0.0)	(99.0, 0.0)	(100.0, 0.0)
Positive_control_S89_L001_R1_001	(0.0, 0.0)	(1.0, 0.0)	(2.0, 0.0)	(3.0, 0.0)	(4.0, 0.0)	(5.0, 0.0)	(6.0, 0.0)	(7.0, 0.0)	(8.0, 0.0)	(9.0, 0.0)	(10.0, 0.0)	(11.0, 0.0)	(12.0, 0.0)	(13.0, 0.0)	(14.0, 0.0)	(15.0, 0.0)	(16.0, 0.0)	(17.0, 0.0)	(18.0, 0.0)	(19.0, 0.0)	(20.0, 0.0)	(21.0, 0.0)	(22.0, 0.0)	(23.0, 0.0)	(24.0, 0.0)	(25.0, 0.0)	(26.0, 0.0)	(27.0, 0.0)	(28.0, 0.0)	(29.0, 0.0)	(30.0, 0.0)	(31.0, 0.0)	(32.0, 0.0)	(33.0, 0.0)	(34.0, 0.0)	(35.0, 0.0)	(36.0, 0.0)	(37.0, 0.0)	(38.0, 0.0)	(39.0, 0.0)	(40.0, 0.0013031424193489535)	(41.0, 0.005212569677395814)	(42.0, 0.005646950483845467)	(43.0, 0.006515712096744768)	(44.0, 0.017809613064435705)	(45.0, 0.0551663624191057)	(46.0, 0.14649492697514485)	(47.0, 0.3274145328614248)	(48.0, 0.674267606811468)	(49.0, 11.153813157608136)	(50.0, 26.246591468105173)	(51.0, 16.462272398036955)	(52.0, 9.071282976287325)	(53.0, 17.949700874524964)	(54.0, 12.083170893008624)	(55.0, 5.316060904533353)	(56.0, 0.3437038131032879)	(57.0, 0.08318392443510826)	(58.0, 0.02269639713699428)	(59.0, 0.014877542620900555)	(60.0, 0.007818854516093722)	(61.0, 0.001628928024186192)	(62.0, 0.0011945472177365406)	(63.0, 0.0015203328225737792)	(64.0, 0.0006515712096744768)	(65.0, 0.0)	(66.0, 0.0)	(67.0, 0.0)	(68.0, 0.0)	(69.0, 0.0)	(70.0, 0.0)	(71.0, 0.0)	(72.0, 0.0)	(73.0, 0.0)	(74.0, 0.0)	(75.0, 0.0)	(76.0, 0.0)	(77.0, 0.0)	(78.0, 0.0)	(79.0, 0.0)	(80.0, 0.0)	(81.0, 0.0)	(82.0, 0.0)	(83.0, 0.0)	(84.0, 0.0)	(85.0, 0.0)	(86.0, 0.0)	(87.0, 0.0)	(88.0, 0.0)	(89.0, 0.0)	(90.0, 0.0)	(91.0, 0.0)	(92.0, 0.0)	(93.0, 0.0)	(94.0, 0.0)	(95.0, 0.0)	(96.0, 0.0)	(97.0, 0.0)	(98.0, 0.0)	(99.0, 0.0)	(100.0, 0.0)
Positive_control_S89_L001_R2_001	(0.0, 0.0)	(1.0, 0.0)	(2.0, 0.0)	(3.0, 0.0)	(4.0, 0.0)	(5.0, 0.0)	(6.0, 0.0)	(7.0, 0.0)	(8.0, 0.0)	(9.0, 0.0)	(10.0, 0.0)	(11.0, 0.0)	(12.0, 0.0)	(13.0, 0.0)	(14.0, 0.0)	(15.0, 0.0)	(16.0, 0.0)	(17.0, 0.0)	(18.0, 0.0)	(19.0, 0.0)	(20.0, 0.0)	(21.0, 0.0)	(22.0, 0.0)	(23.0, 0.0)	(24.0, 0.0)	(25.0, 0.0)	(26.0, 0.0)	(27.0, 0.0)	(28.0, 0.0)	(29.0, 0.0)	(30.0, 0.0)	(31.0, 0.0)	(32.0, 0.0)	(33.0, 0.0)	(34.0, 0.0007212908220550936)	(35.0, 0.0007212908220550936)	(36.0, 0.0)	(37.0, 0.0)	(38.0, 0.0)	(39.0, 0.0021638724661652807)	(40.0, 0.004568175206348926)	(41.0, 0.0026447330142020096)	(42.0, 0.0021638724661652807)	(43.0, 0.0069724779465325714)	(44.0, 0.008415059590642756)	(45.0, 0.011059792604844767)	(46.0, 0.01851313109941407)	(47.0, 0.03702626219882811)	(48.0, 0.10049985453967647)	(49.0, 1.1656059684410613)	(50.0, 10.036641573756956)	(51.0, 10.229586868656526)	(52.0, 5.049035754386309)	(53.0, 5.188124667905956)	(54.0, 16.03910357976837)	(55.0, 13.973927741084141)	(56.0, 20.764760615607393)	(57.0, 10.204101259610981)	(58.0, 3.324669829125907)	(59.0, 1.2247518158495543)	(60.0, 1.1081431329506426)	(61.0, 0.7069852207510007)	(62.0, 0.3226574277326452)	(63.0, 0.17046506427902042)	(64.0, 0.09641253988136418)	(65.0, 0.05722240521637076)	(66.0, 0.03822841356891994)	(67.0, 0.03245808699247919)	(68.0, 0.020196143017542623)	(69.0, 0.015147107263156968)	(70.0, 0.010578932056808038)	(71.0, 0.008895920138679486)	(72.0, 0.006491617398495841)	(73.0, 0.0028851632882203743)	(74.0, 0.0028851632882203743)	(75.0, 0.0021638724661652807)	(76.0, 0.000480860548036729)	(77.0, 0.000961721096073458)	(78.0, 0.000480860548036729)	(79.0, 0.0)	(80.0, 0.0)	(81.0, 0.0)	(82.0, 0.0)	(83.0, 0.0)	(84.0, 0.0)	(85.0, 0.0)	(86.0, 0.000480860548036729)	(87.0, 0.0)	(88.0, 0.0)	(89.0, 0.0)	(90.0, 0.0)	(91.0, 0.0)	(92.0, 0.0)	(93.0, 0.0)	(94.0, 0.0)	(95.0, 0.0)	(96.0, 0.0)	(97.0, 0.0)	(98.0, 0.0)	(99.0, 0.0)	(100.0, 0.0)
T1D_NS1_defined_mouse_inocula_S81_L001_R1_001	(0.0, 0.0)	(1.0, 0.0)	(2.0, 0.0)	(3.0, 0.0)	(4.0, 0.0)	(5.0, 0.0)	(6.0, 0.0)	(7.0, 0.0)	(8.0, 0.0)	(9.0, 0.0)	(10.0, 0.0)	(11.0, 0.0)	(12.0, 0.0)	(13.0, 0.0)	(14.0, 0.0)	(15.0, 0.0)	(16.0, 0.0)	(17.0, 0.0)	(18.0, 0.0)	(19.0, 0.0)	(20.0, 0.0)	(21.0, 0.0)	(22.0, 0.0)	(23.0, 0.0)	(24.0, 0.0)	(25.0, 0.0)	(26.0, 0.0)	(27.0, 0.0)	(28.0, 0.0)	(29.0, 0.0)	(30.0, 0.0)	(31.0, 0.0)	(32.0, 0.0)	(33.0, 0.0)	(34.0, 0.0)	(35.0, 0.0)	(36.0, 0.0)	(37.0, 0.0)	(38.0, 0.000809584399848216)	(39.0, 0.004857506399089296)	(40.0, 0.006206813732169655)	(41.0, 0.011604043064491094)	(42.0, 0.021453986595977723)	(43.0, 0.05424215478983047)	(44.0, 0.18256128216577266)	(45.0, 0.3013003274768447)	(46.0, 0.602870516420301)	(47.0, 10.499769943095854)	(48.0, 15.720105084052383)	(49.0, 7.498370711394575)	(50.0, 5.680314010802433)	(51.0, 4.830250390961435)	(52.0, 7.580003805045868)	(53.0, 20.31449655319925)	(54.0, 20.131530478833195)	(55.0, 5.029543084057485)	(56.0, 0.6213560268835026)	(57.0, 0.17514009183383059)	(58.0, 0.11806439164453149)	(59.0, 0.10983361691274138)	(60.0, 0.04304290392526344)	(61.0, 0.06935439692033055)	(62.0, 0.32356389847267236)	(63.0, 0.04182852732549112)	(64.0, 0.014302657730651813)	(65.0, 0.009175289864946446)	(66.0, 0.000809584399848216)	(67.0, 0.0)	(68.0, 0.000809584399848216)	(69.0, 0.001619168799696432)	(70.0, 0.000809584399848216)	(71.0, 0.0)	(72.0, 0.0)	(73.0, 0.0)	(74.0, 0.0)	(75.0, 0.0)	(76.0, 0.0)	(77.0, 0.0)	(78.0, 0.0)	(79.0, 0.0)	(80.0, 0.0)	(81.0, 0.0)	(82.0, 0.0)	(83.0, 0.0)	(84.0, 0.0)	(85.0, 0.0)	(86.0, 0.0)	(87.0, 0.0)	(88.0, 0.0)	(89.0, 0.0)	(90.0, 0.0)	(91.0, 0.0)	(92.0, 0.0)	(93.0, 0.0)	(94.0, 0.0)	(95.0, 0.0)	(96.0, 0.0)	(97.0, 0.0)	(98.0, 0.0)	(99.0, 0.0)	(100.0, 0.0)
T1D_NS1_defined_mouse_inocula_S81_L001_R2_001	(0.0, 0.0)	(1.0, 0.0)	(2.0, 0.0)	(3.0, 0.0)	(4.0, 0.0)	(5.0, 0.0)	(6.0, 0.0)	(7.0, 0.0)	(8.0, 0.0)	(9.0, 0.0)	(10.0, 0.0)	(11.0, 0.0)	(12.0, 0.0)	(13.0, 0.0)	(14.0, 0.0)	(15.0, 0.0)	(16.0, 0.0)	(17.0, 0.0)	(18.0, 0.0)	(19.0, 0.0)	(20.0, 0.0)	(21.0, 0.0)	(22.0, 0.0)	(23.0, 0.0)	(24.0, 0.0)	(25.0, 0.0)	(26.0, 0.0)	(27.0, 0.0)	(28.0, 0.0)	(29.0, 0.0)	(30.0, 0.0)	(31.0, 0.0)	(32.0, 0.00245709301325626)	(33.0, 0.003276124017675013)	(34.0, 0.0008190310044187532)	(35.0, 0.00245709301325626)	(36.0, 0.0040951550220937665)	(37.0, 0.0046411756917062695)	(38.0, 0.005733217030931274)	(39.0, 0.006006227365737524)	(40.0, 0.010101382387831289)	(41.0, 0.016107609753568813)	(42.0, 0.023478888793337597)	(43.0, 0.034126291850781386)	(44.0, 0.06825258370156279)	(45.0, 0.6262857080455337)	(46.0, 6.521943888187638)	(47.0, 9.544714315160006)	(48.0, 10.108344151367035)	(49.0, 3.654925857218548)	(50.0, 3.7880183954366453)	(51.0, 8.19986540590559)	(52.0, 9.158677701744306)	(53.0, 9.115269058510167)	(54.0, 10.65832347083383)	(55.0, 3.9802176711403527)	(56.0, 14.057984665007453)	(57.0, 4.184838917077687)	(58.0, 0.7393119866553232)	(59.0, 0.6123621809704203)	(60.0, 1.7019464271821951)	(61.0, 1.6216813887491608)	(62.0, 0.4015982024999959)	(63.0, 0.1962944307256944)	(64.0, 0.14046381725781604)	(65.0, 0.07630638857834719)	(66.0, 0.06429393384687213)	(67.0, 0.1193055163103317)	(68.0, 0.10975015459211292)	(69.0, 0.03767542620326264)	(70.0, 0.030577157498300114)	(71.0, 0.06879860437117533)	(72.0, 0.2513060131891542)	(73.0, 0.030713662665703252)	(74.0, 0.00245709301325626)	(75.0, 0.0016380620088375065)	(76.0, 0.003276124017675013)	(77.0, 0.0035491343524812645)	(78.0, 0.0013650516740312554)	(79.0, 0.0013650516740312554)	(80.0, 0.0016380620088375065)	(81.0, 0.0008190310044187532)	(82.0, 0.0)	(83.0, 0.0)	(84.0, 0.0)	(85.0, 0.0005460206696125022)	(86.0, 0.0)	(87.0, 0.0)	(88.0, 0.0)	(89.0, 0.0)	(90.0, 0.0)	(91.0, 0.0)	(92.0, 0.0)	(93.0, 0.0)	(94.0, 0.0)	(95.0, 0.0)	(96.0, 0.0)	(97.0, 0.0)	(98.0, 0.0)	(99.0, 0.0)	(100.0, 0.0)
T1D_NS6_defined_mouse_inocula_S82_L001_R1_001	(0.0, 0.0)	(1.0, 0.0)	(2.0, 0.0)	(3.0, 0.0)	(4.0, 0.0)	(5.0, 0.0)	(6.0, 0.0)	(7.0, 0.0)	(8.0, 0.0)	(9.0, 0.0)	(10.0, 0.0)	(11.0, 0.0)	(12.0, 0.0)	(13.0, 0.0)	(14.0, 0.0)	(15.0, 0.0)	(16.0, 0.0)	(17.0, 0.0)	(18.0, 0.0)	(19.0, 0.0)	(20.0, 0.0)	(21.0, 0.0)	(22.0, 0.0)	(23.0, 0.0)	(24.0, 0.0)	(25.0, 0.0)	(26.0, 0.0)	(27.0, 0.0)	(28.0, 0.0)	(29.0, 0.0)	(30.0, 0.0)	(31.0, 0.0)	(32.0, 0.0)	(33.0, 0.0)	(34.0, 0.0)	(35.0, 0.0)	(36.0, 0.0)	(37.0, 0.0)	(38.0, 0.0)	(39.0, 0.0012999318257975818)	(40.0, 0.004910853564124199)	(41.0, 0.010977202084512914)	(42.0, 0.03350935373167101)	(43.0, 0.07077406607120168)	(44.0, 0.1476144806627921)	(45.0, 0.2682192667229012)	(46.0, 1.9449868851322878)	(47.0, 7.997325029176721)	(48.0, 17.7294812983154)	(49.0, 7.544515443190955)	(50.0, 5.422882266619425)	(51.0, 7.41278901817692)	(52.0, 16.90864656875753)	(53.0, 16.359064280183222)	(54.0, 11.588025605765516)	(55.0, 4.163970511768678)	(56.0, 0.4939740938030828)	(57.0, 0.32122759784153726)	(58.0, 0.6418774482049333)	(59.0, 0.7029742440174163)	(60.0, 0.0778514726783219)	(61.0, 0.039286828512993574)	(62.0, 0.095617207630889)	(63.0, 0.010110580867314523)	(64.0, 0.00462197982505807)	(65.0, 0.001733242434396776)	(66.0, 0.000866621217198388)	(67.0, 0.000866621217198388)	(68.0, 0.0)	(69.0, 0.0)	(70.0, 0.0)	(71.0, 0.0)	(72.0, 0.0)	(73.0, 0.0)	(74.0, 0.0)	(75.0, 0.0)	(76.0, 0.0)	(77.0, 0.0)	(78.0, 0.0)	(79.0, 0.0)	(80.0, 0.0)	(81.0, 0.0)	(82.0, 0.0)	(83.0, 0.0)	(84.0, 0.0)	(85.0, 0.0)	(86.0, 0.0)	(87.0, 0.0)	(88.0, 0.0)	(89.0, 0.0)	(90.0, 0.0)	(91.0, 0.0)	(92.0, 0.0)	(93.0, 0.0)	(94.0, 0.0)	(95.0, 0.0)	(96.0, 0.0)	(97.0, 0.0)	(98.0, 0.0)	(99.0, 0.0)	(100.0, 0.0)
T1D_NS6_defined_mouse_inocula_S82_L001_R2_001	(0.0, 0.0)	(1.0, 0.0)	(2.0, 0.0)	(3.0, 0.0)	(4.0, 0.0)	(5.0, 0.0)	(6.0, 0.0)	(7.0, 0.0)	(8.0, 0.0)	(9.0, 0.0)	(10.0, 0.0)	(11.0, 0.0)	(12.0, 0.0)	(13.0, 0.0)	(14.0, 0.0)	(15.0, 0.0)	(16.0, 0.0)	(17.0, 0.0)	(18.0, 0.0)	(19.0, 0.0)	(20.0, 0.0)	(21.0, 0.0)	(22.0, 0.0)	(23.0, 0.0)	(24.0, 0.0)	(25.0, 0.0)	(26.0, 0.0)	(27.0, 0.0)	(28.0, 0.0)	(29.0, 0.0)	(30.0, 0.0)	(31.0, 0.0)	(32.0, 0.0017161931403761705)	(33.0, 0.003432386280752341)	(34.0, 0.0025742897105642554)	(35.0, 0.0008580965701880853)	(36.0, 0.0005720643801253901)	(37.0, 0.0008580965701880853)	(38.0, 0.0017161931403761705)	(39.0, 0.005148579421128511)	(40.0, 0.012585416362758582)	(41.0, 0.0231686073950783)	(42.0, 0.027459090246018728)	(43.0, 0.034323862807523406)	(44.0, 0.06693153247467065)	(45.0, 0.8941366261359678)	(46.0, 6.484063716532234)	(47.0, 10.550726378745722)	(48.0, 14.36181927913855)	(49.0, 5.920151253823351)	(50.0, 1.8120139240472277)	(51.0, 9.864535154785898)	(52.0, 10.497810423584164)	(53.0, 7.67767604566349)	(54.0, 11.197874208762064)	(55.0, 2.68798750611407)	(56.0, 8.120024827595017)	(57.0, 5.3585270486349765)	(58.0, 0.6163993695851058)	(59.0, 0.35139054549202114)	(60.0, 0.5950899714254351)	(61.0, 0.777292476495367)	(62.0, 0.5663437363241357)	(63.0, 0.48596869091651923)	(64.0, 0.5709202513651364)	(65.0, 0.17018915308730312)	(66.0, 0.03890037784852651)	(67.0, 0.031749573096959145)	(68.0, 0.03346576623733531)	(69.0, 0.0177339957838871)	(70.0, 0.011155255412445105)	(71.0, 0.019736221114325967)	(72.0, 0.07722869131692774)	(73.0, 0.017161931403761703)	(74.0, 0.004576515041003121)	(75.0, 0.002002225330438865)	(76.0, 0.0005720643801253901)	(77.0, 0.0)	(78.0, 0.0)	(79.0, 0.0)	(80.0, 0.0005720643801253901)	(81.0, 0.0)	(82.0, 0.0005720643801253901)	(83.0, 0.0005720643801253901)	(84.0, 0.0)	(85.0, 0.0)	(86.0, 0.0)	(87.0, 0.0)	(88.0, 0.0)	(89.0, 0.0)	(90.0, 0.0005720643801253901)	(91.0, 0.0005720643801253901)	(92.0, 0.0)	(93.0, 0.0)	(94.0, 0.0)	(95.0, 0.0)	(96.0, 0.0)	(97.0, 0.0005720643801253901)	(98.0, 0.0)	(99.0, 0.0)	(100.0, 0.0)
T1D_S2_defined_mouse_inocula_S83_L001_R1_001	(0.0, 0.0)	(1.0, 0.0)	(2.0, 0.0)	(3.0, 0.0)	(4.0, 0.0)	(5.0, 0.0)	(6.0, 0.0)	(7.0, 0.0)	(8.0, 0.0)	(9.0, 0.0)	(10.0, 0.0)	(11.0, 0.0)	(12.0, 0.0)	(13.0, 0.0)	(14.0, 0.0)	(15.0, 0.0)	(16.0, 0.0)	(17.0, 0.0)	(18.0, 0.0)	(19.0, 0.0)	(20.0, 0.0)	(21.0, 0.0)	(22.0, 0.0)	(23.0, 0.0)	(24.0, 0.0)	(25.0, 0.0)	(26.0, 0.0)	(27.0, 0.0)	(28.0, 0.0)	(29.0, 0.0)	(30.0, 0.0)	(31.0, 0.0)	(32.0, 0.0)	(33.0, 0.0)	(34.0, 0.0)	(35.0, 0.0005400916805627419)	(36.0, 0.0005400916805627419)	(37.0, 0.0008101375208441129)	(38.0, 0.0008101375208441129)	(39.0, 0.0008101375208441129)	(40.0, 0.0021603667222509677)	(41.0, 0.0018903208819695966)	(42.0, 0.008776489809144555)	(43.0, 0.027274629868418467)	(44.0, 0.08398425632750638)	(45.0, 0.1329975763385752)	(46.0, 0.2848983614968471)	(47.0, 11.116572038099935)	(48.0, 12.69580011206402)	(49.0, 4.315467550616581)	(50.0, 7.083842482261696)	(51.0, 6.348642682095941)	(52.0, 16.508577331001963)	(53.0, 23.592554836195823)	(54.0, 11.965056068263262)	(55.0, 2.216671279949586)	(56.0, 0.563045576986656)	(57.0, 0.3869756891232077)	(58.0, 1.24747675917982)	(59.0, 1.2104804790612684)	(60.0, 0.07844831660173832)	(61.0, 0.03132531747263903)	(62.0, 0.07952849996286386)	(63.0, 0.009991696090410724)	(64.0, 0.0016202750416882258)	(65.0, 0.0016202750416882258)	(66.0, 0.0008101375208441129)	(67.0, 0.0)	(68.0, 0.0)	(69.0, 0.0)	(70.0, 0.0)	(71.0, 0.0)	(72.0, 0.0)	(73.0, 0.0)	(74.0, 0.0)	(75.0, 0.0)	(76.0, 0.0)	(77.0, 0.0)	(78.0, 0.0)	(79.0, 0.0)	(80.0, 0.0)	(81.0, 0.0)	(82.0, 0.0)	(83.0, 0.0)	(84.0, 0.0)	(85.0, 0.0)	(86.0, 0.0)	(87.0, 0.0)	(88.0, 0.0)	(89.0, 0.0)	(90.0, 0.0)	(91.0, 0.0)	(92.0, 0.0)	(93.0, 0.0)	(94.0, 0.0)	(95.0, 0.0)	(96.0, 0.0)	(97.0, 0.0)	(98.0, 0.0)	(99.0, 0.0)	(100.0, 0.0)
T1D_S2_defined_mouse_inocula_S83_L001_R2_001	(0.0, 0.0)	(1.0, 0.0)	(2.0, 0.0)	(3.0, 0.0)	(4.0, 0.0)	(5.0, 0.0)	(6.0, 0.0)	(7.0, 0.0)	(8.0, 0.0)	(9.0, 0.0)	(10.0, 0.0)	(11.0, 0.0)	(12.0, 0.0)	(13.0, 0.0)	(14.0, 0.0)	(15.0, 0.0)	(16.0, 0.0)	(17.0, 0.0)	(18.0, 0.0)	(19.0, 0.0)	(20.0, 0.0)	(21.0, 0.0)	(22.0, 0.0)	(23.0, 0.0)	(24.0, 0.0)	(25.0, 0.0)	(26.0, 0.0)	(27.0, 0.0)	(28.0, 0.0)	(29.0, 0.0)	(30.0, 0.0)	(31.0, 0.0)	(32.0, 0.0)	(33.0, 0.0)	(34.0, 0.002627184942143844)	(35.0, 0.0035029132561917916)	(36.0, 0.00437864157023974)	(37.0, 0.004670551008255723)	(38.0, 0.0049624604462717055)	(39.0, 0.007589645388415549)	(40.0, 0.00437864157023974)	(41.0, 0.00554627932230367)	(42.0, 0.012552105834687253)	(43.0, 0.027147577735486393)	(44.0, 0.061300981983356345)	(45.0, 1.5126747077988711)	(46.0, 11.579463587215312)	(47.0, 6.296194668567617)	(48.0, 1.8988708942940131)	(49.0, 2.253686816202366)	(50.0, 5.011355277139697)	(51.0, 7.533890685755424)	(52.0, 9.179822052007081)	(53.0, 14.592698761133574)	(54.0, 11.576106628678339)	(55.0, 5.5227806125439)	(56.0, 12.730170591873438)	(57.0, 3.4918206975469386)	(58.0, 0.7115292551639545)	(59.0, 0.49332695024701084)	(60.0, 0.8406991814860274)	(61.0, 0.9174713636842302)	(62.0, 1.1355277138821753)	(63.0, 0.8917833331388223)	(64.0, 1.093492754807874)	(65.0, 0.3032939060986073)	(66.0, 0.06538771411558013)	(67.0, 0.04524596289247731)	(68.0, 0.03838609109910171)	(69.0, 0.0218932078511987)	(70.0, 0.012552105834687253)	(71.0, 0.024812302231358538)	(72.0, 0.07239354062796374)	(73.0, 0.009924920892543408)	(74.0, 0.0011676377520639305)	(75.0, 0.0)	(76.0, 0.0)	(77.0, 0.0)	(78.0, 0.0)	(79.0, 0.0)	(80.0, 0.0)	(81.0, 0.0)	(82.0, 0.0)	(83.0, 0.0)	(84.0, 0.0005838188760319652)	(85.0, 0.0)	(86.0, 0.0)	(87.0, 0.0)	(88.0, 0.0)	(89.0, 0.0)	(90.0, 0.0005838188760319652)	(91.0, 0.0005838188760319652)	(92.0, 0.0)	(93.0, 0.0)	(94.0, 0.0005838188760319652)	(95.0, 0.0005838188760319652)	(96.0, 0.0)	(97.0, 0.0)	(98.0, 0.0)	(99.0, 0.0)	(100.0, 0.0)
T1D_S5_defined_mouse_inocula_S84_L001_R1_001	(0.0, 0.0)	(1.0, 0.0)	(2.0, 0.0)	(3.0, 0.0)	(4.0, 0.0)	(5.0, 0.0)	(6.0, 0.0)	(7.0, 0.0)	(8.0, 0.0)	(9.0, 0.0)	(10.0, 0.0)	(11.0, 0.0)	(12.0, 0.0)	(13.0, 0.0)	(14.0, 0.0)	(15.0, 0.0)	(16.0, 0.0)	(17.0, 0.0)	(18.0, 0.0)	(19.0, 0.0)	(20.0, 0.0)	(21.0, 0.0)	(22.0, 0.0)	(23.0, 0.0)	(24.0, 0.0)	(25.0, 0.0)	(26.0, 0.0)	(27.0, 0.0)	(28.0, 0.0)	(29.0, 0.0)	(30.0, 0.0)	(31.0, 0.0)	(32.0, 0.0)	(33.0, 0.0)	(34.0, 0.0)	(35.0, 0.0)	(36.0, 0.0)	(37.0, 0.0)	(38.0, 0.0)	(39.0, 0.0025053787349714443)	(40.0, 0.0018790340512285834)	(41.0, 0.003914654273392882)	(42.0, 0.008455653230528626)	(43.0, 0.015345444751700096)	(44.0, 0.045096817229486)	(45.0, 0.09269901319394347)	(46.0, 0.4176153178855553)	(47.0, 4.546479473118464)	(48.0, 4.3424476923891415)	(49.0, 9.21854105532746)	(50.0, 8.143107233341897)	(51.0, 4.96941872081602)	(52.0, 14.290367131930717)	(53.0, 32.38765725167608)	(54.0, 15.664880540403923)	(55.0, 2.646149702642587)	(56.0, 1.4161653299426324)	(57.0, 0.3228806844694459)	(58.0, 0.5311402918139483)	(59.0, 0.5136026406691492)	(60.0, 0.06936767372452185)	(61.0, 0.053082711947207435)	(62.0, 0.2367582904548002)	(63.0, 0.036641163998957366)	(64.0, 0.010647859623628637)	(65.0, 0.006576619179300042)	(66.0, 0.003288309589650021)	(67.0, 0.0014092755384214376)	(68.0, 0.0012526893674857222)	(69.0, 0.0006263446837428611)	(70.0, 0.0)	(71.0, 0.0)	(72.0, 0.0)	(73.0, 0.0)	(74.0, 0.0)	(75.0, 0.0)	(76.0, 0.0)	(77.0, 0.0)	(78.0, 0.0)	(79.0, 0.0)	(80.0, 0.0)	(81.0, 0.0)	(82.0, 0.0)	(83.0, 0.0)	(84.0, 0.0)	(85.0, 0.0)	(86.0, 0.0)	(87.0, 0.0)	(88.0, 0.0)	(89.0, 0.0)	(90.0, 0.0)	(91.0, 0.0)	(92.0, 0.0)	(93.0, 0.0)	(94.0, 0.0)	(95.0, 0.0)	(96.0, 0.0)	(97.0, 0.0)	(98.0, 0.0)	(99.0, 0.0)	(100.0, 0.0)
T1D_S5_defined_mouse_inocula_S84_L001_R2_001	(0.0, 0.0)	(1.0, 0.0)	(2.0, 0.0)	(3.0, 0.0)	(4.0, 0.0)	(5.0, 0.0)	(6.0, 0.0)	(7.0, 0.0)	(8.0, 0.0)	(9.0, 0.0)	(10.0, 0.0)	(11.0, 0.0)	(12.0, 0.0)	(13.0, 0.0)	(14.0, 0.0)	(15.0, 0.0)	(16.0, 0.0)	(17.0, 0.0)	(18.0, 0.0)	(19.0, 0.0)	(20.0, 0.0)	(21.0, 0.0)	(22.0, 0.0)	(23.0, 0.0)	(24.0, 0.0)	(25.0, 0.0)	(26.0, 0.0)	(27.0, 0.0)	(28.0, 0.0)	(29.0, 0.0)	(30.0, 0.0)	(31.0, 0.0010214521985908327)	(32.0, 0.0010214521985908327)	(33.0, 0.0)	(34.0, 0.0)	(35.0, 0.0)	(36.0, 0.0010214521985908327)	(37.0, 0.0020429043971816655)	(38.0, 0.0030643565957724985)	(39.0, 0.004085808794363331)	(40.0, 0.004085808794363331)	(41.0, 0.00476677692675722)	(42.0, 0.010214521985908326)	(43.0, 0.019407591773225825)	(44.0, 0.030643565957725)	(45.0, 0.48825415092642294)	(46.0, 4.404161396257199)	(47.0, 1.4487597016680187)	(48.0, 5.688467293952646)	(49.0, 2.195100774771758)	(50.0, 2.4286728441828145)	(51.0, 4.390201549543131)	(52.0, 7.7630367092915185)	(53.0, 16.152223616311577)	(54.0, 19.410485887787566)	(55.0, 6.861094417935392)	(56.0, 15.683547299191961)	(57.0, 4.090064845190544)	(58.0, 0.8544447641212282)	(59.0, 0.6504948084692617)	(60.0, 2.461870040637003)	(61.0, 2.5359253250348273)	(62.0, 0.7209750101720286)	(63.0, 0.4506306616116563)	(64.0, 0.4904672973567019)	(65.0, 0.16513477210551786)	(66.0, 0.05720132312108663)	(67.0, 0.09499505446894746)	(68.0, 0.09397360227035666)	(69.0, 0.03438889068589138)	(70.0, 0.028600661560543326)	(71.0, 0.05754180718728352)	(72.0, 0.1886281726731067)	(73.0, 0.018726623640831937)	(74.0, 0.001361936264787777)	(75.0, 0.0)	(76.0, 0.0020429043971816655)	(77.0, 0.0030643565957724985)	(78.0, 0.0010214521985908327)	(79.0, 0.0)	(80.0, 0.0)	(81.0, 0.0)	(82.0, 0.0)	(83.0, 0.0)	(84.0, 0.0)	(85.0, 0.0)	(86.0, 0.0)	(87.0, 0.0)	(88.0, 0.0006809681323938885)	(89.0, 0.0)	(90.0, 0.0)	(91.0, 0.0)	(92.0, 0.0)	(93.0, 0.0)	(94.0, 0.0005107260992954164)	(95.0, 0.0005107260992954164)	(96.0, 0.0)	(97.0, 0.0006809681323938885)	(98.0, 0.0)	(99.0, 0.0006809681323938885)	(100.0, 0.0)
negative_control_S90_L001_R1_001	(0.0, 0.0)	(1.0, 0.0)	(2.0, 0.0)	(3.0, 0.0)	(4.0, 0.0)	(5.0, 0.0)	(6.0, 0.0)	(7.0, 0.0)	(8.0, 0.0)	(9.0, 0.0)	(10.0, 0.0)	(11.0, 0.0)	(12.0, 0.0)	(13.0, 0.0)	(14.0, 0.0)	(15.0, 0.0)	(16.0, 0.0)	(17.0, 0.0)	(18.0, 0.0)	(19.0, 0.0)	(20.0, 0.0)	(21.0, 0.0)	(22.0, 0.0)	(23.0, 0.0)	(24.0, 0.0)	(25.0, 0.0)	(26.0, 0.0)	(27.0, 0.0)	(28.0, 0.0)	(29.0, 0.0)	(30.0, 0.0)	(31.0, 0.0)	(32.0, 0.0)	(33.0, 0.0)	(34.0, 0.0)	(35.0, 0.0)	(36.0, 0.0)	(37.0, 0.0)	(38.0, 0.0)	(39.0, 0.0)	(40.0, 0.0)	(41.0, 0.0)	(42.0, 0.0)	(43.0, 0.013872190881347361)	(44.0, 0.04161657264404208)	(45.0, 0.04161657264404208)	(46.0, 0.036992509016926294)	(47.0, 0.2173309904744419)	(48.0, 0.20808286322021036)	(49.0, 0.05086469989827364)	(50.0, 0.05548876352538943)	(51.0, 0.21039489503376824)	(52.0, 1.2716174974568428)	(53.0, 48.860168315915615)	(54.0, 45.88458337186729)	(55.0, 1.7571441783040016)	(56.0, 0.9895496162027781)	(57.0, 0.2774438176269472)	(58.0, 0.060112827152505224)	(59.0, 0.02312031813557893)	(60.0, 0.0)	(61.0, 0.0)	(62.0, 0.0)	(63.0, 0.0)	(64.0, 0.0)	(65.0, 0.0)	(66.0, 0.0)	(67.0, 0.0)	(68.0, 0.0)	(69.0, 0.0)	(70.0, 0.0)	(71.0, 0.0)	(72.0, 0.0)	(73.0, 0.0)	(74.0, 0.0)	(75.0, 0.0)	(76.0, 0.0)	(77.0, 0.0)	(78.0, 0.0)	(79.0, 0.0)	(80.0, 0.0)	(81.0, 0.0)	(82.0, 0.0)	(83.0, 0.0)	(84.0, 0.0)	(85.0, 0.0)	(86.0, 0.0)	(87.0, 0.0)	(88.0, 0.0)	(89.0, 0.0)	(90.0, 0.0)	(91.0, 0.0)	(92.0, 0.0)	(93.0, 0.0)	(94.0, 0.0)	(95.0, 0.0)	(96.0, 0.0)	(97.0, 0.0)	(98.0, 0.0)	(99.0, 0.0)	(100.0, 0.0)
negative_control_S90_L001_R2_001	(0.0, 0.0)	(1.0, 0.0)	(2.0, 0.0)	(3.0, 0.0)	(4.0, 0.0)	(5.0, 0.0)	(6.0, 0.0)	(7.0, 0.0)	(8.0, 0.0)	(9.0, 0.0)	(10.0, 0.0)	(11.0, 0.0)	(12.0, 0.0)	(13.0, 0.0)	(14.0, 0.0)	(15.0, 0.0)	(16.0, 0.0)	(17.0, 0.0)	(18.0, 0.0)	(19.0, 0.0)	(20.0, 0.0)	(21.0, 0.0)	(22.0, 0.0)	(23.0, 0.0)	(24.0, 0.0)	(25.0, 0.0)	(26.0, 0.0)	(27.0, 0.0)	(28.0, 0.0)	(29.0, 0.0)	(30.0, 0.0)	(31.0, 0.0)	(32.0, 0.0)	(33.0, 0.0)	(34.0, 0.0)	(35.0, 0.0)	(36.0, 0.0)	(37.0, 0.0)	(38.0, 0.0)	(39.0, 0.0)	(40.0, 0.0)	(41.0, 0.0)	(42.0, 0.0)	(43.0, 0.0)	(44.0, 0.0)	(45.0, 0.011163206072784534)	(46.0, 0.022326412145569068)	(47.0, 0.12837686983702215)	(48.0, 0.12279526680062988)	(49.0, 0.16186648805537573)	(50.0, 0.14512167894619893)	(51.0, 0.16744809109176798)	(52.0, 0.2288457244920829)	(53.0, 0.3293145791471438)	(54.0, 0.960035722259469)	(55.0, 12.926992632284339)	(56.0, 56.85979013172449)	(57.0, 13.390265684304884)	(58.0, 1.8363473989730577)	(59.0, 1.959142665773686)	(60.0, 4.046662201384393)	(61.0, 3.756418843491996)	(62.0, 1.2614422862246524)	(63.0, 0.3683858004018896)	(64.0, 0.3516409912927128)	(65.0, 0.334896182183536)	(66.0, 0.21768251841929842)	(67.0, 0.167448091091768)	(68.0, 0.0669792364367072)	(69.0, 0.0167448091091768)	(70.0, 0.0334896182183536)	(71.0, 0.0334896182183536)	(72.0, 0.0167448091091768)	(73.0, 0.0)	(74.0, 0.0167448091091768)	(75.0, 0.0167448091091768)	(76.0, 0.0)	(77.0, 0.0)	(78.0, 0.0)	(79.0, 0.0)	(80.0, 0.0)	(81.0, 0.0)	(82.0, 0.011163206072784534)	(83.0, 0.011163206072784534)	(84.0, 0.0)	(85.0, 0.0)	(86.0, 0.0)	(87.0, 0.0)	(88.0, 0.0)	(89.0, 0.0)	(90.0, 0.0)	(91.0, 0.0)	(92.0, 0.0)	(93.0, 0.011163206072784534)	(94.0, 0.011163206072784534)	(95.0, 0.0)	(96.0, 0.0)	(97.0, 0.0)	(98.0, 0.0)	(99.0, 0.0)	(100.0, 0.0)
