Sample	0	1	2	3	4	5	6	7	8	9	10	11	12	13	14	15	16	17	18	19	20	21	22	23	24	25	26	27	28	29	30	31	32	33	34	35	36	37	38	39	40	41	42	43	44	45	46	47	48	49	50	51	52	53	54	55	56	57	58	59	60	61	62	63	64	65	66	67
1002R_0_M_NS6_week10_S69_L001_R1_001	(1, 37.89071299113211)	(2, 37.7209932681727)	(3, 37.60246617904072)	(4, 37.7005712343841)	(5, 37.878098906078066)	(6, 37.88003268819988)	(7, 37.28543109586381)	(8, 37.65226713703152)	(9, 37.555343387921546)	(10, 37.58813839083436)	(15, 37.874195740824646)	(20, 37.57080069907438)	(25, 37.50147420545019)	(30, 37.69739788983106)	(35, 37.630696161563854)	(40, 37.39337173927115)	(45, 37.759031328888604)	(50, 37.59374560527449)	(55, 37.412076073130656)	(60, 37.297603249611605)	(65, 37.246069230582975)	(70, 37.357957795745314)	(75, 37.38282007859743)	(80, 37.354269877771294)	(85, 37.22601030528751)	(90, 37.33123621136622)	(95, 37.46573476112043)	(100, 36.80236987685638)	(105, 36.83380268206656)	(110, 36.49058820344958)	(115, 36.769570317505405)	(120, 36.930939262674045)	(125, 36.71107844194451)	(130, 36.7015699092261)	(135, 36.73694907499602)	(140, 36.78978314356307)	(145, 36.769591021486505)	(150, 36.62413504113762)	(155, 36.64747505287737)	(160, 36.951771247582386)	(165, 36.63700851330916)	(170, 36.75737506906769)	(175, 36.585383907035144)	(180, 36.263639969221416)	(185, 36.272733024127255)	(190, 36.31946281167354)	(195, 36.070045715612515)	(200, 36.16684504876858)	(205, 36.114025498783704)	(210, 36.08905283657845)	(215, 35.59393369011439)	(220, 34.90308556444898)	(225, 35.083081598656015)	(230, 34.919997055418975)	(235, 34.86746922459647)	(240, 34.34346945239564)	(245, 34.47860053602337)	(250, 33.819636532315215)	(255, 32.928686870331504)	(260, 33.95948516552836)	(265, 33.20403998884148)	(270, 31.61457311342314)	(275, 31.735943528581043)	(280, 31.102556016421676)	(285, 31.54833197171634)	(290, 31.121915677700763)	(295, 30.375925426173616)	(300, 30.627762282771936)
1002R_0_M_NS6_week10_S69_L001_R2_001	(1, 37.60336429542365)	(2, 37.34310473169784)	(3, 37.644799016117545)	(4, 37.581348307333805)	(5, 37.353963039678945)	(6, 37.45719787688523)	(7, 37.033537769434915)	(8, 37.52631238267849)	(9, 36.9264272768464)	(10, 37.40717360346948)	(15, 37.3257039290569)	(20, 37.27344326493625)	(25, 37.18490193540035)	(30, 37.332230241439575)	(35, 37.034162405333674)	(40, 36.70944559518416)	(45, 36.67451776814033)	(50, 37.12616922138668)	(55, 37.54455742412932)	(60, 36.92887453653765)	(65, 36.72735737132141)	(70, 37.31104758245151)	(75, 36.83006834322914)	(80, 37.33369935972278)	(85, 36.930629630724866)	(90, 37.38636019045829)	(95, 36.790592957043)	(100, 36.872130938187546)	(105, 36.229125791204225)	(110, 37.02022614137069)	(115, 36.03523996143559)	(120, 36.52751432637659)	(125, 35.94967955579959)	(130, 36.763413197322315)	(135, 35.18235109319353)	(140, 35.85820116739448)	(145, 35.57592852065277)	(150, 35.78625371802498)	(155, 34.65447779321907)	(160, 35.87764795471686)	(165, 36.142157863928404)	(170, 33.922017419969414)	(175, 35.42815526658843)	(180, 33.86900884058844)	(185, 33.26709925728085)	(190, 33.2584518910002)	(195, 32.4061311376471)	(200, 32.5574448913954)	(205, 31.305275243761137)	(210, 32.670556223113536)	(215, 33.116968299991115)	(220, 30.342724468098567)	(225, 31.009485845811916)	(230, 28.77612250741147)	(235, 27.452022079795476)	(240, 25.284581234539946)	(245, 28.04206878379141)	(250, 24.427215017053662)	(255, 24.473703343031552)	(260, 23.792524046856787)	(265, 24.402138159575493)	(270, 20.47872315780385)	(275, 25.292709363036398)	(280, 17.116881660247994)	(285, 12.633333333333335)	(290, 14.033333333333335)	(295, 14.930303030303032)	(300, 22.75)
1002R_L_M_NS6_week10_S70_L001_R1_001	(1, 37.8841098515666)	(2, 37.71971217298548)	(3, 37.59828063133916)	(4, 37.70488691218745)	(5, 37.88460704019092)	(6, 37.87778199634792)	(7, 37.285214514291916)	(8, 37.652600748494876)	(9, 37.56229321473125)	(10, 37.59768762090723)	(15, 37.88463054365316)	(20, 37.58083383052196)	(25, 37.51112256151579)	(30, 37.721458661025835)	(35, 37.65345229701144)	(40, 37.41012818426714)	(45, 37.78550017175607)	(50, 37.628840556128075)	(55, 37.435469753355854)	(60, 37.28856184630405)	(65, 37.263617215537735)	(70, 37.368606322488496)	(75, 37.40610577346755)	(80, 37.3391344656811)	(85, 37.23192763372897)	(90, 37.33425961658972)	(95, 37.4929626557388)	(100, 36.786832287964366)	(105, 36.85862263463157)	(110, 36.44867387046661)	(115, 36.798463340672114)	(120, 36.908213667447875)	(125, 36.66788097854)	(130, 36.66986880959873)	(135, 36.73023588532203)	(140, 36.78346176461734)	(145, 36.74925987981938)	(150, 36.58941867768807)	(155, 36.63079610817914)	(160, 36.92332265381192)	(165, 36.60950564508503)	(170, 36.74846837553083)	(175, 36.57690920513693)	(180, 36.22108785592675)	(185, 36.22638154848056)	(190, 36.2881645072612)	(195, 36.020008607594995)	(200, 36.112204170800034)	(205, 36.000261228863664)	(210, 35.9751146528653)	(215, 35.546417544876164)	(220, 34.82699993576729)	(225, 34.99221059934318)	(230, 34.67165491267947)	(235, 34.86539963283826)	(240, 34.23094145849169)	(245, 34.39225958225051)	(250, 33.73839630121962)	(255, 32.858484176924954)	(260, 33.866152666593884)	(265, 32.96621209631805)	(270, 31.422737659479385)	(275, 31.649344604626986)	(280, 31.010138174168134)	(285, 32.40784842154605)	(290, 31.729577607880078)	(295, 30.96488529695563)	(300, 31.15291687717317)
1002R_L_M_NS6_week10_S70_L001_R2_001	(1, 37.6252372945707)	(2, 37.369989694635784)	(3, 37.65609914845148)	(4, 37.58877980871797)	(5, 37.36556019598272)	(6, 37.49091500786462)	(7, 37.08782159064201)	(8, 37.53545406881091)	(9, 36.9988429064743)	(10, 37.431136663593136)	(15, 37.34113829075591)	(20, 37.321227242320695)	(25, 37.21146607365624)	(30, 37.35958850861493)	(35, 37.06603026522753)	(40, 36.62478711287086)	(45, 36.7439207390935)	(50, 37.155898450326205)	(55, 37.55137190244663)	(60, 36.95540223047649)	(65, 36.74678519820007)	(70, 37.290116310175)	(75, 36.86512348382802)	(80, 37.33729208410324)	(85, 36.928024677398994)	(90, 37.386587416897115)	(95, 36.799501497693555)	(100, 36.879445945970765)	(105, 36.19360821779412)	(110, 37.04041234218751)	(115, 36.19507961011654)	(120, 36.37247632967427)	(125, 35.86544181099548)	(130, 36.7604119776478)	(135, 34.949741089979184)	(140, 35.80558253818726)	(145, 35.5412000766589)	(150, 35.718660165691354)	(155, 34.57213582378004)	(160, 35.79122349183764)	(165, 36.04970570506987)	(170, 33.78798158265441)	(175, 35.459061311789675)	(180, 33.75916057393741)	(185, 33.09424621449739)	(190, 33.150933043898)	(195, 32.18957655712459)	(200, 32.2349936636268)	(205, 31.158648548041164)	(210, 32.53877250042159)	(215, 32.93250779368465)	(220, 30.116785377128235)	(225, 30.734209469686412)	(230, 28.49877472965546)	(235, 27.22693719282547)	(240, 25.12635349555786)	(245, 27.89112706699577)	(250, 24.153383508102394)	(255, 24.178810288835024)	(260, 23.476903886541187)	(265, 24.133221871625636)	(270, 20.15233398217919)	(275, 25.05639223099613)	(280, 18.061181121959155)	(285, 15.3)	(290, 15.62)	(295, 16.569444444444446)	(300, 21.095238095238095)
1030R_0_M_NS1_week10_S77_L001_R1_001	(1, 37.89718354287774)	(2, 37.679915280969766)	(3, 37.59010409625524)	(4, 37.648136631967915)	(5, 37.874336442701996)	(6, 37.89055022306341)	(7, 37.297030327610294)	(8, 37.66052904330584)	(9, 37.51260420891352)	(10, 37.56217745933036)	(15, 37.880282997611644)	(20, 37.578928394394126)	(25, 37.54419539452931)	(30, 37.703149925645526)	(35, 37.596625659050964)	(40, 37.41447613897525)	(45, 37.774025505835695)	(50, 37.58381506015952)	(55, 37.40350754120545)	(60, 37.31724964624661)	(65, 37.24742007877209)	(70, 37.36395435787865)	(75, 37.350111102364664)	(80, 37.32771552879588)	(85, 37.21056465753068)	(90, 37.3281681885172)	(95, 37.453769575322966)	(100, 36.81507825266127)	(105, 36.808361969095735)	(110, 36.70636742717905)	(115, 36.80950849206976)	(120, 36.87576603915055)	(125, 36.72919794243722)	(130, 36.67813864615711)	(135, 36.74586626198021)	(140, 36.81090665553991)	(145, 36.789070082152776)	(150, 36.664669668055296)	(155, 36.6657878121762)	(160, 36.949370978982856)	(165, 36.64493140268419)	(170, 36.739189621141136)	(175, 36.514788329276655)	(180, 36.18515372465514)	(185, 36.32225508417791)	(190, 36.318570819694926)	(195, 36.14405998858676)	(200, 36.14576054546325)	(205, 36.033124014768234)	(210, 36.13154422487703)	(215, 35.72162573133788)	(220, 34.96870378582442)	(225, 35.157834472390604)	(230, 34.92694320778221)	(235, 34.90057986264099)	(240, 34.355796147556944)	(245, 34.740505862347064)	(250, 33.76252803315168)	(255, 32.70398573420427)	(260, 33.704029505619566)	(265, 33.07783011955046)	(270, 31.51516785026813)	(275, 31.216870250529986)	(280, 31.048979678323953)	(285, 31.764975871676533)	(290, 30.906425783960138)	(295, 30.758712787641997)	(300, 31.503377110694185)
1030R_0_M_NS1_week10_S77_L001_R2_001	(1, 37.46251182911991)	(2, 37.18822044973187)	(3, 37.5911675904646)	(4, 37.56055157496282)	(5, 37.15563066107882)	(6, 37.31959803523951)	(7, 36.90638547158758)	(8, 37.4260826461178)	(9, 36.84963273399126)	(10, 37.31964490108602)	(15, 37.22637465639223)	(20, 37.2286638727412)	(25, 37.10535081789915)	(30, 37.26727952773647)	(35, 36.87020503807851)	(40, 36.50001351899419)	(45, 36.515904646027664)	(50, 36.9762734578604)	(55, 37.489396621932755)	(60, 36.76740679709117)	(65, 36.481219617246566)	(70, 37.1837599706418)	(75, 36.54102025610066)	(80, 37.22409151858921)	(85, 36.78607622655754)	(90, 37.31673219156057)	(95, 36.62958215095972)	(100, 36.7048976238778)	(105, 35.75672393929275)	(110, 36.85494126278198)	(115, 36.036631739222116)	(120, 36.23364408520385)	(125, 35.47009021235893)	(130, 36.60900519319806)	(135, 34.814801325448926)	(140, 35.634952162833734)	(145, 35.17385211438337)	(150, 35.28196790255431)	(155, 34.18617772249216)	(160, 35.540981068974354)	(165, 35.66558961742338)	(170, 33.107402801559296)	(175, 35.10244076430821)	(180, 32.964543291172895)	(185, 32.01274184092489)	(190, 32.20418100315085)	(195, 30.670419634835902)	(200, 31.689511715212223)	(205, 30.123832120957207)	(210, 31.455646758639865)	(215, 32.35226627665134)	(220, 28.687826674342574)	(225, 29.759065041120994)	(230, 27.343860529528865)	(235, 26.605309751138407)	(240, 24.243951630815303)	(245, 26.930482854075223)	(250, 23.70565644245783)	(255, 23.839041562854682)	(260, 22.80988343956366)	(265, 23.34231831493453)	(270, 19.640601382994568)	(275, 24.341544484853486)	(280, 16.813226657928674)	(285, 11.210909090909093)	(290, 16.559841269841268)	(295, 15.157142857142858)	(300, 21.083333333333332)
1030R_R_M_NS1_week10_S78_L001_R1_001	(1, 37.89188662605878)	(2, 37.6912364896737)	(3, 37.57383252322648)	(4, 37.64680366701532)	(5, 37.881365491499004)	(6, 37.886851658155415)	(7, 37.278584466457474)	(8, 37.655786624007874)	(9, 37.51198753050719)	(10, 37.56704813470334)	(15, 37.891162657150474)	(20, 37.593568366865604)	(25, 37.53527553887487)	(30, 37.72047211796796)	(35, 37.61887856600833)	(40, 37.42397095920753)	(45, 37.79494042125556)	(50, 37.61381926142714)	(55, 37.411909840436444)	(60, 37.31651831494319)	(65, 37.27208885376864)	(70, 37.38460734556348)	(75, 37.374767922874646)	(80, 37.340890132956744)	(85, 37.21593973016137)	(90, 37.335250646294966)	(95, 37.478261032758326)	(100, 36.790834674086454)	(105, 36.807861758983)	(110, 36.68468119741698)	(115, 36.80983757922634)	(120, 36.87789670016389)	(125, 36.71785170589266)	(130, 36.68018711202339)	(135, 36.749378195228296)	(140, 36.80494720133032)	(145, 36.78940104611362)	(150, 36.667425929829434)	(155, 36.65520408360102)	(160, 36.953697345632655)	(165, 36.62642774643047)	(170, 36.725244403644005)	(175, 36.5336876658637)	(180, 36.173120612331005)	(185, 36.29378749627148)	(190, 36.30369858258318)	(195, 36.120794994223644)	(200, 36.13616857899886)	(205, 35.98929414353087)	(210, 36.010524451742825)	(215, 35.688817365183226)	(220, 34.923078263911705)	(225, 35.13357048953258)	(230, 34.874245058672095)	(235, 34.972630983619084)	(240, 34.35308825370949)	(245, 34.74084883779083)	(250, 33.77792893574555)	(255, 32.76706743772328)	(260, 33.747534215523366)	(265, 33.03321265390916)	(270, 31.562908943086654)	(275, 31.377053893102953)	(280, 31.14613327896626)	(285, 32.056939670690824)	(290, 31.64094212178727)	(295, 30.761409219556192)	(300, 31.835981869812144)
1030R_R_M_NS1_week10_S78_L001_R2_001	(1, 37.47400479911401)	(2, 37.225589122008245)	(3, 37.597243585799546)	(4, 37.555743555035995)	(5, 37.155171352980986)	(6, 37.32879058225148)	(7, 36.91764597305113)	(8, 37.429090014151235)	(9, 36.87023934042946)	(10, 37.33745154740664)	(15, 37.23171927233947)	(20, 37.22969092885416)	(25, 37.10199347812712)	(30, 37.2884041920466)	(35, 36.88848417728009)	(40, 36.491630263130915)	(45, 36.55469554338687)	(50, 36.99258227543761)	(55, 37.49415567529512)	(60, 36.770376267111104)	(65, 36.50282292882109)	(70, 37.175933934062684)	(75, 36.60007782591672)	(80, 37.23007915398112)	(85, 36.78695685004471)	(90, 37.31254995697687)	(95, 36.65881391052411)	(100, 36.73283089908184)	(105, 35.82427363734361)	(110, 36.87665818882171)	(115, 36.061201610457154)	(120, 36.23498309954123)	(125, 35.48114818321784)	(130, 36.608781608846634)	(135, 34.7409039412252)	(140, 35.643004402908694)	(145, 35.23134250990796)	(150, 35.36012209519494)	(155, 34.21778077221196)	(160, 35.59827398113451)	(165, 35.7325048695398)	(170, 33.164261409257264)	(175, 35.22074706998496)	(180, 33.084355265763485)	(185, 32.22369765978678)	(190, 32.28071737766611)	(195, 30.72899716569958)	(200, 31.735907246237286)	(205, 30.22637588011778)	(210, 31.69368175360456)	(215, 32.44167712833371)	(220, 28.9506086314555)	(225, 29.880853792668006)	(230, 27.48546936587722)	(235, 26.709329117687936)	(240, 24.31858652850053)	(245, 27.08832924200835)	(250, 23.776209827773037)	(255, 23.86433137988865)	(260, 22.88248958180356)	(265, 23.500959106655394)	(270, 19.706994396257006)	(275, 24.454740678677673)	(280, 16.130002824499712)	(285, 12.83714285714286)	(290, 15.664285714285715)	(295, 15.814242424242423)	(300, 22.544444444444444)
1075R_0_M_NS6_week9_S72_L001_R1_001	(1, 37.89858599383012)	(2, 37.770321249898224)	(3, 37.63626658946778)	(4, 37.765942625546195)	(5, 37.90149904556845)	(6, 37.89029917584158)	(7, 37.28812071975899)	(8, 37.666419388982874)	(9, 37.61667134081801)	(10, 37.64137980947556)	(15, 37.892609714394275)	(20, 37.60696418393841)	(25, 37.53149624107765)	(30, 37.735815156915784)	(35, 37.685053873363664)	(40, 37.430000814207006)	(45, 37.79098763310024)	(50, 37.67017233293396)	(55, 37.49529436967726)	(60, 37.3056027502601)	(65, 37.298666483289445)	(70, 37.39191380027865)	(75, 37.444950229842895)	(80, 37.369142738054016)	(85, 37.27126493087189)	(90, 37.39118655547013)	(95, 37.535823410812306)	(100, 36.87059765507034)	(105, 36.911796089918674)	(110, 36.43263658211961)	(115, 36.82445641575222)	(120, 36.97084873291691)	(125, 36.73076156574204)	(130, 36.74404503607184)	(135, 36.77960481320775)	(140, 36.83920347968797)	(145, 36.78467448523238)	(150, 36.599401001042345)	(155, 36.67802581405666)	(160, 36.95961603443998)	(165, 36.664431983940055)	(170, 36.776399189463476)	(175, 36.65138975029704)	(180, 36.29908184267829)	(185, 36.23916019329632)	(190, 36.31037198651458)	(195, 36.063740668142586)	(200, 36.17536757271044)	(205, 36.113810149183976)	(210, 36.064794149744344)	(215, 35.5844479557359)	(220, 34.80803432224833)	(225, 34.84273966162489)	(230, 34.68586084256049)	(235, 34.86241741466206)	(240, 34.25286688742259)	(245, 34.44925912962972)	(250, 33.77646347730935)	(255, 32.79230425085266)	(260, 33.84697560984977)	(265, 32.826075559259216)	(270, 31.362476805991086)	(275, 31.735846722594736)	(280, 30.930927537883655)	(285, 31.946718336338876)	(290, 31.84522613065327)	(295, 31.300706722115116)	(300, 30.94793359647086)
1075R_0_M_NS6_week9_S72_L001_R2_001	(1, 37.68009806671069)	(2, 37.45543121307797)	(3, 37.703275826193945)	(4, 37.625229561142426)	(5, 37.4149198910772)	(6, 37.544993983914885)	(7, 37.090413164822635)	(8, 37.56414594208274)	(9, 36.98561567619892)	(10, 37.50399594705845)	(15, 37.39682459267033)	(20, 37.33442557695613)	(25, 37.268105702163076)	(30, 37.39458642807385)	(35, 37.11933017903508)	(40, 36.63100862154754)	(45, 36.7957226991867)	(50, 37.17577005130586)	(55, 37.57581733414338)	(60, 37.01485582109195)	(65, 36.83156335270415)	(70, 37.358778924146215)	(75, 36.906531912650934)	(80, 37.382874916148765)	(85, 36.98976356606248)	(90, 37.417222872351616)	(95, 36.85623183673874)	(100, 36.89078490732622)	(105, 36.38765306003933)	(110, 37.1061646295887)	(115, 36.212952468410165)	(120, 36.386868892783255)	(125, 35.923716332088894)	(130, 36.78744158245975)	(135, 34.89520409486248)	(140, 35.91309921361092)	(145, 35.59099626499541)	(150, 35.77552401516183)	(155, 34.67663997934593)	(160, 36.04931468971694)	(165, 36.1959940703205)	(170, 33.870390510939)	(175, 35.27293870653707)	(180, 33.88549667604938)	(185, 33.348999602307096)	(190, 33.33116367798917)	(195, 32.3743071702217)	(200, 32.428617347798514)	(205, 31.375002549095218)	(210, 32.90618348438541)	(215, 33.03719854697766)	(220, 30.459978806256117)	(225, 31.08500864128144)	(230, 28.64498656252905)	(235, 27.244365074407625)	(240, 25.318806695767638)	(245, 28.070457250130072)	(250, 24.39404060156123)	(255, 24.169603040291374)	(260, 23.455342572925055)	(265, 24.20750008031238)	(270, 20.256273914790036)	(275, 25.07172446551802)	(280, 19.54964636026638)	(285, 15.542857142857144)	(290, 15.628571428571428)	(295, 15.833333333333334)	(300, 21.916666666666664)
1136R_RL_F_S5_week10_S58_L001_R1_001	(1, 37.90651696120454)	(2, 37.68550913448629)	(3, 37.620080952333595)	(4, 37.66098475430867)	(5, 37.880878740564675)	(6, 37.895617236681154)	(7, 37.28540172844172)	(8, 37.658687458355296)	(9, 37.56189273318549)	(10, 37.58670551848279)	(15, 37.89457897825027)	(20, 37.629212455123174)	(25, 37.66322635823894)	(30, 37.73987847204957)	(35, 37.605978936481264)	(40, 37.4949171083906)	(45, 37.791614372519966)	(50, 37.61305977941981)	(55, 37.46149508726678)	(60, 37.3469631721847)	(65, 37.32944534505564)	(70, 37.38108186058538)	(75, 37.38866610971874)	(80, 37.30486077168175)	(85, 37.22683697856691)	(90, 37.38743868939969)	(95, 37.502426075284326)	(100, 36.89718994304185)	(105, 36.91551632399537)	(110, 36.8278707792815)	(115, 36.77382419964846)	(120, 36.882722942637336)	(125, 36.822123410915914)	(130, 36.756459369046986)	(135, 36.825981172353295)	(140, 36.8706529351529)	(145, 36.83153697802644)	(150, 36.65908124486613)	(155, 36.70436664163644)	(160, 36.99115712315458)	(165, 36.67712411467123)	(170, 36.80393614724001)	(175, 36.626531834867926)	(180, 36.2794125263528)	(185, 36.36537442741591)	(190, 36.37084927739911)	(195, 36.23912351841231)	(200, 36.19739516668314)	(205, 36.18025494916678)	(210, 36.17002887888628)	(215, 35.79651327566256)	(220, 35.02260647709717)	(225, 35.21996587236731)	(230, 35.07029994913565)	(235, 34.950759521858174)	(240, 34.43276264019566)	(245, 34.70835645537333)	(250, 33.627369179065035)	(255, 32.72667760885627)	(260, 33.78101001049045)	(265, 33.05082150499187)	(270, 31.340221627503173)	(275, 30.995329595068267)	(280, 30.790785374368248)	(285, 31.463744904279668)	(290, 31.337950659417704)	(295, 30.14790965925237)	(300, 30.488420181968568)
1136R_RL_F_S5_week10_S58_L001_R2_001	(1, 37.45096615715096)	(2, 37.23500044752519)	(3, 37.5964814575398)	(4, 37.54939186299762)	(5, 37.197109981800644)	(6, 37.339721340984354)	(7, 37.027348761349735)	(8, 37.48220341511442)	(9, 37.0524400067626)	(10, 37.33360118544449)	(15, 37.23036010859944)	(20, 37.28432567899515)	(25, 37.282650940300144)	(30, 37.332513201992974)	(35, 36.81230992610862)	(40, 36.47832486350482)	(45, 36.52183425656121)	(50, 36.99813843963421)	(55, 37.51070623033546)	(60, 36.80232678863892)	(65, 36.50891719721893)	(70, 37.15041271957137)	(75, 36.55310442899443)	(80, 37.220309405823485)	(85, 36.74934446181365)	(90, 37.31931467980214)	(95, 36.63954321496769)	(100, 36.75388528357445)	(105, 35.671173968289665)	(110, 36.86049442439433)	(115, 36.205330042613625)	(120, 36.08421237472098)	(125, 35.484540861886806)	(130, 36.56391882110198)	(135, 34.70306406615381)	(140, 35.602511001698495)	(145, 35.07035723043325)	(150, 35.03584474572194)	(155, 34.10752647471763)	(160, 35.27446125309873)	(165, 35.62766999554675)	(170, 33.10762262624957)	(175, 34.973409959371025)	(180, 32.573175804410894)	(185, 31.409054631085933)	(190, 31.82002978285167)	(195, 30.360587671297697)	(200, 31.39427530723778)	(205, 29.672750495323605)	(210, 31.096934568466672)	(215, 32.217110745393384)	(220, 28.301750344121068)	(225, 29.382919294065083)	(230, 26.8507501708218)	(235, 25.945416944769033)	(240, 23.68731193113164)	(245, 26.232355714381093)	(250, 23.59400244766662)	(255, 23.115245235183714)	(260, 22.111482658246366)	(265, 22.61553275097163)	(270, 19.078908310279058)	(275, 24.245419828770746)	(280, 14.092198038243732)	(285, 12.825)	(290, 13.125)	(295, 15.610714285714286)	(300, 25.5)
1136R_R_F_S5_week10_S57_L001_R1_001	(1, 37.89305271000186)	(2, 37.64419817470665)	(3, 37.555103371205064)	(4, 37.609750419072455)	(5, 37.86436952877631)	(6, 37.88467126094245)	(7, 37.2528496926802)	(8, 37.637539579065006)	(9, 37.497215496368035)	(10, 37.512980070776685)	(15, 37.86630843732538)	(20, 37.564108772583346)	(25, 37.5917452039486)	(30, 37.68039672192215)	(35, 37.52883404730862)	(40, 37.394447755634204)	(45, 37.755989942261124)	(50, 37.52805537364011)	(55, 37.33647371912626)	(60, 37.23516794080714)	(65, 37.211784866123395)	(70, 37.310956127139264)	(75, 37.3026579826611)	(80, 37.187161748184415)	(85, 37.09783950949612)	(90, 37.300832052495046)	(95, 37.4312560227572)	(100, 36.74272665959201)	(105, 36.7700495644062)	(110, 36.68477530496099)	(115, 36.614004139941116)	(120, 36.69377775405868)	(125, 36.645802664532084)	(130, 36.579021820365696)	(135, 36.65249860418953)	(140, 36.688840191922836)	(145, 36.6546613807613)	(150, 36.46122904562445)	(155, 36.519775605336406)	(160, 36.858936653007575)	(165, 36.502146535539836)	(170, 36.667447036015794)	(175, 36.47670170649691)	(180, 36.08525975544724)	(185, 36.1919714442187)	(190, 36.19127430801284)	(195, 36.04825733543658)	(200, 36.02411065592822)	(205, 36.01927794138702)	(210, 36.0085827768694)	(215, 35.61972365030947)	(220, 34.82110113521266)	(225, 35.05768255826315)	(230, 34.88900969797496)	(235, 34.79093709167584)	(240, 34.26535943247116)	(245, 34.542206355040044)	(250, 33.475850541882956)	(255, 32.51123367948598)	(260, 33.7055979097453)	(265, 32.96395780475987)	(270, 31.212492407755555)	(275, 30.986407613538383)	(280, 30.707544419193688)	(285, 31.415474180799873)	(290, 30.67467700852677)	(295, 29.602118962445882)	(300, 30.877387873754152)
1136R_R_F_S5_week10_S57_L001_R2_001	(1, 37.38901098901099)	(2, 37.11676289811883)	(3, 37.544011920283104)	(4, 37.5002048798659)	(5, 37.09082696964053)	(6, 37.26410877258335)	(7, 36.88080648165394)	(8, 37.42172657850624)	(9, 36.91034643322779)	(10, 37.25206183646862)	(15, 37.149055690072636)	(20, 37.19652076736823)	(25, 37.19161668839635)	(30, 37.252428757683)	(35, 36.73331346619482)	(40, 36.344606071894205)	(45, 36.402706276774076)	(50, 36.89717646759142)	(55, 37.464730680964294)	(60, 36.71546671784807)	(65, 36.4281898204586)	(70, 37.08503847345095)	(75, 36.431669587637245)	(80, 37.169286446953954)	(85, 36.69010380914732)	(90, 37.28114494177236)	(95, 36.57635500833677)	(100, 36.65783196325732)	(105, 35.58832480793022)	(110, 36.798316400796466)	(115, 36.05562837448487)	(120, 35.97851948773961)	(125, 35.390237337295495)	(130, 36.4795205358738)	(135, 34.612357837344234)	(140, 35.57117101412206)	(145, 35.007719811001664)	(150, 35.00862315163672)	(155, 34.047008891059704)	(160, 35.26068338422704)	(165, 35.59368521544403)	(170, 33.00097285307621)	(175, 34.93905427470041)	(180, 32.60244677044091)	(185, 31.50068595254719)	(190, 31.83708072619292)	(195, 30.39858840270129)	(200, 31.495829633586954)	(205, 29.78014879993367)	(210, 31.23738916510416)	(215, 32.27536366627621)	(220, 28.46796219411927)	(225, 29.525394653183433)	(230, 27.002114612766768)	(235, 26.03431135988)	(240, 23.77905340420492)	(245, 26.34855159176762)	(250, 23.5897361792658)	(255, 23.06305038989711)	(260, 22.193042416610176)	(265, 22.850399214182087)	(270, 19.156227058280262)	(275, 24.321405680463716)	(280, 15.87036691336291)	(285, 11.6125)	(290, 12.9)	(295, 14.47238095238095)	(300, 22.340909090909093)
1174R_0_M_S2_week9_S56_L001_R1_001	(1, 37.900350342425085)	(2, 37.70893868017893)	(3, 37.6082795613792)	(4, 37.66539329401053)	(5, 37.88386247575314)	(6, 37.886207988599025)	(7, 37.28013538656427)	(8, 37.663829618779936)	(9, 37.57012786508847)	(10, 37.58986184236571)	(15, 37.89162345116979)	(20, 37.62774830766794)	(25, 37.53395946320414)	(30, 37.734264280907325)	(35, 37.6251276671549)	(40, 37.470212976525076)	(45, 37.791906496179884)	(50, 37.623422679227716)	(55, 37.433708421167225)	(60, 37.321702294078754)	(65, 37.31165215388879)	(70, 37.38817300079176)	(75, 37.400406403869184)	(80, 37.32464442204225)	(85, 37.198040280884626)	(90, 37.40194707653373)	(95, 37.52557056952984)	(100, 36.89716221440753)	(105, 36.883407485293176)	(110, 36.81205633811678)	(115, 36.83194125505762)	(120, 36.87234860955728)	(125, 36.83636593017492)	(130, 36.77160521643968)	(135, 36.846445325094166)	(140, 36.87322724622228)	(145, 36.78636877646638)	(150, 36.6508712374501)	(155, 36.662363753784305)	(160, 37.0324440639471)	(165, 36.70913314782987)	(170, 36.8721215699174)	(175, 36.61482715910289)	(180, 36.35364944583523)	(185, 36.39217195710011)	(190, 36.444737493633625)	(195, 36.23961055813351)	(200, 36.25177288703361)	(205, 36.19905125151758)	(210, 36.161252115434785)	(215, 35.78020186894061)	(220, 34.94936830826434)	(225, 35.24203908844049)	(230, 35.094590129987935)	(235, 35.020247741582715)	(240, 34.52809928322588)	(245, 34.76981573086183)	(250, 33.8758294586984)	(255, 32.699978636972936)	(260, 33.89958214287108)	(265, 33.1767451003709)	(270, 31.68596491981354)	(275, 31.66453520861223)	(280, 31.039967806025267)	(285, 31.996388346148223)	(290, 31.59805263895929)	(295, 30.55745552184252)	(300, 31.049457994579946)
1174R_0_M_S2_week9_S56_L001_R2_001	(1, 37.55104706860378)	(2, 37.347511974981195)	(3, 37.65681287359962)	(4, 37.60792328094691)	(5, 37.27983848620403)	(6, 37.435463758362694)	(7, 37.09471121491627)	(8, 37.53568742330074)	(9, 37.06529828589525)	(10, 37.41299631843553)	(15, 37.321032421519334)	(20, 37.31922528799335)	(25, 37.32805708404259)	(30, 37.395429713788054)	(35, 36.95801235105499)	(40, 36.57365108269666)	(45, 36.720494042199434)	(50, 37.08198210692737)	(55, 37.56303591117439)	(60, 36.914761381805036)	(65, 36.639728949113376)	(70, 37.24671899825806)	(75, 36.71112450374822)	(80, 37.3114213220543)	(85, 36.897935186199575)	(90, 37.39901814668559)	(95, 36.754163268797214)	(100, 36.869405993765355)	(105, 36.00782726348106)	(110, 36.983277030911935)	(115, 36.38743984061996)	(120, 36.255164172859196)	(125, 35.74313003963877)	(130, 36.71892312866263)	(135, 35.024141595566675)	(140, 35.82763842963134)	(145, 35.420555912253924)	(150, 35.32118259623486)	(155, 34.43768533044918)	(160, 35.692950582084435)	(165, 35.896505603812855)	(170, 33.45151275208934)	(175, 35.30542393970198)	(180, 33.08878299874597)	(185, 32.206934372478855)	(190, 32.30009786819587)	(195, 31.18859164247193)	(200, 32.032715311430806)	(205, 30.399996891283422)	(210, 31.900473565081956)	(215, 32.643702773947766)	(220, 29.16860440278009)	(225, 30.050032170360645)	(230, 27.561149910126954)	(235, 26.422928635407317)	(240, 24.16158811400222)	(245, 26.94903234228188)	(250, 23.912145032532365)	(255, 23.3925345465779)	(260, 22.572795380796872)	(265, 23.21286301878556)	(270, 19.450971632988804)	(275, 24.450699746012354)	(280, 17.7200309652899)	(285, 14.86102564102564)	(290, 14.153846153846155)	(295, 17.865850815850816)	(300, 21.75)
160R_0_F_S2_week10_S49_L001_R1_001	(1, 37.901425473676724)	(2, 37.65200312822154)	(3, 37.577219082151366)	(4, 37.60707937862145)	(5, 37.87129856741673)	(6, 37.89421812235612)	(7, 37.268067256763004)	(8, 37.645684476200636)	(9, 37.523123955778324)	(10, 37.540368276989796)	(15, 37.87403398386122)	(20, 37.58580036258931)	(25, 37.52784294905975)	(30, 37.69861540649106)	(35, 37.55229284419324)	(40, 37.44734812128968)	(45, 37.768760442216774)	(50, 37.563669974807894)	(55, 37.361572300774064)	(60, 37.30819476906943)	(65, 37.25394522774031)	(70, 37.35636523933471)	(75, 37.3496701013878)	(80, 37.295955762672136)	(85, 37.166535191800804)	(90, 37.3602329360347)	(95, 37.471736274718786)	(100, 36.804618644474616)	(105, 36.76090822487349)	(110, 36.817200682385064)	(115, 36.78457094908643)	(120, 36.811368358038706)	(125, 36.78886192405398)	(130, 36.712582790105735)	(135, 36.81583159547266)	(140, 36.79573438013534)	(145, 36.75302008858124)	(150, 36.64846222824821)	(155, 36.61491746174999)	(160, 36.98685545256866)	(165, 36.64140750971761)	(170, 36.79922832150135)	(175, 36.48558958824202)	(180, 36.2103681999883)	(185, 36.39693683891461)	(190, 36.40795539860612)	(195, 36.198923153557104)	(200, 36.158289960664916)	(205, 36.065380213454674)	(210, 36.04179581709876)	(215, 35.72145175745074)	(220, 34.89276793136766)	(225, 35.20706136297151)	(230, 35.17799472568102)	(235, 34.94508551424657)	(240, 34.57635750859689)	(245, 34.883588045121414)	(250, 33.78362758268399)	(255, 32.608237513986595)	(260, 33.807929095253925)	(265, 33.40244131853253)	(270, 31.656178048546195)	(275, 31.480801188056752)	(280, 31.02052318946978)	(285, 31.86257975013651)	(290, 31.2370515327907)	(295, 31.30760789653425)	(300, 30.606712614386655)
160R_0_F_S2_week10_S49_L001_R2_001	(1, 37.420114819949525)	(2, 37.16924389463581)	(3, 37.5921670043724)	(4, 37.56198677615442)	(5, 37.178308627492804)	(6, 37.311995663147414)	(7, 36.95550282606377)	(8, 37.46624720059721)	(9, 36.98816252532793)	(10, 37.30986456222673)	(15, 37.2228822295688)	(20, 37.25841065017241)	(25, 37.27427037787494)	(30, 37.307386868579144)	(35, 36.84604173331911)	(40, 36.48269169243895)	(45, 36.59344850876258)	(50, 37.003379730174366)	(55, 37.51006822179505)	(60, 36.819000952953715)	(65, 36.52151263870167)	(70, 37.19574309772456)	(75, 36.581009802738144)	(80, 37.254399889051356)	(85, 36.7924640499046)	(90, 37.34245330156664)	(95, 36.655281516184814)	(100, 36.77971010447741)	(105, 35.731488080014756)	(110, 36.84541330265877)	(115, 36.20986032383794)	(120, 36.173703954163685)	(125, 35.575521090688)	(130, 36.6725180644763)	(135, 35.050134573584465)	(140, 35.72486085947367)	(145, 35.295829174059165)	(150, 35.26370267700211)	(155, 34.27378353726412)	(160, 35.58550164140014)	(165, 35.725350646249595)	(170, 33.275722406455635)	(175, 35.337214044047776)	(180, 32.82939000398658)	(185, 31.833298772910744)	(190, 32.08109849823523)	(195, 30.727162198991245)	(200, 31.922998161886103)	(205, 29.9347963859397)	(210, 31.322387726148)	(215, 32.36110704511945)	(220, 28.57033581543366)	(225, 29.581831212503694)	(230, 27.273771668809804)	(235, 26.28724375141264)	(240, 23.63165660295736)	(245, 26.61204497098377)	(250, 23.824943850450815)	(255, 23.324992023680238)	(260, 22.428424265898848)	(265, 23.052428721698142)	(270, 19.230435391991126)	(275, 24.254794979782822)	(280, 19.532754322103976)	(285, 15.898246753246756)	(290, 15.514285714285714)	(295, 14.542857142857141)	(300, 22.410714285714285)
160R_L_F_S2_week10_S50_L001_R1_001	(1, 37.91816372859505)	(2, 37.66639574750334)	(3, 37.603766710574256)	(4, 37.58426987285483)	(5, 37.87420942985529)	(6, 37.89734966321945)	(7, 37.25527124613473)	(8, 37.64296591089562)	(9, 37.53503732145026)	(10, 37.55282643423671)	(15, 37.893975318330014)	(20, 37.615986099044314)	(25, 37.64046598096092)	(30, 37.72974225311324)	(35, 37.557376007772575)	(40, 37.51912409031884)	(45, 37.791580953448616)	(50, 37.59164074250535)	(55, 37.423757902713604)	(60, 37.37007235428047)	(65, 37.32648424435497)	(70, 37.40740090245794)	(75, 37.367817938920595)	(80, 37.27890007414766)	(85, 37.239129657994965)	(90, 37.38438208612434)	(95, 37.50607553402882)	(100, 36.936971134048314)	(105, 36.85935962378936)	(110, 36.917000886987054)	(115, 36.82144755183891)	(120, 36.84548708625021)	(125, 36.82597652883512)	(130, 36.72208608688421)	(135, 36.84548796103728)	(140, 36.87502485635522)	(145, 36.799439359705524)	(150, 36.667914995633296)	(155, 36.638238614213975)	(160, 36.99326630958884)	(165, 36.668764263199265)	(170, 36.832087631742944)	(175, 36.5166418919124)	(180, 36.24190167780064)	(185, 36.452725285886984)	(190, 36.40071625068482)	(195, 36.313472417753715)	(200, 36.202456815383165)	(205, 36.030161388012175)	(210, 36.03618548901104)	(215, 35.81187876533731)	(220, 35.03209732251031)	(225, 35.339663147354116)	(230, 35.13944219345764)	(235, 34.89528018591165)	(240, 34.572205852516745)	(245, 34.84226173916003)	(250, 33.52696228096707)	(255, 32.440514066826815)	(260, 33.64879848806482)	(265, 33.37064068470086)	(270, 31.321232537722075)	(275, 30.941615127952332)	(280, 30.68336782589527)	(285, 31.500656915482022)	(290, 30.439136216077504)	(295, 29.812417018937897)	(300, 30.978798267773364)
160R_L_F_S2_week10_S50_L001_R2_001	(1, 37.39954037162636)	(2, 37.18692488065544)	(3, 37.601319096064195)	(4, 37.59146324374317)	(5, 37.18728922021991)	(6, 37.33596778864568)	(7, 37.13208710518203)	(8, 37.50477845351868)	(9, 37.20501107031754)	(10, 37.338196799417055)	(15, 37.24022121950991)	(20, 37.3274104799006)	(25, 37.3403417318274)	(30, 37.37854507067253)	(35, 36.889491139074956)	(40, 36.68878301243426)	(45, 36.69266556430593)	(50, 37.08245373628269)	(55, 37.54233923693337)	(60, 36.89333101202076)	(65, 36.575881261737514)	(70, 37.219661966987935)	(75, 36.61150596784781)	(80, 37.27439384790593)	(85, 36.85781350837673)	(90, 37.369446495280044)	(95, 36.681880729941795)	(100, 36.83558546660926)	(105, 35.53661606636113)	(110, 36.84447470401824)	(115, 36.219422245659366)	(120, 36.24815160511258)	(125, 35.49363295471369)	(130, 36.69174240852588)	(135, 35.123521517185985)	(140, 35.63784547062861)	(145, 35.14497870351484)	(150, 35.11047518721343)	(155, 34.194493124382355)	(160, 35.38196791246139)	(165, 35.556286856450825)	(170, 33.199510525499804)	(175, 35.18726826624615)	(180, 32.46327237969462)	(185, 31.117790914948394)	(190, 31.671863998886863)	(195, 29.99857243273674)	(200, 31.271980129533794)	(205, 29.26852944463647)	(210, 30.43507693112058)	(215, 32.0790814318093)	(220, 27.37931117281791)	(225, 28.685682525676423)	(230, 26.321083290874537)	(235, 25.96611745109716)	(240, 23.19653848666501)	(245, 25.6619476463154)	(250, 23.439047752703452)	(255, 23.05829380956903)	(260, 21.785810839935074)	(265, 22.317865976826337)	(270, 18.67813586244742)	(275, 23.97007570170515)	(280, 16.109701273053066)	(285, 12.08)	(290, 13.459999999999999)	(295, 12.757222222222222)	(300, 20.791666666666664)
184R_0_F_NS6_week10_S65_L001_R1_001	(1, 37.89069006826523)	(2, 37.698862880069974)	(3, 37.58729011770522)	(4, 37.675112666146916)	(5, 37.87302477704463)	(6, 37.8720454847972)	(7, 37.262659491528645)	(8, 37.645372606438606)	(9, 37.54867938161973)	(10, 37.571357127916485)	(15, 37.87058700488696)	(20, 37.55268782444998)	(25, 37.49886097853163)	(30, 37.690119606761876)	(35, 37.59003403753637)	(40, 37.38637547776151)	(45, 37.751995664492576)	(50, 37.57838899055361)	(55, 37.38881102923698)	(60, 37.2545296710364)	(65, 37.213450092228115)	(70, 37.33765569437314)	(75, 37.36414024777959)	(80, 37.30069662462585)	(85, 37.20911130187749)	(90, 37.31665416859228)	(95, 37.47051738058885)	(100, 36.79500828506666)	(105, 36.81427051681695)	(110, 36.51139491318819)	(115, 36.76994863368432)	(120, 36.8552724407097)	(125, 36.63703400604114)	(130, 36.610339308063864)	(135, 36.67701113374416)	(140, 36.74081633627607)	(145, 36.69343933642213)	(150, 36.55173952725157)	(155, 36.56546918897037)	(160, 36.87352471857577)	(165, 36.55443686789668)	(170, 36.710727722819456)	(175, 36.52284920806235)	(180, 36.153277296474684)	(185, 36.20507940742332)	(190, 36.21449190379862)	(195, 35.98603263295589)	(200, 36.04088126141296)	(205, 35.981497062517164)	(210, 35.86038668718838)	(215, 35.50046165986935)	(220, 34.82065675956877)	(225, 34.93723763757315)	(230, 34.598687039737605)	(235, 34.65251041150334)	(240, 34.11403157655137)	(245, 34.26556550844446)	(250, 33.61785435659887)	(255, 32.77029432434328)	(260, 33.7740693722423)	(265, 32.909041250504806)	(270, 31.293988952850988)	(275, 31.452053634833753)	(280, 30.839949762748905)	(285, 31.76536171917096)	(290, 31.41442198363932)	(295, 30.91752128524366)	(300, 30.451905748783567)
184R_0_F_NS6_week10_S65_L001_R2_001	(1, 37.54720568940272)	(2, 37.29947327387857)	(3, 37.62533989997908)	(4, 37.56657285744167)	(5, 37.3098366578562)	(6, 37.41988818954534)	(7, 37.00266215368233)	(8, 37.491300462073816)	(9, 36.94361938808496)	(10, 37.37295251858753)	(15, 37.28668542851166)	(20, 37.28647625929377)	(25, 37.18401947175265)	(30, 37.32162809713058)	(35, 37.00666869497423)	(40, 36.627157770636444)	(45, 36.67587708456141)	(50, 37.109804646527046)	(55, 37.53470339450713)	(60, 36.89954933731998)	(65, 36.67263666354198)	(70, 37.26914332939867)	(75, 36.78432849783595)	(80, 37.29956579268641)	(85, 36.85506312371486)	(90, 37.36968688755313)	(95, 36.7259753890546)	(100, 36.83237157629542)	(105, 35.99586115692688)	(110, 36.97175098610215)	(115, 36.14480607491784)	(120, 36.32880479356874)	(125, 35.75199487005459)	(130, 36.727818769845484)	(135, 34.987624900955936)	(140, 35.77883842132504)	(145, 35.34019989911816)	(150, 35.61361301573206)	(155, 34.38416527055498)	(160, 35.690201629265296)	(165, 35.98770945210755)	(170, 33.710172274030846)	(175, 35.40183338611862)	(180, 33.5074868666576)	(185, 32.76430204889111)	(190, 32.881312463569344)	(195, 31.921838686372023)	(200, 32.09089897622295)	(205, 30.861292940094323)	(210, 32.175725655149876)	(215, 32.78764606318647)	(220, 29.627234532771546)	(225, 30.389415480405432)	(230, 28.09179820290663)	(235, 27.03299534163633)	(240, 24.7072387865828)	(245, 27.521829728782343)	(250, 24.01488198423769)	(255, 23.96547483039339)	(260, 23.254535615757057)	(265, 23.929283617797452)	(270, 19.919785188247836)	(275, 24.838199889637195)	(280, 15.989779638113628)	(285, 13.45)	(290, 14.375)	(295, 15.629450549450548)	(300, 22.866666666666667)
184R_L_F_NS6_week10_S66_L001_R1_001	(1, 37.89480818525438)	(2, 37.77045661902072)	(3, 37.661736977016986)	(4, 37.774844680019115)	(5, 37.90318460268497)	(6, 37.88737020463136)	(7, 37.280540470087324)	(8, 37.663518269105445)	(9, 37.61560585654082)	(10, 37.65942042837902)	(15, 37.89873050354086)	(20, 37.64008515445106)	(25, 37.56290915410349)	(30, 37.75494808185253)	(35, 37.70963201112222)	(40, 37.46884129121953)	(45, 37.79730460094713)	(50, 37.693016466090285)	(55, 37.5240861880499)	(60, 37.36677035904209)	(65, 37.35782795556422)	(70, 37.44092809503517)	(75, 37.48378706192215)	(80, 37.445687688020946)	(85, 37.34152205487655)	(90, 37.4224018662691)	(95, 37.56566018272654)	(100, 36.948898568078626)	(105, 37.00464717656655)	(110, 36.61314288427926)	(115, 36.954712626270876)	(120, 37.04151185184995)	(125, 36.8287367077156)	(130, 36.82367510870155)	(135, 36.87042434557594)	(140, 36.91758521314999)	(145, 36.86486525901323)	(150, 36.724408178701296)	(155, 36.77998454868521)	(160, 37.0617463694734)	(165, 36.76510140687267)	(170, 36.84134053944418)	(175, 36.713520441057824)	(180, 36.3999584101915)	(185, 36.3123279599166)	(190, 36.41831233485685)	(195, 36.14935480572215)	(200, 36.24308234319417)	(205, 36.18238014934523)	(210, 36.19795240483547)	(215, 35.68913851954389)	(220, 35.01973303243173)	(225, 35.043750210837416)	(230, 34.770879266444894)	(235, 34.96408929013521)	(240, 34.34107793664891)	(245, 34.556278648277)	(250, 33.91091819678095)	(255, 32.944452243357425)	(260, 33.935050804119065)	(265, 33.040114561223234)	(270, 31.603110500131095)	(275, 31.85070416081454)	(280, 31.19447269683525)	(285, 32.53740922837305)	(290, 31.82317981603835)	(295, 30.834340439179623)	(300, 31.243504230960674)
184R_L_F_NS6_week10_S66_L001_R2_001	(1, 37.67375418169179)	(2, 37.461415475518095)	(3, 37.702359125863495)	(4, 37.62652821827345)	(5, 37.43556501716123)	(6, 37.529443454837725)	(7, 37.150818959899205)	(8, 37.581674414563146)	(9, 37.0161619672416)	(10, 37.49315549376548)	(15, 37.3952591562758)	(20, 37.35156970934527)	(25, 37.26072207498805)	(30, 37.388551070947564)	(35, 37.14600512664553)	(40, 36.7149550332363)	(45, 36.87047660424903)	(50, 37.21215249061051)	(55, 37.56886682352178)	(60, 36.99769740946096)	(65, 36.80176168525948)	(70, 37.32456178416071)	(75, 36.971979545700975)	(80, 37.38413326901353)	(85, 36.91851964289072)	(90, 37.42094501484734)	(95, 36.87359295584157)	(100, 36.87903303030764)	(105, 36.398958588186815)	(110, 37.12563975172212)	(115, 36.34930442487996)	(120, 36.48645460827406)	(125, 36.03132824635493)	(130, 36.829022794035836)	(135, 35.14821815941356)	(140, 35.92407135576816)	(145, 35.78336779295413)	(150, 35.84582381857726)	(155, 34.732305378494274)	(160, 36.0911168998555)	(165, 36.21164491333233)	(170, 34.005259555537606)	(175, 35.45077030319008)	(180, 33.88550048374271)	(185, 33.44130680446639)	(190, 33.274988100042144)	(195, 32.369681630804514)	(200, 32.402809287671296)	(205, 31.418818641370013)	(210, 32.90293711150771)	(215, 33.08845646819118)	(220, 30.472364178324113)	(225, 31.03611859147826)	(230, 28.771882965497447)	(235, 27.279196160608315)	(240, 25.259747901412254)	(245, 28.193712477366585)	(250, 24.683021425940986)	(255, 24.25304186991601)	(260, 23.555697977478015)	(265, 24.141722350062174)	(270, 20.29371713299791)	(275, 25.037467049323734)	(280, 17.456852851531448)	(285, 12.035897435897436)	(290, 14.316666666666668)	(295, 16.23)	(300, 22.892857142857142)
2403R_L_F_NS6_week10_S67_L001_R1_001	(1, 37.89756122056141)	(2, 37.77203186984249)	(3, 37.67125855748791)	(4, 37.76685134660128)	(5, 37.89873290594714)	(6, 37.88797850794235)	(7, 37.301315635304555)	(8, 37.669199738881545)	(9, 37.62557119662554)	(10, 37.66731332541051)	(15, 37.89409470565589)	(20, 37.63047888455551)	(25, 37.56931858125638)	(30, 37.756825067371906)	(35, 37.70411094186767)	(40, 37.48197613109486)	(45, 37.79224679041896)	(50, 37.68012857413187)	(55, 37.52995408562331)	(60, 37.408822034492374)	(65, 37.37081141973799)	(70, 37.449188148644126)	(75, 37.48719791682631)	(80, 37.48365458508723)	(85, 37.37340402313024)	(90, 37.425846073942374)	(95, 37.57484743241288)	(100, 36.978922867924574)	(105, 37.03495031024719)	(110, 36.666467383429556)	(115, 37.01369696875038)	(120, 37.103613997742585)	(125, 36.888637737262556)	(130, 36.86726300361184)	(135, 36.92828164770761)	(140, 36.97024803832536)	(145, 36.94707804544241)	(150, 36.83631706881779)	(155, 36.8528991020241)	(160, 37.13050109080594)	(165, 36.84368290231019)	(170, 36.92560842313644)	(175, 36.77801943727911)	(180, 36.474788100529025)	(185, 36.44337505136355)	(190, 36.526485409944996)	(195, 36.27864665045769)	(200, 36.38015701954737)	(205, 36.28426879525868)	(210, 36.27922288413076)	(215, 35.83087088572833)	(220, 35.162011226529174)	(225, 35.150091262454204)	(230, 35.007980008643)	(235, 35.13361785915247)	(240, 34.54249494020684)	(245, 34.80656098033988)	(250, 34.12725726949988)	(255, 33.21512065563172)	(260, 34.12646648342329)	(265, 33.309530542904795)	(270, 31.90516611198663)	(275, 31.996806307857078)	(280, 31.371101526445194)	(285, 32.87810522478283)	(290, 31.587175893540707)	(295, 31.581756260776206)	(300, 31.335018463161596)
2403R_L_F_NS6_week10_S67_L001_R2_001	(1, 37.68001272115561)	(2, 37.45425405486835)	(3, 37.70866879801818)	(4, 37.63400733140284)	(5, 37.48075925212996)	(6, 37.54218904306781)	(7, 37.20860184456757)	(8, 37.608079607652776)	(9, 37.08944981001958)	(10, 37.50591198968917)	(15, 37.41919053278208)	(20, 37.37456605794821)	(25, 37.291383090906045)	(30, 37.405707781664795)	(35, 37.17036640275848)	(40, 36.74629663726294)	(45, 36.90848132835646)	(50, 37.251519604715114)	(55, 37.59377921374643)	(60, 37.043946396032524)	(65, 36.82136577163853)	(70, 37.3744531864986)	(75, 37.00581964109476)	(80, 37.40732155606964)	(85, 36.94190574457235)	(90, 37.445230476533)	(95, 36.8745254800911)	(100, 36.94450868110533)	(105, 36.412034267219624)	(110, 37.15125955101858)	(115, 36.40764486882675)	(120, 36.52424547728291)	(125, 36.06658540254729)	(130, 36.86513189404564)	(135, 35.22479242116655)	(140, 35.960914114358616)	(145, 35.834907802594735)	(150, 35.95025546161396)	(155, 34.91434604821206)	(160, 36.10775177455069)	(165, 36.251366225687306)	(170, 34.168782535108164)	(175, 35.65296106224207)	(180, 34.01546196252694)	(185, 33.52379168100307)	(190, 33.51383180263121)	(195, 32.45632450660467)	(200, 32.556382770970245)	(205, 31.468617564376267)	(210, 32.813755660555614)	(215, 33.168465685904145)	(220, 30.487726850120954)	(225, 31.107231753857565)	(230, 28.91587946484001)	(235, 27.4714659868267)	(240, 25.35230787192411)	(245, 28.208802506154978)	(250, 24.629349741189394)	(255, 24.36970779005302)	(260, 23.74358578879013)	(265, 24.348635177767896)	(270, 20.393030356321493)	(275, 25.11434489581256)	(280, 18.60732704436146)	(285, 14.061538461538461)	(290, 14.489743589743588)	(295, 15.3)	(300, 23.791666666666664)
2446R_0_F_S2_week9_S55_L001_R1_001	(1, 37.902747446283904)	(2, 37.6786896794646)	(3, 37.58440471997182)	(4, 37.64316660796055)	(5, 37.87509686509334)	(6, 37.88510919337795)	(7, 37.263552307150405)	(8, 37.650660443818246)	(9, 37.54283198309264)	(10, 37.555810144417045)	(15, 37.87602500880591)	(20, 37.5898855230715)	(25, 37.51724903134906)	(30, 37.701632617118705)	(35, 37.57651461782318)	(40, 37.44306798168369)	(45, 37.77053011623811)	(50, 37.56858895910411)	(55, 37.39219331225529)	(60, 37.29051305159728)	(65, 37.2554803462289)	(70, 37.33824801190654)	(75, 37.35822371278526)	(80, 37.28310106036805)	(85, 37.159524073927926)	(90, 37.364260144485016)	(95, 37.47975958264036)	(100, 36.8322204487679)	(105, 36.81080203033077)	(110, 36.77460698801375)	(115, 36.791301548718494)	(120, 36.821434038093)	(125, 36.78853167518298)	(130, 36.70832036869625)	(135, 36.803940446018956)	(140, 36.81035156170354)	(145, 36.73965834998103)	(150, 36.612275652873315)	(155, 36.619988170336256)	(160, 36.98367696102867)	(165, 36.65490806876444)	(170, 36.794570756445886)	(175, 36.52905650822849)	(180, 36.28232903498534)	(185, 36.359585511414345)	(190, 36.407787393928984)	(195, 36.18863345627776)	(200, 36.15075606217415)	(205, 36.10501995569383)	(210, 36.085099806545195)	(215, 35.71042215353515)	(220, 34.897172064623724)	(225, 35.18245996989812)	(230, 35.085010523732315)	(235, 34.92569298790868)	(240, 34.46896794473068)	(245, 34.743585635906484)	(250, 33.779006976488645)	(255, 32.56508493327973)	(260, 33.77734183009458)	(265, 33.172974397829215)	(270, 31.542604331615216)	(275, 31.469261108206915)	(280, 30.904964216086263)	(285, 31.75711001485947)	(290, 30.883866596973725)	(295, 29.859972842688514)	(300, 30.610916977949152)
2446R_0_F_S2_week9_S55_L001_R2_001	(1, 37.516141246917925)	(2, 37.291854526241636)	(3, 37.64004931313843)	(4, 37.60169073617471)	(5, 37.28073265234237)	(6, 37.38490665727369)	(7, 37.04402958788306)	(8, 37.522226135963365)	(9, 37.042611835153224)	(10, 37.38026065516027)	(15, 37.296734765762594)	(20, 37.29840965128567)	(25, 37.327703416696025)	(30, 37.37049313138429)	(35, 36.937530820711515)	(40, 36.59213455442057)	(45, 36.69227544910179)	(50, 37.05915390589565)	(55, 37.545177932670335)	(60, 36.90655650900054)	(65, 36.6230330511262)	(70, 37.25769024632196)	(75, 36.699514197417344)	(80, 37.30728453116474)	(85, 36.8805227170639)	(90, 37.38641410903074)	(95, 36.738800896839585)	(100, 36.839056970530464)	(105, 35.97281594708061)	(110, 36.95799643931774)	(115, 36.39155228436375)	(120, 36.305773814166834)	(125, 35.80152619819806)	(130, 36.74349348845955)	(135, 35.131017660482264)	(140, 35.82653889651381)	(145, 35.425354861943276)	(150, 35.34447947739717)	(155, 34.49354003632813)	(160, 35.69092145330221)	(165, 35.88333590154724)	(170, 33.5091900443001)	(175, 35.346702108819116)	(180, 33.10479687268115)	(185, 32.21905692257161)	(190, 32.37975076836508)	(195, 31.251382549866566)	(200, 32.12271573662086)	(205, 30.35038129766634)	(210, 31.729987260332045)	(215, 32.64749729410106)	(220, 29.064742830890076)	(225, 29.96388369342056)	(230, 27.601997222900344)	(235, 26.451826933189768)	(240, 24.233115433348615)	(245, 26.87464095809433)	(250, 23.98969630533701)	(255, 23.582742908469196)	(260, 22.71414489538594)	(265, 23.318415476558663)	(270, 19.569968540823663)	(275, 24.487139504193514)	(280, 19.999417965247673)	(285, 14.927272727272726)	(290, 16.2)	(295, 19.726666666666667)	(300, 23.5)
2472R_0_F_NS1_week10_S73_L001_R1_001	(1, 37.90361505243677)	(2, 37.65439440674481)	(3, 37.56587291795188)	(4, 37.60711494961958)	(5, 37.871651244088014)	(6, 37.88653917334978)	(7, 37.29059428336418)	(8, 37.660653917334976)	(9, 37.50285831791076)	(10, 37.53145630269381)	(15, 37.87756199876619)	(20, 37.55738268558503)	(25, 37.519712111865104)	(30, 37.68643388854617)	(35, 37.552024676125846)	(40, 37.38274645280691)	(45, 37.76791774624717)	(50, 37.56344367016734)	(55, 37.34992103444872)	(60, 37.28742638107459)	(65, 37.21364621235408)	(70, 37.357347609071624)	(75, 37.325768532481035)	(80, 37.281801562982594)	(85, 37.176717248654946)	(90, 37.28615471055484)	(95, 37.43550827343062)	(100, 36.7511985449137)	(105, 36.739591814722424)	(110, 36.68387520233728)	(115, 36.76736726161016)	(120, 36.799585390064244)	(125, 36.663133481015905)	(130, 36.618705640034136)	(135, 36.71287666443246)	(140, 36.73652725029606)	(145, 36.72638949188555)	(150, 36.60639064541259)	(155, 36.57478126980951)	(160, 36.902957804995154)	(165, 36.57299515667346)	(170, 36.7053917222432)	(175, 36.46473201760197)	(180, 36.10939997291507)	(185, 36.26389825057352)	(190, 36.25345636712218)	(195, 36.09025141768139)	(200, 36.083460098985555)	(205, 35.95110233271323)	(210, 35.95584013875013)	(215, 35.60472057061337)	(220, 34.87159629786593)	(225, 35.08417839766932)	(230, 34.822399492198244)	(235, 34.80481038170675)	(240, 34.28199142608882)	(245, 34.67567669582826)	(250, 33.61495046466628)	(255, 32.56218816721027)	(260, 33.578679375224745)	(265, 32.932791829402305)	(270, 31.339512439928324)	(275, 31.06037400720109)	(280, 30.929010107019877)	(285, 31.776059036362586)	(290, 31.18088341059137)	(295, 30.48820985438075)	(300, 31.303523439832787)
2472R_0_F_NS1_week10_S73_L001_R2_001	(1, 37.39422578655151)	(2, 37.138539995887314)	(3, 37.573226403454655)	(4, 37.538424840633354)	(5, 37.08774007814107)	(6, 37.274291589553776)	(7, 36.81729796421962)	(8, 37.396216327369935)	(9, 36.835986016862016)	(10, 37.28303187332922)	(15, 37.17452272259923)	(20, 37.19613736376722)	(25, 37.11044211392145)	(30, 37.26319720337241)	(35, 36.84546987456302)	(40, 36.50334032490232)	(45, 36.48722681472343)	(50, 36.94359692295606)	(55, 37.485349262408484)	(60, 36.695839267643144)	(65, 36.4000904290882)	(70, 37.13681931602521)	(75, 36.49227671214664)	(80, 37.20179922263105)	(85, 36.70219069350987)	(90, 37.2891308204997)	(95, 36.58437400353332)	(100, 36.69542555223146)	(105, 35.57934567935677)	(110, 36.78493610799218)	(115, 35.92201180991124)	(120, 36.186303468797085)	(125, 35.33984389716963)	(130, 36.544615334641904)	(135, 34.70997569083499)	(140, 35.5543177369331)	(145, 35.08502563649463)	(150, 35.20023437661534)	(155, 34.0134359086714)	(160, 35.428125802736396)	(165, 35.53788360988265)	(170, 32.92836507427616)	(175, 35.07056147801778)	(180, 32.73480516112174)	(185, 31.733882246722466)	(190, 31.950124121205626)	(195, 30.122203988470623)	(200, 31.44950476893198)	(205, 29.783653468614045)	(210, 31.191324674819963)	(215, 32.152238397885235)	(220, 28.271565439466407)	(225, 29.383376665569862)	(230, 26.939207332300384)	(235, 26.353988458602316)	(240, 23.771950401933054)	(245, 26.684885720135036)	(250, 23.50657071232637)	(255, 23.50489948594865)	(260, 22.427456227082494)	(265, 23.06331909005728)	(270, 19.331938755579106)	(275, 24.105862203153702)	(280, 15.578235197343341)	(285, 12.033333333333331)	(290, 14.973382173382172)	(295, 14.19965034965035)	(300, 22.841269841269842)
2472R_R_F_NS1_week10_S74_L001_R1_001	(1, 37.903978975517546)	(2, 37.71742357877265)	(3, 37.62635437318456)	(4, 37.66618101341694)	(5, 37.88352621144359)	(6, 37.89832634054129)	(7, 37.27868504772004)	(8, 37.65689520033197)	(9, 37.563631333855874)	(10, 37.60993683433999)	(15, 37.900378993960075)	(20, 37.628790631195535)	(25, 37.60697680852044)	(30, 37.74256812208954)	(35, 37.6317709437964)	(40, 37.48390981603578)	(45, 37.802912075245516)	(50, 37.653322882567196)	(55, 37.478484069409646)	(60, 37.39310934577245)	(65, 37.34679999108839)	(70, 37.43750948545752)	(75, 37.4193183954927)	(80, 37.39746472827875)	(85, 37.306883817860495)	(90, 37.40531635265789)	(95, 37.5344853741651)	(100, 36.94440093957216)	(105, 36.918934369003786)	(110, 36.81562573823334)	(115, 36.92682864555862)	(120, 36.970177897726)	(125, 36.84115368440371)	(130, 36.77748667280527)	(135, 36.861619509327866)	(140, 36.902272831628615)	(145, 36.86705602025345)	(150, 36.76489759253455)	(155, 36.753635012409674)	(160, 37.04119184766135)	(165, 36.72623596272847)	(170, 36.82707294190216)	(175, 36.611183405209786)	(180, 36.307663823649804)	(185, 36.4167167834389)	(190, 36.40866467178833)	(195, 36.25416293315846)	(200, 36.24528531316872)	(205, 36.11026114693092)	(210, 36.1104053458885)	(215, 35.786914196825684)	(220, 35.03513057867793)	(225, 35.22784531212195)	(230, 34.992026411996044)	(235, 34.949781612831444)	(240, 34.39468707321984)	(245, 34.777639323662456)	(250, 33.78881864166438)	(255, 32.74611461549556)	(260, 33.6683372962072)	(265, 33.02205777990999)	(270, 31.462268624560334)	(275, 31.119927733397834)	(280, 31.013192859622343)	(285, 31.80916126627862)	(290, 30.845418566444472)	(295, 30.76019808323162)	(300, 31.127754661735246)
2472R_R_F_NS1_week10_S74_L001_R2_001	(1, 37.45974457098068)	(2, 37.24765549356817)	(3, 37.61839642214947)	(4, 37.592014385172206)	(5, 37.18508921573148)	(6, 37.354308635713956)	(7, 37.00158605744848)	(8, 37.46958365991978)	(9, 36.95602379086173)	(10, 37.349897182903774)	(15, 37.244568214302184)	(20, 37.281652450550965)	(25, 37.19483424777537)	(30, 37.31961270690211)	(35, 36.9285149153949)	(40, 36.58735211397483)	(45, 36.60338789248006)	(50, 37.01646995053344)	(55, 37.512922486687685)	(60, 36.77434970679917)	(65, 36.47617045903097)	(70, 37.1891234301044)	(75, 36.616432015181864)	(80, 37.24434776130501)	(85, 36.767431639283714)	(90, 37.33063824028069)	(95, 36.647369184620814)	(100, 36.74051903345365)	(105, 35.7392773312635)	(110, 36.86909763772533)	(115, 36.074696272897825)	(120, 36.24244338607289)	(125, 35.50015401197997)	(130, 36.601854728983525)	(135, 34.825220753263665)	(140, 35.60603765796839)	(145, 35.159884172526326)	(150, 35.25975011079318)	(155, 34.13611944663036)	(160, 35.48460059279066)	(165, 35.58758966035655)	(170, 33.07943128412624)	(175, 35.09058938872609)	(180, 32.74728240081312)	(185, 31.739990764610162)	(190, 31.971237752237123)	(195, 30.257281504242787)	(200, 31.418718215724716)	(205, 29.819848384511726)	(210, 31.275440764889805)	(215, 32.16118642045037)	(220, 28.347662506513746)	(225, 29.403449384842666)	(230, 26.973884542284132)	(235, 26.2354849218045)	(240, 23.73859573728567)	(245, 26.775410423303676)	(250, 23.69955889095967)	(255, 23.43404667297336)	(260, 22.358648341122965)	(265, 22.913787309258858)	(270, 19.277574170344614)	(275, 23.999030655518666)	(280, 15.48360709262089)	(285, 13.142857142857142)	(290, 13.521794871794873)	(295, 18.193939393939395)	(300, 22.666666666666664)
2506R_0_F_NS6_week10_S68_L001_R1_001	(1, 37.90648445345884)	(2, 37.72313569501605)	(3, 37.614595435480375)	(4, 37.7106610479885)	(5, 37.88015674536754)	(6, 37.880038595593014)	(7, 37.28050725636532)	(8, 37.653653781777365)	(9, 37.58703700057106)	(10, 37.60538172222988)	(15, 37.8851111592462)	(20, 37.560563574424506)	(25, 37.56475592225745)	(30, 37.7043833566351)	(35, 37.623759919658156)	(40, 37.43994643876888)	(45, 37.7710887501723)	(50, 37.59077447177204)	(55, 37.46425479143272)	(60, 37.29798647145121)	(65, 37.22497356526428)	(70, 37.30032098619563)	(75, 37.340415505975)	(80, 37.250157825264594)	(85, 37.17354260210311)	(90, 37.31948379769846)	(95, 37.41559354676548)	(100, 36.850993006811386)	(105, 36.80273978872698)	(110, 36.45908780028187)	(115, 36.715251045283296)	(120, 36.866928861409974)	(125, 36.63651238957202)	(130, 36.56646098356096)	(135, 36.58291277768653)	(140, 36.720170374006095)	(145, 36.60928021715725)	(150, 36.42867623397641)	(155, 36.54865160432543)	(160, 36.752088234956126)	(165, 36.500637409680806)	(170, 36.66981563236445)	(175, 36.509850996123376)	(180, 36.12294891931349)	(185, 36.2406851034177)	(190, 36.12302411352944)	(195, 35.97430534425706)	(200, 36.0317008151977)	(205, 35.91663617347407)	(210, 35.70850301852825)	(215, 35.549614541013085)	(220, 34.78294742210973)	(225, 34.90471923149695)	(230, 34.357171148527684)	(235, 34.53628784416106)	(240, 34.08518616385636)	(245, 33.99055799074194)	(250, 33.588411259630305)	(255, 32.67748857291804)	(260, 33.71433652261418)	(265, 32.650344230779744)	(270, 31.069515838217438)	(275, 31.487039555713125)	(280, 30.67315135669299)	(285, 31.66030843285161)	(290, 30.933442054854055)	(295, 30.28438553365814)	(300, 30.758042813455656)
2506R_0_F_NS6_week10_S68_L001_R2_001	(1, 37.599275348049545)	(2, 37.38958903570092)	(3, 37.67966642380324)	(4, 37.61337455447689)	(5, 37.37005493964516)	(6, 37.49606167418231)	(7, 37.137506645924816)	(8, 37.57369592186362)	(9, 37.08189748537897)	(10, 37.463131362857645)	(15, 37.361337455447696)	(20, 37.31100762066046)	(25, 37.247228403205796)	(30, 37.387576551208085)	(35, 37.073536419668)	(40, 36.725278144260876)	(45, 36.65046964535376)	(50, 37.115230279811364)	(55, 37.560236053211554)	(60, 36.961700840820725)	(65, 36.74301238292378)	(70, 37.30607437289256)	(75, 36.84942501439328)	(80, 37.32647232627885)	(85, 36.953242572834185)	(90, 37.413828531303395)	(95, 36.80725376617322)	(100, 36.79135898998866)	(105, 36.108886450829615)	(110, 37.037964252741595)	(115, 36.22087724104584)	(120, 36.47177563800186)	(125, 35.73160339559283)	(130, 36.78793739430312)	(135, 34.99491945764267)	(140, 35.86269714459598)	(145, 34.88936192757781)	(150, 35.68875118543664)	(155, 34.450876276537365)	(160, 35.49873930567851)	(165, 36.069566247188106)	(170, 33.718381684990035)	(175, 35.11226857041032)	(180, 33.838080425146266)	(185, 32.79956059864941)	(190, 33.0986046294211)	(195, 32.36875375830441)	(200, 32.26037983940536)	(205, 30.913820190789068)	(210, 32.34843778128564)	(215, 32.890131182616514)	(220, 29.864995928960752)	(225, 30.572643752252922)	(230, 28.023320481266744)	(235, 26.92819025429005)	(240, 25.14395372597082)	(245, 27.653210309191415)	(250, 24.57990456528622)	(255, 24.070875226988893)	(260, 23.343411031080326)	(265, 23.938580889082044)	(270, 20.065238699338583)	(275, 24.987109569415217)	(280, 16.620364770777527)	(285, 13.824183006535947)	(290, 13.811764705882354)	(295, 15.336974789915965)	(300, 22.023809523809526)
2518R_L_M_S5_week10_S61_L001_R1_001	(1, 37.896281162764076)	(2, 37.67776535132136)	(3, 37.5787401921502)	(4, 37.64289299646873)	(5, 37.86716803015226)	(6, 37.88581065015807)	(7, 37.28822529654711)	(8, 37.6556971388818)	(9, 37.51920181054449)	(10, 37.55059749729211)	(15, 37.874811768539146)	(20, 37.57516313393273)	(25, 37.59696187817572)	(30, 37.697174106395906)	(35, 37.571078841462885)	(40, 37.410616694699584)	(45, 37.753660276336994)	(50, 37.5362822195021)	(55, 37.370858517703155)	(60, 37.275007080497005)	(65, 37.244459991025984)	(70, 37.338419594340756)	(75, 37.33659903411394)	(80, 37.25449642550881)	(85, 37.13149076354687)	(90, 37.31925984468431)	(95, 37.45298166724062)	(100, 36.760649426248406)	(105, 36.81407956874008)	(110, 36.73160740662732)	(115, 36.66691053843058)	(120, 36.783078626864004)	(125, 36.725674794507825)	(130, 36.673616821928455)	(135, 36.75014834923699)	(140, 36.79601152653052)	(145, 36.773217844453356)	(150, 36.60067786066635)	(155, 36.624730289442155)	(160, 36.94401784237192)	(165, 36.59785084439869)	(170, 36.73907486124853)	(175, 36.561825255149195)	(180, 36.18358462292428)	(185, 36.300900743820605)	(190, 36.30521680666607)	(195, 36.13725844191435)	(200, 36.13014589863714)	(205, 36.1130125365067)	(210, 36.20170557450759)	(215, 35.72086044778517)	(220, 34.916881142263236)	(225, 35.13661389781896)	(230, 35.03064009720117)	(235, 34.94951142041173)	(240, 34.3606376268257)	(245, 34.68023632939875)	(250, 33.602619757850036)	(255, 32.71229137953354)	(260, 33.79862011932145)	(265, 33.00950379616422)	(270, 31.469789296875927)	(275, 31.147390993246535)	(280, 30.896840419842313)	(285, 32.172370491109)	(290, 31.55124518292565)	(295, 31.111918551064026)	(300, 31.109038901601828)
2518R_L_M_S5_week10_S61_L001_R2_001	(1, 37.44674480657291)	(2, 37.19922153632097)	(3, 37.572470213196894)	(4, 37.522970842836635)	(5, 37.167167149537235)	(6, 37.30812719603371)	(7, 36.94238135914122)	(8, 37.441047227383606)	(9, 36.958338103331364)	(10, 37.306693554778654)	(15, 37.210748786952806)	(20, 37.23944803050451)	(25, 37.23713025176783)	(30, 37.286925508775326)	(35, 36.750320984175346)	(40, 36.39627852091901)	(45, 36.47483818698979)	(50, 36.953200570204174)	(55, 37.49443448585711)	(60, 36.75513071434013)	(65, 36.46288424345754)	(70, 37.12355750168287)	(75, 36.50256441663879)	(80, 37.20681137507995)	(85, 36.760940431189105)	(90, 37.32233260046813)	(95, 36.62480073675623)	(100, 36.7663181575994)	(105, 35.757352719898456)	(110, 36.86516079816393)	(115, 36.21545194124677)	(120, 36.058252068995934)	(125, 35.52220228006679)	(130, 36.58414329482323)	(135, 34.76013966460996)	(140, 35.69513166101626)	(145, 35.162852073074994)	(150, 35.127187708136674)	(155, 34.24360350336577)	(160, 35.37204005331039)	(165, 35.72644405433344)	(170, 33.201705742584736)	(175, 35.07578400488942)	(180, 32.790141995435945)	(185, 31.750811069299836)	(190, 32.139165068834735)	(195, 30.790467113808496)	(200, 31.72719943135997)	(205, 30.046747274268434)	(210, 31.42128505107013)	(215, 32.44814695656804)	(220, 28.799724566072246)	(225, 29.82992946476453)	(230, 27.379643637710693)	(235, 26.238234346911224)	(240, 24.057363521627234)	(245, 26.570765954930334)	(250, 23.750496683147265)	(255, 23.523339379405158)	(260, 22.603972426210568)	(265, 23.169210119206056)	(270, 19.513189013253434)	(275, 24.515188492102574)	(280, 14.728959655291183)	(285, 13.218181818181819)	(290, 13.552222222222222)	(295, 14.864880952380952)	(300, 20.71666666666667)
2518R_R_M_S5_week10_S62_L001_R1_001	(1, 37.88750327533166)	(2, 37.670040662635984)	(3, 37.562211892122704)	(4, 37.64213968925594)	(5, 37.87073357724445)	(6, 37.88489271469192)	(7, 37.27646710596547)	(8, 37.64462408897256)	(9, 37.52917713964073)	(10, 37.55219083295323)	(15, 37.88113506012054)	(20, 37.59794260648467)	(25, 37.61014139728075)	(30, 37.70320351697835)	(35, 37.59231582931398)	(40, 37.43505720912629)	(45, 37.772370757838964)	(50, 37.56089205477325)	(55, 37.39799632886208)	(60, 37.264518633540376)	(65, 37.25873518524268)	(70, 37.32295929343867)	(75, 37.34930973080269)	(80, 37.246416292329016)	(85, 37.12452284847067)	(90, 37.32235432393376)	(95, 37.449452060136586)	(100, 36.75174715801562)	(105, 36.817177538117804)	(110, 36.69101102145009)	(115, 36.6597257688252)	(120, 36.78758691711228)	(125, 36.710863039011336)	(130, 36.66747898282595)	(135, 36.729387617306585)	(140, 36.76452164485674)	(145, 36.743245170582334)	(150, 36.55550136162509)	(155, 36.589030402334664)	(160, 36.910421938355526)	(165, 36.58840329059666)	(170, 36.7128125872611)	(175, 36.57184811573294)	(180, 36.18464937899934)	(185, 36.25329909188333)	(190, 36.26856986684089)	(195, 36.10533947993845)	(200, 36.1087812856239)	(205, 36.08191036233991)	(210, 36.06780060558579)	(215, 35.70647258476367)	(220, 34.92708597729101)	(225, 35.116023919355754)	(230, 34.952128143303575)	(235, 34.97131515821122)	(240, 34.350700937084504)	(245, 34.65263137763567)	(250, 33.6188595497367)	(255, 32.74033986473423)	(260, 33.84816305353644)	(265, 33.00571513997945)	(270, 31.44015666258923)	(275, 31.191127567775215)	(280, 30.90159002754931)	(285, 31.863187493825052)	(290, 31.262391329106713)	(295, 30.712606015360983)	(300, 31.344060339409175)
2518R_R_M_S5_week10_S62_L001_R2_001	(1, 37.45305357957358)	(2, 37.199111050726394)	(3, 37.57344991896587)	(4, 37.52257795289345)	(5, 37.15889483031356)	(6, 37.333744165057304)	(7, 36.939869763108604)	(8, 37.44550333355978)	(9, 36.956804440864495)	(10, 37.31183874693089)	(15, 37.21663771435226)	(20, 37.238224818764984)	(25, 37.219289034674844)	(30, 37.29182962452568)	(35, 36.737492114942306)	(40, 36.35506342012558)	(45, 36.44149141620488)	(50, 36.945567808051564)	(55, 37.48201258438511)	(60, 36.7581651399001)	(65, 36.47133422970391)	(70, 37.09734001203494)	(75, 36.497119287236025)	(80, 37.193581438924696)	(85, 36.759399867668535)	(90, 37.30355798389468)	(95, 36.634646624031724)	(100, 36.725269015970355)	(105, 35.775312773996276)	(110, 36.85800717556454)	(115, 36.1782841021721)	(120, 36.01449050136059)	(125, 35.47562170220164)	(130, 36.54866739911233)	(135, 34.59492648979386)	(140, 35.65226738822229)	(145, 35.11976788037333)	(150, 35.08456180964465)	(155, 34.1681306981538)	(160, 35.354772875188495)	(165, 35.74040092138725)	(170, 33.10267576742232)	(175, 34.99988781447699)	(180, 32.80026791114438)	(185, 31.747978620123718)	(190, 32.046684104241606)	(195, 30.730229183732423)	(200, 31.632815734055036)	(205, 30.04930791362691)	(210, 31.546860882584337)	(215, 32.44782836005007)	(220, 28.857827700146476)	(225, 29.816306920462296)	(230, 27.35863201375115)	(235, 26.23280521471594)	(240, 24.11976904938832)	(245, 26.579270222285412)	(250, 23.736331324162045)	(255, 23.43217386309468)	(260, 22.548538130762786)	(265, 23.11043931853481)	(270, 19.457179185406822)	(275, 24.537598739360895)	(280, 14.509785693726247)	(285, 12.604347826086958)	(290, 13.812554112554114)	(295, 16.92394736842105)	(300, 23.238095238095237)
3752R_0_F_S5_week10_S59_L001_R1_001	(1, 37.90236769749434)	(2, 37.70085594644748)	(3, 37.614328601824596)	(4, 37.676693190319355)	(5, 37.87685446967268)	(6, 37.8917290895489)	(7, 37.26716993597404)	(8, 37.650587309452334)	(9, 37.572842888649234)	(10, 37.59327678840343)	(15, 37.88306663946292)	(20, 37.599205261981794)	(25, 37.64510381143917)	(30, 37.71907468399933)	(35, 37.60395425884364)	(40, 37.4854236497712)	(45, 37.77634634255346)	(50, 37.57129351276054)	(55, 37.43569978139421)	(60, 37.34792483540328)	(65, 37.31699231464298)	(70, 37.36405273845496)	(75, 37.35069672931045)	(80, 37.31528846001711)	(85, 37.21237488898817)	(90, 37.35938706553473)	(95, 37.47591805714106)	(100, 36.87800138562283)	(105, 36.90982690266264)	(110, 36.82042650623386)	(115, 36.781822368213575)	(120, 36.88382102138057)	(125, 36.836730991093724)	(130, 36.75664682224824)	(135, 36.83067571230128)	(140, 36.86610854306916)	(145, 36.83364851543202)	(150, 36.68636995316128)	(155, 36.73042084102408)	(160, 37.00234227985533)	(165, 36.71144603162787)	(170, 36.811885411879715)	(175, 36.65065613638483)	(180, 36.268987096041556)	(185, 36.39653859759555)	(190, 36.37466438981385)	(195, 36.243411194220755)	(200, 36.22935509508791)	(205, 36.19654128128964)	(210, 36.19139534090986)	(215, 35.8372351577132)	(220, 35.078528472474304)	(225, 35.23745543036305)	(230, 35.05131725293204)	(235, 34.96351252963244)	(240, 34.44756846355831)	(245, 34.70405535628874)	(250, 33.66490793658149)	(255, 32.73050057749732)	(260, 33.75893168794318)	(265, 33.04193835764136)	(270, 31.342252770338767)	(275, 31.080789813973574)	(280, 30.87649901947924)	(285, 32.06905630176161)	(290, 31.630029165147647)	(295, 31.20317330258507)	(300, 31.56625748502994)
3752R_0_F_S5_week10_S59_L001_R2_001	(1, 37.48076792289681)	(2, 37.25872705898355)	(3, 37.60301961584424)	(4, 37.54717421084847)	(5, 37.22298327941162)	(6, 37.34926695619225)	(7, 37.055417917553214)	(8, 37.490775015302106)	(9, 37.082990857598105)	(10, 37.34477639492067)	(15, 37.24304604234069)	(20, 37.26765183090928)	(25, 37.2461492125487)	(30, 37.332008122261406)	(35, 36.787422153565146)	(40, 36.50516774024309)	(45, 36.47417101440827)	(50, 36.99237806892673)	(55, 37.5053902774108)	(60, 36.817416845091806)	(65, 36.45313049492646)	(70, 37.156626229517904)	(75, 36.548165082596014)	(80, 37.20590147564225)	(85, 36.75564861061433)	(90, 37.326630206344575)	(95, 36.6478011351107)	(100, 36.773405237613346)	(105, 35.72341507457542)	(110, 36.86520725664958)	(115, 36.23634219629793)	(120, 36.14136975482391)	(125, 35.441970412308905)	(130, 36.573799064300225)	(135, 34.805231448746085)	(140, 35.67238844365622)	(145, 35.1278875140993)	(150, 35.06873825000666)	(155, 34.317971091429115)	(160, 35.372613139438215)	(165, 35.68136083818403)	(170, 33.25953057083749)	(175, 35.00693365848388)	(180, 32.67132041494159)	(185, 31.58061238060277)	(190, 32.0879569275485)	(195, 30.550567216445067)	(200, 31.460699212480858)	(205, 29.707673062294212)	(210, 31.165416028430418)	(215, 32.34507433813592)	(220, 28.522554375773872)	(225, 29.539755568653938)	(230, 26.970395337574057)	(235, 26.025573935576695)	(240, 23.931310532365075)	(245, 26.4845758787708)	(250, 23.556937050393053)	(255, 23.198294727725937)	(260, 22.279324002308556)	(265, 22.83515888868041)	(270, 19.199845601721094)	(275, 24.320948073824187)	(280, 16.023541777895424)	(285, 13.410526315789474)	(290, 11.968421052631578)	(295, 14.283931028551772)	(300, 22.5974025974026)
3752R_L_F_S5_week10_S60_L001_R1_001	(1, 37.91063588726809)	(2, 37.690989509003956)	(3, 37.603564541958534)	(4, 37.67152179360082)	(5, 37.88212608804593)	(6, 37.8886189578726)	(7, 37.30570958569825)	(8, 37.665965814386716)	(9, 37.55127297288464)	(10, 37.575152789428394)	(15, 37.88793263102851)	(20, 37.60179534387154)	(25, 37.63846916431536)	(30, 37.720680226161036)	(35, 37.600742976043925)	(40, 37.47385530487074)	(45, 37.77180395019228)	(50, 37.57918157363416)	(55, 37.43425570855848)	(60, 37.30322032421127)	(65, 37.30653775720279)	(70, 37.343324980934746)	(75, 37.35794330728345)	(80, 37.26842624109419)	(85, 37.16538117628504)	(90, 37.34719759376797)	(95, 37.47435201068306)	(100, 36.81171884177572)	(105, 36.872968213974275)	(110, 36.70798462699562)	(115, 36.70595278791329)	(120, 36.805557028016935)	(125, 36.75045529464738)	(130, 36.68740809756362)	(135, 36.74756009860905)	(140, 36.787429427035384)	(145, 36.754932857151296)	(150, 36.568478967362594)	(155, 36.62863655499275)	(160, 36.93593091624191)	(165, 36.600245804527546)	(170, 36.73337630589899)	(175, 36.56632935049738)	(180, 36.19442536612042)	(185, 36.2569865367107)	(190, 36.28267396359306)	(195, 36.11239383655081)	(200, 36.108434720723224)	(205, 36.167285430909445)	(210, 36.08725561000788)	(215, 35.68295352136764)	(220, 34.940270649915405)	(225, 35.05778353234342)	(230, 34.89394964271118)	(235, 34.849690239184596)	(240, 34.23888342479218)	(245, 34.53495869492969)	(250, 33.46688363015976)	(255, 32.594232368429786)	(260, 33.7012485266113)	(265, 32.749332094513996)	(270, 31.19156393762887)	(275, 30.948975729322804)	(280, 30.783937971823956)	(285, 31.882636132913934)	(290, 31.841773588283036)	(295, 30.664192442518605)	(300, 31.436288416075648)
3752R_L_F_S5_week10_S60_L001_R2_001	(1, 37.49533188805247)	(2, 37.25614153584696)	(3, 37.61149542993474)	(4, 37.56189469785278)	(5, 37.19920909001776)	(6, 37.373034980880895)	(7, 37.04750906931901)	(8, 37.507141067401655)	(9, 37.08966914688484)	(10, 37.36054165350299)	(15, 37.25916573159173)	(20, 37.28066192411186)	(25, 37.265028923774146)	(30, 37.34250977743401)	(35, 36.78568954059678)	(40, 36.43250574662556)	(45, 36.48780843855196)	(50, 36.98071919780526)	(55, 37.50873123076711)	(60, 36.76710249298337)	(65, 36.50480535685403)	(70, 37.130068340099996)	(75, 36.56174811054676)	(80, 37.22128899525261)	(85, 36.76144765626342)	(90, 37.34148662831757)	(95, 36.6706853669598)	(100, 36.76096299964725)	(105, 35.80477124914649)	(110, 36.9210211687092)	(115, 36.27089937820003)	(120, 36.05182999863913)	(125, 35.49639268286345)	(130, 36.57048962433477)	(135, 34.63608382632907)	(140, 35.64910131124133)	(145, 35.10978920154793)	(150, 35.029927049382806)	(155, 34.15324329136401)	(160, 35.28513747133936)	(165, 35.74649375227891)	(170, 33.20065427753991)	(175, 34.97367003227926)	(180, 32.72679654474022)	(185, 31.6263784455635)	(190, 32.01279885253307)	(195, 30.661699226164366)	(200, 31.48009654121727)	(205, 29.95375425585788)	(210, 31.492618181661662)	(215, 32.4536362256512)	(220, 28.786299226915126)	(225, 29.823578419788312)	(230, 27.242185543924073)	(235, 26.039460509490702)	(240, 24.10421645190818)	(245, 26.566616050923972)	(250, 23.84662287881641)	(255, 23.49729076209342)	(260, 22.435428114418055)	(265, 22.901792596639325)	(270, 19.3714401409546)	(275, 24.530248188186203)	(280, 14.368230261895386)	(285, 11.947368421052632)	(290, 12.127450980392158)	(295, 13.9457616892911)	(300, 20.18181818181818)
3795R_R_F_S2_week10_S51_L001_R1_001	(1, 37.898867561206714)	(2, 37.74945746859431)	(3, 37.65384203930678)	(4, 37.73336491732127)	(5, 37.892685759696796)	(6, 37.89508512394168)	(7, 37.28757221016597)	(8, 37.66363052847144)	(9, 37.61425252926613)	(10, 37.64961029434239)	(15, 37.891567075220834)	(20, 37.64534951248586)	(25, 37.55531069474585)	(30, 37.75376715469023)	(35, 37.68040315432344)	(40, 37.50493932817801)	(45, 37.78610202646942)	(50, 37.64824905239938)	(55, 37.49914055370752)	(60, 37.39931836591218)	(65, 37.367814950100104)	(70, 37.4147324496147)	(75, 37.46204622966191)	(80, 37.44999327949317)	(85, 37.28921396207841)	(90, 37.472090156523706)	(95, 37.567156946265925)	(100, 36.97620612618879)	(105, 36.97684058634697)	(110, 36.92242450472699)	(115, 36.97254475415584)	(120, 37.03322445970563)	(125, 37.00349368258306)	(130, 36.91453298520863)	(135, 36.98677490551965)	(140, 36.98403519672489)	(145, 36.937595734792566)	(150, 36.84606733999463)	(155, 36.843024912162065)	(160, 37.16391451057171)	(165, 36.863458424211615)	(170, 36.98011956385744)	(175, 36.735223670324814)	(180, 36.524908825558455)	(185, 36.55753938695641)	(190, 36.64437240712906)	(195, 36.36561458708909)	(200, 36.40886389221855)	(205, 36.36223149029584)	(210, 36.35018823571565)	(215, 35.95393382707486)	(220, 35.17330876973253)	(225, 35.3944584826399)	(230, 35.40729992620446)	(235, 35.27106578252311)	(240, 34.74728688582391)	(245, 35.03851956596142)	(250, 34.24234407687749)	(255, 33.05359972965659)	(260, 34.151067107840746)	(265, 33.43293928863311)	(270, 32.1556062789567)	(275, 32.140705180143236)	(280, 31.44315748988378)	(285, 31.777763101912477)	(290, 31.479184311442168)	(295, 30.761738875901735)	(300, 30.82533955857385)
3795R_R_F_S2_week10_S51_L001_R2_001	(1, 37.627410826175996)	(2, 37.402283216676345)	(3, 37.69534951248586)	(4, 37.641050524192316)	(5, 37.39834031237583)	(6, 37.45520677323716)	(7, 37.10260720726228)	(8, 37.5463826145429)	(9, 37.067014090533974)	(10, 37.458796650059604)	(15, 37.37567472567778)	(20, 37.33208576580982)	(25, 37.34742030137237)	(30, 37.403094721398666)	(35, 37.00958217440474)	(40, 36.63292172265183)	(45, 36.76352049393282)	(50, 37.10591707850424)	(55, 37.560327473532745)	(60, 36.965633392621775)	(65, 36.665717002423285)	(70, 37.30120665609579)	(75, 36.81391736758057)	(80, 37.32654246781264)	(85, 36.84874304566134)	(90, 37.39983233633531)	(95, 36.794733531306754)	(100, 36.88745063633327)	(105, 36.24153535396647)	(110, 37.04586875368939)	(115, 36.54305189572371)	(120, 36.35097497773684)	(125, 35.94930535944464)	(130, 36.79387557063307)	(135, 35.18514785403151)	(140, 35.95310155386013)	(145, 35.61701139881421)	(150, 35.507264083506115)	(155, 34.724177264437444)	(160, 35.92924509246392)	(165, 36.07935379474111)	(170, 33.74623498439338)	(175, 35.517202688727366)	(180, 33.40251199159538)	(185, 32.77396296940119)	(190, 32.794767515179345)	(195, 31.822177629205832)	(200, 32.51784552203709)	(205, 30.83475917323757)	(210, 32.39966709831366)	(215, 32.88787942454804)	(220, 29.900670348495265)	(225, 30.626409468643022)	(230, 28.27332455956278)	(235, 26.67907043909991)	(240, 24.547847552559166)	(245, 27.571422111776013)	(250, 24.242013146566272)	(255, 23.78305920653308)	(260, 23.045933318783895)	(265, 23.72017963382379)	(270, 19.845001329578988)	(275, 24.64064700187715)	(280, 15.93951096573295)	(285, 13.301282051282053)	(290, 13.98181818181818)	(295, 12.22)	(300, 22.604166666666664)
3874R_0_F_NS1_week10_S75_L001_R1_001	(1, 37.90864051846857)	(2, 37.72222222222222)	(3, 37.62901775679928)	(4, 37.67517981568892)	(5, 37.88731550161085)	(6, 37.89740203791114)	(7, 37.29773544616768)	(8, 37.663847681126846)	(9, 37.56265452910767)	(10, 37.61195212407283)	(15, 37.895062560875104)	(20, 37.60827526785046)	(25, 37.59450625608751)	(30, 37.73643890012737)	(35, 37.635802052895784)	(40, 37.482458604929946)	(45, 37.791760320671315)	(50, 37.63415371956826)	(55, 37.47319946803529)	(60, 37.40715424671722)	(65, 37.32960751210297)	(70, 37.42386415787058)	(75, 37.41037173015144)	(80, 37.40905594250768)	(85, 37.3045609813298)	(90, 37.40110738306243)	(95, 37.523889692128606)	(100, 36.94898904122984)	(105, 36.90942332071874)	(110, 36.83135360984833)	(115, 36.945380180841866)	(120, 36.99413909356964)	(125, 36.86968448909308)	(130, 36.79482086536817)	(135, 36.87696321328275)	(140, 36.92502647737957)	(145, 36.90132334317929)	(150, 36.800799652944484)	(155, 36.785643346232675)	(160, 37.055683571633544)	(165, 36.75899805438326)	(170, 36.84359376131689)	(175, 36.65110466198843)	(180, 36.33397382884375)	(185, 36.449749415162785)	(190, 36.447644511672834)	(195, 36.287205456644145)	(200, 36.27686128603173)	(205, 36.135234675441254)	(210, 36.15967074210706)	(215, 35.86376255496026)	(220, 35.10950423179439)	(225, 35.30021832527181)	(230, 35.09857161900077)	(235, 35.039514963978334)	(240, 34.50188224366964)	(245, 34.88140991285546)	(250, 33.96686292982737)	(255, 32.88849405647214)	(260, 33.83122160457479)	(265, 33.20081426466211)	(270, 31.64017971836153)	(275, 31.39644871808746)	(280, 31.16085976013386)	(285, 32.001844609585206)	(290, 31.585277905048223)	(295, 30.474293849029618)	(300, 31.89240477901545)
3874R_0_F_NS1_week10_S75_L001_R2_001	(1, 37.50855061062411)	(2, 37.28502659773732)	(3, 37.6317056267326)	(4, 37.59096613471192)	(5, 37.262427886416425)	(6, 37.378465198171874)	(7, 37.048306735596015)	(8, 37.50224769611149)	(9, 37.019049224544844)	(10, 37.38637334232412)	(15, 37.29700307185135)	(20, 37.295469019255265)	(25, 37.200168577208366)	(30, 37.33435041582378)	(35, 36.97544017382184)	(40, 36.64489772982693)	(45, 36.64917584475912)	(50, 37.061373294068595)	(55, 37.528534997613086)	(60, 36.84625787915748)	(65, 36.54768414014391)	(70, 37.236606747483165)	(75, 36.68171495357732)	(80, 37.26922998258079)	(85, 36.79211051276445)	(90, 37.34677845868349)	(95, 36.68408998943525)	(100, 36.774591380061004)	(105, 35.87703956665119)	(110, 36.92312970128772)	(115, 36.163617205249906)	(120, 36.32678176808649)	(125, 35.589550573323415)	(130, 36.68012316856449)	(135, 34.988175935592984)	(140, 35.72388036278517)	(145, 35.28982481192228)	(150, 35.44288892598512)	(155, 34.385304822298934)	(160, 35.65893619473902)	(165, 35.743899246764315)	(170, 33.322563764436964)	(175, 35.23615078851695)	(180, 33.046575762633154)	(185, 32.12428263462825)	(190, 32.345475260773206)	(195, 30.756812690259096)	(200, 31.78658061684329)	(205, 30.15344193454365)	(210, 31.499361230599767)	(215, 32.38745970071572)	(220, 28.783678495576016)	(225, 29.766113197578612)	(230, 27.31824571925439)	(235, 26.562342127873684)	(240, 24.18787328706248)	(245, 27.00149584937529)	(250, 23.83126230843213)	(255, 23.723060830390416)	(260, 22.727261336207302)	(265, 23.285664211191733)	(270, 19.548111667108977)	(275, 24.250419949307275)	(280, 16.906277036610135)	(285, 14.338461538461539)	(290, 14.455128205128204)	(295, 15.426262626262627)	(300, 23.9125)
3874R_L_F_NS1_week10_S76_L001_R1_001	(1, 37.91106878616951)	(2, 37.70226147744278)	(3, 37.61083960358739)	(4, 37.66878407651977)	(5, 37.87679604843183)	(6, 37.891562104293776)	(7, 37.271209853804535)	(8, 37.655430789999684)	(9, 37.55394162646379)	(10, 37.59622842910514)	(15, 37.89055746831734)	(20, 37.6011909122304)	(25, 37.563416599516515)	(30, 37.7248511359712)	(35, 37.62985233944138)	(40, 37.4458302374499)	(45, 37.78606067582699)	(50, 37.616609981477026)	(55, 37.45120557578802)	(60, 37.326585457742055)	(65, 37.28642085497115)	(70, 37.38432525770499)	(75, 37.37466823716681)	(80, 37.33432181208022)	(85, 37.236216217923484)	(90, 37.34381858003307)	(95, 37.46885551279923)	(100, 36.85465105049576)	(105, 36.86141368940176)	(110, 36.719414848912876)	(115, 36.84652027125145)	(120, 36.88751647890312)	(125, 36.73900116591627)	(130, 36.68537949589321)	(135, 36.76499219863446)	(140, 36.808488944654506)	(145, 36.781551972605925)	(150, 36.64504208104205)	(155, 36.65821976558577)	(160, 36.950182301218526)	(165, 36.64455684743187)	(170, 36.70354427597347)	(175, 36.51675296368829)	(180, 36.173078618828704)	(185, 36.277701890123105)	(190, 36.293100713865435)	(195, 36.14148713208846)	(200, 36.14793490586213)	(205, 36.03154907862353)	(210, 36.016569877468136)	(215, 35.6368316053496)	(220, 34.90772201148353)	(225, 35.073963486730484)	(230, 34.80868000348841)	(235, 34.828934334668524)	(240, 34.258094231955354)	(245, 34.638397740822704)	(250, 33.69754966880544)	(255, 32.61700877145651)	(260, 33.62357426408896)	(265, 32.88968355443146)	(270, 31.347982529163733)	(275, 31.143335673340527)	(280, 30.914908473939384)	(285, 31.60282715750778)	(290, 30.84911294536429)	(295, 30.894756840229455)	(300, 30.954861111111114)
3874R_L_F_NS1_week10_S76_L001_R2_001	(1, 37.51122366754921)	(2, 37.294138576975)	(3, 37.622591751520034)	(4, 37.601787414841404)	(5, 37.206996870977534)	(6, 37.36999905815377)	(7, 37.010852161537095)	(8, 37.480948543801084)	(9, 36.9494751823519)	(10, 37.38463325554381)	(15, 37.298129911989705)	(20, 37.260474899798034)	(25, 37.159605261780925)	(30, 37.32794457758197)	(35, 36.94277551618406)	(40, 36.58955387883672)	(45, 36.63796268195946)	(50, 37.03687137084281)	(55, 37.52127111632577)	(60, 36.79887532287412)	(65, 36.53173780046391)	(70, 37.20794822708514)	(75, 36.65910871615258)	(80, 37.26759359320455)	(85, 36.80166051427458)	(90, 37.34508064121518)	(95, 36.69325506269785)	(100, 36.744399146384765)	(105, 35.823700227922004)	(110, 36.91798936485298)	(115, 36.122508593107135)	(120, 36.2939375375968)	(125, 35.46872148213437)	(130, 36.65966859519517)	(135, 34.79642797096391)	(140, 35.675904954982)	(145, 35.27488438454343)	(150, 35.36300722955646)	(155, 34.25423422278397)	(160, 35.58891061210541)	(165, 35.72493861053823)	(170, 33.24208021760487)	(175, 35.08202427655614)	(180, 33.0651856475574)	(185, 32.17319012309414)	(190, 32.215071221885296)	(195, 30.709468168898802)	(200, 31.724838824080745)	(205, 30.137080950319064)	(210, 31.602233862603253)	(215, 32.38531984536703)	(220, 28.92853814937026)	(225, 29.869559761207807)	(230, 27.37698115251053)	(235, 26.4460081529325)	(240, 24.24792457106455)	(245, 27.017786597979704)	(250, 24.01977755798449)	(255, 23.814712326280453)	(260, 22.800591476246186)	(265, 23.287679302086495)	(270, 19.61121955625839)	(275, 24.41560334482247)	(280, 17.4845385563041)	(285, 15.132051282051282)	(290, 15.047272727272727)	(295, 16.515)	(300, 22.07142857142857)
3893R_RL_M_S5_week10_S64_L001_R1_001	(1, 37.89917075401114)	(2, 37.68749480422313)	(3, 37.59987322304431)	(4, 37.67391304347826)	(5, 37.88235722005154)	(6, 37.888955856679694)	(7, 37.28823052622828)	(8, 37.667335189957605)	(9, 37.56240128023942)	(10, 37.574141657660654)	(15, 37.88980172915454)	(20, 37.611208329869484)	(25, 37.621776540028264)	(30, 37.7213878959182)	(35, 37.610879956771136)	(40, 37.4431706708787)	(45, 37.78422354310417)	(50, 37.593902236262366)	(55, 37.432857587427335)	(60, 37.28012262288267)	(65, 37.28478568492629)	(70, 37.34866784488741)	(75, 37.35478933000077)	(80, 37.25824019378743)	(85, 37.15960538887523)	(90, 37.34939867465276)	(95, 37.47620853281221)	(100, 36.8082272347789)	(105, 36.864163045682325)	(110, 36.71021845368382)	(115, 36.6970975965002)	(120, 36.832802817948945)	(125, 36.748931496039155)	(130, 36.70761300992835)	(135, 36.75207743272671)	(140, 36.80038028604376)	(145, 36.753750203087385)	(150, 36.56310726398586)	(155, 36.63141183509974)	(160, 36.94379646213382)	(165, 36.61808949924041)	(170, 36.727265153378355)	(175, 36.58336172609292)	(180, 36.209958282187856)	(185, 36.251872297983624)	(190, 36.28609454902369)	(195, 36.12477835494588)	(200, 36.111694699962456)	(205, 36.1369613935574)	(210, 36.11379555700716)	(215, 35.66788635269466)	(220, 34.8812656645677)	(225, 35.06278585036374)	(230, 34.90925493134643)	(235, 34.868323616529906)	(240, 34.26367070695951)	(245, 34.53911009493053)	(250, 33.546324658781444)	(255, 32.6231053878375)	(260, 33.722281350888416)	(265, 32.837725229365205)	(270, 31.26661848064642)	(275, 31.084119515683945)	(280, 30.783753787692092)	(285, 31.74198798893405)	(290, 30.55725785776547)	(295, 30.8514709918584)	(300, 31.756249999999998)
3893R_RL_M_S5_week10_S64_L001_R2_001	(1, 37.47162066672209)	(2, 37.23796658076316)	(3, 37.58244658741375)	(4, 37.531164269681604)	(5, 37.17046304763488)	(6, 37.370095186632305)	(7, 36.969760578601715)	(8, 37.47208828664062)	(9, 36.97789716518414)	(10, 37.325261867154374)	(15, 37.223759248482835)	(20, 37.237989442181394)	(25, 37.22395668800399)	(30, 37.30957269931)	(35, 36.777209244326215)	(40, 36.366757419569375)	(45, 36.43198728073823)	(50, 36.94837554393916)	(55, 37.494474260627314)	(60, 36.78465477724942)	(65, 36.4804318597995)	(70, 37.12813797586632)	(75, 36.4916033154426)	(80, 37.20074996326106)	(85, 36.77552229247486)	(90, 37.31879038698506)	(95, 36.63611826359036)	(100, 36.74204878276237)	(105, 35.759868047268824)	(110, 36.86536703551146)	(115, 36.1849836545321)	(120, 36.01808023387402)	(125, 35.4626622258389)	(130, 36.53318118349263)	(135, 34.61030243868442)	(140, 35.64093180421037)	(145, 35.1150945307336)	(150, 35.03529997133309)	(155, 34.19032689858214)	(160, 35.34509602609497)	(165, 35.669059408241544)	(170, 33.081858406008244)	(175, 34.91697085321437)	(180, 32.70643940088367)	(185, 31.741921315276887)	(190, 32.00548871069242)	(195, 30.652009217804373)	(200, 31.535304869315645)	(205, 29.923458362651473)	(210, 31.47780477775209)	(215, 32.307732199178524)	(220, 28.78700158885229)	(225, 29.784768092769276)	(230, 27.180067071273633)	(235, 26.05032177227853)	(240, 23.991169618211718)	(245, 26.597168110694344)	(250, 23.58555038839092)	(255, 23.096751998518528)	(260, 22.23218415115867)	(265, 22.83272946439354)	(270, 19.17275794057364)	(275, 24.37656359171923)	(280, 15.55255161079273)	(285, 11.6625)	(290, 10.4125)	(295, 15.46107142857143)	(300, 24.133333333333333)
3893R_R_M_S5_week10_S63_L001_R1_001	(1, 37.90283581158736)	(2, 37.65810785527828)	(3, 37.566672309186316)	(4, 37.62370927362954)	(5, 37.86433006958118)	(6, 37.873328403553)	(7, 37.274520460073234)	(8, 37.65370668994949)	(9, 37.50502035761696)	(10, 37.52393645928922)	(15, 37.864483308535945)	(20, 37.547084450700716)	(25, 37.57983125896492)	(30, 37.66719706351398)	(35, 37.532984685013766)	(40, 37.38372816122163)	(45, 37.74206498400791)	(50, 37.510211048098384)	(55, 37.336707679230884)	(60, 37.222541184436785)	(65, 37.20036707383351)	(70, 37.29658852983366)	(75, 37.30151904960227)	(80, 37.19600941144434)	(85, 37.09722228922485)	(90, 37.26702288122366)	(95, 37.416916548680234)	(100, 36.713507149499065)	(105, 36.75580743987696)	(110, 36.66058239020684)	(115, 36.59630309625339)	(120, 36.706806889133865)	(125, 36.6420721790014)	(130, 36.60554490862412)	(135, 36.66213524833164)	(140, 36.702957826628825)	(145, 36.661388065666046)	(150, 36.48464633516658)	(155, 36.526493868790695)	(160, 36.85071077267588)	(165, 36.50689878339569)	(170, 36.64514649479304)	(175, 36.465657375947465)	(180, 36.091148255434106)	(185, 36.16077074578525)	(190, 36.164264085892015)	(195, 35.99080571028709)	(200, 35.98172335819605)	(205, 35.98558675192375)	(210, 35.94294923514648)	(215, 35.50076945408043)	(220, 34.71524995565987)	(225, 34.926145074667986)	(230, 34.78116207922371)	(235, 34.64405994508594)	(240, 34.05997573704527)	(245, 34.37899319706062)	(250, 33.28300619153056)	(255, 32.289470094756844)	(260, 33.423715570090636)	(265, 32.57822949407942)	(270, 30.82198979370573)	(275, 30.522965283605874)	(280, 30.2920809518292)	(285, 31.227241839291374)	(290, 30.359049332391287)	(295, 29.268265814563826)	(300, 30.253954974140555)
3893R_R_M_S5_week10_S63_L001_R2_001	(1, 37.46704917010415)	(2, 37.22866459378313)	(3, 37.59746264800478)	(4, 37.544532843919)	(5, 37.21381288810883)	(6, 37.332020705077376)	(7, 36.994155537539086)	(8, 37.48711278208886)	(9, 37.02691481874148)	(10, 37.32376896554796)	(15, 37.234354035440965)	(20, 37.263873916413495)	(25, 37.263611984711744)	(30, 37.31017880847803)	(35, 36.79294388068744)	(40, 36.4634943827232)	(45, 36.49788227328207)	(50, 36.98157779335158)	(55, 37.49250353518676)	(60, 36.800868837081424)	(65, 36.495813974187016)	(70, 37.15738036608789)	(75, 36.55621398976752)	(80, 37.22442364842057)	(85, 36.76884247861143)	(90, 37.3324000663402)	(95, 36.63322642669664)	(100, 36.76056279791908)	(105, 35.72429875728936)	(110, 36.888197277649006)	(115, 36.247823708749316)	(120, 36.109922714090246)	(125, 35.570876581525205)	(130, 36.56110857329038)	(135, 34.79870389694897)	(140, 35.640434803408986)	(145, 35.10780545377734)	(150, 35.07777845032114)	(155, 34.24697035827363)	(160, 35.31801713976743)	(165, 35.62822884781802)	(170, 33.195429461277236)	(175, 34.96783832466008)	(180, 32.69866297076193)	(185, 31.606777648756157)	(190, 32.00572372203518)	(195, 30.61169429776414)	(200, 31.552855760509487)	(205, 29.84691715722808)	(210, 31.213399730499326)	(215, 32.3137887766783)	(220, 28.533528523404062)	(225, 29.575867671106842)	(230, 27.11732878496692)	(235, 25.917217357421787)	(240, 23.937892699475224)	(245, 26.393920205604513)	(250, 23.567811110264596)	(255, 23.20231773632667)	(260, 22.212137331462742)	(265, 22.86473983259854)	(270, 19.242721772910578)	(275, 24.34585500219774)	(280, 16.25314658204235)	(285, 14.386764705882353)	(290, 14.579285714285714)	(295, 15.866739926739928)	(300, 21.075)
3894R_0_M_NS6_week10_S71_L001_R1_001	(1, 37.88776804916897)	(2, 37.735788782204146)	(3, 37.61571895218984)	(4, 37.74750510676973)	(5, 37.88299873118144)	(6, 37.862742627804224)	(7, 37.28898467519145)	(8, 37.65921873172137)	(9, 37.559827944603924)	(10, 37.59669387277619)	(15, 37.86543324304624)	(20, 37.56383777119872)	(25, 37.492476175906845)	(30, 37.68837996166548)	(35, 37.641824219136666)	(40, 37.37988247680581)	(45, 37.743923618922494)	(50, 37.591479658120576)	(55, 37.43217434730921)	(60, 37.23487846800393)	(65, 37.23078431031247)	(70, 37.33552918198663)	(75, 37.38371933577619)	(80, 37.31513136345749)	(85, 37.20010667950375)	(90, 37.31842870829034)	(95, 37.47554280599458)	(100, 36.80667529615742)	(105, 36.879360802886204)	(110, 36.431437363551034)	(115, 36.762105797024184)	(120, 36.906463699635665)	(125, 36.67969802881059)	(130, 36.68830271478405)	(135, 36.71695005187846)	(140, 36.774668846876764)	(145, 36.697860626450996)	(150, 36.52664771928508)	(155, 36.58790808593947)	(160, 36.920787054755436)	(165, 36.6063064165936)	(170, 36.71293306673483)	(175, 36.55812821331737)	(180, 36.2735000261245)	(185, 36.136344951161774)	(190, 36.26013204696734)	(195, 35.99829368564915)	(200, 36.1107683557495)	(205, 36.087397764251875)	(210, 36.0636680351253)	(215, 35.45530472847193)	(220, 34.80592764143771)	(225, 34.93691945045159)	(230, 34.699689743628305)	(235, 34.80166362056467)	(240, 34.15143143569812)	(245, 34.22235073749656)	(250, 33.63151390889408)	(255, 32.63090730055482)	(260, 33.775988362928544)	(265, 32.75573979695848)	(270, 31.135372742282385)	(275, 31.502215140766957)	(280, 30.736936149166922)	(285, 32.11137855371822)	(290, 31.814541519038848)	(295, 30.995542172450904)	(300, 31.61930551956465)
3894R_0_M_NS6_week10_S71_L001_R2_001	(1, 37.679222871129426)	(2, 37.46084209957976)	(3, 37.70841469669837)	(4, 37.64204018825308)	(5, 37.43596065762596)	(6, 37.51414147776868)	(7, 37.11006326095368)	(8, 37.59472495433153)	(9, 37.01311112510911)	(10, 37.48415236621163)	(15, 37.41119079971564)	(20, 37.333173756152874)	(25, 37.256879066293514)	(30, 37.39126764872623)	(35, 37.128427834819625)	(40, 36.788685018042415)	(45, 36.81025133405923)	(50, 37.182112621015264)	(55, 37.579824933802165)	(60, 37.01855611276054)	(65, 36.824896432329936)	(70, 37.346810104349075)	(75, 36.9297549569509)	(80, 37.38679720230768)	(85, 36.95717076865567)	(90, 37.4395684607265)	(95, 36.865673581359566)	(100, 36.89427464292578)	(105, 36.40028472048802)	(110, 37.13644310494535)	(115, 36.2520371047152)	(120, 36.58437619326668)	(125, 36.11162241589725)	(130, 36.81637477944095)	(135, 35.19040827142871)	(140, 35.920301725726844)	(145, 35.7217674514652)	(150, 35.73973844607101)	(155, 34.78171711144776)	(160, 36.061385027558)	(165, 36.219735250188776)	(170, 34.01888506680834)	(175, 35.319716084989636)	(180, 33.84386941079378)	(185, 33.383169087174956)	(190, 33.195301537139834)	(195, 32.56300848264329)	(200, 32.51687335752263)	(205, 31.444752697588978)	(210, 32.96465787109624)	(215, 33.1631273359749)	(220, 30.666351701798227)	(225, 31.188875582886727)	(230, 28.847401370923375)	(235, 27.417678632276754)	(240, 25.6776037673957)	(245, 28.090874235196406)	(250, 24.544537053762223)	(255, 24.291671616030648)	(260, 23.681690031698416)	(265, 24.31859179196612)	(270, 20.448894589907518)	(275, 25.29719853604167)	(280, 18.340484238693957)	(285, 14.1)	(290, 13.4)	(295, 16.475)	(300, 23.875)
3896R_0_M_S2_week10_S52_L001_R1_001	(1, 37.91509966991465)	(2, 37.673463318894164)	(3, 37.59416353597732)	(4, 37.633129466808086)	(5, 37.86917518313294)	(6, 37.884043892429844)	(7, 37.286529940624284)	(8, 37.65624535352835)	(9, 37.550905504396184)	(10, 37.56831577173558)	(15, 37.8910460632614)	(20, 37.60348324296463)	(25, 37.544032195711864)	(30, 37.72437774451593)	(35, 37.58915377219155)	(40, 37.482003905514304)	(45, 37.78646749204525)	(50, 37.601429378587085)	(55, 37.41362082592434)	(60, 37.32618324879534)	(65, 37.28672680412372)	(70, 37.37602082186085)	(75, 37.392934877403334)	(80, 37.292536538408214)	(85, 37.19227603705192)	(90, 37.377532426593575)	(95, 37.49711000909089)	(100, 36.87569791024949)	(105, 36.84694241821451)	(110, 36.832955119636765)	(115, 36.816230119885475)	(120, 36.823932688747874)	(125, 36.793106748383444)	(130, 36.72432513835149)	(135, 36.83198437595672)	(140, 36.826045505769734)	(145, 36.7632233619817)	(150, 36.635067740622844)	(155, 36.62378891425472)	(160, 36.98904181622096)	(165, 36.66949285515369)	(170, 36.8026786311836)	(175, 36.53198857386509)	(180, 36.26018712136134)	(185, 36.400045858506346)	(190, 36.393635476001506)	(195, 36.21183365398681)	(200, 36.18594101549254)	(205, 36.07755632862764)	(210, 36.065631341694754)	(215, 35.72574885328864)	(220, 34.891993519123794)	(225, 35.26204745902063)	(230, 35.12508423734049)	(235, 34.9390017840889)	(240, 34.54771872361859)	(245, 34.82940274108461)	(250, 33.76917929703355)	(255, 32.59105288501821)	(260, 33.830135476643925)	(265, 33.32365813985242)	(270, 31.61392002224694)	(275, 31.474994574160625)	(280, 30.95416582019759)	(285, 31.85572965298678)	(290, 30.953372319688107)	(295, 30.609659120791584)	(300, 30.915633366211075)
3896R_0_M_S2_week10_S52_L001_R2_001	(1, 37.51085911402318)	(2, 37.301359000029734)	(3, 37.662589336161695)	(4, 37.638204652914766)	(5, 37.29028676783997)	(6, 37.3991951072034)	(7, 37.12678052793831)	(8, 37.55217430092285)	(9, 37.137337311539106)	(10, 37.40609418831716)	(15, 37.32203840091988)	(20, 37.346538068852034)	(25, 37.37121021381204)	(30, 37.40287263463616)	(35, 36.97020112407442)	(40, 36.64845216736219)	(45, 36.75848061615932)	(50, 37.11703835988129)	(55, 37.572133475786835)	(60, 36.94786034746518)	(65, 36.69053431589805)	(70, 37.28408570138681)	(75, 36.74935145717858)	(80, 37.346162800828054)	(85, 36.90389769371338)	(90, 37.41852982224408)	(95, 36.77238721343059)	(100, 36.88466148764208)	(105, 35.91011478738834)	(110, 36.98699529231159)	(115, 36.39382931928138)	(120, 36.32633370679995)	(125, 35.782695952721895)	(130, 36.79091320709841)	(135, 35.20125439571997)	(140, 35.83662517707505)	(145, 35.41819694897852)	(150, 35.3955386964691)	(155, 34.43099521793338)	(160, 35.6639327085805)	(165, 35.8786792840193)	(170, 33.49909302684784)	(175, 35.39188882809542)	(180, 33.066189674171795)	(185, 32.07759455669274)	(190, 32.26586024597559)	(195, 31.105641842923387)	(200, 32.08230601159982)	(205, 30.244978377607993)	(210, 31.60430397836517)	(215, 32.57913706528899)	(220, 28.881843312157383)	(225, 29.862702184397733)	(230, 27.499613454479327)	(235, 26.457565504341943)	(240, 24.03133720300508)	(245, 26.695798210110343)	(250, 24.052151221900154)	(255, 23.687245820147176)	(260, 22.66462272281408)	(265, 23.148659488270724)	(270, 19.47899505322649)	(275, 24.555070329198674)	(280, 15.354044591935367)	(285, 11.761818181818182)	(290, 13.90888888888889)	(295, 13.022222222222222)	(300, 21.875)
3896R_L_M_S2_week10_S53_L001_R1_001	(1, 37.89936702853847)	(2, 37.67576821709388)	(3, 37.577880312178316)	(4, 37.63170113818052)	(5, 37.8678571689311)	(6, 37.87711446781483)	(7, 37.27098041219802)	(8, 37.649376154424594)	(9, 37.53268162338563)	(10, 37.555049535309884)	(15, 37.87681221846642)	(20, 37.58410489658546)	(25, 37.50117030363648)	(30, 37.70713936323217)	(35, 37.574356990063734)	(40, 37.43626408124229)	(45, 37.769665554525346)	(50, 37.569953959592965)	(55, 37.373727522834955)	(60, 37.30310294358996)	(65, 37.251442339283756)	(70, 37.353661894967146)	(75, 37.361987609856726)	(80, 37.30045893673467)	(85, 37.164576684552124)	(90, 37.36568646371017)	(95, 37.47959459755582)	(100, 36.844430809724955)	(105, 36.80992008909853)	(110, 36.81562072155357)	(115, 36.80037561661125)	(120, 36.83055639439345)	(125, 36.80430036795965)	(130, 36.7215655307253)	(135, 36.82151090550384)	(140, 36.83012279654865)	(145, 36.773678947754654)	(150, 36.65123466918029)	(155, 36.63553149026376)	(160, 37.00321092942575)	(165, 36.672776430803445)	(170, 36.834313075993066)	(175, 36.54625305569775)	(180, 36.26939560477457)	(185, 36.40943630853466)	(190, 36.432909804415246)	(195, 36.202733769248475)	(200, 36.20122210451346)	(205, 36.08137588067273)	(210, 36.20921074088943)	(215, 35.7847728739745)	(220, 34.908445581089666)	(225, 35.2401878314238)	(230, 35.18379362398191)	(235, 34.983263792755366)	(240, 34.569902079670555)	(245, 34.88363034939722)	(250, 33.85727145429265)	(255, 32.69564525312152)	(260, 33.878827499797524)	(265, 33.399752808731535)	(270, 31.77667258622205)	(275, 31.625928770567818)	(280, 31.119732290640382)	(285, 32.267509242881005)	(290, 31.9981425995061)	(295, 31.435561152626235)	(300, 30.802830929801917)
3896R_L_M_S2_week10_S53_L001_R2_001	(1, 37.48564315595044)	(2, 37.219853547779486)	(3, 37.60722916195162)	(4, 37.56964511254043)	(5, 37.23255678126346)	(6, 37.34454965577157)	(7, 37.01097296547495)	(8, 37.48332153052061)	(9, 37.015229278762966)	(10, 37.348528542121436)	(15, 37.26344754075621)	(20, 37.28154307783286)	(25, 37.300154044957765)	(30, 37.337216823753586)	(35, 36.89288545917808)	(40, 36.54093580486665)	(45, 36.66694458031875)	(50, 37.0469336231901)	(55, 37.525170614705004)	(60, 36.87594651474107)	(65, 36.589186617168)	(70, 37.2405288390637)	(75, 36.65548933784826)	(80, 37.284877987409445)	(85, 36.85245457571002)	(90, 37.360529016893715)	(95, 36.71005717770261)	(100, 36.844692686345816)	(105, 35.899183419289486)	(110, 36.923088618665275)	(115, 36.33734647134797)	(120, 36.259138542777734)	(125, 35.74114966151141)	(130, 36.71996179476266)	(135, 35.16283571935959)	(140, 35.80443352212741)	(145, 35.400295446185794)	(150, 35.3631841507527)	(155, 34.4425850668189)	(160, 35.67056175001321)	(165, 35.847022716092944)	(170, 33.434880627661656)	(175, 35.36896711793069)	(180, 33.07497669372653)	(185, 32.1563835116717)	(190, 32.34852619098915)	(195, 31.182676934238337)	(200, 32.132944765309375)	(205, 30.33160999945543)	(210, 31.666912444052354)	(215, 32.616621815896345)	(220, 29.00465842404903)	(225, 29.968191794483715)	(230, 27.669612076739718)	(235, 26.555534876602014)	(240, 24.137227228188937)	(245, 26.841410323131004)	(250, 23.947211529404264)	(255, 23.71780237275636)	(260, 22.810280124375577)	(265, 23.401339551041357)	(270, 19.596179653754564)	(275, 24.515473738566143)	(280, 15.285860505417196)	(285, 9.9)	(290, 13.345054945054944)	(295, 14.633333333333335)	(300, 22.15)
3909R_R_M_S2_week10_S54_L001_R1_001	(1, 37.899676851965474)	(2, 37.65927925716857)	(3, 37.56941956068229)	(4, 37.60504765410889)	(5, 37.875264858673866)	(6, 37.88009162678447)	(7, 37.31363357467174)	(8, 37.66820468769174)	(9, 37.53642573730928)	(10, 37.54595492289442)	(15, 37.89086268253774)	(20, 37.61373583670798)	(25, 37.526634760911364)	(30, 37.723809056325926)	(35, 37.590163210209845)	(40, 37.475781895529096)	(45, 37.7943518632143)	(50, 37.59085805357688)	(55, 37.38348688477329)	(60, 37.30884071013663)	(65, 37.27663190794807)	(70, 37.36567235003436)	(75, 37.38105337418887)	(80, 37.28710846145407)	(85, 37.15970675970322)	(90, 37.362293546110294)	(95, 37.48632679050751)	(100, 36.83519493669032)	(105, 36.80363848312646)	(110, 36.806018471884826)	(115, 36.795604381329)	(120, 36.825755317534764)	(125, 36.79252617976341)	(130, 36.71623003163611)	(135, 36.82615067562249)	(140, 36.815834295983926)	(145, 36.77875441316751)	(150, 36.66404430394896)	(155, 36.63248665510234)	(160, 36.99566044196674)	(165, 36.66437776021702)	(170, 36.83036836862666)	(175, 36.56517002565153)	(180, 36.26156432299634)	(185, 36.41327525449412)	(190, 36.42550868078895)	(195, 36.235383531456876)	(200, 36.20729564086393)	(205, 36.06469893545912)	(210, 36.079344146980844)	(215, 35.85701123199175)	(220, 34.97515167606772)	(225, 35.295863960061254)	(230, 35.20455046102394)	(235, 35.09115072432107)	(240, 34.638658676466925)	(245, 34.92930238893659)	(250, 33.85952573616078)	(255, 32.749237850421736)	(260, 33.93998826808229)	(265, 33.47379258773893)	(270, 31.821850418026695)	(275, 31.643463149948282)	(280, 31.17732417606249)	(285, 32.35274437038447)	(290, 31.96722488449427)	(295, 31.186009654770363)	(300, 31.06313387423935)
3909R_R_M_S2_week10_S54_L001_R2_001	(1, 37.464457806683846)	(2, 37.21495480017998)	(3, 37.61756452734487)	(4, 37.59208082791344)	(5, 37.226203624166565)	(6, 37.37473718656686)	(7, 37.06111997382092)	(8, 37.504389086595495)	(9, 37.05558964290097)	(10, 37.35053298973289)	(15, 37.26139812655949)	(20, 37.31539411788768)	(25, 37.31617130936311)	(30, 37.35958767946987)	(35, 36.885571235734446)	(40, 36.54910786599583)	(45, 36.6528081155152)	(50, 37.059396219432514)	(55, 37.53769686853427)	(60, 36.88049969597258)	(65, 36.601189659159665)	(70, 37.218528610810964)	(75, 36.65245265927753)	(80, 37.284884471900625)	(85, 36.86842012348797)	(90, 37.36630430905923)	(95, 36.71616963600361)	(100, 36.83709643654767)	(105, 35.84265800424744)	(110, 36.910975650053715)	(115, 36.31331495579499)	(120, 36.242597231087075)	(125, 35.66033739744525)	(130, 36.72940642844259)	(135, 35.10321579556718)	(140, 35.78944694951747)	(145, 35.36260376636145)	(150, 35.26077179249654)	(155, 34.36164713455991)	(160, 35.624147020476116)	(165, 35.812898699047224)	(170, 33.364157267944094)	(175, 35.389164425987666)	(180, 32.95597359781409)	(185, 31.97884076030035)	(190, 32.21827292912688)	(195, 30.9770048487026)	(200, 31.98958723199816)	(205, 30.157822879838072)	(210, 31.514584921215487)	(215, 32.57011898184618)	(220, 28.801314156474245)	(225, 29.80180329343356)	(230, 27.456396258789237)	(235, 26.522024392731204)	(240, 24.07032719906859)	(245, 26.709347457652406)	(250, 23.90137208277042)	(255, 23.583330956349734)	(260, 22.659862024178153)	(265, 23.2491980797797)	(270, 19.48849396960788)	(275, 24.47011851092634)	(280, 15.480653620962176)	(285, 9.342857142857143)	(290, 10.171428571428573)	(295, 15.566666666666668)	(300, 24.96666666666667)
3974R_0_M_NS1_week10_S79_L001_R1_001	(1, 37.900940116137306)	(2, 37.679999277528424)	(3, 37.57040033956164)	(4, 37.63191879419494)	(5, 37.86570156505405)	(6, 37.87929306156361)	(7, 37.27266980339742)	(8, 37.65193125682961)	(9, 37.50892703940179)	(10, 37.551551056163134)	(15, 37.87302200829036)	(20, 37.5477616927509)	(25, 37.52143302236952)	(30, 37.6886671302526)	(35, 37.57142986155638)	(40, 37.3843277853537)	(45, 37.76264099484335)	(50, 37.5531639739549)	(55, 37.37539728964931)	(60, 37.28945856714866)	(65, 37.22323073588382)	(70, 37.34129176671273)	(75, 37.3285566493334)	(80, 37.30107229053615)	(85, 37.18259156593357)	(90, 37.29921477972384)	(95, 37.43801374880773)	(100, 36.764158354082475)	(105, 36.768804151556495)	(110, 36.65122318875967)	(115, 36.79319078012192)	(120, 36.83313669557221)	(125, 36.67402690133561)	(130, 36.639706640141334)	(135, 36.72871653815226)	(140, 36.760555979328785)	(145, 36.73147478503411)	(150, 36.598725494240504)	(155, 36.5980770258796)	(160, 36.905708504323606)	(165, 36.60178132934774)	(170, 36.70430443660244)	(175, 36.48319637230425)	(180, 36.1451873303962)	(185, 36.266185560958846)	(190, 36.26068601262459)	(195, 36.080687801935134)	(200, 36.1095645012683)	(205, 35.9719962531678)	(210, 35.938647698965084)	(215, 35.60182756372379)	(220, 34.883740270401255)	(225, 35.05495530629306)	(230, 34.795896535344546)	(235, 34.76750353204039)	(240, 34.18991270605322)	(245, 34.56651954491808)	(250, 33.60733269508415)	(255, 32.54649996752338)	(260, 33.49857212847483)	(265, 32.78308287356769)	(270, 31.215176177972417)	(275, 30.972275049538876)	(280, 30.78068141824666)	(285, 31.72652738714273)	(290, 30.642351844645383)	(295, 30.062468565433598)	(300, 31.765232292460016)
3974R_0_M_NS1_week10_S79_L001_R2_001	(1, 37.46301397079409)	(2, 37.22116661097615)	(3, 37.59935338794014)	(4, 37.57301929902195)	(5, 37.190389321870114)	(6, 37.30109002898917)	(7, 36.93608835827366)	(8, 37.45649366482738)	(9, 36.8891457676712)	(10, 37.32316514797121)	(15, 37.228068020698814)	(20, 37.245300773947676)	(25, 37.17586764320741)	(30, 37.286864563672324)	(35, 36.907758441628815)	(40, 36.57425111305777)	(45, 36.56100820908327)	(50, 36.99267133393208)	(55, 37.50464332196874)	(60, 36.78534255136355)	(65, 36.50809250027652)	(70, 37.192796373722125)	(75, 36.58831945654246)	(80, 37.233034865219246)	(85, 36.77514526524145)	(90, 37.32554144624246)	(95, 36.633361395508565)	(100, 36.729308893723356)	(105, 35.802582902541076)	(110, 36.86952396703284)	(115, 36.10841875921973)	(120, 36.277939455007015)	(125, 35.523897427198385)	(130, 36.62015789241362)	(135, 34.82181438986147)	(140, 35.621438428784046)	(145, 35.16361376773168)	(150, 35.31357819428087)	(155, 34.21021260393002)	(160, 35.52208187749285)	(165, 35.643034374860854)	(170, 33.12688859751283)	(175, 35.07991892023953)	(180, 32.91239048851142)	(185, 31.982061091967587)	(190, 32.16155265204485)	(195, 30.526496979926435)	(200, 31.62956402237567)	(205, 30.05690173581047)	(210, 31.37844351339574)	(215, 32.28307534094474)	(220, 28.572118577716573)	(225, 29.614442784752327)	(230, 27.250143394921633)	(235, 26.439965664657297)	(240, 24.08191929676331)	(245, 26.87521763379565)	(250, 23.70815083669048)	(255, 23.660927116397943)	(260, 22.613537243765528)	(265, 23.161125642981894)	(270, 19.49887999433623)	(275, 24.23194251948024)	(280, 14.666359390433097)	(285, 11.870588235294118)	(290, 13.159267937944406)	(295, 13.6)	(300, 23.810606060606062)
3974R_L_M_NS1_week10_S80_L001_R1_001	(1, 37.90558420409825)	(2, 37.7107307640114)	(3, 37.61131089700095)	(4, 37.657110869860226)	(5, 37.88318462477948)	(6, 37.89197991586375)	(7, 37.284468720314834)	(8, 37.65888349843941)	(9, 37.54147441986701)	(10, 37.59543187678111)	(15, 37.90115687338852)	(20, 37.62016895101099)	(25, 37.59468041796716)	(30, 37.73786300719229)	(35, 37.6307266929027)	(40, 37.453809879223776)	(45, 37.80328572397883)	(50, 37.64696421704955)	(55, 37.45861968321451)	(60, 37.36506162053962)	(65, 37.31882543533024)	(70, 37.41388985487579)	(75, 37.392337674892396)	(80, 37.35570963282724)	(85, 37.26555045396948)	(90, 37.38284544927836)	(95, 37.51472496303046)	(100, 36.88581933924854)	(105, 36.87859804029029)	(110, 36.738004450080254)	(115, 36.86631555122651)	(120, 36.931989376649504)	(125, 36.79363744440987)	(130, 36.74585652979541)	(135, 36.81957810431643)	(140, 36.868872374933325)	(145, 36.83795783720493)	(150, 36.71303484820179)	(155, 36.71880124347111)	(160, 37.00275936927006)	(165, 36.699767407688825)	(170, 36.80556740460766)	(175, 36.60420387171554)	(180, 36.26047530045164)	(185, 36.382614034841275)	(190, 36.38279172063651)	(195, 36.20433179870671)	(200, 36.22611635446739)	(205, 36.11174886953924)	(210, 36.097576354121976)	(215, 35.76149221187219)	(220, 35.01304100840137)	(225, 35.18458330362635)	(230, 34.97454862121107)	(235, 34.93522901575152)	(240, 34.40047940953497)	(245, 34.7780443392344)	(250, 33.807052439176445)	(255, 32.78085668945967)	(260, 33.74133779906966)	(265, 33.018090185393135)	(270, 31.49366201254323)	(275, 31.224433007989443)	(280, 30.99920325949278)	(285, 31.966452203927467)	(290, 31.474420545261278)	(295, 30.70434916859935)	(300, 31.63027799632835)
3974R_L_M_NS1_week10_S80_L001_R2_001	(1, 37.47213834984394)	(2, 37.25526699687882)	(3, 37.61480526530058)	(4, 37.58157484054824)	(5, 37.184107409417834)	(6, 37.3619300447822)	(7, 36.93619385262586)	(8, 37.4565069887366)	(9, 36.88381225403718)	(10, 37.35431367892522)	(15, 37.25265979101642)	(20, 37.2651258651106)	(25, 37.17790745012893)	(30, 37.32040303976116)	(35, 36.909483986972454)	(40, 36.54853779345908)	(45, 36.552383294883974)	(50, 36.99517948851332)	(55, 37.505700094418714)	(60, 36.79727448884553)	(65, 36.53311028285875)	(70, 37.19846773127118)	(75, 36.57515045818597)	(80, 37.24599532260269)	(85, 36.835871826252685)	(90, 37.337198858308966)	(95, 36.64911922296754)	(100, 36.751559291118475)	(105, 35.79027654343774)	(110, 36.879961494723105)	(115, 36.008344223278755)	(120, 36.231927550677824)	(125, 35.466611227174084)	(130, 36.604308672005104)	(135, 34.75522135388684)	(140, 35.6302348148452)	(145, 35.121265904200094)	(150, 35.293604501286666)	(155, 34.16063390832193)	(160, 35.51139538436103)	(165, 35.63374616983579)	(170, 33.033643505347065)	(175, 35.05213033093044)	(180, 32.89036255960583)	(185, 31.90676131709361)	(190, 32.10271405491797)	(195, 30.441711873622218)	(200, 31.57896745288963)	(205, 29.990057220766346)	(210, 31.424610504837368)	(215, 32.24587091893244)	(220, 28.57460834770451)	(225, 29.618316779283777)	(230, 27.10548755088854)	(235, 26.39574851938665)	(240, 23.91698191951179)	(245, 26.846409883104087)	(250, 23.65225540587401)	(255, 23.51610398223436)	(260, 22.51145604979204)	(265, 23.107117273292523)	(270, 19.398056212936776)	(275, 24.12137083130199)	(280, 16.63346315391272)	(285, 13.95058823529412)	(290, 13.850389610389609)	(295, 16.643333333333334)	(300, 24.5)
Positive_control_S89_L001_R1_001	(1, 37.9199268458896)	(2, 37.232389469145936)	(3, 37.5810397340862)	(4, 37.752465126628934)	(5, 37.858872369720316)	(6, 37.88599919335772)	(7, 37.26841021932326)	(8, 37.64901325396715)	(9, 37.51919252326051)	(10, 37.46834902577083)	(15, 37.834386604175066)	(20, 37.56332280989666)	(25, 37.56712932701)	(30, 37.621726492635915)	(35, 37.4735393516265)	(40, 37.50163414600225)	(45, 37.723545610058)	(50, 37.44065997558037)	(55, 37.51760270473085)	(60, 37.33210222068131)	(65, 37.12161133030009)	(70, 36.94294955171766)	(75, 36.95142190436361)	(80, 37.0722157348395)	(85, 36.90624793906518)	(90, 37.263897925138586)	(95, 37.00473426698928)	(100, 36.681020835317135)	(105, 36.68249040653152)	(110, 36.461242073162005)	(115, 36.56373489785061)	(120, 36.80104232080038)	(125, 36.7034840823408)	(130, 36.70972866780086)	(135, 36.50139525146195)	(140, 36.35788481347927)	(145, 36.30349491483686)	(150, 36.35497668417635)	(155, 36.82058503170712)	(160, 36.48834226102694)	(165, 36.52007634534933)	(170, 35.87140722128268)	(175, 35.739113718710726)	(180, 35.4529225373075)	(185, 36.02304196319254)	(190, 35.806654081350096)	(195, 35.43818225492332)	(200, 34.62041961569874)	(205, 35.491129891634046)	(210, 35.547090182060074)	(215, 35.04689813204247)	(220, 34.498251688067526)	(225, 34.63511743195127)	(230, 32.73689253046418)	(235, 33.04086246288548)	(240, 33.88355593679187)	(245, 33.285759306975784)	(250, 32.50616842341062)	(255, 30.98146912183689)	(260, 32.36072325068701)	(265, 32.881941146345646)	(270, 29.498193407902022)	(275, 29.383413819698756)	(280, 29.007460855755056)	(285, 30.670578700058762)	(290, 29.48189945321634)	(295, 29.739214067779226)	(300, 29.438963065718745)
Positive_control_S89_L001_R2_001	(1, 37.689887765461805)	(2, 37.42087951823985)	(3, 37.69293353545749)	(4, 37.60770065226764)	(5, 37.15105072111039)	(6, 37.41410650459647)	(7, 37.07971155584607)	(8, 37.57800091790329)	(9, 37.16960349359554)	(10, 37.47707049775392)	(15, 37.331482691960005)	(20, 36.54787700095963)	(25, 37.07152830897181)	(30, 37.37411790884942)	(35, 36.91100788562368)	(40, 36.38317316384573)	(45, 36.00315424947499)	(50, 36.74192490369743)	(55, 37.496251131935345)	(60, 36.90016629609955)	(65, 36.45172527735665)	(70, 37.102240821507294)	(75, 36.00632483108559)	(80, 36.988098722293515)	(85, 36.90889411825397)	(90, 37.20720833625825)	(95, 36.711610978390944)	(100, 35.748682887117)	(105, 35.23002782343364)	(110, 36.8948160066404)	(115, 35.93637442298608)	(120, 36.41528047903954)	(125, 35.31597553742266)	(130, 36.59604917025574)	(135, 34.85216251019666)	(140, 35.566994210458596)	(145, 34.498104501816364)	(150, 34.50591749189964)	(155, 34.41504977202281)	(160, 35.52440008852581)	(165, 35.56114087910569)	(170, 31.38799531948166)	(175, 34.425193664367576)	(180, 33.8092801014064)	(185, 32.390808177939945)	(190, 31.999816437055063)	(195, 31.8692009918286)	(200, 31.296269663778993)	(205, 27.444002288363002)	(210, 30.495477034659984)	(215, 31.962241874586987)	(220, 28.75700430911589)	(225, 29.448944584579095)	(230, 26.692657628213176)	(235, 26.18122037668479)	(240, 27.232580811717053)	(245, 27.246611981242154)	(250, 23.62687048324697)	(255, 23.38899390859175)	(260, 22.91675126773375)	(265, 23.17347142817765)	(270, 19.524651612119374)	(275, 24.965045220441397)	(280, 14.6145601576707)	(285, 12.577777777777778)	(290, 12.387450980392156)	(295, 14.71904761904762)	(300, 21.833333333333336)
T1D_NS1_defined_mouse_inocula_S81_L001_R1_001	(1, 37.885242634315425)	(2, 37.68837954939342)	(3, 37.605875216637784)	(4, 37.7582842287695)	(5, 37.88399480069324)	(6, 37.86875216637782)	(7, 37.29876083188908)	(8, 37.66687175043327)	(9, 37.55699306759099)	(10, 37.5760554592721)	(15, 37.8483691507799)	(20, 37.51333795493934)	(25, 37.53098266897747)	(30, 37.65054766031196)	(35, 37.63023743500867)	(40, 37.4248301559792)	(45, 37.73548180242634)	(50, 37.49793105040104)	(55, 37.43871355982121)	(60, 37.24269990119775)	(65, 37.14983028039539)	(70, 37.152898181568354)	(75, 37.074624267243834)	(80, 37.18052054031317)	(85, 36.95086967940555)	(90, 37.09684081338711)	(95, 37.03504939173847)	(100, 36.66863134144951)	(105, 36.682735337103715)	(110, 36.45689140897899)	(115, 36.54207468274784)	(120, 36.71710178362162)	(125, 36.564244836306685)	(130, 36.467499167716866)	(135, 36.32376910217438)	(140, 36.50417534457942)	(145, 36.37961492644676)	(150, 36.2189797761683)	(155, 36.53390207776357)	(160, 36.460156490389416)	(165, 36.372943300578804)	(170, 36.241228254254814)	(175, 36.19541058722747)	(180, 35.72802696036647)	(185, 35.98405325362439)	(190, 35.80162444396349)	(195, 35.696339720799934)	(200, 35.63297850953055)	(205, 35.82289960712584)	(210, 35.619237229149704)	(215, 35.33708163418524)	(220, 34.66934043979635)	(225, 34.55299219898096)	(230, 33.564841771736795)	(235, 34.18801353280965)	(240, 33.86989246846347)	(245, 33.78169469960632)	(250, 33.128500775756216)	(255, 31.80954381371304)	(260, 33.12725930102571)	(265, 32.23635612369948)	(270, 30.53032877578314)	(275, 30.901337129260032)	(280, 30.5024853841902)	(285, 31.150893136489923)	(290, 31.50041818797684)	(295, 31.013599033436076)	(300, 30.73660625936502)
T1D_NS1_defined_mouse_inocula_S81_L001_R2_001	(1, 37.66066724436742)	(2, 37.34263431542461)	(3, 37.64003466204506)	(4, 37.549263431542464)	(5, 37.27794627383015)	(6, 37.443370883882146)	(7, 36.955407279029465)	(8, 37.51284228769497)	(9, 36.967157712305024)	(10, 37.40879549393414)	(15, 37.281391681109184)	(20, 36.8910294627383)	(25, 36.88060485268631)	(30, 37.27248526863085)	(35, 36.65407279029462)	(40, 36.330838821490474)	(45, 36.10474003466204)	(50, 36.83587785990137)	(55, 37.47946803333861)	(60, 36.787712823461376)	(65, 36.27424567965708)	(70, 37.136527381687316)	(75, 36.304374913051)	(80, 37.069858282541595)	(85, 36.79414767256279)	(90, 37.29545362270536)	(95, 36.68603320641688)	(100, 36.50167596591784)	(105, 35.700755861160715)	(110, 36.71645314239514)	(115, 35.8448337373771)	(120, 36.19252670656237)	(125, 34.529777423064345)	(130, 36.52581154629322)	(135, 34.17200254634751)	(140, 35.64236933629846)	(145, 34.519635389965494)	(150, 34.950486306118435)	(155, 34.07013117134883)	(160, 35.17663833633082)	(165, 35.72091300900295)	(170, 32.81986528450345)	(175, 33.9137160955624)	(180, 33.32521843498751)	(185, 32.58606804818611)	(190, 32.63419503795954)	(195, 31.653876739417665)	(200, 31.362134745407605)	(205, 29.213596669837717)	(210, 31.584979846547004)	(215, 32.29831039138945)	(220, 29.560151131236353)	(225, 30.151713594173344)	(230, 26.79932104672692)	(235, 26.395479728599334)	(240, 25.672057356394014)	(245, 27.88543937749342)	(250, 23.69427607482234)	(255, 23.269346476115)	(260, 22.629075320999267)	(265, 23.217051691420696)	(270, 19.592404369576183)	(275, 24.91894723140031)	(280, 16.122653187710608)	(285, 11.755789473684212)	(290, 12.547368421052632)	(295, 15.384123931623932)	(300, 21.772727272727273)
T1D_NS6_defined_mouse_inocula_S82_L001_R1_001	(1, 37.89048724341156)	(2, 37.71509489831982)	(3, 37.65876722927472)	(4, 37.77093541947254)	(5, 37.8889016247815)	(6, 37.87548117794271)	(7, 37.31605391103342)	(8, 37.674766694367236)	(9, 37.55024787230994)	(10, 37.60247203675579)	(15, 37.88140718877459)	(20, 37.60011080226572)	(25, 37.59622890219789)	(30, 37.71621247289643)	(35, 37.672722583603175)	(40, 37.49998758250471)	(45, 37.77678501494876)	(50, 37.59836662177265)	(55, 37.51736779752734)	(60, 37.31587996446355)	(65, 37.28094712657545)	(70, 37.304647275158814)	(75, 37.301096650148565)	(80, 37.304718811897985)	(85, 37.149369732401475)	(90, 37.24575708991078)	(95, 37.34811173406388)	(100, 36.880266080933474)	(105, 36.897075810172)	(110, 36.56588225926956)	(115, 36.73057038704782)	(120, 36.79437656701104)	(125, 36.666512967244714)	(130, 36.65835526840424)	(135, 36.57166934840376)	(140, 36.73831444613524)	(145, 36.61066272417975)	(150, 36.366293483132814)	(155, 36.609259126246045)	(160, 36.6585673701333)	(165, 36.48812631125203)	(170, 36.45857474150451)	(175, 36.45439426013793)	(180, 36.08888184366959)	(185, 36.130171106422765)	(190, 35.98830616187045)	(195, 35.817244330848304)	(200, 35.794196623031176)	(205, 36.00458650848402)	(210, 35.885505836619735)	(215, 35.478227524861595)	(220, 34.957796544737235)	(225, 34.84616094552216)	(230, 34.084778350474366)	(235, 34.47220194273706)	(240, 33.94351052375498)	(245, 34.050916978599425)	(250, 33.344234422133056)	(255, 32.17244188808561)	(260, 33.435485531101804)	(265, 32.46084984608079)	(270, 30.81464786162171)	(275, 31.031840062844594)	(280, 30.535273291602277)	(285, 31.127478470428212)	(290, 30.39434581673307)	(295, 30.374310250043372)	(300, 30.32790295849642)
T1D_NS6_defined_mouse_inocula_S82_L001_R2_001	(1, 37.64124900898835)	(2, 37.37861898348473)	(3, 37.65707653953062)	(4, 37.56353459227632)	(5, 37.3314898128779)	(6, 37.47798760160855)	(7, 37.11620865212865)	(8, 37.571348062393135)	(9, 37.06416979492029)	(10, 37.437401495830585)	(15, 37.2976798387636)	(20, 37.18124194056796)	(25, 37.11000945640027)	(30, 37.3522690584673)	(35, 36.87398534735555)	(40, 36.482163700795674)	(45, 36.530677899723955)	(50, 37.01332382212651)	(55, 37.53034083285898)	(60, 36.92339526560092)	(65, 36.63094842407134)	(70, 37.20731039619332)	(75, 36.52023832762776)	(80, 37.208998780609654)	(85, 36.82969475308502)	(90, 37.34921636698418)	(95, 36.752480380449526)	(100, 36.45744583261811)	(105, 35.85416587968835)	(110, 36.89765217528457)	(115, 36.129031640181736)	(120, 36.16436494246115)	(125, 35.278424794781515)	(130, 36.57313423083383)	(135, 34.54142713851555)	(140, 35.70132605627706)	(145, 34.82617507867961)	(150, 35.10478928324716)	(155, 34.192228139793144)	(160, 35.36799160653844)	(165, 35.821790253224854)	(170, 33.12942445662118)	(175, 34.25687513132182)	(180, 33.392835305543144)	(185, 32.7157861403288)	(190, 32.49537203979155)	(195, 31.789858783025487)	(200, 31.43690413244782)	(205, 30.082959191809937)	(210, 31.80996834168589)	(215, 32.48324698865181)	(220, 29.513543708369802)	(225, 30.208177409129007)	(230, 27.369614887385335)	(235, 26.434543052231362)	(240, 25.58325608045493)	(245, 27.436833378593736)	(250, 23.84568557786487)	(255, 23.397529528103313)	(260, 22.590987993499894)	(265, 23.11380415872612)	(270, 19.457152563840644)	(275, 24.850740288784635)	(280, 15.580600806864151)	(285, 13.632679738562093)	(290, 12.8375)	(295, 14.876089743589745)	(300, 23.535714285714285)
T1D_S2_defined_mouse_inocula_S83_L001_R1_001	(1, 37.8978752886836)	(2, 37.671482678983836)	(3, 37.65650808314088)	(4, 37.79419861431871)	(5, 37.890133949191686)	(6, 37.84786143187067)	(7, 37.29124249422633)	(8, 37.66376905311778)	(9, 37.58921939953811)	(10, 37.623501154734406)	(15, 37.87464387990762)	(20, 37.60492193995381)	(25, 37.59992794457274)	(30, 37.702608775981524)	(35, 37.6555713625866)	(40, 37.51855704387991)	(45, 37.76930438799076)	(50, 37.582134981180694)	(55, 37.53374627416166)	(60, 37.33589106395558)	(65, 37.2829087916319)	(70, 37.26202951567704)	(75, 37.249195295052566)	(80, 37.25753678300351)	(85, 37.09387923159941)	(90, 37.34724213973871)	(95, 37.27948188759473)	(100, 36.91204776959468)	(105, 36.92817471510618)	(110, 36.57717303334828)	(115, 36.71892764401364)	(120, 36.86213049777152)	(125, 36.74420209196419)	(130, 36.70115139956113)	(135, 36.58395226734025)	(140, 36.66954786320433)	(145, 36.57994197951289)	(150, 36.3613890507551)	(155, 36.648907739666285)	(160, 36.71599623065141)	(165, 36.603002928947035)	(170, 36.45296815847517)	(175, 36.4662961435161)	(180, 36.042530414066405)	(185, 36.104152708692915)	(190, 36.12359781562229)	(195, 35.92641489590779)	(200, 35.79269607023859)	(205, 35.97977166374305)	(210, 35.942491251549754)	(215, 35.473323897191534)	(220, 35.00071275355634)	(225, 35.0899576764543)	(230, 34.018667433897505)	(235, 34.409421334927224)	(240, 34.21294462277139)	(245, 34.053583185274604)	(250, 33.382947989884734)	(255, 32.062044132178436)	(260, 33.48353944922634)	(265, 32.8031470724299)	(270, 30.80179298779593)	(275, 30.98125742873056)	(280, 30.55461241698635)	(285, 32.152013833791074)	(290, 31.067983086594175)	(295, 30.79152081137419)	(300, 30.568214577895514)
T1D_S2_defined_mouse_inocula_S83_L001_R2_001	(1, 37.71618475750577)	(2, 37.28325173210162)	(3, 37.66883140877598)	(4, 37.60012009237875)	(5, 37.36954272517321)	(6, 37.506290993071595)	(7, 37.121598152424944)	(8, 37.597311778290994)	(9, 37.11667436489607)	(10, 37.486647575057745)	(15, 37.3859103926097)	(20, 37.05404896073903)	(25, 37.14093856812933)	(30, 37.394359353348726)	(35, 36.9013376443418)	(40, 36.500639260969976)	(45, 36.49903741339492)	(50, 36.97148782568168)	(55, 37.55012533587803)	(60, 36.95139220566375)	(65, 36.59591681051857)	(70, 37.24983027366396)	(75, 36.54828745105853)	(80, 37.18708498641632)	(85, 36.90056143841199)	(90, 37.29390799979163)	(95, 36.809157748342066)	(100, 36.543609669964326)	(105, 35.947722861163484)	(110, 36.97195163290548)	(115, 36.27283403246227)	(120, 36.452146598639715)	(125, 35.16238573844943)	(130, 36.584986110104445)	(135, 34.48052029074061)	(140, 35.7946854985831)	(145, 34.892940152055495)	(150, 34.997370134943615)	(155, 34.4471473741213)	(160, 35.46289480987521)	(165, 35.84685044459663)	(170, 32.98482552597095)	(175, 34.21840919092333)	(180, 33.479718130670975)	(185, 32.86516724496477)	(190, 32.484922496637)	(195, 31.965153407586023)	(200, 31.552061692533623)	(205, 29.621756395461393)	(210, 31.907089228165688)	(215, 32.533812414807386)	(220, 29.651136241074575)	(225, 30.31537364244569)	(230, 27.361066129930986)	(235, 26.517619352187133)	(240, 25.97798026453537)	(245, 27.485094789845903)	(250, 23.834062051859178)	(255, 23.402283876893957)	(260, 22.853574035413107)	(265, 23.48758633975808)	(270, 19.64625663863513)	(275, 25.083056017874945)	(280, 15.758334328120648)	(285, 12.205555555555554)	(290, 14.525)	(295, 13.057142857142855)	(300, 20.583333333333332)
T1D_S5_defined_mouse_inocula_S84_L001_R1_001	(1, 37.90466282327149)	(2, 37.626903089602536)	(3, 37.613809833137104)	(4, 37.770056026957896)	(5, 37.882018594454145)	(6, 37.871300393812675)	(7, 37.28471235435021)	(8, 37.6620315862125)	(9, 37.5682879298445)	(10, 37.574570662985664)	(15, 37.869595225528805)	(20, 37.55505257602208)	(25, 37.60709471803824)	(30, 37.67413828102797)	(35, 37.63732694571881)	(40, 37.50407819414559)	(45, 37.7573829726767)	(50, 37.4936431931919)	(55, 37.490149508236655)	(60, 37.23243303594084)	(65, 37.196682516408536)	(70, 37.1667980049153)	(75, 37.12743955680609)	(80, 37.14201520947992)	(85, 36.93947480190751)	(90, 37.14103248483931)	(95, 37.07470576207369)	(100, 36.708825557533075)	(105, 36.76680728596561)	(110, 36.51034703172636)	(115, 36.46561815496326)	(120, 36.6942073048175)	(125, 36.627411482362675)	(130, 36.50683138589083)	(135, 36.378689277196244)	(140, 36.54767513742088)	(145, 36.32874497502048)	(150, 36.22219510386689)	(155, 36.52889219270816)	(160, 36.45135305940893)	(165, 36.37849878840675)	(170, 36.1962003451838)	(175, 36.18658211452255)	(180, 35.73174282774342)	(185, 35.91742799380013)	(190, 35.76990636546013)	(195, 35.674387510179486)	(200, 35.457681578324454)	(205, 35.777640191692306)	(210, 35.61482992268843)	(215, 35.246544603102635)	(220, 34.68701014954707)	(225, 34.67032238040454)	(230, 33.4259403870808)	(235, 34.177910871986526)	(240, 33.91732749834988)	(245, 33.67237871980154)	(250, 32.80133103092304)	(255, 31.508433111418594)	(260, 33.18226661964528)	(265, 32.12547559543901)	(270, 29.9822761862144)	(275, 30.329479022394516)	(280, 30.002726992533212)	(285, 30.26572034745296)	(290, 29.95285074626866)	(295, 29.58332378114999)	(300, 29.996521739130436)
T1D_S5_defined_mouse_inocula_S84_L001_R2_001	(1, 37.697413828102796)	(2, 37.34900125857659)	(3, 37.66868986236856)	(4, 37.596768300109616)	(5, 37.312532986886445)	(6, 37.494346555154074)	(7, 37.115180057650925)	(8, 37.580589501035284)	(9, 37.122822865494705)	(10, 37.4938532743291)	(15, 37.35822946693192)	(20, 36.96997279850595)	(25, 37.05273638910317)	(30, 37.39347976127644)	(35, 36.66414071698266)	(40, 36.385211725061914)	(45, 36.11887661889489)	(50, 36.90100470532061)	(55, 37.53211167133192)	(60, 36.83698098218305)	(65, 36.42095570066539)	(70, 37.11911185981535)	(75, 36.3326323778071)	(80, 37.127714581841204)	(85, 36.84029428387548)	(90, 37.28246477513068)	(95, 36.74065831316584)	(100, 36.4004779211739)	(105, 35.69441718259132)	(110, 36.86476990086766)	(115, 35.879161479719016)	(120, 36.24183186716111)	(125, 34.71128858935724)	(130, 36.55549010744127)	(135, 34.46828187440249)	(140, 35.6356294539432)	(145, 34.65349886704563)	(150, 34.691263805260306)	(155, 34.172453246311996)	(160, 35.20284054627942)	(165, 35.74404350309207)	(170, 32.63518229703933)	(175, 34.09734300482054)	(180, 33.29617538022545)	(185, 32.38067940198501)	(190, 32.00021321685423)	(195, 31.627480204150647)	(200, 31.049096090980225)	(205, 28.841496884230004)	(210, 31.25142940395288)	(215, 32.3718222037655)	(220, 29.195552771718297)	(225, 29.938695106198047)	(230, 26.66688987578983)	(235, 26.184287773022163)	(240, 26.012059018612366)	(245, 27.363120044047736)	(250, 23.769738291032517)	(255, 23.41423643475236)	(260, 22.678284877433946)	(265, 23.11992511092103)	(270, 19.547956453538667)	(275, 25.09243335422787)	(280, 16.518257429802016)	(285, 13.171428571428573)	(290, 14.49102564102564)	(295, 14.866666666666665)	(300, 23.06818181818182)
negative_control_S90_L001_R1_001	(1, 37.89761709120789)	(2, 37.76055875102712)	(3, 37.69400164338538)	(4, 37.80920295809367)	(5, 37.9050123253903)	(6, 37.85686113393591)	(7, 37.22497945768283)	(8, 37.654231717337716)	(9, 37.62728019720625)	(10, 37.68404272801972)	(15, 37.87247329498767)	(20, 37.528841413311426)	(25, 37.65834018077239)	(30, 37.66931799506984)	(35, 37.746852917009036)	(40, 37.53285127362367)	(45, 37.77603944124897)	(50, 37.39004108463435)	(55, 37.52673788003286)	(60, 37.41334428923583)	(65, 37.26149548069022)	(70, 37.16680361544782)	(75, 36.40901952776171)	(80, 37.10148911781677)	(85, 36.838348955763855)	(90, 36.8399605328071)	(95, 36.41833144544266)	(100, 36.6414802631579)	(105, 36.515625)	(110, 36.91375)	(115, 36.323854501882934)	(120, 36.705789748897054)	(125, 36.78670908305989)	(130, 36.2754879488267)	(135, 35.765676521197996)	(140, 36.25117660776616)	(145, 36.209625818178395)	(150, 36.31147042656612)	(155, 36.8981560998741)	(160, 36.42782287908347)	(165, 36.410999020704374)	(170, 35.80361312142391)	(175, 35.62023165222953)	(180, 34.85788432947509)	(185, 35.792721061672694)	(190, 35.42477758433324)	(195, 35.81191497595927)	(200, 35.5628960537995)	(205, 35.80277536129754)	(210, 35.6503920207468)	(215, 35.22132684447802)	(220, 34.430436129034156)	(225, 34.64502813121829)	(230, 32.1541053302455)	(235, 33.96864371285952)	(240, 34.275820139508916)	(245, 33.465697700431534)	(250, 32.7025183476214)	(255, 30.667604998144476)	(260, 32.719414983854556)	(265, 32.96897224651146)	(270, 29.89452175380267)	(275, 31.028603808154635)	(280, 30.607056087433335)	(285, 32.37777777777778)	(290, 31.333333333333332)	(295, 33.08333333333333)	(300, 30.958333333333332)
negative_control_S90_L001_R2_001	(1, 37.64913722267872)	(2, 37.400328677074775)	(3, 37.651602300739526)	(4, 37.554642563681185)	(5, 37.18208709942481)	(6, 37.48709942481512)	(7, 36.96220213640098)	(8, 37.57699260476582)	(9, 37.082169268693505)	(10, 37.50034511092851)	(15, 37.2509120788825)	(20, 36.18083812654068)	(25, 36.14340180772392)	(30, 37.24049301561216)	(35, 35.920032867707484)	(40, 36.386688578471656)	(45, 35.37156943303204)	(50, 36.64429070525651)	(55, 37.47001824214142)	(60, 36.63711767749099)	(65, 35.07719193176646)	(70, 37.080761407357976)	(75, 35.85765353572259)	(80, 36.91115872754245)	(85, 37.03722860916857)	(90, 37.31425272187397)	(95, 36.804423172140616)	(100, 36.856256986773566)	(105, 35.296872895627345)	(110, 36.335401122158494)	(115, 35.17156693861051)	(120, 36.7486436318352)	(125, 31.05767252184837)	(130, 36.49260910562562)	(135, 34.37210113085408)	(140, 35.746023209072575)	(145, 34.00758325267435)	(150, 34.84354332415974)	(155, 34.44434627437542)	(160, 34.29950232632835)	(165, 35.51143525097346)	(170, 32.477893406230116)	(175, 32.07172102596714)	(180, 33.18134891385823)	(185, 32.57472056034245)	(190, 33.02330788927431)	(195, 31.446235314389575)	(200, 29.686352498913788)	(205, 24.646478930031464)	(210, 29.257839226447466)	(215, 31.24437438111096)	(220, 27.76349915231441)	(225, 28.35440704211094)	(230, 22.894035404043617)	(235, 26.088675318512355)	(240, 25.864429134283984)	(245, 28.219247328149926)	(250, 23.584356524959375)	(255, 22.970721533058295)	(260, 22.173824190642428)	(265, 22.429623152274466)	(270, 19.197829872351996)	(275, 24.61170178192374)	(280, 23.901354784081285)				
