Sample	0	1	2	3	4	5	6	7	8	9	10	11	12	13	14	15	16	17	18	19	20	21	22	23	24	25	26	27	28	29	30	31	32	33	34	35	36	37	38	39	40	41	42	43	44	45	46	47	48	49	50	51	52	53	54	55	56	57	58	59	60	61	62	63	64	65	66	67	68	69	70	71	72	73	74	75	76	77	78	79	80	81	82	83	84	85	86	87	88	89	90	91	92	93	94	95	96	97	98	99	100
016R_R_F_NS6_week5_S1_L001_R1_001	(0.0, 0.0)	(1.0, 0.0)	(2.0, 0.0)	(3.0, 0.0)	(4.0, 0.0)	(5.0, 0.0)	(6.0, 0.0)	(7.0, 0.0)	(8.0, 0.0)	(9.0, 0.0)	(10.0, 0.0)	(11.0, 0.0)	(12.0, 0.0)	(13.0, 0.0)	(14.0, 0.0)	(15.0, 0.0)	(16.0, 0.0)	(17.0, 0.0)	(18.0, 0.0)	(19.0, 0.0)	(20.0, 0.0)	(21.0, 0.0)	(22.0, 0.0)	(23.0, 0.0)	(24.0, 0.0)	(25.0, 0.0)	(26.0, 0.0)	(27.0, 0.0)	(28.0, 0.25)	(29.0, 0.25)	(30.0, 0.0)	(31.0, 0.0)	(32.0, 0.0)	(33.0, 0.0)	(34.0, 0.0)	(35.0, 0.3333333333333333)	(36.0, 0.3333333333333333)	(37.0, 0.0)	(38.0, 0.0)	(39.0, 1.0)	(40.0, 4.5)	(41.0, 14.166666666666668)	(42.0, 28.666666666666668)	(43.0, 39.83333333333333)	(44.0, 79.0)	(45.0, 346.41666666666464)	(46.0, 4159.333333334013)	(47.0, 4712.416666666851)	(48.0, 9837.333333333338)	(49.0, 1563.4999999999252)	(50.0, 524.2499999999906)	(51.0, 2939.6666666668825)	(52.0, 4888.583333333366)	(53.0, 2701.083333333436)	(54.0, 1068.833333333369)	(55.0, 254.9166666666693)	(56.0, 52.58333333333342)	(57.0, 22.583333333333325)	(58.0, 17.666666666666664)	(59.0, 10.166666666666668)	(60.0, 4.0)	(61.0, 6.666666666666664)	(62.0, 34.666666666666636)	(63.0, 4.999999999999999)	(64.0, 1.8333333333333333)	(65.0, 2.833333333333333)	(66.0, 1.6666666666666665)	(67.0, 0.0)	(68.0, 0.0)	(69.0, 0.0)	(70.0, 0.0)	(71.0, 0.3333333333333333)	(72.0, 0.0)	(73.0, 0.0)	(74.0, 0.0)	(75.0, 0.0)	(76.0, 0.0)	(77.0, 0.0)	(78.0, 0.0)	(79.0, 0.0)	(80.0, 0.0)	(81.0, 0.0)	(82.0, 0.0)	(83.0, 0.0)	(84.0, 0.0)	(85.0, 0.0)	(86.0, 0.0)	(87.0, 0.0)	(88.0, 0.0)	(89.0, 0.0)	(90.0, 0.0)	(91.0, 0.0)	(92.0, 0.0)	(93.0, 0.0)	(94.0, 0.0)	(95.0, 0.0)	(96.0, 0.0)	(97.0, 0.0)	(98.0, 0.0)	(99.0, 0.0)	(100.0, 0.0)
016R_R_F_NS6_week5_S1_L001_R2_001	(0.0, 0.0)	(1.0, 0.0)	(2.0, 0.0)	(3.0, 0.0)	(4.0, 0.0)	(5.0, 0.0)	(6.0, 0.0)	(7.0, 0.0)	(8.0, 0.0)	(9.0, 0.0)	(10.0, 0.0)	(11.0, 0.0)	(12.0, 0.0)	(13.0, 0.0)	(14.0, 0.0)	(15.0, 0.0)	(16.0, 0.0)	(17.0, 0.0)	(18.0, 0.0)	(19.0, 0.0)	(20.0, 0.0)	(21.0, 0.0)	(22.0, 0.0)	(23.0, 0.0)	(24.0, 0.0)	(25.0, 0.0)	(26.0, 0.0)	(27.0, 0.0)	(28.0, 0.0)	(29.0, 0.5)	(30.0, 1.0)	(31.0, 0.5)	(32.0, 0.5)	(33.0, 1.0)	(34.0, 1.0)	(35.0, 1.8333333333333333)	(36.0, 1.3333333333333333)	(37.0, 1.25)	(38.0, 5.75)	(39.0, 8.5)	(40.0, 13.0)	(41.0, 21.0)	(42.0, 33.666666666666664)	(43.0, 42.833333333333336)	(44.0, 72.66666666666669)	(45.0, 935.9166666667021)	(46.0, 6456.833333331947)	(47.0, 6779.166666665)	(48.0, 6334.4166666654)	(49.0, 3981.250000000672)	(50.0, 375.58333333333013)	(51.0, 1388.8333333332982)	(52.0, 1384.5833333333)	(53.0, 1254.8333333333283)	(54.0, 2078.5833333331652)	(55.0, 550.0833333333267)	(56.0, 3089.583333333605)	(57.0, 2783.08333333347)	(58.0, 253.16666666666853)	(59.0, 98.91666666666657)	(60.0, 98.83333333333317)	(61.0, 81.5833333333333)	(62.0, 29.49999999999999)	(63.0, 29.166666666666657)	(64.0, 30.499999999999993)	(65.0, 14.833333333333336)	(66.0, 7.833333333333333)	(67.0, 13.5)	(68.0, 10.833333333333332)	(69.0, 5.0)	(70.0, 5.166666666666666)	(71.0, 7.166666666666664)	(72.0, 31.166666666666625)	(73.0, 4.999999999999999)	(74.0, 0.6666666666666666)	(75.0, 0.5)	(76.0, 1.0)	(77.0, 0.5)	(78.0, 0.0)	(79.0, 0.0)	(80.0, 0.0)	(81.0, 0.3333333333333333)	(82.0, 0.3333333333333333)	(83.0, 0.0)	(84.0, 0.5)	(85.0, 0.5)	(86.0, 0.0)	(87.0, 0.0)	(88.0, 0.0)	(89.0, 0.0)	(90.0, 0.3333333333333333)	(91.0, 0.3333333333333333)	(92.0, 0.0)	(93.0, 0.6666666666666666)	(94.0, 0.0)	(95.0, 0.0)	(96.0, 0.0)	(97.0, 0.0)	(98.0, 0.0)	(99.0, 0.0)	(100.0, 0.0)
036R_0_M_NS1_S62_L001_R1_001	(0.0, 0.0)	(1.0, 0.0)	(2.0, 0.0)	(3.0, 0.0)	(4.0, 0.0)	(5.0, 0.0)	(6.0, 0.0)	(7.0, 0.0)	(8.0, 0.0)	(9.0, 0.0)	(10.0, 0.0)	(11.0, 0.0)	(12.0, 0.0)	(13.0, 0.0)	(14.0, 0.0)	(15.0, 0.0)	(16.0, 0.0)	(17.0, 0.0)	(18.0, 0.0)	(19.0, 0.0)	(20.0, 0.0)	(21.0, 0.0)	(22.0, 0.0)	(23.0, 0.0)	(24.0, 0.0)	(25.0, 0.0)	(26.0, 0.0)	(27.0, 0.0)	(28.0, 0.0)	(29.0, 0.0)	(30.0, 0.0)	(31.0, 0.0)	(32.0, 0.0)	(33.0, 0.0)	(34.0, 0.0)	(35.0, 0.0)	(36.0, 0.8333333333333333)	(37.0, 1.3333333333333333)	(38.0, 0.5)	(39.0, 0.0)	(40.0, 0.0)	(41.0, 0.8333333333333333)	(42.0, 8.333333333333334)	(43.0, 20.75)	(44.0, 64.75)	(45.0, 129.83333333333314)	(46.0, 350.58333333333167)	(47.0, 7125.249999998011)	(48.0, 12453.250000004735)	(49.0, 2094.7499999998386)	(50.0, 868.9166666666939)	(51.0, 2979.0833333335654)	(52.0, 5433.916666666202)	(53.0, 3136.166666666968)	(54.0, 811.9166666666872)	(55.0, 467.2499999999918)	(56.0, 73.9166666666667)	(57.0, 27.416666666666654)	(58.0, 19.916666666666668)	(59.0, 19.333333333333332)	(60.0, 4.5)	(61.0, 5.999999999999998)	(62.0, 48.666666666666735)	(63.0, 9.833333333333334)	(64.0, 2.3333333333333335)	(65.0, 1.3333333333333333)	(66.0, 0.8333333333333333)	(67.0, 0.0)	(68.0, 0.0)	(69.0, 0.0)	(70.0, 0.0)	(71.0, 0.0)	(72.0, 0.0)	(73.0, 0.0)	(74.0, 0.0)	(75.0, 0.0)	(76.0, 0.0)	(77.0, 0.0)	(78.0, 0.0)	(79.0, 0.0)	(80.0, 0.0)	(81.0, 0.0)	(82.0, 0.0)	(83.0, 0.0)	(84.0, 0.0)	(85.0, 0.0)	(86.0, 0.0)	(87.0, 0.0)	(88.0, 0.0)	(89.0, 0.0)	(90.0, 0.0)	(91.0, 0.0)	(92.0, 0.0)	(93.0, 0.0)	(94.0, 0.0)	(95.0, 0.0)	(96.0, 0.0)	(97.0, 0.0)	(98.0, 0.0)	(99.0, 0.0)	(100.0, 0.0)
036R_0_M_NS1_S62_L001_R2_001	(0.0, 0.0)	(1.0, 0.0)	(2.0, 0.0)	(3.0, 0.0)	(4.0, 0.0)	(5.0, 0.0)	(6.0, 0.0)	(7.0, 0.0)	(8.0, 0.0)	(9.0, 0.0)	(10.0, 0.0)	(11.0, 0.0)	(12.0, 0.0)	(13.0, 0.0)	(14.0, 0.0)	(15.0, 0.0)	(16.0, 0.0)	(17.0, 0.0)	(18.0, 0.0)	(19.0, 0.0)	(20.0, 0.0)	(21.0, 0.0)	(22.0, 0.0)	(23.0, 0.0)	(24.0, 0.0)	(25.0, 0.0)	(26.0, 0.0)	(27.0, 0.0)	(28.0, 0.0)	(29.0, 0.0)	(30.0, 0.0)	(31.0, 0.5)	(32.0, 1.0)	(33.0, 1.0)	(34.0, 1.5)	(35.0, 2.0)	(36.0, 3.5)	(37.0, 8.0)	(38.0, 10.0)	(39.0, 11.0)	(40.0, 18.666666666666664)	(41.0, 24.666666666666664)	(42.0, 30.83333333333333)	(43.0, 39.5)	(44.0, 69.33333333333339)	(45.0, 384.4166666666627)	(46.0, 4274.833333333913)	(47.0, 3775.5833333339206)	(48.0, 5026.749999999904)	(49.0, 6672.416666665122)	(50.0, 892.4166666666924)	(51.0, 1592.749999999924)	(52.0, 1905.4999999998543)	(53.0, 2868.9166666668402)	(54.0, 3082.5000000002597)	(55.0, 522.4166666666597)	(56.0, 2670.25000000008)	(57.0, 2726.8333333334376)	(58.0, 303.3333333333337)	(59.0, 123.74999999999976)	(60.0, 93.49999999999997)	(61.0, 77.75000000000006)	(62.0, 46.499999999999986)	(63.0, 30.083333333333325)	(64.0, 26.666666666666657)	(65.0, 21.333333333333336)	(66.0, 15.333333333333334)	(67.0, 14.250000000000002)	(68.0, 12.25)	(69.0, 5.5)	(70.0, 4.833333333333334)	(71.0, 12.166666666666668)	(72.0, 42.66666666666668)	(73.0, 8.833333333333332)	(74.0, 1.5)	(75.0, 0.0)	(76.0, 0.0)	(77.0, 0.5)	(78.0, 1.0)	(79.0, 0.5)	(80.0, 0.0)	(81.0, 0.0)	(82.0, 0.0)	(83.0, 0.0)	(84.0, 0.0)	(85.0, 0.0)	(86.0, 0.0)	(87.0, 0.0)	(88.0, 0.0)	(89.0, 0.0)	(90.0, 0.0)	(91.0, 0.0)	(92.0, 0.0)	(93.0, 0.3333333333333333)	(94.0, 0.0)	(95.0, 0.0)	(96.0, 1.0833333333333333)	(97.0, 1.0833333333333333)	(98.0, 0.3333333333333333)	(99.0, 0.0)	(100.0, 0.0)
036R_0_M_NS1_week5_S41_L001_R1_001	(0.0, 0.0)	(1.0, 0.0)	(2.0, 0.0)	(3.0, 0.0)	(4.0, 0.0)	(5.0, 0.0)	(6.0, 0.0)	(7.0, 0.0)	(8.0, 0.0)	(9.0, 0.0)	(10.0, 0.0)	(11.0, 0.0)	(12.0, 0.0)	(13.0, 0.0)	(14.0, 0.0)	(15.0, 0.0)	(16.0, 0.0)	(17.0, 0.0)	(18.0, 0.0)	(19.0, 0.0)	(20.0, 0.0)	(21.0, 0.0)	(22.0, 0.0)	(23.0, 0.0)	(24.0, 0.0)	(25.0, 0.0)	(26.0, 0.0)	(27.0, 0.0)	(28.0, 0.0)	(29.0, 0.0)	(30.0, 0.0)	(31.0, 0.3333333333333333)	(32.0, 0.0)	(33.0, 0.0)	(34.0, 0.0)	(35.0, 0.0)	(36.0, 0.0)	(37.0, 0.0)	(38.0, 0.0)	(39.0, 0.0)	(40.0, 0.0)	(41.0, 1.0)	(42.0, 6.916666666666666)	(43.0, 25.749999999999996)	(44.0, 74.41666666666669)	(45.0, 158.49999999999994)	(46.0, 394.49999999999574)	(47.0, 6181.249999998855)	(48.0, 14410.166666674957)	(49.0, 2147.249999999861)	(50.0, 1057.5833333333705)	(51.0, 3291.583333333703)	(52.0, 4536.083333333676)	(53.0, 2784.8333333334785)	(54.0, 1570.4999999999266)	(55.0, 492.7499999999905)	(56.0, 101.8333333333331)	(57.0, 35.41666666666666)	(58.0, 19.66666666666667)	(59.0, 23.833333333333318)	(60.0, 3.7500000000000004)	(61.0, 6.166666666666665)	(62.0, 50.333333333333414)	(63.0, 9.166666666666666)	(64.0, 1.0)	(65.0, 1.6666666666666665)	(66.0, 0.3333333333333333)	(67.0, 0.0)	(68.0, 0.0)	(69.0, 0.0)	(70.0, 0.0)	(71.0, 0.0)	(72.0, 0.0)	(73.0, 0.0)	(74.0, 0.0)	(75.0, 0.0)	(76.0, 0.0)	(77.0, 0.0)	(78.0, 0.0)	(79.0, 0.0)	(80.0, 0.0)	(81.0, 0.0)	(82.0, 0.0)	(83.0, 0.0)	(84.0, 0.0)	(85.0, 0.0)	(86.0, 0.0)	(87.0, 0.0)	(88.0, 0.0)	(89.0, 0.0)	(90.0, 0.0)	(91.0, 0.0)	(92.0, 0.0)	(93.0, 0.0)	(94.0, 0.0)	(95.0, 0.0)	(96.0, 0.0)	(97.0, 0.0)	(98.0, 0.0)	(99.0, 0.0)	(100.0, 0.0)
036R_0_M_NS1_week5_S41_L001_R2_001	(0.0, 0.0)	(1.0, 0.0)	(2.0, 0.0)	(3.0, 0.0)	(4.0, 0.0)	(5.0, 0.0)	(6.0, 0.0)	(7.0, 0.0)	(8.0, 0.0)	(9.0, 0.0)	(10.0, 0.0)	(11.0, 0.0)	(12.0, 0.0)	(13.0, 0.0)	(14.0, 0.0)	(15.0, 0.0)	(16.0, 0.0)	(17.0, 0.0)	(18.0, 0.0)	(19.0, 0.0)	(20.0, 0.0)	(21.0, 0.0)	(22.0, 0.0)	(23.0, 0.0)	(24.0, 0.0)	(25.0, 0.0)	(26.0, 0.0)	(27.0, 0.0)	(28.0, 0.0)	(29.0, 0.0)	(30.0, 0.0)	(31.0, 0.0)	(32.0, 1.0)	(33.0, 2.0)	(34.0, 1.0)	(35.0, 0.5)	(36.0, 1.5)	(37.0, 2.5)	(38.0, 1.5)	(39.0, 3.0)	(40.0, 6.833333333333333)	(41.0, 12.666666666666666)	(42.0, 19.999999999999996)	(43.0, 28.166666666666657)	(44.0, 47.33333333333337)	(45.0, 306.08333333333354)	(46.0, 4007.5000000006953)	(47.0, 2969.9166666668943)	(48.0, 4640.666666666918)	(49.0, 9330.749999999058)	(50.0, 1065.2500000000334)	(51.0, 1682.1666666665708)	(52.0, 1859.9999999998645)	(53.0, 2024.3333333331611)	(54.0, 2329.9166666666065)	(55.0, 512.916666666658)	(56.0, 3470.9166666671)	(57.0, 3007.666666666896)	(58.0, 319.66666666666697)	(59.0, 124.66666666666639)	(60.0, 133.83333333333306)	(61.0, 124.66666666666634)	(62.0, 43.333333333333336)	(63.0, 29.499999999999996)	(64.0, 40.66666666666666)	(65.0, 22.5)	(66.0, 14.0)	(67.0, 22.0)	(68.0, 19.083333333333336)	(69.0, 8.333333333333334)	(70.0, 7.166666666666667)	(71.0, 11.166666666666666)	(72.0, 40.83333333333334)	(73.0, 10.833333333333336)	(74.0, 0.5)	(75.0, 0.8333333333333333)	(76.0, 0.5)	(77.0, 0.5)	(78.0, 0.5)	(79.0, 0.25)	(80.0, 0.5)	(81.0, 0.0)	(82.0, 0.0)	(83.0, 0.0)	(84.0, 0.0)	(85.0, 0.0)	(86.0, 0.0)	(87.0, 0.25)	(88.0, 0.25)	(89.0, 0.0)	(90.0, 0.5)	(91.0, 1.0)	(92.0, 0.5)	(93.0, 0.0)	(94.0, 0.0)	(95.0, 0.0)	(96.0, 0.0)	(97.0, 0.3333333333333333)	(98.0, 0.0)	(99.0, 0.0)	(100.0, 1.3333333333333333)
036R_L_M_NS1_S63_L001_R1_001	(0.0, 0.0)	(1.0, 0.0)	(2.0, 0.0)	(3.0, 0.0)	(4.0, 0.0)	(5.0, 0.0)	(6.0, 0.0)	(7.0, 0.0)	(8.0, 0.0)	(9.0, 0.0)	(10.0, 0.0)	(11.0, 0.0)	(12.0, 0.0)	(13.0, 0.0)	(14.0, 0.0)	(15.0, 0.0)	(16.0, 0.0)	(17.0, 0.0)	(18.0, 0.0)	(19.0, 0.0)	(20.0, 0.0)	(21.0, 0.0)	(22.0, 0.0)	(23.0, 0.0)	(24.0, 0.0)	(25.0, 0.0)	(26.0, 0.0)	(27.0, 0.0)	(28.0, 0.0)	(29.0, 0.0)	(30.0, 0.0)	(31.0, 0.0)	(32.0, 0.0)	(33.0, 0.0)	(34.0, 0.0)	(35.0, 0.3333333333333333)	(36.0, 0.3333333333333333)	(37.0, 0.0)	(38.0, 0.0)	(39.0, 0.0)	(40.0, 0.3333333333333333)	(41.0, 2.333333333333333)	(42.0, 6.833333333333333)	(43.0, 14.833333333333334)	(44.0, 58.333333333333336)	(45.0, 144.3333333333332)	(46.0, 373.2499999999971)	(47.0, 5829.999999999178)	(48.0, 10868.250000001868)	(49.0, 1800.2499999998738)	(50.0, 766.1666666666828)	(51.0, 4344.000000000516)	(52.0, 5892.833333332461)	(53.0, 2321.6666666666056)	(54.0, 820.3333333333554)	(55.0, 349.66666666666436)	(56.0, 55.00000000000009)	(57.0, 20.333333333333332)	(58.0, 11.5)	(59.0, 16.16666666666667)	(60.0, 4.0)	(61.0, 4.666666666666667)	(62.0, 26.166666666666643)	(63.0, 5.999999999999998)	(64.0, 1.0)	(65.0, 0.5)	(66.0, 0.5)	(67.0, 0.0)	(68.0, 0.5)	(69.0, 1.0)	(70.0, 0.5)	(71.0, 0.5)	(72.0, 0.5)	(73.0, 0.0)	(74.0, 0.0)	(75.0, 0.0)	(76.0, 0.0)	(77.0, 0.0)	(78.0, 0.0)	(79.0, 0.0)	(80.0, 0.0)	(81.0, 0.0)	(82.0, 0.0)	(83.0, 0.0)	(84.0, 0.0)	(85.0, 0.0)	(86.0, 0.0)	(87.0, 0.0)	(88.0, 0.0)	(89.0, 0.0)	(90.0, 0.0)	(91.0, 0.0)	(92.0, 0.0)	(93.0, 0.0)	(94.0, 0.0)	(95.0, 0.0)	(96.0, 0.0)	(97.0, 0.0)	(98.0, 0.0)	(99.0, 0.0)	(100.0, 0.0)
036R_L_M_NS1_S63_L001_R2_001	(0.0, 0.0)	(1.0, 0.0)	(2.0, 0.0)	(3.0, 0.0)	(4.0, 0.0)	(5.0, 0.0)	(6.0, 0.0)	(7.0, 0.0)	(8.0, 0.0)	(9.0, 0.0)	(10.0, 0.0)	(11.0, 0.0)	(12.0, 0.0)	(13.0, 0.0)	(14.0, 0.0)	(15.0, 0.0)	(16.0, 0.0)	(17.0, 0.0)	(18.0, 0.0)	(19.0, 0.0)	(20.0, 0.0)	(21.0, 0.0)	(22.0, 0.0)	(23.0, 0.0)	(24.0, 0.0)	(25.0, 0.0)	(26.0, 0.0)	(27.0, 0.0)	(28.0, 0.0)	(29.0, 0.0)	(30.0, 0.0)	(31.0, 0.0)	(32.0, 0.5)	(33.0, 1.5)	(34.0, 3.333333333333333)	(35.0, 4.5)	(36.0, 4.0)	(37.0, 4.5)	(38.0, 7.5)	(39.0, 12.75)	(40.0, 17.5)	(41.0, 23.333333333333332)	(42.0, 31.166666666666664)	(43.0, 43.0)	(44.0, 62.41666666666671)	(45.0, 294.0000000000005)	(46.0, 3317.583333333716)	(47.0, 3380.9166666670776)	(48.0, 4614.000000000272)	(49.0, 6260.999999998813)	(50.0, 759.2500000000126)	(51.0, 1264.4999999999961)	(52.0, 1446.0833333332882)	(53.0, 2152.8333333331916)	(54.0, 2273.666666666579)	(55.0, 431.9999999999953)	(56.0, 3858.6666666672595)	(57.0, 4064.1666666673473)	(58.0, 392.41666666666305)	(59.0, 148.24999999999986)	(60.0, 104.0833333333332)	(61.0, 73.08333333333337)	(62.0, 45.5)	(63.0, 35.74999999999999)	(64.0, 32.49999999999998)	(65.0, 18.250000000000004)	(66.0, 13.916666666666668)	(67.0, 14.666666666666668)	(68.0, 11.666666666666666)	(69.0, 5.833333333333334)	(70.0, 5.333333333333334)	(71.0, 7.333333333333331)	(72.0, 21.999999999999993)	(73.0, 5.833333333333332)	(74.0, 1.1666666666666665)	(75.0, 0.5)	(76.0, 0.75)	(77.0, 1.5833333333333333)	(78.0, 1.6666666666666665)	(79.0, 0.3333333333333333)	(80.0, 0.0)	(81.0, 0.0)	(82.0, 0.0)	(83.0, 0.5)	(84.0, 0.5)	(85.0, 0.0)	(86.0, 0.0)	(87.0, 0.25)	(88.0, 0.5833333333333333)	(89.0, 0.3333333333333333)	(90.0, 0.0)	(91.0, 0.0)	(92.0, 0.3333333333333333)	(93.0, 0.0)	(94.0, 0.5)	(95.0, 0.5)	(96.0, 0.0)	(97.0, 0.0)	(98.0, 0.0)	(99.0, 0.0)	(100.0, 0.0)
036R_L_M_NS1_week5_S42_L001_R1_001	(0.0, 0.0)	(1.0, 0.0)	(2.0, 0.0)	(3.0, 0.0)	(4.0, 0.0)	(5.0, 0.0)	(6.0, 0.0)	(7.0, 0.0)	(8.0, 0.0)	(9.0, 0.0)	(10.0, 0.0)	(11.0, 0.0)	(12.0, 0.0)	(13.0, 0.0)	(14.0, 0.0)	(15.0, 0.0)	(16.0, 0.0)	(17.0, 0.0)	(18.0, 0.0)	(19.0, 0.0)	(20.0, 0.0)	(21.0, 0.0)	(22.0, 0.0)	(23.0, 0.0)	(24.0, 0.0)	(25.0, 0.0)	(26.0, 0.0)	(27.0, 0.0)	(28.0, 0.0)	(29.0, 0.0)	(30.0, 0.0)	(31.0, 0.0)	(32.0, 0.0)	(33.0, 0.0)	(34.0, 0.3333333333333333)	(35.0, 0.3333333333333333)	(36.0, 0.0)	(37.0, 0.0)	(38.0, 0.3333333333333333)	(39.0, 0.3333333333333333)	(40.0, 0.3333333333333333)	(41.0, 0.8333333333333333)	(42.0, 6.5)	(43.0, 19.0)	(44.0, 63.50000000000001)	(45.0, 118.83333333333312)	(46.0, 285.2500000000014)	(47.0, 6337.4999999987185)	(48.0, 14820.833333342365)	(49.0, 2098.9166666665074)	(50.0, 860.0000000000263)	(51.0, 3618.8333333338524)	(52.0, 5550.333333332766)	(53.0, 3439.1666666671063)	(54.0, 1530.8333333332662)	(55.0, 438.4166666666598)	(56.0, 84.49999999999994)	(57.0, 28.16666666666665)	(58.0, 15.16666666666667)	(59.0, 13.666666666666671)	(60.0, 3.0)	(61.0, 7.583333333333331)	(62.0, 41.83333333333335)	(63.0, 10.333333333333332)	(64.0, 3.8333333333333335)	(65.0, 1.0)	(66.0, 0.0)	(67.0, 0.0)	(68.0, 0.0)	(69.0, 0.0)	(70.0, 0.0)	(71.0, 0.0)	(72.0, 0.0)	(73.0, 0.0)	(74.0, 0.0)	(75.0, 0.0)	(76.0, 0.0)	(77.0, 0.0)	(78.0, 0.0)	(79.0, 0.0)	(80.0, 0.0)	(81.0, 0.0)	(82.0, 0.0)	(83.0, 0.0)	(84.0, 0.0)	(85.0, 0.0)	(86.0, 0.0)	(87.0, 0.0)	(88.0, 0.0)	(89.0, 0.0)	(90.0, 0.0)	(91.0, 0.0)	(92.0, 0.0)	(93.0, 0.0)	(94.0, 0.0)	(95.0, 0.0)	(96.0, 0.0)	(97.0, 0.0)	(98.0, 0.0)	(99.0, 0.0)	(100.0, 0.0)
036R_L_M_NS1_week5_S42_L001_R2_001	(0.0, 0.0)	(1.0, 0.0)	(2.0, 0.0)	(3.0, 0.0)	(4.0, 0.0)	(5.0, 0.0)	(6.0, 0.0)	(7.0, 0.0)	(8.0, 0.0)	(9.0, 0.0)	(10.0, 0.0)	(11.0, 0.0)	(12.0, 0.0)	(13.0, 0.0)	(14.0, 0.0)	(15.0, 0.0)	(16.0, 0.0)	(17.0, 0.0)	(18.0, 0.0)	(19.0, 0.0)	(20.0, 0.0)	(21.0, 0.0)	(22.0, 0.0)	(23.0, 0.0)	(24.0, 0.0)	(25.0, 0.0)	(26.0, 0.0)	(27.0, 0.0)	(28.0, 0.0)	(29.0, 0.0)	(30.0, 0.0)	(31.0, 0.0)	(32.0, 0.0)	(33.0, 0.0)	(34.0, 1.5)	(35.0, 2.5)	(36.0, 1.0)	(37.0, 0.0)	(38.0, 1.75)	(39.0, 6.25)	(40.0, 9.833333333333332)	(41.0, 10.833333333333334)	(42.0, 13.416666666666666)	(43.0, 27.083333333333336)	(44.0, 48.333333333333364)	(45.0, 307.1666666666665)	(46.0, 4132.000000000705)	(47.0, 2954.5000000002215)	(48.0, 4609.833333333613)	(49.0, 9376.99999999915)	(50.0, 1076.0000000000305)	(51.0, 1761.166666666556)	(52.0, 1943.666666666514)	(53.0, 2527.6666666666874)	(54.0, 2712.0000000001023)	(55.0, 499.99999999999227)	(56.0, 3860.5000000006003)	(57.0, 3447.58333333375)	(58.0, 334.08333333333286)	(59.0, 118.2499999999998)	(60.0, 131.9999999999997)	(61.0, 112.08333333333309)	(62.0, 48.50000000000001)	(63.0, 34.99999999999999)	(64.0, 32.16666666666664)	(65.0, 18.833333333333336)	(66.0, 13.666666666666666)	(67.0, 15.583333333333332)	(68.0, 12.0)	(69.0, 4.666666666666666)	(70.0, 4.333333333333333)	(71.0, 9.666666666666666)	(72.0, 37.16666666666665)	(73.0, 8.33333333333333)	(74.0, 0.6666666666666666)	(75.0, 0.5)	(76.0, 0.5)	(77.0, 0.0)	(78.0, 0.3333333333333333)	(79.0, 0.0)	(80.0, 0.0)	(81.0, 0.0)	(82.0, 0.0)	(83.0, 0.0)	(84.0, 0.3333333333333333)	(85.0, 0.0)	(86.0, 0.0)	(87.0, 0.0)	(88.0, 0.0)	(89.0, 0.0)	(90.0, 0.0)	(91.0, 0.0)	(92.0, 0.0)	(93.0, 0.0)	(94.0, 0.0)	(95.0, 0.5)	(96.0, 0.5)	(97.0, 0.0)	(98.0, 0.0)	(99.0, 0.0)	(100.0, 0.0)
036R_NS1_week18_S34_L001_R1_001	(0.0, 0.0)	(1.0, 0.0)	(2.0, 0.0)	(3.0, 0.0)	(4.0, 0.0)	(5.0, 0.0)	(6.0, 0.0)	(7.0, 0.0)	(8.0, 0.0)	(9.0, 0.0)	(10.0, 0.0)	(11.0, 0.0)	(12.0, 0.0)	(13.0, 0.0)	(14.0, 0.0)	(15.0, 0.0)	(16.0, 0.0)	(17.0, 0.0)	(18.0, 0.0)	(19.0, 0.0)	(20.0, 0.0)	(21.0, 0.0)	(22.0, 0.0)	(23.0, 0.0)	(24.0, 0.0)	(25.0, 0.0)	(26.0, 0.0)	(27.0, 0.0)	(28.0, 0.0)	(29.0, 0.0)	(30.0, 0.0)	(31.0, 0.0)	(32.0, 0.0)	(33.0, 0.0)	(34.0, 0.0)	(35.0, 0.0)	(36.0, 0.0)	(37.0, 0.0)	(38.0, 0.0)	(39.0, 0.0)	(40.0, 0.0)	(41.0, 0.8333333333333333)	(42.0, 9.666666666666666)	(43.0, 25.0)	(44.0, 78.66666666666667)	(45.0, 180.00000000000023)	(46.0, 520.0833333333236)	(47.0, 10711.75000000159)	(48.0, 17428.166666674784)	(49.0, 2700.166666666773)	(50.0, 1044.0833333333742)	(51.0, 1629.249999999912)	(52.0, 2889.333333333525)	(53.0, 2827.4166666668298)	(54.0, 1664.3333333332362)	(55.0, 526.3333333333237)	(56.0, 65.16666666666681)	(57.0, 25.49999999999999)	(58.0, 30.833333333333297)	(59.0, 49.50000000000007)	(60.0, 8.666666666666664)	(61.0, 9.666666666666666)	(62.0, 72.25000000000007)	(63.0, 10.166666666666668)	(64.0, 3.833333333333334)	(65.0, 2.5833333333333335)	(66.0, 0.5)	(67.0, 0.0)	(68.0, 0.0)	(69.0, 0.0)	(70.0, 0.0)	(71.0, 0.0)	(72.0, 0.0)	(73.0, 0.0)	(74.0, 0.0)	(75.0, 0.0)	(76.0, 0.0)	(77.0, 0.0)	(78.0, 0.0)	(79.0, 0.0)	(80.0, 0.0)	(81.0, 0.0)	(82.0, 0.0)	(83.0, 0.0)	(84.0, 0.0)	(85.0, 0.0)	(86.0, 0.0)	(87.0, 0.0)	(88.0, 0.0)	(89.0, 0.0)	(90.0, 0.0)	(91.0, 0.0)	(92.0, 0.0)	(93.0, 0.0)	(94.0, 0.0)	(95.0, 0.0)	(96.0, 0.0)	(97.0, 0.0)	(98.0, 0.0)	(99.0, 0.0)	(100.0, 0.0)
036R_NS1_week18_S34_L001_R2_001	(0.0, 0.0)	(1.0, 0.0)	(2.0, 0.0)	(3.0, 0.0)	(4.0, 0.0)	(5.0, 0.0)	(6.0, 0.0)	(7.0, 0.0)	(8.0, 0.0)	(9.0, 0.0)	(10.0, 0.0)	(11.0, 0.0)	(12.0, 0.0)	(13.0, 0.0)	(14.0, 0.0)	(15.0, 0.0)	(16.0, 0.0)	(17.0, 0.0)	(18.0, 0.0)	(19.0, 0.0)	(20.0, 0.0)	(21.0, 0.0)	(22.0, 0.0)	(23.0, 0.0)	(24.0, 0.0)	(25.0, 0.0)	(26.0, 0.0)	(27.0, 0.0)	(28.0, 0.0)	(29.0, 0.0)	(30.0, 0.5)	(31.0, 0.5)	(32.0, 1.0)	(33.0, 1.5)	(34.0, 1.0)	(35.0, 1.5)	(36.0, 2.0)	(37.0, 3.3333333333333335)	(38.0, 5.583333333333334)	(39.0, 7.25)	(40.0, 12.0)	(41.0, 21.08333333333333)	(42.0, 23.333333333333332)	(43.0, 27.83333333333333)	(44.0, 56.000000000000064)	(45.0, 467.9999999999914)	(46.0, 6504.999999998564)	(47.0, 5370.083333332927)	(48.0, 6818.333333331626)	(49.0, 9215.666666665524)	(50.0, 976.4166666667019)	(51.0, 2254.9166666665665)	(52.0, 2693.333333333429)	(53.0, 2664.750000000085)	(54.0, 2699.6666666667657)	(55.0, 346.5833333333324)	(56.0, 1543.3333333332694)	(57.0, 1476.7499999999498)	(58.0, 150.9999999999998)	(59.0, 56.16666666666669)	(60.0, 59.50000000000004)	(61.0, 49.166666666666686)	(62.0, 35.66666666666666)	(63.0, 31.666666666666664)	(64.0, 54.50000000000005)	(65.0, 18.33333333333334)	(66.0, 5.499999999999999)	(67.0, 14.666666666666666)	(68.0, 16.0)	(69.0, 7.333333333333333)	(70.0, 7.666666666666665)	(71.0, 14.83333333333334)	(72.0, 59.33333333333347)	(73.0, 11.66666666666667)	(74.0, 1.0)	(75.0, 0.0)	(76.0, 0.0)	(77.0, 0.0)	(78.0, 0.5)	(79.0, 0.5)	(80.0, 0.0)	(81.0, 0.3333333333333333)	(82.0, 0.0)	(83.0, 0.0)	(84.0, 0.0)	(85.0, 0.0)	(86.0, 0.0)	(87.0, 0.0)	(88.0, 0.0)	(89.0, 0.0)	(90.0, 0.0)	(91.0, 0.0)	(92.0, 0.0)	(93.0, 0.0)	(94.0, 0.0)	(95.0, 0.0)	(96.0, 0.0)	(97.0, 0.0)	(98.0, 0.0)	(99.0, 0.3333333333333333)	(100.0, 1.0)
036R_RL_M_NS1_S64_L001_R1_001	(0.0, 0.0)	(1.0, 0.0)	(2.0, 0.0)	(3.0, 0.0)	(4.0, 0.0)	(5.0, 0.0)	(6.0, 0.0)	(7.0, 0.0)	(8.0, 0.0)	(9.0, 0.0)	(10.0, 0.0)	(11.0, 0.0)	(12.0, 0.0)	(13.0, 0.0)	(14.0, 0.0)	(15.0, 0.0)	(16.0, 0.0)	(17.0, 0.0)	(18.0, 0.0)	(19.0, 0.0)	(20.0, 0.0)	(21.0, 0.0)	(22.0, 0.0)	(23.0, 0.0)	(24.0, 0.0)	(25.0, 0.0)	(26.0, 0.0)	(27.0, 0.0)	(28.0, 0.0)	(29.0, 0.0)	(30.0, 0.5)	(31.0, 0.5)	(32.0, 0.0)	(33.0, 0.0)	(34.0, 0.0)	(35.0, 0.0)	(36.0, 0.0)	(37.0, 0.0)	(38.0, 1.0)	(39.0, 1.5)	(40.0, 1.6666666666666665)	(41.0, 2.1666666666666665)	(42.0, 6.083333333333333)	(43.0, 13.583333333333334)	(44.0, 48.75)	(45.0, 89.99999999999994)	(46.0, 249.4166666666688)	(47.0, 5778.583333332556)	(48.0, 8818.833333331488)	(49.0, 1398.4166666666301)	(50.0, 639.7500000000024)	(51.0, 3992.1666666673555)	(52.0, 5373.583333332925)	(53.0, 2108.58333333318)	(54.0, 782.250000000018)	(55.0, 325.0833333333324)	(56.0, 51.416666666666735)	(57.0, 17.16666666666667)	(58.0, 10.5)	(59.0, 16.83333333333334)	(60.0, 4.666666666666666)	(61.0, 5.333333333333333)	(62.0, 36.833333333333314)	(63.0, 6.499999999999998)	(64.0, 3.1666666666666665)	(65.0, 0.6666666666666666)	(66.0, 0.0)	(67.0, 0.0)	(68.0, 0.0)	(69.0, 0.0)	(70.0, 0.3333333333333333)	(71.0, 0.3333333333333333)	(72.0, 0.0)	(73.0, 0.0)	(74.0, 0.0)	(75.0, 0.0)	(76.0, 0.0)	(77.0, 0.0)	(78.0, 0.0)	(79.0, 0.0)	(80.0, 0.0)	(81.0, 0.0)	(82.0, 0.0)	(83.0, 0.0)	(84.0, 0.0)	(85.0, 0.0)	(86.0, 0.0)	(87.0, 0.0)	(88.0, 0.0)	(89.0, 0.0)	(90.0, 0.0)	(91.0, 0.0)	(92.0, 0.0)	(93.0, 0.0)	(94.0, 0.0)	(95.0, 0.0)	(96.0, 0.0)	(97.0, 0.0)	(98.0, 0.0)	(99.0, 0.0)	(100.0, 0.0)
036R_RL_M_NS1_S64_L001_R2_001	(0.0, 0.0)	(1.0, 0.0)	(2.0, 0.0)	(3.0, 0.0)	(4.0, 0.0)	(5.0, 0.0)	(6.0, 0.0)	(7.0, 0.0)	(8.0, 0.0)	(9.0, 0.0)	(10.0, 0.0)	(11.0, 0.0)	(12.0, 0.0)	(13.0, 0.0)	(14.0, 0.0)	(15.0, 0.0)	(16.0, 0.0)	(17.0, 0.3333333333333333)	(18.0, 0.3333333333333333)	(19.0, 0.0)	(20.0, 0.0)	(21.0, 0.0)	(22.0, 0.0)	(23.0, 0.0)	(24.0, 0.0)	(25.0, 0.0)	(26.0, 0.0)	(27.0, 0.0)	(28.0, 0.0)	(29.0, 0.0)	(30.0, 0.5)	(31.0, 1.0)	(32.0, 1.0)	(33.0, 2.0)	(34.0, 2.5)	(35.0, 1.5)	(36.0, 2.75)	(37.0, 6.0)	(38.0, 6.75)	(39.0, 7.75)	(40.0, 10.333333333333332)	(41.0, 18.0)	(42.0, 30.583333333333332)	(43.0, 43.083333333333336)	(44.0, 68.6666666666667)	(45.0, 298.7500000000006)	(46.0, 3635.0000000005307)	(47.0, 3466.833333333784)	(48.0, 3611.833333333845)	(49.0, 4083.0833333340515)	(50.0, 559.8333333333277)	(51.0, 967.5000000000349)	(52.0, 1161.5833333333508)	(53.0, 1880.8333333331955)	(54.0, 2029.5833333331625)	(55.0, 400.2499999999965)	(56.0, 3578.333333333804)	(57.0, 3751.833333333877)	(58.0, 399.08333333332996)	(59.0, 142.99999999999974)	(60.0, 98.66666666666659)	(61.0, 70.00000000000004)	(62.0, 38.166666666666664)	(63.0, 30.749999999999993)	(64.0, 30.666666666666643)	(65.0, 19.0)	(66.0, 15.333333333333334)	(67.0, 12.0)	(68.0, 9.833333333333334)	(69.0, 8.333333333333332)	(70.0, 6.0)	(71.0, 7.916666666666665)	(72.0, 33.58333333333329)	(73.0, 7.499999999999997)	(74.0, 0.8333333333333333)	(75.0, 0.5)	(76.0, 1.0)	(77.0, 0.8333333333333333)	(78.0, 0.6666666666666666)	(79.0, 0.0)	(80.0, 0.3333333333333333)	(81.0, 0.3333333333333333)	(82.0, 0.0)	(83.0, 0.0)	(84.0, 0.0)	(85.0, 0.0)	(86.0, 0.0)	(87.0, 0.0)	(88.0, 0.8333333333333333)	(89.0, 1.0)	(90.0, 0.5)	(91.0, 0.3333333333333333)	(92.0, 0.3333333333333333)	(93.0, 0.5)	(94.0, 0.5)	(95.0, 0.0)	(96.0, 0.0)	(97.0, 0.0)	(98.0, 0.0)	(99.0, 0.0)	(100.0, 0.0)
036R_RL_M_NS1_week5_S43_L001_R1_001	(0.0, 0.0)	(1.0, 0.0)	(2.0, 0.0)	(3.0, 0.0)	(4.0, 0.0)	(5.0, 0.0)	(6.0, 0.0)	(7.0, 0.0)	(8.0, 0.0)	(9.0, 0.0)	(10.0, 0.0)	(11.0, 0.0)	(12.0, 0.0)	(13.0, 0.0)	(14.0, 0.0)	(15.0, 0.0)	(16.0, 0.0)	(17.0, 0.0)	(18.0, 0.0)	(19.0, 0.0)	(20.0, 0.0)	(21.0, 0.0)	(22.0, 0.0)	(23.0, 0.0)	(24.0, 0.0)	(25.0, 0.0)	(26.0, 0.0)	(27.0, 0.0)	(28.0, 0.0)	(29.0, 0.0)	(30.0, 0.0)	(31.0, 0.0)	(32.0, 0.0)	(33.0, 0.0)	(34.0, 0.0)	(35.0, 0.0)	(36.0, 0.0)	(37.0, 0.0)	(38.0, 0.0)	(39.0, 0.0)	(40.0, 0.6666666666666666)	(41.0, 1.9999999999999998)	(42.0, 5.333333333333333)	(43.0, 25.999999999999996)	(44.0, 85.0)	(45.0, 160.0)	(46.0, 490.2499999999914)	(47.0, 7391.8333333310975)	(48.0, 15479.83333334357)	(49.0, 2399.6666666666374)	(50.0, 1081.5833333333662)	(51.0, 4179.833333333996)	(52.0, 6241.999999998811)	(53.0, 3809.333333333935)	(54.0, 1956.7499999998392)	(55.0, 565.9999999999951)	(56.0, 103.0833333333331)	(57.0, 33.416666666666636)	(58.0, 20.666666666666664)	(59.0, 21.999999999999993)	(60.0, 6.999999999999999)	(61.0, 6.499999999999998)	(62.0, 48.50000000000008)	(63.0, 12.33333333333334)	(64.0, 5.499999999999999)	(65.0, 3.333333333333333)	(66.0, 0.5)	(67.0, 0.0)	(68.0, 0.0)	(69.0, 0.0)	(70.0, 0.0)	(71.0, 0.0)	(72.0, 0.0)	(73.0, 0.0)	(74.0, 0.0)	(75.0, 0.0)	(76.0, 0.0)	(77.0, 0.0)	(78.0, 0.0)	(79.0, 0.0)	(80.0, 0.0)	(81.0, 0.0)	(82.0, 0.0)	(83.0, 0.0)	(84.0, 0.0)	(85.0, 0.0)	(86.0, 0.0)	(87.0, 0.0)	(88.0, 0.0)	(89.0, 0.0)	(90.0, 0.0)	(91.0, 0.0)	(92.0, 0.0)	(93.0, 0.0)	(94.0, 0.0)	(95.0, 0.0)	(96.0, 0.0)	(97.0, 0.0)	(98.0, 0.0)	(99.0, 0.0)	(100.0, 0.0)
036R_RL_M_NS1_week5_S43_L001_R2_001	(0.0, 0.0)	(1.0, 0.0)	(2.0, 0.0)	(3.0, 0.0)	(4.0, 0.0)	(5.0, 0.0)	(6.0, 0.0)	(7.0, 0.0)	(8.0, 0.0)	(9.0, 0.0)	(10.0, 0.0)	(11.0, 0.0)	(12.0, 0.0)	(13.0, 0.0)	(14.0, 0.0)	(15.0, 0.0)	(16.0, 0.0)	(17.0, 0.0)	(18.0, 0.0)	(19.0, 0.0)	(20.0, 0.0)	(21.0, 0.0)	(22.0, 0.0)	(23.0, 0.0)	(24.0, 0.0)	(25.0, 0.0)	(26.0, 0.0)	(27.0, 0.0)	(28.0, 0.0)	(29.0, 0.5)	(30.0, 0.5)	(31.0, 0.0)	(32.0, 0.5)	(33.0, 0.8333333333333333)	(34.0, 3.3333333333333335)	(35.0, 4.5)	(36.0, 2.8333333333333335)	(37.0, 3.3333333333333335)	(38.0, 6.5)	(39.0, 12.083333333333334)	(40.0, 14.25)	(41.0, 16.25)	(42.0, 23.666666666666668)	(43.0, 37.0)	(44.0, 61.00000000000006)	(45.0, 441.91666666666)	(46.0, 4922.333333333331)	(47.0, 3443.5000000004325)	(48.0, 5130.999999999826)	(49.0, 9328.416666665733)	(50.0, 1279.9999999999936)	(51.0, 2239.333333333231)	(52.0, 2495.0000000000095)	(53.0, 2623.5833333333926)	(54.0, 2869.5833333334954)	(55.0, 696.5000000000052)	(56.0, 4123.833333334002)	(57.0, 3987.166666667299)	(58.0, 490.9999999999932)	(59.0, 173.58333333333363)	(60.0, 156.99999999999997)	(61.0, 148.33333333333326)	(62.0, 77.08333333333334)	(63.0, 51.66666666666667)	(64.0, 35.66666666666666)	(65.0, 17.583333333333336)	(66.0, 12.75)	(67.0, 26.166666666666664)	(68.0, 24.166666666666664)	(69.0, 10.416666666666668)	(70.0, 8.833333333333334)	(71.0, 11.666666666666664)	(72.0, 35.83333333333331)	(73.0, 14.333333333333341)	(74.0, 3.5)	(75.0, 2.0)	(76.0, 0.5)	(77.0, 0.3333333333333333)	(78.0, 1.1666666666666665)	(79.0, 1.3333333333333333)	(80.0, 1.0)	(81.0, 0.5)	(82.0, 0.0)	(83.0, 0.0)	(84.0, 0.75)	(85.0, 1.0833333333333333)	(86.0, 0.3333333333333333)	(87.0, 0.0)	(88.0, 0.0)	(89.0, 0.0)	(90.0, 0.0)	(91.0, 0.0)	(92.0, 0.0)	(93.0, 0.0)	(94.0, 0.5)	(95.0, 0.8333333333333333)	(96.0, 0.0)	(97.0, 0.0)	(98.0, 0.5)	(99.0, 1.0)	(100.0, 0.5)
036R_RR_M_NS1_S65_L001_R1_001	(0.0, 0.0)	(1.0, 0.0)	(2.0, 0.0)	(3.0, 0.0)	(4.0, 0.0)	(5.0, 0.0)	(6.0, 0.0)	(7.0, 0.0)	(8.0, 0.0)	(9.0, 0.0)	(10.0, 0.0)	(11.0, 0.0)	(12.0, 0.0)	(13.0, 0.0)	(14.0, 0.0)	(15.0, 0.0)	(16.0, 0.0)	(17.0, 0.0)	(18.0, 0.0)	(19.0, 0.0)	(20.0, 0.0)	(21.0, 0.0)	(22.0, 0.0)	(23.0, 0.0)	(24.0, 0.0)	(25.0, 0.0)	(26.0, 0.0)	(27.0, 0.25)	(28.0, 0.0)	(29.0, 0.0)	(30.0, 0.0)	(31.0, 0.0)	(32.0, 0.0)	(33.0, 0.0)	(34.0, 0.0)	(35.0, 0.3333333333333333)	(36.0, 0.3333333333333333)	(37.0, 0.0)	(38.0, 0.5)	(39.0, 0.5)	(40.0, 0.8333333333333333)	(41.0, 1.1666666666666665)	(42.0, 4.166666666666667)	(43.0, 15.666666666666666)	(44.0, 75.58333333333334)	(45.0, 143.41666666666646)	(46.0, 375.49999999999704)	(47.0, 8898.083333331639)	(48.0, 14151.500000007816)	(49.0, 2402.2499999999754)	(50.0, 1046.3333333333728)	(51.0, 4831.50000000008)	(52.0, 6918.9166666648725)	(53.0, 3032.750000000253)	(54.0, 1014.000000000043)	(55.0, 525.6666666666573)	(56.0, 83.08333333333327)	(57.0, 29.166666666666636)	(58.0, 18.41666666666667)	(59.0, 17.250000000000007)	(60.0, 6.333333333333332)	(61.0, 7.666666666666666)	(62.0, 52.166666666666764)	(63.0, 9.5)	(64.0, 3.3333333333333335)	(65.0, 0.6666666666666666)	(66.0, 1.0)	(67.0, 0.6666666666666666)	(68.0, 0.0)	(69.0, 0.0)	(70.0, 0.0)	(71.0, 0.0)	(72.0, 0.0)	(73.0, 0.0)	(74.0, 0.0)	(75.0, 0.0)	(76.0, 0.0)	(77.0, 0.0)	(78.0, 0.0)	(79.0, 0.0)	(80.0, 0.0)	(81.0, 0.0)	(82.0, 0.0)	(83.0, 0.0)	(84.0, 0.0)	(85.0, 0.0)	(86.0, 0.0)	(87.0, 0.0)	(88.0, 0.0)	(89.0, 0.0)	(90.0, 0.0)	(91.0, 0.0)	(92.0, 0.0)	(93.0, 0.0)	(94.0, 0.0)	(95.0, 0.0)	(96.0, 0.0)	(97.0, 0.0)	(98.0, 0.0)	(99.0, 0.0)	(100.0, 0.0)
036R_RR_M_NS1_S65_L001_R2_001	(0.0, 0.0)	(1.0, 0.0)	(2.0, 0.0)	(3.0, 0.0)	(4.0, 0.0)	(5.0, 0.0)	(6.0, 0.0)	(7.0, 0.0)	(8.0, 0.0)	(9.0, 0.0)	(10.0, 0.0)	(11.0, 0.0)	(12.0, 0.0)	(13.0, 0.0)	(14.0, 0.0)	(15.0, 0.0)	(16.0, 0.0)	(17.0, 0.0)	(18.0, 0.0)	(19.0, 0.0)	(20.0, 0.0)	(21.0, 0.0)	(22.0, 0.0)	(23.0, 0.0)	(24.0, 0.0)	(25.0, 0.0)	(26.0, 0.0)	(27.0, 0.0)	(28.0, 0.0)	(29.0, 0.3333333333333333)	(30.0, 0.3333333333333333)	(31.0, 0.0)	(32.0, 0.0)	(33.0, 0.5)	(34.0, 0.5)	(35.0, 1.5)	(36.0, 2.5)	(37.0, 1.0)	(38.0, 3.3333333333333335)	(39.0, 6.333333333333333)	(40.0, 7.833333333333333)	(41.0, 14.0)	(42.0, 20.333333333333336)	(43.0, 24.999999999999996)	(44.0, 45.000000000000036)	(45.0, 369.4999999999967)	(46.0, 5512.666666666131)	(47.0, 5055.99999999988)	(48.0, 5367.916666666272)	(49.0, 7107.583333331382)	(50.0, 845.3333333333554)	(51.0, 1433.1666666666267)	(52.0, 1759.5833333332216)	(53.0, 3238.000000000335)	(54.0, 3407.0000000004097)	(55.0, 543.7499999999935)	(56.0, 4249.166666667262)	(57.0, 4512.50000000038)	(58.0, 464.3333333333272)	(59.0, 131.24999999999974)	(60.0, 110.08333333333313)	(61.0, 91.24999999999997)	(62.0, 41.83333333333334)	(63.0, 30.333333333333332)	(64.0, 35.16666666666665)	(65.0, 25.166666666666664)	(66.0, 16.083333333333336)	(67.0, 18.0)	(68.0, 16.666666666666664)	(69.0, 5.833333333333334)	(70.0, 5.833333333333334)	(71.0, 11.166666666666666)	(72.0, 44.6666666666667)	(73.0, 13.000000000000004)	(74.0, 1.0)	(75.0, 1.5)	(76.0, 2.0)	(77.0, 1.0)	(78.0, 0.8333333333333333)	(79.0, 1.1666666666666665)	(80.0, 0.0)	(81.0, 0.0)	(82.0, 0.0)	(83.0, 0.0)	(84.0, 0.3333333333333333)	(85.0, 0.3333333333333333)	(86.0, 0.0)	(87.0, 0.0)	(88.0, 0.0)	(89.0, 0.3333333333333333)	(90.0, 0.3333333333333333)	(91.0, 0.0)	(92.0, 0.0)	(93.0, 0.0)	(94.0, 0.0)	(95.0, 0.0)	(96.0, 0.0)	(97.0, 0.0)	(98.0, 0.0)	(99.0, 0.0)	(100.0, 0.0)
036R_RR_M_NS1_week5_S44_L001_R1_001	(0.0, 0.0)	(1.0, 0.0)	(2.0, 0.0)	(3.0, 0.0)	(4.0, 0.0)	(5.0, 0.0)	(6.0, 0.0)	(7.0, 0.0)	(8.0, 0.0)	(9.0, 0.0)	(10.0, 0.0)	(11.0, 0.0)	(12.0, 0.0)	(13.0, 0.0)	(14.0, 0.0)	(15.0, 0.0)	(16.0, 0.0)	(17.0, 0.0)	(18.0, 0.0)	(19.0, 0.0)	(20.0, 0.0)	(21.0, 0.0)	(22.0, 0.0)	(23.0, 0.0)	(24.0, 0.0)	(25.0, 0.0)	(26.0, 0.0)	(27.0, 0.0)	(28.0, 0.0)	(29.0, 0.0)	(30.0, 0.0)	(31.0, 0.0)	(32.0, 0.0)	(33.0, 0.0)	(34.0, 0.3333333333333333)	(35.0, 2.333333333333333)	(36.0, 1.1666666666666665)	(37.0, 0.5)	(38.0, 0.0)	(39.0, 0.0)	(40.0, 0.3333333333333333)	(41.0, 2.333333333333333)	(42.0, 11.166666666666666)	(43.0, 33.58333333333333)	(44.0, 97.25)	(45.0, 187.8333333333337)	(46.0, 463.5833333333257)	(47.0, 7278.333333331208)	(48.0, 18692.33333333686)	(49.0, 2482.583333333341)	(50.0, 1215.500000000004)	(51.0, 6176.749999998869)	(52.0, 7755.833333330786)	(53.0, 4050.583333334036)	(54.0, 2732.0000000001214)	(55.0, 649.000000000003)	(56.0, 137.66666666666637)	(57.0, 54.83333333333339)	(58.0, 31.08333333333331)	(59.0, 24.16666666666665)	(60.0, 8.416666666666664)	(61.0, 6.666666666666665)	(62.0, 46.00000000000005)	(63.0, 6.999999999999997)	(64.0, 3.166666666666667)	(65.0, 0.8333333333333333)	(66.0, 0.3333333333333333)	(67.0, 0.0)	(68.0, 0.0)	(69.0, 0.3333333333333333)	(70.0, 0.0)	(71.0, 0.3333333333333333)	(72.0, 0.3333333333333333)	(73.0, 0.0)	(74.0, 0.0)	(75.0, 0.0)	(76.0, 0.0)	(77.0, 0.0)	(78.0, 0.0)	(79.0, 0.0)	(80.0, 0.0)	(81.0, 0.0)	(82.0, 0.0)	(83.0, 0.0)	(84.0, 0.0)	(85.0, 0.0)	(86.0, 0.0)	(87.0, 0.0)	(88.0, 0.0)	(89.0, 0.0)	(90.0, 0.0)	(91.0, 0.0)	(92.0, 0.0)	(93.0, 0.0)	(94.0, 0.0)	(95.0, 0.0)	(96.0, 0.0)	(97.0, 0.0)	(98.0, 0.0)	(99.0, 0.0)	(100.0, 0.0)
036R_RR_M_NS1_week5_S44_L001_R2_001	(0.0, 0.0)	(1.0, 0.0)	(2.0, 0.0)	(3.0, 0.0)	(4.0, 0.0)	(5.0, 0.0)	(6.0, 0.0)	(7.0, 0.0)	(8.0, 0.0)	(9.0, 0.0)	(10.0, 0.0)	(11.0, 0.0)	(12.0, 0.0)	(13.0, 0.0)	(14.0, 0.0)	(15.0, 0.0)	(16.0, 0.0)	(17.0, 0.0)	(18.0, 0.0)	(19.0, 0.0)	(20.0, 0.0)	(21.0, 0.0)	(22.0, 0.0)	(23.0, 0.0)	(24.0, 0.0)	(25.0, 0.0)	(26.0, 0.0)	(27.0, 0.8333333333333333)	(28.0, 1.3333333333333333)	(29.0, 0.5)	(30.0, 0.0)	(31.0, 0.0)	(32.0, 0.3333333333333333)	(33.0, 1.1666666666666665)	(34.0, 1.1666666666666665)	(35.0, 1.6666666666666665)	(36.0, 2.1666666666666665)	(37.0, 2.0)	(38.0, 2.1666666666666665)	(39.0, 4.416666666666666)	(40.0, 8.833333333333332)	(41.0, 17.166666666666668)	(42.0, 23.999999999999996)	(43.0, 35.333333333333336)	(44.0, 59.416666666666714)	(45.0, 332.9999999999987)	(46.0, 4545.750000000333)	(47.0, 3550.083333333819)	(48.0, 6312.083333332091)	(49.0, 13074.333333339144)	(50.0, 1446.0833333332916)	(51.0, 2211.2499999998863)	(52.0, 2373.2499999999604)	(53.0, 2349.916666666614)	(54.0, 2784.166666666801)	(55.0, 698.2500000000064)	(56.0, 6454.74999999867)	(57.0, 5853.333333332538)	(58.0, 552.1666666666615)	(59.0, 191.8333333333338)	(60.0, 190.00000000000057)	(61.0, 170.16666666666674)	(62.0, 67.50000000000001)	(63.0, 46.66666666666668)	(64.0, 35.999999999999986)	(65.0, 19.666666666666664)	(66.0, 15.5)	(67.0, 16.833333333333332)	(68.0, 14.5)	(69.0, 8.166666666666666)	(70.0, 8.666666666666668)	(71.0, 12.666666666666666)	(72.0, 43.33333333333336)	(73.0, 11.333333333333334)	(74.0, 3.1666666666666665)	(75.0, 2.0)	(76.0, 0.5)	(77.0, 1.0)	(78.0, 1.0)	(79.0, 0.5)	(80.0, 0.5)	(81.0, 0.8333333333333333)	(82.0, 0.5)	(83.0, 0.5)	(84.0, 1.0)	(85.0, 0.8333333333333333)	(86.0, 0.3333333333333333)	(87.0, 0.0)	(88.0, 0.0)	(89.0, 0.0)	(90.0, 0.0)	(91.0, 0.0)	(92.0, 0.3333333333333333)	(93.0, 0.3333333333333333)	(94.0, 0.0)	(95.0, 0.0)	(96.0, 0.0)	(97.0, 0.0)	(98.0, 0.3333333333333333)	(99.0, 0.3333333333333333)	(100.0, 0.0)
1030R_RR_M_NS1_week5_S45_L001_R1_001	(0.0, 0.0)	(1.0, 0.0)	(2.0, 0.0)	(3.0, 0.0)	(4.0, 0.0)	(5.0, 0.0)	(6.0, 0.0)	(7.0, 0.0)	(8.0, 0.0)	(9.0, 0.0)	(10.0, 0.0)	(11.0, 0.0)	(12.0, 0.0)	(13.0, 0.0)	(14.0, 0.0)	(15.0, 0.0)	(16.0, 0.0)	(17.0, 0.0)	(18.0, 0.0)	(19.0, 0.0)	(20.0, 0.0)	(21.0, 0.0)	(22.0, 0.0)	(23.0, 0.0)	(24.0, 0.0)	(25.0, 0.0)	(26.0, 0.0)	(27.0, 0.0)	(28.0, 0.0)	(29.0, 0.0)	(30.0, 0.0)	(31.0, 0.0)	(32.0, 0.0)	(33.0, 0.0)	(34.0, 0.0)	(35.0, 0.0)	(36.0, 0.0)	(37.0, 0.0)	(38.0, 0.0)	(39.0, 0.5)	(40.0, 0.5)	(41.0, 4.916666666666667)	(42.0, 10.333333333333334)	(43.0, 26.5)	(44.0, 100.66666666666664)	(45.0, 196.50000000000028)	(46.0, 437.0833333333273)	(47.0, 6553.5833333318515)	(48.0, 19079.25000000212)	(49.0, 2391.666666666634)	(50.0, 883.5833333333615)	(51.0, 5938.833333332419)	(52.0, 7200.749999997958)	(53.0, 2664.3333333334203)	(54.0, 1421.2499999999595)	(55.0, 482.9166666666575)	(56.0, 100.99999999999979)	(57.0, 41.25)	(58.0, 28.666666666666657)	(59.0, 22.66666666666666)	(60.0, 6.999999999999999)	(61.0, 11.333333333333334)	(62.0, 63.50000000000017)	(63.0, 17.500000000000004)	(64.0, 6.166666666666665)	(65.0, 1.6666666666666665)	(66.0, 0.3333333333333333)	(67.0, 0.0)	(68.0, 0.0)	(69.0, 0.5)	(70.0, 0.5)	(71.0, 0.0)	(72.0, 0.0)	(73.0, 0.0)	(74.0, 0.0)	(75.0, 0.0)	(76.0, 0.0)	(77.0, 0.0)	(78.0, 0.0)	(79.0, 0.0)	(80.0, 0.0)	(81.0, 0.0)	(82.0, 0.0)	(83.0, 0.0)	(84.0, 0.0)	(85.0, 0.0)	(86.0, 0.0)	(87.0, 0.0)	(88.0, 0.0)	(89.0, 0.0)	(90.0, 0.0)	(91.0, 0.0)	(92.0, 0.0)	(93.0, 0.0)	(94.0, 0.0)	(95.0, 0.0)	(96.0, 0.0)	(97.0, 0.0)	(98.0, 0.0)	(99.0, 0.0)	(100.0, 0.0)
1030R_RR_M_NS1_week5_S45_L001_R2_001	(0.0, 0.0)	(1.0, 0.0)	(2.0, 0.0)	(3.0, 0.0)	(4.0, 0.0)	(5.0, 0.0)	(6.0, 0.0)	(7.0, 0.0)	(8.0, 0.0)	(9.0, 0.0)	(10.0, 0.0)	(11.0, 0.0)	(12.0, 0.0)	(13.0, 0.0)	(14.0, 0.0)	(15.0, 0.0)	(16.0, 0.0)	(17.0, 0.0)	(18.0, 0.0)	(19.0, 0.0)	(20.0, 0.0)	(21.0, 0.0)	(22.0, 0.0)	(23.0, 0.0)	(24.0, 0.0)	(25.0, 0.0)	(26.0, 0.0)	(27.0, 0.0)	(28.0, 0.0)	(29.0, 0.0)	(30.0, 0.0)	(31.0, 0.0)	(32.0, 0.0)	(33.0, 0.0)	(34.0, 0.5)	(35.0, 1.3333333333333333)	(36.0, 1.8333333333333333)	(37.0, 3.0)	(38.0, 4.083333333333333)	(39.0, 4.75)	(40.0, 9.25)	(41.0, 16.583333333333332)	(42.0, 23.333333333333332)	(43.0, 25.33333333333333)	(44.0, 52.000000000000036)	(45.0, 345.8333333333314)	(46.0, 4164.166666667341)	(47.0, 2690.4166666667716)	(48.0, 6070.3333333323035)	(49.0, 14025.166666674178)	(50.0, 1444.083333333292)	(51.0, 1492.9999999999502)	(52.0, 1591.8333333332625)	(53.0, 1873.6666666665321)	(54.0, 2052.666666666495)	(55.0, 539.1666666666603)	(56.0, 5854.749999999204)	(57.0, 5667.083333332704)	(58.0, 496.7499999999929)	(59.0, 168.6666666666667)	(60.0, 179.25000000000028)	(61.0, 161.91666666666663)	(62.0, 68.83333333333334)	(63.0, 46.99999999999999)	(64.0, 36.33333333333333)	(65.0, 25.583333333333336)	(66.0, 18.500000000000004)	(67.0, 21.333333333333332)	(68.0, 21.166666666666664)	(69.0, 13.166666666666666)	(70.0, 7.666666666666667)	(71.0, 15.000000000000005)	(72.0, 61.50000000000014)	(73.0, 14.333333333333336)	(74.0, 2.833333333333333)	(75.0, 2.75)	(76.0, 1.75)	(77.0, 1.0)	(78.0, 1.3333333333333333)	(79.0, 0.8333333333333333)	(80.0, 0.0)	(81.0, 0.0)	(82.0, 0.25)	(83.0, 0.25)	(84.0, 0.0)	(85.0, 0.0)	(86.0, 0.0)	(87.0, 0.0)	(88.0, 0.0)	(89.0, 0.0)	(90.0, 0.0)	(91.0, 0.0)	(92.0, 0.0)	(93.0, 0.0)	(94.0, 0.0)	(95.0, 0.0)	(96.0, 0.0)	(97.0, 0.0)	(98.0, 0.0)	(99.0, 0.0)	(100.0, 0.0)
1030R_RR_M_NS1_week9_S66_L001_R1_001	(0.0, 0.0)	(1.0, 0.0)	(2.0, 0.0)	(3.0, 0.0)	(4.0, 0.0)	(5.0, 0.0)	(6.0, 0.0)	(7.0, 0.0)	(8.0, 0.0)	(9.0, 0.0)	(10.0, 0.0)	(11.0, 0.0)	(12.0, 0.0)	(13.0, 0.0)	(14.0, 0.0)	(15.0, 0.0)	(16.0, 0.0)	(17.0, 0.0)	(18.0, 0.0)	(19.0, 0.0)	(20.0, 0.0)	(21.0, 0.0)	(22.0, 0.0)	(23.0, 0.0)	(24.0, 0.0)	(25.0, 0.0)	(26.0, 0.0)	(27.0, 0.0)	(28.0, 0.0)	(29.0, 0.0)	(30.0, 0.0)	(31.0, 0.0)	(32.0, 0.0)	(33.0, 0.0)	(34.0, 0.0)	(35.0, 0.0)	(36.0, 0.0)	(37.0, 0.5)	(38.0, 0.5)	(39.0, 0.0)	(40.0, 0.3333333333333333)	(41.0, 1.5)	(42.0, 4.833333333333334)	(43.0, 13.25)	(44.0, 53.583333333333336)	(45.0, 152.49999999999986)	(46.0, 449.0833333333263)	(47.0, 7768.833333330754)	(48.0, 10337.916666667576)	(49.0, 2217.999999999892)	(50.0, 1157.3333333333499)	(51.0, 5037.3333333332275)	(52.0, 7283.416666664537)	(53.0, 3216.6666666670035)	(54.0, 916.0000000000321)	(55.0, 405.2499999999949)	(56.0, 59.166666666666764)	(57.0, 25.999999999999986)	(58.0, 17.250000000000007)	(59.0, 23.999999999999986)	(60.0, 4.666666666666666)	(61.0, 3.3333333333333335)	(62.0, 35.33333333333331)	(63.0, 7.666666666666663)	(64.0, 2.0)	(65.0, 1.8333333333333333)	(66.0, 1.833333333333333)	(67.0, 0.0)	(68.0, 0.0)	(69.0, 0.0)	(70.0, 0.0)	(71.0, 0.0)	(72.0, 0.0)	(73.0, 0.0)	(74.0, 0.0)	(75.0, 0.0)	(76.0, 0.0)	(77.0, 0.0)	(78.0, 0.0)	(79.0, 0.0)	(80.0, 0.0)	(81.0, 0.0)	(82.0, 0.0)	(83.0, 0.0)	(84.0, 0.0)	(85.0, 0.0)	(86.0, 0.0)	(87.0, 0.0)	(88.0, 0.0)	(89.0, 0.0)	(90.0, 0.0)	(91.0, 0.0)	(92.0, 0.0)	(93.0, 0.0)	(94.0, 0.0)	(95.0, 0.0)	(96.0, 0.0)	(97.0, 0.0)	(98.0, 0.0)	(99.0, 0.0)	(100.0, 0.0)
1030R_RR_M_NS1_week9_S66_L001_R2_001	(0.0, 0.0)	(1.0, 0.0)	(2.0, 0.0)	(3.0, 0.0)	(4.0, 0.0)	(5.0, 0.0)	(6.0, 0.0)	(7.0, 0.0)	(8.0, 0.0)	(9.0, 0.0)	(10.0, 0.0)	(11.0, 0.0)	(12.0, 0.0)	(13.0, 0.0)	(14.0, 0.0)	(15.0, 0.0)	(16.0, 0.0)	(17.0, 0.0)	(18.0, 0.0)	(19.0, 0.0)	(20.0, 0.0)	(21.0, 0.0)	(22.0, 0.0)	(23.0, 0.0)	(24.0, 0.0)	(25.0, 0.0)	(26.0, 0.0)	(27.0, 0.0)	(28.0, 0.0)	(29.0, 0.0)	(30.0, 0.0)	(31.0, 0.0)	(32.0, 0.0)	(33.0, 0.0)	(34.0, 1.5)	(35.0, 2.0)	(36.0, 0.5)	(37.0, 0.5)	(38.0, 1.0)	(39.0, 4.083333333333334)	(40.0, 6.083333333333334)	(41.0, 11.0)	(42.0, 15.666666666666666)	(43.0, 20.499999999999993)	(44.0, 42.16666666666669)	(45.0, 339.6666666666648)	(46.0, 4732.583333333505)	(47.0, 4615.916666666946)	(48.0, 4366.166666667171)	(49.0, 3965.1666666673286)	(50.0, 576.8333333333281)	(51.0, 1719.166666666561)	(52.0, 2074.7499999998304)	(53.0, 3231.7500000003374)	(54.0, 3511.750000000458)	(55.0, 521.1666666666587)	(56.0, 4348.416666667208)	(57.0, 4668.666666666917)	(58.0, 417.9999999999956)	(59.0, 135.83333333333306)	(60.0, 98.2499999999999)	(61.0, 81.33333333333339)	(62.0, 44.83333333333333)	(63.0, 32.33333333333333)	(64.0, 34.16666666666665)	(65.0, 15.000000000000005)	(66.0, 9.166666666666666)	(67.0, 17.666666666666664)	(68.0, 19.0)	(69.0, 9.083333333333332)	(70.0, 6.833333333333333)	(71.0, 9.166666666666666)	(72.0, 32.166666666666636)	(73.0, 11.333333333333332)	(74.0, 2.333333333333333)	(75.0, 0.8333333333333333)	(76.0, 0.8333333333333333)	(77.0, 0.5)	(78.0, 0.0)	(79.0, 0.0)	(80.0, 0.0)	(81.0, 0.0)	(82.0, 0.0)	(83.0, 0.3333333333333333)	(84.0, 0.0)	(85.0, 0.0)	(86.0, 0.0)	(87.0, 0.0)	(88.0, 0.0)	(89.0, 0.0)	(90.0, 0.0)	(91.0, 0.0)	(92.0, 0.0)	(93.0, 0.0)	(94.0, 0.0)	(95.0, 0.3333333333333333)	(96.0, 0.3333333333333333)	(97.0, 0.0)	(98.0, 0.25)	(99.0, 0.0)	(100.0, 0.0)
1060R_L_M_S5_week5_S12_L001_R1_001	(0.0, 0.0)	(1.0, 0.0)	(2.0, 0.0)	(3.0, 0.0)	(4.0, 0.0)	(5.0, 0.0)	(6.0, 0.0)	(7.0, 0.0)	(8.0, 0.0)	(9.0, 0.0)	(10.0, 0.0)	(11.0, 0.0)	(12.0, 0.0)	(13.0, 0.0)	(14.0, 0.0)	(15.0, 0.0)	(16.0, 0.0)	(17.0, 0.0)	(18.0, 0.0)	(19.0, 0.0)	(20.0, 0.0)	(21.0, 0.0)	(22.0, 0.0)	(23.0, 0.0)	(24.0, 0.0)	(25.0, 0.0)	(26.0, 0.0)	(27.0, 0.0)	(28.0, 0.0)	(29.0, 0.0)	(30.0, 0.0)	(31.0, 0.0)	(32.0, 0.6666666666666666)	(33.0, 0.3333333333333333)	(34.0, 0.3333333333333333)	(35.0, 1.3333333333333333)	(36.0, 0.0)	(37.0, 0.0)	(38.0, 0.0)	(39.0, 0.0)	(40.0, 0.0)	(41.0, 0.8333333333333333)	(42.0, 1.5833333333333333)	(43.0, 7.833333333333334)	(44.0, 36.166666666666664)	(45.0, 61.41666666666671)	(46.0, 482.9999999999907)	(47.0, 7577.749999997594)	(48.0, 2462.583333333333)	(49.0, 1410.3333333332944)	(50.0, 1904.249999999851)	(51.0, 8833.666666664853)	(52.0, 10448.58333333441)	(53.0, 3897.1666666672963)	(54.0, 1764.5833333332178)	(55.0, 315.8333333333334)	(56.0, 122.33333333333302)	(57.0, 57.41666666666672)	(58.0, 80.16666666666659)	(59.0, 67.66666666666676)	(60.0, 5.666666666666665)	(61.0, 2.0)	(62.0, 1.9999999999999998)	(63.0, 0.8333333333333333)	(64.0, 0.3333333333333333)	(65.0, 0.5)	(66.0, 1.5)	(67.0, 1.5)	(68.0, 0.5)	(69.0, 0.0)	(70.0, 0.0)	(71.0, 0.0)	(72.0, 0.0)	(73.0, 0.0)	(74.0, 0.0)	(75.0, 0.0)	(76.0, 0.0)	(77.0, 0.0)	(78.0, 0.0)	(79.0, 0.0)	(80.0, 0.0)	(81.0, 0.0)	(82.0, 0.0)	(83.0, 0.0)	(84.0, 0.0)	(85.0, 0.0)	(86.0, 0.0)	(87.0, 0.0)	(88.0, 0.0)	(89.0, 0.0)	(90.0, 0.0)	(91.0, 0.0)	(92.0, 0.0)	(93.0, 0.0)	(94.0, 0.0)	(95.0, 0.0)	(96.0, 0.0)	(97.0, 0.0)	(98.0, 0.0)	(99.0, 0.0)	(100.0, 0.0)
1060R_L_M_S5_week5_S12_L001_R2_001	(0.0, 0.0)	(1.0, 0.0)	(2.0, 0.0)	(3.0, 0.0)	(4.0, 0.0)	(5.0, 0.0)	(6.0, 0.0)	(7.0, 0.0)	(8.0, 0.0)	(9.0, 0.0)	(10.0, 0.0)	(11.0, 0.0)	(12.0, 0.0)	(13.0, 0.0)	(14.0, 0.0)	(15.0, 0.0)	(16.0, 0.0)	(17.0, 0.0)	(18.0, 0.0)	(19.0, 0.0)	(20.0, 0.0)	(21.0, 0.0)	(22.0, 0.0)	(23.0, 0.0)	(24.0, 0.0)	(25.0, 0.0)	(26.0, 0.5)	(27.0, 0.5)	(28.0, 0.0)	(29.0, 0.3333333333333333)	(30.0, 0.0)	(31.0, 0.0)	(32.0, 0.8333333333333333)	(33.0, 1.1666666666666665)	(34.0, 1.6666666666666665)	(35.0, 0.0)	(36.0, 0.5)	(37.0, 1.0)	(38.0, 1.0)	(39.0, 2.5)	(40.0, 7.333333333333333)	(41.0, 11.5)	(42.0, 15.500000000000004)	(43.0, 21.25)	(44.0, 44.25000000000001)	(45.0, 592.333333333331)	(46.0, 7340.749999997806)	(47.0, 941.3333333333693)	(48.0, 455.8333333333262)	(49.0, 245.41666666666825)	(50.0, 199.6666666666675)	(51.0, 900.25000000003)	(52.0, 1141.6666666666868)	(53.0, 3489.5833333337905)	(54.0, 3247.0000000003397)	(55.0, 753.0833333333451)	(56.0, 8703.499999997906)	(57.0, 8188.499999997163)	(58.0, 710.5000000000078)	(59.0, 229.75000000000105)	(60.0, 182.9166666666669)	(61.0, 169.0833333333334)	(62.0, 82.66666666666667)	(63.0, 65.83333333333336)	(64.0, 84.74999999999991)	(65.0, 33.83333333333333)	(66.0, 12.000000000000002)	(67.0, 7.583333333333333)	(68.0, 8.083333333333334)	(69.0, 7.0)	(70.0, 5.5)	(71.0, 4.75)	(72.0, 3.583333333333333)	(73.0, 2.1666666666666665)	(74.0, 1.8333333333333333)	(75.0, 1.0)	(76.0, 0.5)	(77.0, 1.5)	(78.0, 1.0)	(79.0, 0.0)	(80.0, 0.0)	(81.0, 0.0)	(82.0, 0.0)	(83.0, 0.0)	(84.0, 0.0)	(85.0, 0.0)	(86.0, 0.0)	(87.0, 0.0)	(88.0, 0.0)	(89.0, 0.0)	(90.0, 0.8333333333333333)	(91.0, 0.5)	(92.0, 0.0)	(93.0, 0.5)	(94.0, 0.5)	(95.0, 0.0)	(96.0, 0.0)	(97.0, 0.0)	(98.0, 0.0)	(99.0, 0.0)	(100.0, 0.0)
1075R_0_M_NS6_week5_S2_L001_R1_001	(0.0, 0.0)	(1.0, 0.0)	(2.0, 0.0)	(3.0, 0.0)	(4.0, 0.0)	(5.0, 0.0)	(6.0, 0.0)	(7.0, 0.0)	(8.0, 0.0)	(9.0, 0.0)	(10.0, 0.0)	(11.0, 0.0)	(12.0, 0.0)	(13.0, 0.0)	(14.0, 0.0)	(15.0, 0.0)	(16.0, 0.0)	(17.0, 0.0)	(18.0, 0.0)	(19.0, 0.0)	(20.0, 0.0)	(21.0, 0.0)	(22.0, 0.0)	(23.0, 0.0)	(24.0, 0.0)	(25.0, 0.0)	(26.0, 0.0)	(27.0, 0.0)	(28.0, 0.0)	(29.0, 0.0)	(30.0, 0.0)	(31.0, 0.0)	(32.0, 0.0)	(33.0, 0.0)	(34.0, 0.0)	(35.0, 0.0)	(36.0, 0.0)	(37.0, 0.0)	(38.0, 0.0)	(39.0, 0.0)	(40.0, 1.0)	(41.0, 4.5)	(42.0, 13.75)	(43.0, 22.833333333333336)	(44.0, 47.16666666666667)	(45.0, 193.50000000000094)	(46.0, 2150.249999999862)	(47.0, 4644.083333333581)	(48.0, 7829.749999997365)	(49.0, 1684.1666666665658)	(50.0, 658.8333333333378)	(51.0, 2109.4999999998445)	(52.0, 5549.583333332764)	(53.0, 3885.5000000006426)	(54.0, 1587.4166666665865)	(55.0, 398.3333333333283)	(56.0, 87.49999999999986)	(57.0, 35.33333333333331)	(58.0, 19.166666666666668)	(59.0, 15.333333333333343)	(60.0, 5.0)	(61.0, 6.166666666666665)	(62.0, 49.66666666666674)	(63.0, 6.999999999999997)	(64.0, 1.1666666666666665)	(65.0, 1.6666666666666665)	(66.0, 1.3333333333333333)	(67.0, 1.25)	(68.0, 0.75)	(69.0, 0.0)	(70.0, 0.0)	(71.0, 0.0)	(72.0, 0.0)	(73.0, 0.0)	(74.0, 0.0)	(75.0, 0.0)	(76.0, 0.0)	(77.0, 0.0)	(78.0, 0.0)	(79.0, 0.0)	(80.0, 0.0)	(81.0, 0.0)	(82.0, 0.0)	(83.0, 0.0)	(84.0, 0.0)	(85.0, 0.0)	(86.0, 0.0)	(87.0, 0.0)	(88.0, 0.0)	(89.0, 0.0)	(90.0, 0.0)	(91.0, 0.0)	(92.0, 0.0)	(93.0, 0.0)	(94.0, 0.0)	(95.0, 0.0)	(96.0, 0.0)	(97.0, 0.0)	(98.0, 0.0)	(99.0, 0.0)	(100.0, 0.0)
1075R_0_M_NS6_week5_S2_L001_R2_001	(0.0, 0.0)	(1.0, 0.0)	(2.0, 0.0)	(3.0, 0.0)	(4.0, 0.0)	(5.0, 0.0)	(6.0, 0.0)	(7.0, 0.0)	(8.0, 0.0)	(9.0, 0.0)	(10.0, 0.0)	(11.0, 0.0)	(12.0, 0.0)	(13.0, 0.0)	(14.0, 0.0)	(15.0, 0.0)	(16.0, 0.0)	(17.0, 0.0)	(18.0, 0.0)	(19.0, 0.0)	(20.0, 0.0)	(21.0, 0.0)	(22.0, 0.0)	(23.0, 0.0)	(24.0, 0.0)	(25.0, 0.0)	(26.0, 0.0)	(27.0, 0.0)	(28.0, 0.0)	(29.0, 0.5)	(30.0, 1.0)	(31.0, 0.5)	(32.0, 0.5)	(33.0, 1.0)	(34.0, 1.0)	(35.0, 1.3333333333333333)	(36.0, 2.0)	(37.0, 2.833333333333333)	(38.0, 4.333333333333334)	(39.0, 5.5)	(40.0, 7.25)	(41.0, 14.0)	(42.0, 17.0)	(43.0, 23.666666666666657)	(44.0, 55.66666666666676)	(45.0, 1203.0000000000043)	(46.0, 5791.333333332538)	(47.0, 3269.333333333696)	(48.0, 3243.3333333336814)	(49.0, 2810.8333333334863)	(50.0, 325.74999999999926)	(51.0, 2591.916666666725)	(52.0, 2725.166666666781)	(53.0, 1695.1666666665676)	(54.0, 3397.5833333337423)	(55.0, 701.1666666666741)	(56.0, 2020.9999999998317)	(57.0, 1967.9999999998424)	(58.0, 188.16666666666723)	(59.0, 84.66666666666661)	(60.0, 124.4999999999996)	(61.0, 120.41666666666625)	(62.0, 31.999999999999982)	(63.0, 23.41666666666666)	(64.0, 25.499999999999993)	(65.0, 13.5)	(66.0, 11.0)	(67.0, 16.0)	(68.0, 13.416666666666666)	(69.0, 5.166666666666666)	(70.0, 5.999999999999999)	(71.0, 10.333333333333334)	(72.0, 41.000000000000014)	(73.0, 11.66666666666667)	(74.0, 0.6666666666666666)	(75.0, 0.0)	(76.0, 0.25)	(77.0, 0.0)	(78.0, 0.0)	(79.0, 0.0)	(80.0, 0.0)	(81.0, 0.0)	(82.0, 0.3333333333333333)	(83.0, 0.0)	(84.0, 0.0)	(85.0, 0.0)	(86.0, 0.0)	(87.0, 0.0)	(88.0, 0.0)	(89.0, 0.0)	(90.0, 0.0)	(91.0, 0.0)	(92.0, 0.5)	(93.0, 0.5)	(94.0, 0.0)	(95.0, 0.0)	(96.0, 0.0)	(97.0, 0.0)	(98.0, 0.0)	(99.0, 0.0)	(100.0, 0.0)
1075R_RL_M_NS6_week5_S3_L001_R1_001	(0.0, 0.0)	(1.0, 0.0)	(2.0, 0.0)	(3.0, 0.0)	(4.0, 0.0)	(5.0, 0.0)	(6.0, 0.0)	(7.0, 0.0)	(8.0, 0.0)	(9.0, 0.0)	(10.0, 0.0)	(11.0, 0.0)	(12.0, 0.0)	(13.0, 0.0)	(14.0, 0.0)	(15.0, 0.0)	(16.0, 0.0)	(17.0, 0.0)	(18.0, 0.0)	(19.0, 0.0)	(20.0, 0.0)	(21.0, 0.0)	(22.0, 0.0)	(23.0, 0.0)	(24.0, 0.0)	(25.0, 0.0)	(26.0, 0.0)	(27.0, 0.0)	(28.0, 0.0)	(29.0, 0.0)	(30.0, 0.0)	(31.0, 0.0)	(32.0, 0.0)	(33.0, 0.0)	(34.0, 0.0)	(35.0, 0.0)	(36.0, 0.0)	(37.0, 0.0)	(38.0, 0.0)	(39.0, 0.0)	(40.0, 2.333333333333333)	(41.0, 8.5)	(42.0, 24.833333333333336)	(43.0, 35.083333333333336)	(44.0, 64.16666666666669)	(45.0, 345.83333333333167)	(46.0, 4339.500000000519)	(47.0, 5608.999999999379)	(48.0, 9983.916666666935)	(49.0, 1956.4999999998383)	(50.0, 730.0000000000128)	(51.0, 3031.666666666923)	(52.0, 6268.749999998785)	(53.0, 3698.1666666672204)	(54.0, 1218.7500000000023)	(55.0, 313.583333333333)	(56.0, 64.00000000000014)	(57.0, 24.33333333333332)	(58.0, 21.666666666666668)	(59.0, 14.916666666666671)	(60.0, 3.166666666666667)	(61.0, 6.499999999999998)	(62.0, 42.66666666666669)	(63.0, 9.333333333333332)	(64.0, 1.9999999999999998)	(65.0, 0.5)	(66.0, 0.8333333333333333)	(67.0, 0.0)	(68.0, 0.0)	(69.0, 0.0)	(70.0, 0.0)	(71.0, 0.0)	(72.0, 0.0)	(73.0, 0.0)	(74.0, 0.0)	(75.0, 0.0)	(76.0, 0.0)	(77.0, 0.0)	(78.0, 0.0)	(79.0, 0.0)	(80.0, 0.0)	(81.0, 0.0)	(82.0, 0.0)	(83.0, 0.0)	(84.0, 0.0)	(85.0, 0.0)	(86.0, 0.0)	(87.0, 0.0)	(88.0, 0.0)	(89.0, 0.0)	(90.0, 0.0)	(91.0, 0.0)	(92.0, 0.0)	(93.0, 0.0)	(94.0, 0.0)	(95.0, 0.0)	(96.0, 0.0)	(97.0, 0.0)	(98.0, 0.0)	(99.0, 0.0)	(100.0, 0.0)
1075R_RL_M_NS6_week5_S3_L001_R2_001	(0.0, 0.0)	(1.0, 0.0)	(2.0, 0.0)	(3.0, 0.0)	(4.0, 0.0)	(5.0, 0.0)	(6.0, 0.0)	(7.0, 0.0)	(8.0, 0.0)	(9.0, 0.0)	(10.0, 0.0)	(11.0, 0.0)	(12.0, 0.0)	(13.0, 0.0)	(14.0, 0.0)	(15.0, 0.0)	(16.0, 0.0)	(17.0, 0.0)	(18.0, 0.0)	(19.0, 0.0)	(20.0, 0.0)	(21.0, 0.0)	(22.0, 0.0)	(23.0, 0.0)	(24.0, 0.0)	(25.0, 0.0)	(26.0, 0.0)	(27.0, 0.0)	(28.0, 0.0)	(29.0, 0.0)	(30.0, 0.0)	(31.0, 0.0)	(32.0, 0.0)	(33.0, 0.5)	(34.0, 2.0)	(35.0, 2.5)	(36.0, 1.5)	(37.0, 3.0)	(38.0, 4.833333333333333)	(39.0, 9.166666666666666)	(40.0, 11.166666666666666)	(41.0, 15.750000000000002)	(42.0, 26.0)	(43.0, 40.0)	(44.0, 88.66666666666654)	(45.0, 1190.333333333342)	(46.0, 8018.166666663869)	(47.0, 6896.166666664874)	(48.0, 4976.416666666614)	(49.0, 3306.833333333705)	(50.0, 387.74999999999653)	(51.0, 2365.833333333291)	(52.0, 2364.0833333332903)	(53.0, 1785.9999999998818)	(54.0, 3050.5833333335895)	(55.0, 655.833333333337)	(56.0, 3070.0833333336022)	(57.0, 2871.9166666668425)	(58.0, 250.5000000000017)	(59.0, 96.41666666666652)	(60.0, 117.33333333333293)	(61.0, 118.3333333333329)	(62.0, 46.00000000000001)	(63.0, 28.16666666666666)	(64.0, 26.999999999999996)	(65.0, 17.916666666666668)	(66.0, 10.833333333333332)	(67.0, 19.166666666666668)	(68.0, 17.0)	(69.0, 7.999999999999999)	(70.0, 5.666666666666667)	(71.0, 7.333333333333331)	(72.0, 38.99999999999999)	(73.0, 9.333333333333332)	(74.0, 1.6666666666666665)	(75.0, 1.1666666666666665)	(76.0, 0.5)	(77.0, 0.0)	(78.0, 0.25)	(79.0, 0.0)	(80.0, 0.0)	(81.0, 0.3333333333333333)	(82.0, 0.0)	(83.0, 0.0)	(84.0, 0.5)	(85.0, 0.5)	(86.0, 0.0)	(87.0, 0.0)	(88.0, 0.6666666666666666)	(89.0, 0.0)	(90.0, 0.0)	(91.0, 0.0)	(92.0, 0.0)	(93.0, 0.0)	(94.0, 0.0)	(95.0, 0.0)	(96.0, 0.5)	(97.0, 0.5)	(98.0, 0.5)	(99.0, 0.75)	(100.0, 0.6666666666666666)
1076R_0_M_S5_week5_S13_L001_R1_001	(0.0, 0.0)	(1.0, 0.0)	(2.0, 0.0)	(3.0, 0.0)	(4.0, 0.0)	(5.0, 0.0)	(6.0, 0.0)	(7.0, 0.0)	(8.0, 0.0)	(9.0, 0.0)	(10.0, 0.0)	(11.0, 0.0)	(12.0, 0.0)	(13.0, 0.0)	(14.0, 0.0)	(15.0, 0.0)	(16.0, 0.0)	(17.0, 0.0)	(18.0, 0.0)	(19.0, 0.0)	(20.0, 0.0)	(21.0, 0.0)	(22.0, 0.0)	(23.0, 0.0)	(24.0, 0.0)	(25.0, 0.0)	(26.0, 0.0)	(27.0, 0.0)	(28.0, 0.0)	(29.0, 0.0)	(30.0, 0.0)	(31.0, 0.0)	(32.0, 0.0)	(33.0, 0.0)	(34.0, 0.0)	(35.0, 0.0)	(36.0, 0.0)	(37.0, 0.0)	(38.0, 0.0)	(39.0, 0.0)	(40.0, 0.5)	(41.0, 1.8333333333333333)	(42.0, 2.5)	(43.0, 12.5)	(44.0, 50.16666666666668)	(45.0, 79.00000000000001)	(46.0, 523.1666666666575)	(47.0, 7391.1666666644405)	(48.0, 3781.4166666672522)	(49.0, 3427.9166666670935)	(50.0, 3612.2500000005075)	(51.0, 6978.6666666648325)	(52.0, 9276.499999998998)	(53.0, 4416.666666667114)	(54.0, 1683.4166666665685)	(55.0, 296.9166666666673)	(56.0, 114.16666666666636)	(57.0, 50.50000000000004)	(58.0, 60.666666666666764)	(59.0, 52.00000000000008)	(60.0, 13.500000000000004)	(61.0, 2.8333333333333335)	(62.0, 3.0)	(63.0, 1.5)	(64.0, 0.0)	(65.0, 0.3333333333333333)	(66.0, 0.0)	(67.0, 0.0)	(68.0, 0.0)	(69.0, 0.0)	(70.0, 0.0)	(71.0, 0.0)	(72.0, 0.0)	(73.0, 0.0)	(74.0, 0.0)	(75.0, 0.0)	(76.0, 0.0)	(77.0, 0.0)	(78.0, 0.0)	(79.0, 0.0)	(80.0, 0.0)	(81.0, 0.0)	(82.0, 0.0)	(83.0, 0.0)	(84.0, 0.0)	(85.0, 0.0)	(86.0, 0.0)	(87.0, 0.0)	(88.0, 0.0)	(89.0, 0.0)	(90.0, 0.0)	(91.0, 0.0)	(92.0, 0.0)	(93.0, 0.0)	(94.0, 0.0)	(95.0, 0.0)	(96.0, 0.0)	(97.0, 0.0)	(98.0, 0.0)	(99.0, 0.0)	(100.0, 0.0)
1076R_0_M_S5_week5_S13_L001_R2_001	(0.0, 0.0)	(1.0, 0.0)	(2.0, 0.0)	(3.0, 0.0)	(4.0, 0.0)	(5.0, 0.0)	(6.0, 0.0)	(7.0, 0.0)	(8.0, 0.0)	(9.0, 0.0)	(10.0, 0.0)	(11.0, 0.0)	(12.0, 0.0)	(13.0, 0.0)	(14.0, 0.0)	(15.0, 0.0)	(16.0, 0.0)	(17.0, 0.0)	(18.0, 0.0)	(19.0, 0.0)	(20.0, 0.0)	(21.0, 0.0)	(22.0, 0.0)	(23.0, 0.0)	(24.0, 0.0)	(25.0, 0.0)	(26.0, 0.0)	(27.0, 0.0)	(28.0, 0.0)	(29.0, 0.3333333333333333)	(30.0, 0.0)	(31.0, 0.0)	(32.0, 0.5)	(33.0, 1.0)	(34.0, 1.5)	(35.0, 2.5)	(36.0, 3.5)	(37.0, 4.0)	(38.0, 3.0)	(39.0, 4.166666666666667)	(40.0, 7.833333333333333)	(41.0, 13.25)	(42.0, 19.166666666666664)	(43.0, 28.99999999999999)	(44.0, 54.16666666666671)	(45.0, 571.8333333333284)	(46.0, 7068.249999998055)	(47.0, 903.0000000000304)	(48.0, 649.8333333333364)	(49.0, 316.9166666666664)	(50.0, 248.9166666666687)	(51.0, 746.66666666668)	(52.0, 1162.0833333333487)	(53.0, 7007.166666664802)	(54.0, 6226.3333333321825)	(55.0, 1375.1666666666445)	(56.0, 6777.49999999841)	(57.0, 6036.499999999042)	(58.0, 530.4166666666595)	(59.0, 185.91666666666688)	(60.0, 179.2500000000002)	(61.0, 164.99999999999997)	(62.0, 77.58333333333337)	(63.0, 52.250000000000014)	(64.0, 58.25000000000007)	(65.0, 24.666666666666668)	(66.0, 14.5)	(67.0, 7.999999999999999)	(68.0, 6.0)	(69.0, 6.833333333333333)	(70.0, 4.0)	(71.0, 2.833333333333333)	(72.0, 2.333333333333333)	(73.0, 2.25)	(74.0, 1.3333333333333333)	(75.0, 1.5)	(76.0, 2.8333333333333335)	(77.0, 1.5)	(78.0, 0.5)	(79.0, 0.0)	(80.0, 0.5)	(81.0, 1.0)	(82.0, 0.5)	(83.0, 0.0)	(84.0, 0.0)	(85.0, 0.0)	(86.0, 0.0)	(87.0, 0.0)	(88.0, 0.0)	(89.0, 0.0)	(90.0, 0.0)	(91.0, 0.3333333333333333)	(92.0, 0.0)	(93.0, 0.3333333333333333)	(94.0, 0.0)	(95.0, 0.0)	(96.0, 0.0)	(97.0, 0.0)	(98.0, 0.0)	(99.0, 0.0)	(100.0, 0.0)
1121R_L_M_NS1_week5_S46_L001_R1_001	(0.0, 0.0)	(1.0, 0.0)	(2.0, 0.0)	(3.0, 0.0)	(4.0, 0.0)	(5.0, 0.0)	(6.0, 0.0)	(7.0, 0.0)	(8.0, 0.0)	(9.0, 0.0)	(10.0, 0.0)	(11.0, 0.0)	(12.0, 0.0)	(13.0, 0.0)	(14.0, 0.0)	(15.0, 0.0)	(16.0, 0.0)	(17.0, 0.0)	(18.0, 0.0)	(19.0, 0.0)	(20.0, 0.0)	(21.0, 0.0)	(22.0, 0.0)	(23.0, 0.0)	(24.0, 0.0)	(25.0, 0.0)	(26.0, 0.0)	(27.0, 0.0)	(28.0, 0.0)	(29.0, 0.0)	(30.0, 0.0)	(31.0, 0.0)	(32.0, 0.0)	(33.0, 0.0)	(34.0, 0.0)	(35.0, 0.0)	(36.0, 0.0)	(37.0, 0.0)	(38.0, 0.0)	(39.0, 0.0)	(40.0, 0.3333333333333333)	(41.0, 1.6666666666666665)	(42.0, 6.666666666666666)	(43.0, 21.0)	(44.0, 81.33333333333334)	(45.0, 152.16666666666652)	(46.0, 381.4166666666633)	(47.0, 5892.083333332457)	(48.0, 14843.250000009066)	(49.0, 2193.416666666549)	(50.0, 1370.2499999999711)	(51.0, 7272.916666664552)	(52.0, 8582.416666664418)	(53.0, 3073.166666666934)	(54.0, 1480.1666666666133)	(55.0, 523.8333333333239)	(56.0, 114.74999999999962)	(57.0, 43.00000000000002)	(58.0, 19.999999999999996)	(59.0, 19.83333333333333)	(60.0, 7.166666666666666)	(61.0, 5.833333333333333)	(62.0, 28.8333333333333)	(63.0, 5.999999999999998)	(64.0, 2.5)	(65.0, 1.3333333333333333)	(66.0, 0.8333333333333333)	(67.0, 0.0)	(68.0, 0.0)	(69.0, 0.0)	(70.0, 0.0)	(71.0, 0.0)	(72.0, 0.0)	(73.0, 0.0)	(74.0, 0.0)	(75.0, 0.0)	(76.0, 0.0)	(77.0, 0.0)	(78.0, 0.0)	(79.0, 0.0)	(80.0, 0.0)	(81.0, 0.0)	(82.0, 0.0)	(83.0, 0.0)	(84.0, 0.0)	(85.0, 0.0)	(86.0, 0.0)	(87.0, 0.0)	(88.0, 0.0)	(89.0, 0.0)	(90.0, 0.0)	(91.0, 0.0)	(92.0, 0.0)	(93.0, 0.0)	(94.0, 0.0)	(95.0, 0.0)	(96.0, 0.0)	(97.0, 0.0)	(98.0, 0.0)	(99.0, 0.0)	(100.0, 0.0)
1121R_L_M_NS1_week5_S46_L001_R2_001	(0.0, 0.0)	(1.0, 0.0)	(2.0, 0.0)	(3.0, 0.0)	(4.0, 0.0)	(5.0, 0.0)	(6.0, 0.0)	(7.0, 0.0)	(8.0, 0.0)	(9.0, 0.0)	(10.0, 0.0)	(11.0, 0.0)	(12.0, 0.0)	(13.0, 0.0)	(14.0, 0.0)	(15.0, 0.0)	(16.0, 0.0)	(17.0, 0.0)	(18.0, 0.0)	(19.0, 0.0)	(20.0, 0.0)	(21.0, 0.0)	(22.0, 0.0)	(23.0, 0.0)	(24.0, 0.0)	(25.0, 0.0)	(26.0, 0.0)	(27.0, 0.0)	(28.0, 0.0)	(29.0, 0.0)	(30.0, 0.0)	(31.0, 0.0)	(32.0, 0.0)	(33.0, 0.0)	(34.0, 0.0)	(35.0, 2.0)	(36.0, 3.5)	(37.0, 2.5)	(38.0, 4.0)	(39.0, 8.5)	(40.0, 12.0)	(41.0, 14.666666666666668)	(42.0, 19.33333333333333)	(43.0, 34.91666666666666)	(44.0, 50.1666666666667)	(45.0, 318.2499999999993)	(46.0, 3684.750000000552)	(47.0, 2657.33333333342)	(48.0, 4948.416666666648)	(49.0, 10164.250000000578)	(50.0, 1159.3333333333499)	(51.0, 1396.8333333333)	(52.0, 1595.3333333332575)	(53.0, 2336.2499999999386)	(54.0, 2931.4166666668675)	(55.0, 721.3333333333418)	(56.0, 6777.333333331735)	(57.0, 6620.416666665198)	(58.0, 619.666666666667)	(59.0, 208.583333333334)	(60.0, 172.5833333333335)	(61.0, 139.08333333333303)	(62.0, 60.33333333333337)	(63.0, 38.41666666666666)	(64.0, 38.83333333333332)	(65.0, 29.91666666666666)	(66.0, 19.583333333333336)	(67.0, 19.666666666666664)	(68.0, 15.666666666666666)	(69.0, 8.833333333333332)	(70.0, 10.5)	(71.0, 10.333333333333332)	(72.0, 26.666666666666647)	(73.0, 7.833333333333332)	(74.0, 1.8333333333333333)	(75.0, 2.1666666666666665)	(76.0, 1.8333333333333333)	(77.0, 0.5)	(78.0, 0.0)	(79.0, 0.0)	(80.0, 0.0)	(81.0, 0.0)	(82.0, 0.0)	(83.0, 0.0)	(84.0, 0.0)	(85.0, 0.0)	(86.0, 0.0)	(87.0, 0.0)	(88.0, 0.8333333333333333)	(89.0, 1.3333333333333333)	(90.0, 0.5)	(91.0, 0.25)	(92.0, 0.0)	(93.0, 0.0)	(94.0, 0.0)	(95.0, 0.0)	(96.0, 0.0)	(97.0, 0.0)	(98.0, 0.0)	(99.0, 0.0)	(100.0, 0.0)
1121R_L_M_NS1_week9_S67_L001_R1_001	(0.0, 0.0)	(1.0, 0.0)	(2.0, 0.0)	(3.0, 0.0)	(4.0, 0.0)	(5.0, 0.0)	(6.0, 0.0)	(7.0, 0.0)	(8.0, 0.0)	(9.0, 0.0)	(10.0, 0.0)	(11.0, 0.0)	(12.0, 0.0)	(13.0, 0.0)	(14.0, 0.0)	(15.0, 0.0)	(16.0, 0.0)	(17.0, 0.0)	(18.0, 0.0)	(19.0, 0.0)	(20.0, 0.0)	(21.0, 0.0)	(22.0, 0.0)	(23.0, 0.0)	(24.0, 0.0)	(25.0, 0.0)	(26.0, 0.0)	(27.0, 0.0)	(28.0, 0.25)	(29.0, 0.25)	(30.0, 0.0)	(31.0, 0.0)	(32.0, 0.0)	(33.0, 0.0)	(34.0, 0.0)	(35.0, 0.0)	(36.0, 0.0)	(37.0, 0.25)	(38.0, 0.25)	(39.0, 0.0)	(40.0, 0.0)	(41.0, 0.0)	(42.0, 2.8333333333333335)	(43.0, 16.166666666666668)	(44.0, 55.5)	(45.0, 101.74999999999997)	(46.0, 295.25000000000097)	(47.0, 6744.4166666650135)	(48.0, 10171.083333333947)	(49.0, 1765.999999999882)	(50.0, 892.6666666666961)	(51.0, 7703.249999997498)	(52.0, 8987.33333333179)	(53.0, 2151.3333333331984)	(54.0, 1014.6666666667094)	(55.0, 452.99999999999244)	(56.0, 77.75)	(57.0, 29.49999999999998)	(58.0, 18.666666666666668)	(59.0, 19.333333333333332)	(60.0, 5.666666666666666)	(61.0, 8.33333333333333)	(62.0, 48.8333333333334)	(63.0, 10.666666666666666)	(64.0, 2.833333333333333)	(65.0, 0.8333333333333333)	(66.0, 0.5)	(67.0, 0.5)	(68.0, 0.0)	(69.0, 0.0)	(70.0, 0.0)	(71.0, 0.0)	(72.0, 0.0)	(73.0, 0.0)	(74.0, 0.0)	(75.0, 0.0)	(76.0, 0.0)	(77.0, 0.0)	(78.0, 0.0)	(79.0, 0.0)	(80.0, 0.0)	(81.0, 0.0)	(82.0, 0.0)	(83.0, 0.0)	(84.0, 0.0)	(85.0, 0.0)	(86.0, 0.0)	(87.0, 0.0)	(88.0, 0.0)	(89.0, 0.0)	(90.0, 0.0)	(91.0, 0.0)	(92.0, 0.0)	(93.0, 0.0)	(94.0, 0.0)	(95.0, 0.0)	(96.0, 0.0)	(97.0, 0.0)	(98.0, 0.0)	(99.0, 0.0)	(100.0, 0.0)
1121R_L_M_NS1_week9_S67_L001_R2_001	(0.0, 0.0)	(1.0, 0.0)	(2.0, 0.0)	(3.0, 0.0)	(4.0, 0.0)	(5.0, 0.0)	(6.0, 0.0)	(7.0, 0.0)	(8.0, 0.0)	(9.0, 0.0)	(10.0, 0.0)	(11.0, 0.0)	(12.0, 0.0)	(13.0, 0.0)	(14.0, 0.0)	(15.0, 0.0)	(16.0, 0.0)	(17.0, 0.0)	(18.0, 0.0)	(19.0, 0.0)	(20.0, 0.0)	(21.0, 0.0)	(22.0, 0.0)	(23.0, 0.0)	(24.0, 0.0)	(25.0, 0.0)	(26.0, 0.0)	(27.0, 0.0)	(28.0, 0.0)	(29.0, 0.0)	(30.0, 0.5)	(31.0, 1.0)	(32.0, 0.5)	(33.0, 0.0)	(34.0, 1.0)	(35.0, 1.5)	(36.0, 0.5)	(37.0, 1.5)	(38.0, 3.0)	(39.0, 3.0)	(40.0, 3.5)	(41.0, 7.0)	(42.0, 11.666666666666668)	(43.0, 20.0)	(44.0, 41.166666666666686)	(45.0, 301.666666666667)	(46.0, 4311.750000000544)	(47.0, 3496.0000000004643)	(48.0, 3853.7500000006175)	(49.0, 4842.8333333334085)	(50.0, 560.833333333327)	(51.0, 1078.8333333333676)	(52.0, 1298.8333333333208)	(53.0, 2230.8333333332275)	(54.0, 2404.2499999999704)	(55.0, 497.49999999999227)	(56.0, 6957.8333333315695)	(57.0, 7364.499999997878)	(58.0, 607.6666666666648)	(59.0, 184.25000000000034)	(60.0, 126.99999999999964)	(61.0, 105.99999999999983)	(62.0, 51.00000000000002)	(63.0, 38.08333333333332)	(64.0, 36.249999999999986)	(65.0, 23.333333333333336)	(66.0, 17.0)	(67.0, 22.833333333333336)	(68.0, 23.166666666666664)	(69.0, 12.5)	(70.0, 6.833333333333333)	(71.0, 11.999999999999998)	(72.0, 44.75000000000002)	(73.0, 13.833333333333334)	(74.0, 2.833333333333333)	(75.0, 1.0)	(76.0, 1.0)	(77.0, 0.5)	(78.0, 0.5)	(79.0, 0.5)	(80.0, 0.0)	(81.0, 0.0)	(82.0, 0.0)	(83.0, 0.3333333333333333)	(84.0, 0.3333333333333333)	(85.0, 0.0)	(86.0, 0.0)	(87.0, 0.0)	(88.0, 0.0)	(89.0, 0.0)	(90.0, 0.0)	(91.0, 0.0)	(92.0, 0.0)	(93.0, 0.0)	(94.0, 0.25)	(95.0, 0.25)	(96.0, 0.0)	(97.0, 0.0)	(98.0, 0.0)	(99.0, 0.5)	(100.0, 0.8333333333333333)
1121R_NS1_week19_S35_L001_R1_001	(0.0, 0.0)	(1.0, 0.0)	(2.0, 0.0)	(3.0, 0.0)	(4.0, 0.0)	(5.0, 0.0)	(6.0, 0.0)	(7.0, 0.0)	(8.0, 0.0)	(9.0, 0.0)	(10.0, 0.0)	(11.0, 0.0)	(12.0, 0.0)	(13.0, 0.0)	(14.0, 0.0)	(15.0, 0.0)	(16.0, 0.0)	(17.0, 0.0)	(18.0, 0.0)	(19.0, 0.0)	(20.0, 0.0)	(21.0, 0.0)	(22.0, 0.0)	(23.0, 0.0)	(24.0, 0.0)	(25.0, 0.0)	(26.0, 0.0)	(27.0, 0.0)	(28.0, 0.0)	(29.0, 0.0)	(30.0, 0.0)	(31.0, 0.0)	(32.0, 0.0)	(33.0, 0.0)	(34.0, 0.0)	(35.0, 0.0)	(36.0, 0.0)	(37.0, 0.0)	(38.0, 0.0)	(39.0, 0.0)	(40.0, 0.0)	(41.0, 0.0)	(42.0, 2.833333333333333)	(43.0, 13.166666666666668)	(44.0, 56.833333333333336)	(45.0, 132.6666666666664)	(46.0, 355.9166666666646)	(47.0, 6848.9166666649235)	(48.0, 11025.250000002165)	(49.0, 1919.666666666513)	(50.0, 792.916666666685)	(51.0, 5003.916666666595)	(52.0, 6130.2499999989095)	(53.0, 2227.9999999998986)	(54.0, 1191.166666666675)	(55.0, 377.8333333333298)	(56.0, 46.83333333333337)	(57.0, 15.08333333333334)	(58.0, 7.333333333333331)	(59.0, 11.000000000000002)	(60.0, 6.999999999999999)	(61.0, 9.166666666666666)	(62.0, 66.00000000000014)	(63.0, 10.833333333333334)	(64.0, 3.8333333333333335)	(65.0, 1.8333333333333333)	(66.0, 0.0)	(67.0, 0.0)	(68.0, 0.0)	(69.0, 0.0)	(70.0, 0.0)	(71.0, 0.0)	(72.0, 0.3333333333333333)	(73.0, 0.3333333333333333)	(74.0, 0.0)	(75.0, 0.0)	(76.0, 0.0)	(77.0, 0.0)	(78.0, 0.0)	(79.0, 0.0)	(80.0, 0.0)	(81.0, 0.0)	(82.0, 0.0)	(83.0, 0.0)	(84.0, 0.0)	(85.0, 0.0)	(86.0, 0.0)	(87.0, 0.0)	(88.0, 0.0)	(89.0, 0.0)	(90.0, 0.0)	(91.0, 0.0)	(92.0, 0.0)	(93.0, 0.0)	(94.0, 0.0)	(95.0, 0.0)	(96.0, 0.0)	(97.0, 0.0)	(98.0, 0.0)	(99.0, 0.0)	(100.0, 0.0)
1121R_NS1_week19_S35_L001_R2_001	(0.0, 0.0)	(1.0, 0.0)	(2.0, 0.0)	(3.0, 0.0)	(4.0, 0.0)	(5.0, 0.0)	(6.0, 0.0)	(7.0, 0.0)	(8.0, 0.0)	(9.0, 0.0)	(10.0, 0.0)	(11.0, 0.0)	(12.0, 0.0)	(13.0, 0.0)	(14.0, 0.0)	(15.0, 0.0)	(16.0, 0.0)	(17.0, 0.0)	(18.0, 0.0)	(19.0, 0.0)	(20.0, 0.0)	(21.0, 0.0)	(22.0, 0.0)	(23.0, 0.0)	(24.0, 0.0)	(25.0, 0.0)	(26.0, 0.0)	(27.0, 0.0)	(28.0, 0.5)	(29.0, 1.0)	(30.0, 0.5)	(31.0, 0.0)	(32.0, 0.0)	(33.0, 0.0)	(34.0, 0.0)	(35.0, 0.0)	(36.0, 0.0)	(37.0, 0.0)	(38.0, 1.5)	(39.0, 5.0)	(40.0, 8.5)	(41.0, 12.000000000000002)	(42.0, 14.500000000000002)	(43.0, 19.999999999999996)	(44.0, 46.00000000000004)	(45.0, 292.66666666666725)	(46.0, 4016.1666666673696)	(47.0, 4069.083333334057)	(48.0, 4805.083333333438)	(49.0, 5512.249999999475)	(50.0, 625.5833333333328)	(51.0, 1459.749999999952)	(52.0, 1718.9166666665606)	(53.0, 2026.4166666664917)	(54.0, 2085.5833333331675)	(55.0, 365.9999999999981)	(56.0, 4640.583333333598)	(57.0, 4742.500000000174)	(58.0, 363.49999999999767)	(59.0, 112.83333333333313)	(60.0, 97.99999999999986)	(61.0, 68.66666666666674)	(62.0, 35.666666666666664)	(63.0, 30.16666666666666)	(64.0, 21.666666666666668)	(65.0, 13.333333333333334)	(66.0, 13.166666666666668)	(67.0, 14.5)	(68.0, 10.333333333333332)	(69.0, 6.166666666666667)	(70.0, 7.333333333333333)	(71.0, 14.666666666666671)	(72.0, 61.50000000000015)	(73.0, 13.16666666666667)	(74.0, 3.0)	(75.0, 1.8333333333333333)	(76.0, 1.0)	(77.0, 0.5)	(78.0, 0.0)	(79.0, 0.0)	(80.0, 0.0)	(81.0, 0.0)	(82.0, 0.0)	(83.0, 0.0)	(84.0, 0.0)	(85.0, 0.0)	(86.0, 0.0)	(87.0, 0.5833333333333333)	(88.0, 0.25)	(89.0, 0.0)	(90.0, 0.0)	(91.0, 0.0)	(92.0, 0.0)	(93.0, 0.0)	(94.0, 0.0)	(95.0, 0.0)	(96.0, 0.3333333333333333)	(97.0, 0.5)	(98.0, 0.5)	(99.0, 0.3333333333333333)	(100.0, 0.5)
1121R_RL_M_NS1_diabetes_S23_L001_R1_001	(0.0, 0.0)	(1.0, 0.0)	(2.0, 0.0)	(3.0, 0.0)	(4.0, 0.0)	(5.0, 0.0)	(6.0, 0.0)	(7.0, 0.0)	(8.0, 0.0)	(9.0, 0.0)	(10.0, 0.0)	(11.0, 0.0)	(12.0, 0.0)	(13.0, 0.0)	(14.0, 0.0)	(15.0, 0.0)	(16.0, 0.0)	(17.0, 0.0)	(18.0, 0.0)	(19.0, 0.0)	(20.0, 0.0)	(21.0, 0.0)	(22.0, 0.0)	(23.0, 0.0)	(24.0, 0.0)	(25.0, 0.0)	(26.0, 0.0)	(27.0, 0.0)	(28.0, 0.0)	(29.0, 0.0)	(30.0, 0.0)	(31.0, 0.3333333333333333)	(32.0, 0.3333333333333333)	(33.0, 0.0)	(34.0, 0.0)	(35.0, 0.0)	(36.0, 0.0)	(37.0, 0.0)	(38.0, 0.0)	(39.0, 0.0)	(40.0, 0.5)	(41.0, 2.5)	(42.0, 6.999999999999999)	(43.0, 24.333333333333336)	(44.0, 99.16666666666666)	(45.0, 247.00000000000114)	(46.0, 665.2500000000044)	(47.0, 10547.833333334607)	(48.0, 17124.833333342525)	(49.0, 3369.1666666670685)	(50.0, 1376.8333333333044)	(51.0, 3497.3333333337905)	(52.0, 6777.833333331666)	(53.0, 5246.333333333047)	(54.0, 1903.9166666665187)	(55.0, 629.7500000000013)	(56.0, 111.24999999999966)	(57.0, 42.916666666666664)	(58.0, 25.999999999999986)	(59.0, 35.83333333333331)	(60.0, 7.666666666666663)	(61.0, 11.833333333333337)	(62.0, 101.99999999999964)	(63.0, 14.833333333333341)	(64.0, 3.3333333333333335)	(65.0, 1.6666666666666665)	(66.0, 1.8333333333333333)	(67.0, 1.0)	(68.0, 1.0)	(69.0, 0.5)	(70.0, 0.0)	(71.0, 0.0)	(72.0, 0.0)	(73.0, 0.0)	(74.0, 0.0)	(75.0, 0.0)	(76.0, 0.0)	(77.0, 0.0)	(78.0, 0.0)	(79.0, 0.0)	(80.0, 0.0)	(81.0, 0.0)	(82.0, 0.0)	(83.0, 0.0)	(84.0, 0.0)	(85.0, 0.0)	(86.0, 0.0)	(87.0, 0.0)	(88.0, 0.0)	(89.0, 0.0)	(90.0, 0.0)	(91.0, 0.0)	(92.0, 0.0)	(93.0, 0.0)	(94.0, 0.0)	(95.0, 0.0)	(96.0, 0.0)	(97.0, 0.0)	(98.0, 0.0)	(99.0, 0.0)	(100.0, 0.0)
1121R_RL_M_NS1_diabetes_S23_L001_R2_001	(0.0, 0.0)	(1.0, 0.0)	(2.0, 0.0)	(3.0, 0.0)	(4.0, 0.0)	(5.0, 0.0)	(6.0, 0.0)	(7.0, 0.0)	(8.0, 0.0)	(9.0, 0.0)	(10.0, 0.0)	(11.0, 0.0)	(12.0, 0.0)	(13.0, 0.0)	(14.0, 0.0)	(15.0, 0.0)	(16.0, 0.0)	(17.0, 0.0)	(18.0, 0.0)	(19.0, 0.0)	(20.0, 0.0)	(21.0, 0.0)	(22.0, 0.0)	(23.0, 0.0)	(24.0, 0.0)	(25.0, 0.0)	(26.0, 0.0)	(27.0, 0.0)	(28.0, 0.0)	(29.0, 0.0)	(30.0, 0.0)	(31.0, 0.0)	(32.0, 0.0)	(33.0, 0.5)	(34.0, 0.5)	(35.0, 0.75)	(36.0, 0.8333333333333333)	(37.0, 0.3333333333333333)	(38.0, 2.583333333333333)	(39.0, 5.0)	(40.0, 9.500000000000002)	(41.0, 13.166666666666668)	(42.0, 19.0)	(43.0, 32.66666666666666)	(44.0, 65.50000000000006)	(45.0, 451.49999999999255)	(46.0, 6252.16666666546)	(47.0, 5573.749999999413)	(48.0, 6739.2499999983775)	(49.0, 9154.999999998754)	(50.0, 1103.3333333333599)	(51.0, 3107.583333333619)	(52.0, 3745.583333333904)	(53.0, 4176.666666667322)	(54.0, 4208.583333333952)	(55.0, 610.9166666666647)	(56.0, 3575.5833333338005)	(57.0, 3328.666666667034)	(58.0, 361.0833333333314)	(59.0, 138.41666666666643)	(60.0, 134.41666666666637)	(61.0, 126.74999999999972)	(62.0, 67.00000000000003)	(63.0, 53.500000000000014)	(64.0, 56.833333333333385)	(65.0, 24.16666666666666)	(66.0, 13.000000000000002)	(67.0, 25.833333333333332)	(68.0, 24.5)	(69.0, 11.5)	(70.0, 7.833333333333333)	(71.0, 18.999999999999996)	(72.0, 90.99999999999979)	(73.0, 18.166666666666668)	(74.0, 1.6666666666666665)	(75.0, 0.5)	(76.0, 0.3333333333333333)	(77.0, 0.25)	(78.0, 0.0)	(79.0, 0.0)	(80.0, 0.3333333333333333)	(81.0, 0.3333333333333333)	(82.0, 0.0)	(83.0, 0.3333333333333333)	(84.0, 0.3333333333333333)	(85.0, 0.0)	(86.0, 0.0)	(87.0, 0.3333333333333333)	(88.0, 0.3333333333333333)	(89.0, 0.0)	(90.0, 0.0)	(91.0, 0.3333333333333333)	(92.0, 0.3333333333333333)	(93.0, 0.3333333333333333)	(94.0, 0.0)	(95.0, 0.0)	(96.0, 0.8333333333333333)	(97.0, 0.5)	(98.0, 0.0)	(99.0, 0.0)	(100.0, 0.0)
1121R_RL_M_NS1_week5_S48_L001_R1_001	(0.0, 0.0)	(1.0, 0.0)	(2.0, 0.0)	(3.0, 0.0)	(4.0, 0.0)	(5.0, 0.0)	(6.0, 0.0)	(7.0, 0.0)	(8.0, 0.0)	(9.0, 0.0)	(10.0, 0.0)	(11.0, 0.0)	(12.0, 0.0)	(13.0, 0.0)	(14.0, 0.0)	(15.0, 0.0)	(16.0, 0.0)	(17.0, 0.0)	(18.0, 0.0)	(19.0, 0.0)	(20.0, 0.0)	(21.0, 0.0)	(22.0, 0.0)	(23.0, 0.0)	(24.0, 0.0)	(25.0, 0.0)	(26.0, 0.0)	(27.0, 0.0)	(28.0, 0.0)	(29.0, 0.0)	(30.0, 0.5)	(31.0, 0.5)	(32.0, 0.0)	(33.0, 0.0)	(34.0, 0.0)	(35.0, 0.0)	(36.0, 0.0)	(37.0, 1.0)	(38.0, 1.3333333333333333)	(39.0, 1.6666666666666665)	(40.0, 1.3333333333333333)	(41.0, 2.1666666666666665)	(42.0, 7.0)	(43.0, 18.0)	(44.0, 64.66666666666667)	(45.0, 101.33333333333324)	(46.0, 246.41666666666868)	(47.0, 5251.916666666371)	(48.0, 13022.250000005764)	(49.0, 1722.4999999998931)	(50.0, 1729.4166666665587)	(51.0, 8663.833333331218)	(52.0, 9396.499999999216)	(53.0, 3015.750000000243)	(54.0, 1611.8333333332498)	(55.0, 491.4166666666573)	(56.0, 106.91666666666639)	(57.0, 45.91666666666669)	(58.0, 30.249999999999982)	(59.0, 23.083333333333325)	(60.0, 6.166666666666665)	(61.0, 4.833333333333333)	(62.0, 29.3333333333333)	(63.0, 4.333333333333334)	(64.0, 1.3333333333333333)	(65.0, 1.3333333333333333)	(66.0, 0.0)	(67.0, 0.0)	(68.0, 0.0)	(69.0, 0.0)	(70.0, 0.0)	(71.0, 0.0)	(72.0, 0.0)	(73.0, 0.0)	(74.0, 0.0)	(75.0, 0.0)	(76.0, 0.0)	(77.0, 0.0)	(78.0, 0.0)	(79.0, 0.0)	(80.0, 0.0)	(81.0, 0.0)	(82.0, 0.0)	(83.0, 0.0)	(84.0, 0.0)	(85.0, 0.0)	(86.0, 0.0)	(87.0, 0.0)	(88.0, 0.0)	(89.0, 0.0)	(90.0, 0.0)	(91.0, 0.0)	(92.0, 0.0)	(93.0, 0.0)	(94.0, 0.0)	(95.0, 0.0)	(96.0, 0.0)	(97.0, 0.0)	(98.0, 0.0)	(99.0, 0.0)	(100.0, 0.0)
1121R_RL_M_NS1_week5_S48_L001_R2_001	(0.0, 0.0)	(1.0, 0.0)	(2.0, 0.0)	(3.0, 0.0)	(4.0, 0.0)	(5.0, 0.0)	(6.0, 0.0)	(7.0, 0.0)	(8.0, 0.0)	(9.0, 0.0)	(10.0, 0.0)	(11.0, 0.0)	(12.0, 0.0)	(13.0, 0.0)	(14.0, 0.0)	(15.0, 0.0)	(16.0, 0.0)	(17.0, 0.0)	(18.0, 0.0)	(19.0, 0.0)	(20.0, 0.0)	(21.0, 0.0)	(22.0, 0.0)	(23.0, 0.0)	(24.0, 0.0)	(25.0, 0.0)	(26.0, 0.0)	(27.0, 0.0)	(28.0, 0.0)	(29.0, 0.0)	(30.0, 0.5)	(31.0, 0.5)	(32.0, 0.5)	(33.0, 1.0)	(34.0, 1.0)	(35.0, 2.0)	(36.0, 2.5)	(37.0, 2.5)	(38.0, 6.5)	(39.0, 8.0)	(40.0, 5.5)	(41.0, 8.083333333333332)	(42.0, 15.166666666666668)	(43.0, 24.83333333333333)	(44.0, 40.33333333333333)	(45.0, 234.08333333333536)	(46.0, 3093.6666666669516)	(47.0, 2753.5000000001305)	(48.0, 4520.833333333692)	(49.0, 8810.999999998141)	(50.0, 951.2500000000324)	(51.0, 1187.916666666678)	(52.0, 1361.4166666666415)	(53.0, 2005.0833333331666)	(54.0, 3059.750000000263)	(55.0, 838.0000000000194)	(56.0, 7902.083333330755)	(57.0, 7712.249999997604)	(58.0, 718.4166666666747)	(59.0, 242.000000000001)	(60.0, 205.16666666666717)	(61.0, 169.7500000000001)	(62.0, 66.33333333333334)	(63.0, 42.666666666666664)	(64.0, 39.33333333333333)	(65.0, 27.166666666666657)	(66.0, 21.416666666666664)	(67.0, 18.333333333333336)	(68.0, 13.833333333333334)	(69.0, 8.833333333333332)	(70.0, 6.333333333333333)	(71.0, 5.5)	(72.0, 24.16666666666666)	(73.0, 9.999999999999998)	(74.0, 3.1666666666666665)	(75.0, 1.8333333333333333)	(76.0, 0.5)	(77.0, 0.3333333333333333)	(78.0, 0.5)	(79.0, 0.5)	(80.0, 0.0)	(81.0, 0.0)	(82.0, 0.0)	(83.0, 0.5)	(84.0, 0.5)	(85.0, 0.0)	(86.0, 0.0)	(87.0, 0.3333333333333333)	(88.0, 0.3333333333333333)	(89.0, 0.0)	(90.0, 0.0)	(91.0, 0.0)	(92.0, 0.3333333333333333)	(93.0, 0.3333333333333333)	(94.0, 0.0)	(95.0, 0.0)	(96.0, 0.0)	(97.0, 0.0)	(98.0, 0.0)	(99.0, 0.0)	(100.0, 0.0)
1121R_RL_M_NS1_week9_S69_L001_R1_001	(0.0, 0.0)	(1.0, 0.0)	(2.0, 0.0)	(3.0, 0.0)	(4.0, 0.0)	(5.0, 0.0)	(6.0, 0.0)	(7.0, 0.0)	(8.0, 0.0)	(9.0, 0.0)	(10.0, 0.0)	(11.0, 0.0)	(12.0, 0.0)	(13.0, 0.0)	(14.0, 0.0)	(15.0, 0.0)	(16.0, 0.0)	(17.0, 0.0)	(18.0, 0.0)	(19.0, 0.0)	(20.0, 0.0)	(21.0, 0.0)	(22.0, 0.0)	(23.0, 0.0)	(24.0, 0.0)	(25.0, 0.0)	(26.0, 0.0)	(27.0, 0.0)	(28.0, 0.0)	(29.0, 0.0)	(30.0, 0.0)	(31.0, 0.0)	(32.0, 0.0)	(33.0, 0.0)	(34.0, 0.0)	(35.0, 0.0)	(36.0, 0.0)	(37.0, 0.0)	(38.0, 0.0)	(39.0, 0.0)	(40.0, 1.1666666666666665)	(41.0, 1.25)	(42.0, 6.666666666666666)	(43.0, 25.499999999999996)	(44.0, 76.08333333333334)	(45.0, 221.2500000000009)	(46.0, 617.8333333333323)	(47.0, 8764.166666664722)	(48.0, 14630.000000008678)	(49.0, 2415.416666666645)	(50.0, 1109.2500000000264)	(51.0, 8590.499999997763)	(52.0, 10234.33333333405)	(53.0, 2640.2500000000787)	(54.0, 1225.4166666666672)	(55.0, 535.1666666666584)	(56.0, 103.16666666666642)	(57.0, 47.16666666666671)	(58.0, 28.83333333333331)	(59.0, 31.16666666666664)	(60.0, 13.500000000000002)	(61.0, 12.500000000000002)	(62.0, 107.49999999999957)	(63.0, 23.66666666666665)	(64.0, 5.166666666666666)	(65.0, 0.3333333333333333)	(66.0, 0.5)	(67.0, 0.5)	(68.0, 0.0)	(69.0, 0.0)	(70.0, 0.0)	(71.0, 0.0)	(72.0, 0.0)	(73.0, 0.0)	(74.0, 0.0)	(75.0, 0.0)	(76.0, 0.0)	(77.0, 0.0)	(78.0, 0.0)	(79.0, 0.0)	(80.0, 0.0)	(81.0, 0.0)	(82.0, 0.0)	(83.0, 0.0)	(84.0, 0.0)	(85.0, 0.0)	(86.0, 0.0)	(87.0, 0.0)	(88.0, 0.0)	(89.0, 0.0)	(90.0, 0.0)	(91.0, 0.0)	(92.0, 0.0)	(93.0, 0.0)	(94.0, 0.0)	(95.0, 0.0)	(96.0, 0.0)	(97.0, 0.0)	(98.0, 0.0)	(99.0, 0.0)	(100.0, 0.0)
1121R_RL_M_NS1_week9_S69_L001_R2_001	(0.0, 0.0)	(1.0, 0.0)	(2.0, 0.0)	(3.0, 0.0)	(4.0, 0.0)	(5.0, 0.0)	(6.0, 0.0)	(7.0, 0.0)	(8.0, 0.0)	(9.0, 0.0)	(10.0, 0.0)	(11.0, 0.0)	(12.0, 0.0)	(13.0, 0.0)	(14.0, 0.0)	(15.0, 0.0)	(16.0, 0.0)	(17.0, 0.0)	(18.0, 0.0)	(19.0, 0.0)	(20.0, 0.0)	(21.0, 0.0)	(22.0, 0.0)	(23.0, 0.0)	(24.0, 0.0)	(25.0, 0.0)	(26.0, 0.0)	(27.0, 0.0)	(28.0, 0.0)	(29.0, 0.0)	(30.0, 0.0)	(31.0, 0.0)	(32.0, 0.5)	(33.0, 0.5)	(34.0, 0.0)	(35.0, 0.0)	(36.0, 0.5)	(37.0, 2.25)	(38.0, 5.25)	(39.0, 7.583333333333333)	(40.0, 8.416666666666664)	(41.0, 5.333333333333334)	(42.0, 10.333333333333334)	(43.0, 25.33333333333333)	(44.0, 47.83333333333336)	(45.0, 408.3333333333282)	(46.0, 5524.333333332785)	(47.0, 4703.166666666859)	(48.0, 5523.83333333279)	(49.0, 8067.7499999972)	(50.0, 951.0000000000318)	(51.0, 1487.9166666666147)	(52.0, 1697.2499999999031)	(53.0, 2587.4166666667147)	(54.0, 2762.500000000124)	(55.0, 601.3333333333305)	(56.0, 7771.666666664207)	(57.0, 8200.416666663852)	(58.0, 688.9166666666711)	(59.0, 212.66666666666737)	(60.0, 163.75)	(61.0, 130.83333333333306)	(62.0, 72.25)	(63.0, 50.666666666666664)	(64.0, 41.499999999999986)	(65.0, 24.333333333333336)	(66.0, 20.5)	(67.0, 29.5)	(68.0, 26.333333333333332)	(69.0, 12.333333333333332)	(70.0, 12.416666666666668)	(71.0, 23.583333333333325)	(72.0, 99.49999999999973)	(73.0, 30.166666666666643)	(74.0, 5.0)	(75.0, 1.5)	(76.0, 1.0)	(77.0, 1.8333333333333333)	(78.0, 1.3333333333333333)	(79.0, 0.0)	(80.0, 0.3333333333333333)	(81.0, 0.5)	(82.0, 0.5)	(83.0, 0.0)	(84.0, 0.0)	(85.0, 0.0)	(86.0, 0.0)	(87.0, 0.3333333333333333)	(88.0, 0.3333333333333333)	(89.0, 0.0)	(90.0, 0.0)	(91.0, 0.0)	(92.0, 0.0)	(93.0, 0.0)	(94.0, 0.0)	(95.0, 0.0)	(96.0, 0.0)	(97.0, 0.0)	(98.0, 0.0)	(99.0, 0.0)	(100.0, 0.5)
1121R_RR_M_NS1_week5_S49_L001_R1_001	(0.0, 0.0)	(1.0, 0.0)	(2.0, 0.0)	(3.0, 0.0)	(4.0, 0.0)	(5.0, 0.0)	(6.0, 0.0)	(7.0, 0.0)	(8.0, 0.0)	(9.0, 0.0)	(10.0, 0.0)	(11.0, 0.0)	(12.0, 0.0)	(13.0, 0.0)	(14.0, 0.0)	(15.0, 0.0)	(16.0, 0.0)	(17.0, 0.0)	(18.0, 0.0)	(19.0, 0.0)	(20.0, 0.0)	(21.0, 0.0)	(22.0, 0.0)	(23.0, 0.0)	(24.0, 0.0)	(25.0, 0.0)	(26.0, 0.0)	(27.0, 0.0)	(28.0, 0.0)	(29.0, 0.0)	(30.0, 0.0)	(31.0, 0.0)	(32.0, 0.0)	(33.0, 0.0)	(34.0, 0.0)	(35.0, 0.0)	(36.0, 0.0)	(37.0, 0.0)	(38.0, 0.0)	(39.0, 0.0)	(40.0, 0.6666666666666666)	(41.0, 0.3333333333333333)	(42.0, 5.0)	(43.0, 17.0)	(44.0, 54.83333333333335)	(45.0, 99.99999999999987)	(46.0, 233.33333333333513)	(47.0, 3364.2500000004075)	(48.0, 9573.833333332861)	(49.0, 1336.9166666666447)	(50.0, 1115.583333333358)	(51.0, 5866.666666665818)	(52.0, 6352.1666666653855)	(53.0, 2025.916666666494)	(54.0, 1297.7499999999861)	(55.0, 393.6666666666622)	(56.0, 84.74999999999994)	(57.0, 31.416666666666647)	(58.0, 15.500000000000004)	(59.0, 12.833333333333336)	(60.0, 4.333333333333333)	(61.0, 5.833333333333333)	(62.0, 21.166666666666664)	(63.0, 4.5)	(64.0, 1.0)	(65.0, 1.1666666666666665)	(66.0, 0.8333333333333333)	(67.0, 0.0)	(68.0, 0.0)	(69.0, 0.0)	(70.0, 0.0)	(71.0, 0.0)	(72.0, 0.0)	(73.0, 0.0)	(74.0, 0.0)	(75.0, 0.0)	(76.0, 0.0)	(77.0, 0.0)	(78.0, 0.0)	(79.0, 0.0)	(80.0, 0.0)	(81.0, 0.0)	(82.0, 0.0)	(83.0, 0.0)	(84.0, 0.0)	(85.0, 0.0)	(86.0, 0.0)	(87.0, 0.0)	(88.0, 0.0)	(89.0, 0.0)	(90.0, 0.0)	(91.0, 0.0)	(92.0, 0.0)	(93.0, 0.0)	(94.0, 0.0)	(95.0, 0.0)	(96.0, 0.0)	(97.0, 0.0)	(98.0, 0.0)	(99.0, 0.0)	(100.0, 0.0)
1121R_RR_M_NS1_week5_S49_L001_R2_001	(0.0, 0.0)	(1.0, 0.0)	(2.0, 0.0)	(3.0, 0.0)	(4.0, 0.0)	(5.0, 0.0)	(6.0, 0.0)	(7.0, 0.0)	(8.0, 0.0)	(9.0, 0.0)	(10.0, 0.0)	(11.0, 0.0)	(12.0, 0.0)	(13.0, 0.0)	(14.0, 0.0)	(15.0, 0.0)	(16.0, 0.0)	(17.0, 0.0)	(18.0, 0.0)	(19.0, 0.0)	(20.0, 0.0)	(21.0, 0.0)	(22.0, 0.0)	(23.0, 0.0)	(24.0, 0.0)	(25.0, 0.0)	(26.0, 0.0)	(27.0, 0.0)	(28.0, 0.0)	(29.0, 0.0)	(30.0, 0.0)	(31.0, 0.5)	(32.0, 0.5)	(33.0, 0.5)	(34.0, 2.0)	(35.0, 2.5)	(36.0, 3.8333333333333335)	(37.0, 5.333333333333334)	(38.0, 3.5)	(39.0, 4.5)	(40.0, 6.0)	(41.0, 9.166666666666666)	(42.0, 15.583333333333334)	(43.0, 24.58333333333333)	(44.0, 40.83333333333334)	(45.0, 202.00000000000105)	(46.0, 2063.833333333156)	(47.0, 1576.3333333332564)	(48.0, 3267.000000000357)	(49.0, 6883.749999998249)	(50.0, 794.4166666666832)	(51.0, 835.6666666666888)	(52.0, 898.0833333333628)	(53.0, 1435.5833333332914)	(54.0, 2086.166666666505)	(55.0, 571.8333333333277)	(56.0, 5404.499999999606)	(57.0, 5252.833333333072)	(58.0, 535.4999999999928)	(59.0, 174.41666666666688)	(60.0, 146.99999999999977)	(61.0, 122.49999999999964)	(62.0, 48.75000000000001)	(63.0, 37.333333333333336)	(64.0, 26.499999999999993)	(65.0, 15.250000000000002)	(66.0, 14.5)	(67.0, 18.499999999999996)	(68.0, 11.833333333333334)	(69.0, 3.5)	(70.0, 6.0)	(71.0, 6.499999999999999)	(72.0, 18.08333333333334)	(73.0, 6.333333333333333)	(74.0, 3.0)	(75.0, 2.5)	(76.0, 2.5)	(77.0, 1.0)	(78.0, 1.0)	(79.0, 1.0)	(80.0, 0.5)	(81.0, 0.3333333333333333)	(82.0, 0.3333333333333333)	(83.0, 0.0)	(84.0, 0.3333333333333333)	(85.0, 0.5)	(86.0, 0.8333333333333333)	(87.0, 0.3333333333333333)	(88.0, 0.3333333333333333)	(89.0, 0.0)	(90.0, 0.25)	(91.0, 0.0)	(92.0, 0.0)	(93.0, 0.0)	(94.0, 0.0)	(95.0, 0.0)	(96.0, 0.0)	(97.0, 0.3333333333333333)	(98.0, 0.0)	(99.0, 0.0)	(100.0, 0.0)
1121R_RR_M_NS1_week9_S70_L001_R1_001	(0.0, 0.0)	(1.0, 0.0)	(2.0, 0.0)	(3.0, 0.0)	(4.0, 0.0)	(5.0, 0.0)	(6.0, 0.0)	(7.0, 0.0)	(8.0, 0.0)	(9.0, 0.0)	(10.0, 0.0)	(11.0, 0.0)	(12.0, 0.0)	(13.0, 0.0)	(14.0, 0.0)	(15.0, 0.0)	(16.0, 0.0)	(17.0, 0.0)	(18.0, 0.0)	(19.0, 0.0)	(20.0, 0.0)	(21.0, 0.0)	(22.0, 0.0)	(23.0, 0.0)	(24.0, 0.0)	(25.0, 0.25)	(26.0, 0.0)	(27.0, 0.0)	(28.0, 0.0)	(29.0, 0.25)	(30.0, 0.0)	(31.0, 0.0)	(32.0, 0.0)	(33.0, 0.0)	(34.0, 0.0)	(35.0, 0.0)	(36.0, 0.3333333333333333)	(37.0, 0.3333333333333333)	(38.0, 0.0)	(39.0, 0.0)	(40.0, 0.5)	(41.0, 3.1666666666666665)	(42.0, 8.666666666666666)	(43.0, 24.916666666666664)	(44.0, 73.08333333333334)	(45.0, 115.99999999999982)	(46.0, 335.24999999999886)	(47.0, 7984.249999997235)	(48.0, 12967.750000005673)	(49.0, 2357.6666666666215)	(50.0, 1136.9166666666886)	(51.0, 8218.583333330433)	(52.0, 10211.333333334007)	(53.0, 3269.083333333687)	(54.0, 1477.1666666666147)	(55.0, 634.5833333333354)	(56.0, 103.16666666666639)	(57.0, 39.416666666666664)	(58.0, 28.66666666666664)	(59.0, 33.3333333333333)	(60.0, 7.999999999999999)	(61.0, 12.66666666666667)	(62.0, 129.16666666666595)	(63.0, 28.999999999999964)	(64.0, 10.166666666666666)	(65.0, 3.5)	(66.0, 1.3333333333333333)	(67.0, 1.6666666666666665)	(68.0, 0.5)	(69.0, 0.0)	(70.0, 0.0)	(71.0, 0.0)	(72.0, 0.0)	(73.0, 0.0)	(74.0, 0.0)	(75.0, 0.0)	(76.0, 0.0)	(77.0, 0.0)	(78.0, 0.0)	(79.0, 0.0)	(80.0, 0.0)	(81.0, 0.0)	(82.0, 0.0)	(83.0, 0.0)	(84.0, 0.0)	(85.0, 0.0)	(86.0, 0.0)	(87.0, 0.0)	(88.0, 0.0)	(89.0, 0.0)	(90.0, 0.0)	(91.0, 0.0)	(92.0, 0.0)	(93.0, 0.0)	(94.0, 0.0)	(95.0, 0.0)	(96.0, 0.0)	(97.0, 0.0)	(98.0, 0.0)	(99.0, 0.0)	(100.0, 0.0)
1121R_RR_M_NS1_week9_S70_L001_R2_001	(0.0, 0.0)	(1.0, 0.0)	(2.0, 0.0)	(3.0, 0.0)	(4.0, 0.0)	(5.0, 0.0)	(6.0, 0.0)	(7.0, 0.0)	(8.0, 0.0)	(9.0, 0.0)	(10.0, 0.0)	(11.0, 0.0)	(12.0, 0.0)	(13.0, 0.0)	(14.0, 0.0)	(15.0, 0.0)	(16.0, 0.0)	(17.0, 0.0)	(18.0, 0.0)	(19.0, 0.0)	(20.0, 0.0)	(21.0, 0.0)	(22.0, 0.0)	(23.0, 0.0)	(24.0, 0.0)	(25.0, 0.0)	(26.0, 0.0)	(27.0, 0.0)	(28.0, 0.0)	(29.0, 0.5)	(30.0, 0.5)	(31.0, 0.0)	(32.0, 0.0)	(33.0, 0.0)	(34.0, 1.0)	(35.0, 1.5)	(36.0, 0.5)	(37.0, 1.5)	(38.0, 3.5)	(39.0, 4.25)	(40.0, 7.5)	(41.0, 11.083333333333334)	(42.0, 12.75)	(43.0, 25.333333333333325)	(44.0, 51.16666666666669)	(45.0, 368.1666666666636)	(46.0, 4996.499999999928)	(47.0, 4531.916666667015)	(48.0, 5105.499999999837)	(49.0, 6370.333333332037)	(50.0, 838.0833333333541)	(51.0, 1996.5833333331707)	(52.0, 2376.6666666666265)	(53.0, 2713.333333333438)	(54.0, 2848.5000000001623)	(55.0, 644.1666666666674)	(56.0, 7363.416666664564)	(57.0, 7816.583333330833)	(58.0, 714.7500000000077)	(59.0, 205.91666666666723)	(60.0, 162.91666666666666)	(61.0, 136.49999999999974)	(62.0, 72.16666666666667)	(63.0, 63.58333333333334)	(64.0, 62.50000000000005)	(65.0, 27.83333333333333)	(66.0, 15.0)	(67.0, 38.24999999999999)	(68.0, 36.83333333333333)	(69.0, 14.416666666666668)	(70.0, 13.0)	(71.0, 26.666666666666647)	(72.0, 110.83333333333286)	(73.0, 29.999999999999968)	(74.0, 4.166666666666666)	(75.0, 1.5)	(76.0, 1.25)	(77.0, 1.5833333333333333)	(78.0, 0.8333333333333333)	(79.0, 0.0)	(80.0, 0.3333333333333333)	(81.0, 0.0)	(82.0, 0.0)	(83.0, 0.3333333333333333)	(84.0, 0.3333333333333333)	(85.0, 0.0)	(86.0, 0.0)	(87.0, 0.0)	(88.0, 0.0)	(89.0, 0.0)	(90.0, 0.0)	(91.0, 0.0)	(92.0, 0.0)	(93.0, 0.5833333333333333)	(94.0, 0.3333333333333333)	(95.0, 0.0)	(96.0, 0.5)	(97.0, 0.5)	(98.0, 0.0)	(99.0, 0.0)	(100.0, 0.5)
1121R_R_M_NS1_week5_S47_L001_R1_001	(0.0, 0.0)	(1.0, 0.0)	(2.0, 0.0)	(3.0, 0.0)	(4.0, 0.0)	(5.0, 0.0)	(6.0, 0.0)	(7.0, 0.0)	(8.0, 0.0)	(9.0, 0.0)	(10.0, 0.0)	(11.0, 0.0)	(12.0, 0.0)	(13.0, 0.0)	(14.0, 0.0)	(15.0, 0.0)	(16.0, 0.0)	(17.0, 0.0)	(18.0, 0.0)	(19.0, 0.0)	(20.0, 0.0)	(21.0, 0.0)	(22.0, 0.0)	(23.0, 0.0)	(24.0, 0.0)	(25.0, 0.0)	(26.0, 0.0)	(27.0, 0.0)	(28.0, 0.0)	(29.0, 0.0)	(30.0, 0.0)	(31.0, 0.0)	(32.0, 0.0)	(33.0, 0.0)	(34.0, 0.0)	(35.0, 0.0)	(36.0, 0.0)	(37.0, 0.0)	(38.0, 0.0)	(39.0, 0.0)	(40.0, 0.0)	(41.0, 0.5)	(42.0, 4.666666666666667)	(43.0, 15.500000000000002)	(44.0, 56.66666666666667)	(45.0, 103.83333333333321)	(46.0, 239.0000000000018)	(47.0, 3888.333333333975)	(48.0, 10722.50000000161)	(49.0, 1498.5833333332753)	(50.0, 1347.7499999999748)	(51.0, 6367.249999998699)	(52.0, 7043.333333331428)	(53.0, 2627.5833333334035)	(54.0, 1430.4999999999566)	(55.0, 422.3333333333274)	(56.0, 90.58333333333321)	(57.0, 37.16666666666666)	(58.0, 15.250000000000005)	(59.0, 13.666666666666671)	(60.0, 5.5)	(61.0, 3.5)	(62.0, 28.3333333333333)	(63.0, 7.33333333333333)	(64.0, 3.666666666666667)	(65.0, 1.5)	(66.0, 0.5)	(67.0, 0.25)	(68.0, 0.0)	(69.0, 0.0)	(70.0, 0.0)	(71.0, 0.0)	(72.0, 0.0)	(73.0, 0.0)	(74.0, 0.0)	(75.0, 0.0)	(76.0, 0.0)	(77.0, 0.0)	(78.0, 0.0)	(79.0, 0.0)	(80.0, 0.0)	(81.0, 0.0)	(82.0, 0.0)	(83.0, 0.0)	(84.0, 0.0)	(85.0, 0.0)	(86.0, 0.0)	(87.0, 0.0)	(88.0, 0.0)	(89.0, 0.0)	(90.0, 0.0)	(91.0, 0.0)	(92.0, 0.3333333333333333)	(93.0, 0.0)	(94.0, 0.0)	(95.0, 0.0)	(96.0, 0.0)	(97.0, 0.0)	(98.0, 0.0)	(99.0, 0.0)	(100.0, 0.0)
1121R_R_M_NS1_week5_S47_L001_R2_001	(0.0, 0.0)	(1.0, 0.0)	(2.0, 0.0)	(3.0, 0.0)	(4.0, 0.0)	(5.0, 0.0)	(6.0, 0.0)	(7.0, 0.0)	(8.0, 0.0)	(9.0, 0.0)	(10.0, 0.0)	(11.0, 0.0)	(12.0, 0.0)	(13.0, 0.0)	(14.0, 0.0)	(15.0, 0.0)	(16.0, 0.0)	(17.0, 0.0)	(18.0, 0.0)	(19.0, 0.0)	(20.0, 0.0)	(21.0, 0.0)	(22.0, 0.0)	(23.0, 0.0)	(24.0, 0.0)	(25.0, 0.0)	(26.0, 0.0)	(27.0, 0.0)	(28.0, 0.0)	(29.0, 0.0)	(30.0, 0.0)	(31.0, 0.0)	(32.0, 0.0)	(33.0, 0.0)	(34.0, 0.0)	(35.0, 0.5)	(36.0, 0.5)	(37.0, 0.5)	(38.0, 4.333333333333334)	(39.0, 7.0)	(40.0, 7.0)	(41.0, 11.333333333333334)	(42.0, 16.166666666666668)	(43.0, 18.833333333333332)	(44.0, 37.16666666666667)	(45.0, 208.16666666666805)	(46.0, 2458.500000000002)	(47.0, 1849.8333333331948)	(48.0, 3604.583333333842)	(49.0, 7472.333333331043)	(50.0, 767.6666666666817)	(51.0, 1053.08333333337)	(52.0, 1216.5833333333385)	(53.0, 1661.6666666665753)	(54.0, 2433.3333333333157)	(55.0, 654.7500000000028)	(56.0, 5964.0833333324335)	(57.0, 5679.083333332688)	(58.0, 488.91666666665975)	(59.0, 182.4166666666669)	(60.0, 162.4166666666667)	(61.0, 146.91666666666643)	(62.0, 66.1666666666667)	(63.0, 44.83333333333334)	(64.0, 32.24999999999999)	(65.0, 16.749999999999996)	(66.0, 7.666666666666666)	(67.0, 11.833333333333332)	(68.0, 10.5)	(69.0, 5.0)	(70.0, 6.666666666666666)	(71.0, 7.833333333333332)	(72.0, 30.3333333333333)	(73.0, 10.666666666666666)	(74.0, 1.0)	(75.0, 0.0)	(76.0, 0.8333333333333333)	(77.0, 0.8333333333333333)	(78.0, 0.0)	(79.0, 0.0)	(80.0, 0.0)	(81.0, 0.0)	(82.0, 0.0)	(83.0, 0.0)	(84.0, 0.0)	(85.0, 0.0)	(86.0, 0.0)	(87.0, 0.0)	(88.0, 0.0)	(89.0, 0.0)	(90.0, 0.0)	(91.0, 0.0)	(92.0, 0.0)	(93.0, 0.0)	(94.0, 0.0)	(95.0, 0.0)	(96.0, 0.0)	(97.0, 0.5)	(98.0, 0.5)	(99.0, 0.0)	(100.0, 0.0)
1121R_R_M_NS1_week9_S68_L001_R1_001	(0.0, 0.0)	(1.0, 0.0)	(2.0, 0.0)	(3.0, 0.0)	(4.0, 0.0)	(5.0, 0.0)	(6.0, 0.0)	(7.0, 0.0)	(8.0, 0.0)	(9.0, 0.0)	(10.0, 0.0)	(11.0, 0.0)	(12.0, 0.0)	(13.0, 0.0)	(14.0, 0.0)	(15.0, 0.0)	(16.0, 0.0)	(17.0, 0.0)	(18.0, 0.0)	(19.0, 0.0)	(20.0, 0.0)	(21.0, 0.0)	(22.0, 0.0)	(23.0, 0.0)	(24.0, 0.0)	(25.0, 0.0)	(26.0, 0.0)	(27.0, 0.0)	(28.0, 0.0)	(29.0, 0.0)	(30.0, 0.0)	(31.0, 0.0)	(32.0, 0.0)	(33.0, 0.0)	(34.0, 0.0)	(35.0, 1.9999999999999998)	(36.0, 1.0)	(37.0, 0.0)	(38.0, 0.0)	(39.0, 0.5)	(40.0, 0.5)	(41.0, 3.6666666666666665)	(42.0, 10.25)	(43.0, 21.75)	(44.0, 73.16666666666669)	(45.0, 136.99999999999986)	(46.0, 412.41666666666185)	(47.0, 7496.833333331003)	(48.0, 12891.416666672189)	(49.0, 1994.833333333167)	(50.0, 893.9166666666955)	(51.0, 5785.91666666589)	(52.0, 7929.999999997299)	(53.0, 2930.916666666872)	(54.0, 879.5833333333621)	(55.0, 497.4999999999897)	(56.0, 78.16666666666661)	(57.0, 29.333333333333314)	(58.0, 16.500000000000004)	(59.0, 22.166666666666657)	(60.0, 9.333333333333334)	(61.0, 13.166666666666671)	(62.0, 91.66666666666646)	(63.0, 17.83333333333334)	(64.0, 6.333333333333331)	(65.0, 2.1666666666666665)	(66.0, 0.8333333333333333)	(67.0, 0.3333333333333333)	(68.0, 0.0)	(69.0, 0.0)	(70.0, 0.0)	(71.0, 0.0)	(72.0, 0.0)	(73.0, 0.0)	(74.0, 0.0)	(75.0, 0.0)	(76.0, 0.0)	(77.0, 0.0)	(78.0, 0.0)	(79.0, 0.0)	(80.0, 0.0)	(81.0, 0.0)	(82.0, 0.0)	(83.0, 0.0)	(84.0, 0.0)	(85.0, 0.0)	(86.0, 0.0)	(87.0, 0.0)	(88.0, 0.0)	(89.0, 0.0)	(90.0, 0.0)	(91.0, 0.0)	(92.0, 0.0)	(93.0, 0.0)	(94.0, 0.0)	(95.0, 0.0)	(96.0, 0.0)	(97.0, 0.0)	(98.0, 0.0)	(99.0, 0.0)	(100.0, 0.0)
1121R_R_M_NS1_week9_S68_L001_R2_001	(0.0, 0.0)	(1.0, 0.0)	(2.0, 0.0)	(3.0, 0.0)	(4.0, 0.0)	(5.0, 0.0)	(6.0, 0.0)	(7.0, 0.0)	(8.0, 0.0)	(9.0, 0.0)	(10.0, 0.0)	(11.0, 0.0)	(12.0, 0.0)	(13.0, 0.0)	(14.0, 0.0)	(15.0, 0.0)	(16.0, 0.0)	(17.0, 0.0)	(18.0, 0.0)	(19.0, 0.0)	(20.0, 0.0)	(21.0, 0.0)	(22.0, 0.0)	(23.0, 0.0)	(24.0, 0.0)	(25.0, 0.0)	(26.0, 0.0)	(27.0, 0.0)	(28.0, 0.0)	(29.0, 0.5)	(30.0, 0.5)	(31.0, 0.8333333333333333)	(32.0, 1.5)	(33.0, 2.666666666666667)	(34.0, 1.9999999999999998)	(35.0, 0.8333333333333333)	(36.0, 2.0)	(37.0, 2.833333333333333)	(38.0, 2.333333333333333)	(39.0, 4.5)	(40.0, 6.0)	(41.0, 10.666666666666666)	(42.0, 15.833333333333334)	(43.0, 23.833333333333325)	(44.0, 38.166666666666664)	(45.0, 325.4999999999992)	(46.0, 4966.166666666614)	(47.0, 3765.166666667251)	(48.0, 4436.750000000431)	(49.0, 7119.749999998037)	(50.0, 812.8333333333504)	(51.0, 1510.0833333332778)	(52.0, 1832.9166666665406)	(53.0, 2637.750000000071)	(54.0, 2714.5833333334385)	(55.0, 481.5833333333265)	(56.0, 5143.333333333163)	(57.0, 5477.6666666661995)	(58.0, 478.58333333332644)	(59.0, 154.24999999999997)	(60.0, 108.83333333333317)	(61.0, 78.50000000000001)	(62.0, 33.66666666666666)	(63.0, 31.166666666666657)	(64.0, 34.16666666666665)	(65.0, 16.666666666666668)	(66.0, 17.33333333333334)	(67.0, 25.833333333333336)	(68.0, 22.166666666666664)	(69.0, 8.25)	(70.0, 7.333333333333332)	(71.0, 18.666666666666668)	(72.0, 74.1666666666667)	(73.0, 20.33333333333333)	(74.0, 0.8333333333333333)	(75.0, 1.3333333333333333)	(76.0, 0.5)	(77.0, 0.3333333333333333)	(78.0, 1.3333333333333333)	(79.0, 1.0)	(80.0, 0.0)	(81.0, 0.0)	(82.0, 0.6666666666666666)	(83.0, 0.3333333333333333)	(84.0, 0.3333333333333333)	(85.0, 0.3333333333333333)	(86.0, 0.0)	(87.0, 0.0)	(88.0, 0.0)	(89.0, 0.0)	(90.0, 0.0)	(91.0, 0.0)	(92.0, 0.0)	(93.0, 0.0)	(94.0, 0.0)	(95.0, 0.0)	(96.0, 0.5)	(97.0, 0.5)	(98.0, 0.0)	(99.0, 0.0)	(100.0, 0.0)
1136R_0_F_S5_week5_S14_L001_R1_001	(0.0, 0.0)	(1.0, 0.0)	(2.0, 0.0)	(3.0, 0.0)	(4.0, 0.0)	(5.0, 0.0)	(6.0, 0.0)	(7.0, 0.0)	(8.0, 0.0)	(9.0, 0.0)	(10.0, 0.0)	(11.0, 0.0)	(12.0, 0.0)	(13.0, 0.0)	(14.0, 0.0)	(15.0, 0.0)	(16.0, 0.0)	(17.0, 0.0)	(18.0, 0.0)	(19.0, 0.0)	(20.0, 0.0)	(21.0, 0.0)	(22.0, 0.0)	(23.0, 0.0)	(24.0, 0.0)	(25.0, 0.0)	(26.0, 0.0)	(27.0, 0.0)	(28.0, 0.0)	(29.0, 0.0)	(30.0, 0.0)	(31.0, 0.25)	(32.0, 0.0)	(33.0, 0.0)	(34.0, 0.0)	(35.0, 0.3333333333333333)	(36.0, 0.0)	(37.0, 0.0)	(38.0, 0.0)	(39.0, 0.0)	(40.0, 0.0)	(41.0, 3.166666666666667)	(42.0, 6.499999999999999)	(43.0, 10.833333333333334)	(44.0, 36.666666666666664)	(45.0, 66.58333333333339)	(46.0, 490.083333333324)	(47.0, 7151.333333331314)	(48.0, 2981.166666666897)	(49.0, 2330.583333333273)	(50.0, 2486.333333333341)	(51.0, 6035.749999999006)	(52.0, 7870.749999997349)	(53.0, 2783.5000000001423)	(54.0, 664.0833333333381)	(55.0, 210.0833333333347)	(56.0, 71.8333333333334)	(57.0, 31.666666666666636)	(58.0, 48.500000000000064)	(59.0, 43.50000000000003)	(60.0, 7.833333333333331)	(61.0, 3.5)	(62.0, 6.833333333333331)	(63.0, 2.3333333333333335)	(64.0, 1.0)	(65.0, 0.5)	(66.0, 0.0)	(67.0, 0.0)	(68.0, 0.0)	(69.0, 0.0)	(70.0, 0.0)	(71.0, 0.0)	(72.0, 0.0)	(73.0, 0.0)	(74.0, 0.0)	(75.0, 0.0)	(76.0, 0.0)	(77.0, 0.0)	(78.0, 0.0)	(79.0, 0.0)	(80.0, 0.0)	(81.0, 0.0)	(82.0, 0.0)	(83.0, 0.0)	(84.0, 0.0)	(85.0, 0.0)	(86.0, 0.0)	(87.0, 0.0)	(88.0, 0.0)	(89.0, 0.0)	(90.0, 0.0)	(91.0, 0.0)	(92.0, 0.0)	(93.0, 0.0)	(94.0, 0.0)	(95.0, 0.0)	(96.0, 0.0)	(97.0, 0.0)	(98.0, 0.0)	(99.0, 0.0)	(100.0, 0.0)
1136R_0_F_S5_week5_S14_L001_R2_001	(0.0, 0.0)	(1.0, 0.0)	(2.0, 0.0)	(3.0, 0.0)	(4.0, 0.0)	(5.0, 0.0)	(6.0, 0.0)	(7.0, 0.0)	(8.0, 0.0)	(9.0, 0.0)	(10.0, 0.0)	(11.0, 0.0)	(12.0, 0.0)	(13.0, 0.0)	(14.0, 0.0)	(15.0, 0.0)	(16.0, 0.0)	(17.0, 0.0)	(18.0, 0.0)	(19.0, 0.0)	(20.0, 0.0)	(21.0, 0.0)	(22.0, 0.0)	(23.0, 0.0)	(24.0, 0.0)	(25.0, 0.0)	(26.0, 0.0)	(27.0, 0.0)	(28.0, 0.0)	(29.0, 0.0)	(30.0, 0.0)	(31.0, 0.0)	(32.0, 0.0)	(33.0, 0.0)	(34.0, 0.0)	(35.0, 0.5)	(36.0, 1.5)	(37.0, 2.333333333333333)	(38.0, 2.0)	(39.0, 4.833333333333334)	(40.0, 10.333333333333334)	(41.0, 17.166666666666668)	(42.0, 16.333333333333336)	(43.0, 21.08333333333333)	(44.0, 43.333333333333364)	(45.0, 562.0833333333278)	(46.0, 6897.666666664869)	(47.0, 906.8333333333649)	(48.0, 511.3333333333236)	(49.0, 250.41666666666845)	(50.0, 188.83333333333397)	(51.0, 527.3333333333245)	(52.0, 851.3333333333585)	(53.0, 4855.083333333397)	(54.0, 4545.916666667014)	(55.0, 1530.4999999999416)	(56.0, 4821.500000000112)	(57.0, 4781.7500000001455)	(58.0, 446.74999999999517)	(59.0, 153.1666666666665)	(60.0, 107.49999999999991)	(61.0, 81.66666666666669)	(62.0, 51.0)	(63.0, 37.66666666666666)	(64.0, 53.83333333333339)	(65.0, 22.5)	(66.0, 9.333333333333332)	(67.0, 6.833333333333333)	(68.0, 4.166666666666666)	(69.0, 2.0)	(70.0, 4.333333333333334)	(71.0, 4.666666666666666)	(72.0, 6.666666666666666)	(73.0, 2.5)	(74.0, 1.0)	(75.0, 1.8333333333333333)	(76.0, 1.3333333333333333)	(77.0, 0.5)	(78.0, 0.0)	(79.0, 0.5)	(80.0, 0.5)	(81.0, 0.0)	(82.0, 0.0)	(83.0, 0.25)	(84.0, 0.0)	(85.0, 0.0)	(86.0, 0.3333333333333333)	(87.0, 0.3333333333333333)	(88.0, 0.0)	(89.0, 0.0)	(90.0, 0.0)	(91.0, 0.0)	(92.0, 0.0)	(93.0, 0.3333333333333333)	(94.0, 0.0)	(95.0, 0.0)	(96.0, 0.0)	(97.0, 0.0)	(98.0, 0.3333333333333333)	(99.0, 0.3333333333333333)	(100.0, 0.0)
1151R_0_M_NS1_week5_S50_L001_R1_001	(0.0, 0.0)	(1.0, 0.0)	(2.0, 0.0)	(3.0, 0.0)	(4.0, 0.0)	(5.0, 0.0)	(6.0, 0.0)	(7.0, 0.0)	(8.0, 0.0)	(9.0, 0.0)	(10.0, 0.0)	(11.0, 0.0)	(12.0, 0.0)	(13.0, 0.0)	(14.0, 0.0)	(15.0, 0.0)	(16.0, 0.0)	(17.0, 0.0)	(18.0, 0.0)	(19.0, 0.0)	(20.0, 0.0)	(21.0, 0.0)	(22.0, 0.0)	(23.0, 0.0)	(24.0, 0.0)	(25.0, 0.0)	(26.0, 0.0)	(27.0, 0.0)	(28.0, 0.0)	(29.0, 0.0)	(30.0, 0.0)	(31.0, 0.0)	(32.0, 0.0)	(33.0, 0.0)	(34.0, 0.0)	(35.0, 0.0)	(36.0, 0.0)	(37.0, 0.0)	(38.0, 0.0)	(39.0, 0.5)	(40.0, 0.5)	(41.0, 1.0)	(42.0, 4.833333333333334)	(43.0, 18.666666666666664)	(44.0, 78.16666666666667)	(45.0, 125.16666666666653)	(46.0, 211.8333333333345)	(47.0, 4371.000000000496)	(48.0, 15310.500000009939)	(49.0, 1711.2499999998936)	(50.0, 523.2499999999903)	(51.0, 2721.9166666667843)	(52.0, 4739.8333333334895)	(53.0, 3035.916666666924)	(54.0, 1124.66666666669)	(55.0, 528.3333333333239)	(56.0, 79.33333333333331)	(57.0, 32.3333333333333)	(58.0, 17.166666666666675)	(59.0, 12.666666666666671)	(60.0, 2.8333333333333335)	(61.0, 5.166666666666666)	(62.0, 63.166666666666835)	(63.0, 11.66666666666667)	(64.0, 2.333333333333333)	(65.0, 0.0)	(66.0, 1.0)	(67.0, 0.6666666666666666)	(68.0, 0.0)	(69.0, 0.0)	(70.0, 0.0)	(71.0, 0.0)	(72.0, 0.0)	(73.0, 0.0)	(74.0, 0.0)	(75.0, 0.0)	(76.0, 0.0)	(77.0, 0.0)	(78.0, 0.0)	(79.0, 0.0)	(80.0, 0.0)	(81.0, 0.0)	(82.0, 0.0)	(83.0, 0.0)	(84.0, 0.0)	(85.0, 0.0)	(86.0, 0.0)	(87.0, 0.0)	(88.0, 0.0)	(89.0, 0.0)	(90.0, 0.0)	(91.0, 0.0)	(92.0, 0.0)	(93.0, 0.0)	(94.0, 0.0)	(95.0, 0.0)	(96.0, 0.0)	(97.0, 0.0)	(98.0, 0.0)	(99.0, 0.0)	(100.0, 0.0)
1151R_0_M_NS1_week5_S50_L001_R2_001	(0.0, 0.0)	(1.0, 0.0)	(2.0, 0.0)	(3.0, 0.0)	(4.0, 0.0)	(5.0, 0.0)	(6.0, 0.0)	(7.0, 0.0)	(8.0, 0.0)	(9.0, 0.0)	(10.0, 0.0)	(11.0, 0.0)	(12.0, 0.0)	(13.0, 0.0)	(14.0, 0.0)	(15.0, 0.0)	(16.0, 0.0)	(17.0, 0.0)	(18.0, 0.0)	(19.0, 0.0)	(20.0, 0.0)	(21.0, 0.0)	(22.0, 0.0)	(23.0, 0.0)	(24.0, 0.0)	(25.0, 0.0)	(26.0, 0.0)	(27.0, 0.0)	(28.0, 0.0)	(29.0, 0.0)	(30.0, 0.5)	(31.0, 0.5)	(32.0, 0.5)	(33.0, 1.0)	(34.0, 2.0)	(35.0, 4.0)	(36.0, 4.5)	(37.0, 4.5)	(38.0, 5.666666666666667)	(39.0, 8.833333333333332)	(40.0, 10.833333333333334)	(41.0, 11.833333333333334)	(42.0, 20.0)	(43.0, 37.5)	(44.0, 49.666666666666686)	(45.0, 251.16666666666913)	(46.0, 2730.666666666789)	(47.0, 1694.7499999998977)	(48.0, 4505.6666666670435)	(49.0, 11719.166666670033)	(50.0, 1175.6666666666804)	(51.0, 1364.9166666666413)	(52.0, 1557.1666666665983)	(53.0, 2223.249999999889)	(54.0, 2332.8333333332707)	(55.0, 454.7499999999945)	(56.0, 2891.250000000178)	(57.0, 2591.7500000000473)	(58.0, 251.91666666666856)	(59.0, 111.4166666666665)	(60.0, 106.33333333333317)	(61.0, 88.33333333333331)	(62.0, 43.833333333333336)	(63.0, 40.999999999999986)	(64.0, 30.83333333333333)	(65.0, 16.833333333333336)	(66.0, 12.416666666666666)	(67.0, 18.0)	(68.0, 18.666666666666668)	(69.0, 8.833333333333334)	(70.0, 5.666666666666667)	(71.0, 10.5)	(72.0, 51.16666666666676)	(73.0, 12.666666666666671)	(74.0, 1.1666666666666665)	(75.0, 0.8333333333333333)	(76.0, 0.8333333333333333)	(77.0, 1.3333333333333333)	(78.0, 0.5)	(79.0, 0.0)	(80.0, 0.0)	(81.0, 0.5833333333333333)	(82.0, 0.5833333333333333)	(83.0, 0.0)	(84.0, 0.0)	(85.0, 0.0)	(86.0, 0.0)	(87.0, 0.0)	(88.0, 0.0)	(89.0, 0.3333333333333333)	(90.0, 0.0)	(91.0, 0.0)	(92.0, 0.0)	(93.0, 0.0)	(94.0, 0.0)	(95.0, 0.0)	(96.0, 0.0)	(97.0, 0.0)	(98.0, 0.0)	(99.0, 0.0)	(100.0, 0.0)
1151R_0_M_NS1_week9_S71_L001_R1_001	(0.0, 0.0)	(1.0, 0.0)	(2.0, 0.0)	(3.0, 0.0)	(4.0, 0.0)	(5.0, 0.0)	(6.0, 0.0)	(7.0, 0.0)	(8.0, 0.0)	(9.0, 0.0)	(10.0, 0.0)	(11.0, 0.0)	(12.0, 0.0)	(13.0, 0.0)	(14.0, 0.0)	(15.0, 0.0)	(16.0, 0.0)	(17.0, 0.0)	(18.0, 0.0)	(19.0, 0.0)	(20.0, 0.0)	(21.0, 0.0)	(22.0, 0.0)	(23.0, 0.0)	(24.0, 0.0)	(25.0, 0.0)	(26.0, 0.0)	(27.0, 0.0)	(28.0, 0.0)	(29.0, 0.0)	(30.0, 0.0)	(31.0, 0.0)	(32.0, 0.0)	(33.0, 0.3333333333333333)	(34.0, 0.3333333333333333)	(35.0, 0.0)	(36.0, 0.0)	(37.0, 0.0)	(38.0, 0.0)	(39.0, 0.0)	(40.0, 0.25)	(41.0, 2.916666666666667)	(42.0, 5.0)	(43.0, 16.333333333333332)	(44.0, 54.66666666666668)	(45.0, 96.33333333333331)	(46.0, 283.25000000000114)	(47.0, 6973.08333333148)	(48.0, 11036.916666668845)	(49.0, 1807.999999999874)	(50.0, 1123.0000000000227)	(51.0, 8472.833333330886)	(52.0, 9865.416666666715)	(53.0, 2957.66666666688)	(54.0, 2049.583333333153)	(55.0, 582.9166666666631)	(56.0, 106.66666666666636)	(57.0, 37.99999999999999)	(58.0, 23.999999999999982)	(59.0, 23.74999999999999)	(60.0, 9.499999999999998)	(61.0, 12.833333333333336)	(62.0, 81.49999999999994)	(63.0, 16.333333333333343)	(64.0, 6.333333333333332)	(65.0, 1.1666666666666665)	(66.0, 0.3333333333333333)	(67.0, 0.8333333333333333)	(68.0, 0.5)	(69.0, 0.0)	(70.0, 0.0)	(71.0, 0.0)	(72.0, 0.0)	(73.0, 0.0)	(74.0, 0.0)	(75.0, 0.0)	(76.0, 0.0)	(77.0, 0.0)	(78.0, 0.0)	(79.0, 0.0)	(80.0, 0.0)	(81.0, 0.0)	(82.0, 0.0)	(83.0, 0.0)	(84.0, 0.0)	(85.0, 0.0)	(86.0, 0.0)	(87.0, 0.0)	(88.0, 0.0)	(89.0, 0.0)	(90.0, 0.0)	(91.0, 0.0)	(92.0, 0.0)	(93.0, 0.0)	(94.0, 0.0)	(95.0, 0.0)	(96.0, 0.0)	(97.0, 0.0)	(98.0, 0.0)	(99.0, 0.0)	(100.0, 0.0)
1151R_0_M_NS1_week9_S71_L001_R2_001	(0.0, 0.0)	(1.0, 0.0)	(2.0, 0.0)	(3.0, 0.0)	(4.0, 0.0)	(5.0, 0.0)	(6.0, 0.0)	(7.0, 0.0)	(8.0, 0.0)	(9.0, 0.0)	(10.0, 0.0)	(11.0, 0.0)	(12.0, 0.0)	(13.0, 0.0)	(14.0, 0.0)	(15.0, 0.0)	(16.0, 0.0)	(17.0, 0.0)	(18.0, 0.0)	(19.0, 0.0)	(20.0, 0.0)	(21.0, 0.0)	(22.0, 0.0)	(23.0, 0.0)	(24.0, 0.0)	(25.0, 0.0)	(26.0, 0.0)	(27.0, 0.0)	(28.0, 0.0)	(29.0, 0.0)	(30.0, 0.0)	(31.0, 0.0)	(32.0, 0.0)	(33.0, 0.0)	(34.0, 0.0)	(35.0, 0.0)	(36.0, 1.3333333333333333)	(37.0, 1.8333333333333333)	(38.0, 2.0)	(39.0, 3.333333333333333)	(40.0, 4.25)	(41.0, 7.333333333333334)	(42.0, 14.666666666666668)	(43.0, 23.999999999999996)	(44.0, 42.166666666666686)	(45.0, 309.6666666666667)	(46.0, 4404.250000000466)	(47.0, 3919.416666667322)	(48.0, 4256.500000000591)	(49.0, 5290.249999999691)	(50.0, 712.4166666666742)	(51.0, 1992.8333333331668)	(52.0, 2167.0833333332)	(53.0, 2414.6666666666424)	(54.0, 2814.0000000001505)	(55.0, 602.2499999999968)	(56.0, 7688.749999997588)	(57.0, 8015.249999997309)	(58.0, 680.0000000000049)	(59.0, 195.0833333333339)	(60.0, 151.83333333333317)	(61.0, 132.833333333333)	(62.0, 58.833333333333364)	(63.0, 44.33333333333334)	(64.0, 42.333333333333336)	(65.0, 24.666666666666657)	(66.0, 22.083333333333332)	(67.0, 25.833333333333332)	(68.0, 16.666666666666664)	(69.0, 9.166666666666666)	(70.0, 5.0)	(71.0, 9.666666666666666)	(72.0, 75.00000000000004)	(73.0, 21.5)	(74.0, 2.6666666666666665)	(75.0, 0.5)	(76.0, 0.5)	(77.0, 0.0)	(78.0, 0.0)	(79.0, 0.0)	(80.0, 0.0)	(81.0, 0.0)	(82.0, 0.0)	(83.0, 0.0)	(84.0, 0.0)	(85.0, 0.3333333333333333)	(86.0, 0.3333333333333333)	(87.0, 0.0)	(88.0, 0.0)	(89.0, 0.3333333333333333)	(90.0, 0.0)	(91.0, 0.5)	(92.0, 0.5)	(93.0, 0.0)	(94.0, 0.0)	(95.0, 0.0)	(96.0, 0.0)	(97.0, 0.0)	(98.0, 0.0)	(99.0, 0.0)	(100.0, 0.0)
1151R_NS1_week21_S36_L001_R1_001	(0.0, 0.0)	(1.0, 0.0)	(2.0, 0.0)	(3.0, 0.0)	(4.0, 0.0)	(5.0, 0.0)	(6.0, 0.0)	(7.0, 0.0)	(8.0, 0.0)	(9.0, 0.0)	(10.0, 0.0)	(11.0, 0.0)	(12.0, 0.0)	(13.0, 0.0)	(14.0, 0.0)	(15.0, 0.0)	(16.0, 0.0)	(17.0, 0.0)	(18.0, 0.0)	(19.0, 0.0)	(20.0, 0.0)	(21.0, 0.0)	(22.0, 0.0)	(23.0, 0.0)	(24.0, 0.0)	(25.0, 0.0)	(26.0, 0.0)	(27.0, 0.0)	(28.0, 0.0)	(29.0, 0.0)	(30.0, 0.0)	(31.0, 0.0)	(32.0, 0.0)	(33.0, 0.0)	(34.0, 0.0)	(35.0, 1.3333333333333333)	(36.0, 1.3333333333333333)	(37.0, 0.6666666666666666)	(38.0, 0.0)	(39.0, 0.3333333333333333)	(40.0, 0.6666666666666666)	(41.0, 0.8333333333333333)	(42.0, 6.333333333333333)	(43.0, 23.5)	(44.0, 69.5)	(45.0, 125.83333333333309)	(46.0, 393.33333333332905)	(47.0, 9822.16666666664)	(48.0, 16060.333333344634)	(49.0, 2605.0833333333967)	(50.0, 1194.3333333333424)	(51.0, 6308.5833333320825)	(52.0, 7425.583333331087)	(53.0, 2386.749999999968)	(54.0, 1409.0833333332935)	(55.0, 514.4166666666559)	(56.0, 78.91666666666667)	(57.0, 21.49999999999999)	(58.0, 16.08333333333334)	(59.0, 20.33333333333333)	(60.0, 7.999999999999997)	(61.0, 7.999999999999997)	(62.0, 69.0000000000001)	(63.0, 11.833333333333336)	(64.0, 4.5)	(65.0, 1.4999999999999998)	(66.0, 0.8333333333333333)	(67.0, 0.0)	(68.0, 0.0)	(69.0, 0.0)	(70.0, 0.5)	(71.0, 1.0)	(72.0, 0.5)	(73.0, 0.0)	(74.0, 0.0)	(75.0, 0.0)	(76.0, 0.0)	(77.0, 0.0)	(78.0, 0.0)	(79.0, 0.0)	(80.0, 0.0)	(81.0, 0.0)	(82.0, 0.0)	(83.0, 0.0)	(84.0, 0.0)	(85.0, 0.0)	(86.0, 0.0)	(87.0, 0.0)	(88.0, 0.0)	(89.0, 0.0)	(90.0, 0.0)	(91.0, 0.0)	(92.0, 0.0)	(93.0, 0.0)	(94.0, 0.0)	(95.0, 0.0)	(96.0, 0.0)	(97.0, 0.0)	(98.0, 0.0)	(99.0, 0.0)	(100.0, 0.0)
1151R_NS1_week21_S36_L001_R2_001	(0.0, 0.0)	(1.0, 0.0)	(2.0, 0.0)	(3.0, 0.0)	(4.0, 0.0)	(5.0, 0.0)	(6.0, 0.0)	(7.0, 0.0)	(8.0, 0.0)	(9.0, 0.0)	(10.0, 0.0)	(11.0, 0.0)	(12.0, 0.0)	(13.0, 0.0)	(14.0, 0.0)	(15.0, 0.0)	(16.0, 0.0)	(17.0, 0.0)	(18.0, 0.0)	(19.0, 0.0)	(20.0, 0.0)	(21.0, 0.0)	(22.0, 0.0)	(23.0, 0.0)	(24.0, 0.0)	(25.0, 0.0)	(26.0, 0.0)	(27.0, 0.0)	(28.0, 0.0)	(29.0, 0.3333333333333333)	(30.0, 0.6666666666666666)	(31.0, 0.3333333333333333)	(32.0, 0.5)	(33.0, 0.5)	(34.0, 1.5)	(35.0, 1.9999999999999998)	(36.0, 1.0)	(37.0, 3.0833333333333335)	(38.0, 8.916666666666666)	(39.0, 14.25)	(40.0, 18.333333333333336)	(41.0, 21.416666666666668)	(42.0, 27.33333333333333)	(43.0, 31.833333333333325)	(44.0, 51.75000000000004)	(45.0, 412.0833333333278)	(46.0, 6253.333333332128)	(47.0, 5407.583333332886)	(48.0, 6129.583333332249)	(49.0, 8164.249999997102)	(50.0, 937.0000000000309)	(51.0, 1372.249999999974)	(52.0, 1521.9166666666063)	(53.0, 2708.333333333439)	(54.0, 2945.500000000209)	(55.0, 515.4166666666587)	(56.0, 5819.416666665907)	(57.0, 5991.583333332424)	(58.0, 472.1666666666604)	(59.0, 135.16666666666646)	(60.0, 111.16666666666647)	(61.0, 94.33333333333321)	(62.0, 50.166666666666686)	(63.0, 36.66666666666666)	(64.0, 23.91666666666666)	(65.0, 13.916666666666668)	(66.0, 12.666666666666666)	(67.0, 20.5)	(68.0, 19.5)	(69.0, 8.25)	(70.0, 5.833333333333333)	(71.0, 12.833333333333336)	(72.0, 58.583333333333464)	(73.0, 12.833333333333336)	(74.0, 2.333333333333333)	(75.0, 0.8333333333333333)	(76.0, 0.8333333333333333)	(77.0, 1.3333333333333333)	(78.0, 0.8333333333333333)	(79.0, 0.3333333333333333)	(80.0, 0.3333333333333333)	(81.0, 0.3333333333333333)	(82.0, 0.0)	(83.0, 0.0)	(84.0, 0.0)	(85.0, 0.0)	(86.0, 0.0)	(87.0, 0.0)	(88.0, 0.5)	(89.0, 0.5)	(90.0, 0.0)	(91.0, 0.0)	(92.0, 0.3333333333333333)	(93.0, 0.0)	(94.0, 0.0)	(95.0, 0.0)	(96.0, 0.25)	(97.0, 0.5)	(98.0, 1.3333333333333333)	(99.0, 0.5)	(100.0, 0.0)
1151R_R_M_NS1_diabetes_S24_L001_R1_001	(0.0, 0.0)	(1.0, 0.0)	(2.0, 0.0)	(3.0, 0.0)	(4.0, 0.0)	(5.0, 0.0)	(6.0, 0.0)	(7.0, 0.0)	(8.0, 0.0)	(9.0, 0.0)	(10.0, 0.0)	(11.0, 0.0)	(12.0, 0.0)	(13.0, 0.0)	(14.0, 0.0)	(15.0, 0.0)	(16.0, 0.0)	(17.0, 0.0)	(18.0, 0.0)	(19.0, 0.0)	(20.0, 0.0)	(21.0, 0.0)	(22.0, 0.0)	(23.0, 0.0)	(24.0, 0.0)	(25.0, 0.0)	(26.0, 0.0)	(27.0, 0.0)	(28.0, 0.0)	(29.0, 0.0)	(30.0, 0.0)	(31.0, 0.0)	(32.0, 0.0)	(33.0, 0.0)	(34.0, 0.0)	(35.0, 0.5)	(36.0, 0.5)	(37.0, 0.8333333333333333)	(38.0, 0.8333333333333333)	(39.0, 1.8333333333333333)	(40.0, 2.6666666666666665)	(41.0, 3.0)	(42.0, 7.75)	(43.0, 23.999999999999996)	(44.0, 74.83333333333334)	(45.0, 153.3333333333333)	(46.0, 530.4999999999919)	(47.0, 10838.75000000182)	(48.0, 16525.91666667802)	(49.0, 2939.666666666877)	(50.0, 1424.0833333332907)	(51.0, 8506.583333330942)	(52.0, 9659.833333333025)	(53.0, 3404.833333333744)	(54.0, 2340.6666666666115)	(55.0, 589.1666666666638)	(56.0, 124.83333333333283)	(57.0, 47.58333333333338)	(58.0, 29.33333333333331)	(59.0, 30.166666666666636)	(60.0, 10.833333333333336)	(61.0, 10.333333333333334)	(62.0, 97.4999999999997)	(63.0, 19.833333333333332)	(64.0, 6.166666666666665)	(65.0, 0.8333333333333333)	(66.0, 1.0)	(67.0, 0.3333333333333333)	(68.0, 0.0)	(69.0, 0.0)	(70.0, 0.3333333333333333)	(71.0, 0.3333333333333333)	(72.0, 0.0)	(73.0, 0.0)	(74.0, 0.0)	(75.0, 0.0)	(76.0, 0.0)	(77.0, 0.0)	(78.0, 0.0)	(79.0, 0.0)	(80.0, 0.0)	(81.0, 0.0)	(82.0, 0.0)	(83.0, 0.0)	(84.0, 0.0)	(85.0, 0.0)	(86.0, 0.0)	(87.0, 0.0)	(88.0, 0.0)	(89.0, 0.0)	(90.0, 0.0)	(91.0, 0.0)	(92.0, 0.0)	(93.0, 0.0)	(94.0, 0.0)	(95.0, 0.0)	(96.0, 0.0)	(97.0, 0.0)	(98.0, 0.0)	(99.0, 0.0)	(100.0, 0.0)
1151R_R_M_NS1_diabetes_S24_L001_R2_001	(0.0, 0.0)	(1.0, 0.0)	(2.0, 0.0)	(3.0, 0.0)	(4.0, 0.0)	(5.0, 0.0)	(6.0, 0.0)	(7.0, 0.0)	(8.0, 0.0)	(9.0, 0.0)	(10.0, 0.0)	(11.0, 0.0)	(12.0, 0.0)	(13.0, 0.0)	(14.0, 0.0)	(15.0, 0.0)	(16.0, 0.0)	(17.0, 0.0)	(18.0, 0.0)	(19.0, 0.0)	(20.0, 0.0)	(21.0, 0.0)	(22.0, 0.0)	(23.0, 0.0)	(24.0, 0.0)	(25.0, 0.0)	(26.0, 0.0)	(27.0, 0.3333333333333333)	(28.0, 0.3333333333333333)	(29.0, 0.0)	(30.0, 0.5)	(31.0, 1.0)	(32.0, 0.5)	(33.0, 0.0)	(34.0, 0.6666666666666666)	(35.0, 1.6666666666666665)	(36.0, 3.5)	(37.0, 6.0)	(38.0, 5.0)	(39.0, 6.333333333333333)	(40.0, 11.333333333333332)	(41.0, 18.0)	(42.0, 25.83333333333333)	(43.0, 36.166666666666664)	(44.0, 69.3333333333334)	(45.0, 491.33333333332394)	(46.0, 6514.999999998561)	(47.0, 5949.833333332408)	(48.0, 6680.416666665083)	(49.0, 8433.83333333081)	(50.0, 1045.5000000000368)	(51.0, 2179.166666666532)	(52.0, 2425.83333333331)	(53.0, 2920.1666666668602)	(54.0, 3032.250000000243)	(55.0, 761.4166666666789)	(56.0, 7867.749999997477)	(57.0, 8064.499999997301)	(58.0, 817.5833333333499)	(59.0, 272.9166666666675)	(60.0, 232.3333333333345)	(61.0, 203.00000000000088)	(62.0, 82.58333333333333)	(63.0, 53.66666666666667)	(64.0, 50.666666666666686)	(65.0, 33.33333333333333)	(66.0, 18.0)	(67.0, 25.166666666666664)	(68.0, 26.833333333333332)	(69.0, 14.166666666666666)	(70.0, 15.833333333333334)	(71.0, 22.916666666666668)	(72.0, 87.08333333333323)	(73.0, 21.5)	(74.0, 2.6666666666666665)	(75.0, 0.5)	(76.0, 0.0)	(77.0, 1.1666666666666665)	(78.0, 0.8333333333333333)	(79.0, 0.0)	(80.0, 0.0)	(81.0, 0.0)	(82.0, 0.0)	(83.0, 0.0)	(84.0, 0.0)	(85.0, 0.3333333333333333)	(86.0, 0.3333333333333333)	(87.0, 0.3333333333333333)	(88.0, 0.3333333333333333)	(89.0, 0.3333333333333333)	(90.0, 0.5833333333333333)	(91.0, 0.0)	(92.0, 0.0)	(93.0, 0.0)	(94.0, 0.0)	(95.0, 0.0)	(96.0, 0.0)	(97.0, 0.0)	(98.0, 0.0)	(99.0, 0.25)	(100.0, 0.8333333333333333)
1184R_0_M_NS6_week5_S4_L001_R1_001	(0.0, 0.0)	(1.0, 0.0)	(2.0, 0.0)	(3.0, 0.0)	(4.0, 0.0)	(5.0, 0.0)	(6.0, 0.0)	(7.0, 0.0)	(8.0, 0.0)	(9.0, 0.0)	(10.0, 0.0)	(11.0, 0.0)	(12.0, 0.0)	(13.0, 0.0)	(14.0, 0.0)	(15.0, 0.0)	(16.0, 0.0)	(17.0, 0.0)	(18.0, 0.0)	(19.0, 0.0)	(20.0, 0.0)	(21.0, 0.0)	(22.0, 0.0)	(23.0, 0.0)	(24.0, 0.0)	(25.0, 0.0)	(26.0, 0.0)	(27.0, 0.0)	(28.0, 0.0)	(29.0, 0.0)	(30.0, 0.0)	(31.0, 0.0)	(32.0, 0.3333333333333333)	(33.0, 0.3333333333333333)	(34.0, 0.0)	(35.0, 2.333333333333333)	(36.0, 0.6666666666666666)	(37.0, 0.3333333333333333)	(38.0, 0.0)	(39.0, 0.8333333333333333)	(40.0, 2.8333333333333335)	(41.0, 7.5)	(42.0, 18.5)	(43.0, 30.499999999999993)	(44.0, 57.16666666666668)	(45.0, 266.3333333333351)	(46.0, 3242.00000000035)	(47.0, 3814.6666666672727)	(48.0, 6432.5833333319715)	(49.0, 1688.2499999998995)	(50.0, 667.3333333333384)	(51.0, 2887.0833333335227)	(52.0, 6221.999999998828)	(53.0, 4347.75000000051)	(54.0, 1571.1666666665906)	(55.0, 331.9999999999988)	(56.0, 104.33333333333306)	(57.0, 48.41666666666671)	(58.0, 23.66666666666666)	(59.0, 16.66666666666667)	(60.0, 6.166666666666666)	(61.0, 7.499999999999997)	(62.0, 43.50000000000003)	(63.0, 9.833333333333334)	(64.0, 4.0)	(65.0, 0.6666666666666666)	(66.0, 0.0)	(67.0, 0.0)	(68.0, 0.5)	(69.0, 0.5)	(70.0, 0.0)	(71.0, 0.0)	(72.0, 0.0)	(73.0, 0.0)	(74.0, 0.0)	(75.0, 0.0)	(76.0, 0.0)	(77.0, 0.0)	(78.0, 0.0)	(79.0, 0.0)	(80.0, 0.0)	(81.0, 0.0)	(82.0, 0.0)	(83.0, 0.0)	(84.0, 0.0)	(85.0, 0.0)	(86.0, 0.0)	(87.0, 0.0)	(88.0, 0.0)	(89.0, 0.0)	(90.0, 0.0)	(91.0, 0.0)	(92.0, 0.0)	(93.0, 0.0)	(94.0, 0.0)	(95.0, 0.0)	(96.0, 0.0)	(97.0, 0.0)	(98.0, 0.0)	(99.0, 0.0)	(100.0, 0.0)
1184R_0_M_NS6_week5_S4_L001_R2_001	(0.0, 0.0)	(1.0, 0.0)	(2.0, 0.0)	(3.0, 0.0)	(4.0, 0.0)	(5.0, 0.0)	(6.0, 0.0)	(7.0, 0.0)	(8.0, 0.0)	(9.0, 0.0)	(10.0, 0.0)	(11.0, 0.0)	(12.0, 0.0)	(13.0, 0.0)	(14.0, 0.0)	(15.0, 0.0)	(16.0, 0.0)	(17.0, 0.0)	(18.0, 0.0)	(19.0, 0.0)	(20.0, 0.0)	(21.0, 0.0)	(22.0, 0.0)	(23.0, 0.0)	(24.0, 0.0)	(25.0, 0.0)	(26.0, 0.0)	(27.0, 0.5)	(28.0, 1.0)	(29.0, 1.0)	(30.0, 0.5)	(31.0, 0.3333333333333333)	(32.0, 0.3333333333333333)	(33.0, 0.6666666666666666)	(34.0, 1.0)	(35.0, 0.6666666666666666)	(36.0, 0.6666666666666666)	(37.0, 3.8333333333333335)	(38.0, 6.833333333333334)	(39.0, 7.75)	(40.0, 8.25)	(41.0, 10.75)	(42.0, 13.333333333333332)	(43.0, 26.833333333333325)	(44.0, 59.08333333333341)	(45.0, 934.5833333333687)	(46.0, 5740.99999999925)	(47.0, 4367.66666666716)	(48.0, 2719.000000000113)	(49.0, 1977.999999999837)	(50.0, 316.8333333333329)	(51.0, 2246.6666666665697)	(52.0, 2303.7499999999295)	(53.0, 1674.9166666665726)	(54.0, 3048.416666666926)	(55.0, 737.9166666666785)	(56.0, 3372.83333333373)	(57.0, 2897.9166666668534)	(58.0, 277.8333333333346)	(59.0, 109.74999999999984)	(60.0, 147.99999999999977)	(61.0, 142.08333333333294)	(62.0, 49.666666666666664)	(63.0, 31.91666666666666)	(64.0, 27.583333333333325)	(65.0, 20.0)	(66.0, 13.666666666666666)	(67.0, 19.0)	(68.0, 18.5)	(69.0, 7.166666666666667)	(70.0, 4.833333333333333)	(71.0, 7.83333333333333)	(72.0, 36.66666666666666)	(73.0, 10.666666666666668)	(74.0, 0.3333333333333333)	(75.0, 0.5)	(76.0, 1.5)	(77.0, 1.3333333333333333)	(78.0, 0.3333333333333333)	(79.0, 0.0)	(80.0, 0.0)	(81.0, 0.5)	(82.0, 0.5)	(83.0, 0.0)	(84.0, 0.0)	(85.0, 0.0)	(86.0, 0.0)	(87.0, 0.0)	(88.0, 0.25)	(89.0, 0.25)	(90.0, 0.0)	(91.0, 0.0)	(92.0, 0.5)	(93.0, 0.5)	(94.0, 0.0)	(95.0, 0.0)	(96.0, 0.0)	(97.0, 0.0)	(98.0, 0.0)	(99.0, 0.0)	(100.0, 0.0)
1186R_0_M_NS6_week5_S5_L001_R1_001	(0.0, 0.0)	(1.0, 0.0)	(2.0, 0.0)	(3.0, 0.0)	(4.0, 0.0)	(5.0, 0.0)	(6.0, 0.0)	(7.0, 0.0)	(8.0, 0.0)	(9.0, 0.0)	(10.0, 0.0)	(11.0, 0.0)	(12.0, 0.0)	(13.0, 0.0)	(14.0, 0.0)	(15.0, 0.0)	(16.0, 0.0)	(17.0, 0.0)	(18.0, 0.0)	(19.0, 0.0)	(20.0, 0.0)	(21.0, 0.0)	(22.0, 0.0)	(23.0, 0.0)	(24.0, 0.0)	(25.0, 0.0)	(26.0, 0.0)	(27.0, 0.0)	(28.0, 0.0)	(29.0, 0.0)	(30.0, 0.0)	(31.0, 0.0)	(32.0, 0.0)	(33.0, 0.0)	(34.0, 0.0)	(35.0, 0.0)	(36.0, 0.0)	(37.0, 0.0)	(38.0, 0.0)	(39.0, 0.0)	(40.0, 1.0)	(41.0, 3.5)	(42.0, 11.333333333333332)	(43.0, 27.666666666666664)	(44.0, 59.00000000000002)	(45.0, 236.3333333333351)	(46.0, 2612.7500000000673)	(47.0, 3417.750000000433)	(48.0, 7942.833333330599)	(49.0, 1178.9166666666767)	(50.0, 416.4166666666608)	(51.0, 2774.0000000001405)	(52.0, 4907.750000000011)	(53.0, 3059.3333333336036)	(54.0, 2179.4999999998745)	(55.0, 388.3333333333293)	(56.0, 90.33333333333319)	(57.0, 35.83333333333332)	(58.0, 25.333333333333318)	(59.0, 23.91666666666666)	(60.0, 8.333333333333332)	(61.0, 8.999999999999998)	(62.0, 38.166666666666664)	(63.0, 7.33333333333333)	(64.0, 2.5)	(65.0, 1.8333333333333333)	(66.0, 0.6666666666666666)	(67.0, 0.0)	(68.0, 0.0)	(69.0, 0.0)	(70.0, 0.0)	(71.0, 0.0)	(72.0, 0.0)	(73.0, 0.0)	(74.0, 0.0)	(75.0, 0.0)	(76.0, 0.0)	(77.0, 0.0)	(78.0, 0.0)	(79.0, 0.0)	(80.0, 0.0)	(81.0, 0.0)	(82.0, 0.0)	(83.0, 0.0)	(84.0, 0.0)	(85.0, 0.0)	(86.0, 0.0)	(87.0, 0.0)	(88.0, 0.0)	(89.0, 0.0)	(90.0, 0.0)	(91.0, 0.0)	(92.0, 0.0)	(93.0, 0.0)	(94.0, 0.0)	(95.0, 0.0)	(96.0, 0.0)	(97.0, 0.0)	(98.0, 0.0)	(99.0, 0.0)	(100.0, 0.0)
1186R_0_M_NS6_week5_S5_L001_R2_001	(0.0, 0.0)	(1.0, 0.0)	(2.0, 0.0)	(3.0, 0.0)	(4.0, 0.0)	(5.0, 0.0)	(6.0, 0.0)	(7.0, 0.0)	(8.0, 0.0)	(9.0, 0.0)	(10.0, 0.0)	(11.0, 0.0)	(12.0, 0.0)	(13.0, 0.0)	(14.0, 0.0)	(15.0, 0.0)	(16.0, 0.0)	(17.0, 0.0)	(18.0, 0.0)	(19.0, 0.0)	(20.0, 0.0)	(21.0, 0.0)	(22.0, 0.0)	(23.0, 0.0)	(24.0, 0.0)	(25.0, 0.0)	(26.0, 0.0)	(27.0, 0.0)	(28.0, 0.0)	(29.0, 0.0)	(30.0, 0.0)	(31.0, 0.0)	(32.0, 0.0)	(33.0, 0.5)	(34.0, 1.5)	(35.0, 1.5)	(36.0, 1.0)	(37.0, 0.75)	(38.0, 1.75)	(39.0, 5.0)	(40.0, 7.0)	(41.0, 8.333333333333332)	(42.0, 17.666666666666664)	(43.0, 31.16666666666666)	(44.0, 60.000000000000064)	(45.0, 749.000000000015)	(46.0, 4674.416666666883)	(47.0, 4799.250000000103)	(48.0, 5110.999999999826)	(49.0, 3279.5833333336964)	(50.0, 306.25000000000045)	(51.0, 1971.33333333317)	(52.0, 2137.4999999998563)	(53.0, 1608.499999999918)	(54.0, 2223.916666666561)	(55.0, 520.6666666666582)	(56.0, 3064.0833333335963)	(57.0, 2726.250000000111)	(58.0, 249.83333333333482)	(59.0, 93.49999999999997)	(60.0, 76.00000000000003)	(61.0, 70.50000000000004)	(62.0, 38.50000000000001)	(63.0, 21.833333333333332)	(64.0, 21.999999999999996)	(65.0, 12.166666666666666)	(66.0, 8.5)	(67.0, 11.666666666666666)	(68.0, 8.666666666666666)	(69.0, 4.166666666666666)	(70.0, 3.833333333333333)	(71.0, 6.499999999999998)	(72.0, 32.16666666666662)	(73.0, 7.833333333333331)	(74.0, 3.1666666666666665)	(75.0, 0.8333333333333333)	(76.0, 0.0)	(77.0, 0.0)	(78.0, 0.5)	(79.0, 0.5)	(80.0, 0.0)	(81.0, 0.0)	(82.0, 0.0)	(83.0, 0.3333333333333333)	(84.0, 0.3333333333333333)	(85.0, 0.3333333333333333)	(86.0, 0.0)	(87.0, 0.0)	(88.0, 0.0)	(89.0, 0.0)	(90.0, 0.3333333333333333)	(91.0, 0.3333333333333333)	(92.0, 0.5)	(93.0, 1.0)	(94.0, 0.5)	(95.0, 0.0)	(96.0, 0.0)	(97.0, 0.0)	(98.0, 0.0)	(99.0, 0.25)	(100.0, 0.0)
1186R_RR_M_NS6_week5_S6_L001_R1_001	(0.0, 0.0)	(1.0, 0.0)	(2.0, 0.0)	(3.0, 0.0)	(4.0, 0.0)	(5.0, 0.0)	(6.0, 0.0)	(7.0, 0.0)	(8.0, 0.0)	(9.0, 0.0)	(10.0, 0.0)	(11.0, 0.0)	(12.0, 0.0)	(13.0, 0.0)	(14.0, 0.0)	(15.0, 0.0)	(16.0, 0.0)	(17.0, 0.0)	(18.0, 0.0)	(19.0, 0.0)	(20.0, 0.0)	(21.0, 0.0)	(22.0, 0.0)	(23.0, 0.0)	(24.0, 0.0)	(25.0, 0.0)	(26.0, 0.0)	(27.0, 0.0)	(28.0, 0.0)	(29.0, 0.0)	(30.0, 0.0)	(31.0, 0.0)	(32.0, 0.0)	(33.0, 0.0)	(34.0, 0.0)	(35.0, 0.3333333333333333)	(36.0, 0.5833333333333333)	(37.0, 0.0)	(38.0, 0.0)	(39.0, 0.3333333333333333)	(40.0, 1.0)	(41.0, 4.333333333333333)	(42.0, 15.333333333333334)	(43.0, 32.33333333333333)	(44.0, 62.33333333333335)	(45.0, 253.50000000000193)	(46.0, 2937.250000000213)	(47.0, 5118.749999999815)	(48.0, 10497.666666667868)	(49.0, 1470.999999999948)	(50.0, 495.99999999999056)	(51.0, 2345.499999999949)	(52.0, 4724.5000000001755)	(53.0, 3142.5000000003033)	(54.0, 1746.5833333332182)	(55.0, 431.41666666666015)	(56.0, 83.83333333333326)	(57.0, 29.99999999999997)	(58.0, 23.416666666666657)	(59.0, 16.66666666666667)	(60.0, 4.0)	(61.0, 3.666666666666667)	(62.0, 28.499999999999968)	(63.0, 5.333333333333332)	(64.0, 0.6666666666666666)	(65.0, 0.8333333333333333)	(66.0, 1.3333333333333333)	(67.0, 0.8333333333333333)	(68.0, 0.0)	(69.0, 0.0)	(70.0, 0.0)	(71.0, 0.0)	(72.0, 0.0)	(73.0, 0.0)	(74.0, 0.0)	(75.0, 0.0)	(76.0, 0.0)	(77.0, 0.0)	(78.0, 0.0)	(79.0, 0.0)	(80.0, 0.0)	(81.0, 0.0)	(82.0, 0.0)	(83.0, 0.0)	(84.0, 0.0)	(85.0, 0.0)	(86.0, 0.0)	(87.0, 0.0)	(88.0, 0.0)	(89.0, 0.0)	(90.0, 0.0)	(91.0, 0.0)	(92.0, 0.0)	(93.0, 0.0)	(94.0, 0.0)	(95.0, 0.0)	(96.0, 0.0)	(97.0, 0.0)	(98.0, 0.0)	(99.0, 0.0)	(100.0, 0.0)
1186R_RR_M_NS6_week5_S6_L001_R2_001	(0.0, 0.0)	(1.0, 0.0)	(2.0, 0.0)	(3.0, 0.0)	(4.0, 0.0)	(5.0, 0.0)	(6.0, 0.0)	(7.0, 0.0)	(8.0, 0.0)	(9.0, 0.0)	(10.0, 0.0)	(11.0, 0.0)	(12.0, 0.0)	(13.0, 0.0)	(14.0, 0.0)	(15.0, 0.0)	(16.0, 0.0)	(17.0, 0.0)	(18.0, 0.0)	(19.0, 0.0)	(20.0, 0.0)	(21.0, 0.0)	(22.0, 0.0)	(23.0, 0.0)	(24.0, 0.0)	(25.0, 0.0)	(26.0, 0.0)	(27.0, 0.0)	(28.0, 0.0)	(29.0, 0.0)	(30.0, 0.0)	(31.0, 0.0)	(32.0, 0.3333333333333333)	(33.0, 0.3333333333333333)	(34.0, 0.6666666666666666)	(35.0, 0.5)	(36.0, 2.5)	(37.0, 4.5)	(38.0, 7.0)	(39.0, 11.083333333333332)	(40.0, 12.083333333333332)	(41.0, 17.166666666666668)	(42.0, 26.666666666666664)	(43.0, 38.5)	(44.0, 74.83333333333339)	(45.0, 1164.0000000000143)	(46.0, 6398.999999998657)	(47.0, 5227.833333333057)	(48.0, 6226.666666665498)	(49.0, 4744.583333333499)	(50.0, 405.66666666666237)	(51.0, 2090.749999999839)	(52.0, 2242.499999999902)	(53.0, 1605.6666666665865)	(54.0, 2258.5833333332407)	(55.0, 492.3333333333251)	(56.0, 2431.6666666666533)	(57.0, 2227.9166666665615)	(58.0, 214.41666666666788)	(59.0, 85.4166666666666)	(60.0, 66.33333333333337)	(61.0, 46.66666666666668)	(62.0, 29.666666666666664)	(63.0, 25.666666666666664)	(64.0, 24.166666666666657)	(65.0, 11.166666666666668)	(66.0, 9.666666666666666)	(67.0, 13.166666666666668)	(68.0, 11.25)	(69.0, 4.749999999999999)	(70.0, 3.8333333333333335)	(71.0, 5.0)	(72.0, 23.666666666666654)	(73.0, 8.999999999999996)	(74.0, 0.8333333333333333)	(75.0, 0.3333333333333333)	(76.0, 0.3333333333333333)	(77.0, 0.0)	(78.0, 0.0)	(79.0, 0.0)	(80.0, 0.0)	(81.0, 0.0)	(82.0, 0.0)	(83.0, 0.0)	(84.0, 0.0)	(85.0, 0.0)	(86.0, 0.0)	(87.0, 0.3333333333333333)	(88.0, 0.3333333333333333)	(89.0, 0.0)	(90.0, 0.0)	(91.0, 0.0)	(92.0, 0.0)	(93.0, 0.0)	(94.0, 0.0)	(95.0, 0.0)	(96.0, 0.0)	(97.0, 0.0)	(98.0, 0.0)	(99.0, 0.0)	(100.0, 0.3333333333333333)
1193R_0_F_NS1_week5_S51_L001_R1_001	(0.0, 0.0)	(1.0, 0.0)	(2.0, 0.0)	(3.0, 0.0)	(4.0, 0.0)	(5.0, 0.0)	(6.0, 0.0)	(7.0, 0.0)	(8.0, 0.0)	(9.0, 0.0)	(10.0, 0.0)	(11.0, 0.0)	(12.0, 0.0)	(13.0, 0.0)	(14.0, 0.0)	(15.0, 0.0)	(16.0, 0.0)	(17.0, 0.0)	(18.0, 0.0)	(19.0, 0.0)	(20.0, 0.0)	(21.0, 0.0)	(22.0, 0.0)	(23.0, 0.0)	(24.0, 0.0)	(25.0, 0.0)	(26.0, 0.0)	(27.0, 0.0)	(28.0, 0.0)	(29.0, 0.0)	(30.0, 0.0)	(31.0, 0.0)	(32.0, 0.0)	(33.0, 0.0)	(34.0, 0.0)	(35.0, 0.0)	(36.0, 0.0)	(37.0, 0.0)	(38.0, 0.0)	(39.0, 0.0)	(40.0, 0.0)	(41.0, 1.6666666666666665)	(42.0, 5.499999999999999)	(43.0, 17.666666666666668)	(44.0, 63.83333333333334)	(45.0, 109.49999999999989)	(46.0, 229.91666666666828)	(47.0, 5034.999999999896)	(48.0, 13868.666666673986)	(49.0, 1668.083333333236)	(50.0, 866.0000000000271)	(51.0, 4780.833333333453)	(52.0, 6590.583333331827)	(53.0, 3618.5000000005134)	(54.0, 1904.4999999998513)	(55.0, 606.6666666666655)	(56.0, 104.8333333333331)	(57.0, 39.33333333333334)	(58.0, 17.166666666666668)	(59.0, 13.916666666666668)	(60.0, 8.249999999999998)	(61.0, 13.833333333333341)	(62.0, 93.99999999999976)	(63.0, 17.33333333333334)	(64.0, 3.666666666666667)	(65.0, 0.3333333333333333)	(66.0, 0.6666666666666666)	(67.0, 0.0)	(68.0, 0.0)	(69.0, 0.0)	(70.0, 0.0)	(71.0, 0.0)	(72.0, 0.0)	(73.0, 0.0)	(74.0, 0.0)	(75.0, 0.0)	(76.0, 0.0)	(77.0, 0.0)	(78.0, 0.0)	(79.0, 0.0)	(80.0, 0.0)	(81.0, 0.0)	(82.0, 0.0)	(83.0, 0.0)	(84.0, 0.0)	(85.0, 0.0)	(86.0, 0.0)	(87.0, 0.0)	(88.0, 0.0)	(89.0, 0.0)	(90.0, 0.0)	(91.0, 0.0)	(92.0, 0.0)	(93.0, 0.0)	(94.0, 0.0)	(95.0, 0.0)	(96.0, 0.0)	(97.0, 0.0)	(98.0, 0.0)	(99.0, 0.0)	(100.0, 0.0)
1193R_0_F_NS1_week5_S51_L001_R2_001	(0.0, 0.0)	(1.0, 0.0)	(2.0, 0.0)	(3.0, 0.0)	(4.0, 0.0)	(5.0, 0.0)	(6.0, 0.0)	(7.0, 0.0)	(8.0, 0.0)	(9.0, 0.0)	(10.0, 0.0)	(11.0, 0.0)	(12.0, 0.0)	(13.0, 0.0)	(14.0, 0.0)	(15.0, 0.0)	(16.0, 0.0)	(17.0, 0.0)	(18.0, 0.0)	(19.0, 0.0)	(20.0, 0.0)	(21.0, 0.0)	(22.0, 0.0)	(23.0, 0.0)	(24.0, 0.0)	(25.0, 0.0)	(26.0, 0.0)	(27.0, 0.0)	(28.0, 0.0)	(29.0, 0.0)	(30.0, 0.0)	(31.0, 0.0)	(32.0, 0.0)	(33.0, 0.0)	(34.0, 0.5)	(35.0, 2.0)	(36.0, 3.833333333333333)	(37.0, 4.333333333333333)	(38.0, 6.5)	(39.0, 12.583333333333332)	(40.0, 18.0)	(41.0, 19.5)	(42.0, 24.583333333333336)	(43.0, 34.0)	(44.0, 60.58333333333338)	(45.0, 281.7500000000011)	(46.0, 3286.250000000373)	(47.0, 1943.2499999998442)	(48.0, 4188.583333333974)	(49.0, 9714.083333333105)	(50.0, 1054.6666666667006)	(51.0, 1718.416666666563)	(52.0, 1917.6666666665183)	(53.0, 2070.3333333331652)	(54.0, 2381.833333333292)	(55.0, 607.499999999997)	(56.0, 5211.833333333121)	(57.0, 4500.583333333732)	(58.0, 435.7499999999948)	(59.0, 158.08333333333323)	(60.0, 178.66666666666669)	(61.0, 156.41666666666646)	(62.0, 66.08333333333334)	(63.0, 47.00000000000001)	(64.0, 36.83333333333333)	(65.0, 21.833333333333336)	(66.0, 14.166666666666666)	(67.0, 19.999999999999996)	(68.0, 26.5)	(69.0, 14.16666666666667)	(70.0, 9.833333333333334)	(71.0, 21.66666666666666)	(72.0, 75.6666666666667)	(73.0, 22.49999999999999)	(74.0, 2.333333333333333)	(75.0, 1.8333333333333333)	(76.0, 2.5)	(77.0, 1.8333333333333333)	(78.0, 0.0)	(79.0, 0.0)	(80.0, 0.0)	(81.0, 0.3333333333333333)	(82.0, 0.3333333333333333)	(83.0, 0.0)	(84.0, 1.0)	(85.0, 1.5)	(86.0, 0.5)	(87.0, 0.0)	(88.0, 0.0)	(89.0, 0.0)	(90.0, 0.0)	(91.0, 0.0)	(92.0, 0.0)	(93.0, 0.0)	(94.0, 0.0)	(95.0, 0.0)	(96.0, 0.0)	(97.0, 0.3333333333333333)	(98.0, 0.0)	(99.0, 0.75)	(100.0, 0.5)
1193R_0_F_NS1_week9_S72_L001_R1_001	(0.0, 0.0)	(1.0, 0.0)	(2.0, 0.0)	(3.0, 0.0)	(4.0, 0.0)	(5.0, 0.0)	(6.0, 0.0)	(7.0, 0.0)	(8.0, 0.0)	(9.0, 0.0)	(10.0, 0.0)	(11.0, 0.0)	(12.0, 0.0)	(13.0, 0.0)	(14.0, 0.0)	(15.0, 0.0)	(16.0, 0.0)	(17.0, 0.0)	(18.0, 0.0)	(19.0, 0.0)	(20.0, 0.0)	(21.0, 0.0)	(22.0, 0.0)	(23.0, 0.0)	(24.0, 0.0)	(25.0, 0.0)	(26.0, 0.0)	(27.0, 0.0)	(28.0, 0.0)	(29.0, 0.0)	(30.0, 0.0)	(31.0, 0.0)	(32.0, 0.5)	(33.0, 1.0)	(34.0, 0.5)	(35.0, 0.3333333333333333)	(36.0, 0.0)	(37.0, 0.3333333333333333)	(38.0, 1.8333333333333333)	(39.0, 3.3333333333333335)	(40.0, 3.5)	(41.0, 1.8333333333333333)	(42.0, 4.666666666666666)	(43.0, 16.5)	(44.0, 56.50000000000001)	(45.0, 111.83333333333317)	(46.0, 314.9999999999997)	(47.0, 7116.749999998018)	(48.0, 12940.166666672298)	(49.0, 1813.3333333332055)	(50.0, 728.6666666666787)	(51.0, 4220.000000000625)	(52.0, 6931.499999998192)	(53.0, 3290.250000000371)	(54.0, 696.0000000000084)	(55.0, 481.99999999999073)	(56.0, 66.16666666666677)	(57.0, 21.0)	(58.0, 19.999999999999996)	(59.0, 24.499999999999982)	(60.0, 8.666666666666664)	(61.0, 17.000000000000004)	(62.0, 139.49999999999957)	(63.0, 26.333333333333314)	(64.0, 5.5)	(65.0, 3.1666666666666665)	(66.0, 2.833333333333333)	(67.0, 0.8333333333333333)	(68.0, 0.3333333333333333)	(69.0, 0.8333333333333333)	(70.0, 1.0)	(71.0, 0.5)	(72.0, 0.0)	(73.0, 0.0)	(74.0, 0.0)	(75.0, 0.0)	(76.0, 0.0)	(77.0, 0.0)	(78.0, 0.0)	(79.0, 0.0)	(80.0, 0.0)	(81.0, 0.0)	(82.0, 0.0)	(83.0, 0.0)	(84.0, 0.0)	(85.0, 0.0)	(86.0, 0.0)	(87.0, 0.0)	(88.0, 0.0)	(89.0, 0.0)	(90.0, 0.0)	(91.0, 0.0)	(92.0, 0.0)	(93.0, 0.0)	(94.0, 0.0)	(95.0, 0.0)	(96.0, 0.0)	(97.0, 0.0)	(98.0, 0.0)	(99.0, 0.0)	(100.0, 0.0)
1193R_0_F_NS1_week9_S72_L001_R2_001	(0.0, 0.0)	(1.0, 0.0)	(2.0, 0.0)	(3.0, 0.0)	(4.0, 0.0)	(5.0, 0.0)	(6.0, 0.0)	(7.0, 0.0)	(8.0, 0.0)	(9.0, 0.0)	(10.0, 0.0)	(11.0, 0.0)	(12.0, 0.0)	(13.0, 0.0)	(14.0, 0.0)	(15.0, 0.0)	(16.0, 0.0)	(17.0, 0.0)	(18.0, 0.0)	(19.0, 0.0)	(20.0, 0.0)	(21.0, 0.0)	(22.0, 0.0)	(23.0, 0.0)	(24.0, 0.0)	(25.0, 0.0)	(26.0, 0.0)	(27.0, 0.0)	(28.0, 0.0)	(29.0, 0.0)	(30.0, 0.0)	(31.0, 0.0)	(32.0, 0.0)	(33.0, 0.0)	(34.0, 0.3333333333333333)	(35.0, 0.6666666666666666)	(36.0, 0.0)	(37.0, 1.5)	(38.0, 3.5)	(39.0, 2.25)	(40.0, 5.5)	(41.0, 10.416666666666666)	(42.0, 15.333333333333334)	(43.0, 23.91666666666666)	(44.0, 46.25000000000003)	(45.0, 343.9999999999982)	(46.0, 4856.333333333386)	(47.0, 3707.8333333338933)	(48.0, 4261.583333333917)	(49.0, 6951.749999998185)	(50.0, 796.4166666666839)	(51.0, 1826.9999999998713)	(52.0, 2202.66666666655)	(53.0, 2472.2500000000036)	(54.0, 2536.0000000000286)	(55.0, 408.08333333332985)	(56.0, 3707.1666666671995)	(57.0, 3996.166666667326)	(58.0, 366.66666666666424)	(59.0, 115.49999999999979)	(60.0, 135.16666666666623)	(61.0, 129.3333333333329)	(62.0, 52.16666666666668)	(63.0, 34.49999999999999)	(64.0, 33.83333333333332)	(65.0, 12.75)	(66.0, 14.5)	(67.0, 35.41666666666666)	(68.0, 31.666666666666664)	(69.0, 11.5)	(70.0, 8.833333333333332)	(71.0, 23.499999999999982)	(72.0, 120.16666666666607)	(73.0, 32.49999999999996)	(74.0, 2.6666666666666665)	(75.0, 2.6666666666666665)	(76.0, 2.333333333333333)	(77.0, 0.5)	(78.0, 0.3333333333333333)	(79.0, 0.0)	(80.0, 0.0)	(81.0, 0.0)	(82.0, 0.0)	(83.0, 0.0)	(84.0, 0.0)	(85.0, 0.0)	(86.0, 0.0)	(87.0, 0.3333333333333333)	(88.0, 0.0)	(89.0, 0.0)	(90.0, 0.0)	(91.0, 0.0)	(92.0, 0.3333333333333333)	(93.0, 0.3333333333333333)	(94.0, 0.0)	(95.0, 0.3333333333333333)	(96.0, 0.8333333333333333)	(97.0, 0.5)	(98.0, 0.3333333333333333)	(99.0, 0.0)	(100.0, 0.0)
1193R_L_F_NS1_diabetes_S25_L001_R1_001	(0.0, 0.0)	(1.0, 0.0)	(2.0, 0.0)	(3.0, 0.0)	(4.0, 0.0)	(5.0, 0.0)	(6.0, 0.0)	(7.0, 0.0)	(8.0, 0.0)	(9.0, 0.0)	(10.0, 0.0)	(11.0, 0.0)	(12.0, 0.0)	(13.0, 0.0)	(14.0, 0.0)	(15.0, 0.0)	(16.0, 0.0)	(17.0, 0.0)	(18.0, 0.0)	(19.0, 0.0)	(20.0, 0.0)	(21.0, 0.0)	(22.0, 0.0)	(23.0, 0.0)	(24.0, 0.0)	(25.0, 0.0)	(26.0, 0.0)	(27.0, 0.0)	(28.0, 0.0)	(29.0, 0.0)	(30.0, 0.0)	(31.0, 0.0)	(32.0, 0.0)	(33.0, 0.0)	(34.0, 0.0)	(35.0, 0.0)	(36.0, 0.0)	(37.0, 0.0)	(38.0, 0.0)	(39.0, 0.0)	(40.0, 0.0)	(41.0, 1.5)	(42.0, 6.666666666666666)	(43.0, 13.666666666666666)	(44.0, 53.00000000000001)	(45.0, 97.49999999999994)	(46.0, 250.16666666666882)	(47.0, 4962.91666666663)	(48.0, 9527.999999999442)	(49.0, 1613.0833333332487)	(50.0, 866.3333333333599)	(51.0, 4033.750000000703)	(52.0, 4531.91666666701)	(53.0, 2232.499999999899)	(54.0, 1651.833333333241)	(55.0, 431.4999999999935)	(56.0, 77.75000000000001)	(57.0, 27.666666666666647)	(58.0, 15.000000000000004)	(59.0, 15.66666666666667)	(60.0, 4.999999999999999)	(61.0, 7.999999999999997)	(62.0, 52.33333333333342)	(63.0, 10.333333333333332)	(64.0, 2.333333333333333)	(65.0, 0.8333333333333333)	(66.0, 0.0)	(67.0, 0.3333333333333333)	(68.0, 0.0)	(69.0, 0.0)	(70.0, 0.0)	(71.0, 0.0)	(72.0, 0.0)	(73.0, 0.0)	(74.0, 0.0)	(75.0, 0.0)	(76.0, 0.0)	(77.0, 0.0)	(78.0, 0.0)	(79.0, 0.0)	(80.0, 0.0)	(81.0, 0.0)	(82.0, 0.0)	(83.0, 0.0)	(84.0, 0.0)	(85.0, 0.0)	(86.0, 0.0)	(87.0, 0.0)	(88.0, 0.0)	(89.0, 0.0)	(90.0, 0.0)	(91.0, 0.0)	(92.0, 0.0)	(93.0, 0.0)	(94.0, 0.0)	(95.0, 0.0)	(96.0, 0.0)	(97.0, 0.0)	(98.0, 0.0)	(99.0, 0.0)	(100.0, 0.0)
1193R_L_F_NS1_diabetes_S25_L001_R2_001	(0.0, 0.0)	(1.0, 0.0)	(2.0, 0.0)	(3.0, 0.0)	(4.0, 0.0)	(5.0, 0.0)	(6.0, 0.0)	(7.0, 0.0)	(8.0, 0.0)	(9.0, 0.0)	(10.0, 0.0)	(11.0, 0.0)	(12.0, 0.0)	(13.0, 0.0)	(14.0, 0.0)	(15.0, 0.0)	(16.0, 0.0)	(17.0, 0.0)	(18.0, 0.0)	(19.0, 0.0)	(20.0, 0.0)	(21.0, 0.0)	(22.0, 0.0)	(23.0, 0.0)	(24.0, 0.0)	(25.0, 0.0)	(26.0, 0.0)	(27.0, 0.0)	(28.0, 0.0)	(29.0, 0.0)	(30.0, 0.0)	(31.0, 0.5)	(32.0, 0.5)	(33.0, 0.0)	(34.0, 0.5)	(35.0, 1.0)	(36.0, 1.0)	(37.0, 4.0)	(38.0, 10.0)	(39.0, 14.0)	(40.0, 16.166666666666664)	(41.0, 17.999999999999996)	(42.0, 28.833333333333332)	(43.0, 42.41666666666667)	(44.0, 63.250000000000064)	(45.0, 282.0833333333345)	(46.0, 2894.666666666864)	(47.0, 2312.583333333265)	(48.0, 3738.000000000571)	(49.0, 5597.66666666606)	(50.0, 703.6666666666753)	(51.0, 1071.4166666667004)	(52.0, 1188.50000000001)	(53.0, 1607.3333333332534)	(54.0, 1846.1666666665346)	(55.0, 528.1666666666591)	(56.0, 4264.083333333919)	(57.0, 3806.000000000572)	(58.0, 415.24999999999557)	(59.0, 156.1666666666666)	(60.0, 131.66666666666643)	(61.0, 99.66666666666654)	(62.0, 50.74999999999999)	(63.0, 35.08333333333333)	(64.0, 31.999999999999982)	(65.0, 18.083333333333336)	(66.0, 12.916666666666666)	(67.0, 15.666666666666668)	(68.0, 14.666666666666666)	(69.0, 10.75)	(70.0, 10.0)	(71.0, 13.166666666666668)	(72.0, 44.16666666666671)	(73.0, 10.000000000000002)	(74.0, 2.6666666666666665)	(75.0, 2.5)	(76.0, 1.25)	(77.0, 1.0)	(78.0, 1.0)	(79.0, 0.0)	(80.0, 0.0)	(81.0, 0.0)	(82.0, 0.5)	(83.0, 0.5)	(84.0, 0.0)	(85.0, 0.0)	(86.0, 0.5)	(87.0, 0.5)	(88.0, 0.0)	(89.0, 0.0)	(90.0, 0.5)	(91.0, 0.5)	(92.0, 0.0)	(93.0, 0.0)	(94.0, 0.0)	(95.0, 0.0)	(96.0, 0.25)	(97.0, 0.0)	(98.0, 0.0)	(99.0, 0.3333333333333333)	(100.0, 0.0)
1193R_L_F_NS1_week5_S52_L001_R1_001	(0.0, 0.0)	(1.0, 0.0)	(2.0, 0.0)	(3.0, 0.0)	(4.0, 0.0)	(5.0, 0.0)	(6.0, 0.0)	(7.0, 0.0)	(8.0, 0.0)	(9.0, 0.0)	(10.0, 0.0)	(11.0, 0.0)	(12.0, 0.0)	(13.0, 0.0)	(14.0, 0.0)	(15.0, 0.0)	(16.0, 0.0)	(17.0, 0.0)	(18.0, 0.0)	(19.0, 0.0)	(20.0, 0.0)	(21.0, 0.0)	(22.0, 0.0)	(23.0, 0.0)	(24.0, 0.0)	(25.0, 0.0)	(26.0, 0.0)	(27.0, 0.0)	(28.0, 0.0)	(29.0, 0.0)	(30.0, 0.0)	(31.0, 0.0)	(32.0, 0.0)	(33.0, 0.0)	(34.0, 1.6666666666666665)	(35.0, 3.3333333333333335)	(36.0, 0.3333333333333333)	(37.0, 1.5833333333333333)	(38.0, 1.5833333333333333)	(39.0, 0.0)	(40.0, 1.0)	(41.0, 3.3333333333333335)	(42.0, 8.0)	(43.0, 24.583333333333332)	(44.0, 94.16666666666667)	(45.0, 170.16666666666669)	(46.0, 352.9999999999986)	(47.0, 5324.333333332977)	(48.0, 15519.500000010308)	(49.0, 2118.1666666665155)	(50.0, 769.5000000000165)	(51.0, 4047.833333334042)	(52.0, 5457.833333332855)	(53.0, 2880.7500000001864)	(54.0, 1492.3333333332757)	(55.0, 527.4999999999903)	(56.0, 89.24999999999989)	(57.0, 35.499999999999986)	(58.0, 24.41666666666666)	(59.0, 19.16666666666667)	(60.0, 6.416666666666666)	(61.0, 7.166666666666665)	(62.0, 56.166666666666785)	(63.0, 9.333333333333332)	(64.0, 3.0)	(65.0, 2.333333333333333)	(66.0, 1.0)	(67.0, 0.0)	(68.0, 0.0)	(69.0, 0.0)	(70.0, 0.0)	(71.0, 0.0)	(72.0, 0.0)	(73.0, 0.0)	(74.0, 0.0)	(75.0, 0.0)	(76.0, 0.0)	(77.0, 0.0)	(78.0, 0.0)	(79.0, 0.0)	(80.0, 0.0)	(81.0, 0.0)	(82.0, 0.0)	(83.0, 0.0)	(84.0, 0.0)	(85.0, 0.0)	(86.0, 0.0)	(87.0, 0.0)	(88.0, 0.0)	(89.0, 0.0)	(90.0, 0.0)	(91.0, 0.0)	(92.0, 0.0)	(93.0, 0.0)	(94.0, 0.0)	(95.0, 0.0)	(96.0, 0.0)	(97.0, 0.0)	(98.0, 0.0)	(99.0, 0.0)	(100.0, 0.0)
1193R_L_F_NS1_week5_S52_L001_R2_001	(0.0, 0.0)	(1.0, 0.0)	(2.0, 0.0)	(3.0, 0.0)	(4.0, 0.0)	(5.0, 0.0)	(6.0, 0.0)	(7.0, 0.0)	(8.0, 0.0)	(9.0, 0.0)	(10.0, 0.0)	(11.0, 0.0)	(12.0, 0.0)	(13.0, 0.0)	(14.0, 0.0)	(15.0, 0.0)	(16.0, 0.0)	(17.0, 0.0)	(18.0, 0.0)	(19.0, 0.0)	(20.0, 0.0)	(21.0, 0.0)	(22.0, 0.0)	(23.0, 0.0)	(24.0, 0.0)	(25.0, 0.0)	(26.0, 0.0)	(27.0, 0.5)	(28.0, 0.5)	(29.0, 0.0)	(30.0, 0.5)	(31.0, 1.8333333333333333)	(32.0, 1.3333333333333333)	(33.0, 0.6666666666666666)	(34.0, 3.5)	(35.0, 4.166666666666666)	(36.0, 4.833333333333334)	(37.0, 5.0)	(38.0, 6.0)	(39.0, 9.25)	(40.0, 13.25)	(41.0, 18.833333333333332)	(42.0, 25.666666666666668)	(43.0, 37.33333333333333)	(44.0, 63.00000000000004)	(45.0, 311.74999999999983)	(46.0, 3507.3333333338014)	(47.0, 2098.9166666665105)	(48.0, 4714.166666666857)	(49.0, 11295.0000000026)	(50.0, 1231.8333333333383)	(51.0, 1351.9166666666451)	(52.0, 1476.1666666666154)	(53.0, 1882.7499999998602)	(54.0, 2041.916666666496)	(55.0, 526.5833333333253)	(56.0, 4414.916666667129)	(57.0, 3915.583333333951)	(58.0, 389.3333333333306)	(59.0, 143.0833333333331)	(60.0, 130.6666666666664)	(61.0, 110.08333333333319)	(62.0, 46.583333333333336)	(63.0, 34.499999999999986)	(64.0, 28.833333333333325)	(65.0, 17.333333333333336)	(66.0, 10.833333333333334)	(67.0, 16.0)	(68.0, 16.333333333333336)	(69.0, 7.0)	(70.0, 4.333333333333333)	(71.0, 9.833333333333332)	(72.0, 50.08333333333341)	(73.0, 12.833333333333336)	(74.0, 1.8333333333333333)	(75.0, 1.6666666666666665)	(76.0, 0.5)	(77.0, 0.0)	(78.0, 0.3333333333333333)	(79.0, 0.3333333333333333)	(80.0, 0.0)	(81.0, 0.0)	(82.0, 0.3333333333333333)	(83.0, 0.0)	(84.0, 0.0)	(85.0, 0.0)	(86.0, 0.0)	(87.0, 0.0)	(88.0, 0.0)	(89.0, 0.0)	(90.0, 0.0)	(91.0, 0.0)	(92.0, 0.0)	(93.0, 0.0)	(94.0, 0.0)	(95.0, 0.0)	(96.0, 0.0)	(97.0, 0.0)	(98.0, 0.25)	(99.0, 0.0)	(100.0, 0.0)
1193R_L_F_NS1_week9_S73_L001_R1_001	(0.0, 0.0)	(1.0, 0.0)	(2.0, 0.0)	(3.0, 0.0)	(4.0, 0.0)	(5.0, 0.0)	(6.0, 0.0)	(7.0, 0.0)	(8.0, 0.0)	(9.0, 0.0)	(10.0, 0.0)	(11.0, 0.0)	(12.0, 0.0)	(13.0, 0.0)	(14.0, 0.0)	(15.0, 0.0)	(16.0, 0.0)	(17.0, 0.0)	(18.0, 0.0)	(19.0, 0.0)	(20.0, 0.0)	(21.0, 0.0)	(22.0, 0.0)	(23.0, 0.0)	(24.0, 0.0)	(25.0, 0.0)	(26.0, 0.0)	(27.0, 0.0)	(28.0, 0.0)	(29.0, 0.0)	(30.0, 0.0)	(31.0, 0.0)	(32.0, 0.0)	(33.0, 0.0)	(34.0, 0.0)	(35.0, 0.0)	(36.0, 0.0)	(37.0, 0.0)	(38.0, 0.3333333333333333)	(39.0, 0.3333333333333333)	(40.0, 1.0)	(41.0, 2.333333333333333)	(42.0, 6.499999999999999)	(43.0, 18.333333333333336)	(44.0, 56.0)	(45.0, 108.58333333333317)	(46.0, 314.58333333333303)	(47.0, 6937.4999999981765)	(48.0, 10672.166666668189)	(49.0, 1963.7499999998402)	(50.0, 818.500000000021)	(51.0, 3278.4166666670317)	(52.0, 5884.166666665799)	(53.0, 3431.7500000004316)	(54.0, 791.6666666666854)	(55.0, 412.91666666666106)	(56.0, 68.66666666666679)	(57.0, 30.249999999999968)	(58.0, 17.583333333333336)	(59.0, 22.666666666666657)	(60.0, 5.333333333333332)	(61.0, 5.999999999999999)	(62.0, 43.50000000000003)	(63.0, 6.666666666666664)	(64.0, 1.0)	(65.0, 0.3333333333333333)	(66.0, 0.3333333333333333)	(67.0, 0.0)	(68.0, 0.0)	(69.0, 0.0)	(70.0, 0.0)	(71.0, 0.0)	(72.0, 0.0)	(73.0, 0.0)	(74.0, 0.0)	(75.0, 0.0)	(76.0, 0.0)	(77.0, 0.0)	(78.0, 0.0)	(79.0, 0.0)	(80.0, 0.0)	(81.0, 0.0)	(82.0, 0.0)	(83.0, 0.0)	(84.0, 0.0)	(85.0, 0.0)	(86.0, 0.0)	(87.0, 0.0)	(88.0, 0.0)	(89.0, 0.0)	(90.0, 0.0)	(91.0, 0.0)	(92.0, 0.0)	(93.0, 0.0)	(94.0, 0.0)	(95.0, 0.0)	(96.0, 0.0)	(97.0, 0.0)	(98.0, 0.0)	(99.0, 0.0)	(100.0, 0.0)
1193R_L_F_NS1_week9_S73_L001_R2_001	(0.0, 0.0)	(1.0, 0.0)	(2.0, 0.0)	(3.0, 0.0)	(4.0, 0.0)	(5.0, 0.0)	(6.0, 0.0)	(7.0, 0.0)	(8.0, 0.0)	(9.0, 0.0)	(10.0, 0.0)	(11.0, 0.0)	(12.0, 0.0)	(13.0, 0.0)	(14.0, 0.0)	(15.0, 0.0)	(16.0, 0.0)	(17.0, 0.0)	(18.0, 0.0)	(19.0, 0.0)	(20.0, 0.0)	(21.0, 0.0)	(22.0, 0.0)	(23.0, 0.0)	(24.0, 0.0)	(25.0, 0.0)	(26.0, 0.0)	(27.0, 0.0)	(28.0, 0.0)	(29.0, 0.0)	(30.0, 0.5)	(31.0, 2.0)	(32.0, 2.333333333333333)	(33.0, 0.8333333333333333)	(34.0, 0.3333333333333333)	(35.0, 1.5)	(36.0, 2.833333333333333)	(37.0, 2.8333333333333335)	(38.0, 3.5)	(39.0, 10.833333333333334)	(40.0, 16.666666666666668)	(41.0, 18.0)	(42.0, 24.999999999999996)	(43.0, 40.16666666666668)	(44.0, 64.00000000000007)	(45.0, 375.6666666666631)	(46.0, 4381.66666666715)	(47.0, 3852.666666667291)	(48.0, 4397.416666667129)	(49.0, 4628.583333333597)	(50.0, 621.7500000000002)	(51.0, 1593.3333333332546)	(52.0, 1978.4166666665017)	(53.0, 3063.666666666935)	(54.0, 3134.500000000297)	(55.0, 440.0833333333279)	(56.0, 2929.3333333335318)	(57.0, 3064.666666666924)	(58.0, 328.74999999999943)	(59.0, 115.49999999999977)	(60.0, 74.83333333333339)	(61.0, 62.66666666666675)	(62.0, 33.58333333333333)	(63.0, 23.41666666666666)	(64.0, 26.166666666666657)	(65.0, 10.0)	(66.0, 7.666666666666667)	(67.0, 13.583333333333334)	(68.0, 11.333333333333334)	(69.0, 5.083333333333334)	(70.0, 3.333333333333333)	(71.0, 9.666666666666666)	(72.0, 34.166666666666636)	(73.0, 6.333333333333332)	(74.0, 1.0)	(75.0, 1.0)	(76.0, 0.5)	(77.0, 0.0)	(78.0, 0.0)	(79.0, 0.5)	(80.0, 0.5)	(81.0, 0.3333333333333333)	(82.0, 0.3333333333333333)	(83.0, 0.3333333333333333)	(84.0, 0.3333333333333333)	(85.0, 0.0)	(86.0, 0.0)	(87.0, 0.0)	(88.0, 0.0)	(89.0, 0.0)	(90.0, 0.0)	(91.0, 0.0)	(92.0, 0.0)	(93.0, 0.0)	(94.0, 0.0)	(95.0, 0.0)	(96.0, 0.0)	(97.0, 0.3333333333333333)	(98.0, 0.3333333333333333)	(99.0, 0.0)	(100.0, 0.0)
1193R_NS1_week24_S38_L001_R1_001	(0.0, 0.0)	(1.0, 0.0)	(2.0, 0.0)	(3.0, 0.0)	(4.0, 0.0)	(5.0, 0.0)	(6.0, 0.0)	(7.0, 0.0)	(8.0, 0.0)	(9.0, 0.0)	(10.0, 0.0)	(11.0, 0.0)	(12.0, 0.0)	(13.0, 0.0)	(14.0, 0.0)	(15.0, 0.0)	(16.0, 0.0)	(17.0, 0.0)	(18.0, 0.0)	(19.0, 0.0)	(20.0, 0.0)	(21.0, 0.0)	(22.0, 0.0)	(23.0, 0.0)	(24.0, 0.0)	(25.0, 0.0)	(26.0, 0.0)	(27.0, 0.0)	(28.0, 0.0)	(29.0, 0.0)	(30.0, 0.0)	(31.0, 0.0)	(32.0, 0.0)	(33.0, 0.0)	(34.0, 0.3333333333333333)	(35.0, 0.3333333333333333)	(36.0, 0.0)	(37.0, 0.0)	(38.0, 0.0)	(39.0, 0.0)	(40.0, 0.5)	(41.0, 1.5)	(42.0, 4.5)	(43.0, 14.0)	(44.0, 47.83333333333333)	(45.0, 97.9999999999999)	(46.0, 244.33333333333525)	(47.0, 6242.999999998799)	(48.0, 10712.333333334933)	(49.0, 1675.666666666567)	(50.0, 780.9166666666849)	(51.0, 5317.583333332974)	(52.0, 6377.416666665355)	(53.0, 2016.5833333331616)	(54.0, 1035.333333333375)	(55.0, 363.3333333333304)	(56.0, 62.58333333333345)	(57.0, 24.666666666666647)	(58.0, 13.833333333333341)	(59.0, 19.166666666666664)	(60.0, 4.666666666666667)	(61.0, 7.833333333333331)	(62.0, 56.833333333333464)	(63.0, 10.666666666666668)	(64.0, 5.0)	(65.0, 0.8333333333333333)	(66.0, 0.6666666666666666)	(67.0, 0.3333333333333333)	(68.0, 0.0)	(69.0, 0.0)	(70.0, 0.0)	(71.0, 0.0)	(72.0, 0.0)	(73.0, 0.0)	(74.0, 0.0)	(75.0, 0.0)	(76.0, 0.0)	(77.0, 0.0)	(78.0, 0.0)	(79.0, 0.0)	(80.0, 0.0)	(81.0, 0.0)	(82.0, 0.0)	(83.0, 0.0)	(84.0, 0.0)	(85.0, 0.0)	(86.0, 0.0)	(87.0, 0.0)	(88.0, 0.0)	(89.0, 0.0)	(90.0, 0.0)	(91.0, 0.0)	(92.0, 0.0)	(93.0, 0.0)	(94.0, 0.0)	(95.0, 0.0)	(96.0, 0.0)	(97.0, 0.0)	(98.0, 0.0)	(99.0, 0.0)	(100.0, 0.0)
1193R_NS1_week24_S38_L001_R2_001	(0.0, 0.0)	(1.0, 0.0)	(2.0, 0.0)	(3.0, 0.0)	(4.0, 0.0)	(5.0, 0.0)	(6.0, 0.0)	(7.0, 0.0)	(8.0, 0.0)	(9.0, 0.0)	(10.0, 0.0)	(11.0, 0.0)	(12.0, 0.0)	(13.0, 0.0)	(14.0, 0.0)	(15.0, 0.0)	(16.0, 0.0)	(17.0, 0.0)	(18.0, 0.0)	(19.0, 0.0)	(20.0, 0.0)	(21.0, 0.0)	(22.0, 0.0)	(23.0, 0.0)	(24.0, 0.0)	(25.0, 0.0)	(26.0, 0.0)	(27.0, 0.0)	(28.0, 0.5)	(29.0, 1.0)	(30.0, 0.5)	(31.0, 0.0)	(32.0, 0.0)	(33.0, 0.0)	(34.0, 0.0)	(35.0, 0.0)	(36.0, 1.5)	(37.0, 4.0)	(38.0, 4.0)	(39.0, 3.333333333333333)	(40.0, 6.499999999999999)	(41.0, 8.0)	(42.0, 10.333333333333334)	(43.0, 21.333333333333332)	(44.0, 41.16666666666668)	(45.0, 274.83333333333513)	(46.0, 3827.666666667285)	(47.0, 3317.6666666670526)	(48.0, 4179.333333333992)	(49.0, 5747.249999999265)	(50.0, 626.2499999999999)	(51.0, 1307.583333333318)	(52.0, 1495.4166666666094)	(53.0, 1734.9999999998904)	(54.0, 1863.9166666665292)	(55.0, 374.99999999999744)	(56.0, 4827.250000000109)	(57.0, 5056.999999999907)	(58.0, 413.16666666666237)	(59.0, 117.91666666666646)	(60.0, 87.08333333333333)	(61.0, 75.6666666666667)	(62.0, 45.16666666666668)	(63.0, 31.33333333333332)	(64.0, 26.33333333333332)	(65.0, 11.833333333333334)	(66.0, 9.833333333333332)	(67.0, 15.333333333333332)	(68.0, 14.5)	(69.0, 6.666666666666667)	(70.0, 4.5)	(71.0, 11.333333333333336)	(72.0, 50.16666666666674)	(73.0, 14.500000000000004)	(74.0, 5.499999999999999)	(75.0, 2.5)	(76.0, 0.3333333333333333)	(77.0, 0.3333333333333333)	(78.0, 0.3333333333333333)	(79.0, 0.6666666666666666)	(80.0, 0.3333333333333333)	(81.0, 0.8333333333333333)	(82.0, 0.5)	(83.0, 0.25)	(84.0, 0.0)	(85.0, 0.0)	(86.0, 0.0)	(87.0, 0.3333333333333333)	(88.0, 0.3333333333333333)	(89.0, 0.0)	(90.0, 0.0)	(91.0, 0.0)	(92.0, 0.0)	(93.0, 0.0)	(94.0, 0.0)	(95.0, 0.3333333333333333)	(96.0, 0.3333333333333333)	(97.0, 0.0)	(98.0, 0.0)	(99.0, 0.25)	(100.0, 0.3333333333333333)
184R_0_M_NS6_week5_S7_L001_R1_001	(0.0, 0.0)	(1.0, 0.0)	(2.0, 0.0)	(3.0, 0.0)	(4.0, 0.0)	(5.0, 0.0)	(6.0, 0.0)	(7.0, 0.0)	(8.0, 0.0)	(9.0, 0.0)	(10.0, 0.0)	(11.0, 0.0)	(12.0, 0.0)	(13.0, 0.0)	(14.0, 0.0)	(15.0, 0.0)	(16.0, 0.0)	(17.0, 0.0)	(18.0, 0.0)	(19.0, 0.0)	(20.0, 0.0)	(21.0, 0.0)	(22.0, 0.0)	(23.0, 0.0)	(24.0, 0.0)	(25.0, 0.0)	(26.0, 0.0)	(27.0, 0.0)	(28.0, 0.0)	(29.0, 0.0)	(30.0, 0.0)	(31.0, 0.0)	(32.0, 0.0)	(33.0, 0.0)	(34.0, 0.0)	(35.0, 0.0)	(36.0, 0.0)	(37.0, 0.0)	(38.0, 0.0)	(39.0, 0.5)	(40.0, 3.0)	(41.0, 5.833333333333334)	(42.0, 19.333333333333332)	(43.0, 30.58333333333333)	(44.0, 50.33333333333335)	(45.0, 263.5000000000022)	(46.0, 3366.3333333337414)	(47.0, 3878.916666667306)	(48.0, 6078.749999998953)	(49.0, 1025.8333333333765)	(50.0, 467.2499999999921)	(51.0, 3588.750000000505)	(52.0, 5802.66666666587)	(53.0, 2561.916666666712)	(54.0, 1650.916666666573)	(55.0, 415.166666666661)	(56.0, 76.83333333333333)	(57.0, 28.249999999999975)	(58.0, 15.333333333333341)	(59.0, 11.583333333333337)	(60.0, 3.5000000000000004)	(61.0, 7.83333333333333)	(62.0, 47.500000000000064)	(63.0, 10.333333333333334)	(64.0, 2.1666666666666665)	(65.0, 1.6666666666666665)	(66.0, 1.3333333333333333)	(67.0, 0.5)	(68.0, 0.3333333333333333)	(69.0, 0.0)	(70.0, 0.0)	(71.0, 0.0)	(72.0, 0.0)	(73.0, 0.0)	(74.0, 0.0)	(75.0, 0.0)	(76.0, 0.0)	(77.0, 0.0)	(78.0, 0.0)	(79.0, 0.0)	(80.0, 0.0)	(81.0, 0.0)	(82.0, 0.0)	(83.0, 0.0)	(84.0, 0.0)	(85.0, 0.0)	(86.0, 0.0)	(87.0, 0.0)	(88.0, 0.0)	(89.0, 0.0)	(90.0, 0.0)	(91.0, 0.0)	(92.0, 0.0)	(93.0, 0.0)	(94.0, 0.0)	(95.0, 0.0)	(96.0, 0.0)	(97.0, 0.0)	(98.0, 0.0)	(99.0, 0.0)	(100.0, 0.0)
184R_0_M_NS6_week5_S7_L001_R2_001	(0.0, 0.0)	(1.0, 0.0)	(2.0, 0.0)	(3.0, 0.0)	(4.0, 0.0)	(5.0, 0.0)	(6.0, 0.0)	(7.0, 0.0)	(8.0, 0.0)	(9.0, 0.0)	(10.0, 0.0)	(11.0, 0.0)	(12.0, 0.0)	(13.0, 0.0)	(14.0, 0.0)	(15.0, 0.0)	(16.0, 0.0)	(17.0, 0.0)	(18.0, 0.0)	(19.0, 0.0)	(20.0, 0.0)	(21.0, 0.0)	(22.0, 0.0)	(23.0, 0.0)	(24.0, 0.0)	(25.0, 0.0)	(26.0, 0.0)	(27.0, 0.0)	(28.0, 0.0)	(29.0, 0.0)	(30.0, 0.0)	(31.0, 0.0)	(32.0, 0.0)	(33.0, 0.0)	(34.0, 0.5)	(35.0, 1.5)	(36.0, 1.0)	(37.0, 1.0)	(38.0, 4.5)	(39.0, 7.5)	(40.0, 10.333333333333334)	(41.0, 12.75)	(42.0, 17.083333333333332)	(43.0, 26.333333333333325)	(44.0, 52.1666666666667)	(45.0, 711.333333333344)	(46.0, 5643.333333332679)	(47.0, 5775.499999999227)	(48.0, 3186.916666666993)	(49.0, 1372.1666666666351)	(50.0, 247.1666666666686)	(51.0, 2263.666666666578)	(52.0, 2341.999999999947)	(53.0, 984.0000000000379)	(54.0, 1953.2499999998454)	(55.0, 496.3333333333251)	(56.0, 3292.916666667026)	(57.0, 3445.0000000004284)	(58.0, 282.000000000001)	(59.0, 108.58333333333314)	(60.0, 108.16666666666639)	(61.0, 87.74999999999993)	(62.0, 35.749999999999986)	(63.0, 28.166666666666664)	(64.0, 23.99999999999999)	(65.0, 13.333333333333334)	(66.0, 12.5)	(67.0, 14.666666666666668)	(68.0, 11.583333333333332)	(69.0, 7.0)	(70.0, 5.333333333333333)	(71.0, 7.166666666666664)	(72.0, 40.83333333333335)	(73.0, 8.33333333333333)	(74.0, 1.3333333333333333)	(75.0, 1.0)	(76.0, 0.3333333333333333)	(77.0, 1.0)	(78.0, 0.6666666666666666)	(79.0, 0.0)	(80.0, 0.0)	(81.0, 0.0)	(82.0, 0.0)	(83.0, 0.0)	(84.0, 0.0)	(85.0, 0.0)	(86.0, 0.0)	(87.0, 0.3333333333333333)	(88.0, 0.0)	(89.0, 0.0)	(90.0, 0.3333333333333333)	(91.0, 0.3333333333333333)	(92.0, 0.0)	(93.0, 0.0)	(94.0, 0.0)	(95.0, 0.0)	(96.0, 0.0)	(97.0, 0.0)	(98.0, 0.0)	(99.0, 0.0)	(100.0, 0.0)
2402R_0_F_S5_week5_S15_L001_R1_001	(0.0, 0.0)	(1.0, 0.0)	(2.0, 0.0)	(3.0, 0.0)	(4.0, 0.0)	(5.0, 0.0)	(6.0, 0.0)	(7.0, 0.0)	(8.0, 0.0)	(9.0, 0.0)	(10.0, 0.0)	(11.0, 0.0)	(12.0, 0.0)	(13.0, 0.0)	(14.0, 0.0)	(15.0, 0.0)	(16.0, 0.0)	(17.0, 0.0)	(18.0, 0.0)	(19.0, 0.0)	(20.0, 0.0)	(21.0, 0.0)	(22.0, 0.0)	(23.0, 0.0)	(24.0, 0.0)	(25.0, 0.0)	(26.0, 0.0)	(27.0, 0.0)	(28.0, 0.0)	(29.0, 0.0)	(30.0, 0.3333333333333333)	(31.0, 0.3333333333333333)	(32.0, 0.0)	(33.0, 0.25)	(34.0, 0.0)	(35.0, 0.0)	(36.0, 0.0)	(37.0, 0.0)	(38.0, 0.0)	(39.0, 0.0)	(40.0, 0.5)	(41.0, 1.6666666666666665)	(42.0, 3.5)	(43.0, 5.833333333333333)	(44.0, 24.499999999999996)	(45.0, 42.66666666666667)	(46.0, 364.9999999999971)	(47.0, 5584.583333332729)	(48.0, 1861.9999999998586)	(49.0, 1640.749999999911)	(50.0, 1527.4166666666047)	(51.0, 11768.833333336814)	(52.0, 13465.250000006488)	(53.0, 2532.0833333333635)	(54.0, 602.4999999999982)	(55.0, 235.75000000000185)	(56.0, 78.25000000000003)	(57.0, 27.333333333333325)	(58.0, 45.41666666666671)	(59.0, 46.33333333333338)	(60.0, 9.333333333333334)	(61.0, 3.5)	(62.0, 0.8333333333333333)	(63.0, 0.5)	(64.0, 0.0)	(65.0, 0.0)	(66.0, 0.3333333333333333)	(67.0, 0.3333333333333333)	(68.0, 0.0)	(69.0, 0.0)	(70.0, 0.0)	(71.0, 0.0)	(72.0, 0.0)	(73.0, 0.0)	(74.0, 0.0)	(75.0, 0.0)	(76.0, 0.0)	(77.0, 0.0)	(78.0, 0.0)	(79.0, 0.0)	(80.0, 0.0)	(81.0, 0.0)	(82.0, 0.0)	(83.0, 0.0)	(84.0, 0.0)	(85.0, 0.0)	(86.0, 0.0)	(87.0, 0.0)	(88.0, 0.0)	(89.0, 0.0)	(90.0, 0.0)	(91.0, 0.0)	(92.0, 0.0)	(93.0, 0.0)	(94.0, 0.0)	(95.0, 0.0)	(96.0, 0.0)	(97.0, 0.0)	(98.0, 0.0)	(99.0, 0.0)	(100.0, 0.0)
2402R_0_F_S5_week5_S15_L001_R2_001	(0.0, 0.0)	(1.0, 0.0)	(2.0, 0.0)	(3.0, 0.0)	(4.0, 0.0)	(5.0, 0.0)	(6.0, 0.0)	(7.0, 0.0)	(8.0, 0.0)	(9.0, 0.0)	(10.0, 0.0)	(11.0, 0.0)	(12.0, 0.0)	(13.0, 0.0)	(14.0, 0.0)	(15.0, 0.0)	(16.0, 0.0)	(17.0, 0.0)	(18.0, 0.0)	(19.0, 0.0)	(20.0, 0.0)	(21.0, 0.0)	(22.0, 0.0)	(23.0, 0.0)	(24.0, 0.0)	(25.0, 0.0)	(26.0, 0.0)	(27.0, 0.0)	(28.0, 0.0)	(29.0, 0.0)	(30.0, 0.0)	(31.0, 0.5)	(32.0, 1.0)	(33.0, 0.5)	(34.0, 1.5)	(35.0, 3.0)	(36.0, 2.25)	(37.0, 2.25)	(38.0, 6.583333333333333)	(39.0, 8.0)	(40.0, 9.5)	(41.0, 13.0)	(42.0, 13.833333333333334)	(43.0, 18.5)	(44.0, 41.166666666666686)	(45.0, 422.083333333327)	(46.0, 5426.666666666203)	(47.0, 746.0000000000147)	(48.0, 759.416666666682)	(49.0, 287.3333333333344)	(50.0, 195.2500000000009)	(51.0, 895.5000000000299)	(52.0, 1066.3333333333687)	(53.0, 2421.9166666666506)	(54.0, 2212.416666666555)	(55.0, 623.4999999999999)	(56.0, 10497.916666667714)	(57.0, 11232.166666669002)	(58.0, 910.8333333333586)	(59.0, 263.58333333333456)	(60.0, 201.41666666666742)	(61.0, 180.00000000000037)	(62.0, 78.83333333333336)	(63.0, 55.333333333333364)	(64.0, 67.41666666666676)	(65.0, 28.333333333333318)	(66.0, 16.333333333333336)	(67.0, 13.416666666666666)	(68.0, 8.0)	(69.0, 7.333333333333333)	(70.0, 4.833333333333334)	(71.0, 5.166666666666666)	(72.0, 5.0)	(73.0, 3.833333333333333)	(74.0, 3.0)	(75.0, 2.0)	(76.0, 1.8333333333333333)	(77.0, 0.75)	(78.0, 0.0)	(79.0, 0.0)	(80.0, 0.0)	(81.0, 0.0)	(82.0, 0.0)	(83.0, 0.0)	(84.0, 0.0)	(85.0, 0.0)	(86.0, 0.0)	(87.0, 0.0)	(88.0, 0.0)	(89.0, 0.0)	(90.0, 0.0)	(91.0, 0.3333333333333333)	(92.0, 0.0)	(93.0, 0.0)	(94.0, 0.0)	(95.0, 0.0)	(96.0, 0.0)	(97.0, 0.0)	(98.0, 0.0)	(99.0, 0.3333333333333333)	(100.0, 0.5)
2402R_R_F_S5_week5_S16_L001_R1_001	(0.0, 0.0)	(1.0, 0.0)	(2.0, 0.0)	(3.0, 0.0)	(4.0, 0.0)	(5.0, 0.0)	(6.0, 0.0)	(7.0, 0.0)	(8.0, 0.0)	(9.0, 0.0)	(10.0, 0.0)	(11.0, 0.0)	(12.0, 0.0)	(13.0, 0.0)	(14.0, 0.0)	(15.0, 0.0)	(16.0, 0.0)	(17.0, 0.0)	(18.0, 0.0)	(19.0, 0.0)	(20.0, 0.0)	(21.0, 0.0)	(22.0, 0.0)	(23.0, 0.0)	(24.0, 0.0)	(25.0, 0.0)	(26.0, 0.0)	(27.0, 0.0)	(28.0, 0.0)	(29.0, 0.0)	(30.0, 0.0)	(31.0, 0.0)	(32.0, 0.0)	(33.0, 0.0)	(34.0, 0.0)	(35.0, 0.0)	(36.0, 0.0)	(37.0, 0.0)	(38.0, 0.0)	(39.0, 1.3333333333333333)	(40.0, 1.8333333333333333)	(41.0, 1.0)	(42.0, 1.5)	(43.0, 10.166666666666666)	(44.0, 29.666666666666668)	(45.0, 45.41666666666667)	(46.0, 383.74999999999625)	(47.0, 6010.99999999901)	(48.0, 2102.083333333175)	(49.0, 1444.5833333332885)	(50.0, 2191.833333333211)	(51.0, 8021.416666663869)	(52.0, 9980.16666666692)	(53.0, 4386.83333333381)	(54.0, 1671.583333333235)	(55.0, 297.5000000000007)	(56.0, 99.99999999999977)	(57.0, 40.5)	(58.0, 70.00000000000006)	(59.0, 62.00000000000014)	(60.0, 6.833333333333333)	(61.0, 2.5)	(62.0, 1.4999999999999998)	(63.0, 1.3333333333333333)	(64.0, 0.8333333333333333)	(65.0, 0.3333333333333333)	(66.0, 0.3333333333333333)	(67.0, 0.0)	(68.0, 0.0)	(69.0, 0.0)	(70.0, 0.0)	(71.0, 0.0)	(72.0, 0.0)	(73.0, 0.0)	(74.0, 0.0)	(75.0, 0.0)	(76.0, 0.0)	(77.0, 0.0)	(78.0, 0.0)	(79.0, 0.0)	(80.0, 0.0)	(81.0, 0.0)	(82.0, 0.0)	(83.0, 0.0)	(84.0, 0.0)	(85.0, 0.0)	(86.0, 0.0)	(87.0, 0.0)	(88.0, 0.0)	(89.0, 0.0)	(90.0, 0.0)	(91.0, 0.0)	(92.0, 0.0)	(93.0, 0.0)	(94.0, 0.0)	(95.0, 0.0)	(96.0, 0.0)	(97.0, 0.0)	(98.0, 0.0)	(99.0, 0.0)	(100.0, 0.0)
2402R_R_F_S5_week5_S16_L001_R2_001	(0.0, 0.0)	(1.0, 0.0)	(2.0, 0.0)	(3.0, 0.0)	(4.0, 0.0)	(5.0, 0.0)	(6.0, 0.0)	(7.0, 0.0)	(8.0, 0.0)	(9.0, 0.0)	(10.0, 0.0)	(11.0, 0.0)	(12.0, 0.0)	(13.0, 0.0)	(14.0, 0.0)	(15.0, 0.0)	(16.0, 0.0)	(17.0, 0.0)	(18.0, 0.0)	(19.0, 0.0)	(20.0, 0.0)	(21.0, 0.0)	(22.0, 0.0)	(23.0, 0.0)	(24.0, 0.0)	(25.0, 0.0)	(26.0, 0.0)	(27.0, 0.0)	(28.0, 0.0)	(29.0, 0.0)	(30.0, 0.0)	(31.0, 0.0)	(32.0, 0.0)	(33.0, 0.0)	(34.0, 0.5)	(35.0, 0.8333333333333333)	(36.0, 0.0)	(37.0, 0.5)	(38.0, 1.8333333333333333)	(39.0, 3.8333333333333335)	(40.0, 5.166666666666667)	(41.0, 4.833333333333334)	(42.0, 5.5)	(43.0, 12.000000000000002)	(44.0, 27.666666666666647)	(45.0, 457.6666666666582)	(46.0, 5791.666666665872)	(47.0, 705.0000000000101)	(48.0, 312.24999999999994)	(49.0, 160.5)	(50.0, 170.00000000000014)	(51.0, 1077.4166666667)	(52.0, 1360.833333333306)	(53.0, 4226.16666666729)	(54.0, 3901.5000000006326)	(55.0, 727.8333333333419)	(56.0, 7640.74999999764)	(57.0, 7180.833333331388)	(58.0, 662.0000000000022)	(59.0, 213.8333333333339)	(60.0, 213.00000000000082)	(61.0, 185.83333333333374)	(62.0, 86.6666666666666)	(63.0, 60.166666666666686)	(64.0, 77.1666666666667)	(65.0, 33.49999999999998)	(66.0, 11.333333333333332)	(67.0, 8.666666666666668)	(68.0, 6.833333333333333)	(69.0, 5.166666666666666)	(70.0, 4.833333333333334)	(71.0, 4.5)	(72.0, 2.5)	(73.0, 1.5)	(74.0, 2.0)	(75.0, 1.5)	(76.0, 0.5)	(77.0, 0.0)	(78.0, 0.0)	(79.0, 0.5)	(80.0, 0.5)	(81.0, 0.0)	(82.0, 0.0)	(83.0, 0.3333333333333333)	(84.0, 0.0)	(85.0, 0.0)	(86.0, 0.0)	(87.0, 0.0)	(88.0, 0.0)	(89.0, 0.0)	(90.0, 0.0)	(91.0, 0.3333333333333333)	(92.0, 0.3333333333333333)	(93.0, 0.0)	(94.0, 0.0)	(95.0, 0.0)	(96.0, 0.0)	(97.0, 0.3333333333333333)	(98.0, 0.0)	(99.0, 0.25)	(100.0, 0.0)
2403R_0_F_NS6_week5_S8_L001_R1_001	(0.0, 0.0)	(1.0, 0.0)	(2.0, 0.0)	(3.0, 0.0)	(4.0, 0.0)	(5.0, 0.0)	(6.0, 0.0)	(7.0, 0.0)	(8.0, 0.0)	(9.0, 0.0)	(10.0, 0.0)	(11.0, 0.0)	(12.0, 0.0)	(13.0, 0.0)	(14.0, 0.0)	(15.0, 0.0)	(16.0, 0.0)	(17.0, 0.0)	(18.0, 0.0)	(19.0, 0.0)	(20.0, 0.0)	(21.0, 0.0)	(22.0, 0.0)	(23.0, 0.0)	(24.0, 0.0)	(25.0, 0.0)	(26.0, 0.0)	(27.0, 0.0)	(28.0, 0.0)	(29.0, 0.0)	(30.0, 0.0)	(31.0, 0.0)	(32.0, 0.0)	(33.0, 0.0)	(34.0, 0.5)	(35.0, 0.5)	(36.0, 0.8333333333333333)	(37.0, 0.8333333333333333)	(38.0, 0.5)	(39.0, 1.5)	(40.0, 1.8333333333333333)	(41.0, 3.8333333333333335)	(42.0, 26.5)	(43.0, 42.333333333333336)	(44.0, 53.000000000000014)	(45.0, 388.49999999999585)	(46.0, 5415.999999999543)	(47.0, 4799.16666666677)	(48.0, 6853.24999999824)	(49.0, 1057.750000000038)	(50.0, 411.16666666666106)	(51.0, 3812.250000000609)	(52.0, 6455.666666665286)	(53.0, 2854.583333333507)	(54.0, 696.1666666666754)	(55.0, 167.75000000000034)	(56.0, 47.66666666666672)	(57.0, 19.0)	(58.0, 15.83333333333334)	(59.0, 12.000000000000004)	(60.0, 1.8333333333333333)	(61.0, 3.666666666666667)	(62.0, 28.333333333333304)	(63.0, 7.166666666666665)	(64.0, 3.0)	(65.0, 0.8333333333333333)	(66.0, 0.0)	(67.0, 0.0)	(68.0, 0.3333333333333333)	(69.0, 0.0)	(70.0, 0.0)	(71.0, 0.0)	(72.0, 0.0)	(73.0, 0.0)	(74.0, 0.0)	(75.0, 0.0)	(76.0, 0.0)	(77.0, 0.0)	(78.0, 0.0)	(79.0, 0.0)	(80.0, 0.0)	(81.0, 0.0)	(82.0, 0.0)	(83.0, 0.0)	(84.0, 0.0)	(85.0, 0.0)	(86.0, 0.0)	(87.0, 0.0)	(88.0, 0.0)	(89.0, 0.0)	(90.0, 0.0)	(91.0, 0.0)	(92.0, 0.0)	(93.0, 0.0)	(94.0, 0.0)	(95.0, 0.0)	(96.0, 0.0)	(97.0, 0.0)	(98.0, 0.0)	(99.0, 0.0)	(100.0, 0.0)
2403R_0_F_NS6_week5_S8_L001_R2_001	(0.0, 0.0)	(1.0, 0.0)	(2.0, 0.0)	(3.0, 0.0)	(4.0, 0.0)	(5.0, 0.0)	(6.0, 0.0)	(7.0, 0.0)	(8.0, 0.0)	(9.0, 0.0)	(10.0, 0.0)	(11.0, 0.0)	(12.0, 0.0)	(13.0, 0.0)	(14.0, 0.0)	(15.0, 0.0)	(16.0, 0.0)	(17.0, 0.0)	(18.0, 0.0)	(19.0, 0.0)	(20.0, 0.0)	(21.0, 0.0)	(22.0, 0.0)	(23.0, 0.0)	(24.0, 0.0)	(25.0, 0.0)	(26.0, 0.0)	(27.0, 0.0)	(28.0, 0.0)	(29.0, 0.0)	(30.0, 0.0)	(31.0, 0.5)	(32.0, 1.0)	(33.0, 0.5)	(34.0, 0.5)	(35.0, 2.0)	(36.0, 3.5)	(37.0, 4.5)	(38.0, 9.0)	(39.0, 10.5)	(40.0, 9.5)	(41.0, 12.166666666666666)	(42.0, 17.166666666666668)	(43.0, 34.33333333333333)	(44.0, 74.33333333333336)	(45.0, 1160.0000000000148)	(46.0, 8581.666666664403)	(47.0, 6474.416666665258)	(48.0, 2949.2500000002206)	(49.0, 2301.916666666596)	(50.0, 301.58333333333394)	(51.0, 1959.2499999998408)	(52.0, 1903.249999999855)	(53.0, 1057.5833333333687)	(54.0, 1641.4999999999138)	(55.0, 474.5833333333261)	(56.0, 3664.9166666671963)	(57.0, 3632.3333333338437)	(58.0, 312.1666666666665)	(59.0, 105.74999999999984)	(60.0, 82.49999999999996)	(61.0, 66.25000000000006)	(62.0, 40.333333333333336)	(63.0, 23.333333333333332)	(64.0, 15.500000000000004)	(65.0, 14.000000000000004)	(66.0, 10.166666666666666)	(67.0, 12.333333333333334)	(68.0, 12.333333333333334)	(69.0, 5.166666666666666)	(70.0, 1.6666666666666665)	(71.0, 3.666666666666667)	(72.0, 24.66666666666665)	(73.0, 6.333333333333332)	(74.0, 2.6666666666666665)	(75.0, 1.0)	(76.0, 0.3333333333333333)	(77.0, 0.3333333333333333)	(78.0, 0.0)	(79.0, 0.25)	(80.0, 0.0)	(81.0, 0.0)	(82.0, 0.0)	(83.0, 0.0)	(84.0, 0.0)	(85.0, 0.0)	(86.0, 0.0)	(87.0, 0.0)	(88.0, 0.0)	(89.0, 0.0)	(90.0, 0.0)	(91.0, 0.0)	(92.0, 0.0)	(93.0, 0.0)	(94.0, 0.0)	(95.0, 0.0)	(96.0, 0.0)	(97.0, 0.0)	(98.0, 0.0)	(99.0, 0.0)	(100.0, 0.0)
2433R_0_F_S5_week5_S17_L001_R1_001	(0.0, 0.0)	(1.0, 0.0)	(2.0, 0.0)	(3.0, 0.0)	(4.0, 0.0)	(5.0, 0.0)	(6.0, 0.0)	(7.0, 0.0)	(8.0, 0.0)	(9.0, 0.0)	(10.0, 0.0)	(11.0, 0.0)	(12.0, 0.0)	(13.0, 0.0)	(14.0, 0.0)	(15.0, 0.0)	(16.0, 0.0)	(17.0, 0.0)	(18.0, 0.0)	(19.0, 0.0)	(20.0, 0.0)	(21.0, 0.0)	(22.0, 0.0)	(23.0, 0.0)	(24.0, 0.0)	(25.0, 0.0)	(26.0, 0.0)	(27.0, 0.0)	(28.0, 0.0)	(29.0, 0.0)	(30.0, 0.0)	(31.0, 0.0)	(32.0, 0.0)	(33.0, 0.0)	(34.0, 0.0)	(35.0, 0.0)	(36.0, 0.0)	(37.0, 0.0)	(38.0, 0.0)	(39.0, 0.3333333333333333)	(40.0, 0.0)	(41.0, 0.8333333333333333)	(42.0, 5.166666666666666)	(43.0, 13.333333333333336)	(44.0, 42.0)	(45.0, 74.33333333333336)	(46.0, 553.9166666666598)	(47.0, 8371.166666664023)	(48.0, 4344.583333333855)	(49.0, 4000.5000000006803)	(50.0, 4319.166666667201)	(51.0, 11477.666666669613)	(52.0, 14313.66666667471)	(53.0, 4792.916666666781)	(54.0, 1304.3333333333187)	(55.0, 327.2499999999992)	(56.0, 113.4999999999996)	(57.0, 44.83333333333336)	(58.0, 68.08333333333344)	(59.0, 59.33333333333347)	(60.0, 11.166666666666666)	(61.0, 7.999999999999999)	(62.0, 8.999999999999998)	(63.0, 1.3333333333333333)	(64.0, 1.0)	(65.0, 1.0)	(66.0, 0.5)	(67.0, 0.0)	(68.0, 0.0)	(69.0, 0.0)	(70.0, 0.0)	(71.0, 0.0)	(72.0, 0.5)	(73.0, 1.0)	(74.0, 0.5)	(75.0, 0.0)	(76.0, 0.0)	(77.0, 0.0)	(78.0, 0.0)	(79.0, 0.0)	(80.0, 0.0)	(81.0, 0.0)	(82.0, 0.0)	(83.0, 0.0)	(84.0, 0.0)	(85.0, 0.3333333333333333)	(86.0, 0.3333333333333333)	(87.0, 0.0)	(88.0, 0.0)	(89.0, 0.0)	(90.0, 0.0)	(91.0, 0.0)	(92.0, 0.0)	(93.0, 0.0)	(94.0, 0.0)	(95.0, 0.0)	(96.0, 0.0)	(97.0, 0.0)	(98.0, 0.0)	(99.0, 0.0)	(100.0, 0.0)
2433R_0_F_S5_week5_S17_L001_R2_001	(0.0, 0.0)	(1.0, 0.0)	(2.0, 0.0)	(3.0, 0.0)	(4.0, 0.0)	(5.0, 0.0)	(6.0, 0.0)	(7.0, 0.0)	(8.0, 0.0)	(9.0, 0.0)	(10.0, 0.0)	(11.0, 0.0)	(12.0, 0.0)	(13.0, 0.0)	(14.0, 0.0)	(15.0, 0.0)	(16.0, 0.0)	(17.0, 0.0)	(18.0, 0.0)	(19.0, 0.0)	(20.0, 0.0)	(21.0, 0.0)	(22.0, 0.0)	(23.0, 0.0)	(24.0, 0.0)	(25.0, 0.0)	(26.0, 0.0)	(27.0, 0.0)	(28.0, 0.0)	(29.0, 0.0)	(30.0, 0.0)	(31.0, 0.0)	(32.0, 0.0)	(33.0, 0.75)	(34.0, 1.25)	(35.0, 0.5)	(36.0, 0.0)	(37.0, 1.0)	(38.0, 3.9166666666666665)	(39.0, 5.666666666666666)	(40.0, 7.166666666666665)	(41.0, 8.916666666666668)	(42.0, 11.083333333333334)	(43.0, 23.916666666666664)	(44.0, 57.83333333333342)	(45.0, 631.0833333333352)	(46.0, 7898.749999997299)	(47.0, 1171.1666666666788)	(48.0, 886.2500000000283)	(49.0, 443.66666666666055)	(50.0, 269.3333333333351)	(51.0, 937.5000000000325)	(52.0, 1477.4999999999488)	(53.0, 8133.833333330468)	(54.0, 7610.166666664294)	(55.0, 2506.6666666666765)	(56.0, 9248.416666665538)	(57.0, 9292.416666665604)	(58.0, 940.9166666666924)	(59.0, 306.16666666666725)	(60.0, 223.50000000000074)	(61.0, 177.5000000000001)	(62.0, 102.58333333333327)	(63.0, 76.4166666666667)	(64.0, 83.9166666666666)	(65.0, 36.833333333333314)	(66.0, 23.916666666666664)	(67.0, 20.166666666666668)	(68.0, 14.166666666666666)	(69.0, 11.75)	(70.0, 9.583333333333334)	(71.0, 5.666666666666667)	(72.0, 7.666666666666664)	(73.0, 4.999999999999999)	(74.0, 3.833333333333333)	(75.0, 3.0)	(76.0, 1.8333333333333333)	(77.0, 2.5)	(78.0, 2.5)	(79.0, 1.0)	(80.0, 0.8333333333333333)	(81.0, 0.3333333333333333)	(82.0, 0.0)	(83.0, 0.0)	(84.0, 0.3333333333333333)	(85.0, 0.3333333333333333)	(86.0, 0.0)	(87.0, 0.0)	(88.0, 0.0)	(89.0, 0.0)	(90.0, 0.0)	(91.0, 0.0)	(92.0, 0.6666666666666666)	(93.0, 0.3333333333333333)	(94.0, 0.0)	(95.0, 0.0)	(96.0, 0.0)	(97.0, 0.0)	(98.0, 0.0)	(99.0, 0.6666666666666666)	(100.0, 0.5)
2475R_0_M_S5_week5_S18_L001_R1_001	(0.0, 0.0)	(1.0, 0.0)	(2.0, 0.0)	(3.0, 0.0)	(4.0, 0.0)	(5.0, 0.0)	(6.0, 0.0)	(7.0, 0.0)	(8.0, 0.0)	(9.0, 0.0)	(10.0, 0.0)	(11.0, 0.0)	(12.0, 0.0)	(13.0, 0.0)	(14.0, 0.0)	(15.0, 0.0)	(16.0, 0.0)	(17.0, 0.0)	(18.0, 0.0)	(19.0, 0.0)	(20.0, 0.0)	(21.0, 0.0)	(22.0, 0.0)	(23.0, 0.0)	(24.0, 0.0)	(25.0, 0.0)	(26.0, 0.0)	(27.0, 0.0)	(28.0, 0.0)	(29.0, 0.0)	(30.0, 0.0)	(31.0, 0.0)	(32.0, 0.0)	(33.0, 0.0)	(34.0, 0.0)	(35.0, 0.0)	(36.0, 0.0)	(37.0, 0.0)	(38.0, 0.0)	(39.0, 0.0)	(40.0, 0.3333333333333333)	(41.0, 1.1666666666666665)	(42.0, 4.333333333333334)	(43.0, 14.0)	(44.0, 51.66666666666667)	(45.0, 84.41666666666666)	(46.0, 596.4999999999973)	(47.0, 9958.083333333534)	(48.0, 5350.833333332962)	(49.0, 4539.58333333368)	(50.0, 4680.750000000214)	(51.0, 12724.66666667188)	(52.0, 16014.833333344475)	(53.0, 5290.6666666663405)	(54.0, 1460.6666666666194)	(55.0, 386.2499999999966)	(56.0, 128.58333333333283)	(57.0, 51.66666666666674)	(58.0, 116.16666666666617)	(59.0, 110.83333333333289)	(60.0, 11.666666666666668)	(61.0, 5.333333333333333)	(62.0, 8.33333333333333)	(63.0, 2.833333333333333)	(64.0, 1.8333333333333333)	(65.0, 1.1666666666666665)	(66.0, 0.0)	(67.0, 0.0)	(68.0, 0.0)	(69.0, 0.0)	(70.0, 0.0)	(71.0, 0.0)	(72.0, 0.0)	(73.0, 0.0)	(74.0, 0.0)	(75.0, 0.0)	(76.0, 0.0)	(77.0, 0.0)	(78.0, 0.0)	(79.0, 0.0)	(80.0, 0.0)	(81.0, 0.0)	(82.0, 0.0)	(83.0, 0.0)	(84.0, 0.0)	(85.0, 0.0)	(86.0, 0.0)	(87.0, 0.0)	(88.0, 0.0)	(89.0, 0.0)	(90.0, 0.0)	(91.0, 0.0)	(92.0, 0.0)	(93.0, 0.0)	(94.0, 0.0)	(95.0, 0.0)	(96.0, 0.0)	(97.0, 0.0)	(98.0, 0.0)	(99.0, 0.0)	(100.0, 0.0)
2475R_0_M_S5_week5_S18_L001_R2_001	(0.0, 0.0)	(1.0, 0.0)	(2.0, 0.0)	(3.0, 0.0)	(4.0, 0.0)	(5.0, 0.0)	(6.0, 0.0)	(7.0, 0.0)	(8.0, 0.0)	(9.0, 0.0)	(10.0, 0.0)	(11.0, 0.0)	(12.0, 0.0)	(13.0, 0.0)	(14.0, 0.0)	(15.0, 0.0)	(16.0, 0.0)	(17.0, 0.0)	(18.0, 0.0)	(19.0, 0.0)	(20.0, 0.0)	(21.0, 0.0)	(22.0, 0.0)	(23.0, 0.0)	(24.0, 0.0)	(25.0, 0.0)	(26.0, 0.0)	(27.0, 0.0)	(28.0, 0.0)	(29.0, 0.0)	(30.0, 0.0)	(31.0, 0.0)	(32.0, 0.0)	(33.0, 0.0)	(34.0, 0.8333333333333333)	(35.0, 0.8333333333333333)	(36.0, 1.3333333333333333)	(37.0, 2.0)	(38.0, 3.583333333333333)	(39.0, 5.75)	(40.0, 7.666666666666666)	(41.0, 9.083333333333332)	(42.0, 13.833333333333336)	(43.0, 28.416666666666657)	(44.0, 72.41666666666667)	(45.0, 789.1666666666854)	(46.0, 9356.249999999136)	(47.0, 1419.1666666666254)	(48.0, 1208.0833333333374)	(49.0, 735.666666666678)	(50.0, 333.91666666666566)	(51.0, 1238.3333333333335)	(52.0, 1858.3333333331989)	(53.0, 8660.249999997865)	(54.0, 8202.499999997144)	(55.0, 2974.3333333335295)	(56.0, 10282.500000000651)	(57.0, 10274.916666667315)	(58.0, 973.4166666666953)	(59.0, 326.58333333333354)	(60.0, 238.00000000000085)	(61.0, 187.9166666666669)	(62.0, 119.74999999999997)	(63.0, 98.74999999999994)	(64.0, 137.41666666666623)	(65.0, 59.66666666666672)	(66.0, 24.416666666666664)	(67.0, 16.0)	(68.0, 15.5)	(69.0, 12.666666666666668)	(70.0, 8.75)	(71.0, 8.666666666666668)	(72.0, 11.166666666666666)	(73.0, 4.833333333333333)	(74.0, 3.5)	(75.0, 3.5)	(76.0, 2.333333333333333)	(77.0, 1.25)	(78.0, 1.0)	(79.0, 0.5)	(80.0, 0.3333333333333333)	(81.0, 0.3333333333333333)	(82.0, 0.3333333333333333)	(83.0, 0.3333333333333333)	(84.0, 0.0)	(85.0, 0.3333333333333333)	(86.0, 0.3333333333333333)	(87.0, 0.5)	(88.0, 1.0)	(89.0, 0.5)	(90.0, 0.3333333333333333)	(91.0, 0.0)	(92.0, 0.0)	(93.0, 0.0)	(94.0, 0.0)	(95.0, 0.25)	(96.0, 0.5833333333333333)	(97.0, 0.3333333333333333)	(98.0, 0.0)	(99.0, 0.3333333333333333)	(100.0, 0.5)
2475R_RL_M_S5_week5_S19_L001_R1_001	(0.0, 0.0)	(1.0, 0.0)	(2.0, 0.0)	(3.0, 0.0)	(4.0, 0.0)	(5.0, 0.0)	(6.0, 0.0)	(7.0, 0.0)	(8.0, 0.0)	(9.0, 0.0)	(10.0, 0.0)	(11.0, 0.0)	(12.0, 0.0)	(13.0, 0.0)	(14.0, 0.0)	(15.0, 0.0)	(16.0, 0.0)	(17.0, 0.0)	(18.0, 0.0)	(19.0, 0.0)	(20.0, 0.0)	(21.0, 0.0)	(22.0, 0.0)	(23.0, 0.0)	(24.0, 0.0)	(25.0, 0.0)	(26.0, 0.0)	(27.0, 0.0)	(28.0, 0.5833333333333333)	(29.0, 0.25)	(30.0, 0.0)	(31.0, 0.0)	(32.0, 0.0)	(33.0, 0.0)	(34.0, 0.0)	(35.0, 0.0)	(36.0, 0.0)	(37.0, 0.0)	(38.0, 0.0)	(39.0, 0.0)	(40.0, 0.0)	(41.0, 0.3333333333333333)	(42.0, 2.333333333333333)	(43.0, 16.833333333333336)	(44.0, 45.58333333333334)	(45.0, 77.83333333333331)	(46.0, 650.0833333333375)	(47.0, 10170.500000000598)	(48.0, 4964.666666666637)	(49.0, 4477.000000000398)	(50.0, 4712.416666666855)	(51.0, 12554.416666671574)	(52.0, 15318.166666676538)	(53.0, 6094.499999998963)	(54.0, 2671.7500000000887)	(55.0, 419.6666666666617)	(56.0, 153.0833333333333)	(57.0, 65.33333333333344)	(58.0, 96.3333333333331)	(59.0, 80.83333333333329)	(60.0, 10.333333333333334)	(61.0, 5.999999999999999)	(62.0, 10.666666666666668)	(63.0, 4.0)	(64.0, 1.8333333333333333)	(65.0, 0.8333333333333333)	(66.0, 0.0)	(67.0, 0.0)	(68.0, 0.0)	(69.0, 0.0)	(70.0, 0.0)	(71.0, 0.0)	(72.0, 0.0)	(73.0, 0.0)	(74.0, 0.0)	(75.0, 0.0)	(76.0, 0.0)	(77.0, 0.0)	(78.0, 0.0)	(79.0, 0.0)	(80.0, 0.0)	(81.0, 0.0)	(82.0, 0.0)	(83.0, 0.0)	(84.0, 0.0)	(85.0, 0.0)	(86.0, 0.0)	(87.0, 0.0)	(88.0, 0.0)	(89.0, 0.0)	(90.0, 0.0)	(91.0, 0.0)	(92.0, 0.0)	(93.0, 0.0)	(94.0, 0.0)	(95.0, 0.0)	(96.0, 0.0)	(97.0, 0.0)	(98.0, 0.0)	(99.0, 0.0)	(100.0, 0.0)
2475R_RL_M_S5_week5_S19_L001_R2_001	(0.0, 0.0)	(1.0, 0.0)	(2.0, 0.0)	(3.0, 0.0)	(4.0, 0.0)	(5.0, 0.0)	(6.0, 0.0)	(7.0, 0.0)	(8.0, 0.0)	(9.0, 0.0)	(10.0, 0.0)	(11.0, 0.0)	(12.0, 0.0)	(13.0, 0.0)	(14.0, 0.0)	(15.0, 0.0)	(16.0, 0.0)	(17.0, 0.0)	(18.0, 0.0)	(19.0, 0.0)	(20.0, 0.0)	(21.0, 0.0)	(22.0, 0.0)	(23.0, 0.0)	(24.0, 0.0)	(25.0, 0.0)	(26.0, 0.0)	(27.0, 0.0)	(28.0, 0.0)	(29.0, 0.0)	(30.0, 0.0)	(31.0, 0.0)	(32.0, 0.0)	(33.0, 0.5)	(34.0, 1.0)	(35.0, 0.8333333333333333)	(36.0, 0.8333333333333333)	(37.0, 2.0)	(38.0, 2.0)	(39.0, 3.0)	(40.0, 6.083333333333334)	(41.0, 10.333333333333334)	(42.0, 22.166666666666664)	(43.0, 31.49999999999999)	(44.0, 60.66666666666677)	(45.0, 803.8333333333535)	(46.0, 9670.916666666371)	(47.0, 1266.9999999999927)	(48.0, 890.1666666666941)	(49.0, 437.9166666666614)	(50.0, 351.2499999999984)	(51.0, 1078.9166666666995)	(52.0, 1611.666666666586)	(53.0, 8704.249999997926)	(54.0, 8091.499999997204)	(55.0, 3119.5000000002665)	(56.0, 11375.583333335951)	(57.0, 10198.66666666722)	(58.0, 960.3333333333586)	(59.0, 320.66666666666674)	(60.0, 247.16666666666768)	(61.0, 217.25000000000065)	(62.0, 131.3333333333333)	(63.0, 98.08333333333329)	(64.0, 113.24999999999972)	(65.0, 54.83333333333336)	(66.0, 38.25)	(67.0, 26.083333333333332)	(68.0, 17.833333333333336)	(69.0, 12.666666666666666)	(70.0, 10.0)	(71.0, 4.5)	(72.0, 7.166666666666665)	(73.0, 3.833333333333333)	(74.0, 2.333333333333333)	(75.0, 2.5)	(76.0, 3.5)	(77.0, 4.083333333333333)	(78.0, 3.4166666666666665)	(79.0, 2.0)	(80.0, 0.8333333333333333)	(81.0, 0.5)	(82.0, 0.9166666666666665)	(83.0, 0.6666666666666666)	(84.0, 0.3333333333333333)	(85.0, 0.8333333333333333)	(86.0, 0.5)	(87.0, 0.0)	(88.0, 0.3333333333333333)	(89.0, 0.3333333333333333)	(90.0, 0.0)	(91.0, 0.0)	(92.0, 0.0)	(93.0, 0.0)	(94.0, 0.0)	(95.0, 0.0)	(96.0, 0.0)	(97.0, 0.0)	(98.0, 0.0)	(99.0, 0.0)	(100.0, 0.5)
2476R_R_F_NS6_week5_S9_L001_R1_001	(0.0, 0.0)	(1.0, 0.0)	(2.0, 0.0)	(3.0, 0.0)	(4.0, 0.0)	(5.0, 0.0)	(6.0, 0.0)	(7.0, 0.0)	(8.0, 0.0)	(9.0, 0.0)	(10.0, 0.0)	(11.0, 0.0)	(12.0, 0.0)	(13.0, 0.0)	(14.0, 0.0)	(15.0, 0.0)	(16.0, 0.0)	(17.0, 0.0)	(18.0, 0.0)	(19.0, 0.0)	(20.0, 0.0)	(21.0, 0.0)	(22.0, 0.0)	(23.0, 0.0)	(24.0, 0.0)	(25.0, 0.0)	(26.0, 0.0)	(27.0, 0.0)	(28.0, 0.0)	(29.0, 0.0)	(30.0, 0.0)	(31.0, 0.0)	(32.0, 0.0)	(33.0, 0.0)	(34.0, 0.3333333333333333)	(35.0, 0.0)	(36.0, 0.0)	(37.0, 0.0)	(38.0, 0.0)	(39.0, 0.5)	(40.0, 3.333333333333333)	(41.0, 6.666666666666666)	(42.0, 28.999999999999996)	(43.0, 54.33333333333334)	(44.0, 75.16666666666669)	(45.0, 372.16666666666407)	(46.0, 4680.91666666688)	(47.0, 5300.833333332986)	(48.0, 8064.749999997152)	(49.0, 1632.083333333245)	(50.0, 656.1666666666712)	(51.0, 1911.8333333331816)	(52.0, 5003.916666666589)	(53.0, 3701.000000000561)	(54.0, 745.2500000000143)	(55.0, 162.41666666666683)	(56.0, 44.00000000000002)	(57.0, 24.666666666666657)	(58.0, 12.0)	(59.0, 10.333333333333334)	(60.0, 4.166666666666667)	(61.0, 5.166666666666667)	(62.0, 23.833333333333318)	(63.0, 5.166666666666666)	(64.0, 1.6666666666666665)	(65.0, 0.6666666666666666)	(66.0, 0.0)	(67.0, 0.0)	(68.0, 0.0)	(69.0, 0.0)	(70.0, 0.0)	(71.0, 0.5)	(72.0, 0.5)	(73.0, 0.0)	(74.0, 0.0)	(75.0, 0.0)	(76.0, 0.0)	(77.0, 0.0)	(78.0, 0.0)	(79.0, 0.0)	(80.0, 0.0)	(81.0, 0.0)	(82.0, 0.0)	(83.0, 0.0)	(84.0, 0.0)	(85.0, 0.0)	(86.0, 0.0)	(87.0, 0.0)	(88.0, 0.0)	(89.0, 0.0)	(90.0, 0.0)	(91.0, 0.0)	(92.0, 0.0)	(93.0, 0.0)	(94.0, 0.0)	(95.0, 0.0)	(96.0, 0.0)	(97.0, 0.0)	(98.0, 0.0)	(99.0, 0.0)	(100.0, 0.0)
2476R_R_F_NS6_week5_S9_L001_R2_001	(0.0, 0.0)	(1.0, 0.0)	(2.0, 0.0)	(3.0, 0.0)	(4.0, 0.0)	(5.0, 0.0)	(6.0, 0.0)	(7.0, 0.0)	(8.0, 0.0)	(9.0, 0.0)	(10.0, 0.0)	(11.0, 0.0)	(12.0, 0.0)	(13.0, 0.0)	(14.0, 0.0)	(15.0, 0.0)	(16.0, 0.0)	(17.0, 0.0)	(18.0, 0.0)	(19.0, 0.0)	(20.0, 0.0)	(21.0, 0.0)	(22.0, 0.0)	(23.0, 0.0)	(24.0, 0.0)	(25.0, 0.0)	(26.0, 0.0)	(27.0, 0.0)	(28.0, 0.0)	(29.0, 0.0)	(30.0, 0.0)	(31.0, 1.0)	(32.0, 1.0)	(33.0, 0.0)	(34.0, 0.5)	(35.0, 2.5)	(36.0, 3.0)	(37.0, 4.5)	(38.0, 6.0)	(39.0, 8.833333333333332)	(40.0, 13.75)	(41.0, 14.583333333333336)	(42.0, 20.16666666666666)	(43.0, 33.91666666666665)	(44.0, 75.41666666666669)	(45.0, 1191.7500000000086)	(46.0, 8264.49999999716)	(47.0, 6447.583333331959)	(48.0, 3497.5000000004593)	(49.0, 2453.74999999999)	(50.0, 299.41666666666765)	(51.0, 1601.0833333332516)	(52.0, 1622.7499999999138)	(53.0, 1628.5833333332491)	(54.0, 3171.0000000003056)	(55.0, 616.9999999999991)	(56.0, 1965.0833333331757)	(57.0, 1749.4166666665556)	(58.0, 167.41666666666686)	(59.0, 74.25000000000004)	(60.0, 60.416666666666714)	(61.0, 55.50000000000004)	(62.0, 25.5)	(63.0, 15.0)	(64.0, 12.333333333333334)	(65.0, 8.416666666666666)	(66.0, 9.833333333333332)	(67.0, 8.0)	(68.0, 5.166666666666666)	(69.0, 3.5)	(70.0, 3.666666666666667)	(71.0, 5.0)	(72.0, 21.833333333333325)	(73.0, 3.666666666666667)	(74.0, 0.3333333333333333)	(75.0, 0.0)	(76.0, 0.0)	(77.0, 0.0)	(78.0, 0.5)	(79.0, 1.0)	(80.0, 0.8333333333333333)	(81.0, 0.0)	(82.0, 0.0)	(83.0, 0.0)	(84.0, 0.0)	(85.0, 0.0)	(86.0, 0.0)	(87.0, 0.0)	(88.0, 0.3333333333333333)	(89.0, 0.5833333333333333)	(90.0, 0.0)	(91.0, 0.3333333333333333)	(92.0, 0.0)	(93.0, 0.0)	(94.0, 0.0)	(95.0, 0.0)	(96.0, 0.0)	(97.0, 0.3333333333333333)	(98.0, 0.0)	(99.0, 0.0)	(100.0, 0.0)
2518R_0_M_S5_week5_S20_L001_R1_001	(0.0, 0.0)	(1.0, 0.0)	(2.0, 0.0)	(3.0, 0.0)	(4.0, 0.0)	(5.0, 0.0)	(6.0, 0.0)	(7.0, 0.0)	(8.0, 0.0)	(9.0, 0.0)	(10.0, 0.0)	(11.0, 0.0)	(12.0, 0.0)	(13.0, 0.0)	(14.0, 0.0)	(15.0, 0.0)	(16.0, 0.0)	(17.0, 0.0)	(18.0, 0.0)	(19.0, 0.0)	(20.0, 0.0)	(21.0, 0.0)	(22.0, 0.0)	(23.0, 0.0)	(24.0, 0.0)	(25.0, 0.0)	(26.0, 0.0)	(27.0, 0.0)	(28.0, 0.0)	(29.0, 0.3333333333333333)	(30.0, 0.3333333333333333)	(31.0, 0.0)	(32.0, 0.3333333333333333)	(33.0, 0.0)	(34.0, 1.0)	(35.0, 1.6666666666666665)	(36.0, 0.6666666666666666)	(37.0, 0.0)	(38.0, 0.3333333333333333)	(39.0, 0.0)	(40.0, 0.8333333333333333)	(41.0, 1.6666666666666665)	(42.0, 4.333333333333334)	(43.0, 9.166666666666666)	(44.0, 28.499999999999993)	(45.0, 55.750000000000014)	(46.0, 455.2499999999926)	(47.0, 7108.916666664686)	(48.0, 3098.333333333618)	(49.0, 2578.5833333333853)	(50.0, 2899.8333333335268)	(51.0, 9481.833333332703)	(52.0, 11654.916666669937)	(53.0, 3645.416666667189)	(54.0, 929.3333333333662)	(55.0, 254.58333333333567)	(56.0, 91.16666666666653)	(57.0, 38.750000000000014)	(58.0, 71.83333333333339)	(59.0, 66.33333333333348)	(60.0, 8.666666666666666)	(61.0, 3.6666666666666665)	(62.0, 5.499999999999999)	(63.0, 2.6666666666666665)	(64.0, 1.3333333333333333)	(65.0, 0.3333333333333333)	(66.0, 0.0)	(67.0, 0.0)	(68.0, 0.0)	(69.0, 0.0)	(70.0, 0.0)	(71.0, 0.0)	(72.0, 0.0)	(73.0, 0.0)	(74.0, 0.0)	(75.0, 0.0)	(76.0, 0.0)	(77.0, 0.0)	(78.0, 0.0)	(79.0, 0.0)	(80.0, 0.0)	(81.0, 0.0)	(82.0, 0.0)	(83.0, 0.0)	(84.0, 0.0)	(85.0, 0.0)	(86.0, 0.0)	(87.0, 0.0)	(88.0, 0.0)	(89.0, 0.0)	(90.0, 0.0)	(91.0, 0.0)	(92.0, 0.0)	(93.0, 0.0)	(94.0, 0.0)	(95.0, 0.0)	(96.0, 0.0)	(97.0, 0.0)	(98.0, 0.0)	(99.0, 0.0)	(100.0, 0.0)
2518R_0_M_S5_week5_S20_L001_R2_001	(0.0, 0.0)	(1.0, 0.0)	(2.0, 0.0)	(3.0, 0.0)	(4.0, 0.0)	(5.0, 0.0)	(6.0, 0.0)	(7.0, 0.0)	(8.0, 0.0)	(9.0, 0.0)	(10.0, 0.0)	(11.0, 0.0)	(12.0, 0.0)	(13.0, 0.0)	(14.0, 0.0)	(15.0, 0.0)	(16.0, 0.0)	(17.0, 0.0)	(18.0, 0.0)	(19.0, 0.0)	(20.0, 0.0)	(21.0, 0.0)	(22.0, 0.0)	(23.0, 0.0)	(24.0, 0.0)	(25.0, 0.0)	(26.0, 0.0)	(27.0, 0.5)	(28.0, 1.0)	(29.0, 0.5)	(30.0, 0.0)	(31.0, 0.0)	(32.0, 0.0)	(33.0, 0.0)	(34.0, 0.6666666666666666)	(35.0, 0.6666666666666666)	(36.0, 2.1666666666666665)	(37.0, 3.5000000000000004)	(38.0, 2.3333333333333335)	(39.0, 4.5)	(40.0, 6.5)	(41.0, 9.75)	(42.0, 14.833333333333334)	(43.0, 26.99999999999999)	(44.0, 49.33333333333339)	(45.0, 557.4999999999937)	(46.0, 6759.999999998321)	(47.0, 948.9166666667026)	(48.0, 688.0000000000063)	(49.0, 332.58333333333275)	(50.0, 246.25000000000182)	(51.0, 726.5833333333444)	(52.0, 1061.4166666667018)	(53.0, 5603.333333332727)	(54.0, 5367.5833333329465)	(55.0, 1621.9166666665944)	(56.0, 7745.999999997572)	(57.0, 7986.666666664018)	(58.0, 757.1666666666771)	(59.0, 241.5000000000011)	(60.0, 165.0833333333334)	(61.0, 145.58333333333314)	(62.0, 89.74999999999999)	(63.0, 65.41666666666669)	(64.0, 91.2499999999999)	(65.0, 42.416666666666664)	(66.0, 21.833333333333332)	(67.0, 14.333333333333332)	(68.0, 9.833333333333332)	(69.0, 5.0)	(70.0, 3.8333333333333335)	(71.0, 4.333333333333333)	(72.0, 3.8333333333333335)	(73.0, 1.5)	(74.0, 2.833333333333333)	(75.0, 3.6666666666666665)	(76.0, 1.3333333333333333)	(77.0, 0.5)	(78.0, 1.1666666666666665)	(79.0, 0.3333333333333333)	(80.0, 0.0)	(81.0, 0.0)	(82.0, 0.0)	(83.0, 0.0)	(84.0, 0.0)	(85.0, 0.0)	(86.0, 0.0)	(87.0, 0.0)	(88.0, 0.0)	(89.0, 0.0)	(90.0, 0.5)	(91.0, 0.5)	(92.0, 0.0)	(93.0, 0.0)	(94.0, 0.0)	(95.0, 0.3333333333333333)	(96.0, 0.0)	(97.0, 0.0)	(98.0, 0.0)	(99.0, 0.5)	(100.0, 0.5)
2529R_0_F_NS1_week5_S53_L001_R1_001	(0.0, 0.0)	(1.0, 0.0)	(2.0, 0.0)	(3.0, 0.0)	(4.0, 0.0)	(5.0, 0.0)	(6.0, 0.0)	(7.0, 0.0)	(8.0, 0.0)	(9.0, 0.0)	(10.0, 0.0)	(11.0, 0.0)	(12.0, 0.0)	(13.0, 0.0)	(14.0, 0.0)	(15.0, 0.0)	(16.0, 0.0)	(17.0, 0.0)	(18.0, 0.0)	(19.0, 0.0)	(20.0, 0.0)	(21.0, 0.0)	(22.0, 0.0)	(23.0, 0.0)	(24.0, 0.0)	(25.0, 0.0)	(26.0, 0.0)	(27.0, 0.0)	(28.0, 0.0)	(29.0, 0.0)	(30.0, 0.0)	(31.0, 0.0)	(32.0, 0.0)	(33.0, 0.0)	(34.0, 0.0)	(35.0, 0.0)	(36.0, 0.0)	(37.0, 0.0)	(38.0, 0.0)	(39.0, 0.3333333333333333)	(40.0, 0.3333333333333333)	(41.0, 4.0)	(42.0, 8.333333333333332)	(43.0, 26.5)	(44.0, 92.83333333333331)	(45.0, 151.49999999999986)	(46.0, 279.41666666666805)	(47.0, 5140.249999999803)	(48.0, 16251.583333344952)	(49.0, 1971.5833333331705)	(50.0, 665.333333333338)	(51.0, 5239.249999999714)	(52.0, 6868.99999999825)	(53.0, 3114.750000000292)	(54.0, 1464.9166666666167)	(55.0, 480.4166666666584)	(56.0, 94.16666666666649)	(57.0, 40.58333333333334)	(58.0, 27.74999999999999)	(59.0, 24.833333333333325)	(60.0, 9.5)	(61.0, 15.333333333333341)	(62.0, 66.83333333333347)	(63.0, 15.833333333333343)	(64.0, 6.333333333333332)	(65.0, 2.6666666666666665)	(66.0, 0.3333333333333333)	(67.0, 0.0)	(68.0, 0.0)	(69.0, 0.0)	(70.0, 0.0)	(71.0, 0.0)	(72.0, 0.0)	(73.0, 0.0)	(74.0, 0.0)	(75.0, 0.0)	(76.0, 0.0)	(77.0, 0.0)	(78.0, 0.0)	(79.0, 0.0)	(80.0, 0.0)	(81.0, 0.0)	(82.0, 0.0)	(83.0, 0.0)	(84.0, 0.0)	(85.0, 0.0)	(86.0, 0.0)	(87.0, 0.0)	(88.0, 0.0)	(89.0, 0.0)	(90.0, 0.0)	(91.0, 0.0)	(92.0, 0.0)	(93.0, 0.0)	(94.0, 0.0)	(95.0, 0.0)	(96.0, 0.0)	(97.0, 0.0)	(98.0, 0.0)	(99.0, 0.0)	(100.0, 0.0)
2529R_0_F_NS1_week5_S53_L001_R2_001	(0.0, 0.0)	(1.0, 0.0)	(2.0, 0.0)	(3.0, 0.0)	(4.0, 0.0)	(5.0, 0.0)	(6.0, 0.0)	(7.0, 0.0)	(8.0, 0.0)	(9.0, 0.0)	(10.0, 0.0)	(11.0, 0.0)	(12.0, 0.0)	(13.0, 0.0)	(14.0, 0.0)	(15.0, 0.0)	(16.0, 0.0)	(17.0, 0.0)	(18.0, 0.0)	(19.0, 0.0)	(20.0, 0.0)	(21.0, 0.0)	(22.0, 0.0)	(23.0, 0.0)	(24.0, 0.0)	(25.0, 0.0)	(26.0, 0.0)	(27.0, 0.0)	(28.0, 0.0)	(29.0, 0.0)	(30.0, 0.0)	(31.0, 0.0)	(32.0, 0.5)	(33.0, 1.0)	(34.0, 1.5)	(35.0, 1.5)	(36.0, 3.0)	(37.0, 4.25)	(38.0, 6.083333333333334)	(39.0, 12.416666666666666)	(40.0, 15.166666666666668)	(41.0, 15.333333333333336)	(42.0, 19.5)	(43.0, 37.66666666666666)	(44.0, 67.66666666666667)	(45.0, 291.66666666666737)	(46.0, 3094.083333333618)	(47.0, 2112.666666666514)	(48.0, 5133.833333333144)	(49.0, 12203.416666670912)	(50.0, 1247.6666666666679)	(51.0, 1388.9999999999718)	(52.0, 1518.749999999941)	(53.0, 2073.499999999833)	(54.0, 2123.166666666519)	(55.0, 518.5833333333253)	(56.0, 5363.999999999638)	(57.0, 5094.583333333209)	(58.0, 500.8333333333259)	(59.0, 186.08333333333377)	(60.0, 173.91666666666683)	(61.0, 138.4999999999996)	(62.0, 50.33333333333334)	(63.0, 38.66666666666666)	(64.0, 36.08333333333333)	(65.0, 24.333333333333336)	(66.0, 20.666666666666664)	(67.0, 34.5)	(68.0, 28.0)	(69.0, 9.0)	(70.0, 7.666666666666666)	(71.0, 12.91666666666667)	(72.0, 59.00000000000014)	(73.0, 15.500000000000009)	(74.0, 1.5)	(75.0, 1.0)	(76.0, 2.0)	(77.0, 1.0)	(78.0, 0.0)	(79.0, 0.0)	(80.0, 0.8333333333333333)	(81.0, 0.8333333333333333)	(82.0, 0.0)	(83.0, 0.0)	(84.0, 0.0)	(85.0, 0.0)	(86.0, 0.0)	(87.0, 0.0)	(88.0, 0.3333333333333333)	(89.0, 0.0)	(90.0, 0.0)	(91.0, 0.0)	(92.0, 0.0)	(93.0, 0.5)	(94.0, 1.0)	(95.0, 0.5)	(96.0, 0.0)	(97.0, 0.0)	(98.0, 0.0)	(99.0, 0.0)	(100.0, 0.5)
2529R_0_F_NS1_week9_S74_L001_R1_001	(0.0, 0.0)	(1.0, 0.0)	(2.0, 0.0)	(3.0, 0.0)	(4.0, 0.0)	(5.0, 0.0)	(6.0, 0.0)	(7.0, 0.0)	(8.0, 0.0)	(9.0, 0.0)	(10.0, 0.0)	(11.0, 0.0)	(12.0, 0.0)	(13.0, 0.0)	(14.0, 0.0)	(15.0, 0.0)	(16.0, 0.0)	(17.0, 0.0)	(18.0, 0.0)	(19.0, 0.0)	(20.0, 0.0)	(21.0, 0.0)	(22.0, 0.0)	(23.0, 0.0)	(24.0, 0.0)	(25.0, 0.0)	(26.0, 0.0)	(27.0, 0.0)	(28.0, 0.0)	(29.0, 0.0)	(30.0, 0.0)	(31.0, 0.0)	(32.0, 0.0)	(33.0, 0.0)	(34.0, 0.0)	(35.0, 0.0)	(36.0, 0.0)	(37.0, 0.0)	(38.0, 0.0)	(39.0, 0.0)	(40.0, 0.0)	(41.0, 1.5)	(42.0, 4.833333333333334)	(43.0, 13.5)	(44.0, 52.833333333333336)	(45.0, 105.33333333333317)	(46.0, 338.08333333333167)	(47.0, 6732.166666665029)	(48.0, 10272.166666667466)	(49.0, 1943.249999999841)	(50.0, 892.5000000000294)	(51.0, 7342.249999997821)	(52.0, 8723.91666666467)	(53.0, 2388.49999999997)	(54.0, 1075.6666666666997)	(55.0, 380.6666666666629)	(56.0, 85.7499999999999)	(57.0, 29.99999999999998)	(58.0, 16.91666666666667)	(59.0, 16.000000000000007)	(60.0, 6.999999999999999)	(61.0, 6.999999999999998)	(62.0, 39.333333333333336)	(63.0, 8.33333333333333)	(64.0, 2.5)	(65.0, 0.6666666666666666)	(66.0, 0.0)	(67.0, 0.0)	(68.0, 0.0)	(69.0, 0.0)	(70.0, 0.0)	(71.0, 0.0)	(72.0, 0.0)	(73.0, 0.0)	(74.0, 0.0)	(75.0, 0.0)	(76.0, 0.0)	(77.0, 0.0)	(78.0, 0.0)	(79.0, 0.0)	(80.0, 0.0)	(81.0, 0.0)	(82.0, 0.0)	(83.0, 0.0)	(84.0, 0.0)	(85.0, 0.0)	(86.0, 0.0)	(87.0, 0.0)	(88.0, 0.0)	(89.0, 0.0)	(90.0, 0.0)	(91.0, 0.0)	(92.0, 0.0)	(93.0, 0.0)	(94.0, 0.0)	(95.0, 0.0)	(96.0, 0.0)	(97.0, 0.0)	(98.0, 0.0)	(99.0, 0.0)	(100.0, 0.0)
2529R_0_F_NS1_week9_S74_L001_R2_001	(0.0, 0.0)	(1.0, 0.0)	(2.0, 0.0)	(3.0, 0.0)	(4.0, 0.0)	(5.0, 0.0)	(6.0, 0.0)	(7.0, 0.0)	(8.0, 0.0)	(9.0, 0.0)	(10.0, 0.0)	(11.0, 0.0)	(12.0, 0.0)	(13.0, 0.0)	(14.0, 0.0)	(15.0, 0.0)	(16.0, 0.0)	(17.0, 0.0)	(18.0, 0.0)	(19.0, 0.0)	(20.0, 0.0)	(21.0, 0.0)	(22.0, 0.0)	(23.0, 0.0)	(24.0, 0.0)	(25.0, 0.0)	(26.0, 0.0)	(27.0, 0.0)	(28.0, 0.0)	(29.0, 0.0)	(30.0, 0.5)	(31.0, 1.0)	(32.0, 1.0)	(33.0, 1.0)	(34.0, 1.0)	(35.0, 2.0)	(36.0, 3.0)	(37.0, 4.0)	(38.0, 5.0)	(39.0, 8.25)	(40.0, 12.25)	(41.0, 16.333333333333336)	(42.0, 23.750000000000004)	(43.0, 36.75)	(44.0, 57.833333333333364)	(45.0, 322.8333333333326)	(46.0, 4004.666666667358)	(47.0, 4059.500000000712)	(48.0, 4708.500000000191)	(49.0, 4812.583333333436)	(50.0, 638.8333333333353)	(51.0, 1307.4999999999836)	(52.0, 1467.6666666666165)	(53.0, 2010.9999999998302)	(54.0, 2172.416666666539)	(55.0, 503.3333333333249)	(56.0, 6719.666666665098)	(57.0, 7015.999999998171)	(58.0, 624.5833333333338)	(59.0, 179.33333333333363)	(60.0, 143.7499999999999)	(61.0, 115.08333333333304)	(62.0, 53.58333333333335)	(63.0, 37.33333333333333)	(64.0, 25.16666666666666)	(65.0, 14.000000000000002)	(66.0, 13.333333333333334)	(67.0, 15.833333333333334)	(68.0, 10.666666666666666)	(69.0, 3.5)	(70.0, 4.166666666666667)	(71.0, 6.999999999999998)	(72.0, 34.99999999999997)	(73.0, 5.166666666666666)	(74.0, 0.3333333333333333)	(75.0, 0.0)	(76.0, 0.0)	(77.0, 0.3333333333333333)	(78.0, 0.3333333333333333)	(79.0, 0.3333333333333333)	(80.0, 0.8333333333333333)	(81.0, 1.0)	(82.0, 0.5)	(83.0, 0.0)	(84.0, 0.0)	(85.0, 0.0)	(86.0, 0.3333333333333333)	(87.0, 0.0)	(88.0, 0.3333333333333333)	(89.0, 0.0)	(90.0, 0.0)	(91.0, 0.0)	(92.0, 0.0)	(93.0, 0.0)	(94.0, 0.0)	(95.0, 0.3333333333333333)	(96.0, 0.0)	(97.0, 0.25)	(98.0, 0.25)	(99.0, 0.0)	(100.0, 0.0)
2529R_L_F_NS1_diabetes_S26_L001_R1_001	(0.0, 0.0)	(1.0, 0.0)	(2.0, 0.0)	(3.0, 0.0)	(4.0, 0.0)	(5.0, 0.0)	(6.0, 0.0)	(7.0, 0.0)	(8.0, 0.0)	(9.0, 0.0)	(10.0, 0.0)	(11.0, 0.0)	(12.0, 0.0)	(13.0, 0.0)	(14.0, 0.0)	(15.0, 0.0)	(16.0, 0.0)	(17.0, 0.0)	(18.0, 0.0)	(19.0, 0.0)	(20.0, 0.0)	(21.0, 0.0)	(22.0, 0.0)	(23.0, 0.0)	(24.0, 0.0)	(25.0, 0.0)	(26.0, 0.0)	(27.0, 0.0)	(28.0, 0.0)	(29.0, 0.0)	(30.0, 0.0)	(31.0, 0.0)	(32.0, 0.0)	(33.0, 0.0)	(34.0, 0.0)	(35.0, 0.0)	(36.0, 0.0)	(37.0, 0.0)	(38.0, 0.0)	(39.0, 0.0)	(40.0, 1.0)	(41.0, 3.1666666666666665)	(42.0, 3.916666666666667)	(43.0, 12.75)	(44.0, 45.83333333333334)	(45.0, 118.16666666666639)	(46.0, 340.08333333333206)	(47.0, 5313.91666666631)	(48.0, 9316.41666666573)	(49.0, 1673.8333333332353)	(50.0, 1066.5833333333694)	(51.0, 5103.33333333317)	(52.0, 6255.2499999988)	(53.0, 2383.7499999999677)	(54.0, 1117.9166666666908)	(55.0, 342.33333333333167)	(56.0, 72.25000000000006)	(57.0, 25.249999999999986)	(58.0, 12.16666666666667)	(59.0, 14.500000000000005)	(60.0, 4.833333333333334)	(61.0, 8.166666666666664)	(62.0, 55.500000000000114)	(63.0, 11.25)	(64.0, 3.25)	(65.0, 1.0)	(66.0, 0.5)	(67.0, 0.0)	(68.0, 0.0)	(69.0, 0.0)	(70.0, 0.0)	(71.0, 0.0)	(72.0, 0.0)	(73.0, 0.0)	(74.0, 0.0)	(75.0, 0.0)	(76.0, 0.0)	(77.0, 0.0)	(78.0, 0.0)	(79.0, 0.0)	(80.0, 0.0)	(81.0, 0.0)	(82.0, 0.0)	(83.0, 0.0)	(84.0, 0.0)	(85.0, 0.0)	(86.0, 0.0)	(87.0, 0.0)	(88.0, 0.0)	(89.0, 0.0)	(90.0, 0.0)	(91.0, 0.0)	(92.0, 0.0)	(93.0, 0.0)	(94.0, 0.0)	(95.0, 0.0)	(96.0, 0.0)	(97.0, 0.0)	(98.0, 0.0)	(99.0, 0.0)	(100.0, 0.0)
2529R_L_F_NS1_diabetes_S26_L001_R2_001	(0.0, 0.0)	(1.0, 0.0)	(2.0, 0.0)	(3.0, 0.0)	(4.0, 0.0)	(5.0, 0.0)	(6.0, 0.0)	(7.0, 0.0)	(8.0, 0.0)	(9.0, 0.0)	(10.0, 0.0)	(11.0, 0.0)	(12.0, 0.0)	(13.0, 0.0)	(14.0, 0.0)	(15.0, 0.0)	(16.0, 0.0)	(17.0, 0.0)	(18.0, 0.0)	(19.0, 0.0)	(20.0, 0.0)	(21.0, 0.0)	(22.0, 0.0)	(23.0, 0.0)	(24.0, 0.0)	(25.0, 0.0)	(26.0, 0.0)	(27.0, 0.0)	(28.0, 0.0)	(29.0, 0.0)	(30.0, 0.0)	(31.0, 0.0)	(32.0, 0.5)	(33.0, 1.0)	(34.0, 0.5)	(35.0, 3.0)	(36.0, 7.0)	(37.0, 7.5)	(38.0, 10.083333333333334)	(39.0, 12.833333333333334)	(40.0, 11.5)	(41.0, 18.5)	(42.0, 31.833333333333336)	(43.0, 39.66666666666668)	(44.0, 56.83333333333337)	(45.0, 272.75000000000165)	(46.0, 3270.666666667033)	(47.0, 2860.4166666668457)	(48.0, 3756.1666666672418)	(49.0, 5104.583333333171)	(50.0, 699.4166666666738)	(51.0, 1396.8333333332985)	(52.0, 1591.083333333256)	(53.0, 1816.5833333332082)	(54.0, 2217.99999999989)	(55.0, 510.3333333333253)	(56.0, 4573.416666667001)	(57.0, 4637.500000000276)	(58.0, 458.4166666666612)	(59.0, 169.0833333333334)	(60.0, 136.33333333333314)	(61.0, 104.91666666666647)	(62.0, 41.416666666666664)	(63.0, 31.66666666666666)	(64.0, 35.83333333333333)	(65.0, 26.749999999999996)	(66.0, 17.416666666666668)	(67.0, 20.333333333333336)	(68.0, 17.833333333333336)	(69.0, 7.833333333333332)	(70.0, 5.833333333333332)	(71.0, 9.166666666666664)	(72.0, 45.00000000000004)	(73.0, 12.666666666666671)	(74.0, 1.3333333333333333)	(75.0, 1.6666666666666665)	(76.0, 1.8333333333333333)	(77.0, 1.0)	(78.0, 0.0)	(79.0, 0.0)	(80.0, 0.3333333333333333)	(81.0, 0.3333333333333333)	(82.0, 0.0)	(83.0, 0.3333333333333333)	(84.0, 0.0)	(85.0, 0.0)	(86.0, 0.0)	(87.0, 0.0)	(88.0, 0.0)	(89.0, 0.3333333333333333)	(90.0, 0.6666666666666666)	(91.0, 0.3333333333333333)	(92.0, 0.0)	(93.0, 0.0)	(94.0, 0.0)	(95.0, 0.0)	(96.0, 0.0)	(97.0, 0.0)	(98.0, 0.0)	(99.0, 0.0)	(100.0, 0.0)
2529R_L_F_NS1_week5_S54_L001_R1_001	(0.0, 0.0)	(1.0, 0.0)	(2.0, 0.0)	(3.0, 0.0)	(4.0, 0.0)	(5.0, 0.0)	(6.0, 0.0)	(7.0, 0.0)	(8.0, 0.0)	(9.0, 0.0)	(10.0, 0.0)	(11.0, 0.0)	(12.0, 0.0)	(13.0, 0.0)	(14.0, 0.0)	(15.0, 0.0)	(16.0, 0.0)	(17.0, 0.0)	(18.0, 0.0)	(19.0, 0.0)	(20.0, 0.0)	(21.0, 0.0)	(22.0, 0.0)	(23.0, 0.0)	(24.0, 0.0)	(25.0, 0.0)	(26.0, 0.0)	(27.0, 0.0)	(28.0, 0.0)	(29.0, 0.0)	(30.0, 0.0)	(31.0, 0.0)	(32.0, 0.0)	(33.0, 0.0)	(34.0, 0.3333333333333333)	(35.0, 0.0)	(36.0, 0.0)	(37.0, 0.0)	(38.0, 0.0)	(39.0, 0.0)	(40.0, 1.4166666666666665)	(41.0, 1.0833333333333333)	(42.0, 3.0)	(43.0, 20.5)	(44.0, 67.66666666666667)	(45.0, 106.49999999999994)	(46.0, 256.3333333333355)	(47.0, 5584.999999999395)	(48.0, 13642.666666673582)	(49.0, 1805.2499999998734)	(50.0, 642.5000000000023)	(51.0, 4446.916666667091)	(52.0, 5822.583333332518)	(53.0, 2295.58333333326)	(54.0, 1070.0000000000337)	(55.0, 571.833333333329)	(56.0, 88.16666666666656)	(57.0, 36.083333333333314)	(58.0, 17.16666666666667)	(59.0, 12.83333333333334)	(60.0, 4.333333333333334)	(61.0, 9.499999999999998)	(62.0, 75.16666666666669)	(63.0, 15.166666666666677)	(64.0, 4.333333333333333)	(65.0, 3.0000000000000004)	(66.0, 0.0)	(67.0, 0.0)	(68.0, 0.0)	(69.0, 0.0)	(70.0, 0.0)	(71.0, 0.0)	(72.0, 0.0)	(73.0, 0.0)	(74.0, 0.0)	(75.0, 0.0)	(76.0, 0.0)	(77.0, 0.0)	(78.0, 0.0)	(79.0, 0.0)	(80.0, 0.0)	(81.0, 0.0)	(82.0, 0.0)	(83.0, 0.0)	(84.0, 0.0)	(85.0, 0.0)	(86.0, 0.0)	(87.0, 0.0)	(88.0, 0.0)	(89.0, 0.0)	(90.0, 0.0)	(91.0, 0.0)	(92.0, 0.0)	(93.0, 0.0)	(94.0, 0.0)	(95.0, 0.0)	(96.0, 0.0)	(97.0, 0.0)	(98.0, 0.0)	(99.0, 0.0)	(100.0, 0.0)
2529R_L_F_NS1_week5_S54_L001_R2_001	(0.0, 0.0)	(1.0, 0.0)	(2.0, 0.0)	(3.0, 0.0)	(4.0, 0.0)	(5.0, 0.0)	(6.0, 0.0)	(7.0, 0.0)	(8.0, 0.0)	(9.0, 0.0)	(10.0, 0.0)	(11.0, 0.0)	(12.0, 0.0)	(13.0, 0.0)	(14.0, 0.0)	(15.0, 0.0)	(16.0, 0.0)	(17.0, 0.0)	(18.0, 0.0)	(19.0, 0.0)	(20.0, 0.0)	(21.0, 0.0)	(22.0, 0.0)	(23.0, 0.0)	(24.0, 0.0)	(25.0, 0.0)	(26.0, 0.0)	(27.0, 0.0)	(28.0, 0.0)	(29.0, 0.5)	(30.0, 1.5)	(31.0, 1.0)	(32.0, 1.0)	(33.0, 3.0)	(34.0, 3.5)	(35.0, 2.0)	(36.0, 2.0)	(37.0, 2.5)	(38.0, 3.75)	(39.0, 6.5)	(40.0, 15.0)	(41.0, 18.833333333333332)	(42.0, 25.166666666666664)	(43.0, 38.0)	(44.0, 58.33333333333337)	(45.0, 366.999999999997)	(46.0, 3872.6666666673027)	(47.0, 2008.5833333331595)	(48.0, 4053.6666666673696)	(49.0, 8978.916666665116)	(50.0, 989.6666666667024)	(51.0, 1143.5000000000198)	(52.0, 1326.999999999982)	(53.0, 1960.4999999998442)	(54.0, 2036.6666666664953)	(55.0, 455.83333333332735)	(56.0, 4315.750000000567)	(57.0, 4284.750000000571)	(58.0, 405.9999999999966)	(59.0, 142.33333333333312)	(60.0, 159.83333333333323)	(61.0, 137.49999999999963)	(62.0, 49.166666666666686)	(63.0, 32.33333333333333)	(64.0, 29.166666666666664)	(65.0, 19.666666666666668)	(66.0, 14.333333333333334)	(67.0, 17.666666666666664)	(68.0, 15.333333333333336)	(69.0, 6.833333333333333)	(70.0, 6.249999999999999)	(71.0, 12.750000000000005)	(72.0, 64.8333333333335)	(73.0, 14.166666666666671)	(74.0, 3.5)	(75.0, 1.8333333333333333)	(76.0, 1.0833333333333333)	(77.0, 0.25)	(78.0, 0.5)	(79.0, 1.0)	(80.0, 1.0)	(81.0, 0.5)	(82.0, 0.0)	(83.0, 0.3333333333333333)	(84.0, 0.8333333333333333)	(85.0, 0.5)	(86.0, 0.0)	(87.0, 0.0)	(88.0, 0.0)	(89.0, 0.0)	(90.0, 0.0)	(91.0, 0.0)	(92.0, 0.0)	(93.0, 0.0)	(94.0, 0.6666666666666666)	(95.0, 0.6666666666666666)	(96.0, 0.0)	(97.0, 0.0)	(98.0, 0.0)	(99.0, 0.0)	(100.0, 0.0)
2529R_L_F_NS1_week9_S75_L001_R1_001	(0.0, 0.0)	(1.0, 0.0)	(2.0, 0.0)	(3.0, 0.0)	(4.0, 0.0)	(5.0, 0.0)	(6.0, 0.0)	(7.0, 0.0)	(8.0, 0.0)	(9.0, 0.0)	(10.0, 0.0)	(11.0, 0.0)	(12.0, 0.0)	(13.0, 0.0)	(14.0, 0.0)	(15.0, 0.0)	(16.0, 0.0)	(17.0, 0.0)	(18.0, 0.0)	(19.0, 0.0)	(20.0, 0.0)	(21.0, 0.0)	(22.0, 0.0)	(23.0, 0.0)	(24.0, 0.0)	(25.0, 0.0)	(26.0, 0.0)	(27.0, 0.0)	(28.0, 0.0)	(29.0, 0.0)	(30.0, 0.0)	(31.0, 0.0)	(32.0, 0.0)	(33.0, 0.0)	(34.0, 0.0)	(35.0, 0.0)	(36.0, 0.0)	(37.0, 0.0)	(38.0, 0.0)	(39.0, 0.0)	(40.0, 0.3333333333333333)	(41.0, 0.5)	(42.0, 2.6666666666666665)	(43.0, 13.916666666666666)	(44.0, 42.666666666666664)	(45.0, 86.99999999999999)	(46.0, 277.5000000000015)	(47.0, 6620.666666665123)	(48.0, 10162.750000000604)	(49.0, 1810.8333333332055)	(50.0, 890.3333333333622)	(51.0, 6280.749999998772)	(52.0, 7809.416666664069)	(53.0, 2529.25000000003)	(54.0, 1005.9166666667089)	(55.0, 377.8333333333296)	(56.0, 72.66666666666673)	(57.0, 23.583333333333318)	(58.0, 15.666666666666673)	(59.0, 16.000000000000007)	(60.0, 3.833333333333334)	(61.0, 4.0)	(62.0, 54.16666666666678)	(63.0, 8.999999999999998)	(64.0, 4.166666666666667)	(65.0, 2.0)	(66.0, 1.3333333333333333)	(67.0, 0.5833333333333333)	(68.0, 0.0)	(69.0, 0.0)	(70.0, 0.0)	(71.0, 0.0)	(72.0, 0.0)	(73.0, 0.0)	(74.0, 0.0)	(75.0, 0.0)	(76.0, 0.0)	(77.0, 0.0)	(78.0, 0.0)	(79.0, 0.0)	(80.0, 0.0)	(81.0, 0.0)	(82.0, 0.0)	(83.0, 0.0)	(84.0, 0.0)	(85.0, 0.0)	(86.0, 0.0)	(87.0, 0.0)	(88.0, 0.0)	(89.0, 0.0)	(90.0, 0.0)	(91.0, 0.0)	(92.0, 0.0)	(93.0, 0.0)	(94.0, 0.0)	(95.0, 0.0)	(96.0, 0.0)	(97.0, 0.0)	(98.0, 0.0)	(99.0, 0.0)	(100.0, 0.0)
2529R_L_F_NS1_week9_S75_L001_R2_001	(0.0, 0.0)	(1.0, 0.0)	(2.0, 0.0)	(3.0, 0.0)	(4.0, 0.0)	(5.0, 0.0)	(6.0, 0.0)	(7.0, 0.0)	(8.0, 0.0)	(9.0, 0.0)	(10.0, 0.0)	(11.0, 0.0)	(12.0, 0.0)	(13.0, 0.0)	(14.0, 0.0)	(15.0, 0.0)	(16.0, 0.0)	(17.0, 0.0)	(18.0, 0.0)	(19.0, 0.0)	(20.0, 0.0)	(21.0, 0.0)	(22.0, 0.0)	(23.0, 0.0)	(24.0, 0.0)	(25.0, 0.0)	(26.0, 0.0)	(27.0, 0.0)	(28.0, 0.0)	(29.0, 1.0)	(30.0, 1.0)	(31.0, 0.0)	(32.0, 0.0)	(33.0, 0.5)	(34.0, 1.5)	(35.0, 2.0)	(36.0, 4.25)	(37.0, 5.75)	(38.0, 7.25)	(39.0, 8.833333333333332)	(40.0, 8.0)	(41.0, 14.916666666666666)	(42.0, 24.666666666666664)	(43.0, 36.33333333333333)	(44.0, 45.66666666666668)	(45.0, 308.33333333333326)	(46.0, 4264.833333333919)	(47.0, 3640.6666666671954)	(48.0, 3804.7500000005966)	(49.0, 4643.833333333582)	(50.0, 565.2499999999944)	(51.0, 1295.4166666666536)	(52.0, 1553.6666666665974)	(53.0, 2371.7499999999586)	(54.0, 2563.333333333377)	(55.0, 491.4166666666592)	(56.0, 5732.499999999311)	(57.0, 5900.83333333249)	(58.0, 503.6666666666585)	(59.0, 158.66666666666669)	(60.0, 132.16666666666637)	(61.0, 105.33333333333313)	(62.0, 47.16666666666667)	(63.0, 39.0)	(64.0, 31.666666666666654)	(65.0, 17.750000000000004)	(66.0, 12.25)	(67.0, 17.166666666666668)	(68.0, 13.0)	(69.0, 2.8333333333333335)	(70.0, 4.333333333333333)	(71.0, 9.999999999999998)	(72.0, 44.9166666666667)	(73.0, 11.5)	(74.0, 2.1666666666666665)	(75.0, 1.0)	(76.0, 1.5)	(77.0, 1.5)	(78.0, 0.5)	(79.0, 0.0)	(80.0, 0.5)	(81.0, 0.8333333333333333)	(82.0, 0.3333333333333333)	(83.0, 0.0)	(84.0, 0.3333333333333333)	(85.0, 0.0)	(86.0, 0.0)	(87.0, 0.0)	(88.0, 0.3333333333333333)	(89.0, 0.3333333333333333)	(90.0, 0.0)	(91.0, 0.0)	(92.0, 0.0)	(93.0, 0.0)	(94.0, 0.0)	(95.0, 0.0)	(96.0, 0.0)	(97.0, 0.0)	(98.0, 0.0)	(99.0, 0.0)	(100.0, 0.0)
2529R_NS1_week22_S37_L001_R1_001	(0.0, 0.0)	(1.0, 0.0)	(2.0, 0.0)	(3.0, 0.0)	(4.0, 0.0)	(5.0, 0.0)	(6.0, 0.0)	(7.0, 0.0)	(8.0, 0.0)	(9.0, 0.0)	(10.0, 0.0)	(11.0, 0.0)	(12.0, 0.0)	(13.0, 0.0)	(14.0, 0.0)	(15.0, 0.0)	(16.0, 0.0)	(17.0, 0.0)	(18.0, 0.0)	(19.0, 0.0)	(20.0, 0.0)	(21.0, 0.0)	(22.0, 0.0)	(23.0, 0.0)	(24.0, 0.0)	(25.0, 0.0)	(26.0, 0.0)	(27.0, 0.0)	(28.0, 0.0)	(29.0, 0.0)	(30.0, 0.0)	(31.0, 0.0)	(32.0, 0.3333333333333333)	(33.0, 0.0)	(34.0, 0.0)	(35.0, 0.0)	(36.0, 0.0)	(37.0, 0.0)	(38.0, 0.0)	(39.0, 0.0)	(40.0, 0.0)	(41.0, 0.0)	(42.0, 4.0)	(43.0, 19.666666666666668)	(44.0, 71.5)	(45.0, 119.33333333333317)	(46.0, 334.74999999999903)	(47.0, 8325.166666663945)	(48.0, 11820.083333336925)	(49.0, 1935.1666666665103)	(50.0, 1074.166666666701)	(51.0, 5751.999999999244)	(52.0, 6448.833333331962)	(53.0, 2008.4999999998302)	(54.0, 1357.1666666666404)	(55.0, 559.8333333333268)	(56.0, 75.91666666666671)	(57.0, 26.499999999999982)	(58.0, 31.499999999999964)	(59.0, 46.33333333333338)	(60.0, 10.833333333333334)	(61.0, 13.500000000000004)	(62.0, 91.83333333333313)	(63.0, 19.5)	(64.0, 7.833333333333331)	(65.0, 2.5)	(66.0, 0.5)	(67.0, 0.5)	(68.0, 0.0)	(69.0, 0.0)	(70.0, 0.0)	(71.0, 0.0)	(72.0, 0.0)	(73.0, 0.0)	(74.0, 0.0)	(75.0, 0.0)	(76.0, 0.0)	(77.0, 0.0)	(78.0, 0.0)	(79.0, 0.0)	(80.0, 0.0)	(81.0, 0.0)	(82.0, 0.0)	(83.0, 0.0)	(84.0, 0.0)	(85.0, 0.0)	(86.0, 0.0)	(87.0, 0.0)	(88.0, 0.0)	(89.0, 0.0)	(90.0, 0.0)	(91.0, 0.0)	(92.0, 0.0)	(93.0, 0.0)	(94.0, 0.0)	(95.0, 0.0)	(96.0, 0.0)	(97.0, 0.0)	(98.0, 0.0)	(99.0, 0.0)	(100.0, 0.0)
2529R_NS1_week22_S37_L001_R2_001	(0.0, 0.0)	(1.0, 0.0)	(2.0, 0.0)	(3.0, 0.0)	(4.0, 0.0)	(5.0, 0.0)	(6.0, 0.0)	(7.0, 0.0)	(8.0, 0.0)	(9.0, 0.0)	(10.0, 0.0)	(11.0, 0.0)	(12.0, 0.0)	(13.0, 0.0)	(14.0, 0.0)	(15.0, 0.0)	(16.0, 0.0)	(17.0, 0.0)	(18.0, 0.0)	(19.0, 0.0)	(20.0, 0.0)	(21.0, 0.0)	(22.0, 0.0)	(23.0, 0.0)	(24.0, 0.0)	(25.0, 0.0)	(26.0, 0.0)	(27.0, 0.0)	(28.0, 0.0)	(29.0, 0.0)	(30.0, 0.0)	(31.0, 0.0)	(32.0, 0.0)	(33.0, 0.5)	(34.0, 1.5)	(35.0, 2.5)	(36.0, 2.5)	(37.0, 2.0)	(38.0, 3.75)	(39.0, 9.0)	(40.0, 8.5)	(41.0, 10.333333333333334)	(42.0, 17.750000000000004)	(43.0, 24.583333333333332)	(44.0, 47.166666666666686)	(45.0, 363.49999999999716)	(46.0, 5054.999999999871)	(47.0, 4417.00000000045)	(48.0, 4952.999999999976)	(49.0, 5565.83333333276)	(50.0, 575.1666666666619)	(51.0, 1036.3333333333746)	(52.0, 1246.666666666665)	(53.0, 2152.4166666665274)	(54.0, 2497.2500000000136)	(55.0, 470.08333333332615)	(56.0, 5450.916666666229)	(57.0, 5435.833333332909)	(58.0, 427.6666666666616)	(59.0, 130.3333333333331)	(60.0, 111.9999999999998)	(61.0, 83.33333333333337)	(62.0, 47.0)	(63.0, 42.33333333333333)	(64.0, 47.33333333333336)	(65.0, 15.666666666666666)	(66.0, 11.916666666666666)	(67.0, 18.916666666666668)	(68.0, 18.833333333333332)	(69.0, 7.166666666666666)	(70.0, 8.333333333333332)	(71.0, 19.000000000000007)	(72.0, 80.49999999999996)	(73.0, 21.666666666666668)	(74.0, 4.333333333333333)	(75.0, 1.8333333333333333)	(76.0, 1.0)	(77.0, 0.5)	(78.0, 0.0)	(79.0, 0.0)	(80.0, 0.3333333333333333)	(81.0, 0.3333333333333333)	(82.0, 0.0)	(83.0, 0.3333333333333333)	(84.0, 0.3333333333333333)	(85.0, 0.0)	(86.0, 0.0)	(87.0, 0.0)	(88.0, 0.0)	(89.0, 0.0)	(90.0, 0.0)	(91.0, 0.3333333333333333)	(92.0, 0.0)	(93.0, 0.0)	(94.0, 0.0)	(95.0, 0.0)	(96.0, 0.0)	(97.0, 0.3333333333333333)	(98.0, 0.0)	(99.0, 0.0)	(100.0, 0.0)
2529R_RL_F_NS1_week5_S55_L001_R1_001	(0.0, 0.0)	(1.0, 0.0)	(2.0, 0.0)	(3.0, 0.0)	(4.0, 0.0)	(5.0, 0.0)	(6.0, 0.0)	(7.0, 0.0)	(8.0, 0.0)	(9.0, 0.0)	(10.0, 0.0)	(11.0, 0.0)	(12.0, 0.0)	(13.0, 0.0)	(14.0, 0.0)	(15.0, 0.0)	(16.0, 0.0)	(17.0, 0.0)	(18.0, 0.0)	(19.0, 0.0)	(20.0, 0.0)	(21.0, 0.0)	(22.0, 0.0)	(23.0, 0.0)	(24.0, 0.0)	(25.0, 0.0)	(26.0, 0.0)	(27.0, 0.0)	(28.0, 0.0)	(29.0, 0.0)	(30.0, 0.0)	(31.0, 0.0)	(32.0, 0.0)	(33.0, 0.0)	(34.0, 0.0)	(35.0, 0.0)	(36.0, 0.0)	(37.0, 0.0)	(38.0, 0.0)	(39.0, 0.0)	(40.0, 1.0)	(41.0, 2.1666666666666665)	(42.0, 1.8333333333333333)	(43.0, 12.5)	(44.0, 67.33333333333334)	(45.0, 110.49999999999989)	(46.0, 229.16666666666805)	(47.0, 5672.166666665989)	(48.0, 15267.166666676525)	(49.0, 2056.8333333331557)	(50.0, 817.3333333333552)	(51.0, 3943.6666666673327)	(52.0, 5952.666666665733)	(53.0, 3740.0000000005693)	(54.0, 1797.1666666665417)	(55.0, 604.9999999999992)	(56.0, 111.08333333333306)	(57.0, 43.41666666666668)	(58.0, 19.666666666666668)	(59.0, 13.666666666666671)	(60.0, 5.333333333333333)	(61.0, 6.999999999999998)	(62.0, 54.33333333333344)	(63.0, 11.166666666666668)	(64.0, 5.333333333333333)	(65.0, 2.3333333333333335)	(66.0, 2.0)	(67.0, 0.5)	(68.0, 0.0)	(69.0, 0.3333333333333333)	(70.0, 0.0)	(71.0, 0.0)	(72.0, 0.0)	(73.0, 0.0)	(74.0, 0.0)	(75.0, 0.0)	(76.0, 0.0)	(77.0, 0.0)	(78.0, 0.0)	(79.0, 0.0)	(80.0, 0.0)	(81.0, 0.0)	(82.0, 0.0)	(83.0, 0.0)	(84.0, 0.0)	(85.0, 0.0)	(86.0, 0.0)	(87.0, 0.0)	(88.0, 0.0)	(89.0, 0.0)	(90.0, 0.0)	(91.0, 0.0)	(92.0, 0.0)	(93.0, 0.0)	(94.0, 0.0)	(95.0, 0.0)	(96.0, 0.0)	(97.0, 0.0)	(98.0, 0.0)	(99.0, 0.0)	(100.0, 0.0)
2529R_RL_F_NS1_week5_S55_L001_R2_001	(0.0, 0.0)	(1.0, 0.0)	(2.0, 0.0)	(3.0, 0.0)	(4.0, 0.0)	(5.0, 0.0)	(6.0, 0.0)	(7.0, 0.0)	(8.0, 0.0)	(9.0, 0.0)	(10.0, 0.0)	(11.0, 0.0)	(12.0, 0.0)	(13.0, 0.0)	(14.0, 0.0)	(15.0, 0.0)	(16.0, 0.0)	(17.0, 0.0)	(18.0, 0.0)	(19.0, 0.0)	(20.0, 0.0)	(21.0, 0.0)	(22.0, 0.0)	(23.0, 0.0)	(24.0, 0.0)	(25.0, 0.0)	(26.0, 0.0)	(27.0, 0.0)	(28.0, 0.0)	(29.0, 0.0)	(30.0, 0.5)	(31.0, 1.0)	(32.0, 0.5)	(33.0, 1.5)	(34.0, 2.0)	(35.0, 1.5)	(36.0, 1.5)	(37.0, 1.75)	(38.0, 5.25)	(39.0, 10.0)	(40.0, 10.833333333333334)	(41.0, 12.666666666666668)	(42.0, 23.833333333333332)	(43.0, 37.49999999999999)	(44.0, 62.3333333333334)	(45.0, 311.8333333333331)	(46.0, 3742.3333333339083)	(47.0, 2065.9166666664955)	(48.0, 4452.416666667092)	(49.0, 10456.250000001104)	(50.0, 1112.250000000024)	(51.0, 1279.7499999999923)	(52.0, 1474.4999999999477)	(53.0, 2935.4166666668743)	(54.0, 3137.333333333629)	(55.0, 624.0833333333328)	(56.0, 4555.666666667013)	(57.0, 3859.833333333923)	(58.0, 391.6666666666641)	(59.0, 155.8333333333332)	(60.0, 133.3333333333331)	(61.0, 109.99999999999984)	(62.0, 51.25000000000001)	(63.0, 40.58333333333333)	(64.0, 30.83333333333333)	(65.0, 15.500000000000002)	(66.0, 12.0)	(67.0, 19.166666666666668)	(68.0, 18.0)	(69.0, 5.333333333333334)	(70.0, 5.666666666666667)	(71.0, 11.666666666666668)	(72.0, 51.33333333333343)	(73.0, 12.66666666666667)	(74.0, 1.3333333333333333)	(75.0, 0.5)	(76.0, 0.8333333333333333)	(77.0, 0.8333333333333333)	(78.0, 0.0)	(79.0, 0.0)	(80.0, 0.0)	(81.0, 0.5)	(82.0, 0.5)	(83.0, 0.0)	(84.0, 0.3333333333333333)	(85.0, 0.3333333333333333)	(86.0, 0.0)	(87.0, 0.3333333333333333)	(88.0, 0.3333333333333333)	(89.0, 0.0)	(90.0, 0.0)	(91.0, 0.0)	(92.0, 0.0)	(93.0, 0.0)	(94.0, 0.0)	(95.0, 0.0)	(96.0, 0.0)	(97.0, 0.25)	(98.0, 0.25)	(99.0, 0.0)	(100.0, 0.0)
2529R_RL_F_NS1_week9_S76_L001_R1_001	(0.0, 0.0)	(1.0, 0.0)	(2.0, 0.0)	(3.0, 0.0)	(4.0, 0.0)	(5.0, 0.0)	(6.0, 0.0)	(7.0, 0.0)	(8.0, 0.0)	(9.0, 0.0)	(10.0, 0.0)	(11.0, 0.0)	(12.0, 0.0)	(13.0, 0.0)	(14.0, 0.0)	(15.0, 0.0)	(16.0, 0.0)	(17.0, 0.0)	(18.0, 0.0)	(19.0, 0.0)	(20.0, 0.0)	(21.0, 0.0)	(22.0, 0.0)	(23.0, 0.0)	(24.0, 0.0)	(25.0, 0.0)	(26.0, 0.0)	(27.0, 0.0)	(28.0, 0.25)	(29.0, 0.0)	(30.0, 0.0)	(31.0, 0.0)	(32.0, 0.0)	(33.0, 0.0)	(34.0, 0.3333333333333333)	(35.0, 1.9999999999999998)	(36.0, 1.0)	(37.0, 0.5833333333333333)	(38.0, 0.0)	(39.0, 0.3333333333333333)	(40.0, 0.8333333333333333)	(41.0, 0.8333333333333333)	(42.0, 2.5)	(43.0, 14.833333333333332)	(44.0, 50.83333333333333)	(45.0, 91.8333333333333)	(46.0, 266.7500000000019)	(47.0, 6278.916666665436)	(48.0, 9552.333333332828)	(49.0, 1655.4999999999065)	(50.0, 902.0833333333627)	(51.0, 7022.916666664775)	(52.0, 8342.166666664)	(53.0, 2509.333333333352)	(54.0, 1288.6666666666542)	(55.0, 452.08333333332564)	(56.0, 87.8333333333332)	(57.0, 31.249999999999982)	(58.0, 19.75)	(59.0, 18.916666666666664)	(60.0, 7.666666666666666)	(61.0, 9.833333333333332)	(62.0, 57.33333333333346)	(63.0, 15.333333333333341)	(64.0, 3.333333333333333)	(65.0, 1.1666666666666665)	(66.0, 0.0)	(67.0, 0.0)	(68.0, 0.0)	(69.0, 0.6666666666666666)	(70.0, 0.6666666666666666)	(71.0, 0.5)	(72.0, 1.0)	(73.0, 0.5)	(74.0, 0.0)	(75.0, 0.0)	(76.0, 0.0)	(77.0, 0.0)	(78.0, 0.0)	(79.0, 0.0)	(80.0, 0.0)	(81.0, 0.0)	(82.0, 0.0)	(83.0, 0.0)	(84.0, 0.0)	(85.0, 0.0)	(86.0, 0.0)	(87.0, 0.0)	(88.0, 0.0)	(89.0, 0.0)	(90.0, 0.0)	(91.0, 0.0)	(92.0, 0.0)	(93.0, 0.0)	(94.0, 0.0)	(95.0, 0.0)	(96.0, 0.0)	(97.0, 0.0)	(98.0, 0.0)	(99.0, 0.0)	(100.0, 0.0)
2529R_RL_F_NS1_week9_S76_L001_R2_001	(0.0, 0.0)	(1.0, 0.0)	(2.0, 0.0)	(3.0, 0.0)	(4.0, 0.0)	(5.0, 0.0)	(6.0, 0.0)	(7.0, 0.0)	(8.0, 0.0)	(9.0, 0.0)	(10.0, 0.0)	(11.0, 0.0)	(12.0, 0.0)	(13.0, 0.0)	(14.0, 0.0)	(15.0, 0.0)	(16.0, 0.0)	(17.0, 0.0)	(18.0, 0.0)	(19.0, 0.0)	(20.0, 0.0)	(21.0, 0.0)	(22.0, 0.0)	(23.0, 0.0)	(24.0, 0.0)	(25.0, 0.0)	(26.0, 0.0)	(27.0, 0.0)	(28.0, 0.5)	(29.0, 1.5)	(30.0, 3.0)	(31.0, 3.333333333333333)	(32.0, 1.8333333333333333)	(33.0, 0.8333333333333333)	(34.0, 1.8333333333333333)	(35.0, 1.9999999999999998)	(36.0, 1.5)	(37.0, 2.5)	(38.0, 5.666666666666666)	(39.0, 7.333333333333334)	(40.0, 8.5)	(41.0, 15.0)	(42.0, 22.499999999999996)	(43.0, 29.66666666666666)	(44.0, 51.33333333333337)	(45.0, 315.8333333333327)	(46.0, 3912.0000000006553)	(47.0, 3099.6666666669553)	(48.0, 3609.8333333338473)	(49.0, 4833.666666666743)	(50.0, 611.1666666666656)	(51.0, 1276.2499999999907)	(52.0, 1573.0833333332575)	(53.0, 2290.5833333332553)	(54.0, 2469.416666666664)	(55.0, 517.6666666666588)	(56.0, 6389.583333332053)	(57.0, 6659.8333333318105)	(58.0, 574.1666666666628)	(59.0, 180.8333333333337)	(60.0, 152.49999999999991)	(61.0, 114.41666666666637)	(62.0, 35.49999999999999)	(63.0, 29.08333333333333)	(64.0, 28.333333333333318)	(65.0, 17.41666666666667)	(66.0, 12.5)	(67.0, 19.750000000000004)	(68.0, 14.416666666666668)	(69.0, 4.166666666666667)	(70.0, 5.999999999999999)	(71.0, 9.833333333333334)	(72.0, 46.00000000000005)	(73.0, 13.666666666666671)	(74.0, 2.6666666666666665)	(75.0, 1.5833333333333333)	(76.0, 1.0)	(77.0, 1.0)	(78.0, 0.8333333333333333)	(79.0, 0.0)	(80.0, 0.5)	(81.0, 0.5)	(82.0, 0.0)	(83.0, 0.0)	(84.0, 0.3333333333333333)	(85.0, 0.0)	(86.0, 0.5)	(87.0, 0.5)	(88.0, 0.0)	(89.0, 0.5)	(90.0, 1.0)	(91.0, 0.5)	(92.0, 0.0)	(93.0, 0.0)	(94.0, 0.0)	(95.0, 0.5)	(96.0, 0.5)	(97.0, 0.3333333333333333)	(98.0, 0.3333333333333333)	(99.0, 0.0)	(100.0, 0.0)
2562R_0_F_NS6_week5_S10_L001_R1_001	(0.0, 0.0)	(1.0, 0.0)	(2.0, 0.0)	(3.0, 0.0)	(4.0, 0.0)	(5.0, 0.0)	(6.0, 0.0)	(7.0, 0.0)	(8.0, 0.0)	(9.0, 0.0)	(10.0, 0.0)	(11.0, 0.0)	(12.0, 0.0)	(13.0, 0.0)	(14.0, 0.0)	(15.0, 0.0)	(16.0, 0.0)	(17.0, 0.0)	(18.0, 0.0)	(19.0, 0.0)	(20.0, 0.0)	(21.0, 0.0)	(22.0, 0.0)	(23.0, 0.0)	(24.0, 0.0)	(25.0, 0.0)	(26.0, 0.0)	(27.0, 0.0)	(28.0, 0.0)	(29.0, 0.0)	(30.0, 0.0)	(31.0, 0.25)	(32.0, 0.0)	(33.0, 0.0)	(34.0, 0.0)	(35.0, 0.0)	(36.0, 0.0)	(37.0, 0.0)	(38.0, 0.5)	(39.0, 1.5)	(40.0, 2.833333333333333)	(41.0, 4.5)	(42.0, 16.666666666666668)	(43.0, 30.333333333333332)	(44.0, 49.33333333333334)	(45.0, 244.83333333333528)	(46.0, 2944.583333333549)	(47.0, 4554.500000000327)	(48.0, 7717.083333330797)	(49.0, 1693.4166666665644)	(50.0, 666.250000000005)	(51.0, 2347.4999999999495)	(52.0, 5742.666666665935)	(53.0, 4484.250000000396)	(54.0, 2516.0833333333576)	(55.0, 465.49999999999164)	(56.0, 106.16666666666634)	(57.0, 38.666666666666664)	(58.0, 24.666666666666657)	(59.0, 20.249999999999996)	(60.0, 5.583333333333333)	(61.0, 7.83333333333333)	(62.0, 51.33333333333342)	(63.0, 9.499999999999998)	(64.0, 2.5)	(65.0, 1.6666666666666665)	(66.0, 1.1666666666666665)	(67.0, 0.6666666666666666)	(68.0, 0.0)	(69.0, 0.0)	(70.0, 0.0)	(71.0, 0.0)	(72.0, 0.0)	(73.0, 0.0)	(74.0, 0.0)	(75.0, 0.0)	(76.0, 0.0)	(77.0, 0.0)	(78.0, 0.0)	(79.0, 0.0)	(80.0, 0.0)	(81.0, 0.0)	(82.0, 0.0)	(83.0, 0.0)	(84.0, 0.0)	(85.0, 0.0)	(86.0, 0.0)	(87.0, 0.0)	(88.0, 0.0)	(89.0, 0.0)	(90.0, 0.0)	(91.0, 0.0)	(92.0, 0.0)	(93.0, 0.0)	(94.0, 0.0)	(95.0, 0.0)	(96.0, 0.0)	(97.0, 0.0)	(98.0, 0.0)	(99.0, 0.0)	(100.0, 0.0)
2562R_0_F_NS6_week5_S10_L001_R2_001	(0.0, 0.0)	(1.0, 0.0)	(2.0, 0.0)	(3.0, 0.0)	(4.0, 0.0)	(5.0, 0.0)	(6.0, 0.0)	(7.0, 0.0)	(8.0, 0.0)	(9.0, 0.0)	(10.0, 0.0)	(11.0, 0.0)	(12.0, 0.0)	(13.0, 0.0)	(14.0, 0.0)	(15.0, 0.0)	(16.0, 0.0)	(17.0, 0.0)	(18.0, 0.0)	(19.0, 0.0)	(20.0, 0.0)	(21.0, 0.0)	(22.0, 0.0)	(23.0, 0.0)	(24.0, 0.5)	(25.0, 1.0)	(26.0, 0.5)	(27.0, 0.0)	(28.0, 0.0)	(29.0, 0.0)	(30.0, 0.0)	(31.0, 0.0)	(32.0, 0.5)	(33.0, 1.0)	(34.0, 1.5)	(35.0, 1.5)	(36.0, 0.5)	(37.0, 0.5)	(38.0, 5.0)	(39.0, 10.5)	(40.0, 12.166666666666666)	(41.0, 13.833333333333332)	(42.0, 17.916666666666668)	(43.0, 23.833333333333325)	(44.0, 54.00000000000008)	(45.0, 1095.833333333363)	(46.0, 6363.9999999986885)	(47.0, 4427.750000000443)	(48.0, 3388.6666666670762)	(49.0, 2597.5833333333867)	(50.0, 282.750000000001)	(51.0, 2588.5000000000528)	(52.0, 2688.3333333334294)	(53.0, 1887.999999999858)	(54.0, 3708.1666666672177)	(55.0, 762.1666666666804)	(56.0, 2791.750000000139)	(57.0, 2345.999999999942)	(58.0, 215.66666666666782)	(59.0, 90.24999999999994)	(60.0, 122.58333333333296)	(61.0, 116.99999999999964)	(62.0, 44.41666666666668)	(63.0, 29.16666666666666)	(64.0, 28.000000000000004)	(65.0, 15.333333333333332)	(66.0, 12.0)	(67.0, 12.416666666666666)	(68.0, 8.0)	(69.0, 4.833333333333334)	(70.0, 3.8333333333333335)	(71.0, 8.833333333333332)	(72.0, 44.50000000000004)	(73.0, 13.500000000000005)	(74.0, 2.6666666666666665)	(75.0, 1.5)	(76.0, 0.0)	(77.0, 0.6666666666666666)	(78.0, 0.5)	(79.0, 0.5)	(80.0, 0.0)	(81.0, 0.0)	(82.0, 0.0)	(83.0, 0.0)	(84.0, 0.0)	(85.0, 0.0)	(86.0, 0.0)	(87.0, 0.0)	(88.0, 0.0)	(89.0, 0.5833333333333333)	(90.0, 0.0)	(91.0, 0.0)	(92.0, 0.0)	(93.0, 0.0)	(94.0, 0.0)	(95.0, 0.0)	(96.0, 0.0)	(97.0, 0.0)	(98.0, 0.3333333333333333)	(99.0, 0.0)	(100.0, 0.0)
2562R_RL_F_NS6_week5_S11_L001_R1_001	(0.0, 0.0)	(1.0, 0.0)	(2.0, 0.0)	(3.0, 0.0)	(4.0, 0.0)	(5.0, 0.0)	(6.0, 0.0)	(7.0, 0.0)	(8.0, 0.0)	(9.0, 0.0)	(10.0, 0.0)	(11.0, 0.0)	(12.0, 0.0)	(13.0, 0.0)	(14.0, 0.0)	(15.0, 0.0)	(16.0, 0.0)	(17.0, 0.0)	(18.0, 0.0)	(19.0, 0.0)	(20.0, 0.0)	(21.0, 0.0)	(22.0, 0.0)	(23.0, 0.0)	(24.0, 0.0)	(25.0, 0.0)	(26.0, 0.0)	(27.0, 0.0)	(28.0, 0.0)	(29.0, 0.0)	(30.0, 0.0)	(31.0, 0.0)	(32.0, 0.0)	(33.0, 0.0)	(34.0, 0.0)	(35.0, 0.0)	(36.0, 0.0)	(37.0, 0.0)	(38.0, 0.0)	(39.0, 0.5)	(40.0, 2.5)	(41.0, 7.333333333333333)	(42.0, 19.833333333333332)	(43.0, 32.166666666666664)	(44.0, 56.16666666666669)	(45.0, 287.66666666666794)	(46.0, 3449.0000000004457)	(47.0, 3846.7500000006266)	(48.0, 7610.8333333308965)	(49.0, 2076.24999999983)	(50.0, 739.0833333333462)	(51.0, 1571.1666666665908)	(52.0, 4976.6666666666115)	(53.0, 3769.500000000593)	(54.0, 584.9999999999965)	(55.0, 219.16666666666848)	(56.0, 47.25000000000006)	(57.0, 19.666666666666668)	(58.0, 14.333333333333341)	(59.0, 11.000000000000002)	(60.0, 3.166666666666667)	(61.0, 3.3333333333333335)	(62.0, 30.999999999999957)	(63.0, 7.33333333333333)	(64.0, 3.6666666666666665)	(65.0, 1.0)	(66.0, 0.0)	(67.0, 0.0)	(68.0, 0.0)	(69.0, 0.0)	(70.0, 0.0)	(71.0, 0.0)	(72.0, 0.0)	(73.0, 0.0)	(74.0, 0.0)	(75.0, 0.0)	(76.0, 0.0)	(77.0, 0.0)	(78.0, 0.0)	(79.0, 0.0)	(80.0, 0.0)	(81.0, 0.0)	(82.0, 0.0)	(83.0, 0.0)	(84.0, 0.0)	(85.0, 0.0)	(86.0, 0.0)	(87.0, 0.0)	(88.0, 0.0)	(89.0, 0.0)	(90.0, 0.0)	(91.0, 0.0)	(92.0, 0.0)	(93.0, 0.0)	(94.0, 0.0)	(95.0, 0.0)	(96.0, 0.0)	(97.0, 0.0)	(98.0, 0.0)	(99.0, 0.0)	(100.0, 0.0)
2562R_RL_F_NS6_week5_S11_L001_R2_001	(0.0, 0.0)	(1.0, 0.0)	(2.0, 0.0)	(3.0, 0.0)	(4.0, 0.0)	(5.0, 0.0)	(6.0, 0.0)	(7.0, 0.0)	(8.0, 0.0)	(9.0, 0.0)	(10.0, 0.0)	(11.0, 0.0)	(12.0, 0.0)	(13.0, 0.0)	(14.0, 0.0)	(15.0, 0.0)	(16.0, 0.0)	(17.0, 0.0)	(18.0, 0.0)	(19.0, 0.0)	(20.0, 0.0)	(21.0, 0.0)	(22.0, 0.0)	(23.0, 0.0)	(24.0, 0.0)	(25.0, 0.0)	(26.0, 0.0)	(27.0, 0.0)	(28.0, 0.5)	(29.0, 0.5)	(30.0, 0.0)	(31.0, 0.0)	(32.0, 0.0)	(33.0, 0.0)	(34.0, 1.0)	(35.0, 3.0)	(36.0, 3.5)	(37.0, 2.5)	(38.0, 3.5)	(39.0, 5.0)	(40.0, 8.0)	(41.0, 14.0)	(42.0, 18.416666666666668)	(43.0, 21.999999999999993)	(44.0, 47.50000000000003)	(45.0, 958.6666666667043)	(46.0, 5895.74999999911)	(47.0, 4576.250000000309)	(48.0, 3706.500000000554)	(49.0, 2758.5833333334613)	(50.0, 293.5833333333341)	(51.0, 1744.4999999998875)	(52.0, 1801.9999999998754)	(53.0, 2057.9166666664933)	(54.0, 3824.5833333339338)	(55.0, 649.7500000000026)	(56.0, 1564.5833333332625)	(57.0, 1439.7499999999568)	(58.0, 138.4999999999998)	(59.0, 63.66666666666672)	(60.0, 78.08333333333336)	(61.0, 70.41666666666677)	(62.0, 23.499999999999996)	(63.0, 18.66666666666667)	(64.0, 15.666666666666668)	(65.0, 6.666666666666667)	(66.0, 7.0)	(67.0, 12.166666666666668)	(68.0, 13.0)	(69.0, 6.166666666666666)	(70.0, 3.1666666666666665)	(71.0, 5.999999999999998)	(72.0, 24.99999999999998)	(73.0, 5.999999999999998)	(74.0, 0.8333333333333333)	(75.0, 1.5)	(76.0, 1.0)	(77.0, 0.0)	(78.0, 0.5)	(79.0, 0.5)	(80.0, 0.0)	(81.0, 0.0)	(82.0, 0.0)	(83.0, 0.3333333333333333)	(84.0, 0.0)	(85.0, 0.0)	(86.0, 0.0)	(87.0, 0.0)	(88.0, 0.0)	(89.0, 0.0)	(90.0, 0.3333333333333333)	(91.0, 0.3333333333333333)	(92.0, 0.0)	(93.0, 0.0)	(94.0, 0.0)	(95.0, 0.0)	(96.0, 0.0)	(97.0, 0.0)	(98.0, 0.0)	(99.0, 0.0)	(100.0, 0.0)
3861R_0_M_NS1_week5_S56_L001_R1_001	(0.0, 0.0)	(1.0, 0.0)	(2.0, 0.0)	(3.0, 0.0)	(4.0, 0.0)	(5.0, 0.0)	(6.0, 0.0)	(7.0, 0.0)	(8.0, 0.0)	(9.0, 0.0)	(10.0, 0.0)	(11.0, 0.0)	(12.0, 0.0)	(13.0, 0.0)	(14.0, 0.0)	(15.0, 0.0)	(16.0, 0.0)	(17.0, 0.0)	(18.0, 0.0)	(19.0, 0.0)	(20.0, 0.0)	(21.0, 0.0)	(22.0, 0.0)	(23.0, 0.0)	(24.0, 0.0)	(25.0, 0.0)	(26.0, 0.0)	(27.0, 0.0)	(28.0, 0.0)	(29.0, 0.0)	(30.0, 0.0)	(31.0, 0.0)	(32.0, 0.0)	(33.0, 0.0)	(34.0, 0.0)	(35.0, 0.0)	(36.0, 0.0)	(37.0, 0.0)	(38.0, 1.3333333333333333)	(39.0, 2.1666666666666665)	(40.0, 1.5)	(41.0, 3.0)	(42.0, 5.333333333333334)	(43.0, 14.0)	(44.0, 58.50000000000001)	(45.0, 108.49999999999991)	(46.0, 253.16666666666873)	(47.0, 5138.7499999998)	(48.0, 13711.750000007021)	(49.0, 1807.9166666665403)	(50.0, 840.8333333333566)	(51.0, 3974.9166666673464)	(52.0, 6177.083333332197)	(53.0, 3729.666666667234)	(54.0, 1737.9166666665546)	(55.0, 558.4166666666604)	(56.0, 101.49999999999972)	(57.0, 37.166666666666664)	(58.0, 19.499999999999996)	(59.0, 20.999999999999996)	(60.0, 8.83333333333333)	(61.0, 10.833333333333334)	(62.0, 64.33333333333351)	(63.0, 13.83333333333334)	(64.0, 3.0)	(65.0, 0.3333333333333333)	(66.0, 0.5)	(67.0, 1.5)	(68.0, 1.5)	(69.0, 0.5)	(70.0, 0.0)	(71.0, 0.0)	(72.0, 0.0)	(73.0, 0.0)	(74.0, 0.0)	(75.0, 0.0)	(76.0, 0.0)	(77.0, 0.0)	(78.0, 0.0)	(79.0, 0.0)	(80.0, 0.0)	(81.0, 0.0)	(82.0, 0.0)	(83.0, 0.0)	(84.0, 0.0)	(85.0, 0.0)	(86.0, 0.0)	(87.0, 0.0)	(88.0, 0.0)	(89.0, 0.0)	(90.0, 0.0)	(91.0, 0.0)	(92.0, 0.0)	(93.0, 0.0)	(94.0, 0.0)	(95.0, 0.0)	(96.0, 0.0)	(97.0, 0.0)	(98.0, 0.0)	(99.0, 0.0)	(100.0, 0.0)
3861R_0_M_NS1_week5_S56_L001_R2_001	(0.0, 0.0)	(1.0, 0.0)	(2.0, 0.0)	(3.0, 0.0)	(4.0, 0.0)	(5.0, 0.0)	(6.0, 0.0)	(7.0, 0.0)	(8.0, 0.0)	(9.0, 0.0)	(10.0, 0.0)	(11.0, 0.0)	(12.0, 0.0)	(13.0, 0.0)	(14.0, 0.0)	(15.0, 0.0)	(16.0, 0.0)	(17.0, 0.0)	(18.0, 0.0)	(19.0, 0.0)	(20.0, 0.0)	(21.0, 0.0)	(22.0, 0.0)	(23.0, 0.0)	(24.0, 0.0)	(25.0, 0.0)	(26.0, 0.0)	(27.0, 0.0)	(28.0, 0.0)	(29.0, 0.0)	(30.0, 0.0)	(31.0, 0.0)	(32.0, 0.0)	(33.0, 1.0)	(34.0, 1.5)	(35.0, 2.0)	(36.0, 6.0)	(37.0, 9.0)	(38.0, 10.5)	(39.0, 12.833333333333334)	(40.0, 15.416666666666668)	(41.0, 21.666666666666664)	(42.0, 31.0)	(43.0, 41.583333333333336)	(44.0, 61.75000000000005)	(45.0, 293.8333333333339)	(46.0, 3349.5000000003974)	(47.0, 2310.4999999999345)	(48.0, 4248.750000000594)	(49.0, 9406.333333332524)	(50.0, 1071.8333333333662)	(51.0, 2004.9999999998327)	(52.0, 2253.9999999999036)	(53.0, 2402.2499999999686)	(54.0, 2649.7500000000746)	(55.0, 566.833333333328)	(56.0, 4076.0000000006867)	(57.0, 3699.2500000005293)	(58.0, 382.249999999997)	(59.0, 147.49999999999983)	(60.0, 156.16666666666654)	(61.0, 142.08333333333312)	(62.0, 49.83333333333333)	(63.0, 33.5)	(64.0, 34.16666666666664)	(65.0, 20.0)	(66.0, 17.583333333333332)	(67.0, 20.5)	(68.0, 16.833333333333336)	(69.0, 7.5)	(70.0, 5.166666666666666)	(71.0, 11.333333333333334)	(72.0, 56.50000000000012)	(73.0, 17.66666666666667)	(74.0, 3.1666666666666665)	(75.0, 0.8333333333333333)	(76.0, 0.3333333333333333)	(77.0, 0.8333333333333333)	(78.0, 0.8333333333333333)	(79.0, 0.3333333333333333)	(80.0, 0.0)	(81.0, 0.8333333333333333)	(82.0, 0.8333333333333333)	(83.0, 0.0)	(84.0, 0.0)	(85.0, 0.3333333333333333)	(86.0, 0.0)	(87.0, 0.0)	(88.0, 0.0)	(89.0, 0.0)	(90.0, 0.0)	(91.0, 0.0)	(92.0, 0.0)	(93.0, 0.0)	(94.0, 0.0)	(95.0, 0.5)	(96.0, 0.5)	(97.0, 0.0)	(98.0, 0.0)	(99.0, 0.0)	(100.0, 0.0)
3861R_0_M_NS1_week9_S77_L001_R1_001	(0.0, 0.0)	(1.0, 0.0)	(2.0, 0.0)	(3.0, 0.0)	(4.0, 0.0)	(5.0, 0.0)	(6.0, 0.0)	(7.0, 0.0)	(8.0, 0.0)	(9.0, 0.0)	(10.0, 0.0)	(11.0, 0.0)	(12.0, 0.0)	(13.0, 0.0)	(14.0, 0.0)	(15.0, 0.0)	(16.0, 0.0)	(17.0, 0.0)	(18.0, 0.0)	(19.0, 0.0)	(20.0, 0.0)	(21.0, 0.0)	(22.0, 0.0)	(23.0, 0.0)	(24.0, 0.0)	(25.0, 0.0)	(26.0, 0.0)	(27.0, 0.0)	(28.0, 0.0)	(29.0, 0.0)	(30.0, 0.0)	(31.0, 0.0)	(32.0, 0.0)	(33.0, 0.0)	(34.0, 0.0)	(35.0, 0.0)	(36.0, 0.3333333333333333)	(37.0, 0.0)	(38.0, 0.0)	(39.0, 0.0)	(40.0, 0.3333333333333333)	(41.0, 0.3333333333333333)	(42.0, 3.5)	(43.0, 15.5)	(44.0, 63.916666666666686)	(45.0, 133.33333333333297)	(46.0, 348.4166666666647)	(47.0, 6992.749999998121)	(48.0, 10848.333333335178)	(49.0, 1871.333333333191)	(50.0, 857.1666666666923)	(51.0, 3727.9166666672336)	(52.0, 5204.833333333075)	(53.0, 2273.499999999918)	(54.0, 713.250000000011)	(55.0, 415.8333333333274)	(56.0, 67.00000000000009)	(57.0, 30.16666666666665)	(58.0, 24.333333333333325)	(59.0, 18.333333333333332)	(60.0, 5.666666666666665)	(61.0, 8.999999999999998)	(62.0, 57.16666666666679)	(63.0, 12.16666666666667)	(64.0, 4.333333333333333)	(65.0, 1.9999999999999998)	(66.0, 1.6666666666666665)	(67.0, 0.3333333333333333)	(68.0, 0.3333333333333333)	(69.0, 0.3333333333333333)	(70.0, 0.0)	(71.0, 0.0)	(72.0, 0.0)	(73.0, 0.0)	(74.0, 0.0)	(75.0, 0.0)	(76.0, 0.0)	(77.0, 0.0)	(78.0, 0.0)	(79.0, 0.0)	(80.0, 0.0)	(81.0, 0.0)	(82.0, 0.0)	(83.0, 0.0)	(84.0, 0.0)	(85.0, 0.0)	(86.0, 0.0)	(87.0, 0.0)	(88.0, 0.0)	(89.0, 0.0)	(90.0, 0.0)	(91.0, 0.0)	(92.0, 0.0)	(93.0, 0.0)	(94.0, 0.0)	(95.0, 0.0)	(96.0, 0.0)	(97.0, 0.0)	(98.0, 0.0)	(99.0, 0.0)	(100.0, 0.0)
3861R_0_M_NS1_week9_S77_L001_R2_001	(0.0, 0.0)	(1.0, 0.0)	(2.0, 0.0)	(3.0, 0.0)	(4.0, 0.0)	(5.0, 0.0)	(6.0, 0.0)	(7.0, 0.0)	(8.0, 0.0)	(9.0, 0.0)	(10.0, 0.0)	(11.0, 0.0)	(12.0, 0.0)	(13.0, 0.0)	(14.0, 0.0)	(15.0, 0.0)	(16.0, 0.0)	(17.0, 0.0)	(18.0, 0.0)	(19.0, 0.0)	(20.0, 0.0)	(21.0, 0.0)	(22.0, 0.0)	(23.0, 0.0)	(24.0, 0.0)	(25.0, 0.0)	(26.0, 0.0)	(27.0, 0.0)	(28.0, 0.5)	(29.0, 0.5)	(30.0, 0.0)	(31.0, 0.0)	(32.0, 0.0)	(33.0, 0.0)	(34.0, 0.5)	(35.0, 2.0)	(36.0, 4.5)	(37.0, 4.75)	(38.0, 5.5)	(39.0, 9.0)	(40.0, 14.0)	(41.0, 19.833333333333332)	(42.0, 21.333333333333332)	(43.0, 34.416666666666664)	(44.0, 58.00000000000005)	(45.0, 342.24999999999824)	(46.0, 4393.083333333803)	(47.0, 3928.166666667327)	(48.0, 4381.500000000479)	(49.0, 5161.8333333331175)	(50.0, 605.3333333333312)	(51.0, 897.6666666666954)	(52.0, 1184.8333333333435)	(53.0, 2475.33333333334)	(54.0, 2609.0833333333962)	(55.0, 407.74999999999574)	(56.0, 3385.500000000398)	(57.0, 3509.0000000004525)	(58.0, 312.4166666666666)	(59.0, 110.08333333333316)	(60.0, 99.49999999999984)	(61.0, 79.49999999999999)	(62.0, 32.83333333333333)	(63.0, 27.5)	(64.0, 28.49999999999999)	(65.0, 19.000000000000004)	(66.0, 12.166666666666666)	(67.0, 14.500000000000002)	(68.0, 12.833333333333334)	(69.0, 5.0)	(70.0, 3.6666666666666665)	(71.0, 10.666666666666666)	(72.0, 54.0000000000001)	(73.0, 12.666666666666671)	(74.0, 2.833333333333333)	(75.0, 2.833333333333333)	(76.0, 2.333333333333333)	(77.0, 1.0)	(78.0, 0.0)	(79.0, 0.0)	(80.0, 0.0)	(81.0, 0.0)	(82.0, 0.0)	(83.0, 0.0)	(84.0, 0.0)	(85.0, 0.0)	(86.0, 0.0)	(87.0, 0.3333333333333333)	(88.0, 0.0)	(89.0, 0.0)	(90.0, 0.0)	(91.0, 0.0)	(92.0, 0.0)	(93.0, 0.0)	(94.0, 0.0)	(95.0, 0.0)	(96.0, 0.0)	(97.0, 1.0)	(98.0, 0.6666666666666666)	(99.0, 0.0)	(100.0, 0.0)
3861R_L_M_NS1_diabetes_S27_L001_R1_001	(0.0, 0.0)	(1.0, 0.0)	(2.0, 0.0)	(3.0, 0.0)	(4.0, 0.0)	(5.0, 0.0)	(6.0, 0.0)	(7.0, 0.0)	(8.0, 0.0)	(9.0, 0.0)	(10.0, 0.0)	(11.0, 0.0)	(12.0, 0.0)	(13.0, 0.0)	(14.0, 0.0)	(15.0, 0.0)	(16.0, 0.0)	(17.0, 0.0)	(18.0, 0.0)	(19.0, 0.0)	(20.0, 0.0)	(21.0, 0.0)	(22.0, 0.0)	(23.0, 0.0)	(24.0, 0.0)	(25.0, 0.0)	(26.0, 0.0)	(27.0, 0.0)	(28.0, 0.0)	(29.0, 0.0)	(30.0, 0.0)	(31.0, 0.3333333333333333)	(32.0, 0.3333333333333333)	(33.0, 0.0)	(34.0, 0.0)	(35.0, 0.0)	(36.0, 0.0)	(37.0, 0.0)	(38.0, 0.0)	(39.0, 0.8333333333333333)	(40.0, 1.3333333333333333)	(41.0, 1.0)	(42.0, 3.333333333333333)	(43.0, 12.666666666666666)	(44.0, 59.0)	(45.0, 149.33333333333317)	(46.0, 437.1666666666601)	(47.0, 6996.249999998118)	(48.0, 11905.083333337088)	(49.0, 2089.916666666503)	(50.0, 839.916666666691)	(51.0, 2455.9166666666642)	(52.0, 3464.833333333785)	(53.0, 1924.2499999998468)	(54.0, 831.16666666669)	(55.0, 332.49999999999886)	(56.0, 56.83333333333343)	(57.0, 19.416666666666664)	(58.0, 13.750000000000007)	(59.0, 16.00000000000001)	(60.0, 5.333333333333333)	(61.0, 6.666666666666665)	(62.0, 47.00000000000006)	(63.0, 8.999999999999998)	(64.0, 3.1666666666666665)	(65.0, 2.5)	(66.0, 0.6666666666666666)	(67.0, 0.0)	(68.0, 0.3333333333333333)	(69.0, 0.3333333333333333)	(70.0, 0.0)	(71.0, 0.0)	(72.0, 0.0)	(73.0, 0.0)	(74.0, 0.0)	(75.0, 0.0)	(76.0, 0.0)	(77.0, 0.0)	(78.0, 0.0)	(79.0, 0.0)	(80.0, 0.0)	(81.0, 0.0)	(82.0, 0.0)	(83.0, 0.0)	(84.0, 0.0)	(85.0, 0.0)	(86.0, 0.0)	(87.0, 0.0)	(88.0, 0.0)	(89.0, 0.0)	(90.0, 0.0)	(91.0, 0.0)	(92.0, 0.0)	(93.0, 0.0)	(94.0, 0.0)	(95.0, 0.0)	(96.0, 0.0)	(97.0, 0.0)	(98.0, 0.0)	(99.0, 0.0)	(100.0, 0.0)
3861R_L_M_NS1_diabetes_S27_L001_R2_001	(0.0, 0.0)	(1.0, 0.0)	(2.0, 0.0)	(3.0, 0.0)	(4.0, 0.0)	(5.0, 0.0)	(6.0, 0.0)	(7.0, 0.5)	(8.0, 0.5)	(9.0, 0.0)	(10.0, 0.0)	(11.0, 0.0)	(12.0, 0.0)	(13.0, 0.0)	(14.0, 0.0)	(15.0, 0.0)	(16.0, 0.0)	(17.0, 0.0)	(18.0, 0.0)	(19.0, 0.0)	(20.0, 0.0)	(21.0, 0.0)	(22.0, 0.0)	(23.0, 0.0)	(24.0, 0.0)	(25.0, 0.0)	(26.0, 0.0)	(27.0, 0.0)	(28.0, 0.0)	(29.0, 0.0)	(30.0, 0.5)	(31.0, 1.5)	(32.0, 1.5)	(33.0, 1.0)	(34.0, 0.5)	(35.0, 0.8333333333333333)	(36.0, 2.3333333333333335)	(37.0, 4.0)	(38.0, 7.25)	(39.0, 13.25)	(40.0, 21.166666666666664)	(41.0, 27.5)	(42.0, 37.66666666666667)	(43.0, 55.250000000000014)	(44.0, 84.66666666666663)	(45.0, 402.9999999999952)	(46.0, 4446.16666666709)	(47.0, 3366.500000000407)	(48.0, 4586.250000000304)	(49.0, 6422.333333332005)	(50.0, 782.2500000000146)	(51.0, 1135.2500000000225)	(52.0, 1467.0833333332846)	(53.0, 2127.416666666522)	(54.0, 2127.166666666521)	(55.0, 357.4166666666652)	(56.0, 2238.66666666656)	(57.0, 2305.0833333332603)	(58.0, 279.1666666666675)	(59.0, 125.41666666666652)	(60.0, 98.99999999999994)	(61.0, 73.16666666666676)	(62.0, 36.83333333333333)	(63.0, 29.333333333333332)	(64.0, 32.24999999999998)	(65.0, 16.16666666666667)	(66.0, 10.833333333333334)	(67.0, 18.5)	(68.0, 17.166666666666664)	(69.0, 5.666666666666667)	(70.0, 4.5)	(71.0, 9.0)	(72.0, 40.33333333333333)	(73.0, 10.33333333333333)	(74.0, 2.833333333333333)	(75.0, 2.333333333333333)	(76.0, 2.5)	(77.0, 1.5)	(78.0, 0.0)	(79.0, 0.5)	(80.0, 0.5)	(81.0, 0.3333333333333333)	(82.0, 0.0)	(83.0, 0.0)	(84.0, 0.0)	(85.0, 0.0)	(86.0, 0.0)	(87.0, 0.0)	(88.0, 0.3333333333333333)	(89.0, 0.0)	(90.0, 0.0)	(91.0, 0.0)	(92.0, 0.0)	(93.0, 0.0)	(94.0, 0.0)	(95.0, 0.0)	(96.0, 0.0)	(97.0, 0.0)	(98.0, 0.0)	(99.0, 0.3333333333333333)	(100.0, 0.5)
3861R_L_M_NS1_week5_S57_L001_R1_001	(0.0, 0.0)	(1.0, 0.0)	(2.0, 0.0)	(3.0, 0.0)	(4.0, 0.0)	(5.0, 0.0)	(6.0, 0.0)	(7.0, 0.0)	(8.0, 0.0)	(9.0, 0.0)	(10.0, 0.0)	(11.0, 0.0)	(12.0, 0.0)	(13.0, 0.0)	(14.0, 0.0)	(15.0, 0.0)	(16.0, 0.0)	(17.0, 0.0)	(18.0, 0.0)	(19.0, 0.0)	(20.0, 0.0)	(21.0, 0.0)	(22.0, 0.0)	(23.0, 0.0)	(24.0, 0.0)	(25.0, 0.0)	(26.0, 0.0)	(27.0, 0.0)	(28.0, 0.0)	(29.0, 0.0)	(30.0, 0.0)	(31.0, 0.0)	(32.0, 0.0)	(33.0, 0.0)	(34.0, 0.0)	(35.0, 0.0)	(36.0, 0.3333333333333333)	(37.0, 0.3333333333333333)	(38.0, 1.0)	(39.0, 3.0)	(40.0, 2.5)	(41.0, 2.0)	(42.0, 5.333333333333333)	(43.0, 16.666666666666664)	(44.0, 49.666666666666664)	(45.0, 80.16666666666667)	(46.0, 209.33333333333456)	(47.0, 4149.833333334023)	(48.0, 8691.416666664594)	(49.0, 1141.2500000000198)	(50.0, 591.5833333333309)	(51.0, 3360.8333333337355)	(52.0, 5585.499999999402)	(53.0, 3357.8333333337323)	(54.0, 1150.6666666666833)	(55.0, 399.74999999999494)	(56.0, 67.83333333333341)	(57.0, 34.16666666666664)	(58.0, 13.16666666666667)	(59.0, 11.166666666666666)	(60.0, 5.499999999999999)	(61.0, 7.499999999999998)	(62.0, 39.16666666666667)	(63.0, 8.833333333333332)	(64.0, 2.333333333333333)	(65.0, 1.6666666666666665)	(66.0, 0.5)	(67.0, 0.0)	(68.0, 0.0)	(69.0, 0.0)	(70.0, 0.0)	(71.0, 0.0)	(72.0, 0.0)	(73.0, 0.0)	(74.0, 0.0)	(75.0, 0.0)	(76.0, 0.0)	(77.0, 0.0)	(78.0, 0.0)	(79.0, 0.0)	(80.0, 0.0)	(81.0, 0.0)	(82.0, 0.0)	(83.0, 0.0)	(84.0, 0.0)	(85.0, 0.0)	(86.0, 0.0)	(87.0, 0.0)	(88.0, 0.0)	(89.0, 0.0)	(90.0, 0.0)	(91.0, 0.0)	(92.0, 0.0)	(93.0, 0.0)	(94.0, 0.0)	(95.0, 0.0)	(96.0, 0.0)	(97.0, 0.0)	(98.0, 0.0)	(99.0, 0.0)	(100.0, 0.0)
3861R_L_M_NS1_week5_S57_L001_R2_001	(0.0, 0.0)	(1.0, 0.0)	(2.0, 0.0)	(3.0, 0.0)	(4.0, 0.0)	(5.0, 0.0)	(6.0, 0.0)	(7.0, 0.0)	(8.0, 0.0)	(9.0, 0.0)	(10.0, 0.0)	(11.0, 0.0)	(12.0, 0.0)	(13.0, 0.0)	(14.0, 0.0)	(15.0, 0.0)	(16.0, 0.0)	(17.0, 0.0)	(18.0, 0.0)	(19.0, 0.0)	(20.0, 0.0)	(21.0, 0.0)	(22.0, 0.0)	(23.0, 0.0)	(24.0, 0.0)	(25.0, 0.0)	(26.0, 0.0)	(27.0, 0.5)	(28.0, 0.5)	(29.0, 0.0)	(30.0, 0.0)	(31.0, 0.0)	(32.0, 0.0)	(33.0, 0.0)	(34.0, 1.5)	(35.0, 4.0)	(36.0, 4.0)	(37.0, 3.5)	(38.0, 6.0)	(39.0, 10.0)	(40.0, 15.333333333333334)	(41.0, 20.999999999999996)	(42.0, 25.999999999999996)	(43.0, 33.499999999999986)	(44.0, 54.00000000000003)	(45.0, 244.00000000000207)	(46.0, 2798.9166666668225)	(47.0, 1901.9999999998536)	(48.0, 2721.2500000001164)	(49.0, 5243.083333333048)	(50.0, 686.6666666666736)	(51.0, 1470.999999999948)	(52.0, 1723.083333333229)	(53.0, 2019.3333333331648)	(54.0, 2205.7499999998845)	(55.0, 460.99999999999403)	(56.0, 3396.500000000395)	(57.0, 3164.833333333629)	(58.0, 367.8333333333311)	(59.0, 135.49999999999977)	(60.0, 113.4999999999998)	(61.0, 98.83333333333323)	(62.0, 48.25000000000002)	(63.0, 27.166666666666664)	(64.0, 23.16666666666667)	(65.0, 18.500000000000004)	(66.0, 14.333333333333332)	(67.0, 18.0)	(68.0, 15.666666666666668)	(69.0, 6.166666666666666)	(70.0, 5.0)	(71.0, 9.833333333333332)	(72.0, 34.49999999999996)	(73.0, 8.83333333333333)	(74.0, 0.8333333333333333)	(75.0, 0.5)	(76.0, 0.0)	(77.0, 0.8333333333333333)	(78.0, 0.8333333333333333)	(79.0, 0.0)	(80.0, 0.3333333333333333)	(81.0, 0.0)	(82.0, 0.0)	(83.0, 0.0)	(84.0, 0.3333333333333333)	(85.0, 0.3333333333333333)	(86.0, 0.3333333333333333)	(87.0, 0.0)	(88.0, 0.0)	(89.0, 0.0)	(90.0, 0.5)	(91.0, 0.5)	(92.0, 0.0)	(93.0, 0.0)	(94.0, 0.0)	(95.0, 0.0)	(96.0, 0.0)	(97.0, 0.25)	(98.0, 0.0)	(99.0, 0.0)	(100.0, 0.0)
3861R_L_M_NS1_week9_S78_L001_R1_001	(0.0, 0.0)	(1.0, 0.0)	(2.0, 0.0)	(3.0, 0.0)	(4.0, 0.0)	(5.0, 0.0)	(6.0, 0.0)	(7.0, 0.0)	(8.0, 0.0)	(9.0, 0.0)	(10.0, 0.0)	(11.0, 0.0)	(12.0, 0.0)	(13.0, 0.0)	(14.0, 0.0)	(15.0, 0.0)	(16.0, 0.0)	(17.0, 0.0)	(18.0, 0.0)	(19.0, 0.0)	(20.0, 0.0)	(21.0, 0.0)	(22.0, 0.0)	(23.0, 0.0)	(24.0, 0.0)	(25.0, 0.0)	(26.0, 0.0)	(27.0, 0.0)	(28.0, 0.0)	(29.0, 0.0)	(30.0, 0.0)	(31.0, 0.0)	(32.0, 0.25)	(33.0, 0.0)	(34.0, 0.0)	(35.0, 0.0)	(36.0, 0.0)	(37.0, 0.0)	(38.0, 0.0)	(39.0, 0.5)	(40.0, 1.1666666666666665)	(41.0, 1.8333333333333333)	(42.0, 3.8333333333333335)	(43.0, 16.166666666666664)	(44.0, 59.000000000000014)	(45.0, 127.16666666666634)	(46.0, 395.83333333332905)	(47.0, 7993.249999997219)	(48.0, 11171.75000000243)	(49.0, 2097.1666666665074)	(50.0, 1004.1666666667089)	(51.0, 3691.7500000005543)	(52.0, 5394.5833333328965)	(53.0, 3085.1666666669457)	(54.0, 937.9166666667018)	(55.0, 463.1666666666584)	(56.0, 77.1666666666667)	(57.0, 24.833333333333314)	(58.0, 10.666666666666668)	(59.0, 15.833333333333343)	(60.0, 8.499999999999998)	(61.0, 9.166666666666666)	(62.0, 58.500000000000135)	(63.0, 10.666666666666668)	(64.0, 4.833333333333333)	(65.0, 2.8333333333333335)	(66.0, 0.6666666666666666)	(67.0, 0.3333333333333333)	(68.0, 0.0)	(69.0, 0.0)	(70.0, 0.0)	(71.0, 0.0)	(72.0, 0.0)	(73.0, 0.0)	(74.0, 0.0)	(75.0, 0.0)	(76.0, 0.0)	(77.0, 0.0)	(78.0, 0.0)	(79.0, 0.0)	(80.0, 0.0)	(81.0, 0.0)	(82.0, 0.0)	(83.0, 0.0)	(84.0, 0.0)	(85.0, 0.0)	(86.0, 0.0)	(87.0, 0.0)	(88.0, 0.0)	(89.0, 0.0)	(90.0, 0.0)	(91.0, 0.0)	(92.0, 0.0)	(93.0, 0.0)	(94.0, 0.0)	(95.0, 0.0)	(96.0, 0.0)	(97.0, 0.0)	(98.0, 0.0)	(99.0, 0.0)	(100.0, 0.0)
3861R_L_M_NS1_week9_S78_L001_R2_001	(0.0, 0.0)	(1.0, 0.0)	(2.0, 0.0)	(3.0, 0.0)	(4.0, 0.0)	(5.0, 0.0)	(6.0, 0.0)	(7.0, 0.0)	(8.0, 0.0)	(9.0, 0.0)	(10.0, 0.0)	(11.0, 0.0)	(12.0, 0.0)	(13.0, 0.0)	(14.0, 0.0)	(15.0, 0.0)	(16.0, 0.0)	(17.0, 0.0)	(18.0, 0.0)	(19.0, 0.0)	(20.0, 0.0)	(21.0, 0.0)	(22.0, 0.0)	(23.0, 0.0)	(24.0, 0.0)	(25.0, 0.0)	(26.0, 0.0)	(27.0, 0.0)	(28.0, 0.0)	(29.0, 0.0)	(30.0, 0.5)	(31.0, 1.5)	(32.0, 1.0)	(33.0, 0.5)	(34.0, 1.5)	(35.0, 1.5)	(36.0, 1.0)	(37.0, 2.333333333333333)	(38.0, 7.083333333333334)	(39.0, 8.333333333333334)	(40.0, 7.833333333333332)	(41.0, 10.916666666666666)	(42.0, 20.916666666666668)	(43.0, 40.41666666666668)	(44.0, 71.33333333333333)	(45.0, 440.1666666666594)	(46.0, 5572.833333332741)	(47.0, 4533.666666667014)	(48.0, 4092.1666666673937)	(49.0, 4045.7500000007017)	(50.0, 617.5833333333323)	(51.0, 1556.0833333332646)	(52.0, 2217.0833333332253)	(53.0, 2656.083333333419)	(54.0, 2743.0000000001214)	(55.0, 452.1666666666611)	(56.0, 3214.333333333658)	(57.0, 3347.0000000003806)	(58.0, 320.50000000000006)	(59.0, 111.83333333333316)	(60.0, 106.49999999999983)	(61.0, 78.91666666666667)	(62.0, 28.999999999999993)	(63.0, 20.833333333333332)	(64.0, 21.83333333333333)	(65.0, 8.666666666666664)	(66.0, 7.499999999999999)	(67.0, 16.0)	(68.0, 16.333333333333336)	(69.0, 5.999999999999999)	(70.0, 3.1666666666666665)	(71.0, 11.500000000000004)	(72.0, 51.66666666666675)	(73.0, 14.333333333333337)	(74.0, 1.0)	(75.0, 0.0)	(76.0, 0.5)	(77.0, 0.8333333333333333)	(78.0, 0.3333333333333333)	(79.0, 0.0)	(80.0, 0.0)	(81.0, 0.0)	(82.0, 0.0)	(83.0, 0.0)	(84.0, 0.0)	(85.0, 0.0)	(86.0, 0.3333333333333333)	(87.0, 0.0)	(88.0, 0.0)	(89.0, 0.0)	(90.0, 0.0)	(91.0, 0.0)	(92.0, 0.0)	(93.0, 0.0)	(94.0, 0.0)	(95.0, 0.0)	(96.0, 0.0)	(97.0, 0.3333333333333333)	(98.0, 0.0)	(99.0, 0.0)	(100.0, 0.0)
3861R_NS1_week28_S39_L001_R1_001	(0.0, 0.0)	(1.0, 0.0)	(2.0, 0.0)	(3.0, 0.0)	(4.0, 0.0)	(5.0, 0.0)	(6.0, 0.0)	(7.0, 0.0)	(8.0, 0.0)	(9.0, 0.0)	(10.0, 0.0)	(11.0, 0.0)	(12.0, 0.0)	(13.0, 0.0)	(14.0, 0.0)	(15.0, 0.0)	(16.0, 0.0)	(17.0, 0.0)	(18.0, 0.0)	(19.0, 0.0)	(20.0, 0.0)	(21.0, 0.0)	(22.0, 0.0)	(23.0, 0.0)	(24.0, 0.0)	(25.0, 0.0)	(26.0, 0.0)	(27.0, 0.0)	(28.0, 0.0)	(29.0, 0.0)	(30.0, 0.3333333333333333)	(31.0, 0.0)	(32.0, 0.0)	(33.0, 0.0)	(34.0, 0.0)	(35.0, 0.0)	(36.0, 0.3333333333333333)	(37.0, 0.0)	(38.0, 0.0)	(39.0, 0.5)	(40.0, 0.5)	(41.0, 0.3333333333333333)	(42.0, 5.333333333333334)	(43.0, 16.0)	(44.0, 48.83333333333334)	(45.0, 125.99999999999966)	(46.0, 384.2499999999963)	(47.0, 6769.166666664995)	(48.0, 11036.166666668854)	(49.0, 1992.333333333164)	(50.0, 1358.4166666666388)	(51.0, 7054.333333331404)	(52.0, 7671.499999997526)	(53.0, 2739.9166666667893)	(54.0, 1806.583333333207)	(55.0, 443.66666666665964)	(56.0, 89.2499999999999)	(57.0, 31.58333333333331)	(58.0, 19.166666666666664)	(59.0, 23.41666666666665)	(60.0, 6.166666666666665)	(61.0, 13.166666666666673)	(62.0, 121.66666666666603)	(63.0, 26.999999999999975)	(64.0, 4.999999999999999)	(65.0, 2.5)	(66.0, 1.6666666666666665)	(67.0, 0.25)	(68.0, 0.0)	(69.0, 0.0)	(70.0, 0.0)	(71.0, 0.0)	(72.0, 0.0)	(73.0, 0.0)	(74.0, 0.0)	(75.0, 0.0)	(76.0, 0.0)	(77.0, 0.0)	(78.0, 0.0)	(79.0, 0.0)	(80.0, 0.0)	(81.0, 0.0)	(82.0, 0.0)	(83.0, 0.0)	(84.0, 0.0)	(85.0, 0.0)	(86.0, 0.0)	(87.0, 0.0)	(88.0, 0.0)	(89.0, 0.0)	(90.0, 0.0)	(91.0, 0.0)	(92.0, 0.0)	(93.0, 0.0)	(94.0, 0.0)	(95.0, 0.0)	(96.0, 0.0)	(97.0, 0.0)	(98.0, 0.0)	(99.0, 0.0)	(100.0, 0.0)
3861R_NS1_week28_S39_L001_R2_001	(0.0, 0.0)	(1.0, 0.0)	(2.0, 0.0)	(3.0, 0.0)	(4.0, 0.0)	(5.0, 0.0)	(6.0, 0.0)	(7.0, 0.0)	(8.0, 0.0)	(9.0, 0.0)	(10.0, 0.0)	(11.0, 0.0)	(12.0, 0.0)	(13.0, 0.0)	(14.0, 0.0)	(15.0, 0.0)	(16.0, 0.0)	(17.0, 0.0)	(18.0, 0.0)	(19.0, 0.0)	(20.0, 0.0)	(21.0, 0.0)	(22.0, 0.0)	(23.0, 0.0)	(24.0, 0.0)	(25.0, 0.0)	(26.0, 0.0)	(27.0, 0.0)	(28.0, 0.0)	(29.0, 0.0)	(30.0, 0.0)	(31.0, 0.0)	(32.0, 0.5)	(33.0, 1.5)	(34.0, 1.0)	(35.0, 0.5)	(36.0, 3.0)	(37.0, 4.5)	(38.0, 4.75)	(39.0, 6.0)	(40.0, 8.083333333333332)	(41.0, 9.333333333333334)	(42.0, 16.666666666666664)	(43.0, 33.666666666666664)	(44.0, 57.50000000000005)	(45.0, 317.24999999999943)	(46.0, 3975.250000000683)	(47.0, 3786.2500000005957)	(48.0, 4686.66666666688)	(49.0, 5776.416666665911)	(50.0, 753.5000000000125)	(51.0, 1786.3333333332141)	(52.0, 2063.749999999828)	(53.0, 1759.58333333322)	(54.0, 2236.9999999998977)	(55.0, 622.4999999999998)	(56.0, 6314.583333332146)	(57.0, 6482.999999998659)	(58.0, 634.1666666666682)	(59.0, 198.8333333333339)	(60.0, 156.24999999999994)	(61.0, 117.08333333333312)	(62.0, 48.666666666666664)	(63.0, 42.666666666666664)	(64.0, 44.49999999999999)	(65.0, 27.41666666666666)	(66.0, 15.333333333333334)	(67.0, 31.83333333333333)	(68.0, 30.499999999999996)	(69.0, 11.0)	(70.0, 10.833333333333332)	(71.0, 24.833333333333314)	(72.0, 104.41666666666629)	(73.0, 26.916666666666643)	(74.0, 3.5000000000000004)	(75.0, 1.6666666666666665)	(76.0, 0.5)	(77.0, 1.3333333333333333)	(78.0, 1.1666666666666665)	(79.0, 0.8333333333333333)	(80.0, 0.5)	(81.0, 0.0)	(82.0, 0.0)	(83.0, 0.0)	(84.0, 0.0)	(85.0, 0.0)	(86.0, 0.0)	(87.0, 0.0)	(88.0, 0.0)	(89.0, 0.0)	(90.0, 0.0)	(91.0, 0.0)	(92.0, 0.0)	(93.0, 0.0)	(94.0, 0.0)	(95.0, 0.0)	(96.0, 0.0)	(97.0, 0.0)	(98.0, 0.0)	(99.0, 0.25)	(100.0, 0.0)
3861R_R_M_NS1_week5_S58_L001_R1_001	(0.0, 0.0)	(1.0, 0.0)	(2.0, 0.0)	(3.0, 0.0)	(4.0, 0.0)	(5.0, 0.0)	(6.0, 0.0)	(7.0, 0.0)	(8.0, 0.0)	(9.0, 0.0)	(10.0, 0.0)	(11.0, 0.0)	(12.0, 0.0)	(13.0, 0.0)	(14.0, 0.0)	(15.0, 0.0)	(16.0, 0.0)	(17.0, 0.0)	(18.0, 0.0)	(19.0, 0.0)	(20.0, 0.0)	(21.0, 0.0)	(22.0, 0.0)	(23.0, 0.0)	(24.0, 0.0)	(25.0, 0.0)	(26.0, 0.0)	(27.0, 0.0)	(28.0, 0.0)	(29.0, 0.0)	(30.0, 0.0)	(31.0, 0.0)	(32.0, 0.0)	(33.0, 0.0)	(34.0, 0.0)	(35.0, 0.25)	(36.0, 0.0)	(37.0, 0.0)	(38.0, 0.0)	(39.0, 0.5)	(40.0, 1.0)	(41.0, 1.3333333333333333)	(42.0, 5.0)	(43.0, 17.166666666666664)	(44.0, 53.00000000000001)	(45.0, 87.16666666666664)	(46.0, 204.91666666666768)	(47.0, 4924.416666666662)	(48.0, 10998.7500000021)	(49.0, 1356.1666666666413)	(50.0, 869.7500000000272)	(51.0, 5897.083333332446)	(52.0, 7967.499999997266)	(53.0, 3887.50000000063)	(54.0, 2531.1666666666983)	(55.0, 652.6666666666705)	(56.0, 105.41666666666634)	(57.0, 38.91666666666667)	(58.0, 32.16666666666663)	(59.0, 28.499999999999968)	(60.0, 5.416666666666666)	(61.0, 10.833333333333334)	(62.0, 84.33333333333323)	(63.0, 16.66666666666668)	(64.0, 5.166666666666665)	(65.0, 3.3333333333333335)	(66.0, 0.0)	(67.0, 0.0)	(68.0, 0.0)	(69.0, 0.0)	(70.0, 0.0)	(71.0, 0.0)	(72.0, 0.0)	(73.0, 0.0)	(74.0, 0.0)	(75.0, 0.0)	(76.0, 0.0)	(77.0, 0.0)	(78.0, 0.0)	(79.0, 0.0)	(80.0, 0.0)	(81.0, 0.0)	(82.0, 0.0)	(83.0, 0.0)	(84.0, 0.0)	(85.0, 0.0)	(86.0, 0.0)	(87.0, 0.0)	(88.0, 0.0)	(89.0, 0.0)	(90.0, 0.0)	(91.0, 0.0)	(92.0, 0.0)	(93.0, 0.0)	(94.0, 0.0)	(95.0, 0.0)	(96.0, 0.0)	(97.0, 0.0)	(98.0, 0.0)	(99.0, 0.0)	(100.0, 0.0)
3861R_R_M_NS1_week5_S58_L001_R2_001	(0.0, 0.0)	(1.0, 0.0)	(2.0, 0.0)	(3.0, 0.0)	(4.0, 0.0)	(5.0, 0.0)	(6.0, 0.0)	(7.0, 0.0)	(8.0, 0.0)	(9.0, 0.0)	(10.0, 0.0)	(11.0, 0.0)	(12.0, 0.0)	(13.0, 0.0)	(14.0, 0.0)	(15.0, 0.0)	(16.0, 0.0)	(17.0, 0.0)	(18.0, 0.0)	(19.0, 0.0)	(20.0, 0.0)	(21.0, 0.0)	(22.0, 0.0)	(23.0, 0.0)	(24.0, 0.0)	(25.0, 0.0)	(26.0, 0.0)	(27.0, 0.0)	(28.0, 0.0)	(29.0, 0.0)	(30.0, 0.0)	(31.0, 0.0)	(32.0, 0.0)	(33.0, 0.0)	(34.0, 0.8333333333333333)	(35.0, 1.0)	(36.0, 1.0)	(37.0, 4.0)	(38.0, 12.5)	(39.0, 15.416666666666668)	(40.0, 11.666666666666668)	(41.0, 13.666666666666666)	(42.0, 25.0)	(43.0, 38.16666666666667)	(44.0, 57.33333333333338)	(45.0, 290.33333333333405)	(46.0, 3271.1666666670308)	(47.0, 2299.08333333326)	(48.0, 3501.5000000004584)	(49.0, 6824.916666664967)	(50.0, 967.8333333333662)	(51.0, 2456.333333333322)	(52.0, 2652.916666666745)	(53.0, 2279.416666666584)	(54.0, 2646.750000000075)	(55.0, 662.5833333333355)	(56.0, 5624.083333332768)	(57.0, 5464.083333332893)	(58.0, 564.4999999999957)	(59.0, 213.66666666666723)	(60.0, 212.50000000000057)	(61.0, 178.50000000000014)	(62.0, 74.1666666666667)	(63.0, 49.666666666666664)	(64.0, 38.916666666666664)	(65.0, 24.08333333333333)	(66.0, 22.499999999999996)	(67.0, 31.416666666666664)	(68.0, 25.833333333333336)	(69.0, 11.66666666666667)	(70.0, 7.666666666666665)	(71.0, 14.666666666666675)	(72.0, 68.33333333333346)	(73.0, 19.0)	(74.0, 5.0)	(75.0, 4.833333333333333)	(76.0, 2.5)	(77.0, 0.5)	(78.0, 0.0)	(79.0, 0.0)	(80.0, 0.0)	(81.0, 0.0)	(82.0, 0.0)	(83.0, 0.0)	(84.0, 0.0)	(85.0, 0.0)	(86.0, 0.3333333333333333)	(87.0, 0.0)	(88.0, 0.3333333333333333)	(89.0, 0.0)	(90.0, 0.5)	(91.0, 1.0)	(92.0, 0.8333333333333333)	(93.0, 0.3333333333333333)	(94.0, 0.0)	(95.0, 0.3333333333333333)	(96.0, 0.0)	(97.0, 0.0)	(98.0, 0.0)	(99.0, 0.0)	(100.0, 0.5)
3924R_L_F_S5_week5_S21_L001_R1_001	(0.0, 0.0)	(1.0, 0.0)	(2.0, 0.0)	(3.0, 0.0)	(4.0, 0.0)	(5.0, 0.0)	(6.0, 0.0)	(7.0, 0.0)	(8.0, 0.0)	(9.0, 0.0)	(10.0, 0.0)	(11.0, 0.0)	(12.0, 0.0)	(13.0, 0.0)	(14.0, 0.0)	(15.0, 0.0)	(16.0, 0.0)	(17.0, 0.0)	(18.0, 0.0)	(19.0, 0.0)	(20.0, 0.0)	(21.0, 0.0)	(22.0, 0.0)	(23.0, 0.0)	(24.0, 0.0)	(25.0, 0.0)	(26.0, 0.0)	(27.0, 0.0)	(28.0, 0.0)	(29.0, 0.0)	(30.0, 0.0)	(31.0, 0.0)	(32.0, 0.0)	(33.0, 0.0)	(34.0, 0.0)	(35.0, 0.0)	(36.0, 0.0)	(37.0, 0.0)	(38.0, 0.0)	(39.0, 0.5)	(40.0, 0.5)	(41.0, 1.6666666666666665)	(42.0, 1.3333333333333333)	(43.0, 8.833333333333332)	(44.0, 41.33333333333333)	(45.0, 62.83333333333337)	(46.0, 487.1666666666574)	(47.0, 7691.749999997493)	(48.0, 3267.416666667028)	(49.0, 3133.3333333336327)	(50.0, 3039.500000000256)	(51.0, 9790.749999999916)	(52.0, 13055.583333339127)	(53.0, 4311.833333333871)	(54.0, 721.9166666666787)	(55.0, 241.75000000000225)	(56.0, 77.33333333333334)	(57.0, 31.49999999999997)	(58.0, 73.00000000000006)	(59.0, 68.50000000000013)	(60.0, 8.166666666666664)	(61.0, 4.666666666666666)	(62.0, 2.666666666666667)	(63.0, 0.5)	(64.0, 0.0)	(65.0, 0.0)	(66.0, 0.0)	(67.0, 0.0)	(68.0, 0.0)	(69.0, 0.0)	(70.0, 0.0)	(71.0, 0.0)	(72.0, 0.0)	(73.0, 0.0)	(74.0, 0.0)	(75.0, 0.0)	(76.0, 0.0)	(77.0, 0.0)	(78.0, 0.0)	(79.0, 0.0)	(80.0, 0.0)	(81.0, 0.0)	(82.0, 0.0)	(83.0, 0.0)	(84.0, 0.0)	(85.0, 0.0)	(86.0, 0.0)	(87.0, 0.0)	(88.0, 0.0)	(89.0, 0.0)	(90.0, 0.0)	(91.0, 0.0)	(92.0, 0.0)	(93.0, 0.0)	(94.0, 0.0)	(95.0, 0.0)	(96.0, 0.0)	(97.0, 0.0)	(98.0, 0.0)	(99.0, 0.0)	(100.0, 0.0)
3924R_L_F_S5_week5_S21_L001_R2_001	(0.0, 0.0)	(1.0, 0.0)	(2.0, 0.0)	(3.0, 0.0)	(4.0, 0.0)	(5.0, 0.0)	(6.0, 0.0)	(7.0, 0.0)	(8.0, 0.0)	(9.0, 0.0)	(10.0, 0.0)	(11.0, 0.0)	(12.0, 0.0)	(13.0, 0.0)	(14.0, 0.0)	(15.0, 0.0)	(16.0, 0.0)	(17.0, 0.0)	(18.0, 0.0)	(19.0, 0.0)	(20.0, 0.0)	(21.0, 0.0)	(22.0, 0.0)	(23.0, 0.0)	(24.0, 0.0)	(25.0, 0.0)	(26.0, 0.0)	(27.0, 0.0)	(28.0, 0.0)	(29.0, 0.0)	(30.0, 0.0)	(31.0, 0.0)	(32.0, 0.0)	(33.0, 0.0)	(34.0, 0.0)	(35.0, 1.0)	(36.0, 1.5)	(37.0, 1.5)	(38.0, 2.5)	(39.0, 3.0)	(40.0, 3.8333333333333335)	(41.0, 8.166666666666664)	(42.0, 10.166666666666668)	(43.0, 16.500000000000004)	(44.0, 41.83333333333336)	(45.0, 543.5833333333258)	(46.0, 7434.916666664381)	(47.0, 880.9166666666955)	(48.0, 871.0000000000272)	(49.0, 307.91666666666725)	(50.0, 184.08333333333388)	(51.0, 634.0000000000009)	(52.0, 999.1666666667063)	(53.0, 6643.333333331788)	(54.0, 6164.333333332248)	(55.0, 1608.833333333265)	(56.0, 8293.249999997268)	(57.0, 8509.083333330957)	(58.0, 673.5000000000038)	(59.0, 202.16666666666714)	(60.0, 153.08333333333317)	(61.0, 124.33333333333303)	(62.0, 72.00000000000001)	(63.0, 57.833333333333364)	(64.0, 72.00000000000011)	(65.0, 31.83333333333332)	(66.0, 21.333333333333336)	(67.0, 13.666666666666666)	(68.0, 9.666666666666666)	(69.0, 7.666666666666666)	(70.0, 4.333333333333333)	(71.0, 2.833333333333333)	(72.0, 3.5)	(73.0, 3.333333333333333)	(74.0, 3.0)	(75.0, 2.5)	(76.0, 2.333333333333333)	(77.0, 1.3333333333333333)	(78.0, 0.0)	(79.0, 0.75)	(80.0, 1.0)	(81.0, 0.5)	(82.0, 0.0)	(83.0, 0.0)	(84.0, 0.25)	(85.0, 0.75)	(86.0, 1.25)	(87.0, 0.5)	(88.0, 0.25)	(89.0, 0.0)	(90.0, 0.0)	(91.0, 0.0)	(92.0, 0.0)	(93.0, 0.0)	(94.0, 0.0)	(95.0, 0.5)	(96.0, 0.5)	(97.0, 0.0)	(98.0, 0.0)	(99.0, 0.5)	(100.0, 0.0)
3929R_0_F_S5_week5_S22_L001_R1_001	(0.0, 0.0)	(1.0, 0.0)	(2.0, 0.0)	(3.0, 0.0)	(4.0, 0.0)	(5.0, 0.0)	(6.0, 0.0)	(7.0, 0.0)	(8.0, 0.0)	(9.0, 0.0)	(10.0, 0.0)	(11.0, 0.0)	(12.0, 0.0)	(13.0, 0.0)	(14.0, 0.0)	(15.0, 0.0)	(16.0, 0.0)	(17.0, 0.0)	(18.0, 0.0)	(19.0, 0.0)	(20.0, 0.0)	(21.0, 0.0)	(22.0, 0.0)	(23.0, 0.0)	(24.0, 0.0)	(25.0, 0.0)	(26.0, 0.0)	(27.0, 0.0)	(28.0, 0.0)	(29.0, 0.0)	(30.0, 0.3333333333333333)	(31.0, 0.3333333333333333)	(32.0, 0.0)	(33.0, 0.0)	(34.0, 0.0)	(35.0, 0.0)	(36.0, 0.0)	(37.0, 0.0)	(38.0, 0.0)	(39.0, 0.0)	(40.0, 0.0)	(41.0, 1.0)	(42.0, 5.333333333333333)	(43.0, 18.333333333333336)	(44.0, 69.16666666666667)	(45.0, 109.49999999999993)	(46.0, 911.4166666666976)	(47.0, 14187.500000007874)	(48.0, 4953.333333333308)	(49.0, 3060.666666666932)	(50.0, 3581.500000000494)	(51.0, 7678.91666666419)	(52.0, 11068.416666668887)	(53.0, 5613.16666666604)	(54.0, 1567.9166666665913)	(55.0, 483.999999999991)	(56.0, 164.91666666666683)	(57.0, 56.16666666666675)	(58.0, 91.58333333333314)	(59.0, 90.99999999999984)	(60.0, 14.583333333333337)	(61.0, 5.833333333333332)	(62.0, 5.333333333333332)	(63.0, 3.0)	(64.0, 0.3333333333333333)	(65.0, 0.0)	(66.0, 0.0)	(67.0, 0.0)	(68.0, 0.3333333333333333)	(69.0, 0.0)	(70.0, 0.0)	(71.0, 0.0)	(72.0, 0.0)	(73.0, 0.0)	(74.0, 0.0)	(75.0, 0.0)	(76.0, 0.0)	(77.0, 0.0)	(78.0, 0.0)	(79.0, 0.0)	(80.0, 0.0)	(81.0, 0.0)	(82.0, 0.0)	(83.0, 0.0)	(84.0, 0.0)	(85.0, 0.0)	(86.0, 0.0)	(87.0, 0.0)	(88.0, 0.0)	(89.0, 0.0)	(90.0, 0.0)	(91.0, 0.0)	(92.0, 0.0)	(93.0, 0.0)	(94.0, 0.0)	(95.0, 0.0)	(96.0, 0.0)	(97.0, 0.0)	(98.0, 0.0)	(99.0, 0.0)	(100.0, 0.0)
3929R_0_F_S5_week5_S22_L001_R2_001	(0.0, 0.0)	(1.0, 0.0)	(2.0, 0.0)	(3.0, 0.0)	(4.0, 0.0)	(5.0, 0.0)	(6.0, 0.0)	(7.0, 0.0)	(8.0, 0.0)	(9.0, 0.0)	(10.0, 0.0)	(11.0, 0.0)	(12.0, 0.0)	(13.0, 0.0)	(14.0, 0.0)	(15.0, 0.0)	(16.0, 0.0)	(17.0, 0.0)	(18.0, 0.0)	(19.0, 0.0)	(20.0, 0.0)	(21.0, 0.0)	(22.0, 0.0)	(23.0, 0.0)	(24.0, 0.0)	(25.0, 0.0)	(26.0, 0.0)	(27.0, 0.0)	(28.0, 0.5)	(29.0, 0.5)	(30.0, 0.0)	(31.0, 0.0)	(32.0, 0.0)	(33.0, 0.0)	(34.0, 0.8333333333333333)	(35.0, 1.3333333333333333)	(36.0, 0.75)	(37.0, 0.0)	(38.0, 2.5)	(39.0, 7.25)	(40.0, 11.25)	(41.0, 11.916666666666668)	(42.0, 18.166666666666664)	(43.0, 33.16666666666666)	(44.0, 82.74999999999991)	(45.0, 1103.6666666666936)	(46.0, 13724.66666667372)	(47.0, 1779.333333333212)	(48.0, 641.5833333333361)	(49.0, 368.8333333333308)	(50.0, 318.0833333333336)	(51.0, 1692.66666666657)	(52.0, 2262.4166666665715)	(53.0, 7141.666666664694)	(54.0, 6363.08333333207)	(55.0, 1117.2500000000268)	(56.0, 7118.083333331443)	(57.0, 6760.249999998429)	(58.0, 674.083333333337)	(59.0, 225.50000000000077)	(60.0, 287.000000000001)	(61.0, 280.8333333333349)	(62.0, 106.49999999999994)	(63.0, 73.33333333333334)	(64.0, 100.3333333333331)	(65.0, 43.49999999999999)	(66.0, 26.916666666666664)	(67.0, 19.583333333333336)	(68.0, 12.666666666666668)	(69.0, 7.833333333333333)	(70.0, 4.833333333333333)	(71.0, 4.833333333333334)	(72.0, 6.499999999999999)	(73.0, 4.5)	(74.0, 1.0)	(75.0, 0.0)	(76.0, 0.5)	(77.0, 0.5)	(78.0, 0.5)	(79.0, 0.5)	(80.0, 0.0)	(81.0, 0.0)	(82.0, 0.5)	(83.0, 0.5)	(84.0, 0.3333333333333333)	(85.0, 0.3333333333333333)	(86.0, 0.3333333333333333)	(87.0, 0.3333333333333333)	(88.0, 0.3333333333333333)	(89.0, 0.3333333333333333)	(90.0, 0.0)	(91.0, 0.3333333333333333)	(92.0, 0.8333333333333333)	(93.0, 0.5)	(94.0, 0.0)	(95.0, 0.0)	(96.0, 0.0)	(97.0, 0.0)	(98.0, 0.0)	(99.0, 0.0)	(100.0, 0.0)
3971R_0_F_NS1_week5_S59_L001_R1_001	(0.0, 0.0)	(1.0, 0.0)	(2.0, 0.0)	(3.0, 0.0)	(4.0, 0.0)	(5.0, 0.0)	(6.0, 0.0)	(7.0, 0.0)	(8.0, 0.0)	(9.0, 0.0)	(10.0, 0.0)	(11.0, 0.0)	(12.0, 0.0)	(13.0, 0.0)	(14.0, 0.0)	(15.0, 0.0)	(16.0, 0.0)	(17.0, 0.0)	(18.0, 0.0)	(19.0, 0.0)	(20.0, 0.0)	(21.0, 0.0)	(22.0, 0.0)	(23.0, 0.0)	(24.0, 0.0)	(25.0, 0.0)	(26.0, 0.0)	(27.0, 0.5)	(28.0, 0.5)	(29.0, 0.0)	(30.0, 0.0)	(31.0, 0.0)	(32.0, 0.0)	(33.0, 0.0)	(34.0, 0.0)	(35.0, 0.0)	(36.0, 0.0)	(37.0, 0.0)	(38.0, 0.0)	(39.0, 0.0)	(40.0, 0.0)	(41.0, 0.6666666666666666)	(42.0, 4.166666666666667)	(43.0, 15.666666666666668)	(44.0, 64.83333333333334)	(45.0, 108.49999999999989)	(46.0, 233.25000000000168)	(47.0, 4947.333333333304)	(48.0, 10854.833333335186)	(49.0, 1476.4999999999452)	(50.0, 669.8333333333389)	(51.0, 6001.333333332361)	(52.0, 7926.916666663965)	(53.0, 3397.750000000415)	(54.0, 1741.3333333332205)	(55.0, 450.08333333332587)	(56.0, 94.41666666666649)	(57.0, 42.66666666666668)	(58.0, 16.83333333333334)	(59.0, 10.416666666666668)	(60.0, 5.166666666666666)	(61.0, 6.833333333333331)	(62.0, 53.0000000000001)	(63.0, 11.500000000000002)	(64.0, 3.5)	(65.0, 0.3333333333333333)	(66.0, 0.0)	(67.0, 0.0)	(68.0, 0.0)	(69.0, 0.0)	(70.0, 0.0)	(71.0, 0.0)	(72.0, 0.0)	(73.0, 0.0)	(74.0, 0.5)	(75.0, 0.5)	(76.0, 0.0)	(77.0, 0.0)	(78.0, 0.0)	(79.0, 0.0)	(80.0, 0.0)	(81.0, 0.0)	(82.0, 0.0)	(83.0, 0.0)	(84.0, 0.0)	(85.0, 0.0)	(86.0, 0.0)	(87.0, 0.0)	(88.0, 0.0)	(89.0, 0.0)	(90.0, 0.0)	(91.0, 0.0)	(92.0, 0.0)	(93.0, 0.0)	(94.0, 0.0)	(95.0, 0.0)	(96.0, 0.0)	(97.0, 0.0)	(98.0, 0.0)	(99.0, 0.0)	(100.0, 0.0)
3971R_0_F_NS1_week5_S59_L001_R2_001	(0.0, 0.0)	(1.0, 0.0)	(2.0, 0.0)	(3.0, 0.0)	(4.0, 0.0)	(5.0, 0.0)	(6.0, 0.0)	(7.0, 0.0)	(8.0, 0.0)	(9.0, 0.0)	(10.0, 0.0)	(11.0, 0.0)	(12.0, 0.0)	(13.0, 0.0)	(14.0, 0.0)	(15.0, 0.0)	(16.0, 0.0)	(17.0, 0.0)	(18.0, 0.0)	(19.0, 0.0)	(20.0, 0.0)	(21.0, 0.0)	(22.0, 0.0)	(23.0, 0.0)	(24.0, 0.0)	(25.0, 0.5)	(26.0, 1.0)	(27.0, 0.5)	(28.0, 0.5)	(29.0, 1.0)	(30.0, 1.0)	(31.0, 1.0)	(32.0, 0.5)	(33.0, 0.0)	(34.0, 1.5)	(35.0, 3.5)	(36.0, 4.0)	(37.0, 4.333333333333334)	(38.0, 5.5)	(39.0, 9.5)	(40.0, 12.0)	(41.0, 17.333333333333332)	(42.0, 26.583333333333332)	(43.0, 38.333333333333336)	(44.0, 70.75000000000001)	(45.0, 291.5000000000007)	(46.0, 3351.4166666670676)	(47.0, 2103.416666666511)	(48.0, 3360.4166666670612)	(49.0, 6769.416666665028)	(50.0, 868.8333333333567)	(51.0, 1489.5833333332794)	(52.0, 1648.916666666578)	(53.0, 2374.083333333294)	(54.0, 2550.750000000037)	(55.0, 576.4166666666623)	(56.0, 5836.499999999229)	(57.0, 5746.333333332645)	(58.0, 593.8333333333305)	(59.0, 197.83333333333357)	(60.0, 168.66666666666686)	(61.0, 138.49999999999972)	(62.0, 70.83333333333336)	(63.0, 59.333333333333364)	(64.0, 47.75000000000002)	(65.0, 30.499999999999996)	(66.0, 22.333333333333336)	(67.0, 18.0)	(68.0, 17.0)	(69.0, 10.166666666666666)	(70.0, 7.499999999999999)	(71.0, 10.499999999999998)	(72.0, 47.00000000000004)	(73.0, 14.083333333333337)	(74.0, 2.833333333333333)	(75.0, 1.0)	(76.0, 0.5)	(77.0, 0.3333333333333333)	(78.0, 0.0)	(79.0, 0.5)	(80.0, 1.0833333333333333)	(81.0, 0.3333333333333333)	(82.0, 0.3333333333333333)	(83.0, 0.0)	(84.0, 0.0)	(85.0, 0.0)	(86.0, 0.0)	(87.0, 0.0)	(88.0, 0.0)	(89.0, 0.0)	(90.0, 0.0)	(91.0, 0.0)	(92.0, 0.0)	(93.0, 0.0)	(94.0, 1.1666666666666665)	(95.0, 0.8333333333333333)	(96.0, 0.0)	(97.0, 0.0)	(98.0, 0.0)	(99.0, 0.0)	(100.0, 0.0)
3971R_0_F_NS1_week9_S79_L001_R1_001	(0.0, 0.0)	(1.0, 0.0)	(2.0, 0.0)	(3.0, 0.0)	(4.0, 0.0)	(5.0, 0.0)	(6.0, 0.0)	(7.0, 0.0)	(8.0, 0.0)	(9.0, 0.0)	(10.0, 0.0)	(11.0, 0.0)	(12.0, 0.0)	(13.0, 0.0)	(14.0, 0.0)	(15.0, 0.0)	(16.0, 0.0)	(17.0, 0.0)	(18.0, 0.0)	(19.0, 0.0)	(20.0, 0.0)	(21.0, 0.0)	(22.0, 0.0)	(23.0, 0.0)	(24.0, 0.0)	(25.0, 0.0)	(26.0, 0.0)	(27.0, 0.0)	(28.0, 0.0)	(29.0, 0.25)	(30.0, 0.0)	(31.0, 0.0)	(32.0, 0.0)	(33.0, 0.0)	(34.0, 0.0)	(35.0, 0.0)	(36.0, 0.0)	(37.0, 0.0)	(38.0, 0.0)	(39.0, 0.5)	(40.0, 0.5)	(41.0, 0.8333333333333333)	(42.0, 4.333333333333333)	(43.0, 14.833333333333334)	(44.0, 59.500000000000014)	(45.0, 156.50000000000003)	(46.0, 427.83333333332746)	(47.0, 6759.666666665007)	(48.0, 12073.166666670708)	(49.0, 2071.999999999833)	(50.0, 1029.1666666667072)	(51.0, 7864.583333330703)	(52.0, 9972.833333333589)	(53.0, 3089.4166666669435)	(54.0, 1054.666666666703)	(55.0, 510.9166666666561)	(56.0, 96.49999999999977)	(57.0, 37.83333333333333)	(58.0, 24.499999999999996)	(59.0, 20.499999999999993)	(60.0, 4.916666666666666)	(61.0, 9.666666666666666)	(62.0, 76.99999999999999)	(63.0, 16.00000000000001)	(64.0, 4.666666666666667)	(65.0, 3.0)	(66.0, 2.0)	(67.0, 1.0)	(68.0, 0.5)	(69.0, 0.0)	(70.0, 0.0)	(71.0, 0.0)	(72.0, 0.0)	(73.0, 0.0)	(74.0, 0.0)	(75.0, 0.0)	(76.0, 0.0)	(77.0, 0.0)	(78.0, 0.0)	(79.0, 0.0)	(80.0, 0.0)	(81.0, 0.0)	(82.0, 0.0)	(83.0, 0.0)	(84.0, 0.0)	(85.0, 0.0)	(86.0, 0.0)	(87.0, 0.0)	(88.0, 0.0)	(89.0, 0.0)	(90.0, 0.0)	(91.0, 0.0)	(92.0, 0.0)	(93.0, 0.0)	(94.0, 0.0)	(95.0, 0.0)	(96.0, 0.0)	(97.0, 0.0)	(98.0, 0.0)	(99.0, 0.0)	(100.0, 0.0)
3971R_0_F_NS1_week9_S79_L001_R2_001	(0.0, 0.0)	(1.0, 0.0)	(2.0, 0.0)	(3.0, 0.0)	(4.0, 0.0)	(5.0, 0.0)	(6.0, 0.0)	(7.0, 0.0)	(8.0, 0.0)	(9.0, 0.0)	(10.0, 0.0)	(11.0, 0.0)	(12.0, 0.0)	(13.0, 0.0)	(14.0, 0.0)	(15.0, 0.0)	(16.0, 0.0)	(17.0, 0.0)	(18.0, 0.0)	(19.0, 0.0)	(20.0, 0.0)	(21.0, 0.0)	(22.0, 0.0)	(23.0, 0.0)	(24.0, 0.0)	(25.0, 0.0)	(26.0, 0.0)	(27.0, 0.0)	(28.0, 0.0)	(29.0, 0.0)	(30.0, 0.0)	(31.0, 0.5)	(32.0, 0.5)	(33.0, 0.0)	(34.0, 0.5)	(35.0, 1.5)	(36.0, 4.25)	(37.0, 9.0)	(38.0, 9.833333333333334)	(39.0, 9.0)	(40.0, 14.333333333333332)	(41.0, 23.083333333333336)	(42.0, 32.5)	(43.0, 37.75)	(44.0, 62.41666666666673)	(45.0, 321.4166666666657)	(46.0, 4119.250000000715)	(47.0, 3888.5833333339724)	(48.0, 4809.916666666776)	(49.0, 6771.4999999983465)	(50.0, 823.833333333353)	(51.0, 1512.0833333332737)	(52.0, 1733.1666666665587)	(53.0, 2641.500000000076)	(54.0, 2847.8333333334986)	(55.0, 569.1666666666619)	(56.0, 7111.999999998091)	(57.0, 7495.6666666644305)	(58.0, 632.4166666666678)	(59.0, 201.25000000000048)	(60.0, 150.99999999999991)	(61.0, 126.33333333333287)	(62.0, 60.91666666666669)	(63.0, 40.00000000000001)	(64.0, 31.666666666666647)	(65.0, 21.166666666666668)	(66.0, 15.333333333333336)	(67.0, 18.833333333333332)	(68.0, 19.666666666666668)	(69.0, 10.333333333333332)	(70.0, 7.333333333333332)	(71.0, 15.333333333333337)	(72.0, 65.50000000000014)	(73.0, 13.33333333333334)	(74.0, 1.6666666666666665)	(75.0, 0.6666666666666666)	(76.0, 0.0)	(77.0, 0.0)	(78.0, 0.0)	(79.0, 0.5)	(80.0, 0.5)	(81.0, 0.3333333333333333)	(82.0, 0.3333333333333333)	(83.0, 0.0)	(84.0, 0.5833333333333333)	(85.0, 0.5833333333333333)	(86.0, 0.5)	(87.0, 0.8333333333333333)	(88.0, 0.0)	(89.0, 0.0)	(90.0, 0.0)	(91.0, 0.0)	(92.0, 0.0)	(93.0, 0.3333333333333333)	(94.0, 0.0)	(95.0, 0.0)	(96.0, 0.0)	(97.0, 0.0)	(98.0, 0.0)	(99.0, 0.5)	(100.0, 0.5)
3971R_NS1_week30_S40_L001_R1_001	(0.0, 0.0)	(1.0, 0.0)	(2.0, 0.0)	(3.0, 0.0)	(4.0, 0.0)	(5.0, 0.0)	(6.0, 0.0)	(7.0, 0.0)	(8.0, 0.0)	(9.0, 0.0)	(10.0, 0.0)	(11.0, 0.0)	(12.0, 0.0)	(13.0, 0.0)	(14.0, 0.0)	(15.0, 0.0)	(16.0, 0.0)	(17.0, 0.0)	(18.0, 0.0)	(19.0, 0.0)	(20.0, 0.0)	(21.0, 0.0)	(22.0, 0.0)	(23.0, 0.0)	(24.0, 0.0)	(25.0, 0.0)	(26.0, 0.0)	(27.0, 0.0)	(28.0, 0.0)	(29.0, 0.0)	(30.0, 0.0)	(31.0, 0.0)	(32.0, 0.0)	(33.0, 0.0)	(34.0, 0.0)	(35.0, 0.0)	(36.0, 0.0)	(37.0, 1.0)	(38.0, 1.5)	(39.0, 1.0)	(40.0, 0.5)	(41.0, 1.8333333333333333)	(42.0, 5.5)	(43.0, 10.333333333333332)	(44.0, 38.0)	(45.0, 125.24999999999959)	(46.0, 388.66666666666276)	(47.0, 6502.333333331901)	(48.0, 10495.0000000012)	(49.0, 2011.499999999826)	(50.0, 2148.083333333195)	(51.0, 9861.750000000045)	(52.0, 10008.333333333636)	(53.0, 2908.666666666862)	(54.0, 2318.2499999999372)	(55.0, 520.3333333333234)	(56.0, 92.49999999999989)	(57.0, 34.16666666666664)	(58.0, 18.416666666666668)	(59.0, 21.166666666666664)	(60.0, 7.999999999999998)	(61.0, 8.499999999999998)	(62.0, 87.33333333333319)	(63.0, 15.500000000000009)	(64.0, 4.333333333333334)	(65.0, 1.833333333333333)	(66.0, 0.5)	(67.0, 0.5)	(68.0, 0.0)	(69.0, 0.0)	(70.0, 0.0)	(71.0, 0.0)	(72.0, 0.0)	(73.0, 0.0)	(74.0, 0.0)	(75.0, 0.0)	(76.0, 0.0)	(77.0, 0.0)	(78.0, 0.0)	(79.0, 0.0)	(80.0, 0.0)	(81.0, 0.0)	(82.0, 0.0)	(83.0, 0.0)	(84.0, 0.0)	(85.0, 0.0)	(86.0, 0.0)	(87.0, 0.0)	(88.0, 0.0)	(89.0, 0.0)	(90.0, 0.0)	(91.0, 0.0)	(92.0, 0.0)	(93.0, 0.0)	(94.0, 0.0)	(95.0, 0.0)	(96.0, 0.0)	(97.0, 0.0)	(98.0, 0.0)	(99.0, 0.0)	(100.0, 0.0)
3971R_NS1_week30_S40_L001_R2_001	(0.0, 0.0)	(1.0, 0.0)	(2.0, 0.0)	(3.0, 0.0)	(4.0, 0.0)	(5.0, 0.0)	(6.0, 0.0)	(7.0, 0.0)	(8.0, 0.0)	(9.0, 0.0)	(10.0, 0.0)	(11.0, 0.0)	(12.0, 0.0)	(13.0, 0.0)	(14.0, 0.0)	(15.0, 0.0)	(16.0, 0.0)	(17.0, 0.0)	(18.0, 0.0)	(19.0, 0.0)	(20.0, 0.0)	(21.0, 0.0)	(22.0, 0.0)	(23.0, 0.0)	(24.0, 0.0)	(25.0, 0.3333333333333333)	(26.0, 0.3333333333333333)	(27.0, 0.0)	(28.0, 0.0)	(29.0, 0.0)	(30.0, 0.0)	(31.0, 0.0)	(32.0, 0.0)	(33.0, 0.5)	(34.0, 1.0)	(35.0, 1.0)	(36.0, 0.5)	(37.0, 0.0)	(38.0, 1.5)	(39.0, 5.0)	(40.0, 8.5)	(41.0, 13.333333333333332)	(42.0, 19.5)	(43.0, 29.666666666666668)	(44.0, 44.83333333333335)	(45.0, 304.66666666666663)	(46.0, 3931.5000000006635)	(47.0, 3595.416666667175)	(48.0, 4612.916666666944)	(49.0, 5470.999999999511)	(50.0, 673.2500000000057)	(51.0, 2074.8333333331634)	(52.0, 2312.999999999932)	(53.0, 1938.0833333331807)	(54.0, 3078.7500000002656)	(55.0, 768.3333333333441)	(56.0, 8485.666666664214)	(57.0, 8666.333333331153)	(58.0, 720.3333333333405)	(59.0, 205.5000000000006)	(60.0, 147.583333333333)	(61.0, 122.24999999999973)	(62.0, 72.50000000000003)	(63.0, 45.83333333333333)	(64.0, 34.16666666666665)	(65.0, 23.333333333333336)	(66.0, 16.166666666666668)	(67.0, 20.333333333333332)	(68.0, 16.333333333333332)	(69.0, 6.999999999999999)	(70.0, 6.833333333333332)	(71.0, 15.166666666666675)	(72.0, 76.1666666666667)	(73.0, 17.666666666666675)	(74.0, 1.9166666666666665)	(75.0, 1.1666666666666665)	(76.0, 1.9999999999999998)	(77.0, 2.333333333333333)	(78.0, 1.5)	(79.0, 0.8333333333333333)	(80.0, 0.0)	(81.0, 0.0)	(82.0, 0.3333333333333333)	(83.0, 0.0)	(84.0, 0.0)	(85.0, 0.3333333333333333)	(86.0, 0.5)	(87.0, 0.5)	(88.0, 0.0)	(89.0, 0.3333333333333333)	(90.0, 0.25)	(91.0, 0.0)	(92.0, 0.0)	(93.0, 0.0)	(94.0, 0.0)	(95.0, 0.0)	(96.0, 0.0)	(97.0, 0.0)	(98.0, 0.0)	(99.0, 0.0)	(100.0, 0.5)
3971R_RL_F_NS1_diabetes_S29_L001_R1_001	(0.0, 0.0)	(1.0, 0.0)	(2.0, 0.0)	(3.0, 0.0)	(4.0, 0.0)	(5.0, 0.0)	(6.0, 0.0)	(7.0, 0.0)	(8.0, 0.0)	(9.0, 0.0)	(10.0, 0.0)	(11.0, 0.0)	(12.0, 0.0)	(13.0, 0.0)	(14.0, 0.0)	(15.0, 0.0)	(16.0, 0.0)	(17.0, 0.0)	(18.0, 0.0)	(19.0, 0.0)	(20.0, 0.0)	(21.0, 0.0)	(22.0, 0.0)	(23.0, 0.0)	(24.0, 0.0)	(25.0, 0.0)	(26.0, 0.0)	(27.0, 0.0)	(28.0, 0.0)	(29.0, 0.0)	(30.0, 0.0)	(31.0, 0.0)	(32.0, 0.0)	(33.0, 0.0)	(34.0, 0.0)	(35.0, 0.0)	(36.0, 0.0)	(37.0, 0.0)	(38.0, 0.3333333333333333)	(39.0, 0.0)	(40.0, 0.5)	(41.0, 1.833333333333333)	(42.0, 6.499999999999999)	(43.0, 21.5)	(44.0, 70.00000000000001)	(45.0, 130.66666666666646)	(46.0, 320.16666666666634)	(47.0, 7568.333333330936)	(48.0, 13178.416666672721)	(49.0, 1641.5833333332437)	(50.0, 672.8333333333387)	(51.0, 2741.41666666679)	(52.0, 3985.2500000006817)	(53.0, 2522.166666666694)	(54.0, 1175.7500000000127)	(55.0, 519.4166666666565)	(56.0, 69.16666666666676)	(57.0, 32.66666666666663)	(58.0, 28.499999999999986)	(59.0, 31.833333333333304)	(60.0, 7.666666666666664)	(61.0, 8.499999999999998)	(62.0, 100.33333333333299)	(63.0, 21.74999999999999)	(64.0, 9.666666666666666)	(65.0, 5.5)	(66.0, 1.3333333333333333)	(67.0, 0.6666666666666666)	(68.0, 0.3333333333333333)	(69.0, 0.0)	(70.0, 0.0)	(71.0, 0.0)	(72.0, 0.0)	(73.0, 0.0)	(74.0, 0.0)	(75.0, 0.0)	(76.0, 0.0)	(77.0, 0.0)	(78.0, 0.0)	(79.0, 0.0)	(80.0, 0.0)	(81.0, 0.0)	(82.0, 0.0)	(83.0, 0.0)	(84.0, 0.0)	(85.0, 0.0)	(86.0, 0.0)	(87.0, 0.0)	(88.0, 0.0)	(89.0, 0.0)	(90.0, 0.0)	(91.0, 0.0)	(92.0, 0.0)	(93.0, 0.0)	(94.0, 0.0)	(95.0, 0.0)	(96.0, 0.0)	(97.0, 0.0)	(98.0, 0.0)	(99.0, 0.0)	(100.0, 0.0)
3971R_RL_F_NS1_diabetes_S29_L001_R2_001	(0.0, 0.0)	(1.0, 0.0)	(2.0, 0.0)	(3.0, 0.0)	(4.0, 0.0)	(5.0, 0.0)	(6.0, 0.0)	(7.0, 0.0)	(8.0, 0.0)	(9.0, 0.0)	(10.0, 0.0)	(11.0, 0.0)	(12.0, 0.0)	(13.0, 0.0)	(14.0, 0.0)	(15.0, 0.0)	(16.0, 0.0)	(17.0, 0.3333333333333333)	(18.0, 0.0)	(19.0, 0.0)	(20.0, 0.0)	(21.0, 0.0)	(22.0, 0.0)	(23.0, 0.0)	(24.0, 0.0)	(25.0, 0.0)	(26.0, 0.0)	(27.0, 0.0)	(28.0, 0.0)	(29.0, 0.0)	(30.0, 0.5)	(31.0, 0.5)	(32.0, 0.0)	(33.0, 1.5)	(34.0, 4.0)	(35.0, 5.0)	(36.0, 4.5)	(37.0, 5.0)	(38.0, 7.25)	(39.0, 12.25)	(40.0, 19.999999999999996)	(41.0, 27.666666666666664)	(42.0, 38.33333333333333)	(43.0, 55.500000000000014)	(44.0, 91.08333333333326)	(45.0, 467.83333333332513)	(46.0, 5276.749999999671)	(47.0, 3521.166666667136)	(48.0, 4513.500000000367)	(49.0, 6725.499999998402)	(50.0, 788.500000000015)	(51.0, 1724.749999999896)	(52.0, 2108.749999999848)	(53.0, 1653.249999999912)	(54.0, 1654.1666666665787)	(55.0, 364.08333333333155)	(56.0, 2557.0000000000314)	(57.0, 2550.3333333333617)	(58.0, 290.3333333333344)	(59.0, 123.91666666666647)	(60.0, 152.3333333333332)	(61.0, 131.33333333333292)	(62.0, 53.83333333333334)	(63.0, 39.666666666666664)	(64.0, 36.99999999999998)	(65.0, 21.999999999999996)	(66.0, 18.583333333333336)	(67.0, 22.25)	(68.0, 22.25)	(69.0, 13.333333333333332)	(70.0, 9.666666666666666)	(71.0, 18.833333333333336)	(72.0, 86.3333333333332)	(73.0, 22.499999999999986)	(74.0, 0.8333333333333333)	(75.0, 0.6666666666666666)	(76.0, 0.0)	(77.0, 0.6666666666666666)	(78.0, 0.0)	(79.0, 0.3333333333333333)	(80.0, 0.3333333333333333)	(81.0, 0.0)	(82.0, 0.0)	(83.0, 0.5)	(84.0, 0.5)	(85.0, 0.0)	(86.0, 0.0)	(87.0, 0.0)	(88.0, 0.0)	(89.0, 0.25)	(90.0, 0.25)	(91.0, 0.0)	(92.0, 0.5)	(93.0, 0.5)	(94.0, 0.0)	(95.0, 0.0)	(96.0, 0.0)	(97.0, 0.0)	(98.0, 0.0)	(99.0, 0.0)	(100.0, 0.0)
3971R_RL_F_NS1_week9_S81_L001_R1_001	(0.0, 0.0)	(1.0, 0.0)	(2.0, 0.0)	(3.0, 0.0)	(4.0, 0.0)	(5.0, 0.0)	(6.0, 0.0)	(7.0, 0.0)	(8.0, 0.0)	(9.0, 0.0)	(10.0, 0.0)	(11.0, 0.0)	(12.0, 0.0)	(13.0, 0.0)	(14.0, 0.0)	(15.0, 0.0)	(16.0, 0.0)	(17.0, 0.0)	(18.0, 0.0)	(19.0, 0.0)	(20.0, 0.0)	(21.0, 0.0)	(22.0, 0.0)	(23.0, 0.0)	(24.0, 0.0)	(25.0, 0.0)	(26.0, 0.0)	(27.0, 0.0)	(28.0, 0.0)	(29.0, 0.0)	(30.0, 0.0)	(31.0, 0.0)	(32.0, 0.0)	(33.0, 0.0)	(34.0, 0.0)	(35.0, 0.0)	(36.0, 0.0)	(37.0, 0.0)	(38.0, 0.0)	(39.0, 0.3333333333333333)	(40.0, 0.8333333333333333)	(41.0, 1.3333333333333333)	(42.0, 2.3333333333333335)	(43.0, 14.833333333333334)	(44.0, 51.666666666666664)	(45.0, 92.33333333333327)	(46.0, 221.08333333333468)	(47.0, 5890.499999999122)	(48.0, 10318.500000000882)	(49.0, 1537.3333333332669)	(50.0, 707.1666666666756)	(51.0, 6238.583333332145)	(52.0, 8578.666666664418)	(53.0, 3463.916666667104)	(54.0, 1063.4166666667006)	(55.0, 537.1666666666584)	(56.0, 96.08333333333312)	(57.0, 34.749999999999986)	(58.0, 18.83333333333334)	(59.0, 19.833333333333336)	(60.0, 6.833333333333331)	(61.0, 7.33333333333333)	(62.0, 66.66666666666681)	(63.0, 14.000000000000007)	(64.0, 4.166666666666667)	(65.0, 2.5)	(66.0, 1.4999999999999998)	(67.0, 0.3333333333333333)	(68.0, 0.0)	(69.0, 0.0)	(70.0, 0.0)	(71.0, 0.0)	(72.0, 0.0)	(73.0, 0.0)	(74.0, 0.0)	(75.0, 0.0)	(76.0, 0.0)	(77.0, 0.0)	(78.0, 0.0)	(79.0, 0.0)	(80.0, 0.0)	(81.0, 0.0)	(82.0, 0.0)	(83.0, 0.0)	(84.0, 0.0)	(85.0, 0.0)	(86.0, 0.0)	(87.0, 0.0)	(88.0, 0.0)	(89.0, 0.0)	(90.0, 0.0)	(91.0, 0.0)	(92.0, 0.0)	(93.0, 0.0)	(94.0, 0.0)	(95.0, 0.0)	(96.0, 0.0)	(97.0, 0.0)	(98.0, 0.0)	(99.0, 0.0)	(100.0, 0.0)
3971R_RL_F_NS1_week9_S81_L001_R2_001	(0.0, 0.0)	(1.0, 0.0)	(2.0, 0.0)	(3.0, 0.0)	(4.0, 0.0)	(5.0, 0.0)	(6.0, 0.0)	(7.0, 0.0)	(8.0, 0.0)	(9.0, 0.0)	(10.0, 0.0)	(11.0, 0.0)	(12.0, 0.0)	(13.0, 0.0)	(14.0, 0.0)	(15.0, 0.0)	(16.0, 0.0)	(17.0, 0.0)	(18.0, 0.0)	(19.0, 0.0)	(20.0, 0.0)	(21.0, 0.0)	(22.0, 0.0)	(23.0, 0.0)	(24.0, 0.0)	(25.0, 0.0)	(26.0, 0.0)	(27.0, 0.0)	(28.0, 0.0)	(29.0, 0.0)	(30.0, 0.0)	(31.0, 0.0)	(32.0, 0.0)	(33.0, 0.0)	(34.0, 0.0)	(35.0, 0.5)	(36.0, 1.3333333333333333)	(37.0, 2.833333333333333)	(38.0, 5.5)	(39.0, 9.583333333333332)	(40.0, 11.166666666666666)	(41.0, 12.000000000000002)	(42.0, 16.0)	(43.0, 19.333333333333332)	(44.0, 33.666666666666664)	(45.0, 270.83333333333513)	(46.0, 3959.08333333401)	(47.0, 3481.916666667125)	(48.0, 3685.500000000541)	(49.0, 5150.7499999998)	(50.0, 639.0000000000011)	(51.0, 1118.0000000000268)	(52.0, 1598.5833333332541)	(53.0, 2871.1666666668434)	(54.0, 3072.583333333597)	(55.0, 570.249999999995)	(56.0, 5504.499999999528)	(57.0, 5870.083333332538)	(58.0, 576.2499999999956)	(59.0, 182.50000000000037)	(60.0, 140.9166666666664)	(61.0, 110.8333333333331)	(62.0, 47.49999999999999)	(63.0, 34.0)	(64.0, 34.99999999999998)	(65.0, 25.166666666666664)	(66.0, 14.166666666666668)	(67.0, 20.666666666666664)	(68.0, 21.833333333333332)	(69.0, 8.166666666666668)	(70.0, 4.999999999999999)	(71.0, 14.833333333333337)	(72.0, 57.33333333333346)	(73.0, 16.000000000000007)	(74.0, 3.6666666666666665)	(75.0, 0.5)	(76.0, 0.0)	(77.0, 0.0)	(78.0, 0.0)	(79.0, 0.0)	(80.0, 0.0)	(81.0, 0.0)	(82.0, 0.3333333333333333)	(83.0, 0.3333333333333333)	(84.0, 0.0)	(85.0, 0.0)	(86.0, 0.5)	(87.0, 1.0)	(88.0, 0.5)	(89.0, 0.0)	(90.0, 0.25)	(91.0, 0.0)	(92.0, 0.0)	(93.0, 0.0)	(94.0, 0.0)	(95.0, 0.0)	(96.0, 0.0)	(97.0, 0.0)	(98.0, 0.0)	(99.0, 0.0)	(100.0, 0.0)
3971R_R_F_NS1_diabetes_S28_L001_R1_001	(0.0, 0.0)	(1.0, 0.0)	(2.0, 0.0)	(3.0, 0.0)	(4.0, 0.0)	(5.0, 0.0)	(6.0, 0.0)	(7.0, 0.0)	(8.0, 0.0)	(9.0, 0.0)	(10.0, 0.0)	(11.0, 0.0)	(12.0, 0.0)	(13.0, 0.0)	(14.0, 0.0)	(15.0, 0.0)	(16.0, 0.0)	(17.0, 0.0)	(18.0, 0.0)	(19.0, 0.0)	(20.0, 0.0)	(21.0, 0.0)	(22.0, 0.0)	(23.0, 0.0)	(24.0, 0.0)	(25.0, 0.0)	(26.0, 0.0)	(27.0, 0.0)	(28.0, 0.25)	(29.0, 0.0)	(30.0, 0.25)	(31.0, 0.0)	(32.0, 0.3333333333333333)	(33.0, 0.0)	(34.0, 0.6666666666666666)	(35.0, 2.6666666666666665)	(36.0, 1.9999999999999998)	(37.0, 0.3333333333333333)	(38.0, 0.3333333333333333)	(39.0, 0.3333333333333333)	(40.0, 0.3333333333333333)	(41.0, 2.6666666666666665)	(42.0, 6.499999999999999)	(43.0, 13.666666666666666)	(44.0, 52.166666666666664)	(45.0, 95.16666666666667)	(46.0, 229.0833333333348)	(47.0, 4917.333333333337)	(48.0, 8979.999999998445)	(49.0, 1700.999999999898)	(50.0, 1175.750000000013)	(51.0, 5044.833333333221)	(52.0, 5876.083333332478)	(53.0, 2443.999999999992)	(54.0, 1367.9166666666367)	(55.0, 382.58333333332956)	(56.0, 76.00000000000001)	(57.0, 38.83333333333334)	(58.0, 25.08333333333332)	(59.0, 20.499999999999996)	(60.0, 4.5)	(61.0, 4.166666666666667)	(62.0, 21.333333333333325)	(63.0, 6.999999999999997)	(64.0, 0.6666666666666666)	(65.0, 0.3333333333333333)	(66.0, 0.0)	(67.0, 0.0)	(68.0, 0.0)	(69.0, 0.0)	(70.0, 0.0)	(71.0, 0.0)	(72.0, 0.0)	(73.0, 0.0)	(74.0, 0.0)	(75.0, 0.0)	(76.0, 0.0)	(77.0, 0.0)	(78.0, 0.0)	(79.0, 0.0)	(80.0, 0.0)	(81.0, 0.0)	(82.0, 0.0)	(83.0, 0.0)	(84.0, 0.0)	(85.0, 0.0)	(86.0, 0.0)	(87.0, 0.0)	(88.0, 0.0)	(89.0, 0.0)	(90.0, 0.0)	(91.0, 0.0)	(92.0, 0.0)	(93.0, 0.0)	(94.0, 0.0)	(95.0, 0.0)	(96.0, 0.0)	(97.0, 0.0)	(98.0, 0.0)	(99.0, 0.0)	(100.0, 0.0)
3971R_R_F_NS1_diabetes_S28_L001_R2_001	(0.0, 0.0)	(1.0, 0.0)	(2.0, 0.0)	(3.0, 0.0)	(4.0, 0.0)	(5.0, 0.0)	(6.0, 0.0)	(7.0, 0.0)	(8.0, 0.0)	(9.0, 0.0)	(10.0, 0.0)	(11.0, 0.0)	(12.0, 0.0)	(13.0, 0.0)	(14.0, 0.0)	(15.0, 0.0)	(16.0, 0.0)	(17.0, 0.0)	(18.0, 0.0)	(19.0, 0.0)	(20.0, 0.0)	(21.0, 0.0)	(22.0, 0.0)	(23.0, 0.0)	(24.0, 0.0)	(25.0, 0.0)	(26.0, 0.0)	(27.0, 0.0)	(28.0, 0.0)	(29.0, 0.0)	(30.0, 0.3333333333333333)	(31.0, 0.8333333333333333)	(32.0, 2.5)	(33.0, 5.166666666666667)	(34.0, 5.499999999999999)	(35.0, 2.1666666666666665)	(36.0, 2.333333333333333)	(37.0, 7.5)	(38.0, 13.333333333333334)	(39.0, 18.333333333333336)	(40.0, 20.166666666666668)	(41.0, 22.0)	(42.0, 31.666666666666664)	(43.0, 40.83333333333333)	(44.0, 62.833333333333385)	(45.0, 283.9166666666679)	(46.0, 3097.9166666669553)	(47.0, 2583.083333333391)	(48.0, 3667.75000000053)	(49.0, 4887.250000000044)	(50.0, 640.0000000000014)	(51.0, 1776.6666666665508)	(52.0, 2079.916666666503)	(53.0, 1650.4999999999106)	(54.0, 2021.166666666499)	(55.0, 484.0833333333266)	(56.0, 4286.083333333905)	(57.0, 4498.083333333727)	(58.0, 450.41666666666174)	(59.0, 173.00000000000017)	(60.0, 118.49999999999977)	(61.0, 86.33333333333327)	(62.0, 50.41666666666668)	(63.0, 41.999999999999986)	(64.0, 36.16666666666666)	(65.0, 20.833333333333336)	(66.0, 12.916666666666668)	(67.0, 14.583333333333336)	(68.0, 10.666666666666666)	(69.0, 3.583333333333333)	(70.0, 4.333333333333333)	(71.0, 6.999999999999999)	(72.0, 18.000000000000007)	(73.0, 6.333333333333333)	(74.0, 2.1666666666666665)	(75.0, 1.0)	(76.0, 0.0)	(77.0, 0.0)	(78.0, 0.0)	(79.0, 0.0)	(80.0, 0.0)	(81.0, 0.8333333333333333)	(82.0, 0.8333333333333333)	(83.0, 0.0)	(84.0, 0.3333333333333333)	(85.0, 0.3333333333333333)	(86.0, 0.0)	(87.0, 0.0)	(88.0, 0.0)	(89.0, 0.0)	(90.0, 0.0)	(91.0, 0.25)	(92.0, 0.0)	(93.0, 0.0)	(94.0, 0.0)	(95.0, 0.0)	(96.0, 0.0)	(97.0, 0.0)	(98.0, 0.0)	(99.0, 0.0)	(100.0, 0.0)
3971R_R_F_NS1_week9_S80_L001_R1_001	(0.0, 0.0)	(1.0, 0.0)	(2.0, 0.0)	(3.0, 0.0)	(4.0, 0.0)	(5.0, 0.0)	(6.0, 0.0)	(7.0, 0.0)	(8.0, 0.0)	(9.0, 0.0)	(10.0, 0.0)	(11.0, 0.0)	(12.0, 0.0)	(13.0, 0.0)	(14.0, 0.0)	(15.0, 0.0)	(16.0, 0.0)	(17.0, 0.0)	(18.0, 0.0)	(19.0, 0.0)	(20.0, 0.0)	(21.0, 0.0)	(22.0, 0.0)	(23.0, 0.0)	(24.0, 0.0)	(25.0, 0.0)	(26.0, 0.0)	(27.0, 0.0)	(28.0, 0.5)	(29.0, 0.5)	(30.0, 0.0)	(31.0, 1.0)	(32.0, 1.5)	(33.0, 0.5)	(34.0, 0.0)	(35.0, 0.0)	(36.0, 0.0)	(37.0, 0.0)	(38.0, 0.0)	(39.0, 0.0)	(40.0, 0.0)	(41.0, 1.6666666666666665)	(42.0, 6.0)	(43.0, 16.000000000000004)	(44.0, 65.16666666666667)	(45.0, 110.33333333333319)	(46.0, 231.75000000000176)	(47.0, 5742.249999999257)	(48.0, 11741.000000003458)	(49.0, 1812.9166666665378)	(50.0, 765.5833333333487)	(51.0, 3073.083333333606)	(52.0, 6608.74999999848)	(53.0, 4141.833333334027)	(54.0, 759.4166666666821)	(55.0, 520.4166666666565)	(56.0, 75.16666666666667)	(57.0, 20.16666666666666)	(58.0, 15.833333333333343)	(59.0, 29.33333333333331)	(60.0, 9.166666666666666)	(61.0, 7.83333333333333)	(62.0, 73.50000000000004)	(63.0, 14.33333333333334)	(64.0, 5.0)	(65.0, 0.8333333333333333)	(66.0, 0.0)	(67.0, 0.0)	(68.0, 0.0)	(69.0, 0.5)	(70.0, 1.0)	(71.0, 1.0)	(72.0, 1.0)	(73.0, 0.5)	(74.0, 0.0)	(75.0, 0.0)	(76.0, 0.0)	(77.0, 0.0)	(78.0, 0.0)	(79.0, 0.0)	(80.0, 0.0)	(81.0, 0.0)	(82.0, 0.0)	(83.0, 0.0)	(84.0, 0.0)	(85.0, 0.0)	(86.0, 0.0)	(87.0, 0.0)	(88.0, 0.0)	(89.0, 0.0)	(90.0, 0.0)	(91.0, 0.0)	(92.0, 0.0)	(93.0, 0.0)	(94.0, 0.0)	(95.0, 0.0)	(96.0, 0.0)	(97.0, 0.0)	(98.0, 0.0)	(99.0, 0.0)	(100.0, 0.0)
3971R_R_F_NS1_week9_S80_L001_R2_001	(0.0, 0.0)	(1.0, 0.0)	(2.0, 0.0)	(3.0, 0.0)	(4.0, 0.0)	(5.0, 0.0)	(6.0, 0.0)	(7.0, 0.0)	(8.0, 0.0)	(9.0, 0.0)	(10.0, 0.0)	(11.0, 0.0)	(12.0, 0.0)	(13.0, 0.0)	(14.0, 0.0)	(15.0, 0.0)	(16.0, 0.0)	(17.0, 0.0)	(18.0, 0.0)	(19.0, 0.0)	(20.0, 0.0)	(21.0, 0.0)	(22.0, 0.0)	(23.0, 0.0)	(24.0, 0.3333333333333333)	(25.0, 0.3333333333333333)	(26.0, 0.0)	(27.0, 0.0)	(28.0, 0.0)	(29.0, 0.0)	(30.0, 0.0)	(31.0, 0.5)	(32.0, 0.5)	(33.0, 0.5)	(34.0, 1.5)	(35.0, 3.5)	(36.0, 3.5)	(37.0, 2.8333333333333335)	(38.0, 5.583333333333333)	(39.0, 7.0)	(40.0, 12.0)	(41.0, 14.5)	(42.0, 22.166666666666664)	(43.0, 34.08333333333332)	(44.0, 52.833333333333364)	(45.0, 297.33333333333366)	(46.0, 3841.166666667285)	(47.0, 2988.583333333571)	(48.0, 3808.416666667266)	(49.0, 6584.74999999851)	(50.0, 765.0000000000138)	(51.0, 2123.333333333183)	(52.0, 2492.75000000001)	(53.0, 3312.416666667042)	(54.0, 3382.1666666670685)	(55.0, 418.4999999999954)	(56.0, 2725.000000000111)	(57.0, 2843.3333333334954)	(58.0, 283.1666666666679)	(59.0, 102.5833333333332)	(60.0, 95.66666666666657)	(61.0, 80.91666666666667)	(62.0, 41.41666666666668)	(63.0, 23.416666666666668)	(64.0, 26.16666666666665)	(65.0, 11.75)	(66.0, 7.666666666666666)	(67.0, 17.0)	(68.0, 18.0)	(69.0, 7.0)	(70.0, 2.8333333333333335)	(71.0, 11.66666666666667)	(72.0, 59.833333333333485)	(73.0, 13.166666666666671)	(74.0, 1.1666666666666665)	(75.0, 0.8333333333333333)	(76.0, 0.8333333333333333)	(77.0, 0.6666666666666666)	(78.0, 0.3333333333333333)	(79.0, 1.0833333333333333)	(80.0, 1.0)	(81.0, 0.5)	(82.0, 0.3333333333333333)	(83.0, 0.0)	(84.0, 0.0)	(85.0, 0.0)	(86.0, 0.0)	(87.0, 0.0)	(88.0, 0.3333333333333333)	(89.0, 0.3333333333333333)	(90.0, 0.0)	(91.0, 0.0)	(92.0, 0.0)	(93.0, 0.0)	(94.0, 0.0)	(95.0, 0.0)	(96.0, 0.0)	(97.0, 0.0)	(98.0, 0.5)	(99.0, 1.0)	(100.0, 0.5)
3975R_0_F_NS1_week5_S60_L001_R1_001	(0.0, 0.0)	(1.0, 0.0)	(2.0, 0.0)	(3.0, 0.0)	(4.0, 0.0)	(5.0, 0.0)	(6.0, 0.0)	(7.0, 0.0)	(8.0, 0.0)	(9.0, 0.0)	(10.0, 0.0)	(11.0, 0.0)	(12.0, 0.0)	(13.0, 0.0)	(14.0, 0.0)	(15.0, 0.0)	(16.0, 0.0)	(17.0, 0.0)	(18.0, 0.0)	(19.0, 0.0)	(20.0, 0.0)	(21.0, 0.0)	(22.0, 0.0)	(23.0, 0.0)	(24.0, 0.0)	(25.0, 0.0)	(26.0, 0.0)	(27.0, 0.0)	(28.0, 0.0)	(29.0, 0.0)	(30.0, 0.0)	(31.0, 0.3333333333333333)	(32.0, 0.0)	(33.0, 0.0)	(34.0, 0.0)	(35.0, 1.6666666666666665)	(36.0, 0.6666666666666666)	(37.0, 0.0)	(38.0, 0.0)	(39.0, 1.5)	(40.0, 1.8333333333333333)	(41.0, 3.8333333333333335)	(42.0, 8.416666666666668)	(43.0, 12.166666666666668)	(44.0, 65.00000000000001)	(45.0, 102.9999999999999)	(46.0, 224.66666666666828)	(47.0, 4911.500000000013)	(48.0, 8778.99999999809)	(49.0, 1351.583333333307)	(50.0, 783.6666666666839)	(51.0, 4020.6666666673605)	(52.0, 5513.083333332804)	(53.0, 3741.000000000569)	(54.0, 2339.0833333332785)	(55.0, 505.49999999998994)	(56.0, 110.16666666666636)	(57.0, 42.25000000000003)	(58.0, 23.83333333333332)	(59.0, 19.833333333333332)	(60.0, 9.0)	(61.0, 10.166666666666666)	(62.0, 43.83333333333337)	(63.0, 7.166666666666664)	(64.0, 2.6666666666666665)	(65.0, 1.1666666666666665)	(66.0, 0.5)	(67.0, 1.0)	(68.0, 1.0)	(69.0, 1.0)	(70.0, 0.5)	(71.0, 0.0)	(72.0, 0.0)	(73.0, 0.0)	(74.0, 0.0)	(75.0, 0.0)	(76.0, 0.0)	(77.0, 0.0)	(78.0, 0.0)	(79.0, 0.0)	(80.0, 0.0)	(81.0, 0.0)	(82.0, 0.0)	(83.0, 0.0)	(84.0, 0.0)	(85.0, 0.0)	(86.0, 0.0)	(87.0, 0.0)	(88.0, 0.0)	(89.0, 0.0)	(90.0, 0.0)	(91.0, 0.0)	(92.0, 0.0)	(93.0, 0.0)	(94.0, 0.0)	(95.0, 0.0)	(96.0, 0.0)	(97.0, 0.0)	(98.0, 0.0)	(99.0, 0.0)	(100.0, 0.0)
3975R_0_F_NS1_week5_S60_L001_R2_001	(0.0, 0.0)	(1.0, 0.0)	(2.0, 0.0)	(3.0, 0.0)	(4.0, 0.0)	(5.0, 0.0)	(6.0, 0.0)	(7.0, 0.0)	(8.0, 0.0)	(9.0, 0.0)	(10.0, 0.0)	(11.0, 0.0)	(12.0, 0.0)	(13.0, 0.0)	(14.0, 0.0)	(15.0, 0.0)	(16.0, 0.0)	(17.0, 0.0)	(18.0, 0.0)	(19.0, 0.0)	(20.0, 0.0)	(21.0, 0.0)	(22.0, 0.0)	(23.0, 0.0)	(24.0, 0.0)	(25.0, 0.0)	(26.0, 0.0)	(27.0, 0.3333333333333333)	(28.0, 0.0)	(29.0, 0.0)	(30.0, 0.3333333333333333)	(31.0, 0.3333333333333333)	(32.0, 1.0)	(33.0, 3.0)	(34.0, 4.166666666666666)	(35.0, 2.6666666666666665)	(36.0, 3.0)	(37.0, 6.75)	(38.0, 12.0)	(39.0, 11.5)	(40.0, 10.5)	(41.0, 19.75)	(42.0, 27.666666666666664)	(43.0, 43.500000000000014)	(44.0, 66.50000000000003)	(45.0, 284.00000000000125)	(46.0, 3147.583333333643)	(47.0, 2197.333333333219)	(48.0, 3033.250000000253)	(49.0, 4791.66666666678)	(50.0, 660.666666666671)	(51.0, 1698.4166666665656)	(52.0, 1941.8333333331798)	(53.0, 1892.5833333331916)	(54.0, 2189.083333333209)	(55.0, 627.9999999999994)	(56.0, 4800.333333333459)	(57.0, 3944.0000000006285)	(58.0, 417.9999999999958)	(59.0, 171.41666666666688)	(60.0, 168.25000000000009)	(61.0, 141.66666666666643)	(62.0, 65.50000000000003)	(63.0, 53.50000000000001)	(64.0, 43.166666666666664)	(65.0, 26.499999999999993)	(66.0, 20.333333333333336)	(67.0, 20.333333333333336)	(68.0, 14.333333333333334)	(69.0, 4.5)	(70.0, 2.5)	(71.0, 8.33333333333333)	(72.0, 38.25)	(73.0, 9.083333333333332)	(74.0, 1.3333333333333333)	(75.0, 1.5)	(76.0, 0.8333333333333333)	(77.0, 0.3333333333333333)	(78.0, 0.0)	(79.0, 0.0)	(80.0, 0.0)	(81.0, 0.0)	(82.0, 0.0)	(83.0, 0.0)	(84.0, 0.0)	(85.0, 0.0)	(86.0, 0.75)	(87.0, 0.75)	(88.0, 0.0)	(89.0, 0.0)	(90.0, 0.3333333333333333)	(91.0, 0.3333333333333333)	(92.0, 0.0)	(93.0, 0.0)	(94.0, 0.0)	(95.0, 0.0)	(96.0, 0.0)	(97.0, 0.0)	(98.0, 0.0)	(99.0, 0.0)	(100.0, 0.3333333333333333)
3975R_L_F_NS1_diabetes_S30_L001_R1_001	(0.0, 0.0)	(1.0, 0.0)	(2.0, 0.0)	(3.0, 0.0)	(4.0, 0.0)	(5.0, 0.0)	(6.0, 0.0)	(7.0, 0.0)	(8.0, 0.0)	(9.0, 0.0)	(10.0, 0.0)	(11.0, 0.0)	(12.0, 0.0)	(13.0, 0.0)	(14.0, 0.0)	(15.0, 0.0)	(16.0, 0.0)	(17.0, 0.0)	(18.0, 0.0)	(19.0, 0.0)	(20.0, 0.0)	(21.0, 0.0)	(22.0, 0.0)	(23.0, 0.0)	(24.0, 0.0)	(25.0, 0.0)	(26.0, 0.0)	(27.0, 0.0)	(28.0, 0.0)	(29.0, 0.0)	(30.0, 0.0)	(31.0, 0.0)	(32.0, 0.0)	(33.0, 0.0)	(34.0, 0.0)	(35.0, 0.0)	(36.0, 0.0)	(37.0, 1.0)	(38.0, 1.0)	(39.0, 0.5)	(40.0, 0.8333333333333333)	(41.0, 1.5833333333333333)	(42.0, 6.25)	(43.0, 21.666666666666664)	(44.0, 76.49999999999999)	(45.0, 174.83333333333357)	(46.0, 481.99999999999187)	(47.0, 7952.166666663934)	(48.0, 13161.41666667269)	(49.0, 1849.9999999998631)	(50.0, 835.2500000000234)	(51.0, 5730.666666665934)	(52.0, 6601.2499999984975)	(53.0, 1861.0833333331984)	(54.0, 1031.7500000000414)	(55.0, 470.08333333332473)	(56.0, 71.08333333333341)	(57.0, 24.416666666666654)	(58.0, 16.66666666666668)	(59.0, 24.499999999999982)	(60.0, 6.833333333333331)	(61.0, 6.166666666666665)	(62.0, 76.16666666666667)	(63.0, 15.50000000000001)	(64.0, 5.0)	(65.0, 2.333333333333333)	(66.0, 1.8333333333333333)	(67.0, 1.1666666666666665)	(68.0, 0.8333333333333333)	(69.0, 0.8333333333333333)	(70.0, 0.0)	(71.0, 0.0)	(72.0, 0.0)	(73.0, 0.0)	(74.0, 0.0)	(75.0, 0.0)	(76.0, 0.0)	(77.0, 0.0)	(78.0, 0.0)	(79.0, 0.0)	(80.0, 0.0)	(81.0, 0.0)	(82.0, 0.0)	(83.0, 0.0)	(84.0, 0.0)	(85.0, 0.0)	(86.0, 0.0)	(87.0, 0.0)	(88.0, 0.0)	(89.0, 0.0)	(90.0, 0.0)	(91.0, 0.0)	(92.0, 0.0)	(93.0, 0.0)	(94.0, 0.0)	(95.0, 0.0)	(96.0, 0.0)	(97.0, 0.0)	(98.0, 0.0)	(99.0, 0.0)	(100.0, 0.0)
3975R_L_F_NS1_diabetes_S30_L001_R2_001	(0.0, 0.0)	(1.0, 0.0)	(2.0, 0.0)	(3.0, 0.0)	(4.0, 0.0)	(5.0, 0.0)	(6.0, 0.0)	(7.0, 0.0)	(8.0, 0.0)	(9.0, 0.0)	(10.0, 0.0)	(11.0, 0.0)	(12.0, 0.0)	(13.0, 0.0)	(14.0, 0.0)	(15.0, 0.0)	(16.0, 0.0)	(17.0, 0.0)	(18.0, 0.0)	(19.0, 0.0)	(20.0, 0.0)	(21.0, 0.0)	(22.0, 0.0)	(23.0, 0.0)	(24.0, 0.0)	(25.0, 0.0)	(26.0, 0.5)	(27.0, 0.5)	(28.0, 0.0)	(29.0, 0.0)	(30.0, 0.0)	(31.0, 0.0)	(32.0, 0.5)	(33.0, 1.0)	(34.0, 2.5)	(35.0, 3.5)	(36.0, 5.333333333333333)	(37.0, 8.333333333333332)	(38.0, 11.5)	(39.0, 16.833333333333332)	(40.0, 22.0)	(41.0, 26.499999999999996)	(42.0, 40.91666666666667)	(43.0, 62.250000000000014)	(44.0, 96.7499999999999)	(45.0, 482.66666666665816)	(46.0, 5486.499999999481)	(47.0, 3835.000000000607)	(48.0, 4626.5833333335895)	(49.0, 6883.166666664927)	(50.0, 909.0833333333594)	(51.0, 1150.9166666666868)	(52.0, 1286.4999999999902)	(53.0, 1627.9166666665835)	(54.0, 1771.4999999998865)	(55.0, 490.91666666666026)	(56.0, 5171.249999999807)	(57.0, 5375.999999999617)	(58.0, 557.666666666662)	(59.0, 206.08333333333388)	(60.0, 184.0000000000005)	(61.0, 150.16666666666643)	(62.0, 64.83333333333337)	(63.0, 46.74999999999999)	(64.0, 45.41666666666668)	(65.0, 24.16666666666666)	(66.0, 19.833333333333332)	(67.0, 27.833333333333332)	(68.0, 27.916666666666668)	(69.0, 9.0)	(70.0, 5.166666666666667)	(71.0, 14.000000000000004)	(72.0, 64.16666666666683)	(73.0, 12.833333333333337)	(74.0, 1.3333333333333333)	(75.0, 2.583333333333333)	(76.0, 1.5)	(77.0, 0.5)	(78.0, 0.3333333333333333)	(79.0, 0.5)	(80.0, 0.5)	(81.0, 0.0)	(82.0, 0.0)	(83.0, 0.3333333333333333)	(84.0, 0.3333333333333333)	(85.0, 0.0)	(86.0, 0.0)	(87.0, 0.0)	(88.0, 0.0)	(89.0, 0.3333333333333333)	(90.0, 0.3333333333333333)	(91.0, 0.5)	(92.0, 0.5)	(93.0, 0.0)	(94.0, 0.0)	(95.0, 0.0)	(96.0, 0.0)	(97.0, 0.0)	(98.0, 0.0)	(99.0, 0.0)	(100.0, 0.0)
3975R_L_F_NS1_week5_S61_L001_R1_001	(0.0, 0.0)	(1.0, 0.0)	(2.0, 0.0)	(3.0, 0.0)	(4.0, 0.0)	(5.0, 0.0)	(6.0, 0.0)	(7.0, 0.0)	(8.0, 0.0)	(9.0, 0.0)	(10.0, 0.0)	(11.0, 0.0)	(12.0, 0.0)	(13.0, 0.0)	(14.0, 0.0)	(15.0, 0.0)	(16.0, 0.0)	(17.0, 0.0)	(18.0, 0.0)	(19.0, 0.0)	(20.0, 0.0)	(21.0, 0.0)	(22.0, 0.0)	(23.0, 0.0)	(24.0, 0.0)	(25.0, 0.0)	(26.0, 0.0)	(27.0, 0.0)	(28.0, 0.0)	(29.0, 0.0)	(30.0, 0.0)	(31.0, 0.0)	(32.0, 0.0)	(33.0, 0.0)	(34.0, 0.3333333333333333)	(35.0, 0.3333333333333333)	(36.0, 0.0)	(37.0, 0.0)	(38.0, 0.0)	(39.0, 0.0)	(40.0, 0.3333333333333333)	(41.0, 0.6666666666666666)	(42.0, 2.5)	(43.0, 16.0)	(44.0, 66.66666666666669)	(45.0, 107.49999999999993)	(46.0, 229.0000000000013)	(47.0, 5190.083333333088)	(48.0, 9978.083333333589)	(49.0, 1533.4166666666)	(50.0, 1111.166666666693)	(51.0, 5073.416666666529)	(52.0, 6145.916666665572)	(53.0, 4647.166666666915)	(54.0, 3430.750000000429)	(55.0, 660.1666666666706)	(56.0, 155.08333333333334)	(57.0, 70.25000000000001)	(58.0, 41.25)	(59.0, 39.166666666666664)	(60.0, 11.666666666666668)	(61.0, 9.666666666666666)	(62.0, 59.50000000000014)	(63.0, 14.000000000000005)	(64.0, 2.5)	(65.0, 2.0)	(66.0, 1.0)	(67.0, 0.5)	(68.0, 0.5)	(69.0, 0.0)	(70.0, 0.0)	(71.0, 0.0)	(72.0, 0.5)	(73.0, 0.5)	(74.0, 0.0)	(75.0, 0.0)	(76.0, 0.0)	(77.0, 0.0)	(78.0, 0.0)	(79.0, 0.0)	(80.0, 0.0)	(81.0, 0.0)	(82.0, 0.0)	(83.0, 0.0)	(84.0, 0.0)	(85.0, 0.0)	(86.0, 0.0)	(87.0, 0.0)	(88.0, 0.0)	(89.0, 0.0)	(90.0, 0.0)	(91.0, 0.0)	(92.0, 0.0)	(93.0, 0.0)	(94.0, 0.0)	(95.0, 0.0)	(96.0, 0.0)	(97.0, 0.0)	(98.0, 0.0)	(99.0, 0.0)	(100.0, 0.0)
3975R_L_F_NS1_week5_S61_L001_R2_001	(0.0, 0.0)	(1.0, 0.0)	(2.0, 0.0)	(3.0, 0.0)	(4.0, 0.0)	(5.0, 0.0)	(6.0, 0.0)	(7.0, 0.0)	(8.0, 0.0)	(9.0, 0.0)	(10.0, 0.0)	(11.0, 0.0)	(12.0, 0.0)	(13.0, 0.0)	(14.0, 0.0)	(15.0, 0.0)	(16.0, 0.0)	(17.0, 0.0)	(18.0, 0.0)	(19.0, 0.0)	(20.0, 0.0)	(21.0, 0.0)	(22.0, 0.0)	(23.0, 0.0)	(24.0, 0.0)	(25.0, 0.0)	(26.0, 0.0)	(27.0, 0.5)	(28.0, 1.0)	(29.0, 1.0)	(30.0, 0.5)	(31.0, 0.0)	(32.0, 0.5)	(33.0, 1.5)	(34.0, 2.5)	(35.0, 2.5)	(36.0, 2.5)	(37.0, 5.0)	(38.0, 7.833333333333333)	(39.0, 12.500000000000002)	(40.0, 19.583333333333332)	(41.0, 23.499999999999996)	(42.0, 19.5)	(43.0, 32.41666666666666)	(44.0, 54.58333333333338)	(45.0, 285.3333333333342)	(46.0, 3276.750000000366)	(47.0, 2216.583333333224)	(48.0, 3340.5833333337205)	(49.0, 5854.41666666584)	(50.0, 781.0000000000148)	(51.0, 1783.083333333218)	(52.0, 2009.7499999998338)	(53.0, 1922.5833333331848)	(54.0, 2425.49999999998)	(55.0, 850.4166666666869)	(56.0, 6630.166666665195)	(57.0, 4954.333333333341)	(58.0, 537.0833333333271)	(59.0, 216.08333333333394)	(60.0, 230.00000000000077)	(61.0, 215.58333333333394)	(62.0, 103.91666666666664)	(63.0, 69.33333333333336)	(64.0, 61.83333333333337)	(65.0, 37.33333333333333)	(66.0, 20.166666666666668)	(67.0, 22.166666666666668)	(68.0, 25.0)	(69.0, 16.0)	(70.0, 9.166666666666666)	(71.0, 13.833333333333336)	(72.0, 53.666666666666735)	(73.0, 16.333333333333336)	(74.0, 2.333333333333333)	(75.0, 2.6666666666666665)	(76.0, 1.8333333333333333)	(77.0, 1.5)	(78.0, 0.5)	(79.0, 0.0)	(80.0, 0.5)	(81.0, 0.5)	(82.0, 0.0)	(83.0, 0.3333333333333333)	(84.0, 0.8333333333333333)	(85.0, 0.5)	(86.0, 0.0)	(87.0, 0.0)	(88.0, 0.0)	(89.0, 0.0)	(90.0, 0.0)	(91.0, 0.0)	(92.0, 0.0)	(93.0, 0.0)	(94.0, 0.0)	(95.0, 0.0)	(96.0, 0.0)	(97.0, 0.5)	(98.0, 0.5)	(99.0, 0.0)	(100.0, 0.0)
3975R_L_F_NS1_week9_S82_L001_R1_001	(0.0, 0.0)	(1.0, 0.0)	(2.0, 0.0)	(3.0, 0.0)	(4.0, 0.0)	(5.0, 0.0)	(6.0, 0.0)	(7.0, 0.0)	(8.0, 0.0)	(9.0, 0.0)	(10.0, 0.0)	(11.0, 0.0)	(12.0, 0.0)	(13.0, 0.0)	(14.0, 0.0)	(15.0, 0.0)	(16.0, 0.0)	(17.0, 0.0)	(18.0, 0.0)	(19.0, 0.0)	(20.0, 0.0)	(21.0, 0.0)	(22.0, 0.0)	(23.0, 0.0)	(24.0, 0.0)	(25.0, 0.0)	(26.0, 0.0)	(27.0, 0.0)	(28.0, 0.0)	(29.0, 0.0)	(30.0, 0.0)	(31.0, 0.0)	(32.0, 0.0)	(33.0, 0.0)	(34.0, 0.0)	(35.0, 0.0)	(36.0, 0.0)	(37.0, 0.0)	(38.0, 0.0)	(39.0, 0.0)	(40.0, 0.8333333333333333)	(41.0, 1.9999999999999998)	(42.0, 3.0)	(43.0, 14.5)	(44.0, 66.66666666666667)	(45.0, 118.66666666666652)	(46.0, 320.9999999999998)	(47.0, 7762.249999997433)	(48.0, 11411.66666666952)	(49.0, 1880.416666666524)	(50.0, 924.9166666666998)	(51.0, 6661.916666665091)	(52.0, 8994.916666665154)	(53.0, 3464.7500000004416)	(54.0, 1197.166666666674)	(55.0, 591.416666666664)	(56.0, 98.16666666666642)	(57.0, 40.583333333333336)	(58.0, 16.33333333333334)	(59.0, 20.166666666666664)	(60.0, 8.666666666666666)	(61.0, 9.166666666666664)	(62.0, 59.83333333333348)	(63.0, 11.66666666666667)	(64.0, 2.8333333333333335)	(65.0, 1.833333333333333)	(66.0, 2.5)	(67.0, 2.0)	(68.0, 1.0)	(69.0, 0.0)	(70.0, 0.3333333333333333)	(71.0, 0.0)	(72.0, 0.0)	(73.0, 0.0)	(74.0, 0.0)	(75.0, 0.0)	(76.0, 0.0)	(77.0, 0.0)	(78.0, 0.0)	(79.0, 0.0)	(80.0, 0.0)	(81.0, 0.0)	(82.0, 0.0)	(83.0, 0.0)	(84.0, 0.0)	(85.0, 0.0)	(86.0, 0.0)	(87.0, 0.0)	(88.0, 0.0)	(89.0, 0.0)	(90.0, 0.0)	(91.0, 0.0)	(92.0, 0.0)	(93.0, 0.0)	(94.0, 0.0)	(95.0, 0.0)	(96.0, 0.0)	(97.0, 0.0)	(98.0, 0.0)	(99.0, 0.0)	(100.0, 0.0)
3975R_L_F_NS1_week9_S82_L001_R2_001	(0.0, 0.0)	(1.0, 0.0)	(2.0, 0.0)	(3.0, 0.0)	(4.0, 0.0)	(5.0, 0.0)	(6.0, 0.0)	(7.0, 0.0)	(8.0, 0.0)	(9.0, 0.0)	(10.0, 0.0)	(11.0, 0.0)	(12.0, 0.0)	(13.0, 0.0)	(14.0, 0.0)	(15.0, 0.0)	(16.0, 0.0)	(17.0, 0.0)	(18.0, 0.0)	(19.0, 0.0)	(20.0, 0.0)	(21.0, 0.0)	(22.0, 0.0)	(23.0, 0.0)	(24.0, 0.0)	(25.0, 0.0)	(26.0, 0.0)	(27.0, 0.0)	(28.0, 0.0)	(29.0, 0.0)	(30.0, 0.0)	(31.0, 0.0)	(32.0, 1.0)	(33.0, 2.0)	(34.0, 2.3333333333333335)	(35.0, 2.0)	(36.0, 1.5)	(37.0, 1.0)	(38.0, 3.0)	(39.0, 5.666666666666666)	(40.0, 5.666666666666666)	(41.0, 10.416666666666666)	(42.0, 22.0)	(43.0, 34.83333333333333)	(44.0, 50.50000000000004)	(45.0, 339.8333333333316)	(46.0, 4778.833333333456)	(47.0, 4496.666666667043)	(48.0, 4653.66666666691)	(49.0, 5253.166666666385)	(50.0, 675.5833333333377)	(51.0, 1523.166666666606)	(52.0, 1951.5833333331798)	(53.0, 3103.3333333336122)	(54.0, 3352.2500000003843)	(55.0, 591.416666666663)	(56.0, 5856.749999999209)	(57.0, 6282.083333332162)	(58.0, 567.4999999999955)	(59.0, 185.6666666666671)	(60.0, 145.99999999999972)	(61.0, 117.8333333333331)	(62.0, 55.83333333333335)	(63.0, 37.33333333333333)	(64.0, 29.91666666666665)	(65.0, 19.0)	(66.0, 16.333333333333336)	(67.0, 23.333333333333336)	(68.0, 20.5)	(69.0, 8.0)	(70.0, 5.5)	(71.0, 11.833333333333336)	(72.0, 53.66666666666675)	(73.0, 15.83333333333334)	(74.0, 3.9166666666666665)	(75.0, 1.5)	(76.0, 0.5)	(77.0, 0.5)	(78.0, 0.0)	(79.0, 0.0)	(80.0, 0.3333333333333333)	(81.0, 0.8333333333333333)	(82.0, 0.8333333333333333)	(83.0, 0.0)	(84.0, 0.5833333333333333)	(85.0, 0.3333333333333333)	(86.0, 0.3333333333333333)	(87.0, 0.3333333333333333)	(88.0, 0.0)	(89.0, 0.0)	(90.0, 0.0)	(91.0, 0.0)	(92.0, 0.3333333333333333)	(93.0, 0.3333333333333333)	(94.0, 0.0)	(95.0, 0.0)	(96.0, 0.0)	(97.0, 0.0)	(98.0, 0.0)	(99.0, 0.0)	(100.0, 0.0)
3975R_NS1_week14_S33_L001_R1_001	(0.0, 0.0)	(1.0, 0.0)	(2.0, 0.0)	(3.0, 0.0)	(4.0, 0.0)	(5.0, 0.0)	(6.0, 0.0)	(7.0, 0.0)	(8.0, 0.0)	(9.0, 0.0)	(10.0, 0.0)	(11.0, 0.0)	(12.0, 0.0)	(13.0, 0.0)	(14.0, 0.0)	(15.0, 0.0)	(16.0, 0.0)	(17.0, 0.0)	(18.0, 0.0)	(19.0, 0.0)	(20.0, 0.0)	(21.0, 0.0)	(22.0, 0.0)	(23.0, 0.0)	(24.0, 0.0)	(25.0, 0.0)	(26.0, 0.0)	(27.0, 0.0)	(28.0, 0.0)	(29.0, 0.0)	(30.0, 0.0)	(31.0, 0.0)	(32.0, 0.0)	(33.0, 0.0)	(34.0, 0.0)	(35.0, 0.0)	(36.0, 0.0)	(37.0, 0.0)	(38.0, 0.0)	(39.0, 0.0)	(40.0, 0.0)	(41.0, 0.8333333333333333)	(42.0, 5.666666666666666)	(43.0, 15.5)	(44.0, 56.5)	(45.0, 116.99999999999984)	(46.0, 320.5833333333331)	(47.0, 6392.833333332002)	(48.0, 11627.000000003229)	(49.0, 1783.416666666546)	(50.0, 749.250000000014)	(51.0, 3268.5000000003633)	(52.0, 4870.500000000043)	(53.0, 2232.4166666665674)	(54.0, 809.9166666666881)	(55.0, 483.1666666666571)	(56.0, 66.08333333333346)	(57.0, 19.66666666666666)	(58.0, 18.5)	(59.0, 24.999999999999982)	(60.0, 4.666666666666667)	(61.0, 8.833333333333332)	(62.0, 69.66666666666676)	(63.0, 17.16666666666667)	(64.0, 5.833333333333332)	(65.0, 1.833333333333333)	(66.0, 0.3333333333333333)	(67.0, 0.0)	(68.0, 0.0)	(69.0, 0.0)	(70.0, 0.0)	(71.0, 0.0)	(72.0, 0.0)	(73.0, 0.0)	(74.0, 0.0)	(75.0, 0.0)	(76.0, 0.0)	(77.0, 0.0)	(78.0, 0.0)	(79.0, 0.0)	(80.0, 0.0)	(81.0, 0.0)	(82.0, 0.0)	(83.0, 0.0)	(84.0, 0.0)	(85.0, 0.0)	(86.0, 0.0)	(87.0, 0.0)	(88.0, 0.0)	(89.0, 0.0)	(90.0, 0.0)	(91.0, 0.0)	(92.0, 0.0)	(93.0, 0.0)	(94.0, 0.0)	(95.0, 0.0)	(96.0, 0.0)	(97.0, 0.0)	(98.0, 0.0)	(99.0, 0.0)	(100.0, 0.0)
3975R_NS1_week14_S33_L001_R2_001	(0.0, 0.0)	(1.0, 0.0)	(2.0, 0.0)	(3.0, 0.0)	(4.0, 0.0)	(5.0, 0.0)	(6.0, 0.0)	(7.0, 0.0)	(8.0, 0.0)	(9.0, 0.0)	(10.0, 0.0)	(11.0, 0.0)	(12.0, 0.0)	(13.0, 0.0)	(14.0, 0.0)	(15.0, 0.0)	(16.0, 0.0)	(17.0, 0.0)	(18.0, 0.0)	(19.0, 0.0)	(20.0, 0.0)	(21.0, 0.0)	(22.0, 0.0)	(23.0, 0.0)	(24.0, 0.0)	(25.0, 0.0)	(26.0, 0.0)	(27.0, 0.0)	(28.0, 0.0)	(29.0, 0.0)	(30.0, 0.0)	(31.0, 0.5)	(32.0, 0.5)	(33.0, 0.0)	(34.0, 0.0)	(35.0, 1.0)	(36.0, 3.0)	(37.0, 4.5)	(38.0, 5.0)	(39.0, 4.5)	(40.0, 5.333333333333333)	(41.0, 9.25)	(42.0, 12.666666666666666)	(43.0, 19.5)	(44.0, 38.99999999999999)	(45.0, 326.9999999999989)	(46.0, 4360.666666667166)	(47.0, 3199.3333333336623)	(48.0, 3888.5833333339724)	(49.0, 6297.749999998774)	(50.0, 736.7500000000109)	(51.0, 1422.7499999999604)	(52.0, 1692.7499999999004)	(53.0, 1921.6666666665183)	(54.0, 2033.5833333331616)	(55.0, 348.6666666666657)	(56.0, 2934.000000000194)	(57.0, 3113.5000000002756)	(58.0, 303.5833333333334)	(59.0, 106.3333333333332)	(60.0, 83.91666666666669)	(61.0, 67.16666666666674)	(62.0, 31.666666666666654)	(63.0, 29.083333333333325)	(64.0, 31.33333333333332)	(65.0, 15.333333333333336)	(66.0, 14.5)	(67.0, 27.666666666666664)	(68.0, 24.166666666666664)	(69.0, 4.666666666666666)	(70.0, 5.166666666666666)	(71.0, 10.083333333333334)	(72.0, 50.75000000000008)	(73.0, 21.66666666666666)	(74.0, 3.0)	(75.0, 1.5833333333333333)	(76.0, 0.5)	(77.0, 0.0)	(78.0, 0.8333333333333333)	(79.0, 0.5)	(80.0, 0.0)	(81.0, 0.0)	(82.0, 0.0)	(83.0, 0.3333333333333333)	(84.0, 0.0)	(85.0, 0.25)	(86.0, 0.0)	(87.0, 0.0)	(88.0, 0.0)	(89.0, 0.0)	(90.0, 0.0)	(91.0, 0.0)	(92.0, 0.0)	(93.0, 0.0)	(94.0, 0.3333333333333333)	(95.0, 0.0)	(96.0, 0.0)	(97.0, 0.0)	(98.0, 0.0)	(99.0, 0.3333333333333333)	(100.0, 0.8333333333333333)
3975R_RL_F_NS1_diabetes_S32_L001_R1_001	(0.0, 0.0)	(1.0, 0.0)	(2.0, 0.0)	(3.0, 0.0)	(4.0, 0.0)	(5.0, 0.0)	(6.0, 0.0)	(7.0, 0.0)	(8.0, 0.0)	(9.0, 0.0)	(10.0, 0.0)	(11.0, 0.0)	(12.0, 0.0)	(13.0, 0.0)	(14.0, 0.0)	(15.0, 0.0)	(16.0, 0.0)	(17.0, 0.0)	(18.0, 0.0)	(19.0, 0.0)	(20.0, 0.0)	(21.0, 0.0)	(22.0, 0.0)	(23.0, 0.0)	(24.0, 0.0)	(25.0, 0.0)	(26.0, 0.0)	(27.0, 0.0)	(28.0, 0.0)	(29.0, 0.0)	(30.0, 0.0)	(31.0, 0.0)	(32.0, 0.0)	(33.0, 0.0)	(34.0, 0.3333333333333333)	(35.0, 0.0)	(36.0, 0.3333333333333333)	(37.0, 0.0)	(38.0, 0.5)	(39.0, 0.5)	(40.0, 0.0)	(41.0, 0.8333333333333333)	(42.0, 4.166666666666666)	(43.0, 17.999999999999996)	(44.0, 49.66666666666667)	(45.0, 115.16666666666644)	(46.0, 342.16666666666515)	(47.0, 5922.583333332428)	(48.0, 9605.083333332921)	(49.0, 1756.4166666665496)	(50.0, 1254.0833333333285)	(51.0, 4881.500000000032)	(52.0, 5644.833333332682)	(53.0, 2493.583333333345)	(54.0, 1481.7499999999463)	(55.0, 362.16666666666407)	(56.0, 85.58333333333329)	(57.0, 34.33333333333331)	(58.0, 20.66666666666666)	(59.0, 17.333333333333336)	(60.0, 6.999999999999999)	(61.0, 9.666666666666666)	(62.0, 56.66666666666679)	(63.0, 8.833333333333332)	(64.0, 3.666666666666667)	(65.0, 1.8333333333333333)	(66.0, 1.1666666666666665)	(67.0, 0.0)	(68.0, 0.3333333333333333)	(69.0, 0.0)	(70.0, 0.0)	(71.0, 0.0)	(72.0, 0.0)	(73.0, 0.0)	(74.0, 0.0)	(75.0, 0.0)	(76.0, 0.0)	(77.0, 0.0)	(78.0, 0.0)	(79.0, 0.0)	(80.0, 0.0)	(81.0, 0.0)	(82.0, 0.0)	(83.0, 0.0)	(84.0, 0.0)	(85.0, 0.0)	(86.0, 0.0)	(87.0, 0.0)	(88.0, 0.0)	(89.0, 0.0)	(90.0, 0.0)	(91.0, 0.0)	(92.0, 0.0)	(93.0, 0.0)	(94.0, 0.0)	(95.0, 0.0)	(96.0, 0.0)	(97.0, 0.0)	(98.0, 0.0)	(99.0, 0.0)	(100.0, 0.0)
3975R_RL_F_NS1_diabetes_S32_L001_R2_001	(0.0, 0.0)	(1.0, 0.0)	(2.0, 0.0)	(3.0, 0.0)	(4.0, 0.0)	(5.0, 0.0)	(6.0, 0.0)	(7.0, 0.0)	(8.0, 0.0)	(9.0, 0.0)	(10.0, 0.0)	(11.0, 0.0)	(12.0, 0.0)	(13.0, 0.0)	(14.0, 0.0)	(15.0, 0.0)	(16.0, 0.0)	(17.0, 0.0)	(18.0, 0.0)	(19.0, 0.0)	(20.0, 0.0)	(21.0, 0.0)	(22.0, 0.0)	(23.0, 0.0)	(24.0, 0.0)	(25.0, 0.0)	(26.0, 0.5)	(27.0, 0.5)	(28.0, 0.0)	(29.0, 0.0)	(30.0, 0.0)	(31.0, 0.5)	(32.0, 1.0)	(33.0, 1.0)	(34.0, 2.0)	(35.0, 3.5)	(36.0, 3.0)	(37.0, 5.0)	(38.0, 10.333333333333332)	(39.0, 14.666666666666668)	(40.0, 15.0)	(41.0, 26.333333333333336)	(42.0, 42.583333333333336)	(43.0, 50.41666666666667)	(44.0, 73.00000000000001)	(45.0, 365.666666666664)	(46.0, 3994.500000000684)	(47.0, 3008.2500000002406)	(48.0, 3701.666666667213)	(49.0, 4672.833333333562)	(50.0, 630.4999999999997)	(51.0, 1187.083333333345)	(52.0, 1333.2499999999795)	(53.0, 1874.249999999864)	(54.0, 2365.9166666666165)	(55.0, 566.8333333333273)	(56.0, 4564.08333333367)	(57.0, 4405.666666667136)	(58.0, 451.6666666666614)	(59.0, 190.16666666666697)	(60.0, 154.16666666666652)	(61.0, 122.49999999999972)	(62.0, 59.666666666666686)	(63.0, 39.16666666666665)	(64.0, 32.749999999999986)	(65.0, 20.416666666666668)	(66.0, 11.0)	(67.0, 14.333333333333336)	(68.0, 12.333333333333334)	(69.0, 6.833333333333333)	(70.0, 7.666666666666666)	(71.0, 11.666666666666666)	(72.0, 50.666666666666735)	(73.0, 14.500000000000005)	(74.0, 3.1666666666666665)	(75.0, 2.333333333333333)	(76.0, 1.5)	(77.0, 1.3333333333333333)	(78.0, 0.5)	(79.0, 0.5)	(80.0, 0.5)	(81.0, 0.0)	(82.0, 0.3333333333333333)	(83.0, 0.0)	(84.0, 0.0)	(85.0, 0.3333333333333333)	(86.0, 0.3333333333333333)	(87.0, 0.0)	(88.0, 0.0)	(89.0, 0.0)	(90.0, 0.0)	(91.0, 0.0)	(92.0, 0.0)	(93.0, 0.0)	(94.0, 0.0)	(95.0, 0.0)	(96.0, 0.3333333333333333)	(97.0, 0.3333333333333333)	(98.0, 0.0)	(99.0, 0.0)	(100.0, 0.0)
3975R_RL_F_NS1_week9_S83_L001_R1_001	(0.0, 0.0)	(1.0, 0.0)	(2.0, 0.0)	(3.0, 0.0)	(4.0, 0.0)	(5.0, 0.0)	(6.0, 0.0)	(7.0, 0.0)	(8.0, 0.0)	(9.0, 0.0)	(10.0, 0.0)	(11.0, 0.0)	(12.0, 0.0)	(13.0, 0.0)	(14.0, 0.0)	(15.0, 0.0)	(16.0, 0.0)	(17.0, 0.0)	(18.0, 0.0)	(19.0, 0.0)	(20.0, 0.0)	(21.0, 0.0)	(22.0, 0.0)	(23.0, 0.0)	(24.0, 0.0)	(25.0, 0.0)	(26.0, 0.0)	(27.0, 0.0)	(28.0, 0.0)	(29.0, 0.0)	(30.0, 0.0)	(31.0, 0.0)	(32.0, 0.0)	(33.0, 0.0)	(34.0, 0.3333333333333333)	(35.0, 0.6666666666666666)	(36.0, 0.0)	(37.0, 0.0)	(38.0, 0.0)	(39.0, 0.0)	(40.0, 0.8333333333333333)	(41.0, 2.0)	(42.0, 4.833333333333333)	(43.0, 17.166666666666668)	(44.0, 56.33333333333334)	(45.0, 121.16666666666642)	(46.0, 335.2499999999989)	(47.0, 6197.583333332181)	(48.0, 11428.666666669546)	(49.0, 1706.1666666665626)	(50.0, 731.6666666666786)	(51.0, 4958.999999999962)	(52.0, 7419.249999997754)	(53.0, 3295.2500000003693)	(54.0, 874.5833333333607)	(55.0, 498.66666666665657)	(56.0, 80.91666666666664)	(57.0, 22.916666666666657)	(58.0, 18.749999999999996)	(59.0, 21.999999999999993)	(60.0, 7.999999999999999)	(61.0, 10.5)	(62.0, 86.99999999999986)	(63.0, 18.000000000000004)	(64.0, 4.5)	(65.0, 2.1666666666666665)	(66.0, 1.8333333333333333)	(67.0, 0.3333333333333333)	(68.0, 0.3333333333333333)	(69.0, 0.3333333333333333)	(70.0, 0.0)	(71.0, 0.0)	(72.0, 0.0)	(73.0, 0.0)	(74.0, 0.0)	(75.0, 0.0)	(76.0, 0.0)	(77.0, 0.0)	(78.0, 0.0)	(79.0, 0.0)	(80.0, 0.0)	(81.0, 0.0)	(82.0, 0.0)	(83.0, 0.0)	(84.0, 0.0)	(85.0, 0.0)	(86.0, 0.0)	(87.0, 0.0)	(88.0, 0.0)	(89.0, 0.0)	(90.0, 0.0)	(91.0, 0.0)	(92.0, 0.0)	(93.0, 0.0)	(94.0, 0.0)	(95.0, 0.0)	(96.0, 0.0)	(97.0, 0.0)	(98.0, 0.0)	(99.0, 0.0)	(100.0, 0.0)
3975R_RL_F_NS1_week9_S83_L001_R2_001	(0.0, 0.0)	(1.0, 0.0)	(2.0, 0.0)	(3.0, 0.0)	(4.0, 0.0)	(5.0, 0.0)	(6.0, 0.0)	(7.0, 0.0)	(8.0, 0.0)	(9.0, 0.0)	(10.0, 0.0)	(11.0, 0.0)	(12.0, 0.0)	(13.0, 0.0)	(14.0, 0.0)	(15.0, 0.0)	(16.0, 0.0)	(17.0, 0.0)	(18.0, 0.0)	(19.0, 0.0)	(20.0, 0.0)	(21.0, 0.0)	(22.0, 0.0)	(23.0, 0.0)	(24.0, 0.0)	(25.0, 0.5)	(26.0, 0.5)	(27.0, 0.0)	(28.0, 0.5)	(29.0, 1.0)	(30.0, 0.5)	(31.0, 0.0)	(32.0, 1.0)	(33.0, 2.3333333333333335)	(34.0, 2.833333333333333)	(35.0, 3.833333333333333)	(36.0, 3.0)	(37.0, 2.0)	(38.0, 3.0)	(39.0, 5.833333333333333)	(40.0, 6.666666666666666)	(41.0, 8.5)	(42.0, 13.833333333333332)	(43.0, 22.0)	(44.0, 40.83333333333333)	(45.0, 282.6666666666679)	(46.0, 3997.6666666673605)	(47.0, 3541.333333333817)	(48.0, 4224.833333333953)	(49.0, 6157.833333332231)	(50.0, 689.750000000006)	(51.0, 1806.5833333332105)	(52.0, 2218.749999999888)	(53.0, 2456.249999999992)	(54.0, 2511.333333333349)	(55.0, 454.9999999999946)	(56.0, 4445.416666667109)	(57.0, 4633.666666666945)	(58.0, 409.9999999999964)	(59.0, 122.99999999999979)	(60.0, 107.58333333333312)	(61.0, 98.33333333333316)	(62.0, 52.50000000000002)	(63.0, 39.83333333333332)	(64.0, 37.33333333333331)	(65.0, 20.250000000000004)	(66.0, 13.5)	(67.0, 29.333333333333332)	(68.0, 28.999999999999993)	(69.0, 10.0)	(70.0, 11.666666666666666)	(71.0, 20.0)	(72.0, 73.66666666666671)	(73.0, 19.333333333333336)	(74.0, 3.0)	(75.0, 1.5)	(76.0, 0.8333333333333333)	(77.0, 0.3333333333333333)	(78.0, 0.0)	(79.0, 0.5)	(80.0, 0.5)	(81.0, 0.0)	(82.0, 0.0)	(83.0, 0.0)	(84.0, 0.3333333333333333)	(85.0, 0.3333333333333333)	(86.0, 0.0)	(87.0, 0.0)	(88.0, 0.0)	(89.0, 0.0)	(90.0, 0.0)	(91.0, 0.0)	(92.0, 0.0)	(93.0, 0.0)	(94.0, 0.0)	(95.0, 0.0)	(96.0, 0.0)	(97.0, 0.0)	(98.0, 0.0)	(99.0, 0.0)	(100.0, 0.0)
3975R_R_F_NS1_diabetes_S31_L001_R1_001	(0.0, 0.0)	(1.0, 0.0)	(2.0, 0.0)	(3.0, 0.0)	(4.0, 0.0)	(5.0, 0.0)	(6.0, 0.0)	(7.0, 0.0)	(8.0, 0.0)	(9.0, 0.0)	(10.0, 0.0)	(11.0, 0.0)	(12.0, 0.0)	(13.0, 0.0)	(14.0, 0.0)	(15.0, 0.0)	(16.0, 0.0)	(17.0, 0.0)	(18.0, 0.0)	(19.0, 0.0)	(20.0, 0.0)	(21.0, 0.0)	(22.0, 0.0)	(23.0, 0.0)	(24.0, 0.0)	(25.0, 0.0)	(26.0, 0.0)	(27.0, 0.0)	(28.0, 0.0)	(29.0, 0.0)	(30.0, 0.0)	(31.0, 0.0)	(32.0, 0.0)	(33.0, 0.0)	(34.0, 0.0)	(35.0, 0.0)	(36.0, 0.0)	(37.0, 0.0)	(38.0, 0.0)	(39.0, 0.0)	(40.0, 0.5)	(41.0, 1.6666666666666665)	(42.0, 5.666666666666667)	(43.0, 18.0)	(44.0, 57.5)	(45.0, 115.99999999999982)	(46.0, 354.7499999999983)	(47.0, 7014.666666664772)	(48.0, 10904.333333335268)	(49.0, 2264.749999999912)	(50.0, 1025.0833333333758)	(51.0, 3727.9166666672318)	(52.0, 5881.249999999142)	(53.0, 3691.0000000005443)	(54.0, 1358.999999999971)	(55.0, 421.6666666666607)	(56.0, 77.16666666666666)	(57.0, 28.249999999999986)	(58.0, 17.666666666666675)	(59.0, 18.83333333333334)	(60.0, 6.499999999999998)	(61.0, 9.166666666666666)	(62.0, 89.16666666666649)	(63.0, 20.66666666666666)	(64.0, 4.666666666666667)	(65.0, 3.3333333333333335)	(66.0, 1.1666666666666665)	(67.0, 0.5)	(68.0, 0.0)	(69.0, 0.0)	(70.0, 0.0)	(71.0, 0.0)	(72.0, 0.0)	(73.0, 0.0)	(74.0, 0.0)	(75.0, 0.0)	(76.0, 0.0)	(77.0, 0.0)	(78.0, 0.0)	(79.0, 0.0)	(80.0, 0.0)	(81.0, 0.0)	(82.0, 0.0)	(83.0, 0.0)	(84.0, 0.0)	(85.0, 0.0)	(86.0, 0.0)	(87.0, 0.0)	(88.0, 0.0)	(89.0, 0.0)	(90.0, 0.0)	(91.0, 0.0)	(92.0, 0.0)	(93.0, 0.0)	(94.0, 0.0)	(95.0, 0.0)	(96.0, 0.0)	(97.0, 0.0)	(98.0, 0.0)	(99.0, 0.0)	(100.0, 0.0)
3975R_R_F_NS1_diabetes_S31_L001_R2_001	(0.0, 0.0)	(1.0, 0.0)	(2.0, 0.0)	(3.0, 0.0)	(4.0, 0.0)	(5.0, 0.0)	(6.0, 0.0)	(7.0, 0.0)	(8.0, 0.0)	(9.0, 0.0)	(10.0, 0.0)	(11.0, 0.0)	(12.0, 0.0)	(13.0, 0.0)	(14.0, 0.0)	(15.0, 0.0)	(16.0, 0.0)	(17.0, 0.0)	(18.0, 0.0)	(19.0, 0.0)	(20.0, 0.0)	(21.0, 0.0)	(22.0, 0.0)	(23.0, 0.0)	(24.0, 0.0)	(25.0, 0.0)	(26.0, 0.0)	(27.0, 0.0)	(28.0, 0.0)	(29.0, 0.0)	(30.0, 0.0)	(31.0, 0.5)	(32.0, 1.0)	(33.0, 1.0)	(34.0, 1.5)	(35.0, 3.0)	(36.0, 5.5)	(37.0, 9.5)	(38.0, 11.666666666666666)	(39.0, 11.083333333333334)	(40.0, 12.666666666666666)	(41.0, 27.166666666666664)	(42.0, 41.0)	(43.0, 48.16666666666667)	(44.0, 71.75000000000003)	(45.0, 372.58333333333024)	(46.0, 4055.666666667376)	(47.0, 3532.083333333806)	(48.0, 4369.5833333338305)	(49.0, 5268.583333333024)	(50.0, 723.5833333333427)	(51.0, 1986.9999999998395)	(52.0, 2408.749999999977)	(53.0, 3144.6666666669635)	(54.0, 3238.2500000003283)	(55.0, 579.6666666666629)	(56.0, 3660.1666666671726)	(57.0, 3477.750000000428)	(58.0, 375.1666666666641)	(59.0, 159.33333333333331)	(60.0, 117.91666666666644)	(61.0, 92.33333333333321)	(62.0, 54.83333333333334)	(63.0, 46.66666666666668)	(64.0, 40.83333333333335)	(65.0, 28.666666666666664)	(66.0, 16.666666666666664)	(67.0, 22.749999999999996)	(68.0, 21.333333333333332)	(69.0, 7.833333333333333)	(70.0, 5.0)	(71.0, 17.500000000000004)	(72.0, 78.99999999999997)	(73.0, 22.333333333333325)	(74.0, 1.4999999999999998)	(75.0, 1.0)	(76.0, 1.0)	(77.0, 0.8333333333333333)	(78.0, 0.0)	(79.0, 0.5)	(80.0, 0.5)	(81.0, 0.0)	(82.0, 0.0)	(83.0, 0.0)	(84.0, 0.0)	(85.0, 0.0)	(86.0, 0.0)	(87.0, 0.3333333333333333)	(88.0, 0.3333333333333333)	(89.0, 0.0)	(90.0, 0.0)	(91.0, 0.0)	(92.0, 0.0)	(93.0, 0.25)	(94.0, 0.0)	(95.0, 0.0)	(96.0, 0.0)	(97.0, 0.0)	(98.0, 0.0)	(99.0, 0.0)	(100.0, 0.8333333333333333)
NS1_defined_inocula_S88_L001_R1_001	(0.0, 0.0)	(1.0, 0.0)	(2.0, 0.0)	(3.0, 0.0)	(4.0, 0.0)	(5.0, 0.0)	(6.0, 0.0)	(7.0, 0.0)	(8.0, 0.0)	(9.0, 0.0)	(10.0, 0.0)	(11.0, 0.0)	(12.0, 0.0)	(13.0, 0.0)	(14.0, 0.0)	(15.0, 0.0)	(16.0, 0.0)	(17.0, 0.0)	(18.0, 0.0)	(19.0, 0.0)	(20.0, 0.0)	(21.0, 0.0)	(22.0, 0.0)	(23.0, 0.0)	(24.0, 0.0)	(25.0, 0.0)	(26.0, 0.0)	(27.0, 0.0)	(28.0, 0.0)	(29.0, 0.5)	(30.0, 0.5)	(31.0, 0.0)	(32.0, 0.0)	(33.0, 0.0)	(34.0, 0.0)	(35.0, 0.5833333333333333)	(36.0, 1.1666666666666665)	(37.0, 1.5)	(38.0, 1.0)	(39.0, 0.3333333333333333)	(40.0, 1.6666666666666665)	(41.0, 2.916666666666667)	(42.0, 2.916666666666667)	(43.0, 8.333333333333332)	(44.0, 33.833333333333336)	(45.0, 59.16666666666668)	(46.0, 131.91666666666623)	(47.0, 4281.000000000577)	(48.0, 6542.666666665201)	(49.0, 3000.3333333335713)	(50.0, 2224.499999999893)	(51.0, 2588.166666666721)	(52.0, 3045.166666666921)	(53.0, 6843.333333331616)	(54.0, 7512.416666664336)	(55.0, 1434.5833333332919)	(56.0, 300.6666666666671)	(57.0, 128.49999999999963)	(58.0, 82.83333333333329)	(59.0, 86.16666666666659)	(60.0, 19.666666666666668)	(61.0, 17.08333333333334)	(62.0, 93.99999999999976)	(63.0, 21.83333333333332)	(64.0, 7.499999999999997)	(65.0, 3.0)	(66.0, 2.0)	(67.0, 0.5833333333333333)	(68.0, 0.25)	(69.0, 0.0)	(70.0, 0.0)	(71.0, 0.5)	(72.0, 0.5)	(73.0, 0.0)	(74.0, 0.0)	(75.0, 0.0)	(76.0, 0.0)	(77.0, 0.0)	(78.0, 0.0)	(79.0, 0.0)	(80.0, 0.0)	(81.0, 0.0)	(82.0, 0.0)	(83.0, 0.0)	(84.0, 0.0)	(85.0, 0.0)	(86.0, 0.0)	(87.0, 0.0)	(88.0, 0.0)	(89.0, 0.0)	(90.0, 0.0)	(91.0, 0.0)	(92.0, 0.0)	(93.0, 0.0)	(94.0, 0.0)	(95.0, 0.0)	(96.0, 0.0)	(97.0, 0.0)	(98.0, 0.0)	(99.0, 0.0)	(100.0, 0.0)
NS1_defined_inocula_S88_L001_R2_001	(0.0, 0.0)	(1.0, 0.0)	(2.0, 0.0)	(3.0, 0.0)	(4.0, 0.0)	(5.0, 0.0)	(6.0, 0.0)	(7.0, 0.0)	(8.0, 0.0)	(9.0, 0.0)	(10.0, 0.0)	(11.0, 0.0)	(12.0, 0.0)	(13.0, 0.0)	(14.0, 0.0)	(15.0, 0.0)	(16.0, 0.0)	(17.0, 0.0)	(18.0, 0.0)	(19.0, 0.0)	(20.0, 0.0)	(21.0, 0.0)	(22.0, 0.0)	(23.0, 0.0)	(24.0, 0.0)	(25.0, 0.0)	(26.0, 0.0)	(27.0, 0.0)	(28.0, 0.0)	(29.0, 0.0)	(30.0, 0.0)	(31.0, 1.0)	(32.0, 1.5)	(33.0, 0.8333333333333333)	(34.0, 0.8333333333333333)	(35.0, 1.9166666666666665)	(36.0, 1.9166666666666665)	(37.0, 1.0)	(38.0, 2.75)	(39.0, 4.5)	(40.0, 4.083333333333333)	(41.0, 8.0)	(42.0, 16.0)	(43.0, 22.66666666666666)	(44.0, 44.83333333333337)	(45.0, 286.000000000001)	(46.0, 3421.333333333764)	(47.0, 3301.6666666670417)	(48.0, 4123.3333333340415)	(49.0, 1203.1666666666738)	(50.0, 1245.8333333333314)	(51.0, 3448.500000000444)	(52.0, 3915.6666666673173)	(53.0, 2348.416666666616)	(54.0, 2847.9166666668293)	(55.0, 1024.9166666667054)	(56.0, 5282.666666666353)	(57.0, 2044.6666666664955)	(58.0, 294.50000000000074)	(59.0, 142.66666666666643)	(60.0, 280.91666666666805)	(61.0, 296.6666666666677)	(62.0, 107.74999999999993)	(63.0, 62.16666666666669)	(64.0, 77.16666666666664)	(65.0, 42.83333333333336)	(66.0, 22.333333333333332)	(67.0, 37.33333333333333)	(68.0, 32.83333333333333)	(69.0, 9.166666666666666)	(70.0, 7.999999999999998)	(71.0, 20.83333333333333)	(72.0, 74.6666666666667)	(73.0, 17.41666666666667)	(74.0, 1.4999999999999998)	(75.0, 1.0)	(76.0, 0.5)	(77.0, 0.0)	(78.0, 0.0)	(79.0, 0.5)	(80.0, 0.5)	(81.0, 0.0)	(82.0, 0.0)	(83.0, 0.0)	(84.0, 0.3333333333333333)	(85.0, 0.3333333333333333)	(86.0, 0.0)	(87.0, 0.0)	(88.0, 0.0)	(89.0, 0.0)	(90.0, 0.0)	(91.0, 0.0)	(92.0, 1.0)	(93.0, 1.5)	(94.0, 0.5)	(95.0, 0.0)	(96.0, 0.0)	(97.0, 0.0)	(98.0, 0.0)	(99.0, 0.0)	(100.0, 0.5)
NS6_defined_inocula_S86_L001_R1_001	(0.0, 0.0)	(1.0, 0.0)	(2.0, 0.0)	(3.0, 0.0)	(4.0, 0.0)	(5.0, 0.0)	(6.0, 0.0)	(7.0, 0.0)	(8.0, 0.0)	(9.0, 0.0)	(10.0, 0.0)	(11.0, 0.0)	(12.0, 0.0)	(13.0, 0.0)	(14.0, 0.0)	(15.0, 0.0)	(16.0, 0.0)	(17.0, 0.0)	(18.0, 0.0)	(19.0, 0.0)	(20.0, 0.0)	(21.0, 0.0)	(22.0, 0.0)	(23.0, 0.0)	(24.0, 0.0)	(25.0, 0.0)	(26.0, 0.0)	(27.0, 0.0)	(28.0, 0.0)	(29.0, 0.0)	(30.0, 0.0)	(31.0, 1.0)	(32.0, 1.0)	(33.0, 0.0)	(34.0, 3.666666666666667)	(35.0, 42.66666666666669)	(36.0, 27.333333333333304)	(37.0, 1.0)	(38.0, 0.0)	(39.0, 0.3333333333333333)	(40.0, 1.3333333333333333)	(41.0, 3.833333333333333)	(42.0, 9.833333333333334)	(43.0, 33.16666666666667)	(44.0, 80.33333333333334)	(45.0, 177.5000000000002)	(46.0, 1280.4999999999907)	(47.0, 4964.499999999968)	(48.0, 9811.749999999938)	(49.0, 3049.7500000002487)	(50.0, 2302.6666666665956)	(51.0, 3667.3333333338574)	(52.0, 7978.749999997271)	(53.0, 7550.916666664325)	(54.0, 6480.33333333194)	(55.0, 1979.4999999998374)	(56.0, 484.49999999999153)	(57.0, 360.4166666666646)	(58.0, 359.83333333333115)	(59.0, 400.9999999999965)	(60.0, 143.83333333333337)	(61.0, 55.66666666666671)	(62.0, 53.833333333333385)	(63.0, 17.666666666666668)	(64.0, 6.333333333333333)	(65.0, 3.0)	(66.0, 1.3333333333333333)	(67.0, 0.0)	(68.0, 0.5)	(69.0, 1.5)	(70.0, 1.5)	(71.0, 0.5)	(72.0, 0.0)	(73.0, 0.0)	(74.0, 0.5)	(75.0, 0.5)	(76.0, 0.0)	(77.0, 0.0)	(78.0, 0.0)	(79.0, 0.0)	(80.0, 0.0)	(81.0, 0.0)	(82.0, 0.0)	(83.0, 0.0)	(84.0, 0.0)	(85.0, 0.0)	(86.0, 0.0)	(87.0, 0.0)	(88.0, 0.0)	(89.0, 0.0)	(90.0, 0.0)	(91.0, 0.0)	(92.0, 0.0)	(93.0, 0.0)	(94.0, 0.0)	(95.0, 0.0)	(96.0, 0.0)	(97.0, 0.0)	(98.0, 0.0)	(99.0, 0.0)	(100.0, 0.0)
NS6_defined_inocula_S86_L001_R2_001	(0.0, 0.0)	(1.0, 0.0)	(2.0, 0.0)	(3.0, 0.0)	(4.0, 0.0)	(5.0, 0.0)	(6.0, 0.0)	(7.0, 0.0)	(8.0, 0.0)	(9.0, 0.0)	(10.0, 0.0)	(11.0, 0.0)	(12.0, 0.0)	(13.0, 0.0)	(14.0, 0.0)	(15.0, 0.0)	(16.0, 0.0)	(17.0, 0.0)	(18.0, 0.0)	(19.0, 0.0)	(20.0, 0.0)	(21.0, 0.0)	(22.0, 0.0)	(23.0, 0.5)	(24.0, 0.5)	(25.0, 0.0)	(26.0, 0.0)	(27.0, 0.0)	(28.0, 0.0)	(29.0, 0.0)	(30.0, 0.0)	(31.0, 0.5)	(32.0, 0.5)	(33.0, 1.0)	(34.0, 40.16666666666667)	(35.0, 44.000000000000036)	(36.0, 3.333333333333333)	(37.0, 4.166666666666666)	(38.0, 6.166666666666666)	(39.0, 8.166666666666668)	(40.0, 11.5)	(41.0, 18.583333333333336)	(42.0, 27.499999999999993)	(43.0, 92.66666666666647)	(44.0, 90.49999999999983)	(45.0, 508.3333333333234)	(46.0, 3960.6666666673336)	(47.0, 7283.749999997873)	(48.0, 7715.583333330833)	(49.0, 2500.0833333333458)	(50.0, 757.7500000000132)	(51.0, 6002.333333332373)	(52.0, 6710.333333331739)	(53.0, 3332.08333333371)	(54.0, 6443.499999998663)	(55.0, 1516.4999999999498)	(56.0, 2573.666666666699)	(57.0, 1372.2499999999764)	(58.0, 389.99999999999835)	(59.0, 232.8333333333336)	(60.0, 178.16666666666694)	(61.0, 263.83333333333496)	(62.0, 167.6666666666666)	(63.0, 128.16666666666654)	(64.0, 224.33333333333496)	(65.0, 69.83333333333341)	(66.0, 17.666666666666668)	(67.0, 14.0)	(68.0, 12.333333333333334)	(69.0, 6.333333333333333)	(70.0, 5.833333333333333)	(71.0, 5.499999999999999)	(72.0, 18.33333333333334)	(73.0, 4.833333333333333)	(74.0, 2.0)	(75.0, 1.5)	(76.0, 0.0)	(77.0, 0.0)	(78.0, 0.5)	(79.0, 1.8333333333333333)	(80.0, 1.3333333333333333)	(81.0, 0.0)	(82.0, 0.3333333333333333)	(83.0, 0.3333333333333333)	(84.0, 0.0)	(85.0, 0.0)	(86.0, 0.25)	(87.0, 0.25)	(88.0, 0.0)	(89.0, 0.0)	(90.0, 0.0)	(91.0, 0.0)	(92.0, 0.0)	(93.0, 0.0)	(94.0, 0.0)	(95.0, 0.0)	(96.0, 0.3333333333333333)	(97.0, 0.0)	(98.0, 0.0)	(99.0, 0.0)	(100.0, 0.5)
Negative_extraction_S85_L001_R1_001	(0.0, 0.0)	(1.0, 0.0)	(2.0, 0.0)	(3.0, 0.0)	(4.0, 0.0)	(5.0, 0.0)	(6.0, 0.0)	(7.0, 0.0)	(8.0, 0.0)	(9.0, 0.0)	(10.0, 0.0)	(11.0, 0.0)	(12.0, 0.0)	(13.0, 0.0)	(14.0, 0.0)	(15.0, 0.0)	(16.0, 0.0)	(17.0, 0.0)	(18.0, 0.0)	(19.0, 0.0)	(20.0, 0.0)	(21.0, 0.0)	(22.0, 0.0)	(23.0, 0.0)	(24.0, 0.0)	(25.0, 0.0)	(26.0, 0.0)	(27.0, 0.0)	(28.0, 0.0)	(29.0, 0.0)	(30.0, 0.0)	(31.0, 0.3333333333333333)	(32.0, 0.3333333333333333)	(33.0, 0.0)	(34.0, 6.333333333333331)	(35.0, 22.666666666666654)	(36.0, 6.666666666666664)	(37.0, 1.3333333333333333)	(38.0, 0.3333333333333333)	(39.0, 7.33333333333333)	(40.0, 1.3333333333333333)	(41.0, 2.6666666666666665)	(42.0, 8.500000000000002)	(43.0, 10.166666666666666)	(44.0, 20.66666666666666)	(45.0, 42.500000000000014)	(46.0, 165.33333333333354)	(47.0, 412.66666666666225)	(48.0, 695.1666666666722)	(49.0, 1880.4166666665374)	(50.0, 2165.2499999998804)	(51.0, 2095.999999999866)	(52.0, 7571.999999997714)	(53.0, 21756.833333325907)	(54.0, 4144.583333333992)	(55.0, 2381.999999999993)	(56.0, 4148.583333333559)	(57.0, 5849.416666666501)	(58.0, 7032.583333333227)	(59.0, 5798.166666666652)	(60.0, 2795.8333333333358)	(61.0, 860.5000000000009)	(62.0, 688.1666666666677)	(63.0, 235.66666666666688)	(64.0, 82.0)	(65.0, 53.66666666666667)	(66.0, 32.833333333333336)	(67.0, 16.5)	(68.0, 7.666666666666666)	(69.0, 10.0)	(70.0, 12.5)	(71.0, 13.0)	(72.0, 13.5)	(73.0, 18.0)	(74.0, 15.5)	(75.0, 5.5)	(76.0, 1.5)	(77.0, 1.0)	(78.0, 1.0)	(79.0, 0.5)	(80.0, 0.0)	(81.0, 0.0)	(82.0, 0.5)	(83.0, 0.5)	(84.0, 0.0)	(85.0, 0.0)	(86.0, 0.0)	(87.0, 0.0)	(88.0, 0.0)	(89.0, 0.0)	(90.0, 0.0)	(91.0, 0.0)	(92.0, 0.0)	(93.0, 0.0)	(94.0, 0.0)	(95.0, 0.0)	(96.0, 0.0)	(97.0, 0.0)	(98.0, 0.0)	(99.0, 0.0)	(100.0, 0.0)
Negative_extraction_S85_L001_R2_001	(0.0, 0.0)	(1.0, 0.0)	(2.0, 0.0)	(3.0, 0.0)	(4.0, 0.0)	(5.0, 0.0)	(6.0, 0.0)	(7.0, 0.0)	(8.0, 0.0)	(9.0, 0.0)	(10.0, 0.0)	(11.0, 0.0)	(12.0, 0.0)	(13.0, 0.0)	(14.0, 0.0)	(15.0, 0.0)	(16.0, 0.0)	(17.0, 0.0)	(18.0, 0.0)	(19.0, 0.0)	(20.0, 0.0)	(21.0, 0.0)	(22.0, 0.0)	(23.0, 0.0)	(24.0, 0.0)	(25.0, 0.0)	(26.0, 0.0)	(27.0, 0.0)	(28.0, 0.5)	(29.0, 1.0)	(30.0, 0.5)	(31.0, 0.3333333333333333)	(32.0, 0.0)	(33.0, 1.0)	(34.0, 27.666666666666636)	(35.0, 24.333333333333314)	(36.0, 4.5)	(37.0, 5.166666666666667)	(38.0, 5.75)	(39.0, 7.833333333333332)	(40.0, 17.33333333333334)	(41.0, 36.83333333333332)	(42.0, 370.9999999999966)	(43.0, 4187.750000000657)	(44.0, 1198.166666666673)	(45.0, 355.49999999999767)	(46.0, 1009.5000000000423)	(47.0, 1332.999999999977)	(48.0, 2085.7499999998367)	(49.0, 2404.7499999999704)	(50.0, 809.6666666666839)	(51.0, 631.0000000000003)	(52.0, 843.4166666666874)	(53.0, 1409.9166666666326)	(54.0, 1892.083333333211)	(55.0, 4777.916666666775)	(56.0, 21321.083333328676)	(57.0, 10365.166666667124)	(58.0, 3965.583333333422)	(59.0, 1280.1666666666658)	(60.0, 367.16666666666623)	(61.0, 182.83333333333346)	(62.0, 128.2499999999999)	(63.0, 131.41666666666643)	(64.0, 71.08333333333339)	(65.0, 50.500000000000014)	(66.0, 30.916666666666664)	(67.0, 18.5)	(68.0, 15.166666666666668)	(69.0, 30.166666666666668)	(70.0, 26.5)	(71.0, 6.166666666666666)	(72.0, 6.166666666666666)	(73.0, 6.166666666666667)	(74.0, 3.333333333333333)	(75.0, 2.0)	(76.0, 3.1666666666666665)	(77.0, 1.3333333333333333)	(78.0, 0.25)	(79.0, 0.0)	(80.0, 0.8333333333333333)	(81.0, 0.8333333333333333)	(82.0, 0.3333333333333333)	(83.0, 0.3333333333333333)	(84.0, 0.0)	(85.0, 0.0)	(86.0, 0.0)	(87.0, 0.0)	(88.0, 0.0)	(89.0, 0.0)	(90.0, 0.0)	(91.0, 0.5833333333333333)	(92.0, 0.25)	(93.0, 0.0)	(94.0, 0.0)	(95.0, 0.0)	(96.0, 0.0)	(97.0, 0.0)	(98.0, 0.0)	(99.0, 0.0)	(100.0, 0.0)
Negtive_Control_S90_L001_R1_001	(0.0, 0.0)	(1.0, 0.0)	(2.0, 0.0)	(3.0, 0.0)	(4.0, 0.0)	(5.0, 0.0)	(6.0, 0.0)	(7.0, 0.0)	(8.0, 0.0)	(9.0, 0.0)	(10.0, 0.0)	(11.0, 0.0)	(12.0, 0.0)	(13.0, 0.0)	(14.0, 0.0)	(15.0, 0.0)	(16.0, 0.0)	(17.0, 0.0)	(18.0, 0.0)	(19.0, 0.0)	(20.0, 0.0)	(21.0, 0.0)	(22.0, 0.0)	(23.0, 0.0)	(24.0, 0.0)	(25.0, 0.0)	(26.0, 0.0)	(27.0, 0.0)	(28.0, 0.0)	(29.0, 0.0)	(30.0, 0.0)	(31.0, 0.0)	(32.0, 0.0)	(33.0, 0.3333333333333333)	(34.0, 1.1666666666666665)	(35.0, 1.1666666666666665)	(36.0, 1.9999999999999998)	(37.0, 4.666666666666666)	(38.0, 6.666666666666665)	(39.0, 10.166666666666666)	(40.0, 14.999999999999998)	(41.0, 28.499999999999996)	(42.0, 59.666666666666686)	(43.0, 135.16666666666657)	(44.0, 338.8333333333332)	(45.0, 693.5000000000002)	(46.0, 927.166666666668)	(47.0, 832.5000000000034)	(48.0, 950.6666666666898)	(49.0, 329.33333333333286)	(50.0, 153.49999999999997)	(51.0, 152.49999999999997)	(52.0, 139.49999999999983)	(53.0, 162.66666666666688)	(54.0, 361.1666666666639)	(55.0, 438.8333333333265)	(56.0, 673.6666666666732)	(57.0, 96.16666666666644)	(58.0, 23.416666666666654)	(59.0, 18.666666666666664)	(60.0, 12.666666666666668)	(61.0, 6.833333333333333)	(62.0, 5.666666666666666)	(63.0, 1.8333333333333333)	(64.0, 0.5)	(65.0, 1.3333333333333333)	(66.0, 0.8333333333333333)	(67.0, 0.0)	(68.0, 0.0)	(69.0, 0.0)	(70.0, 0.0)	(71.0, 0.0)	(72.0, 0.0)	(73.0, 0.0)	(74.0, 0.0)	(75.0, 0.3333333333333333)	(76.0, 0.3333333333333333)	(77.0, 0.3333333333333333)	(78.0, 0.0)	(79.0, 0.0)	(80.0, 0.0)	(81.0, 0.0)	(82.0, 0.0)	(83.0, 0.0)	(84.0, 0.0)	(85.0, 0.0)	(86.0, 0.0)	(87.0, 0.0)	(88.0, 0.0)	(89.0, 0.0)	(90.0, 0.0)	(91.0, 0.0)	(92.0, 0.0)	(93.0, 0.0)	(94.0, 0.0)	(95.0, 0.0)	(96.0, 0.0)	(97.0, 0.0)	(98.0, 0.0)	(99.0, 0.0)	(100.0, 0.0)
Negtive_Control_S90_L001_R2_001	(0.0, 0.0)	(1.0, 0.0)	(2.0, 0.0)	(3.0, 0.0)	(4.0, 0.0)	(5.0, 0.0)	(6.0, 0.0)	(7.0, 0.0)	(8.0, 0.0)	(9.0, 0.0)	(10.0, 0.0)	(11.0, 0.0)	(12.0, 0.0)	(13.0, 0.0)	(14.0, 0.0)	(15.0, 0.0)	(16.0, 0.0)	(17.0, 0.0)	(18.0, 0.0)	(19.0, 0.0)	(20.0, 0.0)	(21.0, 0.0)	(22.0, 0.0)	(23.0, 0.0)	(24.0, 0.0)	(25.0, 0.0)	(26.0, 0.0)	(27.0, 0.0)	(28.0, 0.0)	(29.0, 0.0)	(30.0, 0.0)	(31.0, 0.0)	(32.0, 0.0)	(33.0, 0.0)	(34.0, 0.5)	(35.0, 1.3333333333333333)	(36.0, 1.3333333333333333)	(37.0, 1.0)	(38.0, 1.0)	(39.0, 1.5)	(40.0, 1.5)	(41.0, 2.1666666666666665)	(42.0, 2.3333333333333335)	(43.0, 5.0)	(44.0, 10.666666666666666)	(45.0, 15.666666666666668)	(46.0, 62.000000000000114)	(47.0, 49.83333333333334)	(48.0, 101.66666666666663)	(49.0, 578.6666666666634)	(50.0, 799.6666666666786)	(51.0, 683.6666666666678)	(52.0, 1221.0000000000002)	(53.0, 999.5000000000056)	(54.0, 698.6666666666672)	(55.0, 418.7499999999997)	(56.0, 310.91666666666663)	(57.0, 255.6666666666673)	(58.0, 210.8333333333335)	(59.0, 675.3333333333393)	(60.0, 733.8333333333431)	(61.0, 166.33333333333334)	(62.0, 108.83333333333331)	(63.0, 70.5)	(64.0, 45.166666666666664)	(65.0, 28.166666666666664)	(66.0, 15.833333333333332)	(67.0, 11.5)	(68.0, 5.0)	(69.0, 2.0)	(70.0, 4.0)	(71.0, 3.5)	(72.0, 1.3333333333333333)	(73.0, 0.0)	(74.0, 0.0)	(75.0, 0.0)	(76.0, 0.0)	(77.0, 0.0)	(78.0, 0.3333333333333333)	(79.0, 0.0)	(80.0, 0.0)	(81.0, 0.0)	(82.0, 0.0)	(83.0, 0.0)	(84.0, 0.0)	(85.0, 0.0)	(86.0, 0.0)	(87.0, 0.0)	(88.0, 0.0)	(89.0, 0.0)	(90.0, 0.0)	(91.0, 0.0)	(92.0, 0.0)	(93.0, 0.0)	(94.0, 0.0)	(95.0, 0.0)	(96.0, 0.0)	(97.0, 0.0)	(98.0, 0.0)	(99.0, 0.0)	(100.0, 0.0)
Pooled_GF_pellet_S84_L001_R1_001	(0.0, 0.0)	(1.0, 0.0)	(2.0, 0.0)	(3.0, 0.0)	(4.0, 0.0)	(5.0, 0.0)	(6.0, 0.0)	(7.0, 0.0)	(8.0, 0.0)	(9.0, 0.0)	(10.0, 0.0)	(11.0, 0.0)	(12.0, 0.0)	(13.0, 0.0)	(14.0, 0.0)	(15.0, 0.0)	(16.0, 0.0)	(17.0, 0.0)	(18.0, 0.0)	(19.0, 0.0)	(20.0, 0.0)	(21.0, 0.0)	(22.0, 0.0)	(23.0, 0.0)	(24.0, 0.0)	(25.0, 0.0)	(26.0, 0.5)	(27.0, 1.3333333333333333)	(28.0, 0.8333333333333333)	(29.0, 1.9999999999999998)	(30.0, 6.666666666666664)	(31.0, 20.16666666666666)	(32.0, 56.66666666666679)	(33.0, 40.500000000000014)	(34.0, 670.5000000000064)	(35.0, 3609.0000000005225)	(36.0, 1564.3333333332582)	(37.0, 222.16666666666842)	(38.0, 57.83333333333344)	(39.0, 36.666666666666664)	(40.0, 23.166666666666657)	(41.0, 48.833333333333385)	(42.0, 68.16666666666673)	(43.0, 51.00000000000005)	(44.0, 56.00000000000005)	(45.0, 81.49999999999993)	(46.0, 176.50000000000043)	(47.0, 758.6666666666794)	(48.0, 1545.9166666666133)	(49.0, 2667.7500000000587)	(50.0, 1719.9999999999714)	(51.0, 2692.583333333394)	(52.0, 5550.4166666661795)	(53.0, 19031.58333333546)	(54.0, 4984.83333333328)	(55.0, 3802.3333333337137)	(56.0, 5111.8333333331975)	(57.0, 5364.999999999773)	(58.0, 3846.6666666667797)	(59.0, 2572.33333333334)	(60.0, 1164.8333333333335)	(61.0, 477.8333333333329)	(62.0, 335.0833333333332)	(63.0, 266.1666666666669)	(64.0, 220.3333333333335)	(65.0, 159.16666666666666)	(66.0, 117.33333333333324)	(67.0, 86.83333333333331)	(68.0, 102.49999999999999)	(69.0, 87.66666666666666)	(70.0, 44.50000000000001)	(71.0, 23.0)	(72.0, 16.833333333333332)	(73.0, 21.666666666666668)	(74.0, 21.833333333333332)	(75.0, 12.333333333333332)	(76.0, 2.333333333333333)	(77.0, 0.3333333333333333)	(78.0, 0.3333333333333333)	(79.0, 0.3333333333333333)	(80.0, 0.3333333333333333)	(81.0, 0.0)	(82.0, 0.0)	(83.0, 0.0)	(84.0, 0.0)	(85.0, 0.0)	(86.0, 0.0)	(87.0, 0.0)	(88.0, 0.0)	(89.0, 0.0)	(90.0, 0.0)	(91.0, 0.0)	(92.0, 0.0)	(93.0, 0.0)	(94.0, 0.0)	(95.0, 0.0)	(96.0, 0.0)	(97.0, 0.0)	(98.0, 0.0)	(99.0, 0.0)	(100.0, 0.0)
Pooled_GF_pellet_S84_L001_R2_001	(0.0, 0.0)	(1.0, 0.0)	(2.0, 0.0)	(3.0, 0.0)	(4.0, 0.0)	(5.0, 0.0)	(6.0, 0.0)	(7.0, 0.0)	(8.0, 0.0)	(9.0, 0.0)	(10.0, 0.0)	(11.0, 0.0)	(12.0, 0.0)	(13.0, 0.0)	(14.0, 0.0)	(15.0, 0.0)	(16.0, 0.0)	(17.0, 0.0)	(18.0, 0.0)	(19.0, 0.5)	(20.0, 0.5)	(21.0, 0.0)	(22.0, 0.0)	(23.0, 0.8333333333333333)	(24.0, 2.333333333333333)	(25.0, 4.333333333333333)	(26.0, 6.833333333333332)	(27.0, 9.5)	(28.0, 12.000000000000002)	(29.0, 12.916666666666668)	(30.0, 16.583333333333336)	(31.0, 35.33333333333332)	(32.0, 49.91666666666673)	(33.0, 89.49999999999983)	(34.0, 3325.500000000393)	(35.0, 3420.5000000004366)	(36.0, 88.33333333333323)	(37.0, 76.5)	(38.0, 93.99999999999986)	(39.0, 152.1666666666665)	(40.0, 196.333333333334)	(41.0, 161.8333333333335)	(42.0, 165.33333333333357)	(43.0, 369.8333333333305)	(44.0, 538.6666666666588)	(45.0, 286.2500000000006)	(46.0, 629.1666666666686)	(47.0, 908.1666666666958)	(48.0, 1522.8333333332794)	(49.0, 2313.0833333332844)	(50.0, 2879.083333333474)	(51.0, 2184.999999999938)	(52.0, 2174.6666666665933)	(53.0, 3965.500000000503)	(54.0, 4251.58333333364)	(55.0, 6324.666666665863)	(56.0, 18843.41666666956)	(57.0, 6061.666666665845)	(58.0, 1504.8333333333126)	(59.0, 1018.8333333333478)	(60.0, 1413.6666666666426)	(61.0, 663.1666666666678)	(62.0, 292.41666666666754)	(63.0, 158.66666666666657)	(64.0, 122.24999999999996)	(65.0, 109.8333333333333)	(66.0, 117.16666666666663)	(67.0, 120.66666666666664)	(68.0, 79.83333333333334)	(69.0, 50.5)	(70.0, 33.166666666666664)	(71.0, 14.833333333333336)	(72.0, 11.833333333333332)	(73.0, 5.916666666666666)	(74.0, 2.9166666666666665)	(75.0, 1.8333333333333333)	(76.0, 2.5)	(77.0, 1.0)	(78.0, 1.3333333333333333)	(79.0, 1.0)	(80.0, 0.0)	(81.0, 0.5833333333333333)	(82.0, 0.25)	(83.0, 0.8333333333333333)	(84.0, 0.8333333333333333)	(85.0, 0.3333333333333333)	(86.0, 0.8333333333333333)	(87.0, 0.5)	(88.0, 0.0)	(89.0, 0.0)	(90.0, 0.0)	(91.0, 0.0)	(92.0, 0.0)	(93.0, 0.3333333333333333)	(94.0, 0.3333333333333333)	(95.0, 0.0)	(96.0, 0.0)	(97.0, 0.0)	(98.0, 0.3333333333333333)	(99.0, 0.5833333333333333)	(100.0, 0.0)
Positive_Control_S89_L001_R1_001	(0.0, 0.0)	(1.0, 0.0)	(2.0, 0.0)	(3.0, 0.0)	(4.0, 0.0)	(5.0, 0.0)	(6.0, 0.0)	(7.0, 0.0)	(8.0, 0.0)	(9.0, 0.0)	(10.0, 0.0)	(11.0, 0.0)	(12.0, 0.0)	(13.0, 0.0)	(14.0, 0.0)	(15.0, 0.0)	(16.0, 0.0)	(17.0, 0.0)	(18.0, 0.0)	(19.0, 0.0)	(20.0, 0.0)	(21.0, 0.0)	(22.0, 0.0)	(23.0, 0.0)	(24.0, 0.0)	(25.0, 0.0)	(26.0, 0.0)	(27.0, 0.0)	(28.0, 0.0)	(29.0, 0.0)	(30.0, 0.0)	(31.0, 0.0)	(32.0, 0.0)	(33.0, 0.0)	(34.0, 0.0)	(35.0, 0.0)	(36.0, 0.0)	(37.0, 0.0)	(38.0, 0.0)	(39.0, 0.0)	(40.0, 0.0)	(41.0, 0.3333333333333333)	(42.0, 1.1666666666666665)	(43.0, 4.666666666666667)	(44.0, 6.833333333333333)	(45.0, 12.166666666666668)	(46.0, 37.33333333333332)	(47.0, 98.99999999999997)	(48.0, 235.8333333333338)	(49.0, 5126.666666666499)	(50.0, 13255.00000000609)	(51.0, 8357.249999997392)	(52.0, 4403.250000000452)	(53.0, 8608.749999997803)	(54.0, 6055.749999998994)	(55.0, 2701.3333333334367)	(56.0, 227.5833333333348)	(57.0, 83.08333333333331)	(58.0, 31.333333333333307)	(59.0, 16.16666666666667)	(60.0, 8.5)	(61.0, 3.666666666666667)	(62.0, 1.6666666666666665)	(63.0, 0.0)	(64.0, 0.0)	(65.0, 0.0)	(66.0, 0.0)	(67.0, 0.5)	(68.0, 1.0)	(69.0, 0.5)	(70.0, 0.0)	(71.0, 0.0)	(72.0, 0.0)	(73.0, 0.0)	(74.0, 0.0)	(75.0, 0.0)	(76.0, 0.0)	(77.0, 0.0)	(78.0, 0.0)	(79.0, 0.0)	(80.0, 0.0)	(81.0, 0.0)	(82.0, 0.0)	(83.0, 0.0)	(84.0, 0.0)	(85.0, 0.0)	(86.0, 0.0)	(87.0, 0.0)	(88.0, 0.0)	(89.0, 0.0)	(90.0, 0.0)	(91.0, 0.0)	(92.0, 0.0)	(93.0, 0.0)	(94.0, 0.0)	(95.0, 0.0)	(96.0, 0.0)	(97.0, 0.0)	(98.0, 0.0)	(99.0, 0.0)	(100.0, 0.0)
Positive_Control_S89_L001_R2_001	(0.0, 0.0)	(1.0, 0.0)	(2.0, 0.0)	(3.0, 0.0)	(4.0, 0.0)	(5.0, 0.0)	(6.0, 0.0)	(7.0, 0.0)	(8.0, 0.0)	(9.0, 0.0)	(10.0, 0.0)	(11.0, 0.0)	(12.0, 0.0)	(13.0, 0.0)	(14.0, 0.0)	(15.0, 0.0)	(16.0, 0.0)	(17.0, 0.0)	(18.0, 0.0)	(19.0, 0.0)	(20.0, 0.0)	(21.0, 0.0)	(22.0, 0.0)	(23.0, 0.0)	(24.0, 0.0)	(25.0, 0.0)	(26.0, 0.0)	(27.0, 0.0)	(28.0, 0.0)	(29.0, 0.0)	(30.0, 0.0)	(31.0, 0.0)	(32.0, 0.0)	(33.0, 0.0)	(34.0, 0.0)	(35.0, 0.0)	(36.0, 0.0)	(37.0, 0.5)	(38.0, 1.0)	(39.0, 1.25)	(40.0, 0.75)	(41.0, 0.75)	(42.0, 2.25)	(43.0, 3.5)	(44.0, 4.5)	(45.0, 9.25)	(46.0, 14.333333333333334)	(47.0, 26.999999999999986)	(48.0, 56.00000000000009)	(49.0, 448.49999999999244)	(50.0, 4815.166666666755)	(51.0, 4601.08333333362)	(52.0, 2231.9166666665633)	(53.0, 1889.1666666665271)	(54.0, 7175.49999999799)	(55.0, 5951.083333332441)	(56.0, 8848.333333331508)	(57.0, 4469.000000000413)	(58.0, 1252.6666666666686)	(59.0, 426.41666666666487)	(60.0, 314.08333333333354)	(61.0, 207.50000000000009)	(62.0, 115.91666666666664)	(63.0, 85.41666666666667)	(64.0, 63.83333333333334)	(65.0, 42.33333333333333)	(66.0, 31.749999999999996)	(67.0, 17.166666666666664)	(68.0, 11.5)	(69.0, 8.333333333333334)	(70.0, 5.333333333333333)	(71.0, 5.5)	(72.0, 3.3333333333333335)	(73.0, 0.8333333333333333)	(74.0, 0.5)	(75.0, 0.5)	(76.0, 1.0)	(77.0, 1.5)	(78.0, 1.0)	(79.0, 0.8333333333333333)	(80.0, 0.3333333333333333)	(81.0, 0.0)	(82.0, 0.0)	(83.0, 0.0)	(84.0, 0.0)	(85.0, 0.0)	(86.0, 0.0)	(87.0, 0.0)	(88.0, 0.0)	(89.0, 0.5)	(90.0, 0.5)	(91.0, 0.0)	(92.0, 0.0)	(93.0, 0.0)	(94.0, 0.25)	(95.0, 0.0)	(96.0, 0.5)	(97.0, 0.5)	(98.0, 0.0)	(99.0, 0.0)	(100.0, 0.0)
S5_defined_inocula_S87_L001_R1_001	(0.0, 0.0)	(1.0, 0.0)	(2.0, 0.0)	(3.0, 0.0)	(4.0, 0.0)	(5.0, 0.0)	(6.0, 0.0)	(7.0, 0.0)	(8.0, 0.0)	(9.0, 0.0)	(10.0, 0.0)	(11.0, 0.0)	(12.0, 0.0)	(13.0, 0.0)	(14.0, 0.0)	(15.0, 0.0)	(16.0, 0.0)	(17.0, 0.0)	(18.0, 0.0)	(19.0, 0.0)	(20.0, 0.0)	(21.0, 0.0)	(22.0, 0.0)	(23.0, 0.0)	(24.0, 0.0)	(25.0, 0.0)	(26.0, 0.0)	(27.0, 0.0)	(28.0, 0.0)	(29.0, 0.0)	(30.0, 0.0)	(31.0, 0.25)	(32.0, 0.0)	(33.0, 0.0)	(34.0, 0.0)	(35.0, 0.0)	(36.0, 0.3333333333333333)	(37.0, 0.3333333333333333)	(38.0, 0.0)	(39.0, 0.0)	(40.0, 0.0)	(41.0, 0.0)	(42.0, 1.3333333333333333)	(43.0, 6.833333333333333)	(44.0, 17.5)	(45.0, 29.33333333333333)	(46.0, 161.58333333333348)	(47.0, 1897.66666666652)	(48.0, 1811.8333333332102)	(49.0, 3764.0000000005643)	(50.0, 3748.416666667224)	(51.0, 3094.166666666937)	(52.0, 8472.916666664229)	(53.0, 17005.000000009604)	(54.0, 9111.749999998687)	(55.0, 1744.0833333332262)	(56.0, 612.2499999999991)	(57.0, 215.25000000000082)	(58.0, 450.08333333332644)	(59.0, 434.9999999999937)	(60.0, 66.41666666666677)	(61.0, 28.833333333333318)	(62.0, 71.83333333333341)	(63.0, 15.833333333333343)	(64.0, 6.999999999999999)	(65.0, 2.333333333333333)	(66.0, 0.8333333333333333)	(67.0, 0.0)	(68.0, 0.0)	(69.0, 0.0)	(70.0, 0.0)	(71.0, 0.0)	(72.0, 0.0)	(73.0, 0.0)	(74.0, 0.0)	(75.0, 0.0)	(76.0, 0.0)	(77.0, 0.0)	(78.0, 0.0)	(79.0, 0.0)	(80.0, 0.0)	(81.0, 0.0)	(82.0, 0.0)	(83.0, 0.0)	(84.0, 0.0)	(85.0, 0.0)	(86.0, 0.0)	(87.0, 0.0)	(88.0, 0.0)	(89.0, 0.0)	(90.0, 0.0)	(91.0, 0.0)	(92.0, 0.0)	(93.0, 0.0)	(94.0, 0.0)	(95.0, 0.0)	(96.0, 0.0)	(97.0, 0.0)	(98.0, 0.0)	(99.0, 0.0)	(100.0, 0.0)
S5_defined_inocula_S87_L001_R2_001	(0.0, 0.0)	(1.0, 0.0)	(2.0, 0.0)	(3.0, 0.0)	(4.0, 0.0)	(5.0, 0.0)	(6.0, 0.0)	(7.0, 0.0)	(8.0, 0.0)	(9.0, 0.0)	(10.0, 0.0)	(11.0, 0.0)	(12.0, 0.0)	(13.0, 0.0)	(14.0, 0.0)	(15.0, 0.0)	(16.0, 0.0)	(17.0, 0.0)	(18.0, 0.0)	(19.0, 0.0)	(20.0, 0.0)	(21.0, 0.0)	(22.0, 0.0)	(23.0, 0.0)	(24.0, 0.0)	(25.0, 0.0)	(26.0, 0.0)	(27.0, 0.0)	(28.0, 0.0)	(29.0, 0.0)	(30.0, 0.0)	(31.0, 0.5)	(32.0, 1.5)	(33.0, 1.0)	(34.0, 1.1666666666666665)	(35.0, 1.9999999999999998)	(36.0, 1.3333333333333333)	(37.0, 0.5)	(38.0, 0.5)	(39.0, 2.5)	(40.0, 5.333333333333333)	(41.0, 9.5)	(42.0, 11.166666666666668)	(43.0, 13.166666666666668)	(44.0, 25.16666666666665)	(45.0, 153.0)	(46.0, 1711.8333333332253)	(47.0, 436.833333333327)	(48.0, 1930.999999999846)	(49.0, 928.500000000032)	(50.0, 1272.4166666666583)	(51.0, 2362.416666666622)	(52.0, 4295.416666667225)	(53.0, 7789.666666664124)	(54.0, 7733.999999997535)	(55.0, 3066.083333333582)	(56.0, 8505.416666664283)	(57.0, 1905.2499999998681)	(58.0, 393.1666666666641)	(59.0, 254.83333333333417)	(60.0, 788.1666666666791)	(61.0, 829.4166666666831)	(62.0, 296.4166666666671)	(63.0, 227.416666666667)	(64.0, 385.08333333332996)	(65.0, 111.4999999999997)	(66.0, 38.33333333333332)	(67.0, 37.33333333333333)	(68.0, 32.5)	(69.0, 14.166666666666668)	(70.0, 10.833333333333334)	(71.0, 14.500000000000007)	(72.0, 57.33333333333346)	(73.0, 13.166666666666666)	(74.0, 4.833333333333333)	(75.0, 2.5)	(76.0, 1.0)	(77.0, 1.0)	(78.0, 2.0)	(79.0, 1.0)	(80.0, 0.25)	(81.0, 0.0)	(82.0, 0.0)	(83.0, 0.3333333333333333)	(84.0, 0.3333333333333333)	(85.0, 0.3333333333333333)	(86.0, 0.0)	(87.0, 0.0)	(88.0, 0.3333333333333333)	(89.0, 0.8333333333333333)	(90.0, 1.1666666666666665)	(91.0, 0.0)	(92.0, 0.3333333333333333)	(93.0, 0.0)	(94.0, 0.0)	(95.0, 0.0)	(96.0, 0.0)	(97.0, 0.0)	(98.0, 0.0)	(99.0, 0.0)	(100.0, 0.0)
