Sample	0	1	2	3	4	5	6	7	8	9	10	11	12	13	14	15	16	17	18	19	20	21	22	23	24	25	26	27	28	29	30	31	32	33	34	35	36	37	38	39	40	41	42	43	44	45	46	47	48	49	50
016R_R_F_NS6_week5_S1_L001_R1_001	(65, 1.0)	(70, 0.0)	(75, 2.0)	(80, 3.0)	(85, 5.0)	(90, 4.0)	(95, 10.0)	(100, 40.0)	(105, 31.0)	(110, 44.0)	(115, 42.0)	(120, 6.0)	(125, 17.0)	(130, 58.0)	(135, 20.0)	(140, 11.0)	(145, 25.0)	(150, 16.0)	(155, 15.0)	(160, 30.0)	(165, 47.0)	(170, 102.0)	(175, 64.0)	(180, 48.0)	(185, 18.0)	(190, 20.0)	(195, 18.0)	(200, 10.0)	(205, 62.0)	(210, 72.0)	(215, 33.0)	(220, 29.0)	(225, 37.0)	(230, 45.0)	(235, 40.0)	(240, 47.0)	(245, 125.0)	(250, 103.0)	(255, 78.0)	(260, 112.0)	(265, 329.0)	(270, 393.0)	(275, 1183.0)	(280, 61867.0)	(285, 895.0)	(290, 2.0)	(295, 1.0)	(300, 42.0)			
016R_R_F_NS6_week5_S1_L001_R2_001	(50, 20.0)	(55, 29.0)	(60, 21.0)	(65, 38.0)	(70, 34.0)	(75, 31.0)	(80, 23.0)	(85, 27.0)	(90, 29.0)	(95, 42.0)	(100, 38.0)	(105, 27.0)	(110, 27.0)	(115, 38.0)	(120, 49.0)	(125, 56.0)	(130, 78.0)	(135, 52.0)	(140, 72.0)	(145, 64.0)	(150, 79.0)	(155, 38.0)	(160, 93.0)	(165, 40.0)	(170, 63.0)	(175, 128.0)	(180, 106.0)	(185, 87.0)	(190, 137.0)	(195, 269.0)	(200, 313.0)	(205, 224.0)	(210, 373.0)	(215, 443.0)	(220, 394.0)	(225, 535.0)	(230, 456.0)	(235, 562.0)	(240, 298.0)	(245, 742.0)	(250, 460.0)	(255, 1203.0)	(260, 1719.0)	(265, 1469.0)	(270, 2946.0)	(275, 40018.0)	(280, 12177.0)	(285, 0.0)	(290, 7.0)	(295, 12.0)	(300, 16.0)
036R_0_M_NS1_S62_L001_R1_001	(50, 1.0)	(55, 0.0)	(60, 2.0)	(65, 0.0)	(70, 1.0)	(75, 1.0)	(80, 7.0)	(85, 2.0)	(90, 4.0)	(95, 17.0)	(100, 33.0)	(105, 58.0)	(110, 55.0)	(115, 35.0)	(120, 18.0)	(125, 12.0)	(130, 56.0)	(135, 30.0)	(140, 12.0)	(145, 35.0)	(150, 14.0)	(155, 21.0)	(160, 47.0)	(165, 42.0)	(170, 127.0)	(175, 61.0)	(180, 45.0)	(185, 20.0)	(190, 37.0)	(195, 18.0)	(200, 17.0)	(205, 58.0)	(210, 61.0)	(215, 42.0)	(220, 39.0)	(225, 56.0)	(230, 39.0)	(235, 43.0)	(240, 58.0)	(245, 152.0)	(250, 139.0)	(255, 114.0)	(260, 135.0)	(265, 335.0)	(270, 464.0)	(275, 1265.0)	(280, 66004.0)	(285, 975.0)	(290, 0.0)	(295, 2.0)	(300, 34.0)
036R_0_M_NS1_S62_L001_R2_001	(50, 55.0)	(55, 20.0)	(60, 33.0)	(65, 44.0)	(70, 40.0)	(75, 71.0)	(80, 46.0)	(85, 40.0)	(90, 34.0)	(95, 59.0)	(100, 52.0)	(105, 32.0)	(110, 27.0)	(115, 66.0)	(120, 73.0)	(125, 67.0)	(130, 86.0)	(135, 72.0)	(140, 108.0)	(145, 93.0)	(150, 112.0)	(155, 85.0)	(160, 135.0)	(165, 61.0)	(170, 114.0)	(175, 159.0)	(180, 183.0)	(185, 131.0)	(190, 194.0)	(195, 253.0)	(200, 356.0)	(205, 216.0)	(210, 393.0)	(215, 491.0)	(220, 443.0)	(225, 625.0)	(230, 529.0)	(235, 642.0)	(240, 400.0)	(245, 731.0)	(250, 499.0)	(255, 1251.0)	(260, 1898.0)	(265, 1492.0)	(270, 3066.0)	(275, 41840.0)	(280, 13356.0)	(285, 1.0)	(290, 8.0)	(295, 28.0)	(300, 33.0)
036R_0_M_NS1_week5_S41_L001_R1_001	(55, 1.0)	(60, 0.0)	(65, 0.0)	(70, 0.0)	(75, 3.0)	(80, 6.0)	(85, 6.0)	(90, 3.0)	(95, 23.0)	(100, 32.0)	(105, 37.0)	(110, 65.0)	(115, 39.0)	(120, 13.0)	(125, 19.0)	(130, 67.0)	(135, 26.0)	(140, 13.0)	(145, 25.0)	(150, 11.0)	(155, 23.0)	(160, 38.0)	(165, 35.0)	(170, 116.0)	(175, 60.0)	(180, 54.0)	(185, 16.0)	(190, 19.0)	(195, 22.0)	(200, 14.0)	(205, 77.0)	(210, 76.0)	(215, 45.0)	(220, 29.0)	(225, 50.0)	(230, 41.0)	(235, 44.0)	(240, 40.0)	(245, 158.0)	(250, 127.0)	(255, 103.0)	(260, 123.0)	(265, 311.0)	(270, 483.0)	(275, 1307.0)	(280, 70004.0)	(285, 1192.0)	(290, 3.0)	(295, 3.0)	(300, 41.0)	
036R_0_M_NS1_week5_S41_L001_R2_001	(50, 35.0)	(55, 24.0)	(60, 34.0)	(65, 35.0)	(70, 32.0)	(75, 65.0)	(80, 25.0)	(85, 38.0)	(90, 23.0)	(95, 41.0)	(100, 37.0)	(105, 27.0)	(110, 26.0)	(115, 42.0)	(120, 58.0)	(125, 36.0)	(130, 71.0)	(135, 51.0)	(140, 62.0)	(145, 50.0)	(150, 83.0)	(155, 70.0)	(160, 90.0)	(165, 62.0)	(170, 98.0)	(175, 187.0)	(180, 140.0)	(185, 122.0)	(190, 157.0)	(195, 262.0)	(200, 349.0)	(205, 247.0)	(210, 408.0)	(215, 482.0)	(220, 414.0)	(225, 512.0)	(230, 533.0)	(235, 560.0)	(240, 354.0)	(245, 795.0)	(250, 467.0)	(255, 1329.0)	(260, 1937.0)	(265, 1600.0)	(270, 3229.0)	(275, 45863.0)	(280, 13844.0)	(285, 0.0)	(290, 3.0)	(295, 9.0)	(300, 25.0)
036R_L_M_NS1_S63_L001_R1_001	(50, 2.0)	(55, 0.0)	(60, 2.0)	(65, 2.0)	(70, 1.0)	(75, 1.0)	(80, 8.0)	(85, 1.0)	(90, 4.0)	(95, 18.0)	(100, 44.0)	(105, 38.0)	(110, 41.0)	(115, 39.0)	(120, 9.0)	(125, 7.0)	(130, 49.0)	(135, 14.0)	(140, 11.0)	(145, 23.0)	(150, 8.0)	(155, 11.0)	(160, 28.0)	(165, 38.0)	(170, 129.0)	(175, 47.0)	(180, 47.0)	(185, 20.0)	(190, 19.0)	(195, 28.0)	(200, 16.0)	(205, 68.0)	(210, 62.0)	(215, 39.0)	(220, 29.0)	(225, 48.0)	(230, 36.0)	(235, 45.0)	(240, 52.0)	(245, 230.0)	(250, 154.0)	(255, 131.0)	(260, 136.0)	(265, 367.0)	(270, 551.0)	(275, 1391.0)	(280, 60712.0)	(285, 864.0)	(290, 3.0)	(295, 7.0)	(300, 28.0)
036R_L_M_NS1_S63_L001_R2_001	(50, 49.0)	(55, 35.0)	(60, 52.0)	(65, 49.0)	(70, 40.0)	(75, 72.0)	(80, 34.0)	(85, 29.0)	(90, 31.0)	(95, 50.0)	(100, 56.0)	(105, 39.0)	(110, 22.0)	(115, 53.0)	(120, 75.0)	(125, 71.0)	(130, 90.0)	(135, 47.0)	(140, 103.0)	(145, 84.0)	(150, 93.0)	(155, 70.0)	(160, 146.0)	(165, 49.0)	(170, 104.0)	(175, 144.0)	(180, 178.0)	(185, 152.0)	(190, 191.0)	(195, 315.0)	(200, 423.0)	(205, 263.0)	(210, 470.0)	(215, 549.0)	(220, 464.0)	(225, 554.0)	(230, 503.0)	(235, 683.0)	(240, 444.0)	(245, 837.0)	(250, 520.0)	(255, 1447.0)	(260, 2118.0)	(265, 1554.0)	(270, 3070.0)	(275, 37399.0)	(280, 11777.0)	(285, 1.0)	(290, 9.0)	(295, 19.0)	(300, 31.0)
036R_L_M_NS1_week5_S42_L001_R1_001	(70, 1.0)	(75, 6.0)	(80, 4.0)	(85, 2.0)	(90, 1.0)	(95, 10.0)	(100, 30.0)	(105, 46.0)	(110, 40.0)	(115, 37.0)	(120, 8.0)	(125, 18.0)	(130, 65.0)	(135, 19.0)	(140, 15.0)	(145, 37.0)	(150, 15.0)	(155, 28.0)	(160, 27.0)	(165, 48.0)	(170, 117.0)	(175, 49.0)	(180, 49.0)	(185, 20.0)	(190, 20.0)	(195, 21.0)	(200, 14.0)	(205, 53.0)	(210, 41.0)	(215, 45.0)	(220, 42.0)	(225, 39.0)	(230, 34.0)	(235, 39.0)	(240, 48.0)	(245, 200.0)	(250, 124.0)	(255, 107.0)	(260, 119.0)	(265, 323.0)	(270, 499.0)	(275, 1285.0)	(280, 73226.0)	(285, 1127.0)	(290, 4.0)	(295, 3.0)	(300, 33.0)				
036R_L_M_NS1_week5_S42_L001_R2_001	(50, 34.0)	(55, 26.0)	(60, 33.0)	(65, 39.0)	(70, 31.0)	(75, 41.0)	(80, 27.0)	(85, 27.0)	(90, 29.0)	(95, 49.0)	(100, 50.0)	(105, 40.0)	(110, 29.0)	(115, 48.0)	(120, 48.0)	(125, 75.0)	(130, 80.0)	(135, 41.0)	(140, 80.0)	(145, 78.0)	(150, 85.0)	(155, 67.0)	(160, 120.0)	(165, 63.0)	(170, 95.0)	(175, 142.0)	(180, 148.0)	(185, 116.0)	(190, 175.0)	(195, 270.0)	(200, 348.0)	(205, 242.0)	(210, 392.0)	(215, 480.0)	(220, 424.0)	(225, 581.0)	(230, 544.0)	(235, 611.0)	(240, 391.0)	(245, 816.0)	(250, 523.0)	(255, 1494.0)	(260, 2200.0)	(265, 1828.0)	(270, 3576.0)	(275, 47711.0)	(280, 13754.0)	(285, 0.0)	(290, 4.0)	(295, 12.0)	(300, 21.0)
036R_NS1_week18_S34_L001_R1_001	(55, 1.0)	(60, 1.0)	(65, 0.0)	(70, 0.0)	(75, 1.0)	(80, 3.0)	(85, 3.0)	(90, 2.0)	(95, 14.0)	(100, 21.0)	(105, 44.0)	(110, 46.0)	(115, 23.0)	(120, 5.0)	(125, 10.0)	(130, 40.0)	(135, 29.0)	(140, 9.0)	(145, 27.0)	(150, 7.0)	(155, 19.0)	(160, 29.0)	(165, 28.0)	(170, 104.0)	(175, 79.0)	(180, 29.0)	(185, 7.0)	(190, 12.0)	(195, 17.0)	(200, 6.0)	(205, 44.0)	(210, 40.0)	(215, 36.0)	(220, 20.0)	(225, 59.0)	(230, 25.0)	(235, 32.0)	(240, 29.0)	(245, 129.0)	(250, 90.0)	(255, 105.0)	(260, 119.0)	(265, 243.0)	(270, 329.0)	(275, 967.0)	(280, 82187.0)	(285, 1048.0)	(290, 2.0)	(295, 0.0)	(300, 42.0)	
036R_NS1_week18_S34_L001_R2_001	(50, 34.0)	(55, 20.0)	(60, 21.0)	(65, 34.0)	(70, 28.0)	(75, 37.0)	(80, 14.0)	(85, 25.0)	(90, 24.0)	(95, 30.0)	(100, 31.0)	(105, 34.0)	(110, 20.0)	(115, 30.0)	(120, 47.0)	(125, 38.0)	(130, 47.0)	(135, 42.0)	(140, 60.0)	(145, 52.0)	(150, 70.0)	(155, 56.0)	(160, 91.0)	(165, 40.0)	(170, 69.0)	(175, 138.0)	(180, 102.0)	(185, 90.0)	(190, 156.0)	(195, 212.0)	(200, 292.0)	(205, 189.0)	(210, 329.0)	(215, 391.0)	(220, 381.0)	(225, 651.0)	(230, 543.0)	(235, 637.0)	(240, 366.0)	(245, 753.0)	(250, 606.0)	(255, 1451.0)	(260, 2043.0)	(265, 1771.0)	(270, 3838.0)	(275, 52772.0)	(280, 17413.0)	(285, 1.0)	(290, 12.0)	(295, 15.0)	(300, 16.0)
036R_RL_M_NS1_S64_L001_R1_001	(60, 1.0)	(65, 1.0)	(70, 0.0)	(75, 0.0)	(80, 4.0)	(85, 1.0)	(90, 1.0)	(95, 17.0)	(100, 36.0)	(105, 24.0)	(110, 49.0)	(115, 38.0)	(120, 8.0)	(125, 10.0)	(130, 38.0)	(135, 11.0)	(140, 13.0)	(145, 24.0)	(150, 8.0)	(155, 15.0)	(160, 31.0)	(165, 20.0)	(170, 96.0)	(175, 58.0)	(180, 31.0)	(185, 19.0)	(190, 10.0)	(195, 23.0)	(200, 14.0)	(205, 51.0)	(210, 33.0)	(215, 40.0)	(220, 13.0)	(225, 37.0)	(230, 36.0)	(235, 41.0)	(240, 51.0)	(245, 175.0)	(250, 143.0)	(255, 89.0)	(260, 115.0)	(265, 312.0)	(270, 496.0)	(275, 1138.0)	(280, 51835.0)	(285, 1029.0)	(290, 0.0)	(295, 6.0)	(300, 44.0)		
036R_RL_M_NS1_S64_L001_R2_001	(50, 38.0)	(55, 35.0)	(60, 35.0)	(65, 40.0)	(70, 32.0)	(75, 52.0)	(80, 47.0)	(85, 30.0)	(90, 23.0)	(95, 42.0)	(100, 30.0)	(105, 29.0)	(110, 21.0)	(115, 40.0)	(120, 63.0)	(125, 58.0)	(130, 81.0)	(135, 54.0)	(140, 80.0)	(145, 71.0)	(150, 89.0)	(155, 66.0)	(160, 108.0)	(165, 50.0)	(170, 82.0)	(175, 161.0)	(180, 162.0)	(185, 138.0)	(190, 189.0)	(195, 268.0)	(200, 381.0)	(205, 208.0)	(210, 381.0)	(215, 552.0)	(220, 440.0)	(225, 486.0)	(230, 474.0)	(235, 575.0)	(240, 350.0)	(245, 791.0)	(250, 490.0)	(255, 1359.0)	(260, 1783.0)	(265, 1380.0)	(270, 2547.0)	(275, 31570.0)	(280, 10261.0)	(285, 1.0)	(290, 6.0)	(295, 11.0)	(300, 25.0)
036R_RL_M_NS1_week5_S43_L001_R1_001	(50, 1.0)	(55, 2.0)	(60, 0.0)	(65, 2.0)	(70, 1.0)	(75, 2.0)	(80, 11.0)	(85, 3.0)	(90, 7.0)	(95, 23.0)	(100, 50.0)	(105, 35.0)	(110, 79.0)	(115, 38.0)	(120, 12.0)	(125, 22.0)	(130, 86.0)	(135, 24.0)	(140, 17.0)	(145, 31.0)	(150, 16.0)	(155, 34.0)	(160, 37.0)	(165, 49.0)	(170, 113.0)	(175, 74.0)	(180, 51.0)	(185, 28.0)	(190, 24.0)	(195, 25.0)	(200, 11.0)	(205, 87.0)	(210, 81.0)	(215, 46.0)	(220, 33.0)	(225, 55.0)	(230, 46.0)	(235, 52.0)	(240, 56.0)	(245, 214.0)	(250, 160.0)	(255, 149.0)	(260, 150.0)	(265, 410.0)	(270, 605.0)	(275, 1570.0)	(280, 80633.0)	(285, 1426.0)	(290, 3.0)	(295, 2.0)	(300, 65.0)
036R_RL_M_NS1_week5_S43_L001_R2_001	(50, 61.0)	(55, 37.0)	(60, 40.0)	(65, 54.0)	(70, 44.0)	(75, 81.0)	(80, 53.0)	(85, 28.0)	(90, 34.0)	(95, 61.0)	(100, 39.0)	(105, 49.0)	(110, 28.0)	(115, 49.0)	(120, 82.0)	(125, 72.0)	(130, 100.0)	(135, 70.0)	(140, 115.0)	(145, 90.0)	(150, 99.0)	(155, 91.0)	(160, 136.0)	(165, 61.0)	(170, 136.0)	(175, 232.0)	(180, 200.0)	(185, 165.0)	(190, 256.0)	(195, 434.0)	(200, 609.0)	(205, 377.0)	(210, 685.0)	(215, 733.0)	(220, 675.0)	(225, 900.0)	(230, 871.0)	(235, 849.0)	(240, 515.0)	(245, 1360.0)	(250, 815.0)	(255, 2346.0)	(260, 2868.0)	(265, 2213.0)	(270, 4154.0)	(275, 49333.0)	(280, 14394.0)	(285, 3.0)	(290, 6.0)	(295, 14.0)	(300, 34.0)
036R_RR_M_NS1_S65_L001_R1_001	(50, 1.0)	(55, 1.0)	(60, 0.0)	(65, 0.0)	(70, 0.0)	(75, 4.0)	(80, 5.0)	(85, 7.0)	(90, 1.0)	(95, 25.0)	(100, 49.0)	(105, 43.0)	(110, 74.0)	(115, 45.0)	(120, 14.0)	(125, 18.0)	(130, 47.0)	(135, 23.0)	(140, 7.0)	(145, 33.0)	(150, 16.0)	(155, 11.0)	(160, 34.0)	(165, 35.0)	(170, 131.0)	(175, 67.0)	(180, 55.0)	(185, 26.0)	(190, 31.0)	(195, 45.0)	(200, 20.0)	(205, 69.0)	(210, 76.0)	(215, 48.0)	(220, 42.0)	(225, 54.0)	(230, 50.0)	(235, 51.0)	(240, 76.0)	(245, 242.0)	(250, 184.0)	(255, 160.0)	(260, 152.0)	(265, 437.0)	(270, 616.0)	(275, 1637.0)	(280, 77815.0)	(285, 1183.0)	(290, 0.0)	(295, 1.0)	(300, 42.0)
036R_RR_M_NS1_S65_L001_R2_001	(50, 35.0)	(55, 20.0)	(60, 36.0)	(65, 38.0)	(70, 44.0)	(75, 45.0)	(80, 29.0)	(85, 36.0)	(90, 24.0)	(95, 44.0)	(100, 27.0)	(105, 40.0)	(110, 28.0)	(115, 50.0)	(120, 57.0)	(125, 55.0)	(130, 79.0)	(135, 50.0)	(140, 78.0)	(145, 56.0)	(150, 70.0)	(155, 71.0)	(160, 88.0)	(165, 57.0)	(170, 120.0)	(175, 175.0)	(180, 150.0)	(185, 151.0)	(190, 233.0)	(195, 275.0)	(200, 431.0)	(205, 320.0)	(210, 485.0)	(215, 573.0)	(220, 522.0)	(225, 619.0)	(230, 617.0)	(235, 673.0)	(240, 447.0)	(245, 898.0)	(250, 505.0)	(255, 1802.0)	(260, 2491.0)	(265, 1914.0)	(270, 3647.0)	(275, 50384.0)	(280, 15174.0)	(285, 2.0)	(290, 5.0)	(295, 14.0)	(300, 19.0)
036R_RR_M_NS1_week5_S44_L001_R1_001	(55, 1.0)	(60, 6.0)	(65, 0.0)	(70, 1.0)	(75, 4.0)	(80, 14.0)	(85, 7.0)	(90, 8.0)	(95, 31.0)	(100, 56.0)	(105, 67.0)	(110, 94.0)	(115, 63.0)	(120, 20.0)	(125, 25.0)	(130, 117.0)	(135, 25.0)	(140, 21.0)	(145, 46.0)	(150, 15.0)	(155, 35.0)	(160, 53.0)	(165, 53.0)	(170, 150.0)	(175, 79.0)	(180, 41.0)	(185, 26.0)	(190, 28.0)	(195, 34.0)	(200, 24.0)	(205, 101.0)	(210, 65.0)	(215, 71.0)	(220, 38.0)	(225, 52.0)	(230, 61.0)	(235, 56.0)	(240, 84.0)	(245, 317.0)	(250, 191.0)	(255, 168.0)	(260, 197.0)	(265, 545.0)	(270, 839.0)	(275, 2143.0)	(280, 96449.0)	(285, 1666.0)	(290, 2.0)	(295, 11.0)	(300, 52.0)	
036R_RR_M_NS1_week5_S44_L001_R2_001	(50, 46.0)	(55, 43.0)	(60, 47.0)	(65, 44.0)	(70, 40.0)	(75, 70.0)	(80, 45.0)	(85, 31.0)	(90, 27.0)	(95, 65.0)	(100, 48.0)	(105, 54.0)	(110, 47.0)	(115, 58.0)	(120, 71.0)	(125, 64.0)	(130, 109.0)	(135, 50.0)	(140, 108.0)	(145, 82.0)	(150, 105.0)	(155, 88.0)	(160, 148.0)	(165, 65.0)	(170, 127.0)	(175, 213.0)	(180, 191.0)	(185, 147.0)	(190, 213.0)	(195, 404.0)	(200, 555.0)	(205, 343.0)	(210, 557.0)	(215, 692.0)	(220, 622.0)	(225, 678.0)	(230, 674.0)	(235, 788.0)	(240, 551.0)	(245, 986.0)	(250, 719.0)	(255, 1939.0)	(260, 2984.0)	(265, 2340.0)	(270, 4627.0)	(275, 64388.0)	(280, 17908.0)	(285, 3.0)	(290, 6.0)	(295, 14.0)	(300, 28.0)
1030R_RR_M_NS1_week5_S45_L001_R1_001	(50, 1.0)	(55, 0.0)	(60, 13.0)	(65, 2.0)	(70, 0.0)	(75, 5.0)	(80, 1.0)	(85, 4.0)	(90, 2.0)	(95, 18.0)	(100, 44.0)	(105, 47.0)	(110, 80.0)	(115, 43.0)	(120, 9.0)	(125, 19.0)	(130, 80.0)	(135, 31.0)	(140, 22.0)	(145, 31.0)	(150, 17.0)	(155, 35.0)	(160, 33.0)	(165, 48.0)	(170, 146.0)	(175, 83.0)	(180, 57.0)	(185, 18.0)	(190, 20.0)	(195, 33.0)	(200, 23.0)	(205, 97.0)	(210, 89.0)	(215, 71.0)	(220, 33.0)	(225, 63.0)	(230, 72.0)	(235, 46.0)	(240, 75.0)	(245, 260.0)	(250, 216.0)	(255, 167.0)	(260, 169.0)	(265, 477.0)	(270, 735.0)	(275, 1895.0)	(280, 89837.0)	(285, 1430.0)	(290, 1.0)	(295, 3.0)	(300, 36.0)
1030R_RR_M_NS1_week5_S45_L001_R2_001	(50, 43.0)	(55, 42.0)	(60, 42.0)	(65, 47.0)	(70, 57.0)	(75, 62.0)	(80, 40.0)	(85, 26.0)	(90, 37.0)	(95, 57.0)	(100, 51.0)	(105, 60.0)	(110, 29.0)	(115, 53.0)	(120, 75.0)	(125, 70.0)	(130, 99.0)	(135, 67.0)	(140, 102.0)	(145, 80.0)	(150, 121.0)	(155, 80.0)	(160, 120.0)	(165, 67.0)	(170, 129.0)	(175, 206.0)	(180, 191.0)	(185, 161.0)	(190, 245.0)	(195, 391.0)	(200, 514.0)	(205, 343.0)	(210, 543.0)	(215, 641.0)	(220, 590.0)	(225, 647.0)	(230, 628.0)	(235, 810.0)	(240, 556.0)	(245, 935.0)	(250, 662.0)	(255, 1772.0)	(260, 2790.0)	(265, 2165.0)	(270, 4263.0)	(275, 58764.0)	(280, 17220.0)	(285, 0.0)	(290, 5.0)	(295, 13.0)	(300, 26.0)
1030R_RR_M_NS1_week9_S66_L001_R1_001	(50, 1.0)	(55, 1.0)	(60, 1.0)	(65, 0.0)	(70, 1.0)	(75, 3.0)	(80, 5.0)	(85, 1.0)	(90, 1.0)	(95, 15.0)	(100, 38.0)	(105, 45.0)	(110, 66.0)	(115, 39.0)	(120, 14.0)	(125, 19.0)	(130, 51.0)	(135, 17.0)	(140, 10.0)	(145, 26.0)	(150, 10.0)	(155, 21.0)	(160, 29.0)	(165, 35.0)	(170, 111.0)	(175, 53.0)	(180, 63.0)	(185, 16.0)	(190, 28.0)	(195, 27.0)	(200, 15.0)	(205, 71.0)	(210, 50.0)	(215, 50.0)	(220, 32.0)	(225, 57.0)	(230, 41.0)	(235, 45.0)	(240, 61.0)	(245, 233.0)	(250, 160.0)	(255, 144.0)	(260, 146.0)	(265, 421.0)	(270, 641.0)	(275, 1609.0)	(280, 67266.0)	(285, 920.0)	(290, 2.0)	(295, 6.0)	(300, 42.0)
1030R_RR_M_NS1_week9_S66_L001_R2_001	(50, 32.0)	(55, 23.0)	(60, 24.0)	(65, 26.0)	(70, 30.0)	(75, 45.0)	(80, 24.0)	(85, 27.0)	(90, 26.0)	(95, 47.0)	(100, 37.0)	(105, 27.0)	(110, 18.0)	(115, 35.0)	(120, 58.0)	(125, 41.0)	(130, 72.0)	(135, 48.0)	(140, 68.0)	(145, 56.0)	(150, 75.0)	(155, 88.0)	(160, 92.0)	(165, 52.0)	(170, 81.0)	(175, 157.0)	(180, 144.0)	(185, 111.0)	(190, 171.0)	(195, 300.0)	(200, 421.0)	(205, 273.0)	(210, 416.0)	(215, 573.0)	(220, 492.0)	(225, 503.0)	(230, 586.0)	(235, 667.0)	(240, 429.0)	(245, 915.0)	(250, 535.0)	(255, 1661.0)	(260, 2359.0)	(265, 1756.0)	(270, 3362.0)	(275, 43313.0)	(280, 12439.0)	(285, 0.0)	(290, 5.0)	(295, 5.0)	(300, 14.0)
1060R_L_M_S5_week5_S12_L001_R1_001	(55, 1.0)	(60, 4.0)	(65, 1.0)	(70, 1.0)	(75, 4.0)	(80, 9.0)	(85, 2.0)	(90, 3.0)	(95, 31.0)	(100, 57.0)	(105, 46.0)	(110, 83.0)	(115, 73.0)	(120, 14.0)	(125, 13.0)	(130, 94.0)	(135, 30.0)	(140, 11.0)	(145, 34.0)	(150, 20.0)	(155, 27.0)	(160, 41.0)	(165, 44.0)	(170, 139.0)	(175, 66.0)	(180, 78.0)	(185, 21.0)	(190, 24.0)	(195, 33.0)	(200, 27.0)	(205, 92.0)	(210, 81.0)	(215, 80.0)	(220, 35.0)	(225, 64.0)	(230, 70.0)	(235, 37.0)	(240, 75.0)	(245, 381.0)	(250, 274.0)	(255, 166.0)	(260, 213.0)	(265, 647.0)	(270, 1060.0)	(275, 2470.0)	(280, 64995.0)	(285, 937.0)	(290, 3.0)	(295, 3.0)	(300, 34.0)	
1060R_L_M_S5_week5_S12_L001_R2_001	(50, 20.0)	(55, 28.0)	(60, 38.0)	(65, 28.0)	(70, 26.0)	(75, 53.0)	(80, 35.0)	(85, 17.0)	(90, 21.0)	(95, 38.0)	(100, 27.0)	(105, 25.0)	(110, 21.0)	(115, 31.0)	(120, 58.0)	(125, 58.0)	(130, 80.0)	(135, 62.0)	(140, 67.0)	(145, 56.0)	(150, 90.0)	(155, 100.0)	(160, 108.0)	(165, 54.0)	(170, 107.0)	(175, 184.0)	(180, 183.0)	(185, 138.0)	(190, 216.0)	(195, 361.0)	(200, 670.0)	(205, 372.0)	(210, 542.0)	(215, 717.0)	(220, 594.0)	(225, 582.0)	(230, 567.0)	(235, 788.0)	(240, 528.0)	(245, 946.0)	(250, 544.0)	(255, 1835.0)	(260, 2770.0)	(265, 1902.0)	(270, 3332.0)	(275, 42215.0)	(280, 11484.0)	(285, 0.0)	(290, 1.0)	(295, 11.0)	(300, 18.0)
1075R_0_M_NS6_week5_S2_L001_R1_001	(50, 1.0)	(55, 1.0)	(60, 0.0)	(65, 0.0)	(70, 0.0)	(75, 1.0)	(80, 1.0)	(85, 0.0)	(90, 4.0)	(95, 7.0)	(100, 20.0)	(105, 35.0)	(110, 48.0)	(115, 28.0)	(120, 11.0)	(125, 6.0)	(130, 29.0)	(135, 15.0)	(140, 12.0)	(145, 30.0)	(150, 9.0)	(155, 16.0)	(160, 29.0)	(165, 19.0)	(170, 85.0)	(175, 33.0)	(180, 33.0)	(185, 17.0)	(190, 20.0)	(195, 14.0)	(200, 12.0)	(205, 43.0)	(210, 45.0)	(215, 47.0)	(220, 36.0)	(225, 29.0)	(230, 31.0)	(235, 36.0)	(240, 40.0)	(245, 85.0)	(250, 85.0)	(255, 80.0)	(260, 105.0)	(265, 254.0)	(270, 362.0)	(275, 1058.0)	(280, 54881.0)	(285, 775.0)	(290, 1.0)	(295, 1.0)	(300, 22.0)
1075R_0_M_NS6_week5_S2_L001_R2_001	(50, 20.0)	(55, 33.0)	(60, 21.0)	(65, 35.0)	(70, 22.0)	(75, 34.0)	(80, 25.0)	(85, 31.0)	(90, 24.0)	(95, 45.0)	(100, 26.0)	(105, 19.0)	(110, 15.0)	(115, 35.0)	(120, 50.0)	(125, 38.0)	(130, 70.0)	(135, 34.0)	(140, 50.0)	(145, 45.0)	(150, 62.0)	(155, 67.0)	(160, 75.0)	(165, 29.0)	(170, 91.0)	(175, 132.0)	(180, 95.0)	(185, 77.0)	(190, 105.0)	(195, 218.0)	(200, 298.0)	(205, 176.0)	(210, 305.0)	(215, 383.0)	(220, 353.0)	(225, 556.0)	(230, 427.0)	(235, 452.0)	(240, 298.0)	(245, 714.0)	(250, 425.0)	(255, 1260.0)	(260, 1650.0)	(265, 1403.0)	(270, 2636.0)	(275, 35480.0)	(280, 10090.0)	(285, 0.0)	(290, 6.0)	(295, 4.0)	(300, 13.0)
1075R_RL_M_NS6_week5_S3_L001_R1_001	(75, 1.0)	(80, 7.0)	(85, 3.0)	(90, 2.0)	(95, 28.0)	(100, 41.0)	(105, 40.0)	(110, 51.0)	(115, 44.0)	(120, 5.0)	(125, 12.0)	(130, 43.0)	(135, 17.0)	(140, 10.0)	(145, 24.0)	(150, 6.0)	(155, 16.0)	(160, 21.0)	(165, 32.0)	(170, 89.0)	(175, 74.0)	(180, 31.0)	(185, 24.0)	(190, 26.0)	(195, 16.0)	(200, 10.0)	(205, 53.0)	(210, 64.0)	(215, 40.0)	(220, 23.0)	(225, 37.0)	(230, 16.0)	(235, 37.0)	(240, 57.0)	(245, 123.0)	(250, 122.0)	(255, 82.0)	(260, 103.0)	(265, 359.0)	(270, 447.0)	(275, 1284.0)	(280, 68368.0)	(285, 1092.0)	(290, 1.0)	(295, 9.0)	(300, 67.0)					
1075R_RL_M_NS6_week5_S3_L001_R2_001	(50, 37.0)	(55, 26.0)	(60, 27.0)	(65, 26.0)	(70, 37.0)	(75, 67.0)	(80, 31.0)	(85, 29.0)	(90, 37.0)	(95, 53.0)	(100, 45.0)	(105, 24.0)	(110, 22.0)	(115, 33.0)	(120, 62.0)	(125, 51.0)	(130, 89.0)	(135, 50.0)	(140, 82.0)	(145, 70.0)	(150, 83.0)	(155, 70.0)	(160, 96.0)	(165, 41.0)	(170, 86.0)	(175, 153.0)	(180, 125.0)	(185, 86.0)	(190, 141.0)	(195, 284.0)	(200, 336.0)	(205, 207.0)	(210, 353.0)	(215, 422.0)	(220, 425.0)	(225, 529.0)	(230, 516.0)	(235, 624.0)	(240, 311.0)	(245, 700.0)	(250, 495.0)	(255, 1259.0)	(260, 1936.0)	(265, 1679.0)	(270, 3278.0)	(275, 44564.0)	(280, 13315.0)	(285, 0.0)	(290, 9.0)	(295, 15.0)	(300, 21.0)
1076R_0_M_S5_week5_S13_L001_R1_001	(50, 1.0)	(55, 2.0)	(60, 11.0)	(65, 0.0)	(70, 2.0)	(75, 3.0)	(80, 12.0)	(85, 7.0)	(90, 4.0)	(95, 39.0)	(100, 47.0)	(105, 46.0)	(110, 87.0)	(115, 70.0)	(120, 16.0)	(125, 25.0)	(130, 84.0)	(135, 31.0)	(140, 14.0)	(145, 30.0)	(150, 12.0)	(155, 37.0)	(160, 44.0)	(165, 50.0)	(170, 130.0)	(175, 80.0)	(180, 61.0)	(185, 26.0)	(190, 28.0)	(195, 27.0)	(200, 30.0)	(205, 84.0)	(210, 87.0)	(215, 74.0)	(220, 41.0)	(225, 78.0)	(230, 63.0)	(235, 57.0)	(240, 93.0)	(245, 288.0)	(250, 215.0)	(255, 164.0)	(260, 180.0)	(265, 490.0)	(270, 748.0)	(275, 2036.0)	(280, 71318.0)	(285, 945.0)	(290, 1.0)	(295, 3.0)	(300, 16.0)
1076R_0_M_S5_week5_S13_L001_R2_001	(50, 38.0)	(55, 29.0)	(60, 26.0)	(65, 21.0)	(70, 44.0)	(75, 49.0)	(80, 37.0)	(85, 26.0)	(90, 31.0)	(95, 48.0)	(100, 41.0)	(105, 28.0)	(110, 23.0)	(115, 30.0)	(120, 67.0)	(125, 45.0)	(130, 86.0)	(135, 59.0)	(140, 80.0)	(145, 77.0)	(150, 71.0)	(155, 69.0)	(160, 132.0)	(165, 62.0)	(170, 108.0)	(175, 198.0)	(180, 169.0)	(185, 141.0)	(190, 204.0)	(195, 362.0)	(200, 538.0)	(205, 357.0)	(210, 471.0)	(215, 652.0)	(220, 576.0)	(225, 702.0)	(230, 664.0)	(235, 786.0)	(240, 515.0)	(245, 935.0)	(250, 531.0)	(255, 1704.0)	(260, 2726.0)	(265, 2020.0)	(270, 3694.0)	(275, 45654.0)	(280, 13090.0)	(285, 1.0)	(290, 3.0)	(295, 5.0)	(300, 12.0)
1121R_L_M_NS1_week5_S46_L001_R1_001	(60, 2.0)	(65, 0.0)	(70, 0.0)	(75, 6.0)	(80, 10.0)	(85, 4.0)	(90, 4.0)	(95, 17.0)	(100, 67.0)	(105, 59.0)	(110, 113.0)	(115, 65.0)	(120, 13.0)	(125, 22.0)	(130, 87.0)	(135, 23.0)	(140, 19.0)	(145, 28.0)	(150, 10.0)	(155, 33.0)	(160, 32.0)	(165, 53.0)	(170, 165.0)	(175, 93.0)	(180, 63.0)	(185, 25.0)	(190, 28.0)	(195, 48.0)	(200, 22.0)	(205, 102.0)	(210, 69.0)	(215, 64.0)	(220, 34.0)	(225, 41.0)	(230, 53.0)	(235, 56.0)	(240, 68.0)	(245, 352.0)	(250, 178.0)	(255, 155.0)	(260, 196.0)	(265, 593.0)	(270, 888.0)	(275, 2217.0)	(280, 82179.0)	(285, 1417.0)	(290, 1.0)	(295, 3.0)	(300, 43.0)		
1121R_L_M_NS1_week5_S46_L001_R2_001	(50, 49.0)	(55, 25.0)	(60, 45.0)	(65, 46.0)	(70, 39.0)	(75, 59.0)	(80, 38.0)	(85, 39.0)	(90, 33.0)	(95, 53.0)	(100, 48.0)	(105, 37.0)	(110, 30.0)	(115, 38.0)	(120, 81.0)	(125, 92.0)	(130, 95.0)	(135, 53.0)	(140, 84.0)	(145, 74.0)	(150, 103.0)	(155, 89.0)	(160, 144.0)	(165, 77.0)	(170, 107.0)	(175, 212.0)	(180, 191.0)	(185, 179.0)	(190, 220.0)	(195, 341.0)	(200, 544.0)	(205, 355.0)	(210, 568.0)	(215, 684.0)	(220, 672.0)	(225, 670.0)	(230, 581.0)	(235, 780.0)	(240, 574.0)	(245, 1063.0)	(250, 596.0)	(255, 1695.0)	(260, 2686.0)	(265, 2142.0)	(270, 4117.0)	(275, 54086.0)	(280, 15241.0)	(285, 0.0)	(290, 5.0)	(295, 14.0)	(300, 26.0)
1121R_L_M_NS1_week9_S67_L001_R1_001	(65, 1.0)	(70, 0.0)	(75, 1.0)	(80, 3.0)	(85, 3.0)	(90, 1.0)	(95, 27.0)	(100, 59.0)	(105, 39.0)	(110, 72.0)	(115, 58.0)	(120, 10.0)	(125, 19.0)	(130, 50.0)	(135, 22.0)	(140, 16.0)	(145, 28.0)	(150, 18.0)	(155, 14.0)	(160, 29.0)	(165, 51.0)	(170, 152.0)	(175, 67.0)	(180, 45.0)	(185, 19.0)	(190, 13.0)	(195, 34.0)	(200, 19.0)	(205, 65.0)	(210, 65.0)	(215, 66.0)	(220, 27.0)	(225, 44.0)	(230, 40.0)	(235, 42.0)	(240, 77.0)	(245, 314.0)	(250, 196.0)	(255, 161.0)	(260, 191.0)	(265, 559.0)	(270, 873.0)	(275, 1970.0)	(280, 67897.0)	(285, 1220.0)	(290, 3.0)	(295, 4.0)	(300, 57.0)			
1121R_L_M_NS1_week9_S67_L001_R2_001	(50, 19.0)	(55, 30.0)	(60, 31.0)	(65, 30.0)	(70, 31.0)	(75, 55.0)	(80, 28.0)	(85, 33.0)	(90, 30.0)	(95, 47.0)	(100, 29.0)	(105, 40.0)	(110, 21.0)	(115, 33.0)	(120, 51.0)	(125, 64.0)	(130, 91.0)	(135, 56.0)	(140, 82.0)	(145, 61.0)	(150, 84.0)	(155, 61.0)	(160, 108.0)	(165, 44.0)	(170, 104.0)	(175, 187.0)	(180, 176.0)	(185, 128.0)	(190, 208.0)	(195, 334.0)	(200, 561.0)	(205, 354.0)	(210, 525.0)	(215, 677.0)	(220, 561.0)	(225, 614.0)	(230, 553.0)	(235, 718.0)	(240, 494.0)	(245, 963.0)	(250, 554.0)	(255, 1824.0)	(260, 2674.0)	(265, 1997.0)	(270, 3489.0)	(275, 43615.0)	(280, 12248.0)	(285, 1.0)	(290, 2.0)	(295, 8.0)	(300, 13.0)
1121R_NS1_week19_S35_L001_R1_001	(50, 1.0)	(55, 0.0)	(60, 0.0)	(65, 0.0)	(70, 1.0)	(75, 1.0)	(80, 7.0)	(85, 4.0)	(90, 1.0)	(95, 10.0)	(100, 45.0)	(105, 42.0)	(110, 50.0)	(115, 26.0)	(120, 13.0)	(125, 11.0)	(130, 44.0)	(135, 22.0)	(140, 5.0)	(145, 15.0)	(150, 8.0)	(155, 24.0)	(160, 26.0)	(165, 39.0)	(170, 95.0)	(175, 69.0)	(180, 41.0)	(185, 23.0)	(190, 17.0)	(195, 16.0)	(200, 18.0)	(205, 67.0)	(210, 41.0)	(215, 40.0)	(220, 21.0)	(225, 55.0)	(230, 37.0)	(235, 40.0)	(240, 50.0)	(245, 208.0)	(250, 138.0)	(255, 147.0)	(260, 118.0)	(265, 439.0)	(270, 604.0)	(275, 1450.0)	(280, 64431.0)	(285, 1054.0)	(290, 2.0)	(295, 5.0)	(300, 37.0)
1121R_NS1_week19_S35_L001_R2_001	(50, 18.0)	(55, 20.0)	(60, 16.0)	(65, 13.0)	(70, 26.0)	(75, 30.0)	(80, 18.0)	(85, 18.0)	(90, 32.0)	(95, 22.0)	(100, 15.0)	(105, 25.0)	(110, 19.0)	(115, 24.0)	(120, 32.0)	(125, 34.0)	(130, 52.0)	(135, 37.0)	(140, 59.0)	(145, 47.0)	(150, 56.0)	(155, 59.0)	(160, 93.0)	(165, 38.0)	(170, 75.0)	(175, 163.0)	(180, 148.0)	(185, 113.0)	(190, 166.0)	(195, 275.0)	(200, 391.0)	(205, 263.0)	(210, 416.0)	(215, 501.0)	(220, 453.0)	(225, 566.0)	(230, 471.0)	(235, 611.0)	(240, 399.0)	(245, 796.0)	(250, 447.0)	(255, 1459.0)	(260, 2126.0)	(265, 1705.0)	(270, 3351.0)	(275, 41039.0)	(280, 12888.0)	(285, 3.0)	(290, 6.0)	(295, 12.0)	(300, 12.0)
1121R_RL_M_NS1_diabetes_S23_L001_R1_001	(50, 2.0)	(55, 0.0)	(60, 3.0)	(65, 1.0)	(70, 2.0)	(75, 4.0)	(80, 10.0)	(85, 2.0)	(90, 7.0)	(95, 32.0)	(100, 45.0)	(105, 38.0)	(110, 95.0)	(115, 57.0)	(120, 18.0)	(125, 17.0)	(130, 106.0)	(135, 36.0)	(140, 26.0)	(145, 49.0)	(150, 13.0)	(155, 41.0)	(160, 54.0)	(165, 67.0)	(170, 125.0)	(175, 78.0)	(180, 63.0)	(185, 29.0)	(190, 40.0)	(195, 47.0)	(200, 19.0)	(205, 75.0)	(210, 88.0)	(215, 52.0)	(220, 55.0)	(225, 72.0)	(230, 47.0)	(235, 60.0)	(240, 72.0)	(245, 217.0)	(250, 176.0)	(255, 137.0)	(260, 184.0)	(265, 447.0)	(270, 611.0)	(275, 1719.0)	(280, 94649.0)	(285, 1328.0)	(290, 1.0)	(295, 2.0)	(300, 49.0)
1121R_RL_M_NS1_diabetes_S23_L001_R2_001	(50, 44.0)	(55, 46.0)	(60, 32.0)	(65, 50.0)	(70, 29.0)	(75, 72.0)	(80, 45.0)	(85, 40.0)	(90, 42.0)	(95, 55.0)	(100, 65.0)	(105, 56.0)	(110, 23.0)	(115, 73.0)	(120, 83.0)	(125, 59.0)	(130, 95.0)	(135, 54.0)	(140, 97.0)	(145, 121.0)	(150, 101.0)	(155, 82.0)	(160, 123.0)	(165, 66.0)	(170, 125.0)	(175, 202.0)	(180, 185.0)	(185, 129.0)	(190, 211.0)	(195, 349.0)	(200, 494.0)	(205, 322.0)	(210, 534.0)	(215, 601.0)	(220, 580.0)	(225, 703.0)	(230, 701.0)	(235, 727.0)	(240, 446.0)	(245, 1030.0)	(250, 666.0)	(255, 1812.0)	(260, 2720.0)	(265, 2238.0)	(270, 4434.0)	(275, 62268.0)	(280, 18082.0)	(285, 1.0)	(290, 6.0)	(295, 13.0)	(300, 35.0)
1121R_RL_M_NS1_week5_S48_L001_R1_001	(75, 7.0)	(80, 4.0)	(85, 0.0)	(90, 7.0)	(95, 28.0)	(100, 60.0)	(105, 54.0)	(110, 81.0)	(115, 46.0)	(120, 17.0)	(125, 20.0)	(130, 79.0)	(135, 28.0)	(140, 27.0)	(145, 47.0)	(150, 17.0)	(155, 33.0)	(160, 38.0)	(165, 38.0)	(170, 157.0)	(175, 62.0)	(180, 51.0)	(185, 29.0)	(190, 26.0)	(195, 32.0)	(200, 24.0)	(205, 78.0)	(210, 64.0)	(215, 75.0)	(220, 42.0)	(225, 49.0)	(230, 52.0)	(235, 61.0)	(240, 70.0)	(245, 372.0)	(250, 219.0)	(255, 163.0)	(260, 164.0)	(265, 564.0)	(270, 958.0)	(275, 2355.0)	(280, 79446.0)	(285, 1780.0)	(290, 6.0)	(295, 2.0)	(300, 64.0)					
1121R_RL_M_NS1_week5_S48_L001_R2_001	(50, 40.0)	(55, 28.0)	(60, 25.0)	(65, 54.0)	(70, 44.0)	(75, 53.0)	(80, 38.0)	(85, 28.0)	(90, 26.0)	(95, 48.0)	(100, 29.0)	(105, 38.0)	(110, 21.0)	(115, 48.0)	(120, 65.0)	(125, 64.0)	(130, 98.0)	(135, 55.0)	(140, 87.0)	(145, 84.0)	(150, 91.0)	(155, 106.0)	(160, 154.0)	(165, 55.0)	(170, 122.0)	(175, 264.0)	(180, 234.0)	(185, 189.0)	(190, 251.0)	(195, 374.0)	(200, 681.0)	(205, 406.0)	(210, 627.0)	(215, 837.0)	(220, 674.0)	(225, 693.0)	(230, 618.0)	(235, 852.0)	(240, 622.0)	(245, 1140.0)	(250, 634.0)	(255, 2127.0)	(260, 3090.0)	(265, 2188.0)	(270, 4044.0)	(275, 51136.0)	(280, 14376.0)	(285, 0.0)	(290, 6.0)	(295, 13.0)	(300, 19.0)
1121R_RL_M_NS1_week9_S69_L001_R1_001	(50, 2.0)	(55, 0.0)	(60, 13.0)	(65, 0.0)	(70, 0.0)	(75, 2.0)	(80, 12.0)	(85, 6.0)	(90, 7.0)	(95, 25.0)	(100, 78.0)	(105, 62.0)	(110, 95.0)	(115, 75.0)	(120, 22.0)	(125, 17.0)	(130, 86.0)	(135, 21.0)	(140, 15.0)	(145, 38.0)	(150, 19.0)	(155, 21.0)	(160, 34.0)	(165, 61.0)	(170, 171.0)	(175, 85.0)	(180, 69.0)	(185, 23.0)	(190, 44.0)	(195, 23.0)	(200, 30.0)	(205, 106.0)	(210, 81.0)	(215, 86.0)	(220, 40.0)	(225, 76.0)	(230, 56.0)	(235, 63.0)	(240, 98.0)	(245, 355.0)	(250, 238.0)	(255, 193.0)	(260, 212.0)	(265, 658.0)	(270, 978.0)	(275, 2353.0)	(280, 89289.0)	(285, 1296.0)	(290, 0.0)	(295, 3.0)	(300, 43.0)
1121R_RL_M_NS1_week9_S69_L001_R2_001	(50, 30.0)	(55, 28.0)	(60, 26.0)	(65, 43.0)	(70, 44.0)	(75, 64.0)	(80, 38.0)	(85, 38.0)	(90, 33.0)	(95, 52.0)	(100, 53.0)	(105, 51.0)	(110, 29.0)	(115, 59.0)	(120, 68.0)	(125, 74.0)	(130, 112.0)	(135, 73.0)	(140, 103.0)	(145, 64.0)	(150, 85.0)	(155, 86.0)	(160, 127.0)	(165, 65.0)	(170, 126.0)	(175, 251.0)	(180, 211.0)	(185, 178.0)	(190, 229.0)	(195, 397.0)	(200, 665.0)	(205, 418.0)	(210, 652.0)	(215, 830.0)	(220, 668.0)	(225, 672.0)	(230, 730.0)	(235, 830.0)	(240, 599.0)	(245, 1173.0)	(250, 659.0)	(255, 2118.0)	(260, 3187.0)	(265, 2449.0)	(270, 4559.0)	(275, 58061.0)	(280, 16240.0)	(285, 0.0)	(290, 5.0)	(295, 8.0)	(300, 20.0)
1121R_RR_M_NS1_week5_S49_L001_R1_001	(60, 2.0)	(65, 0.0)	(70, 0.0)	(75, 1.0)	(80, 5.0)	(85, 2.0)	(90, 5.0)	(95, 16.0)	(100, 41.0)	(105, 33.0)	(110, 68.0)	(115, 34.0)	(120, 9.0)	(125, 21.0)	(130, 67.0)	(135, 13.0)	(140, 10.0)	(145, 32.0)	(150, 9.0)	(155, 33.0)	(160, 29.0)	(165, 48.0)	(170, 129.0)	(175, 51.0)	(180, 58.0)	(185, 20.0)	(190, 21.0)	(195, 25.0)	(200, 27.0)	(205, 76.0)	(210, 55.0)	(215, 65.0)	(220, 32.0)	(225, 63.0)	(230, 46.0)	(235, 41.0)	(240, 74.0)	(245, 246.0)	(250, 146.0)	(255, 145.0)	(260, 139.0)	(265, 449.0)	(270, 691.0)	(275, 1725.0)	(280, 56250.0)	(285, 961.0)	(290, 0.0)	(295, 2.0)	(300, 24.0)		
1121R_RR_M_NS1_week5_S49_L001_R2_001	(50, 37.0)	(55, 27.0)	(60, 36.0)	(65, 25.0)	(70, 32.0)	(75, 57.0)	(80, 25.0)	(85, 27.0)	(90, 31.0)	(95, 43.0)	(100, 23.0)	(105, 24.0)	(110, 22.0)	(115, 50.0)	(120, 43.0)	(125, 66.0)	(130, 91.0)	(135, 45.0)	(140, 64.0)	(145, 63.0)	(150, 73.0)	(155, 77.0)	(160, 108.0)	(165, 51.0)	(170, 83.0)	(175, 181.0)	(180, 164.0)	(185, 157.0)	(190, 204.0)	(195, 309.0)	(200, 466.0)	(205, 348.0)	(210, 474.0)	(215, 648.0)	(220, 469.0)	(225, 520.0)	(230, 477.0)	(235, 568.0)	(240, 455.0)	(245, 815.0)	(250, 426.0)	(255, 1580.0)	(260, 2063.0)	(265, 1554.0)	(270, 2932.0)	(275, 35683.0)	(280, 10288.0)	(285, 3.0)	(290, 8.0)	(295, 6.0)	(300, 18.0)
1121R_RR_M_NS1_week9_S70_L001_R1_001	(55, 1.0)	(60, 3.0)	(65, 0.0)	(70, 2.0)	(75, 4.0)	(80, 8.0)	(85, 4.0)	(90, 5.0)	(95, 40.0)	(100, 85.0)	(105, 71.0)	(110, 98.0)	(115, 84.0)	(120, 13.0)	(125, 23.0)	(130, 54.0)	(135, 24.0)	(140, 18.0)	(145, 37.0)	(150, 28.0)	(155, 32.0)	(160, 44.0)	(165, 52.0)	(170, 169.0)	(175, 86.0)	(180, 63.0)	(185, 26.0)	(190, 36.0)	(195, 30.0)	(200, 28.0)	(205, 115.0)	(210, 64.0)	(215, 70.0)	(220, 52.0)	(225, 69.0)	(230, 47.0)	(235, 65.0)	(240, 102.0)	(245, 384.0)	(250, 266.0)	(255, 182.0)	(260, 199.0)	(265, 662.0)	(270, 998.0)	(275, 2350.0)	(280, 83731.0)	(285, 1344.0)	(290, 3.0)	(295, 5.0)	(300, 48.0)	
1121R_RR_M_NS1_week9_S70_L001_R2_001	(50, 38.0)	(55, 29.0)	(60, 44.0)	(65, 30.0)	(70, 49.0)	(75, 62.0)	(80, 41.0)	(85, 38.0)	(90, 40.0)	(95, 41.0)	(100, 39.0)	(105, 41.0)	(110, 28.0)	(115, 53.0)	(120, 87.0)	(125, 77.0)	(130, 69.0)	(135, 70.0)	(140, 98.0)	(145, 68.0)	(150, 96.0)	(155, 98.0)	(160, 120.0)	(165, 63.0)	(170, 117.0)	(175, 223.0)	(180, 210.0)	(185, 165.0)	(190, 247.0)	(195, 410.0)	(200, 643.0)	(205, 378.0)	(210, 588.0)	(215, 798.0)	(220, 701.0)	(225, 720.0)	(230, 701.0)	(235, 841.0)	(240, 593.0)	(245, 1146.0)	(250, 611.0)	(255, 2042.0)	(260, 3094.0)	(265, 2216.0)	(270, 4173.0)	(275, 54830.0)	(280, 15016.0)	(285, 3.0)	(290, 3.0)	(295, 11.0)	(300, 25.0)
1121R_R_M_NS1_week5_S47_L001_R1_001	(50, 1.0)	(55, 0.0)	(60, 0.0)	(65, 0.0)	(70, 0.0)	(75, 6.0)	(80, 6.0)	(85, 4.0)	(90, 7.0)	(95, 16.0)	(100, 40.0)	(105, 42.0)	(110, 79.0)	(115, 41.0)	(120, 17.0)	(125, 17.0)	(130, 78.0)	(135, 18.0)	(140, 13.0)	(145, 38.0)	(150, 9.0)	(155, 18.0)	(160, 43.0)	(165, 47.0)	(170, 131.0)	(175, 43.0)	(180, 36.0)	(185, 18.0)	(190, 14.0)	(195, 50.0)	(200, 22.0)	(205, 67.0)	(210, 62.0)	(215, 44.0)	(220, 29.0)	(225, 45.0)	(230, 52.0)	(235, 42.0)	(240, 57.0)	(245, 290.0)	(250, 169.0)	(255, 136.0)	(260, 151.0)	(265, 456.0)	(270, 739.0)	(275, 1876.0)	(280, 63389.0)	(285, 1110.0)	(290, 1.0)	(295, 3.0)	(300, 36.0)
1121R_R_M_NS1_week5_S47_L001_R2_001	(50, 34.0)	(55, 30.0)	(60, 25.0)	(65, 40.0)	(70, 34.0)	(75, 47.0)	(80, 25.0)	(85, 26.0)	(90, 23.0)	(95, 40.0)	(100, 40.0)	(105, 30.0)	(110, 22.0)	(115, 48.0)	(120, 66.0)	(125, 57.0)	(130, 66.0)	(135, 52.0)	(140, 79.0)	(145, 56.0)	(150, 82.0)	(155, 75.0)	(160, 113.0)	(165, 43.0)	(170, 80.0)	(175, 165.0)	(180, 154.0)	(185, 150.0)	(190, 194.0)	(195, 295.0)	(200, 500.0)	(205, 321.0)	(210, 496.0)	(215, 596.0)	(220, 485.0)	(225, 498.0)	(230, 491.0)	(235, 610.0)	(240, 435.0)	(245, 857.0)	(250, 510.0)	(255, 1586.0)	(260, 2397.0)	(265, 1713.0)	(270, 3168.0)	(275, 41532.0)	(280, 11188.0)	(285, 2.0)	(290, 4.0)	(295, 15.0)	(300, 13.0)
1121R_R_M_NS1_week9_S68_L001_R1_001	(50, 1.0)	(55, 0.0)	(60, 9.0)	(65, 0.0)	(70, 0.0)	(75, 4.0)	(80, 10.0)	(85, 2.0)	(90, 1.0)	(95, 21.0)	(100, 63.0)	(105, 41.0)	(110, 88.0)	(115, 50.0)	(120, 22.0)	(125, 15.0)	(130, 46.0)	(135, 19.0)	(140, 15.0)	(145, 42.0)	(150, 13.0)	(155, 26.0)	(160, 28.0)	(165, 36.0)	(170, 160.0)	(175, 69.0)	(180, 49.0)	(185, 14.0)	(190, 32.0)	(195, 26.0)	(200, 19.0)	(205, 97.0)	(210, 48.0)	(215, 58.0)	(220, 41.0)	(225, 45.0)	(230, 55.0)	(235, 58.0)	(240, 69.0)	(245, 258.0)	(250, 185.0)	(255, 158.0)	(260, 154.0)	(265, 508.0)	(270, 708.0)	(275, 1733.0)	(280, 73672.0)	(285, 1335.0)	(290, 3.0)	(295, 2.0)	(300, 59.0)
1121R_R_M_NS1_week9_S68_L001_R2_001	(50, 25.0)	(55, 26.0)	(60, 33.0)	(65, 31.0)	(70, 33.0)	(75, 27.0)	(80, 34.0)	(85, 32.0)	(90, 28.0)	(95, 43.0)	(100, 39.0)	(105, 33.0)	(110, 16.0)	(115, 40.0)	(120, 67.0)	(125, 50.0)	(130, 110.0)	(135, 74.0)	(140, 75.0)	(145, 60.0)	(150, 91.0)	(155, 65.0)	(160, 83.0)	(165, 51.0)	(170, 81.0)	(175, 196.0)	(180, 177.0)	(185, 142.0)	(190, 212.0)	(195, 301.0)	(200, 453.0)	(205, 319.0)	(210, 428.0)	(215, 631.0)	(220, 496.0)	(225, 564.0)	(230, 533.0)	(235, 648.0)	(240, 449.0)	(245, 863.0)	(250, 521.0)	(255, 1679.0)	(260, 2578.0)	(265, 1870.0)	(270, 3584.0)	(275, 48875.0)	(280, 13377.0)	(285, 0.0)	(290, 1.0)	(295, 11.0)	(300, 12.0)
1136R_0_F_S5_week5_S14_L001_R1_001	(50, 3.0)	(55, 0.0)	(60, 0.0)	(65, 0.0)	(70, 0.0)	(75, 2.0)	(80, 2.0)	(85, 3.0)	(90, 4.0)	(95, 16.0)	(100, 58.0)	(105, 32.0)	(110, 79.0)	(115, 49.0)	(120, 9.0)	(125, 18.0)	(130, 47.0)	(135, 22.0)	(140, 11.0)	(145, 32.0)	(150, 13.0)	(155, 15.0)	(160, 29.0)	(165, 31.0)	(170, 131.0)	(175, 62.0)	(180, 38.0)	(185, 25.0)	(190, 24.0)	(195, 34.0)	(200, 20.0)	(205, 78.0)	(210, 59.0)	(215, 59.0)	(220, 24.0)	(225, 46.0)	(230, 51.0)	(235, 60.0)	(240, 71.0)	(245, 243.0)	(250, 151.0)	(255, 104.0)	(260, 153.0)	(265, 479.0)	(270, 660.0)	(275, 1634.0)	(280, 57636.0)	(285, 767.0)	(290, 0.0)	(295, 2.0)	(300, 31.0)
1136R_0_F_S5_week5_S14_L001_R2_001	(50, 29.0)	(55, 22.0)	(60, 28.0)	(65, 22.0)	(70, 36.0)	(75, 57.0)	(80, 31.0)	(85, 18.0)	(90, 29.0)	(95, 35.0)	(100, 23.0)	(105, 11.0)	(110, 15.0)	(115, 36.0)	(120, 48.0)	(125, 42.0)	(130, 69.0)	(135, 46.0)	(140, 59.0)	(145, 56.0)	(150, 63.0)	(155, 73.0)	(160, 104.0)	(165, 47.0)	(170, 89.0)	(175, 175.0)	(180, 139.0)	(185, 118.0)	(190, 166.0)	(195, 263.0)	(200, 410.0)	(205, 253.0)	(210, 410.0)	(215, 534.0)	(220, 451.0)	(225, 566.0)	(230, 527.0)	(235, 621.0)	(240, 412.0)	(245, 714.0)	(250, 401.0)	(255, 1396.0)	(260, 1887.0)	(265, 1579.0)	(270, 2916.0)	(275, 37062.0)	(280, 11009.0)	(285, 1.0)	(290, 0.0)	(295, 7.0)	(300, 12.0)
1151R_0_M_NS1_week5_S50_L001_R1_001	(65, 1.0)	(70, 0.0)	(75, 1.0)	(80, 4.0)	(85, 1.0)	(90, 2.0)	(95, 21.0)	(100, 24.0)	(105, 36.0)	(110, 57.0)	(115, 38.0)	(120, 8.0)	(125, 10.0)	(130, 61.0)	(135, 20.0)	(140, 12.0)	(145, 15.0)	(150, 10.0)	(155, 17.0)	(160, 33.0)	(165, 40.0)	(170, 102.0)	(175, 66.0)	(180, 40.0)	(185, 15.0)	(190, 27.0)	(195, 26.0)	(200, 14.0)	(205, 63.0)	(210, 31.0)	(215, 56.0)	(220, 29.0)	(225, 50.0)	(230, 43.0)	(235, 30.0)	(240, 40.0)	(245, 173.0)	(250, 134.0)	(255, 96.0)	(260, 111.0)	(265, 320.0)	(270, 450.0)	(275, 1128.0)	(280, 67686.0)	(285, 1118.0)	(290, 3.0)	(295, 6.0)	(300, 25.0)			
1151R_0_M_NS1_week5_S50_L001_R2_001	(50, 56.0)	(55, 49.0)	(60, 25.0)	(65, 45.0)	(70, 34.0)	(75, 40.0)	(80, 26.0)	(85, 25.0)	(90, 23.0)	(95, 43.0)	(100, 36.0)	(105, 43.0)	(110, 22.0)	(115, 54.0)	(120, 45.0)	(125, 70.0)	(130, 79.0)	(135, 38.0)	(140, 86.0)	(145, 84.0)	(150, 88.0)	(155, 87.0)	(160, 118.0)	(165, 50.0)	(170, 94.0)	(175, 146.0)	(180, 115.0)	(185, 124.0)	(190, 169.0)	(195, 252.0)	(200, 311.0)	(205, 224.0)	(210, 439.0)	(215, 426.0)	(220, 407.0)	(225, 527.0)	(230, 454.0)	(235, 564.0)	(240, 354.0)	(245, 720.0)	(250, 524.0)	(255, 1387.0)	(260, 1913.0)	(265, 1646.0)	(270, 3356.0)	(275, 43496.0)	(280, 13339.0)	(285, 2.0)	(290, 9.0)	(295, 11.0)	(300, 18.0)
1151R_0_M_NS1_week9_S71_L001_R1_001	(50, 1.0)	(55, 0.0)	(60, 0.0)	(65, 0.0)	(70, 0.0)	(75, 1.0)	(80, 4.0)	(85, 1.0)	(90, 6.0)	(95, 25.0)	(100, 65.0)	(105, 51.0)	(110, 96.0)	(115, 60.0)	(120, 22.0)	(125, 17.0)	(130, 59.0)	(135, 27.0)	(140, 18.0)	(145, 29.0)	(150, 20.0)	(155, 26.0)	(160, 38.0)	(165, 44.0)	(170, 143.0)	(175, 67.0)	(180, 54.0)	(185, 17.0)	(190, 28.0)	(195, 30.0)	(200, 19.0)	(205, 86.0)	(210, 67.0)	(215, 69.0)	(220, 42.0)	(225, 53.0)	(230, 60.0)	(235, 52.0)	(240, 94.0)	(245, 340.0)	(250, 232.0)	(255, 144.0)	(260, 189.0)	(265, 647.0)	(270, 955.0)	(275, 2237.0)	(280, 77121.0)	(285, 1193.0)	(290, 0.0)	(295, 3.0)	(300, 51.0)
1151R_0_M_NS1_week9_S71_L001_R2_001	(50, 36.0)	(55, 34.0)	(60, 28.0)	(65, 35.0)	(70, 37.0)	(75, 57.0)	(80, 46.0)	(85, 23.0)	(90, 24.0)	(95, 36.0)	(100, 36.0)	(105, 19.0)	(110, 19.0)	(115, 38.0)	(120, 63.0)	(125, 64.0)	(130, 82.0)	(135, 69.0)	(140, 91.0)	(145, 67.0)	(150, 87.0)	(155, 77.0)	(160, 120.0)	(165, 46.0)	(170, 112.0)	(175, 198.0)	(180, 197.0)	(185, 162.0)	(190, 214.0)	(195, 372.0)	(200, 585.0)	(205, 442.0)	(210, 604.0)	(215, 758.0)	(220, 691.0)	(225, 636.0)	(230, 671.0)	(235, 842.0)	(240, 587.0)	(245, 1106.0)	(250, 655.0)	(255, 2057.0)	(260, 3126.0)	(265, 2228.0)	(270, 4068.0)	(275, 49489.0)	(280, 13542.0)	(285, 4.0)	(290, 4.0)	(295, 5.0)	(300, 14.0)
1151R_NS1_week21_S36_L001_R1_001	(55, 1.0)	(60, 2.0)	(65, 2.0)	(70, 0.0)	(75, 2.0)	(80, 4.0)	(85, 1.0)	(90, 3.0)	(95, 24.0)	(100, 40.0)	(105, 40.0)	(110, 63.0)	(115, 45.0)	(120, 14.0)	(125, 15.0)	(130, 48.0)	(135, 20.0)	(140, 14.0)	(145, 26.0)	(150, 16.0)	(155, 30.0)	(160, 30.0)	(165, 46.0)	(170, 131.0)	(175, 65.0)	(180, 45.0)	(185, 17.0)	(190, 30.0)	(195, 28.0)	(200, 17.0)	(205, 87.0)	(210, 54.0)	(215, 67.0)	(220, 35.0)	(225, 54.0)	(230, 44.0)	(235, 47.0)	(240, 56.0)	(245, 271.0)	(250, 170.0)	(255, 168.0)	(260, 167.0)	(265, 538.0)	(270, 786.0)	(275, 1938.0)	(280, 86881.0)	(285, 1473.0)	(290, 2.0)	(295, 4.0)	(300, 57.0)	
1151R_NS1_week21_S36_L001_R2_001	(50, 28.0)	(55, 21.0)	(60, 16.0)	(65, 35.0)	(70, 40.0)	(75, 31.0)	(80, 29.0)	(85, 17.0)	(90, 29.0)	(95, 26.0)	(100, 28.0)	(105, 21.0)	(110, 20.0)	(115, 39.0)	(120, 55.0)	(125, 54.0)	(130, 73.0)	(135, 45.0)	(140, 77.0)	(145, 64.0)	(150, 68.0)	(155, 65.0)	(160, 104.0)	(165, 60.0)	(170, 113.0)	(175, 203.0)	(180, 201.0)	(185, 161.0)	(190, 176.0)	(195, 312.0)	(200, 491.0)	(205, 293.0)	(210, 515.0)	(215, 703.0)	(220, 589.0)	(225, 659.0)	(230, 628.0)	(235, 787.0)	(240, 520.0)	(245, 954.0)	(250, 595.0)	(255, 1781.0)	(260, 2882.0)	(265, 2140.0)	(270, 4239.0)	(275, 56487.0)	(280, 17197.0)	(285, 1.0)	(290, 2.0)	(295, 15.0)	(300, 29.0)
1151R_R_M_NS1_diabetes_S24_L001_R1_001	(80, 4.0)	(85, 3.0)	(90, 2.0)	(95, 35.0)	(100, 63.0)	(105, 54.0)	(110, 97.0)	(115, 71.0)	(120, 18.0)	(125, 22.0)	(130, 102.0)	(135, 27.0)	(140, 23.0)	(145, 22.0)	(150, 19.0)	(155, 19.0)	(160, 50.0)	(165, 46.0)	(170, 166.0)	(175, 90.0)	(180, 72.0)	(185, 19.0)	(190, 34.0)	(195, 34.0)	(200, 29.0)	(205, 97.0)	(210, 70.0)	(215, 74.0)	(220, 48.0)	(225, 61.0)	(230, 80.0)	(235, 59.0)	(240, 73.0)	(245, 353.0)	(250, 247.0)	(255, 208.0)	(260, 213.0)	(265, 671.0)	(270, 1012.0)	(275, 2467.0)	(280, 100638.0)	(285, 2006.0)	(290, 2.0)	(295, 9.0)	(300, 92.0)						
1151R_R_M_NS1_diabetes_S24_L001_R2_001	(50, 51.0)	(55, 28.0)	(60, 46.0)	(65, 58.0)	(70, 48.0)	(75, 87.0)	(80, 36.0)	(85, 33.0)	(90, 30.0)	(95, 69.0)	(100, 54.0)	(105, 53.0)	(110, 43.0)	(115, 55.0)	(120, 92.0)	(125, 99.0)	(130, 87.0)	(135, 71.0)	(140, 106.0)	(145, 103.0)	(150, 121.0)	(155, 111.0)	(160, 164.0)	(165, 61.0)	(170, 156.0)	(175, 266.0)	(180, 254.0)	(185, 212.0)	(190, 301.0)	(195, 428.0)	(200, 773.0)	(205, 472.0)	(210, 749.0)	(215, 955.0)	(220, 789.0)	(225, 877.0)	(230, 796.0)	(235, 938.0)	(240, 630.0)	(245, 1363.0)	(250, 794.0)	(255, 2578.0)	(260, 3642.0)	(265, 2665.0)	(270, 5124.0)	(275, 63845.0)	(280, 19243.0)	(285, 4.0)	(290, 3.0)	(295, 10.0)	(300, 28.0)
1184R_0_M_NS6_week5_S4_L001_R1_001	(55, 1.0)	(60, 4.0)	(65, 3.0)	(70, 1.0)	(75, 4.0)	(80, 4.0)	(85, 0.0)	(90, 3.0)	(95, 20.0)	(100, 38.0)	(105, 50.0)	(110, 64.0)	(115, 48.0)	(120, 10.0)	(125, 15.0)	(130, 80.0)	(135, 35.0)	(140, 21.0)	(145, 21.0)	(150, 12.0)	(155, 20.0)	(160, 36.0)	(165, 35.0)	(170, 82.0)	(175, 54.0)	(180, 36.0)	(185, 25.0)	(190, 22.0)	(195, 27.0)	(200, 18.0)	(205, 50.0)	(210, 58.0)	(215, 42.0)	(220, 21.0)	(225, 36.0)	(230, 34.0)	(235, 49.0)	(240, 45.0)	(245, 118.0)	(250, 98.0)	(255, 92.0)	(260, 148.0)	(265, 341.0)	(270, 412.0)	(275, 1395.0)	(280, 54842.0)	(285, 849.0)	(290, 0.0)	(295, 6.0)	(300, 29.0)	
1184R_0_M_NS6_week5_S4_L001_R2_001	(50, 38.0)	(55, 19.0)	(60, 22.0)	(65, 28.0)	(70, 32.0)	(75, 43.0)	(80, 32.0)	(85, 25.0)	(90, 19.0)	(95, 39.0)	(100, 23.0)	(105, 24.0)	(110, 25.0)	(115, 46.0)	(120, 49.0)	(125, 47.0)	(130, 69.0)	(135, 44.0)	(140, 70.0)	(145, 52.0)	(150, 87.0)	(155, 61.0)	(160, 93.0)	(165, 32.0)	(170, 60.0)	(175, 117.0)	(180, 108.0)	(185, 105.0)	(190, 103.0)	(195, 275.0)	(200, 305.0)	(205, 179.0)	(210, 325.0)	(215, 433.0)	(220, 363.0)	(225, 449.0)	(230, 432.0)	(235, 511.0)	(240, 306.0)	(245, 711.0)	(250, 460.0)	(255, 1285.0)	(260, 1875.0)	(265, 1372.0)	(270, 2630.0)	(275, 36482.0)	(280, 9504.0)	(285, 2.0)	(290, 6.0)	(295, 15.0)	(300, 22.0)
1186R_0_M_NS6_week5_S5_L001_R1_001	(50, 1.0)	(55, 1.0)	(60, 17.0)	(65, 1.0)	(70, 0.0)	(75, 3.0)	(80, 6.0)	(85, 3.0)	(90, 7.0)	(95, 20.0)	(100, 38.0)	(105, 35.0)	(110, 41.0)	(115, 31.0)	(120, 10.0)	(125, 12.0)	(130, 62.0)	(135, 9.0)	(140, 11.0)	(145, 20.0)	(150, 6.0)	(155, 21.0)	(160, 25.0)	(165, 38.0)	(170, 64.0)	(175, 48.0)	(180, 40.0)	(185, 20.0)	(190, 26.0)	(195, 21.0)	(200, 12.0)	(205, 44.0)	(210, 68.0)	(215, 40.0)	(220, 29.0)	(225, 35.0)	(230, 42.0)	(235, 56.0)	(240, 32.0)	(245, 127.0)	(250, 116.0)	(255, 68.0)	(260, 116.0)	(265, 308.0)	(270, 399.0)	(275, 1151.0)	(280, 54324.0)	(285, 706.0)	(290, 0.0)	(295, 4.0)	(300, 32.0)
1186R_0_M_NS6_week5_S5_L001_R2_001	(50, 28.0)	(55, 35.0)	(60, 21.0)	(65, 23.0)	(70, 26.0)	(75, 40.0)	(80, 27.0)	(85, 16.0)	(90, 31.0)	(95, 42.0)	(100, 39.0)	(105, 30.0)	(110, 32.0)	(115, 41.0)	(120, 56.0)	(125, 41.0)	(130, 70.0)	(135, 39.0)	(140, 69.0)	(145, 52.0)	(150, 52.0)	(155, 66.0)	(160, 88.0)	(165, 30.0)	(170, 77.0)	(175, 111.0)	(180, 100.0)	(185, 85.0)	(190, 106.0)	(195, 238.0)	(200, 301.0)	(205, 152.0)	(210, 329.0)	(215, 381.0)	(220, 334.0)	(225, 427.0)	(230, 385.0)	(235, 455.0)	(240, 278.0)	(245, 629.0)	(250, 340.0)	(255, 1059.0)	(260, 1584.0)	(265, 1289.0)	(270, 2590.0)	(275, 35697.0)	(280, 10366.0)	(285, 0.0)	(290, 7.0)	(295, 19.0)	(300, 13.0)
1186R_RR_M_NS6_week5_S6_L001_R1_001	(65, 2.0)	(70, 2.0)	(75, 4.0)	(80, 7.0)	(85, 1.0)	(90, 2.0)	(95, 16.0)	(100, 18.0)	(105, 52.0)	(110, 41.0)	(115, 40.0)	(120, 8.0)	(125, 12.0)	(130, 42.0)	(135, 23.0)	(140, 13.0)	(145, 31.0)	(150, 10.0)	(155, 20.0)	(160, 30.0)	(165, 34.0)	(170, 91.0)	(175, 66.0)	(180, 39.0)	(185, 17.0)	(190, 14.0)	(195, 23.0)	(200, 9.0)	(205, 58.0)	(210, 47.0)	(215, 35.0)	(220, 34.0)	(225, 44.0)	(230, 28.0)	(235, 47.0)	(240, 40.0)	(245, 125.0)	(250, 92.0)	(255, 83.0)	(260, 128.0)	(265, 302.0)	(270, 400.0)	(275, 1193.0)	(280, 62129.0)	(285, 912.0)	(290, 1.0)	(295, 2.0)	(300, 31.0)			
1186R_RR_M_NS6_week5_S6_L001_R2_001	(50, 30.0)	(55, 21.0)	(60, 36.0)	(65, 30.0)	(70, 30.0)	(75, 45.0)	(80, 24.0)	(85, 25.0)	(90, 29.0)	(95, 41.0)	(100, 38.0)	(105, 29.0)	(110, 26.0)	(115, 42.0)	(120, 59.0)	(125, 49.0)	(130, 86.0)	(135, 45.0)	(140, 77.0)	(145, 61.0)	(150, 87.0)	(155, 53.0)	(160, 96.0)	(165, 38.0)	(170, 83.0)	(175, 118.0)	(180, 114.0)	(185, 76.0)	(190, 122.0)	(195, 225.0)	(200, 307.0)	(205, 166.0)	(210, 323.0)	(215, 398.0)	(220, 333.0)	(225, 478.0)	(230, 418.0)	(235, 497.0)	(240, 273.0)	(245, 629.0)	(250, 388.0)	(255, 995.0)	(260, 1653.0)	(265, 1403.0)	(270, 2777.0)	(275, 41139.0)	(280, 12349.0)	(285, 3.0)	(290, 8.0)	(295, 11.0)	(300, 15.0)
1193R_0_F_NS1_week5_S51_L001_R1_001	(50, 1.0)	(55, 0.0)	(60, 0.0)	(65, 0.0)	(70, 1.0)	(75, 2.0)	(80, 10.0)	(85, 1.0)	(90, 7.0)	(95, 30.0)	(100, 31.0)	(105, 41.0)	(110, 61.0)	(115, 27.0)	(120, 10.0)	(125, 22.0)	(130, 70.0)	(135, 24.0)	(140, 12.0)	(145, 42.0)	(150, 10.0)	(155, 43.0)	(160, 39.0)	(165, 33.0)	(170, 101.0)	(175, 78.0)	(180, 48.0)	(185, 23.0)	(190, 26.0)	(195, 25.0)	(200, 9.0)	(205, 91.0)	(210, 67.0)	(215, 44.0)	(220, 37.0)	(225, 43.0)	(230, 49.0)	(235, 41.0)	(240, 60.0)	(245, 237.0)	(250, 168.0)	(255, 159.0)	(260, 136.0)	(265, 418.0)	(270, 627.0)	(275, 1596.0)	(280, 72325.0)	(285, 1435.0)	(290, 4.0)	(295, 2.0)	(300, 59.0)
1193R_0_F_NS1_week5_S51_L001_R2_001	(50, 51.0)	(55, 37.0)	(60, 44.0)	(65, 52.0)	(70, 34.0)	(75, 67.0)	(80, 38.0)	(85, 40.0)	(90, 27.0)	(95, 53.0)	(100, 41.0)	(105, 30.0)	(110, 29.0)	(115, 46.0)	(120, 65.0)	(125, 63.0)	(130, 93.0)	(135, 60.0)	(140, 116.0)	(145, 92.0)	(150, 100.0)	(155, 83.0)	(160, 133.0)	(165, 64.0)	(170, 105.0)	(175, 186.0)	(180, 162.0)	(185, 127.0)	(190, 239.0)	(195, 308.0)	(200, 431.0)	(205, 283.0)	(210, 477.0)	(215, 544.0)	(220, 500.0)	(225, 598.0)	(230, 543.0)	(235, 643.0)	(240, 466.0)	(245, 849.0)	(250, 576.0)	(255, 1584.0)	(260, 2309.0)	(265, 1852.0)	(270, 3591.0)	(275, 46592.0)	(280, 13963.0)	(285, 0.0)	(290, 3.0)	(295, 9.0)	(300, 27.0)
1193R_0_F_NS1_week9_S72_L001_R1_001	(50, 1.0)	(55, 0.0)	(60, 2.0)	(65, 0.0)	(70, 1.0)	(75, 1.0)	(80, 5.0)	(85, 2.0)	(90, 3.0)	(95, 18.0)	(100, 31.0)	(105, 46.0)	(110, 61.0)	(115, 42.0)	(120, 21.0)	(125, 21.0)	(130, 42.0)	(135, 12.0)	(140, 14.0)	(145, 27.0)	(150, 10.0)	(155, 16.0)	(160, 28.0)	(165, 36.0)	(170, 115.0)	(175, 56.0)	(180, 38.0)	(185, 18.0)	(190, 36.0)	(195, 27.0)	(200, 12.0)	(205, 73.0)	(210, 46.0)	(215, 33.0)	(220, 30.0)	(225, 47.0)	(230, 43.0)	(235, 31.0)	(240, 55.0)	(245, 180.0)	(250, 138.0)	(255, 113.0)	(260, 118.0)	(265, 382.0)	(270, 585.0)	(275, 1354.0)	(280, 69165.0)	(285, 1438.0)	(290, 4.0)	(295, 5.0)	(300, 56.0)
1193R_0_F_NS1_week9_S72_L001_R2_001	(50, 29.0)	(55, 24.0)	(60, 23.0)	(65, 22.0)	(70, 40.0)	(75, 53.0)	(80, 24.0)	(85, 18.0)	(90, 29.0)	(95, 45.0)	(100, 21.0)	(105, 30.0)	(110, 18.0)	(115, 43.0)	(120, 46.0)	(125, 50.0)	(130, 85.0)	(135, 60.0)	(140, 84.0)	(145, 65.0)	(150, 76.0)	(155, 66.0)	(160, 99.0)	(165, 43.0)	(170, 87.0)	(175, 163.0)	(180, 146.0)	(185, 125.0)	(190, 178.0)	(195, 279.0)	(200, 446.0)	(205, 234.0)	(210, 445.0)	(215, 534.0)	(220, 461.0)	(225, 565.0)	(230, 536.0)	(235, 561.0)	(240, 405.0)	(245, 866.0)	(250, 487.0)	(255, 1614.0)	(260, 2121.0)	(265, 1650.0)	(270, 3277.0)	(275, 45226.0)	(280, 13122.0)	(285, 0.0)	(290, 2.0)	(295, 3.0)	(300, 12.0)
1193R_L_F_NS1_diabetes_S25_L001_R1_001	(50, 1.0)	(55, 0.0)	(60, 0.0)	(65, 1.0)	(70, 0.0)	(75, 2.0)	(80, 8.0)	(85, 4.0)	(90, 3.0)	(95, 22.0)	(100, 31.0)	(105, 23.0)	(110, 57.0)	(115, 28.0)	(120, 9.0)	(125, 14.0)	(130, 75.0)	(135, 28.0)	(140, 10.0)	(145, 27.0)	(150, 15.0)	(155, 22.0)	(160, 36.0)	(165, 37.0)	(170, 108.0)	(175, 64.0)	(180, 43.0)	(185, 19.0)	(190, 20.0)	(195, 19.0)	(200, 19.0)	(205, 55.0)	(210, 62.0)	(215, 47.0)	(220, 27.0)	(225, 39.0)	(230, 46.0)	(235, 29.0)	(240, 43.0)	(245, 216.0)	(250, 134.0)	(255, 101.0)	(260, 137.0)	(265, 318.0)	(270, 578.0)	(275, 1332.0)	(280, 54431.0)	(285, 848.0)	(290, 0.0)	(295, 1.0)	(300, 26.0)
1193R_L_F_NS1_diabetes_S25_L001_R2_001	(50, 39.0)	(55, 33.0)	(60, 47.0)	(65, 43.0)	(70, 43.0)	(75, 60.0)	(80, 44.0)	(85, 26.0)	(90, 29.0)	(95, 61.0)	(100, 44.0)	(105, 33.0)	(110, 35.0)	(115, 45.0)	(120, 88.0)	(125, 67.0)	(130, 105.0)	(135, 74.0)	(140, 87.0)	(145, 75.0)	(150, 90.0)	(155, 71.0)	(160, 119.0)	(165, 49.0)	(170, 94.0)	(175, 147.0)	(180, 157.0)	(185, 147.0)	(190, 194.0)	(195, 285.0)	(200, 416.0)	(205, 267.0)	(210, 437.0)	(215, 566.0)	(220, 475.0)	(225, 525.0)	(230, 450.0)	(235, 588.0)	(240, 364.0)	(245, 729.0)	(250, 473.0)	(255, 1294.0)	(260, 1776.0)	(265, 1495.0)	(270, 2706.0)	(275, 33737.0)	(280, 10428.0)	(285, 2.0)	(290, 8.0)	(295, 15.0)	(300, 33.0)
1193R_L_F_NS1_week5_S52_L001_R1_001	(50, 1.0)	(55, 1.0)	(60, 10.0)	(65, 0.0)	(70, 0.0)	(75, 4.0)	(80, 12.0)	(85, 8.0)	(90, 5.0)	(95, 32.0)	(100, 53.0)	(105, 62.0)	(110, 67.0)	(115, 49.0)	(120, 19.0)	(125, 11.0)	(130, 97.0)	(135, 40.0)	(140, 11.0)	(145, 29.0)	(150, 16.0)	(155, 33.0)	(160, 41.0)	(165, 63.0)	(170, 129.0)	(175, 82.0)	(180, 54.0)	(185, 15.0)	(190, 21.0)	(195, 32.0)	(200, 19.0)	(205, 67.0)	(210, 74.0)	(215, 47.0)	(220, 34.0)	(225, 53.0)	(230, 42.0)	(235, 43.0)	(240, 52.0)	(245, 226.0)	(250, 169.0)	(255, 134.0)	(260, 140.0)	(265, 384.0)	(270, 569.0)	(275, 1494.0)	(280, 72654.0)	(285, 1303.0)	(290, 3.0)	(295, 9.0)	(300, 55.0)
1193R_L_F_NS1_week5_S52_L001_R2_001	(50, 57.0)	(55, 33.0)	(60, 36.0)	(65, 52.0)	(70, 39.0)	(75, 91.0)	(80, 36.0)	(85, 36.0)	(90, 42.0)	(95, 48.0)	(100, 37.0)	(105, 34.0)	(110, 29.0)	(115, 51.0)	(120, 75.0)	(125, 59.0)	(130, 90.0)	(135, 62.0)	(140, 94.0)	(145, 84.0)	(150, 114.0)	(155, 67.0)	(160, 112.0)	(165, 45.0)	(170, 85.0)	(175, 174.0)	(180, 155.0)	(185, 144.0)	(190, 229.0)	(195, 322.0)	(200, 406.0)	(205, 282.0)	(210, 435.0)	(215, 526.0)	(220, 470.0)	(225, 548.0)	(230, 542.0)	(235, 643.0)	(240, 414.0)	(245, 742.0)	(250, 536.0)	(255, 1476.0)	(260, 2239.0)	(265, 1804.0)	(270, 3550.0)	(275, 47553.0)	(280, 13822.0)	(285, 3.0)	(290, 7.0)	(295, 15.0)	(300, 23.0)
1193R_L_F_NS1_week9_S73_L001_R1_001	(50, 1.0)	(55, 0.0)	(60, 0.0)	(65, 0.0)	(70, 1.0)	(75, 0.0)	(80, 6.0)	(85, 5.0)	(90, 2.0)	(95, 20.0)	(100, 40.0)	(105, 44.0)	(110, 62.0)	(115, 53.0)	(120, 11.0)	(125, 16.0)	(130, 44.0)	(135, 19.0)	(140, 9.0)	(145, 23.0)	(150, 9.0)	(155, 16.0)	(160, 33.0)	(165, 29.0)	(170, 103.0)	(175, 69.0)	(180, 46.0)	(185, 33.0)	(190, 26.0)	(195, 25.0)	(200, 19.0)	(205, 70.0)	(210, 80.0)	(215, 43.0)	(220, 24.0)	(225, 44.0)	(230, 32.0)	(235, 40.0)	(240, 55.0)	(245, 137.0)	(250, 119.0)	(255, 90.0)	(260, 97.0)	(265, 337.0)	(270, 480.0)	(275, 1276.0)	(280, 61647.0)	(285, 895.0)	(290, 2.0)	(295, 3.0)	(300, 41.0)
1193R_L_F_NS1_week9_S73_L001_R2_001	(50, 35.0)	(55, 15.0)	(60, 25.0)	(65, 32.0)	(70, 38.0)	(75, 40.0)	(80, 16.0)	(85, 27.0)	(90, 18.0)	(95, 36.0)	(100, 35.0)	(105, 28.0)	(110, 16.0)	(115, 34.0)	(120, 47.0)	(125, 57.0)	(130, 87.0)	(135, 30.0)	(140, 86.0)	(145, 66.0)	(150, 83.0)	(155, 59.0)	(160, 99.0)	(165, 52.0)	(170, 68.0)	(175, 140.0)	(180, 147.0)	(185, 104.0)	(190, 152.0)	(195, 230.0)	(200, 324.0)	(205, 219.0)	(210, 390.0)	(215, 482.0)	(220, 429.0)	(225, 558.0)	(230, 485.0)	(235, 573.0)	(240, 378.0)	(245, 774.0)	(250, 445.0)	(255, 1376.0)	(260, 1852.0)	(265, 1593.0)	(270, 3048.0)	(275, 39248.0)	(280, 12174.0)	(285, 3.0)	(290, 2.0)	(295, 7.0)	(300, 14.0)
1193R_NS1_week24_S38_L001_R1_001	(80, 5.0)	(85, 0.0)	(90, 2.0)	(95, 17.0)	(100, 42.0)	(105, 35.0)	(110, 55.0)	(115, 24.0)	(120, 10.0)	(125, 15.0)	(130, 36.0)	(135, 19.0)	(140, 11.0)	(145, 23.0)	(150, 9.0)	(155, 24.0)	(160, 27.0)	(165, 34.0)	(170, 111.0)	(175, 54.0)	(180, 31.0)	(185, 13.0)	(190, 16.0)	(195, 34.0)	(200, 15.0)	(205, 68.0)	(210, 44.0)	(215, 44.0)	(220, 16.0)	(225, 42.0)	(230, 44.0)	(235, 39.0)	(240, 61.0)	(245, 244.0)	(250, 138.0)	(255, 140.0)	(260, 139.0)	(265, 460.0)	(270, 661.0)	(275, 1636.0)	(280, 61738.0)	(285, 969.0)	(290, 0.0)	(295, 1.0)	(300, 30.0)						
1193R_NS1_week24_S38_L001_R2_001	(50, 24.0)	(55, 20.0)	(60, 25.0)	(65, 22.0)	(70, 25.0)	(75, 28.0)	(80, 22.0)	(85, 11.0)	(90, 17.0)	(95, 26.0)	(100, 24.0)	(105, 23.0)	(110, 19.0)	(115, 42.0)	(120, 50.0)	(125, 42.0)	(130, 56.0)	(135, 48.0)	(140, 57.0)	(145, 47.0)	(150, 65.0)	(155, 64.0)	(160, 65.0)	(165, 44.0)	(170, 55.0)	(175, 144.0)	(180, 146.0)	(185, 98.0)	(190, 138.0)	(195, 239.0)	(200, 391.0)	(205, 256.0)	(210, 370.0)	(215, 545.0)	(220, 478.0)	(225, 562.0)	(230, 479.0)	(235, 631.0)	(240, 420.0)	(245, 749.0)	(250, 445.0)	(255, 1388.0)	(260, 2092.0)	(265, 1459.0)	(270, 3162.0)	(275, 39827.0)	(280, 12204.0)	(285, 3.0)	(290, 3.0)	(295, 7.0)	(300, 19.0)
184R_0_M_NS6_week5_S7_L001_R1_001	(60, 1.0)	(65, 0.0)	(70, 0.0)	(75, 1.0)	(80, 7.0)	(85, 5.0)	(90, 4.0)	(95, 20.0)	(100, 45.0)	(105, 47.0)	(110, 66.0)	(115, 36.0)	(120, 11.0)	(125, 13.0)	(130, 36.0)	(135, 11.0)	(140, 12.0)	(145, 23.0)	(150, 13.0)	(155, 15.0)	(160, 23.0)	(165, 21.0)	(170, 95.0)	(175, 47.0)	(180, 37.0)	(185, 24.0)	(190, 28.0)	(195, 19.0)	(200, 13.0)	(205, 67.0)	(210, 44.0)	(215, 35.0)	(220, 36.0)	(225, 46.0)	(230, 41.0)	(235, 33.0)	(240, 55.0)	(245, 164.0)	(250, 108.0)	(255, 93.0)	(260, 135.0)	(265, 356.0)	(270, 489.0)	(275, 1295.0)	(280, 51928.0)	(285, 715.0)	(290, 1.0)	(295, 4.0)	(300, 35.0)		
184R_0_M_NS6_week5_S7_L001_R2_001	(50, 22.0)	(55, 26.0)	(60, 21.0)	(65, 29.0)	(70, 36.0)	(75, 35.0)	(80, 25.0)	(85, 28.0)	(90, 35.0)	(95, 37.0)	(100, 34.0)	(105, 23.0)	(110, 14.0)	(115, 31.0)	(120, 49.0)	(125, 34.0)	(130, 69.0)	(135, 28.0)	(140, 63.0)	(145, 41.0)	(150, 74.0)	(155, 77.0)	(160, 78.0)	(165, 34.0)	(170, 75.0)	(175, 118.0)	(180, 102.0)	(185, 90.0)	(190, 117.0)	(195, 223.0)	(200, 335.0)	(205, 182.0)	(210, 303.0)	(215, 406.0)	(220, 405.0)	(225, 452.0)	(230, 400.0)	(235, 484.0)	(240, 310.0)	(245, 642.0)	(250, 350.0)	(255, 1155.0)	(260, 1796.0)	(265, 1282.0)	(270, 2547.0)	(275, 33879.0)	(280, 9717.0)	(285, 1.0)	(290, 7.0)	(295, 15.0)	(300, 17.0)
2402R_0_F_S5_week5_S15_L001_R1_001	(65, 1.0)	(70, 0.0)	(75, 5.0)	(80, 5.0)	(85, 10.0)	(90, 7.0)	(95, 21.0)	(100, 72.0)	(105, 53.0)	(110, 101.0)	(115, 54.0)	(120, 22.0)	(125, 16.0)	(130, 38.0)	(135, 19.0)	(140, 11.0)	(145, 22.0)	(150, 13.0)	(155, 24.0)	(160, 26.0)	(165, 26.0)	(170, 174.0)	(175, 79.0)	(180, 61.0)	(185, 20.0)	(190, 36.0)	(195, 42.0)	(200, 31.0)	(205, 100.0)	(210, 81.0)	(215, 91.0)	(220, 31.0)	(225, 57.0)	(230, 46.0)	(235, 71.0)	(240, 91.0)	(245, 451.0)	(250, 283.0)	(255, 210.0)	(260, 220.0)	(265, 820.0)	(270, 1246.0)	(275, 2780.0)	(280, 62376.0)	(285, 1012.0)	(290, 2.0)	(295, 1.0)	(300, 40.0)			
2402R_0_F_S5_week5_S15_L001_R2_001	(50, 35.0)	(55, 23.0)	(60, 39.0)	(65, 32.0)	(70, 28.0)	(75, 33.0)	(80, 34.0)	(85, 15.0)	(90, 17.0)	(95, 33.0)	(100, 25.0)	(105, 25.0)	(110, 16.0)	(115, 32.0)	(120, 47.0)	(125, 78.0)	(130, 83.0)	(135, 67.0)	(140, 87.0)	(145, 58.0)	(150, 77.0)	(155, 103.0)	(160, 111.0)	(165, 57.0)	(170, 107.0)	(175, 232.0)	(180, 240.0)	(185, 145.0)	(190, 230.0)	(195, 410.0)	(200, 771.0)	(205, 489.0)	(210, 668.0)	(215, 968.0)	(220, 719.0)	(225, 631.0)	(230, 631.0)	(235, 872.0)	(240, 722.0)	(245, 1070.0)	(250, 562.0)	(255, 2260.0)	(260, 3277.0)	(265, 2084.0)	(270, 3700.0)	(275, 39030.0)	(280, 9989.0)	(285, 0.0)	(290, 2.0)	(295, 13.0)	(300, 21.0)
2402R_R_F_S5_week5_S16_L001_R1_001	(50, 1.0)	(55, 0.0)	(60, 1.0)	(65, 0.0)	(70, 0.0)	(75, 1.0)	(80, 3.0)	(85, 6.0)	(90, 5.0)	(95, 20.0)	(100, 59.0)	(105, 42.0)	(110, 60.0)	(115, 54.0)	(120, 21.0)	(125, 26.0)	(130, 60.0)	(135, 20.0)	(140, 4.0)	(145, 28.0)	(150, 11.0)	(155, 20.0)	(160, 22.0)	(165, 44.0)	(170, 86.0)	(175, 50.0)	(180, 41.0)	(185, 17.0)	(190, 19.0)	(195, 34.0)	(200, 18.0)	(205, 70.0)	(210, 64.0)	(215, 63.0)	(220, 33.0)	(225, 54.0)	(230, 63.0)	(235, 68.0)	(240, 87.0)	(245, 265.0)	(250, 198.0)	(255, 172.0)	(260, 150.0)	(265, 550.0)	(270, 833.0)	(275, 2199.0)	(280, 60319.0)	(285, 898.0)	(290, 1.0)	(295, 1.0)	(300, 31.0)
2402R_R_F_S5_week5_S16_L001_R2_001	(50, 22.0)	(55, 17.0)	(60, 18.0)	(65, 22.0)	(70, 36.0)	(75, 44.0)	(80, 21.0)	(85, 23.0)	(90, 28.0)	(95, 22.0)	(100, 26.0)	(105, 13.0)	(110, 11.0)	(115, 24.0)	(120, 47.0)	(125, 63.0)	(130, 59.0)	(135, 45.0)	(140, 58.0)	(145, 33.0)	(150, 59.0)	(155, 65.0)	(160, 120.0)	(165, 51.0)	(170, 77.0)	(175, 176.0)	(180, 160.0)	(185, 129.0)	(190, 174.0)	(195, 315.0)	(200, 572.0)	(205, 375.0)	(210, 539.0)	(215, 774.0)	(220, 566.0)	(225, 589.0)	(230, 570.0)	(235, 703.0)	(240, 558.0)	(245, 1003.0)	(250, 537.0)	(255, 1930.0)	(260, 2556.0)	(265, 1789.0)	(270, 3105.0)	(275, 38407.0)	(280, 10344.0)	(285, 1.0)	(290, 4.0)	(295, 6.0)	(300, 6.0)
2403R_0_F_NS6_week5_S8_L001_R1_001	(50, 2.0)	(55, 0.0)	(60, 0.0)	(65, 0.0)	(70, 0.0)	(75, 5.0)	(80, 5.0)	(85, 4.0)	(90, 3.0)	(95, 16.0)	(100, 36.0)	(105, 31.0)	(110, 47.0)	(115, 51.0)	(120, 6.0)	(125, 13.0)	(130, 46.0)	(135, 19.0)	(140, 5.0)	(145, 22.0)	(150, 11.0)	(155, 13.0)	(160, 24.0)	(165, 21.0)	(170, 88.0)	(175, 42.0)	(180, 46.0)	(185, 11.0)	(190, 18.0)	(195, 21.0)	(200, 20.0)	(205, 53.0)	(210, 53.0)	(215, 42.0)	(220, 31.0)	(225, 33.0)	(230, 36.0)	(235, 44.0)	(240, 55.0)	(245, 132.0)	(250, 121.0)	(255, 84.0)	(260, 110.0)	(265, 343.0)	(270, 459.0)	(275, 1276.0)	(280, 59786.0)	(285, 1035.0)	(290, 0.0)	(295, 5.0)	(300, 33.0)
2403R_0_F_NS6_week5_S8_L001_R2_001	(50, 32.0)	(55, 28.0)	(60, 28.0)	(65, 38.0)	(70, 34.0)	(75, 43.0)	(80, 24.0)	(85, 18.0)	(90, 21.0)	(95, 38.0)	(100, 39.0)	(105, 33.0)	(110, 22.0)	(115, 38.0)	(120, 51.0)	(125, 48.0)	(130, 67.0)	(135, 49.0)	(140, 66.0)	(145, 54.0)	(150, 73.0)	(155, 73.0)	(160, 75.0)	(165, 36.0)	(170, 71.0)	(175, 151.0)	(180, 130.0)	(185, 97.0)	(190, 112.0)	(195, 243.0)	(200, 394.0)	(205, 237.0)	(210, 341.0)	(215, 490.0)	(220, 451.0)	(225, 504.0)	(230, 481.0)	(235, 562.0)	(240, 320.0)	(245, 695.0)	(250, 441.0)	(255, 1325.0)	(260, 1800.0)	(265, 1436.0)	(270, 2817.0)	(275, 38650.0)	(280, 11550.0)	(285, 2.0)	(290, 8.0)	(295, 9.0)	(300, 12.0)
2433R_0_F_S5_week5_S17_L001_R1_001	(50, 3.0)	(55, 0.0)	(60, 0.0)	(65, 2.0)	(70, 1.0)	(75, 2.0)	(80, 15.0)	(85, 14.0)	(90, 3.0)	(95, 30.0)	(100, 85.0)	(105, 53.0)	(110, 127.0)	(115, 76.0)	(120, 18.0)	(125, 36.0)	(130, 73.0)	(135, 44.0)	(140, 18.0)	(145, 40.0)	(150, 18.0)	(155, 26.0)	(160, 32.0)	(165, 56.0)	(170, 163.0)	(175, 90.0)	(180, 58.0)	(185, 39.0)	(190, 54.0)	(195, 45.0)	(200, 42.0)	(205, 132.0)	(210, 93.0)	(215, 104.0)	(220, 43.0)	(225, 85.0)	(230, 82.0)	(235, 86.0)	(240, 86.0)	(245, 417.0)	(250, 265.0)	(255, 246.0)	(260, 246.0)	(265, 778.0)	(270, 1169.0)	(275, 2753.0)	(280, 90315.0)	(285, 1426.0)	(290, 0.0)	(295, 1.0)	(300, 45.0)
2433R_0_F_S5_week5_S17_L001_R2_001	(50, 45.0)	(55, 49.0)	(60, 45.0)	(65, 40.0)	(70, 56.0)	(75, 72.0)	(80, 59.0)	(85, 51.0)	(90, 34.0)	(95, 62.0)	(100, 42.0)	(105, 32.0)	(110, 26.0)	(115, 69.0)	(120, 80.0)	(125, 62.0)	(130, 115.0)	(135, 59.0)	(140, 118.0)	(145, 73.0)	(150, 114.0)	(155, 136.0)	(160, 171.0)	(165, 84.0)	(170, 136.0)	(175, 266.0)	(180, 258.0)	(185, 255.0)	(190, 331.0)	(195, 470.0)	(200, 798.0)	(205, 493.0)	(210, 751.0)	(215, 1060.0)	(220, 910.0)	(225, 941.0)	(230, 880.0)	(235, 1094.0)	(240, 710.0)	(245, 1378.0)	(250, 764.0)	(255, 2733.0)	(260, 3571.0)	(265, 2651.0)	(270, 4621.0)	(275, 57112.0)	(280, 15721.0)	(285, 0.0)	(290, 4.0)	(295, 8.0)	(300, 25.0)
2475R_0_M_S5_week5_S18_L001_R1_001	(50, 2.0)	(55, 0.0)	(60, 0.0)	(65, 0.0)	(70, 1.0)	(75, 3.0)	(80, 5.0)	(85, 1.0)	(90, 3.0)	(95, 35.0)	(100, 83.0)	(105, 45.0)	(110, 131.0)	(115, 77.0)	(120, 16.0)	(125, 28.0)	(130, 66.0)	(135, 33.0)	(140, 14.0)	(145, 48.0)	(150, 23.0)	(155, 26.0)	(160, 45.0)	(165, 68.0)	(170, 161.0)	(175, 100.0)	(180, 63.0)	(185, 26.0)	(190, 41.0)	(195, 54.0)	(200, 34.0)	(205, 102.0)	(210, 85.0)	(215, 96.0)	(220, 47.0)	(225, 78.0)	(230, 72.0)	(235, 90.0)	(240, 112.0)	(245, 448.0)	(250, 286.0)	(255, 275.0)	(260, 274.0)	(265, 786.0)	(270, 1199.0)	(275, 3078.0)	(280, 103825.0)	(285, 1558.0)	(290, 5.0)	(295, 8.0)	(300, 57.0)
2475R_0_M_S5_week5_S18_L001_R2_001	(50, 48.0)	(55, 55.0)	(60, 38.0)	(65, 41.0)	(70, 56.0)	(75, 95.0)	(80, 51.0)	(85, 35.0)	(90, 39.0)	(95, 77.0)	(100, 48.0)	(105, 41.0)	(110, 30.0)	(115, 62.0)	(120, 94.0)	(125, 97.0)	(130, 106.0)	(135, 69.0)	(140, 125.0)	(145, 109.0)	(150, 137.0)	(155, 128.0)	(160, 215.0)	(165, 91.0)	(170, 187.0)	(175, 276.0)	(180, 271.0)	(185, 249.0)	(190, 332.0)	(195, 531.0)	(200, 889.0)	(205, 564.0)	(210, 827.0)	(215, 1116.0)	(220, 957.0)	(225, 1069.0)	(230, 1027.0)	(235, 1238.0)	(240, 821.0)	(245, 1529.0)	(250, 904.0)	(255, 3103.0)	(260, 4367.0)	(265, 3061.0)	(270, 5499.0)	(275, 65532.0)	(280, 17430.0)	(285, 2.0)	(290, 2.0)	(295, 14.0)	(300, 29.0)
2475R_RL_M_S5_week5_S19_L001_R1_001	(50, 2.0)	(55, 1.0)	(60, 0.0)	(65, 0.0)	(70, 0.0)	(75, 3.0)	(80, 8.0)	(85, 1.0)	(90, 8.0)	(95, 38.0)	(100, 85.0)	(105, 71.0)	(110, 133.0)	(115, 80.0)	(120, 16.0)	(125, 28.0)	(130, 110.0)	(135, 23.0)	(140, 22.0)	(145, 37.0)	(150, 30.0)	(155, 30.0)	(160, 50.0)	(165, 70.0)	(170, 160.0)	(175, 92.0)	(180, 71.0)	(185, 30.0)	(190, 37.0)	(195, 53.0)	(200, 36.0)	(205, 110.0)	(210, 100.0)	(215, 86.0)	(220, 52.0)	(225, 86.0)	(230, 84.0)	(235, 97.0)	(240, 115.0)	(245, 447.0)	(250, 309.0)	(255, 234.0)	(260, 256.0)	(265, 832.0)	(270, 1209.0)	(275, 3116.0)	(280, 105127.0)	(285, 1755.0)	(290, 2.0)	(295, 7.0)	(300, 91.0)
2475R_RL_M_S5_week5_S19_L001_R2_001	(50, 61.0)	(55, 23.0)	(60, 44.0)	(65, 59.0)	(70, 49.0)	(75, 90.0)	(80, 61.0)	(85, 50.0)	(90, 50.0)	(95, 83.0)	(100, 56.0)	(105, 44.0)	(110, 34.0)	(115, 74.0)	(120, 89.0)	(125, 83.0)	(130, 126.0)	(135, 62.0)	(140, 119.0)	(145, 128.0)	(150, 120.0)	(155, 165.0)	(160, 172.0)	(165, 85.0)	(170, 135.0)	(175, 298.0)	(180, 233.0)	(185, 224.0)	(190, 289.0)	(195, 500.0)	(200, 854.0)	(205, 517.0)	(210, 795.0)	(215, 1061.0)	(220, 857.0)	(225, 1100.0)	(230, 1063.0)	(235, 1116.0)	(240, 700.0)	(245, 1406.0)	(250, 864.0)	(255, 2969.0)	(260, 4309.0)	(265, 2992.0)	(270, 5478.0)	(275, 67477.0)	(280, 18239.0)	(285, 0.0)	(290, 2.0)	(295, 10.0)	(300, 25.0)
2476R_R_F_NS6_week5_S9_L001_R1_001	(65, 2.0)	(70, 0.0)	(75, 2.0)	(80, 5.0)	(85, 2.0)	(90, 4.0)	(95, 9.0)	(100, 19.0)	(105, 41.0)	(110, 30.0)	(115, 37.0)	(120, 14.0)	(125, 18.0)	(130, 63.0)	(135, 22.0)	(140, 13.0)	(145, 32.0)	(150, 9.0)	(155, 23.0)	(160, 24.0)	(165, 27.0)	(170, 72.0)	(175, 42.0)	(180, 40.0)	(185, 27.0)	(190, 23.0)	(195, 12.0)	(200, 14.0)	(205, 59.0)	(210, 59.0)	(215, 28.0)	(220, 27.0)	(225, 43.0)	(230, 26.0)	(235, 45.0)	(240, 51.0)	(245, 125.0)	(250, 93.0)	(255, 83.0)	(260, 105.0)	(265, 293.0)	(270, 367.0)	(275, 1112.0)	(280, 58571.0)	(285, 827.0)	(290, 1.0)	(295, 5.0)	(300, 28.0)			
2476R_R_F_NS6_week5_S9_L001_R2_001	(50, 34.0)	(55, 16.0)	(60, 11.0)	(65, 20.0)	(70, 24.0)	(75, 30.0)	(80, 31.0)	(85, 15.0)	(90, 11.0)	(95, 40.0)	(100, 32.0)	(105, 20.0)	(110, 20.0)	(115, 35.0)	(120, 35.0)	(125, 37.0)	(130, 53.0)	(135, 24.0)	(140, 48.0)	(145, 39.0)	(150, 51.0)	(155, 50.0)	(160, 76.0)	(165, 44.0)	(170, 62.0)	(175, 119.0)	(180, 117.0)	(185, 61.0)	(190, 99.0)	(195, 210.0)	(200, 231.0)	(205, 164.0)	(210, 288.0)	(215, 303.0)	(220, 345.0)	(225, 499.0)	(230, 438.0)	(235, 422.0)	(240, 240.0)	(245, 606.0)	(250, 359.0)	(255, 1071.0)	(260, 1392.0)	(265, 1350.0)	(270, 2540.0)	(275, 38627.0)	(280, 12193.0)	(285, 1.0)	(290, 3.0)	(295, 17.0)	(300, 21.0)
2518R_0_M_S5_week5_S20_L001_R1_001	(50, 1.0)	(55, 0.0)	(60, 4.0)	(65, 1.0)	(70, 1.0)	(75, 1.0)	(80, 10.0)	(85, 0.0)	(90, 1.0)	(95, 31.0)	(100, 62.0)	(105, 56.0)	(110, 107.0)	(115, 63.0)	(120, 21.0)	(125, 22.0)	(130, 44.0)	(135, 15.0)	(140, 10.0)	(145, 34.0)	(150, 18.0)	(155, 26.0)	(160, 38.0)	(165, 47.0)	(170, 151.0)	(175, 83.0)	(180, 79.0)	(185, 30.0)	(190, 21.0)	(195, 41.0)	(200, 39.0)	(205, 98.0)	(210, 75.0)	(215, 83.0)	(220, 26.0)	(225, 56.0)	(230, 54.0)	(235, 76.0)	(240, 85.0)	(245, 350.0)	(250, 215.0)	(255, 177.0)	(260, 204.0)	(265, 663.0)	(270, 938.0)	(275, 2410.0)	(280, 70331.0)	(285, 1229.0)	(290, 3.0)	(295, 6.0)	(300, 47.0)
2518R_0_M_S5_week5_S20_L001_R2_001	(50, 44.0)	(55, 36.0)	(60, 40.0)	(65, 40.0)	(70, 41.0)	(75, 70.0)	(80, 45.0)	(85, 33.0)	(90, 29.0)	(95, 51.0)	(100, 35.0)	(105, 31.0)	(110, 26.0)	(115, 53.0)	(120, 74.0)	(125, 69.0)	(130, 75.0)	(135, 72.0)	(140, 106.0)	(145, 80.0)	(150, 97.0)	(155, 105.0)	(160, 114.0)	(165, 62.0)	(170, 111.0)	(175, 241.0)	(180, 207.0)	(185, 184.0)	(190, 218.0)	(195, 357.0)	(200, 680.0)	(205, 386.0)	(210, 581.0)	(215, 814.0)	(220, 658.0)	(225, 686.0)	(230, 678.0)	(235, 813.0)	(240, 558.0)	(245, 1041.0)	(250, 630.0)	(255, 2069.0)	(260, 2985.0)	(265, 2004.0)	(270, 3633.0)	(275, 45326.0)	(280, 11864.0)	(285, 1.0)	(290, 6.0)	(295, 11.0)	(300, 13.0)
2529R_0_F_NS1_week5_S53_L001_R1_001	(50, 1.0)	(55, 0.0)	(60, 16.0)	(65, 1.0)	(70, 0.0)	(75, 5.0)	(80, 8.0)	(85, 3.0)	(90, 7.0)	(95, 22.0)	(100, 51.0)	(105, 49.0)	(110, 94.0)	(115, 53.0)	(120, 19.0)	(125, 16.0)	(130, 97.0)	(135, 33.0)	(140, 14.0)	(145, 37.0)	(150, 15.0)	(155, 29.0)	(160, 37.0)	(165, 54.0)	(170, 165.0)	(175, 92.0)	(180, 60.0)	(185, 30.0)	(190, 29.0)	(195, 32.0)	(200, 11.0)	(205, 96.0)	(210, 93.0)	(215, 59.0)	(220, 48.0)	(225, 56.0)	(230, 71.0)	(235, 46.0)	(240, 75.0)	(245, 298.0)	(250, 184.0)	(255, 169.0)	(260, 145.0)	(265, 441.0)	(270, 703.0)	(275, 1698.0)	(280, 78365.0)	(285, 1287.0)	(290, 1.0)	(295, 5.0)	(300, 35.0)
2529R_0_F_NS1_week5_S53_L001_R2_001	(50, 41.0)	(55, 35.0)	(60, 43.0)	(65, 58.0)	(70, 45.0)	(75, 62.0)	(80, 36.0)	(85, 47.0)	(90, 28.0)	(95, 47.0)	(100, 49.0)	(105, 34.0)	(110, 21.0)	(115, 44.0)	(120, 70.0)	(125, 83.0)	(130, 94.0)	(135, 62.0)	(140, 111.0)	(145, 96.0)	(150, 132.0)	(155, 102.0)	(160, 148.0)	(165, 62.0)	(170, 125.0)	(175, 208.0)	(180, 188.0)	(185, 162.0)	(190, 197.0)	(195, 389.0)	(200, 546.0)	(205, 308.0)	(210, 501.0)	(215, 607.0)	(220, 578.0)	(225, 583.0)	(230, 550.0)	(235, 705.0)	(240, 525.0)	(245, 924.0)	(250, 529.0)	(255, 1603.0)	(260, 2500.0)	(265, 1998.0)	(270, 3800.0)	(275, 50719.0)	(280, 15120.0)	(285, 1.0)	(290, 6.0)	(295, 13.0)	(300, 20.0)
2529R_0_F_NS1_week9_S74_L001_R1_001	(50, 2.0)	(55, 1.0)	(60, 0.0)	(65, 0.0)	(70, 0.0)	(75, 3.0)	(80, 5.0)	(85, 2.0)	(90, 3.0)	(95, 18.0)	(100, 60.0)	(105, 36.0)	(110, 73.0)	(115, 52.0)	(120, 16.0)	(125, 13.0)	(130, 52.0)	(135, 25.0)	(140, 12.0)	(145, 27.0)	(150, 9.0)	(155, 22.0)	(160, 22.0)	(165, 38.0)	(170, 123.0)	(175, 56.0)	(180, 42.0)	(185, 19.0)	(190, 27.0)	(195, 38.0)	(200, 21.0)	(205, 79.0)	(210, 60.0)	(215, 62.0)	(220, 28.0)	(225, 42.0)	(230, 44.0)	(235, 46.0)	(240, 74.0)	(245, 284.0)	(250, 189.0)	(255, 128.0)	(260, 180.0)	(265, 514.0)	(270, 807.0)	(275, 1874.0)	(280, 69297.0)	(285, 963.0)	(290, 3.0)	(295, 10.0)	(300, 39.0)
2529R_0_F_NS1_week9_S74_L001_R2_001	(50, 37.0)	(55, 28.0)	(60, 28.0)	(65, 42.0)	(70, 22.0)	(75, 54.0)	(80, 25.0)	(85, 27.0)	(90, 35.0)	(95, 43.0)	(100, 45.0)	(105, 26.0)	(110, 22.0)	(115, 32.0)	(120, 52.0)	(125, 72.0)	(130, 85.0)	(135, 51.0)	(140, 71.0)	(145, 64.0)	(150, 94.0)	(155, 68.0)	(160, 119.0)	(165, 41.0)	(170, 96.0)	(175, 179.0)	(180, 181.0)	(185, 149.0)	(190, 214.0)	(195, 325.0)	(200, 515.0)	(205, 334.0)	(210, 546.0)	(215, 750.0)	(220, 590.0)	(225, 592.0)	(230, 562.0)	(235, 720.0)	(240, 520.0)	(245, 1022.0)	(250, 565.0)	(255, 2000.0)	(260, 2895.0)	(265, 2023.0)	(270, 3801.0)	(275, 43373.0)	(280, 12383.0)	(285, 0.0)	(290, 1.0)	(295, 8.0)	(300, 13.0)
2529R_L_F_NS1_diabetes_S26_L001_R1_001	(50, 1.0)	(55, 0.0)	(60, 0.0)	(65, 0.0)	(70, 0.0)	(75, 2.0)	(80, 2.0)	(85, 2.0)	(90, 3.0)	(95, 16.0)	(100, 40.0)	(105, 35.0)	(110, 66.0)	(115, 39.0)	(120, 10.0)	(125, 11.0)	(130, 45.0)	(135, 22.0)	(140, 9.0)	(145, 25.0)	(150, 19.0)	(155, 18.0)	(160, 38.0)	(165, 28.0)	(170, 109.0)	(175, 73.0)	(180, 36.0)	(185, 12.0)	(190, 23.0)	(195, 28.0)	(200, 23.0)	(205, 81.0)	(210, 44.0)	(215, 48.0)	(220, 24.0)	(225, 44.0)	(230, 39.0)	(235, 40.0)	(240, 40.0)	(245, 228.0)	(250, 155.0)	(255, 120.0)	(260, 134.0)	(265, 410.0)	(270, 643.0)	(275, 1500.0)	(280, 58076.0)	(285, 874.0)	(290, 3.0)	(295, 5.0)	(300, 26.0)
2529R_L_F_NS1_diabetes_S26_L001_R2_001	(50, 43.0)	(55, 31.0)	(60, 60.0)	(65, 44.0)	(70, 34.0)	(75, 77.0)	(80, 49.0)	(85, 38.0)	(90, 35.0)	(95, 50.0)	(100, 49.0)	(105, 38.0)	(110, 30.0)	(115, 56.0)	(120, 58.0)	(125, 73.0)	(130, 99.0)	(135, 52.0)	(140, 110.0)	(145, 86.0)	(150, 119.0)	(155, 97.0)	(160, 141.0)	(165, 44.0)	(170, 95.0)	(175, 167.0)	(180, 175.0)	(185, 129.0)	(190, 196.0)	(195, 286.0)	(200, 462.0)	(205, 283.0)	(210, 408.0)	(215, 561.0)	(220, 477.0)	(225, 555.0)	(230, 528.0)	(235, 657.0)	(240, 411.0)	(245, 780.0)	(250, 541.0)	(255, 1453.0)	(260, 2099.0)	(265, 1505.0)	(270, 2867.0)	(275, 36322.0)	(280, 10755.0)	(285, 1.0)	(290, 6.0)	(295, 13.0)	(300, 24.0)
2529R_L_F_NS1_week5_S54_L001_R1_001	(65, 1.0)	(70, 1.0)	(75, 1.0)	(80, 6.0)	(85, 1.0)	(90, 1.0)	(95, 36.0)	(100, 30.0)	(105, 44.0)	(110, 75.0)	(115, 36.0)	(120, 11.0)	(125, 19.0)	(130, 56.0)	(135, 28.0)	(140, 12.0)	(145, 34.0)	(150, 13.0)	(155, 16.0)	(160, 33.0)	(165, 50.0)	(170, 123.0)	(175, 77.0)	(180, 44.0)	(185, 11.0)	(190, 24.0)	(195, 27.0)	(200, 15.0)	(205, 67.0)	(210, 63.0)	(215, 54.0)	(220, 33.0)	(225, 59.0)	(230, 34.0)	(235, 55.0)	(240, 64.0)	(245, 200.0)	(250, 163.0)	(255, 126.0)	(260, 147.0)	(265, 405.0)	(270, 631.0)	(275, 1520.0)	(280, 66817.0)	(285, 1021.0)	(290, 0.0)	(295, 4.0)	(300, 31.0)			
2529R_L_F_NS1_week5_S54_L001_R2_001	(50, 46.0)	(55, 39.0)	(60, 36.0)	(65, 51.0)	(70, 29.0)	(75, 47.0)	(80, 43.0)	(85, 29.0)	(90, 31.0)	(95, 33.0)	(100, 36.0)	(105, 26.0)	(110, 21.0)	(115, 46.0)	(120, 77.0)	(125, 79.0)	(130, 85.0)	(135, 45.0)	(140, 88.0)	(145, 63.0)	(150, 102.0)	(155, 84.0)	(160, 120.0)	(165, 53.0)	(170, 87.0)	(175, 175.0)	(180, 151.0)	(185, 141.0)	(190, 185.0)	(195, 288.0)	(200, 386.0)	(205, 292.0)	(210, 425.0)	(215, 577.0)	(220, 451.0)	(225, 612.0)	(230, 538.0)	(235, 591.0)	(240, 425.0)	(245, 775.0)	(250, 483.0)	(255, 1389.0)	(260, 2069.0)	(265, 1608.0)	(270, 3192.0)	(275, 43047.0)	(280, 13084.0)	(285, 3.0)	(290, 6.0)	(295, 10.0)	(300, 20.0)
2529R_L_F_NS1_week9_S75_L001_R1_001	(50, 2.0)	(55, 0.0)	(60, 0.0)	(65, 0.0)	(70, 0.0)	(75, 0.0)	(80, 3.0)	(85, 4.0)	(90, 2.0)	(95, 17.0)	(100, 38.0)	(105, 42.0)	(110, 58.0)	(115, 52.0)	(120, 14.0)	(125, 16.0)	(130, 42.0)	(135, 17.0)	(140, 13.0)	(145, 19.0)	(150, 11.0)	(155, 12.0)	(160, 19.0)	(165, 34.0)	(170, 115.0)	(175, 52.0)	(180, 49.0)	(185, 23.0)	(190, 15.0)	(195, 39.0)	(200, 17.0)	(205, 90.0)	(210, 69.0)	(215, 66.0)	(220, 30.0)	(225, 39.0)	(230, 51.0)	(235, 35.0)	(240, 66.0)	(245, 250.0)	(250, 183.0)	(255, 122.0)	(260, 129.0)	(265, 451.0)	(270, 694.0)	(275, 1746.0)	(280, 64932.0)	(285, 1109.0)	(290, 1.0)	(295, 4.0)	(300, 60.0)
2529R_L_F_NS1_week9_S75_L001_R2_001	(50, 31.0)	(55, 24.0)	(60, 31.0)	(65, 33.0)	(70, 32.0)	(75, 40.0)	(80, 27.0)	(85, 25.0)	(90, 32.0)	(95, 43.0)	(100, 34.0)	(105, 28.0)	(110, 28.0)	(115, 45.0)	(120, 59.0)	(125, 59.0)	(130, 84.0)	(135, 56.0)	(140, 78.0)	(145, 54.0)	(150, 74.0)	(155, 76.0)	(160, 99.0)	(165, 39.0)	(170, 72.0)	(175, 180.0)	(180, 184.0)	(185, 135.0)	(190, 191.0)	(195, 246.0)	(200, 445.0)	(205, 293.0)	(210, 446.0)	(215, 606.0)	(220, 508.0)	(225, 575.0)	(230, 511.0)	(235, 688.0)	(240, 477.0)	(245, 779.0)	(250, 467.0)	(255, 1691.0)	(260, 2441.0)	(265, 1836.0)	(270, 3537.0)	(275, 41419.0)	(280, 11973.0)	(285, 0.0)	(290, 3.0)	(295, 5.0)	(300, 13.0)
2529R_NS1_week22_S37_L001_R1_001	(50, 1.0)	(55, 0.0)	(60, 4.0)	(65, 0.0)	(70, 0.0)	(75, 4.0)	(80, 1.0)	(85, 5.0)	(90, 1.0)	(95, 23.0)	(100, 50.0)	(105, 50.0)	(110, 54.0)	(115, 37.0)	(120, 13.0)	(125, 11.0)	(130, 66.0)	(135, 23.0)	(140, 14.0)	(145, 18.0)	(150, 16.0)	(155, 13.0)	(160, 39.0)	(165, 41.0)	(170, 115.0)	(175, 62.0)	(180, 36.0)	(185, 22.0)	(190, 27.0)	(195, 30.0)	(200, 14.0)	(205, 55.0)	(210, 64.0)	(215, 56.0)	(220, 28.0)	(225, 42.0)	(230, 37.0)	(235, 48.0)	(240, 62.0)	(245, 229.0)	(250, 181.0)	(255, 144.0)	(260, 156.0)	(265, 462.0)	(270, 683.0)	(275, 1628.0)	(280, 70578.0)	(285, 1021.0)	(290, 2.0)	(295, 2.0)	(300, 28.0)
2529R_NS1_week22_S37_L001_R2_001	(50, 32.0)	(55, 24.0)	(60, 28.0)	(65, 33.0)	(70, 24.0)	(75, 36.0)	(80, 15.0)	(85, 22.0)	(90, 22.0)	(95, 28.0)	(100, 35.0)	(105, 20.0)	(110, 18.0)	(115, 28.0)	(120, 45.0)	(125, 40.0)	(130, 54.0)	(135, 48.0)	(140, 53.0)	(145, 45.0)	(150, 65.0)	(155, 67.0)	(160, 99.0)	(165, 41.0)	(170, 80.0)	(175, 183.0)	(180, 144.0)	(185, 99.0)	(190, 169.0)	(195, 289.0)	(200, 456.0)	(205, 266.0)	(210, 468.0)	(215, 528.0)	(220, 552.0)	(225, 544.0)	(230, 552.0)	(235, 718.0)	(240, 461.0)	(245, 822.0)	(250, 507.0)	(255, 1543.0)	(260, 2345.0)	(265, 1786.0)	(270, 3541.0)	(275, 45262.0)	(280, 14031.0)	(285, 0.0)	(290, 7.0)	(295, 9.0)	(300, 12.0)
2529R_RL_F_NS1_week5_S55_L001_R1_001	(50, 1.0)	(55, 0.0)	(60, 1.0)	(65, 1.0)	(70, 1.0)	(75, 5.0)	(80, 4.0)	(85, 6.0)	(90, 5.0)	(95, 30.0)	(100, 42.0)	(105, 40.0)	(110, 67.0)	(115, 45.0)	(120, 14.0)	(125, 16.0)	(130, 83.0)	(135, 34.0)	(140, 10.0)	(145, 31.0)	(150, 17.0)	(155, 21.0)	(160, 36.0)	(165, 51.0)	(170, 107.0)	(175, 57.0)	(180, 53.0)	(185, 16.0)	(190, 22.0)	(195, 33.0)	(200, 18.0)	(205, 74.0)	(210, 70.0)	(215, 55.0)	(220, 40.0)	(225, 52.0)	(230, 46.0)	(235, 51.0)	(240, 47.0)	(245, 213.0)	(250, 138.0)	(255, 119.0)	(260, 133.0)	(265, 376.0)	(270, 562.0)	(275, 1503.0)	(280, 75046.0)	(285, 1228.0)	(290, 1.0)	(295, 3.0)	(300, 41.0)
2529R_RL_F_NS1_week5_S55_L001_R2_001	(50, 45.0)	(55, 33.0)	(60, 42.0)	(65, 47.0)	(70, 33.0)	(75, 52.0)	(80, 54.0)	(85, 22.0)	(90, 41.0)	(95, 40.0)	(100, 46.0)	(105, 37.0)	(110, 25.0)	(115, 47.0)	(120, 79.0)	(125, 69.0)	(130, 99.0)	(135, 55.0)	(140, 106.0)	(145, 77.0)	(150, 92.0)	(155, 86.0)	(160, 126.0)	(165, 67.0)	(170, 98.0)	(175, 178.0)	(180, 175.0)	(185, 149.0)	(190, 221.0)	(195, 307.0)	(200, 441.0)	(205, 286.0)	(210, 451.0)	(215, 530.0)	(220, 510.0)	(225, 587.0)	(230, 520.0)	(235, 626.0)	(240, 402.0)	(245, 862.0)	(250, 561.0)	(255, 1557.0)	(260, 2207.0)	(265, 1800.0)	(270, 3634.0)	(275, 48502.0)	(280, 14593.0)	(285, 1.0)	(290, 9.0)	(295, 14.0)	(300, 24.0)
2529R_RL_F_NS1_week9_S76_L001_R1_001	(50, 2.0)	(55, 1.0)	(60, 9.0)	(65, 1.0)	(70, 1.0)	(75, 8.0)	(80, 10.0)	(85, 2.0)	(90, 4.0)	(95, 34.0)	(100, 66.0)	(105, 33.0)	(110, 69.0)	(115, 58.0)	(120, 16.0)	(125, 16.0)	(130, 48.0)	(135, 21.0)	(140, 16.0)	(145, 31.0)	(150, 18.0)	(155, 22.0)	(160, 44.0)	(165, 48.0)	(170, 139.0)	(175, 57.0)	(180, 44.0)	(185, 15.0)	(190, 26.0)	(195, 41.0)	(200, 21.0)	(205, 98.0)	(210, 53.0)	(215, 70.0)	(220, 37.0)	(225, 38.0)	(230, 41.0)	(235, 40.0)	(240, 58.0)	(245, 285.0)	(250, 171.0)	(255, 134.0)	(260, 150.0)	(265, 565.0)	(270, 784.0)	(275, 1854.0)	(280, 65601.0)	(285, 1173.0)	(290, 2.0)	(295, 6.0)	(300, 61.0)
2529R_RL_F_NS1_week9_S76_L001_R2_001	(50, 32.0)	(55, 27.0)	(60, 26.0)	(65, 27.0)	(70, 22.0)	(75, 38.0)	(80, 33.0)	(85, 24.0)	(90, 25.0)	(95, 49.0)	(100, 31.0)	(105, 22.0)	(110, 24.0)	(115, 34.0)	(120, 59.0)	(125, 58.0)	(130, 88.0)	(135, 77.0)	(140, 87.0)	(145, 62.0)	(150, 70.0)	(155, 83.0)	(160, 141.0)	(165, 46.0)	(170, 98.0)	(175, 177.0)	(180, 162.0)	(185, 141.0)	(190, 168.0)	(195, 311.0)	(200, 526.0)	(205, 311.0)	(210, 463.0)	(215, 671.0)	(220, 510.0)	(225, 585.0)	(230, 550.0)	(235, 663.0)	(240, 464.0)	(245, 849.0)	(250, 517.0)	(255, 1726.0)	(260, 2484.0)	(265, 1895.0)	(270, 3421.0)	(275, 42451.0)	(280, 11784.0)	(285, 0.0)	(290, 3.0)	(295, 9.0)	(300, 18.0)
2562R_0_F_NS6_week5_S10_L001_R1_001	(65, 1.0)	(70, 1.0)	(75, 0.0)	(80, 8.0)	(85, 3.0)	(90, 1.0)	(95, 19.0)	(100, 22.0)	(105, 51.0)	(110, 39.0)	(115, 30.0)	(120, 17.0)	(125, 23.0)	(130, 53.0)	(135, 28.0)	(140, 13.0)	(145, 26.0)	(150, 10.0)	(155, 16.0)	(160, 26.0)	(165, 19.0)	(170, 63.0)	(175, 58.0)	(180, 30.0)	(185, 14.0)	(190, 26.0)	(195, 34.0)	(200, 16.0)	(205, 53.0)	(210, 40.0)	(215, 35.0)	(220, 28.0)	(225, 46.0)	(230, 33.0)	(235, 48.0)	(240, 40.0)	(245, 122.0)	(250, 102.0)	(255, 74.0)	(260, 133.0)	(265, 301.0)	(270, 372.0)	(275, 1189.0)	(280, 59941.0)	(285, 818.0)	(290, 2.0)	(295, 6.0)	(300, 43.0)			
2562R_0_F_NS6_week5_S10_L001_R2_001	(50, 25.0)	(55, 22.0)	(60, 19.0)	(65, 26.0)	(70, 25.0)	(75, 31.0)	(80, 27.0)	(85, 31.0)	(90, 24.0)	(95, 35.0)	(100, 23.0)	(105, 16.0)	(110, 27.0)	(115, 37.0)	(120, 49.0)	(125, 41.0)	(130, 56.0)	(135, 38.0)	(140, 45.0)	(145, 40.0)	(150, 50.0)	(155, 53.0)	(160, 88.0)	(165, 39.0)	(170, 95.0)	(175, 119.0)	(180, 98.0)	(185, 82.0)	(190, 106.0)	(195, 231.0)	(200, 297.0)	(205, 170.0)	(210, 297.0)	(215, 381.0)	(220, 338.0)	(225, 516.0)	(230, 412.0)	(235, 450.0)	(240, 300.0)	(245, 684.0)	(250, 433.0)	(255, 1167.0)	(260, 1734.0)	(265, 1370.0)	(270, 2751.0)	(275, 39630.0)	(280, 11521.0)	(285, 0.0)	(290, 3.0)	(295, 9.0)	(300, 12.0)
2562R_RL_F_NS6_week5_S11_L001_R1_001	(55, 1.0)	(60, 0.0)	(65, 0.0)	(70, 0.0)	(75, 1.0)	(80, 3.0)	(85, 1.0)	(90, 1.0)	(95, 13.0)	(100, 26.0)	(105, 42.0)	(110, 33.0)	(115, 18.0)	(120, 7.0)	(125, 12.0)	(130, 40.0)	(135, 11.0)	(140, 12.0)	(145, 19.0)	(150, 9.0)	(155, 18.0)	(160, 32.0)	(165, 21.0)	(170, 50.0)	(175, 46.0)	(180, 28.0)	(185, 18.0)	(190, 20.0)	(195, 9.0)	(200, 9.0)	(205, 50.0)	(210, 66.0)	(215, 43.0)	(220, 29.0)	(225, 39.0)	(230, 21.0)	(235, 33.0)	(240, 37.0)	(245, 103.0)	(250, 78.0)	(255, 66.0)	(260, 84.0)	(265, 237.0)	(270, 297.0)	(275, 931.0)	(280, 53073.0)	(285, 796.0)	(290, 2.0)	(295, 2.0)	(300, 35.0)	
2562R_RL_F_NS6_week5_S11_L001_R2_001	(50, 20.0)	(55, 25.0)	(60, 19.0)	(65, 34.0)	(70, 27.0)	(75, 40.0)	(80, 26.0)	(85, 20.0)	(90, 23.0)	(95, 34.0)	(100, 35.0)	(105, 28.0)	(110, 18.0)	(115, 24.0)	(120, 35.0)	(125, 29.0)	(130, 43.0)	(135, 41.0)	(140, 43.0)	(145, 58.0)	(150, 57.0)	(155, 54.0)	(160, 69.0)	(165, 33.0)	(170, 63.0)	(175, 111.0)	(180, 100.0)	(185, 66.0)	(190, 103.0)	(195, 205.0)	(200, 211.0)	(205, 138.0)	(210, 240.0)	(215, 269.0)	(220, 266.0)	(225, 411.0)	(230, 361.0)	(235, 371.0)	(240, 259.0)	(245, 532.0)	(250, 331.0)	(255, 957.0)	(260, 1370.0)	(265, 1221.0)	(270, 2444.0)	(275, 35026.0)	(280, 10606.0)	(285, 1.0)	(290, 5.0)	(295, 6.0)	(300, 14.0)
3861R_0_M_NS1_week5_S56_L001_R1_001	(60, 2.0)	(65, 1.0)	(70, 1.0)	(75, 6.0)	(80, 6.0)	(85, 4.0)	(90, 6.0)	(95, 24.0)	(100, 26.0)	(105, 41.0)	(110, 75.0)	(115, 52.0)	(120, 17.0)	(125, 12.0)	(130, 68.0)	(135, 25.0)	(140, 17.0)	(145, 28.0)	(150, 16.0)	(155, 23.0)	(160, 32.0)	(165, 35.0)	(170, 93.0)	(175, 59.0)	(180, 45.0)	(185, 19.0)	(190, 23.0)	(195, 23.0)	(200, 16.0)	(205, 53.0)	(210, 56.0)	(215, 45.0)	(220, 41.0)	(225, 45.0)	(230, 37.0)	(235, 52.0)	(240, 46.0)	(245, 214.0)	(250, 142.0)	(255, 119.0)	(260, 136.0)	(265, 357.0)	(270, 574.0)	(275, 1427.0)	(280, 70582.0)	(285, 1522.0)	(290, 3.0)	(295, 6.0)	(300, 41.0)		
3861R_0_M_NS1_week5_S56_L001_R2_001	(50, 42.0)	(55, 31.0)	(60, 34.0)	(65, 44.0)	(70, 42.0)	(75, 63.0)	(80, 39.0)	(85, 35.0)	(90, 37.0)	(95, 43.0)	(100, 46.0)	(105, 41.0)	(110, 26.0)	(115, 48.0)	(120, 73.0)	(125, 64.0)	(130, 104.0)	(135, 66.0)	(140, 91.0)	(145, 69.0)	(150, 95.0)	(155, 86.0)	(160, 132.0)	(165, 63.0)	(170, 94.0)	(175, 171.0)	(180, 160.0)	(185, 152.0)	(190, 196.0)	(195, 291.0)	(200, 415.0)	(205, 278.0)	(210, 462.0)	(215, 589.0)	(220, 499.0)	(225, 655.0)	(230, 549.0)	(235, 636.0)	(240, 418.0)	(245, 867.0)	(250, 523.0)	(255, 1546.0)	(260, 2168.0)	(265, 1742.0)	(270, 3267.0)	(275, 45332.0)	(280, 13823.0)	(285, 2.0)	(290, 13.0)	(295, 14.0)	(300, 17.0)
3861R_0_M_NS1_week9_S77_L001_R1_001	(50, 1.0)	(55, 0.0)	(60, 15.0)	(65, 0.0)	(70, 0.0)	(75, 0.0)	(80, 5.0)	(85, 8.0)	(90, 9.0)	(95, 13.0)	(100, 34.0)	(105, 34.0)	(110, 62.0)	(115, 37.0)	(120, 12.0)	(125, 11.0)	(130, 39.0)	(135, 17.0)	(140, 11.0)	(145, 25.0)	(150, 14.0)	(155, 17.0)	(160, 25.0)	(165, 36.0)	(170, 97.0)	(175, 53.0)	(180, 30.0)	(185, 20.0)	(190, 24.0)	(195, 23.0)	(200, 14.0)	(205, 59.0)	(210, 71.0)	(215, 50.0)	(220, 24.0)	(225, 35.0)	(230, 34.0)	(235, 38.0)	(240, 54.0)	(245, 157.0)	(250, 114.0)	(255, 92.0)	(260, 127.0)	(265, 346.0)	(270, 520.0)	(275, 1217.0)	(280, 60059.0)	(285, 803.0)	(290, 1.0)	(295, 3.0)	(300, 27.0)
3861R_0_M_NS1_week9_S77_L001_R2_001	(50, 32.0)	(55, 27.0)	(60, 32.0)	(65, 35.0)	(70, 26.0)	(75, 44.0)	(80, 25.0)	(85, 28.0)	(90, 29.0)	(95, 44.0)	(100, 26.0)	(105, 26.0)	(110, 22.0)	(115, 38.0)	(120, 72.0)	(125, 54.0)	(130, 66.0)	(135, 48.0)	(140, 82.0)	(145, 50.0)	(150, 94.0)	(155, 76.0)	(160, 97.0)	(165, 49.0)	(170, 66.0)	(175, 131.0)	(180, 145.0)	(185, 105.0)	(190, 151.0)	(195, 222.0)	(200, 304.0)	(205, 229.0)	(210, 373.0)	(215, 453.0)	(220, 413.0)	(225, 516.0)	(230, 443.0)	(235, 485.0)	(240, 312.0)	(245, 693.0)	(250, 425.0)	(255, 1191.0)	(260, 1836.0)	(265, 1496.0)	(270, 2910.0)	(275, 38650.0)	(280, 11816.0)	(285, 2.0)	(290, 4.0)	(295, 11.0)	(300, 13.0)
3861R_L_M_NS1_diabetes_S27_L001_R1_001	(75, 2.0)	(80, 0.0)	(85, 3.0)	(90, 2.0)	(95, 11.0)	(100, 22.0)	(105, 25.0)	(110, 44.0)	(115, 35.0)	(120, 8.0)	(125, 7.0)	(130, 44.0)	(135, 7.0)	(140, 9.0)	(145, 20.0)	(150, 7.0)	(155, 18.0)	(160, 27.0)	(165, 40.0)	(170, 75.0)	(175, 55.0)	(180, 27.0)	(185, 11.0)	(190, 12.0)	(195, 29.0)	(200, 15.0)	(205, 65.0)	(210, 73.0)	(215, 39.0)	(220, 29.0)	(225, 44.0)	(230, 32.0)	(235, 17.0)	(240, 39.0)	(245, 147.0)	(250, 108.0)	(255, 95.0)	(260, 114.0)	(265, 273.0)	(270, 429.0)	(275, 1004.0)	(280, 58931.0)	(285, 882.0)	(290, 0.0)	(295, 5.0)	(300, 33.0)					
3861R_L_M_NS1_diabetes_S27_L001_R2_001	(50, 72.0)	(55, 33.0)	(60, 50.0)	(65, 54.0)	(70, 48.0)	(75, 57.0)	(80, 51.0)	(85, 27.0)	(90, 33.0)	(95, 49.0)	(100, 47.0)	(105, 37.0)	(110, 32.0)	(115, 45.0)	(120, 67.0)	(125, 63.0)	(130, 89.0)	(135, 50.0)	(140, 107.0)	(145, 96.0)	(150, 124.0)	(155, 80.0)	(160, 122.0)	(165, 38.0)	(170, 84.0)	(175, 140.0)	(180, 122.0)	(185, 113.0)	(190, 201.0)	(195, 270.0)	(200, 319.0)	(205, 200.0)	(210, 359.0)	(215, 370.0)	(220, 392.0)	(225, 510.0)	(230, 503.0)	(235, 556.0)	(240, 330.0)	(245, 696.0)	(250, 445.0)	(255, 1073.0)	(260, 1609.0)	(265, 1355.0)	(270, 2776.0)	(275, 36594.0)	(280, 12384.0)	(285, 2.0)	(290, 9.0)	(295, 10.0)	(300, 21.0)
3861R_L_M_NS1_week5_S57_L001_R1_001	(50, 3.0)	(55, 2.0)	(60, 0.0)	(65, 1.0)	(70, 0.0)	(75, 0.0)	(80, 6.0)	(85, 8.0)	(90, 7.0)	(95, 20.0)	(100, 29.0)	(105, 38.0)	(110, 66.0)	(115, 31.0)	(120, 12.0)	(125, 12.0)	(130, 58.0)	(135, 17.0)	(140, 15.0)	(145, 28.0)	(150, 12.0)	(155, 19.0)	(160, 32.0)	(165, 36.0)	(170, 102.0)	(175, 44.0)	(180, 44.0)	(185, 21.0)	(190, 23.0)	(195, 21.0)	(200, 14.0)	(205, 62.0)	(210, 56.0)	(215, 48.0)	(220, 28.0)	(225, 50.0)	(230, 31.0)	(235, 48.0)	(240, 60.0)	(245, 183.0)	(250, 149.0)	(255, 109.0)	(260, 125.0)	(265, 294.0)	(270, 435.0)	(275, 1252.0)	(280, 50459.0)	(285, 833.0)	(290, 1.0)	(295, 4.0)	(300, 25.0)
3861R_L_M_NS1_week5_S57_L001_R2_001	(50, 28.0)	(55, 23.0)	(60, 42.0)	(65, 39.0)	(70, 38.0)	(75, 61.0)	(80, 33.0)	(85, 19.0)	(90, 19.0)	(95, 42.0)	(100, 29.0)	(105, 21.0)	(110, 27.0)	(115, 43.0)	(120, 70.0)	(125, 44.0)	(130, 75.0)	(135, 44.0)	(140, 98.0)	(145, 61.0)	(150, 80.0)	(155, 64.0)	(160, 125.0)	(165, 54.0)	(170, 98.0)	(175, 162.0)	(180, 161.0)	(185, 151.0)	(190, 172.0)	(195, 259.0)	(200, 384.0)	(205, 248.0)	(210, 352.0)	(215, 500.0)	(220, 416.0)	(225, 463.0)	(230, 406.0)	(235, 539.0)	(240, 347.0)	(245, 738.0)	(250, 455.0)	(255, 1219.0)	(260, 1669.0)	(265, 1363.0)	(270, 2430.0)	(275, 31629.0)	(280, 9593.0)	(285, 1.0)	(290, 2.0)	(295, 9.0)	(300, 28.0)
3861R_L_M_NS1_week9_S78_L001_R1_001	(55, 1.0)	(60, 0.0)	(65, 0.0)	(70, 1.0)	(75, 5.0)	(80, 4.0)	(85, 3.0)	(90, 0.0)	(95, 28.0)	(100, 42.0)	(105, 58.0)	(110, 66.0)	(115, 32.0)	(120, 16.0)	(125, 19.0)	(130, 62.0)	(135, 19.0)	(140, 9.0)	(145, 34.0)	(150, 8.0)	(155, 23.0)	(160, 24.0)	(165, 37.0)	(170, 117.0)	(175, 61.0)	(180, 47.0)	(185, 15.0)	(190, 19.0)	(195, 32.0)	(200, 21.0)	(205, 54.0)	(210, 47.0)	(215, 33.0)	(220, 29.0)	(225, 49.0)	(230, 34.0)	(235, 32.0)	(240, 60.0)	(245, 205.0)	(250, 120.0)	(255, 108.0)	(260, 126.0)	(265, 314.0)	(270, 490.0)	(275, 1275.0)	(280, 63932.0)	(285, 848.0)	(290, 0.0)	(295, 2.0)	(300, 36.0)	
3861R_L_M_NS1_week9_S78_L001_R2_001	(50, 34.0)	(55, 23.0)	(60, 21.0)	(65, 26.0)	(70, 23.0)	(75, 36.0)	(80, 22.0)	(85, 18.0)	(90, 26.0)	(95, 46.0)	(100, 30.0)	(105, 23.0)	(110, 28.0)	(115, 39.0)	(120, 61.0)	(125, 60.0)	(130, 73.0)	(135, 43.0)	(140, 83.0)	(145, 66.0)	(150, 72.0)	(155, 62.0)	(160, 88.0)	(165, 30.0)	(170, 67.0)	(175, 122.0)	(180, 148.0)	(185, 110.0)	(190, 162.0)	(195, 241.0)	(200, 318.0)	(205, 199.0)	(210, 376.0)	(215, 459.0)	(220, 402.0)	(225, 536.0)	(230, 466.0)	(235, 562.0)	(240, 384.0)	(245, 740.0)	(250, 412.0)	(255, 1287.0)	(260, 1918.0)	(265, 1548.0)	(270, 3017.0)	(275, 41314.0)	(280, 12747.0)	(285, 1.0)	(290, 2.0)	(295, 8.0)	(300, 18.0)
3861R_NS1_week28_S39_L001_R1_001	(60, 1.0)	(65, 0.0)	(70, 0.0)	(75, 2.0)	(80, 4.0)	(85, 4.0)	(90, 4.0)	(95, 25.0)	(100, 49.0)	(105, 32.0)	(110, 61.0)	(115, 37.0)	(120, 12.0)	(125, 18.0)	(130, 55.0)	(135, 26.0)	(140, 11.0)	(145, 28.0)	(150, 17.0)	(155, 19.0)	(160, 23.0)	(165, 38.0)	(170, 141.0)	(175, 58.0)	(180, 31.0)	(185, 13.0)	(190, 26.0)	(195, 27.0)	(200, 24.0)	(205, 94.0)	(210, 66.0)	(215, 53.0)	(220, 32.0)	(225, 40.0)	(230, 44.0)	(235, 65.0)	(240, 66.0)	(245, 322.0)	(250, 186.0)	(255, 183.0)	(260, 190.0)	(265, 535.0)	(270, 857.0)	(275, 1988.0)	(280, 72338.0)	(285, 1141.0)	(290, 1.0)	(295, 7.0)	(300, 44.0)		
3861R_NS1_week28_S39_L001_R2_001	(50, 27.0)	(55, 17.0)	(60, 23.0)	(65, 26.0)	(70, 25.0)	(75, 42.0)	(80, 23.0)	(85, 19.0)	(90, 33.0)	(95, 31.0)	(100, 26.0)	(105, 22.0)	(110, 25.0)	(115, 38.0)	(120, 58.0)	(125, 42.0)	(130, 80.0)	(135, 46.0)	(140, 71.0)	(145, 41.0)	(150, 94.0)	(155, 78.0)	(160, 137.0)	(165, 44.0)	(170, 115.0)	(175, 199.0)	(180, 188.0)	(185, 167.0)	(190, 228.0)	(195, 383.0)	(200, 666.0)	(205, 412.0)	(210, 649.0)	(215, 866.0)	(220, 671.0)	(225, 765.0)	(230, 700.0)	(235, 875.0)	(240, 565.0)	(245, 1183.0)	(250, 635.0)	(255, 2374.0)	(260, 2967.0)	(265, 2255.0)	(270, 4049.0)	(275, 44007.0)	(280, 13007.0)	(285, 1.0)	(290, 7.0)	(295, 19.0)	(300, 17.0)
3861R_R_M_NS1_week5_S58_L001_R1_001	(55, 1.0)	(60, 0.0)	(65, 0.0)	(70, 0.0)	(75, 4.0)	(80, 6.0)	(85, 1.0)	(90, 6.0)	(95, 29.0)	(100, 58.0)	(105, 64.0)	(110, 81.0)	(115, 43.0)	(120, 18.0)	(125, 23.0)	(130, 65.0)	(135, 23.0)	(140, 16.0)	(145, 34.0)	(150, 17.0)	(155, 12.0)	(160, 32.0)	(165, 43.0)	(170, 125.0)	(175, 63.0)	(180, 45.0)	(185, 21.0)	(190, 27.0)	(195, 28.0)	(200, 27.0)	(205, 76.0)	(210, 71.0)	(215, 58.0)	(220, 37.0)	(225, 31.0)	(230, 51.0)	(235, 46.0)	(240, 75.0)	(245, 259.0)	(250, 189.0)	(255, 134.0)	(260, 175.0)	(265, 406.0)	(270, 706.0)	(275, 1815.0)	(280, 69687.0)	(285, 1122.0)	(290, 1.0)	(295, 5.0)	(300, 37.0)	
3861R_R_M_NS1_week5_S58_L001_R2_001	(50, 46.0)	(55, 39.0)	(60, 43.0)	(65, 39.0)	(70, 30.0)	(75, 89.0)	(80, 40.0)	(85, 30.0)	(90, 41.0)	(95, 62.0)	(100, 40.0)	(105, 38.0)	(110, 33.0)	(115, 54.0)	(120, 79.0)	(125, 70.0)	(130, 124.0)	(135, 55.0)	(140, 105.0)	(145, 95.0)	(150, 111.0)	(155, 120.0)	(160, 166.0)	(165, 65.0)	(170, 134.0)	(175, 207.0)	(180, 232.0)	(185, 205.0)	(190, 253.0)	(195, 392.0)	(200, 565.0)	(205, 345.0)	(210, 567.0)	(215, 726.0)	(220, 591.0)	(225, 731.0)	(230, 654.0)	(235, 787.0)	(240, 536.0)	(245, 1066.0)	(250, 665.0)	(255, 1737.0)	(260, 2588.0)	(265, 2007.0)	(270, 3499.0)	(275, 43066.0)	(280, 12678.0)	(285, 2.0)	(290, 4.0)	(295, 14.0)	(300, 28.0)
3924R_L_F_S5_week5_S21_L001_R1_001	(50, 1.0)	(55, 0.0)	(60, 1.0)	(65, 0.0)	(70, 0.0)	(75, 1.0)	(80, 5.0)	(85, 3.0)	(90, 1.0)	(95, 28.0)	(100, 49.0)	(105, 44.0)	(110, 83.0)	(115, 60.0)	(120, 14.0)	(125, 25.0)	(130, 35.0)	(135, 21.0)	(140, 8.0)	(145, 17.0)	(150, 14.0)	(155, 13.0)	(160, 22.0)	(165, 34.0)	(170, 115.0)	(175, 57.0)	(180, 43.0)	(185, 20.0)	(190, 36.0)	(195, 33.0)	(200, 20.0)	(205, 86.0)	(210, 67.0)	(215, 66.0)	(220, 31.0)	(225, 61.0)	(230, 47.0)	(235, 59.0)	(240, 71.0)	(245, 328.0)	(250, 236.0)	(255, 199.0)	(260, 212.0)	(265, 640.0)	(270, 991.0)	(275, 2280.0)	(280, 77310.0)	(285, 1282.0)	(290, 0.0)	(295, 6.0)	(300, 56.0)
3924R_L_F_S5_week5_S21_L001_R2_001	(50, 23.0)	(55, 25.0)	(60, 32.0)	(65, 33.0)	(70, 22.0)	(75, 47.0)	(80, 33.0)	(85, 28.0)	(90, 23.0)	(95, 46.0)	(100, 37.0)	(105, 15.0)	(110, 12.0)	(115, 31.0)	(120, 49.0)	(125, 50.0)	(130, 79.0)	(135, 56.0)	(140, 72.0)	(145, 53.0)	(150, 73.0)	(155, 94.0)	(160, 114.0)	(165, 43.0)	(170, 99.0)	(175, 225.0)	(180, 194.0)	(185, 167.0)	(190, 184.0)	(195, 390.0)	(200, 606.0)	(205, 394.0)	(210, 540.0)	(215, 806.0)	(220, 691.0)	(225, 720.0)	(230, 717.0)	(235, 864.0)	(240, 628.0)	(245, 1150.0)	(250, 622.0)	(255, 2171.0)	(260, 3322.0)	(265, 2289.0)	(270, 4247.0)	(275, 49396.0)	(280, 13295.0)	(285, 1.0)	(290, 1.0)	(295, 5.0)	(300, 17.0)
3929R_0_F_S5_week5_S22_L001_R1_001	(55, 1.0)	(60, 0.0)	(65, 0.0)	(70, 0.0)	(75, 9.0)	(80, 6.0)	(85, 3.0)	(90, 6.0)	(95, 42.0)	(100, 62.0)	(105, 82.0)	(110, 109.0)	(115, 73.0)	(120, 29.0)	(125, 25.0)	(130, 90.0)	(135, 33.0)	(140, 17.0)	(145, 40.0)	(150, 20.0)	(155, 31.0)	(160, 43.0)	(165, 62.0)	(170, 161.0)	(175, 74.0)	(180, 66.0)	(185, 22.0)	(190, 32.0)	(195, 43.0)	(200, 42.0)	(205, 110.0)	(210, 84.0)	(215, 89.0)	(220, 63.0)	(225, 83.0)	(230, 60.0)	(235, 69.0)	(240, 86.0)	(245, 343.0)	(250, 215.0)	(255, 171.0)	(260, 210.0)	(265, 650.0)	(270, 964.0)	(275, 2548.0)	(280, 96098.0)	(285, 1101.0)	(290, 5.0)	(295, 5.0)	(300, 42.0)	
3929R_0_F_S5_week5_S22_L001_R2_001	(50, 60.0)	(55, 45.0)	(60, 37.0)	(65, 51.0)	(70, 54.0)	(75, 66.0)	(80, 45.0)	(85, 26.0)	(90, 48.0)	(95, 57.0)	(100, 58.0)	(105, 52.0)	(110, 27.0)	(115, 81.0)	(120, 89.0)	(125, 89.0)	(130, 106.0)	(135, 57.0)	(140, 114.0)	(145, 100.0)	(150, 102.0)	(155, 99.0)	(160, 161.0)	(165, 65.0)	(170, 118.0)	(175, 253.0)	(180, 233.0)	(185, 175.0)	(190, 237.0)	(195, 359.0)	(200, 642.0)	(205, 384.0)	(210, 578.0)	(215, 727.0)	(220, 662.0)	(225, 921.0)	(230, 856.0)	(235, 892.0)	(240, 662.0)	(245, 1237.0)	(250, 717.0)	(255, 2142.0)	(260, 3174.0)	(265, 2484.0)	(270, 4521.0)	(275, 62001.0)	(280, 18516.0)	(285, 0.0)	(290, 4.0)	(295, 8.0)	(300, 27.0)
3971R_0_F_NS1_week5_S59_L001_R1_001	(60, 1.0)	(65, 0.0)	(70, 1.0)	(75, 2.0)	(80, 4.0)	(85, 1.0)	(90, 1.0)	(95, 15.0)	(100, 38.0)	(105, 60.0)	(110, 66.0)	(115, 41.0)	(120, 10.0)	(125, 14.0)	(130, 57.0)	(135, 20.0)	(140, 13.0)	(145, 26.0)	(150, 22.0)	(155, 24.0)	(160, 31.0)	(165, 34.0)	(170, 140.0)	(175, 59.0)	(180, 46.0)	(185, 22.0)	(190, 23.0)	(195, 32.0)	(200, 24.0)	(205, 92.0)	(210, 77.0)	(215, 50.0)	(220, 33.0)	(225, 45.0)	(230, 57.0)	(235, 48.0)	(240, 63.0)	(245, 285.0)	(250, 198.0)	(255, 155.0)	(260, 168.0)	(265, 444.0)	(270, 721.0)	(275, 1748.0)	(280, 65903.0)	(285, 1279.0)	(290, 2.0)	(295, 3.0)	(300, 57.0)		
3971R_0_F_NS1_week5_S59_L001_R2_001	(50, 52.0)	(55, 38.0)	(60, 46.0)	(65, 52.0)	(70, 33.0)	(75, 78.0)	(80, 50.0)	(85, 26.0)	(90, 39.0)	(95, 50.0)	(100, 46.0)	(105, 31.0)	(110, 34.0)	(115, 57.0)	(120, 77.0)	(125, 79.0)	(130, 124.0)	(135, 76.0)	(140, 103.0)	(145, 106.0)	(150, 113.0)	(155, 85.0)	(160, 123.0)	(165, 65.0)	(170, 120.0)	(175, 199.0)	(180, 205.0)	(185, 181.0)	(190, 236.0)	(195, 344.0)	(200, 553.0)	(205, 347.0)	(210, 556.0)	(215, 703.0)	(220, 590.0)	(225, 576.0)	(230, 556.0)	(235, 766.0)	(240, 501.0)	(245, 956.0)	(250, 579.0)	(255, 1737.0)	(260, 2370.0)	(265, 1805.0)	(270, 3398.0)	(275, 41118.0)	(280, 12230.0)	(285, 0.0)	(290, 10.0)	(295, 14.0)	(300, 22.0)
3971R_0_F_NS1_week9_S79_L001_R1_001	(50, 2.0)	(55, 0.0)	(60, 0.0)	(65, 0.0)	(70, 1.0)	(75, 3.0)	(80, 7.0)	(85, 4.0)	(90, 7.0)	(95, 34.0)	(100, 75.0)	(105, 52.0)	(110, 124.0)	(115, 71.0)	(120, 16.0)	(125, 21.0)	(130, 51.0)	(135, 41.0)	(140, 16.0)	(145, 45.0)	(150, 18.0)	(155, 32.0)	(160, 37.0)	(165, 59.0)	(170, 159.0)	(175, 89.0)	(180, 64.0)	(185, 17.0)	(190, 30.0)	(195, 49.0)	(200, 15.0)	(205, 107.0)	(210, 74.0)	(215, 77.0)	(220, 49.0)	(225, 67.0)	(230, 67.0)	(235, 71.0)	(240, 92.0)	(245, 339.0)	(250, 235.0)	(255, 169.0)	(260, 184.0)	(265, 584.0)	(270, 961.0)	(275, 2130.0)	(280, 77575.0)	(285, 1195.0)	(290, 3.0)	(295, 5.0)	(300, 52.0)
3971R_0_F_NS1_week9_S79_L001_R2_001	(50, 37.0)	(55, 27.0)	(60, 26.0)	(65, 36.0)	(70, 40.0)	(75, 63.0)	(80, 31.0)	(85, 40.0)	(90, 36.0)	(95, 44.0)	(100, 39.0)	(105, 39.0)	(110, 23.0)	(115, 35.0)	(120, 56.0)	(125, 71.0)	(130, 114.0)	(135, 56.0)	(140, 95.0)	(145, 87.0)	(150, 86.0)	(155, 88.0)	(160, 139.0)	(165, 47.0)	(170, 106.0)	(175, 214.0)	(180, 216.0)	(185, 167.0)	(190, 210.0)	(195, 373.0)	(200, 596.0)	(205, 398.0)	(210, 594.0)	(215, 813.0)	(220, 653.0)	(225, 624.0)	(230, 629.0)	(235, 825.0)	(240, 558.0)	(245, 1011.0)	(250, 596.0)	(255, 2034.0)	(260, 3168.0)	(265, 2191.0)	(270, 4272.0)	(275, 49510.0)	(280, 14022.0)	(285, 0.0)	(290, 6.0)	(295, 12.0)	(300, 22.0)
3971R_NS1_week30_S40_L001_R1_001	(75, 1.0)	(80, 8.0)	(85, 2.0)	(90, 4.0)	(95, 25.0)	(100, 52.0)	(105, 42.0)	(110, 66.0)	(115, 51.0)	(120, 20.0)	(125, 20.0)	(130, 58.0)	(135, 20.0)	(140, 12.0)	(145, 46.0)	(150, 22.0)	(155, 25.0)	(160, 46.0)	(165, 33.0)	(170, 141.0)	(175, 56.0)	(180, 58.0)	(185, 15.0)	(190, 20.0)	(195, 29.0)	(200, 22.0)	(205, 89.0)	(210, 65.0)	(215, 57.0)	(220, 36.0)	(225, 43.0)	(230, 53.0)	(235, 55.0)	(240, 84.0)	(245, 388.0)	(250, 245.0)	(255, 194.0)	(260, 198.0)	(265, 668.0)	(270, 1080.0)	(275, 2379.0)	(280, 80025.0)	(285, 1720.0)	(290, 4.0)	(295, 6.0)	(300, 64.0)					
3971R_NS1_week30_S40_L001_R2_001	(50, 29.0)	(55, 26.0)	(60, 21.0)	(65, 28.0)	(70, 34.0)	(75, 50.0)	(80, 23.0)	(85, 22.0)	(90, 20.0)	(95, 27.0)	(100, 20.0)	(105, 16.0)	(110, 28.0)	(115, 23.0)	(120, 50.0)	(125, 51.0)	(130, 73.0)	(135, 64.0)	(140, 70.0)	(145, 57.0)	(150, 88.0)	(155, 90.0)	(160, 163.0)	(165, 66.0)	(170, 98.0)	(175, 221.0)	(180, 182.0)	(185, 186.0)	(190, 240.0)	(195, 415.0)	(200, 646.0)	(205, 444.0)	(210, 652.0)	(215, 922.0)	(220, 726.0)	(225, 747.0)	(230, 616.0)	(235, 850.0)	(240, 609.0)	(245, 1209.0)	(250, 673.0)	(255, 2339.0)	(260, 3243.0)	(265, 2291.0)	(270, 4314.0)	(275, 50709.0)	(280, 14848.0)	(285, 1.0)	(290, 5.0)	(295, 11.0)	(300, 11.0)
3971R_RL_F_NS1_diabetes_S29_L001_R1_001	(50, 2.0)	(55, 0.0)	(60, 15.0)	(65, 1.0)	(70, 0.0)	(75, 4.0)	(80, 7.0)	(85, 5.0)	(90, 5.0)	(95, 21.0)	(100, 36.0)	(105, 31.0)	(110, 56.0)	(115, 36.0)	(120, 14.0)	(125, 14.0)	(130, 63.0)	(135, 18.0)	(140, 20.0)	(145, 32.0)	(150, 12.0)	(155, 26.0)	(160, 28.0)	(165, 48.0)	(170, 101.0)	(175, 67.0)	(180, 45.0)	(185, 21.0)	(190, 17.0)	(195, 23.0)	(200, 13.0)	(205, 78.0)	(210, 71.0)	(215, 54.0)	(220, 35.0)	(225, 44.0)	(230, 42.0)	(235, 45.0)	(240, 53.0)	(245, 176.0)	(250, 111.0)	(255, 107.0)	(260, 121.0)	(265, 295.0)	(270, 432.0)	(275, 1108.0)	(280, 63644.0)	(285, 759.0)	(290, 2.0)	(295, 5.0)	(300, 26.0)
3971R_RL_F_NS1_diabetes_S29_L001_R2_001	(50, 43.0)	(55, 48.0)	(60, 41.0)	(65, 56.0)	(70, 51.0)	(75, 68.0)	(80, 37.0)	(85, 33.0)	(90, 42.0)	(95, 62.0)	(100, 49.0)	(105, 48.0)	(110, 36.0)	(115, 43.0)	(120, 77.0)	(125, 78.0)	(130, 93.0)	(135, 65.0)	(140, 102.0)	(145, 95.0)	(150, 123.0)	(155, 80.0)	(160, 147.0)	(165, 60.0)	(170, 96.0)	(175, 142.0)	(180, 164.0)	(185, 139.0)	(190, 182.0)	(195, 283.0)	(200, 351.0)	(205, 232.0)	(210, 426.0)	(215, 471.0)	(220, 449.0)	(225, 602.0)	(230, 475.0)	(235, 528.0)	(240, 336.0)	(245, 623.0)	(250, 474.0)	(255, 1144.0)	(260, 1689.0)	(265, 1453.0)	(270, 2923.0)	(275, 40152.0)	(280, 13021.0)	(285, 1.0)	(290, 8.0)	(295, 12.0)	(300, 36.0)
3971R_RL_F_NS1_week9_S81_L001_R1_001	(50, 2.0)	(55, 0.0)	(60, 1.0)	(65, 0.0)	(70, 1.0)	(75, 1.0)	(80, 9.0)	(85, 3.0)	(90, 1.0)	(95, 19.0)	(100, 75.0)	(105, 57.0)	(110, 99.0)	(115, 61.0)	(120, 18.0)	(125, 27.0)	(130, 61.0)	(135, 35.0)	(140, 14.0)	(145, 35.0)	(150, 12.0)	(155, 18.0)	(160, 26.0)	(165, 41.0)	(170, 116.0)	(175, 50.0)	(180, 53.0)	(185, 21.0)	(190, 28.0)	(195, 33.0)	(200, 26.0)	(205, 90.0)	(210, 53.0)	(215, 69.0)	(220, 38.0)	(225, 45.0)	(230, 49.0)	(235, 54.0)	(240, 68.0)	(245, 269.0)	(250, 194.0)	(255, 146.0)	(260, 199.0)	(265, 573.0)	(270, 755.0)	(275, 1799.0)	(280, 65892.0)	(285, 1157.0)	(290, 1.0)	(295, 4.0)	(300, 37.0)
3971R_RL_F_NS1_week9_S81_L001_R2_001	(50, 30.0)	(55, 17.0)	(60, 23.0)	(65, 26.0)	(70, 28.0)	(75, 33.0)	(80, 25.0)	(85, 23.0)	(90, 26.0)	(95, 30.0)	(100, 34.0)	(105, 21.0)	(110, 17.0)	(115, 35.0)	(120, 67.0)	(125, 62.0)	(130, 93.0)	(135, 41.0)	(140, 83.0)	(145, 54.0)	(150, 70.0)	(155, 79.0)	(160, 106.0)	(165, 49.0)	(170, 104.0)	(175, 206.0)	(180, 190.0)	(185, 150.0)	(190, 211.0)	(195, 308.0)	(200, 510.0)	(205, 327.0)	(210, 528.0)	(215, 719.0)	(220, 602.0)	(225, 577.0)	(230, 548.0)	(235, 701.0)	(240, 485.0)	(245, 986.0)	(250, 491.0)	(255, 1775.0)	(260, 2394.0)	(265, 1789.0)	(270, 3340.0)	(275, 42243.0)	(280, 12154.0)	(285, 2.0)	(290, 6.0)	(295, 6.0)	(300, 11.0)
3971R_R_F_NS1_diabetes_S28_L001_R1_001	(60, 6.0)	(65, 0.0)	(70, 1.0)	(75, 3.0)	(80, 6.0)	(85, 4.0)	(90, 2.0)	(95, 21.0)	(100, 44.0)	(105, 42.0)	(110, 82.0)	(115, 43.0)	(120, 15.0)	(125, 24.0)	(130, 49.0)	(135, 26.0)	(140, 16.0)	(145, 41.0)	(150, 15.0)	(155, 18.0)	(160, 25.0)	(165, 44.0)	(170, 124.0)	(175, 54.0)	(180, 40.0)	(185, 14.0)	(190, 38.0)	(195, 28.0)	(200, 16.0)	(205, 67.0)	(210, 52.0)	(215, 48.0)	(220, 28.0)	(225, 45.0)	(230, 45.0)	(235, 50.0)	(240, 49.0)	(245, 212.0)	(250, 143.0)	(255, 122.0)	(260, 134.0)	(265, 414.0)	(270, 681.0)	(275, 1532.0)	(280, 56083.0)	(285, 957.0)	(290, 1.0)	(295, 5.0)	(300, 45.0)		
3971R_R_F_NS1_diabetes_S28_L001_R2_001	(50, 66.0)	(55, 41.0)	(60, 49.0)	(65, 45.0)	(70, 41.0)	(75, 59.0)	(80, 35.0)	(85, 42.0)	(90, 25.0)	(95, 53.0)	(100, 42.0)	(105, 34.0)	(110, 40.0)	(115, 44.0)	(120, 66.0)	(125, 81.0)	(130, 94.0)	(135, 58.0)	(140, 109.0)	(145, 83.0)	(150, 119.0)	(155, 111.0)	(160, 147.0)	(165, 59.0)	(170, 88.0)	(175, 178.0)	(180, 174.0)	(185, 129.0)	(190, 185.0)	(195, 296.0)	(200, 440.0)	(205, 269.0)	(210, 403.0)	(215, 553.0)	(220, 472.0)	(225, 499.0)	(230, 484.0)	(235, 641.0)	(240, 383.0)	(245, 689.0)	(250, 473.0)	(255, 1322.0)	(260, 1930.0)	(265, 1534.0)	(270, 2661.0)	(275, 36008.0)	(280, 10152.0)	(285, 2.0)	(290, 4.0)	(295, 17.0)	(300, 25.0)
3971R_R_F_NS1_week9_S80_L001_R1_001	(50, 3.0)	(55, 0.0)	(60, 0.0)	(65, 2.0)	(70, 0.0)	(75, 1.0)	(80, 3.0)	(85, 1.0)	(90, 2.0)	(95, 23.0)	(100, 24.0)	(105, 46.0)	(110, 71.0)	(115, 45.0)	(120, 9.0)	(125, 18.0)	(130, 36.0)	(135, 22.0)	(140, 9.0)	(145, 22.0)	(150, 15.0)	(155, 21.0)	(160, 37.0)	(165, 29.0)	(170, 85.0)	(175, 67.0)	(180, 44.0)	(185, 17.0)	(190, 17.0)	(195, 23.0)	(200, 18.0)	(205, 50.0)	(210, 36.0)	(215, 29.0)	(220, 36.0)	(225, 36.0)	(230, 31.0)	(235, 41.0)	(240, 47.0)	(245, 139.0)	(250, 106.0)	(255, 79.0)	(260, 110.0)	(265, 282.0)	(270, 407.0)	(275, 1145.0)	(280, 64025.0)	(285, 1348.0)	(290, 3.0)	(295, 2.0)	(300, 47.0)
3971R_R_F_NS1_week9_S80_L001_R2_001	(50, 34.0)	(55, 24.0)	(60, 22.0)	(65, 33.0)	(70, 32.0)	(75, 50.0)	(80, 29.0)	(85, 23.0)	(90, 23.0)	(95, 39.0)	(100, 33.0)	(105, 32.0)	(110, 22.0)	(115, 34.0)	(120, 48.0)	(125, 40.0)	(130, 72.0)	(135, 48.0)	(140, 68.0)	(145, 75.0)	(150, 88.0)	(155, 67.0)	(160, 95.0)	(165, 49.0)	(170, 73.0)	(175, 129.0)	(180, 142.0)	(185, 111.0)	(190, 148.0)	(195, 237.0)	(200, 338.0)	(205, 211.0)	(210, 384.0)	(215, 478.0)	(220, 436.0)	(225, 537.0)	(230, 460.0)	(235, 543.0)	(240, 386.0)	(245, 802.0)	(250, 470.0)	(255, 1392.0)	(260, 1873.0)	(265, 1660.0)	(270, 3079.0)	(275, 41420.0)	(280, 12288.0)	(285, 0.0)	(290, 5.0)	(295, 14.0)	(300, 13.0)
3975R_0_F_NS1_week5_S60_L001_R1_001	(50, 2.0)	(55, 0.0)	(60, 4.0)	(65, 3.0)	(70, 0.0)	(75, 4.0)	(80, 10.0)	(85, 7.0)	(90, 2.0)	(95, 18.0)	(100, 36.0)	(105, 52.0)	(110, 64.0)	(115, 53.0)	(120, 10.0)	(125, 18.0)	(130, 88.0)	(135, 37.0)	(140, 15.0)	(145, 24.0)	(150, 11.0)	(155, 23.0)	(160, 30.0)	(165, 48.0)	(170, 133.0)	(175, 63.0)	(180, 35.0)	(185, 23.0)	(190, 32.0)	(195, 36.0)	(200, 15.0)	(205, 65.0)	(210, 55.0)	(215, 57.0)	(220, 36.0)	(225, 47.0)	(230, 33.0)	(235, 54.0)	(240, 51.0)	(245, 206.0)	(250, 148.0)	(255, 118.0)	(260, 124.0)	(265, 356.0)	(270, 607.0)	(275, 1520.0)	(280, 56384.0)	(285, 940.0)	(290, 0.0)	(295, 6.0)	(300, 46.0)
3975R_0_F_NS1_week5_S60_L001_R2_001	(50, 52.0)	(55, 37.0)	(60, 44.0)	(65, 44.0)	(70, 47.0)	(75, 60.0)	(80, 37.0)	(85, 33.0)	(90, 21.0)	(95, 49.0)	(100, 47.0)	(105, 42.0)	(110, 26.0)	(115, 59.0)	(120, 63.0)	(125, 53.0)	(130, 84.0)	(135, 58.0)	(140, 103.0)	(145, 84.0)	(150, 87.0)	(155, 91.0)	(160, 109.0)	(165, 55.0)	(170, 96.0)	(175, 175.0)	(180, 158.0)	(185, 134.0)	(190, 196.0)	(195, 325.0)	(200, 461.0)	(205, 278.0)	(210, 392.0)	(215, 506.0)	(220, 423.0)	(225, 529.0)	(230, 449.0)	(235, 594.0)	(240, 365.0)	(245, 767.0)	(250, 506.0)	(255, 1334.0)	(260, 1936.0)	(265, 1540.0)	(270, 2780.0)	(275, 36157.0)	(280, 10207.0)	(285, 3.0)	(290, 7.0)	(295, 15.0)	(300, 31.0)
3975R_L_F_NS1_diabetes_S30_L001_R1_001	(75, 6.0)	(80, 4.0)	(85, 3.0)	(90, 5.0)	(95, 23.0)	(100, 58.0)	(105, 49.0)	(110, 94.0)	(115, 49.0)	(120, 10.0)	(125, 14.0)	(130, 85.0)	(135, 19.0)	(140, 10.0)	(145, 37.0)	(150, 14.0)	(155, 23.0)	(160, 41.0)	(165, 42.0)	(170, 158.0)	(175, 84.0)	(180, 62.0)	(185, 15.0)	(190, 34.0)	(195, 25.0)	(200, 30.0)	(205, 87.0)	(210, 71.0)	(215, 58.0)	(220, 28.0)	(225, 45.0)	(230, 52.0)	(235, 54.0)	(240, 59.0)	(245, 272.0)	(250, 200.0)	(255, 141.0)	(260, 159.0)	(265, 512.0)	(270, 731.0)	(275, 1740.0)	(280, 70790.0)	(285, 981.0)	(290, 3.0)	(295, 1.0)	(300, 42.0)					
3975R_L_F_NS1_diabetes_S30_L001_R2_001	(50, 56.0)	(55, 53.0)	(60, 58.0)	(65, 56.0)	(70, 52.0)	(75, 74.0)	(80, 51.0)	(85, 36.0)	(90, 44.0)	(95, 59.0)	(100, 60.0)	(105, 45.0)	(110, 41.0)	(115, 52.0)	(120, 108.0)	(125, 98.0)	(130, 131.0)	(135, 85.0)	(140, 141.0)	(145, 116.0)	(150, 114.0)	(155, 97.0)	(160, 146.0)	(165, 68.0)	(170, 120.0)	(175, 217.0)	(180, 215.0)	(185, 196.0)	(190, 251.0)	(195, 332.0)	(200, 476.0)	(205, 337.0)	(210, 495.0)	(215, 613.0)	(220, 606.0)	(225, 686.0)	(230, 545.0)	(235, 756.0)	(240, 496.0)	(245, 893.0)	(250, 533.0)	(255, 1491.0)	(260, 2252.0)	(265, 1747.0)	(270, 3265.0)	(275, 44466.0)	(280, 14124.0)	(285, 2.0)	(290, 17.0)	(295, 22.0)	(300, 26.0)
3975R_L_F_NS1_week5_S61_L001_R1_001	(60, 11.0)	(65, 1.0)	(70, 1.0)	(75, 5.0)	(80, 17.0)	(85, 7.0)	(90, 12.0)	(95, 32.0)	(100, 45.0)	(105, 33.0)	(110, 61.0)	(115, 48.0)	(120, 20.0)	(125, 21.0)	(130, 163.0)	(135, 47.0)	(140, 18.0)	(145, 37.0)	(150, 15.0)	(155, 39.0)	(160, 46.0)	(165, 66.0)	(170, 134.0)	(175, 81.0)	(180, 45.0)	(185, 23.0)	(190, 29.0)	(195, 34.0)	(200, 14.0)	(205, 74.0)	(210, 77.0)	(215, 64.0)	(220, 40.0)	(225, 45.0)	(230, 58.0)	(235, 47.0)	(240, 67.0)	(245, 293.0)	(250, 161.0)	(255, 129.0)	(260, 137.0)	(265, 433.0)	(270, 707.0)	(275, 1746.0)	(280, 66826.0)	(285, 1003.0)	(290, 2.0)	(295, 5.0)	(300, 32.0)		
3975R_L_F_NS1_week5_S61_L001_R2_001	(50, 51.0)	(55, 34.0)	(60, 53.0)	(65, 57.0)	(70, 48.0)	(75, 75.0)	(80, 47.0)	(85, 37.0)	(90, 32.0)	(95, 53.0)	(100, 57.0)	(105, 43.0)	(110, 30.0)	(115, 54.0)	(120, 102.0)	(125, 82.0)	(130, 91.0)	(135, 68.0)	(140, 114.0)	(145, 73.0)	(150, 127.0)	(155, 96.0)	(160, 141.0)	(165, 78.0)	(170, 137.0)	(175, 225.0)	(180, 172.0)	(185, 177.0)	(190, 224.0)	(195, 387.0)	(200, 632.0)	(205, 316.0)	(210, 446.0)	(215, 656.0)	(220, 565.0)	(225, 639.0)	(230, 516.0)	(235, 706.0)	(240, 472.0)	(245, 906.0)	(250, 626.0)	(255, 1473.0)	(260, 2284.0)	(265, 1762.0)	(270, 3280.0)	(275, 42455.0)	(280, 12300.0)	(285, 0.0)	(290, 5.0)	(295, 20.0)	(300, 27.0)
3975R_L_F_NS1_week9_S82_L001_R1_001	(50, 1.0)	(55, 0.0)	(60, 2.0)	(65, 2.0)	(70, 1.0)	(75, 1.0)	(80, 5.0)	(85, 4.0)	(90, 4.0)	(95, 19.0)	(100, 64.0)	(105, 48.0)	(110, 90.0)	(115, 55.0)	(120, 23.0)	(125, 32.0)	(130, 48.0)	(135, 37.0)	(140, 11.0)	(145, 40.0)	(150, 8.0)	(155, 21.0)	(160, 29.0)	(165, 44.0)	(170, 131.0)	(175, 81.0)	(180, 43.0)	(185, 23.0)	(190, 25.0)	(195, 23.0)	(200, 18.0)	(205, 76.0)	(210, 63.0)	(215, 63.0)	(220, 27.0)	(225, 51.0)	(230, 51.0)	(235, 72.0)	(240, 71.0)	(245, 292.0)	(250, 186.0)	(255, 193.0)	(260, 203.0)	(265, 530.0)	(270, 830.0)	(275, 1917.0)	(280, 74707.0)	(285, 1087.0)	(290, 0.0)	(295, 6.0)	(300, 39.0)
3975R_L_F_NS1_week9_S82_L001_R2_001	(50, 30.0)	(55, 26.0)	(60, 20.0)	(65, 32.0)	(70, 37.0)	(75, 51.0)	(80, 26.0)	(85, 30.0)	(90, 26.0)	(95, 37.0)	(100, 29.0)	(105, 26.0)	(110, 19.0)	(115, 32.0)	(120, 69.0)	(125, 65.0)	(130, 84.0)	(135, 56.0)	(140, 79.0)	(145, 64.0)	(150, 82.0)	(155, 89.0)	(160, 119.0)	(165, 61.0)	(170, 96.0)	(175, 199.0)	(180, 183.0)	(185, 173.0)	(190, 198.0)	(195, 325.0)	(200, 527.0)	(205, 354.0)	(210, 557.0)	(215, 797.0)	(220, 643.0)	(225, 660.0)	(230, 603.0)	(235, 760.0)	(240, 552.0)	(245, 1009.0)	(250, 608.0)	(255, 1966.0)	(260, 2857.0)	(265, 2108.0)	(270, 3882.0)	(275, 47552.0)	(280, 13560.0)	(285, 2.0)	(290, 6.0)	(295, 17.0)	(300, 14.0)
3975R_NS1_week14_S33_L001_R1_001	(50, 1.0)	(55, 1.0)	(60, 7.0)	(65, 0.0)	(70, 0.0)	(75, 2.0)	(80, 4.0)	(85, 2.0)	(90, 1.0)	(95, 12.0)	(100, 24.0)	(105, 27.0)	(110, 44.0)	(115, 28.0)	(120, 15.0)	(125, 23.0)	(130, 41.0)	(135, 18.0)	(140, 13.0)	(145, 27.0)	(150, 10.0)	(155, 18.0)	(160, 38.0)	(165, 31.0)	(170, 102.0)	(175, 52.0)	(180, 42.0)	(185, 18.0)	(190, 21.0)	(195, 23.0)	(200, 12.0)	(205, 48.0)	(210, 44.0)	(215, 36.0)	(220, 29.0)	(225, 49.0)	(230, 39.0)	(235, 44.0)	(240, 39.0)	(245, 176.0)	(250, 136.0)	(255, 114.0)	(260, 135.0)	(265, 336.0)	(270, 473.0)	(275, 1247.0)	(280, 59314.0)	(285, 849.0)	(290, 0.0)	(295, 3.0)	(300, 22.0)
3975R_NS1_week14_S33_L001_R2_001	(50, 27.0)	(55, 15.0)	(60, 16.0)	(65, 29.0)	(70, 29.0)	(75, 34.0)	(80, 23.0)	(85, 19.0)	(90, 23.0)	(95, 28.0)	(100, 18.0)	(105, 28.0)	(110, 15.0)	(115, 32.0)	(120, 33.0)	(125, 38.0)	(130, 43.0)	(135, 29.0)	(140, 54.0)	(145, 35.0)	(150, 55.0)	(155, 50.0)	(160, 82.0)	(165, 34.0)	(170, 83.0)	(175, 150.0)	(180, 117.0)	(185, 82.0)	(190, 151.0)	(195, 250.0)	(200, 378.0)	(205, 234.0)	(210, 397.0)	(215, 483.0)	(220, 425.0)	(225, 569.0)	(230, 531.0)	(235, 622.0)	(240, 386.0)	(245, 886.0)	(250, 542.0)	(255, 1599.0)	(260, 2105.0)	(265, 1515.0)	(270, 2934.0)	(275, 37525.0)	(280, 11001.0)	(285, 0.0)	(290, 6.0)	(295, 11.0)	(300, 19.0)
3975R_RL_F_NS1_diabetes_S32_L001_R1_001	(50, 1.0)	(55, 0.0)	(60, 1.0)	(65, 0.0)	(70, 0.0)	(75, 6.0)	(80, 5.0)	(85, 0.0)	(90, 3.0)	(95, 30.0)	(100, 44.0)	(105, 40.0)	(110, 65.0)	(115, 48.0)	(120, 13.0)	(125, 17.0)	(130, 80.0)	(135, 21.0)	(140, 16.0)	(145, 39.0)	(150, 13.0)	(155, 23.0)	(160, 24.0)	(165, 34.0)	(170, 114.0)	(175, 50.0)	(180, 39.0)	(185, 12.0)	(190, 24.0)	(195, 20.0)	(200, 20.0)	(205, 44.0)	(210, 58.0)	(215, 50.0)	(220, 33.0)	(225, 43.0)	(230, 40.0)	(235, 51.0)	(240, 63.0)	(245, 231.0)	(250, 170.0)	(255, 112.0)	(260, 120.0)	(265, 372.0)	(270, 659.0)	(275, 1628.0)	(280, 58498.0)	(285, 1137.0)	(290, 2.0)	(295, 3.0)	(300, 38.0)
3975R_RL_F_NS1_diabetes_S32_L001_R2_001	(50, 45.0)	(55, 58.0)	(60, 40.0)	(65, 56.0)	(70, 54.0)	(75, 51.0)	(80, 31.0)	(85, 36.0)	(90, 29.0)	(95, 55.0)	(100, 39.0)	(105, 33.0)	(110, 32.0)	(115, 53.0)	(120, 86.0)	(125, 67.0)	(130, 85.0)	(135, 62.0)	(140, 103.0)	(145, 105.0)	(150, 110.0)	(155, 81.0)	(160, 139.0)	(165, 54.0)	(170, 102.0)	(175, 175.0)	(180, 173.0)	(185, 162.0)	(190, 186.0)	(195, 290.0)	(200, 483.0)	(205, 284.0)	(210, 460.0)	(215, 591.0)	(220, 481.0)	(225, 578.0)	(230, 516.0)	(235, 636.0)	(240, 417.0)	(245, 841.0)	(250, 532.0)	(255, 1405.0)	(260, 1979.0)	(265, 1577.0)	(270, 2917.0)	(275, 36489.0)	(280, 11342.0)	(285, 1.0)	(290, 6.0)	(295, 7.0)	(300, 20.0)
3975R_RL_F_NS1_week9_S83_L001_R1_001	(60, 3.0)	(65, 0.0)	(70, 0.0)	(75, 3.0)	(80, 3.0)	(85, 4.0)	(90, 5.0)	(95, 27.0)	(100, 49.0)	(105, 43.0)	(110, 76.0)	(115, 53.0)	(120, 15.0)	(125, 14.0)	(130, 44.0)	(135, 22.0)	(140, 14.0)	(145, 24.0)	(150, 14.0)	(155, 20.0)	(160, 30.0)	(165, 30.0)	(170, 103.0)	(175, 58.0)	(180, 45.0)	(185, 25.0)	(190, 20.0)	(195, 25.0)	(200, 18.0)	(205, 73.0)	(210, 61.0)	(215, 51.0)	(220, 35.0)	(225, 56.0)	(230, 42.0)	(235, 60.0)	(240, 52.0)	(245, 197.0)	(250, 162.0)	(255, 138.0)	(260, 149.0)	(265, 448.0)	(270, 630.0)	(275, 1567.0)	(280, 66336.0)	(285, 1226.0)	(290, 1.0)	(295, 7.0)	(300, 44.0)		
3975R_RL_F_NS1_week9_S83_L001_R2_001	(50, 27.0)	(55, 27.0)	(60, 26.0)	(65, 34.0)	(70, 25.0)	(75, 45.0)	(80, 33.0)	(85, 29.0)	(90, 21.0)	(95, 32.0)	(100, 38.0)	(105, 26.0)	(110, 21.0)	(115, 29.0)	(120, 67.0)	(125, 55.0)	(130, 81.0)	(135, 51.0)	(140, 62.0)	(145, 43.0)	(150, 73.0)	(155, 71.0)	(160, 87.0)	(165, 53.0)	(170, 96.0)	(175, 192.0)	(180, 142.0)	(185, 130.0)	(190, 189.0)	(195, 274.0)	(200, 397.0)	(205, 259.0)	(210, 451.0)	(215, 526.0)	(220, 491.0)	(225, 561.0)	(230, 504.0)	(235, 616.0)	(240, 438.0)	(245, 822.0)	(250, 502.0)	(255, 1535.0)	(260, 2143.0)	(265, 1797.0)	(270, 3430.0)	(275, 43042.0)	(280, 12505.0)	(285, 1.0)	(290, 4.0)	(295, 11.0)	(300, 8.0)
3975R_R_F_NS1_diabetes_S31_L001_R1_001	(55, 1.0)	(60, 1.0)	(65, 0.0)	(70, 0.0)	(75, 3.0)	(80, 7.0)	(85, 3.0)	(90, 6.0)	(95, 20.0)	(100, 36.0)	(105, 47.0)	(110, 72.0)	(115, 45.0)	(120, 17.0)	(125, 23.0)	(130, 72.0)	(135, 17.0)	(140, 22.0)	(145, 44.0)	(150, 12.0)	(155, 16.0)	(160, 27.0)	(165, 48.0)	(170, 125.0)	(175, 67.0)	(180, 40.0)	(185, 27.0)	(190, 28.0)	(195, 19.0)	(200, 24.0)	(205, 72.0)	(210, 77.0)	(215, 54.0)	(220, 41.0)	(225, 47.0)	(230, 43.0)	(235, 50.0)	(240, 52.0)	(245, 195.0)	(250, 130.0)	(255, 121.0)	(260, 140.0)	(265, 368.0)	(270, 549.0)	(275, 1424.0)	(280, 65587.0)	(285, 919.0)	(290, 1.0)	(295, 3.0)	(300, 34.0)	
3975R_R_F_NS1_diabetes_S31_L001_R2_001	(50, 66.0)	(55, 44.0)	(60, 50.0)	(65, 49.0)	(70, 51.0)	(75, 90.0)	(80, 36.0)	(85, 28.0)	(90, 38.0)	(95, 71.0)	(100, 51.0)	(105, 54.0)	(110, 32.0)	(115, 68.0)	(120, 74.0)	(125, 79.0)	(130, 108.0)	(135, 69.0)	(140, 132.0)	(145, 128.0)	(150, 123.0)	(155, 96.0)	(160, 140.0)	(165, 69.0)	(170, 97.0)	(175, 177.0)	(180, 183.0)	(185, 144.0)	(190, 218.0)	(195, 316.0)	(200, 408.0)	(205, 245.0)	(210, 433.0)	(215, 542.0)	(220, 494.0)	(225, 599.0)	(230, 617.0)	(235, 635.0)	(240, 418.0)	(245, 822.0)	(250, 531.0)	(255, 1417.0)	(260, 2054.0)	(265, 1732.0)	(270, 3211.0)	(275, 41061.0)	(280, 12612.0)	(285, 3.0)	(290, 11.0)	(295, 20.0)	(300, 30.0)
NS1_defined_inocula_S88_L001_R1_001	(60, 5.0)	(65, 3.0)	(70, 2.0)	(75, 7.0)	(80, 14.0)	(85, 5.0)	(90, 11.0)	(95, 51.0)	(100, 26.0)	(105, 64.0)	(110, 54.0)	(115, 47.0)	(120, 15.0)	(125, 33.0)	(130, 194.0)	(135, 52.0)	(140, 34.0)	(145, 73.0)	(150, 24.0)	(155, 51.0)	(160, 64.0)	(165, 46.0)	(170, 75.0)	(175, 43.0)	(180, 25.0)	(185, 25.0)	(190, 21.0)	(195, 32.0)	(200, 16.0)	(205, 52.0)	(210, 45.0)	(215, 69.0)	(220, 40.0)	(225, 50.0)	(230, 56.0)	(235, 68.0)	(240, 48.0)	(245, 207.0)	(250, 118.0)	(255, 110.0)	(260, 159.0)	(265, 318.0)	(270, 560.0)	(275, 1774.0)	(280, 64677.0)	(285, 1269.0)	(290, 2.0)	(295, 4.0)	(300, 55.0)		
NS1_defined_inocula_S88_L001_R2_001	(50, 26.0)	(55, 22.0)	(60, 23.0)	(65, 26.0)	(70, 24.0)	(75, 47.0)	(80, 28.0)	(85, 22.0)	(90, 25.0)	(95, 37.0)	(100, 34.0)	(105, 27.0)	(110, 26.0)	(115, 54.0)	(120, 64.0)	(125, 44.0)	(130, 75.0)	(135, 40.0)	(140, 77.0)	(145, 53.0)	(150, 69.0)	(155, 66.0)	(160, 97.0)	(165, 55.0)	(170, 126.0)	(175, 137.0)	(180, 126.0)	(185, 89.0)	(190, 154.0)	(195, 371.0)	(200, 509.0)	(205, 245.0)	(210, 422.0)	(215, 449.0)	(220, 425.0)	(225, 610.0)	(230, 488.0)	(235, 512.0)	(240, 295.0)	(245, 783.0)	(250, 584.0)	(255, 1456.0)	(260, 2019.0)	(265, 1750.0)	(270, 3080.0)	(275, 43795.0)	(280, 11267.0)	(285, 0.0)	(290, 6.0)	(295, 12.0)	(300, 22.0)
NS6_defined_inocula_S86_L001_R1_001	(50, 8.0)	(55, 2.0)	(60, 322.0)	(65, 7.0)	(70, 7.0)	(75, 6.0)	(80, 29.0)	(85, 7.0)	(90, 13.0)	(95, 75.0)	(100, 67.0)	(105, 115.0)	(110, 77.0)	(115, 61.0)	(120, 36.0)	(125, 49.0)	(130, 152.0)	(135, 74.0)	(140, 53.0)	(145, 171.0)	(150, 66.0)	(155, 86.0)	(160, 102.0)	(165, 85.0)	(170, 126.0)	(175, 63.0)	(180, 53.0)	(185, 47.0)	(190, 44.0)	(195, 32.0)	(200, 18.0)	(205, 68.0)	(210, 87.0)	(215, 72.0)	(220, 76.0)	(225, 103.0)	(230, 68.0)	(235, 66.0)	(240, 69.0)	(245, 267.0)	(250, 171.0)	(255, 162.0)	(260, 237.0)	(265, 552.0)	(270, 760.0)	(275, 2518.0)	(280, 87491.0)	(285, 1343.0)	(290, 0.0)	(295, 3.0)	(300, 46.0)
NS6_defined_inocula_S86_L001_R2_001	(50, 37.0)	(55, 28.0)	(60, 30.0)	(65, 38.0)	(70, 42.0)	(75, 58.0)	(80, 25.0)	(85, 33.0)	(90, 46.0)	(95, 57.0)	(100, 36.0)	(105, 72.0)	(110, 103.0)	(115, 101.0)	(120, 127.0)	(125, 65.0)	(130, 105.0)	(135, 56.0)	(140, 113.0)	(145, 149.0)	(150, 117.0)	(155, 91.0)	(160, 147.0)	(165, 88.0)	(170, 141.0)	(175, 210.0)	(180, 194.0)	(185, 114.0)	(190, 197.0)	(195, 392.0)	(200, 476.0)	(205, 195.0)	(210, 494.0)	(215, 448.0)	(220, 432.0)	(225, 666.0)	(230, 589.0)	(235, 639.0)	(240, 366.0)	(245, 1048.0)	(250, 640.0)	(255, 1487.0)	(260, 2328.0)	(265, 2219.0)	(270, 3912.0)	(275, 61083.0)	(280, 16141.0)	(285, 1.0)	(290, 13.0)	(295, 11.0)	(300, 12.0)
Negative_extraction_S85_L001_R1_001	(50, 10.0)	(55, 2.0)	(60, 14780.0)	(65, 141.0)	(70, 31.0)	(75, 19.0)	(80, 60.0)	(85, 10.0)	(90, 31.0)	(95, 89.0)	(100, 42.0)	(105, 78.0)	(110, 121.0)	(115, 112.0)	(120, 73.0)	(125, 113.0)	(130, 371.0)	(135, 1059.0)	(140, 120.0)	(145, 176.0)	(150, 220.0)	(155, 77.0)	(160, 132.0)	(165, 118.0)	(170, 153.0)	(175, 46.0)	(180, 39.0)	(185, 63.0)	(190, 45.0)	(195, 50.0)	(200, 45.0)	(205, 77.0)	(210, 81.0)	(215, 198.0)	(220, 79.0)	(225, 72.0)	(230, 86.0)	(235, 125.0)	(240, 140.0)	(245, 238.0)	(250, 208.0)	(255, 195.0)	(260, 327.0)	(265, 634.0)	(270, 1705.0)	(275, 8164.0)	(280, 78894.0)	(285, 1264.0)	(290, 4.0)	(295, 8.0)	(300, 32.0)
Negative_extraction_S85_L001_R2_001	(50, 50.0)	(55, 56.0)	(60, 54.0)	(65, 118.0)	(70, 64.0)	(75, 88.0)	(80, 54.0)	(85, 59.0)	(90, 67.0)	(95, 123.0)	(100, 152.0)	(105, 2316.0)	(110, 4229.0)	(115, 2892.0)	(120, 2860.0)	(125, 1261.0)	(130, 226.0)	(135, 90.0)	(140, 231.0)	(145, 479.0)	(150, 234.0)	(155, 181.0)	(160, 195.0)	(165, 162.0)	(170, 398.0)	(175, 495.0)	(180, 840.0)	(185, 222.0)	(190, 258.0)	(195, 726.0)	(200, 944.0)	(205, 524.0)	(210, 832.0)	(215, 706.0)	(220, 775.0)	(225, 825.0)	(230, 834.0)	(235, 689.0)	(240, 477.0)	(245, 1352.0)	(250, 757.0)	(255, 2355.0)	(260, 3290.0)	(265, 3036.0)	(270, 5479.0)	(275, 58608.0)	(280, 10250.0)	(285, 1.0)	(290, 6.0)	(295, 16.0)	(300, 21.0)
Negtive_Control_S90_L001_R1_001	(50, 13.0)	(55, 4.0)	(60, 4.0)	(65, 6.0)	(70, 3.0)	(75, 15.0)	(80, 5.0)	(85, 11.0)	(90, 11.0)	(95, 101.0)	(100, 54.0)	(105, 42.0)	(110, 217.0)	(115, 217.0)	(120, 929.0)	(125, 1522.0)	(130, 85.0)	(135, 98.0)	(140, 51.0)	(145, 25.0)	(150, 46.0)	(155, 45.0)	(160, 41.0)	(165, 40.0)	(170, 54.0)	(175, 32.0)	(180, 39.0)	(185, 24.0)	(190, 35.0)	(195, 20.0)	(200, 41.0)	(205, 31.0)	(210, 42.0)	(215, 22.0)	(220, 17.0)	(225, 41.0)	(230, 1021.0)	(235, 11.0)	(240, 22.0)	(245, 40.0)	(250, 43.0)	(255, 29.0)	(260, 45.0)	(265, 62.0)	(270, 164.0)	(275, 189.0)	(280, 3956.0)	(285, 82.0)	(290, 0.0)	(295, 0.0)	(300, 1.0)
Negtive_Control_S90_L001_R2_001	(50, 52.0)	(55, 225.0)	(60, 79.0)	(65, 144.0)	(70, 243.0)	(75, 443.0)	(80, 1100.0)	(85, 1601.0)	(90, 143.0)	(95, 40.0)	(100, 15.0)	(105, 11.0)	(110, 7.0)	(115, 20.0)	(120, 7.0)	(125, 10.0)	(130, 19.0)	(135, 9.0)	(140, 14.0)	(145, 13.0)	(150, 21.0)	(155, 20.0)	(160, 7.0)	(165, 12.0)	(170, 14.0)	(175, 26.0)	(180, 43.0)	(185, 26.0)	(190, 22.0)	(195, 45.0)	(200, 76.0)	(205, 28.0)	(210, 45.0)	(215, 69.0)	(220, 56.0)	(225, 95.0)	(230, 71.0)	(235, 71.0)	(240, 62.0)	(245, 89.0)	(250, 99.0)	(255, 445.0)	(260, 272.0)	(265, 296.0)	(270, 366.0)	(275, 2556.0)	(280, 520.0)	(285, 0.0)	(290, 0.0)	(295, 0.0)	(300, 1.0)
Pooled_GF_pellet_S84_L001_R1_001	(50, 483.0)	(55, 59.0)	(60, 6960.0)	(65, 127.0)	(70, 382.0)	(75, 67.0)	(80, 126.0)	(85, 111.0)	(90, 152.0)	(95, 164.0)	(100, 130.0)	(105, 292.0)	(110, 370.0)	(115, 168.0)	(120, 158.0)	(125, 405.0)	(130, 448.0)	(135, 325.0)	(140, 269.0)	(145, 746.0)	(150, 2043.0)	(155, 154.0)	(160, 206.0)	(165, 267.0)	(170, 207.0)	(175, 82.0)	(180, 189.0)	(185, 220.0)	(190, 48.0)	(195, 71.0)	(200, 89.0)	(205, 185.0)	(210, 182.0)	(215, 123.0)	(220, 93.0)	(225, 128.0)	(230, 98.0)	(235, 182.0)	(240, 163.0)	(245, 250.0)	(250, 233.0)	(255, 198.0)	(260, 542.0)	(265, 12783.0)	(270, 1485.0)	(275, 5899.0)	(280, 82227.0)	(285, 1436.0)	(290, 2.0)	(295, 12.0)	(300, 73.0)
Pooled_GF_pellet_S84_L001_R2_001	(50, 57.0)	(55, 71.0)	(60, 45.0)	(65, 79.0)	(70, 78.0)	(75, 102.0)	(80, 70.0)	(85, 76.0)	(90, 118.0)	(95, 262.0)	(100, 159.0)	(105, 350.0)	(110, 580.0)	(115, 909.0)	(120, 730.0)	(125, 627.0)	(130, 367.0)	(135, 518.0)	(140, 1029.0)	(145, 2948.0)	(150, 582.0)	(155, 354.0)	(160, 399.0)	(165, 450.0)	(170, 588.0)	(175, 707.0)	(180, 911.0)	(185, 769.0)	(190, 883.0)	(195, 1713.0)	(200, 1682.0)	(205, 922.0)	(210, 1013.0)	(215, 856.0)	(220, 817.0)	(225, 981.0)	(230, 949.0)	(235, 1061.0)	(240, 701.0)	(245, 1406.0)	(250, 1027.0)	(255, 2826.0)	(260, 3347.0)	(265, 3382.0)	(270, 5347.0)	(275, 68038.0)	(280, 10891.0)	(285, 2.0)	(290, 2.0)	(295, 12.0)	(300, 19.0)
Positive_Control_S89_L001_R1_001	(50, 3.0)	(55, 1.0)	(60, 1.0)	(65, 5.0)	(70, 0.0)	(75, 8.0)	(80, 19.0)	(85, 5.0)	(90, 18.0)	(95, 86.0)	(100, 100.0)	(105, 64.0)	(110, 19.0)	(115, 26.0)	(120, 26.0)	(125, 23.0)	(130, 186.0)	(135, 55.0)	(140, 78.0)	(145, 289.0)	(150, 43.0)	(155, 90.0)	(160, 112.0)	(165, 131.0)	(170, 119.0)	(175, 8.0)	(180, 16.0)	(185, 54.0)	(190, 40.0)	(195, 57.0)	(200, 69.0)	(205, 32.0)	(210, 81.0)	(215, 127.0)	(220, 93.0)	(225, 62.0)	(230, 192.0)	(235, 45.0)	(240, 91.0)	(245, 541.0)	(250, 223.0)	(255, 111.0)	(260, 206.0)	(265, 402.0)	(270, 1163.0)	(275, 5485.0)	(280, 80001.0)	(285, 1452.0)	(290, 3.0)	(295, 4.0)	(300, 41.0)
Positive_Control_S89_L001_R2_001	(50, 36.0)	(55, 40.0)	(60, 28.0)	(65, 32.0)	(70, 36.0)	(75, 64.0)	(80, 31.0)	(85, 27.0)	(90, 30.0)	(95, 31.0)	(100, 30.0)	(105, 22.0)	(110, 23.0)	(115, 56.0)	(120, 69.0)	(125, 52.0)	(130, 70.0)	(135, 32.0)	(140, 93.0)	(145, 72.0)	(150, 62.0)	(155, 100.0)	(160, 285.0)	(165, 59.0)	(170, 137.0)	(175, 236.0)	(180, 159.0)	(185, 65.0)	(190, 184.0)	(195, 525.0)	(200, 828.0)	(205, 359.0)	(210, 526.0)	(215, 486.0)	(220, 439.0)	(225, 497.0)	(230, 562.0)	(235, 551.0)	(240, 305.0)	(245, 1212.0)	(250, 734.0)	(255, 1760.0)	(260, 2798.0)	(265, 2580.0)	(270, 3497.0)	(275, 59308.0)	(280, 12932.0)	(285, 1.0)	(290, 7.0)	(295, 16.0)	(300, 22.0)
S5_defined_inocula_S87_L001_R1_001	(50, 1.0)	(55, 1.0)	(60, 3.0)	(65, 0.0)	(70, 0.0)	(75, 9.0)	(80, 27.0)	(85, 6.0)	(90, 11.0)	(95, 95.0)	(100, 36.0)	(105, 82.0)	(110, 83.0)	(115, 63.0)	(120, 34.0)	(125, 50.0)	(130, 285.0)	(135, 71.0)	(140, 67.0)	(145, 124.0)	(150, 28.0)	(155, 84.0)	(160, 126.0)	(165, 102.0)	(170, 107.0)	(175, 40.0)	(180, 18.0)	(185, 51.0)	(190, 53.0)	(195, 43.0)	(200, 33.0)	(205, 49.0)	(210, 78.0)	(215, 63.0)	(220, 79.0)	(225, 102.0)	(230, 77.0)	(235, 73.0)	(240, 95.0)	(245, 350.0)	(250, 223.0)	(255, 143.0)	(260, 253.0)	(265, 473.0)	(270, 836.0)	(275, 2966.0)	(280, 85231.0)	(285, 1362.0)	(290, 4.0)	(295, 5.0)	(300, 51.0)
S5_defined_inocula_S87_L001_R2_001	(50, 30.0)	(55, 25.0)	(60, 22.0)	(65, 47.0)	(70, 33.0)	(75, 89.0)	(80, 41.0)	(85, 30.0)	(90, 32.0)	(95, 55.0)	(100, 35.0)	(105, 37.0)	(110, 36.0)	(115, 71.0)	(120, 98.0)	(125, 49.0)	(130, 97.0)	(135, 57.0)	(140, 135.0)	(145, 95.0)	(150, 110.0)	(155, 123.0)	(160, 172.0)	(165, 77.0)	(170, 200.0)	(175, 214.0)	(180, 228.0)	(185, 124.0)	(190, 230.0)	(195, 598.0)	(200, 740.0)	(205, 317.0)	(210, 567.0)	(215, 631.0)	(220, 536.0)	(225, 763.0)	(230, 724.0)	(235, 755.0)	(240, 422.0)	(245, 1255.0)	(250, 787.0)	(255, 1915.0)	(260, 2785.0)	(265, 2580.0)	(270, 3983.0)	(275, 60135.0)	(280, 12131.0)	(285, 1.0)	(290, 4.0)	(295, 13.0)	(300, 12.0)
