feature	metadata	value	coef	stderr	N	N.not.0	pval	qval
ko.K07487	Week_and_consortia	NS1_w9w10	-7.22799184210191	0.07826662172197	72	21	7.12645589816753e-75	3.60028551975424e-71
ko.K14194	Week_and_consortia	NS1_w9w10	-4.52882453897349	0.0496319766718358	72	21	1.08772278574183e-73	2.74758775678386e-70
ko.K07457	Week_and_consortia	NS1_w9w10	-6.25760889027478	0.074138380694787	72	21	3.6655323367274e-72	6.17275645504894e-69
ko.K11062	Week_and_consortia	NS1_w9w10	5.33030472071765	0.062362259744899	72	72	9.26514436043891e-72	1.17018773272343e-68
ko.K03693	Week_and_consortia	NS1_w9w10	-6.6110110751101	0.0828016681348494	72	21	1.72407675865597e-70	9.67781753858883e-68
ko.K12551	Week_and_consortia	NS1_w9w10	-6.6110110751101	0.0828016681348494	72	21	1.72407675865597e-70	9.67781753858883e-68
ko.K01263	Week_and_consortia	NS1_w9w10	-6.6110110751101	0.0828016681348494	72	21	1.72407675865597e-70	9.67781753858883e-68
ko.K08693	Week_and_consortia	NS1_w9w10	-6.6110110751101	0.0828016681348494	72	21	1.72407675865597e-70	9.67781753858883e-68
ko.K10851	Week_and_consortia	NS1_w9w10	-6.6110110751101	0.0828016681348494	72	21	1.72407675865597e-70	9.67781753858883e-68
ko.K19429	Week_and_consortia	NS1_w9w10	8.424795953483	0.103227972780267	72	72	2.20472337067281e-70	1.1138262468639e-67
ko.K06904	Week_and_consortia	NS1_w9w10	6.90594278339706	0.0863627539293627	72	72	9.07544043952623e-70	4.16810228186241e-67
ko.K08961	Week_and_consortia	NS1_w9w10	11.5161163081289	0.148337673567016	72	62	1.2005117819451e-69	5.05415460198886e-67
ko.K19083	Week_and_consortia	NS1_w9w10	-6.01579258802921	0.0820026603818301	72	21	6.02592517017764e-68	1.6022617873546e-65
ko.K19084	Week_and_consortia	NS1_w9w10	-6.01579258802921	0.0820026603818301	72	21	6.02592517017764e-68	1.6022617873546e-65
ko.K21463	Week_and_consortia	NS1_w9w10	-6.01579258802921	0.0820026603818301	72	21	6.02592517017764e-68	1.6022617873546e-65
ko.K02763	Week_and_consortia	NS1_w9w10	-6.01579258802921	0.0820026603818301	72	21	6.02592517017764e-68	1.6022617873546e-65
ko.K02765	Week_and_consortia	NS1_w9w10	-6.01579258802921	0.0820026603818301	72	21	6.02592517017764e-68	1.6022617873546e-65
ko.K02764	Week_and_consortia	NS1_w9w10	-6.01579258802921	0.0820026603818301	72	21	6.02592517017764e-68	1.6022617873546e-65
ko.K07683	Week_and_consortia	NS1_w9w10	-6.01579258802921	0.0820026603818301	72	21	6.02592517017764e-68	1.6022617873546e-65
ko.K17810	Week_and_consortia	NS1_w9w10	4.73956614319348	0.0717866042753023	72	72	8.68590505107815e-65	2.19405961590234e-62
ko.K07506	Week_and_consortia	NS1_w9w10	5.44483879660504	0.0858303961147977	72	72	6.27179064111123e-63	1.50881363423304e-60
ko.K19147	Week_and_consortia	NS1_w9w10	-3.81095275687258	0.0621251272653983	72	72	1.3688642190859e-62	3.14341001582817e-60
ko.K21681	Week_and_consortia	NS1_w9w10	7.05736117560069	0.12492103994614	72	72	3.89585629856845e-60	8.55733305233383e-58
ko.K14680	Week_and_consortia	NS1_w9w10	7.33484160813005	0.130091565639891	72	53	4.46559649253862e-60	9.40008061679379e-58
ko.K03830	Week_and_consortia	NS1_w9w10	-3.44758147421278	0.0637394551257121	72	72	7.66329552942609e-59	1.54859876058643e-56
ko.K07316	Week_and_consortia	NS1_w9w10	5.0360237535209	0.0938556428942659	72	72	1.32518572739002e-58	2.57493780568245e-56
ko.K17624	Week_and_consortia	NS1_w9w10	5.02998297612917	0.0945020790071879	72	72	9.0944482025648e-58	1.70167230812435e-55
ko.K05524	Week_and_consortia	NS1_w9w10	5.10444954712972	0.0961487188042118	72	72	1.04750774354409e-57	1.89000325728026e-55
ko.K07452	Week_and_consortia	NS1_w9w10	-3.97641547835934	0.0804741574658359	72	72	3.66523806034838e-56	6.38509747616552e-54
ko.K03408	Week_and_consortia	NS1_w9w10	-2.7911405440977	0.0555069684490462	72	72	4.06504381003629e-56	6.8455337761011e-54
ko.K09940	Week_and_consortia	NS1_w9w10	-2.12497912593218	0.0430981615335584	72	20	4.24667120239233e-56	6.92070416596323e-54
ko.K03412	Week_and_consortia	NS1_w9w10	-2.83614138277545	0.0567091949690021	72	72	5.85989139013117e-56	9.25130353216958e-54
ko.K03620	Week_and_consortia	NS1_w9w10	-4.24281499256468	0.0887416737493776	72	72	3.44581498512877e-55	5.27522948632441e-53
ko.K22213	Week_and_consortia	NS1_w9w10	7.84896503721154	0.17094231971481	72	62	5.36136644446515e-54	7.96635978748175e-52
ko.K08139	Week_and_consortia	NS1_w9w10	1.61192412238202	0.0351684609686577	72	52	6.04743069348028e-54	8.72903424670353e-52
ko.K00558	Week_and_consortia	NS1_w9w10	1.03083819346148	0.0225171724722012	72	72	6.55307400935581e-54	9.19614719312932e-52
ko.K03605	Week_and_consortia	NS1_w9w10	-3.96184111199321	0.0873012315885264	72	72	1.18547518660353e-53	1.53564631864642e-51
ko.K06281	Week_and_consortia	NS1_w9w10	-3.96184111199321	0.0873012315885264	72	72	1.18547518660353e-53	1.53564631864642e-51
ko.K06282	Week_and_consortia	NS1_w9w10	-3.96184111199321	0.0873012315885264	72	72	1.18547518660353e-53	1.53564631864642e-51
ko.K09144	Week_and_consortia	NS1_w9w10	-1.76162541769456	0.0385044631347368	72	20	2.32717422130256e-53	2.93922104150514e-51
ko.K10242	Week_and_consortia	NS1_w9w10	-1.6057246891675	0.036934574365596	72	20	2.16025248863387e-52	2.66185257867763e-50
ko.K21739	Week_and_consortia	NS1_w9w10	2.61023625521811	0.0595664460256904	72	72	4.05425370116103e-52	4.87668802339655e-50
ko.K09818	Week_and_consortia	NS1_w9w10	-5.53418567210265	0.129190537270029	72	21	5.85477693964528e-52	6.87868211606697e-50
ko.K00983	Week_and_consortia	NS1_w9w10	-3.47759836391279	0.0827899827290118	72	72	6.76152779685814e-51	7.76346327948348e-49
ko.K04940	Week_and_consortia	NS1_w9w10	-4.2733449361418	0.103518097672322	72	72	7.08360578644237e-51	7.95252809624596e-49
ko.K00759	Week_and_consortia	NS1_w9w10	1.45796776442423	0.0355165527422538	72	72	1.03277670293677e-50	1.13425823983403e-48
ko.K09459	Week_and_consortia	NS1_w9w10	7.2026668344903	0.175562885801526	72	66	1.07461986270606e-50	1.15510203114703e-48
ko.K13483	Week_and_consortia	NS1_w9w10	4.87746730039204	0.119946746122131	72	72	1.95150586184466e-50	2.05395991959151e-48
ko.K07246	Week_and_consortia	NS1_w9w10	5.48513253763138	0.135938378875619	72	72	3.28198897294303e-50	3.38379761047106e-48
ko.K21379	Week_and_consortia	NS1_w9w10	2.09957271261426	0.052360779847806	72	52	4.99765062278553e-50	4.95061391104166e-48
ko.K19049	Week_and_consortia	NS1_w9w10	1.75930004172464	0.0438688741964171	72	52	4.95258512878259e-50	4.95061391104166e-48
ko.K09469	Week_and_consortia	NS1_w9w10	2.10621644119669	0.0526155435169581	72	52	5.59956830001491e-50	5.44019597147603e-48
ko.K03799	Week_and_consortia	NS1_w9w10	4.83399186446665	0.120849138616958	72	72	5.88939941145456e-50	5.55770335226013e-48
ko.K01028	Week_and_consortia	NS1_w9w10	-2.319273609241	0.0570518377126092	72	20	5.94053802498114e-50	5.55770335226013e-48
ko.K06188	Week_and_consortia	NS1_w9w10	1.92399046864943	0.0481437109192408	72	72	6.26391255453646e-50	5.75368840463967e-48
ko.K08226	Week_and_consortia	NS1_w9w10	-2.33855682360999	0.0577710236895457	72	20	7.88576082116474e-50	6.53096125713512e-48
ko.K07151	Week_and_consortia	NS1_w9w10	-2.33855682360999	0.0577710236895457	72	20	7.88576082116474e-50	6.53096125713512e-48
ko.K04708	Week_and_consortia	NS1_w9w10	-2.33855682360999	0.0577710236895457	72	20	7.88576082116474e-50	6.53096125713512e-48
ko.K19116	Week_and_consortia	NS1_w9w10	-2.33855682360999	0.0577710236895457	72	20	7.88576082116474e-50	6.53096125713512e-48
ko.K19114	Week_and_consortia	NS1_w9w10	-2.33855682360999	0.0577710236895457	72	20	7.88576082116474e-50	6.53096125713512e-48
ko.K20109	Week_and_consortia	NS1_w9w10	-2.33855682360999	0.0577710236895457	72	20	7.88576082116474e-50	6.53096125713512e-48
ko.K00663	Week_and_consortia	NS1_w9w10	-2.31732972742369	0.0572644657802991	72	20	8.04912979654897e-50	6.55874253744604e-48
ko.K00640	Week_and_consortia	NS1_w9w10	0.538956843434316	0.0135908358569713	72	72	1.05180316420564e-49	8.43445965963001e-48
ko.K18430	Week_and_consortia	NS1_w9w10	-3.82353046975077	0.0950034961407988	72	72	1.18352148137089e-49	9.34242269357145e-48
ko.K01095	Week_and_consortia	NS1_w9w10	5.11162132262629	0.130034311614296	72	72	1.89294711388156e-49	1.47125674143533e-47
ko.K02362	Week_and_consortia	NS1_w9w10	5.10847910427061	0.130484012971492	72	72	2.48588641738011e-49	1.89750391671524e-47
ko.K08981	Week_and_consortia	NS1_w9w10	5.06994348501284	0.127411846689649	72	72	2.5164838167047e-49	1.89750391671524e-47
ko.K05979	Week_and_consortia	NS1_w9w10	3.85074569065176	0.0979491878658016	72	72	5.54829073422939e-49	4.12205364548925e-47
ko.K19159	Week_and_consortia	NS1_w9w10	-4.57253263295046	0.118996571842636	72	72	8.67800259526747e-49	6.35380711757844e-47
ko.K06351	Week_and_consortia	NS1_w9w10	5.67021876152107	0.148019880544221	72	72	1.06707370325216e-48	7.65740238559411e-47
ko.K11688	Week_and_consortia	NS1_w9w10	5.6698308803325	0.148028525637655	72	72	1.07615908427787e-48	7.65740238559411e-47
ko.K06350	Week_and_consortia	NS1_w9w10	5.39772119601271	0.141423415437749	72	72	1.36308310713827e-48	9.56429980175353e-47
ko.K01710	Week_and_consortia	NS1_w9w10	-0.526592317737743	0.0139305927106062	72	72	2.59448553114819e-48	1.79552615114529e-46
ko.K03592	Week_and_consortia	NS1_w9w10	1.92662358472491	0.0505389177118757	72	72	4.16533030462574e-48	2.8057664931959e-46
ko.K03568	Week_and_consortia	NS1_w9w10	1.92662358472491	0.0505389177118757	72	72	4.16533030462574e-48	2.8057664931959e-46
ko.K02398	Week_and_consortia	NS1_w9w10	-2.60250141641894	0.0683681919262405	72	72	4.63847010663309e-48	3.08336197088294e-46
ko.K13522	Week_and_consortia	NS1_w9w10	3.68577987473922	0.0976687828580743	72	72	8.35623900583791e-48	5.4825609685056e-46
ko.K08222	Week_and_consortia	NS1_w9w10	-1.67697601890743	0.0455184247750271	72	20	1.44122849514946e-47	9.33472609935266e-46
ko.K15924	Week_and_consortia	NS1_w9w10	-1.82335117090889	0.0495289733348047	72	20	1.51573686643592e-47	9.69304132814463e-46
ko.K13924	Week_and_consortia	NS1_w9w10	-2.00483152990843	0.0546769748231781	72	20	1.97852532649583e-47	1.04119895306843e-45
ko.K11337	Week_and_consortia	NS1_w9w10	-2.00483152990843	0.0546769748231781	72	20	1.97852532649583e-47	1.04119895306843e-45
ko.K10237	Week_and_consortia	NS1_w9w10	-2.00483152990843	0.0546769748231781	72	20	1.97852532649583e-47	1.04119895306843e-45
ko.K11636	Week_and_consortia	NS1_w9w10	-2.00483152990843	0.0546769748231781	72	20	1.97852532649583e-47	1.04119895306843e-45
ko.K10228	Week_and_consortia	NS1_w9w10	-2.00483152990843	0.0546769748231781	72	20	1.97852532649583e-47	1.04119895306843e-45
ko.K05521	Week_and_consortia	NS1_w9w10	-2.00483152990843	0.0546769748231781	72	20	1.97852532649583e-47	1.04119895306843e-45
ko.K18987	Week_and_consortia	NS1_w9w10	-2.00483152990843	0.0546769748231781	72	20	1.97852532649583e-47	1.04119895306843e-45
ko.K13020	Week_and_consortia	NS1_w9w10	-2.00483152990843	0.0546769748231781	72	20	1.97852532649583e-47	1.04119895306843e-45
ko.K01729	Week_and_consortia	NS1_w9w10	-2.00483152990843	0.0546769748231781	72	20	1.97852532649583e-47	1.04119895306843e-45
ko.K00298	Week_and_consortia	NS1_w9w10	-2.00483152990843	0.0546769748231781	72	20	1.97852532649583e-47	1.04119895306843e-45
ko.K09942	Week_and_consortia	NS1_w9w10	-2.00483152990843	0.0546769748231781	72	20	1.97852532649583e-47	1.04119895306843e-45
ko.K16958	Week_and_consortia	NS1_w9w10	-2.00483152990843	0.0546769748231781	72	20	1.97852532649583e-47	1.04119895306843e-45
ko.K04782	Week_and_consortia	NS1_w9w10	-2.00483152990843	0.0546769748231781	72	20	1.97852532649583e-47	1.04119895306843e-45
ko.K10798	Week_and_consortia	NS1_w9w10	-2.00483152990843	0.0546769748231781	72	20	1.97852532649583e-47	1.04119895306843e-45
ko.K09882	Week_and_consortia	NS1_w9w10	-2.00483152990843	0.0546769748231781	72	20	1.97852532649583e-47	1.04119895306843e-45
ko.K17244	Week_and_consortia	NS1_w9w10	-2.00483152990843	0.0546769748231781	72	20	1.97852532649583e-47	1.04119895306843e-45
ko.K07991	Week_and_consortia	NS1_w9w10	-2.00483152990843	0.0546769748231781	72	20	1.97852532649583e-47	1.04119895306843e-45
ko.K10231	Week_and_consortia	NS1_w9w10	-2.00131383638405	0.0546371799335924	72	20	2.11869624346826e-47	1.0811771133335e-45
ko.K17239	Week_and_consortia	NS1_w9w10	-2.00131383638405	0.0546371799335924	72	20	2.11869624346826e-47	1.0811771133335e-45
ko.K01727	Week_and_consortia	NS1_w9w10	-1.93662246384194	0.0528564002399134	72	20	2.07992986869143e-47	1.0811771133335e-45
ko.K18816	Week_and_consortia	NS1_w9w10	-1.99432447350713	0.0545657427056359	72	20	2.45125444581704e-47	1.20230460779298e-45
ko.K17312	Week_and_consortia	NS1_w9w10	-1.99432447350713	0.0545657427056359	72	20	2.45125444581704e-47	1.20230460779298e-45
ko.K05795	Week_and_consortia	NS1_w9w10	-1.99432447350712	0.0545657427056359	72	20	2.45125444578419e-47	1.20230460779298e-45
ko.K17311	Week_and_consortia	NS1_w9w10	-1.99432447350713	0.0545657427056359	72	20	2.45125444581704e-47	1.20230460779298e-45
ko.K11621	Week_and_consortia	NS1_w9w10	-2.00553614847359	0.0549096231667179	72	20	2.56412020654952e-47	1.2455707003354e-45
ko.K09181	Week_and_consortia	NS1_w9w10	1.91132906567621	0.0515930945229591	72	72	2.73675053953265e-47	1.31293641226935e-45
ko.K00661	Week_and_consortia	NS1_w9w10	0.517403368984678	0.014181273184599	72	72	2.75477552851447e-47	1.31293641226935e-45
ko.K15915	Week_and_consortia	NS1_w9w10	2.56680268038415	0.0709179674667367	72	52	4.69297876843769e-47	2.20775581340147e-45
ko.K17241	Week_and_consortia	NS1_w9w10	-1.86592447806518	0.0515650078629849	72	20	4.76336863936579e-47	2.20775581340147e-45
ko.K05882	Week_and_consortia	NS1_w9w10	-1.86592447806518	0.0515650078629849	72	20	4.76336863936579e-47	2.20775581340147e-45
ko.K15669	Week_and_consortia	NS1_w9w10	-2.85727462659694	0.0790352013663854	72	72	5.07007060818655e-47	2.32854515568713e-45
ko.K18650	Week_and_consortia	NS1_w9w10	-1.84867229960796	0.0514517315743664	72	20	7.63111534660351e-47	3.47318871450819e-45
ko.K02472	Week_and_consortia	NS1_w9w10	1.76194056499251	0.049234206537846	72	72	9.95167826242465e-47	4.48891773051512e-45
ko.K01807	Week_and_consortia	NS1_w9w10	1.71798801000024	0.0480186906535531	72	72	1.01274795633973e-46	4.52778997825516e-45
ko.K12132	Week_and_consortia	NS1_w9w10	0.693424268287997	0.0194046434632875	72	72	1.09597839718284e-46	4.85691479172608e-45
ko.K04720	Week_and_consortia	NS1_w9w10	-0.632762225276264	0.0177580526613597	72	72	1.32642817020839e-46	5.82705662251549e-45
ko.K01179	Week_and_consortia	NS1_w9w10	2.58780695518885	0.0730191554088162	72	72	1.89964678703515e-46	8.27328928284621e-45
ko.K07455	Week_and_consortia	NS1_w9w10	3.03329914490011	0.0860311646219709	72	72	2.67288520241189e-46	1.15413812329785e-44
ko.K06338	Week_and_consortia	NS1_w9w10	2.9198675207906	0.0817605535073487	72	72	3.07663607679704e-46	1.3172174118626e-44
ko.K03707	Week_and_consortia	NS1_w9w10	3.16585860236467	0.0888892795238845	72	72	3.7130890400282e-46	1.57634670842206e-44
ko.K17108	Week_and_consortia	NS1_w9w10	2.96831922254581	0.0847782610414124	72	52	4.24695832980229e-46	1.78796945684676e-44
ko.K00648	Week_and_consortia	NS1_w9w10	0.859145593417543	0.0247081396137937	72	72	6.71084676366929e-46	2.80191717769068e-44
ko.K01305	Week_and_consortia	NS1_w9w10	3.10518606607477	0.0895300668539901	72	72	7.94587028641695e-46	3.2903718595884e-44
ko.K07270	Week_and_consortia	NS1_w9w10	3.46188751526923	0.100274906263845	72	52	1.07742254502732e-45	4.42531601420978e-44
ko.K02651	Week_and_consortia	NS1_w9w10	2.10230345920182	0.060504892066245	72	72	1.8391022291465e-45	7.49285843681299e-44
ko.K01297	Week_and_consortia	NS1_w9w10	2.00826058196942	0.0580642005705342	72	72	2.47755620495875e-45	1.00132911579613e-43
ko.K08280	Week_and_consortia	NS1_w9w10	-5.34569612630948	0.154959501587124	72	72	2.96221011038221e-45	1.18770519663896e-43
ko.K08717	Week_and_consortia	NS1_w9w10	2.95729527710603	0.0874013347573635	72	72	4.0770264959093e-45	1.62182187853022e-43
ko.K16959	Week_and_consortia	NS1_w9w10	-1.44102793314972	0.0422208264813102	72	20	5.86623602538511e-45	2.31533003126918e-43
ko.K08073	Week_and_consortia	NS1_w9w10	3.66730255184204	0.109074515824913	72	52	6.19511946892957e-45	2.33565250425613e-43
ko.K08075	Week_and_consortia	NS1_w9w10	3.66730255184204	0.109074515824913	72	52	6.19511946892957e-45	2.33565250425613e-43
ko.K17838	Week_and_consortia	NS1_w9w10	3.66730255184204	0.109074515824913	72	52	6.19511946892957e-45	2.33565250425613e-43
ko.K07116	Week_and_consortia	NS1_w9w10	3.66730255184204	0.109074515824913	72	52	6.19511946892957e-45	2.33565250425613e-43
ko.K08838	Week_and_consortia	NS1_w9w10	3.66730255184204	0.109074515824913	72	52	6.19511946892957e-45	2.33565250425613e-43
ko.K22320	Week_and_consortia	NS1_w9w10	3.66730255184204	0.109074515824913	72	52	6.19511946892957e-45	2.33565250425613e-43
ko.K11249	Week_and_consortia	NS1_w9w10	-3.61734367896199	0.108088806562616	72	72	8.41227500728994e-45	3.1480602471725e-43
ko.K12052	Week_and_consortia	NS1_w9w10	-1.48749535160665	0.0446542271973609	72	20	1.14238440370692e-44	4.2126467208229e-43
ko.K03201	Week_and_consortia	NS1_w9w10	-1.48749535160665	0.0446542271973609	72	20	1.14238440370692e-44	4.2126467208229e-43
ko.K19167	Week_and_consortia	NS1_w9w10	-4.52934928351007	0.137276269303714	72	70	2.14455331730966e-44	7.85092997032495e-43
ko.K00002	Week_and_consortia	NS1_w9w10	5.08519967002195	0.152377524667902	72	72	2.57290935337661e-44	9.35132234047383e-43
ko.K08223	Week_and_consortia	NS1_w9w10	1.44282373467915	0.0439584871145826	72	72	3.02489504565697e-44	1.0915549836185e-42
ko.K07404	Week_and_consortia	NS1_w9w10	1.23172365350361	0.0381144092682587	72	72	8.39711451046151e-44	3.00866826289727e-42
ko.K01841	Week_and_consortia	NS1_w9w10	2.00076994146866	0.0612926080578852	72	72	1.07314378478704e-43	3.8179735216508e-42
ko.K17243	Week_and_consortia	NS1_w9w10	-3.9550998481712	0.122080953594522	72	72	1.76655128799362e-43	6.24099098387677e-42
ko.K20541	Week_and_consortia	NS1_w9w10	4.91992426170613	0.154892423833015	72	72	2.60498235470614e-43	9.13914642776069e-42
ko.K08651	Week_and_consortia	NS1_w9w10	-2.13018485358566	0.0672536415409277	72	20	3.13450414036404e-43	1.08462430939172e-41
ko.K01342	Week_and_consortia	NS1_w9w10	-2.13018485358566	0.0672536415409277	72	20	3.13450414036404e-43	1.08462430939172e-41
ko.K20543	Week_and_consortia	NS1_w9w10	4.90571989255793	0.1550249682285	72	72	3.32959948297109e-43	1.14429500598435e-41
ko.K07813	Week_and_consortia	NS1_w9w10	-2.68235616681623	0.0839966824029763	72	72	4.53811658078535e-43	1.54909222744105e-41
ko.K06915	Week_and_consortia	NS1_w9w10	3.97486622899397	0.126411654580126	72	72	5.05175776926136e-43	1.71285102351063e-41
ko.K07341	Week_and_consortia	NS1_w9w10	-2.4475605617075	0.0768901070102108	72	72	5.49386539670266e-43	1.85033386560946e-41
ko.K09704	Week_and_consortia	NS1_w9w10	1.84422394697078	0.0589957938769514	72	72	7.4091585049808e-43	2.47887872630219e-41
ko.K06952	Week_and_consortia	NS1_w9w10	-4.41148836178044	0.141955898861461	72	20	1.08930842282979e-42	3.6205172053527e-41
ko.K01697	Week_and_consortia	NS1_w9w10	-2.43056252045213	0.0774671777931398	72	72	1.3859861442035e-42	4.57647189576214e-41
ko.K11748	Week_and_consortia	NS1_w9w10	4.55071111467008	0.14714292064457	72	72	1.49201769248896e-42	4.89459310548976e-41
ko.K01250	Week_and_consortia	NS1_w9w10	-3.25182553355079	0.106199810749505	72	72	2.86231803540087e-42	9.32931013860981e-41
ko.K04763	Week_and_consortia	NS1_w9w10	1.05728585146094	0.0346040688004044	72	72	3.29523273048777e-42	1.06714844579642e-40
ko.K21405	Week_and_consortia	NS1_w9w10	2.69445369069759	0.0870981400403628	72	72	3.50066737947355e-42	1.126456789879e-40
ko.K10218	Week_and_consortia	NS1_w9w10	3.6165636995836	0.119624588101301	72	72	6.55903095880673e-42	2.09722939265137e-40
ko.K01961	Week_and_consortia	NS1_w9w10	1.24392613234548	0.0413588228783017	72	72	9.18730588843669e-42	2.91913643700517e-40
ko.K19545	Week_and_consortia	NS1_w9w10	3.04809621280447	0.101607199898243	72	72	1.08684364440562e-41	3.43170880721074e-40
ko.K07448	Week_and_consortia	NS1_w9w10	2.1842222925139	0.0721313084388867	72	72	1.38152268540318e-41	4.33506373084279e-40
ko.K16044	Week_and_consortia	NS1_w9w10	4.27002703476856	0.142942518314223	72	72	1.43033868624477e-41	4.46053768080777e-40
ko.K04047	Week_and_consortia	NS1_w9w10	1.36841928741289	0.0458660645431919	72	72	1.55103267688028e-41	4.80724974453937e-40
ko.K07099	Week_and_consortia	NS1_w9w10	2.40834933881346	0.0803789401551638	72	72	2.72953124027145e-41	8.40828769868984e-40
ko.K19158	Week_and_consortia	NS1_w9w10	-1.71910535555254	0.058157421223972	72	72	2.83326252075997e-41	8.6749346999269e-40
ko.K19166	Week_and_consortia	NS1_w9w10	-5.70206446235052	0.193482185541918	72	72	3.44362065481956e-41	1.04802238241858e-39
ko.K02851	Week_and_consortia	NS1_w9w10	2.73036859868682	0.0927903525913892	72	72	3.8074547352831e-41	1.15181205524852e-39
ko.K07397	Week_and_consortia	NS1_w9w10	-2.23275715722003	0.0760080682036786	72	72	4.25002347514279e-41	1.27804277359651e-39
ko.K01361	Week_and_consortia	NS1_w9w10	1.45001338378144	0.0496523429589441	72	52	1.41737368852191e-40	4.18823531392591e-39
ko.K13530	Week_and_consortia	NS1_w9w10	-1.61722894671489	0.0561376116922033	72	20	1.50053561326324e-40	4.18823531392591e-39
ko.K07505	Week_and_consortia	NS1_w9w10	-1.61722894671489	0.0561376116922033	72	20	1.50053561326324e-40	4.18823531392591e-39
ko.K18939	Week_and_consortia	NS1_w9w10	-1.61722894671489	0.0561376116922033	72	20	1.50053561326324e-40	4.18823531392591e-39
ko.K13611	Week_and_consortia	NS1_w9w10	-1.61722894671489	0.0561376116922033	72	20	1.50053561326324e-40	4.18823531392591e-39
ko.K15337	Week_and_consortia	NS1_w9w10	-1.61722894671489	0.0561376116922033	72	20	1.50053561326324e-40	4.18823531392591e-39
ko.K18908	Week_and_consortia	NS1_w9w10	-1.61722894671489	0.0561376116922033	72	20	1.50053561326324e-40	4.18823531392591e-39
ko.K21493	Week_and_consortia	NS1_w9w10	-1.61722894671489	0.0561376116922033	72	20	1.50053561326324e-40	4.18823531392591e-39
ko.K07978	Week_and_consortia	NS1_w9w10	-1.61722894671489	0.0561376116922033	72	20	1.50053561326324e-40	4.18823531392591e-39
ko.K21440	Week_and_consortia	NS1_w9w10	-1.61722894671489	0.0561376116922033	72	20	1.50053561326324e-40	4.18823531392591e-39
ko.K09126	Week_and_consortia	NS1_w9w10	-1.61722894671489	0.0561376116922033	72	20	1.50053561326324e-40	4.18823531392591e-39
ko.K15314	Week_and_consortia	NS1_w9w10	-1.61722894671489	0.0561376116922033	72	20	1.50053561326324e-40	4.18823531392591e-39
ko.K08259	Week_and_consortia	NS1_w9w10	-1.61722894671489	0.0561376116922033	72	20	1.50053561326324e-40	4.18823531392591e-39
ko.K17723	Week_and_consortia	NS1_w9w10	-2.32740245994371	0.0798507856668455	72	72	1.57923207640233e-40	4.3836705769146e-39
ko.K10804	Week_and_consortia	NS1_w9w10	-2.32531625956121	0.0798967054764336	72	72	1.73493506180186e-40	4.68710798514598e-39
ko.K22396	Week_and_consortia	NS1_w9w10	-2.32531625956121	0.0798967054764336	72	72	1.73493506180186e-40	4.68710798514598e-39
ko.K07302	Week_and_consortia	NS1_w9w10	-2.32531625956121	0.0798967054764336	72	72	1.73493506180186e-40	4.68710798514598e-39
ko.K06988	Week_and_consortia	NS1_w9w10	-2.32531625956121	0.0798967054764336	72	72	1.73493506180186e-40	4.68710798514598e-39
ko.K07806	Week_and_consortia	NS1_w9w10	-2.32531625956121	0.0798967054764336	72	72	1.73493506180186e-40	4.68710798514598e-39
ko.K20859	Week_and_consortia	NS1_w9w10	-3.49413809178856	0.121180083890775	72	72	3.15914298908405e-40	8.44443935494847e-39
ko.K07776	Week_and_consortia	NS1_w9w10	-3.49413809178856	0.121180083890775	72	72	3.15914298908405e-40	8.44443935494847e-39
ko.K13607	Week_and_consortia	NS1_w9w10	-2.90320223481001	0.10089430907427	72	20	3.63675742949451e-40	9.61931860408705e-39
ko.K20882	Week_and_consortia	NS1_w9w10	-2.90320223481001	0.10089430907427	72	20	3.63675742949451e-40	9.61931860408705e-39
ko.K01447	Week_and_consortia	NS1_w9w10	0.460241184707226	0.0160514964964675	72	72	4.48603346261775e-40	1.18038755485129e-38
ko.K01133	Week_and_consortia	NS1_w9w10	1.61750186097716	0.0571222542913484	72	72	4.5595018054344e-40	1.19350275238625e-38
ko.K19168	Week_and_consortia	NS1_w9w10	-3.23761344856301	0.114479749817701	72	72	4.94222514085188e-40	1.28701656760741e-38
ko.K00625	Week_and_consortia	NS1_w9w10	0.495023228661658	0.0175631481493673	72	72	6.14937684780271e-40	1.5931616325692e-38
ko.K04486	Week_and_consortia	NS1_w9w10	0.725684788293289	0.0257600091059643	72	72	6.35445664950578e-40	1.63789362210731e-38
ko.K07114	Week_and_consortia	NS1_w9w10	0.507597383293536	0.0181141003520008	72	72	8.93527656599102e-40	2.2914221934714e-38
ko.K03332	Week_and_consortia	NS1_w9w10	1.31914424579691	0.0470829719291119	72	72	9.03403575371824e-40	2.30504791049417e-38
ko.K03832	Week_and_consortia	NS1_w9w10	1.21976934659446	0.0439113871151615	72	72	1.56890371277269e-39	3.98296560649629e-38
ko.K17234	Week_and_consortia	NS1_w9w10	-4.96070217783754	0.178819683168701	72	70	1.70763409714001e-39	4.29202361131908e-38
ko.K17236	Week_and_consortia	NS1_w9w10	-4.96070217783754	0.178819683168701	72	70	1.70763409714001e-39	4.29202361131908e-38
ko.K13664	Week_and_consortia	NS1_w9w10	-3.60270592324677	0.130278447994945	72	20	2.0916528386749e-39	5.17991673577725e-38
ko.K21005	Week_and_consortia	NS1_w9w10	-3.60270592324677	0.130278447994945	72	20	2.0916528386749e-39	5.17991673577725e-38
ko.K19431	Week_and_consortia	NS1_w9w10	-3.60270592324677	0.130278447994945	72	20	2.0916528386749e-39	5.17991673577725e-38
ko.K05396	Week_and_consortia	NS1_w9w10	-2.41233138360786	0.0874349238252566	72	72	2.42637879535675e-39	5.97954423128894e-38
ko.K01023	Week_and_consortia	NS1_w9w10	-1.96623991961054	0.0717249223705356	72	72	3.66152518802043e-39	8.97962390770836e-38
ko.K04095	Week_and_consortia	NS1_w9w10	1.78226002953925	0.065231849067802	72	72	4.53868714833575e-39	1.10770277649238e-37
ko.K00817	Week_and_consortia	NS1_w9w10	-0.708619596106958	0.0259464824062311	72	72	4.65858104473762e-39	1.13149766528916e-37
ko.K22468	Week_and_consortia	NS1_w9w10	1.83246060113241	0.066575706541553	72	52	6.13637237647995e-39	1.48329919837209e-37
ko.K03519	Week_and_consortia	NS1_w9w10	5.25301002971031	0.191025541280484	72	66	6.43844995599322e-39	1.54890710369894e-37
ko.K21065	Week_and_consortia	NS1_w9w10	1.60114629080938	0.058283671197041	72	52	6.91298773949723e-39	1.65518550047109e-37
ko.K00763	Week_and_consortia	NS1_w9w10	1.21772684641018	0.0449668718498103	72	72	8.01173886735427e-39	1.90921248857895e-37
ko.K03326	Week_and_consortia	NS1_w9w10	3.13633407505865	0.116212713993303	72	72	9.97568004877976e-39	2.36606270452748e-37
ko.K19802	Week_and_consortia	NS1_w9w10	1.20169062230287	0.0447903255273834	72	72	1.4540458942765e-38	3.43263544760975e-37
ko.K06138	Week_and_consortia	NS1_w9w10	-2.03785635642812	0.0750908644920152	72	20	1.50566164200002e-38	3.4419016359204e-37
ko.K06137	Week_and_consortia	NS1_w9w10	-2.03785635642812	0.0750908644920152	72	20	1.50566164200002e-38	3.4419016359204e-37
ko.K09133	Week_and_consortia	NS1_w9w10	-2.03785635642812	0.0750908644920152	72	20	1.50566164200002e-38	3.4419016359204e-37
ko.K07110	Week_and_consortia	NS1_w9w10	-2.03785635642812	0.0750908644920152	72	20	1.50566164200002e-38	3.4419016359204e-37
ko.K22300	Week_and_consortia	NS1_w9w10	-2.03785635642812	0.0750908644920152	72	20	1.50566164200002e-38	3.4419016359204e-37
ko.K21686	Week_and_consortia	NS1_w9w10	-2.03785635642812	0.0750908644920152	72	20	1.50566164200002e-38	3.4419016359204e-37
ko.K21949	Week_and_consortia	NS1_w9w10	-2.03785635642812	0.0750908644920152	72	20	1.50566164200002e-38	3.4419016359204e-37
ko.K00198	Week_and_consortia	NS1_w9w10	3.28193089673528	0.123478747483556	72	72	2.64510277964855e-38	6.01939605530832e-37
ko.K01965	Week_and_consortia	NS1_w9w10	1.59246145165935	0.0599791549024734	72	72	2.83352700147223e-38	6.41927283024112e-37
ko.K13963	Week_and_consortia	NS1_w9w10	1.45256245902435	0.0542894429276121	72	72	3.62749906029012e-38	8.18130591633289e-37
ko.K10189	Week_and_consortia	NS1_w9w10	-2.49482671503461	0.0944285980804748	72	72	3.87433287709373e-38	8.6991687533678e-37
ko.K02017	Week_and_consortia	NS1_w9w10	1.21430309918442	0.0460869909185855	72	72	4.61179385498477e-38	1.03091958209659e-36
ko.K03189	Week_and_consortia	NS1_w9w10	-2.13996312041333	0.0805084317509566	72	72	5.52739835154798e-38	1.18641909175571e-36
ko.K07453	Week_and_consortia	NS1_w9w10	1.74645782972895	0.0657065032342845	72	52	5.54225862340357e-38	1.18641909175571e-36
ko.K05783	Week_and_consortia	NS1_w9w10	1.74645782972895	0.0657065032342845	72	52	5.54225862340357e-38	1.18641909175571e-36
ko.K16936	Week_and_consortia	NS1_w9w10	1.74645782972895	0.0657065032342845	72	52	5.54225862340357e-38	1.18641909175571e-36
ko.K14197	Week_and_consortia	NS1_w9w10	1.74645782972895	0.0657065032342845	72	52	5.54225862340357e-38	1.18641909175571e-36
ko.K19519	Week_and_consortia	NS1_w9w10	1.74645782972895	0.0657065032342845	72	52	5.54225862340357e-38	1.18641909175571e-36
ko.K00223	Week_and_consortia	NS1_w9w10	1.74645782972895	0.0657065032342845	72	52	5.54225862340357e-38	1.18641909175571e-36
ko.K21310	Week_and_consortia	NS1_w9w10	1.74645782972895	0.0657065032342845	72	52	5.54225862340357e-38	1.18641909175571e-36
ko.K16150	Week_and_consortia	NS1_w9w10	1.74645782972895	0.0657065032342845	72	52	5.54225862340357e-38	1.18641909175571e-36
ko.K03444	Week_and_consortia	NS1_w9w10	1.74645782972895	0.0657065032342845	72	52	5.54225862340357e-38	1.18641909175571e-36
ko.K03316	Week_and_consortia	NS1_w9w10	-1.90178780869724	0.0726504935120366	72	72	6.97699092122714e-38	1.48147748038103e-36
ko.K20342	Week_and_consortia	NS1_w9w10	-2.00807009461219	0.0767210837970835	72	20	7.03789776903102e-38	1.48147748038103e-36
ko.K01556	Week_and_consortia	NS1_w9w10	-2.00807009461219	0.0767210837970835	72	20	7.03789776903102e-38	1.48147748038103e-36
ko.K17462	Week_and_consortia	NS1_w9w10	-2.00807009461219	0.0767210837970835	72	20	7.03789776903102e-38	1.48147748038103e-36
ko.K01235	Week_and_consortia	NS1_w9w10	-4.68714763006283	0.179181849819288	72	70	7.29981454423542e-38	1.53023498246794e-36
ko.K06016	Week_and_consortia	NS1_w9w10	2.69073127653537	0.103011782482412	72	72	8.00656622692833e-38	1.67145341233231e-36
ko.K10672	Week_and_consortia	NS1_w9w10	3.05083665295199	0.117676869088175	72	72	1.28908741032657e-37	2.68002864072833e-36
ko.K06903	Week_and_consortia	NS1_w9w10	-1.78304858240997	0.0680134173129633	72	72	1.30522450237393e-37	2.70245663360372e-36
ko.K11689	Week_and_consortia	NS1_w9w10	3.34760778685587	0.129249350065169	72	72	1.37103947911624e-37	2.82713936673275e-36
ko.K11956	Week_and_consortia	NS1_w9w10	-1.63256132383303	0.0624074851761465	72	20	1.52538872533346e-37	3.0948850764597e-36
ko.K07450	Week_and_consortia	NS1_w9w10	-1.63256132383303	0.0624074851761465	72	20	1.52538872533346e-37	3.0948850764597e-36
ko.K15482	Week_and_consortia	NS1_w9w10	-1.63256132383303	0.0624074851761465	72	20	1.52538872533346e-37	3.0948850764597e-36
ko.K16650	Week_and_consortia	NS1_w9w10	-1.63256132383303	0.0624074851761465	72	20	1.52538872533346e-37	3.0948850764597e-36
ko.K03111	Week_and_consortia	NS1_w9w10	0.617118510684519	0.0238866172810831	72	72	1.60830631657395e-37	3.25006540453264e-36
ko.K09973	Week_and_consortia	NS1_w9w10	1.63718797763826	0.0634382848801597	72	72	1.72180383006969e-37	3.46555894402871e-36
ko.K04773	Week_and_consortia	NS1_w9w10	1.24788443181939	0.0484707744559097	72	72	2.00792170235249e-37	4.02540493662094e-36
ko.K09001	Week_and_consortia	NS1_w9w10	4.0624940256378	0.158014570609012	72	72	2.19134049564931e-37	4.37575185139143e-36
ko.K19304	Week_and_consortia	NS1_w9w10	-4.78364064236911	0.186488469415092	72	72	2.53157631911271e-37	5.01549943692447e-36
ko.K09136	Week_and_consortia	NS1_w9w10	-4.78364064236911	0.186488469415092	72	72	2.53157631911271e-37	5.01549943692447e-36
ko.K11004	Week_and_consortia	NS1_w9w10	5.47921473766763	0.213812691345806	72	62	2.69221531114986e-37	5.31291865309731e-36
ko.K09138	Week_and_consortia	NS1_w9w10	-5.5441911271821	0.216517135091613	72	63	2.8286483919119e-37	5.56044034083227e-36
ko.K05346	Week_and_consortia	NS1_w9w10	-1.94394497266172	0.0760324156647408	72	20	3.11476439558995e-37	6.09914330485288e-36
ko.K11616	Week_and_consortia	NS1_w9w10	6.04374547857495	0.233875063741901	72	62	3.23949658048772e-37	6.31889448827179e-36
ko.K06921	Week_and_consortia	NS1_w9w10	1.11527578783455	0.0437603667668297	72	72	3.81090772065696e-37	7.40488684798422e-36
ko.K18581	Week_and_consortia	NS1_w9w10	-1.58935581281379	0.0624189591064956	72	72	4.03767778461044e-37	7.8154590681425e-36
ko.K05349	Week_and_consortia	NS1_w9w10	1.11390392746563	0.043799440621565	72	72	4.35887272478052e-37	8.40497137617984e-36
ko.K21355	Week_and_consortia	NS1_w9w10	-1.91925025513538	0.0758580566768167	72	20	6.04768512995462e-37	1.08729200272351e-35
ko.K10681	Week_and_consortia	NS1_w9w10	-1.9192502551354	0.0758580566768167	72	20	6.04768512995152e-37	1.08729200272351e-35
ko.K02205	Week_and_consortia	NS1_w9w10	-1.91925025513538	0.0758580566768167	72	20	6.04768512995462e-37	1.08729200272351e-35
ko.K16236	Week_and_consortia	NS1_w9w10	-1.91925025513538	0.0758580566768167	72	20	6.04768512995462e-37	1.08729200272351e-35
ko.K18909	Week_and_consortia	NS1_w9w10	-1.91925025513538	0.0758580566768167	72	20	6.04768512995462e-37	1.08729200272351e-35
ko.K13923	Week_and_consortia	NS1_w9w10	-1.91925025513538	0.0758580566768167	72	20	6.04768512995462e-37	1.08729200272351e-35
ko.K03794	Week_and_consortia	NS1_w9w10	-1.91925025513538	0.0758580566768167	72	20	6.04768512995462e-37	1.08729200272351e-35
ko.K21802	Week_and_consortia	NS1_w9w10	-1.91925025513538	0.0758580566768167	72	20	6.04768512995462e-37	1.08729200272351e-35
ko.K01120	Week_and_consortia	NS1_w9w10	-1.91925025513538	0.0758580566768167	72	20	6.04768512995462e-37	1.08729200272351e-35
ko.K10211	Week_and_consortia	NS1_w9w10	-1.91925025513538	0.0758580566768167	72	20	6.04768512995462e-37	1.08729200272351e-35
ko.K15629	Week_and_consortia	NS1_w9w10	-1.91925025513538	0.0758580566768167	72	20	6.04768512995462e-37	1.08729200272351e-35
ko.K10793	Week_and_consortia	NS1_w9w10	-1.91925025513538	0.0758580566768167	72	20	6.04768512995462e-37	1.08729200272351e-35
ko.K15509	Week_and_consortia	NS1_w9w10	-1.91925025513538	0.0758580566768167	72	20	6.04768512995462e-37	1.08729200272351e-35
ko.K11055	Week_and_consortia	NS1_w9w10	-1.91925025513538	0.0758580566768167	72	20	6.04768512995462e-37	1.08729200272351e-35
ko.K11704	Week_and_consortia	NS1_w9w10	-1.91925025513538	0.0758580566768167	72	20	6.04768512995462e-37	1.08729200272351e-35
ko.K19971	Week_and_consortia	NS1_w9w10	-1.91925025513538	0.0758580566768167	72	20	6.04768512995462e-37	1.08729200272351e-35
ko.K11705	Week_and_consortia	NS1_w9w10	-1.91925025513538	0.0758580566768167	72	20	6.04768512995462e-37	1.08729200272351e-35
ko.K19972	Week_and_consortia	NS1_w9w10	-1.91925025513538	0.0758580566768167	72	20	6.04768512995462e-37	1.08729200272351e-35
ko.K08966	Week_and_consortia	NS1_w9w10	-1.91925025513538	0.0758580566768167	72	20	6.04768512995462e-37	1.08729200272351e-35
ko.K20429	Week_and_consortia	NS1_w9w10	1.37958661629543	0.0540358243849296	72	52	6.84219701175527e-37	1.22577231572297e-35
ko.K07494	Week_and_consortia	NS1_w9w10	-2.10338278498629	0.0824723963145906	72	20	7.46256705621906e-37	1.313619817701e-35
ko.K07321	Week_and_consortia	NS1_w9w10	-2.10338278498629	0.0824723963145906	72	20	7.46256705621906e-37	1.313619817701e-35
ko.K12241	Week_and_consortia	NS1_w9w10	-2.10338278498629	0.0824723963145906	72	20	7.46256705621906e-37	1.313619817701e-35
ko.K06936	Week_and_consortia	NS1_w9w10	-2.10338278498629	0.0824723963145906	72	20	7.46256705621906e-37	1.313619817701e-35
ko.K06718	Week_and_consortia	NS1_w9w10	-2.10338278498629	0.0824723963145906	72	20	7.46256705621906e-37	1.313619817701e-35
ko.K20490	Week_and_consortia	NS1_w9w10	-3.77970821714003	0.150132423543716	72	70	8.26320062390631e-37	1.44254327167203e-35
ko.K20492	Week_and_consortia	NS1_w9w10	-3.77970821714003	0.150132423543716	72	70	8.26320062390631e-37	1.44254327167203e-35
ko.K12063	Week_and_consortia	NS1_w9w10	-3.66994963962909	0.145777608569532	72	72	8.28063239875077e-37	1.44254327167203e-35
ko.K06910	Week_and_consortia	NS1_w9w10	-1.68268160972836	0.0669935872721707	72	72	9.57677156120132e-37	1.66260652670753e-35
ko.K04651	Week_and_consortia	NS1_w9w10	-1.78885719347869	0.0714014696279016	72	72	1.12364744037993e-36	1.94406399616417e-35
ko.K03415	Week_and_consortia	NS1_w9w10	-1.98004843474847	0.0790654836811688	72	72	1.15334744472189e-36	1.98863866577986e-35
ko.K00384	Week_and_consortia	NS1_w9w10	-0.304257469834792	0.0121685207563652	72	72	1.27403688887158e-36	2.18926338863239e-35
ko.K15045	Week_and_consortia	NS1_w9w10	-2.12526259445628	0.0843679658561226	72	20	1.61658805027483e-36	2.75912257769879e-35
ko.K13678	Week_and_consortia	NS1_w9w10	-2.12526259445628	0.0843679658561226	72	20	1.61658805027483e-36	2.75912257769879e-35
ko.K08372	Week_and_consortia	NS1_w9w10	1.73585501678059	0.0698173433201116	72	72	1.81876043430401e-36	3.09372987006864e-35
ko.K10188	Week_and_consortia	NS1_w9w10	-3.83363350321932	0.152536802224004	72	72	1.86061922642766e-36	3.15431152077601e-35
ko.K01951	Week_and_consortia	NS1_w9w10	-0.241663292264968	0.00974546328778524	72	72	2.14621532942194e-36	3.62631432917714e-35
ko.K00604	Week_and_consortia	NS1_w9w10	-0.459417122777489	0.0186193784110352	72	72	2.93735108144636e-36	4.94649922115567e-35
ko.K09924	Week_and_consortia	NS1_w9w10	1.61837948487992	0.0650792420849225	72	52	3.56355475955026e-36	5.98108925091293e-35
ko.K07014	Week_and_consortia	NS1_w9w10	4.00466046781308	0.162917082834971	72	72	3.72585157399957e-36	6.23278216948538e-35
ko.K01617	Week_and_consortia	NS1_w9w10	1.47802403851569	0.0594944838320569	72	72	3.83961860948207e-36	6.40189875085921e-35
ko.K02415	Week_and_consortia	NS1_w9w10	-2.38664637758369	0.0972647379753043	72	20	4.16268362447395e-36	6.91772291804026e-35
ko.K04761	Week_and_consortia	NS1_w9w10	1.16428449181669	0.0476543670601688	72	72	5.45969983707083e-36	9.04341100881371e-35
ko.K01993	Week_and_consortia	NS1_w9w10	0.624381788790748	0.0256447982298966	72	72	6.78593311596706e-36	1.12034425169495e-34
ko.K09703	Week_and_consortia	NS1_w9w10	-2.91438591162833	0.118551043161544	72	72	7.23080111353129e-36	1.18990251549056e-34
ko.K00853	Week_and_consortia	NS1_w9w10	-1.63524066168836	0.0673256485400041	72	72	7.89634086335089e-36	1.29520500135223e-34
ko.K00638	Week_and_consortia	NS1_w9w10	2.11796879918482	0.0862927932058282	72	52	8.07217451116266e-36	1.31976134726193e-34
ko.K21364	Week_and_consortia	NS1_w9w10	1.6451907597475	0.0678455296381305	72	52	8.74330515716471e-36	1.4157428735669e-34
ko.K06883	Week_and_consortia	NS1_w9w10	1.64519075974748	0.0678455296381305	72	52	8.74330515742027e-36	1.4157428735669e-34
ko.K13277	Week_and_consortia	NS1_w9w10	1.64519075974748	0.0678455296381305	72	52	8.74330515742027e-36	1.4157428735669e-34
ko.K02798	Week_and_consortia	NS1_w9w10	-1.63601347016771	0.0674914886304103	72	72	8.94380138687648e-36	1.44358097784345e-34
ko.K02282	Week_and_consortia	NS1_w9w10	-2.95702110527455	0.121601539729162	72	72	1.42003241760933e-35	2.28471457763132e-34
ko.K07257	Week_and_consortia	NS1_w9w10	1.60045497852491	0.0660262609863298	72	52	1.74030438732848e-35	2.73894634416931e-34
ko.K21750	Week_and_consortia	NS1_w9w10	1.60045497852491	0.0660262609863298	72	52	1.74030438732848e-35	2.73894634416931e-34
ko.K21279	Week_and_consortia	NS1_w9w10	1.60045497852491	0.0660262609863298	72	52	1.74030438732848e-35	2.73894634416931e-34
ko.K21055	Week_and_consortia	NS1_w9w10	1.60045497852491	0.0660262609863298	72	52	1.74030438732848e-35	2.73894634416931e-34
ko.K21749	Week_and_consortia	NS1_w9w10	1.60045497852491	0.0660262609863298	72	52	1.74030438732848e-35	2.73894634416931e-34
ko.K19050	Week_and_consortia	NS1_w9w10	1.60045497852491	0.0660262609863298	72	52	1.74030438732848e-35	2.73894634416931e-34
ko.K21132	Week_and_consortia	NS1_w9w10	1.60045497852491	0.0660262609863298	72	52	1.74030438732848e-35	2.73894634416931e-34
ko.K01358	Week_and_consortia	NS1_w9w10	0.341760413795452	0.0142563235833184	72	72	1.7921677536122e-35	2.81181102212697e-34
ko.K15896	Week_and_consortia	NS1_w9w10	-2.65147667838213	0.110685059154165	72	72	1.87538845256383e-35	2.93327011218343e-34
ko.K18332	Week_and_consortia	NS1_w9w10	1.16166286862176	0.0481161251191731	72	72	2.21168963388256e-35	3.4485975402391e-34
ko.K08162	Week_and_consortia	NS1_w9w10	-3.99567515557693	0.165940222248004	72	72	2.60955625968911e-35	4.05645483813828e-34
ko.K15856	Week_and_consortia	NS1_w9w10	-2.63138813092838	0.109462380211264	72	20	2.9317740420601e-35	4.43452768278073e-34
ko.K19169	Week_and_consortia	NS1_w9w10	-2.63138813092838	0.109462380211264	72	20	2.9317740420601e-35	4.43452768278073e-34
ko.K19175	Week_and_consortia	NS1_w9w10	-2.63138813092838	0.109462380211264	72	20	2.9317740420601e-35	4.43452768278073e-34
ko.K08164	Week_and_consortia	NS1_w9w10	-2.63138813092838	0.109462380211264	72	20	2.9317740420601e-35	4.43452768278073e-34
ko.K21464	Week_and_consortia	NS1_w9w10	-2.63138813092838	0.109462380211264	72	20	2.9317740420601e-35	4.43452768278073e-34
ko.K19174	Week_and_consortia	NS1_w9w10	-2.63138813092838	0.109462380211264	72	20	2.9317740420601e-35	4.43452768278073e-34
ko.K19173	Week_and_consortia	NS1_w9w10	-2.63138813092838	0.109462380211264	72	20	2.9317740420601e-35	4.43452768278073e-34
ko.K18316	Week_and_consortia	NS1_w9w10	-2.63138813092838	0.109462380211264	72	20	2.9317740420601e-35	4.43452768278073e-34
ko.K19172	Week_and_consortia	NS1_w9w10	-2.63138813092838	0.109462380211264	72	20	2.9317740420601e-35	4.43452768278073e-34
ko.K16922	Week_and_consortia	NS1_w9w10	1.7540875618016	0.0730285997950412	72	52	3.04820937204942e-35	4.59688171569961e-34
ko.K20391	Week_and_consortia	NS1_w9w10	-3.43539774659859	0.14491519522606	72	70	3.59940954486092e-35	5.41196935138017e-34
ko.K10906	Week_and_consortia	NS1_w9w10	2.89561759805559	0.122544153402175	72	72	4.40959719537074e-35	6.61047033561216e-34
ko.K03090	Week_and_consortia	NS1_w9w10	1.91700486771392	0.0811552334259741	72	72	4.50030580513354e-35	6.72649258211084e-34
ko.K07317	Week_and_consortia	NS1_w9w10	-2.79917273800399	0.118664362032613	72	20	4.90287528934778e-35	7.28509587111324e-34
ko.K02667	Week_and_consortia	NS1_w9w10	-2.79917273800399	0.118664362032613	72	20	4.90287528934778e-35	7.28509587111324e-34
ko.K06902	Week_and_consortia	NS1_w9w10	-2.74101929391218	0.116378044160146	72	72	5.39601336082528e-35	7.99432829879452e-34
ko.K15584	Week_and_consortia	NS1_w9w10	-1.74320055834454	0.0732640563097225	72	72	5.49997831513934e-35	8.12452937078479e-34
ko.K07031	Week_and_consortia	NS1_w9w10	-1.97923816959135	0.0836038564286487	72	72	7.41212183069019e-35	1.09172126789058e-33
ko.K09132	Week_and_consortia	NS1_w9w10	2.15422465353934	0.0919841954000484	72	52	7.67983966471992e-35	1.1245956517729e-33
ko.K11210	Week_and_consortia	NS1_w9w10	2.15422465353934	0.0919841954000484	72	52	7.67983966471992e-35	1.1245956517729e-33
ko.K00231	Week_and_consortia	NS1_w9w10	2.15438732986468	0.0920135647425879	72	52	7.79712197599907e-35	1.13846994863432e-33
ko.K09384	Week_and_consortia	NS1_w9w10	2.22471314690922	0.094030361242004	72	72	7.83160965197088e-35	1.14021014299011e-33
ko.K01183	Week_and_consortia	NS1_w9w10	0.86994222897833	0.0371707110547559	72	72	8.00341264612683e-35	1.16187473242048e-33
ko.K04844	Week_and_consortia	NS1_w9w10	-3.82069935020048	0.163481228287126	72	72	8.73940440298475e-35	1.26307494116074e-33
ko.K10562	Week_and_consortia	NS1_w9w10	2.83775884014954	0.121425358160079	72	72	8.75051918856412e-35	1.26307494116074e-33
ko.K03543	Week_and_consortia	NS1_w9w10	1.14904255888208	0.0491957006738368	72	72	9.07852442122919e-35	1.30668676285042e-33
ko.K00169	Week_and_consortia	NS1_w9w10	1.71969099417804	0.0737956958002098	72	52	1.04592723251347e-34	1.49689075882664e-33
ko.K00170	Week_and_consortia	NS1_w9w10	1.71969099417804	0.0737956958002098	72	52	1.04592723251347e-34	1.49689075882664e-33
ko.K09167	Week_and_consortia	NS1_w9w10	2.12331302550832	0.0902682705265267	72	52	1.10601032814213e-34	1.57840795982318e-33
ko.K01187	Week_and_consortia	NS1_w9w10	0.73472753945426	0.0316674208325599	72	72	1.37348696588185e-34	1.93174640114364e-33
ko.K01795	Week_and_consortia	NS1_w9w10	-2.72959847293816	0.117662876284856	72	72	1.38418883058986e-34	1.93174640114364e-33
ko.K07231	Week_and_consortia	NS1_w9w10	-2.72959847293816	0.117662876284856	72	72	1.38418883058986e-34	1.93174640114364e-33
ko.K12991	Week_and_consortia	NS1_w9w10	-2.72959847293816	0.117662876284856	72	72	1.38418883058986e-34	1.93174640114364e-33
ko.K00441	Week_and_consortia	NS1_w9w10	-2.72959847293816	0.117662876284856	72	72	1.38418883058986e-34	1.93174640114364e-33
ko.K02626	Week_and_consortia	NS1_w9w10	-2.72959847293816	0.117662876284856	72	72	1.38418883058986e-34	1.93174640114364e-33
ko.K21303	Week_and_consortia	NS1_w9w10	-2.72959847293816	0.117662876284856	72	72	1.38418883058986e-34	1.93174640114364e-33
ko.K12287	Week_and_consortia	NS1_w9w10	-2.72959847293816	0.117662876284856	72	72	1.38418883058986e-34	1.93174640114364e-33
ko.K03885	Week_and_consortia	NS1_w9w10	1.2999805826866	0.0560950920603488	72	72	1.47553475952478e-34	2.05355416118986e-33
ko.K16692	Week_and_consortia	NS1_w9w10	3.1442233433039	0.136205316581804	72	72	1.87895504074193e-34	2.60782441368908e-33
ko.K14949	Week_and_consortia	NS1_w9w10	2.07927287093466	0.0901414374017146	72	52	1.97021404609212e-34	2.72699215365956e-33
ko.K01854	Week_and_consortia	NS1_w9w10	-1.36585403700453	0.0594094107436344	72	72	2.41877828165579e-34	3.33870707074455e-33
ko.K05343	Week_and_consortia	NS1_w9w10	-1.85941545210827	0.0808854863108098	72	72	2.43372757691511e-34	3.35018847917578e-33
ko.K07445	Week_and_consortia	NS1_w9w10	2.082497920933	0.090671904538186	72	52	2.57435172821331e-34	3.5150337651172e-33
ko.K06922	Week_and_consortia	NS1_w9w10	2.082497920933	0.090671904538186	72	52	2.57435172821331e-34	3.5150337651172e-33
ko.K13599	Week_and_consortia	NS1_w9w10	2.082497920933	0.090671904538186	72	52	2.57435172821331e-34	3.5150337651172e-33
ko.K03043	Week_and_consortia	NS1_w9w10	-0.625505367313049	0.0273496002850287	72	72	3.34212812516276e-34	4.54335387584147e-33
ko.K01265	Week_and_consortia	NS1_w9w10	0.304865243380801	0.0131959987116705	72	72	3.34546247389752e-34	4.54335387584147e-33
ko.K01308	Week_and_consortia	NS1_w9w10	-4.11745922894679	0.178749957120285	72	70	4.00745783503672e-34	5.42779543769585e-33
ko.K00656	Week_and_consortia	NS1_w9w10	-0.373628422815206	0.0163893812649492	72	72	4.08085522611105e-34	5.51242796853289e-33
ko.K07175	Week_and_consortia	NS1_w9w10	1.04550671359783	0.0459203686597256	72	72	4.41675317568319e-34	5.95024987828039e-33
ko.K17675	Week_and_consortia	NS1_w9w10	2.45239216883998	0.107778983286272	72	72	4.58684409893931e-34	6.16296180527696e-33
ko.K05303	Week_and_consortia	NS1_w9w10	4.34813091765824	0.189561840848857	72	66	5.18049778469625e-34	6.92377641094712e-33
ko.K19647	Week_and_consortia	NS1_w9w10	4.34813091765811	0.189561840848919	72	66	5.18049778966352e-34	6.92377641094712e-33
ko.K10670	Week_and_consortia	NS1_w9w10	2.65317743072442	0.11686702774252	72	72	5.27394980264751e-34	7.03007767888528e-33
ko.K01232	Week_and_consortia	NS1_w9w10	-2.56184779031025	0.112931489927022	72	72	5.53200400859894e-34	7.35465375037943e-33
ko.K01679	Week_and_consortia	NS1_w9w10	-1.61070069467724	0.0711513645138392	72	72	6.29274675092892e-34	8.34408309335772e-33
ko.K00590	Week_and_consortia	NS1_w9w10	-1.72676380467556	0.0764147879115848	72	72	7.02615572098291e-34	9.29218290638892e-33
ko.K13766	Week_and_consortia	NS1_w9w10	4.33053283048778	0.189976525134406	72	66	7.56906541802765e-34	9.984051825555e-33
ko.K00123	Week_and_consortia	NS1_w9w10	1.44746027053377	0.0643167743786752	72	72	9.03706126345245e-34	1.18893837247296e-32
ko.K22305	Week_and_consortia	NS1_w9w10	2.80300379566103	0.124688334537443	72	72	9.68008610309389e-34	1.24754579063343e-32
ko.K21576	Week_and_consortia	NS1_w9w10	2.80300379566103	0.124688334537443	72	72	9.68008610309389e-34	1.24754579063343e-32
ko.K10671	Week_and_consortia	NS1_w9w10	2.80300379566103	0.124688334537443	72	72	9.68008610309389e-34	1.24754579063343e-32
ko.K03309	Week_and_consortia	NS1_w9w10	2.80319841410392	0.124682789356788	72	72	9.61240182040425e-34	1.24754579063343e-32
ko.K08965	Week_and_consortia	NS1_w9w10	2.80300379566103	0.124688334537443	72	72	9.68008610309389e-34	1.24754579063343e-32
ko.K21578	Week_and_consortia	NS1_w9w10	2.80300379566103	0.124688334537443	72	72	9.68008610309389e-34	1.24754579063343e-32
ko.K21579	Week_and_consortia	NS1_w9w10	2.80300379566103	0.124688334537443	72	72	9.68008610309389e-34	1.24754579063343e-32
ko.K10561	Week_and_consortia	NS1_w9w10	2.80300379566103	0.124688334537443	72	72	9.68008610309389e-34	1.24754579063343e-32
ko.K22233	Week_and_consortia	NS1_w9w10	2.5942887617195	0.115442118168655	72	72	9.87959741986076e-34	1.27001847748439e-32
ko.K21910	Week_and_consortia	NS1_w9w10	2.79413086195463	0.12434320523409	72	72	9.92079983066617e-34	1.27207819148542e-32
ko.K12138	Week_and_consortia	NS1_w9w10	4.40472050396519	0.194699598872185	72	69	1.19956391486884e-33	1.5342270627639e-32
ko.K21574	Week_and_consortia	NS1_w9w10	2.15271314182552	0.0961154018518811	72	72	1.21530759635058e-33	1.54846927638873e-32
ko.K15125	Week_and_consortia	NS1_w9w10	4.29651890788848	0.189949154608397	72	66	1.21682957784309e-33	1.54846927638873e-32
ko.K03654	Week_and_consortia	NS1_w9w10	0.3366545784534	0.0150490040382437	72	72	1.30757002110012e-33	1.65975973532609e-32
ko.K19426	Week_and_consortia	NS1_w9w10	2.82146758011083	0.126428853554391	72	52	1.51677975675548e-33	1.91091554392237e-32
ko.K21962	Week_and_consortia	NS1_w9w10	2.82146758011083	0.126428853554391	72	52	1.51677975675548e-33	1.91091554392237e-32
ko.K08857	Week_and_consortia	NS1_w9w10	2.82146758011083	0.126428853554391	72	52	1.51677975675548e-33	1.91091554392237e-32
ko.K10953	Week_and_consortia	NS1_w9w10	1.64724551367028	0.074315797366875	72	52	2.30292555734696e-33	2.86561081667903e-32
ko.K17490	Week_and_consortia	NS1_w9w10	1.64724551367028	0.074315797366875	72	52	2.30292555734696e-33	2.86561081667903e-32
ko.K21832	Week_and_consortia	NS1_w9w10	1.64724551367028	0.074315797366875	72	52	2.30292555734696e-33	2.86561081667903e-32
ko.K04037	Week_and_consortia	NS1_w9w10	1.64724551367028	0.074315797366875	72	52	2.30292555734696e-33	2.86561081667903e-32
ko.K01615	Week_and_consortia	NS1_w9w10	1.64724551367028	0.074315797366875	72	52	2.30292555734696e-33	2.86561081667903e-32
ko.K03319	Week_and_consortia	NS1_w9w10	2.8263635338073	0.127592585436525	72	72	2.39407145758278e-33	2.97170737191848e-32
ko.K00096	Week_and_consortia	NS1_w9w10	-1.75308096126824	0.0792291530689405	72	72	2.56413798503186e-33	3.17500615205416e-32
ko.K03724	Week_and_consortia	NS1_w9w10	2.81867104233517	0.127460377914912	72	72	2.65548919414032e-33	3.28008102904569e-32
ko.K00046	Week_and_consortia	NS1_w9w10	1.05215523888106	0.0477163981087634	72	72	3.17134210970016e-33	3.90771227761102e-32
ko.K15634	Week_and_consortia	NS1_w9w10	-1.33485749201741	0.0607556743154775	72	72	3.95457137371785e-33	4.86094758638019e-32
ko.K17214	Week_and_consortia	NS1_w9w10	-3.97962345452014	0.181240139624043	72	70	4.10254727979608e-33	5.03059923726451e-32
ko.K02396	Week_and_consortia	NS1_w9w10	-1.2340824473303	0.0562649443598447	72	72	4.39065232129625e-33	5.37084153200694e-32
ko.K02445	Week_and_consortia	NS1_w9w10	-1.61244428968982	0.0735272122049506	72	72	4.43398799535883e-33	5.41075056824947e-32
ko.K07165	Week_and_consortia	NS1_w9w10	3.03478076759629	0.138476647160414	72	72	4.61630435801788e-33	5.61965532932683e-32
ko.K00395	Week_and_consortia	NS1_w9w10	-2.73335218348568	0.124990246181702	72	19	5.2637228357071e-33	6.39238648220968e-32
ko.K01243	Week_and_consortia	NS1_w9w10	1.18562742898415	0.0542835874532968	72	72	5.67955473693128e-33	6.88084185395128e-32
ko.K01750	Week_and_consortia	NS1_w9w10	2.03002286985935	0.0929656964614265	72	72	5.76132157582601e-33	6.96320492848637e-32
ko.K01776	Week_and_consortia	NS1_w9w10	0.77969207933915	0.0357639765850479	72	72	6.35889378298694e-33	7.66709579752984e-32
ko.K00394	Week_and_consortia	NS1_w9w10	-2.81574926674384	0.12973932129512	72	19	8.37213722181185e-33	9.70092597353061e-32
ko.K00303	Week_and_consortia	NS1_w9w10	-2.81574926674384	0.12973932129512	72	19	8.37213722181185e-33	9.70092597353061e-32
ko.K19422	Week_and_consortia	NS1_w9w10	-2.81574926674385	0.12973932129512	72	19	8.37213722181042e-33	9.70092597353061e-32
ko.K21721	Week_and_consortia	NS1_w9w10	-2.81574926674384	0.12973932129512	72	19	8.37213722181185e-33	9.70092597353061e-32
ko.K16699	Week_and_consortia	NS1_w9w10	-2.81574926674384	0.12973932129512	72	19	8.37213722181185e-33	9.70092597353061e-32
ko.K01431	Week_and_consortia	NS1_w9w10	-2.81574926674384	0.12973932129512	72	19	8.37213722181185e-33	9.70092597353061e-32
ko.K09770	Week_and_consortia	NS1_w9w10	-2.81574926674384	0.12973932129512	72	19	8.37213722181185e-33	9.70092597353061e-32
ko.K04562	Week_and_consortia	NS1_w9w10	-2.81574926674384	0.12973932129512	72	19	8.37213722181185e-33	9.70092597353061e-32
ko.K02404	Week_and_consortia	NS1_w9w10	-2.81574926674384	0.12973932129512	72	19	8.37213722181185e-33	9.70092597353061e-32
ko.K06603	Week_and_consortia	NS1_w9w10	-2.81574926674384	0.12973932129512	72	19	8.37213722181185e-33	9.70092597353061e-32
ko.K19423	Week_and_consortia	NS1_w9w10	-2.81574926674384	0.12973932129512	72	19	8.37213722181185e-33	9.70092597353061e-32
ko.K21140	Week_and_consortia	NS1_w9w10	-2.81574926674384	0.12973932129512	72	19	8.37213722181185e-33	9.70092597353061e-32
ko.K09766	Week_and_consortia	NS1_w9w10	-2.81574926674384	0.12973932129512	72	19	8.37213722181185e-33	9.70092597353061e-32
ko.K13810	Week_and_consortia	NS1_w9w10	-2.81574926674384	0.12973932129512	72	19	8.37213722181185e-33	9.70092597353061e-32
ko.K00972	Week_and_consortia	NS1_w9w10	-2.81574926674384	0.12973932129512	72	19	8.37213722181185e-33	9.70092597353061e-32
ko.K19299	Week_and_consortia	NS1_w9w10	-2.81574926674384	0.12973932129512	72	19	8.37213722181185e-33	9.70092597353061e-32
ko.K00897	Week_and_consortia	NS1_w9w10	-2.81574926674384	0.12973932129512	72	19	8.37213722181185e-33	9.70092597353061e-32
ko.K09124	Week_and_consortia	NS1_w9w10	-2.82499461017115	0.13032154066213	72	19	9.0083336486537e-33	1.04142108908463e-31
ko.K13280	Week_and_consortia	NS1_w9w10	-3.57710833112299	0.163575471250349	72	72	9.50892890761312e-33	1.09678330687812e-31
ko.K12660	Week_and_consortia	NS1_w9w10	2.21266258775957	0.101540718669412	72	72	1.16789930015888e-32	1.3409607419097e-31
ko.K02510	Week_and_consortia	NS1_w9w10	2.21266258775957	0.101540718669412	72	72	1.16789930015888e-32	1.3409607419097e-31
ko.K00040	Week_and_consortia	NS1_w9w10	-1.21923539529904	0.0567372998238772	72	72	1.53217579574985e-32	1.75522723812431e-31
ko.K16053	Week_and_consortia	NS1_w9w10	1.11032679303114	0.0518102540816654	72	72	1.80880675519595e-32	2.06744156725112e-31
ko.K01220	Week_and_consortia	NS1_w9w10	2.61605623822115	0.122253510214008	72	72	1.98112112607804e-32	2.25928305393821e-31
ko.K01791	Week_and_consortia	NS1_w9w10	0.973108089584059	0.0456820012231455	72	72	2.61031932845887e-32	2.97012010075996e-31
ko.K11690	Week_and_consortia	NS1_w9w10	1.82693328970881	0.0859163431503025	72	72	2.90684206348919e-32	3.30008227072975e-31
ko.K19051	Week_and_consortia	NS1_w9w10	2.42149566363989	0.114006959872848	72	52	3.11501559203934e-32	3.4971241713295e-31
ko.K06240	Week_and_consortia	NS1_w9w10	2.42149566363989	0.114006959872848	72	52	3.11501559203934e-32	3.4971241713295e-31
ko.K13327	Week_and_consortia	NS1_w9w10	2.42149566363989	0.114006959872848	72	52	3.11501559203934e-32	3.4971241713295e-31
ko.K13019	Week_and_consortia	NS1_w9w10	2.42149566363989	0.114006959872848	72	52	3.11501559203934e-32	3.4971241713295e-31
ko.K09726	Week_and_consortia	NS1_w9w10	2.42149566363989	0.114006959872848	72	52	3.11501559203934e-32	3.4971241713295e-31
ko.K19814	Week_and_consortia	NS1_w9w10	1.82460661081501	0.0859356773312286	72	72	3.18397136773603e-32	3.56661271614244e-31
ko.K19052	Week_and_consortia	NS1_w9w10	1.52033765526889	0.0710159040755257	72	52	3.39274241634858e-32	3.7920651963259e-31
ko.K18491	Week_and_consortia	NS1_w9w10	4.14788212681649	0.194064729896137	72	66	3.75608526157556e-32	4.18890568244585e-31
ko.K03292	Week_and_consortia	NS1_w9w10	-1.05921277600815	0.0500928934257059	72	72	4.08808118826728e-32	4.54911589496174e-31
ko.K01090	Week_and_consortia	NS1_w9w10	2.06509603295042	0.097687516964295	72	52	4.14899942213771e-32	4.60675716058016e-31
ko.K02040	Week_and_consortia	NS1_w9w10	0.336608152433765	0.0159498020203692	72	72	4.59537544969565e-32	5.09119227453124e-31
ko.K05811	Week_and_consortia	NS1_w9w10	2.94092820236465	0.139390786486883	72	72	4.67233294715594e-32	5.16512605011637e-31
ko.K04750	Week_and_consortia	NS1_w9w10	-2.21809716783318	0.105188041124843	72	72	4.82890100544822e-32	5.32655193876079e-31
ko.K21577	Week_and_consortia	NS1_w9w10	2.45733599362651	0.116634020687779	72	72	5.08825635398687e-32	5.51628135200465e-31
ko.K21583	Week_and_consortia	NS1_w9w10	2.45733599362651	0.116634020687779	72	72	5.08825635398687e-32	5.51628135200465e-31
ko.K21584	Week_and_consortia	NS1_w9w10	2.45733599362651	0.116634020687779	72	72	5.08825635398687e-32	5.51628135200465e-31
ko.K07719	Week_and_consortia	NS1_w9w10	2.45733599362651	0.116634020687779	72	72	5.08825635398687e-32	5.51628135200465e-31
ko.K00752	Week_and_consortia	NS1_w9w10	2.45733599362651	0.116634020687779	72	72	5.08825635398687e-32	5.51628135200465e-31
ko.K10820	Week_and_consortia	NS1_w9w10	2.45733599362651	0.116634020687779	72	72	5.08825635398687e-32	5.51628135200465e-31
ko.K18009	Week_and_consortia	NS1_w9w10	2.36691547881117	0.111270484681203	72	52	5.04823138526754e-32	5.51628135200465e-31
ko.K00713	Week_and_consortia	NS1_w9w10	2.36709390509567	0.111283953476907	72	52	5.06197065676939e-32	5.51628135200465e-31
ko.K12976	Week_and_consortia	NS1_w9w10	2.5290402446755	0.119358075898548	72	52	6.35432841307906e-32	6.84479043558111e-31
ko.K07004	Week_and_consortia	NS1_w9w10	2.5290402446755	0.119358075898548	72	52	6.35432841307906e-32	6.84479043558111e-31
ko.K21814	Week_and_consortia	NS1_w9w10	2.5290402446755	0.119358075898548	72	52	6.35432841307906e-32	6.84479043558111e-31
ko.K02805	Week_and_consortia	NS1_w9w10	-0.92620582712098	0.0442889256394855	72	72	7.97839081233235e-32	8.57592135827724e-31
ko.K12339	Week_and_consortia	NS1_w9w10	1.20965556945859	0.0579824351532555	72	72	9.23033620780811e-32	9.90056444200564e-31
ko.K00842	Week_and_consortia	NS1_w9w10	1.63462024106316	0.0777476642085582	72	72	1.00880099880065e-31	1.07975903515697e-30
ko.K01777	Week_and_consortia	NS1_w9w10	2.72356985735663	0.131229165473687	72	72	1.26337377508071e-31	1.3493793470841e-30
ko.K01685	Week_and_consortia	NS1_w9w10	0.879375070689324	0.0424317095522408	72	72	1.3778907831972e-31	1.46858739171145e-30
ko.K00872	Week_and_consortia	NS1_w9w10	-2.11277457490355	0.102233445653278	72	72	1.63302275947228e-31	1.7368486275482e-30
ko.K01520	Week_and_consortia	NS1_w9w10	0.906754277236822	0.0438808612101818	72	72	1.64341230266963e-31	1.74422667081659e-30
ko.K11712	Week_and_consortia	NS1_w9w10	2.22292341342565	0.107875680937659	72	72	1.94475896654247e-31	2.05973213814938e-30
ko.K07101	Week_and_consortia	NS1_w9w10	2.17897883424883	0.105822140622405	72	52	2.03426423505408e-31	2.15002153043791e-30
ko.K01246	Week_and_consortia	NS1_w9w10	0.338355921132457	0.0164341499927244	72	72	2.04839771645195e-31	2.16043951221612e-30
ko.K02564	Week_and_consortia	NS1_w9w10	0.362609351784714	0.017645325790059	72	72	2.29409161397983e-31	2.41453142371378e-30
ko.K08591	Week_and_consortia	NS1_w9w10	-1.19259738101604	0.0580983825865744	72	72	2.45168843240103e-31	2.57503741382329e-30
ko.K00055	Week_and_consortia	NS1_w9w10	2.39003245659006	0.116441128169076	72	72	2.46272278630186e-31	2.58126048058029e-30
ko.K00131	Week_and_consortia	NS1_w9w10	1.78600001098799	0.0877057377827647	72	52	3.96631503989364e-31	4.1486177187459e-30
ko.K17713	Week_and_consortia	NS1_w9w10	-1.94912180589268	0.095985307933018	72	72	4.69405773674372e-31	4.89966522438621e-30
ko.K14048	Week_and_consortia	NS1_w9w10	-1.92603547298865	0.0948810540849696	72	72	4.7919414707192e-31	4.99152336290173e-30
ko.K03481	Week_and_consortia	NS1_w9w10	2.41171293967417	0.118872762335524	72	72	4.95445490374317e-31	5.15018645549599e-30
ko.K13529	Week_and_consortia	NS1_w9w10	-2.0845414291398	0.102761990393929	72	72	4.99928304139854e-31	5.18611456368489e-30
ko.K03657	Week_and_consortia	NS1_w9w10	0.199667135606425	0.0098694733938834	72	72	5.87169892952734e-31	6.06622147075095e-30
ko.K02080	Week_and_consortia	NS1_w9w10	1.22926172522724	0.0602161560386082	72	72	5.85981283197563e-31	6.06622147075095e-30
ko.K22339	Week_and_consortia	NS1_w9w10	1.74770393292248	0.0864011256180884	72	72	5.92389100840008e-31	6.09521331454932e-30
ko.K22340	Week_and_consortia	NS1_w9w10	1.74770393292248	0.0864011256180884	72	72	5.92389100840008e-31	6.09521331454932e-30
ko.K01156	Week_and_consortia	NS1_w9w10	4.67948596277611	0.231381868434659	72	72	5.98933304898971e-31	6.15002247225529e-30
ko.K18331	Week_and_consortia	NS1_w9w10	1.12898098002343	0.0554416372978344	72	72	6.76257172674324e-31	6.92992137190808e-30
ko.K00571	Week_and_consortia	NS1_w9w10	0.577968769729734	0.0286462048569506	72	72	6.90493215470073e-31	7.06148122379516e-30
ko.K07459	Week_and_consortia	NS1_w9w10	1.95560000954814	0.0970616313100039	72	72	7.50523363355202e-31	7.65988693266763e-30
ko.K02242	Week_and_consortia	NS1_w9w10	-1.64185347706417	0.0816418495306886	72	72	8.39227971236405e-31	8.54794296509339e-30
ko.K01444	Week_and_consortia	NS1_w9w10	2.31541189845699	0.115201071848116	72	72	8.68603692974569e-31	8.82934780061875e-30
ko.K06919	Week_and_consortia	NS1_w9w10	1.79305343920306	0.0885643514415241	72	72	9.56851884740469e-31	9.70685887893344e-30
ko.K03430	Week_and_consortia	NS1_w9w10	0.927180181936256	0.0462377196488579	72	72	9.97345863364738e-31	1.00973773581536e-29
ko.K01666	Week_and_consortia	NS1_w9w10	-1.6006425720346	0.0798756322949535	72	72	1.03761690312659e-30	1.0484081189191e-29
ko.K03457	Week_and_consortia	NS1_w9w10	1.98736776590217	0.0991908425462638	72	72	1.04814730996162e-30	1.05693417363795e-29
ko.K03892	Week_and_consortia	NS1_w9w10	-1.65892814458731	0.0828032164315676	72	72	1.05194581822464e-30	1.05865144893843e-29
ko.K10560	Week_and_consortia	NS1_w9w10	2.46708613312502	0.12341235336068	72	72	1.19954520149661e-30	1.20479172126458e-29
ko.K00088	Week_and_consortia	NS1_w9w10	-0.152847599557713	0.00760070478760299	72	72	1.42658766912424e-30	1.42998430643167e-29
ko.K10194	Week_and_consortia	NS1_w9w10	-2.02088776807493	0.101525726827708	72	72	1.54875801334863e-30	1.54937138285887e-29
ko.K02617	Week_and_consortia	NS1_w9w10	-1.49491095577382	0.0756610883864469	72	72	2.40988818397293e-30	2.40607808407732e-29
ko.K07726	Week_and_consortia	NS1_w9w10	2.18216998951006	0.110505397893716	72	72	2.4896428043193e-30	2.48080383578326e-29
ko.K00034	Week_and_consortia	NS1_w9w10	-3.87246327371737	0.19473072305887	72	72	2.75357411621785e-30	2.73839693604972e-29
ko.K05342	Week_and_consortia	NS1_w9w10	-3.6184905193523	0.184016321145258	72	72	3.2002160891659e-30	3.17632449557292e-29
ko.K09952	Week_and_consortia	NS1_w9w10	1.58489721217837	0.0799487512072701	72	72	3.30330558618962e-30	3.27221565126078e-29
ko.K03823	Week_and_consortia	NS1_w9w10	-0.662070882059405	0.0337977042510807	72	72	4.01226483127934e-30	3.96672444767577e-29
ko.K17865	Week_and_consortia	NS1_w9w10	-1.72475102226044	0.0880535891172747	72	72	4.03312060557374e-30	3.97955572253097e-29
ko.K16210	Week_and_consortia	NS1_w9w10	3.482964341944	0.176288754190152	72	69	4.05142544586186e-30	3.98982482504758e-29
ko.K15051	Week_and_consortia	NS1_w9w10	-1.95124507635061	0.0999609092066649	72	72	4.94860041118005e-30	4.86387729129993e-29
ko.K10041	Week_and_consortia	NS1_w9w10	2.14266205965796	0.11003162994449	72	72	5.7074576047347e-30	5.59884967361547e-29
ko.K03382	Week_and_consortia	NS1_w9w10	2.21459459989566	0.114181295219084	72	72	7.2322868651983e-30	7.08091341918252e-29
ko.K11927	Week_and_consortia	NS1_w9w10	-0.667630773173006	0.0344271392381535	72	72	7.29548548503654e-30	7.12897343721559e-29
ko.K07115	Week_and_consortia	NS1_w9w10	2.70593769417373	0.139653889920359	72	72	7.67329449571351e-30	7.42633789125376e-29
ko.K02450	Week_and_consortia	NS1_w9w10	2.70593769417373	0.139653889920359	72	72	7.67329449571351e-30	7.42633789125376e-29
ko.K06143	Week_and_consortia	NS1_w9w10	2.70593769417373	0.139653889920359	72	72	7.67329449571351e-30	7.42633789125376e-29
ko.K03490	Week_and_consortia	NS1_w9w10	2.70593769417373	0.139653889920359	72	72	7.67329449571351e-30	7.42633789125376e-29
ko.K06970	Week_and_consortia	NS1_w9w10	2.70593769417373	0.139653889920359	72	72	7.67329449571351e-30	7.42633789125376e-29
ko.K07240	Week_and_consortia	NS1_w9w10	0.709477895688112	0.0367992802834365	72	72	1.03028715055869e-29	9.95221928226102e-29
ko.K03116	Week_and_consortia	NS1_w9w10	0.488146206473114	0.0254304284652498	72	72	1.33441317185977e-29	1.28653727943426e-28
ko.K06985	Week_and_consortia	NS1_w9w10	2.04974268564983	0.106905773697771	72	52	1.42777548361929e-29	1.37131592076895e-28
ko.K18221	Week_and_consortia	NS1_w9w10	2.04974268564983	0.106905773697771	72	52	1.42777548361929e-29	1.37131592076895e-28
ko.K03118	Week_and_consortia	NS1_w9w10	0.492131427183872	0.0257620275147749	72	72	1.77324278162005e-29	1.69989042367068e-28
ko.K11692	Week_and_consortia	NS1_w9w10	1.26936585045794	0.0664848621181159	72	72	1.83115481360426e-29	1.74547058836391e-28
ko.K06122	Week_and_consortia	NS1_w9w10	1.26936585045794	0.0664848621181159	72	72	1.83115481360426e-29	1.74547058836391e-28
ko.K06413	Week_and_consortia	NS1_w9w10	1.26936585045794	0.0664848621181159	72	72	1.83115481360426e-29	1.74547058836391e-28
ko.K07590	Week_and_consortia	NS1_w9w10	1.26962774482916	0.0665553975455081	72	72	1.92557881665795e-29	1.83201961991638e-28
ko.K19005	Week_and_consortia	NS1_w9w10	2.24838082633478	0.117921051209844	72	72	1.98240257444757e-29	1.88253718159946e-28
ko.K01501	Week_and_consortia	NS1_w9w10	1.78451589095151	0.0939691510680631	72	52	2.51034388770161e-29	2.3794103791123e-28
ko.K00355	Week_and_consortia	NS1_w9w10	3.04096199887704	0.160330574902215	72	72	2.70081735286184e-29	2.55515529338165e-28
ko.K01652	Week_and_consortia	NS1_w9w10	-0.20391860825263	0.0107527184690626	72	72	2.72137861055178e-29	2.56979527859955e-28
ko.K13652	Week_and_consortia	NS1_w9w10	0.859125330096633	0.0453333703455606	72	72	2.83411103496133e-29	2.67125540086281e-28
ko.K17248	Week_and_consortia	NS1_w9w10	-2.5427405289336	0.134326984382575	72	72	3.0322557153752e-29	2.85269196910159e-28
ko.K07646	Week_and_consortia	NS1_w9w10	0.559754920949948	0.0293542589903353	72	72	3.18660641596668e-29	2.99233003967727e-28
ko.K07746	Week_and_consortia	NS1_w9w10	-2.28020693741377	0.120646497985915	72	72	3.3238344862871e-29	3.11540108065351e-28
ko.K19200	Week_and_consortia	NS1_w9w10	-3.38994689846721	0.179543243853988	72	70	3.52538654446561e-29	3.29819496715561e-28
ko.K01709	Week_and_consortia	NS1_w9w10	-1.73601474978281	0.0919667330675632	72	72	3.57390085884882e-29	3.33740242863294e-28
ko.K01754	Week_and_consortia	NS1_w9w10	-0.666725308272825	0.0353375086221288	72	72	3.67753922783632e-29	3.42784652749614e-28
ko.K17235	Week_and_consortia	NS1_w9w10	-4.09862382131723	0.215564269451166	72	72	3.82851329218437e-29	3.5619980022312e-28
ko.K03930	Week_and_consortia	NS1_w9w10	2.67193829491726	0.141749187738989	72	72	3.88435796425025e-29	3.60731184474122e-28
ko.K02100	Week_and_consortia	NS1_w9w10	0.861038226156303	0.0457687572778585	72	72	4.35807230487972e-29	4.03981307967933e-28
ko.K00575	Week_and_consortia	NS1_w9w10	-1.49791992821885	0.0796411067036882	72	72	4.41846571532625e-29	4.08829465088429e-28
ko.K22278	Week_and_consortia	NS1_w9w10	-0.550551948059118	0.0292916498132965	72	72	4.5990004511266e-29	4.24755946601308e-28
ko.K16881	Week_and_consortia	NS1_w9w10	-1.74466692168264	0.0929027628208623	72	72	4.83470381491819e-29	4.45710286003042e-28
ko.K19310	Week_and_consortia	NS1_w9w10	-2.01882733631861	0.10766521988002	72	72	5.28473923599583e-29	4.86311523137539e-28
ko.K03312	Week_and_consortia	NS1_w9w10	-1.47205267694651	0.0785825008057074	72	72	5.59720002762805e-29	5.14128264355944e-28
ko.K02477	Week_and_consortia	NS1_w9w10	0.764217547880885	0.0408553020754378	72	72	6.09209209134161e-29	5.58570766705223e-28
ko.K19171	Week_and_consortia	NS1_w9w10	-2.49932713866437	0.13373473753601	72	72	6.42033302772244e-29	5.87600044493728e-28
ko.K01971	Week_and_consortia	NS1_w9w10	3.74334262671959	0.200712969808668	72	51	7.24201315724076e-29	6.60408853255962e-28
ko.K10979	Week_and_consortia	NS1_w9w10	3.74334262671959	0.200712969808668	72	51	7.24201315724076e-29	6.60408853255962e-28
ko.K05820	Week_and_consortia	NS1_w9w10	-1.62762459274286	0.0872895097012196	72	72	7.33215930743046e-29	6.6742466344394e-28
ko.K14534	Week_and_consortia	NS1_w9w10	-2.13541912159278	0.114746177590696	72	72	8.2171963220905e-29	7.46641651424482e-28
ko.K06402	Week_and_consortia	NS1_w9w10	1.24761641948252	0.0665836526651152	72	72	8.85337323106924e-29	8.03002541532528e-28
ko.K20491	Week_and_consortia	NS1_w9w10	-3.20244029575302	0.172336087783793	72	70	8.95552923075059e-29	8.10812431429247e-28
ko.K07089	Week_and_consortia	NS1_w9w10	1.27719800996828	0.0688036735369311	72	72	9.52422273032174e-29	8.607580184899e-28
ko.K18220	Week_and_consortia	NS1_w9w10	0.899856503373766	0.0485965106177051	72	72	1.10083916058821e-28	9.93114185587794e-28
ko.K03305	Week_and_consortia	NS1_w9w10	0.468000721581622	0.025295821897945	72	72	1.15695443650741e-28	1.04187768506871e-27
ko.K01686	Week_and_consortia	NS1_w9w10	0.787270205079095	0.0425743262501627	72	72	1.19188806123581e-28	1.07142677675503e-27
ko.K00556	Week_and_consortia	NS1_w9w10	-1.99907463627824	0.10828404362013	72	72	1.31123972656256e-28	1.17662221999895e-27
ko.K02800	Week_and_consortia	NS1_w9w10	-2.13994738786738	0.11595330873229	72	72	1.3369106876311e-28	1.19541111396678e-27
ko.K02799	Week_and_consortia	NS1_w9w10	-2.13994738786738	0.11595330873229	72	72	1.3369106876311e-28	1.19541111396678e-27
ko.K10190	Week_and_consortia	NS1_w9w10	-2.31455702070333	0.125509069505216	72	72	1.39685637117555e-28	1.24680536875952e-27
ko.K06295	Week_and_consortia	NS1_w9w10	1.2438669120576	0.0669768125374722	72	72	1.47859399880147e-28	1.31743507618078e-27
ko.K01218	Week_and_consortia	NS1_w9w10	1.28313521006393	0.0697248863921096	72	72	1.57762324294823e-28	1.40319588439691e-27
ko.K06284	Week_and_consortia	NS1_w9w10	1.46062283692752	0.0795050643511422	72	72	1.74227650616431e-28	1.54692107366294e-27
ko.K07112	Week_and_consortia	NS1_w9w10	-1.36075427207571	0.0740863952982335	72	72	1.76624233867711e-28	1.56523359803798e-27
ko.K03668	Week_and_consortia	NS1_w9w10	-2.11723754628786	0.114369829619995	72	72	1.7783928845483e-28	1.56523359803798e-27
ko.K07283	Week_and_consortia	NS1_w9w10	-2.11723754628786	0.114369829619995	72	72	1.7783928845483e-28	1.56523359803798e-27
ko.K21990	Week_and_consortia	NS1_w9w10	-2.11723754628786	0.114369829619995	72	72	1.7783928845483e-28	1.56523359803798e-27
ko.K09979	Week_and_consortia	NS1_w9w10	-2.11723754628786	0.114369829619995	72	72	1.7783928845483e-28	1.56523359803798e-27
ko.K00883	Week_and_consortia	NS1_w9w10	-3.12457580714263	0.170484255758121	72	72	2.00150690963763e-28	1.75548835199467e-27
ko.K03809	Week_and_consortia	NS1_w9w10	-3.12457580714263	0.170484255758121	72	72	2.00150690963763e-28	1.75548835199467e-27
ko.K01002	Week_and_consortia	NS1_w9w10	2.94085055375991	0.16064361148679	72	72	2.13915165393114e-28	1.87296259196883e-27
ko.K06971	Week_and_consortia	NS1_w9w10	2.2105447160832	0.120754949877571	72	72	2.14348487726134e-28	1.87350961936406e-27
ko.K07272	Week_and_consortia	NS1_w9w10	1.74585814116309	0.0953846073320498	72	52	2.16182162290619e-28	1.88627337459794e-27
ko.K08151	Week_and_consortia	NS1_w9w10	3.07604279110431	0.167117324168247	72	52	2.49575032029049e-28	2.17388458932889e-27
ko.K07636	Week_and_consortia	NS1_w9w10	0.53772216413188	0.0294646181205438	72	72	2.56292271763428e-28	2.22855173313053e-27
ko.K02509	Week_and_consortia	NS1_w9w10	2.73733820619917	0.150181429617547	72	52	2.75637661639382e-28	2.39264856804495e-27
ko.K01155	Week_and_consortia	NS1_w9w10	0.673642674482562	0.0369936149347681	72	72	2.91121600762695e-28	2.52272097264689e-27
ko.K00602	Week_and_consortia	NS1_w9w10	0.304207297330559	0.0167537973438106	72	72	3.43788980065588e-28	2.97401014947149e-27
ko.K06400	Week_and_consortia	NS1_w9w10	1.17462471820745	0.0648370733733048	72	72	3.91794689684556e-28	3.38349875604509e-27
ko.K00483	Week_and_consortia	NS1_w9w10	-1.82460420925223	0.100719686583477	72	72	3.92914740865984e-28	3.3873810082849e-27
ko.K15640	Week_and_consortia	NS1_w9w10	-1.28209927474094	0.0710884388904299	72	72	5.08140482440415e-28	4.3732976444446e-27
ko.K03581	Week_and_consortia	NS1_w9w10	-0.935428170603328	0.0519723400432035	72	72	5.71567539622063e-28	4.91081498328344e-27
ko.K07006	Week_and_consortia	NS1_w9w10	2.6873608725727	0.149385495186537	72	72	5.8857703232091e-28	5.04837210065405e-27
ko.K01176	Week_and_consortia	NS1_w9w10	-0.731494731451863	0.0406822526601073	72	72	6.05343710006415e-28	5.18338376771595e-27
ko.K03587	Week_and_consortia	NS1_w9w10	0.24466570474376	0.0136130324617645	72	72	6.20655924140647e-28	5.30550546321244e-27
ko.K13954	Week_and_consortia	NS1_w9w10	-1.25107338035069	0.0697056512575146	72	72	6.72454386492643e-28	5.73858033878519e-27
ko.K02749	Week_and_consortia	NS1_w9w10	-2.5877868693134	0.144364509706006	72	72	7.23085091405931e-28	6.14987522185651e-27
ko.K02750	Week_and_consortia	NS1_w9w10	-2.5877868693134	0.144364509706006	72	72	7.23085091405931e-28	6.14987522185651e-27
ko.K08659	Week_and_consortia	NS1_w9w10	-2.36098089919008	0.131772403968413	72	72	7.42543956598161e-28	6.30475977938472e-27
ko.K17398	Week_and_consortia	NS1_w9w10	-2.7166620286768	0.150509540283455	72	72	7.65513662477473e-28	6.48888426650368e-27
ko.K00566	Week_and_consortia	NS1_w9w10	0.478947644748511	0.0267496635804649	72	72	7.72527407974247e-28	6.53736761320921e-27
ko.K17837	Week_and_consortia	NS1_w9w10	-2.41567670907844	0.133897421519874	72	72	7.86322202225486e-28	6.64297619672768e-27
ko.K01771	Week_and_consortia	NS1_w9w10	1.7694519653221	0.0989445911779357	72	72	8.28031349355885e-28	6.98366340057751e-27
ko.K01053	Week_and_consortia	NS1_w9w10	1.34467793779202	0.0747031315450773	72	72	8.91337031275121e-28	7.50505780333652e-27
ko.K02099	Week_and_consortia	NS1_w9w10	-2.93574548898849	0.164518227383952	72	72	9.38226826472518e-28	7.88672533667082e-27
ko.K02406	Week_and_consortia	NS1_w9w10	-1.48558895539799	0.0832952096659586	72	72	9.66719135710037e-28	8.11273268041048e-27
ko.K13075	Week_and_consortia	NS1_w9w10	1.74976084646298	0.0981491951972619	72	52	9.90929917174482e-28	8.15338426965063e-27
ko.K19547	Week_and_consortia	NS1_w9w10	1.74976084646299	0.0981491951972619	72	52	9.9092991716898e-28	8.15338426965063e-27
ko.K20114	Week_and_consortia	NS1_w9w10	1.74976084646299	0.0981491951972619	72	52	9.9092991716898e-28	8.15338426965063e-27
ko.K05299	Week_and_consortia	NS1_w9w10	1.74976084646299	0.0981491951972619	72	52	9.9092991716898e-28	8.15338426965063e-27
ko.K22341	Week_and_consortia	NS1_w9w10	1.74976084646299	0.0981491951972619	72	52	9.9092991716898e-28	8.15338426965063e-27
ko.K07535	Week_and_consortia	NS1_w9w10	1.74976084646299	0.0981491951972619	72	52	9.9092991716898e-28	8.15338426965063e-27
ko.K07469	Week_and_consortia	NS1_w9w10	1.74976084646299	0.0981491951972619	72	52	9.9092991716898e-28	8.15338426965063e-27
ko.K01499	Week_and_consortia	NS1_w9w10	1.74976084646299	0.0981491951972619	72	52	9.9092991716898e-28	8.15338426965063e-27
ko.K14358	Week_and_consortia	NS1_w9w10	1.74976084646299	0.0981491951972619	72	52	9.9092991716898e-28	8.15338426965063e-27
ko.K00360	Week_and_consortia	NS1_w9w10	1.74976084646299	0.0981491951972619	72	52	9.9092991716898e-28	8.15338426965063e-27
ko.K07084	Week_and_consortia	NS1_w9w10	1.74995546490589	0.0981421505263577	72	52	9.80550202380283e-28	8.15338426965063e-27
ko.K01322	Week_and_consortia	NS1_w9w10	-2.46046818867277	0.136909474226803	72	72	9.81749593119797e-28	8.15338426965063e-27
ko.K05988	Week_and_consortia	NS1_w9w10	1.22688442120586	0.068861963844696	72	72	1.02670308447466e-27	8.43399021587963e-27
ko.K03100	Week_and_consortia	NS1_w9w10	0.37272870708897	0.0209661659152193	72	72	1.16439085896931e-27	9.54951723946904e-27
ko.K01424	Week_and_consortia	NS1_w9w10	0.748815025782329	0.0422217000538551	72	72	1.3352642596606e-27	1.09331524145954e-26
ko.K05770	Week_and_consortia	NS1_w9w10	-1.35403058919842	0.0757906565377417	72	72	1.37426391805769e-27	1.12342739709182e-26
ko.K12990	Week_and_consortia	NS1_w9w10	-1.73042990593506	0.0977870069163442	72	72	1.51713580674775e-27	1.23821810915826e-26
ko.K13486	Week_and_consortia	NS1_w9w10	-2.68676673511568	0.150994982315644	72	72	1.72753651357376e-27	1.40088514712273e-26
ko.K06685	Week_and_consortia	NS1_w9w10	-2.68676673511568	0.150994982315644	72	72	1.72753651357376e-27	1.40088514712273e-26
ko.K20529	Week_and_consortia	NS1_w9w10	-2.68676673511568	0.150994982315644	72	72	1.72753651357376e-27	1.40088514712273e-26
ko.K00720	Week_and_consortia	NS1_w9w10	-2.68676673511568	0.150994982315644	72	72	1.72753651357376e-27	1.40088514712273e-26
ko.K12700	Week_and_consortia	NS1_w9w10	-2.80602936461938	0.159119139086195	72	72	1.85024115043873e-27	1.49798370064367e-26
ko.K02945	Week_and_consortia	NS1_w9w10	-0.232789633554944	0.0132019763956555	72	72	1.86128815866483e-27	1.50451644441195e-26
ko.K01681	Week_and_consortia	NS1_w9w10	0.263373759207862	0.0149588755964972	72	72	2.02825488345731e-27	1.63686001137801e-26
ko.K03932	Week_and_consortia	NS1_w9w10	-2.43368307541712	0.137310221746314	72	72	2.1610225376234e-27	1.74122581500373e-26
ko.K11783	Week_and_consortia	NS1_w9w10	-2.43057278266979	0.137442657050734	72	72	2.4542571108452e-27	1.9403610209687e-26
ko.K11785	Week_and_consortia	NS1_w9w10	-2.43057278266979	0.137442657050734	72	72	2.4542571108452e-27	1.9403610209687e-26
ko.K00045	Week_and_consortia	NS1_w9w10	-2.43057278266979	0.137442657050734	72	72	2.4542571108452e-27	1.9403610209687e-26
ko.K18285	Week_and_consortia	NS1_w9w10	-2.43057278266979	0.137442657050734	72	72	2.4542571108452e-27	1.9403610209687e-26
ko.K15527	Week_and_consortia	NS1_w9w10	-2.43057278266979	0.137442657050734	72	72	2.4542571108452e-27	1.9403610209687e-26
ko.K11784	Week_and_consortia	NS1_w9w10	-2.43057278266979	0.137442657050734	72	72	2.4542571108452e-27	1.9403610209687e-26
ko.K00683	Week_and_consortia	NS1_w9w10	-2.43057278266979	0.137442657050734	72	72	2.4542571108452e-27	1.9403610209687e-26
ko.K11782	Week_and_consortia	NS1_w9w10	-2.43057278266979	0.137442657050734	72	72	2.4542571108452e-27	1.9403610209687e-26
ko.K03379	Week_and_consortia	NS1_w9w10	-2.43057278266979	0.137442657050734	72	72	2.4542571108452e-27	1.9403610209687e-26
ko.K03390	Week_and_consortia	NS1_w9w10	-2.43057278266979	0.137442657050734	72	72	2.4542571108452e-27	1.9403610209687e-26
ko.K03389	Week_and_consortia	NS1_w9w10	-2.43057278266979	0.137442657050734	72	72	2.4542571108452e-27	1.9403610209687e-26
ko.K03388	Week_and_consortia	NS1_w9w10	-2.43057278266979	0.137442657050734	72	72	2.4542571108452e-27	1.9403610209687e-26
ko.K01572	Week_and_consortia	NS1_w9w10	0.248704481521979	0.0142030373759045	72	72	2.77214254178265e-27	2.18826001891968e-26
ko.K00978	Week_and_consortia	NS1_w9w10	-1.65220536308192	0.0945667836762081	72	72	3.15242922324569e-27	2.48456668265791e-26
ko.K03648	Week_and_consortia	NS1_w9w10	0.660309037479877	0.037903004551569	72	72	3.71632221314193e-27	2.924432993893e-26
ko.K01817	Week_and_consortia	NS1_w9w10	0.275074457032255	0.015817422292563	72	72	4.10593445947718e-27	3.22600013830151e-26
ko.K19055	Week_and_consortia	NS1_w9w10	-1.12098921215696	0.0646072914571982	72	72	4.67851621937704e-27	3.67016520812e-26
ko.K01548	Week_and_consortia	NS1_w9w10	0.536075605346613	0.0308993455514089	72	72	4.7050667824189e-27	3.68527091236904e-26
ko.K08884	Week_and_consortia	NS1_w9w10	0.232991997670423	0.0134301114112743	72	72	4.7145658541373e-27	3.68699484444298e-26
ko.K03187	Week_and_consortia	NS1_w9w10	-1.69765008530082	0.0979314017878562	72	72	4.92646584746349e-27	3.84675509449544e-26
ko.K01259	Week_and_consortia	NS1_w9w10	2.33843893604729	0.134933811879737	72	72	5.00524029419278e-27	3.90223363676882e-26
ko.K17242	Week_and_consortia	NS1_w9w10	-2.91540605153486	0.167526204027075	72	72	6.09469178313998e-27	4.74428087649047e-26
ko.K04032	Week_and_consortia	NS1_w9w10	1.60601979620063	0.0930114772587568	72	72	6.16547928070374e-27	4.79200020401774e-26
ko.K02015	Week_and_consortia	NS1_w9w10	0.181053467813916	0.0104901182271943	72	72	6.31905079347296e-27	4.90381637613293e-26
ko.K13796	Week_and_consortia	NS1_w9w10	3.83845159919521	0.220924402044366	72	72	6.65983689200876e-27	5.16035214393071e-26
ko.K03190	Week_and_consortia	NS1_w9w10	-1.72769455813025	0.100234220579359	72	72	6.81349995742086e-27	5.24722588184302e-26
ko.K03188	Week_and_consortia	NS1_w9w10	-1.72769455813025	0.100234220579359	72	72	6.81349995742086e-27	5.24722588184302e-26
ko.K01428	Week_and_consortia	NS1_w9w10	-1.72769455813025	0.100234220579359	72	72	6.81349995742086e-27	5.24722588184302e-26
ko.K01430	Week_and_consortia	NS1_w9w10	-1.72769455813025	0.100234220579359	72	72	6.81349995742086e-27	5.24722588184302e-26
ko.K10926	Week_and_consortia	NS1_w9w10	-2.59643712350191	0.151433161885476	72	72	9.19667303840906e-27	7.06103224772684e-26
ko.K09946	Week_and_consortia	NS1_w9w10	-2.59643712350191	0.151433161885476	72	72	9.19667303840906e-27	7.06103224772684e-26
ko.K06381	Week_and_consortia	NS1_w9w10	0.867976626954788	0.0506625025486404	72	72	9.60847736016957e-27	7.36601329644563e-26
ko.K13012	Week_and_consortia	NS1_w9w10	-1.17656157197375	0.0681705895603523	72	72	9.71366200681324e-27	7.43536673612432e-26
ko.K17238	Week_and_consortia	NS1_w9w10	-3.08577285396856	0.180155868586465	72	70	9.74219478081505e-27	7.4459255722659e-26
ko.K12995	Week_and_consortia	NS1_w9w10	1.14446732595333	0.0668691840584085	72	72	1.01818932530896e-26	7.77023031942729e-26
ko.K06330	Week_and_consortia	NS1_w9w10	-2.09428986649677	0.122523354932256	72	18	1.09530203564172e-26	7.81296295371898e-26
ko.K07481	Week_and_consortia	NS1_w9w10	-2.14202991496061	0.125380235177655	72	20	1.12740498635055e-26	7.81296295371898e-26
ko.K11895	Week_and_consortia	NS1_w9w10	-2.1420299149606	0.125380235177656	72	20	1.12740498678962e-26	7.81296295371898e-26
ko.K01160	Week_and_consortia	NS1_w9w10	-2.1420299149606	0.125380235177656	72	20	1.12740498678962e-26	7.81296295371898e-26
ko.K11911	Week_and_consortia	NS1_w9w10	-2.14202991496061	0.125380235177655	72	20	1.12740498635055e-26	7.81296295371898e-26
ko.K11910	Week_and_consortia	NS1_w9w10	-2.14202991496061	0.125380235177655	72	20	1.12740498635055e-26	7.81296295371898e-26
ko.K11907	Week_and_consortia	NS1_w9w10	-2.14202991496061	0.125380235177655	72	20	1.12740498635055e-26	7.81296295371898e-26
ko.K11892	Week_and_consortia	NS1_w9w10	-2.14202991496061	0.125380235177655	72	20	1.12740498635055e-26	7.81296295371898e-26
ko.K11893	Week_and_consortia	NS1_w9w10	-2.14202991496061	0.125380235177655	72	20	1.12740498635055e-26	7.81296295371898e-26
ko.K11906	Week_and_consortia	NS1_w9w10	-2.14202991496061	0.125380235177655	72	20	1.12740498635055e-26	7.81296295371898e-26
ko.K11896	Week_and_consortia	NS1_w9w10	-2.14202991496061	0.125380235177655	72	20	1.12740498635055e-26	7.81296295371898e-26
ko.K09688	Week_and_consortia	NS1_w9w10	-2.14202991496061	0.125380235177655	72	20	1.12740498635055e-26	7.81296295371898e-26
ko.K12057	Week_and_consortia	NS1_w9w10	-2.14202991496061	0.125380235177655	72	20	1.12740498635055e-26	7.81296295371898e-26
ko.K21039	Week_and_consortia	NS1_w9w10	-2.14202991496061	0.125380235177655	72	20	1.12740498635055e-26	7.81296295371898e-26
ko.K12066	Week_and_consortia	NS1_w9w10	-2.14202991496061	0.125380235177655	72	20	1.12740498635055e-26	7.81296295371898e-26
ko.K12062	Week_and_consortia	NS1_w9w10	-2.14202991496061	0.125380235177655	72	20	1.12740498635055e-26	7.81296295371898e-26
ko.K12061	Week_and_consortia	NS1_w9w10	-2.14202991496061	0.125380235177655	72	20	1.12740498635055e-26	7.81296295371898e-26
ko.K12060	Week_and_consortia	NS1_w9w10	-2.14202991496061	0.125380235177655	72	20	1.12740498635055e-26	7.81296295371898e-26
ko.K12059	Week_and_consortia	NS1_w9w10	-2.14202991496061	0.125380235177655	72	20	1.12740498635055e-26	7.81296295371898e-26
ko.K11905	Week_and_consortia	NS1_w9w10	-2.14202991496061	0.125380235177655	72	20	1.12740498635055e-26	7.81296295371898e-26
ko.K11900	Week_and_consortia	NS1_w9w10	-2.14202991496061	0.125380235177655	72	20	1.12740498635055e-26	7.81296295371898e-26
ko.K11901	Week_and_consortia	NS1_w9w10	-2.14202991496061	0.125380235177655	72	20	1.12740498635055e-26	7.81296295371898e-26
ko.K11903	Week_and_consortia	NS1_w9w10	-2.14202991496061	0.125380235177655	72	20	1.12740498635055e-26	7.81296295371898e-26
ko.K07265	Week_and_consortia	NS1_w9w10	-2.14202991496061	0.125380235177655	72	20	1.12740498635055e-26	7.81296295371898e-26
ko.K07266	Week_and_consortia	NS1_w9w10	-2.14202991496061	0.125380235177655	72	20	1.12740498635055e-26	7.81296295371898e-26
ko.K10107	Week_and_consortia	NS1_w9w10	-2.14202991496061	0.125380235177655	72	20	1.12740498635055e-26	7.81296295371898e-26
ko.K10966	Week_and_consortia	NS1_w9w10	-2.14202991496061	0.125380235177655	72	20	1.12740498635055e-26	7.81296295371898e-26
ko.K10939	Week_and_consortia	NS1_w9w10	-2.14202991496061	0.125380235177655	72	20	1.12740498635055e-26	7.81296295371898e-26
ko.K07733	Week_and_consortia	NS1_w9w10	-2.1420299149606	0.125380235177656	72	20	1.12740498678962e-26	7.81296295371898e-26
ko.K12661	Week_and_consortia	NS1_w9w10	-2.14202991496061	0.125380235177655	72	20	1.12740498635055e-26	7.81296295371898e-26
ko.K17204	Week_and_consortia	NS1_w9w10	-2.14202991496061	0.125380235177655	72	20	1.12740498635055e-26	7.81296295371898e-26
ko.K17203	Week_and_consortia	NS1_w9w10	-2.14202991496061	0.125380235177655	72	20	1.12740498635055e-26	7.81296295371898e-26
ko.K19048	Week_and_consortia	NS1_w9w10	-2.14202991496061	0.125380235177655	72	20	1.12740498635055e-26	7.81296295371898e-26
ko.K19163	Week_and_consortia	NS1_w9w10	-2.1420299149606	0.125380235177656	72	20	1.12740498678962e-26	7.81296295371898e-26
ko.K19164	Week_and_consortia	NS1_w9w10	-2.1420299149606	0.125380235177656	72	20	1.12740498678962e-26	7.81296295371898e-26
ko.K17743	Week_and_consortia	NS1_w9w10	-2.1420299149606	0.125380235177656	72	20	1.12740498678962e-26	7.81296295371898e-26
ko.K17060	Week_and_consortia	NS1_w9w10	-2.14202991496061	0.125380235177655	72	20	1.12740498635055e-26	7.81296295371898e-26
ko.K10125	Week_and_consortia	NS1_w9w10	-2.14202991496061	0.125380235177655	72	20	1.12740498635055e-26	7.81296295371898e-26
ko.K17061	Week_and_consortia	NS1_w9w10	-2.14202991496061	0.125380235177655	72	20	1.12740498635055e-26	7.81296295371898e-26
ko.K10126	Week_and_consortia	NS1_w9w10	-2.14202991496061	0.125380235177655	72	20	1.12740498635055e-26	7.81296295371898e-26
ko.K14067	Week_and_consortia	NS1_w9w10	-2.14202991496061	0.125380235177655	72	20	1.12740498635055e-26	7.81296295371898e-26
ko.K13636	Week_and_consortia	NS1_w9w10	-2.14202991496061	0.125380235177655	72	20	1.12740498635055e-26	7.81296295371898e-26
ko.K21638	Week_and_consortia	NS1_w9w10	-2.14202991496061	0.125380235177655	72	20	1.12740498635055e-26	7.81296295371898e-26
ko.K07225	Week_and_consortia	NS1_w9w10	-2.14202991496061	0.125380235177655	72	20	1.12740498635055e-26	7.81296295371898e-26
ko.K07227	Week_and_consortia	NS1_w9w10	-2.14202991496061	0.125380235177655	72	20	1.12740498635055e-26	7.81296295371898e-26
ko.K18147	Week_and_consortia	NS1_w9w10	-2.14202991496061	0.125380235177655	72	20	1.12740498635055e-26	7.81296295371898e-26
ko.K12516	Week_and_consortia	NS1_w9w10	-2.14202991496061	0.125380235177655	72	20	1.12740498635055e-26	7.81296295371898e-26
ko.K16077	Week_and_consortia	NS1_w9w10	-2.14202991496061	0.125380235177655	72	20	1.12740498635055e-26	7.81296295371898e-26
ko.K21621	Week_and_consortia	NS1_w9w10	-2.14202991496061	0.125380235177655	72	20	1.12740498635055e-26	7.81296295371898e-26
ko.K07186	Week_and_consortia	NS1_w9w10	-2.14202991496061	0.125380235177655	72	20	1.12740498635055e-26	7.81296295371898e-26
ko.K08167	Week_and_consortia	NS1_w9w10	-2.14202991496061	0.125380235177655	72	20	1.12740498635055e-26	7.81296295371898e-26
ko.K22302	Week_and_consortia	NS1_w9w10	-2.14202991496061	0.125380235177655	72	20	1.12740498635055e-26	7.81296295371898e-26
ko.K12058	Week_and_consortia	NS1_w9w10	-2.14202991496061	0.125380235177655	72	20	1.12740498635055e-26	7.81296295371898e-26
ko.K12068	Week_and_consortia	NS1_w9w10	-2.14202991496061	0.125380235177655	72	20	1.12740498635055e-26	7.81296295371898e-26
ko.K12067	Week_and_consortia	NS1_w9w10	-2.14202991496061	0.125380235177655	72	20	1.12740498635055e-26	7.81296295371898e-26
ko.K12981	Week_and_consortia	NS1_w9w10	-2.14202991496061	0.125380235177655	72	20	1.12740498635055e-26	7.81296295371898e-26
ko.K03277	Week_and_consortia	NS1_w9w10	-2.14202991496061	0.125380235177655	72	20	1.12740498635055e-26	7.81296295371898e-26
ko.K02840	Week_and_consortia	NS1_w9w10	-2.14202991496061	0.125380235177655	72	20	1.12740498635055e-26	7.81296295371898e-26
ko.K06979	Week_and_consortia	NS1_w9w10	-2.14202991496061	0.125380235177655	72	20	1.12740498635055e-26	7.81296295371898e-26
ko.K18900	Week_and_consortia	NS1_w9w10	-2.14202991496061	0.125380235177655	72	20	1.12740498635055e-26	7.81296295371898e-26
ko.K18589	Week_and_consortia	NS1_w9w10	-2.14202991496061	0.125380235177655	72	20	1.12740498635055e-26	7.81296295371898e-26
ko.K19057	Week_and_consortia	NS1_w9w10	-2.14202991496061	0.125380235177655	72	20	1.12740498635055e-26	7.81296295371898e-26
ko.K19059	Week_and_consortia	NS1_w9w10	-2.14202991496061	0.125380235177655	72	20	1.12740498635055e-26	7.81296295371898e-26
ko.K21024	Week_and_consortia	NS1_w9w10	-2.14202991496061	0.125380235177655	72	20	1.12740498635055e-26	7.81296295371898e-26
ko.K18974	Week_and_consortia	NS1_w9w10	-2.14202991496061	0.125380235177655	72	20	1.12740498635055e-26	7.81296295371898e-26
ko.K18975	Week_and_consortia	NS1_w9w10	-2.14202991496061	0.125380235177655	72	20	1.12740498635055e-26	7.81296295371898e-26
ko.K00508	Week_and_consortia	NS1_w9w10	-2.14202991496061	0.125380235177655	72	20	1.12740498635055e-26	7.81296295371898e-26
ko.K02032	Week_and_consortia	NS1_w9w10	-0.748205356142098	0.043492516715207	72	72	1.15545999881627e-26	7.99641632057507e-26
ko.K07795	Week_and_consortia	NS1_w9w10	2.24077599166725	0.131287037415365	72	72	1.19085502110642e-26	8.230095166388e-26
ko.K07003	Week_and_consortia	NS1_w9w10	-1.07351231337884	0.0630482208910422	72	72	1.3641375533988e-26	9.41478540952288e-26
ko.K02241	Week_and_consortia	NS1_w9w10	-1.62289117133148	0.0953543355391763	72	72	1.39745240670841e-26	9.63155465032865e-26
ko.K02083	Week_and_consortia	NS1_w9w10	2.11774652356918	0.124529131045774	72	72	1.4618456785019e-26	1.00616408280539e-25
ko.K09992	Week_and_consortia	NS1_w9w10	1.374593078664	0.0803408256119811	72	72	1.56436091249605e-26	1.07525868434422e-25
ko.K02784	Week_and_consortia	NS1_w9w10	-2.09158257269634	0.122370879445865	72	72	1.66062237789635e-26	1.13987286047994e-25
ko.K03744	Week_and_consortia	NS1_w9w10	0.910466342250427	0.0536636302638996	72	72	1.66919393147135e-26	1.14420186455811e-25
ko.K02407	Week_and_consortia	NS1_w9w10	-1.44350881662457	0.0851438713850702	72	72	1.73963722126153e-26	1.19087361000179e-25
ko.K00991	Week_and_consortia	NS1_w9w10	0.244225290905161	0.0144526217265505	72	72	2.09278956224236e-26	1.43068645039897e-25
ko.K17215	Week_and_consortia	NS1_w9w10	-3.04569487923527	0.180436207676795	72	70	2.22776392221217e-26	1.52090045067782e-25
ko.K03737	Week_and_consortia	NS1_w9w10	-0.183343095270685	0.0108621396563533	72	72	2.23167938902325e-26	1.52151744579561e-25
ko.K01647	Week_and_consortia	NS1_w9w10	0.217691214400555	0.0129140260352658	72	72	2.40302706727982e-26	1.63613109756033e-25
ko.K18231	Week_and_consortia	NS1_w9w10	1.96514256170987	0.116645671552227	72	72	2.48347954525805e-26	1.68863239066536e-25
ko.K21395	Week_and_consortia	NS1_w9w10	1.81719981266704	0.108070093808705	72	72	2.76509808859252e-26	1.875070542761e-25
ko.K04477	Week_and_consortia	NS1_w9w10	-1.04223950591646	0.0619826007587227	72	72	2.76488982451229e-26	1.875070542761e-25
ko.K02348	Week_and_consortia	NS1_w9w10	-1.91330042532315	0.113050870384994	72	72	2.9087168441306e-26	1.96981735878657e-25
ko.K03502	Week_and_consortia	NS1_w9w10	0.706460414864932	0.0417663049915445	72	72	2.99124896002431e-26	2.02299728862688e-25
ko.K06120	Week_and_consortia	NS1_w9w10	1.03304555948904	0.0615556791349637	72	72	3.08540286180064e-26	2.08110217060305e-25
ko.K06121	Week_and_consortia	NS1_w9w10	1.03304555948904	0.0615556791349637	72	72	3.08540286180064e-26	2.08110217060305e-25
ko.K06896	Week_and_consortia	NS1_w9w10	1.70897956164088	0.10199199948013	72	72	3.36967750735121e-26	2.26981476895178e-25
ko.K02116	Week_and_consortia	NS1_w9w10	-2.76360534408358	0.164947074759412	72	72	3.38688994173902e-26	2.27837123644015e-25
ko.K07273	Week_and_consortia	NS1_w9w10	1.20055473675573	0.071725457202752	72	72	3.57737896823759e-26	2.40331363664046e-25
ko.K16868	Week_and_consortia	NS1_w9w10	-2.76080456232817	0.165302588698971	72	72	4.04649958429998e-26	2.70408940474649e-25
ko.K00138	Week_and_consortia	NS1_w9w10	-2.76080456232817	0.165302588698971	72	72	4.04649958429998e-26	2.70408940474649e-25
ko.K10538	Week_and_consortia	NS1_w9w10	-2.76080456232817	0.165302588698971	72	72	4.04649958429998e-26	2.70408940474649e-25
ko.K03087	Week_and_consortia	NS1_w9w10	-2.76080456232817	0.165302588698971	72	72	4.04649958429998e-26	2.70408940474649e-25
ko.K07784	Week_and_consortia	NS1_w9w10	-2.76139169046713	0.165345943479361	72	72	4.05778461276512e-26	2.70804859493915e-25
ko.K17733	Week_and_consortia	NS1_w9w10	-1.17533785655094	0.0704549293360839	72	72	4.31927400312432e-26	2.87875623532771e-25
ko.K08364	Week_and_consortia	NS1_w9w10	1.00985963888171	0.0605532191114846	72	72	4.3910644361731e-26	2.92274802787174e-25
ko.K03556	Week_and_consortia	NS1_w9w10	-1.91631443048039	0.115153725825258	72	72	4.95471763799495e-26	3.29358335620401e-25
ko.K10241	Week_and_consortia	NS1_w9w10	-1.60417964997349	0.0964322233679522	72	72	5.05678963311741e-26	3.35701724395652e-25
ko.K13626	Week_and_consortia	NS1_w9w10	-1.49009974785986	0.0898953282408717	72	72	6.17812673616193e-26	4.09604937940815e-25
ko.K02471	Week_and_consortia	NS1_w9w10	2.85657530501737	0.171537255381873	72	52	7.07924464607639e-26	4.68733210379789e-25
ko.K08600	Week_and_consortia	NS1_w9w10	-1.6121199527881	0.0976794281039805	72	72	7.87474596464263e-26	5.20722730541552e-25
ko.K03466	Week_and_consortia	NS1_w9w10	0.468525333116313	0.0283908387331745	72	72	7.91476179617669e-26	5.22684661363198e-25
ko.K01714	Week_and_consortia	NS1_w9w10	-0.217915193116072	0.0131532507706214	72	72	9.46850168665006e-26	6.24476116461568e-25
ko.K08138	Week_and_consortia	NS1_w9w10	1.046815126499	0.0637150634961759	72	72	1.01398058476581e-25	6.66141731370205e-25
ko.K07230	Week_and_consortia	NS1_w9w10	-2.65380583474143	0.161525259723585	72	72	1.01387284707653e-25	6.66141731370205e-25
ko.K05351	Week_and_consortia	NS1_w9w10	-2.65380583474143	0.161525259723585	72	72	1.01387284707653e-25	6.66141731370205e-25
ko.K05352	Week_and_consortia	NS1_w9w10	-3.6578423208494	0.22281055400328	72	63	1.05905336642224e-25	6.9304891284523e-25
ko.K16214	Week_and_consortia	NS1_w9w10	-3.6578423208494	0.22281055400328	72	63	1.05905336642224e-25	6.9304891284523e-25
ko.K16697	Week_and_consortia	NS1_w9w10	-3.6578423208494	0.22281055400328	72	63	1.05905336642224e-25	6.9304891284523e-25
ko.K02752	Week_and_consortia	NS1_w9w10	3.16670357108084	0.192963370614836	72	72	1.08057543899272e-25	7.05305829171993e-25
ko.K02753	Week_and_consortia	NS1_w9w10	3.16670357108084	0.192963370614836	72	72	1.08057543899272e-25	7.05305829171993e-25
ko.K07109	Week_and_consortia	NS1_w9w10	-1.92684611713721	0.117511011207181	72	72	1.13227372162038e-25	7.37145211549764e-25
ko.K08279	Week_and_consortia	NS1_w9w10	-1.92684611713721	0.117511011207181	72	72	1.13227372162038e-25	7.37145211549764e-25
ko.K16213	Week_and_consortia	NS1_w9w10	1.57520805409807	0.0960790937564159	72	72	1.14094487137715e-25	7.41834426022825e-25
ko.K20862	Week_and_consortia	NS1_w9w10	-1.37232406229255	0.08388886815397	72	72	1.28992009752929e-25	8.37619065902056e-25
ko.K19091	Week_and_consortia	NS1_w9w10	-4.92281863437859	0.301361296173225	72	72	1.39769153489714e-25	9.06436153311986e-25
ko.K00568	Week_and_consortia	NS1_w9w10	-1.1507380811602	0.0704551135544518	72	72	1.4089115333833e-25	9.12541162391339e-25
ko.K01708	Week_and_consortia	NS1_w9w10	1.25789375562542	0.0771386226249004	72	72	1.53948300867871e-25	9.95834591529432e-25
ko.K01092	Week_and_consortia	NS1_w9w10	-0.310186409747956	0.0190524329249102	72	72	1.68375330472144e-25	1.08776492269216e-24
ko.K01653	Week_and_consortia	NS1_w9w10	-0.150876225602326	0.00926963384082128	72	72	1.70851631567507e-25	1.10235305578422e-24
ko.K07000	Week_and_consortia	NS1_w9w10	2.23598077371898	0.137495963524053	72	72	1.79365496981228e-25	1.15580929942496e-24
ko.K00973	Week_and_consortia	NS1_w9w10	-0.271269608924658	0.0166988448500322	72	72	1.903163346155e-25	1.22481289487581e-24
ko.K07458	Week_and_consortia	NS1_w9w10	1.4948016903272	0.092079166653724	72	72	1.97567780350505e-25	1.26986313782538e-24
ko.K02422	Week_and_consortia	NS1_w9w10	-1.36038813066828	0.0841206351763128	72	72	2.44285994610097e-25	1.56814846857714e-24
ko.K07217	Week_and_consortia	NS1_w9w10	-1.36506581262696	0.0840747381836553	72	72	2.88571504191578e-25	1.85008025276123e-24
ko.K19508	Week_and_consortia	NS1_w9w10	1.67908078518635	0.104196192105804	72	72	2.97316273402659e-25	1.90372853387862e-24
ko.K00100	Week_and_consortia	NS1_w9w10	1.83300149087689	0.113977081501553	72	72	3.32347698763124e-25	2.1253424989257e-24
ko.K01613	Week_and_consortia	NS1_w9w10	0.422599110235337	0.0263309697128437	72	72	3.71902289610092e-25	2.37528491417217e-24
ko.K13889	Week_and_consortia	NS1_w9w10	2.06752459785431	0.12891290706939	72	72	3.8673367655375e-25	2.46689208832013e-24
ko.K07729	Week_and_consortia	NS1_w9w10	-1.25844060618234	0.0784690660227103	72	72	3.87720717813975e-25	2.47006944060051e-24
ko.K03200	Week_and_consortia	NS1_w9w10	2.19537712432794	0.136358759901922	72	52	4.57267370915408e-25	2.90215421842291e-24
ko.K20531	Week_and_consortia	NS1_w9w10	2.19537712432794	0.136358759901922	72	52	4.57267370915408e-25	2.90215421842291e-24
ko.K19170	Week_and_consortia	NS1_w9w10	2.19537712432794	0.136358759901922	72	52	4.57267370915408e-25	2.90215421842291e-24
ko.K01654	Week_and_consortia	NS1_w9w10	-0.826246791344976	0.05182613541253	72	72	5.37608455858388e-25	3.4077765608489e-24
ko.K14977	Week_and_consortia	NS1_w9w10	1.99641813012678	0.125312170550191	72	72	5.58651099553156e-25	3.53672350243426e-24
ko.K05966	Week_and_consortia	NS1_w9w10	1.80422867224968	0.113263173028375	72	72	5.62589500483459e-25	3.55719919454622e-24
ko.K02016	Week_and_consortia	NS1_w9w10	0.295955675487216	0.0184543483377618	72	72	5.63329148936671e-25	3.55742357553508e-24
ko.K00036	Week_and_consortia	NS1_w9w10	0.820282390203845	0.0515044669820969	72	72	5.68640395511153e-25	3.58648099640742e-24
ko.K03307	Week_and_consortia	NS1_w9w10	0.404813697320976	0.0254879482215469	72	72	6.61882536581478e-25	4.16936480649579e-24
ko.K07058	Week_and_consortia	NS1_w9w10	0.61061685787991	0.0382453507608889	72	72	7.17413402358404e-25	4.51353986141303e-24
ko.K16849	Week_and_consortia	NS1_w9w10	-1.78287932620271	0.112456128263526	72	72	7.30718878937444e-25	4.59153206018902e-24
ko.K10010	Week_and_consortia	NS1_w9w10	2.01913884513558	0.127467674367342	72	72	7.66003788484909e-25	4.80726849618107e-24
ko.K00950	Week_and_consortia	NS1_w9w10	0.301110376690268	0.019025782238853	72	72	8.04017197697411e-25	5.0395718148478e-24
ko.K15581	Week_and_consortia	NS1_w9w10	-0.637287920106139	0.0400059030572345	72	72	8.10802909561699e-25	5.07580706208885e-24
ko.K00382	Week_and_consortia	NS1_w9w10	0.166025662072808	0.0104964742523811	72	72	8.29988587697551e-25	5.18948310030697e-24
ko.K09774	Week_and_consortia	NS1_w9w10	2.19662500566595	0.138968214207781	72	72	8.61124536263971e-25	5.37750452064967e-24
ko.K01533	Week_and_consortia	NS1_w9w10	0.639179407858764	0.040623398782741	72	72	1.10766272395425e-24	6.908533433848e-24
ko.K13735	Week_and_consortia	NS1_w9w10	-1.48793306695156	0.0945945985899892	72	72	1.12589890958573e-24	7.00497695963929e-24
ko.K18344	Week_and_consortia	NS1_w9w10	-1.34612625979853	0.0855787754079487	72	72	1.1255195342921e-24	7.00497695963929e-24
ko.K03639	Week_and_consortia	NS1_w9w10	0.956960656939255	0.060462081736706	72	72	1.15495411760975e-24	7.17691045776684e-24
ko.K11189	Week_and_consortia	NS1_w9w10	-0.658661277942731	0.0418985862562298	72	72	1.16259050763617e-24	7.21548801545203e-24
ko.K21449	Week_and_consortia	NS1_w9w10	-1.0420028320799	0.0658757980335393	72	72	1.19599596961828e-24	7.41370753191601e-24
ko.K01778	Week_and_consortia	NS1_w9w10	-0.260362354835894	0.016600013863764	72	72	1.31758805256048e-24	8.15742014894063e-24
ko.K01960	Week_and_consortia	NS1_w9w10	0.89854878295216	0.0573368250070561	72	72	1.37900198558607e-24	8.52719465260809e-24
ko.K05846	Week_and_consortia	NS1_w9w10	-1.25121143872912	0.0794406219301134	72	72	1.50894403157781e-24	9.31929736861991e-24
ko.K01488	Week_and_consortia	NS1_w9w10	-1.99683648069063	0.128278772638344	72	72	1.99083624975588e-24	1.22804697603989e-23
ko.K01812	Week_and_consortia	NS1_w9w10	0.437666069873179	0.0281246612421197	72	72	2.02413530564093e-24	1.24706482489e-23
ko.K03779	Week_and_consortia	NS1_w9w10	1.90010424607125	0.122272495165189	72	72	2.18433192192045e-24	1.34412239580294e-23
ko.K01154	Week_and_consortia	NS1_w9w10	-0.620828585427301	0.0400254147668109	72	72	2.41872174030227e-24	1.48654285060913e-23
ko.K00033	Week_and_consortia	NS1_w9w10	0.762975900389045	0.0492113378918355	72	72	2.47708229259455e-24	1.52056132954892e-23
ko.K03893	Week_and_consortia	NS1_w9w10	2.44055819963037	0.157556350625606	72	52	2.60192155540376e-24	1.59139318376511e-23
ko.K07119	Week_and_consortia	NS1_w9w10	2.44055819963037	0.157556350625606	72	52	2.60192155540376e-24	1.59139318376511e-23
ko.K00098	Week_and_consortia	NS1_w9w10	2.44055819963037	0.157556350625606	72	52	2.60192155540376e-24	1.59139318376511e-23
ko.K19081	Week_and_consortia	NS1_w9w10	-3.26006046495858	0.209190871290152	72	72	2.69491232933672e-24	1.64627534314499e-23
ko.K12140	Week_and_consortia	NS1_w9w10	-1.92417405500157	0.124325526183442	72	72	2.72507474134422e-24	1.66269053058828e-23
ko.K03229	Week_and_consortia	NS1_w9w10	2.43881145358799	0.157973676650418	72	52	3.12361865138339e-24	1.7004872227636e-23
ko.K22510	Week_and_consortia	NS1_w9w10	2.43881145358799	0.157973676650418	72	52	3.12361865138339e-24	1.7004872227636e-23
ko.K12139	Week_and_consortia	NS1_w9w10	2.43881145358799	0.157973676650418	72	52	3.12361865138339e-24	1.7004872227636e-23
ko.K11920	Week_and_consortia	NS1_w9w10	2.43881145358799	0.157973676650418	72	52	3.12361865138339e-24	1.7004872227636e-23
ko.K22506	Week_and_consortia	NS1_w9w10	2.43881145358803	0.157973676650418	72	52	3.12361865138007e-24	1.7004872227636e-23
ko.K15835	Week_and_consortia	NS1_w9w10	2.43881145358803	0.157973676650418	72	52	3.12361865138007e-24	1.7004872227636e-23
ko.K00823	Week_and_consortia	NS1_w9w10	2.43969857103616	0.1577555285013	72	52	2.84090959124706e-24	1.7004872227636e-23
ko.K12146	Week_and_consortia	NS1_w9w10	2.43881145358803	0.157973676650418	72	52	3.12361865138007e-24	1.7004872227636e-23
ko.K18652	Week_and_consortia	NS1_w9w10	2.43881145358803	0.157973676650418	72	52	3.12361865138007e-24	1.7004872227636e-23
ko.K07352	Week_and_consortia	NS1_w9w10	2.43881145358805	0.157973676650418	72	52	3.12361865147391e-24	1.7004872227636e-23
ko.K07354	Week_and_consortia	NS1_w9w10	2.43881145358805	0.157973676650418	72	52	3.12361865147391e-24	1.7004872227636e-23
ko.K07356	Week_and_consortia	NS1_w9w10	2.43881145358805	0.157973676650418	72	52	3.12361865147391e-24	1.7004872227636e-23
ko.K07355	Week_and_consortia	NS1_w9w10	2.43881145358805	0.157973676650418	72	52	3.12361865147391e-24	1.7004872227636e-23
ko.K07688	Week_and_consortia	NS1_w9w10	2.43881145358805	0.157973676650418	72	52	3.12361865147391e-24	1.7004872227636e-23
ko.K03268	Week_and_consortia	NS1_w9w10	2.43881145358805	0.157973676650418	72	52	3.12361865147391e-24	1.7004872227636e-23
ko.K05817	Week_and_consortia	NS1_w9w10	2.43881145358805	0.157973676650418	72	52	3.12361865147391e-24	1.7004872227636e-23
ko.K08689	Week_and_consortia	NS1_w9w10	2.43881145358805	0.157973676650418	72	52	3.12361865147391e-24	1.7004872227636e-23
ko.K05708	Week_and_consortia	NS1_w9w10	2.43881145358805	0.157973676650418	72	52	3.12361865147391e-24	1.7004872227636e-23
ko.K03459	Week_and_consortia	NS1_w9w10	2.43881145358805	0.157973676650418	72	52	3.12361865147391e-24	1.7004872227636e-23
ko.K12145	Week_and_consortia	NS1_w9w10	2.43881145358805	0.157973676650418	72	52	3.12361865147391e-24	1.7004872227636e-23
ko.K12144	Week_and_consortia	NS1_w9w10	2.43881145358805	0.157973676650418	72	52	3.12361865147391e-24	1.7004872227636e-23
ko.K05709	Week_and_consortia	NS1_w9w10	2.43881145358805	0.157973676650418	72	52	3.12361865147391e-24	1.7004872227636e-23
ko.K18089	Week_and_consortia	NS1_w9w10	2.43881145358805	0.157973676650418	72	52	3.12361865147391e-24	1.7004872227636e-23
ko.K18087	Week_and_consortia	NS1_w9w10	2.43881145358805	0.157973676650418	72	52	3.12361865147391e-24	1.7004872227636e-23
ko.K05711	Week_and_consortia	NS1_w9w10	2.43881145358805	0.157973676650418	72	52	3.12361865147391e-24	1.7004872227636e-23
ko.K18227	Week_and_consortia	NS1_w9w10	2.43881145358805	0.157973676650418	72	52	3.12361865147391e-24	1.7004872227636e-23
ko.K12983	Week_and_consortia	NS1_w9w10	2.43881145358805	0.157973676650418	72	52	3.12361865147391e-24	1.7004872227636e-23
ko.K14750	Week_and_consortia	NS1_w9w10	2.43881145358805	0.157973676650418	72	52	3.12361865147391e-24	1.7004872227636e-23
ko.K05710	Week_and_consortia	NS1_w9w10	2.43881145358805	0.157973676650418	72	52	3.12361865147391e-24	1.7004872227636e-23
ko.K14582	Week_and_consortia	NS1_w9w10	2.43881145358805	0.157973676650418	72	52	3.12361865147391e-24	1.7004872227636e-23
ko.K00529	Week_and_consortia	NS1_w9w10	2.43881145358805	0.157973676650418	72	52	3.12361865147391e-24	1.7004872227636e-23
ko.K18531	Week_and_consortia	NS1_w9w10	2.43881145358805	0.157973676650418	72	52	3.12361865147391e-24	1.7004872227636e-23
ko.K02379	Week_and_consortia	NS1_w9w10	2.16256779365132	0.140026988528426	72	72	3.05999983107085e-24	1.7004872227636e-23
ko.K18479	Week_and_consortia	NS1_w9w10	2.43881145358805	0.157973676650418	72	52	3.12361865147391e-24	1.7004872227636e-23
ko.K11530	Week_and_consortia	NS1_w9w10	2.43881145358805	0.157973676650418	72	52	3.12361865147391e-24	1.7004872227636e-23
ko.K07489	Week_and_consortia	NS1_w9w10	2.43881145358805	0.157973676650418	72	52	3.12361865147391e-24	1.7004872227636e-23
ko.K03791	Week_and_consortia	NS1_w9w10	2.43881145358805	0.157973676650418	72	52	3.12361865147391e-24	1.7004872227636e-23
ko.K15383	Week_and_consortia	NS1_w9w10	2.43881145358805	0.157973676650418	72	52	3.12361865147391e-24	1.7004872227636e-23
ko.K13409	Week_and_consortia	NS1_w9w10	2.43881145358805	0.157973676650418	72	52	3.12361865147391e-24	1.7004872227636e-23
ko.K13408	Week_and_consortia	NS1_w9w10	2.43881145358805	0.157973676650418	72	52	3.12361865147391e-24	1.7004872227636e-23
ko.K18895	Week_and_consortia	NS1_w9w10	2.43881145358805	0.157973676650418	72	52	3.12361865147391e-24	1.7004872227636e-23
ko.K12519	Week_and_consortia	NS1_w9w10	2.43881145358805	0.157973676650418	72	52	3.12361865147391e-24	1.7004872227636e-23
ko.K12523	Week_and_consortia	NS1_w9w10	2.43881145358805	0.157973676650418	72	52	3.12361865147391e-24	1.7004872227636e-23
ko.K12521	Week_and_consortia	NS1_w9w10	2.43881145358805	0.157973676650418	72	52	3.12361865147391e-24	1.7004872227636e-23
ko.K03150	Week_and_consortia	NS1_w9w10	0.499714254369503	0.0323504276749203	72	72	3.02811007272059e-24	1.7004872227636e-23
ko.K19780	Week_and_consortia	NS1_w9w10	2.43881145358805	0.157973676650418	72	52	3.12361865147391e-24	1.7004872227636e-23
ko.K07804	Week_and_consortia	NS1_w9w10	2.43881145358805	0.157973676650418	72	52	3.12361865147391e-24	1.7004872227636e-23
ko.K11208	Week_and_consortia	NS1_w9w10	2.43881145358805	0.157973676650418	72	52	3.12361865147391e-24	1.7004872227636e-23
ko.K11178	Week_and_consortia	NS1_w9w10	2.43881145358805	0.157973676650418	72	52	3.12361865147391e-24	1.7004872227636e-23
ko.K11177	Week_and_consortia	NS1_w9w10	2.43881145358805	0.157973676650418	72	52	3.12361865147391e-24	1.7004872227636e-23
ko.K01725	Week_and_consortia	NS1_w9w10	2.43881145358805	0.157973676650418	72	52	3.12361865147391e-24	1.7004872227636e-23
ko.K11264	Week_and_consortia	NS1_w9w10	2.43881145358805	0.157973676650418	72	52	3.12361865147391e-24	1.7004872227636e-23
ko.K22214	Week_and_consortia	NS1_w9w10	2.43881145358805	0.157973676650418	72	52	3.12361865147391e-24	1.7004872227636e-23
ko.K13651	Week_and_consortia	NS1_w9w10	2.43881145358805	0.157973676650418	72	52	3.12361865147391e-24	1.7004872227636e-23
ko.K13655	Week_and_consortia	NS1_w9w10	2.43881145358805	0.157973676650418	72	52	3.12361865147391e-24	1.7004872227636e-23
ko.K02611	Week_and_consortia	NS1_w9w10	2.43881145358805	0.157973676650418	72	52	3.12361865147391e-24	1.7004872227636e-23
ko.K02613	Week_and_consortia	NS1_w9w10	2.43881145358805	0.157973676650418	72	52	3.12361865147391e-24	1.7004872227636e-23
ko.K01692	Week_and_consortia	NS1_w9w10	2.43881145358805	0.157973676650418	72	52	3.12361865147391e-24	1.7004872227636e-23
ko.K02615	Week_and_consortia	NS1_w9w10	2.43881145358805	0.157973676650418	72	52	3.12361865147391e-24	1.7004872227636e-23
ko.K02616	Week_and_consortia	NS1_w9w10	2.43881145358805	0.157973676650418	72	52	3.12361865147391e-24	1.7004872227636e-23
ko.K11531	Week_and_consortia	NS1_w9w10	2.43881145358805	0.157973676650418	72	52	3.12361865147391e-24	1.7004872227636e-23
ko.K02612	Week_and_consortia	NS1_w9w10	2.43881145358805	0.157973676650418	72	52	3.12361865147391e-24	1.7004872227636e-23
ko.K02610	Week_and_consortia	NS1_w9w10	2.43881145358805	0.157973676650418	72	52	3.12361865147391e-24	1.7004872227636e-23
ko.K02609	Week_and_consortia	NS1_w9w10	2.43881145358805	0.157973676650418	72	52	3.12361865147391e-24	1.7004872227636e-23
ko.K00276	Week_and_consortia	NS1_w9w10	2.43881145358805	0.157973676650418	72	52	3.12361865147391e-24	1.7004872227636e-23
ko.K02618	Week_and_consortia	NS1_w9w10	2.43881145358805	0.157973676650418	72	52	3.12361865147391e-24	1.7004872227636e-23
ko.K06146	Week_and_consortia	NS1_w9w10	2.43881145358805	0.157973676650418	72	52	3.12361865147391e-24	1.7004872227636e-23
ko.K00455	Week_and_consortia	NS1_w9w10	2.43881145358805	0.157973676650418	72	52	3.12361865147391e-24	1.7004872227636e-23
ko.K01434	Week_and_consortia	NS1_w9w10	2.43881145358805	0.157973676650418	72	52	3.12361865147391e-24	1.7004872227636e-23
ko.K02508	Week_and_consortia	NS1_w9w10	2.43881145358805	0.157973676650418	72	52	3.12361865147391e-24	1.7004872227636e-23
ko.K02511	Week_and_consortia	NS1_w9w10	2.43881145358805	0.157973676650418	72	52	3.12361865147391e-24	1.7004872227636e-23
ko.K01826	Week_and_consortia	NS1_w9w10	2.43881145358805	0.157973676650418	72	52	3.12361865147391e-24	1.7004872227636e-23
ko.K09473	Week_and_consortia	NS1_w9w10	2.43881145358805	0.157973676650418	72	52	3.12361865147391e-24	1.7004872227636e-23
ko.K09470	Week_and_consortia	NS1_w9w10	2.43881145358805	0.157973676650418	72	52	3.12361865147391e-24	1.7004872227636e-23
ko.K14056	Week_and_consortia	NS1_w9w10	2.43881145358805	0.157973676650418	72	52	3.12361865147391e-24	1.7004872227636e-23
ko.K09471	Week_and_consortia	NS1_w9w10	2.43881145358805	0.157973676650418	72	52	3.12361865147391e-24	1.7004872227636e-23
ko.K22443	Week_and_consortia	NS1_w9w10	2.43881145358805	0.157973676650418	72	52	3.12361865147391e-24	1.7004872227636e-23
ko.K22444	Week_and_consortia	NS1_w9w10	2.43881145358805	0.157973676650418	72	52	3.12361865147391e-24	1.7004872227636e-23
ko.K00499	Week_and_consortia	NS1_w9w10	2.43881145358805	0.157973676650418	72	52	3.12361865147391e-24	1.7004872227636e-23
ko.K02771	Week_and_consortia	NS1_w9w10	2.43881145358805	0.157973676650418	72	52	3.12361865147391e-24	1.7004872227636e-23
ko.K03230	Week_and_consortia	NS1_w9w10	2.43881145358805	0.157973676650418	72	52	3.12361865147391e-24	1.7004872227636e-23
ko.K03225	Week_and_consortia	NS1_w9w10	2.43881145358805	0.157973676650418	72	52	3.12361865147391e-24	1.7004872227636e-23
ko.K22514	Week_and_consortia	NS1_w9w10	2.43881145358805	0.157973676650418	72	52	3.12361865147391e-24	1.7004872227636e-23
ko.K03226	Week_and_consortia	NS1_w9w10	2.43881145358805	0.157973676650418	72	52	3.12361865147391e-24	1.7004872227636e-23
ko.K22507	Week_and_consortia	NS1_w9w10	2.43881145358805	0.157973676650418	72	52	3.12361865147391e-24	1.7004872227636e-23
ko.K22508	Week_and_consortia	NS1_w9w10	2.43881145358805	0.157973676650418	72	52	3.12361865147391e-24	1.7004872227636e-23
ko.K03228	Week_and_consortia	NS1_w9w10	2.43881145358805	0.157973676650418	72	52	3.12361865147391e-24	1.7004872227636e-23
ko.K22509	Week_and_consortia	NS1_w9w10	2.43881145358805	0.157973676650418	72	52	3.12361865147391e-24	1.7004872227636e-23
ko.K08087	Week_and_consortia	NS1_w9w10	2.43881145358805	0.157973676650418	72	52	3.12361865147391e-24	1.7004872227636e-23
ko.K22488	Week_and_consortia	NS1_w9w10	2.43881145358805	0.157973676650418	72	52	3.12361865147391e-24	1.7004872227636e-23
ko.K03221	Week_and_consortia	NS1_w9w10	2.43881145358805	0.157973676650418	72	52	3.12361865147391e-24	1.7004872227636e-23
ko.K22505	Week_and_consortia	NS1_w9w10	2.43881145358805	0.157973676650418	72	52	3.12361865147391e-24	1.7004872227636e-23
ko.K22486	Week_and_consortia	NS1_w9w10	2.43881145358805	0.157973676650418	72	52	3.12361865147391e-24	1.7004872227636e-23
ko.K18015	Week_and_consortia	NS1_w9w10	2.43881145358805	0.157973676650418	72	52	3.12361865147391e-24	1.7004872227636e-23
ko.K16325	Week_and_consortia	NS1_w9w10	2.43881145358805	0.157973676650418	72	52	3.12361865147391e-24	1.7004872227636e-23
ko.K19092	Week_and_consortia	NS1_w9w10	2.43881145358805	0.157973676650418	72	52	3.12361865147391e-24	1.7004872227636e-23
ko.K12685	Week_and_consortia	NS1_w9w10	2.58230001158639	0.166152277992082	72	72	3.11496656914269e-24	1.7004872227636e-23
ko.K07062	Week_and_consortia	NS1_w9w10	2.58230001158639	0.166152277992082	72	72	3.11496656914269e-24	1.7004872227636e-23
ko.K13527	Week_and_consortia	NS1_w9w10	2.58236412589835	0.16614088585673	72	72	3.09934118940488e-24	1.7004872227636e-23
ko.K16850	Week_and_consortia	NS1_w9w10	-1.96880722886897	0.12745551668648	72	72	3.02703194784805e-24	1.7004872227636e-23
ko.K01662	Week_and_consortia	NS1_w9w10	0.258806959759075	0.0168065930748299	72	72	3.58289456529629e-24	1.9484158604819e-23
ko.K01761	Week_and_consortia	NS1_w9w10	1.31811497261642	0.0856243085901376	72	72	3.64614086059445e-24	1.9806778094326e-23
ko.K01938	Week_and_consortia	NS1_w9w10	0.178067490421623	0.0115747519886625	72	72	3.77746953800875e-24	2.04981483415899e-23
ko.K00041	Week_and_consortia	NS1_w9w10	0.606756535575149	0.0394808001062969	72	72	3.99302556806794e-24	2.16445978217588e-23
ko.K01684	Week_and_consortia	NS1_w9w10	1.15521943666849	0.0752550062557434	72	72	4.24984058555584e-24	2.30119985404374e-23
ko.K01198	Week_and_consortia	NS1_w9w10	-0.876099259642422	0.0570986418910538	72	72	4.3580648537276e-24	2.35727447976786e-23
ko.K03410	Week_and_consortia	NS1_w9w10	-1.38957328613847	0.0906036332953926	72	72	4.46352669194136e-24	2.40915991962476e-23
ko.K03411	Week_and_consortia	NS1_w9w10	-1.38957328613847	0.0906036332953926	72	72	4.46352669194136e-24	2.40915991962476e-23
ko.K02614	Week_and_consortia	NS1_w9w10	0.816935462585754	0.0533093901113677	72	72	4.66370524080062e-24	2.51451855672622e-23
ko.K19309	Week_and_consortia	NS1_w9w10	-1.72458049712289	0.112777091368892	72	72	5.23120241044986e-24	2.81748769483931e-23
ko.K07074	Week_and_consortia	NS1_w9w10	-1.57387247002978	0.103088564474213	72	72	5.71012477084861e-24	3.07215658597734e-23
ko.K03469	Week_and_consortia	NS1_w9w10	0.639594363756847	0.041894692180065	72	72	5.71967248885539e-24	3.07401972486143e-23
ko.K07665	Week_and_consortia	NS1_w9w10	1.05365694758628	0.0690411721318939	72	72	5.83075000632638e-24	3.10185797978608e-23
ko.K02416	Week_and_consortia	NS1_w9w10	-1.27129242449334	0.0833023587132485	72	72	5.83286833095166e-24	3.10185797978608e-23
ko.K02409	Week_and_consortia	NS1_w9w10	-1.27129242449334	0.0833023587132485	72	72	5.83286833095166e-24	3.10185797978608e-23
ko.K02410	Week_and_consortia	NS1_w9w10	-1.27129242449334	0.0833023587132485	72	72	5.83286833095166e-24	3.10185797978608e-23
ko.K02412	Week_and_consortia	NS1_w9w10	-1.27129242449334	0.0833023587132485	72	72	5.83286833095166e-24	3.10185797978608e-23
ko.K02556	Week_and_consortia	NS1_w9w10	-1.27129242449334	0.0833023587132485	72	72	5.83286833095166e-24	3.10185797978608e-23
ko.K02401	Week_and_consortia	NS1_w9w10	-1.27129242449334	0.0833023587132485	72	72	5.83286833095166e-24	3.10185797978608e-23
ko.K02405	Week_and_consortia	NS1_w9w10	-1.27129242449334	0.0833023587132485	72	72	5.83286833095166e-24	3.10185797978608e-23
ko.K02387	Week_and_consortia	NS1_w9w10	-1.27129242449334	0.0833023587132485	72	72	5.83286833095166e-24	3.10185797978608e-23
ko.K01173	Week_and_consortia	NS1_w9w10	1.21298769458375	0.0794774094819586	72	72	5.8150883641791e-24	3.10185797978608e-23
ko.K19506	Week_and_consortia	NS1_w9w10	1.62897554898288	0.106770171797294	72	72	5.92322740746331e-24	3.14659777734013e-23
ko.K02334	Week_and_consortia	NS1_w9w10	1.5824545268231	0.103057722607511	72	72	5.94005439098433e-24	3.15222214109799e-23
ko.K01910	Week_and_consortia	NS1_w9w10	1.66986366512959	0.109478971122093	72	72	6.00807854001945e-24	3.18497510851818e-23
ko.K00087	Week_and_consortia	NS1_w9w10	1.44449962335842	0.0947769707072277	72	72	6.26427910339037e-24	3.31731006607213e-23
ko.K06926	Week_and_consortia	NS1_w9w10	-1.05604979099704	0.069343129859783	72	72	6.52964950354499e-24	3.45421877402192e-23
ko.K01026	Week_and_consortia	NS1_w9w10	1.3713333548038	0.0900595346478546	72	72	6.58476910189414e-24	3.47973362999678e-23
ko.K11041	Week_and_consortia	NS1_w9w10	-2.87283288307588	0.187441008656349	72	72	6.59757501773581e-24	3.4828577836574e-23
ko.K09768	Week_and_consortia	NS1_w9w10	-1.47124557693858	0.0966463369244562	72	72	6.6783915485977e-24	3.51922437567412e-23
ko.K01466	Week_and_consortia	NS1_w9w10	1.86608167359078	0.122583859316682	72	72	6.68039623173294e-24	3.51922437567412e-23
ko.K01421	Week_and_consortia	NS1_w9w10	-1.18115639453249	0.0776979807692961	72	72	7.19723469858104e-24	3.78754476012827e-23
ko.K02400	Week_and_consortia	NS1_w9w10	-1.17747489118484	0.0769760657216454	72	72	7.25026584487953e-24	3.81148210700639e-23
ko.K03413	Week_and_consortia	NS1_w9w10	-0.655891309022817	0.0431693269503131	72	72	7.4160062761772e-24	3.89455963692798e-23
ko.K07659	Week_and_consortia	NS1_w9w10	-1.87006127873534	0.122528447386067	72	72	8.23287968021834e-24	4.31905588208339e-23
ko.K01195	Week_and_consortia	NS1_w9w10	1.60762133960548	0.106218845245969	72	72	9.12856995312222e-24	4.78397670157401e-23
ko.K01304	Week_and_consortia	NS1_w9w10	-2.83154919756177	0.185961654837282	72	72	9.32256309267917e-24	4.88057914447825e-23
ko.K15519	Week_and_consortia	NS1_w9w10	4.47328745587703	0.295759149301162	72	52	9.4668704832784e-24	4.92550254186637e-23
ko.K06994	Week_and_consortia	NS1_w9w10	4.47328745587703	0.295759149301162	72	52	9.4668704832784e-24	4.92550254186637e-23
ko.K07723	Week_and_consortia	NS1_w9w10	4.47328745587703	0.295759149301162	72	52	9.4668704832784e-24	4.92550254186637e-23
ko.K07800	Week_and_consortia	NS1_w9w10	4.47328745587703	0.295759149301162	72	52	9.4668704832784e-24	4.92550254186637e-23
ko.K11693	Week_and_consortia	NS1_w9w10	4.47328745587703	0.295759149301162	72	52	9.4668704832784e-24	4.92550254186637e-23
ko.K05363	Week_and_consortia	NS1_w9w10	4.47328745587703	0.295759149301162	72	52	9.4668704832784e-24	4.92550254186637e-23
ko.K00086	Week_and_consortia	NS1_w9w10	4.47099865635541	0.295750308268163	72	52	9.71560653322558e-24	4.94292489597477e-23
ko.K04076	Week_and_consortia	NS1_w9w10	4.47099865635541	0.295750308268163	72	52	9.71560653322558e-24	4.94292489597477e-23
ko.K11059	Week_and_consortia	NS1_w9w10	4.47099865635541	0.295750308268163	72	52	9.71560653322558e-24	4.94292489597477e-23
ko.K09137	Week_and_consortia	NS1_w9w10	4.47099865635539	0.295750308268162	72	52	9.71560653543734e-24	4.94292489597477e-23
ko.K08168	Week_and_consortia	NS1_w9w10	4.47099865635539	0.295750308268162	72	52	9.71560653543734e-24	4.94292489597477e-23
ko.K11061	Week_and_consortia	NS1_w9w10	4.47099865635539	0.295750308268162	72	52	9.71560653543734e-24	4.94292489597477e-23
ko.K05873	Week_and_consortia	NS1_w9w10	4.47099865635539	0.295750308268162	72	52	9.71560653543734e-24	4.94292489597477e-23
ko.K16619	Week_and_consortia	NS1_w9w10	4.47099865635539	0.295750308268162	72	52	9.71560653543734e-24	4.94292489597477e-23
ko.K21480	Week_and_consortia	NS1_w9w10	4.47099865635539	0.295750308268162	72	52	9.71560653543734e-24	4.94292489597477e-23
ko.K19088	Week_and_consortia	NS1_w9w10	4.47099865635539	0.295750308268162	72	52	9.71560653543734e-24	4.94292489597477e-23
ko.K19075	Week_and_consortia	NS1_w9w10	4.47099865635539	0.295750308268162	72	52	9.71560653543734e-24	4.94292489597477e-23
ko.K08587	Week_and_consortia	NS1_w9w10	4.47099865635539	0.295750308268162	72	52	9.71560653543734e-24	4.94292489597477e-23
ko.K00830	Week_and_consortia	NS1_w9w10	4.47099865635539	0.295750308268162	72	52	9.71560653543734e-24	4.94292489597477e-23
ko.K19090	Week_and_consortia	NS1_w9w10	4.47099865635539	0.295750308268162	72	52	9.71560653543734e-24	4.94292489597477e-23
ko.K07076	Week_and_consortia	NS1_w9w10	4.47099865635539	0.295750308268162	72	52	9.71560653543734e-24	4.94292489597477e-23
ko.K06436	Week_and_consortia	NS1_w9w10	4.47099865635539	0.295750308268162	72	52	9.71560653543734e-24	4.94292489597477e-23
ko.K13282	Week_and_consortia	NS1_w9w10	4.47099865635539	0.295750308268162	72	52	9.71560653543734e-24	4.94292489597477e-23
ko.K03802	Week_and_consortia	NS1_w9w10	4.47099865635539	0.295750308268162	72	52	9.71560653543734e-24	4.94292489597477e-23
ko.K00532	Week_and_consortia	NS1_w9w10	4.47099865635539	0.295750308268162	72	52	9.71560653543734e-24	4.94292489597477e-23
ko.K16783	Week_and_consortia	NS1_w9w10	4.47099865635539	0.295750308268162	72	52	9.71560653543734e-24	4.94292489597477e-23
ko.K02664	Week_and_consortia	NS1_w9w10	4.47099865635539	0.295750308268162	72	52	9.71560653543734e-24	4.94292489597477e-23
ko.K00209	Week_and_consortia	NS1_w9w10	4.47099865635539	0.295750308268162	72	52	9.71560653543734e-24	4.94292489597477e-23
ko.K01611	Week_and_consortia	NS1_w9w10	-1.8775470694939	0.124526704903697	72	72	1.12039313889963e-23	5.69439249267699e-23
ko.K03169	Week_and_consortia	NS1_w9w10	0.412386569347608	0.0273699599802877	72	72	1.16247548775591e-23	5.9023378534099e-23
ko.K07791	Week_and_consortia	NS1_w9w10	0.858437396038317	0.057000758416059	72	72	1.19194224330055e-23	6.04587571601848e-23
ko.K02107	Week_and_consortia	NS1_w9w10	0.989757803681659	0.0657386027806867	72	72	1.20969450640808e-23	6.12976594420623e-23
ko.K19115	Week_and_consortia	NS1_w9w10	-1.1358052228624	0.0756730998965193	72	72	1.42865169939674e-23	7.2320124101727e-23
ko.K08068	Week_and_consortia	NS1_w9w10	2.3832973115977	0.158821010342414	72	72	1.44498756184508e-23	7.30738454698833e-23
ko.K03322	Week_and_consortia	NS1_w9w10	0.800632275670402	0.0533645350636482	72	72	1.46111830930122e-23	7.38156969858974e-23
ko.K04069	Week_and_consortia	NS1_w9w10	-0.205799686884679	0.0137228190289744	72	72	1.49376606176953e-23	7.53896717688278e-23
ko.K03493	Week_and_consortia	NS1_w9w10	1.88776251850532	0.126021598552398	72	50	1.58865094531179e-23	8.00984488594329e-23
ko.K19126	Week_and_consortia	NS1_w9w10	2.02267793055294	0.134380303404245	72	52	1.71787976219179e-23	8.61839976027104e-23
ko.K19125	Week_and_consortia	NS1_w9w10	2.02267793055294	0.134380303404245	72	52	1.71787976219179e-23	8.61839976027104e-23
ko.K19124	Week_and_consortia	NS1_w9w10	2.02267793055294	0.134380303404245	72	52	1.71787976219179e-23	8.61839976027104e-23
ko.K19123	Week_and_consortia	NS1_w9w10	2.02267793055294	0.134380303404245	72	52	1.71787976219179e-23	8.61839976027104e-23
ko.K19046	Week_and_consortia	NS1_w9w10	2.02267793055294	0.134380303404245	72	52	1.71787976219179e-23	8.61839976027104e-23
ko.K07154	Week_and_consortia	NS1_w9w10	0.866471460861191	0.0580188367220066	72	72	1.86877255894172e-23	9.36611008707698e-23
ko.K07095	Week_and_consortia	NS1_w9w10	-0.118183794674653	0.00792632464231065	72	72	2.0368267112397e-23	1.01982641676739e-22
ko.K15583	Week_and_consortia	NS1_w9w10	-0.592094867228779	0.0394638708713373	72	72	2.03909815314475e-23	1.01995285838488e-22
ko.K10548	Week_and_consortia	NS1_w9w10	1.60157376574268	0.107478172870381	72	72	2.10291612321818e-23	1.05083405089003e-22
ko.K07001	Week_and_consortia	NS1_w9w10	0.421001362290576	0.0282592040478684	72	72	2.12976869557157e-23	1.06320073616873e-22
ko.K02783	Week_and_consortia	NS1_w9w10	-2.65621824168781	0.17872242692013	72	72	2.4200598829391e-23	1.20692423776983e-22
ko.K07456	Week_and_consortia	NS1_w9w10	0.534453785921875	0.0360244893241462	72	72	2.66099240211014e-23	1.3257725459034e-22
ko.K18345	Week_and_consortia	NS1_w9w10	-1.2952978446414	0.0874337461133166	72	72	2.87209475478917e-23	1.42953918238373e-22
ko.K02192	Week_and_consortia	NS1_w9w10	1.90439501921856	0.128693951412535	72	72	3.05070217951588e-23	1.51694364280652e-22
ko.K07714	Week_and_consortia	NS1_w9w10	1.53606719150802	0.103942894556767	72	72	3.27700278472083e-23	1.62786804999112e-22
ko.K19355	Week_and_consortia	NS1_w9w10	1.58864866397252	0.107109807296229	72	72	3.73957416296837e-23	1.85582796378352e-22
ko.K03530	Week_and_consortia	NS1_w9w10	0.314883476074495	0.0213790497832076	72	72	3.91585751648568e-23	1.9414045312351e-22
ko.K07067	Week_and_consortia	NS1_w9w10	3.61833199929439	0.245786010103284	72	69	4.017911854916e-23	1.99004810696428e-22
ko.K11102	Week_and_consortia	NS1_w9w10	1.79618232699968	0.122089515761931	72	72	4.15754223034996e-23	2.05718935824956e-22
ko.K07792	Week_and_consortia	NS1_w9w10	0.839952849641933	0.0571206958888795	72	72	4.26605014818531e-23	2.1088146133691e-22
ko.K01621	Week_and_consortia	NS1_w9w10	-1.14982391956628	0.0783277919290671	72	72	4.67339851308771e-23	2.30791879649258e-22
ko.K01194	Week_and_consortia	NS1_w9w10	-1.89244498717892	0.128965637631127	72	72	4.76927978608722e-23	2.35296889446412e-22
ko.K06928	Week_and_consortia	NS1_w9w10	-1.28451016487273	0.0876251204392067	72	72	5.0328357214543e-23	2.48057425022313e-22
ko.K10546	Week_and_consortia	NS1_w9w10	1.58447518756632	0.108220659678974	72	72	5.37165109749978e-23	2.64498843514317e-22
ko.K01589	Week_and_consortia	NS1_w9w10	-1.57602440128267	0.106994894016272	72	72	5.43000234905589e-23	2.67111702701367e-22
ko.K06182	Week_and_consortia	NS1_w9w10	-0.853144710893421	0.0583060082326577	72	72	5.54879276965283e-23	2.72689699146752e-22
ko.K06895	Week_and_consortia	NS1_w9w10	1.51601982601004	0.103664040207599	72	72	5.70853542149763e-23	2.80267453346997e-22
ko.K00702	Week_and_consortia	NS1_w9w10	1.15778503504938	0.0791795847712806	72	72	5.75189743986819e-23	2.82122192875865e-22
ko.K10201	Week_and_consortia	NS1_w9w10	-4.38768435336418	0.300175687561344	72	72	5.86155956067687e-23	2.87222103787968e-22
ko.K11529	Week_and_consortia	NS1_w9w10	-1.46271803799081	0.100213616068004	72	72	6.32638910165097e-23	3.09698815325007e-22
ko.K05845	Week_and_consortia	NS1_w9w10	-1.11989348865282	0.076815841780326	72	72	6.73027067304271e-23	3.29151282093047e-22
ko.K09825	Week_and_consortia	NS1_w9w10	0.351524766438303	0.0241331738776983	72	72	7.05283321372625e-23	3.44592972879546e-22
ko.K18704	Week_and_consortia	NS1_w9w10	-4.44718897763651	0.305430125606199	72	62	7.19835940463993e-23	3.5102424432665e-22
ko.K21030	Week_and_consortia	NS1_w9w10	-4.44718897763651	0.305430125606199	72	62	7.19835940463993e-23	3.5102424432665e-22
ko.K16963	Week_and_consortia	NS1_w9w10	1.60290115736508	0.110110443912045	72	72	7.28250751384992e-23	3.54785226229217e-22
ko.K02414	Week_and_consortia	NS1_w9w10	-1.28539065151939	0.0884265311738383	72	72	7.85853467564158e-23	3.82478970918509e-22
ko.K01838	Week_and_consortia	NS1_w9w10	-2.3570760507875	0.162315726303032	72	72	8.28997806211516e-23	4.03089212413915e-22
ko.K16169	Week_and_consortia	NS1_w9w10	-3.09118465052471	0.211595403145805	72	72	8.37076727199896e-23	4.06626117866719e-22
ko.K05340	Week_and_consortia	NS1_w9w10	0.806147210850956	0.0555288194246234	72	72	8.40880337473732e-23	4.0808140873365e-22
ko.K01448	Week_and_consortia	NS1_w9w10	0.225887194390016	0.0156331215798768	72	72	1.07851055278776e-22	5.22901661485966e-22
ko.K01178	Week_and_consortia	NS1_w9w10	-1.38937461935924	0.0961664789108498	72	72	1.08510377514867e-22	5.25593889937781e-22
ko.K18214	Week_and_consortia	NS1_w9w10	4.36830408967649	0.302376837740418	72	53	1.0892304796515e-22	5.26583003176972e-22
ko.K15973	Week_and_consortia	NS1_w9w10	4.36830408967649	0.302376837740418	72	53	1.0892304796515e-22	5.26583003176972e-22
ko.K07124	Week_and_consortia	NS1_w9w10	-0.611573387857937	0.042357029963861	72	72	1.12156156667324e-22	5.41694936408527e-22
ko.K00060	Week_and_consortia	NS1_w9w10	-0.80179064653665	0.0552137902142996	72	72	1.13689102326093e-22	5.48574350478914e-22
ko.K00176	Week_and_consortia	NS1_w9w10	0.29508807829828	0.0204589125764614	72	72	1.1849943591412e-22	5.7123964717379e-22
ko.K02756	Week_and_consortia	NS1_w9w10	-1.2592947754501	0.0873205879532656	72	72	1.19340378212909e-22	5.74197705458681e-22
ko.K02757	Week_and_consortia	NS1_w9w10	-1.2592947754501	0.0873205879532656	72	72	1.19340378212909e-22	5.74197705458681e-22
ko.K06132	Week_and_consortia	NS1_w9w10	-1.19990053626887	0.0832902188436309	72	72	1.26170616443569e-22	6.06483305683073e-22
ko.K03735	Week_and_consortia	NS1_w9w10	1.18837678110633	0.0828130403245706	72	72	1.54899982071008e-22	7.43873297930352e-22
ko.K13252	Week_and_consortia	NS1_w9w10	-2.38655306180167	0.166445673134009	72	70	1.61724886047053e-22	7.75211337474347e-22
ko.K16925	Week_and_consortia	NS1_w9w10	0.847665856185729	0.0591189206789776	72	72	1.6173253161084e-22	7.75211337474347e-22
ko.K03563	Week_and_consortia	NS1_w9w10	-1.19528546812071	0.0833775671650133	72	72	1.63219711031326e-22	7.81598085431527e-22
ko.K13017	Week_and_consortia	NS1_w9w10	-1.96812003623988	0.13730563411717	72	17	1.64390958784893e-22	7.83493513001208e-22
ko.K09123	Week_and_consortia	NS1_w9w10	-1.96812003623988	0.13730563411717	72	17	1.64390958784893e-22	7.83493513001208e-22
ko.K09128	Week_and_consortia	NS1_w9w10	-1.96812003623988	0.13730563411717	72	17	1.64390958784893e-22	7.83493513001208e-22
ko.K11890	Week_and_consortia	NS1_w9w10	-1.96812003623988	0.13730563411717	72	17	1.64390958784893e-22	7.83493513001208e-22
ko.K15511	Week_and_consortia	NS1_w9w10	-1.96812003623988	0.13730563411717	72	17	1.64390958784893e-22	7.83493513001208e-22
ko.K06213	Week_and_consortia	NS1_w9w10	0.569673393020054	0.039771818889826	72	72	1.70718381976353e-22	8.12883379589571e-22
ko.K22306	Week_and_consortia	NS1_w9w10	2.00740687350227	0.140265508601506	72	72	1.78429496228146e-22	8.48800202396038e-22
ko.K15585	Week_and_consortia	NS1_w9w10	1.38485806603863	0.0968134882008429	72	72	1.83122130065149e-22	8.70303858033052e-22
ko.K22205	Week_and_consortia	NS1_w9w10	-1.85940068245266	0.130030957433041	72	72	1.863128178409e-22	8.84635672680666e-22
ko.K01429	Week_and_consortia	NS1_w9w10	-1.48404723017235	0.10379120400071	72	72	1.87192661729787e-22	8.8797871085341e-22
ko.K01494	Week_and_consortia	NS1_w9w10	-1.11076269771636	0.0773414229646893	72	72	2.02553469270923e-22	9.5976851255792e-22
ko.K11618	Week_and_consortia	NS1_w9w10	-3.04292075042112	0.211853302187318	72	72	2.02706453463836e-22	9.5976851255792e-22
ko.K00526	Week_and_consortia	NS1_w9w10	-0.730308282058017	0.0511874965625573	72	72	2.09779594049372e-22	9.92328192076242e-22
ko.K00001	Week_and_consortia	NS1_w9w10	-0.495663050725249	0.0347480364936376	72	72	2.11966324287763e-22	1.00079800962783e-21
ko.K00335	Week_and_consortia	NS1_w9w10	0.307776289184208	0.0214463546859675	72	72	2.11945645041101e-22	1.00079800962783e-21
ko.K02392	Week_and_consortia	NS1_w9w10	-1.24534720067866	0.0873652756101873	72	72	2.19891096952228e-22	1.03627781884576e-21
ko.K02390	Week_and_consortia	NS1_w9w10	-1.24534720067866	0.0873652756101873	72	72	2.19891096952228e-22	1.03627781884576e-21
ko.K02744	Week_and_consortia	NS1_w9w10	-1.15443476444738	0.0810308671420147	72	72	2.26140341412896e-22	1.06473532601859e-21
ko.K22230	Week_and_consortia	NS1_w9w10	-0.886666538568846	0.0622805945946895	72	72	2.34777876621345e-22	1.10437414589482e-21
ko.K06905	Week_and_consortia	NS1_w9w10	-1.74727057725446	0.122777584973863	72	72	2.39530122609778e-22	1.1256801669066e-21
ko.K00847	Week_and_consortia	NS1_w9w10	0.181486848606623	0.0127532762345963	72	72	2.40040454735877e-22	1.12703009045135e-21
ko.K02755	Week_and_consortia	NS1_w9w10	-1.24283229720028	0.0873481826612442	72	72	2.41917804847469e-22	1.13478992580261e-21
ko.K01523	Week_and_consortia	NS1_w9w10	0.898773225746193	0.0631758218041906	72	72	2.43654100125901e-22	1.14187431710209e-21
ko.K06726	Week_and_consortia	NS1_w9w10	1.37791432396773	0.0969781364876501	72	72	2.60346147873205e-22	1.21897010107083e-21
ko.K01683	Week_and_consortia	NS1_w9w10	1.29444652277038	0.0912761660628288	72	72	2.87370421508407e-22	1.34425497172266e-21
ko.K20444	Week_and_consortia	NS1_w9w10	-1.13117235025208	0.0797859407929052	72	72	2.9169412344473e-22	1.36321804962329e-21
ko.K10536	Week_and_consortia	NS1_w9w10	0.322571865363372	0.0227865170875115	72	72	3.15519259382248e-22	1.47320083031342e-21
ko.K06395	Week_and_consortia	NS1_w9w10	-0.973506889568856	0.0688156777702801	72	72	3.26964030237172e-22	1.52522832941661e-21
ko.K19504	Week_and_consortia	NS1_w9w10	-3.00849876569414	0.211541405510069	72	72	3.38660669575463e-22	1.5783336740731e-21
ko.K12137	Week_and_consortia	NS1_w9w10	-0.870117589803467	0.0615849762387665	72	72	3.49197738120938e-22	1.62594191058708e-21
ko.K02388	Week_and_consortia	NS1_w9w10	-1.12189991589298	0.0795500512522497	72	72	3.83855416041036e-22	1.78566994644504e-21
ko.K21009	Week_and_consortia	NS1_w9w10	-1.9591021825957	0.138943160112253	72	72	3.88189947165984e-22	1.80417259713206e-21
ko.K10708	Week_and_consortia	NS1_w9w10	-2.32149130170429	0.164820341263833	72	72	4.10353974990363e-22	1.90543040592952e-21
ko.K15855	Week_and_consortia	NS1_w9w10	-1.95508434902585	0.139049059693228	72	72	4.49360093582507e-22	2.08463470411279e-21
ko.K03073	Week_and_consortia	NS1_w9w10	-0.513398290448543	0.0365211105584437	72	72	4.54060468809337e-22	2.10450778754566e-21
ko.K00560	Week_and_consortia	NS1_w9w10	0.332876068108441	0.0235440895636935	72	72	4.55769339127267e-22	2.11049193517044e-21
ko.K12684	Week_and_consortia	NS1_w9w10	-2.83217483450221	0.2016826365547	72	72	4.79670615308494e-22	2.21913548400963e-21
ko.K03686	Week_and_consortia	NS1_w9w10	0.158961342041223	0.0113288112946428	72	72	4.998240325428e-22	2.31025710192701e-21
ko.K11103	Week_and_consortia	NS1_w9w10	1.69575883159706	0.121086069668496	72	72	5.52387612549749e-22	2.55087954168312e-21
ko.K17716	Week_and_consortia	NS1_w9w10	1.09629147483525	0.0778317949275178	72	72	5.55181655820213e-22	2.5614408449349e-21
ko.K02782	Week_and_consortia	NS1_w9w10	-2.50415538820575	0.179384041988296	72	72	6.52183224653428e-22	3.00623143334773e-21
ko.K01755	Week_and_consortia	NS1_w9w10	0.152318752221807	0.0109607429536048	72	72	8.2395214617663e-22	3.79453622833576e-21
ko.K01081	Week_and_consortia	NS1_w9w10	0.346297927065018	0.0249684728162854	72	72	9.12116022277373e-22	4.19673055058769e-21
ko.K02182	Week_and_consortia	NS1_w9w10	1.8212208348466	0.131340732943495	72	72	9.22436341779191e-22	4.24035341098132e-21
ko.K01119	Week_and_consortia	NS1_w9w10	0.677244544472088	0.0488612134013257	72	72	9.42577641423808e-22	4.32900204043007e-21
ko.K15897	Week_and_consortia	NS1_w9w10	-1.57170456824852	0.113482723865008	72	72	9.81409650981632e-22	4.50325300341436e-21
ko.K02456	Week_and_consortia	NS1_w9w10	-1.18548229243959	0.0851170820676997	72	72	9.8539003582175e-22	4.51741421140788e-21
ko.K03406	Week_and_consortia	NS1_w9w10	-1.09443004215121	0.0790499755356651	72	72	9.99616285659678e-22	4.57847821863345e-21
ko.K20885	Week_and_consortia	NS1_w9w10	1.18868761622054	0.0854339080390532	72	72	1.04006840915196e-21	4.75944348101062e-21
ko.K04026	Week_and_consortia	NS1_w9w10	1.24835427747838	0.0902431198230243	72	72	1.0435430712538e-21	4.76670849545587e-21
ko.K04019	Week_and_consortia	NS1_w9w10	1.24835427747838	0.0902431198230243	72	72	1.0435430712538e-21	4.76670849545587e-21
ko.K05847	Week_and_consortia	NS1_w9w10	-1.06423811602736	0.0769951263507658	72	72	1.08752993334948e-21	4.96314473647837e-21
ko.K03476	Week_and_consortia	NS1_w9w10	-1.67791504110667	0.120745062351114	72	72	1.10549456328974e-21	5.04057629398897e-21
ko.K01208	Week_and_consortia	NS1_w9w10	-1.23890697035645	0.0896988317860619	72	72	1.13006324345306e-21	5.14795266539661e-21
ko.K00788	Week_and_consortia	NS1_w9w10	0.281309094545609	0.0204115909628517	72	72	1.26389664375957e-21	5.75243769754356e-21
ko.K00786	Week_and_consortia	NS1_w9w10	-3.08442183992953	0.222539662620236	72	72	1.26516045788876e-21	5.75300687061569e-21
ko.K03760	Week_and_consortia	NS1_w9w10	-1.63121477188621	0.11809671067183	72	72	1.50460834153883e-21	6.83568465958107e-21
ko.K19954	Week_and_consortia	NS1_w9w10	-2.39339557773672	0.173375212158991	72	72	1.54951176703055e-21	7.03336338458071e-21
ko.K10974	Week_and_consortia	NS1_w9w10	-1.27814726243946	0.0934829673472489	72	72	1.9016651623917e-21	8.62406858204925e-21
ko.K03824	Week_and_consortia	NS1_w9w10	-2.44921292542317	0.179239357886838	72	72	1.95973883040683e-21	8.87946239570879e-21
ko.K05970	Week_and_consortia	NS1_w9w10	0.365798273732613	0.0267975961776631	72	72	2.06578542887663e-21	9.35156629631249e-21
ko.K10027	Week_and_consortia	NS1_w9w10	2.67567737634716	0.195256333757915	72	52	2.26108371869431e-21	1.02264950285082e-20
ko.K07016	Week_and_consortia	NS1_w9w10	2.93815305351388	0.214617679892139	72	52	2.37619348450019e-21	1.03220374083429e-20
ko.K19138	Week_and_consortia	NS1_w9w10	2.93815305350728	0.214617679888038	72	52	2.37619348889605e-21	1.03220374083429e-20
ko.K19140	Week_and_consortia	NS1_w9w10	2.93815305350728	0.214617679888038	72	52	2.37619348889605e-21	1.03220374083429e-20
ko.K19139	Week_and_consortia	NS1_w9w10	2.93815305350728	0.214617679888038	72	52	2.37619348889605e-21	1.03220374083429e-20
ko.K03285	Week_and_consortia	NS1_w9w10	2.93815305350321	0.21461767988556	72	52	2.37619348390044e-21	1.03220374083429e-20
ko.K13040	Week_and_consortia	NS1_w9w10	2.93815305350322	0.214617679885558	72	52	2.37619347898041e-21	1.03220374083429e-20
ko.K15270	Week_and_consortia	NS1_w9w10	2.93815305350454	0.214617679886392	72	52	2.37619348844034e-21	1.03220374083429e-20
ko.K02280	Week_and_consortia	NS1_w9w10	2.93815305351388	0.214617679892139	72	52	2.37619348450019e-21	1.03220374083429e-20
ko.K21829	Week_and_consortia	NS1_w9w10	2.93815305350728	0.214617679888038	72	52	2.37619348889605e-21	1.03220374083429e-20
ko.K17950	Week_and_consortia	NS1_w9w10	2.93815305350728	0.214617679888038	72	52	2.37619348889605e-21	1.03220374083429e-20
ko.K01505	Week_and_consortia	NS1_w9w10	2.93815305350728	0.214617679888038	72	52	2.37619348889605e-21	1.03220374083429e-20
ko.K15792	Week_and_consortia	NS1_w9w10	2.93815305350728	0.214617679888038	72	52	2.37619348889605e-21	1.03220374083429e-20
ko.K08344	Week_and_consortia	NS1_w9w10	2.93815305350728	0.214617679888038	72	52	2.37619348889605e-21	1.03220374083429e-20
ko.K00102	Week_and_consortia	NS1_w9w10	2.93815305350728	0.214617679888038	72	52	2.37619348889605e-21	1.03220374083429e-20
ko.K15355	Week_and_consortia	NS1_w9w10	2.93815305350728	0.214617679888038	72	52	2.37619348889605e-21	1.03220374083429e-20
ko.K16165	Week_and_consortia	NS1_w9w10	2.93815305350728	0.214617679888038	72	52	2.37619348889605e-21	1.03220374083429e-20
ko.K19145	Week_and_consortia	NS1_w9w10	2.93815305350728	0.214617679888038	72	52	2.37619348889605e-21	1.03220374083429e-20
ko.K11711	Week_and_consortia	NS1_w9w10	2.93815305350728	0.214617679888038	72	52	2.37619348889605e-21	1.03220374083429e-20
ko.K13041	Week_and_consortia	NS1_w9w10	2.93815305350728	0.214617679888038	72	52	2.37619348889605e-21	1.03220374083429e-20
ko.K22292	Week_and_consortia	NS1_w9w10	2.93815305350728	0.214617679888038	72	52	2.37619348889605e-21	1.03220374083429e-20
ko.K19670	Week_and_consortia	NS1_w9w10	2.93815305350728	0.214617679888038	72	52	2.37619348889605e-21	1.03220374083429e-20
ko.K22187	Week_and_consortia	NS1_w9w10	2.93815305350728	0.214617679888038	72	52	2.37619348889605e-21	1.03220374083429e-20
ko.K18306	Week_and_consortia	NS1_w9w10	2.93815305350728	0.214617679888038	72	52	2.37619348889605e-21	1.03220374083429e-20
ko.K01563	Week_and_consortia	NS1_w9w10	2.93815305350728	0.214617679888038	72	52	2.37619348889605e-21	1.03220374083429e-20
ko.K19969	Week_and_consortia	NS1_w9w10	2.93815305350728	0.214617679888038	72	52	2.37619348889605e-21	1.03220374083429e-20
ko.K06446	Week_and_consortia	NS1_w9w10	2.93815305350728	0.214617679888038	72	52	2.37619348889605e-21	1.03220374083429e-20
ko.K20757	Week_and_consortia	NS1_w9w10	2.93815305350728	0.214617679888038	72	52	2.37619348889605e-21	1.03220374083429e-20
ko.K02660	Week_and_consortia	NS1_w9w10	2.93815305350728	0.214617679888038	72	52	2.37619348889605e-21	1.03220374083429e-20
ko.K06013	Week_and_consortia	NS1_w9w10	2.93815305350728	0.214617679888038	72	52	2.37619348889605e-21	1.03220374083429e-20
ko.K18360	Week_and_consortia	NS1_w9w10	2.93815305350728	0.214617679888038	72	52	2.37619348889605e-21	1.03220374083429e-20
ko.K01947	Week_and_consortia	NS1_w9w10	2.93815305350728	0.214617679888038	72	52	2.37619348889605e-21	1.03220374083429e-20
ko.K18357	Week_and_consortia	NS1_w9w10	2.93815305350728	0.214617679888038	72	52	2.37619348889605e-21	1.03220374083429e-20
ko.K18323	Week_and_consortia	NS1_w9w10	2.93815305350728	0.214617679888038	72	52	2.37619348889605e-21	1.03220374083429e-20
ko.K18322	Week_and_consortia	NS1_w9w10	2.93815305350728	0.214617679888038	72	52	2.37619348889605e-21	1.03220374083429e-20
ko.K12984	Week_and_consortia	NS1_w9w10	2.93815305350728	0.214617679888038	72	52	2.37619348889605e-21	1.03220374083429e-20
ko.K00992	Week_and_consortia	NS1_w9w10	2.93815305350728	0.214617679888038	72	52	2.37619348889605e-21	1.03220374083429e-20
ko.K01758	Week_and_consortia	NS1_w9w10	2.93815305350728	0.214617679888038	72	52	2.37619348889605e-21	1.03220374083429e-20
ko.K15784	Week_and_consortia	NS1_w9w10	2.93815305350728	0.214617679888038	72	52	2.37619348889605e-21	1.03220374083429e-20
ko.K12071	Week_and_consortia	NS1_w9w10	2.93815305350728	0.214617679888038	72	52	2.37619348889605e-21	1.03220374083429e-20
ko.K00856	Week_and_consortia	NS1_w9w10	2.93815305350728	0.214617679888038	72	52	2.37619348889605e-21	1.03220374083429e-20
ko.K20712	Week_and_consortia	NS1_w9w10	2.93815305350728	0.214617679888038	72	52	2.37619348889605e-21	1.03220374083429e-20
ko.K17245	Week_and_consortia	NS1_w9w10	2.93815305350728	0.214617679888038	72	52	2.37619348889605e-21	1.03220374083429e-20
ko.K18364	Week_and_consortia	NS1_w9w10	2.93815305350728	0.214617679888038	72	52	2.37619348889605e-21	1.03220374083429e-20
ko.K12448	Week_and_consortia	NS1_w9w10	2.93815305350728	0.214617679888038	72	52	2.37619348889605e-21	1.03220374083429e-20
ko.K21345	Week_and_consortia	NS1_w9w10	2.93815305350728	0.214617679888038	72	52	2.37619348889605e-21	1.03220374083429e-20
ko.K21308	Week_and_consortia	NS1_w9w10	2.93815305350728	0.214617679888038	72	52	2.37619348889605e-21	1.03220374083429e-20
ko.K16055	Week_and_consortia	NS1_w9w10	1.11217867659366	0.0817131118408046	72	72	2.39681038859304e-21	1.04026512742028e-20
ko.K06886	Week_and_consortia	NS1_w9w10	2.93914827303965	0.214734816038531	72	52	2.40111876652608e-21	1.0412405157502e-20
ko.K00764	Week_and_consortia	NS1_w9w10	0.296252466577683	0.0217968491531942	72	72	2.57635430746756e-21	1.11627289548251e-20
ko.K07713	Week_and_consortia	NS1_w9w10	0.997476993781008	0.0733909970844782	72	72	2.57882460193716e-21	1.11638576597999e-20
ko.K13479	Week_and_consortia	NS1_w9w10	1.24908660169622	0.0919617854955129	72	72	2.66347890329731e-21	1.15204584070702e-20
ko.K07552	Week_and_consortia	NS1_w9w10	1.84261836268167	0.135891972452219	72	72	2.90643914592567e-21	1.25605907315796e-20
ko.K12942	Week_and_consortia	NS1_w9w10	1.00179511284571	0.0740074505583653	72	72	3.16928540068855e-21	1.36848118327167e-20
ko.K02069	Week_and_consortia	NS1_w9w10	1.09821460465363	0.0812081725505296	72	72	3.32764082677557e-21	1.43563120895561e-20
ko.K21029	Week_and_consortia	NS1_w9w10	1.01424261961993	0.0750134476064072	72	72	3.36084897389113e-21	1.44872090581041e-20
ko.K06889	Week_and_consortia	NS1_w9w10	0.218903416234154	0.0161960691627208	72	72	3.4243663612855e-21	1.4748421873158e-20
ko.K07464	Week_and_consortia	NS1_w9w10	-0.81277603247144	0.0601631203004394	72	72	3.50650854300676e-21	1.50893365922233e-20
ko.K07213	Week_and_consortia	NS1_w9w10	-0.95295811507662	0.0704512502638015	72	72	4.36069360668738e-21	1.8749126894455e-20
ko.K13281	Week_and_consortia	NS1_w9w10	2.92877045051581	0.21779431106993	72	52	4.43157591555183e-21	1.90376883719114e-20
ko.K02822	Week_and_consortia	NS1_w9w10	-1.30506390117444	0.0971182683857977	72	72	4.59387207543183e-21	1.97049010068043e-20
ko.K15582	Week_and_consortia	NS1_w9w10	-0.577140996399745	0.0427158327067287	72	72	4.59468990222e-21	1.97049010068043e-20
ko.K00528	Week_and_consortia	NS1_w9w10	-0.743252669642155	0.0553490325147184	72	72	4.76007070683168e-21	2.03968424180778e-20
ko.K18640	Week_and_consortia	NS1_w9w10	-1.15861156241083	0.0863908868641811	72	72	5.07944037931449e-21	2.17468922002515e-20
ko.K07281	Week_and_consortia	NS1_w9w10	-1.34555078869497	0.100393454966719	72	72	5.24513075099499e-21	2.23993242214934e-20
ko.K18626	Week_and_consortia	NS1_w9w10	-1.34555078869497	0.100393454966719	72	72	5.24513075099499e-21	2.23993242214934e-20
ko.K07267	Week_and_consortia	NS1_w9w10	-1.34555078869497	0.100393454966719	72	72	5.24513075099499e-21	2.23993242214934e-20
ko.K01866	Week_and_consortia	NS1_w9w10	0.201371834181251	0.015032730029092	72	72	5.3900877068511e-21	2.29989215329491e-20
ko.K20487	Week_and_consortia	NS1_w9w10	-1.80112302716236	0.134565430996356	72	72	5.61515100584826e-21	2.39390235287303e-20
ko.K01834	Week_and_consortia	NS1_w9w10	0.620346171506037	0.046367029672802	72	72	5.73751826673606e-21	2.44370059115506e-20
ko.K06714	Week_and_consortia	NS1_w9w10	1.06092138173408	0.0788716799286515	72	72	5.74163222822854e-21	2.44370059115506e-20
ko.K13921	Week_and_consortia	NS1_w9w10	1.20107036488444	0.0899359313580618	72	72	6.29002058221103e-21	2.6748471364756e-20
ko.K00647	Week_and_consortia	NS1_w9w10	-1.27947402209257	0.0960347219751089	72	72	7.0921400528327e-21	3.01341392320528e-20
ko.K03773	Week_and_consortia	NS1_w9w10	0.447070763356226	0.0336037369418373	72	72	7.61695598853142e-21	3.23368585328241e-20
ko.K00929	Week_and_consortia	NS1_w9w10	0.600499754229024	0.0451369499430234	72	72	7.62409625080427e-21	3.2339995179734e-20
ko.K17213	Week_and_consortia	NS1_w9w10	-0.965521476495513	0.072649100838795	72	72	8.03199287501505e-21	3.40416342320269e-20
ko.K09705	Week_and_consortia	NS1_w9w10	-2.52325748173358	0.189935022680284	72	72	8.19694883591402e-21	3.47116391609704e-20
ko.K07493	Week_and_consortia	NS1_w9w10	-2.93132200231871	0.21950058700817	72	72	8.29084378180928e-21	3.50798515793136e-20
ko.K01665	Week_and_consortia	NS1_w9w10	0.337132419042665	0.0253869607511263	72	72	8.35704174326583e-21	3.53303555539573e-20
ko.K07339	Week_and_consortia	NS1_w9w10	2.70123311353162	0.202370195424686	72	52	8.49903073318509e-21	3.59005880134206e-20
ko.K02078	Week_and_consortia	NS1_w9w10	-0.211043905352235	0.0159154489957966	72	72	8.99657896275848e-21	3.79705237425696e-20
ko.K21573	Week_and_consortia	NS1_w9w10	0.896727595767781	0.0677577463809847	72	72	9.93029688753765e-21	4.18763438028716e-20
ko.K01816	Week_and_consortia	NS1_w9w10	-0.886711551707217	0.0671347497744937	72	72	1.09778135607396e-20	4.62551410415817e-20
ko.K07689	Week_and_consortia	NS1_w9w10	1.83798527555103	0.139228465384843	72	72	1.12619917632149e-20	4.74129853231348e-20
ko.K18118	Week_and_consortia	NS1_w9w10	0.896778375703191	0.0679606152744897	72	72	1.15070134593495e-20	4.84041898389956e-20
ko.K02481	Week_and_consortia	NS1_w9w10	0.88715710259638	0.0673361036963228	72	72	1.24408274305923e-20	5.22887355901435e-20
ko.K06608	Week_and_consortia	NS1_w9w10	4.33372570454635	0.328980895048328	72	62	1.25299538936924e-20	5.26195569999453e-20
ko.K11921	Week_and_consortia	NS1_w9w10	1.28481095779641	0.0970253675620938	72	72	1.25940100519985e-20	5.28446335404455e-20
ko.K01779	Week_and_consortia	NS1_w9w10	0.727980986218865	0.0550637391118293	72	72	1.3692933987874e-20	5.74080518728129e-20
ko.K06940	Week_and_consortia	NS1_w9w10	-0.665344974046212	0.0506363665893107	72	72	1.42364612620339e-20	5.96373153364802e-20
ko.K03585	Week_and_consortia	NS1_w9w10	0.34195362920455	0.0260275572721407	72	72	1.43196744156379e-20	5.99362014480553e-20
ko.K06148	Week_and_consortia	NS1_w9w10	-1.0158384346846	0.0769426088875385	72	72	1.47208134932097e-20	6.15641968275625e-20
ko.K17818	Week_and_consortia	NS1_w9w10	0.892199865310501	0.0680161393810652	72	72	1.54936776317569e-20	6.47428117416343e-20
ko.K15635	Week_and_consortia	NS1_w9w10	0.621128969970778	0.0474585146896683	72	72	1.73494159026597e-20	7.2437395983667e-20
ko.K07483	Week_and_consortia	NS1_w9w10	-1.04872752456128	0.080142502192068	72	72	1.74854384096412e-20	7.29450329029787e-20
ko.K13016	Week_and_consortia	NS1_w9w10	-1.10204657099629	0.084249338783531	72	72	1.78232244319435e-20	7.42928463945369e-20
ko.K14591	Week_and_consortia	NS1_w9w10	1.94309528113416	0.148598103428389	72	72	1.81388455616355e-20	7.54838943800514e-20
ko.K08989	Week_and_consortia	NS1_w9w10	1.94309528113416	0.148598103428389	72	72	1.81388455616355e-20	7.54838943800514e-20
ko.K13820	Week_and_consortia	NS1_w9w10	-1.21485566915534	0.0929620713323045	72	72	1.86934826136398e-20	7.77279622749862e-20
ko.K18930	Week_and_consortia	NS1_w9w10	0.884388355936146	0.0674088366321435	72	72	1.99981996441807e-20	8.30846254953955e-20
ko.K02809	Week_and_consortia	NS1_w9w10	-1.1251023662263	0.0862283439264171	72	72	2.02056218769563e-20	8.38085400019568e-20
ko.K02810	Week_and_consortia	NS1_w9w10	-1.1251023662263	0.0862283439264171	72	72	2.02056218769563e-20	8.38085400019568e-20
ko.K10679	Week_and_consortia	NS1_w9w10	-1.31140210302638	0.100582131385024	72	72	2.09787006677203e-20	8.69437208969015e-20
ko.K12141	Week_and_consortia	NS1_w9w10	-0.955750511879258	0.073385234614677	72	72	2.2164858957467e-20	9.17843175845272e-20
ko.K01190	Week_and_consortia	NS1_w9w10	0.211983876543786	0.0162943933748406	72	72	2.33958778430453e-20	9.68026002154503e-20
ko.K18330	Week_and_consortia	NS1_w9w10	0.871441075258635	0.0671139283808808	72	72	2.57580075053841e-20	1.06488914825859e-19
ko.K01664	Week_and_consortia	NS1_w9w10	0.824742521274053	0.0635621225384034	72	72	2.66747304847916e-20	1.10188665911011e-19
ko.K03224	Week_and_consortia	NS1_w9w10	-1.01829540094552	0.0781099592805263	72	72	2.73408185302e-20	1.12847888247198e-19
ko.K12296	Week_and_consortia	NS1_w9w10	2.72086462734692	0.208790225036346	72	52	2.80460943234231e-20	1.15664382466884e-19
ko.K07259	Week_and_consortia	NS1_w9w10	0.832189202504068	0.06427391266169	72	72	2.96789128230683e-20	1.19141249776426e-19
ko.K13929	Week_and_consortia	NS1_w9w10	2.7190431034459	0.208901534059478	72	52	2.97617294572148e-20	1.19141249776426e-19
ko.K20386	Week_and_consortia	NS1_w9w10	2.7190431034459	0.208901534059478	72	52	2.97617294572148e-20	1.19141249776426e-19
ko.K01674	Week_and_consortia	NS1_w9w10	2.7190431034459	0.208901534059478	72	52	2.97617294572148e-20	1.19141249776426e-19
ko.K02236	Week_and_consortia	NS1_w9w10	2.7190431034459	0.208901534059478	72	52	2.97617294572148e-20	1.19141249776426e-19
ko.K19223	Week_and_consortia	NS1_w9w10	2.7190431034459	0.208901534059478	72	52	2.97617294572148e-20	1.19141249776426e-19
ko.K20811	Week_and_consortia	NS1_w9w10	2.7190431034459	0.208901534059478	72	52	2.97617294572148e-20	1.19141249776426e-19
ko.K12294	Week_and_consortia	NS1_w9w10	2.71950933264118	0.208869350859911	72	52	2.92874002533691e-20	1.19141249776426e-19
ko.K19424	Week_and_consortia	NS1_w9w10	2.7190431034459	0.208901534059478	72	52	2.97617294572148e-20	1.19141249776426e-19
ko.K20375	Week_and_consortia	NS1_w9w10	2.71904310344597	0.208901534059531	72	52	2.97617294313361e-20	1.19141249776426e-19
ko.K07498	Week_and_consortia	NS1_w9w10	2.71904310344597	0.208901534059531	72	52	2.97617294313361e-20	1.19141249776426e-19
ko.K21828	Week_and_consortia	NS1_w9w10	2.7190431034459	0.208901534059478	72	52	2.97617294572148e-20	1.19141249776426e-19
ko.K03933	Week_and_consortia	NS1_w9w10	2.7190431034459	0.208901534059478	72	52	2.97617294572148e-20	1.19141249776426e-19
ko.K22330	Week_and_consortia	NS1_w9w10	2.7190431034459	0.208901534059478	72	52	2.97617294572148e-20	1.19141249776426e-19
ko.K21713	Week_and_consortia	NS1_w9w10	2.7190431034459	0.208901534059478	72	52	2.97617294572148e-20	1.19141249776426e-19
ko.K13955	Week_and_consortia	NS1_w9w10	2.7190431034459	0.208901534059478	72	52	2.97617294572148e-20	1.19141249776426e-19
ko.K19430	Week_and_consortia	NS1_w9w10	2.7190431034459	0.208901534059478	72	52	2.97617294572148e-20	1.19141249776426e-19
ko.K20374	Week_and_consortia	NS1_w9w10	2.7190431034459	0.208901534059478	72	52	2.97617294572148e-20	1.19141249776426e-19
ko.K14989	Week_and_consortia	NS1_w9w10	2.7190431034459	0.208901534059478	72	52	2.97617294572148e-20	1.19141249776426e-19
ko.K02482	Week_and_consortia	NS1_w9w10	2.7190431034459	0.208901534059478	72	52	2.97617294572148e-20	1.19141249776426e-19
ko.K21745	Week_and_consortia	NS1_w9w10	2.7190431034459	0.208901534059478	72	52	2.97617294572148e-20	1.19141249776426e-19
ko.K13688	Week_and_consortia	NS1_w9w10	2.7190431034459	0.208901534059478	72	52	2.97617294572148e-20	1.19141249776426e-19
ko.K21298	Week_and_consortia	NS1_w9w10	2.7190431034459	0.208901534059478	72	52	2.97617294572148e-20	1.19141249776426e-19
ko.K08166	Week_and_consortia	NS1_w9w10	2.7190431034459	0.208901534059478	72	52	2.97617294572148e-20	1.19141249776426e-19
ko.K08196	Week_and_consortia	NS1_w9w10	2.7190431034459	0.208901534059478	72	52	2.97617294572148e-20	1.19141249776426e-19
ko.K17317	Week_and_consortia	NS1_w9w10	2.7190431034459	0.208901534059478	72	52	2.97617294572148e-20	1.19141249776426e-19
ko.K01073	Week_and_consortia	NS1_w9w10	2.7190431034459	0.208901534059478	72	52	2.97617294572148e-20	1.19141249776426e-19
ko.K18476	Week_and_consortia	NS1_w9w10	2.7190431034459	0.208901534059478	72	52	2.97617294572148e-20	1.19141249776426e-19
ko.K18891	Week_and_consortia	NS1_w9w10	2.7190431034459	0.208901534059478	72	52	2.97617294572148e-20	1.19141249776426e-19
ko.K18892	Week_and_consortia	NS1_w9w10	2.7190431034459	0.208901534059478	72	52	2.97617294572148e-20	1.19141249776426e-19
ko.K19220	Week_and_consortia	NS1_w9w10	2.7190431034459	0.208901534059478	72	52	2.97617294572148e-20	1.19141249776426e-19
ko.K20274	Week_and_consortia	NS1_w9w10	2.7190431034459	0.208901534059478	72	52	2.97617294572148e-20	1.19141249776426e-19
ko.K19137	Week_and_consortia	NS1_w9w10	2.7190431034459	0.208901534059478	72	52	2.97617294572148e-20	1.19141249776426e-19
ko.K13935	Week_and_consortia	NS1_w9w10	2.7190431034459	0.208901534059478	72	52	2.97617294572148e-20	1.19141249776426e-19
ko.K13931	Week_and_consortia	NS1_w9w10	2.7190431034459	0.208901534059478	72	52	2.97617294572148e-20	1.19141249776426e-19
ko.K13932	Week_and_consortia	NS1_w9w10	2.7190431034459	0.208901534059478	72	52	2.97617294572148e-20	1.19141249776426e-19
ko.K13934	Week_and_consortia	NS1_w9w10	2.7190431034459	0.208901534059478	72	52	2.97617294572148e-20	1.19141249776426e-19
ko.K01415	Week_and_consortia	NS1_w9w10	-1.03382245044112	0.079881037932999	72	72	3.03136720816706e-20	1.21254688326682e-19
ko.K15554	Week_and_consortia	NS1_w9w10	-1.05806141839378	0.081766020025758	72	72	3.05371177428099e-20	1.22051834522687e-19
ko.K13890	Week_and_consortia	NS1_w9w10	1.58348030689502	0.122495021299962	72	72	3.21258418224679e-20	1.28300199910757e-19
ko.K18910	Week_and_consortia	NS1_w9w10	-0.978004395549719	0.0752776558125446	72	72	3.23952174754581e-20	1.29273806229079e-19
ko.K05934	Week_and_consortia	NS1_w9w10	-1.22965946102684	0.0953447748905887	72	72	3.60371205463783e-20	1.43693396211763e-19
ko.K05591	Week_and_consortia	NS1_w9w10	1.3453347247117	0.10437938001784	72	72	3.71741777400088e-20	1.48110367462559e-19
ko.K08968	Week_and_consortia	NS1_w9w10	0.761886733689761	0.059117062393498	72	72	3.73359486904259e-20	1.48637677528788e-19
ko.K21471	Week_and_consortia	NS1_w9w10	-0.96679506789334	0.0750842523394719	72	72	3.90425486181965e-20	1.5530941387333e-19
ko.K14058	Week_and_consortia	NS1_w9w10	0.833365224628997	0.0647653693364943	72	72	4.0368450042095e-20	1.60457442653552e-19
ko.K03817	Week_and_consortia	NS1_w9w10	-0.938264512367586	0.0725696564469442	72	72	4.13473271299321e-20	1.64219101148127e-19
ko.K07090	Week_and_consortia	NS1_w9w10	-0.946731596869257	0.0736368656368947	72	72	4.20629222541065e-20	1.66929994680083e-19
ko.K18427	Week_and_consortia	NS1_w9w10	-1.09814589280477	0.0855450842757971	72	72	4.53790348534952e-20	1.79948888602714e-19
ko.K02068	Week_and_consortia	NS1_w9w10	1.18713084626584	0.0925295868335435	72	72	4.66723863966623e-20	1.8493246751054e-19
ko.K01534	Week_and_consortia	NS1_w9w10	0.472877836007226	0.0366966811129337	72	72	4.84234596155353e-20	1.91720468634549e-19
ko.K21469	Week_and_consortia	NS1_w9w10	-1.50214106641964	0.117182383149409	72	72	4.86757412230659e-20	1.92568398323359e-19
ko.K01733	Week_and_consortia	NS1_w9w10	0.532862528448497	0.0416408764510244	72	72	5.3024594104358e-20	2.09608958853847e-19
ko.K19002	Week_and_consortia	NS1_w9w10	-1.03261866927924	0.0806998479697082	72	72	5.31938670125284e-20	2.1011369518944e-19
ko.K01012	Week_and_consortia	NS1_w9w10	-0.218098904878522	0.0170494282678267	72	72	5.39457257690023e-20	2.12917036394531e-19
ko.K06384	Week_and_consortia	NS1_w9w10	-0.915494461979267	0.0715797018797958	72	72	5.44245691848473e-20	2.14639284560381e-19
ko.K03780	Week_and_consortia	NS1_w9w10	0.987589073322113	0.0772328503403409	72	72	5.49936678917764e-20	2.16714516528279e-19
ko.K06907	Week_and_consortia	NS1_w9w10	-1.04504668849493	0.0818132898367287	72	72	5.79565683180441e-20	2.28212457632704e-19
ko.K03387	Week_and_consortia	NS1_w9w10	0.768986252271089	0.0602054606681959	72	72	5.81485246571695e-20	2.28789989538957e-19
ko.K02041	Week_and_consortia	NS1_w9w10	-1.29045289150633	0.101092901524925	72	72	5.98971332638142e-20	2.35486628209175e-19
ko.K02044	Week_and_consortia	NS1_w9w10	-1.29035820707229	0.101105669991145	72	72	6.04890709449815e-20	2.37628916340627e-19
ko.K00172	Week_and_consortia	NS1_w9w10	2.36057128185273	0.184038184299254	72	52	6.09673099792351e-20	2.3913575311731e-19
ko.K18356	Week_and_consortia	NS1_w9w10	2.36057128185273	0.184038184299254	72	52	6.09673099792351e-20	2.3913575311731e-19
ko.K00375	Week_and_consortia	NS1_w9w10	-0.92228973686941	0.0722930520104979	72	72	6.16241282034502e-20	2.41524511779543e-19
ko.K03402	Week_and_consortia	NS1_w9w10	0.429153077708099	0.0336395490685061	72	72	6.16852910220072e-20	2.41576814142e-19
ko.K02773	Week_and_consortia	NS1_w9w10	-2.28941042732663	0.179673291293864	72	72	6.54441311007823e-20	2.56098954547755e-19
ko.K13694	Week_and_consortia	NS1_w9w10	0.72670962175224	0.0570429955484911	72	72	6.60515052467848e-20	2.58275700082629e-19
ko.K01192	Week_and_consortia	NS1_w9w10	-0.823210807430326	0.0647587143317678	72	72	7.35156252920298e-20	2.87239705317351e-19
ko.K09888	Week_and_consortia	NS1_w9w10	0.482377500008618	0.0379564175046479	72	72	7.44447153010741e-20	2.90645055410376e-19
ko.K01485	Week_and_consortia	NS1_w9w10	-0.974465480733115	0.0766880636885554	72	72	7.497829033338e-20	2.92502179740723e-19
ko.K01752	Week_and_consortia	NS1_w9w10	0.184003761816438	0.0144920471380116	72	72	7.79322932123879e-20	3.03791624466809e-19
ko.K06934	Week_and_consortia	NS1_w9w10	0.788328590894953	0.0620893870973357	72	72	7.79945110757946e-20	3.03799745531931e-19
ko.K10118	Week_and_consortia	NS1_w9w10	-1.43552782056058	0.113073176824998	72	72	7.83292696189992e-20	3.04868621044055e-19
ko.K00995	Week_and_consortia	NS1_w9w10	0.414682311579319	0.0327119589243265	72	72	8.42328345506004e-20	3.27593749152912e-19
ko.K03453	Week_and_consortia	NS1_w9w10	0.369242029884562	0.0291458691031801	72	72	8.68880959406673e-20	3.37660508224809e-19
ko.K13653	Week_and_consortia	NS1_w9w10	-1.44292298155099	0.114034020919824	72	72	9.21963188675341e-20	3.58013684026735e-19
ko.K08169	Week_and_consortia	NS1_w9w10	-0.923533031677554	0.0730194955717201	72	72	9.42480164039323e-20	3.65699676553507e-19
ko.K04045	Week_and_consortia	NS1_w9w10	-1.13663627528	0.0898768622843065	72	72	9.46741280658281e-20	3.6707113966889e-19
ko.K06878	Week_and_consortia	NS1_w9w10	-2.08613842695039	0.165091197309359	72	72	9.85341216565633e-20	3.81744158442452e-19
ko.K07334	Week_and_consortia	NS1_w9w10	1.32378454942974	0.104858939189494	72	72	1.03163169388963e-19	3.9937190172647e-19
ko.K07160	Week_and_consortia	NS1_w9w10	1.8229114145268	0.144458507020027	72	72	1.05388030881008e-19	4.07672535996057e-19
ko.K10774	Week_and_consortia	NS1_w9w10	-1.27972063202264	0.101603282207098	72	72	1.15514808386603e-19	4.46162700282202e-19
ko.K00023	Week_and_consortia	NS1_w9w10	-1.27972063202264	0.101603282207098	72	72	1.15514808386603e-19	4.46162700282202e-19
ko.K09125	Week_and_consortia	NS1_w9w10	0.815028127667489	0.0647141303288317	72	72	1.15956964534231e-19	4.47528330654651e-19
ko.K02566	Week_and_consortia	NS1_w9w10	-0.777258165678387	0.0614263021207042	72	72	1.18290349405024e-19	4.56185378010825e-19
ko.K01673	Week_and_consortia	NS1_w9w10	0.707968959513933	0.0562539855840715	72	72	1.20106207640078e-19	4.62834905413941e-19
ko.K19222	Week_and_consortia	NS1_w9w10	0.815349386462488	0.0648056692662314	72	72	1.21877177213253e-19	4.69301447622982e-19
ko.K09690	Week_and_consortia	NS1_w9w10	-0.958870409009406	0.0762236219531012	72	72	1.22707845600792e-19	4.72140164489872e-19
ko.K07540	Week_and_consortia	NS1_w9w10	3.26150773309265	0.257984017210844	72	62	1.23436646629219e-19	4.74582906218275e-19
ko.K01182	Week_and_consortia	NS1_w9w10	-1.15283849865955	0.0917149248866476	72	72	1.27514995943849e-19	4.89890311413174e-19
ko.K07118	Week_and_consortia	NS1_w9w10	0.962333562336718	0.0762251548500561	72	72	1.3218858485035e-19	5.07459521781129e-19
ko.K03594	Week_and_consortia	NS1_w9w10	-0.780192138509001	0.0621946341795776	72	72	1.40757932116292e-19	5.39946145065683e-19
ko.K05776	Week_and_consortia	NS1_w9w10	0.813222780034567	0.0648572560262736	72	72	1.43915532863941e-19	5.51221586071742e-19
ko.K01241	Week_and_consortia	NS1_w9w10	0.813222780034567	0.0648572560262736	72	72	1.43915532863941e-19	5.51221586071742e-19
ko.K18350	Week_and_consortia	NS1_w9w10	-1.1270702931914	0.0898907542714602	72	72	1.44157741952965e-19	5.51730994201801e-19
ko.K10192	Week_and_consortia	NS1_w9w10	-1.18782655601809	0.094743585010679	72	72	1.44688634371097e-19	5.53343664528978e-19
ko.K07304	Week_and_consortia	NS1_w9w10	0.428718791183804	0.0340290874620148	72	72	1.45604005473555e-19	5.56423173715885e-19
ko.K19354	Week_and_consortia	NS1_w9w10	1.12993811842526	0.0902485586556358	72	72	1.54566369826679e-19	5.90226228544508e-19
ko.K09758	Week_and_consortia	NS1_w9w10	0.802770780933509	0.0641567883496736	72	72	1.59234238998535e-19	6.07591673278399e-19
ko.K03545	Week_and_consortia	NS1_w9w10	-0.126271223679588	0.0101001667360528	72	72	1.6603137489242e-19	6.33049438457741e-19
ko.K06306	Week_and_consortia	NS1_w9w10	1.06916628543293	0.0856568984729876	72	72	1.79424285267548e-19	6.8359840812342e-19
ko.K16923	Week_and_consortia	NS1_w9w10	-1.5483076767794	0.123581025705857	72	72	1.90623685475706e-19	7.25720315767345e-19
ko.K02429	Week_and_consortia	NS1_w9w10	0.958384124453934	0.0769042199420513	72	72	1.93894551455494e-19	7.37616923157495e-19
ko.K06859	Week_and_consortia	NS1_w9w10	1.06395371174068	0.0853092561023561	72	72	2.37511103574246e-19	9.0286387904973e-19
ko.K01659	Week_and_consortia	NS1_w9w10	0.765422860631931	0.0616980104365183	72	72	2.41297317694338e-19	9.16566954129169e-19
ko.K01507	Week_and_consortia	NS1_w9w10	1.03457948319453	0.0835368871777307	72	72	2.62173624097839e-19	9.95117317011484e-19
ko.K13051	Week_and_consortia	NS1_w9w10	-0.920549923314354	0.0743514661537452	72	72	2.65930291099564e-19	1.00861849146771e-18
ko.K02025	Week_and_consortia	NS1_w9w10	-1.2052444088406	0.0976140885253322	72	72	3.03748530814339e-19	1.15119098100078e-18
ko.K00860	Week_and_consortia	NS1_w9w10	0.713389411517247	0.0578403321524802	72	72	3.19917912766052e-19	1.21156318987563e-18
ko.K00956	Week_and_consortia	NS1_w9w10	0.713375792318867	0.0578401474591226	72	72	3.20163368751059e-19	1.21158452354333e-18
ko.K00077	Week_and_consortia	NS1_w9w10	0.135212341946933	0.0109637058210651	72	72	3.21232605798475e-19	1.21472090156729e-18
ko.K05921	Week_and_consortia	NS1_w9w10	2.4404647184452	0.196929600561957	72	66	3.21528609702632e-19	1.21493084234682e-18
ko.K05601	Week_and_consortia	NS1_w9w10	0.594405003732153	0.048240415287687	72	72	3.35358715806021e-19	1.26624232604784e-18
ko.K02775	Week_and_consortia	NS1_w9w10	0.692302569003203	0.0561898275444816	72	72	3.36596067444796e-19	1.26996514767073e-18
ko.K00691	Week_and_consortia	NS1_w9w10	0.829695532038798	0.0673541740933557	72	72	3.39749575429137e-19	1.2809066082597e-18
ko.K01223	Week_and_consortia	NS1_w9w10	-1.0403759345008	0.084586419309876	72	72	3.65746507739131e-19	1.37789064660558e-18
ko.K12524	Week_and_consortia	NS1_w9w10	0.712557229287069	0.0579893440123472	72	72	3.83098045538205e-19	1.44218429661625e-18
ko.K06416	Week_and_consortia	NS1_w9w10	2.40573009424697	0.195833612342351	72	72	3.87877718979122e-19	1.45909027273457e-18
ko.K10009	Week_and_consortia	NS1_w9w10	1.0791373852421	0.0879520054610063	72	72	4.11269812214021e-19	1.54593384769735e-18
ko.K20461	Week_and_consortia	NS1_w9w10	-1.30371022361554	0.106377292643982	72	72	4.34616935234649e-19	1.63126653551668e-18
ko.K20460	Week_and_consortia	NS1_w9w10	-1.30371022361554	0.106377292643982	72	72	4.34616935234649e-19	1.63126653551668e-18
ko.K02013	Week_and_consortia	NS1_w9w10	0.141067633019106	0.0115122936232667	72	72	4.37832097583945e-19	1.64211414773132e-18
ko.K02907	Week_and_consortia	NS1_w9w10	0.500363652302726	0.0408491199347771	72	72	4.45772373433129e-19	1.67065432535917e-18
ko.K06157	Week_and_consortia	NS1_w9w10	1.60329336765402	0.130904904393539	72	72	4.48044750478151e-19	1.67792592988556e-18
ko.K01438	Week_and_consortia	NS1_w9w10	0.606762651784874	0.0495694762919457	72	72	4.60734743090187e-19	1.72417179414194e-18
ko.K01768	Week_and_consortia	NS1_w9w10	0.899858061369668	0.0735654861223763	72	72	4.76512036836359e-19	1.78189401191509e-18
ko.K03465	Week_and_consortia	NS1_w9w10	2.80912680359733	0.229813262294658	72	53	4.92770018345277e-19	1.84132702121327e-18
ko.K04041	Week_and_consortia	NS1_w9w10	0.503829099496012	0.0412595901868439	72	72	5.17185642815881e-19	1.9311322006695e-18
ko.K00677	Week_and_consortia	NS1_w9w10	0.324796508157197	0.0266647688419391	72	72	5.82929186563344e-19	2.17500609344019e-18
ko.K02790	Week_and_consortia	NS1_w9w10	-2.05831830223736	0.168171813202583	72	72	5.8391700085601e-19	2.17547838372018e-18
ko.K02791	Week_and_consortia	NS1_w9w10	-2.05831830223736	0.168171813202583	72	72	5.8391700085601e-19	2.17547838372018e-18
ko.K03671	Week_and_consortia	NS1_w9w10	-0.198705714596425	0.0163156786847724	72	72	5.87334901121038e-19	2.18659979400404e-18
ko.K03215	Week_and_consortia	NS1_w9w10	-0.144784466781835	0.011889530878115	72	72	5.90447600585701e-19	2.19656942427022e-18
ko.K10202	Week_and_consortia	NS1_w9w10	-1.10135608474068	0.0905055050843138	72	72	6.10592453729911e-19	2.26984037987013e-18
ko.K02171	Week_and_consortia	NS1_w9w10	-1.24079936929061	0.102000123170684	72	72	6.2089344275735e-19	2.3064365241251e-18
ko.K01790	Week_and_consortia	NS1_w9w10	-0.560396377643002	0.0460856768187302	72	72	6.32731777235654e-19	2.3486854802311e-18
ko.K00984	Week_and_consortia	NS1_w9w10	-1.59070747420013	0.130860474662195	72	72	6.43091627008733e-19	2.38538832573283e-18
ko.K00009	Week_and_consortia	NS1_w9w10	0.789094286183019	0.0651472445653195	72	72	7.62503721190206e-19	2.82624269952525e-18
ko.K20459	Week_and_consortia	NS1_w9w10	-1.28819321269978	0.106525265906074	72	72	8.23810740385756e-19	3.05124036688331e-18
ko.K02650	Week_and_consortia	NS1_w9w10	-1.06350099243178	0.0879689068708788	72	72	8.34698331878827e-19	3.08930107886581e-18
ko.K13891	Week_and_consortia	NS1_w9w10	-0.969379400001071	0.080186672000437	72	72	8.36266213429792e-19	3.09283814805806e-18
ko.K01266	Week_and_consortia	NS1_w9w10	1.20777289840037	0.100081475498366	72	72	9.08934012960052e-19	3.35913287013474e-18
ko.K03651	Week_and_consortia	NS1_w9w10	-2.30066645560109	0.190947126720096	72	72	9.80395466568999e-19	3.62058325811885e-18
ko.K04023	Week_and_consortia	NS1_w9w10	-0.694147449450903	0.0576673306668012	72	72	1.02635520426526e-18	3.7875430912696e-18
ko.K21479	Week_and_consortia	NS1_w9w10	-1.14876669629576	0.0955910053294609	72	72	1.10885253302877e-18	4.08899488821996e-18
ko.K00210	Week_and_consortia	NS1_w9w10	0.877750077600495	0.0730637299649407	72	72	1.12665638499087e-18	4.14859187826086e-18
ko.K01057	Week_and_consortia	NS1_w9w10	0.877750077600495	0.0730637299649407	72	72	1.12665638499087e-18	4.14859187826086e-18
ko.K01347	Week_and_consortia	NS1_w9w10	-2.41713733522338	0.2016826365547	72	72	1.26160548383137e-18	4.63874156063761e-18
ko.K16137	Week_and_consortia	NS1_w9w10	-2.41713733522338	0.2016826365547	72	72	1.26160548383137e-18	4.63874156063761e-18
ko.K10797	Week_and_consortia	NS1_w9w10	-1.19521210266527	0.0997488371679844	72	72	1.27484156963373e-18	4.68399971621063e-18
ko.K01573	Week_and_consortia	NS1_w9w10	0.879379928896055	0.0736861521050612	72	72	1.54199343878268e-18	5.64503684980442e-18
ko.K10764	Week_and_consortia	NS1_w9w10	0.879379928896055	0.0736861521050612	72	72	1.54199343878268e-18	5.64503684980442e-18
ko.K00693	Week_and_consortia	NS1_w9w10	0.879379928896055	0.0736861521050612	72	72	1.54199343878268e-18	5.64503684980442e-18
ko.K01067	Week_and_consortia	NS1_w9w10	0.879379928896055	0.0736861521050612	72	72	1.54199343878268e-18	5.64503684980442e-18
ko.K13668	Week_and_consortia	NS1_w9w10	0.879379928896055	0.0736861521050612	72	72	1.54199343878268e-18	5.64503684980442e-18
ko.K02168	Week_and_consortia	NS1_w9w10	-2.13629901677481	0.179075017494658	72	72	1.56968706936096e-18	5.74225856220968e-18
ko.K02473	Week_and_consortia	NS1_w9w10	-0.723432131142594	0.0606664176685943	72	72	1.60029906666282e-18	5.8500078761075e-18
ko.K10947	Week_and_consortia	NS1_w9w10	-0.491549717903919	0.0412585682252034	72	72	1.6707199102023e-18	6.10302023596675e-18
ko.K09789	Week_and_consortia	NS1_w9w10	1.08098514404722	0.0907388644149958	72	72	1.67561342653656e-18	6.11647328819559e-18
ko.K01433	Week_and_consortia	NS1_w9w10	1.25208972660413	0.1051074372411	72	72	1.68005873564481e-18	6.12385045633305e-18
ko.K06079	Week_and_consortia	NS1_w9w10	1.25208972660413	0.1051074372411	72	72	1.68005873564481e-18	6.12385045633305e-18
ko.K02042	Week_and_consortia	NS1_w9w10	-1.31785717044701	0.11077364227659	72	72	1.78738463454496e-18	6.51035845257473e-18
ko.K07482	Week_and_consortia	NS1_w9w10	-2.15482255279615	0.181157092207552	72	72	1.80214234074941e-18	6.55938264082566e-18
ko.K06180	Week_and_consortia	NS1_w9w10	0.110792431046565	0.00931509175061022	72	72	1.80865251738608e-18	6.57833874574117e-18
ko.K16907	Week_and_consortia	NS1_w9w10	-1.56017985564805	0.131389077644249	72	72	1.95297069975524e-18	7.09813523393056e-18
ko.K01687	Week_and_consortia	NS1_w9w10	-0.181259305981449	0.0151969264144271	72	72	1.97648029915119e-18	7.17841730504084e-18
ko.K01734	Week_and_consortia	NS1_w9w10	0.429786961897848	0.0362174739189805	72	72	2.01323750716618e-18	7.30666371135311e-18
ko.K02005	Week_and_consortia	NS1_w9w10	0.403373940247802	0.0341306477254497	72	72	2.43889291540615e-18	8.84514501696472e-18
ko.K01185	Week_and_consortia	NS1_w9w10	0.743947483057498	0.0630286355453093	72	72	2.59074263494951e-18	9.38911893239952e-18
ko.K00177	Week_and_consortia	NS1_w9w10	0.734726416805347	0.0622587157072355	72	72	2.612908775023e-18	9.46266317664243e-18
ko.K03426	Week_and_consortia	NS1_w9w10	0.439600072719696	0.0372560835913555	72	72	2.63129915808823e-18	9.52243792740813e-18
ko.K14379	Week_and_consortia	NS1_w9w10	1.58617655258489	0.134716974234126	72	72	2.90951881881619e-18	1.05142268044774e-17
ko.K01858	Week_and_consortia	NS1_w9w10	1.58617655258489	0.134716974234126	72	72	2.90951881881619e-18	1.05142268044774e-17
ko.K20968	Week_and_consortia	NS1_w9w10	-1.20627399538711	0.102472248816491	72	72	2.9377376323572e-18	1.06086136659532e-17
ko.K16924	Week_and_consortia	NS1_w9w10	-1.35316287431361	0.114958243521455	72	72	2.94717453366636e-18	1.06350898172017e-17
ko.K00928	Week_and_consortia	NS1_w9w10	0.171240759240136	0.0145601292283583	72	72	3.06644527942718e-18	1.10575885450865e-17
ko.K03711	Week_and_consortia	NS1_w9w10	0.478101553006787	0.0406595663791234	72	72	3.09449511679023e-18	1.11507769828989e-17
ko.K01799	Week_and_consortia	NS1_w9w10	2.05509766986298	0.174805787433412	72	50	3.12153599107164e-18	1.12321936088988e-17
ko.K10747	Week_and_consortia	NS1_w9w10	2.05509766986301	0.174805787433412	72	50	3.12153599106997e-18	1.12321936088988e-17
ko.K01805	Week_and_consortia	NS1_w9w10	0.630060047819342	0.05364659168662	72	72	3.27191160187752e-18	1.17649091905233e-17
ko.K19082	Week_and_consortia	NS1_w9w10	-1.48466916087114	0.126601468731084	72	72	3.50853835585991e-18	1.26067822004298e-17
ko.K02808	Week_and_consortia	NS1_w9w10	-1.14291823409058	0.0976095057656065	72	72	3.76972035152528e-18	1.35356270191228e-17
ko.K18831	Week_and_consortia	NS1_w9w10	-1.27533567013243	0.108920567091988	72	72	3.77313841701076e-18	1.35382778996721e-17
ko.K00772	Week_and_consortia	NS1_w9w10	1.19301507082929	0.102084850201348	72	72	4.12485116571051e-18	1.47897431434844e-17
ko.K07444	Week_and_consortia	NS1_w9w10	0.459977819224012	0.039361727299065	72	72	4.13455294498675e-18	1.48140152326759e-17
ko.K11645	Week_and_consortia	NS1_w9w10	0.724460854224672	0.0620377874119572	72	72	4.27167465625796e-18	1.52944722632284e-17
ko.K18369	Week_and_consortia	NS1_w9w10	0.528562708920429	0.0453350617147547	72	72	4.60273893577211e-18	1.64681565888957e-17
ko.K17237	Week_and_consortia	NS1_w9w10	-2.52074422978551	0.215531614123978	72	72	4.93284546202844e-18	1.76367553249594e-17
ko.K07023	Week_and_consortia	NS1_w9w10	-0.955449264873374	0.0823695133869557	72	72	5.83708231316418e-18	2.08549786747563e-17
ko.K03437	Week_and_consortia	NS1_w9w10	0.605612450701001	0.0522953282703871	72	72	6.29603285739894e-18	2.24788395728477e-17
ko.K12941	Week_and_consortia	NS1_w9w10	0.984071541707506	0.0852224014710513	72	72	7.19995658505534e-18	2.56879806975279e-17
ko.K00180	Week_and_consortia	NS1_w9w10	0.687610044592017	0.0596757324562214	72	72	7.94736408206908e-18	2.83145862782884e-17
ko.K00179	Week_and_consortia	NS1_w9w10	0.687610044592017	0.0596757324562214	72	72	7.94736408206908e-18	2.83145862782884e-17
ko.K18815	Week_and_consortia	NS1_w9w10	0.990267026783949	0.0861703635121199	72	72	8.97983799698729e-18	3.19705014522761e-17
ko.K02010	Week_and_consortia	NS1_w9w10	0.588674442923652	0.0513229579708319	72	72	9.80693395061354e-18	3.48905847313378e-17
ko.K03328	Week_and_consortia	NS1_w9w10	-0.657122876943095	0.057325529900073	72	72	1.00861740825769e-17	3.58587976531867e-17
ko.K07258	Week_and_consortia	NS1_w9w10	-0.531244521861023	0.0463584897993577	72	72	1.02296130962042e-17	3.63431823924216e-17
ko.K11737	Week_and_consortia	NS1_w9w10	-1.98877241486781	0.172946028286512	72	72	1.07058297731546e-17	3.80083288924646e-17
ko.K00690	Week_and_consortia	NS1_w9w10	-1.21830645184798	0.106434452475186	72	72	1.07752575480033e-17	3.82279502335059e-17
ko.K02031	Week_and_consortia	NS1_w9w10	-0.455958273719723	0.0396586115151094	72	72	1.07914414394735e-17	3.8258499755944e-17
ko.K03546	Week_and_consortia	NS1_w9w10	0.422500981309566	0.0369138784344159	72	72	1.08166930008019e-17	3.83211311641314e-17
ko.K03767	Week_and_consortia	NS1_w9w10	-1.30261166328839	0.113343767454222	72	72	1.10271798941605e-17	3.90394623863341e-17
ko.K05516	Week_and_consortia	NS1_w9w10	0.450189150498052	0.0393569486081358	72	72	1.11235795557454e-17	3.93531680081414e-17
ko.K10200	Week_and_consortia	NS1_w9w10	-3.42773230107591	0.299733383051869	72	72	1.12440205307001e-17	3.9751428776135e-17
ko.K09013	Week_and_consortia	NS1_w9w10	-0.102216232709591	0.00894315260496112	72	72	1.15361218055879e-17	4.07555855677135e-17
ko.K00812	Week_and_consortia	NS1_w9w10	0.280522578982959	0.0246051163294211	72	72	1.29394447757168e-17	4.56778659851028e-17
ko.K15771	Week_and_consortia	NS1_w9w10	-1.33681842558834	0.117256225501249	72	72	1.29474869538138e-17	4.56778659851028e-17
ko.K02548	Week_and_consortia	NS1_w9w10	0.315670478230487	0.0277159777923489	72	72	1.35522969723593e-17	4.7778230498506e-17
ko.K06020	Week_and_consortia	NS1_w9w10	-1.68908891026684	0.148398076908857	72	72	1.39576672502798e-17	4.91730369235798e-17
ko.K06908	Week_and_consortia	NS1_w9w10	-1.46238836596736	0.128506643055922	72	72	1.4086393314552e-17	4.95919575087921e-17
ko.K00132	Week_and_consortia	NS1_w9w10	-1.43474440972558	0.126093870077711	72	72	1.41706425849093e-17	4.98538205703076e-17
ko.K07053	Week_and_consortia	NS1_w9w10	0.480302417816767	0.0422140955980636	72	72	1.42054576510098e-17	4.9941525436953e-17
ko.K01785	Week_and_consortia	NS1_w9w10	0.334336656238151	0.0293968151704704	72	72	1.44676620830156e-17	5.08279755517349e-17
ko.K16906	Week_and_consortia	NS1_w9w10	-1.49793658857509	0.131748329191865	72	72	1.46755088476357e-17	5.15223562878775e-17
ko.K21556	Week_and_consortia	NS1_w9w10	0.835338193244012	0.0734719477282594	72	72	1.46871493099732e-17	5.15274154958226e-17
ko.K21571	Week_and_consortia	NS1_w9w10	0.771942993303944	0.0679079646931148	72	72	1.48056127305942e-17	5.19069781505633e-17
ko.K07027	Week_and_consortia	NS1_w9w10	0.44886645915321	0.0395022440382391	72	72	1.507167203425e-17	5.28031117316443e-17
ko.K08161	Week_and_consortia	NS1_w9w10	-1.20188528441607	0.105896725270744	72	72	1.5910999762886e-17	5.57050386708939e-17
ko.K18197	Week_and_consortia	NS1_w9w10	-0.797934306654064	0.0703168652905479	72	72	1.60334123090487e-17	5.60947361394141e-17
ko.K03335	Week_and_consortia	NS1_w9w10	-1.46618800610499	0.129234108302516	72	72	1.61946463405963e-17	5.66196216696835e-17
ko.K02230	Week_and_consortia	NS1_w9w10	1.35837598177701	0.119743570093031	72	72	1.62709973959455e-17	5.68472191177847e-17
ko.K02027	Week_and_consortia	NS1_w9w10	-1.11043870444975	0.0979540042447955	72	72	1.67843076621974e-17	5.8600084526207e-17
ko.K19242	Week_and_consortia	NS1_w9w10	-1.28739115365105	0.113123058080412	72	72	1.716276607124e-17	5.98800374253483e-17
ko.K14415	Week_and_consortia	NS1_w9w10	0.647791030874003	0.0571746485999859	72	72	1.72148273562787e-17	6.00202262276881e-17
ko.K03310	Week_and_consortia	NS1_w9w10	0.147910219042652	0.0130584579489532	72	72	1.74426778569372e-17	6.07726955401702e-17
ko.K01227	Week_and_consortia	NS1_w9w10	-1.07862579511903	0.0949923313954329	72	72	1.90890668265898e-17	6.64631051743155e-17
ko.K03814	Week_and_consortia	NS1_w9w10	0.732421336083738	0.0647996308632984	72	72	1.92070709575388e-17	6.68279080423459e-17
ko.K22397	Week_and_consortia	NS1_w9w10	-1.27123709188143	0.112665512492477	72	72	2.07846774795497e-17	7.22671649185719e-17
ko.K02372	Week_and_consortia	NS1_w9w10	-0.509475155095558	0.0450073279750149	72	72	2.18847217193061e-17	7.60396245707941e-17
ko.K02408	Week_and_consortia	NS1_w9w10	-1.08301063145579	0.0960967976190423	72	72	2.19291521964923e-17	7.61416336059651e-17
ko.K09797	Week_and_consortia	NS1_w9w10	0.599706686076586	0.0532392050492501	72	72	2.24317468609082e-17	7.78332315530963e-17
ko.K02303	Week_and_consortia	NS1_w9w10	-1.16829693976394	0.103877795616281	72	72	2.40774141437674e-17	8.34859960564949e-17
ko.K02026	Week_and_consortia	NS1_w9w10	-1.12780396332895	0.100343902653928	72	72	2.48129251007327e-17	8.59772960280531e-17
ko.K04116	Week_and_consortia	NS1_w9w10	-1.32740760136615	0.118149222179855	72	72	2.52554720564021e-17	8.74507503968083e-17
ko.K03569	Week_and_consortia	NS1_w9w10	-0.119236233633529	0.0106131336774518	72	72	2.52787496436746e-17	8.7471399451948e-17
ko.K06885	Week_and_consortia	NS1_w9w10	0.472507625061134	0.0420704727649837	72	72	2.56328906450326e-17	8.86361146739938e-17
ko.K00949	Week_and_consortia	NS1_w9w10	0.441788529469293	0.0393591300014256	72	72	2.63451923948072e-17	9.10368754983351e-17
ko.K01914	Week_and_consortia	NS1_w9w10	0.434193103373374	0.0386959089583267	72	72	2.67639705117581e-17	9.24207648840751e-17
ko.K11928	Week_and_consortia	NS1_w9w10	1.12234087436395	0.100039691588179	72	72	2.69473744746015e-17	9.29905299492398e-17
ko.K09004	Week_and_consortia	NS1_w9w10	-1.70463382341278	0.151307201534342	72	72	2.71812939322088e-17	9.37337180515486e-17
ko.K00605	Week_and_consortia	NS1_w9w10	0.124567611366896	0.0111137906675655	72	72	2.81236400520892e-17	9.69172097838708e-17
ko.K01191	Week_and_consortia	NS1_w9w10	0.568536444604206	0.0507397777448363	72	72	2.8516952773523e-17	9.82056205942999e-17
ko.K00610	Week_and_consortia	NS1_w9w10	0.429174209733717	0.0383113359765041	72	72	2.88261463432878e-17	9.92027870070094e-17
ko.K00975	Week_and_consortia	NS1_w9w10	-0.932129151421182	0.0832545402100267	72	72	2.9550697529809e-17	1.01627041470793e-16
ko.K08325	Week_and_consortia	NS1_w9w10	-0.783173592308355	0.0700395289713621	72	72	3.13041048077939e-17	1.07583903053724e-16
ko.K12507	Week_and_consortia	NS1_w9w10	-1.28548477830938	0.115027484291063	72	72	3.21278388041334e-17	1.1033979717096e-16
ko.K13819	Week_and_consortia	NS1_w9w10	-1.27327105721631	0.113464625687962	72	72	3.23576592560137e-17	1.11053596848764e-16
ko.K04655	Week_and_consortia	NS1_w9w10	-0.488614013249892	0.0437313402810976	72	72	3.2437561663742e-17	1.11252248150187e-16
ko.K12506	Week_and_consortia	NS1_w9w10	0.793715030083206	0.0711382459064849	72	72	3.45684087151323e-17	1.18480054836397e-16
ko.K03736	Week_and_consortia	NS1_w9w10	0.950743688740415	0.085256045935227	72	72	3.53797336018849e-17	1.21178585868964e-16
ko.K10193	Week_and_consortia	NS1_w9w10	-1.08231438760551	0.0970873997178471	72	72	3.59269333892261e-17	1.2296942241353e-16
ko.K07007	Week_and_consortia	NS1_w9w10	-0.801558262158421	0.0719279299948657	72	72	3.65026543295214e-17	1.24855389081071e-16
ko.K12343	Week_and_consortia	NS1_w9w10	0.970215435778546	0.0870668359947752	72	72	3.65866050076772e-17	1.25057867725836e-16
ko.K00865	Week_and_consortia	NS1_w9w10	0.375810947818047	0.0337357328774935	72	72	3.71075865413931e-17	1.26752891958836e-16
ko.K02052	Week_and_consortia	NS1_w9w10	-0.848595861854388	0.0762200964412724	72	72	3.80749322339921e-17	1.29969295706843e-16
ko.K10543	Week_and_consortia	NS1_w9w10	1.31828750196151	0.118500025273688	72	72	3.94412243253354e-17	1.34542245301549e-16
ko.K11060	Week_and_consortia	NS1_w9w10	-3.34561958988277	0.30076205946982	72	72	3.95977737351892e-17	1.34894101760065e-16
ko.K00372	Week_and_consortia	NS1_w9w10	-3.34561958988277	0.30076205946982	72	72	3.95977737351892e-17	1.34894101760065e-16
ko.K09607	Week_and_consortia	NS1_w9w10	-1.68676673517225	0.150994982276721	72	72	3.97356190773178e-17	1.35272471414157e-16
ko.K03284	Week_and_consortia	NS1_w9w10	-0.142828019876629	0.0128495542583396	72	72	4.09686527486557e-17	1.39376184300477e-16
ko.K00019	Week_and_consortia	NS1_w9w10	1.10464239921024	0.0994136873423667	72	72	4.16099887913197e-17	1.41462761355146e-16
ko.K03497	Week_and_consortia	NS1_w9w10	0.253691682758854	0.0228526243505175	72	72	4.33951704412865e-17	1.47432683974028e-16
ko.K03315	Week_and_consortia	NS1_w9w10	0.537115062819627	0.0484052120916114	72	72	4.42802882594305e-17	1.50338720622744e-16
ko.K00754	Week_and_consortia	NS1_w9w10	-1.05292953826233	0.0948968463128489	72	72	4.44073751441042e-17	1.50668945082616e-16
ko.K02474	Week_and_consortia	NS1_w9w10	-0.610582054146024	0.0550492373097324	72	72	4.5124881991014e-17	1.53000606589666e-16
ko.K00766	Week_and_consortia	NS1_w9w10	0.410002039242845	0.0370622494899103	72	72	5.07641228202214e-17	1.7200559925403e-16
ko.K07816	Week_and_consortia	NS1_w9w10	-1.03443771267552	0.093569455991532	72	72	5.22756352754714e-17	1.77008384324183e-16
ko.K06177	Week_and_consortia	NS1_w9w10	0.630739451902219	0.0571097046984173	72	72	5.46497535380628e-17	1.84923345528663e-16
ko.K03523	Week_and_consortia	NS1_w9w10	-0.890850154782915	0.0806841856912775	72	72	5.53527152845277e-17	1.87176651685029e-16
ko.K03385	Week_and_consortia	NS1_w9w10	-0.852573724131311	0.0772628725577779	72	72	5.68291633487188e-17	1.92040758018547e-16
ko.K00290	Week_and_consortia	NS1_w9w10	0.326031317077852	0.0295775516016131	72	72	5.96141243757294e-17	2.01317216808947e-16
ko.K01571	Week_and_consortia	NS1_w9w10	-0.526052657270646	0.0478283606289015	72	72	6.57645451179126e-17	2.21938865688507e-16
ko.K11069	Week_and_consortia	NS1_w9w10	0.405038481047335	0.0368556618191708	72	72	6.81873199506737e-17	2.29961508939121e-16
ko.K20117	Week_and_consortia	NS1_w9w10	-1.80411270784543	0.163899746299762	72	72	7.67065901723803e-17	2.58347795700577e-16
ko.K20118	Week_and_consortia	NS1_w9w10	-1.80411270784543	0.163899746299762	72	72	7.67065901723803e-17	2.58347795700577e-16
ko.K03405	Week_and_consortia	NS1_w9w10	0.927820335676067	0.0847222232276028	72	72	7.97550746848511e-17	2.64384932616711e-16
ko.K03404	Week_and_consortia	NS1_w9w10	0.927820335676067	0.0847222232276028	72	72	7.97550746848511e-17	2.64384932616711e-16
ko.K18012	Week_and_consortia	NS1_w9w10	0.927820335676067	0.0847222232276028	72	72	7.97550746848511e-17	2.64384932616711e-16
ko.K21898	Week_and_consortia	NS1_w9w10	0.927820335676067	0.0847222232276028	72	72	7.97550746848511e-17	2.64384932616711e-16
ko.K02585	Week_and_consortia	NS1_w9w10	0.927820335676075	0.0847222232276028	72	72	7.97550746848209e-17	2.64384932616711e-16
ko.K18014	Week_and_consortia	NS1_w9w10	0.927820335676067	0.0847222232276028	72	72	7.97550746848511e-17	2.64384932616711e-16
ko.K02591	Week_and_consortia	NS1_w9w10	0.927820335676075	0.0847222232276028	72	72	7.97550746848209e-17	2.64384932616711e-16
ko.K06296	Week_and_consortia	NS1_w9w10	0.927820335676075	0.0847222232276028	72	72	7.97550746848209e-17	2.64384932616711e-16
ko.K06297	Week_and_consortia	NS1_w9w10	0.927820335676075	0.0847222232276028	72	72	7.97550746848209e-17	2.64384932616711e-16
ko.K06317	Week_and_consortia	NS1_w9w10	0.927820335676075	0.0847222232276028	72	72	7.97550746848209e-17	2.64384932616711e-16
ko.K18814	Week_and_consortia	NS1_w9w10	0.927820335676075	0.0847222232276028	72	72	7.97550746848209e-17	2.64384932616711e-16
ko.K21563	Week_and_consortia	NS1_w9w10	0.927820335676075	0.0847222232276028	72	72	7.97550746848209e-17	2.64384932616711e-16
ko.K01849	Week_and_consortia	NS1_w9w10	0.927820335676075	0.0847222232276028	72	72	7.97550746848209e-17	2.64384932616711e-16
ko.K18122	Week_and_consortia	NS1_w9w10	0.927820335676075	0.0847222232276028	72	72	7.97550746848209e-17	2.64384932616711e-16
ko.K20975	Week_and_consortia	NS1_w9w10	0.927820335676075	0.0847222232276028	72	72	7.97550746848209e-17	2.64384932616711e-16
ko.K15598	Week_and_consortia	NS1_w9w10	0.927820335676075	0.0847222232276028	72	72	7.97550746848209e-17	2.64384932616711e-16
ko.K21559	Week_and_consortia	NS1_w9w10	0.927820335676075	0.0847222232276028	72	72	7.97550746848209e-17	2.64384932616711e-16
ko.K06313	Week_and_consortia	NS1_w9w10	0.927820335676075	0.0847222232276028	72	72	7.97550746848209e-17	2.64384932616711e-16
ko.K18856	Week_and_consortia	NS1_w9w10	0.927820335676075	0.0847222232276028	72	72	7.97550746848209e-17	2.64384932616711e-16
ko.K18866	Week_and_consortia	NS1_w9w10	0.927820335676075	0.0847222232276028	72	72	7.97550746848209e-17	2.64384932616711e-16
ko.K18348	Week_and_consortia	NS1_w9w10	0.927820335676075	0.0847222232276028	72	72	7.97550746848209e-17	2.64384932616711e-16
ko.K01844	Week_and_consortia	NS1_w9w10	0.927820335676075	0.0847222232276028	72	72	7.97550746848209e-17	2.64384932616711e-16
ko.K18011	Week_and_consortia	NS1_w9w10	0.927820335676075	0.0847222232276028	72	72	7.97550746848209e-17	2.64384932616711e-16
ko.K00728	Week_and_consortia	NS1_w9w10	0.927820335676075	0.0847222232276028	72	72	7.97550746848209e-17	2.64384932616711e-16
ko.K06373	Week_and_consortia	NS1_w9w10	0.452072796229462	0.041369275688204	72	72	8.77874503813726e-17	2.90821114312587e-16
ko.K16786	Week_and_consortia	NS1_w9w10	-0.50858191246232	0.0465482430461347	72	72	8.84448375962942e-17	2.92806893536355e-16
ko.K02342	Week_and_consortia	NS1_w9w10	0.259211311830531	0.0237410715282056	72	72	9.12410120976584e-17	3.018661382563e-16
ko.K20107	Week_and_consortia	NS1_w9w10	1.11999805808063	0.102672852982645	72	72	9.49754213059209e-17	3.13810221345659e-16
ko.K20108	Week_and_consortia	NS1_w9w10	1.11999805808063	0.102672852982645	72	72	9.49754213059209e-17	3.13810221345659e-16
ko.K00175	Week_and_consortia	NS1_w9w10	0.684825088547219	0.0627993443589058	72	72	9.63165702837682e-17	3.17825808669887e-16
ko.K00174	Week_and_consortia	NS1_w9w10	0.684825088547219	0.0627993443589058	72	72	9.63165702837682e-17	3.17825808669887e-16
ko.K02050	Week_and_consortia	NS1_w9w10	-0.421779446394601	0.0386841228551027	72	72	9.70273539282454e-17	3.19962266348235e-16
ko.K02525	Week_and_consortia	NS1_w9w10	1.13086766996152	0.103836110410247	72	72	1.02003589084453e-16	3.36152728019999e-16
ko.K09002	Week_and_consortia	NS1_w9w10	-2.41844868980437	0.221234326127228	72	72	1.04009044942057e-16	3.42538262742682e-16
ko.K16846	Week_and_consortia	NS1_w9w10	-2.41773446170047	0.221185610927414	72	72	1.04353575355912e-16	3.43449031073661e-16
ko.K04485	Week_and_consortia	NS1_w9w10	0.374322234273015	0.0344037968793516	72	72	1.06519681175595e-16	3.50349888866605e-16
ko.K10557	Week_and_consortia	NS1_w9w10	2.135072627417	0.196661344186096	72	72	1.17308324928194e-16	3.85082298594695e-16
ko.K11216	Week_and_consortia	NS1_w9w10	2.135072627417	0.196661344186096	72	72	1.17308324928194e-16	3.85082298594695e-16
ko.K10558	Week_and_consortia	NS1_w9w10	2.135072627417	0.196661344186096	72	72	1.17308324928194e-16	3.85082298594695e-16
ko.K07319	Week_and_consortia	NS1_w9w10	1.37558988344625	0.126896308295936	72	72	1.25387266546622e-16	4.11335370515282e-16
ko.K00135	Week_and_consortia	NS1_w9w10	-1.77723949976928	0.164043674969575	72	72	1.28665781414043e-16	4.21816695459925e-16
ko.K08218	Week_and_consortia	NS1_w9w10	0.292441423382356	0.0270357334305489	72	72	1.37962048748126e-16	4.52000175275962e-16
ko.K12111	Week_and_consortia	NS1_w9w10	-1.77415892919263	0.164022080577356	72	72	1.38109809111988e-16	4.52191027630437e-16
ko.K11624	Week_and_consortia	NS1_w9w10	0.920660366802667	0.0853516871342619	72	72	1.56056956137486e-16	5.10621594822912e-16
ko.K01586	Week_and_consortia	NS1_w9w10	-0.109354392427904	0.0101439789110083	72	72	1.60218645888156e-16	5.23899416845931e-16
ko.K01139	Week_and_consortia	NS1_w9w10	0.602917378329452	0.0559311925568072	72	72	1.60611892490584e-16	5.2484558917363e-16
ko.K01843	Week_and_consortia	NS1_w9w10	0.578375941338219	0.0537164874482909	72	72	1.68981533489514e-16	5.51838854032982e-16
ko.K01215	Week_and_consortia	NS1_w9w10	-1.34309831769113	0.124919076352237	72	72	1.79997343673247e-16	5.87433191367727e-16
ko.K03503	Week_and_consortia	NS1_w9w10	0.701308967666923	0.0650528411581757	72	72	1.91217488216586e-16	6.23647999012389e-16
ko.K03320	Week_and_consortia	NS1_w9w10	0.414501595892385	0.0386134848736488	72	72	1.93046195235016e-16	6.29206050533744e-16
ko.K07033	Week_and_consortia	NS1_w9w10	-1.02927479073624	0.0959257440288517	72	72	1.96810621097065e-16	6.41062061755236e-16
ko.K01868	Week_and_consortia	NS1_w9w10	-0.105304368656155	0.00983783088974083	72	72	2.18805248093808e-16	7.12244918408453e-16
ko.K03733	Week_and_consortia	NS1_w9w10	0.165044449976899	0.0154205380874219	72	72	2.19815027128278e-16	7.15071163587934e-16
ko.K01934	Week_and_consortia	NS1_w9w10	0.253204547554822	0.0236655336600282	72	72	2.23080600344728e-16	7.25227279885178e-16
ko.K01476	Week_and_consortia	NS1_w9w10	-0.950604392118223	0.0888565097381702	72	72	2.24087019730124e-16	7.28030626158578e-16
ko.K15772	Week_and_consortia	NS1_w9w10	-1.28646017592345	0.12035608250125	72	72	2.32891453124748e-16	7.56148856803488e-16
ko.K01295	Week_and_consortia	NS1_w9w10	4.16300587939876	0.389746091266233	72	67	2.40112226072462e-16	7.79092463788103e-16
ko.K00042	Week_and_consortia	NS1_w9w10	-0.797295534396912	0.0747784010131902	72	72	2.59779855277317e-16	8.42367027510274e-16
ko.K21394	Week_and_consortia	NS1_w9w10	1.25124839562016	0.117375351632169	72	72	2.61787366889224e-16	8.48332121567902e-16
ko.K08483	Week_and_consortia	NS1_w9w10	-0.620910146367144	0.0582812839021693	72	72	2.68910847209359e-16	8.70857435962617e-16
ko.K00018	Week_and_consortia	NS1_w9w10	0.476532056477724	0.0448135229008936	72	72	2.91902822259677e-16	9.44710479215817e-16
ko.K10547	Week_and_consortia	NS1_w9w10	1.1645318773387	0.109554256530038	72	72	2.96655985111073e-16	9.59478896786903e-16
ko.K01583	Week_and_consortia	NS1_w9w10	0.905790989982621	0.0849011010466737	72	72	3.00224950211387e-16	9.69780337895093e-16
ko.K01576	Week_and_consortia	NS1_w9w10	0.905790989982621	0.0849011010466737	72	72	3.00224950211387e-16	9.69780337895093e-16
ko.K17316	Week_and_consortia	NS1_w9w10	-0.954361242827034	0.0899215356209326	72	72	3.17375447511969e-16	1.024524447815e-15
ko.K00651	Week_and_consortia	NS1_w9w10	0.405999020683282	0.0382850901860284	72	72	3.28829682544288e-16	1.06082219426165e-15
ko.K16788	Week_and_consortia	NS1_w9w10	-2.25258817849318	0.211790743745716	72	72	3.44893358667961e-16	1.11193442756257e-15
ko.K01200	Week_and_consortia	NS1_w9w10	0.446888594808352	0.0421908388474886	72	72	3.46206120655663e-16	1.11545492445944e-15
ko.K10119	Week_and_consortia	NS1_w9w10	-1.21422259310216	0.114906874067322	72	72	3.83725175237566e-16	1.23555104225633e-15
ko.K02335	Week_and_consortia	NS1_w9w10	-0.111203383947682	0.010525971751189	72	72	3.87442661948806e-16	1.24672632367221e-15
ko.K00850	Week_and_consortia	NS1_w9w10	-0.25033456284202	0.0236969539214195	72	72	3.88509009482942e-16	1.24856712207877e-15
ko.K15534	Week_and_consortia	NS1_w9w10	-1.39772121494268	0.132309741785131	72	72	3.8849178026709e-16	1.24856712207877e-15
ko.K11962	Week_and_consortia	NS1_w9w10	-1.39728777664268	0.13233589354474	72	72	3.97143914641872e-16	1.27388638525126e-15
ko.K11963	Week_and_consortia	NS1_w9w10	-1.39728777664268	0.13233589354474	72	72	3.97143914641872e-16	1.27388638525126e-15
ko.K11959	Week_and_consortia	NS1_w9w10	-1.39728777664268	0.13233589354474	72	72	3.97143914641872e-16	1.27388638525126e-15
ko.K03718	Week_and_consortia	NS1_w9w10	0.665531855134536	0.0630573816748698	72	72	4.04156041542828e-16	1.29555604179846e-15
ko.K05571	Week_and_consortia	NS1_w9w10	-1.39706370972209	0.132371460379192	72	72	4.046026291429e-16	1.29616517592259e-15
ko.K09936	Week_and_consortia	NS1_w9w10	-0.866161340628581	0.0821153486225905	72	72	4.14717509137482e-16	1.32772677830327e-15
ko.K20480	Week_and_consortia	NS1_w9w10	-2.28734696725762	0.216890593754017	72	63	4.18171546445048e-16	1.33793708210284e-15
ko.K02121	Week_and_consortia	NS1_w9w10	0.567647205288985	0.0538476613789565	72	72	4.2573422297036e-16	1.36127170534573e-15
ko.K07048	Week_and_consortia	NS1_w9w10	-0.739113341911158	0.0701315831492979	72	72	4.30613258546471e-16	1.37600138025096e-15
ko.K03492	Week_and_consortia	NS1_w9w10	-1.54661854226883	0.14617686792855	72	72	4.31904860207656e-16	1.37925622867831e-15
ko.K05813	Week_and_consortia	NS1_w9w10	-0.896234979350424	0.0850967445354763	72	72	4.43176550576113e-16	1.41435750695548e-15
ko.K18234	Week_and_consortia	NS1_w9w10	0.443208952181404	0.0420894605346812	72	72	4.46447331589142e-16	1.42389641362901e-15
ko.K21147	Week_and_consortia	NS1_w9w10	1.3968864389635	0.13265886247958	72	72	4.46907271560051e-16	1.42446406051822e-15
ko.K10206	Week_and_consortia	NS1_w9w10	0.489871838811305	0.0466285597198587	72	72	4.93419396255286e-16	1.57172433157737e-15
ko.K02654	Week_and_consortia	NS1_w9w10	-0.465633122836417	0.0443327186167058	72	72	4.98896289985187e-16	1.58816890800577e-15
ko.K05297	Week_and_consortia	NS1_w9w10	-2.21874943422782	0.211478528628034	72	70	5.23153452719533e-16	1.66433957376516e-15
ko.K02781	Week_and_consortia	NS1_w9w10	-1.86691838614601	0.178135764589118	72	72	5.48037231414357e-16	1.74240660359052e-15
ko.K01479	Week_and_consortia	NS1_w9w10	-1.91649046886014	0.182976283937503	72	72	5.62498544783736e-16	1.78725952719965e-15
ko.K01066	Week_and_consortia	NS1_w9w10	-0.864594170292682	0.0825955279933446	72	72	5.7697616206262e-16	1.83210783830318e-15
ko.K10544	Week_and_consortia	NS1_w9w10	-1.91823721490245	0.183335755856761	72	72	5.88573533363278e-16	1.86775973024578e-15
ko.K10556	Week_and_consortia	NS1_w9w10	2.07409889599132	0.198241944758744	72	72	5.89813929336876e-16	1.87052101130565e-15
ko.K02172	Week_and_consortia	NS1_w9w10	-1.15981954758372	0.111030526639185	72	72	6.31303077829193e-16	2.00084262810106e-15
ko.K15533	Week_and_consortia	NS1_w9w10	-0.913775265069211	0.0876379689741754	72	72	6.83388363290021e-16	2.16456301651485e-15
ko.K00275	Week_and_consortia	NS1_w9w10	0.62331476509501	0.0597960018980534	72	72	6.90988465269715e-16	2.18726423968834e-15
ko.K08153	Week_and_consortia	NS1_w9w10	2.33828275367076	0.223447945214127	72	72	6.92469367603826e-16	2.19057936451755e-15
ko.K00286	Week_and_consortia	NS1_w9w10	0.0817881813362726	0.00785339025003226	72	72	7.18994197604881e-16	2.27306551082594e-15
ko.K01897	Week_and_consortia	NS1_w9w10	0.504816476401971	0.0484792412284886	72	72	7.22960031865494e-16	2.28417390930861e-15
ko.K03431	Week_and_consortia	NS1_w9w10	-0.831124056730313	0.0799094173630686	72	72	7.60295756444503e-16	2.40063385097352e-15
ko.K10742	Week_and_consortia	NS1_w9w10	1.40659774178512	0.13531045300405	72	72	7.77701066420876e-16	2.45405733139179e-15
ko.K01802	Week_and_consortia	NS1_w9w10	0.540232076680956	0.0520732072981888	72	72	8.47575111461927e-16	2.67287731779379e-15
ko.K00111	Week_and_consortia	NS1_w9w10	-0.587208862967533	0.0566034898248583	72	72	8.48966338743975e-16	2.67559447494358e-15
ko.K00283	Week_and_consortia	NS1_w9w10	0.438842377251787	0.0423199926329976	72	72	8.64701070293431e-16	2.72348491715861e-15
ko.K01640	Week_and_consortia	NS1_w9w10	0.902559640389383	0.0871065311936862	72	72	8.93944854670273e-16	2.81383763600886e-15
ko.K03427	Week_and_consortia	NS1_w9w10	-0.345690491480926	0.0333654413622459	72	72	8.96997277567295e-16	2.82168757551057e-15
ko.K19540	Week_and_consortia	NS1_w9w10	1.77228035989783	0.171335372869714	72	72	9.61427384724623e-16	3.02248360151138e-15
ko.K13566	Week_and_consortia	NS1_w9w10	0.584663554738298	0.0565373870227035	72	72	9.72366738518162e-16	3.05497311131452e-15
ko.K07736	Week_and_consortia	NS1_w9w10	-0.987915548930666	0.0955739836449497	72	72	9.90707884560701e-16	3.11066266799295e-15
ko.K09118	Week_and_consortia	NS1_w9w10	2.00907217645029	0.194390127841656	72	72	9.96447621370043e-16	3.1267412317773e-15
ko.K07173	Week_and_consortia	NS1_w9w10	0.651860002700504	0.0631543105895276	72	72	1.05380877543708e-15	3.30468152297215e-15
ko.K02819	Week_and_consortia	NS1_w9w10	-0.814548820232171	0.079341762353058	72	72	1.32471840177368e-15	4.14651633566333e-15
ko.K02818	Week_and_consortia	NS1_w9w10	-0.814548820232171	0.079341762353058	72	72	1.32471840177368e-15	4.14651633566333e-15
ko.K03555	Week_and_consortia	NS1_w9w10	0.179650498151798	0.0174985613903738	72	72	1.32332032434079e-15	4.14651633566333e-15
ko.K03574	Week_and_consortia	NS1_w9w10	-0.324733829018453	0.031696575952579	72	72	1.44642852973533e-15	4.52467921499868e-15
ko.K00674	Week_and_consortia	NS1_w9w10	-0.813478807568997	0.0791274285952132	72	72	1.46927953003878e-15	4.59331694663115e-15
ko.K03783	Week_and_consortia	NS1_w9w10	0.398919884311106	0.0390087902920735	72	72	1.56255101641757e-15	4.88099531155908e-15
ko.K01873	Week_and_consortia	NS1_w9w10	0.216344583517948	0.0211556951165267	72	72	1.56323246518262e-15	4.88099531155908e-15
ko.K01495	Week_and_consortia	NS1_w9w10	0.402739224460449	0.039420478124773	72	72	1.62798016480299e-15	5.08002210783491e-15
ko.K03553	Week_and_consortia	NS1_w9w10	0.21615549890424	0.0211643217515814	72	72	1.65033709044041e-15	5.1466067783364e-15
ko.K01643	Week_and_consortia	NS1_w9w10	0.91684509986109	0.0900137892694354	72	72	1.85008132268337e-15	5.76595363491448e-15
ko.K01876	Week_and_consortia	NS1_w9w10	-0.101483260434401	0.00997047969647478	72	72	1.90635326229548e-15	5.93766749760591e-15
ko.K19340	Week_and_consortia	NS1_w9w10	-0.589882496635686	0.0579857732008128	72	72	1.95020048311029e-15	6.07049466461686e-15
ko.K01247	Week_and_consortia	NS1_w9w10	-1.36755979230532	0.134473905245983	72	72	1.97605618056159e-15	6.14718954691942e-15
ko.K06218	Week_and_consortia	NS1_w9w10	1.76807865947106	0.174158546095547	72	71	2.12539531691224e-15	6.6076905483327e-15
ko.K00067	Week_and_consortia	NS1_w9w10	-0.134283536078018	0.013227394101361	72	72	2.12710830360344e-15	6.60894904662029e-15
ko.K04769	Week_and_consortia	NS1_w9w10	-0.846310623664394	0.0833668723317177	72	72	2.12962202842949e-15	6.6126923710054e-15
ko.K00666	Week_and_consortia	NS1_w9w10	0.413840828890448	0.0407692660503192	72	72	2.13702903267487e-15	6.63161589255126e-15
ko.K09927	Week_and_consortia	NS1_w9w10	-1.18162153676783	0.116459291199907	72	72	2.17802243788874e-15	6.75467732118718e-15
ko.K00112	Week_and_consortia	NS1_w9w10	1.52868137636248	0.150787750643949	72	72	2.25380898407495e-15	6.9768645757026e-15
ko.K00113	Week_and_consortia	NS1_w9w10	1.52868137636248	0.150787750643949	72	72	2.25380898407495e-15	6.9768645757026e-15
ko.K03819	Week_and_consortia	NS1_w9w10	1.52868137636248	0.150787750643949	72	72	2.25380898407495e-15	6.9768645757026e-15
ko.K11961	Week_and_consortia	NS1_w9w10	-1.29849249082435	0.128106412196834	72	72	2.27183747251365e-15	7.02836675513713e-15
ko.K10985	Week_and_consortia	NS1_w9w10	1.16659406818281	0.115706658981019	72	72	2.83871446757008e-15	8.77673530609795e-15
ko.K02081	Week_and_consortia	NS1_w9w10	-0.353928549184996	0.0351488610011575	72	72	2.99515743895534e-15	9.25476170128587e-15
ko.K03827	Week_and_consortia	NS1_w9w10	0.475883471771038	0.0473286267124827	72	72	3.18155634004047e-15	9.82470820897583e-15
ko.K18675	Week_and_consortia	NS1_w9w10	-1.27376355840109	0.126723730499224	72	72	3.22647505396709e-15	9.95733168762476e-15
ko.K22130	Week_and_consortia	NS1_w9w10	1.32768505165343	0.132114147154141	72	72	3.2529808114718e-15	1.00330030888617e-14
ko.K10117	Week_and_consortia	NS1_w9w10	-1.02417307673829	0.102044511495731	72	72	3.43341124927676e-15	1.05830345523772e-14
ko.K08156	Week_and_consortia	NS1_w9w10	0.745982511207438	0.0744391679087627	72	72	3.65664328989358e-15	1.12642450613063e-14
ko.K07038	Week_and_consortia	NS1_w9w10	-1.79680796285453	0.179662960061988	72	72	3.97982673783181e-15	1.22523367943487e-14
ko.K18349	Week_and_consortia	NS1_w9w10	-0.925867750130849	0.0925968395204022	72	72	4.01438210078035e-15	1.23511926754826e-14
ko.K06223	Week_and_consortia	NS1_w9w10	0.359747573173621	0.0359797682358569	72	72	4.01948834232486e-15	1.23593762053714e-14
ko.K16785	Week_and_consortia	NS1_w9w10	-0.799087194013279	0.0799359764743609	72	72	4.05333608296441e-15	1.24558721965549e-14
ko.K17240	Week_and_consortia	NS1_w9w10	-0.905721857602234	0.0907378885747892	72	72	4.31152578534193e-15	1.32412329893905e-14
ko.K03299	Week_and_consortia	NS1_w9w10	-0.663220409433635	0.0665588990627	72	72	4.63365975436889e-15	1.42219010200921e-14
ko.K16927	Week_and_consortia	NS1_w9w10	-1.7472580723599	0.175064813419491	72	72	5.04385195510333e-15	1.54714875999891e-14
ko.K02006	Week_and_consortia	NS1_w9w10	-0.66873041081342	0.067410392632897	72	72	5.56772366871948e-15	1.70680461009532e-14
ko.K03762	Week_and_consortia	NS1_w9w10	-1.03705457154201	0.104757444036999	72	72	6.06913695141567e-15	1.85938628735912e-14
ko.K01008	Week_and_consortia	NS1_w9w10	-0.76292204456274	0.0770829892635483	72	72	6.12417686546431e-15	1.87511160753489e-14
ko.K00016	Week_and_consortia	NS1_w9w10	-0.88089411428025	0.0890224388026167	72	72	6.18105177293167e-15	1.89137937957909e-14
ko.K12986	Week_and_consortia	NS1_w9w10	1.5375754650417	0.155503361946289	72	72	6.37616009316402e-15	1.94990077425331e-14
ko.K15552	Week_and_consortia	NS1_w9w10	-0.791120144735549	0.0801950356183783	72	72	7.01102464160814e-15	2.14275235870564e-14
ko.K03436	Week_and_consortia	NS1_w9w10	-0.635072534900419	0.0643961204007282	72	72	7.09872463347224e-15	2.16824406579817e-14
ko.K01239	Week_and_consortia	NS1_w9w10	-0.766131289771913	0.0776933338939575	72	72	7.12847165418411e-15	2.17601442881801e-14
ko.K19353	Week_and_consortia	NS1_w9w10	-1.29462337718281	0.131601412416403	72	72	7.86243295035911e-15	2.39861179137767e-14
ko.K09691	Week_and_consortia	NS1_w9w10	-0.615803015995846	0.062731190841253	72	72	8.57928895775941e-15	2.61572527547378e-14
ko.K01007	Week_and_consortia	NS1_w9w10	-0.739671674936836	0.0755015436721792	72	72	9.31657322673684e-15	2.83880144399726e-14
ko.K07214	Week_and_consortia	NS1_w9w10	0.947964080288623	0.0969415404089684	72	72	1.0045792255997e-14	3.05915265083162e-14
ko.K05825	Week_and_consortia	NS1_w9w10	-0.912012855874712	0.0929638373430192	72	72	1.01558906949875e-14	3.09081685488415e-14
ko.K11261	Week_and_consortia	NS1_w9w10	-1.04575811455353	0.107413824675961	72	72	1.20182635003473e-14	3.6554044072098e-14
ko.K03798	Week_and_consortia	NS1_w9w10	-0.106137070334232	0.0109029409284772	72	72	1.20719813182434e-14	3.66953367146604e-14
ko.K06969	Week_and_consortia	NS1_w9w10	-0.414637515263906	0.0425945066666377	72	72	1.20815208230906e-14	3.67022508708681e-14
ko.K05350	Week_and_consortia	NS1_w9w10	-1.0955982301323	0.112751643428382	72	72	1.30041867850613e-14	3.94814613209914e-14
ko.K07171	Week_and_consortia	NS1_w9w10	-0.821619272421198	0.0845611521667032	72	72	1.30391452089376e-14	3.95638207781097e-14
ko.K01551	Week_and_consortia	NS1_w9w10	-1.23647267897048	0.127276534930446	72	72	1.31168332370023e-14	3.97756551700694e-14
ko.K00880	Week_and_consortia	NS1_w9w10	1.24855669880087	0.12861442433444	72	72	1.35119575807029e-14	4.09492559674331e-14
ko.K18471	Week_and_consortia	NS1_w9w10	1.47779513027614	0.15231254338727	72	72	1.38182988856112e-14	4.18525455456282e-14
ko.K13927	Week_and_consortia	NS1_w9w10	1.07955763539696	0.111406432953679	72	72	1.45366235948918e-14	4.40018109055682e-14
ko.K08974	Week_and_consortia	NS1_w9w10	-0.699764753916968	0.0722151004483128	72	72	1.45522528353592e-14	4.40227433079248e-14
ko.K14260	Week_and_consortia	NS1_w9w10	0.521112126080062	0.0538211736145252	72	72	1.50294584980168e-14	4.54391528019036e-14
ko.K18120	Week_and_consortia	NS1_w9w10	0.697766120040129	0.0721312190840972	72	72	1.55877332715578e-14	4.70988208659749e-14
ko.K21613	Week_and_consortia	NS1_w9w10	-1.21293724024793	0.125834523594341	72	72	1.80017313155794e-14	5.43602789039493e-14
ko.K00864	Week_and_consortia	NS1_w9w10	-0.54767961722766	0.0568322668913294	72	72	1.81813549191279e-14	5.48698954907014e-14
ko.K07088	Week_and_consortia	NS1_w9w10	-0.367146584963512	0.0381932927888195	72	72	2.00955015173803e-14	6.06104320392867e-14
ko.K05910	Week_and_consortia	NS1_w9w10	-2.04381613390113	0.21189812412623	72	72	2.02074151339502e-14	6.0911611728351e-14
ko.K01222	Week_and_consortia	NS1_w9w10	-1.23944459157544	0.128992568635136	72	72	2.04522741905831e-14	6.16129333397889e-14
ko.K02587	Week_and_consortia	NS1_w9w10	0.908610931442084	0.0945779647192957	72	72	2.059374964836e-14	6.20021592512008e-14
ko.K13378	Week_and_consortia	NS1_w9w10	0.72197230833551	0.0752480660610395	72	72	2.16949317471292e-14	6.5278615358247e-14
ko.K03484	Week_and_consortia	NS1_w9w10	-0.872238844292435	0.0909736225659063	72	72	2.231611903762e-14	6.71077579631288e-14
ko.K01406	Week_and_consortia	NS1_w9w10	-0.884361190215735	0.0922627189827445	72	72	2.25577683193408e-14	6.77940782565793e-14
ko.K19221	Week_and_consortia	NS1_w9w10	0.461238290541474	0.0481796604581821	72	72	2.37155998866079e-14	7.12313975191101e-14
ko.K03811	Week_and_consortia	NS1_w9w10	0.338805011007697	0.0353967025477217	72	72	2.38795076417776e-14	7.16810888926086e-14
ko.K01815	Week_and_consortia	NS1_w9w10	0.575081399893157	0.060171346424945	72	72	2.53493655274548e-14	7.60480965823645e-14
ko.K21417	Week_and_consortia	NS1_w9w10	0.839930121838318	0.0879491903854659	72	72	2.61281383290357e-14	7.8337896046462e-14
ko.K02338	Week_and_consortia	NS1_w9w10	-0.150429428137361	0.0157541286919761	72	72	2.63042158659501e-14	7.88190382887187e-14
ko.K02440	Week_and_consortia	NS1_w9w10	-0.670274414045795	0.0702718883633172	72	72	2.74611364314776e-14	8.22369064918938e-14
ko.K05568	Week_and_consortia	NS1_w9w10	-0.950767584402204	0.0997696483532252	72	72	2.84778066875793e-14	8.52309712000301e-14
ko.K03475	Week_and_consortia	NS1_w9w10	-1.02201782110975	0.107330191548431	72	72	2.93804034283755e-14	8.78802830788354e-14
ko.K03152	Week_and_consortia	NS1_w9w10	-0.0826261706536324	0.00865548609348195	72	72	3.05177203045763e-14	9.12281201057513e-14
ko.K00833	Week_and_consortia	NS1_w9w10	0.223031924672079	0.023482010433421	72	72	3.2517125759443e-14	9.71475572659408e-14
ko.K00968	Week_and_consortia	NS1_w9w10	0.402557209881109	0.0424137944654304	72	72	3.3458539635025e-14	9.99010296903937e-14
ko.K04030	Week_and_consortia	NS1_w9w10	-0.576051996227381	0.0607090269174147	72	72	3.38039639072511e-14	1.00872785386552e-13
ko.K16209	Week_and_consortia	NS1_w9w10	-1.10300315285193	0.116270432664802	72	72	3.41181026901333e-14	1.01750091375769e-13
ko.K08224	Week_and_consortia	NS1_w9w10	0.714217317250236	0.0753625453523946	72	72	3.54971070171e-14	1.05800226932383e-13
ko.K03325	Week_and_consortia	NS1_w9w10	-1.19166173908438	0.125957881910644	72	72	3.8008119234965e-14	1.13217581589059e-13
ko.K03429	Week_and_consortia	NS1_w9w10	-0.697834826166955	0.0737619005607439	72	72	3.80328130144467e-14	1.13224379109596e-13
ko.K02417	Week_and_consortia	NS1_w9w10	-0.938796139097154	0.0992703904358599	72	72	3.8624719700569e-14	1.14918777342329e-13
ko.K08679	Week_and_consortia	NS1_w9w10	0.760495645645253	0.0804239640149039	72	72	3.87672414997963e-14	1.15274928815168e-13
ko.K13788	Week_and_consortia	NS1_w9w10	0.565557095413689	0.0598369666959913	72	72	3.94978097390551e-14	1.1737819694218e-13
ko.K01881	Week_and_consortia	NS1_w9w10	-0.0938325330952336	0.009937260381058	72	72	4.10421543270445e-14	1.21895922198841e-13
ko.K03394	Week_and_consortia	NS1_w9w10	0.558077439229305	0.0591178390831951	72	72	4.14594156190359e-14	1.23062848241698e-13
ko.K02124	Week_and_consortia	NS1_w9w10	0.384182182659163	0.040700197228608	72	72	4.15928094864065e-14	1.23313892913923e-13
ko.K02123	Week_and_consortia	NS1_w9w10	0.384182182659163	0.040700197228608	72	72	4.15928094864065e-14	1.23313892913923e-13
ko.K21071	Week_and_consortia	NS1_w9w10	0.101084064148974	0.0107205950993703	72	72	4.34415035869878e-14	1.28719340833702e-13
ko.K07052	Week_and_consortia	NS1_w9w10	0.191053125860569	0.02027049214855	72	72	4.4135607899772e-14	1.30699350005655e-13
ko.K00595	Week_and_consortia	NS1_w9w10	0.413329242814562	0.0438646339851057	72	72	4.45729526845591e-14	1.31917139403862e-13
ko.K20488	Week_and_consortia	NS1_w9w10	-1.13436708188083	0.120453006626027	72	72	4.55813765612574e-14	1.34822666503204e-13
ko.K07056	Week_and_consortia	NS1_w9w10	0.159790255327292	0.0169677706632907	72	72	4.56248294694369e-14	1.34872228484257e-13
ko.K00855	Week_and_consortia	NS1_w9w10	1.41650276624913	0.150517788024867	72	72	4.68703694979289e-14	1.38473161814934e-13
ko.K01770	Week_and_consortia	NS1_w9w10	0.161961172102242	0.0172164694892782	72	72	4.75696940357634e-14	1.4045709776077e-13
ko.K00962	Week_and_consortia	NS1_w9w10	-0.127832289340922	0.0135926748390806	72	72	4.81406359787419e-14	1.42059867385867e-13
ko.K00652	Week_and_consortia	NS1_w9w10	0.316700399005477	0.0336822097475015	72	72	4.85256627654294e-14	1.43112462516608e-13
ko.K07248	Week_and_consortia	NS1_w9w10	-0.78142330676403	0.0831427775990715	72	72	4.93540712829536e-14	1.45470693186395e-13
ko.K00762	Week_and_consortia	NS1_w9w10	-0.0771297633028973	0.00820722640251258	72	72	4.95169311526892e-14	1.45865618765823e-13
ko.K16874	Week_and_consortia	NS1_w9w10	-2.019520515888	0.214201722874618	72	72	4.98284077766448e-14	1.46697620097674e-13
ko.K04517	Week_and_consortia	NS1_w9w10	-0.587856645149689	0.0625974254858154	72	72	5.09343281027436e-14	1.4986617680551e-13
ko.K10555	Week_and_consortia	NS1_w9w10	1.41537390423331	0.150852705539802	72	72	5.28031620927399e-14	1.55274490624285e-13
ko.K02795	Week_and_consortia	NS1_w9w10	-1.57574810722292	0.167563663203237	72	72	5.49771478362581e-14	1.61573328021394e-13
ko.K19302	Week_and_consortia	NS1_w9w10	0.368412599317159	0.039335816714307	72	72	5.66312947821593e-14	1.663379658369e-13
ko.K04752	Week_and_consortia	NS1_w9w10	-1.61015465170387	0.172086055915106	72	72	5.8850655421354e-14	1.72756252869658e-13
ko.K17195	Week_and_consortia	NS1_w9w10	-1.14873393532515	0.122931225671259	72	72	6.19359027800463e-14	1.81707422093376e-13
ko.K03604	Week_and_consortia	NS1_w9w10	-0.937640667658999	0.100541933420603	72	72	6.69895149160244e-14	1.96419633984768e-13
ko.K16511	Week_and_consortia	NS1_w9w10	-0.908710674532213	0.0974601899775173	72	72	6.75410382400598e-14	1.97921882360083e-13
ko.K04771	Week_and_consortia	NS1_w9w10	-0.558509439291652	0.0599129585278339	72	72	6.8083465934847e-14	1.99395750668317e-13
ko.K16789	Week_and_consortia	NS1_w9w10	-0.842746406956262	0.0904602832585951	72	72	6.97673383733497e-14	2.04208918575992e-13
ko.K01990	Week_and_consortia	NS1_w9w10	-0.302266506782212	0.0325094696172733	72	72	7.53817621167739e-14	2.20514569898056e-13
ko.K13038	Week_and_consortia	NS1_w9w10	0.385173894511513	0.0414334264606553	72	72	7.5886706420987e-14	2.21863218078024e-13
ko.K13018	Week_and_consortia	NS1_w9w10	-0.795698177958462	0.085823984098134	72	72	8.42781107866607e-14	2.46253913067791e-13
ko.K03975	Week_and_consortia	NS1_w9w10	0.591080435814289	0.063780448932972	72	72	8.56567333738736e-14	2.49992961874529e-13
ko.K05593	Week_and_consortia	NS1_w9w10	0.575040221442721	0.0620492550943526	72	72	8.56364511798478e-14	2.49992961874529e-13
ko.K02022	Week_and_consortia	NS1_w9w10	-0.86357194950026	0.093195280890159	72	72	8.60761765579309e-14	2.51072080814473e-13
ko.K02821	Week_and_consortia	NS1_w9w10	-0.864502344272148	0.0934034394232857	72	72	9.00365115408317e-14	2.62472277151923e-13
ko.K16703	Week_and_consortia	NS1_w9w10	-0.931371911905674	0.100674584455541	72	72	9.16658954983708e-14	2.66914181013124e-13
ko.K11941	Week_and_consortia	NS1_w9w10	-0.931371911905674	0.100674584455541	72	72	9.16658954983708e-14	2.66914181013124e-13
ko.K00003	Week_and_consortia	NS1_w9w10	-0.528755393564264	0.0571835263507694	72	72	9.34864564103544e-14	2.72058512549027e-13
ko.K07727	Week_and_consortia	NS1_w9w10	0.362237698324081	0.0391957414470174	72	72	9.54252274527709e-14	2.77540730622567e-13
ko.K02118	Week_and_consortia	NS1_w9w10	0.373691108694277	0.0404538894669974	72	72	9.71695433136605e-14	2.82288978045206e-13
ko.K02117	Week_and_consortia	NS1_w9w10	0.373691108694277	0.0404538894669974	72	72	9.71695433136605e-14	2.82288978045206e-13
ko.K03704	Week_and_consortia	NS1_w9w10	-0.659372581379589	0.0715118030192677	72	72	1.04372357927016e-13	3.03039742670852e-13
ko.K11071	Week_and_consortia	NS1_w9w10	0.324734838541133	0.0352483132071651	72	72	1.07809503747182e-13	3.12839524945873e-13
ko.K01646	Week_and_consortia	NS1_w9w10	0.983031401318176	0.106846176980824	72	72	1.13560173634083e-13	3.2933754144626e-13
ko.K08322	Week_and_consortia	NS1_w9w10	-1.23098492817692	0.134210750499929	72	72	1.27994047840742e-13	3.70984469128761e-13
ko.K05606	Week_and_consortia	NS1_w9w10	0.170710266404043	0.0186231321256125	72	72	1.30971315280786e-13	3.79396264219341e-13
ko.K18346	Week_and_consortia	NS1_w9w10	-0.625552781977852	0.0682823518831244	72	72	1.33931810770407e-13	3.87749861324982e-13
ko.K04654	Week_and_consortia	NS1_w9w10	-0.632729319199871	0.0691541745161313	72	72	1.40711769450432e-13	4.07145394767228e-13
ko.K13004	Week_and_consortia	NS1_w9w10	1.23706219684856	0.135285103316734	72	72	1.43971072248451e-13	4.16337639953735e-13
ko.K01787	Week_and_consortia	NS1_w9w10	0.221179739502475	0.02419987481559	72	72	1.46669691751652e-13	4.23898903163242e-13
ko.K01130	Week_and_consortia	NS1_w9w10	-0.408001899637326	0.0446863500277218	72	72	1.52570488192091e-13	4.40701032788132e-13
ko.K03789	Week_and_consortia	NS1_w9w10	0.525451913205368	0.0575832546132302	72	72	1.55994592630917e-13	4.50334103983653e-13
ko.K06142	Week_and_consortia	NS1_w9w10	0.304543537052295	0.0333826110417901	72	72	1.57489319530383e-13	4.54389515858079e-13
ko.K05020	Week_and_consortia	NS1_w9w10	1.0834055709455	0.118914996607676	72	72	1.65705383346574e-13	4.77821687595259e-13
ko.K01631	Week_and_consortia	NS1_w9w10	-1.59553450332035	0.174655397533917	72	72	1.68602151702956e-13	4.85897359043545e-13
ko.K11070	Week_and_consortia	NS1_w9w10	0.30099028039347	0.0330850261512646	72	72	1.75247460488335e-13	5.04760644462412e-13
ko.K02413	Week_and_consortia	NS1_w9w10	-0.875462683323874	0.0962640026807202	72	72	1.77541570829224e-13	5.11076932096433e-13
ko.K06421	Week_and_consortia	NS1_w9w10	-0.901922823099627	0.0992079320426143	72	72	1.79920221156857e-13	5.17629246745127e-13
ko.K01895	Week_and_consortia	NS1_w9w10	0.50534615433382	0.0555945965442233	72	72	1.80980983131046e-13	5.20384705052955e-13
ko.K10972	Week_and_consortia	NS1_w9w10	-1.8321748345022	0.2016826365547	72	72	1.85148007129891e-13	5.2080608687094e-13
ko.K02452	Week_and_consortia	NS1_w9w10	-1.8321748345022	0.2016826365547	72	72	1.85148007129891e-13	5.2080608687094e-13
ko.K09020	Week_and_consortia	NS1_w9w10	-1.8321748345022	0.2016826365547	72	72	1.85148007129891e-13	5.2080608687094e-13
ko.K17948	Week_and_consortia	NS1_w9w10	-1.8321748345022	0.2016826365547	72	72	1.85148007129891e-13	5.2080608687094e-13
ko.K22110	Week_and_consortia	NS1_w9w10	-1.8321748345022	0.2016826365547	72	72	1.85148007129891e-13	5.2080608687094e-13
ko.K07357	Week_and_consortia	NS1_w9w10	-1.8321748345022	0.2016826365547	72	72	1.85148007129891e-13	5.2080608687094e-13
ko.K13637	Week_and_consortia	NS1_w9w10	-1.8321748345022	0.2016826365547	72	72	1.85148007129891e-13	5.2080608687094e-13
ko.K12687	Week_and_consortia	NS1_w9w10	-1.8321748345022	0.2016826365547	72	72	1.85148007129891e-13	5.2080608687094e-13
ko.K02464	Week_and_consortia	NS1_w9w10	-1.8321748345022	0.2016826365547	72	72	1.85148007129891e-13	5.2080608687094e-13
ko.K21512	Week_and_consortia	NS1_w9w10	-1.8321748345022	0.2016826365547	72	72	1.85148007129891e-13	5.2080608687094e-13
ko.K06946	Week_and_consortia	NS1_w9w10	-1.8321748345022	0.2016826365547	72	72	1.85148007129891e-13	5.2080608687094e-13
ko.K12518	Week_and_consortia	NS1_w9w10	-1.8321748345022	0.2016826365547	72	72	1.85148007129891e-13	5.2080608687094e-13
ko.K06887	Week_and_consortia	NS1_w9w10	-1.8321748345022	0.2016826365547	72	72	1.85148007129891e-13	5.2080608687094e-13
ko.K21511	Week_and_consortia	NS1_w9w10	-1.8321748345022	0.2016826365547	72	72	1.85148007129891e-13	5.2080608687094e-13
ko.K14744	Week_and_consortia	NS1_w9w10	-1.8321748345022	0.2016826365547	72	72	1.85148007129891e-13	5.2080608687094e-13
ko.K08172	Week_and_consortia	NS1_w9w10	-1.8321748345022	0.2016826365547	72	72	1.85148007129891e-13	5.2080608687094e-13
ko.K03435	Week_and_consortia	NS1_w9w10	-1.8321748345022	0.2016826365547	72	72	1.85148007129891e-13	5.2080608687094e-13
ko.K05804	Week_and_consortia	NS1_w9w10	-1.8321748345022	0.2016826365547	72	72	1.85148007129891e-13	5.2080608687094e-13
ko.K19334	Week_and_consortia	NS1_w9w10	-1.8321748345022	0.2016826365547	72	72	1.85148007129891e-13	5.2080608687094e-13
ko.K18842	Week_and_consortia	NS1_w9w10	-1.8321748345022	0.2016826365547	72	72	1.85148007129891e-13	5.2080608687094e-13
ko.K12957	Week_and_consortia	NS1_w9w10	-1.8321748345022	0.2016826365547	72	72	1.85148007129891e-13	5.2080608687094e-13
ko.K03611	Week_and_consortia	NS1_w9w10	-1.8321748345022	0.2016826365547	72	72	1.85148007129891e-13	5.2080608687094e-13
ko.K07285	Week_and_consortia	NS1_w9w10	-1.8321748345022	0.2016826365547	72	72	1.85148007129891e-13	5.2080608687094e-13
ko.K16136	Week_and_consortia	NS1_w9w10	-1.8321748345022	0.2016826365547	72	72	1.85148007129891e-13	5.2080608687094e-13
ko.K16140	Week_and_consortia	NS1_w9w10	-1.8321748345022	0.2016826365547	72	72	1.85148007129891e-13	5.2080608687094e-13
ko.K07786	Week_and_consortia	NS1_w9w10	-1.8321748345022	0.2016826365547	72	72	1.85148007129891e-13	5.2080608687094e-13
ko.K03566	Week_and_consortia	NS1_w9w10	-1.8321748345022	0.2016826365547	72	72	1.85148007129891e-13	5.2080608687094e-13
ko.K07677	Week_and_consortia	NS1_w9w10	-1.8321748345022	0.2016826365547	72	72	1.85148007129891e-13	5.2080608687094e-13
ko.K06906	Week_and_consortia	NS1_w9w10	-1.8321748345022	0.2016826365547	72	72	1.85148007129891e-13	5.2080608687094e-13
ko.K02394	Week_and_consortia	NS1_w9w10	-1.8321748345022	0.2016826365547	72	72	1.85148007129891e-13	5.2080608687094e-13
ko.K02393	Week_and_consortia	NS1_w9w10	-1.8321748345022	0.2016826365547	72	72	1.85148007129891e-13	5.2080608687094e-13
ko.K02391	Week_and_consortia	NS1_w9w10	-1.8321748345022	0.2016826365547	72	72	1.85148007129891e-13	5.2080608687094e-13
ko.K02386	Week_and_consortia	NS1_w9w10	-1.8321748345022	0.2016826365547	72	72	1.85148007129891e-13	5.2080608687094e-13
ko.K02399	Week_and_consortia	NS1_w9w10	-1.8321748345022	0.2016826365547	72	72	1.85148007129891e-13	5.2080608687094e-13
ko.K19745	Week_and_consortia	NS1_w9w10	-1.8321748345022	0.2016826365547	72	72	1.85148007129891e-13	5.2080608687094e-13
ko.K08485	Week_and_consortia	NS1_w9w10	-1.8321748345022	0.2016826365547	72	72	1.85148007129891e-13	5.2080608687094e-13
ko.K07724	Week_and_consortia	NS1_w9w10	-1.8321748345022	0.2016826365547	72	72	1.85148007129891e-13	5.2080608687094e-13
ko.K22104	Week_and_consortia	NS1_w9w10	-1.8321748345022	0.2016826365547	72	72	1.85148007129891e-13	5.2080608687094e-13
ko.K00885	Week_and_consortia	NS1_w9w10	-1.8321748345022	0.2016826365547	72	72	1.85148007129891e-13	5.2080608687094e-13
ko.K00459	Week_and_consortia	NS1_w9w10	2.00643227039412	0.220899352488976	72	66	1.86267518292808e-13	5.2366360735407e-13
ko.K00620	Week_and_consortia	NS1_w9w10	-0.461275075524536	0.0508275982572189	72	72	1.92438470490349e-13	5.40711430988456e-13
ko.K02009	Week_and_consortia	NS1_w9w10	-0.629374485992227	0.0693986984829158	72	72	1.97638016180467e-13	5.55012372286671e-13
ko.K01788	Week_and_consortia	NS1_w9w10	-0.76542388411826	0.0844198145263435	72	72	1.99389681710058e-13	5.59620373332895e-13
ko.K03483	Week_and_consortia	NS1_w9w10	-1.69373137354602	0.186239195449951	72	72	2.0071892260492e-13	5.63038310383152e-13
ko.K17722	Week_and_consortia	NS1_w9w10	0.517009275294447	0.0570701587897702	72	72	2.05961122152013e-13	5.77422635467242e-13
ko.K07568	Week_and_consortia	NS1_w9w10	0.152565149045059	0.0168504683145254	72	72	2.10464939179259e-13	5.89722059197791e-13
ko.K03797	Week_and_consortia	NS1_w9w10	0.232918294809764	0.0257262656809249	72	72	2.10770773420061e-13	5.90251633768375e-13
ko.K09702	Week_and_consortia	NS1_w9w10	0.491006823912407	0.0543431316149962	72	72	2.27794502365678e-13	6.37572202743161e-13
ko.K07667	Week_and_consortia	NS1_w9w10	-0.382177786036356	0.0421876178075084	72	72	2.32426376885751e-13	6.50176110756819e-13
ko.K09693	Week_and_consortia	NS1_w9w10	-0.715629623629235	0.0793455208097086	72	72	2.43860472849521e-13	6.81783679488533e-13
ko.K07322	Week_and_consortia	NS1_w9w10	0.573937443497941	0.0636391424384208	72	72	2.44409394093308e-13	6.82940408716478e-13
ko.K02120	Week_and_consortia	NS1_w9w10	0.362764901929294	0.0402514686628538	72	72	2.50846264312516e-13	7.00539152740094e-13
ko.K01226	Week_and_consortia	NS1_w9w10	-0.707183355103346	0.0784989380587898	72	72	2.54726314619435e-13	7.10981956606291e-13
ko.K03608	Week_and_consortia	NS1_w9w10	-0.86242074481327	0.0957658269619126	72	72	2.58310538633771e-13	7.20587985189294e-13
ko.K02954	Week_and_consortia	NS1_w9w10	0.151746222739212	0.0168637371512645	72	72	2.66216480259277e-13	7.42232703239441e-13
ko.K08681	Week_and_consortia	NS1_w9w10	-1.12894179544579	0.125873719542929	72	72	3.0156429787045e-13	8.39858231996425e-13
ko.K06215	Week_and_consortia	NS1_w9w10	-1.12894179544579	0.125873719542929	72	72	3.0156429787045e-13	8.39858231996425e-13
ko.K03833	Week_and_consortia	NS1_w9w10	0.758402415531385	0.0845803187953514	72	72	3.04366943495875e-13	8.47196583218271e-13
ko.K00284	Week_and_consortia	NS1_w9w10	0.368703874811997	0.0411253077881298	72	72	3.06012475141792e-13	8.51307832828377e-13
ko.K06956	Week_and_consortia	NS1_w9w10	-1.30341454095308	0.145072464975661	72	72	3.17556443259596e-13	8.82936241798281e-13
ko.K02037	Week_and_consortia	NS1_w9w10	0.118447075119766	0.0132371920474452	72	72	3.2924150803993e-13	9.14921946434394e-13
ko.K12940	Week_and_consortia	NS1_w9w10	0.620471301311298	0.0693469305091787	72	72	3.30217449358572e-13	9.17129496514296e-13
ko.K01258	Week_and_consortia	NS1_w9w10	0.0992527797871206	0.0111001906722623	72	72	3.38424257827818e-13	9.39406236563811e-13
ko.K05566	Week_and_consortia	NS1_w9w10	-1.19731743227863	0.133919558712459	72	72	3.39808555161362e-13	9.42730818602526e-13
ko.K13010	Week_and_consortia	NS1_w9w10	-0.865366497084994	0.0968038448436889	72	72	3.41521329454836e-13	9.46962544679381e-13
ko.K19271	Week_and_consortia	NS1_w9w10	-0.203242874951435	0.0227381464283663	72	72	3.42925613317376e-13	9.50334722149962e-13
ko.K02058	Week_and_consortia	NS1_w9w10	-0.64055672729594	0.0716874927259435	72	72	3.47307124707895e-13	9.61949338829103e-13
ko.K00945	Week_and_consortia	NS1_w9w10	-0.0724097337112653	0.00810504670541733	72	72	3.49510554101424e-13	9.67521818805696e-13
ko.K00936	Week_and_consortia	NS1_w9w10	-0.554628764092504	0.0621209581757794	72	72	3.58028358560912e-13	9.9055819685089e-13
ko.K02355	Week_and_consortia	NS1_w9w10	0.102159835918407	0.0114614794238284	72	72	3.8126783030222e-13	1.05427754717395e-12
ko.K02747	Week_and_consortia	NS1_w9w10	0.974835226530625	0.109490731165188	72	72	3.97657599181839e-13	1.09899682224653e-12
ko.K02072	Week_and_consortia	NS1_w9w10	-0.741801528065775	0.0834032260903352	72	72	4.13420287017932e-13	1.14193509568868e-12
ko.K21011	Week_and_consortia	NS1_w9w10	2.84621406141821	0.320125315063599	72	70	4.19086775927747e-13	1.1563224423741e-12
ko.K21012	Week_and_consortia	NS1_w9w10	2.84621406141821	0.320125315063599	72	70	4.19086775927747e-13	1.1563224423741e-12
ko.K00820	Week_and_consortia	NS1_w9w10	0.274471629355779	0.0307769546833431	72	72	4.19655264127055e-13	1.15725894889186e-12
ko.K02986	Week_and_consortia	NS1_w9w10	0.153207304472719	0.0172783230267368	72	72	4.63655345332453e-13	1.27789787486064e-12
ko.K07473	Week_and_consortia	NS1_w9w10	-0.899944063001674	0.10159411944452	72	72	4.81214598437224e-13	1.32557042055881e-12
ko.K03763	Week_and_consortia	NS1_w9w10	-0.780562923167866	0.0882102884154328	72	72	5.00599120363876e-13	1.37821621584649e-12
ko.K03771	Week_and_consortia	NS1_w9w10	0.21009823198721	0.023747215344199	72	72	5.04015525396699e-13	1.38686624962098e-12
ko.K02082	Week_and_consortia	NS1_w9w10	-0.637416159396536	0.0720541585515925	72	72	5.060025148284e-13	1.3915757783958e-12
ko.K07783	Week_and_consortia	NS1_w9w10	-0.722743730943121	0.0814862238216159	72	72	5.14949826027944e-13	1.41541160015951e-12
ko.K00632	Week_and_consortia	NS1_w9w10	-0.614604637203162	0.069313027363815	72	72	5.18905154697251e-13	1.4255077985484e-12
ko.K01524	Week_and_consortia	NS1_w9w10	-0.344886061259821	0.0390173498205188	72	72	5.21306389727312e-13	1.43132602222955e-12
ko.K05919	Week_and_consortia	NS1_w9w10	-0.83711069084387	0.0947279414949113	72	72	5.26403376060002e-13	1.4445355001929e-12
ko.K15524	Week_and_consortia	NS1_w9w10	-1.6438174025194	0.186050540692275	72	72	5.30136501854498e-13	1.45399001485826e-12
ko.K18104	Week_and_consortia	NS1_w9w10	-1.63829112096841	0.185431026598543	72	72	5.30773552213218e-13	1.45494736070601e-12
ko.K13787	Week_and_consortia	NS1_w9w10	1.13860181797169	0.12892807883924	72	72	5.39253266652259e-13	1.47739018607766e-12
ko.K00363	Week_and_consortia	NS1_w9w10	-1.63993437692635	0.185725420704092	72	72	5.4247293903349e-13	1.48540557615024e-12
ko.K07238	Week_and_consortia	NS1_w9w10	-0.438241141498289	0.0496610902798418	72	72	5.54646058003545e-13	1.51791543067926e-12
ko.K09913	Week_and_consortia	NS1_w9w10	-1.64168112296866	0.186079581866748	72	72	5.59758961652898e-13	1.52585216956085e-12
ko.K07054	Week_and_consortia	NS1_w9w10	-1.64168112296866	0.186079581866748	72	72	5.59758961652898e-13	1.52585216956085e-12
ko.K11936	Week_and_consortia	NS1_w9w10	-1.64168112296866	0.186079581866748	72	72	5.59758961652898e-13	1.52585216956085e-12
ko.K09780	Week_and_consortia	NS1_w9w10	-1.64168112296866	0.186079581866748	72	72	5.59758961652898e-13	1.52585216956085e-12
ko.K02815	Week_and_consortia	NS1_w9w10	-1.64168112296866	0.186079581866748	72	72	5.59758961652898e-13	1.52585216956085e-12
ko.K16326	Week_and_consortia	NS1_w9w10	-1.64168112296866	0.186079581866748	72	72	5.59758961652898e-13	1.52585216956085e-12
ko.K15736	Week_and_consortia	NS1_w9w10	-1.64168112296866	0.186079581866748	72	72	5.59758961652898e-13	1.52585216956085e-12
ko.K01633	Week_and_consortia	NS1_w9w10	0.501775437565599	0.0568755282864647	72	72	5.60053695835661e-13	1.52585216956085e-12
ko.K07104	Week_and_consortia	NS1_w9w10	-1.95290785243744	0.220681088452761	72	72	5.60264405094096e-13	1.52585216956085e-12
ko.K03621	Week_and_consortia	NS1_w9w10	-0.528125849840235	0.0599209625489213	72	72	5.80882811287503e-13	1.5811529971037e-12
ko.K03775	Week_and_consortia	NS1_w9w10	0.501603325931085	0.0569211644690538	72	72	5.8448355068773e-13	1.59009741414885e-12
ko.K02302	Week_and_consortia	NS1_w9w10	-0.684790352744519	0.0777901061828171	72	72	6.07657327233382e-13	1.65225232356461e-12
ko.K03340	Week_and_consortia	NS1_w9w10	0.216698248901973	0.0246261249480635	72	72	6.16784424135398e-13	1.67616724622487e-12
ko.K08317	Week_and_consortia	NS1_w9w10	-1.57761014344039	0.1793068065806	72	72	6.19772866931506e-13	1.68338307727848e-12
ko.K22431	Week_and_consortia	NS1_w9w10	0.862654962402339	0.0980664863212929	72	72	6.24377775287064e-13	1.69497932334779e-12
ko.K03803	Week_and_consortia	NS1_w9w10	0.490736931174319	0.0558224753192715	72	72	6.39358746637155e-13	1.73471556821209e-12
ko.K03182	Week_and_consortia	NS1_w9w10	-0.631712613409499	0.0719848915375735	72	72	6.82392422354211e-13	1.8494884751789e-12
ko.K03186	Week_and_consortia	NS1_w9w10	-0.631712613409499	0.0719848915375735	72	72	6.82392422354211e-13	1.8494884751789e-12
ko.K04762	Week_and_consortia	NS1_w9w10	0.499570884399228	0.0569762603139797	72	72	7.04611605257412e-13	1.90358172714462e-12
ko.K04084	Week_and_consortia	NS1_w9w10	0.499570884399228	0.0569762603139797	72	72	7.04611605257412e-13	1.90358172714462e-12
ko.K06076	Week_and_consortia	NS1_w9w10	0.499570884399228	0.0569762603139797	72	72	7.04611605257412e-13	1.90358172714462e-12
ko.K03558	Week_and_consortia	NS1_w9w10	0.499570884399228	0.0569762603139797	72	72	7.04611605257412e-13	1.90358172714462e-12
ko.K03634	Week_and_consortia	NS1_w9w10	0.499570884399228	0.0569762603139797	72	72	7.04611605257412e-13	1.90358172714462e-12
ko.K09810	Week_and_consortia	NS1_w9w10	0.499570884399228	0.0569762603139797	72	72	7.04611605257412e-13	1.90358172714462e-12
ko.K03929	Week_and_consortia	NS1_w9w10	0.585434223340538	0.0668180861449473	72	72	7.24072262322219e-13	1.95511120751034e-12
ko.K13643	Week_and_consortia	NS1_w9w10	1.28917745493354	0.147191696175692	72	72	7.33693235194048e-13	1.98003110267112e-12
ko.K02946	Week_and_consortia	NS1_w9w10	0.147321778406529	0.0168292218018201	72	72	7.48004630577577e-13	1.99310094603266e-12
ko.K02906	Week_and_consortia	NS1_w9w10	0.147321778406529	0.0168292218018201	72	72	7.48004630577577e-13	1.99310094603266e-12
ko.K02948	Week_and_consortia	NS1_w9w10	0.147321778406529	0.0168292218018201	72	72	7.48004630577577e-13	1.99310094603266e-12
ko.K02879	Week_and_consortia	NS1_w9w10	0.147321778406529	0.0168292218018201	72	72	7.48004630577577e-13	1.99310094603266e-12
ko.K02952	Week_and_consortia	NS1_w9w10	0.147321778406529	0.0168292218018201	72	72	7.48004630577577e-13	1.99310094603266e-12
ko.K02926	Week_and_consortia	NS1_w9w10	0.147321778406529	0.0168292218018201	72	72	7.48004630577577e-13	1.99310094603266e-12
ko.K02892	Week_and_consortia	NS1_w9w10	0.147321778406529	0.0168292218018201	72	72	7.48004630577577e-13	1.99310094603266e-12
ko.K02886	Week_and_consortia	NS1_w9w10	0.147321778406529	0.0168292218018201	72	72	7.48004630577577e-13	1.99310094603266e-12
ko.K02965	Week_and_consortia	NS1_w9w10	0.147321778406529	0.0168292218018201	72	72	7.48004630577577e-13	1.99310094603266e-12
ko.K02890	Week_and_consortia	NS1_w9w10	0.147321778406529	0.0168292218018201	72	72	7.48004630577577e-13	1.99310094603266e-12
ko.K02982	Week_and_consortia	NS1_w9w10	0.147321778406529	0.0168292218018201	72	72	7.48004630577577e-13	1.99310094603266e-12
ko.K02878	Week_and_consortia	NS1_w9w10	0.147321778406529	0.0168292218018201	72	72	7.48004630577577e-13	1.99310094603266e-12
ko.K02904	Week_and_consortia	NS1_w9w10	0.147321778406529	0.0168292218018201	72	72	7.48004630577577e-13	1.99310094603266e-12
ko.K02961	Week_and_consortia	NS1_w9w10	0.147321778406529	0.0168292218018201	72	72	7.48004630577577e-13	1.99310094603266e-12
ko.K02874	Week_and_consortia	NS1_w9w10	0.147321778406529	0.0168292218018201	72	72	7.48004630577577e-13	1.99310094603266e-12
ko.K02895	Week_and_consortia	NS1_w9w10	0.147321778406529	0.0168292218018201	72	72	7.48004630577577e-13	1.99310094603266e-12
ko.K02931	Week_and_consortia	NS1_w9w10	0.147321778406529	0.0168292218018201	72	72	7.48004630577577e-13	1.99310094603266e-12
ko.K02994	Week_and_consortia	NS1_w9w10	0.147321778406529	0.0168292218018201	72	72	7.48004630577577e-13	1.99310094603266e-12
ko.K02933	Week_and_consortia	NS1_w9w10	0.147321778406529	0.0168292218018201	72	72	7.48004630577577e-13	1.99310094603266e-12
ko.K02881	Week_and_consortia	NS1_w9w10	0.147321778406529	0.0168292218018201	72	72	7.48004630577577e-13	1.99310094603266e-12
ko.K02988	Week_and_consortia	NS1_w9w10	0.147321778406529	0.0168292218018201	72	72	7.48004630577577e-13	1.99310094603266e-12
ko.K02876	Week_and_consortia	NS1_w9w10	0.147321778406529	0.0168292218018201	72	72	7.48004630577577e-13	1.99310094603266e-12
ko.K01875	Week_and_consortia	NS1_w9w10	0.147321778406529	0.0168292218018201	72	72	7.48004630577577e-13	1.99310094603266e-12
ko.K02518	Week_and_consortia	NS1_w9w10	0.147321778406529	0.0168292218018201	72	72	7.48004630577577e-13	1.99310094603266e-12
ko.K19117	Week_and_consortia	NS1_w9w10	-0.554550859187476	0.0634739550784532	72	72	8.0467180907778e-13	2.142963615952e-12
ko.K10540	Week_and_consortia	NS1_w9w10	-0.741990146756352	0.0849462521103948	72	72	8.10991069142702e-13	2.15865483735982e-12
ko.K05879	Week_and_consortia	NS1_w9w10	-0.605071115870755	0.069317726134346	72	72	8.31376938945735e-13	2.21175160376717e-12
ko.K01839	Week_and_consortia	NS1_w9w10	-0.725029456915946	0.0830960680607671	72	72	8.44698260228988e-13	2.24600821614571e-12
ko.K08217	Week_and_consortia	NS1_w9w10	0.488346950897003	0.0558804416451793	72	72	8.8874053718287e-13	2.36187122243443e-12
ko.K00882	Week_and_consortia	NS1_w9w10	-0.721298386708394	0.0829350620064916	72	72	9.51166667617963e-13	2.52644269443005e-12
ko.K02567	Week_and_consortia	NS1_w9w10	-1.33789411389467	0.15387708541355	72	72	9.61622331439842e-13	2.55287231657072e-12
ko.K07485	Week_and_consortia	NS1_w9w10	1.05525257311149	0.121528728740162	72	72	1.00920772755336e-12	2.67779277289893e-12
ko.K19419	Week_and_consortia	NS1_w9w10	1.14346562611795	0.13174451620598	72	72	1.02529506657797e-12	2.71905022380678e-12
ko.K18138	Week_and_consortia	NS1_w9w10	0.420675125336622	0.0484926070806712	72	72	1.04448731349028e-12	2.76849418035304e-12
ko.K01256	Week_and_consortia	NS1_w9w10	-0.717456935199685	0.0827164627599486	72	72	1.05045816702611e-12	2.78286033550912e-12
ko.K08999	Week_and_consortia	NS1_w9w10	0.23481575853466	0.027074625452842	72	72	1.05393657394125e-12	2.79061193477527e-12
ko.K00183	Week_and_consortia	NS1_w9w10	1.81452809865921	0.209499637738268	72	43	1.10727642475118e-12	2.90143179348702e-12
ko.K14475	Week_and_consortia	NS1_w9w10	1.81452809865935	0.209499637738268	72	43	1.10727642466322e-12	2.90143179348702e-12
ko.K18830	Week_and_consortia	NS1_w9w10	1.81452809865928	0.209499637738268	72	43	1.10727642470793e-12	2.90143179348702e-12
ko.K09697	Week_and_consortia	NS1_w9w10	1.81452809865928	0.209499637738268	72	43	1.10727642470793e-12	2.90143179348702e-12
ko.K19449	Week_and_consortia	NS1_w9w10	1.81452809865928	0.209499637738268	72	43	1.10727642472167e-12	2.90143179348702e-12
ko.K09696	Week_and_consortia	NS1_w9w10	1.81452809865928	0.209499637738268	72	43	1.10727642472167e-12	2.90143179348702e-12
ko.K06236	Week_and_consortia	NS1_w9w10	1.81452809865928	0.209499637738268	72	43	1.10727642472167e-12	2.90143179348702e-12
ko.K00038	Week_and_consortia	NS1_w9w10	1.81452809865928	0.209499637738268	72	43	1.10727642472167e-12	2.90143179348702e-12
ko.K18363	Week_and_consortia	NS1_w9w10	1.81452809865928	0.209499637738268	72	43	1.10727642472167e-12	2.90143179348702e-12
ko.K21309	Week_and_consortia	NS1_w9w10	1.81452809865928	0.209499637738268	72	43	1.10727642472167e-12	2.90143179348702e-12
ko.K09834	Week_and_consortia	NS1_w9w10	1.81452809865928	0.209499637738268	72	43	1.10727642472167e-12	2.90143179348702e-12
ko.K15899	Week_and_consortia	NS1_w9w10	1.81452809865928	0.209499637738268	72	43	1.10727642472167e-12	2.90143179348702e-12
ko.K07755	Week_and_consortia	NS1_w9w10	1.81452809865928	0.209499637738268	72	43	1.10727642472167e-12	2.90143179348702e-12
ko.K19180	Week_and_consortia	NS1_w9w10	1.81452809865928	0.209499637738268	72	43	1.10727642472167e-12	2.90143179348702e-12
ko.K17882	Week_and_consortia	NS1_w9w10	1.81452809865928	0.209499637738268	72	43	1.10727642472167e-12	2.90143179348702e-12
ko.K15868	Week_and_consortia	NS1_w9w10	1.81452809865928	0.209499637738268	72	43	1.10727642472167e-12	2.90143179348702e-12
ko.K19341	Week_and_consortia	NS1_w9w10	1.81452809865928	0.209499637738268	72	43	1.10727642472167e-12	2.90143179348702e-12
ko.K02359	Week_and_consortia	NS1_w9w10	1.81452809865928	0.209499637738268	72	43	1.10727642472167e-12	2.90143179348702e-12
ko.K19003	Week_and_consortia	NS1_w9w10	1.81452809865928	0.209499637738268	72	43	1.10727642472167e-12	2.90143179348702e-12
ko.K00613	Week_and_consortia	NS1_w9w10	1.81452809865928	0.209499637738268	72	43	1.10727642472167e-12	2.90143179348702e-12
ko.K06975	Week_and_consortia	NS1_w9w10	-0.551790496395815	0.0635317514086245	72	72	1.11352767392497e-12	2.91629953793101e-12
ko.K00791	Week_and_consortia	NS1_w9w10	0.145447192194732	0.0167985410017806	72	72	1.12106938660371e-12	2.93452981405282e-12
ko.K11707	Week_and_consortia	NS1_w9w10	0.552062441243671	0.0638178445324054	72	72	1.15834770920569e-12	3.030539941433e-12
ko.K00024	Week_and_consortia	NS1_w9w10	0.230617828809242	0.0267202383027265	72	72	1.25947348687197e-12	3.29340582591986e-12
ko.K04488	Week_and_consortia	NS1_w9w10	-0.412892099796635	0.0478661934080646	72	72	1.28568951887957e-12	3.3602190633107e-12
ko.K18700	Week_and_consortia	NS1_w9w10	-1.21387259552382	0.140757640917623	72	72	1.29726264176322e-12	3.3887129608003e-12
ko.K07720	Week_and_consortia	NS1_w9w10	-0.930081241475634	0.107854155260524	72	72	1.29913192782614e-12	3.39184211854142e-12
ko.K08963	Week_and_consortia	NS1_w9w10	-0.565094141636837	0.0655634199287948	72	72	1.32391629197338e-12	3.454765034633e-12
ko.K03612	Week_and_consortia	NS1_w9w10	0.325953059606882	0.0378306981667044	72	72	1.34054067064238e-12	3.49634045848493e-12
ko.K21572	Week_and_consortia	NS1_w9w10	0.630521476087108	0.0731849362005663	72	72	1.34420836257671e-12	3.50409734145384e-12
ko.K19118	Week_and_consortia	NS1_w9w10	-0.548046400454653	0.0636216210802727	72	72	1.35163494582575e-12	3.52163988979458e-12
ko.K03313	Week_and_consortia	NS1_w9w10	0.484074583867603	0.0561979425276843	72	72	1.35399104108969e-12	3.52596017504388e-12
ko.K15531	Week_and_consortia	NS1_w9w10	-1.21215812442322	0.14073360567848	72	72	1.35745310648438e-12	3.53315460791297e-12
ko.K10122	Week_and_consortia	NS1_w9w10	1.18114901665211	0.137174827372706	72	72	1.37249136665222e-12	3.57045642859269e-12
ko.K09808	Week_and_consortia	NS1_w9w10	0.224218264879601	0.0260421359334348	72	72	1.37663291949899e-12	3.57938729249044e-12
ko.K02075	Week_and_consortia	NS1_w9w10	0.545557759872951	0.0634683875505327	72	72	1.46126124281353e-12	3.79747520508948e-12
ko.K06897	Week_and_consortia	NS1_w9w10	0.685467717139964	0.079771635431935	72	72	1.47909958178577e-12	3.84185660009344e-12
ko.K02856	Week_and_consortia	NS1_w9w10	0.59867776882334	0.0698815421194342	72	72	1.65017423495804e-12	4.2840083427585e-12
ko.K02769	Week_and_consortia	NS1_w9w10	-0.720393340245151	0.084195755827239	72	72	1.72790679963928e-12	4.48350547086678e-12
ko.K02437	Week_and_consortia	NS1_w9w10	0.100890788197685	0.0118088445134771	72	72	1.82194549143196e-12	4.72508656196831e-12
ko.K10012	Week_and_consortia	NS1_w9w10	-0.93922256083465	0.110167872620253	72	72	1.96872320258244e-12	5.10312448406695e-12
ko.K03438	Week_and_consortia	NS1_w9w10	-0.0694442224127539	0.00815691230098932	72	72	2.06995428023265e-12	5.36277385832582e-12
ko.K01070	Week_and_consortia	NS1_w9w10	0.439620886020211	0.0516532721860604	72	72	2.09239848770711e-12	5.41536739748786e-12
ko.K07387	Week_and_consortia	NS1_w9w10	0.439620886020211	0.0516532721860604	72	72	2.09239848770711e-12	5.41536739748786e-12
ko.K16012	Week_and_consortia	NS1_w9w10	-1.47556693810009	0.173411237978891	72	72	2.10963479847196e-12	5.4571812605634e-12
ko.K03544	Week_and_consortia	NS1_w9w10	-0.0694350186974187	0.00816354146957994	72	72	2.14169887088207e-12	5.53728899472683e-12
ko.K18478	Week_and_consortia	NS1_w9w10	-0.938374266190482	0.110342748213751	72	72	2.15375798483386e-12	5.56561909942744e-12
ko.K02411	Week_and_consortia	NS1_w9w10	-0.697820739466556	0.0820688875852635	72	72	2.16575853473023e-12	5.58805521831314e-12
ko.K02397	Week_and_consortia	NS1_w9w10	-0.697820739466556	0.0820688875852635	72	72	2.16575853473023e-12	5.58805521831314e-12
ko.K02389	Week_and_consortia	NS1_w9w10	-0.697820739466556	0.0820688875852635	72	72	2.16575853473023e-12	5.58805521831314e-12
ko.K03772	Week_and_consortia	NS1_w9w10	0.511991312245429	0.0602504962076845	72	72	2.21358779922344e-12	5.70854801514897e-12
ko.K09793	Week_and_consortia	NS1_w9w10	0.330172385542895	0.0388969557439775	72	72	2.30281386416868e-12	5.93259339203477e-12
ko.K10121	Week_and_consortia	NS1_w9w10	-0.833733818666104	0.0982201521268497	72	72	2.30249327652026e-12	5.93259339203477e-12
ko.K01193	Week_and_consortia	NS1_w9w10	-0.686219477343844	0.0808498273386987	72	72	2.31068387866037e-12	5.94983432976157e-12
ko.K01079	Week_and_consortia	NS1_w9w10	0.480597901573982	0.0566351518598744	72	72	2.32761271863677e-12	5.98427453157913e-12
ko.K08289	Week_and_consortia	NS1_w9w10	0.480597901573982	0.0566351518598744	72	72	2.32761271863677e-12	5.98427453157913e-12
ko.K01089	Week_and_consortia	NS1_w9w10	0.480597901573982	0.0566351518598744	72	72	2.32761271863677e-12	5.98427453157913e-12
ko.K20116	Week_and_consortia	NS1_w9w10	-1.35804494027039	0.159576597478838	72	72	2.32940753469304e-12	5.98584275954691e-12
ko.K01480	Week_and_consortia	NS1_w9w10	-0.579743643731639	0.0683648251668294	72	72	2.38466244983334e-12	6.12471514822472e-12
ko.K04751	Week_and_consortia	NS1_w9w10	0.336246931938415	0.0396854854256615	72	72	2.46013023555569e-12	6.31533432420088e-12
ko.K01470	Week_and_consortia	NS1_w9w10	0.41384486883134	0.0488819031630713	72	72	2.52965359409974e-12	6.49050785037679e-12
ko.K07078	Week_and_consortia	NS1_w9w10	0.505705532355107	0.0597549426152697	72	72	2.56449624262949e-12	6.57656599886507e-12
ko.K05815	Week_and_consortia	NS1_w9w10	-0.719361181832707	0.0850425334475382	72	72	2.61001330044401e-12	6.68989710494325e-12
ko.K03609	Week_and_consortia	NS1_w9w10	-0.763038426630269	0.0903567623497287	72	72	2.77087672460727e-12	7.09861521942999e-12
ko.K04516	Week_and_consortia	NS1_w9w10	0.531077978690526	0.0629582185495719	72	72	2.88260794946847e-12	7.38111270183209e-12
ko.K05810	Week_and_consortia	NS1_w9w10	0.116481417757451	0.0138337320277638	72	72	3.0757977116971e-12	7.87179839893299e-12
ko.K06147	Week_and_consortia	NS1_w9w10	-0.482594971002635	0.0573290916012935	72	72	3.10361511940596e-12	7.93896890290577e-12
ko.K18691	Week_and_consortia	NS1_w9w10	0.480077917407752	0.0570383429185312	72	72	3.11969672476597e-12	7.95593531222498e-12
ko.K01082	Week_and_consortia	NS1_w9w10	0.480077917407752	0.0570383429185312	72	72	3.11969672476597e-12	7.95593531222498e-12
ko.K03113	Week_and_consortia	NS1_w9w10	0.480077917407752	0.0570383429185312	72	72	3.11969672476597e-12	7.95593531222498e-12
ko.K11065	Week_and_consortia	NS1_w9w10	0.480091201248276	0.0570384089448442	72	72	3.1167469512122e-12	7.95593531222498e-12
ko.K14261	Week_and_consortia	NS1_w9w10	0.480077917407752	0.0570383429185312	72	72	3.11969672476597e-12	7.95593531222498e-12
ko.K03473	Week_and_consortia	NS1_w9w10	0.480077917407752	0.0570383429185312	72	72	3.11969672476597e-12	7.95593531222498e-12
ko.K10542	Week_and_consortia	NS1_w9w10	-0.638341136052244	0.0758950492108486	72	72	3.19894711330674e-12	8.15392573987168e-12
ko.K03442	Week_and_consortia	NS1_w9w10	0.415222211352405	0.0494147255983316	72	72	3.30982091250022e-12	8.43228202216394e-12
ko.K02760	Week_and_consortia	NS1_w9w10	0.879965094407179	0.104769567935022	72	72	3.3628709133084e-12	8.56311686191231e-12
ko.K15984	Week_and_consortia	NS1_w9w10	-0.906992235249906	0.108291227749079	72	72	3.71614275830171e-12	9.4579109395165e-12
ko.K03768	Week_and_consortia	NS1_w9w10	-0.183923001696423	0.0219615632693775	72	72	3.72755317451513e-12	9.48217454060949e-12
ko.K00634	Week_and_consortia	NS1_w9w10	0.37608885788074	0.0449252929089851	72	72	3.78071722486232e-12	9.61257343734496e-12
ko.K07219	Week_and_consortia	NS1_w9w10	-1.1234838146256	0.13398655129242	72	72	3.93678494648970e-12	1.00043448438964e-11
ko.K03624	Week_and_consortia	NS1_w9w10	0.286346999782385	0.0342633531043781	72	72	4.01516664057862e-12	1.01984021459041e-11
ko.K17836	Week_and_consortia	NS1_w9w10	-0.212205223949768	0.0253964025121022	72	72	4.04109795800285e-12	1.02591089868494e-11
ko.K00940	Week_and_consortia	NS1_w9w10	-0.44980168128973	0.0538440657570102	72	72	4.07440854805186e-12	1.03384791485475e-11
ko.K07177	Week_and_consortia	NS1_w9w10	-1.51642077981469	0.181022984856477	72	72	4.08072949623036e-12	1.03493199874276e-11
ko.K07461	Week_and_consortia	NS1_w9w10	-0.727284465580101	0.0870748394782508	72	72	4.09826934545583e-12	1.03885884261128e-11
ko.K01113	Week_and_consortia	NS1_w9w10	-0.661402783805585	0.0792033820781533	72	72	4.12823186424076e-12	1.04592915637634e-11
ko.K07243	Week_and_consortia	NS1_w9w10	-1.50119136991612	0.18009079967016	72	72	4.39824115269352e-12	1.11378016558434e-11
ko.K02662	Week_and_consortia	NS1_w9w10	-2.13321971327018	0.255953011337201	72	72	4.42307571681161e-12	1.11950794195051e-11
ko.K18148	Week_and_consortia	NS1_w9w10	-0.591375174765691	0.0709702042693018	72	72	4.45497257079273e-12	1.12701659627666e-11
ko.K03290	Week_and_consortia	NS1_w9w10	-1.50245088425255	0.180337482027259	72	72	4.48141772097417e-12	1.13313925557365e-11
ko.K00588	Week_and_consortia	NS1_w9w10	0.486473524828258	0.0584746575285188	72	72	4.71412203951454e-12	1.19138291864069e-11
ko.K02420	Week_and_consortia	NS1_w9w10	-0.776341749718808	0.0933523081010925	72	72	4.77719262567709e-12	1.20551334390213e-11
ko.K02421	Week_and_consortia	NS1_w9w10	-0.776341749718808	0.0933523081010925	72	72	4.77719262567709e-12	1.20551334390213e-11
ko.K02419	Week_and_consortia	NS1_w9w10	-0.776341749718808	0.0933523081010925	72	72	4.77719262567709e-12	1.20551334390213e-11
ko.K05595	Week_and_consortia	NS1_w9w10	0.288004721077319	0.034636879243471	72	72	4.80326370831427e-12	1.21148718194726e-11
ko.K03321	Week_and_consortia	NS1_w9w10	0.187931300008805	0.0226023444251375	72	72	4.80920347964421e-12	1.21238003888037e-11
ko.K06920	Week_and_consortia	NS1_w9w10	0.228342722306531	0.0275596191762386	72	72	5.44483456059758e-12	1.37125145564003e-11
ko.K09457	Week_and_consortia	NS1_w9w10	0.228342722306531	0.0275596191762386	72	72	5.44483456059758e-12	1.37125145564003e-11
ko.K04764	Week_and_consortia	NS1_w9w10	0.228334572860926	0.0275600672142107	72	72	5.45478165306873e-12	1.37307209323883e-11
ko.K01356	Week_and_consortia	NS1_w9w10	-0.600748618228348	0.0726379770142594	72	72	5.80149625737366e-12	1.45961947670576e-11
ko.K01912	Week_and_consortia	NS1_w9w10	0.531714837659621	0.0643678607675191	72	72	6.04985265388147e-12	1.52134672012987e-11
ko.K03518	Week_and_consortia	NS1_w9w10	0.737220556721576	0.0893467021146314	72	72	6.29403772212471e-12	1.58196410806836e-11
ko.K07282	Week_and_consortia	NS1_w9w10	0.300440089107699	0.0363701824898616	72	72	6.65143499449576e-12	1.67096218757795e-11
ko.K01966	Week_and_consortia	NS1_w9w10	-0.178647384883299	0.0216862573083509	72	72	6.66262323156725e-12	1.67294098239949e-11
ko.K00010	Week_and_consortia	NS1_w9w10	-0.991323446767043	0.120446600962856	72	72	6.875556749242e-12	1.72554956270097e-11
ko.K03630	Week_and_consortia	NS1_w9w10	0.26649437486915	0.0324063126745197	72	72	7.07869096243704e-12	1.77564780249414e-11
ko.K02770	Week_and_consortia	NS1_w9w10	-0.67612440858367	0.0822328497543606	72	72	7.12268477296026e-12	1.78579669841167e-11
ko.K10213	Week_and_consortia	NS1_w9w10	-1.53583680872721	0.186849057632904	72	72	7.19574527217109e-12	1.8032194997524e-11
ko.K13993	Week_and_consortia	NS1_w9w10	0.348134802077766	0.042402268721316	72	72	7.48774371789612e-12	1.87546263077894e-11
ko.K08295	Week_and_consortia	NS1_w9w10	0.525587910005806	0.0640326328619234	72	72	7.55669719917146e-12	1.88153939133634e-11
ko.K01277	Week_and_consortia	NS1_w9w10	0.525587910005806	0.0640326328619234	72	72	7.55669719917146e-12	1.88153939133634e-11
ko.K09011	Week_and_consortia	NS1_w9w10	0.525587910005806	0.0640326328619234	72	72	7.55669719917146e-12	1.88153939133634e-11
ko.K13421	Week_and_consortia	NS1_w9w10	0.525587910005806	0.0640326328619234	72	72	7.55669719917146e-12	1.88153939133634e-11
ko.K01144	Week_and_consortia	NS1_w9w10	0.525587910005806	0.0640326328619234	72	72	7.55669719917146e-12	1.88153939133634e-11
ko.K01468	Week_and_consortia	NS1_w9w10	0.525587910005806	0.0640326328619234	72	72	7.55669719917146e-12	1.88153939133634e-11
ko.K00603	Week_and_consortia	NS1_w9w10	0.525587910005806	0.0640326328619234	72	72	7.55669719917146e-12	1.88153939133634e-11
ko.K13990	Week_and_consortia	NS1_w9w10	0.525587910005806	0.0640326328619234	72	72	7.55669719917146e-12	1.88153939133634e-11
ko.K01712	Week_and_consortia	NS1_w9w10	0.525587910005806	0.0640326328619234	72	72	7.55669719917146e-12	1.88153939133634e-11
ko.K12585	Week_and_consortia	NS1_w9w10	0.525587910005806	0.0640326328619234	72	72	7.55669719917146e-12	1.88153939133634e-11
ko.K00895	Week_and_consortia	NS1_w9w10	0.525587910005806	0.0640326328619234	72	72	7.55669719917146e-12	1.88153939133634e-11
ko.K09650	Week_and_consortia	NS1_w9w10	0.525587910005806	0.0640326328619234	72	72	7.55669719917146e-12	1.88153939133634e-11
ko.K19286	Week_and_consortia	NS1_w9w10	0.525483313660877	0.0640362636498336	72	72	7.62426441062246e-12	1.89742777352043e-11
ko.K01129	Week_and_consortia	NS1_w9w10	0.0905515773084125	0.0110074622191345	72	72	7.67884391290589e-12	1.91006988911869e-11
ko.K07650	Week_and_consortia	NS1_w9w10	0.672114696472959	0.0819550323728225	72	72	7.7879761478664e-12	1.9353101573547e-11
ko.K07770	Week_and_consortia	NS1_w9w10	0.672114696472959	0.0819550323728225	72	72	7.7879761478664e-12	1.9353101573547e-11
ko.K00819	Week_and_consortia	NS1_w9w10	-0.76933540620315	0.093814552744566	72	72	7.80187174518705e-12	1.9378100322854e-11
ko.K04758	Week_and_consortia	NS1_w9w10	-0.43192832775746	0.0526899605905908	72	72	7.90354120766700e-12	1.96127396601553e-11
ko.K02443	Week_and_consortia	NS1_w9w10	-0.673290672655054	0.0821333760657446	72	72	7.9041048986691e-12	1.96127396601553e-11
ko.K19510	Week_and_consortia	NS1_w9w10	0.808580589961066	0.0987676246852566	72	72	8.27569526755484e-12	2.05246993086338e-11
ko.K01267	Week_and_consortia	NS1_w9w10	-0.73683913084197	0.0900308835755101	72	72	8.36049876430367e-12	2.07248477709824e-11
ko.K09961	Week_and_consortia	NS1_w9w10	1.9457303345286	0.237368234365289	72	72	8.70810851802121e-12	2.1575951070644e-11
ko.K02557	Week_and_consortia	NS1_w9w10	-0.507569985595994	0.062108293863008	72	72	8.79535026121561e-12	2.17814262351281e-11
ko.K07979	Week_and_consortia	NS1_w9w10	-0.836466464970901	0.102387321362273	72	72	8.89698852526782e-12	2.2022335144367e-11
ko.K03610	Week_and_consortia	NS1_w9w10	-0.774078155303158	0.0948653128543113	72	72	9.2773361499944e-12	2.29525476149715e-11
ko.K01420	Week_and_consortia	NS1_w9w10	-0.690939461359554	0.0848380387616495	72	72	9.90950995492002e-12	2.45045738092295e-11
ko.K00004	Week_and_consortia	NS1_w9w10	-1.07724492965321	0.132543719801091	72	72	1.06390957564694e-11	2.6295847241528e-11
ko.K15773	Week_and_consortia	NS1_w9w10	-0.839081738024657	0.103372379278448	72	72	1.11184294914361e-11	2.74671421959584e-11
ko.K03294	Week_and_consortia	NS1_w9w10	0.325400760299435	0.0400902115448062	72	72	1.11356661604886e-11	2.74962783200334e-11
ko.K03571	Week_and_consortia	NS1_w9w10	-0.61090171564623	0.0752762314721726	72	72	1.11947305566633e-11	2.76286168892344e-11
ko.K14652	Week_and_consortia	NS1_w9w10	0.234964275384802	0.028977102079598	72	72	1.15246255960092e-11	2.84289104057805e-11
ko.K01286	Week_and_consortia	NS1_w9w10	-0.696999472895729	0.0860641327397571	72	72	1.20246190600584e-11	2.96478162476404e-11
ko.K03407	Week_and_consortia	NS1_w9w10	-0.724800819336159	0.0895241021446939	72	72	1.21503661093273e-11	2.99432436996691e-11
ko.K15587	Week_and_consortia	NS1_w9w10	-0.549369096754701	0.0679021826736173	72	72	1.24401636778714e-11	3.0642470453733e-11
ko.K01933	Week_and_consortia	NS1_w9w10	-0.105769824611309	0.0130736015847134	72	72	1.24538857839923e-11	3.06613211407063e-11
ko.K05341	Week_and_consortia	NS1_w9w10	-0.75092968748705	0.0928624653751441	72	72	1.26596724538462e-11	3.11527838464838e-11
ko.K19955	Week_and_consortia	NS1_w9w10	0.361866094110859	0.0447610561011237	72	72	1.27716222768169e-11	3.14129677422002e-11
ko.K07313	Week_and_consortia	NS1_w9w10	1.07865335820705	0.133471772639697	72	72	1.29289482115272e-11	3.17844507857106e-11
ko.K03700	Week_and_consortia	NS1_w9w10	-0.775833533600063	0.0961057091020623	72	72	1.34205699160211e-11	3.29770035096004e-11
ko.K09809	Week_and_consortia	NS1_w9w10	-0.640645531844749	0.0793646732762468	72	72	1.34510656767273e-11	3.30358696153749e-11
ko.K00600	Week_and_consortia	NS1_w9w10	0.275997224775095	0.0342011336543549	72	72	1.35857009144385e-11	3.33503211952106e-11
ko.K07012	Week_and_consortia	NS1_w9w10	-0.460939641092318	0.0571465034302753	72	72	1.3812160926501e-11	3.38897702771651e-11
ko.K21701	Week_and_consortia	NS1_w9w10	1.73472848300017	0.215135628252913	72	44	1.39600506321913e-11	3.42360076669079e-11
ko.K01214	Week_and_consortia	NS1_w9w10	-0.722444078380448	0.089670012420049	72	72	1.43637398774737e-11	3.52089344303721e-11
ko.K00974	Week_and_consortia	NS1_w9w10	0.276832399337504	0.0343758875083251	72	72	1.45846292786e-11	3.57157281219036e-11
ko.K11031	Week_and_consortia	NS1_w9w10	-1.16961450301637	0.145236619384421	72	72	1.45804822278352e-11	3.57157281219036e-11
ko.K02395	Week_and_consortia	NS1_w9w10	0.59504137592988	0.0738956531226162	72	72	1.46245108264158e-11	3.57960410344247e-11
ko.K03487	Week_and_consortia	NS1_w9w10	-0.700126431286275	0.0870770053491181	72	72	1.53972713874096e-11	3.7669256682418e-11
ko.K21416	Week_and_consortia	NS1_w9w10	-0.664285081357293	0.0826614768588858	72	72	1.56675152111586e-11	3.83118522975669e-11
ko.K00611	Week_and_consortia	NS1_w9w10	-0.416518521145363	0.0518691731649119	72	72	1.60738025507731e-11	3.92863330849084e-11
ko.K03719	Week_and_consortia	NS1_w9w10	-0.42321586312939	0.0528111065972782	72	72	1.72321965968819e-11	4.20972230210094e-11
ko.K07533	Week_and_consortia	NS1_w9w10	-0.526228014416099	0.0656908591765286	72	72	1.74597177361477e-11	4.2632428227655e-11
ko.K12554	Week_and_consortia	NS1_w9w10	1.04054386973671	0.130121855143234	72	72	1.85265886736814e-11	4.52156164151877e-11
ko.K10778	Week_and_consortia	NS1_w9w10	0.433626793784801	0.0542718226496571	72	72	1.90671171460489e-11	4.65123495035437e-11
ko.K07735	Week_and_consortia	NS1_w9w10	0.21670898819095	0.0271310087562966	72	72	1.92625406157606e-11	4.69663876403583e-11
ko.K17758	Week_and_consortia	NS1_w9w10	0.110919819823116	0.0138959540031824	72	72	1.9703346655997e-11	4.80179967709102e-11
ko.K01224	Week_and_consortia	NS1_w9w10	0.586912399549246	0.0735490856155812	72	72	1.98958817410129e-11	4.84638353691404e-11
ko.K17318	Week_and_consortia	NS1_w9w10	-1.03529756244943	0.129835171308086	72	72	2.04030526403658e-11	4.96752876815074e-11
ko.K07504	Week_and_consortia	NS1_w9w10	0.991310422876295	0.124362723616669	72	72	2.06481406320006e-11	5.02477873183368e-11
ko.K03337	Week_and_consortia	NS1_w9w10	-0.952648120110225	0.11952954331301	72	72	2.07483257915232e-11	5.04672806445717e-11
ko.K07069	Week_and_consortia	NS1_w9w10	-1.09235391165295	0.137108289709552	72	72	2.10043145917571e-11	5.10653500084489e-11
ko.K12257	Week_and_consortia	NS1_w9w10	-0.150708386009022	0.0189211994940074	72	72	2.11862831571044e-11	5.14829737901354e-11
ko.K16905	Week_and_consortia	NS1_w9w10	-1.09153337732872	0.137253137026135	72	72	2.23255502457459e-11	5.42253268468789e-11
ko.K03784	Week_and_consortia	NS1_w9w10	-0.485724455355763	0.0611485473796919	72	72	2.32284981916907e-11	5.63913372726678e-11
ko.K01744	Week_and_consortia	NS1_w9w10	-0.486068060338422	0.0612409745710765	72	72	2.38652344912655e-11	5.79093009845692e-11
ko.K00248	Week_and_consortia	NS1_w9w10	-0.790852186012516	0.0997328748543354	72	72	2.46124091820718e-11	5.96936587555578e-11
ko.K01719	Week_and_consortia	NS1_w9w10	0.425337968553834	0.0536919283157388	72	72	2.54487241643594e-11	6.16923965826985e-11
ko.K03549	Week_and_consortia	NS1_w9w10	-1.08203147371578	0.136592739867113	72	72	2.54740746344204e-11	6.17242326393725e-11
ko.K01512	Week_and_consortia	NS1_w9w10	-0.641819760286861	0.0812090276404841	72	72	2.75272936920444e-11	6.6667252028863e-11
ko.K00857	Week_and_consortia	NS1_w9w10	0.397224663218448	0.0503488895350623	72	72	2.91936870140837e-11	7.06691455654771e-11
ko.K01753	Week_and_consortia	NS1_w9w10	-0.861372984058676	0.109204572315432	72	72	2.9410043975724e-11	7.1158784561953e-11
ko.K01634	Week_and_consortia	NS1_w9w10	0.431712381689857	0.0547655292654935	72	72	3.00119731266242e-11	7.25804156226451e-11
ko.K06310	Week_and_consortia	NS1_w9w10	-0.754525387846739	0.0957513726480114	72	72	3.03798752322732e-11	7.34349902743753e-11
ko.K16153	Week_and_consortia	NS1_w9w10	0.539644915702184	0.0684867594145694	72	72	3.04439145547657e-11	7.35545941323178e-11
ko.K07082	Week_and_consortia	NS1_w9w10	0.278410091893141	0.0353820971249803	72	72	3.18809310301602e-11	7.69897053366966e-11
ko.K21393	Week_and_consortia	NS1_w9w10	-1.47873301755627	0.188319545053615	72	72	3.41785600084171e-11	8.2498846231497e-11
ko.K03781	Week_and_consortia	NS1_w9w10	-0.453029771115274	0.0578151445786594	72	72	3.66424893671779e-11	8.84039428285495e-11
ko.K00851	Week_and_consortia	NS1_w9w10	-0.750882374190637	0.0958588270055549	72	72	3.70519293492606e-11	8.93490916813672e-11
ko.K08093	Week_and_consortia	NS1_w9w10	-1.41006958451397	0.180074680782587	72	72	3.74846480816604e-11	9.03494475708722e-11
ko.K01255	Week_and_consortia	NS1_w9w10	-0.893189617922452	0.114285886935102	72	72	3.9957585275166e-11	9.6264053795965e-11
ko.K01751	Week_and_consortia	NS1_w9w10	0.60883896960846	0.0779148113352381	72	72	4.01673094004818e-11	9.67231873647446e-11
ko.K00891	Week_and_consortia	NS1_w9w10	-0.0801756897894621	0.0102615637195257	72	72	4.03307651842543e-11	9.70705220156517e-11
ko.K21350	Week_and_consortia	NS1_w9w10	-1.09038723931582	0.139710151340182	72	72	4.18216625503531e-11	1.00610971049707e-10
ko.K05786	Week_and_consortia	NS1_w9w10	-1.3526331086158	0.173497688069387	72	72	4.33332785860669e-11	1.04197869308334e-10
ko.K02418	Week_and_consortia	NS1_w9w10	-0.72593687687306	0.0933238521156491	72	72	4.66836892726392e-11	1.12200760326058e-10
ko.K02796	Week_and_consortia	NS1_w9w10	-0.74293094318737	0.095709689080564	72	72	5.00319207284188e-11	1.20190805287671e-10
ko.K07192	Week_and_consortia	NS1_w9w10	-0.277332595648627	0.035730571617387	72	72	5.01517473725220e-11	1.20421401010447e-10
ko.K00091	Week_and_consortia	NS1_w9w10	0.471563824961333	0.0607815312465977	72	72	5.08864635672948e-11	1.22127512561507e-10
ko.K07120	Week_and_consortia	NS1_w9w10	-1.4521081674858	0.187249464295476	72	72	5.16251634364641e-11	1.23841560152429e-10
ko.K06871	Week_and_consortia	NS1_w9w10	-0.257378289410506	0.0331981756027916	72	72	5.20986289177931e-11	1.24918022445511e-10
ko.K19165	Week_and_consortia	NS1_w9w10	-1.06734756925881	0.137704278735443	72	72	5.24911735070254e-11	1.2579952967623e-10
ko.K19294	Week_and_consortia	NS1_w9w10	-0.671108514721872	0.086697820314372	72	72	5.48173354230189e-11	1.31312080871072e-10
ko.K03488	Week_and_consortia	NS1_w9w10	-0.724388282872121	0.0937827362068831	72	72	5.88273474273553e-11	1.40851070712322e-10
ko.K01955	Week_and_consortia	NS1_w9w10	-0.0914018352982567	0.0118523134168515	72	72	6.19949519964806e-11	1.48364991703562e-10
ko.K12240	Week_and_consortia	NS1_w9w10	0.752566192991247	0.0976021164172925	72	72	6.23049277633958e-11	1.49036219252214e-10
ko.K18431	Week_and_consortia	NS1_w9w10	-0.996936942277471	0.129384317913315	72	72	6.37231959173531e-11	1.52356642581386e-10
ko.K04656	Week_and_consortia	NS1_w9w10	-0.449875759264505	0.0584523452726272	72	72	6.61386215236605e-11	1.58056913877735e-10
ko.K00901	Week_and_consortia	NS1_w9w10	0.467787162399903	0.0608428648527859	72	72	6.84196174800576e-11	1.6343068912967e-10
ko.K00965	Week_and_consortia	NS1_w9w10	-0.602121291331545	0.0784385282659671	72	72	7.20172322203842e-11	1.71942843656607e-10
ko.K06993	Week_and_consortia	NS1_w9w10	-2.51039618600677	0.328054449843739	72	72	7.97101908616102e-11	1.90220068130777e-10
ko.K22432	Week_and_consortia	NS1_w9w10	-0.788716462826743	0.103209777867769	72	72	8.33332476908528e-11	1.98772222537388e-10
ko.K16212	Week_and_consortia	NS1_w9w10	0.495461163043991	0.0648528657645733	72	72	8.40790028727889e-11	2.00456405150226e-10
ko.K03706	Week_and_consortia	NS1_w9w10	-0.696098332704469	0.0911184716405983	72	72	8.41809931017282e-11	2.00604894882043e-10
ko.K07586	Week_and_consortia	NS1_w9w10	-0.992069648879692	0.12992206694242	72	72	8.54751518021811e-11	2.03592865112974e-10
ko.K07250	Week_and_consortia	NS1_w9w10	-0.746858179379689	0.0975790384367424	72	72	8.56112076898976e-11	2.03820839420058e-10
ko.K00966	Week_and_consortia	NS1_w9w10	-0.66146775136954	0.0866813901686842	72	72	8.72514318501207e-11	2.07627995151582e-10
ko.K02843	Week_and_consortia	NS1_w9w10	0.197438851976611	0.0258899366510376	72	72	8.90948050216641e-11	2.1191476222667e-10
ko.K06167	Week_and_consortia	NS1_w9w10	-0.118432745586119	0.0155321800451992	72	72	8.95079580264684e-11	2.12725085249372e-10
ko.K09772	Week_and_consortia	NS1_w9w10	-0.706909128195144	0.0927098703115101	72	72	8.95197013539519e-11	2.12725085249372e-10
ko.K01915	Week_and_consortia	NS1_w9w10	0.0724834838992999	0.00950917296136278	72	72	9.0464570764624e-11	2.1486930489087e-10
ko.K17202	Week_and_consortia	NS1_w9w10	1.0908862079676	0.143247899268582	72	72	9.32273278101221e-11	2.21327283880046e-10
ko.K05782	Week_and_consortia	NS1_w9w10	1.01322524417218	0.133073690229516	72	72	9.37642813021592e-11	2.22497486678491e-10
ko.K03296	Week_and_consortia	NS1_w9w10	0.155943502004584	0.020487460769831	72	72	9.47057040849766e-11	2.24625923491691e-10
ko.K01042	Week_and_consortia	NS1_w9w10	0.646427621422244	0.085005535021764	72	72	9.76031316271692e-11	2.31389498348409e-10
ko.K10006	Week_and_consortia	NS1_w9w10	0.940201613941702	0.123869047933691	72	72	1.03669660640078e-10	2.454260194722e-10
ko.K10007	Week_and_consortia	NS1_w9w10	0.940201613941702	0.123869047933691	72	72	1.03669660640078e-10	2.454260194722e-10
ko.K01210	Week_and_consortia	NS1_w9w10	0.940201613941702	0.123869047933691	72	72	1.03669660640078e-10	2.454260194722e-10
ko.K17320	Week_and_consortia	NS1_w9w10	-1.01217506067451	0.133556405989947	72	72	1.08909841875628e-10	2.57710782742703e-10
ko.K03688	Week_and_consortia	NS1_w9w10	-0.73816728510471	0.0974184593050294	72	72	1.09533757331023e-10	2.59065796833488e-10
ko.K06403	Week_and_consortia	NS1_w9w10	-0.742150495152366	0.0979772520670626	72	72	1.10727125776713e-10	2.61398803469136e-10
ko.K06404	Week_and_consortia	NS1_w9w10	-0.742150495152366	0.0979772520670626	72	72	1.10727125776713e-10	2.61398803469136e-10
ko.K22477	Week_and_consortia	NS1_w9w10	-0.742150495152366	0.0979772520670626	72	72	1.10727125776713e-10	2.61398803469136e-10
ko.K06298	Week_and_consortia	NS1_w9w10	-0.742150495152366	0.0979772520670626	72	72	1.10727125776713e-10	2.61398803469136e-10
ko.K06173	Week_and_consortia	NS1_w9w10	-0.0700847494610265	0.00925509175393629	72	72	1.11744285705049e-10	2.63676847913081e-10
ko.K07391	Week_and_consortia	NS1_w9w10	0.0957727652746704	0.012659431761344	72	72	1.15216435874845e-10	2.71742966405098e-10
ko.K00917	Week_and_consortia	NS1_w9w10	-1.05344801362541	0.139060559906553	72	72	1.19244557201051e-10	2.81112227242048e-10
ko.K03925	Week_and_consortia	NS1_w9w10	0.157686504721114	0.0208774363662781	72	72	1.21404331106479e-10	2.86070280200528e-10
ko.K07260	Week_and_consortia	NS1_w9w10	-0.785264297399402	0.104079612981558	72	72	1.25647054650528e-10	2.95929566477607e-10
ko.K00821	Week_and_consortia	NS1_w9w10	-0.119038099881936	0.0158007174371478	72	72	1.31702296537372e-10	3.10046599304194e-10
ko.K07343	Week_and_consortia	NS1_w9w10	-0.515619427406444	0.068445277546801	72	72	1.3192855609778e-10	3.10434590314851e-10
ko.K21903	Week_and_consortia	NS1_w9w10	0.611807515098959	0.0812376903365218	72	72	1.33178406148461e-10	3.13229659153642e-10
ko.K01667	Week_and_consortia	NS1_w9w10	0.407073306648265	0.0541462493429549	72	72	1.40732942352109e-10	3.30843566664893e-10
ko.K02526	Week_and_consortia	NS1_w9w10	0.857957015385009	0.114168093500677	72	72	1.42635386583977e-10	3.35159987452209e-10
ko.K01696	Week_and_consortia	NS1_w9w10	0.0872856754871569	0.0116464835539845	72	72	1.55394986687338e-10	3.64972325776118e-10
ko.K03151	Week_and_consortia	NS1_w9w10	-0.570543058420691	0.0761374373720913	72	72	1.56053784402409e-10	3.66349311710488e-10
ko.K00549	Week_and_consortia	NS1_w9w10	0.366163383613189	0.0488744938296669	72	72	1.57167895499092e-10	3.68793408296058e-10
ko.K21636	Week_and_consortia	NS1_w9w10	-0.184812257920829	0.0247043112416195	72	72	1.64607157217513e-10	3.86070268460016e-10
ko.K14090	Week_and_consortia	NS1_w9w10	-0.714431908705055	0.0953958387073073	72	72	1.71150638872783e-10	4.00859076302874e-10
ko.K14088	Week_and_consortia	NS1_w9w10	-0.714431908705055	0.0953958387073073	72	72	1.71150638872783e-10	4.00859076302874e-10
ko.K15555	Week_and_consortia	NS1_w9w10	-0.545212889898087	0.0729678046171842	72	72	1.70994908346978e-10	4.00859076302874e-10
ko.K02777	Week_and_consortia	NS1_w9w10	-1.33468294777455	0.178217452015528	72	72	1.71401767585723e-10	4.0126122791616e-10
ko.K07718	Week_and_consortia	NS1_w9w10	-0.827674774234197	0.110855140638268	72	72	1.75158529957772e-10	4.0986609233287e-10
ko.K14761	Week_and_consortia	NS1_w9w10	-0.573528796578425	0.0768218301412059	72	72	1.75582879574581e-10	4.10668846116102e-10
ko.K07221	Week_and_consortia	NS1_w9w10	-0.465390287704578	0.062345984671409	72	72	1.76372368868018e-10	4.1232448288812e-10
ko.K02768	Week_and_consortia	NS1_w9w10	-0.644605476822963	0.0863788014871894	72	72	1.77942337876078e-10	4.15802354740955e-10
ko.K08352	Week_and_consortia	NS1_w9w10	2.00782252952323	0.269091209867867	72	70	1.78732381134733e-10	4.17455381180152e-10
ko.K02551	Week_and_consortia	NS1_w9w10	-0.183844997165925	0.024640025361011	72	72	1.78929051703117e-10	4.1772161238639e-10
ko.K07495	Week_and_consortia	NS1_w9w10	-1.41224110128404	0.189320835201629	72	72	1.80235821047215e-10	4.19802382632795e-10
ko.K10539	Week_and_consortia	NS1_w9w10	-1.41224110128404	0.189320835201629	72	72	1.80235821047215e-10	4.19802382632795e-10
ko.K10537	Week_and_consortia	NS1_w9w10	-1.41224110128404	0.189320835201629	72	72	1.80235821047215e-10	4.19802382632795e-10
ko.K03207	Week_and_consortia	NS1_w9w10	-1.41224110128404	0.189320835201629	72	72	1.80235821047215e-10	4.19802382632795e-10
ko.K07678	Week_and_consortia	NS1_w9w10	-1.41224110128404	0.189320835201629	72	72	1.80235821047215e-10	4.19802382632795e-10
ko.K01929	Week_and_consortia	NS1_w9w10	-0.103944712367099	0.013946338631051	72	72	1.85116378463531e-10	4.30971402763943e-10
ko.K06911	Week_and_consortia	NS1_w9w10	0.191503457877443	0.0257108643164396	72	72	1.88943427114969e-10	4.39678578436124e-10
ko.K02049	Week_and_consortia	NS1_w9w10	-0.303946277549909	0.0407932507749548	72	72	1.97850389471945e-10	4.60193447335297e-10
ko.K11358	Week_and_consortia	NS1_w9w10	-0.698305542469055	0.0941093926857745	72	72	2.1285193889202e-10	4.9485871849171e-10
ko.K01207	Week_and_consortia	NS1_w9w10	-0.494759617258669	0.0666854485174301	72	72	2.1361139254751e-10	4.96395931531749e-10
ko.K02237	Week_and_consortia	NS1_w9w10	-0.556233174139504	0.0749724730005548	72	72	2.13736570689354e-10	4.96458462125342e-10
ko.K17759	Week_and_consortia	NS1_w9w10	0.100690675529408	0.0135745070277674	72	72	2.15126990574049e-10	4.9945843583644e-10
ko.K07403	Week_and_consortia	NS1_w9w10	-0.423732861806546	0.0572118592749196	72	72	2.25595358604654e-10	5.23522164295229e-10
ko.K03149	Week_and_consortia	NS1_w9w10	0.268230755639776	0.0362221907800567	72	72	2.26771940671211e-10	5.26010947782809e-10
ko.K09698	Week_and_consortia	NS1_w9w10	-0.620856812801307	0.0838852889141171	72	72	2.30528696190009e-10	5.34479565466694e-10
ko.K13663	Week_and_consortia	NS1_w9w10	-0.861405170477429	0.116607676566106	72	72	2.4462257315937e-10	5.66895981468411e-10
ko.K13829	Week_and_consortia	NS1_w9w10	-0.705421733198321	0.0954961149404164	72	72	2.44924968165429e-10	5.67336514980169e-10
ko.K00266	Week_and_consortia	NS1_w9w10	0.254774811128068	0.0344977789149829	72	72	2.4665086951414e-10	5.71072498985076e-10
ko.K19997	Week_and_consortia	NS1_w9w10	0.543215106614469	0.0736077652403477	72	72	2.52330031621531e-10	5.8395387986806e-10
ko.K08964	Week_and_consortia	NS1_w9w10	-1.40362105399316	0.190568441727199	72	70	2.68167083517697e-10	6.20320561323903e-10
ko.K00996	Week_and_consortia	NS1_w9w10	-0.578373196305101	0.078542633497803	72	72	2.70020078571066e-10	6.24321023771636e-10
ko.K03521	Week_and_consortia	NS1_w9w10	0.258636952559111	0.0351416625961828	72	72	2.74587903193609e-10	6.34591988533446e-10
ko.K19267	Week_and_consortia	NS1_w9w10	-1.62816970567616	0.220748502507719	72	72	2.75984602381754e-10	6.366548909738e-10
ko.K19975	Week_and_consortia	NS1_w9w10	-1.62816970567616	0.220748502507719	72	72	2.75984602381754e-10	6.366548909738e-10
ko.K09695	Week_and_consortia	NS1_w9w10	-1.62816970567616	0.220748502507719	72	72	2.75984602381754e-10	6.366548909738e-10
ko.K09694	Week_and_consortia	NS1_w9w10	-1.62816970567616	0.220748502507719	72	72	2.75984602381754e-10	6.366548909738e-10
ko.K10844	Week_and_consortia	NS1_w9w10	-0.672429401205646	0.0915800473715617	72	72	2.95396507648885e-10	6.81124215719838e-10
ko.K15532	Week_and_consortia	NS1_w9w10	-0.461383864598183	0.062866407505805	72	72	2.99685330654427e-10	6.90698125212667e-10
ko.K09681	Week_and_consortia	NS1_w9w10	1.6695892803625	0.227563474183861	72	44	3.02619971669661e-10	6.97143683025594e-10
ko.K18890	Week_and_consortia	NS1_w9w10	-0.805451020305725	0.109795908860288	72	72	3.0378960822435e-10	6.9951918903802e-10
ko.K16787	Week_and_consortia	NS1_w9w10	-0.60927832254882	0.0830765648660081	72	72	3.06306804962823e-10	7.04994067732201e-10
ko.K02007	Week_and_consortia	NS1_w9w10	-0.590339336750189	0.0805192987006303	72	72	3.09277289739391e-10	7.11506770384063e-10
ko.K17734	Week_and_consortia	NS1_w9w10	-0.671108658141087	0.0915852284253125	72	72	3.14481745597528e-10	7.22821555395227e-10
ko.K06331	Week_and_consortia	NS1_w9w10	-0.671108658141087	0.0915852284253125	72	72	3.14481745597528e-10	7.22821555395227e-10
ko.K14091	Week_and_consortia	NS1_w9w10	1.72467521270815	0.234889823279671	72	67	3.16742786061804e-10	7.26695983280761e-10
ko.K20449	Week_and_consortia	NS1_w9w10	1.72467521270815	0.234889823279671	72	67	3.16742786061804e-10	7.26695983280761e-10
ko.K07739	Week_and_consortia	NS1_w9w10	1.72467521270815	0.234889823279671	72	67	3.16742786061804e-10	7.26695983280761e-10
ko.K20421	Week_and_consortia	NS1_w9w10	1.72467521270815	0.234889823279671	72	67	3.16742786061804e-10	7.26695983280761e-10
ko.K02073	Week_and_consortia	NS1_w9w10	-0.539265549679139	0.0737104178217189	72	72	3.30386430787871e-10	7.57654220762744e-10
ko.K00700	Week_and_consortia	NS1_w9w10	-0.0578346831106414	0.00791784395156122	72	72	3.47035311131992e-10	7.95472954554821e-10
ko.K02110	Week_and_consortia	NS1_w9w10	0.243902279709808	0.0334511909934234	72	72	3.66686140861074e-10	8.40135321374216e-10
ko.K09861	Week_and_consortia	NS1_w9w10	0.2663096529119	0.0366090937628493	72	72	3.93731346222006e-10	9.01691188174785e-10
ko.K12251	Week_and_consortia	NS1_w9w10	0.193422142689629	0.0266028266542962	72	72	3.99881433148254e-10	9.15360670713628e-10
ko.K00226	Week_and_consortia	NS1_w9w10	0.403569987173949	0.0555313295569103	72	72	4.05496853224364e-10	9.27794430475311e-10
ko.K03079	Week_and_consortia	NS1_w9w10	-0.619104037947895	0.0852570092746802	72	72	4.15548783443038e-10	9.5036326571038e-10
ko.K07220	Week_and_consortia	NS1_w9w10	0.312784973088435	0.0431336871366263	72	72	4.33615498037649e-10	9.91233256147604e-10
ko.K05814	Week_and_consortia	NS1_w9w10	-0.583725465058082	0.0807291005714487	72	72	4.73448907211999e-10	1.08180184497287e-09
ko.K00385	Week_and_consortia	NS1_w9w10	0.516279510442704	0.0714076539830209	72	72	4.74726025967651e-10	1.08373966705313e-09
ko.K16950	Week_and_consortia	NS1_w9w10	0.516279510442704	0.0714076539830209	72	72	4.74726025967651e-10	1.08373966705313e-09
ko.K09815	Week_and_consortia	NS1_w9w10	0.257694330307088	0.0356694797862232	72	72	4.85907884717089e-10	1.10876541715932e-09
ko.K07386	Week_and_consortia	NS1_w9w10	0.360561072847318	0.0499321228164559	72	72	4.93085666884932e-10	1.12463602216825e-09
ko.K07010	Week_and_consortia	NS1_w9w10	0.562290909226784	0.0778844199506639	72	72	4.9614588540121e-10	1.13110515029193e-09
ko.K00015	Week_and_consortia	NS1_w9w10	-0.646513336542444	0.0897739956599163	72	72	5.35204317016725e-10	1.21959955325597e-09
ko.K01644	Week_and_consortia	NS1_w9w10	0.594660313907261	0.0825932520498005	72	72	5.39050458173676e-10	1.22781015089874e-09
ko.K14742	Week_and_consortia	NS1_w9w10	0.242410269957623	0.0336869592436638	72	72	5.47972449588077e-10	1.24756954273049e-09
ko.K03205	Week_and_consortia	NS1_w9w10	-0.632985466676073	0.0880203208624579	72	72	5.58718235579626e-10	1.27146149826499e-09
ko.K13542	Week_and_consortia	NS1_w9w10	-0.435676185012475	0.0606846140786616	72	72	5.87684825205405e-10	1.33677790947218e-09
ko.K16235	Week_and_consortia	NS1_w9w10	-1.09752152203671	0.152896100079406	72	72	5.90496732171261e-10	1.34256952787093e-09
ko.K03154	Week_and_consortia	NS1_w9w10	0.265476927002467	0.0370273006945835	72	72	6.11896119316037e-10	1.39059792837815e-09
ko.K03787	Week_and_consortia	NS1_w9w10	0.293913037284168	0.041086688842065	72	72	6.55283663220285e-10	1.4885310551209e-09
ko.K01711	Week_and_consortia	NS1_w9w10	0.206302237367408	0.028845082628712	72	72	6.59181046967074e-10	1.49671130304614e-09
ko.K17103	Week_and_consortia	NS1_w9w10	0.173718934546978	0.0243306508776599	72	72	6.9377307923598e-10	1.5745469884547e-09
ko.K13821	Week_and_consortia	NS1_w9w10	-0.327921498191293	0.0459636027217692	72	72	7.10157671409593e-10	1.61100878130277e-09
ko.K00951	Week_and_consortia	NS1_w9w10	0.275078758731145	0.0386363947040027	72	72	7.55435624577998e-10	1.71295366937524e-09
ko.K18325	Week_and_consortia	NS1_w9w10	-0.983622939087875	0.138281958856152	72	72	7.76407141516213e-10	1.7597168591027e-09
ko.K07037	Week_and_consortia	NS1_w9w10	0.188740748827467	0.0265380514954154	72	72	7.79970465409884e-10	1.76700035482096e-09
ko.K00849	Week_and_consortia	NS1_w9w10	-0.0760919714003684	0.0107069927988437	72	72	7.97634429227827e-10	1.80620759142043e-09
ko.K01658	Week_and_consortia	NS1_w9w10	0.110431642017452	0.0155398407643855	72	72	7.98972503168616e-10	1.80842700986015e-09
ko.K09680	Week_and_consortia	NS1_w9w10	0.481968120752802	0.067845439829386	72	72	8.07221557429212e-10	1.82628003051159e-09
ko.K13677	Week_and_consortia	NS1_w9w10	-0.926518048396557	0.13045220267603	72	72	8.12522808229302e-10	1.83745086265642e-09
ko.K03451	Week_and_consortia	NS1_w9w10	0.538693203544803	0.0758682318250192	72	72	8.1930651848059e-10	1.85196265385411e-09
ko.K05305	Week_and_consortia	NS1_w9w10	-0.981132409731051	0.138256144720323	72	72	8.32836794551919e-10	1.88170460021301e-09
ko.K02911	Week_and_consortia	NS1_w9w10	0.098235144484984	0.0138445351789712	72	72	8.35970366874255e-10	1.88794022952559e-09
ko.K03666	Week_and_consortia	NS1_w9w10	0.707599805641859	0.0999187114869214	72	72	8.860300957732e-10	2.0001001089572e-09
ko.K03716	Week_and_consortia	NS1_w9w10	-0.648784402761986	0.091730723437443	72	72	9.20375494937471e-10	2.07670254596878e-09
ko.K02033	Week_and_consortia	NS1_w9w10	-0.543574836388475	0.0768832546595631	72	72	9.30379467719545e-10	2.0983379780889e-09
ko.K01999	Week_and_consortia	NS1_w9w10	0.600992286444317	0.0851563141014835	72	72	9.81020547430208e-10	2.21156439340357e-09
ko.K02189	Week_and_consortia	NS1_w9w10	-0.595482028508112	0.0844092223535075	72	72	9.92692553454546e-10	2.23687902767724e-09
ko.K04487	Week_and_consortia	NS1_w9w10	-0.312857866324557	0.04440203200922	72	72	1.02954471567282e-09	2.31888537832327e-09
ko.K03366	Week_and_consortia	NS1_w9w10	-1.41539058918107	0.201355921183518	72	72	1.10447575287724e-09	2.48654701583592e-09
ko.K02051	Week_and_consortia	NS1_w9w10	-0.268227661875254	0.0381669229442398	72	72	1.11166528877517e-09	2.50161828013013e-09
ko.K11709	Week_and_consortia	NS1_w9w10	-1.41713733522338	0.2016826365547	72	72	1.11719122355346e-09	2.50179523997876e-09
ko.K12151	Week_and_consortia	NS1_w9w10	-1.41713733522338	0.2016826365547	72	72	1.11719122355346e-09	2.50179523997876e-09
ko.K18141	Week_and_consortia	NS1_w9w10	-1.41713733522338	0.2016826365547	72	72	1.11719122355346e-09	2.50179523997876e-09
ko.K07346	Week_and_consortia	NS1_w9w10	-1.41713733522338	0.2016826365547	72	72	1.11719122355346e-09	2.50179523997876e-09
ko.K02458	Week_and_consortia	NS1_w9w10	-1.41713733522338	0.2016826365547	72	72	1.11719122355346e-09	2.50179523997876e-09
ko.K18920	Week_and_consortia	NS1_w9w10	-1.41713733522338	0.2016826365547	72	72	1.11719122355346e-09	2.50179523997876e-09
ko.K19709	Week_and_consortia	NS1_w9w10	-1.41713733522338	0.2016826365547	72	72	1.11719122355346e-09	2.50179523997876e-09
ko.K18922	Week_and_consortia	NS1_w9w10	-1.41713733522338	0.2016826365547	72	72	1.11719122355346e-09	2.50179523997876e-09
ko.K02688	Week_and_consortia	NS1_w9w10	0.709570457418997	0.100983445628874	72	72	1.11704621868262e-09	2.50179523997876e-09
ko.K02679	Week_and_consortia	NS1_w9w10	-1.41713733522338	0.2016826365547	72	72	1.11719122355346e-09	2.50179523997876e-09
ko.K11381	Week_and_consortia	NS1_w9w10	0.556982689630078	0.0792561493221903	72	72	1.11224597184472e-09	2.50179523997876e-09
ko.K00262	Week_and_consortia	NS1_w9w10	0.115519966707278	0.0164429384790932	72	72	1.12219621937524e-09	2.51188980960733e-09
ko.K05540	Week_and_consortia	NS1_w9w10	-0.489987043728087	0.0697966909340938	72	72	1.14745494482144e-09	2.56729069142511e-09
ko.K21600	Week_and_consortia	NS1_w9w10	-0.396848709848319	0.056653575673095	72	72	1.22394370704246e-09	2.73721275253585e-09
ko.K21498	Week_and_consortia	NS1_w9w10	0.434712404261042	0.0620603914952456	72	72	1.22478290468514e-09	2.7378775373758e-09
ko.K03649	Week_and_consortia	NS1_w9w10	-0.525117796144969	0.0750400774525289	72	72	1.2604295051047e-09	2.81631572746083e-09
ko.K02502	Week_and_consortia	NS1_w9w10	-0.617796236844363	0.0883813367515138	72	72	1.30187368067617e-09	2.90763299503803e-09
ko.K00798	Week_and_consortia	NS1_w9w10	0.382026753347749	0.0546951190583605	72	72	1.33205124839108e-09	2.97371759031009e-09
ko.K12574	Week_and_consortia	NS1_w9w10	-0.57423704776277	0.0822476534260934	72	72	1.34809723632483e-09	3.00820991073897e-09
ko.K00351	Week_and_consortia	NS1_w9w10	0.446214882273531	0.0639574152330979	72	72	1.37698719563428e-09	3.06590538225842e-09
ko.K00350	Week_and_consortia	NS1_w9w10	0.446214882273531	0.0639574152330979	72	72	1.37698719563428e-09	3.06590538225842e-09
ko.K00349	Week_and_consortia	NS1_w9w10	0.446214882273531	0.0639574152330979	72	72	1.37698719563428e-09	3.06590538225842e-09
ko.K00347	Week_and_consortia	NS1_w9w10	0.446214882273531	0.0639574152330979	72	72	1.37698719563428e-09	3.06590538225842e-09
ko.K00346	Week_and_consortia	NS1_w9w10	0.446214882273531	0.0639574152330979	72	72	1.37698719563428e-09	3.06590538225842e-09
ko.K02304	Week_and_consortia	NS1_w9w10	-0.57313490343243	0.0823269866700812	72	72	1.46676518670481e-09	3.26436023049898e-09
ko.K03734	Week_and_consortia	NS1_w9w10	-0.16502582841452	0.0237230090461994	72	72	1.49990013803608e-09	3.33663386057167e-09
ko.K06958	Week_and_consortia	NS1_w9w10	-0.475643403628769	0.0684079130422791	72	72	1.52089210115909e-09	3.38184282352805e-09
ko.K06337	Week_and_consortia	NS1_w9w10	-0.605508642738038	0.087255069114323	72	72	1.60959363004041e-09	3.57750418784168e-09
ko.K02786	Week_and_consortia	NS1_w9w10	-1.29349060256039	0.186694236491944	72	72	1.79159274178441e-09	3.98026672449202e-09
ko.K02356	Week_and_consortia	NS1_w9w10	-0.120463298704139	0.0174332188892689	72	72	1.82165107369375e-09	4.04526647222014e-09
ko.K02484	Week_and_consortia	NS1_w9w10	0.253528749182496	0.0367305788340373	72	72	1.8805430150975e-09	4.17421059414436e-09
ko.K15652	Week_and_consortia	NS1_w9w10	-0.957770643478864	0.138944483618893	72	72	1.95440143702173e-09	4.33624772061211e-09
ko.K00737	Week_and_consortia	NS1_w9w10	-0.956201873344658	0.138837755553781	72	72	2.00412143592347e-09	4.43487581878465e-09
ko.K22348	Week_and_consortia	NS1_w9w10	-0.956201873344658	0.138837755553781	72	72	2.00412143592347e-09	4.43487581878465e-09
ko.K04566	Week_and_consortia	NS1_w9w10	-0.956201873344658	0.138837755553781	72	72	2.00412143592347e-09	4.43487581878465e-09
ko.K09116	Week_and_consortia	NS1_w9w10	-0.956201873344658	0.138837755553781	72	72	2.00412143592347e-09	4.43487581878465e-09
ko.K09989	Week_and_consortia	NS1_w9w10	-0.956201873344658	0.138837755553781	72	72	2.00412143592347e-09	4.43487581878465e-09
ko.K14089	Week_and_consortia	NS1_w9w10	-0.956201873344658	0.138837755553781	72	72	2.00412143592347e-09	4.43487581878465e-09
ko.K07162	Week_and_consortia	NS1_w9w10	-0.672416850347246	0.0977624885256585	72	72	2.08213762211721e-09	4.6054988033871e-09
ko.K00931	Week_and_consortia	NS1_w9w10	-0.116271410991201	0.0169183357083097	72	72	2.13113317530016e-09	4.7118095411888e-09
ko.K07574	Week_and_consortia	NS1_w9w10	-0.470681741499666	0.0684983133496705	72	72	2.14072731140042e-09	4.73095117112639e-09
ko.K00344	Week_and_consortia	NS1_w9w10	-1.20990310956335	0.175744702170508	72	72	2.14890293741259e-09	4.74694256222493e-09
ko.K00689	Week_and_consortia	NS1_w9w10	-0.955084349025856	0.139049059693228	72	72	2.16549981749962e-09	4.76277974663991e-09
ko.K10819	Week_and_consortia	NS1_w9w10	-0.955084349025848	0.139049059693228	72	72	2.16549981750433e-09	4.76277974663991e-09
ko.K18986	Week_and_consortia	NS1_w9w10	-0.955084349025848	0.139049059693228	72	72	2.16549981750433e-09	4.76277974663991e-09
ko.K21022	Week_and_consortia	NS1_w9w10	-0.955084349025848	0.139049059693228	72	72	2.16549981750433e-09	4.76277974663991e-09
ko.K06880	Week_and_consortia	NS1_w9w10	-0.955084349025848	0.139049059693228	72	72	2.16549981750433e-09	4.76277974663991e-09
ko.K02590	Week_and_consortia	NS1_w9w10	-0.955084349025848	0.139049059693228	72	72	2.16549981750433e-09	4.76277974663991e-09
ko.K02589	Week_and_consortia	NS1_w9w10	-0.955084349025848	0.139049059693228	72	72	2.16549981750433e-09	4.76277974663991e-09
ko.K13590	Week_and_consortia	NS1_w9w10	-0.955084349025848	0.139049059693228	72	72	2.16549981750433e-09	4.76277974663991e-09
ko.K19974	Week_and_consortia	NS1_w9w10	-0.955084349025848	0.139049059693228	72	72	2.16549981750433e-09	4.76277974663991e-09
ko.K18209	Week_and_consortia	NS1_w9w10	-0.955084349025848	0.139049059693228	72	72	2.16549981750433e-09	4.76277974663991e-09
ko.K10541	Week_and_consortia	NS1_w9w10	-0.548441435254852	0.0798658957014292	72	72	2.18056711489402e-09	4.79383162073308e-09
ko.K07166	Week_and_consortia	NS1_w9w10	-0.561170090494476	0.0817572079117776	72	72	2.20966927626604e-09	4.85569777455243e-09
ko.K10551	Week_and_consortia	NS1_w9w10	-1.21236302626319	0.176723712890973	72	72	2.24361488110373e-09	4.92814886058089e-09
ko.K20452	Week_and_consortia	NS1_w9w10	-0.615164735989971	0.0896836585925446	72	72	2.25249001099835e-09	4.94334471570967e-09
ko.K20453	Week_and_consortia	NS1_w9w10	-0.615164735989971	0.0896836585925446	72	72	2.25249001099835e-09	4.94334471570967e-09
ko.K03522	Week_and_consortia	NS1_w9w10	0.220397568817724	0.0321506332876743	72	72	2.2916379352717e-09	5.02707548805586e-09
ko.K01695	Week_and_consortia	NS1_w9w10	0.0966731706994254	0.0141036331002797	72	72	2.29804847021282e-09	5.03895003103956e-09
ko.K00012	Week_and_consortia	NS1_w9w10	0.130349337363323	0.0190557942728486	72	72	2.43747665684578e-09	5.3423566465878e-09
ko.K00969	Week_and_consortia	NS1_w9w10	-0.0589067892927338	0.00861332250370915	72	72	2.45150393938688e-09	5.37077098949806e-09
ko.K02653	Week_and_consortia	NS1_w9w10	-0.395314467783926	0.057829422839868	72	72	2.48412607595675e-09	5.43988076971543e-09
ko.K02804	Week_and_consortia	NS1_w9w10	-0.527793833097812	0.0772318255496657	72	72	2.50478278466041e-09	5.48036493205041e-09
ko.K02803	Week_and_consortia	NS1_w9w10	-0.527793833097812	0.0772318255496657	72	72	2.50478278466041e-09	5.48036493205041e-09
ko.K07775	Week_and_consortia	NS1_w9w10	-2.08497478635056	0.305514341305663	72	72	2.60535544909358e-09	5.69794620295271e-09
ko.K06023	Week_and_consortia	NS1_w9w10	-0.44372837574702	0.0650362702900672	72	72	2.62383869271835e-09	5.73588622917053e-09
ko.K04061	Week_and_consortia	NS1_w9w10	-0.690468198257867	0.101223719009372	72	72	2.64115597332059e-09	5.77124566488564e-09
ko.K14087	Week_and_consortia	NS1_w9w10	-0.932473777404122	0.136759012602283	72	72	2.67267200855752e-09	5.83758711077933e-09
ko.K18843	Week_and_consortia	NS1_w9w10	-0.713927682100586	0.104762493921599	72	72	2.71370933010471e-09	5.92465839917416e-09
ko.K02814	Week_and_consortia	NS1_w9w10	-1.30066645560107	0.190947126720096	72	72	2.74873136858882e-09	5.99593733769893e-09
ko.K19956	Week_and_consortia	NS1_w9w10	-1.30066645560107	0.190947126720096	72	72	2.74873136858882e-09	5.99593733769893e-09
ko.K00239	Week_and_consortia	NS1_w9w10	0.150459643485713	0.0221398474160578	72	72	2.93610060073595e-09	6.4018904768744e-09
ko.K01462	Week_and_consortia	NS1_w9w10	-0.19538021962237	0.0287916593830803	72	72	3.05973623551823e-09	6.66858820614241e-09
ko.K03694	Week_and_consortia	NS1_w9w10	0.616272265544628	0.0908900026969732	72	72	3.1319015682612e-09	6.81998565640327e-09
ko.K06891	Week_and_consortia	NS1_w9w10	0.616272265544628	0.0908900026969732	72	72	3.1319015682612e-09	6.81998565640327e-09
ko.K02160	Week_and_consortia	NS1_w9w10	0.410847134368872	0.0606084711481898	72	72	3.1543519736016e-09	6.8659139037636e-09
ko.K07741	Week_and_consortia	NS1_w9w10	-0.602205579553969	0.0888941695051608	72	72	3.21146873568301e-09	6.98722655153771e-09
ko.K07584	Week_and_consortia	NS1_w9w10	-0.566221942667225	0.0836000228923533	72	72	3.2305981441682e-09	7.02582084560385e-09
ko.K07315	Week_and_consortia	NS1_w9w10	0.493622999980093	0.072819646277519	72	72	3.33635496028664e-09	7.2526958947367e-09
ko.K07105	Week_and_consortia	NS1_w9w10	-0.591770119220093	0.0875351940279883	72	72	3.40535314805431e-09	7.39950284041736e-09
ko.K16899	Week_and_consortia	NS1_w9w10	-0.564974981200496	0.083607680918306	72	72	3.44703409136346e-09	7.47399838178893e-09
ko.K06967	Week_and_consortia	NS1_w9w10	-0.564974981200496	0.083607680918306	72	72	3.44703409136346e-09	7.47399838178893e-09
ko.K14540	Week_and_consortia	NS1_w9w10	-0.564974981200496	0.083607680918306	72	72	3.44703409136346e-09	7.47399838178893e-09
ko.K09787	Week_and_consortia	NS1_w9w10	-0.564974981200496	0.083607680918306	72	72	3.44703409136346e-09	7.47399838178893e-09
ko.K11145	Week_and_consortia	NS1_w9w10	-0.564974981200496	0.083607680918306	72	72	3.44703409136346e-09	7.47399838178893e-09
ko.K07015	Week_and_consortia	NS1_w9w10	-0.58944822599125	0.08732245418374	72	72	3.55225088521127e-09	7.69882946035493e-09
ko.K08316	Week_and_consortia	NS1_w9w10	0.228543593607479	0.0338622555238216	72	72	3.56761778847849e-09	7.72550581542791e-09
ko.K03565	Week_and_consortia	NS1_w9w10	0.228543593607479	0.0338622555238216	72	72	3.56761778847849e-09	7.72550581542791e-09
ko.K21575	Week_and_consortia	NS1_w9w10	-0.354458573655875	0.0525880989452031	72	72	3.70308028884895e-09	8.01540772033629e-09
ko.K00128	Week_and_consortia	NS1_w9w10	-0.386885643027811	0.0574045267081963	72	72	3.71305270757027e-09	8.03355129706424e-09
ko.K00662	Week_and_consortia	NS1_w9w10	-0.909378131836223	0.134942803152619	72	72	3.72308779259185e-09	8.05181486651286e-09
ko.K02761	Week_and_consortia	NS1_w9w10	0.730045260390453	0.108352793682134	72	72	3.74365215197562e-09	8.09282442095885e-09
ko.K04087	Week_and_consortia	NS1_w9w10	0.482915881438211	0.0717279842250328	72	72	3.82363577253395e-09	8.26219329462854e-09
ko.K18475	Week_and_consortia	NS1_w9w10	-0.618690804500729	0.0919522858324468	72	72	3.89138337986579e-09	8.4049888136306e-09
ko.K06139	Week_and_consortia	NS1_w9w10	-0.634823175938134	0.0943658583743436	72	72	3.90984255277897e-09	8.44124981907664e-09
ko.K14059	Week_and_consortia	NS1_w9w10	-1.04823930196726	0.155884410021919	72	72	3.95558991881016e-09	8.53636918830797e-09
ko.K11072	Week_and_consortia	NS1_w9w10	0.226594775753253	0.033715692347811	72	72	4.01732763182161e-09	8.66590059605585e-09
ko.K02469	Week_and_consortia	NS1_w9w10	-0.054078559697702	0.00805295024935256	72	72	4.10843394665154e-09	8.85864630750473e-09
ko.K00075	Week_and_consortia	NS1_w9w10	0.226094373084202	0.0336713811250993	72	72	4.11937971791756e-09	8.87845833401004e-09
ko.K17319	Week_and_consortia	NS1_w9w10	-0.897991578803717	0.13398768515964	72	72	4.3431090087656e-09	9.31560927103884e-09
ko.K22222	Week_and_consortia	NS1_w9w10	-0.965544880026248	0.144083949370102	72	10	4.35724162838347e-09	9.31560927103884e-09
ko.K08777	Week_and_consortia	NS1_w9w10	-0.965544880026248	0.144083949370102	72	10	4.35724162838347e-09	9.31560927103884e-09
ko.K04112	Week_and_consortia	NS1_w9w10	-0.965544880026217	0.144083949370102	72	10	4.35724162855597e-09	9.31560927103884e-09
ko.K04113	Week_and_consortia	NS1_w9w10	-0.965544880026248	0.144083949370102	72	10	4.35724162838347e-09	9.31560927103884e-09
ko.K20903	Week_and_consortia	NS1_w9w10	-0.965544880026248	0.144083949370102	72	10	4.35724162838347e-09	9.31560927103884e-09
ko.K01253	Week_and_consortia	NS1_w9w10	-0.965544880026248	0.144083949370102	72	10	4.35724162838347e-09	9.31560927103884e-09
ko.K20904	Week_and_consortia	NS1_w9w10	-0.965544880026248	0.144083949370102	72	10	4.35724162838347e-09	9.31560927103884e-09
ko.K13731	Week_and_consortia	NS1_w9w10	-0.965544880026248	0.144083949370102	72	10	4.35724162838347e-09	9.31560927103884e-09
ko.K16176	Week_and_consortia	NS1_w9w10	-0.965544880026248	0.144083949370102	72	10	4.35724162838347e-09	9.31560927103884e-09
ko.K11005	Week_and_consortia	NS1_w9w10	-0.965544880026248	0.144083949370102	72	10	4.35724162838347e-09	9.31560927103884e-09
ko.K11029	Week_and_consortia	NS1_w9w10	-0.965544880026248	0.144083949370102	72	10	4.35724162838347e-09	9.31560927103884e-09
ko.K18372	Week_and_consortia	NS1_w9w10	-0.965544880026248	0.144083949370102	72	10	4.35724162838347e-09	9.31560927103884e-09
ko.K05792	Week_and_consortia	NS1_w9w10	-0.965544880026248	0.144083949370102	72	10	4.35724162838347e-09	9.31560927103884e-09
ko.K19142	Week_and_consortia	NS1_w9w10	-0.965544880026248	0.144083949370102	72	10	4.35724162838347e-09	9.31560927103884e-09
ko.K19141	Week_and_consortia	NS1_w9w10	-0.965544880026248	0.144083949370102	72	10	4.35724162838347e-09	9.31560927103884e-09
ko.K09000	Week_and_consortia	NS1_w9w10	-0.965544880026248	0.144083949370102	72	10	4.35724162838347e-09	9.31560927103884e-09
ko.K09127	Week_and_consortia	NS1_w9w10	-0.965544880026248	0.144083949370102	72	10	4.35724162838347e-09	9.31560927103884e-09
ko.K19076	Week_and_consortia	NS1_w9w10	-0.965544880026248	0.144083949370102	72	10	4.35724162838347e-09	9.31560927103884e-09
ko.K09951	Week_and_consortia	NS1_w9w10	0.24344129898385	0.0363296881635317	72	72	4.36404810858324e-09	9.32621448585556e-09
ko.K00721	Week_and_consortia	NS1_w9w10	0.289579709419777	0.0432584656997532	72	72	4.48792467943956e-09	9.58689026660831e-09
ko.K01657	Week_and_consortia	NS1_w9w10	0.10112495977447	0.015109472023376	72	72	4.51334115190441e-09	9.63710883322953e-09
ko.K09707	Week_and_consortia	NS1_w9w10	-0.652947623783281	0.0975881758368486	72	72	4.55055965710374e-09	9.7124746040085e-09
ko.K03595	Week_and_consortia	NS1_w9w10	0.21627967029836	0.0323993207634633	72	72	4.85221434519877e-09	1.03519370236251e-08
ko.K03705	Week_and_consortia	NS1_w9w10	-0.54604785153412	0.0818157560112736	72	72	4.87900803001484e-09	1.04047060226403e-08
ko.K06179	Week_and_consortia	NS1_w9w10	-0.45956665648195	0.0689077496729963	72	72	4.97778003897924e-09	1.06108627666342e-08
ko.K07491	Week_and_consortia	NS1_w9w10	0.64766924697094	0.0971177246075444	72	72	4.98595573872034e-09	1.06238078414235e-08
ko.K07742	Week_and_consortia	NS1_w9w10	-0.556225793486692	0.0834545706425131	72	72	5.06748900141402e-09	1.07929824768734e-08
ko.K09748	Week_and_consortia	NS1_w9w10	0.227304956274832	0.0341214722344306	72	72	5.13915273209273e-09	1.09410027823567e-08
ko.K10005	Week_and_consortia	NS1_w9w10	0.813021169213923	0.122080084572031	72	72	5.18003582371748e-09	1.10233955271359e-08
ko.K02034	Week_and_consortia	NS1_w9w10	-0.526168128716568	0.0790170314461159	72	72	5.19765664617838e-09	1.10562363690498e-08
ko.K01911	Week_and_consortia	NS1_w9w10	-0.307717343336501	0.0462277287065434	72	72	5.24912186593521e-09	1.1161011644236e-08
ko.K13049	Week_and_consortia	NS1_w9w10	-0.893744579442633	0.134338486307251	72	72	5.32887706651836e-09	1.13258253849603e-08
ko.K03336	Week_and_consortia	NS1_w9w10	-0.814169788658806	0.12239313312314	72	72	5.34760799041078e-09	1.1360855999813e-08
ko.K17680	Week_and_consortia	NS1_w9w10	0.757400587980223	0.113932116597609	72	72	5.44334195501829e-09	1.15593793849317e-08
ko.K07335	Week_and_consortia	NS1_w9w10	-0.526331579293481	0.0791795335219245	72	72	5.45478961268556e-09	1.1578822320709e-08
ko.K02377	Week_and_consortia	NS1_w9w10	0.193569624290427	0.0291352230989564	72	72	5.53442513777684e-09	1.17429297757449e-08
ko.K02233	Week_and_consortia	NS1_w9w10	-0.0810230470610442	0.0121817242864702	72	72	5.66390563745392e-09	1.20126159867411e-08
ko.K00048	Week_and_consortia	NS1_w9w10	-0.369893171070653	0.0557447066867098	72	72	5.73006758932262e-09	1.21478394717826e-08
ko.K00390	Week_and_consortia	NS1_w9w10	-0.61173740247592	0.0922168437034784	72	72	5.7731587195722e-09	1.22340595013753e-08
ko.K05565	Week_and_consortia	NS1_w9w10	-0.717259085427571	0.108151716749789	72	72	5.81443327653647e-09	1.23163592926886e-08
ko.K00761	Week_and_consortia	NS1_w9w10	0.224265002013801	0.0338247303322787	72	72	5.85723157314540e-09	1.23914296095187e-08
ko.K02860	Week_and_consortia	NS1_w9w10	0.224265002013801	0.0338247303322787	72	72	5.85723157314540e-09	1.23914296095187e-08
ko.K03723	Week_and_consortia	NS1_w9w10	0.224265002013801	0.0338247303322787	72	72	5.85723157314540e-09	1.23914296095187e-08
ko.K04653	Week_and_consortia	NS1_w9w10	-0.58630794367099	0.0884461218320805	72	72	5.8871239518621e-09	1.24494559249926e-08
ko.K05567	Week_and_consortia	NS1_w9w10	-0.716957411098567	0.108191431837549	72	72	5.94211782780487e-09	1.25604934167658e-08
ko.K20866	Week_and_consortia	NS1_w9w10	0.417857885853731	0.063085325835639	72	72	6.01808302233385e-09	1.27157488200881e-08
ko.K00564	Week_and_consortia	NS1_w9w10	-1.12284528962937	0.169522246034762	72	72	6.02076624343073e-09	1.27160999422291e-08
ko.K03098	Week_and_consortia	NS1_w9w10	-0.57957702594037	0.0875198604370875	72	72	6.05471904525941e-09	1.27824657821356e-08
ko.K02046	Week_and_consortia	NS1_w9w10	-1.18348556834459	0.17912227694295	72	72	6.44690299530799e-09	1.35990621846747e-08
ko.K02047	Week_and_consortia	NS1_w9w10	-1.18348556834459	0.17912227694295	72	72	6.44690299530799e-09	1.35990621846747e-08
ko.K01958	Week_and_consortia	NS1_w9w10	0.482292314789085	0.0729250329055017	72	72	6.62124032720889e-09	1.39609791874204e-08
ko.K13002	Week_and_consortia	NS1_w9w10	-0.349783356110261	0.053016709766565	72	72	6.70741403473393e-09	1.41367775150087e-08
ko.K01058	Week_and_consortia	NS1_w9w10	-0.51410871186881	0.078012216493784	72	72	6.91973737851023e-09	1.45781956781625e-08
ko.K12952	Week_and_consortia	NS1_w9w10	-0.682264639178928	0.10362214342448	72	72	7.0927959290001e-09	1.49365589967939e-08
ko.K18672	Week_and_consortia	NS1_w9w10	-0.551214125040272	0.0837301518376612	72	72	7.12046470805163e-09	1.49885782104487e-08
ko.K02837	Week_and_consortia	NS1_w9w10	0.22545706959753	0.0342823960943082	72	72	7.32301446613318e-09	1.54085252323635e-08
ko.K03613	Week_and_consortia	NS1_w9w10	0.243177019665055	0.0369860624543795	72	72	7.37302945418446e-09	1.55073042475187e-08
ko.K08384	Week_and_consortia	NS1_w9w10	-0.560813472766429	0.0853057549048732	72	72	7.39360187919399e-09	1.55441018284178e-08
ko.K06346	Week_and_consortia	NS1_w9w10	-0.533117292454541	0.0812161106347896	72	72	7.70626554125105e-09	1.61946978013312e-08
ko.K09762	Week_and_consortia	NS1_w9w10	-0.53306684410291	0.0812210622543812	72	72	7.73900627428542e-09	1.62567399990395e-08
ko.K01496	Week_and_consortia	NS1_w9w10	-0.387645438035535	0.0590966391042824	72	72	7.85691193487495e-09	1.64975557335778e-08
ko.K00348	Week_and_consortia	NS1_w9w10	0.379453993416312	0.0578590200633993	72	72	7.89831180384288e-09	1.65775950282568e-08
ko.K06959	Week_and_consortia	NS1_w9w10	0.223353787159196	0.0340701059995931	72	72	7.98200621740737e-09	1.67463020807068e-08
ko.K03308	Week_and_consortia	NS1_w9w10	0.26305755423954	0.0401360247745352	72	72	8.03387850795276e-09	1.68481337576494e-08
ko.K03978	Week_and_consortia	NS1_w9w10	0.223014283639217	0.0340833324042433	72	72	8.40710715571661e-09	1.76235291911537e-08
ko.K15987	Week_and_consortia	NS1_w9w10	0.12640936880875	0.0193201463789694	72	72	8.41855902846195e-09	1.7640215765985e-08
ko.K07030	Week_and_consortia	NS1_w9w10	-0.539766879609113	0.082650983254089	72	72	8.85557186537715e-09	1.85482375886755e-08
ko.K01625	Week_and_consortia	NS1_w9w10	0.241590158613801	0.0370409362071486	72	72	9.17056413115594e-09	1.92000372940737e-08
ko.K01829	Week_and_consortia	NS1_w9w10	0.65444921130502	0.100393454966719	72	72	9.30090425994098e-09	1.94648584594954e-08
ko.K00979	Week_and_consortia	NS1_w9w10	-0.208171623259448	0.0320183528343212	72	72	9.98847087926665e-09	2.08951365971243e-08
ko.K09779	Week_and_consortia	NS1_w9w10	-0.54433088400357	0.0837467137027551	72	72	1.00676627152242e-08	2.1052082796901e-08
ko.K03091	Week_and_consortia	NS1_w9w10	-0.54743591782005	0.0842589789229458	72	72	1.01794311552503e-08	2.12769905652976e-08
ko.K03698	Week_and_consortia	NS1_w9w10	-0.424351830529168	0.0653356206534593	72	72	1.02687780234938e-08	2.14548662426348e-08
ko.K01071	Week_and_consortia	NS1_w9w10	0.241441018144144	0.0372138608672241	72	72	1.05717864455505e-08	2.20788198110463e-08
ko.K07576	Week_and_consortia	NS1_w9w10	-0.385291426281969	0.0593893210792613	72	72	1.05883726743335e-08	2.21043217978235e-08
ko.K03825	Week_and_consortia	NS1_w9w10	0.486832041857832	0.0752039915501019	72	72	1.12233988811824e-08	2.34203267855157e-08
ko.K12950	Week_and_consortia	NS1_w9w10	-0.489211650244203	0.0756012349403622	72	72	1.13419693665987e-08	2.36579806936649e-08
ko.K15770	Week_and_consortia	NS1_w9w10	-0.717303033472849	0.110902297317205	72	72	1.14867836217963e-08	2.39501571841993e-08
ko.K02086	Week_and_consortia	NS1_w9w10	-1.41921175941215	0.219203845023911	72	72	1.17549079256401e-08	2.44990902806657e-08
ko.K14170	Week_and_consortia	NS1_w9w10	-0.389353077039563	0.0602953628367597	72	72	1.19945287287931e-08	2.4988189335201e-08
ko.K03489	Week_and_consortia	NS1_w9w10	1.26711003608681	0.196236471158046	72	69	1.20130577455905e-08	2.50164747447335e-08
ko.K09790	Week_and_consortia	NS1_w9w10	0.346760484242467	0.0537752253403373	72	72	1.24545687233804e-08	2.59252085663443e-08
ko.K06200	Week_and_consortia	NS1_w9w10	0.216754004204572	0.0336498957511717	72	72	1.28142968400269e-08	2.66630262091499e-08
ko.K01759	Week_and_consortia	NS1_w9w10	0.229940167562513	0.0357107321504435	72	72	1.29464424232567e-08	2.69268946571811e-08
ko.K06923	Week_and_consortia	NS1_w9w10	-0.57980359704539	0.0900753888951131	72	72	1.30590758654415e-08	2.71499799474117e-08
ko.K00878	Week_and_consortia	NS1_w9w10	-0.419805913700509	0.0652247922618706	72	72	1.30902507928868e-08	2.72035981101044e-08
ko.K01775	Week_and_consortia	NS1_w9w10	-0.145990261927977	0.0226945593340236	72	72	1.39388307724207e-08	2.89551698446832e-08
ko.K09749	Week_and_consortia	NS1_w9w10	-0.651474165813934	0.101608105049496	72	72	1.44945367682227e-08	3.00971638935722e-08
ko.K09157	Week_and_consortia	NS1_w9w10	-0.469815883123545	0.0732958991753521	72	72	1.46017238829575e-08	3.03072757011921e-08
ko.K02243	Week_and_consortia	NS1_w9w10	-1.40433200153738	0.219071037636063	72	72	1.52950422024113e-08	3.16164292989288e-08
ko.K03048	Week_and_consortia	NS1_w9w10	-1.40433200153738	0.219071037636063	72	72	1.52950422024113e-08	3.16164292989288e-08
ko.K02245	Week_and_consortia	NS1_w9w10	-1.40433200153738	0.219071037636063	72	72	1.52950422024113e-08	3.16164292989288e-08
ko.K06948	Week_and_consortia	NS1_w9w10	-1.40433200153738	0.219071037636063	72	72	1.52950422024113e-08	3.16164292989288e-08
ko.K08724	Week_and_consortia	NS1_w9w10	-1.40433200153738	0.219071037636063	72	72	1.52950422024113e-08	3.16164292989288e-08
ko.K18692	Week_and_consortia	NS1_w9w10	-1.40433200153738	0.219071037636063	72	72	1.52950422024113e-08	3.16164292989288e-08
ko.K06286	Week_and_consortia	NS1_w9w10	-1.40433200153738	0.219071037636063	72	72	1.52950422024113e-08	3.16164292989288e-08
ko.K02240	Week_and_consortia	NS1_w9w10	-1.40433200153738	0.219071037636063	72	72	1.52950422024113e-08	3.16164292989288e-08
ko.K09976	Week_and_consortia	NS1_w9w10	-1.40433200153738	0.219071037636063	72	72	1.52950422024113e-08	3.16164292989288e-08
ko.K03346	Week_and_consortia	NS1_w9w10	-1.40433200153738	0.219071037636063	72	72	1.52950422024113e-08	3.16164292989288e-08
ko.K06888	Week_and_consortia	NS1_w9w10	-0.687398909550993	0.107701322014492	72	72	1.63504523174734e-08	3.37842474878837e-08
ko.K02203	Week_and_consortia	NS1_w9w10	-0.608116760308364	0.0953443317658052	72	72	1.66462132714177e-08	3.43813039440728e-08
ko.K05499	Week_and_consortia	NS1_w9w10	0.358623986408908	0.0562950573053373	72	72	1.71818607071669e-08	3.54731345699254e-08
ko.K07478	Week_and_consortia	NS1_w9w10	-0.183025058459919	0.0287922522121013	72	72	1.81796929361842e-08	3.75178957163409e-08
ko.K00297	Week_and_consortia	NS1_w9w10	-0.145791107118118	0.0229756913043567	72	72	1.90463124494532e-08	3.92903105327227e-08
ko.K15342	Week_and_consortia	NS1_w9w10	0.22760891850144	0.0359181665930308	72	72	1.97314314651779e-08	4.06870170457465e-08
ko.K00140	Week_and_consortia	NS1_w9w10	-0.820409600601898	0.129535907044347	72	72	2.00115436965362e-08	4.1247784069727e-08
ko.K03564	Week_and_consortia	NS1_w9w10	0.229561218552209	0.0363502530781991	72	72	2.15687405551667e-08	4.44393463640709e-08
ko.K01923	Week_and_consortia	NS1_w9w10	-0.062706708550926	0.00994156400917916	72	72	2.22659377411873e-08	4.5857120859551e-08
ko.K03980	Week_and_consortia	NS1_w9w10	-0.547188006745851	0.0868456005174768	72	72	2.2900694398597e-08	4.71451948254735e-08
ko.K00073	Week_and_consortia	NS1_w9w10	0.933730984496741	0.148370631014258	72	72	2.36150525910647e-08	4.85960267576616e-08
ko.K22010	Week_and_consortia	NS1_w9w10	-0.465133625213828	0.0741182082076506	72	72	2.53947561372291e-08	5.22370960933557e-08
ko.K09935	Week_and_consortia	NS1_w9w10	-0.472836259013469	0.0753555833200635	72	72	2.54816207779372e-08	5.23944436996902e-08
ko.K21467	Week_and_consortia	NS1_w9w10	-0.600277361392074	0.0956917131655208	72	72	2.56603515465288e-08	5.27404784430689e-08
ko.K07484	Week_and_consortia	NS1_w9w10	0.375087532788099	0.0598726338617043	72	72	2.65482203654503e-08	5.45431513974196e-08
ko.K06960	Week_and_consortia	NS1_w9w10	-0.381746550347213	0.0610091419870688	72	72	2.73852510730629e-08	5.62399546427291e-08
ko.K03617	Week_and_consortia	NS1_w9w10	0.229271045122043	0.0366699906183941	72	72	2.7944630641e-08	5.73654099952589e-08
ko.K15894	Week_and_consortia	NS1_w9w10	0.425291514125238	0.0679798943620795	72	72	2.87604209393514e-08	5.90161034060127e-08
ko.K09963	Week_and_consortia	NS1_w9w10	-0.631201992325832	0.100950816208059	72	72	2.91755643475225e-08	5.9843666700643e-08
ko.K02008	Week_and_consortia	NS1_w9w10	-0.508852775647328	0.0815825686935764	72	72	2.97207390055737e-08	6.09371645520124e-08
ko.K07559	Week_and_consortia	NS1_w9w10	-0.476770418076936	0.0764953302513496	72	72	3.02872095431721e-08	6.20734209379737e-08
ko.K06978	Week_and_consortia	NS1_w9w10	-0.506782096049717	0.0813160267848698	72	72	3.03394582724088e-08	6.21552892101415e-08
ko.K02048	Week_and_consortia	NS1_w9w10	-1.08636184033065	0.174469275609592	72	72	3.10432261995841e-08	6.35712925659907e-08
ko.K10008	Week_and_consortia	NS1_w9w10	0.746805761991377	0.120140192605478	72	72	3.24158307332581e-08	6.63552580487926e-08
ko.K11068	Week_and_consortia	NS1_w9w10	0.193990581039121	0.0312432424886932	72	72	3.33705635522011e-08	6.82819307678087e-08
ko.K01737	Week_and_consortia	NS1_w9w10	0.156871832372672	0.0253163794920929	72	72	3.51374268220588e-08	7.18681296781542e-08
ko.K06042	Week_and_consortia	NS1_w9w10	0.267668761897884	0.0432209968278757	72	72	3.56348196190631e-08	7.28559727703387e-08
ko.K06442	Week_and_consortia	NS1_w9w10	-0.377903623874178	0.061030907926686	72	72	3.57843910228202e-08	7.31321777699384e-08
ko.K06196	Week_and_consortia	NS1_w9w10	-0.300761403350187	0.0485364224298506	72	72	3.66534934486172e-08	7.487806263745e-08
ko.K14731	Week_and_consortia	NS1_w9w10	-0.557810308650922	0.0901735998261554	72	72	3.66815557178048e-08	7.49051008433103e-08
ko.K12410	Week_and_consortia	NS1_w9w10	0.212634157052548	0.0343997556188854	72	72	3.73932266154554e-08	7.63275074186993e-08
ko.K01626	Week_and_consortia	NS1_w9w10	-0.418649041833592	0.0677532131479741	72	72	3.7737995641416e-08	7.7000142964634e-08
ko.K15586	Week_and_consortia	NS1_w9w10	-0.435670501479031	0.0703984159429608	72	72	3.78861313683595e-08	7.72711892099121e-08
ko.K06399	Week_and_consortia	NS1_w9w10	-0.373167521315399	0.0604121501193385	72	72	3.80485205884327e-08	7.75710758727853e-08
ko.K02003	Week_and_consortia	NS1_w9w10	-0.124842657586508	0.0202379614999945	72	72	3.93623494709709e-08	8.02172608016721e-08
ko.K03826	Week_and_consortia	NS1_w9w10	-0.400397374939086	0.0650078568358817	72	72	4.09267089623681e-08	8.33716668055983e-08
ko.K02647	Week_and_consortia	NS1_w9w10	-0.520351732516813	0.0844856156597681	72	72	4.09531808119623e-08	8.33919667319765e-08
ko.K02435	Week_and_consortia	NS1_w9w10	-0.368569458176939	0.0598910586407364	72	72	4.18097875379032e-08	8.50676788729308e-08
ko.K02434	Week_and_consortia	NS1_w9w10	-0.368569458176939	0.0598910586407364	72	72	4.18097875379032e-08	8.50676788729308e-08
ko.K03338	Week_and_consortia	NS1_w9w10	-0.739430632688262	0.120208853052825	72	72	4.22883643112923e-08	8.55873467823939e-08
ko.K06382	Week_and_consortia	NS1_w9w10	-0.519591571594224	0.0844708433816279	72	72	4.23023762699203e-08	8.55873467823939e-08
ko.K14162	Week_and_consortia	NS1_w9w10	-0.519591571594224	0.0844708433816279	72	72	4.23023762699203e-08	8.55873467823939e-08
ko.K06438	Week_and_consortia	NS1_w9w10	-0.519591571594224	0.0844708433816279	72	72	4.23023762699203e-08	8.55873467823939e-08
ko.K06012	Week_and_consortia	NS1_w9w10	-0.519591571594224	0.0844708433816279	72	72	4.23023762699203e-08	8.55873467823939e-08
ko.K06406	Week_and_consortia	NS1_w9w10	-0.519591571594224	0.0844708433816279	72	72	4.23023762699203e-08	8.55873467823939e-08
ko.K06405	Week_and_consortia	NS1_w9w10	-0.519591571594224	0.0844708433816279	72	72	4.23023762699203e-08	8.55873467823939e-08
ko.K06379	Week_and_consortia	NS1_w9w10	-0.519591571594224	0.0844708433816279	72	72	4.23023762699203e-08	8.55873467823939e-08
ko.K06392	Week_and_consortia	NS1_w9w10	-0.519591571594224	0.0844708433816279	72	72	4.23023762699203e-08	8.55873467823939e-08
ko.K06396	Week_and_consortia	NS1_w9w10	-0.519591571594224	0.0844708433816279	72	72	4.23023762699203e-08	8.55873467823939e-08
ko.K06394	Week_and_consortia	NS1_w9w10	-0.519591571594224	0.0844708433816279	72	72	4.23023762699203e-08	8.55873467823939e-08
ko.K06393	Week_and_consortia	NS1_w9w10	-0.519591571594224	0.0844708433816279	72	72	4.23023762699203e-08	8.55873467823939e-08
ko.K06390	Week_and_consortia	NS1_w9w10	-0.519591571594224	0.0844708433816279	72	72	4.23023762699203e-08	8.55873467823939e-08
ko.K06283	Week_and_consortia	NS1_w9w10	-0.519591571594224	0.0844708433816279	72	72	4.23023762699203e-08	8.55873467823939e-08
ko.K00548	Week_and_consortia	NS1_w9w10	-0.0421979206935488	0.00685126885414219	72	72	4.27209717613563e-08	8.63996594629191e-08
ko.K01181	Week_and_consortia	NS1_w9w10	-0.683224010431637	0.111145766100472	72	72	4.3006622783208e-08	8.69425603444445e-08
ko.K00130	Week_and_consortia	NS1_w9w10	-0.600859083313537	0.0977882798774196	72	72	4.34680189547775e-08	8.78401727038144e-08
ko.K05936	Week_and_consortia	NS1_w9w10	0.264837856488518	0.0431197190367685	72	72	4.39272806036675e-08	8.86972908112423e-08
ko.K02188	Week_and_consortia	NS1_w9w10	0.264837856488518	0.0431197190367685	72	72	4.39272806036675e-08	8.86972908112423e-08
ko.K10026	Week_and_consortia	NS1_w9w10	0.155713755112379	0.025362388857146	72	72	4.43543133823114e-08	8.95237679614212e-08
ko.K18707	Week_and_consortia	NS1_w9w10	0.243680375964715	0.0396964488512001	72	72	4.45287874457202e-08	8.98400296229146e-08
ko.K06374	Week_and_consortia	NS1_w9w10	-0.518334969408656	0.0844790980550286	72	72	4.50662534213964e-08	9.08881086965648e-08
ko.K02588	Week_and_consortia	NS1_w9w10	0.510322463563479	0.0832043949605923	72	72	4.54919798439444e-08	9.17100886558688e-08
ko.K01060	Week_and_consortia	NS1_w9w10	-0.370216849641373	0.0602614173507223	72	72	4.55382305478537e-08	9.17667095044902e-08
ko.K01845	Week_and_consortia	NS1_w9w10	-0.451880576564605	0.0736875943571711	72	72	4.56738669496474e-08	9.20033396449835e-08
ko.K07137	Week_and_consortia	NS1_w9w10	-0.0508048057725389	0.00828535162255395	72	72	4.576740140528e-08	9.21550067355419e-08
ko.K03101	Week_and_consortia	NS1_w9w10	-0.0481923810610441	0.00786006851032105	72	72	4.58779372724912e-08	9.234077255005e-08
ko.K01738	Week_and_consortia	NS1_w9w10	0.160537718234024	0.0261965172540079	72	72	4.6459963262143e-08	9.34750037436664e-08
ko.K00955	Week_and_consortia	NS1_w9w10	0.160929464950683	0.0263221610267347	72	72	4.92692787096941e-08	9.90877372776172e-08
ko.K02499	Week_and_consortia	NS1_w9w10	0.438809654397961	0.07180104571369	72	72	4.97491999256334e-08	1.00013115011659e-07
ko.K03696	Week_and_consortia	NS1_w9w10	-0.0523642930522993	0.00857043549075045	72	72	5.00734406808336e-08	1.00624909434993e-07
ko.K01153	Week_and_consortia	NS1_w9w10	-0.248018902420309	0.0406345124030121	72	72	5.13623526865381e-08	1.03173998319042e-07
ko.K00767	Week_and_consortia	NS1_w9w10	0.137338403204164	0.0225177880583475	72	72	5.2324118553712e-08	1.05064168097517e-07
ko.K03529	Week_and_consortia	NS1_w9w10	-0.446449681225662	0.0732450382215726	72	72	5.31459559923869e-08	1.06587284507161e-07
ko.K06024	Week_and_consortia	NS1_w9w10	-0.446449681225662	0.0732450382215726	72	72	5.31459559923869e-08	1.06587284507161e-07
ko.K05896	Week_and_consortia	NS1_w9w10	-0.446449681225662	0.0732450382215726	72	72	5.31459559923869e-08	1.06587284507161e-07
ko.K08978	Week_and_consortia	NS1_w9w10	0.252205605454685	0.0413781935350052	72	72	5.31797549585826e-08	1.06612746845539e-07
ko.K01749	Week_and_consortia	NS1_w9w10	-0.37185884866296	0.0610303043788366	72	72	5.36404633298894e-08	1.07493701206903e-07
ko.K08309	Week_and_consortia	NS1_w9w10	-1.00152179096525	0.164376690924084	72	72	5.36786043745541e-08	1.07527481879559e-07
ko.K20810	Week_and_consortia	NS1_w9w10	0.477494080480313	0.0783907124419909	72	72	5.40386715647625e-08	1.08205853644542e-07
ko.K18682	Week_and_consortia	NS1_w9w10	0.230475175073466	0.037853864713575	72	72	5.46276448193137e-08	1.09341862768294e-07
ko.K00703	Week_and_consortia	NS1_w9w10	0.216669831067214	0.0356243794661621	72	72	5.60921068459343e-08	1.1222864308343e-07
ko.K05946	Week_and_consortia	NS1_w9w10	-0.240881741599503	0.0397117871799983	72	72	5.995114305447e-08	1.1990228610894e-07
ko.K13714	Week_and_consortia	NS1_w9w10	-0.932400302894279	0.153758116077916	72	11	6.03623720774883e-08	1.20676970215857e-07
ko.K03168	Week_and_consortia	NS1_w9w10	0.20835556545887	0.0343628173980222	72	72	6.05275368352045e-08	1.20959302251366e-07
ko.K11144	Week_and_consortia	NS1_w9w10	-1.18986583978261	0.196194494599708	72	72	6.27431509360494e-08	1.25337445049e-07
ko.K02897	Week_and_consortia	NS1_w9w10	0.145848795647023	0.0241107121229059	72	72	6.41519893338912e-08	1.28101126527596e-07
ko.K07263	Week_and_consortia	NS1_w9w10	0.180010494146054	0.0297779316910959	72	72	6.52139743653145e-08	1.30170287828356e-07
ko.K22227	Week_and_consortia	NS1_w9w10	0.390186751308425	0.0646062195574204	72	72	6.67279839352002e-08	1.33139721501039e-07
ko.K01874	Week_and_consortia	NS1_w9w10	-0.0692971858323937	0.0114919312345738	72	72	6.93273748854893e-08	1.38271574386692e-07
ko.K03614	Week_and_consortia	NS1_w9w10	0.219766776547237	0.0364662910185952	72	72	7.03218371876067e-08	1.40199653303784e-07
ko.K00925	Week_and_consortia	NS1_w9w10	-0.218052477186942	0.0362071302593598	72	72	7.15369326651629e-08	1.42565910778857e-07
ko.K07406	Week_and_consortia	NS1_w9w10	-0.615547316583496	0.102236500924294	72	72	7.19880969153982e-08	1.43408464359855e-07
ko.K15460	Week_and_consortia	NS1_w9w10	0.209435100305585	0.0348278414166873	72	72	7.41813412855629e-08	1.47719407242674e-07
ko.K03216	Week_and_consortia	NS1_w9w10	-0.372043061753473	0.0619491515487991	72	72	7.65776661095196e-08	1.52311168970588e-07
ko.K07042	Week_and_consortia	NS1_w9w10	-0.372043061753473	0.0619491515487991	72	72	7.65776661095196e-08	1.52311168970588e-07
ko.K07040	Week_and_consortia	NS1_w9w10	-0.372043061753473	0.0619491515487991	72	72	7.65776661095196e-08	1.52311168970588e-07
ko.K01439	Week_and_consortia	NS1_w9w10	-0.51081315622154	0.0851017730215389	72	72	7.75930061538053e-08	1.54269920145228e-07
ko.K20276	Week_and_consortia	NS1_w9w10	-0.428751971254717	0.0714973625015148	72	72	7.93881070161334e-08	1.57776835816485e-07
ko.K01414	Week_and_consortia	NS1_w9w10	0.319015431596202	0.0532174346447528	72	72	8.00964861781592e-08	1.591220795014e-07
ko.K09747	Week_and_consortia	NS1_w9w10	-0.371509274843412	0.0619830768545383	72	72	8.03719807823444e-08	1.59606622213995e-07
ko.K03924	Week_and_consortia	NS1_w9w10	0.168210953880692	0.0281080145105725	72	72	8.34573124980798e-08	1.65668504023693e-07
ko.K06209	Week_and_consortia	NS1_w9w10	-0.506093407221074	0.0845715486343815	72	72	8.35400600041723e-08	1.65767628884948e-07
ko.K07284	Week_and_consortia	NS1_w9w10	0.695967323327434	0.11622875978206	72	72	8.56302679622084e-08	1.69848493814321e-07
ko.K06864	Week_and_consortia	NS1_w9w10	-0.351865305513636	0.0589239190371535	72	72	8.7955418112967e-08	1.74391982851927e-07
ko.K01489	Week_and_consortia	NS1_w9w10	0.21428302157167	0.0359047027822056	72	72	8.91828126414987e-08	1.76756206145489e-07
ko.K06409	Week_and_consortia	NS1_w9w10	-0.490393276683975	0.0822902366906069	72	72	9.2421590530713e-08	1.83103480533789e-07
ko.K08744	Week_and_consortia	NS1_w9w10	-0.4476981003618	0.0751755436905177	72	72	9.39120671139177e-08	1.85983442986873e-07
ko.K06217	Week_and_consortia	NS1_w9w10	0.192622894213069	0.0323695884936612	72	72	9.56930497958985e-08	1.89436241210376e-07
ko.K02071	Week_and_consortia	NS1_w9w10	-0.460049058114596	0.0773178470436037	72	72	9.59396978673203e-08	1.89850118928986e-07
ko.K03570	Week_and_consortia	NS1_w9w10	0.2000041771686	0.0336413087522909	72	72	9.78670455556714e-08	1.9358822010464e-07
ko.K01560	Week_and_consortia	NS1_w9w10	-0.474546721174744	0.0798329507214432	72	72	9.82446006503266e-08	1.94258991188043e-07
ko.K06221	Week_and_consortia	NS1_w9w10	-1.05425912109413	0.177129152119027	72	72	9.89511899852964e-08	1.95505611386343e-07
ko.K07738	Week_and_consortia	NS1_w9w10	-0.368232411117402	0.0619661667117814	72	72	9.8952464036991e-08	1.95505611386343e-07
ko.K00057	Week_and_consortia	NS1_w9w10	-0.094409187115701	0.0159042599758314	72	72	1.01544872271575e-07	2.0054913788741e-07
ko.K00887	Week_and_consortia	NS1_w9w10	0.417306593433028	0.0703016559622199	72	72	1.01607323440694e-07	2.0059405940695e-07
ko.K17828	Week_and_consortia	NS1_w9w10	0.220507641794703	0.0372013713017072	72	72	1.0518280894868e-07	2.0757169953466e-07
ko.K22441	Week_and_consortia	NS1_w9w10	-0.765277147326927	0.129238090657287	72	72	1.07750135900874e-07	2.12555129469432e-07
ko.K00574	Week_and_consortia	NS1_w9w10	-0.479766151203412	0.0810329525900064	72	72	1.08109264808153e-07	2.1318033013692e-07
ko.K05989	Week_and_consortia	NS1_w9w10	0.275322227894902	0.0465264741336342	72	72	1.09470893383226e-07	2.15781097687109e-07
ko.K03701	Week_and_consortia	NS1_w9w10	-0.10694609979808	0.0180847982908769	72	72	1.11234636510546e-07	2.19172146509859e-07
ko.K08092	Week_and_consortia	NS1_w9w10	0.543471712899866	0.091970365159139	72	72	1.13227071742046e-07	2.23010981068545e-07
ko.K05801	Week_and_consortia	NS1_w9w10	0.40932008250187	0.069317297044127	72	72	1.1516040530306e-07	2.26730462818027e-07
ko.K09155	Week_and_consortia	NS1_w9w10	-2.22572248931734	0.377801746172442	72	71	1.21759719602487e-07	2.39629958485299e-07
ko.K03722	Week_and_consortia	NS1_w9w10	-0.492511975221924	0.0836079864705061	72	72	1.22013912811609e-07	2.40036716325643e-07
ko.K08986	Week_and_consortia	NS1_w9w10	-0.432096581166818	0.0737268513294152	72	72	1.37711041072409e-07	2.70812058971511e-07
ko.K01126	Week_and_consortia	NS1_w9w10	-0.241478584558017	0.0412196374496093	72	72	1.44313112845243e-07	2.83684765017185e-07
ko.K02283	Week_and_consortia	NS1_w9w10	-0.539521011758029	0.0922639473390884	72	72	1.45243425483014e-07	2.85402483679574e-07
ko.K04518	Week_and_consortia	NS1_w9w10	0.226103707318817	0.0386681358257219	72	72	1.45416201613248e-07	2.8563089057159e-07
ko.K04070	Week_and_consortia	NS1_w9w10	-0.488910274413152	0.0836398365804927	72	72	1.46513862765647e-07	2.87675100929673e-07
ko.K09474	Week_and_consortia	NS1_w9w10	-0.837622217824064	0.143341387344473	72	72	1.47626916128993e-07	2.89747933288139e-07
ko.K18827	Week_and_consortia	NS1_w9w10	-0.857887111686439	0.146885975858317	72	72	1.49454665448528e-07	2.93107519350142e-07
ko.K01730	Week_and_consortia	NS1_w9w10	-0.857887111686439	0.146885975858317	72	72	1.49454665448528e-07	2.93107519350142e-07
ko.K00074	Week_and_consortia	NS1_w9w10	-0.40718619895361	0.0697866271294647	72	72	1.52970698335283e-07	2.99886677528076e-07
ko.K05569	Week_and_consortia	NS1_w9w10	-0.573275545610708	0.0982814399858706	72	72	1.54042698097194e-07	3.01754056140762e-07
ko.K05570	Week_and_consortia	NS1_w9w10	-0.573275545610708	0.0982814399858706	72	72	1.54042698097194e-07	3.01754056140762e-07
ko.K13497	Week_and_consortia	NS1_w9w10	0.0824742231831116	0.0141514193927238	72	72	1.57189747399664e-07	3.07799458861667e-07
ko.K01443	Week_and_consortia	NS1_w9w10	-0.144360007481109	0.0247817445905815	72	72	1.58926588864374e-07	3.1107986320915e-07
ko.K16898	Week_and_consortia	NS1_w9w10	-0.48938834027571	0.0842683034796896	72	72	1.707095711198e-07	3.34014234429602e-07
ko.K03606	Week_and_consortia	NS1_w9w10	-0.56922674119985	0.0981249915703976	72	72	1.75210830088706e-07	3.42688778013218e-07
ko.K03076	Week_and_consortia	NS1_w9w10	0.0953216307958376	0.0164488844004822	72	72	1.79505101435326e-07	3.50951924323246e-07
ko.K13953	Week_and_consortia	NS1_w9w10	-0.985455978560692	0.170067894240394	72	72	1.79892200442852e-07	3.51572687287153e-07
ko.K00525	Week_and_consortia	NS1_w9w10	-0.0984324484265104	0.0169930632012758	72	72	1.81329686789088e-07	3.54245002961513e-07
ko.K05877	Week_and_consortia	NS1_w9w10	1.16782516549779	0.2016826365547	72	72	1.82866438047759e-07	3.57109101282288e-07
ko.K00243	Week_and_consortia	NS1_w9w10	0.218892474353025	0.0378379797551717	72	72	1.8689431089772e-07	3.64833871196012e-07
ko.K07085	Week_and_consortia	NS1_w9w10	0.259369170974465	0.0448713520060508	72	72	1.90467547545069e-07	3.71665527306948e-07
ko.K15726	Week_and_consortia	NS1_w9w10	0.456575797211547	0.0789956063358302	72	72	1.90868023133776e-07	3.72303186437003e-07
ko.K00789	Week_and_consortia	NS1_w9w10	0.0578883736899395	0.0100425944110212	72	72	2.03118174596382e-07	3.96045163280942e-07
ko.K00097	Week_and_consortia	NS1_w9w10	0.0580798003973358	0.0100923172337708	72	72	2.10960659955684e-07	4.1117795296918e-07
ko.K03092	Week_and_consortia	NS1_w9w10	0.13372711704366	0.0232449798988505	72	72	2.12581988119805e-07	4.14178250667665e-07
ko.K05837	Week_and_consortia	NS1_w9w10	0.192600432460588	0.0335158340743568	72	72	2.18110703673346e-07	4.24786150716169e-07
ko.K22445	Week_and_consortia	NS1_w9w10	-0.556491799333807	0.0969834919127475	72	72	2.25719465110535e-07	4.39435351729643e-07
ko.K02433	Week_and_consortia	NS1_w9w10	-0.332202226229724	0.0579263825686167	72	72	2.28545568926259e-07	4.44765876046017e-07
ko.K05833	Week_and_consortia	NS1_w9w10	-0.426529197734983	0.0744283622072869	72	72	2.32399236143759e-07	4.5191722132343e-07
ko.K05832	Week_and_consortia	NS1_w9w10	-0.426529197734983	0.0744283622072869	72	72	2.32399236143759e-07	4.5191722132343e-07
ko.K09163	Week_and_consortia	NS1_w9w10	0.457131539710408	0.0798346201866057	72	72	2.36871371574151e-07	4.60436386761297e-07
ko.K01585	Week_and_consortia	NS1_w9w10	0.0993259847538761	0.0173555410587062	72	72	2.39707064174482e-07	4.65769264695955e-07
ko.K07301	Week_and_consortia	NS1_w9w10	0.216619879591853	0.0379295213677839	72	72	2.51412438402281e-07	4.88258859714657e-07
ko.K18429	Week_and_consortia	NS1_w9w10	-1.52251331170268	0.266188669483944	72	71	2.51474575015348e-07	4.88258859714657e-07
ko.K17735	Week_and_consortia	NS1_w9w10	0.445600738395351	0.0780269849077076	72	72	2.51675758670845e-07	4.88461749060741e-07
ko.K04652	Week_and_consortia	NS1_w9w10	-0.308840653388827	0.0541236326170858	72	72	2.56404459443131e-07	4.97448283067089e-07
ko.K03655	Week_and_consortia	NS1_w9w10	0.123619242764338	0.0217198877498284	72	72	2.71929230658674e-07	5.27365248862811e-07
ko.K00147	Week_and_consortia	NS1_w9w10	-0.0971860435293445	0.017085510167836	72	72	2.75553460884881e-07	5.34188827471381e-07
ko.K02028	Week_and_consortia	NS1_w9w10	0.124799938344776	0.0219679592448845	72	72	2.83623505438945e-07	5.49622535280993e-07
ko.K16915	Week_and_consortia	NS1_w9w10	-0.547041722839569	0.0963027286704585	72	72	2.84259224990496e-07	5.5064325331748e-07
ko.K02011	Week_and_consortia	NS1_w9w10	0.454240542649329	0.0799995299659397	72	72	2.86998661601923e-07	5.55736772101538e-07
ko.K02426	Week_and_consortia	NS1_w9w10	0.136509519929411	0.0240668886652225	72	72	2.93909940619254e-07	5.68901540233131e-07
ko.K19789	Week_and_consortia	NS1_w9w10	0.706510589022642	0.124664755658092	72	72	2.99608242137096e-07	5.79709245222752e-07
ko.K15024	Week_and_consortia	NS1_w9w10	0.526075587165964	0.0929553532936021	72	72	3.09142472380212e-07	5.97927936625126e-07
ko.K06183	Week_and_consortia	NS1_w9w10	-0.347058648165175	0.0614062458013279	72	72	3.18666604653046e-07	6.16113159857325e-07
ko.K02226	Week_and_consortia	NS1_w9w10	0.222678416572118	0.0395205873804932	72	72	3.41519996038089e-07	6.60045531746145e-07
ko.K03386	Week_and_consortia	NS1_w9w10	0.0818293470831779	0.0145370199872498	72	72	3.49038386335703e-07	6.74318136813756e-07
ko.K11934	Week_and_consortia	NS1_w9w10	-0.595627565533741	0.106147504056581	72	72	3.74569459647479e-07	7.23089381023716e-07
ko.K03491	Week_and_consortia	NS1_w9w10	-0.524351487314144	0.0934437667623008	72	72	3.74431336344369e-07	7.23089381023716e-07
ko.K06898	Week_and_consortia	NS1_w9w10	-0.331143279577825	0.0590589928640449	72	72	3.81082541009956e-07	7.35381587922957e-07
ko.K00433	Week_and_consortia	NS1_w9w10	-1.24004346306898	0.220893380396118	72	72	3.83330739754822e-07	7.3943753235638e-07
ko.K00641	Week_and_consortia	NS1_w9w10	-0.537270481314303	0.0958579748205515	72	72	3.84332107189817e-07	7.41086185314105e-07
ko.K03786	Week_and_consortia	NS1_w9w10	0.238431176698907	0.0425505009539741	72	72	3.86438434260754e-07	7.44863399422101e-07
ko.K09759	Week_and_consortia	NS1_w9w10	-0.54138720152283	0.0966360596585646	72	72	3.88221031136272e-07	7.4801397761268e-07
ko.K12972	Week_and_consortia	NS1_w9w10	-0.480422819175487	0.0857586992854215	72	72	3.88686476347356e-07	7.48625268206955e-07
ko.K01783	Week_and_consortia	NS1_w9w10	-0.072564506782232	0.0129419895766206	72	72	3.93521832363565e-07	7.57649503468266e-07
ko.K01703	Week_and_consortia	NS1_w9w10	0.0619284141350835	0.0110610611211823	72	72	3.93753237840573e-07	7.57806231455458e-07
ko.K02074	Week_and_consortia	NS1_w9w10	-0.94765924148639	0.169289885736221	72	72	4.08290208616727e-07	7.85484437902401e-07
ko.K09764	Week_and_consortia	NS1_w9w10	0.50619563671872	0.0905666642575672	72	72	4.0904205508235e-07	7.86631314151515e-07
ko.K16139	Week_and_consortia	NS1_w9w10	0.571823115709924	0.102321399361476	72	72	4.10191049040013e-07	7.88540783770983e-07
ko.K14623	Week_and_consortia	NS1_w9w10	0.343870247599512	0.0616499683319662	72	72	4.28049132996175e-07	8.22557710116651e-07
ko.K09121	Week_and_consortia	NS1_w9w10	-0.327945687422598	0.0589826576738413	72	72	4.59329328602216e-07	8.82331470759846e-07
ko.K07061	Week_and_consortia	NS1_w9w10	1.91254765690997	0.344053738368845	72	53	4.61473424749116e-07	8.86113166793057e-07
ko.K01698	Week_and_consortia	NS1_w9w10	-0.407422455305881	0.0733512818354577	72	72	4.69722376249853e-07	9.01267544555358e-07
ko.K02492	Week_and_consortia	NS1_w9w10	-0.407422455305881	0.0733512818354577	72	72	4.69722376249853e-07	9.01267544555358e-07
ko.K01808	Week_and_consortia	NS1_w9w10	0.202564788100523	0.0364761594099082	72	72	4.71691737199852e-07	9.04702603012018e-07
ko.K10545	Week_and_consortia	NS1_w9w10	-1.07625456242625	0.193840308983001	72	72	4.73705681886542e-07	9.08220533165393e-07
ko.K08221	Week_and_consortia	NS1_w9w10	-1.22727222169756	0.220769452787311	72	72	4.76047453785225e-07	9.12364088210529e-07
ko.K03742	Week_and_consortia	NS1_w9w10	-0.0893985469965427	0.01610709407969	72	72	4.77510052709757e-07	9.14820169241446e-07
ko.K12960	Week_and_consortia	NS1_w9w10	-0.237562531420852	0.0428218233016493	72	72	4.82389429984066e-07	9.23817816633625e-07
ko.K02793	Week_and_consortia	NS1_w9w10	-0.959130754652757	0.17278052710977	72	72	4.90898330249656e-07	9.39756864123251e-07
ko.K19285	Week_and_consortia	NS1_w9w10	0.215099169565901	0.0388105969295459	72	72	4.92873308678053e-07	9.43180286152092e-07
ko.K03339	Week_and_consortia	NS1_w9w10	-1.22348870616629	0.220907044386732	72	72	5.16397030998501e-07	9.85955329026617e-07
ko.K21567	Week_and_consortia	NS1_w9w10	-1.22348870616629	0.220907044386732	72	72	5.16397030998501e-07	9.85955329026617e-07
ko.K12555	Week_and_consortia	NS1_w9w10	-1.22348870616629	0.220907044386732	72	72	5.16397030998501e-07	9.85955329026617e-07
ko.K22457	Week_and_consortia	NS1_w9w10	-1.22348870616629	0.220907044386732	72	72	5.16397030998501e-07	9.85955329026617e-07
ko.K01612	Week_and_consortia	NS1_w9w10	-1.22348870616629	0.220907044386732	72	72	5.16397030998501e-07	9.85955329026617e-07
ko.K02859	Week_and_consortia	NS1_w9w10	-1.22348870616629	0.220907044386732	72	72	5.16397030998501e-07	9.85955329026617e-07
ko.K07139	Week_and_consortia	NS1_w9w10	0.19067313090399	0.0344880324898161	72	72	5.2019461180343e-07	9.92830819354335e-07
ko.K15780	Week_and_consortia	NS1_w9w10	-1.22166937088746	0.220814636140953	72	72	5.28610993893984e-07	1.00020327389695e-06
ko.K02248	Week_and_consortia	NS1_w9w10	-1.22166937088731	0.220814636141066	72	72	5.28610993924158e-07	1.00020327389695e-06
ko.K06198	Week_and_consortia	NS1_w9w10	-1.22166937088731	0.220814636141066	72	72	5.28610993924158e-07	1.00020327389695e-06
ko.K21465	Week_and_consortia	NS1_w9w10	-1.22166937088731	0.220814636141066	72	72	5.28610993924158e-07	1.00020327389695e-06
ko.K02246	Week_and_consortia	NS1_w9w10	-1.22166937088731	0.220814636141066	72	72	5.28610993924158e-07	1.00020327389695e-06
ko.K01261	Week_and_consortia	NS1_w9w10	-1.22166937088731	0.220814636141066	72	72	5.28610993924158e-07	1.00020327389695e-06
ko.K01269	Week_and_consortia	NS1_w9w10	-1.22166937088731	0.220814636141066	72	72	5.28610993924158e-07	1.00020327389695e-06
ko.K03713	Week_and_consortia	NS1_w9w10	-1.22166937088731	0.220814636141066	72	72	5.28610993924158e-07	1.00020327389695e-06
ko.K11622	Week_and_consortia	NS1_w9w10	-1.22166937088731	0.220814636141066	72	72	5.28610993924158e-07	1.00020327389695e-06
ko.K07681	Week_and_consortia	NS1_w9w10	-1.22166937088731	0.220814636141066	72	72	5.28610993924158e-07	1.00020327389695e-06
ko.K11617	Week_and_consortia	NS1_w9w10	-1.22166937088731	0.220814636141066	72	72	5.28610993924158e-07	1.00020327389695e-06
ko.K07694	Week_and_consortia	NS1_w9w10	-1.22166937088731	0.220814636141066	72	72	5.28610993924158e-07	1.00020327389695e-06
ko.K20707	Week_and_consortia	NS1_w9w10	-1.22166937088731	0.220814636141066	72	72	5.28610993924158e-07	1.00020327389695e-06
ko.K12552	Week_and_consortia	NS1_w9w10	-1.22166937088731	0.220814636141066	72	72	5.28610993924158e-07	1.00020327389695e-06
ko.K12556	Week_and_consortia	NS1_w9w10	-1.22166937088731	0.220814636141066	72	72	5.28610993924158e-07	1.00020327389695e-06
ko.K21064	Week_and_consortia	NS1_w9w10	-1.22166937088731	0.220814636141066	72	72	5.28610993924158e-07	1.00020327389695e-06
ko.K00105	Week_and_consortia	NS1_w9w10	-1.22166937088731	0.220814636141066	72	72	5.28610993924158e-07	1.00020327389695e-06
ko.K21275	Week_and_consortia	NS1_w9w10	-1.22166937088731	0.220814636141066	72	72	5.28610993924158e-07	1.00020327389695e-06
ko.K02244	Week_and_consortia	NS1_w9w10	-1.22166937088731	0.220814636141066	72	72	5.28610993924158e-07	1.00020327389695e-06
ko.K03095	Week_and_consortia	NS1_w9w10	-1.22166937088731	0.220814636141066	72	72	5.28610993924158e-07	1.00020327389695e-06
ko.K22043	Week_and_consortia	NS1_w9w10	-1.22166937088731	0.220814636141066	72	72	5.28610993924158e-07	1.00020327389695e-06
ko.K18821	Week_and_consortia	NS1_w9w10	-1.22166937088731	0.220814636141066	72	72	5.28610993924158e-07	1.00020327389695e-06
ko.K17217	Week_and_consortia	NS1_w9w10	-1.22166937088731	0.220814636141066	72	72	5.28610993924158e-07	1.00020327389695e-06
ko.K12373	Week_and_consortia	NS1_w9w10	-0.157952381531508	0.0285918665719435	72	72	5.29123205016951e-07	1.00079761577897e-06
ko.K02029	Week_and_consortia	NS1_w9w10	-0.261666049274701	0.0473862498290182	72	72	5.34177343497057e-07	1.00997901921674e-06
ko.K02314	Week_and_consortia	NS1_w9w10	0.168229501754437	0.0305159799707841	72	72	5.53894001145978e-07	1.04686587870912e-06
ko.K07443	Week_and_consortia	NS1_w9w10	0.219067338435983	0.0397640180700038	72	72	5.6195303104535e-07	1.06170034137663e-06
ko.K03741	Week_and_consortia	NS1_w9w10	-0.342125529102436	0.0621227769686623	72	72	5.66279903424724e-07	1.06947516714082e-06
ko.K09939	Week_and_consortia	NS1_w9w10	-0.542947757288978	0.0984810035119404	72	72	5.70043989854946e-07	1.07618170282032e-06
ko.K03710	Week_and_consortia	NS1_w9w10	0.249033962410409	0.0452994564696117	72	72	5.885432565729e-07	1.11069127090261e-06
ko.K03446	Week_and_consortia	NS1_w9w10	0.375174249532538	0.0682178735061027	72	72	6.01789776832228e-07	1.13526585233623e-06
ko.K02530	Week_and_consortia	NS1_w9w10	0.58997759919048	0.107486016827045	72	72	6.08972699222632e-07	1.14838748655197e-06
ko.K19976	Week_and_consortia	NS1_w9w10	-1.21313220651677	0.220748502407007	72	72	6.11686874560927e-07	1.15307540682157e-06
ko.K02687	Week_and_consortia	NS1_w9w10	-0.0729893197062561	0.0133038720033116	72	72	6.15158945593124e-07	1.15918798699607e-06
ko.K00943	Week_and_consortia	NS1_w9w10	-0.473432071496063	0.0864182597119605	72	72	6.34775852607285e-07	1.19570753444146e-06
ko.K03615	Week_and_consortia	NS1_w9w10	0.197144531384889	0.0360122928910417	72	72	6.44920052987223e-07	1.21436306660136e-06
ko.K00027	Week_and_consortia	NS1_w9w10	0.176827753535861	0.0323154847988928	72	72	6.51185918425293e-07	1.22570464228189e-06
ko.K03578	Week_and_consortia	NS1_w9w10	-0.526172228583723	0.0962646546642791	72	72	6.66874908387357e-07	1.25430083290131e-06
ko.K00520	Week_and_consortia	NS1_w9w10	-0.428156446126803	0.0783314432563415	72	72	6.66699495978233e-07	1.25430083290131e-06
ko.K07043	Week_and_consortia	NS1_w9w10	0.186213391643349	0.0341481923836459	72	72	7.01421246748484e-07	1.31878680259521e-06
ko.K01278	Week_and_consortia	NS1_w9w10	0.380355022249074	0.0697912567785039	72	72	7.10336854611657e-07	1.33505274906923e-06
ko.K01270	Week_and_consortia	NS1_w9w10	0.222191550698026	0.0407849101147975	72	72	7.15987603304729e-07	1.34517269315563e-06
ko.K00957	Week_and_consortia	NS1_w9w10	0.177687343496235	0.0326871676989788	72	72	7.50349529624736e-07	1.40920662589746e-06
ko.K07705	Week_and_consortia	NS1_w9w10	-0.319881079335355	0.0589287880120119	72	72	7.73561165465472e-07	1.45225975768546e-06
ko.K03820	Week_and_consortia	NS1_w9w10	-0.521556571117859	0.0961220372301855	72	72	7.80544950749588e-07	1.4648265569045e-06
ko.K02572	Week_and_consortia	NS1_w9w10	-0.977940723101144	0.180697663831808	72	72	8.2463028305779e-07	1.5469855885659e-06
ko.K00557	Week_and_consortia	NS1_w9w10	-0.991691970137084	0.183260185915119	72	72	8.26708008341208e-07	1.54743566437191e-06
ko.K01419	Week_and_consortia	NS1_w9w10	-0.990801925212338	0.183088727147809	72	72	8.26036924956077e-07	1.54743566437191e-06
ko.K03667	Week_and_consortia	NS1_w9w10	-0.990801925212338	0.183088727147809	72	72	8.26036924956077e-07	1.54743566437191e-06
ko.K00285	Week_and_consortia	NS1_w9w10	-0.991691970137084	0.183260185915119	72	72	8.26708008341208e-07	1.54743566437191e-06
ko.K06929	Week_and_consortia	NS1_w9w10	-0.991691970137084	0.183260185915119	72	72	8.26708008341208e-07	1.54743566437191e-06
ko.K07146	Week_and_consortia	NS1_w9w10	-0.990801925212338	0.183088727147809	72	72	8.26036924956077e-07	1.54743566437191e-06
ko.K00005	Week_and_consortia	NS1_w9w10	0.431856962854089	0.0798496525990772	72	72	8.36562787818078e-07	1.56530192742849e-06
ko.K01590	Week_and_consortia	NS1_w9w10	-0.773621669672474	0.143079562575598	72	72	8.41324597173004e-07	1.57362897627472e-06
ko.K00054	Week_and_consortia	NS1_w9w10	0.417464087556673	0.0771187771982013	72	72	8.4493726160739e-07	1.57980127521855e-06
ko.K00797	Week_and_consortia	NS1_w9w10	0.642687779777021	0.118931563401595	72	72	8.51606120589132e-07	1.59168113992464e-06
ko.K03623	Week_and_consortia	NS1_w9w10	-1.05126438796429	0.195530898174372	72	72	9.48353916741464e-07	1.77185058704803e-06
ko.K02020	Week_and_consortia	NS1_w9w10	0.393907814733471	0.073292094146793	72	72	9.55713337138178e-07	1.78362163990472e-06
ko.K02018	Week_and_consortia	NS1_w9w10	0.393907814733471	0.073292094146793	72	72	9.55713337138178e-07	1.78362163990472e-06
ko.K14153	Week_and_consortia	NS1_w9w10	-0.422523588714748	0.0786138641952473	72	72	9.55047352127131e-07	1.78362163990472e-06
ko.K02823	Week_and_consortia	NS1_w9w10	0.19695879682271	0.0366541501404965	72	72	9.59678313360058e-07	1.79035998489476e-06
ko.K01810	Week_and_consortia	NS1_w9w10	-0.070142059808057	0.0130604646201309	72	72	9.70564259673023e-07	1.81000023620085e-06
ko.K02778	Week_and_consortia	NS1_w9w10	-0.766992347095648	0.142809558123957	72	72	9.9730266219517e-07	1.85849245644043e-06
ko.K02779	Week_and_consortia	NS1_w9w10	-0.766992347095648	0.142809558123957	72	72	9.9730266219517e-07	1.85849245644043e-06
ko.K01567	Week_and_consortia	NS1_w9w10	-0.488097842982728	0.0912280242633861	72	72	1.05081750834447e-06	1.95749633191602e-06
ko.K01887	Week_and_consortia	NS1_w9w10	-0.053523905369692	0.0100250475060713	72	72	1.09833048626192e-06	2.04525087231671e-06
ko.K04034	Week_and_consortia	NS1_w9w10	-0.487314647240254	0.0912930340311813	72	72	1.10307406529862e-06	2.05332725788085e-06
ko.K01000	Week_and_consortia	NS1_w9w10	-0.0535039324159514	0.0100276080778769	72	72	1.1128549097868e-06	2.07077090395687e-06
ko.K06158	Week_and_consortia	NS1_w9w10	-0.0426781428583191	0.00801425789594044	72	72	1.19168145231401e-06	2.21663280452518e-06
ko.K00278	Week_and_consortia	NS1_w9w10	0.126419811650418	0.0237951462140516	72	72	1.21678504267377e-06	2.26249467632973e-06
ko.K10440	Week_and_consortia	NS1_w9w10	0.435719650896399	0.0821228751361192	72	72	1.25119910100804e-06	2.32562835110103e-06
ko.K06075	Week_and_consortia	NS1_w9w10	-1.03834785945999	0.195728463253698	72	72	1.25443497680036e-06	2.33078540007187e-06
ko.K15553	Week_and_consortia	NS1_w9w10	-0.337547955167	0.0636715835877551	72	72	1.27245858810148e-06	2.36340470113555e-06
ko.K01677	Week_and_consortia	NS1_w9w10	-0.432089822079011	0.0816304091504907	72	72	1.31358041902845e-06	2.43888580556109e-06
ko.K11753	Week_and_consortia	NS1_w9w10	-0.0795804514780344	0.0150367170123332	72	72	1.31788016039867e-06	2.44597008461943e-06
ko.K12288	Week_and_consortia	NS1_w9w10	-1.03530194754552	0.195738861109553	72	72	1.33448977384652e-06	2.47407058255876e-06
ko.K09994	Week_and_consortia	NS1_w9w10	-1.03530194754552	0.195738861109553	72	72	1.33448977384652e-06	2.47407058255876e-06
ko.K13639	Week_and_consortia	NS1_w9w10	-1.03530194754552	0.195738861109553	72	72	1.33448977384652e-06	2.47407058255876e-06
ko.K09777	Week_and_consortia	NS1_w9w10	-0.541391456224174	0.10236627771378	72	72	1.33674246825323e-06	2.47733783918391e-06
ko.K20344	Week_and_consortia	NS1_w9w10	-0.746450873850632	0.141496332875982	72	72	1.40825080023719e-06	2.60890467282664e-06
ko.K05520	Week_and_consortia	NS1_w9w10	-0.367243782158561	0.0698278057238284	72	72	1.49960989557949e-06	2.7771368007579e-06
ko.K03517	Week_and_consortia	NS1_w9w10	0.125106813076942	0.0237990511093943	72	72	1.51415516591465e-06	2.80304576702119e-06
ko.K02103	Week_and_consortia	NS1_w9w10	-0.593883270648683	0.113057897625777	72	72	1.53723501468958e-06	2.84472941179917e-06
ko.K13730	Week_and_consortia	NS1_w9w10	-0.198916735955533	0.0379198485830647	72	72	1.62238375124155e-06	3.00120201804186e-06
ko.K08351	Week_and_consortia	NS1_w9w10	-1.05456725583867	0.2016826365547	72	72	1.68808259322528e-06	3.12159343373869e-06
ko.K01610	Week_and_consortia	NS1_w9w10	0.184777266660787	0.0354755633593237	72	72	1.82629692580114e-06	3.37594294516918e-06
ko.K05515	Week_and_consortia	NS1_w9w10	-0.0398336862679597	0.00765667756846786	72	72	1.87004632101033e-06	3.45555011475647e-06
ko.K15496	Week_and_consortia	NS1_w9w10	-1.42014616248591	0.272869730515541	72	71	1.90384021060599e-06	3.51670959560565e-06
ko.K13015	Week_and_consortia	NS1_w9w10	-0.350976675185449	0.0675341045807682	72	72	1.90997374802459e-06	3.52674977157172e-06
ko.K22405	Week_and_consortia	NS1_w9w10	0.270535137535036	0.0520959206654524	72	72	1.93988808114472e-06	3.58067759807932e-06
ko.K03839	Week_and_consortia	NS1_w9w10	0.252980984235584	0.0487816709172022	72	72	1.99349793798586e-06	3.67828764890597e-06
ko.K11960	Week_and_consortia	NS1_w9w10	-0.520467346006503	0.10044992877168	72	72	2.0295176208429e-06	3.74338189868505e-06
ko.K12511	Week_and_consortia	NS1_w9w10	-0.495238231893792	0.0956446589500354	72	72	2.05691942294319e-06	3.79253902361642e-06
ko.K08302	Week_and_consortia	NS1_w9w10	-0.583811633157247	0.112957581847377	72	72	2.13381000820706e-06	3.93287419243417e-06
ko.K03660	Week_and_consortia	NS1_w9w10	-0.472459482277917	0.0914507176736677	72	72	2.15155309790172e-06	3.9641306530268e-06
ko.K01436	Week_and_consortia	NS1_w9w10	0.373598971938444	0.0724558798891101	72	72	2.23678503866042e-06	4.11966387725572e-06
ko.K12992	Week_and_consortia	NS1_w9w10	-0.466087222691574	0.0903978929946438	72	72	2.23916237051295e-06	4.12253946641087e-06
ko.K02554	Week_and_consortia	NS1_w9w10	0.523016951257233	0.101563130740157	72	72	2.29415704712677e-06	4.2222518768978e-06
ko.K15022	Week_and_consortia	NS1_w9w10	-0.443789792927663	0.0862277421407229	72	72	2.32050679744315e-06	4.26919167541252e-06
ko.K01872	Week_and_consortia	NS1_w9w10	-0.0429430323036041	0.00835267587900738	72	72	2.37019729101263e-06	4.35902319410112e-06
ko.K02745	Week_and_consortia	NS1_w9w10	0.517315680556237	0.100709298459519	72	72	2.41180874288772e-06	4.4339365971866e-06
ko.K01619	Week_and_consortia	NS1_w9w10	0.192097260167849	0.0374508971519439	72	72	2.4817824132857e-06	4.56091842557998e-06
ko.K12239	Week_and_consortia	NS1_w9w10	-1.00638816345076	0.196937751335567	72	72	2.67166082421268e-06	4.90808381233545e-06
ko.K00076	Week_and_consortia	NS1_w9w10	-0.401851494173754	0.0786388606762099	72	72	2.67265036945324e-06	4.90811692710933e-06
ko.K01069	Week_and_consortia	NS1_w9w10	-0.934068017715945	0.18282167023781	72	72	2.68205864172761e-06	4.92360474491566e-06
ko.K11755	Week_and_consortia	NS1_w9w10	0.187206659906968	0.0366742253702093	72	72	2.72990438137358e-06	5.00961748445307e-06
ko.K01464	Week_and_consortia	NS1_w9w10	0.436956825302427	0.0857775257748521	72	72	2.84261813710299e-06	5.21456311860722e-06
ko.K08369	Week_and_consortia	NS1_w9w10	0.686204219303975	0.134740730256636	72	72	2.85682803813427e-06	5.23872785795076e-06
ko.K01491	Week_and_consortia	NS1_w9w10	0.0602559641743868	0.0118477238083028	72	72	2.93372183139455e-06	5.37778036727331e-06
ko.K03818	Week_and_consortia	NS1_w9w10	-0.25544951172565	0.0502481304240271	72	72	2.9575797376427e-06	5.41954763676856e-06
ko.K02012	Week_and_consortia	NS1_w9w10	0.410624335672278	0.0808449674446042	72	72	3.01037616040154e-06	5.51429309729825e-06
ko.K06045	Week_and_consortia	NS1_w9w10	-0.471159904269487	0.0928168771023123	72	72	3.04441816375045e-06	5.57462869273913e-06
ko.K00796	Week_and_consortia	NS1_w9w10	0.0830094514055226	0.0163729045900445	72	72	3.11901358536921e-06	5.70915095408885e-06
ko.K01251	Week_and_consortia	NS1_w9w10	-0.323595493337522	0.0638637949798306	72	72	3.15472370157545e-06	5.772424534719e-06
ko.K09692	Week_and_consortia	NS1_w9w10	-0.458654777023609	0.0905501773267231	72	72	3.17614447389315e-06	5.80951552574518e-06
ko.K06391	Week_and_consortia	NS1_w9w10	0.378424081655874	0.0747517535967234	72	72	3.21033001814153e-06	5.86991938170503e-06
ko.K07310	Week_and_consortia	NS1_w9w10	-0.996470732723785	0.197130621898909	72	72	3.30448986522433e-06	6.0398997102436e-06
ko.K01372	Week_and_consortia	NS1_w9w10	0.342120666749466	0.0677894590473486	72	72	3.40824178082831e-06	6.22728299339769e-06
ko.K09988	Week_and_consortia	NS1_w9w10	-0.404070173213297	0.0804657934029302	72	72	3.75310032980322e-06	6.85490342233038e-06
ko.K00980	Week_and_consortia	NS1_w9w10	0.179872858205752	0.0359429202285688	72	72	4.00869305619564e-06	7.31908829775944e-06
ko.K02106	Week_and_consortia	NS1_w9w10	0.407546512473446	0.0817351353302371	72	72	4.29736042025781e-06	7.84330377281159e-06
ko.K09767	Week_and_consortia	NS1_w9w10	-0.818230460560628	0.164170239592555	72	72	4.33271846288061e-06	7.90498146423721e-06
ko.K00639	Week_and_consortia	NS1_w9w10	0.155014504668212	0.0311489627845098	72	72	4.45808193738724e-06	8.13076893418062e-06
ko.K02190	Week_and_consortia	NS1_w9w10	0.235753199122611	0.0473775382469122	72	72	4.46658612602519e-06	8.14333926693586e-06
ko.K00336	Week_and_consortia	NS1_w9w10	-0.217952016903133	0.0437544460694821	72	72	4.47806185430944e-06	8.16131619335183e-06
ko.K03286	Week_and_consortia	NS1_w9w10	-0.634009060042155	0.12766552794178	72	72	4.63792040212986e-06	8.44961192627481e-06
ko.K00533	Week_and_consortia	NS1_w9w10	-0.543898583023461	0.109578818001972	72	72	4.68468552708927e-06	8.53173442063987e-06
ko.K07130	Week_and_consortia	NS1_w9w10	-1.12664916276208	0.226720531074975	72	72	4.6865795752935e-06	8.53210811329108e-06
ko.K07309	Week_and_consortia	NS1_w9w10	-0.968753950423667	0.195194609479209	72	72	4.69399861732483e-06	8.54253638858972e-06
ko.K09022	Week_and_consortia	NS1_w9w10	0.165202014728356	0.0333374481239808	72	72	4.83113804393266e-06	8.78894828878206e-06
ko.K06385	Week_and_consortia	NS1_w9w10	-0.396324100241413	0.0800773204982629	72	72	4.94605627954003e-06	8.99477189497344e-06
ko.K00362	Week_and_consortia	NS1_w9w10	-0.456292129954177	0.0922161277329826	72	72	4.96857616845969e-06	9.03247456029448e-06
ko.K00986	Week_and_consortia	NS1_w9w10	-0.293543325812314	0.0593626799049238	72	72	5.02860963199721e-06	9.13832225210427e-06
ko.K03486	Week_and_consortia	NS1_w9w10	-0.444629292705223	0.0899985724002432	72	72	5.11553524974904e-06	9.29294645153978e-06
ko.K00948	Week_and_consortia	NS1_w9w10	-0.0444689003451966	0.00900162552082848	72	72	5.12150887211211e-06	9.30045392592034e-06
ko.K03269	Week_and_consortia	NS1_w9w10	0.291715728341644	0.0590729311181358	72	72	5.15795621022938e-06	9.36327516136502e-06
ko.K07798	Week_and_consortia	NS1_w9w10	-0.390768709509746	0.0791844705398624	72	72	5.2232961072856e-06	9.4750778937188e-06
ko.K03640	Week_and_consortia	NS1_w9w10	-0.390768709509746	0.0791844705398624	72	72	5.2232961072856e-06	9.4750778937188e-06
ko.K05895	Week_and_consortia	NS1_w9w10	-0.415729735982091	0.0842575257528679	72	72	5.24076429443179e-06	9.50335291294666e-06
ko.K05592	Week_and_consortia	NS1_w9w10	-0.0431544683153115	0.00878479664062036	72	72	5.68905463238582e-06	1.03125597426671e-05
ko.K09005	Week_and_consortia	NS1_w9w10	0.909502012621506	0.185373987970582	72	70	5.82198815271058e-06	1.05459606122244e-05
ko.K01482	Week_and_consortia	NS1_w9w10	0.909502012621506	0.185373987970582	72	70	5.82198815271058e-06	1.05459606122244e-05
ko.K01739	Week_and_consortia	NS1_w9w10	-0.782806277114609	0.159647641054051	72	72	5.88788464246984e-06	1.06615029439991e-05
ko.K07106	Week_and_consortia	NS1_w9w10	0.199294779667124	0.0405996752976327	72	72	5.89061432609481e-06	1.06626239969298e-05
ko.K00244	Week_and_consortia	NS1_w9w10	0.649127297660544	0.132459331647046	72	72	5.9497396050589e-06	1.07657895719046e-05
ko.K13292	Week_and_consortia	NS1_w9w10	-0.298809882712625	0.0610632875263347	72	72	6.11257107320074e-06	1.1056465829506e-05
ko.K03075	Week_and_consortia	NS1_w9w10	0.106418098566239	0.0217840652224191	72	72	6.30780303980913e-06	1.14055193117809e-05
ko.K00008	Week_and_consortia	NS1_w9w10	-0.440006445710256	0.0902904245601871	72	72	6.59800037611116e-06	1.19259742039762e-05
ko.K18979	Week_and_consortia	NS1_w9w10	-0.284486154788868	0.0585356157922579	72	72	6.93470737826869e-06	1.25300935890606e-05
ko.K03425	Week_and_consortia	NS1_w9w10	-0.889200167904158	0.183534199560405	72	72	7.34318791413907e-06	1.32634198577871e-05
ko.K02669	Week_and_consortia	NS1_w9w10	-0.381761784394348	0.0788566719282376	72	72	7.44525270823663e-06	1.34429652187318e-05
ko.K18574	Week_and_consortia	NS1_w9w10	-0.450634344409431	0.0930995676040649	72	72	7.46948346209888e-06	1.34626580273006e-05
ko.K03146	Week_and_consortia	NS1_w9w10	-0.450634344409431	0.0930995676040649	72	72	7.46948346209888e-06	1.34626580273006e-05
ko.K17218	Week_and_consortia	NS1_w9w10	-0.450634344409431	0.0930995676040649	72	72	7.46948346209888e-06	1.34626580273006e-05
ko.K06320	Week_and_consortia	NS1_w9w10	-0.450634344409431	0.0930995676040649	72	72	7.46948346209888e-06	1.34626580273006e-05
ko.K14274	Week_and_consortia	NS1_w9w10	-0.450634344409431	0.0930995676040649	72	72	7.46948346209888e-06	1.34626580273006e-05
ko.K00997	Week_and_consortia	NS1_w9w10	-0.325055403112164	0.0671754630534572	72	72	7.51032271325012e-06	1.35270478428261e-05
ko.K00318	Week_and_consortia	NS1_w9w10	-0.450547934008277	0.0931097257600714	72	72	7.51056397449072e-06	1.35270478428261e-05
ko.K02558	Week_and_consortia	NS1_w9w10	-0.351093392867636	0.0725930663209049	72	72	7.57970377940597e-06	1.36467083013396e-05
ko.K21993	Week_and_consortia	NS1_w9w10	-0.343585469998931	0.0710863618927155	72	72	7.66886939600106e-06	1.38023256817233e-05
ko.K02652	Week_and_consortia	NS1_w9w10	-0.383394899159415	0.0794475649918624	72	72	7.89115412745834e-06	1.41973328532477e-05
ko.K02278	Week_and_consortia	NS1_w9w10	-0.450479187263158	0.0935069120426642	72	72	8.13697508401278e-06	1.46291808272002e-05
ko.K12452	Week_and_consortia	NS1_w9w10	-0.450479187263158	0.0935069120426642	72	72	8.13697508401278e-06	1.46291808272002e-05
ko.K00937	Week_and_consortia	NS1_w9w10	-0.0846618759403293	0.0175824967096375	72	72	8.21319929504018e-06	1.47609686369772e-05
ko.K04083	Week_and_consortia	NS1_w9w10	-0.30428116485952	0.0632598313666114	72	72	8.37213604569783e-06	1.50412629099806e-05
ko.K01205	Week_and_consortia	NS1_w9w10	0.221217334083171	0.0460059902980434	72	72	8.58957901657844e-06	1.54264319913808e-05
ko.K07768	Week_and_consortia	NS1_w9w10	0.624492023557874	0.130315299631867	72	72	8.95264552119688e-06	1.59424621688745e-05
ko.K18955	Week_and_consortia	NS1_w9w10	0.624492023557874	0.130315299631867	72	72	8.95264552119688e-06	1.59424621688745e-05
ko.K18206	Week_and_consortia	NS1_w9w10	0.624492023557866	0.130315299631867	72	72	8.95264552119892e-06	1.59424621688745e-05
ko.K18205	Week_and_consortia	NS1_w9w10	0.624492023557866	0.130315299631867	72	72	8.95264552119892e-06	1.59424621688745e-05
ko.K07442	Week_and_consortia	NS1_w9w10	0.624492023557866	0.130315299631867	72	72	8.95264552119892e-06	1.59424621688745e-05
ko.K16148	Week_and_consortia	NS1_w9w10	0.624492023557866	0.130315299631867	72	72	8.95264552119892e-06	1.59424621688745e-05
ko.K15515	Week_and_consortia	NS1_w9w10	0.624492023557866	0.130315299631867	72	72	8.95264552119892e-06	1.59424621688745e-05
ko.K11263	Week_and_consortia	NS1_w9w10	0.624492023557866	0.130315299631867	72	72	8.95264552119892e-06	1.59424621688745e-05
ko.K11533	Week_and_consortia	NS1_w9w10	0.624492023557866	0.130315299631867	72	72	8.95264552119892e-06	1.59424621688745e-05
ko.K14215	Week_and_consortia	NS1_w9w10	0.624492023557866	0.130315299631867	72	72	8.95264552119892e-06	1.59424621688745e-05
ko.K21273	Week_and_consortia	NS1_w9w10	0.624492023557866	0.130315299631867	72	72	8.95264552119892e-06	1.59424621688745e-05
ko.K03727	Week_and_consortia	NS1_w9w10	0.624492023557866	0.130315299631867	72	72	8.95264552119892e-06	1.59424621688745e-05
ko.K16147	Week_and_consortia	NS1_w9w10	0.624492023557866	0.130315299631867	72	72	8.95264552119892e-06	1.59424621688745e-05
ko.K09009	Week_and_consortia	NS1_w9w10	0.624492023557866	0.130315299631867	72	72	8.95264552119892e-06	1.59424621688745e-05
ko.K11788	Week_and_consortia	NS1_w9w10	0.624492023557866	0.130315299631867	72	72	8.95264552119892e-06	1.59424621688745e-05
ko.K03365	Week_and_consortia	NS1_w9w10	0.624492023557866	0.130315299631867	72	72	8.95264552119892e-06	1.59424621688745e-05
ko.K00886	Week_and_consortia	NS1_w9w10	0.624492023557866	0.130315299631867	72	72	8.95264552119892e-06	1.59424621688745e-05
ko.K08776	Week_and_consortia	NS1_w9w10	0.624492023557866	0.130315299631867	72	72	8.95264552119892e-06	1.59424621688745e-05
ko.K17067	Week_and_consortia	NS1_w9w10	0.624492023557866	0.130315299631867	72	72	8.95264552119892e-06	1.59424621688745e-05
ko.K20814	Week_and_consortia	NS1_w9w10	0.624492023557866	0.130315299631867	72	72	8.95264552119892e-06	1.59424621688745e-05
ko.K13570	Week_and_consortia	NS1_w9w10	0.624492023557866	0.130315299631867	72	72	8.95264552119892e-06	1.59424621688745e-05
ko.K13571	Week_and_consortia	NS1_w9w10	0.624492023557866	0.130315299631867	72	72	8.95264552119892e-06	1.59424621688745e-05
ko.K17640	Week_and_consortia	NS1_w9w10	0.624492023557866	0.130315299631867	72	72	8.95264552119892e-06	1.59424621688745e-05
ko.K01389	Week_and_consortia	NS1_w9w10	0.624492023557866	0.130315299631867	72	72	8.95264552119892e-06	1.59424621688745e-05
ko.K21688	Week_and_consortia	NS1_w9w10	0.624430455409653	0.130313575703743	72	72	8.96639153407311e-06	1.59604232357535e-05
ko.K17330	Week_and_consortia	NS1_w9w10	0.624306907705804	0.130310346426871	72	72	8.99432402062355e-06	1.59604232357535e-05
ko.K15921	Week_and_consortia	NS1_w9w10	0.624306907705804	0.130310346426871	72	72	8.99432402062355e-06	1.59604232357535e-05
ko.K13525	Week_and_consortia	NS1_w9w10	0.624306907705804	0.130310346426871	72	72	8.99432402062355e-06	1.59604232357535e-05
ko.K13059	Week_and_consortia	NS1_w9w10	0.624306907705804	0.130310346426871	72	72	8.99432402062355e-06	1.59604232357535e-05
ko.K19710	Week_and_consortia	NS1_w9w10	0.624306907705804	0.130310346426871	72	72	8.99432402062355e-06	1.59604232357535e-05
ko.K17331	Week_and_consortia	NS1_w9w10	0.624306907705804	0.130310346426871	72	72	8.99432402062355e-06	1.59604232357535e-05
ko.K07670	Week_and_consortia	NS1_w9w10	0.624306907705804	0.130310346426871	72	72	8.99432402062355e-06	1.59604232357535e-05
ko.K07654	Week_and_consortia	NS1_w9w10	0.624306907705804	0.130310346426871	72	72	8.99432402062355e-06	1.59604232357535e-05
ko.K21495	Week_and_consortia	NS1_w9w10	0.624306907705804	0.130310346426871	72	72	8.99432402062355e-06	1.59604232357535e-05
ko.K00031	Week_and_consortia	NS1_w9w10	0.0638102671326998	0.0133447082418229	72	72	9.31107530601575e-06	1.65166967858117e-05
ko.K03399	Week_and_consortia	NS1_w9w10	-1.45927078355004	0.305323909321717	72	72	9.39067575870986e-06	1.6652051222535e-05
ko.K01925	Week_and_consortia	NS1_w9w10	0.0545325732814735	0.011410587721252	72	72	9.40117143808675e-06	1.66648133702506e-05
ko.K01989	Week_and_consortia	NS1_w9w10	-0.318048868193202	0.0670444580149452	72	72	1.07268498843393e-05	1.90080833446798e-05
ko.K01515	Week_and_consortia	NS1_w9w10	0.0600462313828451	0.012685883751079	72	72	1.11572013869825e-05	1.97637382212607e-05
ko.K11527	Week_and_consortia	NS1_w9w10	0.208946708939377	0.0441514593284207	72	72	1.11910682537471e-05	1.98167812190432e-05
ko.K00657	Week_and_consortia	NS1_w9w10	-0.0821897645881905	0.0173686856138595	72	72	1.12091358416123e-05	1.98418199971358e-05
ko.K02461	Week_and_consortia	NS1_w9w10	-0.937887877787463	0.198470692721929	72	72	1.14838008823284e-05	2.0320897393178e-05
ko.K00058	Week_and_consortia	NS1_w9w10	-0.062083742217898	0.013175219914038	72	72	1.22976659097989e-05	2.17534342354006e-05
ko.K03974	Week_and_consortia	NS1_w9w10	-0.9352709159132	0.19892981147011	72	72	1.25601559523337e-05	2.22099782538291e-05
ko.K13043	Week_and_consortia	NS1_w9w10	0.311212728662575	0.0662036334160714	72	72	1.259156205678e-05	2.22577227119848e-05
ko.K00655	Week_and_consortia	NS1_w9w10	-0.0437111611407082	0.00930141594944998	72	72	1.26587587402639e-05	2.23686775641179e-05
ko.K03273	Week_and_consortia	NS1_w9w10	-0.237180011235319	0.0505049416605337	72	72	1.28119308663066e-05	2.26314247330703e-05
ko.K07588	Week_and_consortia	NS1_w9w10	0.125089875430253	0.0266553840672204	72	72	1.29709309671095e-05	2.29042793589084e-05
ko.K00790	Week_and_consortia	NS1_w9w10	-0.0385952177125948	0.0082373613331242	72	72	1.33359039899518e-05	2.35405265399148e-05
ko.K01811	Week_and_consortia	NS1_w9w10	0.181293588038022	0.0387442076910094	72	72	1.36434965441332e-05	2.40750766821379e-05
ko.K09472	Week_and_consortia	NS1_w9w10	-0.409454065005629	0.0875128397532195	72	72	1.36665643626613e-05	2.4107361438605e-05
ko.K02774	Week_and_consortia	NS1_w9w10	-0.536375074509742	0.115232317597554	72	72	1.49414844442535e-05	2.63470783289245e-05
ko.K01635	Week_and_consortia	NS1_w9w10	-0.85944378951283	0.184451101879565	72	72	1.49507668161668e-05	2.63542477164252e-05
ko.K04092	Week_and_consortia	NS1_w9w10	0.888008362735844	0.190917690766474	72	72	1.51343734117097e-05	2.66685924227266e-05
ko.K07474	Week_and_consortia	NS1_w9w10	-0.391287684512709	0.0843488639019291	72	72	1.58413428099804e-05	2.79046247824341e-05
ko.K08313	Week_and_consortia	NS1_w9w10	-0.922518577724216	0.199074641884119	72	72	1.61300718170254e-05	2.84033192121339e-05
ko.K08310	Week_and_consortia	NS1_w9w10	1.00234266140163	0.216562674409804	72	72	1.67617153046139e-05	2.95052911912577e-05
ko.K18997	Week_and_consortia	NS1_w9w10	0.769476835382714	0.167308642441491	72	72	1.83453439358518e-05	3.22816710428156e-05
ko.K03500	Week_and_consortia	NS1_w9w10	-0.349820197045975	0.0760770283935194	72	72	1.84068429901555e-05	3.23786109980034e-05
ko.K03300	Week_and_consortia	NS1_w9w10	0.388813010342495	0.0845535033545316	72	72	1.87200004971692e-05	3.29180099240163e-05
ko.K11104	Week_and_consortia	NS1_w9w10	-0.427388272059702	0.0930118307102265	72	72	1.89557981303328e-05	3.33210480704389e-05
ko.K06113	Week_and_consortia	NS1_w9w10	0.494173381897004	0.107760997799748	72	72	1.92668080559678e-05	3.38559701908693e-05
ko.K19157	Week_and_consortia	NS1_w9w10	-0.337417369162939	0.0738535142429806	72	72	2.05153827236708e-05	3.60374525451964e-05
ko.K01273	Week_and_consortia	NS1_w9w10	-0.240076579142775	0.0526055566646675	72	72	2.08973784195216e-05	3.66957093414748e-05
ko.K09820	Week_and_consortia	NS1_w9w10	-0.325766367961777	0.0715287749347552	72	72	2.1628075015553e-05	3.79656132656614e-05
ko.K02424	Week_and_consortia	NS1_w9w10	-0.321009440169157	0.0706387328010062	72	72	2.24316722891891e-05	3.93625593626201e-05
ko.K02759	Week_and_consortia	NS1_w9w10	0.428440893660305	0.0943078505721903	72	72	2.25452497863374e-05	3.95481256668669e-05
ko.K09065	Week_and_consortia	NS1_w9w10	0.269115637417281	0.0592449014982059	72	72	2.25928897071699e-05	3.96179377995912e-05
ko.K02238	Week_and_consortia	NS1_w9w10	-0.0444828889625158	0.00979575357355004	72	72	2.2708066229077e-05	3.98060897256408e-05
ko.K01338	Week_and_consortia	NS1_w9w10	0.169706925501822	0.0374107030441497	72	72	2.31035541761521e-05	4.04853124168992e-05
ko.K11752	Week_and_consortia	NS1_w9w10	0.105230124012198	0.0232257550876715	72	72	2.35789830566133e-05	4.13040993072159e-05
ko.K00794	Week_and_consortia	NS1_w9w10	0.105224977677868	0.0232264018806567	72	72	2.36089850788437e-05	4.1327994670242e-05
ko.K00793	Week_and_consortia	NS1_w9w10	0.105224977677868	0.0232264018806567	72	72	2.36089850788437e-05	4.1327994670242e-05
ko.K09775	Week_and_consortia	NS1_w9w10	-0.407515737693637	0.0899919254802797	72	72	2.37861569931054e-05	4.16237149737335e-05
ko.K00156	Week_and_consortia	NS1_w9w10	-0.327852159385175	0.0724226206141852	72	72	2.3910699551628e-05	4.18271655591498e-05
ko.K07071	Week_and_consortia	NS1_w9w10	-0.327836259750216	0.0724224226953494	72	72	2.39288131592776e-05	4.18443627832019e-05
ko.K03480	Week_and_consortia	NS1_w9w10	-0.716406518517386	0.158494127077493	72	72	2.49294146258198e-05	4.35790320725403e-05
ko.K00052	Week_and_consortia	NS1_w9w10	0.0470311092893912	0.0104173467679439	72	72	2.50039556294997e-05	4.36942178624118e-05
ko.K10773	Week_and_consortia	NS1_w9w10	-0.0360513637899098	0.0080028872623725	72	72	2.59234156177363e-05	4.52853028011078e-05
ko.K00688	Week_and_consortia	NS1_w9w10	0.0469962962808277	0.0104373997683151	72	72	2.61238588745438e-05	4.56196802745231e-05
ko.K19577	Week_and_consortia	NS1_w9w10	-0.714898102688654	0.159037694437675	72	72	2.685109481953e-05	4.68734385032017e-05
ko.K03179	Week_and_consortia	NS1_w9w10	-0.352247693717817	0.078792993688543	72	72	2.93656208326296e-05	5.12452906550759e-05
ko.K01104	Week_and_consortia	NS1_w9w10	0.0934710215312827	0.0209187789035599	72	72	2.96080681590797e-05	5.16505387913227e-05
ko.K08998	Week_and_consortia	NS1_w9w10	0.11671803612159	0.02624689643997	72	72	3.19937789172802e-05	5.57930863272694e-05
ko.K19068	Week_and_consortia	NS1_w9w10	0.343721165734534	0.0774993400650724	72	72	3.39166362303743e-05	5.91258958715841e-05
ko.K15633	Week_and_consortia	NS1_w9w10	-0.0910485562293293	0.0206552663149833	72	72	3.68300635897462e-05	6.41826427234901e-05
ko.K06041	Week_and_consortia	NS1_w9w10	-0.109094031041756	0.0249250650022625	72	72	4.12011453641867e-05	7.17752366827142e-05
ko.K13531	Week_and_consortia	NS1_w9w10	-0.710707394905623	0.162625425892007	72	72	4.28376727035637e-05	7.46004558767335e-05
ko.K06398	Week_and_consortia	NS1_w9w10	0.368888337436763	0.0845181806366092	72	72	4.30600343779147e-05	7.49618517151017e-05
ko.K19689	Week_and_consortia	NS1_w9w10	-0.438074353319062	0.100503486570913	72	72	4.39671504173956e-05	7.65146551528358e-05
ko.K18300	Week_and_consortia	NS1_w9w10	0.263744166192838	0.0606350654577197	72	72	4.54264013839774e-05	7.90269214159276e-05
ko.K03637	Week_and_consortia	NS1_w9w10	-0.302134389021745	0.0696140601324425	72	72	4.70102445317451e-05	8.17541326589936e-05
ko.K02441	Week_and_consortia	NS1_w9w10	-0.870755190980258	0.200824764246431	72	72	4.77293525595795e-05	8.29761490471423e-05
ko.K11606	Week_and_consortia	NS1_w9w10	-0.847926438788204	0.195639119746472	72	72	4.8031047302078e-05	8.34145242248533e-05
ko.K03673	Week_and_consortia	NS1_w9w10	-0.847926438788204	0.195639119746472	72	72	4.8031047302078e-05	8.34145242248533e-05
ko.K11183	Week_and_consortia	NS1_w9w10	-0.847926438788204	0.195639119746472	72	72	4.8031047302078e-05	8.34145242248533e-05
ko.K08365	Week_and_consortia	NS1_w9w10	-0.847303068913934	0.195601445871859	72	72	4.84371155973847e-05	8.40908274907174e-05
ko.K00467	Week_and_consortia	NS1_w9w10	-0.956438923405021	0.220827741982436	72	72	4.92579115424586e-05	8.54570635688533e-05
ko.K10530	Week_and_consortia	NS1_w9w10	-0.956438923405021	0.220827741982436	72	72	4.92579115424586e-05	8.54570635688533e-05
ko.K00831	Week_and_consortia	NS1_w9w10	0.156344385664207	0.0361579921073493	72	72	4.9818276731033e-05	8.63995654120078e-05
ko.K03208	Week_and_consortia	NS1_w9w10	0.296595717194499	0.068550218387709	72	72	5.00477291626591e-05	8.67677171344385e-05
ko.K06015	Week_and_consortia	NS1_w9w10	0.553846601218713	0.12813287353767	72	72	5.00832517466858e-05	8.67995155486301e-05
ko.K13574	Week_and_consortia	NS1_w9w10	-0.82563741448522	0.191570619489355	72	72	5.23902326826307e-05	9.07666171168211e-05
ko.K07148	Week_and_consortia	NS1_w9w10	-0.177605472043089	0.0412359171019925	72	72	5.29118044331949e-05	9.16388193337335e-05
ko.K07707	Week_and_consortia	NS1_w9w10	-0.928792299380075	0.215572597964936	72	72	5.33992005035859e-05	9.24512546073051e-05
ko.K10709	Week_and_consortia	NS1_w9w10	0.331355642277725	0.0769874270137727	72	72	5.34878511393856e-05	9.25730126605605e-05
ko.K06901	Week_and_consortia	NS1_w9w10	0.310405198651664	0.0721521834695197	72	72	5.38578491871117e-05	9.31774072428605e-05
ko.K00261	Week_and_consortia	NS1_w9w10	-0.357306980568032	0.0830558935162954	72	72	5.38739522083127e-05	9.31774072428605e-05
ko.K21063	Week_and_consortia	NS1_w9w10	-0.334580861920072	0.0779761287812029	72	72	5.60670246336546e-05	9.6937237662294e-05
ko.K01159	Week_and_consortia	NS1_w9w10	0.112636502259919	0.0262900464625208	72	72	5.73660925155838e-05	9.91493326680565e-05
ko.K07216	Week_and_consortia	NS1_w9w10	-0.327428384338277	0.076579951263959	72	72	5.91771119918932e-05	0.000102244449310207
ko.K16291	Week_and_consortia	NS1_w9w10	-0.858866754672201	0.200925587409742	72	72	5.94068130481673e-05	0.000102571161831627
ko.K17074	Week_and_consortia	NS1_w9w10	0.331577845643956	0.0775687438141136	72	72	5.93897663950493e-05	0.000102571161831627
ko.K01649	Week_and_consortia	NS1_w9w10	-0.183397334880422	0.0429571446446192	72	72	6.05239868238412e-05	0.000104464359902305
ko.K16013	Week_and_consortia	NS1_w9w10	-0.740831126075172	0.173573754615991	72	72	6.07833379697106e-05	0.000104876169201837
ko.K03561	Week_and_consortia	NS1_w9w10	0.141807538249701	0.0332305171973455	72	72	6.09383128800988e-05	0.000105107667009307
ko.K01271	Week_and_consortia	NS1_w9w10	-0.191708179233946	0.045045581675799	72	72	6.34814556098294e-05	0.000109456762368893
ko.K16509	Week_and_consortia	NS1_w9w10	-0.936299750265317	0.219932457372793	72	72	6.40548867861255e-05	0.000110407808953772
ko.K01840	Week_and_consortia	NS1_w9w10	-0.173703835796601	0.0409168279892909	72	72	6.59076940808989e-05	0.000113562643416337
ko.K02035	Week_and_consortia	NS1_w9w10	-0.150590084683171	0.0355225495398075	72	72	6.82255399631019e-05	0.000117516340911555
ko.K11930	Week_and_consortia	NS1_w9w10	-0.850753838316664	0.201364985830789	72	72	7.08304489426678e-05	0.000121837054156744
ko.K02565	Week_and_consortia	NS1_w9w10	-0.850753838316664	0.201364985830789	72	72	7.08304489426678e-05	0.000121837054156744
ko.K16263	Week_and_consortia	NS1_w9w10	-0.850753838316664	0.201364985830789	72	72	7.08304489426678e-05	0.000121837054156744
ko.K15545	Week_and_consortia	NS1_w9w10	-0.850753838316664	0.201364985830789	72	72	7.08304489426678e-05	0.000121837054156744
ko.K07722	Week_and_consortia	NS1_w9w10	-0.32867722937451	0.0778443686782845	72	72	7.15092727130865e-05	0.000122962847429038
ko.K01935	Week_and_consortia	NS1_w9w10	0.114752809889669	0.0272022948466782	72	72	7.24596803282972e-05	0.000124300952468101
ko.K11604	Week_and_consortia	NS1_w9w10	-1.04933181162882	0.248519311576527	72	72	7.24373074018331e-05	0.000124300952468101
ko.K11710	Week_and_consortia	NS1_w9w10	-1.04933181162882	0.248519311576527	72	72	7.24373074018331e-05	0.000124300952468101
ko.K11607	Week_and_consortia	NS1_w9w10	-1.04933181162882	0.248519311576527	72	72	7.24373074018331e-05	0.000124300952468101
ko.K16087	Week_and_consortia	NS1_w9w10	-1.04933181148312	0.248519311660448	72	72	7.24373079590978e-05	0.000124300952468101
ko.K18321	Week_and_consortia	NS1_w9w10	-1.04933181162882	0.248519311576527	72	72	7.24373074018331e-05	0.000124300952468101
ko.K12065	Week_and_consortia	NS1_w9w10	-1.04933181162882	0.248519311576527	72	72	7.24373074018331e-05	0.000124300952468101
ko.K08191	Week_and_consortia	NS1_w9w10	0.293404301206752	0.0696802515713188	72	72	7.44754950264712e-05	0.000127715614688979
ko.K10823	Week_and_consortia	NS1_w9w10	-0.3466654326999	0.082345003913638	72	72	7.46884555846074e-05	0.000128037352430756
ko.K21472	Week_and_consortia	NS1_w9w10	-0.386082544190143	0.0919332660008022	72	72	7.74557946302275e-05	0.0001327363210556
ko.K19230	Week_and_consortia	NS1_w9w10	-0.832174834502202	0.2016826365547	72	72	0.000100213149315006	0.000134113067639794
ko.K09475	Week_and_consortia	NS1_w9w10	-0.832174834502202	0.2016826365547	72	72	0.000100213149315006	0.000134113067639794
ko.K03757	Week_and_consortia	NS1_w9w10	-0.83217483450221	0.2016826365547	72	72	0.000100213149314362	0.000134113067639794
ko.K09996	Week_and_consortia	NS1_w9w10	-0.83217483450221	0.2016826365547	72	72	0.000100213149314362	0.000134113067639794
ko.K10038	Week_and_consortia	NS1_w9w10	-0.83217483450221	0.2016826365547	72	72	0.000100213149314362	0.000134113067639794
ko.K00799	Week_and_consortia	NS1_w9w10	-0.83217483450221	0.2016826365547	72	72	0.000100213149314362	0.000134113067639794
ko.K13896	Week_and_consortia	NS1_w9w10	-0.83217483450221	0.2016826365547	72	72	0.000100213149314362	0.000134113067639794
ko.K19229	Week_and_consortia	NS1_w9w10	-0.83217483450221	0.2016826365547	72	72	0.000100213149314362	0.000134113067639794
ko.K19235	Week_and_consortia	NS1_w9w10	-0.83217483450221	0.2016826365547	72	72	0.000100213149315154	0.000134113067639794
ko.K04772	Week_and_consortia	NS1_w9w10	-0.83217483450221	0.2016826365547	72	72	0.000100213149315154	0.000134113067639794
ko.K12299	Week_and_consortia	NS1_w9w10	-0.83217483450221	0.2016826365547	72	72	0.000100213149315154	0.000134113067639794
ko.K11076	Week_and_consortia	NS1_w9w10	-0.83217483450221	0.2016826365547	72	72	0.000100213149315154	0.000134113067639794
ko.K02454	Week_and_consortia	NS1_w9w10	-0.83217483450221	0.2016826365547	72	72	0.000100213149315154	0.000134113067639794
ko.K19611	Week_and_consortia	NS1_w9w10	-0.83217483450221	0.2016826365547	72	72	0.000100213149315154	0.000134113067639794
ko.K03834	Week_and_consortia	NS1_w9w10	-0.83217483450221	0.2016826365547	72	72	0.000100213149315154	0.000134113067639794
ko.K18838	Week_and_consortia	NS1_w9w10	-0.83217483450221	0.2016826365547	72	72	0.000100213149315154	0.000134113067639794
ko.K03808	Week_and_consortia	NS1_w9w10	-0.832174834502202	0.2016826365547	72	72	0.00010021314931516	0.000134113067639794
ko.K11209	Week_and_consortia	NS1_w9w10	-0.832174834502202	0.2016826365547	72	72	0.00010021314931516	0.000134113067639794
ko.K06192	Week_and_consortia	NS1_w9w10	-0.832174834502202	0.2016826365547	72	72	0.00010021314931516	0.000134113067639794
ko.K18841	Week_and_consortia	NS1_w9w10	-0.832174834502202	0.2016826365547	72	72	0.00010021314931516	0.000134113067639794
ko.K08349	Week_and_consortia	NS1_w9w10	-0.832174834502202	0.2016826365547	72	72	0.00010021314931516	0.000134113067639794
ko.K08350	Week_and_consortia	NS1_w9w10	-0.832174834502202	0.2016826365547	72	72	0.00010021314931516	0.000134113067639794
ko.K11685	Week_and_consortia	NS1_w9w10	-0.832174834502202	0.2016826365547	72	72	0.00010021314931516	0.000134113067639794
ko.K08160	Week_and_consortia	NS1_w9w10	-0.832174834502202	0.2016826365547	72	72	0.00010021314931516	0.000134113067639794
ko.K07674	Week_and_consortia	NS1_w9w10	-0.832174834502202	0.2016826365547	72	72	0.00010021314931516	0.000134113067639794
ko.K01782	Week_and_consortia	NS1_w9w10	-0.832174834502202	0.2016826365547	72	72	0.00010021314931516	0.000134113067639794
ko.K11074	Week_and_consortia	NS1_w9w10	-0.832174834502202	0.2016826365547	72	72	0.00010021314931516	0.000134113067639794
ko.K13244	Week_and_consortia	NS1_w9w10	-0.832174834502202	0.2016826365547	72	72	0.00010021314931516	0.000134113067639794
ko.K18142	Week_and_consortia	NS1_w9w10	-0.832174834502202	0.2016826365547	72	72	0.00010021314931516	0.000134113067639794
ko.K21089	Week_and_consortia	NS1_w9w10	-0.832174834502202	0.2016826365547	72	72	0.00010021314931516	0.000134113067639794
ko.K07349	Week_and_consortia	NS1_w9w10	-0.832174834502202	0.2016826365547	72	72	0.00010021314931516	0.000134113067639794
ko.K07797	Week_and_consortia	NS1_w9w10	-0.832174834502202	0.2016826365547	72	72	0.00010021314931516	0.000134113067639794
ko.K21972	Week_and_consortia	NS1_w9w10	-0.832174834502202	0.2016826365547	72	72	0.00010021314931516	0.000134113067639794
ko.K22491	Week_and_consortia	NS1_w9w10	-0.832174834502202	0.2016826365547	72	72	0.00010021314931516	0.000134113067639794
ko.K03532	Week_and_consortia	NS1_w9w10	-0.832174834502202	0.2016826365547	72	72	0.00010021314931516	0.000134113067639794
ko.K14348	Week_and_consortia	NS1_w9w10	-0.832174834502202	0.2016826365547	72	72	0.00010021314931516	0.000134113067639794
ko.K11474	Week_and_consortia	NS1_w9w10	-0.832174834502202	0.2016826365547	72	72	0.00010021314931516	0.000134113067639794
ko.K11734	Week_and_consortia	NS1_w9w10	-0.832174834502202	0.2016826365547	72	72	0.00010021314931516	0.000134113067639794
ko.K03836	Week_and_consortia	NS1_w9w10	-0.832174834502202	0.2016826365547	72	72	0.00010021314931516	0.000134113067639794
ko.K03835	Week_and_consortia	NS1_w9w10	-0.832174834502202	0.2016826365547	72	72	0.00010021314931516	0.000134113067639794
ko.K04786	Week_and_consortia	NS1_w9w10	-0.832174834502202	0.2016826365547	72	72	0.00010021314931516	0.000134113067639794
ko.K03445	Week_and_consortia	NS1_w9w10	-0.832174834502202	0.2016826365547	72	72	0.00010021314931516	0.000134113067639794
ko.K16346	Week_and_consortia	NS1_w9w10	-0.832174834502202	0.2016826365547	72	72	0.00010021314931516	0.000134113067639794
ko.K12961	Week_and_consortia	NS1_w9w10	-0.832174834502202	0.2016826365547	72	72	0.00010021314931516	0.000134113067639794
ko.K01061	Week_and_consortia	NS1_w9w10	-0.832174834502202	0.2016826365547	72	72	0.00010021314931516	0.000134113067639794
ko.K00932	Week_and_consortia	NS1_w9w10	-0.832174834502202	0.2016826365547	72	72	0.00010021314931516	0.000134113067639794
ko.K08070	Week_and_consortia	NS1_w9w10	-0.832174834502202	0.2016826365547	72	72	0.00010021314931516	0.000134113067639794
ko.K02436	Week_and_consortia	NS1_w9w10	-0.832174834502202	0.2016826365547	72	72	0.00010021314931516	0.000134113067639794
ko.K06222	Week_and_consortia	NS1_w9w10	-0.832174834502202	0.2016826365547	72	72	0.00010021314931516	0.000134113067639794
ko.K19227	Week_and_consortia	NS1_w9w10	-0.832174834502202	0.2016826365547	72	72	0.00010021314931516	0.000134113067639794
ko.K07711	Week_and_consortia	NS1_w9w10	-0.832174834502202	0.2016826365547	72	72	0.00010021314931516	0.000134113067639794
ko.K05527	Week_and_consortia	NS1_w9w10	-0.832174834502202	0.2016826365547	72	72	0.00010021314931516	0.000134113067639794
ko.K11473	Week_and_consortia	NS1_w9w10	-0.832174834502202	0.2016826365547	72	72	0.00010021314931516	0.000134113067639794
ko.K12372	Week_and_consortia	NS1_w9w10	-0.832174834502202	0.2016826365547	72	72	0.00010021314931516	0.000134113067639794
ko.K00427	Week_and_consortia	NS1_w9w10	-0.832174834502202	0.2016826365547	72	72	0.00010021314931516	0.000134113067639794
ko.K01851	Week_and_consortia	NS1_w9w10	-0.832174834502202	0.2016826365547	72	72	0.00010021314931516	0.000134113067639794
ko.K12525	Week_and_consortia	NS1_w9w10	-0.832174834502202	0.2016826365547	72	72	0.00010021314931516	0.000134113067639794
ko.K02459	Week_and_consortia	NS1_w9w10	-0.832174834502202	0.2016826365547	72	72	0.00010021314931516	0.000134113067639794
ko.K02460	Week_and_consortia	NS1_w9w10	-0.832174834502202	0.2016826365547	72	72	0.00010021314931516	0.000134113067639794
ko.K02462	Week_and_consortia	NS1_w9w10	-0.832174834502202	0.2016826365547	72	72	0.00010021314931516	0.000134113067639794
ko.K11747	Week_and_consortia	NS1_w9w10	-0.832174834502202	0.2016826365547	72	72	0.00010021314931516	0.000134113067639794
ko.K11745	Week_and_consortia	NS1_w9w10	-0.832174834502202	0.2016826365547	72	72	0.00010021314931516	0.000134113067639794
ko.K13634	Week_and_consortia	NS1_w9w10	-0.832174834502202	0.2016826365547	72	72	0.00010021314931516	0.000134113067639794
ko.K07687	Week_and_consortia	NS1_w9w10	-0.832174834502202	0.2016826365547	72	72	0.00010021314931516	0.000134113067639794
ko.K18919	Week_and_consortia	NS1_w9w10	-0.832174834502202	0.2016826365547	72	72	0.00010021314931516	0.000134113067639794
ko.K07312	Week_and_consortia	NS1_w9w10	-0.832174834502202	0.2016826365547	72	72	0.00010021314931516	0.000134113067639794
ko.K08319	Week_and_consortia	NS1_w9w10	-0.832174834502202	0.2016826365547	72	72	0.00010021314931516	0.000134113067639794
ko.K09997	Week_and_consortia	NS1_w9w10	-0.832174834502202	0.2016826365547	72	72	0.00010021314931516	0.000134113067639794
ko.K22131	Week_and_consortia	NS1_w9w10	-0.832174834502202	0.2016826365547	72	72	0.00010021314931516	0.000134113067639794
ko.K12974	Week_and_consortia	NS1_w9w10	-0.832174834502202	0.2016826365547	72	72	0.00010021314931516	0.000134113067639794
ko.K22014	Week_and_consortia	NS1_w9w10	-0.832174834502202	0.2016826365547	72	72	0.00010021314931516	0.000134113067639794
ko.K00249	Week_and_consortia	NS1_w9w10	-0.832174834502202	0.2016826365547	72	72	0.00010021314931516	0.000134113067639794
ko.K21021	Week_and_consortia	NS1_w9w10	-0.832174834502202	0.2016826365547	72	72	0.00010021314931516	0.000134113067639794
ko.K03670	Week_and_consortia	NS1_w9w10	-0.832174834502202	0.2016826365547	72	72	0.00010021314931516	0.000134113067639794
ko.K07644	Week_and_consortia	NS1_w9w10	-0.832174834502202	0.2016826365547	72	72	0.00010021314931516	0.000134113067639794
ko.K04117	Week_and_consortia	NS1_w9w10	-0.832174834502202	0.2016826365547	72	72	0.00010021314931516	0.000134113067639794
ko.K01638	Week_and_consortia	NS1_w9w10	-0.832174834502202	0.2016826365547	72	72	0.00010021314931516	0.000134113067639794
ko.K12943	Week_and_consortia	NS1_w9w10	-0.832174834502202	0.2016826365547	72	72	0.00010021314931516	0.000134113067639794
ko.K03468	Week_and_consortia	NS1_w9w10	-0.832174834502202	0.2016826365547	72	72	0.00010021314931516	0.000134113067639794
ko.K06078	Week_and_consortia	NS1_w9w10	-0.832174834502202	0.2016826365547	72	72	0.00010021314931516	0.000134113067639794
ko.K19303	Week_and_consortia	NS1_w9w10	-0.832174834502202	0.2016826365547	72	72	0.00010021314931516	0.000134113067639794
ko.K01766	Week_and_consortia	NS1_w9w10	-0.832174834502202	0.2016826365547	72	72	0.00010021314931516	0.000134113067639794
ko.K01085	Week_and_consortia	NS1_w9w10	-0.832174834502202	0.2016826365547	72	72	0.00010021314931516	0.000134113067639794
ko.K05997	Week_and_consortia	NS1_w9w10	-0.832174834502202	0.2016826365547	72	72	0.00010021314931516	0.000134113067639794
ko.K05922	Week_and_consortia	NS1_w9w10	-0.832174834502202	0.2016826365547	72	72	0.00010021314931516	0.000134113067639794
ko.K16370	Week_and_consortia	NS1_w9w10	-0.832174834502202	0.2016826365547	72	72	0.00010021314931516	0.000134113067639794
ko.K16322	Week_and_consortia	NS1_w9w10	-0.832174834502202	0.2016826365547	72	72	0.00010021314931516	0.000134113067639794
ko.K06205	Week_and_consortia	NS1_w9w10	-0.832174834502202	0.2016826365547	72	72	0.00010021314931516	0.000134113067639794
ko.K09016	Week_and_consortia	NS1_w9w10	-0.832174834502202	0.2016826365547	72	72	0.00010021314931516	0.000134113067639794
ko.K12262	Week_and_consortia	NS1_w9w10	-0.832174834502202	0.2016826365547	72	72	0.00010021314931516	0.000134113067639794
ko.K19270	Week_and_consortia	NS1_w9w10	-0.832174834502202	0.2016826365547	72	72	0.00010021314931516	0.000134113067639794
ko.K18800	Week_and_consortia	NS1_w9w10	-0.832174834502202	0.2016826365547	72	72	0.00010021314931516	0.000134113067639794
ko.K15550	Week_and_consortia	NS1_w9w10	-0.832174834502202	0.2016826365547	72	72	0.00010021314931516	0.000134113067639794
ko.K07350	Week_and_consortia	NS1_w9w10	-0.832174834502202	0.2016826365547	72	72	0.00010021314931516	0.000134113067639794
ko.K11914	Week_and_consortia	NS1_w9w10	-0.832174834502202	0.2016826365547	72	72	0.00010021314931516	0.000134113067639794
ko.K12975	Week_and_consortia	NS1_w9w10	-0.832174834502202	0.2016826365547	72	72	0.00010021314931516	0.000134113067639794
ko.K20861	Week_and_consortia	NS1_w9w10	-0.832174834502202	0.2016826365547	72	72	0.00010021314931516	0.000134113067639794
ko.K06006	Week_and_consortia	NS1_w9w10	-0.832174834502202	0.2016826365547	72	72	0.00010021314931516	0.000134113067639794
ko.K07757	Week_and_consortia	NS1_w9w10	-0.832174834502202	0.2016826365547	72	72	0.00010021314931516	0.000134113067639794
ko.K08225	Week_and_consortia	NS1_w9w10	-0.832174834502202	0.2016826365547	72	72	0.000100213149315167	0.000134113067639794
ko.K08682	Week_and_consortia	NS1_w9w10	-0.832174834502202	0.2016826365547	72	72	0.000100213149315167	0.000134113067639794
ko.K01252	Week_and_consortia	NS1_w9w10	-0.832174834502202	0.2016826365547	72	72	0.000100213149315167	0.000134113067639794
ko.K12238	Week_and_consortia	NS1_w9w10	-0.832174834502202	0.2016826365547	72	72	0.000100213149315167	0.000134113067639794
ko.K00216	Week_and_consortia	NS1_w9w10	-0.832174834502202	0.2016826365547	72	72	0.000100213149315167	0.000134113067639794
ko.K05590	Week_and_consortia	NS1_w9w10	-0.832174834502202	0.2016826365547	72	72	0.000100213149315167	0.000134113067639794
ko.K11736	Week_and_consortia	NS1_w9w10	-0.832174834502202	0.2016826365547	72	72	0.000100213149315167	0.000134113067639794
ko.K06140	Week_and_consortia	NS1_w9w10	-0.832174834502202	0.2016826365547	72	72	0.000100213149315167	0.000134113067639794
ko.K11932	Week_and_consortia	NS1_w9w10	-0.832174834502202	0.2016826365547	72	72	0.000100213149315167	0.000134113067639794
ko.K18968	Week_and_consortia	NS1_w9w10	-0.832174834502202	0.2016826365547	72	72	0.000100213149315167	0.000134113067639794
ko.K03597	Week_and_consortia	NS1_w9w10	-0.832174834502202	0.2016826365547	72	72	0.000100213149315167	0.000134113067639794
ko.K03598	Week_and_consortia	NS1_w9w10	-0.832174834502202	0.2016826365547	72	72	0.000100213149315167	0.000134113067639794
ko.K17938	Week_and_consortia	NS1_w9w10	-0.832174834502202	0.2016826365547	72	72	0.000100213149315167	0.000134113067639794
ko.K18988	Week_and_consortia	NS1_w9w10	-0.832174834502202	0.2016826365547	72	72	0.000100213149315167	0.000134113067639794
ko.K03554	Week_and_consortia	NS1_w9w10	-0.832174834502202	0.2016826365547	72	72	0.000100213149315167	0.000134113067639794
ko.K01166	Week_and_consortia	NS1_w9w10	-0.832174834502202	0.2016826365547	72	72	0.000100213149315167	0.000134113067639794
ko.K09477	Week_and_consortia	NS1_w9w10	-0.832174834502202	0.2016826365547	72	72	0.000100213149315167	0.000134113067639794
ko.K01169	Week_and_consortia	NS1_w9w10	-0.832174834502202	0.2016826365547	72	72	0.000100213149315167	0.000134113067639794
ko.K02364	Week_and_consortia	NS1_w9w10	-0.832174834502202	0.2016826365547	72	72	0.000100213149315167	0.000134113067639794
ko.K00998	Week_and_consortia	NS1_w9w10	-0.832174834502202	0.2016826365547	72	72	0.000100213149315167	0.000134113067639794
ko.K00892	Week_and_consortia	NS1_w9w10	-0.832174834502202	0.2016826365547	72	72	0.000100213149315167	0.000134113067639794
ko.K04067	Week_and_consortia	NS1_w9w10	-0.832174834502202	0.2016826365547	72	72	0.000100213149315167	0.000134113067639794
ko.K19162	Week_and_consortia	NS1_w9w10	-0.832174834502202	0.2016826365547	72	72	0.000100213149315167	0.000134113067639794
ko.K05839	Week_and_consortia	NS1_w9w10	-0.832174834502202	0.2016826365547	72	72	0.000100213149315167	0.000134113067639794
ko.K05812	Week_and_consortia	NS1_w9w10	-0.832174834502202	0.2016826365547	72	72	0.000100213149315167	0.000134113067639794
ko.K01483	Week_and_consortia	NS1_w9w10	-0.832174834502202	0.2016826365547	72	72	0.000100213149315167	0.000134113067639794
ko.K10973	Week_and_consortia	NS1_w9w10	-0.832174834502202	0.2016826365547	72	72	0.000100213149315167	0.000134113067639794
ko.K01608	Week_and_consortia	NS1_w9w10	-0.832174834502202	0.2016826365547	72	72	0.000100213149315167	0.000134113067639794
ko.K10975	Week_and_consortia	NS1_w9w10	-0.832174834502202	0.2016826365547	72	72	0.000100213149315167	0.000134113067639794
ko.K07810	Week_and_consortia	NS1_w9w10	-0.832174834502202	0.2016826365547	72	72	0.000100213149315167	0.000134113067639794
ko.K02300	Week_and_consortia	NS1_w9w10	-0.832174834502202	0.2016826365547	72	72	0.000100213149315167	0.000134113067639794
ko.K05375	Week_and_consortia	NS1_w9w10	-0.832174834502202	0.2016826365547	72	72	0.000100213149315167	0.000134113067639794
ko.K01498	Week_and_consortia	NS1_w9w10	-0.832174834502202	0.2016826365547	72	72	0.000100213149315167	0.000134113067639794
ko.K05517	Week_and_consortia	NS1_w9w10	-0.832174834502202	0.2016826365547	72	72	0.000100213149315167	0.000134113067639794
ko.K02299	Week_and_consortia	NS1_w9w10	-0.832174834502202	0.2016826365547	72	72	0.000100213149315167	0.000134113067639794
ko.K02298	Week_and_consortia	NS1_w9w10	-0.832174834502202	0.2016826365547	72	72	0.000100213149315167	0.000134113067639794
ko.K11938	Week_and_consortia	NS1_w9w10	-0.832174834502202	0.2016826365547	72	72	0.000100213149315167	0.000134113067639794
ko.K12500	Week_and_consortia	NS1_w9w10	-0.832174834502202	0.2016826365547	72	72	0.000100213149315167	0.000134113067639794
ko.K03214	Week_and_consortia	NS1_w9w10	-0.832174834502202	0.2016826365547	72	72	0.000100213149315167	0.000134113067639794
ko.K03761	Week_and_consortia	NS1_w9w10	-0.832174834502202	0.2016826365547	72	72	0.000100213149315167	0.000134113067639794
ko.K02625	Week_and_consortia	NS1_w9w10	-0.832174834502202	0.2016826365547	72	72	0.000100213149315167	0.000134113067639794
ko.K07796	Week_and_consortia	NS1_w9w10	-0.832174834502202	0.2016826365547	72	72	0.000100213149315167	0.000134113067639794
ko.K07286	Week_and_consortia	NS1_w9w10	-0.832174834502202	0.2016826365547	72	72	0.000100213149315167	0.000134113067639794
ko.K08721	Week_and_consortia	NS1_w9w10	-0.832174834502202	0.2016826365547	72	72	0.000100213149315167	0.000134113067639794
ko.K02297	Week_and_consortia	NS1_w9w10	-0.832174834502202	0.2016826365547	72	72	0.000100213149315167	0.000134113067639794
ko.K06866	Week_and_consortia	NS1_w9w10	-0.832174834502202	0.2016826365547	72	72	0.000100213149315167	0.000134113067639794
ko.K15396	Week_and_consortia	NS1_w9w10	-0.832174834502202	0.2016826365547	72	72	0.000100213149315167	0.000134113067639794
ko.K04085	Week_and_consortia	NS1_w9w10	-0.296383141575457	0.0712858712547538	72	72	8.97525343933257e-05	0.000134113067639794
ko.K08993	Week_and_consortia	NS1_w9w10	-0.832174834502202	0.2016826365547	72	72	0.000100213149315167	0.000134113067639794
ko.K21908	Week_and_consortia	NS1_w9w10	-0.832174834502202	0.2016826365547	72	72	0.000100213149315167	0.000134113067639794
ko.K19777	Week_and_consortia	NS1_w9w10	-0.832174834502202	0.2016826365547	72	72	0.000100213149315167	0.000134113067639794
ko.K19778	Week_and_consortia	NS1_w9w10	-0.832174834502202	0.2016826365547	72	72	0.000100213149315167	0.000134113067639794
ko.K21901	Week_and_consortia	NS1_w9w10	-0.832174834502202	0.2016826365547	72	72	0.000100213149315167	0.000134113067639794
ko.K06149	Week_and_consortia	NS1_w9w10	-0.832174834502202	0.2016826365547	72	72	0.000100213149315167	0.000134113067639794
ko.K06144	Week_and_consortia	NS1_w9w10	-0.832174834502202	0.2016826365547	72	72	0.000100213149315167	0.000134113067639794
ko.K13926	Week_and_consortia	NS1_w9w10	-0.832174834502202	0.2016826365547	72	72	0.000100213149315167	0.000134113067639794
ko.K18899	Week_and_consortia	NS1_w9w10	-0.832174834502202	0.2016826365547	72	72	0.000100213149315167	0.000134113067639794
ko.K14414	Week_and_consortia	NS1_w9w10	-0.832174834502202	0.2016826365547	72	72	0.000100213149315167	0.000134113067639794
ko.K01974	Week_and_consortia	NS1_w9w10	-0.832174834502202	0.2016826365547	72	72	0.000100213149315167	0.000134113067639794
ko.K07400	Week_and_consortia	NS1_w9w10	-0.832174834502202	0.2016826365547	72	72	0.000100213149315167	0.000134113067639794
ko.K02170	Week_and_consortia	NS1_w9w10	-0.832174834502202	0.2016826365547	72	72	0.000100213149315167	0.000134113067639794
ko.K07490	Week_and_consortia	NS1_w9w10	-0.832174834502202	0.2016826365547	72	72	0.000100213149315167	0.000134113067639794
ko.K02439	Week_and_consortia	NS1_w9w10	-0.832174834502202	0.2016826365547	72	72	0.000100213149315167	0.000134113067639794
ko.K06145	Week_and_consortia	NS1_w9w10	-0.832174834502202	0.2016826365547	72	72	0.000100213149315167	0.000134113067639794
ko.K18898	Week_and_consortia	NS1_w9w10	-0.832174834502202	0.2016826365547	72	72	0.000100213149315167	0.000134113067639794
ko.K19696	Week_and_consortia	NS1_w9w10	-0.832174834502202	0.2016826365547	72	72	0.000100213149315167	0.000134113067639794
ko.K12945	Week_and_consortia	NS1_w9w10	-0.832174834502202	0.2016826365547	72	72	0.000100213149315167	0.000134113067639794
ko.K06957	Week_and_consortia	NS1_w9w10	-0.832174834502202	0.2016826365547	72	72	0.000100213149315167	0.000134113067639794
ko.K18324	Week_and_consortia	NS1_w9w10	-0.832174834502202	0.2016826365547	72	72	0.000100213149315167	0.000134113067639794
ko.K08077	Week_and_consortia	NS1_w9w10	-0.832174834502202	0.2016826365547	72	72	0.000100213149315167	0.000134113067639794
ko.K18829	Week_and_consortia	NS1_w9w10	-0.832174834502202	0.2016826365547	72	72	0.000100213149315167	0.000134113067639794
ko.K04021	Week_and_consortia	NS1_w9w10	-0.832174834502202	0.2016826365547	72	72	0.000100213149315167	0.000134113067639794
ko.K03548	Week_and_consortia	NS1_w9w10	-0.832174834502202	0.2016826365547	72	72	0.000100213149315167	0.000134113067639794
ko.K03567	Week_and_consortia	NS1_w9w10	-0.832174834502202	0.2016826365547	72	72	0.000100213149315167	0.000134113067639794
ko.K18335	Week_and_consortia	NS1_w9w10	-0.832174834502202	0.2016826365547	72	72	0.000100213149315167	0.000134113067639794
ko.K06203	Week_and_consortia	NS1_w9w10	-0.832174834502202	0.2016826365547	72	72	0.000100213149315167	0.000134113067639794
ko.K11192	Week_and_consortia	NS1_w9w10	-0.832174834502202	0.2016826365547	72	72	0.000100213149315167	0.000134113067639794
ko.K03528	Week_and_consortia	NS1_w9w10	-0.832174834502202	0.2016826365547	72	72	0.000100213149315167	0.000134113067639794
ko.K17737	Week_and_consortia	NS1_w9w10	-0.832174834502202	0.2016826365547	72	72	0.000100213149315167	0.000134113067639794
ko.K11191	Week_and_consortia	NS1_w9w10	-0.832174834502202	0.2016826365547	72	72	0.000100213149315167	0.000134113067639794
ko.K04022	Week_and_consortia	NS1_w9w10	-0.832174834502202	0.2016826365547	72	72	0.000100213149315167	0.000134113067639794
ko.K04025	Week_and_consortia	NS1_w9w10	-0.832174834502202	0.2016826365547	72	72	0.000100213149315167	0.000134113067639794
ko.K04033	Week_and_consortia	NS1_w9w10	-0.832174834502202	0.2016826365547	72	72	0.000100213149315167	0.000134113067639794
ko.K07751	Week_and_consortia	NS1_w9w10	-0.832174834502202	0.2016826365547	72	72	0.000100213149315167	0.000134113067639794
ko.K00228	Week_and_consortia	NS1_w9w10	-0.832174834502202	0.2016826365547	72	72	0.000100213149315167	0.000134113067639794
ko.K18697	Week_and_consortia	NS1_w9w10	-0.832174834502202	0.2016826365547	72	72	0.000100213149315167	0.000134113067639794
ko.K07675	Week_and_consortia	NS1_w9w10	-0.832174834502202	0.2016826365547	72	72	0.000100213149315167	0.000134113067639794
ko.K20263	Week_and_consortia	NS1_w9w10	-0.832174834502202	0.2016826365547	72	72	0.000100213149315167	0.000134113067639794
ko.K20264	Week_and_consortia	NS1_w9w10	-0.832174834502202	0.2016826365547	72	72	0.000100213149315167	0.000134113067639794
ko.K03276	Week_and_consortia	NS1_w9w10	-0.832174834502202	0.2016826365547	72	72	0.000100213149315167	0.000134113067639794
ko.K03279	Week_and_consortia	NS1_w9w10	-0.832174834502202	0.2016826365547	72	72	0.000100213149315167	0.000134113067639794
ko.K03275	Week_and_consortia	NS1_w9w10	-0.832174834502202	0.2016826365547	72	72	0.000100213149315167	0.000134113067639794
ko.K03278	Week_and_consortia	NS1_w9w10	-0.832174834502202	0.2016826365547	72	72	0.000100213149315167	0.000134113067639794
ko.K02848	Week_and_consortia	NS1_w9w10	-0.832174834502202	0.2016826365547	72	72	0.000100213149315167	0.000134113067639794
ko.K02844	Week_and_consortia	NS1_w9w10	-0.832174834502202	0.2016826365547	72	72	0.000100213149315167	0.000134113067639794
ko.K07715	Week_and_consortia	NS1_w9w10	-0.832174834502202	0.2016826365547	72	72	0.000100213149315167	0.000134113067639794
ko.K07686	Week_and_consortia	NS1_w9w10	-0.832174834502202	0.2016826365547	72	72	0.000100213149315167	0.000134113067639794
ko.K08154	Week_and_consortia	NS1_w9w10	-0.832174834502202	0.2016826365547	72	72	0.000100213149315167	0.000134113067639794
ko.K08163	Week_and_consortia	NS1_w9w10	-0.832174834502202	0.2016826365547	72	72	0.000100213149315167	0.000134113067639794
ko.K00389	Week_and_consortia	NS1_w9w10	-0.832174834502202	0.2016826365547	72	72	0.000100213149315167	0.000134113067639794
ko.K04081	Week_and_consortia	NS1_w9w10	-0.832174834502202	0.2016826365547	72	72	0.000100213149315167	0.000134113067639794
ko.K04080	Week_and_consortia	NS1_w9w10	-0.832174834502202	0.2016826365547	72	72	0.000100213149315167	0.000134113067639794
ko.K10960	Week_and_consortia	NS1_w9w10	-0.832174834502202	0.2016826365547	72	72	0.000100213149315167	0.000134113067639794
ko.K19776	Week_and_consortia	NS1_w9w10	-0.832174834502202	0.2016826365547	72	72	0.000100213149315167	0.000134113067639794
ko.K02850	Week_and_consortia	NS1_w9w10	-0.832174834502202	0.2016826365547	72	72	0.000100213149315167	0.000134113067639794
ko.K12985	Week_and_consortia	NS1_w9w10	-0.832174834502202	0.2016826365547	72	72	0.000100213149315167	0.000134113067639794
ko.K06141	Week_and_consortia	NS1_w9w10	-0.832174834502202	0.2016826365547	72	72	0.000100213149315167	0.000134113067639794
ko.K20881	Week_and_consortia	NS1_w9w10	-0.832174834502202	0.2016826365547	72	72	0.000100213149315167	0.000134113067639794
ko.K08312	Week_and_consortia	NS1_w9w10	-0.832174834502202	0.2016826365547	72	72	0.000100213149315167	0.000134113067639794
ko.K12289	Week_and_consortia	NS1_w9w10	-0.832174834502202	0.2016826365547	72	72	0.000100213149315167	0.000134113067639794
ko.K12290	Week_and_consortia	NS1_w9w10	-0.832174834502202	0.2016826365547	72	72	0.000100213149315167	0.000134113067639794
ko.K12291	Week_and_consortia	NS1_w9w10	-0.832174834502202	0.2016826365547	72	72	0.000100213149315167	0.000134113067639794
ko.K02507	Week_and_consortia	NS1_w9w10	-0.832174834502202	0.2016826365547	72	72	0.000100213149315167	0.000134113067639794
ko.K02666	Week_and_consortia	NS1_w9w10	-0.832174834502202	0.2016826365547	72	72	0.000100213149315167	0.000134113067639794
ko.K00101	Week_and_consortia	NS1_w9w10	-0.832174834502202	0.2016826365547	72	72	0.000100213149315167	0.000134113067639794
ko.K09798	Week_and_consortia	NS1_w9w10	-0.832174834502202	0.2016826365547	72	72	0.000100213149315167	0.000134113067639794
ko.K14762	Week_and_consortia	NS1_w9w10	-0.832174834502202	0.2016826365547	72	72	0.000100213149315167	0.000134113067639794
ko.K02562	Week_and_consortia	NS1_w9w10	-0.832174834502202	0.2016826365547	72	72	0.000100213149315167	0.000134113067639794
ko.K09898	Week_and_consortia	NS1_w9w10	-0.832174834502202	0.2016826365547	72	72	0.000100213149315167	0.000134113067639794
ko.K07070	Week_and_consortia	NS1_w9w10	-0.832174834502202	0.2016826365547	72	72	0.000100213149315167	0.000134113067639794
ko.K03745	Week_and_consortia	NS1_w9w10	-0.832174834502202	0.2016826365547	72	72	0.000100213149315167	0.000134113067639794
ko.K07235	Week_and_consortia	NS1_w9w10	-0.832174834502202	0.2016826365547	72	72	0.000100213149315167	0.000134113067639794
ko.K07236	Week_and_consortia	NS1_w9w10	-0.832174834502202	0.2016826365547	72	72	0.000100213149315167	0.000134113067639794
ko.K07237	Week_and_consortia	NS1_w9w10	-0.832174834502202	0.2016826365547	72	72	0.000100213149315167	0.000134113067639794
ko.K00769	Week_and_consortia	NS1_w9w10	-0.832174834502202	0.2016826365547	72	72	0.000100213149315167	0.000134113067639794
ko.K11200	Week_and_consortia	NS1_w9w10	-0.832174834502202	0.2016826365547	72	72	0.000100213149315167	0.000134113067639794
ko.K00242	Week_and_consortia	NS1_w9w10	-0.832174834502202	0.2016826365547	72	72	0.000100213149315167	0.000134113067639794
ko.K05522	Week_and_consortia	NS1_w9w10	-0.832174834502202	0.2016826365547	72	72	0.000100213149315167	0.000134113067639794
ko.K01457	Week_and_consortia	NS1_w9w10	-0.832174834502202	0.2016826365547	72	72	0.000100213149315167	0.000134113067639794
ko.K02972	Week_and_consortia	NS1_w9w10	-0.832174834502202	0.2016826365547	72	72	0.000100213149315167	0.000134113067639794
ko.K11199	Week_and_consortia	NS1_w9w10	-0.832174834502202	0.2016826365547	72	72	0.000100213149315167	0.000134113067639794
ko.K11198	Week_and_consortia	NS1_w9w10	-0.832174834502202	0.2016826365547	72	72	0.000100213149315167	0.000134113067639794
ko.K11937	Week_and_consortia	NS1_w9w10	-0.832174834502202	0.2016826365547	72	72	0.000100213149315167	0.000134113067639794
ko.K11931	Week_and_consortia	NS1_w9w10	-0.832174834502202	0.2016826365547	72	72	0.000100213149315167	0.000134113067639794
ko.K21478	Week_and_consortia	NS1_w9w10	-0.832174834502202	0.2016826365547	72	72	0.000100213149315167	0.000134113067639794
ko.K11935	Week_and_consortia	NS1_w9w10	-0.832174834502202	0.2016826365547	72	72	0.000100213149315167	0.000134113067639794
ko.K00424	Week_and_consortia	NS1_w9w10	-0.832174834502202	0.2016826365547	72	72	0.000100213149315167	0.000134113067639794
ko.K04063	Week_and_consortia	NS1_w9w10	-0.832174834502202	0.2016826365547	72	72	0.000100213149315167	0.000134113067639794
ko.K02451	Week_and_consortia	NS1_w9w10	-0.832174834502202	0.2016826365547	72	72	0.000100213149315167	0.000134113067639794
ko.K01143	Week_and_consortia	NS1_w9w10	-0.832174834502202	0.2016826365547	72	72	0.000100213149315167	0.000134113067639794
ko.K09801	Week_and_consortia	NS1_w9w10	-0.832174834502202	0.2016826365547	72	72	0.000100213149315167	0.000134113067639794
ko.K13243	Week_and_consortia	NS1_w9w10	-0.832174834502202	0.2016826365547	72	72	0.000100213149315167	0.000134113067639794
ko.K05809	Week_and_consortia	NS1_w9w10	-0.832174834502202	0.2016826365547	72	72	0.000100213149315167	0.000134113067639794
ko.K14187	Week_and_consortia	NS1_w9w10	-0.832174834502202	0.2016826365547	72	72	0.000100213149315167	0.000134113067639794
ko.K20956	Week_and_consortia	NS1_w9w10	-0.832174834502202	0.2016826365547	72	72	0.000100213149315167	0.000134113067639794
ko.K09018	Week_and_consortia	NS1_w9w10	-0.832174834502202	0.2016826365547	72	72	0.000100213149315167	0.000134113067639794
ko.K09021	Week_and_consortia	NS1_w9w10	-0.832174834502202	0.2016826365547	72	72	0.000100213149315167	0.000134113067639794
ko.K17736	Week_and_consortia	NS1_w9w10	-0.832174834502202	0.2016826365547	72	72	0.000100213149315167	0.000134113067639794
ko.K00846	Week_and_consortia	NS1_w9w10	-0.832174834502202	0.2016826365547	72	72	0.000100213149315167	0.000134113067639794
ko.K08318	Week_and_consortia	NS1_w9w10	-0.832174834502202	0.2016826365547	72	72	0.000100213149315167	0.000134113067639794
ko.K01671	Week_and_consortia	NS1_w9w10	-0.832174834502202	0.2016826365547	72	72	0.000100213149315167	0.000134113067639794
ko.K02855	Week_and_consortia	NS1_w9w10	-0.832174834502202	0.2016826365547	72	72	0.000100213149315167	0.000134113067639794
ko.K09023	Week_and_consortia	NS1_w9w10	-0.832174834502202	0.2016826365547	72	72	0.000100213149315167	0.000134113067639794
ko.K02854	Week_and_consortia	NS1_w9w10	-0.832174834502202	0.2016826365547	72	72	0.000100213149315167	0.000134113067639794
ko.K08994	Week_and_consortia	NS1_w9w10	-0.832174834502202	0.2016826365547	72	72	0.000100213149315167	0.000134113067639794
ko.K08324	Week_and_consortia	NS1_w9w10	-0.832174834502202	0.2016826365547	72	72	0.000100213149315167	0.000134113067639794
ko.K03712	Week_and_consortia	NS1_w9w10	-0.832174834502202	0.2016826365547	72	72	0.000100213149315167	0.000134113067639794
ko.K13632	Week_and_consortia	NS1_w9w10	-0.832174834502202	0.2016826365547	72	72	0.000100213149315167	0.000134113067639794
ko.K13630	Week_and_consortia	NS1_w9w10	-0.832174834502202	0.2016826365547	72	72	0.000100213149315167	0.000134113067639794
ko.K03298	Week_and_consortia	NS1_w9w10	-0.832174834502202	0.2016826365547	72	72	0.000100213149315167	0.000134113067639794
ko.K15268	Week_and_consortia	NS1_w9w10	-0.832174834502202	0.2016826365547	72	72	0.000100213149315167	0.000134113067639794
ko.K16066	Week_and_consortia	NS1_w9w10	-0.832174834502202	0.2016826365547	72	72	0.000100213149315167	0.000134113067639794
ko.K08173	Week_and_consortia	NS1_w9w10	-0.832174834502202	0.2016826365547	72	72	0.000100213149315167	0.000134113067639794
ko.K19610	Week_and_consortia	NS1_w9w10	-0.832174834502202	0.2016826365547	72	72	0.000100213149315167	0.000134113067639794
ko.K14587	Week_and_consortia	NS1_w9w10	-0.832174834502202	0.2016826365547	72	72	0.000100213149315167	0.000134113067639794
ko.K22478	Week_and_consortia	NS1_w9w10	-0.832174834502202	0.2016826365547	72	72	0.000100213149315167	0.000134113067639794
ko.K14681	Week_and_consortia	NS1_w9w10	-0.832174834502202	0.2016826365547	72	72	0.000100213149315167	0.000134113067639794
ko.K00322	Week_and_consortia	NS1_w9w10	-0.832174834502202	0.2016826365547	72	72	0.000100213149315167	0.000134113067639794
ko.K22105	Week_and_consortia	NS1_w9w10	-0.832174834502202	0.2016826365547	72	72	0.000100213149315167	0.000134113067639794
ko.K16092	Week_and_consortia	NS1_w9w10	-0.832174834502202	0.2016826365547	72	72	0.000100213149315167	0.000134113067639794
ko.K19339	Week_and_consortia	NS1_w9w10	-0.832174834502202	0.2016826365547	72	72	0.000100213149315167	0.000134113067639794
ko.K07647	Week_and_consortia	NS1_w9w10	-0.832174834502202	0.2016826365547	72	72	0.000100213149315167	0.000134113067639794
ko.K07772	Week_and_consortia	NS1_w9w10	-0.832174834502202	0.2016826365547	72	72	0.000100213149315167	0.000134113067639794
ko.K09019	Week_and_consortia	NS1_w9w10	-0.832174834502202	0.2016826365547	72	72	0.000100213149315167	0.000134113067639794
ko.K16321	Week_and_consortia	NS1_w9w10	-0.832174834502202	0.2016826365547	72	72	0.000100213149315167	0.000134113067639794
ko.K09982	Week_and_consortia	NS1_w9w10	-0.832174834502202	0.2016826365547	72	72	0.000100213149315167	0.000134113067639794
ko.K22111	Week_and_consortia	NS1_w9w10	-0.832174834502202	0.2016826365547	72	72	0.000100213149315167	0.000134113067639794
ko.K07358	Week_and_consortia	NS1_w9w10	-0.832174834502202	0.2016826365547	72	72	0.000100213149315167	0.000134113067639794
ko.K07351	Week_and_consortia	NS1_w9w10	-0.832174834502202	0.2016826365547	72	72	0.000100213149315167	0.000134113067639794
ko.K03764	Week_and_consortia	NS1_w9w10	-0.832174834502202	0.2016826365547	72	72	0.000100213149315167	0.000134113067639794
ko.K03782	Week_and_consortia	NS1_w9w10	-0.832174834502202	0.2016826365547	72	72	0.000100213149315167	0.000134113067639794
ko.K09974	Week_and_consortia	NS1_w9w10	-0.41882378390497	0.101241993930778	72	72	9.65362280397387e-05	0.000134113067639794
ko.K07290	Week_and_consortia	NS1_w9w10	-0.832174834502202	0.2016826365547	72	72	0.000100213149315167	0.000134113067639794
ko.K21086	Week_and_consortia	NS1_w9w10	-0.832174834502202	0.2016826365547	72	72	0.000100213149315167	0.000134113067639794
ko.K12056	Week_and_consortia	NS1_w9w10	-0.832174834502202	0.2016826365547	72	72	0.000100213149315167	0.000134113067639794
ko.K02495	Week_and_consortia	NS1_w9w10	-0.832174834502202	0.2016826365547	72	72	0.000100213149315167	0.000134113067639794
ko.K03591	Week_and_consortia	NS1_w9w10	-0.832174834502202	0.2016826365547	72	72	0.000100213149315167	0.000134113067639794
ko.K13713	Week_and_consortia	NS1_w9w10	-0.832174834502202	0.2016826365547	72	72	0.000100213149315167	0.000134113067639794
ko.K13283	Week_and_consortia	NS1_w9w10	-0.832174834502202	0.2016826365547	72	72	0.000100213149315167	0.000134113067639794
ko.K01521	Week_and_consortia	NS1_w9w10	-0.832174834502202	0.2016826365547	72	72	0.000100213149315167	0.000134113067639794
ko.K14065	Week_and_consortia	NS1_w9w10	-0.832174834502202	0.2016826365547	72	72	0.000100213149315167	0.000134113067639794
ko.K02446	Week_and_consortia	NS1_w9w10	-0.832174834502202	0.2016826365547	72	72	0.000100213149315167	0.000134113067639794
ko.K09892	Week_and_consortia	NS1_w9w10	-0.832174834502202	0.2016826365547	72	72	0.000100213149315167	0.000134113067639794
ko.K02553	Week_and_consortia	NS1_w9w10	-0.832174834502202	0.2016826365547	72	72	0.000100213149315167	0.000134113067639794
ko.K09894	Week_and_consortia	NS1_w9w10	-0.832174834502202	0.2016826365547	72	72	0.000100213149315167	0.000134113067639794
ko.K10531	Week_and_consortia	NS1_w9w10	-0.832174834502202	0.2016826365547	72	72	0.000100213149315167	0.000134113067639794
ko.K03895	Week_and_consortia	NS1_w9w10	-0.832174834502202	0.2016826365547	72	72	0.000100213149315167	0.000134113067639794
ko.K03896	Week_and_consortia	NS1_w9w10	-0.832174834502202	0.2016826365547	72	72	0.000100213149315167	0.000134113067639794
ko.K03894	Week_and_consortia	NS1_w9w10	-0.832174834502202	0.2016826365547	72	72	0.000100213149315167	0.000134113067639794
ko.K11605	Week_and_consortia	NS1_w9w10	-0.832174834502202	0.2016826365547	72	72	0.000100213149315167	0.000134113067639794
ko.K13381	Week_and_consortia	NS1_w9w10	-0.832174834502202	0.2016826365547	72	72	0.000100213149315167	0.000134113067639794
ko.K02506	Week_and_consortia	NS1_w9w10	-0.832174834502202	0.2016826365547	72	72	0.000100213149315167	0.000134113067639794
ko.K03897	Week_and_consortia	NS1_w9w10	-0.832174834502202	0.2016826365547	72	72	0.000100213149315167	0.000134113067639794
ko.K09896	Week_and_consortia	NS1_w9w10	-0.832174834502202	0.2016826365547	72	72	0.000100213149315167	0.000134113067639794
ko.K12517	Week_and_consortia	NS1_w9w10	-0.832174834502202	0.2016826365547	72	72	0.000100213149315167	0.000134113067639794
ko.K14159	Week_and_consortia	NS1_w9w10	-0.832174834502202	0.2016826365547	72	72	0.000100213149315167	0.000134113067639794
ko.K07709	Week_and_consortia	NS1_w9w10	-0.832174834502202	0.2016826365547	72	72	0.000100213149315167	0.000134113067639794
ko.K07803	Week_and_consortia	NS1_w9w10	-0.832174834502202	0.2016826365547	72	72	0.000100213149315167	0.000134113067639794
ko.K05787	Week_and_consortia	NS1_w9w10	-0.832174834502202	0.2016826365547	72	72	0.000100213149315167	0.000134113067639794
ko.K09890	Week_and_consortia	NS1_w9w10	-0.832174834502202	0.2016826365547	72	72	0.000100213149315167	0.000134113067639794
ko.K03747	Week_and_consortia	NS1_w9w10	-0.832174834502202	0.2016826365547	72	72	0.000100213149315167	0.000134113067639794
ko.K07479	Week_and_consortia	NS1_w9w10	-0.832174834502202	0.2016826365547	72	72	0.000100213149315167	0.000134113067639794
ko.K14055	Week_and_consortia	NS1_w9w10	-0.832174834502202	0.2016826365547	72	72	0.000100213149315167	0.000134113067639794
ko.K09891	Week_and_consortia	NS1_w9w10	-0.832174834502202	0.2016826365547	72	72	0.000100213149315167	0.000134113067639794
ko.K19707	Week_and_consortia	NS1_w9w10	-0.832174834502202	0.2016826365547	72	72	0.000100213149315167	0.000134113067639794
ko.K21088	Week_and_consortia	NS1_w9w10	-0.832174834502202	0.2016826365547	72	72	0.000100213149315167	0.000134113067639794
ko.K16074	Week_and_consortia	NS1_w9w10	-0.832174834502202	0.2016826365547	72	72	0.000100213149315167	0.000134113067639794
ko.K07740	Week_and_consortia	NS1_w9w10	-0.832174834502202	0.2016826365547	72	72	0.000100213149315167	0.000134113067639794
ko.K05982	Week_and_consortia	NS1_w9w10	-0.832174834502202	0.2016826365547	72	72	0.000100213149315167	0.000134113067639794
ko.K10762	Week_and_consortia	NS1_w9w10	-0.832174834502202	0.2016826365547	72	72	0.000100213149315167	0.000134113067639794
ko.K11739	Week_and_consortia	NS1_w9w10	-0.832174834502202	0.2016826365547	72	72	0.000100213149315167	0.000134113067639794
ko.K11738	Week_and_consortia	NS1_w9w10	-0.832174834502202	0.2016826365547	72	72	0.000100213149315167	0.000134113067639794
ko.K13654	Week_and_consortia	NS1_w9w10	-0.832174834502202	0.2016826365547	72	72	0.000100213149315167	0.000134113067639794
ko.K00137	Week_and_consortia	NS1_w9w10	-0.832174834502202	0.2016826365547	72	72	0.000100213149315167	0.000134113067639794
ko.K05597	Week_and_consortia	NS1_w9w10	-0.832174834502202	0.2016826365547	72	72	0.000100213149315167	0.000134113067639794
ko.K09923	Week_and_consortia	NS1_w9w10	-0.832174834502202	0.2016826365547	72	72	0.000100213149315167	0.000134113067639794
ko.K08306	Week_and_consortia	NS1_w9w10	-0.832174834502202	0.2016826365547	72	72	0.000100213149315167	0.000134113067639794
ko.K06445	Week_and_consortia	NS1_w9w10	-0.832174834502202	0.2016826365547	72	72	0.000100213149315167	0.000134113067639794
ko.K06899	Week_and_consortia	NS1_w9w10	-0.832174834502202	0.2016826365547	72	72	0.000100213149315167	0.000134113067639794
ko.K11750	Week_and_consortia	NS1_w9w10	-0.832174834502202	0.2016826365547	72	72	0.000100213149315167	0.000134113067639794
ko.K11926	Week_and_consortia	NS1_w9w10	-0.832174834502202	0.2016826365547	72	72	0.000100213149315167	0.000134113067639794
ko.K03472	Week_and_consortia	NS1_w9w10	-0.832174834502202	0.2016826365547	72	72	0.000100213149315167	0.000134113067639794
ko.K02173	Week_and_consortia	NS1_w9w10	-0.832174834502202	0.2016826365547	72	72	0.000100213149315167	0.000134113067639794
ko.K02742	Week_and_consortia	NS1_w9w10	-0.832174834502202	0.2016826365547	72	72	0.000100213149315167	0.000134113067639794
ko.K01920	Week_and_consortia	NS1_w9w10	-0.832174834502202	0.2016826365547	72	72	0.000100213149315167	0.000134113067639794
ko.K09897	Week_and_consortia	NS1_w9w10	-0.832174834502202	0.2016826365547	72	72	0.000100213149315167	0.000134113067639794
ko.K01908	Week_and_consortia	NS1_w9w10	-0.832174834502202	0.2016826365547	72	72	0.000100213149315167	0.000134113067639794
ko.K05818	Week_and_consortia	NS1_w9w10	-0.832174834502202	0.2016826365547	72	72	0.000100213149315167	0.000134113067639794
ko.K05712	Week_and_consortia	NS1_w9w10	-0.832174834502202	0.2016826365547	72	72	0.000100213149315167	0.000134113067639794
ko.K04099	Week_and_consortia	NS1_w9w10	-0.832174834502202	0.2016826365547	72	72	0.000100213149315167	0.000134113067639794
ko.K05713	Week_and_consortia	NS1_w9w10	-0.832174834502202	0.2016826365547	72	72	0.000100213149315167	0.000134113067639794
ko.K05714	Week_and_consortia	NS1_w9w10	-0.832174834502202	0.2016826365547	72	72	0.000100213149315167	0.000134113067639794
ko.K10222	Week_and_consortia	NS1_w9w10	-0.832174834502202	0.2016826365547	72	72	0.000100213149315167	0.000134113067639794
ko.K05819	Week_and_consortia	NS1_w9w10	-0.832174834502202	0.2016826365547	72	72	0.000100213149315167	0.000134113067639794
ko.K09912	Week_and_consortia	NS1_w9w10	-0.832174834502202	0.2016826365547	72	72	0.000100213149315167	0.000134113067639794
ko.K15551	Week_and_consortia	NS1_w9w10	-0.835612764826862	0.20168076708113	72	72	9.44036567411116e-05	0.000134113067639794
ko.K10831	Week_and_consortia	NS1_w9w10	-0.832174834502202	0.2016826365547	72	72	0.000100213149315167	0.000134113067639794
ko.K03119	Week_and_consortia	NS1_w9w10	-0.832174834502202	0.2016826365547	72	72	0.000100213149315167	0.000134113067639794
ko.K01720	Week_and_consortia	NS1_w9w10	-0.832174834502202	0.2016826365547	72	72	0.000100213149315167	0.000134113067639794
ko.K21968	Week_and_consortia	NS1_w9w10	-0.832174834502202	0.2016826365547	72	72	0.000100213149315167	0.000134113067639794
ko.K21967	Week_and_consortia	NS1_w9w10	-0.832174834502202	0.2016826365547	72	72	0.000100213149315167	0.000134113067639794
ko.K21966	Week_and_consortia	NS1_w9w10	-0.832174834502202	0.2016826365547	72	72	0.000100213149315167	0.000134113067639794
ko.K21965	Week_and_consortia	NS1_w9w10	-0.832174834502202	0.2016826365547	72	72	0.000100213149315167	0.000134113067639794
ko.K21964	Week_and_consortia	NS1_w9w10	-0.832174834502202	0.2016826365547	72	72	0.000100213149315167	0.000134113067639794
ko.K21741	Week_and_consortia	NS1_w9w10	-0.832174834502202	0.2016826365547	72	72	0.000100213149315167	0.000134113067639794
ko.K18991	Week_and_consortia	NS1_w9w10	-0.832174834502202	0.2016826365547	72	72	0.000100213149315167	0.000134113067639794
ko.K21746	Week_and_consortia	NS1_w9w10	-0.832174834502202	0.2016826365547	72	72	0.000100213149315167	0.000134113067639794
ko.K02167	Week_and_consortia	NS1_w9w10	-0.832174834502202	0.2016826365547	72	72	0.000100213149315167	0.000134113067639794
ko.K03329	Week_and_consortia	NS1_w9w10	-0.832174834502202	0.2016826365547	72	72	0.000100213149315167	0.000134113067639794
ko.K03417	Week_and_consortia	NS1_w9w10	-0.835612764826862	0.20168076708113	72	72	9.44036567411116e-05	0.000134113067639794
ko.K03184	Week_and_consortia	NS1_w9w10	-0.832174834502202	0.2016826365547	72	72	0.000100213149315167	0.000134113067639794
ko.K01175	Week_and_consortia	NS1_w9w10	-0.832174834502202	0.2016826365547	72	72	0.000100213149315167	0.000134113067639794
ko.K03645	Week_and_consortia	NS1_w9w10	-0.832174834502202	0.2016826365547	72	72	0.000100213149315167	0.000134113067639794
ko.K07702	Week_and_consortia	NS1_w9w10	-0.832174834502202	0.2016826365547	72	72	0.000100213149315167	0.000134113067639794
ko.K03642	Week_and_consortia	NS1_w9w10	-0.348689687828402	0.0838825521378591	72	72	9.00015397127101e-05	0.000134113067639794
ko.K09900	Week_and_consortia	NS1_w9w10	-0.832174834502202	0.2016826365547	72	72	0.000100213149315167	0.000134113067639794
ko.K03185	Week_and_consortia	NS1_w9w10	-0.832174834502202	0.2016826365547	72	72	0.000100213149315167	0.000134113067639794
ko.K09895	Week_and_consortia	NS1_w9w10	-0.832174834502202	0.2016826365547	72	72	0.000100213149315167	0.000134113067639794
ko.K05596	Week_and_consortia	NS1_w9w10	-0.832174834502202	0.2016826365547	72	72	0.000100213149315167	0.000134113067639794
ko.K09159	Week_and_consortia	NS1_w9w10	-0.832174834502202	0.2016826365547	72	72	0.000100213149315167	0.000134113067639794
ko.K16878	Week_and_consortia	NS1_w9w10	-0.832174834502202	0.2016826365547	72	72	0.000100213149315167	0.000134113067639794
ko.K13480	Week_and_consortia	NS1_w9w10	-0.832174834502202	0.2016826365547	72	72	0.000100213149315167	0.000134113067639794
ko.K05831	Week_and_consortia	NS1_w9w10	-0.832174834502202	0.2016826365547	72	72	0.000100213149315167	0.000134113067639794
ko.K03840	Week_and_consortia	NS1_w9w10	-0.832174834502202	0.2016826365547	72	72	0.000100213149315167	0.000134113067639794
ko.K12529	Week_and_consortia	NS1_w9w10	-0.832174834502202	0.2016826365547	72	72	0.000100213149315167	0.000134113067639794
ko.K11258	Week_and_consortia	NS1_w9w10	-0.832174834502202	0.2016826365547	72	72	0.000100213149315167	0.000134113067639794
ko.K05927	Week_and_consortia	NS1_w9w10	-0.832174834502202	0.2016826365547	72	72	0.000100213149315167	0.000134113067639794
ko.K11472	Week_and_consortia	NS1_w9w10	-0.832174834502202	0.2016826365547	72	72	0.000100213149315167	0.000134113067639794
ko.K11477	Week_and_consortia	NS1_w9w10	-0.832174834502202	0.2016826365547	72	72	0.000100213149315167	0.000134113067639794
ko.K02550	Week_and_consortia	NS1_w9w10	-0.832174834502202	0.2016826365547	72	72	0.000100213149315167	0.000134113067639794
ko.K12370	Week_and_consortia	NS1_w9w10	-0.832174834502202	0.2016826365547	72	72	0.000100213149315167	0.000134113067639794
ko.K12369	Week_and_consortia	NS1_w9w10	-0.832174834502202	0.2016826365547	72	72	0.000100213149315167	0.000134113067639794
ko.K12368	Week_and_consortia	NS1_w9w10	-0.832174834502202	0.2016826365547	72	72	0.000100213149315167	0.000134113067639794
ko.K12216	Week_and_consortia	NS1_w9w10	-0.832174834502202	0.2016826365547	72	72	0.000100213149315167	0.000134113067639794
ko.K00032	Week_and_consortia	NS1_w9w10	-0.832174834502202	0.2016826365547	72	72	0.000100213149315167	0.000134113067639794
ko.K00090	Week_and_consortia	NS1_w9w10	-0.832174834502202	0.2016826365547	72	72	0.000100213149315167	0.000134113067639794
ko.K01460	Week_and_consortia	NS1_w9w10	-0.832174834502202	0.2016826365547	72	72	0.000100213149315167	0.000134113067639794
ko.K03796	Week_and_consortia	NS1_w9w10	-0.832174834502202	0.2016826365547	72	72	0.000100213149315167	0.000134113067639794
ko.K13635	Week_and_consortia	NS1_w9w10	-0.832174834502202	0.2016826365547	72	72	0.000100213149315167	0.000134113067639794
ko.K19338	Week_and_consortia	NS1_w9w10	-0.832174834502202	0.2016826365547	72	72	0.000100213149315167	0.000134113067639794
ko.K07471	Week_and_consortia	NS1_w9w10	-0.832174834502202	0.2016826365547	72	72	0.000100213149315167	0.000134113067639794
ko.K04753	Week_and_consortia	NS1_w9w10	-0.832174834502202	0.2016826365547	72	72	0.000100213149315167	0.000134113067639794
ko.K05275	Week_and_consortia	NS1_w9w10	-0.832174834502202	0.2016826365547	72	72	0.000100213149315167	0.000134113067639794
ko.K02623	Week_and_consortia	NS1_w9w10	-0.832174834502202	0.2016826365547	72	72	0.000100213149315167	0.000134113067639794
ko.K09794	Week_and_consortia	NS1_w9w10	-0.832174834502202	0.2016826365547	72	72	0.000100213149315167	0.000134113067639794
ko.K03304	Week_and_consortia	NS1_w9w10	-0.832174834502202	0.2016826365547	72	72	0.000100213149315167	0.000134113067639794
ko.K21602	Week_and_consortia	NS1_w9w10	-0.832174834502202	0.2016826365547	72	72	0.000100213149315167	0.000134113067639794
ko.K14061	Week_and_consortia	NS1_w9w10	-0.832174834502202	0.2016826365547	72	72	0.000100213149315167	0.000134113067639794
ko.K09978	Week_and_consortia	NS1_w9w10	-0.832174834502202	0.2016826365547	72	72	0.000100213149315167	0.000134113067639794
ko.K14063	Week_and_consortia	NS1_w9w10	-0.832174834502202	0.2016826365547	72	72	0.000100213149315167	0.000134113067639794
ko.K15721	Week_and_consortia	NS1_w9w10	-0.832174834502202	0.2016826365547	72	72	0.000100213149315167	0.000134113067639794
ko.K05374	Week_and_consortia	NS1_w9w10	-0.832174834502202	0.2016826365547	72	72	0.000100213149315167	0.000134113067639794
ko.K02498	Week_and_consortia	NS1_w9w10	-0.832174834502202	0.2016826365547	72	72	0.000100213149315167	0.000134113067639794
ko.K13543	Week_and_consortia	NS1_w9w10	-0.832174834502202	0.2016826365547	72	72	0.000100213149315167	0.000134113067639794
ko.K09921	Week_and_consortia	NS1_w9w10	-0.832174834502202	0.2016826365547	72	72	0.000100213149315167	0.000134113067639794
ko.K05835	Week_and_consortia	NS1_w9w10	-0.832174834502202	0.2016826365547	72	72	0.000100213149315167	0.000134113067639794
ko.K05834	Week_and_consortia	NS1_w9w10	-0.832174834502202	0.2016826365547	72	72	0.000100213149315167	0.000134113067639794
ko.K03576	Week_and_consortia	NS1_w9w10	-0.832174834502202	0.2016826365547	72	72	0.000100213149315167	0.000134113067639794
ko.K04785	Week_and_consortia	NS1_w9w10	-0.832174834502202	0.2016826365547	72	72	0.000100213149315167	0.000134113067639794
ko.K02521	Week_and_consortia	NS1_w9w10	-0.832174834502202	0.2016826365547	72	72	0.000100213149315167	0.000134113067639794
ko.K03656	Week_and_consortia	NS1_w9w10	-0.832174834502202	0.2016826365547	72	72	0.000100213149315167	0.000134113067639794
ko.K03732	Week_and_consortia	NS1_w9w10	-0.832174834502202	0.2016826365547	72	72	0.000100213149315167	0.000134113067639794
ko.K05790	Week_and_consortia	NS1_w9w10	-0.832174834502202	0.2016826365547	72	72	0.000100213149315167	0.000134113067639794
ko.K16693	Week_and_consortia	NS1_w9w10	-0.832174834502202	0.2016826365547	72	72	0.000100213149315167	0.000134113067639794
ko.K12582	Week_and_consortia	NS1_w9w10	-0.832174834502202	0.2016826365547	72	72	0.000100213149315167	0.000134113067639794
ko.K02853	Week_and_consortia	NS1_w9w10	-0.832174834502202	0.2016826365547	72	72	0.000100213149315167	0.000134113067639794
ko.K03690	Week_and_consortia	NS1_w9w10	-0.832174834502202	0.2016826365547	72	72	0.000100213149315167	0.000134113067639794
ko.K07781	Week_and_consortia	NS1_w9w10	-0.832174834502202	0.2016826365547	72	72	0.000100213149315167	0.000134113067639794
ko.K07026	Week_and_consortia	NS1_w9w10	-0.832174834502202	0.2016826365547	72	72	0.000100213149315167	0.000134113067639794
ko.K15918	Week_and_consortia	NS1_w9w10	-0.832174834502202	0.2016826365547	72	72	0.000100213149315167	0.000134113067639794
ko.K09781	Week_and_consortia	NS1_w9w10	-0.832174834502202	0.2016826365547	72	72	0.000100213149315167	0.000134113067639794
ko.K05523	Week_and_consortia	NS1_w9w10	-0.832174834502202	0.2016826365547	72	72	0.000100213149315167	0.000134113067639794
ko.K07127	Week_and_consortia	NS1_w9w10	-0.832174834502202	0.2016826365547	72	72	0.000100213149315167	0.000134113067639794
ko.K07147	Week_and_consortia	NS1_w9w10	-0.832174834502202	0.2016826365547	72	72	0.000100213149315167	0.000134113067639794
ko.K17247	Week_and_consortia	NS1_w9w10	-0.832174834502202	0.2016826365547	72	72	0.000100213149315167	0.000134113067639794
ko.K09933	Week_and_consortia	NS1_w9w10	-0.832174834502202	0.2016826365547	72	72	0.000100213149315167	0.000134113067639794
ko.K04781	Week_and_consortia	NS1_w9w10	-0.832174834502202	0.2016826365547	72	72	0.000100213149315167	0.000134113067639794
ko.K05373	Week_and_consortia	NS1_w9w10	-0.832174834502202	0.2016826365547	72	72	0.000100213149315167	0.000134113067639794
ko.K05372	Week_and_consortia	NS1_w9w10	-0.832174834502202	0.2016826365547	72	72	0.000100213149315167	0.000134113067639794
ko.K12243	Week_and_consortia	NS1_w9w10	-0.832174834502202	0.2016826365547	72	72	0.000100213149315167	0.000134113067639794
ko.K01825	Week_and_consortia	NS1_w9w10	-0.832174834502202	0.2016826365547	72	72	0.000100213149315167	0.000134113067639794
ko.K05785	Week_and_consortia	NS1_w9w10	-0.832174834502202	0.2016826365547	72	72	0.000100213149315167	0.000134113067639794
ko.K00523	Week_and_consortia	NS1_w9w10	-0.832174834502202	0.2016826365547	72	72	0.000100213149315167	0.000134113067639794
ko.K05368	Week_and_consortia	NS1_w9w10	-0.832174834502202	0.2016826365547	72	72	0.000100213149315167	0.000134113067639794
ko.K20256	Week_and_consortia	NS1_w9w10	-0.832174834502202	0.2016826365547	72	72	0.000100213149315167	0.000134113067639794
ko.K09904	Week_and_consortia	NS1_w9w10	-0.832174834502202	0.2016826365547	72	72	0.000100213149315167	0.000134113067639794
ko.K08277	Week_and_consortia	NS1_w9w10	-0.832174834502202	0.2016826365547	72	72	0.000100213149315167	0.000134113067639794
ko.K18590	Week_and_consortia	NS1_w9w10	-0.832174834502202	0.2016826365547	72	72	0.000100213149315167	0.000134113067639794
ko.K07663	Week_and_consortia	NS1_w9w10	-0.832174834502202	0.2016826365547	72	72	0.000100213149315167	0.000134113067639794
ko.K07641	Week_and_consortia	NS1_w9w10	-0.832174834502202	0.2016826365547	72	72	0.000100213149315167	0.000134113067639794
ko.K07773	Week_and_consortia	NS1_w9w10	-0.832174834502202	0.2016826365547	72	72	0.000100213149315167	0.000134113067639794
ko.K18921	Week_and_consortia	NS1_w9w10	-0.832174834502202	0.2016826365547	72	72	0.000100213149315167	0.000134113067639794
ko.K03717	Week_and_consortia	NS1_w9w10	-0.832174834502202	0.2016826365547	72	72	0.000100213149315167	0.000134113067639794
ko.K03580	Week_and_consortia	NS1_w9w10	-0.832174834502202	0.2016826365547	72	72	0.000100213149315167	0.000134113067639794
ko.K13301	Week_and_consortia	NS1_w9w10	-0.832174834502202	0.2016826365547	72	72	0.000100213149315167	0.000134113067639794
ko.K02505	Week_and_consortia	NS1_w9w10	-0.832174834502202	0.2016826365547	72	72	0.000100213149315167	0.000134113067639794
ko.K02504	Week_and_consortia	NS1_w9w10	-0.832174834502202	0.2016826365547	72	72	0.000100213149315167	0.000134113067639794
ko.K02336	Week_and_consortia	NS1_w9w10	-0.832174834502202	0.2016826365547	72	72	0.000100213149315167	0.000134113067639794
ko.K02062	Week_and_consortia	NS1_w9w10	-0.832174834502202	0.2016826365547	72	72	0.000100213149315167	0.000134113067639794
ko.K02063	Week_and_consortia	NS1_w9w10	-0.832174834502202	0.2016826365547	72	72	0.000100213149315167	0.000134113067639794
ko.K02064	Week_and_consortia	NS1_w9w10	-0.832174834502202	0.2016826365547	72	72	0.000100213149315167	0.000134113067639794
ko.K11925	Week_and_consortia	NS1_w9w10	-0.832174834502202	0.2016826365547	72	72	0.000100213149315167	0.000134113067639794
ko.K05798	Week_and_consortia	NS1_w9w10	-0.832174834502202	0.2016826365547	72	72	0.000100213149315167	0.000134113067639794
ko.K03586	Week_and_consortia	NS1_w9w10	-0.832174834502202	0.2016826365547	72	72	0.000100213149315167	0.000134113067639794
ko.K03485	Week_and_consortia	NS1_w9w10	-0.832174834502202	0.2016826365547	72	72	0.000100213149315167	0.000134113067639794
ko.K12955	Week_and_consortia	NS1_w9w10	-0.832174834502202	0.2016826365547	72	72	0.000100213149315167	0.000134113067639794
ko.K19336	Week_and_consortia	NS1_w9w10	-0.832174834502202	0.2016826365547	72	72	0.000100213149315167	0.000134113067639794
ko.K19335	Week_and_consortia	NS1_w9w10	-0.832174834502202	0.2016826365547	72	72	0.000100213149315167	0.000134113067639794
ko.K09893	Week_and_consortia	NS1_w9w10	-0.832174834502202	0.2016826365547	72	72	0.000100213149315167	0.000134113067639794
ko.K03828	Week_and_consortia	NS1_w9w10	-0.832174834502202	0.2016826365547	72	72	0.000100213149315167	0.000134113067639794
ko.K15536	Week_and_consortia	NS1_w9w10	-0.832174834502202	0.2016826365547	72	72	0.000100213149315167	0.000134113067639794
ko.K03720	Week_and_consortia	NS1_w9w10	-0.832174834502202	0.2016826365547	72	72	0.000100213149315167	0.000134113067639794
ko.K02317	Week_and_consortia	NS1_w9w10	-0.832174834502202	0.2016826365547	72	72	0.000100213149315167	0.000134113067639794
ko.K13255	Week_and_consortia	NS1_w9w10	-0.832174834502202	0.2016826365547	72	72	0.000100213149315167	0.000134113067639794
ko.K02344	Week_and_consortia	NS1_w9w10	-0.832174834502202	0.2016826365547	72	72	0.000100213149315167	0.000134113067639794
ko.K08723	Week_and_consortia	NS1_w9w10	-0.832174834502202	0.2016826365547	72	72	0.000100213149315167	0.000134113067639794
ko.K04065	Week_and_consortia	NS1_w9w10	-0.832174834502202	0.2016826365547	72	72	0.000100213149315167	0.000134113067639794
ko.K21637	Week_and_consortia	NS1_w9w10	-0.832174834502202	0.2016826365547	72	72	0.000100213149315167	0.000134113067639794
ko.K21645	Week_and_consortia	NS1_w9w10	-0.832174834502202	0.2016826365547	72	72	0.000100213149315167	0.000134113067639794
ko.K02682	Week_and_consortia	NS1_w9w10	-0.832174834502202	0.2016826365547	72	72	0.000100213149315167	0.000134113067639794
ko.K07275	Week_and_consortia	NS1_w9w10	-0.832174834502202	0.2016826365547	72	72	0.000100213149315167	0.000134113067639794
ko.K09901	Week_and_consortia	NS1_w9w10	-0.832174834502202	0.2016826365547	72	72	0.000100213149315167	0.000134113067639794
ko.K02485	Week_and_consortia	NS1_w9w10	-0.832174834502202	0.2016826365547	72	72	0.000100213149315167	0.000134113067639794
ko.K09858	Week_and_consortia	NS1_w9w10	-0.832174834502202	0.2016826365547	72	72	0.000100213149315167	0.000134113067639794
ko.K19226	Week_and_consortia	NS1_w9w10	-0.832174834502202	0.2016826365547	72	72	0.000100213149315167	0.000134113067639794
ko.K19228	Week_and_consortia	NS1_w9w10	-0.832174834502202	0.2016826365547	72	72	0.000100213149315167	0.000134113067639794
ko.K04062	Week_and_consortia	NS1_w9w10	-0.832174834502202	0.2016826365547	72	72	0.000100213149315167	0.000134113067639794
ko.K08992	Week_and_consortia	NS1_w9w10	-0.832174834502202	0.2016826365547	72	72	0.000100213149315167	0.000134113067639794
ko.K01096	Week_and_consortia	NS1_w9w10	-0.832174834502202	0.2016826365547	72	72	0.000100213149315167	0.000134113067639794
ko.K01497	Week_and_consortia	NS1_w9w10	-0.832174834502202	0.2016826365547	72	72	0.000100213149315167	0.000134113067639794
ko.K04774	Week_and_consortia	NS1_w9w10	-0.832174834502202	0.2016826365547	72	72	0.000100213149315167	0.000134113067639794
ko.K06039	Week_and_consortia	NS1_w9w10	-0.832174834502202	0.2016826365547	72	72	0.000100213149315167	0.000134113067639794
ko.K11105	Week_and_consortia	NS1_w9w10	-0.249896616532412	0.059589037010587	72	72	7.90900780882808e-05	0.000134113067639794
ko.K03603	Week_and_consortia	NS1_w9w10	-0.832174834502202	0.2016826365547	72	72	0.000100213149315167	0.000134113067639794
ko.K03314	Week_and_consortia	NS1_w9w10	-0.832174834502202	0.2016826365547	72	72	0.000100213149315167	0.000134113067639794
ko.K09160	Week_and_consortia	NS1_w9w10	-0.832174834502202	0.2016826365547	72	72	0.000100213149315167	0.000134113067639794
ko.K09902	Week_and_consortia	NS1_w9w10	-0.832174834502202	0.2016826365547	72	72	0.000100213149315167	0.000134113067639794
ko.K21976	Week_and_consortia	NS1_w9w10	-0.832174834502202	0.2016826365547	72	72	0.000100213149315167	0.000134113067639794
ko.K21974	Week_and_consortia	NS1_w9w10	-0.832174834502202	0.2016826365547	72	72	0.000100213149315167	0.000134113067639794
ko.K21973	Week_and_consortia	NS1_w9w10	-0.832174834502202	0.2016826365547	72	72	0.000100213149315167	0.000134113067639794
ko.K12152	Week_and_consortia	NS1_w9w10	-0.832174834502202	0.2016826365547	72	72	0.000100213149315167	0.000134113067639794
ko.K07232	Week_and_consortia	NS1_w9w10	-0.832174834502202	0.2016826365547	72	72	0.000100213149315167	0.000134113067639794
ko.K08308	Week_and_consortia	NS1_w9w10	-0.832174834502202	0.2016826365547	72	72	0.000100213149315167	0.000134113067639794
ko.K06197	Week_and_consortia	NS1_w9w10	-0.832174834502202	0.2016826365547	72	72	0.000100213149315167	0.000134113067639794
ko.K02494	Week_and_consortia	NS1_w9w10	-0.832174834502202	0.2016826365547	72	72	0.000100213149315167	0.000134113067639794
ko.K05880	Week_and_consortia	NS1_w9w10	-0.832174834502202	0.2016826365547	72	72	0.000100213149315167	0.000134113067639794
ko.K21087	Week_and_consortia	NS1_w9w10	-0.832174834502202	0.2016826365547	72	72	0.000100213149315167	0.000134113067639794
ko.K03807	Week_and_consortia	NS1_w9w10	-0.832174834502202	0.2016826365547	72	72	0.000100213149315167	0.000134113067639794
ko.K05365	Week_and_consortia	NS1_w9w10	-0.832174834502202	0.2016826365547	72	72	0.000100213149315167	0.000134113067639794
ko.K06858	Week_and_consortia	NS1_w9w10	-0.832174834502202	0.2016826365547	72	72	0.000100213149315167	0.000134113067639794
ko.K00163	Week_and_consortia	NS1_w9w10	-0.832174834502202	0.2016826365547	72	72	0.000100213149315167	0.000134113067639794
ko.K01682	Week_and_consortia	NS1_w9w10	-0.832174834502202	0.2016826365547	72	72	0.000100213149315167	0.000134113067639794
ko.K09910	Week_and_consortia	NS1_w9w10	-0.832174834502202	0.2016826365547	72	72	0.000100213149315167	0.000134113067639794
ko.K08100	Week_and_consortia	NS1_w9w10	-0.832174834502202	0.2016826365547	72	72	0.000100213149315167	0.000134113067639794
ko.K14588	Week_and_consortia	NS1_w9w10	-0.832174834502202	0.2016826365547	72	72	0.000100213149315167	0.000134113067639794
ko.K00117	Week_and_consortia	NS1_w9w10	-0.832174834502202	0.2016826365547	72	72	0.000100213149315167	0.000134113067639794
ko.K15540	Week_and_consortia	NS1_w9w10	-0.832174834502202	0.2016826365547	72	72	0.000100213149315167	0.000134113067639794
ko.K00970	Week_and_consortia	NS1_w9w10	0.0516964543008586	0.0125104144986717	72	72	9.80957810277699e-05	0.000134113067639794
ko.K08990	Week_and_consortia	NS1_w9w10	-0.832174834502202	0.2016826365547	72	72	0.000100213149315167	0.000134113067639794
ko.K14053	Week_and_consortia	NS1_w9w10	-0.832174834502202	0.2016826365547	72	72	0.000100213149315167	0.000134113067639794
ko.K03971	Week_and_consortia	NS1_w9w10	-0.832174834502202	0.2016826365547	72	72	0.000100213149315167	0.000134113067639794
ko.K03970	Week_and_consortia	NS1_w9w10	-0.832174834502202	0.2016826365547	72	72	0.000100213149315167	0.000134113067639794
ko.K06918	Week_and_consortia	NS1_w9w10	-0.832174834502202	0.2016826365547	72	72	0.000100213149315167	0.000134113067639794
ko.K03721	Week_and_consortia	NS1_w9w10	-0.832174834502202	0.2016826365547	72	72	0.000100213149315167	0.000134113067639794
ko.K19000	Week_and_consortia	NS1_w9w10	-0.832174834502202	0.2016826365547	72	72	0.000100213149315167	0.000134113067639794
ko.K15034	Week_and_consortia	NS1_w9w10	-0.832174834502202	0.2016826365547	72	72	0.000100213149315167	0.000134113067639794
ko.K06080	Week_and_consortia	NS1_w9w10	-0.832174834502202	0.2016826365547	72	72	0.000100213149315167	0.000134113067639794
ko.K14054	Week_and_consortia	NS1_w9w10	-0.832174834502202	0.2016826365547	72	72	0.000100213149315167	0.000134113067639794
ko.K01856	Week_and_consortia	NS1_w9w10	-0.832174834502202	0.2016826365547	72	72	0.000100213149315167	0.000134113067639794
ko.K07269	Week_and_consortia	NS1_w9w10	-0.832174834502202	0.2016826365547	72	72	0.000100213149315167	0.000134113067639794
ko.K07268	Week_and_consortia	NS1_w9w10	-0.832174834502202	0.2016826365547	72	72	0.000100213149315167	0.000134113067639794
ko.K06447	Week_and_consortia	NS1_w9w10	-0.832174834502202	0.2016826365547	72	72	0.000100213149315167	0.000134113067639794
ko.K05526	Week_and_consortia	NS1_w9w10	-0.832174834502202	0.2016826365547	72	72	0.000100213149315167	0.000134113067639794
ko.K09975	Week_and_consortia	NS1_w9w10	-0.832174834502202	0.2016826365547	72	72	0.000100213149315167	0.000134113067639794
ko.K05984	Week_and_consortia	NS1_w9w10	-0.832174834502202	0.2016826365547	72	72	0.000100213149315167	0.000134113067639794
ko.K04064	Week_and_consortia	NS1_w9w10	-0.832174834502202	0.2016826365547	72	72	0.000100213149315167	0.000134113067639794
ko.K15722	Week_and_consortia	NS1_w9w10	-0.832174834502202	0.2016826365547	72	72	0.000100213149315167	0.000134113067639794
ko.K01484	Week_and_consortia	NS1_w9w10	-0.832174834502202	0.2016826365547	72	72	0.000100213149315167	0.000134113067639794
ko.K00673	Week_and_consortia	NS1_w9w10	-0.832174834502202	0.2016826365547	72	72	0.000100213149315167	0.000134113067639794
ko.K06073	Week_and_consortia	NS1_w9w10	-0.832174834502202	0.2016826365547	72	72	0.000100213149315167	0.000134113067639794
ko.K09916	Week_and_consortia	NS1_w9w10	-0.832174834502202	0.2016826365547	72	72	0.000100213149315167	0.000134113067639794
ko.K08320	Week_and_consortia	NS1_w9w10	-0.832174834502202	0.2016826365547	72	72	0.000100213149315167	0.000134113067639794
ko.K17884	Week_and_consortia	NS1_w9w10	-0.832174834502202	0.2016826365547	72	72	0.000100213149315167	0.000134113067639794
ko.K05779	Week_and_consortia	NS1_w9w10	-0.832174834502202	0.2016826365547	72	72	0.000100213149315167	0.000134113067639794
ko.K05778	Week_and_consortia	NS1_w9w10	-0.832174834502202	0.2016826365547	72	72	0.000100213149315167	0.000134113067639794
ko.K05777	Week_and_consortia	NS1_w9w10	-0.832174834502202	0.2016826365547	72	72	0.000100213149315167	0.000134113067639794
ko.K07390	Week_and_consortia	NS1_w9w10	-0.832174834502202	0.2016826365547	72	72	0.000100213149315167	0.000134113067639794
ko.K03683	Week_and_consortia	NS1_w9w10	-0.832174834502202	0.2016826365547	72	72	0.000100213149315167	0.000134113067639794
ko.K10680	Week_and_consortia	NS1_w9w10	-0.832174834502202	0.2016826365547	72	72	0.000100213149315167	0.000134113067639794
ko.K06938	Week_and_consortia	NS1_w9w10	-0.832174834502202	0.2016826365547	72	72	0.000100213149315167	0.000134113067639794
ko.K06074	Week_and_consortia	NS1_w9w10	-0.832174834502202	0.2016826365547	72	72	0.000100213149315167	0.000134113067639794
ko.K13695	Week_and_consortia	NS1_w9w10	-0.832174834502202	0.2016826365547	72	72	0.000100213149315167	0.000134113067639794
ko.K08997	Week_and_consortia	NS1_w9w10	-0.832174834502202	0.2016826365547	72	72	0.000100213149315167	0.000134113067639794
ko.K05887	Week_and_consortia	NS1_w9w10	-0.832174834502202	0.2016826365547	72	72	0.000100213149315167	0.000134113067639794
ko.K08353	Week_and_consortia	NS1_w9w10	-0.832174834502202	0.2016826365547	72	72	0.000100213149315167	0.000134113067639794
ko.K08354	Week_and_consortia	NS1_w9w10	-0.832174834502202	0.2016826365547	72	72	0.000100213149315167	0.000134113067639794
ko.K09712	Week_and_consortia	NS1_w9w10	-0.832174834502202	0.2016826365547	72	72	0.000100213149315167	0.000134113067639794
ko.K01087	Week_and_consortia	NS1_w9w10	-0.832174834502202	0.2016826365547	72	72	0.000100213149315167	0.000134113067639794
ko.K14064	Week_and_consortia	NS1_w9w10	-0.832174834502202	0.2016826365547	72	72	0.000100213149315167	0.000134113067639794
ko.K02403	Week_and_consortia	NS1_w9w10	-0.832174834502202	0.2016826365547	72	72	0.000100213149315167	0.000134113067639794
ko.K02402	Week_and_consortia	NS1_w9w10	-0.832174834502202	0.2016826365547	72	72	0.000100213149315167	0.000134113067639794
ko.K03414	Week_and_consortia	NS1_w9w10	-0.832174834502202	0.2016826365547	72	72	0.000100213149315167	0.000134113067639794
ko.K03516	Week_and_consortia	NS1_w9w10	-0.832174834502202	0.2016826365547	72	72	0.000100213149315167	0.000134113067639794
ko.K09907	Week_and_consortia	NS1_w9w10	-0.832174834502202	0.2016826365547	72	72	0.000100213149315167	0.000134113067639794
ko.K15257	Week_and_consortia	NS1_w9w10	-0.832174834502202	0.2016826365547	72	72	0.000100213149315167	0.000134113067639794
ko.K02255	Week_and_consortia	NS1_w9w10	-0.832174834502202	0.2016826365547	72	72	0.000100213149315167	0.000134113067639794
ko.K02423	Week_and_consortia	NS1_w9w10	-0.832174834502202	0.2016826365547	72	72	0.000100213149315167	0.000134113067639794
ko.K02425	Week_and_consortia	NS1_w9w10	-0.832174834502202	0.2016826365547	72	72	0.000100213149315167	0.000134113067639794
ko.K07782	Week_and_consortia	NS1_w9w10	-0.832174834502202	0.2016826365547	72	72	0.000100213149315167	0.000134113067639794
ko.K15852	Week_and_consortia	NS1_w9w10	-0.832174834502202	0.2016826365547	72	72	0.000100213149315167	0.000134113067639794
ko.K19666	Week_and_consortia	NS1_w9w10	-0.832174834502202	0.2016826365547	72	72	0.000100213149315167	0.000134113067639794
ko.K19734	Week_and_consortia	NS1_w9w10	-0.832174834502202	0.2016826365547	72	72	0.000100213149315167	0.000134113067639794
ko.K07821	Week_and_consortia	NS1_w9w10	-0.832174834502202	0.2016826365547	72	72	0.000100213149315167	0.000134113067639794
ko.K07245	Week_and_consortia	NS1_w9w10	-0.832174834502202	0.2016826365547	72	72	0.000100213149315167	0.000134113067639794
ko.K03607	Week_and_consortia	NS1_w9w10	-0.832174834502202	0.2016826365547	72	72	0.000100213149315167	0.000134113067639794
ko.K21090	Week_and_consortia	NS1_w9w10	-0.832174834502202	0.2016826365547	72	72	0.000100213149315167	0.000134113067639794
ko.K09917	Week_and_consortia	NS1_w9w10	-0.832174834502202	0.2016826365547	72	72	0.000100213149315167	0.000134113067639794
ko.K07156	Week_and_consortia	NS1_w9w10	-0.832174834502202	0.2016826365547	72	72	0.000100213149315167	0.000134113067639794
ko.K07136	Week_and_consortia	NS1_w9w10	-0.832174834502202	0.2016826365547	72	72	0.000100213149315167	0.000134113067639794
ko.K02345	Week_and_consortia	NS1_w9w10	-0.832174834502202	0.2016826365547	72	72	0.000100213149315167	0.000134113067639794
ko.K19337	Week_and_consortia	NS1_w9w10	-0.832174834502202	0.2016826365547	72	72	0.000100213149315167	0.000134113067639794
ko.K01690	Week_and_consortia	NS1_w9w10	-0.832174834502202	0.2016826365547	72	72	0.000100213149315167	0.000134113067639794
ko.K09918	Week_and_consortia	NS1_w9w10	-0.832174834502202	0.2016826365547	72	72	0.000100213149315167	0.000134113067639794
ko.K10857	Week_and_consortia	NS1_w9w10	-0.832174834502202	0.2016826365547	72	72	0.000100213149315167	0.000134113067639794
ko.K11615	Week_and_consortia	NS1_w9w10	0.394066458147054	0.0943645145551784	72	72	8.41599569209249e-05	0.000134113067639794
ko.K02476	Week_and_consortia	NS1_w9w10	-0.832174834502202	0.2016826365547	72	72	0.000100213149315167	0.000134113067639794
ko.K07701	Week_and_consortia	NS1_w9w10	-0.832174834502202	0.2016826365547	72	72	0.000100213149315167	0.000134113067639794
ko.K11614	Week_and_consortia	NS1_w9w10	-0.832174834502202	0.2016826365547	72	72	0.000100213149315167	0.000134113067639794
ko.K03765	Week_and_consortia	NS1_w9w10	-0.832174834502202	0.2016826365547	72	72	0.000100213149315167	0.000134113067639794
ko.K03926	Week_and_consortia	NS1_w9w10	-0.832174834502202	0.2016826365547	72	72	0.000100213149315167	0.000134113067639794
ko.K07113	Week_and_consortia	NS1_w9w10	-0.832174834502202	0.2016826365547	72	72	0.000100213149315167	0.000134113067639794
ko.K19810	Week_and_consortia	NS1_w9w10	-0.832174834502202	0.2016826365547	72	72	0.000100213149315167	0.000134113067639794
ko.K16347	Week_and_consortia	NS1_w9w10	-0.832174834502202	0.2016826365547	72	72	0.000100213149315167	0.000134113067639794
ko.K07703	Week_and_consortia	NS1_w9w10	-0.832174834502202	0.2016826365547	72	72	0.000100213149315167	0.000134113067639794
ko.K08984	Week_and_consortia	NS1_w9w10	-0.832174834502202	0.2016826365547	72	72	0.000100213149315167	0.000134113067639794
ko.K05774	Week_and_consortia	NS1_w9w10	-0.832174834502202	0.2016826365547	72	72	0.000100213149315167	0.000134113067639794
ko.K02043	Week_and_consortia	NS1_w9w10	-0.832174834502202	0.2016826365547	72	72	0.000100213149315167	0.000134113067639794
ko.K07643	Week_and_consortia	NS1_w9w10	-0.832174834502202	0.2016826365547	72	72	0.000100213149315167	0.000134113067639794
ko.K07771	Week_and_consortia	NS1_w9w10	-0.832174834502202	0.2016826365547	72	72	0.000100213149315167	0.000134113067639794
ko.K16348	Week_and_consortia	NS1_w9w10	-0.832174834502202	0.2016826365547	72	72	0.000100213149315167	0.000134113067639794
ko.K09937	Week_and_consortia	NS1_w9w10	-0.832174834502202	0.2016826365547	72	72	0.000100213149315167	0.000134113067639794
ko.K09980	Week_and_consortia	NS1_w9w10	-0.832174834502202	0.2016826365547	72	72	0.000100213149315167	0.000134113067639794
ko.K09456	Week_and_consortia	NS1_w9w10	-0.832174834502202	0.2016826365547	72	72	0.000100213149315167	0.000134113067639794
ko.K03477	Week_and_consortia	NS1_w9w10	-0.832174834502202	0.2016826365547	72	72	0.000100213149315167	0.000134113067639794
ko.K02686	Week_and_consortia	NS1_w9w10	-0.832174834502202	0.2016826365547	72	72	0.000100213149315167	0.000134113067639794
ko.K01467	Week_and_consortia	NS1_w9w10	-0.832174834502202	0.2016826365547	72	72	0.000100213149315167	0.000134113067639794
ko.K19100	Week_and_consortia	NS1_w9w10	-0.832174834502202	0.2016826365547	72	72	0.000100213149315167	0.000134113067639794
ko.K19101	Week_and_consortia	NS1_w9w10	-0.832174834502202	0.2016826365547	72	72	0.000100213149315167	0.000134113067639794
ko.K19215	Week_and_consortia	NS1_w9w10	-0.832174834502202	0.2016826365547	72	72	0.000100213149315167	0.000134113067639794
ko.K20319	Week_and_consortia	NS1_w9w10	-0.832174834502202	0.2016826365547	72	72	0.000100213149315167	0.000134113067639794
ko.K20320	Week_and_consortia	NS1_w9w10	-0.832174834502202	0.2016826365547	72	72	0.000100213149315167	0.000134113067639794
ko.K00247	Week_and_consortia	NS1_w9w10	-0.832174834502202	0.2016826365547	72	72	0.000100213149315167	0.000134113067639794
ko.K00246	Week_and_consortia	NS1_w9w10	-0.832174834502202	0.2016826365547	72	72	0.000100213149315167	0.000134113067639794
ko.K04568	Week_and_consortia	NS1_w9w10	-0.832174834502202	0.2016826365547	72	72	0.000100213149315167	0.000134113067639794
ko.K04775	Week_and_consortia	NS1_w9w10	-0.832174834502202	0.2016826365547	72	72	0.000100213149315167	0.000134113067639794
ko.K22304	Week_and_consortia	NS1_w9w10	-0.832174834502202	0.2016826365547	72	72	0.000100213149315167	0.000134113067639794
ko.K01637	Week_and_consortia	NS1_w9w10	-0.832174834502202	0.2016826365547	72	72	0.000100213149315167	0.000134113067639794
ko.K00906	Week_and_consortia	NS1_w9w10	-0.832174834502202	0.2016826365547	72	72	0.000100213149315167	0.000134113067639794
ko.K02813	Week_and_consortia	NS1_w9w10	-0.832174834502202	0.2016826365547	72	72	0.000100213149315167	0.000134113067639794
ko.K02812	Week_and_consortia	NS1_w9w10	-0.832174834502202	0.2016826365547	72	72	0.000100213149315167	0.000134113067639794
ko.K11742	Week_and_consortia	NS1_w9w10	-0.832174834502202	0.2016826365547	72	72	0.000100213149315167	0.000134113067639794
ko.K11743	Week_and_consortia	NS1_w9w10	-0.832174834502202	0.2016826365547	72	72	0.000100213149315167	0.000134113067639794
ko.K16138	Week_and_consortia	NS1_w9w10	-0.832174834502202	0.2016826365547	72	72	0.000100213149315167	0.000134113067639794
ko.K10748	Week_and_consortia	NS1_w9w10	-0.832174834502202	0.2016826365547	72	72	0.000100213149315167	0.000134113067639794
ko.K07639	Week_and_consortia	NS1_w9w10	-0.832174834502202	0.2016826365547	72	72	0.000100213149315167	0.000134113067639794
ko.K07661	Week_and_consortia	NS1_w9w10	-0.832174834502202	0.2016826365547	72	72	0.000100213149315167	0.000134113067639794
ko.K02442	Week_and_consortia	NS1_w9w10	-0.832174834502202	0.2016826365547	72	72	0.000100213149315167	0.000134113067639794
ko.K03793	Week_and_consortia	NS1_w9w10	-0.832174834502202	0.2016826365547	72	72	0.000100213149315167	0.000134113067639794
ko.K13938	Week_and_consortia	NS1_w9w10	-0.832174834502202	0.2016826365547	72	72	0.000100213149315167	0.000134113067639794
ko.K13631	Week_and_consortia	NS1_w9w10	-0.832174834502202	0.2016826365547	72	72	0.000100213149315167	0.000134113067639794
ko.K14393	Week_and_consortia	NS1_w9w10	-0.832174834502202	0.2016826365547	72	72	0.000100213149315167	0.000134113067639794
ko.K04013	Week_and_consortia	NS1_w9w10	-0.832174834502202	0.2016826365547	72	72	0.000100213149315167	0.000134113067639794
ko.K04014	Week_and_consortia	NS1_w9w10	-0.832174834502202	0.2016826365547	72	72	0.000100213149315167	0.000134113067639794
ko.K04015	Week_and_consortia	NS1_w9w10	-0.832174834502202	0.2016826365547	72	72	0.000100213149315167	0.000134113067639794
ko.K04016	Week_and_consortia	NS1_w9w10	-0.832174834502202	0.2016826365547	72	72	0.000100213149315167	0.000134113067639794
ko.K04017	Week_and_consortia	NS1_w9w10	-0.832174834502202	0.2016826365547	72	72	0.000100213149315167	0.000134113067639794
ko.K04018	Week_and_consortia	NS1_w9w10	-0.832174834502202	0.2016826365547	72	72	0.000100213149315167	0.000134113067639794
ko.K15547	Week_and_consortia	NS1_w9w10	-0.832174834502202	0.2016826365547	72	72	0.000100213149315167	0.000134113067639794
ko.K15549	Week_and_consortia	NS1_w9w10	-0.832174834502202	0.2016826365547	72	72	0.000100213149315167	0.000134113067639794
ko.K03788	Week_and_consortia	NS1_w9w10	-0.832174834502202	0.2016826365547	72	72	0.000100213149315167	0.000134113067639794
ko.K10110	Week_and_consortia	NS1_w9w10	-0.832174834502202	0.2016826365547	72	72	0.000100213149315167	0.000134113067639794
ko.K10109	Week_and_consortia	NS1_w9w10	-0.832174834502202	0.2016826365547	72	72	0.000100213149315167	0.000134113067639794
ko.K10108	Week_and_consortia	NS1_w9w10	-0.832174834502202	0.2016826365547	72	72	0.000100213149315167	0.000134113067639794
ko.K10111	Week_and_consortia	NS1_w9w10	-0.832174834502202	0.2016826365547	72	72	0.000100213149315167	0.000134113067639794
ko.K02024	Week_and_consortia	NS1_w9w10	-0.832174834502202	0.2016826365547	72	72	0.000100213149315167	0.000134113067639794
ko.K05775	Week_and_consortia	NS1_w9w10	-0.832174834502202	0.2016826365547	72	72	0.000100213149315167	0.000134113067639794
ko.K03181	Week_and_consortia	NS1_w9w10	-0.832174834502202	0.2016826365547	72	72	0.000100213149315167	0.000134113067639794
ko.K00631	Week_and_consortia	NS1_w9w10	-0.832174834502202	0.2016826365547	72	72	0.000100213149315167	0.000134113067639794
ko.K09823	Week_and_consortia	NS1_w9w10	-0.832174834502202	0.2016826365547	72	72	0.000100213149315167	0.000134113067639794
ko.K07153	Week_and_consortia	NS1_w9w10	-0.832174834502202	0.2016826365547	72	72	0.000100213149315167	0.000134113067639794
ko.K07660	Week_and_consortia	NS1_w9w10	-0.832174834502202	0.2016826365547	72	72	0.000100213149315167	0.000134113067639794
ko.K13629	Week_and_consortia	NS1_w9w10	-0.832174834502202	0.2016826365547	72	72	0.000100213149315167	0.000134113067639794
ko.K07679	Week_and_consortia	NS1_w9w10	-0.832174834502202	0.2016826365547	72	72	0.000100213149315167	0.000134113067639794
ko.K18702	Week_and_consortia	NS1_w9w10	-0.832174834502202	0.2016826365547	72	72	0.000100213149315167	0.000134113067639794
ko.K01577	Week_and_consortia	NS1_w9w10	-0.832174834502202	0.2016826365547	72	72	0.000100213149315167	0.000134113067639794
ko.K07749	Week_and_consortia	NS1_w9w10	-0.832174834502202	0.2016826365547	72	72	0.000100213149315167	0.000134113067639794
ko.K10016	Week_and_consortia	NS1_w9w10	-0.832174834502202	0.2016826365547	72	72	0.000100213149315167	0.000134113067639794
ko.K10024	Week_and_consortia	NS1_w9w10	-0.832174834502202	0.2016826365547	72	72	0.000100213149315167	0.000134113067639794
ko.K03749	Week_and_consortia	NS1_w9w10	-0.832174834502202	0.2016826365547	72	72	0.000100213149315167	0.000134113067639794
ko.K15461	Week_and_consortia	NS1_w9w10	-0.832174834502202	0.2016826365547	72	72	0.000100213149315167	0.000134113067639794
ko.K09906	Week_and_consortia	NS1_w9w10	-0.832174834502202	0.2016826365547	72	72	0.000100213149315167	0.000134113067639794
ko.K11312	Week_and_consortia	NS1_w9w10	-0.832174834502202	0.2016826365547	72	72	0.000100213149315167	0.000134113067639794
ko.K07261	Week_and_consortia	NS1_w9w10	-0.832174834502202	0.2016826365547	72	72	0.000100213149315167	0.000134113067639794
ko.K10017	Week_and_consortia	NS1_w9w10	-0.832174834502202	0.2016826365547	72	72	0.000100213149315167	0.000134113067639794
ko.K02681	Week_and_consortia	NS1_w9w10	-0.832174834502202	0.2016826365547	72	72	0.000100213149315167	0.000134113067639794
ko.K01407	Week_and_consortia	NS1_w9w10	-0.832174834502202	0.2016826365547	72	72	0.000100213149315167	0.000134113067639794
ko.K06968	Week_and_consortia	NS1_w9w10	-0.832174834502202	0.2016826365547	72	72	0.000100213149315167	0.000134113067639794
ko.K02430	Week_and_consortia	NS1_w9w10	-0.832174834502202	0.2016826365547	72	72	0.000100213149315167	0.000134113067639794
ko.K02431	Week_and_consortia	NS1_w9w10	-0.236166984810745	0.0563678599525962	72	72	8.01896298825465e-05	0.000134113067639794
ko.K01146	Week_and_consortia	NS1_w9w10	-0.832174834502202	0.2016826365547	72	72	0.000100213149315167	0.000134113067639794
ko.K03837	Week_and_consortia	NS1_w9w10	-0.832174834502202	0.2016826365547	72	72	0.000100213149315167	0.000134113067639794
ko.K02680	Week_and_consortia	NS1_w9w10	-0.832174834502202	0.2016826365547	72	72	0.000100213149315167	0.000134113067639794
ko.K08227	Week_and_consortia	NS1_w9w10	-0.832174834502202	0.2016826365547	72	72	0.000100213149315167	0.000134113067639794
ko.K03573	Week_and_consortia	NS1_w9w10	-0.832174834502202	0.2016826365547	72	72	0.000100213149315167	0.000134113067639794
ko.K08484	Week_and_consortia	NS1_w9w10	-0.832174834502202	0.2016826365547	72	72	0.000100213149315167	0.000134113067639794
ko.K10015	Week_and_consortia	NS1_w9w10	-0.832174834502202	0.2016826365547	72	72	0.000100213149315167	0.000134113067639794
ko.K15723	Week_and_consortia	NS1_w9w10	-0.832174834502202	0.2016826365547	72	72	0.000100213149315167	0.000134113067639794
ko.K06160	Week_and_consortia	NS1_w9w10	-0.832174834502202	0.2016826365547	72	72	0.000100213149315167	0.000134113067639794
ko.K03919	Week_and_consortia	NS1_w9w10	-0.832174834502202	0.2016826365547	72	72	0.000100213149315167	0.000134113067639794
ko.K07676	Week_and_consortia	NS1_w9w10	-0.832174834502202	0.2016826365547	72	72	0.000100213149315167	0.000134113067639794
ko.K07710	Week_and_consortia	NS1_w9w10	-0.832174834502202	0.2016826365547	72	72	0.000100213149315167	0.000134113067639794
ko.K09934	Week_and_consortia	NS1_w9w10	-0.832174834502202	0.2016826365547	72	72	0.000100213149315167	0.000134113067639794
ko.K07279	Week_and_consortia	NS1_w9w10	-0.832174834502202	0.2016826365547	72	72	0.000100213149315167	0.000134113067639794
ko.K06159	Week_and_consortia	NS1_w9w10	-0.832174834502202	0.2016826365547	72	72	0.000100213149315167	0.000134113067639794
ko.K08276	Week_and_consortia	NS1_w9w10	-0.832174834502202	0.2016826365547	72	72	0.000100213149315167	0.000134113067639794
ko.K09920	Week_and_consortia	NS1_w9w10	-0.832174834502202	0.2016826365547	72	72	0.000100213149315167	0.000134113067639794
ko.K07685	Week_and_consortia	NS1_w9w10	-0.832174834502202	0.2016826365547	72	72	0.000100213149315167	0.000134113067639794
ko.K02196	Week_and_consortia	NS1_w9w10	-0.832174834502202	0.2016826365547	72	72	0.000100213149315167	0.000134113067639794
ko.K02574	Week_and_consortia	NS1_w9w10	0.7020581998254	0.169989916337409	72	72	9.88784231978728e-05	0.000134113067639794
ko.K11107	Week_and_consortia	NS1_w9w10	-0.832174834502202	0.2016826365547	72	72	0.000100213149315167	0.000134113067639794
ko.K07589	Week_and_consortia	NS1_w9w10	-0.832174834502202	0.2016826365547	72	72	0.000100213149315167	0.000134113067639794
ko.K09161	Week_and_consortia	NS1_w9w10	-0.832174834502202	0.2016826365547	72	72	0.000100213149315167	0.000134113067639794
ko.K09899	Week_and_consortia	NS1_w9w10	-0.832174834502202	0.2016826365547	72	72	0.000100213149315167	0.000134113067639794
ko.K10011	Week_and_consortia	NS1_w9w10	-0.832174834502202	0.2016826365547	72	72	0.000100213149315167	0.000134113067639794
ko.K13014	Week_and_consortia	NS1_w9w10	-0.832174834502202	0.2016826365547	72	72	0.000100213149315167	0.000134113067639794
ko.K07264	Week_and_consortia	NS1_w9w10	-0.832174834502202	0.2016826365547	72	72	0.000100213149315167	0.000134113067639794
ko.K12963	Week_and_consortia	NS1_w9w10	-0.832174834502202	0.2016826365547	72	72	0.000100213149315167	0.000134113067639794
ko.K19238	Week_and_consortia	NS1_w9w10	-0.832174834502202	0.2016826365547	72	72	0.000100213149315167	0.000134113067639794
ko.K05594	Week_and_consortia	NS1_w9w10	-0.832174834502202	0.2016826365547	72	72	0.000100213149315167	0.000134113067639794
ko.K13683	Week_and_consortia	NS1_w9w10	-0.832174834502202	0.2016826365547	72	72	0.000100213149315167	0.000134113067639794
ko.K13620	Week_and_consortia	NS1_w9w10	-0.832174834502202	0.2016826365547	72	72	0.000100213149315167	0.000134113067639794
ko.K13684	Week_and_consortia	NS1_w9w10	-0.832174834502202	0.2016826365547	72	72	0.000100213149315167	0.000134113067639794
ko.K21084	Week_and_consortia	NS1_w9w10	-0.832174834502202	0.2016826365547	72	72	0.000100213149315167	0.000134113067639794
ko.K04046	Week_and_consortia	NS1_w9w10	-0.832174834502202	0.2016826365547	72	72	0.000100213149315167	0.000134113067639794
ko.K07799	Week_and_consortia	NS1_w9w10	-0.832174834502202	0.2016826365547	72	72	0.000100213149315167	0.000134113067639794
ko.K21135	Week_and_consortia	NS1_w9w10	-0.832174834502202	0.2016826365547	72	72	0.000100213149315167	0.000134113067639794
ko.K07788	Week_and_consortia	NS1_w9w10	-0.832174834502202	0.2016826365547	72	72	0.000100213149315167	0.000134113067639794
ko.K07789	Week_and_consortia	NS1_w9w10	-0.832174834502202	0.2016826365547	72	72	0.000100213149315167	0.000134113067639794
ko.K18326	Week_and_consortia	NS1_w9w10	-0.832174834502202	0.2016826365547	72	72	0.000100213149315167	0.000134113067639794
ko.K01663	Week_and_consortia	NS1_w9w10	-0.832174834502202	0.2016826365547	72	72	0.000100213149315167	0.000134113067639794
ko.K05789	Week_and_consortia	NS1_w9w10	-0.832174834502202	0.2016826365547	72	72	0.000100213149315167	0.000134113067639794
ko.K16711	Week_and_consortia	NS1_w9w10	-0.832174834502202	0.2016826365547	72	72	0.000100213149315167	0.000134113067639794
ko.K16695	Week_and_consortia	NS1_w9w10	-0.832174834502202	0.2016826365547	72	72	0.000100213149315167	0.000134113067639794
ko.K18144	Week_and_consortia	NS1_w9w10	-0.832174834502202	0.2016826365547	72	72	0.000100213149315167	0.000134113067639794
ko.K17205	Week_and_consortia	NS1_w9w10	-0.832174834502202	0.2016826365547	72	72	0.000100213149315167	0.000134113067639794
ko.K01151	Week_and_consortia	NS1_w9w10	-0.0543123279981003	0.0131189392951156	72	72	9.54834501080639e-05	0.000134113067639794
ko.K19803	Week_and_consortia	NS1_w9w10	-0.832174834502202	0.2016826365547	72	72	0.000100213149315167	0.000134113067639794
ko.K00094	Week_and_consortia	NS1_w9w10	-0.832174834502202	0.2016826365547	72	72	0.000100213149315167	0.000134113067639794
ko.K08970	Week_and_consortia	NS1_w9w10	-0.832174834502202	0.2016826365547	72	72	0.000100213149315167	0.000134113067639794
ko.K03777	Week_and_consortia	NS1_w9w10	-0.832174834502202	0.2016826365547	72	72	0.000100213149315167	0.000134113067639794
ko.K06175	Week_and_consortia	NS1_w9w10	-0.832174834502202	0.2016826365547	72	72	0.000100213149315167	0.000134113067639794
ko.K09612	Week_and_consortia	NS1_w9w10	-0.832174834502202	0.2016826365547	72	72	0.000100213149315167	0.000134113067639794
ko.K06176	Week_and_consortia	NS1_w9w10	-0.832174834502202	0.2016826365547	72	72	0.000100213149315167	0.000134113067639794
ko.K00573	Week_and_consortia	NS1_w9w10	-0.832174834502202	0.2016826365547	72	72	0.000100213149315167	0.000134113067639794
ko.K21948	Week_and_consortia	NS1_w9w10	-0.832174834502202	0.2016826365547	72	72	0.000100213149315167	0.000134113067639794
ko.K07314	Week_and_consortia	NS1_w9w10	-0.832174834502202	0.2016826365547	72	72	0.000100213149315167	0.000134113067639794
ko.K13918	Week_and_consortia	NS1_w9w10	-0.832174834502202	0.2016826365547	72	72	0.000100213149315167	0.000134113067639794
ko.K04765	Week_and_consortia	NS1_w9w10	-0.832174834502202	0.2016826365547	72	72	0.000100213149315167	0.000134113067639794
ko.K00803	Week_and_consortia	NS1_w9w10	-0.835612764826862	0.20168076708113	72	72	9.44036567411116e-05	0.000134113067639794
ko.K15735	Week_and_consortia	NS1_w9w10	-0.832174834502202	0.2016826365547	72	72	0.000100213149315167	0.000134113067639794
ko.K11735	Week_and_consortia	NS1_w9w10	-0.832174834502202	0.2016826365547	72	72	0.000100213149315167	0.000134113067639794
ko.K14268	Week_and_consortia	NS1_w9w10	-0.832174834502202	0.2016826365547	72	72	0.000100213149315167	0.000134113067639794
ko.K15737	Week_and_consortia	NS1_w9w10	-0.832174834502202	0.2016826365547	72	72	0.000100213149315167	0.000134113067639794
ko.K09802	Week_and_consortia	NS1_w9w10	-0.832174834502202	0.2016826365547	72	72	0.000100213149315167	0.000134113067639794
ko.K07470	Week_and_consortia	NS1_w9w10	-0.832174834502202	0.2016826365547	72	72	0.000100213149315167	0.000134113067639794
ko.K15833	Week_and_consortia	NS1_w9w10	-0.832174834502202	0.2016826365547	72	72	0.000100213149315167	0.000134113067639794
ko.K15831	Week_and_consortia	NS1_w9w10	-0.832174834502202	0.2016826365547	72	72	0.000100213149315167	0.000134113067639794
ko.K15832	Week_and_consortia	NS1_w9w10	-0.832174834502202	0.2016826365547	72	72	0.000100213149315167	0.000134113067639794
ko.K15834	Week_and_consortia	NS1_w9w10	-0.832174834502202	0.2016826365547	72	72	0.000100213149315167	0.000134113067639794
ko.K12265	Week_and_consortia	NS1_w9w10	-0.832174834502202	0.2016826365547	72	72	0.000100213149315167	0.000134113067639794
ko.K12264	Week_and_consortia	NS1_w9w10	-0.832174834502202	0.2016826365547	72	72	0.000100213149315167	0.000134113067639794
ko.K12266	Week_and_consortia	NS1_w9w10	-0.832174834502202	0.2016826365547	72	72	0.000100213149315167	0.000134113067639794
ko.K02467	Week_and_consortia	NS1_w9w10	-0.832174834502202	0.2016826365547	72	72	0.000100213149315167	0.000134113067639794
ko.K02468	Week_and_consortia	NS1_w9w10	-0.832174834502202	0.2016826365547	72	72	0.000100213149315167	0.000134113067639794
ko.K02466	Week_and_consortia	NS1_w9w10	-0.832174834502202	0.2016826365547	72	72	0.000100213149315167	0.000134113067639794
ko.K15777	Week_and_consortia	NS1_w9w10	-0.832174834502202	0.2016826365547	72	72	0.000100213149315167	0.000134113067639794
ko.K07637	Week_and_consortia	NS1_w9w10	-0.832174834502202	0.2016826365547	72	72	0.000100213149315167	0.000134113067639794
ko.K21470	Week_and_consortia	NS1_w9w10	-0.832174834502202	0.2016826365547	72	72	0.000100213149315167	0.000134113067639794
ko.K03632	Week_and_consortia	NS1_w9w10	-0.832174834502202	0.2016826365547	72	72	0.000100213149315167	0.000134113067639794
ko.K03804	Week_and_consortia	NS1_w9w10	-0.832174834502202	0.2016826365547	72	72	0.000100213149315167	0.000134113067639794
ko.K03633	Week_and_consortia	NS1_w9w10	-0.832174834502202	0.2016826365547	72	72	0.000100213149315167	0.000134113067639794
ko.K06219	Week_and_consortia	NS1_w9w10	-0.832174834502202	0.2016826365547	72	72	0.000100213149315167	0.000134113067639794
ko.K09791	Week_and_consortia	NS1_w9w10	-0.832174834502202	0.2016826365547	72	72	0.000100213149315167	0.000134113067639794
ko.K09911	Week_and_consortia	NS1_w9w10	-0.832174834502202	0.2016826365547	72	72	0.000100213149315167	0.000134113067639794
ko.K04770	Week_and_consortia	NS1_w9w10	-0.832174834502202	0.2016826365547	72	72	0.000100213149315167	0.000134113067639794
ko.K01716	Week_and_consortia	NS1_w9w10	-0.832174834502202	0.2016826365547	72	72	0.000100213149315167	0.000134113067639794
ko.K03812	Week_and_consortia	NS1_w9w10	-0.832174834502202	0.2016826365547	72	72	0.000100213149315167	0.000134113067639794
ko.K09857	Week_and_consortia	NS1_w9w10	-0.832174834502202	0.2016826365547	72	72	0.000100213149315167	0.000134113067639794
ko.K07140	Week_and_consortia	NS1_w9w10	-0.832174834502202	0.2016826365547	72	72	0.000100213149315167	0.000134113067639794
ko.K18657	Week_and_consortia	NS1_w9w10	-0.832174834502202	0.2016826365547	72	72	0.000100213149315167	0.000134113067639794
ko.K00299	Week_and_consortia	NS1_w9w10	-0.832174834502202	0.2016826365547	72	72	0.000100213149315167	0.000134113067639794
ko.K04091	Week_and_consortia	NS1_w9w10	-0.832174834502202	0.2016826365547	72	72	0.000100213149315167	0.000134113067639794
ko.K15599	Week_and_consortia	NS1_w9w10	-0.832174834502202	0.2016826365547	72	72	0.000100213149315167	0.000134113067639794
ko.K10000	Week_and_consortia	NS1_w9w10	-0.832174834502202	0.2016826365547	72	72	0.000100213149315167	0.000134113067639794
ko.K09998	Week_and_consortia	NS1_w9w10	-0.832174834502202	0.2016826365547	72	72	0.000100213149315167	0.000134113067639794
ko.K03212	Week_and_consortia	NS1_w9w10	-0.832174834502202	0.2016826365547	72	72	0.000100213149315167	0.000134113067639794
ko.K11075	Week_and_consortia	NS1_w9w10	-0.832174834502202	0.2016826365547	72	72	0.000100213149315167	0.000134113067639794
ko.K11073	Week_and_consortia	NS1_w9w10	-0.832174834502202	0.2016826365547	72	72	0.000100213149315167	0.000134113067639794
ko.K10678	Week_and_consortia	NS1_w9w10	-0.832174834502202	0.2016826365547	72	72	0.000100213149315167	0.000134113067639794
ko.K03674	Week_and_consortia	NS1_w9w10	-0.832174834502202	0.2016826365547	72	72	0.000100213149315167	0.000134113067639794
ko.K21430	Week_and_consortia	NS1_w9w10	-0.832174834502202	0.2016826365547	72	72	0.000100213149315167	0.000134113067639794
ko.K19688	Week_and_consortia	NS1_w9w10	-0.832174834502202	0.2016826365547	72	72	0.000100213149315167	0.000134113067639794
ko.K09999	Week_and_consortia	NS1_w9w10	-0.832174834502202	0.2016826365547	72	72	0.000100213149315167	0.000134113067639794
ko.K11066	Week_and_consortia	NS1_w9w10	-0.832174834502202	0.2016826365547	72	72	0.000100213149315167	0.000134113067639794
ko.K20801	Week_and_consortia	NS1_w9w10	-0.832174834502202	0.2016826365547	72	72	0.000100213149315167	0.000134113067639794
ko.K09824	Week_and_consortia	NS1_w9w10	-0.832174834502202	0.2016826365547	72	72	0.000100213149315167	0.000134113067639794
ko.K11933	Week_and_consortia	NS1_w9w10	-0.832174834502202	0.2016826365547	72	72	0.000100213149315167	0.000134113067639794
ko.K13053	Week_and_consortia	NS1_w9w10	-0.832174834502202	0.2016826365547	72	72	0.000100213149315167	0.000134113067639794
ko.K18850	Week_and_consortia	NS1_w9w10	-0.832174834502202	0.2016826365547	72	72	0.000100213149315167	0.000134113067639794
ko.K00884	Week_and_consortia	NS1_w9w10	-0.832174834502202	0.2016826365547	72	72	0.000100213149315167	0.000134113067639794
ko.K22041	Week_and_consortia	NS1_w9w10	-0.832174834502202	0.2016826365547	72	72	0.000100213149315167	0.000134113067639794
ko.K07337	Week_and_consortia	NS1_w9w10	-0.832174834502202	0.2016826365547	72	72	0.000100213149315167	0.000134113067639794
ko.K04335	Week_and_consortia	NS1_w9w10	-0.832174834502202	0.2016826365547	72	72	0.000100213149315167	0.000134113067639794
ko.K20918	Week_and_consortia	NS1_w9w10	-0.832174834502202	0.2016826365547	72	72	0.000100213149315167	0.000134113067639794
ko.K04337	Week_and_consortia	NS1_w9w10	-0.832174834502202	0.2016826365547	72	72	0.000100213149315167	0.000134113067639794
ko.K04338	Week_and_consortia	NS1_w9w10	-0.832174834502202	0.2016826365547	72	72	0.000100213149315167	0.000134113067639794
ko.K06214	Week_and_consortia	NS1_w9w10	-0.832174834502202	0.2016826365547	72	72	0.000100213149315167	0.000134113067639794
ko.K01093	Week_and_consortia	NS1_w9w10	-0.832174834502202	0.2016826365547	72	72	0.000100213149315167	0.000134113067639794
ko.K03618	Week_and_consortia	NS1_w9w10	-0.832174834502202	0.2016826365547	72	72	0.000100213149315167	0.000134113067639794
ko.K03619	Week_and_consortia	NS1_w9w10	-0.832174834502202	0.2016826365547	72	72	0.000100213149315167	0.000134113067639794
ko.K19416	Week_and_consortia	NS1_w9w10	-0.832174834502202	0.2016826365547	72	72	0.000100213149315167	0.000134113067639794
ko.K11179	Week_and_consortia	NS1_w9w10	-0.832174834502202	0.2016826365547	72	72	0.000100213149315167	0.000134113067639794
ko.K11940	Week_and_consortia	NS1_w9w10	-0.832174834502202	0.2016826365547	72	72	0.000100213149315167	0.000134113067639794
ko.K09909	Week_and_consortia	NS1_w9w10	-0.832174834502202	0.2016826365547	72	72	0.000100213149315167	0.000134113067639794
ko.K04333	Week_and_consortia	NS1_w9w10	-0.832174834502202	0.2016826365547	72	72	0.000100213149315167	0.000134113067639794
ko.K04334	Week_and_consortia	NS1_w9w10	-0.832174834502202	0.2016826365547	72	72	0.000100213149315167	0.000134113067639794
ko.K04336	Week_and_consortia	NS1_w9w10	-0.832174834502202	0.2016826365547	72	72	0.000100213149315167	0.000134113067639794
ko.K09915	Week_and_consortia	NS1_w9w10	-0.832174834502202	0.2016826365547	72	72	0.000100213149315167	0.000134113067639794
ko.K03675	Week_and_consortia	NS1_w9w10	-0.832174834502202	0.2016826365547	72	72	0.000100213149315167	0.000134113067639794
ko.K12148	Week_and_consortia	NS1_w9w10	-0.832174834502202	0.2016826365547	72	72	0.000100213149315167	0.000134113067639794
ko.K02846	Week_and_consortia	NS1_w9w10	-0.832174834502202	0.2016826365547	72	72	0.000100213149315167	0.000134113067639794
ko.K12147	Week_and_consortia	NS1_w9w10	-0.832174834502202	0.2016826365547	72	72	0.000100213149315167	0.000134113067639794
ko.K03669	Week_and_consortia	NS1_w9w10	-0.832174834502202	0.2016826365547	72	72	0.000100213149315167	0.000134113067639794
ko.K07121	Week_and_consortia	NS1_w9w10	-0.832174834502202	0.2016826365547	72	72	0.000100213149315167	0.000134113067639794
ko.K10986	Week_and_consortia	NS1_w9w10	-0.832174834502202	0.2016826365547	72	72	0.000100213149315167	0.000134113067639794
ko.K10984	Week_and_consortia	NS1_w9w10	-0.832174834502202	0.2016826365547	72	72	0.000100213149315167	0.000134113067639794
ko.K02079	Week_and_consortia	NS1_w9w10	-0.832174834502202	0.2016826365547	72	72	0.000100213149315167	0.000134113067639794
ko.K19155	Week_and_consortia	NS1_w9w10	-0.832174834502202	0.2016826365547	72	72	0.000100213149315167	0.000134113067639794
ko.K19156	Week_and_consortia	NS1_w9w10	-0.832174834502202	0.2016826365547	72	72	0.000100213149315167	0.000134113067639794
ko.K01630	Week_and_consortia	NS1_w9w10	-0.832174834502202	0.2016826365547	72	72	0.000100213149315167	0.000134113067639794
ko.K07592	Week_and_consortia	NS1_w9w10	-0.832174834502202	0.2016826365547	72	72	0.000100213149315167	0.000134113067639794
ko.K03838	Week_and_consortia	NS1_w9w10	-0.832174834502202	0.2016826365547	72	72	0.000100213149315167	0.000134113067639794
ko.K18446	Week_and_consortia	NS1_w9w10	-0.832174834502202	0.2016826365547	72	72	0.000100213149315167	0.000134113067639794
ko.K09806	Week_and_consortia	NS1_w9w10	-0.832174834502202	0.2016826365547	72	72	0.000100213149315167	0.000134113067639794
ko.K07393	Week_and_consortia	NS1_w9w10	-0.832174834502202	0.2016826365547	72	72	0.000100213149315167	0.000134113067639794
ko.K19775	Week_and_consortia	NS1_w9w10	-0.832174834502202	0.2016826365547	72	72	0.000100213149315167	0.000134113067639794
ko.K11391	Week_and_consortia	NS1_w9w10	-0.832174834502202	0.2016826365547	72	72	0.000100213149315167	0.000134113067639794
ko.K12113	Week_and_consortia	NS1_w9w10	-0.832174834502202	0.2016826365547	72	72	0.000100213149315167	0.000134113067639794
ko.K09251	Week_and_consortia	NS1_w9w10	-0.832174834502202	0.2016826365547	72	72	0.000100213149315167	0.000134113067639794
ko.K03776	Week_and_consortia	NS1_w9w10	-0.832174834502202	0.2016826365547	72	72	0.000100213149315167	0.000134113067639794
ko.K07229	Week_and_consortia	NS1_w9w10	-0.832174834502202	0.2016826365547	72	72	0.000100213149315167	0.000134113067639794
ko.K18140	Week_and_consortia	NS1_w9w10	-0.832174834502202	0.2016826365547	72	72	0.000100213149315167	0.000134113067639794
ko.K18765	Week_and_consortia	NS1_w9w10	-0.832174834502202	0.2016826365547	72	72	0.000100213149315167	0.000134113067639794
ko.K13650	Week_and_consortia	NS1_w9w10	-0.832174834502202	0.2016826365547	72	72	0.000100213149315167	0.000134113067639794
ko.K16090	Week_and_consortia	NS1_w9w10	-0.832174834502202	0.2016826365547	72	72	0.000100213149315167	0.000134113067639794
ko.K07336	Week_and_consortia	NS1_w9w10	-0.832174834502202	0.2016826365547	72	72	0.000100213149315167	0.000134113067639794
ko.K21698	Week_and_consortia	NS1_w9w10	-0.832174834502202	0.2016826365547	72	72	0.000100213149315167	0.000134113067639794
ko.K07648	Week_and_consortia	NS1_w9w10	-0.832174834502202	0.2016826365547	72	72	0.000100213149315167	0.000134113067639794
ko.K11719	Week_and_consortia	NS1_w9w10	-0.832174834502202	0.2016826365547	72	72	0.000100213149315167	0.000134113067639794
ko.K07122	Week_and_consortia	NS1_w9w10	-0.832174834502202	0.2016826365547	72	72	0.000100213149315167	0.000134113067639794
ko.K21695	Week_and_consortia	NS1_w9w10	-0.832174834502202	0.2016826365547	72	72	0.000100213149315167	0.000134113067639794
ko.K15548	Week_and_consortia	NS1_w9w10	-0.832174834502202	0.2016826365547	72	72	0.000100213149315167	0.000134113067639794
ko.K04691	Week_and_consortia	NS1_w9w10	-0.832174834502202	0.2016826365547	72	72	0.000100213149315167	0.000134113067639794
ko.K09908	Week_and_consortia	NS1_w9w10	-0.832174834502202	0.2016826365547	72	72	0.000100213149315167	0.000134113067639794
ko.K03600	Week_and_consortia	NS1_w9w10	-0.832174834502202	0.2016826365547	72	72	0.000100213149315167	0.000134113067639794
ko.K00863	Week_and_consortia	NS1_w9w10	-0.341552085602751	0.0826504259605621	72	72	9.80214824530506e-05	0.000134113067639794
ko.K01598	Week_and_consortia	NS1_w9w10	-0.315932427647731	0.0763420459366475	72	72	9.60237813367469e-05	0.000134113067639794
ko.K06987	Week_and_consortia	NS1_w9w10	-0.44028001897284	0.105862596136675	72	72	8.93425284320933e-05	0.000134113067639794
ko.K03535	Week_and_consortia	NS1_w9w10	-0.831580282429432	0.201567032694055	72	72	0.000100417421182411	0.000134350850586212
ko.K00374	Week_and_consortia	NS1_w9w10	-0.831287717054057	0.201511811430319	72	72	0.000100530133172313	0.000134359320842996
ko.K00373	Week_and_consortia	NS1_w9w10	-0.831287717054057	0.201511811430319	72	72	0.000100530133172313	0.000134359320842996
ko.K00371	Week_and_consortia	NS1_w9w10	-0.831287717054057	0.201511811430319	72	72	0.000100530133172313	0.000134359320842996
ko.K00370	Week_and_consortia	NS1_w9w10	-0.831287717054057	0.201511811430319	72	72	0.000100530133172313	0.000134359320842996
ko.K02257	Week_and_consortia	NS1_w9w10	-0.830428088459891	0.201355921183518	72	72	0.000100908276732159	0.000134615424888003
ko.K01669	Week_and_consortia	NS1_w9w10	-0.830428088459891	0.201355921183518	72	72	0.000100908276732159	0.000134615424888003
ko.K00675	Week_and_consortia	NS1_w9w10	-0.830428088459891	0.201355921183518	72	72	0.000100908276732159	0.000134615424888003
ko.K07224	Week_and_consortia	NS1_w9w10	-0.830428088459891	0.201355921183518	72	72	0.000100908276732159	0.000134615424888003
ko.K16301	Week_and_consortia	NS1_w9w10	-0.830428088459891	0.201355921183518	72	72	0.000100908276732159	0.000134615424888003
ko.K13979	Week_and_consortia	NS1_w9w10	-0.830428088459891	0.201355921183518	72	72	0.000100908276732159	0.000134615424888003
ko.K03638	Week_and_consortia	NS1_w9w10	-0.830428088459891	0.201355921183518	72	72	0.000100908276732159	0.000134615424888003
ko.K08996	Week_and_consortia	NS1_w9w10	-0.828784832501949	0.201084411940212	72	72	0.000101829383687872	0.00013577251158383
ko.K00116	Week_and_consortia	NS1_w9w10	-0.828784832501949	0.201084411940212	72	72	0.000101829383687872	0.00013577251158383
ko.K02056	Week_and_consortia	NS1_w9w10	-0.304911378732197	0.0740943461716313	72	72	0.000104128103387985	0.000138800838605831
ko.K01478	Week_and_consortia	NS1_w9w10	0.579248524139612	0.140649378588372	72	72	0.000104231151458537	0.000138901550295049
ko.K06397	Week_and_consortia	NS1_w9w10	-0.345937716866353	0.0843844675681581	72	72	0.000109956640659489	0.000146492866195079
ko.K00338	Week_and_consortia	NS1_w9w10	0.147497445506687	0.0360730616614796	72	72	0.00011412123489161	0.000152001180773111
ko.K09819	Week_and_consortia	NS1_w9w10	-0.419053789792851	0.102492469979336	72	72	0.000114209693340144	0.000152078906366475
ko.K01740	Week_and_consortia	NS1_w9w10	0.0477914829844268	0.0117110627563419	72	72	0.000117324522046098	0.000156185371640813
ko.K02919	Week_and_consortia	NS1_w9w10	0.10819163213957	0.0265376582174113	72	72	0.000118954027210904	0.000158312893959295
ko.K00705	Week_and_consortia	NS1_w9w10	-0.0535665281760885	0.0131456796719907	72	72	0.000119811658915979	0.000159412299405722
ko.K00876	Week_and_consortia	NS1_w9w10	0.154403650625281	0.0379418348175663	72	72	0.000122057863975991	0.000162358169775331
ko.K00162	Week_and_consortia	NS1_w9w10	-0.405265768695705	0.100018757315447	72	72	0.000129721432862598	0.000172506627749893
ko.K03088	Week_and_consortia	NS1_w9w10	0.162424466222197	0.0400891646370942	72	72	0.000129863941743552	0.000172650693075901
ko.K20765	Week_and_consortia	NS1_w9w10	0.342857834954901	0.0847222232276028	72	72	0.000132006960888197	0.000175453608631195
ko.K01629	Week_and_consortia	NS1_w9w10	-0.197678975244344	0.0488924382187114	72	72	0.000133708660654651	0.000177668635883034
ko.K00342	Week_and_consortia	NS1_w9w10	0.145865958290932	0.036132893086422	72	72	0.000136607228693481	0.000181281775508134
ko.K00340	Week_and_consortia	NS1_w9w10	0.145865958290932	0.036132893086422	72	72	0.000136607228693481	0.000181281775508134
ko.K00339	Week_and_consortia	NS1_w9w10	0.145865958290932	0.036132893086422	72	72	0.000136607228693481	0.000181281775508134
ko.K00330	Week_and_consortia	NS1_w9w10	0.145865958290932	0.036132893086422	72	72	0.000136607228693481	0.000181281775508134
ko.K00343	Week_and_consortia	NS1_w9w10	0.145865958290932	0.036132893086422	72	72	0.000136607228693481	0.000181281775508134
ko.K00341	Week_and_consortia	NS1_w9w10	0.145827967228938	0.036138331278929	72	72	0.000137391626784932	0.000182274815787152
ko.K06999	Week_and_consortia	NS1_w9w10	-0.615204519802703	0.152513525668999	72	72	0.000138105140260334	0.000183173318087479
ko.K18837	Week_and_consortia	NS1_w9w10	0.640526411618742	0.158943557100795	72	72	0.000139962115266508	0.00018558756071559
ko.K03281	Week_and_consortia	NS1_w9w10	0.0998886429088377	0.0248572296589535	72	72	0.000145572428367975	0.000192976097642353
ko.K18013	Week_and_consortia	NS1_w9w10	0.308507722802311	0.0768585070566878	72	72	0.00014785787728043	0.000195954353625586
ko.K07706	Week_and_consortia	NS1_w9w10	-0.473919302909607	0.118159024750355	72	72	0.000149448560658474	0.000198010524113981
ko.K07318	Week_and_consortia	NS1_w9w10	-0.398094198859445	0.0993479873776878	72	72	0.000151410160642446	0.000200556930143061
ko.K13919	Week_and_consortia	NS1_w9w10	0.270894672809526	0.0676120124463894	72	72	0.000151651348959184	0.000200823752278321
ko.K09922	Week_and_consortia	NS1_w9w10	0.112427140532505	0.0280788024028108	72	72	0.000153023091656152	0.000202587174802641
ko.K01756	Week_and_consortia	NS1_w9w10	-0.0309953868937546	0.00774371426098629	72	72	0.0001537268834577	0.000203465605247131
ko.K03801	Week_and_consortia	NS1_w9w10	-0.0811656991400696	0.0202896310286107	72	72	0.000154945262007559	0.000205024479743895
ko.K00164	Week_and_consortia	NS1_w9w10	-0.405668231603049	0.101493611184381	72	72	0.000156749551423786	0.000207357615551968
ko.K03800	Week_and_consortia	NS1_w9w10	-0.162104465027341	0.0406706174916924	72	72	0.000162888021500189	0.000215421540476166
ko.K06412	Week_and_consortia	NS1_w9w10	-0.375399261489836	0.0942002541340239	72	72	0.00016326192899791	0.000215859530305533
ko.K18785	Week_and_consortia	NS1_w9w10	0.216170576338085	0.0542471642121722	72	72	0.000163373930041631	0.000215951097480461
ko.K07503	Week_and_consortia	NS1_w9w10	-0.49657179015656	0.125076457270947	72	72	0.000171853269097925	0.00022709984710508
ko.K02004	Week_and_consortia	NS1_w9w10	0.140608230365257	0.0354245432713457	72	72	0.000172391500914393	0.000227751533111797
ko.K07571	Week_and_consortia	NS1_w9w10	0.323686318172702	0.0815031626277899	72	72	0.000172951725764075	0.000228431926420944
ko.K07570	Week_and_consortia	NS1_w9w10	0.323448873210332	0.0814703089411317	72	72	0.000173728750184097	0.000229398234691599
ko.K05337	Week_and_consortia	NS1_w9w10	0.323360553144059	0.0814739671822424	72	72	0.000174478588648708	0.000230328149948595
ko.K16011	Week_and_consortia	NS1_w9w10	0.759325086235963	0.191570619489355	72	72	0.00017569461151275	0.000231821789865823
ko.K18888	Week_and_consortia	NS1_w9w10	-0.346328798584737	0.0873774663842039	72	72	0.000175747714803266	0.000231821789865823
ko.K21900	Week_and_consortia	NS1_w9w10	-0.905546601002451	0.228280107592345	72	72	0.000175719134184792	0.000231821789865823
ko.K09014	Week_and_consortia	NS1_w9w10	-0.0700252340716973	0.0176696441753537	72	72	0.000176090132197942	0.000232212828990865
ko.K06383	Week_and_consortia	NS1_w9w10	-0.334331722521897	0.0844844729552693	72	72	0.000179558959937937	0.000236725434657217
ko.K01163	Week_and_consortia	NS1_w9w10	0.209771592899173	0.0530159732464586	72	72	0.000179898746328291	0.000237111522684719
ko.K15725	Week_and_consortia	NS1_w9w10	-0.215946882207464	0.0546349636808521	72	72	0.000182510940193138	0.000240491724010364
ko.K07029	Week_and_consortia	NS1_w9w10	0.30239725377411	0.0764674784041695	72	72	0.000183194078492071	0.000241328939906634
ko.K08178	Week_and_consortia	NS1_w9w10	-0.706343642880383	0.178910811949004	72	72	0.000185347242157788	0.000244101738107702
ko.K00219	Week_and_consortia	NS1_w9w10	0.55171220697396	0.139748080030125	72	72	0.000185420316762624	0.000244134334189413
ko.K01588	Week_and_consortia	NS1_w9w10	-0.0727110635915875	0.0184914619489068	72	72	0.000195652453988151	0.000257483124728756
ko.K07451	Week_and_consortia	NS1_w9w10	0.255928774355235	0.0650865468049438	72	72	0.000195660672176107	0.000257483124728756
ko.K01924	Week_and_consortia	NS1_w9w10	0.144339871926585	0.036739895386611	72	72	0.000197960935181029	0.000260442355347541
ko.K00626	Week_and_consortia	NS1_w9w10	-0.279185711679831	0.0711130825767254	72	72	0.000199825269993641	0.000262826676388407
ko.K01426	Week_and_consortia	NS1_w9w10	-0.341697880048569	0.0870790046929015	72	72	0.000201149129618856	0.000264499063725784
ko.K15986	Week_and_consortia	NS1_w9w10	-0.319489125852116	0.081607854642513	72	72	0.000207443279079976	0.000272704513638313
ko.K00852	Week_and_consortia	NS1_w9w10	0.151978919539904	0.038842679844894	72	72	0.00020903593944274	0.000274726734147951
ko.K16203	Week_and_consortia	NS1_w9w10	0.325951932861102	0.0834071306392043	72	72	0.000212408533840846	0.000279086583345632
ko.K09015	Week_and_consortia	NS1_w9w10	-0.0692805962471618	0.0177460684496187	72	72	0.000215284706872646	0.000282792079854553
ko.K02483	Week_and_consortia	NS1_w9w10	-0.251656389541713	0.0644686257773722	72	72	0.000215612473678846	0.000283149003645835
ko.K01926	Week_and_consortia	NS1_w9w10	0.139550937108695	0.0358390089721369	72	72	0.000222831828489431	0.000292553637611384
ko.K01950	Week_and_consortia	NS1_w9w10	-0.0654187396161346	0.0168056649032207	72	72	0.000223714766499359	0.000293636529060733
ko.K06894	Week_and_consortia	NS1_w9w10	-0.241244359064412	0.0620610839187536	72	72	0.000227880466685218	0.000299026524076292
ko.K07306	Week_and_consortia	NS1_w9w10	-0.760829642247182	0.195948078526767	72	72	0.000231293380296779	0.000303426163920885
ko.K20037	Week_and_consortia	NS1_w9w10	-0.509292047337118	0.131601175354122	72	72	0.000241550643427627	0.000316800065056171
ko.K03547	Week_and_consortia	NS1_w9w10	0.0550810403869242	0.0142447277177933	72	72	0.000246579138106547	0.00032331113566423
ko.K10710	Week_and_consortia	NS1_w9w10	0.372917343858003	0.096703071051094	72	72	0.000252928497112449	0.000331550276962142
ko.K00867	Week_and_consortia	NS1_w9w10	-0.715135878203294	0.186005126686814	72	72	0.000263000033143368	0.000344663078454032
ko.K01597	Week_and_consortia	NS1_w9w10	-0.714245833278563	0.185836200512007	72	72	0.000264147255052881	0.000346076745987333
ko.K06950	Week_and_consortia	NS1_w9w10	0.144137145462399	0.0375192673161747	72	72	0.000265690239968525	0.000348008061270673
ko.K11201	Week_and_consortia	NS1_w9w10	-0.753971849007803	0.196419305831087	72	72	0.00026847258417475	0.000351561299961336
ko.K03272	Week_and_consortia	NS1_w9w10	0.284815745336402	0.0743153580813031	72	72	0.000273987005461662	0.000358689388855225
ko.K07696	Week_and_consortia	NS1_w9w10	-0.32945024827611	0.0860613084375839	72	72	0.000278100533769789	0.000363980284094553
ko.K08368	Week_and_consortia	NS1_w9w10	-0.74636152908718	0.195194609479209	72	72	0.000282242800222917	0.000369019313334932
ko.K11731	Week_and_consortia	NS1_w9w10	-0.74636152908718	0.195194609479209	72	72	0.000282242800222917	0.000369019313334932
ko.K07311	Week_and_consortia	NS1_w9w10	-0.74636152908718	0.195194609479209	72	72	0.000282242800222917	0.000369019313334932
ko.K08297	Week_and_consortia	NS1_w9w10	-0.74636152908718	0.195194609479209	72	72	0.000282242800222917	0.000369019313334932
ko.K02428	Week_and_consortia	NS1_w9w10	0.0656873781437613	0.0171922605075932	72	72	0.000285024563827052	0.000372559921462941
ko.K02198	Week_and_consortia	NS1_w9w10	0.76004425800683	0.19908117879933	72	72	0.000287896375834458	0.000376216371111143
ko.K19224	Week_and_consortia	NS1_w9w10	-0.381142891212897	0.100271786740533	72	72	0.000304400787635989	0.000397681091062069
ko.K19234	Week_and_consortia	NS1_w9w10	-0.391307612054032	0.103002982129411	72	72	0.000306549091905202	0.000400280695865878
ko.K19236	Week_and_consortia	NS1_w9w10	-0.391307612054032	0.103002982129411	72	72	0.000306549091905202	0.000400280695865878
ko.K01804	Week_and_consortia	NS1_w9w10	0.133866450084519	0.0352398929487832	72	72	0.000306829857039518	0.000400543782367867
ko.K00068	Week_and_consortia	NS1_w9w10	-0.391470860500385	0.103074025737919	72	72	0.00030761033971179	0.00040145890886695
ko.K03297	Week_and_consortia	NS1_w9w10	-0.384157120399965	0.101275506364982	72	72	0.000312548083745068	0.00040779775802688
ko.K13930	Week_and_consortia	NS1_w9w10	0.719015428716301	0.189966468502828	72	72	0.000324185584624339	0.000422872598379075
ko.K00784	Week_and_consortia	NS1_w9w10	0.130517526348024	0.0345378586546148	72	72	0.000327722260259023	0.000427375544354307
ko.K03060	Week_and_consortia	NS1_w9w10	-0.290368220839139	0.0769151163863301	72	72	0.000331886751895525	0.000432694676277728
ko.K06941	Week_and_consortia	NS1_w9w10	0.0386981198941752	0.0102666143624667	72	72	0.00033842257633823	0.000441101871945495
ko.K00941	Week_and_consortia	NS1_w9w10	0.0900208910125982	0.0239842313919538	72	72	0.000356873389124401	0.000465030787169584
ko.K18887	Week_and_consortia	NS1_w9w10	-0.338890810890846	0.0903207899492166	72	72	0.000358364447097712	0.00046685332303704
ko.K03086	Week_and_consortia	NS1_w9w10	-0.0514285641362143	0.0137134431643404	72	72	0.000360570185997904	0.000469605717881261
ko.K07777	Week_and_consortia	NS1_w9w10	-0.375363323380896	0.100160781327077	72	72	0.000363718826489624	0.000473584410161232
ko.K01823	Week_and_consortia	NS1_w9w10	-0.66463620110083	0.177406979845941	72	72	0.000365186889392552	0.000475373399951345
ko.K03790	Week_and_consortia	NS1_w9w10	-0.251867427447336	0.0672392250204101	72	72	0.000365855523106432	0.000476121098076686
ko.K04072	Week_and_consortia	NS1_w9w10	-0.314405715227604	0.0839684973838468	72	72	0.000367692474998712	0.000478388458329512
ko.K03795	Week_and_consortia	NS1_w9w10	-0.374561829604857	0.100142321055941	72	72	0.000372639361960758	0.000484699808606012
ko.K03093	Week_and_consortia	NS1_w9w10	0.36999052927203	0.098985309885344	72	72	0.000375689842023085	0.00048854184862307
ko.K03813	Week_and_consortia	NS1_w9w10	-0.832949377099849	0.222763505093103	72	72	0.000377357744845457	0.000490584489696152
ko.K06972	Week_and_consortia	NS1_w9w10	-0.310219152917477	0.0830545648488106	72	72	0.000379072229868824	0.000492686623436403
ko.K01847	Week_and_consortia	NS1_w9w10	0.0999520590687466	0.0267606678710924	72	72	0.000379183395747925	0.000492704350647767
ko.K04042	Week_and_consortia	NS1_w9w10	-0.31768065203175	0.0850215616424812	72	72	0.000380728756946162	0.000494585158161998
ko.K18530	Week_and_consortia	NS1_w9w10	0.752787666218965	0.2016826365547	72	72	0.000382332868256389	0.00049590388971278
ko.K03755	Week_and_consortia	NS1_w9w10	0.752787666218965	0.2016826365547	72	72	0.000382332868256389	0.00049590388971278
ko.K15828	Week_and_consortia	NS1_w9w10	0.752787666218965	0.2016826365547	72	72	0.000382332868256389	0.00049590388971278
ko.K18862	Week_and_consortia	NS1_w9w10	0.752787666218965	0.2016826365547	72	72	0.000382332868256389	0.00049590388971278
ko.K11922	Week_and_consortia	NS1_w9w10	0.752787666218965	0.2016826365547	72	72	0.000382332868256389	0.00049590388971278
ko.K03291	Week_and_consortia	NS1_w9w10	0.752787666218965	0.2016826365547	72	72	0.000382332868256389	0.00049590388971278
ko.K07814	Week_and_consortia	NS1_w9w10	-0.466148108716232	0.124910384258418	72	72	0.000383188040860306	0.000496885519103252
ko.K11741	Week_and_consortia	NS1_w9w10	-0.329823991655071	0.0884339119726981	72	72	0.000386050332594879	0.000500468637482507
ko.K03778	Week_and_consortia	NS1_w9w10	0.138485883116165	0.0371528351522929	72	72	0.000388797655046554	0.000503900911568802
ko.K11732	Week_and_consortia	NS1_w9w10	-0.697282352155354	0.187089839691379	72	72	0.000389405498750427	0.000504559266398348
ko.K03495	Week_and_consortia	NS1_w9w10	-0.0718173464610232	0.0192936725242023	72	72	0.000395454535805008	0.000512265721765871
ko.K07497	Week_and_consortia	NS1_w9w10	-0.13492795716848	0.0362239483575528	72	72	0.000395623877485762	0.000512353711627292
ko.K03785	Week_and_consortia	NS1_w9w10	-0.31170057619447	0.0837434762185989	72	72	0.000395766189458954	0.000512406660468128
ko.K07164	Week_and_consortia	NS1_w9w10	0.102500472831437	0.0275482692927682	72	72	0.000397506603356233	0.000514528147618675
ko.K19507	Week_and_consortia	NS1_w9w10	-0.686430742423199	0.184421565155277	72	72	0.000399304553927409	0.000516723003699097
ko.K02519	Week_and_consortia	NS1_w9w10	0.0456000561876391	0.0122662584516285	72	72	0.000401780235061428	0.000519793533298421
ko.K13572	Week_and_consortia	NS1_w9w10	1.13947718421536	0.306993426711351	72	72	0.000413052320909714	0.000534239714602119
ko.K02169	Week_and_consortia	NS1_w9w10	-0.0958348519447564	0.0258796165767014	72	72	0.000421338308060624	0.00054481728495579
ko.K05802	Week_and_consortia	NS1_w9w10	-0.377325319571887	0.101979402826321	72	72	0.00042564187823291	0.000549959787425233
ko.K22051	Week_and_consortia	NS1_w9w10	-0.377325319571887	0.101979402826321	72	72	0.00042564187823291	0.000549959787425233
ko.K11744	Week_and_consortia	NS1_w9w10	-0.377325319571887	0.101979402826321	72	72	0.00042564187823291	0.000549959787425233
ko.K00282	Week_and_consortia	NS1_w9w10	0.329061760255163	0.089273873754956	72	72	0.000445743280609867	0.000575784979197404
ko.K09812	Week_and_consortia	NS1_w9w10	0.12952250359879	0.0351752359097393	72	72	0.000451300378262646	0.00058281429217354
ko.K13052	Week_and_consortia	NS1_w9w10	-0.368804299345737	0.100280340557411	72	72	0.000457975220000238	0.000591283110513979
ko.K05796	Week_and_consortia	NS1_w9w10	-0.679767032617704	0.184916799091417	72	72	0.000460480275016198	0.00059436544440006
ko.K00230	Week_and_consortia	NS1_w9w10	-0.659569006805412	0.179481427951215	72	72	0.000462311396153977	0.000596576544922066
ko.K03270	Week_and_consortia	NS1_w9w10	0.157751313691482	0.0430014857566122	72	72	0.000472034458880724	0.000608967846339483
ko.K07223	Week_and_consortia	NS1_w9w10	-0.269016455434423	0.0734325285735703	72	72	0.000479916604376161	0.000618978474676631
ko.K13256	Week_and_consortia	NS1_w9w10	-0.657432727254665	0.179511531872532	72	72	0.000481660384046682	0.000620910502731268
ko.K02858	Week_and_consortia	NS1_w9w10	-0.657432727254665	0.179511531872532	72	72	0.000481660384046682	0.000620910502731268
ko.K17227	Week_and_consortia	NS1_w9w10	0.916810799464234	0.251039374339684	72	64	0.000498130780845886	0.000641324338642563
ko.K17467	Week_and_consortia	NS1_w9w10	0.916810799464234	0.251039374339684	72	64	0.000498130780845886	0.000641324338642563
ko.K20742	Week_and_consortia	NS1_w9w10	0.916810799464234	0.251039374339684	72	64	0.000498130780845886	0.000641324338642563
ko.K16515	Week_and_consortia	NS1_w9w10	0.916810799464234	0.251039374339684	72	64	0.000498130780845886	0.000641324338642563
ko.K10780	Week_and_consortia	NS1_w9w10	0.916810799464234	0.251039374339684	72	64	0.000498130780845886	0.000641324338642563
ko.K03534	Week_and_consortia	NS1_w9w10	-0.277610327871136	0.0760514931217434	72	72	0.000501012101438277	0.00064486958890858
ko.K16363	Week_and_consortia	NS1_w9w10	0.100918847646739	0.027659400624561	72	72	0.000503746907349167	0.000648059428553091
ko.K07405	Week_and_consortia	NS1_w9w10	0.100918847646739	0.027659400624561	72	72	0.000503746907349167	0.000648059428553091
ko.K01599	Week_and_consortia	NS1_w9w10	-0.278471901418058	0.0767434433819916	72	72	0.000537723135591812	0.000691592994147106
ko.K02457	Week_and_consortia	NS1_w9w10	-0.376696346459595	0.104051229310401	72	72	0.000552460549754828	0.00071036668296294
ko.K00161	Week_and_consortia	NS1_w9w10	-0.363046427149066	0.100330897019642	72	72	0.000555713542177311	0.00071436763742488
ko.K12340	Week_and_consortia	NS1_w9w10	0.142321555197943	0.0394843134614009	72	72	0.000581519834895509	0.000747351362475734
ko.K11891	Week_and_consortia	NS1_w9w10	-0.395868751641363	0.109838590724651	72	72	0.000582300047661127	0.000748163743841306
ko.K02806	Week_and_consortia	NS1_w9w10	-0.361924769278864	0.100514111988029	72	72	0.000588676308816855	0.000756163923758646
ko.K01596	Week_and_consortia	NS1_w9w10	-0.329785418677584	0.0916522054109535	72	72	0.000593481870235073	0.000762142960962783
ko.K00158	Week_and_consortia	NS1_w9w10	-0.334992946657442	0.0931707544423852	72	72	0.000598798619771317	0.000768775254659389
ko.K00383	Week_and_consortia	NS1_w9w10	-0.684289560223409	0.190776493219502	72	72	0.000620471163883623	0.000796397439009162
ko.K02453	Week_and_consortia	NS1_w9w10	-0.362143536791017	0.101089967276085	72	72	0.000624687561009538	0.000797151189244805
ko.K09914	Week_and_consortia	NS1_w9w10	-0.362143536791017	0.101089967276085	72	72	0.000624687561009538	0.000797151189244805
ko.K03672	Week_and_consortia	NS1_w9w10	-0.362143536791017	0.101089967276085	72	72	0.000624687561009538	0.000797151189244805
ko.K09954	Week_and_consortia	NS1_w9w10	-0.362143536791017	0.101089967276085	72	72	0.000624687561009538	0.000797151189244805
ko.K14347	Week_and_consortia	NS1_w9w10	-0.362143536791017	0.101089967276085	72	72	0.000624687561009538	0.000797151189244805
ko.K09131	Week_and_consortia	NS1_w9w10	-0.362143536791017	0.101089967276085	72	72	0.000624687561009538	0.000797151189244805
ko.K00835	Week_and_consortia	NS1_w9w10	-0.362143536791017	0.101089967276085	72	72	0.000624687561009538	0.000797151189244805
ko.K06195	Week_and_consortia	NS1_w9w10	-0.362143536791017	0.101089967276085	72	72	0.000624687561009538	0.000797151189244805
ko.K10806	Week_and_consortia	NS1_w9w10	-0.362143536791017	0.101089967276085	72	72	0.000624687561009538	0.000797151189244805
ko.K13503	Week_and_consortia	NS1_w9w10	-0.362143536791017	0.101089967276085	72	72	0.000624687561009538	0.000797151189244805
ko.K06181	Week_and_consortia	NS1_w9w10	-0.362143536791017	0.101089967276085	72	72	0.000624687561009538	0.000797151189244805
ko.K03579	Week_and_consortia	NS1_w9w10	-0.362143536791017	0.101089967276085	72	72	0.000624687561009538	0.000797151189244805
ko.K06077	Week_and_consortia	NS1_w9w10	-0.362143536791017	0.101089967276085	72	72	0.000624687561009538	0.000797151189244805
ko.K11392	Week_and_consortia	NS1_w9w10	-0.362143536791017	0.101089967276085	72	72	0.000624687561009538	0.000797151189244805
ko.K14682	Week_and_consortia	NS1_w9w10	-0.362143536791017	0.101089967276085	72	72	0.000624687561009538	0.000797151189244805
ko.K05939	Week_and_consortia	NS1_w9w10	-0.362143536791017	0.101089967276085	72	72	0.000624687561009538	0.000797151189244805
ko.K08311	Week_and_consortia	NS1_w9w10	-0.362143536791017	0.101089967276085	72	72	0.000624687561009538	0.000797151189244805
ko.K12944	Week_and_consortia	NS1_w9w10	-0.362143536791017	0.101089967276085	72	72	0.000624687561009538	0.000797151189244805
ko.K13894	Week_and_consortia	NS1_w9w10	-0.362143536791017	0.101089967276085	72	72	0.000624687561009538	0.000797151189244805
ko.K13895	Week_and_consortia	NS1_w9w10	-0.362143536791017	0.101089967276085	72	72	0.000624687561009538	0.000797151189244805
ko.K05541	Week_and_consortia	NS1_w9w10	-0.362143536791017	0.101089967276085	72	72	0.000624687561009538	0.000797151189244805
ko.K05788	Week_and_consortia	NS1_w9w10	-0.362143536791017	0.101089967276085	72	72	0.000624687561009538	0.000797151189244805
ko.K08219	Week_and_consortia	NS1_w9w10	-0.362143536791017	0.101089967276085	72	72	0.000624687561009538	0.000797151189244805
ko.K00381	Week_and_consortia	NS1_w9w10	-0.362123054676012	0.10108938849947	72	72	0.000625055261269089	0.000797418984831172
ko.K00773	Week_and_consortia	NS1_w9w10	-0.068896037961064	0.0192530527689896	72	72	0.000632691335480319	0.000806956987338191
ko.K00845	Week_and_consortia	NS1_w9w10	-0.053618068866768	0.0149843563902737	72	72	0.000633054593470502	0.000807216508382881
ko.K18926	Week_and_consortia	NS1_w9w10	-0.585970423714379	0.163778684028671	72	72	0.000633977452786244	0.000808189273650292
ko.K03593	Week_and_consortia	NS1_w9w10	0.0992204763964284	0.0277543370973548	72	72	0.000639867683144181	0.000815492314642887
ko.K19225	Week_and_consortia	NS1_w9w10	0.223374709920089	0.0625428691026941	72	72	0.000646943425788573	0.000824302190941708
ko.K11537	Week_and_consortia	NS1_w9w10	0.130124998562691	0.0364646546909663	72	72	0.000653278292783018	0.00083195410515246
ko.K03289	Week_and_consortia	NS1_w9w10	0.130124998562691	0.0364646546909663	72	72	0.000653278292783018	0.00083195410515246
ko.K01792	Week_and_consortia	NS1_w9w10	-0.357603141295762	0.100777505139625	72	72	0.000696902825801524	0.000887286561479158
ko.K02077	Week_and_consortia	NS1_w9w10	-0.353323862438599	0.0996548481400783	72	72	0.000703576125999276	0.000895557215557657
ko.K20023	Week_and_consortia	NS1_w9w10	1.64237018495128	0.463517748449262	72	65	0.00070857009514392	0.000901686680268787
ko.K02527	Week_and_consortia	NS1_w9w10	0.0980922606724991	0.027761393002355	72	72	0.000731362491276711	0.000927653353233729
ko.K03474	Week_and_consortia	NS1_w9w10	0.0980922606724991	0.027761393002355	72	72	0.000731362491276711	0.000927653353233729
ko.K05807	Week_and_consortia	NS1_w9w10	0.0980922606724991	0.027761393002355	72	72	0.000731362491276711	0.000927653353233729
ko.K08307	Week_and_consortia	NS1_w9w10	0.0980922606724991	0.027761393002355	72	72	0.000731362491276711	0.000927653353233729
ko.K07277	Week_and_consortia	NS1_w9w10	0.0980922606724991	0.027761393002355	72	72	0.000731362491276711	0.000927653353233729
ko.K00748	Week_and_consortia	NS1_w9w10	0.0980922606724991	0.027761393002355	72	72	0.000731362491276711	0.000927653353233729
ko.K03551	Week_and_consortia	NS1_w9w10	0.0509479874572146	0.0144152682813281	72	72	0.000729251279759295	0.000927653353233729
ko.K00912	Week_and_consortia	NS1_w9w10	0.0980922606724991	0.027761393002355	72	72	0.000731362491276711	0.000927653353233729
ko.K02523	Week_and_consortia	NS1_w9w10	0.0980922606724991	0.027761393002355	72	72	0.000731362491276711	0.000927653353233729
ko.K06861	Week_and_consortia	NS1_w9w10	0.0980922606724991	0.027761393002355	72	72	0.000731362491276711	0.000927653353233729
ko.K02065	Week_and_consortia	NS1_w9w10	0.0980922606724991	0.027761393002355	72	72	0.000731362491276711	0.000927653353233729
ko.K02066	Week_and_consortia	NS1_w9w10	0.0980922606724991	0.027761393002355	72	72	0.000731362491276711	0.000927653353233729
ko.K02067	Week_and_consortia	NS1_w9w10	0.0980922606724991	0.027761393002355	72	72	0.000731362491276711	0.000927653353233729
ko.K06976	Week_and_consortia	NS1_w9w10	-0.464943679759759	0.131747173801384	72	72	0.00074161868776584	0.000940426107076562
ko.K03695	Week_and_consortia	NS1_w9w10	-0.0471540276913524	0.0133791398278377	72	72	0.000752662701901058	0.000954191209536799
ko.K05800	Week_and_consortia	NS1_w9w10	-0.281507110355042	0.0799770091720066	72	72	0.000763807289963613	0.000968076876291063
ko.K13893	Week_and_consortia	NS1_w9w10	-0.354039052707628	0.100713058756377	72	72	0.000774941707366435	0.000981942690146785
ko.K00380	Week_and_consortia	NS1_w9w10	-0.354028751233664	0.100712797830554	72	72	0.000775172532023343	0.00098198887456919
ko.K03684	Week_and_consortia	NS1_w9w10	-0.352129146511361	0.100256163704869	72	72	0.000782481134699746	0.000990998920156209
ko.K20373	Week_and_consortia	NS1_w9w10	-0.583269495711185	0.166173465782171	72	72	0.000794000282604364	0.00100533569616974
ko.K02380	Week_and_consortia	NS1_w9w10	-0.66780739567594	0.190480819443078	72	72	0.000798611492281424	0.00100688426728369
ko.K11740	Week_and_consortia	NS1_w9w10	-0.66780739567594	0.190480819443078	72	72	0.000798611492281424	0.00100688426728369
ko.K03774	Week_and_consortia	NS1_w9w10	-0.66780739567594	0.190480819443078	72	72	0.000798611492281424	0.00100688426728369
ko.K07034	Week_and_consortia	NS1_w9w10	-0.66780739567594	0.190480819443078	72	72	0.000798611492281424	0.00100688426728369
ko.K01975	Week_and_consortia	NS1_w9w10	-0.66780739567594	0.190480819443078	72	72	0.000798611492281424	0.00100688426728369
ko.K00697	Week_and_consortia	NS1_w9w10	-0.66780739567594	0.190480819443078	72	72	0.000798611492281424	0.00100688426728369
ko.K02560	Week_and_consortia	NS1_w9w10	-0.66780739567594	0.190480819443078	72	72	0.000798611492281424	0.00100688426728369
ko.K06162	Week_and_consortia	NS1_w9w10	-0.66780739567594	0.190480819443078	72	72	0.000798611492281424	0.00100688426728369
ko.K05780	Week_and_consortia	NS1_w9w10	-0.66780739567594	0.190480819443078	72	72	0.000798611492281424	0.00100688426728369
ko.K05781	Week_and_consortia	NS1_w9w10	-0.66780739567594	0.190480819443078	72	72	0.000798611492281424	0.00100688426728369
ko.K06163	Week_and_consortia	NS1_w9w10	-0.66780739567594	0.190480819443078	72	72	0.000798611492281424	0.00100688426728369
ko.K06164	Week_and_consortia	NS1_w9w10	-0.66780739567594	0.190480819443078	72	72	0.000798611492281424	0.00100688426728369
ko.K06165	Week_and_consortia	NS1_w9w10	-0.66780739567594	0.190480819443078	72	72	0.000798611492281424	0.00100688426728369
ko.K06166	Week_and_consortia	NS1_w9w10	-0.66780739567594	0.190480819443078	72	72	0.000798611492281424	0.00100688426728369
ko.K02568	Week_and_consortia	NS1_w9w10	-0.66780739567594	0.190480819443078	72	72	0.000798611492281424	0.00100688426728369
ko.K02570	Week_and_consortia	NS1_w9w10	-0.66780739567594	0.190480819443078	72	72	0.000798611492281424	0.00100688426728369
ko.K09769	Week_and_consortia	NS1_w9w10	-0.323646157368722	0.0922830873765176	72	72	0.000795564082931709	0.00100688426728369
ko.K00108	Week_and_consortia	NS1_w9w10	-0.666060649633629	0.190057182335535	72	72	0.000802125563463567	0.00101106246173102
ko.K20333	Week_and_consortia	NS1_w9w10	-0.351027196335266	0.100341815108623	72	72	0.000818177178843288	0.00103103794151067
ko.K01051	Week_and_consortia	NS1_w9w10	0.423389906343023	0.121042570991358	72	72	0.000819363713944947	0.0010322756815087
ko.K21562	Week_and_consortia	NS1_w9w10	0.876415033045845	0.250740860919306	72	72	0.000831949587120681	0.001047870684152
ko.K02385	Week_and_consortia	NS1_w9w10	-0.317401222147531	0.090870885254069	72	72	0.000832461149062362	0.001048253670255
ko.K09760	Week_and_consortia	NS1_w9w10	0.0964582049034737	0.0276872578495836	72	72	0.000856735290580288	0.00107855138001785
ko.K03311	Week_and_consortia	NS1_w9w10	0.299919875572218	0.0861255035366802	72	72	0.000866767392422714	0.00109090903500736
ko.K06989	Week_and_consortia	NS1_w9w10	-0.338672487504736	0.0973856618435608	72	72	0.000873799328733475	0.00109948548163425
ko.K11184	Week_and_consortia	NS1_w9w10	0.287484978219049	0.0828807188948684	72	72	0.000899069436030218	0.00113100069492646
ko.K21977	Week_and_consortia	NS1_w9w10	-0.348355804186896	0.100475628938663	72	72	0.000903618536220685	0.00113644033980256
ko.K07138	Week_and_consortia	NS1_w9w10	0.0786073522605114	0.022718104180906	72	72	0.000929984512074226	0.00116930855027352
ko.K00826	Week_and_consortia	NS1_w9w10	-0.0665364965881115	0.0192559955117668	72	72	0.000937740451394978	0.00117876704664032
ko.K02825	Week_and_consortia	NS1_w9w10	-0.347683844596684	0.100891198911664	72	72	0.000965535655889989	0.00121340451083488
ko.K07502	Week_and_consortia	NS1_w9w10	-0.37072142634277	0.10760208546281	72	72	0.000968061299677639	0.00121627597263652
ko.K03709	Week_and_consortia	NS1_w9w10	-0.30986149649841	0.0899434400406301	72	72	0.000968762071936375	0.00121685380095041
ko.K00184	Week_and_consortia	NS1_w9w10	-0.343379151238193	0.099758847457484	72	72	0.000977916435760068	0.00122155549180112
ko.K15719	Week_and_consortia	NS1_w9w10	-0.345550788694989	0.100393454966719	72	72	0.000978308297659709	0.00122155549180112
ko.K09928	Week_and_consortia	NS1_w9w10	-0.345550788694989	0.100393454966719	72	72	0.000978308297669705	0.00122155549180112
ko.K03301	Week_and_consortia	NS1_w9w10	-0.345550788694989	0.100393454966719	72	72	0.000978308297669705	0.00122155549180112
ko.K18554	Week_and_consortia	NS1_w9w10	-0.345550788694989	0.100393454966719	72	72	0.000978308297669705	0.00122155549180112
ko.K10800	Week_and_consortia	NS1_w9w10	-0.345550788694989	0.100393454966719	72	72	0.000978308297669705	0.00122155549180112
ko.K19427	Week_and_consortia	NS1_w9w10	-0.345550788694989	0.100393454966719	72	72	0.000978308297669705	0.00122155549180112
ko.K13582	Week_and_consortia	NS1_w9w10	-0.345550788694989	0.100393454966719	72	72	0.000978308297669705	0.00122155549180112
ko.K00332	Week_and_consortia	NS1_w9w10	-0.345550788694989	0.100393454966719	72	72	0.000978308297669705	0.00122155549180112
ko.K07276	Week_and_consortia	NS1_w9w10	-0.345550788694989	0.100393454966719	72	72	0.000978308297669705	0.00122155549180112
ko.K16554	Week_and_consortia	NS1_w9w10	-0.345550788694989	0.100393454966719	72	72	0.000978308297669705	0.00122155549180112
ko.K20830	Week_and_consortia	NS1_w9w10	-0.345550788694989	0.100393454966719	72	72	0.000978308297669705	0.00122155549180112
ko.K17811	Week_and_consortia	NS1_w9w10	-0.345550788694989	0.100393454966719	72	72	0.000978308297669705	0.00122155549180112
ko.K02584	Week_and_consortia	NS1_w9w10	-0.345550788694989	0.100393454966719	72	72	0.000978308297669705	0.00122155549180112
ko.K00801	Week_and_consortia	NS1_w9w10	-0.345550788694989	0.100393454966719	72	72	0.000978308297669705	0.00122155549180112
ko.K16705	Week_and_consortia	NS1_w9w10	-0.345550788694989	0.100393454966719	72	72	0.000978308297669705	0.00122155549180112
ko.K10277	Week_and_consortia	NS1_w9w10	-0.345550788694989	0.100393454966719	72	72	0.000978308297669705	0.00122155549180112
ko.K07239	Week_and_consortia	NS1_w9w10	-0.345550788694989	0.100393454966719	72	72	0.000978308297669705	0.00122155549180112
ko.K01128	Week_and_consortia	NS1_w9w10	-0.345550788694989	0.100393454966719	72	72	0.000978308297669705	0.00122155549180112
ko.K18095	Week_and_consortia	NS1_w9w10	-0.345550788694989	0.100393454966719	72	72	0.000978308297669705	0.00122155549180112
ko.K18094	Week_and_consortia	NS1_w9w10	-0.345550788694989	0.100393454966719	72	72	0.000978308297669705	0.00122155549180112
ko.K09949	Week_and_consortia	NS1_w9w10	-0.345550788694989	0.100393454966719	72	72	0.000978308297669705	0.00122155549180112
ko.K12204	Week_and_consortia	NS1_w9w10	-0.345550788694989	0.100393454966719	72	72	0.000978308297669705	0.00122155549180112
ko.K07051	Week_and_consortia	NS1_w9w10	-0.345550788694989	0.100393454966719	72	72	0.000978308297669705	0.00122155549180112
ko.K17073	Week_and_consortia	NS1_w9w10	0.266585229820127	0.077519542790652	72	72	0.000987687300660274	0.0012329617600533
ko.K07017	Week_and_consortia	NS1_w9w10	0.212210266119172	0.0620353079516916	72	72	0.0010457900333904	0.00130517076301588
ko.K00598	Week_and_consortia	NS1_w9w10	-0.343864360387905	0.100541163910546	72	72	0.001047973393925	0.00130757263178788
ko.K16784	Week_and_consortia	NS1_w9w10	-0.340981121687679	0.100068341626799	72	72	0.00109047009561858	0.00136026047483089
ko.K00859	Week_and_consortia	NS1_w9w10	0.11430013345362	0.0335900309590915	72	72	0.00110660856641016	0.00138005096951472
ko.K04074	Week_and_consortia	NS1_w9w10	0.260696615288484	0.0766761664209982	72	72	0.00112373290303587	0.0014010608652856
ko.K07271	Week_and_consortia	NS1_w9w10	-0.164018821079083	0.0482947644235274	72	72	0.00112972278999992	0.00140818147917089
ko.K10001	Week_and_consortia	NS1_w9w10	0.697221402562898	0.20535092312547	72	72	0.00113303584001743	0.00141126653445958
ko.K07666	Week_and_consortia	NS1_w9w10	0.697221402562898	0.20535092312547	72	72	0.00113303584001743	0.00141126653445958
ko.K07684	Week_and_consortia	NS1_w9w10	0.697221402562898	0.20535092312547	72	72	0.00113303584001743	0.00141126653445958
ko.K03525	Week_and_consortia	NS1_w9w10	0.0431615034953395	0.0127378693593642	72	72	0.00115750949257595	0.0014413946158476
ko.K03496	Week_and_consortia	NS1_w9w10	0.115049060724124	0.0339577834927716	72	72	0.00115909319005852	0.00144301103897872
ko.K06191	Week_and_consortia	NS1_w9w10	-0.578322165042831	0.170707195204641	72	72	0.00115982108831508	0.00144356150238182
ko.K19784	Week_and_consortia	NS1_w9w10	-0.577592940037229	0.170553302462192	72	72	0.00116424997273427	0.00144871696114618
ko.K03647	Week_and_consortia	NS1_w9w10	-0.577578651641091	0.170557424867171	72	72	0.00116485307750703	0.00144911050173985
ko.K20534	Week_and_consortia	NS1_w9w10	0.201660385988948	0.0595725352297372	72	72	0.00116957533296819	0.00145462692815246
ko.K03550	Week_and_consortia	NS1_w9w10	0.0487449959154184	0.0144025408644127	72	72	0.00117195949918602	0.00145723342108978
ko.K18353	Week_and_consortia	NS1_w9w10	-0.337775893215348	0.0998364925376615	72	72	0.00117629363378477	0.00146226265695883
ko.K13640	Week_and_consortia	NS1_w9w10	-0.334551653177144	0.0990433324091108	72	72	0.0011965256309628	0.00148704735242904
ko.K02517	Week_and_consortia	NS1_w9w10	0.095589164183045	0.0283546670068695	72	72	0.00122155220496709	0.00151777711251691
ko.K19411	Week_and_consortia	NS1_w9w10	-0.275131915504498	0.0817080718041186	72	72	0.00123665498516607	0.00153578686948352
ko.K19405	Week_and_consortia	NS1_w9w10	-0.275131915504498	0.0817080718041186	72	72	0.00123665498516607	0.00153578686948352
ko.K01661	Week_and_consortia	NS1_w9w10	-0.125927994835747	0.0374841800935209	72	72	0.00126689462658832	0.0015729544491335
ko.K02839	Week_and_consortia	NS1_w9w10	0.216722693158467	0.064552111454276	72	72	0.00127546852635116	0.00158321056391304
ko.K16079	Week_and_consortia	NS1_w9w10	-0.335381119292833	0.0999146148689966	72	72	0.0012780577829672	0.00158603486110299
ko.K03928	Week_and_consortia	NS1_w9w10	-0.335169774093312	0.0999348761138887	72	72	0.00128921567537723	0.00159948860314484
ko.K18928	Week_and_consortia	NS1_w9w10	-0.26678378322441	0.0795562722727416	72	72	0.00129115964739328	0.00160072111377444
ko.K18929	Week_and_consortia	NS1_w9w10	-0.26678378322441	0.0795562722727416	72	72	0.00129115964739328	0.00160072111377444
ko.K00782	Week_and_consortia	NS1_w9w10	-0.26678378322441	0.0795562722727416	72	72	0.00129115964739328	0.00160072111377444
ko.K09972	Week_and_consortia	NS1_w9w10	0.480483321746256	0.143467885717837	72	72	0.00130865708083026	0.00162201559675036
ko.K09811	Week_and_consortia	NS1_w9w10	0.116053646121824	0.0347413219490009	72	72	0.00134388284344607	0.0016651269849321
ko.K22430	Week_and_consortia	NS1_w9w10	1.32145097285189	0.395590037247504	72	65	0.00134409893993529	0.0016651269849321
ko.K10805	Week_and_consortia	NS1_w9w10	-0.590936985726609	0.177269169295609	72	72	0.00137314542000594	0.00169653476690388
ko.K05838	Week_and_consortia	NS1_w9w10	-0.590936985726609	0.177269169295609	72	72	0.00137314542000594	0.00169653476690388
ko.K06048	Week_and_consortia	NS1_w9w10	-0.590968026382566	0.177263936609321	72	72	0.00137198252998505	0.00169653476690388
ko.K02438	Week_and_consortia	NS1_w9w10	-0.590936985726609	0.177269169295609	72	72	0.00137314542000594	0.00169653476690388
ko.K16704	Week_and_consortia	NS1_w9w10	-0.590968026382566	0.177263936609321	72	72	0.00137198252998505	0.00169653476690388
ko.K17209	Week_and_consortia	NS1_w9w10	-0.590968026382566	0.177263936609321	72	72	0.00137198252998505	0.00169653476690388
ko.K18567	Week_and_consortia	NS1_w9w10	-0.590936985726609	0.177269169295609	72	72	0.00137314542000594	0.00169653476690388
ko.K01354	Week_and_consortia	NS1_w9w10	-0.590936985726609	0.177269169295609	72	72	0.00137314542000594	0.00169653476690388
ko.K00325	Week_and_consortia	NS1_w9w10	-0.590936985726609	0.177269169295609	72	72	0.00137314542000594	0.00169653476690388
ko.K08296	Week_and_consortia	NS1_w9w10	-0.590936985726609	0.177269169295609	72	72	0.00137314542000594	0.00169653476690388
ko.K05794	Week_and_consortia	NS1_w9w10	-0.590936985726609	0.177269169295609	72	72	0.00137314542000594	0.00169653476690388
ko.K00185	Week_and_consortia	NS1_w9w10	-0.329580841378729	0.0992580590250766	72	72	0.00143000153499522	0.00176634908430216
ko.K02849	Week_and_consortia	NS1_w9w10	-0.333929812217997	0.10072838889564	72	72	0.00145357341591339	0.00179327299076787
ko.K04744	Week_and_consortia	NS1_w9w10	-0.333929812217997	0.10072838889564	72	72	0.00145357341591339	0.00179327299076787
ko.K01894	Week_and_consortia	NS1_w9w10	-0.333929812217997	0.10072838889564	72	72	0.00145357341591339	0.00179327299076787
ko.K03972	Week_and_consortia	NS1_w9w10	-0.333929812217997	0.10072838889564	72	72	0.00145357341591339	0.00179327299076787
ko.K05589	Week_and_consortia	NS1_w9w10	-0.333929812217997	0.10072838889564	72	72	0.00145357341591339	0.00179327299076787
ko.K00127	Week_and_consortia	NS1_w9w10	-0.347812155718443	0.10494499955949	72	72	0.0014576992723001	0.00179792400479983
ko.K01678	Week_and_consortia	NS1_w9w10	0.271633295698389	0.0821973445180659	72	72	0.00150143195424468	0.00185141182153871
ko.K10112	Week_and_consortia	NS1_w9w10	0.126369386695439	0.0382660480243414	72	72	0.00151191654055946	0.00186388539846422
ko.K08315	Week_and_consortia	NS1_w9w10	-0.607750825389694	0.184177517118574	72	72	0.00152397264000495	0.00187828977245792
ko.K02549	Week_and_consortia	NS1_w9w10	-0.333820794944816	0.101188313189277	72	72	0.00152775225207137	0.00188248887255233
ko.K08680	Week_and_consortia	NS1_w9w10	-0.333423205299934	0.101189732223974	72	72	0.00154655570759282	0.00190519371732721
ko.K16926	Week_and_consortia	NS1_w9w10	-0.289973857673288	0.088328034132105	72	72	0.00160518639763008	0.00197693848874382
ko.K06872	Week_and_consortia	NS1_w9w10	0.0714531909210695	0.0219026267036128	72	72	0.00170979041435175	0.00210525497765173
ko.K06193	Week_and_consortia	NS1_w9w10	-0.638765628974227	0.195866029783115	72	72	0.00171541399753484	0.00211166459930459
ko.K03646	Week_and_consortia	NS1_w9w10	-0.201877126889042	0.061871489180659	72	72	0.00171666993493283	0.00211269586145692
ko.K15778	Week_and_consortia	NS1_w9w10	0.569710787720424	0.174713053466971	72	72	0.00172736104032171	0.00212533560051273
ko.K11535	Week_and_consortia	NS1_w9w10	-0.637484001352388	0.195675687835925	72	72	0.00173321092872828	0.00213201402774173
ko.K19701	Week_and_consortia	NS1_w9w10	-0.300706026330217	0.0923097274505364	72	72	0.00173471122437076	0.00213334009384642
ko.K01387	Week_and_consortia	NS1_w9w10	-0.330024830814242	0.101521993117402	72	72	0.00177112708711308	0.00217706424430542
ko.K08084	Week_and_consortia	NS1_w9w10	-0.330024830814242	0.101521993117402	72	72	0.00177112708711308	0.00217706424430542
ko.K03342	Week_and_consortia	NS1_w9w10	-0.330004291686295	0.101521513804667	72	72	0.00177213765919915	0.00217724694899662
ko.K13950	Week_and_consortia	NS1_w9w10	-0.330004291686295	0.101521513804667	72	72	0.00177213765919915	0.00217724694899662
ko.K00963	Week_and_consortia	NS1_w9w10	-0.332329953048302	0.102678234317055	72	72	0.00184919444134236	0.00227136647645553
ko.K08321	Week_and_consortia	NS1_w9w10	-0.269511804424017	0.0833102262547767	72	72	0.00185808651378906	0.00228173385212988
ko.K01809	Week_and_consortia	NS1_w9w10	0.0388340138103567	0.0120300686657592	72	72	0.00189781738592907	0.00232995709203249
ko.K02622	Week_and_consortia	NS1_w9w10	0.0891890296923853	0.0276327911600003	72	72	0.00190028251011795	0.00233241672524681
ko.K11534	Week_and_consortia	NS1_w9w10	-0.345242316288831	0.107130763375742	72	72	0.00192950761892729	0.00236771253116849
ko.K09807	Week_and_consortia	NS1_w9w10	-0.177965222672595	0.0552925087593959	72	72	0.00195313468216102	0.0023961234614564
ko.K00712	Week_and_consortia	NS1_w9w10	-0.325581855755294	0.101226142603407	72	72	0.00196640016854831	0.00241181200570674
ko.K21929	Week_and_consortia	NS1_w9w10	-0.307757105253589	0.0958304621432158	72	72	0.00199585156153566	0.0024473403128345
ko.K19333	Week_and_consortia	NS1_w9w10	-0.186993429035698	0.058261697593362	72	72	0.00200755932824168	0.00246109918133389
ko.K06212	Week_and_consortia	NS1_w9w10	-0.561253459856479	0.175194184264874	72	72	0.00204393781318581	0.00250508826594244
ko.K02030	Week_and_consortia	NS1_w9w10	-0.144826086481537	0.0452632810863406	72	72	0.00206861732967187	0.00253472101612958
ko.K17686	Week_and_consortia	NS1_w9w10	0.0982715842058567	0.03075060273337	72	72	0.00209297989655258	0.00256395112448682
ko.K10711	Week_and_consortia	NS1_w9w10	0.256700255975417	0.0806527186964561	72	72	0.00217650949355132	0.00266563053610212
ko.K00241	Week_and_consortia	NS1_w9w10	0.0866919349934444	0.0273284113081335	72	72	0.00224676113885785	0.00275033614574991
ko.K03644	Week_and_consortia	NS1_w9w10	0.0866919349934444	0.0273284113081335	72	72	0.00224676113885785	0.00275033614574991
ko.K00014	Week_and_consortia	NS1_w9w10	-0.0470067097410431	0.0148389091636209	72	72	0.00227684264102121	0.00278648474380793
ko.K07399	Week_and_consortia	NS1_w9w10	-0.31676384155367	0.100028578578255	72	72	0.00228415323852535	0.00279475470114558
ko.K09007	Week_and_consortia	NS1_w9w10	-0.316743557574716	0.100028147933436	72	72	0.00228545089881066	0.00279566536096645
ko.K02191	Week_and_consortia	NS1_w9w10	-0.288147812909356	0.0912760302285074	72	72	0.00235265192973165	0.00287717200411627
ko.K02291	Week_and_consortia	NS1_w9w10	-0.316189336732048	0.100496195394622	72	72	0.00242852686727238	0.00296924436918201
ko.K01818	Week_and_consortia	NS1_w9w10	0.0674168353849828	0.0214334472042459	72	72	0.00243491459078218	0.00297633402192876
ko.K16211	Week_and_consortia	NS1_w9w10	-0.163474168188171	0.0520392385256507	72	72	0.00246449512435611	0.00301176327243519
ko.K00208	Week_and_consortia	NS1_w9w10	0.0853901035672835	0.0271881409154673	72	72	0.00246930211917407	0.00301690793375269
ko.K00484	Week_and_consortia	NS1_w9w10	-0.316537573475228	0.100846362991512	72	72	0.00248336628144352	0.00303335745982897
ko.K19428	Week_and_consortia	NS1_w9w10	-0.239598319245734	0.076554252418517	72	72	0.002551152837692	0.00311540346531786
ko.K08282	Week_and_consortia	NS1_w9w10	-0.172916640436127	0.0554581687890185	72	72	0.00264253916752005	0.00322622229925357
ko.K00768	Week_and_consortia	NS1_w9w10	0.0782424217268368	0.0251437525418519	72	72	0.00269138271429332	0.00328506051524761
ko.K00757	Week_and_consortia	NS1_w9w10	-0.114683165947991	0.0368973444609381	72	72	0.00272059291770965	0.00331991193726308
ko.K12256	Week_and_consortia	NS1_w9w10	0.337751796978715	0.108718779096653	72	72	0.00273283785849299	0.00333324405145017
ko.K03851	Week_and_consortia	NS1_w9w10	0.337751796978715	0.108718779096653	72	72	0.00273283785849299	0.00333324405145017
ko.K02371	Week_and_consortia	NS1_w9w10	0.134835888386945	0.0435476104711528	72	72	0.00281814678583093	0.00343646574028913
ko.K07793	Week_and_consortia	NS1_w9w10	0.27680930201744	0.0897693267692442	72	72	0.00292623142167762	0.00356740375055872
ko.K00989	Week_and_consortia	NS1_w9w10	-0.288217953502991	0.093526963077902	72	72	0.00294274943713473	0.00358667555039919
ko.K08641	Week_and_consortia	NS1_w9w10	0.119812313765378	0.038902332588842	72	72	0.00295871661819532	0.00360526684879951
ko.K06155	Week_and_consortia	NS1_w9w10	-0.22913366728581	0.0745258659267474	72	72	0.00301916900648704	0.00367804239709972
ko.K05878	Week_and_consortia	NS1_w9w10	-0.201392193223605	0.0658195647477482	72	72	0.00313883943168228	0.00382290665594476
ko.K01624	Week_and_consortia	NS1_w9w10	0.057357958301857	0.018904548207236	72	72	0.00338430985116186	0.0041208805418341
ko.K11720	Week_and_consortia	NS1_w9w10	0.0844053079263457	0.0278340721260776	72	72	0.00340054741447624	0.00413865707972392
ko.K00029	Week_and_consortia	NS1_w9w10	0.0844053079263457	0.0278340721260776	72	72	0.00340054741447624	0.00413865707972392
ko.K01813	Week_and_consortia	NS1_w9w10	-0.149670105672612	0.0493913577524147	72	72	0.00342204635291173	0.00416381940628855
ko.K02663	Week_and_consortia	NS1_w9w10	0.911224570041754	0.301031022134294	72	72	0.00345496463240702	0.00420286090125698
ko.K18918	Week_and_consortia	NS1_w9w10	-0.673824788608193	0.222731536781883	72	63	0.00347250415849319	0.00422318031023293
ko.K03449	Week_and_consortia	NS1_w9w10	-0.30611606163397	0.101215853752165	72	72	0.00348153087811585	0.00423313934927588
ko.K07102	Week_and_consortia	NS1_w9w10	-0.295897713775927	0.0978793358419263	72	72	0.00349478282368668	0.00424822974621393
ko.K00841	Week_and_consortia	NS1_w9w10	-0.684551251657834	0.226788726023005	72	72	0.00355790400411338	0.00432391893884552
ko.K10907	Week_and_consortia	NS1_w9w10	-0.12531188460087	0.0415841863994408	72	72	0.00359434257973773	0.00436715216758899
ko.K00633	Week_and_consortia	NS1_w9w10	-0.173569523894972	0.0579094058647448	72	72	0.00376757650396523	0.00457653197836796
ko.K01607	Week_and_consortia	NS1_w9w10	0.0296396571676697	0.00993550829486992	72	72	0.00392420688903976	0.00476564740467039
ko.K02852	Week_and_consortia	NS1_w9w10	0.202295782916753	0.0679972654233624	72	72	0.00403461022433149	0.00489854622766707
ko.K04096	Week_and_consortia	NS1_w9w10	0.0435229428735966	0.0146396866228107	72	72	0.00404237011208962	0.00490678851664506
ko.K00254	Week_and_consortia	NS1_w9w10	-0.240153702597679	0.0808329968521875	72	72	0.00406526509993059	0.00493339401509712
ko.K00658	Week_and_consortia	NS1_w9w10	-0.185498492939888	0.0625575454992939	72	72	0.00413314287273229	0.00501456239026021
ko.K02552	Week_and_consortia	NS1_w9w10	-0.11215123186596	0.0378743726356903	72	72	0.00418236250829935	0.00507306011811004
ko.K06001	Week_and_consortia	NS1_w9w10	0.0426533060852561	0.0144069658782526	72	72	0.00418880873534458	0.00507965956096035
ko.K17076	Week_and_consortia	NS1_w9w10	0.228315997815213	0.0771909038172161	72	72	0.00422263476376412	0.00511945064231733
ko.K07009	Week_and_consortia	NS1_w9w10	-0.52494399082325	0.177831183645135	72	72	0.00431227897472473	0.00522687940986308
ko.K05367	Week_and_consortia	NS1_w9w10	-0.195519373254673	0.0663379262535753	72	72	0.00436905896016958	0.00529443172625971
ko.K07075	Week_and_consortia	NS1_w9w10	-0.235153443031361	0.0798709208333465	72	72	0.00439148724350458	0.00532033418565591
ko.K11175	Week_and_consortia	NS1_w9w10	-0.0512020245306015	0.0173990575072792	72	72	0.00440870958420607	0.00533991868122969
ko.K03616	Week_and_consortia	NS1_w9w10	0.111368297343755	0.037927781410064	72	72	0.0044913815672304	0.00543874872426845
ko.K03040	Week_and_consortia	NS1_w9w10	-0.0620673929273931	0.0211529382270521	72	72	0.00451853731275691	0.0054703212326978
ko.K00240	Week_and_consortia	NS1_w9w10	0.0795949523930001	0.0271559578464541	72	72	0.0045599941041907	0.00551918788077897
ko.K04567	Week_and_consortia	NS1_w9w10	0.0646874703472892	0.0221073750994182	72	72	0.00462532000378444	0.00559691416984886
ko.K03424	Week_and_consortia	NS1_w9w10	0.0537120858447592	0.0183641060591534	72	72	0.00464144783151798	0.00561508487663525
ko.K12112	Week_and_consortia	NS1_w9w10	-0.545775155742847	0.186684639379473	72	72	0.00465908030249842	0.00563371797228866
ko.K06916	Week_and_consortia	NS1_w9w10	-0.545775155742847	0.186684639379473	72	72	0.00465908030249842	0.00563371797228866
ko.K02019	Week_and_consortia	NS1_w9w10	-0.244819728430436	0.0837582385651877	72	72	0.00466681970192086	0.00564172604309743
ko.K01952	Week_and_consortia	NS1_w9w10	-0.100703719319879	0.0345133387328745	72	72	0.0047354546858096	0.00572332944323209
ko.K01284	Week_and_consortia	NS1_w9w10	0.185411125117937	0.0640584276290925	72	72	0.00506184658879524	0.00611634751652561
ko.K00563	Week_and_consortia	NS1_w9w10	-0.242021268780304	0.0836885433922319	72	72	0.00509758125105665	0.00615805367774706
ko.K08281	Week_and_consortia	NS1_w9w10	0.523632399503799	0.181292933196325	72	72	0.00514999844590761	0.00621988815412988
ko.K15738	Week_and_consortia	NS1_w9w10	-0.127324717103937	0.0440942477565616	72	72	0.00516116347023741	0.00623188285173025
ko.K01425	Week_and_consortia	NS1_w9w10	0.100709568525022	0.0348934373947948	72	72	0.00518102298869886	0.0062543675361784
ko.K07668	Week_and_consortia	NS1_w9w10	-0.218518435226502	0.0758403859023123	72	72	0.00525359180051792	0.00634045527382143
ko.K07080	Week_and_consortia	NS1_w9w10	-0.331525936637957	0.115275904880867	72	72	0.00533387503445193	0.00643581004873445
ko.K00879	Week_and_consortia	NS1_w9w10	-0.0693621879956342	0.0241222967102575	72	72	0.00534135533603625	0.00644329683802654
ko.K06334	Week_and_consortia	NS1_w9w10	0.249743695887146	0.0870557307235981	72	72	0.00544281737441156	0.00656412350812299
ko.K01945	Week_and_consortia	NS1_w9w10	-0.0499582612632122	0.0174169866908225	72	72	0.00544920333508902	0.00657025662264194
ko.K07011	Week_and_consortia	NS1_w9w10	0.129747520385688	0.0452418285561322	72	72	0.00545686712239395	0.00657792715398097
ko.K03758	Week_and_consortia	NS1_w9w10	0.282937316537196	0.098767407104279	72	72	0.00550611136401889	0.00663570482133192
ko.K18940	Week_and_consortia	NS1_w9w10	-0.631858322959063	0.22048202433986	72	72	0.00550908784219758	0.00663770850913002
ko.K16951	Week_and_consortia	NS1_w9w10	-0.211142267605899	0.0737354977177617	72	72	0.00552437480617463	0.00665454018140063
ko.K03590	Week_and_consortia	NS1_w9w10	0.07791118539648	0.0272270685762552	72	72	0.00555522580780161	0.00669010745673748
ko.K00627	Week_and_consortia	NS1_w9w10	-0.227485260305146	0.0795847150344164	72	72	0.00560444796561941	0.00674777672123671
ko.K16248	Week_and_consortia	NS1_w9w10	-0.274102246754398	0.096339780021926	72	72	0.00581716001741513	0.0069882761409888
ko.K15327	Week_and_consortia	NS1_w9w10	-0.628169705661969	0.220748502519686	72	72	0.00583047979696512	0.0069882761409888
ko.K15329	Week_and_consortia	NS1_w9w10	-0.628169705661969	0.220748502519686	72	72	0.00583047979696512	0.0069882761409888
ko.K08987	Week_and_consortia	NS1_w9w10	-0.628169705661969	0.220748502519686	72	72	0.00583047979696512	0.0069882761409888
ko.K22212	Week_and_consortia	NS1_w9w10	-0.628169705661969	0.220748502519686	72	72	0.00583047979696512	0.0069882761409888
ko.K12999	Week_and_consortia	NS1_w9w10	-0.628169705661969	0.220748502519686	72	72	0.00583047979696512	0.0069882761409888
ko.K19973	Week_and_consortia	NS1_w9w10	-0.628169705661969	0.220748502519686	72	72	0.00583047979696512	0.0069882761409888
ko.K14983	Week_and_consortia	NS1_w9w10	-0.628169705661969	0.220748502519686	72	72	0.00583047979696512	0.0069882761409888
ko.K20073	Week_and_consortia	NS1_w9w10	-0.628169705661969	0.220748502519686	72	72	0.00583047979696512	0.0069882761409888
ko.K17869	Week_and_consortia	NS1_w9w10	-0.628169705661969	0.220748502519686	72	72	0.00583047979696512	0.0069882761409888
ko.K13727	Week_and_consortia	NS1_w9w10	-0.628169705661969	0.220748502519686	72	72	0.00583047979696512	0.0069882761409888
ko.K16919	Week_and_consortia	NS1_w9w10	-0.628169705661969	0.220748502519686	72	72	0.00583047979696512	0.0069882761409888
ko.K16921	Week_and_consortia	NS1_w9w10	-0.628169705661969	0.220748502519686	72	72	0.00583047979696512	0.0069882761409888
ko.K20379	Week_and_consortia	NS1_w9w10	-0.628169705661969	0.220748502519686	72	72	0.00583047979696512	0.0069882761409888
ko.K02817	Week_and_consortia	NS1_w9w10	-0.628169705661969	0.220748502519686	72	72	0.00583047979696512	0.0069882761409888
ko.K18149	Week_and_consortia	NS1_w9w10	-0.628169705661969	0.220748502519686	72	72	0.00583047979696512	0.0069882761409888
ko.K18923	Week_and_consortia	NS1_w9w10	-0.628169705661969	0.220748502519686	72	72	0.00583047979696512	0.0069882761409888
ko.K17463	Week_and_consortia	NS1_w9w10	-0.628169705661969	0.220748502519686	72	72	0.00583047979696512	0.0069882761409888
ko.K06216	Week_and_consortia	NS1_w9w10	-0.628169705661969	0.220748502519686	72	72	0.00583047979696512	0.0069882761409888
ko.K00869	Week_and_consortia	NS1_w9w10	-0.626350161529685	0.220655088607058	72	72	0.00594668920590344	0.00710564661027062
ko.K00938	Week_and_consortia	NS1_w9w10	-0.626350161529685	0.220655088607058	72	72	0.00594668920590344	0.00710564661027062
ko.K21466	Week_and_consortia	NS1_w9w10	-0.626350161529685	0.220655088607058	72	72	0.00594668920590344	0.00710564661027062
ko.K12553	Week_and_consortia	NS1_w9w10	-0.626350161529685	0.220655088607058	72	72	0.00594668920590344	0.00710564661027062
ko.K00687	Week_and_consortia	NS1_w9w10	-0.626350161529685	0.220655088607058	72	72	0.00594668920590344	0.00710564661027062
ko.K01641	Week_and_consortia	NS1_w9w10	-0.626350161529685	0.220655088607058	72	72	0.00594668920590344	0.00710564661027062
ko.K01575	Week_and_consortia	NS1_w9w10	-0.626350161529685	0.220655088607058	72	72	0.00594668920590344	0.00710564661027062
ko.K05362	Week_and_consortia	NS1_w9w10	-0.626350161529685	0.220655088607058	72	72	0.00594668920590344	0.00710564661027062
ko.K18935	Week_and_consortia	NS1_w9w10	-0.626350161529685	0.220655088607058	72	72	0.00594668920590344	0.00710564661027062
ko.K15975	Week_and_consortia	NS1_w9w10	-0.626350161529685	0.220655088607058	72	72	0.00594668920590344	0.00710564661027062
ko.K06607	Week_and_consortia	NS1_w9w10	-0.626350161529685	0.220655088607058	72	72	0.00594668920590344	0.00710564661027062
ko.K06977	Week_and_consortia	NS1_w9w10	-0.626350161529685	0.220655088607058	72	72	0.00594668920590344	0.00710564661027062
ko.K05339	Week_and_consortia	NS1_w9w10	-0.626350161529685	0.220655088607058	72	72	0.00594668920590344	0.00710564661027062
ko.K00806	Week_and_consortia	NS1_w9w10	0.0339757383262517	0.0120087705485678	72	72	0.00608268241016582	0.00726642504993089
ko.K02500	Week_and_consortia	NS1_w9w10	0.0391970756705318	0.0138680459155625	72	72	0.00613074252115943	0.00732210667066133
ko.K11929	Week_and_consortia	NS1_w9w10	-0.56914042866841	0.2016826365547	72	72	0.00620785163971205	0.00741244776266255
ko.K05995	Week_and_consortia	NS1_w9w10	-0.205325872192513	0.0729176094584927	72	72	0.00633655483101599	0.00756433719430359
ko.K04565	Week_and_consortia	NS1_w9w10	-0.231694767350879	0.0827192213201754	72	72	0.00658180531975482	0.00785525170692213
ko.K01870	Week_and_consortia	NS1_w9w10	-0.0390333973815455	0.0139448217055467	72	72	0.00661568700784876	0.00788637346947899
ko.K03070	Week_and_consortia	NS1_w9w10	-0.0390333973815455	0.0139448217055467	72	72	0.00661568700784876	0.00788637346947899
ko.K03470	Week_and_consortia	NS1_w9w10	-0.0390333973815455	0.0139448217055467	72	72	0.00661568700784876	0.00788637346947899
ko.K01939	Week_and_consortia	NS1_w9w10	-0.0390333973815455	0.0139448217055467	72	72	0.00661568700784876	0.00788637346947899
ko.K03665	Week_and_consortia	NS1_w9w10	-0.0390333973815455	0.0139448217055467	72	72	0.00661568700784876	0.00788637346947899
ko.K09773	Week_and_consortia	NS1_w9w10	-0.446197618603354	0.159616451340943	72	72	0.00670628448961019	0.00799248625654887
ko.K00868	Week_and_consortia	NS1_w9w10	0.0929238074383307	0.0332911880417578	72	72	0.00676224677514838	0.00805728082737019
ko.K09955	Week_and_consortia	NS1_w9w10	0.137824657786654	0.0498408650547182	72	72	0.00726561959435641	0.00865501301360259
ko.K03628	Week_and_consortia	NS1_w9w10	-0.0973325520276726	0.0352496011061297	72	72	0.00734733113844974	0.00875028687209998
ko.K03810	Week_and_consortia	NS1_w9w10	-0.257840450089966	0.0937040880621622	72	72	0.00754395293134646	0.00898233566089142
ko.K00134	Week_and_consortia	NS1_w9w10	-0.0457952034654795	0.0166463478830386	72	72	0.007555985656525	0.0089945427749209
ko.K02501	Week_and_consortia	NS1_w9w10	0.0381408334023998	0.0138939620662542	72	72	0.007680087099916	0.00914011779240886
ko.K01582	Week_and_consortia	NS1_w9w10	0.323753893512983	0.118146651098652	72	72	0.00778332985521671	0.00926080603592907
ko.K01869	Week_and_consortia	NS1_w9w10	-0.0379885980549996	0.0139199343695478	72	72	0.00802565101740105	0.00954687754648224
ko.K14205	Week_and_consortia	NS1_w9w10	-0.598143781320172	0.219387485253182	72	72	0.00810916667053413	0.00964395245281036
ko.K00294	Week_and_consortia	NS1_w9w10	-0.241338435444805	0.0888606862669703	72	72	0.00831937462022669	0.00989161698785249
ko.K00333	Week_and_consortia	NS1_w9w10	0.0705148074988695	0.0259660543033085	72	72	0.00832540165323157	0.00989645391814727
ko.K02002	Week_and_consortia	NS1_w9w10	-0.216465296421862	0.0797773508161385	72	72	0.00837744351166149	0.00995597379932107
ko.K01487	Week_and_consortia	NS1_w9w10	-0.18426072121226	0.0680222591243081	72	72	0.00848164818424521	0.0100774427626545
ko.K05985	Week_and_consortia	NS1_w9w10	0.21784743308452	0.0805407212394089	72	72	0.00860092058209395	0.0102167530638934
ko.K03478	Week_and_consortia	NS1_w9w10	-0.321803631183117	0.119392502283926	72	72	0.00879838705263355	0.0104488602232968
ko.K01997	Week_and_consortia	NS1_w9w10	-0.233194707278779	0.0865934357132249	72	72	0.00885486639152505	0.0105134629870704
ko.K00942	Week_and_consortia	NS1_w9w10	-0.0235046129160126	0.00874130621170482	72	72	0.00895312777282697	0.0106276319333463
ko.K07035	Week_and_consortia	NS1_w9w10	0.225038028354135	0.0837282705976328	72	72	0.00898215166754821	0.0106595795688169
ko.K12297	Week_and_consortia	NS1_w9w10	-0.476847400986396	0.178246253639879	72	72	0.00929109582196428	0.0110236298949186
ko.K01676	Week_and_consortia	NS1_w9w10	0.0730955727909523	0.027396107523852	72	72	0.00947125179258576	0.0112347415017946
ko.K01867	Week_and_consortia	NS1_w9w10	-0.0370501567324045	0.0139289034179013	72	72	0.00968155596624649	0.0114815072163092
ko.K11749	Week_and_consortia	NS1_w9w10	-0.0905546830288945	0.0341061768990269	72	72	0.00980909961659974	0.0116300331525609
ko.K01628	Week_and_consortia	NS1_w9w10	0.21595193941127	0.0815368871872209	72	72	0.00998354513999706	0.0118340849477394
ko.K06890	Week_and_consortia	NS1_w9w10	-0.228676130793455	0.0863867088548496	72	72	0.0100210284018834	0.0118757296472707
ko.K16960	Week_and_consortia	NS1_w9w10	0.296014807571919	0.112234554973565	72	72	0.0102836970361251	0.0121841551187861
ko.K07794	Week_and_consortia	NS1_w9w10	0.827432396575234	0.314397463719035	72	65	0.0104406229975359	0.0123671810981363
ko.K17992	Week_and_consortia	NS1_w9w10	0.199084754752387	0.0761179110043525	72	72	0.0109053289616034	0.0129146089812518
ko.K06199	Week_and_consortia	NS1_w9w10	0.0847356887082286	0.0324007878548421	72	72	0.0109123855675144	0.012919937165944
ko.K00324	Week_and_consortia	NS1_w9w10	-0.430206412981386	0.164543242797058	72	72	0.0109323349198801	0.012940523902351
ko.K05916	Week_and_consortia	NS1_w9w10	0.520992208314685	0.199644200407734	72	72	0.0110771034446565	0.0131088139148289
ko.K03074	Week_and_consortia	NS1_w9w10	0.520497974592135	0.199677724135428	72	72	0.0111631912257736	0.0132075976750839
ko.K06411	Week_and_consortia	NS1_w9w10	-0.207158927575433	0.0796118324612635	72	72	0.0112996970565397	0.0133659727299552
ko.K02315	Week_and_consortia	NS1_w9w10	0.170190307740667	0.0655537252509811	72	72	0.0114783569472489	0.0135741243673927
ko.K01995	Week_and_consortia	NS1_w9w10	0.214106753684237	0.0825455636159141	72	72	0.0115514031954785	0.013657310775464
ko.K04068	Week_and_consortia	NS1_w9w10	0.130753051204295	0.0504336698429026	72	72	0.0115889669310842	0.0136985168310336
ko.K03217	Week_and_consortia	NS1_w9w10	-0.0889691916187286	0.0343406784220131	72	72	0.011644096112811	0.0137604616519114
ko.K11904	Week_and_consortia	NS1_w9w10	0.354000775779211	0.136713838108245	72	72	0.0116880933010339	0.013809225293925
ko.K18954	Week_and_consortia	NS1_w9w10	-0.301764367233357	0.116588181918274	72	72	0.0117209956867514	0.0138448609327725
ko.K08348	Week_and_consortia	NS1_w9w10	-0.497673152899735	0.192368058555033	72	72	0.0117583865334299	0.0138792917679644
ko.K10004	Week_and_consortia	NS1_w9w10	-0.497673152899735	0.192368058555033	72	72	0.0117583865334299	0.0138792917679644
ko.K13892	Week_and_consortia	NS1_w9w10	-0.497673152899735	0.192368058555033	72	72	0.0117583865334299	0.0138792917679644
ko.K03455	Week_and_consortia	NS1_w9w10	0.0757228246058381	0.0293618596972465	72	72	0.0120137751096219	0.0141774332758257
ko.K04073	Week_and_consortia	NS1_w9w10	0.242278850051359	0.0941282027315091	72	72	0.0121740911803529	0.0143632668480016
ko.K07098	Week_and_consortia	NS1_w9w10	-0.0782703489159583	0.0304691063263285	72	72	0.0123380728888262	0.0145533374350572
ko.K00426	Week_and_consortia	NS1_w9w10	0.0703508164993484	0.027528218059023	72	72	0.0127752512487632	0.015061976501459
ko.K00425	Week_and_consortia	NS1_w9w10	0.0703508164993484	0.027528218059023	72	72	0.0127752512487632	0.015061976501459
ko.K07305	Week_and_consortia	NS1_w9w10	-0.235886279997844	0.0924403268496468	72	72	0.0129038647841456	0.0152100618034306
ko.K01963	Week_and_consortia	NS1_w9w10	-0.155341565504139	0.0608869440493776	72	72	0.0129193098203256	0.0152247150016993
ko.K01735	Week_and_consortia	NS1_w9w10	-0.0869669273294484	0.0341065239316607	72	72	0.0129684618974086	0.0152790740451744
ko.K19505	Week_and_consortia	NS1_w9w10	-0.440747992882057	0.173527289032967	72	72	0.013342650234112	0.0157162669579701
ko.K04757	Week_and_consortia	NS1_w9w10	0.205156693734659	0.0810304683889545	72	72	0.0135935598094902	0.0160080802232038
ko.K07345	Week_and_consortia	NS1_w9w10	-0.510246739614837	0.2016826365547	72	72	0.013660958360263	0.0160799537828631
ko.K16076	Week_and_consortia	NS1_w9w10	-0.510246739614837	0.2016826365547	72	72	0.013660958360263	0.0160799537828631
ko.K05816	Week_and_consortia	NS1_w9w10	0.329316362544327	0.130572643304341	72	72	0.0139432011969929	0.01640835137368
ko.K03752	Week_and_consortia	NS1_w9w10	0.502413204500208	0.199323301165274	72	72	0.0139976393033257	0.0164685779600376
ko.K00926	Week_and_consortia	NS1_w9w10	-0.183453899480045	0.0729060569273476	72	72	0.0141544998815775	0.0166492510830569
ko.K03753	Week_and_consortia	NS1_w9w10	0.500416901485239	0.199037050792404	72	72	0.0142324545133936	0.0167370484640745
ko.K07025	Week_and_consortia	NS1_w9w10	0.113754668677185	0.0455080624762866	72	72	0.0147783757672383	0.0173749952003928
ko.K09816	Week_and_consortia	NS1_w9w10	0.0899875367102657	0.0360293882262614	72	72	0.014856696935286	0.0174630137080188
ko.K15372	Week_and_consortia	NS1_w9w10	0.265875747277977	0.106555766350163	72	72	0.0149504731675091	0.0175691533943373
ko.K03769	Week_and_consortia	NS1_w9w10	-0.255640105637863	0.102494032853864	72	72	0.0149885238782048	0.0176097727052769
ko.K01206	Week_and_consortia	NS1_w9w10	-0.0500824531850614	0.0203910215741576	72	72	0.0165296038164251	0.0194158471240595
ko.K02055	Week_and_consortia	NS1_w9w10	-0.195994524379893	0.0807489346900247	72	72	0.0177918445331347	0.0208839216034844
ko.K02054	Week_and_consortia	NS1_w9w10	-0.195994524379893	0.0807489346900247	72	72	0.0177918445331347	0.0208839216034844
ko.K02053	Week_and_consortia	NS1_w9w10	-0.195994524379893	0.0807489346900247	72	72	0.0177918445331347	0.0208839216034844
ko.K02529	Week_and_consortia	NS1_w9w10	-0.120331567736289	0.0496337676341078	72	72	0.0179195266229438	0.0210289078975871
ko.K03274	Week_and_consortia	NS1_w9w10	0.137643859195869	0.0568322713771949	72	72	0.0180314919775939	0.0211553872435681
ko.K07812	Week_and_consortia	NS1_w9w10	-0.463067335100502	0.191570619489355	72	72	0.0182481084088834	0.0213995923123675
ko.K07811	Week_and_consortia	NS1_w9w10	-0.463067335100502	0.191570619489355	72	72	0.0182481084088834	0.0213995923123675
ko.K01627	Week_and_consortia	NS1_w9w10	0.0700231394086805	0.0289808689983305	72	72	0.0182957144389553	0.0214504407857048
ko.K03816	Week_and_consortia	NS1_w9w10	0.132408725031475	0.0548390088170273	72	72	0.0183738952813887	0.0215371041674189
ko.K01996	Week_and_consortia	NS1_w9w10	-0.209579836473918	0.0869898984892798	72	72	0.0186195056524902	0.0218199356428625
ko.K07032	Week_and_consortia	NS1_w9w10	-0.217754736826713	0.0905022226302035	72	72	0.01876919859632	0.021990257724631
ko.K07467	Week_and_consortia	NS1_w9w10	-0.253742510650409	0.105482622738816	72	72	0.0187944079223834	0.0220146878794067
ko.K08678	Week_and_consortia	NS1_w9w10	-0.0745383011208044	0.030998505621672	72	72	0.0188400272226672	0.0220630082357244
ko.K00428	Week_and_consortia	NS1_w9w10	-0.149190240219488	0.0621162035253021	72	72	0.0189727367127695	0.022213271349458
ko.K03973	Week_and_consortia	NS1_w9w10	0.0962034617005561	0.0403493324870441	72	72	0.019866499087782	0.0232542987468662
ko.K20074	Week_and_consortia	NS1_w9w10	0.0932004061779621	0.0394475282454932	72	72	0.0209289496883787	0.0244922524497775
ko.K03293	Week_and_consortia	NS1_w9w10	-0.427234551833596	0.181184527557317	72	72	0.0211720265329139	0.0247709768513852
ko.K13747	Week_and_consortia	NS1_w9w10	0.0635131695306672	0.027011337293912	72	72	0.021525500911403	0.0251787058588581
ko.K04027	Week_and_consortia	NS1_w9w10	-0.174481953335893	0.0743605472962889	72	72	0.021790186495354	0.0254824125404001
ko.K01885	Week_and_consortia	NS1_w9w10	0.0311302103641861	0.0133164383619567	72	72	0.0222654817629497	0.0260322179741777
ko.K11085	Week_and_consortia	NS1_w9w10	-0.0670406382784039	0.0287211821243552	72	72	0.0224614108814509	0.026255216976652
ko.K02343	Week_and_consortia	NS1_w9w10	-0.0361241064980819	0.0155396445936478	72	72	0.022997423327762	0.0268755453740119
ko.K06178	Week_and_consortia	NS1_w9w10	-0.0811551152651594	0.0349218593411594	72	72	0.02303920704981	0.0269181484772526
ko.K01077	Week_and_consortia	NS1_w9w10	0.058436857217074	0.0251500283402744	72	72	0.0230605518363125	0.0269368573126129
ko.K16710	Week_and_consortia	NS1_w9w10	-0.425228229929766	0.183623187003519	72	72	0.0235059697569094	0.0274507996328956
ko.K03969	Week_and_consortia	NS1_w9w10	-0.485001435361772	0.209814558761177	72	72	0.023749678103405	0.0277289978688241
ko.K07149	Week_and_consortia	NS1_w9w10	0.222931173072763	0.0964880672724225	72	72	0.0238150621382917	0.0277989126438655
ko.K13638	Week_and_consortia	NS1_w9w10	-0.345541717324975	0.150417854915818	72	72	0.0246012421588527	0.0286900912711273
ko.K05851	Week_and_consortia	NS1_w9w10	-0.345541717324975	0.150417854915818	72	72	0.0246012421588527	0.0286900912711273
ko.K10549	Week_and_consortia	NS1_w9w10	-0.345541717324975	0.150417854915818	72	72	0.0246012421588527	0.0286900912711273
ko.K10550	Week_and_consortia	NS1_w9w10	-0.345541717324975	0.150417854915818	72	72	0.0246012421588527	0.0286900912711273
ko.K02824	Week_and_consortia	NS1_w9w10	0.116820256554879	0.0509912503054	72	72	0.0249787665437352	0.0291236391827718
ko.K06877	Week_and_consortia	NS1_w9w10	-0.160407491060107	0.0700948297329022	72	72	0.0251349236218916	0.0292989465015681
ko.K01699	Week_and_consortia	NS1_w9w10	0.15409666910143	0.0674769913030192	72	72	0.0254275924369	0.0296264291953918
ko.K13920	Week_and_consortia	NS1_w9w10	0.15409666910143	0.0674769913030192	72	72	0.0254275924369	0.0296264291953918
ko.K21755	Week_and_consortia	NS1_w9w10	0.203973789118154	0.0899961464854852	72	72	0.0265155212488691	0.0308868834100269
ko.K06156	Week_and_consortia	NS1_w9w10	-0.204874911722474	0.0907474862704901	72	72	0.0270895106052872	0.0315482267353414
ko.K10013	Week_and_consortia	NS1_w9w10	0.452402584203053	0.200745269781568	72	72	0.0273544254157538	0.0318420638710572
ko.K07673	Week_and_consortia	NS1_w9w10	0.452402584203053	0.200745269781568	72	72	0.0273544254157538	0.0318420638710572
ko.K08177	Week_and_consortia	NS1_w9w10	0.138364373688539	0.06153045460852	72	72	0.0276803422497578	0.0322140265021369
ko.K02538	Week_and_consortia	NS1_w9w10	0.240602215920866	0.107406056079247	72	72	0.0282601755792804	0.0328812544971268
ko.K02224	Week_and_consortia	NS1_w9w10	-0.0363026436011847	0.0162474423940659	72	72	0.028654484732253	0.0333323640035327
ko.K07402	Week_and_consortia	NS1_w9w10	-0.15109750672342	0.0677837698270848	72	72	0.0290182687032205	0.0337477655360658
ko.K14445	Week_and_consortia	NS1_w9w10	-0.15995846608698	0.0719730741237104	72	72	0.029483740559028	0.0342812099664464
ko.K03533	Week_and_consortia	NS1_w9w10	-0.40430580995846	0.182007193617224	72	72	0.0295618233565108	0.0343561839422803
ko.K08298	Week_and_consortia	NS1_w9w10	-0.40430580995846	0.182007193617224	72	72	0.0295618233565108	0.0343561839422803
ko.K02621	Week_and_consortia	NS1_w9w10	0.0642733052959688	0.0289443193221276	72	72	0.0296176946328078	0.0344131999275402
ko.K06867	Week_and_consortia	NS1_w9w10	-0.194209592141024	0.0875571321198242	72	72	0.0297951193922662	0.0346113918532373
ko.K03658	Week_and_consortia	NS1_w9w10	-0.192627410394689	0.0869302722916523	72	72	0.0299527848174876	0.0347865445742407
ko.K02200	Week_and_consortia	NS1_w9w10	-0.432888939509376	0.195639119746472	72	72	0.0301823129137702	0.0350450574213668
ko.K02217	Week_and_consortia	NS1_w9w10	0.065710735608928	0.0298460887225035	72	72	0.0309877024726952	0.0359719377049761
ko.K04767	Week_and_consortia	NS1_w9w10	-0.502937593048945	0.22852011593942	72	72	0.0310951610456634	0.0360883881467244
ko.K05311	Week_and_consortia	NS1_w9w10	-0.501887243588645	0.228480304976643	72	72	0.0314082471506818	0.0364015748119395
ko.K17216	Week_and_consortia	NS1_w9w10	-0.501887243588645	0.228480304976643	72	72	0.0314082471506818	0.0364015748119395
ko.K09685	Week_and_consortia	NS1_w9w10	-0.501887243588645	0.228480304976643	72	72	0.0314082471506818	0.0364015748119395
ko.K05822	Week_and_consortia	NS1_w9w10	-0.501887243588645	0.228480304976643	72	72	0.0314082471506818	0.0364015748119395
ko.K02076	Week_and_consortia	NS1_w9w10	-0.501887243588645	0.228480304976643	72	72	0.0314082471506818	0.0364015748119395
ko.K03708	Week_and_consortia	NS1_w9w10	-0.501887243588645	0.228480304976643	72	72	0.0314082471506818	0.0364015748119395
ko.K08602	Week_and_consortia	NS1_w9w10	0.163787259482205	0.0746724664836855	72	72	0.0316014763094266	0.0366171234667943
ko.K00196	Week_and_consortia	NS1_w9w10	-0.192292160040173	0.0880025394341658	72	72	0.0322327267503001	0.0373399989778757
ko.K00612	Week_and_consortia	NS1_w9w10	-0.197823959746708	0.090552322926022	72	72	0.0322662121311047	0.0373702209276344
ko.K01547	Week_and_consortia	NS1_w9w10	-0.101812516265339	0.0466886866674702	72	72	0.0325710007027476	0.0377145761059549
ko.K00337	Week_and_consortia	NS1_w9w10	0.0567555671583924	0.0260768735050028	72	72	0.0328959765786642	0.0380734189405295
ko.K00331	Week_and_consortia	NS1_w9w10	0.0567555671583924	0.0260768735050028	72	72	0.0328959765786642	0.0380734189405295
ko.K03306	Week_and_consortia	NS1_w9w10	-0.0817269867477745	0.0376446647476663	72	72	0.0333230533707489	0.0385588789805367
ko.K00364	Week_and_consortia	NS1_w9w10	-0.367782687339012	0.169648995104487	72	72	0.0336169834731653	0.0388900848423245
ko.K00684	Week_and_consortia	NS1_w9w10	0.101265308193424	0.046781562962756	72	72	0.0338273912618435	0.0391245376957037
ko.K21936	Week_and_consortia	NS1_w9w10	0.535630689249034	0.248519311666788	72	72	0.0346294519174611	0.0400430284016968
ko.K01819	Week_and_consortia	NS1_w9w10	-0.417556182994481	0.194615829008913	72	72	0.0354302094235458	0.0409595922214539
ko.K03750	Week_and_consortia	NS1_w9w10	-0.14829532772364	0.0694984197444451	72	72	0.0363652033680525	0.0420308870774196
ko.K00104	Week_and_consortia	NS1_w9w10	-0.185048849856409	0.0868758775739887	72	72	0.0366853484736311	0.0423912123716342
ko.K01465	Week_and_consortia	NS1_w9w10	-0.0673548337004499	0.0317000155100195	72	72	0.0371394161800206	0.0429060897647985
ko.K01584	Week_and_consortia	NS1_w9w10	-0.405581536492746	0.191623797170442	72	72	0.0378548170222181	0.0437225732958953
ko.K02573	Week_and_consortia	NS1_w9w10	0.337214488574863	0.15954180866766	72	72	0.0381111554062307	0.0440085844828063
ko.K06996	Week_and_consortia	NS1_w9w10	-0.176652066030605	0.0836221422500651	72	72	0.0382120623883018	0.0440847999967345
ko.K16937	Week_and_consortia	NS1_w9w10	-0.176652066030605	0.0836221422500651	72	72	0.0382120623883018	0.0440847999967345
ko.K00844	Week_and_consortia	NS1_w9w10	-0.176652066030605	0.0836221422500651	72	72	0.0382120623883018	0.0440847999967345
ko.K15876	Week_and_consortia	NS1_w9w10	-0.176652066030605	0.0836221422500651	72	72	0.0382120623883018	0.0440847999967345
ko.K10716	Week_and_consortia	NS1_w9w10	-0.118593446539756	0.0561888168769676	72	72	0.0383789734663276	0.0442672543269148
ko.K14982	Week_and_consortia	NS1_w9w10	-0.413697141822209	0.198164443721667	72	72	0.0405236133323869	0.0467302658194975
ko.K00874	Week_and_consortia	NS1_w9w10	0.0900752211710046	0.0432952087896872	72	72	0.0411423143796121	0.0474329010145596
ko.K10824	Week_and_consortia	NS1_w9w10	0.19325098454443	0.0931646096818491	72	72	0.0417311050824526	0.0481007398760097
ko.K07141	Week_and_consortia	NS1_w9w10	-0.161232743595607	0.077926105457309	72	72	0.0422358608423179	0.048671434529058
ko.K05874	Week_and_consortia	NS1_w9w10	-0.417137335223359	0.2016826365547	72	72	0.0423094495786428	0.0487340034818293
ko.K05875	Week_and_consortia	NS1_w9w10	-0.417137335223359	0.2016826365547	72	72	0.0423094495786428	0.0487340034818293
ko.K05306	Week_and_consortia	NS1_w9w10	0.0887315426306242	0.0429190077698196	72	72	0.0423934947664038	0.0488196798632032
ko.K01034	Week_and_consortia	NS1_w9w10	0.163843383262786	0.0792898863450464	72	72	0.0424938522960634	0.0489129509682644
ko.K01035	Week_and_consortia	NS1_w9w10	0.163843383262786	0.0792898863450464	72	72	0.0424938522960634	0.0489129509682644
ko.K08094	Week_and_consortia	NS1_w9w10	-0.252656707508462	0.12247321638757	72	72	0.0428282165489784	0.0492865945342685
ko.K12996	Week_and_consortia	NS1_w9w10	0.270145179688935	0.131474692622831	72	72	0.0436392108150562	0.0502084475148403
ko.K08676	Week_and_consortia	NS1_w9w10	0.154413472574269	0.0752683301492383	72	72	0.0439608453589355	0.05056698332271
ko.K00561	Week_and_consortia	NS1_w9w10	-0.146364697507366	0.0715662727038442	72	72	0.0445994909063206	0.0512899221622426
ko.K02575	Week_and_consortia	NS1_w9w10	-0.41418721216101	0.203103004412866	72	72	0.0451972381506179	0.0519655091344838
ko.K16962	Week_and_consortia	NS1_w9w10	0.199316579489582	0.0978676318177927	72	72	0.045474940272444	0.0522729006271643
ko.K00824	Week_and_consortia	NS1_w9w10	-0.206952341889945	0.101893519141514	72	72	0.0460475508586913	0.0529190689122176
ko.K10254	Week_and_consortia	NS1_w9w10	-0.179244419694213	0.0890490397496808	72	72	0.0479756782727814	0.0551223849520336
ko.K10040	Week_and_consortia	NS1_w9w10	-0.323604651799092	0.161390991560161	72	72	0.04887625901099	0.0561443520972082
ko.K02478	Week_and_consortia	NS1_w9w10	-0.177938034086469	0.0890551049682369	72	72	0.0495957826948538	0.0569579209307573
ko.K05364	Week_and_consortia	NS1_w9w10	-0.179289747755671	0.0900074871998028	72	72	0.0502794452349385	0.0577299448470249
ko.K03471	Week_and_consortia	NS1_w9w10	-0.163182290747771	0.0822363628928477	72	72	0.0511429998491182	0.0587081197995331
ko.K10441	Week_and_consortia	NS1_w9w10	0.165918243505931	0.083644792204242	72	72	0.0512231569070143	0.0587867761686134
ko.K01091	Week_and_consortia	NS1_w9w10	0.049133301919623	0.0248071147209055	72	72	0.0515654795395522	0.0591662054585096
ko.K09778	Week_and_consortia	NS1_w9w10	-0.170039357869504	0.0859987293765047	72	72	0.0519548257144439	0.0595994049748798
ko.K21028	Week_and_consortia	NS1_w9w10	-0.161045391939506	0.0822059182828732	72	72	0.0540911824470242	0.062036016736065
ko.K16845	Week_and_consortia	NS1_w9w10	0.556776087302211	0.284398150067027	72	70	0.0542484417237261	0.062202253197518
ko.K19509	Week_and_consortia	NS1_w9w10	-0.193900573683239	0.0991451932737095	72	72	0.0544898790090076	0.0624649123561394
ko.K01537	Week_and_consortia	NS1_w9w10	0.0235042682044362	0.0120686362750657	72	72	0.0554805680875013	0.0635861683253304
ko.K07862	Week_and_consortia	NS1_w9w10	-0.318357133834918	0.163996766266942	72	72	0.0563127293420709	0.0645252684590933
ko.K04031	Week_and_consortia	NS1_w9w10	0.151018855786163	0.0783216258782147	72	72	0.0578885398926865	0.0663158511423701
ko.K01579	Week_and_consortia	NS1_w9w10	0.0517563961977457	0.0268648230964315	72	72	0.0580964663830924	0.0665389590041675
ko.K00313	Week_and_consortia	NS1_w9w10	-0.362179642055875	0.188139847212755	72	72	0.0582864186742844	0.0667413842118053
ko.K06206	Week_and_consortia	NS1_w9w10	0.133727921872537	0.0699525239782603	72	72	0.0600092350569502	0.0686985396573107
ko.K14155	Week_and_consortia	NS1_w9w10	0.0171828510918269	0.0090040441729342	72	72	0.0604475756049444	0.0691846742084683
ko.K15977	Week_and_consortia	NS1_w9w10	-0.0807409801241744	0.0426302830116155	72	72	0.0623598091635451	0.0713571361028833
ko.K04759	Week_and_consortia	NS1_w9w10	-0.0364254406701705	0.0194038998543391	72	72	0.0646548813975701	0.0739665898597201
ko.K02358	Week_and_consortia	NS1_w9w10	0.0284007108408096	0.0151502086789495	72	72	0.0650192121930273	0.0743665519581557
ko.K22373	Week_and_consortia	NS1_w9w10	0.181531237968347	0.0977980023962404	72	72	0.0676362001754814	0.0773422551576577
ko.K03577	Week_and_consortia	NS1_w9w10	-0.346387957049299	0.188186163767166	72	72	0.0699088523459566	0.0799229513581744
ko.K07507	Week_and_consortia	NS1_w9w10	0.0739027075039085	0.0402169198402342	72	72	0.0703650490477701	0.0804262958799399
ko.K02381	Week_and_consortia	NS1_w9w10	-0.174658360651722	0.0950489183969598	72	72	0.0704308233926411	0.0804832661795121
ko.K11202	Week_and_consortia	NS1_w9w10	-0.185167534050117	0.101402993495445	72	72	0.0721066307085513	0.0823796242287656
ko.K02913	Week_and_consortia	NS1_w9w10	-0.0316449597667796	0.0175186046041287	72	72	0.0751601007426557	0.0858487065231509
ko.K07150	Week_and_consortia	NS1_w9w10	-0.167704926797405	0.0929365979133028	72	72	0.0754530535504137	0.0861638396330674
ko.K19350	Week_and_consortia	NS1_w9w10	-0.158018088737658	0.0877602015403829	72	72	0.076140703348616	0.0869294538569962
ko.K07172	Week_and_consortia	NS1_w9w10	0.289288763846536	0.160719563781256	72	72	0.076175887685344	0.0869348995593485
ko.K02279	Week_and_consortia	NS1_w9w10	-0.172752818767114	0.0959772658446118	72	72	0.076179889221939	0.0869348995593485
ko.K01581	Week_and_consortia	NS1_w9w10	0.352854815691867	0.196213323322686	72	72	0.0764374794298121	0.0872091567478344
ko.K03588	Week_and_consortia	NS1_w9w10	-0.0148203928337405	0.00836479120059011	72	72	0.0807866889483936	0.0921504521488562
ko.K03697	Week_and_consortia	NS1_w9w10	0.173870151468442	0.0984708338300939	72	72	0.0818691153864635	0.0933640566438857
ko.K06211	Week_and_consortia	NS1_w9w10	-0.168023081017202	0.0952736762417546	72	72	0.0822273338176296	0.0937514083607909
ko.K02346	Week_and_consortia	NS1_w9w10	-0.0160982379234103	0.00913092911096778	72	72	0.0822573790844126	0.0937645034148133
ko.K07704	Week_and_consortia	NS1_w9w10	0.166426074875353	0.094427078764091	72	72	0.0823530512944358	0.0938523832933656
ko.K01118	Week_and_consortia	NS1_w9w10	0.180916237028927	0.102738626867229	72	72	0.0826164689271832	0.0941313488994429
ko.K01879	Week_and_consortia	NS1_w9w10	-0.271167872139976	0.154136112105791	72	72	0.0829619630442009	0.0944823799141802
ko.K01878	Week_and_consortia	NS1_w9w10	-0.271167872139976	0.154136112105791	72	72	0.0829619630442009	0.0944823799141802
ko.K01941	Week_and_consortia	NS1_w9w10	0.163783386892729	0.0938022517796448	72	72	0.0851895529427129	0.0969100701343359
ko.K01848	Week_and_consortia	NS1_w9w10	0.163783386892729	0.0938022517796448	72	72	0.0851895529427129	0.0969100701343359
ko.K02496	Week_and_consortia	NS1_w9w10	0.163783386892729	0.0938022517796448	72	72	0.0851895529427129	0.0969100701343359
ko.K01029	Week_and_consortia	NS1_w9w10	0.163783386892729	0.0938022517796448	72	72	0.0851895529427129	0.0969100701343359
ko.K16329	Week_and_consortia	NS1_w9w10	0.163783386892729	0.0938022517796448	72	72	0.0851895529427129	0.0969100701343359
ko.K00805	Week_and_consortia	NS1_w9w10	-0.132660921934429	0.0759944880057176	72	72	0.0852568896443922	0.0969648371191961
ko.K16345	Week_and_consortia	NS1_w9w10	0.112074359621596	0.0645734675379929	72	72	0.0870331108386331	0.0989626999677638
ko.K03498	Week_and_consortia	NS1_w9w10	0.0683660207830765	0.0394439993001739	72	72	0.0874557278133474	0.0994208678922213
ko.K08299	Week_and_consortia	NS1_w9w10	-0.252462784324143	0.146648388862937	72	72	0.0895675709704447	0.101798733080469
ko.K01707	Week_and_consortia	NS1_w9w10	0.108206476748921	0.0628740799172893	72	72	0.089667721139572	0.101889637246315
ko.K03856	Week_and_consortia	NS1_w9w10	-0.122696615218328	0.0713297354404662	72	72	0.0898267191724952	0.102047354454564
ko.K14062	Week_and_consortia	NS1_w9w10	-0.34674800733197	0.2016826365547	72	72	0.0899835924456717	0.102179615427182
ko.K09476	Week_and_consortia	NS1_w9w10	-0.34674800733197	0.2016826365547	72	72	0.0899835924456717	0.102179615427182
ko.K22129	Week_and_consortia	NS1_w9w10	-0.153293917751237	0.0893104644736305	72	72	0.0905084392016625	0.102752502212764
ko.K03743	Week_and_consortia	NS1_w9w10	0.0593843172611556	0.0346209998106054	72	72	0.0907197517129739	0.102969262110524
ko.K22024	Week_and_consortia	NS1_w9w10	-0.155693404498444	0.0907808374357679	72	72	0.0907606248847629	0.102992515030957
ko.K02619	Week_and_consortia	NS1_w9w10	0.0332675934035041	0.0194026751175754	72	72	0.0908453111847672	0.10306546420513
ko.K01715	Week_and_consortia	NS1_w9w10	-0.140974431279042	0.082476596410826	72	72	0.0918319007716918	0.104161374651681
ko.K05366	Week_and_consortia	NS1_w9w10	-0.0190566669624699	0.0111531966637526	72	72	0.0919506866939793	0.104272697907516
ko.K04564	Week_and_consortia	NS1_w9w10	0.0434054482313295	0.0254717336120633	72	72	0.0928048016974661	0.105217652193806
ko.K15580	Week_and_consortia	NS1_w9w10	-0.120098264358001	0.070715931583179	72	72	0.0938886929261031	0.106422633310001
ko.K00981	Week_and_consortia	NS1_w9w10	0.025468577025202	0.0150203262993807	72	72	0.0944041365554784	0.106982884225724
ko.K22103	Week_and_consortia	NS1_w9w10	0.371830293391923	0.220748501721873	72	72	0.096621106928061	0.109421616722834
ko.K04086	Week_and_consortia	NS1_w9w10	0.371830293391923	0.220748501721873	72	72	0.096621106928061	0.109421616722834
ko.K06610	Week_and_consortia	NS1_w9w10	0.371830293391923	0.220748501721873	72	72	0.096621106928061	0.109421616722834
ko.K07107	Week_and_consortia	NS1_w9w10	-0.0399825641212706	0.0238167096449788	72	72	0.0976576927594656	0.110570744917261
ko.K01835	Week_and_consortia	NS1_w9w10	-0.0187408896144234	0.0112335480781383	72	72	0.0997243977271617	0.112885426241905
ko.K18828	Week_and_consortia	NS1_w9w10	0.12064928324441	0.0726798148741772	72	72	0.101449239603314	0.114812177077944
ko.K01580	Week_and_consortia	NS1_w9w10	0.0436345727387797	0.0264528162527864	72	72	0.103521014095125	0.117130607661495
ko.K03738	Week_and_consortia	NS1_w9w10	-0.275691224646018	0.167693588598828	72	72	0.104656804802349	0.118389202387252
ko.K08323	Week_and_consortia	NS1_w9w10	-0.140565461518217	0.0854992826427698	72	72	0.10471211331941	0.118425251061039
ko.K03112	Week_and_consortia	NS1_w9w10	0.152340964301763	0.093048967222753	72	72	0.106074211770778	0.119885216524826
ko.K16091	Week_and_consortia	NS1_w9w10	0.152340964301763	0.093048967222753	72	72	0.106074211770778	0.119885216524826
ko.K08722	Week_and_consortia	NS1_w9w10	0.152340964301763	0.093048967222753	72	72	0.106074211770778	0.119885216524826
ko.K11751	Week_and_consortia	NS1_w9w10	-0.0660737267570504	0.0404693499197765	72	72	0.107025785324279	0.12093363172853
ko.K01219	Week_and_consortia	NS1_w9w10	0.198737030937951	0.123035294648355	72	72	0.110747780532262	0.125111311996643
ko.K07126	Week_and_consortia	NS1_w9w10	-0.119189839528745	0.0738312059115267	72	72	0.110949360254592	0.12531101453302
ko.K03699	Week_and_consortia	NS1_w9w10	-0.0172073300881358	0.0106674723813384	72	72	0.111229913944246	0.125599804480628
ko.K04024	Week_and_consortia	NS1_w9w10	-0.11490630035691	0.0717118934677622	72	72	0.113585432844502	0.128230973571045
ko.K02746	Week_and_consortia	NS1_w9w10	0.180843925815236	0.113322754651272	72	72	0.11503180792909	0.129834828788598
ko.K16328	Week_and_consortia	NS1_w9w10	-0.18758488462037	0.118862988443984	72	72	0.119037443526835	0.134325924658828
ko.K10039	Week_and_consortia	NS1_w9w10	-0.241664921126874	0.153416725452965	72	72	0.119779002841574	0.135132541839132
ko.K07347	Week_and_consortia	NS1_w9w10	-0.317601661672441	0.2016826365547	72	72	0.11982109445826	0.135149848002485
ko.K01197	Week_and_consortia	NS1_w9w10	0.071101486514624	0.0455160633531569	72	72	0.122770028646508	0.138445130518339
ko.K06909	Week_and_consortia	NS1_w9w10	0.179275385467527	0.114954838817627	72	72	0.123381253758183	0.139103346125048
ko.K02914	Week_and_consortia	NS1_w9w10	-0.026847077016527	0.0173020080964397	72	72	0.125249997448765	0.141178711983748
ko.K03641	Week_and_consortia	NS1_w9w10	0.299105202363909	0.193062304317741	72	72	0.125826972397377	0.141797426846208
ko.K09684	Week_and_consortia	NS1_w9w10	0.153293955195408	0.100378149176762	72	72	0.131226248335346	0.147849020202982
ko.K01902	Week_and_consortia	NS1_w9w10	-0.12874730008094	0.0843824739683198	72	72	0.131575770432023	0.148209764152191
ko.K07787	Week_and_consortia	NS1_w9w10	-0.125990069110886	0.0827470998649963	72	72	0.13236582156576	0.149066457991578
ko.K01903	Week_and_consortia	NS1_w9w10	-0.128289562732667	0.0843802141521608	72	72	0.132921151595351	0.149658492948454
ko.K00121	Week_and_consortia	NS1_w9w10	0.149354729000578	0.0984673575753524	72	72	0.133884679701679	0.150709759771142
ko.K03327	Week_and_consortia	NS1_w9w10	-0.0321988109472753	0.0213400599645947	72	72	0.135839363865575	0.152876022777653
ko.K09765	Week_and_consortia	NS1_w9w10	0.0401561965690488	0.0267430986943391	72	72	0.137710109201812	0.154946875654244
ko.K13288	Week_and_consortia	NS1_w9w10	0.244203481166774	0.163235520130534	72	72	0.139143849901255	0.156525212580971
ko.K01274	Week_and_consortia	NS1_w9w10	-0.108835588512417	0.0727976582998422	72	72	0.139398120462814	0.1567763367271
ko.K04079	Week_and_consortia	NS1_w9w10	0.0207076764020415	0.0138812643710797	72	72	0.140252188907842	0.157701771280307
ko.K06966	Week_and_consortia	NS1_w9w10	0.0390078235560238	0.0264990439768806	72	72	0.145490255814361	0.163527088766897
ko.K06387	Week_and_consortia	NS1_w9w10	-0.104724005068797	0.0711431117628909	72	72	0.145497676961046	0.163527088766897
ko.K01706	Week_and_consortia	NS1_w9w10	-0.152499254148409	0.10369985897319	72	72	0.145884884772115	0.163925809134503
ko.K02001	Week_and_consortia	NS1_w9w10	0.0970758832903996	0.0663670070256878	72	72	0.148021531770142	0.166252729769399
ko.K02000	Week_and_consortia	NS1_w9w10	0.0970758832903996	0.0663670070256878	72	72	0.148021531770142	0.166252729769399
ko.K01011	Week_and_consortia	NS1_w9w10	-0.12214681478615	0.0836479069280476	72	72	0.1486953408106	0.166972407596166
ko.K01337	Week_and_consortia	NS1_w9w10	0.132844512810901	0.091181837856036	72	72	0.149610215865053	0.1679624023445
ko.K04088	Week_and_consortia	NS1_w9w10	0.110082708569632	0.0761811018850217	72	72	0.152915999573115	0.171635554286465
ko.K01101	Week_and_consortia	NS1_w9w10	0.113050541395131	0.0786048184557778	72	72	0.15489166487815	0.173814458232877
ko.K06962	Week_and_consortia	NS1_w9w10	-0.269299983176479	0.187566213115837	72	72	0.155587655320964	0.174528646702133
ko.K14086	Week_and_consortia	NS1_w9w10	-0.151542604618853	0.105567559779196	72	72	0.155597194130326	0.174528646702133
ko.K02968	Week_and_consortia	NS1_w9w10	0.0203797856187678	0.0142517386571141	72	72	0.157169454505869	0.176253070846537
ko.K02221	Week_and_consortia	NS1_w9w10	-0.209375877160461	0.146553774203424	72	72	0.15761032221194	0.176708244077834
ko.K03078	Week_and_consortia	NS1_w9w10	-0.281029229541871	0.196852137778737	72	72	0.157848582428012	0.176779214902752
ko.K08194	Week_and_consortia	NS1_w9w10	-0.281029229541871	0.196852137778737	72	72	0.157848582428012	0.176779214902752
ko.K00832	Week_and_consortia	NS1_w9w10	-0.281029229541871	0.196852137778737	72	72	0.157848582428012	0.176779214902752
ko.K01442	Week_and_consortia	NS1_w9w10	0.0550712069654328	0.0385728401589734	72	72	0.15781875027966	0.176779214902752
ko.K07079	Week_and_consortia	NS1_w9w10	0.0609633438921982	0.0426906500517985	72	72	0.157730987840509	0.176779214902752
ko.K03303	Week_and_consortia	NS1_w9w10	0.13120718264745	0.092376589415237	72	72	0.15994440894003	0.179086691924875
ko.K21558	Week_and_consortia	NS1_w9w10	-0.28794484474156	0.203226184191962	72	70	0.160956575889158	0.180180062351435
ko.K10559	Week_and_consortia	NS1_w9w10	0.136561104144927	0.0966544120373489	72	72	0.162122015853337	0.181444489165055
ko.K04029	Week_and_consortia	NS1_w9w10	0.113337859500871	0.0804654666094466	72	72	0.163401106237508	0.182835523524228
ko.K05799	Week_and_consortia	NS1_w9w10	-0.112178062639181	0.0797772963267925	72	72	0.164106148813472	0.183583760807277
ko.K15922	Week_and_consortia	NS1_w9w10	-0.246478213392291	0.175371279660451	72	72	0.164305907874227	0.183766536767898
ko.K02361	Week_and_consortia	NS1_w9w10	0.0923074635016117	0.0659702713536272	72	72	0.166160270965578	0.185799399937606
ko.K02014	Week_and_consortia	NS1_w9w10	0.0472363701415405	0.0338273761841434	72	72	0.167008008746057	0.186706010220199
ko.K09153	Week_and_consortia	NS1_w9w10	0.131370641735816	0.0943586060214082	72	72	0.168254451785578	0.188057851862995
ko.K18139	Week_and_consortia	NS1_w9w10	-0.0396579767609401	0.0286203596492781	72	72	0.170251039608698	0.190247346185168
ko.K03527	Week_and_consortia	NS1_w9w10	0.0126048058867145	0.0091049605892018	72	72	0.170636914504191	0.190636375956474
ko.K06949	Week_and_consortia	NS1_w9w10	-0.0133474972217947	0.00964656171983159	72	72	0.170861179453393	0.190844722219443
ko.K00053	Week_and_consortia	NS1_w9w10	-0.018251522658281	0.0131958351097686	72	72	0.171021640769534	0.190981726164387
ko.K00281	Week_and_consortia	NS1_w9w10	0.0400754628733187	0.0290020245610468	72	72	0.171422365079929	0.191386914559956
ko.K07658	Week_and_consortia	NS1_w9w10	0.0530140998617028	0.0386229841601526	72	72	0.174257093965626	0.194501042960492
ko.K01449	Week_and_consortia	NS1_w9w10	-0.118791299827081	0.0865508426813232	72	72	0.17428864241531	0.194501042960492
ko.K09817	Week_and_consortia	NS1_w9w10	0.0521337394268008	0.0380499711927664	72	72	0.17502211794922	0.195276444319669
ko.K03976	Week_and_consortia	NS1_w9w10	0.0204077039459487	0.0149084285786567	72	72	0.175416606316874	0.195673370526131
ko.K12136	Week_and_consortia	NS1_w9w10	0.24941299939794	0.182394534751009	72	72	0.175863193246685	0.196084937603675
ko.K12143	Week_and_consortia	NS1_w9w10	0.24941299939794	0.182394534751009	72	72	0.175863193246685	0.196084937603675
ko.K15830	Week_and_consortia	NS1_w9w10	0.258445369210311	0.189934960385111	72	72	0.177972235391656	0.198392703706673
ko.K00765	Week_and_consortia	NS1_w9w10	-0.0178409028213729	0.0131470224157377	72	72	0.179131498304844	0.199640928620355
ko.K08314	Week_and_consortia	NS1_w9w10	0.0619985859129936	0.0458770493574165	72	72	0.180916344973899	0.201585658316749
ko.K03367	Week_and_consortia	NS1_w9w10	-0.244328053734087	0.185538724226491	72	72	0.192242608699162	0.214158689999595
ko.K11717	Week_and_consortia	NS1_w9w10	-0.0191904702727934	0.0146604112504443	72	72	0.194815499292083	0.216977050798854
ko.K07091	Week_and_consortia	NS1_w9w10	0.0385329351812498	0.0295276374489616	72	72	0.196173779524958	0.218441687053138
ko.K01046	Week_and_consortia	NS1_w9w10	0.126323059126659	0.0968200018256827	72	72	0.19626114927575	0.218490816690412
ko.K00848	Week_and_consortia	NS1_w9w10	0.0704782981047253	0.0541944785576455	72	72	0.197705217959909	0.220049958390275
ko.K15866	Week_and_consortia	NS1_w9w10	0.253638470912814	0.195194609479209	72	72	0.198065473310463	0.220353836415869
ko.K13888	Week_and_consortia	NS1_w9w10	0.253638470912814	0.195194609479209	72	72	0.198065473310463	0.220353836415869
ko.K11991	Week_and_consortia	NS1_w9w10	0.0111893328981068	0.00862793405961166	72	72	0.19893353020226	0.221270848652976
ko.K09017	Week_and_consortia	NS1_w9w10	0.112797435490224	0.0874027518170347	72	72	0.201107000938135	0.223639130253017
ko.K06133	Week_and_consortia	NS1_w9w10	-0.117160165315603	0.0909129485892175	72	72	0.201742859061547	0.224296858270012
ko.K11754	Week_and_consortia	NS1_w9w10	-0.0117063567137629	0.00908805788162333	72	72	0.20195179467561	0.224479750649325
ko.K01493	Week_and_consortia	NS1_w9w10	0.0176269691759575	0.01370357042353	72	72	0.202574942870364	0.225122879758266
ko.K03739	Week_and_consortia	NS1_w9w10	-0.238816298429722	0.185715789906116	72	72	0.202767688138639	0.225188472296418
ko.K14188	Week_and_consortia	NS1_w9w10	-0.238816298429722	0.185715789906116	72	72	0.202767688138639	0.225188472296418
ko.K03740	Week_and_consortia	NS1_w9w10	-0.238816298429722	0.185715789906116	72	72	0.202767688138639	0.225188472296418
ko.K13069	Week_and_consortia	NS1_w9w10	-0.258231111699053	0.201262714360762	72	72	0.203704701460192	0.226179374016899
ko.K00392	Week_and_consortia	NS1_w9w10	0.393329224811909	0.307034976360249	72	72	0.204460585747188	0.226968771521598
ko.K01772	Week_and_consortia	NS1_w9w10	0.240751315572356	0.187984596895311	72	72	0.204527276852962	0.226992926770906
ko.K00245	Week_and_consortia	NS1_w9w10	0.240127945698086	0.188038810070746	72	72	0.205817552036794	0.22817429732058
ko.K02197	Week_and_consortia	NS1_w9w10	0.240127945698086	0.188038810070746	72	72	0.205817552036794	0.22817429732058
ko.K02195	Week_and_consortia	NS1_w9w10	0.240127945698086	0.188038810070746	72	72	0.205817552036794	0.22817429732058
ko.K02194	Week_and_consortia	NS1_w9w10	0.240127945698086	0.188038810070746	72	72	0.205817552036794	0.22817429732058
ko.K02193	Week_and_consortia	NS1_w9w10	0.240127945698086	0.188038810070746	72	72	0.205817552036794	0.22817429732058
ko.K00366	Week_and_consortia	NS1_w9w10	0.390918123445057	0.306965722185343	72	72	0.207115243768781	0.229562573830601
ko.K03177	Week_and_consortia	NS1_w9w10	0.0166059889556401	0.0130474426930207	72	72	0.207321777375104	0.229741087804129
ko.K09925	Week_and_consortia	NS1_w9w10	-0.122820159474622	0.0966992649797819	72	72	0.208245815059174	0.230714442473453
ko.K03501	Week_and_consortia	NS1_w9w10	0.0428412825558772	0.0337462064899788	72	72	0.208462256248163	0.230903599773234
ko.K02902	Week_and_consortia	NS1_w9w10	-0.0191893180372168	0.0151217084797008	72	72	0.208647515651804	0.230956890682058
ko.K02967	Week_and_consortia	NS1_w9w10	-0.0191893180372168	0.0151217084797008	72	72	0.208647515651804	0.230956890682058
ko.K02357	Week_and_consortia	NS1_w9w10	-0.0191893180372168	0.0151217084797008	72	72	0.208647515651804	0.230956890682058
ko.K01916	Week_and_consortia	NS1_w9w10	-0.203837144485425	0.160644465613012	72	72	0.208748670316784	0.231018243689023
ko.K00432	Week_and_consortia	NS1_w9w10	-0.120955654205062	0.0957873202408756	72	72	0.210927174656526	0.233378030303278
ko.K01921	Week_and_consortia	NS1_w9w10	-0.0280768404575331	0.022298400683313	72	72	0.212161926766373	0.234692807975414
ko.K10014	Week_and_consortia	NS1_w9w10	-0.240674913764046	0.191570619489355	72	72	0.213174890991016	0.235400994379587
ko.K00694	Week_and_consortia	NS1_w9w10	-0.240674913764054	0.191570619489355	72	72	0.213174890991001	0.235400994379587
ko.K10002	Week_and_consortia	NS1_w9w10	-0.240674913764054	0.191570619489355	72	72	0.213174890991001	0.235400994379587
ko.K02533	Week_and_consortia	NS1_w9w10	-0.240674913764054	0.191570619489355	72	72	0.213174890991001	0.235400994379587
ko.K03855	Week_and_consortia	NS1_w9w10	-0.240674913764054	0.191570619489355	72	72	0.213174890991001	0.235400994379587
ko.K06194	Week_and_consortia	NS1_w9w10	-0.240674913764054	0.191570619489355	72	72	0.213174890991001	0.235400994379587
ko.K10037	Week_and_consortia	NS1_w9w10	-0.240674913764054	0.191570619489355	72	72	0.213174890991001	0.235400994379587
ko.K00840	Week_and_consortia	NS1_w9w10	-0.240674913764054	0.191570619489355	72	72	0.213174890991001	0.235400994379587
ko.K06998	Week_and_consortia	NS1_w9w10	-0.118993024713466	0.0948941042960623	72	72	0.214029554852219	0.236293118687371
ko.K07645	Week_and_consortia	NS1_w9w10	0.235867078938372	0.188203977587072	72	72	0.214283884732572	0.236522216663525
ko.K01972	Week_and_consortia	NS1_w9w10	-0.0161739026515333	0.0129310839405429	72	72	0.215180451706309	0.237459948016661
ko.K01928	Week_and_consortia	NS1_w9w10	0.0169811276507211	0.0136691262767503	72	72	0.218272492372259	0.24081953078503
ko.K06201	Week_and_consortia	NS1_w9w10	0.0448924036745491	0.0361988279428003	72	72	0.219056598389984	0.241579117019471
ko.K15898	Week_and_consortia	NS1_w9w10	-0.0792021748049998	0.0638554324408258	72	72	0.219051080933542	0.241579117019471
ko.K07005	Week_and_consortia	NS1_w9w10	0.0288316401641437	0.0233097535790367	72	72	0.220319607149297	0.242918955765659
ko.K05548	Week_and_consortia	NS1_w9w10	-0.247212333781037	0.2016826365547	72	72	0.224400990488257	0.247149292336314
ko.K08137	Week_and_consortia	NS1_w9w10	-0.247212333781037	0.2016826365547	72	72	0.224400990488257	0.247149292336314
ko.K12371	Week_and_consortia	NS1_w9w10	-0.247212333781037	0.2016826365547	72	72	0.224400990488257	0.247149292336314
ko.K03746	Week_and_consortia	NS1_w9w10	-0.247212333781037	0.2016826365547	72	72	0.224400990488257	0.247149292336314
ko.K02455	Week_and_consortia	NS1_w9w10	-0.247212333781037	0.2016826365547	72	72	0.224400990488257	0.247149292336314
ko.K00099	Week_and_consortia	NS1_w9w10	0.0174836353081944	0.0142692113591979	72	72	0.224580346157218	0.247292918218454
ko.K07045	Week_and_consortia	NS1_w9w10	0.0940424586116444	0.0772470487237551	72	72	0.227530923082337	0.250487300808883
ko.K07652	Week_and_consortia	NS1_w9w10	0.0971856588354536	0.0800991010118848	72	72	0.229144727760393	0.252208968332355
ko.K01689	Week_and_consortia	NS1_w9w10	-0.0277969414322535	0.0234146107586973	72	72	0.239176748495442	0.26319340740557
ko.K16089	Week_and_consortia	NS1_w9w10	0.0905008899821405	0.0768440758381929	72	72	0.242896403887545	0.26722836072297
ko.K01919	Week_and_consortia	NS1_w9w10	-0.20829502936329	0.176961774644928	72	72	0.243157514713125	0.267457383916985
ko.K03458	Week_and_consortia	NS1_w9w10	-0.0907158478275191	0.0770818258663832	72	72	0.243230878807396	0.267479843216144
ko.K06407	Week_and_consortia	NS1_w9w10	-0.0994537073069279	0.0846626500490849	72	72	0.244093090101257	0.26831120347945
ko.K06378	Week_and_consortia	NS1_w9w10	-0.0994537073069279	0.0846626500490849	72	72	0.244093090101257	0.26831120347945
ko.K06131	Week_and_consortia	NS1_w9w10	0.00940187751225828	0.0080325286417404	72	72	0.245835183612628	0.270167358627583
ko.K00990	Week_and_consortia	NS1_w9w10	0.205170255645568	0.17581760318886	72	72	0.24719079418547	0.271420972011518
ko.K08300	Week_and_consortia	NS1_w9w10	0.205170255645568	0.17581760318886	72	72	0.24719079418547	0.271420972011518
ko.K00982	Week_and_consortia	NS1_w9w10	0.205170255645568	0.17581760318886	72	72	0.24719079418547	0.271420972011518
ko.K09141	Week_and_consortia	NS1_w9w10	-0.123034333509008	0.105405206696749	72	72	0.247069837794737	0.271420972011518
ko.K01623	Week_and_consortia	NS1_w9w10	-0.122968068652942	0.105411726331496	72	72	0.247351010165003	0.271478884065521
ko.K12997	Week_and_consortia	NS1_w9w10	0.1483764792482	0.127190569411632	72	72	0.247343761083709	0.271478884065521
ko.K18545	Week_and_consortia	NS1_w9w10	-0.0975318421455996	0.0837778246171667	72	72	0.248306637434642	0.272468534387448
ko.K10217	Week_and_consortia	NS1_w9w10	-0.122083802532388	0.105623693829753	72	72	0.2516775772752	0.276107518000936
ko.K14441	Week_and_consortia	NS1_w9w10	0.0163792284354599	0.0142406105814729	72	72	0.253985051269162	0.278578480028617
ko.K01918	Week_and_consortia	NS1_w9w10	0.0300968558289181	0.0264320591675642	72	72	0.258731203768994	0.283661033298818
ko.K00606	Week_and_consortia	NS1_w9w10	0.0300968558289181	0.0264320591675642	72	72	0.258731203768994	0.283661033298818
ko.K01138	Week_and_consortia	NS1_w9w10	-0.0491246716765694	0.0434356709093143	72	72	0.261925480215558	0.287100786732262
ko.K00537	Week_and_consortia	NS1_w9w10	-0.0603863147575112	0.0539027140977622	72	72	0.266422000566157	0.291966148993541
ko.K10439	Week_and_consortia	NS1_w9w10	-0.0801094736002947	0.0721270137440057	72	72	0.270510052556369	0.296381866301188
ko.K02316	Week_and_consortia	NS1_w9w10	-0.0137166148709674	0.0124538605899824	72	72	0.274497746383577	0.300685736064577
ko.K07307	Week_and_consortia	NS1_w9w10	0.186970627169472	0.17068712567118	72	72	0.277096167360852	0.303466255691963
ko.K07657	Week_and_consortia	NS1_w9w10	-0.0313028880028626	0.0287492650593489	72	72	0.279965991797672	0.306486510017541
ko.K02563	Week_and_consortia	NS1_w9w10	0.0156602515157986	0.0143830024451253	72	72	0.27997530556828	0.306486510017541
ko.K03702	Week_and_consortia	NS1_w9w10	-0.0158792154035644	0.0146423229802256	72	72	0.281875806809742	0.308500124783973
ko.K14392	Week_and_consortia	NS1_w9w10	0.201547589220031	0.187118396048603	72	72	0.285128037650325	0.311991952828556
ko.K01486	Week_and_consortia	NS1_w9w10	0.0863352106274735	0.0802889834320048	72	72	0.285930258607704	0.312802006601585
ko.K19265	Week_and_consortia	NS1_w9w10	-0.0157395408303273	0.0146405668022375	72	72	0.286037906907266	0.312852025480733
ko.K10234	Week_and_consortia	NS1_w9w10	-0.149123648028507	0.138785909721574	72	72	0.286294344892122	0.313064725193723
ko.K06990	Week_and_consortia	NS1_w9w10	-0.109098408560082	0.102305300864004	72	72	0.289906992920731	0.316946576116756
ko.K00616	Week_and_consortia	NS1_w9w10	0.0415788509946223	0.039126298827377	72	72	0.291578194432149	0.31870468158183
ko.K13641	Week_and_consortia	NS1_w9w10	0.0743784519273248	0.0700322761881941	72	72	0.291909722177974	0.318998035138032
ko.K20038	Week_and_consortia	NS1_w9w10	-0.0984239533594292	0.0931836255634399	72	72	0.294491906338068	0.321750240229221
ko.K00030	Week_and_consortia	NS1_w9w10	-0.176267032026104	0.168253621274739	72	70	0.29841437330602	0.325965278690165
ko.K13628	Week_and_consortia	NS1_w9w10	0.211663995775674	0.202365498872526	72	72	0.299182965900694	0.32673418584745
ko.K00215	Week_and_consortia	NS1_w9w10	-0.0157669169729414	0.0150999877823715	72	72	0.300000461211141	0.327556155184501
ko.K01886	Week_and_consortia	NS1_w9w10	0.0149115299819239	0.0142857551044057	72	72	0.300167412977087	0.327667625401954
ko.K03601	Week_and_consortia	NS1_w9w10	0.0151538500404688	0.0145547481325974	72	72	0.301383113652945	0.328852589670556
ko.K02601	Week_and_consortia	NS1_w9w10	0.0116085091389095	0.0111481129125828	72	72	0.301320375802567	0.328852589670556
ko.K03559	Week_and_consortia	NS1_w9w10	0.042211095865458	0.040960862834683	72	72	0.306312305698561	0.334158878943885
ko.K01880	Week_and_consortia	NS1_w9w10	0.0144899947473391	0.0142367768929902	72	72	0.31228449310083	0.340600444547796
ko.K00547	Week_and_consortia	NS1_w9w10	0.110979871610967	0.110281171984159	72	72	0.317720202339247	0.346454233157323
ko.K11203	Week_and_consortia	NS1_w9w10	-0.0937482324764137	0.0934546695612214	72	72	0.319247849407274	0.348044914804823
ko.K06917	Week_and_consortia	NS1_w9w10	-0.218165483213115	0.219017824097381	72	72	0.322628454994286	0.351048665653916
ko.K03676	Week_and_consortia	NS1_w9w10	-0.218165483213115	0.219017824097381	72	72	0.322628454994286	0.351048665653916
ko.K06415	Week_and_consortia	NS1_w9w10	-0.218165483213115	0.219017824097381	72	72	0.322628454994286	0.351048665653916
ko.K07300	Week_and_consortia	NS1_w9w10	-0.218165483213115	0.219017824097381	72	72	0.322628454994286	0.351048665653916
ko.K09786	Week_and_consortia	NS1_w9w10	-0.218165483213115	0.219017824097381	72	72	0.322628454994286	0.351048665653916
ko.K07180	Week_and_consortia	NS1_w9w10	-0.218165483213115	0.219017824097381	72	72	0.322628454994286	0.351048665653916
ko.K12962	Week_and_consortia	NS1_w9w10	-0.218165483213115	0.219017824097381	72	72	0.322628454994286	0.351048665653916
ko.K07251	Week_and_consortia	NS1_w9w10	-0.218165483213115	0.219017824097381	72	72	0.322628454994286	0.351048665653916
ko.K05803	Week_and_consortia	NS1_w9w10	-0.218165483213115	0.219017824097381	72	72	0.322628454994286	0.351048665653916
ko.K09771	Week_and_consortia	NS1_w9w10	-0.217157123095646	0.218886672873835	72	72	0.32456660755245	0.353005490065657
ko.K11733	Week_and_consortia	NS1_w9w10	-0.217157123095646	0.218886672873835	72	72	0.32456660755245	0.353005490065657
ko.K11206	Week_and_consortia	NS1_w9w10	-0.177985515215193	0.179852303641017	72	72	0.325768177949427	0.354236081575657
ko.K03148	Week_and_consortia	NS1_w9w10	-0.156729477991457	0.158652355021443	72	72	0.326613908014381	0.355079290572123
ko.K04028	Week_and_consortia	NS1_w9w10	0.0794507530953323	0.0805789261723569	72	72	0.327529436755225	0.355998002256324
ko.K00259	Week_and_consortia	NS1_w9w10	0.0488239022737101	0.0495264528075017	72	72	0.327619346426987	0.356019130597792
ko.K01803	Week_and_consortia	NS1_w9w10	-0.00908637963290438	0.00925935331493332	72	72	0.329815013052717	0.358328052890823
ko.K00124	Week_and_consortia	NS1_w9w10	-0.182807346079133	0.18684953757096	72	72	0.331262274313482	0.3598230509206
ko.K01531	Week_and_consortia	NS1_w9w10	0.0655420823096944	0.0672933771187408	72	72	0.333422638166052	0.362091824594776
ko.K02532	Week_and_consortia	NS1_w9w10	-0.184503870486041	0.190169354322887	72	72	0.335283228227076	0.364034143349063
ko.K07289	Week_and_consortia	NS1_w9w10	-0.0731186675290438	0.075927348486928	72	72	0.338905638177942	0.367888114326378
ko.K16371	Week_and_consortia	NS1_w9w10	-0.10783597303259	0.112175590776544	72	72	0.339703254437974	0.368604154078528
ko.K01299	Week_and_consortia	NS1_w9w10	0.0899652591743409	0.0935872582430636	72	72	0.339711191882349	0.368604154078528
ko.K01186	Week_and_consortia	NS1_w9w10	0.0496551737096363	0.0516661297178606	72	72	0.339821152786659	0.368644291148422
ko.K11924	Week_and_consortia	NS1_w9w10	-0.163027376183123	0.169683743820872	72	72	0.339973906647581	0.36873082361176
ko.K02109	Week_and_consortia	NS1_w9w10	0.0144357598885493	0.0150452641371082	72	72	0.340615118670387	0.369346979936209
ko.K01209	Week_and_consortia	NS1_w9w10	0.0396548090603758	0.0414120802638256	72	72	0.341577157913599	0.370310687077146
ko.K06019	Week_and_consortia	NS1_w9w10	-0.0739244086954535	0.0778212500114448	72	72	0.34541824536473	0.37439454528698
ko.K01546	Week_and_consortia	NS1_w9w10	-0.0319742459932452	0.0338325652721254	72	72	0.347872378561132	0.376973671490957
ko.K02337	Week_and_consortia	NS1_w9w10	0.0171508095805866	0.0181942753656502	72	72	0.349148663433922	0.378275583887664
ko.K02119	Week_and_consortia	NS1_w9w10	0.0745371932478922	0.0791925808350792	72	72	0.349831898505109	0.378934552154333
ko.K16961	Week_and_consortia	NS1_w9w10	-0.094362933914368	0.101321696098838	72	72	0.354888980402906	0.384329931188742
ko.K03687	Week_and_consortia	NS1_w9w10	0.0134471836693251	0.0146038754830391	72	72	0.360319711527898	0.390127557359395
ko.K06408	Week_and_consortia	NS1_w9w10	0.0918895591339886	0.100111775298793	72	72	0.361838919751452	0.391688498518177
ko.K04043	Week_and_consortia	NS1_w9w10	-0.0132841038810774	0.0146012209715263	72	72	0.366053207546539	0.396165553668619
ko.K00020	Week_and_consortia	NS1_w9w10	0.0672124436066497	0.0751788309755237	72	72	0.374367255338588	0.405076756044238
ko.K03324	Week_and_consortia	NS1_w9w10	-0.0380392971063508	0.0426734626657657	72	72	0.375766295323938	0.406503495498188
ko.K22015	Week_and_consortia	NS1_w9w10	-0.157282955529918	0.176816397406921	72	72	0.376766774276285	0.407498553552514
ko.K03317	Week_and_consortia	NS1_w9w10	0.0568844729536951	0.064153316822372	72	72	0.378278999051639	0.409046554625188
ko.K15256	Week_and_consortia	NS1_w9w10	0.0370480761544968	0.0418618956869738	72	72	0.379182740186036	0.409936058938552
ko.K02470	Week_and_consortia	NS1_w9w10	-0.00676114222761639	0.0076563979633284	72	72	0.380220674270048	0.410970228158383
ko.K08972	Week_and_consortia	NS1_w9w10	-0.149045132830524	0.169947601015289	72	72	0.383525424522626	0.414453571056323
ko.K04783	Week_and_consortia	NS1_w9w10	-0.10221520034506	0.116705545782658	72	72	0.38411346208335	0.415000258863363
ko.K16869	Week_and_consortia	NS1_w9w10	0.193311016810751	0.221743048265946	72	72	0.386351612686767	0.417329131343499
ko.K12267	Week_and_consortia	NS1_w9w10	-0.0272309940420279	0.0313621681901717	72	72	0.388210788532545	0.419247734858148
ko.K03046	Week_and_consortia	NS1_w9w10	0.0118702502313471	0.0137080376970311	72	72	0.389484865340711	0.420443918739588
ko.K06925	Week_and_consortia	NS1_w9w10	0.0118702502313471	0.0137080376970311	72	72	0.389484865340711	0.420443918739588
ko.K04784	Week_and_consortia	NS1_w9w10	0.0887986535641701	0.104941577005843	72	72	0.400340054111245	0.431977350143103
ko.K02363	Week_and_consortia	NS1_w9w10	0.0887986535641701	0.104941577005843	72	72	0.400340054111245	0.431977350143103
ko.K10914	Week_and_consortia	NS1_w9w10	-0.0593795376445	0.0702604314071729	72	72	0.40091502972666	0.432320753506742
ko.K02788	Week_and_consortia	NS1_w9w10	0.11702472484969	0.138456004468424	72	72	0.400912947694614	0.432320753506742
ko.K02787	Week_and_consortia	NS1_w9w10	0.11702472484969	0.138456004468424	72	72	0.400912947694614	0.432320753506742
ko.K03759	Week_and_consortia	NS1_w9w10	-0.160387589983343	0.190156708989914	72	72	0.401850124020159	0.433236625384089
ko.K03482	Week_and_consortia	NS1_w9w10	0.167825165497791	0.2016826365547	72	72	0.408168254287756	0.43641608902894
ko.K05876	Week_and_consortia	NS1_w9w10	0.167825165497791	0.2016826365547	72	72	0.408168254287756	0.43641608902894
ko.K14060	Week_and_consortia	NS1_w9w10	0.167825165497799	0.2016826365547	72	72	0.408168254287732	0.43641608902894
ko.K09024	Week_and_consortia	NS1_w9w10	0.167825165497799	0.2016826365547	72	72	0.408168254287732	0.43641608902894
ko.K07480	Week_and_consortia	NS1_w9w10	0.167825165497799	0.2016826365547	72	72	0.408168254287732	0.43641608902894
ko.K20609	Week_and_consortia	NS1_w9w10	0.167825165497799	0.2016826365547	72	72	0.408168254287732	0.43641608902894
ko.K08326	Week_and_consortia	NS1_w9w10	0.167825165497799	0.2016826365547	72	72	0.408168254287732	0.43641608902894
ko.K21906	Week_and_consortia	NS1_w9w10	0.167825165497799	0.2016826365547	72	72	0.408168254287732	0.43641608902894
ko.K21905	Week_and_consortia	NS1_w9w10	0.167825165497799	0.2016826365547	72	72	0.408168254287732	0.43641608902894
ko.K21907	Week_and_consortia	NS1_w9w10	0.167825165497799	0.2016826365547	72	72	0.408168254287732	0.43641608902894
ko.K21963	Week_and_consortia	NS1_w9w10	0.167825165497799	0.2016826365547	72	72	0.408168254287732	0.43641608902894
ko.K11139	Week_and_consortia	NS1_w9w10	0.167825165497799	0.2016826365547	72	72	0.408168254287732	0.43641608902894
ko.K14057	Week_and_consortia	NS1_w9w10	0.167825165497799	0.2016826365547	72	72	0.408168254287732	0.43641608902894
ko.K12678	Week_and_consortia	NS1_w9w10	0.167825165497799	0.2016826365547	72	72	0.408168254287732	0.43641608902894
ko.K07690	Week_and_consortia	NS1_w9w10	0.167825165497799	0.2016826365547	72	72	0.408168254287732	0.43641608902894
ko.K16324	Week_and_consortia	NS1_w9w10	0.167825165497799	0.2016826365547	72	72	0.408168254287732	0.43641608902894
ko.K21085	Week_and_consortia	NS1_w9w10	0.167825165497799	0.2016826365547	72	72	0.408168254287732	0.43641608902894
ko.K14052	Week_and_consortia	NS1_w9w10	0.167825165497799	0.2016826365547	72	72	0.408168254287732	0.43641608902894
ko.K10124	Week_and_consortia	NS1_w9w10	0.167825165497799	0.2016826365547	72	72	0.408168254287732	0.43641608902894
ko.K06884	Week_and_consortia	NS1_w9w10	0.167825165497799	0.2016826365547	72	72	0.408168254287732	0.43641608902894
ko.K15836	Week_and_consortia	NS1_w9w10	0.167825165497799	0.2016826365547	72	72	0.408168254287732	0.43641608902894
ko.K20945	Week_and_consortia	NS1_w9w10	0.167825165497799	0.2016826365547	72	72	0.408168254287732	0.43641608902894
ko.K15974	Week_and_consortia	NS1_w9w10	0.167825165497799	0.2016826365547	72	72	0.408168254287732	0.43641608902894
ko.K07348	Week_and_consortia	NS1_w9w10	0.167825165497799	0.2016826365547	72	72	0.408168254287732	0.43641608902894
ko.K05844	Week_and_consortia	NS1_w9w10	0.167825165497799	0.2016826365547	72	72	0.408168254287732	0.43641608902894
ko.K15827	Week_and_consortia	NS1_w9w10	0.167825165497799	0.2016826365547	72	72	0.408168254287732	0.43641608902894
ko.K04020	Week_and_consortia	NS1_w9w10	0.167825165497799	0.2016826365547	72	72	0.408168254287732	0.43641608902894
ko.K07274	Week_and_consortia	NS1_w9w10	0.167825165497799	0.2016826365547	72	72	0.408168254287732	0.43641608902894
ko.K13520	Week_and_consortia	NS1_w9w10	0.167825165497799	0.2016826365547	72	72	0.408168254287732	0.43641608902894
ko.K15829	Week_and_consortia	NS1_w9w10	0.167825165497799	0.2016826365547	72	72	0.408168254287732	0.43641608902894
ko.K12142	Week_and_consortia	NS1_w9w10	0.167825165497799	0.2016826365547	72	72	0.408168254287732	0.43641608902894
ko.K01355	Week_and_consortia	NS1_w9w10	0.167825165497799	0.2016826365547	72	72	0.408168254287732	0.43641608902894
ko.K16135	Week_and_consortia	NS1_w9w10	0.167825165497799	0.2016826365547	72	72	0.408168254287732	0.43641608902894
ko.K12528	Week_and_consortia	NS1_w9w10	0.167825165497799	0.2016826365547	72	72	0.408168254287732	0.43641608902894
ko.K05245	Week_and_consortia	NS1_w9w10	0.167825165497799	0.2016826365547	72	72	0.408168254287732	0.43641608902894
ko.K12149	Week_and_consortia	NS1_w9w10	0.167825165497799	0.2016826365547	72	72	0.408168254287732	0.43641608902894
ko.K21757	Week_and_consortia	NS1_w9w10	0.167825165497799	0.2016826365547	72	72	0.408168254287732	0.43641608902894
ko.K21742	Week_and_consortia	NS1_w9w10	0.167825165497799	0.2016826365547	72	72	0.408168254287732	0.43641608902894
ko.K12527	Week_and_consortia	NS1_w9w10	0.0620749533486447	0.0743742347125383	72	72	0.406765604847256	0.43641608902894
ko.K01992	Week_and_consortia	NS1_w9w10	-0.0137771258097324	0.0166435192460707	72	72	0.410609933893226	0.438933852312437
ko.K01281	Week_and_consortia	NS1_w9w10	-0.0706508419723404	0.0856095931821522	72	72	0.412023203902272	0.439979121985685
ko.K17898	Week_and_consortia	NS1_w9w10	-0.0706508419723404	0.0856095931821522	72	72	0.412023203902272	0.439979121985685
ko.K17899	Week_and_consortia	NS1_w9w10	-0.0706508419723404	0.0856095931821522	72	72	0.412023203902272	0.439979121985685
ko.K21400	Week_and_consortia	NS1_w9w10	-0.0706508419723404	0.0856095931821522	72	72	0.412023203902272	0.439979121985685
ko.K21399	Week_and_consortia	NS1_w9w10	-0.0706508419723404	0.0856095931821522	72	72	0.412023203902272	0.439979121985685
ko.K02113	Week_and_consortia	NS1_w9w10	0.0122585619174323	0.0149896722695212	72	72	0.416246127985522	0.444394640444391
ko.K05685	Week_and_consortia	NS1_w9w10	0.164387235173139	0.20168076708113	72	72	0.417787517776116	0.44594602573525
ko.K15727	Week_and_consortia	NS1_w9w10	-0.0415039603817963	0.0515201411532087	72	72	0.423209095657972	0.451637590043108
ko.K00899	Week_and_consortia	NS1_w9w10	-0.0599509784226633	0.0748084386838206	72	72	0.42561600120816	0.454110250919456
ko.K03072	Week_and_consortia	NS1_w9w10	-0.0274639440615532	0.0348698696826042	72	72	0.433582290995804	0.460081611619229
ko.K14287	Week_and_consortia	NS1_w9w10	0.15207356121179	0.195639119746472	72	72	0.439591041030487	0.460081611619229
ko.K03805	Week_and_consortia	NS1_w9w10	0.15207356121179	0.195639119746472	72	72	0.439591041030487	0.460081611619229
ko.K19591	Week_and_consortia	NS1_w9w10	0.152696931086067	0.195601445871859	72	72	0.437638388497889	0.460081611619229
ko.K00795	Week_and_consortia	NS1_w9w10	0.15207356121179	0.195639119746472	72	72	0.439591041030487	0.460081611619229
ko.K03089	Week_and_consortia	NS1_w9w10	0.15207356121179	0.195639119746472	72	72	0.439591041030487	0.460081611619229
ko.K04760	Week_and_consortia	NS1_w9w10	0.15207356121179	0.195639119746472	72	72	0.439591041030487	0.460081611619229
ko.K07638	Week_and_consortia	NS1_w9w10	0.15207356121179	0.195639119746472	72	72	0.439591041030487	0.460081611619229
ko.K00681	Week_and_consortia	NS1_w9w10	0.152696931086067	0.195601445871859	72	72	0.437638388497889	0.460081611619229
ko.K10763	Week_and_consortia	NS1_w9w10	0.15207356121179	0.195639119746472	72	72	0.439591041030487	0.460081611619229
ko.K07287	Week_and_consortia	NS1_w9w10	0.15207356121179	0.195639119746472	72	72	0.439591041030487	0.460081611619229
ko.K04082	Week_and_consortia	NS1_w9w10	0.15207356121179	0.195639119746472	72	72	0.439591041030487	0.460081611619229
ko.K03815	Week_and_consortia	NS1_w9w10	0.15207356121179	0.195639119746472	72	72	0.439591041030487	0.460081611619229
ko.K04755	Week_and_consortia	NS1_w9w10	0.15207356121179	0.195639119746472	72	72	0.439591041030487	0.460081611619229
ko.K04044	Week_and_consortia	NS1_w9w10	0.15207356121179	0.195639119746472	72	72	0.439591041030487	0.460081611619229
ko.K05501	Week_and_consortia	NS1_w9w10	0.15207356121179	0.195639119746472	72	72	0.439591041030487	0.460081611619229
ko.K03071	Week_and_consortia	NS1_w9w10	0.15207356121179	0.195639119746472	72	72	0.439591041030487	0.460081611619229
ko.K02841	Week_and_consortia	NS1_w9w10	0.15207356121179	0.195639119746472	72	72	0.439591041030487	0.460081611619229
ko.K07019	Week_and_consortia	NS1_w9w10	0.15207356121179	0.195639119746472	72	72	0.439591041030487	0.460081611619229
ko.K03560	Week_and_consortia	NS1_w9w10	0.15207356121179	0.195639119746472	72	72	0.439591041030487	0.460081611619229
ko.K03562	Week_and_consortia	NS1_w9w10	0.15207356121179	0.195639119746472	72	72	0.439591041030487	0.460081611619229
ko.K01075	Week_and_consortia	NS1_w9w10	0.15207356121179	0.195639119746472	72	72	0.439591041030487	0.460081611619229
ko.K06186	Week_and_consortia	NS1_w9w10	0.15207356121179	0.195639119746472	72	72	0.439591041030487	0.460081611619229
ko.K07662	Week_and_consortia	NS1_w9w10	0.15207356121179	0.195639119746472	72	72	0.439591041030487	0.460081611619229
ko.K07640	Week_and_consortia	NS1_w9w10	0.15207356121179	0.195639119746472	72	72	0.439591041030487	0.460081611619229
ko.K20542	Week_and_consortia	NS1_w9w10	0.15207356121179	0.195639119746472	72	72	0.439591041030487	0.460081611619229
ko.K07708	Week_and_consortia	NS1_w9w10	0.15207356121179	0.195639119746472	72	72	0.439591041030487	0.460081611619229
ko.K07712	Week_and_consortia	NS1_w9w10	0.15207356121179	0.195639119746472	72	72	0.439591041030487	0.460081611619229
ko.K03147	Week_and_consortia	NS1_w9w10	-0.0303913556782364	0.0384980251697348	72	72	0.432528725899034	0.460081611619229
ko.K01150	Week_and_consortia	NS1_w9w10	0.15207356121179	0.195639119746472	72	72	0.439591041030487	0.460081611619229
ko.K06189	Week_and_consortia	NS1_w9w10	0.15207356121179	0.195639119746472	72	72	0.439591041030487	0.460081611619229
ko.K03756	Week_and_consortia	NS1_w9w10	0.15207356121179	0.195639119746472	72	72	0.439591041030487	0.460081611619229
ko.K10003	Week_and_consortia	NS1_w9w10	0.15207356121179	0.195639119746472	72	72	0.439591041030487	0.460081611619229
ko.K07700	Week_and_consortia	NS1_w9w10	0.15207356121179	0.195639119746472	72	72	0.439591041030487	0.460081611619229
ko.K12973	Week_and_consortia	NS1_w9w10	0.15207356121179	0.195639119746472	72	72	0.439591041030487	0.460081611619229
ko.K09158	Week_and_consortia	NS1_w9w10	0.15207356121179	0.195639119746472	72	72	0.439591041030487	0.460081611619229
ko.K03643	Week_and_consortia	NS1_w9w10	0.15207356121179	0.195639119746472	72	72	0.439591041030487	0.460081611619229
ko.K06980	Week_and_consortia	NS1_w9w10	0.15207356121179	0.195639119746472	72	72	0.439591041030487	0.460081611619229
ko.K03981	Week_and_consortia	NS1_w9w10	0.15207356121179	0.195639119746472	72	72	0.439591041030487	0.460081611619229
ko.K03923	Week_and_consortia	NS1_w9w10	0.15207356121179	0.195639119746472	72	72	0.439591041030487	0.460081611619229
ko.K06202	Week_and_consortia	NS1_w9w10	0.15207356121179	0.195639119746472	72	72	0.439591041030487	0.460081611619229
ko.K11746	Week_and_consortia	NS1_w9w10	0.15207356121179	0.195639119746472	72	72	0.439591041030487	0.460081611619229
ko.K01525	Week_and_consortia	NS1_w9w10	0.15207356121179	0.195639119746472	72	72	0.439591041030487	0.460081611619229
ko.K05805	Week_and_consortia	NS1_w9w10	0.15207356121179	0.195639119746472	72	72	0.439591041030487	0.460081611619229
ko.K03831	Week_and_consortia	NS1_w9w10	0.15207356121179	0.195639119746472	72	72	0.439591041030487	0.460081611619229
ko.K02535	Week_and_consortia	NS1_w9w10	0.15207356121179	0.195639119746472	72	72	0.439591041030487	0.460081611619229
ko.K09862	Week_and_consortia	NS1_w9w10	0.15207356121179	0.195639119746472	72	72	0.439591041030487	0.460081611619229
ko.K18778	Week_and_consortia	NS1_w9w10	0.15207356121179	0.195639119746472	72	72	0.439591041030487	0.460081611619229
ko.K02339	Week_and_consortia	NS1_w9w10	0.15207356121179	0.195639119746472	72	72	0.439591041030487	0.460081611619229
ko.K07278	Week_and_consortia	NS1_w9w10	0.15207356121179	0.195639119746472	72	72	0.439591041030487	0.460081611619229
ko.K09800	Week_and_consortia	NS1_w9w10	0.15207356121179	0.195639119746472	72	72	0.439591041030487	0.460081611619229
ko.K03841	Week_and_consortia	NS1_w9w10	0.15207356121179	0.195639119746472	72	72	0.439591041030487	0.460081611619229
ko.K09889	Week_and_consortia	NS1_w9w10	0.15207356121179	0.195639119746472	72	72	0.439591041030487	0.460081611619229
ko.K03806	Week_and_consortia	NS1_w9w10	0.15207356121179	0.195639119746472	72	72	0.439591041030487	0.460081611619229
ko.K06190	Week_and_consortia	NS1_w9w10	0.15207356121179	0.195639119746472	72	72	0.439591041030487	0.460081611619229
ko.K01147	Week_and_consortia	NS1_w9w10	0.15207356121179	0.195639119746472	72	72	0.439591041030487	0.460081611619229
ko.K19804	Week_and_consortia	NS1_w9w10	0.15207356121179	0.195639119746472	72	72	0.439591041030487	0.460081611619229
ko.K15724	Week_and_consortia	NS1_w9w10	0.15207356121179	0.195639119746472	72	72	0.439591041030487	0.460081611619229
ko.K06204	Week_and_consortia	NS1_w9w10	0.15207356121179	0.195639119746472	72	72	0.439591041030487	0.460081611619229
ko.K19736	Week_and_consortia	NS1_w9w10	0.15207356121179	0.195639119746472	72	72	0.439591041030487	0.460081611619229
ko.K11250	Week_and_consortia	NS1_w9w10	0.15207356121179	0.195639119746472	72	72	0.439591041030487	0.460081611619229
ko.K07039	Week_and_consortia	NS1_w9w10	0.15207356121179	0.195639119746472	72	72	0.439591041030487	0.460081611619229
ko.K13771	Week_and_consortia	NS1_w9w10	0.15207356121179	0.195639119746472	72	72	0.439591041030487	0.460081611619229
ko.K05539	Week_and_consortia	NS1_w9w10	0.15207356121179	0.195639119746472	72	72	0.439591041030487	0.460081611619229
ko.K04754	Week_and_consortia	NS1_w9w10	0.15207356121179	0.195639119746472	72	72	0.439591041030487	0.460081611619229
ko.K07320	Week_and_consortia	NS1_w9w10	0.15207356121179	0.195639119746472	72	72	0.439591041030487	0.460081611619229
ko.K03582	Week_and_consortia	NS1_w9w10	0.15207356121179	0.195639119746472	72	72	0.439591041030487	0.460081611619229
ko.K08304	Week_and_consortia	NS1_w9w10	0.15207356121179	0.195639119746472	72	72	0.439591041030487	0.460081611619229
ko.K06879	Week_and_consortia	NS1_w9w10	0.15207356121179	0.195639119746472	72	72	0.439591041030487	0.460081611619229
ko.K03583	Week_and_consortia	NS1_w9w10	0.15207356121179	0.195639119746472	72	72	0.439591041030487	0.460081611619229
ko.K02199	Week_and_consortia	NS1_w9w10	0.15207356121179	0.195639119746472	72	72	0.439591041030487	0.460081611619229
ko.K02569	Week_and_consortia	NS1_w9w10	0.15207356121179	0.195639119746472	72	72	0.439591041030487	0.460081611619229
ko.K07664	Week_and_consortia	NS1_w9w10	0.15207356121179	0.195639119746472	72	72	0.439591041030487	0.460081611619229
ko.K07642	Week_and_consortia	NS1_w9w10	0.15207356121179	0.195639119746472	72	72	0.439591041030487	0.460081611619229
ko.K07262	Week_and_consortia	NS1_w9w10	0.15207356121179	0.195639119746472	72	72	0.439591041030487	0.460081611619229
ko.K03748	Week_and_consortia	NS1_w9w10	-0.0537416896165068	0.0687511123357322	72	72	0.437035909081574	0.460081611619229
ko.K01141	Week_and_consortia	NS1_w9w10	0.15207356121179	0.195639119746472	72	72	0.439591041030487	0.460081611619229
ko.K08305	Week_and_consortia	NS1_w9w10	0.15207356121179	0.195639119746472	72	72	0.439591041030487	0.460081611619229
ko.K00813	Week_and_consortia	NS1_w9w10	0.15207356121179	0.195639119746472	72	72	0.439591041030487	0.460081611619229
ko.K16088	Week_and_consortia	NS1_w9w10	0.15207356121179	0.195639119746472	72	72	0.439591041030487	0.460081611619229
ko.K02427	Week_and_consortia	NS1_w9w10	0.15207356121179	0.195639119746472	72	72	0.439591041030487	0.460081611619229
ko.K11106	Week_and_consortia	NS1_w9w10	0.15207356121179	0.195639119746472	72	72	0.439591041030487	0.460081611619229
ko.K07184	Week_and_consortia	NS1_w9w10	0.15207356121179	0.195639119746472	72	72	0.439591041030487	0.460081611619229
ko.K21344	Week_and_consortia	NS1_w9w10	0.15207356121179	0.195639119746472	72	72	0.439591041030487	0.460081611619229
ko.K09970	Week_and_consortia	NS1_w9w10	0.15207356121179	0.195639119746472	72	72	0.439591041030487	0.460081611619229
ko.K09969	Week_and_consortia	NS1_w9w10	0.15207356121179	0.195639119746472	72	72	0.439591041030487	0.460081611619229
ko.K03557	Week_and_consortia	NS1_w9w10	0.15207356121179	0.195639119746472	72	72	0.439591041030487	0.460081611619229
ko.K22044	Week_and_consortia	NS1_w9w10	-0.0719147199381382	0.0923502383254537	72	72	0.438770841971979	0.460081611619229
ko.K03635	Week_and_consortia	NS1_w9w10	0.152696931086067	0.195601445871859	72	72	0.437638388497889	0.460081611619229
ko.K03636	Week_and_consortia	NS1_w9w10	0.152696931086067	0.195601445871859	72	72	0.437638388497889	0.460081611619229
ko.K07323	Week_and_consortia	NS1_w9w10	0.15207356121179	0.195639119746472	72	72	0.439591041030487	0.460081611619229
ko.K03599	Week_and_consortia	NS1_w9w10	0.15207356121179	0.195639119746472	72	72	0.439591041030487	0.460081611619229
ko.K06168	Week_and_consortia	NS1_w9w10	0.0108791510679103	0.014146871509235	72	72	0.444471652060318	0.465093369140167
ko.K02122	Week_and_consortia	NS1_w9w10	0.0604758019046559	0.0790822979342303	72	72	0.447008802754834	0.467651371198472
ko.K07447	Week_and_consortia	NS1_w9w10	0.0110876422963648	0.0145999950993288	72	72	0.450146617664006	0.470836586426203
ko.K03282	Week_and_consortia	NS1_w9w10	0.0105346930894895	0.0140889557911138	72	72	0.4571294630322	0.478041409074452
ko.K21672	Week_and_consortia	NS1_w9w10	0.0587550887170761	0.0799085945562513	72	72	0.46462620665303	0.4857805455321
ko.K00881	Week_and_consortia	NS1_w9w10	-0.108307189358007	0.149107826304176	72	72	0.470034994628679	0.491333911207136
ko.K01609	Week_and_consortia	NS1_w9w10	-0.0252016310589835	0.0348039777943828	72	72	0.471416263007857	0.492675829688807
ko.K15923	Week_and_consortia	NS1_w9w10	-0.0182686170396686	0.0253126878769808	72	72	0.472871942477491	0.494094943825498
ko.K05964	Week_and_consortia	NS1_w9w10	-0.144777929041606	0.201402967330765	72	72	0.474627991367999	0.495827256491136
ko.K13818	Week_and_consortia	NS1_w9w10	0.166785394980197	0.233911863027061	72	72	0.478199566612953	0.499455077636684
ko.K00059	Week_and_consortia	NS1_w9w10	0.0123275584149785	0.0175354090794145	72	72	0.48438143162334	0.50580715017799
ko.K17313	Week_and_consortia	NS1_w9w10	0.0719328579292665	0.103518009399603	72	72	0.489429093626657	0.510972469725536
ko.K22132	Week_and_consortia	NS1_w9w10	0.00976444594755497	0.0141164491013111	72	72	0.491409304999684	0.512933844805456
ko.K07496	Week_and_consortia	NS1_w9w10	-0.0602706896429359	0.0871926004621067	72	72	0.491703168554198	0.513134560532082
ko.K03770	Week_and_consortia	NS1_w9w10	-0.0293706142989182	0.0425841419628635	72	72	0.492658176788186	0.514025012212705
ko.K01201	Week_and_consortia	NS1_w9w10	0.0317013858171068	0.0465347859933819	72	72	0.497966817904344	0.519456610376367
ko.K03499	Week_and_consortia	NS1_w9w10	0.0113888894916827	0.0168620332689929	72	72	0.501636538436054	0.523176670557173
ko.K03536	Week_and_consortia	NS1_w9w10	-0.00912645757949979	0.0137127831699505	72	72	0.507889908135393	0.529589229287926
ko.K13922	Week_and_consortia	NS1_w9w10	0.061678634026185	0.0934044272800605	72	72	0.511203152202107	0.53293403320781
ko.K02475	Week_and_consortia	NS1_w9w10	0.0759944475782566	0.115538500769972	72	72	0.51286156200188	0.534552632810708
ko.K03931	Week_and_consortia	NS1_w9w10	0.0369345500157824	0.0561981742270966	72	72	0.513194832009194	0.534789664049185
ko.K16052	Week_and_consortia	NS1_w9w10	-0.0480984872320385	0.0732848658330005	72	72	0.513799421633507	0.535309275746026
ko.K07699	Week_and_consortia	NS1_w9w10	-0.0466032878449168	0.0711474197630757	72	72	0.514598903361861	0.536031682429716
ko.K18889	Week_and_consortia	NS1_w9w10	-0.0609892654930561	0.0935882201916431	72	72	0.516743694018834	0.538154842750597
ko.K02115	Week_and_consortia	NS1_w9w10	0.00960977518836724	0.0149811058702202	72	72	0.523318949704228	0.544441378481417
ko.K02114	Week_and_consortia	NS1_w9w10	0.00960977518836724	0.0149811058702202	72	72	0.523318949704228	0.544441378481417
ko.K02112	Week_and_consortia	NS1_w9w10	0.00960977518836724	0.0149811058702202	72	72	0.523318949704228	0.544441378481417
ko.K02111	Week_and_consortia	NS1_w9w10	0.00960977518836724	0.0149811058702202	72	72	0.523318949704228	0.544441378481417
ko.K02108	Week_and_consortia	NS1_w9w10	0.00960977518836724	0.0149811058702202	72	72	0.523318949704228	0.544441378481417
ko.K10120	Week_and_consortia	NS1_w9w10	0.066222084628527	0.103557796524577	72	72	0.524604618521801	0.545666570469866
ko.K19119	Week_and_consortia	NS1_w9w10	-0.0524981697203552	0.0826703007387453	72	72	0.527478796726095	0.548543203182427
ko.K02057	Week_and_consortia	NS1_w9w10	-0.0494531915611079	0.0785007263707312	72	72	0.530764520069484	0.551846543607951
ko.K07460	Week_and_consortia	NS1_w9w10	0.00842767867218125	0.0138816350964198	72	72	0.545742246593871	0.567302434113629
ko.K00854	Week_and_consortia	NS1_w9w10	-0.0226890051935339	0.0374023484739185	72	72	0.546065696991426	0.567521888747312
ko.K02039	Week_and_consortia	NS1_w9w10	-0.0200933175414093	0.0344838057637424	72	72	0.561975375316371	0.583936568510552
ko.K00930	Week_and_consortia	NS1_w9w10	-0.00788163394163698	0.0135366494960496	72	72	0.562272993966679	0.584005585016378
ko.K00145	Week_and_consortia	NS1_w9w10	-0.00788163394163698	0.0135366494960496	72	72	0.562272993966679	0.584005585016378
ko.K12308	Week_and_consortia	NS1_w9w10	-0.0148989720453817	0.0256597424090293	72	72	0.563350437094662	0.585004400452669
ko.K10563	Week_and_consortia	NS1_w9w10	0.0245220318445324	0.0423753547276901	72	72	0.564658332344709	0.58624206638008
ko.K04094	Week_and_consortia	NS1_w9w10	0.042928438719484	0.0747107371586494	72	72	0.567433308724433	0.589002070202555
ko.K01693	Week_and_consortia	NS1_w9w10	-0.00768428058817895	0.0135370848699628	72	72	0.572091120216538	0.593593004586969
ko.K00013	Week_and_consortia	NS1_w9w10	-0.00768428058817895	0.0135370848699628	72	72	0.572091120216538	0.593593004586969
ko.K07308	Week_and_consortia	NS1_w9w10	-0.102739688843399	0.183552729464907	72	72	0.577451405349107	0.599031724809792
ko.K00946	Week_and_consortia	NS1_w9w10	-0.0162529434250499	0.0291442401816371	72	72	0.578847110090166	0.600356312908134
ko.K07407	Week_and_consortia	NS1_w9w10	-0.0045118903550251	0.00819351485949416	72	72	0.583615814730658	0.605177975373416
ko.K13789	Week_and_consortia	NS1_w9w10	-0.00748163777549018	0.0137220087581436	72	72	0.587329109512847	0.608903480660559
ko.K04749	Week_and_consortia	NS1_w9w10	-0.0521862166758231	0.0964060452182074	72	72	0.590032314769595	0.611580478911775
ko.K16264	Week_and_consortia	NS1_w9w10	0.0410618743136354	0.0760501016794345	72	72	0.590982130331744	0.612439327679173
ko.K00954	Week_and_consortia	NS1_w9w10	0.00756165760313497	0.0140696637828593	72	72	0.592665363025507	0.61292638976558
ko.K03584	Week_and_consortia	NS1_w9w10	0.00756165760313497	0.0140696637828593	72	72	0.592665363025507	0.61292638976558
ko.K06997	Week_and_consortia	NS1_w9w10	0.00756165760313497	0.0140696637828593	72	72	0.592665363025507	0.61292638976558
ko.K01956	Week_and_consortia	NS1_w9w10	0.00756165760313497	0.0140696637828593	72	72	0.592665363025507	0.61292638976558
ko.K03589	Week_and_consortia	NS1_w9w10	0.00756165760313497	0.0140696637828593	72	72	0.592665363025507	0.61292638976558
ko.K00609	Week_and_consortia	NS1_w9w10	0.00756165760313497	0.0140696637828593	72	72	0.592665363025507	0.61292638976558
ko.K01736	Week_and_consortia	NS1_w9w10	0.00756165760313497	0.0140696637828593	72	72	0.592665363025507	0.61292638976558
ko.K00800	Week_and_consortia	NS1_w9w10	0.00756165760313497	0.0140696637828593	72	72	0.592665363025507	0.61292638976558
ko.K01940	Week_and_consortia	NS1_w9w10	0.00756165760313497	0.0140696637828593	72	72	0.592665363025507	0.61292638976558
ko.K02888	Week_and_consortia	NS1_w9w10	0.00756165760313497	0.0140696637828593	72	72	0.592665363025507	0.61292638976558
ko.K02916	Week_and_consortia	NS1_w9w10	-0.00742240962067189	0.0139275374988195	72	72	0.595769591096099	0.616010637375663
ko.K02232	Week_and_consortia	NS1_w9w10	-0.00882387173881643	0.0165914689330447	72	72	0.596526335298538	0.616666880689219
ko.K01962	Week_and_consortia	NS1_w9w10	0.0289253376086269	0.0544506299290363	72	72	0.596947036829783	0.616975538065479
ko.K10036	Week_and_consortia	NS1_w9w10	-0.0914897922142932	0.172781999977496	72	72	0.598150699311767	0.617966734749089
ko.K01639	Week_and_consortia	NS1_w9w10	0.0073273064079104	0.013837000615046	72	72	0.598126803598891	0.617966734749089
ko.K00567	Week_and_consortia	NS1_w9w10	0.0103479855443722	0.0198834025115247	72	72	0.6044038205888	0.624299346067189
ko.K09761	Week_and_consortia	NS1_w9w10	-0.00790561961754643	0.0152198690558479	72	72	0.605101187958298	0.624891905471243
ko.K01409	Week_and_consortia	NS1_w9w10	0.00675649587720255	0.0130593487341801	72	72	0.606530020170695	0.626239456755028
ko.K01893	Week_and_consortia	NS1_w9w10	-0.00704929159803757	0.0137131332703523	72	72	0.608833250347877	0.628489084748156
ko.K04066	Week_and_consortia	NS1_w9w10	0.00718535687932358	0.0140498546172106	72	72	0.610667459992421	0.630253729904333
ko.K03524	Week_and_consortia	NS1_w9w10	0.00705514673705046	0.014062993924931	72	72	0.617465707033633	0.637139859463626
ko.K06518	Week_and_consortia	NS1_w9w10	0.0167098448107403	0.0337138532131077	72	72	0.621702800377322	0.641380957219977
ko.K08303	Week_and_consortia	NS1_w9w10	0.00722768088146976	0.0146891480444327	72	72	0.624229093972098	0.643855733513074
ko.K07340	Week_and_consortia	NS1_w9w10	-0.101556840854356	0.207114845564073	72	72	0.625426310544513	0.644958914241862
ko.K02444	Week_and_consortia	NS1_w9w10	0.0943704102631536	0.201613943599467	72	72	0.641185249404361	0.661075077549149
ko.K20265	Week_and_consortia	NS1_w9w10	-0.013480825851072	0.0289501694615224	72	72	0.642907217618601	0.662715213917399
ko.K00334	Week_and_consortia	NS1_w9w10	-0.0225983498552686	0.0492084237403167	72	72	0.647506381985214	0.667319918765667
ko.K01745	Week_and_consortia	NS1_w9w10	0.0331638602175601	0.0727982066796536	72	72	0.650117327346984	0.66987410519212
ko.K00971	Week_and_consortia	NS1_w9w10	0.0189543487470036	0.0421875084692686	72	72	0.654611808317006	0.674367629612055
ko.K03210	Week_and_consortia	NS1_w9w10	0.0063190448286395	0.0140962137649844	72	72	0.65533592592005	0.674975962843647
ko.K01591	Week_and_consortia	NS1_w9w10	0.00631314011054656	0.0141102663450866	72	72	0.655957154835221	0.675478097478096
ko.K01953	Week_and_consortia	NS1_w9w10	0.0158379546390157	0.035601391666154	72	72	0.657787014835066	0.67722437312956
ko.K01784	Week_and_consortia	NS1_w9w10	-0.00841519553436133	0.0189545677321046	72	72	0.658436131847922	0.677754551364242
ko.K00645	Week_and_consortia	NS1_w9w10	0.00613891379186341	0.0140233843639661	72	72	0.662906163960822	0.682216732599323
ko.K01620	Week_and_consortia	NS1_w9w10	0.00700378312407111	0.0160103297505388	72	72	0.663128850868514	0.68230691539465
ko.K03183	Week_and_consortia	NS1_w9w10	0.0115770013334519	0.0268204765888403	72	72	0.667323956676204	0.686483532707836
ko.K00783	Week_and_consortia	NS1_w9w10	-0.00652012164763392	0.0152012795494414	72	72	0.669299125073142	0.688375240201448
ko.K02036	Week_and_consortia	NS1_w9w10	-0.014089602082329	0.0338492577263192	72	72	0.678503838802084	0.697700263307171
ko.K17947	Week_and_consortia	NS1_w9w10	0.0934395228148513	0.228307915776346	72	72	0.683609136712604	0.702663959038062
ko.K03652	Week_and_consortia	NS1_w9w10	0.0934395228148513	0.228307915776346	72	72	0.683609136712604	0.702663959038062
ko.K01814	Week_and_consortia	NS1_w9w10	-0.00553995247470137	0.01355667546086	72	72	0.684043104030285	0.702966997876526
ko.K01595	Week_and_consortia	NS1_w9w10	0.0671573166382211	0.165218822996513	72	72	0.685633710936168	0.704458309467057
ko.K00065	Week_and_consortia	NS1_w9w10	-0.0417581640054235	0.102837918730351	72	72	0.685938600556714	0.704628265557649
ko.K01883	Week_and_consortia	NS1_w9w10	0.00520211623017461	0.0140656360232666	72	72	0.712614002306552	0.724663031331059
ko.K06187	Week_and_consortia	NS1_w9w10	0.00520211623017461	0.0140656360232666	72	72	0.712614002306552	0.724663031331059
ko.K03110	Week_and_consortia	NS1_w9w10	0.00520211623017461	0.0140656360232666	72	72	0.712614002306552	0.724663031331059
ko.K03977	Week_and_consortia	NS1_w9w10	0.00520211623017461	0.0140656360232666	72	72	0.712614002306552	0.724663031331059
ko.K01892	Week_and_consortia	NS1_w9w10	0.00520211623017461	0.0140656360232666	72	72	0.712614002306552	0.724663031331059
ko.K03685	Week_and_consortia	NS1_w9w10	0.00520211623017461	0.0140656360232666	72	72	0.712614002306552	0.724663031331059
ko.K03596	Week_and_consortia	NS1_w9w10	0.00520211623017461	0.0140656360232666	72	72	0.712614002306552	0.724663031331059
ko.K02313	Week_and_consortia	NS1_w9w10	0.00520211623017461	0.0140656360232666	72	72	0.712614002306552	0.724663031331059
ko.K02950	Week_and_consortia	NS1_w9w10	0.00520211623017461	0.0140656360232666	72	72	0.712614002306552	0.724663031331059
ko.K02992	Week_and_consortia	NS1_w9w10	0.00520211623017461	0.0140656360232666	72	72	0.712614002306552	0.724663031331059
ko.K03664	Week_and_consortia	NS1_w9w10	0.00520211623017461	0.0140656360232666	72	72	0.712614002306552	0.724663031331059
ko.K00554	Week_and_consortia	NS1_w9w10	0.00520211623017461	0.0140656360232666	72	72	0.712614002306552	0.724663031331059
ko.K02959	Week_and_consortia	NS1_w9w10	0.00520211623017461	0.0140656360232666	72	72	0.712614002306552	0.724663031331059
ko.K03106	Week_and_consortia	NS1_w9w10	0.00520211623017461	0.0140656360232666	72	72	0.712614002306552	0.724663031331059
ko.K00858	Week_and_consortia	NS1_w9w10	0.00520211623017461	0.0140656360232666	72	72	0.712614002306552	0.724663031331059
ko.K03631	Week_and_consortia	NS1_w9w10	0.00520211623017461	0.0140656360232666	72	72	0.712614002306552	0.724663031331059
ko.K07560	Week_and_consortia	NS1_w9w10	0.00520211623017461	0.0140656360232666	72	72	0.712614002306552	0.724663031331059
ko.K06207	Week_and_consortia	NS1_w9w10	0.00520211623017461	0.0140656360232666	72	72	0.712614002306552	0.724663031331059
ko.K07566	Week_and_consortia	NS1_w9w10	0.00520211623017461	0.0140656360232666	72	72	0.712614002306552	0.724663031331059
ko.K00927	Week_and_consortia	NS1_w9w10	0.00520211623017461	0.0140656360232666	72	72	0.712614002306552	0.724663031331059
ko.K02802	Week_and_consortia	NS1_w9w10	0.0746851483584535	0.200856439658739	72	72	0.711140067859581	0.724663031331059
ko.K02340	Week_and_consortia	NS1_w9w10	0.00520211623017461	0.0140656360232666	72	72	0.712614002306552	0.724663031331059
ko.K02836	Week_and_consortia	NS1_w9w10	0.00520211623017461	0.0140656360232666	72	72	0.712614002306552	0.724663031331059
ko.K02528	Week_and_consortia	NS1_w9w10	0.00520211623017461	0.0140656360232666	72	72	0.712614002306552	0.724663031331059
ko.K03531	Week_and_consortia	NS1_w9w10	0.00520211623017461	0.0140656360232666	72	72	0.712614002306552	0.724663031331059
ko.K02835	Week_and_consortia	NS1_w9w10	0.00520211623017461	0.0140656360232666	72	72	0.712614002306552	0.724663031331059
ko.K01056	Week_and_consortia	NS1_w9w10	0.00520211623017461	0.0140656360232666	72	72	0.712614002306552	0.724663031331059
ko.K06942	Week_and_consortia	NS1_w9w10	0.00520211623017461	0.0140656360232666	72	72	0.712614002306552	0.724663031331059
ko.K09903	Week_and_consortia	NS1_w9w10	0.00520211623017461	0.0140656360232666	72	72	0.712614002306552	0.724663031331059
ko.K02838	Week_and_consortia	NS1_w9w10	0.00520211623017461	0.0140656360232666	72	72	0.712614002306552	0.724663031331059
ko.K04075	Week_and_consortia	NS1_w9w10	0.00520211623017461	0.0140656360232666	72	72	0.712614002306552	0.724663031331059
ko.K02520	Week_and_consortia	NS1_w9w10	0.00520211623017461	0.0140656360232666	72	72	0.712614002306552	0.724663031331059
ko.K02887	Week_and_consortia	NS1_w9w10	0.00520211623017461	0.0140656360232666	72	72	0.712614002306552	0.724663031331059
ko.K01889	Week_and_consortia	NS1_w9w10	0.00520211623017461	0.0140656360232666	72	72	0.712614002306552	0.724663031331059
ko.K01890	Week_and_consortia	NS1_w9w10	0.00520211623017461	0.0140656360232666	72	72	0.712614002306552	0.724663031331059
ko.K04078	Week_and_consortia	NS1_w9w10	0.00520211623017461	0.0140656360232666	72	72	0.712614002306552	0.724663031331059
ko.K04077	Week_and_consortia	NS1_w9w10	0.00520211623017461	0.0140656360232666	72	72	0.712614002306552	0.724663031331059
ko.K03218	Week_and_consortia	NS1_w9w10	0.00520211623017461	0.0140656360232666	72	72	0.712614002306552	0.724663031331059
ko.K02990	Week_and_consortia	NS1_w9w10	0.00520211623017461	0.0140656360232666	72	72	0.712614002306552	0.724663031331059
ko.K02963	Week_and_consortia	NS1_w9w10	0.00520211623017461	0.0140656360232666	72	72	0.712614002306552	0.724663031331059
ko.K02939	Week_and_consortia	NS1_w9w10	0.00520211623017461	0.0140656360232666	72	72	0.712614002306552	0.724663031331059
ko.K02503	Week_and_consortia	NS1_w9w10	0.00520211623017461	0.0140656360232666	72	72	0.712614002306552	0.724663031331059
ko.K02600	Week_and_consortia	NS1_w9w10	0.00520211623017461	0.0140656360232666	72	72	0.712614002306552	0.724663031331059
ko.K02834	Week_and_consortia	NS1_w9w10	0.00520211623017461	0.0140656360232666	72	72	0.712614002306552	0.724663031331059
ko.K02956	Week_and_consortia	NS1_w9w10	0.00520211623017461	0.0140656360232666	72	72	0.712614002306552	0.724663031331059
ko.K02899	Week_and_consortia	NS1_w9w10	0.00520211623017461	0.0140656360232666	72	72	0.712614002306552	0.724663031331059
ko.K03979	Week_and_consortia	NS1_w9w10	0.00520211623017461	0.0140656360232666	72	72	0.712614002306552	0.724663031331059
ko.K02871	Week_and_consortia	NS1_w9w10	0.00520211623017461	0.0140656360232666	72	72	0.712614002306552	0.724663031331059
ko.K02996	Week_and_consortia	NS1_w9w10	0.00520211623017461	0.0140656360232666	72	72	0.712614002306552	0.724663031331059
ko.K09117	Week_and_consortia	NS1_w9w10	0.00576505712529857	0.0152020252711911	72	72	0.705665373079206	0.724663031331059
ko.K05808	Week_and_consortia	NS1_w9w10	0.00518470030483076	0.0141783378551711	72	72	0.715708414785559	0.727663294726634
ko.K09458	Week_and_consortia	NS1_w9w10	0.00509015010358011	0.0140492496544623	72	72	0.718213724598531	0.730063528505388
ko.K06973	Week_and_consortia	NS1_w9w10	0.00493043220275065	0.013827306244738	72	72	0.722484712055518	0.734257245082374
ko.K01006	Week_and_consortia	NS1_w9w10	-0.00489105132916428	0.0137283025156001	72	72	0.722706205485092	0.734334623916067
ko.K06153	Week_and_consortia	NS1_w9w10	0.00498383353042213	0.0140643546273259	72	72	0.724134975218921	0.735519387843918
ko.K06410	Week_and_consortia	NS1_w9w10	-0.0264012269739536	0.0745121457084888	72	72	0.724163387794072	0.735519387843918
ko.K03625	Week_and_consortia	NS1_w9w10	-0.00485116212043802	0.0137252250110304	72	72	0.724814396012132	0.735589057584028
ko.K03629	Week_and_consortia	NS1_w9w10	-0.00485116212043802	0.0137252250110304	72	72	0.724814396012132	0.735589057584028
ko.K00919	Week_and_consortia	NS1_w9w10	-0.00485116212043802	0.0137252250110304	72	72	0.724814396012132	0.735589057584028
ko.K02227	Week_and_consortia	NS1_w9w10	0.0054887805091338	0.0155037780360663	72	72	0.724381647397552	0.735589057584028
ko.K12510	Week_and_consortia	NS1_w9w10	-0.0332056337075555	0.094178314343834	72	72	0.725460809936736	0.736097210644786
ko.K02045	Week_and_consortia	NS1_w9w10	0.032927563423307	0.094442690277382	72	72	0.728397617208772	0.738780317634755
ko.K02038	Week_and_consortia	NS1_w9w10	-0.0117255107089223	0.0336254321418186	72	72	0.728354015624752	0.738780317634755
ko.K06881	Week_and_consortia	NS1_w9w10	0.00473147824979623	0.0138295442270463	72	72	0.733279443586028	0.743582446607108
ko.K00265	Week_and_consortia	NS1_w9w10	0.00503070721298313	0.0148641863075614	72	72	0.73604103806204	0.746233057252544
ko.K01760	Week_and_consortia	NS1_w9w10	-0.0541829197179619	0.164623575254531	72	72	0.743052467285787	0.753190422296909
ko.K03703	Week_and_consortia	NS1_w9w10	-0.00448142399371294	0.0141384743111195	72	72	0.752212371732275	0.762322347440613
ko.K16698	Week_and_consortia	NS1_w9w10	0.0437981266553353	0.138837755553781	72	72	0.753348981679544	0.763321110197565
ko.K06287	Week_and_consortia	NS1_w9w10	0.00468689322772294	0.0149482022029965	72	72	0.754801117534982	0.764639110845544
ko.K01262	Week_and_consortia	NS1_w9w10	-0.00805268031006895	0.0265140225100327	72	72	0.762246703784111	0.772026934145415
ko.K07133	Week_and_consortia	NS1_w9w10	0.0126230930487308	0.041966246709232	72	72	0.764465044381336	0.774118541634498
ko.K03439	Week_and_consortia	NS1_w9w10	0.00415631834326073	0.0140915761917072	72	72	0.768904667481405	0.778302220019246
ko.K01937	Week_and_consortia	NS1_w9w10	0.00415631834326073	0.0140915761917072	72	72	0.768904667481405	0.778302220019246
ko.K01998	Week_and_consortia	NS1_w9w10	-0.0252467381516611	0.085730232781239	72	72	0.769254692232147	0.778344623504268
ko.K07462	Week_and_consortia	NS1_w9w10	-0.00412593222121831	0.0140044290873316	72	72	0.769159017084923	0.778344623504268
ko.K03526	Week_and_consortia	NS1_w9w10	-0.00447496095115937	0.0152516716759804	72	72	0.77007851458261	0.779022157723537
ko.K08301	Week_and_consortia	NS1_w9w10	0.00450782358683717	0.0153802203914633	72	72	0.770318756441353	0.779109180689032
ko.K12573	Week_and_consortia	NS1_w9w10	0.00408666768404986	0.0140255379642615	72	72	0.77162748696975	0.780276634141549
ko.K02536	Week_and_consortia	NS1_w9w10	-0.00784696023406906	0.0271414582031524	72	72	0.773349093583495	0.781861040781232
ko.K02341	Week_and_consortia	NS1_w9w10	0.0040009552817266	0.0140679933723573	72	72	0.776942515160727	0.785336852059222
ko.K02884	Week_and_consortia	NS1_w9w10	0.00384499963782726	0.0140833163703232	72	72	0.785643187716012	0.793972671402539
ko.K03117	Week_and_consortia	NS1_w9w10	-0.0417167183311449	0.156888635554575	72	72	0.791097678023599	0.799325093875045
ko.K02794	Week_and_consortia	NS1_w9w10	-0.0255685984533723	0.0986096826185539	72	72	0.796171786336087	0.804291114691044
ko.K02598	Week_and_consortia	NS1_w9w10	0.0243748173780406	0.0953134850697369	72	72	0.798906883325913	0.806892757809378
ko.K08159	Week_and_consortia	NS1_w9w10	0.048977479800769	0.192800023804596	72	72	0.800215133205441	0.808052539067337
ko.K01704	Week_and_consortia	NS1_w9w10	0.00341575219482768	0.0137028544313802	72	72	0.803879576780687	0.81159065185772
ko.K00760	Week_and_consortia	NS1_w9w10	0.00339481731719021	0.0143248049011093	72	72	0.813357719753337	0.820995644394377
ko.K02021	Week_and_consortia	NS1_w9w10	0.0533134301173016	0.226505097159199	72	72	0.814615431570171	0.822100910965343
ko.K00873	Week_and_consortia	NS1_w9w10	-0.00344277109888848	0.0152786034812098	72	72	0.822376910543627	0.829767955275895
ko.K01991	Week_and_consortia	NS1_w9w10	0.00982808252265168	0.0439457805533405	72	72	0.823687987240113	0.830924862527366
ko.K00939	Week_and_consortia	NS1_w9w10	0.00789704743838054	0.0354852324034083	72	72	0.824538011824973	0.831616297811891
ko.K15539	Week_and_consortia	NS1_w9w10	0.0373956708172521	0.173234096072998	72	72	0.829727460412241	0.836683259481565
ko.K05881	Week_and_consortia	NS1_w9w10	-0.0230056764595588	0.111111847485191	72	72	0.836572155370405	0.843416988411751
ko.K01451	Week_and_consortia	NS1_w9w10	-0.0493318116289173	0.248519311576471	72	72	0.843235133965742	0.849964863686139
ko.K00133	Week_and_consortia	NS1_w9w10	-0.00286089877497314	0.0144494626984127	72	72	0.843624062090807	0.85018726544639
ko.K00287	Week_and_consortia	NS1_w9w10	-0.00226097443249868	0.0114394343968206	72	72	0.843893772701757	0.850289457456975
ko.K03271	Week_and_consortia	NS1_w9w10	-0.00772535837969726	0.0400330628303743	72	72	0.847545586622448	0.853798664729134
ko.K22293	Week_and_consortia	NS1_w9w10	-0.0163337825486346	0.0851094562750177	72	72	0.848364412748179	0.854453152552592
ko.K03572	Week_and_consortia	NS1_w9w10	0.00261530223932508	0.0140645203667944	72	72	0.853021515480026	0.858972432968924
ko.K07132	Week_and_consortia	NS1_w9w10	0.0116874947634552	0.0648800200464699	72	72	0.85757026462222	0.863380824406428
ko.K03650	Week_and_consortia	NS1_w9w10	0.00239643216320229	0.014063164952564	72	72	0.865183290512809	0.870871883576551
ko.K13009	Week_and_consortia	NS1_w9w10	0.0127616761360794	0.0806145895462919	72	72	0.874672435510538	0.880248036693075
ko.K09971	Week_and_consortia	NS1_w9w10	0.0290043453830042	0.192067004219958	72	72	0.880400907270552	0.885836563140973
ko.K00758	Week_and_consortia	NS1_w9w10	0.0118247425305203	0.0817790646007852	72	72	0.88544712886352	0.890736538235464
ko.K03077	Week_and_consortia	NS1_w9w10	-0.00446214419336964	0.031982407527885	72	72	0.889440918281466	0.89457605398327
ko.K08234	Week_and_consortia	NS1_w9w10	-0.0111570893040563	0.0815810095068301	72	72	0.89161240124417	0.896581578639639
ko.K02970	Week_and_consortia	NS1_w9w10	-0.00248338347439323	0.0182052630998953	72	72	0.891888572506506	0.896680809612511
ko.K17324	Week_and_consortia	NS1_w9w10	-0.0185590306504965	0.143051027176395	72	72	0.897146484579645	0.901428806701744
ko.K21557	Week_and_consortia	NS1_w9w10	-0.0185590306504965	0.143051027176395	72	72	0.897146484579645	0.901428806701744
ko.K00064	Week_and_consortia	NS1_w9w10	-0.0185590306504965	0.143051027176395	72	72	0.897146484579645	0.901428806701744
ko.K06333	Week_and_consortia	NS1_w9w10	0.00941136536308005	0.0882760823400747	72	72	0.915401073278343	0.919587636150763
ko.K03602	Week_and_consortia	NS1_w9w10	-0.00143970561807079	0.0137052087265367	72	72	0.916638102261615	0.920330358578282
ko.K01821	Week_and_consortia	NS1_w9w10	0.0184193319691357	0.175354060724096	72	72	0.916647990605738	0.920330358578282
ko.K02867	Week_and_consortia	NS1_w9w10	-0.0015116785807812	0.0144942475288151	72	72	0.917233443278236	0.920330358578282
ko.K02863	Week_and_consortia	NS1_w9w10	-0.0015116785807812	0.0144942475288151	72	72	0.917233443278236	0.920330358578282
ko.K02864	Week_and_consortia	NS1_w9w10	-0.0015116785807812	0.0144942475288151	72	72	0.917233443278236	0.920330358578282
ko.K02935	Week_and_consortia	NS1_w9w10	-0.0015116785807812	0.0144942475288151	72	72	0.917233443278236	0.920330358578282
ko.K14051	Week_and_consortia	NS1_w9w10	-0.0177487191639531	0.185590364910477	72	72	0.924084642517635	0.927020574662251
ko.K02909	Week_and_consortia	NS1_w9w10	-0.00136474624087336	0.0145085491444321	72	72	0.925326279059464	0.928081866549218
ko.K13940	Week_and_consortia	NS1_w9w10	0.00745336759484339	0.0995343865203354	72	72	0.940524904090919	0.943138510414316
ko.K11939	Week_and_consortia	NS1_w9w10	-0.0121354139430327	0.165754961312311	72	72	0.941845443216012	0.944275288574577
ko.K01048	Week_and_consortia	NS1_w9w10	-0.0106444409450948	0.186416156096041	72	72	0.954627881710133	0.956900805238014
ko.K01142	Week_and_consortia	NS1_w9w10	-0.000780478433806856	0.0144892255298725	72	72	0.957195264334669	0.959283966557974
ko.K03575	Week_and_consortia	NS1_w9w10	-0.000721897192128242	0.0135836638765107	72	72	0.957768143071856	0.959287204361423
ko.K09710	Week_and_consortia	NS1_w9w10	-0.000721897192128242	0.0135836638765107	72	72	0.957768143071856	0.959287204361423
ko.K02493	Week_and_consortia	NS1_w9w10	-0.000721897192128242	0.0135836638765107	72	72	0.957768143071856	0.959287204361423
ko.K02231	Week_and_consortia	NS1_w9w10	0.000672062965957839	0.0170119420388905	72	72	0.96859993362366	0.969808398334299
ko.K13498	Week_and_consortia	NS1_w9w10	-0.00783562622311296	0.198702170407292	72	72	0.968656606887346	0.969808398334299
ko.K17363	Week_and_consortia	NS1_w9w10	-0.00754211009771535	0.192496058843409	72	71	0.968857935662994	0.969817771145125
ko.K00756	Week_and_consortia	NS1_w9w10	0.00247098559337579	0.0883709359718167	72	72	0.977772407621016	0.978547187658751
ko.K00615	Week_and_consortia	NS1_w9w10	0.000567008711230808	0.0205470585952733	72	72	0.97806320234101	0.978644345063732
ko.K02847	Week_and_consortia	NS1_w9w10	0.00118339116280507	0.0810085428212742	72	72	0.988386292139911	0.98877773225561
ko.K00146	Week_and_consortia	NS1_w9w10	-0.000698282970081798	0.0958709460205839	72	72	0.994209608647182	0.994209608647182
ko.K00151	Week_and_consortia	NS1_w9w10	-0.000698282970081798	0.0958709460205839	72	72	0.994209608647182	0.994209608647182
