feature	metadata	value	coef	stderr	N	N.not.0	pval	qval
ko.K10975	Week_and_Consortium	NS6_w5	3.23270521221982	0.380722057466429	32	30	1.78426284756824e-09	6.81532210521623e-08
ko.K01821	Week_and_Consortium	NS6_w5	3.23270521221982	0.380722057466429	32	30	1.78426284756824e-09	6.81532210521623e-08
ko.K07493	Week_and_Consortium	NS6_w5	3.23270521221982	0.380722057466429	32	30	1.78426284756824e-09	6.81532210521623e-08
ko.K17947	Week_and_Consortium	NS6_w5	3.23270521221982	0.380722057466429	32	30	1.78426284756824e-09	6.81532210521623e-08
ko.K11144	Week_and_Consortium	NS6_w5	3.23270521221982	0.380722057466429	32	30	1.78426284756824e-09	6.81532210521623e-08
ko.K13531	Week_and_Consortium	NS6_w5	3.23270521221982	0.380722057466429	32	30	1.78426284756824e-09	6.81532210521623e-08
ko.K19505	Week_and_Consortium	NS6_w5	3.23270521221982	0.380722057466429	32	30	1.78426284756824e-09	6.81532210521623e-08
ko.K17467	Week_and_Consortium	NS6_w5	3.23270521221982	0.380722057466429	32	30	1.78426284756824e-09	6.81532210521623e-08
ko.K22103	Week_and_Consortium	NS6_w5	3.23270521221982	0.380722057466429	32	30	1.78426284756824e-09	6.81532210521623e-08
ko.K02243	Week_and_Consortium	NS6_w5	3.23270521221982	0.380722057466429	32	30	1.78426284756824e-09	6.81532210521623e-08
ko.K16509	Week_and_Consortium	NS6_w5	3.23270521221982	0.380722057466429	32	30	1.78426284756824e-09	6.81532210521623e-08
ko.K15780	Week_and_Consortium	NS6_w5	3.23270521221982	0.380722057466429	32	30	1.78426284756824e-09	6.81532210521623e-08
ko.K02248	Week_and_Consortium	NS6_w5	3.23270521221982	0.380722057466429	32	30	1.78426284756824e-09	6.81532210521623e-08
ko.K19976	Week_and_Consortium	NS6_w5	3.23270521221982	0.380722057466429	32	30	1.7842628475828e-09	6.81532210521623e-08
ko.K06198	Week_and_Consortium	NS6_w5	3.23270521221982	0.380722057466429	32	30	1.78426284756824e-09	6.81532210521623e-08
ko.K16788	Week_and_Consortium	NS6_w5	3.23270521221982	0.380722057466429	32	30	1.78426284756824e-09	6.81532210521623e-08
ko.K03339	Week_and_Consortium	NS6_w5	3.23270521221982	0.380722057466429	32	30	1.78426284756824e-09	6.81532210521623e-08
ko.K07104	Week_and_Consortium	NS6_w5	3.23270521221982	0.380722057466429	32	30	1.78426284756824e-09	6.81532210521623e-08
ko.K08987	Week_and_Consortium	NS6_w5	3.23270521221982	0.380722057466429	32	30	1.78426284756824e-09	6.81532210521623e-08
ko.K00869	Week_and_Consortium	NS6_w5	3.23270521221982	0.380722057466429	32	30	1.78426284756824e-09	6.81532210521623e-08
ko.K00938	Week_and_Consortium	NS6_w5	3.23270521221982	0.380722057466429	32	30	1.78426284756824e-09	6.81532210521623e-08
ko.K22212	Week_and_Consortium	NS6_w5	3.23270521221982	0.380722057466429	32	30	1.78426284756824e-09	6.81532210521623e-08
ko.K03048	Week_and_Consortium	NS6_w5	3.23270521221982	0.380722057466429	32	30	1.78426284756824e-09	6.81532210521623e-08
ko.K12296	Week_and_Consortium	NS6_w5	3.23270521221982	0.380722057466429	32	30	1.78426284756824e-09	6.81532210521623e-08
ko.K21466	Week_and_Consortium	NS6_w5	3.23270521221982	0.380722057466429	32	30	1.78426284756824e-09	6.81532210521623e-08
ko.K12553	Week_and_Consortium	NS6_w5	3.23270521221982	0.380722057466429	32	30	1.78426284756824e-09	6.81532210521623e-08
ko.K21465	Week_and_Consortium	NS6_w5	3.23270521221982	0.380722057466429	32	30	1.78426284756824e-09	6.81532210521623e-08
ko.K00687	Week_and_Consortium	NS6_w5	3.23270521221982	0.380722057466429	32	30	1.78426284756824e-09	6.81532210521623e-08
ko.K01641	Week_and_Consortium	NS6_w5	3.23270521221982	0.380722057466429	32	30	1.78426284756824e-09	6.81532210521623e-08
ko.K02245	Week_and_Consortium	NS6_w5	3.23270521221982	0.380722057466429	32	30	1.78426284756824e-09	6.81532210521623e-08
ko.K02246	Week_and_Consortium	NS6_w5	3.23270521221982	0.380722057466429	32	30	1.78426284756824e-09	6.81532210521623e-08
ko.K01261	Week_and_Consortium	NS6_w5	3.23270521221982	0.380722057466429	32	30	1.78426284756824e-09	6.81532210521623e-08
ko.K01269	Week_and_Consortium	NS6_w5	3.23270521221982	0.380722057466429	32	30	1.78426284756824e-09	6.81532210521623e-08
ko.K03713	Week_and_Consortium	NS6_w5	3.23270521221982	0.380722057466429	32	30	1.78426284756824e-09	6.81532210521623e-08
ko.K11622	Week_and_Consortium	NS6_w5	3.23270521221982	0.380722057466429	32	30	1.78426284756824e-09	6.81532210521623e-08
ko.K07681	Week_and_Consortium	NS6_w5	3.23270521221982	0.380722057466429	32	30	1.78426284756824e-09	6.81532210521623e-08
ko.K11617	Week_and_Consortium	NS6_w5	3.23270521221982	0.380722057466429	32	30	1.78426284756824e-09	6.81532210521623e-08
ko.K07694	Week_and_Consortium	NS6_w5	3.23270521221982	0.380722057466429	32	30	1.78426284756824e-09	6.81532210521623e-08
ko.K21567	Week_and_Consortium	NS6_w5	3.23270521221982	0.380722057466429	32	30	1.78426284756824e-09	6.81532210521623e-08
ko.K01575	Week_and_Consortium	NS6_w5	3.23270521221982	0.380722057466429	32	30	1.78426284756824e-09	6.81532210521623e-08
ko.K01674	Week_and_Consortium	NS6_w5	3.23270521221982	0.380722057466429	32	30	1.78426284756824e-09	6.81532210521623e-08
ko.K06948	Week_and_Consortium	NS6_w5	3.23270521221982	0.380722057466429	32	30	1.78426284756824e-09	6.81532210521623e-08
ko.K20707	Week_and_Consortium	NS6_w5	3.23270521221982	0.380722057466429	32	30	1.78426284756824e-09	6.81532210521623e-08
ko.K08724	Week_and_Consortium	NS6_w5	3.23270521221982	0.380722057466429	32	30	1.78426284756824e-09	6.81532210521623e-08
ko.K12552	Week_and_Consortium	NS6_w5	3.23270521221982	0.380722057466429	32	30	1.78426284756824e-09	6.81532210521623e-08
ko.K12556	Week_and_Consortium	NS6_w5	3.23270521221982	0.380722057466429	32	30	1.78426284756824e-09	6.81532210521623e-08
ko.K18692	Week_and_Consortium	NS6_w5	3.23270521221982	0.380722057466429	32	30	1.78426284756824e-09	6.81532210521623e-08
ko.K06286	Week_and_Consortium	NS6_w5	3.23270521221982	0.380722057466429	32	30	1.78426284756824e-09	6.81532210521623e-08
ko.K12999	Week_and_Consortium	NS6_w5	3.23270521221982	0.380722057466429	32	30	1.78426284756824e-09	6.81532210521623e-08
ko.K19975	Week_and_Consortium	NS6_w5	3.23270521221982	0.380722057466429	32	30	1.78426284756824e-09	6.81532210521623e-08
ko.K19973	Week_and_Consortium	NS6_w5	3.23270521221982	0.380722057466429	32	30	1.78426284756824e-09	6.81532210521623e-08
ko.K02236	Week_and_Consortium	NS6_w5	3.23270521221982	0.380722057466429	32	30	1.78426284756824e-09	6.81532210521623e-08
ko.K12555	Week_and_Consortium	NS6_w5	3.23270521221982	0.380722057466429	32	30	1.78426284756824e-09	6.81532210521623e-08
ko.K02086	Week_and_Consortium	NS6_w5	3.23270521221982	0.380722057466429	32	30	1.78426284756824e-09	6.81532210521623e-08
ko.K00433	Week_and_Consortium	NS6_w5	3.23270521221982	0.380722057466429	32	30	1.78426284756824e-09	6.81532210521623e-08
ko.K02240	Week_and_Consortium	NS6_w5	3.23270521221982	0.380722057466429	32	30	1.78426284756824e-09	6.81532210521623e-08
ko.K19223	Week_and_Consortium	NS6_w5	3.23270521221982	0.380722057466429	32	30	1.78426284756824e-09	6.81532210521623e-08
ko.K22457	Week_and_Consortium	NS6_w5	3.23270521221982	0.380722057466429	32	30	1.78426284756824e-09	6.81532210521623e-08
ko.K09976	Week_and_Consortium	NS6_w5	3.23270521221982	0.380722057466429	32	30	1.78426284756824e-09	6.81532210521623e-08
ko.K20073	Week_and_Consortium	NS6_w5	3.23270521221982	0.380722057466429	32	30	1.78426284756824e-09	6.81532210521623e-08
ko.K05362	Week_and_Consortium	NS6_w5	3.23270521221982	0.380722057466429	32	30	1.78426284756824e-09	6.81532210521623e-08
ko.K21064	Week_and_Consortium	NS6_w5	3.23270521221982	0.380722057466429	32	30	1.78426284756824e-09	6.81532210521623e-08
ko.K03346	Week_and_Consortium	NS6_w5	3.23270521221982	0.380722057466429	32	30	1.78426284756824e-09	6.81532210521623e-08
ko.K00105	Week_and_Consortium	NS6_w5	3.23270521221982	0.380722057466429	32	30	1.78426284756824e-09	6.81532210521623e-08
ko.K21275	Week_and_Consortium	NS6_w5	3.23270521221982	0.380722057466429	32	30	1.78426284756824e-09	6.81532210521623e-08
ko.K02244	Week_and_Consortium	NS6_w5	3.23270521221982	0.380722057466429	32	30	1.78426284756824e-09	6.81532210521623e-08
ko.K18935	Week_and_Consortium	NS6_w5	3.23270521221982	0.380722057466429	32	30	1.78426284756824e-09	6.81532210521623e-08
ko.K15975	Week_and_Consortium	NS6_w5	3.23270521221982	0.380722057466429	32	30	1.78426284758289e-09	6.81532210521623e-08
ko.K03095	Week_and_Consortium	NS6_w5	3.23270521221982	0.380722057466429	32	30	1.78426284756824e-09	6.81532210521623e-08
ko.K22043	Week_and_Consortium	NS6_w5	3.23270521221982	0.380722057466429	32	30	1.78426284756824e-09	6.81532210521623e-08
ko.K18821	Week_and_Consortium	NS6_w5	3.23270521221982	0.380722057466429	32	30	1.78426284756824e-09	6.81532210521623e-08
ko.K17217	Week_and_Consortium	NS6_w5	3.23270521221982	0.380722057466429	32	30	1.78426284756824e-09	6.81532210521623e-08
ko.K06977	Week_and_Consortium	NS6_w5	3.23270521221982	0.380722057466429	32	30	1.78426284756824e-09	6.81532210521623e-08
ko.K05339	Week_and_Consortium	NS6_w5	3.23270521221982	0.380722057466429	32	30	1.78426284756824e-09	6.81532210521623e-08
ko.K07498	Week_and_Consortium	NS6_w5	3.23270521221982	0.380722057466429	32	30	1.78426284756824e-09	6.81532210521623e-08
ko.K17869	Week_and_Consortium	NS6_w5	3.23270521221982	0.380722057466429	32	30	1.78426284756824e-09	6.81532210521623e-08
ko.K21828	Week_and_Consortium	NS6_w5	3.23270521221982	0.380722057466429	32	30	1.78426284756824e-09	6.81532210521623e-08
ko.K22330	Week_and_Consortium	NS6_w5	3.23270521221982	0.380722057466429	32	30	1.78426284756824e-09	6.81532210521623e-08
ko.K21713	Week_and_Consortium	NS6_w5	3.23270521221982	0.380722057466429	32	30	1.78426284756824e-09	6.81532210521623e-08
ko.K09695	Week_and_Consortium	NS6_w5	3.23270521221982	0.380722057466429	32	30	1.78426284756824e-09	6.81532210521623e-08
ko.K09694	Week_and_Consortium	NS6_w5	3.23270521221982	0.380722057466429	32	30	1.78426284756824e-09	6.81532210521623e-08
ko.K20379	Week_and_Consortium	NS6_w5	3.23270521221982	0.380722057466429	32	30	1.78426284756824e-09	6.81532210521623e-08
ko.K02817	Week_and_Consortium	NS6_w5	3.23270521221982	0.380722057466429	32	30	1.78426284756824e-09	6.81532210521623e-08
ko.K18149	Week_and_Consortium	NS6_w5	3.23270521221982	0.380722057466429	32	30	1.78426284756824e-09	6.81532210521623e-08
ko.K13688	Week_and_Consortium	NS6_w5	3.23270521221982	0.380722057466429	32	30	1.78426284756824e-09	6.81532210521623e-08
ko.K21298	Week_and_Consortium	NS6_w5	3.23270521221982	0.380722057466429	32	30	1.78426284756824e-09	6.81532210521623e-08
ko.K17463	Week_and_Consortium	NS6_w5	3.23270521221982	0.380722057466429	32	30	1.78426284756824e-09	6.81532210521623e-08
ko.K06216	Week_and_Consortium	NS6_w5	3.23270521221982	0.380722057466429	32	30	1.78426284756824e-09	6.81532210521623e-08
ko.K01073	Week_and_Consortium	NS6_w5	3.23270521221982	0.380722057466429	32	30	1.78426284756824e-09	6.81532210521623e-08
ko.K18476	Week_and_Consortium	NS6_w5	3.23270521221982	0.380722057466429	32	30	1.78426284756824e-09	6.81532210521623e-08
ko.K18891	Week_and_Consortium	NS6_w5	3.23270521221982	0.380722057466429	32	30	1.78426284756824e-09	6.81532210521623e-08
ko.K18892	Week_and_Consortium	NS6_w5	3.23270521221982	0.380722057466429	32	30	1.78426284756824e-09	6.81532210521623e-08
ko.K19220	Week_and_Consortium	NS6_w5	3.23270521221982	0.380722057466429	32	30	1.78426284756824e-09	6.81532210521623e-08
ko.K20342	Week_and_Consortium	NS6_w5	3.23270521221982	0.380722057466429	32	30	1.78426284756824e-09	6.81532210521623e-08
ko.K03693	Week_and_Consortium	NS6_w5	3.23270521221982	0.380722057466429	32	30	1.78426284756824e-09	6.81532210521623e-08
ko.K12551	Week_and_Consortium	NS6_w5	3.23270521221982	0.380722057466429	32	30	1.78426284756824e-09	6.81532210521623e-08
ko.K05823	Week_and_Consortium	NS6_w5	3.23270521221982	0.380722057466429	32	30	1.78426284756824e-09	6.81532210521623e-08
ko.K07487	Week_and_Consortium	NS6_w5	3.23270521221982	0.380722057466429	32	30	1.78426284758289e-09	6.81532210521623e-08
ko.K08693	Week_and_Consortium	NS6_w5	3.23270521221982	0.380722057466429	32	30	1.78426284756824e-09	6.81532210521623e-08
ko.K21463	Week_and_Consortium	NS6_w5	3.23270521221982	0.380722057466429	32	30	1.78426284756824e-09	6.81532210521623e-08
ko.K17465	Week_and_Consortium	NS6_w5	3.23270521221982	0.380722057466429	32	30	1.78426284756824e-09	6.81532210521623e-08
ko.K17473	Week_and_Consortium	NS6_w5	3.23270521221982	0.380722057466429	32	30	1.78426284756824e-09	6.81532210521623e-08
ko.K17464	Week_and_Consortium	NS6_w5	3.23270521221982	0.380722057466429	32	30	1.78426284756824e-09	6.81532210521623e-08
ko.K17466	Week_and_Consortium	NS6_w5	3.23270521221982	0.380722057466429	32	30	1.78426284756824e-09	6.81532210521623e-08
ko.K20113	Week_and_Consortium	NS6_w5	3.23270521221982	0.380722057466429	32	30	1.78426284756824e-09	6.81532210521623e-08
ko.K20112	Week_and_Consortium	NS6_w5	3.23270521221982	0.380722057466429	32	30	1.78426284756824e-09	6.81532210521623e-08
ko.K13530	Week_and_Consortium	NS6_w5	3.23270521221982	0.380722057466429	32	30	1.78426284756824e-09	6.81532210521623e-08
ko.K11704	Week_and_Consortium	NS6_w5	3.23270521221982	0.380722057466429	32	30	1.78426284756824e-09	6.81532210521623e-08
ko.K19971	Week_and_Consortium	NS6_w5	3.23270521221982	0.380722057466429	32	30	1.78426284756824e-09	6.81532210521623e-08
ko.K11705	Week_and_Consortium	NS6_w5	3.23270521221982	0.380722057466429	32	30	1.78426284756824e-09	6.81532210521623e-08
ko.K19972	Week_and_Consortium	NS6_w5	3.23270521221982	0.380722057466429	32	30	1.78426284756824e-09	6.81532210521623e-08
ko.K10830	Week_and_Consortium	NS6_w5	3.23270521221982	0.380722057466429	32	30	1.78426284756824e-09	6.81532210521623e-08
ko.K11706	Week_and_Consortium	NS6_w5	3.23270521221982	0.380722057466429	32	30	1.78426284756824e-09	6.81532210521623e-08
ko.K09699	Week_and_Consortium	NS6_w5	3.23270521221982	0.380722057466429	32	30	1.78426284756824e-09	6.81532210521623e-08
ko.K00167	Week_and_Consortium	NS6_w5	3.23270521221982	0.380722057466429	32	30	1.78426284756824e-09	6.81532210521623e-08
ko.K00166	Week_and_Consortium	NS6_w5	3.23270521221982	0.380722057466429	32	30	1.78426284756824e-09	6.81532210521623e-08
ko.K18925	Week_and_Consortium	NS6_w5	3.23270521221982	0.380722057466429	32	30	1.78426284756824e-09	6.81532210521623e-08
ko.K18924	Week_and_Consortium	NS6_w5	3.23270521221982	0.380722057466429	32	30	1.78426284756824e-09	6.81532210521623e-08
ko.K05338	Week_and_Consortium	NS6_w5	3.23270521221982	0.380722057466429	32	30	1.78426284756824e-09	6.81532210521623e-08
ko.K08167	Week_and_Consortium	NS6_w5	3.23270521221982	0.380722057466429	32	30	1.78426284756824e-09	6.81532210521623e-08
ko.K00839	Week_and_Consortium	NS6_w5	3.23270521221982	0.380722057466429	32	30	1.78426284756824e-09	6.81532210521623e-08
ko.K03731	Week_and_Consortium	NS6_w5	3.23270521221982	0.380722057466429	32	30	1.78426284756824e-09	6.81532210521623e-08
ko.K20382	Week_and_Consortium	NS6_w5	3.23270521221982	0.380722057466429	32	30	1.78426284756824e-09	6.81532210521623e-08
ko.K11635	Week_and_Consortium	NS6_w5	3.23270521221982	0.380722057466429	32	30	1.78426284756824e-09	6.81532210521623e-08
ko.K01318	Week_and_Consortium	NS6_w5	3.23270521221982	0.380722057466429	32	30	1.78426284756824e-09	6.81532210521623e-08
ko.K08605	Week_and_Consortium	NS6_w5	3.23270521221982	0.380722057466429	32	30	1.78426284756824e-09	6.81532210521623e-08
ko.K01400	Week_and_Consortium	NS6_w5	3.23270521221982	0.380722057466429	32	30	1.78426284756824e-09	6.81532210521623e-08
ko.K07177	Week_and_Consortium	NS6_w5	2.25803586007144	0.266256260444699	32	32	1.83131281591712e-09	6.94038942969839e-08
ko.K20391	Week_and_Consortium	NS6_w5	2.04505946808843	0.274072919658723	32	32	2.57114724180991e-08	9.6687095116433e-07
ko.K03483	Week_and_Consortium	NS6_w5	2.20387670196512	0.318076599335118	32	32	1.07597778754136e-07	4.01505249797166e-06
ko.K02074	Week_and_Consortium	NS6_w5	1.16412641764158	0.167019315701706	32	32	1.15861439571259e-07	4.29041101801663e-06
ko.K06999	Week_and_Consortium	NS6_w5	1.83677049770392	0.272959757551706	32	32	1.85405238309251e-07	6.81364250786499e-06
ko.K12554	Week_and_Consortium	NS6_w5	1.85774825490543	0.291333029072842	32	32	4.88896323868573e-07	1.78318501284695e-05
ko.K03647	Week_and_Consortium	NS6_w5	1.85622818586367	0.293523740513057	32	32	5.65832765702254e-07	2.04839906449376e-05
ko.K19577	Week_and_Consortium	NS6_w5	1.74917876144398	0.284031979293582	32	32	8.96270289700632e-07	3.2205979076576e-05
ko.K02100	Week_and_Consortium	NS6_w5	0.606587461647909	0.0990127451285083	32	32	9.79910577458454e-07	3.49525456709629e-05
ko.K00851	Week_and_Consortium	NS6_w5	1.74306380797022	0.298267299150448	32	32	2.44585305196335e-06	8.48523913452977e-05
ko.K08317	Week_and_Consortium	NS6_w5	1.84861051889602	0.316631195522772	32	32	2.48382592682587e-06	8.48523913452977e-05
ko.K19784	Week_and_Consortium	NS6_w5	1.84861051889602	0.316631195522772	32	32	2.48382592682587e-06	8.48523913452977e-05
ko.K01635	Week_and_Consortium	NS6_w5	1.84861051889602	0.316631195522772	32	32	2.48382592682587e-06	8.48523913452977e-05
ko.K06191	Week_and_Consortium	NS6_w5	1.74306380797022	0.298267299150448	32	32	2.44585305196335e-06	8.48523913452977e-05
ko.K02781	Week_and_Consortium	NS6_w5	1.84861051889602	0.316631195522772	32	32	2.48382592682587e-06	8.48523913452977e-05
ko.K08369	Week_and_Consortium	NS6_w5	1.14705358405947	0.199805752221427	32	32	2.88279253991001e-06	9.77931930846396e-05
ko.K03312	Week_and_Consortium	NS6_w5	0.652312670077595	0.113480198859346	32	32	3.18434802317054e-06	0.000107272724030557
ko.K18926	Week_and_Consortium	NS6_w5	1.48206996768754	0.262934568983085	32	32	3.86425944270137e-06	0.000129279465907202
ko.K22306	Week_and_Consortium	NS6_w5	1.62890342332469	0.289808478273663	32	32	4.53106441672971e-06	0.00014851482084835
ko.K00324	Week_and_Consortium	NS6_w5	1.62890342332469	0.289808478273663	32	32	4.53106441672971e-06	0.00014851482084835
ko.K16235	Week_and_Consortium	NS6_w5	1.62890342332469	0.289808478273663	32	32	4.53106441672971e-06	0.00014851482084835
ko.K02773	Week_and_Consortium	NS6_w5	1.79981267096421	0.333891140409434	32	32	7.7353364242262e-06	0.000251839711368599
ko.K00564	Week_and_Consortium	NS6_w5	1.65860158425059	0.3143564173782	32	32	1.17733635886849e-05	0.000344190665116695
ko.K02783	Week_and_Consortium	NS6_w5	1.70926255897667	0.326621697936802	32	32	1.32681208775143e-05	0.000344190665116695
ko.K10805	Week_and_Consortium	NS6_w5	1.60321127864937	0.305934340405861	32	32	1.30046112912918e-05	0.000344190665116695
ko.K05838	Week_and_Consortium	NS6_w5	1.60321127864937	0.305934340405861	32	32	1.30046112912918e-05	0.000344190665116695
ko.K06048	Week_and_Consortium	NS6_w5	1.60321127864937	0.305934340405861	32	32	1.30046112912918e-05	0.000344190665116695
ko.K00383	Week_and_Consortium	NS6_w5	1.70926255897668	0.326621697932162	32	32	1.32681208754166e-05	0.000344190665116695
ko.K02444	Week_and_Consortium	NS6_w5	1.70926255897668	0.326621697932162	32	32	1.32681208754166e-05	0.000344190665116695
ko.K02438	Week_and_Consortium	NS6_w5	1.60321127864937	0.305934340405861	32	32	1.30046112912918e-05	0.000344190665116695
ko.K01669	Week_and_Consortium	NS6_w5	1.70926255897668	0.326621697932162	32	32	1.32681208754166e-05	0.000344190665116695
ko.K07243	Week_and_Consortium	NS6_w5	1.60321127864937	0.305934340405861	32	32	1.30046112912918e-05	0.000344190665116695
ko.K00557	Week_and_Consortium	NS6_w5	1.70926255897668	0.326621697932162	32	32	1.32681208754166e-05	0.000344190665116695
ko.K01419	Week_and_Consortium	NS6_w5	1.70926255897668	0.326621697932162	32	32	1.32681208754166e-05	0.000344190665116695
ko.K03667	Week_and_Consortium	NS6_w5	1.70926255897668	0.326621697932162	32	32	1.32681208754166e-05	0.000344190665116695
ko.K00867	Week_and_Consortium	NS6_w5	1.70926255897668	0.326621697932162	32	32	1.32681208754166e-05	0.000344190665116695
ko.K02802	Week_and_Consortium	NS6_w5	1.70926255897668	0.326621697932162	32	32	1.32681208754166e-05	0.000344190665116695
ko.K01597	Week_and_Consortium	NS6_w5	1.70926255897668	0.326621697932162	32	32	1.32681208754166e-05	0.000344190665116695
ko.K08093	Week_and_Consortium	NS6_w5	1.70926255897668	0.326621697932162	32	32	1.32681208754166e-05	0.000344190665116695
ko.K17209	Week_and_Consortium	NS6_w5	1.60321127864937	0.305934340405861	32	32	1.30046112912918e-05	0.000344190665116695
ko.K00285	Week_and_Consortium	NS6_w5	1.70926255897668	0.326621697932162	32	32	1.32681208754166e-05	0.000344190665116695
ko.K18567	Week_and_Consortium	NS6_w5	1.60321127864937	0.305934340405861	32	32	1.30046112912918e-05	0.000344190665116695
ko.K07006	Week_and_Consortium	NS6_w5	1.60321127864937	0.305934340405861	32	32	1.30046112912918e-05	0.000344190665116695
ko.K01354	Week_and_Consortium	NS6_w5	1.60321127864937	0.305934340405861	32	32	1.30046112912918e-05	0.000344190665116695
ko.K02476	Week_and_Consortium	NS6_w5	1.70926255897668	0.326621697932162	32	32	1.32681208754166e-05	0.000344190665116695
ko.K11614	Week_and_Consortium	NS6_w5	1.70926255897668	0.326621697932162	32	32	1.32681208754166e-05	0.000344190665116695
ko.K00325	Week_and_Consortium	NS6_w5	1.60321127864937	0.305934340405861	32	32	1.30046112912918e-05	0.000344190665116695
ko.K08296	Week_and_Consortium	NS6_w5	1.60321127864937	0.305934340405861	32	32	1.30046112912918e-05	0.000344190665116695
ko.K02782	Week_and_Consortium	NS6_w5	1.70926255897668	0.326621697932162	32	32	1.32681208754166e-05	0.000344190665116695
ko.K06929	Week_and_Consortium	NS6_w5	1.70926255897668	0.326621697932162	32	32	1.32681208754166e-05	0.000344190665116695
ko.K07146	Week_and_Consortium	NS6_w5	1.70926255897668	0.326621697932162	32	32	1.32681208754166e-05	0.000344190665116695
ko.K10986	Week_and_Consortium	NS6_w5	1.70926255897668	0.326621697932162	32	32	1.32681208754166e-05	0.000344190665116695
ko.K10984	Week_and_Consortium	NS6_w5	1.70926255897668	0.326621697932162	32	32	1.32681208754166e-05	0.000344190665116695
ko.K05794	Week_and_Consortium	NS6_w5	1.60321127864937	0.305934340405861	32	32	1.30046112912918e-05	0.000344190665116695
ko.K11939	Week_and_Consortium	NS6_w5	1.60321127864937	0.305934340405861	32	32	1.30046112912918e-05	0.000344190665116695
ko.K03290	Week_and_Consortium	NS6_w5	1.60321127864937	0.305934340405861	32	32	1.30046112912918e-05	0.000344190665116695
ko.K08178	Week_and_Consortium	NS6_w5	1.60321127864937	0.305934340405861	32	32	1.30046112912918e-05	0.000344190665116695
ko.K15327	Week_and_Consortium	NS6_w5	1.70926255897668	0.326621697932162	32	32	1.32681208754166e-05	0.000344190665116695
ko.K15329	Week_and_Consortium	NS6_w5	1.70926255897668	0.326621697932162	32	32	1.32681208754166e-05	0.000344190665116695
ko.K01174	Week_and_Consortium	NS6_w5	1.70926255897668	0.326621697932162	32	32	1.32681208754166e-05	0.000344190665116695
ko.K08972	Week_and_Consortium	NS6_w5	1.44900304864866	0.278749726388169	32	32	1.46206638997513e-05	0.000375263706760284
ko.K10039	Week_and_Consortium	NS6_w5	1.44900304864866	0.278749726388169	32	32	1.46206638997513e-05	0.000375263706760284
ko.K00694	Week_and_Consortium	NS6_w5	0.836536256469291	0.162157411241387	32	32	1.48774177045557e-05	0.00037984396465684
ko.K10824	Week_and_Consortium	NS6_w5	0.767728426710168	0.150195322406143	32	32	1.70019535831467e-05	0.000431814014826411
ko.K07347	Week_and_Consortium	NS6_w5	1.52379226672784	0.344547550221894	32	32	0.000125729329322146	0.00044682269404543
ko.K14062	Week_and_Consortium	NS6_w5	1.52379226672785	0.344547550223041	32	32	0.000125729329319932	0.00044682269404543
ko.K09476	Week_and_Consortium	NS6_w5	1.52379226672785	0.344547550223041	32	32	0.000125729329319932	0.00044682269404543
ko.K08351	Week_and_Consortium	NS6_w5	1.52379226672785	0.344547550223041	32	32	0.000125729329319932	0.00044682269404543
ko.K11929	Week_and_Consortium	NS6_w5	1.52379226672785	0.344547550223041	32	32	0.000125729329319932	0.00044682269404543
ko.K07345	Week_and_Consortium	NS6_w5	1.52379226672785	0.344547550248362	32	32	0.000125729329474529	0.00044682269404543
ko.K19230	Week_and_Consortium	NS6_w5	1.52379226672785	0.344547550249163	32	32	0.000125729329476136	0.00044682269404543
ko.K09475	Week_and_Consortium	NS6_w5	1.52379226672785	0.344547550223041	32	32	0.000125729329319932	0.00044682269404543
ko.K16076	Week_and_Consortium	NS6_w5	1.52379226672785	0.344547550248362	32	32	0.000125729329474529	0.00044682269404543
ko.K03757	Week_and_Consortium	NS6_w5	1.52379226672785	0.344547550248688	32	32	0.000125729329474621	0.00044682269404543
ko.K08348	Week_and_Consortium	NS6_w5	1.2933173927137	0.290752745850676	32	32	0.000117161174168506	0.00044682269404543
ko.K10551	Week_and_Consortium	NS6_w5	1.52379226672785	0.344547550248688	32	32	0.000125729329474621	0.00044682269404543
ko.K10545	Week_and_Consortium	NS6_w5	1.52379226672785	0.344547550249163	32	32	0.000125729329476136	0.00044682269404543
ko.K03482	Week_and_Consortium	NS6_w5	1.52379226672784	0.344547550221792	32	32	0.000125729329324596	0.00044682269404543
ko.K11201	Week_and_Consortium	NS6_w5	1.16666079647976	0.2452450749967	32	32	4.62184495284937e-05	0.00044682269404543
ko.K05877	Week_and_Consortium	NS6_w5	1.52379226672785	0.344547550248688	32	32	0.000125729329474621	0.00044682269404543
ko.K09996	Week_and_Consortium	NS6_w5	1.52379226672785	0.344547550248688	32	32	0.000125729329474621	0.00044682269404543
ko.K10004	Week_and_Consortium	NS6_w5	1.2933173927137	0.290752745850676	32	32	0.000117161174168506	0.00044682269404543
ko.K10038	Week_and_Consortium	NS6_w5	1.52379226672785	0.344547550248688	32	32	0.000125729329474621	0.00044682269404543
ko.K00799	Week_and_Consortium	NS6_w5	1.52379226672785	0.344547550248688	32	32	0.000125729329474621	0.00044682269404543
ko.K16291	Week_and_Consortium	NS6_w5	1.52379226672785	0.344547550248688	32	32	0.000125729329474621	0.00044682269404543
ko.K13896	Week_and_Consortium	NS6_w5	1.52379226672785	0.344547550248688	32	32	0.000125729329474621	0.00044682269404543
ko.K05874	Week_and_Consortium	NS6_w5	1.52379226672785	0.344547550248688	32	32	0.000125729329474621	0.00044682269404543
ko.K19229	Week_and_Consortium	NS6_w5	1.52379226672785	0.344547550248688	32	32	0.000125729329474621	0.00044682269404543
ko.K05875	Week_and_Consortium	NS6_w5	1.52379226672785	0.344547550248688	32	32	0.000125729329474621	0.00044682269404543
ko.K13892	Week_and_Consortium	NS6_w5	1.2933173927137	0.290752745850676	32	32	0.000117161174168506	0.00044682269404543
ko.K05876	Week_and_Consortium	NS6_w5	1.52379226672785	0.344547550248688	32	32	0.000125729329474621	0.00044682269404543
ko.K03229	Week_and_Consortium	NS6_w5	1.52379226672785	0.344547550248362	32	32	0.000125729329474529	0.00044682269404543
ko.K01584	Week_and_Consortium	NS6_w5	1.23554560380009	0.279100603968986	32	32	0.000124249065926089	0.00044682269404543
ko.K18530	Week_and_Consortium	NS6_w5	1.52379226672785	0.344547550248362	32	32	0.000125729329474529	0.00044682269404543
ko.K03755	Week_and_Consortium	NS6_w5	1.52379226672785	0.344547550248362	32	32	0.000125729329474529	0.00044682269404543
ko.K03759	Week_and_Consortium	NS6_w5	1.09067260468778	0.238081101464894	32	32	8.11338013395776e-05	0.00044682269404543
ko.K22510	Week_and_Consortium	NS6_w5	1.52379226672785	0.344547550248362	32	32	0.000125729329474529	0.00044682269404543
ko.K05548	Week_and_Consortium	NS6_w5	1.52379226672784	0.344547550221792	32	32	0.000125729329324596	0.00044682269404543
ko.K00313	Week_and_Consortium	NS6_w5	1.23554560380009	0.279100603968986	32	32	0.000124249065926089	0.00044682269404543
ko.K19235	Week_and_Consortium	NS6_w5	1.52379226672784	0.344547550221792	32	32	0.000125729329324596	0.00044682269404543
ko.K08137	Week_and_Consortium	NS6_w5	1.52379226672784	0.344547550221792	32	32	0.000125729329324596	0.00044682269404543
ko.K15828	Week_and_Consortium	NS6_w5	1.52379226672785	0.344547550250358	32	32	0.000125729329493303	0.00044682269404543
ko.K04772	Week_and_Consortium	NS6_w5	1.52379226672784	0.344547550221792	32	32	0.000125729329324596	0.00044682269404543
ko.K12299	Week_and_Consortium	NS6_w5	1.52379226672784	0.344547550221792	32	32	0.000125729329324596	0.00044682269404543
ko.K03535	Week_and_Consortium	NS6_w5	1.52379226672784	0.344547550221792	32	32	0.000125729329324596	0.00044682269404543
ko.K12371	Week_and_Consortium	NS6_w5	1.52379226672784	0.344547550221792	32	32	0.000125729329324596	0.00044682269404543
ko.K03746	Week_and_Consortium	NS6_w5	1.52379226672785	0.344547550248362	32	32	0.000125729329474529	0.00044682269404543
ko.K18862	Week_and_Consortium	NS6_w5	1.52379226672784	0.344547550221792	32	32	0.000125729329324596	0.00044682269404543
ko.K11920	Week_and_Consortium	NS6_w5	1.52379226672785	0.344547550250358	32	32	0.000125729329493303	0.00044682269404543
ko.K11076	Week_and_Consortium	NS6_w5	1.52379226672784	0.344547550221792	32	32	0.000125729329324596	0.00044682269404543
ko.K11922	Week_and_Consortium	NS6_w5	1.52379226672785	0.344547550248362	32	32	0.000125729329474529	0.00044682269404543
ko.K02454	Week_and_Consortium	NS6_w5	1.52379226672784	0.344547550221792	32	32	0.000125729329324596	0.00044682269404543
ko.K02532	Week_and_Consortium	NS6_w5	1.5751589014844	0.320515790506553	32	32	3.21752420371381e-05	0.00044682269404543
ko.K02455	Week_and_Consortium	NS6_w5	1.52379226672785	0.344547550248362	32	32	0.000125729329474529	0.00044682269404543
ko.K03291	Week_and_Consortium	NS6_w5	1.52379226672784	0.344547550221792	32	32	0.000125729329324596	0.00044682269404543
ko.K19611	Week_and_Consortium	NS6_w5	1.52379226672785	0.344547550248362	32	32	0.000125729329474529	0.00044682269404543
ko.K03834	Week_and_Consortium	NS6_w5	1.52379226672784	0.344547550221792	32	32	0.000125729329324596	0.00044682269404543
ko.K13069	Week_and_Consortium	NS6_w5	1.52379226672784	0.344547550221792	32	32	0.000125729329324596	0.00044682269404543
ko.K18838	Week_and_Consortium	NS6_w5	1.52379226672785	0.344547550248688	32	32	0.000125729329474621	0.00044682269404543
ko.K03808	Week_and_Consortium	NS6_w5	1.52379226672785	0.344547550248362	32	32	0.000125729329474529	0.00044682269404543
ko.K01823	Week_and_Consortium	NS6_w5	1.55467174842359	0.319183168173421	32	32	3.63258989938949e-05	0.00044682269404543
ko.K11209	Week_and_Consortium	NS6_w5	1.52379226672785	0.344547550248362	32	32	0.000125729329474529	0.00044682269404543
ko.K14060	Week_and_Consortium	NS6_w5	1.52379226672785	0.344547550250358	32	32	0.000125729329493303	0.00044682269404543
ko.K06192	Week_and_Consortium	NS6_w5	1.52379226672785	0.344547550248362	32	32	0.000125729329474529	0.00044682269404543
ko.K18841	Week_and_Consortium	NS6_w5	1.52379226672785	0.344547550250358	32	32	0.000125729329493303	0.00044682269404543
ko.K08349	Week_and_Consortium	NS6_w5	1.52379226672785	0.344547550248362	32	32	0.000125729329474529	0.00044682269404543
ko.K08350	Week_and_Consortium	NS6_w5	1.52379226672785	0.344547550248362	32	32	0.000125729329474529	0.00044682269404543
ko.K11685	Week_and_Consortium	NS6_w5	1.52379226672785	0.344547550248362	32	32	0.000125729329474529	0.00044682269404543
ko.K09024	Week_and_Consortium	NS6_w5	1.52379226672785	0.344547550250358	32	32	0.000125729329493303	0.00044682269404543
ko.K08160	Week_and_Consortium	NS6_w5	1.52379226672785	0.344547550248362	32	32	0.000125729329474529	0.00044682269404543
ko.K00374	Week_and_Consortium	NS6_w5	1.52379226672785	0.344547550248362	32	32	0.000125729329474529	0.00044682269404543
ko.K00373	Week_and_Consortium	NS6_w5	1.52379226672785	0.344547550248362	32	32	0.000125729329474529	0.00044682269404543
ko.K00371	Week_and_Consortium	NS6_w5	1.52379226672785	0.344547550248362	32	32	0.000125729329474529	0.00044682269404543
ko.K07480	Week_and_Consortium	NS6_w5	1.52379226672785	0.344547550248362	32	32	0.000125729329474529	0.00044682269404543
ko.K00370	Week_and_Consortium	NS6_w5	1.52379226672785	0.344547550248362	32	32	0.000125729329474529	0.00044682269404543
ko.K07674	Week_and_Consortium	NS6_w5	1.52379226672785	0.344547550248362	32	32	0.000125729329474529	0.00044682269404543
ko.K01782	Week_and_Consortium	NS6_w5	1.52379226672785	0.344547550248362	32	32	0.000125729329474529	0.00044682269404543
ko.K20609	Week_and_Consortium	NS6_w5	1.52379226672785	0.344547550248362	32	32	0.000125729329474529	0.00044682269404543
ko.K08326	Week_and_Consortium	NS6_w5	1.52379226672785	0.344547550250358	32	32	0.000125729329493303	0.00044682269404543
ko.K21906	Week_and_Consortium	NS6_w5	1.52379226672785	0.344547550250358	32	32	0.000125729329493303	0.00044682269404543
ko.K21905	Week_and_Consortium	NS6_w5	1.52379226672785	0.344547550250358	32	32	0.000125729329493303	0.00044682269404543
ko.K07689	Week_and_Consortium	NS6_w5	1.52379226672785	0.344547550248362	32	32	0.000125729329474529	0.00044682269404543
ko.K11074	Week_and_Consortium	NS6_w5	1.52379226672785	0.344547550248362	32	32	0.000125729329474529	0.00044682269404543
ko.K21907	Week_and_Consortium	NS6_w5	1.52379226672785	0.344547550250358	32	32	0.000125729329493303	0.00044682269404543
ko.K21963	Week_and_Consortium	NS6_w5	1.52379226672785	0.344547550250358	32	32	0.000125729329493303	0.00044682269404543
ko.K12151	Week_and_Consortium	NS6_w5	1.52379226672785	0.344547550248362	32	32	0.000125729329474529	0.00044682269404543
ko.K02814	Week_and_Consortium	NS6_w5	1.52379226672785	0.344547550250358	32	32	0.000125729329493303	0.00044682269404543
ko.K11139	Week_and_Consortium	NS6_w5	1.52379226672785	0.344547550248362	32	32	0.000125729329474529	0.00044682269404543
ko.K14057	Week_and_Consortium	NS6_w5	1.52379226672785	0.344547550248362	32	32	0.000125729329474529	0.00044682269404543
ko.K03078	Week_and_Consortium	NS6_w5	1.62406661037726	0.334182143040861	32	32	3.74487155692745e-05	0.00044682269404543
ko.K03577	Week_and_Consortium	NS6_w5	1.22590999001411	0.256660090766391	32	32	4.72124587861897e-05	0.00044682269404543
ko.K12678	Week_and_Consortium	NS6_w5	1.52379226672784	0.344547550221792	32	32	0.000125729329324596	0.00044682269404543
ko.K13244	Week_and_Consortium	NS6_w5	1.52379226672785	0.344547550248362	32	32	0.000125729329474529	0.00044682269404543
ko.K18141	Week_and_Consortium	NS6_w5	1.52379226672785	0.344547550248362	32	32	0.000125729329474529	0.00044682269404543
ko.K18142	Week_and_Consortium	NS6_w5	1.52379226672785	0.344547550248362	32	32	0.000125729329474529	0.00044682269404543
ko.K21089	Week_and_Consortium	NS6_w5	1.52379226672785	0.344547550248362	32	32	0.000125729329474529	0.00044682269404543
ko.K07349	Week_and_Consortium	NS6_w5	1.52379226672785	0.344547550248362	32	32	0.000125729329474529	0.00044682269404543
ko.K07797	Week_and_Consortium	NS6_w5	1.52379226672785	0.344547550248362	32	32	0.000125729329474529	0.00044682269404543
ko.K07690	Week_and_Consortium	NS6_w5	1.52379226672785	0.344547550248362	32	32	0.000125729329474529	0.00044682269404543
ko.K21972	Week_and_Consortium	NS6_w5	1.52379226672785	0.344547550248362	32	32	0.000125729329474529	0.00044682269404543
ko.K22491	Week_and_Consortium	NS6_w5	1.52379226672785	0.344547550248362	32	32	0.000125729329474529	0.00044682269404543
ko.K16324	Week_and_Consortium	NS6_w5	1.52379226672785	0.344547550248362	32	32	0.000125729329474529	0.00044682269404543
ko.K03532	Week_and_Consortium	NS6_w5	1.52379226672785	0.344547550248362	32	32	0.000125729329474529	0.00044682269404543
ko.K14348	Week_and_Consortium	NS6_w5	1.52379226672785	0.344547550248362	32	32	0.000125729329474529	0.00044682269404543
ko.K11474	Week_and_Consortium	NS6_w5	1.52379226672785	0.344547550248362	32	32	0.000125729329474529	0.00044682269404543
ko.K11734	Week_and_Consortium	NS6_w5	1.52379226672785	0.344547550248362	32	32	0.000125729329474529	0.00044682269404543
ko.K11732	Week_and_Consortium	NS6_w5	1.52379226672785	0.344547550248362	32	32	0.000125729329474529	0.00044682269404543
ko.K03836	Week_and_Consortium	NS6_w5	1.52379226672785	0.344547550248362	32	32	0.000125729329474529	0.00044682269404543
ko.K03835	Week_and_Consortium	NS6_w5	1.52379226672785	0.344547550248362	32	32	0.000125729329474529	0.00044682269404543
ko.K04786	Week_and_Consortium	NS6_w5	1.52379226672784	0.344547550221792	32	32	0.000125729329324596	0.00044682269404543
ko.K15835	Week_and_Consortium	NS6_w5	1.52379226672785	0.344547550248362	32	32	0.000125729329474529	0.00044682269404543
ko.K00823	Week_and_Consortium	NS6_w5	1.52379226672785	0.344547550248362	32	32	0.000125729329474529	0.00044682269404543
ko.K03445	Week_and_Consortium	NS6_w5	1.52379226672785	0.344547550248362	32	32	0.000125729329474529	0.00044682269404543
ko.K16346	Week_and_Consortium	NS6_w5	1.52379226672785	0.344547550248362	32	32	0.000125729329474529	0.00044682269404543
ko.K12961	Week_and_Consortium	NS6_w5	1.52379226672785	0.344547550248362	32	32	0.000125729329474529	0.00044682269404543
ko.K21085	Week_and_Consortium	NS6_w5	1.52379226672785	0.344547550248362	32	32	0.000125729329474529	0.00044682269404543
ko.K14052	Week_and_Consortium	NS6_w5	1.52379226672785	0.344547550248362	32	32	0.000125729329474529	0.00044682269404543
ko.K01061	Week_and_Consortium	NS6_w5	1.52379226672785	0.344547550248688	32	32	0.000125729329474621	0.00044682269404543
ko.K00932	Week_and_Consortium	NS6_w5	1.52379226672785	0.344547550248362	32	32	0.000125729329474529	0.00044682269404543
ko.K08070	Week_and_Consortium	NS6_w5	1.52379226672785	0.344547550248362	32	32	0.000125729329474529	0.00044682269404543
ko.K02436	Week_and_Consortium	NS6_w5	1.52379226672785	0.344547550248362	32	32	0.000125729329474529	0.00044682269404543
ko.K10124	Week_and_Consortium	NS6_w5	1.52379226672785	0.344547550250358	32	32	0.000125729329493303	0.00044682269404543
ko.K06222	Week_and_Consortium	NS6_w5	1.52379226672785	0.344547550248362	32	32	0.000125729329474529	0.00044682269404543
ko.K19227	Week_and_Consortium	NS6_w5	1.52379226672785	0.344547550248362	32	32	0.000125729329474529	0.00044682269404543
ko.K07711	Week_and_Consortium	NS6_w5	1.52379226672785	0.344547550248362	32	32	0.000125729329474529	0.00044682269404543
ko.K05527	Week_and_Consortium	NS6_w5	1.52379226672785	0.344547550248362	32	32	0.000125729329474529	0.00044682269404543
ko.K11473	Week_and_Consortium	NS6_w5	1.52379226672785	0.344547550248362	32	32	0.000125729329474529	0.00044682269404543
ko.K12372	Week_and_Consortium	NS6_w5	1.52379226672785	0.344547550248362	32	32	0.000125729329474529	0.00044682269404543
ko.K00427	Week_and_Consortium	NS6_w5	1.52379226672785	0.344547550248362	32	32	0.000125729329474529	0.00044682269404543
ko.K01851	Week_and_Consortium	NS6_w5	1.52379226672785	0.344547550248362	32	32	0.000125729329474529	0.00044682269404543
ko.K12525	Week_and_Consortium	NS6_w5	1.52379226672785	0.344547550248362	32	32	0.000125729329474529	0.00044682269404543
ko.K02458	Week_and_Consortium	NS6_w5	1.52379226672785	0.344547550248362	32	32	0.000125729329474529	0.00044682269404543
ko.K02459	Week_and_Consortium	NS6_w5	1.52379226672785	0.344547550248362	32	32	0.000125729329474529	0.00044682269404543
ko.K02460	Week_and_Consortium	NS6_w5	1.52379226672785	0.344547550248362	32	32	0.000125729329474529	0.00044682269404543
ko.K02461	Week_and_Consortium	NS6_w5	1.52379226672785	0.344547550248362	32	32	0.000125729329474529	0.00044682269404543
ko.K02462	Week_and_Consortium	NS6_w5	1.52379226672785	0.344547550248362	32	32	0.000125729329474529	0.00044682269404543
ko.K11747	Week_and_Consortium	NS6_w5	1.52379226672785	0.344547550248362	32	32	0.000125729329474529	0.00044682269404543
ko.K11745	Week_and_Consortium	NS6_w5	1.52379226672785	0.344547550248362	32	32	0.000125729329474529	0.00044682269404543
ko.K13634	Week_and_Consortium	NS6_w5	1.52379226672785	0.344547550248362	32	32	0.000125729329474529	0.00044682269404543
ko.K07687	Week_and_Consortium	NS6_w5	1.52379226672785	0.344547550248362	32	32	0.000125729329474529	0.00044682269404543
ko.K18920	Week_and_Consortium	NS6_w5	1.52379226672784	0.344547550221792	32	32	0.000125729329324596	0.00044682269404543
ko.K18919	Week_and_Consortium	NS6_w5	1.52379226672785	0.344547550248362	32	32	0.000125729329474529	0.00044682269404543
ko.K06884	Week_and_Consortium	NS6_w5	1.52379226672785	0.344547550250358	32	32	0.000125729329493303	0.00044682269404543
ko.K07312	Week_and_Consortium	NS6_w5	1.52379226672785	0.344547550248362	32	32	0.000125729329474529	0.00044682269404543
ko.K08319	Week_and_Consortium	NS6_w5	1.52379226672785	0.344547550250358	32	32	0.000125729329493303	0.00044682269404543
ko.K09997	Week_and_Consortium	NS6_w5	1.52379226672785	0.344547550248362	32	32	0.000125729329474529	0.00044682269404543
ko.K19709	Week_and_Consortium	NS6_w5	1.52379226672785	0.344547550248362	32	32	0.000125729329474529	0.00044682269404543
ko.K12146	Week_and_Consortium	NS6_w5	1.52379226672785	0.344547550250358	32	32	0.000125729329493303	0.00044682269404543
ko.K15836	Week_and_Consortium	NS6_w5	1.52379226672785	0.344547550250358	32	32	0.000125729329493303	0.00044682269404543
ko.K20945	Week_and_Consortium	NS6_w5	1.52379226672785	0.344547550248362	32	32	0.000125729329474529	0.00044682269404543
ko.K16692	Week_and_Consortium	NS6_w5	1.52379226672785	0.344547550248362	32	32	0.000125729329474529	0.00044682269404543
ko.K22131	Week_and_Consortium	NS6_w5	1.52379226672785	0.344547550248362	32	32	0.000125729329474529	0.00044682269404543
ko.K12974	Week_and_Consortium	NS6_w5	1.52379226672785	0.344547550248362	32	32	0.000125729329474529	0.00044682269404543
ko.K15974	Week_and_Consortium	NS6_w5	1.52379226672785	0.344547550248362	32	32	0.000125729329474529	0.00044682269404543
ko.K07348	Week_and_Consortium	NS6_w5	1.52379226672785	0.344547550248362	32	32	0.000125729329474529	0.00044682269404543
ko.K00249	Week_and_Consortium	NS6_w5	1.52379226672785	0.344547550248362	32	32	0.000125729329474529	0.00044682269404543
ko.K21021	Week_and_Consortium	NS6_w5	1.52379226672785	0.344547550248362	32	32	0.000125729329474529	0.00044682269404543
ko.K03670	Week_and_Consortium	NS6_w5	1.52379226672785	0.344547550248362	32	32	0.000125729329474529	0.00044682269404543
ko.K05844	Week_and_Consortium	NS6_w5	1.52379226672785	0.344547550250358	32	32	0.000125729329493303	0.00044682269404543
ko.K19956	Week_and_Consortium	NS6_w5	1.52379226672785	0.344547550250358	32	32	0.000125729329493303	0.00044682269404543
ko.K07644	Week_and_Consortium	NS6_w5	1.52379226672785	0.344547550248362	32	32	0.000125729329474529	0.00044682269404543
ko.K04117	Week_and_Consortium	NS6_w5	1.52379226672785	0.344547550248362	32	32	0.000125729329474529	0.00044682269404543
ko.K01638	Week_and_Consortium	NS6_w5	1.52379226672785	0.344547550248362	32	32	0.000125729329474529	0.00044682269404543
ko.K12943	Week_and_Consortium	NS6_w5	1.52379226672785	0.344547550248362	32	32	0.000125729329474529	0.00044682269404543
ko.K15827	Week_and_Consortium	NS6_w5	1.52379226672785	0.344547550250358	32	32	0.000125729329493303	0.00044682269404543
ko.K03468	Week_and_Consortium	NS6_w5	1.52379226672785	0.344547550248362	32	32	0.000125729329474529	0.00044682269404543
ko.K06078	Week_and_Consortium	NS6_w5	1.52379226672785	0.344547550250358	32	32	0.000125729329493303	0.00044682269404543
ko.K05685	Week_and_Consortium	NS6_w5	1.52379226672785	0.344547550250358	32	32	0.000125729329493303	0.00044682269404543
ko.K04020	Week_and_Consortium	NS6_w5	1.52379226672785	0.344547550250358	32	32	0.000125729329493303	0.00044682269404543
ko.K19303	Week_and_Consortium	NS6_w5	1.52379226672785	0.344547550248362	32	32	0.000125729329474529	0.00044682269404543
ko.K01766	Week_and_Consortium	NS6_w5	1.52379226672785	0.344547550248362	32	32	0.000125729329474529	0.00044682269404543
ko.K01085	Week_and_Consortium	NS6_w5	1.52379226672785	0.344547550248362	32	32	0.000125729329474529	0.00044682269404543
ko.K07274	Week_and_Consortium	NS6_w5	1.52379226672785	0.344547550248362	32	32	0.000125729329474529	0.00044682269404543
ko.K15829	Week_and_Consortium	NS6_w5	1.52379226672785	0.344547550250358	32	32	0.000125729329493303	0.00044682269404543
ko.K12142	Week_and_Consortium	NS6_w5	1.52379226672785	0.344547550250358	32	32	0.000125729329493303	0.00044682269404543
ko.K15830	Week_and_Consortium	NS6_w5	1.40188237806312	0.313775939605524	32	32	0.000110986086054605	0.00044682269404543
ko.K05997	Week_and_Consortium	NS6_w5	1.52379226672785	0.344547550248362	32	32	0.000125729329474529	0.00044682269404543
ko.K05922	Week_and_Consortium	NS6_w5	1.52379226672785	0.344547550248362	32	32	0.000125729329474529	0.00044682269404543
ko.K03366	Week_and_Consortium	NS6_w5	1.52379226672785	0.344547550248362	32	32	0.000125729329474529	0.00044682269404543
ko.K16370	Week_and_Consortium	NS6_w5	1.52379226672785	0.344547550248362	32	32	0.000125729329474529	0.00044682269404543
ko.K16322	Week_and_Consortium	NS6_w5	1.52379226672785	0.344547550248362	32	32	0.000125729329474529	0.00044682269404543
ko.K06205	Week_and_Consortium	NS6_w5	1.52379226672785	0.344547550248362	32	32	0.000125729329474529	0.00044682269404543
ko.K08194	Week_and_Consortium	NS6_w5	1.52379226672785	0.344547550248362	32	32	0.000125729329474529	0.00044682269404543
ko.K01069	Week_and_Consortium	NS6_w5	1.62406661037726	0.334182143040861	32	32	3.74487155692745e-05	0.00044682269404543
ko.K09016	Week_and_Consortium	NS6_w5	1.52379226672785	0.344547550248362	32	32	0.000125729329474529	0.00044682269404543
ko.K16135	Week_and_Consortium	NS6_w5	1.52379226672785	0.344547550248362	32	32	0.000125729329474529	0.00044682269404543
ko.K12528	Week_and_Consortium	NS6_w5	1.52379226672785	0.344547550250358	32	32	0.000125729329493303	0.00044682269404543
ko.K11206	Week_and_Consortium	NS6_w5	1.18923787166355	0.247665526249094	32	32	4.39984206754646e-05	0.00044682269404543
ko.K12262	Week_and_Consortium	NS6_w5	1.52379226672785	0.344547550248362	32	32	0.000125729329474529	0.00044682269404543
ko.K19270	Week_and_Consortium	NS6_w5	1.52379226672785	0.344547550248362	32	32	0.000125729329474529	0.00044682269404543
ko.K18800	Week_and_Consortium	NS6_w5	1.52379226672785	0.344547550248362	32	32	0.000125729329474529	0.00044682269404543
ko.K00855	Week_and_Consortium	NS6_w5	1.52379226672785	0.344547550248362	32	32	0.000125729329474529	0.00044682269404543
ko.K08313	Week_and_Consortium	NS6_w5	1.52379226672785	0.344547550248362	32	32	0.000125729329474529	0.00044682269404543
ko.K15550	Week_and_Consortium	NS6_w5	1.52379226672785	0.344547550248362	32	32	0.000125729329474529	0.00044682269404543
ko.K22015	Week_and_Consortium	NS6_w5	1.15824388814028	0.248394831443448	32	32	6.46804246055627e-05	0.00044682269404543
ko.K05245	Week_and_Consortium	NS6_w5	1.52379226672785	0.344547550248362	32	32	0.000125729329474529	0.00044682269404543
ko.K00832	Week_and_Consortium	NS6_w5	1.52379226672785	0.344547550248362	32	32	0.000125729329474529	0.00044682269404543
ko.K07350	Week_and_Consortium	NS6_w5	1.52379226672784	0.344547550221792	32	32	0.000125729329324596	0.00044682269404543
ko.K12149	Week_and_Consortium	NS6_w5	1.52379226672785	0.344547550248362	32	32	0.000125729329474529	0.00044682269404543
ko.K11914	Week_and_Consortium	NS6_w5	1.52379226672785	0.344547550248362	32	32	0.000125729329474529	0.00044682269404543
ko.K18922	Week_and_Consortium	NS6_w5	1.52379226672785	0.344547550248362	32	32	0.000125729329474529	0.00044682269404543
ko.K21757	Week_and_Consortium	NS6_w5	1.52379226672785	0.344547550250358	32	32	0.000125729329493303	0.00044682269404543
ko.K12975	Week_and_Consortium	NS6_w5	1.52379226672785	0.344547550248362	32	32	0.000125729329474529	0.00044682269404543
ko.K21742	Week_and_Consortium	NS6_w5	1.52379226672785	0.344547550248362	32	32	0.000125729329474529	0.00044682269404543
ko.K02679	Week_and_Consortium	NS6_w5	1.52379226672785	0.344547550248362	32	32	0.000125729329474529	0.00044682269404543
ko.K20861	Week_and_Consortium	NS6_w5	1.52379226672785	0.344547550248362	32	32	0.000125729329474529	0.00044682269404543
ko.K06006	Week_and_Consortium	NS6_w5	1.52379226672785	0.344547550248362	32	32	0.000125729329474529	0.00044682269404543
ko.K07757	Week_and_Consortium	NS6_w5	1.52379226672785	0.344547550248362	32	32	0.000125729329474529	0.00044682269404543
ko.K08225	Week_and_Consortium	NS6_w5	1.52379226672785	0.344547550250358	32	32	0.000125729329493303	0.00044682269404543
ko.K08682	Week_and_Consortium	NS6_w5	1.52379226672785	0.344547550250358	32	32	0.000125729329493303	0.00044682269404543
ko.K01252	Week_and_Consortium	NS6_w5	1.52379226672785	0.344547550250358	32	32	0.000125729329493303	0.00044682269404543
ko.K12238	Week_and_Consortium	NS6_w5	1.52379226672785	0.344547550250358	32	32	0.000125729329493303	0.00044682269404543
ko.K00216	Week_and_Consortium	NS6_w5	1.52379226672785	0.344547550250358	32	32	0.000125729329493303	0.00044682269404543
ko.K05590	Week_and_Consortium	NS6_w5	1.52379226672785	0.344547550250358	32	32	0.000125729329493303	0.00044682269404543
ko.K11736	Week_and_Consortium	NS6_w5	1.52379226672785	0.344547550250358	32	32	0.000125729329493303	0.00044682269404543
ko.K06140	Week_and_Consortium	NS6_w5	1.52379226672785	0.344547550250358	32	32	0.000125729329493303	0.00044682269404543
ko.K09913	Week_and_Consortium	NS6_w5	1.52379226672785	0.344547550250358	32	32	0.000125729329493303	0.00044682269404543
ko.K11932	Week_and_Consortium	NS6_w5	1.52379226672785	0.344547550250358	32	32	0.000125729329493303	0.00044682269404543
ko.K18968	Week_and_Consortium	NS6_w5	1.52379226672785	0.344547550250358	32	32	0.000125729329493303	0.00044682269404543
ko.K03597	Week_and_Consortium	NS6_w5	1.52379226672785	0.344547550250358	32	32	0.000125729329493303	0.00044682269404543
ko.K03598	Week_and_Consortium	NS6_w5	1.52379226672785	0.344547550250358	32	32	0.000125729329493303	0.00044682269404543
ko.K17938	Week_and_Consortium	NS6_w5	1.52379226672785	0.344547550250358	32	32	0.000125729329493303	0.00044682269404543
ko.K18988	Week_and_Consortium	NS6_w5	1.52379226672785	0.344547550250358	32	32	0.000125729329493303	0.00044682269404543
ko.K03554	Week_and_Consortium	NS6_w5	1.52379226672785	0.344547550250358	32	32	0.000125729329493303	0.00044682269404543
ko.K01166	Week_and_Consortium	NS6_w5	1.52379226672785	0.344547550250358	32	32	0.000125729329493303	0.00044682269404543
ko.K09477	Week_and_Consortium	NS6_w5	1.52379226672785	0.344547550250358	32	32	0.000125729329493303	0.00044682269404543
ko.K01169	Week_and_Consortium	NS6_w5	1.52379226672785	0.344547550250358	32	32	0.000125729329493303	0.00044682269404543
ko.K02364	Week_and_Consortium	NS6_w5	1.52379226672785	0.344547550248362	32	32	0.000125729329474529	0.00044682269404543
ko.K00998	Week_and_Consortium	NS6_w5	1.52379226672785	0.344547550250358	32	32	0.000125729329493303	0.00044682269404543
ko.K00892	Week_and_Consortium	NS6_w5	1.52379226672785	0.344547550250358	32	32	0.000125729329493303	0.00044682269404543
ko.K01772	Week_and_Consortium	NS6_w5	1.02369637988364	0.21915810940299	32	32	6.32397583965692e-05	0.00044682269404543
ko.K07352	Week_and_Consortium	NS6_w5	1.52379226672785	0.344547550250358	32	32	0.000125729329493303	0.00044682269404543
ko.K04067	Week_and_Consortium	NS6_w5	1.52379226672785	0.344547550250358	32	32	0.000125729329493303	0.00044682269404543
ko.K07354	Week_and_Consortium	NS6_w5	1.52379226672785	0.344547550250358	32	32	0.000125729329493303	0.00044682269404543
ko.K19162	Week_and_Consortium	NS6_w5	1.52379226672785	0.344547550250358	32	32	0.000125729329493303	0.00044682269404543
ko.K05839	Week_and_Consortium	NS6_w5	1.52379226672785	0.344547550250358	32	32	0.000125729329493303	0.00044682269404543
ko.K05812	Week_and_Consortium	NS6_w5	1.52379226672785	0.344547550250358	32	32	0.000125729329493303	0.00044682269404543
ko.K10972	Week_and_Consortium	NS6_w5	1.52379226672785	0.344547550250358	32	32	0.000125729329493303	0.00044682269404543
ko.K10973	Week_and_Consortium	NS6_w5	1.52379226672785	0.344547550250358	32	32	0.000125729329493303	0.00044682269404543
ko.K01608	Week_and_Consortium	NS6_w5	1.52379226672785	0.344547550250358	32	32	0.000125729329493303	0.00044682269404543
ko.K07810	Week_and_Consortium	NS6_w5	1.52379226672785	0.344547550250358	32	32	0.000125729329493303	0.00044682269404543
ko.K02300	Week_and_Consortium	NS6_w5	1.52379226672785	0.344547550250358	32	32	0.000125729329493303	0.00044682269404543
ko.K02257	Week_and_Consortium	NS6_w5	1.52379226672785	0.344547550250358	32	32	0.000125729329493303	0.00044682269404543
ko.K09767	Week_and_Consortium	NS6_w5	1.47836942676792	0.295271175881242	32	32	2.28524087775566e-05	0.00044682269404543
ko.K05375	Week_and_Consortium	NS6_w5	1.52379226672785	0.344547550250358	32	32	0.000125729329493303	0.00044682269404543
ko.K01498	Week_and_Consortium	NS6_w5	1.52379226672785	0.344547550250358	32	32	0.000125729329493303	0.00044682269404543
ko.K05517	Week_and_Consortium	NS6_w5	1.52379226672785	0.344547550250358	32	32	0.000125729329493303	0.00044682269404543
ko.K02299	Week_and_Consortium	NS6_w5	1.52379226672785	0.344547550250358	32	32	0.000125729329493303	0.00044682269404543
ko.K18104	Week_and_Consortium	NS6_w5	1.52379226672785	0.344547550250358	32	32	0.000125729329493303	0.00044682269404543
ko.K02298	Week_and_Consortium	NS6_w5	1.52379226672785	0.344547550250358	32	32	0.000125729329493303	0.00044682269404543
ko.K07356	Week_and_Consortium	NS6_w5	1.52379226672785	0.344547550250358	32	32	0.000125729329493303	0.00044682269404543
ko.K11938	Week_and_Consortium	NS6_w5	1.52379226672785	0.344547550250358	32	32	0.000125729329493303	0.00044682269404543
ko.K12500	Week_and_Consortium	NS6_w5	1.52379226672785	0.344547550250358	32	32	0.000125729329493303	0.00044682269404543
ko.K07355	Week_and_Consortium	NS6_w5	1.52379226672785	0.344547550250358	32	32	0.000125729329493303	0.00044682269404543
ko.K07688	Week_and_Consortium	NS6_w5	1.52379226672785	0.344547550250358	32	32	0.000125729329493303	0.00044682269404543
ko.K03214	Week_and_Consortium	NS6_w5	1.52379226672785	0.344547550250358	32	32	0.000125729329493303	0.00044682269404543
ko.K03761	Week_and_Consortium	NS6_w5	1.52379226672785	0.344547550250358	32	32	0.000125729329493303	0.00044682269404543
ko.K02625	Week_and_Consortium	NS6_w5	1.52379226672785	0.344547550250358	32	32	0.000125729329493303	0.00044682269404543
ko.K07796	Week_and_Consortium	NS6_w5	1.52379226672785	0.344547550250358	32	32	0.000125729329493303	0.00044682269404543
ko.K07286	Week_and_Consortium	NS6_w5	1.52379226672785	0.344547550250358	32	32	0.000125729329493303	0.00044682269404543
ko.K08721	Week_and_Consortium	NS6_w5	1.52379226672785	0.344547550250358	32	32	0.000125729329493303	0.00044682269404543
ko.K02297	Week_and_Consortium	NS6_w5	1.52379226672785	0.344547550250358	32	32	0.000125729329493303	0.00044682269404543
ko.K06866	Week_and_Consortium	NS6_w5	1.52379226672785	0.344547550250358	32	32	0.000125729329493303	0.00044682269404543
ko.K15396	Week_and_Consortium	NS6_w5	1.52379226672785	0.344547550250358	32	32	0.000125729329493303	0.00044682269404543
ko.K08993	Week_and_Consortium	NS6_w5	1.52379226672785	0.344547550250358	32	32	0.000125729329493303	0.00044682269404543
ko.K21908	Week_and_Consortium	NS6_w5	1.52379226672785	0.344547550250358	32	32	0.000125729329493303	0.00044682269404543
ko.K19777	Week_and_Consortium	NS6_w5	1.52379226672785	0.344547550250358	32	32	0.000125729329493303	0.00044682269404543
ko.K19778	Week_and_Consortium	NS6_w5	1.52379226672785	0.344547550250358	32	32	0.000125729329493303	0.00044682269404543
ko.K21901	Week_and_Consortium	NS6_w5	1.52379226672785	0.344547550250358	32	32	0.000125729329493303	0.00044682269404543
ko.K03893	Week_and_Consortium	NS6_w5	1.52379226672785	0.344547550250358	32	32	0.000125729329493303	0.00044682269404543
ko.K06149	Week_and_Consortium	NS6_w5	1.52379226672785	0.344547550250358	32	32	0.000125729329493303	0.00044682269404543
ko.K06144	Week_and_Consortium	NS6_w5	1.52379226672785	0.344547550250358	32	32	0.000125729329493303	0.00044682269404543
ko.K13926	Week_and_Consortium	NS6_w5	1.52379226672785	0.344547550250358	32	32	0.000125729329493303	0.00044682269404543
ko.K18899	Week_and_Consortium	NS6_w5	1.52379226672785	0.344547550250358	32	32	0.000125729329493303	0.00044682269404543
ko.K03268	Week_and_Consortium	NS6_w5	1.52379226672785	0.344547550250358	32	32	0.000125729329493303	0.00044682269404543
ko.K14414	Week_and_Consortium	NS6_w5	1.52379226672785	0.344547550250358	32	32	0.000125729329493303	0.00044682269404543
ko.K01974	Week_and_Consortium	NS6_w5	1.52379226672785	0.344547550250358	32	32	0.000125729329493303	0.00044682269404543
ko.K07400	Week_and_Consortium	NS6_w5	1.52379226672785	0.344547550250358	32	32	0.000125729329493303	0.00044682269404543
ko.K02170	Week_and_Consortium	NS6_w5	1.52379226672785	0.344547550250358	32	32	0.000125729329493303	0.00044682269404543
ko.K07490	Week_and_Consortium	NS6_w5	1.52379226672785	0.344547550250358	32	32	0.000125729329493303	0.00044682269404543
ko.K02439	Week_and_Consortium	NS6_w5	1.52379226672785	0.344547550250358	32	32	0.000125729329493303	0.00044682269404543
ko.K02441	Week_and_Consortium	NS6_w5	1.52379226672785	0.344547550250358	32	32	0.000125729329493303	0.00044682269404543
ko.K05817	Week_and_Consortium	NS6_w5	1.52379226672785	0.344547550250358	32	32	0.000125729329493303	0.00044682269404543
ko.K08689	Week_and_Consortium	NS6_w5	1.52379226672785	0.344547550250358	32	32	0.000125729329493303	0.00044682269404543
ko.K05708	Week_and_Consortium	NS6_w5	1.52379226672785	0.344547550250358	32	32	0.000125729329493303	0.00044682269404543
ko.K06145	Week_and_Consortium	NS6_w5	1.52379226672785	0.344547550250358	32	32	0.000125729329493303	0.00044682269404543
ko.K18898	Week_and_Consortium	NS6_w5	1.52379226672785	0.344547550250358	32	32	0.000125729329493303	0.00044682269404543
ko.K12945	Week_and_Consortium	NS6_w5	1.52379226672785	0.344547550250358	32	32	0.000125729329493303	0.00044682269404543
ko.K07054	Week_and_Consortium	NS6_w5	1.52379226672785	0.344547550250358	32	32	0.000125729329493303	0.00044682269404543
ko.K06957	Week_and_Consortium	NS6_w5	1.52379226672785	0.344547550250358	32	32	0.000125729329493303	0.00044682269404543
ko.K18324	Week_and_Consortium	NS6_w5	1.52379226672785	0.344547550250358	32	32	0.000125729329493303	0.00044682269404543
ko.K08077	Week_and_Consortium	NS6_w5	1.52379226672785	0.344547550250358	32	32	0.000125729329493303	0.00044682269404543
ko.K04021	Week_and_Consortium	NS6_w5	1.52379226672785	0.344547550250358	32	32	0.000125729329493303	0.00044682269404543
ko.K03548	Week_and_Consortium	NS6_w5	1.52379226672785	0.344547550250358	32	32	0.000125729329493303	0.00044682269404543
ko.K12144	Week_and_Consortium	NS6_w5	1.52379226672785	0.344547550250358	32	32	0.000125729329493303	0.00044682269404543
ko.K12138	Week_and_Consortium	NS6_w5	1.40188237806312	0.313775939605524	32	32	0.000110986086054605	0.00044682269404543
ko.K03567	Week_and_Consortium	NS6_w5	1.52379226672785	0.344547550250358	32	32	0.000125729329493303	0.00044682269404543
ko.K18335	Week_and_Consortium	NS6_w5	1.52379226672785	0.344547550250358	32	32	0.000125729329493303	0.00044682269404543
ko.K06203	Week_and_Consortium	NS6_w5	1.52379226672785	0.344547550250358	32	32	0.000125729329493303	0.00044682269404543
ko.K11192	Week_and_Consortium	NS6_w5	1.52379226672785	0.344547550250358	32	32	0.000125729329493303	0.00044682269404543
ko.K03528	Week_and_Consortium	NS6_w5	1.52379226672785	0.344547550250358	32	32	0.000125729329493303	0.00044682269404543
ko.K17737	Week_and_Consortium	NS6_w5	1.52379226672785	0.344547550250358	32	32	0.000125729329493303	0.00044682269404543
ko.K11191	Week_and_Consortium	NS6_w5	1.52379226672785	0.344547550250358	32	32	0.000125729329493303	0.00044682269404543
ko.K04022	Week_and_Consortium	NS6_w5	1.52379226672785	0.344547550250358	32	32	0.000125729329493303	0.00044682269404543
ko.K15539	Week_and_Consortium	NS6_w5	1.0752458873474	0.221389917723117	32	32	3.77650098469809e-05	0.00044682269404543
ko.K04025	Week_and_Consortium	NS6_w5	1.52379226672785	0.344547550250358	32	32	0.000125729329493303	0.00044682269404543
ko.K04033	Week_and_Consortium	NS6_w5	1.52379226672785	0.344547550250358	32	32	0.000125729329493303	0.00044682269404543
ko.K07751	Week_and_Consortium	NS6_w5	1.52379226672785	0.344547550250358	32	32	0.000125729329493303	0.00044682269404543
ko.K00228	Week_and_Consortium	NS6_w5	1.52379226672785	0.344547550250358	32	32	0.000125729329493303	0.00044682269404543
ko.K05709	Week_and_Consortium	NS6_w5	1.52379226672785	0.344547550250358	32	32	0.000125729329493303	0.00044682269404543
ko.K18089	Week_and_Consortium	NS6_w5	1.52379226672785	0.344547550250358	32	32	0.000125729329493303	0.00044682269404543
ko.K18697	Week_and_Consortium	NS6_w5	1.52379226672785	0.344547550250358	32	32	0.000125729329493303	0.00044682269404543
ko.K07675	Week_and_Consortium	NS6_w5	1.52379226672785	0.344547550250358	32	32	0.000125729329493303	0.00044682269404543
ko.K20263	Week_and_Consortium	NS6_w5	1.52379226672785	0.344547550250358	32	32	0.000125729329493303	0.00044682269404543
ko.K20264	Week_and_Consortium	NS6_w5	1.52379226672785	0.344547550250358	32	32	0.000125729329493303	0.00044682269404543
ko.K03276	Week_and_Consortium	NS6_w5	1.52379226672785	0.344547550250358	32	32	0.000125729329493303	0.00044682269404543
ko.K03279	Week_and_Consortium	NS6_w5	1.52379226672785	0.344547550250358	32	32	0.000125729329493303	0.00044682269404543
ko.K03275	Week_and_Consortium	NS6_w5	1.52379226672785	0.344547550250358	32	32	0.000125729329493303	0.00044682269404543
ko.K03278	Week_and_Consortium	NS6_w5	1.52379226672785	0.344547550250358	32	32	0.000125729329493303	0.00044682269404543
ko.K02848	Week_and_Consortium	NS6_w5	1.52379226672785	0.344547550250358	32	32	0.000125729329493303	0.00044682269404543
ko.K07715	Week_and_Consortium	NS6_w5	1.52379226672785	0.344547550250358	32	32	0.000125729329493303	0.00044682269404543
ko.K07686	Week_and_Consortium	NS6_w5	1.52379226672785	0.344547550250358	32	32	0.000125729329493303	0.00044682269404543
ko.K08154	Week_and_Consortium	NS6_w5	1.52379226672785	0.344547550250358	32	32	0.000125729329493303	0.00044682269404543
ko.K18087	Week_and_Consortium	NS6_w5	1.52379226672785	0.344547550250358	32	32	0.000125729329493303	0.00044682269404543
ko.K08163	Week_and_Consortium	NS6_w5	1.52379226672785	0.344547550250358	32	32	0.000125729329493303	0.00044682269404543
ko.K00389	Week_and_Consortium	NS6_w5	1.52379226672785	0.344547550250358	32	32	0.000125729329493303	0.00044682269404543
ko.K04081	Week_and_Consortium	NS6_w5	1.52379226672785	0.344547550250358	32	32	0.000125729329493303	0.00044682269404543
ko.K04080	Week_and_Consortium	NS6_w5	1.52379226672785	0.344547550250358	32	32	0.000125729329493303	0.00044682269404543
ko.K10960	Week_and_Consortium	NS6_w5	1.52379226672785	0.344547550250358	32	32	0.000125729329493303	0.00044682269404543
ko.K00883	Week_and_Consortium	NS6_w5	1.52379226672785	0.344547550250358	32	32	0.000125729329493303	0.00044682269404543
ko.K19776	Week_and_Consortium	NS6_w5	1.52379226672785	0.344547550248362	32	32	0.000125729329474529	0.00044682269404543
ko.K02850	Week_and_Consortium	NS6_w5	1.52379226672785	0.344547550250358	32	32	0.000125729329493303	0.00044682269404543
ko.K12985	Week_and_Consortium	NS6_w5	1.52379226672785	0.344547550250358	32	32	0.000125729329493303	0.00044682269404543
ko.K05711	Week_and_Consortium	NS6_w5	1.52379226672785	0.344547550250358	32	32	0.000125729329493303	0.00044682269404543
ko.K19540	Week_and_Consortium	NS6_w5	1.52379226672785	0.344547550250358	32	32	0.000125729329493303	0.00044682269404543
ko.K00363	Week_and_Consortium	NS6_w5	1.52379226672785	0.344547550250358	32	32	0.000125729329493303	0.00044682269404543
ko.K18227	Week_and_Consortium	NS6_w5	1.52379226672785	0.344547550250358	32	32	0.000125729329493303	0.00044682269404543
ko.K06141	Week_and_Consortium	NS6_w5	1.52379226672785	0.344547550250358	32	32	0.000125729329493303	0.00044682269404543
ko.K12288	Week_and_Consortium	NS6_w5	1.52379226672785	0.344547550250358	32	32	0.000125729329493303	0.00044682269404543
ko.K14750	Week_and_Consortium	NS6_w5	1.52379226672785	0.344547550250358	32	32	0.000125729329493303	0.00044682269404543
ko.K05710	Week_and_Consortium	NS6_w5	1.52379226672785	0.344547550250358	32	32	0.000125729329493303	0.00044682269404543
ko.K20881	Week_and_Consortium	NS6_w5	1.52379226672785	0.344547550250358	32	32	0.000125729329493303	0.00044682269404543
ko.K08312	Week_and_Consortium	NS6_w5	1.52379226672785	0.344547550250358	32	32	0.000125729329493303	0.00044682269404543
ko.K14582	Week_and_Consortium	NS6_w5	1.52379226672785	0.344547550250358	32	32	0.000125729329493303	0.00044682269404543
ko.K12289	Week_and_Consortium	NS6_w5	1.52379226672785	0.344547550250358	32	32	0.000125729329493303	0.00044682269404543
ko.K12290	Week_and_Consortium	NS6_w5	1.52379226672785	0.344547550250358	32	32	0.000125729329493303	0.00044682269404543
ko.K12291	Week_and_Consortium	NS6_w5	1.52379226672785	0.344547550250358	32	32	0.000125729329493303	0.00044682269404543
ko.K02507	Week_and_Consortium	NS6_w5	1.52379226672785	0.344547550250358	32	32	0.000125729329493303	0.00044682269404543
ko.K02666	Week_and_Consortium	NS6_w5	1.52379226672785	0.344547550250358	32	32	0.000125729329493303	0.00044682269404543
ko.K03112	Week_and_Consortium	NS6_w5	1.52379226672785	0.344547550250358	32	32	0.000125729329493303	0.00044682269404543
ko.K00529	Week_and_Consortium	NS6_w5	1.52379226672785	0.344547550250358	32	32	0.000125729329493303	0.00044682269404543
ko.K00101	Week_and_Consortium	NS6_w5	1.52379226672785	0.344547550250358	32	32	0.000125729329493303	0.00044682269404543
ko.K09798	Week_and_Consortium	NS6_w5	1.52379226672785	0.344547550250358	32	32	0.000125729329493303	0.00044682269404543
ko.K14762	Week_and_Consortium	NS6_w5	1.52379226672785	0.344547550250358	32	32	0.000125729329493303	0.00044682269404543
ko.K02562	Week_and_Consortium	NS6_w5	1.52379226672785	0.344547550250358	32	32	0.000125729329493303	0.00044682269404543
ko.K09898	Week_and_Consortium	NS6_w5	1.52379226672785	0.344547550250358	32	32	0.000125729329493303	0.00044682269404543
ko.K07070	Week_and_Consortium	NS6_w5	1.52379226672785	0.344547550250358	32	32	0.000125729329493303	0.00044682269404543
ko.K03745	Week_and_Consortium	NS6_w5	1.52379226672785	0.344547550250358	32	32	0.000125729329493303	0.00044682269404543
ko.K07235	Week_and_Consortium	NS6_w5	1.52379226672785	0.344547550250358	32	32	0.000125729329493303	0.00044682269404543
ko.K07236	Week_and_Consortium	NS6_w5	1.52379226672785	0.344547550250358	32	32	0.000125729329493303	0.00044682269404543
ko.K07237	Week_and_Consortium	NS6_w5	1.52379226672785	0.344547550250358	32	32	0.000125729329493303	0.00044682269404543
ko.K00769	Week_and_Consortium	NS6_w5	1.52379226672785	0.344547550250358	32	32	0.000125729329493303	0.00044682269404543
ko.K11200	Week_and_Consortium	NS6_w5	1.52379226672785	0.344547550250358	32	32	0.000125729329493303	0.00044682269404543
ko.K00242	Week_and_Consortium	NS6_w5	1.52379226672785	0.344547550250358	32	32	0.000125729329493303	0.00044682269404543
ko.K07120	Week_and_Consortium	NS6_w5	1.52379226672785	0.344547550250358	32	32	0.000125729329493303	0.00044682269404543
ko.K05522	Week_and_Consortium	NS6_w5	1.52379226672785	0.344547550250358	32	32	0.000125729329493303	0.00044682269404543
ko.K01457	Week_and_Consortium	NS6_w5	1.52379226672785	0.344547550250358	32	32	0.000125729329493303	0.00044682269404543
ko.K00675	Week_and_Consortium	NS6_w5	1.52379226672785	0.344547550250358	32	32	0.000125729329493303	0.00044682269404543
ko.K13953	Week_and_Consortium	NS6_w5	1.52379226672785	0.344547550250358	32	32	0.000125729329493303	0.00044682269404543
ko.K02972	Week_and_Consortium	NS6_w5	1.52379226672785	0.344547550250358	32	32	0.000125729329493303	0.00044682269404543
ko.K11199	Week_and_Consortium	NS6_w5	1.52379226672785	0.344547550250358	32	32	0.000125729329493303	0.00044682269404543
ko.K11198	Week_and_Consortium	NS6_w5	1.52379226672785	0.344547550250358	32	32	0.000125729329493303	0.00044682269404543
ko.K07224	Week_and_Consortium	NS6_w5	1.52379226672785	0.344547550250358	32	32	0.000125729329493303	0.00044682269404543
ko.K16301	Week_and_Consortium	NS6_w5	1.52379226672785	0.344547550250358	32	32	0.000125729329493303	0.00044682269404543
ko.K11937	Week_and_Consortium	NS6_w5	1.52379226672785	0.344547550250358	32	32	0.000125729329493303	0.00044682269404543
ko.K11936	Week_and_Consortium	NS6_w5	1.52379226672785	0.344547550250358	32	32	0.000125729329493303	0.00044682269404543
ko.K11931	Week_and_Consortium	NS6_w5	1.52379226672785	0.344547550250358	32	32	0.000125729329493303	0.00044682269404543
ko.K21478	Week_and_Consortium	NS6_w5	1.52379226672785	0.344547550250358	32	32	0.000125729329493303	0.00044682269404543
ko.K11935	Week_and_Consortium	NS6_w5	1.52379226672785	0.344547550250358	32	32	0.000125729329493303	0.00044682269404543
ko.K00424	Week_and_Consortium	NS6_w5	1.52379226672785	0.344547550250358	32	32	0.000125729329493303	0.00044682269404543
ko.K04063	Week_and_Consortium	NS6_w5	1.52379226672785	0.344547550250358	32	32	0.000125729329493303	0.00044682269404543
ko.K02451	Week_and_Consortium	NS6_w5	1.52379226672785	0.344547550250358	32	32	0.000125729329493303	0.00044682269404543
ko.K01143	Week_and_Consortium	NS6_w5	1.52379226672785	0.344547550250358	32	32	0.000125729329493303	0.00044682269404543
ko.K02452	Week_and_Consortium	NS6_w5	1.52379226672785	0.344547550248362	32	32	0.000125729329474529	0.00044682269404543
ko.K09801	Week_and_Consortium	NS6_w5	1.52379226672785	0.344547550250358	32	32	0.000125729329493303	0.00044682269404543
ko.K13243	Week_and_Consortium	NS6_w5	1.52379226672785	0.344547550250358	32	32	0.000125729329493303	0.00044682269404543
ko.K05809	Week_and_Consortium	NS6_w5	1.52379226672785	0.344547550250358	32	32	0.000125729329493303	0.00044682269404543
ko.K14187	Week_and_Consortium	NS6_w5	1.52379226672785	0.344547550250358	32	32	0.000125729329493303	0.00044682269404543
ko.K20956	Week_and_Consortium	NS6_w5	1.52379226672785	0.344547550250358	32	32	0.000125729329493303	0.00044682269404543
ko.K09018	Week_and_Consortium	NS6_w5	1.52379226672785	0.344547550250358	32	32	0.000125729329493303	0.00044682269404543
ko.K09020	Week_and_Consortium	NS6_w5	1.52379226672785	0.344547550250358	32	32	0.000125729329493303	0.00044682269404543
ko.K09021	Week_and_Consortium	NS6_w5	1.52379226672785	0.344547550250358	32	32	0.000125729329493303	0.00044682269404543
ko.K17736	Week_and_Consortium	NS6_w5	1.52379226672785	0.344547550250358	32	32	0.000125729329493303	0.00044682269404543
ko.K18531	Week_and_Consortium	NS6_w5	1.52379226672785	0.344547550250358	32	32	0.000125729329493303	0.00044682269404543
ko.K00846	Week_and_Consortium	NS6_w5	1.52379226672785	0.344547550250358	32	32	0.000125729329493303	0.00044682269404543
ko.K08318	Week_and_Consortium	NS6_w5	1.52379226672785	0.344547550250358	32	32	0.000125729329493303	0.00044682269404543
ko.K01671	Week_and_Consortium	NS6_w5	1.52379226672785	0.344547550250358	32	32	0.000125729329493303	0.00044682269404543
ko.K18479	Week_and_Consortium	NS6_w5	1.52379226672785	0.344547550250358	32	32	0.000125729329493303	0.00044682269404543
ko.K15922	Week_and_Consortium	NS6_w5	1.52379226672785	0.344547550250358	32	32	0.000125729329493303	0.00044682269404543
ko.K09023	Week_and_Consortium	NS6_w5	1.52379226672785	0.344547550250358	32	32	0.000125729329493303	0.00044682269404543
ko.K02854	Week_and_Consortium	NS6_w5	1.52379226672785	0.344547550250358	32	32	0.000125729329493303	0.00044682269404543
ko.K11530	Week_and_Consortium	NS6_w5	1.52379226672785	0.344547550250358	32	32	0.000125729329493303	0.00044682269404543
ko.K08994	Week_and_Consortium	NS6_w5	1.52379226672785	0.344547550250358	32	32	0.000125729329493303	0.00044682269404543
ko.K08324	Week_and_Consortium	NS6_w5	1.52379226672785	0.344547550250358	32	32	0.000125729329493303	0.00044682269404543
ko.K03712	Week_and_Consortium	NS6_w5	1.52379226672785	0.344547550250358	32	32	0.000125729329493303	0.00044682269404543
ko.K13632	Week_and_Consortium	NS6_w5	1.52379226672785	0.344547550250358	32	32	0.000125729329493303	0.00044682269404543
ko.K13630	Week_and_Consortium	NS6_w5	1.52379226672785	0.344547550250358	32	32	0.000125729329493303	0.00044682269404543
ko.K03298	Week_and_Consortium	NS6_w5	1.52379226672785	0.344547550250358	32	32	0.000125729329493303	0.00044682269404543
ko.K15268	Week_and_Consortium	NS6_w5	1.52379226672785	0.344547550250358	32	32	0.000125729329493303	0.00044682269404543
ko.K16066	Week_and_Consortium	NS6_w5	1.52379226672785	0.344547550250358	32	32	0.000125729329493303	0.00044682269404543
ko.K08173	Week_and_Consortium	NS6_w5	1.52379226672785	0.344547550250358	32	32	0.000125729329493303	0.00044682269404543
ko.K19610	Week_and_Consortium	NS6_w5	1.52379226672785	0.344547550250358	32	32	0.000125729329493303	0.00044682269404543
ko.K22478	Week_and_Consortium	NS6_w5	1.52379226672785	0.344547550250358	32	32	0.000125729329493303	0.00044682269404543
ko.K14681	Week_and_Consortium	NS6_w5	1.52379226672785	0.344547550250358	32	32	0.000125729329493303	0.00044682269404543
ko.K00322	Week_and_Consortium	NS6_w5	1.52379226672785	0.344547550250358	32	32	0.000125729329493303	0.00044682269404543
ko.K22105	Week_and_Consortium	NS6_w5	1.52379226672785	0.344547550250358	32	32	0.000125729329493303	0.00044682269404543
ko.K16092	Week_and_Consortium	NS6_w5	1.52379226672785	0.344547550250358	32	32	0.000125729329493303	0.00044682269404543
ko.K19339	Week_and_Consortium	NS6_w5	1.52379226672785	0.344547550250358	32	32	0.000125729329493303	0.00044682269404543
ko.K07647	Week_and_Consortium	NS6_w5	1.52379226672785	0.344547550250358	32	32	0.000125729329493303	0.00044682269404543
ko.K11930	Week_and_Consortium	NS6_w5	1.52379226672785	0.344547550250358	32	32	0.000125729329493303	0.00044682269404543
ko.K07772	Week_and_Consortium	NS6_w5	1.52379226672785	0.344547550250358	32	32	0.000125729329493303	0.00044682269404543
ko.K09019	Week_and_Consortium	NS6_w5	1.52379226672785	0.344547550250358	32	32	0.000125729329493303	0.00044682269404543
ko.K16321	Week_and_Consortium	NS6_w5	1.52379226672785	0.344547550250358	32	32	0.000125729329493303	0.00044682269404543
ko.K22111	Week_and_Consortium	NS6_w5	1.52379226672785	0.344547550250358	32	32	0.000125729329493303	0.00044682269404543
ko.K17948	Week_and_Consortium	NS6_w5	1.52379226672785	0.344547550250358	32	32	0.000125729329493303	0.00044682269404543
ko.K22110	Week_and_Consortium	NS6_w5	1.52379226672785	0.344547550248362	32	32	0.000125729329474529	0.00044682269404543
ko.K07357	Week_and_Consortium	NS6_w5	1.52379226672785	0.344547550250358	32	32	0.000125729329493303	0.00044682269404543
ko.K13637	Week_and_Consortium	NS6_w5	1.52379226672785	0.344547550248362	32	32	0.000125729329474529	0.00044682269404543
ko.K03764	Week_and_Consortium	NS6_w5	1.52379226672785	0.344547550250358	32	32	0.000125729329493303	0.00044682269404543
ko.K01739	Week_and_Consortium	NS6_w5	1.01199760460245	0.210946063374489	32	32	4.45351124625798e-05	0.00044682269404543
ko.K03782	Week_and_Consortium	NS6_w5	1.52379226672785	0.344547550250358	32	32	0.000125729329493303	0.00044682269404543
ko.K02450	Week_and_Consortium	NS6_w5	1.52379226672785	0.344547550250358	32	32	0.000125729329493303	0.00044682269404543
ko.K10555	Week_and_Consortium	NS6_w5	1.52379226672785	0.344547550250358	32	32	0.000125729329493303	0.00044682269404543
ko.K07290	Week_and_Consortium	NS6_w5	1.52379226672785	0.344547550250358	32	32	0.000125729329493303	0.00044682269404543
ko.K21086	Week_and_Consortium	NS6_w5	1.52379226672785	0.344547550250358	32	32	0.000125729329493303	0.00044682269404543
ko.K01347	Week_and_Consortium	NS6_w5	1.52379226672785	0.344547550248362	32	32	0.000125729329474529	0.00044682269404543
ko.K12684	Week_and_Consortium	NS6_w5	1.52379226672785	0.344547550248362	32	32	0.000125729329474529	0.00044682269404543
ko.K12056	Week_and_Consortium	NS6_w5	1.52379226672785	0.344547550250358	32	32	0.000125729329493303	0.00044682269404543
ko.K02495	Week_and_Consortium	NS6_w5	1.52379226672785	0.344547550250358	32	32	0.000125729329493303	0.00044682269404543
ko.K03591	Week_and_Consortium	NS6_w5	1.52379226672785	0.344547550250358	32	32	0.000125729329493303	0.00044682269404543
ko.K13713	Week_and_Consortium	NS6_w5	1.52379226672785	0.344547550250358	32	32	0.000125729329493303	0.00044682269404543
ko.K13283	Week_and_Consortium	NS6_w5	1.52379226672785	0.344547550250358	32	32	0.000125729329493303	0.00044682269404543
ko.K01521	Week_and_Consortium	NS6_w5	1.52379226672785	0.344547550250358	32	32	0.000125729329493303	0.00044682269404543
ko.K14065	Week_and_Consortium	NS6_w5	1.52379226672785	0.344547550250358	32	32	0.000125729329493303	0.00044682269404543
ko.K02446	Week_and_Consortium	NS6_w5	1.52379226672785	0.344547550250358	32	32	0.000125729329493303	0.00044682269404543
ko.K09892	Week_and_Consortium	NS6_w5	1.52379226672785	0.344547550250358	32	32	0.000125729329493303	0.00044682269404543
ko.K02553	Week_and_Consortium	NS6_w5	1.52379226672785	0.344547550250358	32	32	0.000125729329493303	0.00044682269404543
ko.K09894	Week_and_Consortium	NS6_w5	1.52379226672785	0.344547550250358	32	32	0.000125729329493303	0.00044682269404543
ko.K12687	Week_and_Consortium	NS6_w5	1.52379226672785	0.344547550250358	32	32	0.000125729329493303	0.00044682269404543
ko.K10531	Week_and_Consortium	NS6_w5	1.52379226672785	0.344547550250358	32	32	0.000125729329493303	0.00044682269404543
ko.K03895	Week_and_Consortium	NS6_w5	1.52379226672785	0.344547550250358	32	32	0.000125729329493303	0.00044682269404543
ko.K03894	Week_and_Consortium	NS6_w5	1.52379226672785	0.344547550250358	32	32	0.000125729329493303	0.00044682269404543
ko.K13381	Week_and_Consortium	NS6_w5	1.52379226672785	0.344547550250358	32	32	0.000125729329493303	0.00044682269404543
ko.K02464	Week_and_Consortium	NS6_w5	1.52379226672785	0.344547550248362	32	32	0.000125729329474529	0.00044682269404543
ko.K02506	Week_and_Consortium	NS6_w5	1.52379226672785	0.344547550250358	32	32	0.000125729329493303	0.00044682269404543
ko.K21512	Week_and_Consortium	NS6_w5	1.52379226672785	0.344547550250358	32	32	0.000125729329493303	0.00044682269404543
ko.K03897	Week_and_Consortium	NS6_w5	1.52379226672785	0.344547550250358	32	32	0.000125729329493303	0.00044682269404543
ko.K09896	Week_and_Consortium	NS6_w5	1.52379226672785	0.344547550250358	32	32	0.000125729329493303	0.00044682269404543
ko.K11004	Week_and_Consortium	NS6_w5	1.52379226672785	0.344547550250358	32	32	0.000125729329493303	0.00044682269404543
ko.K13409	Week_and_Consortium	NS6_w5	1.52379226672785	0.344547550250358	32	32	0.000125729329493303	0.00044682269404543
ko.K13408	Week_and_Consortium	NS6_w5	1.52379226672785	0.344547550250358	32	32	0.000125729329493303	0.00044682269404543
ko.K12518	Week_and_Consortium	NS6_w5	1.52379226672785	0.344547550250358	32	32	0.000125729329493303	0.00044682269404543
ko.K12519	Week_and_Consortium	NS6_w5	1.52379226672785	0.344547550250358	32	32	0.000125729329493303	0.00044682269404543
ko.K12523	Week_and_Consortium	NS6_w5	1.52379226672785	0.344547550250358	32	32	0.000125729329493303	0.00044682269404543
ko.K12521	Week_and_Consortium	NS6_w5	1.52379226672785	0.344547550250358	32	32	0.000125729329493303	0.00044682269404543
ko.K06887	Week_and_Consortium	NS6_w5	1.52379226672785	0.344547550248362	32	32	0.000125729329474529	0.00044682269404543
ko.K14159	Week_and_Consortium	NS6_w5	1.52379226672785	0.344547550250358	32	32	0.000125729329493303	0.00044682269404543
ko.K07709	Week_and_Consortium	NS6_w5	1.52379226672785	0.344547550250358	32	32	0.000125729329493303	0.00044682269404543
ko.K07803	Week_and_Consortium	NS6_w5	1.52379226672785	0.344547550250358	32	32	0.000125729329493303	0.00044682269404543
ko.K05787	Week_and_Consortium	NS6_w5	1.52379226672785	0.344547550250358	32	32	0.000125729329493303	0.00044682269404543
ko.K13638	Week_and_Consortium	NS6_w5	1.52379226672785	0.344547550250358	32	32	0.000125729329493303	0.00044682269404543
ko.K09890	Week_and_Consortium	NS6_w5	1.52379226672785	0.344547550250358	32	32	0.000125729329493303	0.00044682269404543
ko.K03747	Week_and_Consortium	NS6_w5	1.52379226672785	0.344547550250358	32	32	0.000125729329493303	0.00044682269404543
ko.K07479	Week_and_Consortium	NS6_w5	1.52379226672785	0.344547550250358	32	32	0.000125729329493303	0.00044682269404543
ko.K14055	Week_and_Consortium	NS6_w5	1.52379226672785	0.344547550250358	32	32	0.000125729329493303	0.00044682269404543
ko.K09891	Week_and_Consortium	NS6_w5	1.52379226672785	0.344547550250358	32	32	0.000125729329493303	0.00044682269404543
ko.K19707	Week_and_Consortium	NS6_w5	1.52379226672785	0.344547550250358	32	32	0.000125729329493303	0.00044682269404543
ko.K21088	Week_and_Consortium	NS6_w5	1.52379226672785	0.344547550250358	32	32	0.000125729329493303	0.00044682269404543
ko.K16074	Week_and_Consortium	NS6_w5	1.52379226672785	0.344547550250358	32	32	0.000125729329493303	0.00044682269404543
ko.K07740	Week_and_Consortium	NS6_w5	1.52379226672785	0.344547550250358	32	32	0.000125729329493303	0.00044682269404543
ko.K05982	Week_and_Consortium	NS6_w5	1.52379226672785	0.344547550250358	32	32	0.000125729329493303	0.00044682269404543
ko.K21511	Week_and_Consortium	NS6_w5	1.52379226672785	0.344547550250358	32	32	0.000125729329493303	0.00044682269404543
ko.K10762	Week_and_Consortium	NS6_w5	1.52379226672785	0.344547550250358	32	32	0.000125729329493303	0.00044682269404543
ko.K11739	Week_and_Consortium	NS6_w5	1.52379226672785	0.344547550250358	32	32	0.000125729329493303	0.00044682269404543
ko.K14744	Week_and_Consortium	NS6_w5	1.52379226672785	0.344547550250358	32	32	0.000125729329493303	0.00044682269404543
ko.K11738	Week_and_Consortium	NS6_w5	1.52379226672785	0.344547550250358	32	32	0.000125729329493303	0.00044682269404543
ko.K13654	Week_and_Consortium	NS6_w5	1.52379226672785	0.344547550250358	32	32	0.000125729329493303	0.00044682269404543
ko.K07119	Week_and_Consortium	NS6_w5	1.52379226672785	0.344547550250358	32	32	0.000125729329493303	0.00044682269404543
ko.K00137	Week_and_Consortium	NS6_w5	1.52379226672785	0.344547550250358	32	32	0.000125729329493303	0.00044682269404543
ko.K10557	Week_and_Consortium	NS6_w5	1.52379226672785	0.344547550250358	32	32	0.000125729329493303	0.00044682269404543
ko.K05597	Week_and_Consortium	NS6_w5	1.52379226672785	0.344547550250358	32	32	0.000125729329493303	0.00044682269404543
ko.K09923	Week_and_Consortium	NS6_w5	1.52379226672785	0.344547550250358	32	32	0.000125729329493303	0.00044682269404543
ko.K08306	Week_and_Consortium	NS6_w5	1.52379226672785	0.344547550250358	32	32	0.000125729329493303	0.00044682269404543
ko.K06445	Week_and_Consortium	NS6_w5	1.52379226672785	0.344547550250358	32	32	0.000125729329493303	0.00044682269404543
ko.K06899	Week_and_Consortium	NS6_w5	1.52379226672785	0.344547550250358	32	32	0.000125729329493303	0.00044682269404543
ko.K11750	Week_and_Consortium	NS6_w5	1.52379226672785	0.344547550250358	32	32	0.000125729329493303	0.00044682269404543
ko.K11926	Week_and_Consortium	NS6_w5	1.52379226672785	0.344547550250358	32	32	0.000125729329493303	0.00044682269404543
ko.K02221	Week_and_Consortium	NS6_w5	1.04978240319217	0.204664174179231	32	32	1.77079450230645e-05	0.00044682269404543
ko.K03472	Week_and_Consortium	NS6_w5	1.52379226672785	0.344547550250358	32	32	0.000125729329493303	0.00044682269404543
ko.K02173	Week_and_Consortium	NS6_w5	1.52379226672785	0.344547550250358	32	32	0.000125729329493303	0.00044682269404543
ko.K01479	Week_and_Consortium	NS6_w5	1.52379226672785	0.344547550250358	32	32	0.000125729329493303	0.00044682269404543
ko.K02742	Week_and_Consortium	NS6_w5	1.52379226672785	0.344547550250358	32	32	0.000125729329493303	0.00044682269404543
ko.K01920	Week_and_Consortium	NS6_w5	1.52379226672785	0.344547550250358	32	32	0.000125729329493303	0.00044682269404543
ko.K09897	Week_and_Consortium	NS6_w5	1.52379226672785	0.344547550250358	32	32	0.000125729329493303	0.00044682269404543
ko.K01908	Week_and_Consortium	NS6_w5	1.52379226672785	0.344547550250358	32	32	0.000125729329493303	0.00044682269404543
ko.K01725	Week_and_Consortium	NS6_w5	1.52379226672785	0.344547550250358	32	32	0.000125729329493303	0.00044682269404543
ko.K05818	Week_and_Consortium	NS6_w5	1.52379226672785	0.344547550250358	32	32	0.000125729329493303	0.00044682269404543
ko.K05712	Week_and_Consortium	NS6_w5	1.52379226672785	0.344547550250358	32	32	0.000125729329493303	0.00044682269404543
ko.K04099	Week_and_Consortium	NS6_w5	1.52379226672785	0.344547550250358	32	32	0.000125729329493303	0.00044682269404543
ko.K05713	Week_and_Consortium	NS6_w5	1.52379226672785	0.344547550250358	32	32	0.000125729329493303	0.00044682269404543
ko.K05714	Week_and_Consortium	NS6_w5	1.52379226672785	0.344547550250358	32	32	0.000125729329493303	0.00044682269404543
ko.K10222	Week_and_Consortium	NS6_w5	1.52379226672785	0.344547550250358	32	32	0.000125729329493303	0.00044682269404543
ko.K05819	Week_and_Consortium	NS6_w5	1.52379226672785	0.344547550250358	32	32	0.000125729329493303	0.00044682269404543
ko.K09912	Week_and_Consortium	NS6_w5	1.52379226672785	0.344547550250358	32	32	0.000125729329493303	0.00044682269404543
ko.K10831	Week_and_Consortium	NS6_w5	1.52379226672785	0.344547550250358	32	32	0.000125729329493303	0.00044682269404543
ko.K03119	Week_and_Consortium	NS6_w5	1.52379226672785	0.344547550250358	32	32	0.000125729329493303	0.00044682269404543
ko.K01720	Week_and_Consortium	NS6_w5	1.52379226672785	0.344547550250358	32	32	0.000125729329493303	0.00044682269404543
ko.K21968	Week_and_Consortium	NS6_w5	1.52379226672785	0.344547550250358	32	32	0.000125729329493303	0.00044682269404543
ko.K21967	Week_and_Consortium	NS6_w5	1.52379226672785	0.344547550250358	32	32	0.000125729329493303	0.00044682269404543
ko.K21966	Week_and_Consortium	NS6_w5	1.52379226672785	0.344547550250358	32	32	0.000125729329493303	0.00044682269404543
ko.K21965	Week_and_Consortium	NS6_w5	1.52379226672785	0.344547550250358	32	32	0.000125729329493303	0.00044682269404543
ko.K21964	Week_and_Consortium	NS6_w5	1.52379226672785	0.344547550250358	32	32	0.000125729329493303	0.00044682269404543
ko.K21741	Week_and_Consortium	NS6_w5	1.52379226672785	0.344547550250358	32	32	0.000125729329493303	0.00044682269404543
ko.K18991	Week_and_Consortium	NS6_w5	1.52379226672785	0.344547550250358	32	32	0.000125729329493303	0.00044682269404543
ko.K21746	Week_and_Consortium	NS6_w5	1.52379226672785	0.344547550250358	32	32	0.000125729329493303	0.00044682269404543
ko.K00108	Week_and_Consortium	NS6_w5	1.52379226672785	0.344547550250358	32	32	0.000125729329493303	0.00044682269404543
ko.K02167	Week_and_Consortium	NS6_w5	1.52379226672785	0.344547550250358	32	32	0.000125729329493303	0.00044682269404543
ko.K13979	Week_and_Consortium	NS6_w5	1.52379226672785	0.344547550250358	32	32	0.000125729329493303	0.00044682269404543
ko.K03329	Week_and_Consortium	NS6_w5	1.52379226672785	0.344547550250358	32	32	0.000125729329493303	0.00044682269404543
ko.K03417	Week_and_Consortium	NS6_w5	0.990844921863894	0.195365898057021	32	32	2.07801426744276e-05	0.00044682269404543
ko.K03184	Week_and_Consortium	NS6_w5	1.52379226672785	0.344547550250358	32	32	0.000125729329493303	0.00044682269404543
ko.K02565	Week_and_Consortium	NS6_w5	1.52379226672785	0.344547550250358	32	32	0.000125729329493303	0.00044682269404543
ko.K01175	Week_and_Consortium	NS6_w5	1.52379226672785	0.344547550250358	32	32	0.000125729329493303	0.00044682269404543
ko.K03645	Week_and_Consortium	NS6_w5	1.52379226672785	0.344547550250358	32	32	0.000125729329493303	0.00044682269404543
ko.K07702	Week_and_Consortium	NS6_w5	1.52379226672785	0.344547550250358	32	32	0.000125729329493303	0.00044682269404543
ko.K09900	Week_and_Consortium	NS6_w5	1.52379226672785	0.344547550250358	32	32	0.000125729329493303	0.00044682269404543
ko.K03185	Week_and_Consortium	NS6_w5	1.52379226672785	0.344547550250358	32	32	0.000125729329493303	0.00044682269404543
ko.K09895	Week_and_Consortium	NS6_w5	1.52379226672785	0.344547550250358	32	32	0.000125729329493303	0.00044682269404543
ko.K05596	Week_and_Consortium	NS6_w5	1.52379226672785	0.344547550250358	32	32	0.000125729329493303	0.00044682269404543
ko.K11264	Week_and_Consortium	NS6_w5	1.52379226672785	0.344547550250358	32	32	0.000125729329493303	0.00044682269404543
ko.K22214	Week_and_Consortium	NS6_w5	1.52379226672785	0.344547550250358	32	32	0.000125729329493303	0.00044682269404543
ko.K09159	Week_and_Consortium	NS6_w5	1.52379226672785	0.344547550250358	32	32	0.000125729329493303	0.00044682269404543
ko.K16878	Week_and_Consortium	NS6_w5	1.52379226672785	0.344547550250358	32	32	0.000125729329493303	0.00044682269404543
ko.K13480	Week_and_Consortium	NS6_w5	1.52379226672785	0.344547550250358	32	32	0.000125729329493303	0.00044682269404543
ko.K05831	Week_and_Consortium	NS6_w5	1.52379226672785	0.344547550250358	32	32	0.000125729329493303	0.00044682269404543
ko.K03840	Week_and_Consortium	NS6_w5	1.52379226672785	0.344547550250358	32	32	0.000125729329493303	0.00044682269404543
ko.K12529	Week_and_Consortium	NS6_w5	1.52379226672785	0.344547550250358	32	32	0.000125729329493303	0.00044682269404543
ko.K11258	Week_and_Consortium	NS6_w5	1.52379226672785	0.344547550250358	32	32	0.000125729329493303	0.00044682269404543
ko.K10556	Week_and_Consortium	NS6_w5	1.52379226672785	0.344547550250358	32	32	0.000125729329493303	0.00044682269404543
ko.K05927	Week_and_Consortium	NS6_w5	1.52379226672785	0.344547550250358	32	32	0.000125729329493303	0.00044682269404543
ko.K11472	Week_and_Consortium	NS6_w5	1.52379226672785	0.344547550250358	32	32	0.000125729329493303	0.00044682269404543
ko.K11477	Week_and_Consortium	NS6_w5	1.52379226672785	0.344547550250358	32	32	0.000125729329493303	0.00044682269404543
ko.K02550	Week_and_Consortium	NS6_w5	1.52379226672785	0.344547550248362	32	32	0.000125729329474529	0.00044682269404543
ko.K12370	Week_and_Consortium	NS6_w5	1.52379226672785	0.344547550250358	32	32	0.000125729329493303	0.00044682269404543
ko.K12369	Week_and_Consortium	NS6_w5	1.52379226672785	0.344547550250358	32	32	0.000125729329493303	0.00044682269404543
ko.K12368	Week_and_Consortium	NS6_w5	1.52379226672785	0.344547550250358	32	32	0.000125729329493303	0.00044682269404543
ko.K12216	Week_and_Consortium	NS6_w5	1.52379226672785	0.344547550250358	32	32	0.000125729329493303	0.00044682269404543
ko.K00032	Week_and_Consortium	NS6_w5	1.52379226672785	0.344547550250358	32	32	0.000125729329493303	0.00044682269404543
ko.K00090	Week_and_Consortium	NS6_w5	1.52379226672785	0.344547550250358	32	32	0.000125729329493303	0.00044682269404543
ko.K01879	Week_and_Consortium	NS6_w5	0.984951289876949	0.212428817326208	32	32	6.95701606651768e-05	0.00044682269404543
ko.K01878	Week_and_Consortium	NS6_w5	0.984951289876949	0.212428817326208	32	32	6.95701606651768e-05	0.00044682269404543
ko.K10544	Week_and_Consortium	NS6_w5	1.52379226672785	0.344547550250358	32	32	0.000125729329493303	0.00044682269404543
ko.K01460	Week_and_Consortium	NS6_w5	1.52379226672785	0.344547550250358	32	32	0.000125729329493303	0.00044682269404543
ko.K03796	Week_and_Consortium	NS6_w5	1.52379226672785	0.344547550250358	32	32	0.000125729329493303	0.00044682269404543
ko.K08172	Week_and_Consortium	NS6_w5	1.52379226672785	0.344547550250358	32	32	0.000125729329493303	0.00044682269404543
ko.K13635	Week_and_Consortium	NS6_w5	1.52379226672785	0.344547550250358	32	32	0.000125729329493303	0.00044682269404543
ko.K19338	Week_and_Consortium	NS6_w5	1.52379226672785	0.344547550250358	32	32	0.000125729329493303	0.00044682269404543
ko.K07471	Week_and_Consortium	NS6_w5	1.52379226672785	0.344547550250358	32	32	0.000125729329493303	0.00044682269404543
ko.K13651	Week_and_Consortium	NS6_w5	1.52379226672785	0.344547550250358	32	32	0.000125729329493303	0.00044682269404543
ko.K13655	Week_and_Consortium	NS6_w5	1.52379226672785	0.344547550250358	32	32	0.000125729329493303	0.00044682269404543
ko.K04753	Week_and_Consortium	NS6_w5	1.52379226672785	0.344547550250358	32	32	0.000125729329493303	0.00044682269404543
ko.K02623	Week_and_Consortium	NS6_w5	1.52379226672785	0.344547550250358	32	32	0.000125729329493303	0.00044682269404543
ko.K09794	Week_and_Consortium	NS6_w5	1.52379226672785	0.344547550250358	32	32	0.000125729329493303	0.00044682269404543
ko.K03304	Week_and_Consortium	NS6_w5	1.52379226672785	0.344547550250358	32	32	0.000125729329493303	0.00044682269404543
ko.K16868	Week_and_Consortium	NS6_w5	1.52379226672785	0.344547550250358	32	32	0.000125729329493303	0.00044682269404543
ko.K11216	Week_and_Consortium	NS6_w5	1.52379226672785	0.344547550250358	32	32	0.000125729329493303	0.00044682269404543
ko.K11531	Week_and_Consortium	NS6_w5	1.52379226672785	0.344547550250358	32	32	0.000125729329493303	0.00044682269404543
ko.K10558	Week_and_Consortium	NS6_w5	1.52379226672785	0.344547550250358	32	32	0.000125729329493303	0.00044682269404543
ko.K21602	Week_and_Consortium	NS6_w5	1.52379226672785	0.344547550250358	32	32	0.000125729329493303	0.00044682269404543
ko.K21393	Week_and_Consortium	NS6_w5	0.889330109380855	0.199288550782199	32	32	0.000112608829881213	0.00044682269404543
ko.K00880	Week_and_Consortium	NS6_w5	0.990844921863894	0.195365898057021	32	32	2.07801426744276e-05	0.00044682269404543
ko.K14061	Week_and_Consortium	NS6_w5	1.52379226672785	0.344547550250358	32	32	0.000125729329493303	0.00044682269404543
ko.K09978	Week_and_Consortium	NS6_w5	1.52379226672785	0.344547550250358	32	32	0.000125729329493303	0.00044682269404543
ko.K15721	Week_and_Consortium	NS6_w5	1.52379226672785	0.344547550250358	32	32	0.000125729329493303	0.00044682269404543
ko.K05374	Week_and_Consortium	NS6_w5	1.52379226672785	0.344547550250358	32	32	0.000125729329493303	0.00044682269404543
ko.K02498	Week_and_Consortium	NS6_w5	1.52379226672785	0.344547550250358	32	32	0.000125729329493303	0.00044682269404543
ko.K13543	Week_and_Consortium	NS6_w5	1.52379226672785	0.344547550250358	32	32	0.000125729329493303	0.00044682269404543
ko.K05851	Week_and_Consortium	NS6_w5	1.52379226672785	0.344547550250358	32	32	0.000125729329493303	0.00044682269404543
ko.K09921	Week_and_Consortium	NS6_w5	1.52379226672785	0.344547550250358	32	32	0.000125729329493303	0.00044682269404543
ko.K20862	Week_and_Consortium	NS6_w5	0.682011913864905	0.149629079694195	32	32	8.64851384399958e-05	0.00044682269404543
ko.K05835	Week_and_Consortium	NS6_w5	1.52379226672785	0.344547550250358	32	32	0.000125729329493303	0.00044682269404543
ko.K05834	Week_and_Consortium	NS6_w5	1.52379226672785	0.344547550250358	32	32	0.000125729329493303	0.00044682269404543
ko.K03576	Week_and_Consortium	NS6_w5	1.52379226672785	0.344547550250358	32	32	0.000125729329493303	0.00044682269404543
ko.K04785	Week_and_Consortium	NS6_w5	1.52379226672785	0.344547550250358	32	32	0.000125729329493303	0.00044682269404543
ko.K02521	Week_and_Consortium	NS6_w5	1.52379226672785	0.344547550250358	32	32	0.000125729329493303	0.00044682269404543
ko.K03656	Week_and_Consortium	NS6_w5	1.52379226672785	0.344547550250358	32	32	0.000125729329493303	0.00044682269404543
ko.K03732	Week_and_Consortium	NS6_w5	1.52379226672785	0.344547550250358	32	32	0.000125729329493303	0.00044682269404543
ko.K05790	Week_and_Consortium	NS6_w5	1.52379226672785	0.344547550250358	32	32	0.000125729329493303	0.00044682269404543
ko.K08068	Week_and_Consortium	NS6_w5	1.52379226672785	0.344547550250358	32	32	0.000125729329493303	0.00044682269404543
ko.K16704	Week_and_Consortium	NS6_w5	1.52379226672785	0.344547550250358	32	32	0.000125729329493303	0.00044682269404543
ko.K16693	Week_and_Consortium	NS6_w5	1.52379226672785	0.344547550250358	32	32	0.000125729329493303	0.00044682269404543
ko.K12582	Week_and_Consortium	NS6_w5	1.52379226672785	0.344547550250358	32	32	0.000125729329493303	0.00044682269404543
ko.K02853	Week_and_Consortium	NS6_w5	1.52379226672785	0.344547550250358	32	32	0.000125729329493303	0.00044682269404543
ko.K03690	Week_and_Consortium	NS6_w5	1.52379226672785	0.344547550250358	32	32	0.000125729329493303	0.00044682269404543
ko.K07781	Week_and_Consortium	NS6_w5	1.52379226672785	0.344547550250358	32	32	0.000125729329493303	0.00044682269404543
ko.K07026	Week_and_Consortium	NS6_w5	1.52379226672785	0.344547550250358	32	32	0.000125729329493303	0.00044682269404543
ko.K15918	Week_and_Consortium	NS6_w5	1.52379226672785	0.344547550250358	32	32	0.000125729329493303	0.00044682269404543
ko.K09781	Week_and_Consortium	NS6_w5	1.52379226672785	0.344547550250358	32	32	0.000125729329493303	0.00044682269404543
ko.K05523	Week_and_Consortium	NS6_w5	1.52379226672785	0.344547550250358	32	32	0.000125729329493303	0.00044682269404543
ko.K07127	Week_and_Consortium	NS6_w5	1.52379226672785	0.344547550250358	32	32	0.000125729329493303	0.00044682269404543
ko.K07147	Week_and_Consortium	NS6_w5	1.52379226672785	0.344547550250358	32	32	0.000125729329493303	0.00044682269404543
ko.K17247	Week_and_Consortium	NS6_w5	1.52379226672785	0.344547550250358	32	32	0.000125729329493303	0.00044682269404543
ko.K09933	Week_and_Consortium	NS6_w5	1.52379226672785	0.344547550250358	32	32	0.000125729329493303	0.00044682269404543
ko.K04781	Week_and_Consortium	NS6_w5	1.52379226672785	0.344547550250358	32	32	0.000125729329493303	0.00044682269404543
ko.K05373	Week_and_Consortium	NS6_w5	1.52379226672785	0.344547550250358	32	32	0.000125729329493303	0.00044682269404543
ko.K05372	Week_and_Consortium	NS6_w5	1.52379226672785	0.344547550250358	32	32	0.000125729329493303	0.00044682269404543
ko.K12243	Week_and_Consortium	NS6_w5	1.52379226672785	0.344547550250358	32	32	0.000125729329493303	0.00044682269404543
ko.K12239	Week_and_Consortium	NS6_w5	1.52379226672785	0.344547550250358	32	32	0.000125729329493303	0.00044682269404543
ko.K01825	Week_and_Consortium	NS6_w5	1.52379226672785	0.344547550250358	32	32	0.000125729329493303	0.00044682269404543
ko.K00523	Week_and_Consortium	NS6_w5	1.52379226672785	0.344547550250358	32	32	0.000125729329493303	0.00044682269404543
ko.K05368	Week_and_Consortium	NS6_w5	1.52379226672785	0.344547550250358	32	32	0.000125729329493303	0.00044682269404543
ko.K20256	Week_and_Consortium	NS6_w5	1.52379226672785	0.344547550250358	32	32	0.000125729329493303	0.00044682269404543
ko.K09904	Week_and_Consortium	NS6_w5	1.52379226672785	0.344547550250358	32	32	0.000125729329493303	0.00044682269404543
ko.K08277	Week_and_Consortium	NS6_w5	1.52379226672785	0.344547550250358	32	32	0.000125729329493303	0.00044682269404543
ko.K19789	Week_and_Consortium	NS6_w5	1.52379226672785	0.344547550250358	32	32	0.000125729329493303	0.00044682269404543
ko.K18590	Week_and_Consortium	NS6_w5	1.52379226672785	0.344547550250358	32	32	0.000125729329493303	0.00044682269404543
ko.K07663	Week_and_Consortium	NS6_w5	1.52379226672785	0.344547550250358	32	32	0.000125729329493303	0.00044682269404543
ko.K07641	Week_and_Consortium	NS6_w5	1.52379226672785	0.344547550250358	32	32	0.000125729329493303	0.00044682269404543
ko.K07773	Week_and_Consortium	NS6_w5	1.52379226672785	0.344547550250358	32	32	0.000125729329493303	0.00044682269404543
ko.K18921	Week_and_Consortium	NS6_w5	1.52379226672785	0.344547550250358	32	32	0.000125729329493303	0.00044682269404543
ko.K03717	Week_and_Consortium	NS6_w5	1.52379226672785	0.344547550250358	32	32	0.000125729329493303	0.00044682269404543
ko.K03580	Week_and_Consortium	NS6_w5	1.52379226672785	0.344547550250358	32	32	0.000125729329493303	0.00044682269404543
ko.K13301	Week_and_Consortium	NS6_w5	1.52379226672785	0.344547550250358	32	32	0.000125729329493303	0.00044682269404543
ko.K00364	Week_and_Consortium	NS6_w5	1.0752458873474	0.221389917723117	32	32	3.77650098469809e-05	0.00044682269404543
ko.K02505	Week_and_Consortium	NS6_w5	1.52379226672785	0.344547550250358	32	32	0.000125729329493303	0.00044682269404543
ko.K02504	Week_and_Consortium	NS6_w5	1.52379226672785	0.344547550250358	32	32	0.000125729329493303	0.00044682269404543
ko.K02336	Week_and_Consortium	NS6_w5	1.52379226672785	0.344547550250358	32	32	0.000125729329493303	0.00044682269404543
ko.K02062	Week_and_Consortium	NS6_w5	1.52379226672785	0.344547550250358	32	32	0.000125729329493303	0.00044682269404543
ko.K02063	Week_and_Consortium	NS6_w5	1.52379226672785	0.344547550250358	32	32	0.000125729329493303	0.00044682269404543
ko.K02064	Week_and_Consortium	NS6_w5	1.52379226672785	0.344547550250358	32	32	0.000125729329493303	0.00044682269404543
ko.K11925	Week_and_Consortium	NS6_w5	1.52379226672785	0.344547550250358	32	32	0.000125729329493303	0.00044682269404543
ko.K05798	Week_and_Consortium	NS6_w5	1.52379226672785	0.344547550250358	32	32	0.000125729329493303	0.00044682269404543
ko.K03435	Week_and_Consortium	NS6_w5	1.52379226672785	0.344547550250358	32	32	0.000125729329493303	0.00044682269404543
ko.K03586	Week_and_Consortium	NS6_w5	1.52379226672785	0.344547550250358	32	32	0.000125729329493303	0.00044682269404543
ko.K05804	Week_and_Consortium	NS6_w5	1.52379226672785	0.344547550250358	32	32	0.000125729329493303	0.00044682269404543
ko.K03485	Week_and_Consortium	NS6_w5	1.52379226672785	0.344547550250358	32	32	0.000125729329493303	0.00044682269404543
ko.K12955	Week_and_Consortium	NS6_w5	1.52379226672785	0.344547550250358	32	32	0.000125729329493303	0.00044682269404543
ko.K19336	Week_and_Consortium	NS6_w5	1.52379226672785	0.344547550250358	32	32	0.000125729329493303	0.00044682269404543
ko.K19335	Week_and_Consortium	NS6_w5	1.52379226672785	0.344547550250358	32	32	0.000125729329493303	0.00044682269404543
ko.K19334	Week_and_Consortium	NS6_w5	1.52379226672785	0.344547550250358	32	32	0.000125729329493303	0.00044682269404543
ko.K09893	Week_and_Consortium	NS6_w5	1.52379226672785	0.344547550250358	32	32	0.000125729329493303	0.00044682269404543
ko.K03828	Week_and_Consortium	NS6_w5	1.52379226672785	0.344547550250358	32	32	0.000125729329493303	0.00044682269404543
ko.K15536	Week_and_Consortium	NS6_w5	1.52379226672785	0.344547550250358	32	32	0.000125729329493303	0.00044682269404543
ko.K03720	Week_and_Consortium	NS6_w5	1.52379226672785	0.344547550250358	32	32	0.000125729329493303	0.00044682269404543
ko.K02317	Week_and_Consortium	NS6_w5	1.52379226672785	0.344547550250358	32	32	0.000125729329493303	0.00044682269404543
ko.K13255	Week_and_Consortium	NS6_w5	1.52379226672785	0.344547550250358	32	32	0.000125729329493303	0.00044682269404543
ko.K02344	Week_and_Consortium	NS6_w5	1.52379226672785	0.344547550250358	32	32	0.000125729329493303	0.00044682269404543
ko.K08723	Week_and_Consortium	NS6_w5	1.52379226672785	0.344547550250358	32	32	0.000125729329493303	0.00044682269404543
ko.K04065	Week_and_Consortium	NS6_w5	1.52379226672785	0.344547550250358	32	32	0.000125729329493303	0.00044682269404543
ko.K01002	Week_and_Consortium	NS6_w5	1.52379226672785	0.344547550250358	32	32	0.000125729329493303	0.00044682269404543
ko.K12957	Week_and_Consortium	NS6_w5	1.52379226672785	0.344547550250358	32	32	0.000125729329493303	0.00044682269404543
ko.K07165	Week_and_Consortium	NS6_w5	1.52379226672785	0.344547550248362	32	32	0.000125729329474529	0.00044682269404543
ko.K21637	Week_and_Consortium	NS6_w5	1.52379226672785	0.344547550250358	32	32	0.000125729329493303	0.00044682269404543
ko.K21645	Week_and_Consortium	NS6_w5	1.52379226672785	0.344547550250358	32	32	0.000125729329493303	0.00044682269404543
ko.K02682	Week_and_Consortium	NS6_w5	1.52379226672785	0.344547550250358	32	32	0.000125729329493303	0.00044682269404543
ko.K13498	Week_and_Consortium	NS6_w5	1.52379226672785	0.344547550250358	32	32	0.000125729329493303	0.00044682269404543
ko.K07275	Week_and_Consortium	NS6_w5	1.52379226672785	0.344547550250358	32	32	0.000125729329493303	0.00044682269404543
ko.K09780	Week_and_Consortium	NS6_w5	1.52379226672785	0.344547550250358	32	32	0.000125729329493303	0.00044682269404543
ko.K09901	Week_and_Consortium	NS6_w5	1.52379226672785	0.344547550250358	32	32	0.000125729329493303	0.00044682269404543
ko.K02485	Week_and_Consortium	NS6_w5	1.52379226672785	0.344547550250358	32	32	0.000125729329493303	0.00044682269404543
ko.K09858	Week_and_Consortium	NS6_w5	1.52379226672785	0.344547550250358	32	32	0.000125729329493303	0.00044682269404543
ko.K19226	Week_and_Consortium	NS6_w5	1.52379226672785	0.344547550250358	32	32	0.000125729329493303	0.00044682269404543
ko.K19228	Week_and_Consortium	NS6_w5	1.52379226672785	0.344547550250358	32	32	0.000125729329493303	0.00044682269404543
ko.K04062	Week_and_Consortium	NS6_w5	1.52379226672785	0.344547550250358	32	32	0.000125729329493303	0.00044682269404543
ko.K08992	Week_and_Consortium	NS6_w5	1.52379226672785	0.344547550250358	32	32	0.000125729329493303	0.00044682269404543
ko.K01096	Week_and_Consortium	NS6_w5	1.52379226672785	0.344547550250358	32	32	0.000125729329493303	0.00044682269404543
ko.K01497	Week_and_Consortium	NS6_w5	1.52379226672785	0.344547550250358	32	32	0.000125729329493303	0.00044682269404543
ko.K04774	Week_and_Consortium	NS6_w5	1.52379226672785	0.344547550250358	32	32	0.000125729329493303	0.00044682269404543
ko.K06039	Week_and_Consortium	NS6_w5	1.52379226672785	0.344547550250358	32	32	0.000125729329493303	0.00044682269404543
ko.K09473	Week_and_Consortium	NS6_w5	1.52379226672785	0.344547550250358	32	32	0.000125729329493303	0.00044682269404543
ko.K03603	Week_and_Consortium	NS6_w5	1.52379226672785	0.344547550250358	32	32	0.000125729329493303	0.00044682269404543
ko.K03314	Week_and_Consortium	NS6_w5	1.52379226672785	0.344547550250358	32	32	0.000125729329493303	0.00044682269404543
ko.K03611	Week_and_Consortium	NS6_w5	1.52379226672785	0.344547550250358	32	32	0.000125729329493303	0.00044682269404543
ko.K09160	Week_and_Consortium	NS6_w5	1.52379226672785	0.344547550250358	32	32	0.000125729329493303	0.00044682269404543
ko.K09902	Week_and_Consortium	NS6_w5	1.52379226672785	0.344547550250358	32	32	0.000125729329493303	0.00044682269404543
ko.K21976	Week_and_Consortium	NS6_w5	1.52379226672785	0.344547550250358	32	32	0.000125729329493303	0.00044682269404543
ko.K21974	Week_and_Consortium	NS6_w5	1.52379226672785	0.344547550250358	32	32	0.000125729329493303	0.00044682269404543
ko.K21973	Week_and_Consortium	NS6_w5	1.52379226672785	0.344547550250358	32	32	0.000125729329493303	0.00044682269404543
ko.K12152	Week_and_Consortium	NS6_w5	1.52379226672785	0.344547550250358	32	32	0.000125729329493303	0.00044682269404543
ko.K07232	Week_and_Consortium	NS6_w5	1.52379226672785	0.344547550250358	32	32	0.000125729329493303	0.00044682269404543
ko.K08308	Week_and_Consortium	NS6_w5	1.52379226672785	0.344547550250358	32	32	0.000125729329493303	0.00044682269404543
ko.K06197	Week_and_Consortium	NS6_w5	1.52379226672785	0.344547550250358	32	32	0.000125729329493303	0.00044682269404543
ko.K02494	Week_and_Consortium	NS6_w5	1.52379226672785	0.344547550250358	32	32	0.000125729329493303	0.00044682269404543
ko.K05880	Week_and_Consortium	NS6_w5	1.52379226672785	0.344547550250358	32	32	0.000125729329493303	0.00044682269404543
ko.K21087	Week_and_Consortium	NS6_w5	1.52379226672785	0.344547550250358	32	32	0.000125729329493303	0.00044682269404543
ko.K09470	Week_and_Consortium	NS6_w5	1.52379226672785	0.344547550250358	32	32	0.000125729329493303	0.00044682269404543
ko.K03807	Week_and_Consortium	NS6_w5	1.52379226672785	0.344547550250358	32	32	0.000125729329493303	0.00044682269404543
ko.K05365	Week_and_Consortium	NS6_w5	1.52379226672785	0.344547550250358	32	32	0.000125729329493303	0.00044682269404543
ko.K06858	Week_and_Consortium	NS6_w5	1.52379226672785	0.344547550250358	32	32	0.000125729329493303	0.00044682269404543
ko.K00990	Week_and_Consortium	NS6_w5	1.01199760460245	0.210946063374489	32	32	4.45351124625798e-05	0.00044682269404543
ko.K00163	Week_and_Consortium	NS6_w5	1.52379226672785	0.344547550250358	32	32	0.000125729329493303	0.00044682269404543
ko.K01682	Week_and_Consortium	NS6_w5	1.52379226672785	0.344547550250358	32	32	0.000125729329493303	0.00044682269404543
ko.K09910	Week_and_Consortium	NS6_w5	1.52379226672785	0.344547550250358	32	32	0.000125729329493303	0.00044682269404543
ko.K08100	Week_and_Consortium	NS6_w5	1.52379226672785	0.344547550250358	32	32	0.000125729329493303	0.00044682269404543
ko.K14588	Week_and_Consortium	NS6_w5	1.52379226672785	0.344547550250358	32	32	0.000125729329493303	0.00044682269404543
ko.K00117	Week_and_Consortium	NS6_w5	1.52379226672785	0.344547550250358	32	32	0.000125729329493303	0.00044682269404543
ko.K14056	Week_and_Consortium	NS6_w5	1.52379226672785	0.344547550250358	32	32	0.000125729329493303	0.00044682269404543
ko.K08990	Week_and_Consortium	NS6_w5	1.52379226672785	0.344547550250358	32	32	0.000125729329493303	0.00044682269404543
ko.K14053	Week_and_Consortium	NS6_w5	1.52379226672785	0.344547550250358	32	32	0.000125729329493303	0.00044682269404543
ko.K03971	Week_and_Consortium	NS6_w5	1.52379226672785	0.344547550250358	32	32	0.000125729329493303	0.00044682269404543
ko.K03970	Week_and_Consortium	NS6_w5	1.52379226672785	0.344547550250358	32	32	0.000125729329493303	0.00044682269404543
ko.K03974	Week_and_Consortium	NS6_w5	1.52379226672785	0.344547550250358	32	32	0.000125729329493303	0.00044682269404543
ko.K09471	Week_and_Consortium	NS6_w5	1.52379226672785	0.344547550250358	32	32	0.000125729329493303	0.00044682269404543
ko.K06918	Week_and_Consortium	NS6_w5	1.52379226672785	0.344547550250358	32	32	0.000125729329493303	0.00044682269404543
ko.K03721	Week_and_Consortium	NS6_w5	1.52379226672785	0.344547550250358	32	32	0.000125729329493303	0.00044682269404543
ko.K19000	Week_and_Consortium	NS6_w5	1.52379226672785	0.344547550250358	32	32	0.000125729329493303	0.00044682269404543
ko.K15034	Week_and_Consortium	NS6_w5	1.52379226672785	0.344547550250358	32	32	0.000125729329493303	0.00044682269404543
ko.K06080	Week_and_Consortium	NS6_w5	1.52379226672785	0.344547550250358	32	32	0.000125729329493303	0.00044682269404543
ko.K14054	Week_and_Consortium	NS6_w5	1.52379226672785	0.344547550250358	32	32	0.000125729329493303	0.00044682269404543
ko.K01856	Week_and_Consortium	NS6_w5	1.52379226672785	0.344547550250358	32	32	0.000125729329493303	0.00044682269404543
ko.K07269	Week_and_Consortium	NS6_w5	1.52379226672785	0.344547550250358	32	32	0.000125729329493303	0.00044682269404543
ko.K07268	Week_and_Consortium	NS6_w5	1.52379226672785	0.344547550250358	32	32	0.000125729329493303	0.00044682269404543
ko.K06447	Week_and_Consortium	NS6_w5	1.52379226672785	0.344547550250358	32	32	0.000125729329493303	0.00044682269404543
ko.K05526	Week_and_Consortium	NS6_w5	1.52379226672785	0.344547550250358	32	32	0.000125729329493303	0.00044682269404543
ko.K09975	Week_and_Consortium	NS6_w5	1.52379226672785	0.344547550250358	32	32	0.000125729329493303	0.00044682269404543
ko.K05984	Week_and_Consortium	NS6_w5	1.52379226672785	0.344547550250358	32	32	0.000125729329493303	0.00044682269404543
ko.K01916	Week_and_Consortium	NS6_w5	1.0752458873474	0.221389917723117	32	32	3.77650098469809e-05	0.00044682269404543
ko.K04064	Week_and_Consortium	NS6_w5	1.52379226672785	0.344547550250358	32	32	0.000125729329493303	0.00044682269404543
ko.K15722	Week_and_Consortium	NS6_w5	1.52379226672785	0.344547550250358	32	32	0.000125729329493303	0.00044682269404543
ko.K01484	Week_and_Consortium	NS6_w5	1.52379226672785	0.344547550250358	32	32	0.000125729329493303	0.00044682269404543
ko.K00673	Week_and_Consortium	NS6_w5	1.52379226672785	0.344547550250358	32	32	0.000125729329493303	0.00044682269404543
ko.K06073	Week_and_Consortium	NS6_w5	1.52379226672785	0.344547550250358	32	32	0.000125729329493303	0.00044682269404543
ko.K09916	Week_and_Consortium	NS6_w5	1.52379226672785	0.344547550250358	32	32	0.000125729329493303	0.00044682269404543
ko.K08320	Week_and_Consortium	NS6_w5	1.52379226672785	0.344547550250358	32	32	0.000125729329493303	0.00044682269404543
ko.K17884	Week_and_Consortium	NS6_w5	1.52379226672785	0.344547550250358	32	32	0.000125729329493303	0.00044682269404543
ko.K05779	Week_and_Consortium	NS6_w5	1.52379226672785	0.344547550250358	32	32	0.000125729329493303	0.00044682269404543
ko.K05778	Week_and_Consortium	NS6_w5	1.52379226672785	0.344547550250358	32	32	0.000125729329493303	0.00044682269404543
ko.K05777	Week_and_Consortium	NS6_w5	1.52379226672785	0.344547550250358	32	32	0.000125729329493303	0.00044682269404543
ko.K07390	Week_and_Consortium	NS6_w5	1.52379226672785	0.344547550250358	32	32	0.000125729329493303	0.00044682269404543
ko.K03683	Week_and_Consortium	NS6_w5	1.52379226672785	0.344547550250358	32	32	0.000125729329493303	0.00044682269404543
ko.K10680	Week_and_Consortium	NS6_w5	1.52379226672785	0.344547550250358	32	32	0.000125729329493303	0.00044682269404543
ko.K16137	Week_and_Consortium	NS6_w5	1.52379226672785	0.344547550250358	32	32	0.000125729329493303	0.00044682269404543
ko.K06938	Week_and_Consortium	NS6_w5	1.52379226672785	0.344547550250358	32	32	0.000125729329493303	0.00044682269404543
ko.K06074	Week_and_Consortium	NS6_w5	1.52379226672785	0.344547550250358	32	32	0.000125729329493303	0.00044682269404543
ko.K13695	Week_and_Consortium	NS6_w5	1.52379226672785	0.344547550250358	32	32	0.000125729329493303	0.00044682269404543
ko.K08997	Week_and_Consortium	NS6_w5	1.52379226672785	0.344547550250358	32	32	0.000125729329493303	0.00044682269404543
ko.K05887	Week_and_Consortium	NS6_w5	1.52379226672785	0.344547550250358	32	32	0.000125729329493303	0.00044682269404543
ko.K08353	Week_and_Consortium	NS6_w5	1.52379226672785	0.344547550250358	32	32	0.000125729329493303	0.00044682269404543
ko.K08354	Week_and_Consortium	NS6_w5	1.52379226672785	0.344547550250358	32	32	0.000125729329493303	0.00044682269404543
ko.K09712	Week_and_Consortium	NS6_w5	1.52379226672785	0.344547550250358	32	32	0.000125729329493303	0.00044682269404543
ko.K07246	Week_and_Consortium	NS6_w5	0.990844921863894	0.195365898057021	32	32	2.07801426744276e-05	0.00044682269404543
ko.K10539	Week_and_Consortium	NS6_w5	1.52379226672785	0.344547550250358	32	32	0.000125729329493303	0.00044682269404543
ko.K01087	Week_and_Consortium	NS6_w5	1.52379226672785	0.344547550250358	32	32	0.000125729329493303	0.00044682269404543
ko.K14064	Week_and_Consortium	NS6_w5	1.52379226672785	0.344547550250358	32	32	0.000125729329493303	0.00044682269404543
ko.K02403	Week_and_Consortium	NS6_w5	1.52379226672785	0.344547550250358	32	32	0.000125729329493303	0.00044682269404543
ko.K02402	Week_and_Consortium	NS6_w5	1.52379226672785	0.344547550250358	32	32	0.000125729329493303	0.00044682269404543
ko.K03414	Week_and_Consortium	NS6_w5	1.52379226672785	0.344547550250358	32	32	0.000125729329493303	0.00044682269404543
ko.K03516	Week_and_Consortium	NS6_w5	1.52379226672785	0.344547550250358	32	32	0.000125729329493303	0.00044682269404543
ko.K09907	Week_and_Consortium	NS6_w5	1.52379226672785	0.344547550250358	32	32	0.000125729329493303	0.00044682269404543
ko.K10538	Week_and_Consortium	NS6_w5	1.52379226672785	0.344547550250358	32	32	0.000125729329493303	0.00044682269404543
ko.K10537	Week_and_Consortium	NS6_w5	1.52379226672785	0.344547550250358	32	32	0.000125729329493303	0.00044682269404543
ko.K15257	Week_and_Consortium	NS6_w5	1.52379226672785	0.344547550250358	32	32	0.000125729329493303	0.00044682269404543
ko.K02255	Week_and_Consortium	NS6_w5	1.52379226672785	0.344547550250358	32	32	0.000125729329493303	0.00044682269404543
ko.K02423	Week_and_Consortium	NS6_w5	1.52379226672785	0.344547550250358	32	32	0.000125729329493303	0.00044682269404543
ko.K02425	Week_and_Consortium	NS6_w5	1.52379226672785	0.344547550250358	32	32	0.000125729329493303	0.00044682269404543
ko.K07782	Week_and_Consortium	NS6_w5	1.52379226672785	0.344547550250358	32	32	0.000125729329493303	0.00044682269404543
ko.K15852	Week_and_Consortium	NS6_w5	1.52379226672785	0.344547550250358	32	32	0.000125729329493303	0.00044682269404543
ko.K19666	Week_and_Consortium	NS6_w5	1.52379226672785	0.344547550250358	32	32	0.000125729329493303	0.00044682269404543
ko.K19734	Week_and_Consortium	NS6_w5	1.52379226672785	0.344547550250358	32	32	0.000125729329493303	0.00044682269404543
ko.K07821	Week_and_Consortium	NS6_w5	1.52379226672785	0.344547550250358	32	32	0.000125729329493303	0.00044682269404543
ko.K22443	Week_and_Consortium	NS6_w5	1.52379226672785	0.344547550250358	32	32	0.000125729329493303	0.00044682269404543
ko.K07245	Week_and_Consortium	NS6_w5	1.52379226672785	0.344547550250358	32	32	0.000125729329493303	0.00044682269404543
ko.K03607	Week_and_Consortium	NS6_w5	1.52379226672785	0.344547550250358	32	32	0.000125729329493303	0.00044682269404543
ko.K21090	Week_and_Consortium	NS6_w5	1.52379226672785	0.344547550250358	32	32	0.000125729329493303	0.00044682269404543
ko.K09917	Week_and_Consortium	NS6_w5	1.52379226672785	0.344547550250358	32	32	0.000125729329493303	0.00044682269404543
ko.K07285	Week_and_Consortium	NS6_w5	1.52379226672785	0.344547550248362	32	32	0.000125729329474529	0.00044682269404543
ko.K22444	Week_and_Consortium	NS6_w5	1.52379226672785	0.344547550250358	32	32	0.000125729329493303	0.00044682269404543
ko.K00499	Week_and_Consortium	NS6_w5	1.52379226672785	0.344547550250358	32	32	0.000125729329493303	0.00044682269404543
ko.K07156	Week_and_Consortium	NS6_w5	1.52379226672785	0.344547550250358	32	32	0.000125729329493303	0.00044682269404543
ko.K07136	Week_and_Consortium	NS6_w5	1.52379226672785	0.344547550250358	32	32	0.000125729329493303	0.00044682269404543
ko.K02345	Week_and_Consortium	NS6_w5	1.52379226672785	0.344547550250358	32	32	0.000125729329493303	0.00044682269404543
ko.K08310	Week_and_Consortium	NS6_w5	1.52379226672785	0.344547550250358	32	32	0.000125729329493303	0.00044682269404543
ko.K19337	Week_and_Consortium	NS6_w5	1.52379226672785	0.344547550250358	32	32	0.000125729329493303	0.00044682269404543
ko.K01690	Week_and_Consortium	NS6_w5	1.52379226672785	0.344547550250358	32	32	0.000125729329493303	0.00044682269404543
ko.K09918	Week_and_Consortium	NS6_w5	1.52379226672785	0.344547550250358	32	32	0.000125729329493303	0.00044682269404543
ko.K10857	Week_and_Consortium	NS6_w5	1.52379226672785	0.344547550250358	32	32	0.000125729329493303	0.00044682269404543
ko.K07701	Week_and_Consortium	NS6_w5	1.52379226672785	0.344547550250358	32	32	0.000125729329493303	0.00044682269404543
ko.K03765	Week_and_Consortium	NS6_w5	1.52379226672785	0.344547550250358	32	32	0.000125729329493303	0.00044682269404543
ko.K03926	Week_and_Consortium	NS6_w5	1.52379226672785	0.344547550250358	32	32	0.000125729329493303	0.00044682269404543
ko.K07113	Week_and_Consortium	NS6_w5	1.52379226672785	0.344547550250358	32	32	0.000125729329493303	0.00044682269404543
ko.K16263	Week_and_Consortium	NS6_w5	1.52379226672785	0.344547550250358	32	32	0.000125729329493303	0.00044682269404543
ko.K19810	Week_and_Consortium	NS6_w5	1.52379226672785	0.344547550250358	32	32	0.000125729329493303	0.00044682269404543
ko.K16347	Week_and_Consortium	NS6_w5	1.52379226672785	0.344547550250358	32	32	0.000125729329493303	0.00044682269404543
ko.K07703	Week_and_Consortium	NS6_w5	1.52379226672785	0.344547550250358	32	32	0.000125729329493303	0.00044682269404543
ko.K08984	Week_and_Consortium	NS6_w5	1.52379226672785	0.344547550250358	32	32	0.000125729329493303	0.00044682269404543
ko.K05774	Week_and_Consortium	NS6_w5	1.52379226672785	0.344547550250358	32	32	0.000125729329493303	0.00044682269404543
ko.K02043	Week_and_Consortium	NS6_w5	1.52379226672785	0.344547550250358	32	32	0.000125729329493303	0.00044682269404543
ko.K07643	Week_and_Consortium	NS6_w5	1.52379226672785	0.344547550250358	32	32	0.000125729329493303	0.00044682269404543
ko.K07771	Week_and_Consortium	NS6_w5	1.52379226672785	0.344547550250358	32	32	0.000125729329493303	0.00044682269404543
ko.K16348	Week_and_Consortium	NS6_w5	1.52379226672785	0.344547550250358	32	32	0.000125729329493303	0.00044682269404543
ko.K09937	Week_and_Consortium	NS6_w5	1.52379226672785	0.344547550250358	32	32	0.000125729329493303	0.00044682269404543
ko.K09980	Week_and_Consortium	NS6_w5	1.52379226672785	0.344547550250358	32	32	0.000125729329493303	0.00044682269404543
ko.K09456	Week_and_Consortium	NS6_w5	1.52379226672785	0.344547550250358	32	32	0.000125729329493303	0.00044682269404543
ko.K03477	Week_and_Consortium	NS6_w5	1.52379226672785	0.344547550250358	32	32	0.000125729329493303	0.00044682269404543
ko.K02686	Week_and_Consortium	NS6_w5	1.52379226672785	0.344547550250358	32	32	0.000125729329493303	0.00044682269404543
ko.K01467	Week_and_Consortium	NS6_w5	1.52379226672785	0.344547550250358	32	32	0.000125729329493303	0.00044682269404543
ko.K19100	Week_and_Consortium	NS6_w5	1.52379226672785	0.344547550250358	32	32	0.000125729329493303	0.00044682269404543
ko.K19101	Week_and_Consortium	NS6_w5	1.52379226672785	0.344547550250358	32	32	0.000125729329493303	0.00044682269404543
ko.K19215	Week_and_Consortium	NS6_w5	1.52379226672785	0.344547550250358	32	32	0.000125729329493303	0.00044682269404543
ko.K20319	Week_and_Consortium	NS6_w5	1.52379226672785	0.344547550250358	32	32	0.000125729329493303	0.00044682269404543
ko.K20320	Week_and_Consortium	NS6_w5	1.52379226672785	0.344547550250358	32	32	0.000125729329493303	0.00044682269404543
ko.K00247	Week_and_Consortium	NS6_w5	1.52379226672785	0.344547550250358	32	32	0.000125729329493303	0.00044682269404543
ko.K00246	Week_and_Consortium	NS6_w5	1.52379226672785	0.344547550250358	32	32	0.000125729329493303	0.00044682269404543
ko.K04568	Week_and_Consortium	NS6_w5	1.52379226672785	0.344547550250358	32	32	0.000125729329493303	0.00044682269404543
ko.K13288	Week_and_Consortium	NS6_w5	1.01199760460245	0.210946063374489	32	32	4.45351124625798e-05	0.00044682269404543
ko.K09994	Week_and_Consortium	NS6_w5	1.52379226672785	0.344547550250358	32	32	0.000125729329493303	0.00044682269404543
ko.K04775	Week_and_Consortium	NS6_w5	1.52379226672785	0.344547550250358	32	32	0.000125729329493303	0.00044682269404543
ko.K15545	Week_and_Consortium	NS6_w5	1.52379226672785	0.344547550250358	32	32	0.000125729329493303	0.00044682269404543
ko.K09771	Week_and_Consortium	NS6_w5	1.52379226672785	0.344547550250358	32	32	0.000125729329493303	0.00044682269404543
ko.K22304	Week_and_Consortium	NS6_w5	1.52379226672785	0.344547550250358	32	32	0.000125729329493303	0.00044682269404543
ko.K01637	Week_and_Consortium	NS6_w5	1.52379226672785	0.344547550250358	32	32	0.000125729329493303	0.00044682269404543
ko.K00906	Week_and_Consortium	NS6_w5	1.52379226672785	0.344547550250358	32	32	0.000125729329493303	0.00044682269404543
ko.K11742	Week_and_Consortium	NS6_w5	1.52379226672785	0.344547550250358	32	32	0.000125729329493303	0.00044682269404543
ko.K11743	Week_and_Consortium	NS6_w5	1.52379226672785	0.344547550250358	32	32	0.000125729329493303	0.00044682269404543
ko.K16136	Week_and_Consortium	NS6_w5	1.52379226672785	0.344547550250358	32	32	0.000125729329493303	0.00044682269404543
ko.K16138	Week_and_Consortium	NS6_w5	1.52379226672785	0.344547550250358	32	32	0.000125729329493303	0.00044682269404543
ko.K16140	Week_and_Consortium	NS6_w5	1.52379226672785	0.344547550250358	32	32	0.000125729329493303	0.00044682269404543
ko.K10748	Week_and_Consortium	NS6_w5	1.52379226672785	0.344547550250358	32	32	0.000125729329493303	0.00044682269404543
ko.K07639	Week_and_Consortium	NS6_w5	1.52379226672785	0.344547550250358	32	32	0.000125729329493303	0.00044682269404543
ko.K07661	Week_and_Consortium	NS6_w5	1.52379226672785	0.344547550250358	32	32	0.000125729329493303	0.00044682269404543
ko.K02442	Week_and_Consortium	NS6_w5	1.52379226672785	0.344547550250358	32	32	0.000125729329493303	0.00044682269404543
ko.K03793	Week_and_Consortium	NS6_w5	1.52379226672785	0.344547550250358	32	32	0.000125729329493303	0.00044682269404543
ko.K13938	Week_and_Consortium	NS6_w5	1.52379226672785	0.344547550250358	32	32	0.000125729329493303	0.00044682269404543
ko.K10549	Week_and_Consortium	NS6_w5	1.52379226672785	0.344547550250358	32	32	0.000125729329493303	0.00044682269404543
ko.K13631	Week_and_Consortium	NS6_w5	1.52379226672785	0.344547550250358	32	32	0.000125729329493303	0.00044682269404543
ko.K03316	Week_and_Consortium	NS6_w5	0.829709954572949	0.172458220441047	32	32	3.96997251914026e-05	0.00044682269404543
ko.K14393	Week_and_Consortium	NS6_w5	1.52379226672785	0.344547550250358	32	32	0.000125729329493303	0.00044682269404543
ko.K04013	Week_and_Consortium	NS6_w5	1.52379226672785	0.344547550250358	32	32	0.000125729329493303	0.00044682269404543
ko.K04015	Week_and_Consortium	NS6_w5	1.52379226672785	0.344547550250358	32	32	0.000125729329493303	0.00044682269404543
ko.K04016	Week_and_Consortium	NS6_w5	1.52379226672785	0.344547550250358	32	32	0.000125729329493303	0.00044682269404543
ko.K04017	Week_and_Consortium	NS6_w5	1.52379226672785	0.344547550250358	32	32	0.000125729329493303	0.00044682269404543
ko.K04018	Week_and_Consortium	NS6_w5	1.52379226672785	0.344547550250358	32	32	0.000125729329493303	0.00044682269404543
ko.K15547	Week_and_Consortium	NS6_w5	1.52379226672785	0.344547550250358	32	32	0.000125729329493303	0.00044682269404543
ko.K15549	Week_and_Consortium	NS6_w5	1.52379226672785	0.344547550250358	32	32	0.000125729329493303	0.00044682269404543
ko.K00881	Week_and_Consortium	NS6_w5	1.52379226672785	0.344547550250358	32	32	0.000125729329493303	0.00044682269404543
ko.K17195	Week_and_Consortium	NS6_w5	1.52379226672785	0.344547550250358	32	32	0.000125729329493303	0.00044682269404543
ko.K10550	Week_and_Consortium	NS6_w5	1.52379226672785	0.344547550250358	32	32	0.000125729329493303	0.00044682269404543
ko.K13639	Week_and_Consortium	NS6_w5	1.52379226672785	0.344547550250358	32	32	0.000125729329493303	0.00044682269404543
ko.K03788	Week_and_Consortium	NS6_w5	1.52379226672785	0.344547550250358	32	32	0.000125729329493303	0.00044682269404543
ko.K13256	Week_and_Consortium	NS6_w5	1.0752458873474	0.221389917723117	32	32	3.77650098469809e-05	0.00044682269404543
ko.K10110	Week_and_Consortium	NS6_w5	1.52379226672785	0.344547550250358	32	32	0.000125729329493303	0.00044682269404543
ko.K10109	Week_and_Consortium	NS6_w5	1.52379226672785	0.344547550250358	32	32	0.000125729329493303	0.00044682269404543
ko.K10108	Week_and_Consortium	NS6_w5	1.52379226672785	0.344547550250358	32	32	0.000125729329493303	0.00044682269404543
ko.K10111	Week_and_Consortium	NS6_w5	1.52379226672785	0.344547550250358	32	32	0.000125729329493303	0.00044682269404543
ko.K02024	Week_and_Consortium	NS6_w5	1.52379226672785	0.344547550250358	32	32	0.000125729329493303	0.00044682269404543
ko.K05775	Week_and_Consortium	NS6_w5	1.52379226672785	0.344547550250358	32	32	0.000125729329493303	0.00044682269404543
ko.K03181	Week_and_Consortium	NS6_w5	1.52379226672785	0.344547550250358	32	32	0.000125729329493303	0.00044682269404543
ko.K00631	Week_and_Consortium	NS6_w5	1.52379226672785	0.344547550250358	32	32	0.000125729329493303	0.00044682269404543
ko.K09823	Week_and_Consortium	NS6_w5	1.52379226672785	0.344547550250358	32	32	0.000125729329493303	0.00044682269404543
ko.K07153	Week_and_Consortium	NS6_w5	1.52379226672785	0.344547550250358	32	32	0.000125729329493303	0.00044682269404543
ko.K07660	Week_and_Consortium	NS6_w5	1.52379226672785	0.344547550250358	32	32	0.000125729329493303	0.00044682269404543
ko.K07786	Week_and_Consortium	NS6_w5	1.52379226672785	0.344547550250358	32	32	0.000125729329493303	0.00044682269404543
ko.K07679	Week_and_Consortium	NS6_w5	1.52379226672785	0.344547550250358	32	32	0.000125729329493303	0.00044682269404543
ko.K18702	Week_and_Consortium	NS6_w5	0.990844921863894	0.195365898057021	32	32	2.07801426744276e-05	0.00044682269404543
ko.K01577	Week_and_Consortium	NS6_w5	1.52379226672785	0.344547550250358	32	32	0.000125729329493303	0.00044682269404543
ko.K07749	Week_and_Consortium	NS6_w5	1.52379226672785	0.344547550250358	32	32	0.000125729329493303	0.00044682269404543
ko.K03225	Week_and_Consortium	NS6_w5	1.52379226672785	0.344547550250358	32	32	0.000125729329493303	0.00044682269404543
ko.K10016	Week_and_Consortium	NS6_w5	1.52379226672785	0.344547550250358	32	32	0.000125729329493303	0.00044682269404543
ko.K10024	Week_and_Consortium	NS6_w5	1.52379226672785	0.344547550250358	32	32	0.000125729329493303	0.00044682269404543
ko.K03749	Week_and_Consortium	NS6_w5	1.52379226672785	0.344547550250358	32	32	0.000125729329493303	0.00044682269404543
ko.K15461	Week_and_Consortium	NS6_w5	1.52379226672785	0.344547550250358	32	32	0.000125729329493303	0.00044682269404543
ko.K09906	Week_and_Consortium	NS6_w5	1.52379226672785	0.344547550250358	32	32	0.000125729329493303	0.00044682269404543
ko.K11312	Week_and_Consortium	NS6_w5	1.52379226672785	0.344547550250358	32	32	0.000125729329493303	0.00044682269404543
ko.K07261	Week_and_Consortium	NS6_w5	1.52379226672785	0.344547550250358	32	32	0.000125729329493303	0.00044682269404543
ko.K03226	Week_and_Consortium	NS6_w5	1.52379226672785	0.344547550250358	32	32	0.000125729329493303	0.00044682269404543
ko.K10017	Week_and_Consortium	NS6_w5	1.52379226672785	0.344547550250358	32	32	0.000125729329493303	0.00044682269404543
ko.K02681	Week_and_Consortium	NS6_w5	1.52379226672785	0.344547550250358	32	32	0.000125729329493303	0.00044682269404543
ko.K01407	Week_and_Consortium	NS6_w5	1.52379226672785	0.344547550250358	32	32	0.000125729329493303	0.00044682269404543
ko.K03566	Week_and_Consortium	NS6_w5	1.52379226672785	0.344547550250358	32	32	0.000125729329493303	0.00044682269404543
ko.K06968	Week_and_Consortium	NS6_w5	1.52379226672785	0.344547550250358	32	32	0.000125729329493303	0.00044682269404543
ko.K02430	Week_and_Consortium	NS6_w5	1.52379226672785	0.344547550250358	32	32	0.000125729329493303	0.00044682269404543
ko.K01146	Week_and_Consortium	NS6_w5	1.52379226672785	0.344547550250358	32	32	0.000125729329493303	0.00044682269404543
ko.K03837	Week_and_Consortium	NS6_w5	1.52379226672785	0.344547550250358	32	32	0.000125729329493303	0.00044682269404543
ko.K02680	Week_and_Consortium	NS6_w5	1.52379226672785	0.344547550250358	32	32	0.000125729329493303	0.00044682269404543
ko.K22507	Week_and_Consortium	NS6_w5	1.52379226672785	0.344547550250358	32	32	0.000125729329493303	0.00044682269404543
ko.K22508	Week_and_Consortium	NS6_w5	1.52379226672785	0.344547550250358	32	32	0.000125729329493303	0.00044682269404543
ko.K03228	Week_and_Consortium	NS6_w5	1.52379226672785	0.344547550250358	32	32	0.000125729329493303	0.00044682269404543
ko.K22509	Week_and_Consortium	NS6_w5	1.52379226672785	0.344547550250358	32	32	0.000125729329493303	0.00044682269404543
ko.K22488	Week_and_Consortium	NS6_w5	1.52379226672785	0.344547550250358	32	32	0.000125729329493303	0.00044682269404543
ko.K03221	Week_and_Consortium	NS6_w5	1.52379226672785	0.344547550250358	32	32	0.000125729329493303	0.00044682269404543
ko.K22505	Week_and_Consortium	NS6_w5	1.52379226672785	0.344547550250358	32	32	0.000125729329493303	0.00044682269404543
ko.K22486	Week_and_Consortium	NS6_w5	1.52379226672785	0.344547550250358	32	32	0.000125729329493303	0.00044682269404543
ko.K01586	Week_and_Consortium	NS6_w5	0.0724906969513768	0.0151131276678058	32	32	4.13604206566073e-05	0.00044682269404543
ko.K08227	Week_and_Consortium	NS6_w5	1.52379226672785	0.344547550250358	32	32	0.000125729329493303	0.00044682269404543
ko.K03573	Week_and_Consortium	NS6_w5	1.52379226672785	0.344547550250358	32	32	0.000125729329493303	0.00044682269404543
ko.K08484	Week_and_Consortium	NS6_w5	1.52379226672785	0.344547550250358	32	32	0.000125729329493303	0.00044682269404543
ko.K10015	Week_and_Consortium	NS6_w5	1.52379226672785	0.344547550250358	32	32	0.000125729329493303	0.00044682269404543
ko.K15723	Week_and_Consortium	NS6_w5	1.52379226672785	0.344547550250358	32	32	0.000125729329493303	0.00044682269404543
ko.K00116	Week_and_Consortium	NS6_w5	1.52379226672785	0.344547550250358	32	32	0.000125729329493303	0.00044682269404543
ko.K06160	Week_and_Consortium	NS6_w5	1.52379226672785	0.344547550250358	32	32	0.000125729329493303	0.00044682269404543
ko.K03919	Week_and_Consortium	NS6_w5	1.52379226672785	0.344547550250358	32	32	0.000125729329493303	0.00044682269404543
ko.K07676	Week_and_Consortium	NS6_w5	1.52379226672785	0.344547550250358	32	32	0.000125729329493303	0.00044682269404543
ko.K07677	Week_and_Consortium	NS6_w5	1.52379226672785	0.344547550248362	32	32	0.000125729329474529	0.00044682269404543
ko.K07710	Week_and_Consortium	NS6_w5	1.52379226672785	0.344547550250358	32	32	0.000125729329493303	0.00044682269404543
ko.K09934	Week_and_Consortium	NS6_w5	1.52379226672785	0.344547550250358	32	32	0.000125729329493303	0.00044682269404543
ko.K07279	Week_and_Consortium	NS6_w5	1.52379226672785	0.344547550250358	32	32	0.000125729329493303	0.00044682269404543
ko.K06159	Week_and_Consortium	NS6_w5	1.52379226672785	0.344547550250358	32	32	0.000125729329493303	0.00044682269404543
ko.K08276	Week_and_Consortium	NS6_w5	1.52379226672785	0.344547550250358	32	32	0.000125729329493303	0.00044682269404543
ko.K09920	Week_and_Consortium	NS6_w5	1.52379226672785	0.344547550250358	32	32	0.000125729329493303	0.00044682269404543
ko.K03651	Week_and_Consortium	NS6_w5	1.52379226672785	0.344547550250358	32	32	0.000125729329493303	0.00044682269404543
ko.K07685	Week_and_Consortium	NS6_w5	1.52379226672785	0.344547550250358	32	32	0.000125729329493303	0.00044682269404543
ko.K02196	Week_and_Consortium	NS6_w5	1.52379226672785	0.344547550250358	32	32	0.000125729329493303	0.00044682269404543
ko.K11107	Week_and_Consortium	NS6_w5	1.52379226672785	0.344547550250358	32	32	0.000125729329493303	0.00044682269404543
ko.K07589	Week_and_Consortium	NS6_w5	1.52379226672785	0.344547550250358	32	32	0.000125729329493303	0.00044682269404543
ko.K09161	Week_and_Consortium	NS6_w5	1.52379226672785	0.344547550250358	32	32	0.000125729329493303	0.00044682269404543
ko.K09899	Week_and_Consortium	NS6_w5	1.52379226672785	0.344547550250358	32	32	0.000125729329493303	0.00044682269404543
ko.K10011	Week_and_Consortium	NS6_w5	1.52379226672785	0.344547550250358	32	32	0.000125729329493303	0.00044682269404543
ko.K13014	Week_and_Consortium	NS6_w5	1.52379226672785	0.344547550250358	32	32	0.000125729329493303	0.00044682269404543
ko.K07264	Week_and_Consortium	NS6_w5	1.52379226672785	0.344547550250358	32	32	0.000125729329493303	0.00044682269404543
ko.K12963	Week_and_Consortium	NS6_w5	1.52379226672785	0.344547550250358	32	32	0.000125729329493303	0.00044682269404543
ko.K19238	Week_and_Consortium	NS6_w5	1.52379226672785	0.344547550250358	32	32	0.000125729329493303	0.00044682269404543
ko.K05594	Week_and_Consortium	NS6_w5	1.52379226672785	0.344547550250358	32	32	0.000125729329493303	0.00044682269404543
ko.K13683	Week_and_Consortium	NS6_w5	1.52379226672785	0.344547550250358	32	32	0.000125729329493303	0.00044682269404543
ko.K13620	Week_and_Consortium	NS6_w5	1.52379226672785	0.344547550250358	32	32	0.000125729329493303	0.00044682269404543
ko.K13684	Week_and_Consortium	NS6_w5	1.52379226672785	0.344547550250358	32	32	0.000125729329493303	0.00044682269404543
ko.K21084	Week_and_Consortium	NS6_w5	1.52379226672785	0.344547550250358	32	32	0.000125729329493303	0.00044682269404543
ko.K04046	Week_and_Consortium	NS6_w5	1.52379226672785	0.344547550250358	32	32	0.000125729329493303	0.00044682269404543
ko.K07799	Week_and_Consortium	NS6_w5	1.52379226672785	0.344547550250358	32	32	0.000125729329493303	0.00044682269404543
ko.K21135	Week_and_Consortium	NS6_w5	1.52379226672785	0.344547550250358	32	32	0.000125729329493303	0.00044682269404543
ko.K07788	Week_and_Consortium	NS6_w5	1.52379226672785	0.344547550250358	32	32	0.000125729329493303	0.00044682269404543
ko.K07789	Week_and_Consortium	NS6_w5	1.52379226672785	0.344547550250358	32	32	0.000125729329493303	0.00044682269404543
ko.K18326	Week_and_Consortium	NS6_w5	1.52379226672785	0.344547550250358	32	32	0.000125729329493303	0.00044682269404543
ko.K03207	Week_and_Consortium	NS6_w5	1.52379226672785	0.344547550250358	32	32	0.000125729329493303	0.00044682269404543
ko.K01663	Week_and_Consortium	NS6_w5	1.52379226672785	0.344547550250358	32	32	0.000125729329493303	0.00044682269404543
ko.K05789	Week_and_Consortium	NS6_w5	1.52379226672785	0.344547550250358	32	32	0.000125729329493303	0.00044682269404543
ko.K16711	Week_and_Consortium	NS6_w5	1.52379226672785	0.344547550250358	32	32	0.000125729329493303	0.00044682269404543
ko.K16695	Week_and_Consortium	NS6_w5	1.52379226672785	0.344547550250358	32	32	0.000125729329493303	0.00044682269404543
ko.K18144	Week_and_Consortium	NS6_w5	1.52379226672785	0.344547550250358	32	32	0.000125729329493303	0.00044682269404543
ko.K17205	Week_and_Consortium	NS6_w5	1.52379226672785	0.344547550250358	32	32	0.000125729329493303	0.00044682269404543
ko.K16325	Week_and_Consortium	NS6_w5	1.52379226672785	0.344547550248362	32	32	0.000125729329474529	0.00044682269404543
ko.K19803	Week_and_Consortium	NS6_w5	1.52379226672785	0.344547550250358	32	32	0.000125729329493303	0.00044682269404543
ko.K19092	Week_and_Consortium	NS6_w5	-1.7709499139521	0.386382054018377	32	32	7.533386437601e-05	0.00044682269404543
ko.K00094	Week_and_Consortium	NS6_w5	1.52379226672785	0.344547550250358	32	32	0.000125729329493303	0.00044682269404543
ko.K08970	Week_and_Consortium	NS6_w5	1.52379226672785	0.344547550250358	32	32	0.000125729329493303	0.00044682269404543
ko.K03777	Week_and_Consortium	NS6_w5	1.52379226672785	0.344547550250358	32	32	0.000125729329493303	0.00044682269404543
ko.K06175	Week_and_Consortium	NS6_w5	1.52379226672785	0.344547550250358	32	32	0.000125729329493303	0.00044682269404543
ko.K19126	Week_and_Consortium	NS6_w5	1.52379226672785	0.344547550250358	32	32	0.000125729329493303	0.00044682269404543
ko.K09612	Week_and_Consortium	NS6_w5	1.52379226672785	0.344547550250358	32	32	0.000125729329493303	0.00044682269404543
ko.K06176	Week_and_Consortium	NS6_w5	1.52379226672785	0.344547550250358	32	32	0.000125729329493303	0.00044682269404543
ko.K00573	Week_and_Consortium	NS6_w5	1.52379226672785	0.344547550250358	32	32	0.000125729329493303	0.00044682269404543
ko.K03087	Week_and_Consortium	NS6_w5	1.52379226672785	0.344547550250358	32	32	0.000125729329493303	0.00044682269404543
ko.K21948	Week_and_Consortium	NS6_w5	1.52379226672785	0.344547550250358	32	32	0.000125729329493303	0.00044682269404543
ko.K07314	Week_and_Consortium	NS6_w5	1.52379226672785	0.344547550250358	32	32	0.000125729329493303	0.00044682269404543
ko.K19125	Week_and_Consortium	NS6_w5	1.52379226672785	0.344547550250358	32	32	0.000125729329493303	0.00044682269404543
ko.K19124	Week_and_Consortium	NS6_w5	1.52379226672785	0.344547550250358	32	32	0.000125729329493303	0.00044682269404543
ko.K13918	Week_and_Consortium	NS6_w5	1.52379226672785	0.344547550250358	32	32	0.000125729329493303	0.00044682269404543
ko.K07678	Week_and_Consortium	NS6_w5	1.52379226672785	0.344547550250358	32	32	0.000125729329493303	0.00044682269404543
ko.K04765	Week_and_Consortium	NS6_w5	1.52379226672785	0.344547550250358	32	32	0.000125729329493303	0.00044682269404543
ko.K19123	Week_and_Consortium	NS6_w5	1.52379226672785	0.344547550250358	32	32	0.000125729329493303	0.00044682269404543
ko.K19046	Week_and_Consortium	NS6_w5	1.52379226672785	0.344547550250358	32	32	0.000125729329493303	0.00044682269404543
ko.K15735	Week_and_Consortium	NS6_w5	1.52379226672785	0.344547550250358	32	32	0.000125729329493303	0.00044682269404543
ko.K11735	Week_and_Consortium	NS6_w5	1.52379226672785	0.344547550250358	32	32	0.000125729329493303	0.00044682269404543
ko.K14268	Week_and_Consortium	NS6_w5	1.52379226672785	0.344547550250358	32	32	0.000125729329493303	0.00044682269404543
ko.K15736	Week_and_Consortium	NS6_w5	1.52379226672785	0.344547550250358	32	32	0.000125729329493303	0.00044682269404543
ko.K15737	Week_and_Consortium	NS6_w5	1.52379226672785	0.344547550250358	32	32	0.000125729329493303	0.00044682269404543
ko.K09802	Week_and_Consortium	NS6_w5	1.52379226672785	0.344547550250358	32	32	0.000125729329493303	0.00044682269404543
ko.K07470	Week_and_Consortium	NS6_w5	1.52379226672785	0.344547550250358	32	32	0.000125729329493303	0.00044682269404543
ko.K15833	Week_and_Consortium	NS6_w5	1.52379226672785	0.344547550250358	32	32	0.000125729329493303	0.00044682269404543
ko.K15831	Week_and_Consortium	NS6_w5	1.52379226672785	0.344547550250358	32	32	0.000125729329493303	0.00044682269404543
ko.K15832	Week_and_Consortium	NS6_w5	1.52379226672785	0.344547550250358	32	32	0.000125729329493303	0.00044682269404543
ko.K15834	Week_and_Consortium	NS6_w5	1.52379226672785	0.344547550250358	32	32	0.000125729329493303	0.00044682269404543
ko.K08315	Week_and_Consortium	NS6_w5	1.40188237806312	0.313775939605524	32	32	0.000110986086054605	0.00044682269404543
ko.K02752	Week_and_Consortium	NS6_w5	0.990844921863894	0.195365898057021	32	32	2.07801426744276e-05	0.00044682269404543
ko.K02753	Week_and_Consortium	NS6_w5	0.990844921863894	0.195365898057021	32	32	2.07801426744276e-05	0.00044682269404543
ko.K12265	Week_and_Consortium	NS6_w5	1.52379226672785	0.344547550250358	32	32	0.000125729329493303	0.00044682269404543
ko.K12264	Week_and_Consortium	NS6_w5	1.52379226672785	0.344547550250358	32	32	0.000125729329493303	0.00044682269404543
ko.K12266	Week_and_Consortium	NS6_w5	1.52379226672785	0.344547550250358	32	32	0.000125729329493303	0.00044682269404543
ko.K02467	Week_and_Consortium	NS6_w5	1.52379226672785	0.344547550250358	32	32	0.000125729329493303	0.00044682269404543
ko.K02468	Week_and_Consortium	NS6_w5	1.52379226672785	0.344547550250358	32	32	0.000125729329493303	0.00044682269404543
ko.K02466	Week_and_Consortium	NS6_w5	1.52379226672785	0.344547550250358	32	32	0.000125729329493303	0.00044682269404543
ko.K15777	Week_and_Consortium	NS6_w5	1.52379226672785	0.344547550250358	32	32	0.000125729329493303	0.00044682269404543
ko.K07637	Week_and_Consortium	NS6_w5	1.52379226672785	0.344547550250358	32	32	0.000125729329493303	0.00044682269404543
ko.K03632	Week_and_Consortium	NS6_w5	1.52379226672785	0.344547550250358	32	32	0.000125729329493303	0.00044682269404543
ko.K03804	Week_and_Consortium	NS6_w5	1.52379226672785	0.344547550250358	32	32	0.000125729329493303	0.00044682269404543
ko.K03633	Week_and_Consortium	NS6_w5	1.52379226672785	0.344547550250358	32	32	0.000125729329493303	0.00044682269404543
ko.K06219	Week_and_Consortium	NS6_w5	1.52379226672785	0.344547550250358	32	32	0.000125729329493303	0.00044682269404543
ko.K09791	Week_and_Consortium	NS6_w5	1.52379226672785	0.344547550250358	32	32	0.000125729329493303	0.00044682269404543
ko.K09136	Week_and_Consortium	NS6_w5	1.52379226672785	0.344547550250358	32	32	0.000125729329493303	0.00044682269404543
ko.K09911	Week_and_Consortium	NS6_w5	1.52379226672785	0.344547550250358	32	32	0.000125729329493303	0.00044682269404543
ko.K04770	Week_and_Consortium	NS6_w5	1.52379226672785	0.344547550250358	32	32	0.000125729329493303	0.00044682269404543
ko.K01716	Week_and_Consortium	NS6_w5	1.52379226672785	0.344547550250358	32	32	0.000125729329493303	0.00044682269404543
ko.K03812	Week_and_Consortium	NS6_w5	1.52379226672785	0.344547550250358	32	32	0.000125729329493303	0.00044682269404543
ko.K09857	Week_and_Consortium	NS6_w5	1.52379226672785	0.344547550250358	32	32	0.000125729329493303	0.00044682269404543
ko.K07140	Week_and_Consortium	NS6_w5	1.52379226672785	0.344547550250358	32	32	0.000125729329493303	0.00044682269404543
ko.K18657	Week_and_Consortium	NS6_w5	1.52379226672785	0.344547550250358	32	32	0.000125729329493303	0.00044682269404543
ko.K00299	Week_and_Consortium	NS6_w5	1.52379226672785	0.344547550250358	32	32	0.000125729329493303	0.00044682269404543
ko.K04091	Week_and_Consortium	NS6_w5	1.52379226672785	0.344547550250358	32	32	0.000125729329493303	0.00044682269404543
ko.K15599	Week_and_Consortium	NS6_w5	1.52379226672785	0.344547550250358	32	32	0.000125729329493303	0.00044682269404543
ko.K10000	Week_and_Consortium	NS6_w5	1.52379226672785	0.344547550250358	32	32	0.000125729329493303	0.00044682269404543
ko.K09998	Week_and_Consortium	NS6_w5	1.52379226672785	0.344547550250358	32	32	0.000125729329493303	0.00044682269404543
ko.K03212	Week_and_Consortium	NS6_w5	1.52379226672785	0.344547550250358	32	32	0.000125729329493303	0.00044682269404543
ko.K11075	Week_and_Consortium	NS6_w5	1.52379226672785	0.344547550250358	32	32	0.000125729329493303	0.00044682269404543
ko.K11073	Week_and_Consortium	NS6_w5	1.52379226672785	0.344547550250358	32	32	0.000125729329493303	0.00044682269404543
ko.K10678	Week_and_Consortium	NS6_w5	1.52379226672785	0.344547550250358	32	32	0.000125729329493303	0.00044682269404543
ko.K03674	Week_and_Consortium	NS6_w5	1.52379226672785	0.344547550250358	32	32	0.000125729329493303	0.00044682269404543
ko.K06906	Week_and_Consortium	NS6_w5	1.52379226672785	0.344547550250358	32	32	0.000125729329493303	0.00044682269404543
ko.K21430	Week_and_Consortium	NS6_w5	1.52379226672785	0.344547550250358	32	32	0.000125729329493303	0.00044682269404543
ko.K19688	Week_and_Consortium	NS6_w5	1.52379226672785	0.344547550250358	32	32	0.000125729329493303	0.00044682269404543
ko.K09999	Week_and_Consortium	NS6_w5	1.52379226672785	0.344547550250358	32	32	0.000125729329493303	0.00044682269404543
ko.K11066	Week_and_Consortium	NS6_w5	1.52379226672785	0.344547550250358	32	32	0.000125729329493303	0.00044682269404543
ko.K20801	Week_and_Consortium	NS6_w5	1.52379226672785	0.344547550250358	32	32	0.000125729329493303	0.00044682269404543
ko.K16012	Week_and_Consortium	NS6_w5	1.59166577772697	0.315811049029077	32	32	2.08125628337513e-05	0.00044682269404543
ko.K09824	Week_and_Consortium	NS6_w5	1.52379226672785	0.344547550250358	32	32	0.000125729329493303	0.00044682269404543
ko.K11933	Week_and_Consortium	NS6_w5	1.52379226672785	0.344547550250358	32	32	0.000125729329493303	0.00044682269404543
ko.K13053	Week_and_Consortium	NS6_w5	1.52379226672785	0.344547550250358	32	32	0.000125729329493303	0.00044682269404543
ko.K08300	Week_and_Consortium	NS6_w5	1.01199760460245	0.210946063374489	32	32	4.45351124625798e-05	0.00044682269404543
ko.K02394	Week_and_Consortium	NS6_w5	1.52379226672785	0.344547550250358	32	32	0.000125729329493303	0.00044682269404543
ko.K02393	Week_and_Consortium	NS6_w5	1.52379226672785	0.344547550250358	32	32	0.000125729329493303	0.00044682269404543
ko.K02391	Week_and_Consortium	NS6_w5	1.52379226672785	0.344547550250358	32	32	0.000125729329493303	0.00044682269404543
ko.K18850	Week_and_Consortium	NS6_w5	1.52379226672785	0.344547550250358	32	32	0.000125729329493303	0.00044682269404543
ko.K00884	Week_and_Consortium	NS6_w5	1.52379226672785	0.344547550250358	32	32	0.000125729329493303	0.00044682269404543
ko.K22041	Week_and_Consortium	NS6_w5	1.52379226672785	0.344547550250358	32	32	0.000125729329493303	0.00044682269404543
ko.K07337	Week_and_Consortium	NS6_w5	1.52379226672785	0.344547550250358	32	32	0.000125729329493303	0.00044682269404543
ko.K04335	Week_and_Consortium	NS6_w5	1.52379226672785	0.344547550250358	32	32	0.000125729329493303	0.00044682269404543
ko.K20918	Week_and_Consortium	NS6_w5	1.52379226672785	0.344547550250358	32	32	0.000125729329493303	0.00044682269404543
ko.K04337	Week_and_Consortium	NS6_w5	1.52379226672785	0.344547550250358	32	32	0.000125729329493303	0.00044682269404543
ko.K04338	Week_and_Consortium	NS6_w5	1.52379226672785	0.344547550250358	32	32	0.000125729329493303	0.00044682269404543
ko.K06214	Week_and_Consortium	NS6_w5	1.52379226672785	0.344547550250358	32	32	0.000125729329493303	0.00044682269404543
ko.K01093	Week_and_Consortium	NS6_w5	1.52379226672785	0.344547550250358	32	32	0.000125729329493303	0.00044682269404543
ko.K03618	Week_and_Consortium	NS6_w5	1.52379226672785	0.344547550250358	32	32	0.000125729329493303	0.00044682269404543
ko.K03619	Week_and_Consortium	NS6_w5	1.52379226672785	0.344547550250358	32	32	0.000125729329493303	0.00044682269404543
ko.K19416	Week_and_Consortium	NS6_w5	1.52379226672785	0.344547550250358	32	32	0.000125729329493303	0.00044682269404543
ko.K11179	Week_and_Consortium	NS6_w5	1.52379226672785	0.344547550250358	32	32	0.000125729329493303	0.00044682269404543
ko.K11940	Week_and_Consortium	NS6_w5	1.52379226672785	0.344547550250358	32	32	0.000125729329493303	0.00044682269404543
ko.K09909	Week_and_Consortium	NS6_w5	1.52379226672785	0.344547550250358	32	32	0.000125729329493303	0.00044682269404543
ko.K04333	Week_and_Consortium	NS6_w5	1.52379226672785	0.344547550250358	32	32	0.000125729329493303	0.00044682269404543
ko.K04334	Week_and_Consortium	NS6_w5	1.52379226672785	0.344547550250358	32	32	0.000125729329493303	0.00044682269404543
ko.K02386	Week_and_Consortium	NS6_w5	1.52379226672785	0.344547550250358	32	32	0.000125729329493303	0.00044682269404543
ko.K04336	Week_and_Consortium	NS6_w5	1.52379226672785	0.344547550250358	32	32	0.000125729329493303	0.00044682269404543
ko.K02399	Week_and_Consortium	NS6_w5	1.52379226672785	0.344547550250358	32	32	0.000125729329493303	0.00044682269404543
ko.K09915	Week_and_Consortium	NS6_w5	1.52379226672785	0.344547550250358	32	32	0.000125729329493303	0.00044682269404543
ko.K08162	Week_and_Consortium	NS6_w5	1.52379226672785	0.344547550250358	32	32	0.000125729329493303	0.00044682269404543
ko.K03675	Week_and_Consortium	NS6_w5	1.52379226672785	0.344547550250358	32	32	0.000125729329493303	0.00044682269404543
ko.K12148	Week_and_Consortium	NS6_w5	1.52379226672785	0.344547550250358	32	32	0.000125729329493303	0.00044682269404543
ko.K02846	Week_and_Consortium	NS6_w5	1.52379226672785	0.344547550250358	32	32	0.000125729329493303	0.00044682269404543
ko.K12147	Week_and_Consortium	NS6_w5	1.52379226672785	0.344547550250358	32	32	0.000125729329493303	0.00044682269404543
ko.K03669	Week_and_Consortium	NS6_w5	1.52379226672785	0.344547550250358	32	32	0.000125729329493303	0.00044682269404543
ko.K13051	Week_and_Consortium	NS6_w5	0.502109551274138	0.104378471360457	32	32	4.29505997164152e-05	0.00044682269404543
ko.K07121	Week_and_Consortium	NS6_w5	1.52379226672785	0.344547550250358	32	32	0.000125729329493303	0.00044682269404543
ko.K02079	Week_and_Consortium	NS6_w5	1.52379226672785	0.344547550250358	32	32	0.000125729329493303	0.00044682269404543
ko.K19155	Week_and_Consortium	NS6_w5	1.52379226672785	0.344547550250358	32	32	0.000125729329493303	0.00044682269404543
ko.K19156	Week_and_Consortium	NS6_w5	1.52379226672785	0.344547550250358	32	32	0.000125729329493303	0.00044682269404543
ko.K07592	Week_and_Consortium	NS6_w5	1.52379226672785	0.344547550250358	32	32	0.000125729329493303	0.00044682269404543
ko.K03838	Week_and_Consortium	NS6_w5	1.52379226672785	0.344547550250358	32	32	0.000125729329493303	0.00044682269404543
ko.K07184	Week_and_Consortium	NS6_w5	1.0752458873474	0.221389917723117	32	32	3.77650098469809e-05	0.00044682269404543
ko.K18446	Week_and_Consortium	NS6_w5	1.52379226672785	0.344547550250358	32	32	0.000125729329493303	0.00044682269404543
ko.K00982	Week_and_Consortium	NS6_w5	1.01199760460245	0.210946063374489	32	32	4.45351124625798e-05	0.00044682269404543
ko.K09806	Week_and_Consortium	NS6_w5	1.52379226672785	0.344547550250358	32	32	0.000125729329493303	0.00044682269404543
ko.K07393	Week_and_Consortium	NS6_w5	1.52379226672785	0.344547550250358	32	32	0.000125729329493303	0.00044682269404543
ko.K19775	Week_and_Consortium	NS6_w5	1.52379226672785	0.344547550250358	32	32	0.000125729329493303	0.00044682269404543
ko.K07862	Week_and_Consortium	NS6_w5	1.02369637988364	0.21915810940299	32	32	6.32397583965692e-05	0.00044682269404543
ko.K11391	Week_and_Consortium	NS6_w5	1.52379226672785	0.344547550250358	32	32	0.000125729329493303	0.00044682269404543
ko.K12112	Week_and_Consortium	NS6_w5	1.40188237806312	0.313775939605524	32	32	0.000110986086054605	0.00044682269404543
ko.K12113	Week_and_Consortium	NS6_w5	1.52379226672785	0.344547550250358	32	32	0.000125729329493303	0.00044682269404543
ko.K09251	Week_and_Consortium	NS6_w5	1.52379226672785	0.344547550250358	32	32	0.000125729329493303	0.00044682269404543
ko.K03776	Week_and_Consortium	NS6_w5	1.52379226672785	0.344547550250358	32	32	0.000125729329493303	0.00044682269404543
ko.K07229	Week_and_Consortium	NS6_w5	1.52379226672785	0.344547550250358	32	32	0.000125729329493303	0.00044682269404543
ko.K11934	Week_and_Consortium	NS6_w5	0.50335213406338	0.101391980578657	32	32	2.5758563371345e-05	0.00044682269404543
ko.K18140	Week_and_Consortium	NS6_w5	1.52379226672785	0.344547550250358	32	32	0.000125729329493303	0.00044682269404543
ko.K19745	Week_and_Consortium	NS6_w5	1.52379226672785	0.344547550250358	32	32	0.000125729329493303	0.00044682269404543
ko.K18765	Week_and_Consortium	NS6_w5	1.52379226672785	0.344547550250358	32	32	0.000125729329493303	0.00044682269404543
ko.K10036	Week_and_Consortium	NS6_w5	1.0752458873474	0.221389917723117	32	32	3.77650098469809e-05	0.00044682269404543
ko.K13650	Week_and_Consortium	NS6_w5	1.52379226672785	0.344547550250358	32	32	0.000125729329493303	0.00044682269404543
ko.K16090	Week_and_Consortium	NS6_w5	1.52379226672785	0.344547550250358	32	32	0.000125729329493303	0.00044682269404543
ko.K07336	Week_and_Consortium	NS6_w5	1.52379226672785	0.344547550250358	32	32	0.000125729329493303	0.00044682269404543
ko.K03638	Week_and_Consortium	NS6_w5	1.52379226672785	0.344547550250358	32	32	0.000125729329493303	0.00044682269404543
ko.K21698	Week_and_Consortium	NS6_w5	1.52379226672785	0.344547550250358	32	32	0.000125729329493303	0.00044682269404543
ko.K07648	Week_and_Consortium	NS6_w5	1.52379226672785	0.344547550250358	32	32	0.000125729329493303	0.00044682269404543
ko.K08485	Week_and_Consortium	NS6_w5	1.52379226672785	0.344547550250358	32	32	0.000125729329493303	0.00044682269404543
ko.K11719	Week_and_Consortium	NS6_w5	1.52379226672785	0.344547550250358	32	32	0.000125729329493303	0.00044682269404543
ko.K07122	Week_and_Consortium	NS6_w5	1.52379226672785	0.344547550250358	32	32	0.000125729329493303	0.00044682269404543
ko.K07724	Week_and_Consortium	NS6_w5	1.52379226672785	0.344547550250358	32	32	0.000125729329493303	0.00044682269404543
ko.K21695	Week_and_Consortium	NS6_w5	1.52379226672785	0.344547550250358	32	32	0.000125729329493303	0.00044682269404543
ko.K15548	Week_and_Consortium	NS6_w5	1.52379226672785	0.344547550250358	32	32	0.000125729329493303	0.00044682269404543
ko.K03623	Week_and_Consortium	NS6_w5	1.52379226672785	0.344547550250358	32	32	0.000125729329493303	0.00044682269404543
ko.K04691	Week_and_Consortium	NS6_w5	1.52379226672785	0.344547550250358	32	32	0.000125729329493303	0.00044682269404543
ko.K09908	Week_and_Consortium	NS6_w5	1.52379226672785	0.344547550250358	32	32	0.000125729329493303	0.00044682269404543
ko.K06916	Week_and_Consortium	NS6_w5	1.40188237806312	0.313775939605524	32	32	0.000110986086054605	0.00044682269404543
ko.K03600	Week_and_Consortium	NS6_w5	1.52379226672785	0.344547550250358	32	32	0.000125729329493303	0.00044682269404543
ko.K22104	Week_and_Consortium	NS6_w5	1.52379226672785	0.344547550250358	32	32	0.000125729329493303	0.00044682269404543
ko.K00885	Week_and_Consortium	NS6_w5	1.52379226672785	0.344547550250358	32	32	0.000125729329493303	0.00044682269404543
ko.K10040	Week_and_Consortium	NS6_w5	1.42264895360581	0.291068667257908	32	32	3.46604220366736e-05	0.00044682269404543
ko.K00034	Week_and_Consortium	NS6_w5	2.06832180459687	0.431805716150243	32	31	4.5470602340365e-05	0.00044682269404543
ko.K03325	Week_and_Consortium	NS6_w5	0.596024700413212	0.126638629351711	32	32	5.73174578104187e-05	0.00044682269404543
ko.K01551	Week_and_Consortium	NS6_w5	0.580685259490489	0.128728975297234	32	32	9.85180480755948e-05	0.00044682269404543
ko.K03444	Week_and_Consortium	NS6_w5	0.580685259490489	0.128728975297234	32	32	9.85180480755948e-05	0.00044682269404543
ko.K13819	Week_and_Consortium	NS6_w5	-1.7709499139521	0.386382054018377	32	32	7.533386437601e-05	0.00044682269404543
ko.K13766	Week_and_Consortium	NS6_w5	-1.7709499139521	0.386382054018377	32	32	7.533386437601e-05	0.00044682269404543
ko.K07469	Week_and_Consortium	NS6_w5	-1.7709499139521	0.386382054018377	32	32	7.533386437601e-05	0.00044682269404543
ko.K05351	Week_and_Consortium	NS6_w5	1.52379226672785	0.344547550250358	32	32	0.000125729329493303	0.00044682269404543
ko.K09474	Week_and_Consortium	NS6_w5	0.596024700413212	0.126638629351711	32	32	5.73174578104187e-05	0.00044682269404543
ko.K19267	Week_and_Consortium	NS6_w5	1.52379226672785	0.344547550250358	32	32	0.000125729329493303	0.00044682269404543
ko.K12063	Week_and_Consortium	NS6_w5	1.52379226672785	0.344547550250358	32	32	0.000125729329493303	0.00044682269404543
ko.K12065	Week_and_Consortium	NS6_w5	1.0752458873474	0.221389917723117	32	32	3.77650098469809e-05	0.00044682269404543
ko.K01730	Week_and_Consortium	NS6_w5	0.580685259490489	0.128728975297234	32	32	9.85180480755948e-05	0.00044682269404543
ko.K08280	Week_and_Consortium	NS6_w5	0.548253677341904	0.122690590732644	32	32	0.000110739289400786	0.00044682269404543
ko.K20345	Week_and_Consortium	NS6_w5	0.580685259490489	0.128728975297234	32	32	9.85180480755948e-05	0.00044682269404543
ko.K11895	Week_and_Consortium	NS6_w5	1.52379226672785	0.344547550248362	32	32	0.000125729329474529	0.00044682269404543
ko.K01160	Week_and_Consortium	NS6_w5	1.52379226672785	0.344547550248362	32	32	0.000125729329474529	0.00044682269404543
ko.K18653	Week_and_Consortium	NS6_w5	1.52379226672785	0.344547550250358	32	32	0.000125729329493303	0.00044682269404543
ko.K12072	Week_and_Consortium	NS6_w5	1.52379226672785	0.344547550250358	32	32	0.000125729329493303	0.00044682269404543
ko.K11911	Week_and_Consortium	NS6_w5	1.52379226672785	0.344547550250358	32	32	0.000125729329493303	0.00044682269404543
ko.K12210	Week_and_Consortium	NS6_w5	1.52379226672785	0.344547550250358	32	32	0.000125729329493303	0.00044682269404543
ko.K19160	Week_and_Consortium	NS6_w5	1.52379226672785	0.344547550250358	32	32	0.000125729329493303	0.00044682269404543
ko.K19161	Week_and_Consortium	NS6_w5	1.52379226672785	0.344547550250358	32	32	0.000125729329493303	0.00044682269404543
ko.K06952	Week_and_Consortium	NS6_w5	1.52379226672785	0.344547550250358	32	32	0.000125729329493303	0.00044682269404543
ko.K11910	Week_and_Consortium	NS6_w5	1.52379226672785	0.344547550250358	32	32	0.000125729329493303	0.00044682269404543
ko.K11909	Week_and_Consortium	NS6_w5	1.52379226672785	0.344547550250358	32	32	0.000125729329493303	0.00044682269404543
ko.K11907	Week_and_Consortium	NS6_w5	1.52379226672785	0.344547550250358	32	32	0.000125729329493303	0.00044682269404543
ko.K11892	Week_and_Consortium	NS6_w5	1.52379226672785	0.344547550250358	32	32	0.000125729329493303	0.00044682269404543
ko.K11893	Week_and_Consortium	NS6_w5	1.52379226672785	0.344547550250358	32	32	0.000125729329493303	0.00044682269404543
ko.K11906	Week_and_Consortium	NS6_w5	1.52379226672785	0.344547550250358	32	32	0.000125729329493303	0.00044682269404543
ko.K11894	Week_and_Consortium	NS6_w5	1.52379226672785	0.344547550250358	32	32	0.000125729329493303	0.00044682269404543
ko.K11896	Week_and_Consortium	NS6_w5	1.52379226672785	0.344547550250358	32	32	0.000125729329493303	0.00044682269404543
ko.K09688	Week_and_Consortium	NS6_w5	1.52379226672785	0.344547550250358	32	32	0.000125729329493303	0.00044682269404543
ko.K12057	Week_and_Consortium	NS6_w5	1.52379226672785	0.344547550250358	32	32	0.000125729329493303	0.00044682269404543
ko.K21039	Week_and_Consortium	NS6_w5	1.52379226672785	0.344547550250358	32	32	0.000125729329493303	0.00044682269404543
ko.K12066	Week_and_Consortium	NS6_w5	1.52379226672785	0.344547550250358	32	32	0.000125729329493303	0.00044682269404543
ko.K12062	Week_and_Consortium	NS6_w5	1.52379226672785	0.344547550250358	32	32	0.000125729329493303	0.00044682269404543
ko.K12061	Week_and_Consortium	NS6_w5	1.52379226672785	0.344547550250358	32	32	0.000125729329493303	0.00044682269404543
ko.K12060	Week_and_Consortium	NS6_w5	1.52379226672785	0.344547550250358	32	32	0.000125729329493303	0.00044682269404543
ko.K12059	Week_and_Consortium	NS6_w5	1.52379226672785	0.344547550250358	32	32	0.000125729329493303	0.00044682269404543
ko.K11905	Week_and_Consortium	NS6_w5	1.52379226672785	0.344547550250358	32	32	0.000125729329493303	0.00044682269404543
ko.K11900	Week_and_Consortium	NS6_w5	1.52379226672785	0.344547550250358	32	32	0.000125729329493303	0.00044682269404543
ko.K11901	Week_and_Consortium	NS6_w5	1.52379226672785	0.344547550250358	32	32	0.000125729329493303	0.00044682269404543
ko.K11903	Week_and_Consortium	NS6_w5	1.52379226672785	0.344547550250358	32	32	0.000125729329493303	0.00044682269404543
ko.K07265	Week_and_Consortium	NS6_w5	1.52379226672785	0.344547550250358	32	32	0.000125729329493303	0.00044682269404543
ko.K07266	Week_and_Consortium	NS6_w5	1.52379226672785	0.344547550250358	32	32	0.000125729329493303	0.00044682269404543
ko.K10107	Week_and_Consortium	NS6_w5	1.52379226672785	0.344547550250358	32	32	0.000125729329493303	0.00044682269404543
ko.K10966	Week_and_Consortium	NS6_w5	1.52379226672785	0.344547550250358	32	32	0.000125729329493303	0.00044682269404543
ko.K10939	Week_and_Consortium	NS6_w5	1.52379226672785	0.344547550250358	32	32	0.000125729329493303	0.00044682269404543
ko.K07733	Week_and_Consortium	NS6_w5	1.52379226672785	0.344547550250358	32	32	0.000125729329493303	0.00044682269404543
ko.K02415	Week_and_Consortium	NS6_w5	1.52379226672785	0.344547550250358	32	32	0.000125729329493303	0.00044682269404543
ko.K12661	Week_and_Consortium	NS6_w5	1.52379226672785	0.344547550250358	32	32	0.000125729329493303	0.00044682269404543
ko.K22226	Week_and_Consortium	NS6_w5	-1.7709499139521	0.386382054018377	32	32	7.533386437601e-05	0.00044682269404543
ko.K09967	Week_and_Consortium	NS6_w5	-1.7709499139521	0.386382054018377	32	32	7.533386437601e-05	0.00044682269404543
ko.K18123	Week_and_Consortium	NS6_w5	-1.7709499139521	0.386382054018377	32	32	7.533386437601e-05	0.00044682269404543
ko.K16708	Week_and_Consortium	NS6_w5	-1.7709499139521	0.386382054018377	32	32	7.533386437601e-05	0.00044682269404543
ko.K16843	Week_and_Consortium	NS6_w5	-1.7709499139521	0.386382054018377	32	32	7.533386437601e-05	0.00044682269404543
ko.K12070	Week_and_Consortium	NS6_w5	-1.7709499139521	0.386382054018377	32	32	7.533386437601e-05	0.00044682269404543
ko.K14194	Week_and_Consortium	NS6_w5	-1.7709499139521	0.386382054018377	32	32	7.533386437601e-05	0.00044682269404543
ko.K15482	Week_and_Consortium	NS6_w5	0.580685259490489	0.128728975297234	32	32	9.85180480755948e-05	0.00044682269404543
ko.K22302	Week_and_Consortium	NS6_w5	1.52379226672785	0.344547550248362	32	32	0.000125729329474529	0.00044682269404543
ko.K18320	Week_and_Consortium	NS6_w5	1.52379226672785	0.344547550250358	32	32	0.000125729329493303	0.00044682269404543
ko.K08195	Week_and_Consortium	NS6_w5	1.52379226672785	0.344547550250358	32	32	0.000125729329493303	0.00044682269404543
ko.K00450	Week_and_Consortium	NS6_w5	1.52379226672785	0.344547550250358	32	32	0.000125729329493303	0.00044682269404543
ko.K01800	Week_and_Consortium	NS6_w5	1.52379226672785	0.344547550250358	32	32	0.000125729329493303	0.00044682269404543
ko.K01801	Week_and_Consortium	NS6_w5	1.52379226672785	0.344547550250358	32	32	0.000125729329493303	0.00044682269404543
ko.K00480	Week_and_Consortium	NS6_w5	1.52379226672785	0.344547550250358	32	32	0.000125729329493303	0.00044682269404543
ko.K20940	Week_and_Consortium	NS6_w5	1.52379226672785	0.344547550250358	32	32	0.000125729329493303	0.00044682269404543
ko.K22270	Week_and_Consortium	NS6_w5	1.52379226672785	0.344547550250358	32	32	0.000125729329493303	0.00044682269404543
ko.K22487	Week_and_Consortium	NS6_w5	1.52379226672785	0.344547550250358	32	32	0.000125729329493303	0.00044682269404543
ko.K12058	Week_and_Consortium	NS6_w5	1.52379226672785	0.344547550250358	32	32	0.000125729329493303	0.00044682269404543
ko.K02234	Week_and_Consortium	NS6_w5	1.52379226672785	0.344547550250358	32	32	0.000125729329493303	0.00044682269404543
ko.K20170	Week_and_Consortium	NS6_w5	1.52379226672785	0.344547550250358	32	32	0.000125729329493303	0.00044682269404543
ko.K15469	Week_and_Consortium	NS6_w5	1.52379226672785	0.344547550250358	32	32	0.000125729329493303	0.00044682269404543
ko.K07190	Week_and_Consortium	NS6_w5	1.52379226672785	0.344547550250358	32	32	0.000125729329493303	0.00044682269404543
ko.K22300	Week_and_Consortium	NS6_w5	1.52379226672785	0.344547550250358	32	32	0.000125729329493303	0.00044682269404543
ko.K12068	Week_and_Consortium	NS6_w5	1.52379226672785	0.344547550250358	32	32	0.000125729329493303	0.00044682269404543
ko.K12067	Week_and_Consortium	NS6_w5	1.52379226672785	0.344547550250358	32	32	0.000125729329493303	0.00044682269404543
ko.K09689	Week_and_Consortium	NS6_w5	1.52379226672785	0.344547550250358	32	32	0.000125729329493303	0.00044682269404543
ko.K04778	Week_and_Consortium	NS6_w5	1.52379226672785	0.344547550250358	32	32	0.000125729329493303	0.00044682269404543
ko.K12237	Week_and_Consortium	NS6_w5	1.52379226672785	0.344547550250358	32	32	0.000125729329493303	0.00044682269404543
ko.K03829	Week_and_Consortium	NS6_w5	1.52379226672785	0.344547550250358	32	32	0.000125729329493303	0.00044682269404543
ko.K12981	Week_and_Consortium	NS6_w5	1.52379226672785	0.344547550250358	32	32	0.000125729329493303	0.00044682269404543
ko.K03277	Week_and_Consortium	NS6_w5	1.52379226672785	0.344547550250358	32	32	0.000125729329493303	0.00044682269404543
ko.K02840	Week_and_Consortium	NS6_w5	1.52379226672785	0.344547550250358	32	32	0.000125729329493303	0.00044682269404543
ko.K01455	Week_and_Consortium	NS6_w5	-1.7709499139521	0.386382054018377	32	32	7.5333864375999e-05	0.00044682269404543
ko.K00983	Week_and_Consortium	NS6_w5	0.637004892113066	0.144548181237603	32	32	0.00013129987856072	0.000466277972838983
ko.K07310	Week_and_Consortium	NS6_w5	1.50212645180294	0.341306189956222	32	32	0.000133400798583098	0.000473392299873159
ko.K07306	Week_and_Consortium	NS6_w5	1.48132092765192	0.338458470289755	32	32	0.000142695674520243	0.000506006372147442
ko.K05796	Week_and_Consortium	NS6_w5	1.40205315862668	0.320638103322506	32	32	0.000144262916691574	0.000511190218313238
ko.K07812	Week_and_Consortium	NS6_w5	1.13694605744264	0.260466853563318	32	32	0.000147344052779686	0.000517571325151524
ko.K07811	Week_and_Consortium	NS6_w5	1.13694605744264	0.260466853563318	32	32	0.000147344052779686	0.000517571325151524
ko.K10014	Week_and_Consortium	NS6_w5	1.13694605744263	0.26046685356319	32	32	0.000147344052778457	0.000517571325151524
ko.K10002	Week_and_Consortium	NS6_w5	1.13694605744263	0.26046685356314	32	32	0.000147344052775541	0.000517571325151524
ko.K02533	Week_and_Consortium	NS6_w5	1.13694605744263	0.26046685356314	32	32	0.000147344052775541	0.000517571325151524
ko.K02048	Week_and_Consortium	NS6_w5	1.13694605744263	0.26046685356314	32	32	0.000147344052775541	0.000517571325151524
ko.K03855	Week_and_Consortium	NS6_w5	1.13694605744263	0.26046685356314	32	32	0.000147344052775541	0.000517571325151524
ko.K06194	Week_and_Consortium	NS6_w5	1.13694605744263	0.26046685356314	32	32	0.000147344052775541	0.000517571325151524
ko.K13574	Week_and_Consortium	NS6_w5	1.13694605744263	0.26046685356314	32	32	0.000147344052775541	0.000517571325151524
ko.K10037	Week_and_Consortium	NS6_w5	1.13694605744263	0.26046685356314	32	32	0.000147344052775541	0.000517571325151524
ko.K00840	Week_and_Consortium	NS6_w5	1.13694605744263	0.26046685356314	32	32	0.000147344052775541	0.000517571325151524
ko.K16088	Week_and_Consortium	NS6_w5	1.13694605744263	0.26046685356314	32	32	0.000147344052775541	0.000517571325151524
ko.K07309	Week_and_Consortium	NS6_w5	1.46129990923411	0.335958060604135	32	32	0.000153718339693787	0.000538014192013235
ko.K08368	Week_and_Consortium	NS6_w5	1.46129990923411	0.335958060717502	32	32	0.00015371834057521	0.000538014192013235
ko.K11731	Week_and_Consortium	NS6_w5	1.46129990923411	0.335958060717502	32	32	0.00015371834057521	0.000538014192013235
ko.K07311	Week_and_Consortium	NS6_w5	1.46129990923411	0.335958060717502	32	32	0.00015371834057521	0.000538014192013235
ko.K08297	Week_and_Consortium	NS6_w5	1.46129990923411	0.335958060717502	32	32	0.00015371834057521	0.000538014192013235
ko.K03117	Week_and_Consortium	NS6_w5	0.88574676958303	0.204157370100868	32	32	0.000158487253128828	0.000554305454165784
ko.K11104	Week_and_Consortium	NS6_w5	0.659644107689754	0.153000875445947	32	32	0.000161259874287919	0.000563596289748338
ko.K06988	Week_and_Consortium	NS6_w5	0.777113553647697	0.180378629552845	32	32	0.000162676497863608	0.000567321129501337
ko.K07806	Week_and_Consortium	NS6_w5	0.777113553647697	0.180378629552845	32	32	0.000162676497863608	0.000567321129501337
ko.K17723	Week_and_Consortium	NS6_w5	0.777113553647697	0.180378629552845	32	32	0.000162676497863608	0.000567321129501337
ko.K02688	Week_and_Consortium	NS6_w5	0.541460912740103	0.12587289658448	32	32	0.000175416119203142	0.000611310053343707
ko.K07504	Week_and_Consortium	NS6_w5	0.445568108752317	0.103913446897635	32	32	0.000182181588016304	0.000634431359272857
ko.K12136	Week_and_Consortium	NS6_w5	1.30386266864459	0.305108328079038	32	32	0.000189550425489017	0.000658202658587845
ko.K12143	Week_and_Consortium	NS6_w5	1.30386266864459	0.305108328079038	32	32	0.000189550425489017	0.000658202658587845
ko.K12297	Week_and_Consortium	NS6_w5	1.30386266864459	0.305108328079038	32	32	0.000189550425489017	0.000658202658587845
ko.K06212	Week_and_Consortium	NS6_w5	1.30386266864459	0.305108328079038	32	32	0.000189550425489017	0.000658202658587845
ko.K11924	Week_and_Consortium	NS6_w5	1.22479993073306	0.288294673106596	32	32	0.00019213130162843	0.000666687370672042
ko.K00124	Week_and_Consortium	NS6_w5	1.10093329949098	0.25820269201766	32	32	0.00019461749048505	0.000670798540389927
ko.K15866	Week_and_Consortium	NS6_w5	1.4053401643723	0.330182418712967	32	32	0.000198709029589842	0.000670798540389927
ko.K13888	Week_and_Consortium	NS6_w5	1.4053401643723	0.330182418712967	32	32	0.000198709029589842	0.000670798540389927
ko.K02380	Week_and_Consortium	NS6_w5	1.4053401643723	0.330182418712967	32	32	0.000198709029589842	0.000670798540389927
ko.K11740	Week_and_Consortium	NS6_w5	1.4053401643723	0.330182418712967	32	32	0.000198709029589842	0.000670798540389927
ko.K02168	Week_and_Consortium	NS6_w5	1.4053401643723	0.330182418712967	32	32	0.000198709029589842	0.000670798540389927
ko.K03425	Week_and_Consortium	NS6_w5	1.4053401643723	0.330182418712967	32	32	0.000198709029589842	0.000670798540389927
ko.K08299	Week_and_Consortium	NS6_w5	1.4053401643723	0.330182418712967	32	32	0.000198709029589842	0.000670798540389927
ko.K03774	Week_and_Consortium	NS6_w5	1.4053401643723	0.330182418712967	32	32	0.000198709029589842	0.000670798540389927
ko.K07034	Week_and_Consortium	NS6_w5	1.4053401643723	0.330182418712967	32	32	0.000198709029589842	0.000670798540389927
ko.K01975	Week_and_Consortium	NS6_w5	1.4053401643723	0.330182418712967	32	32	0.000198709029589842	0.000670798540389927
ko.K00697	Week_and_Consortium	NS6_w5	1.4053401643723	0.330182418712967	32	32	0.000198709029589842	0.000670798540389927
ko.K02560	Week_and_Consortium	NS6_w5	1.4053401643723	0.330182418712967	32	32	0.000198709029589842	0.000670798540389927
ko.K06162	Week_and_Consortium	NS6_w5	1.4053401643723	0.330182418712967	32	32	0.000198709029589842	0.000670798540389927
ko.K05780	Week_and_Consortium	NS6_w5	1.4053401643723	0.330182418712967	32	32	0.000198709029589842	0.000670798540389927
ko.K05781	Week_and_Consortium	NS6_w5	1.4053401643723	0.330182418712967	32	32	0.000198709029589842	0.000670798540389927
ko.K06163	Week_and_Consortium	NS6_w5	1.4053401643723	0.330182418712967	32	32	0.000198709029589842	0.000670798540389927
ko.K06164	Week_and_Consortium	NS6_w5	1.4053401643723	0.330182418712967	32	32	0.000198709029589842	0.000670798540389927
ko.K06165	Week_and_Consortium	NS6_w5	1.4053401643723	0.330182418712967	32	32	0.000198709029589842	0.000670798540389927
ko.K06166	Week_and_Consortium	NS6_w5	1.4053401643723	0.330182418712967	32	32	0.000198709029589842	0.000670798540389927
ko.K04014	Week_and_Consortium	NS6_w5	1.4053401643723	0.330182418712967	32	32	0.000198709029589842	0.000670798540389927
ko.K02572	Week_and_Consortium	NS6_w5	1.4053401643723	0.330182418712967	32	32	0.000198709029589842	0.000670798540389927
ko.K02568	Week_and_Consortium	NS6_w5	1.4053401643723	0.330182418712967	32	32	0.000198709029589842	0.000670798540389927
ko.K02570	Week_and_Consortium	NS6_w5	1.4053401643723	0.330182418712967	32	32	0.000198709029589842	0.000670798540389927
ko.K01247	Week_and_Consortium	NS6_w5	1.4053401643723	0.330182418712967	32	32	0.000198709029589842	0.000670798540389927
ko.K11783	Week_and_Consortium	NS6_w5	-0.725428144301194	0.171223946870872	32	32	0.000198485931089298	0.000670798540389927
ko.K11785	Week_and_Consortium	NS6_w5	-0.725428144301194	0.171223946870872	32	32	0.000198485931089298	0.000670798540389927
ko.K18285	Week_and_Consortium	NS6_w5	-0.725428144301194	0.171223946870872	32	32	0.000198485931089298	0.000670798540389927
ko.K15527	Week_and_Consortium	NS6_w5	-0.725428144301194	0.171223946870872	32	32	0.000198485931089298	0.000670798540389927
ko.K03932	Week_and_Consortium	NS6_w5	-0.725428144301194	0.171223946870872	32	32	0.000198485931089298	0.000670798540389927
ko.K03200	Week_and_Consortium	NS6_w5	-0.725428144301194	0.171223946870872	32	32	0.000198485931089298	0.000670798540389927
ko.K20531	Week_and_Consortium	NS6_w5	-0.725428144301194	0.171223946870872	32	32	0.000198485931089298	0.000670798540389927
ko.K11784	Week_and_Consortium	NS6_w5	-0.725428144301194	0.171223946870872	32	32	0.000198485931089298	0.000670798540389927
ko.K00683	Week_and_Consortium	NS6_w5	-0.725428144301194	0.171223946870872	32	32	0.000198485931089298	0.000670798540389927
ko.K11782	Week_and_Consortium	NS6_w5	-0.725428144301194	0.171223946870872	32	32	0.000198485931089298	0.000670798540389927
ko.K03379	Week_and_Consortium	NS6_w5	-0.725428144301194	0.171223946870872	32	32	0.000198485931089298	0.000670798540389927
ko.K03390	Week_and_Consortium	NS6_w5	-0.725428144301194	0.171223946870872	32	32	0.000198485931089298	0.000670798540389927
ko.K03389	Week_and_Consortium	NS6_w5	-0.725428144301194	0.171223946870872	32	32	0.000198485931089298	0.000670798540389927
ko.K03388	Week_and_Consortium	NS6_w5	-0.725428144301194	0.171223946870872	32	32	0.000198485931089298	0.000670798540389927
ko.K01857	Week_and_Consortium	NS6_w5	-0.992566830124273	0.237889486860376	32	32	0.000237276633315887	0.000800437377062146
ko.K21993	Week_and_Consortium	NS6_w5	-0.539819529921385	0.12943126596686	32	32	0.000238385087756833	0.000803617832319943
ko.K07673	Week_and_Consortium	NS6_w5	0.924676674403093	0.225113263572718	32	32	0.000298474285810454	0.00093775826455085
ko.K02200	Week_and_Consortium	NS6_w5	0.924676674403093	0.225113263572718	32	32	0.000298474285810454	0.00093775826455085
ko.K07645	Week_and_Consortium	NS6_w5	0.90627232081009	0.220231439444008	32	32	0.000292439281437851	0.00093775826455085
ko.K13930	Week_and_Consortium	NS6_w5	0.924676674403097	0.225113263572225	32	32	0.000298474285798474	0.00093775826455085
ko.K14287	Week_and_Consortium	NS6_w5	0.924676674403097	0.225113263572225	32	32	0.000298474285798474	0.00093775826455085
ko.K03805	Week_and_Consortium	NS6_w5	0.924676674403097	0.225113263572225	32	32	0.000298474285798474	0.00093775826455085
ko.K04752	Week_and_Consortium	NS6_w5	0.924676674403097	0.225113263572225	32	32	0.000298474285798474	0.00093775826455085
ko.K19591	Week_and_Consortium	NS6_w5	0.924676674403097	0.225113263572225	32	32	0.000298474285798474	0.00093775826455085
ko.K00795	Week_and_Consortium	NS6_w5	0.924676674403097	0.225113263572225	32	32	0.000298474285798474	0.00093775826455085
ko.K13643	Week_and_Consortium	NS6_w5	0.889224939627141	0.216181353647825	32	32	0.000293849187701971	0.00093775826455085
ko.K03089	Week_and_Consortium	NS6_w5	0.924676674403097	0.225113263572225	32	32	0.000298474285798474	0.00093775826455085
ko.K04760	Week_and_Consortium	NS6_w5	0.924676674403097	0.225113263572225	32	32	0.000298474285798474	0.00093775826455085
ko.K07638	Week_and_Consortium	NS6_w5	0.924676674403097	0.225113263572225	32	32	0.000298474285798474	0.00093775826455085
ko.K00681	Week_and_Consortium	NS6_w5	0.924676674403097	0.225113263572225	32	32	0.000298474285798474	0.00093775826455085
ko.K10763	Week_and_Consortium	NS6_w5	0.924676674403097	0.225113263572225	32	32	0.000298474285798474	0.00093775826455085
ko.K07287	Week_and_Consortium	NS6_w5	0.924676674403097	0.225113263572225	32	32	0.000298474285798474	0.00093775826455085
ko.K04082	Week_and_Consortium	NS6_w5	0.924676674403097	0.225113263572225	32	32	0.000298474285798474	0.00093775826455085
ko.K02046	Week_and_Consortium	NS6_w5	0.924676674403097	0.225113263572225	32	32	0.000298474285798474	0.00093775826455085
ko.K02047	Week_and_Consortium	NS6_w5	0.924676674403097	0.225113263572225	32	32	0.000298474285798474	0.00093775826455085
ko.K04755	Week_and_Consortium	NS6_w5	0.924676674403097	0.225113263572225	32	32	0.000298474285798474	0.00093775826455085
ko.K04044	Week_and_Consortium	NS6_w5	0.924676674403097	0.225113263572225	32	32	0.000298474285798474	0.00093775826455085
ko.K05501	Week_and_Consortium	NS6_w5	0.924676674403097	0.225113263572225	32	32	0.000298474285798474	0.00093775826455085
ko.K02841	Week_and_Consortium	NS6_w5	0.924676674403097	0.225113263572225	32	32	0.000298474285798474	0.00093775826455085
ko.K07019	Week_and_Consortium	NS6_w5	0.924676674403097	0.225113263572225	32	32	0.000298474285798474	0.00093775826455085
ko.K03641	Week_and_Consortium	NS6_w5	0.924676674403097	0.225113263572225	32	32	0.000298474285798474	0.00093775826455085
ko.K03560	Week_and_Consortium	NS6_w5	0.924676674403097	0.225113263572225	32	32	0.000298474285798474	0.00093775826455085
ko.K03562	Week_and_Consortium	NS6_w5	0.924676674403097	0.225113263572225	32	32	0.000298474285798474	0.00093775826455085
ko.K01075	Week_and_Consortium	NS6_w5	0.924676674403097	0.225113263572225	32	32	0.000298474285798474	0.00093775826455085
ko.K06186	Week_and_Consortium	NS6_w5	0.924676674403097	0.225113263572225	32	32	0.000298474285798474	0.00093775826455085
ko.K08159	Week_and_Consortium	NS6_w5	0.924676674403097	0.225113263572225	32	32	0.000298474285798474	0.00093775826455085
ko.K07662	Week_and_Consortium	NS6_w5	0.924676674403097	0.225113263572225	32	32	0.000298474285798474	0.00093775826455085
ko.K07640	Week_and_Consortium	NS6_w5	0.924676674403097	0.225113263572225	32	32	0.000298474285798474	0.00093775826455085
ko.K18997	Week_and_Consortium	NS6_w5	1.10078109752589	0.267891836031627	32	32	0.000297300273206693	0.00093775826455085
ko.K07708	Week_and_Consortium	NS6_w5	0.924676674403097	0.225113263572225	32	32	0.000298474285798474	0.00093775826455085
ko.K07712	Week_and_Consortium	NS6_w5	0.924676674403097	0.225113263572225	32	32	0.000298474285798474	0.00093775826455085
ko.K03673	Week_and_Consortium	NS6_w5	0.924676674403097	0.225113263572225	32	32	0.000298474285798474	0.00093775826455085
ko.K08365	Week_and_Consortium	NS6_w5	0.924676674403097	0.225113263572225	32	32	0.000298474285798474	0.00093775826455085
ko.K01150	Week_and_Consortium	NS6_w5	0.924676674403097	0.225113263572225	32	32	0.000298474285798474	0.00093775826455085
ko.K06189	Week_and_Consortium	NS6_w5	0.924676674403097	0.225113263572225	32	32	0.000298474285798474	0.00093775826455085
ko.K03756	Week_and_Consortium	NS6_w5	0.924676674403097	0.225113263572225	32	32	0.000298474285798474	0.00093775826455085
ko.K10003	Week_and_Consortium	NS6_w5	0.924676674403097	0.225113263572225	32	32	0.000298474285798474	0.00093775826455085
ko.K07700	Week_and_Consortium	NS6_w5	0.924676674403097	0.225113263572225	32	32	0.000298474285798474	0.00093775826455085
ko.K12973	Week_and_Consortium	NS6_w5	0.924676674403097	0.225113263572225	32	32	0.000298474285798474	0.00093775826455085
ko.K09158	Week_and_Consortium	NS6_w5	0.924676674403097	0.225113263572225	32	32	0.000298474285798474	0.00093775826455085
ko.K03643	Week_and_Consortium	NS6_w5	0.924676674403097	0.225113263572225	32	32	0.000298474285798474	0.00093775826455085
ko.K06980	Week_and_Consortium	NS6_w5	0.924676674403097	0.225113263572225	32	32	0.000298474285798474	0.00093775826455085
ko.K03981	Week_and_Consortium	NS6_w5	0.924676674403097	0.225113263572225	32	32	0.000298474285798474	0.00093775826455085
ko.K03923	Week_and_Consortium	NS6_w5	0.924676674403097	0.225113263572225	32	32	0.000298474285798474	0.00093775826455085
ko.K06202	Week_and_Consortium	NS6_w5	0.924676674403097	0.225113263572225	32	32	0.000298474285798474	0.00093775826455085
ko.K05786	Week_and_Consortium	NS6_w5	0.924676674403097	0.225113263572225	32	32	0.000298474285798474	0.00093775826455085
ko.K11746	Week_and_Consortium	NS6_w5	0.924676674403097	0.225113263572225	32	32	0.000298474285798474	0.00093775826455085
ko.K01525	Week_and_Consortium	NS6_w5	0.924676674403097	0.225113263572225	32	32	0.000298474285798474	0.00093775826455085
ko.K05805	Week_and_Consortium	NS6_w5	0.924676674403097	0.225113263572225	32	32	0.000298474285798474	0.00093775826455085
ko.K03831	Week_and_Consortium	NS6_w5	0.924676674403097	0.225113263572225	32	32	0.000298474285798474	0.00093775826455085
ko.K02535	Week_and_Consortium	NS6_w5	0.924676674403097	0.225113263572225	32	32	0.000298474285798474	0.00093775826455085
ko.K09862	Week_and_Consortium	NS6_w5	0.924676674403097	0.225113263572225	32	32	0.000298474285798474	0.00093775826455085
ko.K18778	Week_and_Consortium	NS6_w5	0.924676674403097	0.225113263572225	32	32	0.000298474285798474	0.00093775826455085
ko.K02339	Week_and_Consortium	NS6_w5	0.924676674403097	0.225113263572225	32	32	0.000298474285798474	0.00093775826455085
ko.K07278	Week_and_Consortium	NS6_w5	0.924676674403097	0.225113263572225	32	32	0.000298474285798474	0.00093775826455085
ko.K09800	Week_and_Consortium	NS6_w5	0.924676674403097	0.225113263572225	32	32	0.000298474285798474	0.00093775826455085
ko.K03841	Week_and_Consortium	NS6_w5	0.924676674403097	0.225113263572225	32	32	0.000298474285798474	0.00093775826455085
ko.K09889	Week_and_Consortium	NS6_w5	0.924676674403097	0.225113263572225	32	32	0.000298474285798474	0.00093775826455085
ko.K06020	Week_and_Consortium	NS6_w5	0.924676674403097	0.225113263572225	32	32	0.000298474285798474	0.00093775826455085
ko.K03806	Week_and_Consortium	NS6_w5	0.924676674403097	0.225113263572225	32	32	0.000298474285798474	0.00093775826455085
ko.K06190	Week_and_Consortium	NS6_w5	0.924676674403097	0.225113263572225	32	32	0.000298474285798474	0.00093775826455085
ko.K01147	Week_and_Consortium	NS6_w5	0.924676674403097	0.225113263572225	32	32	0.000298474285798474	0.00093775826455085
ko.K19804	Week_and_Consortium	NS6_w5	0.924676674403097	0.225113263572225	32	32	0.000298474285798474	0.00093775826455085
ko.K15724	Week_and_Consortium	NS6_w5	0.924676674403097	0.225113263572225	32	32	0.000298474285798474	0.00093775826455085
ko.K06204	Week_and_Consortium	NS6_w5	0.924676674403097	0.225113263572225	32	32	0.000298474285798474	0.00093775826455085
ko.K19736	Week_and_Consortium	NS6_w5	0.924676674403097	0.225113263572225	32	32	0.000298474285798474	0.00093775826455085
ko.K11250	Week_and_Consortium	NS6_w5	0.924676674403097	0.225113263572225	32	32	0.000298474285798474	0.00093775826455085
ko.K07039	Week_and_Consortium	NS6_w5	0.924676674403097	0.225113263572225	32	32	0.000298474285798474	0.00093775826455085
ko.K13771	Week_and_Consortium	NS6_w5	0.924676674403097	0.225113263572225	32	32	0.000298474285798474	0.00093775826455085
ko.K05539	Week_and_Consortium	NS6_w5	0.924676674403097	0.225113263572225	32	32	0.000298474285798474	0.00093775826455085
ko.K04754	Week_and_Consortium	NS6_w5	0.924676674403097	0.225113263572225	32	32	0.000298474285798474	0.00093775826455085
ko.K07320	Week_and_Consortium	NS6_w5	0.924676674403097	0.225113263572225	32	32	0.000298474285798474	0.00093775826455085
ko.K03582	Week_and_Consortium	NS6_w5	0.924676674403097	0.225113263572225	32	32	0.000298474285798474	0.00093775826455085
ko.K08304	Week_and_Consortium	NS6_w5	0.924676674403097	0.225113263572225	32	32	0.000298474285798474	0.00093775826455085
ko.K06879	Week_and_Consortium	NS6_w5	0.924676674403097	0.225113263572225	32	32	0.000298474285798474	0.00093775826455085
ko.K03583	Week_and_Consortium	NS6_w5	0.924676674403097	0.225113263572225	32	32	0.000298474285798474	0.00093775826455085
ko.K02199	Week_and_Consortium	NS6_w5	0.924676674403097	0.225113263572225	32	32	0.000298474285798474	0.00093775826455085
ko.K02569	Week_and_Consortium	NS6_w5	0.924676674403097	0.225113263572225	32	32	0.000298474285798474	0.00093775826455085
ko.K07664	Week_and_Consortium	NS6_w5	0.924676674403097	0.225113263572225	32	32	0.000298474285798474	0.00093775826455085
ko.K07642	Week_and_Consortium	NS6_w5	0.924676674403097	0.225113263572225	32	32	0.000298474285798474	0.00093775826455085
ko.K11183	Week_and_Consortium	NS6_w5	0.924676674403097	0.225113263572225	32	32	0.000298474285798474	0.00093775826455085
ko.K07262	Week_and_Consortium	NS6_w5	0.924676674403097	0.225113263572225	32	32	0.000298474285798474	0.00093775826455085
ko.K01141	Week_and_Consortium	NS6_w5	0.924676674403097	0.225113263572225	32	32	0.000298474285798474	0.00093775826455085
ko.K08305	Week_and_Consortium	NS6_w5	0.924676674403097	0.225113263572225	32	32	0.000298474285798474	0.00093775826455085
ko.K00813	Week_and_Consortium	NS6_w5	0.924676674403097	0.225113263572225	32	32	0.000298474285798474	0.00093775826455085
ko.K00355	Week_and_Consortium	NS6_w5	0.924676674403097	0.225113263572225	32	32	0.000298474285798474	0.00093775826455085
ko.K02427	Week_and_Consortium	NS6_w5	0.924676674403097	0.225113263572225	32	32	0.000298474285798474	0.00093775826455085
ko.K11106	Week_and_Consortium	NS6_w5	0.924676674403097	0.225113263572225	32	32	0.000298474285798474	0.00093775826455085
ko.K02858	Week_and_Consortium	NS6_w5	0.924676674403097	0.225113263572225	32	32	0.000298474285798474	0.00093775826455085
ko.K09971	Week_and_Consortium	NS6_w5	0.924676674403097	0.225113263572225	32	32	0.000298474285798474	0.00093775826455085
ko.K09970	Week_and_Consortium	NS6_w5	0.924676674403097	0.225113263572225	32	32	0.000298474285798474	0.00093775826455085
ko.K09969	Week_and_Consortium	NS6_w5	0.924676674403097	0.225113263572225	32	32	0.000298474285798474	0.00093775826455085
ko.K03557	Week_and_Consortium	NS6_w5	0.924676674403097	0.225113263572225	32	32	0.000298474285798474	0.00093775826455085
ko.K03635	Week_and_Consortium	NS6_w5	0.924676674403097	0.225113263572225	32	32	0.000298474285798474	0.00093775826455085
ko.K03636	Week_and_Consortium	NS6_w5	0.924676674403097	0.225113263572225	32	32	0.000298474285798474	0.00093775826455085
ko.K07323	Week_and_Consortium	NS6_w5	0.924676674403097	0.225113263572225	32	32	0.000298474285798474	0.00093775826455085
ko.K03599	Week_and_Consortium	NS6_w5	0.924676674403097	0.225113263572225	32	32	0.000298474285798474	0.00093775826455085
ko.K07339	Week_and_Consortium	NS6_w5	0.924676674403097	0.225113263572225	32	32	0.000298474285798474	0.00093775826455085
ko.K07217	Week_and_Consortium	NS6_w5	-0.51280391370201	0.124757909059385	32	32	0.000281681603137455	0.00093775826455085
ko.K15355	Week_and_Consortium	NS6_w5	0.924676674403097	0.225113263572225	32	32	0.000298474285798474	0.00093775826455085
ko.K16165	Week_and_Consortium	NS6_w5	0.924676674403097	0.225113263572225	32	32	0.000298474285798474	0.00093775826455085
ko.K17713	Week_and_Consortium	NS6_w5	0.611250953854449	0.149970724178375	32	32	0.000309910800372405	0.000973059736314911
ko.K01256	Week_and_Consortium	NS6_w5	0.294651157442949	0.0728529813078624	32	32	0.000337875802080884	0.00106017821209209
ko.K13527	Week_and_Consortium	NS6_w5	0.68666867288584	0.169171367346677	32	32	0.000340750573478152	0.00106850745439077
ko.K02777	Week_and_Consortium	NS6_w5	1.04812636230765	0.259697327462279	32	32	0.000345887032827443	0.00108391343426739
ko.K07746	Week_and_Consortium	NS6_w5	-0.717940828359936	0.177612740848745	32	32	0.000356736313586868	0.00111359578971036
ko.K20480	Week_and_Consortium	NS6_w5	-0.717940828359936	0.177612740848745	32	32	0.000356736313586868	0.00111359578971036
ko.K17837	Week_and_Consortium	NS6_w5	-0.717940828359936	0.177612740848745	32	32	0.000356736313586868	0.00111359578971036
ko.K09607	Week_and_Consortium	NS6_w5	-0.717940828359936	0.177612740848745	32	32	0.000356736313586868	0.00111359578971036
ko.K17398	Week_and_Consortium	NS6_w5	-0.717940828359936	0.177612740848745	32	32	0.000356736313586868	0.00111359578971036
ko.K00720	Week_and_Consortium	NS6_w5	-0.717940828359936	0.177612740848745	32	32	0.000356736313586868	0.00111359578971036
ko.K03286	Week_and_Consortium	NS6_w5	0.346280746857561	0.0860484674130157	32	32	0.000357209021756857	0.00111435431803377
ko.K16927	Week_and_Consortium	NS6_w5	1.3515377512481	0.334795101600402	32	32	0.00036187753575619	0.00112819275446869
ko.K03189	Week_and_Consortium	NS6_w5	-0.46812138364777	0.116573187157003	32	32	0.000365726951843151	0.00113946142799687
ko.K07505	Week_and_Consortium	NS6_w5	-1.01827333076995	0.255153675115058	32	32	0.000391595622918765	0.00121927494658468
ko.K12140	Week_and_Consortium	NS6_w5	-0.662310499790101	0.165673135981153	32	32	0.000402576854774551	0.00125266216966732
ko.K00140	Week_and_Consortium	NS6_w5	0.805841287535596	0.202311303569186	32	32	0.000418758447368924	0.00130217771037606
ko.K05979	Week_and_Consortium	NS6_w5	-0.624814387960331	0.157841074319288	32	32	0.000427920082713069	0.00132981442744465
ko.K03300	Week_and_Consortium	NS6_w5	0.659493199560194	0.166021372367571	32	32	0.000431249193225807	0.00133930207191959
ko.K07248	Week_and_Consortium	NS6_w5	0.292290783664633	0.0738565483070768	32	32	0.00044889238372251	0.00139320342510422
ko.K02010	Week_and_Consortium	NS6_w5	-0.166942040711369	0.0424276498337508	32	32	0.000477442278221558	0.00148086476448387
ko.K00245	Week_and_Consortium	NS6_w5	0.87399812653706	0.222744914717434	32	32	0.000491887727592978	0.00152080775433622
ko.K02197	Week_and_Consortium	NS6_w5	0.87399812653706	0.222744914717434	32	32	0.000491887727592978	0.00152080775433622
ko.K02195	Week_and_Consortium	NS6_w5	0.87399812653706	0.222744914717434	32	32	0.000491887727592978	0.00152080775433622
ko.K02194	Week_and_Consortium	NS6_w5	0.87399812653706	0.222744914717434	32	32	0.000491887727592978	0.00152080775433622
ko.K02193	Week_and_Consortium	NS6_w5	0.87399812653706	0.222744914717434	32	32	0.000491887727592978	0.00152080775433622
ko.K01590	Week_and_Consortium	NS6_w5	0.493055550469747	0.126684645753192	32	32	0.000513361625731219	0.0015861893289313
ko.K19353	Week_and_Consortium	NS6_w5	0.890672247880122	0.228435876053443	32	32	0.00052593482507673	0.00162400371511599
ko.K03293	Week_and_Consortium	NS6_w5	1.41697536014909	0.366355105250669	32	32	0.000572200098765649	0.00176573961775583
ko.K01706	Week_and_Consortium	NS6_w5	1.05235465422851	0.272309313793809	32	32	0.000577171796038886	0.00177994938498705
ko.K03533	Week_and_Consortium	NS6_w5	1.22519629042186	0.319451812054638	32	32	0.00059917760196489	0.00184546701405186
ko.K08298	Week_and_Consortium	NS6_w5	1.22519629042186	0.319451812054638	32	32	0.00059917760196489	0.00184546701405186
ko.K10013	Week_and_Consortium	NS6_w5	0.782075680245353	0.205040307858422	32	32	0.000660873054131745	0.0020341974527875
ko.K07038	Week_and_Consortium	NS6_w5	0.970705496016713	0.257175393397028	32	32	0.000706840598596209	0.0021743080176222
ko.K00127	Week_and_Consortium	NS6_w5	1.02308080201085	0.272218679444476	32	32	0.000767929241837476	0.00236072544496425
ko.K00123	Week_and_Consortium	NS6_w5	0.293505788781336	0.078621557232472	32	32	0.000790564858381672	0.0024287714553575
ko.K03738	Week_and_Consortium	NS6_w5	0.828021287755064	0.22207440355778	32	32	0.000831521293983447	0.00255298088424918
ko.K02445	Week_and_Consortium	NS6_w5	-0.35652972638109	0.0956897434156413	32	32	0.000837507217509867	0.00256973277175229
ko.K02120	Week_and_Consortium	NS6_w5	-0.140699362793976	0.0379810111560588	32	32	0.000854244857155536	0.00261943223897693
ko.K13735	Week_and_Consortium	NS6_w5	0.843618832970768	0.227949596446752	32	32	0.000895318480748048	0.0027436449463732
ko.K09972	Week_and_Consortium	NS6_w5	0.75382403844737	0.205083065575653	32	32	0.000923116763514535	0.00282704508826326
ko.K08978	Week_and_Consortium	NS6_w5	-0.177015214661602	0.0483567567695645	32	32	0.000961380068513951	0.0029423689036979
ko.K21688	Week_and_Consortium	NS6_w5	1.34640436980916	0.368727868946819	32	32	0.000985258114753201	0.00295394753687749
ko.K07768	Week_and_Consortium	NS6_w5	1.34640436980917	0.368727868946819	32	32	0.000985258114752109	0.00295394753687749
ko.K18955	Week_and_Consortium	NS6_w5	1.34640436980917	0.368727868946819	32	32	0.000985258114752109	0.00295394753687749
ko.K16210	Week_and_Consortium	NS6_w5	1.34640436980917	0.368727868946819	32	32	0.000985258114752109	0.00295394753687749
ko.K17330	Week_and_Consortium	NS6_w5	1.34640436980916	0.368727868946819	32	32	0.000985258114753175	0.00295394753687749
ko.K18206	Week_and_Consortium	NS6_w5	1.34640436980916	0.368727868946819	32	32	0.000985258114753175	0.00295394753687749
ko.K18205	Week_and_Consortium	NS6_w5	1.34640436980916	0.368727868946819	32	32	0.000985258114753175	0.00295394753687749
ko.K07230	Week_and_Consortium	NS6_w5	1.34640436980916	0.368727868946819	32	32	0.000985258114753175	0.00295394753687749
ko.K07442	Week_and_Consortium	NS6_w5	1.34640436980916	0.368727868946819	32	32	0.000985258114753175	0.00295394753687749
ko.K16148	Week_and_Consortium	NS6_w5	1.34640436980916	0.368727868946819	32	32	0.000985258114753175	0.00295394753687749
ko.K00713	Week_and_Consortium	NS6_w5	1.34640436980916	0.368727868946819	32	32	0.000985258114753175	0.00295394753687749
ko.K11263	Week_and_Consortium	NS6_w5	1.34640436980916	0.368727868946819	32	32	0.000985258114753175	0.00295394753687749
ko.K11533	Week_and_Consortium	NS6_w5	1.34640436980916	0.368727868946819	32	32	0.000985258114753175	0.00295394753687749
ko.K14215	Week_and_Consortium	NS6_w5	1.34640436980916	0.368727868946819	32	32	0.000985258114753175	0.00295394753687749
ko.K21273	Week_and_Consortium	NS6_w5	1.34640436980916	0.368727868946819	32	32	0.000985258114753175	0.00295394753687749
ko.K13059	Week_and_Consortium	NS6_w5	1.34640436980916	0.368727868946819	32	32	0.000985258114753175	0.00295394753687749
ko.K03727	Week_and_Consortium	NS6_w5	1.34640436980916	0.368727868946819	32	32	0.000985258114753175	0.00295394753687749
ko.K19710	Week_and_Consortium	NS6_w5	1.34640436980916	0.368727868946819	32	32	0.000985258114753175	0.00295394753687749
ko.K07503	Week_and_Consortium	NS6_w5	1.34640436980916	0.368727868946819	32	32	0.000985258114753175	0.00295394753687749
ko.K16147	Week_and_Consortium	NS6_w5	1.34640436980916	0.368727868946819	32	32	0.000985258114753175	0.00295394753687749
ko.K09009	Week_and_Consortium	NS6_w5	1.34640436980916	0.368727868946819	32	32	0.000985258114753175	0.00295394753687749
ko.K11788	Week_and_Consortium	NS6_w5	1.34640436980916	0.368727868946819	32	32	0.000985258114753175	0.00295394753687749
ko.K17331	Week_and_Consortium	NS6_w5	1.34640436980916	0.368727868946819	32	32	0.000985258114753175	0.00295394753687749
ko.K03365	Week_and_Consortium	NS6_w5	1.34640436980916	0.368727868946819	32	32	0.000985258114753175	0.00295394753687749
ko.K07670	Week_and_Consortium	NS6_w5	1.34640436980916	0.368727868946819	32	32	0.000985258114753175	0.00295394753687749
ko.K07654	Week_and_Consortium	NS6_w5	1.34640436980916	0.368727868946819	32	32	0.000985258114753175	0.00295394753687749
ko.K08776	Week_and_Consortium	NS6_w5	1.34640436980916	0.368727868946819	32	32	0.000985258114753175	0.00295394753687749
ko.K17067	Week_and_Consortium	NS6_w5	1.34640436980916	0.368727868946819	32	32	0.000985258114753175	0.00295394753687749
ko.K21495	Week_and_Consortium	NS6_w5	1.34640436980916	0.368727868946819	32	32	0.000985258114753175	0.00295394753687749
ko.K20814	Week_and_Consortium	NS6_w5	1.34640436980916	0.368727868946819	32	32	0.000985258114753175	0.00295394753687749
ko.K13570	Week_and_Consortium	NS6_w5	1.34640436980916	0.368727868946819	32	32	0.000985258114753175	0.00295394753687749
ko.K13571	Week_and_Consortium	NS6_w5	1.34640436980916	0.368727868946819	32	32	0.000985258114753175	0.00295394753687749
ko.K01389	Week_and_Consortium	NS6_w5	1.34640436980916	0.368727868946819	32	32	0.000985258114753175	0.00295394753687749
ko.K14623	Week_and_Consortium	NS6_w5	0.357381831791292	0.0980577770441288	32	32	0.0010036441910394	0.00300721307642503
ko.K22230	Week_and_Consortium	NS6_w5	-0.290862585985745	0.079555881352099	32	32	0.00100888837696701	0.00302106019547342
ko.K03830	Week_and_Consortium	NS6_w5	0.309470948649281	0.0852512879866259	32	32	0.00108100072432609	0.00323499970000361
ko.K19802	Week_and_Consortium	NS6_w5	-0.221703497342476	0.0613014289302074	32	32	0.00108194168615097	0.00323581943250206
ko.K07307	Week_and_Consortium	NS6_w5	0.924361564882236	0.256155612782454	32	32	0.00110544186306904	0.00330136434224016
ko.K02124	Week_and_Consortium	NS6_w5	-0.140774475637174	0.039012564368574	32	32	0.00110589920761498	0.00330136434224016
ko.K02123	Week_and_Consortium	NS6_w5	-0.140774475637174	0.039012564368574	32	32	0.00110589920761498	0.00330136434224016
ko.K00046	Week_and_Consortium	NS6_w5	-0.182293298930764	0.0508065607801961	32	32	0.00116813010121145	0.00348499330933379
ko.K02118	Week_and_Consortium	NS6_w5	-0.163817280906835	0.0457337223794293	32	32	0.00118704561874904	0.00353707512073195
ko.K02117	Week_and_Consortium	NS6_w5	-0.163817280906835	0.0457337223794293	32	32	0.00118704561874904	0.00353707512073195
ko.K07485	Week_and_Consortium	NS6_w5	1.23278034802267	0.344654591574549	32	32	0.00120340963599232	0.00358363421988872
ko.K07175	Week_and_Consortium	NS6_w5	-0.236899539650199	0.0662503565503911	32	32	0.00120674110085662	0.00359135035598495
ko.K00091	Week_and_Consortium	NS6_w5	0.413019191750686	0.115436507949569	32	32	0.0012414186625617	0.00369228812512986
ko.K22405	Week_and_Consortium	NS6_w5	-0.151699983158918	0.0425875994276795	32	32	0.00125188659896397	0.00372114086493518
ko.K00526	Week_and_Consortium	NS6_w5	0.296754043111329	0.0832290016730007	32	32	0.00128271300523649	0.00381043526540246
ko.K08177	Week_and_Consortium	NS6_w5	0.35901342437884	0.100801177970036	32	32	0.00129604213245565	0.0038476746539427
ko.K00231	Week_and_Consortium	NS6_w5	-0.555133302249919	0.156673998111173	32	32	0.00131636237894505	0.00390083927932954
ko.K22213	Week_and_Consortium	NS6_w5	-0.555133302249919	0.156673998111173	32	32	0.00131636237894505	0.00390083927932954
ko.K09132	Week_and_Consortium	NS6_w5	-0.555133302249919	0.156673998111173	32	32	0.00131636237894505	0.00390083927932954
ko.K09939	Week_and_Consortium	NS6_w5	0.355248042196467	0.100688682768052	32	32	0.00137021479144931	0.00405794380544603
ko.K20542	Week_and_Consortium	NS6_w5	0.677653869406619	0.192539983352764	32	32	0.00144803471502759	0.00427796370438419
ko.K10001	Week_and_Consortium	NS6_w5	0.677653869406619	0.192539983352764	32	32	0.00144803471502759	0.00427796370438419
ko.K07666	Week_and_Consortium	NS6_w5	0.677653869406619	0.192539983352764	32	32	0.00144803471502759	0.00427796370438419
ko.K07684	Week_and_Consortium	NS6_w5	0.677653869406619	0.192539983352764	32	32	0.00144803471502759	0.00427796370438419
ko.K13626	Week_and_Consortium	NS6_w5	-0.396911664000339	0.113425820703148	32	32	0.00152722923416975	0.00450918381920723
ko.K02800	Week_and_Consortium	NS6_w5	0.610841102476951	0.174863015801322	32	32	0.00155170611964525	0.00457588230176237
ko.K02799	Week_and_Consortium	NS6_w5	0.610841102476951	0.174863015801322	32	32	0.00155170611964525	0.00457588230176237
ko.K12995	Week_and_Consortium	NS6_w5	0.761340298040741	0.218560066776024	32	32	0.00159222897462866	0.00469252901331934
ko.K00690	Week_and_Consortium	NS6_w5	0.519894587950364	0.150855700181246	32	32	0.00175496376301126	0.00516899162985282
ko.K10005	Week_and_Consortium	NS6_w5	1.15019103953144	0.335341740661219	32	32	0.00177784285996687	0.00523002772207356
ko.K08659	Week_and_Consortium	NS6_w5	1.15019103953144	0.335341740661219	32	32	0.00177784285996687	0.00523002772207356
ko.K01194	Week_and_Consortium	NS6_w5	0.718804716173506	0.209641679774938	32	32	0.00183747800998497	0.0054021853493558
ko.K11690	Week_and_Consortium	NS6_w5	0.634679330567026	0.186397534550671	32	32	0.00195498133732079	0.00574416382031687
ko.K07137	Week_and_Consortium	NS6_w5	-0.0368510776880385	0.0109123699240394	32	32	0.00204345367234216	0.00600048048700473
ko.K19049	Week_and_Consortium	NS6_w5	-0.498044114210196	0.147536429306959	32	32	0.00205024449829228	0.00601677922638587
ko.K15634	Week_and_Consortium	NS6_w5	0.430445678073503	0.127137364732141	32	32	0.00205578288159417	0.00602938498102378
ko.K03148	Week_and_Consortium	NS6_w5	1.2887575521618	0.380803218603881	32	32	0.00206307312847084	0.00604413655413983
ko.K02198	Week_and_Consortium	NS6_w5	0.645303205020237	0.190677192911502	32	32	0.00206330450085664	0.00604413655413983
ko.K18827	Week_and_Consortium	NS6_w5	0.534476152341062	0.158631332788307	32	32	0.00208518032556941	0.00610453214202608
ko.K00842	Week_and_Consortium	NS6_w5	-0.461465382525379	0.138092241473793	32	32	0.00224140639680689	0.00655793873999411
ko.K00219	Week_and_Consortium	NS6_w5	0.725735343753945	0.21662249205326	32	32	0.00225407095304844	0.00659101759688847
ko.K09163	Week_and_Consortium	NS6_w5	0.513462160269874	0.153480069775573	32	32	0.00228210102556864	0.00666895908134548
ko.K04784	Week_and_Consortium	NS6_w5	1.25013947555479	0.377604807700759	32	32	0.00249690150779126	0.00729227526447645
ko.K03224	Week_and_Consortium	NS6_w5	-0.406891512290365	0.123820390668172	32	32	0.00266031691971504	0.00775414211527177
ko.K00073	Week_and_Consortium	NS6_w5	0.567183771096241	0.173141366930492	32	32	0.00266144024364616	0.00775414211527177
ko.K03724	Week_and_Consortium	NS6_w5	0.892751422959733	0.272493436041746	32	32	0.00265875219036857	0.00775414211527177
ko.K13820	Week_and_Consortium	NS6_w5	-0.406891512290365	0.123820390668172	32	32	0.00266031691971504	0.00775414211527177
ko.K01754	Week_and_Consortium	NS6_w5	0.233934186133812	0.0715414533164671	32	32	0.0027027625014984	0.00786980846024533
ko.K15515	Week_and_Consortium	NS6_w5	-1.07823927866383	0.330408417318162	32	32	0.00274916978082997	0.00800013353737625
ko.K00121	Week_and_Consortium	NS6_w5	0.903672247867	0.277444835429519	32	32	0.00279395444259276	0.00812558333394332
ko.K01524	Week_and_Consortium	NS6_w5	0.206375496532405	0.0633668042038345	32	32	0.0027960186248642	0.00812671440935665
ko.K16011	Week_and_Consortium	NS6_w5	1.04189080629986	0.320160516770284	32	32	0.00281466103536186	0.00815646396806474
ko.K15524	Week_and_Consortium	NS6_w5	1.04189080629986	0.320160516770284	32	32	0.00281466103536186	0.00815646396806474
ko.K15551	Week_and_Consortium	NS6_w5	1.04189080629986	0.320160516770284	32	32	0.00281466103536186	0.00815646396806474
ko.K06075	Week_and_Consortium	NS6_w5	1.04189080629986	0.320160516770284	32	32	0.00281466103536186	0.00815646396806474
ko.K00803	Week_and_Consortium	NS6_w5	1.04189080629986	0.320160516770284	32	32	0.00281466103536186	0.00815646396806474
ko.K07707	Week_and_Consortium	NS6_w5	0.604649557096487	0.186623961551362	32	32	0.00292119625877704	0.0084601331649716
ko.K03739	Week_and_Consortium	NS6_w5	1.663700529114	0.512438582009573	32	31	0.00294489953567758	0.00851353256708697
ko.K14188	Week_and_Consortium	NS6_w5	1.663700529114	0.512438582009573	32	31	0.00294489953567758	0.00851353256708697
ko.K03740	Week_and_Consortium	NS6_w5	1.663700529114	0.512438582009573	32	31	0.00294489953567758	0.00851353256708697
ko.K01607	Week_and_Consortium	NS6_w5	-0.177435712892941	0.0548733195500606	32	32	0.00296985109140079	0.00858055249814488
ko.K21344	Week_and_Consortium	NS6_w5	0.913670311988278	0.282783876217053	32	32	0.00298963570317752	0.00863257309292508
ko.K02554	Week_and_Consortium	NS6_w5	0.620812715610087	0.193240884858154	32	32	0.00321296535628126	0.00927191846717453
ko.K02805	Week_and_Consortium	NS6_w5	0.167143904998	0.0521111180933478	32	32	0.0032558467014269	0.00939007868526865
ko.K02519	Week_and_Consortium	NS6_w5	-0.0539271405031371	0.0168741858850938	32	32	0.00335391525411331	0.00966716749715014
ko.K08483	Week_and_Consortium	NS6_w5	0.269265735332544	0.0851792990505027	32	32	0.00357873527050333	0.0103090527299357
ko.K02575	Week_and_Consortium	NS6_w5	1.26345018671799	0.399163163532569	32	32	0.00362589542190595	0.0104325140519963
ko.K04761	Week_and_Consortium	NS6_w5	-0.191955346940949	0.0608189631781766	32	32	0.00362481901208611	0.0104325140519963
ko.K08322	Week_and_Consortium	NS6_w5	0.812102590009276	0.257736490270272	32	32	0.00367415322462575	0.0105650962019321
ko.K07726	Week_and_Consortium	NS6_w5	0.815599740812502	0.259403744201192	32	32	0.00382580968541495	0.0109946698957037
ko.K16371	Week_and_Consortium	NS6_w5	0.849155807278714	0.270850391841452	32	32	0.00391404016422111	0.0111426108196224
ko.K01783	Week_and_Consortium	NS6_w5	-0.0495369310737866	0.0157831582894708	32	32	0.00387996308092766	0.0111426108196224
ko.K01941	Week_and_Consortium	NS6_w5	0.849155807278714	0.270850391841452	32	32	0.00391404016422111	0.0111426108196224
ko.K05782	Week_and_Consortium	NS6_w5	0.849155807278714	0.270850391841452	32	32	0.00391404016422111	0.0111426108196224
ko.K11921	Week_and_Consortium	NS6_w5	0.849155807278714	0.270850391841452	32	32	0.00391404016422111	0.0111426108196224
ko.K04073	Week_and_Consortium	NS6_w5	0.849155807278714	0.270850391841452	32	32	0.00391404016422111	0.0111426108196224
ko.K06895	Week_and_Consortium	NS6_w5	0.849155807278714	0.270850391841452	32	32	0.00391404016422111	0.0111426108196224
ko.K01848	Week_and_Consortium	NS6_w5	0.849155807278714	0.270850391841452	32	32	0.00391404016422111	0.0111426108196224
ko.K02496	Week_and_Consortium	NS6_w5	0.849155807278714	0.270850391841452	32	32	0.00391404016422111	0.0111426108196224
ko.K16091	Week_and_Consortium	NS6_w5	0.849155807278714	0.270850391841452	32	32	0.00391404016422111	0.0111426108196224
ko.K01029	Week_and_Consortium	NS6_w5	0.849155807278714	0.270850391841452	32	32	0.00391404016422111	0.0111426108196224
ko.K08722	Week_and_Consortium	NS6_w5	0.849155807278714	0.270850391841452	32	32	0.00391404016422111	0.0111426108196224
ko.K16329	Week_and_Consortium	NS6_w5	0.849155807278714	0.270850391841452	32	32	0.00391404016422111	0.0111426108196224
ko.K06905	Week_and_Consortium	NS6_w5	0.849155807278714	0.270850391841452	32	32	0.00391404016422111	0.0111426108196224
ko.K02398	Week_and_Consortium	NS6_w5	0.849155807278714	0.270850391841452	32	32	0.00391404016422111	0.0111426108196224
ko.K11891	Week_and_Consortium	NS6_w5	0.849155807278714	0.270850391841452	32	32	0.00391404016422111	0.0111426108196224
ko.K02651	Week_and_Consortium	NS6_w5	-0.211986038031171	0.0679687796083895	32	32	0.00398784701901514	0.0113460679702302
ko.K11645	Week_and_Consortium	NS6_w5	0.218608969972441	0.070177927756392	32	32	0.00402678113783445	0.0114501262014273
ko.K03824	Week_and_Consortium	NS6_w5	0.867085983444872	0.279120019199973	32	32	0.00411575687490132	0.0116962721734893
ko.K01163	Week_and_Consortium	NS6_w5	-0.131941250639269	0.0423777696773166	32	32	0.00413512560329187	0.0117444346027921
ko.K01581	Week_and_Consortium	NS6_w5	0.884539509221056	0.284144711060539	32	32	0.00413999042864931	0.0117445106491624
ko.K02852	Week_and_Consortium	NS6_w5	-0.386208597910434	0.124424245082349	32	32	0.00414241552684329	0.0117445106491624
ko.K17213	Week_and_Consortium	NS6_w5	0.292407736987413	0.0939315069795743	32	32	0.00413999738016653	0.0117445106491624
ko.K10006	Week_and_Consortium	NS6_w5	1.03715695057186	0.334278766524329	32	32	0.00415610877882144	0.0117627092684147
ko.K10007	Week_and_Consortium	NS6_w5	1.03715695057186	0.334278766524329	32	32	0.00415610877882144	0.0117627092684147
ko.K01210	Week_and_Consortium	NS6_w5	1.03715695057186	0.334278766524329	32	32	0.00415610877882144	0.0117627092684147
ko.K03410	Week_and_Consortium	NS6_w5	-0.35441715120973	0.113965374232797	32	32	0.00417281659611675	0.01179623153133
ko.K03411	Week_and_Consortium	NS6_w5	-0.35441715120973	0.113965374232797	32	32	0.00417281659611675	0.01179623153133
ko.K04653	Week_and_Consortium	NS6_w5	0.381131461165145	0.123347757963206	32	32	0.00438873145096308	0.0123993804709504
ko.K00210	Week_and_Consortium	NS6_w5	-0.206649382739101	0.0671716098450351	32	32	0.00444293020887468	0.012545200490833
ko.K02475	Week_and_Consortium	NS6_w5	1.01231413116643	0.32898303450692	32	32	0.00453257072344888	0.012790267848651
ko.K07138	Week_and_Consortium	NS6_w5	-0.173006729010577	0.0563840940688981	32	32	0.00453499499065753	0.012790267848651
ko.K08094	Week_and_Consortium	NS6_w5	-1.28160694631524	0.418452833662719	32	32	0.00460026026464721	0.0129517484293695
ko.K14358	Week_and_Consortium	NS6_w5	-1.28160694631524	0.418452833662719	32	32	0.00460026026464721	0.0129517484293695
ko.K07454	Week_and_Consortium	NS6_w5	-1.28160694631524	0.418452833662719	32	32	0.00460026026464721	0.0129517484293695
ko.K03699	Week_and_Consortium	NS6_w5	-0.0526046530708243	0.0171531388025968	32	32	0.00465205785816634	0.0130837921766836
ko.K00561	Week_and_Consortium	NS6_w5	-0.796575612552022	0.260466226410797	32	32	0.0046525544227539	0.0130837921766836
ko.K07316	Week_and_Consortium	NS6_w5	0.307417927177002	0.100431822604393	32	32	0.00472046429301544	0.0132670754840197
ko.K01692	Week_and_Consortium	NS6_w5	0.733303952323311	0.240807150434745	32	32	0.00491119085035618	0.0136293974914633
ko.K10560	Week_and_Consortium	NS6_w5	0.733303952323311	0.240807150434745	32	32	0.00491119085035618	0.0136293974914633
ko.K11688	Week_and_Consortium	NS6_w5	0.733303952323311	0.240807150434745	32	32	0.00491119085035618	0.0136293974914633
ko.K10562	Week_and_Consortium	NS6_w5	0.733303952323311	0.240807150434745	32	32	0.00491119085035618	0.0136293974914633
ko.K10561	Week_and_Consortium	NS6_w5	0.733303952323311	0.240807150434745	32	32	0.00491119085035618	0.0136293974914633
ko.K01777	Week_and_Consortium	NS6_w5	0.733303952323316	0.240807150434641	32	32	0.00491119085032716	0.0136293974914633
ko.K22232	Week_and_Consortium	NS6_w5	0.733303952323311	0.240807150434745	32	32	0.00491119085035618	0.0136293974914633
ko.K09123	Week_and_Consortium	NS6_w5	0.733303952323319	0.240807150434753	32	32	0.00491119085033243	0.0136293974914633
ko.K09128	Week_and_Consortium	NS6_w5	0.733303952323311	0.240807150434745	32	32	0.00491119085035618	0.0136293974914633
ko.K12052	Week_and_Consortium	NS6_w5	0.733303952323311	0.240807150434745	32	32	0.00491119085035618	0.0136293974914633
ko.K03201	Week_and_Consortium	NS6_w5	0.733303952323311	0.240807150434745	32	32	0.00491119085035618	0.0136293974914633
ko.K20454	Week_and_Consortium	NS6_w5	0.733303952323311	0.240807150434745	32	32	0.00491119085035618	0.0136293974914633
ko.K17204	Week_and_Consortium	NS6_w5	0.733303952323311	0.240807150434745	32	32	0.00491119085035618	0.0136293974914633
ko.K17203	Week_and_Consortium	NS6_w5	0.733303952323311	0.240807150434745	32	32	0.00491119085035618	0.0136293974914633
ko.K21721	Week_and_Consortium	NS6_w5	0.733303952323311	0.240807150434745	32	32	0.00491119085035618	0.0136293974914633
ko.K01474	Week_and_Consortium	NS6_w5	0.733303952323311	0.240807150434745	32	32	0.00491119085035618	0.0136293974914633
ko.K00260	Week_and_Consortium	NS6_w5	0.733303952323311	0.240807150434745	32	32	0.00491119085035618	0.0136293974914633
ko.K14665	Week_and_Consortium	NS6_w5	0.733303952323311	0.240807150434745	32	32	0.00491119085035618	0.0136293974914633
ko.K10236	Week_and_Consortium	NS6_w5	0.733303952323311	0.240807150434745	32	32	0.00491119085035618	0.0136293974914633
ko.K01905	Week_and_Consortium	NS6_w5	0.733303952323311	0.240807150434745	32	32	0.00491119085035618	0.0136293974914633
ko.K22224	Week_and_Consortium	NS6_w5	0.733303952323311	0.240807150434745	32	32	0.00491119085035618	0.0136293974914633
ko.K01601	Week_and_Consortium	NS6_w5	0.733303952323311	0.240807150434745	32	32	0.00491119085035618	0.0136293974914633
ko.K00560	Week_and_Consortium	NS6_w5	-0.169420833778139	0.0559149097074306	32	32	0.00499775606810763	0.0138537798207943
ko.K07448	Week_and_Consortium	NS6_w5	0.426148015113894	0.140252145433616	32	32	0.00499504700991284	0.0138537798207943
ko.K08961	Week_and_Consortium	NS6_w5	-0.264169803625032	0.0871996927113409	32	32	0.00500400796894185	0.0138631882680393
ko.K07089	Week_and_Consortium	NS6_w5	0.258226266496577	0.085568195320242	32	32	0.00515390252166961	0.0142703088656503
ko.K00986	Week_and_Consortium	NS6_w5	-0.554231851407921	0.183739892361645	32	32	0.00517198897629225	0.0143122182110631
ko.K15778	Week_and_Consortium	NS6_w5	0.502880767063454	0.166337694304681	32	32	0.00518876926171196	0.0143504673252934
ko.K02355	Week_and_Consortium	NS6_w5	-0.0526868487896517	0.0175046283593591	32	32	0.00525756275826076	0.0145324427010387
ko.K01243	Week_and_Consortium	NS6_w5	-0.184444833338906	0.0614239069157794	32	32	0.00535188098456556	0.0147847236082731
ko.K07075	Week_and_Consortium	NS6_w5	0.250911602257683	0.0834991108152611	32	32	0.00543151148932032	0.0149961651876454
ko.K05366	Week_and_Consortium	NS6_w5	-0.041314626895515	0.0138044144719872	32	32	0.00548765047939748	0.0151425440702828
ko.K00874	Week_and_Consortium	NS6_w5	-0.0788359184968821	0.0263720608116355	32	32	0.00553589045900505	0.0152669724938223
ko.K19052	Week_and_Consortium	NS6_w5	-0.338443341232392	0.113249477341534	32	32	0.00554837347501464	0.0152927043905091
ko.K00605	Week_and_Consortium	NS6_w5	-0.0491923006789979	0.0164311599736792	32	32	0.0055843068327163	0.0153830053637177
ko.K05520	Week_and_Consortium	NS6_w5	0.25588140497216	0.0857073894899222	32	32	0.00558966570545641	0.0153890285682004
ko.K21574	Week_and_Consortium	NS6_w5	-0.242300235019464	0.0811736079432889	32	32	0.0055975302470843	0.0154019394376665
ko.K14949	Week_and_Consortium	NS6_w5	-0.740725565806281	0.248909827101102	32	31	0.00572657155370252	0.0157035605466427
ko.K19954	Week_and_Consortium	NS6_w5	-0.740725565806281	0.248909827101102	32	31	0.00572657155370252	0.0157035605466427
ko.K06685	Week_and_Consortium	NS6_w5	-0.740725565806281	0.248909827101102	32	31	0.00572657155370252	0.0157035605466427
ko.K12976	Week_and_Consortium	NS6_w5	-0.740725565806281	0.248909827101102	32	31	0.00572657155370252	0.0157035605466427
ko.K07004	Week_and_Consortium	NS6_w5	-0.740725565806281	0.248909827101102	32	31	0.00572657155370252	0.0157035605466427
ko.K01364	Week_and_Consortium	NS6_w5	-0.740725565806281	0.248909827101102	32	31	0.00572657155370252	0.0157035605466427
ko.K07052	Week_and_Consortium	NS6_w5	-0.0991303148173491	0.0333901218985306	32	32	0.00582832754806141	0.0159735688901954
ko.K03534	Week_and_Consortium	NS6_w5	0.233676889190905	0.0785246472934846	32	32	0.00584034764662872	0.0159974739885917
ko.K02471	Week_and_Consortium	NS6_w5	0.532753260469441	0.179095650918734	32	32	0.00585716028433525	0.0160344720876469
ko.K02478	Week_and_Consortium	NS6_w5	0.513781489800219	0.173234759274945	32	32	0.00587288677124208	0.0160684566989821
ko.K03446	Week_and_Consortium	NS6_w5	-0.509014626828415	0.171946168478198	32	32	0.00595425130328743	0.0162818901196434
ko.K15987	Week_and_Consortium	NS6_w5	-0.0873473650426301	0.0296677787078607	32	32	0.00619922796281453	0.0169422280831624
ko.K06221	Week_and_Consortium	NS6_w5	0.913750191631828	0.309621277578469	32	32	0.00620913456277553	0.0169597476148784
ko.K19050	Week_and_Consortium	NS6_w5	-0.231053734196992	0.078516143276237	32	32	0.00622137298486637	0.016983613027342
ko.K02363	Week_and_Consortium	NS6_w5	1.14677548546257	0.38881594287894	32	32	0.00623663089526999	0.0170078834038133
ko.K14051	Week_and_Consortium	NS6_w5	0.979889753790239	0.333099628926339	32	32	0.00623727573188699	0.0170078834038133
ko.K05499	Week_and_Consortium	NS6_w5	-0.230479955493422	0.078602039886152	32	32	0.00638672455621867	0.0174056184394476
ko.K00845	Week_and_Consortium	NS6_w5	-0.0703864786083064	0.0239518003858643	32	32	0.00640467108677999	0.0174374131756649
ko.K01113	Week_and_Consortium	NS6_w5	-0.564278893252227	0.192517261802952	32	32	0.00640558035024426	0.0174374131756649
ko.K03811	Week_and_Consortium	NS6_w5	-0.134788572067945	0.0462255998166281	32	32	0.00665213679966233	0.0180984383708143
ko.K03303	Week_and_Consortium	NS6_w5	0.249807484940516	0.0859450760392304	32	32	0.00680754109393251	0.0185108642638266
ko.K01919	Week_and_Consortium	NS6_w5	1.25051650099754	0.431006580412819	32	32	0.00689614710408536	0.0187308004490023
ko.K16013	Week_and_Consortium	NS6_w5	1.25051650099754	0.431006580412819	32	32	0.00689614710408536	0.0187308004490023
ko.K09773	Week_and_Consortium	NS6_w5	0.963125373307224	0.332378587966586	32	32	0.00708678578554707	0.0192378275577442
ko.K03086	Week_and_Consortium	NS6_w5	-0.045588482990407	0.0157400790029893	32	32	0.00711027816762437	0.0192908050286051
ko.K03071	Week_and_Consortium	NS6_w5	0.616874254328229	0.213639497424722	32	32	0.00713853583005219	0.0193566446682969
ko.K13004	Week_and_Consortium	NS6_w5	0.313897601431381	0.108788711826025	32	32	0.00717516639865953	0.0194451017876522
ko.K03665	Week_and_Consortium	NS6_w5	-0.0848176967510331	0.0294168724230431	32	32	0.00734180261266321	0.0198855859709823
ko.K07012	Week_and_Consortium	NS6_w5	0.238670813847572	0.0830272402664205	32	32	0.00736912015964721	0.01994843855717
ko.K01760	Week_and_Consortium	NS6_w5	0.982787633730377	0.341135123317226	32	32	0.00738462303477625	0.0199792561861124
ko.K09817	Week_and_Consortium	NS6_w5	-0.101939072324003	0.0354727715045915	32	32	0.00751642230429004	0.0203245064649448
ko.K01582	Week_and_Consortium	NS6_w5	0.810718144079834	0.282183083209221	32	32	0.00752944471019491	0.0203483767627607
ko.K01771	Week_and_Consortium	NS6_w5	-0.41511991223861	0.145057027659514	32	32	0.00760656606760935	0.02054535188974
ko.K16328	Week_and_Consortium	NS6_w5	0.952578524591595	0.332102325045227	32	32	0.00761661640779853	0.0205610496350755
ko.K00549	Week_and_Consortium	NS6_w5	-0.316401989313639	0.110608433503526	32	32	0.00762933329635024	0.0205839242606202
ko.K05770	Week_and_Consortium	NS6_w5	0.318796292471783	0.11120441221607	32	32	0.00764596936757949	0.0206173415242513
ko.K08717	Week_and_Consortium	NS6_w5	-0.416522729494303	0.145690216408845	32	32	0.00765946861704463	0.0206422679229353
ko.K01265	Week_and_Consortium	NS6_w5	-0.0566814670420115	0.0198433794905096	32	32	0.0077072127356237	0.0207594053195506
ko.K00097	Week_and_Consortium	NS6_w5	-0.0613302316151286	0.0214828386384345	32	32	0.00773757590885684	0.0208296230487594
ko.K06193	Week_and_Consortium	NS6_w5	1.31366832016228	0.460577696053095	32	32	0.00778788147203352	0.0209534182034579
ko.K14059	Week_and_Consortium	NS6_w5	0.992673776293005	0.34820891871797	32	32	0.00781516792531982	0.0210151771650368
ko.K07308	Week_and_Consortium	NS6_w5	0.955675765561144	0.336133434497878	32	32	0.00796390131087571	0.0213927444866259
ko.K09816	Week_and_Consortium	NS6_w5	-0.0997123128134613	0.0349856225390738	32	32	0.00796439838030229	0.0213927444866259
ko.K08302	Week_and_Consortium	NS6_w5	0.929424451824496	0.326394875148508	32	32	0.00801416892312734	0.0215145176790762
ko.K09181	Week_and_Consortium	NS6_w5	-0.180379145179711	0.0636255659312613	32	32	0.0081248390263037	0.0217995542680306
ko.K02855	Week_and_Consortium	NS6_w5	0.949020349806248	0.33600694051974	32	32	0.00833924116462515	0.0223624427250396
ko.K03282	Week_and_Consortium	NS6_w5	-0.0966456470779207	0.0341512401394845	32	32	0.00836635867095233	0.0224227656976739
ko.K18427	Week_and_Consortium	NS6_w5	0.263998357328092	0.0934161804684208	32	32	0.00844598001656672	0.0226236604419465
ko.K09812	Week_and_Consortium	NS6_w5	-0.0910968742907016	0.0322644367848907	32	32	0.00849965470000686	0.0227548702813097
ko.K00128	Week_and_Consortium	NS6_w5	0.182715601253129	0.0647191927993112	32	32	0.0085046165993569	0.0227555957658468
ko.K19147	Week_and_Consortium	NS6_w5	-0.292939211122655	0.104038272582398	32	32	0.00851952981118425	0.0227829322569211
ko.K00287	Week_and_Consortium	NS6_w5	-0.0388960222055478	0.0138321369550693	32	32	0.00859677422803488	0.0229768329367478
ko.K20541	Week_and_Consortium	NS6_w5	0.752493007860678	0.26714132046162	32	32	0.008637572495551	0.0230731630924658
ko.K01297	Week_and_Consortium	NS6_w5	-0.179612316775966	0.0638128103763639	32	32	0.00868309309974473	0.0231819948414209
ko.K09811	Week_and_Consortium	NS6_w5	-0.0906964136718964	0.0323565242468261	32	32	0.00893233627164124	0.0238343032198744
ko.K03825	Week_and_Consortium	NS6_w5	0.677176859443762	0.242444014213991	32	32	0.00900309440007991	0.0240085645673643
ko.K18430	Week_and_Consortium	NS6_w5	0.407513640522211	0.14590929053883	32	32	0.00900754226192601	0.0240085645673643
ko.K00929	Week_and_Consortium	NS6_w5	-0.0972928136263296	0.0347983678565498	32	32	0.00908832481264155	0.0242105786195081
ko.K00928	Week_and_Consortium	NS6_w5	-0.0611184154806002	0.0220212767798465	32	32	0.00940040032514985	0.0250281789118013
ko.K03654	Week_and_Consortium	NS6_w5	-0.0975040257754453	0.0350689245745012	32	32	0.00943730334627656	0.025112648674047
ko.K01589	Week_and_Consortium	NS6_w5	0.345710819236674	0.124386099233275	32	32	0.00946057665746582	0.0251607770643458
ko.K11261	Week_and_Consortium	NS6_w5	-0.413446969640466	0.149193822016159	32	32	0.00964844856453876	0.0256463693077137
ko.K17836	Week_and_Consortium	NS6_w5	-0.109096603885219	0.0394652137319591	32	32	0.00965672634323316	0.0256543151648544
ko.K02017	Week_and_Consortium	NS6_w5	-0.221966590178458	0.0806180525893858	32	32	0.00991984373494001	0.0263388954341511
ko.K08169	Week_and_Consortium	NS6_w5	0.231665486016535	0.0842421795432328	32	32	0.0100000407818995	0.0265373073484653
ko.K02395	Week_and_Consortium	NS6_w5	-0.313563073677794	0.114094809809261	32	32	0.0100420155173693	0.0266341264487471
ko.K01485	Week_and_Consortium	NS6_w5	0.297682884130774	0.108232582689915	32	32	0.0101453593014627	0.0268935180171559
ko.K03752	Week_and_Consortium	NS6_w5	0.956880117488483	0.34881272667706	32	32	0.0103216024409532	0.0273457637580906
ko.K06180	Week_and_Consortium	NS6_w5	-0.0451746988853775	0.0165348534564282	32	32	0.0104434625218289	0.0276535134789258
ko.K19225	Week_and_Consortium	NS6_w5	-0.179911003526051	0.0657798926378016	32	32	0.0105273079512892	0.0278603223522663
ko.K10974	Week_and_Consortium	NS6_w5	0.300520066091023	0.109954732788579	32	32	0.0105760102876565	0.0279739508753664
ko.K01533	Week_and_Consortium	NS6_w5	-0.166351830624497	0.0611047823894237	32	32	0.010690953998379	0.0282625710333168
ko.K03686	Week_and_Consortium	NS6_w5	-0.0970487996441534	0.0357699917307975	32	32	0.0109328726644428	0.0288863645398758
ko.K02392	Week_and_Consortium	NS6_w5	-0.33640172670095	0.123739244430098	32	32	0.0109504086905437	0.0289012146669356
ko.K02390	Week_and_Consortium	NS6_w5	-0.33640172670095	0.123739244430098	32	32	0.0109504086905437	0.0289012146669356
ko.K06218	Week_and_Consortium	NS6_w5	-1.3334839644873	0.492267783491408	32	32	0.0110461878406514	0.0291381496547035
ko.K03648	Week_and_Consortium	NS6_w5	-0.116270347161947	0.0429619508711874	32	32	0.0111130199252329	0.0292985106833178
ko.K03931	Week_and_Consortium	NS6_w5	0.263244376193082	0.0973098542698828	32	32	0.0111435417730165	0.0293630207174922
ko.K07109	Week_and_Consortium	NS6_w5	0.46963820815063	0.173332379802448	32	32	0.0111936245738591	0.0294789754656844
ko.K13954	Week_and_Consortium	NS6_w5	-0.408056823921788	0.150992137555111	32	32	0.0112166404001972	0.0295075502068094
ko.K04061	Week_and_Consortium	NS6_w5	-0.48546486711859	0.179627098055806	32	32	0.0112133393008945	0.0295075502068094
ko.K21053	Week_and_Consortium	NS6_w5	2.35208034914717	0.870447753789871	32	32	0.0112262027349638	0.0295166988982706
ko.K09988	Week_and_Consortium	NS6_w5	-0.224990600584256	0.083544634961803	32	32	0.0116415459776103	0.0305921665966348
ko.K02385	Week_and_Consortium	NS6_w5	-0.308765984138885	0.115123410272158	32	32	0.0119515850537253	0.031372910766029
ko.K09775	Week_and_Consortium	NS6_w5	-0.308765984138885	0.115123410272158	32	32	0.0119515850537253	0.031372910766029
ko.K04486	Week_and_Consortium	NS6_w5	-0.0971506933443891	0.0363201325775469	32	32	0.0119874637447255	0.0314500738916515
ko.K01126	Week_and_Consortium	NS6_w5	-0.112525845826241	0.042167146103973	32	32	0.0121691369194341	0.0319094503763108
ko.K01950	Week_and_Consortium	NS6_w5	-0.0543377531874076	0.0203729201125262	32	32	0.0123828615836522	0.0324523293043204
ko.K03817	Week_and_Consortium	NS6_w5	-0.292223550341983	0.11000379655165	32	32	0.0125259975774001	0.0328097269157493
ko.K01755	Week_and_Consortium	NS6_w5	-0.0461008850483367	0.0173236981328936	32	32	0.0125610426501908	0.0328660290701595
ko.K00076	Week_and_Consortium	NS6_w5	0.256421726739279	0.0965634111691413	32	32	0.0125562997682225	0.0328660290701595
ko.K01880	Week_and_Consortium	NS6_w5	-0.0654110500575806	0.0245938036438259	32	32	0.0126055844013998	0.0329647924157361
ko.K01095	Week_and_Consortium	NS6_w5	-0.162899356494173	0.061505595342406	32	32	0.0127663334321003	0.0333671785986631
ko.K00548	Week_and_Consortium	NS6_w5	-0.0244042707966514	0.00923803741947451	32	32	0.0129755175057421	0.0338956571999758
ko.K01006	Week_and_Consortium	NS6_w5	-0.118098170382306	0.0447137304418864	32	32	0.0129913038790868	0.0339186303107911
ko.K02574	Week_and_Consortium	NS6_w5	0.616669358867364	0.233732695473693	32	32	0.0130799402831952	0.0341133281256881
ko.K02573	Week_and_Consortium	NS6_w5	0.616669358867364	0.233732695473693	32	32	0.0130799402831952	0.0341133281256881
ko.K03760	Week_and_Consortium	NS6_w5	0.409781932086171	0.155010583878449	32	32	0.0130957768834265	0.0341362781630853
ko.K03272	Week_and_Consortium	NS6_w5	0.18016756477188	0.0684755485976528	32	32	0.0134874227034836	0.0351382854643388
ko.K06897	Week_and_Consortium	NS6_w5	-0.186405600084284	0.0710654913942493	32	32	0.0135662831270769	0.0353247662101181
ko.K07713	Week_and_Consortium	NS6_w5	-0.177157120857604	0.0676088372400476	32	32	0.0136531574975504	0.0355319029080564
ko.K01048	Week_and_Consortium	NS6_w5	1.14903066897935	0.438732503445739	32	32	0.0136969139509525	0.0356266646520485
ko.K00616	Week_and_Consortium	NS6_w5	-0.0837177254784403	0.0319937394898942	32	32	0.013771491903777	0.0358014508173753
ko.K12343	Week_and_Consortium	NS6_w5	-0.152027234892682	0.0581608974728565	32	32	0.0138627511301715	0.0360193924651644
ko.K20859	Week_and_Consortium	NS6_w5	0.900714578118452	0.344440384659826	32	32	0.0140104419591838	0.0363836477216277
ko.K21739	Week_and_Consortium	NS6_w5	-0.18388495261557	0.0704932155853858	32	32	0.0140400975904018	0.0364411521728407
ko.K03742	Week_and_Consortium	NS6_w5	-0.0532649471872039	0.0204434406202148	32	32	0.0143285609613885	0.0371699728468962
ko.K00632	Week_and_Consortium	NS6_w5	0.725099909050315	0.278401421807172	32	32	0.0143611909629494	0.037234707301586
ko.K08217	Week_and_Consortium	NS6_w5	-0.342990916805618	0.131866422293447	32	32	0.0144787227328927	0.0375193824664863
ko.K08281	Week_and_Consortium	NS6_w5	0.896336422198635	0.345051350547242	32	32	0.01459351526463	0.0377966591290551
ko.K15640	Week_and_Consortium	NS6_w5	0.370886182165303	0.142965922510474	32	32	0.0147127398791667	0.0380851126754736
ko.K06987	Week_and_Consortium	NS6_w5	-0.405078301566738	0.156419972134468	32	32	0.0148705895647586	0.0384731893219436
ko.K18940	Week_and_Consortium	NS6_w5	1.01471233478198	0.393084591065027	32	32	0.0149707850627603	0.0387117688376601
ko.K13038	Week_and_Consortium	NS6_w5	-0.09331689850668	0.0361607101765243	32	32	0.0149988491072277	0.0387636744907628
ko.K01129	Week_and_Consortium	NS6_w5	-0.038209186534804	0.0148088355065169	32	32	0.01501493179292	0.0387845762127024
ko.K01595	Week_and_Consortium	NS6_w5	1.08824053273792	0.422282709582822	32	32	0.0151257723692697	0.0390500914120954
ko.K01955	Week_and_Consortium	NS6_w5	0.0380470812350571	0.0147875936933503	32	32	0.0152739680094805	0.039411712135101
ko.K01547	Week_and_Consortium	NS6_w5	-0.146335262063667	0.0569178468704945	32	32	0.0153430075591789	0.0395688089684086
ko.K06917	Week_and_Consortium	NS6_w5	1.20583217169882	0.469868308795977	32	32	0.0155126607537432	0.0397527296969934
ko.K03676	Week_and_Consortium	NS6_w5	1.20583217169882	0.469868308795977	32	32	0.0155126607537432	0.0397527296969934
ko.K06415	Week_and_Consortium	NS6_w5	1.20583217169882	0.469868308795977	32	32	0.0155126607537432	0.0397527296969934
ko.K07300	Week_and_Consortium	NS6_w5	1.20583217169882	0.469868308795977	32	32	0.0155126607537432	0.0397527296969934
ko.K09786	Week_and_Consortium	NS6_w5	1.20583217169882	0.469868308795977	32	32	0.0155126607537432	0.0397527296969934
ko.K07180	Week_and_Consortium	NS6_w5	1.20583217169882	0.469868308795977	32	32	0.0155126607537432	0.0397527296969934
ko.K00432	Week_and_Consortium	NS6_w5	0.244188922344059	0.0950963108875803	32	32	0.0154584681278006	0.0397527296969934
ko.K11535	Week_and_Consortium	NS6_w5	1.20583217169882	0.469868308795977	32	32	0.0155126607537432	0.0397527296969934
ko.K12962	Week_and_Consortium	NS6_w5	1.20583217169882	0.469868308795977	32	32	0.0155126607537432	0.0397527296969934
ko.K11733	Week_and_Consortium	NS6_w5	1.20583217169882	0.469868308795977	32	32	0.0155126607537432	0.0397527296969934
ko.K07251	Week_and_Consortium	NS6_w5	1.20583217169882	0.469868308795977	32	32	0.0155126607537432	0.0397527296969934
ko.K05803	Week_and_Consortium	NS6_w5	1.20583217169882	0.469868308795977	32	32	0.0155126607537432	0.0397527296969934
ko.K01776	Week_and_Consortium	NS6_w5	-0.117955311611176	0.0460468048468611	32	32	0.0156843630215429	0.0401715126808367
ko.K05606	Week_and_Consortium	NS6_w5	-0.0657787646341414	0.0256835426725813	32	32	0.0157033420006053	0.0401988981767475
ko.K06921	Week_and_Consortium	NS6_w5	-0.156579086438683	0.0611723091237642	32	32	0.0157582555382584	0.0403181949451958
ko.K10709	Week_and_Consortium	NS6_w5	0.414397646197754	0.161615752633887	32	32	0.0157893291489447	0.0403764025838327
ko.K07386	Week_and_Consortium	NS6_w5	-0.121395304052775	0.0475092993725514	32	32	0.0159238482541728	0.0406989398740739
ko.K03367	Week_and_Consortium	NS6_w5	0.959468928532976	0.374841037057439	32	32	0.0159533407373243	0.04075284671762
ko.K16925	Week_and_Consortium	NS6_w5	0.752368388420143	0.296482467689604	32	32	0.0165924338679783	0.0423631035229278
ko.K03574	Week_and_Consortium	NS6_w5	0.176366229264378	0.0695473291027932	32	32	0.0166598411921373	0.0425128298911406
ko.K02337	Week_and_Consortium	NS6_w5	-0.0537724751545464	0.0211813630159483	32	32	0.0167537348892551	0.0427299516024062
ko.K07397	Week_and_Consortium	NS6_w5	0.316827236333044	0.125205347286926	32	32	0.0168738017705477	0.0430135640509339
ko.K00294	Week_and_Consortium	NS6_w5	0.224409164455725	0.0886794103430701	32	32	0.0170723569716772	0.043474017674334
ko.K00819	Week_and_Consortium	NS6_w5	0.224409164455725	0.0886794103430701	32	32	0.0170723569716772	0.043474017674334
ko.K18300	Week_and_Consortium	NS6_w5	-0.132058215277823	0.0523016776966895	32	32	0.0170931860964825	0.0435042212770393
ko.K07213	Week_and_Consortium	NS6_w5	-0.281787738454001	0.111495024293451	32	32	0.0172001115309252	0.0437534037947133
ko.K00244	Week_and_Consortium	NS6_w5	0.421292494245514	0.167385929622227	32	32	0.017416924051552	0.0442817078480496
ko.K03407	Week_and_Consortium	NS6_w5	-0.429771834952112	0.170809304896531	32	32	0.0174495125806741	0.0443413229590622
ko.K01644	Week_and_Consortium	NS6_w5	0.34188271163696	0.136146972953898	32	32	0.0178596211275135	0.0453359613236881
ko.K01643	Week_and_Consortium	NS6_w5	0.34188271163696	0.136146972953898	32	32	0.0178596211275135	0.0453359613236881
ko.K03783	Week_and_Consortium	NS6_w5	-0.0849243998607326	0.0338412261036378	32	32	0.0179273212564789	0.0454364866328
ko.K10012	Week_and_Consortium	NS6_w5	0.381999950146947	0.152213183506351	32	32	0.0179214139806612	0.0454364866328
ko.K18429	Week_and_Consortium	NS6_w5	0.381999950146947	0.152213183506351	32	32	0.0179214139806612	0.0454364866328
ko.K08680	Week_and_Consortium	NS6_w5	0.356380803209408	0.142156330951226	32	32	0.0180326441487852	0.0456795596688026
ko.K13628	Week_and_Consortium	NS6_w5	0.998374897097547	0.398661023474867	32	32	0.0181432487343811	0.0459357513624649
ko.K07005	Week_and_Consortium	NS6_w5	-0.0613986719262243	0.0245897794487437	32	32	0.0182458574537673	0.0461714421013172
ko.K09774	Week_and_Consortium	NS6_w5	0.354868112641949	0.141949801578306	32	32	0.0183272509643538	0.0463532296288218
ko.K01925	Week_and_Consortium	NS6_w5	-0.042555867007178	0.0170263041809178	32	32	0.0183499636049784	0.0463849240020977
ko.K12308	Week_and_Consortium	NS6_w5	0.103445001268049	0.0414732362831009	32	32	0.0183589062222279	0.0463849240020977
ko.K02793	Week_and_Consortium	NS6_w5	0.558478816695845	0.224530626922182	32	32	0.0186570862413511	0.0471137560420583
ko.K12339	Week_and_Consortium	NS6_w5	-0.148648124132171	0.0597794038557579	32	32	0.0186876513991768	0.0471663875844988
ko.K19350	Week_and_Consortium	NS6_w5	0.892027515917558	0.359216292878744	32	32	0.0188333785180668	0.0475033492005724
ko.K01173	Week_and_Consortium	NS6_w5	-0.139835174612286	0.0563149509204137	32	32	0.018840742911132	0.0475033492005724
ko.K03646	Week_and_Consortium	NS6_w5	0.166389420645612	0.0670237736451741	32	32	0.0188646903867209	0.0475390197745366
ko.K00876	Week_and_Consortium	NS6_w5	-0.0907446003977194	0.0365936340693788	32	32	0.0189853082114335	0.0478181361026293
ko.K12972	Week_and_Consortium	NS6_w5	0.306356511754821	0.12354829481737	32	32	0.0192059202165411	0.0483486865440794
ko.K14090	Week_and_Consortium	NS6_w5	0.373499799704202	0.150676718033755	32	32	0.0192428363772376	0.0483913941244063
ko.K14088	Week_and_Consortium	NS6_w5	0.373499799704202	0.150676718033755	32	32	0.0192428363772376	0.0483913941244063
ko.K02406	Week_and_Consortium	NS6_w5	-0.364271484933731	0.147292157408727	32	32	0.0192806617199945	0.0484613937842971
ko.K00945	Week_and_Consortium	NS6_w5	-0.0204281286755058	0.00827151760201167	32	32	0.0194340355141791	0.0488215982803121
ko.K01738	Week_and_Consortium	NS6_w5	-0.0837380840782648	0.0338499490885591	32	32	0.0194660518574844	0.0488767171639012
ko.K07340	Week_and_Consortium	NS6_w5	1.12630977607555	0.456237743552234	32	32	0.0194792241406504	0.048884488518518
ko.K06934	Week_and_Consortium	NS6_w5	0.211941046421533	0.0856927188588095	32	32	0.0194899911286718	0.0488862186996829
ko.K03294	Week_and_Consortium	NS6_w5	0.171093797726754	0.0693315284018802	32	32	0.0195210066902526	0.0489387097955634
ko.K05881	Week_and_Consortium	NS6_w5	0.383709178959566	0.155602969257872	32	32	0.019602941114078	0.0490680430053623
ko.K02778	Week_and_Consortium	NS6_w5	0.383709178959566	0.155602969257872	32	32	0.019602941114078	0.0490680430053623
ko.K02779	Week_and_Consortium	NS6_w5	0.383709178959566	0.155602969257872	32	32	0.019602941114078	0.0490680430053623
ko.K00286	Week_and_Consortium	NS6_w5	-0.0398006626480803	0.0161389422428709	32	32	0.0197840899557168	0.0494959362430026
ko.K03488	Week_and_Consortium	NS6_w5	0.342650970176773	0.1392057687903	32	32	0.0200252672432555	0.0500734904108414
ko.K03612	Week_and_Consortium	NS6_w5	-0.084322819723737	0.0343897901960538	32	32	0.0202452965720063	0.0505975959148904
ko.K04651	Week_and_Consortium	NS6_w5	0.184842766858914	0.0754374056017474	32	32	0.0205455001267445	0.0513214320879699
ko.K10010	Week_and_Consortium	NS6_w5	0.668067674792892	0.272719103308946	32	32	0.0205749239339387	0.0513684796724326
ko.K03074	Week_and_Consortium	NS6_w5	0.864641614276795	0.353031606607675	32	32	0.0205968100599109	0.0513702445247444
ko.K03753	Week_and_Consortium	NS6_w5	0.864641614276795	0.353031606607675	32	32	0.0205968100599109	0.0513702445247444
ko.K02335	Week_and_Consortium	NS6_w5	-0.0719464580966815	0.0294977926508007	32	32	0.020856472974831	0.0519911358689132
ko.K00764	Week_and_Consortium	NS6_w5	-0.0660905945520805	0.0271128263563666	32	32	0.0209251997923976	0.0521356672793635
ko.K19508	Week_and_Consortium	NS6_w5	0.357073261285672	0.146615804705726	32	32	0.021254725386943	0.0529295035174849
ko.K01424	Week_and_Consortium	NS6_w5	-0.105545309775111	0.0434433233578016	32	32	0.0213188388352327	0.0530619226217105
ko.K01654	Week_and_Consortium	NS6_w5	0.190546835986099	0.0785399966030343	32	32	0.0214848087624624	0.053447593490618
ko.K14048	Week_and_Consortium	NS6_w5	-0.742243783481418	0.306086700772439	32	32	0.0215422929675804	0.0535631282346143
ko.K01621	Week_and_Consortium	NS6_w5	0.787535952466275	0.324799600356639	32	32	0.0215553074794021	0.0535680310361575
ko.K07568	Week_and_Consortium	NS6_w5	-0.0633253780152548	0.0260772143522551	32	32	0.0215995980314007	0.053650614465092
ko.K05995	Week_and_Consortium	NS6_w5	0.527581282546123	0.217724098546155	32	32	0.0216304167835277	0.0536996682788602
ko.K06213	Week_and_Consortium	NS6_w5	-0.0915193055870797	0.0378239596702385	32	32	0.0218070941951441	0.0541105953660583
ko.K07095	Week_and_Consortium	NS6_w5	-0.0304696119501524	0.0125806353643363	32	32	0.0219185754926828	0.0543594119197364
ko.K04783	Week_and_Consortium	NS6_w5	1.13841964553387	0.470351702188972	32	32	0.0219979154282824	0.0544726328446136
ko.K03490	Week_and_Consortium	NS6_w5	1.13841964553387	0.470351702188972	32	32	0.0219979154282824	0.0544726328446136
ko.K16326	Week_and_Consortium	NS6_w5	1.13841964553387	0.470351702188972	32	32	0.0219979154282824	0.0544726328446136
ko.K00563	Week_and_Consortium	NS6_w5	0.466788169908868	0.193116388930444	32	32	0.0221599145171238	0.0548457884298814
ko.K07658	Week_and_Consortium	NS6_w5	-0.0926099227899423	0.0383914947383963	32	32	0.0221773902643878	0.0548610505724351
ko.K16203	Week_and_Consortium	NS6_w5	-0.219691921809004	0.0909403933520972	32	32	0.0222282955934648	0.0549589510315483
ko.K00179	Week_and_Consortium	NS6_w5	-0.112742635898981	0.0468134190985156	32	32	0.0223764581514153	0.0552691803708668
ko.K15921	Week_and_Consortium	NS6_w5	0.95231883699743	0.39546229965444	32	32	0.0223879487587617	0.0552691803708668
ko.K07457	Week_and_Consortium	NS6_w5	0.95231883699743	0.39546229965444	32	32	0.0223879487587617	0.0552691803708668
ko.K01966	Week_and_Consortium	NS6_w5	0.124352792906137	0.0516519540262784	32	32	0.0226498197922553	0.0558872206572891
ko.K06148	Week_and_Consortium	NS6_w5	0.322699764903753	0.134240226459965	32	32	0.0228364234338274	0.0563190086820014
ko.K20488	Week_and_Consortium	NS6_w5	0.489929062335477	0.203864282661025	32	32	0.0228719833784066	0.0563494115635605
ko.K09924	Week_and_Consortium	NS6_w5	-0.320597637565659	0.133642302215234	32	32	0.0228624909440478	0.0563494115635605
ko.K14977	Week_and_Consortium	NS6_w5	0.327977078640883	0.136798536859293	32	32	0.0229357981361607	0.056477947593155
ko.K12942	Week_and_Consortium	NS6_w5	-0.097454089447308	0.0406394845199287	32	32	0.0231431086054768	0.0569595230061735
ko.K00180	Week_and_Consortium	NS6_w5	-0.112197181229317	0.0469094513505029	32	32	0.0232374805259354	0.0571627880483329
ko.K09793	Week_and_Consortium	NS6_w5	-0.134652707892555	0.0562356593383903	32	32	0.023331503673412	0.0573649895183588
ko.K02431	Week_and_Consortium	NS6_w5	0.181211225320912	0.0758585695570169	32	32	0.0233955250427946	0.0574932583498462
ko.K01734	Week_and_Consortium	NS6_w5	-0.101778491936922	0.0425508751438445	32	32	0.0234645647108388	0.0576337232467235
ko.K01266	Week_and_Consortium	NS6_w5	-0.313644199903952	0.131157629780026	32	32	0.0234949490594252	0.0576791487283764
ko.K04042	Week_and_Consortium	NS6_w5	0.677891538631847	0.283950617038849	32	32	0.0237083263358912	0.0581735412521032
ko.K07056	Week_and_Consortium	NS6_w5	-0.0617426439315201	0.0258703912950554	32	32	0.023748192623676	0.05824190213218
ko.K02029	Week_and_Consortium	NS6_w5	0.187475403660862	0.0787208384891887	32	32	0.0237860538770446	0.0582758319987593
ko.K19302	Week_and_Consortium	NS6_w5	-0.113823500721207	0.047793525645831	32	32	0.0237835993692318	0.0582758319987593
ko.K00940	Week_and_Consortium	NS6_w5	0.219895370854586	0.0923093464205146	32	32	0.023988648883429	0.0587425218240858
ko.K10008	Week_and_Consortium	NS6_w5	0.755929583938215	0.317694078560313	32	32	0.024137083362559	0.0590761813278373
ko.K04654	Week_and_Consortium	NS6_w5	0.249613634479957	0.105120942746866	32	32	0.0244048676174332	0.0597014688916633
ko.K01753	Week_and_Consortium	NS6_w5	0.32689381521226	0.137692737082583	32	32	0.0244299773885851	0.0597327723346907
ko.K01819	Week_and_Consortium	NS6_w5	1.35444726528384	0.572304145404147	32	32	0.0246018115827445	0.0601226135959163
ko.K01447	Week_and_Consortium	NS6_w5	-0.081258116341895	0.0342778277906177	32	32	0.0246239932892686	0.06014652137273
ko.K01153	Week_and_Consortium	NS6_w5	-0.127872069714185	0.0539969217401455	32	32	0.0247596200831348	0.0604473663931992
ko.K03818	Week_and_Consortium	NS6_w5	0.317658854390858	0.134297528450581	32	32	0.0249162481725454	0.0606770682153704
ko.K21279	Week_and_Consortium	NS6_w5	-0.318814924039437	0.135027089172789	32	32	0.0249121739455761	0.0606770682153704
ko.K21055	Week_and_Consortium	NS6_w5	-0.318814924039437	0.135027089172789	32	32	0.0249121739455761	0.0606770682153704
ko.K21749	Week_and_Consortium	NS6_w5	-0.318814924039437	0.135027089172789	32	32	0.0249121739455761	0.0606770682153704
ko.K00066	Week_and_Consortium	NS6_w5	-0.318814924039437	0.135027089172789	32	32	0.0249121739455761	0.0606770682153704
ko.K04516	Week_and_Consortium	NS6_w5	-0.116095096096569	0.0491835222778164	32	32	0.0249500338725057	0.0606984023648571
ko.K09749	Week_and_Consortium	NS6_w5	-0.39401146917229	0.166920243590696	32	32	0.0249483142279998	0.0606984023648571
ko.K01756	Week_and_Consortium	NS6_w5	-0.0311715479134421	0.0132125501028888	32	32	0.0250183616503258	0.0607272808186441
ko.K21011	Week_and_Consortium	NS6_w5	0.95798450058594	0.406303710921394	32	32	0.0250996079244241	0.0607272808186441
ko.K21012	Week_and_Consortium	NS6_w5	0.95798450058594	0.406303710921394	32	32	0.0250996079244241	0.0607272808186441
ko.K06310	Week_and_Consortium	NS6_w5	0.795359042320638	0.33705501725883	32	32	0.024990493968724	0.0607272808186441
ko.K06330	Week_and_Consortium	NS6_w5	0.95798450058594	0.406303710921394	32	32	0.0250996079244241	0.0607272808186441
ko.K15045	Week_and_Consortium	NS6_w5	0.95798450058594	0.406303710921394	32	32	0.0250996079244241	0.0607272808186441
ko.K09145	Week_and_Consortium	NS6_w5	0.95798450058594	0.406303710921394	32	32	0.0250996079244241	0.0607272808186441
ko.K02277	Week_and_Consortium	NS6_w5	0.95798450058594	0.406303710921394	32	32	0.0250996079244241	0.0607272808186441
ko.K11621	Week_and_Consortium	NS6_w5	0.95798450058594	0.406303710921394	32	32	0.0250996079244241	0.0607272808186441
ko.K13678	Week_and_Consortium	NS6_w5	0.95798450058594	0.406303710921394	32	32	0.0250996079244241	0.0607272808186441
ko.K13005	Week_and_Consortium	NS6_w5	0.95798450058594	0.406303710921394	32	32	0.0250996079244241	0.0607272808186441
ko.K02761	Week_and_Consortium	NS6_w5	0.379804602155173	0.161128697181103	32	32	0.0251367099873534	0.0607867298846718
ko.K03594	Week_and_Consortium	NS6_w5	0.217745388383419	0.0922512972552533	32	32	0.025197430210196	0.060903205754689
ko.K07192	Week_and_Consortium	NS6_w5	0.149741778311591	0.063639956781399	32	32	0.0253763028082306	0.061305002451557
ko.K20491	Week_and_Consortium	NS6_w5	0.905795824202873	0.385120806435209	32	32	0.0256760605210048	0.0619674475559175
ko.K20492	Week_and_Consortium	NS6_w5	0.905795824202873	0.385120806435209	32	32	0.0256760605210048	0.0619674475559175
ko.K18345	Week_and_Consortium	NS6_w5	-0.353919973845579	0.150563692715188	32	32	0.0257537433239969	0.0621240223096514
ko.K02388	Week_and_Consortium	NS6_w5	-0.27017954717582	0.11513528937428	32	32	0.0259863285285135	0.0626227916998605
ko.K21701	Week_and_Consortium	NS6_w5	0.928652208660924	0.396419810823945	32	32	0.025976103995909	0.0626227916998605
ko.K00852	Week_and_Consortium	NS6_w5	-0.101705316407751	0.0433638979726286	32	32	0.0260584273046702	0.062746186967749
ko.K02372	Week_and_Consortium	NS6_w5	0.138461467220037	0.0590376893333552	32	32	0.0260634027499514	0.062746186967749
ko.K06167	Week_and_Consortium	NS6_w5	-0.0465361546994359	0.0198881485111216	32	32	0.026134852308572	0.0628869883675015
ko.K09815	Week_and_Consortium	NS6_w5	-0.0900298601642305	0.0385075458884176	32	32	0.0262477521739348	0.0631273405035984
ko.K10218	Week_and_Consortium	NS6_w5	-0.258975861672364	0.110582715959499	32	32	0.0262620298463544	0.0631303799725795
ko.K22044	Week_and_Consortium	NS6_w5	0.837682659259872	0.35783460304315	32	32	0.0263175647178347	0.0632325440545895
ko.K04477	Week_and_Consortium	NS6_w5	0.216002497756685	0.09238253695072	32	32	0.0264858749383855	0.0636054353099545
ko.K03319	Week_and_Consortium	NS6_w5	-0.597172921349263	0.256181259600434	32	32	0.0269085424938382	0.0645884906668031
ko.K01466	Week_and_Consortium	NS6_w5	0.358035484754233	0.1540155903933	32	32	0.0270451037752418	0.0648841733005431
ko.K07029	Week_and_Consortium	NS6_w5	0.651878162944952	0.280566491625039	32	32	0.027120184957819	0.0650321390165002
ko.K00705	Week_and_Consortium	NS6_w5	-0.0808590123472508	0.0347443797594206	32	32	0.0271381851063813	0.0650431501734466
ko.K02121	Week_and_Consortium	NS6_w5	-0.107920882833791	0.0464662615347462	32	32	0.0271732693705736	0.0650950764032851
ko.K01685	Week_and_Consortium	NS6_w5	-0.095783926007609	0.0411732444235632	32	32	0.0271922691840686	0.0651084391964051
ko.K01183	Week_and_Consortium	NS6_w5	0.166463533750357	0.0717423381531893	32	32	0.0273118652596574	0.0653398124087767
ko.K01869	Week_and_Consortium	NS6_w5	-0.0389028331665581	0.0167372005304852	32	32	0.0273158399433105	0.0653398124087767
ko.K01929	Week_and_Consortium	NS6_w5	-0.0428319850865942	0.0184338610114577	32	32	0.0273637004986431	0.0654220360369234
ko.K00973	Week_and_Consortium	NS6_w5	0.0340078145045842	0.0146387405853792	32	32	0.0273888997932258	0.0654500260576051
ko.K03592	Week_and_Consortium	NS6_w5	-0.273680616481439	0.11804762837917	32	32	0.0274288408005692	0.0654809580332485
ko.K03568	Week_and_Consortium	NS6_w5	-0.273680616481439	0.11804762837917	32	32	0.0274288408005692	0.0654809580332485
ko.K01938	Week_and_Consortium	NS6_w5	-0.0471435640422233	0.0203241865196497	32	32	0.0276072191070334	0.0658743826307029
ko.K03437	Week_and_Consortium	NS6_w5	-0.106675963966499	0.0460752253585094	32	32	0.0276222778570887	0.0658779104644725
ko.K13252	Week_and_Consortium	NS6_w5	0.929333466408243	0.40149983518133	32	32	0.0279120370010234	0.0665362611754125
ko.K11748	Week_and_Consortium	NS6_w5	-0.325662861450121	0.141093447286495	32	32	0.0280662269290433	0.0668709562047097
ko.K03780	Week_and_Consortium	NS6_w5	0.309478184485032	0.133998637531103	32	32	0.0282304461346255	0.0672292067742112
ko.K00625	Week_and_Consortium	NS6_w5	-0.0871420670710355	0.0377543231366407	32	32	0.0283202817923941	0.0673749060791516
ko.K18928	Week_and_Consortium	NS6_w5	0.16875024405526	0.0732523966857646	32	32	0.028347182706153	0.0673749060791516
ko.K18929	Week_and_Consortium	NS6_w5	0.16875024405526	0.0732523966857646	32	32	0.028347182706153	0.0673749060791516
ko.K00782	Week_and_Consortium	NS6_w5	0.16875024405526	0.0732523966857646	32	32	0.028347182706153	0.0673749060791516
ko.K02899	Week_and_Consortium	NS6_w5	-0.0385441679915137	0.0167252887603981	32	32	0.0285474103407402	0.0677843796196431
ko.K02888	Week_and_Consortium	NS6_w5	-0.0385441679915137	0.0167252887603981	32	32	0.0285474103407402	0.0677843796196431
ko.K03892	Week_and_Consortium	NS6_w5	0.424013563126588	0.184420627885031	32	32	0.0286347013743699	0.067936354970569
ko.K00942	Week_and_Consortium	NS6_w5	-0.0277074165603703	0.0120514618554831	32	32	0.0286394240187206	0.067936354970569
ko.K18930	Week_and_Consortium	NS6_w5	-0.382727592297363	0.166670077202167	32	32	0.0288172901298589	0.0683248653078912
ko.K14379	Week_and_Consortium	NS6_w5	-0.138442650495756	0.0603561841230567	32	32	0.0289822227712626	0.0686488098942358
ko.K01858	Week_and_Consortium	NS6_w5	-0.138442650495756	0.0603561841230567	32	32	0.0289822227712626	0.0686488098942358
ko.K01156	Week_and_Consortium	NS6_w5	0.278961318420999	0.121424857203281	32	32	0.0290043292269366	0.0686676432795849
ko.K11202	Week_and_Consortium	NS6_w5	0.342793258169778	0.149484636970121	32	32	0.0290206270698686	0.0686727131297232
ko.K03478	Week_and_Consortium	NS6_w5	0.352613393677182	0.153605002642352	32	32	0.0291213382327371	0.0688774313832314
ko.K01834	Week_and_Consortium	NS6_w5	0.172197230489276	0.075273527457124	32	32	0.0293816915947358	0.0694593498665026
ko.K15973	Week_and_Consortium	NS6_w5	0.731656758700785	0.319993818301485	32	32	0.0294569540580807	0.0696033532078663
ko.K07074	Week_and_Consortium	NS6_w5	-0.344256473051533	0.150608269091945	32	32	0.0297618408748153	0.0702553236417174
ko.K10190	Week_and_Consortium	NS6_w5	-0.344256473051533	0.150608269091945	32	32	0.0297618408748153	0.0702553236417174
ko.K01201	Week_and_Consortium	NS6_w5	0.183389358927766	0.080337730600348	32	32	0.0299631417615808	0.070696109282796
ko.K06338	Week_and_Consortium	NS6_w5	0.772220212959316	0.338837019649123	32	32	0.0302093732445824	0.0712424256730526
ko.K01599	Week_and_Consortium	NS6_w5	0.223821587318319	0.0982763255193142	32	32	0.0303137343647753	0.0714538024312562
ko.K07214	Week_and_Consortium	NS6_w5	-0.234222889087101	0.10339418061878	32	32	0.0308732033483782	0.0727372071116964
ko.K05895	Week_and_Consortium	NS6_w5	-0.277562793068372	0.122387208814175	32	32	0.0309610596577092	0.072908786601722
ko.K00872	Week_and_Consortium	NS6_w5	0.30980083466343	0.13665923107887	32	32	0.0310259019652308	0.0730260312631414
ko.K12111	Week_and_Consortium	NS6_w5	0.41792951365292	0.184431910021671	32	32	0.0310888125479447	0.0731386176867505
ko.K01926	Week_and_Consortium	NS6_w5	-0.0855643362421262	0.037796107085904	32	32	0.0312400535791036	0.0734587978246396
ko.K06867	Week_and_Consortium	NS6_w5	0.43709831271229	0.193187407502866	32	32	0.0313282492856034	0.0736304928703789
ko.K06188	Week_and_Consortium	NS6_w5	-0.123315167143888	0.0546376131500493	32	32	0.0314512254878548	0.0738837263155369
ko.K00666	Week_and_Consortium	NS6_w5	-0.0941780359958708	0.0417467826799498	32	32	0.0315229575231885	0.074016392519355
ko.K17828	Week_and_Consortium	NS6_w5	-0.0826565583832272	0.0365869485730009	32	32	0.0315624073803045	0.0740731679738061
ko.K18220	Week_and_Consortium	NS6_w5	-0.177372407732984	0.0786842073561612	32	32	0.0316419904277193	0.0742240307373628
ko.K18707	Week_and_Consortium	NS6_w5	-0.0846967935272952	0.0375374970233007	32	32	0.0317615550011645	0.0744684887920005
ko.K00290	Week_and_Consortium	NS6_w5	-0.12806597454264	0.0567757660010398	32	32	0.0318091280517735	0.0745440000865476
ko.K01223	Week_and_Consortium	NS6_w5	0.247459854664196	0.109719907371796	32	32	0.0318278345524798	0.0745518229908641
ko.K01703	Week_and_Consortium	NS6_w5	-0.0333580903850778	0.0148111827235321	32	32	0.0320494988414469	0.0750348064091982
ko.K01104	Week_and_Consortium	NS6_w5	-0.0738765278082705	0.032821326968852	32	32	0.032145040783174	0.0752221866083825
ko.K13821	Week_and_Consortium	NS6_w5	0.214555015805556	0.0955359518911191	32	32	0.032504865255743	0.0760275319940256
ko.K10773	Week_and_Consortium	NS6_w5	-0.0188834899328792	0.0084517460167541	32	32	0.0330669209630049	0.0773048836585719
ko.K01071	Week_and_Consortium	NS6_w5	-0.0785968400318779	0.0352125873044309	32	32	0.0332277646870065	0.0776434906053317
ko.K07452	Week_and_Consortium	NS6_w5	-0.127684801872698	0.057133487061689	32	32	0.0332953408125676	0.0777639375453854
ko.K01740	Week_and_Consortium	NS6_w5	-0.0434808453635422	0.0194888065333487	32	32	0.033572332906249	0.0783731409664168
ko.K03306	Week_and_Consortium	NS6_w5	0.130728031006949	0.0586586319012642	32	32	0.0337523677342569	0.0787555247132661
ko.K01034	Week_and_Consortium	NS6_w5	0.639059939548679	0.286976352811322	32	32	0.0338818860181344	0.078943817999025
ko.K01035	Week_and_Consortium	NS6_w5	0.639059939548679	0.286976352811322	32	32	0.0338818860181344	0.078943817999025
ko.K02106	Week_and_Consortium	NS6_w5	0.639059939548679	0.286976352811322	32	32	0.0338818860181344	0.078943817999025
ko.K07783	Week_and_Consortium	NS6_w5	-0.228381875339251	0.102738758871844	32	32	0.0339013930550536	0.0789513479164978
ko.K00762	Week_and_Consortium	NS6_w5	-0.0284798522106522	0.012801233971565	32	32	0.0340377690632255	0.0792309106169419
ko.K01273	Week_and_Consortium	NS6_w5	0.169945668826311	0.0764735387617544	32	32	0.034223754627378	0.079625627672619
ko.K20487	Week_and_Consortium	NS6_w5	0.402117808396478	0.18104613585005	32	32	0.0343137047648693	0.0797966355773638
ko.K00040	Week_and_Consortium	NS6_w5	0.222751511360486	0.100551020222261	32	32	0.0347487160425385	0.0799649058455191
ko.K08295	Week_and_Consortium	NS6_w5	-0.118670426949063	0.0536529800763506	32	32	0.0347387822691702	0.0799649058455191
ko.K18815	Week_and_Consortium	NS6_w5	-0.118670426949063	0.0536529800763506	32	32	0.0347387822691702	0.0799649058455191
ko.K01277	Week_and_Consortium	NS6_w5	-0.118670426949063	0.0536529800763506	32	32	0.0347387822691702	0.0799649058455191
ko.K09011	Week_and_Consortium	NS6_w5	-0.118670426949063	0.0536529800763506	32	32	0.0347387822691702	0.0799649058455191
ko.K13421	Week_and_Consortium	NS6_w5	-0.118670426949063	0.0536529800763506	32	32	0.0347387822691702	0.0799649058455191
ko.K01634	Week_and_Consortium	NS6_w5	-0.118670426949063	0.0536529800763506	32	32	0.0347387822691702	0.0799649058455191
ko.K01144	Week_and_Consortium	NS6_w5	-0.118670426949063	0.0536529800763506	32	32	0.0347387822691702	0.0799649058455191
ko.K01468	Week_and_Consortium	NS6_w5	-0.118670426949063	0.0536529800763506	32	32	0.0347387822691702	0.0799649058455191
ko.K00603	Week_and_Consortium	NS6_w5	-0.118670426949063	0.0536529800763506	32	32	0.0347387822691702	0.0799649058455191
ko.K13990	Week_and_Consortium	NS6_w5	-0.118670426949063	0.0536529800763506	32	32	0.0347387822691702	0.0799649058455191
ko.K01712	Week_and_Consortium	NS6_w5	-0.118670426949063	0.0536529800763506	32	32	0.0347387822691702	0.0799649058455191
ko.K12585	Week_and_Consortium	NS6_w5	-0.118670426949063	0.0536529800763506	32	32	0.0347387822691702	0.0799649058455191
ko.K00895	Week_and_Consortium	NS6_w5	-0.118670426949063	0.0536529800763506	32	32	0.0347387822691702	0.0799649058455191
ko.K00351	Week_and_Consortium	NS6_w5	-0.118670426949063	0.0536529800763506	32	32	0.0347387822691702	0.0799649058455191
ko.K00350	Week_and_Consortium	NS6_w5	-0.118670426949063	0.0536529800763506	32	32	0.0347387822691702	0.0799649058455191
ko.K00349	Week_and_Consortium	NS6_w5	-0.118670426949063	0.0536529800763506	32	32	0.0347387822691702	0.0799649058455191
ko.K00348	Week_and_Consortium	NS6_w5	-0.118670426949063	0.0536529800763506	32	32	0.0347387822691702	0.0799649058455191
ko.K00347	Week_and_Consortium	NS6_w5	-0.118670426949063	0.0536529800763506	32	32	0.0347387822691702	0.0799649058455191
ko.K00346	Week_and_Consortium	NS6_w5	-0.118670426949063	0.0536529800763506	32	32	0.0347387822691702	0.0799649058455191
ko.K09650	Week_and_Consortium	NS6_w5	-0.118670426949063	0.0536529800763506	32	32	0.0347387822691702	0.0799649058455191
ko.K13043	Week_and_Consortium	NS6_w5	-0.118670426949063	0.0536529800763506	32	32	0.0347387822691702	0.0799649058455191
ko.K21449	Week_and_Consortium	NS6_w5	-0.226974432349467	0.102765008098286	32	32	0.0349784955525943	0.0804555153748861
ko.K05800	Week_and_Consortium	NS6_w5	0.164096640348832	0.0743163088183502	32	32	0.0350237383330267	0.0805214003097217
ko.K11707	Week_and_Consortium	NS6_w5	-0.117833952404878	0.0534090265207536	32	32	0.0351641719617928	0.0808059678761994
ko.K19271	Week_and_Consortium	NS6_w5	-0.056097829666326	0.0255004386111654	32	32	0.0356580179010356	0.081902009866441
ko.K03544	Week_and_Consortium	NS6_w5	-0.0185521549111172	0.00845148144356213	32	32	0.0360290776275235	0.0826369057073837
ko.K03101	Week_and_Consortium	NS6_w5	-0.0185521549111172	0.00845148144356213	32	32	0.0360290776275235	0.0826369057073837
ko.K03438	Week_and_Consortium	NS6_w5	-0.0185521549111172	0.00845148144356213	32	32	0.0360290776275235	0.0826369057073837
ko.K11753	Week_and_Consortium	NS6_w5	-0.0434714425087198	0.0198350289541242	32	32	0.0365835285835911	0.0838689495080342
ko.K06201	Week_and_Consortium	NS6_w5	-0.0722862562621989	0.0330792986690061	32	32	0.036814739987221	0.0843591420302357
ko.K01897	Week_and_Consortium	NS6_w5	-0.0992465089114394	0.0454258721346361	32	32	0.0368500377322005	0.0844001572421646
ko.K00558	Week_and_Consortium	NS6_w5	-0.116610512186488	0.0533816047748293	32	32	0.0368766398692323	0.0844212269965295
ko.K00041	Week_and_Consortium	NS6_w5	-0.0830906700376962	0.0380647088780271	32	32	0.0370045408568227	0.0846740696681353
ko.K06139	Week_and_Consortium	NS6_w5	0.284828416423735	0.130479275869317	32	32	0.0372817147467755	0.0852680802624272
ko.K09117	Week_and_Consortium	NS6_w5	-0.0432725358228671	0.0198344460833484	32	32	0.0373830747879476	0.0854530781274983
ko.K19309	Week_and_Consortium	NS6_w5	0.41137697778496	0.188574950447105	32	32	0.037397832377794	0.0854530781274983
ko.K08325	Week_and_Consortium	NS6_w5	0.153216538486083	0.070397805145205	32	32	0.0375264947745816	0.0857066978114385
ko.K01491	Week_and_Consortium	NS6_w5	-0.041961421151151	0.0192554718155552	32	32	0.037585229279768	0.0858004457581904
ko.K02028	Week_and_Consortium	NS6_w5	0.0499589190366275	0.022987817930476	32	32	0.0377850890734892	0.0859146848342685
ko.K02416	Week_and_Consortium	NS6_w5	-0.272819390755872	0.125440227221724	32	32	0.0379363543424043	0.0859146848342685
ko.K02409	Week_and_Consortium	NS6_w5	-0.272819390755872	0.125440227221724	32	32	0.0379363543424043	0.0859146848342685
ko.K02410	Week_and_Consortium	NS6_w5	-0.272819390755872	0.125440227221724	32	32	0.0379363543424043	0.0859146848342685
ko.K02411	Week_and_Consortium	NS6_w5	-0.272819390755872	0.125440227221724	32	32	0.0379363543424043	0.0859146848342685
ko.K02412	Week_and_Consortium	NS6_w5	-0.272819390755872	0.125440227221724	32	32	0.0379363543424043	0.0859146848342685
ko.K02556	Week_and_Consortium	NS6_w5	-0.272819390755872	0.125440227221724	32	32	0.0379363543424043	0.0859146848342685
ko.K02401	Week_and_Consortium	NS6_w5	-0.272819390755872	0.125440227221724	32	32	0.0379363543424043	0.0859146848342685
ko.K02422	Week_and_Consortium	NS6_w5	-0.272819390755872	0.125440227221724	32	32	0.0379363543424043	0.0859146848342685
ko.K02407	Week_and_Consortium	NS6_w5	-0.272819390755872	0.125440227221724	32	32	0.0379363543424043	0.0859146848342685
ko.K02405	Week_and_Consortium	NS6_w5	-0.272819390755872	0.125440227221724	32	32	0.0379363543424043	0.0859146848342685
ko.K00048	Week_and_Consortium	NS6_w5	-0.129261402031439	0.0593645141008552	32	32	0.0377299253581396	0.0859146848342685
ko.K03563	Week_and_Consortium	NS6_w5	-0.272819390755872	0.125440227221724	32	32	0.0379363543424043	0.0859146848342685
ko.K02397	Week_and_Consortium	NS6_w5	-0.272819390755872	0.125440227221724	32	32	0.0379363543424043	0.0859146848342685
ko.K02389	Week_and_Consortium	NS6_w5	-0.272819390755872	0.125440227221724	32	32	0.0379363543424043	0.0859146848342685
ko.K02387	Week_and_Consortium	NS6_w5	-0.272819390755872	0.125440227221724	32	32	0.0379363543424043	0.0859146848342685
ko.K08161	Week_and_Consortium	NS6_w5	1.3644384210831	0.627822740566784	32	32	0.0377844265083012	0.0859146848342685
ko.K01816	Week_and_Consortium	NS6_w5	0.19541099342894	0.0900561596510513	32	32	0.0380648951729909	0.0861655653215953
ko.K07552	Week_and_Consortium	NS6_w5	-0.375218863829336	0.173389331624757	32	32	0.0385511899216273	0.0872256633907714
ko.K01666	Week_and_Consortium	NS6_w5	0.331421085456634	0.153206657097183	32	32	0.0386177450567291	0.0873355157436796
ko.K02614	Week_and_Consortium	NS6_w5	-0.102206474833019	0.047285150626788	32	32	0.0387633220318142	0.0876238933720087
ko.K01181	Week_and_Consortium	NS6_w5	-0.158083940377405	0.0732032938841498	32	32	0.0389292290106049	0.0879579366234022
ko.K06885	Week_and_Consortium	NS6_w5	-0.168007200794981	0.0779336327193222	32	32	0.0392461136844181	0.0886326338375755
ko.K02075	Week_and_Consortium	NS6_w5	-0.113796888801536	0.0528287499443026	32	32	0.0393907804740472	0.0889179507117742
ko.K05814	Week_and_Consortium	NS6_w5	-0.23317829388888	0.108113498201862	32	32	0.0394473775782521	0.0890042923870236
ko.K05516	Week_and_Consortium	NS6_w5	-0.137862176117286	0.064045550149473	32	32	0.0395192807033415	0.089125072381176
ko.K18682	Week_and_Consortium	NS6_w5	-0.080285280739048	0.0372497538269257	32	32	0.0395722189605815	0.0892029898595636
ko.K18344	Week_and_Consortium	NS6_w5	-0.370574914839895	0.172005808044554	32	32	0.0396481880291613	0.0892912535419969
ko.K03415	Week_and_Consortium	NS6_w5	-0.370574914839895	0.172005808044554	32	32	0.0396481880291613	0.0892912535419969
ko.K00230	Week_and_Consortium	NS6_w5	0.449304511159282	0.208721748420903	32	32	0.0398006749285358	0.0895930738182492
ko.K00243	Week_and_Consortium	NS6_w5	-0.0795525050099058	0.0369706748041132	32	32	0.0398756554061942	0.0897202246639369
ko.K01684	Week_and_Consortium	NS6_w5	-0.234407574486099	0.108983870334319	32	32	0.039955187634408	0.0898574943043641
ko.K06142	Week_and_Consortium	NS6_w5	-0.0901476089770218	0.0419264236877681	32	32	0.0400160655214134	0.0899527033569863
ko.K00175	Week_and_Consortium	NS6_w5	-0.105563796141577	0.0491783872183948	32	32	0.0400360779532151	0.0899560047017354
ko.K02083	Week_and_Consortium	NS6_w5	0.304333583981685	0.141712905120712	32	32	0.0402404638610669	0.0903315549236628
ko.K01646	Week_and_Consortium	NS6_w5	0.304333583981685	0.141712905120712	32	32	0.0402404638610669	0.0903315549236628
ko.K00951	Week_and_Consortium	NS6_w5	-0.0796463405776365	0.0371529655228197	32	32	0.0402793033983882	0.0903769198823224
ko.K01295	Week_and_Consortium	NS6_w5	0.394778071113975	0.184550389572693	32	32	0.0406812756785977	0.0912366473956899
ko.K11105	Week_and_Consortium	NS6_w5	-0.0998842301199488	0.0467045766765563	32	32	0.0407247049114474	0.0912918408158186
ko.K01759	Week_and_Consortium	NS6_w5	-0.0857756657620049	0.0400820125887063	32	32	0.0408963445842783	0.0916342575419557
ko.K01626	Week_and_Consortium	NS6_w5	0.196780845625403	0.0921211786282356	32	32	0.0409472227452381	0.0917058991399586
ko.K03767	Week_and_Consortium	NS6_w5	0.262453119372428	0.122752416905993	32	32	0.041066380031669	0.0919116075836232
ko.K02440	Week_and_Consortium	NS6_w5	0.411030665676234	0.192552786223275	32	32	0.041076966654565	0.0919116075836232
ko.K00927	Week_and_Consortium	NS6_w5	-0.0746054306349824	0.0349150218074234	32	32	0.0411807114503599	0.0920588162422562
ko.K02968	Week_and_Consortium	NS6_w5	-0.0746054306349824	0.0349150218074234	32	32	0.0411807114503599	0.0920588162422562
ko.K03630	Week_and_Consortium	NS6_w5	-0.0539747566022243	0.0253489040515301	32	32	0.0415536881703771	0.0928498117524179
ko.K07000	Week_and_Consortium	NS6_w5	0.162131348350863	0.0762578193411986	32	32	0.0418384798376027	0.0934278358741554
ko.K00791	Week_and_Consortium	NS6_w5	-0.0560759657133322	0.0263362399220579	32	32	0.0418508941155514	0.0934278358741554
ko.K00262	Week_and_Consortium	NS6_w5	-0.0527192017590532	0.0247718448274998	32	32	0.0418938511482866	0.0934807138548014
ko.K03786	Week_and_Consortium	NS6_w5	-0.0831615243708105	0.0391590730881628	32	32	0.0420555362075075	0.0937983476517788
ko.K19997	Week_and_Consortium	NS6_w5	0.191911004960946	0.0904075454081173	32	32	0.0421416000209234	0.0939471055613508
ko.K03072	Week_and_Consortium	NS6_w5	-0.0428751810071844	0.0201741596909232	32	32	0.0422085371198602	0.094053106829785
ko.K03408	Week_and_Consortium	NS6_w5	-0.31140685678093	0.146556384152839	32	32	0.042246990953635	0.0940955707603688
ko.K03743	Week_and_Consortium	NS6_w5	-0.0697336019051666	0.0329069342473681	32	32	0.0424697824785235	0.0945483776059283
ko.K12940	Week_and_Consortium	NS6_w5	0.243200872864949	0.114613099618184	32	32	0.0425092744288917	0.0945928854378686
ko.K03525	Week_and_Consortium	NS6_w5	-0.0457253863119964	0.0215645338154906	32	32	0.0426485060229396	0.0948591942766071
ko.K00588	Week_and_Consortium	NS6_w5	-0.112939767083871	0.0534200424711824	32	32	0.0429210370050817	0.0953778976232942
ko.K00798	Week_and_Consortium	NS6_w5	-0.112939767083871	0.0534200424711824	32	32	0.0429210370050817	0.0953778976232942
ko.K06881	Week_and_Consortium	NS6_w5	-0.0439337941790162	0.0207871570436705	32	32	0.0432800165759964	0.0960875791350841
ko.K06973	Week_and_Consortium	NS6_w5	-0.0439337941790162	0.0207871570436705	32	32	0.0432800165759964	0.0960875791350841
ko.K00566	Week_and_Consortium	NS6_w5	-0.0743976386823628	0.0353591440893668	32	32	0.0438608969739415	0.097288162423681
ko.K12952	Week_and_Consortium	NS6_w5	0.28986720293937	0.13755387861745	32	32	0.04385596824842	0.097288162423681
ko.K01077	Week_and_Consortium	NS6_w5	-0.07727268303609	0.036693221752825	32	32	0.0439856591823365	0.0975022458246654
ko.K01624	Week_and_Consortium	NS6_w5	-0.0539329567784444	0.0256170413989216	32	32	0.0440378108847334	0.0975022458246654
ko.K01805	Week_and_Consortium	NS6_w5	-0.0864430568070967	0.0411189364543923	32	32	0.0440286991486151	0.0975022458246654
ko.K13787	Week_and_Consortium	NS6_w5	0.695101772391816	0.330092698556172	32	32	0.0439982154194623	0.0975022458246654
ko.K09764	Week_and_Consortium	NS6_w5	-0.312981961350834	0.149127355892393	32	32	0.0446597953697258	0.0988342460486038
ko.K07010	Week_and_Consortium	NS6_w5	0.404444526568941	0.193731608939386	32	32	0.0457239414957034	0.10114310998434
ko.K21071	Week_and_Consortium	NS6_w5	-0.036176944104083	0.0173351454608265	32	32	0.0457957172431649	0.101255708453324
ko.K03497	Week_and_Consortium	NS6_w5	-0.0660167396742509	0.0317010048978485	32	32	0.0459243725040021	0.101493909347114
ko.K09002	Week_and_Consortium	NS6_w5	0.877490638179143	0.421447333938214	32	32	0.0459626935625346	0.101532343566419
ko.K16869	Week_and_Consortium	NS6_w5	1.37971654167083	0.662865594379016	32	32	0.0460258357515328	0.101625548125027
ko.K01802	Week_and_Consortium	NS6_w5	-0.104770965400602	0.0503409606199696	32	32	0.0460469038436889	0.101625810075403
ko.K00016	Week_and_Consortium	NS6_w5	-0.265584409744847	0.12757503771763	32	32	0.0462950176478067	0.102126935247617
ko.K20116	Week_and_Consortium	NS6_w5	0.421490685656814	0.202973861909084	32	32	0.0465038743669888	0.102341008342968
ko.K20117	Week_and_Consortium	NS6_w5	0.421490685656814	0.202973861909084	32	32	0.0465038743669888	0.102341008342968
ko.K20118	Week_and_Consortium	NS6_w5	0.421490685656814	0.202973861909084	32	32	0.0465038743669888	0.102341008342968
ko.K17324	Week_and_Consortium	NS6_w5	0.207468779138325	0.0999368249318055	32	32	0.0465608339338139	0.102341008342968
ko.K00064	Week_and_Consortium	NS6_w5	0.207468779138325	0.0999368249318055	32	32	0.0465608339338139	0.102341008342968
ko.K21364	Week_and_Consortium	NS6_w5	0.207468779138325	0.0999368249318055	32	32	0.0465608339338139	0.102341008342968
ko.K13664	Week_and_Consortium	NS6_w5	0.207468779138325	0.0999368249318055	32	32	0.0465608339338139	0.102341008342968
ko.K21005	Week_and_Consortium	NS6_w5	0.207468779138325	0.0999368249318055	32	32	0.0465608339338139	0.102341008342968
ko.K03772	Week_and_Consortium	NS6_w5	-0.105848736814342	0.051146625664883	32	32	0.0472052895415674	0.103710534223797
ko.K00757	Week_and_Consortium	NS6_w5	-0.0893741481056144	0.0431641054079735	32	32	0.0474056621885268	0.104103606734515
ko.K19701	Week_and_Consortium	NS6_w5	0.289908583421739	0.14013989617943	32	32	0.0475917860922932	0.104465047209825
ko.K20490	Week_and_Consortium	NS6_w5	0.825244785728383	0.399579872585879	32	32	0.0479368016238216	0.105174773711967
ko.K01647	Week_and_Consortium	NS6_w5	-0.0349026336965532	0.0169395248477364	32	32	0.0481220323221904	0.105533444301513
ko.K03711	Week_and_Consortium	NS6_w5	-0.0836499886197278	0.0406041457463048	32	32	0.0481516995170436	0.105550788231893
ko.K09680	Week_and_Consortium	NS6_w5	-0.168466512165692	0.0818021257278107	32	32	0.0482224627073635	0.10565816015963
ko.K05846	Week_and_Consortium	NS6_w5	0.272369193346376	0.132306953299174	32	32	0.0486141223887637	0.106440421164783
ko.K09952	Week_and_Consortium	NS6_w5	0.469335370339288	0.227995907406668	32	32	0.0486233711195957	0.106440421164783
ko.K03696	Week_and_Consortium	NS6_w5	-0.0291090274623893	0.0141986707169497	32	32	0.0491800324661946	0.107610436397614
ko.K01803	Week_and_Consortium	NS6_w5	-0.0292812886195842	0.014287715841716	32	32	0.0495642313839545	0.108402203085466
ko.K01704	Week_and_Consortium	NS6_w5	-0.0325420207171343	0.0158820153922398	32	32	0.0496076703406747	0.10840802060384
ko.K02122	Week_and_Consortium	NS6_w5	-0.206627627905282	0.100856282113299	32	32	0.0496339339849779	0.10840802060384
ko.K02119	Week_and_Consortium	NS6_w5	-0.206627627905282	0.100856282113299	32	32	0.0496339339849779	0.10840802060384
ko.K03666	Week_and_Consortium	NS6_w5	0.602869350499706	0.294330831468541	32	32	0.0496820879891976	0.10846436041206
ko.K11615	Week_and_Consortium	NS6_w5	0.745080129443655	0.364606944497462	32	32	0.0501799059496627	0.109452663561967
ko.K07474	Week_and_Consortium	NS6_w5	0.745080129443655	0.364606944497462	32	32	0.0501799059496627	0.109452663561967
ko.K21498	Week_and_Consortium	NS6_w5	0.150379322767325	0.0737822775945576	32	32	0.0504353952599096	0.109960495463291
ko.K06295	Week_and_Consortium	NS6_w5	0.59232850703324	0.2909714489943	32	32	0.0506964287960467	0.110479953319687
ko.K20037	Week_and_Consortium	NS6_w5	-0.523026850265205	0.257028500591627	32	32	0.0507811113416922	0.110614805172227
ko.K02420	Week_and_Consortium	NS6_w5	-0.362113172684932	0.178187381201065	32	32	0.0510691298206623	0.111042738126415
ko.K02421	Week_and_Consortium	NS6_w5	-0.362113172684932	0.178187381201065	32	32	0.0510691298206623	0.111042738126415
ko.K02419	Week_and_Consortium	NS6_w5	-0.362113172684932	0.178187381201065	32	32	0.0510691298206623	0.111042738126415
ko.K02418	Week_and_Consortium	NS6_w5	-0.362113172684932	0.178187381201065	32	32	0.0510691298206623	0.111042738126415
ko.K03073	Week_and_Consortium	NS6_w5	0.110083050701784	0.054224216592839	32	32	0.0516033133905677	0.112153975473855
ko.K03605	Week_and_Consortium	NS6_w5	0.312789255957835	0.154199417487438	32	32	0.0517839168541234	0.112395427588077
ko.K06281	Week_and_Consortium	NS6_w5	0.312789255957835	0.154199417487438	32	32	0.0517839168541234	0.112395427588077
ko.K06282	Week_and_Consortium	NS6_w5	0.312789255957835	0.154199417487438	32	32	0.0517839168541234	0.112395427588077
ko.K05306	Week_and_Consortium	NS6_w5	-0.155812915176373	0.076860430143303	32	32	0.0519195827459116	0.112639488327557
ko.K07132	Week_and_Consortium	NS6_w5	-0.204455173804735	0.100873755242868	32	32	0.0519604237890758	0.112677700402685
ko.K02794	Week_and_Consortium	NS6_w5	0.262649607438853	0.129879536676735	32	32	0.0521452960165038	0.1130280746095
ko.K11534	Week_and_Consortium	NS6_w5	0.399408893305466	0.19725693925352	32	32	0.0521805882359783	0.113054056959683
ko.K07282	Week_and_Consortium	NS6_w5	-0.0894011879201495	0.044274996757527	32	32	0.0524770207326168	0.113645548024073
ko.K02437	Week_and_Consortium	NS6_w5	-0.0297694377518364	0.0147444031267728	32	32	0.0528132611538349	0.114322681774767
ko.K03719	Week_and_Consortium	NS6_w5	0.199504599721069	0.099000424937837	32	32	0.053237547948864	0.115189716815316
ko.K04074	Week_and_Consortium	NS6_w5	0.467090429203203	0.23230970699014	32	32	0.0534272701740651	0.115548679275252
ko.K02774	Week_and_Consortium	NS6_w5	0.308423614570768	0.15353113341024	32	32	0.0536249524483172	0.115924529557392
ko.K15051	Week_and_Consortium	NS6_w5	-0.294654218446497	0.146553377033456	32	32	0.0537526286360862	0.116148775729913
ko.K01585	Week_and_Consortium	NS6_w5	-0.0496308606961122	0.0247068812034406	32	32	0.0539509139744181	0.116525326665139
ko.K01011	Week_and_Consortium	NS6_w5	0.27603299125481	0.137504270866992	32	32	0.0541009018309447	0.116758113187728
ko.K07784	Week_and_Consortium	NS6_w5	0.434473610943159	0.216436257983865	32	32	0.0541068312607738	0.116758113187728
ko.K13327	Week_and_Consortium	NS6_w5	-0.288356719753779	0.143869234338436	32	32	0.0541383315118252	0.116774142358321
ko.K14591	Week_and_Consortium	NS6_w5	0.311570662980762	0.155916195822297	32	32	0.0548162074322919	0.118026374724389
ko.K05816	Week_and_Consortium	NS6_w5	0.311570662980762	0.155916195822297	32	32	0.0548162074322919	0.118026374724389
ko.K10543	Week_and_Consortium	NS6_w5	0.311570662980762	0.155916195822297	32	32	0.0548162074322919	0.118026374724389
ko.K18471	Week_and_Consortium	NS6_w5	0.311570662980762	0.155916195822297	32	32	0.0548162074322919	0.118026374724389
ko.K01415	Week_and_Consortium	NS6_w5	-0.230161509835834	0.115405272053808	32	32	0.055267802340171	0.118945922427759
ko.K14445	Week_and_Consortium	NS6_w5	0.13741163201723	0.0689713364267765	32	32	0.0555066751796218	0.119407042703479
ko.K07407	Week_and_Consortium	NS6_w5	0.0759829777267953	0.0382008429532258	32	32	0.0558838475610698	0.120165134981715
ko.K03718	Week_and_Consortium	NS6_w5	-0.098045359064353	0.0493096290171532	32	32	0.0559625377355901	0.120174533225032
ko.K05591	Week_and_Consortium	NS6_w5	-0.111629206993022	0.0561387578759582	32	32	0.0559520452816534	0.120174533225032
ko.K02823	Week_and_Consortium	NS6_w5	-0.0730155936988259	0.0366648013526252	32	32	0.0559265897103408	0.120174533225032
ko.K01934	Week_and_Consortium	NS6_w5	0.0689212418868957	0.0346218161314731	32	32	0.0560131037905761	0.120229896676144
ko.K19115	Week_and_Consortium	NS6_w5	0.675750914119139	0.340242976690466	32	32	0.056227643333363	0.120637018049599
ko.K01761	Week_and_Consortium	NS6_w5	-0.241325641706484	0.121561300218043	32	32	0.0566498722595735	0.121489182286115
ko.K13818	Week_and_Consortium	NS6_w5	1.07701074301095	0.543353094149453	32	32	0.0566872509826251	0.121515622853166
ko.K00820	Week_and_Consortium	NS6_w5	-0.115826382115154	0.0585132232933672	32	32	0.0573232680374791	0.122824723166878
ko.K10542	Week_and_Consortium	NS6_w5	0.207335682644449	0.105071742387419	32	32	0.0580617755930422	0.123257339609473
ko.K00703	Week_and_Consortium	NS6_w5	-0.0694209727981767	0.0351413319100651	32	32	0.0577991084690137	0.123257339609473
ko.K00183	Week_and_Consortium	NS6_w5	-0.58147605126884	0.295147114889291	32	19	0.0584398847870104	0.123257339609473
ko.K14475	Week_and_Consortium	NS6_w5	-0.581476051268824	0.295147114889274	32	19	0.0584398847865305	0.123257339609473
ko.K09681	Week_and_Consortium	NS6_w5	-0.581476051268824	0.295147114889274	32	19	0.0584398847865305	0.123257339609473
ko.K18830	Week_and_Consortium	NS6_w5	-0.581476051268822	0.295147114888679	32	19	0.0584398847861598	0.123257339609473
ko.K17363	Week_and_Consortium	NS6_w5	-0.581476051268824	0.295147114889274	32	19	0.0584398847865305	0.123257339609473
ko.K18918	Week_and_Consortium	NS6_w5	-0.581476051268843	0.295147114780957	32	19	0.0584398846954308	0.123257339609473
ko.K09697	Week_and_Consortium	NS6_w5	-0.581476051268824	0.295147114889274	32	19	0.0584398847865305	0.123257339609473
ko.K19449	Week_and_Consortium	NS6_w5	-0.581476051268822	0.295147114888679	32	19	0.0584398847861598	0.123257339609473
ko.K20373	Week_and_Consortium	NS6_w5	-0.581476051268822	0.295147114888679	32	19	0.0584398847861598	0.123257339609473
ko.K09696	Week_and_Consortium	NS6_w5	-0.581476051268822	0.295147114888679	32	19	0.0584398847861598	0.123257339609473
ko.K18704	Week_and_Consortium	NS6_w5	-0.581476051268822	0.295147114888679	32	19	0.0584398847861598	0.123257339609473
ko.K05352	Week_and_Consortium	NS6_w5	-0.581476051268822	0.295147114888679	32	19	0.0584398847861598	0.123257339609473
ko.K21030	Week_and_Consortium	NS6_w5	-0.581476051268822	0.295147114888679	32	19	0.0584398847861598	0.123257339609473
ko.K00038	Week_and_Consortium	NS6_w5	-0.581476051268822	0.295147114888679	32	19	0.0584398847861598	0.123257339609473
ko.K16214	Week_and_Consortium	NS6_w5	-0.581476051268822	0.295147114888679	32	19	0.0584398847861598	0.123257339609473
ko.K18363	Week_and_Consortium	NS6_w5	-0.581476051268822	0.295147114888679	32	19	0.0584398847861598	0.123257339609473
ko.K21309	Week_and_Consortium	NS6_w5	-0.581476051268822	0.295147114888679	32	19	0.0584398847861598	0.123257339609473
ko.K09834	Week_and_Consortium	NS6_w5	-0.581476051268822	0.295147114888679	32	19	0.0584398847861598	0.123257339609473
ko.K21379	Week_and_Consortium	NS6_w5	-0.581476051268822	0.295147114888679	32	19	0.0584398847861598	0.123257339609473
ko.K15899	Week_and_Consortium	NS6_w5	-0.581476051268822	0.295147114888679	32	19	0.0584398847861598	0.123257339609473
ko.K07755	Week_and_Consortium	NS6_w5	-0.581476051268822	0.295147114888679	32	19	0.0584398847861598	0.123257339609473
ko.K17882	Week_and_Consortium	NS6_w5	-0.581476051268822	0.295147114888679	32	19	0.0584398847861598	0.123257339609473
ko.K14982	Week_and_Consortium	NS6_w5	-0.581476051268822	0.295147114888679	32	19	0.0584398847861598	0.123257339609473
ko.K15868	Week_and_Consortium	NS6_w5	-0.581476051268822	0.295147114888679	32	19	0.0584398847861598	0.123257339609473
ko.K19341	Week_and_Consortium	NS6_w5	-0.581476051268822	0.295147114888679	32	19	0.0584398847861598	0.123257339609473
ko.K10979	Week_and_Consortium	NS6_w5	-0.581476051268822	0.295147114888679	32	19	0.0584398847861598	0.123257339609473
ko.K02359	Week_and_Consortium	NS6_w5	-0.581476051268822	0.295147114888679	32	19	0.0584398847861598	0.123257339609473
ko.K19003	Week_and_Consortium	NS6_w5	-0.581476051268822	0.295147114888679	32	19	0.0584398847861598	0.123257339609473
ko.K00613	Week_and_Consortium	NS6_w5	-0.581476051268822	0.295147114888679	32	19	0.0584398847861598	0.123257339609473
ko.K19814	Week_and_Consortium	NS6_w5	0.455714186576538	0.230765937260646	32	32	0.0578812580426112	0.123257339609473
ko.K21307	Week_and_Consortium	NS6_w5	-0.581476051268822	0.295147114888679	32	19	0.0584398847861598	0.123257339609473
ko.K09803	Week_and_Consortium	NS6_w5	-0.581476051268822	0.295147114888679	32	19	0.0584398847861598	0.123257339609473
ko.K08358	Week_and_Consortium	NS6_w5	-0.581476051268822	0.295147114888679	32	19	0.0584398847861598	0.123257339609473
ko.K12241	Week_and_Consortium	NS6_w5	-0.581476051268822	0.295147114888679	32	19	0.0584398847861598	0.123257339609473
ko.K01710	Week_and_Consortium	NS6_w5	0.0294846072026795	0.0149909895038964	32	32	0.0588378323093662	0.124042731218051
ko.K11249	Week_and_Consortium	NS6_w5	0.311078599310999	0.158274880733857	32	32	0.0590060476617577	0.124343326328057
ko.K00691	Week_and_Consortium	NS6_w5	-0.128408331673794	0.0654748987771589	32	32	0.0591977203198443	0.124693070460949
ko.K03688	Week_and_Consortium	NS6_w5	0.342675421197297	0.174787308785865	32	32	0.0592777951327017	0.124807545220806
ko.K01708	Week_and_Consortium	NS6_w5	-0.11173936396389	0.057187946468908	32	32	0.060092425817282	0.126467834116978
ko.K03975	Week_and_Consortium	NS6_w5	0.145753591611689	0.0746986622167346	32	32	0.0604239587130358	0.126928520566668
ko.K03190	Week_and_Consortium	NS6_w5	-0.794085626718182	0.407043088606988	32	32	0.0604683180848423	0.126928520566668
ko.K03188	Week_and_Consortium	NS6_w5	-0.794085626718182	0.407043088606988	32	32	0.0604683180848423	0.126928520566668
ko.K01428	Week_and_Consortium	NS6_w5	-0.794085626718182	0.407043088606988	32	32	0.0604683180848423	0.126928520566668
ko.K01429	Week_and_Consortium	NS6_w5	-0.794085626718182	0.407043088606988	32	32	0.0604683180848423	0.126928520566668
ko.K01430	Week_and_Consortium	NS6_w5	-0.794085626718182	0.407043088606988	32	32	0.0604683180848423	0.126928520566668
ko.K06518	Week_and_Consortium	NS6_w5	-0.0657942048864697	0.0337159824371286	32	32	0.0607255380728317	0.127413315394164
ko.K01537	Week_and_Consortium	NS6_w5	-0.0319800743819826	0.0163921560744107	32	32	0.0607861181816963	0.127485282879122
ko.K03553	Week_and_Consortium	NS6_w5	-0.0475039663507232	0.0243662505908396	32	32	0.0609551612756808	0.127768555381089
ko.K21910	Week_and_Consortium	NS6_w5	0.49920481540222	0.256077252827104	32	32	0.0609738622360795	0.127768555381089
ko.K03187	Week_and_Consortium	NS6_w5	-0.768314180529376	0.395242076343381	32	32	0.0613380418514951	0.128476183515372
ko.K03545	Week_and_Consortium	NS6_w5	-0.0176953669482449	0.00911254827942808	32	32	0.0615951330292819	0.128958994529584
ko.K03292	Week_and_Consortium	NS6_w5	0.145162228419342	0.0747463596081952	32	32	0.0618987897591261	0.129482979353825
ko.K05350	Week_and_Consortium	NS6_w5	0.396099650457173	0.204227873125855	32	32	0.0618949786044613	0.129482979353825
ko.K00024	Week_and_Consortium	NS6_w5	-0.0765345276665083	0.0394134084118034	32	32	0.0619271475353442	0.129486462368084
ko.K03617	Week_and_Consortium	NS6_w5	-0.0660319902691261	0.0340308886785828	32	32	0.0621151924830554	0.129823696137571
ko.K03296	Week_and_Consortium	NS6_w5	-0.0725200344056134	0.0374357691866811	32	32	0.0621888617805178	0.129921691859299
ko.K04026	Week_and_Consortium	NS6_w5	0.652614520536315	0.336813144048031	32	32	0.0624632139505126	0.130270443196017
ko.K04019	Week_and_Consortium	NS6_w5	0.652614520536315	0.336813144048031	32	32	0.0624632139505126	0.130270443196017
ko.K07160	Week_and_Consortium	NS6_w5	0.299332670060797	0.154679709795351	32	32	0.0624450294948731	0.130270443196017
ko.K00344	Week_and_Consortium	NS6_w5	0.246172007622158	0.127180812955701	32	32	0.0623902123229931	0.130270443196017
ko.K06877	Week_and_Consortium	NS6_w5	0.158302784791614	0.0817937970033537	32	32	0.0627475106331604	0.130807122510297
ko.K00174	Week_and_Consortium	NS6_w5	-0.093320911001761	0.0483856017027764	32	32	0.0632785686095251	0.13185753278557
ko.K03695	Week_and_Consortium	NS6_w5	-0.0450992694696718	0.0233767681596712	32	32	0.0635388771943947	0.132343105740665
ko.K02217	Week_and_Consortium	NS6_w5	-0.0519484712884681	0.0269407272614122	32	32	0.063666221670683	0.132514119199764
ko.K00721	Week_and_Consortium	NS6_w5	-0.0934843083379064	0.0484832358301114	32	32	0.0636756157193669	0.132514119199764
ko.K03060	Week_and_Consortium	NS6_w5	0.195512542862135	0.101476765643438	32	32	0.0638708288064404	0.132863375017171
ko.K01911	Week_and_Consortium	NS6_w5	0.149781669157964	0.0778028847299278	32	32	0.0640698299314535	0.133220207885761
ko.K03775	Week_and_Consortium	NS6_w5	-0.0939947278762702	0.0489126526277607	32	32	0.0641898794876451	0.133355505522298
ko.K04773	Week_and_Consortium	NS6_w5	-0.0939947278762702	0.0489126526277607	32	32	0.0641898794876451	0.133355505522298
ko.K01274	Week_and_Consortium	NS6_w5	0.196641719935299	0.102389712169945	32	32	0.0643422586258762	0.133614852994061
ko.K11751	Week_and_Consortium	NS6_w5	-0.0838485736345243	0.0436985663036797	32	32	0.0645691762551667	0.134028700904499
ko.K00995	Week_and_Consortium	NS6_w5	-0.0686011021997937	0.0357285585929102	32	32	0.0647343013146983	0.134141860605554
ko.K03613	Week_and_Consortium	NS6_w5	-0.0665654897593261	0.0346661605359038	32	32	0.0647181597603821	0.134141860605554
ko.K03614	Week_and_Consortium	NS6_w5	-0.0665654897593261	0.0346661605359038	32	32	0.0647181597603821	0.134141860605554
ko.K03615	Week_and_Consortium	NS6_w5	-0.0665654897593261	0.0346661605359038	32	32	0.0647181597603821	0.134141860605554
ko.K03430	Week_and_Consortium	NS6_w5	-0.128205760450012	0.0668243411564434	32	32	0.0649336077851812	0.134497408781347
ko.K11904	Week_and_Consortium	NS6_w5	0.389350772475204	0.203376679402508	32	32	0.0651453111040766	0.134878320173229
ko.K18691	Week_and_Consortium	NS6_w5	-0.0940140514305199	0.0492087231703983	32	32	0.0656661941678597	0.135378966386863
ko.K13566	Week_and_Consortium	NS6_w5	-0.0940140514305199	0.0492087231703983	32	32	0.0656661941678597	0.135378966386863
ko.K01719	Week_and_Consortium	NS6_w5	-0.0940140514305199	0.0492087231703983	32	32	0.0656661941678597	0.135378966386863
ko.K09065	Week_and_Consortium	NS6_w5	-0.0940140514305199	0.0492087231703983	32	32	0.0656661941678597	0.135378966386863
ko.K01082	Week_and_Consortium	NS6_w5	-0.0940140514305199	0.0492087231703983	32	32	0.0656661941678597	0.135378966386863
ko.K03113	Week_and_Consortium	NS6_w5	-0.0940140514305199	0.0492087231703983	32	32	0.0656661941678597	0.135378966386863
ko.K14261	Week_and_Consortium	NS6_w5	-0.0940140514305199	0.0492087231703983	32	32	0.0656661941678597	0.135378966386863
ko.K03473	Week_and_Consortium	NS6_w5	-0.0940140514305199	0.0492087231703983	32	32	0.0656661941678597	0.135378966386863
ko.K13890	Week_and_Consortium	NS6_w5	0.262272218577649	0.137276857370686	32	32	0.0656636754455116	0.135378966386863
ko.K00004	Week_and_Consortium	NS6_w5	0.271708007334447	0.141911175734051	32	32	0.0654511474976455	0.135378966386863
ko.K08301	Week_and_Consortium	NS6_w5	-0.0336831642903647	0.0176143919862088	32	32	0.0657678046553507	0.135530849780419
ko.K01881	Week_and_Consortium	NS6_w5	-0.0173549499746287	0.00909284486982415	32	32	0.0659172705517369	0.135781180232049
ko.K03269	Week_and_Consortium	NS6_w5	-0.0934057871752467	0.0489820693591497	32	32	0.0661452411262125	0.135962103687821
ko.K04762	Week_and_Consortium	NS6_w5	-0.0934057871752467	0.0489820693591497	32	32	0.0661452411262125	0.135962103687821
ko.K06076	Week_and_Consortium	NS6_w5	-0.0934057871752467	0.0489820693591497	32	32	0.0661452411262125	0.135962103687821
ko.K03558	Week_and_Consortium	NS6_w5	-0.0934057871752467	0.0489820693591497	32	32	0.0661452411262125	0.135962103687821
ko.K09810	Week_and_Consortium	NS6_w5	-0.0934057871752467	0.0489820693591497	32	32	0.0661452411262125	0.135962103687821
ko.K04023	Week_and_Consortium	NS6_w5	0.299522835210795	0.157215868953202	32	32	0.0663832470946331	0.136335788169376
ko.K04565	Week_and_Consortium	NS6_w5	0.234280638710032	0.122807457898664	32	32	0.0663757972111196	0.136335788169376
ko.K16053	Week_and_Consortium	NS6_w5	-0.0991736543585186	0.0520962120924897	32	32	0.0665864068710607	0.136695158582952
ko.K06373	Week_and_Consortium	NS6_w5	-0.0724828212644809	0.038047797885659	32	32	0.0667339125435571	0.13694002104433
ko.K17722	Week_and_Consortium	NS6_w5	-0.0928131258086902	0.048809835700609	32	32	0.0668758402618001	0.137166456641384
ko.K01215	Week_and_Consortium	NS6_w5	0.186853394660975	0.0981470439867073	32	32	0.0669008114643401	0.137166456641384
ko.K06859	Week_and_Consortium	NS6_w5	0.368226115114714	0.194122854708904	32	32	0.0678447794262167	0.139043103082627
ko.K02526	Week_and_Consortium	NS6_w5	0.26729640996532	0.141134370429234	32	32	0.0682505452420907	0.139815622875584
ko.K07101	Week_and_Consortium	NS6_w5	-0.796237244393418	0.421214763881349	32	32	0.0684081624385058	0.140079356686024
ko.K02362	Week_and_Consortium	NS6_w5	-0.249783402875308	0.132221130375643	32	32	0.0685745270841792	0.140301573549284
ko.K08139	Week_and_Consortium	NS6_w5	-0.249783402875308	0.132221130375643	32	32	0.0685745270841792	0.140301573549284
ko.K03564	Week_and_Consortium	NS6_w5	-0.0617449227442156	0.0327070114089712	32	32	0.0687569112358048	0.140354640150557
ko.K01573	Week_and_Consortium	NS6_w5	-0.104575296946518	0.0553983874776365	32	32	0.0687740630051274	0.140354640150557
ko.K10764	Week_and_Consortium	NS6_w5	-0.104575296946518	0.0553983874776365	32	32	0.0687740630051274	0.140354640150557
ko.K00693	Week_and_Consortium	NS6_w5	-0.104575296946518	0.0553983874776365	32	32	0.0687740630051274	0.140354640150557
ko.K13668	Week_and_Consortium	NS6_w5	-0.104575296946518	0.0553983874776365	32	32	0.0687740630051274	0.140354640150557
ko.K21556	Week_and_Consortium	NS6_w5	-0.104575296946518	0.0553983874776365	32	32	0.0687740630051274	0.140354640150557
ko.K05916	Week_and_Consortium	NS6_w5	0.830035270581705	0.43979844047836	32	32	0.0688278910068937	0.140405424421548
ko.K01768	Week_and_Consortium	NS6_w5	-0.103825655211851	0.0551093449043216	32	32	0.0692900315999492	0.141229387937544
ko.K16849	Week_and_Consortium	NS6_w5	-0.344520904459318	0.182620470740383	32	32	0.0692715046334189	0.141229387937544
ko.K01546	Week_and_Consortium	NS6_w5	-0.069189772365893	0.0366964858722047	32	32	0.0694221404977656	0.141414428886008
ko.K01619	Week_and_Consortium	NS6_w5	-0.093625830247646	0.0496599490159883	32	32	0.0694391196879965	0.141414428886008
ko.K04751	Week_and_Consortium	NS6_w5	-0.114972458116961	0.0610781332434606	32	32	0.0695155107010957	0.141510592702902
ko.K03313	Week_and_Consortium	NS6_w5	-0.0909998886481768	0.0483659276797607	32	32	0.0696412136005062	0.141707016432909
ko.K03803	Week_and_Consortium	NS6_w5	-0.0943362126852359	0.0501771444320671	32	32	0.0698414556086491	0.141879063265776
ko.K01548	Week_and_Consortium	NS6_w5	-0.0690132501892018	0.0366612924149492	32	32	0.0698427547059728	0.141879063265776
ko.K00177	Week_and_Consortium	NS6_w5	-0.0908622446579746	0.0483258734716545	32	32	0.069822409181203	0.141879063265776
ko.K16881	Week_and_Consortium	NS6_w5	0.321019395808846	0.170475743084655	32	32	0.0697552106387349	0.141879063265776
ko.K03274	Week_and_Consortium	NS6_w5	0.223604320254826	0.118817957784871	32	32	0.0699197919741231	0.14191669910731
ko.K02417	Week_and_Consortium	NS6_w5	-0.42549449823263	0.226380145456063	32	32	0.0699127100152013	0.14191669910731
ko.K17810	Week_and_Consortium	NS6_w5	-0.781490497849681	0.415876006286425	32	32	0.0699711316363674	0.141961505465503
ko.K07302	Week_and_Consortium	NS6_w5	0.308168400882649	0.164120549845559	32	32	0.0701755164752608	0.142316651514001
ko.K00226	Week_and_Consortium	NS6_w5	-0.0929066790750312	0.0495105101700489	32	32	0.0703440854288739	0.142598896120128
ko.K03442	Week_and_Consortium	NS6_w5	-0.0946515384539566	0.0504505248153846	32	32	0.0703976818336344	0.142647934241838
ko.K07722	Week_and_Consortium	NS6_w5	0.308530275204744	0.16455063348423	32	32	0.0705593054518025	0.142915737263755
ko.K11071	Week_and_Consortium	NS6_w5	-0.0600705673587716	0.0320438111494271	32	32	0.0709472141739191	0.143636311664641
ko.K01012	Week_and_Consortium	NS6_w5	0.0771236851834829	0.0411447352642138	32	32	0.07097428139768	0.143636311664641
ko.K07301	Week_and_Consortium	NS6_w5	-0.0656017020883534	0.0350728312850526	32	32	0.0712073346329288	0.144047865014319
ko.K02470	Week_and_Consortium	NS6_w5	-0.0184155299952105	0.0098499749905145	32	32	0.0713277346277304	0.14423127998296
ko.K01815	Week_and_Consortium	NS6_w5	-0.0815404085039214	0.0436807487155902	32	32	0.0717396402723177	0.145003747900422
ko.K03118	Week_and_Consortium	NS6_w5	-0.0789910462996261	0.0423403790884398	32	32	0.0722402183083479	0.145918246301022
ko.K02224	Week_and_Consortium	NS6_w5	-0.0385894653577073	0.020685451713379	32	32	0.0722522423448889	0.145918246301022
ko.K10213	Week_and_Consortium	NS6_w5	0.376013696689726	0.202063064863545	32	32	0.0725885730037561	0.146536482580616
ko.K03737	Week_and_Consortium	NS6_w5	-0.0464231764515044	0.0249265100749706	32	32	0.072706451072307	0.146598914908069
ko.K17675	Week_and_Consortium	NS6_w5	0.385417303786206	0.207209355302133	32	32	0.0727101606408605	0.146598914908069
ko.K03480	Week_and_Consortium	NS6_w5	0.385417303786206	0.207209355302133	32	32	0.0727101606408605	0.146598914908069
ko.K07271	Week_and_Consortium	NS6_w5	-0.0737988168659617	0.0396589625113225	32	32	0.0729342733444399	0.146989680097166
ko.K00868	Week_and_Consortium	NS6_w5	0.089185541143371	0.0479363982536498	32	32	0.0729835935799527	0.147027995206126
ko.K00611	Week_and_Consortium	NS6_w5	0.14391355626672	0.077480406743125	32	32	0.0730928001701178	0.147186871575443
ko.K02241	Week_and_Consortium	NS6_w5	-0.28308373719613	0.152332167160759	32	32	0.0732998112756597	0.147542483194284
ko.K00647	Week_and_Consortium	NS6_w5	0.166776331407122	0.0900082339722188	32	32	0.0737568225175596	0.148400807147525
ko.K01079	Week_and_Consortium	NS6_w5	-0.0900783536405167	0.0486456097022594	32	32	0.0739303011705744	0.148564992120322
ko.K08289	Week_and_Consortium	NS6_w5	-0.0900783536405167	0.0486456097022594	32	32	0.0739303011705744	0.148564992120322
ko.K01089	Week_and_Consortium	NS6_w5	-0.0900783536405167	0.0486456097022594	32	32	0.0739303011705744	0.148564992120322
ko.K06177	Week_and_Consortium	NS6_w5	-0.0901063660045111	0.048705505530576	32	32	0.0741823084012918	0.1489480041617
ko.K03486	Week_and_Consortium	NS6_w5	-0.235467749782322	0.127110665137755	32	32	0.07416288453212	0.1489480041617
ko.K03797	Week_and_Consortium	NS6_w5	-0.0576572123289604	0.0311751820930476	32	32	0.0742662044726427	0.149054761231605
ko.K01139	Week_and_Consortium	NS6_w5	-0.0895026463951581	0.0484238083729598	32	32	0.0744355262114851	0.149332811270436
ko.K06001	Week_and_Consortium	NS6_w5	-0.0340889491629127	0.0184263326349626	32	32	0.0745257077585344	0.149451925728256
ko.K00970	Week_and_Consortium	NS6_w5	-0.0310505108968073	0.0167875913803519	32	32	0.0745853668394634	0.149509758073652
ko.K01895	Week_and_Consortium	NS6_w5	-0.0902476948021937	0.0488736095661256	32	32	0.0746986034355486	0.149674896846694
ko.K06608	Week_and_Consortium	NS6_w5	0.55737431628016	0.30191082700326	32	32	0.0747578775325893	0.149731818295042
ko.K02784	Week_and_Consortium	NS6_w5	0.332031858577659	0.18031688205184	32	32	0.0754736439871872	0.151103032184005
ko.K01817	Week_and_Consortium	NS6_w5	-0.0509523776904265	0.0276837372368091	32	32	0.0756036400402483	0.151300848941932
ko.K02746	Week_and_Consortium	NS6_w5	0.546409235574909	0.296637186114579	32	32	0.0757212503942159	0.151473726046326
ko.K07171	Week_and_Consortium	NS6_w5	0.0930805122260646	0.0506861861351079	32	32	0.0762250516247665	0.152391113776744
ko.K06959	Week_and_Consortium	NS6_w5	-0.0613488001477018	0.0333829820135949	32	32	0.0763683359289353	0.152391113776744
ko.K03978	Week_and_Consortium	NS6_w5	-0.0613488001477018	0.0333829820135949	32	32	0.0763683359289353	0.152391113776744
ko.K16923	Week_and_Consortium	NS6_w5	0.237565441962794	0.129231108160362	32	32	0.0762816101667289	0.152391113776744
ko.K09748	Week_and_Consortium	NS6_w5	-0.0613488001477018	0.0333829820135949	32	32	0.0763683359289353	0.152391113776744
ko.K03570	Week_and_Consortium	NS6_w5	-0.0613488001477018	0.0333829820135949	32	32	0.0763683359289353	0.152391113776744
ko.K18431	Week_and_Consortium	NS6_w5	-2.20782387046864	1.20192293628042	32	27	0.0764922422564932	0.152575603283819
ko.K01057	Week_and_Consortium	NS6_w5	-0.100406186666195	0.0547745715108628	32	32	0.0767315321404016	0.152989996881664
ko.K08679	Week_and_Consortium	NS6_w5	0.29483443321048	0.160794664659461	32	32	0.0769946861631604	0.153451611576619
ko.K15897	Week_and_Consortium	NS6_w5	0.283271348538434	0.154566731631655	32	32	0.077136485915278	0.153671085492819
ko.K02598	Week_and_Consortium	NS6_w5	0.780503973920747	0.42663485015223	32	32	0.0772884981826077	0.153910716208469
ko.K01235	Week_and_Consortium	NS6_w5	-0.241460059240838	0.132090360735659	32	32	0.0778554593103366	0.154976131766288
ko.K03394	Week_and_Consortium	NS6_w5	-0.0650703111777839	0.0356106255049227	32	32	0.0779669042723818	0.155134311987418
ko.K00847	Week_and_Consortium	NS6_w5	-0.049700175861193	0.0272141867711292	32	32	0.0781232413694399	0.155381649808591
ko.K22396	Week_and_Consortium	NS6_w5	0.441352775463599	0.241923748861492	32	32	0.0784193773240725	0.155397221976747
ko.K03980	Week_and_Consortium	NS6_w5	0.278198123635821	0.152355572596956	32	32	0.0781666002326647	0.155397221976747
ko.K19428	Week_and_Consortium	NS6_w5	0.441352775463599	0.241923748861492	32	32	0.0784193773240725	0.155397221976747
ko.K12991	Week_and_Consortium	NS6_w5	0.441352775463599	0.241923748861492	32	32	0.0784193773240725	0.155397221976747
ko.K02626	Week_and_Consortium	NS6_w5	0.441352775463599	0.241923748861492	32	32	0.0784193773240725	0.155397221976747
ko.K21303	Week_and_Consortium	NS6_w5	0.441352775463599	0.241923748861492	32	32	0.0784193773240725	0.155397221976747
ko.K12287	Week_and_Consortium	NS6_w5	0.441352775463599	0.241923748861492	32	32	0.0784193773240725	0.155397221976747
ko.K18545	Week_and_Consortium	NS6_w5	0.441352775463599	0.241923748861492	32	32	0.0784193773240725	0.155397221976747
ko.K06900	Week_and_Consortium	NS6_w5	0.441352775463599	0.241923748861492	32	32	0.0784193773240725	0.155397221976747
ko.K02837	Week_and_Consortium	NS6_w5	-0.0610546203453661	0.0335196279788424	32	32	0.0785230505520413	0.155539125450368
ko.K14170	Week_and_Consortium	NS6_w5	0.144234298517631	0.0793226233186006	32	32	0.079012237320162	0.156444229893921
ko.K07459	Week_and_Consortium	NS6_w5	0.242227054026057	0.13324288604472	32	32	0.0790731014797534	0.156500863026636
ko.K01818	Week_and_Consortium	NS6_w5	0.0868691278713773	0.0477481188347139	32	32	0.0792019483813469	0.156691946002412
ko.K07139	Week_and_Consortium	NS6_w5	-0.0606670252732234	0.0333553148023141	32	32	0.0792815808989597	0.156785547876418
ko.K01939	Week_and_Consortium	NS6_w5	-0.034389463435654	0.0189549041221354	32	32	0.0796478009902719	0.157445591933092
ko.K01679	Week_and_Consortium	NS6_w5	0.219556847095168	0.121379132621478	32	32	0.0805068153859232	0.159022869070298
ko.K09758	Week_and_Consortium	NS6_w5	-0.093220022102715	0.0515362684145057	32	32	0.0805112691067102	0.159022869070298
ko.K02481	Week_and_Consortium	NS6_w5	-0.0915461290312768	0.0506172112152789	32	32	0.0805473486689732	0.159029380705409
ko.K15460	Week_and_Consortium	NS6_w5	-0.0612609090500371	0.0338522999269313	32	32	0.0807259782206047	0.159252427957769
ko.K09888	Week_and_Consortium	NS6_w5	-0.0612609090500371	0.0338522999269313	32	32	0.0807259782206047	0.159252427957769
ko.K07444	Week_and_Consortium	NS6_w5	-0.0677373719817903	0.037456640334149	32	32	0.0809219615747874	0.159574160812721
ko.K09807	Week_and_Consortium	NS6_w5	-0.126091352869767	0.0697609796921734	32	32	0.0810724390979657	0.159805933386522
ko.K11065	Week_and_Consortium	NS6_w5	-0.0884645757292068	0.0490700017459555	32	32	0.0814703034998012	0.160459781679876
ko.K09789	Week_and_Consortium	NS6_w5	-0.103875137649932	0.0576118257447305	32	32	0.0814391968918317	0.160459781679876
ko.K11203	Week_and_Consortium	NS6_w5	0.257252332634236	0.142640011624792	32	32	0.0817077050942762	0.160862044404356
ko.K04518	Week_and_Consortium	NS6_w5	-0.0776098590800681	0.0430448555264019	32	32	0.0817892932125993	0.160957347413517
ko.K01633	Week_and_Consortium	NS6_w5	-0.0876415928170483	0.0486959512272766	32	32	0.0819619346711612	0.161231689006408
ko.K08156	Week_and_Consortium	NS6_w5	-0.090103376751938	0.0500805570693502	32	32	0.0820593307453514	0.16135784898488
ko.K02081	Week_and_Consortium	NS6_w5	-0.110865591998504	0.0616400396529819	32	32	0.0821518024674197	0.161474227621334
ko.K02099	Week_and_Consortium	NS6_w5	0.401695167602755	0.223111805058714	32	32	0.0822046264912556	0.161512613652929
ko.K01232	Week_and_Consortium	NS6_w5	0.303518246020326	0.168692407930691	32	32	0.082395321269773	0.161807051058242
ko.K00057	Week_and_Consortium	NS6_w5	-0.0354731665703966	0.0197173845351132	32	32	0.0824211962821924	0.161807051058242
ko.K01572	Week_and_Consortium	NS6_w5	-0.0547444694298387	0.0304946843874341	32	32	0.0827008102302931	0.162290303570854
ko.K15342	Week_and_Consortium	NS6_w5	0.147810293316949	0.0823767047893078	32	32	0.0828460652311686	0.162509608749049
ko.K02796	Week_and_Consortium	NS6_w5	0.228373722007738	0.12731404360374	32	32	0.0829339199272667	0.162616186567167
ko.K15726	Week_and_Consortium	NS6_w5	-0.151696219204647	0.0846182491957124	32	32	0.0831085778547813	0.162892812595371
ko.K06941	Week_and_Consortium	NS6_w5	-0.0348862023362358	0.0194777919568917	32	32	0.083376431806813	0.163285858173133
ko.K02379	Week_and_Consortium	NS6_w5	0.242099102118372	0.135159272410251	32	32	0.0833538902290848	0.163285858173133
ko.K00974	Week_and_Consortium	NS6_w5	-0.0582086091967237	0.032566635132967	32	32	0.0843344432964027	0.165095393232788
ko.K06975	Week_and_Consortium	NS6_w5	0.141699947089243	0.0793958693840142	32	32	0.0844222373463749	0.165200594339357
ko.K00600	Week_and_Consortium	NS6_w5	-0.0583676372600394	0.0326823149304986	32	32	0.0845756841080598	0.165367450063764
ko.K00075	Week_and_Consortium	NS6_w5	-0.0588402997728622	0.0329447820314704	32	32	0.0845560082011459	0.165367450063764
ko.K19955	Week_and_Consortium	NS6_w5	-0.0628184836106759	0.0352116237396319	32	32	0.0848874024904114	0.165910068284039
ko.K02601	Week_and_Consortium	NS6_w5	-0.0464933670169538	0.0261017990020422	32	32	0.0850026299718954	0.16606836810055
ko.K03704	Week_and_Consortium	NS6_w5	0.170901482188271	0.0960641750509315	32	32	0.0857190321748402	0.166621989680523
ko.K01118	Week_and_Consortium	NS6_w5	0.752545252666926	0.423463062268165	32	32	0.0856897073290873	0.166621989680523
ko.K00265	Week_and_Consortium	NS6_w5	-0.0333391501078343	0.0187597469667703	32	32	0.085682528249579	0.166621989680523
ko.K00812	Week_and_Consortium	NS6_w5	-0.0659566304221907	0.0370717850483322	32	32	0.0856980728823448	0.166621989680523
ko.K10206	Week_and_Consortium	NS6_w5	-0.0781708400028909	0.0439399807057817	32	32	0.0857186585702987	0.166621989680523
ko.K07257	Week_and_Consortium	NS6_w5	-0.831821708110128	0.46813978417957	32	32	0.0857325265393912	0.166621989680523
ko.K21750	Week_and_Consortium	NS6_w5	-0.831821708110128	0.46813978417957	32	32	0.0857325265393912	0.166621989680523
ko.K06985	Week_and_Consortium	NS6_w5	-0.831821708110128	0.46813978417957	32	32	0.0857325265393912	0.166621989680523
ko.K18221	Week_and_Consortium	NS6_w5	-0.831821708110128	0.46813978417957	32	32	0.0857325265393912	0.166621989680523
ko.K19051	Week_and_Consortium	NS6_w5	-0.831821708110124	0.46813978417957	32	32	0.0857325265393718	0.166621989680523
ko.K09726	Week_and_Consortium	NS6_w5	-0.831821708110128	0.46813978417957	32	32	0.0857325265393912	0.166621989680523
ko.K06883	Week_and_Consortium	NS6_w5	-0.831821708110128	0.46813978417957	32	32	0.0857325265393912	0.166621989680523
ko.K19872	Week_and_Consortium	NS6_w5	-0.831821708110128	0.46813978417957	32	32	0.0857325265393912	0.166621989680523
ko.K10797	Week_and_Consortium	NS6_w5	-0.220103319401208	0.123831383441591	32	32	0.0859854697974593	0.167046661588897
ko.K06131	Week_and_Consortium	NS6_w5	-0.0381503605118098	0.0214696727876431	32	32	0.0860696815784365	0.167143324794634
ko.K13891	Week_and_Consortium	NS6_w5	0.22514724655313	0.12694431395543	32	32	0.0862835710567698	0.16749163793373
ko.K01560	Week_and_Consortium	NS6_w5	0.195407470657563	0.110084699727845	32	32	0.0863852469600778	0.167621933201335
ko.K03501	Week_and_Consortium	NS6_w5	-0.0585444745934505	0.0330909386969243	32	32	0.0873776088727596	0.168989542648167
ko.K08316	Week_and_Consortium	NS6_w5	-0.0585444745934505	0.0330909386969243	32	32	0.0873776088727596	0.168989542648167
ko.K00761	Week_and_Consortium	NS6_w5	-0.0585444745934505	0.0330909386969243	32	32	0.0873776088727596	0.168989542648167
ko.K00639	Week_and_Consortium	NS6_w5	-0.0557430380234772	0.0315469333611066	32	32	0.0874035791598128	0.168989542648167
ko.K02860	Week_and_Consortium	NS6_w5	-0.0585444745934505	0.0330909386969243	32	32	0.0873776088727596	0.168989542648167
ko.K02907	Week_and_Consortium	NS6_w5	-0.0585444745934505	0.0330909386969243	32	32	0.0873776088727596	0.168989542648167
ko.K07082	Week_and_Consortium	NS6_w5	-0.0585444745934505	0.0330909386969243	32	32	0.0873776088727596	0.168989542648167
ko.K03723	Week_and_Consortium	NS6_w5	-0.0585444745934505	0.0330909386969243	32	32	0.0873776088727596	0.168989542648167
ko.K00949	Week_and_Consortium	NS6_w5	-0.065850398933793	0.0372061378168595	32	32	0.0872619904239641	0.168989542648167
ko.K00074	Week_and_Consortium	NS6_w5	0.268882449108899	0.152075674417448	32	32	0.0875675813317648	0.169104433535187
ko.K00677	Week_and_Consortium	NS6_w5	-0.0714546491595579	0.0404132870485222	32	32	0.0875650769804029	0.169104433535187
ko.K01207	Week_and_Consortium	NS6_w5	0.139483029203302	0.0789705376611597	32	32	0.0875265926980362	0.169104433535187
ko.K01178	Week_and_Consortium	NS6_w5	0.144615842406248	0.0819746133601203	32	32	0.0878879635959362	0.169655595465136
ko.K14742	Week_and_Consortium	NS6_w5	-0.0580628492971831	0.032918878251994	32	32	0.0879458693037989	0.169699845661388
ko.K03773	Week_and_Consortium	NS6_w5	-0.0740751656671705	0.0419801697524947	32	32	0.0881750043432262	0.170074332432998
ko.K16139	Week_and_Consortium	NS6_w5	0.344794701334536	0.195524429662388	32	32	0.0883622917894139	0.170232516866738
ko.K19234	Week_and_Consortium	NS6_w5	0.344794701334536	0.195524429662388	32	32	0.0883622917894139	0.170232516866738
ko.K19236	Week_and_Consortium	NS6_w5	0.344794701334536	0.195524429662388	32	32	0.0883622917894139	0.170232516866738
ko.K02473	Week_and_Consortium	NS6_w5	0.144030490043341	0.0818053741455565	32	32	0.0884904057687639	0.170411654777401
ko.K00917	Week_and_Consortium	NS6_w5	1.12440511658499	0.638895134369251	32	32	0.0886157779390913	0.170585372532751
ko.K16786	Week_and_Consortium	NS6_w5	0.126741041184966	0.0719702770705086	32	32	0.0887778352451289	0.170829543345546
ko.K03168	Week_and_Consortium	NS6_w5	-0.0587367987405609	0.033401193301831	32	32	0.0892087164232096	0.17152258556044
ko.K12410	Week_and_Consortium	NS6_w5	-0.0587367987405609	0.033401193301831	32	32	0.0892087164232096	0.17152258556044
ko.K03182	Week_and_Consortium	NS6_w5	-0.193111056508324	0.109853920923278	32	32	0.0893185534667242	0.171597743709734
ko.K03186	Week_and_Consortium	NS6_w5	-0.193111056508324	0.109853920923278	32	32	0.0893185534667242	0.171597743709734
ko.K00086	Week_and_Consortium	NS6_w5	-0.799670540809071	0.456388404400287	32	32	0.089961634658739	0.172423504436801
ko.K00372	Week_and_Consortium	NS6_w5	-0.799670540809075	0.456388404400287	32	32	0.0899616346587375	0.172423504436801
ko.K15635	Week_and_Consortium	NS6_w5	-0.0822301403500129	0.0469215206988125	32	32	0.089903505750403	0.172423504436801
ko.K00198	Week_and_Consortium	NS6_w5	-0.338720144776592	0.193289894174122	32	32	0.0899225899869381	0.172423504436801
ko.K03481	Week_and_Consortium	NS6_w5	-0.799670540809071	0.456388404400287	32	32	0.089961634658739	0.172423504436801
ko.K22233	Week_and_Consortium	NS6_w5	-0.338720144776592	0.193289894174122	32	32	0.0899225899869381	0.172423504436801
ko.K03565	Week_and_Consortium	NS6_w5	-0.0580824373916888	0.0331306329871916	32	32	0.0901455160991133	0.172707700867614
ko.K15856	Week_and_Consortium	NS6_w5	0.576498023570233	0.32891716504885	32	32	0.0902186903900975	0.172779655381904
ko.K04485	Week_and_Consortium	NS6_w5	-0.0582472257119965	0.0332437352517559	32	32	0.0903215540357142	0.172908389355663
ko.K09951	Week_and_Consortium	NS6_w5	0.143254771154295	0.0819767541967392	32	32	0.0907802514429538	0.173717948619238
ko.K03585	Week_and_Consortium	NS6_w5	-0.0687467991769068	0.0393124275921856	32	32	0.0909172038734683	0.173911417977206
ko.K03271	Week_and_Consortium	NS6_w5	0.0775533835750461	0.0443666644786234	32	32	0.0910437395485828	0.174016225591086
ko.K03436	Week_and_Consortium	NS6_w5	0.153232188649387	0.0877566889188656	32	32	0.0910274589971673	0.174016225591086
ko.K02232	Week_and_Consortium	NS6_w5	-0.0373061233003511	0.0213717533830074	32	32	0.0914722692548813	0.174560180234236
ko.K05936	Week_and_Consortium	NS6_w5	-0.0373061233003511	0.0213717533830074	32	32	0.0914722692548813	0.174560180234236
ko.K06042	Week_and_Consortium	NS6_w5	-0.0373061233003511	0.0213717533830074	32	32	0.0914722692548813	0.174560180234236
ko.K02188	Week_and_Consortium	NS6_w5	-0.0373061233003511	0.0213717533830074	32	32	0.0914722692548813	0.174560180234236
ko.K09808	Week_and_Consortium	NS6_w5	-0.0673101681029351	0.0385820406902494	32	32	0.0916460424833007	0.174754305065445
ko.K01924	Week_and_Consortium	NS6_w5	-0.0623316627465461	0.0357265592079419	32	32	0.0916303697422524	0.174754305065445
ko.K00012	Week_and_Consortium	NS6_w5	0.0723851613479269	0.0416389783628002	32	32	0.0923958351717209	0.17611481195207
ko.K09013	Week_and_Consortium	NS6_w5	-0.0180983739262312	0.0104157703628862	32	32	0.092539941036986	0.176320209729151
ko.K00259	Week_and_Consortium	NS6_w5	-0.0892750182856882	0.0514269302118527	32	32	0.0928329475617297	0.17680904146916
ko.K08314	Week_and_Consortium	NS6_w5	-0.0774871117720219	0.044659282575723	32	32	0.0929919957588415	0.176914088976615
ko.K00684	Week_and_Consortium	NS6_w5	0.157170303902635	0.0904831739334286	32	32	0.092997511212197	0.176914088976615
ko.K02525	Week_and_Consortium	NS6_w5	-0.32976924160735	0.190034935124388	32	32	0.0929496618843807	0.176914088976615
ko.K00997	Week_and_Consortium	NS6_w5	0.204722789446112	0.118036666037077	32	32	0.0934665575130491	0.177736679927793
ko.K03744	Week_and_Consortium	NS6_w5	-0.0865778327477528	0.0500188413719826	32	32	0.0937437124756382	0.17819386724895
ko.K01255	Week_and_Consortium	NS6_w5	0.285098088873163	0.164612866393277	32	32	0.0939118917942142	0.178443629883953
ko.K13280	Week_and_Consortium	NS6_w5	0.598575366059011	0.346096519397607	32	32	0.0939973690954079	0.178536114910659
ko.K01662	Week_and_Consortium	NS6_w5	-0.0452633935160767	0.0261678782720105	32	32	0.0943101186145107	0.179060033424263
ko.K18013	Week_and_Consortium	NS6_w5	-0.303057691487265	0.175583398880079	32	32	0.0946339076848415	0.179334614696762
ko.K07586	Week_and_Consortium	NS6_w5	0.278119703602596	0.160956614003259	32	32	0.0946395822765845	0.179334614696762
ko.K13677	Week_and_Consortium	NS6_w5	0.278119703602596	0.160956614003259	32	32	0.0946395822765845	0.179334614696762
ko.K07069	Week_and_Consortium	NS6_w5	0.278119703602596	0.160956614003259	32	32	0.0946395822765845	0.179334614696762
ko.K00984	Week_and_Consortium	NS6_w5	0.278119703602596	0.160956614003259	32	32	0.0946395822765845	0.179334614696762
ko.K14153	Week_and_Consortium	NS6_w5	0.231130777098736	0.133856589546984	32	32	0.0948603875052906	0.179682834747429
ko.K07009	Week_and_Consortium	NS6_w5	1.06703767935965	0.61915096944474	32	32	0.095112001451796	0.180089117502991
ko.K19265	Week_and_Consortium	NS6_w5	-0.0407482631155138	0.0236492474233411	32	32	0.0951784633337741	0.180094778789234
ko.K03620	Week_and_Consortium	NS6_w5	0.262493461342278	0.152178698231806	32	32	0.0951892419739426	0.180094778789234
ko.K01179	Week_and_Consortium	NS6_w5	-0.130240578152416	0.0756102548917589	32	32	0.0952702232230107	0.180177720411238
ko.K11068	Week_and_Consortium	NS6_w5	-0.0549357626288346	0.0319116251251319	32	32	0.0954590204653809	0.180394120871664
ko.K02500	Week_and_Consortium	NS6_w5	-0.0318477047213131	0.0184784356658562	32	32	0.0954447495849661	0.180394120871664
ko.K01081	Week_and_Consortium	NS6_w5	-0.0856298942333306	0.0496957771069549	32	32	0.095522570518713	0.180443921178457
ko.K04720	Week_and_Consortium	NS6_w5	-0.0256786059657012	0.0149247520456581	32	32	0.09563529108242	0.180586530572526
ko.K15587	Week_and_Consortium	NS6_w5	0.21620829503831	0.125684058027461	32	32	0.0960424965778764	0.181284883618396
ko.K07714	Week_and_Consortium	NS6_w5	0.201797874480731	0.117889910335801	32	32	0.0972642531207658	0.183519600112343
ko.K01138	Week_and_Consortium	NS6_w5	0.142898565040399	0.083412401778196	32	32	0.0973566825356483	0.183622576586481
ko.K00525	Week_and_Consortium	NS6_w5	0.0282147220653461	0.0164803995727016	32	32	0.0975693247857084	0.183952116026223
ko.K01698	Week_and_Consortium	NS6_w5	0.217355708319516	0.127171475751184	32	32	0.0981047441679884	0.18474616225113
ko.K02492	Week_and_Consortium	NS6_w5	0.217355708319516	0.127171475751184	32	32	0.0981047441679884	0.18474616225113
ko.K01845	Week_and_Consortium	NS6_w5	0.217355708319516	0.127171475751184	32	32	0.0981047441679884	0.18474616225113
ko.K01972	Week_and_Consortium	NS6_w5	-0.0317177726128117	0.0185738907885736	32	32	0.0983864871145609	0.185183190786341
ko.K02457	Week_and_Consortium	NS6_w5	0.351067525153095	0.205601824035822	32	32	0.0984131655013785	0.185183190786341
ko.K00765	Week_and_Consortium	NS6_w5	-0.031503176174373	0.0184582395077725	32	32	0.09856077073679	0.185389026306386
ko.K03098	Week_and_Consortium	NS6_w5	0.264396874209463	0.154987907366341	32	32	0.0987128851709687	0.185603180606345
ko.K01667	Week_and_Consortium	NS6_w5	-0.114948586891862	0.0674169079815741	32	32	0.0988785610178192	0.185842657689826
ko.K04047	Week_and_Consortium	NS6_w5	-0.0943694944459404	0.0554304611971272	32	32	0.0990062853227389	0.186010646824402
ko.K00930	Week_and_Consortium	NS6_w5	-0.0314595362137652	0.0184736702447368	32	32	0.0992759005213462	0.18608477334971
ko.K00145	Week_and_Consortium	NS6_w5	-0.0314595362137652	0.0184736702447368	32	32	0.0992759005213462	0.18608477334971
ko.K01693	Week_and_Consortium	NS6_w5	-0.0314595362137652	0.0184736702447368	32	32	0.0992759005213462	0.18608477334971
ko.K02501	Week_and_Consortium	NS6_w5	-0.0314595362137652	0.0184736702447368	32	32	0.0992759005213462	0.18608477334971
ko.K01814	Week_and_Consortium	NS6_w5	-0.0314595362137652	0.0184736702447368	32	32	0.0992759005213462	0.18608477334971
ko.K00013	Week_and_Consortium	NS6_w5	-0.0314595362137652	0.0184736702447368	32	32	0.0992759005213462	0.18608477334971
ko.K16209	Week_and_Consortium	NS6_w5	0.288153445737875	0.169422464099635	32	32	0.0996819956477783	0.186773797175501
ko.K03079	Week_and_Consortium	NS6_w5	0.224552618878511	0.132496686217332	32	32	0.100475047382508	0.188187048205617
ko.K10708	Week_and_Consortium	NS6_w5	0.290114065324298	0.171245467518658	32	32	0.100953653123607	0.189010486801474
ko.K02227	Week_and_Consortium	NS6_w5	-0.0378976296145159	0.0223747023408441	32	32	0.101024776204393	0.189070674910304
ko.K00568	Week_and_Consortium	NS6_w5	-0.145033120832496	0.0857371904095986	32	32	0.101086141713563	0.189112562071922
ko.K15896	Week_and_Consortium	NS6_w5	0.400931487017128	0.237219836382424	32	32	0.101727252668061	0.190165280421104
ko.K10742	Week_and_Consortium	NS6_w5	-0.103376659141437	0.0612274864575828	32	32	0.101704249856676	0.190165280421104
ko.K07240	Week_and_Consortium	NS6_w5	-0.0421817346524383	0.0249842855475014	32	32	0.102074820341199	0.190741507501986
ko.K00382	Week_and_Consortium	NS6_w5	-0.0366271077992053	0.0217932445643835	32	32	0.103213093528182	0.192794269043207
ko.K11537	Week_and_Consortium	NS6_w5	-0.0911383771962126	0.0543640808602681	32	32	0.104043382120227	0.193598132981969
ko.K03289	Week_and_Consortium	NS6_w5	-0.0911383771962126	0.0543640808602681	32	32	0.104043382120227	0.193598132981969
ko.K02115	Week_and_Consortium	NS6_w5	-0.0292375119067174	0.017442246000801	32	32	0.104082442963714	0.193598132981969
ko.K02114	Week_and_Consortium	NS6_w5	-0.0292375119067174	0.017442246000801	32	32	0.104082442963714	0.193598132981969
ko.K02112	Week_and_Consortium	NS6_w5	-0.0292375119067174	0.017442246000801	32	32	0.104082442963714	0.193598132981969
ko.K02111	Week_and_Consortium	NS6_w5	-0.0292375119067174	0.017442246000801	32	32	0.104082442963714	0.193598132981969
ko.K02113	Week_and_Consortium	NS6_w5	-0.0292375119067174	0.017442246000801	32	32	0.104082442963714	0.193598132981969
ko.K02110	Week_and_Consortium	NS6_w5	-0.0292375119067174	0.017442246000801	32	32	0.104082442963714	0.193598132981969
ko.K02108	Week_and_Consortium	NS6_w5	-0.0292375119067174	0.017442246000801	32	32	0.104082442963714	0.193598132981969
ko.K10804	Week_and_Consortium	NS6_w5	0.268821926356362	0.16008807856221	32	32	0.103855057096592	0.193598132981969
ko.K13378	Week_and_Consortium	NS6_w5	-0.0911383771962126	0.0543640808602681	32	32	0.104043382120227	0.193598132981969
ko.K02456	Week_and_Consortium	NS6_w5	0.223077001407989	0.133161585622563	32	32	0.104639686941729	0.194550329674949
ko.K11624	Week_and_Consortium	NS6_w5	0.453639343784086	0.270819898546384	32	32	0.104674574407672	0.194550329674949
ko.K04032	Week_and_Consortium	NS6_w5	0.574053307223536	0.342929125997707	32	32	0.104890222621858	0.194876472592352
ko.K01750	Week_and_Consortium	NS6_w5	-0.186464179013641	0.11169446009379	32	32	0.105439724273117	0.195822397568488
ko.K07696	Week_and_Consortium	NS6_w5	0.449155212157645	0.269206373685065	32	32	0.10599134088306	0.196771524922972
ko.K06183	Week_and_Consortium	NS6_w5	0.164171675464562	0.0985024660420619	32	32	0.10634512544257	0.197352794002259
ko.K06412	Week_and_Consortium	NS6_w5	-0.154035457767838	0.0924712002406249	32	32	0.106527584326772	0.197507569181075
ko.K10774	Week_and_Consortium	NS6_w5	0.153114228420145	0.0920227513561468	32	32	0.106550671726835	0.197507569181075
ko.K00023	Week_and_Consortium	NS6_w5	0.153114228420145	0.0920227513561468	32	32	0.106550671726835	0.197507569181075
ko.K07792	Week_and_Consortium	NS6_w5	-0.0774565385581999	0.0465763999029633	32	32	0.106726830871976	0.197758539556897
ko.K02190	Week_and_Consortium	NS6_w5	-0.0664759453166634	0.0400208642321838	32	32	0.107124301292399	0.198419238476299
ko.K07791	Week_and_Consortium	NS6_w5	-0.0770325354471045	0.0463966806930434	32	32	0.107271989638975	0.198616954862088
ko.K01870	Week_and_Consortium	NS6_w5	-0.0280127865543037	0.0168689283181138	32	32	0.107566770716811	0.199086762589566
ko.K07220	Week_and_Consortium	NS6_w5	0.102909332410131	0.0620515349903224	32	32	0.107647954364181	0.199161032273318
ko.K00266	Week_and_Consortium	NS6_w5	-0.0525981865741793	0.03174819005284	32	32	0.108355761265839	0.200394128059697
ko.K01610	Week_and_Consortium	NS6_w5	-0.0651754896188455	0.0393477414389234	32	32	0.108423630013205	0.2004432275892
ko.K07223	Week_and_Consortium	NS6_w5	0.161313393563717	0.0976137156107091	32	32	0.108848145112785	0.201151372168426
ko.K03595	Week_and_Consortium	NS6_w5	-0.0543055785888858	0.0328850630123249	32	32	0.109451405157119	0.202155583622237
ko.K00784	Week_and_Consortium	NS6_w5	-0.0626598572663122	0.0379466731727991	32	32	0.109474895521669	0.202155583622237
ko.K04656	Week_and_Consortium	NS6_w5	0.139945209852917	0.0847827277068264	32	32	0.109603885601072	0.202316761434856
ko.K03735	Week_and_Consortium	NS6_w5	0.545835438113882	0.331734840676741	32	32	0.110685469322164	0.204157875164189
ko.K03736	Week_and_Consortium	NS6_w5	0.545835438113882	0.331734840676741	32	32	0.110685469322164	0.204157875164189
ko.K16248	Week_and_Consortium	NS6_w5	0.282312186200187	0.171750308746343	32	32	0.111030304890911	0.20471608096762
ko.K03386	Week_and_Consortium	NS6_w5	-0.0376817258435021	0.0229684140136774	32	32	0.111686268065276	0.205847297258606
ko.K00626	Week_and_Consortium	NS6_w5	0.194865338282852	0.118923702472106	32	32	0.111749138042944	0.205884948213567
ko.K02549	Week_and_Consortium	NS6_w5	0.277268863115322	0.169214057653178	32	32	0.112109029304725	0.206469590416561
ko.K01990	Week_and_Consortium	NS6_w5	0.107242670385631	0.0654891168306692	32	32	0.112319617848683	0.206778924547994
ko.K08224	Week_and_Consortium	NS6_w5	-0.0893261572681581	0.0546200280314623	32	32	0.112413852127171	0.206873898584563
ko.K01495	Week_and_Consortium	NS6_w5	-0.0527170480602251	0.0322127168826005	32	32	0.112537204495846	0.207022365949697
ko.K00789	Week_and_Consortium	NS6_w5	-0.0289859926320806	0.0177186180190831	32	32	0.112668287182104	0.20718493598195
ko.K03424	Week_and_Consortium	NS6_w5	-0.0426817202945434	0.0260984716256674	32	32	0.1127725538663	0.207298089733013
ko.K02230	Week_and_Consortium	NS6_w5	-0.17140929368109	0.10493442331436	32	32	0.112818939675796	0.207304801654276
ko.K12132	Week_and_Consortium	NS6_w5	-0.0797046270382793	0.0488082297862116	32	32	0.112918991191687	0.207410081889767
ko.K04652	Week_and_Consortium	NS6_w5	0.135506108100225	0.0829536257517298	32	32	0.113172127623866	0.207796363021717
ko.K05825	Week_and_Consortium	NS6_w5	0.235212349879368	0.14405282018612	32	32	0.113319280456256	0.207987828033787
ko.K21147	Week_and_Consortium	NS6_w5	-0.0984739767868405	0.0603817641020604	32	32	0.113376312409211	0.20801380162522
ko.K01483	Week_and_Consortium	NS6_w5	-0.543322930236252	0.333422847902034	32	32	0.11365762641507	0.208451094797544
ko.K18369	Week_and_Consortium	NS6_w5	-0.0726245564141986	0.0445387000404739	32	32	0.113790765875696	0.208616404105442
ko.K19285	Week_and_Consortium	NS6_w5	-0.0667196340392687	0.040988931906869	32	32	0.114396197627024	0.209647130596409
ko.K02804	Week_and_Consortium	NS6_w5	0.193734996119864	0.119068462871224	32	32	0.114536617356226	0.20974599124011
ko.K02803	Week_and_Consortium	NS6_w5	0.193734996119864	0.119068462871224	32	32	0.114536617356226	0.20974599124011
ko.K11927	Week_and_Consortium	NS6_w5	-0.0615364379777067	0.0378796843037182	32	32	0.115085060125361	0.210670802516273
ko.K06950	Week_and_Consortium	NS6_w5	-0.0619019804874426	0.0381137688403234	32	32	0.115167884470601	0.210742892330021
ko.K03750	Week_and_Consortium	NS6_w5	0.25433008004297	0.156800165326659	32	32	0.115267228253627	0.210765670659006
ko.K03816	Week_and_Consortium	NS6_w5	-0.0965208925358562	0.0595042257048008	32	32	0.115249314481839	0.210765670659006
ko.K06871	Week_and_Consortium	NS6_w5	0.0682800535722019	0.0420952188267504	32	32	0.115618420078046	0.211328090477266
ko.K01206	Week_and_Consortium	NS6_w5	0.0482136631257788	0.0297278319503085	32	32	0.115661941912418	0.211328090477266
ko.K15633	Week_and_Consortium	NS6_w5	-0.0324673505991901	0.0200300754812353	32	32	0.115856903627445	0.211445387320067
ko.K22132	Week_and_Consortium	NS6_w5	-0.0324673505991901	0.0200300754812353	32	32	0.115856903627445	0.211445387320067
ko.K14441	Week_and_Consortium	NS6_w5	-0.0324673505991901	0.0200300754812353	32	32	0.115856903627445	0.211445387320067
ko.K00831	Week_and_Consortium	NS6_w5	-0.0636660747249664	0.0393142166303851	32	32	0.116183359109296	0.211961442286271
ko.K19340	Week_and_Consortium	NS6_w5	0.157649378175171	0.0973866147757253	32	32	0.116316588921105	0.2121247266377
ko.K01507	Week_and_Consortium	NS6_w5	0.157605235586308	0.0974093466901604	32	32	0.116496260112549	0.212292771527413
ko.K11755	Week_and_Consortium	NS6_w5	-0.0633184345434472	0.0391319287637398	32	32	0.116472961946789	0.212292771527413
ko.K16850	Week_and_Consortium	NS6_w5	-0.464870323437951	0.287761692069224	32	32	0.116678641859101	0.212545284137627
ko.K04655	Week_and_Consortium	NS6_w5	0.0981785429365573	0.0607990341017115	32	32	0.116823243833084	0.21272881225011
ko.K01886	Week_and_Consortium	NS6_w5	-0.0322114906756473	0.0199723433267475	32	32	0.117617905137725	0.214095481359514
ko.K03779	Week_and_Consortium	NS6_w5	0.260937086674918	0.162257538407589	32	32	0.118633109539553	0.215862420996388
ko.K02428	Week_and_Consortium	NS6_w5	-0.0458369859549104	0.0285063441075089	32	32	0.118678981767852	0.215864919593495
ko.K01246	Week_and_Consortium	NS6_w5	-0.0912233773308723	0.0569275494522356	32	32	0.119535334217335	0.217341044335942
ko.K02484	Week_and_Consortium	NS6_w5	-0.0626302027982774	0.0390916805471503	32	32	0.119963596309896	0.218037993892583
ko.K02016	Week_and_Consortium	NS6_w5	-0.0586360162109069	0.0367473320043433	32	32	0.121048196124054	0.219710874338983
ko.K19118	Week_and_Consortium	NS6_w5	0.126270329576937	0.0791376800859535	32	32	0.121065175656175	0.219710874338983
ko.K19117	Week_and_Consortium	NS6_w5	0.126270329576937	0.0791376800859535	32	32	0.121065175656175	0.219710874338983
ko.K19119	Week_and_Consortium	NS6_w5	0.126270329576937	0.0791376800859535	32	32	0.121065175656175	0.219710874338983
ko.K08218	Week_and_Consortium	NS6_w5	-0.0826354304316794	0.0518297122347187	32	32	0.121337169938685	0.220039854718714
ko.K00053	Week_and_Consortium	NS6_w5	-0.0293411674531446	0.0183843972499304	32	32	0.121334212255519	0.220039854718714
ko.K01903	Week_and_Consortium	NS6_w5	0.165475971569506	0.103769596133364	32	32	0.121633017437226	0.220411568019419
ko.K01902	Week_and_Consortium	NS6_w5	0.165475971569506	0.103769596133364	32	32	0.121633017437226	0.220411568019419
ko.K06907	Week_and_Consortium	NS6_w5	-0.199765723101677	0.125302332283885	32	32	0.121717821514845	0.22048287982394
ko.K19310	Week_and_Consortium	NS6_w5	0.246803175524977	0.155329280450185	32	32	0.122926648848089	0.222589463815633
ko.K07319	Week_and_Consortium	NS6_w5	0.132522673604539	0.0835416760484471	32	32	0.123155595236652	0.222920818094403
ko.K01259	Week_and_Consortium	NS6_w5	0.189537135156758	0.11964964927673	32	32	0.124016641255644	0.224395645927315
ko.K01270	Week_and_Consortium	NS6_w5	-0.0664539377567356	0.0420257244476879	32	32	0.124303840689644	0.224831443395028
ko.K07173	Week_and_Consortium	NS6_w5	-0.114882345933567	0.0726747341372876	32	32	0.124416876690003	0.224952019688112
ko.K03800	Week_and_Consortium	NS6_w5	0.0864892346314718	0.0548902595921218	32	32	0.125588752813131	0.226986229469635
ko.K19222	Week_and_Consortium	NS6_w5	-0.0802140281099582	0.050922868873297	32	32	0.125697013890849	0.227097286549166
ko.K00284	Week_and_Consortium	NS6_w5	-0.0693467460208524	0.0439977637516083	32	32	0.125840571974776	0.227272008432479
ko.K00441	Week_and_Consortium	NS6_w5	0.349313044529921	0.221725590274273	32	32	0.126005039098488	0.227484348592022
ko.K16785	Week_and_Consortium	NS6_w5	0.16098084184576	0.10227765259323	32	32	0.126344792242217	0.228012867249625
ko.K08138	Week_and_Consortium	NS6_w5	-0.0807428665413037	0.0513764786889057	32	32	0.12653376024563	0.22826897395
ko.K01227	Week_and_Consortium	NS6_w5	-0.201399422019201	0.128058566217298	32	32	0.126633206388044	0.228363451371154
ko.K00950	Week_and_Consortium	NS6_w5	-0.0463838123902984	0.0295054439447081	32	32	0.126788754771311	0.228558992714838
ko.K08998	Week_and_Consortium	NS6_w5	-0.06623155567558	0.0421393644196141	32	32	0.126862081038882	0.228606224041463
ko.K03655	Week_and_Consortium	NS6_w5	-0.0780334072400403	0.0497328346886892	32	32	0.127124515012001	0.228994066959976
ko.K05341	Week_and_Consortium	NS6_w5	-0.308786141493746	0.196646816833405	32	32	0.127203387032335	0.229051087785396
ko.K14260	Week_and_Consortium	NS6_w5	-0.0729139641016407	0.0465214522189693	32	32	0.127528845234533	0.22955192142216
ko.K07003	Week_and_Consortium	NS6_w5	0.149531101502674	0.0954272038215995	32	32	0.127971073188041	0.230262491110974
ko.K02346	Week_and_Consortium	NS6_w5	-0.0192915454017812	0.0123302885083741	32	32	0.128532956919585	0.231187754548352
ko.K01664	Week_and_Consortium	NS6_w5	-0.073296963672874	0.0469283078187687	32	32	0.128801875463747	0.231585581124772
ko.K09125	Week_and_Consortium	NS6_w5	-0.0793373684573642	0.0508306663372237	32	32	0.129055350207235	0.231612099095559
ko.K05776	Week_and_Consortium	NS6_w5	-0.0795972925495372	0.0509907601507251	32	32	0.129008874532966	0.231612099095559
ko.K01659	Week_and_Consortium	NS6_w5	-0.0795972925495372	0.0509907601507251	32	32	0.129008874532966	0.231612099095559
ko.K01241	Week_and_Consortium	NS6_w5	-0.0795972925495372	0.0509907601507251	32	32	0.129008874532966	0.231612099095559
ko.K00860	Week_and_Consortium	NS6_w5	-0.0795972925495372	0.0509907601507251	32	32	0.129008874532966	0.231612099095559
ko.K14058	Week_and_Consortium	NS6_w5	-0.0790830269641939	0.0507161301153852	32	32	0.129407267826351	0.232157787065691
ko.K07043	Week_and_Consortium	NS6_w5	-0.0514995220996279	0.0330515361132753	32	32	0.130043237772687	0.233212475576823
ko.K01222	Week_and_Consortium	NS6_w5	0.254904728239181	0.163746741121033	32	32	0.130388709755823	0.23365926524769
ko.K02109	Week_and_Consortium	NS6_w5	-0.0270817823573187	0.0174119804855205	32	32	0.130349542302128	0.23365926524769
ko.K03789	Week_and_Consortium	NS6_w5	0.141909118320446	0.0913158809605754	32	32	0.131020031053603	0.23468333617495
ko.K00590	Week_and_Consortium	NS6_w5	0.26124353333367	0.168122109532914	32	32	0.131056927993803	0.23468333617495
ko.K09955	Week_and_Consortium	NS6_w5	0.0888582259731152	0.0572103129774239	32	32	0.131225319102795	0.2348981634567
ko.K09963	Week_and_Consortium	NS6_w5	0.306595724928873	0.197505549563821	32	32	0.131427211402668	0.23517277850031
ko.K02687	Week_and_Consortium	NS6_w5	-0.0344422983681738	0.0222234784044359	32	32	0.132031293809589	0.236166595232417
ko.K01914	Week_and_Consortium	NS6_w5	-0.0534581218910243	0.0345024062707804	32	32	0.132130380473314	0.236256717904919
ko.K01686	Week_and_Consortium	NS6_w5	-0.0262846536361678	0.0169918001929414	32	32	0.132372207362063	0.236601907853119
ko.K09768	Week_and_Consortium	NS6_w5	0.16740939262379	0.10820250410037	32	32	0.132663128678683	0.237034562512078
ko.K00283	Week_and_Consortium	NS6_w5	-0.0635603507068026	0.0411278988455384	32	32	0.133086002424744	0.23770257649574
ko.K02760	Week_and_Consortium	NS6_w5	0.23645305244518	0.153175618353827	32	32	0.133151815911295	0.237732594400328
ko.K01185	Week_and_Consortium	NS6_w5	-0.121203540537975	0.0785824537371715	32	32	0.133466422184146	0.238206627673029
ko.K18785	Week_and_Consortium	NS6_w5	-0.0746053172673176	0.0485245158639147	32	32	0.134658105361413	0.240245115523433
ko.K07017	Week_and_Consortium	NS6_w5	0.201230859056185	0.130991675248408	32	32	0.134967507375509	0.240600403523486
ko.K05311	Week_and_Consortium	NS6_w5	1.08848544695531	0.709372526689675	32	32	0.135402824493736	0.240600403523486
ko.K17216	Week_and_Consortium	NS6_w5	1.08848544695531	0.709372526689675	32	32	0.135402824493736	0.240600403523486
ko.K03652	Week_and_Consortium	NS6_w5	1.08848544695531	0.709372526689675	32	32	0.135402824493736	0.240600403523486
ko.K09685	Week_and_Consortium	NS6_w5	1.08848544695531	0.709372526689675	32	32	0.135402824493736	0.240600403523486
ko.K05822	Week_and_Consortium	NS6_w5	1.08848544695531	0.709372526689675	32	32	0.135402824493736	0.240600403523486
ko.K00841	Week_and_Consortium	NS6_w5	1.08848544695531	0.709372526689675	32	32	0.135402824493736	0.240600403523486
ko.K21900	Week_and_Consortium	NS6_w5	1.08848544695531	0.709372526689675	32	32	0.135402824493736	0.240600403523486
ko.K02076	Week_and_Consortium	NS6_w5	1.08848544695531	0.709372526689675	32	32	0.135402824493736	0.240600403523486
ko.K05363	Week_and_Consortium	NS6_w5	1.08848544695531	0.709372526689675	32	32	0.135402824493736	0.240600403523486
ko.K03708	Week_and_Consortium	NS6_w5	1.08848544695531	0.709372526689675	32	32	0.135402824493736	0.240600403523486
ko.K11689	Week_and_Consortium	NS6_w5	0.212837380950337	0.138850696890986	32	32	0.136150647377661	0.241840640948017
ko.K01683	Week_and_Consortium	NS6_w5	-0.184828910391205	0.120731208630428	32	32	0.136627842641895	0.242599438014581
ko.K01070	Week_and_Consortium	NS6_w5	-0.0703680133090643	0.0460502234066319	32	32	0.136971079324518	0.243030982371338
ko.K07387	Week_and_Consortium	NS6_w5	-0.0703680133090643	0.0460502234066319	32	32	0.136971079324518	0.243030982371338
ko.K09936	Week_and_Consortium	NS6_w5	0.15333456646734	0.10034134645519	32	32	0.13731540659717	0.243552847313665
ko.K08681	Week_and_Consortium	NS6_w5	0.246311033869395	0.161391385471812	32	32	0.137800659698418	0.244234928826096
ko.K06215	Week_and_Consortium	NS6_w5	0.246311033869395	0.161391385471812	32	32	0.137800659698418	0.244234928826096
ko.K18138	Week_and_Consortium	NS6_w5	-0.0695790327861005	0.045655157373479	32	32	0.137979003651452	0.244456805202861
ko.K07665	Week_and_Consortium	NS6_w5	-0.284082137563462	0.186427453931898	32	32	0.138026631509099	0.244456805202861
ko.K00937	Week_and_Consortium	NS6_w5	0.0238402762510702	0.0156540800181833	32	32	0.138604179010406	0.24539009940857
ko.K04045	Week_and_Consortium	NS6_w5	0.16945725469001	0.111461879412676	32	32	0.13926085557523	0.24646275461344
ko.K00556	Week_and_Consortium	NS6_w5	0.208431494701045	0.137137532255967	32	32	0.139372017469126	0.246569531999537
ko.K03827	Week_and_Consortium	NS6_w5	-0.062449095164258	0.0410988127576926	32	32	0.139468611201019	0.246650467712776
ko.K01489	Week_and_Consortium	NS6_w5	-0.0546882535590536	0.0359971785246325	32	32	0.139531141748816	0.246671125591657
ko.K03575	Week_and_Consortium	NS6_w5	-0.0280412273107459	0.0184949243156222	32	32	0.140305132072826	0.247768545935668
ko.K09710	Week_and_Consortium	NS6_w5	-0.0280412273107459	0.0184949243156222	32	32	0.140305132072826	0.247768545935668
ko.K02493	Week_and_Consortium	NS6_w5	-0.0280412273107459	0.0184949243156222	32	32	0.140305132072826	0.247768545935668
ko.K10563	Week_and_Consortium	NS6_w5	0.110763349435251	0.0732183946273786	32	32	0.140799836737359	0.2485516768606
ko.K07460	Week_and_Consortium	NS6_w5	-0.0306463343963884	0.0202715679424003	32	32	0.141409261127484	0.249536677238788
ko.K03969	Week_and_Consortium	NS6_w5	0.225316862587359	0.149225779372074	32	32	0.141529199123522	0.249657507253893
ko.K07455	Week_and_Consortium	NS6_w5	-0.157962686094656	0.104648578673916	32	32	0.141642953318413	0.24976734516453
