Sample	0	1	2	3	4	5	6	7	8	9	10	11	12	13	14	15	16	17	18	19	20	21	22	23	24	25	26	27	28	29	30	31	32	33	34	35	36	37	38	39	40	41	42	43	44	45	46	47	48	49	50	51	52	53	54	55	56	57	58	59	60	61	62	63	64	65	66	67	68	69	70	71	72	73	74	75	76	77	78	79	80	81	82	83	84	85	86	87	88	89	90	91	92	93	94	95	96	97	98	99	100
048R_S2_R_Female_week5_S61_L001_R1_001	(0.0, 0.0)	(1.0, 0.0)	(2.0, 0.0)	(3.0, 0.0)	(4.0, 0.0)	(5.0, 0.0)	(6.0, 0.0)	(7.0, 0.0)	(8.0, 0.0)	(9.0, 0.0)	(10.0, 0.0)	(11.0, 0.0)	(12.0, 0.0)	(13.0, 0.0)	(14.0, 0.0)	(15.0, 0.0)	(16.0, 0.0)	(17.0, 0.0)	(18.0, 0.0)	(19.0, 0.0)	(20.0, 0.0)	(21.0, 0.0)	(22.0, 0.0)	(23.0, 0.0)	(24.0, 0.0)	(25.0, 0.0)	(26.0, 0.0)	(27.0, 0.0)	(28.0, 0.0)	(29.0, 0.0)	(30.0, 0.0)	(31.0, 0.0)	(32.0, 0.0)	(33.0, 0.0)	(34.0, 0.0)	(35.0, 0.0)	(36.0, 0.0)	(37.0, 0.0)	(38.0, 0.0011390040548544353)	(39.0, 0.0011390040548544353)	(40.0, 0.0)	(41.0, 0.0005695020274272177)	(42.0, 0.0028475101371360882)	(43.0, 0.0051255182468449585)	(44.0, 0.011959542575971571)	(45.0, 0.03473962367306028)	(46.0, 1.1128069615927831)	(47.0, 23.130324843956444)	(48.0, 7.279374914574696)	(49.0, 2.5587726092304885)	(50.0, 4.932457059547132)	(51.0, 3.5337600801858855)	(52.0, 0.6378422707184838)	(53.0, 5.065151031937674)	(54.0, 33.63137272768691)	(55.0, 14.061005057178003)	(56.0, 1.7460932160918492)	(57.0, 0.6406897808556199)	(58.0, 0.38555287256822635)	(59.0, 0.5672240193175088)	(60.0, 0.30867009886555197)	(61.0, 0.20900724406578888)	(62.0, 0.06890974531869333)	(63.0, 0.033031117590778626)	(64.0, 0.017654562850243746)	(65.0, 0.0074035263565538295)	(66.0, 0.0022780081097088707)	(67.0, 0.008542530411408265)	(68.0, 0.0028475101371360882)	(69.0, 0.001708506082281653)	(70.0, 0.0)	(71.0, 0.0)	(72.0, 0.0)	(73.0, 0.0)	(74.0, 0.0)	(75.0, 0.0)	(76.0, 0.0)	(77.0, 0.0)	(78.0, 0.0)	(79.0, 0.0)	(80.0, 0.0)	(81.0, 0.0)	(82.0, 0.0)	(83.0, 0.0)	(84.0, 0.0)	(85.0, 0.0)	(86.0, 0.0)	(87.0, 0.0)	(88.0, 0.0)	(89.0, 0.0)	(90.0, 0.0)	(91.0, 0.0)	(92.0, 0.0)	(93.0, 0.0)	(94.0, 0.0)	(95.0, 0.0)	(96.0, 0.0)	(97.0, 0.0)	(98.0, 0.0)	(99.0, 0.0)	(100.0, 0.0)
048R_S2_R_Female_week5_S61_L001_R2_001	(0.0, 0.0)	(1.0, 0.0)	(2.0, 0.0)	(3.0, 0.0)	(4.0, 0.0)	(5.0, 0.0)	(6.0, 0.0)	(7.0, 0.0)	(8.0, 0.0)	(9.0, 0.0)	(10.0, 0.0)	(11.0, 0.0)	(12.0, 0.0)	(13.0, 0.0)	(14.0, 0.0)	(15.0, 0.0)	(16.0, 0.0)	(17.0, 0.0)	(18.0, 0.0)	(19.0, 0.0)	(20.0, 0.0)	(21.0, 0.0)	(22.0, 0.0)	(23.0, 0.0)	(24.0, 0.0)	(25.0, 0.0)	(26.0, 0.0)	(27.0, 0.0)	(28.0, 0.0)	(29.0, 0.0)	(30.0, 0.0)	(31.0, 0.0)	(32.0, 0.0)	(33.0, 0.0005672986373486731)	(34.0, 0.0)	(35.0, 0.0005672986373486731)	(36.0, 0.0005672986373486731)	(37.0, 0.0)	(38.0, 0.0011345972746973462)	(39.0, 0.0005672986373486731)	(40.0, 0.004538389098789385)	(41.0, 0.005672986373486731)	(42.0, 0.006240285010835404)	(43.0, 0.008509479560230097)	(44.0, 0.014749764571065499)	(45.0, 0.029499529142130998)	(46.0, 0.06807583648184078)	(47.0, 0.25358249089485685)	(48.0, 7.209798382064286)	(49.0, 21.00026095737318)	(50.0, 4.651281527621771)	(51.0, 1.0478005831829993)	(52.0, 2.8971941409396735)	(53.0, 8.37559708181581)	(54.0, 9.665066884509343)	(55.0, 6.104133337871723)	(56.0, 19.55138023758467)	(57.0, 12.906043999682312)	(58.0, 3.265370956578962)	(59.0, 1.145375948806971)	(60.0, 0.49298251585599695)	(61.0, 0.34832136333208524)	(62.0, 0.26549576227917904)	(63.0, 0.17472798030339132)	(64.0, 0.14636304843595765)	(65.0, 0.12480570021670809)	(66.0, 0.07658531604207086)	(67.0, 0.052758773273426596)	(68.0, 0.035739814152966405)	(69.0, 0.023259244131295594)	(70.0, 0.01304786865901948)	(71.0, 0.003971090461440711)	(72.0, 0.005105687736138058)	(73.0, 0.0034037918240920387)	(74.0, 0.0028364931867433654)	(75.0, 0.0011345972746973462)	(76.0, 0.0005672986373486731)	(77.0, 0.0011345972746973462)	(78.0, 0.0017018959120460194)	(79.0, 0.0005672986373486731)	(80.0, 0.0011345972746973462)	(81.0, 0.0005672986373486731)	(82.0, 0.0005672986373486731)	(83.0, 0.0005672986373486731)	(84.0, 0.0)	(85.0, 0.0005672986373486731)	(86.0, 0.0)	(87.0, 0.0011345972746973462)	(88.0, 0.0011345972746973462)	(89.0, 0.0)	(90.0, 0.0)	(91.0, 0.0)	(92.0, 0.0)	(93.0, 0.0005672986373486731)	(94.0, 0.0)	(95.0, 0.0)	(96.0, 0.0005672986373486731)	(97.0, 0.0005672986373486731)	(98.0, 0.0005672986373486731)	(99.0, 0.0017018959120460194)	(100.0, 0.0022691945493946925)
048R_S2_R_Female_week9_S75_L001_R1_001	(0.0, 0.0)	(1.0, 0.0)	(2.0, 0.0)	(3.0, 0.0)	(4.0, 0.0)	(5.0, 0.0)	(6.0, 0.0)	(7.0, 0.0)	(8.0, 0.0)	(9.0, 0.0)	(10.0, 0.0)	(11.0, 0.0)	(12.0, 0.0)	(13.0, 0.0)	(14.0, 0.0)	(15.0, 0.0)	(16.0, 0.0)	(17.0, 0.0)	(18.0, 0.0)	(19.0, 0.0)	(20.0, 0.0)	(21.0, 0.0)	(22.0, 0.0)	(23.0, 0.0)	(24.0, 0.0)	(25.0, 0.0)	(26.0, 0.0)	(27.0, 0.0)	(28.0, 0.0)	(29.0, 0.0)	(30.0, 0.0)	(31.0, 0.0)	(32.0, 0.0)	(33.0, 0.0)	(34.0, 0.0)	(35.0, 0.0)	(36.0, 0.0006739952415935943)	(37.0, 0.0006739952415935943)	(38.0, 0.0006739952415935943)	(39.0, 0.0)	(40.0, 0.0013479904831871887)	(41.0, 0.0026959809663743774)	(42.0, 0.002021985724780783)	(43.0, 0.0026959809663743774)	(44.0, 0.014827895315059077)	(45.0, 0.06335555270979787)	(46.0, 2.0341176391294677)	(47.0, 27.02586119741995)	(48.0, 8.041437227453175)	(49.0, 3.0538724396605756)	(50.0, 6.61930726769069)	(51.0, 4.873659591963281)	(52.0, 0.7413947657529537)	(53.0, 5.834776806475746)	(54.0, 28.466189028705458)	(55.0, 10.13149647163491)	(56.0, 1.2886789019269524)	(57.0, 0.5061704264367893)	(58.0, 0.2871219729188712)	(59.0, 0.38687326867472316)	(60.0, 0.2379203202825388)	(61.0, 0.192762639095768)	(62.0, 0.07548746705848257)	(63.0, 0.026959809663743776)	(64.0, 0.012805909590278292)	(65.0, 0.007413947657529538)	(66.0, 0.012131914348684698)	(67.0, 0.03639574304605409)	(68.0, 0.01078392386549751)	(69.0, 0.0026959809663743774)	(70.0, 0.0026959809663743774)	(71.0, 0.002021985724780783)	(72.0, 0.0)	(73.0, 0.0)	(74.0, 0.0)	(75.0, 0.0)	(76.0, 0.0)	(77.0, 0.0)	(78.0, 0.0)	(79.0, 0.0)	(80.0, 0.0)	(81.0, 0.0)	(82.0, 0.0)	(83.0, 0.0)	(84.0, 0.0)	(85.0, 0.0)	(86.0, 0.0)	(87.0, 0.0)	(88.0, 0.0)	(89.0, 0.0)	(90.0, 0.0)	(91.0, 0.0)	(92.0, 0.0)	(93.0, 0.0)	(94.0, 0.0)	(95.0, 0.0)	(96.0, 0.0)	(97.0, 0.0)	(98.0, 0.0)	(99.0, 0.0)	(100.0, 0.0)
048R_S2_R_Female_week9_S75_L001_R2_001	(0.0, 0.0)	(1.0, 0.0)	(2.0, 0.0)	(3.0, 0.0)	(4.0, 0.0)	(5.0, 0.0)	(6.0, 0.0)	(7.0, 0.0)	(8.0, 0.0)	(9.0, 0.0)	(10.0, 0.0)	(11.0, 0.0)	(12.0, 0.0)	(13.0, 0.0006677231530777586)	(14.0, 0.0)	(15.0, 0.0)	(16.0, 0.0)	(17.0, 0.0)	(18.0, 0.0)	(19.0, 0.0)	(20.0, 0.0)	(21.0, 0.0)	(22.0, 0.0)	(23.0, 0.0)	(24.0, 0.0)	(25.0, 0.0)	(26.0, 0.0)	(27.0, 0.0)	(28.0, 0.0)	(29.0, 0.0)	(30.0, 0.0)	(31.0, 0.0)	(32.0, 0.0)	(33.0, 0.0006677231530777586)	(34.0, 0.0)	(35.0, 0.0006677231530777586)	(36.0, 0.0013354463061555173)	(37.0, 0.0026708926123110346)	(38.0, 0.003338615765388793)	(39.0, 0.006009508377699828)	(40.0, 0.002003169459233276)	(41.0, 0.006009508377699828)	(42.0, 0.006677231530777586)	(43.0, 0.015357632520788448)	(44.0, 0.02604120297003259)	(45.0, 0.04273428179697655)	(46.0, 0.08346539413471983)	(47.0, 0.44603906625594275)	(48.0, 12.597265005964994)	(49.0, 23.056480475775004)	(50.0, 4.268086394473033)	(51.0, 1.261329036163886)	(52.0, 4.0831270810704945)	(53.0, 9.980457969053258)	(54.0, 8.572897562365343)	(55.0, 4.732153985862075)	(56.0, 15.567965314007942)	(57.0, 10.342363918021404)	(58.0, 2.592101280247859)	(59.0, 0.8773882231441748)	(60.0, 0.36991862680507825)	(61.0, 0.2784405548334254)	(62.0, 0.21901319420950482)	(63.0, 0.13020601485016292)	(64.0, 0.09815530350243051)	(65.0, 0.07344954683855345)	(66.0, 0.058091914317765)	(67.0, 0.06076280693007604)	(68.0, 0.058091914317765)	(69.0, 0.03004754188849914)	(70.0, 0.013354463061555173)	(71.0, 0.006677231530777586)	(72.0, 0.004006338918466552)	(73.0, 0.002003169459233276)	(74.0, 0.003338615765388793)	(75.0, 0.002003169459233276)	(76.0, 0.0006677231530777586)	(77.0, 0.0013354463061555173)	(78.0, 0.0006677231530777586)	(79.0, 0.0)	(80.0, 0.0)	(81.0, 0.0006677231530777586)	(82.0, 0.0)	(83.0, 0.0006677231530777586)	(84.0, 0.0)	(85.0, 0.0)	(86.0, 0.0)	(87.0, 0.0)	(88.0, 0.0)	(89.0, 0.0006677231530777586)	(90.0, 0.0013354463061555173)	(91.0, 0.0013354463061555173)	(92.0, 0.0013354463061555173)	(93.0, 0.0006677231530777586)	(94.0, 0.0013354463061555173)	(95.0, 0.0006677231530777586)	(96.0, 0.0006677231530777586)	(97.0, 0.0)	(98.0, 0.0006677231530777586)	(99.0, 0.0026708926123110346)	(100.0, 0.001780595074874023)
1050R_S2_L_Male_week5_S68_L001_R1_001	(0.0, 0.0)	(1.0, 0.0)	(2.0, 0.0)	(3.0, 0.0)	(4.0, 0.0)	(5.0, 0.0)	(6.0, 0.0)	(7.0, 0.0)	(8.0, 0.0)	(9.0, 0.0)	(10.0, 0.0)	(11.0, 0.0)	(12.0, 0.0)	(13.0, 0.0)	(14.0, 0.0)	(15.0, 0.0)	(16.0, 0.0)	(17.0, 0.0)	(18.0, 0.0)	(19.0, 0.0)	(20.0, 0.0)	(21.0, 0.0)	(22.0, 0.0)	(23.0, 0.0)	(24.0, 0.0)	(25.0, 0.0)	(26.0, 0.0)	(27.0, 0.0)	(28.0, 0.0)	(29.0, 0.0)	(30.0, 0.0)	(31.0, 0.0)	(32.0, 0.0)	(33.0, 0.0)	(34.0, 0.0)	(35.0, 0.0)	(36.0, 0.0)	(37.0, 0.0)	(38.0, 0.0003993801619885937)	(39.0, 0.0003993801619885937)	(40.0, 0.0003993801619885937)	(41.0, 0.0007987603239771874)	(42.0, 0.001597520647954375)	(43.0, 0.004792561943863125)	(44.0, 0.015575826317555153)	(45.0, 0.06070578462226624)	(46.0, 1.4868923430835344)	(47.0, 25.73406073773504)	(48.0, 7.647331341757592)	(49.0, 2.359138616866623)	(50.0, 4.911177851973736)	(51.0, 3.554483441698484)	(52.0, 0.6533859450133392)	(53.0, 6.055002635909069)	(54.0, 32.04586481780277)	(55.0, 11.833634199722031)	(56.0, 1.4777065993577967)	(57.0, 0.6314200361039667)	(58.0, 0.3690272696774606)	(59.0, 0.4712685911465406)	(60.0, 0.279166733230027)	(61.0, 0.22485103119957825)	(62.0, 0.07628161093982139)	(63.0, 0.035944214578973434)	(64.0, 0.013578925507612185)	(65.0, 0.008386983401760468)	(66.0, 0.013179545345623591)	(67.0, 0.025160950205281404)	(68.0, 0.005591322267840312)	(69.0, 0.001597520647954375)	(70.0, 0.0003993801619885937)	(71.0, 0.0003993801619885937)	(72.0, 0.0003993801619885937)	(73.0, 0.0)	(74.0, 0.0)	(75.0, 0.0)	(76.0, 0.0)	(77.0, 0.0)	(78.0, 0.0)	(79.0, 0.0)	(80.0, 0.0)	(81.0, 0.0)	(82.0, 0.0)	(83.0, 0.0)	(84.0, 0.0)	(85.0, 0.0)	(86.0, 0.0)	(87.0, 0.0)	(88.0, 0.0)	(89.0, 0.0)	(90.0, 0.0)	(91.0, 0.0)	(92.0, 0.0)	(93.0, 0.0)	(94.0, 0.0)	(95.0, 0.0)	(96.0, 0.0)	(97.0, 0.0)	(98.0, 0.0)	(99.0, 0.0)	(100.0, 0.0)
1050R_S2_L_Male_week5_S68_L001_R2_001	(0.0, 0.0)	(1.0, 0.0)	(2.0, 0.0)	(3.0, 0.0)	(4.0, 0.0)	(5.0, 0.0)	(6.0, 0.0)	(7.0, 0.0)	(8.0, 0.0)	(9.0, 0.0)	(10.0, 0.0)	(11.0, 0.0)	(12.0, 0.0)	(13.0, 0.0)	(14.0, 0.0)	(15.0, 0.0)	(16.0, 0.0)	(17.0, 0.0)	(18.0, 0.0)	(19.0, 0.0)	(20.0, 0.0)	(21.0, 0.0)	(22.0, 0.0)	(23.0, 0.0)	(24.0, 0.00039503311694297043)	(25.0, 0.00039503311694297043)	(26.0, 0.0)	(27.0, 0.0)	(28.0, 0.0)	(29.0, 0.00039503311694297043)	(30.0, 0.0)	(31.0, 0.0)	(32.0, 0.0)	(33.0, 0.00039503311694297043)	(34.0, 0.0)	(35.0, 0.00039503311694297043)	(36.0, 0.001185099350828911)	(37.0, 0.001185099350828911)	(38.0, 0.0007900662338859409)	(39.0, 0.001975165584714852)	(40.0, 0.0031602649355437634)	(41.0, 0.0035552980524867334)	(42.0, 0.0059254967541445555)	(43.0, 0.009085761689688318)	(44.0, 0.02212185454880634)	(45.0, 0.03081258312155169)	(46.0, 0.06636556364641902)	(47.0, 0.33222285134903806)	(48.0, 9.041122947473763)	(49.0, 22.798941311246594)	(50.0, 4.9335685975007575)	(51.0, 1.0717248462662787)	(52.0, 4.009981170088092)	(53.0, 9.025321622796044)	(54.0, 7.869849755737855)	(55.0, 5.405633172247606)	(56.0, 18.397482322268015)	(57.0, 11.456355424463084)	(58.0, 2.881766588098969)	(59.0, 0.9816572956032814)	(60.0, 0.4388817929236401)	(61.0, 0.319581791606863)	(62.0, 0.2520311286096151)	(63.0, 0.16433377664827567)	(64.0, 0.12246026625232082)	(65.0, 0.09125265001382615)	(66.0, 0.07308112663444952)	(67.0, 0.0600450337753315)	(68.0, 0.0454288084484416)	(69.0, 0.027257285069064954)	(70.0, 0.011850993508289111)	(71.0, 0.006320529871087527)	(72.0, 0.004740397403315644)	(73.0, 0.002370198701657822)	(74.0, 0.0027652318186007926)	(75.0, 0.002370198701657822)	(76.0, 0.002370198701657822)	(77.0, 0.00039503311694297043)	(78.0, 0.0007900662338859409)	(79.0, 0.001185099350828911)	(80.0, 0.0007900662338859409)	(81.0, 0.0015801324677718817)	(82.0, 0.0007900662338859409)	(83.0, 0.00039503311694297043)	(84.0, 0.0)	(85.0, 0.00039503311694297043)	(86.0, 0.00039503311694297043)	(87.0, 0.0007900662338859409)	(88.0, 0.0007900662338859409)	(89.0, 0.00039503311694297043)	(90.0, 0.001185099350828911)	(91.0, 0.001185099350828911)	(92.0, 0.001185099350828911)	(93.0, 0.00039503311694297043)	(94.0, 0.00039503311694297043)	(95.0, 0.00039503311694297043)	(96.0, 0.00039503311694297043)	(97.0, 0.00039503311694297043)	(98.0, 0.0007900662338859409)	(99.0, 0.001975165584714852)	(100.0, 0.0021068432903625085)
1050R_S2_L_Male_week9_S82_L001_R1_001	(0.0, 0.0)	(1.0, 0.0)	(2.0, 0.0)	(3.0, 0.0)	(4.0, 0.0)	(5.0, 0.0)	(6.0, 0.0)	(7.0, 0.0)	(8.0, 0.0)	(9.0, 0.0)	(10.0, 0.0)	(11.0, 0.0)	(12.0, 0.0)	(13.0, 0.0)	(14.0, 0.0)	(15.0, 0.0)	(16.0, 0.0)	(17.0, 0.0)	(18.0, 0.0)	(19.0, 0.0)	(20.0, 0.0)	(21.0, 0.0)	(22.0, 0.0)	(23.0, 0.0)	(24.0, 0.0)	(25.0, 0.0)	(26.0, 0.0)	(27.0, 0.0)	(28.0, 0.0)	(29.0, 0.0)	(30.0, 0.0)	(31.0, 0.0)	(32.0, 0.0)	(33.0, 0.0)	(34.0, 0.0)	(35.0, 0.0)	(36.0, 0.0005331030328231537)	(37.0, 0.0010662060656463075)	(38.0, 0.002665515164115769)	(39.0, 0.00426482426258523)	(40.0, 0.004797927295408384)	(41.0, 0.00426482426258523)	(42.0, 0.007996545492347306)	(43.0, 0.011728266722109382)	(44.0, 0.026122048608334534)	(45.0, 0.07090270336547945)	(46.0, 1.28637761820227)	(47.0, 21.320389591696387)	(48.0, 7.164371658110364)	(49.0, 2.4618698055773236)	(50.0, 5.434452316599229)	(51.0, 4.375176590379622)	(52.0, 0.8892158587490204)	(53.0, 8.551505749516208)	(54.0, 32.31990446793652)	(55.0, 12.297087658131687)	(56.0, 1.7453793294630051)	(57.0, 0.6770408516854052)	(58.0, 0.38223487453420124)	(59.0, 0.3833010805998475)	(60.0, 0.23456533444218766)	(61.0, 0.1796557220614028)	(62.0, 0.06397236393877845)	(63.0, 0.024522739509865072)	(64.0, 0.011728266722109382)	(65.0, 0.004797927295408384)	(66.0, 0.006930339426700999)	(67.0, 0.03305238803503553)	(68.0, 0.011728266722109382)	(69.0, 0.002132412131292615)	(70.0, 0.002665515164115769)	(71.0, 0.0010662060656463075)	(72.0, 0.0005331030328231537)	(73.0, 0.0)	(74.0, 0.0)	(75.0, 0.0)	(76.0, 0.0)	(77.0, 0.0)	(78.0, 0.0)	(79.0, 0.0)	(80.0, 0.0)	(81.0, 0.0)	(82.0, 0.0)	(83.0, 0.0)	(84.0, 0.0)	(85.0, 0.0)	(86.0, 0.0)	(87.0, 0.0)	(88.0, 0.0)	(89.0, 0.0)	(90.0, 0.0)	(91.0, 0.0)	(92.0, 0.0)	(93.0, 0.0)	(94.0, 0.0)	(95.0, 0.0)	(96.0, 0.0)	(97.0, 0.0)	(98.0, 0.0)	(99.0, 0.0)	(100.0, 0.0)
1050R_S2_L_Male_week9_S82_L001_R2_001	(0.0, 0.0)	(1.0, 0.0)	(2.0, 0.0)	(3.0, 0.0)	(4.0, 0.0)	(5.0, 0.0)	(6.0, 0.0)	(7.0, 0.0)	(8.0, 0.0)	(9.0, 0.0)	(10.0, 0.0)	(11.0, 0.0)	(12.0, 0.0)	(13.0, 0.0)	(14.0, 0.0)	(15.0, 0.0)	(16.0, 0.0)	(17.0, 0.0)	(18.0, 0.0)	(19.0, 0.0)	(20.0, 0.0)	(21.0, 0.0)	(22.0, 0.0)	(23.0, 0.0)	(24.0, 0.0)	(25.0, 0.0)	(26.0, 0.0)	(27.0, 0.0)	(28.0, 0.0)	(29.0, 0.0)	(30.0, 0.0)	(31.0, 0.0)	(32.0, 0.0)	(33.0, 0.0)	(34.0, 0.0)	(35.0, 0.0)	(36.0, 0.0005389915468159075)	(37.0, 0.001077983093631815)	(38.0, 0.0016169746404477224)	(39.0, 0.001077983093631815)	(40.0, 0.0037729408277113524)	(41.0, 0.002694957734079537)	(42.0, 0.005928907014974982)	(43.0, 0.01724772949810904)	(44.0, 0.016708737951293132)	(45.0, 0.03826839982392943)	(46.0, 0.057133103962486186)	(47.0, 0.21936955955407433)	(48.0, 8.13661639073294)	(49.0, 20.350703833128218)	(50.0, 4.530223950987702)	(51.0, 1.013304108013906)	(52.0, 5.462140335432406)	(53.0, 13.17403138727441)	(54.0, 9.628544992319371)	(55.0, 4.926382737897395)	(56.0, 16.4230724314807)	(57.0, 11.021838140838492)	(58.0, 2.5585928727351126)	(59.0, 0.8704713481076906)	(60.0, 0.3983147530969556)	(61.0, 0.29482837610830137)	(62.0, 0.22691544120949703)	(63.0, 0.17894519354288127)	(64.0, 0.10672032626954968)	(65.0, 0.08623864749054519)	(66.0, 0.05821108705611801)	(67.0, 0.0506652054006953)	(68.0, 0.054438146228406654)	(69.0, 0.02964453507487491)	(70.0, 0.01509176331084541)	(71.0, 0.008084873202238612)	(72.0, 0.0032339492808954448)	(73.0, 0.00431193237452726)	(74.0, 0.005928907014974982)	(75.0, 0.0032339492808954448)	(76.0, 0.0)	(77.0, 0.001077983093631815)	(78.0, 0.00215596618726363)	(79.0, 0.002694957734079537)	(80.0, 0.001077983093631815)	(81.0, 0.0)	(82.0, 0.0005389915468159075)	(83.0, 0.0005389915468159075)	(84.0, 0.0)	(85.0, 0.0)	(86.0, 0.0005389915468159075)	(87.0, 0.0)	(88.0, 0.0)	(89.0, 0.0005389915468159075)	(90.0, 0.0)	(91.0, 0.0)	(92.0, 0.0)	(93.0, 0.0)	(94.0, 0.0)	(95.0, 0.0005389915468159075)	(96.0, 0.0005389915468159075)	(97.0, 0.0005389915468159075)	(98.0, 0.0)	(99.0, 0.0016169746404477224)	(100.0, 0.0014373107915090864)
1050R_S2_RR_Male_week5_S70_L001_R1_001	(0.0, 0.0)	(1.0, 0.0)	(2.0, 0.0)	(3.0, 0.0)	(4.0, 0.0)	(5.0, 0.0)	(6.0, 0.0)	(7.0, 0.0)	(8.0, 0.0)	(9.0, 0.0)	(10.0, 0.0)	(11.0, 0.0)	(12.0, 0.0)	(13.0, 0.0)	(14.0, 0.0)	(15.0, 0.0)	(16.0, 0.0)	(17.0, 0.0)	(18.0, 0.0)	(19.0, 0.0)	(20.0, 0.0)	(21.0, 0.0)	(22.0, 0.0)	(23.0, 0.0)	(24.0, 0.0)	(25.0, 0.0)	(26.0, 0.0)	(27.0, 0.0)	(28.0, 0.0)	(29.0, 0.0)	(30.0, 0.0)	(31.0, 0.0)	(32.0, 0.0)	(33.0, 0.0)	(34.0, 0.0)	(35.0, 0.0)	(36.0, 0.0005311492476270908)	(37.0, 0.0005311492476270908)	(38.0, 0.002124596990508363)	(39.0, 0.0010622984952541816)	(40.0, 0.0031868954857625443)	(41.0, 0.007967238714406362)	(42.0, 0.005311492476270907)	(43.0, 0.009560686457287634)	(44.0, 0.01646562667643981)	(45.0, 0.06161331272474252)	(46.0, 1.1510004196079056)	(47.0, 24.025473917916194)	(48.0, 7.8238284175470465)	(49.0, 2.2903155557680153)	(50.0, 4.371358307970956)	(51.0, 3.261256380430337)	(52.0, 0.7850385879928401)	(53.0, 6.425843597792544)	(54.0, 33.22497888681741)	(55.0, 12.660473466439335)	(56.0, 1.6906480551970298)	(57.0, 0.7181137827918267)	(58.0, 0.39411274173930133)	(59.0, 0.3840209060343866)	(60.0, 0.2549516388610036)	(61.0, 0.2289253257272761)	(62.0, 0.07701664090592815)	(63.0, 0.03664929808626926)	(64.0, 0.019652522162202358)	(65.0, 0.007967238714406362)	(66.0, 0.013809880438304358)	(67.0, 0.03080665636237126)	(68.0, 0.010622984952541815)	(69.0, 0.002124596990508363)	(70.0, 0.0015934477428812721)	(71.0, 0.0005311492476270908)	(72.0, 0.0005311492476270908)	(73.0, 0.0)	(74.0, 0.0)	(75.0, 0.0)	(76.0, 0.0)	(77.0, 0.0)	(78.0, 0.0)	(79.0, 0.0)	(80.0, 0.0)	(81.0, 0.0)	(82.0, 0.0)	(83.0, 0.0)	(84.0, 0.0)	(85.0, 0.0)	(86.0, 0.0)	(87.0, 0.0)	(88.0, 0.0)	(89.0, 0.0)	(90.0, 0.0)	(91.0, 0.0)	(92.0, 0.0)	(93.0, 0.0)	(94.0, 0.0)	(95.0, 0.0)	(96.0, 0.0)	(97.0, 0.0)	(98.0, 0.0)	(99.0, 0.0)	(100.0, 0.0)
1050R_S2_RR_Male_week5_S70_L001_R2_001	(0.0, 0.0)	(1.0, 0.0)	(2.0, 0.0)	(3.0, 0.0)	(4.0, 0.0)	(5.0, 0.0)	(6.0, 0.0)	(7.0, 0.0)	(8.0, 0.0)	(9.0, 0.0)	(10.0, 0.0)	(11.0, 0.0)	(12.0, 0.0)	(13.0, 0.0)	(14.0, 0.0)	(15.0, 0.0)	(16.0, 0.0)	(17.0, 0.0)	(18.0, 0.0)	(19.0, 0.0)	(20.0, 0.0)	(21.0, 0.0)	(22.0, 0.0)	(23.0, 0.0)	(24.0, 0.0)	(25.0, 0.0)	(26.0, 0.0)	(27.0, 0.0)	(28.0, 0.0)	(29.0, 0.0)	(30.0, 0.0)	(31.0, 0.0)	(32.0, 0.0)	(33.0, 0.0005278669775216646)	(34.0, 0.0)	(35.0, 0.0)	(36.0, 0.0005278669775216646)	(37.0, 0.0005278669775216646)	(38.0, 0.0010557339550433292)	(39.0, 0.003695068842651652)	(40.0, 0.004750802797694981)	(41.0, 0.006862270707781639)	(42.0, 0.00580653675273831)	(43.0, 0.012140940482998285)	(44.0, 0.01741961025821493)	(45.0, 0.024809747943518232)	(46.0, 0.05173096379712313)	(47.0, 0.22751066731183742)	(48.0, 7.205912110148242)	(49.0, 22.728896318127834)	(50.0, 5.335679408788986)	(51.0, 1.0267012712796377)	(52.0, 3.7990586372234203)	(53.0, 8.633792284344345)	(54.0, 7.488320943122334)	(55.0, 5.473980556899662)	(56.0, 19.669907183389785)	(57.0, 12.588043812959135)	(58.0, 2.922799454537457)	(59.0, 0.9401310869660846)	(60.0, 0.4507983988035015)	(61.0, 0.3494479391193419)	(62.0, 0.2892711036818722)	(63.0, 0.1979501165706242)	(64.0, 0.13777328113315446)	(65.0, 0.10715699643689791)	(66.0, 0.07865217965072803)	(67.0, 0.07390137685303304)	(68.0, 0.05173096379712313)	(69.0, 0.03325561958386487)	(70.0, 0.016891743280693268)	(71.0, 0.011085206527954956)	(72.0, 0.008445871640346634)	(73.0, 0.0015836009325649939)	(74.0, 0.0005278669775216646)	(75.0, 0.0010557339550433292)	(76.0, 0.0005278669775216646)	(77.0, 0.0015836009325649939)	(78.0, 0.0010557339550433292)	(79.0, 0.0010557339550433292)	(80.0, 0.0010557339550433292)	(81.0, 0.0010557339550433292)	(82.0, 0.0015836009325649939)	(83.0, 0.0010557339550433292)	(84.0, 0.0015836009325649939)	(85.0, 0.0015836009325649939)	(86.0, 0.0)	(87.0, 0.0)	(88.0, 0.0005278669775216646)	(89.0, 0.0005278669775216646)	(90.0, 0.0005278669775216646)	(91.0, 0.0010557339550433292)	(92.0, 0.0010557339550433292)	(93.0, 0.0010557339550433292)	(94.0, 0.0005278669775216646)	(95.0, 0.0005278669775216646)	(96.0, 0.0)	(97.0, 0.0)	(98.0, 0.0005278669775216646)	(99.0, 0.0)	(100.0, 0.0014076452733911054)
1050R_S2_RR_Male_week9_S84_L001_R1_001	(0.0, 0.0)	(1.0, 0.0)	(2.0, 0.0)	(3.0, 0.0)	(4.0, 0.0)	(5.0, 0.0)	(6.0, 0.0)	(7.0, 0.0)	(8.0, 0.0)	(9.0, 0.0)	(10.0, 0.0)	(11.0, 0.0)	(12.0, 0.0)	(13.0, 0.0)	(14.0, 0.0)	(15.0, 0.0)	(16.0, 0.0)	(17.0, 0.0)	(18.0, 0.0)	(19.0, 0.0)	(20.0, 0.0)	(21.0, 0.0)	(22.0, 0.0)	(23.0, 0.0)	(24.0, 0.0)	(25.0, 0.0)	(26.0, 0.0)	(27.0, 0.0)	(28.0, 0.0)	(29.0, 0.0)	(30.0, 0.0)	(31.0, 0.0)	(32.0, 0.0)	(33.0, 0.0)	(34.0, 0.0)	(35.0, 0.0)	(36.0, 0.0)	(37.0, 0.00042319444091782406)	(38.0, 0.0016927777636712962)	(39.0, 0.0033855555273425925)	(40.0, 0.0025391666455069446)	(41.0, 0.002962361086424769)	(42.0, 0.005924722172849538)	(43.0, 0.011426249904781251)	(44.0, 0.027507638659658565)	(45.0, 0.08379249930172918)	(46.0, 1.311056377963419)	(47.0, 23.655299663983616)	(48.0, 8.50917062353469)	(49.0, 2.7808106712710225)	(50.0, 5.372876621892695)	(51.0, 4.268339131097174)	(52.0, 0.9225638812008565)	(53.0, 8.95606395314391)	(54.0, 29.50892517075896)	(55.0, 10.829968937528037)	(56.0, 1.7185926245672838)	(57.0, 0.6449483279587639)	(58.0, 0.37156471912584954)	(59.0, 0.38933888564439817)	(60.0, 0.2513774979051875)	(61.0, 0.19043749841302085)	(62.0, 0.06093999949216667)	(63.0, 0.032585971950672456)	(64.0, 0.019890138723137732)	(65.0, 0.00931027770019213)	(66.0, 0.009733472141109955)	(67.0, 0.029623610864247685)	(68.0, 0.011849444345699076)	(69.0, 0.002962361086424769)	(70.0, 0.0008463888818356481)	(71.0, 0.00042319444091782406)	(72.0, 0.0)	(73.0, 0.0)	(74.0, 0.0)	(75.0, 0.00042319444091782406)	(76.0, 0.00042319444091782406)	(77.0, 0.0)	(78.0, 0.0)	(79.0, 0.0)	(80.0, 0.0)	(81.0, 0.0)	(82.0, 0.0)	(83.0, 0.0)	(84.0, 0.0)	(85.0, 0.0)	(86.0, 0.0)	(87.0, 0.0)	(88.0, 0.0)	(89.0, 0.0)	(90.0, 0.0)	(91.0, 0.0)	(92.0, 0.0)	(93.0, 0.0)	(94.0, 0.0)	(95.0, 0.0)	(96.0, 0.0)	(97.0, 0.0)	(98.0, 0.0)	(99.0, 0.0)	(100.0, 0.0)
1050R_S2_RR_Male_week9_S84_L001_R2_001	(0.0, 0.0)	(1.0, 0.0)	(2.0, 0.0)	(3.0, 0.0)	(4.0, 0.0)	(5.0, 0.0)	(6.0, 0.0)	(7.0, 0.0)	(8.0, 0.0)	(9.0, 0.0)	(10.0, 0.0)	(11.0, 0.0)	(12.0, 0.0)	(13.0, 0.0)	(14.0, 0.0)	(15.0, 0.0)	(16.0, 0.0)	(17.0, 0.0)	(18.0, 0.0)	(19.0, 0.0)	(20.0, 0.0)	(21.0, 0.0)	(22.0, 0.0)	(23.0, 0.0)	(24.0, 0.0)	(25.0, 0.0)	(26.0, 0.0)	(27.0, 0.0)	(28.0, 0.0)	(29.0, 0.0)	(30.0, 0.0)	(31.0, 0.0)	(32.0, 0.0)	(33.0, 0.0)	(34.0, 0.0)	(35.0, 0.0)	(36.0, 0.0)	(37.0, 0.0012874523463819012)	(38.0, 0.0017166031285092017)	(39.0, 0.003004055474891103)	(40.0, 0.0047206586034003045)	(41.0, 0.0034332062570184034)	(42.0, 0.006866412514036807)	(43.0, 0.012445372681691713)	(44.0, 0.019311785195728518)	(45.0, 0.02875310240252913)	(46.0, 0.05149809385527605)	(47.0, 0.27937715916487255)	(48.0, 8.776991796067549)	(49.0, 22.681906287774208)	(50.0, 5.100027894800839)	(51.0, 1.1007717561565256)	(52.0, 6.161746929783779)	(53.0, 13.883886103382423)	(54.0, 9.513414538197996)	(55.0, 4.857557702898913)	(56.0, 13.90019383310326)	(57.0, 9.164514952328501)	(58.0, 2.2466043444364177)	(59.0, 0.7527304718512849)	(60.0, 0.35276194290864094)	(61.0, 0.2759439529078542)	(62.0, 0.2270207637453419)	(63.0, 0.14676956748753675)	(64.0, 0.1068585447496978)	(65.0, 0.07896374391142327)	(66.0, 0.07080987905100457)	(67.0, 0.05965195871569475)	(68.0, 0.05621875245867636)	(69.0, 0.029182253184656424)	(70.0, 0.013303674245946313)	(71.0, 0.005578960167654906)	(72.0, 0.0038623570391457035)	(73.0, 0.0034332062570184034)	(74.0, 0.0012874523463819012)	(75.0, 0.0021457539106365018)	(76.0, 0.0012874523463819012)	(77.0, 0.0012874523463819012)	(78.0, 0.0012874523463819012)	(79.0, 0.0012874523463819012)	(80.0, 0.0004291507821273004)	(81.0, 0.0021457539106365018)	(82.0, 0.0008583015642546008)	(83.0, 0.0)	(84.0, 0.0)	(85.0, 0.0008583015642546008)	(86.0, 0.0004291507821273004)	(87.0, 0.0004291507821273004)	(88.0, 0.0004291507821273004)	(89.0, 0.0004291507821273004)	(90.0, 0.0)	(91.0, 0.0)	(92.0, 0.0)	(93.0, 0.0)	(94.0, 0.0004291507821273004)	(95.0, 0.0008583015642546008)	(96.0, 0.0)	(97.0, 0.0)	(98.0, 0.0)	(99.0, 0.0004291507821273004)	(100.0, 0.0005722010428364005)
1050R_S2_R_Male_week5_S69_L001_R1_001	(0.0, 0.0)	(1.0, 0.0)	(2.0, 0.0)	(3.0, 0.0)	(4.0, 0.0)	(5.0, 0.0)	(6.0, 0.0)	(7.0, 0.0)	(8.0, 0.0)	(9.0, 0.0)	(10.0, 0.0)	(11.0, 0.0)	(12.0, 0.0)	(13.0, 0.0)	(14.0, 0.0)	(15.0, 0.0)	(16.0, 0.0)	(17.0, 0.0)	(18.0, 0.0)	(19.0, 0.0)	(20.0, 0.0)	(21.0, 0.0)	(22.0, 0.0)	(23.0, 0.0)	(24.0, 0.0)	(25.0, 0.0)	(26.0, 0.0)	(27.0, 0.0)	(28.0, 0.0)	(29.0, 0.0)	(30.0, 0.0)	(31.0, 0.0)	(32.0, 0.0)	(33.0, 0.0)	(34.0, 0.0)	(35.0, 0.0)	(36.0, 0.0)	(37.0, 0.0005988274957632955)	(38.0, 0.0)	(39.0, 0.001197654991526591)	(40.0, 0.001197654991526591)	(41.0, 0.002395309983053182)	(42.0, 0.004790619966106364)	(43.0, 0.004790619966106364)	(44.0, 0.01856365236866216)	(45.0, 0.04910385465259023)	(46.0, 1.2012479565011707)	(47.0, 24.768104052265663)	(48.0, 7.95721976370267)	(49.0, 2.4252513578413466)	(50.0, 5.208002730653381)	(51.0, 4.027713736503926)	(52.0, 0.7138023749498482)	(53.0, 6.452366266849509)	(54.0, 31.903732491781096)	(55.0, 11.668752582443576)	(56.0, 1.4814992245183929)	(57.0, 0.6185888031234843)	(58.0, 0.3592964974579773)	(59.0, 0.4078015246148042)	(60.0, 0.253304030707874)	(61.0, 0.22994975837310547)	(62.0, 0.07066164450006886)	(63.0, 0.03533082225003443)	(64.0, 0.01856365236866216)	(65.0, 0.010180067427976024)	(66.0, 0.016767169881372272)	(67.0, 0.06886516201277898)	(68.0, 0.013773032402555795)	(69.0, 0.0005988274957632955)	(70.0, 0.003592964974579773)	(71.0, 0.001197654991526591)	(72.0, 0.001197654991526591)	(73.0, 0.0)	(74.0, 0.0)	(75.0, 0.0)	(76.0, 0.0)	(77.0, 0.0)	(78.0, 0.0)	(79.0, 0.0)	(80.0, 0.0)	(81.0, 0.0)	(82.0, 0.0)	(83.0, 0.0)	(84.0, 0.0)	(85.0, 0.0)	(86.0, 0.0)	(87.0, 0.0)	(88.0, 0.0)	(89.0, 0.0)	(90.0, 0.0)	(91.0, 0.0)	(92.0, 0.0)	(93.0, 0.0)	(94.0, 0.0)	(95.0, 0.0)	(96.0, 0.0)	(97.0, 0.0)	(98.0, 0.0)	(99.0, 0.0)	(100.0, 0.0)
1050R_S2_R_Male_week5_S69_L001_R2_001	(0.0, 0.0)	(1.0, 0.0)	(2.0, 0.0)	(3.0, 0.0)	(4.0, 0.0)	(5.0, 0.0)	(6.0, 0.0)	(7.0, 0.0)	(8.0, 0.0)	(9.0, 0.0)	(10.0, 0.0)	(11.0, 0.0)	(12.0, 0.0)	(13.0, 0.0)	(14.0, 0.0)	(15.0, 0.0)	(16.0, 0.0)	(17.0, 0.0)	(18.0, 0.0)	(19.0, 0.0)	(20.0, 0.0)	(21.0, 0.0)	(22.0, 0.0)	(23.0, 0.0)	(24.0, 0.0)	(25.0, 0.0)	(26.0, 0.0)	(27.0, 0.0)	(28.0, 0.0)	(29.0, 0.0)	(30.0, 0.0)	(31.0, 0.0)	(32.0, 0.0)	(33.0, 0.0)	(34.0, 0.0)	(35.0, 0.0005973430182548027)	(36.0, 0.0005973430182548027)	(37.0, 0.002986715091274013)	(38.0, 0.0023893720730192108)	(39.0, 0.0035840581095288155)	(40.0, 0.005376087164293224)	(41.0, 0.0035840581095288155)	(42.0, 0.007168116219057631)	(43.0, 0.012544203383350855)	(44.0, 0.02090700563891809)	(45.0, 0.021504348657172895)	(46.0, 0.060331644843735065)	(47.0, 0.24849469559399792)	(48.0, 7.6979594762496415)	(49.0, 22.89317117461531)	(50.0, 5.616816400649909)	(51.0, 1.2161903851667781)	(52.0, 4.279365382777406)	(53.0, 9.377688043582147)	(54.0, 7.8699942655070245)	(55.0, 5.221972665583484)	(56.0, 18.248231864665964)	(57.0, 11.76228137245532)	(58.0, 2.7549460001911497)	(59.0, 0.9282710503679632)	(60.0, 0.45099397878237596)	(61.0, 0.31181305552900695)	(62.0, 0.2562601548313103)	(63.0, 0.16367198700181593)	(64.0, 0.12783140590652775)	(65.0, 0.09378285386600402)	(66.0, 0.06929179011755711)	(67.0, 0.0913934817929848)	(68.0, 0.07347319124534073)	(69.0, 0.03822995316830737)	(70.0, 0.016128261492879672)	(71.0, 0.008960145273822039)	(72.0, 0.005376087164293224)	(73.0, 0.0047787441460384215)	(74.0, 0.002986715091274013)	(75.0, 0.0017920290547644077)	(76.0, 0.0011946860365096054)	(77.0, 0.0017920290547644077)	(78.0, 0.0011946860365096054)	(79.0, 0.0017920290547644077)	(80.0, 0.0005973430182548027)	(81.0, 0.0)	(82.0, 0.0)	(83.0, 0.0011946860365096054)	(84.0, 0.0017920290547644077)	(85.0, 0.0011946860365096054)	(86.0, 0.002986715091274013)	(87.0, 0.0)	(88.0, 0.0)	(89.0, 0.0011946860365096054)	(90.0, 0.0011946860365096054)	(91.0, 0.0005973430182548027)	(92.0, 0.0005973430182548027)	(93.0, 0.0)	(94.0, 0.0005973430182548027)	(95.0, 0.0017920290547644077)	(96.0, 0.0011946860365096054)	(97.0, 0.0011946860365096054)	(98.0, 0.0011946860365096054)	(99.0, 0.0005973430182548027)	(100.0, 0.0023893720730192108)
1050R_S2_R_Male_week9_S83_L001_R1_001	(0.0, 0.0)	(1.0, 0.0)	(2.0, 0.0)	(3.0, 0.0)	(4.0, 0.0)	(5.0, 0.0)	(6.0, 0.0)	(7.0, 0.0)	(8.0, 0.0)	(9.0, 0.0)	(10.0, 0.0)	(11.0, 0.0)	(12.0, 0.0)	(13.0, 0.0)	(14.0, 0.0)	(15.0, 0.0)	(16.0, 0.0)	(17.0, 0.0)	(18.0, 0.0)	(19.0, 0.0)	(20.0, 0.0)	(21.0, 0.0)	(22.0, 0.0)	(23.0, 0.0)	(24.0, 0.0)	(25.0, 0.0)	(26.0, 0.0)	(27.0, 0.0)	(28.0, 0.0)	(29.0, 0.0)	(30.0, 0.0)	(31.0, 0.0)	(32.0, 0.0)	(33.0, 0.0005533421868083224)	(34.0, 0.0)	(35.0, 0.0)	(36.0, 0.0005533421868083224)	(37.0, 0.0005533421868083224)	(38.0, 0.0011066843736166447)	(39.0, 0.0022133687472332894)	(40.0, 0.0027667109340416113)	(41.0, 0.004426737494466579)	(42.0, 0.005533421868083223)	(43.0, 0.009406817175741478)	(44.0, 0.016046923417441343)	(45.0, 0.05422753430721558)	(46.0, 1.1725320938468349)	(47.0, 19.13180610889774)	(48.0, 6.713147410358565)	(49.0, 2.3046702080566623)	(50.0, 5.024900398406375)	(51.0, 4.079238601150951)	(52.0, 0.9002877379371403)	(53.0, 7.9664674634794155)	(54.0, 34.99612660469234)	(55.0, 13.391987605135016)	(56.0, 1.8182824258521468)	(57.0, 0.7447985834440017)	(58.0, 0.4526339088092076)	(59.0, 0.4659141212926074)	(60.0, 0.28054448871181936)	(61.0, 0.16268260292164674)	(62.0, 0.07746790615316512)	(63.0, 0.03154050464807437)	(64.0, 0.025453740593182825)	(65.0, 0.01217352810978309)	(66.0, 0.02268702965914121)	(67.0, 0.08798140770252323)	(68.0, 0.025453740593182825)	(69.0, 0.0049800796812749)	(70.0, 0.0038733953076582556)	(71.0, 0.0011066843736166447)	(72.0, 0.0)	(73.0, 0.0011066843736166447)	(74.0, 0.0005533421868083224)	(75.0, 0.0)	(76.0, 0.0)	(77.0, 0.0)	(78.0, 0.0005533421868083224)	(79.0, 0.0011066843736166447)	(80.0, 0.0005533421868083224)	(81.0, 0.0)	(82.0, 0.0)	(83.0, 0.0)	(84.0, 0.0)	(85.0, 0.0)	(86.0, 0.0)	(87.0, 0.0)	(88.0, 0.0)	(89.0, 0.0)	(90.0, 0.0)	(91.0, 0.0)	(92.0, 0.0)	(93.0, 0.0)	(94.0, 0.0)	(95.0, 0.0)	(96.0, 0.0)	(97.0, 0.0)	(98.0, 0.0)	(99.0, 0.0)	(100.0, 0.0)
1050R_S2_R_Male_week9_S83_L001_R2_001	(0.0, 0.0)	(1.0, 0.0)	(2.0, 0.0)	(3.0, 0.0)	(4.0, 0.0)	(5.0, 0.0)	(6.0, 0.0)	(7.0, 0.0)	(8.0, 0.0)	(9.0, 0.0)	(10.0, 0.0)	(11.0, 0.0)	(12.0, 0.0)	(13.0, 0.0)	(14.0, 0.0)	(15.0, 0.0)	(16.0, 0.0)	(17.0, 0.0)	(18.0, 0.0)	(19.0, 0.0)	(20.0, 0.0)	(21.0, 0.0)	(22.0, 0.0)	(23.0, 0.0)	(24.0, 0.0)	(25.0, 0.0)	(26.0, 0.0)	(27.0, 0.0)	(28.0, 0.0)	(29.0, 0.0)	(30.0, 0.0)	(31.0, 0.0)	(32.0, 0.0005582755983318725)	(33.0, 0.0)	(34.0, 0.0)	(35.0, 0.0)	(36.0, 0.0)	(37.0, 0.001116551196663745)	(38.0, 0.0027913779916593625)	(39.0, 0.003907929188323107)	(40.0, 0.00223310239332749)	(41.0, 0.00446620478665498)	(42.0, 0.005024480384986853)	(43.0, 0.010607236368305578)	(44.0, 0.01563171675329243)	(45.0, 0.022889299531606774)	(46.0, 0.059177213423178485)	(47.0, 0.26797228719929883)	(48.0, 7.631627429196697)	(49.0, 18.07026456680605)	(50.0, 4.3428258794236365)	(51.0, 1.1930349536352116)	(52.0, 5.100964141958319)	(53.0, 11.653444839579507)	(54.0, 8.416004644852979)	(55.0, 5.228250978377986)	(56.0, 18.77090044271255)	(57.0, 13.071464859342463)	(58.0, 3.239115021521524)	(59.0, 1.047325022470593)	(60.0, 0.49239907772871155)	(61.0, 0.32212502023749046)	(62.0, 0.21996058574275776)	(63.0, 0.17808991586786732)	(64.0, 0.1261702852230032)	(65.0, 0.10272271009306455)	(66.0, 0.0893240957330996)	(67.0, 0.08653271774144024)	(68.0, 0.08374133974978087)	(69.0, 0.058060662226514737)	(70.0, 0.03126343350658486)	(71.0, 0.01339861435996494)	(72.0, 0.006141031581650597)	(73.0, 0.005024480384986853)	(74.0, 0.00223310239332749)	(75.0, 0.0016748267949956174)	(76.0, 0.0016748267949956174)	(77.0, 0.0027913779916593625)	(78.0, 0.00223310239332749)	(79.0, 0.0016748267949956174)	(80.0, 0.0)	(81.0, 0.0)	(82.0, 0.0005582755983318725)	(83.0, 0.0005582755983318725)	(84.0, 0.001116551196663745)	(85.0, 0.0005582755983318725)	(86.0, 0.0005582755983318725)	(87.0, 0.0)	(88.0, 0.0)	(89.0, 0.0005582755983318725)	(90.0, 0.0005582755983318725)	(91.0, 0.0005582755983318725)	(92.0, 0.001116551196663745)	(93.0, 0.001116551196663745)	(94.0, 0.0)	(95.0, 0.0)	(96.0, 0.0)	(97.0, 0.0005582755983318725)	(98.0, 0.0005582755983318725)	(99.0, 0.0005582755983318725)	(100.0, 0.00223310239332749)
1127R_S2_0_Female_week5_S62_L001_R1_001	(0.0, 0.0)	(1.0, 0.0)	(2.0, 0.0)	(3.0, 0.0)	(4.0, 0.0)	(5.0, 0.0)	(6.0, 0.0)	(7.0, 0.0)	(8.0, 0.0)	(9.0, 0.0)	(10.0, 0.0)	(11.0, 0.0)	(12.0, 0.0)	(13.0, 0.0)	(14.0, 0.0)	(15.0, 0.0)	(16.0, 0.0)	(17.0, 0.0)	(18.0, 0.0)	(19.0, 0.0)	(20.0, 0.0)	(21.0, 0.0)	(22.0, 0.0)	(23.0, 0.0)	(24.0, 0.0)	(25.0, 0.0)	(26.0, 0.0)	(27.0, 0.0)	(28.0, 0.0)	(29.0, 0.0)	(30.0, 0.0)	(31.0, 0.0)	(32.0, 0.0)	(33.0, 0.0)	(34.0, 0.0)	(35.0, 0.0004956678628784424)	(36.0, 0.0004956678628784424)	(37.0, 0.0)	(38.0, 0.0)	(39.0, 0.0004956678628784424)	(40.0, 0.0004956678628784424)	(41.0, 0.0009913357257568848)	(42.0, 0.0004956678628784424)	(43.0, 0.003965342903027539)	(44.0, 0.011400360846204174)	(45.0, 0.034696750401490964)	(46.0, 1.1727501635703947)	(47.0, 19.992763249201975)	(48.0, 5.7794872811626385)	(49.0, 2.2389317366219244)	(50.0, 4.673156611217955)	(51.0, 3.6059837024406685)	(52.0, 0.7311100977457026)	(53.0, 6.393619763269029)	(54.0, 37.46307274421556)	(55.0, 13.999147451275848)	(56.0, 1.6743660408033785)	(57.0, 0.6855086543608858)	(58.0, 0.4307353728413664)	(59.0, 0.45997977675119456)	(60.0, 0.25080793861649187)	(61.0, 0.22949422051271887)	(62.0, 0.0783155223347939)	(63.0, 0.03568808612724785)	(64.0, 0.010904692983325734)	(65.0, 0.01040902512044729)	(66.0, 0.007435017943176636)	(67.0, 0.01685270733786704)	(68.0, 0.0044610107659059815)	(69.0, 0.0004956678628784424)	(70.0, 0.0004956678628784424)	(71.0, 0.0)	(72.0, 0.0004956678628784424)	(73.0, 0.0)	(74.0, 0.0)	(75.0, 0.0)	(76.0, 0.0)	(77.0, 0.0)	(78.0, 0.0)	(79.0, 0.0)	(80.0, 0.0)	(81.0, 0.0)	(82.0, 0.0)	(83.0, 0.0)	(84.0, 0.0)	(85.0, 0.0)	(86.0, 0.0)	(87.0, 0.0)	(88.0, 0.0)	(89.0, 0.0)	(90.0, 0.0)	(91.0, 0.0)	(92.0, 0.0)	(93.0, 0.0)	(94.0, 0.0)	(95.0, 0.0)	(96.0, 0.0)	(97.0, 0.0)	(98.0, 0.0)	(99.0, 0.0)	(100.0, 0.0)
1127R_S2_0_Female_week5_S62_L001_R2_001	(0.0, 0.0)	(1.0, 0.0)	(2.0, 0.0)	(3.0, 0.0)	(4.0, 0.0)	(5.0, 0.0)	(6.0, 0.0)	(7.0, 0.0)	(8.0, 0.0)	(9.0, 0.0)	(10.0, 0.0)	(11.0, 0.0)	(12.0, 0.0)	(13.0, 0.0)	(14.0, 0.0)	(15.0, 0.0)	(16.0, 0.0)	(17.0, 0.0004907750647005127)	(18.0, 0.0)	(19.0, 0.0)	(20.0, 0.0)	(21.0, 0.0)	(22.0, 0.0)	(23.0, 0.0)	(24.0, 0.0)	(25.0, 0.0)	(26.0, 0.0004907750647005127)	(27.0, 0.0)	(28.0, 0.0)	(29.0, 0.0)	(30.0, 0.0)	(31.0, 0.0)	(32.0, 0.0)	(33.0, 0.0009815501294010254)	(34.0, 0.0)	(35.0, 0.0)	(36.0, 0.0004907750647005127)	(37.0, 0.0)	(38.0, 0.0)	(39.0, 0.001472325194101538)	(40.0, 0.0034354254529035885)	(41.0, 0.003926200517604101)	(42.0, 0.010797051423411278)	(43.0, 0.009815501294010253)	(44.0, 0.01668635219981743)	(45.0, 0.02208487791152307)	(46.0, 0.055948357375858446)	(47.0, 0.2635462097441753)	(48.0, 7.4735226852594066)	(49.0, 17.669374654412557)	(50.0, 4.05920056013794)	(51.0, 1.0134505086065588)	(52.0, 3.6229015276191845)	(53.0, 8.420718560131396)	(54.0, 8.646965864958332)	(55.0, 6.589146018669083)	(56.0, 21.429693200147888)	(57.0, 14.149535890380479)	(58.0, 3.4913738102794474)	(59.0, 1.1091516462231588)	(60.0, 0.5118783924826348)	(61.0, 0.369553623719486)	(62.0, 0.3023174398555158)	(63.0, 0.19974545133310864)	(64.0, 0.15017716979835688)	(65.0, 0.1280922918868338)	(66.0, 0.08343176099908715)	(67.0, 0.0731254846403764)	(68.0, 0.05104060672885332)	(69.0, 0.026501853493827682)	(70.0, 0.012269376617512817)	(71.0, 0.010306276358710766)	(72.0, 0.0034354254529035885)	(73.0, 0.0004907750647005127)	(74.0, 0.0004907750647005127)	(75.0, 0.002453875323502563)	(76.0, 0.0009815501294010254)	(77.0, 0.0004907750647005127)	(78.0, 0.0004907750647005127)	(79.0, 0.0)	(80.0, 0.0009815501294010254)	(81.0, 0.0009815501294010254)	(82.0, 0.0)	(83.0, 0.0004907750647005127)	(84.0, 0.0)	(85.0, 0.0)	(86.0, 0.0)	(87.0, 0.0004907750647005127)	(88.0, 0.0004907750647005127)	(89.0, 0.0004907750647005127)	(90.0, 0.0004907750647005127)	(91.0, 0.0004907750647005127)	(92.0, 0.0004907750647005127)	(93.0, 0.0009815501294010254)	(94.0, 0.0)	(95.0, 0.0)	(96.0, 0.0)	(97.0, 0.0004907750647005127)	(98.0, 0.0)	(99.0, 0.0)	(100.0, 0.0006543667529340169)
1127R_S2_0_Female_week9_S76_L001_R1_001	(0.0, 0.0)	(1.0, 0.0)	(2.0, 0.0)	(3.0, 0.0)	(4.0, 0.0)	(5.0, 0.0)	(6.0, 0.0)	(7.0, 0.0)	(8.0, 0.0)	(9.0, 0.0)	(10.0, 0.0)	(11.0, 0.0)	(12.0, 0.0)	(13.0, 0.0)	(14.0, 0.0)	(15.0, 0.0)	(16.0, 0.0)	(17.0, 0.0)	(18.0, 0.0)	(19.0, 0.0)	(20.0, 0.0)	(21.0, 0.0)	(22.0, 0.0)	(23.0, 0.0)	(24.0, 0.0)	(25.0, 0.0)	(26.0, 0.0)	(27.0, 0.0)	(28.0, 0.0)	(29.0, 0.0)	(30.0, 0.0)	(31.0, 0.0)	(32.0, 0.0)	(33.0, 0.0)	(34.0, 0.0)	(35.0, 0.0)	(36.0, 0.0005230864191073007)	(37.0, 0.001569259257321902)	(38.0, 0.0005230864191073007)	(39.0, 0.002092345676429203)	(40.0, 0.004707777771965706)	(41.0, 0.003138518514643804)	(42.0, 0.004707777771965706)	(43.0, 0.009938641963038713)	(44.0, 0.02040037034518473)	(45.0, 0.057539506101803084)	(46.0, 1.2580228379530582)	(47.0, 21.78550318298086)	(48.0, 7.083636287551067)	(49.0, 2.6855256756968817)	(50.0, 6.1441730788343545)	(51.0, 4.792517771861089)	(52.0, 0.7741679002788051)	(53.0, 7.792418385441459)	(54.0, 32.64111563871467)	(55.0, 11.736489985510506)	(56.0, 1.395071479759171)	(57.0, 0.582718270885533)	(58.0, 0.3755760489190419)	(59.0, 0.33739074032420896)	(60.0, 0.18464950594487714)	(61.0, 0.15587975289397563)	(62.0, 0.06904740732216369)	(63.0, 0.030339012308223442)	(64.0, 0.013077160477682518)	(65.0, 0.0026154320955365036)	(66.0, 0.008369382705716811)	(67.0, 0.034523703661081845)	(68.0, 0.005753950610180308)	(69.0, 0.002092345676429203)	(70.0, 0.002092345676429203)	(71.0, 0.001569259257321902)	(72.0, 0.0005230864191073007)	(73.0, 0.0)	(74.0, 0.0)	(75.0, 0.0)	(76.0, 0.0)	(77.0, 0.0)	(78.0, 0.0)	(79.0, 0.0)	(80.0, 0.0)	(81.0, 0.0)	(82.0, 0.0)	(83.0, 0.0)	(84.0, 0.0)	(85.0, 0.0)	(86.0, 0.0)	(87.0, 0.0)	(88.0, 0.0)	(89.0, 0.0)	(90.0, 0.0)	(91.0, 0.0)	(92.0, 0.0)	(93.0, 0.0)	(94.0, 0.0)	(95.0, 0.0)	(96.0, 0.0)	(97.0, 0.0)	(98.0, 0.0)	(99.0, 0.0)	(100.0, 0.0)
1127R_S2_0_Female_week9_S76_L001_R2_001	(0.0, 0.0)	(1.0, 0.0)	(2.0, 0.0)	(3.0, 0.0)	(4.0, 0.0)	(5.0, 0.0)	(6.0, 0.0)	(7.0, 0.0)	(8.0, 0.0)	(9.0, 0.0)	(10.0, 0.0)	(11.0, 0.0)	(12.0, 0.0)	(13.0, 0.0)	(14.0, 0.0)	(15.0, 0.0)	(16.0, 0.0)	(17.0, 0.0)	(18.0, 0.0)	(19.0, 0.0)	(20.0, 0.0)	(21.0, 0.0)	(22.0, 0.0)	(23.0, 0.0)	(24.0, 0.0)	(25.0, 0.0)	(26.0, 0.0)	(27.0, 0.0)	(28.0, 0.0)	(29.0, 0.0)	(30.0, 0.0)	(31.0, 0.0)	(32.0, 0.0)	(33.0, 0.0)	(34.0, 0.0005256343092026302)	(35.0, 0.0)	(36.0, 0.0)	(37.0, 0.0)	(38.0, 0.0005256343092026302)	(39.0, 0.0010512686184052603)	(40.0, 0.004205074473621041)	(41.0, 0.008935783256444714)	(42.0, 0.007884514638039453)	(43.0, 0.009987051874849974)	(44.0, 0.014192126348471017)	(45.0, 0.026807349769334143)	(46.0, 0.05098652799265513)	(47.0, 0.30854733950194396)	(48.0, 9.060358587725737)	(49.0, 19.695517565822556)	(50.0, 4.150408505463968)	(51.0, 1.2336637236985732)	(52.0, 5.390379840872973)	(53.0, 12.52428868537107)	(54.0, 9.30267600426815)	(55.0, 5.230061376566171)	(56.0, 17.310714704970223)	(57.0, 10.679312260069839)	(58.0, 2.5240959527910305)	(59.0, 0.8420661633426137)	(60.0, 0.4184049101252937)	(61.0, 0.32326510015961757)	(62.0, 0.2281252901939415)	(63.0, 0.16557480739882852)	(64.0, 0.12037025680740232)	(65.0, 0.09198600411046029)	(66.0, 0.07411443759757087)	(67.0, 0.05887104263069459)	(68.0, 0.05571723677547881)	(69.0, 0.034691864407373596)	(70.0, 0.011038320493255234)	(71.0, 0.006833246019634193)	(72.0, 0.0052563430920263025)	(73.0, 0.003679440164418412)	(74.0, 0.003679440164418412)	(75.0, 0.0015769029276078907)	(76.0, 0.0015769029276078907)	(77.0, 0.0005256343092026302)	(78.0, 0.0010512686184052603)	(79.0, 0.0015769029276078907)	(80.0, 0.0)	(81.0, 0.0010512686184052603)	(82.0, 0.0010512686184052603)	(83.0, 0.0015769029276078907)	(84.0, 0.0005256343092026302)	(85.0, 0.0010512686184052603)	(86.0, 0.0005256343092026302)	(87.0, 0.0)	(88.0, 0.0005256343092026302)	(89.0, 0.0005256343092026302)	(90.0, 0.0)	(91.0, 0.0005256343092026302)	(92.0, 0.0005256343092026302)	(93.0, 0.0010512686184052603)	(94.0, 0.0005256343092026302)	(95.0, 0.0005256343092026302)	(96.0, 0.0005256343092026302)	(97.0, 0.0005256343092026302)	(98.0, 0.0)	(99.0, 0.0010512686184052603)	(100.0, 0.002803382982414028)
1127R_S2_R_Female_week5_S63_L001_R1_001	(0.0, 0.0)	(1.0, 0.0)	(2.0, 0.0)	(3.0, 0.0)	(4.0, 0.0)	(5.0, 0.0)	(6.0, 0.0)	(7.0, 0.0)	(8.0, 0.0)	(9.0, 0.0)	(10.0, 0.0)	(11.0, 0.0)	(12.0, 0.0)	(13.0, 0.0)	(14.0, 0.0)	(15.0, 0.0)	(16.0, 0.0)	(17.0, 0.0)	(18.0, 0.0)	(19.0, 0.0)	(20.0, 0.0)	(21.0, 0.0)	(22.0, 0.0)	(23.0, 0.0)	(24.0, 0.0)	(25.0, 0.0)	(26.0, 0.0)	(27.0, 0.0)	(28.0, 0.0)	(29.0, 0.0)	(30.0, 0.0)	(31.0, 0.0)	(32.0, 0.0)	(33.0, 0.0)	(34.0, 0.0)	(35.0, 0.0)	(36.0, 0.0)	(37.0, 0.000549215171519898)	(38.0, 0.000549215171519898)	(39.0, 0.0)	(40.0, 0.000549215171519898)	(41.0, 0.002196860686079592)	(42.0, 0.0038445062006392866)	(43.0, 0.007139797229758675)	(44.0, 0.011533518601917859)	(45.0, 0.050527795779830624)	(46.0, 1.61688946495458)	(47.0, 25.59836992937093)	(48.0, 7.341359197706478)	(49.0, 2.7164182383374156)	(50.0, 5.7316095299816565)	(51.0, 4.206438998670899)	(52.0, 0.6782807368270741)	(53.0, 6.852008479882249)	(54.0, 30.473753006953064)	(55.0, 11.15401091839761)	(56.0, 1.5350564043981152)	(57.0, 0.6052351190149277)	(58.0, 0.3399641911708169)	(59.0, 0.4542009468469557)	(60.0, 0.2520897637276332)	(61.0, 0.18838080383132505)	(62.0, 0.06920111161150715)	(63.0, 0.035149770977273474)	(64.0, 0.017574885488636737)	(65.0, 0.011533518601917859)	(66.0, 0.010435088258878063)	(67.0, 0.026911543404475005)	(68.0, 0.007139797229758675)	(69.0, 0.001098430343039796)	(70.0, 0.0)	(71.0, 0.0)	(72.0, 0.0)	(73.0, 0.0)	(74.0, 0.0)	(75.0, 0.0)	(76.0, 0.0)	(77.0, 0.0)	(78.0, 0.0)	(79.0, 0.0)	(80.0, 0.0)	(81.0, 0.0)	(82.0, 0.0)	(83.0, 0.0)	(84.0, 0.0)	(85.0, 0.0)	(86.0, 0.0)	(87.0, 0.0)	(88.0, 0.0)	(89.0, 0.0)	(90.0, 0.0)	(91.0, 0.0)	(92.0, 0.0)	(93.0, 0.0)	(94.0, 0.0)	(95.0, 0.0)	(96.0, 0.0)	(97.0, 0.0)	(98.0, 0.0)	(99.0, 0.0)	(100.0, 0.0)
1127R_S2_R_Female_week5_S63_L001_R2_001	(0.0, 0.0)	(1.0, 0.0)	(2.0, 0.0)	(3.0, 0.0)	(4.0, 0.0)	(5.0, 0.0)	(6.0, 0.0)	(7.0, 0.0)	(8.0, 0.0)	(9.0, 0.0)	(10.0, 0.0)	(11.0, 0.0)	(12.0, 0.0)	(13.0, 0.0)	(14.0, 0.0)	(15.0, 0.0)	(16.0, 0.0)	(17.0, 0.0)	(18.0, 0.0)	(19.0, 0.0)	(20.0, 0.0)	(21.0, 0.0)	(22.0, 0.0)	(23.0, 0.0)	(24.0, 0.0)	(25.0, 0.0)	(26.0, 0.0)	(27.0, 0.0)	(28.0, 0.0)	(29.0, 0.0)	(30.0, 0.0)	(31.0, 0.0)	(32.0, 0.0)	(33.0, 0.0)	(34.0, 0.0)	(35.0, 0.0)	(36.0, 0.0005441939942750792)	(37.0, 0.0005441939942750792)	(38.0, 0.0027209699713753956)	(39.0, 0.0010883879885501583)	(40.0, 0.0032651639656504747)	(41.0, 0.005441939942750791)	(42.0, 0.004897745948475712)	(43.0, 0.009251297902676347)	(44.0, 0.01959098379390285)	(45.0, 0.03319583365077983)	(46.0, 0.07128941325003538)	(47.0, 0.3662425581471283)	(48.0, 9.922833291611793)	(49.0, 22.446913875858463)	(50.0, 4.998421837416602)	(51.0, 1.1700170876914202)	(52.0, 4.107032074794023)	(53.0, 9.621894012777675)	(54.0, 9.199599473220212)	(55.0, 5.811991858857846)	(56.0, 16.00909892358428)	(57.0, 10.86102373774203)	(58.0, 2.907628511411748)	(59.0, 0.9414556100958869)	(60.0, 0.40052677978645823)	(61.0, 0.3009392788341188)	(62.0, 0.22692889561270801)	(63.0, 0.1463881844599963)	(64.0, 0.1023084709237149)	(65.0, 0.08707103908401266)	(66.0, 0.06856844327865998)	(67.0, 0.05006584747330728)	(68.0, 0.034828415633605066)	(69.0, 0.02503292373665364)	(70.0, 0.016325819828252375)	(71.0, 0.005441939942750791)	(72.0, 0.004353551954200633)	(73.0, 0.0027209699713753956)	(74.0, 0.0005441939942750792)	(75.0, 0.0005441939942750792)	(76.0, 0.0)	(77.0, 0.0005441939942750792)	(78.0, 0.0005441939942750792)	(79.0, 0.0010883879885501583)	(80.0, 0.0005441939942750792)	(81.0, 0.0010883879885501583)	(82.0, 0.0)	(83.0, 0.0005441939942750792)	(84.0, 0.0)	(85.0, 0.0005441939942750792)	(86.0, 0.0)	(87.0, 0.0005441939942750792)	(88.0, 0.0)	(89.0, 0.0)	(90.0, 0.0005441939942750792)	(91.0, 0.0005441939942750792)	(92.0, 0.0)	(93.0, 0.0)	(94.0, 0.0005441939942750792)	(95.0, 0.0005441939942750792)	(96.0, 0.0005441939942750792)	(97.0, 0.0)	(98.0, 0.0010883879885501583)	(99.0, 0.0)	(100.0, 0.0021767759771003166)
1127R_S2_R_Female_week9_S77_L001_R1_001	(0.0, 0.0)	(1.0, 0.0)	(2.0, 0.0)	(3.0, 0.0)	(4.0, 0.0)	(5.0, 0.0)	(6.0, 0.0)	(7.0, 0.0)	(8.0, 0.0)	(9.0, 0.0)	(10.0, 0.0)	(11.0, 0.0)	(12.0, 0.0)	(13.0, 0.0)	(14.0, 0.0)	(15.0, 0.0)	(16.0, 0.0)	(17.0, 0.0)	(18.0, 0.0)	(19.0, 0.0)	(20.0, 0.0)	(21.0, 0.0)	(22.0, 0.0)	(23.0, 0.0)	(24.0, 0.0)	(25.0, 0.0)	(26.0, 0.0)	(27.0, 0.0)	(28.0, 0.0)	(29.0, 0.0)	(30.0, 0.0)	(31.0, 0.0)	(32.0, 0.0002760646432968744)	(33.0, 0.0002760646432968744)	(34.0, 0.0)	(35.0, 0.0)	(36.0, 0.0002760646432968744)	(37.0, 0.0005521292865937488)	(38.0, 0.0005521292865937488)	(39.0, 0.0011042585731874976)	(40.0, 0.0019324525030781207)	(41.0, 0.0027606464329687436)	(42.0, 0.003588840362859367)	(43.0, 0.007453745369015609)	(44.0, 0.017392072527703084)	(45.0, 0.04775918329035927)	(46.0, 1.2784553631078253)	(47.0, 19.717641082835957)	(48.0, 6.793674806892783)	(49.0, 2.5552543383558697)	(50.0, 3.863524682939757)	(51.0, 2.8208285252074625)	(52.0, 0.8298503177504045)	(53.0, 9.70588072903151)	(54.0, 35.8942009861029)	(55.0, 12.623607944036175)	(56.0, 1.866196988686871)	(57.0, 0.7163877493553891)	(58.0, 0.40388257314332726)	(59.0, 0.35115422627362425)	(60.0, 0.2006989956768277)	(61.0, 0.16039355775548403)	(62.0, 0.05852570437893738)	(63.0, 0.03174743397914056)	(64.0, 0.012422908948359348)	(65.0, 0.0069016160824218594)	(66.0, 0.004693098936046865)	(67.0, 0.009938327158687478)	(68.0, 0.004693098936046865)	(69.0, 0.0027606464329687436)	(70.0, 0.0013803232164843718)	(71.0, 0.0005521292865937488)	(72.0, 0.0005521292865937488)	(73.0, 0.0002760646432968744)	(74.0, 0.0)	(75.0, 0.0)	(76.0, 0.0)	(77.0, 0.0)	(78.0, 0.0)	(79.0, 0.0)	(80.0, 0.0)	(81.0, 0.0)	(82.0, 0.0)	(83.0, 0.0)	(84.0, 0.0)	(85.0, 0.0)	(86.0, 0.0)	(87.0, 0.0)	(88.0, 0.0)	(89.0, 0.0)	(90.0, 0.0)	(91.0, 0.0)	(92.0, 0.0)	(93.0, 0.0)	(94.0, 0.0)	(95.0, 0.0)	(96.0, 0.0)	(97.0, 0.0)	(98.0, 0.0)	(99.0, 0.0)	(100.0, 0.0)
1127R_S2_R_Female_week9_S77_L001_R2_001	(0.0, 0.0)	(1.0, 0.00027719233729502784)	(2.0, 0.00027719233729502784)	(3.0, 0.0)	(4.0, 0.0)	(5.0, 0.0)	(6.0, 0.0)	(7.0, 0.0)	(8.0, 0.0)	(9.0, 0.0)	(10.0, 0.0)	(11.0, 0.0)	(12.0, 0.0)	(13.0, 0.0)	(14.0, 0.0)	(15.0, 0.0)	(16.0, 0.0)	(17.0, 0.0)	(18.0, 0.0)	(19.0, 0.0)	(20.0, 0.0)	(21.0, 0.0)	(22.0, 0.0)	(23.0, 0.0)	(24.0, 0.0)	(25.0, 0.0)	(26.0, 0.0)	(27.0, 0.0)	(28.0, 0.0)	(29.0, 0.0)	(30.0, 0.0)	(31.0, 0.00027719233729502784)	(32.0, 0.00027719233729502784)	(33.0, 0.00027719233729502784)	(34.0, 0.00027719233729502784)	(35.0, 0.0005543846745900557)	(36.0, 0.001663154023770167)	(37.0, 0.0022175386983602228)	(38.0, 0.0024947310356552505)	(39.0, 0.005266654408605529)	(40.0, 0.004157885059425418)	(41.0, 0.0055438467459005564)	(42.0, 0.01025611647991603)	(43.0, 0.01635434790040664)	(44.0, 0.019957848285242004)	(45.0, 0.032154311126223224)	(46.0, 0.0587647755065459)	(47.0, 0.33928342084911406)	(48.0, 8.798084785744182)	(49.0, 17.658537847379748)	(50.0, 3.8651699512418682)	(51.0, 1.6492944069054156)	(52.0, 7.02155909602035)	(53.0, 13.851023902295246)	(54.0, 8.453257518149169)	(55.0, 5.283563141180526)	(56.0, 16.65510158637175)	(57.0, 11.075774221297428)	(58.0, 2.8553582664760815)	(59.0, 0.9030926349072007)	(60.0, 0.39915696570484005)	(61.0, 0.29160633883436926)	(62.0, 0.21621002309012172)	(63.0, 0.1435856307188244)	(64.0, 0.11309447361637136)	(65.0, 0.079554200803673)	(66.0, 0.05793319849466082)	(67.0, 0.04435077396720445)	(68.0, 0.03354027281269837)	(69.0, 0.018571886598766865)	(70.0, 0.010810501154506085)	(71.0, 0.0038806927221303896)	(72.0, 0.0027719233729502782)	(73.0, 0.003603500384835362)	(74.0, 0.0008315770118850835)	(75.0, 0.0005543846745900557)	(76.0, 0.0005543846745900557)	(77.0, 0.0008315770118850835)	(78.0, 0.0005543846745900557)	(79.0, 0.0005543846745900557)	(80.0, 0.0008315770118850835)	(81.0, 0.0008315770118850835)	(82.0, 0.0008315770118850835)	(83.0, 0.0005543846745900557)	(84.0, 0.0)	(85.0, 0.0)	(86.0, 0.00027719233729502784)	(87.0, 0.0)	(88.0, 0.0005543846745900557)	(89.0, 0.00027719233729502784)	(90.0, 0.0)	(91.0, 0.0)	(92.0, 0.0)	(93.0, 0.00027719233729502784)	(94.0, 0.00027719233729502784)	(95.0, 0.0013859616864751391)	(96.0, 0.00027719233729502784)	(97.0, 0.00027719233729502784)	(98.0, 0.0)	(99.0, 0.00027719233729502784)	(100.0, 0.0003695897830600371)
2514R_S2_L_Male_week5_S71_L001_R1_001	(0.0, 0.0)	(1.0, 0.0)	(2.0, 0.0)	(3.0, 0.0)	(4.0, 0.0)	(5.0, 0.0)	(6.0, 0.0)	(7.0, 0.0)	(8.0, 0.0)	(9.0, 0.0)	(10.0, 0.0)	(11.0, 0.0)	(12.0, 0.0)	(13.0, 0.0)	(14.0, 0.0)	(15.0, 0.0)	(16.0, 0.0)	(17.0, 0.0)	(18.0, 0.0)	(19.0, 0.0)	(20.0, 0.0)	(21.0, 0.0)	(22.0, 0.0)	(23.0, 0.0)	(24.0, 0.0)	(25.0, 0.0)	(26.0, 0.0)	(27.0, 0.0)	(28.0, 0.0)	(29.0, 0.0)	(30.0, 0.0)	(31.0, 0.0)	(32.0, 0.0)	(33.0, 0.0)	(34.0, 0.0)	(35.0, 0.0)	(36.0, 0.000879693163024737)	(37.0, 0.0)	(38.0, 0.001759386326049474)	(39.0, 0.000879693163024737)	(40.0, 0.0026390794890742107)	(41.0, 0.001759386326049474)	(42.0, 0.0043984658151236845)	(43.0, 0.008796931630247369)	(44.0, 0.018473556423519475)	(45.0, 0.09236778211759739)	(46.0, 1.4567718779689645)	(47.0, 22.87026285231711)	(48.0, 7.352475456560752)	(49.0, 2.755198986593476)	(50.0, 5.082867095956931)	(51.0, 3.6111404342165456)	(52.0, 0.8216334142651043)	(53.0, 7.637496041380766)	(54.0, 31.782434286920726)	(55.0, 12.046518174460747)	(56.0, 2.049685069847637)	(57.0, 0.7222280868433091)	(58.0, 0.4064182413174285)	(59.0, 0.5568457721946585)	(60.0, 0.30613322073260846)	(61.0, 0.21728421126711003)	(62.0, 0.07653330518315211)	(63.0, 0.03342834019494)	(64.0, 0.015834476934445264)	(65.0, 0.012315704282346318)	(66.0, 0.013195397445371054)	(67.0, 0.029909567542841055)	(68.0, 0.007037545304197896)	(69.0, 0.001759386326049474)	(70.0, 0.001759386326049474)	(71.0, 0.000879693163024737)	(72.0, 0.0)	(73.0, 0.0)	(74.0, 0.0)	(75.0, 0.0)	(76.0, 0.0)	(77.0, 0.0)	(78.0, 0.0)	(79.0, 0.0)	(80.0, 0.0)	(81.0, 0.0)	(82.0, 0.0)	(83.0, 0.0)	(84.0, 0.0)	(85.0, 0.0)	(86.0, 0.0)	(87.0, 0.0)	(88.0, 0.0)	(89.0, 0.0)	(90.0, 0.0)	(91.0, 0.0)	(92.0, 0.0)	(93.0, 0.0)	(94.0, 0.0)	(95.0, 0.0)	(96.0, 0.0)	(97.0, 0.0)	(98.0, 0.0)	(99.0, 0.0)	(100.0, 0.0)
2514R_S2_L_Male_week5_S71_L001_R2_001	(0.0, 0.0)	(1.0, 0.0)	(2.0, 0.0)	(3.0, 0.0)	(4.0, 0.0)	(5.0, 0.0)	(6.0, 0.0)	(7.0, 0.0)	(8.0, 0.0)	(9.0, 0.0)	(10.0, 0.0)	(11.0, 0.0)	(12.0, 0.0)	(13.0, 0.0)	(14.0, 0.0)	(15.0, 0.0)	(16.0, 0.0008737083677962745)	(17.0, 0.0)	(18.0, 0.0)	(19.0, 0.0)	(20.0, 0.0)	(21.0, 0.0)	(22.0, 0.0)	(23.0, 0.0)	(24.0, 0.0)	(25.0, 0.0)	(26.0, 0.0)	(27.0, 0.0)	(28.0, 0.0)	(29.0, 0.0)	(30.0, 0.0)	(31.0, 0.0)	(32.0, 0.0008737083677962745)	(33.0, 0.0)	(34.0, 0.0)	(35.0, 0.0)	(36.0, 0.0)	(37.0, 0.001747416735592549)	(38.0, 0.0)	(39.0, 0.0)	(40.0, 0.0026211251033888233)	(41.0, 0.0026211251033888233)	(42.0, 0.006115958574573921)	(43.0, 0.011358208781351568)	(44.0, 0.010484500413555293)	(45.0, 0.022716417562703137)	(46.0, 0.03844316818303607)	(47.0, 0.20095292459314315)	(48.0, 7.3111916217192245)	(49.0, 22.242867627357555)	(50.0, 4.766079146328677)	(51.0, 0.9270045782318471)	(52.0, 4.621917265642292)	(53.0, 10.737002131848417)	(54.0, 9.69728917417085)	(55.0, 5.7621066856164305)	(56.0, 17.346605934227235)	(57.0, 11.089106604070317)	(58.0, 2.790624526741301)	(59.0, 0.8972984937267738)	(60.0, 0.4019058491862863)	(61.0, 0.27958667769480783)	(62.0, 0.2437646346151606)	(63.0, 0.15464638109994058)	(64.0, 0.10135017066436784)	(65.0, 0.08300229494064607)	(66.0, 0.06552812758472058)	(67.0, 0.05766475227455412)	(68.0, 0.04892766859659137)	(69.0, 0.024463834298295684)	(70.0, 0.016600458988129216)	(71.0, 0.005242250206777647)	(72.0, 0.0026211251033888233)	(73.0, 0.003494833471185098)	(74.0, 0.004368541838981372)	(75.0, 0.0008737083677962745)	(76.0, 0.0008737083677962745)	(77.0, 0.0)	(78.0, 0.001747416735592549)	(79.0, 0.0008737083677962745)	(80.0, 0.0026211251033888233)	(81.0, 0.001747416735592549)	(82.0, 0.001747416735592549)	(83.0, 0.001747416735592549)	(84.0, 0.0)	(85.0, 0.0)	(86.0, 0.0)	(87.0, 0.0)	(88.0, 0.0008737083677962745)	(89.0, 0.0)	(90.0, 0.0)	(91.0, 0.0008737083677962745)	(92.0, 0.0008737083677962745)	(93.0, 0.0)	(94.0, 0.0)	(95.0, 0.0)	(96.0, 0.0)	(97.0, 0.0)	(98.0, 0.0008737083677962745)	(99.0, 0.0008737083677962745)	(100.0, 0.002329888980790065)
2514R_S2_L_Male_week9_S85_L001_R1_001	(0.0, 0.0)	(1.0, 0.0)	(2.0, 0.0)	(3.0, 0.0)	(4.0, 0.0)	(5.0, 0.0)	(6.0, 0.0)	(7.0, 0.0)	(8.0, 0.0)	(9.0, 0.0)	(10.0, 0.0)	(11.0, 0.0)	(12.0, 0.0)	(13.0, 0.0)	(14.0, 0.0)	(15.0, 0.0)	(16.0, 0.0)	(17.0, 0.0)	(18.0, 0.0)	(19.0, 0.0)	(20.0, 0.0)	(21.0, 0.0)	(22.0, 0.0)	(23.0, 0.0)	(24.0, 0.0)	(25.0, 0.0)	(26.0, 0.0)	(27.0, 0.0)	(28.0, 0.0)	(29.0, 0.0)	(30.0, 0.0)	(31.0, 0.0)	(32.0, 0.0)	(33.0, 0.000353736876361887)	(34.0, 0.0)	(35.0, 0.0)	(36.0, 0.0)	(37.0, 0.000353736876361887)	(38.0, 0.0010612106290856609)	(39.0, 0.001414947505447548)	(40.0, 0.002476158134533209)	(41.0, 0.002829895010895096)	(42.0, 0.0045985793927045306)	(43.0, 0.00707473752723774)	(44.0, 0.015210685683561142)	(45.0, 0.05730537397062569)	(46.0, 1.296091914989954)	(47.0, 20.211463904689136)	(48.0, 6.5275065795059)	(49.0, 2.0357557234626595)	(50.0, 4.896425842601239)	(51.0, 3.976356227183971)	(52.0, 0.7187933327673544)	(53.0, 8.002589353934969)	(54.0, 35.042943656790335)	(55.0, 13.255935704785351)	(56.0, 1.727650904151456)	(57.0, 0.7156097008800973)	(58.0, 0.3806208789653904)	(59.0, 0.42554546226335)	(60.0, 0.27308486855137676)	(61.0, 0.20799728330078956)	(62.0, 0.07286979653054872)	(63.0, 0.02653026572714152)	(64.0, 0.016271896312646802)	(65.0, 0.012027053796304157)	(66.0, 0.011319580043580383)	(67.0, 0.0488156889379404)	(68.0, 0.016979370065370574)	(69.0, 0.003891105639980757)	(70.0, 0.001414947505447548)	(71.0, 0.000353736876361887)	(72.0, 0.001414947505447548)	(73.0, 0.0010612106290856609)	(74.0, 0.0)	(75.0, 0.0)	(76.0, 0.0)	(77.0, 0.0)	(78.0, 0.0)	(79.0, 0.0)	(80.0, 0.0)	(81.0, 0.0)	(82.0, 0.0)	(83.0, 0.0)	(84.0, 0.0)	(85.0, 0.0)	(86.0, 0.0)	(87.0, 0.0)	(88.0, 0.0)	(89.0, 0.0)	(90.0, 0.0)	(91.0, 0.0)	(92.0, 0.0)	(93.0, 0.0)	(94.0, 0.0)	(95.0, 0.0)	(96.0, 0.0)	(97.0, 0.0)	(98.0, 0.0)	(99.0, 0.0)	(100.0, 0.0)
2514R_S2_L_Male_week9_S85_L001_R2_001	(0.0, 0.0)	(1.0, 0.0007133837933469828)	(2.0, 0.0003566918966734914)	(3.0, 0.0003566918966734914)	(4.0, 0.0)	(5.0, 0.0)	(6.0, 0.0)	(7.0, 0.0)	(8.0, 0.0)	(9.0, 0.0)	(10.0, 0.0)	(11.0, 0.0)	(12.0, 0.0003566918966734914)	(13.0, 0.0)	(14.0, 0.0)	(15.0, 0.0)	(16.0, 0.0)	(17.0, 0.0)	(18.0, 0.0)	(19.0, 0.0)	(20.0, 0.0)	(21.0, 0.0)	(22.0, 0.0)	(23.0, 0.0)	(24.0, 0.0)	(25.0, 0.0)	(26.0, 0.0)	(27.0, 0.0)	(28.0, 0.0)	(29.0, 0.0)	(30.0, 0.0)	(31.0, 0.0)	(32.0, 0.0)	(33.0, 0.0003566918966734914)	(34.0, 0.0003566918966734914)	(35.0, 0.0)	(36.0, 0.0003566918966734914)	(37.0, 0.0)	(38.0, 0.0035669189667349136)	(39.0, 0.0032102270700614228)	(40.0, 0.004636994656755388)	(41.0, 0.0035669189667349136)	(42.0, 0.007490529830143319)	(43.0, 0.011770832590225216)	(44.0, 0.01569444345363362)	(45.0, 0.029248735527226292)	(46.0, 0.05350378450102371)	(47.0, 0.31674240424606037)	(48.0, 8.278462229895062)	(49.0, 18.191643422244734)	(50.0, 4.22858243506424)	(51.0, 1.1250062421081917)	(52.0, 4.3972977021908015)	(53.0, 10.280573845923369)	(54.0, 9.829358596631401)	(55.0, 6.773579117829601)	(56.0, 17.846365666264795)	(57.0, 12.494917140472403)	(58.0, 3.2462529516254452)	(59.0, 1.0472474086333707)	(60.0, 0.4833175199925808)	(61.0, 0.34492106408326617)	(62.0, 0.2732259928518944)	(63.0, 0.18298294299350107)	(64.0, 0.1287657746991304)	(65.0, 0.11093117986545582)	(66.0, 0.07918560106151509)	(67.0, 0.05778408726110561)	(68.0, 0.05742739536443211)	(69.0, 0.03673926535736961)	(70.0, 0.01819128673034806)	(71.0, 0.0067771460367963355)	(72.0, 0.007490529830143319)	(73.0, 0.0021401513800409482)	(74.0, 0.0024968432767144394)	(75.0, 0.0021401513800409482)	(76.0, 0.0017834594833674568)	(77.0, 0.0007133837933469828)	(78.0, 0.0014267675866939656)	(79.0, 0.0014267675866939656)	(80.0, 0.0014267675866939656)	(81.0, 0.0010700756900204741)	(82.0, 0.0003566918966734914)	(83.0, 0.0003566918966734914)	(84.0, 0.0)	(85.0, 0.0)	(86.0, 0.0)	(87.0, 0.0)	(88.0, 0.0003566918966734914)	(89.0, 0.0)	(90.0, 0.0003566918966734914)	(91.0, 0.0010700756900204741)	(92.0, 0.0007133837933469828)	(93.0, 0.0003566918966734914)	(94.0, 0.0003566918966734914)	(95.0, 0.0)	(96.0, 0.0)	(97.0, 0.0003566918966734914)	(98.0, 0.0)	(99.0, 0.0003566918966734914)	(100.0, 0.0014267675866939656)
2514R_S2_R_Male_week5_S72_L001_R1_001	(0.0, 0.0)	(1.0, 0.0)	(2.0, 0.0)	(3.0, 0.0)	(4.0, 0.0)	(5.0, 0.0)	(6.0, 0.0)	(7.0, 0.0)	(8.0, 0.0)	(9.0, 0.0)	(10.0, 0.0)	(11.0, 0.0)	(12.0, 0.0)	(13.0, 0.0)	(14.0, 0.0)	(15.0, 0.0)	(16.0, 0.0)	(17.0, 0.0)	(18.0, 0.0)	(19.0, 0.0)	(20.0, 0.0)	(21.0, 0.0)	(22.0, 0.0)	(23.0, 0.0)	(24.0, 0.0)	(25.0, 0.0)	(26.0, 0.0)	(27.0, 0.0)	(28.0, 0.0)	(29.0, 0.0)	(30.0, 0.0)	(31.0, 0.0)	(32.0, 0.0)	(33.0, 0.0)	(34.0, 0.0)	(35.0, 0.0)	(36.0, 0.0)	(37.0, 0.0006187046798821986)	(38.0, 0.0012374093597643972)	(39.0, 0.0012374093597643972)	(40.0, 0.0024748187195287943)	(41.0, 0.0024748187195287943)	(42.0, 0.004949637439057589)	(43.0, 0.005568342118939787)	(44.0, 0.016705026356819364)	(45.0, 0.05073378375034029)	(46.0, 0.8228772242433242)	(47.0, 23.236691662335733)	(48.0, 7.7047293785730195)	(49.0, 2.4939985646051426)	(50.0, 4.8327022545598535)	(51.0, 3.5179548098101816)	(52.0, 0.7808053060113346)	(53.0, 5.897493008637118)	(54.0, 33.446556289751776)	(55.0, 12.45205038730913)	(56.0, 1.9854233177419756)	(57.0, 0.7548197094562823)	(58.0, 0.42999975251812805)	(59.0, 0.6793377385106542)	(60.0, 0.36132353305120396)	(61.0, 0.2728487638280496)	(62.0, 0.10456109090009158)	(63.0, 0.04949637439057589)	(64.0, 0.027841710594698938)	(65.0, 0.016705026356819364)	(66.0, 0.01423020763729057)	(67.0, 0.021035959115994755)	(68.0, 0.005568342118939787)	(69.0, 0.0018561140396465958)	(70.0, 0.0012374093597643972)	(71.0, 0.0006187046798821986)	(72.0, 0.0)	(73.0, 0.0006187046798821986)	(74.0, 0.0006187046798821986)	(75.0, 0.0)	(76.0, 0.0)	(77.0, 0.0)	(78.0, 0.0)	(79.0, 0.0)	(80.0, 0.0)	(81.0, 0.0)	(82.0, 0.0)	(83.0, 0.0)	(84.0, 0.0)	(85.0, 0.0)	(86.0, 0.0)	(87.0, 0.0)	(88.0, 0.0)	(89.0, 0.0)	(90.0, 0.0)	(91.0, 0.0)	(92.0, 0.0)	(93.0, 0.0)	(94.0, 0.0)	(95.0, 0.0)	(96.0, 0.0)	(97.0, 0.0)	(98.0, 0.0)	(99.0, 0.0)	(100.0, 0.0)
2514R_S2_R_Male_week5_S72_L001_R2_001	(0.0, 0.0)	(1.0, 0.0)	(2.0, 0.0)	(3.0, 0.0)	(4.0, 0.0)	(5.0, 0.0)	(6.0, 0.0)	(7.0, 0.0)	(8.0, 0.0)	(9.0, 0.0)	(10.0, 0.0)	(11.0, 0.0)	(12.0, 0.0)	(13.0, 0.0)	(14.0, 0.0)	(15.0, 0.0)	(16.0, 0.0)	(17.0, 0.0)	(18.0, 0.0)	(19.0, 0.0)	(20.0, 0.0)	(21.0, 0.0)	(22.0, 0.0)	(23.0, 0.0)	(24.0, 0.0)	(25.0, 0.0)	(26.0, 0.0)	(27.0, 0.0)	(28.0, 0.0)	(29.0, 0.0)	(30.0, 0.0)	(31.0, 0.0)	(32.0, 0.0)	(33.0, 0.0)	(34.0, 0.0)	(35.0, 0.0)	(36.0, 0.0)	(37.0, 0.0)	(38.0, 0.0006134404809373371)	(39.0, 0.0024537619237493483)	(40.0, 0.004907523847498697)	(41.0, 0.0030672024046866854)	(42.0, 0.0036806428856240225)	(43.0, 0.006134404809373371)	(44.0, 0.02085697635186946)	(45.0, 0.028218262123117503)	(46.0, 0.04784835751311229)	(47.0, 0.15458700119620894)	(48.0, 5.6651228414563075)	(49.0, 22.569088734165568)	(50.0, 5.300125755298592)	(51.0, 0.9477655430481858)	(52.0, 3.51992147961844)	(53.0, 8.223783087445941)	(54.0, 7.51219212955863)	(55.0, 5.849154985737509)	(56.0, 20.68398613624513)	(57.0, 13.301229948164279)	(58.0, 3.264116799067571)	(59.0, 1.0661595558690917)	(60.0, 0.4717357298408122)	(61.0, 0.3674508480814649)	(62.0, 0.2834095021930497)	(63.0, 0.18832622764776247)	(64.0, 0.14170475109652486)	(65.0, 0.0975370364690366)	(66.0, 0.07852038155997915)	(67.0, 0.06441125049842039)	(68.0, 0.044781155108425605)	(69.0, 0.03619298837530289)	(70.0, 0.019016654909057448)	(71.0, 0.0036806428856240225)	(72.0, 0.004907523847498697)	(73.0, 0.004907523847498697)	(74.0, 0.0036806428856240225)	(75.0, 0.0024537619237493483)	(76.0, 0.0018403214428120112)	(77.0, 0.0006134404809373371)	(78.0, 0.0)	(79.0, 0.0006134404809373371)	(80.0, 0.0006134404809373371)	(81.0, 0.0)	(82.0, 0.0006134404809373371)	(83.0, 0.0006134404809373371)	(84.0, 0.0)	(85.0, 0.0006134404809373371)	(86.0, 0.0018403214428120112)	(87.0, 0.0)	(88.0, 0.0)	(89.0, 0.0)	(90.0, 0.0)	(91.0, 0.0012268809618746742)	(92.0, 0.0006134404809373371)	(93.0, 0.0)	(94.0, 0.0012268809618746742)	(95.0, 0.0)	(96.0, 0.0)	(97.0, 0.0006134404809373371)	(98.0, 0.0)	(99.0, 0.0012268809618746742)	(100.0, 0.0)
2514R_S2_R_Male_week9_S86_L001_R1_001	(0.0, 0.0)	(1.0, 0.0)	(2.0, 0.0)	(3.0, 0.0)	(4.0, 0.0)	(5.0, 0.0)	(6.0, 0.0)	(7.0, 0.0)	(8.0, 0.0)	(9.0, 0.0)	(10.0, 0.0)	(11.0, 0.0)	(12.0, 0.0)	(13.0, 0.0)	(14.0, 0.0)	(15.0, 0.0)	(16.0, 0.0)	(17.0, 0.0)	(18.0, 0.0)	(19.0, 0.0)	(20.0, 0.0)	(21.0, 0.0)	(22.0, 0.0)	(23.0, 0.0)	(24.0, 0.0)	(25.0, 0.0)	(26.0, 0.0)	(27.0, 0.0)	(28.0, 0.0)	(29.0, 0.0)	(30.0, 0.0)	(31.0, 0.0)	(32.0, 0.0)	(33.0, 0.0)	(34.0, 0.0)	(35.0, 0.0)	(36.0, 0.0)	(37.0, 0.00033257506219153664)	(38.0, 0.0)	(39.0, 0.0)	(40.0, 0.0006651501243830733)	(41.0, 0.0009977251865746098)	(42.0, 0.002660600497532293)	(43.0, 0.003990900746298439)	(44.0, 0.010642401990129172)	(45.0, 0.050883984515305104)	(46.0, 1.8424658445411128)	(47.0, 25.491545941919092)	(48.0, 7.5098774793470895)	(49.0, 2.6798898511394023)	(50.0, 6.354844288355882)	(51.0, 4.858921658618351)	(52.0, 0.7226856101422091)	(53.0, 10.152518923521038)	(54.0, 28.057362546726793)	(55.0, 9.205677721461734)	(56.0, 1.3735350068510463)	(57.0, 0.48323156536430273)	(58.0, 0.29466150510170147)	(59.0, 0.33124476194277047)	(60.0, 0.19555413656862355)	(61.0, 0.17460190765055672)	(62.0, 0.057202910696944304)	(63.0, 0.02560827978874832)	(64.0, 0.010309826927937636)	(65.0, 0.007316651368213805)	(66.0, 0.013303002487661465)	(67.0, 0.059863511194476596)	(68.0, 0.013635577549853001)	(69.0, 0.007649226430405343)	(70.0, 0.003325750621915366)	(71.0, 0.0023280254353407566)	(72.0, 0.0006651501243830733)	(73.0, 0.0)	(74.0, 0.0)	(75.0, 0.0)	(76.0, 0.0)	(77.0, 0.0)	(78.0, 0.0)	(79.0, 0.0)	(80.0, 0.0)	(81.0, 0.0)	(82.0, 0.0)	(83.0, 0.0)	(84.0, 0.0)	(85.0, 0.0)	(86.0, 0.0)	(87.0, 0.0)	(88.0, 0.0)	(89.0, 0.0)	(90.0, 0.0)	(91.0, 0.0)	(92.0, 0.0)	(93.0, 0.0)	(94.0, 0.0)	(95.0, 0.0)	(96.0, 0.0)	(97.0, 0.0)	(98.0, 0.0)	(99.0, 0.0)	(100.0, 0.0)
2514R_S2_R_Male_week9_S86_L001_R2_001	(0.0, 0.0)	(1.0, 0.0)	(2.0, 0.0)	(3.0, 0.0)	(4.0, 0.0)	(5.0, 0.0)	(6.0, 0.0)	(7.0, 0.0)	(8.0, 0.0)	(9.0, 0.0)	(10.0, 0.0)	(11.0, 0.0)	(12.0, 0.0)	(13.0, 0.0)	(14.0, 0.0)	(15.0, 0.0)	(16.0, 0.0)	(17.0, 0.0)	(18.0, 0.0)	(19.0, 0.0)	(20.0, 0.0)	(21.0, 0.0)	(22.0, 0.0)	(23.0, 0.0)	(24.0, 0.0)	(25.0, 0.0)	(26.0, 0.0)	(27.0, 0.0)	(28.0, 0.0)	(29.0, 0.0)	(30.0, 0.0)	(31.0, 0.0)	(32.0, 0.0)	(33.0, 0.0)	(34.0, 0.0)	(35.0, 0.00033518017610366456)	(36.0, 0.0006703603522073291)	(37.0, 0.002011081056621987)	(38.0, 0.0026814414088293164)	(39.0, 0.0046925224654513036)	(40.0, 0.006033243169865961)	(41.0, 0.007038783698176955)	(42.0, 0.011396125987524595)	(43.0, 0.019105270037908878)	(44.0, 0.02614405373608583)	(45.0, 0.03485873831478111)	(46.0, 0.06636567486852557)	(47.0, 0.4152882381924404)	(48.0, 12.867902140795785)	(49.0, 22.117534280552512)	(50.0, 3.4074416702698533)	(51.0, 1.0249809785250061)	(52.0, 6.498138074121744)	(53.0, 14.888033062172571)	(54.0, 11.276131484479482)	(55.0, 5.40478033967159)	(56.0, 11.075023378817283)	(57.0, 7.170844687561799)	(58.0, 1.7684106091229341)	(59.0, 0.6422052174146212)	(60.0, 0.2989807170844688)	(61.0, 0.2306039611593212)	(62.0, 0.19440450214012542)	(63.0, 0.12803882727159985)	(64.0, 0.09049864754798943)	(65.0, 0.07239891803839153)	(66.0, 0.05329364800048266)	(67.0, 0.055639909233208315)	(68.0, 0.060332431698659615)	(69.0, 0.031171756377640802)	(70.0, 0.01407756739635391)	(71.0, 0.008044324226487948)	(72.0, 0.004022162113243974)	(73.0, 0.0046925224654513036)	(74.0, 0.0023462612327256518)	(75.0, 0.0010055405283109936)	(76.0, 0.0006703603522073291)	(77.0, 0.0010055405283109936)	(78.0, 0.0013407207044146582)	(79.0, 0.00033518017610366456)	(80.0, 0.0013407207044146582)	(81.0, 0.00033518017610366456)	(82.0, 0.0010055405283109936)	(83.0, 0.0006703603522073291)	(84.0, 0.0)	(85.0, 0.0)	(86.0, 0.0006703603522073291)	(87.0, 0.0)	(88.0, 0.00033518017610366456)	(89.0, 0.00033518017610366456)	(90.0, 0.0)	(91.0, 0.00033518017610366456)	(92.0, 0.00033518017610366456)	(93.0, 0.0)	(94.0, 0.00033518017610366456)	(95.0, 0.00033518017610366456)	(96.0, 0.0)	(97.0, 0.0)	(98.0, 0.00033518017610366456)	(99.0, 0.0013407207044146582)	(100.0, 0.0013407207044146582)
2808_NS1_0_Female_week5_S37_L001_R1_001	(0.0, 0.0)	(1.0, 0.0)	(2.0, 0.0)	(3.0, 0.0)	(4.0, 0.0)	(5.0, 0.0)	(6.0, 0.0)	(7.0, 0.0)	(8.0, 0.0)	(9.0, 0.0)	(10.0, 0.0)	(11.0, 0.0)	(12.0, 0.0)	(13.0, 0.0)	(14.0, 0.0)	(15.0, 0.0)	(16.0, 0.0)	(17.0, 0.0)	(18.0, 0.0)	(19.0, 0.0)	(20.0, 0.0)	(21.0, 0.0)	(22.0, 0.0)	(23.0, 0.0)	(24.0, 0.0)	(25.0, 0.0)	(26.0, 0.0)	(27.0, 0.0)	(28.0, 0.0)	(29.0, 0.0)	(30.0, 0.0)	(31.0, 0.0)	(32.0, 0.0)	(33.0, 0.0)	(34.0, 0.0)	(35.0, 0.0)	(36.0, 0.0)	(37.0, 0.0)	(38.0, 0.0)	(39.0, 0.0008236825198095647)	(40.0, 0.0013728041996826077)	(41.0, 0.0013728041996826077)	(42.0, 0.002196486719492172)	(43.0, 0.00356929091917478)	(44.0, 0.009884190237714774)	(45.0, 0.028828888193334762)	(46.0, 0.4233728151821162)	(47.0, 9.936905918982587)	(48.0, 13.093531895732777)	(49.0, 25.55859402885085)	(50.0, 4.587637074499338)	(51.0, 2.0133546392545125)	(52.0, 0.8500403604434708)	(53.0, 3.7897632736438065)	(54.0, 25.82931101702826)	(55.0, 10.973373089742957)	(56.0, 1.1663344480503435)	(57.0, 0.5246857651186926)	(58.0, 0.31547040508706325)	(59.0, 0.3165686484468093)	(60.0, 0.17489525503956424)	(61.0, 0.1186102828525773)	(62.0, 0.05051919454831996)	(63.0, 0.023612232234540852)	(64.0, 0.013178920316953035)	(65.0, 0.0076877035182226034)	(66.0, 0.03129993575276346)	(67.0, 0.11284450521391035)	(68.0, 0.028005205673525196)	(69.0, 0.0038438517591113017)	(70.0, 0.003294730079238259)	(71.0, 0.0027456083993652155)	(72.0, 0.0016473650396191294)	(73.0, 0.000549121679873043)	(74.0, 0.0)	(75.0, 0.0)	(76.0, 0.0)	(77.0, 0.0)	(78.0, 0.0)	(79.0, 0.0)	(80.0, 0.0)	(81.0, 0.0)	(82.0, 0.0)	(83.0, 0.0)	(84.0, 0.0)	(85.0, 0.0)	(86.0, 0.0002745608399365215)	(87.0, 0.0)	(88.0, 0.0)	(89.0, 0.0)	(90.0, 0.0)	(91.0, 0.0)	(92.0, 0.0)	(93.0, 0.0)	(94.0, 0.0)	(95.0, 0.0)	(96.0, 0.0)	(97.0, 0.0)	(98.0, 0.0)	(99.0, 0.0)	(100.0, 0.0)
2808_NS1_0_Female_week5_S37_L001_R2_001	(0.0, 0.0)	(1.0, 0.0)	(2.0, 0.0)	(3.0, 0.0)	(4.0, 0.0)	(5.0, 0.0)	(6.0, 0.0)	(7.0, 0.0)	(8.0, 0.0)	(9.0, 0.0)	(10.0, 0.0)	(11.0, 0.0)	(12.0, 0.0)	(13.0, 0.0)	(14.0, 0.0)	(15.0, 0.0)	(16.0, 0.0)	(17.0, 0.0)	(18.0, 0.0)	(19.0, 0.0)	(20.0, 0.0)	(21.0, 0.0002652013408579794)	(22.0, 0.0)	(23.0, 0.0)	(24.0, 0.0)	(25.0, 0.0)	(26.0, 0.0)	(27.0, 0.0)	(28.0, 0.0)	(29.0, 0.0)	(30.0, 0.0)	(31.0, 0.0)	(32.0, 0.0)	(33.0, 0.0)	(34.0, 0.0)	(35.0, 0.0002652013408579794)	(36.0, 0.0)	(37.0, 0.0005304026817159588)	(38.0, 0.001326006704289897)	(39.0, 0.002652013408579794)	(40.0, 0.005038825476301608)	(41.0, 0.005038825476301608)	(42.0, 0.010608053634319176)	(43.0, 0.012199261679467052)	(44.0, 0.019624899223490474)	(45.0, 0.02811134213094581)	(46.0, 0.049062248058726186)	(47.0, 0.1877625493274494)	(48.0, 4.250381889930836)	(49.0, 10.816236686892688)	(50.0, 17.833729367335682)	(51.0, 17.519200577078117)	(52.0, 3.975633300801969)	(53.0, 6.192716510374677)	(54.0, 6.752291339585013)	(55.0, 4.414541519921925)	(56.0, 13.954364153265159)	(57.0, 9.500042432214537)	(58.0, 2.428979080918233)	(59.0, 0.772531505919294)	(60.0, 0.346618152501379)	(61.0, 0.20632664318750799)	(62.0, 0.16389442865023127)	(63.0, 0.10952815377434548)	(64.0, 0.08274281834768957)	(65.0, 0.0604659057156193)	(66.0, 0.04959265074044215)	(67.0, 0.0721347647133704)	(68.0, 0.08194721432511563)	(69.0, 0.045084227945856495)	(70.0, 0.0180336911783426)	(71.0, 0.007425637544023423)	(72.0, 0.005569228158017567)	(73.0, 0.0037128187720117116)	(74.0, 0.002121610726863835)	(75.0, 0.0015912080451478765)	(76.0, 0.0005304026817159588)	(77.0, 0.0005304026817159588)	(78.0, 0.0010608053634319175)	(79.0, 0.001326006704289897)	(80.0, 0.0010608053634319175)	(81.0, 0.0)	(82.0, 0.0)	(83.0, 0.0)	(84.0, 0.0)	(85.0, 0.0002652013408579794)	(86.0, 0.0005304026817159588)	(87.0, 0.0002652013408579794)	(88.0, 0.0005304026817159588)	(89.0, 0.0007956040225739383)	(90.0, 0.0002652013408579794)	(91.0, 0.0)	(92.0, 0.0)	(93.0, 0.0002652013408579794)	(94.0, 0.0)	(95.0, 0.0)	(96.0, 0.0002652013408579794)	(97.0, 0.0005304026817159588)	(98.0, 0.0002652013408579794)	(99.0, 0.0005304026817159588)	(100.0, 0.0010608053634319175)
2808_NS1_0_Female_week9_S49_L001_R1_001	(0.0, 0.0)	(1.0, 0.0)	(2.0, 0.0)	(3.0, 0.0)	(4.0, 0.0)	(5.0, 0.0)	(6.0, 0.0)	(7.0, 0.0)	(8.0, 0.0)	(9.0, 0.0)	(10.0, 0.0)	(11.0, 0.0)	(12.0, 0.0)	(13.0, 0.0)	(14.0, 0.0)	(15.0, 0.0)	(16.0, 0.0)	(17.0, 0.0)	(18.0, 0.0)	(19.0, 0.0)	(20.0, 0.0)	(21.0, 0.0)	(22.0, 0.0)	(23.0, 0.0)	(24.0, 0.0)	(25.0, 0.0)	(26.0, 0.0)	(27.0, 0.0)	(28.0, 0.0)	(29.0, 0.0)	(30.0, 0.0)	(31.0, 0.0)	(32.0, 0.0)	(33.0, 0.0)	(34.0, 0.0)	(35.0, 0.0)	(36.0, 0.0)	(37.0, 0.0)	(38.0, 0.0005568517827609826)	(39.0, 0.0005568517827609826)	(40.0, 0.0)	(41.0, 0.0011137035655219652)	(42.0, 0.0011137035655219652)	(43.0, 0.0027842589138049123)	(44.0, 0.008352776741414738)	(45.0, 0.025058330224244214)	(46.0, 0.3992627282396245)	(47.0, 11.765164466174038)	(48.0, 13.58495609223693)	(49.0, 19.051570043601494)	(50.0, 5.094080108697468)	(51.0, 2.4356696977965377)	(52.0, 0.8107761956999906)	(53.0, 5.619748191623835)	(54.0, 27.04127942265607)	(55.0, 10.94993345621196)	(56.0, 1.1571380045773216)	(57.0, 0.570773077330007)	(58.0, 0.3079390358668233)	(59.0, 0.38979624793268774)	(60.0, 0.20325090070775859)	(61.0, 0.13308757607987481)	(62.0, 0.05791258540714218)	(63.0, 0.029513144486332073)	(64.0, 0.016705553482829476)	(65.0, 0.011693887437980633)	(66.0, 0.05512832649333727)	(67.0, 0.1971255310973878)	(68.0, 0.047889253317444494)	(69.0, 0.016148701700068494)	(70.0, 0.007239073175892772)	(71.0, 0.0027842589138049123)	(72.0, 0.0022274071310439303)	(73.0, 0.0016705553482829474)	(74.0, 0.0)	(75.0, 0.0)	(76.0, 0.0)	(77.0, 0.0)	(78.0, 0.0)	(79.0, 0.0)	(80.0, 0.0)	(81.0, 0.0)	(82.0, 0.0)	(83.0, 0.0)	(84.0, 0.0)	(85.0, 0.0)	(86.0, 0.0)	(87.0, 0.0)	(88.0, 0.0)	(89.0, 0.0)	(90.0, 0.0)	(91.0, 0.0)	(92.0, 0.0)	(93.0, 0.0)	(94.0, 0.0)	(95.0, 0.0)	(96.0, 0.0)	(97.0, 0.0)	(98.0, 0.0)	(99.0, 0.0)	(100.0, 0.0)
2808_NS1_0_Female_week9_S49_L001_R2_001	(0.0, 0.0)	(1.0, 0.0)	(2.0, 0.0)	(3.0, 0.0)	(4.0, 0.0)	(5.0, 0.0)	(6.0, 0.0)	(7.0, 0.0)	(8.0, 0.0)	(9.0, 0.0)	(10.0, 0.0)	(11.0, 0.0)	(12.0, 0.0)	(13.0, 0.0)	(14.0, 0.0)	(15.0, 0.0)	(16.0, 0.0)	(17.0, 0.0)	(18.0, 0.0)	(19.0, 0.0)	(20.0, 0.0)	(21.0, 0.0)	(22.0, 0.0)	(23.0, 0.0)	(24.0, 0.0)	(25.0, 0.0)	(26.0, 0.0)	(27.0, 0.0)	(28.0, 0.0)	(29.0, 0.0005461486507397583)	(30.0, 0.0)	(31.0, 0.0)	(32.0, 0.0)	(33.0, 0.0)	(34.0, 0.0005461486507397583)	(35.0, 0.0)	(36.0, 0.0005461486507397583)	(37.0, 0.0005461486507397583)	(38.0, 0.0010922973014795166)	(39.0, 0.002184594602959033)	(40.0, 0.0032768919044385498)	(41.0, 0.0032768919044385498)	(42.0, 0.007646081110356617)	(43.0, 0.009284527062575891)	(44.0, 0.013107567617754199)	(45.0, 0.020753648728110814)	(46.0, 0.04860722991583849)	(47.0, 0.16384459522192749)	(48.0, 4.676124747633811)	(49.0, 12.695225386445683)	(50.0, 16.39920553576272)	(51.0, 12.601287818518445)	(52.0, 4.199336975538002)	(53.0, 8.259406045137364)	(54.0, 8.921338209833953)	(55.0, 5.023475289504297)	(56.0, 13.927336742514576)	(57.0, 8.63242557359262)	(58.0, 2.1119568324106455)	(59.0, 0.7586004758775242)	(60.0, 0.35062743377492483)	(61.0, 0.23921310902401413)	(62.0, 0.17476756823672268)	(63.0, 0.12779878427310346)	(64.0, 0.08465304086466253)	(65.0, 0.07373006784986738)	(66.0, 0.06826858134246978)	(67.0, 0.10486054094203359)	(68.0, 0.14909858165195403)	(69.0, 0.08137614896022399)	(70.0, 0.031130473092166225)	(71.0, 0.010376824364055407)	(72.0, 0.0038230405551783085)	(73.0, 0.002184594602959033)	(74.0, 0.002184594602959033)	(75.0, 0.002184594602959033)	(76.0, 0.004369189205918066)	(77.0, 0.0010922973014795166)	(78.0, 0.0010922973014795166)	(79.0, 0.0)	(80.0, 0.0)	(81.0, 0.0005461486507397583)	(82.0, 0.0)	(83.0, 0.0005461486507397583)	(84.0, 0.0)	(85.0, 0.0005461486507397583)	(86.0, 0.0)	(87.0, 0.0)	(88.0, 0.0005461486507397583)	(89.0, 0.0005461486507397583)	(90.0, 0.0005461486507397583)	(91.0, 0.0)	(92.0, 0.0005461486507397583)	(93.0, 0.0010922973014795166)	(94.0, 0.0)	(95.0, 0.0)	(96.0, 0.0005461486507397583)	(97.0, 0.0)	(98.0, 0.0)	(99.0, 0.0)	(100.0, 0.0007281982009863443)
2808_NS1_L_Female_week5_S38_L001_R1_001	(0.0, 0.0)	(1.0, 0.0)	(2.0, 0.0)	(3.0, 0.0)	(4.0, 0.0)	(5.0, 0.0)	(6.0, 0.0)	(7.0, 0.0)	(8.0, 0.0)	(9.0, 0.0)	(10.0, 0.0)	(11.0, 0.0)	(12.0, 0.0)	(13.0, 0.0)	(14.0, 0.0)	(15.0, 0.0)	(16.0, 0.0)	(17.0, 0.0)	(18.0, 0.0)	(19.0, 0.0)	(20.0, 0.0)	(21.0, 0.0)	(22.0, 0.0)	(23.0, 0.0)	(24.0, 0.0)	(25.0, 0.0)	(26.0, 0.0)	(27.0, 0.0)	(28.0, 0.0)	(29.0, 0.0)	(30.0, 0.0)	(31.0, 0.0)	(32.0, 0.0)	(33.0, 0.0)	(34.0, 0.0)	(35.0, 0.0)	(36.0, 0.0)	(37.0, 0.0)	(38.0, 0.0)	(39.0, 0.0)	(40.0, 0.002543726661307882)	(41.0, 0.0020349813290463058)	(42.0, 0.0020349813290463058)	(43.0, 0.003052471993569459)	(44.0, 0.011192397309754683)	(45.0, 0.02645475727760198)	(46.0, 0.3835939805252287)	(47.0, 8.077349640317049)	(48.0, 11.3139874441652)	(49.0, 22.1777352692789)	(50.0, 4.59854905831239)	(51.0, 2.02022771441072)	(52.0, 0.8882693501287126)	(53.0, 4.801029700552498)	(54.0, 30.094321384601297)	(55.0, 12.516661409631565)	(56.0, 1.2591446973474019)	(57.0, 0.5708122627974889)	(58.0, 0.31745708733122374)	(59.0, 0.31949206866027)	(60.0, 0.1755171396302439)	(61.0, 0.12311637040730151)	(62.0, 0.06664563852626652)	(63.0, 0.028489738606648288)	(64.0, 0.01322737863880099)	(65.0, 0.0086486706484468)	(66.0, 0.023911030616294095)	(67.0, 0.11853766241694733)	(68.0, 0.03357719192926405)	(69.0, 0.009157415980708378)	(70.0, 0.006104943987138918)	(71.0, 0.005596198654877342)	(72.0, 0.0010174906645231529)	(73.0, 0.0005087453322615764)	(74.0, 0.0)	(75.0, 0.0)	(76.0, 0.0)	(77.0, 0.0)	(78.0, 0.0)	(79.0, 0.0)	(80.0, 0.0)	(81.0, 0.0)	(82.0, 0.0)	(83.0, 0.0)	(84.0, 0.0)	(85.0, 0.0)	(86.0, 0.0)	(87.0, 0.0)	(88.0, 0.0)	(89.0, 0.0)	(90.0, 0.0)	(91.0, 0.0)	(92.0, 0.0)	(93.0, 0.0)	(94.0, 0.0)	(95.0, 0.0)	(96.0, 0.0)	(97.0, 0.0)	(98.0, 0.0)	(99.0, 0.0)	(100.0, 0.0)
2808_NS1_L_Female_week5_S38_L001_R2_001	(0.0, 0.0)	(1.0, 0.0)	(2.0, 0.0)	(3.0, 0.0)	(4.0, 0.0)	(5.0, 0.0)	(6.0, 0.0)	(7.0, 0.0)	(8.0, 0.0)	(9.0, 0.0)	(10.0, 0.0)	(11.0, 0.0)	(12.0, 0.0)	(13.0, 0.0)	(14.0, 0.0)	(15.0, 0.0)	(16.0, 0.0)	(17.0, 0.0)	(18.0, 0.0)	(19.0, 0.0)	(20.0, 0.0)	(21.0, 0.0)	(22.0, 0.0)	(23.0, 0.0)	(24.0, 0.0)	(25.0, 0.0)	(26.0, 0.0)	(27.0, 0.0)	(28.0, 0.0)	(29.0, 0.0)	(30.0, 0.0)	(31.0, 0.0)	(32.0, 0.0)	(33.0, 0.0)	(34.0, 0.0)	(35.0, 0.0)	(36.0, 0.0)	(37.0, 0.0009908004181177763)	(38.0, 0.003963201672471105)	(39.0, 0.004458601881529994)	(40.0, 0.0019816008362355526)	(41.0, 0.002477001045294441)	(42.0, 0.004954002090588882)	(43.0, 0.008917203763059989)	(44.0, 0.013871205853648871)	(45.0, 0.021797609198591084)	(46.0, 0.03715501567941661)	(47.0, 0.15654646606260866)	(48.0, 3.272613781043016)	(49.0, 9.181252074488375)	(50.0, 15.944455728560317)	(51.0, 14.890739483892062)	(52.0, 4.206938575328079)	(53.0, 6.34062727574471)	(54.0, 6.120174182713505)	(55.0, 5.050605131355365)	(56.0, 16.776232679570192)	(57.0, 12.104113307935815)	(58.0, 3.2349633651545404)	(59.0, 0.9724706103825975)	(60.0, 0.438924585226175)	(61.0, 0.2818827189545074)	(62.0, 0.19171988090578976)	(63.0, 0.16694987045284534)	(64.0, 0.11493284850166206)	(65.0, 0.07827323303130433)	(66.0, 0.06093422571424325)	(67.0, 0.07926403344942211)	(68.0, 0.09511684013930653)	(69.0, 0.06390662696859659)	(70.0, 0.026751611289179963)	(71.0, 0.016348206898943313)	(72.0, 0.0064402027177655466)	(73.0, 0.003467801463412218)	(74.0, 0.003467801463412218)	(75.0, 0.004954002090588882)	(76.0, 0.0004954002090588882)	(77.0, 0.0009908004181177763)	(78.0, 0.0019816008362355526)	(79.0, 0.0009908004181177763)	(80.0, 0.0019816008362355526)	(81.0, 0.0014862006271766646)	(82.0, 0.0009908004181177763)	(83.0, 0.0004954002090588882)	(84.0, 0.0004954002090588882)	(85.0, 0.0009908004181177763)	(86.0, 0.0)	(87.0, 0.0)	(88.0, 0.0004954002090588882)	(89.0, 0.0)	(90.0, 0.0009908004181177763)	(91.0, 0.0004954002090588882)	(92.0, 0.0)	(93.0, 0.0)	(94.0, 0.0)	(95.0, 0.0009908004181177763)	(96.0, 0.0004954002090588882)	(97.0, 0.0)	(98.0, 0.0)	(99.0, 0.0)	(100.0, 0.0)
2808_NS1_L_Female_week9_S50_L001_R1_001	(0.0, 0.0)	(1.0, 0.0)	(2.0, 0.0)	(3.0, 0.0)	(4.0, 0.0)	(5.0, 0.0)	(6.0, 0.0)	(7.0, 0.0)	(8.0, 0.0)	(9.0, 0.0)	(10.0, 0.0)	(11.0, 0.0)	(12.0, 0.0)	(13.0, 0.0)	(14.0, 0.0)	(15.0, 0.0)	(16.0, 0.0)	(17.0, 0.0)	(18.0, 0.0)	(19.0, 0.0)	(20.0, 0.0)	(21.0, 0.0)	(22.0, 0.0)	(23.0, 0.0)	(24.0, 0.0)	(25.0, 0.0)	(26.0, 0.0)	(27.0, 0.0)	(28.0, 0.0)	(29.0, 0.0)	(30.0, 0.0)	(31.0, 0.0)	(32.0, 0.0)	(33.0, 0.0)	(34.0, 0.0)	(35.0, 0.0)	(36.0, 0.0)	(37.0, 0.0)	(38.0, 0.0)	(39.0, 0.0006790203094974571)	(40.0, 0.0006790203094974571)	(41.0, 0.0027160812379898283)	(42.0, 0.005432162475979657)	(43.0, 0.007469223404472028)	(44.0, 0.017654528046933883)	(45.0, 0.022407670213416084)	(46.0, 0.3612388046526472)	(47.0, 11.522974652171847)	(48.0, 14.150783249927004)	(49.0, 17.82903626647473)	(50.0, 4.492398367635176)	(51.0, 2.205457965247741)	(52.0, 0.8222935948014204)	(53.0, 4.935119609427518)	(54.0, 27.494211351861537)	(55.0, 12.515023324347633)	(56.0, 1.3077931160921024)	(57.0, 0.5812413849298232)	(58.0, 0.34901643908169294)	(59.0, 0.46716597293425044)	(60.0, 0.2261137630626532)	(61.0, 0.11747051354306008)	(62.0, 0.061111827854771136)	(63.0, 0.019012568665928795)	(64.0, 0.01833354835643134)	(65.0, 0.012901385880451685)	(66.0, 0.05160554352180674)	(67.0, 0.26074379884702353)	(68.0, 0.07808733559220757)	(69.0, 0.024444731141908455)	(70.0, 0.015617467118441511)	(71.0, 0.012222365570954227)	(72.0, 0.007469223404472028)	(73.0, 0.004074121856984743)	(74.0, 0.0)	(75.0, 0.0)	(76.0, 0.0)	(77.0, 0.0)	(78.0, 0.0)	(79.0, 0.0)	(80.0, 0.0)	(81.0, 0.0)	(82.0, 0.0)	(83.0, 0.0)	(84.0, 0.0)	(85.0, 0.0)	(86.0, 0.0)	(87.0, 0.0)	(88.0, 0.0)	(89.0, 0.0)	(90.0, 0.0)	(91.0, 0.0)	(92.0, 0.0)	(93.0, 0.0)	(94.0, 0.0)	(95.0, 0.0)	(96.0, 0.0)	(97.0, 0.0)	(98.0, 0.0)	(99.0, 0.0)	(100.0, 0.0)
2808_NS1_L_Female_week9_S50_L001_R2_001	(0.0, 0.0)	(1.0, 0.000669849194617985)	(2.0, 0.0)	(3.0, 0.0)	(4.0, 0.0)	(5.0, 0.0)	(6.0, 0.0)	(7.0, 0.0)	(8.0, 0.0)	(9.0, 0.0)	(10.0, 0.0)	(11.0, 0.0)	(12.0, 0.0)	(13.0, 0.0)	(14.0, 0.0)	(15.0, 0.0)	(16.0, 0.0)	(17.0, 0.0)	(18.0, 0.0)	(19.0, 0.0)	(20.0, 0.0)	(21.0, 0.0)	(22.0, 0.0)	(23.0, 0.0)	(24.0, 0.0)	(25.0, 0.0)	(26.0, 0.0)	(27.0, 0.0)	(28.0, 0.0)	(29.0, 0.0)	(30.0, 0.0)	(31.0, 0.0)	(32.0, 0.0)	(33.0, 0.0)	(34.0, 0.0)	(35.0, 0.000669849194617985)	(36.0, 0.000669849194617985)	(37.0, 0.000669849194617985)	(38.0, 0.00133969838923597)	(39.0, 0.00133969838923597)	(40.0, 0.0040190951677079095)	(41.0, 0.00535879355694388)	(42.0, 0.007368341140797834)	(43.0, 0.01071758711388776)	(44.0, 0.0133969838923597)	(45.0, 0.019425626643921563)	(46.0, 0.036841705703989175)	(47.0, 0.15272561637290058)	(48.0, 4.210672037368654)	(49.0, 12.43642014727751)	(50.0, 16.393889189080564)	(51.0, 12.185226699295765)	(52.0, 3.8221595044902226)	(53.0, 7.578673787907881)	(54.0, 8.955883732042459)	(55.0, 5.176594576007788)	(56.0, 15.052181252260741)	(57.0, 9.169565625125596)	(58.0, 2.2372963100240697)	(59.0, 0.7843934068976605)	(60.0, 0.3724361522075996)	(61.0, 0.24315525764632856)	(62.0, 0.17215124301682214)	(63.0, 0.1199030058366193)	(64.0, 0.10918541872273155)	(65.0, 0.08373114932724812)	(66.0, 0.07234371301874237)	(67.0, 0.14870652120519268)	(68.0, 0.1909070204661257)	(69.0, 0.1071758711388776)	(70.0, 0.038181404093225145)	(71.0, 0.020765325033157533)	(72.0, 0.01071758711388776)	(73.0, 0.009377888724651789)	(74.0, 0.003349245973089925)	(75.0, 0.003349245973089925)	(76.0, 0.00267939677847194)	(77.0, 0.00267939677847194)	(78.0, 0.0020095475838539547)	(79.0, 0.003349245973089925)	(80.0, 0.00267939677847194)	(81.0, 0.003349245973089925)	(82.0, 0.000669849194617985)	(83.0, 0.0020095475838539547)	(84.0, 0.003349245973089925)	(85.0, 0.000669849194617985)	(86.0, 0.0)	(87.0, 0.0)	(88.0, 0.0)	(89.0, 0.0)	(90.0, 0.0)	(91.0, 0.0)	(92.0, 0.0)	(93.0, 0.0)	(94.0, 0.0)	(95.0, 0.0)	(96.0, 0.00267939677847194)	(97.0, 0.00133969838923597)	(98.0, 0.000669849194617985)	(99.0, 0.0020095475838539547)	(100.0, 0.006251925816434525)
2808_NS1_RR_Female_week5_S40_L001_R1_001	(0.0, 0.0)	(1.0, 0.0)	(2.0, 0.0)	(3.0, 0.0)	(4.0, 0.0)	(5.0, 0.0)	(6.0, 0.0)	(7.0, 0.0)	(8.0, 0.0)	(9.0, 0.0)	(10.0, 0.0)	(11.0, 0.0)	(12.0, 0.0)	(13.0, 0.0)	(14.0, 0.0)	(15.0, 0.0)	(16.0, 0.0)	(17.0, 0.0)	(18.0, 0.0)	(19.0, 0.0)	(20.0, 0.0)	(21.0, 0.0)	(22.0, 0.0)	(23.0, 0.0)	(24.0, 0.0)	(25.0, 0.0)	(26.0, 0.0)	(27.0, 0.0)	(28.0, 0.0)	(29.0, 0.0)	(30.0, 0.0)	(31.0, 0.0)	(32.0, 0.0)	(33.0, 0.0)	(34.0, 0.0)	(35.0, 0.0)	(36.0, 0.0)	(37.0, 0.0)	(38.0, 0.0)	(39.0, 0.0013078049801213644)	(40.0, 0.0)	(41.0, 0.006539024900606822)	(42.0, 0.003923414940364093)	(43.0, 0.006539024900606822)	(44.0, 0.014385854781335007)	(45.0, 0.04446536932412638)	(46.0, 0.394957103996652)	(47.0, 8.065233312408454)	(48.0, 12.11681314082444)	(49.0, 22.912743251726305)	(50.0, 4.460922787193974)	(51.0, 1.9342435655994978)	(52.0, 1.1325591127851016)	(53.0, 5.499319941410337)	(54.0, 27.737235823394013)	(55.0, 12.124659970705167)	(56.0, 1.4935132872985981)	(57.0, 0.6852898095835949)	(58.0, 0.3988805189370161)	(59.0, 0.33218246495082654)	(60.0, 0.18440050219711235)	(61.0, 0.12947269303201508)	(62.0, 0.06146683406570413)	(63.0, 0.024848294622305922)	(64.0, 0.02092487968194183)	(65.0, 0.013078049801213644)	(66.0, 0.026156099602427287)	(67.0, 0.1098556183301946)	(68.0, 0.034002929483155475)	(69.0, 0.017001464741577738)	(70.0, 0.011770244821092278)	(71.0, 0.0)	(72.0, 0.0)	(73.0, 0.0)	(74.0, 0.0)	(75.0, 0.0)	(76.0, 0.0)	(77.0, 0.0)	(78.0, 0.0)	(79.0, 0.0013078049801213644)	(80.0, 0.0)	(81.0, 0.0)	(82.0, 0.0)	(83.0, 0.0)	(84.0, 0.0)	(85.0, 0.0)	(86.0, 0.0)	(87.0, 0.0)	(88.0, 0.0)	(89.0, 0.0)	(90.0, 0.0)	(91.0, 0.0)	(92.0, 0.0)	(93.0, 0.0)	(94.0, 0.0)	(95.0, 0.0)	(96.0, 0.0)	(97.0, 0.0)	(98.0, 0.0)	(99.0, 0.0)	(100.0, 0.0)
2808_NS1_RR_Female_week5_S40_L001_R2_001	(0.0, 0.0)	(1.0, 0.0)	(2.0, 0.0)	(3.0, 0.0)	(4.0, 0.0)	(5.0, 0.0)	(6.0, 0.0)	(7.0, 0.0)	(8.0, 0.0)	(9.0, 0.0)	(10.0, 0.0)	(11.0, 0.0)	(12.0, 0.0)	(13.0, 0.0)	(14.0, 0.0)	(15.0, 0.0)	(16.0, 0.0)	(17.0, 0.0)	(18.0, 0.0012734905952719539)	(19.0, 0.0)	(20.0, 0.0)	(21.0, 0.0)	(22.0, 0.0)	(23.0, 0.0)	(24.0, 0.0)	(25.0, 0.0)	(26.0, 0.0)	(27.0, 0.0)	(28.0, 0.0)	(29.0, 0.0)	(30.0, 0.0)	(31.0, 0.0)	(32.0, 0.0)	(33.0, 0.0)	(34.0, 0.0)	(35.0, 0.0)	(36.0, 0.0)	(37.0, 0.0012734905952719539)	(38.0, 0.0012734905952719539)	(39.0, 0.0012734905952719539)	(40.0, 0.00636745297635977)	(41.0, 0.0050939623810878154)	(42.0, 0.003820471785815862)	(43.0, 0.017828868333807358)	(44.0, 0.02164934011962322)	(45.0, 0.02164934011962322)	(46.0, 0.045845661429790345)	(47.0, 0.12352858774137954)	(48.0, 3.7211395193846495)	(49.0, 9.377984743582669)	(50.0, 17.574170214752964)	(51.0, 16.108382539594945)	(52.0, 4.108280660347323)	(53.0, 7.215597712810891)	(54.0, 7.6753278177040665)	(55.0, 5.0086385112045955)	(56.0, 15.020821571232698)	(57.0, 9.754937959783168)	(58.0, 2.2540783536313587)	(59.0, 0.6876849214468551)	(60.0, 0.304364252269997)	(61.0, 0.193570570481337)	(62.0, 0.15663934321845033)	(63.0, 0.1362634936940991)	(64.0, 0.07895641690686116)	(65.0, 0.05858056738250988)	(66.0, 0.044572170834518386)	(67.0, 0.057307076787237926)	(68.0, 0.08914434166903677)	(69.0, 0.04329868023924644)	(70.0, 0.03183726488179885)	(71.0, 0.015281887143263447)	(72.0, 0.008914434166903679)	(73.0, 0.00636745297635977)	(74.0, 0.0012734905952719539)	(75.0, 0.0012734905952719539)	(76.0, 0.0012734905952719539)	(77.0, 0.0)	(78.0, 0.0)	(79.0, 0.0)	(80.0, 0.0012734905952719539)	(81.0, 0.0)	(82.0, 0.0)	(83.0, 0.0012734905952719539)	(84.0, 0.003820471785815862)	(85.0, 0.0)	(86.0, 0.0)	(87.0, 0.0)	(88.0, 0.0012734905952719539)	(89.0, 0.0)	(90.0, 0.0)	(91.0, 0.0)	(92.0, 0.0)	(93.0, 0.0)	(94.0, 0.0)	(95.0, 0.0012734905952719539)	(96.0, 0.0)	(97.0, 0.0)	(98.0, 0.0)	(99.0, 0.0025469811905439077)	(100.0, 0.0016979874603626052)
2808_NS1_RR_Female_week9_S52_L001_R1_001	(0.0, 0.0)	(1.0, 0.0)	(2.0, 0.0)	(3.0, 0.0)	(4.0, 0.0)	(5.0, 0.0)	(6.0, 0.0)	(7.0, 0.0)	(8.0, 0.0)	(9.0, 0.0)	(10.0, 0.0)	(11.0, 0.0)	(12.0, 0.0)	(13.0, 0.0)	(14.0, 0.0)	(15.0, 0.0)	(16.0, 0.0)	(17.0, 0.0)	(18.0, 0.0)	(19.0, 0.0)	(20.0, 0.0)	(21.0, 0.0)	(22.0, 0.0)	(23.0, 0.0)	(24.0, 0.0)	(25.0, 0.0)	(26.0, 0.0)	(27.0, 0.0)	(28.0, 0.0)	(29.0, 0.0)	(30.0, 0.0)	(31.0, 0.0)	(32.0, 0.0)	(33.0, 0.0)	(34.0, 0.0005643818607669949)	(35.0, 0.0005643818607669949)	(36.0, 0.0)	(37.0, 0.0)	(38.0, 0.0)	(39.0, 0.0)	(40.0, 0.0005643818607669949)	(41.0, 0.0005643818607669949)	(42.0, 0.0022575274430679795)	(43.0, 0.005079436746902954)	(44.0, 0.01241640093687389)	(45.0, 0.025397183734514772)	(46.0, 0.5440641137793831)	(47.0, 9.632305217710304)	(48.0, 11.995936450602478)	(49.0, 16.74972486384288)	(50.0, 3.8688376555577504)	(51.0, 1.7620001693145582)	(52.0, 0.8448796455681914)	(53.0, 5.844738550103)	(54.0, 32.52024719925502)	(55.0, 12.814854530575387)	(56.0, 1.3003358072071562)	(57.0, 0.5892146626407427)	(58.0, 0.33806473459943)	(59.0, 0.39845359370149847)	(60.0, 0.21785139825606006)	(61.0, 0.14730366566018568)	(62.0, 0.07054773259587437)	(63.0, 0.029912238620650733)	(64.0, 0.007336964189970934)	(65.0, 0.006772582329203939)	(66.0, 0.030476620481417728)	(67.0, 0.18173095916697238)	(68.0, 0.038942348392922654)	(69.0, 0.00790134605073793)	(70.0, 0.00564381860766995)	(71.0, 0.0022575274430679795)	(72.0, 0.0022575274430679795)	(73.0, 0.0)	(74.0, 0.0)	(75.0, 0.0)	(76.0, 0.0)	(77.0, 0.0)	(78.0, 0.0)	(79.0, 0.0)	(80.0, 0.0)	(81.0, 0.0)	(82.0, 0.0)	(83.0, 0.0)	(84.0, 0.0)	(85.0, 0.0)	(86.0, 0.0)	(87.0, 0.0)	(88.0, 0.0)	(89.0, 0.0)	(90.0, 0.0)	(91.0, 0.0)	(92.0, 0.0)	(93.0, 0.0)	(94.0, 0.0)	(95.0, 0.0)	(96.0, 0.0)	(97.0, 0.0)	(98.0, 0.0)	(99.0, 0.0)	(100.0, 0.0)
2808_NS1_RR_Female_week9_S52_L001_R2_001	(0.0, 0.0)	(1.0, 0.0)	(2.0, 0.0)	(3.0, 0.0)	(4.0, 0.0)	(5.0, 0.0)	(6.0, 0.0)	(7.0, 0.0)	(8.0, 0.0)	(9.0, 0.0)	(10.0, 0.0)	(11.0, 0.0)	(12.0, 0.0)	(13.0, 0.0)	(14.0, 0.0)	(15.0, 0.0)	(16.0, 0.0)	(17.0, 0.0)	(18.0, 0.0)	(19.0, 0.0)	(20.0, 0.0)	(21.0, 0.0)	(22.0, 0.0)	(23.0, 0.0)	(24.0, 0.0)	(25.0, 0.0)	(26.0, 0.0)	(27.0, 0.0)	(28.0, 0.0)	(29.0, 0.0)	(30.0, 0.0)	(31.0, 0.0)	(32.0, 0.0)	(33.0, 0.0005516997870438822)	(34.0, 0.0)	(35.0, 0.0)	(36.0, 0.0)	(37.0, 0.0011033995740877644)	(38.0, 0.0011033995740877644)	(39.0, 0.0016550993611316467)	(40.0, 0.0038618985093071753)	(41.0, 0.00496529808339494)	(42.0, 0.007723797018614351)	(43.0, 0.010482295953833761)	(44.0, 0.011585695527921526)	(45.0, 0.028688388926281876)	(46.0, 0.05572167849143211)	(47.0, 0.16550993611316467)	(48.0, 3.7537653510465745)	(49.0, 10.75207714969822)	(50.0, 14.932306436129716)	(51.0, 11.342395921835175)	(52.0, 3.8094870295380066)	(53.0, 6.755012192565293)	(54.0, 7.166580233700031)	(55.0, 6.128281234483444)	(56.0, 17.727217557294022)	(57.0, 11.657968200024275)	(58.0, 2.9670414547219983)	(59.0, 0.9676814264749694)	(60.0, 0.4110163413476922)	(61.0, 0.29405598649438924)	(62.0, 0.21185271822485077)	(63.0, 0.15723443930750644)	(64.0, 0.10978825762173255)	(65.0, 0.08606516677884563)	(66.0, 0.0684107735934414)	(67.0, 0.10096106102903044)	(68.0, 0.13792494676097056)	(69.0, 0.08220326826953844)	(70.0, 0.03530878637080846)	(71.0, 0.01268909510200929)	(72.0, 0.006068697657482704)	(73.0, 0.006068697657482704)	(74.0, 0.0038618985093071753)	(75.0, 0.002206799148175529)	(76.0, 0.0016550993611316467)	(77.0, 0.0016550993611316467)	(78.0, 0.0027584989352194113)	(79.0, 0.0011033995740877644)	(80.0, 0.0005516997870438822)	(81.0, 0.0)	(82.0, 0.0005516997870438822)	(83.0, 0.0011033995740877644)	(84.0, 0.0)	(85.0, 0.0005516997870438822)	(86.0, 0.0)	(87.0, 0.0011033995740877644)	(88.0, 0.0005516997870438822)	(89.0, 0.0)	(90.0, 0.0005516997870438822)	(91.0, 0.0005516997870438822)	(92.0, 0.0016550993611316467)	(93.0, 0.0011033995740877644)	(94.0, 0.0016550993611316467)	(95.0, 0.0011033995740877644)	(96.0, 0.0005516997870438822)	(97.0, 0.0)	(98.0, 0.0)	(99.0, 0.0005516997870438822)	(100.0, 0.002206799148175529)
2808_NS1_R_Female_week5_S39_L001_R1_001	(0.0, 0.0)	(1.0, 0.0)	(2.0, 0.0)	(3.0, 0.0)	(4.0, 0.0)	(5.0, 0.0)	(6.0, 0.0)	(7.0, 0.0)	(8.0, 0.0)	(9.0, 0.0)	(10.0, 0.0)	(11.0, 0.0)	(12.0, 0.0)	(13.0, 0.0)	(14.0, 0.0)	(15.0, 0.0)	(16.0, 0.0)	(17.0, 0.0)	(18.0, 0.0)	(19.0, 0.0)	(20.0, 0.0)	(21.0, 0.0)	(22.0, 0.0)	(23.0, 0.0)	(24.0, 0.0)	(25.0, 0.0)	(26.0, 0.0)	(27.0, 0.0)	(28.0, 0.0)	(29.0, 0.0)	(30.0, 0.0)	(31.0, 0.0004885126256088089)	(32.0, 0.0004885126256088089)	(33.0, 0.0)	(34.0, 0.0)	(35.0, 0.0)	(36.0, 0.0004885126256088089)	(37.0, 0.0004885126256088089)	(38.0, 0.0)	(39.0, 0.0)	(40.0, 0.0004885126256088089)	(41.0, 0.0019540505024352355)	(42.0, 0.0019540505024352355)	(43.0, 0.00439661363047928)	(44.0, 0.0058621515073057065)	(45.0, 0.03224183329018138)	(46.0, 0.4997484159978115)	(47.0, 12.114136089847243)	(48.0, 13.432143153739808)	(49.0, 22.19605965716184)	(50.0, 4.481614827335212)	(51.0, 1.9902004367302872)	(52.0, 0.8900700038592498)	(53.0, 5.452777927045525)	(54.0, 26.582414522503335)	(55.0, 9.478610474687718)	(56.0, 1.0688656248320738)	(57.0, 0.4953518023673322)	(58.0, 0.3053203910055055)	(59.0, 0.35124057781273355)	(60.0, 0.17293346946551832)	(61.0, 0.12261666902781101)	(62.0, 0.05617895194501302)	(63.0, 0.024914143906049253)	(64.0, 0.009281739886567369)	(65.0, 0.008304714635349751)	(66.0, 0.030287782787746145)	(67.0, 0.13629502254485767)	(68.0, 0.03126480803896377)	(69.0, 0.009281739886567369)	(70.0, 0.004885126256088088)	(71.0, 0.003908101004870471)	(72.0, 0.0019540505024352355)	(73.0, 0.0004885126256088089)	(74.0, 0.0)	(75.0, 0.0)	(76.0, 0.0)	(77.0, 0.0)	(78.0, 0.0)	(79.0, 0.0)	(80.0, 0.0)	(81.0, 0.0)	(82.0, 0.0)	(83.0, 0.0)	(84.0, 0.0)	(85.0, 0.0)	(86.0, 0.0)	(87.0, 0.0)	(88.0, 0.0)	(89.0, 0.0)	(90.0, 0.0)	(91.0, 0.0)	(92.0, 0.0)	(93.0, 0.0)	(94.0, 0.0)	(95.0, 0.0)	(96.0, 0.0)	(97.0, 0.0)	(98.0, 0.0)	(99.0, 0.0)	(100.0, 0.0)
2808_NS1_R_Female_week5_S39_L001_R2_001	(0.0, 0.0)	(1.0, 0.0004730383886420329)	(2.0, 0.0)	(3.0, 0.0)	(4.0, 0.0)	(5.0, 0.0)	(6.0, 0.0)	(7.0, 0.0)	(8.0, 0.0)	(9.0, 0.0)	(10.0, 0.0)	(11.0, 0.0)	(12.0, 0.0)	(13.0, 0.0)	(14.0, 0.0)	(15.0, 0.0)	(16.0, 0.0)	(17.0, 0.0)	(18.0, 0.0)	(19.0, 0.0)	(20.0, 0.0)	(21.0, 0.0)	(22.0, 0.0)	(23.0, 0.0)	(24.0, 0.0004730383886420329)	(25.0, 0.0)	(26.0, 0.0)	(27.0, 0.0)	(28.0, 0.0)	(29.0, 0.0)	(30.0, 0.0)	(31.0, 0.0)	(32.0, 0.0)	(33.0, 0.0)	(34.0, 0.0004730383886420329)	(35.0, 0.0004730383886420329)	(36.0, 0.0014191151659260987)	(37.0, 0.0018921535545681316)	(38.0, 0.0023651919432101645)	(39.0, 0.0009460767772840658)	(40.0, 0.0018921535545681316)	(41.0, 0.005676460663704395)	(42.0, 0.004257345497778296)	(43.0, 0.009460767772840658)	(44.0, 0.018448497157039282)	(45.0, 0.026017111375311812)	(46.0, 0.041627378200498895)	(47.0, 0.17360508863162608)	(48.0, 5.053469105862837)	(49.0, 12.293794682417793)	(50.0, 17.306109448468774)	(51.0, 15.232309152662102)	(52.0, 4.589418446605003)	(53.0, 8.285267377065205)	(54.0, 6.150445129123712)	(55.0, 4.235585731900763)	(56.0, 13.38462120662632)	(57.0, 8.820746833007988)	(58.0, 2.2308490408358272)	(59.0, 0.7157070820153958)	(60.0, 0.34011460143362165)	(61.0, 0.23888438626422662)	(62.0, 0.17502420379755218)	(63.0, 0.12062478910371838)	(64.0, 0.09176944739655438)	(65.0, 0.0662253744098846)	(66.0, 0.05629156824840192)	(67.0, 0.09413463933976456)	(68.0, 0.10264933033532113)	(69.0, 0.05392637630519176)	(70.0, 0.02743622654123791)	(71.0, 0.014664190047903019)	(72.0, 0.005203422275062362)	(73.0, 0.0018921535545681316)	(74.0, 0.003784307109136263)	(75.0, 0.0018921535545681316)	(76.0, 0.0018921535545681316)	(77.0, 0.0023651919432101645)	(78.0, 0.0014191151659260987)	(79.0, 0.0)	(80.0, 0.0004730383886420329)	(81.0, 0.0)	(82.0, 0.0)	(83.0, 0.0)	(84.0, 0.0004730383886420329)	(85.0, 0.0)	(86.0, 0.0014191151659260987)	(87.0, 0.0009460767772840658)	(88.0, 0.0)	(89.0, 0.0004730383886420329)	(90.0, 0.0014191151659260987)	(91.0, 0.0004730383886420329)	(92.0, 0.0009460767772840658)	(93.0, 0.0014191151659260987)	(94.0, 0.0)	(95.0, 0.0009460767772840658)	(96.0, 0.0009460767772840658)	(97.0, 0.0)	(98.0, 0.0)	(99.0, 0.0014191151659260987)	(100.0, 0.0006307178515227106)
2808_NS1_R_Female_week9_S51_L001_R1_001	(0.0, 0.0)	(1.0, 0.0)	(2.0, 0.0)	(3.0, 0.0)	(4.0, 0.0)	(5.0, 0.0)	(6.0, 0.0)	(7.0, 0.0)	(8.0, 0.0)	(9.0, 0.0)	(10.0, 0.0)	(11.0, 0.0)	(12.0, 0.0)	(13.0, 0.0)	(14.0, 0.0)	(15.0, 0.0)	(16.0, 0.0)	(17.0, 0.0)	(18.0, 0.0)	(19.0, 0.0)	(20.0, 0.0)	(21.0, 0.0)	(22.0, 0.0)	(23.0, 0.0)	(24.0, 0.0)	(25.0, 0.0)	(26.0, 0.0)	(27.0, 0.0)	(28.0, 0.0)	(29.0, 0.0)	(30.0, 0.0)	(31.0, 0.0)	(32.0, 0.0)	(33.0, 0.0)	(34.0, 0.0)	(35.0, 0.0006233831000841567)	(36.0, 0.0006233831000841567)	(37.0, 0.0018701493002524702)	(38.0, 0.0012467662001683134)	(39.0, 0.002493532400336627)	(40.0, 0.0018701493002524702)	(41.0, 0.0031169155004207834)	(42.0, 0.007480597201009881)	(43.0, 0.009350746501262351)	(44.0, 0.015584577502103918)	(45.0, 0.052364180407069166)	(46.0, 0.6452015085871022)	(47.0, 10.84748932456441)	(48.0, 12.931459028145747)	(49.0, 17.11311286351027)	(50.0, 4.085029454851479)	(51.0, 1.8763831312533115)	(52.0, 0.9169965402237945)	(53.0, 5.227690677305738)	(54.0, 30.207898263878064)	(55.0, 12.376024685970762)	(56.0, 1.428170682292803)	(57.0, 0.6383442944861765)	(58.0, 0.37091294455007323)	(59.0, 0.4351214038587414)	(60.0, 0.24062587663248447)	(61.0, 0.1427547299192719)	(62.0, 0.07729950441043544)	(63.0, 0.031169155004207836)	(64.0, 0.019948259202693015)	(65.0, 0.008727363401178193)	(66.0, 0.037402986005049405)	(67.0, 0.16207960602188073)	(68.0, 0.04363681700589097)	(69.0, 0.015584577502103918)	(70.0, 0.010597512701430663)	(71.0, 0.006233831000841567)	(72.0, 0.004987064800673254)	(73.0, 0.0012467662001683134)	(74.0, 0.0)	(75.0, 0.0)	(76.0, 0.0)	(77.0, 0.0006233831000841567)	(78.0, 0.0006233831000841567)	(79.0, 0.0)	(80.0, 0.0)	(81.0, 0.0)	(82.0, 0.0)	(83.0, 0.0)	(84.0, 0.0)	(85.0, 0.0)	(86.0, 0.0)	(87.0, 0.0)	(88.0, 0.0)	(89.0, 0.0)	(90.0, 0.0)	(91.0, 0.0)	(92.0, 0.0)	(93.0, 0.0)	(94.0, 0.0)	(95.0, 0.0)	(96.0, 0.0)	(97.0, 0.0)	(98.0, 0.0)	(99.0, 0.0)	(100.0, 0.0)
2808_NS1_R_Female_week9_S51_L001_R2_001	(0.0, 0.0)	(1.0, 0.0)	(2.0, 0.0)	(3.0, 0.0)	(4.0, 0.0)	(5.0, 0.0)	(6.0, 0.0)	(7.0, 0.0)	(8.0, 0.0)	(9.0, 0.0)	(10.0, 0.0)	(11.0, 0.0)	(12.0, 0.0)	(13.0, 0.0)	(14.0, 0.0)	(15.0, 0.0)	(16.0, 0.0)	(17.0, 0.0)	(18.0, 0.0)	(19.0, 0.0)	(20.0, 0.0)	(21.0, 0.0)	(22.0, 0.0)	(23.0, 0.0)	(24.0, 0.0)	(25.0, 0.0)	(26.0, 0.0)	(27.0, 0.0)	(28.0, 0.0)	(29.0, 0.0)	(30.0, 0.0)	(31.0, 0.0)	(32.0, 0.0)	(33.0, 0.0)	(34.0, 0.0)	(35.0, 0.0)	(36.0, 0.0012249772868794724)	(37.0, 0.0018374659303192085)	(38.0, 0.0030624432171986807)	(39.0, 0.0024499545737589447)	(40.0, 0.0018374659303192085)	(41.0, 0.007349863721276834)	(42.0, 0.011637284225354988)	(43.0, 0.01592470472943314)	(44.0, 0.020212125233511295)	(45.0, 0.04042425046702259)	(46.0, 0.06124886434397362)	(47.0, 0.18558405896224006)	(48.0, 4.197384673492512)	(49.0, 11.915354069476628)	(50.0, 15.358152734251384)	(51.0, 11.666683680240094)	(52.0, 3.85439103316626)	(53.0, 6.790661589816355)	(54.0, 7.3345515051908405)	(55.0, 5.334776084360103)	(56.0, 16.126213493124812)	(57.0, 11.263666152856748)	(58.0, 2.9913945345596717)	(59.0, 0.9977440001633302)	(60.0, 0.4532415961454048)	(61.0, 0.30930676493706677)	(62.0, 0.2186584457079858)	(63.0, 0.1623094905115301)	(64.0, 0.1102479558191525)	(65.0, 0.08697338736844254)	(66.0, 0.07533610314308756)	(67.0, 0.1065730239585141)	(68.0, 0.12617266054858564)	(69.0, 0.09064831922908095)	(70.0, 0.03246189810230602)	(71.0, 0.018374659303192088)	(72.0, 0.00796235236471657)	(73.0, 0.0018374659303192085)	(74.0, 0.0006124886434397362)	(75.0, 0.0012249772868794724)	(76.0, 0.0024499545737589447)	(77.0, 0.0018374659303192085)	(78.0, 0.0018374659303192085)	(79.0, 0.0012249772868794724)	(80.0, 0.0006124886434397362)	(81.0, 0.0)	(82.0, 0.0)	(83.0, 0.0006124886434397362)	(84.0, 0.0)	(85.0, 0.0)	(86.0, 0.0)	(87.0, 0.0)	(88.0, 0.0006124886434397362)	(89.0, 0.0006124886434397362)	(90.0, 0.0)	(91.0, 0.0)	(92.0, 0.0006124886434397362)	(93.0, 0.0006124886434397362)	(94.0, 0.0006124886434397362)	(95.0, 0.0006124886434397362)	(96.0, 0.0006124886434397362)	(97.0, 0.0)	(98.0, 0.0)	(99.0, 0.0006124886434397362)	(100.0, 0.000816651524586315)
2824_NS1_0_Male_week5_S43_L001_R1_001	(0.0, 0.0)	(1.0, 0.0)	(2.0, 0.0)	(3.0, 0.0)	(4.0, 0.0)	(5.0, 0.0)	(6.0, 0.0)	(7.0, 0.0)	(8.0, 0.0)	(9.0, 0.0)	(10.0, 0.0)	(11.0, 0.0)	(12.0, 0.0)	(13.0, 0.0)	(14.0, 0.0)	(15.0, 0.0)	(16.0, 0.0)	(17.0, 0.0)	(18.0, 0.0)	(19.0, 0.0)	(20.0, 0.0)	(21.0, 0.0)	(22.0, 0.0)	(23.0, 0.0)	(24.0, 0.0)	(25.0, 0.0)	(26.0, 0.0)	(27.0, 0.0)	(28.0, 0.0)	(29.0, 0.0)	(30.0, 0.0)	(31.0, 0.0)	(32.0, 0.0)	(33.0, 0.0)	(34.0, 0.0)	(35.0, 0.0)	(36.0, 0.000716712297349598)	(37.0, 0.0)	(38.0, 0.000716712297349598)	(39.0, 0.001433424594699196)	(40.0, 0.0021501368920487937)	(41.0, 0.005733698378796784)	(42.0, 0.005016986081447185)	(43.0, 0.009317259865544773)	(44.0, 0.014334245946991958)	(45.0, 0.0336854779754311)	(46.0, 0.3296876567808151)	(47.0, 8.89296618551381)	(48.0, 12.883620257156373)	(49.0, 28.975244757249545)	(50.0, 4.880094032653412)	(51.0, 2.1644711379957857)	(52.0, 0.9983802302079899)	(53.0, 4.660063357367085)	(54.0, 23.185642819259492)	(55.0, 10.09274257127704)	(56.0, 1.095853102647535)	(57.0, 0.5031320327394178)	(58.0, 0.3089030001576767)	(59.0, 0.3769906684058885)	(60.0, 0.2064131416366842)	(61.0, 0.1032065708183421)	(62.0, 0.05447013459856944)	(63.0, 0.022218081217837537)	(64.0, 0.01003397216289437)	(65.0, 0.006450410676146381)	(66.0, 0.029385204191333517)	(67.0, 0.1060734200077405)	(68.0, 0.021501368920487936)	(69.0, 0.01003397216289437)	(70.0, 0.006450410676146381)	(71.0, 0.001433424594699196)	(72.0, 0.000716712297349598)	(73.0, 0.000716712297349598)	(74.0, 0.0)	(75.0, 0.0)	(76.0, 0.0)	(77.0, 0.0)	(78.0, 0.0)	(79.0, 0.0)	(80.0, 0.0)	(81.0, 0.0)	(82.0, 0.0)	(83.0, 0.0)	(84.0, 0.0)	(85.0, 0.0)	(86.0, 0.0)	(87.0, 0.0)	(88.0, 0.0)	(89.0, 0.0)	(90.0, 0.0)	(91.0, 0.0)	(92.0, 0.0)	(93.0, 0.0)	(94.0, 0.0)	(95.0, 0.0)	(96.0, 0.0)	(97.0, 0.0)	(98.0, 0.0)	(99.0, 0.0)	(100.0, 0.0)
2824_NS1_0_Male_week5_S43_L001_R2_001	(0.0, 0.0)	(1.0, 0.0)	(2.0, 0.0)	(3.0, 0.0)	(4.0, 0.0)	(5.0, 0.0)	(6.0, 0.0)	(7.0, 0.0)	(8.0, 0.0)	(9.0, 0.0)	(10.0, 0.0)	(11.0, 0.0)	(12.0, 0.0)	(13.0, 0.0)	(14.0, 0.0)	(15.0, 0.0)	(16.0, 0.0)	(17.0, 0.0)	(18.0, 0.0)	(19.0, 0.0)	(20.0, 0.0)	(21.0, 0.0)	(22.0, 0.0)	(23.0, 0.0)	(24.0, 0.0)	(25.0, 0.0)	(26.0, 0.0)	(27.0, 0.0)	(28.0, 0.0)	(29.0, 0.0)	(30.0, 0.0)	(31.0, 0.0)	(32.0, 0.0)	(33.0, 0.0)	(34.0, 0.0)	(35.0, 0.0006860937935955432)	(36.0, 0.0013721875871910863)	(37.0, 0.0006860937935955432)	(38.0, 0.0006860937935955432)	(39.0, 0.0020582813807866296)	(40.0, 0.0027443751743821726)	(41.0, 0.004802656555168802)	(42.0, 0.0034304689679777157)	(43.0, 0.007547031729550975)	(44.0, 0.013721875871910863)	(45.0, 0.03910734623494597)	(46.0, 0.07203984832753203)	(47.0, 0.17220954219248133)	(48.0, 3.7906682096153763)	(49.0, 9.863284376729528)	(50.0, 19.928966422569744)	(51.0, 19.631201716149278)	(52.0, 4.253095426498772)	(53.0, 6.128875858188987)	(54.0, 6.163180547868764)	(55.0, 4.416385749374512)	(56.0, 13.053620516948804)	(57.0, 8.285954745253376)	(58.0, 1.9958468455694351)	(59.0, 0.7643084860654351)	(60.0, 0.3752933050967621)	(61.0, 0.24699376569439555)	(62.0, 0.16466251046293034)	(63.0, 0.12143860146641115)	(64.0, 0.10360016283292703)	(65.0, 0.07341203591472312)	(66.0, 0.05625969107483454)	(67.0, 0.0747842235019142)	(68.0, 0.07821469246989193)	(69.0, 0.04665437796449694)	(70.0, 0.02195500139505738)	(71.0, 0.009605313110337604)	(72.0, 0.004116562761573259)	(73.0, 0.004802656555168802)	(74.0, 0.0006860937935955432)	(75.0, 0.0006860937935955432)	(76.0, 0.0020582813807866296)	(77.0, 0.0020582813807866296)	(78.0, 0.0013721875871910863)	(79.0, 0.0013721875871910863)	(80.0, 0.0006860937935955432)	(81.0, 0.0020582813807866296)	(82.0, 0.0020582813807866296)	(83.0, 0.0)	(84.0, 0.0006860937935955432)	(85.0, 0.0006860937935955432)	(86.0, 0.0006860937935955432)	(87.0, 0.0)	(88.0, 0.0)	(89.0, 0.0006860937935955432)	(90.0, 0.0006860937935955432)	(91.0, 0.0006860937935955432)	(92.0, 0.0006860937935955432)	(93.0, 0.0)	(94.0, 0.0)	(95.0, 0.0)	(96.0, 0.0)	(97.0, 0.0006860937935955432)	(98.0, 0.0)	(99.0, 0.0013721875871910863)	(100.0, 0.0018295834495881149)
2824_NS1_0_Male_week9_S55_L001_R1_001	(0.0, 0.0)	(1.0, 0.0)	(2.0, 0.0)	(3.0, 0.0)	(4.0, 0.0)	(5.0, 0.0)	(6.0, 0.0)	(7.0, 0.0)	(8.0, 0.0)	(9.0, 0.0)	(10.0, 0.0)	(11.0, 0.0)	(12.0, 0.0)	(13.0, 0.0)	(14.0, 0.0)	(15.0, 0.0)	(16.0, 0.0)	(17.0, 0.0)	(18.0, 0.0)	(19.0, 0.0)	(20.0, 0.0)	(21.0, 0.0)	(22.0, 0.0)	(23.0, 0.0)	(24.0, 0.0)	(25.0, 0.0)	(26.0, 0.0)	(27.0, 0.0)	(28.0, 0.0)	(29.0, 0.0)	(30.0, 0.0)	(31.0, 0.0)	(32.0, 0.0)	(33.0, 0.0)	(34.0, 0.0)	(35.0, 0.0)	(36.0, 0.0004203817907423522)	(37.0, 0.0004203817907423522)	(38.0, 0.0008407635814847044)	(39.0, 0.0004203817907423522)	(40.0, 0.0012611453722270567)	(41.0, 0.002101908953711761)	(42.0, 0.004624199698165874)	(43.0, 0.01135030835004351)	(44.0, 0.01891718058340585)	(45.0, 0.051286578470566974)	(46.0, 0.6293115407413012)	(47.0, 11.182576015537311)	(48.0, 14.725974129704596)	(49.0, 19.865141521529853)	(50.0, 5.26318002009425)	(51.0, 2.3663291000887003)	(52.0, 1.0122793521075841)	(53.0, 5.1559826634549495)	(54.0, 25.386015579349163)	(55.0, 11.021990171473732)	(56.0, 1.283005225345659)	(57.0, 0.5990440518078519)	(58.0, 0.3560633767587723)	(59.0, 0.3682544486903005)	(60.0, 0.18791066046183144)	(61.0, 0.12443301005973625)	(62.0, 0.06894261368174576)	(63.0, 0.0378343611668117)	(64.0, 0.014713362675982326)	(65.0, 0.010089162977816453)	(66.0, 0.028165579979737596)	(67.0, 0.1475540085505656)	(68.0, 0.0466623787724011)	(69.0, 0.01765603521117879)	(70.0, 0.004203817907423522)	(71.0, 0.002101908953711761)	(72.0, 0.0012611453722270567)	(73.0, 0.0008407635814847044)	(74.0, 0.0004203817907423522)	(75.0, 0.0)	(76.0, 0.0)	(77.0, 0.0)	(78.0, 0.0)	(79.0, 0.0)	(80.0, 0.0)	(81.0, 0.0)	(82.0, 0.0)	(83.0, 0.0)	(84.0, 0.0004203817907423522)	(85.0, 0.0)	(86.0, 0.0)	(87.0, 0.0)	(88.0, 0.0)	(89.0, 0.0)	(90.0, 0.0)	(91.0, 0.0)	(92.0, 0.0)	(93.0, 0.0)	(94.0, 0.0)	(95.0, 0.0)	(96.0, 0.0)	(97.0, 0.0)	(98.0, 0.0)	(99.0, 0.0)	(100.0, 0.0)
2824_NS1_0_Male_week9_S55_L001_R2_001	(0.0, 0.0)	(1.0, 0.0004126643951784292)	(2.0, 0.0004126643951784292)	(3.0, 0.0)	(4.0, 0.0)	(5.0, 0.0)	(6.0, 0.0)	(7.0, 0.0)	(8.0, 0.0)	(9.0, 0.0)	(10.0, 0.0)	(11.0, 0.0)	(12.0, 0.0)	(13.0, 0.0)	(14.0, 0.0)	(15.0, 0.0)	(16.0, 0.0)	(17.0, 0.0)	(18.0, 0.0)	(19.0, 0.0)	(20.0, 0.0)	(21.0, 0.0)	(22.0, 0.0)	(23.0, 0.0)	(24.0, 0.0)	(25.0, 0.0)	(26.0, 0.0)	(27.0, 0.0)	(28.0, 0.0)	(29.0, 0.0)	(30.0, 0.0)	(31.0, 0.0)	(32.0, 0.0)	(33.0, 0.0)	(34.0, 0.0)	(35.0, 0.0004126643951784292)	(36.0, 0.0)	(37.0, 0.0004126643951784292)	(38.0, 0.0008253287903568584)	(39.0, 0.0008253287903568584)	(40.0, 0.0037139795566058635)	(41.0, 0.00536463713731958)	(42.0, 0.007840623508390156)	(43.0, 0.011141938669817589)	(44.0, 0.012379931855352876)	(45.0, 0.025172528105884183)	(46.0, 0.040028446332307635)	(47.0, 0.1563998057726247)	(48.0, 4.213303474771762)	(49.0, 13.042670874009435)	(50.0, 18.517902069236833)	(51.0, 13.42479810394466)	(52.0, 3.695409658822834)	(53.0, 7.375963399419244)	(54.0, 8.6432557570122)	(55.0, 5.17811283069893)	(56.0, 13.367437753014858)	(57.0, 8.310648254498386)	(58.0, 1.9403479861289743)	(59.0, 0.649946422406026)	(60.0, 0.3140376047307846)	(61.0, 0.21128417033135574)	(62.0, 0.16919240202315597)	(63.0, 0.1217359965776366)	(64.0, 0.08954817375371914)	(65.0, 0.06685163201890554)	(66.0, 0.05694768653462323)	(67.0, 0.09284948891514658)	(68.0, 0.11554603064996018)	(69.0, 0.06932761838997611)	(70.0, 0.02806117887213319)	(71.0, 0.012792596250531306)	(72.0, 0.006189965927676438)	(73.0, 0.002063321975892146)	(74.0, 0.0024759863710705756)	(75.0, 0.0012379931855352878)	(76.0, 0.002063321975892146)	(77.0, 0.0024759863710705756)	(78.0, 0.0012379931855352878)	(79.0, 0.0012379931855352878)	(80.0, 0.0008253287903568584)	(81.0, 0.0012379931855352878)	(82.0, 0.0004126643951784292)	(83.0, 0.0004126643951784292)	(84.0, 0.0008253287903568584)	(85.0, 0.0)	(86.0, 0.0004126643951784292)	(87.0, 0.0004126643951784292)	(88.0, 0.0)	(89.0, 0.0004126643951784292)	(90.0, 0.0)	(91.0, 0.0)	(92.0, 0.0004126643951784292)	(93.0, 0.0004126643951784292)	(94.0, 0.0)	(95.0, 0.0)	(96.0, 0.0004126643951784292)	(97.0, 0.0)	(98.0, 0.0004126643951784292)	(99.0, 0.0)	(100.0, 0.0011004383871424778)
2824_NS1_L_Male_week5_S44_L001_R1_001	(0.0, 0.0)	(1.0, 0.0)	(2.0, 0.0)	(3.0, 0.0)	(4.0, 0.0)	(5.0, 0.0)	(6.0, 0.0)	(7.0, 0.0)	(8.0, 0.0)	(9.0, 0.0)	(10.0, 0.0)	(11.0, 0.0)	(12.0, 0.0)	(13.0, 0.0)	(14.0, 0.0)	(15.0, 0.0)	(16.0, 0.0)	(17.0, 0.0)	(18.0, 0.0)	(19.0, 0.0)	(20.0, 0.0)	(21.0, 0.0)	(22.0, 0.0)	(23.0, 0.0)	(24.0, 0.0)	(25.0, 0.0)	(26.0, 0.0)	(27.0, 0.0)	(28.0, 0.0)	(29.0, 0.0)	(30.0, 0.0)	(31.0, 0.0)	(32.0, 0.0)	(33.0, 0.0)	(34.0, 0.0)	(35.0, 0.0015280395252890544)	(36.0, 0.0010186930168593696)	(37.0, 0.0)	(38.0, 0.0005093465084296848)	(39.0, 0.0010186930168593696)	(40.0, 0.0005093465084296848)	(41.0, 0.0015280395252890544)	(42.0, 0.0025467325421484237)	(43.0, 0.008149544134874957)	(44.0, 0.014771048744460856)	(45.0, 0.03412621606478888)	(46.0, 0.5414353384607549)	(47.0, 7.533744206183466)	(48.0, 11.69561452656242)	(49.0, 28.93240971833138)	(50.0, 4.618244791931951)	(51.0, 1.8214231141445527)	(52.0, 0.9468751591707838)	(53.0, 5.291091529567565)	(54.0, 25.04202108694545)	(55.0, 10.573524168491826)	(56.0, 1.1169968929862986)	(57.0, 0.5378699129017471)	(58.0, 0.337696735088881)	(59.0, 0.3891407324402791)	(60.0, 0.19711709876228797)	(61.0, 0.10798145978709317)	(62.0, 0.06519635307899965)	(63.0, 0.026995364946773293)	(64.0, 0.011714969693882749)	(65.0, 0.00865889064330464)	(66.0, 0.021901899862476443)	(67.0, 0.08200478785717924)	(68.0, 0.019355167320328017)	(69.0, 0.00865889064330464)	(70.0, 0.0035654255590077933)	(71.0, 0.0025467325421484237)	(72.0, 0.0005093465084296848)	(73.0, 0.0)	(74.0, 0.0)	(75.0, 0.0)	(76.0, 0.0)	(77.0, 0.0)	(78.0, 0.0)	(79.0, 0.0)	(80.0, 0.0)	(81.0, 0.0)	(82.0, 0.0)	(83.0, 0.0)	(84.0, 0.0)	(85.0, 0.0)	(86.0, 0.0)	(87.0, 0.0)	(88.0, 0.0)	(89.0, 0.0)	(90.0, 0.0)	(91.0, 0.0)	(92.0, 0.0)	(93.0, 0.0)	(94.0, 0.0)	(95.0, 0.0)	(96.0, 0.0)	(97.0, 0.0)	(98.0, 0.0)	(99.0, 0.0)	(100.0, 0.0)
2824_NS1_L_Male_week5_S44_L001_R2_001	(0.0, 0.0)	(1.0, 0.0)	(2.0, 0.0)	(3.0, 0.0)	(4.0, 0.0)	(5.0, 0.0)	(6.0, 0.0)	(7.0, 0.0)	(8.0, 0.0)	(9.0, 0.0)	(10.0, 0.0)	(11.0, 0.0)	(12.0, 0.0)	(13.0, 0.0)	(14.0, 0.0)	(15.0, 0.0)	(16.0, 0.0)	(17.0, 0.0)	(18.0, 0.0)	(19.0, 0.0)	(20.0, 0.0)	(21.0, 0.0)	(22.0, 0.0)	(23.0, 0.0)	(24.0, 0.0)	(25.0, 0.0)	(26.0, 0.0)	(27.0, 0.0)	(28.0, 0.0)	(29.0, 0.0)	(30.0, 0.0)	(31.0, 0.0)	(32.0, 0.0)	(33.0, 0.0)	(34.0, 0.0)	(35.0, 0.0)	(36.0, 0.0004909975597421282)	(37.0, 0.0009819951194842563)	(38.0, 0.0009819951194842563)	(39.0, 0.0009819951194842563)	(40.0, 0.00245498779871064)	(41.0, 0.006382968276647664)	(42.0, 0.007364963396131922)	(43.0, 0.008837956075358306)	(44.0, 0.0157119219117481)	(45.0, 0.0245498779871064)	(46.0, 0.036824816980659605)	(47.0, 0.1433712874447014)	(48.0, 3.1148885190040607)	(49.0, 8.44221204220615)	(50.0, 20.070016252019226)	(51.0, 19.75234083086607)	(52.0, 4.715049566203656)	(53.0, 7.6688908856122975)	(54.0, 6.935340531357559)	(55.0, 4.8682408048432)	(56.0, 12.700142880289885)	(57.0, 7.735666553737228)	(58.0, 1.8662817245798289)	(59.0, 0.6834686031610423)	(60.0, 0.33780632110258413)	(61.0, 0.21014695556963084)	(62.0, 0.15270024107980185)	(63.0, 0.10163649486662052)	(64.0, 0.06481167788596091)	(65.0, 0.0628476876469924)	(66.0, 0.0505727486534392)	(67.0, 0.056955716930086865)	(68.0, 0.07561362420028774)	(69.0, 0.03584282186117535)	(70.0, 0.01767591215071661)	(71.0, 0.007364963396131922)	(72.0, 0.006382968276647664)	(73.0, 0.0034369829181948967)	(74.0, 0.0019639902389685126)	(75.0, 0.0)	(76.0, 0.0009819951194842563)	(77.0, 0.0004909975597421282)	(78.0, 0.0004909975597421282)	(79.0, 0.0004909975597421282)	(80.0, 0.0004909975597421282)	(81.0, 0.0009819951194842563)	(82.0, 0.0009819951194842563)	(83.0, 0.0004909975597421282)	(84.0, 0.0009819951194842563)	(85.0, 0.0)	(86.0, 0.0004909975597421282)	(87.0, 0.0004909975597421282)	(88.0, 0.0004909975597421282)	(89.0, 0.0004909975597421282)	(90.0, 0.0)	(91.0, 0.0)	(92.0, 0.0009819951194842563)	(93.0, 0.0009819951194842563)	(94.0, 0.0014729926792263843)	(95.0, 0.0004909975597421282)	(96.0, 0.0)	(97.0, 0.0)	(98.0, 0.0)	(99.0, 0.0004909975597421282)	(100.0, 0.0)
2824_NS1_L_Male_week9_S56_L001_R1_001	(0.0, 0.0)	(1.0, 0.0)	(2.0, 0.0)	(3.0, 0.0)	(4.0, 0.0)	(5.0, 0.0)	(6.0, 0.0)	(7.0, 0.0)	(8.0, 0.0)	(9.0, 0.0)	(10.0, 0.0)	(11.0, 0.0)	(12.0, 0.0)	(13.0, 0.0)	(14.0, 0.0)	(15.0, 0.0)	(16.0, 0.0)	(17.0, 0.0)	(18.0, 0.0)	(19.0, 0.0)	(20.0, 0.0)	(21.0, 0.0)	(22.0, 0.0)	(23.0, 0.0)	(24.0, 0.0)	(25.0, 0.0)	(26.0, 0.0)	(27.0, 0.0)	(28.0, 0.0)	(29.0, 0.0)	(30.0, 0.0)	(31.0, 0.0)	(32.0, 0.0)	(33.0, 0.0)	(34.0, 0.0)	(35.0, 0.0)	(36.0, 0.0)	(37.0, 0.0)	(38.0, 0.0005916494595282187)	(39.0, 0.0005916494595282187)	(40.0, 0.001774948378584656)	(41.0, 0.0029582472976410934)	(42.0, 0.004141546216697531)	(43.0, 0.00887474189292328)	(44.0, 0.012424638650092594)	(45.0, 0.047331956762257495)	(46.0, 0.6537726527786817)	(47.0, 11.586271365941107)	(48.0, 13.684851998887698)	(49.0, 14.37826516545477)	(50.0, 4.27466734509138)	(51.0, 2.0062833172601895)	(52.0, 1.1028345925605996)	(53.0, 6.921115377561103)	(54.0, 29.320372265839932)	(55.0, 12.600950189032003)	(56.0, 1.3785432407007496)	(57.0, 0.6070323454759524)	(58.0, 0.3632727681503263)	(59.0, 0.34966483058117726)	(60.0, 0.18163638407516314)	(61.0, 0.12897958217715166)	(62.0, 0.07395618244102733)	(63.0, 0.026032576219241623)	(64.0, 0.015974535407261906)	(65.0, 0.0094663913524515)	(66.0, 0.032540720274052026)	(67.0, 0.13785432407007495)	(68.0, 0.052065152438483246)	(69.0, 0.018932782704903)	(70.0, 0.006508144054810406)	(71.0, 0.005324845135753969)	(72.0, 0.001774948378584656)	(73.0, 0.0011832989190564375)	(74.0, 0.0)	(75.0, 0.0)	(76.0, 0.0)	(77.0, 0.0)	(78.0, 0.0)	(79.0, 0.0)	(80.0, 0.0)	(81.0, 0.0)	(82.0, 0.0)	(83.0, 0.0)	(84.0, 0.0)	(85.0, 0.0)	(86.0, 0.0)	(87.0, 0.0)	(88.0, 0.0)	(89.0, 0.0)	(90.0, 0.0)	(91.0, 0.0005916494595282187)	(92.0, 0.0005916494595282187)	(93.0, 0.0)	(94.0, 0.0)	(95.0, 0.0)	(96.0, 0.0)	(97.0, 0.0)	(98.0, 0.0)	(99.0, 0.0)	(100.0, 0.0)
2824_NS1_L_Male_week9_S56_L001_R2_001	(0.0, 0.0)	(1.0, 0.0)	(2.0, 0.0)	(3.0, 0.0)	(4.0, 0.0)	(5.0, 0.0)	(6.0, 0.0)	(7.0, 0.0)	(8.0, 0.0)	(9.0, 0.0)	(10.0, 0.0)	(11.0, 0.0)	(12.0, 0.0)	(13.0, 0.0)	(14.0, 0.0)	(15.0, 0.0)	(16.0, 0.0)	(17.0, 0.0)	(18.0, 0.0)	(19.0, 0.0)	(20.0, 0.0)	(21.0, 0.0)	(22.0, 0.0)	(23.0, 0.0)	(24.0, 0.0)	(25.0, 0.0)	(26.0, 0.0)	(27.0, 0.0)	(28.0, 0.0)	(29.0, 0.0)	(30.0, 0.0)	(31.0, 0.0)	(32.0, 0.0)	(33.0, 0.0)	(34.0, 0.0)	(35.0, 0.0)	(36.0, 0.0)	(37.0, 0.0005856149542634721)	(38.0, 0.0005856149542634721)	(39.0, 0.0005856149542634721)	(40.0, 0.0011712299085269442)	(41.0, 0.004099304679844305)	(42.0, 0.007027379451161665)	(43.0, 0.011126684131005971)	(44.0, 0.013469143948059857)	(45.0, 0.020496523399221523)	(46.0, 0.05094850102092207)	(47.0, 0.24244459106507743)	(48.0, 4.696631933193046)	(49.0, 12.920422735914986)	(50.0, 14.602308884559678)	(51.0, 9.435428143093063)	(52.0, 4.193588687480724)	(53.0, 7.5696588988096405)	(54.0, 8.829902280384633)	(55.0, 6.131974186092816)	(56.0, 12.930963805091727)	(57.0, 11.465169574570258)	(58.0, 4.03430141992106)	(59.0, 1.2051955758742257)	(60.0, 0.4556084344169813)	(61.0, 0.2524000452875565)	(62.0, 0.199694699403844)	(63.0, 0.13293459461780816)	(64.0, 0.10599630672168846)	(65.0, 0.08081486368835915)	(66.0, 0.0609039552434011)	(67.0, 0.04919165615813166)	(68.0, 0.0755443290999879)	(69.0, 0.07495871414572443)	(70.0, 0.052705345883712486)	(71.0, 0.02810951780464666)	(72.0, 0.01639721871937722)	(73.0, 0.008784224313952082)	(74.0, 0.005856149542634721)	(75.0, 0.005856149542634721)	(76.0, 0.004099304679844305)	(77.0, 0.0023424598170538884)	(78.0, 0.0017568448627904162)	(79.0, 0.0011712299085269442)	(80.0, 0.0005856149542634721)	(81.0, 0.0005856149542634721)	(82.0, 0.0017568448627904162)	(83.0, 0.0005856149542634721)	(84.0, 0.0011712299085269442)	(85.0, 0.0011712299085269442)	(86.0, 0.0005856149542634721)	(87.0, 0.0005856149542634721)	(88.0, 0.0011712299085269442)	(89.0, 0.0005856149542634721)	(90.0, 0.0)	(91.0, 0.0005856149542634721)	(92.0, 0.0005856149542634721)	(93.0, 0.0011712299085269442)	(94.0, 0.0011712299085269442)	(95.0, 0.0005856149542634721)	(96.0, 0.0)	(97.0, 0.0)	(98.0, 0.0)	(99.0, 0.0)	(100.0, 0.0039040996950898137)
2824_NS1_R_Male_week5_S45_L001_R1_001	(0.0, 0.0)	(1.0, 0.0)	(2.0, 0.0)	(3.0, 0.0)	(4.0, 0.0)	(5.0, 0.0)	(6.0, 0.0)	(7.0, 0.0)	(8.0, 0.0)	(9.0, 0.0)	(10.0, 0.0)	(11.0, 0.0)	(12.0, 0.0)	(13.0, 0.0)	(14.0, 0.0)	(15.0, 0.0)	(16.0, 0.0)	(17.0, 0.0)	(18.0, 0.0)	(19.0, 0.0)	(20.0, 0.0)	(21.0, 0.0)	(22.0, 0.0)	(23.0, 0.0)	(24.0, 0.0)	(25.0, 0.0)	(26.0, 0.0)	(27.0, 0.0)	(28.0, 0.0)	(29.0, 0.0)	(30.0, 0.0)	(31.0, 0.0)	(32.0, 0.0)	(33.0, 0.0)	(34.0, 0.0)	(35.0, 0.0)	(36.0, 0.0005542530608625287)	(37.0, 0.0005542530608625287)	(38.0, 0.0005542530608625287)	(39.0, 0.002771265304312643)	(40.0, 0.002771265304312643)	(41.0, 0.0038797714260377)	(42.0, 0.0038797714260377)	(43.0, 0.0066510367303503435)	(44.0, 0.010530808156388044)	(45.0, 0.030483918347439073)	(46.0, 0.47998315070694975)	(47.0, 8.388065823093507)	(48.0, 12.682972791717242)	(49.0, 29.041197630013908)	(50.0, 4.395226772639852)	(51.0, 1.7564279498733533)	(52.0, 0.8480071831196688)	(53.0, 5.919976943072668)	(54.0, 24.51627564113223)	(55.0, 9.045409953276467)	(56.0, 1.0547435748213918)	(57.0, 0.4805374037678123)	(58.0, 0.30262217123094065)	(59.0, 0.42954612216845967)	(60.0, 0.19398857130188502)	(61.0, 0.09921129789439262)	(62.0, 0.05099128159935263)	(63.0, 0.028821159164851486)	(64.0, 0.016627591825875858)	(65.0, 0.0077595428520754)	(66.0, 0.030483918347439073)	(67.0, 0.12082716726803124)	(68.0, 0.030483918347439073)	(69.0, 0.007205289791212871)	(70.0, 0.0033255183651751717)	(71.0, 0.0038797714260377)	(72.0, 0.0016627591825875859)	(73.0, 0.0011085061217250573)	(74.0, 0.0)	(75.0, 0.0)	(76.0, 0.0)	(77.0, 0.0)	(78.0, 0.0)	(79.0, 0.0)	(80.0, 0.0)	(81.0, 0.0)	(82.0, 0.0)	(83.0, 0.0)	(84.0, 0.0)	(85.0, 0.0)	(86.0, 0.0)	(87.0, 0.0)	(88.0, 0.0)	(89.0, 0.0)	(90.0, 0.0)	(91.0, 0.0)	(92.0, 0.0)	(93.0, 0.0)	(94.0, 0.0)	(95.0, 0.0)	(96.0, 0.0)	(97.0, 0.0)	(98.0, 0.0)	(99.0, 0.0)	(100.0, 0.0)
2824_NS1_R_Male_week5_S45_L001_R2_001	(0.0, 0.0)	(1.0, 0.001607292105695529)	(2.0, 0.0)	(3.0, 0.0005357640352318429)	(4.0, 0.0005357640352318429)	(5.0, 0.0)	(6.0, 0.0)	(7.0, 0.0)	(8.0, 0.0)	(9.0, 0.0)	(10.0, 0.0)	(11.0, 0.0)	(12.0, 0.0)	(13.0, 0.0)	(14.0, 0.0)	(15.0, 0.0)	(16.0, 0.0)	(17.0, 0.0)	(18.0, 0.0)	(19.0, 0.0)	(20.0, 0.0)	(21.0, 0.0)	(22.0, 0.0)	(23.0, 0.0)	(24.0, 0.0)	(25.0, 0.0)	(26.0, 0.0)	(27.0, 0.0)	(28.0, 0.0)	(29.0, 0.0)	(30.0, 0.0005357640352318429)	(31.0, 0.0)	(32.0, 0.0)	(33.0, 0.0)	(34.0, 0.0)	(35.0, 0.0)	(36.0, 0.0)	(37.0, 0.001607292105695529)	(38.0, 0.0026788201761592145)	(39.0, 0.003214584211391058)	(40.0, 0.006429168422782116)	(41.0, 0.0069649324580139576)	(42.0, 0.008572224563709487)	(43.0, 0.016072921056955288)	(44.0, 0.021430561409273716)	(45.0, 0.027323965796823987)	(46.0, 0.036967718430997165)	(47.0, 0.13179795266703337)	(48.0, 3.489431161464993)	(49.0, 9.265503225299492)	(50.0, 19.973818997478336)	(51.0, 20.554587211669652)	(52.0, 5.698922042761113)	(53.0, 10.676705694100166)	(54.0, 6.9976140641631)	(55.0, 3.591762092194275)	(56.0, 9.868237764935314)	(57.0, 6.391129176280655)	(58.0, 1.5590733425246628)	(59.0, 0.6096994720938373)	(60.0, 0.25180909655896616)	(61.0, 0.1709087272389579)	(62.0, 0.1323337167022652)	(63.0, 0.06911356054490775)	(64.0, 0.06375592019258931)	(65.0, 0.05571945966411166)	(66.0, 0.04393265088901112)	(67.0, 0.07339967282676248)	(68.0, 0.10393822283497753)	(69.0, 0.04339688685377928)	(70.0, 0.015001392986491602)	(71.0, 0.009643752634173173)	(72.0, 0.003214584211391058)	(73.0, 0.003214584211391058)	(74.0, 0.0010715280704636859)	(75.0, 0.0010715280704636859)	(76.0, 0.0010715280704636859)	(77.0, 0.0005357640352318429)	(78.0, 0.0005357640352318429)	(79.0, 0.0010715280704636859)	(80.0, 0.0005357640352318429)	(81.0, 0.0010715280704636859)	(82.0, 0.0010715280704636859)	(83.0, 0.001607292105695529)	(84.0, 0.0010715280704636859)	(85.0, 0.0005357640352318429)	(86.0, 0.0010715280704636859)	(87.0, 0.001607292105695529)	(88.0, 0.0010715280704636859)	(89.0, 0.0005357640352318429)	(90.0, 0.0)	(91.0, 0.0)	(92.0, 0.0)	(93.0, 0.0005357640352318429)	(94.0, 0.0)	(95.0, 0.0)	(96.0, 0.0)	(97.0, 0.0005357640352318429)	(98.0, 0.0005357640352318429)	(99.0, 0.0)	(100.0, 0.0007143520469757906)
2824_NS1_R_Male_week9_S57_L001_R1_001	(0.0, 0.0)	(1.0, 0.0)	(2.0, 0.0)	(3.0, 0.0)	(4.0, 0.0)	(5.0, 0.0)	(6.0, 0.0)	(7.0, 0.0)	(8.0, 0.0)	(9.0, 0.0)	(10.0, 0.0)	(11.0, 0.0)	(12.0, 0.0)	(13.0, 0.0)	(14.0, 0.0)	(15.0, 0.0)	(16.0, 0.0)	(17.0, 0.0)	(18.0, 0.0)	(19.0, 0.0)	(20.0, 0.0)	(21.0, 0.0)	(22.0, 0.0)	(23.0, 0.0)	(24.0, 0.0)	(25.0, 0.0)	(26.0, 0.0)	(27.0, 0.0)	(28.0, 0.0)	(29.0, 0.0)	(30.0, 0.0)	(31.0, 0.0)	(32.0, 0.0)	(33.0, 0.0)	(34.0, 0.0)	(35.0, 0.0)	(36.0, 0.0)	(37.0, 0.0)	(38.0, 0.0)	(39.0, 0.0006383820844451821)	(40.0, 0.0006383820844451821)	(41.0, 0.0)	(42.0, 0.0006383820844451821)	(43.0, 0.003191910422225911)	(44.0, 0.007660585013342186)	(45.0, 0.029365575884478377)	(46.0, 0.3849443969204448)	(47.0, 12.344394366916486)	(48.0, 14.2972051632343)	(49.0, 16.50153850082351)	(50.0, 3.3042656690882626)	(51.0, 1.6783065000063837)	(52.0, 0.8918197719699194)	(53.0, 6.2606131021539015)	(54.0, 29.14533406534479)	(55.0, 11.565568223893365)	(56.0, 1.2186713992058527)	(57.0, 0.5604994701428699)	(58.0, 0.3760070477382123)	(59.0, 0.4947461154450161)	(60.0, 0.2464154845958403)	(61.0, 0.1825772761513221)	(62.0, 0.07788261430231222)	(63.0, 0.029365575884478377)	(64.0, 0.01851308044891028)	(65.0, 0.010214113351122914)	(66.0, 0.05617762343117603)	(67.0, 0.2317326966536011)	(68.0, 0.052985713008950115)	(69.0, 0.011490877520013279)	(70.0, 0.0070222029288970035)	(71.0, 0.003830292506671093)	(72.0, 0.004468674591116275)	(73.0, 0.0006383820844451821)	(74.0, 0.0)	(75.0, 0.0006383820844451821)	(76.0, 0.0)	(77.0, 0.0)	(78.0, 0.0)	(79.0, 0.0)	(80.0, 0.0)	(81.0, 0.0)	(82.0, 0.0)	(83.0, 0.0)	(84.0, 0.0)	(85.0, 0.0)	(86.0, 0.0)	(87.0, 0.0)	(88.0, 0.0)	(89.0, 0.0)	(90.0, 0.0)	(91.0, 0.0)	(92.0, 0.0)	(93.0, 0.0)	(94.0, 0.0)	(95.0, 0.0)	(96.0, 0.0)	(97.0, 0.0)	(98.0, 0.0)	(99.0, 0.0)	(100.0, 0.0)
2824_NS1_R_Male_week9_S57_L001_R2_001	(0.0, 0.0)	(1.0, 0.0)	(2.0, 0.0)	(3.0, 0.0)	(4.0, 0.0)	(5.0, 0.0)	(6.0, 0.0)	(7.0, 0.0)	(8.0, 0.0)	(9.0, 0.0)	(10.0, 0.0)	(11.0, 0.0)	(12.0, 0.0)	(13.0, 0.0)	(14.0, 0.0)	(15.0, 0.0)	(16.0, 0.0)	(17.0, 0.0)	(18.0, 0.0)	(19.0, 0.0)	(20.0, 0.0)	(21.0, 0.0)	(22.0, 0.0)	(23.0, 0.0)	(24.0, 0.0)	(25.0, 0.0)	(26.0, 0.0)	(27.0, 0.0)	(28.0, 0.0)	(29.0, 0.0)	(30.0, 0.0)	(31.0, 0.0)	(32.0, 0.0)	(33.0, 0.0)	(34.0, 0.0006278843437038898)	(35.0, 0.0)	(36.0, 0.0)	(37.0, 0.0006278843437038898)	(38.0, 0.002511537374815559)	(39.0, 0.002511537374815559)	(40.0, 0.0018836530311116693)	(41.0, 0.0037673060622233387)	(42.0, 0.005023074749631118)	(43.0, 0.008162496468150565)	(44.0, 0.010674033842966125)	(45.0, 0.023859605060747812)	(46.0, 0.037673060622233384)	(47.0, 0.17643550058079302)	(48.0, 4.374470222585)	(49.0, 12.965811697485325)	(50.0, 16.588076476313063)	(51.0, 10.861143377389885)	(52.0, 3.695099362697391)	(53.0, 7.206228612689543)	(54.0, 7.952783097353468)	(55.0, 6.083571406146988)	(56.0, 15.371236618214926)	(57.0, 9.627350642011741)	(58.0, 2.4274008727592378)	(59.0, 0.8470159796565473)	(60.0, 0.37610272187863)	(61.0, 0.2800364172919348)	(62.0, 0.2028066430163564)	(63.0, 0.13876243995855964)	(64.0, 0.10422880105484571)	(65.0, 0.0860201550874329)	(66.0, 0.07660188993187454)	(67.0, 0.1174143722726274)	(68.0, 0.170784541487458)	(69.0, 0.0860201550874329)	(70.0, 0.03013844849778671)	(71.0, 0.01632499293630113)	(72.0, 0.008162496468150565)	(73.0, 0.006906727780742787)	(74.0, 0.006906727780742787)	(75.0, 0.0018836530311116693)	(76.0, 0.002511537374815559)	(77.0, 0.0012557686874077796)	(78.0, 0.0018836530311116693)	(79.0, 0.0006278843437038898)	(80.0, 0.002511537374815559)	(81.0, 0.0006278843437038898)	(82.0, 0.0006278843437038898)	(83.0, 0.0006278843437038898)	(84.0, 0.0)	(85.0, 0.0006278843437038898)	(86.0, 0.0012557686874077796)	(87.0, 0.0006278843437038898)	(88.0, 0.0)	(89.0, 0.0006278843437038898)	(90.0, 0.0006278843437038898)	(91.0, 0.0012557686874077796)	(92.0, 0.0012557686874077796)	(93.0, 0.0)	(94.0, 0.0)	(95.0, 0.0)	(96.0, 0.0)	(97.0, 0.0)	(98.0, 0.0)	(99.0, 0.0)	(100.0, 0.0)
2864_NS1_R_Male_week5_S46_L001_R1_001	(0.0, 0.0)	(1.0, 0.0)	(2.0, 0.0)	(3.0, 0.0)	(4.0, 0.0)	(5.0, 0.0)	(6.0, 0.0)	(7.0, 0.0)	(8.0, 0.0)	(9.0, 0.0)	(10.0, 0.0)	(11.0, 0.0)	(12.0, 0.0)	(13.0, 0.0)	(14.0, 0.0)	(15.0, 0.0)	(16.0, 0.0)	(17.0, 0.0)	(18.0, 0.0)	(19.0, 0.0)	(20.0, 0.0)	(21.0, 0.0)	(22.0, 0.0)	(23.0, 0.0)	(24.0, 0.0)	(25.0, 0.0)	(26.0, 0.0)	(27.0, 0.0)	(28.0, 0.0)	(29.0, 0.0)	(30.0, 0.0)	(31.0, 0.0)	(32.0, 0.0)	(33.0, 0.0)	(34.0, 0.0)	(35.0, 0.0)	(36.0, 0.0)	(37.0, 0.0)	(38.0, 0.0)	(39.0, 0.0016773739034168108)	(40.0, 0.002516060855125216)	(41.0, 0.004193434758542026)	(42.0, 0.004193434758542026)	(43.0, 0.004193434758542026)	(44.0, 0.0058708086619588375)	(45.0, 0.025160608551252156)	(46.0, 0.3648288239931563)	(47.0, 9.66167368368083)	(48.0, 13.323380914839728)	(49.0, 25.86594427763893)	(50.0, 4.0550514115101395)	(51.0, 1.8140798765452808)	(52.0, 0.8529446298874482)	(53.0, 4.8123857289028305)	(54.0, 25.640337487629367)	(55.0, 10.810674807521345)	(56.0, 1.0676484895248)	(57.0, 0.48392237113574993)	(58.0, 0.27844406796719057)	(59.0, 0.3396682154419042)	(60.0, 0.1752855729070567)	(61.0, 0.09728768639817502)	(62.0, 0.057030712716171564)	(63.0, 0.02348323464783535)	(64.0, 0.006709495613667243)	(65.0, 0.007548182565375648)	(66.0, 0.026837982454668972)	(67.0, 0.12412566885284398)	(68.0, 0.031031417213210996)	(69.0, 0.015096365130751296)	(70.0, 0.006709495613667243)	(71.0, 0.0058708086619588375)	(72.0, 0.004193434758542026)	(73.0, 0.0)	(74.0, 0.0)	(75.0, 0.0)	(76.0, 0.0)	(77.0, 0.0)	(78.0, 0.0)	(79.0, 0.0)	(80.0, 0.0)	(81.0, 0.0)	(82.0, 0.0)	(83.0, 0.0)	(84.0, 0.0)	(85.0, 0.0)	(86.0, 0.0)	(87.0, 0.0)	(88.0, 0.0)	(89.0, 0.0)	(90.0, 0.0)	(91.0, 0.0)	(92.0, 0.0)	(93.0, 0.0)	(94.0, 0.0)	(95.0, 0.0)	(96.0, 0.0)	(97.0, 0.0)	(98.0, 0.0)	(99.0, 0.0)	(100.0, 0.0)
2864_NS1_R_Male_week5_S46_L001_R2_001	(0.0, 0.0)	(1.0, 0.0)	(2.0, 0.0)	(3.0, 0.0)	(4.0, 0.0)	(5.0, 0.0)	(6.0, 0.0)	(7.0, 0.0)	(8.0, 0.0)	(9.0, 0.0)	(10.0, 0.0)	(11.0, 0.0)	(12.0, 0.0)	(13.0, 0.0)	(14.0, 0.0)	(15.0, 0.0)	(16.0, 0.0)	(17.0, 0.0)	(18.0, 0.0)	(19.0, 0.0)	(20.0, 0.0)	(21.0, 0.0)	(22.0, 0.0)	(23.0, 0.0)	(24.0, 0.0)	(25.0, 0.0)	(26.0, 0.0)	(27.0, 0.0)	(28.0, 0.0)	(29.0, 0.0)	(30.0, 0.0)	(31.0, 0.0)	(32.0, 0.0008116839194593102)	(33.0, 0.0)	(34.0, 0.0)	(35.0, 0.0)	(36.0, 0.0008116839194593102)	(37.0, 0.0)	(38.0, 0.0008116839194593102)	(39.0, 0.0008116839194593102)	(40.0, 0.002435051758377931)	(41.0, 0.004058419597296551)	(42.0, 0.004870103516755862)	(43.0, 0.009740207033511724)	(44.0, 0.018668730147564136)	(45.0, 0.020292097986482755)	(46.0, 0.05032440300647723)	(47.0, 0.1509732090194317)	(48.0, 4.159880087228965)	(49.0, 10.726402995654785)	(50.0, 18.36597204560581)	(51.0, 17.99259744265453)	(52.0, 4.0251405565987195)	(53.0, 6.145258954226438)	(54.0, 6.665548346599856)	(55.0, 4.567345414797539)	(56.0, 13.919567534807712)	(57.0, 8.865211768334587)	(58.0, 2.124176817225015)	(59.0, 0.7410674184663503)	(60.0, 0.363634395917771)	(61.0, 0.2215897100123917)	(62.0, 0.1590900482140248)	(63.0, 0.10389554169079171)	(64.0, 0.09740207033511722)	(65.0, 0.08522681154322759)	(66.0, 0.05844124220107034)	(67.0, 0.09172028289890205)	(68.0, 0.11607080048268137)	(69.0, 0.06980481707350068)	(70.0, 0.023538833664319997)	(71.0, 0.014610310550267585)	(72.0, 0.010551890952971033)	(73.0, 0.002435051758377931)	(74.0, 0.003246735677837241)	(75.0, 0.0016233678389186205)	(76.0, 0.002435051758377931)	(77.0, 0.0008116839194593102)	(78.0, 0.0)	(79.0, 0.0008116839194593102)	(80.0, 0.0)	(81.0, 0.002435051758377931)	(82.0, 0.0)	(83.0, 0.0)	(84.0, 0.0)	(85.0, 0.0)	(86.0, 0.0)	(87.0, 0.0)	(88.0, 0.0)	(89.0, 0.0)	(90.0, 0.0)	(91.0, 0.0)	(92.0, 0.0)	(93.0, 0.0)	(94.0, 0.0008116839194593102)	(95.0, 0.0008116839194593102)	(96.0, 0.0)	(97.0, 0.0008116839194593102)	(98.0, 0.0008116839194593102)	(99.0, 0.002435051758377931)	(100.0, 0.002164490451891494)
2864_NS1_R_Male_week9_S58_L001_R1_001	(0.0, 0.0)	(1.0, 0.0)	(2.0, 0.0)	(3.0, 0.0)	(4.0, 0.0)	(5.0, 0.0)	(6.0, 0.0)	(7.0, 0.0)	(8.0, 0.0)	(9.0, 0.0)	(10.0, 0.0)	(11.0, 0.0)	(12.0, 0.0)	(13.0, 0.0)	(14.0, 0.0)	(15.0, 0.0)	(16.0, 0.0)	(17.0, 0.0)	(18.0, 0.0)	(19.0, 0.0)	(20.0, 0.0)	(21.0, 0.0)	(22.0, 0.0)	(23.0, 0.0)	(24.0, 0.0)	(25.0, 0.0)	(26.0, 0.0)	(27.0, 0.0)	(28.0, 0.0)	(29.0, 0.0)	(30.0, 0.0005295179797830036)	(31.0, 0.0)	(32.0, 0.0)	(33.0, 0.0)	(34.0, 0.0)	(35.0, 0.0)	(36.0, 0.0)	(37.0, 0.0)	(38.0, 0.0005295179797830036)	(39.0, 0.0005295179797830036)	(40.0, 0.0)	(41.0, 0.0005295179797830036)	(42.0, 0.0005295179797830036)	(43.0, 0.0026475898989150176)	(44.0, 0.009001805656311061)	(45.0, 0.0296530068678482)	(46.0, 0.5088667785714664)	(47.0, 14.596163112718491)	(48.0, 16.675050701346564)	(49.0, 15.716623157939328)	(50.0, 6.066687494373872)	(51.0, 3.089207894054043)	(52.0, 0.8234004585625706)	(53.0, 4.501432346135313)	(54.0, 25.183345600499862)	(55.0, 9.913635617497391)	(56.0, 1.028323916738593)	(57.0, 0.4755071458451372)	(58.0, 0.2843511551434729)	(59.0, 0.3478933127174333)	(60.0, 0.1779180412070892)	(61.0, 0.1180825094916098)	(62.0, 0.05348131595808336)	(63.0, 0.026475898989150176)	(64.0, 0.007942769696745053)	(65.0, 0.009001805656311061)	(66.0, 0.05718794181656438)	(67.0, 0.21710237171103144)	(68.0, 0.04765661818047032)	(69.0, 0.013767467474358093)	(70.0, 0.00741325171696205)	(71.0, 0.0068837337371790465)	(72.0, 0.0026475898989150176)	(73.0, 0.0)	(74.0, 0.0)	(75.0, 0.0)	(76.0, 0.0)	(77.0, 0.0)	(78.0, 0.0)	(79.0, 0.0)	(80.0, 0.0)	(81.0, 0.0)	(82.0, 0.0)	(83.0, 0.0)	(84.0, 0.0)	(85.0, 0.0)	(86.0, 0.0)	(87.0, 0.0)	(88.0, 0.0)	(89.0, 0.0)	(90.0, 0.0)	(91.0, 0.0)	(92.0, 0.0)	(93.0, 0.0)	(94.0, 0.0)	(95.0, 0.0)	(96.0, 0.0)	(97.0, 0.0)	(98.0, 0.0)	(99.0, 0.0)	(100.0, 0.0)
2864_NS1_R_Male_week9_S58_L001_R2_001	(0.0, 0.0)	(1.0, 0.0)	(2.0, 0.0)	(3.0, 0.0)	(4.0, 0.0)	(5.0, 0.0)	(6.0, 0.0)	(7.0, 0.0)	(8.0, 0.0)	(9.0, 0.0)	(10.0, 0.0)	(11.0, 0.0)	(12.0, 0.0)	(13.0, 0.0)	(14.0, 0.0)	(15.0, 0.0)	(16.0, 0.0)	(17.0, 0.0)	(18.0, 0.0)	(19.0, 0.0)	(20.0, 0.0)	(21.0, 0.0)	(22.0, 0.0)	(23.0, 0.0)	(24.0, 0.0)	(25.0, 0.0)	(26.0, 0.0)	(27.0, 0.0)	(28.0, 0.0)	(29.0, 0.0)	(30.0, 0.0)	(31.0, 0.0)	(32.0, 0.0)	(33.0, 0.0)	(34.0, 0.0)	(35.0, 0.0)	(36.0, 0.0)	(37.0, 0.0)	(38.0, 0.0010451923763668066)	(39.0, 0.0026129809409170166)	(40.0, 0.0026129809409170166)	(41.0, 0.004180769505467226)	(42.0, 0.008884135199117857)	(43.0, 0.013587500892768488)	(44.0, 0.01724567421005231)	(45.0, 0.03292355985555441)	(46.0, 0.05853077307654118)	(47.0, 0.1844764544287414)	(48.0, 5.328913330906164)	(49.0, 16.31179482176857)	(50.0, 17.217454015890407)	(51.0, 9.62622178633829)	(52.0, 3.599642544207282)	(53.0, 7.9330101366240635)	(54.0, 8.669348165774478)	(55.0, 4.654764248149574)	(56.0, 13.354945589026872)	(57.0, 8.50995632837854)	(58.0, 2.131147255411919)	(59.0, 0.7556740881132012)	(60.0, 0.3328937718728279)	(61.0, 0.23360049611798128)	(62.0, 0.17088895353597292)	(63.0, 0.12437789278765)	(64.0, 0.094589910061196)	(65.0, 0.0778668320393271)	(66.0, 0.0762990434747769)	(67.0, 0.1233327004112832)	(68.0, 0.16566299165413886)	(69.0, 0.09824808337847983)	(70.0, 0.03501394460828802)	(71.0, 0.013064904704585085)	(72.0, 0.00627115425820084)	(73.0, 0.005748558070017437)	(74.0, 0.005748558070017437)	(75.0, 0.002090384752733613)	(76.0, 0.0010451923763668066)	(77.0, 0.0010451923763668066)	(78.0, 0.0005225961881834033)	(79.0, 0.0010451923763668066)	(80.0, 0.0010451923763668066)	(81.0, 0.0005225961881834033)	(82.0, 0.0010451923763668066)	(83.0, 0.0)	(84.0, 0.0005225961881834033)	(85.0, 0.0)	(86.0, 0.0)	(87.0, 0.0005225961881834033)	(88.0, 0.0010451923763668066)	(89.0, 0.0005225961881834033)	(90.0, 0.0)	(91.0, 0.0)	(92.0, 0.0)	(93.0, 0.0005225961881834033)	(94.0, 0.0005225961881834033)	(95.0, 0.0)	(96.0, 0.0)	(97.0, 0.0)	(98.0, 0.0005225961881834033)	(99.0, 0.002090384752733613)	(100.0, 0.0027871796703114846)
2893_NS1_0_Male_week5_S47_L001_R1_001	(0.0, 0.0)	(1.0, 0.0)	(2.0, 0.0)	(3.0, 0.0)	(4.0, 0.0)	(5.0, 0.0)	(6.0, 0.0)	(7.0, 0.0)	(8.0, 0.0)	(9.0, 0.0)	(10.0, 0.0)	(11.0, 0.0)	(12.0, 0.0)	(13.0, 0.0)	(14.0, 0.0)	(15.0, 0.0)	(16.0, 0.0)	(17.0, 0.0)	(18.0, 0.0)	(19.0, 0.0)	(20.0, 0.0)	(21.0, 0.0)	(22.0, 0.0)	(23.0, 0.0)	(24.0, 0.0)	(25.0, 0.0)	(26.0, 0.0)	(27.0, 0.0)	(28.0, 0.0)	(29.0, 0.0)	(30.0, 0.0)	(31.0, 0.0)	(32.0, 0.0)	(33.0, 0.0)	(34.0, 0.0)	(35.0, 0.0)	(36.0, 0.0)	(37.0, 0.0007281358992842424)	(38.0, 0.0007281358992842424)	(39.0, 0.0007281358992842424)	(40.0, 0.0007281358992842424)	(41.0, 0.0007281358992842424)	(42.0, 0.0014562717985684849)	(43.0, 0.0014562717985684849)	(44.0, 0.008009494892126667)	(45.0, 0.02184407697852727)	(46.0, 0.2337316236702418)	(47.0, 7.386938698238639)	(48.0, 12.420542169990608)	(49.0, 25.982801430058906)	(50.0, 4.004019310164049)	(51.0, 1.7788360019514042)	(52.0, 0.9764302409401691)	(53.0, 5.178502515709532)	(54.0, 27.710667919060413)	(55.0, 11.275912536315778)	(56.0, 1.159192351660514)	(57.0, 0.5446456526646134)	(58.0, 0.3385831931671727)	(59.0, 0.42450322928271333)	(60.0, 0.213343818490283)	(61.0, 0.12596751057617395)	(62.0, 0.07208545402914)	(63.0, 0.0189315333813903)	(64.0, 0.013834582086400605)	(65.0, 0.0050969512949896965)	(66.0, 0.016018989784253333)	(67.0, 0.06990104633128727)	(68.0, 0.010193902589979393)	(69.0, 0.0014562717985684849)	(70.0, 0.0007281358992842424)	(71.0, 0.0)	(72.0, 0.0)	(73.0, 0.0007281358992842424)	(74.0, 0.0)	(75.0, 0.0)	(76.0, 0.0)	(77.0, 0.0)	(78.0, 0.0)	(79.0, 0.0)	(80.0, 0.0)	(81.0, 0.0)	(82.0, 0.0)	(83.0, 0.0)	(84.0, 0.0)	(85.0, 0.0)	(86.0, 0.0)	(87.0, 0.0)	(88.0, 0.0)	(89.0, 0.0)	(90.0, 0.0)	(91.0, 0.0)	(92.0, 0.0)	(93.0, 0.0)	(94.0, 0.0)	(95.0, 0.0)	(96.0, 0.0)	(97.0, 0.0)	(98.0, 0.0)	(99.0, 0.0)	(100.0, 0.0)
2893_NS1_0_Male_week5_S47_L001_R2_001	(0.0, 0.0)	(1.0, 0.0)	(2.0, 0.0)	(3.0, 0.0)	(4.0, 0.0)	(5.0, 0.0)	(6.0, 0.0)	(7.0, 0.0)	(8.0, 0.0)	(9.0, 0.0)	(10.0, 0.0)	(11.0, 0.0)	(12.0, 0.0)	(13.0, 0.0)	(14.0, 0.0)	(15.0, 0.0)	(16.0, 0.0)	(17.0, 0.0)	(18.0, 0.0)	(19.0, 0.0)	(20.0, 0.0)	(21.0, 0.0)	(22.0, 0.0)	(23.0, 0.0)	(24.0, 0.0)	(25.0, 0.0)	(26.0, 0.0)	(27.0, 0.0)	(28.0, 0.0)	(29.0, 0.0)	(30.0, 0.0)	(31.0, 0.0)	(32.0, 0.0)	(33.0, 0.0)	(34.0, 0.0)	(35.0, 0.0)	(36.0, 0.0)	(37.0, 0.0007012311281172645)	(38.0, 0.001402462256234529)	(39.0, 0.001402462256234529)	(40.0, 0.0021036933843517937)	(41.0, 0.004908617896820852)	(42.0, 0.004207386768703587)	(43.0, 0.01262216030611076)	(44.0, 0.026646782868456054)	(45.0, 0.03576278753398049)	(46.0, 0.04277509881515313)	(47.0, 0.1661917773637917)	(48.0, 3.2256631893394165)	(49.0, 8.827798671868242)	(50.0, 18.58052120172316)	(51.0, 18.05179293112274)	(52.0, 4.083970090154949)	(53.0, 6.223426262040722)	(54.0, 6.166626540663224)	(55.0, 5.273959314569946)	(56.0, 15.163421914407726)	(57.0, 9.536743342394798)	(58.0, 2.3575390527302433)	(59.0, 0.8162330331284958)	(60.0, 0.3891832761050818)	(61.0, 0.23631489017551813)	(62.0, 0.1858262489510751)	(63.0, 0.13814253223910108)	(64.0, 0.10308097583323789)	(65.0, 0.08204404198971994)	(66.0, 0.05750095250561569)	(67.0, 0.06872065055549192)	(68.0, 0.05750095250561569)	(69.0, 0.037165249790215016)	(70.0, 0.02033570271540067)	(71.0, 0.0035061556405863227)	(72.0, 0.0021036933843517937)	(73.0, 0.0021036933843517937)	(74.0, 0.0)	(75.0, 0.0007012311281172645)	(76.0, 0.001402462256234529)	(77.0, 0.001402462256234529)	(78.0, 0.0)	(79.0, 0.0007012311281172645)	(80.0, 0.0)	(81.0, 0.0007012311281172645)	(82.0, 0.0007012311281172645)	(83.0, 0.0)	(84.0, 0.0)	(85.0, 0.0)	(86.0, 0.0007012311281172645)	(87.0, 0.0)	(88.0, 0.0)	(89.0, 0.0007012311281172645)	(90.0, 0.0007012311281172645)	(91.0, 0.0007012311281172645)	(92.0, 0.0)	(93.0, 0.0)	(94.0, 0.0)	(95.0, 0.0)	(96.0, 0.0)	(97.0, 0.0)	(98.0, 0.0)	(99.0, 0.0007012311281172645)	(100.0, 0.000934974837489686)
2893_NS1_0_Male_week9_S59_L001_R1_001	(0.0, 0.0)	(1.0, 0.0)	(2.0, 0.0)	(3.0, 0.0)	(4.0, 0.0)	(5.0, 0.0)	(6.0, 0.0)	(7.0, 0.0)	(8.0, 0.0)	(9.0, 0.0)	(10.0, 0.0)	(11.0, 0.0)	(12.0, 0.0)	(13.0, 0.0)	(14.0, 0.0)	(15.0, 0.0)	(16.0, 0.0)	(17.0, 0.0)	(18.0, 0.0)	(19.0, 0.0)	(20.0, 0.0)	(21.0, 0.0)	(22.0, 0.0)	(23.0, 0.0)	(24.0, 0.0)	(25.0, 0.0)	(26.0, 0.0)	(27.0, 0.0)	(28.0, 0.0)	(29.0, 0.0)	(30.0, 0.0)	(31.0, 0.0)	(32.0, 0.0)	(33.0, 0.0)	(34.0, 0.0)	(35.0, 0.0005136660862239893)	(36.0, 0.0005136660862239893)	(37.0, 0.0)	(38.0, 0.0)	(39.0, 0.0)	(40.0, 0.0005136660862239893)	(41.0, 0.0010273321724479786)	(42.0, 0.0010273321724479786)	(43.0, 0.002568330431119946)	(44.0, 0.006677659120911861)	(45.0, 0.020546643448959567)	(46.0, 0.334910288218041)	(47.0, 11.024815208625482)	(48.0, 13.576708324986258)	(49.0, 16.967931826237038)	(50.0, 3.8874249405431507)	(51.0, 1.9467944667889192)	(52.0, 0.8624453587700779)	(53.0, 5.30514333852136)	(54.0, 30.61090307634619)	(55.0, 12.134333954869298)	(56.0, 1.2127656295748386)	(57.0, 0.5645190287601641)	(58.0, 0.3523749351496566)	(59.0, 0.36470292121903236)	(60.0, 0.1951931127651159)	(61.0, 0.1392035093667011)	(62.0, 0.062153596433102705)	(63.0, 0.02568330431119946)	(64.0, 0.011300653896927764)	(65.0, 0.010786987810703773)	(66.0, 0.04828461210505499)	(67.0, 0.22241741533498732)	(68.0, 0.06318092860555068)	(69.0, 0.021060309535183556)	(70.0, 0.010273321724479784)	(71.0, 0.005650326948463882)	(72.0, 0.003081996517343935)	(73.0, 0.002568330431119946)	(74.0, 0.0)	(75.0, 0.0)	(76.0, 0.0)	(77.0, 0.0)	(78.0, 0.0)	(79.0, 0.0)	(80.0, 0.0)	(81.0, 0.0)	(82.0, 0.0)	(83.0, 0.0)	(84.0, 0.0)	(85.0, 0.0)	(86.0, 0.0)	(87.0, 0.0)	(88.0, 0.0)	(89.0, 0.0)	(90.0, 0.0)	(91.0, 0.0)	(92.0, 0.0)	(93.0, 0.0)	(94.0, 0.0)	(95.0, 0.0)	(96.0, 0.0)	(97.0, 0.0)	(98.0, 0.0)	(99.0, 0.0)	(100.0, 0.0)
2893_NS1_0_Male_week9_S59_L001_R2_001	(0.0, 0.0)	(1.0, 0.0)	(2.0, 0.0)	(3.0, 0.0)	(4.0, 0.0)	(5.0, 0.0)	(6.0, 0.0)	(7.0, 0.0)	(8.0, 0.0)	(9.0, 0.0)	(10.0, 0.0)	(11.0, 0.0)	(12.0, 0.0)	(13.0, 0.0)	(14.0, 0.0)	(15.0, 0.0)	(16.0, 0.0005021592849251782)	(17.0, 0.0005021592849251782)	(18.0, 0.0)	(19.0, 0.0)	(20.0, 0.0)	(21.0, 0.0)	(22.0, 0.0)	(23.0, 0.0)	(24.0, 0.0)	(25.0, 0.0)	(26.0, 0.0)	(27.0, 0.0)	(28.0, 0.0)	(29.0, 0.0)	(30.0, 0.0)	(31.0, 0.0)	(32.0, 0.0)	(33.0, 0.0)	(34.0, 0.0005021592849251782)	(35.0, 0.0)	(36.0, 0.0)	(37.0, 0.0010043185698503565)	(38.0, 0.0005021592849251782)	(39.0, 0.0015064778547755348)	(40.0, 0.004017274279401426)	(41.0, 0.005021592849251783)	(42.0, 0.007532389273877674)	(43.0, 0.013056141408054634)	(44.0, 0.02008637139700713)	(45.0, 0.026614442101034447)	(46.0, 0.049211609922667474)	(47.0, 0.15968665260620668)	(48.0, 4.3210806467811596)	(49.0, 12.243647685045698)	(50.0, 15.538314753439792)	(51.0, 11.222255699507883)	(52.0, 3.3237923069197546)	(53.0, 6.110274178969569)	(54.0, 7.045796926785177)	(55.0, 5.896354323591443)	(56.0, 17.670985236517023)	(57.0, 11.009842321984534)	(58.0, 2.644872953700914)	(59.0, 0.8692377222054836)	(60.0, 0.4147835693481972)	(61.0, 0.2726724917143718)	(62.0, 0.19835291754544543)	(63.0, 0.15667369689665564)	(64.0, 0.12905493622577083)	(65.0, 0.09139298985638244)	(66.0, 0.06779150346489907)	(67.0, 0.11499447624786582)	(68.0, 0.16571256402530884)	(69.0, 0.09942753841518528)	(70.0, 0.041679220648789796)	(71.0, 0.02058853068193231)	(72.0, 0.007030229988952496)	(73.0, 0.005021592849251783)	(74.0, 0.003515114994476248)	(75.0, 0.0015064778547755348)	(76.0, 0.004519433564326604)	(77.0, 0.0015064778547755348)	(78.0, 0.0010043185698503565)	(79.0, 0.0005021592849251782)	(80.0, 0.0)	(81.0, 0.0010043185698503565)	(82.0, 0.0010043185698503565)	(83.0, 0.0010043185698503565)	(84.0, 0.0005021592849251782)	(85.0, 0.0005021592849251782)	(86.0, 0.0005021592849251782)	(87.0, 0.0010043185698503565)	(88.0, 0.0010043185698503565)	(89.0, 0.0010043185698503565)	(90.0, 0.0005021592849251782)	(91.0, 0.0005021592849251782)	(92.0, 0.0005021592849251782)	(93.0, 0.0010043185698503565)	(94.0, 0.0010043185698503565)	(95.0, 0.0005021592849251782)	(96.0, 0.0010043185698503565)	(97.0, 0.0005021592849251782)	(98.0, 0.0)	(99.0, 0.0010043185698503565)	(100.0, 0.002008637139700713)
2893_NS1_R_Male_week5_S48_L001_R1_001	(0.0, 0.0)	(1.0, 0.0)	(2.0, 0.0)	(3.0, 0.0)	(4.0, 0.0)	(5.0, 0.0)	(6.0, 0.0)	(7.0, 0.0)	(8.0, 0.0)	(9.0, 0.0)	(10.0, 0.0)	(11.0, 0.0)	(12.0, 0.0)	(13.0, 0.0)	(14.0, 0.0)	(15.0, 0.0)	(16.0, 0.0)	(17.0, 0.0)	(18.0, 0.0)	(19.0, 0.0)	(20.0, 0.0)	(21.0, 0.0)	(22.0, 0.0)	(23.0, 0.0)	(24.0, 0.0)	(25.0, 0.0)	(26.0, 0.0)	(27.0, 0.0)	(28.0, 0.0)	(29.0, 0.0)	(30.0, 0.0)	(31.0, 0.0)	(32.0, 0.0)	(33.0, 0.0)	(34.0, 0.0)	(35.0, 0.0)	(36.0, 0.0)	(37.0, 0.0007076640011322625)	(38.0, 0.0007076640011322625)	(39.0, 0.0007076640011322625)	(40.0, 0.004245984006793574)	(41.0, 0.003538320005661312)	(42.0, 0.003538320005661312)	(43.0, 0.007076640011322624)	(44.0, 0.014153280022645248)	(45.0, 0.036090864057745385)	(46.0, 0.5788691529261907)	(47.0, 9.141603566626566)	(48.0, 13.41235581345977)	(49.0, 28.723374141957397)	(50.0, 5.100842120161348)	(51.0, 2.020380723232609)	(52.0, 0.9213785294742056)	(53.0, 4.67624371948199)	(54.0, 22.84693227655509)	(55.0, 9.716226735545963)	(56.0, 1.068572641709716)	(57.0, 0.5123487368197579)	(58.0, 0.3219871205151794)	(59.0, 0.3071261764914019)	(60.0, 0.17762366428419787)	(61.0, 0.13233316821173308)	(62.0, 0.07359705611775529)	(63.0, 0.030429552048687285)	(64.0, 0.019814592031703347)	(65.0, 0.006368976010190361)	(66.0, 0.02335291203736466)	(67.0, 0.07501238412001981)	(68.0, 0.02335291203736466)	(69.0, 0.009907296015851674)	(70.0, 0.0056613120090581)	(71.0, 0.00283065600452905)	(72.0, 0.0007076640011322625)	(73.0, 0.0)	(74.0, 0.0)	(75.0, 0.0)	(76.0, 0.0)	(77.0, 0.0)	(78.0, 0.0)	(79.0, 0.0)	(80.0, 0.0)	(81.0, 0.0)	(82.0, 0.0)	(83.0, 0.0)	(84.0, 0.0)	(85.0, 0.0)	(86.0, 0.0)	(87.0, 0.0)	(88.0, 0.0)	(89.0, 0.0)	(90.0, 0.0)	(91.0, 0.0)	(92.0, 0.0)	(93.0, 0.0)	(94.0, 0.0)	(95.0, 0.0)	(96.0, 0.0)	(97.0, 0.0)	(98.0, 0.0)	(99.0, 0.0)	(100.0, 0.0)
2893_NS1_R_Male_week5_S48_L001_R2_001	(0.0, 0.0)	(1.0, 0.0)	(2.0, 0.0)	(3.0, 0.0)	(4.0, 0.0)	(5.0, 0.0)	(6.0, 0.0)	(7.0, 0.0)	(8.0, 0.0)	(9.0, 0.0)	(10.0, 0.0)	(11.0, 0.0)	(12.0, 0.0)	(13.0, 0.0)	(14.0, 0.0)	(15.0, 0.0)	(16.0, 0.0)	(17.0, 0.0)	(18.0, 0.0)	(19.0, 0.0)	(20.0, 0.0)	(21.0, 0.0)	(22.0, 0.0)	(23.0, 0.0)	(24.0, 0.0)	(25.0, 0.0)	(26.0, 0.0)	(27.0, 0.0)	(28.0, 0.0)	(29.0, 0.0)	(30.0, 0.0)	(31.0, 0.0)	(32.0, 0.0)	(33.0, 0.0)	(34.0, 0.0)	(35.0, 0.0)	(36.0, 0.0)	(37.0, 0.0)	(38.0, 0.0013666958987733904)	(39.0, 0.0054667835950935615)	(40.0, 0.007516827443253647)	(41.0, 0.007516827443253647)	(42.0, 0.010933567190187123)	(43.0, 0.009566871291413733)	(44.0, 0.020500438481600856)	(45.0, 0.024600526177921026)	(46.0, 0.04646766055829527)	(47.0, 0.15853672425771326)	(48.0, 4.033802945229661)	(49.0, 10.457273669464596)	(50.0, 20.45397082104256)	(51.0, 19.75285582497181)	(52.0, 4.7246677220596105)	(53.0, 7.352140587451453)	(54.0, 7.107502021571016)	(55.0, 4.2456408095395375)	(56.0, 11.005318724872726)	(57.0, 7.056934273316401)	(58.0, 1.7801214081523409)	(59.0, 0.5938293680170381)	(60.0, 0.295889662084439)	(61.0, 0.21115451636048882)	(62.0, 0.14896985296629955)	(63.0, 0.09566871291413732)	(64.0, 0.07448492648314978)	(65.0, 0.06833479493866952)	(66.0, 0.04920105235584205)	(67.0, 0.056034531849708996)	(68.0, 0.06901814288805622)	(69.0, 0.03143400567178798)	(70.0, 0.01571700283589399)	(71.0, 0.008883523342027038)	(72.0, 0.0020500438481600857)	(73.0, 0.0034167397469334762)	(74.0, 0.0013666958987733904)	(75.0, 0.0013666958987733904)	(76.0, 0.0013666958987733904)	(77.0, 0.0006833479493866952)	(78.0, 0.0013666958987733904)	(79.0, 0.0)	(80.0, 0.0006833479493866952)	(81.0, 0.0)	(82.0, 0.0)	(83.0, 0.0006833479493866952)	(84.0, 0.0006833479493866952)	(85.0, 0.0)	(86.0, 0.0006833479493866952)	(87.0, 0.0)	(88.0, 0.0)	(89.0, 0.0)	(90.0, 0.0)	(91.0, 0.0)	(92.0, 0.0006833479493866952)	(93.0, 0.0)	(94.0, 0.0006833479493866952)	(95.0, 0.0)	(96.0, 0.0)	(97.0, 0.0006833479493866952)	(98.0, 0.0006833479493866952)	(99.0, 0.0006833479493866952)	(100.0, 0.0009111305991822601)
2893_NS1_R_Male_week9_S60_L001_R1_001	(0.0, 0.0)	(1.0, 0.0)	(2.0, 0.0)	(3.0, 0.0)	(4.0, 0.0)	(5.0, 0.0)	(6.0, 0.0)	(7.0, 0.0)	(8.0, 0.0)	(9.0, 0.0)	(10.0, 0.0)	(11.0, 0.0)	(12.0, 0.0)	(13.0, 0.0)	(14.0, 0.0)	(15.0, 0.0)	(16.0, 0.0)	(17.0, 0.0)	(18.0, 0.0)	(19.0, 0.0)	(20.0, 0.0)	(21.0, 0.0)	(22.0, 0.0)	(23.0, 0.0)	(24.0, 0.0)	(25.0, 0.0)	(26.0, 0.0)	(27.0, 0.0)	(28.0, 0.0)	(29.0, 0.0)	(30.0, 0.0)	(31.0, 0.0)	(32.0, 0.0)	(33.0, 0.0)	(34.0, 0.0)	(35.0, 0.0004120143380989658)	(36.0, 0.0)	(37.0, 0.0)	(38.0, 0.0)	(39.0, 0.0)	(40.0, 0.0004120143380989658)	(41.0, 0.0016480573523958632)	(42.0, 0.002060071690494829)	(43.0, 0.0016480573523958632)	(44.0, 0.006180215071484488)	(45.0, 0.018540645214453463)	(46.0, 0.2636891763833381)	(47.0, 9.845494623212888)	(48.0, 13.362036998887561)	(49.0, 16.84397017016192)	(50.0, 4.113139137241975)	(51.0, 1.9838490379465206)	(52.0, 0.8874788842651724)	(53.0, 5.559721478307445)	(54.0, 30.9958386551852)	(55.0, 12.651312265666844)	(56.0, 1.2265666845206213)	(57.0, 0.5735239586337605)	(58.0, 0.3477401013555272)	(59.0, 0.41325038111326273)	(60.0, 0.20765522640187878)	(61.0, 0.156977462815706)	(62.0, 0.07086646615302213)	(63.0, 0.02760496065263071)	(64.0, 0.00988834411437518)	(65.0, 0.007828272423880352)	(66.0, 0.06097812203864695)	(67.0, 0.25050471756417125)	(68.0, 0.06839438012442833)	(69.0, 0.01771661653825553)	(70.0, 0.00988834411437518)	(71.0, 0.004120143380989658)	(72.0, 0.00494417205718759)	(73.0, 0.0032961147047917264)	(74.0, 0.0004120143380989658)	(75.0, 0.0004120143380989658)	(76.0, 0.0)	(77.0, 0.0)	(78.0, 0.0)	(79.0, 0.0)	(80.0, 0.0)	(81.0, 0.0)	(82.0, 0.0)	(83.0, 0.0)	(84.0, 0.0)	(85.0, 0.0)	(86.0, 0.0)	(87.0, 0.0)	(88.0, 0.0)	(89.0, 0.0)	(90.0, 0.0)	(91.0, 0.0)	(92.0, 0.0)	(93.0, 0.0)	(94.0, 0.0)	(95.0, 0.0)	(96.0, 0.0)	(97.0, 0.0)	(98.0, 0.0)	(99.0, 0.0)	(100.0, 0.0)
2893_NS1_R_Male_week9_S60_L001_R2_001	(0.0, 0.0)	(1.0, 0.0)	(2.0, 0.0)	(3.0, 0.0)	(4.0, 0.0)	(5.0, 0.0)	(6.0, 0.0)	(7.0, 0.0)	(8.0, 0.0)	(9.0, 0.0)	(10.0, 0.0)	(11.0, 0.0)	(12.0, 0.0)	(13.0, 0.0)	(14.0, 0.0)	(15.0, 0.0)	(16.0, 0.0)	(17.0, 0.0)	(18.0, 0.0)	(19.0, 0.0)	(20.0, 0.0)	(21.0, 0.0)	(22.0, 0.0)	(23.0, 0.0)	(24.0, 0.0)	(25.0, 0.0)	(26.0, 0.0)	(27.0, 0.0)	(28.0, 0.0)	(29.0, 0.0)	(30.0, 0.0)	(31.0, 0.000808671110763682)	(32.0, 0.000404335555381841)	(33.0, 0.0)	(34.0, 0.0)	(35.0, 0.000404335555381841)	(36.0, 0.000808671110763682)	(37.0, 0.000808671110763682)	(38.0, 0.002426013332291046)	(39.0, 0.002426013332291046)	(40.0, 0.002830348887672887)	(41.0, 0.005660697775345774)	(42.0, 0.004852026664582092)	(43.0, 0.0060650333307276155)	(44.0, 0.012534402216837071)	(45.0, 0.022238455546001255)	(46.0, 0.03962488442742042)	(47.0, 0.13343073327600752)	(48.0, 3.783367791707886)	(49.0, 11.805789546038993)	(50.0, 15.4395531822556)	(51.0, 10.65424188431151)	(52.0, 3.656406427317988)	(53.0, 7.3969146501553995)	(54.0, 8.096010825410604)	(55.0, 5.881464988584259)	(56.0, 16.711997175042253)	(57.0, 10.889969513099123)	(58.0, 2.7547381388164824)	(59.0, 0.8814515107324135)	(60.0, 0.38492744872351264)	(61.0, 0.26888314432892424)	(62.0, 0.2138935087969939)	(63.0, 0.16213855770811825)	(64.0, 0.10957493550847891)	(65.0, 0.08531480218556846)	(66.0, 0.08450613107480477)	(67.0, 0.12413101550222518)	(68.0, 0.16901226214960954)	(69.0, 0.10189255995622394)	(70.0, 0.044881246647384354)	(71.0, 0.021429784435237572)	(72.0, 0.011321395550691548)	(73.0, 0.0060650333307276155)	(74.0, 0.0044476911092002505)	(75.0, 0.004043355553818411)	(76.0, 0.0020216777769092053)	(77.0, 0.002426013332291046)	(78.0, 0.001617342221527364)	(79.0, 0.000404335555381841)	(80.0, 0.000808671110763682)	(81.0, 0.001617342221527364)	(82.0, 0.000808671110763682)	(83.0, 0.000808671110763682)	(84.0, 0.000404335555381841)	(85.0, 0.000808671110763682)	(86.0, 0.0)	(87.0, 0.0)	(88.0, 0.0)	(89.0, 0.0)	(90.0, 0.000808671110763682)	(91.0, 0.0)	(92.0, 0.001213006666145523)	(93.0, 0.000404335555381841)	(94.0, 0.0)	(95.0, 0.0)	(96.0, 0.000404335555381841)	(97.0, 0.000404335555381841)	(98.0, 0.000404335555381841)	(99.0, 0.000404335555381841)	(100.0, 0.0005391140738424547)
2999_NS1_0_Female_week5_S41_L001_R1_001	(0.0, 0.0)	(1.0, 0.0)	(2.0, 0.0)	(3.0, 0.0)	(4.0, 0.0)	(5.0, 0.0)	(6.0, 0.0)	(7.0, 0.0)	(8.0, 0.0)	(9.0, 0.0)	(10.0, 0.0)	(11.0, 0.0)	(12.0, 0.0)	(13.0, 0.0)	(14.0, 0.0)	(15.0, 0.0)	(16.0, 0.0)	(17.0, 0.0)	(18.0, 0.0)	(19.0, 0.0)	(20.0, 0.0)	(21.0, 0.0)	(22.0, 0.0)	(23.0, 0.0)	(24.0, 0.0)	(25.0, 0.0)	(26.0, 0.0)	(27.0, 0.0)	(28.0, 0.0)	(29.0, 0.0)	(30.0, 0.0)	(31.0, 0.0)	(32.0, 0.0)	(33.0, 0.0)	(34.0, 0.0)	(35.0, 0.0)	(36.0, 0.0)	(37.0, 0.0)	(38.0, 0.0017402956762353923)	(39.0, 0.0008701478381176962)	(40.0, 0.0008701478381176962)	(41.0, 0.0026104435143530884)	(42.0, 0.0008701478381176962)	(43.0, 0.004350739190588481)	(44.0, 0.013052217571765442)	(45.0, 0.03306561784847245)	(46.0, 0.29062937793131055)	(47.0, 7.418880467791478)	(48.0, 12.410048467234583)	(49.0, 27.930005307901812)	(50.0, 4.293309433272713)	(51.0, 1.8342716427521035)	(52.0, 1.097256423866415)	(53.0, 5.167808010580998)	(54.0, 25.77725955639863)	(55.0, 10.870756941604379)	(56.0, 1.154686181182183)	(57.0, 0.5394916596329716)	(58.0, 0.3202144044273122)	(59.0, 0.2967204127981344)	(60.0, 0.16880868059483306)	(61.0, 0.12008040166024209)	(62.0, 0.046117835420237896)	(63.0, 0.02523428730541319)	(64.0, 0.012182069733647747)	(65.0, 0.010441774057412354)	(66.0, 0.0226238437910601)	(67.0, 0.09832670570729966)	(68.0, 0.03132532217223707)	(69.0, 0.0034805913524707847)	(70.0, 0.0008701478381176962)	(71.0, 0.0017402956762353923)	(72.0, 0.0)	(73.0, 0.0)	(74.0, 0.0)	(75.0, 0.0)	(76.0, 0.0)	(77.0, 0.0)	(78.0, 0.0)	(79.0, 0.0)	(80.0, 0.0)	(81.0, 0.0)	(82.0, 0.0)	(83.0, 0.0)	(84.0, 0.0)	(85.0, 0.0)	(86.0, 0.0)	(87.0, 0.0)	(88.0, 0.0)	(89.0, 0.0)	(90.0, 0.0)	(91.0, 0.0)	(92.0, 0.0)	(93.0, 0.0)	(94.0, 0.0)	(95.0, 0.0)	(96.0, 0.0)	(97.0, 0.0)	(98.0, 0.0)	(99.0, 0.0)	(100.0, 0.0)
2999_NS1_0_Female_week5_S41_L001_R2_001	(0.0, 0.0)	(1.0, 0.0)	(2.0, 0.0)	(3.0, 0.0)	(4.0, 0.0)	(5.0, 0.0)	(6.0, 0.0)	(7.0, 0.0)	(8.0, 0.0)	(9.0, 0.0)	(10.0, 0.0)	(11.0, 0.0)	(12.0, 0.0)	(13.0, 0.0)	(14.0, 0.0)	(15.0, 0.0)	(16.0, 0.0)	(17.0, 0.0)	(18.0, 0.0)	(19.0, 0.0)	(20.0, 0.0)	(21.0, 0.0)	(22.0, 0.0)	(23.0, 0.0)	(24.0, 0.0)	(25.0, 0.0)	(26.0, 0.0)	(27.0, 0.0)	(28.0, 0.0)	(29.0, 0.0)	(30.0, 0.0)	(31.0, 0.0)	(32.0, 0.0)	(33.0, 0.0)	(34.0, 0.0)	(35.0, 0.0)	(36.0, 0.0)	(37.0, 0.0008417012465595461)	(38.0, 0.0016834024931190923)	(39.0, 0.0016834024931190923)	(40.0, 0.0033668049862381846)	(41.0, 0.005891908725916823)	(42.0, 0.005891908725916823)	(43.0, 0.011783817451833645)	(44.0, 0.013467219944952738)	(45.0, 0.0218842324105482)	(46.0, 0.028617842383024568)	(47.0, 0.12709688823049145)	(48.0, 3.0646342387233076)	(49.0, 8.427112880554176)	(50.0, 19.262333027515215)	(51.0, 19.67476663832939)	(52.0, 3.794389219490434)	(53.0, 5.5451278123342895)	(54.0, 6.372520137702324)	(55.0, 5.095659346671493)	(56.0, 14.867810819227822)	(57.0, 9.43883777891875)	(58.0, 2.175797722356427)	(59.0, 0.7238630720412097)	(60.0, 0.3594064322809262)	(61.0, 0.2112670128864461)	(62.0, 0.1582398343531947)	(63.0, 0.12625518698393193)	(64.0, 0.08669522839563326)	(65.0, 0.07743651468347824)	(66.0, 0.05386887977981095)	(67.0, 0.07911991717659735)	(68.0, 0.08585352714907371)	(69.0, 0.03787655609517958)	(70.0, 0.0218842324105482)	(71.0, 0.006733609972476369)	(72.0, 0.004208506232797731)	(73.0, 0.005891908725916823)	(74.0, 0.005050207479357277)	(75.0, 0.0016834024931190923)	(76.0, 0.0008417012465595461)	(77.0, 0.0008417012465595461)	(78.0, 0.0)	(79.0, 0.0)	(80.0, 0.0)	(81.0, 0.0)	(82.0, 0.0)	(83.0, 0.0)	(84.0, 0.0008417012465595461)	(85.0, 0.0008417012465595461)	(86.0, 0.0)	(87.0, 0.0008417012465595461)	(88.0, 0.0)	(89.0, 0.0)	(90.0, 0.0)	(91.0, 0.0)	(92.0, 0.0)	(93.0, 0.0)	(94.0, 0.0)	(95.0, 0.0008417012465595461)	(96.0, 0.0016834024931190923)	(97.0, 0.0)	(98.0, 0.0016834024931190923)	(99.0, 0.0016834024931190923)	(100.0, 0.0033668049862381846)
2999_NS1_0_Female_week9_S53_L001_R1_001	(0.0, 0.0)	(1.0, 0.0)	(2.0, 0.0)	(3.0, 0.0)	(4.0, 0.0)	(5.0, 0.0)	(6.0, 0.0)	(7.0, 0.0)	(8.0, 0.0)	(9.0, 0.0)	(10.0, 0.0)	(11.0, 0.0)	(12.0, 0.0)	(13.0, 0.0)	(14.0, 0.0)	(15.0, 0.0)	(16.0, 0.0)	(17.0, 0.0)	(18.0, 0.0)	(19.0, 0.0)	(20.0, 0.0)	(21.0, 0.0)	(22.0, 0.0)	(23.0, 0.0)	(24.0, 0.0)	(25.0, 0.0)	(26.0, 0.0)	(27.0, 0.0)	(28.0, 0.0)	(29.0, 0.0)	(30.0, 0.0)	(31.0, 0.0)	(32.0, 0.0007852190368503293)	(33.0, 0.0)	(34.0, 0.0)	(35.0, 0.0)	(36.0, 0.0007852190368503293)	(37.0, 0.0007852190368503293)	(38.0, 0.0015704380737006586)	(39.0, 0.0)	(40.0, 0.0023556571105509882)	(41.0, 0.003140876147401317)	(42.0, 0.005496533257952306)	(43.0, 0.005496533257952306)	(44.0, 0.007852190368503294)	(45.0, 0.04240182798991778)	(46.0, 0.4664201078890957)	(47.0, 12.13084890030074)	(48.0, 13.8245663627869)	(49.0, 16.382809984845274)	(50.0, 3.6960260064545003)	(51.0, 1.757320204471037)	(52.0, 0.6839257810966369)	(53.0, 4.778843058271105)	(54.0, 31.865758953460066)	(55.0, 10.936530745251389)	(56.0, 1.105588403885264)	(57.0, 0.5590759542374345)	(58.0, 0.345496376214145)	(59.0, 0.5190297833580677)	(60.0, 0.26461881541856097)	(61.0, 0.15390293122266457)	(62.0, 0.07852190368503294)	(63.0, 0.02983832340031252)	(64.0, 0.015704380737006588)	(65.0, 0.012563504589605269)	(66.0, 0.04868358028472042)	(67.0, 0.19708997824943267)	(68.0, 0.03690529473196548)	(69.0, 0.015704380737006588)	(70.0, 0.009422628442203953)	(71.0, 0.009422628442203953)	(72.0, 0.0023556571105509882)	(73.0, 0.0015704380737006586)	(74.0, 0.0)	(75.0, 0.0007852190368503293)	(76.0, 0.0)	(77.0, 0.0)	(78.0, 0.0)	(79.0, 0.0)	(80.0, 0.0)	(81.0, 0.0)	(82.0, 0.0)	(83.0, 0.0)	(84.0, 0.0)	(85.0, 0.0)	(86.0, 0.0)	(87.0, 0.0)	(88.0, 0.0)	(89.0, 0.0)	(90.0, 0.0)	(91.0, 0.0)	(92.0, 0.0)	(93.0, 0.0)	(94.0, 0.0)	(95.0, 0.0)	(96.0, 0.0)	(97.0, 0.0)	(98.0, 0.0)	(99.0, 0.0)	(100.0, 0.0)
2999_NS1_0_Female_week9_S53_L001_R2_001	(0.0, 0.0)	(1.0, 0.0)	(2.0, 0.0)	(3.0, 0.0)	(4.0, 0.0)	(5.0, 0.0)	(6.0, 0.0)	(7.0, 0.0)	(8.0, 0.0)	(9.0, 0.0)	(10.0, 0.0)	(11.0, 0.0)	(12.0, 0.0)	(13.0, 0.0)	(14.0, 0.0)	(15.0, 0.0)	(16.0, 0.0)	(17.0, 0.0)	(18.0, 0.0)	(19.0, 0.0)	(20.0, 0.0)	(21.0, 0.0)	(22.0, 0.0)	(23.0, 0.0)	(24.0, 0.0)	(25.0, 0.0)	(26.0, 0.0)	(27.0, 0.0)	(28.0, 0.0)	(29.0, 0.0)	(30.0, 0.0)	(31.0, 0.0)	(32.0, 0.0)	(33.0, 0.0)	(34.0, 0.0)	(35.0, 0.0)	(36.0, 0.0007682969928855699)	(37.0, 0.0007682969928855699)	(38.0, 0.0007682969928855699)	(39.0, 0.0030731879715422796)	(40.0, 0.0007682969928855699)	(41.0, 0.0030731879715422796)	(42.0, 0.005378078950198989)	(43.0, 0.008451266921741267)	(44.0, 0.010756157900397977)	(45.0, 0.018439127829253676)	(46.0, 0.045329522580248624)	(47.0, 0.16748874444905423)	(48.0, 4.453049370764763)	(49.0, 13.255428018254737)	(50.0, 15.360561778761198)	(51.0, 10.296716298652408)	(52.0, 3.4757755958143175)	(53.0, 6.320779360469583)	(54.0, 4.5836598595553095)	(55.0, 4.416939412099142)	(56.0, 18.830190998632432)	(57.0, 12.495582292290909)	(58.0, 3.1415664039090947)	(59.0, 1.1393844404493)	(60.0, 0.4878685904823369)	(61.0, 0.29272115428940215)	(62.0, 0.23279398884432767)	(63.0, 0.15750088354154182)	(64.0, 0.14520813165537272)	(65.0, 0.1098664699826365)	(66.0, 0.08451266921741268)	(67.0, 0.12062262788303446)	(68.0, 0.15365939857711397)	(69.0, 0.08528096621029825)	(70.0, 0.04456122558736305)	(71.0, 0.020744018807910387)	(72.0, 0.009219563914626838)	(73.0, 0.006914672935970129)	(74.0, 0.0007682969928855699)	(75.0, 0.0)	(76.0, 0.0015365939857711398)	(77.0, 0.0007682969928855699)	(78.0, 0.0015365939857711398)	(79.0, 0.0015365939857711398)	(80.0, 0.0015365939857711398)	(81.0, 0.0)	(82.0, 0.0)	(83.0, 0.0007682969928855699)	(84.0, 0.0)	(85.0, 0.0)	(86.0, 0.0)	(87.0, 0.0007682969928855699)	(88.0, 0.0)	(89.0, 0.0)	(90.0, 0.0)	(91.0, 0.0)	(92.0, 0.0)	(93.0, 0.0015365939857711398)	(94.0, 0.0015365939857711398)	(95.0, 0.0)	(96.0, 0.0)	(97.0, 0.0)	(98.0, 0.0007682969928855699)	(99.0, 0.0007682969928855699)	(100.0, 0.0)
2999_NS1_R_Female_week5_S42_L001_R1_001	(0.0, 0.0)	(1.0, 0.0)	(2.0, 0.0)	(3.0, 0.0)	(4.0, 0.0)	(5.0, 0.0)	(6.0, 0.0)	(7.0, 0.0)	(8.0, 0.0)	(9.0, 0.0)	(10.0, 0.0)	(11.0, 0.0)	(12.0, 0.0)	(13.0, 0.0)	(14.0, 0.0)	(15.0, 0.0)	(16.0, 0.0)	(17.0, 0.0)	(18.0, 0.0)	(19.0, 0.0)	(20.0, 0.0)	(21.0, 0.0)	(22.0, 0.0)	(23.0, 0.0)	(24.0, 0.0)	(25.0, 0.0)	(26.0, 0.0)	(27.0, 0.0)	(28.0, 0.0)	(29.0, 0.0)	(30.0, 0.0)	(31.0, 0.0)	(32.0, 0.0)	(33.0, 0.0)	(34.0, 0.0)	(35.0, 0.0)	(36.0, 0.0)	(37.0, 0.0)	(38.0, 0.0003517596777881351)	(39.0, 0.0)	(40.0, 0.0003517596777881351)	(41.0, 0.002110558066728811)	(42.0, 0.002462317744516946)	(43.0, 0.002462317744516946)	(44.0, 0.005276395166822027)	(45.0, 0.017939743567194893)	(46.0, 0.3510561584325589)	(47.0, 7.1966512478674565)	(48.0, 10.616107075645917)	(49.0, 23.541516435970944)	(50.0, 3.979105475139385)	(51.0, 1.676134864660464)	(52.0, 0.8709569622034227)	(53.0, 5.381923070158468)	(54.0, 30.569323038500094)	(55.0, 12.824102573122042)	(56.0, 1.1674903705788207)	(57.0, 0.54135814411594)	(58.0, 0.3091967567757708)	(59.0, 0.39186028105598253)	(60.0, 0.18432207116098281)	(61.0, 0.10236206623634733)	(62.0, 0.04924635489033892)	(63.0, 0.019346782278347435)	(64.0, 0.008442232266915244)	(65.0, 0.008090472589127108)	(66.0, 0.027789014545262676)	(67.0, 0.11397013560335578)	(68.0, 0.02321613873401692)	(69.0, 0.004572875811245757)	(70.0, 0.004572875811245757)	(71.0, 0.004572875811245757)	(72.0, 0.001758798388940676)	(73.0, 0.0)	(74.0, 0.0)	(75.0, 0.0)	(76.0, 0.0)	(77.0, 0.0)	(78.0, 0.0)	(79.0, 0.0)	(80.0, 0.0)	(81.0, 0.0)	(82.0, 0.0)	(83.0, 0.0)	(84.0, 0.0)	(85.0, 0.0)	(86.0, 0.0)	(87.0, 0.0)	(88.0, 0.0)	(89.0, 0.0)	(90.0, 0.0)	(91.0, 0.0)	(92.0, 0.0)	(93.0, 0.0)	(94.0, 0.0)	(95.0, 0.0)	(96.0, 0.0)	(97.0, 0.0)	(98.0, 0.0)	(99.0, 0.0)	(100.0, 0.0)
2999_NS1_R_Female_week5_S42_L001_R2_001	(0.0, 0.0)	(1.0, 0.0)	(2.0, 0.0)	(3.0, 0.0)	(4.0, 0.0)	(5.0, 0.0)	(6.0, 0.0)	(7.0, 0.0)	(8.0, 0.0)	(9.0, 0.0)	(10.0, 0.0)	(11.0, 0.0)	(12.0, 0.0)	(13.0, 0.0)	(14.0, 0.0)	(15.0, 0.0)	(16.0, 0.0)	(17.0, 0.0)	(18.0, 0.0)	(19.0, 0.0)	(20.0, 0.00034084479518636254)	(21.0, 0.0)	(22.0, 0.0)	(23.0, 0.0)	(24.0, 0.0)	(25.0, 0.0)	(26.0, 0.0)	(27.0, 0.0)	(28.0, 0.0)	(29.0, 0.0)	(30.0, 0.0)	(31.0, 0.0)	(32.0, 0.0)	(33.0, 0.0)	(34.0, 0.0)	(35.0, 0.0)	(36.0, 0.0)	(37.0, 0.0)	(38.0, 0.0006816895903727251)	(39.0, 0.0013633791807454501)	(40.0, 0.0027267583614909003)	(41.0, 0.004430982337422713)	(42.0, 0.0054535167229818006)	(43.0, 0.009884499060404514)	(44.0, 0.014656326193013589)	(45.0, 0.017723929349690852)	(46.0, 0.034425324313822614)	(47.0, 0.10498019691739967)	(48.0, 2.7775442359736684)	(49.0, 7.840793668467085)	(50.0, 16.914082116328053)	(51.0, 16.390544510921803)	(52.0, 3.5638731784686066)	(53.0, 5.996482481713676)	(54.0, 6.52922289658996)	(55.0, 5.806291085999686)	(56.0, 18.095791021239176)	(57.0, 11.234244449342508)	(58.0, 2.4908937632219375)	(59.0, 0.7836021841334475)	(60.0, 0.3558419661745625)	(61.0, 0.23041108154598106)	(62.0, 0.16803648402687674)	(63.0, 0.11418300638743147)	(64.0, 0.09441400826662243)	(65.0, 0.07259994137469522)	(66.0, 0.05794361518168163)	(67.0, 0.08316613002547246)	(68.0, 0.0964590770377406)	(69.0, 0.04942249530202257)	(70.0, 0.02283660127748629)	(71.0, 0.0081802750844727)	(72.0, 0.004430982337422713)	(73.0, 0.0037492927470499883)	(74.0, 0.002045068771118175)	(75.0, 0.0010225343855590876)	(76.0, 0.002385913566304538)	(77.0, 0.0017042239759318125)	(78.0, 0.0013633791807454501)	(79.0, 0.0006816895903727251)	(80.0, 0.0013633791807454501)	(81.0, 0.0010225343855590876)	(82.0, 0.0013633791807454501)	(83.0, 0.00034084479518636254)	(84.0, 0.0)	(85.0, 0.00034084479518636254)	(86.0, 0.0)	(87.0, 0.0)	(88.0, 0.0006816895903727251)	(89.0, 0.00034084479518636254)	(90.0, 0.0)	(91.0, 0.0006816895903727251)	(92.0, 0.00034084479518636254)	(93.0, 0.00034084479518636254)	(94.0, 0.0010225343855590876)	(95.0, 0.00034084479518636254)	(96.0, 0.0)	(97.0, 0.0)	(98.0, 0.0)	(99.0, 0.0)	(100.0, 0.0009089194538303001)
2999_NS1_R_Female_week9_S54_L001_R1_001	(0.0, 0.0)	(1.0, 0.0)	(2.0, 0.0)	(3.0, 0.0)	(4.0, 0.0)	(5.0, 0.0)	(6.0, 0.0)	(7.0, 0.0)	(8.0, 0.0)	(9.0, 0.0)	(10.0, 0.0)	(11.0, 0.0)	(12.0, 0.0)	(13.0, 0.0)	(14.0, 0.0)	(15.0, 0.0)	(16.0, 0.0)	(17.0, 0.0)	(18.0, 0.0)	(19.0, 0.0)	(20.0, 0.0)	(21.0, 0.0)	(22.0, 0.0)	(23.0, 0.0)	(24.0, 0.0)	(25.0, 0.0)	(26.0, 0.0)	(27.0, 0.0)	(28.0, 0.0)	(29.0, 0.0)	(30.0, 0.0)	(31.0, 0.0)	(32.0, 0.0)	(33.0, 0.0)	(34.0, 0.0)	(35.0, 0.0)	(36.0, 0.0)	(37.0, 0.0)	(38.0, 0.0)	(39.0, 0.0)	(40.0, 0.0005020634809065258)	(41.0, 0.0015061904427195775)	(42.0, 0.004518571328158733)	(43.0, 0.005020634809065258)	(44.0, 0.010041269618130516)	(45.0, 0.03263412625892417)	(46.0, 0.36098364277179207)	(47.0, 11.878319894767495)	(48.0, 13.453293034371267)	(49.0, 17.61640341804818)	(50.0, 4.083282290212774)	(51.0, 2.0439004307704667)	(52.0, 0.7219672855435841)	(53.0, 4.452801012159977)	(54.0, 31.09931819779293)	(55.0, 11.13627006998765)	(56.0, 1.0488106116137323)	(57.0, 0.5131088774864694)	(58.0, 0.330357770436494)	(59.0, 0.4523591962967798)	(60.0, 0.2274347568506562)	(61.0, 0.1245117432648184)	(62.0, 0.06175380815150268)	(63.0, 0.027111427968952398)	(64.0, 0.015061904427195775)	(65.0, 0.011045396579943568)	(66.0, 0.03514444366345681)	(67.0, 0.1727098374318449)	(68.0, 0.05020634809065258)	(69.0, 0.017572221831728404)	(70.0, 0.00602476177087831)	(71.0, 0.004518571328158733)	(72.0, 0.0010041269618130517)	(73.0, 0.0)	(74.0, 0.0)	(75.0, 0.0005020634809065258)	(76.0, 0.0)	(77.0, 0.0)	(78.0, 0.0)	(79.0, 0.0)	(80.0, 0.0)	(81.0, 0.0)	(82.0, 0.0)	(83.0, 0.0)	(84.0, 0.0)	(85.0, 0.0)	(86.0, 0.0)	(87.0, 0.0)	(88.0, 0.0)	(89.0, 0.0)	(90.0, 0.0)	(91.0, 0.0)	(92.0, 0.0)	(93.0, 0.0)	(94.0, 0.0)	(95.0, 0.0)	(96.0, 0.0)	(97.0, 0.0)	(98.0, 0.0)	(99.0, 0.0)	(100.0, 0.0)
2999_NS1_R_Female_week9_S54_L001_R2_001	(0.0, 0.0)	(1.0, 0.0)	(2.0, 0.0)	(3.0, 0.0)	(4.0, 0.0)	(5.0, 0.0)	(6.0, 0.0)	(7.0, 0.0)	(8.0, 0.0)	(9.0, 0.0)	(10.0, 0.0)	(11.0, 0.0)	(12.0, 0.0)	(13.0, 0.0)	(14.0, 0.0)	(15.0, 0.0)	(16.0, 0.0)	(17.0, 0.0)	(18.0, 0.0)	(19.0, 0.0)	(20.0, 0.0)	(21.0, 0.000489809513080363)	(22.0, 0.000489809513080363)	(23.0, 0.0)	(24.0, 0.0)	(25.0, 0.0)	(26.0, 0.0)	(27.0, 0.0)	(28.0, 0.0)	(29.0, 0.0)	(30.0, 0.0)	(31.0, 0.0)	(32.0, 0.0)	(33.0, 0.0)	(34.0, 0.0)	(35.0, 0.0)	(36.0, 0.000979619026160726)	(37.0, 0.000979619026160726)	(38.0, 0.000979619026160726)	(39.0, 0.0014694285392410891)	(40.0, 0.001959238052321452)	(41.0, 0.005387904643883994)	(42.0, 0.011755428313928713)	(43.0, 0.01126561880084835)	(44.0, 0.013714666366250166)	(45.0, 0.020571999549375247)	(46.0, 0.03820514202026832)	(47.0, 0.15967790126419837)	(48.0, 4.755560562497245)	(49.0, 13.090159237072701)	(50.0, 16.05742526731354)	(51.0, 11.708896410186078)	(52.0, 3.49479087582839)	(53.0, 6.51740538104731)	(54.0, 4.872625036123451)	(55.0, 4.433755712403446)	(56.0, 18.213076934380222)	(57.0, 11.432154035295673)	(58.0, 2.63076689475463)	(59.0, 0.8899838852670197)	(60.0, 0.3991947531604959)	(61.0, 0.28017104148196764)	(62.0, 0.19592380523214523)	(63.0, 0.13273837804477837)	(64.0, 0.1033498072599566)	(65.0, 0.07885933160593844)	(66.0, 0.06416504621352756)	(67.0, 0.10383961677303698)	(68.0, 0.13616704463634094)	(69.0, 0.06955295085741155)	(70.0, 0.03330704688946469)	(71.0, 0.01126561880084835)	(72.0, 0.007347142696205446)	(73.0, 0.006857333183125083)	(74.0, 0.0014694285392410891)	(75.0, 0.000979619026160726)	(76.0, 0.0024490475654018154)	(77.0, 0.000979619026160726)	(78.0, 0.0)	(79.0, 0.000979619026160726)	(80.0, 0.0)	(81.0, 0.0)	(82.0, 0.0)	(83.0, 0.0)	(84.0, 0.0)	(85.0, 0.000489809513080363)	(86.0, 0.0)	(87.0, 0.0)	(88.0, 0.0)	(89.0, 0.0)	(90.0, 0.000489809513080363)	(91.0, 0.000489809513080363)	(92.0, 0.000489809513080363)	(93.0, 0.0)	(94.0, 0.000489809513080363)	(95.0, 0.000979619026160726)	(96.0, 0.000489809513080363)	(97.0, 0.000979619026160726)	(98.0, 0.000979619026160726)	(99.0, 0.0)	(100.0, 0.0)
3995R_S2_0_Female_week5_S64_L001_R1_001	(0.0, 0.0)	(1.0, 0.0)	(2.0, 0.0)	(3.0, 0.0)	(4.0, 0.0)	(5.0, 0.0)	(6.0, 0.0)	(7.0, 0.0)	(8.0, 0.0)	(9.0, 0.0)	(10.0, 0.0)	(11.0, 0.0)	(12.0, 0.0)	(13.0, 0.0)	(14.0, 0.0)	(15.0, 0.0)	(16.0, 0.0)	(17.0, 0.0)	(18.0, 0.0)	(19.0, 0.0)	(20.0, 0.0)	(21.0, 0.0)	(22.0, 0.0)	(23.0, 0.0)	(24.0, 0.0)	(25.0, 0.0)	(26.0, 0.0)	(27.0, 0.0)	(28.0, 0.0)	(29.0, 0.0)	(30.0, 0.0)	(31.0, 0.0)	(32.0, 0.0)	(33.0, 0.0)	(34.0, 0.0)	(35.0, 0.0)	(36.0, 0.0)	(37.0, 0.0)	(38.0, 0.0011990599370093847)	(39.0, 0.0015987465826791795)	(40.0, 0.0019984332283489747)	(41.0, 0.0007993732913395897)	(42.0, 0.0023981198740187695)	(43.0, 0.005195926393707334)	(44.0, 0.010391852787414668)	(45.0, 0.041167724503988874)	(46.0, 1.1451022398439623)	(47.0, 22.29052422900446)	(48.0, 7.162784377048394)	(49.0, 2.576380117987498)	(50.0, 5.2426897312506995)	(51.0, 3.8625717437528975)	(52.0, 0.7466146541111768)	(53.0, 6.425762202433292)	(54.0, 32.41059009736367)	(55.0, 13.864330364993846)	(56.0, 1.7933939791203697)	(57.0, 0.697453196693792)	(58.0, 0.4232681577643128)	(59.0, 0.49681050056755505)	(60.0, 0.30296247741770455)	(61.0, 0.26219443955938543)	(62.0, 0.10032134806311852)	(63.0, 0.03637148475595134)	(64.0, 0.02198276551183872)	(65.0, 0.014388719244112615)	(66.0, 0.011990599370093847)	(67.0, 0.03277430494492318)	(68.0, 0.009992166141744871)	(69.0, 0.0023981198740187695)	(70.0, 0.0003996866456697949)	(71.0, 0.0011990599370093847)	(72.0, 0.0)	(73.0, 0.0)	(74.0, 0.0)	(75.0, 0.0)	(76.0, 0.0)	(77.0, 0.0)	(78.0, 0.0)	(79.0, 0.0)	(80.0, 0.0)	(81.0, 0.0)	(82.0, 0.0)	(83.0, 0.0)	(84.0, 0.0)	(85.0, 0.0)	(86.0, 0.0)	(87.0, 0.0)	(88.0, 0.0)	(89.0, 0.0)	(90.0, 0.0)	(91.0, 0.0)	(92.0, 0.0)	(93.0, 0.0)	(94.0, 0.0)	(95.0, 0.0)	(96.0, 0.0)	(97.0, 0.0)	(98.0, 0.0)	(99.0, 0.0)	(100.0, 0.0)
3995R_S2_0_Female_week5_S64_L001_R2_001	(0.0, 0.0)	(1.0, 0.0)	(2.0, 0.0)	(3.0, 0.0)	(4.0, 0.0)	(5.0, 0.0)	(6.0, 0.0)	(7.0, 0.0)	(8.0, 0.0)	(9.0, 0.0)	(10.0, 0.0)	(11.0, 0.0)	(12.0, 0.0)	(13.0, 0.0)	(14.0, 0.0)	(15.0, 0.0)	(16.0, 0.0)	(17.0, 0.00040020276940316423)	(18.0, 0.0)	(19.0, 0.0)	(20.0, 0.0)	(21.0, 0.0)	(22.0, 0.0)	(23.0, 0.0)	(24.0, 0.0)	(25.0, 0.0)	(26.0, 0.0)	(27.0, 0.0)	(28.0, 0.0)	(29.0, 0.0)	(30.0, 0.0)	(31.0, 0.0)	(32.0, 0.0)	(33.0, 0.0)	(34.0, 0.00040020276940316423)	(35.0, 0.001600811077612657)	(36.0, 0.0012006083082094928)	(37.0, 0.0012006083082094928)	(38.0, 0.001600811077612657)	(39.0, 0.003201622155225314)	(40.0, 0.005602838771644299)	(41.0, 0.005602838771644299)	(42.0, 0.009204663696272777)	(43.0, 0.015207705237320243)	(44.0, 0.022411355086577198)	(45.0, 0.032416424321656305)	(46.0, 0.06123102371868413)	(47.0, 0.2609322056508631)	(48.0, 7.524212267548891)	(49.0, 20.44235746111363)	(50.0, 4.4422507403751235)	(51.0, 1.0153144259758278)	(52.0, 3.7070782529815105)	(53.0, 9.12262212854513)	(54.0, 10.134734932365731)	(55.0, 6.9491208879165445)	(56.0, 19.38141991942584)	(57.0, 11.606280515461167)	(58.0, 2.6817587577706035)	(59.0, 0.9584856327205784)	(60.0, 0.42781676049198264)	(61.0, 0.33456951522104533)	(62.0, 0.2545289613404125)	(63.0, 0.1612817160694752)	(64.0, 0.11605880312691765)	(65.0, 0.0884448120380993)	(66.0, 0.06643365972092526)	(67.0, 0.04962514340599237)	(68.0, 0.05082575171420186)	(69.0, 0.023211760625383528)	(70.0, 0.012406285851498092)	(71.0, 0.005602838771644299)	(72.0, 0.0036018249246284784)	(73.0, 0.002001013847015821)	(74.0, 0.0012006083082094928)	(75.0, 0.002001013847015821)	(76.0, 0.0008004055388063285)	(77.0, 0.00040020276940316423)	(78.0, 0.001600811077612657)	(79.0, 0.0008004055388063285)	(80.0, 0.0012006083082094928)	(81.0, 0.0008004055388063285)	(82.0, 0.00040020276940316423)	(83.0, 0.001600811077612657)	(84.0, 0.0012006083082094928)	(85.0, 0.00040020276940316423)	(86.0, 0.0)	(87.0, 0.0)	(88.0, 0.00040020276940316423)	(89.0, 0.0)	(90.0, 0.0)	(91.0, 0.0)	(92.0, 0.0)	(93.0, 0.00040020276940316423)	(94.0, 0.00040020276940316423)	(95.0, 0.0)	(96.0, 0.0)	(97.0, 0.0)	(98.0, 0.0)	(99.0, 0.0)	(100.0, 0.002134414770150209)
3995R_S2_0_Female_week9_S78_L001_R1_001	(0.0, 0.0)	(1.0, 0.0)	(2.0, 0.0)	(3.0, 0.0)	(4.0, 0.0)	(5.0, 0.0)	(6.0, 0.0)	(7.0, 0.0)	(8.0, 0.0)	(9.0, 0.0)	(10.0, 0.0)	(11.0, 0.0)	(12.0, 0.0)	(13.0, 0.0)	(14.0, 0.0)	(15.0, 0.0)	(16.0, 0.0)	(17.0, 0.0)	(18.0, 0.0)	(19.0, 0.0)	(20.0, 0.0)	(21.0, 0.0)	(22.0, 0.0)	(23.0, 0.0)	(24.0, 0.0)	(25.0, 0.0)	(26.0, 0.0)	(27.0, 0.0)	(28.0, 0.0)	(29.0, 0.0)	(30.0, 0.0)	(31.0, 0.0)	(32.0, 0.0)	(33.0, 0.0)	(34.0, 0.0005771172990910403)	(35.0, 0.0)	(36.0, 0.0)	(37.0, 0.0)	(38.0, 0.0)	(39.0, 0.0005771172990910403)	(40.0, 0.0011542345981820806)	(41.0, 0.002308469196364161)	(42.0, 0.004039821093637282)	(43.0, 0.006925407589092484)	(44.0, 0.01673640167364017)	(45.0, 0.07213966238638003)	(46.0, 1.4797287548694271)	(47.0, 18.783436733516087)	(48.0, 5.641321598614919)	(49.0, 2.0424181214831916)	(50.0, 4.813735391718367)	(51.0, 3.8586062617226955)	(52.0, 0.7802625883710864)	(53.0, 7.639878805367191)	(54.0, 36.09291588515366)	(55.0, 14.089741740008657)	(56.0, 2.1503390564132157)	(57.0, 0.7646804212956284)	(58.0, 0.44611167219737413)	(59.0, 0.5511470206319434)	(60.0, 0.28394171115279176)	(61.0, 0.1852546530082239)	(62.0, 0.06406002019910546)	(63.0, 0.02539316116000577)	(64.0, 0.01673640167364017)	(65.0, 0.009233876785456644)	(66.0, 0.027701630356369935)	(67.0, 0.09984129274274996)	(68.0, 0.030010099552734093)	(69.0, 0.009810994084547685)	(70.0, 0.003462703794546242)	(71.0, 0.003462703794546242)	(72.0, 0.001731351897273121)	(73.0, 0.0)	(74.0, 0.0005771172990910403)	(75.0, 0.0)	(76.0, 0.0)	(77.0, 0.0)	(78.0, 0.0)	(79.0, 0.0)	(80.0, 0.0)	(81.0, 0.0)	(82.0, 0.0)	(83.0, 0.0)	(84.0, 0.0)	(85.0, 0.0)	(86.0, 0.0)	(87.0, 0.0)	(88.0, 0.0)	(89.0, 0.0)	(90.0, 0.0)	(91.0, 0.0)	(92.0, 0.0)	(93.0, 0.0)	(94.0, 0.0)	(95.0, 0.0)	(96.0, 0.0)	(97.0, 0.0)	(98.0, 0.0)	(99.0, 0.0)	(100.0, 0.0)
3995R_S2_0_Female_week9_S78_L001_R2_001	(0.0, 0.0)	(1.0, 0.0)	(2.0, 0.0)	(3.0, 0.0)	(4.0, 0.0)	(5.0, 0.0)	(6.0, 0.0)	(7.0, 0.0)	(8.0, 0.0)	(9.0, 0.0)	(10.0, 0.0)	(11.0, 0.0)	(12.0, 0.0)	(13.0, 0.0)	(14.0, 0.0)	(15.0, 0.0)	(16.0, 0.0)	(17.0, 0.0)	(18.0, 0.0)	(19.0, 0.0)	(20.0, 0.0)	(21.0, 0.0)	(22.0, 0.0)	(23.0, 0.0)	(24.0, 0.0)	(25.0, 0.0)	(26.0, 0.0)	(27.0, 0.0)	(28.0, 0.0)	(29.0, 0.0)	(30.0, 0.0)	(31.0, 0.0)	(32.0, 0.0)	(33.0, 0.0)	(34.0, 0.0)	(35.0, 0.0)	(36.0, 0.0)	(37.0, 0.001151713269464434)	(38.0, 0.001151713269464434)	(39.0, 0.004030996443125519)	(40.0, 0.002303426538928868)	(41.0, 0.005182709712589953)	(42.0, 0.009213706155715472)	(43.0, 0.01151713269464434)	(44.0, 0.017851555676698726)	(45.0, 0.024185978658753115)	(46.0, 0.04318924760491628)	(47.0, 0.28101803774932194)	(48.0, 8.284273547257675)	(49.0, 17.172620704349445)	(50.0, 3.8565118828016574)	(51.0, 0.9340394615356561)	(52.0, 4.4116376786835145)	(53.0, 9.72218756418402)	(54.0, 8.586022423857356)	(55.0, 6.225586078089998)	(56.0, 20.9254783928993)	(57.0, 13.627071404303184)	(58.0, 3.2858379577820305)	(59.0, 1.064183060985137)	(60.0, 0.40425135758201636)	(61.0, 0.28159389438405413)	(62.0, 0.20673253186886592)	(63.0, 0.1307194560842133)	(64.0, 0.09904734117394133)	(65.0, 0.06852693953313382)	(66.0, 0.049523670586970665)	(67.0, 0.0644959430900083)	(68.0, 0.08407506867090368)	(69.0, 0.05125124049116731)	(70.0, 0.017851555676698726)	(71.0, 0.012092989329376557)	(72.0, 0.0069102796167866045)	(73.0, 0.006334422982054387)	(74.0, 0.0017275699041966511)	(75.0, 0.0017275699041966511)	(76.0, 0.0017275699041966511)	(77.0, 0.0)	(78.0, 0.000575856634732217)	(79.0, 0.001151713269464434)	(80.0, 0.0)	(81.0, 0.0)	(82.0, 0.000575856634732217)	(83.0, 0.001151713269464434)	(84.0, 0.002303426538928868)	(85.0, 0.0)	(86.0, 0.0)	(87.0, 0.001151713269464434)	(88.0, 0.000575856634732217)	(89.0, 0.000575856634732217)	(90.0, 0.001151713269464434)	(91.0, 0.001151713269464434)	(92.0, 0.0)	(93.0, 0.0)	(94.0, 0.0)	(95.0, 0.000575856634732217)	(96.0, 0.0)	(97.0, 0.000575856634732217)	(98.0, 0.0)	(99.0, 0.000575856634732217)	(100.0, 0.0030712353852384907)
3995R_S2_L_Female_week5_S65_L001_R1_001	(0.0, 0.0)	(1.0, 0.0)	(2.0, 0.0)	(3.0, 0.0)	(4.0, 0.0)	(5.0, 0.0)	(6.0, 0.0)	(7.0, 0.0)	(8.0, 0.0)	(9.0, 0.0)	(10.0, 0.0)	(11.0, 0.0)	(12.0, 0.0)	(13.0, 0.0)	(14.0, 0.0)	(15.0, 0.0)	(16.0, 0.0)	(17.0, 0.0)	(18.0, 0.0)	(19.0, 0.0)	(20.0, 0.0)	(21.0, 0.0)	(22.0, 0.0)	(23.0, 0.0)	(24.0, 0.0)	(25.0, 0.0)	(26.0, 0.0)	(27.0, 0.0)	(28.0, 0.0)	(29.0, 0.0)	(30.0, 0.0)	(31.0, 0.0)	(32.0, 0.0)	(33.0, 0.0)	(34.0, 0.0)	(35.0, 0.0)	(36.0, 0.0)	(37.0, 0.0)	(38.0, 0.0)	(39.0, 0.0012420817289777667)	(40.0, 0.0012420817289777667)	(41.0, 0.0012420817289777667)	(42.0, 0.0012420817289777667)	(43.0, 0.006831449509377717)	(44.0, 0.011178735560799902)	(45.0, 0.037262451869333)	(46.0, 1.0781269407527014)	(47.0, 20.709849708110795)	(48.0, 5.8725624146068816)	(49.0, 2.354365917277357)	(50.0, 4.590734070301826)	(51.0, 3.290895540926593)	(52.0, 0.6800397466153273)	(53.0, 7.720780027325798)	(54.0, 35.346540802384794)	(55.0, 13.93180971307912)	(56.0, 1.7817662402186063)	(57.0, 0.708607626381816)	(58.0, 0.42168674698795183)	(59.0, 0.5738417587877283)	(60.0, 0.3173518817538194)	(61.0, 0.31424667743137497)	(62.0, 0.09501925226679915)	(63.0, 0.04471494224319961)	(64.0, 0.017389144205688736)	(65.0, 0.009936653831822134)	(66.0, 0.014283939883244317)	(67.0, 0.04657806483666625)	(68.0, 0.011178735560799902)	(69.0, 0.0037262451869333004)	(70.0, 0.0024841634579555335)	(71.0, 0.0012420817289777667)	(72.0, 0.0)	(73.0, 0.0)	(74.0, 0.0)	(75.0, 0.0)	(76.0, 0.0)	(77.0, 0.0)	(78.0, 0.0)	(79.0, 0.0)	(80.0, 0.0)	(81.0, 0.0)	(82.0, 0.0)	(83.0, 0.0)	(84.0, 0.0)	(85.0, 0.0)	(86.0, 0.0)	(87.0, 0.0)	(88.0, 0.0)	(89.0, 0.0)	(90.0, 0.0)	(91.0, 0.0)	(92.0, 0.0)	(93.0, 0.0)	(94.0, 0.0)	(95.0, 0.0)	(96.0, 0.0)	(97.0, 0.0)	(98.0, 0.0)	(99.0, 0.0)	(100.0, 0.0)
3995R_S2_L_Female_week5_S65_L001_R2_001	(0.0, 0.0)	(1.0, 0.0)	(2.0, 0.0)	(3.0, 0.0)	(4.0, 0.0)	(5.0, 0.0)	(6.0, 0.0)	(7.0, 0.0)	(8.0, 0.0)	(9.0, 0.0006184725377577485)	(10.0, 0.0006184725377577485)	(11.0, 0.0)	(12.0, 0.0)	(13.0, 0.0)	(14.0, 0.0)	(15.0, 0.0)	(16.0, 0.0)	(17.0, 0.0)	(18.0, 0.0006184725377577485)	(19.0, 0.0)	(20.0, 0.0)	(21.0, 0.0)	(22.0, 0.0)	(23.0, 0.0)	(24.0, 0.0)	(25.0, 0.0)	(26.0, 0.0)	(27.0, 0.0)	(28.0, 0.0)	(29.0, 0.0)	(30.0, 0.0)	(31.0, 0.0)	(32.0, 0.0)	(33.0, 0.0)	(34.0, 0.0)	(35.0, 0.0)	(36.0, 0.0006184725377577485)	(37.0, 0.0)	(38.0, 0.0)	(39.0, 0.0018554176132732456)	(40.0, 0.002473890151030994)	(41.0, 0.003092362688788742)	(42.0, 0.003092362688788742)	(43.0, 0.008658615528608478)	(44.0, 0.009277088066366228)	(45.0, 0.028449736736856433)	(46.0, 0.052570165709408624)	(47.0, 0.2263609488193359)	(48.0, 6.245954158815501)	(49.0, 18.8213562690438)	(50.0, 4.584736922398189)	(51.0, 1.0112025992339186)	(52.0, 3.9273006147617027)	(53.0, 9.39707173869123)	(54.0, 9.959263275513024)	(55.0, 6.944209653944)	(56.0, 19.460238400547556)	(57.0, 12.944630215269676)	(58.0, 3.1560653601777906)	(59.0, 1.1299493264834064)	(60.0, 0.5257016570940862)	(61.0, 0.420561325675269)	(62.0, 0.36551726981482935)	(63.0, 0.22512400374382044)	(64.0, 0.1342085406934314)	(65.0, 0.10699574903209048)	(66.0, 0.07854601229523406)	(67.0, 0.07545364960644532)	(68.0, 0.0587548910869861)	(69.0, 0.03587140718994941)	(70.0, 0.01608028598170146)	(71.0, 0.013606395830670467)	(72.0, 0.006184725377577484)	(73.0, 0.003092362688788742)	(74.0, 0.0018554176132732456)	(75.0, 0.002473890151030994)	(76.0, 0.0006184725377577485)	(77.0, 0.0)	(78.0, 0.0)	(79.0, 0.0006184725377577485)	(80.0, 0.001236945075515497)	(81.0, 0.0)	(82.0, 0.0)	(83.0, 0.0)	(84.0, 0.0)	(85.0, 0.0)	(86.0, 0.0006184725377577485)	(87.0, 0.0)	(88.0, 0.0)	(89.0, 0.001236945075515497)	(90.0, 0.0018554176132732456)	(91.0, 0.0006184725377577485)	(92.0, 0.0)	(93.0, 0.0)	(94.0, 0.0)	(95.0, 0.0)	(96.0, 0.0)	(97.0, 0.0006184725377577485)	(98.0, 0.0)	(99.0, 0.0006184725377577485)	(100.0, 0.0016492601006873292)
3995R_S2_L_Female_week9_S79_L001_R1_001	(0.0, 0.0)	(1.0, 0.0)	(2.0, 0.0)	(3.0, 0.0)	(4.0, 0.0)	(5.0, 0.0)	(6.0, 0.0)	(7.0, 0.0)	(8.0, 0.0)	(9.0, 0.0)	(10.0, 0.0)	(11.0, 0.0)	(12.0, 0.0)	(13.0, 0.0)	(14.0, 0.0)	(15.0, 0.0)	(16.0, 0.0)	(17.0, 0.0)	(18.0, 0.0)	(19.0, 0.0)	(20.0, 0.0)	(21.0, 0.0)	(22.0, 0.0)	(23.0, 0.0)	(24.0, 0.0)	(25.0, 0.0)	(26.0, 0.0)	(27.0, 0.0)	(28.0, 0.0)	(29.0, 0.0)	(30.0, 0.0)	(31.0, 0.0)	(32.0, 0.0)	(33.0, 0.0)	(34.0, 0.0)	(35.0, 0.0)	(36.0, 0.0)	(37.0, 0.0010643902906317688)	(38.0, 0.0010643902906317688)	(39.0, 0.0010643902906317688)	(40.0, 0.0047897563078429595)	(41.0, 0.0063863417437906135)	(42.0, 0.007982927179738267)	(43.0, 0.013304878632897109)	(44.0, 0.02767414755642599)	(45.0, 0.07397512519890793)	(46.0, 1.5721044592631226)	(47.0, 24.272356187566857)	(48.0, 7.487985694594494)	(49.0, 3.819032362786787)	(50.0, 8.276698899952635)	(51.0, 6.251164176880379)	(52.0, 0.9840288236890702)	(53.0, 8.85679160834695)	(54.0, 25.78059722939207)	(55.0, 9.273500407129285)	(56.0, 1.579555191297545)	(57.0, 0.5747707569411552)	(58.0, 0.3629570891054332)	(59.0, 0.3060122085566335)	(60.0, 0.16231951932134475)	(61.0, 0.12825903002112815)	(62.0, 0.05162292909564079)	(63.0, 0.025545366975162454)	(64.0, 0.01064390290631769)	(65.0, 0.005854146598474729)	(66.0, 0.010111707761001804)	(67.0, 0.04204341647995487)	(68.0, 0.014901464068844763)	(69.0, 0.004257561162527075)	(70.0, 0.0047897563078429595)	(71.0, 0.0031931708718953068)	(72.0, 0.0015965854359476534)	(73.0, 0.0)	(74.0, 0.0)	(75.0, 0.0)	(76.0, 0.0)	(77.0, 0.0)	(78.0, 0.0)	(79.0, 0.0)	(80.0, 0.0)	(81.0, 0.0)	(82.0, 0.0)	(83.0, 0.0)	(84.0, 0.0)	(85.0, 0.0)	(86.0, 0.0)	(87.0, 0.0)	(88.0, 0.0)	(89.0, 0.0)	(90.0, 0.0)	(91.0, 0.0)	(92.0, 0.0)	(93.0, 0.0)	(94.0, 0.0)	(95.0, 0.0)	(96.0, 0.0)	(97.0, 0.0)	(98.0, 0.0)	(99.0, 0.0)	(100.0, 0.0)
3995R_S2_L_Female_week9_S79_L001_R2_001	(0.0, 0.0)	(1.0, 0.0)	(2.0, 0.0)	(3.0, 0.0)	(4.0, 0.0)	(5.0, 0.0)	(6.0, 0.0)	(7.0, 0.0)	(8.0, 0.0)	(9.0, 0.0)	(10.0, 0.0)	(11.0, 0.0)	(12.0, 0.0)	(13.0, 0.0)	(14.0, 0.0)	(15.0, 0.0)	(16.0, 0.0)	(17.0, 0.0)	(18.0, 0.0)	(19.0, 0.0)	(20.0, 0.0)	(21.0, 0.0)	(22.0, 0.0)	(23.0, 0.0)	(24.0, 0.0)	(25.0, 0.0)	(26.0, 0.0)	(27.0, 0.0)	(28.0, 0.0)	(29.0, 0.0005358740910235731)	(30.0, 0.0)	(31.0, 0.0)	(32.0, 0.0)	(33.0, 0.0)	(34.0, 0.0)	(35.0, 0.0005358740910235731)	(36.0, 0.0005358740910235731)	(37.0, 0.0010717481820471462)	(38.0, 0.0005358740910235731)	(39.0, 0.0016076222730707192)	(40.0, 0.0048228668192121585)	(41.0, 0.005358740910235731)	(42.0, 0.007502237274330023)	(43.0, 0.01714797091275434)	(44.0, 0.026793704551178656)	(45.0, 0.03483181591653225)	(46.0, 0.08038111365353597)	(47.0, 0.4099436796330334)	(48.0, 10.853057965500426)	(49.0, 21.855088928305406)	(50.0, 4.378627197753616)	(51.0, 1.3439722202871214)	(52.0, 6.569280481857982)	(53.0, 15.691465133352267)	(54.0, 12.789706930459618)	(55.0, 5.327124338865341)	(56.0, 10.925936841879633)	(57.0, 6.520515939574838)	(58.0, 1.5406380116927727)	(59.0, 0.5455198246619974)	(60.0, 0.27543928278611657)	(61.0, 0.19880928776974563)	(62.0, 0.16397747185321337)	(63.0, 0.11253355911495036)	(64.0, 0.07234300228818237)	(65.0, 0.05626677955747518)	(66.0, 0.04447754955495657)	(67.0, 0.04608517182802729)	(68.0, 0.03804706046267369)	(69.0, 0.025186082278107935)	(70.0, 0.015004474548660046)	(71.0, 0.005894615001259304)	(72.0, 0.0005358740910235731)	(73.0, 0.0)	(74.0, 0.0016076222730707192)	(75.0, 0.0010717481820471462)	(76.0, 0.0)	(77.0, 0.0)	(78.0, 0.0005358740910235731)	(79.0, 0.0021434963640942924)	(80.0, 0.0005358740910235731)	(81.0, 0.0)	(82.0, 0.0010717481820471462)	(83.0, 0.0)	(84.0, 0.0005358740910235731)	(85.0, 0.0)	(86.0, 0.0005358740910235731)	(87.0, 0.0)	(88.0, 0.0)	(89.0, 0.0)	(90.0, 0.0016076222730707192)	(91.0, 0.0016076222730707192)	(92.0, 0.0)	(93.0, 0.0)	(94.0, 0.0)	(95.0, 0.0005358740910235731)	(96.0, 0.0)	(97.0, 0.0005358740910235731)	(98.0, 0.0005358740910235731)	(99.0, 0.0)	(100.0, 0.0)
3995R_S2_RR_Female_week5_S67_L001_R1_001	(0.0, 0.0)	(1.0, 0.0)	(2.0, 0.0)	(3.0, 0.0)	(4.0, 0.0)	(5.0, 0.0)	(6.0, 0.0)	(7.0, 0.0)	(8.0, 0.0)	(9.0, 0.0)	(10.0, 0.0)	(11.0, 0.0)	(12.0, 0.0)	(13.0, 0.0)	(14.0, 0.0)	(15.0, 0.0)	(16.0, 0.0)	(17.0, 0.0)	(18.0, 0.0)	(19.0, 0.0)	(20.0, 0.0)	(21.0, 0.0)	(22.0, 0.0)	(23.0, 0.0)	(24.0, 0.0)	(25.0, 0.0)	(26.0, 0.0)	(27.0, 0.0)	(28.0, 0.0)	(29.0, 0.0)	(30.0, 0.0)	(31.0, 0.0)	(32.0, 0.0)	(33.0, 0.0)	(34.0, 0.0)	(35.0, 0.0)	(36.0, 0.0)	(37.0, 0.0013018968637304553)	(38.0, 0.0006509484318652277)	(39.0, 0.0006509484318652277)	(40.0, 0.0006509484318652277)	(41.0, 0.0006509484318652277)	(42.0, 0.0045566390230565934)	(43.0, 0.005207587454921821)	(44.0, 0.009113278046113187)	(45.0, 0.035802163752587525)	(46.0, 1.020687141164677)	(47.0, 25.324497793284817)	(48.0, 7.841324810248532)	(49.0, 2.596633294710393)	(50.0, 5.730299045709599)	(51.0, 4.2005702308263135)	(52.0, 0.5871554855424354)	(53.0, 5.871554855424353)	(54.0, 30.48196221895301)	(55.0, 12.714975719623492)	(56.0, 1.540794938224994)	(57.0, 0.5786931559281874)	(58.0, 0.3033419692491961)	(59.0, 0.492117014490112)	(60.0, 0.2564736821548997)	(61.0, 0.19788832328702918)	(62.0, 0.05988725573160094)	(63.0, 0.035802163752587525)	(64.0, 0.013018968637304553)	(65.0, 0.009113278046113187)	(66.0, 0.011717071773574098)	(67.0, 0.050773977685487755)	(68.0, 0.014320865501035007)	(69.0, 0.0032547421593261384)	(70.0, 0.003905690591191366)	(71.0, 0.0)	(72.0, 0.0006509484318652277)	(73.0, 0.0)	(74.0, 0.0)	(75.0, 0.0)	(76.0, 0.0)	(77.0, 0.0)	(78.0, 0.0)	(79.0, 0.0)	(80.0, 0.0)	(81.0, 0.0)	(82.0, 0.0)	(83.0, 0.0)	(84.0, 0.0)	(85.0, 0.0)	(86.0, 0.0)	(87.0, 0.0)	(88.0, 0.0)	(89.0, 0.0)	(90.0, 0.0)	(91.0, 0.0)	(92.0, 0.0)	(93.0, 0.0)	(94.0, 0.0)	(95.0, 0.0)	(96.0, 0.0)	(97.0, 0.0)	(98.0, 0.0)	(99.0, 0.0)	(100.0, 0.0)
3995R_S2_RR_Female_week5_S67_L001_R2_001	(0.0, 0.0)	(1.0, 0.0)	(2.0, 0.0)	(3.0, 0.0)	(4.0, 0.0)	(5.0, 0.0)	(6.0, 0.0)	(7.0, 0.0)	(8.0, 0.0)	(9.0, 0.0)	(10.0, 0.0)	(11.0, 0.0)	(12.0, 0.0)	(13.0, 0.0)	(14.0, 0.0)	(15.0, 0.0)	(16.0, 0.0)	(17.0, 0.0)	(18.0, 0.0)	(19.0, 0.0)	(20.0, 0.0)	(21.0, 0.0)	(22.0, 0.0)	(23.0, 0.0)	(24.0, 0.0)	(25.0, 0.0)	(26.0, 0.0)	(27.0, 0.0)	(28.0, 0.0)	(29.0, 0.0)	(30.0, 0.0)	(31.0, 0.0)	(32.0, 0.0)	(33.0, 0.0)	(34.0, 0.0)	(35.0, 0.0)	(36.0, 0.001303661986520135)	(37.0, 0.0019554929797802024)	(38.0, 0.0019554929797802024)	(39.0, 0.004562816952820473)	(40.0, 0.003910985959560405)	(41.0, 0.003259154966300338)	(42.0, 0.003910985959560405)	(43.0, 0.009125633905640945)	(44.0, 0.013036619865201353)	(45.0, 0.022162253770842296)	(46.0, 0.04236901456190439)	(47.0, 0.21771155174886256)	(48.0, 6.942000078219719)	(49.0, 23.5382689976143)	(50.0, 5.740023726648155)	(51.0, 1.1791622668074622)	(52.0, 3.507502574732423)	(53.0, 9.046110524463218)	(54.0, 10.009516732501597)	(55.0, 6.0079262648780425)	(56.0, 16.971723571512378)	(57.0, 11.39335393119272)	(58.0, 2.7996141160519903)	(59.0, 0.9744873349238009)	(60.0, 0.4262974695920842)	(61.0, 0.30701239782549183)	(62.0, 0.212496903802782)	(63.0, 0.15904676235545648)	(64.0, 0.09973014196879032)	(65.0, 0.07300507124512756)	(66.0, 0.06648676131252688)	(67.0, 0.0743087332316477)	(68.0, 0.06583493031926682)	(69.0, 0.027376901716922836)	(70.0, 0.020206760791062095)	(71.0, 0.012384788871941282)	(72.0, 0.003910985959560405)	(73.0, 0.003259154966300338)	(74.0, 0.0019554929797802024)	(75.0, 0.001303661986520135)	(76.0, 0.0006518309932600675)	(77.0, 0.0)	(78.0, 0.0006518309932600675)	(79.0, 0.0006518309932600675)	(80.0, 0.0)	(81.0, 0.0006518309932600675)	(82.0, 0.0)	(83.0, 0.0)	(84.0, 0.0006518309932600675)	(85.0, 0.0)	(86.0, 0.0019554929797802024)	(87.0, 0.0006518309932600675)	(88.0, 0.0006518309932600675)	(89.0, 0.0006518309932600675)	(90.0, 0.0006518309932600675)	(91.0, 0.0)	(92.0, 0.0)	(93.0, 0.0)	(94.0, 0.0)	(95.0, 0.0)	(96.0, 0.001303661986520135)	(97.0, 0.0006518309932600675)	(98.0, 0.0)	(99.0, 0.0006518309932600675)	(100.0, 0.0)
3995R_S2_RR_Female_week9_S81_L001_R1_001	(0.0, 0.0)	(1.0, 0.0)	(2.0, 0.0)	(3.0, 0.0)	(4.0, 0.0)	(5.0, 0.0)	(6.0, 0.0)	(7.0, 0.0)	(8.0, 0.0)	(9.0, 0.0)	(10.0, 0.0)	(11.0, 0.0)	(12.0, 0.0)	(13.0, 0.0)	(14.0, 0.0)	(15.0, 0.0)	(16.0, 0.0)	(17.0, 0.0)	(18.0, 0.0)	(19.0, 0.0)	(20.0, 0.0)	(21.0, 0.0)	(22.0, 0.0)	(23.0, 0.0)	(24.0, 0.0)	(25.0, 0.0)	(26.0, 0.0)	(27.0, 0.0)	(28.0, 0.0)	(29.0, 0.0)	(30.0, 0.0)	(31.0, 0.0)	(32.0, 0.0)	(33.0, 0.0)	(34.0, 0.0)	(35.0, 0.0)	(36.0, 0.0)	(37.0, 0.0003461956559369093)	(38.0, 0.0003461956559369093)	(39.0, 0.0003461956559369093)	(40.0, 0.0006923913118738186)	(41.0, 0.001038586967810728)	(42.0, 0.002423369591558365)	(43.0, 0.00484673918311673)	(44.0, 0.01661739148497165)	(45.0, 0.052621739702410214)	(46.0, 1.629889148150969)	(47.0, 20.91021761858932)	(48.0, 6.383155504164733)	(49.0, 2.4749527442929646)	(50.0, 5.7143054968946245)	(51.0, 4.407416895732792)	(52.0, 0.6958532684331876)	(53.0, 7.693506061885936)	(54.0, 33.88736178138437)	(55.0, 12.639603398256558)	(56.0, 1.500411972830565)	(57.0, 0.6044576152658436)	(58.0, 0.35450435167939515)	(59.0, 0.3995097869511933)	(60.0, 0.23887500259646743)	(61.0, 0.18382989330249883)	(62.0, 0.05608369626177931)	(63.0, 0.02527228288339438)	(64.0, 0.012809239269665644)	(65.0, 0.00969347836623346)	(66.0, 0.0148864132052871)	(67.0, 0.06093043544489604)	(68.0, 0.016271195829034735)	(69.0, 0.003461956559369093)	(70.0, 0.002077173935621456)	(71.0, 0.001038586967810728)	(72.0, 0.0)	(73.0, 0.0)	(74.0, 0.0)	(75.0, 0.0)	(76.0, 0.0)	(77.0, 0.0)	(78.0, 0.0)	(79.0, 0.0003461956559369093)	(80.0, 0.0)	(81.0, 0.0)	(82.0, 0.0)	(83.0, 0.0)	(84.0, 0.0)	(85.0, 0.0)	(86.0, 0.0)	(87.0, 0.0)	(88.0, 0.0)	(89.0, 0.0)	(90.0, 0.0)	(91.0, 0.0)	(92.0, 0.0)	(93.0, 0.0)	(94.0, 0.0)	(95.0, 0.0)	(96.0, 0.0)	(97.0, 0.0)	(98.0, 0.0)	(99.0, 0.0)	(100.0, 0.0)
3995R_S2_RR_Female_week9_S81_L001_R2_001	(0.0, 0.0)	(1.0, 0.0)	(2.0, 0.0)	(3.0, 0.0)	(4.0, 0.0)	(5.0, 0.0)	(6.0, 0.0)	(7.0, 0.0)	(8.0, 0.0)	(9.0, 0.0)	(10.0, 0.0)	(11.0, 0.0)	(12.0, 0.0)	(13.0, 0.0)	(14.0, 0.0)	(15.0, 0.0)	(16.0, 0.0)	(17.0, 0.0)	(18.0, 0.0)	(19.0, 0.0)	(20.0, 0.0)	(21.0, 0.0)	(22.0, 0.0)	(23.0, 0.0)	(24.0, 0.0)	(25.0, 0.0)	(26.0, 0.0)	(27.0, 0.0)	(28.0, 0.0)	(29.0, 0.0)	(30.0, 0.0)	(31.0, 0.0)	(32.0, 0.0)	(33.0, 0.0)	(34.0, 0.0)	(35.0, 0.0)	(36.0, 0.0)	(37.0, 0.0013856172925038105)	(38.0, 0.002078425938755716)	(39.0, 0.004503256200637384)	(40.0, 0.004503256200637384)	(41.0, 0.0065816821393931005)	(42.0, 0.006235277816267147)	(43.0, 0.008660108078148815)	(44.0, 0.018359429125675487)	(45.0, 0.024941111265068587)	(46.0, 0.05438547873077455)	(47.0, 0.3768879035610364)	(48.0, 10.322848829153388)	(49.0, 18.199043924068175)	(50.0, 3.291187474019676)	(51.0, 0.841069696549813)	(52.0, 4.596092559235139)	(53.0, 10.76174310655397)	(54.0, 9.940764860745462)	(55.0, 6.659623112096439)	(56.0, 18.614036303173066)	(57.0, 11.321878897048634)	(58.0, 2.6576139670223085)	(59.0, 0.840030483580435)	(60.0, 0.3820839684079257)	(61.0, 0.26603852016073165)	(62.0, 0.22169876680060968)	(63.0, 0.1468754330054039)	(64.0, 0.10115006235277815)	(65.0, 0.06824165165581265)	(66.0, 0.053346265761396706)	(67.0, 0.05958154357766385)	(68.0, 0.05958154357766385)	(69.0, 0.03567964528197312)	(70.0, 0.015588194540667866)	(71.0, 0.008660108078148815)	(72.0, 0.002771234585007621)	(73.0, 0.0017320216156297631)	(74.0, 0.002078425938755716)	(75.0, 0.002078425938755716)	(76.0, 0.001039212969377858)	(77.0, 0.0006928086462519052)	(78.0, 0.0017320216156297631)	(79.0, 0.0013856172925038105)	(80.0, 0.001039212969377858)	(81.0, 0.0006928086462519052)	(82.0, 0.001039212969377858)	(83.0, 0.0)	(84.0, 0.0003464043231259526)	(85.0, 0.0003464043231259526)	(86.0, 0.001039212969377858)	(87.0, 0.001039212969377858)	(88.0, 0.0006928086462519052)	(89.0, 0.0006928086462519052)	(90.0, 0.0003464043231259526)	(91.0, 0.0003464043231259526)	(92.0, 0.0006928086462519052)	(93.0, 0.001039212969377858)	(94.0, 0.001039212969377858)	(95.0, 0.0006928086462519052)	(96.0, 0.0)	(97.0, 0.0003464043231259526)	(98.0, 0.0)	(99.0, 0.0006928086462519052)	(100.0, 0.0013856172925038105)
3995R_S2_R_Female_week5_S66_L001_R1_001	(0.0, 0.0)	(1.0, 0.0)	(2.0, 0.0)	(3.0, 0.0)	(4.0, 0.0)	(5.0, 0.0)	(6.0, 0.0)	(7.0, 0.0)	(8.0, 0.0)	(9.0, 0.0)	(10.0, 0.0)	(11.0, 0.0)	(12.0, 0.0)	(13.0, 0.0)	(14.0, 0.0)	(15.0, 0.0)	(16.0, 0.0)	(17.0, 0.0)	(18.0, 0.0)	(19.0, 0.0)	(20.0, 0.0)	(21.0, 0.0)	(22.0, 0.0)	(23.0, 0.0)	(24.0, 0.0)	(25.0, 0.0)	(26.0, 0.0)	(27.0, 0.0)	(28.0, 0.0)	(29.0, 0.0)	(30.0, 0.0)	(31.0, 0.0)	(32.0, 0.0)	(33.0, 0.0)	(34.0, 0.0)	(35.0, 0.001366736370221548)	(36.0, 0.002050104555332322)	(37.0, 0.0)	(38.0, 0.0)	(39.0, 0.002050104555332322)	(40.0, 0.002050104555332322)	(41.0, 0.005466945480886192)	(42.0, 0.006150313665996966)	(43.0, 0.011617259146883158)	(44.0, 0.021184413738433994)	(45.0, 0.08337091858351442)	(46.0, 1.2765317697869256)	(47.0, 22.190331706917053)	(48.0, 6.857599737586617)	(49.0, 2.6528352946000244)	(50.0, 5.240067243429415)	(51.0, 3.9197999097953997)	(52.0, 0.7968073038391624)	(53.0, 5.8427979826971175)	(54.0, 32.375934505993136)	(55.0, 14.058250304098843)	(56.0, 1.934615332048601)	(57.0, 0.7489715308814083)	(58.0, 0.45854005220932936)	(59.0, 0.6806347123703309)	(60.0, 0.36423524266404256)	(61.0, 0.24737928301010018)	(62.0, 0.08337091858351442)	(63.0, 0.043735563847089536)	(64.0, 0.01708420462776935)	(65.0, 0.01366736370221548)	(66.0, 0.014350731887326253)	(67.0, 0.02938483195976328)	(68.0, 0.009567154591550836)	(69.0, 0.00341684092555387)	(70.0, 0.001366736370221548)	(71.0, 0.001366736370221548)	(72.0, 0.001366736370221548)	(73.0, 0.0)	(74.0, 0.0)	(75.0, 0.0)	(76.0, 0.0)	(77.0, 0.0)	(78.0, 0.0)	(79.0, 0.0)	(80.0, 0.0)	(81.0, 0.0)	(82.0, 0.0)	(83.0, 0.0)	(84.0, 0.0)	(85.0, 0.0)	(86.0, 0.0)	(87.0, 0.000683368185110774)	(88.0, 0.0)	(89.0, 0.0)	(90.0, 0.0)	(91.0, 0.0)	(92.0, 0.0)	(93.0, 0.0)	(94.0, 0.0)	(95.0, 0.0)	(96.0, 0.0)	(97.0, 0.0)	(98.0, 0.0)	(99.0, 0.0)	(100.0, 0.0)
3995R_S2_R_Female_week5_S66_L001_R2_001	(0.0, 0.0)	(1.0, 0.0)	(2.0, 0.0)	(3.0, 0.0)	(4.0, 0.0)	(5.0, 0.0)	(6.0, 0.0)	(7.0, 0.0)	(8.0, 0.0)	(9.0, 0.0)	(10.0, 0.0)	(11.0, 0.0)	(12.0, 0.0)	(13.0, 0.0)	(14.0, 0.0)	(15.0, 0.0)	(16.0, 0.0)	(17.0, 0.0)	(18.0, 0.0)	(19.0, 0.0)	(20.0, 0.0)	(21.0, 0.0)	(22.0, 0.0)	(23.0, 0.0)	(24.0, 0.0)	(25.0, 0.0)	(26.0, 0.0)	(27.0, 0.0)	(28.0, 0.0)	(29.0, 0.0)	(30.0, 0.0)	(31.0, 0.0)	(32.0, 0.0)	(33.0, 0.0)	(34.0, 0.0)	(35.0, 0.0)	(36.0, 0.0)	(37.0, 0.0006805745864375096)	(38.0, 0.0013611491728750193)	(39.0, 0.005444596691500077)	(40.0, 0.007486320450812607)	(41.0, 0.010208618796562645)	(42.0, 0.005444596691500077)	(43.0, 0.012250342555875175)	(44.0, 0.02177838676600031)	(45.0, 0.03607045308118801)	(46.0, 0.04764022105062568)	(47.0, 0.23411765773450333)	(48.0, 7.375386793223293)	(49.0, 20.694231449805358)	(50.0, 4.472055607480876)	(51.0, 0.9024419016161378)	(52.0, 3.400150633841798)	(53.0, 9.15781163510313)	(54.0, 10.577490222411775)	(55.0, 6.278300559886027)	(56.0, 18.79134490612608)	(57.0, 11.995807660547547)	(58.0, 2.9543742797252297)	(59.0, 1.0991279570965782)	(60.0, 0.5308481774212576)	(61.0, 0.34981533742888)	(62.0, 0.27495213292075393)	(63.0, 0.20757524886344045)	(64.0, 0.1544904311213147)	(65.0, 0.10208618796562646)	(66.0, 0.08439124871825121)	(67.0, 0.06601573488443843)	(68.0, 0.06125171277937587)	(69.0, 0.032667580149000466)	(70.0, 0.01837551383381276)	(71.0, 0.009528044210125135)	(72.0, 0.005444596691500077)	(73.0, 0.0027222983457500386)	(74.0, 0.0027222983457500386)	(75.0, 0.003402872932187548)	(76.0, 0.0013611491728750193)	(77.0, 0.0006805745864375096)	(78.0, 0.002041723759312529)	(79.0, 0.0006805745864375096)	(80.0, 0.0006805745864375096)	(81.0, 0.0)	(82.0, 0.0)	(83.0, 0.0)	(84.0, 0.0)	(85.0, 0.0)	(86.0, 0.0)	(87.0, 0.0)	(88.0, 0.0006805745864375096)	(89.0, 0.0006805745864375096)	(90.0, 0.0)	(91.0, 0.0013611491728750193)	(92.0, 0.0013611491728750193)	(93.0, 0.0006805745864375096)	(94.0, 0.0)	(95.0, 0.0)	(96.0, 0.0)	(97.0, 0.0)	(98.0, 0.0)	(99.0, 0.0006805745864375096)	(100.0, 0.0018148655638333593)
3995R_S2_R_Female_week9_S80_L001_R1_001	(0.0, 0.0)	(1.0, 0.0)	(2.0, 0.0)	(3.0, 0.0)	(4.0, 0.0)	(5.0, 0.0)	(6.0, 0.0)	(7.0, 0.0)	(8.0, 0.0)	(9.0, 0.0)	(10.0, 0.0)	(11.0, 0.0)	(12.0, 0.0)	(13.0, 0.0)	(14.0, 0.0)	(15.0, 0.0)	(16.0, 0.0)	(17.0, 0.0)	(18.0, 0.0)	(19.0, 0.0)	(20.0, 0.0)	(21.0, 0.0)	(22.0, 0.0)	(23.0, 0.0)	(24.0, 0.0)	(25.0, 0.0)	(26.0, 0.0)	(27.0, 0.0)	(28.0, 0.0)	(29.0, 0.0)	(30.0, 0.0)	(31.0, 0.0)	(32.0, 0.0)	(33.0, 0.0)	(34.0, 0.0003807420662871937)	(35.0, 0.0)	(36.0, 0.0003807420662871937)	(37.0, 0.0)	(38.0, 0.0007614841325743874)	(39.0, 0.0019037103314359686)	(40.0, 0.0026651944640103562)	(41.0, 0.0022844523977231627)	(42.0, 0.005711130994307906)	(43.0, 0.009899293723467036)	(44.0, 0.015991166784062136)	(45.0, 0.06320318300367417)	(46.0, 1.4654762131394086)	(47.0, 19.171886005825353)	(48.0, 5.421386281863351)	(49.0, 2.3830645928915457)	(50.0, 5.5477926478707005)	(51.0, 4.215956899998096)	(52.0, 0.7062765329627444)	(53.0, 9.34531401701917)	(54.0, 34.941080165242056)	(55.0, 12.334900721506216)	(56.0, 1.8366997277694224)	(57.0, 0.7005654019684364)	(58.0, 0.42186220944621067)	(59.0, 0.5440804127243999)	(60.0, 0.3179196253498068)	(61.0, 0.21588075158483883)	(62.0, 0.07614841325743875)	(63.0, 0.03769346456243218)	(64.0, 0.01941784538064688)	(65.0, 0.010660777856041425)	(66.0, 0.026271202573816366)	(67.0, 0.11117668335586058)	(68.0, 0.025128976374954783)	(69.0, 0.010660777856041425)	(70.0, 0.005711130994307906)	(71.0, 0.0022844523977231627)	(72.0, 0.0011422261988615814)	(73.0, 0.0003807420662871937)	(74.0, 0.0)	(75.0, 0.0)	(76.0, 0.0)	(77.0, 0.0)	(78.0, 0.0)	(79.0, 0.0)	(80.0, 0.0)	(81.0, 0.0)	(82.0, 0.0)	(83.0, 0.0)	(84.0, 0.0)	(85.0, 0.0)	(86.0, 0.0)	(87.0, 0.0)	(88.0, 0.0)	(89.0, 0.0)	(90.0, 0.0)	(91.0, 0.0)	(92.0, 0.0)	(93.0, 0.0)	(94.0, 0.0)	(95.0, 0.0)	(96.0, 0.0)	(97.0, 0.0)	(98.0, 0.0)	(99.0, 0.0)	(100.0, 0.0)
3995R_S2_R_Female_week9_S80_L001_R2_001	(0.0, 0.0)	(1.0, 0.0)	(2.0, 0.0)	(3.0, 0.0)	(4.0, 0.0)	(5.0, 0.0)	(6.0, 0.0)	(7.0, 0.0)	(8.0, 0.0)	(9.0, 0.0)	(10.0, 0.0)	(11.0, 0.0)	(12.0, 0.0)	(13.0, 0.0)	(14.0, 0.0)	(15.0, 0.0)	(16.0, 0.0)	(17.0, 0.0)	(18.0, 0.0)	(19.0, 0.0)	(20.0, 0.0)	(21.0, 0.0)	(22.0, 0.0)	(23.0, 0.0)	(24.0, 0.0)	(25.0, 0.0)	(26.0, 0.0)	(27.0, 0.0)	(28.0, 0.0)	(29.0, 0.0)	(30.0, 0.0)	(31.0, 0.0)	(32.0, 0.00038119440914866586)	(33.0, 0.0)	(34.0, 0.0)	(35.0, 0.00038119440914866586)	(36.0, 0.0011435832274459975)	(37.0, 0.0015247776365946634)	(38.0, 0.0019059720457433294)	(39.0, 0.0019059720457433294)	(40.0, 0.005717916137229988)	(41.0, 0.008005082592121982)	(42.0, 0.007623888182973318)	(43.0, 0.0167725540025413)	(44.0, 0.028589580686149935)	(45.0, 0.03621346886912326)	(46.0, 0.06747141041931386)	(47.0, 0.35794155019059726)	(48.0, 9.280559085133419)	(49.0, 16.310546378653115)	(50.0, 3.404447268106735)	(51.0, 1.2015247776365947)	(52.0, 6.585514612452351)	(53.0, 13.224015247776366)	(54.0, 9.506226175349429)	(55.0, 6.040787801778907)	(56.0, 17.20902160101652)	(57.0, 11.067217280813216)	(58.0, 2.848284625158831)	(59.0, 1.00864040660737)	(60.0, 0.4498094027954257)	(61.0, 0.32325285895806866)	(62.0, 0.2519695044472681)	(63.0, 0.16696315120711566)	(64.0, 0.13151207115628974)	(65.0, 0.09339263024142314)	(66.0, 0.0770012706480305)	(67.0, 0.08576874205844982)	(68.0, 0.09186785260482846)	(69.0, 0.045362134688691234)	(70.0, 0.02096569250317662)	(71.0, 0.011435832274459976)	(72.0, 0.005717916137229988)	(73.0, 0.002668360864040661)	(74.0, 0.002287166454891995)	(75.0, 0.002668360864040661)	(76.0, 0.0019059720457433294)	(77.0, 0.0015247776365946634)	(78.0, 0.0015247776365946634)	(79.0, 0.00038119440914866586)	(80.0, 0.0)	(81.0, 0.0007623888182973317)	(82.0, 0.0015247776365946634)	(83.0, 0.00038119440914866586)	(84.0, 0.0015247776365946634)	(85.0, 0.0011435832274459975)	(86.0, 0.0007623888182973317)	(87.0, 0.00038119440914866586)	(88.0, 0.0)	(89.0, 0.0)	(90.0, 0.0)	(91.0, 0.0007623888182973317)	(92.0, 0.00038119440914866586)	(93.0, 0.0)	(94.0, 0.0)	(95.0, 0.0)	(96.0, 0.0011435832274459975)	(97.0, 0.0)	(98.0, 0.0)	(99.0, 0.00038119440914866586)	(100.0, 0.0005082592121982211)
3997R_S2_L_Male_week5_S73_L001_R1_001	(0.0, 0.0)	(1.0, 0.0)	(2.0, 0.0)	(3.0, 0.0)	(4.0, 0.0)	(5.0, 0.0)	(6.0, 0.0)	(7.0, 0.0)	(8.0, 0.0)	(9.0, 0.0)	(10.0, 0.0)	(11.0, 0.0)	(12.0, 0.0)	(13.0, 0.0)	(14.0, 0.0)	(15.0, 0.0)	(16.0, 0.0)	(17.0, 0.0)	(18.0, 0.0)	(19.0, 0.0)	(20.0, 0.0)	(21.0, 0.0)	(22.0, 0.0)	(23.0, 0.0)	(24.0, 0.0)	(25.0, 0.0)	(26.0, 0.0)	(27.0, 0.0)	(28.0, 0.0)	(29.0, 0.0)	(30.0, 0.0)	(31.0, 0.0)	(32.0, 0.0)	(33.0, 0.0)	(34.0, 0.0)	(35.0, 0.0)	(36.0, 0.0014011685745912092)	(37.0, 0.0007005842872956046)	(38.0, 0.0014011685745912092)	(39.0, 0.002101752861886814)	(40.0, 0.0014011685745912092)	(41.0, 0.0035029214364780225)	(42.0, 0.008407011447547255)	(43.0, 0.012610517171320881)	(44.0, 0.021017528618868138)	(45.0, 0.0623520015693088)	(46.0, 1.3458224158948564)	(47.0, 33.57059787863078)	(48.0, 10.784093934341241)	(49.0, 3.3242724432176436)	(50.0, 6.620521514943463)	(51.0, 4.628760386162059)	(52.0, 0.7391164230968628)	(53.0, 4.789894772240048)	(54.0, 21.40074822401883)	(55.0, 9.707295884767897)	(56.0, 1.2799674928890694)	(57.0, 0.5016183497036528)	(58.0, 0.31596351357031766)	(59.0, 0.4126441452171111)	(60.0, 0.19826535330465608)	(61.0, 0.1555297117796242)	(62.0, 0.050442068685283524)	(63.0, 0.022418697193459347)	(64.0, 0.01681402289509451)	(65.0, 0.005604674298364837)	(66.0, 0.004203505723773628)	(67.0, 0.005604674298364837)	(68.0, 0.002101752861886814)	(69.0, 0.002101752861886814)	(70.0, 0.0007005842872956046)	(71.0, 0.0)	(72.0, 0.0)	(73.0, 0.0)	(74.0, 0.0)	(75.0, 0.0)	(76.0, 0.0)	(77.0, 0.0)	(78.0, 0.0)	(79.0, 0.0)	(80.0, 0.0)	(81.0, 0.0)	(82.0, 0.0)	(83.0, 0.0)	(84.0, 0.0)	(85.0, 0.0)	(86.0, 0.0)	(87.0, 0.0)	(88.0, 0.0)	(89.0, 0.0)	(90.0, 0.0)	(91.0, 0.0)	(92.0, 0.0)	(93.0, 0.0)	(94.0, 0.0)	(95.0, 0.0)	(96.0, 0.0)	(97.0, 0.0)	(98.0, 0.0)	(99.0, 0.0)	(100.0, 0.0)
3997R_S2_L_Male_week5_S73_L001_R2_001	(0.0, 0.0)	(1.0, 0.0)	(2.0, 0.0)	(3.0, 0.0)	(4.0, 0.0)	(5.0, 0.0)	(6.0, 0.0006985711890613066)	(7.0, 0.0006985711890613066)	(8.0, 0.0)	(9.0, 0.0)	(10.0, 0.0)	(11.0, 0.0)	(12.0, 0.0)	(13.0, 0.0)	(14.0, 0.0)	(15.0, 0.0)	(16.0, 0.0)	(17.0, 0.0)	(18.0, 0.0)	(19.0, 0.0)	(20.0, 0.0)	(21.0, 0.0)	(22.0, 0.0)	(23.0, 0.0)	(24.0, 0.0006985711890613066)	(25.0, 0.0)	(26.0, 0.0)	(27.0, 0.0)	(28.0, 0.0)	(29.0, 0.0)	(30.0, 0.0)	(31.0, 0.0)	(32.0, 0.0006985711890613066)	(33.0, 0.0006985711890613066)	(34.0, 0.0)	(35.0, 0.0006985711890613066)	(36.0, 0.0006985711890613066)	(37.0, 0.0)	(38.0, 0.0013971423781226132)	(39.0, 0.0027942847562452263)	(40.0, 0.003492855945306533)	(41.0, 0.009779996646858292)	(42.0, 0.005588569512490453)	(43.0, 0.013272852592164826)	(44.0, 0.027942847562452265)	(45.0, 0.034928559453065326)	(46.0, 0.06147426463739497)	(47.0, 0.23960991784802815)	(48.0, 8.846006967083325)	(49.0, 31.579609172705425)	(50.0, 7.554348838508969)	(51.0, 1.3223952608930534)	(52.0, 3.4586259570425284)	(53.0, 9.70874238557404)	(54.0, 11.300786125444755)	(55.0, 4.746791229671578)	(56.0, 10.770570592947225)	(57.0, 6.78522195935247)	(58.0, 1.7576051116782472)	(59.0, 0.6531640617723217)	(60.0, 0.2850170451370131)	(61.0, 0.21865278217618897)	(62.0, 0.19629850412622712)	(63.0, 0.11945567332948342)	(64.0, 0.08033568674205026)	(65.0, 0.06287140701551759)	(66.0, 0.048899983234291455)	(67.0, 0.031435703507758796)	(68.0, 0.02235427804996181)	(69.0, 0.013272852592164826)	(70.0, 0.011177139024980905)	(71.0, 0.005588569512490453)	(72.0, 0.0020957135671839195)	(73.0, 0.0006985711890613066)	(74.0, 0.0013971423781226132)	(75.0, 0.0006985711890613066)	(76.0, 0.0)	(77.0, 0.0)	(78.0, 0.0)	(79.0, 0.0)	(80.0, 0.0006985711890613066)	(81.0, 0.0020957135671839195)	(82.0, 0.0006985711890613066)	(83.0, 0.0006985711890613066)	(84.0, 0.0006985711890613066)	(85.0, 0.0006985711890613066)	(86.0, 0.0)	(87.0, 0.0013971423781226132)	(88.0, 0.0013971423781226132)	(89.0, 0.0)	(90.0, 0.0006985711890613066)	(91.0, 0.0)	(92.0, 0.0)	(93.0, 0.0)	(94.0, 0.0)	(95.0, 0.0)	(96.0, 0.0)	(97.0, 0.0006985711890613066)	(98.0, 0.0)	(99.0, 0.0)	(100.0, 0.0009314282520817421)
3997R_S2_L_Male_week9_S87_L001_R1_001	(0.0, 0.0)	(1.0, 0.0)	(2.0, 0.0)	(3.0, 0.0)	(4.0, 0.0)	(5.0, 0.0)	(6.0, 0.0)	(7.0, 0.0)	(8.0, 0.0)	(9.0, 0.0)	(10.0, 0.0)	(11.0, 0.0)	(12.0, 0.0)	(13.0, 0.0)	(14.0, 0.0)	(15.0, 0.0)	(16.0, 0.0)	(17.0, 0.0)	(18.0, 0.0)	(19.0, 0.0)	(20.0, 0.0)	(21.0, 0.0)	(22.0, 0.0)	(23.0, 0.0)	(24.0, 0.0)	(25.0, 0.0)	(26.0, 0.0)	(27.0, 0.0)	(28.0, 0.0)	(29.0, 0.0)	(30.0, 0.0)	(31.0, 0.0)	(32.0, 0.0)	(33.0, 0.0)	(34.0, 0.0)	(35.0, 0.0)	(36.0, 0.0)	(37.0, 0.0)	(38.0, 0.0003788079670891638)	(39.0, 0.0007576159341783276)	(40.0, 0.001894039835445819)	(41.0, 0.0003788079670891638)	(42.0, 0.0034092717038024744)	(43.0, 0.007197351374694113)	(44.0, 0.014015894782299062)	(45.0, 0.05113907555703712)	(46.0, 1.7012265801974347)	(47.0, 24.96647549491261)	(48.0, 7.791322267089922)	(49.0, 3.8168690763904145)	(50.0, 8.285666664141282)	(51.0, 6.248437417135757)	(52.0, 0.9663391240444569)	(53.0, 8.68417264551908)	(54.0, 25.672194737599725)	(55.0, 8.915245505443469)	(56.0, 1.2315047010068716)	(57.0, 0.5049510201298554)	(58.0, 0.28940928685612116)	(59.0, 0.3181986923548976)	(60.0, 0.19622252695218687)	(61.0, 0.16478146568378627)	(62.0, 0.0534119233595721)	(63.0, 0.023107285992438994)	(64.0, 0.012121854946853241)	(65.0, 0.006818543407604949)	(66.0, 0.010606623078496587)	(67.0, 0.04621457198487799)	(68.0, 0.009849007144318259)	(69.0, 0.0026516557696241467)	(70.0, 0.001894039835445819)	(71.0, 0.0007576159341783276)	(72.0, 0.0003788079670891638)	(73.0, 0.0)	(74.0, 0.0)	(75.0, 0.0)	(76.0, 0.0)	(77.0, 0.0)	(78.0, 0.0)	(79.0, 0.0)	(80.0, 0.0)	(81.0, 0.0)	(82.0, 0.0)	(83.0, 0.0)	(84.0, 0.0)	(85.0, 0.0)	(86.0, 0.0)	(87.0, 0.0)	(88.0, 0.0)	(89.0, 0.0)	(90.0, 0.0)	(91.0, 0.0)	(92.0, 0.0)	(93.0, 0.0)	(94.0, 0.0)	(95.0, 0.0)	(96.0, 0.0)	(97.0, 0.0)	(98.0, 0.0)	(99.0, 0.0)	(100.0, 0.0)
3997R_S2_L_Male_week9_S87_L001_R2_001	(0.0, 0.0)	(1.0, 0.0)	(2.0, 0.0)	(3.0, 0.0)	(4.0, 0.0)	(5.0, 0.0)	(6.0, 0.0)	(7.0, 0.0)	(8.0, 0.0)	(9.0, 0.0)	(10.0, 0.0)	(11.0, 0.0)	(12.0, 0.0)	(13.0, 0.0)	(14.0, 0.0)	(15.0, 0.0)	(16.0, 0.0)	(17.0, 0.0)	(18.0, 0.0)	(19.0, 0.0)	(20.0, 0.0)	(21.0, 0.0)	(22.0, 0.0)	(23.0, 0.0)	(24.0, 0.0)	(25.0, 0.0)	(26.0, 0.0)	(27.0, 0.0)	(28.0, 0.0003809959233436202)	(29.0, 0.0)	(30.0, 0.0003809959233436202)	(31.0, 0.0)	(32.0, 0.0)	(33.0, 0.0)	(34.0, 0.0)	(35.0, 0.0)	(36.0, 0.0007619918466872404)	(37.0, 0.0011429877700308607)	(38.0, 0.001523983693374481)	(39.0, 0.0011429877700308607)	(40.0, 0.003809959233436202)	(41.0, 0.008000914390216024)	(42.0, 0.010667885853621367)	(43.0, 0.01790680839715015)	(44.0, 0.03352764125423858)	(45.0, 0.04686249857126529)	(46.0, 0.09105802567912523)	(47.0, 0.4488131976987846)	(48.0, 10.81876023926544)	(49.0, 22.13853011772774)	(50.0, 4.789118756429307)	(51.0, 1.326246809159142)	(52.0, 5.86200327656494)	(53.0, 15.000571493885015)	(54.0, 12.629633862917666)	(55.0, 5.235645978588029)	(56.0, 10.243075399093229)	(57.0, 7.367699165618928)	(58.0, 2.0307082714214957)	(59.0, 0.6857926620185164)	(60.0, 0.3188935878386101)	(61.0, 0.22516859069607953)	(62.0, 0.18021107174153236)	(63.0, 0.12725263839676915)	(64.0, 0.08801005829237628)	(65.0, 0.06438831104507181)	(66.0, 0.04686249857126529)	(67.0, 0.04229054749114185)	(68.0, 0.041147559721110984)	(69.0, 0.024002743170648072)	(70.0, 0.015620832857088427)	(71.0, 0.004952947003467063)	(72.0, 0.0026669714634053416)	(73.0, 0.0022859755400617215)	(74.0, 0.003047967386748962)	(75.0, 0.001904979616718101)	(76.0, 0.001523983693374481)	(77.0, 0.0011429877700308607)	(78.0, 0.0007619918466872404)	(79.0, 0.0007619918466872404)	(80.0, 0.0011429877700308607)	(81.0, 0.001523983693374481)	(82.0, 0.0007619918466872404)	(83.0, 0.001523983693374481)	(84.0, 0.0011429877700308607)	(85.0, 0.0003809959233436202)	(86.0, 0.0003809959233436202)	(87.0, 0.0007619918466872404)	(88.0, 0.0003809959233436202)	(89.0, 0.0007619918466872404)	(90.0, 0.0)	(91.0, 0.0007619918466872404)	(92.0, 0.0003809959233436202)	(93.0, 0.0)	(94.0, 0.0007619918466872404)	(95.0, 0.0003809959233436202)	(96.0, 0.0007619918466872404)	(97.0, 0.0003809959233436202)	(98.0, 0.0)	(99.0, 0.0011429877700308607)	(100.0, 0.0)
3997R_S2_R_Male_week5_S74_L001_R1_001	(0.0, 0.0)	(1.0, 0.0)	(2.0, 0.0)	(3.0, 0.0)	(4.0, 0.0)	(5.0, 0.0)	(6.0, 0.0)	(7.0, 0.0)	(8.0, 0.0)	(9.0, 0.0)	(10.0, 0.0)	(11.0, 0.0)	(12.0, 0.0)	(13.0, 0.0)	(14.0, 0.0)	(15.0, 0.0)	(16.0, 0.0)	(17.0, 0.0)	(18.0, 0.0)	(19.0, 0.0)	(20.0, 0.0)	(21.0, 0.0)	(22.0, 0.0)	(23.0, 0.0)	(24.0, 0.0)	(25.0, 0.0)	(26.0, 0.0)	(27.0, 0.0)	(28.0, 0.0)	(29.0, 0.0)	(30.0, 0.0)	(31.0, 0.0)	(32.0, 0.0)	(33.0, 0.0)	(34.0, 0.0)	(35.0, 0.0)	(36.0, 0.0)	(37.0, 0.0)	(38.0, 0.0008224191459177169)	(39.0, 0.0008224191459177169)	(40.0, 0.0028784670107120094)	(41.0, 0.0020560478647942927)	(42.0, 0.0016448382918354339)	(43.0, 0.00822419145917717)	(44.0, 0.01603717334539548)	(45.0, 0.046877891317309864)	(46.0, 0.996772004852273)	(47.0, 26.24380615580731)	(48.0, 8.754651808294097)	(49.0, 3.4179739704340317)	(50.0, 6.771388037913523)	(51.0, 4.971523737072599)	(52.0, 0.7862327034973373)	(53.0, 5.2260624627341326)	(54.0, 27.71634763657298)	(55.0, 11.528671587474557)	(56.0, 1.5214754199477765)	(57.0, 0.5370397022842692)	(58.0, 0.3211546764808685)	(59.0, 0.48152640993482326)	(60.0, 0.2812673479038592)	(61.0, 0.21177293007381212)	(62.0, 0.06497111252749964)	(63.0, 0.02919587968007895)	(64.0, 0.02097168822090178)	(65.0, 0.011513868042848038)	(66.0, 0.004112095729588585)	(67.0, 0.017270802064272058)	(68.0, 0.0037008861566297266)	(69.0, 0.0008224191459177169)	(70.0, 0.00041120957295885847)	(71.0, 0.0)	(72.0, 0.0)	(73.0, 0.0)	(74.0, 0.0)	(75.0, 0.0)	(76.0, 0.0)	(77.0, 0.0)	(78.0, 0.0)	(79.0, 0.0)	(80.0, 0.0)	(81.0, 0.0)	(82.0, 0.0)	(83.0, 0.0)	(84.0, 0.0)	(85.0, 0.0)	(86.0, 0.0)	(87.0, 0.0)	(88.0, 0.0)	(89.0, 0.0)	(90.0, 0.0)	(91.0, 0.0)	(92.0, 0.0)	(93.0, 0.0)	(94.0, 0.0)	(95.0, 0.0)	(96.0, 0.0)	(97.0, 0.0)	(98.0, 0.0)	(99.0, 0.0)	(100.0, 0.0)
3997R_S2_R_Male_week5_S74_L001_R2_001	(0.0, 0.0)	(1.0, 0.0)	(2.0, 0.0)	(3.0, 0.0)	(4.0, 0.0)	(5.0, 0.0)	(6.0, 0.0)	(7.0, 0.0)	(8.0, 0.0)	(9.0, 0.0)	(10.0, 0.0)	(11.0, 0.0)	(12.0, 0.0)	(13.0, 0.0)	(14.0, 0.0)	(15.0, 0.0)	(16.0, 0.0)	(17.0, 0.0)	(18.0, 0.0)	(19.0, 0.0)	(20.0, 0.0)	(21.0, 0.0)	(22.0, 0.0)	(23.0, 0.0)	(24.0, 0.0)	(25.0, 0.0)	(26.0, 0.0)	(27.0, 0.0)	(28.0, 0.0)	(29.0, 0.0)	(30.0, 0.0)	(31.0, 0.0)	(32.0, 0.0)	(33.0, 0.0)	(34.0, 0.00041201716738197426)	(35.0, 0.0)	(36.0, 0.00041201716738197426)	(37.0, 0.00041201716738197426)	(38.0, 0.0020600858369098714)	(39.0, 0.0008240343347639485)	(40.0, 0.005768240343347639)	(41.0, 0.005356223175965665)	(42.0, 0.007416309012875536)	(43.0, 0.008652360515021459)	(44.0, 0.01771673819742489)	(45.0, 0.029665236051502144)	(46.0, 0.06839484978540773)	(47.0, 0.23155364806866952)	(48.0, 7.041785407725322)	(49.0, 24.708257510729613)	(50.0, 6.0863175965665235)	(51.0, 1.1730128755364806)	(52.0, 3.454351931330472)	(53.0, 10.005836909871245)	(54.0, 10.956360515021458)	(55.0, 5.6108497854077255)	(56.0, 15.803330472103003)	(57.0, 9.985236051502145)	(58.0, 2.4325493562231757)	(59.0, 0.8536995708154506)	(60.0, 0.4144892703862661)	(61.0, 0.3086008583690987)	(62.0, 0.24721030042918454)	(63.0, 0.15903862660944207)	(64.0, 0.10218025751072961)	(65.0, 0.07127896995708155)	(66.0, 0.05933047210300429)	(67.0, 0.04779399141630901)	(68.0, 0.035021459227467806)	(69.0, 0.022660944206008584)	(70.0, 0.005768240343347639)	(71.0, 0.007004291845493562)	(72.0, 0.004944206008583691)	(73.0, 0.0012360515021459227)	(74.0, 0.0020600858369098714)	(75.0, 0.0008240343347639485)	(76.0, 0.00041201716738197426)	(77.0, 0.0008240343347639485)	(78.0, 0.00041201716738197426)	(79.0, 0.0024721030042918453)	(80.0, 0.0012360515021459227)	(81.0, 0.00041201716738197426)	(82.0, 0.001648068669527897)	(83.0, 0.0008240343347639485)	(84.0, 0.0008240343347639485)	(85.0, 0.0012360515021459227)	(86.0, 0.00041201716738197426)	(87.0, 0.0012360515021459227)	(88.0, 0.0008240343347639485)	(89.0, 0.0)	(90.0, 0.0)	(91.0, 0.0008240343347639485)	(92.0, 0.0008240343347639485)	(93.0, 0.0008240343347639485)	(94.0, 0.00041201716738197426)	(95.0, 0.00041201716738197426)	(96.0, 0.0008240343347639485)	(97.0, 0.0008240343347639485)	(98.0, 0.00041201716738197426)	(99.0, 0.001648068669527897)	(100.0, 0.0005493562231759656)
3997R_S2_R_Male_week9_S88_L001_R1_001	(0.0, 0.0)	(1.0, 0.0)	(2.0, 0.0)	(3.0, 0.0)	(4.0, 0.0)	(5.0, 0.0)	(6.0, 0.0)	(7.0, 0.0)	(8.0, 0.0)	(9.0, 0.0)	(10.0, 0.0)	(11.0, 0.0)	(12.0, 0.0)	(13.0, 0.0)	(14.0, 0.0)	(15.0, 0.0)	(16.0, 0.0)	(17.0, 0.0)	(18.0, 0.0)	(19.0, 0.0)	(20.0, 0.0)	(21.0, 0.0)	(22.0, 0.0)	(23.0, 0.0)	(24.0, 0.0)	(25.0, 0.0006585532901322376)	(26.0, 0.0)	(27.0, 0.0)	(28.0, 0.0)	(29.0, 0.0)	(30.0, 0.0)	(31.0, 0.0)	(32.0, 0.0)	(33.0, 0.0)	(34.0, 0.0)	(35.0, 0.0)	(36.0, 0.0)	(37.0, 0.0)	(38.0, 0.0006585532901322376)	(39.0, 0.0)	(40.0, 0.00263421316052895)	(41.0, 0.005926979611190137)	(42.0, 0.003951319740793425)	(43.0, 0.00790263948158685)	(44.0, 0.0210737052842316)	(45.0, 0.0632211158526948)	(46.0, 1.4185237869448395)	(47.0, 21.917312048890995)	(48.0, 7.0735208893103625)	(49.0, 2.3885727833096255)	(50.0, 5.9691270217586005)	(51.0, 4.9661503608872035)	(52.0, 0.7889468415784205)	(53.0, 6.480164374901216)	(54.0, 32.51080027395817)	(55.0, 12.592856013908646)	(56.0, 1.691164849059586)	(57.0, 0.615747326273642)	(58.0, 0.3463990306095569)	(59.0, 0.4544017701912439)	(60.0, 0.27198250882461406)	(61.0, 0.1455402771192245)	(62.0, 0.07968494810600073)	(63.0, 0.03556187766714083)	(64.0, 0.019756598703967124)	(65.0, 0.009219746061851325)	(66.0, 0.012512512512512512)	(67.0, 0.0684895421737527)	(68.0, 0.01843949212370265)	(69.0, 0.006585532901322376)	(70.0, 0.00790263948158685)	(71.0, 0.00263421316052895)	(72.0, 0.001317106580264475)	(73.0, 0.0006585532901322376)	(74.0, 0.0)	(75.0, 0.0)	(76.0, 0.0)	(77.0, 0.0)	(78.0, 0.0)	(79.0, 0.0)	(80.0, 0.0)	(81.0, 0.0)	(82.0, 0.0)	(83.0, 0.0)	(84.0, 0.0)	(85.0, 0.0)	(86.0, 0.0)	(87.0, 0.0)	(88.0, 0.0)	(89.0, 0.0)	(90.0, 0.0)	(91.0, 0.0)	(92.0, 0.0)	(93.0, 0.0)	(94.0, 0.0)	(95.0, 0.0)	(96.0, 0.0)	(97.0, 0.0)	(98.0, 0.0)	(99.0, 0.0)	(100.0, 0.0)
3997R_S2_R_Male_week9_S88_L001_R2_001	(0.0, 0.0)	(1.0, 0.0)	(2.0, 0.0)	(3.0, 0.0)	(4.0, 0.0)	(5.0, 0.0)	(6.0, 0.0)	(7.0, 0.0)	(8.0, 0.0)	(9.0, 0.0)	(10.0, 0.0)	(11.0, 0.0)	(12.0, 0.0)	(13.0, 0.0)	(14.0, 0.0)	(15.0, 0.0)	(16.0, 0.0)	(17.0, 0.0)	(18.0, 0.0)	(19.0, 0.0)	(20.0, 0.0)	(21.0, 0.0)	(22.0, 0.0)	(23.0, 0.0)	(24.0, 0.0)	(25.0, 0.0)	(26.0, 0.0)	(27.0, 0.0)	(28.0, 0.0)	(29.0, 0.0)	(30.0, 0.0)	(31.0, 0.0)	(32.0, 0.0)	(33.0, 0.0)	(34.0, 0.0006614106566485)	(35.0, 0.0)	(36.0, 0.0006614106566485)	(37.0, 0.0)	(38.0, 0.0019842319699454997)	(39.0, 0.0033070532832424997)	(40.0, 0.0033070532832424997)	(41.0, 0.0019842319699454997)	(42.0, 0.007936927879781999)	(43.0, 0.007275517223133499)	(44.0, 0.011905391819672997)	(45.0, 0.022487962326048997)	(46.0, 0.04299169268215249)	(47.0, 0.300280438118419)	(48.0, 9.601698502566274)	(49.0, 20.029498915286524)	(50.0, 4.475765913540399)	(51.0, 1.1045557966029949)	(52.0, 4.618630615376475)	(53.0, 10.556114080110058)	(54.0, 8.51433938303614)	(55.0, 5.141806444785439)	(56.0, 17.47248531668342)	(57.0, 12.04098100428594)	(58.0, 3.184692311762527)	(59.0, 1.0933118154399704)	(60.0, 0.4768770834435684)	(61.0, 0.30160325943171595)	(62.0, 0.23678501508016297)	(63.0, 0.16336843219217947)	(64.0, 0.12169956082332398)	(65.0, 0.11376263294354198)	(66.0, 0.080692100111117)	(67.0, 0.08003068945446849)	(68.0, 0.07936927879781999)	(69.0, 0.04299169268215249)	(70.0, 0.023810783639345995)	(71.0, 0.009921159849727499)	(72.0, 0.0085983385364305)	(73.0, 0.002645642626594)	(74.0, 0.0)	(75.0, 0.0019842319699454997)	(76.0, 0.001322821313297)	(77.0, 0.0)	(78.0, 0.001322821313297)	(79.0, 0.0006614106566485)	(80.0, 0.0006614106566485)	(81.0, 0.0)	(82.0, 0.0)	(83.0, 0.001322821313297)	(84.0, 0.0)	(85.0, 0.0)	(86.0, 0.0)	(87.0, 0.0006614106566485)	(88.0, 0.0006614106566485)	(89.0, 0.0019842319699454997)	(90.0, 0.001322821313297)	(91.0, 0.001322821313297)	(92.0, 0.0)	(93.0, 0.0)	(94.0, 0.0)	(95.0, 0.0006614106566485)	(96.0, 0.0006614106566485)	(97.0, 0.0006614106566485)	(98.0, 0.0006614106566485)	(99.0, 0.0006614106566485)	(100.0, 0.002645642626594)
NS1_mouse_inoculum_S35_L001_R1_001	(0.0, 0.0)	(1.0, 0.0)	(2.0, 0.0)	(3.0, 0.0)	(4.0, 0.0)	(5.0, 0.0)	(6.0, 0.0)	(7.0, 0.0)	(8.0, 0.0)	(9.0, 0.0)	(10.0, 0.0)	(11.0, 0.0)	(12.0, 0.0)	(13.0, 0.0)	(14.0, 0.0)	(15.0, 0.0)	(16.0, 0.0)	(17.0, 0.0)	(18.0, 0.0)	(19.0, 0.0)	(20.0, 0.0)	(21.0, 0.0)	(22.0, 0.0)	(23.0, 0.0)	(24.0, 0.0)	(25.0, 0.0)	(26.0, 0.0)	(27.0, 0.0)	(28.0, 0.0)	(29.0, 0.0)	(30.0, 0.0)	(31.0, 0.0)	(32.0, 0.0)	(33.0, 0.0)	(34.0, 0.0)	(35.0, 0.0)	(36.0, 0.0)	(37.0, 0.0)	(38.0, 0.0010747256762711319)	(39.0, 0.0005373628381355659)	(40.0, 0.0026868141906778295)	(41.0, 0.004836265543220093)	(42.0, 0.0042989027050845275)	(43.0, 0.007523079733897922)	(44.0, 0.012359345277118017)	(45.0, 0.029017593259320556)	(46.0, 0.273517684611003)	(47.0, 8.52687351553516)	(48.0, 8.608552666931764)	(49.0, 7.921265596956377)	(50.0, 6.871795974077617)	(51.0, 4.9152578804260205)	(52.0, 1.7604006577321136)	(53.0, 10.537147893000313)	(54.0, 29.903704579406103)	(55.0, 15.520113491031415)	(56.0, 1.7313830644727932)	(57.0, 0.8253893193762293)	(58.0, 0.5271529442109901)	(59.0, 0.7571442389330123)	(60.0, 0.4094704826593012)	(61.0, 0.29554956097456125)	(62.0, 0.1531484088686363)	(63.0, 0.05803518651864111)	(64.0, 0.031167044611862822)	(65.0, 0.015046159467795844)	(66.0, 0.04030221286016744)	(67.0, 0.17732973658473675)	(68.0, 0.04675056691779424)	(69.0, 0.012896708115253583)	(70.0, 0.009672531086440186)	(71.0, 0.0042989027050845275)	(72.0, 0.0026868141906778295)	(73.0, 0.0016120885144066978)	(74.0, 0.0)	(75.0, 0.0)	(76.0, 0.0)	(77.0, 0.0)	(78.0, 0.0)	(79.0, 0.0)	(80.0, 0.0)	(81.0, 0.0)	(82.0, 0.0)	(83.0, 0.0)	(84.0, 0.0)	(85.0, 0.0)	(86.0, 0.0)	(87.0, 0.0)	(88.0, 0.0)	(89.0, 0.0)	(90.0, 0.0)	(91.0, 0.0)	(92.0, 0.0)	(93.0, 0.0)	(94.0, 0.0)	(95.0, 0.0)	(96.0, 0.0)	(97.0, 0.0)	(98.0, 0.0)	(99.0, 0.0)	(100.0, 0.0)
NS1_mouse_inoculum_S35_L001_R2_001	(0.0, 0.0)	(1.0, 0.0)	(2.0, 0.0)	(3.0, 0.0)	(4.0, 0.0)	(5.0, 0.0)	(6.0, 0.0)	(7.0, 0.0)	(8.0, 0.0)	(9.0, 0.0)	(10.0, 0.0)	(11.0, 0.0)	(12.0, 0.0)	(13.0, 0.0)	(14.0, 0.0)	(15.0, 0.0)	(16.0, 0.0)	(17.0, 0.0)	(18.0, 0.0)	(19.0, 0.0)	(20.0, 0.0)	(21.0, 0.0)	(22.0, 0.0005491840041005739)	(23.0, 0.0005491840041005739)	(24.0, 0.0)	(25.0, 0.0)	(26.0, 0.0)	(27.0, 0.0)	(28.0, 0.0)	(29.0, 0.0)	(30.0, 0.0)	(31.0, 0.0)	(32.0, 0.0)	(33.0, 0.0)	(34.0, 0.0)	(35.0, 0.0)	(36.0, 0.0005491840041005739)	(37.0, 0.0010983680082011478)	(38.0, 0.0005491840041005739)	(39.0, 0.0005491840041005739)	(40.0, 0.0016475520123017218)	(41.0, 0.003844288028704017)	(42.0, 0.007688576057408034)	(43.0, 0.012082048090212625)	(44.0, 0.016475520123017215)	(45.0, 0.02691001620092812)	(46.0, 0.04283635231984476)	(47.0, 0.2059440015377152)	(48.0, 4.635112994608844)	(49.0, 14.112930537376547)	(50.0, 11.469158741636384)	(51.0, 3.9283131813314047)	(52.0, 7.600157432747842)	(53.0, 16.800637053444756)	(54.0, 10.012722762761662)	(55.0, 4.936065828855958)	(56.0, 12.885504288211767)	(57.0, 8.799026113699394)	(58.0, 1.8293319176590117)	(59.0, 0.8451941823107831)	(60.0, 0.38552717087860283)	(61.0, 0.3212726423988357)	(62.0, 0.2581164819272697)	(63.0, 0.1718945932834796)	(64.0, 0.1153286408611205)	(65.0, 0.08841862466019239)	(66.0, 0.07798412858228149)	(67.0, 0.12466476893083027)	(68.0, 0.14388620907435035)	(69.0, 0.06590208049206886)	(70.0, 0.030754304229632136)	(71.0, 0.011532864086112052)	(72.0, 0.007688576057408034)	(73.0, 0.003844288028704017)	(74.0, 0.0010983680082011478)	(75.0, 0.0016475520123017218)	(76.0, 0.0005491840041005739)	(77.0, 0.0016475520123017218)	(78.0, 0.0016475520123017218)	(79.0, 0.0)	(80.0, 0.0005491840041005739)	(81.0, 0.0)	(82.0, 0.0005491840041005739)	(83.0, 0.0)	(84.0, 0.0)	(85.0, 0.0010983680082011478)	(86.0, 0.0005491840041005739)	(87.0, 0.0)	(88.0, 0.0010983680082011478)	(89.0, 0.0005491840041005739)	(90.0, 0.0005491840041005739)	(91.0, 0.0)	(92.0, 0.0)	(93.0, 0.0010983680082011478)	(94.0, 0.0005491840041005739)	(95.0, 0.0010983680082011478)	(96.0, 0.0)	(97.0, 0.0)	(98.0, 0.0010983680082011478)	(99.0, 0.0016475520123017218)	(100.0, 0.0007322453388007651)
Positive_Control_S89_L001_R1_001	(0.0, 0.0)	(1.0, 0.0)	(2.0, 0.0)	(3.0, 0.0)	(4.0, 0.0)	(5.0, 0.0)	(6.0, 0.0)	(7.0, 0.0)	(8.0, 0.0)	(9.0, 0.0)	(10.0, 0.0)	(11.0, 0.0)	(12.0, 0.0)	(13.0, 0.0)	(14.0, 0.0)	(15.0, 0.0)	(16.0, 0.0)	(17.0, 0.0)	(18.0, 0.0)	(19.0, 0.0)	(20.0, 0.0)	(21.0, 0.0)	(22.0, 0.0)	(23.0, 0.0)	(24.0, 0.0)	(25.0, 0.0)	(26.0, 0.0)	(27.0, 0.0)	(28.0, 0.0)	(29.0, 0.0)	(30.0, 0.0)	(31.0, 0.0)	(32.0, 0.0)	(33.0, 0.0)	(34.0, 0.0)	(35.0, 0.0)	(36.0, 0.0)	(37.0, 0.0)	(38.0, 0.0)	(39.0, 0.0)	(40.0, 0.0)	(41.0, 0.0)	(42.0, 0.0)	(43.0, 0.0004778881168340868)	(44.0, 0.003823104934672694)	(45.0, 0.004778881168340868)	(46.0, 0.005734657402009041)	(47.0, 0.01624819597235895)	(48.0, 0.04635514733290642)	(49.0, 0.16869450524243265)	(50.0, 6.844791497414625)	(51.0, 9.20747034704235)	(52.0, 13.519454825236316)	(53.0, 17.029543043382684)	(54.0, 13.986829403500053)	(55.0, 15.494566412111595)	(56.0, 16.986533112867615)	(57.0, 3.8627696483699236)	(58.0, 1.0852839133302112)	(59.0, 0.6647423705162148)	(60.0, 0.4248425358655032)	(61.0, 0.28052032458160897)	(62.0, 0.17873015569594847)	(63.0, 0.10991426687183997)	(64.0, 0.05161191661808138)	(65.0, 0.017203972206027124)	(66.0, 0.008601986103013562)	(67.0, 0.0004778881168340868)	(68.0, 0.0)	(69.0, 0.0)	(70.0, 0.0)	(71.0, 0.0)	(72.0, 0.0)	(73.0, 0.0)	(74.0, 0.0)	(75.0, 0.0)	(76.0, 0.0)	(77.0, 0.0)	(78.0, 0.0)	(79.0, 0.0)	(80.0, 0.0)	(81.0, 0.0)	(82.0, 0.0)	(83.0, 0.0)	(84.0, 0.0)	(85.0, 0.0)	(86.0, 0.0)	(87.0, 0.0)	(88.0, 0.0)	(89.0, 0.0)	(90.0, 0.0)	(91.0, 0.0)	(92.0, 0.0)	(93.0, 0.0)	(94.0, 0.0)	(95.0, 0.0)	(96.0, 0.0)	(97.0, 0.0)	(98.0, 0.0)	(99.0, 0.0)	(100.0, 0.0)
Positive_Control_S89_L001_R2_001	(0.0, 0.0)	(1.0, 0.0)	(2.0, 0.0)	(3.0, 0.0)	(4.0, 0.0)	(5.0, 0.0)	(6.0, 0.0)	(7.0, 0.0)	(8.0, 0.0)	(9.0, 0.0)	(10.0, 0.0)	(11.0, 0.00048396932279785897)	(12.0, 0.0)	(13.0, 0.0)	(14.0, 0.0)	(15.0, 0.0)	(16.0, 0.0)	(17.0, 0.0)	(18.0, 0.0)	(19.0, 0.0)	(20.0, 0.0)	(21.0, 0.0)	(22.0, 0.0)	(23.0, 0.0)	(24.0, 0.0)	(25.0, 0.0)	(26.0, 0.0)	(27.0, 0.0)	(28.0, 0.0)	(29.0, 0.0)	(30.0, 0.0)	(31.0, 0.0)	(32.0, 0.0)	(33.0, 0.0)	(34.0, 0.0)	(35.0, 0.0)	(36.0, 0.00048396932279785897)	(37.0, 0.0)	(38.0, 0.0)	(39.0, 0.00048396932279785897)	(40.0, 0.0)	(41.0, 0.00048396932279785897)	(42.0, 0.00048396932279785897)	(43.0, 0.0038717545823828718)	(44.0, 0.005323662550776449)	(45.0, 0.00483969322797859)	(46.0, 0.008227478487563602)	(47.0, 0.011131294424350756)	(48.0, 0.023714496817095088)	(49.0, 0.04936487092538161)	(50.0, 0.3387785259585013)	(51.0, 8.586583725079613)	(52.0, 16.511097416571754)	(53.0, 5.881195210639581)	(54.0, 6.820579666190225)	(55.0, 16.951025530995008)	(56.0, 23.360231272807056)	(57.0, 14.332267525335796)	(58.0, 4.085669023059525)	(59.0, 1.0632806021868961)	(60.0, 0.5391418255968149)	(61.0, 0.3760441638139364)	(62.0, 0.2831220538367475)	(63.0, 0.19891139166992003)	(64.0, 0.16648544704246346)	(65.0, 0.12583202392744333)	(66.0, 0.08517860081242318)	(67.0, 0.05710838009014735)	(68.0, 0.04452517769740302)	(69.0, 0.025166404785488664)	(70.0, 0.018874803589116498)	(71.0, 0.011131294424350756)	(72.0, 0.0038717545823828718)	(73.0, 0.0038717545823828718)	(74.0, 0.0014519079683935768)	(75.0, 0.0014519079683935768)	(76.0, 0.0014519079683935768)	(77.0, 0.00048396932279785897)	(78.0, 0.0009679386455957179)	(79.0, 0.00048396932279785897)	(80.0, 0.0014519079683935768)	(81.0, 0.0019358772911914359)	(82.0, 0.0014519079683935768)	(83.0, 0.00048396932279785897)	(84.0, 0.0009679386455957179)	(85.0, 0.00048396932279785897)	(86.0, 0.0)	(87.0, 0.0014519079683935768)	(88.0, 0.0009679386455957179)	(89.0, 0.0)	(90.0, 0.0)	(91.0, 0.0)	(92.0, 0.0009679386455957179)	(93.0, 0.0014519079683935768)	(94.0, 0.0)	(95.0, 0.0)	(96.0, 0.00048396932279785897)	(97.0, 0.0009679386455957179)	(98.0, 0.00048396932279785897)	(99.0, 0.0)	(100.0, 0.0012905848607942904)
S2_mouse_inoculum_S36_L001_R1_001	(0.0, 0.0)	(1.0, 0.0)	(2.0, 0.0)	(3.0, 0.0)	(4.0, 0.0)	(5.0, 0.0)	(6.0, 0.0)	(7.0, 0.0)	(8.0, 0.0)	(9.0, 0.0)	(10.0, 0.0)	(11.0, 0.0)	(12.0, 0.0)	(13.0, 0.0)	(14.0, 0.0)	(15.0, 0.0)	(16.0, 0.0)	(17.0, 0.0)	(18.0, 0.0)	(19.0, 0.0)	(20.0, 0.0)	(21.0, 0.0)	(22.0, 0.0)	(23.0, 0.0)	(24.0, 0.0)	(25.0, 0.0)	(26.0, 0.0)	(27.0, 0.0)	(28.0, 0.0)	(29.0, 0.0)	(30.0, 0.0)	(31.0, 0.0)	(32.0, 0.0)	(33.0, 0.0)	(34.0, 0.0)	(35.0, 0.00038765549831176033)	(36.0, 0.00038765549831176033)	(37.0, 0.0)	(38.0, 0.00038765549831176033)	(39.0, 0.0015506219932470413)	(40.0, 0.001162966494935281)	(41.0, 0.0019382774915588014)	(42.0, 0.004651865979741124)	(43.0, 0.010466698454417528)	(44.0, 0.020545741410523295)	(45.0, 0.032950717356499626)	(46.0, 0.6500982706688221)	(47.0, 11.151298064436096)	(48.0, 3.3272471420098384)	(49.0, 1.625439504421211)	(50.0, 6.440120793453275)	(51.0, 9.98910688049744)	(52.0, 6.310643857017147)	(53.0, 13.125627517337893)	(54.0, 26.767224502928737)	(55.0, 13.094227421974638)	(56.0, 2.2732118421001624)	(57.0, 0.8605952062521078)	(58.0, 0.5229472672225647)	(59.0, 0.4985249708289238)	(60.0, 0.6442834381941457)	(61.0, 1.8785785448187902)	(62.0, 0.37176162288097814)	(63.0, 0.14033129038885725)	(64.0, 0.09342497509313423)	(65.0, 0.049232248285593555)	(66.0, 0.03799023883455251)	(67.0, 0.04613100429909948)	(68.0, 0.016669186427405693)	(69.0, 0.0042642104814293634)	(70.0, 0.0042642104814293634)	(71.0, 0.0019382774915588014)	(72.0, 0.00038765549831176033)	(73.0, 0.0)	(74.0, 0.0)	(75.0, 0.0)	(76.0, 0.0)	(77.0, 0.0)	(78.0, 0.0)	(79.0, 0.0)	(80.0, 0.0)	(81.0, 0.0)	(82.0, 0.0)	(83.0, 0.0)	(84.0, 0.0)	(85.0, 0.0)	(86.0, 0.0)	(87.0, 0.0)	(88.0, 0.0)	(89.0, 0.0)	(90.0, 0.0)	(91.0, 0.0)	(92.0, 0.0)	(93.0, 0.0)	(94.0, 0.0)	(95.0, 0.0)	(96.0, 0.0)	(97.0, 0.0)	(98.0, 0.0)	(99.0, 0.0)	(100.0, 0.0)
S2_mouse_inoculum_S36_L001_R2_001	(0.0, 0.0)	(1.0, 0.0)	(2.0, 0.0)	(3.0, 0.0)	(4.0, 0.0)	(5.0, 0.0)	(6.0, 0.0)	(7.0, 0.0)	(8.0, 0.0)	(9.0, 0.0)	(10.0, 0.0)	(11.0, 0.0)	(12.0, 0.0)	(13.0, 0.0)	(14.0, 0.0)	(15.0, 0.0)	(16.0, 0.0)	(17.0, 0.0)	(18.0, 0.0)	(19.0, 0.0)	(20.0, 0.0)	(21.0, 0.0004021188985159132)	(22.0, 0.0)	(23.0, 0.0)	(24.0, 0.0)	(25.0, 0.0)	(26.0, 0.0)	(27.0, 0.0)	(28.0, 0.0)	(29.0, 0.0)	(30.0, 0.0)	(31.0, 0.0)	(32.0, 0.0)	(33.0, 0.0)	(34.0, 0.0)	(35.0, 0.0)	(36.0, 0.0004021188985159132)	(37.0, 0.0008042377970318264)	(38.0, 0.0004021188985159132)	(39.0, 0.0008042377970318264)	(40.0, 0.0028148322896113923)	(41.0, 0.007238140173286438)	(42.0, 0.00884661576735009)	(43.0, 0.006433902376254611)	(44.0, 0.015280518143604701)	(45.0, 0.02372501501243888)	(46.0, 0.04503731663378228)	(47.0, 0.20065733035944067)	(48.0, 5.278614780818393)	(49.0, 12.644628763832891)	(50.0, 5.542002659346315)	(51.0, 2.7629589517028394)	(52.0, 9.939574933516344)	(53.0, 19.791487947156217)	(54.0, 18.782169511881275)	(55.0, 6.689649995710732)	(56.0, 8.096261902719396)	(57.0, 4.362990048897658)	(58.0, 1.1050227331217295)	(59.0, 0.653041091189843)	(60.0, 0.48656386720425493)	(61.0, 1.0579748219953677)	(62.0, 1.0941655228617997)	(63.0, 0.5127015956077894)	(64.0, 0.2891234880329416)	(65.0, 0.18497469331732008)	(66.0, 0.1363183065968946)	(67.0, 0.09892124903491464)	(68.0, 0.06755597495067342)	(69.0, 0.04061400875010723)	(70.0, 0.023322896113922964)	(71.0, 0.014074161448056961)	(72.0, 0.006433902376254611)	(73.0, 0.004021188985159132)	(74.0, 0.003619070086643219)	(75.0, 0.0028148322896113923)	(76.0, 0.0012063566955477396)	(77.0, 0.0008042377970318264)	(78.0, 0.0008042377970318264)	(79.0, 0.0016084755940636527)	(80.0, 0.0012063566955477396)	(81.0, 0.0008042377970318264)	(82.0, 0.0008042377970318264)	(83.0, 0.0008042377970318264)	(84.0, 0.0008042377970318264)	(85.0, 0.0004021188985159132)	(86.0, 0.0004021188985159132)	(87.0, 0.0004021188985159132)	(88.0, 0.0)	(89.0, 0.0)	(90.0, 0.0004021188985159132)	(91.0, 0.0)	(92.0, 0.0)	(93.0, 0.0)	(94.0, 0.0)	(95.0, 0.0)	(96.0, 0.0008042377970318264)	(97.0, 0.0)	(98.0, 0.0004021188985159132)	(99.0, 0.0012063566955477396)	(100.0, 0.0026807926567727547)
negative_ctrl_S90_L001_R1_001	(0.0, 0.0)	(1.0, 0.0)	(2.0, 0.0)	(3.0, 0.0)	(4.0, 0.0)	(5.0, 0.0)	(6.0, 0.0)	(7.0, 0.0)	(8.0, 0.0)	(9.0, 0.0)	(10.0, 0.0)	(11.0, 0.0)	(12.0, 0.0)	(13.0, 0.0)	(14.0, 0.0)	(15.0, 0.0)	(16.0, 0.0)	(17.0, 0.0)	(18.0, 0.0)	(19.0, 0.0)	(20.0, 0.0)	(21.0, 0.0)	(22.0, 0.0)	(23.0, 0.0)	(24.0, 0.0)	(25.0, 0.0)	(26.0, 0.0)	(27.0, 0.0)	(28.0, 0.0)	(29.0, 0.0)	(30.0, 0.0)	(31.0, 0.0)	(32.0, 0.0)	(33.0, 0.0)	(34.0, 0.002595043466978072)	(35.0, 0.002595043466978072)	(36.0, 0.0)	(37.0, 0.005190086933956144)	(38.0, 0.002595043466978072)	(39.0, 0.018165304268846504)	(40.0, 0.012975217334890361)	(41.0, 0.012975217334890361)	(42.0, 0.041520695471649154)	(43.0, 0.038925652004671074)	(44.0, 0.0648760866744518)	(45.0, 0.049305825872583364)	(46.0, 0.07266121707538602)	(47.0, 0.049305825872583364)	(48.0, 0.06747113014142987)	(49.0, 0.09861165174516673)	(50.0, 0.1271571298819255)	(51.0, 0.4229920851174257)	(52.0, 5.332814324639937)	(53.0, 18.474114441416894)	(54.0, 2.711820422992085)	(55.0, 1.196315038276891)	(56.0, 1.5648112105877774)	(57.0, 28.091345530037625)	(58.0, 34.60749967561957)	(59.0, 3.9314908524717787)	(60.0, 1.4350590372388738)	(61.0, 0.7188270403529259)	(62.0, 0.3866614765797327)	(63.0, 0.2050084338912677)	(64.0, 0.1271571298819255)	(65.0, 0.06228104320747372)	(66.0, 0.033735565070714936)	(67.0, 0.023355391202802646)	(68.0, 0.002595043466978072)	(69.0, 0.005190086933956144)	(70.0, 0.0)	(71.0, 0.0)	(72.0, 0.0)	(73.0, 0.0)	(74.0, 0.0)	(75.0, 0.0)	(76.0, 0.0)	(77.0, 0.0)	(78.0, 0.0)	(79.0, 0.0)	(80.0, 0.0)	(81.0, 0.0)	(82.0, 0.0)	(83.0, 0.0)	(84.0, 0.0)	(85.0, 0.0)	(86.0, 0.0)	(87.0, 0.0)	(88.0, 0.0)	(89.0, 0.0)	(90.0, 0.0)	(91.0, 0.0)	(92.0, 0.0)	(93.0, 0.0)	(94.0, 0.0)	(95.0, 0.0)	(96.0, 0.0)	(97.0, 0.0)	(98.0, 0.0)	(99.0, 0.0)	(100.0, 0.0)
negative_ctrl_S90_L001_R2_001	(0.0, 0.0)	(1.0, 0.0)	(2.0, 0.0)	(3.0, 0.0)	(4.0, 0.0)	(5.0, 0.0)	(6.0, 0.0)	(7.0, 0.0)	(8.0, 0.0)	(9.0, 0.0)	(10.0, 0.0)	(11.0, 0.0)	(12.0, 0.0)	(13.0, 0.0)	(14.0, 0.0)	(15.0, 0.0)	(16.0, 0.0)	(17.0, 0.0)	(18.0, 0.0)	(19.0, 0.0)	(20.0, 0.0)	(21.0, 0.0)	(22.0, 0.0)	(23.0, 0.0)	(24.0, 0.0)	(25.0, 0.0)	(26.0, 0.0)	(27.0, 0.0)	(28.0, 0.0)	(29.0, 0.0)	(30.0, 0.0)	(31.0, 0.0)	(32.0, 0.0)	(33.0, 0.0)	(34.0, 0.0)	(35.0, 0.0)	(36.0, 0.0)	(37.0, 0.0)	(38.0, 0.00267931302414061)	(39.0, 0.00267931302414061)	(40.0, 0.00535862604828122)	(41.0, 0.00267931302414061)	(42.0, 0.01071725209656244)	(43.0, 0.01071725209656244)	(44.0, 0.024113817217265493)	(45.0, 0.04286900838624976)	(46.0, 0.03215175628968732)	(47.0, 0.050906947458671595)	(48.0, 0.07502076467593709)	(49.0, 0.0803793907242183)	(50.0, 0.11521046003804625)	(51.0, 0.4340487099107788)	(52.0, 9.117702221150498)	(53.0, 16.651930445033894)	(54.0, 3.172306620582482)	(55.0, 2.8159579883717814)	(56.0, 27.178951316882348)	(57.0, 29.175039519867106)	(58.0, 6.513409961685824)	(59.0, 1.760308656860381)	(60.0, 0.7475283337352302)	(61.0, 0.49835222249015354)	(62.0, 0.4313693968866382)	(63.0, 0.32687618894515447)	(64.0, 0.22506229402781125)	(65.0, 0.1607587814484366)	(66.0, 0.10181389491734319)	(67.0, 0.0777000777000777)	(68.0, 0.05626557350695281)	(69.0, 0.04018969536210915)	(70.0, 0.026793130241406102)	(71.0, 0.00803793907242183)	(72.0, 0.00803793907242183)	(73.0, 0.0)	(74.0, 0.0)	(75.0, 0.0)	(76.0, 0.0)	(77.0, 0.00267931302414061)	(78.0, 0.0)	(79.0, 0.0)	(80.0, 0.0)	(81.0, 0.0)	(82.0, 0.0)	(83.0, 0.00803793907242183)	(84.0, 0.00267931302414061)	(85.0, 0.0)	(86.0, 0.0)	(87.0, 0.0)	(88.0, 0.0)	(89.0, 0.0)	(90.0, 0.0)	(91.0, 0.0)	(92.0, 0.0)	(93.0, 0.00267931302414061)	(94.0, 0.0)	(95.0, 0.0)	(96.0, 0.0)	(97.0, 0.0)	(98.0, 0.0)	(99.0, 0.0)	(100.0, 0.0)
