feature	metadata	value	coef	stderr	N	N.not.0	pval	qval
EC.4.2.2.21	Week_and_Consortium	NS1_w9w10	11.489585135609	0.14875789477394	72	62	1.7128044774453e-69	1.48243227522891e-66
EC.4.2.2.20	Week_and_Consortium	NS1_w9w10	11.489585135609	0.14875789477394	72	62	1.7128044774453e-69	1.48243227522891e-66
EC.2.3.1.209	Week_and_Consortium	NS1_w9w10	7.20970931643042	0.118587352259026	72	69	2.53220879226078e-62	1.46108447313447e-59
EC.3.1.1.61	Week_and_Consortium	NS1_w9w10	-3.34655830677923	0.0557615567902118	72	72	2.60708597612865e-61	1.12821645616967e-58
EC.3.4.21.96	Week_and_Consortium	NS1_w9w10	6.53445646595159	0.118880186672551	72	69	2.54656808292922e-59	8.81621870310097e-57
EC.6.3.1.12	Week_and_Consortium	NS1_w9w10	4.49212801320749	0.0840106640562819	72	72	1.68062958118261e-58	4.84861634171183e-56
EC.3.2.1.97	Week_and_Consortium	NS1_w9w10	4.9446833652135	0.0939296262122457	72	72	1.91200728771522e-57	4.72812087862149e-55
EC.4.1.1.52	Week_and_Consortium	NS1_w9w10	7.76001057414406	0.171994515408442	72	62	1.75852816147598e-53	3.80501530939365e-51
EC.3.1.3.15	Week_and_Consortium	NS1_w9w10	0.593261660251654	0.013563137001992	72	72	1.43094926440008e-52	2.75219241852949e-50
EC.2.7.11.1	Week_and_Consortium	NS1_w9w10	0.628731353242489	0.0144899089991478	72	72	2.46110612971931e-52	4.26017471054412e-50
EC.4.2.1.46	Week_and_Consortium	NS1_w9w10	-0.545280423527313	0.012673160583879	72	72	4.35013856791006e-52	6.84553623732029e-50
EC.3.5.1.28	Week_and_Consortium	NS1_w9w10	0.317324175292282	0.00725776973009686	72	72	4.80013308955755e-52	6.92419198168676e-50
EC.1.12.99.6	Week_and_Consortium	NS1_w9w10	-3.46334648259615	0.0818424454122605	72	72	1.33441425480715e-51	1.7768239039009e-49
EC.4.1.1.82	Week_and_Consortium	NS1_w9w10	7.19234638894124	0.175511001184973	72	66	1.16010231361898e-50	1.43438364633889e-48
EC.4.2.2.5	Week_and_Consortium	NS1_w9w10	1.99123982895119	0.0487354983691058	72	52	1.41610225197303e-50	1.63418199877688e-48
EC.2.4.2.7	Week_and_Consortium	NS1_w9w10	1.4113446150631	0.0346573199147159	72	72	1.76964358610427e-50	1.91453315471655e-48
EC.2.1.1.37	Week_and_Consortium	NS1_w9w10	0.944444775883027	0.0233723534190072	72	72	2.9777537082637e-50	3.0320539229438e-48
EC.4.1.1.81	Week_and_Consortium	NS1_w9w10	-0.688808274514576	0.0170719537358294	72	72	3.29720265501678e-50	3.17080988657447e-48
EC.1.5.1.28	Week_and_Consortium	NS1_w9w10	-4.28110307744315	0.107274570060549	72	72	6.87706230820655e-50	6.26536571342397e-48
EC.1.1.1.93	Week_and_Consortium	NS1_w9w10	5.41023805293169	0.137034313320376	72	72	1.41486329311891e-49	1.1132401638131e-47
EC.4.1.1.73	Week_and_Consortium	NS1_w9w10	5.41023805293169	0.137034313320376	72	72	1.41486329311891e-49	1.1132401638131e-47
EC.1.1.1.83	Week_and_Consortium	NS1_w9w10	5.41023805293169	0.137034313320376	72	72	1.41486329311891e-49	1.1132401638131e-47
EC.2.4.99.18	Week_and_Consortium	NS1_w9w10	-2.35782132088269	0.059046493702785	72	20	1.9454104152715e-49	1.34700217153398e-47
EC.1.1.1.102	Week_and_Consortium	NS1_w9w10	-2.35782132088269	0.059046493702785	72	20	1.9454104152715e-49	1.34700217153398e-47
EC.3.4.24.89	Week_and_Consortium	NS1_w9w10	-2.35782132088269	0.059046493702785	72	20	1.9454104152715e-49	1.34700217153398e-47
EC.2.3.1.79	Week_and_Consortium	NS1_w9w10	0.483346667126265	0.0128968954385952	72	72	4.6038349824724e-48	3.06509167486913e-46
EC.3.1.3.71	Week_and_Consortium	NS1_w9w10	3.76861823106079	0.0990898629803541	72	72	4.94087504645802e-48	3.16764989089586e-46
EC.2.3.1.30	Week_and_Consortium	NS1_w9w10	0.481640331819805	0.013080978231403	72	72	1.4991757763433e-47	9.26811881732233e-46
EC.6.3.5.2	Week_and_Consortium	NS1_w9w10	-0.294179300953186	0.00804906840291218	72	72	2.45473375541732e-47	1.4608331001238e-45
EC.4.2.2.1	Week_and_Consortium	NS1_w9w10	-1.91019274471858	0.0524505906821024	72	20	3.10793693728267e-47	1.4608331001238e-45
EC.3.2.1.136	Week_and_Consortium	NS1_w9w10	-1.79740606933877	0.0492333992555916	72	20	2.64216662979349e-47	1.4608331001238e-45
EC.1.1.1.396	Week_and_Consortium	NS1_w9w10	-1.97847605144697	0.0543293543879731	72	20	3.12252020245989e-47	1.4608331001238e-45
EC.3.2.2.24	Week_and_Consortium	NS1_w9w10	-1.97847605144697	0.0543293543879731	72	20	3.12252020245989e-47	1.4608331001238e-45
EC.4.2.2.3	Week_and_Consortium	NS1_w9w10	-1.97847605144697	0.0543293543879731	72	20	3.12252020245989e-47	1.4608331001238e-45
EC.1.5.1.24	Week_and_Consortium	NS1_w9w10	-1.97847605144697	0.0543293543879731	72	20	3.12252020245989e-47	1.4608331001238e-45
EC.2.4.2.30	Week_and_Consortium	NS1_w9w10	-1.97847605144697	0.0543293543879731	72	20	3.12252020245989e-47	1.4608331001238e-45
EC.3.4.23.52	Week_and_Consortium	NS1_w9w10	-1.97847605144697	0.0543293543879731	72	20	3.12252020245989e-47	1.4608331001238e-45
EC.2.4.1.230	Week_and_Consortium	NS1_w9w10	-1.97497617718312	0.0542918351405902	72	20	3.35509371399044e-47	1.52833347866249e-45
EC.2.7.8.36	Week_and_Consortium	NS1_w9w10	2.70875672860473	0.0749955905022283	72	52	5.38789808213066e-47	2.39139784106876e-45
EC.2.3.1.180	Week_and_Consortium	NS1_w9w10	0.900848394583386	0.0249996245647484	72	72	6.29453030028718e-47	2.72395798744928e-45
EC.1.1.1.91	Week_and_Consortium	NS1_w9w10	-1.83969966580584	0.051321054946486	72	20	8.90430698220226e-47	3.75935497224198e-45
EC.3.2.1.4	Week_and_Consortium	NS1_w9w10	2.65165393302092	0.0743378151496979	72	72	1.23600058068781e-46	5.09408810754905e-45
EC.3.2.1.82	Week_and_Consortium	NS1_w9w10	-1.82254957002509	0.0512201399555531	72	20	1.45531166231502e-46	5.85847555224952e-45
EC.1.1.1.336	Week_and_Consortium	NS1_w9w10	1.73645025737886	0.0493712181028187	72	72	3.14771798034193e-46	1.23834086908452e-44
EC.2.3.1.8	Week_and_Consortium	NS1_w9w10	0.443651856373369	0.0127330071643918	72	72	1.55447846756842e-45	5.97956050524653e-44
EC.2.8.3.5	Week_and_Consortium	NS1_w9w10	-2.3181832389385	0.0666273141180268	72	72	1.71095793626349e-45	6.43840910363501e-44
EC.2.7.1.78	Week_and_Consortium	NS1_w9w10	3.58578847072147	0.105247987579319	72	52	2.58570528234575e-45	8.951711687481e-44
EC.3.1.3.32	Week_and_Consortium	NS1_w9w10	3.58578847072147	0.105247987579319	72	52	2.58570528234575e-45	8.951711687481e-44
EC.3.5.1.97	Week_and_Consortium	NS1_w9w10	3.58578847072147	0.105247987579319	72	52	2.58570528234575e-45	8.951711687481e-44
EC.1.1.1.412	Week_and_Consortium	NS1_w9w10	3.58578847072147	0.105247987579319	72	52	2.58570528234575e-45	8.951711687481e-44
EC.3.4.21.66	Week_and_Consortium	NS1_w9w10	-2.13142327385047	0.0660973241022671	72	20	9.67679878818925e-44	3.22125744276069e-42
EC.3.4.21.62	Week_and_Consortium	NS1_w9w10	-2.13142327385047	0.0660973241022671	72	20	9.67679878818925e-44	3.22125744276069e-42
EC.1.1.1.2	Week_and_Consortium	NS1_w9w10	5.0347803597933	0.154514434932636	72	72	1.20886929634667e-43	3.94821273957752e-42
EC.3.6.4.12	Week_and_Consortium	NS1_w9w10	0.12290328525475	0.0038287647527239	72	72	1.30539221836593e-43	4.18450727776191e-42
EC.1.1.1.405	Week_and_Consortium	NS1_w9w10	3.96114555875565	0.1239405594648	72	72	1.73858913020071e-43	5.4718141534135e-42
EC.2.7.8.35	Week_and_Consortium	NS1_w9w10	3.01606876014738	0.0953512625482192	72	72	3.4244655600474e-43	1.03995612007755e-41
EC.2.7.8.33	Week_and_Consortium	NS1_w9w10	3.01606876014738	0.0953512625482192	72	72	3.4244655600474e-43	1.03995612007755e-41
EC.5.4.2.9	Week_and_Consortium	NS1_w9w10	1.96636736666929	0.0613455821473204	72	72	3.49710873690899e-43	1.04370607303267e-41
EC.2.5.1.101	Week_and_Consortium	NS1_w9w10	-3.0115239529298	0.0944468307716025	72	72	4.9548815767871e-43	1.45371186600313e-41
EC.1.1.1.371	Week_and_Consortium	NS1_w9w10	4.54657859430666	0.145187997308673	72	72	6.60662564613711e-43	1.90601149891056e-41
EC.4.2.1.22	Week_and_Consortium	NS1_w9w10	-2.48662180007951	0.0789859254219604	72	72	1.11325530522766e-42	3.15909005467062e-41
EC.2.1.2.9	Week_and_Consortium	NS1_w9w10	-0.516945365426196	0.0170533359950447	72	72	5.51246329643088e-42	1.53904418808417e-40
EC.3.1.4.57	Week_and_Consortium	NS1_w9w10	-3.61978964806229	0.123245827766757	72	72	9.67486559411914e-41	2.65828449895559e-39
EC.4.1.3.17	Week_and_Consortium	NS1_w9w10	3.52983930537552	0.122120246421697	72	72	1.2092838661688e-40	3.27073495677842e-39
EC.6.3.4.14	Week_and_Consortium	NS1_w9w10	1.22380699903563	0.0427201113182104	72	72	2.15617516300912e-40	5.74206031872122e-39
EC.2.8.2.22	Week_and_Consortium	NS1_w9w10	-2.04451385236804	0.0717987305719934	72	72	3.17664612010405e-40	8.33147641500017e-39
EC.3.4.24.75	Week_and_Consortium	NS1_w9w10	-1.59082183115797	0.0564036651615946	72	20	5.88961121316875e-40	1.52162940447688e-38
EC.3.5.99.2	Week_and_Consortium	NS1_w9w10	2.63037624447232	0.0926470658217674	72	72	8.5636396272165e-40	2.17995002863408e-38
EC.2.8.3.17	Week_and_Consortium	NS1_w9w10	-2.87446409939283	0.101304494836538	72	20	8.87473715608397e-40	2.19459571674019e-38
EC.2.8.3.24	Week_and_Consortium	NS1_w9w10	-2.87446409939283	0.101304494836538	72	20	8.87473715608397e-40	2.19459571674019e-38
EC.3.2.1.80	Week_and_Consortium	NS1_w9w10	1.29316904977411	0.0463546150737355	72	72	1.19102302873336e-39	2.9037476939964e-38
EC.2.7.7.71	Week_and_Consortium	NS1_w9w10	-2.36260167286377	0.0847243390814126	72	72	1.22319230707289e-39	2.94075817158773e-38
EC.2.7.1.170	Week_and_Consortium	NS1_w9w10	4.38779628332616	0.157526885223238	72	72	1.31532667294066e-39	3.11894585049354e-38
EC.3.1.21.5	Week_and_Consortium	NS1_w9w10	4.57845721291098	0.166885549697691	72	72	3.48533858020293e-39	8.15286632747469e-38
EC.2.6.1.9	Week_and_Consortium	NS1_w9w10	-0.694119714794946	0.0253498081052444	72	72	3.94592318113023e-39	9.10719070204856e-38
EC.2.7.1.39	Week_and_Consortium	NS1_w9w10	-1.74009877772182	0.0630661646978591	72	72	5.17638731694823e-39	1.17899032179439e-37
EC.3.1.3.27	Week_and_Consortium	NS1_w9w10	3.47929012908961	0.130401194065314	72	72	2.0690963838931e-38	4.65143615651813e-37
EC.1.3.3.11	Week_and_Consortium	NS1_w9w10	-2.04495094648029	0.0761734861287272	72	20	2.98371919432967e-38	6.53774420934766e-37
EC.2.5.1.140	Week_and_Consortium	NS1_w9w10	-2.04495094648029	0.0761734861287272	72	20	2.98371919432967e-38	6.53774420934766e-37
EC.3.2.1.197	Week_and_Consortium	NS1_w9w10	1.59001774835295	0.0597483176869216	72	52	5.14458531884769e-38	1.11315964836567e-36
EC.2.7.8.20	Week_and_Consortium	NS1_w9w10	2.45399823416752	0.093412280416245	72	72	5.56234573410289e-38	1.18869388465828e-36
EC.2.4.1.288	Week_and_Consortium	NS1_w9w10	-1.64817039820361	0.0623093326802591	72	20	7.59871498938631e-38	1.60407020080826e-36
EC.2.7.1.197	Week_and_Consortium	NS1_w9w10	-1.87460897761971	0.071969102438994	72	72	9.57006451381731e-38	1.99587731005033e-36
EC.2.4.1.332	Week_and_Consortium	NS1_w9w10	-2.01780194210452	0.0782111928991835	72	20	1.75672975020627e-37	3.26978408344845e-36
EC.3.4.11.14	Week_and_Consortium	NS1_w9w10	-2.01780194210452	0.0782111928991835	72	20	1.75672975020627e-37	3.26978408344845e-36
EC.1.2.1.67	Week_and_Consortium	NS1_w9w10	-2.01780194210452	0.0782111928991835	72	20	1.75672975020627e-37	3.26978408344845e-36
EC.1.11.2.4	Week_and_Consortium	NS1_w9w10	-2.01780194210452	0.0782111928991835	72	20	1.75672975020627e-37	3.26978408344845e-36
EC.1.1.1.308	Week_and_Consortium	NS1_w9w10	-2.01780194210452	0.0782111928991835	72	20	1.75672975020627e-37	3.26978408344845e-36
EC.3.7.1.3	Week_and_Consortium	NS1_w9w10	-2.01780194210452	0.0782111928991835	72	20	1.75672975020627e-37	3.26978408344845e-36
EC.3.1.4.17	Week_and_Consortium	NS1_w9w10	-2.01780194210452	0.0782111928991835	72	20	1.75672975020627e-37	3.26978408344845e-36
EC.2.3.1.222	Week_and_Consortium	NS1_w9w10	-2.01780194210452	0.0782111928991835	72	20	1.75672975020627e-37	3.26978408344845e-36
EC.1.21.4.1	Week_and_Consortium	NS1_w9w10	-2.01780194210452	0.0782111928991835	72	20	1.75672975020627e-37	3.26978408344845e-36
EC.3.1.3.87	Week_and_Consortium	NS1_w9w10	-2.01780194210452	0.0782111928991835	72	20	1.75672975020627e-37	3.26978408344845e-36
EC.5.1.1.20	Week_and_Consortium	NS1_w9w10	1.18493536398293	0.045976779776666	72	72	1.87702077423587e-37	3.45651378744925e-36
EC.1.3.1.25	Week_and_Consortium	NS1_w9w10	1.73868109987025	0.0670215321088677	72	52	2.54644528145422e-37	4.54422348680129e-36
EC.2.1.1.334	Week_and_Consortium	NS1_w9w10	1.73868109987025	0.0670215321088677	72	52	2.54644528145422e-37	4.54422348680129e-36
EC.1.3.1.71	Week_and_Consortium	NS1_w9w10	1.73868109987025	0.0670215321088677	72	52	2.54644528145422e-37	4.54422348680129e-36
EC.1.6.99.3	Week_and_Consortium	NS1_w9w10	1.35893711891751	0.052991988856754	72	72	2.57531801969553e-37	4.548852542952e-36
EC.1.2.7.4	Week_and_Consortium	NS1_w9w10	3.20481489714214	0.125473652677164	72	72	3.31858830248627e-37	5.80250136525629e-36
EC.3.2.1.180	Week_and_Consortium	NS1_w9w10	-1.65524418115	0.0651308328482191	72	72	4.55603039811358e-37	7.8864886191346e-36
EC.6.3.4.21	Week_and_Consortium	NS1_w9w10	1.19018557916743	0.0468567876655045	72	72	4.71346114875858e-37	8.07821905792188e-36
EC.6.3.2.14	Week_and_Consortium	NS1_w9w10	2.3170165475519	0.0912429997825698	72	72	4.79137829856825e-37	8.13125081845259e-36
EC.3.2.1.21	Week_and_Consortium	NS1_w9w10	1.0697024351765	0.0424454204534332	72	72	7.74173258016493e-37	1.30106204818112e-35
EC.3.4.17.13	Week_and_Consortium	NS1_w9w10	1.12125861936866	0.0446229648661832	72	72	9.33134899632434e-37	1.55313126083052e-35
EC.2.7.1.16	Week_and_Consortium	NS1_w9w10	-1.70399252192391	0.0679048648233059	72	72	1.0152666823344e-36	1.673739644877e-35
EC.3.1.6.6	Week_and_Consortium	NS1_w9w10	1.51768040175335	0.0609787462933518	72	72	1.70343273643066e-36	2.78173779883158e-35
EC.3.5.1.87	Week_and_Consortium	NS1_w9w10	2.60969342059079	0.105067771374884	72	72	1.93581328317149e-36	3.13167550763538e-35
EC.3.6.3.29	Week_and_Consortium	NS1_w9w10	1.17158493330537	0.0474320099494485	72	72	2.7479670865908e-36	4.40438058045248e-35
EC.2.3.1.178	Week_and_Consortium	NS1_w9w10	-2.07463929069123	0.0834774969714176	72	20	3.7424321013129e-36	5.94325685080058e-35
EC.2.6.1.33	Week_and_Consortium	NS1_w9w10	1.37798578213524	0.056135710845174	72	52	4.05990473328765e-36	6.38881372120084e-35
EC.3.2.1.122	Week_and_Consortium	NS1_w9w10	-2.88601065707398	0.11912131179961	72	72	9.24472408559633e-36	1.44167724253759e-34
EC.1.8.1.9	Week_and_Consortium	NS1_w9w10	-0.363437110578468	0.0150561223696337	72	72	1.16307191069606e-35	1.79756917626328e-34
EC.6.4.1.2	Week_and_Consortium	NS1_w9w10	0.902154782171632	0.0374537136483133	72	72	1.32986004051932e-35	2.0371572833088e-34
EC.3.2.1.139	Week_and_Consortium	NS1_w9w10	-4.59354872823766	0.191038315279525	72	70	1.48335089283009e-35	2.25235122411307e-34
EC.2.7.7.40	Week_and_Consortium	NS1_w9w10	3.63684665322422	0.15161130778442	72	72	1.72158014174135e-35	2.59135236987328e-34
EC.2.4.1.304	Week_and_Consortium	NS1_w9w10	1.64113614365215	0.0686885857081848	72	52	2.20921909408717e-35	3.29668814815938e-34
EC.3.1.1.31	Week_and_Consortium	NS1_w9w10	1.02439309115262	0.0429565430520575	72	72	2.48665264359182e-35	3.678970706032e-34
EC.3.2.1.1	Week_and_Consortium	NS1_w9w10	-0.502608027126355	0.0212445356535982	72	72	4.08458718244573e-35	5.9918817057742e-34
EC.2.7.7.92	Week_and_Consortium	NS1_w9w10	1.59250130594552	0.0669796411902112	72	52	5.73526711328535e-35	8.07133936629537e-34
EC.2.5.1.132	Week_and_Consortium	NS1_w9w10	1.5925013059458	0.066979641190345	72	52	5.73526714069515e-35	8.07133936629537e-34
EC.3.1.3.103	Week_and_Consortium	NS1_w9w10	1.5925013059458	0.066979641190345	72	52	5.73526714069515e-35	8.07133936629537e-34
EC.3.2.1.130	Week_and_Consortium	NS1_w9w10	1.5925013059458	0.066979641190345	72	52	5.73526714069515e-35	8.07133936629537e-34
EC.3.2.1.198	Week_and_Consortium	NS1_w9w10	1.5925013059458	0.066979641190345	72	52	5.73526714069515e-35	8.07133936629537e-34
EC.1.1.1.281	Week_and_Consortium	NS1_w9w10	-2.60265332703312	0.109780379036164	72	20	6.89955841541187e-35	9.55450849366236e-34
EC.6.3.3.6	Week_and_Consortium	NS1_w9w10	-2.60265332703312	0.109780379036164	72	20	6.89955841541187e-35	9.55450849366236e-34
EC.3.2.1.20	Week_and_Consortium	NS1_w9w10	0.685320005125448	0.0293373615940361	72	72	8.99653856483632e-35	1.23595303616918e-33
EC.1.3.3.15	Week_and_Consortium	NS1_w9w10	2.14079058752657	0.0927998853077485	72	52	1.95907288343011e-34	2.64933996970119e-33
EC.1.3.3.4	Week_and_Consortium	NS1_w9w10	2.14079058752657	0.0927998853077485	72	52	1.95907288343011e-34	2.64933996970119e-33
EC.5.1.1.7	Week_and_Consortium	NS1_w9w10	-0.314737966870258	0.0137234069765851	72	72	2.81407058431339e-34	3.7760900631368e-33
EC.4.1.1.77	Week_and_Consortium	NS1_w9w10	1.41061436448327	0.0610562140439031	72	72	3.38391318821428e-34	4.50581056061456e-33
EC.3.1.3.25	Week_and_Consortium	NS1_w9w10	-0.363585946749976	0.0159615833154257	72	72	4.28694704324567e-34	5.66466055867043e-33
EC.2.7.7.6	Week_and_Consortium	NS1_w9w10	-0.257514749769653	0.0113707006423473	72	72	6.13099810204371e-34	8.02646112300554e-33
EC.5.1.3.11	Week_and_Consortium	NS1_w9w10	1.96471840589371	0.0867614322233032	72	72	6.16706718289854e-34	8.02646112300554e-33
EC.1.21.4.2	Week_and_Consortium	NS1_w9w10	2.71810141232127	0.120051915120529	72	72	6.23494255575539e-34	8.05424295821834e-33
EC.3.5.1.44	Week_and_Consortium	NS1_w9w10	-1.84372820127751	0.081670585050419	72	72	7.46249676315917e-34	9.5685791829841e-33
EC.1.1.1.205	Week_and_Consortium	NS1_w9w10	-0.187165900595611	0.00825485168466036	72	72	1.05636193122596e-33	1.34453125217069e-32
EC.3.4.11.18	Week_and_Consortium	NS1_w9w10	0.237340200778708	0.0104793547319301	72	72	1.12921350451249e-33	1.4267653841687e-32
EC.2.7.7.60	Week_and_Consortium	NS1_w9w10	0.234187727370542	0.010475413361612	72	72	1.36121190824957e-33	1.70743319795652e-32
EC.3.2.2.9	Week_and_Consortium	NS1_w9w10	1.168593563537	0.0525855338096906	72	72	1.96561892221695e-33	2.44783190960975e-32
EC.3.1.1.17	Week_and_Consortium	NS1_w9w10	1.66052869249713	0.0743629167796581	72	72	2.67162169689233e-33	3.30326939808615e-32
EC.1.17.1.11	Week_and_Consortium	NS1_w9w10	2.06252863621536	0.0933107097735931	72	72	2.73185651024111e-33	3.35378980087047e-32
EC.1.1.1.261	Week_and_Consortium	NS1_w9w10	-1.8161067473082	0.0824185692765048	72	72	3.30660179820545e-33	4.03079416386875e-32
EC.2.3.1.183	Week_and_Consortium	NS1_w9w10	-0.745368429246845	0.0338673237991262	72	72	3.5615029816587e-33	4.31116200087497e-32
EC.4.2.1.18	Week_and_Consortium	NS1_w9w10	4.26421263678717	0.192241672799874	72	66	3.99243433442801e-33	4.76614057441027e-32
EC.1.1.1.291	Week_and_Consortium	NS1_w9w10	4.26421263678717	0.192241672799874	72	66	3.99243433442801e-33	4.76614057441027e-32
EC.2.1.3.1	Week_and_Consortium	NS1_w9w10	1.62606546134254	0.0748099268789921	72	52	7.6338048733816e-33	8.92845691609699e-32
EC.4.1.1.70	Week_and_Consortium	NS1_w9w10	1.62606546134254	0.0748099268789921	72	52	7.6338048733816e-33	8.92845691609699e-32
EC.1.3.7.7	Week_and_Consortium	NS1_w9w10	1.62606546134254	0.0748099268789921	72	52	7.6338048733816e-33	8.92845691609699e-32
EC.1.8.99.2	Week_and_Consortium	NS1_w9w10	-2.74759585251227	0.126721918873614	72	19	8.8829663271455e-33	1.03197414176435e-31
EC.1.5.3.1	Week_and_Consortium	NS1_w9w10	-2.78995304678765	0.12915807995726	72	19	1.11627417530238e-32	1.25472116717429e-31
EC.1.5.1.51	Week_and_Consortium	NS1_w9w10	-2.78995304678765	0.12915807995726	72	19	1.11627417530238e-32	1.25472116717429e-31
EC.3.13.1.6	Week_and_Consortium	NS1_w9w10	-2.78995304678765	0.12915807995726	72	19	1.11627417530238e-32	1.25472116717429e-31
EC.2.7.7.83	Week_and_Consortium	NS1_w9w10	-2.78995304678765	0.12915807995726	72	19	1.11627417530238e-32	1.25472116717429e-31
EC.2.7.1.95	Week_and_Consortium	NS1_w9w10	-2.78995304678765	0.12915807995726	72	19	1.11627417530238e-32	1.25472116717429e-31
EC.1.21.4.4	Week_and_Consortium	NS1_w9w10	2.59163283261869	0.12035409774737	72	72	1.35162559282702e-32	1.50946058140876e-31
EC.5.3.1.33	Week_and_Consortium	NS1_w9w10	2.72588779606785	0.126703239763743	72	72	1.42812029125579e-32	1.57457084341642e-31
EC.5.3.2.5	Week_and_Consortium	NS1_w9w10	2.72588779606785	0.126703239763743	72	72	1.42812029125579e-32	1.57457084341642e-31
EC.3.2.2.20	Week_and_Consortium	NS1_w9w10	0.348060649216924	0.0161840168527281	72	72	1.45883008754127e-32	1.59824992502148e-31
EC.1.17.1.9	Week_and_Consortium	NS1_w9w10	1.37619429285987	0.0641286806767432	72	72	1.6646748403823e-32	1.81229694886903e-31
EC.5.4.99.9	Week_and_Consortium	NS1_w9w10	-1.35790317523726	0.0633102485701922	72	72	1.71986995099103e-32	1.86068430322842e-31
EC.4.3.1.12	Week_and_Consortium	NS1_w9w10	1.95817263826917	0.0914860092163894	72	72	1.95067023863388e-32	2.0972734056368e-31
EC.5.1.1.3	Week_and_Consortium	NS1_w9w10	0.748481953984199	0.0350241275545619	72	72	2.14631147222292e-32	2.29337355457894e-31
EC.2.6.1.59	Week_and_Consortium	NS1_w9w10	-0.871668073201504	0.040869224129112	72	72	2.42071784356024e-32	2.57071324368269e-31
EC.2.3.1.54	Week_and_Consortium	NS1_w9w10	-0.431345897894624	0.0202634890288782	72	72	2.723946430268e-32	2.87509223828897e-31
EC.3.2.1.14	Week_and_Consortium	NS1_w9w10	0.797733428936414	0.0376196265081684	72	72	3.43959922639728e-32	3.60845227932951e-31
EC.1.1.1.384	Week_and_Consortium	NS1_w9w10	2.41459084673699	0.114002583639581	72	52	3.69599213311608e-32	3.83099543857721e-31
EC.5.1.3.23	Week_and_Consortium	NS1_w9w10	2.41459084673699	0.114002583639581	72	52	3.69599213311608e-32	3.83099543857721e-31
EC.5.1.3.14	Week_and_Consortium	NS1_w9w10	0.929009573265986	0.0440424330568883	72	72	4.73897582644641e-32	4.88283759260639e-31
EC.1.1.1.57	Week_and_Consortium	NS1_w9w10	-1.27893643843735	0.0607495096928195	72	72	5.33030874204136e-32	5.45962392454058e-31
EC.2.2.1.6	Week_and_Consortium	NS1_w9w10	-0.228432433702819	0.0108600153575796	72	72	5.6195619816597e-32	5.72203634720762e-31
EC.1.1.1.335	Week_and_Consortium	NS1_w9w10	-1.66686407578386	0.0793491069976942	72	72	6.08375840645212e-32	6.1584712289875e-31
EC.1.21.4.3	Week_and_Consortium	NS1_w9w10	2.48879127536554	0.118667866806376	72	72	6.70990788247859e-32	6.75282008405258e-31
EC.2.6.1.37	Week_and_Consortium	NS1_w9w10	0.966772903944198	0.0461224238083705	72	72	6.94099810132536e-32	6.94501023895619e-31
EC.3.4.19.11	Week_and_Consortium	NS1_w9w10	-4.03111726932601	0.191113155272543	72	70	8.29655993328909e-32	8.25364669225484e-31
EC.4.2.2.8	Week_and_Consortium	NS1_w9w10	1.6099707077799	0.0764479431747886	72	52	9.05636178093785e-32	8.90713763795649e-31
EC.4.2.2.7	Week_and_Consortium	NS1_w9w10	1.60997070777946	0.0764479431746104	72	52	9.05635412334644e-32	8.90713763795649e-31
EC.4.3.1.19	Week_and_Consortium	NS1_w9w10	-0.699224898815933	0.0336328735048198	72	72	1.13913499178327e-31	1.11403540721856e-30
EC.4.4.1.15	Week_and_Consortium	NS1_w9w10	-1.85187612043024	0.0900100581571591	72	72	2.13706235961173e-31	2.07823311488084e-30
EC.2.4.1.64	Week_and_Consortium	NS1_w9w10	-3.77754629856625	0.184337874440523	72	72	2.71426241442631e-31	2.62479789909047e-30
EC.4.1.2.53	Week_and_Consortium	NS1_w9w10	2.13887108182442	0.103600498168221	72	72	2.97959351484769e-31	2.84954495812229e-30
EC.4.1.2.52	Week_and_Consortium	NS1_w9w10	2.13887108182442	0.103600498168221	72	72	2.97959351484769e-31	2.84954495812229e-30
EC.3.5.99.6	Week_and_Consortium	NS1_w9w10	0.329582170854597	0.0161545574374182	72	72	3.54354651116445e-31	3.37026319276135e-30
EC.1.12.1.3	Week_and_Consortium	NS1_w9w10	0.91924654773103	0.0452367296193057	72	72	4.49942212226616e-31	4.2560107615534e-30
EC.3.5.1.104	Week_and_Consortium	NS1_w9w10	-0.583695236568159	0.0287328038523511	72	72	4.58263827175887e-31	4.31116676544272e-30
EC.3.2.2.21	Week_and_Consortium	NS1_w9w10	-1.96827225419159	0.097119033032125	72	72	5.28107611821047e-31	4.94137446520126e-30
EC.4.1.3.39	Week_and_Consortium	NS1_w9w10	-1.66217513097484	0.0824038784801485	72	72	7.00864938793874e-31	6.52256564006557e-30
EC.1.2.1.9	Week_and_Consortium	NS1_w9w10	1.78766721581994	0.0891669668000727	72	52	1.00908706869783e-30	9.34080061987139e-30
EC.1.1.1.47	Week_and_Consortium	NS1_w9w10	-3.95635568746861	0.19561937262577	72	72	1.01709381164537e-30	9.36483716999012e-30
EC.4.2.1.55	Week_and_Consortium	NS1_w9w10	-1.78328576968828	0.0892378333215134	72	72	1.22517095504704e-30	1.12210101755895e-29
EC.2.7.1.176	Week_and_Consortium	NS1_w9w10	-4.5151406685212	0.227275125010542	72	62	1.7396527505474e-30	1.58491521641976e-29
EC.2.1.1.64	Week_and_Consortium	NS1_w9w10	-1.47042807176185	0.0736188213139121	72	72	2.10839693171706e-30	1.90085160875116e-29
EC.2.1.1.222	Week_and_Consortium	NS1_w9w10	-1.47042807176185	0.0736188213139121	72	72	2.10839693171706e-30	1.90085160875116e-29
EC.2.3.1.57	Week_and_Consortium	NS1_w9w10	-0.191127511913791	0.00968117441915613	72	72	2.52741546156617e-30	2.26681666526997e-29
EC.2.7.7.43	Week_and_Consortium	NS1_w9w10	-1.50478987070573	0.0763060584881683	72	72	2.69852934987355e-30	2.40781149723254e-29
EC.2.6.1.85	Week_and_Consortium	NS1_w9w10	0.436265661233723	0.0221787188848458	72	72	3.13800440614213e-30	2.78558237283694e-29
EC.2.4.1.212	Week_and_Consortium	NS1_w9w10	2.37112923122755	0.120829349335726	72	72	3.61364012463856e-30	3.19143421211702e-29
EC.2.7.1.168	Week_and_Consortium	NS1_w9w10	-1.66963338734895	0.0852300745861318	72	72	4.00625683062116e-30	3.52021856538336e-29
EC.5.4.3.9	Week_and_Consortium	NS1_w9w10	1.74621987884996	0.0898377860756253	72	72	6.36210876857538e-30	5.56202539313333e-29
EC.4.3.3.7	Week_and_Consortium	NS1_w9w10	-0.274822749005358	0.014034310451631	72	72	6.80143951931267e-30	5.91622703916092e-29
EC.3.6.1.23	Week_and_Consortium	NS1_w9w10	0.807132191949616	0.0420968545800411	72	72	1.42838856461975e-29	1.23627030267839e-28
EC.3.2.1.78	Week_and_Consortium	NS1_w9w10	1.45855873179361	0.0765707040145651	72	72	2.09770738164558e-29	1.80653307344701e-28
EC.2.1.1.34	Week_and_Consortium	NS1_w9w10	-2.06362296043028	0.108497523208113	72	72	2.29099193171784e-29	1.96322130386316e-28
EC.2.4.1.291	Week_and_Consortium	NS1_w9w10	-2.60202774724476	0.136918884244831	72	72	2.40606059316896e-29	2.05167038757412e-28
EC.1.1.1.69	Week_and_Consortium	NS1_w9w10	0.935587371465977	0.0492654297285614	72	72	2.50798047283525e-29	2.12809519533226e-28
EC.5.4.99.16	Week_and_Consortium	NS1_w9w10	-1.54717276252185	0.0816725651697511	72	72	2.90234182959792e-29	2.45070912538244e-28
EC.1.14.13.231	Week_and_Consortium	NS1_w9w10	2.02237101685478	0.107047846955393	72	52	3.40412780821663e-29	2.86045885243834e-28
EC.3.2.1.31	Week_and_Consortium	NS1_w9w10	1.9556412440378	0.103761275645146	72	72	3.91170440157403e-29	3.27109194160611e-28
EC.2.1.1.266	Week_and_Consortium	NS1_w9w10	2.64197865851282	0.140403943249705	72	72	4.30158213851594e-29	3.56269793386177e-28
EC.2.1.1.181	Week_and_Consortium	NS1_w9w10	2.64197865851282	0.140403943249705	72	72	4.30158213851594e-29	3.56269793386177e-28
EC.2.1.1.80	Week_and_Consortium	NS1_w9w10	-1.57010426338855	0.0839116972618527	72	72	5.98038097671596e-29	4.92954260509301e-28
EC.3.5.1.26	Week_and_Consortium	NS1_w9w10	2.22920513605801	0.119425149048763	72	72	6.89015552913823e-29	5.65253991513662e-28
EC.4.2.1.120	Week_and_Consortium	NS1_w9w10	-2.19611041066306	0.1178588635598	72	72	7.6343969794171e-29	6.20429162975165e-28
EC.5.3.3.3	Week_and_Consortium	NS1_w9w10	-2.19611041066306	0.1178588635598	72	72	7.6343969794171e-29	6.20429162975165e-28
EC.2.7.1.58	Week_and_Consortium	NS1_w9w10	-3.18314402759844	0.171146301160586	72	72	8.50507806974347e-29	6.87957483118035e-28
EC.4.1.1.20	Week_and_Consortium	NS1_w9w10	-0.166853985087107	0.00899672571488975	72	72	1.00425274917199e-28	8.08540236658936e-28
EC.2.7.8.14	Week_and_Consortium	NS1_w9w10	-4.81487438795192	0.259698598320988	72	62	1.02286570301793e-28	8.1593572899725e-28
EC.2.7.8.47	Week_and_Consortium	NS1_w9w10	-4.81487438795192	0.259698598320988	72	62	1.02286570301793e-28	8.1593572899725e-28
EC.3.4.21.26	Week_and_Consortium	NS1_w9w10	-2.52663214910629	0.136501947593059	72	72	1.80806568451402e-28	1.43567050453843e-27
EC.5.3.1.24	Week_and_Consortium	NS1_w9w10	0.22262307820264	0.0121296701642479	72	72	1.84354945380036e-28	1.45716169156549e-27
EC.4.1.1.65	Week_and_Consortium	NS1_w9w10	0.443592855307087	0.0242244770954106	72	72	2.10492043973834e-28	1.65618967326685e-27
EC.2.1.1.113	Week_and_Consortium	NS1_w9w10	-1.48446872089855	0.0812309203664475	72	72	2.36784297726698e-28	1.85463176183219e-27
EC.3.1.21.4	Week_and_Consortium	NS1_w9w10	0.65321007661755	0.0357729095691491	72	72	2.48156225848862e-28	1.93494786911883e-27
EC.4.6.1.13	Week_and_Consortium	NS1_w9w10	1.76111134634575	0.0968438177735367	72	72	3.14880497810813e-28	2.44420691350008e-27
EC.2.4.1.80	Week_and_Consortium	NS1_w9w10	-2.75290321893451	0.150640483413629	72	72	3.76792616249353e-28	2.91173222646263e-27
EC.4.1.2.22	Week_and_Consortium	NS1_w9w10	-1.46899825622972	0.0811178339878448	72	72	4.00812315357364e-28	3.06993857470619e-27
EC.4.1.2.9	Week_and_Consortium	NS1_w9w10	-1.46899825622972	0.0811178339878448	72	72	4.00812315357364e-28	3.06993857470619e-27
EC.1.20.4.1	Week_and_Consortium	NS1_w9w10	-0.253568817218433	0.0140081114957924	72	72	4.11014054964397e-28	3.13420849842895e-27
EC.2.8.1.13	Week_and_Consortium	NS1_w9w10	0.438506766681314	0.0242511170736071	72	72	4.37661966251787e-28	3.2158052260933e-27
EC.1.8.98.5	Week_and_Consortium	NS1_w9w10	-2.49671069035358	0.137021331884326	72	72	4.45865542538005e-28	3.2158052260933e-27
EC.1.8.98.4	Week_and_Consortium	NS1_w9w10	-2.49671069035358	0.137021331884326	72	72	4.45865542538005e-28	3.2158052260933e-27
EC.1.8.7.3	Week_and_Consortium	NS1_w9w10	-2.49671069035358	0.137021331884326	72	72	4.45865542538005e-28	3.2158052260933e-27
EC.1.8.98.6	Week_and_Consortium	NS1_w9w10	-2.49671069035358	0.137021331884326	72	72	4.45865542538005e-28	3.2158052260933e-27
EC.2.3.2.5	Week_and_Consortium	NS1_w9w10	-2.4967106903523	0.137021331885249	72	72	4.45865542612589e-28	3.2158052260933e-27
EC.1.21.98.1	Week_and_Consortium	NS1_w9w10	-2.4967106903523	0.137021331885249	72	72	4.45865542612589e-28	3.2158052260933e-27
EC.2.5.1.120	Week_and_Consortium	NS1_w9w10	-2.4967106903523	0.137021331885249	72	72	4.45865542612589e-28	3.2158052260933e-27
EC.1.14.13.22	Week_and_Consortium	NS1_w9w10	-2.4967106903523	0.137021331885249	72	72	4.45865542612589e-28	3.2158052260933e-27
EC.3.2.2.26	Week_and_Consortium	NS1_w9w10	-2.4967106903523	0.137021331885249	72	72	4.45865542612589e-28	3.2158052260933e-27
EC.4.2.1.151	Week_and_Consortium	NS1_w9w10	-2.4967106903523	0.137021331885249	72	72	4.45865542612589e-28	3.2158052260933e-27
EC.1.1.1.67	Week_and_Consortium	NS1_w9w10	-2.4967106903523	0.137021331885249	72	72	4.45865542612589e-28	3.2158052260933e-27
EC.2.5.1.76	Week_and_Consortium	NS1_w9w10	-2.4967106903523	0.137021331885249	72	72	4.45865542612589e-28	3.2158052260933e-27
EC.4.2.1.8	Week_and_Consortium	NS1_w9w10	0.706690226387914	0.0392138499591676	72	72	5.31158971295099e-28	3.81508788096189e-27
EC.3.5.4.43	Week_and_Consortium	NS1_w9w10	2.12838783749667	0.118488898791188	72	72	6.41200215921893e-28	4.5864362552099e-27
EC.1.14.14.9	Week_and_Consortium	NS1_w9w10	-1.86549733349372	0.104498811125731	72	72	9.16240786419217e-28	6.52680165140603e-27
EC.6.1.1.3	Week_and_Consortium	NS1_w9w10	-0.166373278624688	0.00938820574371134	72	72	1.39626828684313e-27	9.9054934611699e-27
EC.3.1.1.5	Week_and_Consortium	NS1_w9w10	-1.29619050695392	0.0735904014038888	72	72	1.9822030084038e-27	1.40048710512121e-26
EC.3.5.5.1	Week_and_Consortium	NS1_w9w10	1.75431957159576	0.0999036472768261	72	52	2.35910949668383e-27	1.63344741550389e-26
EC.3.1.1.81	Week_and_Consortium	NS1_w9w10	1.75431957159576	0.099903647276826	72	52	2.35910949665513e-27	1.63344741550389e-26
EC.5.3.3.19	Week_and_Consortium	NS1_w9w10	1.75431957159576	0.0999036472768261	72	52	2.35910949668383e-27	1.63344741550389e-26
EC.1.2.99.7	Week_and_Consortium	NS1_w9w10	1.75431957159576	0.0999036472768261	72	52	2.35910949668383e-27	1.63344741550389e-26
EC.3.5.4.27	Week_and_Consortium	NS1_w9w10	1.75431957159576	0.0999036472768261	72	52	2.35910949668383e-27	1.63344741550389e-26
EC.2.1.3.6	Week_and_Consortium	NS1_w9w10	-2.96292132243219	0.169187148898896	72	70	2.75382343628049e-27	1.8991507443034e-26
EC.4.2.1.45	Week_and_Consortium	NS1_w9w10	-1.57941707969744	0.0904591465916054	72	72	3.27113522766031e-27	2.24695836471428e-26
EC.2.7.7.24	Week_and_Consortium	NS1_w9w10	-0.290334651260036	0.0166701815635735	72	72	3.77292936398948e-27	2.58139949765446e-26
EC.3.4.21.92	Week_and_Consortium	NS1_w9w10	0.292346511165317	0.0168220006267749	72	72	4.2676759913796e-27	2.90840438625121e-26
EC.3.5.4.10	Week_and_Consortium	NS1_w9w10	0.237306487658345	0.013738698404961	72	72	6.04580348682876e-27	4.08800227957054e-26
EC.2.1.2.3	Week_and_Consortium	NS1_w9w10	0.237306487658345	0.013738698404961	72	72	6.04580348682876e-27	4.08800227957054e-26
EC.2.8.1.6	Week_and_Consortium	NS1_w9w10	-0.248038209759588	0.0143646162448673	72	72	6.15724279985757e-27	4.14715458620757e-26
EC.1.3.99.16	Week_and_Consortium	NS1_w9w10	-1.55381188535992	0.0903629970145954	72	72	7.80964932322997e-27	5.17950305690079e-26
EC.4.2.1.82	Week_and_Consortium	NS1_w9w10	-1.55381188535992	0.0903629970145954	72	72	7.80964932322997e-27	5.17950305690079e-26
EC.1.5.1.40	Week_and_Consortium	NS1_w9w10	-1.55381188535992	0.0903629970145954	72	72	7.80964932322997e-27	5.17950305690079e-26
EC.2.6.1.87	Week_and_Consortium	NS1_w9w10	-1.55381188535992	0.0903629970145954	72	72	7.80964932322997e-27	5.17950305690079e-26
EC.4.2.1.90	Week_and_Consortium	NS1_w9w10	-2.15657310296647	0.125508769046796	72	20	8.14084692695948e-27	5.29767144201771e-26
EC.1.1.1.307	Week_and_Consortium	NS1_w9w10	-2.15657310296648	0.125508769046796	72	20	8.14084692996367e-27	5.29767144201771e-26
EC.6.2.1.9	Week_and_Consortium	NS1_w9w10	-2.15657310296647	0.125508769046796	72	20	8.14084692695948e-27	5.29767144201771e-26
EC.2.7.1.101	Week_and_Consortium	NS1_w9w10	-2.15657310296647	0.125508769046796	72	20	8.14084692695948e-27	5.29767144201771e-26
EC.1.14.19.3	Week_and_Consortium	NS1_w9w10	-2.15657310296647	0.125508769046796	72	20	8.14084692695948e-27	5.29767144201771e-26
EC.3.6.3.4	Week_and_Consortium	NS1_w9w10	0.698776014314195	0.0406965875868156	72	72	8.47759302954656e-27	5.49614739106558e-26
EC.2.4.1.20	Week_and_Consortium	NS1_w9w10	1.41857942485388	0.0828323784221388	72	72	9.82139309441795e-27	6.34359382329757e-26
EC.1.17.4.1	Week_and_Consortium	NS1_w9w10	-0.279386376839824	0.0164447690941475	72	72	1.54511907492287e-26	9.94275508807247e-26
EC.2.1.1.265	Week_and_Consortium	NS1_w9w10	-2.81874667177283	0.165965826687569	72	72	1.57354510985083e-26	1.00509468086782e-25
EC.4.2.99.21	Week_and_Consortium	NS1_w9w10	-2.81874667177283	0.165965826687569	72	72	1.57354510985083e-26	1.00509468086782e-25
EC.2.4.1.348	Week_and_Consortium	NS1_w9w10	1.18334998578378	0.0709040289646508	72	72	4.21397898609761e-26	2.68176383269668e-25
EC.3.5.1.1	Week_and_Consortium	NS1_w9w10	0.678032568405987	0.0406974606302041	72	72	4.64822639179798e-26	2.94728200886531e-25
EC.1.1.1.9	Week_and_Consortium	NS1_w9w10	-2.71744810338515	0.162221936932957	72	72	4.83046975296061e-26	3.05165808115869e-25
EC.3.5.1.5	Week_and_Consortium	NS1_w9w10	-1.71571312990398	0.103591595179056	72	72	6.46992395402088e-26	4.07252304160369e-25
EC.2.7.7.8	Week_and_Consortium	NS1_w9w10	-0.18344114580549	0.01109078831818	72	72	6.97710875529164e-26	4.37586059978617e-25
EC.3.1.3.102	Week_and_Consortium	NS1_w9w10	-1.21204693691163	0.0733102000692748	72	72	7.14009539015292e-26	4.46191520590423e-25
EC.2.3.1.15	Week_and_Consortium	NS1_w9w10	-0.975665893911149	0.0592427155065748	72	72	8.87321534073067e-26	5.52168390432596e-25
EC.4.2.1.30	Week_and_Consortium	NS1_w9w10	1.03866254326764	0.0630712652518348	72	72	8.89976781806438e-26	5.52168390432596e-25
EC.3.2.1.11	Week_and_Consortium	NS1_w9w10	1.15185472082799	0.0707568897047908	72	72	1.69312032629978e-25	1.04671117315176e-24
EC.3.2.1.135	Week_and_Consortium	NS1_w9w10	-0.812869472597829	0.0500540381099581	72	72	1.93580533696272e-25	1.19248364351689e-24
EC.2.2.1.7	Week_and_Consortium	NS1_w9w10	0.218813770539993	0.0135265053195679	72	72	2.40304680917053e-25	1.47506171158659e-24
EC.6.4.1.1	Week_and_Consortium	NS1_w9w10	0.864028015781021	0.0535139218990203	72	72	2.67079504365436e-25	1.63362057263806e-24
EC.3.5.3.9	Week_and_Consortium	NS1_w9w10	2.04080272784054	0.126738036528548	72	72	3.09913406794263e-25	1.88894403929883e-24
EC.5.3.1.6	Week_and_Consortium	NS1_w9w10	0.539213255583632	0.0334976050218639	72	72	3.15781220938077e-25	1.91795541559232e-24
EC.2.7.7.33	Week_and_Consortium	NS1_w9w10	-1.49511680699433	0.092950284009841	72	72	3.29016532391519e-25	1.99135530618783e-24
EC.4.2.1.42	Week_and_Consortium	NS1_w9w10	1.16105187516727	0.0722312825407041	72	72	3.41743654980203e-25	2.06117862986318e-24
EC.4.1.99.19	Week_and_Consortium	NS1_w9w10	0.461277326846257	0.0287403541158273	72	72	3.71511295776833e-25	2.23293768399201e-24
EC.3.2.1.3	Week_and_Consortium	NS1_w9w10	1.33617868457981	0.0837782903535579	72	72	5.25998646566571e-25	3.15053168583645e-24
EC.6.1.1.15	Week_and_Consortium	NS1_w9w10	-0.149197514479897	0.00938982575524347	72	72	6.46656942477794e-25	3.85987299113469e-24
EC.1.1.1.1	Week_and_Consortium	NS1_w9w10	-0.599900123139839	0.0380315966718055	72	72	9.65558000776246e-25	5.74357697368963e-24
EC.2.4.2.10	Week_and_Consortium	NS1_w9w10	-0.133189939971826	0.00844454051291894	72	72	9.70324011767345e-25	5.75216049441532e-24
EC.2.7.6.3	Week_and_Consortium	NS1_w9w10	0.25183492538086	0.0160398781237864	72	72	1.24572120944364e-24	7.35953383463118e-24
EC.2.5.1.3	Week_and_Consortium	NS1_w9w10	0.228252840746172	0.0145577969125659	72	72	1.34258470174952e-24	7.90480992764771e-24
EC.3.5.4.4	Week_and_Consortium	NS1_w9w10	-2.03011482780824	0.129796891931654	72	72	1.53505175593224e-24	9.00737148989393e-24
EC.5.4.2.6	Week_and_Consortium	NS1_w9w10	-2.55321770113058	0.163510584283401	72	72	1.67934853168361e-24	9.82078482548763e-24
EC.4.1.1.50	Week_and_Consortium	NS1_w9w10	-1.93770015022153	0.124278592033349	72	72	1.8226970915802e-24	1.0623194160018e-23
EC.3.2.1.85	Week_and_Consortium	NS1_w9w10	1.94659129453468	0.125034466769918	72	72	1.97655882528409e-24	1.14812863307609e-23
EC.1.1.1.103	Week_and_Consortium	NS1_w9w10	-0.872178183082629	0.0558801841826974	72	72	2.46052685882422e-24	1.42447223833603e-23
EC.5.4.99.21	Week_and_Consortium	NS1_w9w10	-0.945170853058711	0.0611861634627557	72	72	3.0222858374392e-24	1.74385892820242e-23
EC.2.4.1.15	Week_and_Consortium	NS1_w9w10	1.13883105312898	0.0737424377695498	72	72	3.0661973600912e-24	1.75747934778737e-23
EC.3.1.3.12	Week_and_Consortium	NS1_w9w10	1.13883105312898	0.0737424377695498	72	72	3.0661973600912e-24	1.75747934778737e-23
EC.1.2.1.58	Week_and_Consortium	NS1_w9w10	3.50815288329209	0.225955245639086	72	69	3.27979438203123e-24	1.87370431527922e-23
EC.3.2.1.37	Week_and_Consortium	NS1_w9w10	-0.915665550937387	0.0594016714030143	72	72	3.39036192760251e-24	1.93049884759209e-23
EC.3.4.19.3	Week_and_Consortium	NS1_w9w10	-2.89295588742945	0.186500280466973	72	72	3.44518720432277e-24	1.95528493465007e-23
EC.1.1.1.264	Week_and_Consortium	NS1_w9w10	2.43182080370646	0.158356344429488	72	52	4.16218786442035e-24	2.1701045763878e-23
EC.1.14.13.149	Week_and_Consortium	NS1_w9w10	2.43182080370647	0.158356344429488	72	52	4.16218786459128e-24	2.1701045763878e-23
EC.1.14.12.19	Week_and_Consortium	NS1_w9w10	2.43182080370647	0.158356344429488	72	52	4.16218786459128e-24	2.1701045763878e-23
EC.1.1.1.361	Week_and_Consortium	NS1_w9w10	2.43182080370647	0.158356344429488	72	52	4.16218786459128e-24	2.1701045763878e-23
EC.1.14.13.239	Week_and_Consortium	NS1_w9w10	2.43182080370647	0.158356344429488	72	52	4.16218786459128e-24	2.1701045763878e-23
EC.4.1.1.41	Week_and_Consortium	NS1_w9w10	2.43182080370646	0.158356344429488	72	52	4.16218786442035e-24	2.1701045763878e-23
EC.5.3.1.31	Week_and_Consortium	NS1_w9w10	2.43182080370646	0.158356344429488	72	52	4.16218786442035e-24	2.1701045763878e-23
EC.1.14.15.7	Week_and_Consortium	NS1_w9w10	2.43182080370646	0.158356344429488	72	52	4.16218786442035e-24	2.1701045763878e-23
EC.4.2.1.104	Week_and_Consortium	NS1_w9w10	2.43182080370646	0.158356344429488	72	52	4.16218786442035e-24	2.1701045763878e-23
EC.1.4.3.21	Week_and_Consortium	NS1_w9w10	2.43182080370646	0.158356344429488	72	52	4.16218786442035e-24	2.1701045763878e-23
EC.1.2.1.91	Week_and_Consortium	NS1_w9w10	2.43182080370646	0.158356344429488	72	52	4.16218786442035e-24	2.1701045763878e-23
EC.3.3.2.12	Week_and_Consortium	NS1_w9w10	2.43182080370646	0.158356344429488	72	52	4.16218786442035e-24	2.1701045763878e-23
EC.2.3.1.174	Week_and_Consortium	NS1_w9w10	2.43182080370646	0.158356344429488	72	52	4.16218786442035e-24	2.1701045763878e-23
EC.2.3.1.223	Week_and_Consortium	NS1_w9w10	2.43182080370646	0.158356344429488	72	52	4.16218786442035e-24	2.1701045763878e-23
EC.5.3.1.32	Week_and_Consortium	NS1_w9w10	2.43182080370646	0.158356344429488	72	52	4.16218786442035e-24	2.1701045763878e-23
EC.1.3.1.60	Week_and_Consortium	NS1_w9w10	2.43182080370646	0.158356344429488	72	52	4.16218786442035e-24	2.1701045763878e-23
EC.3.5.1.11	Week_and_Consortium	NS1_w9w10	2.43182080370646	0.158356344429488	72	52	4.16218786442035e-24	2.1701045763878e-23
EC.3.5.1.94	Week_and_Consortium	NS1_w9w10	2.43182080370646	0.158356344429488	72	52	4.16218786442035e-24	2.1701045763878e-23
EC.6.3.1.11	Week_and_Consortium	NS1_w9w10	2.43182080370646	0.158356344429488	72	52	4.16218786442035e-24	2.1701045763878e-23
EC.1.13.11.15	Week_and_Consortium	NS1_w9w10	2.43182080370646	0.158356344429488	72	52	4.16218786442035e-24	2.1701045763878e-23
EC.5.3.3.10	Week_and_Consortium	NS1_w9w10	2.43182080370646	0.158356344429488	72	52	4.16218786442035e-24	2.1701045763878e-23
EC.1.14.12.3	Week_and_Consortium	NS1_w9w10	2.43182080370646	0.158356344429488	72	52	4.16218786442035e-24	2.1701045763878e-23
EC.1.18.1.3	Week_and_Consortium	NS1_w9w10	2.43182080370646	0.158356344429488	72	52	4.16218786442035e-24	2.1701045763878e-23
EC.1.3.1.29	Week_and_Consortium	NS1_w9w10	2.43182080370646	0.158356344429488	72	52	4.16218786442035e-24	2.1701045763878e-23
EC.1.3.1.87	Week_and_Consortium	NS1_w9w10	2.43182080370646	0.158356344429488	72	52	4.16218786442035e-24	2.1701045763878e-23
EC.1.14.12.11	Week_and_Consortium	NS1_w9w10	2.43182080370646	0.158356344429488	72	52	4.16218786442035e-24	2.1701045763878e-23
EC.1.14.12.18	Week_and_Consortium	NS1_w9w10	2.43182080370646	0.158356344429488	72	52	4.16218786442035e-24	2.1701045763878e-23
EC.1.1.1.49	Week_and_Consortium	NS1_w9w10	0.779589828970946	0.050847208497952	72	72	4.54032908554755e-24	2.35308672068348e-23
EC.1.1.1.363	Week_and_Consortium	NS1_w9w10	0.779589828970946	0.050847208497952	72	72	4.54032908554755e-24	2.35308672068348e-23
EC.3.6.1.15	Week_and_Consortium	NS1_w9w10	-1.34546634892292	0.0879885128167754	72	72	5.24145416253383e-24	2.70834541950629e-23
EC.4.1.99.22	Week_and_Consortium	NS1_w9w10	0.962962250362637	0.0625821470904095	72	72	5.29534805445739e-24	2.72804984591242e-23
EC.5.1.1.4	Week_and_Consortium	NS1_w9w10	2.06256287823576	0.135029948449099	72	72	5.55721846852959e-24	2.8544644418471e-23
EC.3.5.3.26	Week_and_Consortium	NS1_w9w10	1.92122131439888	0.126391253766852	72	72	7.23065958888668e-24	3.70303897880558e-23
EC.2.3.2.16	Week_and_Consortium	NS1_w9w10	4.46400800647399	0.295099985652896	72	52	9.3883993371696e-24	4.60377315938827e-23
EC.2.3.2.10	Week_and_Consortium	NS1_w9w10	4.46400800647399	0.295099985652896	72	52	9.3883993371696e-24	4.60377315938827e-23
EC.1.1.1.202	Week_and_Consortium	NS1_w9w10	4.46400800647399	0.295099985652896	72	52	9.3883993371696e-24	4.60377315938827e-23
EC.1.14.15.20	Week_and_Consortium	NS1_w9w10	4.46400800647399	0.295099985652896	72	52	9.3883993371696e-24	4.60377315938827e-23
EC.2.7.1.76	Week_and_Consortium	NS1_w9w10	4.46400800647399	0.295099985652896	72	52	9.3883993371696e-24	4.60377315938827e-23
EC.2.7.1.74	Week_and_Consortium	NS1_w9w10	4.46400800647399	0.295099985652896	72	52	9.3883993371696e-24	4.60377315938827e-23
EC.3.1.4.3	Week_and_Consortium	NS1_w9w10	4.46400800647399	0.295099985652896	72	52	9.3883993371696e-24	4.60377315938827e-23
EC.3.4.22.8	Week_and_Consortium	NS1_w9w10	4.46400800647399	0.295099985652896	72	52	9.3883993371696e-24	4.60377315938827e-23
EC.2.6.1.51	Week_and_Consortium	NS1_w9w10	4.46400800647399	0.295099985652896	72	52	9.3883993371696e-24	4.60377315938827e-23
EC.2.6.1.45	Week_and_Consortium	NS1_w9w10	4.46400800647399	0.295099985652896	72	52	9.3883993371696e-24	4.60377315938827e-23
EC.2.6.1.44	Week_and_Consortium	NS1_w9w10	4.46400800647399	0.295099985652896	72	52	9.3883993371696e-24	4.60377315938827e-23
EC.1.3.1.44	Week_and_Consortium	NS1_w9w10	4.46400800647399	0.295099985652896	72	52	9.3883993371696e-24	4.60377315938827e-23
EC.3.4.15.6	Week_and_Consortium	NS1_w9w10	4.46400800647399	0.295099985652896	72	52	9.3883993371696e-24	4.60377315938827e-23
EC.6.3.2.30	Week_and_Consortium	NS1_w9w10	4.46400800647399	0.295099985652896	72	52	9.3883993371696e-24	4.60377315938827e-23
EC.6.3.2.29	Week_and_Consortium	NS1_w9w10	4.46400800647399	0.295099985652896	72	52	9.3883993371696e-24	4.60377315938827e-23
EC.3.2.1.28	Week_and_Consortium	NS1_w9w10	-1.9561599103076	0.129349825452053	72	72	9.52584702227085e-24	4.65797773885617e-23
EC.6.3.4.18	Week_and_Consortium	NS1_w9w10	-1.64183533270125	0.108023688720295	72	72	1.03207546282598e-23	5.03245810183597e-23
EC.2.7.1.198	Week_and_Consortium	NS1_w9w10	-2.609877473933	0.173321169416163	72	72	1.20074448746006e-23	5.83845142638587e-23
EC.1.19.1.1	Week_and_Consortium	NS1_w9w10	-0.857579392553842	0.0573398059914276	72	72	1.72854520679404e-23	8.35785405854884e-23
EC.1.18.1.2	Week_and_Consortium	NS1_w9w10	-0.857579392553842	0.0573398059914276	72	72	1.72854520679404e-23	8.35785405854884e-23
EC.2.7.4.25	Week_and_Consortium	NS1_w9w10	-0.128789619543647	0.00866537831612326	72	72	2.41749371135158e-23	1.16564947474919e-22
EC.1.1.1.44	Week_and_Consortium	NS1_w9w10	0.721916288839079	0.0487203917690625	72	72	2.84210576139186e-23	1.36279364902197e-22
EC.1.1.1.343	Week_and_Consortium	NS1_w9w10	0.721916288839079	0.0487203917690625	72	72	2.84210576139186e-23	1.36279364902197e-22
EC.2.3.3.1	Week_and_Consortium	NS1_w9w10	0.160542509738347	0.0108498419281677	72	72	3.06280066845816e-23	1.46456020914394e-22
EC.5.4.2.11	Week_and_Consortium	NS1_w9w10	0.667430814561396	0.0454018893648256	72	72	4.33393454802148e-23	2.06667787951107e-22
EC.5.3.1.22	Week_and_Consortium	NS1_w9w10	-1.00964117164506	0.0687954178445506	72	72	4.73543504117883e-23	2.25193353194521e-22
EC.2.7.1.71	Week_and_Consortium	NS1_w9w10	-0.196669919348832	0.0134234357377354	72	72	5.17913424690037e-23	2.45618667983138e-22
EC.3.5.2.5	Week_and_Consortium	NS1_w9w10	1.80370041540053	0.124398913550181	72	72	8.98789748129951e-23	4.25083348090969e-22
EC.2.1.1.199	Week_and_Consortium	NS1_w9w10	-0.125833101425022	0.00869175459968518	72	72	9.7383008093135e-23	4.59318765692689e-22
EC.2.1.3.15	Week_and_Consortium	NS1_w9w10	-0.198639031238824	0.0137500635175937	72	72	1.08981945330596e-22	5.12629748280604e-22
EC.1.8.5.6	Week_and_Consortium	NS1_w9w10	-1.54612697530706	0.107091557918215	72	17	1.12607867823529e-22	5.28249916538017e-22
EC.2.7.1.211	Week_and_Consortium	NS1_w9w10	-1.30816705439664	0.0906358689403347	72	72	1.14352164580255e-22	5.34982694293031e-22
EC.3.4.24.71	Week_and_Consortium	NS1_w9w10	-1.15599099588935	0.0801291483989684	72	72	1.17145978763998e-22	5.46575981780272e-22
EC.3.2.1.183	Week_and_Consortium	NS1_w9w10	2.31649439639954	0.160746138964299	72	72	1.24057706856455e-22	5.77268523033664e-22
EC.6.2.1.22	Week_and_Consortium	NS1_w9w10	1.6076261595266	0.111714100994738	72	72	1.33624890035814e-22	6.20119797994621e-22
EC.1.17.1.4	Week_and_Consortium	NS1_w9w10	1.33893761027881	0.0931512363002335	72	72	1.42049835919553e-22	6.57455256622316e-22
EC.2.7.7.74	Week_and_Consortium	NS1_w9w10	-1.41920296881773	0.0987672714363679	72	72	1.44480098105812e-22	6.66920132856429e-22
EC.3.1.4.16	Week_and_Consortium	NS1_w9w10	0.691089871232485	0.0482519306338743	72	72	1.71351320454231e-22	7.86761633173141e-22
EC.3.1.3.6	Week_and_Consortium	NS1_w9w10	0.691089871232485	0.0482519306338743	72	72	1.71351320454231e-22	7.86761633173141e-22
EC.2.6.1.98	Week_and_Consortium	NS1_w9w10	-1.9699794599494	0.137623595474729	72	17	1.76623605577488e-22	8.06689871384251e-22
EC.1.14.13.208	Week_and_Consortium	NS1_w9w10	-1.9699794599494	0.137623595474729	72	17	1.76623605577488e-22	8.06689871384251e-22
EC.2.7.8.43	Week_and_Consortium	NS1_w9w10	-1.69580117615507	0.11874593872035	72	72	2.71016735803045e-22	1.2345525517765e-21
EC.2.8.1.11	Week_and_Consortium	NS1_w9w10	0.968177509355888	0.0682882980095997	72	72	2.91473792337641e-22	1.32425494628991e-21
EC.3.2.1.165	Week_and_Consortium	NS1_w9w10	-2.01726840288634	0.142298258439486	72	72	2.93039493054343e-22	1.32788314784573e-21
EC.2.3.1.202	Week_and_Consortium	NS1_w9w10	-1.62944362433276	0.115081583851646	72	72	3.12317443798132e-22	1.41154437392837e-21
EC.2.5.1.17	Week_and_Consortium	NS1_w9w10	0.49500947113584	0.0349666506495032	72	72	3.1510533635381e-22	1.42043577403241e-21
EC.2.8.3.1	Week_and_Consortium	NS1_w9w10	1.30023895849844	0.0919374825819044	72	72	3.31748172459133e-22	1.49157425071886e-21
EC.1.3.99.31	Week_and_Consortium	NS1_w9w10	3.16493679856319	0.222774532511663	72	69	3.55977083656501e-22	1.58405226686222e-21
EC.1.3.99.29	Week_and_Consortium	NS1_w9w10	3.16493679856319	0.222774532511663	72	69	3.55977083656501e-22	1.58405226686222e-21
EC.1.3.99.28	Week_and_Consortium	NS1_w9w10	3.16493679856319	0.222774532511663	72	69	3.55977083656501e-22	1.58405226686222e-21
EC.1.3.99.26	Week_and_Consortium	NS1_w9w10	3.16493679856319	0.222774532511663	72	69	3.55977083656501e-22	1.58405226686222e-21
EC.5.1.3.37	Week_and_Consortium	NS1_w9w10	-1.66369810930875	0.117911730063822	72	72	3.74593255213964e-22	1.65413501218207e-21
EC.1.12.98.1	Week_and_Consortium	NS1_w9w10	-1.66369810930875	0.117911730063822	72	72	3.74593255213964e-22	1.65413501218207e-21
EC.2.7.8.40	Week_and_Consortium	NS1_w9w10	-1.66369810930875	0.117911730063822	72	72	3.74593255213964e-22	1.65413501218207e-21
EC.2.3.1.41	Week_and_Consortium	NS1_w9w10	-1.34121362069302	0.0951377066572721	72	72	3.91676063234138e-22	1.72516861439769e-21
EC.3.4.21.89	Week_and_Consortium	NS1_w9w10	0.248267013175851	0.0176218758582658	72	72	4.04954435799617e-22	1.77912722936329e-21
EC.1.1.1.90	Week_and_Consortium	NS1_w9w10	1.7090189390962	0.121492077345282	72	72	4.38659109722317e-22	1.92232637703628e-21
EC.3.2.1.54	Week_and_Consortium	NS1_w9w10	-1.3108470068341	0.093477111318423	72	72	5.15621156666384e-22	2.24821214657308e-21
EC.3.2.1.133	Week_and_Consortium	NS1_w9w10	-1.3108470068341	0.093477111318423	72	72	5.15621156666384e-22	2.24821214657308e-21
EC.4.4.1.11	Week_and_Consortium	NS1_w9w10	1.24774329900145	0.0890542734467466	72	72	5.39317575953861e-22	2.3456249346134e-21
EC.3.1.12.1	Week_and_Consortium	NS1_w9w10	-0.893165600691325	0.0638335261142319	72	72	5.78480839936102e-22	2.50964995972279e-21
EC.1.5.1.34	Week_and_Consortium	NS1_w9w10	-1.38459046359605	0.0990313333195002	72	72	6.02026326489018e-22	2.60526892788122e-21
EC.2.7.1.25	Week_and_Consortium	NS1_w9w10	0.290090802210839	0.0207538062894672	72	72	6.10158570582483e-22	2.63387652288847e-21
EC.3.2.1.86	Week_and_Consortium	NS1_w9w10	-1.23465353455964	0.088634318932755	72	72	7.28947574578889e-22	3.1388264965076e-21
EC.3.2.1.45	Week_and_Consortium	NS1_w9w10	0.713972667498598	0.0512799525170758	72	72	7.47327690217115e-22	3.20998568676383e-21
EC.4.2.1.6	Week_and_Consortium	NS1_w9w10	1.09216131569369	0.0788659997219482	72	72	9.86569666372785e-22	4.22710913982993e-21
EC.3.1.3.85	Week_and_Consortium	NS1_w9w10	1.9399347584211	0.140718639249489	72	72	1.24480359055068e-21	5.32038275368699e-21
EC.6.3.2.10	Week_and_Consortium	NS1_w9w10	-0.164854046768582	0.0119662951117919	72	72	1.28912966499339e-21	5.4962646554275e-21
EC.2.4.1.18	Week_and_Consortium	NS1_w9w10	-0.112414261448019	0.00814132472545787	72	72	1.53147509600579e-21	6.51347270561678e-21
EC.2.7.1.200	Week_and_Consortium	NS1_w9w10	-1.57785880879286	0.11495592545178	72	72	1.55816700591539e-21	6.6107526648028e-21
EC.2.7.7.80	Week_and_Consortium	NS1_w9w10	0.991329373331085	0.0727341924705752	72	72	2.23438885247965e-21	9.45654548567792e-21
EC.2.1.1.190	Week_and_Consortium	NS1_w9w10	-0.201941547384349	0.0148379933807245	72	72	2.40593291346333e-21	1.0157731398061e-20
EC.2.4.1.337	Week_and_Consortium	NS1_w9w10	-1.139925529215	0.084114601216152	72	72	2.98821898744504e-21	1.25854186551517e-20
EC.3.1.4.55	Week_and_Consortium	NS1_w9w10	-0.172675653407763	0.0127490067201783	72	72	3.07726150432793e-21	1.292897976697e-20
EC.4.4.1.25	Week_and_Consortium	NS1_w9w10	2.92906947169253	0.21532982925345	72	52	3.2861467759935e-21	1.32904674515064e-20
EC.3.5.99.7	Week_and_Consortium	NS1_w9w10	2.92906947169253	0.21532982925345	72	52	3.2861467759935e-21	1.32904674515064e-20
EC.3.7.1.20	Week_and_Consortium	NS1_w9w10	2.92906947169253	0.21532982925345	72	52	3.2861467759935e-21	1.32904674515064e-20
EC.3.1.3.105	Week_and_Consortium	NS1_w9w10	2.92906947169253	0.21532982925345	72	52	3.2861467759935e-21	1.32904674515064e-20
EC.4.2.3.152	Week_and_Consortium	NS1_w9w10	2.92906947169253	0.21532982925345	72	52	3.2861467759935e-21	1.32904674515064e-20
EC.3.11.1.2	Week_and_Consortium	NS1_w9w10	2.92906947169253	0.21532982925345	72	52	3.2861467759935e-21	1.32904674515064e-20
EC.3.8.1.5	Week_and_Consortium	NS1_w9w10	2.92906947169253	0.21532982925345	72	52	3.2861467759935e-21	1.32904674515064e-20
EC.3.4.24.84	Week_and_Consortium	NS1_w9w10	2.92906947169253	0.21532982925345	72	52	3.2861467759935e-21	1.32904674515064e-20
EC.4.2.1.132	Week_and_Consortium	NS1_w9w10	2.92906947169253	0.21532982925345	72	52	3.2861467759935e-21	1.32904674515064e-20
EC.4.3.1.27	Week_and_Consortium	NS1_w9w10	2.92906947169253	0.21532982925345	72	52	3.2861467759935e-21	1.32904674515064e-20
EC.2.7.1.20	Week_and_Consortium	NS1_w9w10	2.92906947169253	0.21532982925345	72	52	3.2861467759935e-21	1.32904674515064e-20
EC.1.1.2.4	Week_and_Consortium	NS1_w9w10	2.92906947169253	0.21532982925345	72	52	3.2861467759935e-21	1.32904674515064e-20
EC.5.4.4.3	Week_and_Consortium	NS1_w9w10	2.92906947169253	0.21532982925345	72	52	3.2861467759935e-21	1.32904674515064e-20
EC.2.7.7.99	Week_and_Consortium	NS1_w9w10	2.92906947169253	0.21532982925345	72	52	3.2861467759935e-21	1.32904674515064e-20
EC.5.1.3.5	Week_and_Consortium	NS1_w9w10	2.92906947169253	0.21532982925345	72	52	3.2861467759935e-21	1.32904674515064e-20
EC.3.5.1.125	Week_and_Consortium	NS1_w9w10	2.92906947169253	0.21532982925345	72	52	3.2861467759935e-21	1.32904674515064e-20
EC.4.2.1.32	Week_and_Consortium	NS1_w9w10	1.14904690358622	0.0850375731635839	72	72	3.47121975312568e-21	1.39736776573501e-20
EC.2.1.1.131	Week_and_Consortium	NS1_w9w10	-1.33107308136915	0.0985057558099145	72	72	3.46577841590316e-21	1.39736776573501e-20
EC.3.1.4.53	Week_and_Consortium	NS1_w9w10	-2.54965585129256	0.188729058611392	72	72	3.50558291068717e-21	1.40792668640359e-20
EC.5.3.1.9	Week_and_Consortium	NS1_w9w10	0.268956674118232	0.019928192800322	72	72	3.68589145321603e-21	1.47691622812892e-20
EC.1.1.1.58	Week_and_Consortium	NS1_w9w10	0.524168511361301	0.0389036957171036	72	72	4.01656760646063e-21	1.60569942881833e-20
EC.5.4.99.5	Week_and_Consortium	NS1_w9w10	-0.116751068297924	0.00865025983459932	72	72	4.84990960447088e-21	1.93437638832698e-20
EC.4.2.1.3	Week_and_Consortium	NS1_w9w10	0.193030738648926	0.0144472275717723	72	72	6.14047071716143e-21	2.44348386469113e-20
EC.3.6.3.28	Week_and_Consortium	NS1_w9w10	-1.41262202713544	0.105986189978188	72	72	6.95054390962503e-21	2.75949346503691e-20
EC.1.1.1.36	Week_and_Consortium	NS1_w9w10	-1.34156274290293	0.100692463925004	72	72	7.08321760214269e-21	2.79932640851804e-20
EC.4.3.1.23	Week_and_Consortium	NS1_w9w10	-1.34156274290293	0.100692463925004	72	72	7.08321760214269e-21	2.79932640851804e-20
EC.6.3.5.5	Week_and_Consortium	NS1_w9w10	-0.11701273127608	0.00879565607982702	72	72	7.63805182235009e-21	3.01172385068064e-20
EC.3.5.3.12	Week_and_Consortium	NS1_w9w10	0.253515472928949	0.0191110452456682	72	72	8.8249888871721e-21	3.47183085538521e-20
EC.5.4.99.12	Week_and_Consortium	NS1_w9w10	-0.132151222515372	0.00997135455873456	72	72	9.24700891834901e-21	3.62960826250842e-20
EC.3.1.1.53	Week_and_Consortium	NS1_w9w10	0.316637188127212	0.0240013827278706	72	72	1.16437131779262e-20	4.56001527397968e-20
EC.6.3.3.1	Week_and_Consortium	NS1_w9w10	-0.159346493502707	0.0120979584602157	72	72	1.26175422597275e-20	4.93024055340593e-20
EC.6.3.2.6	Week_and_Consortium	NS1_w9w10	-0.132933215774343	0.0101397191572901	72	72	1.59327548340045e-20	6.21162131028417e-20
EC.2.4.1.8	Week_and_Consortium	NS1_w9w10	0.855256532859042	0.0653088578284463	72	72	1.68444399089931e-20	6.55229786122857e-20
EC.4.6.1.1	Week_and_Consortium	NS1_w9w10	0.810406723703643	0.0618980798520934	72	72	1.70363977772115e-20	6.61210864402536e-20
EC.6.3.4.3	Week_and_Consortium	NS1_w9w10	0.122159307052304	0.00933869345589281	72	72	1.78088908802549e-20	6.8964631126893e-20
EC.2.7.1.6	Week_and_Consortium	NS1_w9w10	-0.131132642716544	0.0100559610336083	72	72	2.08055293795362e-20	8.03892217767346e-20
EC.2.4.1.340	Week_and_Consortium	NS1_w9w10	1.12887659711052	0.0861892699666745	72	72	2.17685199712373e-20	8.37362401560262e-20
EC.2.4.1.339	Week_and_Consortium	NS1_w9w10	1.12887659711052	0.0861892699666745	72	72	2.17685199712373e-20	8.37362401560262e-20
EC.5.99.1.2	Week_and_Consortium	NS1_w9w10	0.369123548371517	0.0283567516832174	72	72	2.27329228302809e-20	8.72520829694372e-20
EC.2.6.1.17	Week_and_Consortium	NS1_w9w10	-0.174746998267394	0.0134281856140429	72	72	2.30556031770474e-20	8.8099887636797e-20
EC.2.6.1.11	Week_and_Consortium	NS1_w9w10	-0.174746998267394	0.0134281856140429	72	72	2.30556031770474e-20	8.8099887636797e-20
EC.2.8.3.18	Week_and_Consortium	NS1_w9w10	0.86007311080657	0.0662967789025899	72	72	2.69110924061214e-20	1.0260594924008e-19
EC.4.2.1.1	Week_and_Consortium	NS1_w9w10	0.685515363760706	0.0530731540357274	72	72	3.34435720532203e-20	1.27232578514559e-19
EC.3.2.1.25	Week_and_Consortium	NS1_w9w10	-0.863227942314949	0.0668619493815598	72	72	3.41998324662358e-20	1.29824364033013e-19
EC.5.3.1.12	Week_and_Consortium	NS1_w9w10	0.361692286039518	0.0280601127021222	72	72	3.70294681112848e-20	1.40258226040775e-19
EC.3.5.4.1	Week_and_Consortium	NS1_w9w10	-1.03401429392772	0.0803980535740565	72	72	4.13530635396166e-20	1.56292910452132e-19
EC.2.3.1.187	Week_and_Consortium	NS1_w9w10	2.70535522535214	0.209756746463528	72	52	4.66357167510007e-20	1.73232673167344e-19
EC.2.4.1.9	Week_and_Consortium	NS1_w9w10	2.70535522535214	0.209756746463528	72	52	4.66357167510007e-20	1.73232673167344e-19
EC.1.14.99.53	Week_and_Consortium	NS1_w9w10	2.70535522535214	0.209756746463528	72	52	4.66357167510007e-20	1.73232673167344e-19
EC.3.1.2.20	Week_and_Consortium	NS1_w9w10	2.70535522535214	0.209756746463528	72	52	4.66357167510007e-20	1.73232673167344e-19
EC.2.4.1.333	Week_and_Consortium	NS1_w9w10	2.70535522535214	0.209756746463528	72	52	4.66357167510007e-20	1.73232673167344e-19
EC.4.1.1.87	Week_and_Consortium	NS1_w9w10	2.70535522535214	0.209756746463528	72	52	4.66357167510007e-20	1.73232673167344e-19
EC.2.7.7.66	Week_and_Consortium	NS1_w9w10	2.70535522535214	0.209756746463528	72	52	4.66357167510007e-20	1.73232673167344e-19
EC.4.1.1.25	Week_and_Consortium	NS1_w9w10	2.70535522535214	0.209756746463528	72	52	4.66357167510007e-20	1.73232673167344e-19
EC.1.3.1.31	Week_and_Consortium	NS1_w9w10	-1.33509280664154	0.104585668112467	72	72	5.97764231503632e-20	2.21569568465265e-19
EC.4.2.1.5	Week_and_Consortium	NS1_w9w10	1.22596298617553	0.0960804423945266	72	72	6.11262544273152e-20	2.26088774388211e-19
EC.2.7.1.194	Week_and_Consortium	NS1_w9w10	-1.257675201236	0.0987036889485194	72	72	6.54813596482971e-20	2.4168066855267e-19
EC.2.4.2.52	Week_and_Consortium	NS1_w9w10	1.40682403655074	0.110696687185864	72	72	7.44166908071502e-20	2.74075088908887e-19
EC.6.1.1.12	Week_and_Consortium	NS1_w9w10	-0.157974752602514	0.0124624593929411	72	72	8.44713063575082e-20	3.09808470845172e-19
EC.3.4.23.36	Week_and_Consortium	NS1_w9w10	-0.104509938042224	0.00824468854145256	72	72	8.4476948722658e-20	3.09808470845172e-19
EC.2.7.7.18	Week_and_Consortium	NS1_w9w10	-0.113759170561681	0.00899668627436226	72	72	9.54220243804527e-20	3.4920829641134e-19
EC.6.2.1.48	Week_and_Consortium	NS1_w9w10	1.62614628613005	0.128686697496555	72	72	9.84591688989057e-20	3.59562914270054e-19
EC.3.5.1.124	Week_and_Consortium	NS1_w9w10	-0.170972265009649	0.0135596441534798	72	72	1.09563898674354e-19	3.99273912853279e-19
EC.1.8.4.14	Week_and_Consortium	NS1_w9w10	0.726368338022022	0.0577041363145426	72	72	1.18909468655942e-19	4.32420777822345e-19
EC.2.1.1.13	Week_and_Consortium	NS1_w9w10	-0.0985332116849145	0.00780284462340353	72	72	1.30269723155676e-19	4.72739812961164e-19
EC.3.1.21.3	Week_and_Consortium	NS1_w9w10	-0.427255093701588	0.034052938045811	72	72	1.39436894789635e-19	5.04948252888825e-19
EC.3.4.11.5	Week_and_Consortium	NS1_w9w10	1.75181213248175	0.139755911952163	72	72	1.46089384430585e-19	5.27934706574829e-19
EC.2.7.2.7	Week_and_Consortium	NS1_w9w10	0.56387544469074	0.0450128378612204	72	72	1.50590647314529e-19	5.43067521878021e-19
EC.3.5.4.13	Week_and_Consortium	NS1_w9w10	-0.980969420599545	0.0783502214684082	72	72	1.54551539902745e-19	5.5619275586622e-19
EC.2.5.1.74	Week_and_Consortium	NS1_w9w10	0.316804599917154	0.0255376767703567	72	72	2.41840675255385e-19	8.68519105533342e-19
EC.3.1.2.28	Week_and_Consortium	NS1_w9w10	0.774132969370669	0.0626995025212471	72	72	3.04125333249138e-19	1.08993985891151e-18
EC.3.1.1.85	Week_and_Consortium	NS1_w9w10	1.00696457082276	0.0816253428518654	72	72	3.16619476447852e-19	1.13237254903147e-18
EC.1.2.7.3	Week_and_Consortium	NS1_w9w10	0.527134320110417	0.0427836832666884	72	72	3.36413836454959e-19	1.20068525959492e-18
EC.3.4.22.70	Week_and_Consortium	NS1_w9w10	-1.05634263030118	0.085828174527285	72	72	3.54355035161046e-19	1.26211639066619e-18
EC.2.7.7.47	Week_and_Consortium	NS1_w9w10	-1.65271034362144	0.134297053914818	72	72	3.56115431890443e-19	1.26578195606233e-18
EC.1.97.1.4	Week_and_Consortium	NS1_w9w10	-0.197973230018989	0.0160891962015323	72	72	3.58419461370553e-19	1.27136083531235e-18
EC.3.2.2.4	Week_and_Consortium	NS1_w9w10	0.778536073968159	0.0632878507865641	72	72	3.6296913198959e-19	1.28486619115333e-18
EC.3.4.21.72	Week_and_Consortium	NS1_w9w10	-2.48041821244544	0.202062324367292	72	72	4.01879237446872e-19	1.41680847254692e-18
EC.4.1.99.11	Week_and_Consortium	NS1_w9w10	3.19541637083106	0.259025544944514	72	62	4.01426662166109e-19	1.41680847254692e-18
EC.2.4.2.14	Week_and_Consortium	NS1_w9w10	0.247555973794311	0.0202020061676014	72	72	4.37183971685446e-19	1.53814116867379e-18
EC.2.1.1.272	Week_and_Consortium	NS1_w9w10	-1.20973917928786	0.0987584034907442	72	72	4.45051297094295e-19	1.56264461515259e-18
EC.3.1.3.90	Week_and_Consortium	NS1_w9w10	1.29560009769161	0.106062433518095	72	72	5.08632212314107e-19	1.78227198282534e-18
EC.2.7.1.199	Week_and_Consortium	NS1_w9w10	-1.92613010994705	0.157021153327503	72	72	5.24649533980735e-19	1.83468352185991e-18
EC.3.2.1.23	Week_and_Consortium	NS1_w9w10	0.120802975830455	0.00992162330275334	72	72	5.94518680255505e-19	2.07482224903685e-18
EC.4.1.1.68	Week_and_Consortium	NS1_w9w10	2.43974878207419	0.1995196650334	72	66	6.08214754016918e-19	2.11834957586174e-18
EC.3.2.1.10	Week_and_Consortium	NS1_w9w10	-1.12475252777499	0.0927640852426272	72	72	7.26179359921144e-19	2.52412946189458e-18
EC.2.1.1.45	Week_and_Consortium	NS1_w9w10	0.277026124346072	0.0227766392688016	72	72	7.85436134752179e-19	2.7246291568257e-18
EC.2.4.1.7	Week_and_Consortium	NS1_w9w10	-1.32798391408344	0.109820285127714	72	72	8.25451277089554e-19	2.85771232128404e-18
EC.6.1.1.1	Week_and_Consortium	NS1_w9w10	0.144422141532945	0.0119919935932738	72	72	1.00188865246973e-18	3.46161528428165e-18
EC.3.6.1.57	Week_and_Consortium	NS1_w9w10	-1.2852071275199	0.106793689379747	72	72	1.03700274817048e-18	3.57580031291456e-18
EC.4.1.1.12	Week_and_Consortium	NS1_w9w10	0.719089646309639	0.0597863920534485	72	72	1.06537844697761e-18	3.66634213065256e-18
EC.4.2.2.23	Week_and_Consortium	NS1_w9w10	-0.855611189753274	0.071361792261166	72	72	1.23735493160389e-18	4.24972497342527e-18
EC.2.3.3.5	Week_and_Consortium	NS1_w9w10	0.706834006694871	0.0589706284415938	72	72	1.25489796365255e-18	4.30144232689616e-18
EC.4.1.1.83	Week_and_Consortium	NS1_w9w10	-1.05025880263658	0.0878774299767874	72	72	1.44006279761562e-18	4.92638083532142e-18
EC.2.3.1.129	Week_and_Consortium	NS1_w9w10	0.27704738556756	0.0231981715446943	72	72	1.49090306238339e-18	5.09024299997171e-18
EC.1.1.1.133	Week_and_Consortium	NS1_w9w10	-0.180810487814072	0.0151418382477117	72	72	1.49990130379004e-18	5.11088416704836e-18
EC.1.1.1.287	Week_and_Consortium	NS1_w9w10	0.824780916481122	0.0691418753030115	72	72	1.57474692190786e-18	5.35537705662573e-18
EC.3.5.1.10	Week_and_Consortium	NS1_w9w10	1.23521144409125	0.103587360398081	72	72	1.60289452583036e-18	5.44041259649481e-18
EC.2.7.2.4	Week_and_Consortium	NS1_w9w10	0.235825765487318	0.0197954164118326	72	72	1.67557241087597e-18	5.67596055425891e-18
EC.6.6.1.2	Week_and_Consortium	NS1_w9w10	1.0574094450472	0.0888302249302691	72	72	1.73941460954325e-18	5.88071618968627e-18
EC.2.6.1.1	Week_and_Consortium	NS1_w9w10	0.141400725593161	0.0119154500458856	72	72	2.01190515014303e-18	6.7887091908335e-18
EC.5.4.99.62	Week_and_Consortium	NS1_w9w10	1.16711676078413	0.0984104926716931	72	72	2.07126219048027e-18	6.97539854420494e-18
EC.2.7.2.11	Week_and_Consortium	NS1_w9w10	-0.16975673619233	0.0143713122889169	72	72	2.50101993481375e-18	8.40634079060699e-18
EC.2.7.1.11	Week_and_Consortium	NS1_w9w10	-0.102569216393214	0.00868452655714535	72	72	2.51720755862904e-18	8.42998340553316e-18
EC.1.7.99.1	Week_and_Consortium	NS1_w9w10	0.555294776340706	0.0470169933925974	72	72	2.51779400384786e-18	8.42998340553316e-18
EC.6.5.1.3	Week_and_Consortium	NS1_w9w10	0.766103832294222	0.0649859148648102	72	72	2.74509629296125e-18	9.17328510254041e-18
EC.3.1.2.1	Week_and_Consortium	NS1_w9w10	0.845054106621793	0.0719837645877367	72	72	3.33946658392262e-18	1.11165704937886e-17
EC.2.4.1.346	Week_and_Consortium	NS1_w9w10	0.845054106621793	0.0719837645877367	72	72	3.33946658392262e-18	1.11165704937886e-17
EC.2.7.3.9	Week_and_Consortium	NS1_w9w10	-0.688621684295408	0.0589105629192651	72	72	4.07955555883392e-18	1.34772557521715e-17
EC.1.2.1.79	Week_and_Consortium	NS1_w9w10	-1.92906895720612	0.165029171998938	72	72	4.07977008326856e-18	1.34772557521715e-17
EC.1.2.1.20	Week_and_Consortium	NS1_w9w10	-1.92906895720612	0.165029171998938	72	72	4.07977008326856e-18	1.34772557521715e-17
EC.1.2.1.16	Week_and_Consortium	NS1_w9w10	-1.92906895720612	0.165029171998938	72	72	4.07977008326856e-18	1.34772557521715e-17
EC.3.6.4.13	Week_and_Consortium	NS1_w9w10	-0.215083453669022	0.0184046670050227	72	72	4.12732929657552e-18	1.36083943092804e-17
EC.4.2.1.59	Week_and_Consortium	NS1_w9w10	-0.162806333214106	0.0138795734749007	72	72	4.30138009408611e-18	1.41553021727435e-17
EC.3.6.1.55	Week_and_Consortium	NS1_w9w10	-0.396059920576753	0.0339355824345112	72	72	4.38917244799031e-18	1.44168074145564e-17
EC.2.1.1.191	Week_and_Consortium	NS1_w9w10	-0.478556079686193	0.0410224829139023	72	72	4.48174262884093e-18	1.46929857775069e-17
EC.3.5.1.16	Week_and_Consortium	NS1_w9w10	0.562268735922135	0.0483323374045368	72	72	5.0988963914428e-18	1.66846685323015e-17
EC.4.3.1.7	Week_and_Consortium	NS1_w9w10	0.997319960988619	0.0857528326724469	72	72	5.16482962360425e-18	1.68685284499226e-17
EC.5.2.1.1	Week_and_Consortium	NS1_w9w10	2.17103240852722	0.187085604935607	72	50	5.72301208623973e-18	1.85863675821407e-17
EC.6.5.1.7	Week_and_Consortium	NS1_w9w10	2.17103240852723	0.187085604935607	72	50	5.72301208607883e-18	1.85863675821407e-17
EC.6.5.1.6	Week_and_Consortium	NS1_w9w10	2.17103240852723	0.187085604935607	72	50	5.72301208607883e-18	1.85863675821407e-17
EC.1.16.3.1	Week_and_Consortium	NS1_w9w10	-0.748868145800829	0.0648103412592716	72	72	6.98241044420928e-18	2.2633993406229e-17
EC.4.2.1.44	Week_and_Consortium	NS1_w9w10	-1.52807830695224	0.132495746522466	72	72	7.61705776959942e-18	2.46450971947226e-17
EC.2.7.8.26	Week_and_Consortium	NS1_w9w10	-0.1347112620808	0.0116353836567339	72	72	7.85979158142169e-18	2.53830209467182e-17
EC.6.1.1.19	Week_and_Consortium	NS1_w9w10	-0.109004964062607	0.00946831391697428	72	72	8.26680117155386e-18	2.66477333853999e-17
EC.3.6.3.14	Week_and_Consortium	NS1_w9w10	-0.0634381516954486	0.00552037242060846	72	72	8.99151764715057e-18	2.89299573368357e-17
EC.2.7.8.13	Week_and_Consortium	NS1_w9w10	-0.108804572847839	0.00946890723720806	72	72	9.02483435982425e-18	2.89832806620701e-17
EC.3.4.16.4	Week_and_Consortium	NS1_w9w10	-0.166711711816303	0.0145152089784728	72	72	9.22272952813031e-18	2.95639718762844e-17
EC.4.2.1.9	Week_and_Consortium	NS1_w9w10	-0.217979820615662	0.018911486756562	72	72	9.60199732006337e-18	3.07228417024578e-17
EC.4.1.2.28	Week_and_Consortium	NS1_w9w10	-1.33182617690138	0.116235004109424	72	72	1.02889051065843e-17	3.28599533939065e-17
EC.6.1.1.7	Week_and_Consortium	NS1_w9w10	-0.0991087066946731	0.00865137042208845	72	72	1.03805109933546e-17	3.30914632219096e-17
EC.2.7.7.27	Week_and_Consortium	NS1_w9w10	-0.997866492101211	0.0872379102217709	72	72	1.11311342418524e-17	3.54191054644236e-17
EC.6.4.1.3	Week_and_Consortium	NS1_w9w10	0.237202399731402	0.0207414530834497	72	72	1.12343707797598e-17	3.56166590105571e-17
EC.3.1.21.2	Week_and_Consortium	NS1_w9w10	-0.133184553026494	0.011645869760741	72	72	1.12319607203866e-17	3.56166590105571e-17
EC.1.6.5.2	Week_and_Consortium	NS1_w9w10	-1.75940980484715	0.154101317697033	72	72	1.21217423990601e-17	3.83596637893473e-17
EC.3.2.1.24	Week_and_Consortium	NS1_w9w10	0.596743866802777	0.0523008327446668	72	72	1.24872698968844e-17	3.94442777217279e-17
EC.4.2.1.115	Week_and_Consortium	NS1_w9w10	0.764961115441642	0.0670451108120205	72	72	1.528295765912e-17	4.81872490126353e-17
EC.3.2.1.70	Week_and_Consortium	NS1_w9w10	-1.45318650729542	0.12802606296214	72	72	1.58400477253973e-17	4.98529502048413e-17
EC.3.2.2.1	Week_and_Consortium	NS1_w9w10	-0.911086272255017	0.0804540087182007	72	72	1.76166499086461e-17	5.53437767547485e-17
EC.3.1.3.11	Week_and_Consortium	NS1_w9w10	0.416603060838027	0.0368559107876295	72	72	1.9153037378009e-17	6.00614269951695e-17
EC.3.4.23.43	Week_and_Consortium	NS1_w9w10	-0.527056734644843	0.0466429296354781	72	72	1.94440684408399e-17	6.08638019368786e-17
EC.5.3.1.5	Week_and_Consortium	NS1_w9w10	0.587420820921286	0.0522106082167369	72	72	2.36777883587611e-17	7.39824036985837e-17
EC.5.5.1.4	Week_and_Consortium	NS1_w9w10	1.50333166913976	0.133933056343573	72	72	2.63504702016467e-17	8.21849800343252e-17
EC.1.1.1.94	Week_and_Consortium	NS1_w9w10	-0.150328712321191	0.0134107644955827	72	72	2.79905579490764e-17	8.71432658450563e-17
EC.5.1.3.1	Week_and_Consortium	NS1_w9w10	-0.123855983382307	0.0110112427977878	72	72	2.9086665163801e-17	9.03932089740388e-17
EC.1.2.7.1	Week_and_Consortium	NS1_w9w10	-0.121595324046992	0.0108152454152704	72	72	2.96372851223559e-17	9.19393199763405e-17
EC.3.6.3.3	Week_and_Consortium	NS1_w9w10	0.414684242398594	0.0369344760300771	72	72	3.15530230321943e-17	9.7532647979872e-17
EC.3.6.3.5	Week_and_Consortium	NS1_w9w10	0.414684242398594	0.0369344760300771	72	72	3.15530230321943e-17	9.7532647979872e-17
EC.2.7.6.1	Week_and_Consortium	NS1_w9w10	-0.106566529265204	0.00953237458267986	72	72	3.16155870083767e-17	9.75518379884138e-17
EC.5.1.3.31	Week_and_Consortium	NS1_w9w10	-0.862148008550138	0.0773237067181142	72	72	3.56347025807174e-17	1.09562469213538e-16
EC.5.1.3.30	Week_and_Consortium	NS1_w9w10	-0.862148008550138	0.0773237067181142	72	72	3.56347025807174e-17	1.09562469213538e-16
EC.4.2.3.1	Week_and_Consortium	NS1_w9w10	0.448823469526441	0.040370712281844	72	72	4.06142237052079e-17	1.24651101478218e-16
EC.2.7.1.144	Week_and_Consortium	NS1_w9w10	-1.61451773968792	0.144727956625717	72	72	4.2306590276385e-17	1.29615411979509e-16
EC.1.2.7.8	Week_and_Consortium	NS1_w9w10	0.636754674149666	0.0575873494833409	72	72	5.18732333601844e-17	1.58644111212861e-16
EC.1.5.1.7	Week_and_Consortium	NS1_w9w10	0.283440594601972	0.0257808488153262	72	72	6.69862315224753e-17	2.04502939621525e-16
EC.2.3.1.117	Week_and_Consortium	NS1_w9w10	-0.879293642689984	0.0797289803398478	72	72	7.04294033548716e-17	2.1463608663254e-16
EC.5.1.3.3	Week_and_Consortium	NS1_w9w10	0.296664729418398	0.0270864291177116	72	72	7.93663951488802e-17	2.41446801410741e-16
EC.3.6.3.16	Week_and_Consortium	NS1_w9w10	-1.3292207512573	0.120939681024829	72	72	8.15933736982711e-17	2.47786192757381e-16
EC.5.1.3.13	Week_and_Consortium	NS1_w9w10	-0.528580842085202	0.0483015773912008	72	72	8.23859731641032e-17	2.49755025476467e-16
EC.2.7.7.2	Week_and_Consortium	NS1_w9w10	-0.135651202051783	0.0123983074667343	72	72	8.31399966196525e-17	2.51161141620626e-16
EC.2.7.1.26	Week_and_Consortium	NS1_w9w10	-0.135651202051783	0.0123983074667343	72	72	8.31399966196525e-17	2.51161141620626e-16
EC.1.1.1.17	Week_and_Consortium	NS1_w9w10	0.654343786049016	0.0599591777101663	72	72	9.31595762573766e-17	2.80939418992193e-16
EC.2.7.1.201	Week_and_Consortium	NS1_w9w10	-0.912806472031752	0.0836982133634971	72	72	9.59432441343806e-17	2.88830879298457e-16
EC.1.1.98.6	Week_and_Consortium	NS1_w9w10	-0.24622305647949	0.0226374841091968	72	72	1.08038682919992e-16	3.24678750233518e-16
EC.1.14.13.8	Week_and_Consortium	NS1_w9w10	2.13992840604672	0.197871444157097	72	48	1.39153943985051e-16	4.17461831955152e-16
EC.3.4.11.19	Week_and_Consortium	NS1_w9w10	1.13200535197375	0.104707981850217	72	72	1.41254932416341e-16	4.23031640160356e-16
EC.2.4.2.28	Week_and_Consortium	NS1_w9w10	1.12979170982739	0.1045939252725	72	72	1.46766972359007e-16	4.38780015809052e-16
EC.2.4.1.247	Week_and_Consortium	NS1_w9w10	-1.45995104830624	0.135519291817541	72	72	1.65011832525509e-16	4.92474969140787e-16
EC.3.2.1.170	Week_and_Consortium	NS1_w9w10	-1.9825125519916	0.184049613434931	72	72	1.65953439048118e-16	4.92736540295527e-16
EC.3.6.3.44	Week_and_Consortium	NS1_w9w10	-1.9825125519916	0.184049613434931	72	72	1.65953439048118e-16	4.92736540295527e-16
EC.3.5.3.8	Week_and_Consortium	NS1_w9w10	-1.9825125519916	0.184049613434931	72	72	1.65953439048118e-16	4.92736540295527e-16
EC.3.4.19.5	Week_and_Consortium	NS1_w9w10	-0.833967571955523	0.0774621384829802	72	72	1.69718216247893e-16	5.03051767679969e-16
EC.1.2.1.10	Week_and_Consortium	NS1_w9w10	-0.832543807772306	0.0774520023932956	72	72	1.8191300064454e-16	5.38275904471281e-16
EC.4.3.2.1	Week_and_Consortium	NS1_w9w10	0.0953094043349876	0.00887619569315862	72	72	1.90685640814134e-16	5.63271065271784e-16
EC.5.4.99.29	Week_and_Consortium	NS1_w9w10	0.593402672047499	0.0553841307268334	72	72	2.09785243229473e-16	6.16533541647228e-16
EC.5.4.99.28	Week_and_Consortium	NS1_w9w10	0.593402672047499	0.0553841307268334	72	72	2.09785243229473e-16	6.16533541647228e-16
EC.2.7.1.189	Week_and_Consortium	NS1_w9w10	2.13223456380317	0.198995697582718	72	72	2.09211221749373e-16	6.16533541647228e-16
EC.3.6.1.40	Week_and_Consortium	NS1_w9w10	-0.415996542023677	0.0388440821296694	72	72	2.14048404390182e-16	6.26933651437232e-16
EC.3.6.1.11	Week_and_Consortium	NS1_w9w10	-0.415996542023677	0.0388440821296694	72	72	2.14048404390182e-16	6.26933651437232e-16
EC.5.4.2.10	Week_and_Consortium	NS1_w9w10	-0.900200563342486	0.0842728376724532	72	72	2.39474375900306e-16	7.00219838992279e-16
EC.3.6.1.22	Week_and_Consortium	NS1_w9w10	0.399432472860919	0.0374609788777194	72	72	2.59229287507397e-16	7.56704716147225e-16
EC.2.4.1.211	Week_and_Consortium	NS1_w9w10	-0.982143686827098	0.0921345208546677	72	72	2.62155718412252e-16	7.6395883597914e-16
EC.1.2.1.22	Week_and_Consortium	NS1_w9w10	-0.878813951039316	0.0826225399433054	72	72	2.88541136895813e-16	8.38028033501095e-16
EC.1.2.1.21	Week_and_Consortium	NS1_w9w10	-0.878813951039316	0.0826225399433054	72	72	2.88541136895813e-16	8.38028033501095e-16
EC.1.1.1.27	Week_and_Consortium	NS1_w9w10	-0.989364640390961	0.0931993459915804	72	72	3.143845632952e-16	9.1155725136347e-16
EC.3.5.1.42	Week_and_Consortium	NS1_w9w10	-0.141549930844125	0.0133360077297889	72	72	3.16271894549649e-16	9.15496069340203e-16
EC.4.2.3.3	Week_and_Consortium	NS1_w9w10	0.390678832749624	0.0368464375718619	72	72	3.3117483660715e-16	9.57034461046706e-16
EC.5.1.99.1	Week_and_Consortium	NS1_w9w10	0.18875983912322	0.017821886508113	72	72	3.47080029178443e-16	1.00132588417981e-15
EC.2.7.1.202	Week_and_Consortium	NS1_w9w10	-0.944478050687416	0.0892745427095278	72	72	3.6458160587149e-16	1.05006781990607e-15
EC.1.1.1.60	Week_and_Consortium	NS1_w9w10	-0.845722056923074	0.0799933517405391	72	72	3.75325377840409e-16	1.07875045476085e-15
EC.3.4.17.11	Week_and_Consortium	NS1_w9w10	4.15648004169511	0.393155378329432	72	67	3.75786553564873e-16	1.07875045476085e-15
EC.2.3.1.51	Week_and_Consortium	NS1_w9w10	-0.100011287469707	0.00948461892536779	72	72	4.20774505528306e-16	1.20589514746606e-15
EC.1.2.7.11	Week_and_Consortium	NS1_w9w10	0.641197930159169	0.0608188137732372	72	72	4.23932914344499e-16	1.2129386359179e-15
EC.4.3.2.2	Week_and_Consortium	NS1_w9w10	-0.0874758319872351	0.00830374995928549	72	72	4.38567760543091e-16	1.25274058333348e-15
EC.2.4.1.315	Week_and_Consortium	NS1_w9w10	-0.775169512232771	0.073760523960449	72	72	4.86486651003777e-16	1.38732848910632e-15
EC.2.5.1.7	Week_and_Consortium	NS1_w9w10	-0.0949981723183188	0.00905785545932497	72	72	5.31121211123233e-16	1.51212305337881e-15
EC.3.2.1.52	Week_and_Consortium	NS1_w9w10	-0.276337985235064	0.0263985349012266	72	72	5.76690413457134e-16	1.63916437716634e-15
EC.4.2.1.75	Week_and_Consortium	NS1_w9w10	-0.12419676321912	0.0118711328324833	72	72	5.9073869542101e-16	1.67634210126847e-15
EC.1.1.1.30	Week_and_Consortium	NS1_w9w10	1.04408942385671	0.0998756089995894	72	72	6.10981493529606e-16	1.73094757004869e-15
EC.1.2.1.41	Week_and_Consortium	NS1_w9w10	-0.15059589411728	0.0144409538455532	72	72	6.78662188343072e-16	1.91954942487232e-15
EC.2.7.1.30	Week_and_Consortium	NS1_w9w10	-0.624808466642287	0.0601574265109252	72	72	8.07480590556818e-16	2.28017765457398e-15
EC.3.1.7.2	Week_and_Consortium	NS1_w9w10	0.562692865260784	0.0541884500728241	72	72	8.14917907564347e-16	2.29369576909575e-15
EC.1.3.1.22	Week_and_Consortium	NS1_w9w10	0.883506725329679	0.0850830175702337	72	72	8.14733422534502e-16	2.29369576909575e-15
EC.2.7.7.7	Week_and_Consortium	NS1_w9w10	-0.0619920469978135	0.00595010312996857	72	72	8.32605972325866e-16	2.33967684755856e-15
EC.3.5.1.25	Week_and_Consortium	NS1_w9w10	-0.330839974034182	0.0319026269558358	72	72	8.6227227210032e-16	2.41911394328307e-15
EC.2.3.1.35	Week_and_Consortium	NS1_w9w10	-0.53469493269796	0.0516623509920437	72	72	9.38403477867692e-16	2.62844080936727e-15
EC.2.7.1.4	Week_and_Consortium	NS1_w9w10	0.13259528258686	0.0128604399219532	72	72	1.10451890489589e-15	3.08872734147784e-15
EC.4.1.2.13	Week_and_Consortium	NS1_w9w10	0.209545062991495	0.0203263063969542	72	72	1.11030470400728e-15	3.09989910102677e-15
EC.4.4.1.24	Week_and_Consortium	NS1_w9w10	-1.70433767070386	0.164832010493409	72	72	1.15075225683433e-15	3.20249542858557e-15
EC.5.4.3.2	Week_and_Consortium	NS1_w9w10	0.536853919433868	0.0521185066970571	72	72	1.14959705948029e-15	3.20249542858557e-15
EC.1.13.11.2	Week_and_Consortium	NS1_w9w10	-2.2904338857129	0.222271172703738	72	72	1.33223326070746e-15	3.70159835358687e-15
EC.4.4.1.21	Week_and_Consortium	NS1_w9w10	0.635285232268951	0.0619125191025355	72	72	1.35416431004757e-15	3.75650387931467e-15
EC.2.3.1.201	Week_and_Consortium	NS1_w9w10	-0.890112129396598	0.0868910762261418	72	72	1.45288416256817e-15	4.02390797664881e-15
EC.3.2.1.17	Week_and_Consortium	NS1_w9w10	0.610549265055147	0.0596517817501334	72	72	1.50660341445382e-15	4.16602317958396e-15
EC.2.4.1.280	Week_and_Consortium	NS1_w9w10	-1.34423127839768	0.131535790804324	72	72	1.60781315932164e-15	4.43879518147649e-15
EC.6.1.1.10	Week_and_Consortium	NS1_w9w10	-0.102404186058348	0.0100232169280981	72	72	1.626627368491e-15	4.483585947226e-15
EC.5.4.99.23	Week_and_Consortium	NS1_w9w10	0.0589796439484102	0.00577488866186432	72	72	1.6508836890128e-15	4.54321091523237e-15
EC.3.4.24.40	Week_and_Consortium	NS1_w9w10	-0.943317852347055	0.0924564973804119	72	72	1.72274455950466e-15	4.7334457658771e-15
EC.2.4.1.11	Week_and_Consortium	NS1_w9w10	0.685651526413536	0.0674108775294933	72	72	1.96360376626501e-15	5.38668481680624e-15
EC.3.4.21.105	Week_and_Consortium	NS1_w9w10	0.361964144842398	0.0357226721057353	72	72	2.30436748649252e-15	6.31148753025089e-15
EC.2.7.9.2	Week_and_Consortium	NS1_w9w10	-0.806389995984423	0.0796538203079955	72	72	2.39133090452606e-15	6.53932669152388e-15
EC.6.3.1.1	Week_and_Consortium	NS1_w9w10	0.393463724106287	0.0389230640822477	72	72	2.54405562537231e-15	6.94599414435247e-15
EC.6.6.1.1	Week_and_Consortium	NS1_w9w10	0.860401386846649	0.0855169308359215	72	72	3.0993346144359e-15	8.34362086793291e-15
EC.1.4.1.11	Week_and_Consortium	NS1_w9w10	0.860401386846649	0.0855169308359215	72	72	3.0993346144359e-15	8.34362086793291e-15
EC.5.4.3.3	Week_and_Consortium	NS1_w9w10	0.860401386846649	0.0855169308359215	72	72	3.0993346144359e-15	8.34362086793291e-15
EC.5.1.1.12	Week_and_Consortium	NS1_w9w10	0.860401386846649	0.0855169308359215	72	72	3.0993346144359e-15	8.34362086793291e-15
EC.4.3.1.14	Week_and_Consortium	NS1_w9w10	0.860401386846649	0.0855169308359215	72	72	3.0993346144359e-15	8.34362086793291e-15
EC.4.1.1.7	Week_and_Consortium	NS1_w9w10	0.860401386846665	0.0855169308359215	72	72	3.09933461472031e-15	8.34362086793291e-15
EC.5.1.1.18	Week_and_Consortium	NS1_w9w10	0.860401386846665	0.0855169308359215	72	72	3.09933461472031e-15	8.34362086793291e-15
EC.6.3.2.35	Week_and_Consortium	NS1_w9w10	0.860401386846665	0.0855169308359215	72	72	3.09933461472031e-15	8.34362086793291e-15
EC.2.4.1.109	Week_and_Consortium	NS1_w9w10	0.860401386846665	0.0855169308359215	72	72	3.09933461472031e-15	8.34362086793291e-15
EC.1.4.3.5	Week_and_Consortium	NS1_w9w10	0.576850205051815	0.0573399105308411	72	72	3.11216632404359e-15	8.36515513496811e-15
EC.6.2.1.3	Week_and_Consortium	NS1_w9w10	0.479576871260778	0.0476903909962824	72	72	3.16610733771022e-15	8.4969485295758e-15
EC.1.2.7.12	Week_and_Consortium	NS1_w9w10	-1.10760076831205	0.110392041871014	72	72	3.4792672380143e-15	9.32292815635102e-15
EC.2.7.6.2	Week_and_Consortium	NS1_w9w10	0.395261381444274	0.0394622278646372	72	72	3.73613800052871e-15	9.99575715442843e-15
EC.2.4.1.25	Week_and_Consortium	NS1_w9w10	-0.108778034572464	0.0108743856375512	72	72	3.94441310417959e-15	1.05366961162575e-14
EC.3.2.1.41	Week_and_Consortium	NS1_w9w10	0.405847767233652	0.0406576103865058	72	72	4.30529463680512e-15	1.14829969434663e-14
EC.3.5.1.3	Week_and_Consortium	NS1_w9w10	0.544762031965564	0.0548075573164236	72	72	5.13886857227553e-15	1.36852023055522e-14
EC.2.2.1.9	Week_and_Consortium	NS1_w9w10	-0.208879206423087	0.0210388695356802	72	72	5.3861151033299e-15	1.43216055973334e-14
EC.2.7.1.180	Week_and_Consortium	NS1_w9w10	-0.214279015430947	0.0215859140654392	72	72	5.41881556024306e-15	1.43864566484367e-14
EC.1.5.1.20	Week_and_Consortium	NS1_w9w10	-0.206039700979961	0.0208140285587339	72	72	6.08179846620548e-15	1.61218884303242e-14
EC.5.99.1.3	Week_and_Consortium	NS1_w9w10	-0.0869872291321577	0.00879705789957271	72	72	6.36323774061614e-15	1.68421475978693e-14
EC.3.1.3.3	Week_and_Consortium	NS1_w9w10	0.432399061498154	0.0438273698862306	72	72	6.98163286174663e-15	1.84506969216541e-14
EC.5.3.1.23	Week_and_Consortium	NS1_w9w10	-0.679502095925965	0.0689124945041277	72	72	7.14644674877456e-15	1.88574684788548e-14
EC.1.2.5.3	Week_and_Consortium	NS1_w9w10	0.903296874855653	0.0916396207763001	72	72	7.24558452929088e-15	1.90899647187253e-14
EC.1.11.1.1	Week_and_Consortium	NS1_w9w10	-2.10572827503117	0.212936765809572	72	72	7.3664679729874e-15	1.93789605793939e-14
EC.1.7.1.15	Week_and_Consortium	NS1_w9w10	-0.955346722116508	0.0970329544945728	72	72	7.60030958538611e-15	1.99637873934801e-14
EC.3.4.21.107	Week_and_Consortium	NS1_w9w10	-0.625128636054382	0.0636351754432463	72	72	8.32904438105866e-15	2.18448118539584e-14
EC.3.2.1.93	Week_and_Consortium	NS1_w9w10	-0.808268056939633	0.0827567993434075	72	72	1.05588458366846e-14	2.76510773726189e-14
EC.2.6.1.83	Week_and_Consortium	NS1_w9w10	0.449247573426696	0.0460080627230623	72	72	1.06583790683804e-14	2.78695682286503e-14
EC.3.4.11.2	Week_and_Consortium	NS1_w9w10	-0.80655645161771	0.0826254721242098	72	72	1.0790221269392e-14	2.8171754173933e-14
EC.3.6.3.34	Week_and_Consortium	NS1_w9w10	0.0905726049422667	0.0092887048036334	72	72	1.12862529186486e-14	2.9422445485212e-14
EC.4.1.3.4	Week_and_Consortium	NS1_w9w10	0.856664374818679	0.088261335444011	72	72	1.36112503074887e-14	3.54301868906209e-14
EC.1.6.5.5	Week_and_Consortium	NS1_w9w10	-1.71742552023162	0.176597157108322	72	72	1.44697064077879e-14	3.76082008887101e-14
EC.3.6.3.40	Week_and_Consortium	NS1_w9w10	-0.812054917510477	0.0841533435460881	72	72	1.72237326125687e-14	4.46990721924385e-14
EC.2.3.1.28	Week_and_Consortium	NS1_w9w10	-0.211449952694453	0.0219924412416913	72	72	1.99438283897002e-14	5.16807888361841e-14
EC.3.2.1.89	Week_and_Consortium	NS1_w9w10	0.714969678897635	0.0745225078351753	72	72	2.17452318325082e-14	5.62645684634854e-14
EC.4.1.1.104	Week_and_Consortium	NS1_w9w10	1.27212668828209	0.133104427831127	72	72	2.53534109088992e-14	6.55026183332904e-14
EC.2.7.8.5	Week_and_Consortium	NS1_w9w10	0.322323635084614	0.0337354800969438	72	72	2.56652578953163e-14	6.62094805019261e-14
EC.3.6.3.30	Week_and_Consortium	NS1_w9w10	0.509444948344335	0.0536029107385008	72	72	3.17008186367852e-14	8.16579122920762e-14
EC.3.1.3.104	Week_and_Consortium	NS1_w9w10	-0.720044683552857	0.0758480347449707	72	72	3.31695434533789e-14	8.53142343503698e-14
EC.2.3.1.16	Week_and_Consortium	NS1_w9w10	-0.675771254512072	0.0710504431159402	72	72	3.51599359537368e-14	9.02994794301461e-14
EC.3.2.2.8	Week_and_Consortium	NS1_w9w10	-1.75770708672203	0.185480154134385	72	72	3.55809192551023e-14	9.12452907119735e-14
EC.2.7.4.6	Week_and_Consortium	NS1_w9w10	-0.473060143659257	0.0501699640637162	72	72	4.34067989632244e-14	1.11149658291925e-13
EC.2.3.1.46	Week_and_Consortium	NS1_w9w10	0.363293403669735	0.0385850616245015	72	72	4.59884334561345e-14	1.17586378600545e-13
EC.1.18.1.1	Week_and_Consortium	NS1_w9w10	-2.12231429986768	0.226010484235254	72	70	5.10911435798119e-14	1.30440663033414e-13
EC.4.1.2.21	Week_and_Consortium	NS1_w9w10	-1.65579808218464	0.175762345007989	72	72	5.12198154483074e-14	1.30576584007393e-13
EC.3.5.1.110	Week_and_Consortium	NS1_w9w10	-1.89545571172428	0.202062324367292	72	72	5.32351484505039e-14	1.35117363589182e-13
EC.5.1.3.24	Week_and_Consortium	NS1_w9w10	-1.89545571172428	0.202062324367292	72	72	5.32351484505039e-14	1.35117363589182e-13
EC.2.7.1.60	Week_and_Consortium	NS1_w9w10	-1.89545571172428	0.202062324367292	72	72	5.32351484505039e-14	1.35117363589182e-13
EC.1.1.1.29	Week_and_Consortium	NS1_w9w10	0.420802758880081	0.045061253852781	72	72	6.35349741555417e-14	1.61023485012068e-13
EC.3.5.1.88	Week_and_Consortium	NS1_w9w10	-0.25695521465398	0.027547626780293	72	72	6.64831137022296e-14	1.68248932483274e-13
EC.4.1.1.3	Week_and_Consortium	NS1_w9w10	0.080763445284306	0.00869256894437434	72	72	7.75389958543847e-14	1.95941608502102e-13
EC.2.5.1.129	Week_and_Consortium	NS1_w9w10	-0.700665716523676	0.0756019676081654	72	72	8.55125983481264e-14	2.15461874440476e-13
EC.4.1.1.98	Week_and_Consortium	NS1_w9w10	-0.700665716523676	0.0756019676081654	72	72	8.55125983481264e-14	2.15461874440476e-13
EC.2.6.1.2	Week_and_Consortium	NS1_w9w10	0.480180167061208	0.051814225932198	72	72	8.5686034248318e-14	2.15585065819533e-13
EC.4.3.3.6	Week_and_Consortium	NS1_w9w10	-1.19893884203015	0.129425489461272	72	72	8.70661421213635e-14	2.18739465910131e-13
EC.3.5.3.11	Week_and_Consortium	NS1_w9w10	-0.660870095588427	0.0715614599670033	72	72	9.81801090268893e-14	2.46304012645718e-13
EC.2.7.1.56	Week_and_Consortium	NS1_w9w10	-0.809190794321411	0.087654545945055	72	72	9.95998495259431e-14	2.49504109304497e-13
EC.2.6.1.102	Week_and_Consortium	NS1_w9w10	-0.935151975974834	0.101362873646681	72	72	1.02064107794717e-13	2.55307760972045e-13
EC.2.6.1.13	Week_and_Consortium	NS1_w9w10	-0.861870422440108	0.0935442239106605	72	72	1.074782008672e-13	2.68462865369586e-13
EC.2.7.8.12	Week_and_Consortium	NS1_w9w10	-0.714871171978096	0.0778925820845098	72	72	1.24996814426384e-13	3.11771593331514e-13
EC.4.1.2.25	Week_and_Consortium	NS1_w9w10	0.35993105730224	0.0392233419758672	72	72	1.2563214784024e-13	3.12455815964736e-13
EC.2.5.1.56	Week_and_Consortium	NS1_w9w10	-0.450374948863801	0.0490788087245709	72	72	1.2557082163774e-13	3.12455815964736e-13
EC.1.8.1.4	Week_and_Consortium	NS1_w9w10	0.103871179984328	0.0113211621874379	72	72	1.26424903122954e-13	3.13976337598039e-13
EC.2.8.3.10	Week_and_Consortium	NS1_w9w10	0.849453489348957	0.0926015223751093	72	72	1.27357337500648e-13	3.15838898586851e-13
EC.2.7.7.38	Week_and_Consortium	NS1_w9w10	-0.260226346510103	0.0283857498825941	72	72	1.3046010688337e-13	3.23070736788432e-13
EC.2.1.3.3	Week_and_Consortium	NS1_w9w10	-0.486086290396866	0.0530516750874608	72	72	1.33233856206768e-13	3.29468292991307e-13
EC.2.3.1.1	Week_and_Consortium	NS1_w9w10	-0.52844876084971	0.0578716614854681	72	72	1.51900935957459e-13	3.75093466679546e-13
EC.4.1.2.43	Week_and_Consortium	NS1_w9w10	-1.64932652603757	0.180719130398729	72	72	1.55088829634834e-13	3.82419891877347e-13
EC.1.15.1.2	Week_and_Consortium	NS1_w9w10	-0.9027031423243	0.0991450716930788	72	72	1.69868160257712e-13	4.18267120065574e-13
EC.3.1.3.97	Week_and_Consortium	NS1_w9w10	0.401626794025378	0.0441312364036488	72	72	1.72855071954714e-13	4.25017229479559e-13
EC.2.7.1.53	Week_and_Consortium	NS1_w9w10	1.17695646103299	0.129739050679523	72	72	1.95355330272341e-13	4.79659683264428e-13
EC.4.2.1.47	Week_and_Consortium	NS1_w9w10	0.24351095145349	0.0268460884745712	72	72	1.96255814666597e-13	4.81188123495581e-13
EC.5.4.2.7	Week_and_Consortium	NS1_w9w10	-0.791039523459538	0.0875384979805756	72	72	2.2667283724144e-13	5.54979747192268e-13
EC.3.5.3.1	Week_and_Consortium	NS1_w9w10	-0.835536428639278	0.0926831811441116	72	72	2.48203108304039e-13	6.06835565641654e-13
EC.2.7.1.208	Week_and_Consortium	NS1_w9w10	-0.926710497283247	0.102935908251009	72	72	2.61299182321442e-13	6.37953292804536e-13
EC.4.2.1.109	Week_and_Consortium	NS1_w9w10	-1.80757801106606	0.20121998700453	72	70	2.83955855444349e-13	6.92292374329814e-13
EC.2.1.1.107	Week_and_Consortium	NS1_w9w10	-0.531831056651571	0.059250540389419	72	72	2.92626500259811e-13	7.12428230590342e-13
EC.1.5.5.2	Week_and_Consortium	NS1_w9w10	-0.404943402823042	0.0451269664135575	72	72	2.95788861998973e-13	7.18107321346735e-13
EC.1.2.1.88	Week_and_Consortium	NS1_w9w10	-0.404943402823042	0.0451269664135575	72	72	2.95788861998973e-13	7.18107321346735e-13
EC.3.4.21.88	Week_and_Consortium	NS1_w9w10	-0.683945560220655	0.0762744149829418	72	72	3.0404179996178e-13	7.37109741924146e-13
EC.1.1.1.380	Week_and_Consortium	NS1_w9w10	-1.23114158538686	0.137594645140898	72	72	3.29872471795988e-13	7.9861433381658e-13
EC.1.1.1.3	Week_and_Consortium	NS1_w9w10	-0.123815150803705	0.013852008637942	72	72	3.42902760173244e-13	8.29000946731684e-13
EC.5.4.99.18	Week_and_Consortium	NS1_w9w10	-0.154852007913251	0.0174163505406312	72	72	4.18646754486793e-13	1.01070785497439e-12
EC.4.1.2.19	Week_and_Consortium	NS1_w9w10	-0.513211965352196	0.0578686845270182	72	72	4.60652720032731e-13	1.11057083339367e-12
EC.2.7.1.19	Week_and_Consortium	NS1_w9w10	1.34997216448936	0.152346313358574	72	72	4.75197459731207e-13	1.14404284116094e-12
EC.3.2.1.156	Week_and_Consortium	NS1_w9w10	-1.27495989125327	0.144239352373833	72	72	5.21535943259132e-13	1.25212027431561e-12
EC.3.1.2.29	Week_and_Consortium	NS1_w9w10	-1.27495989125327	0.144239352373833	72	72	5.21535943259132e-13	1.25212027431561e-12
EC.1.13.12.16	Week_and_Consortium	NS1_w9w10	2.01172218962104	0.227727595035847	72	66	5.33351156218238e-13	1.27871309060079e-12
EC.6.5.1.1	Week_and_Consortium	NS1_w9w10	2.20757538453704	0.249441403550387	72	67	5.56855833534467e-13	1.33321915331696e-12
EC.5.1.1.13	Week_and_Consortium	NS1_w9w10	0.531858969370834	0.0601040847781466	72	72	5.60365820083292e-13	1.33976966100025e-12
EC.3.2.1.26	Week_and_Consortium	NS1_w9w10	-0.748101222809276	0.0848664123590677	72	72	5.77607799555143e-13	1.37908841521373e-12
EC.2.1.1.151	Week_and_Consortium	NS1_w9w10	0.500772752287893	0.0568226499938512	72	72	5.82852053355202e-13	1.38778116142759e-12
EC.2.1.1.130	Week_and_Consortium	NS1_w9w10	0.500772752287893	0.0568226499938512	72	72	5.82852053355202e-13	1.38778116142759e-12
EC.2.7.1.184	Week_and_Consortium	NS1_w9w10	-0.999031130020173	0.113893763033313	72	72	6.94103278091801e-13	1.64813823645666e-12
EC.2.4.2.53	Week_and_Consortium	NS1_w9w10	-0.999031130020173	0.113893763033313	72	72	6.94103278091801e-13	1.64813823645666e-12
EC.4.1.2.40	Week_and_Consortium	NS1_w9w10	-1.04501349368154	0.11939080614879	72	72	7.51322759156639e-13	1.78156122753444e-12
EC.3.6.1.27	Week_and_Consortium	NS1_w9w10	0.131106475957225	0.0149850557716373	72	72	7.63281561008408e-13	1.80744238318133e-12
EC.2.4.1.4	Week_and_Consortium	NS1_w9w10	-0.844098760341679	0.0967267279611925	72	72	8.39572391471407e-13	1.98538225360247e-12
EC.3.6.1.7	Week_and_Consortium	NS1_w9w10	-0.745104018451733	0.0856438190123485	72	72	9.39618258274522e-13	2.21893479546139e-12
EC.2.8.1.7	Week_and_Consortium	NS1_w9w10	-0.210380298707977	0.0241977164637902	72	72	9.63017351422939e-13	2.27109405356009e-12
EC.2.3.1.47	Week_and_Consortium	NS1_w9w10	0.269339958436084	0.0310078650013802	72	72	9.96351472381471e-13	2.34650938597595e-12
EC.4.2.1.2	Week_and_Consortium	NS1_w9w10	-0.100396000590488	0.0115376964923116	72	72	1.04062978237525e-12	2.44745944740701e-12
EC.6.3.5.1	Week_and_Consortium	NS1_w9w10	-0.119843373606437	0.0138337572009886	72	72	1.09857261986903e-12	2.580229586151e-12
EC.2.1.1.242	Week_and_Consortium	NS1_w9w10	-0.967545324213967	0.11183909187458	72	72	1.15526307083353e-12	2.70970240597946e-12
EC.2.7.7.65	Week_and_Consortium	NS1_w9w10	-0.833467421544122	0.0962247114860771	72	72	1.23111085955027e-12	2.88369810268135e-12
EC.1.11.1.6	Week_and_Consortium	NS1_w9w10	-0.472173681635209	0.0547371464696177	72	72	1.28439884341901e-12	3.00445188913285e-12
EC.5.1.3.9	Week_and_Consortium	NS1_w9w10	-0.738793547913665	0.085704695455155	72	72	1.3173370752135e-12	3.07734207448659e-12
EC.1.1.1.26	Week_and_Consortium	NS1_w9w10	-0.786254524271692	0.0912459539219908	72	72	1.33617350590255e-12	3.11713792279962e-12
EC.6.2.1.1	Week_and_Consortium	NS1_w9w10	0.452524631220358	0.0525924412484723	72	72	1.40883662432704e-12	3.28222906690459e-12
EC.2.7.7.15	Week_and_Consortium	NS1_w9w10	0.348429772435345	0.0405102696685383	72	72	1.42892608749881e-12	3.32455787293071e-12
EC.5.4.2.2	Week_and_Consortium	NS1_w9w10	-0.0827564562123651	0.00968093969501574	72	72	1.78581441804917e-12	4.14932182233974e-12
EC.2.1.1.132	Week_and_Consortium	NS1_w9w10	0.374838283232829	0.0438751810898145	72	72	1.8248470150321e-12	4.234330004049e-12
EC.2.4.1.281	Week_and_Consortium	NS1_w9w10	0.536634955381433	0.0628465685560357	72	72	1.85978889046917e-12	4.30963128434022e-12
EC.2.7.7.12	Week_and_Consortium	NS1_w9w10	-0.70641998118153	0.0827341799325899	72	72	1.86279369278166e-12	4.31082337193188e-12
EC.2.1.2.10	Week_and_Consortium	NS1_w9w10	0.075392433183498	0.00882891718206206	72	72	2.06012289763727e-12	4.76111179680923e-12
EC.6.2.1.26	Week_and_Consortium	NS1_w9w10	-0.386816427559129	0.0454648529463359	72	72	2.11886003251229e-12	4.89032895503836e-12
EC.1.1.1.369	Week_and_Consortium	NS1_w9w10	-1.05587388075777	0.124313973997368	72	72	2.25243637506888e-12	5.1847970282503e-12
EC.1.1.1.18	Week_and_Consortium	NS1_w9w10	-1.05587388075777	0.124313973997368	72	72	2.25243637506888e-12	5.1847970282503e-12
EC.6.3.3.2	Week_and_Consortium	NS1_w9w10	0.196922850507405	0.0232229571120288	72	72	2.3895405658523e-12	5.4930872768796e-12
EC.3.2.1.96	Week_and_Consortium	NS1_w9w10	-0.718808981864276	0.0847527228428347	72	72	2.63372431723634e-12	6.04638831980915e-12
EC.5.1.99.8	Week_and_Consortium	NS1_w9w10	0.46359454086806	0.054950727763207	72	72	2.86863782009933e-12	6.56826992935441e-12
EC.1.13.11.81	Week_and_Consortium	NS1_w9w10	0.46359454086806	0.054950727763207	72	72	2.86863782009933e-12	6.56826992935441e-12
EC.1.1.1.25	Week_and_Consortium	NS1_w9w10	-0.107837053487079	0.0128085583962516	72	72	3.08834330985354e-12	7.06198450377342e-12
EC.3.2.1.68	Week_and_Consortium	NS1_w9w10	-0.791567214042558	0.0942683002049908	72	72	3.39282485308635e-12	7.74799448640168e-12
EC.6.1.1.4	Week_and_Consortium	NS1_w9w10	-0.0949882815638673	0.0113406618306135	72	72	3.70966428161217e-12	8.46038059482301e-12
EC.2.6.1.62	Week_and_Consortium	NS1_w9w10	0.167974971639873	0.0200718302258523	72	72	3.82482600761895e-12	8.71154449893211e-12
EC.2.7.7.23	Week_and_Consortium	NS1_w9w10	-0.770459478586706	0.0918206700941145	72	72	3.84411499225272e-12	8.74397247252228e-12
EC.6.1.1.5	Week_and_Consortium	NS1_w9w10	-0.0944579699086682	0.0113406855480818	72	72	4.52352531773026e-12	1.02624145805912e-11
EC.6.3.4.4	Week_and_Consortium	NS1_w9w10	-0.0944579699086682	0.0113406855480818	72	72	4.52352531773026e-12	1.02624145805912e-11
EC.5.1.3.26	Week_and_Consortium	NS1_w9w10	0.591351717334862	0.0713621221801425	72	72	5.41664928339085e-12	1.22725391486251e-11
EC.2.5.1.54	Week_and_Consortium	NS1_w9w10	-0.415416962382187	0.0502341718610718	72	72	5.8221766031909e-12	1.31741015687888e-11
EC.5.3.1.30	Week_and_Consortium	NS1_w9w10	-1.01511041658219	0.122814144480065	72	72	5.92654997460705e-12	1.33927650209462e-11
EC.1.1.1.4	Week_and_Consortium	NS1_w9w10	-1.12329254506901	0.136322399113615	72	72	6.60200438696302e-12	1.48802989503034e-11
EC.1.1.1.303	Week_and_Consortium	NS1_w9w10	-1.12329254506901	0.136322399113615	72	72	6.60200438696302e-12	1.48802989503034e-11
EC.5.1.3.6	Week_and_Consortium	NS1_w9w10	0.692507205538225	0.0842366590878886	72	72	7.15599512319145e-12	1.61079682161826e-11
EC.1.11.1.15	Week_and_Consortium	NS1_w9w10	0.171236986643154	0.0208570018692212	72	72	7.49534226914615e-12	1.68499187894701e-11
EC.3.2.1.172	Week_and_Consortium	NS1_w9w10	-0.53045402630003	0.064671115371629	72	72	7.74465963868888e-12	1.73878156090408e-11
EC.6.1.1.24	Week_and_Consortium	NS1_w9w10	-0.723302973109099	0.0883046921530625	72	72	8.12631535908842e-12	1.82210516665571e-11
EC.1.1.1.339	Week_and_Consortium	NS1_w9w10	1.7544449406548	0.214512894399352	72	42	8.55978947139498e-12	1.91681702134343e-11
EC.2.7.1.12	Week_and_Consortium	NS1_w9w10	-0.811805685012785	0.0993429727630784	72	72	8.81741738035812e-12	1.97195729785529e-11
EC.5.3.1.17	Week_and_Consortium	NS1_w9w10	0.47322970929424	0.0579147365226192	72	72	8.83997745830465e-12	1.97445173939682e-11
EC.5.1.3.8	Week_and_Consortium	NS1_w9w10	0.167288155020768	0.0204807037333169	72	72	8.95540882520046e-12	1.99765627273479e-11
EC.6.1.1.2	Week_and_Consortium	NS1_w9w10	-0.0924837899137926	0.0113357431850775	72	72	9.32309689701507e-12	2.07699880678675e-11
EC.5.1.1.1	Week_and_Consortium	NS1_w9w10	-0.207758551733725	0.0254059900444655	72	72	9.44160646486211e-12	2.10069675972703e-11
EC.4.99.1.4	Week_and_Consortium	NS1_w9w10	-0.713513695586235	0.0876504288906749	72	72	1.006925988972e-11	2.23746968794678e-11
EC.2.7.1.107	Week_and_Consortium	NS1_w9w10	0.417156408802698	0.0513780299223924	72	72	1.10116500395027e-11	2.44373925876657e-11
EC.3.1.1.32	Week_and_Consortium	NS1_w9w10	-0.644471693536664	0.0793961140130894	72	72	1.11141611475188e-11	2.46018068367712e-11
EC.3.1.1.4	Week_and_Consortium	NS1_w9w10	-0.644471693536664	0.0793961140130894	72	72	1.11141611475188e-11	2.46018068367712e-11
EC.3.4.11.1	Week_and_Consortium	NS1_w9w10	-0.953355854430087	0.117935215199754	72	72	1.2808007677169e-11	2.83150208035499e-11
EC.2.4.1.329	Week_and_Consortium	NS1_w9w10	-1.15296731560028	0.143085098193734	72	72	1.42898052714123e-11	3.15505777102227e-11
EC.3.1.2.12	Week_and_Consortium	NS1_w9w10	0.401580724771433	0.0498451074665467	72	72	1.43712948240785e-11	3.16900781407388e-11
EC.2.7.4.8	Week_and_Consortium	NS1_w9w10	-0.0802759258087883	0.00998496015428441	72	72	1.54384320208294e-11	3.39999056336587e-11
EC.2.7.8.6	Week_and_Consortium	NS1_w9w10	-0.622417353765466	0.0775075604723479	72	72	1.60578873950535e-11	3.53191906999208e-11
EC.1.3.8.1	Week_and_Consortium	NS1_w9w10	-0.834864661488341	0.10401435868068	72	72	1.63306552625515e-11	3.58735587049197e-11
EC.1.1.1.290	Week_and_Consortium	NS1_w9w10	0.442243350886711	0.0551242660403109	72	72	1.65941932476284e-11	3.64062718778768e-11
EC.3.5.1.6	Week_and_Consortium	NS1_w9w10	0.955037838887543	0.119134847130507	72	72	1.70376038956778e-11	3.73317624600232e-11
EC.4.3.1.18	Week_and_Consortium	NS1_w9w10	-0.908387481753917	0.113343049338427	72	72	1.71789046435703e-11	3.75937850038183e-11
EC.2.7.7.82	Week_and_Consortium	NS1_w9w10	-1.06284546609632	0.132629624826141	72	72	1.72417559390617e-11	3.76836862759039e-11
EC.3.2.2.28	Week_and_Consortium	NS1_w9w10	-0.59590266291238	0.0744418855851791	72	72	1.78896160248515e-11	3.90503472118763e-11
EC.1.1.1.37	Week_and_Consortium	NS1_w9w10	0.185961846476006	0.0233146011461132	72	72	2.0208523858852e-11	4.40566181356081e-11
EC.3.4.21.102	Week_and_Consortium	NS1_w9w10	0.185821888774293	0.0233279605931414	72	72	2.1134700404886e-11	4.6017819372148e-11
EC.2.7.1.51	Week_and_Consortium	NS1_w9w10	-0.23677608663104	0.0297264292542598	72	72	2.11758401619425e-11	4.60494715079429e-11
EC.2.8.1.4	Week_and_Consortium	NS1_w9w10	-0.64060404708337	0.0804365815685282	72	72	2.12732592237789e-11	4.62032769339538e-11
EC.1.4.7.1	Week_and_Consortium	NS1_w9w10	0.328467453221062	0.0412516459396882	72	72	2.14143410008563e-11	4.64514088627598e-11
EC.2.6.1.19	Week_and_Consortium	NS1_w9w10	-0.806754822484939	0.101134575727622	72	72	2.196013543678e-11	4.75162430513327e-11
EC.2.6.1.22	Week_and_Consortium	NS1_w9w10	-0.806754822484939	0.101134575727622	72	72	2.196013543678e-11	4.75162430513327e-11
EC.1.1.1.271	Week_and_Consortium	NS1_w9w10	0.216397688990745	0.0272966120016766	72	72	2.48288533921376e-11	5.36563610758928e-11
EC.2.1.1.198	Week_and_Consortium	NS1_w9w10	0.109789580458927	0.013856357181076	72	72	2.52782334768497e-11	5.44914348050147e-11
EC.2.1.1.104	Week_and_Consortium	NS1_w9w10	0.448174520835775	0.0565613713271861	72	72	2.52485733594256e-11	5.44914348050147e-11
EC.6.2.1.30	Week_and_Consortium	NS1_w9w10	0.495406250399692	0.0625270795782241	72	72	2.53148623871405e-11	5.45025208857466e-11
EC.3.7.1.12	Week_and_Consortium	NS1_w9w10	-0.700794738641025	0.0888039223472332	72	72	2.89420840186698e-11	6.22344688649905e-11
EC.2.7.1.121	Week_and_Consortium	NS1_w9w10	-0.562931381517506	0.0713461138138689	72	72	2.91065131168469e-11	6.25103898328312e-11
EC.2.4.1.208	Week_and_Consortium	NS1_w9w10	-1.05182046999227	0.133361919570845	72	72	2.95022213325466e-11	6.32817163898862e-11
EC.6.2.1.32	Week_and_Consortium	NS1_w9w10	0.487908592545506	0.0620134345626998	72	72	3.2000450670357e-11	6.79666013624392e-11
EC.2.3.1.182	Week_and_Consortium	NS1_w9w10	0.487908592545506	0.0620134345626998	72	72	3.2000450670357e-11	6.79666013624392e-11
EC.3.4.14.4	Week_and_Consortium	NS1_w9w10	0.487908592545506	0.0620134345626998	72	72	3.2000450670357e-11	6.79666013624392e-11
EC.1.5.1.39	Week_and_Consortium	NS1_w9w10	0.487908592545506	0.0620134345626998	72	72	3.2000450670357e-11	6.79666013624392e-11
EC.3.5.2.7	Week_and_Consortium	NS1_w9w10	0.487908592545506	0.0620134345626998	72	72	3.2000450670357e-11	6.79666013624392e-11
EC.4.3.1.4	Week_and_Consortium	NS1_w9w10	0.487908592545506	0.0620134345626998	72	72	3.2000450670357e-11	6.79666013624392e-11
EC.2.1.2.5	Week_and_Consortium	NS1_w9w10	0.487908592545506	0.0620134345626998	72	72	3.2000450670357e-11	6.79666013624392e-11
EC.4.2.1.49	Week_and_Consortium	NS1_w9w10	0.487908592545506	0.0620134345626998	72	72	3.2000450670357e-11	6.79666013624392e-11
EC.3.6.3.15	Week_and_Consortium	NS1_w9w10	0.315633711831211	0.0402884346075711	72	72	3.6873359393154e-11	7.82203248891539e-11
EC.2.1.1.148	Week_and_Consortium	NS1_w9w10	1.88586989464788	0.241467556137073	72	69	4.08761848992553e-11	8.66054786543585e-11
EC.3.1.3.100	Week_and_Consortium	NS1_w9w10	-0.0763086279719578	0.00978911845967126	72	72	4.35191279148725e-11	9.20924332770713e-11
EC.2.6.1.16	Week_and_Consortium	NS1_w9w10	0.242164714165727	0.0310328759963132	72	72	4.56485433090401e-11	9.64806208399858e-11
EC.3.1.6.1	Week_and_Consortium	NS1_w9w10	-0.357499163408774	0.0459551824158063	72	72	4.6562196288988e-11	9.82916607027294e-11
EC.1.1.1.77	Week_and_Consortium	NS1_w9w10	-0.451301676202588	0.0580878774562295	72	72	4.85792624353377e-11	1.02424729933702e-10
EC.2.3.1.181	Week_and_Consortium	NS1_w9w10	-0.134247545353627	0.0173048581199847	72	72	5.10041972576773e-11	1.07406648969634e-10
EC.5.3.1.13	Week_and_Consortium	NS1_w9w10	-0.178358554402351	0.0229988407463534	72	72	5.15876301725044e-11	1.08503265891379e-10
EC.2.1.1.172	Week_and_Consortium	NS1_w9w10	-1.31465923049705	0.169581178733582	72	72	5.21859650207695e-11	1.09565570969351e-10
EC.5.1.3.7	Week_and_Consortium	NS1_w9w10	-0.48334717248225	0.0623493713417051	72	72	5.22192929230011e-11	1.09565570969351e-10
EC.1.2.1.12	Week_and_Consortium	NS1_w9w10	-0.127007963852784	0.0164119728676696	72	72	5.52928716530106e-11	1.15874044590026e-10
EC.1.3.1.76	Week_and_Consortium	NS1_w9w10	-0.676034828848654	0.0875964999455744	72	72	6.04721842942973e-11	1.26574789617205e-10
EC.3.5.2.10	Week_and_Consortium	NS1_w9w10	0.388052275865685	0.0503524341385139	72	72	6.33235420022816e-11	1.3238291208448e-10
EC.1.1.1.219	Week_and_Consortium	NS1_w9w10	0.458750885383494	0.0599191002471435	72	72	7.84398196491475e-11	1.63786885178135e-10
EC.4.2.1.10	Week_and_Consortium	NS1_w9w10	-0.0871616749688009	0.0113856532018211	72	72	7.86979337692379e-11	1.64127859463314e-10
EC.5.4.2.8	Week_and_Consortium	NS1_w9w10	-0.311575044613648	0.0407469347898302	72	72	8.16876178787727e-11	1.70157962151812e-10
EC.4.6.1.12	Week_and_Consortium	NS1_w9w10	0.105699241482292	0.0138396613512556	72	72	8.49223427539549e-11	1.76683383782567e-10
EC.1.1.1.169	Week_and_Consortium	NS1_w9w10	0.0811418973939025	0.0106273610089056	72	72	8.57269149775119e-11	1.78143205073317e-10
EC.2.4.2.29	Week_and_Consortium	NS1_w9w10	-0.123856779947467	0.0162288646201196	72	72	8.69350288692216e-11	1.80437092293312e-10
EC.4.1.1.23	Week_and_Consortium	NS1_w9w10	0.103781749709986	0.0136226664133978	72	72	9.20740889450427e-11	1.90874548459723e-10
EC.1.2.1.3	Week_and_Consortium	NS1_w9w10	-0.448745509578229	0.0590223831543482	72	72	9.82512952284177e-11	2.0343659334975e-10
EC.4.1.99.12	Week_and_Consortium	NS1_w9w10	0.192404207696423	0.0253347611897325	72	72	1.01848556925052e-10	2.10633037081559e-10
EC.5.1.3.22	Week_and_Consortium	NS1_w9w10	-0.661891922052413	0.0872282222875215	72	72	1.04656606352626e-10	2.16182083050592e-10
EC.1.1.1.95	Week_and_Consortium	NS1_w9w10	-0.125433290945601	0.0165388585809732	72	72	1.06394200096381e-10	2.19248048055756e-10
EC.1.1.1.399	Week_and_Consortium	NS1_w9w10	-0.125433290945601	0.0165388585809732	72	72	1.06394200096381e-10	2.19248048055756e-10
EC.6.3.2.17	Week_and_Consortium	NS1_w9w10	-0.0676141280070047	0.00891679338753628	72	72	1.07013378086032e-10	2.20000187015347e-10
EC.6.3.2.12	Week_and_Consortium	NS1_w9w10	-0.0676141280070047	0.00891679338753628	72	72	1.07013378086032e-10	2.20000187015347e-10
EC.2.7.1.50	Week_and_Consortium	NS1_w9w10	-0.491953295202636	0.0648854860466853	72	72	1.07428726159694e-10	2.20592081829692e-10
EC.4.3.1.17	Week_and_Consortium	NS1_w9w10	0.125687697892192	0.0166149190680157	72	72	1.15499306456913e-10	2.3688305625227e-10
EC.2.3.1.19	Week_and_Consortium	NS1_w9w10	0.336527218267776	0.0446369939966689	72	72	1.28682061970166e-10	2.63607868959003e-10
EC.2.7.7.72	Week_and_Consortium	NS1_w9w10	0.265159845626297	0.0352237832727861	72	72	1.35002070301531e-10	2.76227640297813e-10
EC.2.6.1.42	Week_and_Consortium	NS1_w9w10	-0.121489836832908	0.0162296010327645	72	72	1.61353438501392e-10	3.29755374316303e-10
EC.1.8.4.8	Week_and_Consortium	NS1_w9w10	-0.680379387719844	0.0910249863500901	72	72	1.69069430514392e-10	3.44710464334997e-10
EC.1.8.4.10	Week_and_Consortium	NS1_w9w10	-0.680379387719844	0.0910249863500901	72	72	1.69069430514392e-10	3.44710464334997e-10
EC.5.3.1.14	Week_and_Consortium	NS1_w9w10	-0.435044017591303	0.0582277518138918	72	72	1.71388995408124e-10	3.49028648295839e-10
EC.2.4.99.17	Week_and_Consortium	NS1_w9w10	0.102633826734125	0.0137498453049156	72	72	1.76578989963569e-10	3.59175360313675e-10
EC.2.5.1.61	Week_and_Consortium	NS1_w9w10	-0.453574053982821	0.0607698520937721	72	72	1.76998733650614e-10	3.59606582100016e-10
EC.2.7.1.21	Week_and_Consortium	NS1_w9w10	0.360660706205398	0.0483710405550225	72	72	1.82831627422417e-10	3.71021743339043e-10
EC.4.1.99.14	Week_and_Consortium	NS1_w9w10	-0.718518203229829	0.0963920928108524	72	72	1.84390500359831e-10	3.73747021221156e-10
EC.2.5.1.105	Week_and_Consortium	NS1_w9w10	0.619225295958369	0.0832990058902092	72	72	2.009512338387e-10	4.06838112017298e-10
EC.4.1.3.36	Week_and_Consortium	NS1_w9w10	-0.319963051451061	0.0431796203435873	72	72	2.22128858157768e-10	4.49188146578383e-10
EC.3.5.4.28	Week_and_Consortium	NS1_w9w10	-0.31897816500746	0.0430616549038143	72	72	2.24555190168924e-10	4.53036170375766e-10
EC.3.5.4.31	Week_and_Consortium	NS1_w9w10	-0.31897816500746	0.0430616549038143	72	72	2.24555190168924e-10	4.53036170375766e-10
EC.2.1.1.227	Week_and_Consortium	NS1_w9w10	-0.450307124054787	0.060859222237093	72	72	2.32582106473328e-10	4.68139100355035e-10
EC.2.1.1.226	Week_and_Consortium	NS1_w9w10	-0.450307124054787	0.060859222237093	72	72	2.32582106473328e-10	4.68139100355035e-10
EC.3.4.21.116	Week_and_Consortium	NS1_w9w10	-0.444557327429794	0.0601215926526361	72	72	2.37401221048599e-10	4.77283987961817e-10
EC.1.4.1.16	Week_and_Consortium	NS1_w9w10	0.153104984755702	0.0208000734571301	72	72	2.73486263371342e-10	5.49193412872149e-10
EC.2.7.1.52	Week_and_Consortium	NS1_w9w10	-1.04238176776231	0.141728401207817	72	72	2.80509137136088e-10	5.62643472053962e-10
EC.4.3.1.1	Week_and_Consortium	NS1_w9w10	-0.467429923342954	0.0635573715622607	72	72	2.80897109825193e-10	5.62769556837279e-10
EC.4.2.1.85	Week_and_Consortium	NS1_w9w10	-0.691252538673283	0.0942059304084534	72	72	3.01512939918602e-10	6.03374449709943e-10
EC.2.7.1.193	Week_and_Consortium	NS1_w9w10	-0.592617057009818	0.0813316651518487	72	72	3.74284877015617e-10	7.48137554404196e-10
EC.3.5.4.25	Week_and_Consortium	NS1_w9w10	0.180525364284514	0.0248383942460339	72	72	4.04527484662218e-10	8.07655220242561e-10
EC.6.3.4.20	Week_and_Consortium	NS1_w9w10	0.175136926967381	0.0240998784704248	72	72	4.06009713977526e-10	8.08748923929916e-10
EC.1.7.1.13	Week_and_Consortium	NS1_w9w10	0.175136926967381	0.0240998784704248	72	72	4.06009713977526e-10	8.08748923929916e-10
EC.6.1.1.9	Week_and_Consortium	NS1_w9w10	0.159337530111944	0.0219354775423252	72	72	4.11541710124227e-10	8.18826092212686e-10
EC.5.4.4.2	Week_and_Consortium	NS1_w9w10	-0.327286594416858	0.0451042442803401	72	72	4.25106225971936e-10	8.44843716598647e-10
EC.6.3.5.6	Week_and_Consortium	NS1_w9w10	-0.42772901200922	0.0590231767877862	72	72	4.42340398417474e-10	8.77080446346675e-10
EC.6.3.5.7	Week_and_Consortium	NS1_w9w10	-0.42772901200922	0.0590231767877862	72	72	4.42340398417474e-10	8.77080446346675e-10
EC.3.2.1.22	Week_and_Consortium	NS1_w9w10	-0.163433778587051	0.0226359414046014	72	72	4.95007858537319e-10	9.80387417766704e-10
EC.2.1.1.217	Week_and_Consortium	NS1_w9w10	-0.632520219376992	0.0878988786784637	72	72	5.47900799970314e-10	1.08390432542699e-09
EC.2.1.1.207	Week_and_Consortium	NS1_w9w10	-0.443990535269289	0.0618016005207534	72	72	5.75987406370002e-10	1.13816689546401e-09
EC.4.2.1.118	Week_and_Consortium	NS1_w9w10	-1.0199662284874	0.142196403253818	72	72	6.03764849342584e-10	1.19169550081187e-09
EC.5.4.99.24	Week_and_Consortium	NS1_w9w10	-0.523623499540824	0.0731098922551997	72	72	6.3183750684546e-10	1.24568419629783e-09
EC.2.4.2.17	Week_and_Consortium	NS1_w9w10	-0.0734797917678958	0.0102669304551999	72	72	6.45829770205882e-10	1.27182176590032e-09
EC.2.4.1.5	Week_and_Consortium	NS1_w9w10	-1.01726840288635	0.142298258439486	72	72	6.68202085562101e-10	1.30843643677375e-09
EC.2.4.1.144	Week_and_Consortium	NS1_w9w10	-1.01726840288635	0.142298258439486	72	72	6.68202085551039e-10	1.30843643677375e-09
EC.1.16.3.3	Week_and_Consortium	NS1_w9w10	-1.01726840288635	0.142298258439486	72	72	6.68202085551039e-10	1.30843643677375e-09
EC.5.1.3.35	Week_and_Consortium	NS1_w9w10	-1.01726840288635	0.142298258439486	72	72	6.68202085551039e-10	1.30843643677375e-09
EC.1.3.4.1	Week_and_Consortium	NS1_w9w10	-1.01726840288635	0.142298258439486	72	72	6.68202085551039e-10	1.30843643677375e-09
EC.5.4.3.8	Week_and_Consortium	NS1_w9w10	-0.522733489002187	0.0732048904849586	72	72	6.91530751710081e-10	1.35258726690412e-09
EC.1.1.1.86	Week_and_Consortium	NS1_w9w10	-0.073709089646028	0.0103229459583702	72	72	6.92624009474533e-10	1.3531965693007e-09
EC.1.3.7.1	Week_and_Consortium	NS1_w9w10	1.66201941853564	0.233572551373007	72	67	8.19033984456095e-10	1.59656286834854e-09
EC.2.1.1.303	Week_and_Consortium	NS1_w9w10	1.66201941853564	0.233572551373007	72	67	8.19033984456095e-10	1.59656286834854e-09
EC.3.4.17.14	Week_and_Consortium	NS1_w9w10	-0.738635149596459	0.104064357426045	72	72	8.27999530039693e-10	1.61222405680395e-09
EC.6.3.4.13	Week_and_Consortium	NS1_w9w10	-0.104840559134166	0.0147965048270129	72	72	8.72209981355943e-10	1.69639941317656e-09
EC.2.7.7.13	Week_and_Consortium	NS1_w9w10	-0.179917272029251	0.0254128084762429	72	72	8.93388050508085e-10	1.73563941125645e-09
EC.2.7.2.1	Week_and_Consortium	NS1_w9w10	-0.270074863307281	0.0381859811943837	72	72	9.20713888902215e-10	1.78672168350867e-09
EC.2.7.1.207	Week_and_Consortium	NS1_w9w10	-1.07830739849685	0.152357955920506	72	72	9.6190641454412e-10	1.8645688729853e-09
EC.6.3.5.9	Week_and_Consortium	NS1_w9w10	-0.0972160074535719	0.0137685223864624	72	72	9.67818549586538e-10	1.87183677020592e-09
EC.6.3.5.11	Week_and_Consortium	NS1_w9w10	-0.0972160074535719	0.0137685223864624	72	72	9.67818549586538e-10	1.87183677020592e-09
EC.3.1.4.46	Week_and_Consortium	NS1_w9w10	-0.290551094805637	0.0410674777717227	72	72	9.7150222161434e-10	1.8768642250161e-09
EC.1.3.98.1	Week_and_Consortium	NS1_w9w10	0.377668649636484	0.0535893056748338	72	72	1.02334863457485e-09	1.97482328478157e-09
EC.4.1.99.1	Week_and_Consortium	NS1_w9w10	0.361415393235915	0.0513266163893105	72	72	1.04938638454311e-09	2.02281495728744e-09
EC.2.7.7.61	Week_and_Consortium	NS1_w9w10	0.86680124766688	0.123269374077489	72	72	1.0930901997195e-09	2.10471539011618e-09
EC.3.1.3.7	Week_and_Consortium	NS1_w9w10	0.0959979251479887	0.0136568807849837	72	72	1.10459362737066e-09	2.12214380574763e-09
EC.2.3.1.81	Week_and_Consortium	NS1_w9w10	-0.971330365354062	0.138178700268483	72	72	1.10342806954476e-09	2.12214380574763e-09
EC.3.1.1.41	Week_and_Consortium	NS1_w9w10	-0.43319040452232	0.0615083878158693	72	72	1.11118334902645e-09	2.13243722523812e-09
EC.2.7.7.4	Week_and_Consortium	NS1_w9w10	0.167685092997569	0.0238633498728136	72	72	1.11570334120575e-09	2.13874029194591e-09
EC.2.4.1.187	Week_and_Consortium	NS1_w9w10	-0.282407171344464	0.040327652257628	72	72	1.23433124663937e-09	2.36352587160702e-09
EC.3.2.1.58	Week_and_Consortium	NS1_w9w10	0.872682279166883	0.124796305329103	72	72	1.28703298564471e-09	2.46171723552595e-09
EC.3.1.11.5	Week_and_Consortium	NS1_w9w10	-0.207910540037834	0.029751757297334	72	72	1.39533929620627e-09	2.66592971493715e-09
EC.3.7.1.22	Week_and_Consortium	NS1_w9w10	-0.87580482831931	0.125632149199564	72	72	1.40951025447186e-09	2.69003555732172e-09
EC.2.7.1.66	Week_and_Consortium	NS1_w9w10	0.467291557763647	0.067158944991083	72	72	1.48966715633994e-09	2.83988309209739e-09
EC.2.1.1.289	Week_and_Consortium	NS1_w9w10	-2.12149648747434	0.305288375519037	72	72	1.54590289750422e-09	2.94384809194698e-09
EC.5.4.2.12	Week_and_Consortium	NS1_w9w10	-0.104435755916575	0.0150378711051376	72	72	1.57406054620928e-09	2.99417451152556e-09
EC.5.4.99.19	Week_and_Consortium	NS1_w9w10	-0.42689025694437	0.0614944683104317	72	72	1.59344720641416e-09	3.02772460406466e-09
EC.1.1.1.79	Week_and_Consortium	NS1_w9w10	-0.570558232859875	0.0826652846537532	72	72	1.88337767079396e-09	3.57078504725557e-09
EC.1.1.1.81	Week_and_Consortium	NS1_w9w10	-0.570558232859875	0.0826652846537532	72	72	1.88337767079396e-09	3.57078504725557e-09
EC.2.7.1.33	Week_and_Consortium	NS1_w9w10	0.0894285469443556	0.0130094593075166	72	72	2.11683658497612e-09	4.00901983434756e-09
EC.2.1.1.79	Week_and_Consortium	NS1_w9w10	-0.586904802226339	0.0854946719130241	72	72	2.2008967460764e-09	4.16366368028223e-09
EC.1.17.1.1	Week_and_Consortium	NS1_w9w10	-0.590430045602584	0.0861249854822808	72	72	2.28830807539543e-09	4.32430270579639e-09
EC.4.99.1.12	Week_and_Consortium	NS1_w9w10	-0.400754276607912	0.0586715581327479	72	72	2.54086916190573e-09	4.79634080617101e-09
EC.4.1.1.19	Week_and_Consortium	NS1_w9w10	-0.0993540787560777	0.0145845219656627	72	72	2.74140967583181e-09	5.16925942142142e-09
EC.2.8.1.10	Week_and_Consortium	NS1_w9w10	0.220501097027515	0.0324910069642063	72	72	3.05301716928179e-09	5.75056879219453e-09
EC.4.1.2.27	Week_and_Consortium	NS1_w9w10	0.339877664163964	0.0503348429254003	72	72	3.52146728376652e-09	6.62571724804332e-09
EC.2.1.1.14	Week_and_Consortium	NS1_w9w10	0.318088317068063	0.0472354429273767	72	72	3.7997600546247e-09	7.14156857172134e-09
EC.1.3.7.8	Week_and_Consortium	NS1_w9w10	-0.969827062809223	0.144811237883852	72	10	4.43205106636332e-09	8.29392475263928e-09
EC.4.2.1.167	Week_and_Consortium	NS1_w9w10	-0.96982706280916	0.144811237883852	72	10	4.43205106654612e-09	8.29392475263928e-09
EC.3.3.2.9	Week_and_Consortium	NS1_w9w10	-0.96982706280916	0.144811237883852	72	10	4.43205106653747e-09	8.29392475263928e-09
EC.2.1.1.248	Week_and_Consortium	NS1_w9w10	-0.96982706280916	0.144811237883852	72	10	4.43205106653747e-09	8.29392475263928e-09
EC.6.1.1.11	Week_and_Consortium	NS1_w9w10	0.0909512642290338	0.0136652097754872	72	72	5.26823677435893e-09	9.84807543889342e-09
EC.2.1.2.1	Week_and_Consortium	NS1_w9w10	0.229611658365059	0.0345114152461814	72	72	5.32269859711864e-09	9.93914916031539e-09
EC.5.3.1.1	Week_and_Consortium	NS1_w9w10	-0.0773249384677828	0.0116479070107069	72	72	5.65802789376126e-09	1.05539291854534e-08
EC.3.1.1.83	Week_and_Consortium	NS1_w9w10	-0.626390125518291	0.0945364884559608	72	72	5.96291180826534e-09	1.1110656986122e-08
EC.3.2.1.8	Week_and_Consortium	NS1_w9w10	-0.757267328530736	0.114445050562033	72	72	6.19144100229212e-09	1.15240692203953e-08
EC.4.2.99.18	Week_and_Consortium	NS1_w9w10	-0.103633449393966	0.0156791349545966	72	72	6.38017852203482e-09	1.18626090458027e-08
EC.3.4.24.78	Week_and_Consortium	NS1_w9w10	-0.586919721916459	0.0888029312488712	72	72	6.3908645764729e-09	1.18697280921401e-08
EC.2.1.1.197	Week_and_Consortium	NS1_w9w10	-0.148189130983214	0.0225217007713307	72	72	7.2212454950885e-09	1.33976162400838e-08
EC.1.2.1.27	Week_and_Consortium	NS1_w9w10	-0.876428452357674	0.133240467172564	72	72	7.28276602930448e-09	1.34828534724343e-08
EC.1.2.1.18	Week_and_Consortium	NS1_w9w10	-0.876428452357674	0.133240467172564	72	72	7.28276602930448e-09	1.34828534724343e-08
EC.2.7.7.85	Week_and_Consortium	NS1_w9w10	-0.553038397796763	0.0841423866804573	72	72	7.44005208708106e-09	1.37593270969416e-08
EC.4.2.1.24	Week_and_Consortium	NS1_w9w10	-0.478182690352279	0.0728449308867238	72	72	7.69953125350001e-09	1.42088364603502e-08
EC.1.2.1.70	Week_and_Consortium	NS1_w9w10	-0.478182690352279	0.0728449308867238	72	72	7.69953125350001e-09	1.42088364603502e-08
EC.2.7.7.1	Week_and_Consortium	NS1_w9w10	0.508726421429863	0.0775860994258809	72	72	7.94182978973915e-09	1.46403699318834e-08
EC.4.3.1.15	Week_and_Consortium	NS1_w9w10	0.53440691734133	0.0815232022239981	72	72	7.99651783336018e-09	1.47255025207941e-08
EC.1.6.5.8	Week_and_Consortium	NS1_w9w10	0.398211113856643	0.0608258304000567	72	72	8.28463906793339e-09	1.52398620898966e-08
EC.2.7.9.3	Week_and_Consortium	NS1_w9w10	-0.465110670536195	0.071049899179191	72	72	8.30149178242637e-09	1.52546520970064e-08
EC.1.2.1.8	Week_and_Consortium	NS1_w9w10	-0.660887647681131	0.101243640463396	72	72	8.96574341952857e-09	1.64577962451792e-08
EC.1.1.1.157	Week_and_Consortium	NS1_w9w10	-0.475661009193523	0.0730189982403153	72	72	9.4813077103486e-09	1.73857453883617e-08
EC.2.7.8.41	Week_and_Consortium	NS1_w9w10	-0.516231445043423	0.0793660492331471	72	72	9.8731631042389e-09	1.80851273369709e-08
EC.3.4.11.21	Week_and_Consortium	NS1_w9w10	-0.572704346571218	0.0880527134527521	72	72	9.88662555229447e-09	1.80906435845896e-08
EC.1.7.2.2	Week_and_Consortium	NS1_w9w10	-0.542200865001674	0.0834538955606074	72	72	1.01816422239673e-08	1.86107948148758e-08
EC.2.7.13.3	Week_and_Consortium	NS1_w9w10	-0.252807677292088	0.038920105671274	72	72	1.02432425045379e-08	1.87036421680961e-08
EC.2.3.1.31	Week_and_Consortium	NS1_w9w10	-0.61045864967181	0.0941852334063306	72	72	1.0858574073572e-08	1.98063137211309e-08
EC.3.5.1.18	Week_and_Consortium	NS1_w9w10	-0.579006599815151	0.0897597088053821	72	72	1.23367669315332e-08	2.2478887956299e-08
EC.1.4.4.2	Week_and_Consortium	NS1_w9w10	0.116526869784988	0.0181097841244768	72	72	1.38482632388139e-08	2.52064602170208e-08
EC.2.7.4.9	Week_and_Consortium	NS1_w9w10	-0.544552885598251	0.0850952343075091	72	72	1.52499664413923e-08	2.77286679727416e-08
EC.2.3.1.82	Week_and_Consortium	NS1_w9w10	0.286110519448214	0.0447133531661892	72	72	1.52854875852619e-08	2.7764091301247e-08
EC.1.1.1.140	Week_and_Consortium	NS1_w9w10	-0.680805430163039	0.106605344223659	72	72	1.6098237810556e-08	2.92096956499712e-08
EC.6.5.1.2	Week_and_Consortium	NS1_w9w10	-0.0719234956058227	0.011300427039341	72	72	1.75952623631547e-08	3.18925645556239e-08
EC.2.7.1.92	Week_and_Consortium	NS1_w9w10	-0.787172282016883	0.123696362632077	72	72	1.76624564457362e-08	3.19808704054073e-08
EC.4.4.1.16	Week_and_Consortium	NS1_w9w10	-0.0776738765670775	0.0122374660537604	72	72	1.89079729653043e-08	3.42003147366163e-08
EC.3.3.1.1	Week_and_Consortium	NS1_w9w10	-0.401628543694349	0.0634701600207164	72	72	2.04802811388237e-08	3.70056019324674e-08
EC.1.5.1.3	Week_and_Consortium	NS1_w9w10	-0.0668631859780196	0.0106665849994537	72	72	2.61460716134805e-08	4.71937955817881e-08
EC.4.2.3.12	Week_and_Consortium	NS1_w9w10	0.130422684354563	0.0208129450475448	72	72	2.63673113441523e-08	4.74940852619435e-08
EC.4.1.2.50	Week_and_Consortium	NS1_w9w10	0.130422684354563	0.0208129450475448	72	72	2.63673113441523e-08	4.74940852619435e-08
EC.1.8.5.4	Week_and_Consortium	NS1_w9w10	-0.589968984276626	0.0943201967902996	72	72	2.76387714388413e-08	4.96809069165464e-08
EC.3.4.14.12	Week_and_Consortium	NS1_w9w10	-0.589968984276626	0.0943201967902996	72	72	2.76387714388413e-08	4.96809069165464e-08
EC.1.1.1.346	Week_and_Consortium	NS1_w9w10	-1.11529529338267	0.1783813921014	72	72	2.92048310710004e-08	5.23800953796952e-08
EC.4.2.2.6	Week_and_Consortium	NS1_w9w10	-0.915866091569626	0.146748318515886	72	72	2.92614397643936e-08	5.23800953796952e-08
EC.2.7.1.181	Week_and_Consortium	NS1_w9w10	-0.915866091569626	0.146748318515886	72	72	2.92614397643936e-08	5.23800953796952e-08
EC.2.1.1.294	Week_and_Consortium	NS1_w9w10	-0.915866091569626	0.146748318515886	72	72	2.92614397643936e-08	5.23800953796952e-08
EC.1.17.7.3	Week_and_Consortium	NS1_w9w10	-0.0862402062229981	0.0138574831448616	72	72	3.14662072170064e-08	5.62105311585533e-08
EC.1.17.7.1	Week_and_Consortium	NS1_w9w10	-0.0862402062229981	0.0138574831448616	72	72	3.14662072170064e-08	5.62105311585533e-08
EC.4.3.99.3	Week_and_Consortium	NS1_w9w10	0.129344954799739	0.0208624694400047	72	72	3.46467493697093e-08	6.18283743906874e-08
EC.4.1.3.34	Week_and_Consortium	NS1_w9w10	0.525378690412964	0.0851900471690315	72	72	3.96209878503151e-08	7.06322656734247e-08
EC.1.2.99.10	Week_and_Consortium	NS1_w9w10	-0.617133394832571	0.100303989947039	72	72	4.20443607124518e-08	7.48752967008787e-08
EC.3.5.1.53	Week_and_Consortium	NS1_w9w10	0.140103099810647	0.0229930441725289	72	72	5.35831032273286e-08	9.53261579511878e-08
EC.4.1.1.22	Week_and_Consortium	NS1_w9w10	-0.849454694010585	0.139473727183778	72	72	5.42107905951077e-08	9.63438177824758e-08
EC.1.3.1.12	Week_and_Consortium	NS1_w9w10	-0.0639558512674958	0.01052158058045	72	72	5.69046049473915e-08	1.01027560168138e-07
EC.2.7.1.191	Week_and_Consortium	NS1_w9w10	-0.65277341433587	0.107417748526079	72	72	5.727241703818e-08	1.01576387185543e-07
EC.3.1.26.4	Week_and_Consortium	NS1_w9w10	0.0638525557027855	0.010568075197343	72	72	6.60354816618289e-08	1.16998381531859e-07
EC.1.1.5.3	Week_and_Consortium	NS1_w9w10	-0.352094364997199	0.0583373188400339	72	72	6.78152627783325e-08	1.20028854672079e-07
EC.1.1.1.136	Week_and_Consortium	NS1_w9w10	-0.39606515598697	0.0656823272978934	72	72	6.93449096495618e-08	1.22610866806324e-07
EC.6.1.1.23	Week_and_Consortium	NS1_w9w10	-0.606075587992687	0.100695567345781	72	72	7.25546515551955e-08	1.28155205961269e-07
EC.6.3.2.45	Week_and_Consortium	NS1_w9w10	-0.435444082249269	0.0724468688224512	72	72	7.50640702561053e-08	1.32452503173617e-07
EC.5.3.1.15	Week_and_Consortium	NS1_w9w10	-0.500330742420373	0.0833403841231473	72	72	7.72527253992514e-08	1.36175628987886e-07
EC.1.16.1.1	Week_and_Consortium	NS1_w9w10	-0.494315116850372	0.0825374993363432	72	72	8.19363620766264e-08	1.4428468235467e-07
EC.2.3.3.13	Week_and_Consortium	NS1_w9w10	-0.246980699170416	0.0414136811638295	72	72	9.07740090508182e-08	1.59522649408088e-07
EC.3.1.3.2	Week_and_Consortium	NS1_w9w10	0.609708983654089	0.102235490293762	72	72	9.07652598875345e-08	1.59522649408088e-07
EC.4.6.1.15	Week_and_Consortium	NS1_w9w10	-0.493555141200443	0.0828105570464615	72	72	9.21453099104358e-08	1.61440821310693e-07
EC.2.7.1.29	Week_and_Consortium	NS1_w9w10	-0.493555141200443	0.0828105570464615	72	72	9.21453099104358e-08	1.61440821310693e-07
EC.2.7.1.28	Week_and_Consortium	NS1_w9w10	-0.493555141200443	0.0828105570464615	72	72	9.21453099104358e-08	1.61440821310693e-07
EC.2.7.8.7	Week_and_Consortium	NS1_w9w10	-0.397579484666661	0.0668788607290534	72	72	9.80360060996118e-08	1.71587792273436e-07
EC.4.2.1.19	Week_and_Consortium	NS1_w9w10	-0.063363247631642	0.0106620240754453	72	72	9.87858111583376e-08	1.72030421644952e-07
EC.1.2.1.38	Week_and_Consortium	NS1_w9w10	-0.063363247631642	0.0106620240754453	72	72	9.87858111583376e-08	1.72030421644952e-07
EC.3.5.4.19	Week_and_Consortium	NS1_w9w10	-0.063363247631642	0.0106620240754453	72	72	9.87858111583376e-08	1.72030421644952e-07
EC.1.1.1.23	Week_and_Consortium	NS1_w9w10	-0.063363247631642	0.0106620240754453	72	72	9.87858111583376e-08	1.72030421644952e-07
EC.2.7.2.8	Week_and_Consortium	NS1_w9w10	-0.063363247631642	0.0106620240754453	72	72	9.87858111583376e-08	1.72030421644952e-07
EC.3.2.1.177	Week_and_Consortium	NS1_w9w10	0.236817151917444	0.0398589521403658	72	72	9.9393027452867e-08	1.7256703161576e-07
EC.1.3.1.54	Week_and_Consortium	NS1_w9w10	-0.525575563857863	0.088457947992271	72	72	9.93322655847381e-08	1.7256703161576e-07
EC.1.3.1.106	Week_and_Consortium	NS1_w9w10	-0.525575563857863	0.088457947992271	72	72	9.93322655847381e-08	1.7256703161576e-07
EC.4.2.1.51	Week_and_Consortium	NS1_w9w10	-0.0623782973495649	0.0104997571094128	72	72	9.95751346464645e-08	1.72709978029088e-07
EC.3.2.1.184	Week_and_Consortium	NS1_w9w10	-1.58864206620581	0.267777328566352	72	71	1.06995946935033e-07	1.85395379524066e-07
EC.1.8.1.7	Week_and_Consortium	NS1_w9w10	-1.12169375511195	0.190205940169153	72	72	1.23372330611502e-07	2.13557504288509e-07
EC.1.11.1.10	Week_and_Consortium	NS1_w9w10	-1.30700266329688	0.222254142111919	72	72	1.31970702976204e-07	2.28213073778032e-07
EC.1.4.1.14	Week_and_Consortium	NS1_w9w10	0.0919274655573742	0.0158076344431284	72	72	1.65375584184339e-07	2.85408909494606e-07
EC.1.4.1.13	Week_and_Consortium	NS1_w9w10	0.0919274655573742	0.0158076344431284	72	72	1.65375584184339e-07	2.85408909494606e-07
EC.1.21.98.3	Week_and_Consortium	NS1_w9w10	-0.556131002680272	0.0958959799426929	72	72	1.76429664555069e-07	3.02352206588738e-07
EC.4.1.2.29	Week_and_Consortium	NS1_w9w10	-1.29043388591906	0.222271172529923	72	72	1.78337147849279e-07	3.02352206588738e-07
EC.4.1.1.101	Week_and_Consortium	NS1_w9w10	-1.29043388591906	0.222271172529923	72	72	1.78337147849279e-07	3.02352206588738e-07
EC.3.4.11.7	Week_and_Consortium	NS1_w9w10	-1.29043388591906	0.222271172529923	72	72	1.78337147849279e-07	3.02352206588738e-07
EC.2.3.3.10	Week_and_Consortium	NS1_w9w10	-1.29043388591906	0.222271172529923	72	72	1.78337147849279e-07	3.02352206588738e-07
EC.2.7.4.2	Week_and_Consortium	NS1_w9w10	-1.29043388591906	0.222271172529923	72	72	1.78337147849279e-07	3.02352206588738e-07
EC.2.7.1.36	Week_and_Consortium	NS1_w9w10	-1.29043388591906	0.222271172529923	72	72	1.78337147849279e-07	3.02352206588738e-07
EC.4.1.1.5	Week_and_Consortium	NS1_w9w10	-1.29043388591906	0.222271172529923	72	72	1.78337147849279e-07	3.02352206588738e-07
EC.5.1.1.5	Week_and_Consortium	NS1_w9w10	-1.29043388591906	0.222271172529923	72	72	1.78337147849279e-07	3.02352206588738e-07
EC.3.6.3.35	Week_and_Consortium	NS1_w9w10	-1.29043388591906	0.222271172529923	72	72	1.78337147849279e-07	3.02352206588738e-07
EC.2.6.1.14	Week_and_Consortium	NS1_w9w10	-1.29043388591906	0.222271172529923	72	72	1.78337147849279e-07	3.02352206588738e-07
EC.6.3.2.7	Week_and_Consortium	NS1_w9w10	-1.29043388591906	0.222271172529923	72	72	1.78337147849279e-07	3.02352206588738e-07
EC.1.13.12.4	Week_and_Consortium	NS1_w9w10	-1.29043388591891	0.222271172530061	72	72	1.78337147833199e-07	3.02352206588738e-07
EC.2.5.1.83	Week_and_Consortium	NS1_w9w10	-1.29043388591906	0.222271172529923	72	72	1.78337147849279e-07	3.02352206588738e-07
EC.4.4.1.2	Week_and_Consortium	NS1_w9w10	-1.29043388591906	0.222271172529923	72	72	1.78337147849279e-07	3.02352206588738e-07
EC.2.3.1.200	Week_and_Consortium	NS1_w9w10	-1.29043388591906	0.222271172529923	72	72	1.78337147849279e-07	3.02352206588738e-07
EC.1.1.3.21	Week_and_Consortium	NS1_w9w10	-1.29043388591906	0.222271172529923	72	72	1.78337147849279e-07	3.02352206588738e-07
EC.4.1.1.61	Week_and_Consortium	NS1_w9w10	-1.29043388591906	0.222271172529923	72	72	1.78337147849279e-07	3.02352206588738e-07
EC.2.4.1.83	Week_and_Consortium	NS1_w9w10	0.247811186045897	0.0428078999977762	72	72	1.83971464410937e-07	3.11599417705805e-07
EC.1.1.1.350	Week_and_Consortium	NS1_w9w10	0.862961295921646	0.149199318067245	72	72	1.8768096313271e-07	3.17571600374116e-07
EC.4.2.1.129	Week_and_Consortium	NS1_w9w10	-0.504900026964046	0.0873776528866282	72	72	1.9194256820149e-07	3.24148863957833e-07
EC.5.4.99.17	Week_and_Consortium	NS1_w9w10	-0.504900026964046	0.0873776528866282	72	72	1.9194256820149e-07	3.24148863957833e-07
EC.6.3.1.20	Week_and_Consortium	NS1_w9w10	-0.240042829327187	0.0418154621179136	72	72	2.23446469006382e-07	3.76984247417201e-07
EC.5.3.1.16	Week_and_Consortium	NS1_w9w10	-0.0612128280372968	0.0106660821501536	72	72	2.24805106140461e-07	3.78907145792734e-07
EC.2.1.1.35	Week_and_Consortium	NS1_w9w10	-1.05596730722625	0.184415361008368	72	72	2.36828093773826e-07	3.97623113794852e-07
EC.4.1.1.33	Week_and_Consortium	NS1_w9w10	-1.05596730722625	0.184415361008368	72	72	2.36828093773826e-07	3.97623113794852e-07
EC.1.4.5.1	Week_and_Consortium	NS1_w9w10	-1.05596730722625	0.184415361008368	72	72	2.36828093773826e-07	3.97623113794852e-07
EC.3.4.25.2	Week_and_Consortium	NS1_w9w10	-1.05596730722625	0.184415361008368	72	72	2.36828093773826e-07	3.97623113794852e-07
EC.3.1.4.52	Week_and_Consortium	NS1_w9w10	-1.05865299833671	0.18500212038632	72	72	2.4031301183395e-07	4.03083162291248e-07
EC.1.1.1.76	Week_and_Consortium	NS1_w9w10	-1.05489260405854	0.184422357435424	72	72	2.42636769534404e-07	4.06193663504888e-07
EC.1.1.1.304	Week_and_Consortium	NS1_w9w10	-1.05489260405854	0.184422357435424	72	72	2.42636769534404e-07	4.06193663504888e-07
EC.1.1.1.61	Week_and_Consortium	NS1_w9w10	0.383802774491223	0.0672440174704681	72	72	2.54965490534343e-07	4.26420545038597e-07
EC.3.1.26.5	Week_and_Consortium	NS1_w9w10	-0.0630175313258082	0.0110471744380358	72	72	2.58263995420732e-07	4.31520247174988e-07
EC.5.3.4.1	Week_and_Consortium	NS1_w9w10	0.564613800047892	0.0991075871488201	72	72	2.66056033821052e-07	4.44110891556646e-07
EC.1.2.4.4	Week_and_Consortium	NS1_w9w10	0.455985096661661	0.0800535970859557	72	72	2.67102813361013e-07	4.45428680084695e-07
EC.2.7.9.1	Week_and_Consortium	NS1_w9w10	-0.060434682875472	0.0106509837183923	72	72	2.91562851336837e-07	4.85751006413921e-07
EC.1.1.1.159	Week_and_Consortium	NS1_w9w10	-0.458485040802768	0.0810366818205127	72	72	3.1124477961758e-07	5.18042993767337e-07
EC.1.3.5.3	Week_and_Consortium	NS1_w9w10	-0.999802145547713	0.177766296265509	72	72	3.55756458882577e-07	5.91560451801865e-07
EC.2.1.1.176	Week_and_Consortium	NS1_w9w10	-0.422358371035055	0.0751733211851304	72	72	3.64061376431431e-07	6.04789100386571e-07
EC.6.1.1.13	Week_and_Consortium	NS1_w9w10	-1.03873254215898	0.185967397867463	72	72	4.28646074076032e-07	7.11396312776234e-07
EC.2.7.7.70	Week_and_Consortium	NS1_w9w10	0.386368727486579	0.0694488601749881	72	72	4.53311598865483e-07	7.51611472831562e-07
EC.2.5.1.75	Week_and_Consortium	NS1_w9w10	0.0784509660102213	0.0141654066235298	72	72	5.00898496809614e-07	8.29717988495159e-07
EC.1.1.1.14	Week_and_Consortium	NS1_w9w10	-0.522680346907027	0.0944264722715372	72	72	5.06676849819567e-07	8.38487215141177e-07
EC.3.6.3.25	Week_and_Consortium	NS1_w9w10	-0.488020292219414	0.0884597855284423	72	72	5.45128478582464e-07	9.01258258286767e-07
EC.6.1.1.22	Week_and_Consortium	NS1_w9w10	-0.060932256316025	0.0110459726393101	72	72	5.46465944581449e-07	9.02607395105428e-07
EC.1.3.1.108	Week_and_Consortium	NS1_w9w10	-0.554507952838507	0.100668884897322	72	72	5.6406934627987e-07	9.30795079514257e-07
EC.2.5.1.39	Week_and_Consortium	NS1_w9w10	-0.424939901020397	0.0777427487992617	72	72	6.666576903851e-07	1.09903282100629e-06
EC.2.7.1.148	Week_and_Consortium	NS1_w9w10	-0.0603887633699462	0.0110913429406144	72	72	7.25111456519964e-07	1.19426063866418e-06
EC.3.1.2.6	Week_and_Consortium	NS1_w9w10	-0.99851024633225	0.183879030714087	72	72	7.67516906361503e-07	1.2629009172165e-06
EC.2.1.1.171	Week_and_Consortium	NS1_w9w10	0.183988657953829	0.0339169668295942	72	72	7.84564986746102e-07	1.28972648818376e-06
EC.3.4.13.9	Week_and_Consortium	NS1_w9w10	-0.244649567725237	0.0451673620294007	72	72	8.10202850704102e-07	1.33060828706717e-06
EC.5.1.3.29	Week_and_Consortium	NS1_w9w10	-0.307473028026691	0.0567759968977048	72	72	8.13289731358177e-07	1.33441187201991e-06
EC.5.3.1.26	Week_and_Consortium	NS1_w9w10	-1.06262566813714	0.19674563317566	72	72	8.86636360522898e-07	1.45337835233441e-06
EC.1.1.1.22	Week_and_Consortium	NS1_w9w10	0.118832551351805	0.0221592570795869	72	72	1.00113457050444e-06	1.63951177061796e-06
EC.3.5.4.33	Week_and_Consortium	NS1_w9w10	-0.0447405350923646	0.00835175751501724	72	72	1.02352071781175e-06	1.6745882443593e-06
EC.2.8.4.5	Week_and_Consortium	NS1_w9w10	0.212420132138749	0.0397105871622372	72	72	1.05535485095776e-06	1.72504178187713e-06
EC.1.3.1.98	Week_and_Consortium	NS1_w9w10	0.180192298075998	0.0337171145230142	72	72	1.07609932958286e-06	1.75729050896974e-06
EC.2.7.1.167	Week_and_Consortium	NS1_w9w10	0.369726004021706	0.0698779553889375	72	72	1.32501759351951e-06	2.16173935380045e-06
EC.2.5.1.48	Week_and_Consortium	NS1_w9w10	-0.849160548261808	0.160866765560949	72	72	1.39051937249408e-06	2.26646801674883e-06
EC.2.5.1.29	Week_and_Consortium	NS1_w9w10	-0.0584012642407332	0.0110897233362223	72	72	1.45942078515117e-06	2.37653563414551e-06
EC.3.5.1.9	Week_and_Consortium	NS1_w9w10	-1.1967230497497	0.227830203706248	72	72	1.58013374759964e-06	2.57068751606671e-06
EC.3.6.3.31	Week_and_Consortium	NS1_w9w10	0.183732605308021	0.0351905878990883	72	72	1.73983382640144e-06	2.82784258544685e-06
EC.1.2.1.99	Week_and_Consortium	NS1_w9w10	-0.477685786417028	0.0918167548822772	72	72	1.86915679954226e-06	3.03518801126422e-06
EC.5.3.3.2	Week_and_Consortium	NS1_w9w10	-0.91134041839954	0.175618362011582	72	72	1.96787769762689e-06	3.19249887028317e-06
EC.2.9.1.1	Week_and_Consortium	NS1_w9w10	0.456393866490576	0.0881397277455157	72	72	2.05552862560605e-06	3.33157308138959e-06
EC.5.2.1.8	Week_and_Consortium	NS1_w9w10	0.0619743065380533	0.0119699682141944	72	72	2.06022243560657e-06	3.33605709638444e-06
EC.3.6.3.8	Week_and_Consortium	NS1_w9w10	-0.0565974686152314	0.010932140805483	72	72	2.06278062787145e-06	3.33707781948175e-06
EC.2.1.1.297	Week_and_Consortium	NS1_w9w10	-0.0562685401443525	0.0108756340580243	72	72	2.08966687002107e-06	3.37741676191081e-06
EC.3.5.1.4	Week_and_Consortium	NS1_w9w10	-0.471729928040845	0.0918227131258085	72	72	2.40551454212277e-06	3.88427767949115e-06
EC.2.7.8.8	Week_and_Consortium	NS1_w9w10	0.10416561659795	0.020305576181971	72	72	2.47612070201196e-06	3.99426154377252e-06
EC.1.12.7.2	Week_and_Consortium	NS1_w9w10	-0.565127181513546	0.11016811498856	72	72	2.47824199769595e-06	3.99426154377252e-06
EC.2.7.1.90	Week_and_Consortium	NS1_w9w10	0.0448954737075391	0.00877680395803616	72	72	2.68405797268472e-06	4.32064807905616e-06
EC.3.8.1.2	Week_and_Consortium	NS1_w9w10	-0.413066263091247	0.080853565466992	72	72	2.68574080477437e-06	4.32064807905616e-06
EC.2.1.4.1	Week_and_Consortium	NS1_w9w10	-1.4973105216845	0.293342117877722	72	59	2.73273378748791e-06	4.3921654467424e-06
EC.6.3.4.19	Week_and_Consortium	NS1_w9w10	-0.0601608672466822	0.0118012412602587	72	72	2.80167048150832e-06	4.4987862741103e-06
EC.2.4.2.2	Week_and_Consortium	NS1_w9w10	-0.454646800636535	0.089450698455203	72	72	2.97021621713898e-06	4.76500859301907e-06
EC.3.4.14.11	Week_and_Consortium	NS1_w9w10	-0.457529553607866	0.0900316225032726	72	72	2.97909047381636e-06	4.76599409444487e-06
EC.5.4.3.5	Week_and_Consortium	NS1_w9w10	-0.457529553607842	0.0900316225032726	72	72	2.979090473824e-06	4.76599409444487e-06
EC.2.3.1.263	Week_and_Consortium	NS1_w9w10	-0.457529553607842	0.0900316225032726	72	72	2.979090473824e-06	4.76599409444487e-06
EC.3.1.2.21	Week_and_Consortium	NS1_w9w10	0.18633006170015	0.0367187812065142	72	72	3.06453444487939e-06	4.89816170275736e-06
EC.3.4.24.70	Week_and_Consortium	NS1_w9w10	0.256992996836307	0.0506780149213537	72	72	3.10507809693752e-06	4.95838578025723e-06
EC.2.4.2.8	Week_and_Consortium	NS1_w9w10	-0.0619742896720665	0.0122333223566198	72	72	3.16613191867142e-06	5.05122060020298e-06
EC.1.2.5.1	Week_and_Consortium	NS1_w9w10	-0.339260512267952	0.067185161403966	72	72	3.37156758479085e-06	5.37401794592354e-06
EC.2.1.1.193	Week_and_Consortium	NS1_w9w10	-0.063290424385191	0.0125645514175323	72	72	3.53581068587334e-06	5.63062400850667e-06
EC.2.7.7.39	Week_and_Consortium	NS1_w9w10	0.16055413232064	0.0318909877200943	72	72	3.57329674202654e-06	5.68508884232347e-06
EC.2.8.3.21	Week_and_Consortium	NS1_w9w10	-0.861571030067344	0.171259084962428	72	72	3.62375178355596e-06	5.76006826201594e-06
EC.3.2.1.51	Week_and_Consortium	NS1_w9w10	-0.103103761010518	0.0206701516700723	72	72	4.26689134659722e-06	6.77613662473375e-06
EC.5.4.99.61	Week_and_Consortium	NS1_w9w10	0.214115113610705	0.0430642887624455	72	72	4.53633200590479e-06	7.19083397639303e-06
EC.5.4.99.60	Week_and_Consortium	NS1_w9w10	0.214115113610705	0.0430642887624455	72	72	4.53633200590479e-06	7.19083397639303e-06
EC.2.5.1.97	Week_and_Consortium	NS1_w9w10	0.310902860042763	0.0625073747371151	72	72	4.60562446262629e-06	7.29399446002388e-06
EC.1.17.7.4	Week_and_Consortium	NS1_w9w10	-0.0437797885086945	0.00882866038412808	72	72	4.76945879064234e-06	7.54655682504743e-06
EC.3.4.14.5	Week_and_Consortium	NS1_w9w10	0.336902874282645	0.0679879988936508	72	72	4.83334661024207e-06	7.64066025783472e-06
EC.2.1.1.177	Week_and_Consortium	NS1_w9w10	-0.0619165098210995	0.0125553236881788	72	72	5.29160107027125e-06	8.35744658087549e-06
EC.6.3.5.3	Week_and_Consortium	NS1_w9w10	-0.161183223290352	0.0327060501341846	72	72	5.35740842579945e-06	8.4536681723417e-06
EC.1.4.1.4	Week_and_Consortium	NS1_w9w10	0.0657059109223912	0.0133577776994106	72	72	5.55010581624525e-06	8.74975698353418e-06
EC.2.1.1.195	Week_and_Consortium	NS1_w9w10	0.211298598200443	0.0429724811739943	72	72	5.58934352764492e-06	8.78760549169243e-06
EC.2.1.1.271	Week_and_Consortium	NS1_w9w10	0.211298598200443	0.0429724811739943	72	72	5.58934352764492e-06	8.78760549169243e-06
EC.2.1.1.133	Week_and_Consortium	NS1_w9w10	0.211298598200443	0.0429724811739943	72	72	5.58934352764492e-06	8.78760549169243e-06
EC.4.2.1.136	Week_and_Consortium	NS1_w9w10	0.0575228686720598	0.0117200926726281	72	72	5.78357719831969e-06	9.08472970080888e-06
EC.3.5.4.40	Week_and_Consortium	NS1_w9w10	0.401234069581515	0.0820361440829189	72	72	6.17074364726169e-06	9.68409542466907e-06
EC.1.4.1.3	Week_and_Consortium	NS1_w9w10	-0.424868260932792	0.086936435869256	72	72	6.26077018033768e-06	9.81647933167077e-06
EC.1.1.1.130	Week_and_Consortium	NS1_w9w10	0.466263264201019	0.0959020430795803	72	72	6.88730221402002e-06	1.07890679931843e-05
EC.3.2.2.27	Week_and_Consortium	NS1_w9w10	0.111125390347207	0.0229224214035622	72	72	7.26018949868522e-06	1.13629186457723e-05
EC.1.97.1.9	Week_and_Consortium	NS1_w9w10	-0.517283059645223	0.106930766296927	72	72	7.54859342018293e-06	1.18036271096085e-05
EC.2.4.1.21	Week_and_Consortium	NS1_w9w10	0.173739038039368	0.036015867138466	72	72	7.94482720724876e-06	1.24119999059094e-05
EC.4.4.1.5	Week_and_Consortium	NS1_w9w10	0.173700026936849	0.0360637592483195	72	72	8.17169645647697e-06	1.27549202580357e-05
EC.1.2.1.11	Week_and_Consortium	NS1_w9w10	-0.0583642845833494	0.0121212562826521	72	72	8.21587261137192e-06	1.28123202615178e-05
EC.1.17.99.6	Week_and_Consortium	NS1_w9w10	-0.156681458751287	0.0325723373562518	72	72	8.36460039856303e-06	1.30239338190146e-05
EC.2.5.1.16	Week_and_Consortium	NS1_w9w10	0.577477473392806	0.120052762922914	72	72	8.36661721937851e-06	1.30239338190146e-05
EC.1.2.4.2	Week_and_Consortium	NS1_w9w10	-0.478566514011393	0.100003571883332	72	72	9.17929131621723e-06	1.42761484891033e-05
EC.1.1.1.108	Week_and_Consortium	NS1_w9w10	0.378114677666158	0.0791454617143381	72	72	9.45964950045464e-06	1.46989706331122e-05
EC.2.1.1.223	Week_and_Consortium	NS1_w9w10	0.166454695663814	0.0349170020612035	72	72	9.83199486407957e-06	1.52638413540105e-05
EC.3.6.3.24	Week_and_Consortium	NS1_w9w10	-0.354250480775535	0.0745580737987516	72	72	1.04310505753026e-05	1.61793445751333e-05
EC.3.1.11.2	Week_and_Consortium	NS1_w9w10	-0.0564123084606562	0.0118760543037716	72	72	1.04797977411033e-05	1.6240402766204e-05
EC.1.3.1.14	Week_and_Consortium	NS1_w9w10	0.176067603143069	0.0371009023114742	72	72	1.06553121778697e-05	1.64976255634101e-05
EC.2.7.8.37	Week_and_Consortium	NS1_w9w10	-0.879463266478308	0.185770760346	72	72	1.11230839639559e-05	1.71299451437791e-05
EC.2.4.1.347	Week_and_Consortium	NS1_w9w10	-0.8794632664783	0.185770760346	72	72	1.11230839637709e-05	1.71299451437791e-05
EC.4.7.1.1	Week_and_Consortium	NS1_w9w10	-0.8794632664783	0.185770760346	72	72	1.11230839637709e-05	1.71299451437791e-05
EC.3.6.1.63	Week_and_Consortium	NS1_w9w10	-0.8794632664783	0.185770760346	72	72	1.11230839637709e-05	1.71299451437791e-05
EC.2.3.1.243	Week_and_Consortium	NS1_w9w10	-0.8794632664783	0.185770760346	72	72	1.11230839637709e-05	1.71299451437791e-05
EC.3.1.4.58	Week_and_Consortium	NS1_w9w10	-0.8794632664783	0.185770760346	72	72	1.11230839637709e-05	1.71299451437791e-05
EC.1.2.4.1	Week_and_Consortium	NS1_w9w10	-0.465269367524736	0.0990818748167125	72	72	1.28294346969785e-05	1.97402235204176e-05
EC.4.1.1.35	Week_and_Consortium	NS1_w9w10	-0.12729295307169	0.027164768847261	72	72	1.33076309681526e-05	2.0457823451041e-05
EC.3.4.13.21	Week_and_Consortium	NS1_w9w10	-0.343273465059485	0.0732467853342133	72	72	1.35302414483446e-05	2.07815864659135e-05
EC.3.1.13.3	Week_and_Consortium	NS1_w9w10	-0.0508634292793283	0.0109279522379216	72	72	1.49577636443271e-05	2.2953802188236e-05
EC.5.1.3.32	Week_and_Consortium	NS1_w9w10	-0.354199213565642	0.0761035856531182	72	72	1.49722377007678e-05	2.29556629406811e-05
EC.3.1.3.5	Week_and_Consortium	NS1_w9w10	0.0746153583022844	0.0160900915129921	72	72	1.59336842525633e-05	2.44081481780417e-05
EC.1.3.8.13	Week_and_Consortium	NS1_w9w10	-0.886548247936148	0.192820096229929	72	72	1.84364711078186e-05	2.8217092385176e-05
EC.2.3.1.9	Week_and_Consortium	NS1_w9w10	-0.345188266047794	0.0751870336682567	72	72	1.88994712138323e-05	2.89001631370528e-05
EC.6.3.1.2	Week_and_Consortium	NS1_w9w10	0.0307306534582683	0.00669696214643353	72	72	1.90611764175951e-05	2.91217090722481e-05
EC.4.2.3.4	Week_and_Consortium	NS1_w9w10	-0.147354610466791	0.0321266025494272	72	72	1.92061589411002e-05	2.93173378545366e-05
EC.3.1.3.73	Week_and_Consortium	NS1_w9w10	0.182541866236228	0.0398525444356012	72	72	1.96528290458621e-05	2.99727287034249e-05
EC.4.4.1.8	Week_and_Consortium	NS1_w9w10	-0.0421692763270279	0.00921872236204254	72	72	2.01000388802782e-05	3.06008507491307e-05
EC.2.3.1.245	Week_and_Consortium	NS1_w9w10	-0.387248577127447	0.0846553978532997	72	72	2.00924480787037e-05	3.06008507491307e-05
EC.6.1.1.14	Week_and_Consortium	NS1_w9w10	-0.0596910423708621	0.013079487260907	72	72	2.08971607491695e-05	3.17864545314697e-05
EC.5.3.1.27	Week_and_Consortium	NS1_w9w10	-0.564759660797693	0.123808797476505	72	72	2.10639715157385e-05	3.20120585546474e-05
EC.2.3.1.234	Week_and_Consortium	NS1_w9w10	-0.0489089951173215	0.0107519272385771	72	72	2.2066938507206e-05	3.35069039964681e-05
EC.3.5.4.5	Week_and_Consortium	NS1_w9w10	0.168173129739779	0.0369993689408161	72	72	2.23566763622475e-05	3.3917096216521e-05
EC.3.2.1.40	Week_and_Consortium	NS1_w9w10	0.214927136855707	0.047579715173724	72	72	2.47759208580063e-05	3.75543949257521e-05
EC.2.7.1.40	Week_and_Consortium	NS1_w9w10	-0.0589732645874515	0.0130798214492591	72	72	2.55547931315224e-05	3.87010909104682e-05
EC.2.3.1.157	Week_and_Consortium	NS1_w9w10	-0.392629549482663	0.0870570258551139	72	72	2.58508522636182e-05	3.91152318779047e-05
EC.6.1.1.6	Week_and_Consortium	NS1_w9w10	-0.0571525663178643	0.0127082561206753	72	72	2.66435461619821e-05	4.02794571234856e-05
EC.2.4.2.9	Week_and_Consortium	NS1_w9w10	-0.0559192257983691	0.0124397616392599	72	72	2.68460145393401e-05	4.05501319088986e-05
EC.4.1.1.44	Week_and_Consortium	NS1_w9w10	-0.0454613567125363	0.0101180441637708	72	72	2.70525156622674e-05	4.08264207597078e-05
EC.3.6.1.54	Week_and_Consortium	NS1_w9w10	0.256559306688294	0.0571729371348375	72	72	2.7617022745901e-05	4.16420438790546e-05
EC.2.4.1.129	Week_and_Consortium	NS1_w9w10	0.0466224295596916	0.0103897564186769	72	72	2.80738491350124e-05	4.22940233705017e-05
EC.4.1.1.32	Week_and_Consortium	NS1_w9w10	-0.403245445129904	0.0901132103667571	72	72	2.89070716514821e-05	4.35114269814918e-05
EC.1.8.5.3	Week_and_Consortium	NS1_w9w10	-0.869462861997381	0.194646061458276	72	72	2.97580825884956e-05	4.47534673854786e-05
EC.2.3.1.179	Week_and_Consortium	NS1_w9w10	-0.0504482810757386	0.0113748151167541	72	72	3.33959312456847e-05	4.50355047911809e-05
EC.1.2.3.3	Week_and_Consortium	NS1_w9w10	-0.407483315865928	0.0918390690147321	72	72	3.31739711516216e-05	4.50355047911809e-05
EC.6.3.5.10	Week_and_Consortium	NS1_w9w10	-0.062506787379309	0.0140235334843886	72	72	3.12991877726254e-05	4.50355047911809e-05
EC.5.3.3.14	Week_and_Consortium	NS1_w9w10	-0.895455711724276	0.202062324367292	72	72	3.38221584216619e-05	4.50355047911809e-05
EC.3.1.3.81	Week_and_Consortium	NS1_w9w10	-0.895455711724276	0.202062324367292	72	72	3.38221584216619e-05	4.50355047911809e-05
EC.3.1.3.4	Week_and_Consortium	NS1_w9w10	-0.895455711724276	0.202062324367292	72	72	3.38221584216619e-05	4.50355047911809e-05
EC.3.4.22.40	Week_and_Consortium	NS1_w9w10	0.290776387648167	0.0654457859676781	72	72	3.2450979825667e-05	4.50355047911809e-05
EC.1.7.5.1	Week_and_Consortium	NS1_w9w10	-0.895455711724276	0.202062324367292	72	72	3.38221584220307e-05	4.50355047911809e-05
EC.3.1.3.23	Week_and_Consortium	NS1_w9w10	-0.895455711724284	0.202062324367292	72	72	3.38221584216862e-05	4.50355047911809e-05
EC.2.5.1.18	Week_and_Consortium	NS1_w9w10	-0.895455711724284	0.202062324367292	72	72	3.38221584216862e-05	4.50355047911809e-05
EC.1.12.5.1	Week_and_Consortium	NS1_w9w10	-0.895455711724284	0.202062324367292	72	72	3.38221584216862e-05	4.50355047911809e-05
EC.1.3.1.74	Week_and_Consortium	NS1_w9w10	-0.895455711724292	0.202062324367292	72	72	3.38221584216524e-05	4.50355047911809e-05
EC.2.3.1.242	Week_and_Consortium	NS1_w9w10	-0.895455711724292	0.202062324367292	72	72	3.38221584216524e-05	4.50355047911809e-05
EC.1.10.3.10	Week_and_Consortium	NS1_w9w10	-0.895455711724292	0.202062324367292	72	72	3.38221584216524e-05	4.50355047911809e-05
EC.3.1.1.45	Week_and_Consortium	NS1_w9w10	-0.895455711724292	0.202062324367292	72	72	3.38221584216524e-05	4.50355047911809e-05
EC.5.3.1.35	Week_and_Consortium	NS1_w9w10	-0.895455711724292	0.202062324367292	72	72	3.38221584216524e-05	4.50355047911809e-05
EC.1.1.1.411	Week_and_Consortium	NS1_w9w10	-0.895455711724292	0.202062324367292	72	72	3.38221584216524e-05	4.50355047911809e-05
EC.2.7.2.15	Week_and_Consortium	NS1_w9w10	-0.895455711724292	0.202062324367292	72	72	3.38221584216524e-05	4.50355047911809e-05
EC.1.1.1.35	Week_and_Consortium	NS1_w9w10	-0.895455711724292	0.202062324367292	72	72	3.38221584216524e-05	4.50355047911809e-05
EC.5.1.2.3	Week_and_Consortium	NS1_w9w10	-0.895455711724292	0.202062324367292	72	72	3.38221584216524e-05	4.50355047911809e-05
EC.2.3.3.9	Week_and_Consortium	NS1_w9w10	-0.895455711724292	0.202062324367292	72	72	3.38221584216524e-05	4.50355047911809e-05
EC.1.3.8.7	Week_and_Consortium	NS1_w9w10	-0.895455711724292	0.202062324367292	72	72	3.38221584216524e-05	4.50355047911809e-05
EC.2.7.1.206	Week_and_Consortium	NS1_w9w10	-0.895455711724292	0.202062324367292	72	72	3.38221584216524e-05	4.50355047911809e-05
EC.2.7.8.42	Week_and_Consortium	NS1_w9w10	-0.895455711724292	0.202062324367292	72	72	3.38221584216524e-05	4.50355047911809e-05
EC.2.5.1.141	Week_and_Consortium	NS1_w9w10	-0.895455711724276	0.202062324367292	72	72	3.38221584216619e-05	4.50355047911809e-05
EC.2.7.1.73	Week_and_Consortium	NS1_w9w10	-0.895455711724276	0.202062324367292	72	72	3.38221584216619e-05	4.50355047911809e-05
EC.1.3.1.28	Week_and_Consortium	NS1_w9w10	-0.895455711724276	0.202062324367292	72	72	3.38221584216619e-05	4.50355047911809e-05
EC.4.3.2.3	Week_and_Consortium	NS1_w9w10	-0.895455711724276	0.202062324367292	72	72	3.38221584216619e-05	4.50355047911809e-05
EC.4.1.1.47	Week_and_Consortium	NS1_w9w10	-0.895455711724276	0.202062324367292	72	72	3.38221584216619e-05	4.50355047911809e-05
EC.3.3.2.1	Week_and_Consortium	NS1_w9w10	-0.895455711724276	0.202062324367292	72	72	3.38221584216619e-05	4.50355047911809e-05
EC.1.3.99.8	Week_and_Consortium	NS1_w9w10	-0.895455711724276	0.202062324367292	72	72	3.38221584216619e-05	4.50355047911809e-05
EC.3.1.27.1	Week_and_Consortium	NS1_w9w10	-0.895455711724276	0.202062324367292	72	72	3.38221584216619e-05	4.50355047911809e-05
EC.1.2.1.72	Week_and_Consortium	NS1_w9w10	-0.895455711724276	0.202062324367292	72	72	3.38221584216619e-05	4.50355047911809e-05
EC.3.1.27.6	Week_and_Consortium	NS1_w9w10	-0.895455711724276	0.202062324367292	72	72	3.38221584216619e-05	4.50355047911809e-05
EC.3.5.3.23	Week_and_Consortium	NS1_w9w10	-0.895455711724276	0.202062324367292	72	72	3.38221584216619e-05	4.50355047911809e-05
EC.1.2.1.71	Week_and_Consortium	NS1_w9w10	-0.895455711724276	0.202062324367292	72	72	3.38221584216619e-05	4.50355047911809e-05
EC.6.5.1.4	Week_and_Consortium	NS1_w9w10	-0.895455711724276	0.202062324367292	72	72	3.38221584216619e-05	4.50355047911809e-05
EC.2.3.1.109	Week_and_Consortium	NS1_w9w10	-0.895455711724276	0.202062324367292	72	72	3.38221584216619e-05	4.50355047911809e-05
EC.1.1.2.3	Week_and_Consortium	NS1_w9w10	-0.895455711724276	0.202062324367292	72	72	3.38221584216619e-05	4.50355047911809e-05
EC.3.6.3.33	Week_and_Consortium	NS1_w9w10	-0.895455711724276	0.202062324367292	72	72	3.38221584216619e-05	4.50355047911809e-05
EC.2.3.1.193	Week_and_Consortium	NS1_w9w10	-0.895455711724276	0.202062324367292	72	72	3.38221584216619e-05	4.50355047911809e-05
EC.1.3.3.3	Week_and_Consortium	NS1_w9w10	-0.895455711724276	0.202062324367292	72	72	3.38221584216619e-05	4.50355047911809e-05
EC.2.7.1.192	Week_and_Consortium	NS1_w9w10	-0.895455711724276	0.202062324367292	72	72	3.38221584216619e-05	4.50355047911809e-05
EC.2.4.2.44	Week_and_Consortium	NS1_w9w10	-0.895455711724276	0.202062324367292	72	72	3.38221584216619e-05	4.50355047911809e-05
EC.3.5.1.96	Week_and_Consortium	NS1_w9w10	-0.895455711724276	0.202062324367292	72	72	3.38221584216619e-05	4.50355047911809e-05
EC.3.6.1.65	Week_and_Consortium	NS1_w9w10	-0.895455711724276	0.202062324367292	72	72	3.38221584216619e-05	4.50355047911809e-05
EC.3.1.4.14	Week_and_Consortium	NS1_w9w10	-0.895455711724276	0.202062324367292	72	72	3.38221584216619e-05	4.50355047911809e-05
EC.1.3.1.83	Week_and_Consortium	NS1_w9w10	-0.895455711724276	0.202062324367292	72	72	3.38221584216619e-05	4.50355047911809e-05
EC.1.3.1.111	Week_and_Consortium	NS1_w9w10	-0.895455711724276	0.202062324367292	72	72	3.38221584216619e-05	4.50355047911809e-05
EC.2.4.1.58	Week_and_Consortium	NS1_w9w10	-0.895455711724276	0.202062324367292	72	72	3.38221584216619e-05	4.50355047911809e-05
EC.2.4.1.44	Week_and_Consortium	NS1_w9w10	-0.895455711724276	0.202062324367292	72	72	3.38221584216619e-05	4.50355047911809e-05
EC.2.7.8.39	Week_and_Consortium	NS1_w9w10	-0.895455711724276	0.202062324367292	72	72	3.38221584216619e-05	4.50355047911809e-05
EC.6.3.2.3	Week_and_Consortium	NS1_w9w10	-0.895455711724276	0.202062324367292	72	72	3.38221584216619e-05	4.50355047911809e-05
EC.1.14.99.46	Week_and_Consortium	NS1_w9w10	-0.895455711724276	0.202062324367292	72	72	3.38221584216619e-05	4.50355047911809e-05
EC.2.7.1.195	Week_and_Consortium	NS1_w9w10	-0.895455711724276	0.202062324367292	72	72	3.38221584216619e-05	4.50355047911809e-05
EC.3.5.1.54	Week_and_Consortium	NS1_w9w10	-0.895455711724276	0.202062324367292	72	72	3.38221584216619e-05	4.50355047911809e-05
EC.4.1.99.3	Week_and_Consortium	NS1_w9w10	-0.895455711724276	0.202062324367292	72	72	3.38221584216619e-05	4.50355047911809e-05
EC.2.3.1.118	Week_and_Consortium	NS1_w9w10	-0.895455711724276	0.202062324367292	72	72	3.38221584216619e-05	4.50355047911809e-05
EC.1.6.1.1	Week_and_Consortium	NS1_w9w10	-0.895455711724276	0.202062324367292	72	72	3.38221584216619e-05	4.50355047911809e-05
EC.2.7.1.3	Week_and_Consortium	NS1_w9w10	-0.895455711724276	0.202062324367292	72	72	3.38221584216619e-05	4.50355047911809e-05
EC.1.1.1.373	Week_and_Consortium	NS1_w9w10	-0.895455711724276	0.202062324367292	72	72	3.38221584216619e-05	4.50355047911809e-05
EC.4.1.2.57	Week_and_Consortium	NS1_w9w10	-0.895455711724276	0.202062324367292	72	72	3.38221584216619e-05	4.50355047911809e-05
EC.1.11.1.21	Week_and_Consortium	NS1_w9w10	-0.895455711724276	0.202062324367292	72	72	3.38221584216619e-05	4.50355047911809e-05
EC.1.3.98.3	Week_and_Consortium	NS1_w9w10	-0.895455711724276	0.202062324367292	72	72	3.38221584216619e-05	4.50355047911809e-05
EC.1.14.13.195	Week_and_Consortium	NS1_w9w10	-0.895455711724276	0.202062324367292	72	72	3.38221584216619e-05	4.50355047911809e-05
EC.1.14.13.196	Week_and_Consortium	NS1_w9w10	-0.895455711724276	0.202062324367292	72	72	3.38221584216619e-05	4.50355047911809e-05
EC.1.14.13.59	Week_and_Consortium	NS1_w9w10	-0.895455711724276	0.202062324367292	72	72	3.38221584216619e-05	4.50355047911809e-05
EC.6.3.2.39	Week_and_Consortium	NS1_w9w10	-0.895455711724276	0.202062324367292	72	72	3.38221584216619e-05	4.50355047911809e-05
EC.2.3.1.102	Week_and_Consortium	NS1_w9w10	-0.895455711724276	0.202062324367292	72	72	3.38221584216619e-05	4.50355047911809e-05
EC.6.3.2.38	Week_and_Consortium	NS1_w9w10	-0.895455711724276	0.202062324367292	72	72	3.38221584216619e-05	4.50355047911809e-05
EC.3.6.1.26	Week_and_Consortium	NS1_w9w10	-0.895455711724276	0.202062324367292	72	72	3.38221584216619e-05	4.50355047911809e-05
EC.3.1.11.3	Week_and_Consortium	NS1_w9w10	-0.895455711724276	0.202062324367292	72	72	3.38221584216619e-05	4.50355047911809e-05
EC.1.2.1.19	Week_and_Consortium	NS1_w9w10	-0.895455711724276	0.202062324367292	72	72	3.38221584216619e-05	4.50355047911809e-05
EC.3.1.21.7	Week_and_Consortium	NS1_w9w10	-0.895455711724276	0.202062324367292	72	72	3.38221584216619e-05	4.50355047911809e-05
EC.2.4.1.325	Week_and_Consortium	NS1_w9w10	-0.895455711724276	0.202062324367292	72	72	3.38221584216619e-05	4.50355047911809e-05
EC.1.14.11.17	Week_and_Consortium	NS1_w9w10	-0.895455711724276	0.202062324367292	72	72	3.38221584216619e-05	4.50355047911809e-05
EC.3.6.3.36	Week_and_Consortium	NS1_w9w10	-0.895455711724276	0.202062324367292	72	72	3.38221584216619e-05	4.50355047911809e-05
EC.3.5.1.38	Week_and_Consortium	NS1_w9w10	-0.895455711724276	0.202062324367292	72	72	3.38221584216619e-05	4.50355047911809e-05
EC.4.1.3.30	Week_and_Consortium	NS1_w9w10	-0.895455711724276	0.202062324367292	72	72	3.38221584216619e-05	4.50355047911809e-05
EC.4.2.1.79	Week_and_Consortium	NS1_w9w10	-0.895455711724276	0.202062324367292	72	72	3.38221584216619e-05	4.50355047911809e-05
EC.6.2.1.17	Week_and_Consortium	NS1_w9w10	-0.895455711724276	0.202062324367292	72	72	3.38221584216619e-05	4.50355047911809e-05
EC.1.14.13.127	Week_and_Consortium	NS1_w9w10	-0.895455711724276	0.202062324367292	72	72	3.38221584216619e-05	4.50355047911809e-05
EC.1.13.11.16	Week_and_Consortium	NS1_w9w10	-0.895455711724276	0.202062324367292	72	72	3.38221584216619e-05	4.50355047911809e-05
EC.1.13.11.57	Week_and_Consortium	NS1_w9w10	-0.895455711724276	0.202062324367292	72	72	3.38221584216619e-05	4.50355047911809e-05
EC.3.7.1.14	Week_and_Consortium	NS1_w9w10	-0.895455711724276	0.202062324367292	72	72	3.38221584216619e-05	4.50355047911809e-05
EC.3.7.1.8	Week_and_Consortium	NS1_w9w10	-0.895455711724276	0.202062324367292	72	72	3.38221584216619e-05	4.50355047911809e-05
EC.4.2.1.80	Week_and_Consortium	NS1_w9w10	0.458059723633678	0.103139242241279	72	72	3.26672698932545e-05	4.50355047911809e-05
EC.1.16.1.3	Week_and_Consortium	NS1_w9w10	-0.895455711724276	0.202062324367292	72	72	3.38221584216619e-05	4.50355047911809e-05
EC.1.1.1.381	Week_and_Consortium	NS1_w9w10	-0.895455711724276	0.202062324367292	72	72	3.38221584216619e-05	4.50355047911809e-05
EC.1.1.1.65	Week_and_Consortium	NS1_w9w10	-0.895455711724276	0.202062324367292	72	72	3.38221584216619e-05	4.50355047911809e-05
EC.1.2.1.24	Week_and_Consortium	NS1_w9w10	-0.895455711724276	0.202062324367292	72	72	3.38221584216619e-05	4.50355047911809e-05
EC.1.1.1.43	Week_and_Consortium	NS1_w9w10	-0.895455711724276	0.202062324367292	72	72	3.38221584216619e-05	4.50355047911809e-05
EC.1.5.1.41	Week_and_Consortium	NS1_w9w10	-0.895455711724276	0.202062324367292	72	72	3.38221584216619e-05	4.50355047911809e-05
EC.5.3.3.8	Week_and_Consortium	NS1_w9w10	-0.895455711724276	0.202062324367292	72	72	3.38221584216619e-05	4.50355047911809e-05
EC.2.7.1.31	Week_and_Consortium	NS1_w9w10	-0.895455711724276	0.202062324367292	72	72	3.38221584216619e-05	4.50355047911809e-05
EC.3.1.3.70	Week_and_Consortium	NS1_w9w10	-0.895455711724276	0.202062324367292	72	72	3.38221584216619e-05	4.50355047911809e-05
EC.4.2.1.130	Week_and_Consortium	NS1_w9w10	-0.895455711724276	0.202062324367292	72	72	3.38221584216619e-05	4.50355047911809e-05
EC.3.5.2.17	Week_and_Consortium	NS1_w9w10	-0.895455711724276	0.202062324367292	72	72	3.38221584216619e-05	4.50355047911809e-05
EC.3.5.1.78	Week_and_Consortium	NS1_w9w10	-0.895455711724276	0.202062324367292	72	72	3.38221584216619e-05	4.50355047911809e-05
EC.6.3.1.8	Week_and_Consortium	NS1_w9w10	-0.895455711724276	0.202062324367292	72	72	3.38221584216619e-05	4.50355047911809e-05
EC.1.1.1.215	Week_and_Consortium	NS1_w9w10	-0.895455711724276	0.202062324367292	72	72	3.38221584216619e-05	4.50355047911809e-05
EC.3.1.3.26	Week_and_Consortium	NS1_w9w10	-0.895455711724276	0.202062324367292	72	72	3.38221584216619e-05	4.50355047911809e-05
EC.1.14.11.47	Week_and_Consortium	NS1_w9w10	-0.895455711724276	0.202062324367292	72	72	3.38221584216619e-05	4.50355047911809e-05
EC.2.7.1.59	Week_and_Consortium	NS1_w9w10	-0.895455711724276	0.202062324367292	72	72	3.38221584216619e-05	4.50355047911809e-05
EC.1.14.14.5	Week_and_Consortium	NS1_w9w10	-0.895455711724276	0.202062324367292	72	72	3.38221584216619e-05	4.50355047911809e-05
EC.4.1.2.49	Week_and_Consortium	NS1_w9w10	-0.895455711724276	0.202062324367292	72	72	3.38221584216619e-05	4.50355047911809e-05
EC.2.1.1.189	Week_and_Consortium	NS1_w9w10	-0.895455711724276	0.202062324367292	72	72	3.38221584216619e-05	4.50355047911809e-05
EC.4.2.1.99	Week_and_Consortium	NS1_w9w10	-0.895455711724276	0.202062324367292	72	72	3.38221584216619e-05	4.50355047911809e-05
EC.1.3.3.5	Week_and_Consortium	NS1_w9w10	-0.895455711724276	0.202062324367292	72	72	3.38221584216619e-05	4.50355047911809e-05
EC.1.1.5.2	Week_and_Consortium	NS1_w9w10	-0.895455711724276	0.202062324367292	72	72	3.38221584216619e-05	4.50355047911809e-05
EC.5.5.1.1	Week_and_Consortium	NS1_w9w10	-0.895455711724276	0.202062324367292	72	72	3.38221584216619e-05	4.50355047911809e-05
EC.2.6.1.48	Week_and_Consortium	NS1_w9w10	-0.895455711724276	0.202062324367292	72	72	3.38221584216619e-05	4.50355047911809e-05
EC.1.5.1.33	Week_and_Consortium	NS1_w9w10	-0.895455711724276	0.202062324367292	72	72	3.38221584216619e-05	4.50355047911809e-05
EC.3.6.1.9	Week_and_Consortium	NS1_w9w10	-0.895455711724276	0.202062324367292	72	72	3.38221584216619e-05	4.50355047911809e-05
EC.2.5.1.26	Week_and_Consortium	NS1_w9w10	-0.895455711724276	0.202062324367292	72	72	3.38221584216619e-05	4.50355047911809e-05
EC.5.4.99.27	Week_and_Consortium	NS1_w9w10	-0.895455711724276	0.202062324367292	72	72	3.38221584216619e-05	4.50355047911809e-05
EC.2.1.1.77	Week_and_Consortium	NS1_w9w10	-0.895455711724276	0.202062324367292	72	72	3.38221584216619e-05	4.50355047911809e-05
EC.2.7.1.217	Week_and_Consortium	NS1_w9w10	-0.895455711724276	0.202062324367292	72	72	3.38221584216619e-05	4.50355047911809e-05
EC.1.5.1.50	Week_and_Consortium	NS1_w9w10	-0.895455711724276	0.202062324367292	72	72	3.38221584216619e-05	4.50355047911809e-05
EC.5.4.99.26	Week_and_Consortium	NS1_w9w10	-0.895455711724276	0.202062324367292	72	72	3.38221584216619e-05	4.50355047911809e-05
EC.1.1.1.282	Week_and_Consortium	NS1_w9w10	-0.895455711724276	0.202062324367292	72	72	3.38221584216619e-05	4.50355047911809e-05
EC.2.1.1.200	Week_and_Consortium	NS1_w9w10	-0.895455711724276	0.202062324367292	72	72	3.38221584216619e-05	4.50355047911809e-05
EC.3.4.11.23	Week_and_Consortium	NS1_w9w10	-0.895455711724276	0.202062324367292	72	72	3.38221584216619e-05	4.50355047911809e-05
EC.1.1.1.251	Week_and_Consortium	NS1_w9w10	-0.895455711724276	0.202062324367292	72	72	3.38221584216619e-05	4.50355047911809e-05
EC.1.1.5.12	Week_and_Consortium	NS1_w9w10	-0.895455711724276	0.202062324367292	72	72	3.38221584216619e-05	4.50355047911809e-05
EC.2.7.4.29	Week_and_Consortium	NS1_w9w10	-0.895455711724276	0.202062324367292	72	72	3.38221584216619e-05	4.50355047911809e-05
EC.4.1.3.1	Week_and_Consortium	NS1_w9w10	-0.895455711724276	0.202062324367292	72	72	3.38221584216619e-05	4.50355047911809e-05
EC.1.1.5.4	Week_and_Consortium	NS1_w9w10	-0.895455711724276	0.202062324367292	72	72	3.38221584216619e-05	4.50355047911809e-05
EC.1.14.11.33	Week_and_Consortium	NS1_w9w10	-0.895455711724276	0.202062324367292	72	72	3.38221584216619e-05	4.50355047911809e-05
EC.2.7.4.23	Week_and_Consortium	NS1_w9w10	-0.895455711724276	0.202062324367292	72	72	3.38221584216619e-05	4.50355047911809e-05
EC.1.1.1.305	Week_and_Consortium	NS1_w9w10	-0.895455711724276	0.202062324367292	72	72	3.38221584216619e-05	4.50355047911809e-05
EC.2.1.2.13	Week_and_Consortium	NS1_w9w10	-0.895455711724276	0.202062324367292	72	72	3.38221584216619e-05	4.50355047911809e-05
EC.2.4.2.43	Week_and_Consortium	NS1_w9w10	-0.895455711724276	0.202062324367292	72	72	3.38221584216619e-05	4.50355047911809e-05
EC.4.1.2.20	Week_and_Consortium	NS1_w9w10	-0.895455711724276	0.202062324367292	72	72	3.38221584216619e-05	4.50355047911809e-05
EC.1.8.5.7	Week_and_Consortium	NS1_w9w10	-0.895455711724276	0.202062324367292	72	72	3.38221584216619e-05	4.50355047911809e-05
EC.2.1.1.174	Week_and_Consortium	NS1_w9w10	-0.895455711724276	0.202062324367292	72	72	3.38221584216619e-05	4.50355047911809e-05
EC.3.6.1.25	Week_and_Consortium	NS1_w9w10	-0.895455711724276	0.202062324367292	72	72	3.38221584216619e-05	4.50355047911809e-05
EC.2.6.1.82	Week_and_Consortium	NS1_w9w10	-0.895455711724276	0.202062324367292	72	72	3.38221584216619e-05	4.50355047911809e-05
EC.1.16.1.9	Week_and_Consortium	NS1_w9w10	-0.895455711724276	0.202062324367292	72	72	3.38221584216619e-05	4.50355047911809e-05
EC.3.4.24.55	Week_and_Consortium	NS1_w9w10	-0.895455711724276	0.202062324367292	72	72	3.38221584216619e-05	4.50355047911809e-05
EC.2.8.3.16	Week_and_Consortium	NS1_w9w10	-0.895455711724276	0.202062324367292	72	72	3.38221584216619e-05	4.50355047911809e-05
EC.2.8.3.19	Week_and_Consortium	NS1_w9w10	-0.895455711724276	0.202062324367292	72	72	3.38221584216619e-05	4.50355047911809e-05
EC.2.1.1.186	Week_and_Consortium	NS1_w9w10	-0.895455711724276	0.202062324367292	72	72	3.38221584216619e-05	4.50355047911809e-05
EC.4.2.1.12	Week_and_Consortium	NS1_w9w10	-0.895455711724276	0.202062324367292	72	72	3.38221584216619e-05	4.50355047911809e-05
EC.2.7.11.5	Week_and_Consortium	NS1_w9w10	-0.895455711724276	0.202062324367292	72	72	3.38221584216619e-05	4.50355047911809e-05
EC.4.1.1.8	Week_and_Consortium	NS1_w9w10	-0.895455711724276	0.202062324367292	72	72	3.38221584216619e-05	4.50355047911809e-05
EC.5.1.99.7	Week_and_Consortium	NS1_w9w10	-0.895455711724276	0.202062324367292	72	72	3.38221584216619e-05	4.50355047911809e-05
EC.2.1.1.61	Week_and_Consortium	NS1_w9w10	-0.895455711724276	0.202062324367292	72	72	3.38221584216619e-05	4.50355047911809e-05
EC.4.1.3.40	Week_and_Consortium	NS1_w9w10	-0.895455711724276	0.202062324367292	72	72	3.38221584216619e-05	4.50355047911809e-05
EC.6.1.1.20	Week_and_Consortium	NS1_w9w10	-0.0503750309970625	0.0114205920619474	72	72	3.64480962498e-05	4.80515267397691e-05
EC.2.7.1.23	Week_and_Consortium	NS1_w9w10	-0.0503750309970586	0.0114205920619474	72	72	3.64480962503275e-05	4.80515267397691e-05
EC.2.7.4.22	Week_and_Consortium	NS1_w9w10	-0.0503750309970586	0.0114205920619474	72	72	3.64480962503275e-05	4.80515267397691e-05
EC.2.1.1.228	Week_and_Consortium	NS1_w9w10	-0.0503750309970586	0.0114205920619474	72	72	3.64480962503275e-05	4.80515267397691e-05
EC.6.1.1.21	Week_and_Consortium	NS1_w9w10	-0.0503750309970586	0.0114205920619474	72	72	3.64480962503275e-05	4.80515267397691e-05
EC.2.7.2.3	Week_and_Consortium	NS1_w9w10	-0.0503750309970586	0.0114205920619474	72	72	3.64480962503275e-05	4.80515267397691e-05
EC.3.1.1.29	Week_and_Consortium	NS1_w9w10	-0.0503750309970586	0.0114205920619474	72	72	3.64480962503275e-05	4.80515267397691e-05
EC.2.1.1.182	Week_and_Consortium	NS1_w9w10	-0.0503750309970586	0.0114205920619474	72	72	3.64480962503275e-05	4.80515267397691e-05
EC.3.6.5.4	Week_and_Consortium	NS1_w9w10	-0.0503750309970586	0.0114205920619474	72	72	3.64480962503275e-05	4.80515267397691e-05
EC.3.1.26.3	Week_and_Consortium	NS1_w9w10	-0.0503750309970586	0.0114205920619474	72	72	3.64480962503275e-05	4.80515267397691e-05
EC.2.7.7.87	Week_and_Consortium	NS1_w9w10	-0.0503750309970586	0.0114205920619474	72	72	3.64480962503275e-05	4.80515267397691e-05
EC.6.1.1.16	Week_and_Consortium	NS1_w9w10	-0.0503750309970586	0.0114205920619474	72	72	3.64480962503275e-05	4.80515267397691e-05
EC.2.1.1.185	Week_and_Consortium	NS1_w9w10	-0.0503750309970586	0.0114205920619474	72	72	3.64480962503275e-05	4.80515267397691e-05
EC.2.5.1.47	Week_and_Consortium	NS1_w9w10	0.1077456472391	0.0246224681586451	72	72	4.1345560286993e-05	5.44666399214497e-05
EC.5.4.99.20	Week_and_Consortium	NS1_w9w10	-0.435302933322475	0.0995529812542167	72	72	4.18439297917418e-05	5.49558744078187e-05
EC.2.3.1.40	Week_and_Consortium	NS1_w9w10	-0.435302933322475	0.0995529812542167	72	72	4.18439297917418e-05	5.49558744078187e-05
EC.6.2.1.20	Week_and_Consortium	NS1_w9w10	-0.435302933322475	0.0995529812542167	72	72	4.18439297917418e-05	5.49558744078187e-05
EC.2.1.1.178	Week_and_Consortium	NS1_w9w10	-0.435302933322475	0.0995529812542167	72	72	4.18439297917418e-05	5.49558744078187e-05
EC.2.7.4.28	Week_and_Consortium	NS1_w9w10	-0.698824036126836	0.15986124583141	72	72	4.26355240242549e-05	5.5910675822716e-05
EC.2.7.11.33	Week_and_Consortium	NS1_w9w10	-0.698824036126836	0.15986124583141	72	72	4.26355240242549e-05	5.5910675822716e-05
EC.6.3.2.4	Week_and_Consortium	NS1_w9w10	-0.0836942454837453	0.0192002173561758	72	72	4.39311227460165e-05	5.75660662175281e-05
EC.2.1.1.33	Week_and_Consortium	NS1_w9w10	-0.0497932123322305	0.0114300152725979	72	72	4.4354178934037e-05	5.80325651812684e-05
EC.6.3.4.2	Week_and_Consortium	NS1_w9w10	-0.0497932123322305	0.0114300152725979	72	72	4.4354178934037e-05	5.80325651812684e-05
EC.2.7.14.1	Week_and_Consortium	NS1_w9w10	-0.348983684865691	0.0802718527707529	72	72	4.5781974025472e-05	5.98554358293747e-05
EC.3.6.1.31	Week_and_Consortium	NS1_w9w10	0.159007317100186	0.0366202032055575	72	72	4.66861916717525e-05	6.09915454972102e-05
EC.5.1.3.15	Week_and_Consortium	NS1_w9w10	-0.430723904835751	0.0992475863443767	72	72	4.70509414312788e-05	6.14217040856286e-05
EC.2.4.2.19	Week_and_Consortium	NS1_w9w10	0.0823656315286039	0.0189876307920361	72	72	4.73952537040244e-05	6.18245547563422e-05
EC.3.1.11.6	Week_and_Consortium	NS1_w9w10	-0.049483114034319	0.0114174632179262	72	72	4.8056920977327e-05	6.2640459496802e-05
EC.1.8.1.2	Week_and_Consortium	NS1_w9w10	-0.430097456661881	0.0992675331280557	72	72	4.82766911065225e-05	6.28795728407753e-05
EC.2.1.2.2	Week_and_Consortium	NS1_w9w10	0.0592687869293815	0.013682869847611	72	72	4.84680314624376e-05	6.30813251590071e-05
EC.3.1.13.5	Week_and_Consortium	NS1_w9w10	-0.426672483747853	0.0987376728652782	72	72	5.02924553567198e-05	6.5406641789994e-05
EC.3.6.1.67	Week_and_Consortium	NS1_w9w10	0.939131981453879	0.217441925866545	72	72	5.14242954117514e-05	6.68284199382445e-05
EC.2.1.3.11	Week_and_Consortium	NS1_w9w10	0.27665448696321	0.0642207556874276	72	72	5.27591588342091e-05	6.85117058829828e-05
EC.5.4.99.22	Week_and_Consortium	NS1_w9w10	-0.141564208554533	0.0329614387006567	72	72	5.52674426340762e-05	7.17150998497645e-05
EC.3.5.2.3	Week_and_Consortium	NS1_w9w10	-0.128444475729907	0.0299468646472375	72	72	5.64139739162858e-05	7.31480066285324e-05
EC.1.6.3.4	Week_and_Consortium	NS1_w9w10	0.200272414087572	0.046718623487072	72	72	5.68779260573811e-05	7.3694378746502e-05
EC.2.3.1.61	Week_and_Consortium	NS1_w9w10	-0.267273578567766	0.0624736654675238	72	72	5.86452485775772e-05	7.59273936333478e-05
EC.1.5.1.38	Week_and_Consortium	NS1_w9w10	0.150034134537591	0.0351517659126842	72	72	6.0766858048161e-05	7.86154194928002e-05
EC.1.17.1.8	Week_and_Consortium	NS1_w9w10	-0.048591032754417	0.0114154603344839	72	72	6.33177790152984e-05	8.185442529909e-05
EC.2.4.99.16	Week_and_Consortium	NS1_w9w10	0.55688795887641	0.131019539276973	72	72	6.47206732211774e-05	8.25582058554591e-05
EC.3.2.1.187	Week_and_Consortium	NS1_w9w10	0.55688795887641	0.131019539276973	72	72	6.47206732211774e-05	8.25582058554591e-05
EC.2.1.1.219	Week_and_Consortium	NS1_w9w10	0.55688795887641	0.131019539276973	72	72	6.47206732211774e-05	8.25582058554591e-05
EC.2.1.1.220	Week_and_Consortium	NS1_w9w10	0.55688795887641	0.131019539276973	72	72	6.47206732211774e-05	8.25582058554591e-05
EC.2.4.1.342	Week_and_Consortium	NS1_w9w10	0.55688795887641	0.131019539276973	72	72	6.47206732211774e-05	8.25582058554591e-05
EC.3.2.1.185	Week_and_Consortium	NS1_w9w10	0.55688795887641	0.131019539276973	72	72	6.47206732211774e-05	8.25582058554591e-05
EC.1.2.1.81	Week_and_Consortium	NS1_w9w10	0.55688795887641	0.131019539276973	72	72	6.47206732211774e-05	8.25582058554591e-05
EC.2.7.1.162	Week_and_Consortium	NS1_w9w10	0.55688795887641	0.131019539276973	72	72	6.47206732211774e-05	8.25582058554591e-05
EC.2.5.1.88	Week_and_Consortium	NS1_w9w10	0.55688795887641	0.131019539276973	72	72	6.47206732211774e-05	8.25582058554591e-05
EC.2.5.1.86	Week_and_Consortium	NS1_w9w10	0.55688795887641	0.131019539276973	72	72	6.47206732211774e-05	8.25582058554591e-05
EC.2.7.7.53	Week_and_Consortium	NS1_w9w10	0.55688795887641	0.131019539276973	72	72	6.47206732211774e-05	8.25582058554591e-05
EC.2.7.1.63	Week_and_Consortium	NS1_w9w10	0.55688795887641	0.131019539276973	72	72	6.47206732211774e-05	8.25582058554591e-05
EC.3.5.4.21	Week_and_Consortium	NS1_w9w10	0.55688795887641	0.131019539276973	72	72	6.47206732211774e-05	8.25582058554591e-05
EC.6.3.1.19	Week_and_Consortium	NS1_w9w10	0.55688795887641	0.131019539276973	72	72	6.47206732211774e-05	8.25582058554591e-05
EC.3.5.1.119	Week_and_Consortium	NS1_w9w10	0.55688795887641	0.131019539276973	72	72	6.47206732211774e-05	8.25582058554591e-05
EC.1.2.98.1	Week_and_Consortium	NS1_w9w10	0.55688795887641	0.131019539276973	72	72	6.47206732211774e-05	8.25582058554591e-05
EC.1.1.99.37	Week_and_Consortium	NS1_w9w10	0.55688795887641	0.131019539276973	72	72	6.47206732211774e-05	8.25582058554591e-05
EC.3.4.24.11	Week_and_Consortium	NS1_w9w10	0.55688795887641	0.131019539276973	72	72	6.47206732211774e-05	8.25582058554591e-05
EC.3.2.1.169	Week_and_Consortium	NS1_w9w10	-0.419202968817728	0.0987672714363679	72	72	6.6127504446718e-05	8.40431058717099e-05
EC.3.2.1.178	Week_and_Consortium	NS1_w9w10	-0.419202968817728	0.0987672714363679	72	72	6.6127504446718e-05	8.40431058717099e-05
EC.5.5.1.16	Week_and_Consortium	NS1_w9w10	-0.419202968817728	0.0987672714363679	72	72	6.6127504446718e-05	8.40431058717099e-05
EC.2.5.1.21	Week_and_Consortium	NS1_w9w10	-0.419202968817728	0.0987672714363679	72	72	6.6127504446718e-05	8.40431058717099e-05
EC.1.14.11.27	Week_and_Consortium	NS1_w9w10	-0.419202968817728	0.0987672714363679	72	72	6.6127504446718e-05	8.40431058717099e-05
EC.2.3.2.3	Week_and_Consortium	NS1_w9w10	-0.926116750583146	0.218162097984837	72	72	6.68517074579319e-05	8.49011779968307e-05
EC.2.5.1.10	Week_and_Consortium	NS1_w9w10	-0.048400851002183	0.0114156842941181	72	72	6.71887705580366e-05	8.52042211252464e-05
EC.2.5.1.1	Week_and_Consortium	NS1_w9w10	-0.048400851002183	0.0114156842941181	72	72	6.71887705580366e-05	8.52042211252464e-05
EC.2.3.1.48	Week_and_Consortium	NS1_w9w10	-0.416959723020714	0.0986038635846715	72	72	6.99099254848367e-05	8.85901032315171e-05
EC.2.1.1.196	Week_and_Consortium	NS1_w9w10	-0.40222873065642	0.0953474184523049	72	72	7.2443862090755e-05	9.1733961433136e-05
EC.2.1.1.144	Week_and_Consortium	NS1_w9w10	-0.416942129326897	0.0990191695449354	72	72	7.4476172332806e-05	9.42384899912918e-05
EC.2.7.7.3	Week_and_Consortium	NS1_w9w10	-0.0480080878824993	0.0114216384932267	72	72	7.64626045004303e-05	9.63996856447522e-05
EC.6.3.4.5	Week_and_Consortium	NS1_w9w10	-0.0480080878824993	0.0114216384932267	72	72	7.64626045004303e-05	9.63996856447522e-05
EC.4.2.3.5	Week_and_Consortium	NS1_w9w10	-0.0480080878824993	0.0114216384932267	72	72	7.64626045004303e-05	9.63996856447522e-05
EC.2.5.1.19	Week_and_Consortium	NS1_w9w10	-0.0480080878824993	0.0114216384932267	72	72	7.64626045004303e-05	9.63996856447522e-05
EC.2.1.3.2	Week_and_Consortium	NS1_w9w10	-0.0480080878824993	0.0114216384932267	72	72	7.64626045004303e-05	9.63996856447522e-05
EC.4.1.1.37	Week_and_Consortium	NS1_w9w10	-0.337167865793424	0.0802792251174978	72	72	7.73620845435548e-05	9.74627134970112e-05
EC.1.3.1.1	Week_and_Consortium	NS1_w9w10	0.196057950909212	0.0466952832306291	72	72	7.77096056654751e-05	9.78293290232272e-05
EC.4.6.1.17	Week_and_Consortium	NS1_w9w10	-0.298881844504027	0.0716044784232296	72	72	8.47343667106008e-05	0.000106595340680269
EC.1.4.1.21	Week_and_Consortium	NS1_w9w10	-0.406196676372986	0.0973243978935539	72	72	8.48623497470903e-05	0.000106678814387954
EC.3.1.3.10	Week_and_Consortium	NS1_w9w10	0.234381582154632	0.0561747733976466	72	72	8.52426232949685e-05	0.00010707908630159
EC.3.1.1.1	Week_and_Consortium	NS1_w9w10	-0.408176543467346	0.0984470665718366	72	72	9.34478078204794e-05	0.000117301055356961
EC.2.4.2.3	Week_and_Consortium	NS1_w9w10	-0.153157309613076	0.0369452280604924	72	72	9.36537693391058e-05	0.000117474401975357
EC.1.1.1.127	Week_and_Consortium	NS1_w9w10	-0.437129793985203	0.105547814739707	72	72	9.49706165315296e-05	0.00011903992557283
EC.5.1.99.6	Week_and_Consortium	NS1_w9w10	0.0473342912050148	0.0114337905702838	72	72	9.5528193903575e-05	0.000119652173405997
EC.3.4.11.10	Week_and_Consortium	NS1_w9w10	-0.374089528028136	0.0907589723087223	72	72	0.000101753216902216	0.000127265042238248
EC.3.4.11.6	Week_and_Consortium	NS1_w9w10	-0.374089528028136	0.0907589723087223	72	72	0.000101753216902216	0.000127265042238248
EC.4.2.1.113	Week_and_Consortium	NS1_w9w10	-0.41036424486249	0.09976047999379	72	72	0.00010474066288188	0.000130906922345512
EC.1.3.1.9	Week_and_Consortium	NS1_w9w10	0.0595617131160671	0.0145616956461122	72	72	0.000113548463764323	0.000141812691757607
EC.2.1.3.9	Week_and_Consortium	NS1_w9w10	0.234302700602448	0.0573802943621092	72	72	0.000116331906252055	0.000145184231955521
EC.4.2.99.20	Week_and_Consortium	NS1_w9w10	-0.406545565637734	0.099718843074673	72	72	0.00011895045788452	0.000148345275647049
EC.3.5.2.2	Week_and_Consortium	NS1_w9w10	0.363214220501924	0.0892048031847624	72	72	0.000121127811420107	0.000150951937774086
EC.4.1.1.49	Week_and_Consortium	NS1_w9w10	0.144238944655342	0.0355937956276284	72	72	0.000129513253198733	0.000161285928983459
EC.3.4.24.3	Week_and_Consortium	NS1_w9w10	-0.403618080141897	0.0999165269626643	72	72	0.000135375740963964	0.000168465426030641
EC.2.4.1.52	Week_and_Consortium	NS1_w9w10	-0.399132468076099	0.0996320862058478	72	72	0.000151934287482254	0.000188935525597544
EC.2.1.1.72	Week_and_Consortium	NS1_w9w10	0.12543843667806	0.0315575073481085	72	72	0.000169070353255123	0.000210093884770006
EC.2.5.1.99	Week_and_Consortium	NS1_w9w10	-0.393298958626445	0.0989867501892341	72	72	0.000170038176676305	0.00021099360847791
EC.2.5.1.32	Week_and_Consortium	NS1_w9w10	-0.393298958626445	0.0989867501892341	72	72	0.000170038176676305	0.00021099360847791
EC.3.4.13.19	Week_and_Consortium	NS1_w9w10	-0.21325949787782	0.0537937165580294	72	72	0.000175267557755573	0.000217326749623852
EC.3.2.1.99	Week_and_Consortium	NS1_w9w10	0.419299842780323	0.106219444592165	72	72	0.000185685382862109	0.000230079740683114
EC.5.1.3.20	Week_and_Consortium	NS1_w9w10	0.211662589415836	0.0536367661424591	72	72	0.000186488054855248	0.000230909029295017
EC.4.1.3.42	Week_and_Consortium	NS1_w9w10	0.151030426269948	0.0383131308896797	72	72	0.000189190947085257	0.000234088298359242
EC.1.5.1.36	Week_and_Consortium	NS1_w9w10	-0.390032074835335	0.0992519086778378	72	72	0.000197273155727227	0.000243914166117021
EC.1.3.5.2	Week_and_Consortium	NS1_w9w10	-0.312111745846525	0.0796953303814118	72	72	0.000206472944517292	0.000255106828664833
EC.3.4.11.4	Week_and_Consortium	NS1_w9w10	0.0359739574082662	0.00920482748274588	72	72	0.000212264731499132	0.000262075784753921
EC.2.7.7.56	Week_and_Consortium	NS1_w9w10	-0.359026717898958	0.092206546432086	72	72	0.000222911342456104	0.00027502461424912
EC.2.3.1.18	Week_and_Consortium	NS1_w9w10	-0.238772173645468	0.0613902212576059	72	72	0.00022618384112484	0.000278863410959471
EC.1.1.99.1	Week_and_Consortium	NS1_w9w10	-0.736414921013438	0.190547914094848	72	72	0.000245860649447251	0.000302907319710457
EC.3.4.14.13	Week_and_Consortium	NS1_w9w10	1.00150195661506	0.259927703453143	72	64	0.000255764552135434	0.000314437812319912
EC.4.2.1.83	Week_and_Consortium	NS1_w9w10	1.00150195661506	0.259927703453143	72	64	0.000255764552135434	0.000314437812319912
EC.1.3.1.104	Week_and_Consortium	NS1_w9w10	1.00150195661506	0.259927703453143	72	64	0.000255764552135434	0.000314437812319912
EC.2.3.1.12	Week_and_Consortium	NS1_w9w10	-0.300718063404973	0.0784746600252531	72	72	0.000274436525530183	0.00033715374428158
EC.2.7.1.221	Week_and_Consortium	NS1_w9w10	-0.367020084079664	0.0962739794101523	72	72	0.000293261491034228	0.000360025277290957
EC.3.5.4.3	Week_and_Consortium	NS1_w9w10	-0.260160015686312	0.0684258974913612	72	72	0.00030341422624425	0.000372225390240111
EC.5.4.99.25	Week_and_Consortium	NS1_w9w10	-0.0391460008965221	0.0104189208605673	72	72	0.000352322894075737	0.000431919921844972
EC.4.2.1.126	Week_and_Consortium	NS1_w9w10	0.146539924622099	0.0390348506631802	72	72	0.000359165730329698	0.000439997083652306
EC.6.3.1.10	Week_and_Consortium	NS1_w9w10	-0.0483559336591852	0.0129250732597117	72	72	0.000374770879609774	0.000458789528008853
EC.1.11.1.5	Week_and_Consortium	NS1_w9w10	-0.23119020537217	0.0619687062435255	72	72	0.000384588375699818	0.000470475249707692
EC.3.2.1.196	Week_and_Consortium	NS1_w9w10	-0.654426415023729	0.177717868687169	72	72	0.000451030242882764	0.000550587694238409
EC.3.4.21.83	Week_and_Consortium	NS1_w9w10	-0.654426415023729	0.177717868687169	72	72	0.000451030242882764	0.000550587694238409
EC.2.3.1.210	Week_and_Consortium	NS1_w9w10	-0.654426415023729	0.177717868687169	72	72	0.000451030242882764	0.000550587694238409
EC.4.2.1.156	Week_and_Consortium	NS1_w9w10	1.72809402514782	0.469905137960455	72	65	0.000458267902539026	0.000559028709862618
EC.3.5.1.81	Week_and_Consortium	NS1_w9w10	0.487107124868373	0.132475512415928	72	72	0.000459138013591773	0.000559695705300957
EC.2.7.1.2	Week_and_Consortium	NS1_w9w10	-0.0505406198917167	0.0138418067786598	72	72	0.000499365149870717	0.000608304767365384
EC.3.4.23.51	Week_and_Consortium	NS1_w9w10	-0.671061725373538	0.184701340598514	72	72	0.000529697737104848	0.000644800831876577
EC.3.4.21.53	Week_and_Consortium	NS1_w9w10	0.133889846860588	0.0369833976139512	72	72	0.000552510773191267	0.000672098487978976
EC.2.7.1.156	Week_and_Consortium	NS1_w9w10	-0.0526322259039161	0.0145701466852067	72	72	0.000571417102362385	0.000694121406448624
EC.2.7.7.62	Week_and_Consortium	NS1_w9w10	-0.0526322259039161	0.0145701466852067	72	72	0.000571417102362385	0.000694121406448624
EC.2.3.1.29	Week_and_Consortium	NS1_w9w10	0.102490155876476	0.0285111566599498	72	72	0.000600224523291414	0.00072860354124645
EC.1.1.1.6	Week_and_Consortium	NS1_w9w10	0.300792271232253	0.0836842852171737	72	72	0.000600941609596144	0.000728962807435827
EC.1.4.3.16	Week_and_Consortium	NS1_w9w10	0.0727543399459522	0.0203178245021604	72	72	0.000627874631130517	0.000761100130593085
EC.2.7.7.9	Week_and_Consortium	NS1_w9w10	-0.338759068750998	0.0947210378609168	72	72	0.000636915022515772	0.00077151847723919
EC.1.1.1.367	Week_and_Consortium	NS1_w9w10	0.278728707423171	0.0779618386479961	72	72	0.000644344104946871	0.000779971780183939
EC.2.7.1.48	Week_and_Consortium	NS1_w9w10	0.13451846460639	0.0377817839457017	72	72	0.000670593035736415	0.000811178577819521
EC.1.8.4.12	Week_and_Consortium	NS1_w9w10	-0.106710042417135	0.0300407362523651	72	72	0.000688583301200316	0.000832358725124125
EC.3.1.5.1	Week_and_Consortium	NS1_w9w10	0.0330309364063592	0.00936753981224859	72	72	0.000754169268302097	0.000911002793741053
EC.4.1.2.14	Week_and_Consortium	NS1_w9w10	0.133478292578307	0.0379343995770004	72	72	0.000766718463985189	0.000925515802760364
EC.3.5.1.105	Week_and_Consortium	NS1_w9w10	-0.433007609518946	0.123094980810246	72	72	0.000769150260869005	0.000927804251961148
EC.6.1.1.18	Week_and_Consortium	NS1_w9w10	-0.0398119911293206	0.0113438200150111	72	72	0.000789305683787805	0.000951454135540871
EC.2.1.1.187	Week_and_Consortium	NS1_w9w10	-0.300637218536791	0.0860848014172544	72	72	0.000833902844342828	0.00100451344715201
EC.1.18.6.1	Week_and_Consortium	NS1_w9w10	0.298822418905937	0.085692529044883	72	72	0.000847794913932283	0.0010205375493858
EC.2.4.1.319	Week_and_Consortium	NS1_w9w10	0.181354987705807	0.0521042278100856	72	72	0.000865573422314337	0.00104049138474036
EC.2.4.1.320	Week_and_Consortium	NS1_w9w10	0.181354987705807	0.0521042278100856	72	72	0.000865573422314337	0.00104049138474036
EC.4.1.3.38	Week_and_Consortium	NS1_w9w10	-0.126971456466425	0.0366142607456263	72	72	0.00090148192034018	0.0010829043748153
EC.2.5.1.72	Week_and_Consortium	NS1_w9w10	0.0703704722061608	0.0202955735222231	72	72	0.000903005321159948	0.00108398211576135
EC.2.8.4.4	Week_and_Consortium	NS1_w9w10	-0.0390578613245006	0.011316254024295	72	72	0.000949326122818603	0.00113879661718573
EC.5.1.3.2	Week_and_Consortium	NS1_w9w10	0.0429894906963525	0.0125393621086958	72	72	0.001021181539792	0.00122414490677283
EC.3.5.4.12	Week_and_Consortium	NS1_w9w10	-0.0371902557791775	0.010849056532895	72	72	0.00102244314801478	0.0012248090582793
EC.3.2.1.50	Week_and_Consortium	NS1_w9w10	0.153645422150078	0.0450412836503457	72	72	0.00108472756999943	0.00129852242300762
EC.6.3.2.2	Week_and_Consortium	NS1_w9w10	-0.593508959567016	0.174521684932685	72	72	0.00111365440433165	0.0013322292839655
EC.2.3.1.39	Week_and_Consortium	NS1_w9w10	-0.0401040612745594	0.011800128706217	72	72	0.00112122820800265	0.00134036327904184
EC.3.6.3.54	Week_and_Consortium	NS1_w9w10	0.094715083527561	0.0279287577900807	72	72	0.00114716079475514	0.00137041776102218
EC.1.3.5.1	Week_and_Consortium	NS1_w9w10	0.0706132932125653	0.020829898191058	72	72	0.00115188442848231	0.00137511168669164
EC.6.3.4.15	Week_and_Consortium	NS1_w9w10	-0.0400159315270562	0.0119398946382223	72	72	0.0012990070330069	0.00154967689464848
EC.2.4.1.227	Week_and_Consortium	NS1_w9w10	-0.0399855888135457	0.0119446511824276	72	72	0.00131473750081155	0.00156736268175261
EC.1.1.1.267	Week_and_Consortium	NS1_w9w10	-0.03797392227239	0.0113607410569482	72	72	0.00133536701402604	0.00158976636951794
EC.2.8.4.3	Week_and_Consortium	NS1_w9w10	-0.03797392227239	0.0113607410569482	72	72	0.00133536701402604	0.00158976636951794
EC.1.6.1.2	Week_and_Consortium	NS1_w9w10	-0.567270118215947	0.170556211081418	72	72	0.00140564342913965	0.00167228094559501
EC.4.1.3.3	Week_and_Consortium	NS1_w9w10	-0.0507536851927244	0.0152662628126212	72	72	0.00142032733228332	0.00168858970616925
EC.2.7.2.2	Week_and_Consortium	NS1_w9w10	-0.254851177373476	0.077005876575089	72	72	0.0014791281342138	0.00175728949919292
EC.3.5.99.10	Week_and_Consortium	NS1_w9w10	0.116144126338417	0.0352343980160174	72	72	0.00154039339637287	0.00182882096647561
EC.3.7.1.18	Week_and_Consortium	NS1_w9w10	0.275438886125499	0.0855169308359215	72	72	0.00193981481235164	0.00230145266633358
EC.2.4.2.18	Week_and_Consortium	NS1_w9w10	0.0395961875335685	0.0123083642857404	72	72	0.00196262762026029	0.00232692356895244
EC.4.1.2.48	Week_and_Consortium	NS1_w9w10	-0.0457410911655326	0.0142173822180772	72	72	0.00197165312968102	0.0023360243446118
EC.3.6.3.32	Week_and_Consortium	NS1_w9w10	-0.235984871837964	0.0741189075659755	72	72	0.0021694151663239	0.00256857568598267
EC.4.1.2.4	Week_and_Consortium	NS1_w9w10	0.121401622841375	0.0383937429018994	72	72	0.0023167249363739	0.00274111474016625
EC.3.1.3.1	Week_and_Consortium	NS1_w9w10	-0.0633393560750856	0.0201916735183324	72	72	0.00249753443839479	0.00295302739949548
EC.2.6.1.52	Week_and_Consortium	NS1_w9w10	0.112265732389545	0.0362083306224157	72	72	0.00278277615191304	0.0032880447228406
EC.1.2.7.5	Week_and_Consortium	NS1_w9w10	-0.509446556652276	0.165648914156089	72	72	0.00299705636159496	0.00353881620867726
EC.2.1.1.173	Week_and_Consortium	NS1_w9w10	-0.54478268268162	0.178523350095295	72	72	0.00321495801570491	0.00379093482642043
EC.2.1.1.264	Week_and_Consortium	NS1_w9w10	-0.54478268268162	0.178523350095295	72	72	0.00321495801570491	0.00379093482642043
EC.1.8.4.11	Week_and_Consortium	NS1_w9w10	-0.0935481126422929	0.0307564376582872	72	72	0.00331087187564911	0.00390137455190511
EC.3.2.1.81	Week_and_Consortium	NS1_w9w10	0.354109977351904	0.116641267515081	72	72	0.00336647054472936	0.00396419082512008
EC.1.1.3.15	Week_and_Consortium	NS1_w9w10	-0.258491129782624	0.0854474398661611	72	72	0.00347382348135101	0.00408782355283386
EC.2.10.1.1	Week_and_Consortium	NS1_w9w10	-0.22117257470322	0.073351433719746	72	72	0.00357559963997828	0.0042047302831538
EC.6.3.2.13	Week_and_Consortium	NS1_w9w10	-0.0356148264871509	0.0118132806450298	72	72	0.00358011151261107	0.00420717788752869
EC.2.7.1.205	Week_and_Consortium	NS1_w9w10	0.309699772177896	0.102780166458932	72	72	0.00359670245601242	0.00422094369583559
EC.2.7.1.196	Week_and_Consortium	NS1_w9w10	0.309699772177896	0.102780166458932	72	72	0.00359670245601242	0.00422094369583559
EC.2.4.2.22	Week_and_Consortium	NS1_w9w10	-0.17184515671397	0.0571070889949697	72	72	0.00363936674929496	0.00426811913484389
EC.2.7.6.5	Week_and_Consortium	NS1_w9w10	-0.108094981639249	0.035998064787602	72	72	0.0037074452658407	0.00434501540634411
EC.3.1.1.11	Week_and_Consortium	NS1_w9w10	0.357593789378231	0.119961419808982	72	72	0.00395038743896177	0.0046266039626812
EC.1.1.1.41	Week_and_Consortium	NS1_w9w10	-0.50033596036814	0.169252141343373	72	70	0.0042427618530706	0.00496566650957756
EC.2.4.2.1	Week_and_Consortium	NS1_w9w10	0.0958182986809153	0.0324062568355078	72	72	0.00425214027021696	0.00497328027550376
EC.2.7.7.76	Week_and_Consortium	NS1_w9w10	-0.24275069580076	0.0822946757311269	72	72	0.00432135772932165	0.00505082392265751
EC.1.3.5.4	Week_and_Consortium	NS1_w9w10	0.0634792453755578	0.0217443371377639	72	72	0.00471487505698178	0.00550705042080665
EC.2.7.1.218	Week_and_Consortium	NS1_w9w10	0.290047948746904	0.0994875549324368	72	72	0.00476800489474753	0.00556535163372082
EC.1.17.5.3	Week_and_Consortium	NS1_w9w10	-0.561737513021858	0.192963222946007	72	72	0.00482692546076703	0.00563032882249848
EC.3.1.3.83	Week_and_Consortium	NS1_w9w10	-0.125661919155115	0.0432035998280728	72	72	0.00486161494667606	0.00566315980665967
EC.3.1.3.82	Week_and_Consortium	NS1_w9w10	-0.125661919155115	0.0432035998280728	72	72	0.00486161494667606	0.00566315980665967
EC.2.8.1.1	Week_and_Consortium	NS1_w9w10	-0.266491386713618	0.0919683161210166	72	72	0.00501551719719501	0.00583850724165741
EC.3.1.3.45	Week_and_Consortium	NS1_w9w10	0.120311816101442	0.0417710887783953	72	72	0.00526891230153662	0.00612935967336014
EC.2.5.1.30	Week_and_Consortium	NS1_w9w10	-0.23144140545152	0.0805316465830353	72	72	0.00536436089908389	0.00623620464493903
EC.4.2.1.17	Week_and_Consortium	NS1_w9w10	-0.227943059956569	0.0793878763464639	72	72	0.00542449741450273	0.00630188256678136
EC.5.1.3.4	Week_and_Consortium	NS1_w9w10	-0.0959146770664085	0.0338572399892454	72	72	0.00602047444948784	0.00698956490413378
EC.1.5.1.2	Week_and_Consortium	NS1_w9w10	0.0250417387680172	0.00896765185921322	72	72	0.00673959744494089	0.00781919783994147
EC.2.7.1.100	Week_and_Consortium	NS1_w9w10	-0.219085013008547	0.0786737582600524	72	72	0.00688553414389102	0.00798316115410272
EC.4.1.1.48	Week_and_Consortium	NS1_w9w10	-0.0925567133034717	0.0333089077270813	72	72	0.00700070307586692	0.00811125637505063
EC.2.7.4.16	Week_and_Consortium	NS1_w9w10	-0.0704108417587708	0.025492787107663	72	72	0.00733211081646705	0.00848955439685917
EC.2.7.1.165	Week_and_Consortium	NS1_w9w10	-0.113015052528444	0.0410692013938851	72	72	0.00754033613816985	0.00872481407431284
EC.1.7.2.3	Week_and_Consortium	NS1_w9w10	-0.52751237249404	0.192243617576798	72	72	0.0077045576576759	0.00890887729154108
EC.3.4.15.5	Week_and_Consortium	NS1_w9w10	0.167967573669497	0.0624901487051968	72	72	0.0089776201758391	0.0103740056905057
EC.3.4.13.22	Week_and_Consortium	NS1_w9w10	0.0876457733250312	0.0327486934657547	72	72	0.00926361302835946	0.0106902094347268
EC.4.2.1.53	Week_and_Consortium	NS1_w9w10	-0.248473975799267	0.0928409963711227	72	72	0.00926297802982196	0.0106902094347268
EC.2.7.7.49	Week_and_Consortium	NS1_w9w10	-0.154111626084589	0.0578309525493005	72	72	0.00955423823844481	0.0110182454302118
EC.3.5.4.16	Week_and_Consortium	NS1_w9w10	0.0351714582596864	0.0134252176057042	72	72	0.0107803631853148	0.01242397381743
EC.1.1.1.38	Week_and_Consortium	NS1_w9w10	0.0847195943624675	0.0324426782282683	72	72	0.0110254165974281	0.0126979348836646
EC.2.1.1.63	Week_and_Consortium	NS1_w9w10	-0.0431449022135173	0.0165364853098164	72	72	0.0110927266975624	0.012766961378644
EC.1.3.99.33	Week_and_Consortium	NS1_w9w10	-0.493070338507874	0.189211689725748	72	70	0.0111860826403431	0.012865853189657
EC.2.8.3.8	Week_and_Consortium	NS1_w9w10	-0.249623973663985	0.0960566635993535	72	72	0.0114019489201282	0.0131054273444501
EC.2.3.1.191	Week_and_Consortium	NS1_w9w10	-0.0611684756635188	0.0235612427582591	72	72	0.0114798083690172	0.0131861634285128
EC.1.1.1.408	Week_and_Consortium	NS1_w9w10	-0.248928368343311	0.0959486702000103	72	72	0.0115333642778323	0.013230121646738
EC.1.1.1.409	Week_and_Consortium	NS1_w9w10	-0.248928368343311	0.0959486702000103	72	72	0.0115333642778323	0.013230121646738
EC.2.6.1.21	Week_and_Consortium	NS1_w9w10	-0.275967532583501	0.106543738328491	72	72	0.0116626182893185	0.0133695312972253
EC.4.2.1.149	Week_and_Consortium	NS1_w9w10	-0.376586522594966	0.146112610976946	72	72	0.0120639516294224	0.0138204502121311
EC.3.5.4.26	Week_and_Consortium	NS1_w9w10	0.0503057855126765	0.0196426013329253	72	72	0.0125932855515502	0.0143887638876127
EC.1.1.1.193	Week_and_Consortium	NS1_w9w10	0.0503057855126765	0.0196426013329253	72	72	0.0125932855515502	0.0143887638876127
EC.2.5.1.78	Week_and_Consortium	NS1_w9w10	0.0503057855126765	0.0196426013329253	72	72	0.0125932855515502	0.0143887638876127
EC.2.5.1.9	Week_and_Consortium	NS1_w9w10	0.0503057855126765	0.0196426013329253	72	72	0.0125932855515502	0.0143887638876127
EC.6.3.3.3	Week_and_Consortium	NS1_w9w10	0.0617560704127886	0.0241165804429304	72	72	0.0126040178502982	0.0143915269781439
EC.1.7.1.7	Week_and_Consortium	NS1_w9w10	-0.433689494375976	0.17125360381153	72	72	0.0136053519101608	0.0155246302943232
EC.3.5.1.19	Week_and_Consortium	NS1_w9w10	0.458921886871949	0.181808782318568	72	72	0.0138669603690456	0.0158127196303148
EC.1.1.1.28	Week_and_Consortium	NS1_w9w10	0.0947452763184166	0.0376633988926882	72	72	0.0141811988061989	0.0161604049595327
EC.2.3.1.89	Week_and_Consortium	NS1_w9w10	-0.569886862691772	0.229304894372463	72	72	0.0153723806064733	0.0174833054072308
EC.2.5.1.134	Week_and_Consortium	NS1_w9w10	-0.569886862691772	0.229304894372463	72	72	0.0153723806064733	0.0174833054072308
EC.5.1.3.25	Week_and_Consortium	NS1_w9w10	-0.569886862691772	0.229304894372463	72	72	0.0153723806064733	0.0174833054072308
EC.4.2.1.28	Week_and_Consortium	NS1_w9w10	-0.179379922882299	0.0724975454987977	72	72	0.0157769256880381	0.0179316207261943
EC.3.6.3.27	Week_and_Consortium	NS1_w9w10	-0.0793670924588368	0.0321412041248983	72	72	0.0159792609886474	0.0181496724221448
EC.3.4.11.9	Week_and_Consortium	NS1_w9w10	-0.0636050312813736	0.0257747859498773	72	72	0.0160450713732009	0.0182124711783677
EC.6.3.2.8	Week_and_Consortium	NS1_w9w10	0.0906729016609365	0.0368235398466422	72	72	0.0162669923362753	0.0184522698126425
EC.3.6.3.7	Week_and_Consortium	NS1_w9w10	-0.647310521684491	0.263202288797011	72	59	0.0163922775373373	0.0185094797241558
EC.1.1.1.53	Week_and_Consortium	NS1_w9w10	-0.647310521684491	0.263202288797011	72	59	0.0163922775373373	0.0185094797241558
EC.5.5.1.24	Week_and_Consortium	NS1_w9w10	-0.647310521684491	0.263202288797011	72	59	0.0163922775373373	0.0185094797241558
EC.2.1.1.137	Week_and_Consortium	NS1_w9w10	-0.647310521684491	0.263202288797011	72	59	0.0163922775373373	0.0185094797241558
EC.2.7.7.81	Week_and_Consortium	NS1_w9w10	-0.647310521684491	0.263202288797011	72	59	0.0163922775373373	0.0185094797241558
EC.6.2.1.7	Week_and_Consortium	NS1_w9w10	-0.647310521684491	0.263202288797011	72	59	0.0163922775373373	0.0185094797241558
EC.2.4.1.336	Week_and_Consortium	NS1_w9w10	-0.647310521684491	0.263202288797011	72	59	0.0163922775373373	0.0185094797241558
EC.4.1.99.17	Week_and_Consortium	NS1_w9w10	-0.0893189830798166	0.0364357471067556	72	72	0.0167289653455883	0.018877339643555
EC.5.3.3.17	Week_and_Consortium	NS1_w9w10	-0.24182068002749	0.0990215862525836	72	72	0.0171309091728802	0.0193183086503294
EC.2.7.7.41	Week_and_Consortium	NS1_w9w10	-0.0301863732119037	0.0124828342607377	72	72	0.0182012545524043	0.0205119606967525
EC.6.2.1.5	Week_and_Consortium	NS1_w9w10	-0.200688465020354	0.0832910803471291	72	72	0.0186082305101082	0.0209569596701348
EC.6.1.1.17	Week_and_Consortium	NS1_w9w10	-0.0250299086459301	0.0104611326745783	72	72	0.0194139782598225	0.0218501926968483
EC.4.99.1.3	Week_and_Consortium	NS1_w9w10	0.0397430323443158	0.0166593659374209	72	72	0.0197993923910179	0.0222694920265445
EC.2.7.1.219	Week_and_Consortium	NS1_w9w10	-0.222470583911148	0.0939635071709987	72	72	0.0206702679130367	0.0232188408549426
EC.2.7.1.220	Week_and_Consortium	NS1_w9w10	-0.222470583911148	0.0939635071709987	72	72	0.0206702679130367	0.0232188408549426
EC.1.16.3.2	Week_and_Consortium	NS1_w9w10	-0.0725112405007263	0.0309953087020778	72	72	0.0221720228878512	0.0248896054597085
EC.5.4.99.2	Week_and_Consortium	NS1_w9w10	0.0521483117005525	0.0223040827348076	72	72	0.0222471133771517	0.0249573545477501
EC.4.2.1.33	Week_and_Consortium	NS1_w9w10	-0.0222210232017897	0.00950614130260807	72	72	0.0222756284091703	0.0249573545477501
EC.4.2.1.35	Week_and_Consortium	NS1_w9w10	-0.0222210232017897	0.00950614130260807	72	72	0.0222756284091703	0.0249573545477501
EC.2.7.1.22	Week_and_Consortium	NS1_w9w10	-0.230905818872842	0.098786327938093	72	72	0.0223233062915472	0.0249945945605874
EC.3.1.26.11	Week_and_Consortium	NS1_w9w10	0.0830489777888095	0.0360487493664275	72	72	0.024207483223107	0.0270867184610202
EC.2.5.1.31	Week_and_Consortium	NS1_w9w10	-0.022707539740249	0.00992188780880009	72	72	0.0251229220594279	0.0280928798997866
EC.1.14.12.17	Week_and_Consortium	NS1_w9w10	0.455873647372129	0.20015125007278	72	72	0.0258050171250863	0.0288369816936891
EC.5.3.1.4	Week_and_Consortium	NS1_w9w10	0.0815811799661255	0.0359573646941419	72	72	0.026364129224418	0.0294427791532049
EC.3.6.3.21	Week_and_Consortium	NS1_w9w10	0.056037858671203	0.0247856923742019	72	72	0.0268765796157768	0.0299957184493292
EC.2.8.1.2	Week_and_Consortium	NS1_w9w10	-0.191555206328849	0.0850627828922586	72	72	0.0274662705492657	0.0306340942788524
EC.4.1.1.18	Week_and_Consortium	NS1_w9w10	0.267063667893012	0.119709402978383	72	72	0.0288915160111389	0.0322029711624478
EC.5.3.1.28	Week_and_Consortium	NS1_w9w10	0.0790291023069017	0.0357428734409126	72	72	0.0303478504531844	0.0338044589024854
EC.2.2.1.1	Week_and_Consortium	NS1_w9w10	-0.0509017473462577	0.0230525150361471	72	72	0.0305166610102621	0.0339706367902018
EC.3.6.1.45	Week_and_Consortium	NS1_w9w10	-0.0850323864988792	0.0386560222051582	72	72	0.0311307536751766	0.0346319631180789
EC.2.7.7.19	Week_and_Consortium	NS1_w9w10	0.0194401772728838	0.00888572889362721	72	72	0.0320253011706911	0.0356042365616354
EC.2.7.4.1	Week_and_Consortium	NS1_w9w10	-0.0341505822690268	0.0162683229067077	72	72	0.0394063067688017	0.0437819749786878
EC.2.7.1.5	Week_and_Consortium	NS1_w9w10	-0.127917244313923	0.0617906503363663	72	72	0.0421272542426667	0.0467750334150456
EC.2.6.1.77	Week_and_Consortium	NS1_w9w10	0.234343039595121	0.11372078740242	72	72	0.0430504775187028	0.0477388703298363
EC.2.6.1.113	Week_and_Consortium	NS1_w9w10	0.234343039595121	0.11372078740242	72	72	0.0430504775187028	0.0477388703298363
EC.1.11.1.9	Week_and_Consortium	NS1_w9w10	-0.189741936940893	0.0943692402844523	72	72	0.0482723048459897	0.0534951086353445
EC.3.4.21.81	Week_and_Consortium	NS1_w9w10	-0.167702253008828	0.0846289333233568	72	72	0.0514502610781782	0.0569804234973298
EC.4.3.99.4	Week_and_Consortium	NS1_w9w10	-0.192834363819321	0.0974106448507748	72	72	0.0516815678110614	0.0571999960875622
EC.3.5.3.18	Week_and_Consortium	NS1_w9w10	0.376786125583446	0.191638775884492	72	70	0.0532507901746978	0.0588991168002568
EC.2.1.1.192	Week_and_Consortium	NS1_w9w10	-0.0174780724445104	0.00890703951497129	72	72	0.0537065678381044	0.0593653058287093
EC.3.6.3.20	Week_and_Consortium	NS1_w9w10	0.257846453858194	0.131661153154295	72	72	0.0541676203363872	0.0598367267404507
EC.3.1.26.8	Week_and_Consortium	NS1_w9w10	0.159773330890434	0.0824533370388973	72	72	0.056747112635456	0.0626462066147796
EC.2.7.1.24	Week_and_Consortium	NS1_w9w10	0.0670734558831695	0.035004776291409	72	72	0.0594335740318217	0.0655701189605375
EC.2.6.1.66	Week_and_Consortium	NS1_w9w10	0.0463424878865313	0.024353589690221	72	72	0.0611665985182956	0.0674390968376877
EC.2.4.1.180	Week_and_Consortium	NS1_w9w10	0.129836902960331	0.068784132150323	72	72	0.0632850957551409	0.0697304269587198
EC.2.1.1.342	Week_and_Consortium	NS1_w9w10	0.470275087962945	0.249215942498223	72	72	0.0633638750462433	0.0697728166062641
EC.2.7.1.83	Week_and_Consortium	NS1_w9w10	-0.225195733833611	0.120412170943481	72	72	0.0656365120428086	0.072229372120853
EC.2.7.1.15	Week_and_Consortium	NS1_w9w10	0.077692155782271	0.0417281501585689	72	72	0.066820244667743	0.0734852881320605
EC.3.5.2.6	Week_and_Consortium	NS1_w9w10	-0.0369989920718848	0.0198797297927617	72	72	0.0669236326244808	0.0735522590939532
EC.2.4.1.182	Week_and_Consortium	NS1_w9w10	0.0443735750150696	0.0240863000013782	72	72	0.0696704372318271	0.0761360649294777
EC.2.4.99.15	Week_and_Consortium	NS1_w9w10	0.0443735750150696	0.0240863000013782	72	72	0.0696704372318271	0.0761360649294777
EC.2.4.99.14	Week_and_Consortium	NS1_w9w10	0.0443735750150696	0.0240863000013782	72	72	0.0696704372318271	0.0761360649294777
EC.2.4.99.13	Week_and_Consortium	NS1_w9w10	0.0443735750150696	0.0240863000013782	72	72	0.0696704372318271	0.0761360649294777
EC.2.4.99.12	Week_and_Consortium	NS1_w9w10	0.0443735750150696	0.0240863000013782	72	72	0.0696704372318271	0.0761360649294777
EC.2.7.1.130	Week_and_Consortium	NS1_w9w10	0.0443735750150696	0.0240863000013782	72	72	0.0696704372318271	0.0761360649294777
EC.3.5.1.108	Week_and_Consortium	NS1_w9w10	0.0443735750150696	0.0240863000013782	72	72	0.0696704372318271	0.0761360649294777
EC.2.6.99.2	Week_and_Consortium	NS1_w9w10	0.0443735750150696	0.0240863000013782	72	72	0.0696704372318271	0.0761360649294777
EC.2.5.1.90	Week_and_Consortium	NS1_w9w10	0.0443735750150696	0.0240863000013782	72	72	0.0696704372318271	0.0761360649294777
EC.2.1.1.201	Week_and_Consortium	NS1_w9w10	-0.0420921709677504	0.0232552377025149	72	72	0.0745869016818386	0.0814060068166851
EC.2.1.1.163	Week_and_Consortium	NS1_w9w10	-0.0420921709677504	0.0232552377025149	72	72	0.0745869016818386	0.0814060068166851
EC.3.2.1.199	Week_and_Consortium	NS1_w9w10	-0.313897162221685	0.176162224438178	72	72	0.0791085477558626	0.0862866390456195
EC.4.2.1.20	Week_and_Consortium	NS1_w9w10	0.0188717438741776	0.0107247245569762	72	72	0.0828366023313444	0.0902960696697463
EC.2.3.1.247	Week_and_Consortium	NS1_w9w10	0.14095254807914	0.0805588950855228	72	72	0.0845554980861313	0.092111747757768
EC.4.1.1.85	Week_and_Consortium	NS1_w9w10	-0.344310106763968	0.197539928370754	72	72	0.0857265028647932	0.0932700040596838
EC.2.6.1.57	Week_and_Consortium	NS1_w9w10	-0.344310106763968	0.197539928370754	72	72	0.0857265028647932	0.0932700040596838
EC.1.2.1.85	Week_and_Consortium	NS1_w9w10	-0.191541461478778	0.110186745004278	72	72	0.0865487821145219	0.0940464167233128
EC.1.2.1.32	Week_and_Consortium	NS1_w9w10	-0.191541461478778	0.110186745004278	72	72	0.0865487821145219	0.0940464167233128
EC.3.5.4.2	Week_and_Consortium	NS1_w9w10	0.137731663258777	0.0795484018804783	72	72	0.0877823093954955	0.0953269620850707
EC.1.4.1.1	Week_and_Consortium	NS1_w9w10	0.0849219815089363	0.0495890207383758	72	72	0.0912284020662956	0.0990071247503183
EC.4.2.1.7	Week_and_Consortium	NS1_w9w10	-0.0768518728766638	0.0450376569580138	72	72	0.0923683953395182	0.100181511486658
EC.2.2.1.2	Week_and_Consortium	NS1_w9w10	-0.0607675241595	0.0359684445306431	72	72	0.0956417046900593	0.103666744407322
EC.2.3.1.241	Week_and_Consortium	NS1_w9w10	0.0418743214777806	0.0249073248777688	72	72	0.0971800683162388	0.105268271749318
EC.4.2.1.40	Week_and_Consortium	NS1_w9w10	-0.178732999778106	0.1067027952114	72	72	0.0983856836748881	0.106507578762496
EC.6.3.1.5	Week_and_Consortium	NS1_w9w10	-0.269579796737864	0.162261595697907	72	72	0.101170187864227	0.10945349699561
EC.3.5.1.2	Week_and_Consortium	NS1_w9w10	0.05152048461444	0.0311996701823947	72	72	0.103153918998547	0.111529939904113
EC.1.15.1.1	Week_and_Consortium	NS1_w9w10	-0.0199184650499722	0.0121853860474846	72	72	0.106618545316163	0.115203933796678
EC.3.6.1.1	Week_and_Consortium	NS1_w9w10	-0.0693790878182768	0.0426614698504684	72	72	0.108386017206048	0.117040671106468
EC.2.7.1.17	Week_and_Consortium	NS1_w9w10	-0.0643546050231093	0.0395894059311373	72	72	0.108539396434415	0.117133226451354
EC.2.7.7.73	Week_and_Consortium	NS1_w9w10	-0.251646361205684	0.156836262726724	72	72	0.113102910284457	0.12198201726006
EC.2.7.4.3	Week_and_Consortium	NS1_w9w10	-0.0530965369216233	0.033279481710821	72	72	0.11511164698679	0.124071146285264
EC.3.1.3.41	Week_and_Consortium	NS1_w9w10	0.126721639160673	0.0796697176718909	72	72	0.116272034257044	0.1252438651518
EC.2.4.1.12	Week_and_Consortium	NS1_w9w10	-0.3051199511576	0.192243617576797	72	72	0.116985306957187	0.125777370399311
EC.2.7.7.75	Week_and_Consortium	NS1_w9w10	-0.3051199511576	0.192243617576797	72	72	0.116985306957187	0.125777370399311
EC.2.6.1.81	Week_and_Consortium	NS1_w9w10	-0.3051199511576	0.192243617576797	72	72	0.116985306957187	0.125777370399311
EC.3.6.1.13	Week_and_Consortium	NS1_w9w10	-0.0236707193393486	0.0150657772726349	72	72	0.120655403531325	0.129642770647252
EC.4.1.1.15	Week_and_Consortium	NS1_w9w10	-0.0350374820784658	0.0227197074780143	72	72	0.127542984925234	0.136958378973685
EC.4.1.1.17	Week_and_Consortium	NS1_w9w10	0.288141475375531	0.196797206938623	72	72	0.147628414792643	0.158428261628062
EC.2.6.1.55	Week_and_Consortium	NS1_w9w10	0.162183895159756	0.111703104648602	72	72	0.15099153716851	0.161937020346153
EC.1.6.5.3	Week_and_Consortium	NS1_w9w10	0.0394560114892521	0.0274847443122443	72	72	0.15558104248675	0.166755903742765
EC.1.17.99.7	Week_and_Consortium	NS1_w9w10	-0.251907766326042	0.176456858576891	72	72	0.157856454575149	0.169090051280682
EC.1.4.1.26	Week_and_Consortium	NS1_w9w10	-0.119658733179298	0.0839987660254756	72	72	0.158736303764844	0.16982233734051
EC.1.4.1.12	Week_and_Consortium	NS1_w9w10	-0.119658733179298	0.0839987660254756	72	72	0.158736303764844	0.16982233734051
EC.1.8.5.5	Week_and_Consortium	NS1_w9w10	-0.466064726196885	0.327819502897958	72	70	0.159550323354346	0.170587776236179
EC.2.8.1.8	Week_and_Consortium	NS1_w9w10	0.033028509934007	0.0236261741540204	72	72	0.166538486264237	0.177949456619379
EC.2.3.2.6	Week_and_Consortium	NS1_w9w10	0.0580746948622828	0.0428904970868665	72	72	0.180084552458041	0.192304972427433
EC.1.1.1.100	Week_and_Consortium	NS1_w9w10	-0.0262261349232911	0.0195739716833633	72	72	0.184628389427012	0.197035599320689
EC.1.3.1.10	Week_and_Consortium	NS1_w9w10	0.0315334938424957	0.0236333910139056	72	72	0.18643747557707	0.198843666188483
EC.2.7.1.89	Week_and_Consortium	NS1_w9w10	-0.281446360435189	0.219062317338946	72	72	0.20310526610378	0.216487201739929
EC.1.1.1.40	Week_and_Consortium	NS1_w9w10	0.0307525174776209	0.0243481248925279	72	72	0.210767781720655	0.224378247329922
EC.1.8.1.8	Week_and_Consortium	NS1_w9w10	0.0307525174776209	0.0243481248925279	72	72	0.210767781720655	0.224378247329922
EC.2.8.3.9	Week_and_Consortium	NS1_w9w10	0.0991405583963771	0.0807132328157913	72	72	0.22344596768027	0.237728930580545
EC.4.1.2.17	Week_and_Consortium	NS1_w9w10	0.102269171864186	0.0861411870025607	72	72	0.239151239956169	0.254281815948481
EC.1.1.1.85	Week_and_Consortium	NS1_w9w10	-0.00921454645929841	0.00777042856269016	72	72	0.239692096236687	0.254700441120752
EC.5.1.2.1	Week_and_Consortium	NS1_w9w10	0.120462462626023	0.102199099292258	72	72	0.242507327168315	0.257533854802671
EC.2.1.1.184	Week_and_Consortium	NS1_w9w10	-0.0775543755898998	0.0664127393689698	72	72	0.246864352271473	0.262000118811723
EC.3.2.2.10	Week_and_Consortium	NS1_w9w10	-0.0267745270665483	0.0231974370370092	72	72	0.252342743281352	0.267650299399522
EC.4.2.1.41	Week_and_Consortium	NS1_w9w10	0.0686327750946423	0.060976528790374	72	72	0.264195937052253	0.280050928988028
EC.2.1.2.11	Week_and_Consortium	NS1_w9w10	-0.0256221199304972	0.0228632477842167	72	72	0.266259132002111	0.281892695715996
EC.6.3.2.1	Week_and_Consortium	NS1_w9w10	-0.0256221199304972	0.0228632477842167	72	72	0.266259132002111	0.281892695715996
EC.2.4.2.21	Week_and_Consortium	NS1_w9w10	0.0245919913054177	0.0219611088525617	72	72	0.266627687230581	0.282110346330156
EC.3.1.3.48	Week_and_Consortium	NS1_w9w10	0.0239996583498475	0.0215050568161729	72	72	0.268238229683955	0.28364103578676
EC.2.7.1.35	Week_and_Consortium	NS1_w9w10	0.0389456522726732	0.0350675679646282	72	72	0.270545695360137	0.285906348393405
EC.1.8.7.1	Week_and_Consortium	NS1_w9w10	0.323536206530319	0.306568889476502	72	72	0.29494670304706	0.311312648155159
EC.1.7.7.1	Week_and_Consortium	NS1_w9w10	0.323536206530319	0.306568889476502	72	72	0.29494670304706	0.311312648155159
EC.6.3.4.6	Week_and_Consortium	NS1_w9w10	0.0999206816770399	0.0949646338032874	72	72	0.296331825833557	0.312203524356596
EC.4.2.1.70	Week_and_Consortium	NS1_w9w10	0.0999206816770399	0.0949646338032874	72	72	0.296331825833557	0.312203524356596
EC.3.1.3.89	Week_and_Consortium	NS1_w9w10	0.0999206816770399	0.0949646338032874	72	72	0.296331825833557	0.312203524356596
EC.1.1.1.284	Week_and_Consortium	NS1_w9w10	0.104914882212034	0.100808779908151	72	72	0.301631169525433	0.317593402949225
EC.5.3.1.3	Week_and_Consortium	NS1_w9w10	0.0189903260055224	0.0184318683993015	72	72	0.306416735095904	0.322240199544964
EC.5.3.1.25	Week_and_Consortium	NS1_w9w10	0.0189903260055224	0.0184318683993015	72	72	0.306416735095904	0.322240199544964
EC.4.2.1.11	Week_and_Consortium	NS1_w9w10	-0.0208431604674034	0.0203488871192406	72	72	0.309225115803712	0.324996159961278
EC.1.2.1.87	Week_and_Consortium	NS1_w9w10	-0.0970373719258909	0.0967279401319579	72	72	0.319220184561072	0.335297414730107
EC.3.6.1.66	Week_and_Consortium	NS1_w9w10	0.0138664596575303	0.0138322109653116	72	72	0.319566594942419	0.33545771731069
EC.3.5.1.24	Week_and_Consortium	NS1_w9w10	0.0376429993502755	0.0379348329806972	72	72	0.324465616211085	0.340393928279629
EC.5.3.1.8	Week_and_Consortium	NS1_w9w10	0.00961657082811441	0.0100243936297572	72	72	0.340700956037297	0.357209784918571
EC.4.1.1.36	Week_and_Consortium	NS1_w9w10	0.0164195239877087	0.0178324748902422	72	72	0.360335404119296	0.377566939788439
EC.3.6.1.3	Week_and_Consortium	NS1_w9w10	-0.057710124632101	0.0658425224257051	72	72	0.383763277297901	0.401871889293809
EC.6.3.5.4	Week_and_Consortium	NS1_w9w10	-0.0312051960343787	0.0368154166249178	72	72	0.399542866923829	0.41814310921714
EC.2.5.1.15	Week_and_Consortium	NS1_w9w10	0.0111233488769533	0.0132944875101041	72	72	0.405614802436839	0.424241222367473
EC.1.3.1.34	Week_and_Consortium	NS1_w9w10	0.11084882019842	0.134752575974543	72	72	0.413523261657241	0.43225167024679
EC.3.1.26.12	Week_and_Consortium	NS1_w9w10	0.140290849893663	0.176584302293993	72	72	0.429607447941271	0.44798222432912
EC.2.7.7.59	Week_and_Consortium	NS1_w9w10	0.140290849893663	0.176584302293993	72	72	0.429607447941271	0.44798222432912
EC.2.7.7.89	Week_and_Consortium	NS1_w9w10	0.140290849893663	0.176584302293993	72	72	0.429607447941271	0.44798222432912
EC.2.7.7.42	Week_and_Consortium	NS1_w9w10	0.140290849893663	0.176584302293993	72	72	0.429607447941271	0.44798222432912
EC.2.5.1.49	Week_and_Consortium	NS1_w9w10	-0.00694167994960647	0.0087699707013203	72	72	0.431309747338194	0.449486557882248
EC.1.1.1.42	Week_and_Consortium	NS1_w9w10	0.00867526498438845	0.0113645761195445	72	72	0.447813765810961	0.46640531204499
EC.3.11.1.1	Week_and_Consortium	NS1_w9w10	0.0319809941513007	0.0435252013127935	72	72	0.464934299498379	0.483945443434573
EC.1.2.1.39	Week_and_Consortium	NS1_w9w10	-0.0686254906539847	0.100091913765002	72	72	0.495245832823781	0.514877199169949
EC.1.2.1.60	Week_and_Consortium	NS1_w9w10	-0.0686254906539847	0.100091913765002	72	72	0.495245832823781	0.514877199169949
EC.2.7.7.77	Week_and_Consortium	NS1_w9w10	0.137714065851472	0.202593846978768	72	72	0.498901796275342	0.518366752312495
EC.2.4.2.4	Week_and_Consortium	NS1_w9w10	-0.0565693970700584	0.0851597941447551	72	72	0.508697537869008	0.52822761730729
EC.3.6.3.12	Week_and_Consortium	NS1_w9w10	0.0235937933686229	0.0358221146937377	72	72	0.512289123938851	0.531638173584024
EC.3.6.3.2	Week_and_Consortium	NS1_w9w10	-0.041881972632095	0.0712397643683586	72	72	0.558490252122505	0.579237043992844
EC.2.3.1.204	Week_and_Consortium	NS1_w9w10	0.125689757971931	0.222794751435168	72	72	0.574480686304659	0.595464711373272
EC.2.1.1.74	Week_and_Consortium	NS1_w9w10	-0.0433180663337337	0.0770704690267519	72	72	0.575897510792462	0.596576056960953
EC.2.7.1.55	Week_and_Consortium	NS1_w9w10	-0.0851360638706481	0.155446935379881	72	72	0.585649907861927	0.606315783797246
EC.4.1.3.27	Week_and_Consortium	NS1_w9w10	-0.0112565742183759	0.0209153446869641	72	72	0.592148333581487	0.61267708632968
EC.4.4.1.1	Week_and_Consortium	NS1_w9w10	-0.0942076469949898	0.177065393168718	72	72	0.596400194036802	0.61670772752551
EC.3.1.3.18	Week_and_Consortium	NS1_w9w10	-0.0123665093324641	0.0233202423430838	72	72	0.597588579195526	0.617567660052212
EC.3.4.23.49	Week_and_Consortium	NS1_w9w10	0.104544288275709	0.202062324367292	72	72	0.606517638911522	0.626047723885417
EC.1.1.1.122	Week_and_Consortium	NS1_w9w10	-0.0740424064164936	0.143045770451411	72	72	0.606360013917533	0.626047723885417
EC.2.5.1.55	Week_and_Consortium	NS1_w9w10	-0.0139141249581362	0.0271430177911343	72	72	0.609829173825904	0.629090762748892
EC.2.1.1.10	Week_and_Consortium	NS1_w9w10	0.0569414458298507	0.112346258846803	72	72	0.613860809213187	0.632872579361541
EC.2.7.1.49	Week_and_Consortium	NS1_w9w10	-0.00671737889054498	0.013406784239738	72	72	0.617912644589024	0.636291961798692
EC.2.7.4.7	Week_and_Consortium	NS1_w9w10	-0.00671737889054498	0.013406784239738	72	72	0.617912644589024	0.636291961798692
EC.3.1.1.3	Week_and_Consortium	NS1_w9w10	0.0467766208437105	0.10120449113127	72	72	0.645371974807293	0.664172941968742
EC.3.5.1.32	Week_and_Consortium	NS1_w9w10	-0.114687412764272	0.249215942494784	72	72	0.646824254296396	0.665272004864564
EC.1.17.1.10	Week_and_Consortium	NS1_w9w10	-0.0406146499780072	0.0887043705265035	72	72	0.648467373031224	0.666565927979245
EC.2.6.1.88	Week_and_Consortium	NS1_w9w10	0.0872546947195903	0.196356254830657	72	72	0.65814641979855	0.671728450867506
EC.2.3.1.251	Week_and_Consortium	NS1_w9w10	0.0872546947195903	0.196356254830657	72	72	0.65814641979855	0.671728450867506
EC.3.4.19.13	Week_and_Consortium	NS1_w9w10	0.0872546947195903	0.196356254830657	72	72	0.65814641979855	0.671728450867506
EC.2.3.2.2	Week_and_Consortium	NS1_w9w10	0.0872546947195903	0.196356254830657	72	72	0.65814641979855	0.671728450867506
EC.3.1.21.1	Week_and_Consortium	NS1_w9w10	0.0872546947195903	0.196356254830657	72	72	0.65814641979855	0.671728450867506
EC.3.1.2.23	Week_and_Consortium	NS1_w9w10	0.0872546947195903	0.196356254830657	72	72	0.65814641979855	0.671728450867506
EC.2.1.1.166	Week_and_Consortium	NS1_w9w10	0.0872546947195903	0.196356254830657	72	72	0.65814641979855	0.671728450867506
EC.2.8.1.12	Week_and_Consortium	NS1_w9w10	0.0872546947195903	0.196356254830657	72	72	0.65814641979855	0.671728450867506
EC.3.6.1.41	Week_and_Consortium	NS1_w9w10	0.0872546947195903	0.196356254830657	72	72	0.65814641979855	0.671728450867506
EC.3.1.13.1	Week_and_Consortium	NS1_w9w10	0.0872546947195903	0.196356254830657	72	72	0.65814641979855	0.671728450867506
EC.3.1.11.1	Week_and_Consortium	NS1_w9w10	0.0872546947195903	0.196356254830657	72	72	0.65814641979855	0.671728450867506
EC.2.1.1.298	Week_and_Consortium	NS1_w9w10	0.0872546947195903	0.196356254830657	72	72	0.65814641979855	0.671728450867506
EC.1.5.1.5	Week_and_Consortium	NS1_w9w10	0.00404938276057972	0.00934521328390028	72	72	0.666121274249041	0.679067094066601
EC.3.5.4.9	Week_and_Consortium	NS1_w9w10	0.00404938276057972	0.00934521328390028	72	72	0.666121274249041	0.679067094066601
EC.6.3.2.5	Week_and_Consortium	NS1_w9w10	0.00769105396366898	0.0177784223108222	72	72	0.66663086519364	0.679186596615769
EC.4.1.1.96	Week_and_Consortium	NS1_w9w10	0.00992426835688671	0.0232199870589847	72	72	0.670398468887806	0.682623382143995
EC.1.1.1.262	Week_and_Consortium	NS1_w9w10	0.00326776035559883	0.00844001410671642	72	72	0.699801496425984	0.712143674493461
EC.3.1.22.4	Week_and_Consortium	NS1_w9w10	0.00864642256825007	0.0225442242119357	72	72	0.702488036002618	0.714457573631335
EC.1.1.1.88	Week_and_Consortium	NS1_w9w10	0.0298220447004191	0.0822105616620923	72	72	0.717898747892043	0.729702133059968
EC.3.1.3.16	Week_and_Consortium	NS1_w9w10	0.0119018278684883	0.0351374361289108	72	72	0.73583301174113	0.747346414563208
EC.1.8.5.2	Week_and_Consortium	NS1_w9w10	0.0294760232698475	0.0872684390740451	72	72	0.736552849939245	0.747346414563208
EC.2.7.1.1	Week_and_Consortium	NS1_w9w10	0.0294760232698475	0.0872684390740451	72	72	0.736552849939245	0.747346414563208
EC.5.3.2.6	Week_and_Consortium	NS1_w9w10	-0.0494622095877022	0.176998552779629	72	72	0.780723698966123	0.791700482079882
EC.3.4.17.19	Week_and_Consortium	NS1_w9w10	0.0250682455614337	0.0978533409398992	72	72	0.798561832227593	0.809315299523398
EC.3.2.1.35	Week_and_Consortium	NS1_w9w10	0.0108962154152953	0.0429035957103579	72	72	0.800263448845966	0.810565260358319
EC.2.7.7.58	Week_and_Consortium	NS1_w9w10	0.0267869579066122	0.107901377557588	72	72	0.804664668059332	0.814546514860061
EC.4.1.1.31	Week_and_Consortium	NS1_w9w10	-0.0406593308431403	0.164348367476616	72	72	0.805325020712068	0.814738521830854
EC.5.3.3.18	Week_and_Consortium	NS1_w9w10	0.0445486057220793	0.190745275201437	72	72	0.816015809351136	0.825072059571739
EC.6.3.2.9	Week_and_Consortium	NS1_w9w10	-0.00205231555191596	0.00902696862584194	72	72	0.820811364755106	0.829436352826088
EC.3.6.3.17	Week_and_Consortium	NS1_w9w10	-0.0178019778735019	0.0842557296266989	72	72	0.833278747467031	0.841543472500251
EC.3.2.2.23	Week_and_Consortium	NS1_w9w10	-0.00830140456979158	0.0437081636697563	72	72	0.84991523326326	0.857844471591081
EC.3.5.3.6	Week_and_Consortium	NS1_w9w10	-0.0259498135172913	0.141296633505691	72	72	0.85482270659094	0.862294933047154
EC.2.7.1.45	Week_and_Consortium	NS1_w9w10	0.00757358125828817	0.0434540215263287	72	72	0.862141013354398	0.869170701290893
EC.2.4.1.1	Week_and_Consortium	NS1_w9w10	-0.00148691857553314	0.00885773904805887	72	72	0.867172273839424	0.87373411293134
EC.2.5.1.6	Week_and_Consortium	NS1_w9w10	0.00130414729574944	0.00782020868293693	72	72	0.868034727561456	0.874094306811449
EC.4.99.1.9	Week_and_Consortium	NS1_w9w10	0.0291253703146367	0.183904815089678	72	72	0.874619693453637	0.879190876520468
EC.4.99.1.1	Week_and_Consortium	NS1_w9w10	0.0291253703146367	0.183904815089678	72	72	0.874619693453637	0.879190876520468
EC.3.6.3.41	Week_and_Consortium	NS1_w9w10	0.0291253703146367	0.183904815089678	72	72	0.874619693453637	0.879190876520468
EC.4.3.1.3	Week_and_Consortium	NS1_w9w10	-0.00820885902661443	0.0707718778076683	72	72	0.907992259073078	0.912208125627103
EC.3.4.21.50	Week_and_Consortium	NS1_w9w10	0.00996688856500022	0.0929650928453513	72	72	0.914928206199757	0.918643111909384
EC.3.2.1.18	Week_and_Consortium	NS1_w9w10	-0.00492543099266484	0.0491144275900705	72	72	0.920404888440916	0.923606296748536
EC.4.1.1.11	Week_and_Consortium	NS1_w9w10	-0.00199236648275456	0.0232468387788803	72	72	0.931945726303375	0.934645453204602
EC.3.2.1.55	Week_and_Consortium	NS1_w9w10	0.00341984477506029	0.0424971406726744	72	72	0.936091218496711	0.938259351023629
EC.2.3.1.128	Week_and_Consortium	NS1_w9w10	-0.00253559306683236	0.064825928624283	72	72	0.968910941914315	0.97059307896625
EC.1.1.1.31	Week_and_Consortium	NS1_w9w10	-0.00238180753425468	0.0781832428457983	72	72	0.975783358341929	0.976912084031162
EC.1.10.3.14	Week_and_Consortium	NS1_w9w10	0.000602993906612098	0.0243018581548518	72	72	0.980274986632777	0.980841619573027
EC.2.1.1.170	Week_and_Consortium	NS1_w9w10	0.000615531781303302	0.0331607580207299	72	72	0.985243281271762	0.985243281271762
