Sample	0	1	2	3	4	5	6	7	8	9	10	11	12	13	14	15	16	17	18	19	20	21	22	23	24	25	26	27	28	29	30	31	32	33	34	35	36	37	38	39	40	41	42	43	44	45	46	47	48	49	50	51	52	53	54	55	56	57	58	59	60	61	62	63	64	65	66	67	68	69	70	71	72	73	74	75	76	77	78	79	80	81	82	83	84	85	86	87	88	89	90	91	92	93	94	95	96	97	98	99	100
016R_0_F_NS6_week5_S1_L001_R1_001	(0.0, 0.0)	(1.0, 0.0)	(2.0, 0.0)	(3.0, 0.0)	(4.0, 0.0)	(5.0, 0.0)	(6.0, 0.0)	(7.0, 0.0)	(8.0, 0.0)	(9.0, 0.0)	(10.0, 0.0)	(11.0, 0.0)	(12.0, 0.0)	(13.0, 0.0)	(14.0, 0.0)	(15.0, 0.0)	(16.0, 0.0)	(17.0, 0.0)	(18.0, 0.0)	(19.0, 0.0)	(20.0, 0.0)	(21.0, 0.0)	(22.0, 0.0)	(23.0, 0.0)	(24.0, 0.0)	(25.0, 0.0)	(26.0, 0.0)	(27.0, 0.0)	(28.0, 0.3333333333333333)	(29.0, 0.0)	(30.0, 0.0)	(31.0, 0.0)	(32.0, 0.0)	(33.0, 0.0)	(34.0, 0.0)	(35.0, 0.0)	(36.0, 0.0)	(37.0, 0.0)	(38.0, 0.25)	(39.0, 0.3333333333333333)	(40.0, 3.5)	(41.0, 12.333333333333332)	(42.0, 49.416666666666664)	(43.0, 77.16666666666667)	(44.0, 126.66666666666661)	(45.0, 754.4166666666837)	(46.0, 6620.833333331824)	(47.0, 7068.916666664738)	(48.0, 9622.333333332946)	(49.0, 1900.4999999998574)	(50.0, 742.0833333333459)	(51.0, 5813.249999999201)	(52.0, 9197.833333332183)	(53.0, 4998.6666666665915)	(54.0, 1947.0833333331782)	(55.0, 349.58333333333144)	(56.0, 129.49999999999955)	(57.0, 56.250000000000085)	(58.0, 40.24999999999999)	(59.0, 28.66666666666665)	(60.0, 9.833333333333334)	(61.0, 11.000000000000004)	(62.0, 54.333333333333435)	(63.0, 7.83333333333333)	(64.0, 3.0)	(65.0, 3.1666666666666665)	(66.0, 0.8333333333333333)	(67.0, 0.0)	(68.0, 0.0)	(69.0, 0.0)	(70.0, 0.0)	(71.0, 0.0)	(72.0, 0.0)	(73.0, 0.0)	(74.0, 0.0)	(75.0, 0.0)	(76.0, 0.0)	(77.0, 0.0)	(78.0, 0.0)	(79.0, 0.0)	(80.0, 0.0)	(81.0, 0.0)	(82.0, 0.0)	(83.0, 0.0)	(84.0, 0.0)	(85.0, 0.0)	(86.0, 0.0)	(87.0, 0.0)	(88.0, 0.0)	(89.0, 0.0)	(90.0, 0.0)	(91.0, 0.0)	(92.0, 0.0)	(93.0, 0.0)	(94.0, 0.0)	(95.0, 0.0)	(96.0, 0.0)	(97.0, 0.0)	(98.0, 0.0)	(99.0, 0.0)	(100.0, 0.0)
016R_0_F_NS6_week5_S1_L001_R2_001	(0.0, 0.0)	(1.0, 0.0)	(2.0, 0.0)	(3.0, 0.0)	(4.0, 0.0)	(5.0, 0.0)	(6.0, 0.0)	(7.0, 0.0)	(8.0, 0.0)	(9.0, 0.0)	(10.0, 0.0)	(11.0, 0.0)	(12.0, 0.0)	(13.0, 0.0)	(14.0, 0.0)	(15.0, 0.0)	(16.0, 0.0)	(17.0, 0.0)	(18.0, 0.0)	(19.0, 0.0)	(20.0, 0.0)	(21.0, 0.0)	(22.0, 0.0)	(23.0, 0.0)	(24.0, 0.0)	(25.0, 0.0)	(26.0, 0.0)	(27.0, 0.0)	(28.0, 0.3333333333333333)	(29.0, 0.0)	(30.0, 0.0)	(31.0, 0.0)	(32.0, 0.0)	(33.0, 0.0)	(34.0, 0.0)	(35.0, 1.0)	(36.0, 1.0)	(37.0, 1.5)	(38.0, 4.833333333333333)	(39.0, 5.333333333333333)	(40.0, 6.0)	(41.0, 11.166666666666668)	(42.0, 21.166666666666664)	(43.0, 26.499999999999996)	(44.0, 70.50000000000003)	(45.0, 1819.49999999987)	(46.0, 10586.333333334675)	(47.0, 7860.916666664072)	(48.0, 4138.083333333973)	(49.0, 3104.666666666907)	(50.0, 631.4166666666698)	(51.0, 2162.166666666556)	(52.0, 2228.749999999914)	(53.0, 2038.8333333331873)	(54.0, 2844.3333333334613)	(55.0, 1181.1666666666647)	(56.0, 6275.749999998982)	(57.0, 5784.083333332677)	(58.0, 831.7500000000135)	(59.0, 364.1666666666657)	(60.0, 347.66666666666623)	(61.0, 305.9999999999998)	(62.0, 180.66666666666666)	(63.0, 136.16666666666666)	(64.0, 121.66666666666663)	(65.0, 92.66666666666666)	(66.0, 76.0)	(67.0, 77.33333333333334)	(68.0, 61.83333333333334)	(69.0, 42.66666666666667)	(70.0, 34.0)	(71.0, 33.0)	(72.0, 67.16666666666669)	(73.0, 30.16666666666666)	(74.0, 11.333333333333332)	(75.0, 3.833333333333333)	(76.0, 0.8333333333333333)	(77.0, 1.0)	(78.0, 3.0)	(79.0, 2.0)	(80.0, 0.0)	(81.0, 0.6666666666666666)	(82.0, 1.1666666666666665)	(83.0, 0.5)	(84.0, 0.0)	(85.0, 0.0)	(86.0, 0.25)	(87.0, 0.0)	(88.0, 0.0)	(89.0, 0.0)	(90.0, 0.0)	(91.0, 0.3333333333333333)	(92.0, 0.0)	(93.0, 0.0)	(94.0, 0.0)	(95.0, 0.0)	(96.0, 0.0)	(97.0, 0.0)	(98.0, 0.0)	(99.0, 0.0)	(100.0, 0.0)
016R_R_F_NS6_Pellet_week9_S2_L001_R1_001	(0.0, 0.0)	(1.0, 0.0)	(2.0, 0.0)	(3.0, 0.0)	(4.0, 0.0)	(5.0, 0.0)	(6.0, 0.0)	(7.0, 0.0)	(8.0, 0.0)	(9.0, 0.0)	(10.0, 0.0)	(11.0, 0.0)	(12.0, 0.0)	(13.0, 0.0)	(14.0, 0.0)	(15.0, 0.0)	(16.0, 0.0)	(17.0, 0.0)	(18.0, 0.0)	(19.0, 0.0)	(20.0, 0.0)	(21.0, 0.0)	(22.0, 0.0)	(23.0, 0.0)	(24.0, 0.0)	(25.0, 0.0)	(26.0, 0.0)	(27.0, 0.0)	(28.0, 0.0)	(29.0, 0.0)	(30.0, 0.0)	(31.0, 0.25)	(32.0, 0.25)	(33.0, 0.0)	(34.0, 0.0)	(35.0, 0.0)	(36.0, 0.0)	(37.0, 0.3333333333333333)	(38.0, 0.5833333333333333)	(39.0, 0.5)	(40.0, 3.5)	(41.0, 7.083333333333334)	(42.0, 39.08333333333333)	(43.0, 74.25)	(44.0, 134.58333333333331)	(45.0, 616.4166666666697)	(46.0, 5266.833333333027)	(47.0, 8441.833333330844)	(48.0, 15452.58333334347)	(49.0, 2674.000000000093)	(50.0, 957.4166666667016)	(51.0, 4048.5833333340365)	(52.0, 7034.249999998105)	(53.0, 3300.416666667038)	(54.0, 1003.9166666667087)	(55.0, 384.499999999996)	(56.0, 82.49999999999994)	(57.0, 32.0833333333333)	(58.0, 21.41666666666666)	(59.0, 22.666666666666657)	(60.0, 6.999999999999999)	(61.0, 11.166666666666668)	(62.0, 66.16666666666681)	(63.0, 16.00000000000001)	(64.0, 4.5)	(65.0, 4.333333333333334)	(66.0, 2.333333333333333)	(67.0, 0.5)	(68.0, 0.0)	(69.0, 0.0)	(70.0, 0.0)	(71.0, 0.0)	(72.0, 0.0)	(73.0, 0.0)	(74.0, 0.0)	(75.0, 0.0)	(76.0, 0.0)	(77.0, 0.0)	(78.0, 0.0)	(79.0, 0.0)	(80.0, 0.0)	(81.0, 0.0)	(82.0, 0.0)	(83.0, 0.0)	(84.0, 0.0)	(85.0, 0.0)	(86.0, 0.0)	(87.0, 0.0)	(88.0, 0.0)	(89.0, 0.0)	(90.0, 0.0)	(91.0, 0.0)	(92.0, 0.0)	(93.0, 0.0)	(94.0, 0.0)	(95.0, 0.0)	(96.0, 0.0)	(97.0, 0.0)	(98.0, 0.0)	(99.0, 0.0)	(100.0, 0.0)
016R_R_F_NS6_Pellet_week9_S2_L001_R2_001	(0.0, 0.0)	(1.0, 0.0)	(2.0, 0.0)	(3.0, 0.0)	(4.0, 0.0)	(5.0, 0.0)	(6.0, 0.0)	(7.0, 0.0)	(8.0, 0.0)	(9.0, 0.0)	(10.0, 0.0)	(11.0, 0.0)	(12.0, 0.0)	(13.0, 0.0)	(14.0, 0.0)	(15.0, 0.0)	(16.0, 0.0)	(17.0, 0.0)	(18.0, 0.0)	(19.0, 0.0)	(20.0, 0.0)	(21.0, 0.0)	(22.0, 0.0)	(23.0, 0.0)	(24.0, 0.0)	(25.0, 0.0)	(26.0, 0.0)	(27.0, 0.0)	(28.0, 0.0)	(29.0, 0.0)	(30.0, 0.0)	(31.0, 0.0)	(32.0, 0.0)	(33.0, 0.0)	(34.0, 0.0)	(35.0, 0.0)	(36.0, 1.0)	(37.0, 2.5)	(38.0, 3.5)	(39.0, 4.0)	(40.0, 3.5)	(41.0, 6.5)	(42.0, 18.833333333333332)	(43.0, 32.49999999999999)	(44.0, 69.16666666666667)	(45.0, 1210.3333333333367)	(46.0, 9598.999999999567)	(47.0, 10959.50000000196)	(48.0, 8943.333333331813)	(49.0, 5197.999999999782)	(50.0, 814.583333333348)	(51.0, 2270.666666666599)	(52.0, 2330.9999999999413)	(53.0, 1930.5833333332228)	(54.0, 2794.0833333334317)	(55.0, 926.5833333333501)	(56.0, 3736.666666667127)	(57.0, 3893.666666667192)	(58.0, 599.3333333333355)	(59.0, 296.9999999999999)	(60.0, 225.41666666666683)	(61.0, 173.33333333333337)	(62.0, 127.49999999999994)	(63.0, 108.49999999999999)	(64.0, 87.66666666666666)	(65.0, 70.0)	(66.0, 60.16666666666667)	(67.0, 61.50000000000001)	(68.0, 55.5)	(69.0, 38.5)	(70.0, 28.666666666666668)	(71.0, 28.33333333333333)	(72.0, 57.3333333333334)	(73.0, 20.0)	(74.0, 6.833333333333334)	(75.0, 2.5)	(76.0, 1.5)	(77.0, 1.5)	(78.0, 1.5)	(79.0, 0.5)	(80.0, 0.0)	(81.0, 0.0)	(82.0, 0.0)	(83.0, 0.0)	(84.0, 0.0)	(85.0, 0.0)	(86.0, 0.0)	(87.0, 0.0)	(88.0, 0.0)	(89.0, 0.0)	(90.0, 0.0)	(91.0, 0.0)	(92.0, 0.0)	(93.0, 0.0)	(94.0, 0.0)	(95.0, 0.0)	(96.0, 0.0)	(97.0, 0.0)	(98.0, 0.0)	(99.0, 0.5833333333333333)	(100.0, 0.3333333333333333)
073R_R_M_S2_Pellet_week9_S61_L001_R1_001	(0.0, 0.0)	(1.0, 0.0)	(2.0, 0.0)	(3.0, 0.0)	(4.0, 0.0)	(5.0, 0.0)	(6.0, 0.0)	(7.0, 0.0)	(8.0, 0.0)	(9.0, 0.0)	(10.0, 0.0)	(11.0, 0.0)	(12.0, 0.0)	(13.0, 0.0)	(14.0, 0.0)	(15.0, 0.0)	(16.0, 0.0)	(17.0, 0.0)	(18.0, 0.0)	(19.0, 0.0)	(20.0, 0.0)	(21.0, 0.0)	(22.0, 0.0)	(23.0, 0.0)	(24.0, 0.0)	(25.0, 0.0)	(26.0, 0.0)	(27.0, 0.0)	(28.0, 0.0)	(29.0, 0.0)	(30.0, 0.0)	(31.0, 0.0)	(32.0, 0.0)	(33.0, 0.0)	(34.0, 0.0)	(35.0, 0.25)	(36.0, 0.5)	(37.0, 0.5)	(38.0, 0.25)	(39.0, 0.3333333333333333)	(40.0, 0.6666666666666666)	(41.0, 3.9166666666666665)	(42.0, 11.833333333333332)	(43.0, 29.916666666666668)	(44.0, 124.66666666666664)	(45.0, 214.00000000000017)	(46.0, 454.7499999999937)	(47.0, 17368.166666674922)	(48.0, 19234.416666668247)	(49.0, 5245.749999999711)	(50.0, 5053.333333333211)	(51.0, 11679.416666669933)	(52.0, 15507.750000010115)	(53.0, 5507.499999999495)	(54.0, 1420.5833333332932)	(55.0, 460.4999999999925)	(56.0, 148.83333333333314)	(57.0, 62.33333333333345)	(58.0, 88.74999999999989)	(59.0, 79.91666666666663)	(60.0, 16.666666666666668)	(61.0, 8.999999999999998)	(62.0, 19.333333333333332)	(63.0, 4.0)	(64.0, 1.6666666666666665)	(65.0, 1.3333333333333333)	(66.0, 1.5)	(67.0, 0.5)	(68.0, 0.0)	(69.0, 0.0)	(70.0, 0.0)	(71.0, 0.0)	(72.0, 0.0)	(73.0, 0.0)	(74.0, 0.0)	(75.0, 0.0)	(76.0, 0.0)	(77.0, 0.0)	(78.0, 0.0)	(79.0, 0.0)	(80.0, 0.0)	(81.0, 0.0)	(82.0, 0.0)	(83.0, 0.0)	(84.0, 0.0)	(85.0, 0.0)	(86.0, 0.0)	(87.0, 0.0)	(88.0, 0.0)	(89.0, 0.0)	(90.0, 0.0)	(91.0, 0.0)	(92.0, 0.0)	(93.0, 0.0)	(94.0, 0.0)	(95.0, 0.0)	(96.0, 0.0)	(97.0, 0.0)	(98.0, 0.0)	(99.0, 0.0)	(100.0, 0.0)
073R_R_M_S2_Pellet_week9_S61_L001_R2_001	(0.0, 0.0)	(1.0, 0.0)	(2.0, 0.0)	(3.0, 0.0)	(4.0, 0.0)	(5.0, 0.0)	(6.0, 0.0)	(7.0, 0.0)	(8.0, 0.0)	(9.0, 0.0)	(10.0, 0.0)	(11.0, 0.0)	(12.0, 0.0)	(13.0, 0.0)	(14.0, 0.0)	(15.0, 0.0)	(16.0, 0.0)	(17.0, 0.0)	(18.0, 0.0)	(19.0, 0.0)	(20.0, 0.0)	(21.0, 0.0)	(22.0, 0.0)	(23.0, 0.0)	(24.0, 0.0)	(25.0, 0.0)	(26.0, 0.0)	(27.0, 0.3333333333333333)	(28.0, 1.0)	(29.0, 0.3333333333333333)	(30.0, 0.3333333333333333)	(31.0, 0.5)	(32.0, 1.8333333333333333)	(33.0, 1.3333333333333333)	(34.0, 0.5)	(35.0, 0.5)	(36.0, 1.0)	(37.0, 2.5)	(38.0, 4.666666666666666)	(39.0, 7.5)	(40.0, 11.5)	(41.0, 17.0)	(42.0, 26.166666666666668)	(43.0, 31.833333333333325)	(44.0, 67.08333333333339)	(45.0, 2076.7499999998295)	(46.0, 16433.833333345017)	(47.0, 9656.33333333303)	(48.0, 2070.7499999998504)	(49.0, 1009.3333333333612)	(50.0, 789.6666666666778)	(51.0, 3100.00000000023)	(52.0, 3906.750000000554)	(53.0, 7132.749999998251)	(54.0, 6029.666666665861)	(55.0, 1696.1666666666188)	(56.0, 10214.083333333667)	(57.0, 10840.083333334753)	(58.0, 1610.4999999999502)	(59.0, 684.5000000000033)	(60.0, 535.6666666666656)	(61.0, 452.9166666666654)	(62.0, 323.41666666666663)	(63.0, 251.0000000000001)	(64.0, 223.33333333333366)	(65.0, 171.00000000000003)	(66.0, 155.41666666666666)	(67.0, 128.83333333333334)	(68.0, 92.33333333333334)	(69.0, 71.0)	(70.0, 63.333333333333336)	(71.0, 57.66666666666667)	(72.0, 47.83333333333335)	(73.0, 19.499999999999996)	(74.0, 11.166666666666666)	(75.0, 11.833333333333334)	(76.0, 6.0)	(77.0, 3.0)	(78.0, 1.5)	(79.0, 1.3333333333333333)	(80.0, 1.0)	(81.0, 0.5)	(82.0, 0.5)	(83.0, 0.0)	(84.0, 0.0)	(85.0, 0.5)	(86.0, 1.0)	(87.0, 0.8333333333333333)	(88.0, 0.3333333333333333)	(89.0, 0.5)	(90.0, 0.5)	(91.0, 0.0)	(92.0, 0.0)	(93.0, 0.5)	(94.0, 0.5)	(95.0, 0.0)	(96.0, 0.5)	(97.0, 0.5)	(98.0, 0.3333333333333333)	(99.0, 0.0)	(100.0, 0.0)
073R_R_M_S2_diabetes_S7_L001_R1_001	(0.0, 0.0)	(1.0, 0.0)	(2.0, 0.0)	(3.0, 0.0)	(4.0, 0.0)	(5.0, 0.0)	(6.0, 0.0)	(7.0, 0.0)	(8.0, 0.0)	(9.0, 0.0)	(10.0, 0.0)	(11.0, 0.0)	(12.0, 0.0)	(13.0, 0.0)	(14.0, 0.0)	(15.0, 0.0)	(16.0, 0.0)	(17.0, 0.0)	(18.0, 0.0)	(19.0, 0.0)	(20.0, 0.0)	(21.0, 0.0)	(22.0, 0.0)	(23.0, 0.0)	(24.0, 0.0)	(25.0, 0.0)	(26.0, 0.0)	(27.0, 0.0)	(28.0, 0.25)	(29.0, 0.25)	(30.0, 0.0)	(31.0, 0.0)	(32.0, 0.0)	(33.0, 0.0)	(34.0, 0.25)	(35.0, 0.25)	(36.0, 0.0)	(37.0, 0.0)	(38.0, 0.0)	(39.0, 0.0)	(40.0, 0.5)	(41.0, 0.5)	(42.0, 5.583333333333333)	(43.0, 22.833333333333336)	(44.0, 97.25)	(45.0, 154.16666666666669)	(46.0, 384.8333333333287)	(47.0, 14357.58333334147)	(48.0, 15149.91666667624)	(49.0, 2971.250000000222)	(50.0, 3022.7500000002456)	(51.0, 5631.499999999365)	(52.0, 9573.499999999533)	(53.0, 5362.083333332941)	(54.0, 1082.250000000031)	(55.0, 311.33333333333303)	(56.0, 100.16666666666642)	(57.0, 42.500000000000014)	(58.0, 39.41666666666668)	(59.0, 33.33333333333331)	(60.0, 14.166666666666673)	(61.0, 6.166666666666665)	(62.0, 12.83333333333334)	(63.0, 1.9999999999999998)	(64.0, 0.3333333333333333)	(65.0, 1.0)	(66.0, 0.3333333333333333)	(67.0, 0.0)	(68.0, 0.0)	(69.0, 0.0)	(70.0, 0.0)	(71.0, 0.0)	(72.0, 0.0)	(73.0, 0.0)	(74.0, 0.0)	(75.0, 0.0)	(76.0, 0.0)	(77.0, 0.0)	(78.0, 0.0)	(79.0, 0.0)	(80.0, 0.0)	(81.0, 0.0)	(82.0, 0.0)	(83.0, 0.0)	(84.0, 0.0)	(85.0, 0.0)	(86.0, 0.0)	(87.0, 0.0)	(88.0, 0.0)	(89.0, 0.0)	(90.0, 0.0)	(91.0, 0.0)	(92.0, 0.0)	(93.0, 0.0)	(94.0, 0.0)	(95.0, 0.0)	(96.0, 0.0)	(97.0, 0.0)	(98.0, 0.0)	(99.0, 0.0)	(100.0, 0.0)
073R_R_M_S2_diabetes_S7_L001_R2_001	(0.0, 0.0)	(1.0, 0.0)	(2.0, 0.0)	(3.0, 0.0)	(4.0, 0.0)	(5.0, 0.0)	(6.0, 0.0)	(7.0, 0.0)	(8.0, 0.0)	(9.0, 0.0)	(10.0, 0.0)	(11.0, 0.0)	(12.0, 0.0)	(13.0, 0.0)	(14.0, 0.0)	(15.0, 0.0)	(16.0, 0.0)	(17.0, 0.0)	(18.0, 0.0)	(19.0, 0.0)	(20.0, 0.0)	(21.0, 0.0)	(22.0, 0.0)	(23.0, 0.0)	(24.0, 0.0)	(25.0, 0.0)	(26.0, 0.0)	(27.0, 0.0)	(28.0, 0.3333333333333333)	(29.0, 0.0)	(30.0, 0.0)	(31.0, 0.0)	(32.0, 0.0)	(33.0, 0.5)	(34.0, 1.3333333333333333)	(35.0, 0.5)	(36.0, 0.0)	(37.0, 1.0)	(38.0, 2.333333333333333)	(39.0, 2.1666666666666665)	(40.0, 2.333333333333333)	(41.0, 5.5)	(42.0, 12.0)	(43.0, 24.66666666666666)	(44.0, 61.00000000000011)	(45.0, 2263.499999999917)	(46.0, 13802.666666673826)	(47.0, 6276.499999998796)	(48.0, 1144.1666666666824)	(49.0, 634.7500000000025)	(50.0, 563.7499999999991)	(51.0, 3131.1666666669157)	(52.0, 4007.0000000006194)	(53.0, 5152.4999999998445)	(54.0, 4339.75000000044)	(55.0, 1192.8333333333337)	(56.0, 4954.166666666708)	(57.0, 5010.249999999943)	(58.0, 825.4166666666789)	(59.0, 401.9999999999987)	(60.0, 322.6666666666662)	(61.0, 266.83333333333354)	(62.0, 187.5)	(63.0, 146.3333333333334)	(64.0, 129.66666666666666)	(65.0, 98.83333333333331)	(66.0, 75.16666666666667)	(67.0, 71.16666666666666)	(68.0, 59.00000000000001)	(69.0, 41.666666666666664)	(70.0, 37.83333333333333)	(71.0, 32.5)	(72.0, 26.83333333333333)	(73.0, 15.666666666666668)	(74.0, 6.333333333333333)	(75.0, 3.833333333333333)	(76.0, 5.0)	(77.0, 3.5)	(78.0, 1.3333333333333333)	(79.0, 1.0)	(80.0, 1.5)	(81.0, 1.5)	(82.0, 1.3333333333333333)	(83.0, 1.5)	(84.0, 1.0)	(85.0, 0.0)	(86.0, 0.0)	(87.0, 0.0)	(88.0, 1.0)	(89.0, 1.3333333333333333)	(90.0, 0.3333333333333333)	(91.0, 0.0)	(92.0, 0.0)	(93.0, 0.0)	(94.0, 0.0)	(95.0, 0.0)	(96.0, 0.0)	(97.0, 0.5)	(98.0, 0.5)	(99.0, 0.0)	(100.0, 0.0)
073R_R_M_S2_week5_S33_L001_R1_001	(0.0, 0.0)	(1.0, 0.0)	(2.0, 0.0)	(3.0, 0.0)	(4.0, 0.0)	(5.0, 0.0)	(6.0, 0.0)	(7.0, 0.0)	(8.0, 0.0)	(9.0, 0.0)	(10.0, 0.0)	(11.0, 0.0)	(12.0, 0.0)	(13.0, 0.0)	(14.0, 0.0)	(15.0, 0.0)	(16.0, 0.0)	(17.0, 0.0)	(18.0, 0.0)	(19.0, 0.0)	(20.0, 0.0)	(21.0, 0.0)	(22.0, 0.0)	(23.0, 0.0)	(24.0, 0.0)	(25.0, 0.0)	(26.0, 0.0)	(27.0, 0.0)	(28.0, 0.0)	(29.0, 0.0)	(30.0, 0.0)	(31.0, 0.0)	(32.0, 0.0)	(33.0, 0.0)	(34.0, 0.3333333333333333)	(35.0, 0.3333333333333333)	(36.0, 0.5)	(37.0, 1.0)	(38.0, 0.0)	(39.0, 0.0)	(40.0, 0.3333333333333333)	(41.0, 1.4166666666666665)	(42.0, 3.916666666666667)	(43.0, 16.833333333333332)	(44.0, 71.25000000000001)	(45.0, 110.9999999999999)	(46.0, 222.25000000000153)	(47.0, 10839.083333335153)	(48.0, 12029.33333333728)	(49.0, 2430.083333333319)	(50.0, 2885.2500000001824)	(51.0, 13876.583333340575)	(52.0, 16645.91666667742)	(53.0, 4885.750000000022)	(54.0, 1444.9166666666204)	(55.0, 377.9166666666632)	(56.0, 138.33333333333297)	(57.0, 56.50000000000008)	(58.0, 92.33333333333314)	(59.0, 90.7499999999998)	(60.0, 19.166666666666664)	(61.0, 6.999999999999998)	(62.0, 22.74999999999999)	(63.0, 3.5000000000000004)	(64.0, 3.166666666666667)	(65.0, 2.6666666666666665)	(66.0, 1.0)	(67.0, 0.0)	(68.0, 0.0)	(69.0, 0.0)	(70.0, 0.0)	(71.0, 0.0)	(72.0, 0.0)	(73.0, 0.0)	(74.0, 0.0)	(75.0, 0.0)	(76.0, 0.0)	(77.0, 0.0)	(78.0, 0.0)	(79.0, 0.0)	(80.0, 0.0)	(81.0, 0.0)	(82.0, 0.0)	(83.0, 0.0)	(84.0, 0.0)	(85.0, 0.0)	(86.0, 0.0)	(87.0, 0.0)	(88.0, 0.0)	(89.0, 0.0)	(90.0, 0.0)	(91.0, 0.0)	(92.0, 0.0)	(93.0, 0.0)	(94.0, 0.0)	(95.0, 0.0)	(96.0, 0.0)	(97.0, 0.0)	(98.0, 0.0)	(99.0, 0.0)	(100.0, 0.0)
073R_R_M_S2_week5_S33_L001_R2_001	(0.0, 0.0)	(1.0, 0.0)	(2.0, 0.0)	(3.0, 0.0)	(4.0, 0.0)	(5.0, 0.0)	(6.0, 0.0)	(7.0, 0.0)	(8.0, 0.0)	(9.0, 0.0)	(10.0, 0.0)	(11.0, 0.0)	(12.0, 0.0)	(13.0, 0.0)	(14.0, 0.0)	(15.0, 0.0)	(16.0, 0.0)	(17.0, 0.0)	(18.0, 0.0)	(19.0, 0.0)	(20.0, 0.0)	(21.0, 0.0)	(22.0, 0.0)	(23.0, 0.0)	(24.0, 0.0)	(25.0, 0.0)	(26.0, 0.0)	(27.0, 0.0)	(28.0, 0.0)	(29.0, 0.5)	(30.0, 0.5)	(31.0, 0.5)	(32.0, 1.0)	(33.0, 0.5)	(34.0, 0.0)	(35.0, 0.6666666666666666)	(36.0, 0.8333333333333333)	(37.0, 2.0)	(38.0, 4.166666666666667)	(39.0, 6.666666666666667)	(40.0, 9.666666666666666)	(41.0, 8.166666666666666)	(42.0, 9.666666666666666)	(43.0, 16.0)	(44.0, 39.0)	(45.0, 866.5000000000277)	(46.0, 10082.333333333785)	(47.0, 7784.666666664093)	(48.0, 1003.0000000000363)	(49.0, 514.8333333333276)	(50.0, 408.8333333333304)	(51.0, 2257.6666666665865)	(52.0, 2682.25000000008)	(53.0, 4785.166666666807)	(54.0, 4451.750000000357)	(55.0, 1437.2499999999739)	(56.0, 11749.333333336137)	(57.0, 12608.000000004226)	(58.0, 1728.9999999999372)	(59.0, 649.6666666666682)	(60.0, 505.166666666665)	(61.0, 437.83333333333235)	(62.0, 298.1666666666666)	(63.0, 238.91666666666686)	(64.0, 231.5000000000005)	(65.0, 177.0000000000001)	(66.0, 132.58333333333331)	(67.0, 104.33333333333333)	(68.0, 96.99999999999999)	(69.0, 80.5)	(70.0, 61.833333333333336)	(71.0, 50.333333333333336)	(72.0, 48.00000000000001)	(73.0, 28.833333333333332)	(74.0, 18.75)	(75.0, 11.5)	(76.0, 7.0)	(77.0, 2.5)	(78.0, 1.0)	(79.0, 0.0)	(80.0, 0.0)	(81.0, 0.5)	(82.0, 0.5)	(83.0, 0.0)	(84.0, 0.0)	(85.0, 0.0)	(86.0, 0.0)	(87.0, 0.0)	(88.0, 0.5)	(89.0, 0.5)	(90.0, 0.0)	(91.0, 0.3333333333333333)	(92.0, 0.3333333333333333)	(93.0, 0.0)	(94.0, 0.0)	(95.0, 0.0)	(96.0, 0.0)	(97.0, 0.0)	(98.0, 0.5)	(99.0, 0.5)	(100.0, 0.0)
073R_S2_week21_S27_L001_R1_001	(0.0, 0.0)	(1.0, 0.0)	(2.0, 0.0)	(3.0, 0.0)	(4.0, 0.0)	(5.0, 0.0)	(6.0, 0.0)	(7.0, 0.0)	(8.0, 0.0)	(9.0, 0.0)	(10.0, 0.0)	(11.0, 0.0)	(12.0, 0.0)	(13.0, 0.0)	(14.0, 0.0)	(15.0, 0.0)	(16.0, 0.0)	(17.0, 0.0)	(18.0, 0.0)	(19.0, 0.0)	(20.0, 0.0)	(21.0, 0.0)	(22.0, 0.0)	(23.0, 0.0)	(24.0, 0.0)	(25.0, 0.0)	(26.0, 0.0)	(27.0, 0.0)	(28.0, 0.3333333333333333)	(29.0, 0.8333333333333333)	(30.0, 0.5)	(31.0, 0.0)	(32.0, 0.0)	(33.0, 0.0)	(34.0, 0.0)	(35.0, 0.0)	(36.0, 0.25)	(37.0, 0.0)	(38.0, 0.0)	(39.0, 0.3333333333333333)	(40.0, 0.6666666666666666)	(41.0, 0.3333333333333333)	(42.0, 6.416666666666666)	(43.0, 20.999999999999996)	(44.0, 69.75)	(45.0, 113.58333333333327)	(46.0, 270.0000000000018)	(47.0, 10353.666666667608)	(48.0, 11073.750000002232)	(49.0, 2745.833333333458)	(50.0, 3057.166666666923)	(51.0, 14542.83333334177)	(52.0, 18743.916666669957)	(53.0, 5530.999999999475)	(54.0, 1218.0000000000023)	(55.0, 337.08333333333184)	(56.0, 113.33333333333293)	(57.0, 52.250000000000064)	(58.0, 71.6666666666667)	(59.0, 64.1666666666668)	(60.0, 14.16666666666667)	(61.0, 9.25)	(62.0, 34.74999999999998)	(63.0, 8.33333333333333)	(64.0, 4.333333333333333)	(65.0, 1.0)	(66.0, 0.3333333333333333)	(67.0, 0.3333333333333333)	(68.0, 0.0)	(69.0, 0.0)	(70.0, 0.0)	(71.0, 0.0)	(72.0, 0.0)	(73.0, 0.0)	(74.0, 0.0)	(75.0, 0.0)	(76.0, 0.0)	(77.0, 0.0)	(78.0, 0.0)	(79.0, 0.0)	(80.0, 0.0)	(81.0, 0.0)	(82.0, 0.0)	(83.0, 0.0)	(84.0, 0.0)	(85.0, 0.0)	(86.0, 0.0)	(87.0, 0.0)	(88.0, 0.0)	(89.0, 0.0)	(90.0, 0.0)	(91.0, 0.0)	(92.0, 0.0)	(93.0, 0.0)	(94.0, 0.0)	(95.0, 0.0)	(96.0, 0.0)	(97.0, 0.0)	(98.0, 0.0)	(99.0, 0.0)	(100.0, 0.0)
073R_S2_week21_S27_L001_R2_001	(0.0, 0.0)	(1.0, 0.0)	(2.0, 0.0)	(3.0, 0.0)	(4.0, 0.0)	(5.0, 0.0)	(6.0, 0.0)	(7.0, 0.0)	(8.0, 0.0)	(9.0, 0.0)	(10.0, 0.0)	(11.0, 0.0)	(12.0, 0.0)	(13.0, 0.0)	(14.0, 0.0)	(15.0, 0.0)	(16.0, 0.0)	(17.0, 0.0)	(18.0, 0.0)	(19.0, 0.0)	(20.0, 0.0)	(21.0, 0.3333333333333333)	(22.0, 0.3333333333333333)	(23.0, 0.0)	(24.0, 0.0)	(25.0, 0.0)	(26.0, 0.0)	(27.0, 0.0)	(28.0, 0.3333333333333333)	(29.0, 0.3333333333333333)	(30.0, 0.5)	(31.0, 0.8333333333333333)	(32.0, 0.3333333333333333)	(33.0, 0.0)	(34.0, 0.0)	(35.0, 0.0)	(36.0, 1.0)	(37.0, 2.5)	(38.0, 7.333333333333333)	(39.0, 10.333333333333332)	(40.0, 13.333333333333332)	(41.0, 18.333333333333332)	(42.0, 17.833333333333336)	(43.0, 23.833333333333332)	(44.0, 60.50000000000008)	(45.0, 1495.833333333273)	(46.0, 9984.083333333616)	(47.0, 5202.666666666406)	(48.0, 1266.666666666656)	(49.0, 588.2500000000009)	(50.0, 459.99999999999517)	(51.0, 2968.0833333335254)	(52.0, 3574.833333333776)	(53.0, 4608.833333333573)	(54.0, 4154.83333333392)	(55.0, 1354.9166666666524)	(56.0, 12364.833333337061)	(57.0, 13527.083333338916)	(58.0, 1785.1666666665892)	(59.0, 698.583333333338)	(60.0, 472.83333333333155)	(61.0, 382.74999999999943)	(62.0, 289.0)	(63.0, 242.33333333333357)	(64.0, 223.6666666666669)	(65.0, 151.41666666666669)	(66.0, 121.66666666666664)	(67.0, 114.49999999999999)	(68.0, 105.58333333333331)	(69.0, 87.16666666666666)	(70.0, 74.66666666666666)	(71.0, 58.33333333333334)	(72.0, 63.16666666666668)	(73.0, 28.499999999999993)	(74.0, 21.166666666666664)	(75.0, 18.5)	(76.0, 10.0)	(77.0, 5.0)	(78.0, 2.0)	(79.0, 0.5)	(80.0, 0.3333333333333333)	(81.0, 0.3333333333333333)	(82.0, 1.0833333333333333)	(83.0, 0.5)	(84.0, 0.5)	(85.0, 0.5)	(86.0, 0.0)	(87.0, 0.0)	(88.0, 0.0)	(89.0, 0.0)	(90.0, 0.0)	(91.0, 0.0)	(92.0, 0.0)	(93.0, 0.0)	(94.0, 0.0)	(95.0, 0.0)	(96.0, 0.0)	(97.0, 0.0)	(98.0, 0.0)	(99.0, 0.0)	(100.0, 0.0)
096R_0_M_S5_week5_S4_L001_R1_001	(0.0, 0.0)	(1.0, 0.0)	(2.0, 0.0)	(3.0, 0.0)	(4.0, 0.0)	(5.0, 0.0)	(6.0, 0.0)	(7.0, 0.0)	(8.0, 0.0)	(9.0, 0.0)	(10.0, 0.0)	(11.0, 0.0)	(12.0, 0.0)	(13.0, 0.0)	(14.0, 0.0)	(15.0, 0.0)	(16.0, 0.0)	(17.0, 0.0)	(18.0, 0.0)	(19.0, 0.0)	(20.0, 0.0)	(21.0, 0.0)	(22.0, 0.0)	(23.0, 0.0)	(24.0, 0.0)	(25.0, 0.0)	(26.0, 0.0)	(27.0, 0.0)	(28.0, 0.0)	(29.0, 0.0)	(30.0, 0.0)	(31.0, 0.0)	(32.0, 0.5)	(33.0, 0.25)	(34.0, 0.0)	(35.0, 0.0)	(36.0, 0.0)	(37.0, 0.25)	(38.0, 0.0)	(39.0, 0.0)	(40.0, 0.0)	(41.0, 1.0)	(42.0, 6.833333333333333)	(43.0, 18.75)	(44.0, 67.75000000000001)	(45.0, 107.58333333333323)	(46.0, 733.0000000000143)	(47.0, 8441.33333333083)	(48.0, 3842.5000000006053)	(49.0, 2704.08333333344)	(50.0, 3160.5000000003033)	(51.0, 8042.833333330541)	(52.0, 11286.333333335946)	(53.0, 5117.416666666486)	(54.0, 1328.7499999999798)	(55.0, 296.5833333333338)	(56.0, 111.58333333333299)	(57.0, 48.16666666666672)	(58.0, 68.83333333333344)	(59.0, 67.41666666666679)	(60.0, 15.750000000000005)	(61.0, 5.999999999999999)	(62.0, 6.999999999999998)	(63.0, 2.6666666666666665)	(64.0, 1.0)	(65.0, 0.8333333333333333)	(66.0, 0.0)	(67.0, 0.0)	(68.0, 0.0)	(69.0, 0.0)	(70.0, 0.0)	(71.0, 0.0)	(72.0, 0.0)	(73.0, 0.0)	(74.0, 0.0)	(75.0, 0.0)	(76.0, 0.0)	(77.0, 0.0)	(78.0, 0.0)	(79.0, 0.0)	(80.0, 0.0)	(81.0, 0.0)	(82.0, 0.0)	(83.0, 0.0)	(84.0, 0.0)	(85.0, 0.0)	(86.0, 0.0)	(87.0, 0.0)	(88.0, 0.0)	(89.0, 0.0)	(90.0, 0.0)	(91.0, 0.0)	(92.0, 0.0)	(93.0, 0.0)	(94.0, 0.0)	(95.0, 0.0)	(96.0, 0.0)	(97.0, 0.0)	(98.0, 0.0)	(99.0, 0.0)	(100.0, 0.0)
096R_0_M_S5_week5_S4_L001_R2_001	(0.0, 0.0)	(1.0, 0.0)	(2.0, 0.0)	(3.0, 0.0)	(4.0, 0.0)	(5.0, 0.0)	(6.0, 0.0)	(7.0, 0.0)	(8.0, 0.0)	(9.0, 0.0)	(10.0, 0.0)	(11.0, 0.0)	(12.0, 0.0)	(13.0, 0.0)	(14.0, 0.0)	(15.0, 0.0)	(16.0, 0.0)	(17.0, 0.0)	(18.0, 0.0)	(19.0, 0.0)	(20.0, 0.0)	(21.0, 0.0)	(22.0, 0.0)	(23.0, 0.0)	(24.0, 0.0)	(25.0, 0.0)	(26.0, 0.0)	(27.0, 0.0)	(28.0, 0.3333333333333333)	(29.0, 0.3333333333333333)	(30.0, 0.0)	(31.0, 0.0)	(32.0, 0.0)	(33.0, 0.0)	(34.0, 0.0)	(35.0, 0.0)	(36.0, 0.5)	(37.0, 1.3333333333333333)	(38.0, 2.333333333333333)	(39.0, 2.333333333333333)	(40.0, 3.1666666666666665)	(41.0, 6.999999999999999)	(42.0, 8.0)	(43.0, 12.666666666666666)	(44.0, 29.499999999999975)	(45.0, 970.0000000000394)	(46.0, 7836.166666664026)	(47.0, 1506.83333333327)	(48.0, 666.5833333333397)	(49.0, 386.749999999997)	(50.0, 327.666666666666)	(51.0, 1059.8333333333617)	(52.0, 1561.1666666666076)	(53.0, 6313.999999998857)	(54.0, 6062.4999999991105)	(55.0, 1709.333333333269)	(56.0, 7153.916666664983)	(57.0, 7100.166666665027)	(58.0, 1020.500000000024)	(59.0, 410.66666666666526)	(60.0, 331.83333333333263)	(61.0, 296.33333333333326)	(62.0, 203.6666666666667)	(63.0, 180.6666666666667)	(64.0, 175.50000000000026)	(65.0, 113.24999999999996)	(66.0, 96.83333333333333)	(67.0, 80.66666666666666)	(68.0, 62.833333333333336)	(69.0, 50.5)	(70.0, 38.50000000000001)	(71.0, 32.5)	(72.0, 25.333333333333332)	(73.0, 11.666666666666666)	(74.0, 5.333333333333333)	(75.0, 5.75)	(76.0, 3.5)	(77.0, 0.0)	(78.0, 0.5)	(79.0, 1.5)	(80.0, 2.0)	(81.0, 1.5)	(82.0, 0.8333333333333333)	(83.0, 0.0)	(84.0, 0.0)	(85.0, 0.0)	(86.0, 0.0)	(87.0, 0.0)	(88.0, 0.0)	(89.0, 0.5)	(90.0, 0.5)	(91.0, 0.0)	(92.0, 0.0)	(93.0, 0.3333333333333333)	(94.0, 0.0)	(95.0, 0.0)	(96.0, 0.0)	(97.0, 0.0)	(98.0, 0.0)	(99.0, 0.0)	(100.0, 0.0)
1067R_0_M_S2_week5_S34_L001_R1_001	(0.0, 0.0)	(1.0, 0.0)	(2.0, 0.0)	(3.0, 0.0)	(4.0, 0.0)	(5.0, 0.0)	(6.0, 0.0)	(7.0, 0.0)	(8.0, 0.0)	(9.0, 0.0)	(10.0, 0.0)	(11.0, 0.0)	(12.0, 0.0)	(13.0, 0.0)	(14.0, 0.0)	(15.0, 0.0)	(16.0, 0.0)	(17.0, 0.0)	(18.0, 0.0)	(19.0, 0.0)	(20.0, 0.0)	(21.0, 0.0)	(22.0, 0.0)	(23.0, 0.0)	(24.0, 0.0)	(25.0, 0.0)	(26.0, 0.0)	(27.0, 0.0)	(28.0, 0.0)	(29.0, 0.0)	(30.0, 0.0)	(31.0, 0.25)	(32.0, 0.25)	(33.0, 0.0)	(34.0, 0.0)	(35.0, 0.0)	(36.0, 0.25)	(37.0, 0.0)	(38.0, 0.0)	(39.0, 0.6666666666666666)	(40.0, 0.6666666666666666)	(41.0, 1.5)	(42.0, 6.666666666666666)	(43.0, 29.25)	(44.0, 78.5)	(45.0, 115.16666666666661)	(46.0, 250.16666666666873)	(47.0, 13104.333333339227)	(48.0, 15043.750000009397)	(49.0, 3435.000000000425)	(50.0, 3408.6666666670767)	(51.0, 12074.083333337361)	(52.0, 16809.583333343537)	(53.0, 7908.999999997353)	(54.0, 3236.166666667007)	(55.0, 592.8333333333306)	(56.0, 191.25000000000068)	(57.0, 83.58333333333324)	(58.0, 121.58333333333286)	(59.0, 107.49999999999969)	(60.0, 21.16666666666666)	(61.0, 11.833333333333336)	(62.0, 21.833333333333325)	(63.0, 7.499999999999998)	(64.0, 3.3333333333333335)	(65.0, 1.3333333333333333)	(66.0, 1.9999999999999998)	(67.0, 0.0)	(68.0, 0.0)	(69.0, 0.5)	(70.0, 0.5)	(71.0, 0.0)	(72.0, 0.0)	(73.0, 0.0)	(74.0, 0.0)	(75.0, 0.0)	(76.0, 0.0)	(77.0, 0.0)	(78.0, 0.0)	(79.0, 0.0)	(80.0, 0.0)	(81.0, 0.0)	(82.0, 0.0)	(83.0, 0.0)	(84.0, 0.0)	(85.0, 0.0)	(86.0, 0.0)	(87.0, 0.0)	(88.0, 0.0)	(89.0, 0.0)	(90.0, 0.0)	(91.0, 0.0)	(92.0, 0.0)	(93.0, 0.0)	(94.0, 0.0)	(95.0, 0.0)	(96.0, 0.0)	(97.0, 0.0)	(98.0, 0.0)	(99.0, 0.0)	(100.0, 0.0)
1067R_0_M_S2_week5_S34_L001_R2_001	(0.0, 0.0)	(1.0, 0.0)	(2.0, 0.0)	(3.0, 0.0)	(4.0, 0.0)	(5.0, 0.0)	(6.0, 0.0)	(7.0, 0.0)	(8.0, 0.0)	(9.0, 0.0)	(10.0, 0.0)	(11.0, 0.0)	(12.0, 0.0)	(13.0, 0.0)	(14.0, 0.0)	(15.0, 0.0)	(16.0, 0.0)	(17.0, 0.0)	(18.0, 0.0)	(19.0, 0.0)	(20.0, 0.0)	(21.0, 0.0)	(22.0, 0.0)	(23.0, 0.0)	(24.0, 0.0)	(25.0, 0.0)	(26.0, 0.0)	(27.0, 0.0)	(28.0, 0.0)	(29.0, 0.8333333333333333)	(30.0, 1.0)	(31.0, 0.5)	(32.0, 0.5)	(33.0, 0.5)	(34.0, 1.0)	(35.0, 2.5)	(36.0, 2.333333333333333)	(37.0, 1.3333333333333333)	(38.0, 4.5)	(39.0, 9.0)	(40.0, 12.833333333333334)	(41.0, 14.166666666666666)	(42.0, 12.583333333333334)	(43.0, 18.5)	(44.0, 40.50000000000001)	(45.0, 924.3333333333672)	(46.0, 12133.833333337503)	(47.0, 9539.833333332806)	(48.0, 1049.500000000034)	(49.0, 590.6666666666661)	(50.0, 542.1666666666638)	(51.0, 3269.000000000301)	(52.0, 3847.0833333338883)	(53.0, 6078.499999999078)	(54.0, 5264.083333333096)	(55.0, 1832.4166666665842)	(56.0, 12657.916666670846)	(57.0, 12056.000000003367)	(58.0, 1640.4166666666147)	(59.0, 679.9166666666707)	(60.0, 633.1666666666684)	(61.0, 585.3333333333336)	(62.0, 361.99999999999983)	(63.0, 286.99999999999994)	(64.0, 281.3333333333335)	(65.0, 174.6666666666667)	(66.0, 133.49999999999997)	(67.0, 122.66666666666666)	(68.0, 108.83333333333331)	(69.0, 91.0)	(70.0, 71.58333333333334)	(71.0, 53.25)	(72.0, 48.33333333333334)	(73.0, 23.166666666666668)	(74.0, 11.333333333333334)	(75.0, 10.666666666666666)	(76.0, 5.0)	(77.0, 4.0)	(78.0, 5.5)	(79.0, 2.5)	(80.0, 0.0)	(81.0, 0.0)	(82.0, 0.0)	(83.0, 0.0)	(84.0, 0.0)	(85.0, 0.3333333333333333)	(86.0, 0.3333333333333333)	(87.0, 0.3333333333333333)	(88.0, 0.3333333333333333)	(89.0, 0.0)	(90.0, 0.5)	(91.0, 1.0)	(92.0, 0.5)	(93.0, 0.0)	(94.0, 0.0)	(95.0, 0.0)	(96.0, 0.0)	(97.0, 0.0)	(98.0, 0.3333333333333333)	(99.0, 0.0)	(100.0, 0.0)
1067R_0_M_S2_week9_S62_L001_R1_001	(0.0, 0.0)	(1.0, 0.0)	(2.0, 0.0)	(3.0, 0.0)	(4.0, 0.0)	(5.0, 0.0)	(6.0, 0.0)	(7.0, 0.0)	(8.0, 0.0)	(9.0, 0.0)	(10.0, 0.0)	(11.0, 0.0)	(12.0, 0.0)	(13.0, 0.0)	(14.0, 0.0)	(15.0, 0.0)	(16.0, 0.0)	(17.0, 0.0)	(18.0, 0.0)	(19.0, 0.0)	(20.0, 0.0)	(21.0, 0.0)	(22.0, 0.0)	(23.0, 0.0)	(24.0, 0.0)	(25.0, 0.0)	(26.0, 0.0)	(27.0, 0.0)	(28.0, 0.0)	(29.0, 0.0)	(30.0, 0.0)	(31.0, 0.0)	(32.0, 0.0)	(33.0, 0.0)	(34.0, 0.0)	(35.0, 0.0)	(36.0, 0.25)	(37.0, 0.5)	(38.0, 0.3333333333333333)	(39.0, 0.8333333333333333)	(40.0, 0.25)	(41.0, 4.0)	(42.0, 16.0)	(43.0, 40.833333333333336)	(44.0, 147.25000000000003)	(45.0, 236.83333333333354)	(46.0, 492.74999999999187)	(47.0, 17625.166666673937)	(48.0, 19769.49999999961)	(49.0, 5717.166666665974)	(50.0, 5529.749999999472)	(51.0, 7853.583333330727)	(52.0, 11679.333333336619)	(53.0, 5689.666666665998)	(54.0, 1560.1666666665972)	(55.0, 385.0833333333297)	(56.0, 139.49999999999972)	(57.0, 58.833333333333435)	(58.0, 81.16666666666656)	(59.0, 80.99999999999994)	(60.0, 15.666666666666671)	(61.0, 9.333333333333332)	(62.0, 21.666666666666657)	(63.0, 4.666666666666666)	(64.0, 1.6666666666666665)	(65.0, 0.6666666666666666)	(66.0, 0.0)	(67.0, 0.0)	(68.0, 0.0)	(69.0, 0.0)	(70.0, 0.0)	(71.0, 0.0)	(72.0, 0.0)	(73.0, 0.0)	(74.0, 0.0)	(75.0, 0.0)	(76.0, 0.0)	(77.0, 0.0)	(78.0, 0.0)	(79.0, 0.0)	(80.0, 0.0)	(81.0, 0.0)	(82.0, 0.0)	(83.0, 0.0)	(84.0, 0.0)	(85.0, 0.0)	(86.0, 0.0)	(87.0, 0.0)	(88.0, 0.0)	(89.0, 0.0)	(90.0, 0.0)	(91.0, 0.0)	(92.0, 0.0)	(93.0, 0.0)	(94.0, 0.0)	(95.0, 0.0)	(96.0, 0.0)	(97.0, 0.0)	(98.0, 0.0)	(99.0, 0.0)	(100.0, 0.0)
1067R_0_M_S2_week9_S62_L001_R2_001	(0.0, 0.0)	(1.0, 0.0)	(2.0, 0.0)	(3.0, 0.0)	(4.0, 0.0)	(5.0, 0.0)	(6.0, 0.0)	(7.0, 0.0)	(8.0, 0.0)	(9.0, 0.0)	(10.0, 0.0)	(11.0, 0.0)	(12.0, 0.0)	(13.0, 0.0)	(14.0, 0.0)	(15.0, 0.0)	(16.0, 0.0)	(17.0, 0.0)	(18.0, 0.0)	(19.0, 0.0)	(20.0, 0.0)	(21.0, 0.0)	(22.0, 0.0)	(23.0, 0.3333333333333333)	(24.0, 0.3333333333333333)	(25.0, 0.0)	(26.0, 0.3333333333333333)	(27.0, 0.0)	(28.0, 0.3333333333333333)	(29.0, 0.6666666666666666)	(30.0, 0.0)	(31.0, 0.8333333333333333)	(32.0, 1.6666666666666665)	(33.0, 1.3333333333333333)	(34.0, 1.0)	(35.0, 1.5)	(36.0, 2.8333333333333335)	(37.0, 3.8333333333333335)	(38.0, 5.333333333333334)	(39.0, 7.833333333333333)	(40.0, 9.833333333333332)	(41.0, 14.333333333333334)	(42.0, 18.499999999999996)	(43.0, 25.499999999999993)	(44.0, 76.0)	(45.0, 2519.1666666666997)	(46.0, 16804.16666667699)	(47.0, 8414.666666664125)	(48.0, 1839.333333333217)	(49.0, 924.0000000000214)	(50.0, 785.2500000000105)	(51.0, 3588.750000000416)	(52.0, 4510.000000000321)	(53.0, 8005.999999997435)	(54.0, 6648.999999998709)	(55.0, 1679.7499999999475)	(56.0, 7050.666666665188)	(57.0, 7070.083333331827)	(58.0, 1170.166666666666)	(59.0, 542.6666666666653)	(60.0, 405.16666666666555)	(61.0, 355.99999999999943)	(62.0, 268.3333333333335)	(63.0, 214.3333333333334)	(64.0, 189.83333333333348)	(65.0, 124.16666666666663)	(66.0, 103.83333333333331)	(67.0, 90.49999999999999)	(68.0, 78.83333333333334)	(69.0, 58.0)	(70.0, 45.166666666666664)	(71.0, 36.333333333333336)	(72.0, 37.0)	(73.0, 21.999999999999996)	(74.0, 12.0)	(75.0, 8.5)	(76.0, 5.5)	(77.0, 4.0)	(78.0, 2.5)	(79.0, 0.5)	(80.0, 0.0)	(81.0, 0.0)	(82.0, 0.0)	(83.0, 0.0)	(84.0, 0.5)	(85.0, 0.5)	(86.0, 0.0)	(87.0, 0.0)	(88.0, 0.0)	(89.0, 0.0)	(90.0, 0.5)	(91.0, 1.0)	(92.0, 0.5)	(93.0, 0.5)	(94.0, 0.8333333333333333)	(95.0, 0.3333333333333333)	(96.0, 0.5)	(97.0, 0.5)	(98.0, 0.0)	(99.0, 0.0)	(100.0, 0.0)
1067R_L_M_S2_week5_S35_L001_R1_001	(0.0, 0.0)	(1.0, 0.0)	(2.0, 0.0)	(3.0, 0.0)	(4.0, 0.0)	(5.0, 0.0)	(6.0, 0.0)	(7.0, 0.0)	(8.0, 0.0)	(9.0, 0.0)	(10.0, 0.0)	(11.0, 0.0)	(12.0, 0.0)	(13.0, 0.0)	(14.0, 0.0)	(15.0, 0.0)	(16.0, 0.0)	(17.0, 0.0)	(18.0, 0.0)	(19.0, 0.0)	(20.0, 0.0)	(21.0, 0.0)	(22.0, 0.0)	(23.0, 0.0)	(24.0, 0.0)	(25.0, 0.0)	(26.0, 0.0)	(27.0, 0.0)	(28.0, 0.0)	(29.0, 0.0)	(30.0, 0.0)	(31.0, 0.3333333333333333)	(32.0, 0.25)	(33.0, 0.25)	(34.0, 0.25)	(35.0, 0.0)	(36.0, 0.0)	(37.0, 0.25)	(38.0, 0.5833333333333333)	(39.0, 0.8333333333333333)	(40.0, 1.0)	(41.0, 0.5)	(42.0, 4.75)	(43.0, 15.833333333333334)	(44.0, 68.33333333333333)	(45.0, 108.9166666666666)	(46.0, 281.000000000001)	(47.0, 12298.666666671123)	(48.0, 13522.166666673316)	(49.0, 2694.91666666677)	(50.0, 2546.4166666667065)	(51.0, 7483.666666664371)	(52.0, 11035.083333335491)	(53.0, 6775.4999999983565)	(54.0, 2979.7500000002265)	(55.0, 482.08333333332496)	(56.0, 150.25)	(57.0, 72.08333333333334)	(58.0, 77.00000000000001)	(59.0, 63.33333333333343)	(60.0, 13.66666666666667)	(61.0, 7.166666666666666)	(62.0, 7.666666666666665)	(63.0, 2.5)	(64.0, 1.3333333333333333)	(65.0, 1.8333333333333333)	(66.0, 0.8333333333333333)	(67.0, 0.3333333333333333)	(68.0, 0.0)	(69.0, 0.0)	(70.0, 0.0)	(71.0, 0.0)	(72.0, 0.0)	(73.0, 0.0)	(74.0, 0.0)	(75.0, 0.0)	(76.0, 0.0)	(77.0, 0.0)	(78.0, 0.0)	(79.0, 0.0)	(80.0, 0.0)	(81.0, 0.0)	(82.0, 0.0)	(83.0, 0.0)	(84.0, 0.0)	(85.0, 0.0)	(86.0, 0.0)	(87.0, 0.0)	(88.0, 0.0)	(89.0, 0.0)	(90.0, 0.0)	(91.0, 0.0)	(92.0, 0.0)	(93.0, 0.0)	(94.0, 0.0)	(95.0, 0.0)	(96.0, 0.0)	(97.0, 0.0)	(98.0, 0.0)	(99.0, 0.0)	(100.0, 0.0)
1067R_L_M_S2_week5_S35_L001_R2_001	(0.0, 0.0)	(1.0, 0.0)	(2.0, 0.0)	(3.0, 0.0)	(4.0, 0.0)	(5.0, 0.0)	(6.0, 0.0)	(7.0, 0.0)	(8.0, 0.0)	(9.0, 0.0)	(10.0, 0.0)	(11.0, 0.0)	(12.0, 0.0)	(13.0, 0.0)	(14.0, 0.0)	(15.0, 0.0)	(16.0, 0.0)	(17.0, 0.0)	(18.0, 0.0)	(19.0, 0.0)	(20.0, 0.0)	(21.0, 0.0)	(22.0, 0.0)	(23.0, 0.0)	(24.0, 0.0)	(25.0, 0.0)	(26.0, 0.0)	(27.0, 0.0)	(28.0, 0.3333333333333333)	(29.0, 0.3333333333333333)	(30.0, 0.3333333333333333)	(31.0, 0.3333333333333333)	(32.0, 0.3333333333333333)	(33.0, 1.0)	(34.0, 3.0)	(35.0, 2.5)	(36.0, 2.0)	(37.0, 2.5)	(38.0, 3.0)	(39.0, 7.0)	(40.0, 10.166666666666666)	(41.0, 13.5)	(42.0, 21.333333333333332)	(43.0, 23.666666666666664)	(44.0, 50.00000000000006)	(45.0, 1397.3333333332957)	(46.0, 11771.500000003505)	(47.0, 7350.166666664485)	(48.0, 777.3333333333499)	(49.0, 462.1666666666613)	(50.0, 427.9166666666634)	(51.0, 2400.24999999997)	(52.0, 2922.3333333335077)	(53.0, 4887.0000000000555)	(54.0, 4192.500000000571)	(55.0, 1571.1666666666179)	(56.0, 9005.499999998678)	(57.0, 7633.249999997899)	(58.0, 1042.0000000000207)	(59.0, 461.249999999998)	(60.0, 511.0833333333318)	(61.0, 500.33333333333184)	(62.0, 282.16666666666674)	(63.0, 216.83333333333346)	(64.0, 183.00000000000014)	(65.0, 118.08333333333331)	(66.0, 92.99999999999999)	(67.0, 73.83333333333333)	(68.0, 58.333333333333336)	(69.0, 49.16666666666667)	(70.0, 44.83333333333333)	(71.0, 38.5)	(72.0, 35.166666666666664)	(73.0, 22.999999999999996)	(74.0, 16.0)	(75.0, 15.5)	(76.0, 10.0)	(77.0, 3.0)	(78.0, 2.0)	(79.0, 1.0)	(80.0, 0.25)	(81.0, 0.0)	(82.0, 0.0)	(83.0, 0.8333333333333333)	(84.0, 1.6666666666666665)	(85.0, 0.8333333333333333)	(86.0, 0.0)	(87.0, 0.0)	(88.0, 0.0)	(89.0, 0.0)	(90.0, 0.0)	(91.0, 0.5)	(92.0, 0.5)	(93.0, 0.5)	(94.0, 0.5)	(95.0, 0.0)	(96.0, 0.0)	(97.0, 0.3333333333333333)	(98.0, 0.0)	(99.0, 0.0)	(100.0, 1.0)
1067R_L_M_S2_week9_S63_L001_R1_001	(0.0, 0.0)	(1.0, 0.0)	(2.0, 0.0)	(3.0, 0.0)	(4.0, 0.0)	(5.0, 0.0)	(6.0, 0.0)	(7.0, 0.0)	(8.0, 0.0)	(9.0, 0.0)	(10.0, 0.0)	(11.0, 0.0)	(12.0, 0.0)	(13.0, 0.0)	(14.0, 0.0)	(15.0, 0.0)	(16.0, 0.0)	(17.0, 0.0)	(18.0, 0.0)	(19.0, 0.0)	(20.0, 0.0)	(21.0, 0.0)	(22.0, 0.0)	(23.0, 0.0)	(24.0, 0.0)	(25.0, 0.0)	(26.0, 0.0)	(27.0, 0.0)	(28.0, 0.0)	(29.0, 0.0)	(30.0, 0.0)	(31.0, 0.0)	(32.0, 0.25)	(33.0, 0.0)	(34.0, 0.0)	(35.0, 0.0)	(36.0, 0.25)	(37.0, 0.25)	(38.0, 0.25)	(39.0, 1.3333333333333333)	(40.0, 1.9166666666666665)	(41.0, 1.3333333333333333)	(42.0, 5.583333333333333)	(43.0, 19.916666666666664)	(44.0, 99.58333333333331)	(45.0, 170.41666666666677)	(46.0, 361.74999999999653)	(47.0, 13095.000000005846)	(48.0, 14417.666666674868)	(49.0, 4067.500000000693)	(50.0, 4138.00000000067)	(51.0, 13685.250000006861)	(52.0, 17547.75000000756)	(53.0, 5703.499999999326)	(54.0, 1639.1666666665808)	(55.0, 510.33333333332354)	(56.0, 172.4166666666669)	(57.0, 76.66666666666673)	(58.0, 81.4166666666666)	(59.0, 68.58333333333343)	(60.0, 15.500000000000004)	(61.0, 12.000000000000002)	(62.0, 40.83333333333335)	(63.0, 9.333333333333332)	(64.0, 4.0)	(65.0, 1.9999999999999998)	(66.0, 1.0833333333333333)	(67.0, 0.25)	(68.0, 0.3333333333333333)	(69.0, 0.0)	(70.0, 0.0)	(71.0, 0.0)	(72.0, 0.5)	(73.0, 0.5)	(74.0, 0.0)	(75.0, 0.0)	(76.0, 0.0)	(77.0, 0.0)	(78.0, 0.0)	(79.0, 0.0)	(80.0, 0.0)	(81.0, 0.0)	(82.0, 0.0)	(83.0, 0.0)	(84.0, 0.0)	(85.0, 0.0)	(86.0, 0.0)	(87.0, 0.0)	(88.0, 0.0)	(89.0, 0.0)	(90.0, 0.0)	(91.0, 0.0)	(92.0, 0.0)	(93.0, 0.0)	(94.0, 0.0)	(95.0, 0.0)	(96.0, 0.0)	(97.0, 0.0)	(98.0, 0.0)	(99.0, 0.0)	(100.0, 0.0)
1067R_L_M_S2_week9_S63_L001_R2_001	(0.0, 0.0)	(1.0, 0.0)	(2.0, 0.0)	(3.0, 0.0)	(4.0, 0.0)	(5.0, 0.0)	(6.0, 0.0)	(7.0, 0.0)	(8.0, 0.0)	(9.0, 0.0)	(10.0, 0.0)	(11.0, 0.0)	(12.0, 0.0)	(13.0, 0.0)	(14.0, 0.0)	(15.0, 0.0)	(16.0, 0.0)	(17.0, 0.0)	(18.0, 0.0)	(19.0, 0.0)	(20.0, 0.0)	(21.0, 0.0)	(22.0, 0.0)	(23.0, 0.0)	(24.0, 0.0)	(25.0, 0.0)	(26.0, 0.0)	(27.0, 0.0)	(28.0, 0.3333333333333333)	(29.0, 1.0)	(30.0, 0.3333333333333333)	(31.0, 0.0)	(32.0, 0.0)	(33.0, 0.8333333333333333)	(34.0, 1.3333333333333333)	(35.0, 1.3333333333333333)	(36.0, 1.5)	(37.0, 2.0)	(38.0, 3.0)	(39.0, 6.833333333333333)	(40.0, 8.833333333333334)	(41.0, 11.0)	(42.0, 16.166666666666664)	(43.0, 26.0)	(44.0, 59.666666666666735)	(45.0, 1771.833333333214)	(46.0, 12542.000000004897)	(47.0, 6380.916666665359)	(48.0, 1593.083333333262)	(49.0, 756.1666666666779)	(50.0, 610.1666666666679)	(51.0, 3039.6666666668766)	(52.0, 3837.3333333338783)	(53.0, 5865.666666665951)	(54.0, 5128.499999999873)	(55.0, 1651.2499999999527)	(56.0, 11888.58333333626)	(57.0, 12732.25000000426)	(58.0, 1873.4999999999213)	(59.0, 766.9166666666719)	(60.0, 614.6666666666674)	(61.0, 542.3333333333327)	(62.0, 329.5)	(63.0, 246.66666666666686)	(64.0, 212.50000000000023)	(65.0, 162.16666666666666)	(66.0, 141.5)	(67.0, 136.0)	(68.0, 132.0)	(69.0, 108.66666666666667)	(70.0, 81.58333333333333)	(71.0, 64.33333333333333)	(72.0, 64.83333333333334)	(73.0, 36.83333333333333)	(74.0, 21.333333333333332)	(75.0, 11.5)	(76.0, 7.0)	(77.0, 4.5)	(78.0, 6.0)	(79.0, 4.0)	(80.0, 1.0)	(81.0, 0.0)	(82.0, 0.5)	(83.0, 0.5)	(84.0, 0.0)	(85.0, 0.3333333333333333)	(86.0, 0.0)	(87.0, 0.0)	(88.0, 0.6666666666666666)	(89.0, 0.3333333333333333)	(90.0, 0.0)	(91.0, 0.0)	(92.0, 0.0)	(93.0, 0.3333333333333333)	(94.0, 0.0)	(95.0, 0.0)	(96.0, 0.5)	(97.0, 0.5)	(98.0, 0.0)	(99.0, 0.0)	(100.0, 0.0)
1067R_R_M_S2_diabetes_S8_L001_R1_001	(0.0, 0.0)	(1.0, 0.0)	(2.0, 0.0)	(3.0, 0.0)	(4.0, 0.0)	(5.0, 0.0)	(6.0, 0.0)	(7.0, 0.0)	(8.0, 0.0)	(9.0, 0.0)	(10.0, 0.0)	(11.0, 0.0)	(12.0, 0.0)	(13.0, 0.0)	(14.0, 0.0)	(15.0, 0.0)	(16.0, 0.0)	(17.0, 0.0)	(18.0, 0.0)	(19.0, 0.0)	(20.0, 0.0)	(21.0, 0.0)	(22.0, 0.0)	(23.0, 0.0)	(24.0, 0.0)	(25.0, 0.0)	(26.0, 0.0)	(27.0, 0.0)	(28.0, 0.0)	(29.0, 0.0)	(30.0, 0.0)	(31.0, 0.3333333333333333)	(32.0, 0.3333333333333333)	(33.0, 0.0)	(34.0, 0.0)	(35.0, 0.25)	(36.0, 0.0)	(37.0, 0.5)	(38.0, 0.5)	(39.0, 0.0)	(40.0, 0.5)	(41.0, 1.0)	(42.0, 4.833333333333334)	(43.0, 17.916666666666668)	(44.0, 75.25000000000001)	(45.0, 121.49999999999991)	(46.0, 349.916666666664)	(47.0, 11155.750000002383)	(48.0, 11502.833333336339)	(49.0, 2579.916666666721)	(50.0, 2582.5000000000537)	(51.0, 4277.166666667231)	(52.0, 7740.666666664133)	(53.0, 4472.000000000393)	(54.0, 1014.250000000043)	(55.0, 246.83333333333576)	(56.0, 83.16666666666663)	(57.0, 32.83333333333331)	(58.0, 32.83333333333331)	(59.0, 27.833333333333304)	(60.0, 8.166666666666664)	(61.0, 4.999999999999999)	(62.0, 31.66666666666662)	(63.0, 6.833333333333331)	(64.0, 4.0)	(65.0, 2.1666666666666665)	(66.0, 0.3333333333333333)	(67.0, 0.0)	(68.0, 0.0)	(69.0, 0.3333333333333333)	(70.0, 0.3333333333333333)	(71.0, 0.0)	(72.0, 0.0)	(73.0, 0.0)	(74.0, 0.0)	(75.0, 0.0)	(76.0, 0.0)	(77.0, 0.0)	(78.0, 0.0)	(79.0, 0.0)	(80.0, 0.0)	(81.0, 0.0)	(82.0, 0.0)	(83.0, 0.0)	(84.0, 0.0)	(85.0, 0.0)	(86.0, 0.0)	(87.0, 0.0)	(88.0, 0.0)	(89.0, 0.0)	(90.0, 0.0)	(91.0, 0.0)	(92.0, 0.0)	(93.0, 0.0)	(94.0, 0.0)	(95.0, 0.0)	(96.0, 0.0)	(97.0, 0.0)	(98.0, 0.0)	(99.0, 0.0)	(100.0, 0.0)
1067R_R_M_S2_diabetes_S8_L001_R2_001	(0.0, 0.0)	(1.0, 0.0)	(2.0, 0.0)	(3.0, 0.0)	(4.0, 0.0)	(5.0, 0.0)	(6.0, 0.0)	(7.0, 0.0)	(8.0, 0.0)	(9.0, 0.0)	(10.0, 0.0)	(11.0, 0.0)	(12.0, 0.0)	(13.0, 0.0)	(14.0, 0.0)	(15.0, 0.0)	(16.0, 0.0)	(17.0, 0.0)	(18.0, 0.0)	(19.0, 0.0)	(20.0, 0.0)	(21.0, 0.0)	(22.0, 0.0)	(23.0, 0.0)	(24.0, 0.0)	(25.0, 0.0)	(26.0, 0.0)	(27.0, 0.0)	(28.0, 0.0)	(29.0, 0.0)	(30.0, 0.3333333333333333)	(31.0, 0.6666666666666666)	(32.0, 0.5)	(33.0, 0.5)	(34.0, 0.0)	(35.0, 0.0)	(36.0, 0.0)	(37.0, 1.0)	(38.0, 2.6666666666666665)	(39.0, 3.1666666666666665)	(40.0, 6.333333333333333)	(41.0, 11.5)	(42.0, 15.0)	(43.0, 19.666666666666664)	(44.0, 52.333333333333414)	(45.0, 1896.1666666665171)	(46.0, 10765.916666668352)	(47.0, 4392.833333333799)	(48.0, 1265.2499999999907)	(49.0, 638.8333333333363)	(50.0, 499.24999999999454)	(51.0, 2826.750000000142)	(52.0, 3571.8333333337873)	(53.0, 3745.0000000005143)	(54.0, 3187.2500000002606)	(55.0, 883.8333333333477)	(56.0, 3789.833333333807)	(57.0, 3861.1666666671726)	(58.0, 656.6666666666707)	(59.0, 288.3333333333332)	(60.0, 225.83333333333357)	(61.0, 208.00000000000028)	(62.0, 147.83333333333331)	(63.0, 109.83333333333333)	(64.0, 96.49999999999994)	(65.0, 76.83333333333331)	(66.0, 61.000000000000014)	(67.0, 52.833333333333336)	(68.0, 46.166666666666664)	(69.0, 30.499999999999996)	(70.0, 19.333333333333336)	(71.0, 20.166666666666664)	(72.0, 34.33333333333333)	(73.0, 15.500000000000002)	(74.0, 9.333333333333332)	(75.0, 6.0)	(76.0, 3.5)	(77.0, 2.5)	(78.0, 1.5)	(79.0, 0.5)	(80.0, 0.0)	(81.0, 0.0)	(82.0, 0.0)	(83.0, 0.0)	(84.0, 0.0)	(85.0, 0.0)	(86.0, 0.0)	(87.0, 0.0)	(88.0, 0.0)	(89.0, 0.0)	(90.0, 0.0)	(91.0, 0.0)	(92.0, 0.0)	(93.0, 0.0)	(94.0, 0.0)	(95.0, 0.0)	(96.0, 0.0)	(97.0, 0.3333333333333333)	(98.0, 0.0)	(99.0, 0.0)	(100.0, 0.0)
1067R_S2_week27_S30_L001_R1_001	(0.0, 0.0)	(1.0, 0.0)	(2.0, 0.0)	(3.0, 0.0)	(4.0, 0.0)	(5.0, 0.0)	(6.0, 0.0)	(7.0, 0.0)	(8.0, 0.0)	(9.0, 0.0)	(10.0, 0.0)	(11.0, 0.0)	(12.0, 0.0)	(13.0, 0.0)	(14.0, 0.0)	(15.0, 0.0)	(16.0, 0.0)	(17.0, 0.0)	(18.0, 0.0)	(19.0, 0.0)	(20.0, 0.0)	(21.0, 0.0)	(22.0, 0.0)	(23.0, 0.0)	(24.0, 0.0)	(25.0, 0.0)	(26.0, 0.0)	(27.0, 0.0)	(28.0, 0.0)	(29.0, 0.0)	(30.0, 0.0)	(31.0, 0.0)	(32.0, 0.0)	(33.0, 0.25)	(34.0, 0.0)	(35.0, 0.0)	(36.0, 0.0)	(37.0, 0.3333333333333333)	(38.0, 0.3333333333333333)	(39.0, 1.0)	(40.0, 1.0)	(41.0, 1.0833333333333333)	(42.0, 9.25)	(43.0, 29.333333333333332)	(44.0, 117.58333333333334)	(45.0, 167.58333333333337)	(46.0, 379.91666666666265)	(47.0, 13540.00000000666)	(48.0, 14134.166666674377)	(49.0, 3334.583333333709)	(50.0, 3365.9166666670567)	(51.0, 8854.499999998263)	(52.0, 13254.500000006097)	(53.0, 5711.999999999312)	(54.0, 1240.2499999999977)	(55.0, 328.999999999999)	(56.0, 111.58333333333294)	(57.0, 53.083333333333414)	(58.0, 58.916666666666764)	(59.0, 48.33333333333339)	(60.0, 11.833333333333334)	(61.0, 6.166666666666666)	(62.0, 31.999999999999954)	(63.0, 6.166666666666665)	(64.0, 3.0)	(65.0, 1.1666666666666665)	(66.0, 0.5)	(67.0, 0.5)	(68.0, 0.0)	(69.0, 0.0)	(70.0, 0.0)	(71.0, 0.0)	(72.0, 0.0)	(73.0, 0.0)	(74.0, 0.0)	(75.0, 0.0)	(76.0, 0.0)	(77.0, 0.0)	(78.0, 0.0)	(79.0, 0.0)	(80.0, 0.0)	(81.0, 0.0)	(82.0, 0.0)	(83.0, 0.0)	(84.0, 0.0)	(85.0, 0.0)	(86.0, 0.0)	(87.0, 0.0)	(88.0, 0.0)	(89.0, 0.0)	(90.0, 0.0)	(91.0, 0.0)	(92.0, 0.0)	(93.0, 0.0)	(94.0, 0.0)	(95.0, 0.0)	(96.0, 0.0)	(97.0, 0.0)	(98.0, 0.0)	(99.0, 0.0)	(100.0, 0.0)
1067R_S2_week27_S30_L001_R2_001	(0.0, 0.0)	(1.0, 0.0)	(2.0, 0.0)	(3.0, 0.0)	(4.0, 0.0)	(5.0, 0.0)	(6.0, 0.0)	(7.0, 0.0)	(8.0, 0.0)	(9.0, 0.0)	(10.0, 0.0)	(11.0, 0.0)	(12.0, 0.0)	(13.0, 0.0)	(14.0, 0.0)	(15.0, 0.0)	(16.0, 0.0)	(17.0, 0.0)	(18.0, 0.0)	(19.0, 0.0)	(20.0, 0.0)	(21.0, 0.0)	(22.0, 0.0)	(23.0, 0.0)	(24.0, 0.0)	(25.0, 0.0)	(26.0, 0.0)	(27.0, 0.0)	(28.0, 0.0)	(29.0, 0.0)	(30.0, 0.6666666666666666)	(31.0, 0.6666666666666666)	(32.0, 0.0)	(33.0, 1.0)	(34.0, 1.5)	(35.0, 1.5)	(36.0, 4.5)	(37.0, 7.833333333333333)	(38.0, 7.166666666666667)	(39.0, 4.833333333333334)	(40.0, 10.166666666666666)	(41.0, 18.833333333333332)	(42.0, 24.666666666666668)	(43.0, 31.16666666666666)	(44.0, 71.16666666666671)	(45.0, 2136.166666666525)	(46.0, 13211.500000006106)	(47.0, 6302.833333332097)	(48.0, 1660.8333333332469)	(49.0, 798.5000000000146)	(50.0, 660.0000000000023)	(51.0, 3500.6666666670644)	(52.0, 4273.500000000521)	(53.0, 4569.83333333362)	(54.0, 3972.0833333338974)	(55.0, 1303.4166666666501)	(56.0, 7776.499999997851)	(57.0, 8099.666666664216)	(58.0, 1153.3333333333346)	(59.0, 492.4999999999977)	(60.0, 358.333333333333)	(61.0, 272.2500000000003)	(62.0, 196.83333333333348)	(63.0, 179.33333333333334)	(64.0, 153.08333333333337)	(65.0, 95.41666666666666)	(66.0, 85.16666666666667)	(67.0, 82.83333333333334)	(68.0, 64.33333333333334)	(69.0, 53.66666666666667)	(70.0, 47.666666666666664)	(71.0, 35.0)	(72.0, 41.166666666666664)	(73.0, 17.16666666666667)	(74.0, 10.5)	(75.0, 6.333333333333333)	(76.0, 7.833333333333333)	(77.0, 6.333333333333333)	(78.0, 3.1666666666666665)	(79.0, 2.1666666666666665)	(80.0, 0.5)	(81.0, 0.0)	(82.0, 0.0)	(83.0, 0.0)	(84.0, 0.0)	(85.0, 0.0)	(86.0, 0.0)	(87.0, 0.5)	(88.0, 1.0)	(89.0, 0.5)	(90.0, 0.0)	(91.0, 0.0)	(92.0, 0.0)	(93.0, 0.0)	(94.0, 0.0)	(95.0, 0.0)	(96.0, 0.3333333333333333)	(97.0, 0.0)	(98.0, 0.0)	(99.0, 0.0)	(100.0, 0.0)
1075R_RL_M_NS6_Pellet_week9_S3_L001_R1_001	(0.0, 0.0)	(1.0, 0.0)	(2.0, 0.0)	(3.0, 0.0)	(4.0, 0.0)	(5.0, 0.0)	(6.0, 0.0)	(7.0, 0.0)	(8.0, 0.0)	(9.0, 0.0)	(10.0, 0.0)	(11.0, 0.0)	(12.0, 0.0)	(13.0, 0.0)	(14.0, 0.0)	(15.0, 0.0)	(16.0, 0.0)	(17.0, 0.0)	(18.0, 0.0)	(19.0, 0.0)	(20.0, 0.0)	(21.0, 0.0)	(22.0, 0.0)	(23.0, 0.0)	(24.0, 0.0)	(25.0, 0.0)	(26.0, 0.0)	(27.0, 0.0)	(28.0, 0.0)	(29.0, 0.0)	(30.0, 0.0)	(31.0, 0.25)	(32.0, 1.25)	(33.0, 1.25)	(34.0, 0.75)	(35.0, 0.3333333333333333)	(36.0, 0.0)	(37.0, 0.0)	(38.0, 0.0)	(39.0, 0.5)	(40.0, 1.5)	(41.0, 6.5)	(42.0, 38.16666666666667)	(43.0, 63.91666666666667)	(44.0, 119.58333333333327)	(45.0, 537.4999999999933)	(46.0, 4066.833333334038)	(47.0, 7796.833333330759)	(48.0, 16176.750000011443)	(49.0, 3100.0000000002774)	(50.0, 972.2500000000364)	(51.0, 2847.8333333335)	(52.0, 7536.833333330977)	(53.0, 4609.083333333605)	(54.0, 738.5833333333463)	(55.0, 385.66666666666254)	(56.0, 82.08333333333327)	(57.0, 32.58333333333331)	(58.0, 27.58333333333331)	(59.0, 22.666666666666654)	(60.0, 7.333333333333332)	(61.0, 9.666666666666664)	(62.0, 50.16666666666675)	(63.0, 11.333333333333336)	(64.0, 2.333333333333333)	(65.0, 1.9999999999999998)	(66.0, 0.6666666666666666)	(67.0, 0.5)	(68.0, 0.5)	(69.0, 0.0)	(70.0, 0.0)	(71.0, 0.0)	(72.0, 0.0)	(73.0, 0.0)	(74.0, 0.0)	(75.0, 0.0)	(76.0, 0.0)	(77.0, 0.0)	(78.0, 0.0)	(79.0, 0.3333333333333333)	(80.0, 0.0)	(81.0, 0.0)	(82.0, 0.0)	(83.0, 0.0)	(84.0, 0.0)	(85.0, 0.0)	(86.0, 0.0)	(87.0, 0.0)	(88.0, 0.0)	(89.0, 0.0)	(90.0, 0.0)	(91.0, 0.0)	(92.0, 0.0)	(93.0, 0.0)	(94.0, 0.0)	(95.0, 0.0)	(96.0, 0.0)	(97.0, 0.0)	(98.0, 0.0)	(99.0, 0.0)	(100.0, 0.0)
1075R_RL_M_NS6_Pellet_week9_S3_L001_R2_001	(0.0, 0.0)	(1.0, 0.0)	(2.0, 0.0)	(3.0, 0.0)	(4.0, 0.0)	(5.0, 0.0)	(6.0, 0.0)	(7.0, 0.0)	(8.0, 0.0)	(9.0, 0.0)	(10.0, 0.0)	(11.0, 0.0)	(12.0, 0.0)	(13.0, 0.0)	(14.0, 0.0)	(15.0, 0.0)	(16.0, 0.0)	(17.0, 0.0)	(18.0, 0.0)	(19.0, 0.0)	(20.0, 0.0)	(21.0, 0.0)	(22.0, 0.0)	(23.0, 0.0)	(24.0, 0.0)	(25.0, 0.3333333333333333)	(26.0, 0.0)	(27.0, 0.3333333333333333)	(28.0, 0.3333333333333333)	(29.0, 0.3333333333333333)	(30.0, 0.0)	(31.0, 0.0)	(32.0, 0.0)	(33.0, 0.3333333333333333)	(34.0, 0.6666666666666666)	(35.0, 0.3333333333333333)	(36.0, 0.0)	(37.0, 1.3333333333333333)	(38.0, 3.0)	(39.0, 4.0)	(40.0, 5.5)	(41.0, 11.0)	(42.0, 20.166666666666664)	(43.0, 27.5)	(44.0, 57.50000000000006)	(45.0, 924.1666666666983)	(46.0, 7775.6666666641595)	(47.0, 13567.333333339837)	(48.0, 10114.833333333765)	(49.0, 2501.2500000000146)	(50.0, 703.916666666674)	(51.0, 3136.7500000002406)	(52.0, 3101.166666666893)	(53.0, 2335.3333333332844)	(54.0, 3656.4166666670944)	(55.0, 1065.6666666666852)	(56.0, 2696.8333333333862)	(57.0, 2737.3333333334194)	(58.0, 456.41666666666373)	(59.0, 242.00000000000037)	(60.0, 199.0000000000002)	(61.0, 149.99999999999994)	(62.0, 113.5)	(63.0, 95.5)	(64.0, 88.16666666666666)	(65.0, 65.75)	(66.0, 55.66666666666667)	(67.0, 53.5)	(68.0, 40.166666666666664)	(69.0, 27.999999999999996)	(70.0, 21.666666666666664)	(71.0, 21.66666666666666)	(72.0, 47.50000000000003)	(73.0, 17.666666666666668)	(74.0, 5.499999999999999)	(75.0, 2.0)	(76.0, 0.5)	(77.0, 0.5)	(78.0, 0.5)	(79.0, 0.0)	(80.0, 0.0)	(81.0, 0.0)	(82.0, 1.3333333333333333)	(83.0, 1.8333333333333333)	(84.0, 0.5)	(85.0, 0.0)	(86.0, 0.25)	(87.0, 0.25)	(88.0, 0.0)	(89.0, 0.0)	(90.0, 0.0)	(91.0, 0.0)	(92.0, 0.0)	(93.0, 0.0)	(94.0, 0.0)	(95.0, 0.3333333333333333)	(96.0, 0.0)	(97.0, 0.0)	(98.0, 0.0)	(99.0, 0.0)	(100.0, 0.8333333333333333)
1152R_0_M_S2_week5_S36_L001_R1_001	(0.0, 0.0)	(1.0, 0.0)	(2.0, 0.0)	(3.0, 0.0)	(4.0, 0.0)	(5.0, 0.0)	(6.0, 0.0)	(7.0, 0.0)	(8.0, 0.0)	(9.0, 0.0)	(10.0, 0.0)	(11.0, 0.0)	(12.0, 0.0)	(13.0, 0.0)	(14.0, 0.0)	(15.0, 0.0)	(16.0, 0.0)	(17.0, 0.0)	(18.0, 0.0)	(19.0, 0.0)	(20.0, 0.0)	(21.0, 0.0)	(22.0, 0.0)	(23.0, 0.0)	(24.0, 0.0)	(25.0, 0.0)	(26.0, 0.0)	(27.0, 0.0)	(28.0, 0.0)	(29.0, 0.0)	(30.0, 0.0)	(31.0, 0.0)	(32.0, 0.25)	(33.0, 0.0)	(34.0, 0.0)	(35.0, 0.0)	(36.0, 0.0)	(37.0, 0.0)	(38.0, 0.3333333333333333)	(39.0, 1.0833333333333333)	(40.0, 0.8333333333333333)	(41.0, 2.25)	(42.0, 6.666666666666666)	(43.0, 27.416666666666664)	(44.0, 106.66666666666666)	(45.0, 144.08333333333334)	(46.0, 277.08333333333445)	(47.0, 14833.000000009019)	(48.0, 16896.000000009954)	(49.0, 3550.5833333338055)	(50.0, 4000.4166666673345)	(51.0, 11601.166666669822)	(52.0, 15182.833333342918)	(53.0, 7288.833333331247)	(54.0, 2888.916666666848)	(55.0, 623.8333333333345)	(56.0, 193.0000000000007)	(57.0, 77.08333333333336)	(58.0, 98.41666666666647)	(59.0, 86.7499999999999)	(60.0, 14.000000000000005)	(61.0, 7.666666666666666)	(62.0, 17.083333333333336)	(63.0, 5.499999999999999)	(64.0, 0.5)	(65.0, 0.5)	(66.0, 0.5)	(67.0, 0.0)	(68.0, 0.0)	(69.0, 0.0)	(70.0, 0.0)	(71.0, 0.0)	(72.0, 0.0)	(73.0, 0.0)	(74.0, 0.0)	(75.0, 0.0)	(76.0, 0.0)	(77.0, 0.0)	(78.0, 0.0)	(79.0, 0.0)	(80.0, 0.0)	(81.0, 0.0)	(82.0, 0.0)	(83.0, 0.0)	(84.0, 0.0)	(85.0, 0.0)	(86.0, 0.0)	(87.0, 0.0)	(88.0, 0.0)	(89.0, 0.0)	(90.0, 0.0)	(91.0, 0.0)	(92.0, 0.0)	(93.0, 0.0)	(94.0, 0.0)	(95.0, 0.0)	(96.0, 0.0)	(97.0, 0.0)	(98.0, 0.0)	(99.0, 0.0)	(100.0, 0.0)
1152R_0_M_S2_week5_S36_L001_R2_001	(0.0, 0.0)	(1.0, 0.0)	(2.0, 0.0)	(3.0, 0.0)	(4.0, 0.0)	(5.0, 0.0)	(6.0, 0.0)	(7.0, 0.0)	(8.0, 0.0)	(9.0, 0.0)	(10.0, 0.0)	(11.0, 0.0)	(12.0, 0.0)	(13.0, 0.0)	(14.0, 0.0)	(15.0, 0.0)	(16.0, 0.0)	(17.0, 0.0)	(18.0, 0.0)	(19.0, 0.0)	(20.0, 0.0)	(21.0, 0.0)	(22.0, 0.0)	(23.0, 0.0)	(24.0, 0.0)	(25.0, 0.0)	(26.0, 0.0)	(27.0, 0.0)	(28.0, 0.0)	(29.0, 0.0)	(30.0, 0.0)	(31.0, 0.0)	(32.0, 0.3333333333333333)	(33.0, 0.0)	(34.0, 0.5)	(35.0, 1.5)	(36.0, 3.5)	(37.0, 6.5)	(38.0, 8.166666666666666)	(39.0, 6.333333333333333)	(40.0, 7.499999999999999)	(41.0, 12.5)	(42.0, 19.666666666666668)	(43.0, 28.166666666666657)	(44.0, 51.00000000000006)	(45.0, 876.0000000000281)	(46.0, 13752.833333340412)	(47.0, 11747.416666670097)	(48.0, 1185.250000000005)	(49.0, 673.5000000000042)	(50.0, 603.1666666666678)	(51.0, 2637.333333333397)	(52.0, 3259.6666666669676)	(53.0, 7064.833333331571)	(54.0, 6348.249999998916)	(55.0, 1857.3333333332507)	(56.0, 11350.833333335597)	(57.0, 10715.916666667968)	(58.0, 1476.1666666666326)	(59.0, 642.2500000000017)	(60.0, 627.6666666666677)	(61.0, 562.2499999999991)	(62.0, 312.33333333333337)	(63.0, 242.66666666666694)	(64.0, 226.3333333333337)	(65.0, 162.16666666666674)	(66.0, 134.83333333333331)	(67.0, 112.83333333333331)	(68.0, 91.33333333333331)	(69.0, 76.83333333333333)	(70.0, 59.5)	(71.0, 45.75000000000001)	(72.0, 41.833333333333336)	(73.0, 27.166666666666664)	(74.0, 22.333333333333336)	(75.0, 12.833333333333332)	(76.0, 4.5)	(77.0, 3.5)	(78.0, 1.5)	(79.0, 1.0)	(80.0, 1.0)	(81.0, 1.0)	(82.0, 1.0)	(83.0, 0.0)	(84.0, 0.5)	(85.0, 0.5)	(86.0, 0.0)	(87.0, 0.0)	(88.0, 0.3333333333333333)	(89.0, 0.0)	(90.0, 0.5)	(91.0, 0.5)	(92.0, 0.0)	(93.0, 0.5)	(94.0, 1.0)	(95.0, 0.5)	(96.0, 0.25)	(97.0, 0.5833333333333333)	(98.0, 0.0)	(99.0, 0.0)	(100.0, 0.0)
1152R_L_M_S2_diabetes_S9_L001_R1_001	(0.0, 0.0)	(1.0, 0.0)	(2.0, 0.0)	(3.0, 0.0)	(4.0, 0.0)	(5.0, 0.0)	(6.0, 0.0)	(7.0, 0.0)	(8.0, 0.0)	(9.0, 0.0)	(10.0, 0.0)	(11.0, 0.0)	(12.0, 0.0)	(13.0, 0.0)	(14.0, 0.0)	(15.0, 0.0)	(16.0, 0.0)	(17.0, 0.0)	(18.0, 0.0)	(19.0, 0.0)	(20.0, 0.0)	(21.0, 0.0)	(22.0, 0.0)	(23.0, 0.0)	(24.0, 0.0)	(25.0, 0.0)	(26.0, 0.0)	(27.0, 0.0)	(28.0, 0.0)	(29.0, 0.0)	(30.0, 0.0)	(31.0, 0.25)	(32.0, 0.25)	(33.0, 0.25)	(34.0, 0.0)	(35.0, 0.25)	(36.0, 0.5)	(37.0, 0.0)	(38.0, 0.0)	(39.0, 0.0)	(40.0, 0.5)	(41.0, 2.583333333333333)	(42.0, 7.833333333333333)	(43.0, 35.0)	(44.0, 132.5)	(45.0, 201.58333333333348)	(46.0, 476.83333333332547)	(47.0, 18571.333333337254)	(48.0, 19612.583333333543)	(49.0, 4105.9166666673755)	(50.0, 3988.5833333340056)	(51.0, 6424.9999999986685)	(52.0, 12029.083333337243)	(53.0, 6992.166666664828)	(54.0, 1527.8333333332703)	(55.0, 387.08333333332945)	(56.0, 130.4166666666662)	(57.0, 63.00000000000009)	(58.0, 55.50000000000011)	(59.0, 46.66666666666672)	(60.0, 10.500000000000002)	(61.0, 10.333333333333334)	(62.0, 57.000000000000135)	(63.0, 14.833333333333341)	(64.0, 6.166666666666666)	(65.0, 4.666666666666666)	(66.0, 2.6666666666666665)	(67.0, 0.3333333333333333)	(68.0, 0.0)	(69.0, 0.0)	(70.0, 0.0)	(71.0, 0.0)	(72.0, 0.0)	(73.0, 0.0)	(74.0, 0.0)	(75.0, 0.0)	(76.0, 0.0)	(77.0, 0.0)	(78.0, 0.0)	(79.0, 0.0)	(80.0, 0.0)	(81.0, 0.0)	(82.0, 0.0)	(83.0, 0.0)	(84.0, 0.0)	(85.0, 0.0)	(86.0, 0.0)	(87.0, 0.0)	(88.0, 0.0)	(89.0, 0.0)	(90.0, 0.0)	(91.0, 0.0)	(92.0, 0.0)	(93.0, 0.0)	(94.0, 0.0)	(95.0, 0.0)	(96.0, 0.0)	(97.0, 0.0)	(98.0, 0.0)	(99.0, 0.0)	(100.0, 0.0)
1152R_L_M_S2_diabetes_S9_L001_R2_001	(0.0, 0.0)	(1.0, 0.0)	(2.0, 0.0)	(3.0, 0.0)	(4.0, 0.0)	(5.0, 0.0)	(6.0, 0.0)	(7.0, 0.0)	(8.0, 0.0)	(9.0, 0.0)	(10.0, 0.0)	(11.0, 0.0)	(12.0, 0.0)	(13.0, 0.0)	(14.0, 0.0)	(15.0, 0.0)	(16.0, 0.0)	(17.0, 0.0)	(18.0, 0.0)	(19.0, 0.0)	(20.0, 0.0)	(21.0, 0.0)	(22.0, 0.0)	(23.0, 0.0)	(24.0, 0.0)	(25.0, 0.0)	(26.0, 0.0)	(27.0, 0.0)	(28.0, 0.3333333333333333)	(29.0, 0.0)	(30.0, 0.8333333333333333)	(31.0, 0.5)	(32.0, 0.5)	(33.0, 2.0)	(34.0, 2.0)	(35.0, 1.0)	(36.0, 2.0)	(37.0, 3.833333333333333)	(38.0, 6.583333333333333)	(39.0, 10.166666666666666)	(40.0, 14.0)	(41.0, 16.416666666666668)	(42.0, 23.08333333333333)	(43.0, 40.083333333333336)	(44.0, 103.49999999999983)	(45.0, 2811.6666666668234)	(46.0, 17770.66666667351)	(47.0, 8678.166666664609)	(48.0, 1762.4999999998981)	(49.0, 918.2500000000199)	(50.0, 756.7500000000093)	(51.0, 4308.000000000488)	(52.0, 5634.749999999465)	(53.0, 6123.999999999106)	(54.0, 5062.333333333266)	(55.0, 1484.2499999999727)	(56.0, 5969.33333333269)	(57.0, 6025.833333332605)	(58.0, 1091.0000000000102)	(59.0, 499.9999999999981)	(60.0, 404.6666666666659)	(61.0, 331.1666666666662)	(62.0, 234.75000000000014)	(63.0, 166.33333333333337)	(64.0, 141.50000000000003)	(65.0, 103.0833333333333)	(66.0, 77.83333333333333)	(67.0, 70.49999999999999)	(68.0, 59.833333333333336)	(69.0, 45.16666666666667)	(70.0, 35.66666666666667)	(71.0, 35.33333333333333)	(72.0, 64.00000000000006)	(73.0, 22.833333333333325)	(74.0, 8.666666666666666)	(75.0, 7.166666666666666)	(76.0, 1.8333333333333333)	(77.0, 1.3333333333333333)	(78.0, 1.5)	(79.0, 0.5)	(80.0, 0.0)	(81.0, 0.5)	(82.0, 0.8333333333333333)	(83.0, 0.0)	(84.0, 0.5)	(85.0, 0.5)	(86.0, 0.9166666666666665)	(87.0, 0.5833333333333333)	(88.0, 0.8333333333333333)	(89.0, 0.5)	(90.0, 0.0)	(91.0, 0.0)	(92.0, 0.0)	(93.0, 0.0)	(94.0, 0.0)	(95.0, 0.0)	(96.0, 0.0)	(97.0, 0.0)	(98.0, 0.0)	(99.0, 0.0)	(100.0, 1.0)
1152R_L_M_S2_week5_S37_L001_R1_001	(0.0, 0.0)	(1.0, 0.0)	(2.0, 0.0)	(3.0, 0.0)	(4.0, 0.0)	(5.0, 0.0)	(6.0, 0.0)	(7.0, 0.0)	(8.0, 0.0)	(9.0, 0.0)	(10.0, 0.0)	(11.0, 0.0)	(12.0, 0.0)	(13.0, 0.0)	(14.0, 0.0)	(15.0, 0.0)	(16.0, 0.0)	(17.0, 0.0)	(18.0, 0.0)	(19.0, 0.0)	(20.0, 0.0)	(21.0, 0.0)	(22.0, 0.0)	(23.0, 0.0)	(24.0, 0.0)	(25.0, 0.0)	(26.0, 0.0)	(27.0, 0.0)	(28.0, 0.0)	(29.0, 0.0)	(30.0, 0.0)	(31.0, 0.0)	(32.0, 0.25)	(33.0, 0.25)	(34.0, 0.0)	(35.0, 0.0)	(36.0, 0.25)	(37.0, 0.0)	(38.0, 0.0)	(39.0, 0.0)	(40.0, 1.0833333333333333)	(41.0, 3.7500000000000004)	(42.0, 11.0)	(43.0, 34.83333333333333)	(44.0, 120.99999999999997)	(45.0, 166.8333333333334)	(46.0, 342.74999999999756)	(47.0, 17675.33333334051)	(48.0, 19339.08333333451)	(49.0, 3373.500000000393)	(50.0, 3513.9166666671194)	(51.0, 9293.416666665687)	(52.0, 14260.833333341285)	(53.0, 7718.416666664182)	(54.0, 2243.166666666576)	(55.0, 565.5833333333287)	(56.0, 182.0833333333339)	(57.0, 80.0833333333333)	(58.0, 108.16666666666636)	(59.0, 97.74999999999979)	(60.0, 24.33333333333333)	(61.0, 12.833333333333337)	(62.0, 15.666666666666675)	(63.0, 4.166666666666667)	(64.0, 0.8333333333333333)	(65.0, 0.3333333333333333)	(66.0, 0.3333333333333333)	(67.0, 0.3333333333333333)	(68.0, 0.3333333333333333)	(69.0, 0.0)	(70.0, 0.0)	(71.0, 0.0)	(72.0, 0.0)	(73.0, 0.0)	(74.0, 0.0)	(75.0, 0.0)	(76.0, 0.0)	(77.0, 0.0)	(78.0, 0.0)	(79.0, 0.0)	(80.0, 0.0)	(81.0, 0.0)	(82.0, 0.0)	(83.0, 0.0)	(84.0, 0.0)	(85.0, 0.0)	(86.0, 0.0)	(87.0, 0.0)	(88.0, 0.0)	(89.0, 0.0)	(90.0, 0.0)	(91.0, 0.0)	(92.0, 0.0)	(93.0, 0.0)	(94.0, 0.0)	(95.0, 0.0)	(96.0, 0.0)	(97.0, 0.0)	(98.0, 0.0)	(99.0, 0.0)	(100.0, 0.0)
1152R_L_M_S2_week5_S37_L001_R2_001	(0.0, 0.0)	(1.0, 0.0)	(2.0, 0.0)	(3.0, 0.0)	(4.0, 0.0)	(5.0, 0.0)	(6.0, 0.0)	(7.0, 0.0)	(8.0, 0.0)	(9.0, 0.0)	(10.0, 0.0)	(11.0, 0.0)	(12.0, 0.0)	(13.0, 0.0)	(14.0, 0.0)	(15.0, 0.0)	(16.0, 0.0)	(17.0, 0.0)	(18.0, 0.0)	(19.0, 0.0)	(20.0, 0.0)	(21.0, 0.0)	(22.0, 0.0)	(23.0, 0.0)	(24.0, 0.0)	(25.0, 0.0)	(26.0, 0.3333333333333333)	(27.0, 0.3333333333333333)	(28.0, 0.3333333333333333)	(29.0, 0.0)	(30.0, 0.0)	(31.0, 0.5)	(32.0, 0.5)	(33.0, 0.5)	(34.0, 1.0)	(35.0, 2.0)	(36.0, 3.5)	(37.0, 4.833333333333333)	(38.0, 6.833333333333333)	(39.0, 9.833333333333334)	(40.0, 10.0)	(41.0, 9.5)	(42.0, 14.000000000000002)	(43.0, 29.499999999999993)	(44.0, 60.66666666666675)	(45.0, 1454.1666666666151)	(46.0, 16580.16666667784)	(47.0, 12481.333333338112)	(48.0, 1270.3333333333198)	(49.0, 706.8333333333408)	(50.0, 634.7500000000031)	(51.0, 4048.6666666673013)	(52.0, 4620.66666666692)	(53.0, 6347.7499999988595)	(54.0, 5609.916666666174)	(55.0, 1650.6666666666163)	(56.0, 8963.083333331962)	(57.0, 8644.66666666492)	(58.0, 1237.3333333333237)	(59.0, 576.9999999999999)	(60.0, 589.166666666667)	(61.0, 525.1666666666646)	(62.0, 301.5)	(63.0, 251.58333333333346)	(64.0, 231.50000000000034)	(65.0, 157.66666666666666)	(66.0, 126.49999999999997)	(67.0, 100.91666666666664)	(68.0, 86.16666666666666)	(69.0, 74.83333333333334)	(70.0, 65.0)	(71.0, 54.16666666666667)	(72.0, 43.000000000000014)	(73.0, 23.666666666666664)	(74.0, 13.666666666666666)	(75.0, 9.333333333333332)	(76.0, 8.5)	(77.0, 8.0)	(78.0, 4.0)	(79.0, 1.3333333333333333)	(80.0, 0.8333333333333333)	(81.0, 1.5)	(82.0, 1.5)	(83.0, 0.8333333333333333)	(84.0, 0.3333333333333333)	(85.0, 0.0)	(86.0, 0.0)	(87.0, 0.0)	(88.0, 0.0)	(89.0, 0.0)	(90.0, 0.0)	(91.0, 0.0)	(92.0, 0.0)	(93.0, 0.3333333333333333)	(94.0, 0.0)	(95.0, 0.0)	(96.0, 0.0)	(97.0, 0.3333333333333333)	(98.0, 0.3333333333333333)	(99.0, 0.0)	(100.0, 0.0)
1152R_L_M_S2_week9_S64_L001_R1_001	(0.0, 0.0)	(1.0, 0.0)	(2.0, 0.0)	(3.0, 0.0)	(4.0, 0.0)	(5.0, 0.0)	(6.0, 0.0)	(7.0, 0.0)	(8.0, 0.0)	(9.0, 0.0)	(10.0, 0.0)	(11.0, 0.0)	(12.0, 0.0)	(13.0, 0.0)	(14.0, 0.0)	(15.0, 0.0)	(16.0, 0.0)	(17.0, 0.0)	(18.0, 0.0)	(19.0, 0.0)	(20.0, 0.0)	(21.0, 0.0)	(22.0, 0.0)	(23.0, 0.0)	(24.0, 0.0)	(25.0, 0.0)	(26.0, 0.0)	(27.0, 0.0)	(28.0, 0.0)	(29.0, 0.0)	(30.0, 0.0)	(31.0, 0.0)	(32.0, 1.0833333333333333)	(33.0, 0.5833333333333333)	(34.0, 0.0)	(35.0, 0.25)	(36.0, 0.0)	(37.0, 0.0)	(38.0, 0.0)	(39.0, 0.0)	(40.0, 0.3333333333333333)	(41.0, 1.8333333333333333)	(42.0, 4.5)	(43.0, 23.666666666666664)	(44.0, 95.83333333333334)	(45.0, 135.6666666666666)	(46.0, 300.99999999999983)	(47.0, 13208.166666672729)	(48.0, 14301.000000008025)	(49.0, 3559.0833333338064)	(50.0, 3618.6666666671595)	(51.0, 12711.916666671801)	(52.0, 16492.166666677993)	(53.0, 5054.083333333219)	(54.0, 1119.2500000000227)	(55.0, 466.91666666665907)	(56.0, 153.9166666666666)	(57.0, 61.58333333333344)	(58.0, 67.2500000000001)	(59.0, 53.25000000000008)	(60.0, 14.666666666666671)	(61.0, 8.833333333333332)	(62.0, 36.249999999999986)	(63.0, 8.166666666666664)	(64.0, 1.9999999999999998)	(65.0, 1.3333333333333333)	(66.0, 0.8333333333333333)	(67.0, 0.3333333333333333)	(68.0, 0.0)	(69.0, 0.0)	(70.0, 0.0)	(71.0, 0.0)	(72.0, 0.0)	(73.0, 0.0)	(74.0, 0.0)	(75.0, 0.0)	(76.0, 0.0)	(77.0, 0.0)	(78.0, 0.0)	(79.0, 0.0)	(80.0, 0.0)	(81.0, 0.0)	(82.0, 0.0)	(83.0, 0.0)	(84.0, 0.0)	(85.0, 0.0)	(86.0, 0.0)	(87.0, 0.0)	(88.0, 0.0)	(89.0, 0.0)	(90.0, 0.0)	(91.0, 0.0)	(92.0, 0.0)	(93.0, 0.0)	(94.0, 0.0)	(95.0, 0.0)	(96.0, 0.0)	(97.0, 0.0)	(98.0, 0.0)	(99.0, 0.0)	(100.0, 0.0)
1152R_L_M_S2_week9_S64_L001_R2_001	(0.0, 0.0)	(1.0, 0.0)	(2.0, 0.0)	(3.0, 0.0)	(4.0, 0.0)	(5.0, 0.0)	(6.0, 0.0)	(7.0, 0.5)	(8.0, 0.5)	(9.0, 0.0)	(10.0, 0.0)	(11.0, 0.0)	(12.0, 0.0)	(13.0, 0.0)	(14.0, 0.0)	(15.0, 0.0)	(16.0, 0.0)	(17.0, 0.0)	(18.0, 0.0)	(19.0, 0.0)	(20.0, 0.0)	(21.0, 0.0)	(22.0, 0.0)	(23.0, 0.0)	(24.0, 0.0)	(25.0, 0.0)	(26.0, 0.0)	(27.0, 0.3333333333333333)	(28.0, 0.6666666666666666)	(29.0, 0.3333333333333333)	(30.0, 1.5833333333333333)	(31.0, 1.0)	(32.0, 0.3333333333333333)	(33.0, 0.3333333333333333)	(34.0, 0.3333333333333333)	(35.0, 1.0)	(36.0, 2.5)	(37.0, 3.833333333333333)	(38.0, 5.0)	(39.0, 4.0)	(40.0, 11.333333333333334)	(41.0, 16.166666666666664)	(42.0, 17.916666666666668)	(43.0, 28.833333333333325)	(44.0, 58.83333333333341)	(45.0, 1503.3333333332728)	(46.0, 12394.666666671288)	(47.0, 7746.749999997466)	(48.0, 1665.8333333332505)	(49.0, 821.1666666666811)	(50.0, 623.8333333333346)	(51.0, 2903.583333333499)	(52.0, 3537.333333333743)	(53.0, 4907.333333333363)	(54.0, 4287.6666666671235)	(55.0, 1493.49999999997)	(56.0, 10808.333333334633)	(57.0, 11794.416666669526)	(58.0, 1734.1666666665988)	(59.0, 699.3333333333374)	(60.0, 555.1666666666654)	(61.0, 473.8333333333315)	(62.0, 275.16666666666674)	(63.0, 214.1666666666667)	(64.0, 187.50000000000014)	(65.0, 133.3333333333333)	(66.0, 114.91666666666667)	(67.0, 99.16666666666666)	(68.0, 77.83333333333333)	(69.0, 60.0)	(70.0, 42.166666666666664)	(71.0, 31.666666666666664)	(72.0, 47.83333333333334)	(73.0, 23.333333333333332)	(74.0, 6.833333333333333)	(75.0, 5.0)	(76.0, 7.166666666666666)	(77.0, 4.833333333333333)	(78.0, 2.5)	(79.0, 1.5)	(80.0, 0.5)	(81.0, 0.0)	(82.0, 0.3333333333333333)	(83.0, 0.0)	(84.0, 0.0)	(85.0, 0.0)	(86.0, 0.0)	(87.0, 0.0)	(88.0, 0.5)	(89.0, 0.5)	(90.0, 0.5)	(91.0, 1.0)	(92.0, 0.5)	(93.0, 0.5)	(94.0, 0.5)	(95.0, 0.8333333333333333)	(96.0, 0.8333333333333333)	(97.0, 0.0)	(98.0, 0.0)	(99.0, 0.0)	(100.0, 0.0)
1152R_R_M_S2_week5_S38_L001_R1_001	(0.0, 0.0)	(1.0, 0.0)	(2.0, 0.0)	(3.0, 0.0)	(4.0, 0.0)	(5.0, 0.0)	(6.0, 0.0)	(7.0, 0.0)	(8.0, 0.0)	(9.0, 0.0)	(10.0, 0.0)	(11.0, 0.0)	(12.0, 0.0)	(13.0, 0.0)	(14.0, 0.0)	(15.0, 0.0)	(16.0, 0.0)	(17.0, 0.0)	(18.0, 0.0)	(19.0, 0.0)	(20.0, 0.0)	(21.0, 0.0)	(22.0, 0.0)	(23.0, 0.0)	(24.0, 0.0)	(25.0, 0.0)	(26.0, 0.0)	(27.0, 0.0)	(28.0, 0.0)	(29.0, 0.0)	(30.0, 0.0)	(31.0, 0.25)	(32.0, 0.5)	(33.0, 0.0)	(34.0, 0.3333333333333333)	(35.0, 0.3333333333333333)	(36.0, 0.0)	(37.0, 0.6666666666666666)	(38.0, 0.6666666666666666)	(39.0, 0.0)	(40.0, 0.0)	(41.0, 1.3333333333333333)	(42.0, 5.166666666666666)	(43.0, 15.75)	(44.0, 61.66666666666667)	(45.0, 101.58333333333331)	(46.0, 210.00000000000136)	(47.0, 9192.916666665507)	(48.0, 10665.666666668141)	(49.0, 2543.33333333337)	(50.0, 2773.583333333468)	(51.0, 9253.416666665637)	(52.0, 12534.750000004842)	(53.0, 5685.249999999323)	(54.0, 1818.2499999998747)	(55.0, 417.08333333332826)	(56.0, 137.3333333333331)	(57.0, 61.25000000000008)	(58.0, 104.49999999999973)	(59.0, 91.49999999999984)	(60.0, 14.000000000000002)	(61.0, 6.333333333333334)	(62.0, 10.0)	(63.0, 2.1666666666666665)	(64.0, 0.8333333333333333)	(65.0, 1.3333333333333333)	(66.0, 0.8333333333333333)	(67.0, 0.3333333333333333)	(68.0, 0.0)	(69.0, 0.0)	(70.0, 0.0)	(71.0, 0.3333333333333333)	(72.0, 0.3333333333333333)	(73.0, 0.0)	(74.0, 0.0)	(75.0, 0.0)	(76.0, 0.0)	(77.0, 0.0)	(78.0, 0.0)	(79.0, 0.0)	(80.0, 0.0)	(81.0, 0.0)	(82.0, 0.0)	(83.0, 0.0)	(84.0, 0.0)	(85.0, 0.0)	(86.0, 0.0)	(87.0, 0.0)	(88.0, 0.0)	(89.0, 0.0)	(90.0, 0.0)	(91.0, 0.0)	(92.0, 0.0)	(93.0, 0.0)	(94.0, 0.0)	(95.0, 0.0)	(96.0, 0.0)	(97.0, 0.0)	(98.0, 0.0)	(99.0, 0.0)	(100.0, 0.0)
1152R_R_M_S2_week5_S38_L001_R2_001	(0.0, 0.0)	(1.0, 0.0)	(2.0, 0.0)	(3.0, 0.0)	(4.0, 0.0)	(5.0, 0.0)	(6.0, 0.0)	(7.0, 0.0)	(8.0, 0.0)	(9.0, 0.0)	(10.0, 0.0)	(11.0, 0.0)	(12.0, 0.0)	(13.0, 0.0)	(14.0, 0.0)	(15.0, 0.0)	(16.0, 0.0)	(17.0, 0.0)	(18.0, 0.0)	(19.0, 0.0)	(20.0, 0.0)	(21.0, 0.0)	(22.0, 0.0)	(23.0, 0.0)	(24.0, 0.0)	(25.0, 0.0)	(26.0, 0.0)	(27.0, 0.3333333333333333)	(28.0, 0.3333333333333333)	(29.0, 0.0)	(30.0, 0.0)	(31.0, 0.3333333333333333)	(32.0, 0.0)	(33.0, 0.5)	(34.0, 0.5)	(35.0, 1.0)	(36.0, 2.0)	(37.0, 1.0)	(38.0, 1.0)	(39.0, 1.8333333333333333)	(40.0, 1.8333333333333333)	(41.0, 8.833333333333332)	(42.0, 15.666666666666668)	(43.0, 17.666666666666668)	(44.0, 33.66666666666666)	(45.0, 672.3333333333402)	(46.0, 8488.999999997572)	(47.0, 6745.833333331685)	(48.0, 710.1666666666764)	(49.0, 436.74999999999596)	(50.0, 434.5833333333295)	(51.0, 2564.5000000000377)	(52.0, 3000.6666666668752)	(53.0, 5054.999999999918)	(54.0, 4459.833333333688)	(55.0, 1440.8333333333067)	(56.0, 8716.083333331537)	(57.0, 8617.749999998097)	(58.0, 1207.5833333333298)	(59.0, 515.416666666664)	(60.0, 452.58333333333144)	(61.0, 391.83333333333235)	(62.0, 255.08333333333354)	(63.0, 208.33333333333348)	(64.0, 185.8333333333336)	(65.0, 125.99999999999996)	(66.0, 105.16666666666666)	(67.0, 85.99999999999999)	(68.0, 73.66666666666667)	(69.0, 60.0)	(70.0, 37.5)	(71.0, 27.0)	(72.0, 31.499999999999996)	(73.0, 23.833333333333332)	(74.0, 15.333333333333334)	(75.0, 7.5)	(76.0, 2.333333333333333)	(77.0, 1.0)	(78.0, 0.0)	(79.0, 1.0)	(80.0, 2.5)	(81.0, 2.0)	(82.0, 0.5)	(83.0, 1.8333333333333333)	(84.0, 1.8333333333333333)	(85.0, 0.0)	(86.0, 0.8333333333333333)	(87.0, 1.0)	(88.0, 0.5)	(89.0, 0.0)	(90.0, 0.0)	(91.0, 0.0)	(92.0, 0.0)	(93.0, 0.0)	(94.0, 0.0)	(95.0, 0.0)	(96.0, 0.0)	(97.0, 0.0)	(98.0, 0.0)	(99.0, 0.0)	(100.0, 0.0)
1152R_R_M_S2_week9_S65_L001_R1_001	(0.0, 0.0)	(1.0, 0.0)	(2.0, 0.0)	(3.0, 0.0)	(4.0, 0.0)	(5.0, 0.0)	(6.0, 0.0)	(7.0, 0.0)	(8.0, 0.0)	(9.0, 0.0)	(10.0, 0.0)	(11.0, 0.0)	(12.0, 0.0)	(13.0, 0.0)	(14.0, 0.0)	(15.0, 0.0)	(16.0, 0.0)	(17.0, 0.0)	(18.0, 0.0)	(19.0, 0.0)	(20.0, 0.0)	(21.0, 0.0)	(22.0, 0.0)	(23.0, 0.0)	(24.0, 0.0)	(25.0, 0.0)	(26.0, 0.0)	(27.0, 0.0)	(28.0, 0.0)	(29.0, 0.0)	(30.0, 0.0)	(31.0, 0.0)	(32.0, 0.25)	(33.0, 0.0)	(34.0, 0.25)	(35.0, 0.0)	(36.0, 0.0)	(37.0, 0.5)	(38.0, 0.5)	(39.0, 0.0)	(40.0, 0.0)	(41.0, 1.0)	(42.0, 6.833333333333333)	(43.0, 22.0)	(44.0, 66.16666666666669)	(45.0, 113.8333333333333)	(46.0, 269.2500000000015)	(47.0, 10539.750000001268)	(48.0, 11359.000000002727)	(49.0, 2733.2500000001173)	(50.0, 2759.500000000129)	(51.0, 9837.500000000018)	(52.0, 12532.916666671494)	(53.0, 3737.416666667217)	(54.0, 930.5833333333659)	(55.0, 319.0833333333328)	(56.0, 97.1666666666665)	(57.0, 37.49999999999998)	(58.0, 49.83333333333338)	(59.0, 47.00000000000005)	(60.0, 5.333333333333333)	(61.0, 3.5000000000000004)	(62.0, 24.33333333333331)	(63.0, 7.166666666666665)	(64.0, 3.166666666666667)	(65.0, 2.1666666666666665)	(66.0, 1.4999999999999998)	(67.0, 0.3333333333333333)	(68.0, 0.0)	(69.0, 0.0)	(70.0, 0.0)	(71.0, 0.0)	(72.0, 0.0)	(73.0, 0.0)	(74.0, 0.0)	(75.0, 0.0)	(76.0, 0.0)	(77.0, 0.0)	(78.0, 0.0)	(79.0, 0.0)	(80.0, 0.0)	(81.0, 0.0)	(82.0, 0.0)	(83.0, 0.0)	(84.0, 0.0)	(85.0, 0.0)	(86.0, 0.0)	(87.0, 0.0)	(88.0, 0.0)	(89.0, 0.0)	(90.0, 0.0)	(91.0, 0.0)	(92.0, 0.0)	(93.0, 0.0)	(94.0, 0.0)	(95.0, 0.0)	(96.0, 0.0)	(97.0, 0.0)	(98.0, 0.0)	(99.0, 0.0)	(100.0, 0.0)
1152R_R_M_S2_week9_S65_L001_R2_001	(0.0, 0.0)	(1.0, 0.0)	(2.0, 0.0)	(3.0, 0.0)	(4.0, 0.0)	(5.0, 0.0)	(6.0, 0.0)	(7.0, 0.0)	(8.0, 0.0)	(9.0, 0.0)	(10.0, 0.0)	(11.0, 0.0)	(12.0, 0.0)	(13.0, 0.0)	(14.0, 0.0)	(15.0, 0.0)	(16.0, 0.0)	(17.0, 0.0)	(18.0, 0.0)	(19.0, 0.0)	(20.0, 0.0)	(21.0, 0.0)	(22.0, 0.0)	(23.0, 0.0)	(24.0, 0.0)	(25.0, 0.0)	(26.0, 0.0)	(27.0, 0.0)	(28.0, 0.0)	(29.0, 0.0)	(30.0, 0.0)	(31.0, 0.5)	(32.0, 1.0)	(33.0, 0.5)	(34.0, 0.0)	(35.0, 0.5)	(36.0, 1.5)	(37.0, 2.5)	(38.0, 3.3333333333333335)	(39.0, 4.5)	(40.0, 6.333333333333333)	(41.0, 6.833333333333332)	(42.0, 10.333333333333334)	(43.0, 20.166666666666668)	(44.0, 55.16666666666675)	(45.0, 1441.833333333286)	(46.0, 10007.41666666698)	(47.0, 5419.166666666226)	(48.0, 1139.1666666666808)	(49.0, 537.4999999999958)	(50.0, 442.99999999999596)	(51.0, 2213.916666666571)	(52.0, 2646.8333333334017)	(53.0, 3845.250000000561)	(54.0, 3287.6666666669576)	(55.0, 1025.1666666666863)	(56.0, 8448.3333333312)	(57.0, 9200.999999998996)	(58.0, 1340.1666666666474)	(59.0, 520.1666666666641)	(60.0, 420.4999999999987)	(61.0, 358.4999999999993)	(62.0, 219.7500000000001)	(63.0, 159.8333333333334)	(64.0, 147.33333333333331)	(65.0, 111.33333333333329)	(66.0, 82.16666666666667)	(67.0, 77.5)	(68.0, 74.83333333333333)	(69.0, 65.33333333333333)	(70.0, 49.166666666666664)	(71.0, 36.33333333333333)	(72.0, 37.16666666666666)	(73.0, 20.166666666666664)	(74.0, 10.833333333333332)	(75.0, 6.0)	(76.0, 3.5)	(77.0, 0.5)	(78.0, 0.5)	(79.0, 1.0)	(80.0, 0.5)	(81.0, 0.0)	(82.0, 0.5)	(83.0, 1.0)	(84.0, 0.5)	(85.0, 0.5)	(86.0, 0.5)	(87.0, 0.0)	(88.0, 0.0)	(89.0, 0.0)	(90.0, 0.0)	(91.0, 0.0)	(92.0, 0.0)	(93.0, 0.0)	(94.0, 0.0)	(95.0, 0.0)	(96.0, 0.0)	(97.0, 0.0)	(98.0, 0.0)	(99.0, 0.0)	(100.0, 0.0)
1152R_S2_week28_S31_L001_R1_001	(0.0, 0.0)	(1.0, 0.0)	(2.0, 0.0)	(3.0, 0.0)	(4.0, 0.0)	(5.0, 0.0)	(6.0, 0.0)	(7.0, 0.0)	(8.0, 0.0)	(9.0, 0.0)	(10.0, 0.0)	(11.0, 0.0)	(12.0, 0.0)	(13.0, 0.0)	(14.0, 0.0)	(15.0, 0.0)	(16.0, 0.0)	(17.0, 0.0)	(18.0, 0.0)	(19.0, 0.0)	(20.0, 0.0)	(21.0, 0.0)	(22.0, 0.0)	(23.0, 0.0)	(24.0, 0.0)	(25.0, 0.0)	(26.0, 0.0)	(27.0, 0.0)	(28.0, 0.0)	(29.0, 0.0)	(30.0, 0.0)	(31.0, 0.0)	(32.0, 0.0)	(33.0, 0.0)	(34.0, 0.0)	(35.0, 0.0)	(36.0, 0.5833333333333333)	(37.0, 0.3333333333333333)	(38.0, 0.3333333333333333)	(39.0, 0.3333333333333333)	(40.0, 0.8333333333333333)	(41.0, 2.1666666666666665)	(42.0, 6.416666666666666)	(43.0, 28.75)	(44.0, 101.66666666666666)	(45.0, 142.50000000000003)	(46.0, 293.0000000000001)	(47.0, 12287.416666671104)	(48.0, 13134.58333333927)	(49.0, 3154.2500000002965)	(50.0, 3478.333333333771)	(51.0, 13890.083333340599)	(52.0, 17327.91666667495)	(53.0, 4944.3333333333185)	(54.0, 1448.249999999956)	(55.0, 376.8333333333303)	(56.0, 134.91666666666626)	(57.0, 59.916666666666735)	(58.0, 68.50000000000009)	(59.0, 52.33333333333342)	(60.0, 9.666666666666668)	(61.0, 7.499999999999998)	(62.0, 41.50000000000002)	(63.0, 13.333333333333337)	(64.0, 2.833333333333333)	(65.0, 1.8333333333333333)	(66.0, 1.3333333333333333)	(67.0, 0.8333333333333333)	(68.0, 0.0)	(69.0, 0.0)	(70.0, 0.0)	(71.0, 0.0)	(72.0, 0.0)	(73.0, 0.0)	(74.0, 0.0)	(75.0, 0.0)	(76.0, 0.0)	(77.0, 0.0)	(78.0, 0.0)	(79.0, 0.0)	(80.0, 0.0)	(81.0, 0.0)	(82.0, 0.0)	(83.0, 0.0)	(84.0, 0.0)	(85.0, 0.0)	(86.0, 0.0)	(87.0, 0.0)	(88.0, 0.0)	(89.0, 0.0)	(90.0, 0.0)	(91.0, 0.0)	(92.0, 0.0)	(93.0, 0.0)	(94.0, 0.0)	(95.0, 0.0)	(96.0, 0.0)	(97.0, 0.0)	(98.0, 0.0)	(99.0, 0.0)	(100.0, 0.0)
1152R_S2_week28_S31_L001_R2_001	(0.0, 0.0)	(1.0, 0.0)	(2.0, 0.0)	(3.0, 0.0)	(4.0, 0.0)	(5.0, 0.0)	(6.0, 0.0)	(7.0, 0.0)	(8.0, 0.0)	(9.0, 0.0)	(10.0, 0.0)	(11.0, 0.0)	(12.0, 0.0)	(13.0, 0.0)	(14.0, 0.0)	(15.0, 0.0)	(16.0, 0.0)	(17.0, 0.0)	(18.0, 0.0)	(19.0, 0.0)	(20.0, 0.0)	(21.0, 0.0)	(22.0, 0.0)	(23.0, 0.0)	(24.0, 0.0)	(25.0, 0.0)	(26.0, 0.0)	(27.0, 0.0)	(28.0, 0.0)	(29.0, 0.6666666666666666)	(30.0, 0.8333333333333333)	(31.0, 1.0)	(32.0, 1.25)	(33.0, 1.75)	(34.0, 1.0)	(35.0, 0.5)	(36.0, 2.0)	(37.0, 4.5)	(38.0, 8.166666666666666)	(39.0, 12.000000000000002)	(40.0, 15.333333333333334)	(41.0, 18.333333333333332)	(42.0, 26.66666666666666)	(43.0, 40.833333333333336)	(44.0, 76.1666666666666)	(45.0, 1693.3333333332287)	(46.0, 11778.833333336846)	(47.0, 6533.6666666652245)	(48.0, 1644.0833333332525)	(49.0, 744.0833333333431)	(50.0, 562.9999999999983)	(51.0, 2579.833333333369)	(52.0, 3277.2500000003038)	(53.0, 4378.500000000436)	(54.0, 3851.7500000004975)	(55.0, 1450.7499999999757)	(56.0, 12190.41666667009)	(57.0, 12931.916666671355)	(58.0, 1718.4999999999366)	(59.0, 697.0000000000042)	(60.0, 500.6666666666646)	(61.0, 403.16666666666595)	(62.0, 282.8333333333334)	(63.0, 241.16666666666677)	(64.0, 213.41666666666688)	(65.0, 151.83333333333337)	(66.0, 133.66666666666663)	(67.0, 138.83333333333331)	(68.0, 114.99999999999999)	(69.0, 87.5)	(70.0, 73.33333333333333)	(71.0, 56.16666666666668)	(72.0, 63.16666666666671)	(73.0, 33.83333333333333)	(74.0, 21.499999999999996)	(75.0, 14.0)	(76.0, 6.5)	(77.0, 3.333333333333333)	(78.0, 2.1666666666666665)	(79.0, 0.0)	(80.0, 0.0)	(81.0, 0.3333333333333333)	(82.0, 0.0)	(83.0, 0.3333333333333333)	(84.0, 0.0)	(85.0, 0.0)	(86.0, 0.0)	(87.0, 0.0)	(88.0, 0.0)	(89.0, 0.0)	(90.0, 0.0)	(91.0, 0.0)	(92.0, 0.0)	(93.0, 0.0)	(94.0, 0.0)	(95.0, 0.0)	(96.0, 0.0)	(97.0, 0.25)	(98.0, 0.0)	(99.0, 0.0)	(100.0, 0.0)
1174R_0_M_S2_diabetes_S10_L001_R1_001	(0.0, 0.0)	(1.0, 0.0)	(2.0, 0.0)	(3.0, 0.0)	(4.0, 0.0)	(5.0, 0.0)	(6.0, 0.0)	(7.0, 0.0)	(8.0, 0.0)	(9.0, 0.0)	(10.0, 0.0)	(11.0, 0.0)	(12.0, 0.0)	(13.0, 0.0)	(14.0, 0.0)	(15.0, 0.0)	(16.0, 0.0)	(17.0, 0.0)	(18.0, 0.0)	(19.0, 0.0)	(20.0, 0.0)	(21.0, 0.0)	(22.0, 0.0)	(23.0, 0.0)	(24.0, 0.0)	(25.0, 0.0)	(26.0, 0.0)	(27.0, 0.0)	(28.0, 0.0)	(29.0, 0.0)	(30.0, 0.0)	(31.0, 0.0)	(32.0, 0.0)	(33.0, 0.0)	(34.0, 0.0)	(35.0, 0.5833333333333333)	(36.0, 0.3333333333333333)	(37.0, 0.0)	(38.0, 0.0)	(39.0, 0.0)	(40.0, 0.0)	(41.0, 1.5)	(42.0, 4.25)	(43.0, 16.25)	(44.0, 63.333333333333336)	(45.0, 94.91666666666663)	(46.0, 253.91666666666887)	(47.0, 10101.916666667155)	(48.0, 10520.333333334565)	(49.0, 2564.1666666667106)	(50.0, 2833.750000000156)	(51.0, 14607.500000008535)	(52.0, 18379.666666671255)	(53.0, 6788.2499999983675)	(54.0, 2991.1666666668957)	(55.0, 534.0833333333256)	(56.0, 212.33333333333442)	(57.0, 84.83333333333329)	(58.0, 69.83333333333339)	(59.0, 55.8333333333334)	(60.0, 15.500000000000005)	(61.0, 13.083333333333337)	(62.0, 53.833333333333435)	(63.0, 13.500000000000005)	(64.0, 4.166666666666667)	(65.0, 3.5)	(66.0, 1.4999999999999998)	(67.0, 0.25)	(68.0, 0.25)	(69.0, 0.3333333333333333)	(70.0, 0.0)	(71.0, 0.0)	(72.0, 0.0)	(73.0, 0.0)	(74.0, 0.0)	(75.0, 0.0)	(76.0, 0.0)	(77.0, 0.0)	(78.0, 0.0)	(79.0, 0.0)	(80.0, 0.0)	(81.0, 0.0)	(82.0, 0.0)	(83.0, 0.0)	(84.0, 0.0)	(85.0, 0.0)	(86.0, 0.0)	(87.0, 0.0)	(88.0, 0.0)	(89.0, 0.0)	(90.0, 0.0)	(91.0, 0.0)	(92.0, 0.0)	(93.0, 0.0)	(94.0, 0.0)	(95.0, 0.0)	(96.0, 0.0)	(97.0, 0.0)	(98.0, 0.0)	(99.0, 0.0)	(100.0, 0.0)
1174R_0_M_S2_diabetes_S10_L001_R2_001	(0.0, 0.0)	(1.0, 0.0)	(2.0, 0.0)	(3.0, 0.0)	(4.0, 0.0)	(5.0, 0.0)	(6.0, 0.0)	(7.0, 0.0)	(8.0, 0.0)	(9.0, 0.0)	(10.0, 0.0)	(11.0, 0.0)	(12.0, 0.0)	(13.0, 0.0)	(14.0, 0.0)	(15.0, 0.0)	(16.0, 0.0)	(17.0, 0.0)	(18.0, 0.0)	(19.0, 0.0)	(20.0, 0.0)	(21.0, 0.0)	(22.0, 0.0)	(23.0, 0.0)	(24.0, 0.0)	(25.0, 0.0)	(26.0, 0.0)	(27.0, 0.3333333333333333)	(28.0, 0.3333333333333333)	(29.0, 0.0)	(30.0, 0.0)	(31.0, 0.8333333333333333)	(32.0, 1.3333333333333333)	(33.0, 1.0)	(34.0, 1.3333333333333333)	(35.0, 1.8333333333333333)	(36.0, 3.5)	(37.0, 5.5)	(38.0, 3.5)	(39.0, 4.0)	(40.0, 12.5)	(41.0, 17.5)	(42.0, 18.5)	(43.0, 24.83333333333333)	(44.0, 56.83333333333341)	(45.0, 1826.166666666533)	(46.0, 9760.74999999987)	(47.0, 3721.4166666672236)	(48.0, 1219.3333333333335)	(49.0, 624.2500000000024)	(50.0, 528.8333333333305)	(51.0, 2549.16666666669)	(52.0, 3356.6666666670108)	(53.0, 4177.416666667248)	(54.0, 3696.1666666671113)	(55.0, 1744.7499999999347)	(56.0, 14072.333333339928)	(57.0, 13919.083333339571)	(58.0, 1968.7499999999052)	(59.0, 791.8333333333396)	(60.0, 657.7500000000015)	(61.0, 561.6666666666661)	(62.0, 360.33333333333314)	(63.0, 281.50000000000006)	(64.0, 241.91666666666694)	(65.0, 165.50000000000009)	(66.0, 137.99999999999997)	(67.0, 122.49999999999997)	(68.0, 108.49999999999999)	(69.0, 87.5)	(70.0, 66.16666666666666)	(71.0, 49.166666666666686)	(72.0, 70.49999999999999)	(73.0, 38.500000000000014)	(74.0, 16.166666666666668)	(75.0, 11.333333333333332)	(76.0, 7.5)	(77.0, 6.0)	(78.0, 4.5)	(79.0, 3.0)	(80.0, 1.0)	(81.0, 0.0)	(82.0, 0.3333333333333333)	(83.0, 0.0)	(84.0, 0.0)	(85.0, 0.0)	(86.0, 0.0)	(87.0, 0.0)	(88.0, 0.5)	(89.0, 1.0)	(90.0, 0.5)	(91.0, 0.0)	(92.0, 0.5)	(93.0, 0.5)	(94.0, 0.3333333333333333)	(95.0, 0.0)	(96.0, 0.0)	(97.0, 0.0)	(98.0, 0.0)	(99.0, 0.3333333333333333)	(100.0, 0.5)
1174R_0_M_S2_week5_S39_L001_R1_001	(0.0, 0.0)	(1.0, 0.0)	(2.0, 0.0)	(3.0, 0.0)	(4.0, 0.0)	(5.0, 0.0)	(6.0, 0.0)	(7.0, 0.0)	(8.0, 0.0)	(9.0, 0.0)	(10.0, 0.0)	(11.0, 0.0)	(12.0, 0.0)	(13.0, 0.0)	(14.0, 0.0)	(15.0, 0.0)	(16.0, 0.0)	(17.0, 0.0)	(18.0, 0.0)	(19.0, 0.0)	(20.0, 0.0)	(21.0, 0.0)	(22.0, 0.0)	(23.0, 0.0)	(24.0, 0.0)	(25.0, 0.0)	(26.0, 0.0)	(27.0, 0.0)	(28.0, 0.0)	(29.0, 0.0)	(30.0, 0.0)	(31.0, 0.0)	(32.0, 0.0)	(33.0, 0.0)	(34.0, 0.0)	(35.0, 0.0)	(36.0, 0.25)	(37.0, 0.0)	(38.0, 0.0)	(39.0, 0.5)	(40.0, 1.0)	(41.0, 1.0)	(42.0, 4.333333333333333)	(43.0, 20.25)	(44.0, 77.08333333333334)	(45.0, 117.91666666666659)	(46.0, 263.83333333333525)	(47.0, 12282.916666671066)	(48.0, 14187.000000007827)	(49.0, 3395.5000000004084)	(50.0, 3624.4166666671777)	(51.0, 7370.583333331151)	(52.0, 10645.416666668125)	(53.0, 6130.333333332256)	(54.0, 1970.1666666665053)	(55.0, 391.33333333332934)	(56.0, 137.333333333333)	(57.0, 55.66666666666676)	(58.0, 83.66666666666659)	(59.0, 69.33333333333341)	(60.0, 10.666666666666666)	(61.0, 7.83333333333333)	(62.0, 13.666666666666673)	(63.0, 5.0)	(64.0, 0.5)	(65.0, 0.8333333333333333)	(66.0, 0.5)	(67.0, 0.0)	(68.0, 0.0)	(69.0, 0.0)	(70.0, 0.0)	(71.0, 0.0)	(72.0, 0.0)	(73.0, 0.0)	(74.0, 0.0)	(75.0, 0.0)	(76.0, 0.5)	(77.0, 0.5)	(78.0, 0.0)	(79.0, 0.0)	(80.0, 0.0)	(81.0, 0.0)	(82.0, 0.0)	(83.0, 0.0)	(84.0, 0.0)	(85.0, 0.0)	(86.0, 0.0)	(87.0, 0.0)	(88.0, 0.0)	(89.0, 0.0)	(90.0, 0.0)	(91.0, 0.0)	(92.0, 0.0)	(93.0, 0.0)	(94.0, 0.0)	(95.0, 0.0)	(96.0, 0.0)	(97.0, 0.0)	(98.0, 0.0)	(99.0, 0.0)	(100.0, 0.0)
1174R_0_M_S2_week5_S39_L001_R2_001	(0.0, 0.0)	(1.0, 0.0)	(2.0, 0.0)	(3.0, 0.0)	(4.0, 0.0)	(5.0, 0.0)	(6.0, 0.0)	(7.0, 0.0)	(8.0, 0.0)	(9.0, 0.0)	(10.0, 0.0)	(11.0, 0.0)	(12.0, 0.0)	(13.0, 0.0)	(14.0, 0.0)	(15.0, 0.0)	(16.0, 0.0)	(17.0, 0.0)	(18.0, 0.0)	(19.0, 0.0)	(20.0, 0.0)	(21.0, 0.0)	(22.0, 0.0)	(23.0, 0.0)	(24.0, 0.0)	(25.0, 0.0)	(26.0, 0.0)	(27.0, 0.0)	(28.0, 0.0)	(29.0, 0.0)	(30.0, 0.0)	(31.0, 0.0)	(32.0, 0.0)	(33.0, 0.0)	(34.0, 0.0)	(35.0, 0.5)	(36.0, 1.0)	(37.0, 1.5)	(38.0, 3.5)	(39.0, 4.833333333333334)	(40.0, 9.833333333333332)	(41.0, 14.0)	(42.0, 14.5)	(43.0, 17.0)	(44.0, 38.333333333333336)	(45.0, 930.6666666667012)	(46.0, 11495.666666669671)	(47.0, 8830.666666664858)	(48.0, 955.166666666699)	(49.0, 523.7499999999939)	(50.0, 468.2499999999955)	(51.0, 3043.5000000002256)	(52.0, 3645.3333333338114)	(53.0, 6323.916666665534)	(54.0, 5506.999999999571)	(55.0, 1393.91666666664)	(56.0, 6950.833333331825)	(57.0, 6464.166666665533)	(58.0, 975.0833333333535)	(59.0, 483.4166666666645)	(60.0, 434.24999999999875)	(61.0, 371.416666666666)	(62.0, 243.5000000000002)	(63.0, 192.25000000000003)	(64.0, 186.00000000000023)	(65.0, 125.83333333333327)	(66.0, 99.91666666666664)	(67.0, 78.91666666666666)	(68.0, 66.83333333333334)	(69.0, 67.83333333333334)	(70.0, 59.666666666666664)	(71.0, 41.66666666666667)	(72.0, 39.83333333333334)	(73.0, 27.5)	(74.0, 16.5)	(75.0, 10.833333333333332)	(76.0, 7.833333333333333)	(77.0, 5.5)	(78.0, 3.0)	(79.0, 1.0)	(80.0, 0.0)	(81.0, 0.0)	(82.0, 0.3333333333333333)	(83.0, 0.3333333333333333)	(84.0, 0.0)	(85.0, 0.0)	(86.0, 0.0)	(87.0, 0.0)	(88.0, 0.0)	(89.0, 0.0)	(90.0, 0.3333333333333333)	(91.0, 0.8333333333333333)	(92.0, 0.8333333333333333)	(93.0, 0.3333333333333333)	(94.0, 0.0)	(95.0, 0.25)	(96.0, 0.3333333333333333)	(97.0, 0.3333333333333333)	(98.0, 0.0)	(99.0, 0.0)	(100.0, 0.8333333333333333)
1174R_S2_week14_S21_L001_R1_001	(0.0, 0.0)	(1.0, 0.0)	(2.0, 0.0)	(3.0, 0.0)	(4.0, 0.0)	(5.0, 0.0)	(6.0, 0.0)	(7.0, 0.0)	(8.0, 0.0)	(9.0, 0.0)	(10.0, 0.0)	(11.0, 0.0)	(12.0, 0.0)	(13.0, 0.0)	(14.0, 0.0)	(15.0, 0.0)	(16.0, 0.0)	(17.0, 0.0)	(18.0, 0.0)	(19.0, 0.0)	(20.0, 0.0)	(21.0, 0.0)	(22.0, 0.0)	(23.0, 0.0)	(24.0, 0.0)	(25.0, 0.0)	(26.0, 0.0)	(27.0, 0.0)	(28.0, 0.0)	(29.0, 0.0)	(30.0, 0.0)	(31.0, 0.0)	(32.0, 0.0)	(33.0, 0.25)	(34.0, 0.5)	(35.0, 0.0)	(36.0, 0.25)	(37.0, 0.25)	(38.0, 0.0)	(39.0, 0.0)	(40.0, 0.0)	(41.0, 0.3333333333333333)	(42.0, 7.999999999999999)	(43.0, 28.5)	(44.0, 91.66666666666667)	(45.0, 140.00000000000003)	(46.0, 383.4166666666623)	(47.0, 12877.66666667213)	(48.0, 13993.750000007449)	(49.0, 3977.0000000006603)	(50.0, 4011.000000000678)	(51.0, 9936.916666666846)	(52.0, 16114.916666677924)	(53.0, 7835.333333330753)	(54.0, 1418.249999999961)	(55.0, 556.9166666666606)	(56.0, 173.33333333333377)	(57.0, 65.33333333333344)	(58.0, 61.2500000000001)	(59.0, 55.66666666666675)	(60.0, 17.66666666666667)	(61.0, 15.750000000000009)	(62.0, 52.83333333333342)	(63.0, 13.666666666666671)	(64.0, 2.1666666666666665)	(65.0, 1.8333333333333333)	(66.0, 0.3333333333333333)	(67.0, 0.0)	(68.0, 0.3333333333333333)	(69.0, 0.0)	(70.0, 0.0)	(71.0, 0.0)	(72.0, 0.0)	(73.0, 0.0)	(74.0, 0.0)	(75.0, 0.0)	(76.0, 0.0)	(77.0, 0.0)	(78.0, 0.0)	(79.0, 0.0)	(80.0, 0.0)	(81.0, 0.0)	(82.0, 0.0)	(83.0, 0.0)	(84.0, 0.0)	(85.0, 0.0)	(86.0, 0.0)	(87.0, 0.0)	(88.0, 0.0)	(89.0, 0.0)	(90.0, 0.0)	(91.0, 0.0)	(92.0, 0.0)	(93.0, 0.0)	(94.0, 0.0)	(95.0, 0.0)	(96.0, 0.0)	(97.0, 0.0)	(98.0, 0.0)	(99.0, 0.0)	(100.0, 0.0)
1174R_S2_week14_S21_L001_R2_001	(0.0, 0.0)	(1.0, 0.0)	(2.0, 0.0)	(3.0, 0.0)	(4.0, 0.0)	(5.0, 0.0)	(6.0, 0.0)	(7.0, 0.0)	(8.0, 0.0)	(9.0, 0.0)	(10.0, 0.0)	(11.0, 0.0)	(12.0, 0.0)	(13.0, 0.0)	(14.0, 0.0)	(15.0, 0.0)	(16.0, 0.0)	(17.0, 0.0)	(18.0, 0.0)	(19.0, 0.0)	(20.0, 0.0)	(21.0, 0.0)	(22.0, 0.0)	(23.0, 0.0)	(24.0, 0.0)	(25.0, 0.3333333333333333)	(26.0, 0.3333333333333333)	(27.0, 0.3333333333333333)	(28.0, 0.3333333333333333)	(29.0, 0.0)	(30.0, 0.3333333333333333)	(31.0, 0.5)	(32.0, 0.5)	(33.0, 0.5)	(34.0, 1.0)	(35.0, 0.8333333333333333)	(36.0, 0.6666666666666666)	(37.0, 0.5)	(38.0, 2.0)	(39.0, 5.833333333333333)	(40.0, 11.5)	(41.0, 15.166666666666668)	(42.0, 19.0)	(43.0, 26.166666666666664)	(44.0, 60.66666666666676)	(45.0, 2326.66666666661)	(46.0, 12476.500000004786)	(47.0, 4326.500000000527)	(48.0, 1121.6666666666852)	(49.0, 602.0000000000007)	(50.0, 558.999999999999)	(51.0, 4265.333333333864)	(52.0, 5425.249999999613)	(53.0, 7403.2499999979555)	(54.0, 6347.333333332272)	(55.0, 1527.1666666666322)	(56.0, 8774.08333333175)	(57.0, 9209.24999999902)	(58.0, 1374.7499999999807)	(59.0, 588.6666666666666)	(60.0, 555.1666666666658)	(61.0, 503.1666666666645)	(62.0, 286.66666666666674)	(63.0, 224.50000000000014)	(64.0, 204.33333333333346)	(65.0, 150.66666666666666)	(66.0, 120.33333333333331)	(67.0, 110.83333333333333)	(68.0, 86.83333333333334)	(69.0, 68.33333333333334)	(70.0, 59.83333333333334)	(71.0, 50.00000000000002)	(72.0, 75.49999999999994)	(73.0, 35.83333333333333)	(74.0, 16.333333333333332)	(75.0, 12.5)	(76.0, 7.5)	(77.0, 4.0)	(78.0, 2.333333333333333)	(79.0, 0.8333333333333333)	(80.0, 0.0)	(81.0, 0.0)	(82.0, 0.0)	(83.0, 0.0)	(84.0, 0.0)	(85.0, 0.3333333333333333)	(86.0, 0.3333333333333333)	(87.0, 0.8333333333333333)	(88.0, 0.8333333333333333)	(89.0, 0.0)	(90.0, 0.0)	(91.0, 0.0)	(92.0, 0.0)	(93.0, 0.0)	(94.0, 0.0)	(95.0, 0.0)	(96.0, 0.0)	(97.0, 0.0)	(98.0, 0.0)	(99.0, 0.0)	(100.0, 0.0)
2402R_R_F_S5_Pellet_week9_S5_L001_R1_001	(0.0, 0.0)	(1.0, 0.0)	(2.0, 0.0)	(3.0, 0.0)	(4.0, 0.0)	(5.0, 0.0)	(6.0, 0.0)	(7.0, 0.0)	(8.0, 0.0)	(9.0, 0.0)	(10.0, 0.0)	(11.0, 0.0)	(12.0, 0.0)	(13.0, 0.0)	(14.0, 0.0)	(15.0, 0.0)	(16.0, 0.0)	(17.0, 0.0)	(18.0, 0.0)	(19.0, 0.0)	(20.0, 0.0)	(21.0, 0.0)	(22.0, 0.0)	(23.0, 0.0)	(24.0, 0.0)	(25.0, 0.0)	(26.0, 0.0)	(27.0, 0.0)	(28.0, 0.0)	(29.0, 0.0)	(30.0, 0.0)	(31.0, 0.3333333333333333)	(32.0, 0.3333333333333333)	(33.0, 0.0)	(34.0, 0.0)	(35.0, 0.0)	(36.0, 0.5)	(37.0, 0.0)	(38.0, 0.0)	(39.0, 0.0)	(40.0, 1.0)	(41.0, 1.5)	(42.0, 4.0)	(43.0, 17.666666666666668)	(44.0, 52.916666666666686)	(45.0, 94.24999999999991)	(46.0, 643.1666666666712)	(47.0, 6974.499999998171)	(48.0, 3880.500000000615)	(49.0, 3536.3333333337982)	(50.0, 3833.166666667265)	(51.0, 9458.999999999322)	(52.0, 12868.083333338738)	(53.0, 5198.583333333088)	(54.0, 1290.9999999999886)	(55.0, 337.0833333333322)	(56.0, 128.41666666666615)	(57.0, 55.75000000000008)	(58.0, 54.58333333333341)	(59.0, 44.16666666666669)	(60.0, 9.5)	(61.0, 9.666666666666666)	(62.0, 33.166666666666636)	(63.0, 7.833333333333332)	(64.0, 3.1666666666666665)	(65.0, 1.1666666666666665)	(66.0, 0.0)	(67.0, 0.0)	(68.0, 0.0)	(69.0, 0.0)	(70.0, 0.0)	(71.0, 0.0)	(72.0, 0.0)	(73.0, 0.0)	(74.0, 0.0)	(75.0, 0.0)	(76.0, 0.0)	(77.0, 0.0)	(78.0, 0.0)	(79.0, 0.0)	(80.0, 0.0)	(81.0, 0.0)	(82.0, 0.0)	(83.0, 0.0)	(84.0, 0.0)	(85.0, 0.0)	(86.0, 0.0)	(87.0, 0.0)	(88.0, 0.0)	(89.0, 0.0)	(90.0, 0.0)	(91.0, 0.0)	(92.0, 0.0)	(93.0, 0.0)	(94.0, 0.0)	(95.0, 0.0)	(96.0, 0.0)	(97.0, 0.0)	(98.0, 0.0)	(99.0, 0.0)	(100.0, 0.0)
2402R_R_F_S5_Pellet_week9_S5_L001_R2_001	(0.0, 0.0)	(1.0, 0.0)	(2.0, 0.0)	(3.0, 0.0)	(4.0, 0.0)	(5.0, 0.0)	(6.0, 0.0)	(7.0, 0.0)	(8.0, 0.0)	(9.0, 0.0)	(10.0, 0.0)	(11.0, 0.0)	(12.0, 0.0)	(13.0, 0.0)	(14.0, 0.0)	(15.0, 0.0)	(16.0, 0.0)	(17.0, 0.0)	(18.0, 0.0)	(19.0, 0.0)	(20.0, 0.0)	(21.0, 0.0)	(22.0, 0.0)	(23.0, 0.0)	(24.0, 0.0)	(25.0, 0.0)	(26.0, 0.0)	(27.0, 0.3333333333333333)	(28.0, 0.0)	(29.0, 0.0)	(30.0, 0.0)	(31.0, 0.0)	(32.0, 0.0)	(33.0, 0.0)	(34.0, 0.0)	(35.0, 0.0)	(36.0, 1.0)	(37.0, 2.5)	(38.0, 2.5)	(39.0, 1.8333333333333333)	(40.0, 3.5)	(41.0, 4.333333333333333)	(42.0, 5.999999999999999)	(43.0, 12.666666666666668)	(44.0, 30.833333333333307)	(45.0, 766.8333333333511)	(46.0, 6360.333333332029)	(47.0, 1293.2499999999848)	(48.0, 876.6666666666921)	(49.0, 456.16666666666146)	(50.0, 368.5833333333315)	(51.0, 1077.1666666666936)	(52.0, 1698.6666666665833)	(53.0, 7057.083333331544)	(54.0, 6717.833333331915)	(55.0, 1925.6666666665708)	(56.0, 8054.3333333309)	(57.0, 8341.333333331071)	(58.0, 1297.249999999985)	(59.0, 558.1666666666661)	(60.0, 408.4999999999992)	(61.0, 341.0833333333331)	(62.0, 253.00000000000014)	(63.0, 197.7500000000001)	(64.0, 170.66666666666677)	(65.0, 136.6666666666666)	(66.0, 116.16666666666663)	(67.0, 107.49999999999999)	(68.0, 98.49999999999999)	(69.0, 75.49999999999999)	(70.0, 47.333333333333336)	(71.0, 39.833333333333336)	(72.0, 48.6666666666667)	(73.0, 28.166666666666664)	(74.0, 17.0)	(75.0, 9.666666666666666)	(76.0, 6.666666666666666)	(77.0, 4.5)	(78.0, 2.5)	(79.0, 1.5)	(80.0, 0.5)	(81.0, 0.0)	(82.0, 0.0)	(83.0, 0.5)	(84.0, 0.5)	(85.0, 0.5)	(86.0, 0.5)	(87.0, 0.0)	(88.0, 0.0)	(89.0, 0.0)	(90.0, 0.0)	(91.0, 0.3333333333333333)	(92.0, 0.25)	(93.0, 0.0)	(94.0, 0.0)	(95.0, 0.5)	(96.0, 0.5)	(97.0, 0.0)	(98.0, 0.0)	(99.0, 0.0)	(100.0, 0.0)
2404R_0_F_S2_week5_S40_L001_R1_001	(0.0, 0.0)	(1.0, 0.0)	(2.0, 0.0)	(3.0, 0.0)	(4.0, 0.0)	(5.0, 0.0)	(6.0, 0.0)	(7.0, 0.0)	(8.0, 0.0)	(9.0, 0.0)	(10.0, 0.0)	(11.0, 0.0)	(12.0, 0.0)	(13.0, 0.0)	(14.0, 0.0)	(15.0, 0.0)	(16.0, 0.0)	(17.0, 0.0)	(18.0, 0.0)	(19.0, 0.0)	(20.0, 0.0)	(21.0, 0.0)	(22.0, 0.0)	(23.0, 0.0)	(24.0, 0.0)	(25.0, 0.0)	(26.0, 0.0)	(27.0, 0.0)	(28.0, 0.6666666666666666)	(29.0, 0.3333333333333333)	(30.0, 0.0)	(31.0, 0.0)	(32.0, 0.25)	(33.0, 0.0)	(34.0, 0.0)	(35.0, 0.0)	(36.0, 0.25)	(37.0, 0.25)	(38.0, 0.0)	(39.0, 0.0)	(40.0, 0.0)	(41.0, 0.75)	(42.0, 6.0)	(43.0, 23.416666666666664)	(44.0, 79.0)	(45.0, 108.83333333333327)	(46.0, 217.16666666666805)	(47.0, 13069.083333339167)	(48.0, 15081.000000009479)	(49.0, 3199.9166666669867)	(50.0, 3545.750000000469)	(51.0, 11452.916666669567)	(52.0, 14401.916666674862)	(53.0, 5632.499999999371)	(54.0, 1990.1666666665035)	(55.0, 532.1666666666586)	(56.0, 160.00000000000017)	(57.0, 67.41666666666676)	(58.0, 126.91666666666609)	(59.0, 113.49999999999957)	(60.0, 19.5)	(61.0, 11.25)	(62.0, 21.249999999999993)	(63.0, 6.333333333333332)	(64.0, 1.1666666666666665)	(65.0, 1.0)	(66.0, 1.3333333333333333)	(67.0, 0.0)	(68.0, 0.0)	(69.0, 0.5)	(70.0, 0.5)	(71.0, 0.0)	(72.0, 0.0)	(73.0, 0.0)	(74.0, 0.0)	(75.0, 0.0)	(76.0, 0.0)	(77.0, 0.0)	(78.0, 0.0)	(79.0, 0.0)	(80.0, 0.0)	(81.0, 0.0)	(82.0, 0.0)	(83.0, 0.0)	(84.0, 0.0)	(85.0, 0.0)	(86.0, 0.0)	(87.0, 0.0)	(88.0, 0.0)	(89.0, 0.0)	(90.0, 0.0)	(91.0, 0.0)	(92.0, 0.0)	(93.0, 0.0)	(94.0, 0.0)	(95.0, 0.0)	(96.0, 0.0)	(97.0, 0.0)	(98.0, 0.0)	(99.0, 0.0)	(100.0, 0.0)
2404R_0_F_S2_week5_S40_L001_R2_001	(0.0, 0.0)	(1.0, 0.0)	(2.0, 0.0)	(3.0, 0.0)	(4.0, 0.0)	(5.0, 0.0)	(6.0, 0.0)	(7.0, 0.0)	(8.0, 0.0)	(9.0, 0.0)	(10.0, 0.0)	(11.0, 0.0)	(12.0, 0.0)	(13.0, 0.0)	(14.0, 0.0)	(15.0, 0.0)	(16.0, 0.0)	(17.0, 0.0)	(18.0, 0.0)	(19.0, 0.0)	(20.0, 0.0)	(21.0, 0.0)	(22.0, 0.0)	(23.0, 0.0)	(24.0, 0.0)	(25.0, 0.3333333333333333)	(26.0, 0.0)	(27.0, 0.0)	(28.0, 0.0)	(29.0, 0.5)	(30.0, 0.5)	(31.0, 0.0)	(32.0, 0.5)	(33.0, 1.0)	(34.0, 1.0)	(35.0, 1.5)	(36.0, 2.0)	(37.0, 1.5)	(38.0, 4.666666666666667)	(39.0, 8.333333333333332)	(40.0, 6.666666666666666)	(41.0, 10.666666666666666)	(42.0, 15.166666666666668)	(43.0, 20.999999999999996)	(44.0, 39.00000000000002)	(45.0, 422.4999999999941)	(46.0, 11848.500000003638)	(47.0, 11481.66666666963)	(48.0, 1137.250000000015)	(49.0, 558.416666666664)	(50.0, 493.5833333333288)	(51.0, 2489.8333333333376)	(52.0, 2999.166666666864)	(53.0, 5932.83333333255)	(54.0, 5294.333333333085)	(55.0, 1585.4166666666201)	(56.0, 10346.583333333978)	(57.0, 10476.583333334294)	(58.0, 1472.9999999999661)	(59.0, 595.5000000000003)	(60.0, 584.1666666666661)	(61.0, 527.249999999998)	(62.0, 318.58333333333326)	(63.0, 265.00000000000006)	(64.0, 242.33333333333374)	(65.0, 152.83333333333334)	(66.0, 113.66666666666664)	(67.0, 97.16666666666664)	(68.0, 80.49999999999999)	(69.0, 62.833333333333336)	(70.0, 48.666666666666664)	(71.0, 45.166666666666664)	(72.0, 46.16666666666668)	(73.0, 20.333333333333332)	(74.0, 9.333333333333332)	(75.0, 4.666666666666666)	(76.0, 4.333333333333333)	(77.0, 2.5)	(78.0, 1.0)	(79.0, 1.0)	(80.0, 0.5)	(81.0, 1.5)	(82.0, 1.0)	(83.0, 0.0)	(84.0, 0.0)	(85.0, 0.3333333333333333)	(86.0, 0.3333333333333333)	(87.0, 0.0)	(88.0, 0.6666666666666666)	(89.0, 0.0)	(90.0, 0.5)	(91.0, 0.5)	(92.0, 0.0)	(93.0, 0.0)	(94.0, 0.0)	(95.0, 0.0)	(96.0, 0.0)	(97.0, 0.0)	(98.0, 0.0)	(99.0, 0.0)	(100.0, 0.0)
2404R_0_F_S2_week9_S66_L001_R1_001	(0.0, 0.0)	(1.0, 0.0)	(2.0, 0.0)	(3.0, 0.0)	(4.0, 0.0)	(5.0, 0.0)	(6.0, 0.0)	(7.0, 0.0)	(8.0, 0.0)	(9.0, 0.0)	(10.0, 0.0)	(11.0, 0.0)	(12.0, 0.0)	(13.0, 0.0)	(14.0, 0.0)	(15.0, 0.0)	(16.0, 0.0)	(17.0, 0.0)	(18.0, 0.0)	(19.0, 0.0)	(20.0, 0.0)	(21.0, 0.0)	(22.0, 0.0)	(23.0, 0.0)	(24.0, 0.0)	(25.0, 0.0)	(26.0, 0.0)	(27.0, 0.0)	(28.0, 0.0)	(29.0, 0.0)	(30.0, 0.0)	(31.0, 0.0)	(32.0, 0.0)	(33.0, 0.0)	(34.0, 0.0)	(35.0, 0.0)	(36.0, 0.0)	(37.0, 0.3333333333333333)	(38.0, 0.5)	(39.0, 0.0)	(40.0, 0.0)	(41.0, 0.8333333333333333)	(42.0, 5.0)	(43.0, 20.583333333333332)	(44.0, 60.25000000000001)	(45.0, 98.24999999999996)	(46.0, 257.08333333333564)	(47.0, 10336.916666667577)	(48.0, 11025.500000002156)	(49.0, 2721.7500000001164)	(50.0, 2916.2500000001965)	(51.0, 12077.500000004016)	(52.0, 15513.750000010188)	(53.0, 5002.666666666593)	(54.0, 1375.4999999999682)	(55.0, 440.83333333332683)	(56.0, 135.7499999999996)	(57.0, 56.0833333333334)	(58.0, 70.16666666666673)	(59.0, 62.166666666666806)	(60.0, 12.16666666666667)	(61.0, 11.166666666666668)	(62.0, 39.58333333333334)	(63.0, 8.166666666666664)	(64.0, 2.6666666666666665)	(65.0, 1.1666666666666665)	(66.0, 0.8333333333333333)	(67.0, 0.5)	(68.0, 0.0)	(69.0, 0.0)	(70.0, 0.0)	(71.0, 0.0)	(72.0, 0.0)	(73.0, 0.0)	(74.0, 0.0)	(75.0, 0.0)	(76.0, 0.0)	(77.0, 0.0)	(78.0, 0.0)	(79.0, 0.0)	(80.0, 0.0)	(81.0, 0.0)	(82.0, 0.0)	(83.0, 0.0)	(84.0, 0.0)	(85.0, 0.0)	(86.0, 0.0)	(87.0, 0.0)	(88.0, 0.0)	(89.0, 0.0)	(90.0, 0.0)	(91.0, 0.0)	(92.0, 0.0)	(93.0, 0.0)	(94.0, 0.0)	(95.0, 0.0)	(96.0, 0.0)	(97.0, 0.0)	(98.0, 0.0)	(99.0, 0.0)	(100.0, 0.0)
2404R_0_F_S2_week9_S66_L001_R2_001	(0.0, 0.0)	(1.0, 0.0)	(2.0, 0.0)	(3.0, 0.0)	(4.0, 0.0)	(5.0, 0.0)	(6.0, 0.0)	(7.0, 0.0)	(8.0, 0.0)	(9.0, 0.0)	(10.0, 0.0)	(11.0, 0.0)	(12.0, 0.0)	(13.0, 0.0)	(14.0, 0.0)	(15.0, 0.0)	(16.0, 0.0)	(17.0, 0.0)	(18.0, 0.0)	(19.0, 0.0)	(20.0, 0.0)	(21.0, 0.0)	(22.0, 0.0)	(23.0, 0.0)	(24.0, 0.0)	(25.0, 0.0)	(26.0, 0.0)	(27.0, 0.0)	(28.0, 0.6666666666666666)	(29.0, 0.0)	(30.0, 0.0)	(31.0, 0.0)	(32.0, 1.0)	(33.0, 1.5)	(34.0, 1.3333333333333333)	(35.0, 1.0)	(36.0, 0.8333333333333333)	(37.0, 2.1666666666666665)	(38.0, 3.333333333333333)	(39.0, 4.5)	(40.0, 6.5)	(41.0, 5.833333333333333)	(42.0, 10.25)	(43.0, 17.666666666666668)	(44.0, 45.916666666666686)	(45.0, 1483.9999999999432)	(46.0, 9937.666666666859)	(47.0, 4502.166666667033)	(48.0, 1127.500000000019)	(49.0, 534.3333333333281)	(50.0, 451.1666666666629)	(51.0, 2985.9166666668643)	(52.0, 3496.750000000416)	(53.0, 4026.333333333966)	(54.0, 3520.1666666670417)	(55.0, 1323.333333333321)	(56.0, 10571.83333333431)	(57.0, 11216.83333333542)	(58.0, 1559.7499999999568)	(59.0, 648.2500000000022)	(60.0, 519.3333333333319)	(61.0, 437.16666666666544)	(62.0, 286.6666666666666)	(63.0, 216.66666666666677)	(64.0, 200.1666666666669)	(65.0, 142.8333333333333)	(66.0, 115.24999999999999)	(67.0, 112.83333333333333)	(68.0, 95.5)	(69.0, 69.0)	(70.0, 59.16666666666667)	(71.0, 47.0)	(72.0, 59.500000000000014)	(73.0, 33.49999999999999)	(74.0, 19.166666666666668)	(75.0, 9.666666666666668)	(76.0, 4.5)	(77.0, 3.833333333333333)	(78.0, 3.833333333333333)	(79.0, 2.0)	(80.0, 1.0)	(81.0, 1.0)	(82.0, 1.0)	(83.0, 0.5)	(84.0, 0.3333333333333333)	(85.0, 0.0)	(86.0, 0.0)	(87.0, 0.0)	(88.0, 0.0)	(89.0, 0.0)	(90.0, 0.0)	(91.0, 0.0)	(92.0, 0.0)	(93.0, 0.0)	(94.0, 0.5)	(95.0, 0.5)	(96.0, 0.0)	(97.0, 0.0)	(98.0, 0.0)	(99.0, 0.0)	(100.0, 0.0)
2404R_L_F_S2_diabetes_S11_L001_R1_001	(0.0, 0.0)	(1.0, 0.0)	(2.0, 0.0)	(3.0, 0.0)	(4.0, 0.0)	(5.0, 0.0)	(6.0, 0.0)	(7.0, 0.0)	(8.0, 0.0)	(9.0, 0.0)	(10.0, 0.0)	(11.0, 0.0)	(12.0, 0.0)	(13.0, 0.0)	(14.0, 0.0)	(15.0, 0.0)	(16.0, 0.0)	(17.0, 0.0)	(18.0, 0.0)	(19.0, 0.0)	(20.0, 0.0)	(21.0, 0.0)	(22.0, 0.0)	(23.0, 0.0)	(24.0, 0.0)	(25.0, 0.0)	(26.0, 0.0)	(27.0, 0.0)	(28.0, 0.0)	(29.0, 0.0)	(30.0, 0.0)	(31.0, 0.0)	(32.0, 0.25)	(33.0, 0.25)	(34.0, 0.25)	(35.0, 0.5)	(36.0, 0.0)	(37.0, 0.0)	(38.0, 0.0)	(39.0, 0.0)	(40.0, 0.0)	(41.0, 3.25)	(42.0, 9.0)	(43.0, 33.333333333333336)	(44.0, 99.33333333333331)	(45.0, 142.91666666666677)	(46.0, 361.66666666666293)	(47.0, 14496.08333334174)	(48.0, 15249.750000009783)	(49.0, 3039.666666666917)	(50.0, 3486.000000000449)	(51.0, 6673.666666665102)	(52.0, 10032.250000000347)	(53.0, 8569.499999997754)	(54.0, 4674.41666666688)	(55.0, 508.166666666658)	(56.0, 226.91666666666785)	(57.0, 109.66666666666639)	(58.0, 76.16666666666663)	(59.0, 49.500000000000036)	(60.0, 15.16666666666667)	(61.0, 13.666666666666668)	(62.0, 55.33333333333343)	(63.0, 15.666666666666673)	(64.0, 3.5)	(65.0, 2.3333333333333335)	(66.0, 1.8333333333333333)	(67.0, 1.0)	(68.0, 0.5)	(69.0, 0.0)	(70.0, 0.0)	(71.0, 0.0)	(72.0, 0.0)	(73.0, 0.0)	(74.0, 0.0)	(75.0, 0.0)	(76.0, 0.0)	(77.0, 0.0)	(78.0, 0.0)	(79.0, 0.0)	(80.0, 0.0)	(81.0, 0.0)	(82.0, 0.0)	(83.0, 0.0)	(84.0, 0.0)	(85.0, 0.0)	(86.0, 0.0)	(87.0, 0.0)	(88.0, 0.0)	(89.0, 0.0)	(90.0, 0.0)	(91.0, 0.0)	(92.0, 0.0)	(93.0, 0.0)	(94.0, 0.0)	(95.0, 0.0)	(96.0, 0.0)	(97.0, 0.0)	(98.0, 0.0)	(99.0, 0.0)	(100.0, 0.0)
2404R_L_F_S2_diabetes_S11_L001_R2_001	(0.0, 0.0)	(1.0, 0.0)	(2.0, 0.0)	(3.0, 0.0)	(4.0, 0.0)	(5.0, 0.0)	(6.0, 0.0)	(7.0, 0.0)	(8.0, 0.0)	(9.0, 0.0)	(10.0, 0.0)	(11.0, 0.0)	(12.0, 0.0)	(13.0, 0.0)	(14.0, 0.0)	(15.0, 0.0)	(16.0, 0.0)	(17.0, 0.0)	(18.0, 0.0)	(19.0, 0.0)	(20.0, 0.0)	(21.0, 0.0)	(22.0, 0.0)	(23.0, 0.0)	(24.0, 0.0)	(25.0, 0.0)	(26.0, 0.0)	(27.0, 0.0)	(28.0, 0.0)	(29.0, 0.0)	(30.0, 0.0)	(31.0, 0.0)	(32.0, 0.3333333333333333)	(33.0, 0.6666666666666666)	(34.0, 1.3333333333333333)	(35.0, 2.0)	(36.0, 2.833333333333333)	(37.0, 4.333333333333334)	(38.0, 5.666666666666667)	(39.0, 10.0)	(40.0, 13.916666666666666)	(41.0, 17.666666666666668)	(42.0, 25.166666666666668)	(43.0, 35.833333333333336)	(44.0, 76.24999999999994)	(45.0, 2112.6666666665137)	(46.0, 13934.166666674093)	(47.0, 6915.333333331557)	(48.0, 1327.499999999981)	(49.0, 670.0000000000042)	(50.0, 583.3333333333331)	(51.0, 3300.416666666975)	(52.0, 4213.666666667238)	(53.0, 5106.49999999987)	(54.0, 4431.416666667044)	(55.0, 1795.3333333332528)	(56.0, 8724.24999999821)	(57.0, 6180.166666665745)	(58.0, 976.8333333333534)	(59.0, 509.99999999999807)	(60.0, 572.0)	(61.0, 548.2499999999999)	(62.0, 335.4166666666665)	(63.0, 235.08333333333343)	(64.0, 183.91666666666674)	(65.0, 139.74999999999997)	(66.0, 119.83333333333333)	(67.0, 101.83333333333333)	(68.0, 74.66666666666666)	(69.0, 58.166666666666664)	(70.0, 62.16666666666667)	(71.0, 54.50000000000001)	(72.0, 65.5)	(73.0, 30.333333333333325)	(74.0, 12.333333333333334)	(75.0, 7.0)	(76.0, 4.5)	(77.0, 2.5)	(78.0, 2.5)	(79.0, 2.0)	(80.0, 0.75)	(81.0, 0.0)	(82.0, 0.0)	(83.0, 0.0)	(84.0, 1.1666666666666665)	(85.0, 1.1666666666666665)	(86.0, 0.0)	(87.0, 0.0)	(88.0, 0.0)	(89.0, 0.0)	(90.0, 0.0)	(91.0, 0.0)	(92.0, 0.0)	(93.0, 0.3333333333333333)	(94.0, 0.0)	(95.0, 0.0)	(96.0, 0.0)	(97.0, 0.0)	(98.0, 0.0)	(99.0, 0.0)	(100.0, 0.5)
2404R_L_F_S2_week5_S41_L001_R1_001	(0.0, 0.0)	(1.0, 0.0)	(2.0, 0.0)	(3.0, 0.0)	(4.0, 0.0)	(5.0, 0.0)	(6.0, 0.0)	(7.0, 0.0)	(8.0, 0.0)	(9.0, 0.0)	(10.0, 0.0)	(11.0, 0.0)	(12.0, 0.0)	(13.0, 0.0)	(14.0, 0.0)	(15.0, 0.0)	(16.0, 0.0)	(17.0, 0.0)	(18.0, 0.0)	(19.0, 0.0)	(20.0, 0.0)	(21.0, 0.0)	(22.0, 0.0)	(23.0, 0.0)	(24.0, 0.0)	(25.0, 0.0)	(26.0, 0.0)	(27.0, 0.0)	(28.0, 0.0)	(29.0, 0.0)	(30.0, 0.0)	(31.0, 0.0)	(32.0, 0.5)	(33.0, 1.0)	(34.0, 0.75)	(35.0, 0.0)	(36.0, 0.0)	(37.0, 0.0)	(38.0, 0.25)	(39.0, 0.8333333333333333)	(40.0, 2.333333333333333)	(41.0, 3.1666666666666665)	(42.0, 5.416666666666667)	(43.0, 29.41666666666666)	(44.0, 106.83333333333331)	(45.0, 150.83333333333346)	(46.0, 368.08333333332996)	(47.0, 14969.500000009228)	(48.0, 16604.16666667765)	(49.0, 3486.416666667104)	(50.0, 4054.1666666673545)	(51.0, 8334.999999997344)	(52.0, 12578.500000004902)	(53.0, 8045.3333333305545)	(54.0, 2626.666666666743)	(55.0, 677.7500000000061)	(56.0, 214.08333333333456)	(57.0, 98.74999999999974)	(58.0, 127.83333333333279)	(59.0, 113.24999999999963)	(60.0, 20.66666666666666)	(61.0, 17.5)	(62.0, 52.66666666666676)	(63.0, 13.500000000000004)	(64.0, 4.5)	(65.0, 3.1666666666666665)	(66.0, 1.6666666666666665)	(67.0, 0.3333333333333333)	(68.0, 0.0)	(69.0, 0.0)	(70.0, 0.0)	(71.0, 0.0)	(72.0, 0.0)	(73.0, 0.0)	(74.0, 0.0)	(75.0, 0.0)	(76.0, 0.0)	(77.0, 0.0)	(78.0, 0.0)	(79.0, 0.0)	(80.0, 0.0)	(81.0, 0.0)	(82.0, 0.0)	(83.0, 0.0)	(84.0, 0.0)	(85.0, 0.0)	(86.0, 0.0)	(87.0, 0.5)	(88.0, 0.5)	(89.0, 0.0)	(90.0, 0.0)	(91.0, 0.0)	(92.0, 0.0)	(93.0, 0.0)	(94.0, 0.0)	(95.0, 0.0)	(96.0, 0.0)	(97.0, 0.0)	(98.0, 0.0)	(99.0, 0.0)	(100.0, 0.0)
2404R_L_F_S2_week5_S41_L001_R2_001	(0.0, 0.0)	(1.0, 0.0)	(2.0, 0.0)	(3.0, 0.0)	(4.0, 0.0)	(5.0, 0.0)	(6.0, 0.0)	(7.0, 0.0)	(8.0, 0.0)	(9.0, 0.0)	(10.0, 0.0)	(11.0, 0.0)	(12.0, 0.0)	(13.0, 0.0)	(14.0, 0.0)	(15.0, 0.0)	(16.0, 0.0)	(17.0, 0.0)	(18.0, 0.0)	(19.0, 0.0)	(20.0, 0.0)	(21.0, 0.0)	(22.0, 0.0)	(23.0, 0.0)	(24.0, 0.0)	(25.0, 0.0)	(26.0, 0.0)	(27.0, 0.0)	(28.0, 1.1666666666666665)	(29.0, 1.3333333333333333)	(30.0, 0.8333333333333333)	(31.0, 0.0)	(32.0, 0.0)	(33.0, 0.3333333333333333)	(34.0, 0.0)	(35.0, 0.5)	(36.0, 1.5)	(37.0, 2.8333333333333335)	(38.0, 3.8333333333333335)	(39.0, 6.0)	(40.0, 11.333333333333334)	(41.0, 15.66666666666667)	(42.0, 25.83333333333333)	(43.0, 47.75)	(44.0, 84.74999999999994)	(45.0, 1515.4999999999368)	(46.0, 13858.000000007256)	(47.0, 9545.833333332805)	(48.0, 1297.499999999985)	(49.0, 756.2500000000099)	(50.0, 733.6666666666747)	(51.0, 4028.416666667297)	(52.0, 4743.750000000163)	(53.0, 6885.166666665129)	(54.0, 6228.916666665738)	(55.0, 2115.416666666594)	(56.0, 7883.833333331107)	(57.0, 7109.166666665134)	(58.0, 1249.749999999992)	(59.0, 594.8333333333344)	(60.0, 664.1666666666678)	(61.0, 637.5000000000008)	(62.0, 321.1666666666664)	(63.0, 244.83333333333346)	(64.0, 245.83333333333366)	(65.0, 152.33333333333334)	(66.0, 116.3333333333333)	(67.0, 111.99999999999997)	(68.0, 102.99999999999999)	(69.0, 79.49999999999999)	(70.0, 62.16666666666668)	(71.0, 52.50000000000001)	(72.0, 57.33333333333334)	(73.0, 23.499999999999996)	(74.0, 8.5)	(75.0, 6.0)	(76.0, 5.5)	(77.0, 5.333333333333333)	(78.0, 3.3333333333333335)	(79.0, 0.5)	(80.0, 0.0)	(81.0, 0.3333333333333333)	(82.0, 0.3333333333333333)	(83.0, 0.0)	(84.0, 0.0)	(85.0, 0.0)	(86.0, 0.0)	(87.0, 0.0)	(88.0, 0.0)	(89.0, 0.0)	(90.0, 0.0)	(91.0, 0.0)	(92.0, 0.0)	(93.0, 0.0)	(94.0, 0.0)	(95.0, 0.0)	(96.0, 0.3333333333333333)	(97.0, 0.0)	(98.0, 0.0)	(99.0, 0.0)	(100.0, 0.0)
2404R_L_F_S2_week9_S67_L001_R1_001	(0.0, 0.0)	(1.0, 0.0)	(2.0, 0.0)	(3.0, 0.0)	(4.0, 0.0)	(5.0, 0.0)	(6.0, 0.0)	(7.0, 0.0)	(8.0, 0.0)	(9.0, 0.0)	(10.0, 0.0)	(11.0, 0.0)	(12.0, 0.0)	(13.0, 0.0)	(14.0, 0.0)	(15.0, 0.0)	(16.0, 0.0)	(17.0, 0.0)	(18.0, 0.0)	(19.0, 0.0)	(20.0, 0.0)	(21.0, 0.0)	(22.0, 0.0)	(23.0, 0.0)	(24.0, 0.0)	(25.0, 0.0)	(26.0, 0.0)	(27.0, 0.0)	(28.0, 0.0)	(29.0, 0.0)	(30.0, 0.0)	(31.0, 0.0)	(32.0, 0.25)	(33.0, 0.0)	(34.0, 0.25)	(35.0, 0.25)	(36.0, 0.0)	(37.0, 0.25)	(38.0, 0.25)	(39.0, 0.0)	(40.0, 0.0)	(41.0, 0.0)	(42.0, 3.75)	(43.0, 13.333333333333334)	(44.0, 55.91666666666668)	(45.0, 85.74999999999996)	(46.0, 187.00000000000097)	(47.0, 7509.249999997673)	(48.0, 9304.916666665715)	(49.0, 4307.8333333338705)	(50.0, 3973.3333333340006)	(51.0, 13299.583333339564)	(52.0, 17565.66666667418)	(53.0, 5628.6666666660485)	(54.0, 1851.4166666665342)	(55.0, 561.1666666666615)	(56.0, 166.25000000000028)	(57.0, 67.25000000000009)	(58.0, 109.58333333333302)	(59.0, 101.49999999999973)	(60.0, 17.75)	(61.0, 14.166666666666675)	(62.0, 80.49999999999994)	(63.0, 17.500000000000007)	(64.0, 5.666666666666665)	(65.0, 3.5)	(66.0, 1.9999999999999998)	(67.0, 0.3333333333333333)	(68.0, 0.3333333333333333)	(69.0, 0.0)	(70.0, 0.3333333333333333)	(71.0, 0.0)	(72.0, 0.0)	(73.0, 0.0)	(74.0, 0.0)	(75.0, 0.0)	(76.0, 0.0)	(77.0, 0.0)	(78.0, 0.0)	(79.0, 0.0)	(80.0, 0.0)	(81.0, 0.0)	(82.0, 0.0)	(83.0, 0.0)	(84.0, 0.0)	(85.0, 0.0)	(86.0, 0.0)	(87.0, 0.0)	(88.0, 0.0)	(89.0, 0.0)	(90.0, 0.0)	(91.0, 0.0)	(92.0, 0.0)	(93.0, 0.0)	(94.0, 0.0)	(95.0, 0.0)	(96.0, 0.0)	(97.0, 0.0)	(98.0, 0.0)	(99.0, 0.0)	(100.0, 0.0)
2404R_L_F_S2_week9_S67_L001_R2_001	(0.0, 0.0)	(1.0, 0.0)	(2.0, 0.0)	(3.0, 0.0)	(4.0, 0.0)	(5.0, 0.0)	(6.0, 0.0)	(7.0, 0.0)	(8.0, 0.0)	(9.0, 0.0)	(10.0, 0.0)	(11.0, 0.0)	(12.0, 0.0)	(13.0, 0.0)	(14.0, 0.0)	(15.0, 0.0)	(16.0, 0.0)	(17.0, 0.0)	(18.0, 0.0)	(19.0, 0.0)	(20.0, 0.0)	(21.0, 0.0)	(22.0, 0.0)	(23.0, 0.0)	(24.0, 0.0)	(25.0, 0.0)	(26.0, 0.0)	(27.0, 0.0)	(28.0, 0.3333333333333333)	(29.0, 0.3333333333333333)	(30.0, 0.3333333333333333)	(31.0, 0.0)	(32.0, 0.0)	(33.0, 0.0)	(34.0, 0.0)	(35.0, 0.8333333333333333)	(36.0, 1.8333333333333333)	(37.0, 2.833333333333333)	(38.0, 2.833333333333333)	(39.0, 4.666666666666666)	(40.0, 6.833333333333333)	(41.0, 7.833333333333333)	(42.0, 11.833333333333332)	(43.0, 17.833333333333332)	(44.0, 38.000000000000014)	(45.0, 971.3333333333729)	(46.0, 7107.166666664684)	(47.0, 3931.166666667323)	(48.0, 1517.4999999999438)	(49.0, 610.6666666666675)	(50.0, 472.5833333333278)	(51.0, 3547.0000000004516)	(52.0, 4286.500000000532)	(53.0, 5248.166666666428)	(54.0, 4447.16666666703)	(55.0, 1362.1666666666463)	(56.0, 11965.50000000315)	(57.0, 12709.00000000437)	(58.0, 1736.9999999999352)	(59.0, 702.8333333333377)	(60.0, 597.1666666666675)	(61.0, 514.9999999999983)	(62.0, 331.33333333333314)	(63.0, 263.25)	(64.0, 245.83333333333363)	(65.0, 156.33333333333337)	(66.0, 134.83333333333331)	(67.0, 123.33333333333331)	(68.0, 110.33333333333333)	(69.0, 89.16666666666666)	(70.0, 66.16666666666667)	(71.0, 71.49999999999997)	(72.0, 107.8333333333332)	(73.0, 49.83333333333337)	(74.0, 22.333333333333336)	(75.0, 12.0)	(76.0, 9.333333333333334)	(77.0, 6.833333333333333)	(78.0, 4.333333333333333)	(79.0, 2.0)	(80.0, 0.8333333333333333)	(81.0, 0.3333333333333333)	(82.0, 0.3333333333333333)	(83.0, 0.0)	(84.0, 0.0)	(85.0, 0.0)	(86.0, 0.0)	(87.0, 0.0)	(88.0, 0.0)	(89.0, 0.0)	(90.0, 0.0)	(91.0, 0.0)	(92.0, 0.0)	(93.0, 0.0)	(94.0, 0.3333333333333333)	(95.0, 0.3333333333333333)	(96.0, 0.0)	(97.0, 0.0)	(98.0, 0.0)	(99.0, 0.0)	(100.0, 1.0)
2404R_S2_week14_S22_L001_R1_001	(0.0, 0.0)	(1.0, 0.0)	(2.0, 0.0)	(3.0, 0.0)	(4.0, 0.0)	(5.0, 0.0)	(6.0, 0.0)	(7.0, 0.0)	(8.0, 0.0)	(9.0, 0.0)	(10.0, 0.0)	(11.0, 0.0)	(12.0, 0.0)	(13.0, 0.0)	(14.0, 0.0)	(15.0, 0.0)	(16.0, 0.0)	(17.0, 0.0)	(18.0, 0.0)	(19.0, 0.0)	(20.0, 0.0)	(21.0, 0.25)	(22.0, 0.0)	(23.0, 0.0)	(24.0, 0.0)	(25.0, 0.0)	(26.0, 0.0)	(27.0, 0.0)	(28.0, 0.0)	(29.0, 0.0)	(30.0, 0.0)	(31.0, 0.0)	(32.0, 0.0)	(33.0, 0.0)	(34.0, 0.0)	(35.0, 0.25)	(36.0, 0.5)	(37.0, 0.3333333333333333)	(38.0, 0.3333333333333333)	(39.0, 0.5)	(40.0, 1.5)	(41.0, 1.0)	(42.0, 5.25)	(43.0, 36.666666666666664)	(44.0, 123.58333333333331)	(45.0, 174.66666666666674)	(46.0, 438.83333333332666)	(47.0, 15469.833333343473)	(48.0, 16512.91666667798)	(49.0, 4322.666666667179)	(50.0, 4629.083333333585)	(51.0, 13370.666666672963)	(52.0, 18092.333333338927)	(53.0, 6734.749999998419)	(54.0, 1656.2499999999131)	(55.0, 506.9166666666574)	(56.0, 180.5833333333338)	(57.0, 78.75000000000001)	(58.0, 83.33333333333324)	(59.0, 74.00000000000001)	(60.0, 16.500000000000007)	(61.0, 15.833333333333341)	(62.0, 63.50000000000018)	(63.0, 14.333333333333341)	(64.0, 4.166666666666667)	(65.0, 1.4999999999999998)	(66.0, 0.8333333333333333)	(67.0, 0.5)	(68.0, 0.0)	(69.0, 0.0)	(70.0, 0.0)	(71.0, 0.0)	(72.0, 0.0)	(73.0, 0.0)	(74.0, 0.0)	(75.0, 0.0)	(76.0, 0.0)	(77.0, 0.0)	(78.0, 0.0)	(79.0, 0.0)	(80.0, 0.0)	(81.0, 0.0)	(82.0, 0.0)	(83.0, 0.0)	(84.0, 0.0)	(85.0, 0.0)	(86.0, 0.0)	(87.0, 0.0)	(88.0, 0.0)	(89.0, 0.0)	(90.0, 0.0)	(91.0, 0.0)	(92.0, 0.0)	(93.0, 0.0)	(94.0, 0.0)	(95.0, 0.0)	(96.0, 0.0)	(97.0, 0.0)	(98.0, 0.0)	(99.0, 0.0)	(100.0, 0.0)
2404R_S2_week14_S22_L001_R2_001	(0.0, 0.0)	(1.0, 0.0)	(2.0, 0.0)	(3.0, 0.0)	(4.0, 0.0)	(5.0, 0.0)	(6.0, 0.0)	(7.0, 0.0)	(8.0, 0.0)	(9.0, 0.0)	(10.0, 0.0)	(11.0, 0.0)	(12.0, 0.0)	(13.0, 0.0)	(14.0, 0.0)	(15.0, 0.0)	(16.0, 0.0)	(17.0, 0.0)	(18.0, 0.0)	(19.0, 0.0)	(20.0, 0.0)	(21.0, 0.0)	(22.0, 0.0)	(23.0, 0.3333333333333333)	(24.0, 0.3333333333333333)	(25.0, 0.0)	(26.0, 0.0)	(27.0, 0.0)	(28.0, 0.0)	(29.0, 0.0)	(30.0, 0.5)	(31.0, 1.3333333333333333)	(32.0, 1.3333333333333333)	(33.0, 0.5)	(34.0, 0.0)	(35.0, 1.0)	(36.0, 2.0)	(37.0, 4.333333333333333)	(38.0, 8.0)	(39.0, 7.833333333333333)	(40.0, 8.333333333333332)	(41.0, 12.333333333333332)	(42.0, 13.833333333333334)	(43.0, 27.666666666666654)	(44.0, 75.16666666666664)	(45.0, 2651.666666666755)	(46.0, 15079.333333342838)	(47.0, 6184.74999999887)	(48.0, 1782.749999999889)	(49.0, 814.0000000000163)	(50.0, 648.5000000000035)	(51.0, 4216.16666666722)	(52.0, 5064.499999999916)	(53.0, 6410.999999998811)	(54.0, 5467.416666666282)	(55.0, 1616.999999999955)	(56.0, 11473.91666666907)	(57.0, 12116.083333336801)	(58.0, 1663.166666666609)	(59.0, 684.8333333333372)	(60.0, 500.49999999999807)	(61.0, 410.91666666666526)	(62.0, 293.1666666666667)	(63.0, 230.16666666666677)	(64.0, 214.33333333333357)	(65.0, 172.3333333333334)	(66.0, 138.16666666666663)	(67.0, 125.33333333333333)	(68.0, 111.33333333333333)	(69.0, 87.0)	(70.0, 70.33333333333333)	(71.0, 64.16666666666669)	(72.0, 84.83333333333323)	(73.0, 36.16666666666666)	(74.0, 20.166666666666664)	(75.0, 12.166666666666666)	(76.0, 5.833333333333333)	(77.0, 3.0)	(78.0, 2.0)	(79.0, 1.0)	(80.0, 0.5833333333333333)	(81.0, 0.5833333333333333)	(82.0, 0.3333333333333333)	(83.0, 0.3333333333333333)	(84.0, 0.0)	(85.0, 0.0)	(86.0, 0.0)	(87.0, 0.0)	(88.0, 0.0)	(89.0, 0.0)	(90.0, 0.0)	(91.0, 0.0)	(92.0, 0.0)	(93.0, 0.0)	(94.0, 0.0)	(95.0, 0.0)	(96.0, 0.0)	(97.0, 0.0)	(98.0, 0.3333333333333333)	(99.0, 0.0)	(100.0, 0.3333333333333333)
2446R_0_F_S2_week5_S42_L001_R1_001	(0.0, 0.0)	(1.0, 0.0)	(2.0, 0.0)	(3.0, 0.0)	(4.0, 0.0)	(5.0, 0.0)	(6.0, 0.0)	(7.0, 0.0)	(8.0, 0.0)	(9.0, 0.0)	(10.0, 0.0)	(11.0, 0.0)	(12.0, 0.0)	(13.0, 0.0)	(14.0, 0.0)	(15.0, 0.0)	(16.0, 0.0)	(17.0, 0.0)	(18.0, 0.0)	(19.0, 0.0)	(20.0, 0.0)	(21.0, 0.0)	(22.0, 0.0)	(23.0, 0.0)	(24.0, 0.0)	(25.0, 0.0)	(26.0, 0.0)	(27.0, 0.0)	(28.0, 0.0)	(29.0, 0.0)	(30.0, 0.0)	(31.0, 0.0)	(32.0, 0.5)	(33.0, 0.0)	(34.0, 0.0)	(35.0, 0.0)	(36.0, 0.0)	(37.0, 0.25)	(38.0, 0.5833333333333333)	(39.0, 0.0)	(40.0, 0.25)	(41.0, 2.083333333333333)	(42.0, 5.166666666666666)	(43.0, 23.083333333333332)	(44.0, 83.16666666666666)	(45.0, 128.41666666666652)	(46.0, 305.33333333333286)	(47.0, 14741.166666675515)	(48.0, 16326.750000011709)	(49.0, 3459.8333333337646)	(50.0, 3628.9166666671745)	(51.0, 8838.416666664896)	(52.0, 12573.250000004899)	(53.0, 5950.166666665758)	(54.0, 1536.6666666666015)	(55.0, 388.9999999999961)	(56.0, 134.58333333333292)	(57.0, 54.91666666666675)	(58.0, 108.24999999999964)	(59.0, 94.33333333333316)	(60.0, 9.0)	(61.0, 7.499999999999998)	(62.0, 15.000000000000009)	(63.0, 3.3333333333333335)	(64.0, 1.0)	(65.0, 0.0)	(66.0, 0.0)	(67.0, 0.0)	(68.0, 0.0)	(69.0, 0.0)	(70.0, 0.0)	(71.0, 0.0)	(72.0, 0.0)	(73.0, 0.0)	(74.0, 0.0)	(75.0, 0.0)	(76.0, 0.0)	(77.0, 0.0)	(78.0, 0.0)	(79.0, 0.0)	(80.0, 0.0)	(81.0, 0.0)	(82.0, 0.0)	(83.0, 0.0)	(84.0, 0.0)	(85.0, 0.0)	(86.0, 0.0)	(87.0, 0.0)	(88.0, 0.0)	(89.0, 0.0)	(90.0, 0.0)	(91.0, 0.0)	(92.0, 0.0)	(93.0, 0.0)	(94.0, 0.0)	(95.0, 0.0)	(96.0, 0.0)	(97.0, 0.0)	(98.0, 0.0)	(99.0, 0.0)	(100.0, 0.0)
2446R_0_F_S2_week5_S42_L001_R2_001	(0.0, 0.0)	(1.0, 0.0)	(2.0, 0.0)	(3.0, 0.0)	(4.0, 0.0)	(5.0, 0.0)	(6.0, 0.0)	(7.0, 0.0)	(8.0, 0.0)	(9.0, 0.0)	(10.0, 0.0)	(11.0, 0.0)	(12.0, 0.0)	(13.0, 0.0)	(14.0, 0.0)	(15.0, 0.0)	(16.0, 0.0)	(17.0, 0.0)	(18.0, 0.0)	(19.0, 0.0)	(20.0, 0.0)	(21.0, 0.0)	(22.0, 0.0)	(23.0, 0.0)	(24.0, 0.0)	(25.0, 0.0)	(26.0, 0.3333333333333333)	(27.0, 0.3333333333333333)	(28.0, 0.0)	(29.0, 0.5)	(30.0, 1.0)	(31.0, 1.0)	(32.0, 0.5)	(33.0, 0.0)	(34.0, 0.0)	(35.0, 0.0)	(36.0, 0.0)	(37.0, 1.5)	(38.0, 4.5)	(39.0, 8.5)	(40.0, 11.0)	(41.0, 14.666666666666666)	(42.0, 19.166666666666668)	(43.0, 31.33333333333332)	(44.0, 66.50000000000006)	(45.0, 1189.6666666666736)	(46.0, 13514.16666667332)	(47.0, 10403.833333334347)	(48.0, 1351.2499999999725)	(49.0, 738.916666666676)	(50.0, 626.3333333333347)	(51.0, 3287.1666666669607)	(52.0, 3907.8333333339056)	(53.0, 5989.4999999992)	(54.0, 5386.416666666356)	(55.0, 1544.8333333333012)	(56.0, 7760.74999999787)	(57.0, 7930.416666664419)	(58.0, 1244.7499999999932)	(59.0, 570.3333333333328)	(60.0, 492.4999999999979)	(61.0, 426.41666666666555)	(62.0, 304.33333333333326)	(63.0, 237.83333333333346)	(64.0, 202.5000000000002)	(65.0, 131.24999999999997)	(66.0, 110.16666666666666)	(67.0, 93.0)	(68.0, 74.33333333333333)	(69.0, 63.833333333333336)	(70.0, 53.0)	(71.0, 36.66666666666668)	(72.0, 29.333333333333325)	(73.0, 21.83333333333333)	(74.0, 15.166666666666666)	(75.0, 7.5)	(76.0, 2.833333333333333)	(77.0, 2.5)	(78.0, 1.0)	(79.0, 0.0)	(80.0, 0.0)	(81.0, 0.0)	(82.0, 1.0833333333333333)	(83.0, 0.8333333333333333)	(84.0, 0.0)	(85.0, 0.0)	(86.0, 0.3333333333333333)	(87.0, 0.6666666666666666)	(88.0, 0.3333333333333333)	(89.0, 0.0)	(90.0, 0.5)	(91.0, 0.5)	(92.0, 0.5)	(93.0, 0.5)	(94.0, 0.25)	(95.0, 0.25)	(96.0, 0.0)	(97.0, 0.75)	(98.0, 0.5)	(99.0, 0.0)	(100.0, 0.5)
2446R_L_F_S2_diabetes_S12_L001_R1_001	(0.0, 0.0)	(1.0, 0.0)	(2.0, 0.0)	(3.0, 0.0)	(4.0, 0.0)	(5.0, 0.0)	(6.0, 0.0)	(7.0, 0.0)	(8.0, 0.0)	(9.0, 0.0)	(10.0, 0.0)	(11.0, 0.0)	(12.0, 0.0)	(13.0, 0.0)	(14.0, 0.0)	(15.0, 0.0)	(16.0, 0.0)	(17.0, 0.0)	(18.0, 0.0)	(19.0, 0.0)	(20.0, 0.0)	(21.0, 0.0)	(22.0, 0.0)	(23.0, 0.0)	(24.0, 0.0)	(25.0, 0.0)	(26.0, 0.0)	(27.0, 0.0)	(28.0, 0.0)	(29.0, 0.0)	(30.0, 0.0)	(31.0, 0.0)	(32.0, 0.25)	(33.0, 0.0)	(34.0, 0.0)	(35.0, 0.0)	(36.0, 0.0)	(37.0, 0.5)	(38.0, 0.5)	(39.0, 0.25)	(40.0, 0.9166666666666665)	(41.0, 0.5)	(42.0, 6.999999999999999)	(43.0, 29.666666666666668)	(44.0, 81.66666666666667)	(45.0, 136.83333333333331)	(46.0, 357.9999999999967)	(47.0, 11928.916666670431)	(48.0, 12598.33333333827)	(49.0, 3291.66666666702)	(50.0, 3458.500000000425)	(51.0, 10433.83333333439)	(52.0, 15168.166666676183)	(53.0, 10992.083333335382)	(54.0, 6460.083333331979)	(55.0, 735.8333333333435)	(56.0, 322.24999999999966)	(57.0, 146.7499999999999)	(58.0, 94.08333333333319)	(59.0, 53.16666666666672)	(60.0, 19.499999999999996)	(61.0, 10.833333333333332)	(62.0, 21.0)	(63.0, 6.333333333333333)	(64.0, 2.1666666666666665)	(65.0, 1.3333333333333333)	(66.0, 0.5)	(67.0, 0.0)	(68.0, 0.0)	(69.0, 0.0)	(70.0, 0.0)	(71.0, 0.0)	(72.0, 0.0)	(73.0, 0.0)	(74.0, 0.0)	(75.0, 0.0)	(76.0, 0.0)	(77.0, 0.0)	(78.0, 0.0)	(79.0, 0.0)	(80.0, 0.0)	(81.0, 0.0)	(82.0, 0.0)	(83.0, 0.0)	(84.0, 0.0)	(85.0, 0.0)	(86.0, 0.0)	(87.0, 0.0)	(88.0, 0.0)	(89.0, 0.0)	(90.0, 0.0)	(91.0, 0.0)	(92.0, 0.0)	(93.0, 0.0)	(94.0, 0.0)	(95.0, 0.0)	(96.0, 0.0)	(97.0, 0.0)	(98.0, 0.0)	(99.0, 0.0)	(100.0, 0.0)
2446R_L_F_S2_diabetes_S12_L001_R2_001	(0.0, 0.0)	(1.0, 0.0)	(2.0, 0.0)	(3.0, 0.0)	(4.0, 0.0)	(5.0, 0.0)	(6.0, 0.0)	(7.0, 0.0)	(8.0, 0.0)	(9.0, 0.0)	(10.0, 0.0)	(11.0, 0.0)	(12.0, 0.0)	(13.0, 0.0)	(14.0, 0.0)	(15.0, 0.0)	(16.0, 0.0)	(17.0, 0.0)	(18.0, 0.0)	(19.0, 0.0)	(20.0, 0.0)	(21.0, 0.0)	(22.0, 0.0)	(23.0, 0.0)	(24.0, 0.0)	(25.0, 0.0)	(26.0, 0.0)	(27.0, 0.6666666666666666)	(28.0, 0.6666666666666666)	(29.0, 0.5)	(30.0, 1.5)	(31.0, 1.5)	(32.0, 0.5)	(33.0, 0.3333333333333333)	(34.0, 0.5)	(35.0, 1.3333333333333333)	(36.0, 1.3333333333333333)	(37.0, 1.5)	(38.0, 4.0)	(39.0, 9.666666666666666)	(40.0, 11.833333333333332)	(41.0, 9.333333333333332)	(42.0, 17.0)	(43.0, 29.41666666666666)	(44.0, 62.25000000000009)	(45.0, 2166.916666666538)	(46.0, 11651.166666669953)	(47.0, 4374.500000000478)	(48.0, 1523.4166666666076)	(49.0, 689.0833333333402)	(50.0, 523.2499999999964)	(51.0, 2923.8333333335104)	(52.0, 4424.500000000406)	(53.0, 4936.000000000019)	(54.0, 4158.916666667248)	(55.0, 2369.0833333333326)	(56.0, 14211.500000006987)	(57.0, 10937.500000001612)	(58.0, 1567.1666666666224)	(59.0, 718.9166666666705)	(60.0, 745.7500000000022)	(61.0, 718.8333333333351)	(62.0, 433.74999999999955)	(63.0, 309.0)	(64.0, 256.2500000000001)	(65.0, 188.5)	(66.0, 146.99999999999997)	(67.0, 128.5)	(68.0, 98.66666666666667)	(69.0, 73.41666666666666)	(70.0, 61.0)	(71.0, 51.0)	(72.0, 51.50000000000001)	(73.0, 32.49999999999999)	(74.0, 22.0)	(75.0, 10.5)	(76.0, 6.333333333333333)	(77.0, 7.333333333333333)	(78.0, 5.833333333333333)	(79.0, 2.0)	(80.0, 0.0)	(81.0, 0.5)	(82.0, 0.5)	(83.0, 0.5)	(84.0, 0.5)	(85.0, 0.0)	(86.0, 0.0)	(87.0, 0.0)	(88.0, 0.0)	(89.0, 0.0)	(90.0, 0.3333333333333333)	(91.0, 0.3333333333333333)	(92.0, 0.0)	(93.0, 0.3333333333333333)	(94.0, 0.0)	(95.0, 0.0)	(96.0, 0.0)	(97.0, 0.0)	(98.0, 0.0)	(99.0, 0.0)	(100.0, 0.0)
2446R_RL_F_S2_Pellet_week9_S69_L001_R1_001	(0.0, 0.0)	(1.0, 0.0)	(2.0, 0.0)	(3.0, 0.0)	(4.0, 0.0)	(5.0, 0.0)	(6.0, 0.0)	(7.0, 0.0)	(8.0, 0.0)	(9.0, 0.0)	(10.0, 0.0)	(11.0, 0.0)	(12.0, 0.0)	(13.0, 0.0)	(14.0, 0.0)	(15.0, 0.0)	(16.0, 0.0)	(17.0, 0.0)	(18.0, 0.0)	(19.0, 0.0)	(20.0, 0.0)	(21.0, 0.0)	(22.0, 0.0)	(23.0, 0.0)	(24.0, 0.0)	(25.0, 0.0)	(26.0, 0.0)	(27.0, 0.0)	(28.0, 0.5)	(29.0, 0.5)	(30.0, 0.0)	(31.0, 0.25)	(32.0, 0.25)	(33.0, 0.0)	(34.0, 0.25)	(35.0, 0.0)	(36.0, 0.25)	(37.0, 0.5)	(38.0, 0.25)	(39.0, 0.0)	(40.0, 0.75)	(41.0, 3.583333333333333)	(42.0, 7.083333333333334)	(43.0, 27.333333333333332)	(44.0, 101.50000000000001)	(45.0, 156.41666666666677)	(46.0, 431.6666666666602)	(47.0, 15388.000000010015)	(48.0, 16573.500000011136)	(49.0, 4717.250000000178)	(50.0, 4693.666666666869)	(51.0, 10103.500000000471)	(52.0, 14907.833333342409)	(53.0, 6889.0833333316)	(54.0, 1764.9166666665537)	(55.0, 457.41666666665947)	(56.0, 160.33333333333346)	(57.0, 62.833333333333435)	(58.0, 108.333333333333)	(59.0, 101.49999999999974)	(60.0, 18.666666666666664)	(61.0, 10.666666666666668)	(62.0, 34.3333333333333)	(63.0, 7.166666666666664)	(64.0, 1.6666666666666665)	(65.0, 2.6666666666666665)	(66.0, 1.6666666666666665)	(67.0, 0.0)	(68.0, 0.0)	(69.0, 0.5)	(70.0, 1.0)	(71.0, 0.5)	(72.0, 0.0)	(73.0, 0.0)	(74.0, 0.0)	(75.0, 0.0)	(76.0, 0.0)	(77.0, 0.0)	(78.0, 0.0)	(79.0, 0.0)	(80.0, 0.0)	(81.0, 0.0)	(82.0, 0.0)	(83.0, 0.0)	(84.0, 0.0)	(85.0, 0.0)	(86.0, 0.0)	(87.0, 0.0)	(88.0, 0.0)	(89.0, 0.0)	(90.0, 0.0)	(91.0, 0.0)	(92.0, 0.0)	(93.0, 0.0)	(94.0, 0.0)	(95.0, 0.0)	(96.0, 0.0)	(97.0, 0.0)	(98.0, 0.0)	(99.0, 0.0)	(100.0, 0.0)
2446R_RL_F_S2_Pellet_week9_S69_L001_R2_001	(0.0, 0.0)	(1.0, 0.0)	(2.0, 0.0)	(3.0, 0.0)	(4.0, 0.0)	(5.0, 0.0)	(6.0, 0.0)	(7.0, 0.0)	(8.0, 0.0)	(9.0, 0.0)	(10.0, 0.0)	(11.0, 0.0)	(12.0, 0.0)	(13.0, 0.0)	(14.0, 0.0)	(15.0, 0.0)	(16.0, 0.0)	(17.0, 0.0)	(18.0, 0.0)	(19.0, 0.3333333333333333)	(20.0, 0.3333333333333333)	(21.0, 0.0)	(22.0, 0.0)	(23.0, 0.0)	(24.0, 0.0)	(25.0, 0.0)	(26.0, 0.0)	(27.0, 0.3333333333333333)	(28.0, 0.6666666666666666)	(29.0, 1.3333333333333333)	(30.0, 0.3333333333333333)	(31.0, 0.3333333333333333)	(32.0, 0.0)	(33.0, 0.0)	(34.0, 0.3333333333333333)	(35.0, 0.3333333333333333)	(36.0, 0.5)	(37.0, 1.3333333333333333)	(38.0, 2.6666666666666665)	(39.0, 3.1666666666666665)	(40.0, 5.416666666666667)	(41.0, 11.25)	(42.0, 19.833333333333332)	(43.0, 31.166666666666664)	(44.0, 81.16666666666659)	(45.0, 2832.6666666668357)	(46.0, 14991.000000009333)	(47.0, 4990.166666666593)	(48.0, 1518.166666666611)	(49.0, 718.5000000000088)	(50.0, 634.5000000000036)	(51.0, 3972.9166666672772)	(52.0, 4773.333333333443)	(53.0, 7402.666666664657)	(54.0, 6240.083333332357)	(55.0, 1569.74999999996)	(56.0, 8969.333333331937)	(57.0, 9230.416666665713)	(58.0, 1388.4999999999768)	(59.0, 630.1666666666679)	(60.0, 495.4999999999986)	(61.0, 440.999999999999)	(62.0, 319.25)	(63.0, 262.8333333333334)	(64.0, 240.83333333333366)	(65.0, 157.66666666666666)	(66.0, 137.0)	(67.0, 117.83333333333333)	(68.0, 95.83333333333333)	(69.0, 87.33333333333334)	(70.0, 68.83333333333333)	(71.0, 53.16666666666667)	(72.0, 60.66666666666669)	(73.0, 30.66666666666666)	(74.0, 17.666666666666664)	(75.0, 11.833333333333332)	(76.0, 8.833333333333332)	(77.0, 4.333333333333333)	(78.0, 0.75)	(79.0, 0.0)	(80.0, 0.0)	(81.0, 0.0)	(82.0, 0.5)	(83.0, 1.0)	(84.0, 0.5)	(85.0, 0.0)	(86.0, 0.3333333333333333)	(87.0, 0.3333333333333333)	(88.0, 0.0)	(89.0, 0.0)	(90.0, 0.0)	(91.0, 0.0)	(92.0, 0.0)	(93.0, 0.0)	(94.0, 0.0)	(95.0, 0.3333333333333333)	(96.0, 0.3333333333333333)	(97.0, 0.0)	(98.0, 0.0)	(99.0, 0.0)	(100.0, 0.5)
2446R_RL_F_S2_week5_S44_L001_R1_001	(0.0, 0.0)	(1.0, 0.0)	(2.0, 0.0)	(3.0, 0.0)	(4.0, 0.0)	(5.0, 0.0)	(6.0, 0.0)	(7.0, 0.0)	(8.0, 0.0)	(9.0, 0.0)	(10.0, 0.0)	(11.0, 0.0)	(12.0, 0.0)	(13.0, 0.0)	(14.0, 0.0)	(15.0, 0.0)	(16.0, 0.0)	(17.0, 0.0)	(18.0, 0.0)	(19.0, 0.0)	(20.0, 0.0)	(21.0, 0.0)	(22.0, 0.0)	(23.0, 0.0)	(24.0, 0.0)	(25.0, 0.0)	(26.0, 0.0)	(27.0, 0.0)	(28.0, 0.0)	(29.0, 0.0)	(30.0, 0.25)	(31.0, 0.5)	(32.0, 0.0)	(33.0, 0.0)	(34.0, 0.25)	(35.0, 0.0)	(36.0, 0.5)	(37.0, 0.5)	(38.0, 0.0)	(39.0, 0.0)	(40.0, 0.3333333333333333)	(41.0, 1.5833333333333333)	(42.0, 3.0)	(43.0, 14.166666666666668)	(44.0, 59.41666666666668)	(45.0, 96.8333333333333)	(46.0, 230.75000000000162)	(47.0, 9850.500000000038)	(48.0, 10991.75000000209)	(49.0, 2472.166666666675)	(50.0, 2988.250000000222)	(51.0, 12619.83333333829)	(52.0, 16996.41666667619)	(53.0, 6876.249999998278)	(54.0, 1604.083333333256)	(55.0, 782.0000000000168)	(56.0, 211.16666666666777)	(57.0, 78.58333333333333)	(58.0, 143.83333333333317)	(59.0, 136.49999999999963)	(60.0, 24.833333333333318)	(61.0, 9.0)	(62.0, 14.58333333333334)	(63.0, 4.833333333333333)	(64.0, 1.9999999999999998)	(65.0, 1.1666666666666665)	(66.0, 0.3333333333333333)	(67.0, 0.0)	(68.0, 0.0)	(69.0, 0.0)	(70.0, 0.0)	(71.0, 0.0)	(72.0, 0.0)	(73.0, 0.0)	(74.0, 0.0)	(75.0, 0.0)	(76.0, 0.0)	(77.0, 0.0)	(78.0, 0.0)	(79.0, 0.0)	(80.0, 0.0)	(81.0, 0.0)	(82.0, 0.0)	(83.0, 0.0)	(84.0, 0.0)	(85.0, 0.0)	(86.0, 0.0)	(87.0, 0.0)	(88.0, 0.0)	(89.0, 0.0)	(90.0, 0.0)	(91.0, 0.0)	(92.0, 0.0)	(93.0, 0.0)	(94.0, 0.0)	(95.0, 0.0)	(96.0, 0.0)	(97.0, 0.0)	(98.0, 0.0)	(99.0, 0.0)	(100.0, 0.0)
2446R_RL_F_S2_week5_S44_L001_R2_001	(0.0, 0.0)	(1.0, 0.0)	(2.0, 0.0)	(3.0, 0.0)	(4.0, 0.0)	(5.0, 0.0)	(6.0, 0.0)	(7.0, 0.0)	(8.0, 0.0)	(9.0, 0.0)	(10.0, 0.0)	(11.0, 0.0)	(12.0, 0.0)	(13.0, 0.0)	(14.0, 0.0)	(15.0, 0.0)	(16.0, 0.0)	(17.0, 0.0)	(18.0, 0.0)	(19.0, 0.0)	(20.0, 0.0)	(21.0, 0.0)	(22.0, 0.0)	(23.0, 0.0)	(24.0, 0.0)	(25.0, 0.0)	(26.0, 0.0)	(27.0, 0.0)	(28.0, 0.0)	(29.0, 0.0)	(30.0, 0.0)	(31.0, 0.0)	(32.0, 0.0)	(33.0, 0.5)	(34.0, 0.5)	(35.0, 0.0)	(36.0, 0.0)	(37.0, 0.8333333333333333)	(38.0, 2.6666666666666665)	(39.0, 3.6666666666666665)	(40.0, 3.5)	(41.0, 7.333333333333333)	(42.0, 16.666666666666664)	(43.0, 24.5)	(44.0, 38.16666666666668)	(45.0, 624.6666666666684)	(46.0, 9053.499999998596)	(47.0, 7509.999999997679)	(48.0, 1048.5000000000334)	(49.0, 577.9999999999985)	(50.0, 528.8333333333295)	(51.0, 3111.000000000247)	(52.0, 3834.6666666672213)	(53.0, 5477.9999999995935)	(54.0, 5141.166666666528)	(55.0, 1641.8333333332891)	(56.0, 10952.750000001519)	(57.0, 11481.666666669056)	(58.0, 1596.1666666666224)	(59.0, 682.2500000000035)	(60.0, 758.0000000000047)	(61.0, 714.8333333333354)	(62.0, 349.2499999999996)	(63.0, 275.16666666666686)	(64.0, 273.66666666666686)	(65.0, 170.33333333333343)	(66.0, 130.91666666666663)	(67.0, 112.58333333333333)	(68.0, 100.83333333333333)	(69.0, 80.33333333333334)	(70.0, 54.333333333333336)	(71.0, 42.0)	(72.0, 38.333333333333336)	(73.0, 23.666666666666664)	(74.0, 15.833333333333334)	(75.0, 9.0)	(76.0, 4.5)	(77.0, 4.0)	(78.0, 3.5)	(79.0, 2.4166666666666665)	(80.0, 0.6666666666666666)	(81.0, 0.3333333333333333)	(82.0, 0.0)	(83.0, 0.8333333333333333)	(84.0, 1.0)	(85.0, 1.5)	(86.0, 1.3333333333333333)	(87.0, 0.3333333333333333)	(88.0, 0.0)	(89.0, 0.0)	(90.0, 0.0)	(91.0, 0.0)	(92.0, 0.0)	(93.0, 0.0)	(94.0, 0.0)	(95.0, 0.0)	(96.0, 0.0)	(97.0, 0.0)	(98.0, 0.0)	(99.0, 0.25)	(100.0, 0.0)
2446R_R_F_S2_Pellet_week9_S68_L001_R1_001	(0.0, 0.0)	(1.0, 0.0)	(2.0, 0.0)	(3.0, 0.0)	(4.0, 0.0)	(5.0, 0.0)	(6.0, 0.0)	(7.0, 0.0)	(8.0, 0.0)	(9.0, 0.0)	(10.0, 0.0)	(11.0, 0.0)	(12.0, 0.0)	(13.0, 0.0)	(14.0, 0.0)	(15.0, 0.0)	(16.0, 0.0)	(17.0, 0.0)	(18.0, 0.0)	(19.0, 0.0)	(20.0, 0.0)	(21.0, 0.0)	(22.0, 0.0)	(23.0, 0.0)	(24.0, 0.0)	(25.0, 0.0)	(26.0, 0.0)	(27.0, 0.0)	(28.0, 0.0)	(29.0, 0.0)	(30.0, 0.0)	(31.0, 0.0)	(32.0, 0.0)	(33.0, 0.0)	(34.0, 0.0)	(35.0, 0.25)	(36.0, 0.25)	(37.0, 0.0)	(38.0, 0.0)	(39.0, 0.0)	(40.0, 0.0)	(41.0, 0.0)	(42.0, 4.083333333333334)	(43.0, 17.916666666666664)	(44.0, 59.083333333333336)	(45.0, 93.5833333333333)	(46.0, 224.00000000000156)	(47.0, 9013.6666666652)	(48.0, 9768.499999999889)	(49.0, 2719.6666666667775)	(50.0, 2711.583333333435)	(51.0, 13215.500000006045)	(52.0, 16165.583333344654)	(53.0, 4150.1666666673245)	(54.0, 1241.7499999999973)	(55.0, 354.66666666666436)	(56.0, 112.24999999999966)	(57.0, 48.583333333333385)	(58.0, 65.50000000000011)	(59.0, 58.66666666666677)	(60.0, 13.0)	(61.0, 7.333333333333333)	(62.0, 12.833333333333336)	(63.0, 4.333333333333333)	(64.0, 2.1666666666666665)	(65.0, 0.3333333333333333)	(66.0, 0.0)	(67.0, 0.25)	(68.0, 0.25)	(69.0, 0.0)	(70.0, 0.0)	(71.0, 0.0)	(72.0, 0.0)	(73.0, 0.0)	(74.0, 0.0)	(75.0, 0.0)	(76.0, 0.0)	(77.0, 0.0)	(78.0, 0.0)	(79.0, 0.0)	(80.0, 0.0)	(81.0, 0.0)	(82.0, 0.0)	(83.0, 0.0)	(84.0, 0.0)	(85.0, 0.0)	(86.0, 0.0)	(87.0, 0.0)	(88.0, 0.0)	(89.0, 0.0)	(90.0, 0.0)	(91.0, 0.0)	(92.0, 0.0)	(93.0, 0.0)	(94.0, 0.0)	(95.0, 0.0)	(96.0, 0.0)	(97.0, 0.0)	(98.0, 0.0)	(99.0, 0.0)	(100.0, 0.0)
2446R_R_F_S2_Pellet_week9_S68_L001_R2_001	(0.0, 0.0)	(1.0, 0.0)	(2.0, 0.0)	(3.0, 0.0)	(4.0, 0.0)	(5.0, 0.0)	(6.0, 0.0)	(7.0, 0.0)	(8.0, 0.0)	(9.0, 0.0)	(10.0, 0.0)	(11.0, 0.0)	(12.0, 0.0)	(13.0, 0.0)	(14.0, 0.0)	(15.0, 0.0)	(16.0, 0.0)	(17.0, 0.0)	(18.0, 0.0)	(19.0, 0.0)	(20.0, 0.0)	(21.0, 0.0)	(22.0, 0.0)	(23.0, 0.0)	(24.0, 0.0)	(25.0, 0.0)	(26.0, 0.3333333333333333)	(27.0, 0.0)	(28.0, 0.3333333333333333)	(29.0, 0.3333333333333333)	(30.0, 0.0)	(31.0, 0.0)	(32.0, 0.0)	(33.0, 0.5)	(34.0, 0.5)	(35.0, 0.0)	(36.0, 0.0)	(37.0, 1.0)	(38.0, 3.5)	(39.0, 3.8333333333333335)	(40.0, 3.3333333333333335)	(41.0, 5.833333333333334)	(42.0, 12.0)	(43.0, 23.333333333333332)	(44.0, 47.33333333333337)	(45.0, 1154.3333333333492)	(46.0, 8559.249999997703)	(47.0, 4592.08333333362)	(48.0, 1140.5833333333505)	(49.0, 514.6666666666601)	(50.0, 423.8333333333302)	(51.0, 2110.9999999998686)	(52.0, 2540.666666666696)	(53.0, 3676.5000000004834)	(54.0, 3179.583333333586)	(55.0, 1183.5)	(56.0, 11779.16666666958)	(57.0, 12687.166666671053)	(58.0, 1595.6666666666133)	(59.0, 619.2500000000011)	(60.0, 494.49999999999784)	(61.0, 374.4999999999996)	(62.0, 242.33333333333354)	(63.0, 218.25000000000014)	(64.0, 194.00000000000023)	(65.0, 145.0)	(66.0, 109.16666666666664)	(67.0, 97.66666666666666)	(68.0, 87.5)	(69.0, 68.0)	(70.0, 57.0)	(71.0, 47.66666666666667)	(72.0, 41.50000000000001)	(73.0, 26.666666666666664)	(74.0, 18.0)	(75.0, 10.0)	(76.0, 3.0)	(77.0, 1.5)	(78.0, 1.0)	(79.0, 1.0)	(80.0, 1.25)	(81.0, 0.25)	(82.0, 0.25)	(83.0, 0.0)	(84.0, 0.0)	(85.0, 0.0)	(86.0, 0.3333333333333333)	(87.0, 0.0)	(88.0, 0.3333333333333333)	(89.0, 0.3333333333333333)	(90.0, 0.0)	(91.0, 0.0)	(92.0, 0.0)	(93.0, 0.0)	(94.0, 0.5)	(95.0, 0.5)	(96.0, 0.0)	(97.0, 0.0)	(98.0, 0.0)	(99.0, 0.0)	(100.0, 0.0)
2446R_R_F_S2_week5_S43_L001_R1_001	(0.0, 0.0)	(1.0, 0.0)	(2.0, 0.0)	(3.0, 0.0)	(4.0, 0.0)	(5.0, 0.0)	(6.0, 0.0)	(7.0, 0.0)	(8.0, 0.0)	(9.0, 0.0)	(10.0, 0.0)	(11.0, 0.0)	(12.0, 0.0)	(13.0, 0.0)	(14.0, 0.0)	(15.0, 0.0)	(16.0, 0.0)	(17.0, 0.0)	(18.0, 0.0)	(19.0, 0.0)	(20.0, 0.0)	(21.0, 0.0)	(22.0, 0.0)	(23.0, 0.0)	(24.0, 0.0)	(25.0, 0.0)	(26.0, 0.0)	(27.0, 0.0)	(28.0, 0.0)	(29.0, 0.0)	(30.0, 0.25)	(31.0, 1.0)	(32.0, 0.25)	(33.0, 0.25)	(34.0, 0.25)	(35.0, 0.25)	(36.0, 0.0)	(37.0, 0.0)	(38.0, 0.25)	(39.0, 0.6666666666666666)	(40.0, 0.3333333333333333)	(41.0, 0.75)	(42.0, 6.666666666666666)	(43.0, 23.499999999999996)	(44.0, 77.08333333333331)	(45.0, 120.33333333333324)	(46.0, 267.6666666666681)	(47.0, 14687.9166666754)	(48.0, 17668.916666673875)	(49.0, 4753.916666666804)	(50.0, 4946.666666666642)	(51.0, 9908.583333333472)	(52.0, 12621.166666671652)	(53.0, 4922.499999999994)	(54.0, 1699.7499999998997)	(55.0, 373.8333333333306)	(56.0, 133.9166666666663)	(57.0, 58.333333333333435)	(58.0, 104.99999999999967)	(59.0, 105.83333333333299)	(60.0, 18.25)	(61.0, 5.833333333333332)	(62.0, 11.333333333333336)	(63.0, 4.999999999999999)	(64.0, 0.8333333333333333)	(65.0, 0.3333333333333333)	(66.0, 0.0)	(67.0, 0.0)	(68.0, 0.0)	(69.0, 0.0)	(70.0, 0.0)	(71.0, 0.0)	(72.0, 0.0)	(73.0, 0.0)	(74.0, 0.0)	(75.0, 0.0)	(76.0, 0.0)	(77.0, 0.0)	(78.0, 0.0)	(79.0, 0.0)	(80.0, 0.0)	(81.0, 0.0)	(82.0, 0.0)	(83.0, 0.0)	(84.0, 0.0)	(85.0, 0.0)	(86.0, 0.0)	(87.0, 0.0)	(88.0, 0.0)	(89.0, 0.0)	(90.0, 0.0)	(91.0, 0.0)	(92.0, 0.0)	(93.0, 0.0)	(94.0, 0.0)	(95.0, 0.0)	(96.0, 0.0)	(97.0, 0.0)	(98.0, 0.0)	(99.0, 0.0)	(100.0, 0.0)
2446R_R_F_S2_week5_S43_L001_R2_001	(0.0, 0.0)	(1.0, 0.0)	(2.0, 0.0)	(3.0, 0.0)	(4.0, 0.0)	(5.0, 0.0)	(6.0, 0.0)	(7.0, 0.0)	(8.0, 0.0)	(9.0, 0.0)	(10.0, 0.0)	(11.0, 0.0)	(12.0, 0.0)	(13.0, 0.0)	(14.0, 0.0)	(15.0, 0.0)	(16.0, 0.0)	(17.0, 0.0)	(18.0, 0.0)	(19.0, 0.0)	(20.0, 0.0)	(21.0, 0.3333333333333333)	(22.0, 0.0)	(23.0, 0.0)	(24.0, 0.0)	(25.0, 0.0)	(26.0, 0.0)	(27.0, 0.0)	(28.0, 0.0)	(29.0, 0.0)	(30.0, 0.0)	(31.0, 0.3333333333333333)	(32.0, 0.3333333333333333)	(33.0, 0.6666666666666666)	(34.0, 0.0)	(35.0, 0.0)	(36.0, 0.0)	(37.0, 2.333333333333333)	(38.0, 4.5)	(39.0, 6.166666666666667)	(40.0, 8.666666666666666)	(41.0, 16.166666666666668)	(42.0, 21.166666666666664)	(43.0, 25.999999999999993)	(44.0, 48.33333333333334)	(45.0, 465.83333333332524)	(46.0, 13084.833333339197)	(47.0, 12849.833333338738)	(48.0, 1395.249999999964)	(49.0, 722.2500000000083)	(50.0, 599.1666666666662)	(51.0, 2153.083333333229)	(52.0, 2912.9166666668325)	(53.0, 8068.333333330706)	(54.0, 6943.333333331784)	(55.0, 1740.916666666606)	(56.0, 8973.58333333199)	(57.0, 9072.083333332215)	(58.0, 1397.0833333333119)	(59.0, 621.0000000000013)	(60.0, 482.3333333333316)	(61.0, 420.74999999999915)	(62.0, 309.66666666666663)	(63.0, 251.6666666666668)	(64.0, 263.8333333333335)	(65.0, 178.00000000000009)	(66.0, 123.83333333333333)	(67.0, 115.33333333333333)	(68.0, 99.33333333333333)	(69.0, 80.66666666666667)	(70.0, 65.66666666666666)	(71.0, 47.333333333333336)	(72.0, 42.00000000000001)	(73.0, 26.833333333333332)	(74.0, 12.5)	(75.0, 6.333333333333333)	(76.0, 5.0)	(77.0, 6.0)	(78.0, 3.0)	(79.0, 0.5)	(80.0, 0.0)	(81.0, 0.5)	(82.0, 1.3333333333333333)	(83.0, 0.5)	(84.0, 0.8333333333333333)	(85.0, 0.5)	(86.0, 0.0)	(87.0, 0.0)	(88.0, 0.0)	(89.0, 0.0)	(90.0, 0.0)	(91.0, 0.0)	(92.0, 0.0)	(93.0, 0.5)	(94.0, 0.5)	(95.0, 0.0)	(96.0, 0.0)	(97.0, 0.0)	(98.0, 0.0)	(99.0, 0.0)	(100.0, 0.0)
2446R_S2_week15_S24_L001_R1_001	(0.0, 0.0)	(1.0, 0.0)	(2.0, 0.0)	(3.0, 0.0)	(4.0, 0.0)	(5.0, 0.0)	(6.0, 0.0)	(7.0, 0.0)	(8.0, 0.0)	(9.0, 0.0)	(10.0, 0.0)	(11.0, 0.0)	(12.0, 0.0)	(13.0, 0.0)	(14.0, 0.0)	(15.0, 0.0)	(16.0, 0.0)	(17.0, 0.0)	(18.0, 0.0)	(19.0, 0.0)	(20.0, 0.0)	(21.0, 0.0)	(22.0, 0.0)	(23.0, 0.0)	(24.0, 0.0)	(25.0, 0.0)	(26.0, 0.0)	(27.0, 0.0)	(28.0, 0.0)	(29.0, 0.0)	(30.0, 0.0)	(31.0, 0.0)	(32.0, 0.25)	(33.0, 0.0)	(34.0, 0.25)	(35.0, 0.0)	(36.0, 0.25)	(37.0, 0.8333333333333333)	(38.0, 0.6666666666666666)	(39.0, 0.3333333333333333)	(40.0, 0.5)	(41.0, 0.5)	(42.0, 4.25)	(43.0, 18.25)	(44.0, 74.50000000000001)	(45.0, 121.83333333333329)	(46.0, 303.4999999999996)	(47.0, 12134.916666670802)	(48.0, 12569.166666671577)	(49.0, 2875.916666666847)	(50.0, 3016.250000000238)	(51.0, 10730.083333334931)	(52.0, 13631.166666673429)	(53.0, 4160.000000000651)	(54.0, 1023.333333333376)	(55.0, 272.91666666666833)	(56.0, 91.91666666666652)	(57.0, 33.083333333333314)	(58.0, 37.166666666666664)	(59.0, 28.66666666666664)	(60.0, 7.999999999999997)	(61.0, 8.333333333333332)	(62.0, 36.16666666666665)	(63.0, 6.166666666666666)	(64.0, 3.3333333333333335)	(65.0, 1.4999999999999998)	(66.0, 0.3333333333333333)	(67.0, 0.3333333333333333)	(68.0, 0.0)	(69.0, 0.0)	(70.0, 0.0)	(71.0, 0.0)	(72.0, 0.0)	(73.0, 0.0)	(74.0, 0.0)	(75.0, 0.0)	(76.0, 0.0)	(77.0, 0.0)	(78.0, 0.0)	(79.0, 0.0)	(80.0, 0.0)	(81.0, 0.0)	(82.0, 0.0)	(83.0, 0.0)	(84.0, 0.0)	(85.0, 0.0)	(86.0, 0.0)	(87.0, 0.0)	(88.0, 0.0)	(89.0, 0.0)	(90.0, 0.0)	(91.0, 0.0)	(92.0, 0.0)	(93.0, 0.0)	(94.0, 0.0)	(95.0, 0.0)	(96.0, 0.0)	(97.0, 0.0)	(98.0, 0.0)	(99.0, 0.0)	(100.0, 0.0)
2446R_S2_week15_S24_L001_R2_001	(0.0, 0.0)	(1.0, 0.0)	(2.0, 0.0)	(3.0, 0.0)	(4.0, 0.0)	(5.0, 0.0)	(6.0, 0.0)	(7.0, 0.0)	(8.0, 0.0)	(9.0, 0.0)	(10.0, 0.0)	(11.0, 0.0)	(12.0, 0.0)	(13.0, 0.0)	(14.0, 0.0)	(15.0, 0.0)	(16.0, 0.0)	(17.0, 0.0)	(18.0, 0.0)	(19.0, 0.0)	(20.0, 0.0)	(21.0, 0.0)	(22.0, 0.0)	(23.0, 0.0)	(24.0, 0.0)	(25.0, 0.3333333333333333)	(26.0, 0.0)	(27.0, 0.0)	(28.0, 0.0)	(29.0, 0.0)	(30.0, 0.0)	(31.0, 1.0)	(32.0, 2.0)	(33.0, 1.8333333333333333)	(34.0, 1.5)	(35.0, 3.0)	(36.0, 3.833333333333333)	(37.0, 3.333333333333333)	(38.0, 3.0)	(39.0, 4.5)	(40.0, 6.5)	(41.0, 9.166666666666666)	(42.0, 14.000000000000002)	(43.0, 22.33333333333333)	(44.0, 53.33333333333339)	(45.0, 2126.3333333331857)	(46.0, 11871.500000003687)	(47.0, 4568.166666666975)	(48.0, 1267.3333333333258)	(49.0, 590.1666666666663)	(50.0, 451.6666666666629)	(51.0, 2195.8333333332293)	(52.0, 2613.166666666715)	(53.0, 4208.250000000567)	(54.0, 3715.750000000464)	(55.0, 1142.2500000000023)	(56.0, 9243.583333332319)	(57.0, 9893.250000000031)	(58.0, 1301.249999999982)	(59.0, 509.3333333333304)	(60.0, 381.9999999999991)	(61.0, 304.99999999999966)	(62.0, 191.75000000000006)	(63.0, 163.00000000000006)	(64.0, 147.5)	(65.0, 111.33333333333333)	(66.0, 90.33333333333331)	(67.0, 78.16666666666667)	(68.0, 68.83333333333334)	(69.0, 55.833333333333336)	(70.0, 49.166666666666664)	(71.0, 37.83333333333334)	(72.0, 47.33333333333334)	(73.0, 24.66666666666666)	(74.0, 14.000000000000002)	(75.0, 5.666666666666666)	(76.0, 2.0)	(77.0, 1.3333333333333333)	(78.0, 0.0)	(79.0, 0.5)	(80.0, 1.0)	(81.0, 0.5)	(82.0, 0.0)	(83.0, 0.0)	(84.0, 0.0)	(85.0, 0.0)	(86.0, 0.3333333333333333)	(87.0, 0.6666666666666666)	(88.0, 0.3333333333333333)	(89.0, 0.0)	(90.0, 0.0)	(91.0, 0.0)	(92.0, 0.0)	(93.0, 0.0)	(94.0, 0.0)	(95.0, 0.5)	(96.0, 0.5)	(97.0, 0.0)	(98.0, 0.0)	(99.0, 0.0)	(100.0, 0.0)
2453R_0_F_S2_Pellet_week9_S70_L001_R1_001	(0.0, 0.0)	(1.0, 0.0)	(2.0, 0.0)	(3.0, 0.0)	(4.0, 0.0)	(5.0, 0.0)	(6.0, 0.0)	(7.0, 0.0)	(8.0, 0.0)	(9.0, 0.0)	(10.0, 0.0)	(11.0, 0.0)	(12.0, 0.0)	(13.0, 0.0)	(14.0, 0.0)	(15.0, 0.0)	(16.0, 0.0)	(17.0, 0.0)	(18.0, 0.0)	(19.0, 0.0)	(20.0, 0.0)	(21.0, 0.0)	(22.0, 0.0)	(23.0, 0.0)	(24.0, 0.0)	(25.0, 0.0)	(26.0, 0.0)	(27.0, 0.0)	(28.0, 0.3333333333333333)	(29.0, 0.3333333333333333)	(30.0, 0.0)	(31.0, 0.0)	(32.0, 0.5)	(33.0, 0.0)	(34.0, 0.0)	(35.0, 0.0)	(36.0, 0.25)	(37.0, 0.25)	(38.0, 0.3333333333333333)	(39.0, 0.0)	(40.0, 0.0)	(41.0, 2.0)	(42.0, 7.333333333333334)	(43.0, 21.666666666666668)	(44.0, 68.58333333333333)	(45.0, 111.99999999999994)	(46.0, 285.3333333333341)	(47.0, 10474.250000001164)	(48.0, 11647.83333333658)	(49.0, 3311.7500000003674)	(50.0, 3489.6666666671117)	(51.0, 12529.750000004833)	(52.0, 15202.583333342931)	(53.0, 4592.750000000274)	(54.0, 1573.6666666665953)	(55.0, 396.6666666666629)	(56.0, 143.83333333333326)	(57.0, 56.91666666666672)	(58.0, 72.41666666666671)	(59.0, 57.33333333333342)	(60.0, 12.333333333333336)	(61.0, 10.166666666666664)	(62.0, 37.66666666666666)	(63.0, 9.333333333333332)	(64.0, 2.333333333333333)	(65.0, 1.1666666666666665)	(66.0, 0.0)	(67.0, 0.3333333333333333)	(68.0, 0.0)	(69.0, 0.0)	(70.0, 0.0)	(71.0, 0.0)	(72.0, 0.0)	(73.0, 0.0)	(74.0, 0.0)	(75.0, 0.0)	(76.0, 0.0)	(77.0, 0.0)	(78.0, 0.0)	(79.0, 0.0)	(80.0, 0.0)	(81.0, 0.0)	(82.0, 0.0)	(83.0, 0.0)	(84.0, 0.0)	(85.0, 0.0)	(86.0, 0.0)	(87.0, 0.0)	(88.0, 0.0)	(89.0, 0.0)	(90.0, 0.0)	(91.0, 0.0)	(92.0, 0.0)	(93.0, 0.0)	(94.0, 0.0)	(95.0, 0.0)	(96.0, 0.0)	(97.0, 0.0)	(98.0, 0.0)	(99.0, 0.0)	(100.0, 0.0)
2453R_0_F_S2_Pellet_week9_S70_L001_R2_001	(0.0, 0.0)	(1.0, 0.0)	(2.0, 0.0)	(3.0, 0.0)	(4.0, 0.0)	(5.0, 0.0)	(6.0, 0.0)	(7.0, 0.0)	(8.0, 0.0)	(9.0, 0.0)	(10.0, 0.0)	(11.0, 0.0)	(12.0, 0.0)	(13.0, 0.0)	(14.0, 0.0)	(15.0, 0.0)	(16.0, 0.0)	(17.0, 0.0)	(18.0, 0.0)	(19.0, 0.0)	(20.0, 0.0)	(21.0, 0.0)	(22.0, 0.0)	(23.0, 0.0)	(24.0, 0.0)	(25.0, 0.0)	(26.0, 0.0)	(27.0, 0.0)	(28.0, 0.0)	(29.0, 1.0)	(30.0, 0.6666666666666666)	(31.0, 0.5)	(32.0, 1.0)	(33.0, 0.5)	(34.0, 0.3333333333333333)	(35.0, 0.3333333333333333)	(36.0, 0.0)	(37.0, 1.3333333333333333)	(38.0, 1.0)	(39.0, 1.3333333333333333)	(40.0, 3.5)	(41.0, 8.166666666666666)	(42.0, 14.333333333333334)	(43.0, 20.333333333333332)	(44.0, 44.666666666666686)	(45.0, 1133.5000000000198)	(46.0, 9837.833333333345)	(47.0, 6280.416666665451)	(48.0, 1345.6666666666426)	(49.0, 628.000000000003)	(50.0, 483.83333333332854)	(51.0, 2145.1666666665487)	(52.0, 2627.6666666667306)	(53.0, 4814.5000000000855)	(54.0, 4264.083333333833)	(55.0, 1425.1666666666374)	(56.0, 11037.66666666849)	(57.0, 11684.583333336246)	(58.0, 1645.6666666666065)	(59.0, 646.6666666666694)	(60.0, 474.6666666666648)	(61.0, 405.91666666666595)	(62.0, 271.33333333333337)	(63.0, 205.8333333333334)	(64.0, 184.1666666666668)	(65.0, 144.66666666666674)	(66.0, 129.66666666666666)	(67.0, 119.16666666666667)	(68.0, 101.83333333333333)	(69.0, 77.5)	(70.0, 61.0)	(71.0, 49.333333333333336)	(72.0, 60.00000000000001)	(73.0, 35.33333333333333)	(74.0, 21.83333333333333)	(75.0, 16.833333333333336)	(76.0, 8.5)	(77.0, 3.833333333333333)	(78.0, 2.333333333333333)	(79.0, 0.5)	(80.0, 0.8333333333333333)	(81.0, 0.5)	(82.0, 0.0)	(83.0, 0.0)	(84.0, 0.0)	(85.0, 0.0)	(86.0, 0.0)	(87.0, 0.0)	(88.0, 0.0)	(89.0, 0.0)	(90.0, 0.0)	(91.0, 0.25)	(92.0, 0.25)	(93.0, 0.0)	(94.0, 0.0)	(95.0, 0.0)	(96.0, 0.3333333333333333)	(97.0, 0.3333333333333333)	(98.0, 0.3333333333333333)	(99.0, 0.0)	(100.0, 0.0)
2453R_0_F_S2_week5_S45_L001_R1_001	(0.0, 0.0)	(1.0, 0.0)	(2.0, 0.0)	(3.0, 0.0)	(4.0, 0.0)	(5.0, 0.0)	(6.0, 0.0)	(7.0, 0.0)	(8.0, 0.0)	(9.0, 0.0)	(10.0, 0.0)	(11.0, 0.0)	(12.0, 0.0)	(13.0, 0.0)	(14.0, 0.0)	(15.0, 0.0)	(16.0, 0.0)	(17.0, 0.0)	(18.0, 0.0)	(19.0, 0.0)	(20.0, 0.0)	(21.0, 0.0)	(22.0, 0.0)	(23.0, 0.0)	(24.0, 0.0)	(25.0, 0.0)	(26.0, 0.0)	(27.0, 0.0)	(28.0, 0.0)	(29.0, 0.0)	(30.0, 0.0)	(31.0, 0.0)	(32.0, 0.25)	(33.0, 0.25)	(34.0, 0.0)	(35.0, 0.25)	(36.0, 0.5)	(37.0, 0.0)	(38.0, 0.6666666666666666)	(39.0, 0.8333333333333333)	(40.0, 1.0)	(41.0, 0.5)	(42.0, 4.75)	(43.0, 21.833333333333336)	(44.0, 73.58333333333334)	(45.0, 114.33333333333329)	(46.0, 233.66666666666822)	(47.0, 11146.333333335704)	(48.0, 12467.000000004737)	(49.0, 2718.500000000111)	(50.0, 2905.4166666668552)	(51.0, 10201.33333333399)	(52.0, 12354.916666671157)	(53.0, 3775.4166666672286)	(54.0, 1226.1666666666667)	(55.0, 332.33333333333195)	(56.0, 113.33333333333302)	(57.0, 47.9166666666667)	(58.0, 90.16666666666652)	(59.0, 85.41666666666657)	(60.0, 12.500000000000002)	(61.0, 5.749999999999998)	(62.0, 7.749999999999998)	(63.0, 2.5)	(64.0, 1.0)	(65.0, 0.0)	(66.0, 0.0)	(67.0, 0.0)	(68.0, 0.0)	(69.0, 0.0)	(70.0, 0.0)	(71.0, 0.0)	(72.0, 0.0)	(73.0, 0.0)	(74.0, 0.0)	(75.0, 0.0)	(76.0, 0.0)	(77.0, 0.0)	(78.0, 0.0)	(79.0, 0.0)	(80.0, 0.0)	(81.0, 0.0)	(82.0, 0.0)	(83.0, 0.0)	(84.0, 0.0)	(85.0, 0.0)	(86.0, 0.0)	(87.0, 0.0)	(88.0, 0.0)	(89.0, 0.0)	(90.0, 0.0)	(91.0, 0.0)	(92.0, 0.0)	(93.0, 0.0)	(94.0, 0.0)	(95.0, 0.0)	(96.0, 0.0)	(97.0, 0.0)	(98.0, 0.0)	(99.0, 0.0)	(100.0, 0.0)
2453R_0_F_S2_week5_S45_L001_R2_001	(0.0, 0.0)	(1.0, 0.0)	(2.0, 0.0)	(3.0, 0.0)	(4.0, 0.0)	(5.0, 0.0)	(6.0, 0.0)	(7.0, 0.0)	(8.0, 0.0)	(9.0, 0.0)	(10.0, 0.0)	(11.0, 0.0)	(12.0, 0.0)	(13.0, 0.0)	(14.0, 0.0)	(15.0, 0.0)	(16.0, 0.0)	(17.0, 0.0)	(18.0, 0.0)	(19.0, 0.0)	(20.0, 0.0)	(21.0, 0.0)	(22.0, 0.0)	(23.0, 0.0)	(24.0, 0.0)	(25.0, 0.0)	(26.0, 0.0)	(27.0, 0.0)	(28.0, 0.3333333333333333)	(29.0, 0.0)	(30.0, 0.0)	(31.0, 0.0)	(32.0, 0.0)	(33.0, 0.0)	(34.0, 0.0)	(35.0, 0.3333333333333333)	(36.0, 0.5)	(37.0, 1.0)	(38.0, 1.0)	(39.0, 1.8333333333333333)	(40.0, 6.833333333333332)	(41.0, 11.166666666666666)	(42.0, 15.666666666666668)	(43.0, 23.666666666666664)	(44.0, 50.1666666666667)	(45.0, 711.9166666666769)	(46.0, 10226.000000000704)	(47.0, 8630.49999999784)	(48.0, 1310.9166666666508)	(49.0, 621.0833333333347)	(50.0, 485.58333333332916)	(51.0, 1893.3333333332155)	(52.0, 2244.16666666659)	(53.0, 4011.3333333339556)	(54.0, 3526.2500000003806)	(55.0, 1225.08333333333)	(56.0, 8905.666666665164)	(57.0, 9448.1666666661)	(58.0, 1368.3333333333119)	(59.0, 598.4166666666674)	(60.0, 474.49999999999847)	(61.0, 370.9999999999994)	(62.0, 262.5000000000002)	(63.0, 224.6666666666667)	(64.0, 221.83333333333363)	(65.0, 134.1666666666666)	(66.0, 89.33333333333331)	(67.0, 84.33333333333333)	(68.0, 77.75)	(69.0, 68.0)	(70.0, 59.0)	(71.0, 48.166666666666664)	(72.0, 35.83333333333333)	(73.0, 19.333333333333332)	(74.0, 9.0)	(75.0, 4.5)	(76.0, 4.5)	(77.0, 4.0)	(78.0, 1.5)	(79.0, 0.8333333333333333)	(80.0, 1.1666666666666665)	(81.0, 0.3333333333333333)	(82.0, 0.3333333333333333)	(83.0, 0.0)	(84.0, 0.0)	(85.0, 0.0)	(86.0, 0.0)	(87.0, 0.0)	(88.0, 0.0)	(89.0, 0.0)	(90.0, 0.0)	(91.0, 0.0)	(92.0, 0.0)	(93.0, 0.0)	(94.0, 0.0)	(95.0, 0.0)	(96.0, 0.0)	(97.0, 0.0)	(98.0, 0.3333333333333333)	(99.0, 0.3333333333333333)	(100.0, 1.0)
2453R_L_F_S2_Pellet_week9_S71_L001_R1_001	(0.0, 0.0)	(1.0, 0.0)	(2.0, 0.0)	(3.0, 0.0)	(4.0, 0.0)	(5.0, 0.0)	(6.0, 0.0)	(7.0, 0.0)	(8.0, 0.0)	(9.0, 0.0)	(10.0, 0.0)	(11.0, 0.0)	(12.0, 0.0)	(13.0, 0.0)	(14.0, 0.0)	(15.0, 0.0)	(16.0, 0.0)	(17.0, 0.0)	(18.0, 0.0)	(19.0, 0.0)	(20.0, 0.0)	(21.0, 0.0)	(22.0, 0.0)	(23.0, 0.0)	(24.0, 0.0)	(25.0, 0.0)	(26.0, 0.0)	(27.0, 0.0)	(28.0, 0.0)	(29.0, 0.0)	(30.0, 0.0)	(31.0, 0.25)	(32.0, 0.0)	(33.0, 0.0)	(34.0, 0.0)	(35.0, 0.25)	(36.0, 0.5)	(37.0, 0.0)	(38.0, 0.0)	(39.0, 0.3333333333333333)	(40.0, 0.5833333333333333)	(41.0, 1.0)	(42.0, 5.916666666666666)	(43.0, 24.416666666666668)	(44.0, 70.91666666666667)	(45.0, 118.58333333333324)	(46.0, 310.4999999999991)	(47.0, 10704.75000000158)	(48.0, 12579.833333338245)	(49.0, 4778.666666666796)	(50.0, 4338.666666667182)	(51.0, 7405.249999997799)	(52.0, 13264.166666672802)	(53.0, 7643.749999997581)	(54.0, 1756.6666666665549)	(55.0, 423.4999999999946)	(56.0, 129.41666666666615)	(57.0, 55.583333333333435)	(58.0, 87.16666666666653)	(59.0, 81.99999999999993)	(60.0, 13.833333333333336)	(61.0, 11.833333333333336)	(62.0, 49.50000000000007)	(63.0, 12.16666666666667)	(64.0, 3.0)	(65.0, 1.0)	(66.0, 0.8333333333333333)	(67.0, 1.0)	(68.0, 0.5)	(69.0, 0.0)	(70.0, 0.0)	(71.0, 0.0)	(72.0, 0.0)	(73.0, 0.0)	(74.0, 0.0)	(75.0, 0.0)	(76.0, 0.0)	(77.0, 0.0)	(78.0, 0.0)	(79.0, 0.0)	(80.0, 0.0)	(81.0, 0.0)	(82.0, 0.0)	(83.0, 0.0)	(84.0, 0.0)	(85.0, 0.0)	(86.0, 0.0)	(87.0, 0.0)	(88.0, 0.0)	(89.0, 0.0)	(90.0, 0.0)	(91.0, 0.0)	(92.0, 0.0)	(93.0, 0.0)	(94.0, 0.0)	(95.0, 0.0)	(96.0, 0.0)	(97.0, 0.0)	(98.0, 0.0)	(99.0, 0.0)	(100.0, 0.0)
2453R_L_F_S2_Pellet_week9_S71_L001_R2_001	(0.0, 0.0)	(1.0, 0.0)	(2.0, 0.0)	(3.0, 0.0)	(4.0, 0.0)	(5.0, 0.0)	(6.0, 0.0)	(7.0, 0.0)	(8.0, 0.0)	(9.0, 0.0)	(10.0, 0.0)	(11.0, 0.0)	(12.0, 0.0)	(13.0, 0.0)	(14.0, 0.0)	(15.0, 0.0)	(16.0, 0.0)	(17.0, 0.0)	(18.0, 0.0)	(19.0, 0.0)	(20.0, 0.0)	(21.0, 0.0)	(22.0, 0.0)	(23.0, 0.0)	(24.0, 0.0)	(25.0, 0.0)	(26.0, 0.0)	(27.0, 0.0)	(28.0, 0.6666666666666666)	(29.0, 0.3333333333333333)	(30.0, 0.3333333333333333)	(31.0, 0.3333333333333333)	(32.0, 0.3333333333333333)	(33.0, 0.3333333333333333)	(34.0, 0.5)	(35.0, 1.5)	(36.0, 2.3333333333333335)	(37.0, 1.8333333333333333)	(38.0, 1.5)	(39.0, 3.0)	(40.0, 6.333333333333333)	(41.0, 9.0)	(42.0, 12.166666666666666)	(43.0, 23.333333333333332)	(44.0, 53.16666666666672)	(45.0, 1399.8333333332946)	(46.0, 10158.333333333927)	(47.0, 5146.166666666462)	(48.0, 1386.4999999999698)	(49.0, 630.8333333333352)	(50.0, 586.3333333333329)	(51.0, 4725.666666666844)	(52.0, 5583.499999999463)	(53.0, 7184.166666664817)	(54.0, 6037.666666665828)	(55.0, 1374.8333333333153)	(56.0, 6984.999999998524)	(57.0, 7011.666666665161)	(58.0, 1030.2500000000196)	(59.0, 502.5833333333314)	(60.0, 405.9999999999992)	(61.0, 332.6666666666664)	(62.0, 250.16666666666674)	(63.0, 219.00000000000009)	(64.0, 219.00000000000026)	(65.0, 149.00000000000003)	(66.0, 121.66666666666667)	(67.0, 107.33333333333334)	(68.0, 82.99999999999999)	(69.0, 66.16666666666666)	(70.0, 63.166666666666664)	(71.0, 47.16666666666668)	(72.0, 62.333333333333364)	(73.0, 31.83333333333333)	(74.0, 14.833333333333332)	(75.0, 8.5)	(76.0, 6.0)	(77.0, 3.0)	(78.0, 2.0)	(79.0, 2.0)	(80.0, 2.0)	(81.0, 1.5)	(82.0, 0.5)	(83.0, 0.0)	(84.0, 0.0)	(85.0, 0.0)	(86.0, 0.0)	(87.0, 0.0)	(88.0, 0.3333333333333333)	(89.0, 0.0)	(90.0, 0.5)	(91.0, 0.5)	(92.0, 0.0)	(93.0, 0.3333333333333333)	(94.0, 0.0)	(95.0, 0.0)	(96.0, 0.0)	(97.0, 0.0)	(98.0, 0.0)	(99.0, 0.3333333333333333)	(100.0, 0.0)
2453R_L_F_S2_diabetes_S13_L001_R1_001	(0.0, 0.0)	(1.0, 0.0)	(2.0, 0.0)	(3.0, 0.0)	(4.0, 0.0)	(5.0, 0.0)	(6.0, 0.0)	(7.0, 0.0)	(8.0, 0.0)	(9.0, 0.0)	(10.0, 0.0)	(11.0, 0.0)	(12.0, 0.0)	(13.0, 0.0)	(14.0, 0.0)	(15.0, 0.0)	(16.0, 0.0)	(17.0, 0.0)	(18.0, 0.0)	(19.0, 0.0)	(20.0, 0.0)	(21.0, 0.0)	(22.0, 0.0)	(23.0, 0.0)	(24.0, 0.0)	(25.0, 0.0)	(26.0, 0.0)	(27.0, 0.0)	(28.0, 0.0)	(29.0, 0.0)	(30.0, 0.0)	(31.0, 0.0)	(32.0, 0.25)	(33.0, 0.25)	(34.0, 0.5)	(35.0, 0.0)	(36.0, 0.25)	(37.0, 0.5)	(38.0, 0.8333333333333333)	(39.0, 0.3333333333333333)	(40.0, 0.8333333333333333)	(41.0, 2.583333333333333)	(42.0, 7.916666666666666)	(43.0, 38.16666666666667)	(44.0, 149.33333333333331)	(45.0, 228.83333333333357)	(46.0, 564.2499999999962)	(47.0, 20091.583333331804)	(48.0, 21309.749999994143)	(49.0, 4825.166666666748)	(50.0, 4919.416666666678)	(51.0, 9123.833333332077)	(52.0, 14785.25000000883)	(53.0, 8185.833333330444)	(54.0, 1610.083333333254)	(55.0, 489.9999999999911)	(56.0, 171.00000000000043)	(57.0, 68.91666666666673)	(58.0, 84.9999999999999)	(59.0, 71.16666666666673)	(60.0, 15.166666666666673)	(61.0, 13.333333333333337)	(62.0, 60.166666666666806)	(63.0, 11.833333333333336)	(64.0, 4.0)	(65.0, 3.5)	(66.0, 1.0)	(67.0, 1.0)	(68.0, 0.5)	(69.0, 0.0)	(70.0, 0.0)	(71.0, 0.0)	(72.0, 0.0)	(73.0, 0.0)	(74.0, 0.0)	(75.0, 0.0)	(76.0, 0.0)	(77.0, 0.0)	(78.0, 0.0)	(79.0, 0.0)	(80.0, 0.0)	(81.0, 0.0)	(82.0, 0.0)	(83.0, 0.0)	(84.0, 0.0)	(85.0, 0.0)	(86.0, 0.0)	(87.0, 0.0)	(88.0, 0.0)	(89.0, 0.0)	(90.0, 0.0)	(91.0, 0.0)	(92.0, 0.0)	(93.0, 0.0)	(94.0, 0.0)	(95.0, 0.0)	(96.0, 0.0)	(97.0, 0.0)	(98.0, 0.0)	(99.0, 0.0)	(100.0, 0.0)
2453R_L_F_S2_diabetes_S13_L001_R2_001	(0.0, 0.0)	(1.0, 0.0)	(2.0, 0.0)	(3.0, 0.0)	(4.0, 0.0)	(5.0, 0.0)	(6.0, 0.0)	(7.0, 0.0)	(8.0, 0.0)	(9.0, 0.0)	(10.0, 0.0)	(11.0, 0.0)	(12.0, 0.0)	(13.0, 0.0)	(14.0, 0.0)	(15.0, 0.0)	(16.0, 0.0)	(17.0, 0.0)	(18.0, 0.0)	(19.0, 0.0)	(20.0, 0.0)	(21.0, 0.0)	(22.0, 0.0)	(23.0, 0.0)	(24.0, 0.0)	(25.0, 0.0)	(26.0, 0.0)	(27.0, 0.3333333333333333)	(28.0, 0.0)	(29.0, 0.3333333333333333)	(30.0, 0.0)	(31.0, 0.5)	(32.0, 1.5)	(33.0, 2.0)	(34.0, 2.5)	(35.0, 1.8333333333333333)	(36.0, 2.3333333333333335)	(37.0, 4.333333333333334)	(38.0, 8.333333333333334)	(39.0, 11.666666666666666)	(40.0, 11.666666666666666)	(41.0, 17.0)	(42.0, 23.833333333333332)	(43.0, 33.666666666666664)	(44.0, 101.83333333333312)	(45.0, 3427.8333333337673)	(46.0, 19571.33333333365)	(47.0, 8080.166666663862)	(48.0, 1709.166666666576)	(49.0, 975.4166666666896)	(50.0, 870.2500000000141)	(51.0, 4779.416666666805)	(52.0, 5553.9166666661995)	(53.0, 8233.99999999741)	(54.0, 7159.666666665007)	(55.0, 1787.49999999994)	(56.0, 7815.833333331233)	(57.0, 7981.416666664415)	(58.0, 1303.7499999999882)	(59.0, 641.3333333333344)	(60.0, 499.1666666666652)	(61.0, 408.99999999999915)	(62.0, 285.6666666666667)	(63.0, 218.6666666666667)	(64.0, 215.83333333333357)	(65.0, 165.66666666666669)	(66.0, 132.33333333333331)	(67.0, 113.49999999999999)	(68.0, 88.3333333333333)	(69.0, 69.0)	(70.0, 58.333333333333336)	(71.0, 52.50000000000003)	(72.0, 70.49999999999999)	(73.0, 28.833333333333325)	(74.0, 11.833333333333332)	(75.0, 9.5)	(76.0, 4.5)	(77.0, 2.5)	(78.0, 2.5)	(79.0, 2.0)	(80.0, 1.5)	(81.0, 1.5)	(82.0, 1.0)	(83.0, 0.0)	(84.0, 0.25)	(85.0, 0.0)	(86.0, 0.3333333333333333)	(87.0, 0.0)	(88.0, 0.0)	(89.0, 0.3333333333333333)	(90.0, 0.6666666666666666)	(91.0, 0.3333333333333333)	(92.0, 0.5)	(93.0, 0.5)	(94.0, 0.0)	(95.0, 0.0)	(96.0, 0.0)	(97.0, 0.0)	(98.0, 0.0)	(99.0, 0.3333333333333333)	(100.0, 1.5)
2453R_L_F_S2_week5_S46_L001_R1_001	(0.0, 0.0)	(1.0, 0.0)	(2.0, 0.0)	(3.0, 0.0)	(4.0, 0.0)	(5.0, 0.0)	(6.0, 0.0)	(7.0, 0.0)	(8.0, 0.0)	(9.0, 0.0)	(10.0, 0.0)	(11.0, 0.0)	(12.0, 0.0)	(13.0, 0.0)	(14.0, 0.0)	(15.0, 0.0)	(16.0, 0.0)	(17.0, 0.0)	(18.0, 0.0)	(19.0, 0.0)	(20.0, 0.0)	(21.0, 0.0)	(22.0, 0.0)	(23.0, 0.0)	(24.0, 0.0)	(25.0, 0.0)	(26.0, 0.0)	(27.0, 0.0)	(28.0, 0.0)	(29.0, 0.0)	(30.0, 0.0)	(31.0, 0.0)	(32.0, 0.0)	(33.0, 0.0)	(34.0, 0.0)	(35.0, 0.0)	(36.0, 0.5833333333333333)	(37.0, 0.0)	(38.0, 0.0)	(39.0, 0.0)	(40.0, 0.5)	(41.0, 2.333333333333333)	(42.0, 6.666666666666666)	(43.0, 37.833333333333336)	(44.0, 129.25)	(45.0, 177.91666666666688)	(46.0, 383.5833333333293)	(47.0, 16781.75000001038)	(48.0, 18560.333333337338)	(49.0, 3593.08333333382)	(50.0, 3698.750000000529)	(51.0, 9246.333333332293)	(52.0, 13103.66666667247)	(53.0, 6132.8333333322735)	(54.0, 1534.9999999999368)	(55.0, 431.6666666666609)	(56.0, 148.58333333333317)	(57.0, 56.8333333333334)	(58.0, 105.49999999999966)	(59.0, 94.3333333333331)	(60.0, 17.250000000000004)	(61.0, 10.166666666666668)	(62.0, 17.16666666666667)	(63.0, 6.333333333333332)	(64.0, 3.666666666666667)	(65.0, 3.0)	(66.0, 1.1666666666666665)	(67.0, 0.0)	(68.0, 0.0)	(69.0, 0.0)	(70.0, 0.0)	(71.0, 0.0)	(72.0, 0.0)	(73.0, 0.0)	(74.0, 0.0)	(75.0, 0.0)	(76.0, 0.0)	(77.0, 0.0)	(78.0, 0.0)	(79.0, 0.5)	(80.0, 1.0)	(81.0, 0.5)	(82.0, 0.0)	(83.0, 0.0)	(84.0, 0.0)	(85.0, 0.0)	(86.0, 0.0)	(87.0, 0.0)	(88.0, 0.0)	(89.0, 0.0)	(90.0, 0.0)	(91.0, 0.0)	(92.0, 0.0)	(93.0, 0.0)	(94.0, 0.0)	(95.0, 0.0)	(96.0, 0.0)	(97.0, 0.0)	(98.0, 0.0)	(99.0, 0.0)	(100.0, 0.0)
2453R_L_F_S2_week5_S46_L001_R2_001	(0.0, 0.0)	(1.0, 0.0)	(2.0, 0.0)	(3.0, 0.0)	(4.0, 0.0)	(5.0, 0.0)	(6.0, 0.0)	(7.0, 0.0)	(8.0, 0.0)	(9.0, 0.0)	(10.0, 0.0)	(11.0, 0.0)	(12.0, 0.0)	(13.0, 0.0)	(14.0, 0.0)	(15.0, 0.0)	(16.0, 0.0)	(17.0, 0.0)	(18.0, 0.0)	(19.0, 0.0)	(20.0, 0.0)	(21.0, 0.0)	(22.0, 0.5)	(23.0, 0.5)	(24.0, 0.0)	(25.0, 0.0)	(26.0, 0.0)	(27.0, 0.0)	(28.0, 0.3333333333333333)	(29.0, 0.3333333333333333)	(30.0, 0.0)	(31.0, 0.0)	(32.0, 0.3333333333333333)	(33.0, 0.0)	(34.0, 0.5)	(35.0, 1.5)	(36.0, 2.5)	(37.0, 3.5)	(38.0, 5.0)	(39.0, 6.0)	(40.0, 5.333333333333333)	(41.0, 10.0)	(42.0, 23.833333333333336)	(43.0, 44.16666666666667)	(44.0, 73.66666666666667)	(45.0, 1234.333333333331)	(46.0, 15500.833333343588)	(47.0, 12143.000000004131)	(48.0, 1403.9999999999636)	(49.0, 771.8333333333455)	(50.0, 663.3333333333359)	(51.0, 3024.9166666668657)	(52.0, 3756.500000000502)	(53.0, 6615.583333332014)	(54.0, 5847.166666666)	(55.0, 1663.49999999995)	(56.0, 8187.58333333085)	(57.0, 8347.66666666446)	(58.0, 1331.0833333333148)	(59.0, 552.6666666666656)	(60.0, 486.9999999999982)	(61.0, 421.3333333333322)	(62.0, 293.50000000000006)	(63.0, 237.66666666666688)	(64.0, 212.58333333333366)	(65.0, 144.24999999999997)	(66.0, 102.66666666666666)	(67.0, 89.0)	(68.0, 76.33333333333334)	(69.0, 62.833333333333336)	(70.0, 50.833333333333336)	(71.0, 42.333333333333336)	(72.0, 36.16666666666667)	(73.0, 16.666666666666668)	(74.0, 8.833333333333332)	(75.0, 7.333333333333333)	(76.0, 8.833333333333332)	(77.0, 5.5)	(78.0, 1.0)	(79.0, 0.8333333333333333)	(80.0, 0.0)	(81.0, 1.0)	(82.0, 1.8333333333333333)	(83.0, 1.1666666666666665)	(84.0, 0.0)	(85.0, 0.0)	(86.0, 0.0)	(87.0, 0.0)	(88.0, 0.5)	(89.0, 1.0)	(90.0, 0.5)	(91.0, 0.0)	(92.0, 0.0)	(93.0, 0.0)	(94.0, 0.5)	(95.0, 0.5)	(96.0, 0.0)	(97.0, 0.0)	(98.0, 0.0)	(99.0, 0.0)	(100.0, 0.0)
2453R_R_F_S2_Pellet_week9_S72_L001_R1_001	(0.0, 0.0)	(1.0, 0.0)	(2.0, 0.0)	(3.0, 0.0)	(4.0, 0.0)	(5.0, 0.0)	(6.0, 0.0)	(7.0, 0.0)	(8.0, 0.0)	(9.0, 0.0)	(10.0, 0.0)	(11.0, 0.0)	(12.0, 0.0)	(13.0, 0.0)	(14.0, 0.0)	(15.0, 0.0)	(16.0, 0.0)	(17.0, 0.0)	(18.0, 0.0)	(19.0, 0.0)	(20.0, 0.0)	(21.0, 0.0)	(22.0, 0.0)	(23.0, 0.0)	(24.0, 0.0)	(25.0, 0.0)	(26.0, 0.0)	(27.0, 0.0)	(28.0, 0.0)	(29.0, 0.0)	(30.0, 0.0)	(31.0, 0.5833333333333333)	(32.0, 0.3333333333333333)	(33.0, 0.5)	(34.0, 0.0)	(35.0, 0.0)	(36.0, 0.25)	(37.0, 0.25)	(38.0, 0.0)	(39.0, 0.3333333333333333)	(40.0, 0.6666666666666666)	(41.0, 1.1666666666666665)	(42.0, 2.25)	(43.0, 19.083333333333336)	(44.0, 77.25)	(45.0, 103.9166666666666)	(46.0, 210.16666666666814)	(47.0, 9545.083333332814)	(48.0, 10946.083333335326)	(49.0, 3255.0833333336805)	(50.0, 3195.0833333336486)	(51.0, 9220.083333332246)	(52.0, 12656.166666671694)	(53.0, 4716.416666666849)	(54.0, 1115.1666666666915)	(55.0, 345.33333333333144)	(56.0, 109.83333333333302)	(57.0, 49.25000000000004)	(58.0, 64.6666666666668)	(59.0, 57.500000000000114)	(60.0, 13.500000000000004)	(61.0, 13.83333333333334)	(62.0, 53.5000000000001)	(63.0, 11.66666666666667)	(64.0, 3.166666666666667)	(65.0, 3.0)	(66.0, 3.3333333333333335)	(67.0, 0.5)	(68.0, 0.0)	(69.0, 0.3333333333333333)	(70.0, 0.3333333333333333)	(71.0, 0.0)	(72.0, 0.0)	(73.0, 0.0)	(74.0, 0.0)	(75.0, 0.0)	(76.0, 0.0)	(77.0, 0.0)	(78.0, 0.0)	(79.0, 0.0)	(80.0, 0.0)	(81.0, 0.0)	(82.0, 0.0)	(83.0, 0.0)	(84.0, 0.0)	(85.0, 0.0)	(86.0, 0.0)	(87.0, 0.0)	(88.0, 0.0)	(89.0, 0.0)	(90.0, 0.0)	(91.0, 0.0)	(92.0, 0.0)	(93.0, 0.0)	(94.0, 0.0)	(95.0, 0.0)	(96.0, 0.0)	(97.0, 0.0)	(98.0, 0.0)	(99.0, 0.0)	(100.0, 0.0)
2453R_R_F_S2_Pellet_week9_S72_L001_R2_001	(0.0, 0.0)	(1.0, 0.0)	(2.0, 0.0)	(3.0, 0.0)	(4.0, 0.0)	(5.0, 0.0)	(6.0, 0.0)	(7.0, 0.0)	(8.0, 0.0)	(9.0, 0.0)	(10.0, 0.0)	(11.0, 0.0)	(12.0, 0.0)	(13.0, 0.0)	(14.0, 0.0)	(15.0, 0.0)	(16.0, 0.0)	(17.0, 0.0)	(18.0, 0.0)	(19.0, 0.0)	(20.0, 0.0)	(21.0, 0.3333333333333333)	(22.0, 0.0)	(23.0, 0.3333333333333333)	(24.0, 0.3333333333333333)	(25.0, 0.0)	(26.0, 0.0)	(27.0, 0.0)	(28.0, 0.0)	(29.0, 0.6666666666666666)	(30.0, 0.6666666666666666)	(31.0, 0.0)	(32.0, 0.0)	(33.0, 0.3333333333333333)	(34.0, 0.3333333333333333)	(35.0, 0.0)	(36.0, 0.0)	(37.0, 0.5)	(38.0, 2.333333333333333)	(39.0, 2.5)	(40.0, 4.833333333333334)	(41.0, 7.999999999999999)	(42.0, 9.166666666666668)	(43.0, 14.5)	(44.0, 43.33333333333336)	(45.0, 974.0000000000398)	(46.0, 8960.333333331755)	(47.0, 5798.166666665884)	(48.0, 1097.666666666692)	(49.0, 523.4999999999932)	(50.0, 465.0833333333284)	(51.0, 2667.166666666742)	(52.0, 3221.2500000002988)	(53.0, 4959.416666666637)	(54.0, 4183.666666667249)	(55.0, 1140.4166666666724)	(56.0, 8006.249999997584)	(57.0, 8680.333333331591)	(58.0, 1294.416666666653)	(59.0, 514.3333333333302)	(60.0, 411.08333333333235)	(61.0, 340.4999999999995)	(62.0, 223.16666666666686)	(63.0, 191.50000000000009)	(64.0, 172.16666666666677)	(65.0, 119.16666666666664)	(66.0, 97.0)	(67.0, 88.16666666666667)	(68.0, 71.83333333333334)	(69.0, 56.166666666666664)	(70.0, 44.83333333333333)	(71.0, 35.666666666666664)	(72.0, 59.000000000000036)	(73.0, 25.833333333333325)	(74.0, 9.833333333333334)	(75.0, 3.833333333333333)	(76.0, 1.0)	(77.0, 1.5)	(78.0, 1.5)	(79.0, 0.5)	(80.0, 0.0)	(81.0, 0.0)	(82.0, 0.8333333333333333)	(83.0, 0.8333333333333333)	(84.0, 0.0)	(85.0, 0.0)	(86.0, 0.0)	(87.0, 0.0)	(88.0, 0.0)	(89.0, 0.0)	(90.0, 0.3333333333333333)	(91.0, 0.0)	(92.0, 0.0)	(93.0, 0.0)	(94.0, 0.5)	(95.0, 0.5)	(96.0, 0.0)	(97.0, 0.0)	(98.0, 0.5)	(99.0, 0.5)	(100.0, 0.0)
2453R_R_F_S2_diabetes_S14_L001_R1_001	(0.0, 0.0)	(1.0, 0.0)	(2.0, 0.0)	(3.0, 0.0)	(4.0, 0.0)	(5.0, 0.0)	(6.0, 0.0)	(7.0, 0.0)	(8.0, 0.0)	(9.0, 0.0)	(10.0, 0.0)	(11.0, 0.0)	(12.0, 0.0)	(13.0, 0.0)	(14.0, 0.0)	(15.0, 0.0)	(16.0, 0.0)	(17.0, 0.0)	(18.0, 0.0)	(19.0, 0.0)	(20.0, 0.0)	(21.0, 0.0)	(22.0, 0.0)	(23.0, 0.0)	(24.0, 0.0)	(25.0, 0.0)	(26.0, 0.0)	(27.0, 0.0)	(28.0, 0.0)	(29.0, 0.0)	(30.0, 0.0)	(31.0, 0.25)	(32.0, 0.25)	(33.0, 0.25)	(34.0, 0.25)	(35.0, 0.3333333333333333)	(36.0, 0.0)	(37.0, 0.0)	(38.0, 0.8333333333333333)	(39.0, 0.25)	(40.0, 0.5)	(41.0, 2.1666666666666665)	(42.0, 7.499999999999999)	(43.0, 41.0)	(44.0, 122.74999999999999)	(45.0, 177.75000000000017)	(46.0, 431.5833333333273)	(47.0, 14437.000000008273)	(48.0, 15331.83333334321)	(49.0, 3567.000000000477)	(50.0, 3669.8333333338533)	(51.0, 8263.916666663896)	(52.0, 13007.083333338973)	(53.0, 6588.7499999985375)	(54.0, 1274.9166666666583)	(55.0, 422.58333333332814)	(56.0, 138.6666666666664)	(57.0, 59.750000000000085)	(58.0, 55.750000000000085)	(59.0, 49.91666666666673)	(60.0, 12.166666666666668)	(61.0, 9.999999999999998)	(62.0, 49.166666666666735)	(63.0, 8.999999999999998)	(64.0, 4.166666666666667)	(65.0, 3.5)	(66.0, 1.3333333333333333)	(67.0, 0.3333333333333333)	(68.0, 0.0)	(69.0, 0.0)	(70.0, 0.0)	(71.0, 0.0)	(72.0, 0.0)	(73.0, 0.0)	(74.0, 0.0)	(75.0, 0.0)	(76.0, 0.0)	(77.0, 0.0)	(78.0, 0.0)	(79.0, 0.0)	(80.0, 0.0)	(81.0, 0.0)	(82.0, 0.0)	(83.0, 0.0)	(84.0, 0.0)	(85.0, 0.0)	(86.0, 0.0)	(87.0, 0.0)	(88.0, 0.0)	(89.0, 0.0)	(90.0, 0.0)	(91.0, 0.0)	(92.0, 0.0)	(93.0, 0.0)	(94.0, 0.0)	(95.0, 0.0)	(96.0, 0.0)	(97.0, 0.0)	(98.0, 0.0)	(99.0, 0.0)	(100.0, 0.0)
2453R_R_F_S2_diabetes_S14_L001_R2_001	(0.0, 0.0)	(1.0, 0.0)	(2.0, 0.0)	(3.0, 0.0)	(4.0, 0.0)	(5.0, 0.0)	(6.0, 0.0)	(7.0, 0.0)	(8.0, 0.0)	(9.0, 0.0)	(10.0, 0.0)	(11.0, 0.0)	(12.0, 0.0)	(13.0, 0.0)	(14.0, 0.0)	(15.0, 0.0)	(16.0, 0.0)	(17.0, 0.0)	(18.0, 0.0)	(19.0, 0.0)	(20.0, 0.0)	(21.0, 0.0)	(22.0, 0.0)	(23.0, 0.0)	(24.0, 0.0)	(25.0, 0.0)	(26.0, 0.0)	(27.0, 0.0)	(28.0, 1.1666666666666665)	(29.0, 1.6666666666666665)	(30.0, 0.8333333333333333)	(31.0, 0.5)	(32.0, 1.0)	(33.0, 0.5)	(34.0, 1.3333333333333333)	(35.0, 2.3333333333333335)	(36.0, 2.0)	(37.0, 2.5)	(38.0, 4.5)	(39.0, 8.5)	(40.0, 11.500000000000002)	(41.0, 12.5)	(42.0, 15.833333333333334)	(43.0, 30.499999999999996)	(44.0, 89.99999999999989)	(45.0, 2576.5000000000546)	(46.0, 14014.91666667423)	(47.0, 5503.416666666146)	(48.0, 1304.6666666666526)	(49.0, 739.3333333333408)	(50.0, 682.9166666666707)	(51.0, 3927.583333333923)	(52.0, 4738.250000000177)	(53.0, 6060.66666666579)	(54.0, 5171.083333333162)	(55.0, 1447.7499999999775)	(56.0, 7023.7499999985275)	(57.0, 7329.249999998252)	(58.0, 1142.5000000000011)	(59.0, 519.4999999999983)	(60.0, 386.83333333333246)	(61.0, 305.74999999999983)	(62.0, 214.66666666666686)	(63.0, 168.91666666666666)	(64.0, 146.6666666666666)	(65.0, 101.83333333333333)	(66.0, 88.74999999999999)	(67.0, 79.08333333333333)	(68.0, 61.666666666666664)	(69.0, 53.50000000000001)	(70.0, 48.0)	(71.0, 43.16666666666667)	(72.0, 59.50000000000004)	(73.0, 23.166666666666654)	(74.0, 6.999999999999999)	(75.0, 4.0)	(76.0, 3.5)	(77.0, 2.5)	(78.0, 2.5)	(79.0, 2.5)	(80.0, 2.333333333333333)	(81.0, 1.3333333333333333)	(82.0, 0.0)	(83.0, 0.0)	(84.0, 0.0)	(85.0, 0.0)	(86.0, 0.5)	(87.0, 1.0)	(88.0, 0.5)	(89.0, 0.0)	(90.0, 0.0)	(91.0, 0.3333333333333333)	(92.0, 0.8333333333333333)	(93.0, 0.5)	(94.0, 0.0)	(95.0, 0.0)	(96.0, 0.0)	(97.0, 0.0)	(98.0, 0.0)	(99.0, 0.3333333333333333)	(100.0, 0.5)
2453R_R_F_S2_week5_S47_L001_R1_001	(0.0, 0.0)	(1.0, 0.0)	(2.0, 0.0)	(3.0, 0.0)	(4.0, 0.0)	(5.0, 0.0)	(6.0, 0.0)	(7.0, 0.0)	(8.0, 0.0)	(9.0, 0.0)	(10.0, 0.0)	(11.0, 0.0)	(12.0, 0.0)	(13.0, 0.0)	(14.0, 0.0)	(15.0, 0.0)	(16.0, 0.0)	(17.0, 0.0)	(18.0, 0.0)	(19.0, 0.0)	(20.0, 0.0)	(21.0, 0.0)	(22.0, 0.0)	(23.0, 0.0)	(24.0, 0.0)	(25.0, 0.0)	(26.0, 0.0)	(27.0, 0.0)	(28.0, 0.0)	(29.0, 0.0)	(30.0, 0.0)	(31.0, 0.0)	(32.0, 0.0)	(33.0, 0.0)	(34.0, 0.25)	(35.0, 0.0)	(36.0, 0.0)	(37.0, 0.0)	(38.0, 0.3333333333333333)	(39.0, 0.0)	(40.0, 0.8333333333333333)	(41.0, 2.4166666666666665)	(42.0, 6.166666666666666)	(43.0, 23.25)	(44.0, 71.83333333333334)	(45.0, 104.99999999999994)	(46.0, 217.3333333333346)	(47.0, 10469.750000001142)	(48.0, 12366.666666671194)	(49.0, 3061.1666666669207)	(50.0, 3304.666666667027)	(51.0, 6582.416666665199)	(52.0, 9671.2499999997)	(53.0, 5357.249999999617)	(54.0, 1375.7499999999686)	(55.0, 375.8333333333302)	(56.0, 125.83333333333287)	(57.0, 49.33333333333337)	(58.0, 80.83333333333334)	(59.0, 74.33333333333339)	(60.0, 14.000000000000004)	(61.0, 4.333333333333333)	(62.0, 7.499999999999997)	(63.0, 0.6666666666666666)	(64.0, 0.8333333333333333)	(65.0, 0.5)	(66.0, 0.3333333333333333)	(67.0, 0.0)	(68.0, 0.0)	(69.0, 0.0)	(70.0, 0.0)	(71.0, 0.0)	(72.0, 0.0)	(73.0, 0.0)	(74.0, 0.0)	(75.0, 0.0)	(76.0, 0.0)	(77.0, 0.0)	(78.0, 0.0)	(79.0, 0.0)	(80.0, 0.0)	(81.0, 0.0)	(82.0, 0.0)	(83.0, 0.0)	(84.0, 0.0)	(85.0, 0.0)	(86.0, 0.0)	(87.0, 0.0)	(88.0, 0.0)	(89.0, 0.0)	(90.0, 0.0)	(91.0, 0.0)	(92.0, 0.0)	(93.0, 0.0)	(94.0, 0.0)	(95.0, 0.0)	(96.0, 0.0)	(97.0, 0.0)	(98.0, 0.0)	(99.0, 0.0)	(100.0, 0.0)
2453R_R_F_S2_week5_S47_L001_R2_001	(0.0, 0.0)	(1.0, 0.0)	(2.0, 0.0)	(3.0, 0.0)	(4.0, 0.0)	(5.0, 0.0)	(6.0, 0.0)	(7.0, 0.0)	(8.0, 0.0)	(9.0, 0.0)	(10.0, 0.0)	(11.0, 0.0)	(12.0, 0.0)	(13.0, 0.0)	(14.0, 0.0)	(15.0, 0.0)	(16.0, 0.0)	(17.0, 0.0)	(18.0, 0.0)	(19.0, 0.0)	(20.0, 0.0)	(21.0, 0.0)	(22.0, 0.0)	(23.0, 0.0)	(24.0, 0.0)	(25.0, 0.0)	(26.0, 0.0)	(27.0, 0.3333333333333333)	(28.0, 0.3333333333333333)	(29.0, 0.0)	(30.0, 0.3333333333333333)	(31.0, 0.3333333333333333)	(32.0, 0.5)	(33.0, 0.5)	(34.0, 0.0)	(35.0, 0.5)	(36.0, 2.0)	(37.0, 3.0)	(38.0, 3.5)	(39.0, 5.333333333333333)	(40.0, 5.0)	(41.0, 6.833333333333334)	(42.0, 13.166666666666668)	(43.0, 15.333333333333336)	(44.0, 40.5)	(45.0, 324.3333333333321)	(46.0, 9363.833333332494)	(47.0, 9167.99999999881)	(48.0, 929.6666666666966)	(49.0, 511.58333333332706)	(50.0, 484.9166666666622)	(51.0, 2050.08333333318)	(52.0, 2695.083333333417)	(53.0, 6376.416666665499)	(54.0, 5743.333333332716)	(55.0, 1354.6666666666456)	(56.0, 5875.333333332696)	(57.0, 5825.499999999361)	(58.0, 979.4166666666847)	(59.0, 460.6666666666651)	(60.0, 398.66666666666555)	(61.0, 352.24999999999955)	(62.0, 247.50000000000017)	(63.0, 198.0000000000001)	(64.0, 185.00000000000017)	(65.0, 127.99999999999994)	(66.0, 98.16666666666667)	(67.0, 83.5)	(68.0, 67.16666666666666)	(69.0, 52.333333333333336)	(70.0, 36.33333333333333)	(71.0, 23.33333333333333)	(72.0, 24.999999999999996)	(73.0, 19.749999999999996)	(74.0, 10.5)	(75.0, 4.0)	(76.0, 2.333333333333333)	(77.0, 1.5)	(78.0, 1.0)	(79.0, 1.0)	(80.0, 0.8333333333333333)	(81.0, 0.8333333333333333)	(82.0, 0.5)	(83.0, 0.5)	(84.0, 0.5)	(85.0, 0.0)	(86.0, 0.0)	(87.0, 0.0)	(88.0, 0.0)	(89.0, 0.0)	(90.0, 0.0)	(91.0, 0.0)	(92.0, 0.0)	(93.0, 0.0)	(94.0, 0.0)	(95.0, 0.0)	(96.0, 0.3333333333333333)	(97.0, 0.0)	(98.0, 0.0)	(99.0, 0.0)	(100.0, 0.0)
2453R_S2_week21_S28_L001_R1_001	(0.0, 0.0)	(1.0, 0.0)	(2.0, 0.0)	(3.0, 0.0)	(4.0, 0.0)	(5.0, 0.0)	(6.0, 0.0)	(7.0, 0.0)	(8.0, 0.0)	(9.0, 0.0)	(10.0, 0.0)	(11.0, 0.0)	(12.0, 0.0)	(13.0, 0.0)	(14.0, 0.0)	(15.0, 0.0)	(16.0, 0.0)	(17.0, 0.0)	(18.0, 0.0)	(19.0, 0.0)	(20.0, 0.0)	(21.0, 0.0)	(22.0, 0.0)	(23.0, 0.0)	(24.0, 0.0)	(25.0, 0.0)	(26.0, 0.0)	(27.0, 0.0)	(28.0, 0.0)	(29.0, 0.0)	(30.0, 0.0)	(31.0, 0.0)	(32.0, 0.0)	(33.0, 0.25)	(34.0, 0.0)	(35.0, 0.0)	(36.0, 0.0)	(37.0, 0.0)	(38.0, 0.0)	(39.0, 1.0)	(40.0, 1.5)	(41.0, 3.0)	(42.0, 5.083333333333333)	(43.0, 21.25)	(44.0, 76.83333333333333)	(45.0, 122.33333333333327)	(46.0, 312.9166666666658)	(47.0, 11037.666666668825)	(48.0, 11391.583333336117)	(49.0, 2801.416666666813)	(50.0, 3157.6666666669644)	(51.0, 9717.583333333134)	(52.0, 12839.083333338696)	(53.0, 4838.50000000007)	(54.0, 1158.8333333333464)	(55.0, 313.7499999999997)	(56.0, 96.91666666666646)	(57.0, 40.083333333333336)	(58.0, 50.25000000000007)	(59.0, 42.33333333333335)	(60.0, 10.333333333333332)	(61.0, 7.833333333333332)	(62.0, 32.49999999999996)	(63.0, 10.333333333333334)	(64.0, 4.166666666666667)	(65.0, 1.9999999999999998)	(66.0, 0.6666666666666666)	(67.0, 0.0)	(68.0, 0.0)	(69.0, 0.0)	(70.0, 0.0)	(71.0, 0.0)	(72.0, 0.0)	(73.0, 0.0)	(74.0, 0.0)	(75.0, 0.0)	(76.0, 0.5)	(77.0, 0.5)	(78.0, 0.0)	(79.0, 0.0)	(80.0, 0.0)	(81.0, 0.0)	(82.0, 0.0)	(83.0, 0.0)	(84.0, 0.0)	(85.0, 0.0)	(86.0, 0.0)	(87.0, 0.0)	(88.0, 0.0)	(89.0, 0.0)	(90.0, 0.0)	(91.0, 0.0)	(92.0, 0.0)	(93.0, 0.0)	(94.0, 0.0)	(95.0, 0.0)	(96.0, 0.0)	(97.0, 0.0)	(98.0, 0.0)	(99.0, 0.0)	(100.0, 0.0)
2453R_S2_week21_S28_L001_R2_001	(0.0, 0.0)	(1.0, 0.0)	(2.0, 0.0)	(3.0, 0.0)	(4.0, 0.0)	(5.0, 0.0)	(6.0, 0.0)	(7.0, 0.0)	(8.0, 0.0)	(9.0, 0.0)	(10.0, 0.0)	(11.0, 0.0)	(12.0, 0.0)	(13.0, 0.0)	(14.0, 0.0)	(15.0, 0.0)	(16.0, 0.0)	(17.0, 0.0)	(18.0, 0.0)	(19.0, 0.0)	(20.0, 0.0)	(21.0, 0.0)	(22.0, 0.0)	(23.0, 0.0)	(24.0, 0.0)	(25.0, 0.0)	(26.0, 0.0)	(27.0, 0.3333333333333333)	(28.0, 0.3333333333333333)	(29.0, 1.0)	(30.0, 0.0)	(31.0, 0.0)	(32.0, 0.0)	(33.0, 1.0)	(34.0, 2.5)	(35.0, 3.333333333333333)	(36.0, 3.5)	(37.0, 5.5)	(38.0, 6.5)	(39.0, 7.5)	(40.0, 9.166666666666668)	(41.0, 11.333333333333334)	(42.0, 16.666666666666664)	(43.0, 28.66666666666666)	(44.0, 72.16666666666661)	(45.0, 1951.166666666506)	(46.0, 10790.833333335062)	(47.0, 4351.000000000502)	(48.0, 1296.6666666666522)	(49.0, 569.4999999999977)	(50.0, 464.9999999999958)	(51.0, 2371.0833333332944)	(52.0, 2912.7500000001705)	(53.0, 4581.666666666948)	(54.0, 4165.250000000595)	(55.0, 1157.166666666668)	(56.0, 8313.74999999765)	(57.0, 8721.499999998292)	(58.0, 1153.0833333333355)	(59.0, 486.66666666666407)	(60.0, 362.1666666666661)	(61.0, 281.1666666666669)	(62.0, 194.50000000000003)	(63.0, 169.1666666666667)	(64.0, 163.58333333333337)	(65.0, 127.6666666666666)	(66.0, 97.66666666666666)	(67.0, 81.0)	(68.0, 77.83333333333334)	(69.0, 58.166666666666664)	(70.0, 43.0)	(71.0, 42.16666666666667)	(72.0, 50.1666666666667)	(73.0, 25.333333333333332)	(74.0, 12.666666666666666)	(75.0, 8.5)	(76.0, 4.333333333333333)	(77.0, 3.0)	(78.0, 2.5)	(79.0, 0.5)	(80.0, 0.5)	(81.0, 1.0)	(82.0, 0.5)	(83.0, 0.0)	(84.0, 0.0)	(85.0, 0.0)	(86.0, 0.0)	(87.0, 0.0)	(88.0, 0.0)	(89.0, 0.0)	(90.0, 0.0)	(91.0, 0.0)	(92.0, 0.0)	(93.0, 0.0)	(94.0, 0.0)	(95.0, 0.0)	(96.0, 0.0)	(97.0, 0.0)	(98.0, 0.0)	(99.0, 0.0)	(100.0, 0.0)
2475R_RL_M_S5_Pellet_week9_S6_L001_R1_001	(0.0, 0.0)	(1.0, 0.0)	(2.0, 0.0)	(3.0, 0.0)	(4.0, 0.0)	(5.0, 0.0)	(6.0, 0.0)	(7.0, 0.0)	(8.0, 0.0)	(9.0, 0.0)	(10.0, 0.0)	(11.0, 0.0)	(12.0, 0.0)	(13.0, 0.0)	(14.0, 0.0)	(15.0, 0.0)	(16.0, 0.0)	(17.0, 0.0)	(18.0, 0.0)	(19.0, 0.0)	(20.0, 0.0)	(21.0, 0.0)	(22.0, 0.0)	(23.0, 0.0)	(24.0, 0.0)	(25.0, 0.0)	(26.0, 0.0)	(27.0, 0.0)	(28.0, 0.0)	(29.0, 0.0)	(30.0, 0.0)	(31.0, 0.25)	(32.0, 0.25)	(33.0, 0.0)	(34.0, 0.3333333333333333)	(35.0, 0.5833333333333333)	(36.0, 0.5)	(37.0, 0.0)	(38.0, 0.25)	(39.0, 0.0)	(40.0, 0.5)	(41.0, 0.75)	(42.0, 5.083333333333333)	(43.0, 22.333333333333332)	(44.0, 64.83333333333334)	(45.0, 107.24999999999991)	(46.0, 699.3333333333442)	(47.0, 7810.833333330738)	(48.0, 3902.8333333339647)	(49.0, 3266.250000000343)	(50.0, 3771.000000000562)	(51.0, 11686.00000000329)	(52.0, 16015.583333344377)	(53.0, 6956.666666664875)	(54.0, 2023.8333333331652)	(55.0, 442.9166666666607)	(56.0, 191.08333333333408)	(57.0, 74.25000000000001)	(58.0, 82.9166666666666)	(59.0, 67.83333333333344)	(60.0, 17.333333333333336)	(61.0, 15.166666666666671)	(62.0, 34.166666666666636)	(63.0, 7.166666666666664)	(64.0, 1.1666666666666665)	(65.0, 0.3333333333333333)	(66.0, 0.3333333333333333)	(67.0, 0.8333333333333333)	(68.0, 0.5)	(69.0, 0.0)	(70.0, 0.0)	(71.0, 0.0)	(72.0, 0.0)	(73.0, 0.0)	(74.0, 0.0)	(75.0, 0.0)	(76.0, 0.0)	(77.0, 0.0)	(78.0, 0.0)	(79.0, 0.0)	(80.0, 0.0)	(81.0, 0.0)	(82.0, 0.0)	(83.0, 0.0)	(84.0, 0.0)	(85.0, 0.0)	(86.0, 0.0)	(87.0, 0.0)	(88.0, 0.0)	(89.0, 0.0)	(90.0, 0.0)	(91.0, 0.0)	(92.0, 0.0)	(93.0, 0.0)	(94.0, 0.0)	(95.0, 0.0)	(96.0, 0.0)	(97.0, 0.0)	(98.0, 0.0)	(99.0, 0.0)	(100.0, 0.0)
2475R_RL_M_S5_Pellet_week9_S6_L001_R2_001	(0.0, 0.0)	(1.0, 0.0)	(2.0, 0.0)	(3.0, 0.0)	(4.0, 0.0)	(5.0, 0.0)	(6.0, 0.0)	(7.0, 0.0)	(8.0, 0.0)	(9.0, 0.0)	(10.0, 0.0)	(11.0, 0.0)	(12.0, 0.0)	(13.0, 0.0)	(14.0, 0.0)	(15.0, 0.0)	(16.0, 0.0)	(17.0, 0.0)	(18.0, 0.0)	(19.0, 0.0)	(20.0, 0.0)	(21.0, 0.0)	(22.0, 0.0)	(23.0, 0.0)	(24.0, 0.0)	(25.0, 0.0)	(26.0, 0.0)	(27.0, 0.3333333333333333)	(28.0, 0.3333333333333333)	(29.0, 0.0)	(30.0, 0.0)	(31.0, 0.0)	(32.0, 0.0)	(33.0, 0.0)	(34.0, 0.5)	(35.0, 1.0)	(36.0, 1.0)	(37.0, 1.5)	(38.0, 1.0)	(39.0, 2.1666666666666665)	(40.0, 5.333333333333334)	(41.0, 8.833333333333334)	(42.0, 10.000000000000002)	(43.0, 11.833333333333334)	(44.0, 32.16666666666664)	(45.0, 877.4166666666957)	(46.0, 7190.416666664611)	(47.0, 1426.333333333289)	(48.0, 934.5833333333635)	(49.0, 445.749999999995)	(50.0, 350.6666666666651)	(51.0, 1226.9166666666695)	(52.0, 1849.5833333332212)	(53.0, 7543.916666664445)	(54.0, 7576.916666664494)	(55.0, 2760.3333333334317)	(56.0, 10196.583333333781)	(57.0, 10012.416666666906)	(58.0, 1484.4999999999625)	(59.0, 636.6666666666687)	(60.0, 510.74999999999824)	(61.0, 437.49999999999886)	(62.0, 284.6666666666668)	(63.0, 229.25000000000017)	(64.0, 215.41666666666694)	(65.0, 155.50000000000003)	(66.0, 128.83333333333331)	(67.0, 109.49999999999999)	(68.0, 90.83333333333334)	(69.0, 76.5)	(70.0, 65.16666666666667)	(71.0, 54.66666666666668)	(72.0, 58.33333333333335)	(73.0, 29.666666666666657)	(74.0, 19.166666666666664)	(75.0, 14.833333333333334)	(76.0, 8.5)	(77.0, 3.6666666666666665)	(78.0, 3.0)	(79.0, 2.833333333333333)	(80.0, 1.5833333333333333)	(81.0, 1.8333333333333333)	(82.0, 1.3333333333333333)	(83.0, 0.0)	(84.0, 0.0)	(85.0, 0.0)	(86.0, 0.25)	(87.0, 0.0)	(88.0, 0.3333333333333333)	(89.0, 0.0)	(90.0, 0.5)	(91.0, 0.5)	(92.0, 0.0)	(93.0, 0.0)	(94.0, 0.5)	(95.0, 0.5)	(96.0, 0.8333333333333333)	(97.0, 0.5)	(98.0, 0.0)	(99.0, 0.3333333333333333)	(100.0, 1.0)
3795R_L_F_S2_week5_S48_L001_R1_001	(0.0, 0.0)	(1.0, 0.0)	(2.0, 0.0)	(3.0, 0.0)	(4.0, 0.0)	(5.0, 0.0)	(6.0, 0.0)	(7.0, 0.0)	(8.0, 0.0)	(9.0, 0.0)	(10.0, 0.0)	(11.0, 0.0)	(12.0, 0.0)	(13.0, 0.0)	(14.0, 0.0)	(15.0, 0.0)	(16.0, 0.0)	(17.0, 0.0)	(18.0, 0.0)	(19.0, 0.0)	(20.0, 0.0)	(21.0, 0.0)	(22.0, 0.0)	(23.0, 0.0)	(24.0, 0.0)	(25.0, 0.0)	(26.0, 0.0)	(27.0, 0.0)	(28.0, 0.0)	(29.0, 0.0)	(30.0, 0.0)	(31.0, 0.25)	(32.0, 0.0)	(33.0, 0.0)	(34.0, 0.0)	(35.0, 0.0)	(36.0, 0.25)	(37.0, 1.25)	(38.0, 0.75)	(39.0, 0.25)	(40.0, 0.0)	(41.0, 2.583333333333333)	(42.0, 7.333333333333333)	(43.0, 24.666666666666668)	(44.0, 86.74999999999999)	(45.0, 127.49999999999994)	(46.0, 288.2500000000002)	(47.0, 14201.500000007863)	(48.0, 15852.333333344188)	(49.0, 3433.000000000422)	(50.0, 3704.5833333338664)	(51.0, 13086.083333339126)	(52.0, 16339.750000011614)	(53.0, 5750.749999999279)	(54.0, 2069.083333333169)	(55.0, 473.33333333332587)	(56.0, 185.75000000000063)	(57.0, 80.74999999999997)	(58.0, 106.49999999999972)	(59.0, 88.4999999999999)	(60.0, 17.833333333333336)	(61.0, 7.499999999999999)	(62.0, 19.416666666666668)	(63.0, 5.916666666666666)	(64.0, 3.166666666666667)	(65.0, 2.333333333333333)	(66.0, 1.5)	(67.0, 0.0)	(68.0, 0.0)	(69.0, 0.0)	(70.0, 0.0)	(71.0, 0.0)	(72.0, 0.0)	(73.0, 0.0)	(74.0, 0.0)	(75.0, 0.0)	(76.0, 0.0)	(77.0, 0.0)	(78.0, 0.0)	(79.0, 0.0)	(80.0, 0.0)	(81.0, 0.0)	(82.0, 0.0)	(83.0, 0.0)	(84.0, 0.0)	(85.0, 0.0)	(86.0, 0.0)	(87.0, 0.0)	(88.0, 0.0)	(89.0, 0.0)	(90.0, 0.0)	(91.0, 0.0)	(92.0, 0.0)	(93.0, 0.0)	(94.0, 0.0)	(95.0, 0.0)	(96.0, 0.0)	(97.0, 0.0)	(98.0, 0.0)	(99.0, 0.0)	(100.0, 0.0)
3795R_L_F_S2_week5_S48_L001_R2_001	(0.0, 0.0)	(1.0, 0.0)	(2.0, 0.0)	(3.0, 0.0)	(4.0, 0.0)	(5.0, 0.0)	(6.0, 0.0)	(7.0, 0.0)	(8.0, 0.0)	(9.0, 0.0)	(10.0, 0.0)	(11.0, 0.0)	(12.0, 0.0)	(13.0, 0.0)	(14.0, 0.0)	(15.0, 0.0)	(16.0, 0.0)	(17.0, 0.0)	(18.0, 0.0)	(19.0, 0.0)	(20.0, 0.0)	(21.0, 0.0)	(22.0, 0.0)	(23.0, 0.0)	(24.0, 0.0)	(25.0, 0.0)	(26.0, 0.0)	(27.0, 0.0)	(28.0, 0.0)	(29.0, 0.3333333333333333)	(30.0, 0.5)	(31.0, 0.5)	(32.0, 0.0)	(33.0, 0.0)	(34.0, 0.5)	(35.0, 0.5)	(36.0, 0.0)	(37.0, 1.6666666666666665)	(38.0, 3.333333333333333)	(39.0, 6.333333333333334)	(40.0, 8.333333333333332)	(41.0, 16.666666666666668)	(42.0, 22.75)	(43.0, 32.66666666666666)	(44.0, 68.1666666666667)	(45.0, 1033.000000000043)	(46.0, 12972.833333338998)	(47.0, 10423.000000001039)	(48.0, 1435.0833333332935)	(49.0, 757.416666666677)	(50.0, 634.166666666669)	(51.0, 2557.7500000000205)	(52.0, 3151.7500000002437)	(53.0, 5781.083333332681)	(54.0, 5130.833333333202)	(55.0, 1766.4166666666022)	(56.0, 11700.000000002607)	(57.0, 12170.083333336734)	(58.0, 1887.166666666586)	(59.0, 783.5833333333396)	(60.0, 586.6666666666667)	(61.0, 507.4166666666654)	(62.0, 341.99999999999994)	(63.0, 266.66666666666663)	(64.0, 249.16666666666683)	(65.0, 162.83333333333346)	(66.0, 119.16666666666664)	(67.0, 111.16666666666666)	(68.0, 104.33333333333333)	(69.0, 74.66666666666667)	(70.0, 62.83333333333334)	(71.0, 55.500000000000014)	(72.0, 45.33333333333334)	(73.0, 28.166666666666668)	(74.0, 19.0)	(75.0, 10.5)	(76.0, 5.5)	(77.0, 6.833333333333333)	(78.0, 7.666666666666666)	(79.0, 5.166666666666666)	(80.0, 2.333333333333333)	(81.0, 0.8333333333333333)	(82.0, 0.3333333333333333)	(83.0, 0.0)	(84.0, 0.5)	(85.0, 1.5)	(86.0, 1.0)	(87.0, 0.0)	(88.0, 0.0)	(89.0, 0.0)	(90.0, 0.0)	(91.0, 0.3333333333333333)	(92.0, 0.3333333333333333)	(93.0, 0.0)	(94.0, 0.0)	(95.0, 0.0)	(96.0, 0.5)	(97.0, 0.5)	(98.0, 0.0)	(99.0, 0.0)	(100.0, 0.5)
3795R_L_F_S2_week9_S73_L001_R1_001	(0.0, 0.0)	(1.0, 0.0)	(2.0, 0.0)	(3.0, 0.0)	(4.0, 0.0)	(5.0, 0.0)	(6.0, 0.0)	(7.0, 0.0)	(8.0, 0.0)	(9.0, 0.0)	(10.0, 0.0)	(11.0, 0.0)	(12.0, 0.0)	(13.0, 0.0)	(14.0, 0.0)	(15.0, 0.0)	(16.0, 0.0)	(17.0, 0.0)	(18.0, 0.0)	(19.0, 0.0)	(20.0, 0.0)	(21.0, 0.0)	(22.0, 0.0)	(23.0, 0.0)	(24.0, 0.0)	(25.0, 0.0)	(26.0, 0.0)	(27.0, 0.0)	(28.0, 0.0)	(29.0, 0.0)	(30.0, 0.0)	(31.0, 0.0)	(32.0, 0.0)	(33.0, 0.0)	(34.0, 0.0)	(35.0, 0.0)	(36.0, 0.0)	(37.0, 0.0)	(38.0, 0.25)	(39.0, 0.0)	(40.0, 0.0)	(41.0, 0.5)	(42.0, 3.333333333333333)	(43.0, 10.916666666666666)	(44.0, 63.75)	(45.0, 94.49999999999997)	(46.0, 177.41666666666748)	(47.0, 7071.083333331405)	(48.0, 7755.999999997456)	(49.0, 2123.1666666665237)	(50.0, 2405.083333333308)	(51.0, 17018.416666676127)	(52.0, 20842.58333332912)	(53.0, 5294.749999999676)	(54.0, 1475.8333333332828)	(55.0, 454.6666666666601)	(56.0, 155.33333333333334)	(57.0, 64.58333333333343)	(58.0, 86.16666666666661)	(59.0, 77.66666666666666)	(60.0, 18.166666666666668)	(61.0, 12.16666666666667)	(62.0, 48.500000000000064)	(63.0, 12.66666666666667)	(64.0, 4.583333333333333)	(65.0, 2.25)	(66.0, 0.8333333333333333)	(67.0, 0.0)	(68.0, 0.0)	(69.0, 1.0)	(70.0, 1.5)	(71.0, 0.5)	(72.0, 0.0)	(73.0, 0.0)	(74.0, 0.0)	(75.0, 0.0)	(76.0, 0.0)	(77.0, 0.0)	(78.0, 0.0)	(79.0, 0.0)	(80.0, 0.0)	(81.0, 0.0)	(82.0, 0.0)	(83.0, 0.0)	(84.0, 0.0)	(85.0, 0.0)	(86.0, 0.0)	(87.0, 0.0)	(88.0, 0.0)	(89.0, 0.0)	(90.0, 0.0)	(91.0, 0.0)	(92.0, 0.0)	(93.0, 0.0)	(94.0, 0.0)	(95.0, 0.0)	(96.0, 0.0)	(97.0, 0.0)	(98.0, 0.0)	(99.0, 0.0)	(100.0, 0.0)
3795R_L_F_S2_week9_S73_L001_R2_001	(0.0, 0.0)	(1.0, 0.0)	(2.0, 0.0)	(3.0, 0.0)	(4.0, 0.0)	(5.0, 0.0)	(6.0, 0.0)	(7.0, 0.0)	(8.0, 0.0)	(9.0, 0.0)	(10.0, 0.0)	(11.0, 0.0)	(12.0, 0.0)	(13.0, 0.0)	(14.0, 0.0)	(15.0, 0.0)	(16.0, 0.0)	(17.0, 0.0)	(18.0, 0.0)	(19.0, 0.0)	(20.0, 0.0)	(21.0, 0.0)	(22.0, 0.0)	(23.0, 0.0)	(24.0, 0.0)	(25.0, 0.0)	(26.0, 0.0)	(27.0, 0.0)	(28.0, 0.3333333333333333)	(29.0, 0.3333333333333333)	(30.0, 0.3333333333333333)	(31.0, 0.0)	(32.0, 0.0)	(33.0, 0.0)	(34.0, 0.0)	(35.0, 0.5)	(36.0, 1.0)	(37.0, 0.8333333333333333)	(38.0, 1.3333333333333333)	(39.0, 2.833333333333333)	(40.0, 4.5)	(41.0, 8.333333333333332)	(42.0, 13.500000000000002)	(43.0, 18.5)	(44.0, 44.33333333333334)	(45.0, 834.0000000000235)	(46.0, 6499.9999999985785)	(47.0, 4084.500000000724)	(48.0, 947.750000000033)	(49.0, 520.9999999999936)	(50.0, 478.74999999999534)	(51.0, 2673.583333333409)	(52.0, 3181.833333333608)	(53.0, 3606.9166666671026)	(54.0, 3311.750000000273)	(55.0, 1601.916666666628)	(56.0, 14389.833333340192)	(57.0, 15955.833333342744)	(58.0, 2448.3333333333517)	(59.0, 892.1666666666764)	(60.0, 619.7500000000014)	(61.0, 515.8333333333313)	(62.0, 359.0833333333332)	(63.0, 288.8333333333333)	(64.0, 248.33333333333368)	(65.0, 186.6666666666667)	(66.0, 144.66666666666669)	(67.0, 129.33333333333331)	(68.0, 118.99999999999999)	(69.0, 92.25)	(70.0, 73.08333333333334)	(71.0, 63.33333333333334)	(72.0, 70.99999999999997)	(73.0, 38.66666666666668)	(74.0, 20.0)	(75.0, 9.833333333333332)	(76.0, 5.333333333333333)	(77.0, 2.833333333333333)	(78.0, 1.8333333333333333)	(79.0, 1.0)	(80.0, 0.5)	(81.0, 0.5)	(82.0, 0.5)	(83.0, 0.5)	(84.0, 0.5)	(85.0, 0.3333333333333333)	(86.0, 0.0)	(87.0, 0.0)	(88.0, 0.0)	(89.0, 0.0)	(90.0, 0.0)	(91.0, 0.5)	(92.0, 0.5)	(93.0, 0.0)	(94.0, 0.25)	(95.0, 0.3333333333333333)	(96.0, 0.3333333333333333)	(97.0, 0.3333333333333333)	(98.0, 0.6666666666666666)	(99.0, 0.6666666666666666)	(100.0, 0.5)
3880R_0_F_S2_week5_S49_L001_R1_001	(0.0, 0.0)	(1.0, 0.0)	(2.0, 0.0)	(3.0, 0.0)	(4.0, 0.0)	(5.0, 0.0)	(6.0, 0.0)	(7.0, 0.0)	(8.0, 0.0)	(9.0, 0.0)	(10.0, 0.0)	(11.0, 0.0)	(12.0, 0.0)	(13.0, 0.0)	(14.0, 0.0)	(15.0, 0.0)	(16.0, 0.0)	(17.0, 0.0)	(18.0, 0.0)	(19.0, 0.0)	(20.0, 0.0)	(21.0, 0.0)	(22.0, 0.0)	(23.0, 0.0)	(24.0, 0.0)	(25.0, 0.0)	(26.0, 0.0)	(27.0, 0.0)	(28.0, 0.0)	(29.0, 0.0)	(30.0, 0.0)	(31.0, 0.0)	(32.0, 0.0)	(33.0, 0.0)	(34.0, 0.0)	(35.0, 0.6666666666666666)	(36.0, 1.0)	(37.0, 0.5)	(38.0, 0.75)	(39.0, 0.0)	(40.0, 1.0833333333333333)	(41.0, 2.9166666666666665)	(42.0, 6.416666666666666)	(43.0, 16.25)	(44.0, 51.24999999999999)	(45.0, 82.91666666666661)	(46.0, 175.16666666666723)	(47.0, 7970.166666663921)	(48.0, 9052.166666665255)	(49.0, 2199.2499999998936)	(50.0, 3963.916666667302)	(51.0, 19082.916666668723)	(52.0, 20393.999999997377)	(53.0, 6568.999999998601)	(54.0, 3065.916666666919)	(55.0, 592.8333333333311)	(56.0, 239.66666666666814)	(57.0, 88.3333333333332)	(58.0, 163.6666666666669)	(59.0, 160.75000000000017)	(60.0, 31.58333333333331)	(61.0, 17.500000000000007)	(62.0, 27.166666666666643)	(63.0, 6.166666666666665)	(64.0, 0.6666666666666666)	(65.0, 0.6666666666666666)	(66.0, 0.8333333333333333)	(67.0, 1.0)	(68.0, 0.5)	(69.0, 0.0)	(70.0, 0.0)	(71.0, 0.0)	(72.0, 0.0)	(73.0, 0.0)	(74.0, 0.0)	(75.0, 0.0)	(76.0, 0.0)	(77.0, 0.0)	(78.0, 0.0)	(79.0, 0.0)	(80.0, 0.0)	(81.0, 0.0)	(82.0, 0.0)	(83.0, 0.0)	(84.0, 0.0)	(85.0, 0.0)	(86.0, 0.0)	(87.0, 0.0)	(88.0, 0.0)	(89.0, 0.0)	(90.0, 0.0)	(91.0, 0.0)	(92.0, 0.0)	(93.0, 0.0)	(94.0, 0.0)	(95.0, 0.0)	(96.0, 0.0)	(97.0, 0.0)	(98.0, 0.0)	(99.0, 0.0)	(100.0, 0.0)
3880R_0_F_S2_week5_S49_L001_R2_001	(0.0, 0.0)	(1.0, 0.0)	(2.0, 0.0)	(3.0, 0.0)	(4.0, 0.0)	(5.0, 0.0)	(6.0, 0.0)	(7.0, 0.0)	(8.0, 0.0)	(9.0, 0.0)	(10.0, 0.0)	(11.0, 0.0)	(12.0, 0.0)	(13.0, 0.0)	(14.0, 0.0)	(15.0, 0.0)	(16.0, 0.0)	(17.0, 0.0)	(18.0, 0.0)	(19.0, 0.0)	(20.0, 0.0)	(21.0, 0.0)	(22.0, 0.0)	(23.0, 0.0)	(24.0, 0.0)	(25.0, 0.0)	(26.0, 0.3333333333333333)	(27.0, 0.6666666666666666)	(28.0, 0.3333333333333333)	(29.0, 0.0)	(30.0, 0.3333333333333333)	(31.0, 0.0)	(32.0, 1.0)	(33.0, 2.0)	(34.0, 1.0)	(35.0, 0.5)	(36.0, 0.8333333333333333)	(37.0, 1.6666666666666665)	(38.0, 2.666666666666667)	(39.0, 5.666666666666666)	(40.0, 11.333333333333334)	(41.0, 16.333333333333336)	(42.0, 16.666666666666664)	(43.0, 16.333333333333336)	(44.0, 34.66666666666666)	(45.0, 562.3333333333281)	(46.0, 7221.8333333312585)	(47.0, 5858.666666665829)	(48.0, 771.3333333333491)	(49.0, 452.9166666666615)	(50.0, 448.0833333333291)	(51.0, 2110.0833333332025)	(52.0, 2566.166666666696)	(53.0, 6209.999999998961)	(54.0, 6269.416666665645)	(55.0, 2258.8333333332967)	(56.0, 15998.500000009677)	(57.0, 16110.416666676478)	(58.0, 2359.7499999999977)	(59.0, 992.2500000000115)	(60.0, 795.3333333333371)	(61.0, 670.8333333333347)	(62.0, 462.41666666666606)	(63.0, 370.9999999999995)	(64.0, 358.33333333333246)	(65.0, 237.16666666666686)	(66.0, 168.33333333333334)	(67.0, 137.41666666666666)	(68.0, 116.16666666666666)	(69.0, 106.16666666666667)	(70.0, 89.16666666666667)	(71.0, 72.16666666666666)	(72.0, 66.0)	(73.0, 40.333333333333336)	(74.0, 24.666666666666664)	(75.0, 16.0)	(76.0, 13.333333333333332)	(77.0, 11.333333333333332)	(78.0, 6.333333333333333)	(79.0, 1.8333333333333333)	(80.0, 2.25)	(81.0, 2.25)	(82.0, 0.5)	(83.0, 0.0)	(84.0, 0.0)	(85.0, 0.5)	(86.0, 0.75)	(87.0, 0.0)	(88.0, 0.5)	(89.0, 1.0)	(90.0, 0.5)	(91.0, 0.0)	(92.0, 0.3333333333333333)	(93.0, 0.5)	(94.0, 0.8333333333333333)	(95.0, 0.3333333333333333)	(96.0, 1.0)	(97.0, 1.5)	(98.0, 0.5)	(99.0, 0.0)	(100.0, 0.3333333333333333)
3880R_0_F_S2_week9_S74_L001_R1_001	(0.0, 0.0)	(1.0, 0.0)	(2.0, 0.0)	(3.0, 0.0)	(4.0, 0.0)	(5.0, 0.0)	(6.0, 0.0)	(7.0, 0.0)	(8.0, 0.0)	(9.0, 0.0)	(10.0, 0.0)	(11.0, 0.0)	(12.0, 0.0)	(13.0, 0.0)	(14.0, 0.0)	(15.0, 0.0)	(16.0, 0.0)	(17.0, 0.0)	(18.0, 0.0)	(19.0, 0.0)	(20.0, 0.0)	(21.0, 0.0)	(22.0, 0.0)	(23.0, 0.0)	(24.0, 0.0)	(25.0, 0.0)	(26.0, 0.0)	(27.0, 0.0)	(28.0, 0.0)	(29.0, 0.0)	(30.0, 0.0)	(31.0, 0.0)	(32.0, 0.0)	(33.0, 0.0)	(34.0, 0.0)	(35.0, 0.25)	(36.0, 0.5)	(37.0, 0.25)	(38.0, 0.0)	(39.0, 0.0)	(40.0, 1.0)	(41.0, 1.0)	(42.0, 2.333333333333333)	(43.0, 8.833333333333334)	(44.0, 26.0)	(45.0, 44.75000000000001)	(46.0, 115.83333333333297)	(47.0, 3814.250000000607)	(48.0, 4603.166666666951)	(49.0, 2396.333333333305)	(50.0, 2626.0000000000696)	(51.0, 25074.916666647252)	(52.0, 28862.749999967044)	(53.0, 5102.666666666514)	(54.0, 1919.3333333331918)	(55.0, 683.0833333333397)	(56.0, 218.3333333333345)	(57.0, 82.5833333333333)	(58.0, 131.66666666666617)	(59.0, 127.58333333333273)	(60.0, 26.499999999999986)	(61.0, 22.33333333333333)	(62.0, 81.16666666666661)	(63.0, 14.166666666666673)	(64.0, 6.833333333333332)	(65.0, 4.833333333333333)	(66.0, 3.6666666666666665)	(67.0, 2.333333333333333)	(68.0, 0.5)	(69.0, 0.5)	(70.0, 0.25)	(71.0, 0.75)	(72.0, 1.0)	(73.0, 0.5)	(74.0, 0.0)	(75.0, 0.0)	(76.0, 0.0)	(77.0, 0.0)	(78.0, 0.0)	(79.0, 0.0)	(80.0, 0.0)	(81.0, 0.0)	(82.0, 0.0)	(83.0, 0.0)	(84.0, 0.0)	(85.0, 0.0)	(86.0, 0.0)	(87.0, 0.0)	(88.0, 0.0)	(89.0, 0.0)	(90.0, 0.0)	(91.0, 0.0)	(92.0, 0.0)	(93.0, 0.0)	(94.0, 0.0)	(95.0, 0.0)	(96.0, 0.0)	(97.0, 0.0)	(98.0, 0.0)	(99.0, 0.0)	(100.0, 0.0)
3880R_0_F_S2_week9_S74_L001_R2_001	(0.0, 0.0)	(1.0, 0.0)	(2.0, 0.0)	(3.0, 0.0)	(4.0, 0.0)	(5.0, 0.0)	(6.0, 0.0)	(7.0, 0.0)	(8.0, 0.0)	(9.0, 0.0)	(10.0, 0.0)	(11.0, 0.0)	(12.0, 0.0)	(13.0, 0.0)	(14.0, 0.0)	(15.0, 0.0)	(16.0, 0.0)	(17.0, 0.0)	(18.0, 0.0)	(19.0, 0.0)	(20.0, 0.0)	(21.0, 0.0)	(22.0, 0.0)	(23.0, 0.0)	(24.0, 0.0)	(25.0, 0.0)	(26.0, 0.0)	(27.0, 0.3333333333333333)	(28.0, 0.0)	(29.0, 0.0)	(30.0, 0.3333333333333333)	(31.0, 0.0)	(32.0, 0.0)	(33.0, 0.0)	(34.0, 1.0)	(35.0, 2.0)	(36.0, 2.8333333333333335)	(37.0, 2.3333333333333335)	(38.0, 0.8333333333333333)	(39.0, 0.6666666666666666)	(40.0, 0.3333333333333333)	(41.0, 1.9999999999999998)	(42.0, 5.5)	(43.0, 11.66666666666667)	(44.0, 28.333333333333314)	(45.0, 593.1666666666645)	(46.0, 3546.5833333338232)	(47.0, 1782.8333333332137)	(48.0, 1022.1666666667072)	(49.0, 478.24999999999375)	(50.0, 377.24999999999784)	(51.0, 2236.7499999999095)	(52.0, 2745.5833333334353)	(53.0, 3418.250000000354)	(54.0, 3340.166666666947)	(55.0, 1847.916666666607)	(56.0, 21273.249999995813)	(57.0, 23877.24999998742)	(58.0, 3472.8333333336036)	(59.0, 1229.999999999996)	(60.0, 952.083333333341)	(61.0, 822.7500000000042)	(62.0, 501.0833333333327)	(63.0, 401.8333333333329)	(64.0, 352.99999999999943)	(65.0, 258.3333333333336)	(66.0, 207.66666666666677)	(67.0, 174.08333333333337)	(68.0, 170.0)	(69.0, 148.33333333333331)	(70.0, 122.66666666666664)	(71.0, 100.8333333333333)	(72.0, 117.83333333333321)	(73.0, 62.83333333333337)	(74.0, 30.999999999999996)	(75.0, 15.0)	(76.0, 6.333333333333333)	(77.0, 5.0)	(78.0, 2.5)	(79.0, 1.75)	(80.0, 1.5)	(81.0, 1.0)	(82.0, 1.25)	(83.0, 1.3333333333333333)	(84.0, 1.3333333333333333)	(85.0, 0.5)	(86.0, 0.0)	(87.0, 0.0)	(88.0, 0.0)	(89.0, 0.5)	(90.0, 0.8333333333333333)	(91.0, 0.3333333333333333)	(92.0, 0.0)	(93.0, 0.0)	(94.0, 0.0)	(95.0, 0.0)	(96.0, 0.5)	(97.0, 1.3333333333333333)	(98.0, 0.8333333333333333)	(99.0, 0.0)	(100.0, 0.3333333333333333)
3880R_L_F_S2_week5_S50_L001_R1_001	(0.0, 0.0)	(1.0, 0.0)	(2.0, 0.0)	(3.0, 0.0)	(4.0, 0.0)	(5.0, 0.0)	(6.0, 0.0)	(7.0, 0.0)	(8.0, 0.0)	(9.0, 0.0)	(10.0, 0.0)	(11.0, 0.0)	(12.0, 0.0)	(13.0, 0.0)	(14.0, 0.0)	(15.0, 0.0)	(16.0, 0.0)	(17.0, 0.0)	(18.0, 0.0)	(19.0, 0.0)	(20.0, 0.0)	(21.0, 0.0)	(22.0, 0.0)	(23.0, 0.0)	(24.0, 0.0)	(25.0, 0.0)	(26.0, 0.0)	(27.0, 0.0)	(28.0, 0.0)	(29.0, 0.0)	(30.0, 0.0)	(31.0, 0.0)	(32.0, 0.25)	(33.0, 0.0)	(34.0, 0.0)	(35.0, 0.25)	(36.0, 0.25)	(37.0, 0.3333333333333333)	(38.0, 0.0)	(39.0, 0.0)	(40.0, 0.5)	(41.0, 2.25)	(42.0, 4.0)	(43.0, 12.583333333333332)	(44.0, 45.833333333333336)	(45.0, 58.08333333333335)	(46.0, 143.58333333333326)	(47.0, 7505.083333331005)	(48.0, 8540.583333330997)	(49.0, 2040.3333333331618)	(50.0, 2800.583333333478)	(51.0, 13660.666666673515)	(52.0, 16059.58333334446)	(53.0, 5600.416666666082)	(54.0, 2237.749999999905)	(55.0, 451.41666666666043)	(56.0, 173.25000000000034)	(57.0, 82.08333333333326)	(58.0, 126.49999999999942)	(59.0, 108.8333333333329)	(60.0, 19.666666666666664)	(61.0, 12.5)	(62.0, 17.250000000000004)	(63.0, 3.5)	(64.0, 1.0)	(65.0, 0.3333333333333333)	(66.0, 0.3333333333333333)	(67.0, 0.3333333333333333)	(68.0, 0.0)	(69.0, 0.0)	(70.0, 0.0)	(71.0, 0.0)	(72.0, 0.0)	(73.0, 0.0)	(74.0, 0.0)	(75.0, 0.0)	(76.0, 0.0)	(77.0, 0.0)	(78.0, 0.0)	(79.0, 0.0)	(80.0, 0.0)	(81.0, 0.0)	(82.0, 0.0)	(83.0, 0.0)	(84.0, 0.0)	(85.0, 0.0)	(86.0, 0.0)	(87.0, 0.0)	(88.0, 0.0)	(89.0, 0.0)	(90.0, 0.0)	(91.0, 0.0)	(92.0, 0.0)	(93.0, 0.0)	(94.0, 0.0)	(95.0, 0.0)	(96.0, 0.0)	(97.0, 0.0)	(98.0, 0.0)	(99.0, 0.0)	(100.0, 0.0)
3880R_L_F_S2_week5_S50_L001_R2_001	(0.0, 0.0)	(1.0, 0.0)	(2.0, 0.0)	(3.0, 0.0)	(4.0, 0.0)	(5.0, 0.0)	(6.0, 0.0)	(7.0, 0.0)	(8.0, 0.0)	(9.0, 0.0)	(10.0, 0.0)	(11.0, 0.0)	(12.0, 0.0)	(13.0, 0.0)	(14.0, 0.0)	(15.0, 0.0)	(16.0, 0.0)	(17.0, 0.0)	(18.0, 0.0)	(19.0, 0.0)	(20.0, 0.0)	(21.0, 0.0)	(22.0, 0.0)	(23.0, 0.0)	(24.0, 0.0)	(25.0, 0.0)	(26.0, 0.0)	(27.0, 0.0)	(28.0, 0.0)	(29.0, 0.0)	(30.0, 0.0)	(31.0, 0.0)	(32.0, 0.5)	(33.0, 1.0)	(34.0, 0.5)	(35.0, 0.8333333333333333)	(36.0, 0.8333333333333333)	(37.0, 0.5)	(38.0, 3.5)	(39.0, 6.5)	(40.0, 5.333333333333334)	(41.0, 5.833333333333334)	(42.0, 9.5)	(43.0, 13.166666666666666)	(44.0, 33.24999999999999)	(45.0, 486.7499999999902)	(46.0, 6772.1666666649935)	(47.0, 5631.999999999362)	(48.0, 760.9166666666806)	(49.0, 412.4166666666631)	(50.0, 382.9999999999976)	(51.0, 1999.4166666665144)	(52.0, 2476.833333333334)	(53.0, 4811.16666666676)	(54.0, 4668.666666666873)	(55.0, 1635.2499999999482)	(56.0, 12184.500000003394)	(57.0, 12280.16666667028)	(58.0, 1706.1666666666056)	(59.0, 699.3333333333368)	(60.0, 555.4999999999993)	(61.0, 480.9999999999985)	(62.0, 343.4166666666664)	(63.0, 271.16666666666663)	(64.0, 251.08333333333377)	(65.0, 167.16666666666677)	(66.0, 139.16666666666666)	(67.0, 136.66666666666666)	(68.0, 113.83333333333334)	(69.0, 79.0)	(70.0, 60.166666666666664)	(71.0, 51.16666666666667)	(72.0, 47.66666666666668)	(73.0, 34.333333333333336)	(74.0, 26.166666666666664)	(75.0, 16.5)	(76.0, 8.0)	(77.0, 3.5)	(78.0, 2.0)	(79.0, 0.5)	(80.0, 0.8333333333333333)	(81.0, 1.3333333333333333)	(82.0, 0.5)	(83.0, 0.0)	(84.0, 0.0)	(85.0, 0.3333333333333333)	(86.0, 0.6666666666666666)	(87.0, 0.3333333333333333)	(88.0, 0.0)	(89.0, 0.0)	(90.0, 0.0)	(91.0, 0.0)	(92.0, 0.3333333333333333)	(93.0, 0.0)	(94.0, 0.0)	(95.0, 0.3333333333333333)	(96.0, 0.0)	(97.0, 0.5)	(98.0, 1.0)	(99.0, 0.5)	(100.0, 0.0)
3880R_L_F_S2_week9_S75_L001_R1_001	(0.0, 0.0)	(1.0, 0.0)	(2.0, 0.0)	(3.0, 0.0)	(4.0, 0.0)	(5.0, 0.0)	(6.0, 0.0)	(7.0, 0.0)	(8.0, 0.0)	(9.0, 0.0)	(10.0, 0.0)	(11.0, 0.0)	(12.0, 0.0)	(13.0, 0.0)	(14.0, 0.0)	(15.0, 0.0)	(16.0, 0.0)	(17.0, 0.0)	(18.0, 0.0)	(19.0, 0.0)	(20.0, 0.0)	(21.0, 0.0)	(22.0, 0.0)	(23.0, 0.0)	(24.0, 0.0)	(25.0, 0.0)	(26.0, 0.0)	(27.0, 0.0)	(28.0, 0.0)	(29.0, 0.0)	(30.0, 0.0)	(31.0, 0.0)	(32.0, 0.25)	(33.0, 0.5)	(34.0, 0.5)	(35.0, 0.75)	(36.0, 0.5)	(37.0, 0.0)	(38.0, 0.3333333333333333)	(39.0, 0.0)	(40.0, 0.3333333333333333)	(41.0, 1.8333333333333333)	(42.0, 5.583333333333333)	(43.0, 17.333333333333336)	(44.0, 62.58333333333335)	(45.0, 99.83333333333329)	(46.0, 236.33333333333522)	(47.0, 9368.999999999169)	(48.0, 10598.083333334698)	(49.0, 3652.666666667181)	(50.0, 4135.333333334007)	(51.0, 22252.66666665737)	(52.0, 27107.083333306662)	(53.0, 6970.166666664887)	(54.0, 1954.1666666665162)	(55.0, 701.6666666666748)	(56.0, 218.16666666666794)	(57.0, 83.99999999999996)	(58.0, 126.91666666666609)	(59.0, 129.66666666666612)	(60.0, 26.99999999999999)	(61.0, 15.750000000000007)	(62.0, 75.00000000000003)	(63.0, 15.000000000000009)	(64.0, 5.166666666666666)	(65.0, 1.833333333333333)	(66.0, 1.6666666666666665)	(67.0, 2.333333333333333)	(68.0, 1.0)	(69.0, 0.0)	(70.0, 0.0)	(71.0, 0.0)	(72.0, 0.0)	(73.0, 0.0)	(74.0, 0.0)	(75.0, 0.0)	(76.0, 0.0)	(77.0, 0.0)	(78.0, 0.0)	(79.0, 0.0)	(80.0, 0.0)	(81.0, 0.0)	(82.0, 0.0)	(83.0, 0.0)	(84.0, 0.0)	(85.0, 0.0)	(86.0, 0.0)	(87.0, 0.0)	(88.0, 0.0)	(89.0, 0.0)	(90.0, 0.0)	(91.0, 0.0)	(92.0, 0.0)	(93.0, 0.0)	(94.0, 0.0)	(95.0, 0.0)	(96.0, 0.0)	(97.0, 0.0)	(98.0, 0.0)	(99.0, 0.0)	(100.0, 0.0)
3880R_L_F_S2_week9_S75_L001_R2_001	(0.0, 0.0)	(1.0, 0.0)	(2.0, 0.0)	(3.0, 0.0)	(4.0, 0.0)	(5.0, 0.0)	(6.0, 0.0)	(7.0, 0.0)	(8.0, 0.0)	(9.0, 0.0)	(10.0, 0.0)	(11.0, 0.0)	(12.0, 0.0)	(13.0, 0.0)	(14.0, 0.0)	(15.0, 0.0)	(16.0, 0.0)	(17.0, 0.0)	(18.0, 0.0)	(19.0, 0.0)	(20.0, 0.0)	(21.0, 0.0)	(22.0, 0.0)	(23.0, 0.0)	(24.0, 0.0)	(25.0, 0.0)	(26.0, 0.0)	(27.0, 0.0)	(28.0, 0.0)	(29.0, 0.0)	(30.0, 0.0)	(31.0, 0.0)	(32.0, 0.3333333333333333)	(33.0, 0.0)	(34.0, 0.0)	(35.0, 1.0)	(36.0, 2.0)	(37.0, 2.0)	(38.0, 4.5)	(39.0, 7.333333333333334)	(40.0, 8.166666666666666)	(41.0, 9.500000000000002)	(42.0, 14.166666666666668)	(43.0, 23.833333333333336)	(44.0, 47.666666666666686)	(45.0, 1148.3333333333505)	(46.0, 8714.833333331317)	(47.0, 5069.416666666531)	(48.0, 1548.583333333272)	(49.0, 715.0000000000072)	(50.0, 596.9166666666678)	(51.0, 3363.7500000003506)	(52.0, 4275.500000000521)	(53.0, 5845.666666665949)	(54.0, 5412.499999999677)	(55.0, 2142.4166666666106)	(56.0, 18944.50000000258)	(57.0, 20629.333333330673)	(58.0, 2941.2500000001405)	(59.0, 1124.5000000000025)	(60.0, 871.9166666666733)	(61.0, 744.3333333333363)	(62.0, 457.416666666666)	(63.0, 364.33333333333303)	(64.0, 336.6666666666661)	(65.0, 245.16666666666694)	(66.0, 202.3333333333334)	(67.0, 167.3333333333334)	(68.0, 142.5)	(69.0, 122.16666666666667)	(70.0, 97.5)	(71.0, 96.16666666666663)	(72.0, 115.16666666666657)	(73.0, 52.000000000000036)	(74.0, 23.666666666666668)	(75.0, 12.666666666666666)	(76.0, 7.666666666666666)	(77.0, 6.5)	(78.0, 4.5)	(79.0, 1.5)	(80.0, 0.0)	(81.0, 0.0)	(82.0, 0.0)	(83.0, 0.5)	(84.0, 1.5)	(85.0, 1.0)	(86.0, 0.3333333333333333)	(87.0, 0.0)	(88.0, 0.0)	(89.0, 0.0)	(90.0, 0.5)	(91.0, 0.8333333333333333)	(92.0, 0.5)	(93.0, 0.5)	(94.0, 0.0)	(95.0, 0.3333333333333333)	(96.0, 0.0)	(97.0, 0.8333333333333333)	(98.0, 1.3333333333333333)	(99.0, 0.5)	(100.0, 1.3333333333333333)
3880R_R_F_S2_week5_S51_L001_R1_001	(0.0, 0.0)	(1.0, 0.0)	(2.0, 0.0)	(3.0, 0.0)	(4.0, 0.0)	(5.0, 0.0)	(6.0, 0.0)	(7.0, 0.0)	(8.0, 0.0)	(9.0, 0.0)	(10.0, 0.0)	(11.0, 0.0)	(12.0, 0.0)	(13.0, 0.0)	(14.0, 0.0)	(15.0, 0.0)	(16.0, 0.0)	(17.0, 0.0)	(18.0, 0.0)	(19.0, 0.0)	(20.0, 0.0)	(21.0, 0.0)	(22.0, 0.0)	(23.0, 0.0)	(24.0, 0.0)	(25.0, 0.0)	(26.0, 0.0)	(27.0, 0.3333333333333333)	(28.0, 0.0)	(29.0, 0.0)	(30.0, 0.0)	(31.0, 0.0)	(32.0, 0.0)	(33.0, 0.0)	(34.0, 0.0)	(35.0, 0.25)	(36.0, 0.25)	(37.0, 0.0)	(38.0, 0.0)	(39.0, 0.0)	(40.0, 0.0)	(41.0, 0.5)	(42.0, 4.166666666666666)	(43.0, 14.416666666666666)	(44.0, 67.5)	(45.0, 92.33333333333331)	(46.0, 214.25000000000145)	(47.0, 10632.750000001444)	(48.0, 11990.583333337201)	(49.0, 2794.16666666681)	(50.0, 3689.916666667201)	(51.0, 15056.166666676016)	(52.0, 17210.833333342096)	(53.0, 6173.416666665582)	(54.0, 2918.3333333335304)	(55.0, 564.4999999999955)	(56.0, 223.75000000000094)	(57.0, 101.74999999999983)	(58.0, 141.5833333333331)	(59.0, 130.41666666666612)	(60.0, 25.749999999999993)	(61.0, 13.000000000000004)	(62.0, 24.499999999999982)	(63.0, 6.166666666666665)	(64.0, 2.6666666666666665)	(65.0, 1.6666666666666665)	(66.0, 1.1666666666666665)	(67.0, 0.3333333333333333)	(68.0, 0.0)	(69.0, 0.0)	(70.0, 0.0)	(71.0, 0.0)	(72.0, 0.0)	(73.0, 0.0)	(74.0, 0.0)	(75.0, 0.0)	(76.0, 0.0)	(77.0, 0.0)	(78.0, 0.0)	(79.0, 0.0)	(80.0, 0.0)	(81.0, 0.0)	(82.0, 0.0)	(83.0, 0.0)	(84.0, 0.0)	(85.0, 0.0)	(86.0, 0.0)	(87.0, 0.0)	(88.0, 0.0)	(89.0, 0.0)	(90.0, 0.0)	(91.0, 0.0)	(92.0, 0.0)	(93.0, 0.0)	(94.0, 0.0)	(95.0, 0.0)	(96.0, 0.0)	(97.0, 0.0)	(98.0, 0.0)	(99.0, 0.0)	(100.0, 0.0)
3880R_R_F_S2_week5_S51_L001_R2_001	(0.0, 0.0)	(1.0, 0.0)	(2.0, 0.0)	(3.0, 0.0)	(4.0, 0.0)	(5.0, 0.0)	(6.0, 0.0)	(7.0, 0.0)	(8.0, 0.0)	(9.0, 0.0)	(10.0, 0.0)	(11.0, 0.0)	(12.0, 0.0)	(13.0, 0.0)	(14.0, 0.0)	(15.0, 0.0)	(16.0, 0.0)	(17.0, 0.0)	(18.0, 0.0)	(19.0, 0.0)	(20.0, 0.0)	(21.0, 0.0)	(22.0, 0.0)	(23.0, 0.0)	(24.0, 0.0)	(25.0, 0.0)	(26.0, 0.3333333333333333)	(27.0, 0.3333333333333333)	(28.0, 0.0)	(29.0, 0.6666666666666666)	(30.0, 1.1666666666666665)	(31.0, 1.3333333333333333)	(32.0, 1.0)	(33.0, 0.5)	(34.0, 1.5)	(35.0, 3.0)	(36.0, 1.5)	(37.0, 0.8333333333333333)	(38.0, 2.1666666666666665)	(39.0, 4.833333333333334)	(40.0, 5.833333333333333)	(41.0, 10.166666666666666)	(42.0, 15.916666666666666)	(43.0, 24.166666666666664)	(44.0, 51.66666666666672)	(45.0, 769.3333333333504)	(46.0, 9749.49999999984)	(47.0, 7833.333333330718)	(48.0, 1181.5000000000073)	(49.0, 575.6666666666653)	(50.0, 487.99999999999505)	(51.0, 2389.833333333299)	(52.0, 2815.666666666801)	(53.0, 5350.333333332998)	(54.0, 5025.916666666593)	(55.0, 1867.666666666585)	(56.0, 13819.083333339431)	(57.0, 13487.416666672112)	(58.0, 1832.9999999999216)	(59.0, 767.250000000005)	(60.0, 689.9166666666686)	(61.0, 618.0000000000013)	(62.0, 394.6666666666663)	(63.0, 313.4999999999999)	(64.0, 305.3333333333331)	(65.0, 200.2500000000001)	(66.0, 150.41666666666663)	(67.0, 127.33333333333333)	(68.0, 117.5)	(69.0, 104.5)	(70.0, 84.66666666666666)	(71.0, 61.16666666666667)	(72.0, 52.666666666666686)	(73.0, 29.33333333333333)	(74.0, 18.5)	(75.0, 13.833333333333332)	(76.0, 7.666666666666666)	(77.0, 2.5)	(78.0, 2.0)	(79.0, 1.5)	(80.0, 1.0)	(81.0, 0.5)	(82.0, 0.0)	(83.0, 0.5)	(84.0, 1.0)	(85.0, 0.8333333333333333)	(86.0, 0.3333333333333333)	(87.0, 0.0)	(88.0, 0.5)	(89.0, 0.5)	(90.0, 0.0)	(91.0, 0.0)	(92.0, 0.0)	(93.0, 0.0)	(94.0, 0.3333333333333333)	(95.0, 0.0)	(96.0, 0.0)	(97.0, 0.0)	(98.0, 0.0)	(99.0, 0.0)	(100.0, 0.5)
3880R_R_F_S2_week9_S76_L001_R1_001	(0.0, 0.0)	(1.0, 0.0)	(2.0, 0.0)	(3.0, 0.0)	(4.0, 0.0)	(5.0, 0.0)	(6.0, 0.0)	(7.0, 0.0)	(8.0, 0.0)	(9.0, 0.0)	(10.0, 0.0)	(11.0, 0.0)	(12.0, 0.0)	(13.0, 0.0)	(14.0, 0.0)	(15.0, 0.0)	(16.0, 0.0)	(17.0, 0.0)	(18.0, 0.0)	(19.0, 0.0)	(20.0, 0.0)	(21.0, 0.0)	(22.0, 0.0)	(23.0, 0.0)	(24.0, 0.0)	(25.0, 0.0)	(26.0, 0.0)	(27.0, 0.0)	(28.0, 0.0)	(29.0, 0.0)	(30.0, 0.0)	(31.0, 0.0)	(32.0, 0.0)	(33.0, 0.0)	(34.0, 0.0)	(35.0, 0.0)	(36.0, 0.0)	(37.0, 0.25)	(38.0, 0.0)	(39.0, 0.0)	(40.0, 0.3333333333333333)	(41.0, 2.5)	(42.0, 5.5)	(43.0, 22.083333333333336)	(44.0, 75.66666666666667)	(45.0, 116.41666666666663)	(46.0, 255.250000000002)	(47.0, 9197.999999998867)	(48.0, 10721.916666668256)	(49.0, 3612.1666666671617)	(50.0, 3923.583333333969)	(51.0, 10460.750000001097)	(52.0, 15189.583333342911)	(53.0, 6951.083333331543)	(54.0, 1515.9999999999407)	(55.0, 446.49999999999324)	(56.0, 133.83333333333292)	(57.0, 65.08333333333343)	(58.0, 86.4999999999999)	(59.0, 78.91666666666664)	(60.0, 21.833333333333332)	(61.0, 13.5)	(62.0, 40.33333333333333)	(63.0, 9.333333333333334)	(64.0, 2.8333333333333335)	(65.0, 2.5)	(66.0, 1.8333333333333333)	(67.0, 0.3333333333333333)	(68.0, 0.3333333333333333)	(69.0, 0.0)	(70.0, 0.0)	(71.0, 0.0)	(72.0, 0.0)	(73.0, 0.0)	(74.0, 0.0)	(75.0, 0.0)	(76.0, 0.0)	(77.0, 0.0)	(78.0, 0.0)	(79.0, 0.0)	(80.0, 0.0)	(81.0, 0.0)	(82.0, 0.0)	(83.0, 0.0)	(84.0, 0.0)	(85.0, 0.0)	(86.0, 0.0)	(87.0, 0.0)	(88.0, 0.0)	(89.0, 0.0)	(90.0, 0.0)	(91.0, 0.0)	(92.0, 0.0)	(93.0, 0.0)	(94.0, 0.0)	(95.0, 0.0)	(96.0, 0.0)	(97.0, 0.0)	(98.0, 0.0)	(99.0, 0.0)	(100.0, 0.0)
3880R_R_F_S2_week9_S76_L001_R2_001	(0.0, 0.0)	(1.0, 0.0)	(2.0, 0.0)	(3.0, 0.0)	(4.0, 0.0)	(5.0, 0.0)	(6.0, 0.0)	(7.0, 0.0)	(8.0, 0.0)	(9.0, 0.0)	(10.0, 0.0)	(11.0, 0.0)	(12.0, 0.0)	(13.0, 0.0)	(14.0, 0.0)	(15.0, 0.0)	(16.0, 0.0)	(17.0, 0.0)	(18.0, 0.0)	(19.0, 0.0)	(20.0, 0.0)	(21.0, 0.0)	(22.0, 0.0)	(23.0, 0.0)	(24.0, 0.0)	(25.0, 0.0)	(26.0, 0.0)	(27.0, 0.0)	(28.0, 0.0)	(29.0, 0.0)	(30.0, 0.0)	(31.0, 0.0)	(32.0, 0.0)	(33.0, 0.0)	(34.0, 0.0)	(35.0, 0.5)	(36.0, 1.5)	(37.0, 1.0)	(38.0, 0.5)	(39.0, 1.5)	(40.0, 2.6666666666666665)	(41.0, 11.5)	(42.0, 18.33333333333333)	(43.0, 21.083333333333332)	(44.0, 50.16666666666672)	(45.0, 1232.3333333333314)	(46.0, 8591.499999997764)	(47.0, 4777.583333333458)	(48.0, 1151.2500000000136)	(49.0, 617.3333333333348)	(50.0, 559.4999999999984)	(51.0, 3868.1666666672454)	(52.0, 4837.500000000082)	(53.0, 6598.833333331998)	(54.0, 5932.083333332596)	(55.0, 1603.999999999958)	(56.0, 8668.999999998206)	(57.0, 9235.499999999061)	(58.0, 1467.4999999999688)	(59.0, 611.5000000000007)	(60.0, 471.166666666665)	(61.0, 398.8333333333323)	(62.0, 263.91666666666686)	(63.0, 214.0833333333334)	(64.0, 209.08333333333368)	(65.0, 145.08333333333334)	(66.0, 108.66666666666666)	(67.0, 104.5)	(68.0, 92.99999999999999)	(69.0, 69.08333333333334)	(70.0, 48.16666666666667)	(71.0, 36.833333333333336)	(72.0, 46.16666666666667)	(73.0, 27.499999999999996)	(74.0, 16.833333333333332)	(75.0, 10.833333333333332)	(76.0, 5.0)	(77.0, 2.6666666666666665)	(78.0, 1.6666666666666665)	(79.0, 1.3333333333333333)	(80.0, 0.5)	(81.0, 0.0)	(82.0, 0.0)	(83.0, 0.5)	(84.0, 1.0)	(85.0, 0.5)	(86.0, 0.0)	(87.0, 0.3333333333333333)	(88.0, 0.5)	(89.0, 0.5)	(90.0, 0.0)	(91.0, 0.5)	(92.0, 0.5)	(93.0, 0.0)	(94.0, 0.0)	(95.0, 0.3333333333333333)	(96.0, 0.3333333333333333)	(97.0, 1.1666666666666665)	(98.0, 0.8333333333333333)	(99.0, 0.0)	(100.0, 0.0)
3880R_S2_week15_S25_L001_R1_001	(0.0, 0.0)	(1.0, 0.0)	(2.0, 0.0)	(3.0, 0.0)	(4.0, 0.0)	(5.0, 0.0)	(6.0, 0.0)	(7.0, 0.0)	(8.0, 0.0)	(9.0, 0.0)	(10.0, 0.0)	(11.0, 0.0)	(12.0, 0.0)	(13.0, 0.0)	(14.0, 0.0)	(15.0, 0.0)	(16.0, 0.0)	(17.0, 0.0)	(18.0, 0.0)	(19.0, 0.0)	(20.0, 0.0)	(21.0, 0.0)	(22.0, 0.0)	(23.0, 0.0)	(24.0, 0.0)	(25.0, 0.0)	(26.0, 0.0)	(27.0, 0.0)	(28.0, 0.0)	(29.0, 0.0)	(30.0, 0.0)	(31.0, 0.0)	(32.0, 0.0)	(33.0, 0.0)	(34.0, 0.0)	(35.0, 0.5)	(36.0, 0.5)	(37.0, 0.0)	(38.0, 0.25)	(39.0, 0.0)	(40.0, 0.75)	(41.0, 0.75)	(42.0, 6.916666666666667)	(43.0, 22.916666666666664)	(44.0, 80.41666666666667)	(45.0, 117.16666666666663)	(46.0, 263.00000000000205)	(47.0, 10446.250000001111)	(48.0, 11023.9166666688)	(49.0, 2588.1666666667234)	(50.0, 2874.833333333512)	(51.0, 11269.416666669233)	(52.0, 13888.83333334057)	(53.0, 4001.8333333339983)	(54.0, 1040.9166666667059)	(55.0, 266.2500000000019)	(56.0, 99.99999999999976)	(57.0, 41.91666666666667)	(58.0, 52.3333333333334)	(59.0, 39.0)	(60.0, 4.833333333333333)	(61.0, 4.833333333333333)	(62.0, 21.499999999999993)	(63.0, 5.999999999999998)	(64.0, 0.3333333333333333)	(65.0, 1.5)	(66.0, 1.5)	(67.0, 0.0)	(68.0, 0.0)	(69.0, 0.0)	(70.0, 0.0)	(71.0, 0.0)	(72.0, 0.0)	(73.0, 0.0)	(74.0, 0.0)	(75.0, 0.0)	(76.0, 0.0)	(77.0, 0.0)	(78.0, 0.0)	(79.0, 0.0)	(80.0, 0.0)	(81.0, 0.0)	(82.0, 0.0)	(83.0, 0.0)	(84.0, 0.0)	(85.0, 0.0)	(86.0, 0.0)	(87.0, 0.0)	(88.0, 0.0)	(89.0, 0.0)	(90.0, 0.0)	(91.0, 0.0)	(92.0, 0.0)	(93.0, 0.0)	(94.0, 0.0)	(95.0, 0.0)	(96.0, 0.0)	(97.0, 0.0)	(98.0, 0.0)	(99.0, 0.0)	(100.0, 0.0)
3880R_S2_week15_S25_L001_R2_001	(0.0, 0.0)	(1.0, 0.0)	(2.0, 0.0)	(3.0, 0.0)	(4.0, 0.0)	(5.0, 0.0)	(6.0, 0.0)	(7.0, 0.0)	(8.0, 0.0)	(9.0, 0.0)	(10.0, 0.0)	(11.0, 0.0)	(12.0, 0.0)	(13.0, 0.0)	(14.0, 0.0)	(15.0, 0.0)	(16.0, 0.0)	(17.0, 0.0)	(18.0, 0.0)	(19.0, 0.0)	(20.0, 0.0)	(21.0, 0.0)	(22.0, 0.0)	(23.0, 0.0)	(24.0, 0.0)	(25.0, 0.0)	(26.0, 0.0)	(27.0, 0.0)	(28.0, 0.0)	(29.0, 0.0)	(30.0, 0.5)	(31.0, 0.5)	(32.0, 0.0)	(33.0, 0.5)	(34.0, 1.0)	(35.0, 2.0)	(36.0, 2.333333333333333)	(37.0, 1.6666666666666665)	(38.0, 2.833333333333333)	(39.0, 5.0)	(40.0, 7.333333333333333)	(41.0, 11.666666666666668)	(42.0, 19.583333333333336)	(43.0, 28.74999999999999)	(44.0, 63.83333333333343)	(45.0, 1580.9999999999225)	(46.0, 9980.50000000026)	(47.0, 4849.916666666725)	(48.0, 1231.4166666666665)	(49.0, 598.416666666667)	(50.0, 487.1666666666614)	(51.0, 1974.9999999998643)	(52.0, 2458.499999999991)	(53.0, 4027.333333333958)	(54.0, 3571.833333333732)	(55.0, 1239.7499999999952)	(56.0, 9571.416666666159)	(57.0, 10344.416666667415)	(58.0, 1436.916666666636)	(59.0, 584.7500000000003)	(60.0, 393.83333333333286)	(61.0, 312.0)	(62.0, 227.4166666666668)	(63.0, 176.66666666666674)	(64.0, 161.50000000000006)	(65.0, 128.83333333333331)	(66.0, 106.83333333333331)	(67.0, 86.83333333333333)	(68.0, 83.83333333333334)	(69.0, 76.0)	(70.0, 53.333333333333336)	(71.0, 38.666666666666664)	(72.0, 37.16666666666668)	(73.0, 19.499999999999996)	(74.0, 8.166666666666666)	(75.0, 2.0)	(76.0, 1.5)	(77.0, 1.8333333333333333)	(78.0, 1.6666666666666665)	(79.0, 1.6666666666666665)	(80.0, 0.5)	(81.0, 0.0)	(82.0, 0.0)	(83.0, 0.3333333333333333)	(84.0, 0.0)	(85.0, 0.0)	(86.0, 0.0)	(87.0, 0.0)	(88.0, 0.5)	(89.0, 0.5)	(90.0, 0.0)	(91.0, 0.0)	(92.0, 0.0)	(93.0, 0.0)	(94.0, 0.0)	(95.0, 0.25)	(96.0, 0.0)	(97.0, 0.0)	(98.0, 0.0)	(99.0, 0.0)	(100.0, 0.0)
3909R_0_M_S2_diabetes_S15_L001_R1_001	(0.0, 0.0)	(1.0, 0.0)	(2.0, 0.0)	(3.0, 0.0)	(4.0, 0.0)	(5.0, 0.0)	(6.0, 0.0)	(7.0, 0.0)	(8.0, 0.0)	(9.0, 0.0)	(10.0, 0.0)	(11.0, 0.0)	(12.0, 0.0)	(13.0, 0.0)	(14.0, 0.0)	(15.0, 0.0)	(16.0, 0.0)	(17.0, 0.0)	(18.0, 0.0)	(19.0, 0.0)	(20.0, 0.0)	(21.0, 0.0)	(22.0, 0.0)	(23.0, 0.0)	(24.0, 0.0)	(25.0, 0.0)	(26.0, 0.0)	(27.0, 0.0)	(28.0, 0.3333333333333333)	(29.0, 0.3333333333333333)	(30.0, 0.0)	(31.0, 0.0)	(32.0, 0.25)	(33.0, 0.0)	(34.0, 0.25)	(35.0, 0.0)	(36.0, 0.25)	(37.0, 0.3333333333333333)	(38.0, 0.3333333333333333)	(39.0, 0.0)	(40.0, 0.5)	(41.0, 1.5833333333333333)	(42.0, 5.833333333333333)	(43.0, 25.833333333333332)	(44.0, 93.24999999999999)	(45.0, 142.58333333333334)	(46.0, 361.33333333333)	(47.0, 12387.583333337907)	(48.0, 12860.833333338747)	(49.0, 3038.583333333581)	(50.0, 3137.1666666669526)	(51.0, 10497.750000001171)	(52.0, 14655.166666675252)	(53.0, 5295.249999999688)	(54.0, 1298.2499999999868)	(55.0, 376.99999999999693)	(56.0, 149.4999999999998)	(57.0, 55.91666666666673)	(58.0, 50.66666666666672)	(59.0, 43.916666666666686)	(60.0, 9.75)	(61.0, 8.08333333333333)	(62.0, 42.66666666666669)	(63.0, 14.166666666666673)	(64.0, 3.1666666666666665)	(65.0, 1.6666666666666665)	(66.0, 0.3333333333333333)	(67.0, 0.0)	(68.0, 0.0)	(69.0, 0.0)	(70.0, 0.0)	(71.0, 0.0)	(72.0, 0.0)	(73.0, 0.0)	(74.0, 0.0)	(75.0, 0.0)	(76.0, 0.0)	(77.0, 0.0)	(78.0, 0.0)	(79.0, 0.0)	(80.0, 0.0)	(81.0, 0.0)	(82.0, 0.0)	(83.0, 0.0)	(84.0, 0.0)	(85.0, 0.0)	(86.0, 0.0)	(87.0, 0.0)	(88.0, 0.0)	(89.0, 0.0)	(90.0, 0.0)	(91.0, 0.0)	(92.0, 0.0)	(93.0, 0.0)	(94.0, 0.0)	(95.0, 0.0)	(96.0, 0.0)	(97.0, 0.0)	(98.0, 0.0)	(99.0, 0.0)	(100.0, 0.0)
3909R_0_M_S2_diabetes_S15_L001_R2_001	(0.0, 0.0)	(1.0, 0.0)	(2.0, 0.0)	(3.0, 0.0)	(4.0, 0.0)	(5.0, 0.0)	(6.0, 0.0)	(7.0, 0.0)	(8.0, 0.0)	(9.0, 0.0)	(10.0, 0.0)	(11.0, 0.0)	(12.0, 0.0)	(13.0, 0.0)	(14.0, 0.0)	(15.0, 0.0)	(16.0, 0.0)	(17.0, 0.0)	(18.0, 0.0)	(19.0, 0.5)	(20.0, 1.0)	(21.0, 0.5)	(22.0, 0.0)	(23.0, 0.0)	(24.0, 0.0)	(25.0, 0.0)	(26.0, 0.0)	(27.0, 0.0)	(28.0, 0.0)	(29.0, 0.0)	(30.0, 0.0)	(31.0, 0.0)	(32.0, 0.5)	(33.0, 2.0)	(34.0, 2.0)	(35.0, 1.0)	(36.0, 1.8333333333333333)	(37.0, 1.5)	(38.0, 2.333333333333333)	(39.0, 6.0)	(40.0, 10.333333333333334)	(41.0, 14.333333333333334)	(42.0, 24.999999999999996)	(43.0, 32.99999999999999)	(44.0, 73.50000000000001)	(45.0, 2026.666666666488)	(46.0, 11984.166666670553)	(47.0, 5140.333333333129)	(48.0, 1422.8333333332957)	(49.0, 702.8333333333395)	(50.0, 567.7499999999989)	(51.0, 3143.0000000002537)	(52.0, 3932.3333333339247)	(53.0, 4272.833333333839)	(54.0, 3577.0833333337223)	(55.0, 1246.5833333333255)	(56.0, 9289.83333333244)	(57.0, 9835.499999999936)	(58.0, 1382.1666666666408)	(59.0, 609.5000000000007)	(60.0, 435.16666666666566)	(61.0, 338.4166666666664)	(62.0, 239.00000000000014)	(63.0, 184.00000000000006)	(64.0, 165.66666666666677)	(65.0, 134.58333333333334)	(66.0, 104.25000000000001)	(67.0, 89.08333333333331)	(68.0, 80.0)	(69.0, 66.0)	(70.0, 55.83333333333334)	(71.0, 46.50000000000001)	(72.0, 59.33333333333336)	(73.0, 29.666666666666657)	(74.0, 13.0)	(75.0, 7.5)	(76.0, 4.0)	(77.0, 4.0)	(78.0, 3.0)	(79.0, 0.0)	(80.0, 0.0)	(81.0, 0.5)	(82.0, 0.5)	(83.0, 0.0)	(84.0, 0.0)	(85.0, 0.3333333333333333)	(86.0, 0.3333333333333333)	(87.0, 1.0)	(88.0, 1.0)	(89.0, 0.0)	(90.0, 0.5)	(91.0, 1.0)	(92.0, 0.5)	(93.0, 0.0)	(94.0, 0.5)	(95.0, 1.0)	(96.0, 0.5)	(97.0, 0.3333333333333333)	(98.0, 0.3333333333333333)	(99.0, 0.0)	(100.0, 0.0)
3909R_L_M_S2_diabetes_S16_L001_R1_001	(0.0, 0.0)	(1.0, 0.0)	(2.0, 0.0)	(3.0, 0.0)	(4.0, 0.0)	(5.0, 0.0)	(6.0, 0.0)	(7.0, 0.0)	(8.0, 0.0)	(9.0, 0.0)	(10.0, 0.0)	(11.0, 0.0)	(12.0, 0.0)	(13.0, 0.0)	(14.0, 0.0)	(15.0, 0.0)	(16.0, 0.0)	(17.0, 0.0)	(18.0, 0.0)	(19.0, 0.0)	(20.0, 0.0)	(21.0, 0.0)	(22.0, 0.0)	(23.0, 0.0)	(24.0, 0.0)	(25.0, 0.0)	(26.0, 0.0)	(27.0, 0.0)	(28.0, 0.0)	(29.0, 0.0)	(30.0, 0.0)	(31.0, 0.25)	(32.0, 0.25)	(33.0, 0.0)	(34.0, 0.25)	(35.0, 0.3333333333333333)	(36.0, 0.5833333333333333)	(37.0, 0.0)	(38.0, 0.5)	(39.0, 0.5)	(40.0, 0.0)	(41.0, 2.75)	(42.0, 14.5)	(43.0, 40.91666666666667)	(44.0, 124.41666666666664)	(45.0, 193.33333333333343)	(46.0, 475.7499999999924)	(47.0, 19998.249999998796)	(48.0, 21470.499999993557)	(49.0, 4605.583333333609)	(50.0, 4612.1666666669325)	(51.0, 6443.999999998656)	(52.0, 12238.416666670966)	(53.0, 7860.916666664041)	(54.0, 2030.749999999828)	(55.0, 445.9999999999938)	(56.0, 154.50000000000009)	(57.0, 77.16666666666669)	(58.0, 69.08333333333343)	(59.0, 49.916666666666735)	(60.0, 10.75)	(61.0, 11.916666666666666)	(62.0, 45.00000000000003)	(63.0, 7.999999999999997)	(64.0, 3.5)	(65.0, 0.3333333333333333)	(66.0, 1.1666666666666665)	(67.0, 0.8333333333333333)	(68.0, 0.0)	(69.0, 0.0)	(70.0, 0.0)	(71.0, 0.0)	(72.0, 0.0)	(73.0, 0.0)	(74.0, 0.0)	(75.0, 0.0)	(76.0, 0.0)	(77.0, 0.0)	(78.0, 0.0)	(79.0, 0.0)	(80.0, 0.0)	(81.0, 0.0)	(82.0, 0.0)	(83.0, 0.0)	(84.0, 0.0)	(85.0, 0.0)	(86.0, 0.0)	(87.0, 0.0)	(88.0, 0.0)	(89.0, 0.0)	(90.0, 0.0)	(91.0, 0.0)	(92.0, 0.0)	(93.0, 0.0)	(94.0, 0.0)	(95.0, 0.0)	(96.0, 0.0)	(97.0, 0.0)	(98.0, 0.0)	(99.0, 0.0)	(100.0, 0.0)
3909R_L_M_S2_diabetes_S16_L001_R2_001	(0.0, 0.0)	(1.0, 0.0)	(2.0, 0.0)	(3.0, 0.0)	(4.0, 0.0)	(5.0, 0.0)	(6.0, 0.0)	(7.0, 0.0)	(8.0, 0.0)	(9.0, 0.0)	(10.0, 0.0)	(11.0, 0.0)	(12.0, 0.0)	(13.0, 0.0)	(14.0, 0.0)	(15.0, 0.0)	(16.0, 0.0)	(17.0, 0.0)	(18.0, 0.0)	(19.0, 0.0)	(20.0, 0.0)	(21.0, 0.0)	(22.0, 0.0)	(23.0, 0.0)	(24.0, 0.0)	(25.0, 0.0)	(26.0, 0.3333333333333333)	(27.0, 0.6666666666666666)	(28.0, 0.0)	(29.0, 0.6666666666666666)	(30.0, 0.6666666666666666)	(31.0, 0.3333333333333333)	(32.0, 0.0)	(33.0, 0.5)	(34.0, 0.8333333333333333)	(35.0, 0.8333333333333333)	(36.0, 3.8333333333333335)	(37.0, 6.833333333333333)	(38.0, 9.833333333333332)	(39.0, 11.5)	(40.0, 16.333333333333336)	(41.0, 19.833333333333336)	(42.0, 28.666666666666664)	(43.0, 52.66666666666667)	(44.0, 100.08333333333319)	(45.0, 2882.3333333335213)	(46.0, 19035.833333335606)	(47.0, 9924.000000000167)	(48.0, 1879.3333333332105)	(49.0, 1007.7500000000265)	(50.0, 873.3333333333469)	(51.0, 4657.0833333335595)	(52.0, 6055.583333332459)	(53.0, 7365.916666664722)	(54.0, 6166.583333332441)	(55.0, 1698.4166666666151)	(56.0, 6168.166666665888)	(57.0, 5755.583333332781)	(58.0, 1028.833333333353)	(59.0, 494.8333333333313)	(60.0, 400.16666666666583)	(61.0, 346.58333333333303)	(62.0, 260.00000000000017)	(63.0, 204.8333333333334)	(64.0, 175.75000000000009)	(65.0, 120.91666666666664)	(66.0, 94.5)	(67.0, 81.66666666666667)	(68.0, 68.83333333333334)	(69.0, 53.333333333333336)	(70.0, 36.666666666666664)	(71.0, 33.66666666666667)	(72.0, 55.33333333333336)	(73.0, 24.999999999999993)	(74.0, 6.833333333333333)	(75.0, 3.333333333333333)	(76.0, 2.6666666666666665)	(77.0, 2.333333333333333)	(78.0, 1.0)	(79.0, 0.5)	(80.0, 1.0)	(81.0, 0.5)	(82.0, 0.6666666666666666)	(83.0, 0.6666666666666666)	(84.0, 0.8333333333333333)	(85.0, 1.6666666666666665)	(86.0, 0.8333333333333333)	(87.0, 0.0)	(88.0, 0.0)	(89.0, 0.0)	(90.0, 0.3333333333333333)	(91.0, 0.3333333333333333)	(92.0, 0.5)	(93.0, 0.5)	(94.0, 0.25)	(95.0, 0.25)	(96.0, 0.0)	(97.0, 0.8333333333333333)	(98.0, 0.8333333333333333)	(99.0, 0.3333333333333333)	(100.0, 1.0)
3909R_L_M_S2_week5_S52_L001_R1_001	(0.0, 0.0)	(1.0, 0.0)	(2.0, 0.0)	(3.0, 0.0)	(4.0, 0.0)	(5.0, 0.0)	(6.0, 0.0)	(7.0, 0.0)	(8.0, 0.0)	(9.0, 0.0)	(10.0, 0.0)	(11.0, 0.0)	(12.0, 0.0)	(13.0, 0.0)	(14.0, 0.0)	(15.0, 0.0)	(16.0, 0.0)	(17.0, 0.0)	(18.0, 0.0)	(19.0, 0.0)	(20.0, 0.0)	(21.0, 0.0)	(22.0, 0.0)	(23.0, 0.0)	(24.0, 0.0)	(25.0, 0.0)	(26.0, 0.0)	(27.0, 0.0)	(28.0, 0.0)	(29.0, 0.0)	(30.0, 0.0)	(31.0, 0.3333333333333333)	(32.0, 0.3333333333333333)	(33.0, 0.0)	(34.0, 0.0)	(35.0, 0.0)	(36.0, 0.3333333333333333)	(37.0, 0.25)	(38.0, 0.0)	(39.0, 0.0)	(40.0, 0.5)	(41.0, 1.3333333333333333)	(42.0, 2.333333333333333)	(43.0, 22.0)	(44.0, 69.33333333333334)	(45.0, 100.74999999999994)	(46.0, 195.50000000000102)	(47.0, 9249.416666665626)	(48.0, 10428.750000001057)	(49.0, 2341.5833333332835)	(50.0, 2647.166666666743)	(51.0, 10457.833333334447)	(52.0, 13942.75000000732)	(53.0, 5723.499999999302)	(54.0, 1943.4166666665146)	(55.0, 573.583333333329)	(56.0, 179.25000000000043)	(57.0, 72.9166666666667)	(58.0, 130.83333333333283)	(59.0, 123.74999999999949)	(60.0, 24.249999999999996)	(61.0, 14.66666666666667)	(62.0, 20.583333333333336)	(63.0, 5.166666666666667)	(64.0, 1.5)	(65.0, 0.3333333333333333)	(66.0, 1.3333333333333333)	(67.0, 1.3333333333333333)	(68.0, 0.0)	(69.0, 0.0)	(70.0, 0.0)	(71.0, 0.0)	(72.0, 0.0)	(73.0, 0.0)	(74.0, 0.0)	(75.0, 0.0)	(76.0, 0.0)	(77.0, 0.0)	(78.0, 0.0)	(79.0, 0.0)	(80.0, 0.0)	(81.0, 0.0)	(82.0, 0.0)	(83.0, 0.0)	(84.0, 0.0)	(85.0, 0.0)	(86.0, 0.0)	(87.0, 0.0)	(88.0, 0.0)	(89.0, 0.0)	(90.0, 0.0)	(91.0, 0.0)	(92.0, 0.0)	(93.0, 0.0)	(94.0, 0.0)	(95.0, 0.0)	(96.0, 0.0)	(97.0, 0.0)	(98.0, 0.0)	(99.0, 0.0)	(100.0, 0.0)
3909R_L_M_S2_week5_S52_L001_R2_001	(0.0, 0.0)	(1.0, 0.0)	(2.0, 0.0)	(3.0, 0.0)	(4.0, 0.0)	(5.0, 0.0)	(6.0, 0.0)	(7.0, 0.0)	(8.0, 0.0)	(9.0, 0.0)	(10.0, 0.0)	(11.0, 0.0)	(12.0, 0.0)	(13.0, 0.0)	(14.0, 0.0)	(15.0, 0.0)	(16.0, 0.0)	(17.0, 0.0)	(18.0, 0.0)	(19.0, 0.0)	(20.0, 0.0)	(21.0, 0.0)	(22.0, 0.0)	(23.0, 0.0)	(24.0, 0.0)	(25.0, 0.0)	(26.0, 0.0)	(27.0, 0.3333333333333333)	(28.0, 0.6666666666666666)	(29.0, 0.0)	(30.0, 0.0)	(31.0, 0.5)	(32.0, 1.8333333333333333)	(33.0, 1.3333333333333333)	(34.0, 0.0)	(35.0, 0.0)	(36.0, 0.5)	(37.0, 2.5)	(38.0, 3.5)	(39.0, 4.333333333333333)	(40.0, 6.333333333333333)	(41.0, 10.833333333333334)	(42.0, 19.833333333333332)	(43.0, 24.833333333333332)	(44.0, 42.83333333333336)	(45.0, 663.6666666666719)	(46.0, 8518.833333330962)	(47.0, 6963.7499999981665)	(48.0, 838.833333333355)	(49.0, 458.4166666666613)	(50.0, 424.3333333333298)	(51.0, 2402.3333333333076)	(52.0, 2871.333333333489)	(53.0, 4619.000000000249)	(54.0, 4312.833333333806)	(55.0, 1483.499999999964)	(56.0, 9991.41666666679)	(57.0, 9896.833333333367)	(58.0, 1361.4999999999777)	(59.0, 565.6666666666665)	(60.0, 562.4166666666666)	(61.0, 520.0833333333305)	(62.0, 292.2500000000001)	(63.0, 228.8333333333336)	(64.0, 236.91666666666697)	(65.0, 164.75000000000009)	(66.0, 118.49999999999997)	(67.0, 101.91666666666666)	(68.0, 97.0)	(69.0, 74.16666666666667)	(70.0, 59.333333333333336)	(71.0, 48.00000000000001)	(72.0, 50.66666666666668)	(73.0, 32.5)	(74.0, 15.0)	(75.0, 9.333333333333332)	(76.0, 4.333333333333333)	(77.0, 0.8333333333333333)	(78.0, 0.5)	(79.0, 1.8333333333333333)	(80.0, 1.3333333333333333)	(81.0, 0.0)	(82.0, 0.0)	(83.0, 0.0)	(84.0, 0.0)	(85.0, 0.0)	(86.0, 0.0)	(87.0, 0.0)	(88.0, 0.0)	(89.0, 0.0)	(90.0, 0.0)	(91.0, 0.0)	(92.0, 0.0)	(93.0, 0.0)	(94.0, 0.0)	(95.0, 0.3333333333333333)	(96.0, 0.3333333333333333)	(97.0, 0.0)	(98.0, 0.3333333333333333)	(99.0, 0.3333333333333333)	(100.0, 1.0)
3909R_L_M_S2_week9_S77_L001_R1_001	(0.0, 0.0)	(1.0, 0.0)	(2.0, 0.0)	(3.0, 0.0)	(4.0, 0.0)	(5.0, 0.0)	(6.0, 0.0)	(7.0, 0.0)	(8.0, 0.0)	(9.0, 0.0)	(10.0, 0.0)	(11.0, 0.0)	(12.0, 0.0)	(13.0, 0.0)	(14.0, 0.0)	(15.0, 0.0)	(16.0, 0.0)	(17.0, 0.0)	(18.0, 0.0)	(19.0, 0.0)	(20.0, 0.0)	(21.0, 0.0)	(22.0, 0.0)	(23.0, 0.0)	(24.0, 0.0)	(25.0, 0.0)	(26.0, 0.0)	(27.0, 0.0)	(28.0, 0.0)	(29.0, 0.0)	(30.0, 0.0)	(31.0, 0.0)	(32.0, 0.0)	(33.0, 0.0)	(34.0, 0.0)	(35.0, 0.0)	(36.0, 0.3333333333333333)	(37.0, 0.3333333333333333)	(38.0, 0.0)	(39.0, 0.0)	(40.0, 0.0)	(41.0, 1.75)	(42.0, 6.416666666666666)	(43.0, 21.249999999999996)	(44.0, 80.83333333333333)	(45.0, 131.74999999999997)	(46.0, 287.75000000000057)	(47.0, 11171.916666669069)	(48.0, 12165.250000004171)	(49.0, 3323.5000000003683)	(50.0, 3816.41666666725)	(51.0, 12714.25000000514)	(52.0, 17035.750000009382)	(53.0, 6049.16666666568)	(54.0, 1403.249999999963)	(55.0, 431.7499999999942)	(56.0, 150.41666666666663)	(57.0, 62.166666666666764)	(58.0, 84.49999999999993)	(59.0, 78.24999999999999)	(60.0, 18.999999999999996)	(61.0, 14.166666666666673)	(62.0, 60.66666666666682)	(63.0, 11.333333333333336)	(64.0, 4.833333333333333)	(65.0, 4.833333333333333)	(66.0, 1.6666666666666665)	(67.0, 1.0)	(68.0, 0.5)	(69.0, 0.0)	(70.0, 0.5)	(71.0, 0.5)	(72.0, 0.0)	(73.0, 0.0)	(74.0, 0.0)	(75.0, 0.0)	(76.0, 0.0)	(77.0, 0.0)	(78.0, 0.0)	(79.0, 0.0)	(80.0, 0.0)	(81.0, 0.0)	(82.0, 0.0)	(83.0, 0.0)	(84.0, 0.0)	(85.0, 0.0)	(86.0, 0.0)	(87.0, 0.0)	(88.0, 0.0)	(89.0, 0.0)	(90.0, 0.0)	(91.0, 0.0)	(92.0, 0.0)	(93.0, 0.0)	(94.0, 0.0)	(95.0, 0.0)	(96.0, 0.0)	(97.0, 0.0)	(98.0, 0.0)	(99.0, 0.0)	(100.0, 0.0)
3909R_L_M_S2_week9_S77_L001_R2_001	(0.0, 0.0)	(1.0, 0.0)	(2.0, 0.0)	(3.0, 0.0)	(4.0, 0.0)	(5.0, 0.0)	(6.0, 0.0)	(7.0, 0.0)	(8.0, 0.0)	(9.0, 0.0)	(10.0, 0.0)	(11.0, 0.0)	(12.0, 0.0)	(13.0, 0.0)	(14.0, 0.0)	(15.0, 0.0)	(16.0, 0.0)	(17.0, 0.0)	(18.0, 0.0)	(19.0, 0.0)	(20.0, 0.0)	(21.0, 0.0)	(22.0, 0.0)	(23.0, 0.0)	(24.0, 0.0)	(25.0, 0.0)	(26.0, 0.0)	(27.0, 0.0)	(28.0, 0.3333333333333333)	(29.0, 0.6666666666666666)	(30.0, 0.3333333333333333)	(31.0, 1.0)	(32.0, 1.5)	(33.0, 0.5)	(34.0, 0.5)	(35.0, 1.8333333333333333)	(36.0, 1.3333333333333333)	(37.0, 0.0)	(38.0, 0.0)	(39.0, 5.333333333333334)	(40.0, 10.833333333333334)	(41.0, 12.166666666666668)	(42.0, 13.0)	(43.0, 22.000000000000004)	(44.0, 57.16666666666676)	(45.0, 1658.166666666572)	(46.0, 10580.166666668005)	(47.0, 5184.333333333093)	(48.0, 1382.3333333333032)	(49.0, 690.9166666666729)	(50.0, 610.9166666666678)	(51.0, 3924.7500000005975)	(52.0, 4815.166666666774)	(53.0, 5048.083333333263)	(54.0, 4443.750000000351)	(55.0, 1607.2499999999573)	(56.0, 10666.250000000993)	(57.0, 11434.083333335644)	(58.0, 1746.8333333332714)	(59.0, 705.1666666666706)	(60.0, 553.9999999999997)	(61.0, 475.6666666666651)	(62.0, 321.25)	(63.0, 257.0000000000001)	(64.0, 219.41666666666697)	(65.0, 162.50000000000006)	(66.0, 131.33333333333331)	(67.0, 118.16666666666666)	(68.0, 94.83333333333334)	(69.0, 72.66666666666667)	(70.0, 69.83333333333333)	(71.0, 61.50000000000003)	(72.0, 75.49999999999993)	(73.0, 41.666666666666686)	(74.0, 20.333333333333336)	(75.0, 13.0)	(76.0, 10.0)	(77.0, 5.5)	(78.0, 2.5)	(79.0, 1.0)	(80.0, 0.3333333333333333)	(81.0, 0.8333333333333333)	(82.0, 0.5)	(83.0, 0.0)	(84.0, 0.0)	(85.0, 0.0)	(86.0, 0.0)	(87.0, 0.0)	(88.0, 0.0)	(89.0, 0.0)	(90.0, 0.0)	(91.0, 0.0)	(92.0, 0.0)	(93.0, 1.0)	(94.0, 1.5)	(95.0, 0.5)	(96.0, 0.0)	(97.0, 0.0)	(98.0, 0.3333333333333333)	(99.0, 0.0)	(100.0, 0.0)
3909R_S2_week21_S29_L001_R1_001	(0.0, 0.0)	(1.0, 0.0)	(2.0, 0.0)	(3.0, 0.0)	(4.0, 0.0)	(5.0, 0.0)	(6.0, 0.0)	(7.0, 0.0)	(8.0, 0.0)	(9.0, 0.0)	(10.0, 0.0)	(11.0, 0.0)	(12.0, 0.0)	(13.0, 0.0)	(14.0, 0.0)	(15.0, 0.0)	(16.0, 0.0)	(17.0, 0.0)	(18.0, 0.0)	(19.0, 0.0)	(20.0, 0.0)	(21.0, 0.0)	(22.0, 0.0)	(23.0, 0.0)	(24.0, 0.0)	(25.0, 0.0)	(26.0, 0.0)	(27.0, 0.0)	(28.0, 0.0)	(29.0, 0.3333333333333333)	(30.0, 0.3333333333333333)	(31.0, 0.0)	(32.0, 0.0)	(33.0, 0.0)	(34.0, 0.0)	(35.0, 0.25)	(36.0, 0.25)	(37.0, 0.5)	(38.0, 0.5)	(39.0, 0.5833333333333333)	(40.0, 0.3333333333333333)	(41.0, 1.1666666666666665)	(42.0, 7.25)	(43.0, 28.166666666666668)	(44.0, 87.25000000000001)	(45.0, 128.24999999999991)	(46.0, 317.66666666666544)	(47.0, 12537.333333338203)	(48.0, 13247.666666672794)	(49.0, 3127.0833333336213)	(50.0, 3244.250000000336)	(51.0, 10759.666666668314)	(52.0, 14477.666666674962)	(53.0, 4956.166666666631)	(54.0, 1149.3333333333494)	(55.0, 341.833333333332)	(56.0, 131.41666666666626)	(57.0, 57.41666666666676)	(58.0, 48.16666666666672)	(59.0, 41.16666666666667)	(60.0, 12.16666666666667)	(61.0, 6.833333333333333)	(62.0, 30.916666666666625)	(63.0, 5.249999999999999)	(64.0, 3.9166666666666665)	(65.0, 1.5)	(66.0, 0.0)	(67.0, 0.0)	(68.0, 0.0)	(69.0, 0.0)	(70.0, 0.0)	(71.0, 0.0)	(72.0, 0.0)	(73.0, 0.0)	(74.0, 0.0)	(75.0, 0.0)	(76.0, 0.0)	(77.0, 0.0)	(78.0, 0.0)	(79.0, 0.0)	(80.0, 0.0)	(81.0, 0.0)	(82.0, 0.0)	(83.0, 0.0)	(84.0, 0.0)	(85.0, 0.0)	(86.0, 0.0)	(87.0, 0.0)	(88.0, 0.0)	(89.0, 0.0)	(90.0, 0.0)	(91.0, 0.0)	(92.0, 0.0)	(93.0, 0.0)	(94.0, 0.0)	(95.0, 0.0)	(96.0, 0.0)	(97.0, 0.0)	(98.0, 0.0)	(99.0, 0.0)	(100.0, 0.0)
3909R_S2_week21_S29_L001_R2_001	(0.0, 0.0)	(1.0, 0.0)	(2.0, 0.0)	(3.0, 0.0)	(4.0, 0.0)	(5.0, 0.0)	(6.0, 0.0)	(7.0, 0.0)	(8.0, 0.0)	(9.0, 0.0)	(10.0, 0.0)	(11.0, 0.0)	(12.0, 0.0)	(13.0, 0.0)	(14.0, 0.0)	(15.0, 0.0)	(16.0, 0.0)	(17.0, 0.0)	(18.0, 0.0)	(19.0, 0.0)	(20.0, 0.0)	(21.0, 0.0)	(22.0, 0.0)	(23.0, 0.0)	(24.0, 0.0)	(25.0, 0.0)	(26.0, 0.0)	(27.0, 0.0)	(28.0, 0.0)	(29.0, 0.0)	(30.0, 0.6666666666666666)	(31.0, 1.1666666666666665)	(32.0, 1.5)	(33.0, 2.0)	(34.0, 2.0)	(35.0, 2.0)	(36.0, 1.0)	(37.0, 1.5)	(38.0, 5.0)	(39.0, 9.5)	(40.0, 10.5)	(41.0, 12.166666666666666)	(42.0, 21.499999999999996)	(43.0, 32.66666666666666)	(44.0, 68.83333333333336)	(45.0, 2062.8333333331575)	(46.0, 12168.166666670884)	(47.0, 5417.749999999553)	(48.0, 1374.083333333305)	(49.0, 683.7500000000056)	(50.0, 562.4999999999995)	(51.0, 2863.5000000001496)	(52.0, 3621.8333333337905)	(53.0, 4468.833333333689)	(54.0, 3765.3333333337996)	(55.0, 1296.9166666666588)	(56.0, 9429.499999999296)	(57.0, 10047.166666666966)	(58.0, 1393.249999999975)	(59.0, 568.3333333333331)	(60.0, 412.7499999999988)	(61.0, 361.0833333333328)	(62.0, 260.5000000000001)	(63.0, 204.6666666666667)	(64.0, 179.8333333333335)	(65.0, 135.33333333333326)	(66.0, 121.49999999999997)	(67.0, 107.66666666666666)	(68.0, 88.83333333333333)	(69.0, 76.08333333333331)	(70.0, 60.33333333333333)	(71.0, 48.333333333333336)	(72.0, 50.66666666666668)	(73.0, 23.83333333333333)	(74.0, 14.5)	(75.0, 9.0)	(76.0, 6.0)	(77.0, 3.0)	(78.0, 2.0)	(79.0, 1.3333333333333333)	(80.0, 1.0)	(81.0, 0.5)	(82.0, 0.0)	(83.0, 0.0)	(84.0, 0.3333333333333333)	(85.0, 0.0)	(86.0, 0.3333333333333333)	(87.0, 0.8333333333333333)	(88.0, 0.5)	(89.0, 0.3333333333333333)	(90.0, 0.8333333333333333)	(91.0, 0.5)	(92.0, 0.5)	(93.0, 0.5)	(94.0, 0.3333333333333333)	(95.0, 0.0)	(96.0, 0.0)	(97.0, 0.0)	(98.0, 0.0)	(99.0, 0.0)	(100.0, 1.0)
3918R_0_M_S2_diabetes_S17_L001_R1_001	(0.0, 0.0)	(1.0, 0.0)	(2.0, 0.0)	(3.0, 0.0)	(4.0, 0.0)	(5.0, 0.0)	(6.0, 0.0)	(7.0, 0.0)	(8.0, 0.0)	(9.0, 0.0)	(10.0, 0.0)	(11.0, 0.0)	(12.0, 0.0)	(13.0, 0.0)	(14.0, 0.0)	(15.0, 0.0)	(16.0, 0.0)	(17.0, 0.0)	(18.0, 0.0)	(19.0, 0.0)	(20.0, 0.0)	(21.0, 0.0)	(22.0, 0.0)	(23.0, 0.0)	(24.0, 0.0)	(25.0, 0.0)	(26.0, 0.0)	(27.0, 0.0)	(28.0, 0.0)	(29.0, 0.0)	(30.0, 0.25)	(31.0, 0.25)	(32.0, 0.25)	(33.0, 0.25)	(34.0, 0.25)	(35.0, 1.1666666666666665)	(36.0, 0.5)	(37.0, 0.8333333333333333)	(38.0, 1.0)	(39.0, 0.6666666666666666)	(40.0, 1.0)	(41.0, 4.166666666666667)	(42.0, 8.75)	(43.0, 35.91666666666667)	(44.0, 123.24999999999999)	(45.0, 183.00000000000017)	(46.0, 437.66666666666066)	(47.0, 18238.416666671805)	(48.0, 19870.08333333265)	(49.0, 4528.916666666996)	(50.0, 4292.250000000544)	(51.0, 8480.416666664272)	(52.0, 15102.00000000942)	(53.0, 8725.24999999804)	(54.0, 2299.083333333266)	(55.0, 484.8333333333246)	(56.0, 164.2500000000004)	(57.0, 74.8333333333333)	(58.0, 68.2500000000001)	(59.0, 50.666666666666714)	(60.0, 9.999999999999998)	(61.0, 8.33333333333333)	(62.0, 32.83333333333329)	(63.0, 8.499999999999998)	(64.0, 3.916666666666667)	(65.0, 1.75)	(66.0, 0.0)	(67.0, 0.0)	(68.0, 0.5)	(69.0, 1.0)	(70.0, 0.5)	(71.0, 0.0)	(72.0, 0.0)	(73.0, 0.0)	(74.0, 0.0)	(75.0, 0.0)	(76.0, 0.0)	(77.0, 0.0)	(78.0, 0.0)	(79.0, 0.0)	(80.0, 0.0)	(81.0, 0.0)	(82.0, 0.0)	(83.0, 0.0)	(84.0, 0.0)	(85.0, 0.0)	(86.0, 0.0)	(87.0, 0.0)	(88.0, 0.0)	(89.0, 0.0)	(90.0, 0.0)	(91.0, 0.0)	(92.0, 0.0)	(93.0, 0.0)	(94.0, 0.0)	(95.0, 0.0)	(96.0, 0.0)	(97.0, 0.0)	(98.0, 0.0)	(99.0, 0.0)	(100.0, 0.0)
3918R_0_M_S2_diabetes_S17_L001_R2_001	(0.0, 0.0)	(1.0, 0.0)	(2.0, 0.0)	(3.0, 0.0)	(4.0, 0.0)	(5.0, 0.0)	(6.0, 0.0)	(7.0, 0.0)	(8.0, 0.0)	(9.0, 0.0)	(10.0, 0.0)	(11.0, 0.0)	(12.0, 0.0)	(13.0, 0.0)	(14.0, 0.0)	(15.0, 0.0)	(16.0, 0.0)	(17.0, 0.0)	(18.0, 0.0)	(19.0, 0.0)	(20.0, 0.0)	(21.0, 0.0)	(22.0, 0.0)	(23.0, 0.0)	(24.0, 0.0)	(25.0, 0.0)	(26.0, 0.0)	(27.0, 0.3333333333333333)	(28.0, 0.3333333333333333)	(29.0, 0.3333333333333333)	(30.0, 0.6666666666666666)	(31.0, 0.8333333333333333)	(32.0, 1.3333333333333333)	(33.0, 1.0)	(34.0, 2.0)	(35.0, 2.0)	(36.0, 1.0)	(37.0, 1.5)	(38.0, 2.833333333333333)	(39.0, 3.3333333333333335)	(40.0, 9.666666666666668)	(41.0, 14.666666666666668)	(42.0, 18.833333333333332)	(43.0, 36.166666666666664)	(44.0, 82.49999999999996)	(45.0, 2144.8333333331957)	(46.0, 17424.833333341445)	(47.0, 10558.500000001291)	(48.0, 1874.0833333332089)	(49.0, 905.5833333333549)	(50.0, 767.4166666666771)	(51.0, 5121.583333333186)	(52.0, 6299.58333333222)	(53.0, 6513.999999998793)	(54.0, 5346.166666666377)	(55.0, 1616.416666666618)	(56.0, 8591.83333333136)	(57.0, 8165.583333330892)	(58.0, 1203.9999999999939)	(59.0, 552.9166666666658)	(60.0, 467.2499999999988)	(61.0, 389.83333333333286)	(62.0, 242.50000000000026)	(63.0, 190.16666666666674)	(64.0, 176.00000000000014)	(65.0, 139.5)	(66.0, 123.5)	(67.0, 108.33333333333333)	(68.0, 90.00000000000001)	(69.0, 62.50000000000001)	(70.0, 50.5)	(71.0, 50.000000000000014)	(72.0, 52.16666666666671)	(73.0, 27.49999999999999)	(74.0, 19.0)	(75.0, 12.833333333333332)	(76.0, 6.666666666666666)	(77.0, 3.083333333333333)	(78.0, 0.5)	(79.0, 1.0)	(80.0, 1.0)	(81.0, 0.0)	(82.0, 0.0)	(83.0, 0.6666666666666666)	(84.0, 0.3333333333333333)	(85.0, 0.0)	(86.0, 0.0)	(87.0, 0.0)	(88.0, 0.0)	(89.0, 0.0)	(90.0, 0.0)	(91.0, 0.0)	(92.0, 0.0)	(93.0, 0.0)	(94.0, 0.0)	(95.0, 0.0)	(96.0, 0.0)	(97.0, 0.3333333333333333)	(98.0, 0.3333333333333333)	(99.0, 0.0)	(100.0, 0.5)
3918R_0_M_S2_week5_S53_L001_R1_001	(0.0, 0.0)	(1.0, 0.0)	(2.0, 0.0)	(3.0, 0.0)	(4.0, 0.0)	(5.0, 0.0)	(6.0, 0.0)	(7.0, 0.0)	(8.0, 0.0)	(9.0, 0.0)	(10.0, 0.0)	(11.0, 0.0)	(12.0, 0.0)	(13.0, 0.0)	(14.0, 0.0)	(15.0, 0.0)	(16.0, 0.0)	(17.0, 0.0)	(18.0, 0.0)	(19.0, 0.0)	(20.0, 0.0)	(21.0, 0.0)	(22.0, 0.0)	(23.0, 0.0)	(24.0, 0.0)	(25.0, 0.0)	(26.0, 0.0)	(27.0, 0.0)	(28.0, 0.0)	(29.0, 0.0)	(30.0, 0.0)	(31.0, 0.25)	(32.0, 0.25)	(33.0, 0.5)	(34.0, 0.25)	(35.0, 0.0)	(36.0, 0.0)	(37.0, 0.0)	(38.0, 0.0)	(39.0, 0.0)	(40.0, 0.5)	(41.0, 3.25)	(42.0, 7.166666666666667)	(43.0, 24.333333333333336)	(44.0, 88.75000000000001)	(45.0, 134.91666666666666)	(46.0, 309.41666666666583)	(47.0, 13919.75000000738)	(48.0, 15554.166666676982)	(49.0, 3476.66666666711)	(50.0, 3322.0000000003733)	(51.0, 8865.083333331608)	(52.0, 12518.166666671439)	(53.0, 6370.583333332071)	(54.0, 2580.833333333383)	(55.0, 571.0833333333286)	(56.0, 193.333333333334)	(57.0, 80.33333333333333)	(58.0, 95.16666666666647)	(59.0, 88.33333333333319)	(60.0, 19.333333333333332)	(61.0, 8.833333333333332)	(62.0, 11.66666666666667)	(63.0, 1.833333333333333)	(64.0, 0.3333333333333333)	(65.0, 1.1666666666666665)	(66.0, 0.5)	(67.0, 0.0)	(68.0, 0.0)	(69.0, 0.0)	(70.0, 0.0)	(71.0, 0.0)	(72.0, 0.0)	(73.0, 0.0)	(74.0, 0.0)	(75.0, 0.0)	(76.0, 0.0)	(77.0, 0.0)	(78.0, 0.0)	(79.0, 0.0)	(80.0, 0.0)	(81.0, 0.0)	(82.0, 0.0)	(83.0, 0.0)	(84.0, 0.0)	(85.0, 0.0)	(86.0, 0.0)	(87.0, 0.0)	(88.0, 0.0)	(89.0, 0.0)	(90.0, 0.0)	(91.0, 0.0)	(92.0, 0.0)	(93.0, 0.0)	(94.0, 0.0)	(95.0, 0.0)	(96.0, 0.0)	(97.0, 0.0)	(98.0, 0.0)	(99.0, 0.0)	(100.0, 0.0)
3918R_0_M_S2_week5_S53_L001_R2_001	(0.0, 0.0)	(1.0, 0.0)	(2.0, 0.0)	(3.0, 0.0)	(4.0, 0.0)	(5.0, 0.0)	(6.0, 0.0)	(7.0, 0.0)	(8.0, 0.0)	(9.0, 0.0)	(10.0, 0.0)	(11.0, 0.0)	(12.0, 0.0)	(13.0, 0.0)	(14.0, 0.0)	(15.0, 0.0)	(16.0, 0.0)	(17.0, 0.0)	(18.0, 0.0)	(19.0, 0.0)	(20.0, 0.0)	(21.0, 0.0)	(22.0, 0.0)	(23.0, 0.0)	(24.0, 0.0)	(25.0, 0.3333333333333333)	(26.0, 0.0)	(27.0, 0.0)	(28.0, 0.0)	(29.0, 0.0)	(30.0, 0.3333333333333333)	(31.0, 0.0)	(32.0, 0.0)	(33.0, 0.0)	(34.0, 0.5)	(35.0, 1.0)	(36.0, 3.0)	(37.0, 4.5)	(38.0, 4.0)	(39.0, 5.5)	(40.0, 11.833333333333332)	(41.0, 19.166666666666664)	(42.0, 20.5)	(43.0, 35.99999999999999)	(44.0, 78.16666666666667)	(45.0, 1174.3333333333446)	(46.0, 12826.00000000539)	(47.0, 9542.83333333282)	(48.0, 1164.3333333333426)	(49.0, 659.5000000000045)	(50.0, 560.2499999999987)	(51.0, 2593.66666666671)	(52.0, 3138.666666666918)	(53.0, 5878.583333332594)	(54.0, 5176.749999999808)	(55.0, 1648.0833333332785)	(56.0, 9317.416666665758)	(57.0, 8701.583333331639)	(58.0, 1284.7499999999852)	(59.0, 607.8333333333338)	(60.0, 629.500000000001)	(61.0, 579.4999999999998)	(62.0, 343.3333333333332)	(63.0, 251.1666666666668)	(64.0, 210.6666666666669)	(65.0, 150.50000000000009)	(66.0, 123.41666666666667)	(67.0, 105.66666666666664)	(68.0, 85.58333333333334)	(69.0, 70.0)	(70.0, 66.66666666666666)	(71.0, 56.666666666666664)	(72.0, 45.833333333333336)	(73.0, 27.166666666666664)	(74.0, 17.333333333333332)	(75.0, 15.333333333333332)	(76.0, 12.0)	(77.0, 4.0)	(78.0, 1.3333333333333333)	(79.0, 2.333333333333333)	(80.0, 2.5)	(81.0, 2.333333333333333)	(82.0, 1.3333333333333333)	(83.0, 1.3333333333333333)	(84.0, 0.5)	(85.0, 0.0)	(86.0, 0.0)	(87.0, 0.0)	(88.0, 0.0)	(89.0, 0.0)	(90.0, 0.0)	(91.0, 0.0)	(92.0, 0.0)	(93.0, 0.0)	(94.0, 0.0)	(95.0, 0.0)	(96.0, 0.3333333333333333)	(97.0, 0.0)	(98.0, 0.3333333333333333)	(99.0, 0.6666666666666666)	(100.0, 1.5)
3918R_0_M_S2_week9_S78_L001_R1_001	(0.0, 0.0)	(1.0, 0.0)	(2.0, 0.0)	(3.0, 0.0)	(4.0, 0.0)	(5.0, 0.0)	(6.0, 0.0)	(7.0, 0.0)	(8.0, 0.0)	(9.0, 0.0)	(10.0, 0.0)	(11.0, 0.0)	(12.0, 0.0)	(13.0, 0.0)	(14.0, 0.0)	(15.0, 0.0)	(16.0, 0.0)	(17.0, 0.0)	(18.0, 0.0)	(19.0, 0.0)	(20.0, 0.0)	(21.0, 0.0)	(22.0, 0.0)	(23.0, 0.0)	(24.0, 0.0)	(25.0, 0.0)	(26.0, 0.0)	(27.0, 0.0)	(28.0, 0.0)	(29.0, 0.0)	(30.0, 0.0)	(31.0, 0.0)	(32.0, 0.25)	(33.0, 0.25)	(34.0, 0.0)	(35.0, 0.25)	(36.0, 0.25)	(37.0, 0.0)	(38.0, 0.75)	(39.0, 1.0)	(40.0, 0.5)	(41.0, 0.5)	(42.0, 6.499999999999999)	(43.0, 18.666666666666668)	(44.0, 82.0)	(45.0, 142.8333333333333)	(46.0, 341.7499999999973)	(47.0, 11202.750000002461)	(48.0, 12084.333333337361)	(49.0, 3339.8333333337155)	(50.0, 3173.2500000003092)	(51.0, 8686.499999997952)	(52.0, 13109.083333339197)	(53.0, 5623.833333332713)	(54.0, 1211.0833333333364)	(55.0, 348.9999999999981)	(56.0, 129.49999999999943)	(57.0, 59.58333333333344)	(58.0, 69.91666666666676)	(59.0, 60.83333333333345)	(60.0, 13.333333333333337)	(61.0, 7.833333333333331)	(62.0, 22.66666666666665)	(63.0, 3.9166666666666674)	(64.0, 1.9999999999999998)	(65.0, 1.3333333333333333)	(66.0, 0.8333333333333333)	(67.0, 0.5)	(68.0, 0.0)	(69.0, 0.0)	(70.0, 0.0)	(71.0, 0.0)	(72.0, 0.0)	(73.0, 0.0)	(74.0, 0.0)	(75.0, 0.0)	(76.0, 0.0)	(77.0, 0.0)	(78.0, 0.0)	(79.0, 0.0)	(80.0, 0.0)	(81.0, 0.0)	(82.0, 0.0)	(83.0, 0.0)	(84.0, 0.0)	(85.0, 0.0)	(86.0, 0.0)	(87.0, 0.0)	(88.0, 0.0)	(89.0, 0.0)	(90.0, 0.0)	(91.0, 0.0)	(92.0, 0.0)	(93.0, 0.0)	(94.0, 0.0)	(95.0, 0.0)	(96.0, 0.0)	(97.0, 0.0)	(98.0, 0.0)	(99.0, 0.0)	(100.0, 0.0)
3918R_0_M_S2_week9_S78_L001_R2_001	(0.0, 0.0)	(1.0, 0.0)	(2.0, 0.0)	(3.0, 0.0)	(4.0, 0.0)	(5.0, 0.0)	(6.0, 0.0)	(7.0, 0.0)	(8.0, 0.0)	(9.0, 0.0)	(10.0, 0.0)	(11.0, 0.0)	(12.0, 0.0)	(13.0, 0.0)	(14.0, 0.0)	(15.0, 0.0)	(16.0, 0.0)	(17.0, 0.0)	(18.0, 0.0)	(19.0, 0.0)	(20.0, 0.0)	(21.0, 0.0)	(22.0, 0.0)	(23.0, 0.0)	(24.0, 0.0)	(25.0, 0.0)	(26.0, 0.5)	(27.0, 0.5)	(28.0, 0.0)	(29.0, 0.0)	(30.0, 0.0)	(31.0, 0.3333333333333333)	(32.0, 0.3333333333333333)	(33.0, 0.0)	(34.0, 0.0)	(35.0, 0.0)	(36.0, 1.0)	(37.0, 2.333333333333333)	(38.0, 2.833333333333333)	(39.0, 3.5)	(40.0, 6.0)	(41.0, 9.333333333333332)	(42.0, 10.666666666666666)	(43.0, 18.33333333333333)	(44.0, 62.83333333333345)	(45.0, 1777.8333333332116)	(46.0, 10727.500000001617)	(47.0, 4590.916666666943)	(48.0, 1218.8333333333305)	(49.0, 644.0000000000032)	(50.0, 570.2499999999992)	(51.0, 4002.58333333397)	(52.0, 4701.2500000002065)	(53.0, 4352.166666667107)	(54.0, 3593.6666666670553)	(55.0, 1340.749999999988)	(56.0, 7729.499999997928)	(57.0, 8176.999999997546)	(58.0, 1336.1666666666474)	(59.0, 538.8333333333318)	(60.0, 409.83333333333246)	(61.0, 353.33333333333263)	(62.0, 245.33333333333346)	(63.0, 192.8333333333334)	(64.0, 173.1666666666668)	(65.0, 128.41666666666663)	(66.0, 103.83333333333331)	(67.0, 85.33333333333334)	(68.0, 68.33333333333334)	(69.0, 60.666666666666664)	(70.0, 54.916666666666664)	(71.0, 39.75000000000001)	(72.0, 35.0)	(73.0, 18.833333333333332)	(74.0, 12.666666666666666)	(75.0, 4.0)	(76.0, 3.3333333333333335)	(77.0, 4.833333333333333)	(78.0, 4.0)	(79.0, 3.333333333333333)	(80.0, 1.0)	(81.0, 0.5)	(82.0, 1.5)	(83.0, 1.75)	(84.0, 0.5)	(85.0, 0.0)	(86.0, 0.0)	(87.0, 0.0)	(88.0, 0.0)	(89.0, 0.0)	(90.0, 0.0)	(91.0, 0.3333333333333333)	(92.0, 0.3333333333333333)	(93.0, 0.0)	(94.0, 0.0)	(95.0, 0.0)	(96.0, 0.0)	(97.0, 0.3333333333333333)	(98.0, 0.0)	(99.0, 0.0)	(100.0, 0.0)
3918R_L_M_S2_week5_S54_L001_R1_001	(0.0, 0.0)	(1.0, 0.0)	(2.0, 0.0)	(3.0, 0.0)	(4.0, 0.0)	(5.0, 0.0)	(6.0, 0.0)	(7.0, 0.0)	(8.0, 0.0)	(9.0, 0.0)	(10.0, 0.0)	(11.0, 0.0)	(12.0, 0.0)	(13.0, 0.0)	(14.0, 0.0)	(15.0, 0.0)	(16.0, 0.0)	(17.0, 0.0)	(18.0, 0.0)	(19.0, 0.0)	(20.0, 0.0)	(21.0, 0.0)	(22.0, 0.0)	(23.0, 0.0)	(24.0, 0.0)	(25.0, 0.0)	(26.0, 0.0)	(27.0, 0.0)	(28.0, 0.0)	(29.0, 0.0)	(30.0, 0.0)	(31.0, 0.25)	(32.0, 0.25)	(33.0, 0.25)	(34.0, 0.0)	(35.0, 0.5)	(36.0, 0.0)	(37.0, 1.0)	(38.0, 0.8333333333333333)	(39.0, 0.8333333333333333)	(40.0, 1.3333333333333333)	(41.0, 4.166666666666666)	(42.0, 8.333333333333332)	(43.0, 20.25)	(44.0, 81.83333333333333)	(45.0, 129.83333333333323)	(46.0, 280.75000000000074)	(47.0, 12160.33333333751)	(48.0, 13898.333333340644)	(49.0, 3174.7500000003047)	(50.0, 3152.0833333336245)	(51.0, 8331.916666664005)	(52.0, 12223.333333337581)	(53.0, 6626.916666665167)	(54.0, 2536.500000000033)	(55.0, 594.7499999999982)	(56.0, 203.00000000000088)	(57.0, 95.24999999999984)	(58.0, 119.91666666666619)	(59.0, 95.16666666666646)	(60.0, 20.999999999999996)	(61.0, 11.916666666666668)	(62.0, 15.333333333333343)	(63.0, 4.5)	(64.0, 1.4999999999999998)	(65.0, 0.0)	(66.0, 0.6666666666666666)	(67.0, 0.3333333333333333)	(68.0, 0.0)	(69.0, 0.0)	(70.0, 0.0)	(71.0, 0.0)	(72.0, 0.0)	(73.0, 0.0)	(74.0, 0.0)	(75.0, 0.0)	(76.0, 0.0)	(77.0, 0.0)	(78.0, 0.0)	(79.0, 0.0)	(80.0, 0.0)	(81.0, 0.0)	(82.0, 0.0)	(83.0, 0.0)	(84.0, 0.0)	(85.0, 0.0)	(86.0, 0.0)	(87.0, 0.0)	(88.0, 0.0)	(89.0, 0.0)	(90.0, 0.0)	(91.0, 0.0)	(92.0, 0.0)	(93.0, 0.0)	(94.0, 0.0)	(95.0, 0.0)	(96.0, 0.0)	(97.0, 0.0)	(98.0, 0.0)	(99.0, 0.0)	(100.0, 0.0)
3918R_L_M_S2_week5_S54_L001_R2_001	(0.0, 0.0)	(1.0, 0.0)	(2.0, 0.0)	(3.0, 0.0)	(4.0, 0.0)	(5.0, 0.0)	(6.0, 0.0)	(7.0, 0.0)	(8.0, 0.0)	(9.0, 0.0)	(10.0, 0.0)	(11.0, 0.0)	(12.0, 0.0)	(13.0, 0.0)	(14.0, 0.0)	(15.0, 0.0)	(16.0, 0.0)	(17.0, 0.0)	(18.0, 0.0)	(19.0, 0.0)	(20.0, 0.0)	(21.0, 0.0)	(22.0, 0.0)	(23.0, 0.0)	(24.0, 0.0)	(25.0, 0.0)	(26.0, 0.6666666666666666)	(27.0, 0.6666666666666666)	(28.0, 0.0)	(29.0, 0.0)	(30.0, 0.0)	(31.0, 0.0)	(32.0, 0.0)	(33.0, 0.0)	(34.0, 0.0)	(35.0, 0.0)	(36.0, 0.8333333333333333)	(37.0, 3.3333333333333335)	(38.0, 5.5)	(39.0, 6.833333333333334)	(40.0, 9.666666666666668)	(41.0, 16.166666666666668)	(42.0, 17.333333333333336)	(43.0, 26.333333333333332)	(44.0, 54.66666666666671)	(45.0, 899.1666666666973)	(46.0, 11077.250000002237)	(47.0, 9010.333333331873)	(48.0, 1094.4166666666895)	(49.0, 630.9166666666678)	(50.0, 607.0833333333338)	(51.0, 2589.166666666709)	(52.0, 3146.3333333335936)	(53.0, 5833.833333332617)	(54.0, 5228.999999999785)	(55.0, 1761.2499999999332)	(56.0, 8750.166666664982)	(57.0, 8108.916666664231)	(58.0, 1229.0833333333292)	(59.0, 566.4999999999991)	(60.0, 555.333333333332)	(61.0, 510.33333333333115)	(62.0, 327.9999999999998)	(63.0, 239.91666666666686)	(64.0, 202.9166666666669)	(65.0, 143.1666666666667)	(66.0, 116.16666666666666)	(67.0, 90.16666666666666)	(68.0, 70.5)	(69.0, 63.66666666666667)	(70.0, 50.333333333333336)	(71.0, 37.16666666666667)	(72.0, 34.666666666666664)	(73.0, 23.83333333333333)	(74.0, 15.333333333333334)	(75.0, 6.5)	(76.0, 3.0)	(77.0, 2.5)	(78.0, 3.5)	(79.0, 2.0)	(80.0, 0.5)	(81.0, 0.5)	(82.0, 1.0)	(83.0, 0.5)	(84.0, 0.0)	(85.0, 0.0)	(86.0, 0.3333333333333333)	(87.0, 0.8333333333333333)	(88.0, 1.0)	(89.0, 1.0)	(90.0, 0.5)	(91.0, 0.0)	(92.0, 0.0)	(93.0, 0.0)	(94.0, 0.0)	(95.0, 0.5)	(96.0, 0.5)	(97.0, 0.0)	(98.0, 0.0)	(99.0, 0.0)	(100.0, 0.5)
3918R_L_M_S2_week9_S79_L001_R1_001	(0.0, 0.0)	(1.0, 0.0)	(2.0, 0.0)	(3.0, 0.0)	(4.0, 0.0)	(5.0, 0.0)	(6.0, 0.0)	(7.0, 0.0)	(8.0, 0.0)	(9.0, 0.0)	(10.0, 0.0)	(11.0, 0.0)	(12.0, 0.0)	(13.0, 0.0)	(14.0, 0.0)	(15.0, 0.0)	(16.0, 0.0)	(17.0, 0.0)	(18.0, 0.0)	(19.0, 0.0)	(20.0, 0.0)	(21.0, 0.0)	(22.0, 0.0)	(23.0, 0.0)	(24.0, 0.0)	(25.0, 0.0)	(26.0, 0.0)	(27.0, 0.0)	(28.0, 0.0)	(29.0, 0.0)	(30.0, 0.0)	(31.0, 0.0)	(32.0, 0.0)	(33.0, 0.8333333333333333)	(34.0, 0.3333333333333333)	(35.0, 0.0)	(36.0, 0.3333333333333333)	(37.0, 0.3333333333333333)	(38.0, 0.25)	(39.0, 0.0)	(40.0, 0.5)	(41.0, 1.75)	(42.0, 4.5)	(43.0, 22.5)	(44.0, 105.0)	(45.0, 166.08333333333346)	(46.0, 401.9166666666615)	(47.0, 13804.583333340477)	(48.0, 15081.583333342764)	(49.0, 4294.583333333874)	(50.0, 4324.916666667186)	(51.0, 10592.916666668041)	(52.0, 16328.00000001164)	(53.0, 7550.166666664347)	(54.0, 1527.8333333332716)	(55.0, 392.66666666666254)	(56.0, 135.58333333333292)	(57.0, 55.91666666666676)	(58.0, 100.49999999999977)	(59.0, 91.33333333333319)	(60.0, 16.41666666666667)	(61.0, 12.416666666666666)	(62.0, 36.16666666666666)	(63.0, 12.000000000000004)	(64.0, 5.5)	(65.0, 2.333333333333333)	(66.0, 1.0)	(67.0, 0.5)	(68.0, 0.0)	(69.0, 0.3333333333333333)	(70.0, 0.0)	(71.0, 0.0)	(72.0, 0.0)	(73.0, 0.0)	(74.0, 0.3333333333333333)	(75.0, 0.0)	(76.0, 0.0)	(77.0, 0.0)	(78.0, 0.0)	(79.0, 0.0)	(80.0, 0.0)	(81.0, 0.0)	(82.0, 0.0)	(83.0, 0.0)	(84.0, 0.0)	(85.0, 0.0)	(86.0, 0.0)	(87.0, 0.0)	(88.0, 0.0)	(89.0, 0.0)	(90.0, 0.0)	(91.0, 0.0)	(92.0, 0.0)	(93.0, 0.0)	(94.0, 0.0)	(95.0, 0.0)	(96.0, 0.0)	(97.0, 0.0)	(98.0, 0.0)	(99.0, 0.0)	(100.0, 0.0)
3918R_L_M_S2_week9_S79_L001_R2_001	(0.0, 0.0)	(1.0, 0.0)	(2.0, 0.0)	(3.0, 0.0)	(4.0, 0.0)	(5.0, 0.0)	(6.0, 0.0)	(7.0, 0.0)	(8.0, 0.0)	(9.0, 0.0)	(10.0, 0.0)	(11.0, 0.0)	(12.0, 0.0)	(13.0, 0.0)	(14.0, 0.0)	(15.0, 0.0)	(16.0, 0.0)	(17.0, 0.0)	(18.0, 0.0)	(19.0, 0.0)	(20.0, 0.0)	(21.0, 0.0)	(22.0, 0.0)	(23.0, 0.0)	(24.0, 0.0)	(25.0, 0.0)	(26.0, 0.3333333333333333)	(27.0, 0.0)	(28.0, 0.3333333333333333)	(29.0, 0.5)	(30.0, 1.0)	(31.0, 1.0)	(32.0, 1.0)	(33.0, 0.5)	(34.0, 0.0)	(35.0, 1.0)	(36.0, 1.0)	(37.0, 1.4999999999999998)	(38.0, 1.5)	(39.0, 3.6666666666666665)	(40.0, 7.5)	(41.0, 13.333333333333334)	(42.0, 22.833333333333336)	(43.0, 25.333333333333332)	(44.0, 77.3333333333333)	(45.0, 2409.499999999981)	(46.0, 13257.83333333952)	(47.0, 4948.416666666637)	(48.0, 1518.583333333279)	(49.0, 824.333333333348)	(50.0, 762.2500000000092)	(51.0, 5252.166666666426)	(52.0, 6156.833333332351)	(53.0, 6162.499999999054)	(54.0, 5154.666666666531)	(55.0, 1662.4999999999534)	(56.0, 9138.666666665527)	(57.0, 9729.833333333156)	(58.0, 1573.4999999999584)	(59.0, 676.4166666666688)	(60.0, 485.4166666666651)	(61.0, 416.49999999999915)	(62.0, 313.3333333333331)	(63.0, 237.00000000000017)	(64.0, 231.16666666666683)	(65.0, 173.33333333333337)	(66.0, 134.33333333333331)	(67.0, 115.16666666666666)	(68.0, 100.83333333333333)	(69.0, 86.83333333333331)	(70.0, 71.0)	(71.0, 58.000000000000014)	(72.0, 61.166666666666714)	(73.0, 30.999999999999993)	(74.0, 13.583333333333334)	(75.0, 8.0)	(76.0, 5.0)	(77.0, 4.833333333333333)	(78.0, 3.333333333333333)	(79.0, 0.5)	(80.0, 0.5)	(81.0, 1.3333333333333333)	(82.0, 1.0)	(83.0, 0.5)	(84.0, 0.0)	(85.0, 0.5)	(86.0, 0.5)	(87.0, 0.3333333333333333)	(88.0, 0.0)	(89.0, 0.0)	(90.0, 0.0)	(91.0, 0.0)	(92.0, 0.3333333333333333)	(93.0, 0.0)	(94.0, 0.0)	(95.0, 0.5)	(96.0, 0.5)	(97.0, 0.0)	(98.0, 0.0)	(99.0, 0.0)	(100.0, 0.0)
3918R_RL_M_S2_week5_S55_L001_R1_001	(0.0, 0.0)	(1.0, 0.0)	(2.0, 0.0)	(3.0, 0.0)	(4.0, 0.0)	(5.0, 0.0)	(6.0, 0.0)	(7.0, 0.0)	(8.0, 0.0)	(9.0, 0.0)	(10.0, 0.0)	(11.0, 0.0)	(12.0, 0.0)	(13.0, 0.0)	(14.0, 0.0)	(15.0, 0.0)	(16.0, 0.0)	(17.0, 0.0)	(18.0, 0.0)	(19.0, 0.0)	(20.0, 0.0)	(21.0, 0.0)	(22.0, 0.0)	(23.0, 0.0)	(24.0, 0.0)	(25.0, 0.0)	(26.0, 0.0)	(27.0, 0.0)	(28.0, 0.0)	(29.0, 0.0)	(30.0, 0.0)	(31.0, 0.0)	(32.0, 0.3333333333333333)	(33.0, 0.25)	(34.0, 0.0)	(35.0, 0.0)	(36.0, 0.0)	(37.0, 0.0)	(38.0, 0.25)	(39.0, 0.0)	(40.0, 1.3333333333333333)	(41.0, 3.3333333333333335)	(42.0, 9.833333333333334)	(43.0, 29.166666666666668)	(44.0, 80.16666666666666)	(45.0, 116.41666666666661)	(46.0, 279.50000000000097)	(47.0, 11433.75000000287)	(48.0, 12791.416666671974)	(49.0, 2794.666666666806)	(50.0, 2876.750000000171)	(51.0, 9904.833333333445)	(52.0, 13781.916666673684)	(53.0, 6709.999999998429)	(54.0, 2439.1666666666592)	(55.0, 934.5833333333652)	(56.0, 261.4166666666683)	(57.0, 116.08333333333307)	(58.0, 119.83333333333296)	(59.0, 97.66666666666652)	(60.0, 20.916666666666668)	(61.0, 11.416666666666666)	(62.0, 14.166666666666671)	(63.0, 5.5)	(64.0, 3.3333333333333335)	(65.0, 1.6666666666666665)	(66.0, 0.3333333333333333)	(67.0, 0.0)	(68.0, 0.0)	(69.0, 0.0)	(70.0, 0.0)	(71.0, 0.0)	(72.0, 0.0)	(73.0, 0.0)	(74.0, 0.0)	(75.0, 0.0)	(76.0, 0.0)	(77.0, 0.0)	(78.0, 0.0)	(79.0, 0.0)	(80.0, 0.0)	(81.0, 0.0)	(82.0, 0.0)	(83.0, 0.0)	(84.0, 0.0)	(85.0, 0.0)	(86.0, 0.0)	(87.0, 0.0)	(88.0, 0.0)	(89.0, 0.0)	(90.0, 0.0)	(91.0, 0.0)	(92.0, 0.0)	(93.0, 0.0)	(94.0, 0.0)	(95.0, 0.0)	(96.0, 0.0)	(97.0, 0.0)	(98.0, 0.0)	(99.0, 0.0)	(100.0, 0.0)
3918R_RL_M_S2_week5_S55_L001_R2_001	(0.0, 0.0)	(1.0, 0.0)	(2.0, 0.0)	(3.0, 0.0)	(4.0, 0.0)	(5.0, 0.0)	(6.0, 0.0)	(7.0, 0.0)	(8.0, 0.0)	(9.0, 0.0)	(10.0, 0.0)	(11.0, 0.0)	(12.0, 0.0)	(13.0, 0.0)	(14.0, 0.0)	(15.0, 0.0)	(16.0, 0.0)	(17.0, 0.0)	(18.0, 0.0)	(19.0, 0.0)	(20.0, 0.0)	(21.0, 0.0)	(22.0, 0.0)	(23.0, 0.0)	(24.0, 0.0)	(25.0, 0.0)	(26.0, 0.0)	(27.0, 0.0)	(28.0, 0.0)	(29.0, 0.0)	(30.0, 0.0)	(31.0, 0.0)	(32.0, 0.0)	(33.0, 0.0)	(34.0, 0.5)	(35.0, 1.5)	(36.0, 3.0)	(37.0, 4.333333333333333)	(38.0, 4.5)	(39.0, 6.333333333333333)	(40.0, 11.166666666666666)	(41.0, 13.333333333333332)	(42.0, 14.166666666666668)	(43.0, 25.833333333333332)	(44.0, 58.833333333333385)	(45.0, 1026.7500000000439)	(46.0, 10535.66666666793)	(47.0, 7720.08333333082)	(48.0, 989.4166666667019)	(49.0, 605.4166666666677)	(50.0, 508.49999999999466)	(51.0, 2376.8333333332944)	(52.0, 2850.41666666681)	(53.0, 5551.749999999516)	(54.0, 5155.833333333173)	(55.0, 1761.9999999999343)	(56.0, 10063.500000000213)	(57.0, 9634.833333333005)	(58.0, 1396.4166666666424)	(59.0, 652.91666666667)	(60.0, 907.0000000000098)	(61.0, 859.5000000000082)	(62.0, 359.6666666666661)	(63.0, 256.41666666666686)	(64.0, 241.91666666666694)	(65.0, 160.00000000000003)	(66.0, 121.83333333333331)	(67.0, 112.66666666666666)	(68.0, 93.08333333333333)	(69.0, 70.08333333333333)	(70.0, 61.00000000000001)	(71.0, 49.833333333333336)	(72.0, 45.66666666666667)	(73.0, 27.666666666666668)	(74.0, 19.5)	(75.0, 13.5)	(76.0, 6.333333333333333)	(77.0, 4.5)	(78.0, 3.5)	(79.0, 2.0)	(80.0, 1.5)	(81.0, 0.5)	(82.0, 0.0)	(83.0, 0.5)	(84.0, 0.5)	(85.0, 0.0)	(86.0, 0.0)	(87.0, 0.0)	(88.0, 0.0)	(89.0, 0.0)	(90.0, 0.0)	(91.0, 0.5)	(92.0, 0.5)	(93.0, 0.0)	(94.0, 0.0)	(95.0, 0.5)	(96.0, 0.75)	(97.0, 0.0)	(98.0, 1.25)	(99.0, 1.25)	(100.0, 0.8333333333333333)
3918R_RL_M_S2_week9_S80_L001_R1_001	(0.0, 0.0)	(1.0, 0.0)	(2.0, 0.0)	(3.0, 0.0)	(4.0, 0.0)	(5.0, 0.0)	(6.0, 0.0)	(7.0, 0.0)	(8.0, 0.0)	(9.0, 0.0)	(10.0, 0.0)	(11.0, 0.0)	(12.0, 0.0)	(13.0, 0.0)	(14.0, 0.0)	(15.0, 0.0)	(16.0, 0.0)	(17.0, 0.0)	(18.0, 0.0)	(19.0, 0.0)	(20.0, 0.0)	(21.0, 0.0)	(22.0, 0.0)	(23.0, 0.0)	(24.0, 0.0)	(25.0, 0.0)	(26.0, 0.0)	(27.0, 0.0)	(28.0, 0.0)	(29.0, 0.0)	(30.0, 0.3333333333333333)	(31.0, 0.25)	(32.0, 0.5)	(33.0, 0.0)	(34.0, 0.0)	(35.0, 0.25)	(36.0, 0.0)	(37.0, 0.0)	(38.0, 0.3333333333333333)	(39.0, 0.0)	(40.0, 0.5)	(41.0, 2.75)	(42.0, 5.25)	(43.0, 19.5)	(44.0, 78.41666666666666)	(45.0, 116.99999999999994)	(46.0, 248.66666666666868)	(47.0, 10338.000000000906)	(48.0, 11235.750000002507)	(49.0, 3332.5000000003797)	(50.0, 3313.666666667032)	(51.0, 13725.333333340292)	(52.0, 18350.083333338083)	(53.0, 6069.249999999)	(54.0, 1544.1666666666026)	(55.0, 445.41666666666003)	(56.0, 149.66666666666657)	(57.0, 59.083333333333435)	(58.0, 101.49999999999974)	(59.0, 90.99999999999987)	(60.0, 21.666666666666664)	(61.0, 13.833333333333336)	(62.0, 29.91666666666664)	(63.0, 7.499999999999998)	(64.0, 1.1666666666666665)	(65.0, 0.6666666666666666)	(66.0, 0.3333333333333333)	(67.0, 0.3333333333333333)	(68.0, 0.6666666666666666)	(69.0, 0.0)	(70.0, 0.0)	(71.0, 0.0)	(72.0, 0.0)	(73.0, 0.0)	(74.0, 0.0)	(75.0, 0.0)	(76.0, 0.0)	(77.0, 0.0)	(78.0, 0.0)	(79.0, 0.0)	(80.0, 0.0)	(81.0, 0.0)	(82.0, 0.0)	(83.0, 0.0)	(84.0, 0.0)	(85.0, 0.0)	(86.0, 0.0)	(87.0, 0.0)	(88.0, 0.0)	(89.0, 0.0)	(90.0, 0.0)	(91.0, 0.0)	(92.0, 0.0)	(93.0, 0.0)	(94.0, 0.0)	(95.0, 0.0)	(96.0, 0.0)	(97.0, 0.0)	(98.0, 0.0)	(99.0, 0.0)	(100.0, 0.0)
3918R_RL_M_S2_week9_S80_L001_R2_001	(0.0, 0.0)	(1.0, 0.0)	(2.0, 0.0)	(3.0, 0.0)	(4.0, 0.0)	(5.0, 0.0)	(6.0, 0.0)	(7.0, 0.0)	(8.0, 0.0)	(9.0, 0.0)	(10.0, 0.0)	(11.0, 0.0)	(12.0, 0.0)	(13.0, 0.0)	(14.0, 0.0)	(15.0, 0.0)	(16.0, 0.0)	(17.0, 0.0)	(18.0, 0.0)	(19.0, 0.0)	(20.0, 0.0)	(21.0, 0.0)	(22.0, 0.0)	(23.0, 0.0)	(24.0, 0.0)	(25.0, 0.0)	(26.0, 0.0)	(27.0, 0.0)	(28.0, 0.0)	(29.0, 0.0)	(30.0, 0.0)	(31.0, 0.0)	(32.0, 0.0)	(33.0, 0.0)	(34.0, 0.0)	(35.0, 0.5)	(36.0, 0.5)	(37.0, 0.8333333333333333)	(38.0, 2.8333333333333335)	(39.0, 5.499999999999999)	(40.0, 10.5)	(41.0, 13.333333333333334)	(42.0, 17.333333333333332)	(43.0, 25.333333333333325)	(44.0, 62.50000000000009)	(45.0, 1553.3333333332614)	(46.0, 9787.83333333325)	(47.0, 4328.666666667185)	(48.0, 1393.8333333333017)	(49.0, 693.5833333333392)	(50.0, 614.5833333333345)	(51.0, 3958.000000000609)	(52.0, 4602.833333333614)	(53.0, 4554.333333333635)	(54.0, 3935.5000000005207)	(55.0, 1589.4166666666301)	(56.0, 11699.16666666916)	(57.0, 12837.000000004306)	(58.0, 1978.5833333332437)	(59.0, 790.5000000000044)	(60.0, 569.1666666666661)	(61.0, 459.4999999999985)	(62.0, 320.5)	(63.0, 247.8333333333335)	(64.0, 231.7500000000003)	(65.0, 162.91666666666669)	(66.0, 124.83333333333333)	(67.0, 118.41666666666666)	(68.0, 107.5)	(69.0, 85.33333333333334)	(70.0, 58.666666666666664)	(71.0, 47.00000000000001)	(72.0, 51.16666666666671)	(73.0, 30.83333333333333)	(74.0, 20.166666666666664)	(75.0, 11.833333333333332)	(76.0, 6.333333333333333)	(77.0, 3.0)	(78.0, 2.0)	(79.0, 1.0)	(80.0, 0.5)	(81.0, 1.0)	(82.0, 0.5)	(83.0, 0.3333333333333333)	(84.0, 0.0)	(85.0, 0.5)	(86.0, 0.5)	(87.0, 0.0)	(88.0, 0.5)	(89.0, 1.0)	(90.0, 0.5)	(91.0, 0.0)	(92.0, 0.5)	(93.0, 1.0)	(94.0, 0.5)	(95.0, 0.8333333333333333)	(96.0, 1.3333333333333333)	(97.0, 0.5)	(98.0, 0.0)	(99.0, 0.0)	(100.0, 0.3333333333333333)
3918R_RR_M_S2_week5_S56_L001_R1_001	(0.0, 0.0)	(1.0, 0.0)	(2.0, 0.0)	(3.0, 0.0)	(4.0, 0.0)	(5.0, 0.0)	(6.0, 0.0)	(7.0, 0.0)	(8.0, 0.0)	(9.0, 0.0)	(10.0, 0.0)	(11.0, 0.0)	(12.0, 0.0)	(13.0, 0.0)	(14.0, 0.0)	(15.0, 0.0)	(16.0, 0.0)	(17.0, 0.0)	(18.0, 0.0)	(19.0, 0.0)	(20.0, 0.0)	(21.0, 0.0)	(22.0, 0.0)	(23.0, 0.0)	(24.0, 0.0)	(25.0, 0.0)	(26.0, 0.0)	(27.0, 0.0)	(28.0, 0.0)	(29.0, 0.0)	(30.0, 0.0)	(31.0, 0.25)	(32.0, 0.25)	(33.0, 0.25)	(34.0, 0.25)	(35.0, 0.0)	(36.0, 0.5833333333333333)	(37.0, 0.0)	(38.0, 0.0)	(39.0, 0.0)	(40.0, 0.0)	(41.0, 2.1666666666666665)	(42.0, 5.0)	(43.0, 16.333333333333332)	(44.0, 58.58333333333333)	(45.0, 93.41666666666666)	(46.0, 197.25000000000108)	(47.0, 9632.583333332977)	(48.0, 11269.66666666924)	(49.0, 2906.3333333335236)	(50.0, 3213.5000000003206)	(51.0, 12705.333333338438)	(52.0, 16921.250000009768)	(53.0, 8329.833333330702)	(54.0, 3675.7500000005234)	(55.0, 971.6666666667018)	(56.0, 294.0833333333339)	(57.0, 120.91666666666632)	(58.0, 148.6666666666666)	(59.0, 137.58333333333306)	(60.0, 32.24999999999998)	(61.0, 16.66666666666667)	(62.0, 26.83333333333331)	(63.0, 7.83333333333333)	(64.0, 3.1666666666666665)	(65.0, 1.9166666666666665)	(66.0, 1.1666666666666665)	(67.0, 0.0)	(68.0, 0.0)	(69.0, 0.3333333333333333)	(70.0, 0.0)	(71.0, 0.0)	(72.0, 0.0)	(73.0, 0.0)	(74.0, 0.0)	(75.0, 0.0)	(76.0, 0.0)	(77.0, 0.0)	(78.0, 0.0)	(79.0, 0.0)	(80.0, 0.0)	(81.0, 0.0)	(82.0, 0.0)	(83.0, 0.0)	(84.0, 0.0)	(85.0, 0.0)	(86.0, 0.0)	(87.0, 0.0)	(88.0, 0.0)	(89.0, 0.0)	(90.0, 0.0)	(91.0, 0.0)	(92.0, 0.0)	(93.0, 0.0)	(94.0, 0.0)	(95.0, 0.0)	(96.0, 0.0)	(97.0, 0.0)	(98.0, 0.0)	(99.0, 0.0)	(100.0, 0.0)
3918R_RR_M_S2_week5_S56_L001_R2_001	(0.0, 0.0)	(1.0, 0.0)	(2.0, 0.0)	(3.0, 0.0)	(4.0, 0.0)	(5.0, 0.0)	(6.0, 0.0)	(7.0, 0.0)	(8.0, 0.0)	(9.0, 0.0)	(10.0, 0.0)	(11.0, 0.0)	(12.0, 0.0)	(13.0, 0.0)	(14.0, 0.0)	(15.0, 0.0)	(16.0, 0.0)	(17.0, 0.0)	(18.0, 0.0)	(19.0, 0.0)	(20.0, 0.0)	(21.0, 0.0)	(22.0, 0.0)	(23.0, 0.0)	(24.0, 0.0)	(25.0, 0.0)	(26.0, 0.3333333333333333)	(27.0, 0.3333333333333333)	(28.0, 0.6666666666666666)	(29.0, 1.0)	(30.0, 0.3333333333333333)	(31.0, 0.0)	(32.0, 0.0)	(33.0, 1.0)	(34.0, 1.3333333333333333)	(35.0, 0.6666666666666666)	(36.0, 0.3333333333333333)	(37.0, 1.0)	(38.0, 4.166666666666666)	(39.0, 4.333333333333334)	(40.0, 6.0)	(41.0, 12.0)	(42.0, 14.666666666666666)	(43.0, 21.0)	(44.0, 45.00000000000001)	(45.0, 473.8333333333247)	(46.0, 8628.499999997824)	(47.0, 7845.333333330711)	(48.0, 944.8333333333646)	(49.0, 544.0833333333298)	(50.0, 525.4166666666629)	(51.0, 2581.666666666703)	(52.0, 3179.08333333361)	(53.0, 6118.083333332388)	(54.0, 5707.749999999435)	(55.0, 2147.583333333266)	(56.0, 13111.083333338249)	(57.0, 12391.166666670453)	(58.0, 1863.083333333253)	(59.0, 804.3333333333393)	(60.0, 917.5000000000084)	(61.0, 872.0000000000058)	(62.0, 434.49999999999966)	(63.0, 318.4999999999997)	(64.0, 290.9999999999999)	(65.0, 191.33333333333348)	(66.0, 140.66666666666669)	(67.0, 125.41666666666664)	(68.0, 110.0)	(69.0, 81.0)	(70.0, 62.50000000000001)	(71.0, 53.00000000000001)	(72.0, 52.000000000000036)	(73.0, 33.49999999999999)	(74.0, 18.5)	(75.0, 10.0)	(76.0, 8.0)	(77.0, 8.333333333333332)	(78.0, 5.333333333333333)	(79.0, 2.1666666666666665)	(80.0, 1.3333333333333333)	(81.0, 1.0)	(82.0, 0.5)	(83.0, 0.0)	(84.0, 0.0)	(85.0, 0.5)	(86.0, 0.8333333333333333)	(87.0, 0.3333333333333333)	(88.0, 0.3333333333333333)	(89.0, 0.3333333333333333)	(90.0, 0.0)	(91.0, 0.0)	(92.0, 0.0)	(93.0, 0.5)	(94.0, 0.5)	(95.0, 0.0)	(96.0, 0.3333333333333333)	(97.0, 0.3333333333333333)	(98.0, 0.3333333333333333)	(99.0, 0.3333333333333333)	(100.0, 0.5)
3918R_RR_M_S2_week9_S81_L001_R1_001	(0.0, 0.0)	(1.0, 0.0)	(2.0, 0.0)	(3.0, 0.0)	(4.0, 0.0)	(5.0, 0.0)	(6.0, 0.0)	(7.0, 0.0)	(8.0, 0.0)	(9.0, 0.0)	(10.0, 0.0)	(11.0, 0.0)	(12.0, 0.0)	(13.0, 0.0)	(14.0, 0.0)	(15.0, 0.0)	(16.0, 0.0)	(17.0, 0.0)	(18.0, 0.0)	(19.0, 0.0)	(20.0, 0.0)	(21.0, 0.0)	(22.0, 0.0)	(23.0, 0.0)	(24.0, 0.0)	(25.0, 0.0)	(26.0, 0.0)	(27.0, 0.0)	(28.0, 0.0)	(29.0, 0.0)	(30.0, 0.0)	(31.0, 0.25)	(32.0, 0.25)	(33.0, 0.0)	(34.0, 0.0)	(35.0, 0.0)	(36.0, 0.0)	(37.0, 0.25)	(38.0, 0.0)	(39.0, 0.0)	(40.0, 0.3333333333333333)	(41.0, 1.6666666666666665)	(42.0, 8.083333333333332)	(43.0, 30.749999999999996)	(44.0, 90.33333333333333)	(45.0, 130.99999999999991)	(46.0, 341.83333333333064)	(47.0, 12275.583333337729)	(48.0, 13346.833333339642)	(49.0, 3783.500000000576)	(50.0, 3813.500000000591)	(51.0, 7217.333333331285)	(52.0, 11543.500000003054)	(53.0, 5768.499999999257)	(54.0, 1234.7499999999993)	(55.0, 318.8333333333328)	(56.0, 106.08333333333302)	(57.0, 48.25000000000004)	(58.0, 75.08333333333334)	(59.0, 66.25000000000013)	(60.0, 9.916666666666668)	(61.0, 6.666666666666665)	(62.0, 34.49999999999997)	(63.0, 8.499999999999998)	(64.0, 5.0)	(65.0, 2.833333333333333)	(66.0, 0.0)	(67.0, 0.0)	(68.0, 0.0)	(69.0, 0.0)	(70.0, 0.0)	(71.0, 0.0)	(72.0, 0.0)	(73.0, 0.0)	(74.0, 0.0)	(75.0, 0.0)	(76.0, 0.0)	(77.0, 0.0)	(78.0, 0.0)	(79.0, 0.0)	(80.0, 0.0)	(81.0, 0.0)	(82.0, 0.0)	(83.0, 0.0)	(84.0, 0.0)	(85.0, 0.0)	(86.0, 0.0)	(87.0, 0.0)	(88.0, 0.0)	(89.0, 0.0)	(90.0, 0.0)	(91.0, 0.0)	(92.0, 0.0)	(93.0, 0.0)	(94.0, 0.0)	(95.0, 0.0)	(96.0, 0.0)	(97.0, 0.0)	(98.0, 0.0)	(99.0, 0.0)	(100.0, 0.0)
3918R_RR_M_S2_week9_S81_L001_R2_001	(0.0, 0.0)	(1.0, 0.0)	(2.0, 0.0)	(3.0, 0.0)	(4.0, 0.0)	(5.0, 0.0)	(6.0, 0.0)	(7.0, 0.0)	(8.0, 0.0)	(9.0, 0.0)	(10.0, 0.0)	(11.0, 0.0)	(12.0, 0.0)	(13.0, 0.0)	(14.0, 0.0)	(15.0, 0.0)	(16.0, 0.0)	(17.0, 0.0)	(18.0, 0.0)	(19.0, 0.0)	(20.0, 0.0)	(21.0, 0.0)	(22.0, 0.0)	(23.0, 0.0)	(24.0, 0.0)	(25.0, 0.0)	(26.0, 0.0)	(27.0, 0.0)	(28.0, 0.0)	(29.0, 0.0)	(30.0, 0.0)	(31.0, 0.0)	(32.0, 0.3333333333333333)	(33.0, 0.0)	(34.0, 1.0)	(35.0, 1.0)	(36.0, 0.0)	(37.0, 1.5)	(38.0, 4.0)	(39.0, 3.5)	(40.0, 4.333333333333333)	(41.0, 10.833333333333332)	(42.0, 23.916666666666664)	(43.0, 35.666666666666664)	(44.0, 73.83333333333331)	(45.0, 2156.499999999867)	(46.0, 11836.166666670275)	(47.0, 4420.0000000004375)	(48.0, 1271.2499999999925)	(49.0, 653.2500000000035)	(50.0, 577.333333333333)	(51.0, 4014.250000000631)	(52.0, 4694.000000000192)	(53.0, 5297.666666666386)	(54.0, 4382.833333333735)	(55.0, 1266.333333333325)	(56.0, 6339.416666665737)	(57.0, 6616.666666665464)	(58.0, 1102.5833333333414)	(59.0, 503.7499999999977)	(60.0, 374.16666666666566)	(61.0, 306.83333333333314)	(62.0, 224.66666666666677)	(63.0, 186.16666666666669)	(64.0, 170.50000000000003)	(65.0, 113.16666666666666)	(66.0, 95.16666666666667)	(67.0, 76.16666666666667)	(68.0, 58.666666666666664)	(69.0, 49.666666666666664)	(70.0, 38.333333333333336)	(71.0, 32.5)	(72.0, 44.83333333333335)	(73.0, 19.333333333333336)	(74.0, 7.0)	(75.0, 7.333333333333334)	(76.0, 5.0)	(77.0, 2.0)	(78.0, 1.3333333333333333)	(79.0, 0.3333333333333333)	(80.0, 0.0)	(81.0, 0.0)	(82.0, 0.0)	(83.0, 0.3333333333333333)	(84.0, 0.3333333333333333)	(85.0, 0.0)	(86.0, 0.0)	(87.0, 0.0)	(88.0, 1.0)	(89.0, 1.5)	(90.0, 1.0)	(91.0, 1.0)	(92.0, 0.5)	(93.0, 0.0)	(94.0, 0.0)	(95.0, 0.5)	(96.0, 0.8333333333333333)	(97.0, 0.8333333333333333)	(98.0, 0.5)	(99.0, 0.0)	(100.0, 0.0)
3918R_S2_week29_S32_L001_R1_001	(0.0, 0.0)	(1.0, 0.0)	(2.0, 0.0)	(3.0, 0.0)	(4.0, 0.0)	(5.0, 0.0)	(6.0, 0.0)	(7.0, 0.0)	(8.0, 0.0)	(9.0, 0.0)	(10.0, 0.0)	(11.0, 0.0)	(12.0, 0.0)	(13.0, 0.0)	(14.0, 0.0)	(15.0, 0.0)	(16.0, 0.0)	(17.0, 0.0)	(18.0, 0.0)	(19.0, 0.0)	(20.0, 0.0)	(21.0, 0.0)	(22.0, 0.0)	(23.0, 0.0)	(24.0, 0.0)	(25.0, 0.0)	(26.0, 0.0)	(27.0, 0.0)	(28.0, 0.0)	(29.0, 0.0)	(30.0, 0.0)	(31.0, 0.0)	(32.0, 0.0)	(33.0, 0.0)	(34.0, 0.25)	(35.0, 0.25)	(36.0, 0.25)	(37.0, 0.0)	(38.0, 0.0)	(39.0, 0.0)	(40.0, 0.5)	(41.0, 1.9166666666666665)	(42.0, 5.416666666666666)	(43.0, 28.5)	(44.0, 96.66666666666666)	(45.0, 135.24999999999994)	(46.0, 322.41666666666526)	(47.0, 14855.583333342389)	(48.0, 16075.500000011247)	(49.0, 4122.666666667356)	(50.0, 4159.500000000662)	(51.0, 6023.499999999018)	(52.0, 11089.50000000224)	(53.0, 6677.999999998442)	(54.0, 1471.666666666616)	(55.0, 365.74999999999716)	(56.0, 122.74999999999949)	(57.0, 53.66666666666673)	(58.0, 54.66666666666674)	(59.0, 44.000000000000036)	(60.0, 6.666666666666664)	(61.0, 5.999999999999999)	(62.0, 21.99999999999999)	(63.0, 6.499999999999999)	(64.0, 4.166666666666666)	(65.0, 1.8333333333333333)	(66.0, 0.5)	(67.0, 0.0)	(68.0, 0.0)	(69.0, 0.0)	(70.0, 0.0)	(71.0, 0.0)	(72.0, 0.0)	(73.0, 0.0)	(74.0, 0.0)	(75.0, 0.0)	(76.0, 0.0)	(77.0, 0.0)	(78.0, 0.0)	(79.0, 0.0)	(80.0, 0.0)	(81.0, 0.0)	(82.0, 0.0)	(83.0, 0.0)	(84.0, 0.0)	(85.0, 0.0)	(86.0, 0.0)	(87.0, 0.0)	(88.0, 0.0)	(89.0, 0.0)	(90.0, 0.0)	(91.0, 0.0)	(92.0, 0.0)	(93.0, 0.0)	(94.0, 0.0)	(95.0, 0.0)	(96.0, 0.0)	(97.0, 0.0)	(98.0, 0.0)	(99.0, 0.0)	(100.0, 0.0)
3918R_S2_week29_S32_L001_R2_001	(0.0, 0.0)	(1.0, 0.0)	(2.0, 0.0)	(3.0, 0.0)	(4.0, 0.0)	(5.0, 0.0)	(6.0, 0.0)	(7.0, 0.0)	(8.0, 0.0)	(9.0, 0.0)	(10.0, 0.0)	(11.0, 0.0)	(12.0, 0.0)	(13.0, 0.0)	(14.0, 0.0)	(15.0, 0.0)	(16.0, 0.0)	(17.0, 0.0)	(18.0, 0.0)	(19.0, 0.0)	(20.0, 0.0)	(21.0, 0.0)	(22.0, 0.0)	(23.0, 0.0)	(24.0, 0.0)	(25.0, 0.0)	(26.0, 0.0)	(27.0, 0.0)	(28.0, 0.3333333333333333)	(29.0, 0.6666666666666666)	(30.0, 0.5)	(31.0, 0.8333333333333333)	(32.0, 1.8333333333333333)	(33.0, 3.0)	(34.0, 2.0)	(35.0, 1.5)	(36.0, 1.8333333333333333)	(37.0, 3.0)	(38.0, 11.0)	(39.0, 13.833333333333334)	(40.0, 15.666666666666666)	(41.0, 21.833333333333332)	(42.0, 25.833333333333332)	(43.0, 28.499999999999993)	(44.0, 65.83333333333339)	(45.0, 1766.1666666665487)	(46.0, 14150.416666674468)	(47.0, 8624.33333333117)	(48.0, 2276.499999999932)	(49.0, 973.5000000000272)	(50.0, 762.5833333333431)	(51.0, 4213.916666667227)	(52.0, 5073.749999999917)	(53.0, 5381.41666666634)	(54.0, 4516.500000000316)	(55.0, 1227.8333333333294)	(56.0, 5365.416666666414)	(57.0, 5338.333333333062)	(58.0, 899.3333333333477)	(59.0, 422.83333333333184)	(60.0, 342.74999999999955)	(61.0, 283.50000000000017)	(62.0, 211.16666666666666)	(63.0, 170.00000000000006)	(64.0, 161.66666666666666)	(65.0, 117.66666666666664)	(66.0, 83.5)	(67.0, 69.33333333333334)	(68.0, 58.0)	(69.0, 53.333333333333336)	(70.0, 38.833333333333336)	(71.0, 20.666666666666664)	(72.0, 27.249999999999993)	(73.0, 18.25)	(74.0, 6.0)	(75.0, 5.0)	(76.0, 3.5)	(77.0, 1.5)	(78.0, 1.5)	(79.0, 1.0)	(80.0, 0.0)	(81.0, 0.0)	(82.0, 0.0)	(83.0, 0.0)	(84.0, 0.0)	(85.0, 0.3333333333333333)	(86.0, 0.3333333333333333)	(87.0, 0.0)	(88.0, 0.0)	(89.0, 0.3333333333333333)	(90.0, 0.0)	(91.0, 0.0)	(92.0, 0.0)	(93.0, 0.0)	(94.0, 0.3333333333333333)	(95.0, 0.3333333333333333)	(96.0, 0.0)	(97.0, 0.0)	(98.0, 0.0)	(99.0, 0.0)	(100.0, 0.0)
3969R_R_F_S2_Pellet_week9_S82_L001_R1_001	(0.0, 0.0)	(1.0, 0.0)	(2.0, 0.0)	(3.0, 0.0)	(4.0, 0.0)	(5.0, 0.0)	(6.0, 0.0)	(7.0, 0.0)	(8.0, 0.0)	(9.0, 0.0)	(10.0, 0.0)	(11.0, 0.0)	(12.0, 0.0)	(13.0, 0.0)	(14.0, 0.0)	(15.0, 0.0)	(16.0, 0.0)	(17.0, 0.0)	(18.0, 0.0)	(19.0, 0.0)	(20.0, 0.0)	(21.0, 0.0)	(22.0, 0.0)	(23.0, 0.0)	(24.0, 0.0)	(25.0, 0.0)	(26.0, 0.0)	(27.0, 0.0)	(28.0, 0.0)	(29.0, 0.0)	(30.0, 0.0)	(31.0, 0.3333333333333333)	(32.0, 0.0)	(33.0, 0.0)	(34.0, 0.0)	(35.0, 0.0)	(36.0, 0.0)	(37.0, 0.0)	(38.0, 0.0)	(39.0, 0.0)	(40.0, 1.0)	(41.0, 1.5)	(42.0, 6.25)	(43.0, 17.666666666666664)	(44.0, 72.58333333333333)	(45.0, 121.58333333333326)	(46.0, 300.99999999999966)	(47.0, 11476.8333333363)	(48.0, 12883.666666672145)	(49.0, 3772.583333333905)	(50.0, 3924.916666667307)	(51.0, 12334.916666671146)	(52.0, 16291.916666678231)	(53.0, 5936.16666666579)	(54.0, 1642.4166666665828)	(55.0, 448.833333333327)	(56.0, 156.0)	(57.0, 69.41666666666677)	(58.0, 69.83333333333339)	(59.0, 55.83333333333342)	(60.0, 13.333333333333336)	(61.0, 14.666666666666673)	(62.0, 49.00000000000007)	(63.0, 9.833333333333332)	(64.0, 3.166666666666667)	(65.0, 1.9999999999999998)	(66.0, 0.6666666666666666)	(67.0, 0.0)	(68.0, 0.0)	(69.0, 0.25)	(70.0, 0.5)	(71.0, 1.0)	(72.0, 0.5)	(73.0, 0.0)	(74.0, 0.0)	(75.0, 0.0)	(76.0, 0.0)	(77.0, 0.0)	(78.0, 0.0)	(79.0, 0.0)	(80.0, 0.0)	(81.0, 0.0)	(82.0, 0.0)	(83.0, 0.0)	(84.0, 0.0)	(85.0, 0.0)	(86.0, 0.0)	(87.0, 0.0)	(88.0, 0.0)	(89.0, 0.0)	(90.0, 0.0)	(91.0, 0.0)	(92.0, 0.0)	(93.0, 0.0)	(94.0, 0.0)	(95.0, 0.0)	(96.0, 0.0)	(97.0, 0.0)	(98.0, 0.0)	(99.0, 0.0)	(100.0, 0.0)
3969R_R_F_S2_Pellet_week9_S82_L001_R2_001	(0.0, 0.0)	(1.0, 0.0)	(2.0, 0.0)	(3.0, 0.0)	(4.0, 0.0)	(5.0, 0.0)	(6.0, 0.0)	(7.0, 0.0)	(8.0, 0.0)	(9.0, 0.0)	(10.0, 0.0)	(11.0, 0.0)	(12.0, 0.0)	(13.0, 0.0)	(14.0, 0.0)	(15.0, 0.0)	(16.0, 0.0)	(17.0, 0.0)	(18.0, 0.0)	(19.0, 0.0)	(20.0, 0.0)	(21.0, 0.0)	(22.0, 0.0)	(23.0, 0.0)	(24.0, 0.0)	(25.0, 0.3333333333333333)	(26.0, 0.3333333333333333)	(27.0, 0.3333333333333333)	(28.0, 0.0)	(29.0, 0.0)	(30.0, 0.3333333333333333)	(31.0, 0.3333333333333333)	(32.0, 0.0)	(33.0, 0.3333333333333333)	(34.0, 0.0)	(35.0, 0.0)	(36.0, 0.8333333333333333)	(37.0, 1.3333333333333333)	(38.0, 4.166666666666667)	(39.0, 6.666666666666666)	(40.0, 7.0)	(41.0, 8.166666666666666)	(42.0, 11.5)	(43.0, 21.499999999999996)	(44.0, 60.833333333333414)	(45.0, 1561.1666666665942)	(46.0, 10850.333333335166)	(47.0, 5789.333333332556)	(48.0, 1377.8333333333037)	(49.0, 665.500000000004)	(50.0, 562.5833333333318)	(51.0, 3001.8333333335336)	(52.0, 3603.166666667114)	(53.0, 5961.333333332533)	(54.0, 5305.499999999752)	(55.0, 1587.0833333332935)	(56.0, 10854.833333334676)	(57.0, 11432.500000002337)	(58.0, 1626.5833333332805)	(59.0, 686.0833333333371)	(60.0, 538.1666666666655)	(61.0, 439.6666666666651)	(62.0, 312.08333333333337)	(63.0, 256.3333333333335)	(64.0, 215.50000000000026)	(65.0, 170.3333333333334)	(66.0, 146.58333333333334)	(67.0, 136.33333333333331)	(68.0, 115.0)	(69.0, 84.24999999999999)	(70.0, 62.916666666666664)	(71.0, 54.66666666666667)	(72.0, 71.33333333333331)	(73.0, 37.66666666666667)	(74.0, 18.666666666666664)	(75.0, 12.0)	(76.0, 7.5)	(77.0, 4.833333333333333)	(78.0, 2.8333333333333335)	(79.0, 0.0)	(80.0, 0.0)	(81.0, 0.0)	(82.0, 0.0)	(83.0, 0.0)	(84.0, 0.0)	(85.0, 0.25)	(86.0, 0.0)	(87.0, 0.0)	(88.0, 0.0)	(89.0, 0.0)	(90.0, 0.25)	(91.0, 0.0)	(92.0, 0.0)	(93.0, 0.0)	(94.0, 0.0)	(95.0, 0.5)	(96.0, 0.5)	(97.0, 0.0)	(98.0, 0.0)	(99.0, 0.0)	(100.0, 0.8333333333333333)
3969R_R_F_S2_diabetes_S18_L001_R1_001	(0.0, 0.0)	(1.0, 0.0)	(2.0, 0.0)	(3.0, 0.0)	(4.0, 0.0)	(5.0, 0.0)	(6.0, 0.0)	(7.0, 0.0)	(8.0, 0.0)	(9.0, 0.0)	(10.0, 0.0)	(11.0, 0.0)	(12.0, 0.0)	(13.0, 0.0)	(14.0, 0.0)	(15.0, 0.0)	(16.0, 0.0)	(17.0, 0.0)	(18.0, 0.0)	(19.0, 0.0)	(20.0, 0.0)	(21.0, 0.0)	(22.0, 0.0)	(23.0, 0.0)	(24.0, 0.0)	(25.0, 0.0)	(26.0, 0.0)	(27.0, 0.0)	(28.0, 0.0)	(29.0, 0.0)	(30.0, 0.0)	(31.0, 0.75)	(32.0, 0.75)	(33.0, 0.0)	(34.0, 0.0)	(35.0, 0.3333333333333333)	(36.0, 0.5833333333333333)	(37.0, 0.5833333333333333)	(38.0, 0.0)	(39.0, 0.0)	(40.0, 0.6666666666666666)	(41.0, 1.3333333333333333)	(42.0, 7.083333333333333)	(43.0, 22.583333333333336)	(44.0, 83.33333333333333)	(45.0, 127.08333333333327)	(46.0, 373.74999999999613)	(47.0, 14349.500000008135)	(48.0, 15338.66666667659)	(49.0, 4299.5000000005375)	(50.0, 4387.6666666671335)	(51.0, 7966.166666663962)	(52.0, 13295.916666672849)	(53.0, 7336.833333331186)	(54.0, 1758.499999999888)	(55.0, 456.74999999999346)	(56.0, 154.24999999999983)	(57.0, 63.08333333333342)	(58.0, 51.333333333333385)	(59.0, 34.91666666666664)	(60.0, 8.08333333333333)	(61.0, 12.500000000000005)	(62.0, 62.8333333333335)	(63.0, 16.666666666666675)	(64.0, 6.166666666666666)	(65.0, 3.0)	(66.0, 0.6666666666666666)	(67.0, 0.0)	(68.0, 0.25)	(69.0, 0.0)	(70.0, 0.0)	(71.0, 0.0)	(72.0, 0.0)	(73.0, 0.0)	(74.0, 0.0)	(75.0, 0.0)	(76.0, 0.0)	(77.0, 0.0)	(78.0, 0.0)	(79.0, 0.0)	(80.0, 0.0)	(81.0, 0.0)	(82.0, 0.0)	(83.0, 0.0)	(84.0, 0.0)	(85.0, 0.0)	(86.0, 0.0)	(87.0, 0.0)	(88.0, 0.0)	(89.0, 0.0)	(90.0, 0.0)	(91.0, 0.0)	(92.0, 0.0)	(93.0, 0.0)	(94.0, 0.0)	(95.0, 0.0)	(96.0, 0.0)	(97.0, 0.0)	(98.0, 0.0)	(99.0, 0.0)	(100.0, 0.0)
3969R_R_F_S2_diabetes_S18_L001_R2_001	(0.0, 0.0)	(1.0, 0.0)	(2.0, 0.0)	(3.0, 0.0)	(4.0, 0.0)	(5.0, 0.0)	(6.0, 0.0)	(7.0, 0.0)	(8.0, 0.0)	(9.0, 0.0)	(10.0, 0.0)	(11.0, 0.0)	(12.0, 0.0)	(13.0, 0.0)	(14.0, 0.0)	(15.0, 0.0)	(16.0, 0.0)	(17.0, 0.0)	(18.0, 0.0)	(19.0, 0.0)	(20.0, 0.0)	(21.0, 0.0)	(22.0, 0.0)	(23.0, 0.0)	(24.0, 0.0)	(25.0, 0.0)	(26.0, 0.0)	(27.0, 0.0)	(28.0, 0.0)	(29.0, 0.3333333333333333)	(30.0, 0.0)	(31.0, 0.0)	(32.0, 0.0)	(33.0, 0.0)	(34.0, 0.0)	(35.0, 0.0)	(36.0, 1.1666666666666665)	(37.0, 3.6666666666666665)	(38.0, 6.499999999999999)	(39.0, 7.333333333333333)	(40.0, 7.166666666666667)	(41.0, 9.333333333333332)	(42.0, 14.16666666666667)	(43.0, 25.83333333333333)	(44.0, 65.83333333333343)	(45.0, 2543.1666666667065)	(46.0, 14083.166666674362)	(47.0, 5199.4999999997435)	(48.0, 1761.3333333332278)	(49.0, 836.500000000016)	(50.0, 690.0833333333383)	(51.0, 4409.750000000414)	(52.0, 5337.666666666332)	(53.0, 6323.083333332217)	(54.0, 5351.249999999696)	(55.0, 1417.4166666666395)	(56.0, 7275.833333331607)	(57.0, 7241.333333331625)	(58.0, 1034.1666666666858)	(59.0, 483.74999999999767)	(60.0, 407.49999999999903)	(61.0, 365.83333333333246)	(62.0, 238.08333333333348)	(63.0, 177.83333333333334)	(64.0, 165.83333333333337)	(65.0, 137.16666666666666)	(66.0, 111.66666666666664)	(67.0, 102.16666666666666)	(68.0, 98.16666666666666)	(69.0, 74.33333333333334)	(70.0, 55.33333333333334)	(71.0, 49.25000000000003)	(72.0, 72.99999999999996)	(73.0, 34.50000000000001)	(74.0, 14.166666666666668)	(75.0, 6.666666666666666)	(76.0, 1.8333333333333333)	(77.0, 0.5)	(78.0, 2.0)	(79.0, 1.8333333333333333)	(80.0, 0.5833333333333333)	(81.0, 0.25)	(82.0, 0.0)	(83.0, 0.0)	(84.0, 0.0)	(85.0, 0.0)	(86.0, 0.0)	(87.0, 0.0)	(88.0, 0.0)	(89.0, 0.0)	(90.0, 0.0)	(91.0, 0.0)	(92.0, 0.0)	(93.0, 0.0)	(94.0, 0.3333333333333333)	(95.0, 0.25)	(96.0, 0.75)	(97.0, 0.5)	(98.0, 0.0)	(99.0, 0.5)	(100.0, 1.0)
3969R_R_F_S2_week5_S57_L001_R1_001	(0.0, 0.0)	(1.0, 0.0)	(2.0, 0.0)	(3.0, 0.0)	(4.0, 0.0)	(5.0, 0.0)	(6.0, 0.0)	(7.0, 0.0)	(8.0, 0.0)	(9.0, 0.0)	(10.0, 0.0)	(11.0, 0.0)	(12.0, 0.0)	(13.0, 0.0)	(14.0, 0.0)	(15.0, 0.0)	(16.0, 0.0)	(17.0, 0.0)	(18.0, 0.0)	(19.0, 0.0)	(20.0, 0.0)	(21.0, 0.0)	(22.0, 0.0)	(23.0, 0.0)	(24.0, 0.0)	(25.0, 0.0)	(26.0, 0.0)	(27.0, 0.0)	(28.0, 0.0)	(29.0, 0.0)	(30.0, 0.0)	(31.0, 0.0)	(32.0, 0.0)	(33.0, 0.0)	(34.0, 0.0)	(35.0, 0.25)	(36.0, 0.25)	(37.0, 0.25)	(38.0, 0.0)	(39.0, 0.3333333333333333)	(40.0, 0.5)	(41.0, 1.5833333333333333)	(42.0, 5.083333333333333)	(43.0, 28.416666666666664)	(44.0, 97.08333333333333)	(45.0, 137.58333333333334)	(46.0, 281.6666666666674)	(47.0, 12987.666666672327)	(48.0, 14567.750000008491)	(49.0, 3121.5833333336113)	(50.0, 3907.9166666672863)	(51.0, 15973.250000010948)	(52.0, 19887.83333333259)	(53.0, 7454.166666664453)	(54.0, 2328.9166666666083)	(55.0, 660.5833333333378)	(56.0, 221.7500000000011)	(57.0, 90.74999999999994)	(58.0, 146.99999999999986)	(59.0, 136.3333333333329)	(60.0, 32.083333333333314)	(61.0, 21.66666666666666)	(62.0, 45.4166666666667)	(63.0, 9.333333333333332)	(64.0, 4.833333333333333)	(65.0, 1.5)	(66.0, 0.5)	(67.0, 1.0)	(68.0, 0.5)	(69.0, 0.0)	(70.0, 0.0)	(71.0, 0.0)	(72.0, 0.0)	(73.0, 0.0)	(74.0, 0.0)	(75.0, 0.0)	(76.0, 0.0)	(77.0, 0.0)	(78.0, 0.0)	(79.0, 0.0)	(80.0, 0.0)	(81.0, 0.0)	(82.0, 0.0)	(83.0, 0.0)	(84.0, 0.0)	(85.0, 0.0)	(86.0, 0.0)	(87.0, 0.0)	(88.0, 0.0)	(89.0, 0.0)	(90.0, 0.0)	(91.0, 0.0)	(92.0, 0.0)	(93.0, 0.0)	(94.0, 0.0)	(95.0, 0.0)	(96.0, 0.0)	(97.0, 0.0)	(98.0, 0.0)	(99.0, 0.0)	(100.0, 0.0)
3969R_R_F_S2_week5_S57_L001_R2_001	(0.0, 0.0)	(1.0, 0.0)	(2.0, 0.0)	(3.0, 0.0)	(4.0, 0.0)	(5.0, 0.0)	(6.0, 0.0)	(7.0, 0.0)	(8.0, 0.0)	(9.0, 0.0)	(10.0, 0.0)	(11.0, 0.0)	(12.0, 0.0)	(13.0, 0.0)	(14.0, 0.0)	(15.0, 0.0)	(16.0, 0.0)	(17.0, 0.0)	(18.0, 0.0)	(19.0, 0.0)	(20.0, 0.0)	(21.0, 0.0)	(22.0, 0.0)	(23.0, 0.0)	(24.0, 0.0)	(25.0, 0.0)	(26.0, 0.6666666666666666)	(27.0, 0.6666666666666666)	(28.0, 0.3333333333333333)	(29.0, 0.0)	(30.0, 0.3333333333333333)	(31.0, 0.8333333333333333)	(32.0, 1.0)	(33.0, 1.3333333333333333)	(34.0, 1.5)	(35.0, 1.5)	(36.0, 2.5)	(37.0, 4.0)	(38.0, 2.833333333333333)	(39.0, 5.333333333333333)	(40.0, 11.166666666666668)	(41.0, 16.66666666666667)	(42.0, 18.333333333333336)	(43.0, 26.499999999999993)	(44.0, 61.416666666666764)	(45.0, 1075.1666666666997)	(46.0, 11881.000000003683)	(47.0, 9114.666666665378)	(48.0, 1241.749999999994)	(49.0, 660.1666666666698)	(50.0, 612.5000000000005)	(51.0, 3544.666666667079)	(52.0, 4130.250000000622)	(53.0, 6601.249999998678)	(54.0, 6216.499999999038)	(55.0, 2124.3333333332616)	(56.0, 13603.083333338756)	(57.0, 14189.666666673058)	(58.0, 2190.4166666666083)	(59.0, 868.5000000000086)	(60.0, 726.6666666666694)	(61.0, 661.1666666666682)	(62.0, 386.333333333333)	(63.0, 285.66666666666674)	(64.0, 297.83333333333303)	(65.0, 193.0000000000001)	(66.0, 146.41666666666666)	(67.0, 136.33333333333331)	(68.0, 123.83333333333333)	(69.0, 111.5)	(70.0, 83.83333333333334)	(71.0, 62.00000000000002)	(72.0, 76.16666666666664)	(73.0, 43.833333333333364)	(74.0, 22.999999999999996)	(75.0, 11.0)	(76.0, 4.833333333333333)	(77.0, 5.0)	(78.0, 1.8333333333333333)	(79.0, 1.5)	(80.0, 1.0)	(81.0, 0.0)	(82.0, 0.0)	(83.0, 0.0)	(84.0, 0.5)	(85.0, 1.3333333333333333)	(86.0, 0.8333333333333333)	(87.0, 0.0)	(88.0, 0.0)	(89.0, 0.0)	(90.0, 0.0)	(91.0, 0.0)	(92.0, 0.3333333333333333)	(93.0, 0.0)	(94.0, 0.3333333333333333)	(95.0, 0.3333333333333333)	(96.0, 0.0)	(97.0, 0.25)	(98.0, 0.5)	(99.0, 0.0)	(100.0, 0.0)
3969R_S2_week18_S26_L001_R1_001	(0.0, 0.0)	(1.0, 0.0)	(2.0, 0.0)	(3.0, 0.0)	(4.0, 0.0)	(5.0, 0.0)	(6.0, 0.0)	(7.0, 0.0)	(8.0, 0.0)	(9.0, 0.0)	(10.0, 0.0)	(11.0, 0.0)	(12.0, 0.0)	(13.0, 0.0)	(14.0, 0.0)	(15.0, 0.0)	(16.0, 0.0)	(17.0, 0.0)	(18.0, 0.0)	(19.0, 0.0)	(20.0, 0.0)	(21.0, 0.0)	(22.0, 0.0)	(23.0, 0.0)	(24.0, 0.0)	(25.0, 0.0)	(26.0, 0.0)	(27.0, 0.0)	(28.0, 0.0)	(29.0, 0.3333333333333333)	(30.0, 0.0)	(31.0, 0.3333333333333333)	(32.0, 0.3333333333333333)	(33.0, 0.0)	(34.0, 0.0)	(35.0, 0.0)	(36.0, 0.0)	(37.0, 0.0)	(38.0, 0.0)	(39.0, 0.0)	(40.0, 0.5)	(41.0, 1.25)	(42.0, 4.25)	(43.0, 16.583333333333336)	(44.0, 68.66666666666667)	(45.0, 106.74999999999996)	(46.0, 266.1666666666687)	(47.0, 10889.500000001908)	(48.0, 11548.250000003081)	(49.0, 3039.9166666669203)	(50.0, 3238.333333333671)	(51.0, 11745.250000003422)	(52.0, 15036.750000009331)	(53.0, 4578.000000000296)	(54.0, 1225.3333333333346)	(55.0, 329.16666666666595)	(56.0, 115.74999999999963)	(57.0, 49.66666666666671)	(58.0, 50.75000000000007)	(59.0, 43.583333333333364)	(60.0, 9.499999999999998)	(61.0, 11.833333333333334)	(62.0, 52.66666666666675)	(63.0, 11.166666666666668)	(64.0, 2.8333333333333335)	(65.0, 1.5)	(66.0, 0.8333333333333333)	(67.0, 0.3333333333333333)	(68.0, 0.3333333333333333)	(69.0, 0.0)	(70.0, 0.0)	(71.0, 0.0)	(72.0, 0.0)	(73.0, 0.0)	(74.0, 0.0)	(75.0, 0.0)	(76.0, 0.0)	(77.0, 0.0)	(78.0, 0.0)	(79.0, 0.0)	(80.0, 0.0)	(81.0, 0.0)	(82.0, 0.0)	(83.0, 0.0)	(84.0, 0.0)	(85.0, 0.0)	(86.0, 0.0)	(87.0, 0.0)	(88.0, 0.0)	(89.0, 0.0)	(90.0, 0.0)	(91.0, 0.0)	(92.0, 0.0)	(93.0, 0.0)	(94.0, 0.0)	(95.0, 0.0)	(96.0, 0.0)	(97.0, 0.0)	(98.0, 0.0)	(99.0, 0.0)	(100.0, 0.0)
3969R_S2_week18_S26_L001_R2_001	(0.0, 0.0)	(1.0, 0.0)	(2.0, 0.0)	(3.0, 0.0)	(4.0, 0.0)	(5.0, 0.0)	(6.0, 0.0)	(7.0, 0.0)	(8.0, 0.0)	(9.0, 0.0)	(10.0, 0.0)	(11.0, 0.0)	(12.0, 0.0)	(13.0, 0.0)	(14.0, 0.0)	(15.0, 0.0)	(16.0, 0.0)	(17.0, 0.0)	(18.0, 0.0)	(19.0, 0.0)	(20.0, 0.0)	(21.0, 0.0)	(22.0, 0.0)	(23.0, 0.0)	(24.0, 0.0)	(25.0, 0.0)	(26.0, 0.0)	(27.0, 0.0)	(28.0, 0.0)	(29.0, 0.0)	(30.0, 0.0)	(31.0, 0.0)	(32.0, 0.5)	(33.0, 1.5)	(34.0, 2.0)	(35.0, 1.5)	(36.0, 1.5)	(37.0, 3.5)	(38.0, 7.166666666666666)	(39.0, 11.666666666666666)	(40.0, 14.833333333333334)	(41.0, 16.0)	(42.0, 18.666666666666664)	(43.0, 26.499999999999993)	(44.0, 58.666666666666735)	(45.0, 2032.2499999998208)	(46.0, 10669.833333334844)	(47.0, 3702.583333333884)	(48.0, 1353.4166666666413)	(49.0, 638.5000000000026)	(50.0, 507.49999999999415)	(51.0, 2314.749999999939)	(52.0, 2906.2500000001683)	(53.0, 4600.916666666936)	(54.0, 4020.66666666726)	(55.0, 1212.5833333333305)	(56.0, 10134.916666666959)	(57.0, 10935.750000001659)	(58.0, 1505.6666666666279)	(59.0, 599.833333333333)	(60.0, 411.9999999999988)	(61.0, 331.1666666666667)	(62.0, 253.50000000000017)	(63.0, 200.83333333333343)	(64.0, 180.16666666666674)	(65.0, 138.5)	(66.0, 107.33333333333333)	(67.0, 93.33333333333334)	(68.0, 85.5)	(69.0, 80.0)	(70.0, 58.166666666666664)	(71.0, 40.83333333333333)	(72.0, 66.66666666666667)	(73.0, 30.49999999999999)	(74.0, 12.833333333333332)	(75.0, 9.5)	(76.0, 5.5)	(77.0, 2.5)	(78.0, 3.0)	(79.0, 2.5)	(80.0, 0.5)	(81.0, 0.0)	(82.0, 0.3333333333333333)	(83.0, 0.0)	(84.0, 0.0)	(85.0, 0.0)	(86.0, 0.0)	(87.0, 0.0)	(88.0, 0.0)	(89.0, 0.25)	(90.0, 0.5)	(91.0, 0.8333333333333333)	(92.0, 0.0)	(93.0, 0.0)	(94.0, 0.5)	(95.0, 0.5)	(96.0, 0.0)	(97.0, 0.3333333333333333)	(98.0, 0.0)	(99.0, 0.0)	(100.0, 0.0)
3980R_0_F_S2_diabetes_S19_L001_R1_001	(0.0, 0.0)	(1.0, 0.0)	(2.0, 0.0)	(3.0, 0.0)	(4.0, 0.0)	(5.0, 0.0)	(6.0, 0.0)	(7.0, 0.0)	(8.0, 0.0)	(9.0, 0.0)	(10.0, 0.0)	(11.0, 0.0)	(12.0, 0.0)	(13.0, 0.0)	(14.0, 0.0)	(15.0, 0.0)	(16.0, 0.0)	(17.0, 0.0)	(18.0, 0.0)	(19.0, 0.0)	(20.0, 0.0)	(21.0, 0.0)	(22.0, 0.0)	(23.0, 0.0)	(24.0, 0.0)	(25.0, 0.0)	(26.0, 0.0)	(27.0, 0.0)	(28.0, 0.0)	(29.0, 0.0)	(30.0, 0.0)	(31.0, 0.0)	(32.0, 0.0)	(33.0, 0.0)	(34.0, 0.5833333333333333)	(35.0, 0.8333333333333333)	(36.0, 0.0)	(37.0, 0.0)	(38.0, 0.0)	(39.0, 0.25)	(40.0, 0.0)	(41.0, 1.3333333333333333)	(42.0, 5.0)	(43.0, 23.416666666666664)	(44.0, 75.91666666666666)	(45.0, 119.41666666666657)	(46.0, 322.99999999999864)	(47.0, 11730.750000003436)	(48.0, 12179.250000004215)	(49.0, 2598.250000000057)	(50.0, 3183.083333333646)	(51.0, 13638.916666673469)	(52.0, 18062.75000000572)	(53.0, 9543.833333332806)	(54.0, 4656.750000000231)	(55.0, 603.2499999999985)	(56.0, 254.16666666666805)	(57.0, 124.41666666666643)	(58.0, 74.33333333333339)	(59.0, 47.166666666666714)	(60.0, 17.666666666666668)	(61.0, 17.41666666666667)	(62.0, 66.83333333333347)	(63.0, 15.416666666666671)	(64.0, 5.416666666666667)	(65.0, 2.333333333333333)	(66.0, 0.6666666666666666)	(67.0, 0.0)	(68.0, 0.0)	(69.0, 0.5)	(70.0, 0.5)	(71.0, 0.0)	(72.0, 0.0)	(73.0, 0.0)	(74.0, 0.0)	(75.0, 0.0)	(76.0, 0.0)	(77.0, 0.0)	(78.0, 0.0)	(79.0, 0.0)	(80.0, 0.0)	(81.0, 0.0)	(82.0, 0.0)	(83.0, 0.0)	(84.0, 0.0)	(85.0, 0.0)	(86.0, 0.0)	(87.0, 0.0)	(88.0, 0.0)	(89.0, 0.0)	(90.0, 0.0)	(91.0, 0.0)	(92.0, 0.0)	(93.0, 0.0)	(94.0, 0.0)	(95.0, 0.0)	(96.0, 0.0)	(97.0, 0.0)	(98.0, 0.0)	(99.0, 0.0)	(100.0, 0.0)
3980R_0_F_S2_diabetes_S19_L001_R2_001	(0.0, 0.0)	(1.0, 0.0)	(2.0, 0.0)	(3.0, 0.0)	(4.0, 0.0)	(5.0, 0.0)	(6.0, 0.0)	(7.0, 0.0)	(8.0, 0.0)	(9.0, 0.0)	(10.0, 0.0)	(11.0, 0.0)	(12.0, 0.0)	(13.0, 0.0)	(14.0, 0.0)	(15.0, 0.0)	(16.0, 0.0)	(17.0, 0.0)	(18.0, 0.0)	(19.0, 0.0)	(20.0, 0.0)	(21.0, 0.0)	(22.0, 0.0)	(23.0, 0.0)	(24.0, 0.0)	(25.0, 0.0)	(26.0, 0.0)	(27.0, 0.3333333333333333)	(28.0, 0.6666666666666666)	(29.0, 0.6666666666666666)	(30.0, 0.3333333333333333)	(31.0, 0.0)	(32.0, 0.0)	(33.0, 0.0)	(34.0, 0.0)	(35.0, 1.0)	(36.0, 1.5)	(37.0, 2.833333333333333)	(38.0, 3.6666666666666665)	(39.0, 5.0)	(40.0, 7.0)	(41.0, 6.166666666666667)	(42.0, 12.666666666666668)	(43.0, 25.16666666666666)	(44.0, 57.83333333333343)	(45.0, 2304.9999999999327)	(46.0, 11693.83333333671)	(47.0, 3496.0000000004566)	(48.0, 989.0000000000337)	(49.0, 523.6666666666614)	(50.0, 489.833333333328)	(51.0, 3929.2500000006066)	(52.0, 4522.833333333677)	(53.0, 4614.500000000249)	(54.0, 4109.333333333941)	(55.0, 1955.5833333332323)	(56.0, 14955.583333341596)	(57.0, 13069.500000004986)	(58.0, 1637.8333333332766)	(59.0, 683.16666666667)	(60.0, 644.7500000000013)	(61.0, 613.8333333333342)	(62.0, 367.4999999999998)	(63.0, 266.8333333333334)	(64.0, 238.16666666666688)	(65.0, 177.0)	(66.0, 140.49999999999997)	(67.0, 124.49999999999999)	(68.0, 100.33333333333331)	(69.0, 88.50000000000001)	(70.0, 89.0)	(71.0, 73.16666666666667)	(72.0, 92.6666666666666)	(73.0, 45.000000000000014)	(74.0, 25.666666666666664)	(75.0, 17.999999999999996)	(76.0, 9.666666666666666)	(77.0, 5.833333333333333)	(78.0, 3.0)	(79.0, 2.5)	(80.0, 3.6666666666666665)	(81.0, 1.9999999999999998)	(82.0, 0.0)	(83.0, 0.5)	(84.0, 0.5)	(85.0, 0.0)	(86.0, 0.0)	(87.0, 0.0)	(88.0, 0.0)	(89.0, 0.5)	(90.0, 0.5)	(91.0, 0.0)	(92.0, 0.25)	(93.0, 0.0)	(94.0, 0.0)	(95.0, 0.0)	(96.0, 0.0)	(97.0, 0.0)	(98.0, 0.3333333333333333)	(99.0, 0.0)	(100.0, 0.5)
3980R_0_F_S2_week5_S58_L001_R1_001	(0.0, 0.0)	(1.0, 0.0)	(2.0, 0.0)	(3.0, 0.0)	(4.0, 0.0)	(5.0, 0.0)	(6.0, 0.0)	(7.0, 0.0)	(8.0, 0.0)	(9.0, 0.0)	(10.0, 0.0)	(11.0, 0.0)	(12.0, 0.0)	(13.0, 0.0)	(14.0, 0.0)	(15.0, 0.0)	(16.0, 0.0)	(17.0, 0.0)	(18.0, 0.0)	(19.0, 0.0)	(20.0, 0.0)	(21.0, 0.0)	(22.0, 0.0)	(23.0, 0.0)	(24.0, 0.0)	(25.0, 0.0)	(26.0, 0.0)	(27.0, 0.0)	(28.0, 0.0)	(29.0, 0.0)	(30.0, 0.0)	(31.0, 0.0)	(32.0, 0.0)	(33.0, 0.0)	(34.0, 0.0)	(35.0, 0.0)	(36.0, 0.0)	(37.0, 0.25)	(38.0, 0.25)	(39.0, 0.75)	(40.0, 0.5)	(41.0, 0.0)	(42.0, 5.166666666666667)	(43.0, 23.249999999999996)	(44.0, 72.08333333333333)	(45.0, 103.74999999999997)	(46.0, 221.5000000000016)	(47.0, 10431.250000001068)	(48.0, 11786.333333336825)	(49.0, 2738.0833333334476)	(50.0, 3389.333333333729)	(51.0, 15606.91666667699)	(52.0, 19173.00000000175)	(53.0, 6156.916666665587)	(54.0, 1774.8333333332203)	(55.0, 545.7499999999931)	(56.0, 175.41666666666706)	(57.0, 74.5)	(58.0, 140.16666666666637)	(59.0, 135.99999999999957)	(60.0, 24.166666666666657)	(61.0, 20.66666666666666)	(62.0, 68.00000000000011)	(63.0, 17.666666666666675)	(64.0, 7.499999999999999)	(65.0, 3.1666666666666665)	(66.0, 2.1666666666666665)	(67.0, 1.5)	(68.0, 0.5)	(69.0, 0.0)	(70.0, 0.0)	(71.0, 0.0)	(72.0, 0.0)	(73.0, 0.0)	(74.0, 0.0)	(75.0, 0.0)	(76.0, 0.0)	(77.0, 0.0)	(78.0, 0.0)	(79.0, 0.0)	(80.0, 0.0)	(81.0, 0.0)	(82.0, 0.0)	(83.0, 0.0)	(84.0, 0.0)	(85.0, 0.0)	(86.0, 0.0)	(87.0, 0.0)	(88.0, 0.0)	(89.0, 0.0)	(90.0, 0.0)	(91.0, 0.0)	(92.0, 0.0)	(93.0, 0.0)	(94.0, 0.0)	(95.0, 0.0)	(96.0, 0.0)	(97.0, 0.0)	(98.0, 0.0)	(99.0, 0.0)	(100.0, 0.0)
3980R_0_F_S2_week5_S58_L001_R2_001	(0.0, 0.0)	(1.0, 0.0)	(2.0, 0.0)	(3.0, 0.0)	(4.0, 0.0)	(5.0, 0.0)	(6.0, 0.0)	(7.0, 0.0)	(8.0, 0.0)	(9.0, 0.0)	(10.0, 0.0)	(11.0, 0.0)	(12.0, 0.0)	(13.0, 0.0)	(14.0, 0.0)	(15.0, 0.0)	(16.0, 0.0)	(17.0, 0.0)	(18.0, 0.0)	(19.0, 0.0)	(20.0, 0.0)	(21.0, 0.0)	(22.0, 0.0)	(23.0, 0.0)	(24.0, 0.0)	(25.0, 0.0)	(26.0, 0.3333333333333333)	(27.0, 0.3333333333333333)	(28.0, 0.0)	(29.0, 0.0)	(30.0, 0.0)	(31.0, 0.0)	(32.0, 0.0)	(33.0, 0.0)	(34.0, 0.3333333333333333)	(35.0, 1.8333333333333333)	(36.0, 3.0)	(37.0, 3.0)	(38.0, 5.166666666666667)	(39.0, 6.333333333333334)	(40.0, 5.333333333333334)	(41.0, 8.166666666666668)	(42.0, 14.333333333333334)	(43.0, 22.666666666666664)	(44.0, 54.666666666666714)	(45.0, 949.8333333333698)	(46.0, 9584.083333332874)	(47.0, 7009.499999998122)	(48.0, 983.6666666667029)	(49.0, 589.0833333333326)	(50.0, 514.2499999999942)	(51.0, 2947.500000000184)	(52.0, 3509.8333333337437)	(53.0, 5562.4999999995125)	(54.0, 5156.999999999851)	(55.0, 1882.0833333332557)	(56.0, 13388.08333333859)	(57.0, 14097.916666673103)	(58.0, 2003.1666666665706)	(59.0, 833.333333333341)	(60.0, 687.333333333336)	(61.0, 592.6666666666673)	(62.0, 382.66666666666623)	(63.0, 308.83333333333326)	(64.0, 280.3333333333335)	(65.0, 169.83333333333346)	(66.0, 140.66666666666666)	(67.0, 145.66666666666666)	(68.0, 130.5)	(69.0, 98.66666666666666)	(70.0, 70.16666666666667)	(71.0, 53.500000000000014)	(72.0, 77.83333333333324)	(73.0, 37.66666666666667)	(74.0, 21.166666666666668)	(75.0, 12.5)	(76.0, 5.833333333333333)	(77.0, 2.0)	(78.0, 1.3333333333333333)	(79.0, 1.0)	(80.0, 0.8333333333333333)	(81.0, 0.0)	(82.0, 0.3333333333333333)	(83.0, 0.0)	(84.0, 0.0)	(85.0, 1.0)	(86.0, 1.5)	(87.0, 0.5)	(88.0, 0.0)	(89.0, 0.0)	(90.0, 0.0)	(91.0, 0.0)	(92.0, 0.5)	(93.0, 0.5)	(94.0, 0.0)	(95.0, 0.0)	(96.0, 0.0)	(97.0, 0.3333333333333333)	(98.0, 0.0)	(99.0, 0.0)	(100.0, 0.5)
3980R_L_F_S2_Pellet_week9_S83_L001_R1_001	(0.0, 0.0)	(1.0, 0.0)	(2.0, 0.0)	(3.0, 0.0)	(4.0, 0.0)	(5.0, 0.0)	(6.0, 0.0)	(7.0, 0.0)	(8.0, 0.0)	(9.0, 0.0)	(10.0, 0.0)	(11.0, 0.0)	(12.0, 0.0)	(13.0, 0.0)	(14.0, 0.0)	(15.0, 0.0)	(16.0, 0.0)	(17.0, 0.0)	(18.0, 0.0)	(19.0, 0.0)	(20.0, 0.0)	(21.0, 0.0)	(22.0, 0.0)	(23.0, 0.0)	(24.0, 0.0)	(25.0, 0.0)	(26.0, 0.0)	(27.0, 0.0)	(28.0, 0.0)	(29.0, 0.0)	(30.0, 0.0)	(31.0, 0.0)	(32.0, 0.25)	(33.0, 0.0)	(34.0, 0.0)	(35.0, 0.0)	(36.0, 0.25)	(37.0, 0.25)	(38.0, 0.3333333333333333)	(39.0, 0.0)	(40.0, 0.5)	(41.0, 1.1666666666666665)	(42.0, 5.083333333333333)	(43.0, 18.166666666666664)	(44.0, 57.583333333333336)	(45.0, 87.91666666666666)	(46.0, 246.66666666666873)	(47.0, 9536.583333332803)	(48.0, 11399.83333333614)	(49.0, 4097.750000000716)	(50.0, 3863.333333333947)	(51.0, 11952.000000003798)	(52.0, 16831.833333343464)	(53.0, 6967.166666664866)	(54.0, 2085.499999999843)	(55.0, 494.5833333333248)	(56.0, 176.166666666667)	(57.0, 69.2500000000001)	(58.0, 84.33333333333323)	(59.0, 75.00000000000001)	(60.0, 16.000000000000007)	(61.0, 13.000000000000004)	(62.0, 54.00000000000011)	(63.0, 9.5)	(64.0, 3.166666666666667)	(65.0, 2.3333333333333335)	(66.0, 1.25)	(67.0, 0.8333333333333333)	(68.0, 0.0)	(69.0, 0.0)	(70.0, 0.0)	(71.0, 0.0)	(72.0, 0.0)	(73.0, 0.0)	(74.0, 0.0)	(75.0, 0.0)	(76.0, 0.0)	(77.0, 0.0)	(78.0, 0.0)	(79.0, 0.0)	(80.0, 0.0)	(81.0, 0.0)	(82.0, 0.0)	(83.0, 0.0)	(84.0, 0.0)	(85.0, 0.0)	(86.0, 0.0)	(87.0, 0.0)	(88.0, 0.0)	(89.0, 0.0)	(90.0, 0.0)	(91.0, 0.0)	(92.0, 0.0)	(93.0, 0.0)	(94.0, 0.0)	(95.0, 0.0)	(96.0, 0.0)	(97.0, 0.0)	(98.0, 0.0)	(99.0, 0.0)	(100.0, 0.0)
3980R_L_F_S2_Pellet_week9_S83_L001_R2_001	(0.0, 0.0)	(1.0, 0.0)	(2.0, 0.0)	(3.0, 0.0)	(4.0, 0.0)	(5.0, 0.0)	(6.0, 0.0)	(7.0, 0.0)	(8.0, 0.0)	(9.0, 0.0)	(10.0, 0.0)	(11.0, 0.0)	(12.0, 0.0)	(13.0, 0.0)	(14.0, 0.0)	(15.0, 0.0)	(16.0, 0.0)	(17.0, 0.0)	(18.0, 0.0)	(19.0, 0.0)	(20.0, 0.0)	(21.0, 0.0)	(22.0, 0.0)	(23.0, 0.0)	(24.0, 0.0)	(25.0, 0.0)	(26.0, 0.0)	(27.0, 0.0)	(28.0, 0.0)	(29.0, 0.3333333333333333)	(30.0, 0.3333333333333333)	(31.0, 0.0)	(32.0, 0.0)	(33.0, 0.0)	(34.0, 0.0)	(35.0, 0.5)	(36.0, 0.5)	(37.0, 0.0)	(38.0, 0.8333333333333333)	(39.0, 3.833333333333333)	(40.0, 7.166666666666666)	(41.0, 8.5)	(42.0, 13.166666666666668)	(43.0, 19.333333333333332)	(44.0, 39.83333333333334)	(45.0, 1153.0000000000152)	(46.0, 8983.666666665134)	(47.0, 4862.166666666717)	(48.0, 1127.33333333335)	(49.0, 562.6666666666654)	(50.0, 498.83333333332774)	(51.0, 3587.9166666671244)	(52.0, 4329.166666667162)	(53.0, 6440.749999998764)	(54.0, 5541.166666666198)	(55.0, 1648.5833333332794)	(56.0, 11239.083333335328)	(57.0, 11516.66666666922)	(58.0, 1608.8333333332805)	(59.0, 671.6666666666704)	(60.0, 545.0833333333326)	(61.0, 477.9166666666653)	(62.0, 331.66666666666663)	(63.0, 273.8333333333333)	(64.0, 225.2500000000003)	(65.0, 166.5)	(66.0, 154.0)	(67.0, 140.0)	(68.0, 108.33333333333334)	(69.0, 83.0)	(70.0, 72.33333333333334)	(71.0, 58.66666666666667)	(72.0, 72.66666666666666)	(73.0, 42.500000000000014)	(74.0, 19.0)	(75.0, 10.833333333333332)	(76.0, 7.5)	(77.0, 5.5)	(78.0, 3.333333333333333)	(79.0, 1.0)	(80.0, 0.0)	(81.0, 0.0)	(82.0, 0.0)	(83.0, 0.0)	(84.0, 0.5)	(85.0, 0.5)	(86.0, 0.5)	(87.0, 0.8333333333333333)	(88.0, 0.6666666666666666)	(89.0, 0.8333333333333333)	(90.0, 0.5)	(91.0, 1.0)	(92.0, 1.75)	(93.0, 0.75)	(94.0, 0.0)	(95.0, 0.0)	(96.0, 0.0)	(97.0, 0.0)	(98.0, 0.0)	(99.0, 0.0)	(100.0, 1.0)
3980R_L_F_S2_week5_S59_L001_R1_001	(0.0, 0.0)	(1.0, 0.0)	(2.0, 0.0)	(3.0, 0.0)	(4.0, 0.0)	(5.0, 0.0)	(6.0, 0.0)	(7.0, 0.0)	(8.0, 0.0)	(9.0, 0.0)	(10.0, 0.0)	(11.0, 0.0)	(12.0, 0.0)	(13.0, 0.0)	(14.0, 0.0)	(15.0, 0.0)	(16.0, 0.0)	(17.0, 0.0)	(18.0, 0.0)	(19.0, 0.0)	(20.0, 0.0)	(21.0, 0.0)	(22.0, 0.0)	(23.0, 0.0)	(24.0, 0.0)	(25.0, 0.0)	(26.0, 0.0)	(27.0, 0.0)	(28.0, 0.0)	(29.0, 0.0)	(30.0, 0.0)	(31.0, 0.0)	(32.0, 0.0)	(33.0, 0.0)	(34.0, 0.25)	(35.0, 0.0)	(36.0, 0.0)	(37.0, 0.0)	(38.0, 0.5)	(39.0, 1.3333333333333333)	(40.0, 1.9166666666666665)	(41.0, 3.0833333333333335)	(42.0, 8.583333333333334)	(43.0, 27.5)	(44.0, 110.66666666666667)	(45.0, 163.50000000000003)	(46.0, 321.9999999999985)	(47.0, 15085.250000009444)	(48.0, 16936.166666676465)	(49.0, 3948.5833333339797)	(50.0, 4381.166666667133)	(51.0, 12350.500000004484)	(52.0, 17583.750000007436)	(53.0, 8505.833333330997)	(54.0, 2226.166666666566)	(55.0, 609.0833333333329)	(56.0, 202.08333333333442)	(57.0, 81.08333333333333)	(58.0, 110.583333333333)	(59.0, 101.33333333333303)	(60.0, 19.25)	(61.0, 9.666666666666666)	(62.0, 49.3333333333334)	(63.0, 14.500000000000007)	(64.0, 4.166666666666666)	(65.0, 2.5)	(66.0, 1.3333333333333333)	(67.0, 1.3333333333333333)	(68.0, 0.3333333333333333)	(69.0, 0.0)	(70.0, 0.0)	(71.0, 0.0)	(72.0, 0.0)	(73.0, 0.0)	(74.0, 0.0)	(75.0, 0.0)	(76.0, 0.0)	(77.0, 0.0)	(78.0, 0.0)	(79.0, 0.0)	(80.0, 0.0)	(81.0, 0.0)	(82.0, 0.0)	(83.0, 0.0)	(84.0, 0.0)	(85.0, 0.0)	(86.0, 0.0)	(87.0, 0.0)	(88.0, 0.0)	(89.0, 0.0)	(90.0, 0.0)	(91.0, 0.0)	(92.0, 0.0)	(93.0, 0.0)	(94.0, 0.0)	(95.0, 0.0)	(96.0, 0.0)	(97.0, 0.0)	(98.0, 0.0)	(99.0, 0.0)	(100.0, 0.0)
3980R_L_F_S2_week5_S59_L001_R2_001	(0.0, 0.0)	(1.0, 0.0)	(2.0, 0.0)	(3.0, 0.0)	(4.0, 0.0)	(5.0, 0.0)	(6.0, 0.0)	(7.0, 0.0)	(8.0, 0.0)	(9.0, 0.0)	(10.0, 0.0)	(11.0, 0.0)	(12.0, 0.0)	(13.0, 0.0)	(14.0, 0.0)	(15.0, 0.0)	(16.0, 0.0)	(17.0, 0.0)	(18.0, 0.0)	(19.0, 0.0)	(20.0, 0.0)	(21.0, 0.0)	(22.0, 0.0)	(23.0, 0.0)	(24.0, 0.0)	(25.0, 0.0)	(26.0, 0.0)	(27.0, 0.0)	(28.0, 0.0)	(29.0, 0.0)	(30.0, 0.5)	(31.0, 1.0)	(32.0, 0.5)	(33.0, 0.0)	(34.0, 0.0)	(35.0, 0.5)	(36.0, 1.0)	(37.0, 2.5)	(38.0, 3.333333333333333)	(39.0, 6.333333333333334)	(40.0, 11.5)	(41.0, 15.166666666666666)	(42.0, 21.583333333333336)	(43.0, 38.583333333333336)	(44.0, 70.83333333333334)	(45.0, 1463.166666666615)	(46.0, 14047.333333340966)	(47.0, 9707.08333333311)	(48.0, 1328.5833333333123)	(49.0, 702.3333333333399)	(50.0, 678.1666666666717)	(51.0, 4617.500000000251)	(52.0, 5372.083333333006)	(53.0, 7730.249999997717)	(54.0, 6927.9166666651645)	(55.0, 1974.9999999999125)	(56.0, 10769.25000000118)	(57.0, 10978.58333333494)	(58.0, 1630.499999999949)	(59.0, 709.750000000004)	(60.0, 626.6666666666677)	(61.0, 552.6666666666656)	(62.0, 345.8333333333332)	(63.0, 253.41666666666686)	(64.0, 242.66666666666694)	(65.0, 179.5833333333334)	(66.0, 148.16666666666666)	(67.0, 136.83333333333331)	(68.0, 111.99999999999997)	(69.0, 84.83333333333333)	(70.0, 69.99999999999999)	(71.0, 63.50000000000001)	(72.0, 71.8333333333333)	(73.0, 28.999999999999993)	(74.0, 16.5)	(75.0, 12.0)	(76.0, 6.5)	(77.0, 4.833333333333333)	(78.0, 2.333333333333333)	(79.0, 0.8333333333333333)	(80.0, 1.0)	(81.0, 0.5)	(82.0, 0.0)	(83.0, 0.0)	(84.0, 1.0)	(85.0, 1.0)	(86.0, 0.0)	(87.0, 0.0)	(88.0, 0.0)	(89.0, 0.0)	(90.0, 0.0)	(91.0, 0.0)	(92.0, 0.0)	(93.0, 0.0)	(94.0, 0.0)	(95.0, 0.0)	(96.0, 0.0)	(97.0, 0.0)	(98.0, 0.0)	(99.0, 0.0)	(100.0, 0.5)
3980R_R_F_S2_Pellet_week9_S84_L001_R1_001	(0.0, 0.0)	(1.0, 0.0)	(2.0, 0.0)	(3.0, 0.0)	(4.0, 0.0)	(5.0, 0.0)	(6.0, 0.0)	(7.0, 0.0)	(8.0, 0.0)	(9.0, 0.0)	(10.0, 0.0)	(11.0, 0.0)	(12.0, 0.0)	(13.0, 0.0)	(14.0, 0.0)	(15.0, 0.0)	(16.0, 0.0)	(17.0, 0.0)	(18.0, 0.0)	(19.0, 0.0)	(20.0, 0.0)	(21.0, 0.0)	(22.0, 0.0)	(23.0, 0.0)	(24.0, 0.0)	(25.0, 0.0)	(26.0, 0.0)	(27.0, 0.0)	(28.0, 0.0)	(29.0, 0.0)	(30.0, 0.0)	(31.0, 0.0)	(32.0, 0.25)	(33.0, 0.5833333333333333)	(34.0, 0.3333333333333333)	(35.0, 0.0)	(36.0, 0.0)	(37.0, 0.0)	(38.0, 0.6666666666666666)	(39.0, 0.6666666666666666)	(40.0, 0.5)	(41.0, 1.5833333333333333)	(42.0, 5.333333333333334)	(43.0, 22.75)	(44.0, 79.16666666666669)	(45.0, 123.4166666666666)	(46.0, 304.4999999999993)	(47.0, 12338.166666671159)	(48.0, 13645.16666667349)	(49.0, 3478.1666666671)	(50.0, 3500.166666667108)	(51.0, 12255.666666670977)	(52.0, 16956.083333343013)	(53.0, 6816.666666665004)	(54.0, 1890.1666666665255)	(55.0, 510.9166666666572)	(56.0, 174.41666666666703)	(57.0, 67.25000000000007)	(58.0, 71.4166666666667)	(59.0, 62.83333333333344)	(60.0, 18.75)	(61.0, 11.333333333333334)	(62.0, 52.50000000000009)	(63.0, 10.0)	(64.0, 4.833333333333333)	(65.0, 2.1666666666666665)	(66.0, 1.0)	(67.0, 0.0)	(68.0, 0.0)	(69.0, 0.0)	(70.0, 0.0)	(71.0, 0.0)	(72.0, 0.0)	(73.0, 0.0)	(74.0, 0.0)	(75.0, 0.0)	(76.0, 0.0)	(77.0, 0.0)	(78.0, 0.0)	(79.0, 0.0)	(80.0, 0.0)	(81.0, 0.0)	(82.0, 0.0)	(83.0, 0.0)	(84.0, 0.0)	(85.0, 0.0)	(86.0, 0.0)	(87.0, 0.0)	(88.0, 0.0)	(89.0, 0.0)	(90.0, 0.0)	(91.0, 0.0)	(92.0, 0.0)	(93.0, 0.0)	(94.0, 0.0)	(95.0, 0.0)	(96.0, 0.0)	(97.0, 0.0)	(98.0, 0.0)	(99.0, 0.0)	(100.0, 0.0)
3980R_R_F_S2_Pellet_week9_S84_L001_R2_001	(0.0, 0.0)	(1.0, 0.0)	(2.0, 0.0)	(3.0, 0.0)	(4.0, 0.0)	(5.0, 0.0)	(6.0, 0.0)	(7.0, 0.0)	(8.0, 0.0)	(9.0, 0.0)	(10.0, 0.0)	(11.0, 0.0)	(12.0, 0.0)	(13.0, 0.0)	(14.0, 0.0)	(15.0, 0.0)	(16.0, 0.0)	(17.0, 0.0)	(18.0, 0.0)	(19.0, 0.0)	(20.0, 0.0)	(21.0, 0.0)	(22.0, 0.0)	(23.0, 0.0)	(24.0, 0.0)	(25.0, 0.0)	(26.0, 0.0)	(27.0, 0.0)	(28.0, 0.0)	(29.0, 0.0)	(30.0, 0.0)	(31.0, 1.1666666666666665)	(32.0, 1.6666666666666665)	(33.0, 0.5)	(34.0, 0.5)	(35.0, 1.0)	(36.0, 0.5)	(37.0, 0.0)	(38.0, 1.8333333333333333)	(39.0, 5.0)	(40.0, 7.5)	(41.0, 11.0)	(42.0, 16.0)	(43.0, 21.999999999999996)	(44.0, 49.50000000000005)	(45.0, 1448.4999999999504)	(46.0, 11671.833333336657)	(47.0, 6934.166666664858)	(48.0, 1442.4166666666242)	(49.0, 670.4166666666711)	(50.0, 575.9166666666672)	(51.0, 3335.333333333665)	(52.0, 4032.1666666673045)	(53.0, 5386.666666666318)	(54.0, 4775.666666666795)	(55.0, 1581.66666666662)	(56.0, 11373.91666666895)	(57.0, 11754.583333336243)	(58.0, 1600.916666666616)	(59.0, 665.6666666666704)	(60.0, 554.1666666666656)	(61.0, 484.3333333333317)	(62.0, 288.16666666666674)	(63.0, 215.50000000000003)	(64.0, 196.3333333333335)	(65.0, 149.75000000000003)	(66.0, 129.5)	(67.0, 116.83333333333333)	(68.0, 90.0)	(69.0, 64.83333333333334)	(70.0, 56.166666666666664)	(71.0, 49.33333333333335)	(72.0, 67.66666666666667)	(73.0, 29.49999999999999)	(74.0, 18.666666666666664)	(75.0, 13.5)	(76.0, 5.0)	(77.0, 3.5)	(78.0, 3.0)	(79.0, 1.0)	(80.0, 1.3333333333333333)	(81.0, 2.333333333333333)	(82.0, 1.0)	(83.0, 0.0)	(84.0, 0.5)	(85.0, 1.0)	(86.0, 0.5)	(87.0, 0.0)	(88.0, 0.0)	(89.0, 0.3333333333333333)	(90.0, 0.3333333333333333)	(91.0, 0.0)	(92.0, 0.5)	(93.0, 0.5)	(94.0, 0.0)	(95.0, 0.0)	(96.0, 0.3333333333333333)	(97.0, 0.0)	(98.0, 0.0)	(99.0, 0.0)	(100.0, 0.0)
3980R_R_F_S2_diabetes_S20_L001_R1_001	(0.0, 0.0)	(1.0, 0.0)	(2.0, 0.0)	(3.0, 0.0)	(4.0, 0.0)	(5.0, 0.0)	(6.0, 0.0)	(7.0, 0.0)	(8.0, 0.0)	(9.0, 0.0)	(10.0, 0.0)	(11.0, 0.0)	(12.0, 0.0)	(13.0, 0.0)	(14.0, 0.0)	(15.0, 0.0)	(16.0, 0.0)	(17.0, 0.0)	(18.0, 0.0)	(19.0, 0.0)	(20.0, 0.0)	(21.0, 0.0)	(22.0, 0.0)	(23.0, 0.0)	(24.0, 0.0)	(25.0, 0.0)	(26.0, 0.0)	(27.0, 0.0)	(28.0, 0.0)	(29.0, 0.0)	(30.0, 0.0)	(31.0, 0.25)	(32.0, 0.8333333333333333)	(33.0, 0.5)	(34.0, 0.0)	(35.0, 0.0)	(36.0, 0.25)	(37.0, 0.0)	(38.0, 0.0)	(39.0, 0.6666666666666666)	(40.0, 1.9999999999999998)	(41.0, 4.5)	(42.0, 7.999999999999999)	(43.0, 32.33333333333333)	(44.0, 110.5)	(45.0, 165.91666666666674)	(46.0, 463.08333333332587)	(47.0, 18741.666666670004)	(48.0, 19540.416666667123)	(49.0, 4262.166666667244)	(50.0, 4188.916666667304)	(51.0, 13590.250000006745)	(52.0, 17262.58333334192)	(53.0, 5180.7499999997735)	(54.0, 1488.9166666666133)	(55.0, 353.58333333333115)	(56.0, 131.3333333333329)	(57.0, 54.8333333333334)	(58.0, 51.25000000000005)	(59.0, 41.50000000000001)	(60.0, 12.500000000000002)	(61.0, 7.999999999999998)	(62.0, 35.66666666666665)	(63.0, 10.333333333333334)	(64.0, 2.333333333333333)	(65.0, 0.6666666666666666)	(66.0, 0.0)	(67.0, 0.25)	(68.0, 0.0)	(69.0, 0.0)	(70.0, 0.0)	(71.0, 0.0)	(72.0, 0.0)	(73.0, 0.0)	(74.0, 0.0)	(75.0, 0.0)	(76.0, 0.0)	(77.0, 0.0)	(78.0, 0.0)	(79.0, 0.0)	(80.0, 0.0)	(81.0, 0.0)	(82.0, 0.0)	(83.0, 0.0)	(84.0, 0.0)	(85.0, 0.0)	(86.0, 0.0)	(87.0, 0.0)	(88.0, 0.0)	(89.0, 0.0)	(90.0, 0.0)	(91.0, 0.0)	(92.0, 0.0)	(93.0, 0.0)	(94.0, 0.0)	(95.0, 0.0)	(96.0, 0.0)	(97.0, 0.0)	(98.0, 0.0)	(99.0, 0.0)	(100.0, 0.0)
3980R_R_F_S2_diabetes_S20_L001_R2_001	(0.0, 0.0)	(1.0, 0.0)	(2.0, 0.0)	(3.0, 0.0)	(4.0, 0.0)	(5.0, 0.0)	(6.0, 0.0)	(7.0, 0.0)	(8.0, 0.0)	(9.0, 0.0)	(10.0, 0.0)	(11.0, 0.0)	(12.0, 0.0)	(13.0, 0.0)	(14.0, 0.0)	(15.0, 0.0)	(16.0, 0.0)	(17.0, 0.3333333333333333)	(18.0, 0.3333333333333333)	(19.0, 0.0)	(20.0, 0.0)	(21.0, 0.0)	(22.0, 0.0)	(23.0, 0.0)	(24.0, 0.0)	(25.0, 0.0)	(26.0, 0.0)	(27.0, 0.0)	(28.0, 0.3333333333333333)	(29.0, 1.0)	(30.0, 0.0)	(31.0, 1.0)	(32.0, 1.5)	(33.0, 0.5)	(34.0, 0.5)	(35.0, 0.8333333333333333)	(36.0, 1.0)	(37.0, 2.5)	(38.0, 3.0)	(39.0, 4.166666666666667)	(40.0, 5.666666666666667)	(41.0, 11.0)	(42.0, 16.666666666666668)	(43.0, 25.333333333333332)	(44.0, 76.16666666666664)	(45.0, 2808.5000000001573)	(46.0, 18176.000000005373)	(47.0, 8666.83333333125)	(48.0, 2067.333333333181)	(49.0, 893.5000000000205)	(50.0, 652.0000000000036)	(51.0, 2668.666666666725)	(52.0, 3093.6666666668943)	(53.0, 5645.166666666115)	(54.0, 4987.833333333287)	(55.0, 1423.8333333333078)	(56.0, 12059.666666669871)	(57.0, 12923.500000004631)	(58.0, 1675.3333333332764)	(59.0, 661.166666666669)	(60.0, 460.3333333333322)	(61.0, 360.33333333333314)	(62.0, 263.16666666666686)	(63.0, 206.00000000000014)	(64.0, 183.58333333333346)	(65.0, 133.5)	(66.0, 117.83333333333334)	(67.0, 112.74999999999999)	(68.0, 99.41666666666667)	(69.0, 74.0)	(70.0, 56.5)	(71.0, 51.50000000000002)	(72.0, 57.83333333333336)	(73.0, 27.333333333333325)	(74.0, 14.666666666666668)	(75.0, 11.5)	(76.0, 9.75)	(77.0, 4.0)	(78.0, 1.0)	(79.0, 0.5)	(80.0, 0.0)	(81.0, 0.0)	(82.0, 0.0)	(83.0, 0.0)	(84.0, 0.0)	(85.0, 0.5)	(86.0, 0.5)	(87.0, 0.0)	(88.0, 0.5)	(89.0, 1.3333333333333333)	(90.0, 0.5)	(91.0, 0.0)	(92.0, 0.0)	(93.0, 0.0)	(94.0, 0.0)	(95.0, 0.0)	(96.0, 0.0)	(97.0, 0.0)	(98.0, 0.3333333333333333)	(99.0, 0.3333333333333333)	(100.0, 0.0)
3980R_R_F_S2_week5_S60_L001_R1_001	(0.0, 0.0)	(1.0, 0.0)	(2.0, 0.0)	(3.0, 0.0)	(4.0, 0.0)	(5.0, 0.0)	(6.0, 0.0)	(7.0, 0.0)	(8.0, 0.0)	(9.0, 0.0)	(10.0, 0.0)	(11.0, 0.0)	(12.0, 0.0)	(13.0, 0.0)	(14.0, 0.0)	(15.0, 0.0)	(16.0, 0.0)	(17.0, 0.0)	(18.0, 0.0)	(19.0, 0.0)	(20.0, 0.0)	(21.0, 0.0)	(22.0, 0.0)	(23.0, 0.0)	(24.0, 0.0)	(25.0, 0.0)	(26.0, 0.0)	(27.0, 0.0)	(28.0, 0.0)	(29.0, 0.0)	(30.0, 0.0)	(31.0, 0.0)	(32.0, 0.25)	(33.0, 0.25)	(34.0, 0.0)	(35.0, 0.0)	(36.0, 0.5)	(37.0, 0.5)	(38.0, 0.25)	(39.0, 0.0)	(40.0, 1.3333333333333333)	(41.0, 2.0)	(42.0, 13.0)	(43.0, 43.416666666666664)	(44.0, 150.16666666666666)	(45.0, 224.3333333333335)	(46.0, 397.83333333332837)	(47.0, 19927.416666665675)	(48.0, 22498.66666665649)	(49.0, 4579.25000000029)	(50.0, 4783.333333333457)	(51.0, 10720.91666666823)	(52.0, 16180.500000011352)	(53.0, 8637.333333331213)	(54.0, 2012.4999999998317)	(55.0, 529.5833333333248)	(56.0, 184.33333333333394)	(57.0, 75.24999999999999)	(58.0, 99.74999999999976)	(59.0, 92.49999999999982)	(60.0, 17.333333333333343)	(61.0, 12.833333333333337)	(62.0, 42.333333333333364)	(63.0, 11.000000000000002)	(64.0, 2.8333333333333335)	(65.0, 3.0)	(66.0, 1.4999999999999998)	(67.0, 0.0)	(68.0, 0.0)	(69.0, 0.0)	(70.0, 0.0)	(71.0, 0.0)	(72.0, 0.0)	(73.0, 0.0)	(74.0, 0.0)	(75.0, 0.0)	(76.0, 0.0)	(77.0, 0.0)	(78.0, 0.0)	(79.0, 0.0)	(80.0, 0.0)	(81.0, 0.0)	(82.0, 0.0)	(83.0, 0.0)	(84.0, 0.0)	(85.0, 0.0)	(86.0, 0.0)	(87.0, 0.0)	(88.0, 0.0)	(89.0, 0.0)	(90.0, 0.0)	(91.0, 0.0)	(92.0, 0.0)	(93.0, 0.0)	(94.0, 0.0)	(95.0, 0.0)	(96.0, 0.0)	(97.0, 0.0)	(98.0, 0.0)	(99.0, 0.0)	(100.0, 0.0)
3980R_R_F_S2_week5_S60_L001_R2_001	(0.0, 0.0)	(1.0, 0.0)	(2.0, 0.0)	(3.0, 0.0)	(4.0, 0.0)	(5.0, 0.0)	(6.0, 0.0)	(7.0, 0.0)	(8.0, 0.0)	(9.0, 0.0)	(10.0, 0.0)	(11.0, 0.0)	(12.0, 0.0)	(13.0, 0.0)	(14.0, 0.0)	(15.0, 0.0)	(16.0, 0.0)	(17.0, 0.0)	(18.0, 0.0)	(19.0, 0.0)	(20.0, 0.0)	(21.0, 0.0)	(22.0, 0.0)	(23.0, 0.0)	(24.0, 0.0)	(25.0, 0.0)	(26.0, 0.0)	(27.0, 0.3333333333333333)	(28.0, 0.0)	(29.0, 0.3333333333333333)	(30.0, 0.8333333333333333)	(31.0, 1.1666666666666665)	(32.0, 1.9999999999999998)	(33.0, 2.3333333333333335)	(34.0, 1.0)	(35.0, 1.0)	(36.0, 2.0)	(37.0, 3.0)	(38.0, 2.5)	(39.0, 4.333333333333333)	(40.0, 10.166666666666668)	(41.0, 17.499999999999996)	(42.0, 23.666666666666668)	(43.0, 34.33333333333333)	(44.0, 66.50000000000006)	(45.0, 1059.3333333333699)	(46.0, 18227.083333338534)	(47.0, 16161.166666678042)	(48.0, 1854.666666666547)	(49.0, 940.500000000022)	(50.0, 793.3333333333433)	(51.0, 4562.750000000282)	(52.0, 5519.999999999556)	(53.0, 8415.916666664361)	(54.0, 7408.166666664736)	(55.0, 1947.1666666665838)	(56.0, 9467.083333332686)	(57.0, 9434.16666666609)	(58.0, 1445.5833333333064)	(59.0, 641.2500000000013)	(60.0, 564.9999999999999)	(61.0, 498.49999999999886)	(62.0, 337.99999999999994)	(63.0, 261.0)	(64.0, 220.83333333333366)	(65.0, 158.50000000000003)	(66.0, 130.33333333333331)	(67.0, 100.16666666666666)	(68.0, 79.99999999999999)	(69.0, 57.66666666666667)	(70.0, 49.5)	(71.0, 46.166666666666686)	(72.0, 59.00000000000002)	(73.0, 31.33333333333333)	(74.0, 12.333333333333332)	(75.0, 7.833333333333333)	(76.0, 5.5)	(77.0, 1.5)	(78.0, 2.5)	(79.0, 3.0)	(80.0, 1.5)	(81.0, 0.5)	(82.0, 0.0)	(83.0, 0.0)	(84.0, 0.5)	(85.0, 0.5)	(86.0, 0.5)	(87.0, 0.5)	(88.0, 0.0)	(89.0, 0.0)	(90.0, 0.3333333333333333)	(91.0, 0.3333333333333333)	(92.0, 0.0)	(93.0, 0.0)	(94.0, 0.0)	(95.0, 0.0)	(96.0, 0.0)	(97.0, 0.0)	(98.0, 0.0)	(99.0, 0.0)	(100.0, 0.0)
3980R_S2_week14_S23_L001_R1_001	(0.0, 0.0)	(1.0, 0.0)	(2.0, 0.0)	(3.0, 0.0)	(4.0, 0.0)	(5.0, 0.0)	(6.0, 0.0)	(7.0, 0.0)	(8.0, 0.0)	(9.0, 0.0)	(10.0, 0.0)	(11.0, 0.0)	(12.0, 0.0)	(13.0, 0.0)	(14.0, 0.0)	(15.0, 0.0)	(16.0, 0.0)	(17.0, 0.0)	(18.0, 0.0)	(19.0, 0.0)	(20.0, 0.0)	(21.0, 0.0)	(22.0, 0.0)	(23.0, 0.0)	(24.0, 0.0)	(25.0, 0.0)	(26.0, 0.0)	(27.0, 0.0)	(28.0, 0.0)	(29.0, 0.0)	(30.0, 0.0)	(31.0, 0.3333333333333333)	(32.0, 0.3333333333333333)	(33.0, 0.0)	(34.0, 0.0)	(35.0, 0.0)	(36.0, 0.25)	(37.0, 0.5)	(38.0, 0.25)	(39.0, 0.25)	(40.0, 0.5833333333333333)	(41.0, 3.166666666666667)	(42.0, 9.166666666666666)	(43.0, 32.33333333333333)	(44.0, 142.25)	(45.0, 211.91666666666677)	(46.0, 466.49999999999244)	(47.0, 17903.666666672998)	(48.0, 18597.58333333723)	(49.0, 3862.333333333937)	(50.0, 3925.083333333966)	(51.0, 14510.166666675004)	(52.0, 18410.91666667113)	(53.0, 5283.833333333021)	(54.0, 1349.083333333308)	(55.0, 469.4999999999925)	(56.0, 156.50000000000009)	(57.0, 64.00000000000007)	(58.0, 73.33333333333336)	(59.0, 59.1666666666668)	(60.0, 17.333333333333343)	(61.0, 9.499999999999996)	(62.0, 39.333333333333336)	(63.0, 11.750000000000002)	(64.0, 6.749999999999999)	(65.0, 1.9999999999999998)	(66.0, 0.8333333333333333)	(67.0, 0.5)	(68.0, 0.0)	(69.0, 0.0)	(70.0, 0.0)	(71.0, 0.0)	(72.0, 0.0)	(73.0, 0.0)	(74.0, 0.0)	(75.0, 0.0)	(76.0, 0.0)	(77.0, 0.0)	(78.0, 0.0)	(79.0, 0.0)	(80.0, 0.0)	(81.0, 0.0)	(82.0, 0.0)	(83.0, 0.0)	(84.0, 0.0)	(85.0, 0.0)	(86.0, 0.0)	(87.0, 0.0)	(88.0, 0.0)	(89.0, 0.0)	(90.0, 0.0)	(91.0, 0.0)	(92.0, 0.0)	(93.0, 0.0)	(94.0, 0.0)	(95.0, 0.0)	(96.0, 0.0)	(97.0, 0.0)	(98.0, 0.0)	(99.0, 0.0)	(100.0, 0.0)
3980R_S2_week14_S23_L001_R2_001	(0.0, 0.0)	(1.0, 0.0)	(2.0, 0.0)	(3.0, 0.0)	(4.0, 0.0)	(5.0, 0.0)	(6.0, 0.0)	(7.0, 0.0)	(8.0, 0.0)	(9.0, 0.0)	(10.0, 0.0)	(11.0, 0.0)	(12.0, 0.0)	(13.0, 0.0)	(14.0, 0.0)	(15.0, 0.0)	(16.0, 0.0)	(17.0, 0.0)	(18.0, 0.0)	(19.0, 0.0)	(20.0, 0.0)	(21.0, 0.0)	(22.0, 0.0)	(23.0, 0.0)	(24.0, 0.0)	(25.0, 0.0)	(26.0, 0.0)	(27.0, 0.0)	(28.0, 0.0)	(29.0, 0.0)	(30.0, 0.3333333333333333)	(31.0, 0.3333333333333333)	(32.0, 0.0)	(33.0, 0.5)	(34.0, 0.5)	(35.0, 1.5)	(36.0, 2.5)	(37.0, 2.6666666666666665)	(38.0, 2.1666666666666665)	(39.0, 6.583333333333334)	(40.0, 12.416666666666666)	(41.0, 17.833333333333332)	(42.0, 24.166666666666664)	(43.0, 31.33333333333332)	(44.0, 84.33333333333323)	(45.0, 3502.1666666671345)	(46.0, 17853.91666667322)	(47.0, 5210.749999999737)	(48.0, 1449.833333333289)	(49.0, 738.5000000000098)	(50.0, 611.1666666666677)	(51.0, 3071.916666666888)	(52.0, 3739.333333333828)	(53.0, 5421.74999999964)	(54.0, 4612.1666666669)	(55.0, 1564.0833333333007)	(56.0, 12958.833333337912)	(57.0, 13867.833333339422)	(58.0, 1783.6666666665978)	(59.0, 722.000000000005)	(60.0, 563.166666666666)	(61.0, 457.9999999999983)	(62.0, 303.99999999999994)	(63.0, 249.25000000000023)	(64.0, 228.166666666667)	(65.0, 176.50000000000003)	(66.0, 154.0)	(67.0, 135.66666666666663)	(68.0, 114.0)	(69.0, 100.16666666666666)	(70.0, 80.83333333333334)	(71.0, 66.83333333333334)	(72.0, 71.58333333333331)	(73.0, 28.5)	(74.0, 11.833333333333332)	(75.0, 10.75)	(76.0, 8.166666666666666)	(77.0, 5.333333333333333)	(78.0, 3.333333333333333)	(79.0, 2.0)	(80.0, 2.3333333333333335)	(81.0, 1.0)	(82.0, 0.0)	(83.0, 0.0)	(84.0, 0.0)	(85.0, 0.0)	(86.0, 0.0)	(87.0, 0.0)	(88.0, 0.3333333333333333)	(89.0, 0.3333333333333333)	(90.0, 0.0)	(91.0, 0.0)	(92.0, 0.0)	(93.0, 0.0)	(94.0, 0.0)	(95.0, 0.0)	(96.0, 0.5)	(97.0, 0.5)	(98.0, 0.0)	(99.0, 0.3333333333333333)	(100.0, 0.5)
NS6_defined_inocula_S86_L001_R1_001	(0.0, 0.0)	(1.0, 0.0)	(2.0, 0.0)	(3.0, 0.0)	(4.0, 0.0)	(5.0, 0.0)	(6.0, 0.0)	(7.0, 0.0)	(8.0, 0.0)	(9.0, 0.0)	(10.0, 0.0)	(11.0, 0.0)	(12.0, 0.0)	(13.0, 0.0)	(14.0, 0.0)	(15.0, 0.0)	(16.0, 0.0)	(17.0, 0.0)	(18.0, 0.0)	(19.0, 0.0)	(20.0, 0.0)	(21.0, 0.0)	(22.0, 0.0)	(23.0, 0.0)	(24.0, 0.0)	(25.0, 0.0)	(26.0, 0.0)	(27.0, 0.0)	(28.0, 0.0)	(29.0, 0.0)	(30.0, 0.0)	(31.0, 0.3333333333333333)	(32.0, 1.0833333333333333)	(33.0, 0.25)	(34.0, 0.0)	(35.0, 0.0)	(36.0, 0.0)	(37.0, 0.0)	(38.0, 0.5)	(39.0, 0.5)	(40.0, 0.5833333333333333)	(41.0, 2.5)	(42.0, 18.916666666666664)	(43.0, 57.666666666666664)	(44.0, 150.08333333333334)	(45.0, 368.16666666666345)	(46.0, 2159.33333333321)	(47.0, 8016.833333330579)	(48.0, 16127.833333344559)	(49.0, 5718.416666666008)	(50.0, 4190.6666666672645)	(51.0, 5061.999999999867)	(52.0, 12055.33333333726)	(53.0, 11729.91666666998)	(54.0, 10312.500000000837)	(55.0, 3312.7500000003533)	(56.0, 785.7500000000151)	(57.0, 442.91666666666003)	(58.0, 395.49999999999574)	(59.0, 415.6666666666615)	(60.0, 78.41666666666667)	(61.0, 39.99999999999999)	(62.0, 43.00000000000002)	(63.0, 8.166666666666664)	(64.0, 3.5)	(65.0, 0.3333333333333333)	(66.0, 0.5833333333333333)	(67.0, 0.3333333333333333)	(68.0, 0.3333333333333333)	(69.0, 0.5)	(70.0, 0.5)	(71.0, 0.0)	(72.0, 0.0)	(73.0, 0.0)	(74.0, 0.0)	(75.0, 0.0)	(76.0, 0.0)	(77.0, 0.0)	(78.0, 0.0)	(79.0, 0.0)	(80.0, 0.5)	(81.0, 0.5)	(82.0, 0.0)	(83.0, 0.0)	(84.0, 0.0)	(85.0, 0.0)	(86.0, 0.0)	(87.0, 0.0)	(88.0, 0.0)	(89.0, 0.0)	(90.0, 0.0)	(91.0, 0.0)	(92.0, 0.0)	(93.0, 0.0)	(94.0, 0.0)	(95.0, 0.0)	(96.0, 0.0)	(97.0, 0.0)	(98.0, 0.0)	(99.0, 0.0)	(100.0, 0.0)
NS6_defined_inocula_S86_L001_R2_001	(0.0, 0.0)	(1.0, 0.0)	(2.0, 0.0)	(3.0, 0.0)	(4.0, 0.0)	(5.0, 0.0)	(6.0, 0.0)	(7.0, 0.0)	(8.0, 0.0)	(9.0, 0.0)	(10.0, 0.0)	(11.0, 0.0)	(12.0, 0.0)	(13.0, 0.0)	(14.0, 0.0)	(15.0, 0.0)	(16.0, 0.0)	(17.0, 0.0)	(18.0, 0.0)	(19.0, 0.0)	(20.0, 0.0)	(21.0, 0.0)	(22.0, 0.3333333333333333)	(23.0, 0.0)	(24.0, 0.0)	(25.0, 0.0)	(26.0, 0.0)	(27.0, 0.3333333333333333)	(28.0, 0.0)	(29.0, 0.0)	(30.0, 0.3333333333333333)	(31.0, 0.3333333333333333)	(32.0, 0.8333333333333333)	(33.0, 0.5)	(34.0, 0.0)	(35.0, 1.0)	(36.0, 2.6666666666666665)	(37.0, 3.833333333333333)	(38.0, 5.5)	(39.0, 7.833333333333333)	(40.0, 8.5)	(41.0, 12.250000000000002)	(42.0, 25.749999999999996)	(43.0, 42.666666666666664)	(44.0, 81.0)	(45.0, 806.6666666666855)	(46.0, 6080.8333333323335)	(47.0, 12019.333333337137)	(48.0, 13174.9166666724)	(49.0, 3972.166666667248)	(50.0, 1400.7499999999734)	(51.0, 9102.749999998734)	(52.0, 10367.250000000862)	(53.0, 5325.833333333023)	(54.0, 10274.833333333978)	(55.0, 3192.0833333335827)	(56.0, 3449.166666666934)	(57.0, 1904.749999999928)	(58.0, 682.0000000000026)	(59.0, 476.41666666666583)	(60.0, 531.5833333333334)	(61.0, 693.1666666666684)	(62.0, 481.41666666666566)	(63.0, 385.8333333333328)	(64.0, 469.08333333333064)	(65.0, 204.41666666666708)	(66.0, 111.91666666666664)	(67.0, 88.83333333333333)	(68.0, 75.83333333333333)	(69.0, 58.83333333333334)	(70.0, 43.333333333333336)	(71.0, 36.666666666666664)	(72.0, 49.166666666666686)	(73.0, 26.666666666666664)	(74.0, 13.333333333333332)	(75.0, 7.5)	(76.0, 7.5)	(77.0, 4.5)	(78.0, 1.5)	(79.0, 1.0)	(80.0, 1.0)	(81.0, 0.5)	(82.0, 0.0)	(83.0, 0.0)	(84.0, 0.3333333333333333)	(85.0, 0.3333333333333333)	(86.0, 0.0)	(87.0, 0.0)	(88.0, 0.3333333333333333)	(89.0, 0.0)	(90.0, 0.0)	(91.0, 0.0)	(92.0, 0.0)	(93.0, 0.5)	(94.0, 0.5)	(95.0, 0.0)	(96.0, 0.3333333333333333)	(97.0, 0.0)	(98.0, 0.0)	(99.0, 0.5)	(100.0, 0.5)
Negative_extraction_S85_L001_R1_001	(0.0, 0.0)	(1.0, 0.0)	(2.0, 0.0)	(3.0, 0.0)	(4.0, 0.0)	(5.0, 0.0)	(6.0, 0.0)	(7.0, 0.0)	(8.0, 0.0)	(9.0, 0.0)	(10.0, 0.0)	(11.0, 0.0)	(12.0, 0.0)	(13.0, 0.0)	(14.0, 0.0)	(15.0, 0.0)	(16.0, 0.0)	(17.0, 0.0)	(18.0, 0.0)	(19.0, 0.0)	(20.0, 0.0)	(21.0, 0.0)	(22.0, 0.0)	(23.0, 0.0)	(24.0, 0.0)	(25.0, 0.0)	(26.0, 0.0)	(27.0, 0.0)	(28.0, 0.0)	(29.0, 0.0)	(30.0, 0.0)	(31.0, 0.0)	(32.0, 0.3333333333333333)	(33.0, 0.8333333333333333)	(34.0, 0.75)	(35.0, 0.75)	(36.0, 1.0)	(37.0, 0.0)	(38.0, 0.8333333333333333)	(39.0, 1.6666666666666665)	(40.0, 3.666666666666667)	(41.0, 6.166666666666666)	(42.0, 11.16666666666667)	(43.0, 324.99999999999903)	(44.0, 413.8333333333281)	(45.0, 114.9166666666665)	(46.0, 281.0833333333343)	(47.0, 1189.4166666666765)	(48.0, 836.66666666668)	(49.0, 1610.583333333288)	(50.0, 2703.833333333382)	(51.0, 2822.833333333426)	(52.0, 9074.749999998934)	(53.0, 50006.2500000763)	(54.0, 13234.750000005848)	(55.0, 4835.833333333416)	(56.0, 3038.0833333335718)	(57.0, 2852.666666666833)	(58.0, 1231.166666666667)	(59.0, 353.3333333333314)	(60.0, 133.08333333333297)	(61.0, 52.750000000000064)	(62.0, 27.333333333333314)	(63.0, 10.0)	(64.0, 5.999999999999998)	(65.0, 4.0)	(66.0, 4.0)	(67.0, 0.8333333333333333)	(68.0, 0.0)	(69.0, 0.0)	(70.0, 0.0)	(71.0, 0.0)	(72.0, 0.0)	(73.0, 0.0)	(74.0, 0.0)	(75.0, 0.0)	(76.0, 0.0)	(77.0, 0.0)	(78.0, 0.0)	(79.0, 0.0)	(80.0, 0.0)	(81.0, 0.0)	(82.0, 0.0)	(83.0, 0.0)	(84.0, 0.0)	(85.0, 0.0)	(86.0, 0.0)	(87.0, 0.0)	(88.0, 0.0)	(89.0, 0.0)	(90.0, 0.0)	(91.0, 0.0)	(92.0, 0.0)	(93.0, 0.0)	(94.0, 0.0)	(95.0, 0.0)	(96.0, 0.0)	(97.0, 0.0)	(98.0, 0.0)	(99.0, 0.0)	(100.0, 0.0)
Negative_extraction_S85_L001_R2_001	(0.0, 0.0)	(1.0, 0.0)	(2.0, 0.0)	(3.0, 0.0)	(4.0, 0.0)	(5.0, 0.0)	(6.0, 0.0)	(7.0, 0.0)	(8.0, 0.0)	(9.0, 0.0)	(10.0, 0.0)	(11.0, 0.0)	(12.0, 0.0)	(13.0, 0.0)	(14.0, 0.0)	(15.0, 0.0)	(16.0, 0.0)	(17.0, 0.0)	(18.0, 0.0)	(19.0, 0.0)	(20.0, 0.0)	(21.0, 0.0)	(22.0, 0.0)	(23.0, 0.0)	(24.0, 0.0)	(25.0, 0.0)	(26.0, 0.0)	(27.0, 0.0)	(28.0, 0.0)	(29.0, 0.6666666666666666)	(30.0, 0.0)	(31.0, 0.0)	(32.0, 1.0)	(33.0, 1.0)	(34.0, 0.5)	(35.0, 0.8333333333333333)	(36.0, 0.3333333333333333)	(37.0, 0.8333333333333333)	(38.0, 1.5)	(39.0, 4.833333333333333)	(40.0, 15.833333333333341)	(41.0, 330.49999999999864)	(42.0, 1080.3333333333662)	(43.0, 250.16666666666887)	(44.0, 115.8333333333331)	(45.0, 774.0000000000151)	(46.0, 972.5000000000373)	(47.0, 332.9999999999985)	(48.0, 709.1666666666747)	(49.0, 856.166666666689)	(50.0, 622.8333333333355)	(51.0, 1962.8333333331916)	(52.0, 3700.166666667155)	(53.0, 4871.083333333346)	(54.0, 7098.749999998442)	(55.0, 11675.500000002854)	(56.0, 47407.0833333862)	(57.0, 15831.083333341638)	(58.0, 3583.9166666668525)	(59.0, 1737.749999999978)	(60.0, 1149.916666666668)	(61.0, 867.4166666666684)	(62.0, 687.2500000000003)	(63.0, 586.3333333333331)	(64.0, 546.1666666666663)	(65.0, 502.2499999999997)	(66.0, 457.7499999999998)	(67.0, 396.66666666666663)	(68.0, 342.33333333333326)	(69.0, 323.3333333333333)	(70.0, 270.5)	(71.0, 199.16666666666666)	(72.0, 150.5)	(73.0, 108.5)	(74.0, 76.83333333333334)	(75.0, 48.0)	(76.0, 21.5)	(77.0, 10.5)	(78.0, 7.5)	(79.0, 5.5)	(80.0, 4.333333333333333)	(81.0, 3.333333333333333)	(82.0, 1.3333333333333333)	(83.0, 0.0)	(84.0, 0.0)	(85.0, 0.3333333333333333)	(86.0, 0.0)	(87.0, 0.6666666666666666)	(88.0, 0.0)	(89.0, 0.5)	(90.0, 0.5)	(91.0, 0.0)	(92.0, 0.0)	(93.0, 0.25)	(94.0, 0.0)	(95.0, 0.0)	(96.0, 0.0)	(97.0, 0.0)	(98.0, 0.3333333333333333)	(99.0, 0.3333333333333333)	(100.0, 1.3333333333333333)
Negtive_Control_S90_L001_R1_001	(0.0, 0.0)	(1.0, 0.0)	(2.0, 0.0)	(3.0, 0.0)	(4.0, 0.0)	(5.0, 0.0)	(6.0, 0.0)	(7.0, 0.0)	(8.0, 0.0)	(9.0, 0.0)	(10.0, 0.0)	(11.0, 0.0)	(12.0, 0.0)	(13.0, 0.0)	(14.0, 0.0)	(15.0, 0.0)	(16.0, 0.0)	(17.0, 0.0)	(18.0, 0.0)	(19.0, 0.0)	(20.0, 0.0)	(21.0, 0.0)	(22.0, 0.0)	(23.0, 0.0)	(24.0, 0.0)	(25.0, 0.0)	(26.0, 0.0)	(27.0, 0.0)	(28.0, 0.0)	(29.0, 0.0)	(30.0, 0.0)	(31.0, 0.0)	(32.0, 0.0)	(33.0, 0.0)	(34.0, 0.0)	(35.0, 0.0)	(36.0, 0.0)	(37.0, 0.0)	(38.0, 0.0)	(39.0, 0.0)	(40.0, 1.1666666666666665)	(41.0, 2.1666666666666665)	(42.0, 4.166666666666666)	(43.0, 18.5)	(44.0, 36.58333333333334)	(45.0, 62.583333333333364)	(46.0, 90.99999999999999)	(47.0, 101.66666666666657)	(48.0, 101.16666666666659)	(49.0, 94.99999999999997)	(50.0, 81.66666666666669)	(51.0, 77.5)	(52.0, 77.33333333333336)	(53.0, 67.66666666666673)	(54.0, 56.83333333333339)	(55.0, 41.166666666666664)	(56.0, 29.33333333333333)	(57.0, 77.33333333333331)	(58.0, 86.49999999999993)	(59.0, 22.333333333333332)	(60.0, 9.666666666666666)	(61.0, 8.333333333333332)	(62.0, 5.833333333333333)	(63.0, 1.8333333333333333)	(64.0, 2.0)	(65.0, 2.5)	(66.0, 1.5)	(67.0, 1.0)	(68.0, 1.0)	(69.0, 0.5)	(70.0, 0.0)	(71.0, 0.0)	(72.0, 0.0)	(73.0, 0.0)	(74.0, 0.0)	(75.0, 0.3333333333333333)	(76.0, 0.0)	(77.0, 0.0)	(78.0, 0.0)	(79.0, 0.0)	(80.0, 0.0)	(81.0, 0.0)	(82.0, 0.0)	(83.0, 0.0)	(84.0, 0.0)	(85.0, 0.0)	(86.0, 0.0)	(87.0, 0.0)	(88.0, 0.0)	(89.0, 0.0)	(90.0, 0.0)	(91.0, 0.0)	(92.0, 0.0)	(93.0, 0.0)	(94.0, 0.0)	(95.0, 0.0)	(96.0, 0.0)	(97.0, 0.0)	(98.0, 0.0)	(99.0, 0.0)	(100.0, 0.0)
Negtive_Control_S90_L001_R2_001	(0.0, 0.0)	(1.0, 0.0)	(2.0, 0.0)	(3.0, 0.0)	(4.0, 0.0)	(5.0, 0.0)	(6.0, 0.0)	(7.0, 0.0)	(8.0, 0.0)	(9.0, 0.0)	(10.0, 0.0)	(11.0, 0.0)	(12.0, 0.0)	(13.0, 0.0)	(14.0, 0.0)	(15.0, 0.0)	(16.0, 0.0)	(17.0, 0.0)	(18.0, 0.0)	(19.0, 0.0)	(20.0, 0.0)	(21.0, 0.0)	(22.0, 0.0)	(23.0, 0.0)	(24.0, 0.0)	(25.0, 0.0)	(26.0, 0.0)	(27.0, 0.0)	(28.0, 0.0)	(29.0, 0.0)	(30.0, 0.0)	(31.0, 0.0)	(32.0, 0.0)	(33.0, 0.0)	(34.0, 0.0)	(35.0, 0.0)	(36.0, 0.0)	(37.0, 0.0)	(38.0, 0.0)	(39.0, 0.6666666666666666)	(40.0, 0.6666666666666666)	(41.0, 0.0)	(42.0, 0.0)	(43.0, 0.3333333333333333)	(44.0, 1.6666666666666665)	(45.0, 3.3333333333333335)	(46.0, 4.999999999999999)	(47.0, 9.833333333333332)	(48.0, 12.833333333333334)	(49.0, 17.5)	(50.0, 19.83333333333333)	(51.0, 21.33333333333333)	(52.0, 30.499999999999993)	(53.0, 37.833333333333336)	(54.0, 92.99999999999991)	(55.0, 110.33333333333312)	(56.0, 73.0)	(57.0, 79.33333333333333)	(58.0, 78.66666666666666)	(59.0, 85.66666666666667)	(60.0, 99.0)	(61.0, 129.16666666666666)	(62.0, 154.5)	(63.0, 166.08333333333331)	(64.0, 168.33333333333331)	(65.0, 147.33333333333331)	(66.0, 112.5)	(67.0, 86.0)	(68.0, 70.0)	(69.0, 55.5)	(70.0, 39.5)	(71.0, 26.5)	(72.0, 18.5)	(73.0, 6.5)	(74.0, 2.5)	(75.0, 1.5)	(76.0, 1.0)	(77.0, 0.5)	(78.0, 0.0)	(79.0, 0.0)	(80.0, 0.0)	(81.0, 0.0)	(82.0, 0.0)	(83.0, 0.0)	(84.0, 0.0)	(85.0, 0.0)	(86.0, 0.0)	(87.0, 0.0)	(88.0, 0.0)	(89.0, 0.0)	(90.0, 0.0)	(91.0, 0.0)	(92.0, 0.0)	(93.0, 0.0)	(94.0, 0.0)	(95.0, 0.0)	(96.0, 0.0)	(97.0, 0.0)	(98.0, 0.0)	(99.0, 0.0)	(100.0, 0.0)
Positive_Control_S89_L001_R1_001	(0.0, 0.0)	(1.0, 0.0)	(2.0, 0.0)	(3.0, 0.0)	(4.0, 0.0)	(5.0, 0.0)	(6.0, 0.0)	(7.0, 0.0)	(8.0, 0.0)	(9.0, 0.0)	(10.0, 0.0)	(11.0, 0.0)	(12.0, 0.0)	(13.0, 0.0)	(14.0, 0.0)	(15.0, 0.0)	(16.0, 0.0)	(17.0, 0.0)	(18.0, 0.0)	(19.0, 0.0)	(20.0, 0.0)	(21.0, 0.0)	(22.0, 0.0)	(23.0, 0.0)	(24.0, 0.0)	(25.0, 0.0)	(26.0, 0.0)	(27.0, 0.0)	(28.0, 0.0)	(29.0, 0.0)	(30.0, 0.0)	(31.0, 0.0)	(32.0, 0.0)	(33.0, 0.0)	(34.0, 0.0)	(35.0, 0.0)	(36.0, 0.0)	(37.0, 0.25)	(38.0, 0.25)	(39.0, 0.0)	(40.0, 0.5)	(41.0, 1.3333333333333333)	(42.0, 2.833333333333333)	(43.0, 4.083333333333334)	(44.0, 7.666666666666667)	(45.0, 26.999999999999996)	(46.0, 52.50000000000001)	(47.0, 151.16666666666669)	(48.0, 396.16666666666447)	(49.0, 7452.749999997865)	(50.0, 19038.00000000224)	(51.0, 13016.916666672172)	(52.0, 7369.833333331238)	(53.0, 13055.666666672367)	(54.0, 9363.916666665833)	(55.0, 4251.500000000566)	(56.0, 507.49999999999216)	(57.0, 190.5000000000007)	(58.0, 86.49999999999999)	(59.0, 47.916666666666686)	(60.0, 19.416666666666668)	(61.0, 7.666666666666665)	(62.0, 2.8333333333333335)	(63.0, 2.1666666666666665)	(64.0, 2.5)	(65.0, 1.9999999999999998)	(66.0, 0.6666666666666666)	(67.0, 0.0)	(68.0, 0.0)	(69.0, 0.0)	(70.0, 0.0)	(71.0, 0.3333333333333333)	(72.0, 0.0)	(73.0, 0.0)	(74.0, 0.0)	(75.0, 0.0)	(76.0, 0.0)	(77.0, 0.0)	(78.0, 0.0)	(79.0, 0.0)	(80.0, 0.0)	(81.0, 0.0)	(82.0, 0.0)	(83.0, 0.0)	(84.0, 0.0)	(85.0, 0.0)	(86.0, 0.0)	(87.0, 0.0)	(88.0, 0.0)	(89.0, 0.0)	(90.0, 0.0)	(91.0, 0.0)	(92.0, 0.0)	(93.0, 0.0)	(94.0, 0.0)	(95.0, 0.0)	(96.0, 0.0)	(97.0, 0.0)	(98.0, 0.0)	(99.0, 0.0)	(100.0, 0.0)
Positive_Control_S89_L001_R2_001	(0.0, 0.0)	(1.0, 0.0)	(2.0, 0.0)	(3.0, 0.0)	(4.0, 0.0)	(5.0, 0.0)	(6.0, 0.0)	(7.0, 0.0)	(8.0, 0.0)	(9.0, 0.0)	(10.0, 0.0)	(11.0, 0.0)	(12.0, 0.0)	(13.0, 0.0)	(14.0, 0.0)	(15.0, 0.0)	(16.0, 0.0)	(17.0, 0.0)	(18.0, 0.0)	(19.0, 0.0)	(20.0, 0.0)	(21.0, 0.0)	(22.0, 0.0)	(23.0, 0.0)	(24.0, 0.0)	(25.0, 0.0)	(26.0, 0.0)	(27.0, 0.0)	(28.0, 0.0)	(29.0, 0.0)	(30.0, 0.0)	(31.0, 0.0)	(32.0, 0.0)	(33.0, 0.0)	(34.0, 0.3333333333333333)	(35.0, 0.0)	(36.0, 0.5)	(37.0, 1.3333333333333333)	(38.0, 1.1666666666666665)	(39.0, 0.8333333333333333)	(40.0, 1.5)	(41.0, 2.5)	(42.0, 2.3333333333333335)	(43.0, 5.333333333333333)	(44.0, 10.833333333333334)	(45.0, 14.500000000000002)	(46.0, 23.16666666666666)	(47.0, 32.83333333333332)	(48.0, 71.83333333333336)	(49.0, 736.000000000014)	(50.0, 6904.916666664876)	(51.0, 6984.66666666482)	(52.0, 3433.916666667077)	(53.0, 3006.083333333549)	(54.0, 10156.750000000511)	(55.0, 9366.16666666592)	(56.0, 13223.083333338775)	(57.0, 7549.99999999806)	(58.0, 2771.6666666667525)	(59.0, 1326.9166666666592)	(60.0, 1186.5833333333333)	(61.0, 958.0833333333351)	(62.0, 659.8333333333329)	(63.0, 460.6666666666664)	(64.0, 354.83333333333326)	(65.0, 297.25)	(66.0, 253.5)	(67.0, 217.5)	(68.0, 184.66666666666666)	(69.0, 173.16666666666666)	(70.0, 147.33333333333334)	(71.0, 106.0)	(72.0, 92.5)	(73.0, 79.0)	(74.0, 54.0)	(75.0, 34.5)	(76.0, 22.25)	(77.0, 15.5)	(78.0, 14.0)	(79.0, 11.333333333333332)	(80.0, 6.333333333333333)	(81.0, 2.333333333333333)	(82.0, 0.8333333333333333)	(83.0, 1.0)	(84.0, 0.5)	(85.0, 0.0)	(86.0, 0.0)	(87.0, 0.0)	(88.0, 0.5)	(89.0, 1.3333333333333333)	(90.0, 0.8333333333333333)	(91.0, 0.0)	(92.0, 0.0)	(93.0, 0.3333333333333333)	(94.0, 0.3333333333333333)	(95.0, 0.0)	(96.0, 0.0)	(97.0, 0.0)	(98.0, 0.0)	(99.0, 0.0)	(100.0, 0.5)
S2_defined_inocula_S88_L001_R1_001	(0.0, 0.0)	(1.0, 0.0)	(2.0, 0.0)	(3.0, 0.0)	(4.0, 0.0)	(5.0, 0.0)	(6.0, 0.0)	(7.0, 0.0)	(8.0, 0.0)	(9.0, 0.0)	(10.0, 0.0)	(11.0, 0.0)	(12.0, 0.0)	(13.0, 0.0)	(14.0, 0.0)	(15.0, 0.0)	(16.0, 0.0)	(17.0, 0.0)	(18.0, 0.0)	(19.0, 0.0)	(20.0, 0.0)	(21.0, 0.0)	(22.0, 0.0)	(23.0, 0.0)	(24.0, 0.0)	(25.0, 0.0)	(26.0, 0.0)	(27.0, 0.0)	(28.0, 0.0)	(29.0, 0.0)	(30.0, 0.0)	(31.0, 0.5)	(32.0, 1.0833333333333333)	(33.0, 0.0)	(34.0, 0.25)	(35.0, 0.5)	(36.0, 0.0)	(37.0, 0.0)	(38.0, 0.25)	(39.0, 0.3333333333333333)	(40.0, 0.3333333333333333)	(41.0, 1.0)	(42.0, 4.333333333333334)	(43.0, 13.416666666666666)	(44.0, 44.333333333333336)	(45.0, 75.41666666666667)	(46.0, 199.50000000000117)	(47.0, 6985.49999999815)	(48.0, 7762.5833333308)	(49.0, 4536.91666666699)	(50.0, 5559.499999999452)	(51.0, 3771.000000000559)	(52.0, 11503.83333333629)	(53.0, 13753.916666673676)	(54.0, 6820.083333331676)	(55.0, 2288.833333333261)	(56.0, 524.4166666666604)	(57.0, 242.50000000000182)	(58.0, 930.9166666666995)	(59.0, 958.8333333333688)	(60.0, 120.41666666666625)	(61.0, 58.91666666666675)	(62.0, 51.66666666666675)	(63.0, 16.666666666666668)	(64.0, 6.583333333333333)	(65.0, 6.499999999999999)	(66.0, 1.6666666666666665)	(67.0, 0.5)	(68.0, 0.0)	(69.0, 0.0)	(70.0, 0.0)	(71.0, 0.0)	(72.0, 0.0)	(73.0, 0.3333333333333333)	(74.0, 0.0)	(75.0, 0.0)	(76.0, 0.0)	(77.0, 0.0)	(78.0, 0.0)	(79.0, 0.0)	(80.0, 0.0)	(81.0, 0.0)	(82.0, 0.0)	(83.0, 0.0)	(84.0, 0.0)	(85.0, 0.0)	(86.0, 0.0)	(87.0, 0.0)	(88.0, 0.0)	(89.0, 0.0)	(90.0, 0.0)	(91.0, 0.0)	(92.0, 0.0)	(93.0, 0.0)	(94.0, 0.0)	(95.0, 0.0)	(96.0, 0.0)	(97.0, 0.0)	(98.0, 0.0)	(99.0, 0.0)	(100.0, 0.0)
S2_defined_inocula_S88_L001_R2_001	(0.0, 0.0)	(1.0, 0.0)	(2.0, 0.0)	(3.0, 0.0)	(4.0, 0.0)	(5.0, 0.0)	(6.0, 0.0)	(7.0, 0.0)	(8.0, 0.0)	(9.0, 0.0)	(10.0, 0.0)	(11.0, 0.0)	(12.0, 0.0)	(13.0, 0.0)	(14.0, 0.0)	(15.0, 0.0)	(16.0, 0.0)	(17.0, 0.0)	(18.0, 0.0)	(19.0, 0.0)	(20.0, 0.0)	(21.0, 0.0)	(22.0, 0.0)	(23.0, 0.0)	(24.0, 0.0)	(25.0, 0.0)	(26.0, 0.3333333333333333)	(27.0, 0.3333333333333333)	(28.0, 0.3333333333333333)	(29.0, 1.9999999999999998)	(30.0, 0.6666666666666666)	(31.0, 0.0)	(32.0, 0.5)	(33.0, 1.5)	(34.0, 1.0)	(35.0, 0.0)	(36.0, 0.5)	(37.0, 1.3333333333333333)	(38.0, 1.8333333333333333)	(39.0, 2.5)	(40.0, 1.8333333333333333)	(41.0, 7.666666666666667)	(42.0, 16.5)	(43.0, 23.833333333333332)	(44.0, 51.33333333333338)	(45.0, 958.3333333333705)	(46.0, 6580.166666665165)	(47.0, 3744.8333333339024)	(48.0, 2902.833333333515)	(49.0, 1964.166666666526)	(50.0, 2552.1666666667043)	(51.0, 4714.750000000182)	(52.0, 5835.66666666594)	(53.0, 8956.583333331944)	(54.0, 7521.083333331341)	(55.0, 3012.2500000001764)	(56.0, 5774.749999999414)	(57.0, 2807.0833333334417)	(58.0, 830.7500000000082)	(59.0, 585.0833333333335)	(60.0, 664.0000000000008)	(61.0, 703.3333333333342)	(62.0, 725.6666666666678)	(63.0, 663.5000000000025)	(64.0, 913.000000000015)	(65.0, 328.833333333332)	(66.0, 143.66666666666666)	(67.0, 106.83333333333331)	(68.0, 88.66666666666667)	(69.0, 65.66666666666666)	(70.0, 48.166666666666664)	(71.0, 46.833333333333336)	(72.0, 50.000000000000014)	(73.0, 21.999999999999996)	(74.0, 12.5)	(75.0, 8.5)	(76.0, 9.333333333333332)	(77.0, 5.5)	(78.0, 2.0)	(79.0, 1.5)	(80.0, 1.3333333333333333)	(81.0, 0.8333333333333333)	(82.0, 0.0)	(83.0, 0.3333333333333333)	(84.0, 0.0)	(85.0, 0.3333333333333333)	(86.0, 0.3333333333333333)	(87.0, 0.0)	(88.0, 0.0)	(89.0, 0.0)	(90.0, 0.0)	(91.0, 0.0)	(92.0, 0.0)	(93.0, 0.3333333333333333)	(94.0, 0.0)	(95.0, 0.0)	(96.0, 0.0)	(97.0, 0.0)	(98.0, 0.0)	(99.0, 0.3333333333333333)	(100.0, 0.0)
S5_defined_inocula_S87_L001_R1_001	(0.0, 0.0)	(1.0, 0.0)	(2.0, 0.0)	(3.0, 0.0)	(4.0, 0.0)	(5.0, 0.0)	(6.0, 0.0)	(7.0, 0.0)	(8.0, 0.0)	(9.0, 0.0)	(10.0, 0.0)	(11.0, 0.0)	(12.0, 0.0)	(13.0, 0.0)	(14.0, 0.0)	(15.0, 0.0)	(16.0, 0.0)	(17.0, 0.0)	(18.0, 0.0)	(19.0, 0.0)	(20.0, 0.0)	(21.0, 0.0)	(22.0, 0.0)	(23.0, 0.0)	(24.0, 0.0)	(25.0, 0.0)	(26.0, 0.0)	(27.0, 0.25)	(28.0, 0.0)	(29.0, 0.5)	(30.0, 0.8333333333333333)	(31.0, 0.5833333333333333)	(32.0, 0.8333333333333333)	(33.0, 0.25)	(34.0, 0.0)	(35.0, 0.5)	(36.0, 0.25)	(37.0, 0.0)	(38.0, 0.0)	(39.0, 0.0)	(40.0, 1.1666666666666665)	(41.0, 1.3333333333333333)	(42.0, 2.0)	(43.0, 11.75)	(44.0, 33.25)	(45.0, 69.41666666666667)	(46.0, 351.58333333333024)	(47.0, 3695.666666667192)	(48.0, 3696.500000000496)	(49.0, 7287.166666664673)	(50.0, 7192.666666664758)	(51.0, 5726.7499999993315)	(52.0, 15678.500000010383)	(53.0, 30535.749999960884)	(54.0, 16391.916666678295)	(55.0, 3516.500000000417)	(56.0, 1216.333333333339)	(57.0, 423.0833333333293)	(58.0, 801.000000000017)	(59.0, 791.4166666666831)	(60.0, 153.08333333333326)	(61.0, 89.49999999999997)	(62.0, 148.74999999999983)	(63.0, 39.75000000000001)	(64.0, 10.999999999999998)	(65.0, 5.666666666666667)	(66.0, 1.9999999999999998)	(67.0, 2.1666666666666665)	(68.0, 1.8333333333333333)	(69.0, 1.25)	(70.0, 1.0)	(71.0, 0.5)	(72.0, 0.0)	(73.0, 0.0)	(74.0, 0.0)	(75.0, 0.0)	(76.0, 0.0)	(77.0, 0.0)	(78.0, 0.0)	(79.0, 0.0)	(80.0, 0.0)	(81.0, 0.0)	(82.0, 0.0)	(83.0, 0.0)	(84.0, 0.0)	(85.0, 0.0)	(86.0, 0.0)	(87.0, 0.0)	(88.0, 0.0)	(89.0, 0.0)	(90.0, 0.0)	(91.0, 0.0)	(92.0, 0.0)	(93.0, 0.0)	(94.0, 0.0)	(95.0, 0.0)	(96.0, 0.0)	(97.0, 0.0)	(98.0, 0.0)	(99.0, 0.0)	(100.0, 0.0)
S5_defined_inocula_S87_L001_R2_001	(0.0, 0.0)	(1.0, 0.0)	(2.0, 0.0)	(3.0, 0.0)	(4.0, 0.0)	(5.0, 0.0)	(6.0, 0.0)	(7.0, 0.0)	(8.0, 0.0)	(9.0, 0.0)	(10.0, 0.0)	(11.0, 0.0)	(12.0, 0.0)	(13.0, 0.0)	(14.0, 0.0)	(15.0, 0.0)	(16.0, 0.0)	(17.0, 0.0)	(18.0, 0.0)	(19.0, 0.0)	(20.0, 0.0)	(21.0, 0.0)	(22.0, 0.0)	(23.0, 0.0)	(24.0, 0.0)	(25.0, 0.0)	(26.0, 0.3333333333333333)	(27.0, 0.0)	(28.0, 0.0)	(29.0, 0.0)	(30.0, 0.0)	(31.0, 0.5)	(32.0, 0.5)	(33.0, 0.8333333333333333)	(34.0, 0.8333333333333333)	(35.0, 0.0)	(36.0, 0.0)	(37.0, 1.8333333333333333)	(38.0, 2.333333333333333)	(39.0, 1.0)	(40.0, 1.8333333333333333)	(41.0, 5.999999999999999)	(42.0, 9.5)	(43.0, 16.666666666666668)	(44.0, 29.33333333333332)	(45.0, 420.58333333332695)	(46.0, 3170.166666666984)	(47.0, 1057.8333333333683)	(48.0, 3662.583333333849)	(49.0, 1837.4999999998827)	(50.0, 2346.666666666624)	(51.0, 4429.166666667065)	(52.0, 7981.166666664077)	(53.0, 14474.333333341114)	(54.0, 14351.916666674006)	(55.0, 6864.833333331894)	(56.0, 14667.250000007765)	(57.0, 4408.500000000254)	(58.0, 1389.8333333333217)	(59.0, 1032.1666666666717)	(60.0, 2049.749999999951)	(61.0, 2213.666666666633)	(62.0, 1177.0)	(63.0, 922.5833333333359)	(64.0, 986.166666666676)	(65.0, 498.3333333333316)	(66.0, 311.8333333333333)	(67.0, 266.6666666666667)	(68.0, 225.41666666666669)	(69.0, 173.16666666666666)	(70.0, 143.16666666666669)	(71.0, 126.66666666666653)	(72.0, 167.91666666666694)	(73.0, 87.49999999999997)	(74.0, 57.66666666666667)	(75.0, 38.16666666666667)	(76.0, 23.5)	(77.0, 15.833333333333332)	(78.0, 6.5)	(79.0, 2.833333333333333)	(80.0, 4.333333333333333)	(81.0, 3.0)	(82.0, 2.0)	(83.0, 1.5)	(84.0, 0.5)	(85.0, 0.0)	(86.0, 0.3333333333333333)	(87.0, 0.0)	(88.0, 0.3333333333333333)	(89.0, 0.8333333333333333)	(90.0, 0.5)	(91.0, 0.0)	(92.0, 0.0)	(93.0, 0.0)	(94.0, 0.0)	(95.0, 0.0)	(96.0, 0.0)	(97.0, 0.0)	(98.0, 0.3333333333333333)	(99.0, 0.8333333333333333)	(100.0, 0.5)
