Sample	0	1	2	3	4	5	6	7	8	9	10	11	12	13	14	15	16	17	18	19	20	21	22	23	24	25	26	27	28	29	30	31	32	33	34	35	36	37	38	39	40	41	42	43	44	45	46	47	48	49	50
016R_0_F_NS6_week5_S1_L001_R1_001	(55, 1.0)	(60, 2.0)	(65, 2.0)	(70, 2.0)	(75, 6.0)	(80, 10.0)	(85, 4.0)	(90, 4.0)	(95, 38.0)	(100, 76.0)	(105, 64.0)	(110, 88.0)	(115, 65.0)	(120, 26.0)	(125, 40.0)	(130, 113.0)	(135, 39.0)	(140, 16.0)	(145, 41.0)	(150, 17.0)	(155, 42.0)	(160, 57.0)	(165, 63.0)	(170, 223.0)	(175, 104.0)	(180, 63.0)	(185, 22.0)	(190, 44.0)	(195, 55.0)	(200, 32.0)	(205, 125.0)	(210, 111.0)	(215, 88.0)	(220, 62.0)	(225, 75.0)	(230, 58.0)	(235, 80.0)	(240, 94.0)	(245, 259.0)	(250, 176.0)	(255, 134.0)	(260, 293.0)	(265, 676.0)	(270, 978.0)	(275, 2529.0)	(280, 84945.0)	(285, 1169.0)	(290, 3.0)	(295, 16.0)	(300, 84.0)	
016R_0_F_NS6_week5_S1_L001_R2_001	(50, 50.0)	(55, 39.0)	(60, 56.0)	(65, 150.0)	(70, 46.0)	(75, 126.0)	(80, 82.0)	(85, 60.0)	(90, 43.0)	(95, 59.0)	(100, 49.0)	(105, 81.0)	(110, 27.0)	(115, 61.0)	(120, 86.0)	(125, 77.0)	(130, 209.0)	(135, 200.0)	(140, 122.0)	(145, 81.0)	(150, 137.0)	(155, 87.0)	(160, 362.0)	(165, 262.0)	(170, 374.0)	(175, 685.0)	(180, 288.0)	(185, 243.0)	(190, 325.0)	(195, 1248.0)	(200, 762.0)	(205, 666.0)	(210, 960.0)	(215, 932.0)	(220, 839.0)	(225, 988.0)	(230, 1042.0)	(235, 1334.0)	(240, 661.0)	(245, 2063.0)	(250, 980.0)	(255, 2347.0)	(260, 3440.0)	(265, 3901.0)	(270, 5040.0)	(275, 52304.0)	(280, 9318.0)	(285, 4.0)	(290, 2.0)	(295, 7.0)	(300, 9.0)
016R_R_F_NS6_Pellet_week9_S2_L001_R1_001	(60, 2.0)	(65, 1.0)	(70, 0.0)	(75, 1.0)	(80, 5.0)	(85, 2.0)	(90, 6.0)	(95, 28.0)	(100, 38.0)	(105, 56.0)	(110, 87.0)	(115, 53.0)	(120, 27.0)	(125, 35.0)	(130, 65.0)	(135, 26.0)	(140, 12.0)	(145, 39.0)	(150, 11.0)	(155, 17.0)	(160, 52.0)	(165, 55.0)	(170, 174.0)	(175, 116.0)	(180, 66.0)	(185, 29.0)	(190, 52.0)	(195, 36.0)	(200, 19.0)	(205, 97.0)	(210, 95.0)	(215, 74.0)	(220, 64.0)	(225, 78.0)	(230, 49.0)	(235, 56.0)	(240, 85.0)	(245, 180.0)	(250, 126.0)	(255, 105.0)	(260, 254.0)	(265, 539.0)	(270, 783.0)	(275, 2188.0)	(280, 89898.0)	(285, 1044.0)	(290, 4.0)	(295, 12.0)	(300, 83.0)		
016R_R_F_NS6_Pellet_week9_S2_L001_R2_001	(50, 56.0)	(55, 36.0)	(60, 43.0)	(65, 159.0)	(70, 41.0)	(75, 125.0)	(80, 81.0)	(85, 69.0)	(90, 29.0)	(95, 42.0)	(100, 36.0)	(105, 78.0)	(110, 36.0)	(115, 69.0)	(120, 92.0)	(125, 70.0)	(130, 206.0)	(135, 213.0)	(140, 112.0)	(145, 72.0)	(150, 180.0)	(155, 100.0)	(160, 300.0)	(165, 240.0)	(170, 302.0)	(175, 734.0)	(180, 241.0)	(185, 242.0)	(190, 312.0)	(195, 1152.0)	(200, 581.0)	(205, 553.0)	(210, 829.0)	(215, 788.0)	(220, 785.0)	(225, 957.0)	(230, 1065.0)	(235, 1313.0)	(240, 682.0)	(245, 1913.0)	(250, 1036.0)	(255, 2511.0)	(260, 3588.0)	(265, 4045.0)	(270, 5265.0)	(275, 55016.0)	(280, 10511.0)	(285, 0.0)	(290, 1.0)	(295, 9.0)	(300, 8.0)
073R_R_M_S2_Pellet_week9_S61_L001_R1_001	(55, 1.0)	(60, 2.0)	(65, 1.0)	(70, 1.0)	(75, 6.0)	(80, 24.0)	(85, 5.0)	(90, 5.0)	(95, 71.0)	(100, 106.0)	(105, 92.0)	(110, 159.0)	(115, 144.0)	(120, 40.0)	(125, 68.0)	(130, 108.0)	(135, 64.0)	(140, 30.0)	(145, 66.0)	(150, 38.0)	(155, 57.0)	(160, 78.0)	(165, 107.0)	(170, 304.0)	(175, 133.0)	(180, 105.0)	(185, 51.0)	(190, 61.0)	(195, 75.0)	(200, 44.0)	(205, 159.0)	(210, 116.0)	(215, 145.0)	(220, 149.0)	(225, 114.0)	(230, 94.0)	(235, 129.0)	(240, 165.0)	(245, 477.0)	(250, 302.0)	(255, 247.0)	(260, 408.0)	(265, 1179.0)	(270, 1693.0)	(275, 3918.0)	(280, 128919.0)	(285, 1387.0)	(290, 5.0)	(295, 18.0)	(300, 125.0)	
073R_R_M_S2_Pellet_week9_S61_L001_R2_001	(50, 78.0)	(55, 65.0)	(60, 60.0)	(65, 290.0)	(70, 83.0)	(75, 228.0)	(80, 118.0)	(85, 99.0)	(90, 39.0)	(95, 61.0)	(100, 62.0)	(105, 147.0)	(110, 62.0)	(115, 85.0)	(120, 122.0)	(125, 137.0)	(130, 275.0)	(135, 291.0)	(140, 192.0)	(145, 161.0)	(150, 248.0)	(155, 181.0)	(160, 611.0)	(165, 432.0)	(170, 594.0)	(175, 1138.0)	(180, 618.0)	(185, 472.0)	(190, 576.0)	(195, 1595.0)	(200, 1436.0)	(205, 1213.0)	(210, 1552.0)	(215, 1523.0)	(220, 1386.0)	(225, 1789.0)	(230, 1873.0)	(235, 2166.0)	(240, 1257.0)	(245, 2982.0)	(250, 1421.0)	(255, 3846.0)	(260, 5727.0)	(265, 6077.0)	(270, 8032.0)	(275, 76209.0)	(280, 14142.0)	(285, 3.0)	(290, 8.0)	(295, 18.0)	(300, 15.0)
073R_R_M_S2_diabetes_S7_L001_R1_001	(50, 1.0)	(55, 1.0)	(60, 1.0)	(65, 0.0)	(70, 1.0)	(75, 5.0)	(80, 14.0)	(85, 3.0)	(90, 0.0)	(95, 47.0)	(100, 49.0)	(105, 69.0)	(110, 103.0)	(115, 63.0)	(120, 41.0)	(125, 46.0)	(130, 90.0)	(135, 48.0)	(140, 16.0)	(145, 55.0)	(150, 28.0)	(155, 44.0)	(160, 52.0)	(165, 64.0)	(170, 177.0)	(175, 88.0)	(180, 67.0)	(185, 34.0)	(190, 36.0)	(195, 56.0)	(200, 31.0)	(205, 101.0)	(210, 103.0)	(215, 123.0)	(220, 70.0)	(225, 83.0)	(230, 54.0)	(235, 66.0)	(240, 94.0)	(245, 267.0)	(250, 163.0)	(255, 127.0)	(260, 260.0)	(265, 639.0)	(270, 989.0)	(275, 2774.0)	(280, 92413.0)	(285, 911.0)	(290, 5.0)	(295, 12.0)	(300, 76.0)
073R_R_M_S2_diabetes_S7_L001_R2_001	(50, 60.0)	(55, 56.0)	(60, 49.0)	(65, 192.0)	(70, 62.0)	(75, 140.0)	(80, 96.0)	(85, 69.0)	(90, 35.0)	(95, 35.0)	(100, 31.0)	(105, 101.0)	(110, 44.0)	(115, 72.0)	(120, 98.0)	(125, 93.0)	(130, 184.0)	(135, 223.0)	(140, 121.0)	(145, 107.0)	(150, 146.0)	(155, 100.0)	(160, 372.0)	(165, 297.0)	(170, 388.0)	(175, 835.0)	(180, 310.0)	(185, 310.0)	(190, 365.0)	(195, 928.0)	(200, 851.0)	(205, 782.0)	(210, 966.0)	(215, 834.0)	(220, 852.0)	(225, 1231.0)	(230, 1295.0)	(235, 1459.0)	(240, 836.0)	(245, 2037.0)	(250, 969.0)	(255, 2594.0)	(260, 3797.0)	(265, 4193.0)	(270, 5559.0)	(275, 55820.0)	(280, 10642.0)	(285, 2.0)	(290, 6.0)	(295, 9.0)	(300, 7.0)
073R_R_M_S2_week5_S33_L001_R1_001	(50, 2.0)	(55, 0.0)	(60, 0.0)	(65, 1.0)	(70, 1.0)	(75, 4.0)	(80, 14.0)	(85, 4.0)	(90, 8.0)	(95, 46.0)	(100, 97.0)	(105, 62.0)	(110, 113.0)	(115, 99.0)	(120, 42.0)	(125, 38.0)	(130, 74.0)	(135, 29.0)	(140, 19.0)	(145, 52.0)	(150, 32.0)	(155, 29.0)	(160, 51.0)	(165, 75.0)	(170, 251.0)	(175, 101.0)	(180, 82.0)	(185, 23.0)	(190, 56.0)	(195, 78.0)	(200, 48.0)	(205, 162.0)	(210, 125.0)	(215, 160.0)	(220, 76.0)	(225, 105.0)	(230, 90.0)	(235, 106.0)	(240, 152.0)	(245, 458.0)	(250, 311.0)	(255, 202.0)	(260, 348.0)	(265, 1177.0)	(270, 1718.0)	(275, 3641.0)	(280, 100063.0)	(285, 1411.0)	(290, 1.0)	(295, 6.0)	(300, 94.0)
073R_R_M_S2_week5_S33_L001_R2_001	(50, 57.0)	(55, 54.0)	(60, 48.0)	(65, 258.0)	(70, 73.0)	(75, 169.0)	(80, 106.0)	(85, 52.0)	(90, 39.0)	(95, 45.0)	(100, 43.0)	(105, 113.0)	(110, 46.0)	(115, 67.0)	(120, 107.0)	(125, 114.0)	(130, 263.0)	(135, 228.0)	(140, 177.0)	(145, 103.0)	(150, 165.0)	(155, 157.0)	(160, 518.0)	(165, 353.0)	(170, 460.0)	(175, 873.0)	(180, 595.0)	(185, 498.0)	(190, 542.0)	(195, 1358.0)	(200, 1361.0)	(205, 1116.0)	(210, 1493.0)	(215, 1490.0)	(220, 1334.0)	(225, 1355.0)	(230, 1320.0)	(235, 1803.0)	(240, 1245.0)	(245, 2807.0)	(250, 1278.0)	(255, 4081.0)	(260, 5000.0)	(265, 5051.0)	(270, 6352.0)	(275, 56916.0)	(280, 10223.0)	(285, 3.0)	(290, 2.0)	(295, 14.0)	(300, 12.0)
073R_S2_week21_S27_L001_R1_001	(55, 1.0)	(60, 0.0)	(65, 1.0)	(70, 1.0)	(75, 4.0)	(80, 11.0)	(85, 1.0)	(90, 5.0)	(95, 54.0)	(100, 103.0)	(105, 69.0)	(110, 141.0)	(115, 108.0)	(120, 27.0)	(125, 53.0)	(130, 48.0)	(135, 37.0)	(140, 19.0)	(145, 52.0)	(150, 30.0)	(155, 33.0)	(160, 53.0)	(165, 81.0)	(170, 251.0)	(175, 108.0)	(180, 80.0)	(185, 28.0)	(190, 52.0)	(195, 80.0)	(200, 49.0)	(205, 168.0)	(210, 109.0)	(215, 138.0)	(220, 108.0)	(225, 82.0)	(230, 79.0)	(235, 90.0)	(240, 151.0)	(245, 447.0)	(250, 327.0)	(255, 248.0)	(260, 411.0)	(265, 1236.0)	(270, 1750.0)	(275, 3968.0)	(280, 103479.0)	(285, 1578.0)	(290, 6.0)	(295, 23.0)	(300, 118.0)	
073R_S2_week21_S27_L001_R2_001	(50, 53.0)	(55, 67.0)	(60, 66.0)	(65, 258.0)	(70, 84.0)	(75, 180.0)	(80, 123.0)	(85, 67.0)	(90, 32.0)	(95, 54.0)	(100, 42.0)	(105, 129.0)	(110, 48.0)	(115, 70.0)	(120, 140.0)	(125, 152.0)	(130, 266.0)	(135, 230.0)	(140, 171.0)	(145, 127.0)	(150, 192.0)	(155, 161.0)	(160, 539.0)	(165, 362.0)	(170, 453.0)	(175, 882.0)	(180, 543.0)	(185, 529.0)	(190, 571.0)	(195, 1343.0)	(200, 1495.0)	(205, 1191.0)	(210, 1497.0)	(215, 1537.0)	(220, 1273.0)	(225, 1354.0)	(230, 1489.0)	(235, 1878.0)	(240, 1205.0)	(245, 2980.0)	(250, 1368.0)	(255, 3827.0)	(260, 5215.0)	(265, 5199.0)	(270, 6365.0)	(275, 59840.0)	(280, 10417.0)	(285, 0.0)	(290, 4.0)	(295, 14.0)	(300, 14.0)
096R_0_M_S5_week5_S4_L001_R1_001	(50, 2.0)	(55, 0.0)	(60, 0.0)	(65, 1.0)	(70, 1.0)	(75, 4.0)	(80, 8.0)	(85, 2.0)	(90, 3.0)	(95, 35.0)	(100, 62.0)	(105, 57.0)	(110, 110.0)	(115, 75.0)	(120, 36.0)	(125, 33.0)	(130, 88.0)	(135, 25.0)	(140, 14.0)	(145, 49.0)	(150, 23.0)	(155, 28.0)	(160, 44.0)	(165, 64.0)	(170, 167.0)	(175, 84.0)	(180, 64.0)	(185, 28.0)	(190, 51.0)	(195, 49.0)	(200, 34.0)	(205, 108.0)	(210, 84.0)	(215, 109.0)	(220, 84.0)	(225, 58.0)	(230, 70.0)	(235, 56.0)	(240, 103.0)	(245, 296.0)	(250, 203.0)	(255, 146.0)	(260, 262.0)	(265, 739.0)	(270, 1065.0)	(275, 2702.0)	(280, 76057.0)	(285, 1141.0)	(290, 3.0)	(295, 10.0)	(300, 95.0)
096R_0_M_S5_week5_S4_L001_R2_001	(50, 45.0)	(55, 39.0)	(60, 42.0)	(65, 151.0)	(70, 38.0)	(75, 167.0)	(80, 88.0)	(85, 61.0)	(90, 36.0)	(95, 45.0)	(100, 54.0)	(105, 84.0)	(110, 42.0)	(115, 54.0)	(120, 85.0)	(125, 83.0)	(130, 191.0)	(135, 165.0)	(140, 131.0)	(145, 114.0)	(150, 160.0)	(155, 118.0)	(160, 346.0)	(165, 275.0)	(170, 372.0)	(175, 589.0)	(180, 366.0)	(185, 323.0)	(190, 377.0)	(195, 911.0)	(200, 908.0)	(205, 718.0)	(210, 924.0)	(215, 948.0)	(220, 871.0)	(225, 963.0)	(230, 1126.0)	(235, 1228.0)	(240, 761.0)	(245, 1813.0)	(250, 988.0)	(255, 2498.0)	(260, 3557.0)	(265, 3557.0)	(270, 4410.0)	(275, 46178.0)	(280, 7623.0)	(285, 1.0)	(290, 3.0)	(295, 1.0)	(300, 4.0)
1067R_0_M_S2_week5_S34_L001_R1_001	(50, 6.0)	(55, 0.0)	(60, 0.0)	(65, 1.0)	(70, 0.0)	(75, 6.0)	(80, 8.0)	(85, 4.0)	(90, 7.0)	(95, 48.0)	(100, 85.0)	(105, 65.0)	(110, 112.0)	(115, 94.0)	(120, 38.0)	(125, 25.0)	(130, 129.0)	(135, 45.0)	(140, 29.0)	(145, 69.0)	(150, 28.0)	(155, 38.0)	(160, 61.0)	(165, 74.0)	(170, 249.0)	(175, 97.0)	(180, 68.0)	(185, 32.0)	(190, 57.0)	(195, 60.0)	(200, 37.0)	(205, 169.0)	(210, 101.0)	(215, 122.0)	(220, 111.0)	(225, 76.0)	(230, 78.0)	(235, 84.0)	(240, 142.0)	(245, 464.0)	(250, 303.0)	(255, 233.0)	(260, 383.0)	(265, 1128.0)	(270, 1657.0)	(275, 3665.0)	(280, 118234.0)	(285, 1408.0)	(290, 14.0)	(295, 28.0)	(300, 123.0)
1067R_0_M_S2_week5_S34_L001_R2_001	(50, 59.0)	(55, 55.0)	(60, 53.0)	(65, 254.0)	(70, 61.0)	(75, 177.0)	(80, 115.0)	(85, 52.0)	(90, 31.0)	(95, 54.0)	(100, 64.0)	(105, 130.0)	(110, 62.0)	(115, 74.0)	(120, 125.0)	(125, 109.0)	(130, 281.0)	(135, 260.0)	(140, 211.0)	(145, 141.0)	(150, 208.0)	(155, 181.0)	(160, 590.0)	(165, 352.0)	(170, 528.0)	(175, 1014.0)	(180, 524.0)	(185, 473.0)	(190, 547.0)	(195, 1553.0)	(200, 1463.0)	(205, 1204.0)	(210, 1544.0)	(215, 1650.0)	(220, 1392.0)	(225, 1520.0)	(230, 1618.0)	(235, 1993.0)	(240, 1234.0)	(245, 3008.0)	(250, 1577.0)	(255, 4374.0)	(260, 5705.0)	(265, 5763.0)	(270, 7528.0)	(275, 67968.0)	(280, 12184.0)	(285, 0.0)	(290, 4.0)	(295, 12.0)	(300, 16.0)
1067R_0_M_S2_week9_S62_L001_R1_001	(55, 1.0)	(60, 1.0)	(65, 0.0)	(70, 1.0)	(75, 3.0)	(80, 17.0)	(85, 1.0)	(90, 2.0)	(95, 60.0)	(100, 76.0)	(105, 92.0)	(110, 134.0)	(115, 115.0)	(120, 41.0)	(125, 56.0)	(130, 130.0)	(135, 59.0)	(140, 31.0)	(145, 72.0)	(150, 35.0)	(155, 62.0)	(160, 74.0)	(165, 112.0)	(170, 304.0)	(175, 163.0)	(180, 102.0)	(185, 50.0)	(190, 66.0)	(195, 70.0)	(200, 32.0)	(205, 114.0)	(210, 139.0)	(215, 151.0)	(220, 140.0)	(225, 110.0)	(230, 93.0)	(235, 84.0)	(240, 140.0)	(245, 405.0)	(250, 238.0)	(255, 195.0)	(260, 404.0)	(265, 915.0)	(270, 1402.0)	(275, 3662.0)	(280, 122181.0)	(285, 1329.0)	(290, 5.0)	(295, 17.0)	(300, 124.0)	
1067R_0_M_S2_week9_S62_L001_R2_001	(50, 70.0)	(55, 54.0)	(60, 55.0)	(65, 254.0)	(70, 76.0)	(75, 205.0)	(80, 119.0)	(85, 96.0)	(90, 49.0)	(95, 64.0)	(100, 54.0)	(105, 111.0)	(110, 66.0)	(115, 85.0)	(120, 129.0)	(125, 138.0)	(130, 279.0)	(135, 272.0)	(140, 188.0)	(145, 152.0)	(150, 229.0)	(155, 151.0)	(160, 444.0)	(165, 348.0)	(170, 451.0)	(175, 1018.0)	(180, 495.0)	(185, 424.0)	(190, 523.0)	(195, 1321.0)	(200, 1040.0)	(205, 960.0)	(210, 1381.0)	(215, 1263.0)	(220, 1210.0)	(225, 1687.0)	(230, 1660.0)	(235, 2062.0)	(240, 1058.0)	(245, 2660.0)	(250, 1330.0)	(255, 3528.0)	(260, 4884.0)	(265, 5788.0)	(270, 7637.0)	(275, 73402.0)	(280, 14303.0)	(285, 3.0)	(290, 6.0)	(295, 17.0)	(300, 11.0)
1067R_L_M_S2_week5_S35_L001_R1_001	(50, 1.0)	(55, 0.0)	(60, 0.0)	(65, 1.0)	(70, 0.0)	(75, 8.0)	(80, 4.0)	(85, 5.0)	(90, 7.0)	(95, 34.0)	(100, 57.0)	(105, 45.0)	(110, 88.0)	(115, 86.0)	(120, 22.0)	(125, 34.0)	(130, 106.0)	(135, 46.0)	(140, 24.0)	(145, 38.0)	(150, 20.0)	(155, 45.0)	(160, 54.0)	(165, 57.0)	(170, 169.0)	(175, 69.0)	(180, 47.0)	(185, 28.0)	(190, 33.0)	(195, 51.0)	(200, 36.0)	(205, 97.0)	(210, 88.0)	(215, 79.0)	(220, 96.0)	(225, 66.0)	(230, 55.0)	(235, 56.0)	(240, 95.0)	(245, 277.0)	(250, 203.0)	(255, 141.0)	(260, 295.0)	(265, 770.0)	(270, 1076.0)	(275, 2875.0)	(280, 95203.0)	(285, 1136.0)	(290, 6.0)	(295, 18.0)	(300, 115.0)
1067R_L_M_S2_week5_S35_L001_R2_001	(50, 53.0)	(55, 37.0)	(60, 36.0)	(65, 191.0)	(70, 54.0)	(75, 158.0)	(80, 81.0)	(85, 55.0)	(90, 23.0)	(95, 51.0)	(100, 43.0)	(105, 78.0)	(110, 33.0)	(115, 50.0)	(120, 111.0)	(125, 89.0)	(130, 220.0)	(135, 191.0)	(140, 130.0)	(145, 93.0)	(150, 142.0)	(155, 138.0)	(160, 399.0)	(165, 258.0)	(170, 377.0)	(175, 817.0)	(180, 375.0)	(185, 340.0)	(190, 365.0)	(195, 1213.0)	(200, 988.0)	(205, 843.0)	(210, 1113.0)	(215, 1050.0)	(220, 948.0)	(225, 1223.0)	(230, 1296.0)	(235, 1492.0)	(240, 844.0)	(245, 2185.0)	(250, 1089.0)	(255, 2981.0)	(260, 4068.0)	(265, 4514.0)	(270, 5878.0)	(275, 56475.0)	(280, 10755.0)	(285, 2.0)	(290, 1.0)	(295, 7.0)	(300, 9.0)
1067R_L_M_S2_week9_S63_L001_R1_001	(50, 1.0)	(55, 2.0)	(60, 1.0)	(65, 1.0)	(70, 0.0)	(75, 7.0)	(80, 19.0)	(85, 6.0)	(90, 12.0)	(95, 66.0)	(100, 116.0)	(105, 114.0)	(110, 148.0)	(115, 147.0)	(120, 42.0)	(125, 78.0)	(130, 108.0)	(135, 58.0)	(140, 37.0)	(145, 69.0)	(150, 48.0)	(155, 61.0)	(160, 92.0)	(165, 86.0)	(170, 284.0)	(175, 155.0)	(180, 107.0)	(185, 46.0)	(190, 66.0)	(195, 73.0)	(200, 58.0)	(205, 189.0)	(210, 127.0)	(215, 164.0)	(220, 136.0)	(225, 122.0)	(230, 88.0)	(235, 101.0)	(240, 158.0)	(245, 518.0)	(250, 327.0)	(255, 282.0)	(260, 444.0)	(265, 1309.0)	(270, 1851.0)	(275, 4146.0)	(280, 116039.0)	(285, 1413.0)	(290, 6.0)	(295, 15.0)	(300, 131.0)
1067R_L_M_S2_week9_S63_L001_R2_001	(50, 66.0)	(55, 61.0)	(60, 69.0)	(65, 294.0)	(70, 86.0)	(75, 204.0)	(80, 125.0)	(85, 92.0)	(90, 42.0)	(95, 67.0)	(100, 73.0)	(105, 133.0)	(110, 66.0)	(115, 74.0)	(120, 136.0)	(125, 153.0)	(130, 267.0)	(135, 269.0)	(140, 194.0)	(145, 147.0)	(150, 209.0)	(155, 204.0)	(160, 597.0)	(165, 393.0)	(170, 519.0)	(175, 1112.0)	(180, 615.0)	(185, 599.0)	(190, 569.0)	(195, 1586.0)	(200, 1613.0)	(205, 1339.0)	(210, 1689.0)	(215, 1664.0)	(220, 1453.0)	(225, 1587.0)	(230, 1697.0)	(235, 2154.0)	(240, 1314.0)	(245, 3237.0)	(250, 1557.0)	(255, 4241.0)	(260, 5720.0)	(265, 5667.0)	(270, 7222.0)	(275, 66823.0)	(280, 11640.0)	(285, 0.0)	(290, 7.0)	(295, 15.0)	(300, 14.0)
1067R_R_M_S2_diabetes_S8_L001_R1_001	(75, 4.0)	(80, 7.0)	(85, 1.0)	(90, 2.0)	(95, 40.0)	(100, 40.0)	(105, 61.0)	(110, 69.0)	(115, 41.0)	(120, 33.0)	(125, 31.0)	(130, 67.0)	(135, 30.0)	(140, 13.0)	(145, 34.0)	(150, 18.0)	(155, 24.0)	(160, 54.0)	(165, 54.0)	(170, 114.0)	(175, 83.0)	(180, 37.0)	(185, 12.0)	(190, 36.0)	(195, 45.0)	(200, 23.0)	(205, 99.0)	(210, 70.0)	(215, 82.0)	(220, 59.0)	(225, 74.0)	(230, 58.0)	(235, 49.0)	(240, 59.0)	(245, 196.0)	(250, 133.0)	(255, 122.0)	(260, 219.0)	(265, 548.0)	(270, 811.0)	(275, 2147.0)	(280, 73296.0)	(285, 1045.0)	(290, 4.0)	(295, 10.0)	(300, 68.0)					
1067R_R_M_S2_diabetes_S8_L001_R2_001	(50, 43.0)	(55, 46.0)	(60, 32.0)	(65, 144.0)	(70, 34.0)	(75, 85.0)	(80, 60.0)	(85, 57.0)	(90, 33.0)	(95, 45.0)	(100, 28.0)	(105, 70.0)	(110, 31.0)	(115, 52.0)	(120, 91.0)	(125, 67.0)	(130, 127.0)	(135, 156.0)	(140, 111.0)	(145, 69.0)	(150, 94.0)	(155, 98.0)	(160, 273.0)	(165, 179.0)	(170, 320.0)	(175, 655.0)	(180, 280.0)	(185, 262.0)	(190, 289.0)	(195, 689.0)	(200, 666.0)	(205, 613.0)	(210, 841.0)	(215, 811.0)	(220, 727.0)	(225, 951.0)	(230, 1051.0)	(235, 1212.0)	(240, 650.0)	(245, 1801.0)	(250, 886.0)	(255, 2287.0)	(260, 2965.0)	(265, 3355.0)	(270, 4241.0)	(275, 43967.0)	(280, 8562.0)	(285, 1.0)	(290, 2.0)	(295, 7.0)	(300, 6.0)
1067R_S2_week27_S30_L001_R1_001	(55, 1.0)	(60, 0.0)	(65, 0.0)	(70, 0.0)	(75, 4.0)	(80, 13.0)	(85, 2.0)	(90, 2.0)	(95, 74.0)	(100, 93.0)	(105, 93.0)	(110, 112.0)	(115, 95.0)	(120, 37.0)	(125, 53.0)	(130, 87.0)	(135, 49.0)	(140, 25.0)	(145, 65.0)	(150, 36.0)	(155, 41.0)	(160, 57.0)	(165, 92.0)	(170, 234.0)	(175, 132.0)	(180, 87.0)	(185, 27.0)	(190, 53.0)	(195, 62.0)	(200, 38.0)	(205, 132.0)	(210, 106.0)	(215, 152.0)	(220, 100.0)	(225, 90.0)	(230, 75.0)	(235, 79.0)	(240, 128.0)	(245, 367.0)	(250, 280.0)	(255, 170.0)	(260, 356.0)	(265, 951.0)	(270, 1436.0)	(275, 3425.0)	(280, 100456.0)	(285, 1109.0)	(290, 3.0)	(295, 11.0)	(300, 106.0)	
1067R_S2_week27_S30_L001_R2_001	(50, 67.0)	(55, 48.0)	(60, 54.0)	(65, 203.0)	(70, 67.0)	(75, 159.0)	(80, 94.0)	(85, 69.0)	(90, 46.0)	(95, 65.0)	(100, 52.0)	(105, 112.0)	(110, 46.0)	(115, 71.0)	(120, 93.0)	(125, 122.0)	(130, 201.0)	(135, 226.0)	(140, 132.0)	(145, 134.0)	(150, 172.0)	(155, 156.0)	(160, 415.0)	(165, 310.0)	(170, 462.0)	(175, 865.0)	(180, 415.0)	(185, 384.0)	(190, 389.0)	(195, 1087.0)	(200, 1035.0)	(205, 855.0)	(210, 1196.0)	(215, 1191.0)	(220, 1074.0)	(225, 1332.0)	(230, 1319.0)	(235, 1711.0)	(240, 993.0)	(245, 2356.0)	(250, 1153.0)	(255, 2864.0)	(260, 4221.0)	(265, 4665.0)	(270, 6010.0)	(275, 61104.0)	(280, 11367.0)	(285, 4.0)	(290, 3.0)	(295, 22.0)	(300, 5.0)
1075R_RL_M_NS6_Pellet_week9_S3_L001_R1_001	(65, 1.0)	(70, 2.0)	(75, 3.0)	(80, 6.0)	(85, 2.0)	(90, 4.0)	(95, 22.0)	(100, 40.0)	(105, 50.0)	(110, 90.0)	(115, 52.0)	(120, 37.0)	(125, 46.0)	(130, 58.0)	(135, 28.0)	(140, 15.0)	(145, 39.0)	(150, 13.0)	(155, 23.0)	(160, 41.0)	(165, 53.0)	(170, 195.0)	(175, 102.0)	(180, 52.0)	(185, 33.0)	(190, 37.0)	(195, 48.0)	(200, 13.0)	(205, 92.0)	(210, 96.0)	(215, 63.0)	(220, 47.0)	(225, 68.0)	(230, 47.0)	(235, 70.0)	(240, 72.0)	(245, 178.0)	(250, 129.0)	(255, 104.0)	(260, 256.0)	(265, 478.0)	(270, 688.0)	(275, 2096.0)	(280, 89209.0)	(285, 1107.0)	(290, 2.0)	(295, 16.0)	(300, 108.0)			
1075R_RL_M_NS6_Pellet_week9_S3_L001_R2_001	(50, 52.0)	(55, 50.0)	(60, 41.0)	(65, 153.0)	(70, 54.0)	(75, 125.0)	(80, 73.0)	(85, 91.0)	(90, 32.0)	(95, 56.0)	(100, 39.0)	(105, 85.0)	(110, 40.0)	(115, 73.0)	(120, 89.0)	(125, 58.0)	(130, 160.0)	(135, 204.0)	(140, 84.0)	(145, 107.0)	(150, 151.0)	(155, 79.0)	(160, 297.0)	(165, 201.0)	(170, 306.0)	(175, 714.0)	(180, 183.0)	(185, 222.0)	(190, 277.0)	(195, 1149.0)	(200, 523.0)	(205, 513.0)	(210, 776.0)	(215, 593.0)	(220, 699.0)	(225, 983.0)	(230, 1018.0)	(235, 1225.0)	(240, 598.0)	(245, 1823.0)	(250, 877.0)	(255, 2102.0)	(260, 3348.0)	(265, 3804.0)	(270, 5122.0)	(275, 56124.0)	(280, 10635.0)	(285, 2.0)	(290, 5.0)	(295, 9.0)	(300, 7.0)
1152R_0_M_S2_week5_S36_L001_R1_001	(50, 1.0)	(55, 1.0)	(60, 1.0)	(65, 1.0)	(70, 0.0)	(75, 6.0)	(80, 11.0)	(85, 4.0)	(90, 7.0)	(95, 62.0)	(100, 74.0)	(105, 69.0)	(110, 137.0)	(115, 113.0)	(120, 40.0)	(125, 42.0)	(130, 137.0)	(135, 46.0)	(140, 24.0)	(145, 59.0)	(150, 38.0)	(155, 41.0)	(160, 61.0)	(165, 99.0)	(170, 261.0)	(175, 121.0)	(180, 80.0)	(185, 39.0)	(190, 60.0)	(195, 79.0)	(200, 54.0)	(205, 168.0)	(210, 142.0)	(215, 149.0)	(220, 86.0)	(225, 90.0)	(230, 97.0)	(235, 97.0)	(240, 151.0)	(245, 409.0)	(250, 256.0)	(255, 234.0)	(260, 405.0)	(265, 1131.0)	(270, 1624.0)	(275, 3913.0)	(280, 120522.0)	(285, 1583.0)	(290, 7.0)	(295, 12.0)	(300, 123.0)
1152R_0_M_S2_week5_S36_L001_R2_001	(50, 55.0)	(55, 50.0)	(60, 53.0)	(65, 239.0)	(70, 62.0)	(75, 197.0)	(80, 108.0)	(85, 74.0)	(90, 39.0)	(95, 48.0)	(100, 43.0)	(105, 102.0)	(110, 49.0)	(115, 72.0)	(120, 143.0)	(125, 104.0)	(130, 303.0)	(135, 266.0)	(140, 176.0)	(145, 121.0)	(150, 194.0)	(155, 151.0)	(160, 528.0)	(165, 331.0)	(170, 480.0)	(175, 999.0)	(180, 508.0)	(185, 429.0)	(190, 471.0)	(195, 1527.0)	(200, 1311.0)	(205, 1107.0)	(210, 1366.0)	(215, 1393.0)	(220, 1215.0)	(225, 1455.0)	(230, 1500.0)	(235, 1920.0)	(240, 1130.0)	(245, 2732.0)	(250, 1368.0)	(255, 3751.0)	(260, 5588.0)	(265, 5708.0)	(270, 7249.0)	(275, 72862.0)	(280, 13366.0)	(285, 3.0)	(290, 2.0)	(295, 6.0)	(300, 13.0)
1152R_L_M_S2_diabetes_S9_L001_R1_001	(55, 1.0)	(60, 0.0)	(65, 0.0)	(70, 2.0)	(75, 5.0)	(80, 13.0)	(85, 3.0)	(90, 4.0)	(95, 58.0)	(100, 66.0)	(105, 72.0)	(110, 113.0)	(115, 97.0)	(120, 37.0)	(125, 61.0)	(130, 98.0)	(135, 48.0)	(140, 30.0)	(145, 71.0)	(150, 29.0)	(155, 47.0)	(160, 60.0)	(165, 99.0)	(170, 232.0)	(175, 105.0)	(180, 70.0)	(185, 39.0)	(190, 55.0)	(195, 66.0)	(200, 35.0)	(205, 153.0)	(210, 119.0)	(215, 144.0)	(220, 120.0)	(225, 107.0)	(230, 69.0)	(235, 72.0)	(240, 117.0)	(245, 329.0)	(250, 220.0)	(255, 173.0)	(260, 317.0)	(265, 813.0)	(270, 1204.0)	(275, 3361.0)	(280, 118515.0)	(285, 1323.0)	(290, 7.0)	(295, 12.0)	(300, 123.0)	
1152R_L_M_S2_diabetes_S9_L001_R2_001	(50, 72.0)	(55, 67.0)	(60, 60.0)	(65, 216.0)	(70, 65.0)	(75, 185.0)	(80, 108.0)	(85, 69.0)	(90, 53.0)	(95, 66.0)	(100, 57.0)	(105, 104.0)	(110, 71.0)	(115, 82.0)	(120, 143.0)	(125, 116.0)	(130, 288.0)	(135, 254.0)	(140, 176.0)	(145, 167.0)	(150, 212.0)	(155, 173.0)	(160, 459.0)	(165, 339.0)	(170, 500.0)	(175, 1018.0)	(180, 448.0)	(185, 409.0)	(190, 525.0)	(195, 1231.0)	(200, 1030.0)	(205, 1009.0)	(210, 1247.0)	(215, 1272.0)	(220, 1241.0)	(225, 1663.0)	(230, 1687.0)	(235, 1955.0)	(240, 1023.0)	(245, 2748.0)	(250, 1272.0)	(255, 3641.0)	(260, 4635.0)	(265, 5335.0)	(270, 7050.0)	(275, 70099.0)	(280, 14237.0)	(285, 3.0)	(290, 2.0)	(295, 15.0)	(300, 17.0)
1152R_L_M_S2_week5_S37_L001_R1_001	(50, 1.0)	(55, 1.0)	(60, 0.0)	(65, 0.0)	(70, 2.0)	(75, 10.0)	(80, 16.0)	(85, 3.0)	(90, 4.0)	(95, 51.0)	(100, 89.0)	(105, 70.0)	(110, 108.0)	(115, 108.0)	(120, 29.0)	(125, 51.0)	(130, 123.0)	(135, 51.0)	(140, 31.0)	(145, 53.0)	(150, 37.0)	(155, 46.0)	(160, 68.0)	(165, 73.0)	(170, 223.0)	(175, 138.0)	(180, 72.0)	(185, 52.0)	(190, 51.0)	(195, 78.0)	(200, 37.0)	(205, 147.0)	(210, 141.0)	(215, 158.0)	(220, 101.0)	(225, 93.0)	(230, 76.0)	(235, 80.0)	(240, 131.0)	(245, 396.0)	(250, 282.0)	(255, 205.0)	(260, 361.0)	(265, 986.0)	(270, 1488.0)	(275, 3774.0)	(280, 123513.0)	(285, 1263.0)	(290, 6.0)	(295, 16.0)	(300, 116.0)
1152R_L_M_S2_week5_S37_L001_R2_001	(50, 73.0)	(55, 50.0)	(60, 43.0)	(65, 246.0)	(70, 53.0)	(75, 191.0)	(80, 112.0)	(85, 86.0)	(90, 38.0)	(95, 64.0)	(100, 44.0)	(105, 111.0)	(110, 43.0)	(115, 64.0)	(120, 116.0)	(125, 89.0)	(130, 232.0)	(135, 267.0)	(140, 143.0)	(145, 139.0)	(150, 193.0)	(155, 159.0)	(160, 528.0)	(165, 355.0)	(170, 502.0)	(175, 1078.0)	(180, 432.0)	(185, 440.0)	(190, 436.0)	(195, 1463.0)	(200, 1218.0)	(205, 1121.0)	(210, 1295.0)	(215, 1293.0)	(220, 1190.0)	(225, 1492.0)	(230, 1605.0)	(235, 1990.0)	(240, 1202.0)	(245, 2689.0)	(250, 1293.0)	(255, 3382.0)	(260, 4991.0)	(265, 5582.0)	(270, 7491.0)	(275, 75106.0)	(280, 14257.0)	(285, 2.0)	(290, 1.0)	(295, 8.0)	(300, 11.0)
1152R_L_M_S2_week9_S64_L001_R1_001	(55, 2.0)	(60, 0.0)	(65, 0.0)	(70, 0.0)	(75, 4.0)	(80, 9.0)	(85, 0.0)	(90, 10.0)	(95, 55.0)	(100, 93.0)	(105, 74.0)	(110, 138.0)	(115, 124.0)	(120, 36.0)	(125, 49.0)	(130, 64.0)	(135, 41.0)	(140, 27.0)	(145, 54.0)	(150, 36.0)	(155, 49.0)	(160, 73.0)	(165, 80.0)	(170, 240.0)	(175, 123.0)	(180, 78.0)	(185, 32.0)	(190, 46.0)	(195, 75.0)	(200, 52.0)	(205, 182.0)	(210, 137.0)	(215, 152.0)	(220, 112.0)	(225, 96.0)	(230, 92.0)	(235, 99.0)	(240, 131.0)	(245, 470.0)	(250, 286.0)	(255, 227.0)	(260, 394.0)	(265, 1149.0)	(270, 1647.0)	(275, 3723.0)	(280, 108824.0)	(285, 1773.0)	(290, 4.0)	(295, 27.0)	(300, 140.0)	
1152R_L_M_S2_week9_S64_L001_R2_001	(50, 60.0)	(55, 50.0)	(60, 61.0)	(65, 210.0)	(70, 77.0)	(75, 191.0)	(80, 112.0)	(85, 72.0)	(90, 51.0)	(95, 58.0)	(100, 57.0)	(105, 107.0)	(110, 55.0)	(115, 81.0)	(120, 130.0)	(125, 155.0)	(130, 274.0)	(135, 245.0)	(140, 180.0)	(145, 145.0)	(150, 205.0)	(155, 178.0)	(160, 497.0)	(165, 383.0)	(170, 503.0)	(175, 903.0)	(180, 616.0)	(185, 566.0)	(190, 558.0)	(195, 1320.0)	(200, 1376.0)	(205, 1254.0)	(210, 1582.0)	(215, 1779.0)	(220, 1521.0)	(225, 1560.0)	(230, 1623.0)	(235, 2051.0)	(240, 1277.0)	(245, 3045.0)	(250, 1515.0)	(255, 4284.0)	(260, 5179.0)	(265, 5272.0)	(270, 6799.0)	(275, 61839.0)	(280, 11236.0)	(285, 3.0)	(290, 2.0)	(295, 19.0)	(300, 13.0)
1152R_R_M_S2_week5_S38_L001_R1_001	(50, 2.0)	(55, 1.0)	(60, 0.0)	(65, 0.0)	(70, 0.0)	(75, 7.0)	(80, 10.0)	(85, 1.0)	(90, 4.0)	(95, 49.0)	(100, 66.0)	(105, 62.0)	(110, 107.0)	(115, 78.0)	(120, 28.0)	(125, 46.0)	(130, 96.0)	(135, 45.0)	(140, 15.0)	(145, 48.0)	(150, 27.0)	(155, 45.0)	(160, 47.0)	(165, 74.0)	(170, 168.0)	(175, 98.0)	(180, 70.0)	(185, 27.0)	(190, 57.0)	(195, 69.0)	(200, 33.0)	(205, 126.0)	(210, 93.0)	(215, 114.0)	(220, 93.0)	(225, 89.0)	(230, 67.0)	(235, 76.0)	(240, 140.0)	(245, 363.0)	(250, 251.0)	(255, 147.0)	(260, 314.0)	(265, 880.0)	(270, 1355.0)	(275, 2875.0)	(280, 85696.0)	(285, 1030.0)	(290, 5.0)	(295, 18.0)	(300, 86.0)
1152R_R_M_S2_week5_S38_L001_R2_001	(50, 36.0)	(55, 36.0)	(60, 51.0)	(65, 155.0)	(70, 55.0)	(75, 153.0)	(80, 93.0)	(85, 58.0)	(90, 19.0)	(95, 38.0)	(100, 34.0)	(105, 105.0)	(110, 44.0)	(115, 57.0)	(120, 93.0)	(125, 89.0)	(130, 191.0)	(135, 185.0)	(140, 144.0)	(145, 102.0)	(150, 150.0)	(155, 152.0)	(160, 404.0)	(165, 295.0)	(170, 374.0)	(175, 744.0)	(180, 399.0)	(185, 379.0)	(190, 377.0)	(195, 1135.0)	(200, 1070.0)	(205, 835.0)	(210, 1141.0)	(215, 1112.0)	(220, 1008.0)	(225, 1085.0)	(230, 1127.0)	(235, 1399.0)	(240, 889.0)	(245, 2099.0)	(250, 1043.0)	(255, 2848.0)	(260, 3727.0)	(265, 4049.0)	(270, 5303.0)	(275, 51187.0)	(280, 9110.0)	(285, 1.0)	(290, 2.0)	(295, 9.0)	(300, 7.0)
1152R_R_M_S2_week9_S65_L001_R1_001	(50, 1.0)	(55, 0.0)	(60, 0.0)	(65, 0.0)	(70, 0.0)	(75, 4.0)	(80, 10.0)	(85, 5.0)	(90, 2.0)	(95, 37.0)	(100, 75.0)	(105, 48.0)	(110, 92.0)	(115, 86.0)	(120, 33.0)	(125, 42.0)	(130, 62.0)	(135, 31.0)	(140, 18.0)	(145, 56.0)	(150, 17.0)	(155, 32.0)	(160, 43.0)	(165, 67.0)	(170, 210.0)	(175, 78.0)	(180, 59.0)	(185, 26.0)	(190, 36.0)	(195, 56.0)	(200, 48.0)	(205, 112.0)	(210, 106.0)	(215, 122.0)	(220, 85.0)	(225, 68.0)	(230, 68.0)	(235, 67.0)	(240, 107.0)	(245, 349.0)	(250, 229.0)	(255, 177.0)	(260, 295.0)	(265, 867.0)	(270, 1268.0)	(275, 2847.0)	(280, 85134.0)	(285, 1052.0)	(290, 2.0)	(295, 15.0)	(300, 69.0)
1152R_R_M_S2_week9_S65_L001_R2_001	(50, 40.0)	(55, 57.0)	(60, 51.0)	(65, 164.0)	(70, 47.0)	(75, 153.0)	(80, 79.0)	(85, 67.0)	(90, 17.0)	(95, 39.0)	(100, 46.0)	(105, 93.0)	(110, 42.0)	(115, 63.0)	(120, 97.0)	(125, 107.0)	(130, 211.0)	(135, 176.0)	(140, 156.0)	(145, 113.0)	(150, 155.0)	(155, 143.0)	(160, 425.0)	(165, 250.0)	(170, 353.0)	(175, 735.0)	(180, 394.0)	(185, 399.0)	(190, 384.0)	(195, 994.0)	(200, 992.0)	(205, 939.0)	(210, 1202.0)	(215, 1262.0)	(220, 1076.0)	(225, 1140.0)	(230, 1180.0)	(235, 1557.0)	(240, 944.0)	(245, 2257.0)	(250, 1063.0)	(255, 2998.0)	(260, 3919.0)	(265, 3985.0)	(270, 5019.0)	(275, 49398.0)	(280, 9323.0)	(285, 0.0)	(290, 1.0)	(295, 4.0)	(300, 4.0)
1152R_S2_week28_S31_L001_R1_001	(50, 1.0)	(55, 1.0)	(60, 0.0)	(65, 1.0)	(70, 1.0)	(75, 6.0)	(80, 9.0)	(85, 4.0)	(90, 3.0)	(95, 62.0)	(100, 90.0)	(105, 87.0)	(110, 168.0)	(115, 125.0)	(120, 44.0)	(125, 61.0)	(130, 111.0)	(135, 39.0)	(140, 26.0)	(145, 68.0)	(150, 33.0)	(155, 46.0)	(160, 68.0)	(165, 76.0)	(170, 265.0)	(175, 115.0)	(180, 89.0)	(185, 37.0)	(190, 43.0)	(195, 85.0)	(200, 66.0)	(205, 194.0)	(210, 135.0)	(215, 141.0)	(220, 112.0)	(225, 89.0)	(230, 90.0)	(235, 98.0)	(240, 146.0)	(245, 461.0)	(250, 312.0)	(255, 224.0)	(260, 377.0)	(265, 1172.0)	(270, 1823.0)	(275, 3872.0)	(280, 107624.0)	(285, 1347.0)	(290, 5.0)	(295, 12.0)	(300, 112.0)
1152R_S2_week28_S31_L001_R2_001	(50, 67.0)	(55, 68.0)	(60, 67.0)	(65, 267.0)	(70, 86.0)	(75, 203.0)	(80, 122.0)	(85, 77.0)	(90, 30.0)	(95, 67.0)	(100, 64.0)	(105, 130.0)	(110, 55.0)	(115, 73.0)	(120, 142.0)	(125, 130.0)	(130, 257.0)	(135, 253.0)	(140, 193.0)	(145, 143.0)	(150, 216.0)	(155, 176.0)	(160, 546.0)	(165, 366.0)	(170, 451.0)	(175, 912.0)	(180, 578.0)	(185, 524.0)	(190, 538.0)	(195, 1491.0)	(200, 1510.0)	(205, 1284.0)	(210, 1511.0)	(215, 1604.0)	(220, 1301.0)	(225, 1389.0)	(230, 1521.0)	(235, 2036.0)	(240, 1208.0)	(245, 2816.0)	(250, 1358.0)	(255, 3793.0)	(260, 5267.0)	(265, 5262.0)	(270, 6704.0)	(275, 62296.0)	(280, 10990.0)	(285, 2.0)	(290, 3.0)	(295, 19.0)	(300, 10.0)
1174R_0_M_S2_diabetes_S10_L001_R1_001	(50, 2.0)	(55, 0.0)	(60, 1.0)	(65, 1.0)	(70, 1.0)	(75, 2.0)	(80, 10.0)	(85, 7.0)	(90, 6.0)	(95, 58.0)	(100, 107.0)	(105, 67.0)	(110, 171.0)	(115, 97.0)	(120, 41.0)	(125, 54.0)	(130, 115.0)	(135, 48.0)	(140, 24.0)	(145, 56.0)	(150, 38.0)	(155, 50.0)	(160, 64.0)	(165, 81.0)	(170, 216.0)	(175, 100.0)	(180, 76.0)	(185, 39.0)	(190, 46.0)	(195, 77.0)	(200, 58.0)	(205, 166.0)	(210, 102.0)	(215, 159.0)	(220, 104.0)	(225, 89.0)	(230, 92.0)	(235, 79.0)	(240, 188.0)	(245, 497.0)	(250, 279.0)	(255, 237.0)	(260, 392.0)	(265, 1240.0)	(270, 1800.0)	(275, 3842.0)	(280, 106758.0)	(285, 1420.0)	(290, 7.0)	(295, 27.0)	(300, 104.0)
1174R_0_M_S2_diabetes_S10_L001_R2_001	(50, 64.0)	(55, 60.0)	(60, 56.0)	(65, 250.0)	(70, 73.0)	(75, 171.0)	(80, 112.0)	(85, 61.0)	(90, 43.0)	(95, 62.0)	(100, 56.0)	(105, 145.0)	(110, 62.0)	(115, 91.0)	(120, 178.0)	(125, 161.0)	(130, 347.0)	(135, 280.0)	(140, 201.0)	(145, 155.0)	(150, 202.0)	(155, 210.0)	(160, 607.0)	(165, 388.0)	(170, 542.0)	(175, 949.0)	(180, 621.0)	(185, 521.0)	(190, 576.0)	(195, 1563.0)	(200, 1592.0)	(205, 1340.0)	(210, 1609.0)	(215, 1790.0)	(220, 1536.0)	(225, 1459.0)	(230, 1479.0)	(235, 1966.0)	(240, 1305.0)	(245, 3023.0)	(250, 1505.0)	(255, 4459.0)	(260, 5713.0)	(265, 5503.0)	(270, 6611.0)	(275, 59616.0)	(280, 9950.0)	(285, 2.0)	(290, 7.0)	(295, 10.0)	(300, 13.0)
1174R_0_M_S2_week5_S39_L001_R1_001	(55, 1.0)	(60, 1.0)	(65, 1.0)	(70, 0.0)	(75, 6.0)	(80, 13.0)	(85, 10.0)	(90, 4.0)	(95, 49.0)	(100, 54.0)	(105, 49.0)	(110, 90.0)	(115, 77.0)	(120, 25.0)	(125, 43.0)	(130, 84.0)	(135, 51.0)	(140, 22.0)	(145, 62.0)	(150, 25.0)	(155, 31.0)	(160, 51.0)	(165, 71.0)	(170, 167.0)	(175, 87.0)	(180, 56.0)	(185, 27.0)	(190, 40.0)	(195, 54.0)	(200, 30.0)	(205, 114.0)	(210, 104.0)	(215, 90.0)	(220, 74.0)	(225, 75.0)	(230, 60.0)	(235, 60.0)	(240, 92.0)	(245, 287.0)	(250, 198.0)	(255, 149.0)	(260, 269.0)	(265, 756.0)	(270, 1074.0)	(275, 2926.0)	(280, 95747.0)	(285, 1087.0)	(290, 3.0)	(295, 11.0)	(300, 88.0)	
1174R_0_M_S2_week5_S39_L001_R2_001	(50, 61.0)	(55, 50.0)	(60, 42.0)	(65, 225.0)	(70, 52.0)	(75, 171.0)	(80, 81.0)	(85, 64.0)	(90, 35.0)	(95, 36.0)	(100, 39.0)	(105, 70.0)	(110, 33.0)	(115, 62.0)	(120, 91.0)	(125, 96.0)	(130, 159.0)	(135, 196.0)	(140, 117.0)	(145, 131.0)	(150, 165.0)	(155, 115.0)	(160, 396.0)	(165, 284.0)	(170, 361.0)	(175, 823.0)	(180, 311.0)	(185, 335.0)	(190, 377.0)	(195, 1172.0)	(200, 965.0)	(205, 837.0)	(210, 983.0)	(215, 979.0)	(220, 933.0)	(225, 1174.0)	(230, 1247.0)	(235, 1534.0)	(240, 847.0)	(245, 2177.0)	(250, 1115.0)	(255, 2895.0)	(260, 4116.0)	(265, 4419.0)	(270, 5932.0)	(275, 57272.0)	(280, 10939.0)	(285, 2.0)	(290, 0.0)	(295, 11.0)	(300, 18.0)
1174R_S2_week14_S21_L001_R1_001	(50, 4.0)	(55, 0.0)	(60, 3.0)	(65, 1.0)	(70, 1.0)	(75, 6.0)	(80, 15.0)	(85, 7.0)	(90, 6.0)	(95, 52.0)	(100, 76.0)	(105, 80.0)	(110, 130.0)	(115, 109.0)	(120, 45.0)	(125, 52.0)	(130, 72.0)	(135, 37.0)	(140, 14.0)	(145, 65.0)	(150, 28.0)	(155, 44.0)	(160, 67.0)	(165, 73.0)	(170, 228.0)	(175, 98.0)	(180, 79.0)	(185, 49.0)	(190, 56.0)	(195, 69.0)	(200, 44.0)	(205, 155.0)	(210, 120.0)	(215, 142.0)	(220, 113.0)	(225, 117.0)	(230, 80.0)	(235, 103.0)	(240, 131.0)	(245, 423.0)	(250, 266.0)	(255, 201.0)	(260, 396.0)	(265, 1023.0)	(270, 1425.0)	(275, 3614.0)	(280, 112612.0)	(285, 1403.0)	(290, 4.0)	(295, 19.0)	(300, 113.0)
1174R_S2_week14_S21_L001_R2_001	(50, 71.0)	(55, 61.0)	(60, 45.0)	(65, 250.0)	(70, 54.0)	(75, 196.0)	(80, 135.0)	(85, 64.0)	(90, 25.0)	(95, 62.0)	(100, 48.0)	(105, 132.0)	(110, 41.0)	(115, 81.0)	(120, 102.0)	(125, 99.0)	(130, 222.0)	(135, 224.0)	(140, 153.0)	(145, 106.0)	(150, 195.0)	(155, 141.0)	(160, 579.0)	(165, 372.0)	(170, 515.0)	(175, 917.0)	(180, 409.0)	(185, 457.0)	(190, 427.0)	(195, 1386.0)	(200, 1178.0)	(205, 1086.0)	(210, 1341.0)	(215, 1278.0)	(220, 1121.0)	(225, 1440.0)	(230, 1598.0)	(235, 1846.0)	(240, 1045.0)	(245, 2782.0)	(250, 1313.0)	(255, 3516.0)	(260, 4993.0)	(265, 5369.0)	(270, 6642.0)	(275, 68063.0)	(280, 11866.0)	(285, 5.0)	(290, 3.0)	(295, 7.0)	(300, 9.0)
2402R_R_F_S5_Pellet_week9_S5_L001_R1_001	(55, 3.0)	(60, 0.0)	(65, 1.0)	(70, 0.0)	(75, 8.0)	(80, 10.0)	(85, 1.0)	(90, 4.0)	(95, 48.0)	(100, 84.0)	(105, 81.0)	(110, 150.0)	(115, 106.0)	(120, 34.0)	(125, 46.0)	(130, 96.0)	(135, 39.0)	(140, 19.0)	(145, 50.0)	(150, 26.0)	(155, 40.0)	(160, 55.0)	(165, 69.0)	(170, 207.0)	(175, 98.0)	(180, 85.0)	(185, 26.0)	(190, 52.0)	(195, 69.0)	(200, 43.0)	(205, 148.0)	(210, 82.0)	(215, 100.0)	(220, 82.0)	(225, 102.0)	(230, 60.0)	(235, 85.0)	(240, 119.0)	(245, 323.0)	(250, 216.0)	(255, 208.0)	(260, 320.0)	(265, 865.0)	(270, 1159.0)	(275, 2776.0)	(280, 79243.0)	(285, 1104.0)	(290, 4.0)	(295, 15.0)	(300, 67.0)	
2402R_R_F_S5_Pellet_week9_S5_L001_R2_001	(50, 50.0)	(55, 62.0)	(60, 48.0)	(65, 184.0)	(70, 58.0)	(75, 165.0)	(80, 113.0)	(85, 53.0)	(90, 36.0)	(95, 56.0)	(100, 32.0)	(105, 101.0)	(110, 56.0)	(115, 47.0)	(120, 97.0)	(125, 110.0)	(130, 215.0)	(135, 184.0)	(140, 157.0)	(145, 112.0)	(150, 167.0)	(155, 155.0)	(160, 394.0)	(165, 346.0)	(170, 454.0)	(175, 583.0)	(180, 411.0)	(185, 375.0)	(190, 408.0)	(195, 1235.0)	(200, 1128.0)	(205, 925.0)	(210, 1057.0)	(215, 1135.0)	(220, 1008.0)	(225, 1074.0)	(230, 1228.0)	(235, 1473.0)	(240, 873.0)	(245, 2263.0)	(250, 1069.0)	(255, 2808.0)	(260, 3924.0)	(265, 3901.0)	(270, 4827.0)	(275, 45774.0)	(280, 7683.0)	(285, 0.0)	(290, 4.0)	(295, 3.0)	(300, 7.0)
2404R_0_F_S2_week5_S40_L001_R1_001	(50, 2.0)	(55, 1.0)	(60, 0.0)	(65, 1.0)	(70, 0.0)	(75, 2.0)	(80, 10.0)	(85, 6.0)	(90, 8.0)	(95, 44.0)	(100, 68.0)	(105, 57.0)	(110, 103.0)	(115, 93.0)	(120, 30.0)	(125, 43.0)	(130, 82.0)	(135, 36.0)	(140, 26.0)	(145, 57.0)	(150, 26.0)	(155, 35.0)	(160, 44.0)	(165, 71.0)	(170, 213.0)	(175, 99.0)	(180, 68.0)	(185, 33.0)	(190, 51.0)	(195, 58.0)	(200, 42.0)	(205, 136.0)	(210, 74.0)	(215, 107.0)	(220, 84.0)	(225, 88.0)	(230, 76.0)	(235, 66.0)	(240, 128.0)	(245, 375.0)	(250, 247.0)	(255, 194.0)	(260, 327.0)	(265, 977.0)	(270, 1462.0)	(275, 3417.0)	(280, 107704.0)	(285, 1628.0)	(290, 6.0)	(295, 25.0)	(300, 114.0)
2404R_0_F_S2_week5_S40_L001_R2_001	(50, 57.0)	(55, 44.0)	(60, 67.0)	(65, 221.0)	(70, 60.0)	(75, 164.0)	(80, 83.0)	(85, 59.0)	(90, 26.0)	(95, 56.0)	(100, 46.0)	(105, 103.0)	(110, 46.0)	(115, 67.0)	(120, 120.0)	(125, 121.0)	(130, 253.0)	(135, 202.0)	(140, 162.0)	(145, 121.0)	(150, 175.0)	(155, 144.0)	(160, 467.0)	(165, 317.0)	(170, 446.0)	(175, 930.0)	(180, 502.0)	(185, 486.0)	(190, 538.0)	(195, 1322.0)	(200, 1256.0)	(205, 1086.0)	(210, 1329.0)	(215, 1488.0)	(220, 1261.0)	(225, 1432.0)	(230, 1517.0)	(235, 1940.0)	(240, 1136.0)	(245, 2756.0)	(250, 1326.0)	(255, 3918.0)	(260, 5058.0)	(265, 5345.0)	(270, 6830.0)	(275, 61671.0)	(280, 11868.0)	(285, 2.0)	(290, 1.0)	(295, 8.0)	(300, 11.0)
2404R_0_F_S2_week9_S66_L001_R1_001	(65, 2.0)	(70, 2.0)	(75, 2.0)	(80, 9.0)	(85, 4.0)	(90, 6.0)	(95, 45.0)	(100, 67.0)	(105, 54.0)	(110, 95.0)	(115, 105.0)	(120, 36.0)	(125, 41.0)	(130, 48.0)	(135, 37.0)	(140, 20.0)	(145, 32.0)	(150, 28.0)	(155, 29.0)	(160, 44.0)	(165, 60.0)	(170, 212.0)	(175, 89.0)	(180, 60.0)	(185, 33.0)	(190, 36.0)	(195, 68.0)	(200, 40.0)	(205, 124.0)	(210, 95.0)	(215, 117.0)	(220, 76.0)	(225, 77.0)	(230, 58.0)	(235, 73.0)	(240, 117.0)	(245, 363.0)	(250, 296.0)	(255, 196.0)	(260, 293.0)	(265, 1009.0)	(270, 1486.0)	(275, 3350.0)	(280, 95361.0)	(285, 1155.0)	(290, 6.0)	(295, 19.0)	(300, 83.0)			
2404R_0_F_S2_week9_S66_L001_R2_001	(50, 58.0)	(55, 58.0)	(60, 66.0)	(65, 220.0)	(70, 48.0)	(75, 177.0)	(80, 105.0)	(85, 58.0)	(90, 30.0)	(95, 56.0)	(100, 52.0)	(105, 110.0)	(110, 59.0)	(115, 73.0)	(120, 119.0)	(125, 107.0)	(130, 273.0)	(135, 208.0)	(140, 166.0)	(145, 130.0)	(150, 221.0)	(155, 177.0)	(160, 493.0)	(165, 301.0)	(170, 401.0)	(175, 831.0)	(180, 468.0)	(185, 478.0)	(190, 477.0)	(195, 1291.0)	(200, 1218.0)	(205, 1073.0)	(210, 1324.0)	(215, 1412.0)	(220, 1162.0)	(225, 1192.0)	(230, 1323.0)	(235, 1594.0)	(240, 1057.0)	(245, 2501.0)	(250, 1249.0)	(255, 3407.0)	(260, 4656.0)	(265, 4577.0)	(270, 5847.0)	(275, 55067.0)	(280, 9669.0)	(285, 0.0)	(290, 0.0)	(295, 7.0)	(300, 12.0)
2404R_L_F_S2_diabetes_S11_L001_R1_001	(55, 1.0)	(60, 0.0)	(65, 0.0)	(70, 1.0)	(75, 7.0)	(80, 10.0)	(85, 4.0)	(90, 11.0)	(95, 75.0)	(100, 56.0)	(105, 58.0)	(110, 122.0)	(115, 83.0)	(120, 31.0)	(125, 32.0)	(130, 205.0)	(135, 51.0)	(140, 26.0)	(145, 50.0)	(150, 34.0)	(155, 68.0)	(160, 83.0)	(165, 77.0)	(170, 187.0)	(175, 92.0)	(180, 62.0)	(185, 35.0)	(190, 48.0)	(195, 50.0)	(200, 30.0)	(205, 99.0)	(210, 94.0)	(215, 120.0)	(220, 86.0)	(225, 66.0)	(230, 64.0)	(235, 63.0)	(240, 91.0)	(245, 271.0)	(250, 195.0)	(255, 136.0)	(260, 273.0)	(265, 693.0)	(270, 1174.0)	(275, 3196.0)	(280, 106759.0)	(285, 1272.0)	(290, 6.0)	(295, 19.0)	(300, 124.0)	
2404R_L_F_S2_diabetes_S11_L001_R2_001	(50, 83.0)	(55, 63.0)	(60, 57.0)	(65, 221.0)	(70, 76.0)	(75, 186.0)	(80, 107.0)	(85, 78.0)	(90, 42.0)	(95, 64.0)	(100, 58.0)	(105, 93.0)	(110, 49.0)	(115, 79.0)	(120, 152.0)	(125, 121.0)	(130, 250.0)	(135, 233.0)	(140, 167.0)	(145, 112.0)	(150, 186.0)	(155, 113.0)	(160, 435.0)	(165, 343.0)	(170, 450.0)	(175, 962.0)	(180, 376.0)	(185, 342.0)	(190, 397.0)	(195, 1365.0)	(200, 1114.0)	(205, 913.0)	(210, 1130.0)	(215, 1043.0)	(220, 1025.0)	(225, 1302.0)	(230, 1399.0)	(235, 1518.0)	(240, 875.0)	(245, 2363.0)	(250, 1176.0)	(255, 3157.0)	(260, 4271.0)	(265, 5183.0)	(270, 6470.0)	(275, 64202.0)	(280, 11947.0)	(285, 4.0)	(290, 1.0)	(295, 23.0)	(300, 14.0)
2404R_L_F_S2_week5_S41_L001_R1_001	(50, 1.0)	(55, 2.0)	(60, 1.0)	(65, 0.0)	(70, 2.0)	(75, 6.0)	(80, 12.0)	(85, 7.0)	(90, 10.0)	(95, 65.0)	(100, 96.0)	(105, 99.0)	(110, 129.0)	(115, 107.0)	(120, 46.0)	(125, 57.0)	(130, 142.0)	(135, 55.0)	(140, 17.0)	(145, 71.0)	(150, 27.0)	(155, 37.0)	(160, 56.0)	(165, 95.0)	(170, 242.0)	(175, 132.0)	(180, 80.0)	(185, 36.0)	(190, 58.0)	(195, 66.0)	(200, 53.0)	(205, 137.0)	(210, 125.0)	(215, 131.0)	(220, 96.0)	(225, 101.0)	(230, 96.0)	(235, 80.0)	(240, 113.0)	(245, 330.0)	(250, 203.0)	(255, 163.0)	(260, 327.0)	(265, 886.0)	(270, 1269.0)	(275, 3604.0)	(280, 114218.0)	(285, 1385.0)	(290, 5.0)	(295, 16.0)	(300, 118.0)
2404R_L_F_S2_week5_S41_L001_R2_001	(50, 81.0)	(55, 86.0)	(60, 73.0)	(65, 244.0)	(70, 83.0)	(75, 198.0)	(80, 134.0)	(85, 75.0)	(90, 62.0)	(95, 97.0)	(100, 74.0)	(105, 113.0)	(110, 59.0)	(115, 97.0)	(120, 190.0)	(125, 182.0)	(130, 349.0)	(135, 280.0)	(140, 201.0)	(145, 178.0)	(150, 233.0)	(155, 201.0)	(160, 530.0)	(165, 356.0)	(170, 482.0)	(175, 996.0)	(180, 474.0)	(185, 479.0)	(190, 564.0)	(195, 1396.0)	(200, 1183.0)	(205, 954.0)	(210, 1394.0)	(215, 1336.0)	(220, 1214.0)	(225, 1567.0)	(230, 1625.0)	(235, 1879.0)	(240, 1053.0)	(245, 2787.0)	(250, 1349.0)	(255, 3651.0)	(260, 4734.0)	(265, 5354.0)	(270, 6739.0)	(275, 67622.0)	(280, 12170.0)	(285, 0.0)	(290, 3.0)	(295, 9.0)	(300, 20.0)
2404R_L_F_S2_week9_S67_L001_R1_001	(50, 1.0)	(55, 2.0)	(60, 0.0)	(65, 0.0)	(70, 0.0)	(75, 4.0)	(80, 13.0)	(85, 2.0)	(90, 8.0)	(95, 49.0)	(100, 99.0)	(105, 46.0)	(110, 125.0)	(115, 93.0)	(120, 36.0)	(125, 27.0)	(130, 65.0)	(135, 27.0)	(140, 16.0)	(145, 46.0)	(150, 31.0)	(155, 30.0)	(160, 43.0)	(165, 65.0)	(170, 183.0)	(175, 101.0)	(180, 65.0)	(185, 18.0)	(190, 46.0)	(195, 80.0)	(200, 41.0)	(205, 170.0)	(210, 85.0)	(215, 121.0)	(220, 106.0)	(225, 96.0)	(230, 72.0)	(235, 82.0)	(240, 142.0)	(245, 403.0)	(250, 284.0)	(255, 206.0)	(260, 361.0)	(265, 1063.0)	(270, 1527.0)	(275, 3396.0)	(280, 99136.0)	(285, 1612.0)	(290, 8.0)	(295, 24.0)	(300, 126.0)
2404R_L_F_S2_week9_S67_L001_R2_001	(50, 68.0)	(55, 53.0)	(60, 66.0)	(65, 215.0)	(70, 65.0)	(75, 205.0)	(80, 106.0)	(85, 58.0)	(90, 40.0)	(95, 59.0)	(100, 47.0)	(105, 117.0)	(110, 52.0)	(115, 70.0)	(120, 105.0)	(125, 119.0)	(130, 283.0)	(135, 215.0)	(140, 182.0)	(145, 139.0)	(150, 209.0)	(155, 176.0)	(160, 532.0)	(165, 323.0)	(170, 431.0)	(175, 841.0)	(180, 565.0)	(185, 520.0)	(190, 464.0)	(195, 1395.0)	(200, 1364.0)	(205, 1174.0)	(210, 1395.0)	(215, 1482.0)	(220, 1258.0)	(225, 1278.0)	(230, 1339.0)	(235, 1641.0)	(240, 1115.0)	(245, 2616.0)	(250, 1255.0)	(255, 3678.0)	(260, 4823.0)	(265, 4803.0)	(270, 6195.0)	(275, 57414.0)	(280, 9821.0)	(285, 1.0)	(290, 1.0)	(295, 5.0)	(300, 4.0)
2404R_S2_week14_S22_L001_R1_001	(50, 2.0)	(55, 1.0)	(60, 1.0)	(65, 0.0)	(70, 0.0)	(75, 7.0)	(80, 25.0)	(85, 11.0)	(90, 5.0)	(95, 82.0)	(100, 111.0)	(105, 84.0)	(110, 183.0)	(115, 141.0)	(120, 59.0)	(125, 78.0)	(130, 117.0)	(135, 63.0)	(140, 27.0)	(145, 79.0)	(150, 42.0)	(155, 59.0)	(160, 75.0)	(165, 104.0)	(170, 329.0)	(175, 148.0)	(180, 110.0)	(185, 38.0)	(190, 67.0)	(195, 97.0)	(200, 45.0)	(205, 186.0)	(210, 164.0)	(215, 152.0)	(220, 141.0)	(225, 124.0)	(230, 97.0)	(235, 99.0)	(240, 158.0)	(245, 470.0)	(250, 337.0)	(255, 261.0)	(260, 506.0)	(265, 1364.0)	(270, 1808.0)	(275, 4421.0)	(280, 127362.0)	(285, 1536.0)	(290, 4.0)	(295, 14.0)	(300, 116.0)
2404R_S2_week14_S22_L001_R2_001	(50, 61.0)	(55, 59.0)	(60, 70.0)	(65, 246.0)	(70, 75.0)	(75, 222.0)	(80, 105.0)	(85, 80.0)	(90, 28.0)	(95, 48.0)	(100, 40.0)	(105, 129.0)	(110, 48.0)	(115, 74.0)	(120, 126.0)	(125, 135.0)	(130, 262.0)	(135, 251.0)	(140, 202.0)	(145, 128.0)	(150, 182.0)	(155, 158.0)	(160, 554.0)	(165, 381.0)	(170, 503.0)	(175, 1056.0)	(180, 580.0)	(185, 503.0)	(190, 511.0)	(195, 1437.0)	(200, 1418.0)	(205, 1198.0)	(210, 1499.0)	(215, 1599.0)	(220, 1431.0)	(225, 1581.0)	(230, 1644.0)	(235, 1987.0)	(240, 1278.0)	(245, 2959.0)	(250, 1409.0)	(255, 3971.0)	(260, 5581.0)	(265, 6055.0)	(270, 7954.0)	(275, 77533.0)	(280, 14139.0)	(285, 3.0)	(290, 3.0)	(295, 5.0)	(300, 9.0)
2446R_0_F_S2_week5_S42_L001_R1_001	(50, 1.0)	(55, 0.0)	(60, 0.0)	(65, 1.0)	(70, 0.0)	(75, 6.0)	(80, 9.0)	(85, 3.0)	(90, 9.0)	(95, 54.0)	(100, 87.0)	(105, 66.0)	(110, 87.0)	(115, 98.0)	(120, 33.0)	(125, 40.0)	(130, 80.0)	(135, 38.0)	(140, 19.0)	(145, 44.0)	(150, 18.0)	(155, 30.0)	(160, 53.0)	(165, 74.0)	(170, 208.0)	(175, 89.0)	(180, 51.0)	(185, 30.0)	(190, 59.0)	(195, 65.0)	(200, 28.0)	(205, 139.0)	(210, 114.0)	(215, 117.0)	(220, 83.0)	(225, 90.0)	(230, 78.0)	(235, 72.0)	(240, 108.0)	(245, 329.0)	(250, 231.0)	(255, 183.0)	(260, 294.0)	(265, 901.0)	(270, 1228.0)	(275, 3219.0)	(280, 106906.0)	(285, 1133.0)	(290, 4.0)	(295, 19.0)	(300, 109.0)
2446R_0_F_S2_week5_S42_L001_R2_001	(50, 64.0)	(55, 79.0)	(60, 74.0)	(65, 235.0)	(70, 60.0)	(75, 230.0)	(80, 132.0)	(85, 70.0)	(90, 42.0)	(95, 80.0)	(100, 77.0)	(105, 114.0)	(110, 45.0)	(115, 82.0)	(120, 154.0)	(125, 134.0)	(130, 327.0)	(135, 257.0)	(140, 212.0)	(145, 173.0)	(150, 210.0)	(155, 175.0)	(160, 498.0)	(165, 357.0)	(170, 481.0)	(175, 952.0)	(180, 470.0)	(185, 489.0)	(190, 444.0)	(195, 1167.0)	(200, 1172.0)	(205, 990.0)	(210, 1391.0)	(215, 1292.0)	(220, 1238.0)	(225, 1400.0)	(230, 1497.0)	(235, 1869.0)	(240, 1011.0)	(245, 2682.0)	(250, 1311.0)	(255, 3600.0)	(260, 4914.0)	(265, 5035.0)	(270, 6598.0)	(275, 61497.0)	(280, 11330.0)	(285, 1.0)	(290, 1.0)	(295, 14.0)	(300, 10.0)
2446R_L_F_S2_diabetes_S12_L001_R1_001	(60, 1.0)	(65, 2.0)	(70, 1.0)	(75, 10.0)	(80, 18.0)	(85, 1.0)	(90, 12.0)	(95, 78.0)	(100, 91.0)	(105, 62.0)	(110, 140.0)	(115, 133.0)	(120, 40.0)	(125, 70.0)	(130, 266.0)	(135, 67.0)	(140, 38.0)	(145, 81.0)	(150, 37.0)	(155, 79.0)	(160, 108.0)	(165, 99.0)	(170, 234.0)	(175, 124.0)	(180, 76.0)	(185, 40.0)	(190, 74.0)	(195, 85.0)	(200, 59.0)	(205, 167.0)	(210, 116.0)	(215, 160.0)	(220, 119.0)	(225, 111.0)	(230, 91.0)	(235, 103.0)	(240, 182.0)	(245, 472.0)	(250, 294.0)	(255, 234.0)	(260, 389.0)	(265, 1135.0)	(270, 1648.0)	(275, 4012.0)	(280, 116797.0)	(285, 1578.0)	(290, 4.0)	(295, 21.0)	(300, 128.0)		
2446R_L_F_S2_diabetes_S12_L001_R2_001	(50, 65.0)	(55, 72.0)	(60, 81.0)	(65, 235.0)	(70, 66.0)	(75, 211.0)	(80, 109.0)	(85, 67.0)	(90, 45.0)	(95, 77.0)	(100, 83.0)	(105, 104.0)	(110, 44.0)	(115, 97.0)	(120, 171.0)	(125, 129.0)	(130, 350.0)	(135, 273.0)	(140, 216.0)	(145, 162.0)	(150, 228.0)	(155, 189.0)	(160, 518.0)	(165, 427.0)	(170, 606.0)	(175, 1006.0)	(180, 546.0)	(185, 494.0)	(190, 580.0)	(195, 1636.0)	(200, 1418.0)	(205, 1151.0)	(210, 1398.0)	(215, 1484.0)	(220, 1240.0)	(225, 1385.0)	(230, 1436.0)	(235, 1757.0)	(240, 1066.0)	(245, 2736.0)	(250, 1524.0)	(255, 3971.0)	(260, 5370.0)	(265, 5858.0)	(270, 6919.0)	(275, 70961.0)	(280, 11288.0)	(285, 4.0)	(290, 4.0)	(295, 12.0)	(300, 18.0)
2446R_RL_F_S2_Pellet_week9_S69_L001_R1_001	(50, 1.0)	(55, 3.0)	(60, 3.0)	(65, 0.0)	(70, 0.0)	(75, 3.0)	(80, 29.0)	(85, 4.0)	(90, 7.0)	(95, 61.0)	(100, 66.0)	(105, 78.0)	(110, 151.0)	(115, 103.0)	(120, 45.0)	(125, 65.0)	(130, 103.0)	(135, 57.0)	(140, 26.0)	(145, 52.0)	(150, 33.0)	(155, 43.0)	(160, 69.0)	(165, 88.0)	(170, 247.0)	(175, 99.0)	(180, 71.0)	(185, 40.0)	(190, 49.0)	(195, 61.0)	(200, 35.0)	(205, 132.0)	(210, 111.0)	(215, 164.0)	(220, 130.0)	(225, 104.0)	(230, 81.0)	(235, 89.0)	(240, 154.0)	(245, 411.0)	(250, 288.0)	(255, 192.0)	(260, 326.0)	(265, 995.0)	(270, 1495.0)	(275, 3779.0)	(280, 120647.0)	(285, 1382.0)	(290, 7.0)	(295, 14.0)	(300, 92.0)
2446R_RL_F_S2_Pellet_week9_S69_L001_R2_001	(50, 89.0)	(55, 51.0)	(60, 77.0)	(65, 241.0)	(70, 78.0)	(75, 219.0)	(80, 141.0)	(85, 100.0)	(90, 49.0)	(95, 59.0)	(100, 72.0)	(105, 137.0)	(110, 52.0)	(115, 91.0)	(120, 113.0)	(125, 121.0)	(130, 276.0)	(135, 259.0)	(140, 178.0)	(145, 143.0)	(150, 228.0)	(155, 156.0)	(160, 509.0)	(165, 335.0)	(170, 510.0)	(175, 1049.0)	(180, 441.0)	(185, 432.0)	(190, 527.0)	(195, 1418.0)	(200, 1247.0)	(205, 1044.0)	(210, 1342.0)	(215, 1261.0)	(220, 1150.0)	(225, 1493.0)	(230, 1618.0)	(235, 2012.0)	(240, 1113.0)	(245, 2615.0)	(250, 1261.0)	(255, 3295.0)	(260, 4952.0)	(265, 5232.0)	(270, 7156.0)	(275, 73487.0)	(280, 13838.0)	(285, 0.0)	(290, 2.0)	(295, 6.0)	(300, 10.0)
2446R_RL_F_S2_week5_S44_L001_R1_001	(55, 1.0)	(60, 0.0)	(65, 1.0)	(70, 0.0)	(75, 1.0)	(80, 14.0)	(85, 5.0)	(90, 6.0)	(95, 66.0)	(100, 83.0)	(105, 102.0)	(110, 156.0)	(115, 138.0)	(120, 54.0)	(125, 45.0)	(130, 72.0)	(135, 36.0)	(140, 28.0)	(145, 78.0)	(150, 27.0)	(155, 35.0)	(160, 82.0)	(165, 88.0)	(170, 241.0)	(175, 105.0)	(180, 73.0)	(185, 41.0)	(190, 74.0)	(195, 85.0)	(200, 56.0)	(205, 204.0)	(210, 133.0)	(215, 128.0)	(220, 96.0)	(225, 112.0)	(230, 88.0)	(235, 101.0)	(240, 131.0)	(245, 475.0)	(250, 335.0)	(255, 220.0)	(260, 396.0)	(265, 1190.0)	(270, 1563.0)	(275, 3780.0)	(280, 100338.0)	(285, 1492.0)	(290, 6.0)	(295, 19.0)	(300, 88.0)	
2446R_RL_F_S2_week5_S44_L001_R2_001	(50, 65.0)	(55, 87.0)	(60, 91.0)	(65, 229.0)	(70, 82.0)	(75, 207.0)	(80, 108.0)	(85, 80.0)	(90, 35.0)	(95, 66.0)	(100, 58.0)	(105, 100.0)	(110, 57.0)	(115, 81.0)	(120, 138.0)	(125, 167.0)	(130, 315.0)	(135, 254.0)	(140, 218.0)	(145, 154.0)	(150, 220.0)	(155, 170.0)	(160, 557.0)	(165, 340.0)	(170, 504.0)	(175, 817.0)	(180, 541.0)	(185, 568.0)	(190, 499.0)	(195, 1290.0)	(200, 1314.0)	(205, 1044.0)	(210, 1377.0)	(215, 1504.0)	(220, 1250.0)	(225, 1249.0)	(230, 1380.0)	(235, 1745.0)	(240, 1137.0)	(245, 2745.0)	(250, 1331.0)	(255, 3498.0)	(260, 4939.0)	(265, 4931.0)	(270, 6029.0)	(275, 59851.0)	(280, 9245.0)	(285, 1.0)	(290, 2.0)	(295, 9.0)	(300, 9.0)
2446R_R_F_S2_Pellet_week9_S68_L001_R1_001	(50, 1.0)	(55, 1.0)	(60, 0.0)	(65, 0.0)	(70, 1.0)	(75, 2.0)	(80, 9.0)	(85, 2.0)	(90, 6.0)	(95, 40.0)	(100, 88.0)	(105, 50.0)	(110, 129.0)	(115, 101.0)	(120, 38.0)	(125, 33.0)	(130, 69.0)	(135, 31.0)	(140, 17.0)	(145, 57.0)	(150, 30.0)	(155, 34.0)	(160, 54.0)	(165, 69.0)	(170, 240.0)	(175, 84.0)	(180, 79.0)	(185, 28.0)	(190, 43.0)	(195, 80.0)	(200, 51.0)	(205, 171.0)	(210, 99.0)	(215, 145.0)	(220, 89.0)	(225, 83.0)	(230, 82.0)	(235, 94.0)	(240, 122.0)	(245, 470.0)	(250, 281.0)	(255, 216.0)	(260, 354.0)	(265, 1166.0)	(270, 1455.0)	(275, 3407.0)	(280, 90319.0)	(285, 1368.0)	(290, 10.0)	(295, 14.0)	(300, 98.0)
2446R_R_F_S2_Pellet_week9_S68_L001_R2_001	(50, 60.0)	(55, 49.0)	(60, 48.0)	(65, 230.0)	(70, 62.0)	(75, 162.0)	(80, 85.0)	(85, 55.0)	(90, 33.0)	(95, 53.0)	(100, 34.0)	(105, 94.0)	(110, 42.0)	(115, 57.0)	(120, 107.0)	(125, 117.0)	(130, 248.0)	(135, 210.0)	(140, 121.0)	(145, 110.0)	(150, 165.0)	(155, 146.0)	(160, 455.0)	(165, 283.0)	(170, 342.0)	(175, 762.0)	(180, 458.0)	(185, 486.0)	(190, 430.0)	(195, 1182.0)	(200, 1259.0)	(205, 962.0)	(210, 1222.0)	(215, 1319.0)	(220, 1115.0)	(225, 1116.0)	(230, 1201.0)	(235, 1641.0)	(240, 1046.0)	(245, 2319.0)	(250, 1184.0)	(255, 3307.0)	(260, 4465.0)	(265, 4242.0)	(270, 5578.0)	(275, 53895.0)	(280, 8939.0)	(285, 0.0)	(290, 1.0)	(295, 5.0)	(300, 8.0)
2446R_R_F_S2_week5_S43_L001_R1_001	(60, 1.0)	(65, 1.0)	(70, 0.0)	(75, 6.0)	(80, 6.0)	(85, 5.0)	(90, 3.0)	(95, 59.0)	(100, 78.0)	(105, 67.0)	(110, 119.0)	(115, 87.0)	(120, 37.0)	(125, 47.0)	(130, 82.0)	(135, 36.0)	(140, 17.0)	(145, 53.0)	(150, 32.0)	(155, 24.0)	(160, 45.0)	(165, 71.0)	(170, 237.0)	(175, 119.0)	(180, 58.0)	(185, 30.0)	(190, 46.0)	(195, 68.0)	(200, 43.0)	(205, 131.0)	(210, 108.0)	(215, 114.0)	(220, 98.0)	(225, 106.0)	(230, 91.0)	(235, 72.0)	(240, 139.0)	(245, 388.0)	(250, 270.0)	(255, 176.0)	(260, 334.0)	(265, 920.0)	(270, 1321.0)	(275, 3283.0)	(280, 113696.0)	(285, 1464.0)	(290, 13.0)	(295, 20.0)	(300, 121.0)		
2446R_R_F_S2_week5_S43_L001_R2_001	(50, 80.0)	(55, 84.0)	(60, 87.0)	(65, 245.0)	(70, 72.0)	(75, 274.0)	(80, 125.0)	(85, 96.0)	(90, 42.0)	(95, 86.0)	(100, 64.0)	(105, 116.0)	(110, 60.0)	(115, 96.0)	(120, 162.0)	(125, 136.0)	(130, 303.0)	(135, 255.0)	(140, 209.0)	(145, 153.0)	(150, 251.0)	(155, 204.0)	(160, 507.0)	(165, 351.0)	(170, 513.0)	(175, 917.0)	(180, 554.0)	(185, 444.0)	(190, 499.0)	(195, 1492.0)	(200, 1211.0)	(205, 1123.0)	(210, 1425.0)	(215, 1357.0)	(220, 1264.0)	(225, 1640.0)	(230, 1787.0)	(235, 2013.0)	(240, 1112.0)	(245, 2824.0)	(250, 1383.0)	(255, 3587.0)	(260, 4999.0)	(265, 5487.0)	(270, 7227.0)	(275, 64937.0)	(280, 12472.0)	(285, 0.0)	(290, 0.0)	(295, 9.0)	(300, 8.0)
2446R_S2_week15_S24_L001_R1_001	(50, 1.0)	(55, 1.0)	(60, 0.0)	(65, 0.0)	(70, 1.0)	(75, 3.0)	(80, 10.0)	(85, 2.0)	(90, 3.0)	(95, 47.0)	(100, 71.0)	(105, 59.0)	(110, 120.0)	(115, 92.0)	(120, 24.0)	(125, 61.0)	(130, 77.0)	(135, 43.0)	(140, 21.0)	(145, 44.0)	(150, 27.0)	(155, 37.0)	(160, 44.0)	(165, 54.0)	(170, 203.0)	(175, 103.0)	(180, 69.0)	(185, 31.0)	(190, 33.0)	(195, 67.0)	(200, 51.0)	(205, 141.0)	(210, 100.0)	(215, 118.0)	(220, 69.0)	(225, 76.0)	(230, 66.0)	(235, 62.0)	(240, 116.0)	(245, 402.0)	(250, 235.0)	(255, 209.0)	(260, 362.0)	(265, 980.0)	(270, 1320.0)	(275, 3084.0)	(280, 93659.0)	(285, 1450.0)	(290, 6.0)	(295, 32.0)	(300, 91.0)
2446R_S2_week15_S24_L001_R2_001	(50, 44.0)	(55, 41.0)	(60, 38.0)	(65, 190.0)	(70, 61.0)	(75, 124.0)	(80, 75.0)	(85, 37.0)	(90, 27.0)	(95, 29.0)	(100, 40.0)	(105, 98.0)	(110, 41.0)	(115, 52.0)	(120, 94.0)	(125, 113.0)	(130, 229.0)	(135, 154.0)	(140, 120.0)	(145, 95.0)	(150, 175.0)	(155, 90.0)	(160, 363.0)	(165, 272.0)	(170, 361.0)	(175, 748.0)	(180, 474.0)	(185, 414.0)	(190, 428.0)	(195, 1078.0)	(200, 1110.0)	(205, 1004.0)	(210, 1245.0)	(215, 1334.0)	(220, 1171.0)	(225, 1297.0)	(230, 1209.0)	(235, 1696.0)	(240, 1009.0)	(245, 2356.0)	(250, 1153.0)	(255, 3558.0)	(260, 4418.0)	(265, 4657.0)	(270, 5915.0)	(275, 54449.0)	(280, 10277.0)	(285, 1.0)	(290, 2.0)	(295, 5.0)	(300, 6.0)
2453R_0_F_S2_Pellet_week9_S70_L001_R1_001	(50, 1.0)	(55, 1.0)	(60, 1.0)	(65, 1.0)	(70, 1.0)	(75, 6.0)	(80, 14.0)	(85, 3.0)	(90, 5.0)	(95, 52.0)	(100, 92.0)	(105, 55.0)	(110, 149.0)	(115, 102.0)	(120, 52.0)	(125, 44.0)	(130, 87.0)	(135, 41.0)	(140, 12.0)	(145, 70.0)	(150, 36.0)	(155, 30.0)	(160, 64.0)	(165, 61.0)	(170, 250.0)	(175, 105.0)	(180, 97.0)	(185, 39.0)	(190, 55.0)	(195, 71.0)	(200, 46.0)	(205, 176.0)	(210, 122.0)	(215, 128.0)	(220, 107.0)	(225, 71.0)	(230, 93.0)	(235, 110.0)	(240, 142.0)	(245, 442.0)	(250, 360.0)	(255, 204.0)	(260, 301.0)	(265, 1112.0)	(270, 1540.0)	(275, 3651.0)	(280, 97460.0)	(285, 1237.0)	(290, 3.0)	(295, 13.0)	(300, 88.0)
2453R_0_F_S2_Pellet_week9_S70_L001_R2_001	(50, 48.0)	(55, 60.0)	(60, 75.0)	(65, 250.0)	(70, 77.0)	(75, 183.0)	(80, 111.0)	(85, 71.0)	(90, 27.0)	(95, 55.0)	(100, 46.0)	(105, 114.0)	(110, 46.0)	(115, 66.0)	(120, 124.0)	(125, 136.0)	(130, 257.0)	(135, 245.0)	(140, 177.0)	(145, 118.0)	(150, 185.0)	(155, 139.0)	(160, 437.0)	(165, 332.0)	(170, 435.0)	(175, 790.0)	(180, 511.0)	(185, 442.0)	(190, 466.0)	(195, 1213.0)	(200, 1286.0)	(205, 1084.0)	(210, 1327.0)	(215, 1452.0)	(220, 1175.0)	(225, 1247.0)	(230, 1315.0)	(235, 1724.0)	(240, 1067.0)	(245, 2424.0)	(250, 1236.0)	(255, 3328.0)	(260, 4564.0)	(265, 4612.0)	(270, 5930.0)	(275, 57648.0)	(280, 10335.0)	(285, 0.0)	(290, 2.0)	(295, 6.0)	(300, 5.0)
2453R_0_F_S2_week5_S45_L001_R1_001	(55, 1.0)	(60, 0.0)	(65, 0.0)	(70, 2.0)	(75, 8.0)	(80, 11.0)	(85, 5.0)	(90, 3.0)	(95, 49.0)	(100, 80.0)	(105, 69.0)	(110, 121.0)	(115, 88.0)	(120, 38.0)	(125, 58.0)	(130, 108.0)	(135, 27.0)	(140, 19.0)	(145, 41.0)	(150, 22.0)	(155, 35.0)	(160, 54.0)	(165, 69.0)	(170, 208.0)	(175, 89.0)	(180, 78.0)	(185, 27.0)	(190, 45.0)	(195, 65.0)	(200, 35.0)	(205, 123.0)	(210, 109.0)	(215, 123.0)	(220, 68.0)	(225, 90.0)	(230, 65.0)	(235, 75.0)	(240, 127.0)	(245, 344.0)	(250, 254.0)	(255, 156.0)	(260, 298.0)	(265, 938.0)	(270, 1276.0)	(275, 2957.0)	(280, 88387.0)	(285, 971.0)	(290, 6.0)	(295, 20.0)	(300, 68.0)	
2453R_0_F_S2_week5_S45_L001_R2_001	(50, 64.0)	(55, 64.0)	(60, 63.0)	(65, 199.0)	(70, 73.0)	(75, 186.0)	(80, 116.0)	(85, 76.0)	(90, 51.0)	(95, 63.0)	(100, 64.0)	(105, 113.0)	(110, 49.0)	(115, 81.0)	(120, 115.0)	(125, 136.0)	(130, 243.0)	(135, 206.0)	(140, 196.0)	(145, 127.0)	(150, 206.0)	(155, 144.0)	(160, 436.0)	(165, 264.0)	(170, 390.0)	(175, 782.0)	(180, 442.0)	(185, 406.0)	(190, 432.0)	(195, 1162.0)	(200, 1117.0)	(205, 1091.0)	(210, 1211.0)	(215, 1203.0)	(220, 1094.0)	(225, 1147.0)	(230, 1289.0)	(235, 1583.0)	(240, 955.0)	(245, 2243.0)	(250, 1035.0)	(255, 3055.0)	(260, 4078.0)	(265, 4255.0)	(270, 5538.0)	(275, 50764.0)	(280, 9282.0)	(285, 1.0)	(290, 0.0)	(295, 8.0)	(300, 12.0)
2453R_L_F_S2_Pellet_week9_S71_L001_R1_001	(50, 1.0)	(55, 1.0)	(60, 0.0)	(65, 0.0)	(70, 1.0)	(75, 1.0)	(80, 21.0)	(85, 6.0)	(90, 2.0)	(95, 52.0)	(100, 81.0)	(105, 91.0)	(110, 100.0)	(115, 104.0)	(120, 32.0)	(125, 49.0)	(130, 83.0)	(135, 38.0)	(140, 30.0)	(145, 77.0)	(150, 33.0)	(155, 45.0)	(160, 63.0)	(165, 70.0)	(170, 164.0)	(175, 114.0)	(180, 79.0)	(185, 38.0)	(190, 44.0)	(195, 57.0)	(200, 32.0)	(205, 105.0)	(210, 116.0)	(215, 102.0)	(220, 128.0)	(225, 77.0)	(230, 71.0)	(235, 93.0)	(240, 114.0)	(245, 367.0)	(250, 202.0)	(255, 154.0)	(260, 291.0)	(265, 829.0)	(270, 1106.0)	(275, 3103.0)	(280, 100347.0)	(285, 1279.0)	(290, 8.0)	(295, 16.0)	(300, 99.0)
2453R_L_F_S2_Pellet_week9_S71_L001_R2_001	(50, 63.0)	(55, 46.0)	(60, 69.0)	(65, 214.0)	(70, 62.0)	(75, 203.0)	(80, 115.0)	(85, 70.0)	(90, 41.0)	(95, 64.0)	(100, 60.0)	(105, 116.0)	(110, 44.0)	(115, 68.0)	(120, 119.0)	(125, 103.0)	(130, 216.0)	(135, 201.0)	(140, 134.0)	(145, 119.0)	(150, 180.0)	(155, 132.0)	(160, 479.0)	(165, 304.0)	(170, 426.0)	(175, 860.0)	(180, 378.0)	(185, 437.0)	(190, 392.0)	(195, 1201.0)	(200, 920.0)	(205, 854.0)	(210, 1051.0)	(215, 1099.0)	(220, 974.0)	(225, 1248.0)	(230, 1309.0)	(235, 1573.0)	(240, 958.0)	(245, 2292.0)	(250, 1058.0)	(255, 2904.0)	(260, 4333.0)	(265, 4447.0)	(270, 6115.0)	(275, 61280.0)	(280, 10774.0)	(285, 0.0)	(290, 2.0)	(295, 3.0)	(300, 6.0)
2453R_L_F_S2_diabetes_S13_L001_R1_001	(50, 1.0)	(55, 1.0)	(60, 2.0)	(65, 0.0)	(70, 0.0)	(75, 8.0)	(80, 22.0)	(85, 6.0)	(90, 4.0)	(95, 76.0)	(100, 69.0)	(105, 111.0)	(110, 141.0)	(115, 127.0)	(120, 54.0)	(125, 72.0)	(130, 128.0)	(135, 66.0)	(140, 28.0)	(145, 88.0)	(150, 39.0)	(155, 53.0)	(160, 71.0)	(165, 111.0)	(170, 280.0)	(175, 138.0)	(180, 80.0)	(185, 41.0)	(190, 72.0)	(195, 83.0)	(200, 45.0)	(205, 157.0)	(210, 125.0)	(215, 188.0)	(220, 139.0)	(225, 111.0)	(230, 106.0)	(235, 101.0)	(240, 164.0)	(245, 375.0)	(250, 271.0)	(255, 193.0)	(260, 369.0)	(265, 1009.0)	(270, 1542.0)	(275, 4099.0)	(280, 137413.0)	(285, 1413.0)	(290, 9.0)	(295, 20.0)	(300, 109.0)
2453R_L_F_S2_diabetes_S13_L001_R2_001	(50, 84.0)	(55, 79.0)	(60, 79.0)	(65, 310.0)	(70, 83.0)	(75, 248.0)	(80, 139.0)	(85, 102.0)	(90, 51.0)	(95, 94.0)	(100, 73.0)	(105, 144.0)	(110, 77.0)	(115, 102.0)	(120, 139.0)	(125, 157.0)	(130, 338.0)	(135, 308.0)	(140, 211.0)	(145, 158.0)	(150, 259.0)	(155, 191.0)	(160, 521.0)	(165, 425.0)	(170, 617.0)	(175, 1131.0)	(180, 533.0)	(185, 483.0)	(190, 559.0)	(195, 1502.0)	(200, 1272.0)	(205, 1164.0)	(210, 1535.0)	(215, 1434.0)	(220, 1306.0)	(225, 1865.0)	(230, 1940.0)	(235, 2174.0)	(240, 1173.0)	(245, 3013.0)	(250, 1382.0)	(255, 3772.0)	(260, 5606.0)	(265, 6213.0)	(270, 8403.0)	(275, 82510.0)	(280, 15938.0)	(285, 1.0)	(290, 3.0)	(295, 16.0)	(300, 13.0)
2453R_L_F_S2_week5_S46_L001_R1_001	(50, 1.0)	(55, 2.0)	(60, 0.0)	(65, 2.0)	(70, 1.0)	(75, 4.0)	(80, 16.0)	(85, 4.0)	(90, 3.0)	(95, 65.0)	(100, 92.0)	(105, 95.0)	(110, 123.0)	(115, 129.0)	(120, 32.0)	(125, 59.0)	(130, 111.0)	(135, 64.0)	(140, 21.0)	(145, 80.0)	(150, 37.0)	(155, 40.0)	(160, 72.0)	(165, 78.0)	(170, 274.0)	(175, 141.0)	(180, 89.0)	(185, 34.0)	(190, 56.0)	(195, 66.0)	(200, 65.0)	(205, 189.0)	(210, 136.0)	(215, 139.0)	(220, 91.0)	(225, 102.0)	(230, 73.0)	(235, 90.0)	(240, 133.0)	(245, 409.0)	(250, 279.0)	(255, 196.0)	(260, 357.0)	(265, 954.0)	(270, 1410.0)	(275, 3662.0)	(280, 115433.0)	(285, 1226.0)	(290, 3.0)	(295, 16.0)	(300, 100.0)
2453R_L_F_S2_week5_S46_L001_R2_001	(50, 66.0)	(55, 86.0)	(60, 75.0)	(65, 229.0)	(70, 79.0)	(75, 225.0)	(80, 142.0)	(85, 94.0)	(90, 49.0)	(95, 89.0)	(100, 79.0)	(105, 121.0)	(110, 60.0)	(115, 98.0)	(120, 164.0)	(125, 139.0)	(130, 297.0)	(135, 263.0)	(140, 214.0)	(145, 157.0)	(150, 232.0)	(155, 212.0)	(160, 451.0)	(165, 332.0)	(170, 469.0)	(175, 938.0)	(180, 509.0)	(185, 480.0)	(190, 520.0)	(195, 1289.0)	(200, 1165.0)	(205, 1047.0)	(210, 1381.0)	(215, 1268.0)	(220, 1209.0)	(225, 1535.0)	(230, 1703.0)	(235, 1830.0)	(240, 1061.0)	(245, 2627.0)	(250, 1351.0)	(255, 3431.0)	(260, 5020.0)	(265, 5498.0)	(270, 6982.0)	(275, 68750.0)	(280, 12822.0)	(285, 1.0)	(290, 2.0)	(295, 6.0)	(300, 7.0)
2453R_R_F_S2_Pellet_week9_S72_L001_R1_001	(50, 3.0)	(55, 1.0)	(60, 0.0)	(65, 0.0)	(70, 0.0)	(75, 2.0)	(80, 8.0)	(85, 5.0)	(90, 5.0)	(95, 41.0)	(100, 63.0)	(105, 65.0)	(110, 92.0)	(115, 63.0)	(120, 32.0)	(125, 31.0)	(130, 71.0)	(135, 32.0)	(140, 18.0)	(145, 44.0)	(150, 25.0)	(155, 31.0)	(160, 33.0)	(165, 58.0)	(170, 194.0)	(175, 75.0)	(180, 70.0)	(185, 31.0)	(190, 46.0)	(195, 52.0)	(200, 34.0)	(205, 129.0)	(210, 113.0)	(215, 88.0)	(220, 76.0)	(225, 93.0)	(230, 58.0)	(235, 60.0)	(240, 90.0)	(245, 321.0)	(250, 202.0)	(255, 146.0)	(260, 285.0)	(265, 811.0)	(270, 1157.0)	(275, 2803.0)	(280, 85923.0)	(285, 1423.0)	(290, 7.0)	(295, 13.0)	(300, 87.0)
2453R_R_F_S2_Pellet_week9_S72_L001_R2_001	(50, 47.0)	(55, 39.0)	(60, 43.0)	(65, 186.0)	(70, 47.0)	(75, 137.0)	(80, 92.0)	(85, 59.0)	(90, 28.0)	(95, 38.0)	(100, 40.0)	(105, 104.0)	(110, 56.0)	(115, 49.0)	(120, 103.0)	(125, 97.0)	(130, 208.0)	(135, 200.0)	(140, 162.0)	(145, 107.0)	(150, 171.0)	(155, 129.0)	(160, 362.0)	(165, 284.0)	(170, 373.0)	(175, 713.0)	(180, 427.0)	(185, 359.0)	(190, 387.0)	(195, 1062.0)	(200, 1014.0)	(205, 872.0)	(210, 1130.0)	(215, 1283.0)	(220, 1021.0)	(225, 1127.0)	(230, 1262.0)	(235, 1516.0)	(240, 953.0)	(245, 2187.0)	(250, 1067.0)	(255, 3027.0)	(260, 4021.0)	(265, 4215.0)	(270, 5312.0)	(275, 49862.0)	(280, 9120.0)	(285, 1.0)	(290, 2.0)	(295, 2.0)	(300, 7.0)
2453R_R_F_S2_diabetes_S14_L001_R1_001	(50, 1.0)	(55, 0.0)	(60, 1.0)	(65, 4.0)	(70, 1.0)	(75, 5.0)	(80, 20.0)	(85, 5.0)	(90, 6.0)	(95, 52.0)	(100, 78.0)	(105, 96.0)	(110, 137.0)	(115, 114.0)	(120, 43.0)	(125, 55.0)	(130, 95.0)	(135, 58.0)	(140, 31.0)	(145, 78.0)	(150, 53.0)	(155, 36.0)	(160, 74.0)	(165, 79.0)	(170, 252.0)	(175, 126.0)	(180, 72.0)	(185, 49.0)	(190, 56.0)	(195, 66.0)	(200, 39.0)	(205, 141.0)	(210, 114.0)	(215, 154.0)	(220, 112.0)	(225, 109.0)	(230, 77.0)	(235, 101.0)	(240, 115.0)	(245, 343.0)	(250, 239.0)	(255, 169.0)	(260, 331.0)	(265, 841.0)	(270, 1352.0)	(275, 3354.0)	(280, 105791.0)	(285, 1211.0)	(290, 6.0)	(295, 17.0)	(300, 93.0)
2453R_R_F_S2_diabetes_S14_L001_R2_001	(50, 61.0)	(55, 51.0)	(60, 72.0)	(65, 194.0)	(70, 81.0)	(75, 192.0)	(80, 96.0)	(85, 83.0)	(90, 54.0)	(95, 58.0)	(100, 57.0)	(105, 109.0)	(110, 43.0)	(115, 84.0)	(120, 124.0)	(125, 132.0)	(130, 227.0)	(135, 247.0)	(140, 188.0)	(145, 128.0)	(150, 196.0)	(155, 140.0)	(160, 441.0)	(165, 291.0)	(170, 463.0)	(175, 824.0)	(180, 450.0)	(185, 391.0)	(190, 463.0)	(195, 1129.0)	(200, 979.0)	(205, 859.0)	(210, 1265.0)	(215, 1245.0)	(220, 1081.0)	(225, 1409.0)	(230, 1384.0)	(235, 1711.0)	(240, 958.0)	(245, 2528.0)	(250, 1198.0)	(255, 3148.0)	(260, 4456.0)	(265, 5091.0)	(270, 6512.0)	(275, 63516.0)	(280, 12022.0)	(285, 0.0)	(290, 0.0)	(295, 11.0)	(300, 10.0)
2453R_R_F_S2_week5_S47_L001_R1_001	(50, 1.0)	(55, 2.0)	(60, 1.0)	(65, 2.0)	(70, 1.0)	(75, 6.0)	(80, 12.0)	(85, 1.0)	(90, 3.0)	(95, 65.0)	(100, 57.0)	(105, 92.0)	(110, 112.0)	(115, 78.0)	(120, 36.0)	(125, 42.0)	(130, 112.0)	(135, 32.0)	(140, 19.0)	(145, 58.0)	(150, 32.0)	(155, 33.0)	(160, 63.0)	(165, 63.0)	(170, 187.0)	(175, 86.0)	(180, 56.0)	(185, 49.0)	(190, 57.0)	(195, 61.0)	(200, 33.0)	(205, 139.0)	(210, 107.0)	(215, 102.0)	(220, 68.0)	(225, 79.0)	(230, 63.0)	(235, 59.0)	(240, 92.0)	(245, 260.0)	(250, 187.0)	(255, 133.0)	(260, 274.0)	(265, 736.0)	(270, 1074.0)	(275, 2690.0)	(280, 82640.0)	(285, 941.0)	(290, 0.0)	(295, 8.0)	(300, 84.0)
2453R_R_F_S2_week5_S47_L001_R2_001	(50, 70.0)	(55, 50.0)	(60, 58.0)	(65, 180.0)	(70, 63.0)	(75, 188.0)	(80, 107.0)	(85, 62.0)	(90, 50.0)	(95, 57.0)	(100, 60.0)	(105, 88.0)	(110, 50.0)	(115, 86.0)	(120, 121.0)	(125, 127.0)	(130, 219.0)	(135, 210.0)	(140, 173.0)	(145, 128.0)	(150, 173.0)	(155, 133.0)	(160, 411.0)	(165, 282.0)	(170, 382.0)	(175, 676.0)	(180, 341.0)	(185, 328.0)	(190, 383.0)	(195, 1070.0)	(200, 944.0)	(205, 796.0)	(210, 1032.0)	(215, 940.0)	(220, 924.0)	(225, 1073.0)	(230, 1338.0)	(235, 1455.0)	(240, 810.0)	(245, 2053.0)	(250, 1043.0)	(255, 2518.0)	(260, 3760.0)	(265, 3853.0)	(270, 5176.0)	(275, 48578.0)	(280, 8555.0)	(285, 0.0)	(290, 0.0)	(295, 5.0)	(300, 9.0)
2453R_S2_week21_S28_L001_R1_001	(50, 3.0)	(55, 1.0)	(60, 0.0)	(65, 0.0)	(70, 1.0)	(75, 5.0)	(80, 7.0)	(85, 3.0)	(90, 5.0)	(95, 35.0)	(100, 77.0)	(105, 56.0)	(110, 115.0)	(115, 103.0)	(120, 34.0)	(125, 54.0)	(130, 69.0)	(135, 34.0)	(140, 12.0)	(145, 46.0)	(150, 24.0)	(155, 36.0)	(160, 43.0)	(165, 77.0)	(170, 236.0)	(175, 94.0)	(180, 84.0)	(185, 30.0)	(190, 55.0)	(195, 65.0)	(200, 41.0)	(205, 142.0)	(210, 127.0)	(215, 135.0)	(220, 88.0)	(225, 91.0)	(230, 82.0)	(235, 60.0)	(240, 105.0)	(245, 357.0)	(250, 247.0)	(255, 172.0)	(260, 304.0)	(265, 1007.0)	(270, 1417.0)	(275, 3268.0)	(280, 88879.0)	(285, 1168.0)	(290, 4.0)	(295, 16.0)	(300, 86.0)
2453R_S2_week21_S28_L001_R2_001	(50, 48.0)	(55, 57.0)	(60, 49.0)	(65, 188.0)	(70, 69.0)	(75, 167.0)	(80, 75.0)	(85, 55.0)	(90, 34.0)	(95, 49.0)	(100, 46.0)	(105, 100.0)	(110, 38.0)	(115, 54.0)	(120, 105.0)	(125, 96.0)	(130, 207.0)	(135, 203.0)	(140, 129.0)	(145, 120.0)	(150, 158.0)	(155, 125.0)	(160, 420.0)	(165, 277.0)	(170, 423.0)	(175, 740.0)	(180, 391.0)	(185, 388.0)	(190, 375.0)	(195, 1021.0)	(200, 989.0)	(205, 866.0)	(210, 1073.0)	(215, 1071.0)	(220, 1006.0)	(225, 1107.0)	(230, 1201.0)	(235, 1534.0)	(240, 855.0)	(245, 2166.0)	(250, 1078.0)	(255, 2848.0)	(260, 4219.0)	(265, 4050.0)	(270, 5337.0)	(275, 54227.0)	(280, 9340.0)	(285, 1.0)	(290, 0.0)	(295, 17.0)	(300, 8.0)
2475R_RL_M_S5_Pellet_week9_S6_L001_R1_001	(50, 1.0)	(55, 1.0)	(60, 1.0)	(65, 0.0)	(70, 1.0)	(75, 8.0)	(80, 10.0)	(85, 3.0)	(90, 6.0)	(95, 48.0)	(100, 81.0)	(105, 88.0)	(110, 132.0)	(115, 124.0)	(120, 41.0)	(125, 49.0)	(130, 104.0)	(135, 33.0)	(140, 28.0)	(145, 70.0)	(150, 45.0)	(155, 44.0)	(160, 70.0)	(165, 86.0)	(170, 246.0)	(175, 115.0)	(180, 90.0)	(185, 40.0)	(190, 54.0)	(195, 61.0)	(200, 57.0)	(205, 158.0)	(210, 126.0)	(215, 142.0)	(220, 90.0)	(225, 123.0)	(230, 85.0)	(235, 93.0)	(240, 151.0)	(245, 423.0)	(250, 275.0)	(255, 193.0)	(260, 406.0)	(265, 1073.0)	(270, 1411.0)	(275, 3440.0)	(280, 92404.0)	(285, 1246.0)	(290, 5.0)	(295, 22.0)	(300, 81.0)
2475R_RL_M_S5_Pellet_week9_S6_L001_R2_001	(50, 57.0)	(55, 58.0)	(60, 66.0)	(65, 213.0)	(70, 75.0)	(75, 168.0)	(80, 120.0)	(85, 70.0)	(90, 34.0)	(95, 52.0)	(100, 48.0)	(105, 116.0)	(110, 33.0)	(115, 79.0)	(120, 113.0)	(125, 135.0)	(130, 221.0)	(135, 218.0)	(140, 161.0)	(145, 110.0)	(150, 189.0)	(155, 140.0)	(160, 509.0)	(165, 414.0)	(170, 522.0)	(175, 681.0)	(180, 486.0)	(185, 402.0)	(190, 489.0)	(195, 1319.0)	(200, 1257.0)	(205, 956.0)	(210, 1315.0)	(215, 1342.0)	(220, 1068.0)	(225, 1254.0)	(230, 1243.0)	(235, 1532.0)	(240, 1071.0)	(245, 2426.0)	(250, 1209.0)	(255, 3160.0)	(260, 4569.0)	(265, 4484.0)	(270, 5710.0)	(275, 54954.0)	(280, 8804.0)	(285, 2.0)	(290, 1.0)	(295, 15.0)	(300, 14.0)
3795R_L_F_S2_week5_S48_L001_R1_001	(55, 4.0)	(60, 0.0)	(65, 0.0)	(70, 1.0)	(75, 6.0)	(80, 14.0)	(85, 0.0)	(90, 6.0)	(95, 70.0)	(100, 97.0)	(105, 83.0)	(110, 168.0)	(115, 133.0)	(120, 49.0)	(125, 65.0)	(130, 133.0)	(135, 39.0)	(140, 22.0)	(145, 61.0)	(150, 30.0)	(155, 47.0)	(160, 77.0)	(165, 88.0)	(170, 227.0)	(175, 110.0)	(180, 89.0)	(185, 40.0)	(190, 55.0)	(195, 76.0)	(200, 46.0)	(205, 181.0)	(210, 140.0)	(215, 146.0)	(220, 84.0)	(225, 118.0)	(230, 90.0)	(235, 88.0)	(240, 137.0)	(245, 420.0)	(250, 323.0)	(255, 243.0)	(260, 409.0)	(265, 1161.0)	(270, 1706.0)	(275, 3852.0)	(280, 115801.0)	(285, 1766.0)	(290, 6.0)	(295, 20.0)	(300, 142.0)	
3795R_L_F_S2_week5_S48_L001_R2_001	(50, 97.0)	(55, 76.0)	(60, 83.0)	(65, 283.0)	(70, 76.0)	(75, 213.0)	(80, 121.0)	(85, 70.0)	(90, 40.0)	(95, 86.0)	(100, 72.0)	(105, 147.0)	(110, 71.0)	(115, 108.0)	(120, 178.0)	(125, 191.0)	(130, 321.0)	(135, 286.0)	(140, 232.0)	(145, 163.0)	(150, 241.0)	(155, 185.0)	(160, 560.0)	(165, 363.0)	(170, 559.0)	(175, 1000.0)	(180, 647.0)	(185, 602.0)	(190, 622.0)	(195, 1458.0)	(200, 1540.0)	(205, 1263.0)	(210, 1687.0)	(215, 1824.0)	(220, 1482.0)	(225, 1689.0)	(230, 1702.0)	(235, 2122.0)	(240, 1337.0)	(245, 3231.0)	(250, 1574.0)	(255, 4524.0)	(260, 5556.0)	(265, 5712.0)	(270, 7246.0)	(275, 65155.0)	(280, 11847.0)	(285, 0.0)	(290, 1.0)	(295, 13.0)	(300, 13.0)
3795R_L_F_S2_week9_S73_L001_R1_001	(55, 3.0)	(60, 0.0)	(65, 0.0)	(70, 2.0)	(75, 10.0)	(80, 20.0)	(85, 1.0)	(90, 7.0)	(95, 50.0)	(100, 110.0)	(105, 67.0)	(110, 153.0)	(115, 142.0)	(120, 40.0)	(125, 46.0)	(130, 65.0)	(135, 31.0)	(140, 28.0)	(145, 66.0)	(150, 37.0)	(155, 44.0)	(160, 49.0)	(165, 90.0)	(170, 291.0)	(175, 111.0)	(180, 79.0)	(185, 36.0)	(190, 53.0)	(195, 77.0)	(200, 62.0)	(205, 200.0)	(210, 146.0)	(215, 160.0)	(220, 113.0)	(225, 96.0)	(230, 103.0)	(235, 110.0)	(240, 158.0)	(245, 503.0)	(250, 364.0)	(255, 271.0)	(260, 416.0)	(265, 1386.0)	(270, 1957.0)	(275, 3923.0)	(280, 96237.0)	(285, 1499.0)	(290, 2.0)	(295, 16.0)	(300, 110.0)	
3795R_L_F_S2_week9_S73_L001_R2_001	(50, 54.0)	(55, 50.0)	(60, 60.0)	(65, 242.0)	(70, 114.0)	(75, 202.0)	(80, 100.0)	(85, 77.0)	(90, 34.0)	(95, 62.0)	(100, 66.0)	(105, 150.0)	(110, 59.0)	(115, 86.0)	(120, 136.0)	(125, 160.0)	(130, 357.0)	(135, 271.0)	(140, 248.0)	(145, 178.0)	(150, 233.0)	(155, 240.0)	(160, 585.0)	(165, 421.0)	(170, 576.0)	(175, 993.0)	(180, 834.0)	(185, 742.0)	(190, 697.0)	(195, 1500.0)	(200, 1810.0)	(205, 1447.0)	(210, 1869.0)	(215, 2378.0)	(220, 1739.0)	(225, 1572.0)	(230, 1423.0)	(235, 1926.0)	(240, 1451.0)	(245, 3271.0)	(250, 1456.0)	(255, 4633.0)	(260, 5533.0)	(265, 5101.0)	(270, 6236.0)	(275, 49909.0)	(280, 8229.0)	(285, 3.0)	(290, 2.0)	(295, 12.0)	(300, 13.0)
3880R_0_F_S2_week5_S49_L001_R1_001	(50, 3.0)	(55, 4.0)	(60, 1.0)	(65, 0.0)	(70, 1.0)	(75, 9.0)	(80, 21.0)	(85, 8.0)	(90, 6.0)	(95, 92.0)	(100, 130.0)	(105, 74.0)	(110, 163.0)	(115, 156.0)	(120, 65.0)	(125, 65.0)	(130, 145.0)	(135, 40.0)	(140, 25.0)	(145, 85.0)	(150, 43.0)	(155, 57.0)	(160, 78.0)	(165, 144.0)	(170, 317.0)	(175, 129.0)	(180, 100.0)	(185, 45.0)	(190, 85.0)	(195, 115.0)	(200, 64.0)	(205, 201.0)	(210, 131.0)	(215, 181.0)	(220, 98.0)	(225, 131.0)	(230, 124.0)	(235, 101.0)	(240, 160.0)	(245, 563.0)	(250, 370.0)	(255, 283.0)	(260, 402.0)	(265, 1410.0)	(270, 2136.0)	(275, 4632.0)	(280, 110215.0)	(285, 1591.0)	(290, 8.0)	(295, 13.0)	(300, 126.0)
3880R_0_F_S2_week5_S49_L001_R2_001	(50, 77.0)	(55, 71.0)	(60, 71.0)	(65, 268.0)	(70, 89.0)	(75, 259.0)	(80, 124.0)	(85, 77.0)	(90, 50.0)	(95, 74.0)	(100, 82.0)	(105, 184.0)	(110, 71.0)	(115, 86.0)	(120, 185.0)	(125, 194.0)	(130, 366.0)	(135, 286.0)	(140, 281.0)	(145, 215.0)	(150, 219.0)	(155, 271.0)	(160, 705.0)	(165, 443.0)	(170, 591.0)	(175, 1003.0)	(180, 750.0)	(185, 669.0)	(190, 667.0)	(195, 1870.0)	(200, 1891.0)	(205, 1442.0)	(210, 1817.0)	(215, 2156.0)	(220, 1613.0)	(225, 1497.0)	(230, 1473.0)	(235, 2098.0)	(240, 1424.0)	(245, 3323.0)	(250, 1631.0)	(255, 4672.0)	(260, 5895.0)	(265, 5857.0)	(270, 6930.0)	(275, 61436.0)	(280, 9669.0)	(285, 1.0)	(290, 2.0)	(295, 7.0)	(300, 14.0)
3880R_0_F_S2_week9_S74_L001_R1_001	(60, 1.0)	(65, 1.0)	(70, 0.0)	(75, 5.0)	(80, 12.0)	(85, 2.0)	(90, 2.0)	(95, 59.0)	(100, 154.0)	(105, 63.0)	(110, 177.0)	(115, 136.0)	(120, 50.0)	(125, 58.0)	(130, 79.0)	(135, 20.0)	(140, 16.0)	(145, 63.0)	(150, 30.0)	(155, 59.0)	(160, 78.0)	(165, 75.0)	(170, 277.0)	(175, 115.0)	(180, 94.0)	(185, 23.0)	(190, 73.0)	(195, 87.0)	(200, 66.0)	(205, 254.0)	(210, 117.0)	(215, 164.0)	(220, 83.0)	(225, 133.0)	(230, 118.0)	(235, 105.0)	(240, 224.0)	(245, 728.0)	(250, 444.0)	(255, 343.0)	(260, 562.0)	(265, 1951.0)	(270, 2529.0)	(275, 4788.0)	(280, 110926.0)	(285, 1697.0)	(290, 7.0)	(295, 24.0)	(300, 97.0)		
3880R_0_F_S2_week9_S74_L001_R2_001	(50, 67.0)	(55, 68.0)	(60, 86.0)	(65, 310.0)	(70, 109.0)	(75, 251.0)	(80, 113.0)	(85, 72.0)	(90, 41.0)	(95, 62.0)	(100, 81.0)	(105, 192.0)	(110, 80.0)	(115, 100.0)	(120, 180.0)	(125, 222.0)	(130, 424.0)	(135, 314.0)	(140, 317.0)	(145, 214.0)	(150, 299.0)	(155, 282.0)	(160, 781.0)	(165, 519.0)	(170, 737.0)	(175, 1139.0)	(180, 1050.0)	(185, 928.0)	(190, 941.0)	(195, 2023.0)	(200, 2515.0)	(205, 1971.0)	(210, 2452.0)	(215, 3125.0)	(220, 2277.0)	(225, 1742.0)	(230, 1571.0)	(235, 2427.0)	(240, 1894.0)	(245, 4301.0)	(250, 1978.0)	(255, 6231.0)	(260, 7280.0)	(265, 6186.0)	(270, 7169.0)	(275, 54338.0)	(280, 7678.0)	(285, 2.0)	(290, 5.0)	(295, 12.0)	(300, 13.0)
3880R_L_F_S2_week5_S50_L001_R1_001	(50, 1.0)	(55, 1.0)	(60, 0.0)	(65, 0.0)	(70, 1.0)	(75, 2.0)	(80, 10.0)	(85, 1.0)	(90, 8.0)	(95, 54.0)	(100, 98.0)	(105, 71.0)	(110, 127.0)	(115, 114.0)	(120, 36.0)	(125, 44.0)	(130, 100.0)	(135, 34.0)	(140, 20.0)	(145, 54.0)	(150, 24.0)	(155, 28.0)	(160, 49.0)	(165, 84.0)	(170, 195.0)	(175, 95.0)	(180, 68.0)	(185, 37.0)	(190, 36.0)	(195, 67.0)	(200, 52.0)	(205, 164.0)	(210, 104.0)	(215, 127.0)	(220, 65.0)	(225, 90.0)	(230, 84.0)	(235, 70.0)	(240, 152.0)	(245, 415.0)	(250, 301.0)	(255, 191.0)	(260, 343.0)	(265, 1074.0)	(270, 1566.0)	(275, 3530.0)	(280, 90028.0)	(285, 1174.0)	(290, 7.0)	(295, 16.0)	(300, 78.0)
3880R_L_F_S2_week5_S50_L001_R2_001	(50, 55.0)	(55, 46.0)	(60, 44.0)	(65, 219.0)	(70, 76.0)	(75, 206.0)	(80, 109.0)	(85, 59.0)	(90, 32.0)	(95, 60.0)	(100, 45.0)	(105, 127.0)	(110, 58.0)	(115, 87.0)	(120, 150.0)	(125, 148.0)	(130, 305.0)	(135, 232.0)	(140, 222.0)	(145, 130.0)	(150, 207.0)	(155, 163.0)	(160, 490.0)	(165, 348.0)	(170, 479.0)	(175, 847.0)	(180, 581.0)	(185, 499.0)	(190, 539.0)	(195, 1385.0)	(200, 1402.0)	(205, 1117.0)	(210, 1429.0)	(215, 1638.0)	(220, 1277.0)	(225, 1255.0)	(230, 1211.0)	(235, 1668.0)	(240, 1136.0)	(245, 2731.0)	(250, 1306.0)	(255, 3769.0)	(260, 4812.0)	(265, 4832.0)	(270, 5778.0)	(275, 49899.0)	(280, 7862.0)	(285, 2.0)	(290, 0.0)	(295, 7.0)	(300, 11.0)
3880R_L_F_S2_week9_S75_L001_R1_001	(55, 2.0)	(60, 1.0)	(65, 1.0)	(70, 0.0)	(75, 11.0)	(80, 16.0)	(85, 8.0)	(90, 3.0)	(95, 91.0)	(100, 148.0)	(105, 83.0)	(110, 190.0)	(115, 176.0)	(120, 67.0)	(125, 57.0)	(130, 68.0)	(135, 32.0)	(140, 27.0)	(145, 77.0)	(150, 45.0)	(155, 52.0)	(160, 80.0)	(165, 111.0)	(170, 300.0)	(175, 126.0)	(180, 104.0)	(185, 48.0)	(190, 71.0)	(195, 86.0)	(200, 84.0)	(205, 227.0)	(210, 111.0)	(215, 167.0)	(220, 109.0)	(225, 144.0)	(230, 106.0)	(235, 118.0)	(240, 217.0)	(245, 679.0)	(250, 426.0)	(255, 315.0)	(260, 635.0)	(265, 1820.0)	(270, 2376.0)	(275, 4922.0)	(280, 131673.0)	(285, 2088.0)	(290, 6.0)	(295, 21.0)	(300, 169.0)	
3880R_L_F_S2_week9_S75_L001_R2_001	(50, 72.0)	(55, 73.0)	(60, 72.0)	(65, 302.0)	(70, 87.0)	(75, 284.0)	(80, 136.0)	(85, 88.0)	(90, 44.0)	(95, 70.0)	(100, 80.0)	(105, 183.0)	(110, 81.0)	(115, 97.0)	(120, 202.0)	(125, 212.0)	(130, 453.0)	(135, 347.0)	(140, 307.0)	(145, 206.0)	(150, 268.0)	(155, 271.0)	(160, 782.0)	(165, 523.0)	(170, 713.0)	(175, 1209.0)	(180, 925.0)	(185, 804.0)	(190, 809.0)	(195, 2054.0)	(200, 2325.0)	(205, 1853.0)	(210, 2347.0)	(215, 2638.0)	(220, 1989.0)	(225, 1834.0)	(230, 1797.0)	(235, 2461.0)	(240, 1805.0)	(245, 4393.0)	(250, 1946.0)	(255, 5866.0)	(260, 7242.0)	(265, 6894.0)	(270, 8454.0)	(275, 71659.0)	(280, 11210.0)	(285, 1.0)	(290, 8.0)	(295, 9.0)	(300, 9.0)
3880R_R_F_S2_week5_S51_L001_R1_001	(55, 2.0)	(60, 1.0)	(65, 2.0)	(70, 1.0)	(75, 10.0)	(80, 15.0)	(85, 5.0)	(90, 13.0)	(95, 63.0)	(100, 91.0)	(105, 67.0)	(110, 153.0)	(115, 117.0)	(120, 53.0)	(125, 54.0)	(130, 150.0)	(135, 44.0)	(140, 26.0)	(145, 62.0)	(150, 30.0)	(155, 39.0)	(160, 67.0)	(165, 83.0)	(170, 266.0)	(175, 101.0)	(180, 64.0)	(185, 39.0)	(190, 61.0)	(195, 96.0)	(200, 42.0)	(205, 177.0)	(210, 106.0)	(215, 108.0)	(220, 79.0)	(225, 79.0)	(230, 104.0)	(235, 92.0)	(240, 148.0)	(245, 458.0)	(250, 284.0)	(255, 226.0)	(260, 409.0)	(265, 1186.0)	(270, 1720.0)	(275, 3906.0)	(280, 109300.0)	(285, 1653.0)	(290, 10.0)	(295, 13.0)	(300, 114.0)	
3880R_R_F_S2_week5_S51_L001_R2_001	(50, 72.0)	(55, 61.0)	(60, 68.0)	(65, 251.0)	(70, 83.0)	(75, 214.0)	(80, 101.0)	(85, 88.0)	(90, 32.0)	(95, 67.0)	(100, 58.0)	(105, 127.0)	(110, 52.0)	(115, 104.0)	(120, 177.0)	(125, 142.0)	(130, 368.0)	(135, 283.0)	(140, 242.0)	(145, 156.0)	(150, 218.0)	(155, 183.0)	(160, 596.0)	(165, 365.0)	(170, 521.0)	(175, 967.0)	(180, 603.0)	(185, 541.0)	(190, 549.0)	(195, 1667.0)	(200, 1573.0)	(205, 1313.0)	(210, 1543.0)	(215, 1757.0)	(220, 1387.0)	(225, 1415.0)	(230, 1473.0)	(235, 1988.0)	(240, 1263.0)	(245, 2933.0)	(250, 1516.0)	(255, 3907.0)	(260, 5448.0)	(265, 5455.0)	(270, 7067.0)	(275, 62350.0)	(280, 10611.0)	(285, 2.0)	(290, 4.0)	(295, 11.0)	(300, 17.0)
3880R_R_F_S2_week9_S76_L001_R1_001	(50, 5.0)	(55, 0.0)	(60, 2.0)	(65, 3.0)	(70, 1.0)	(75, 2.0)	(80, 13.0)	(85, 2.0)	(90, 8.0)	(95, 51.0)	(100, 82.0)	(105, 87.0)	(110, 110.0)	(115, 99.0)	(120, 32.0)	(125, 50.0)	(130, 62.0)	(135, 33.0)	(140, 25.0)	(145, 71.0)	(150, 41.0)	(155, 38.0)	(160, 79.0)	(165, 81.0)	(170, 205.0)	(175, 107.0)	(180, 86.0)	(185, 35.0)	(190, 50.0)	(195, 74.0)	(200, 39.0)	(205, 144.0)	(210, 119.0)	(215, 129.0)	(220, 120.0)	(225, 103.0)	(230, 87.0)	(235, 97.0)	(240, 123.0)	(245, 312.0)	(250, 252.0)	(255, 216.0)	(260, 354.0)	(265, 1023.0)	(270, 1344.0)	(275, 3259.0)	(280, 97453.0)	(285, 1470.0)	(290, 11.0)	(295, 10.0)	(300, 90.0)
3880R_R_F_S2_week9_S76_L001_R2_001	(50, 48.0)	(55, 50.0)	(60, 59.0)	(65, 217.0)	(70, 64.0)	(75, 195.0)	(80, 119.0)	(85, 71.0)	(90, 55.0)	(95, 54.0)	(100, 61.0)	(105, 100.0)	(110, 70.0)	(115, 81.0)	(120, 142.0)	(125, 108.0)	(130, 303.0)	(135, 235.0)	(140, 199.0)	(145, 165.0)	(150, 237.0)	(155, 188.0)	(160, 472.0)	(165, 325.0)	(170, 490.0)	(175, 815.0)	(180, 547.0)	(185, 506.0)	(190, 550.0)	(195, 1221.0)	(200, 1122.0)	(205, 920.0)	(210, 1412.0)	(215, 1497.0)	(220, 1240.0)	(225, 1371.0)	(230, 1425.0)	(235, 1704.0)	(240, 1146.0)	(245, 2579.0)	(250, 1230.0)	(255, 3561.0)	(260, 4700.0)	(265, 4825.0)	(270, 6155.0)	(275, 56387.0)	(280, 9234.0)	(285, 2.0)	(290, 5.0)	(295, 10.0)	(300, 17.0)
3880R_S2_week15_S25_L001_R1_001	(65, 1.0)	(70, 0.0)	(75, 8.0)	(80, 7.0)	(85, 3.0)	(90, 2.0)	(95, 39.0)	(100, 76.0)	(105, 62.0)	(110, 109.0)	(115, 97.0)	(120, 38.0)	(125, 46.0)	(130, 54.0)	(135, 26.0)	(140, 20.0)	(145, 45.0)	(150, 26.0)	(155, 43.0)	(160, 56.0)	(165, 68.0)	(170, 217.0)	(175, 100.0)	(180, 77.0)	(185, 35.0)	(190, 40.0)	(195, 53.0)	(200, 58.0)	(205, 157.0)	(210, 92.0)	(215, 128.0)	(220, 74.0)	(225, 84.0)	(230, 76.0)	(235, 72.0)	(240, 104.0)	(245, 341.0)	(250, 249.0)	(255, 202.0)	(260, 290.0)	(265, 1037.0)	(270, 1472.0)	(275, 3215.0)	(280, 88496.0)	(285, 1176.0)	(290, 5.0)	(295, 12.0)	(300, 82.0)			
3880R_S2_week15_S25_L001_R2_001	(50, 57.0)	(55, 43.0)	(60, 66.0)	(65, 188.0)	(70, 73.0)	(75, 132.0)	(80, 81.0)	(85, 51.0)	(90, 36.0)	(95, 61.0)	(100, 37.0)	(105, 111.0)	(110, 33.0)	(115, 62.0)	(120, 118.0)	(125, 100.0)	(130, 218.0)	(135, 235.0)	(140, 165.0)	(145, 115.0)	(150, 165.0)	(155, 169.0)	(160, 426.0)	(165, 314.0)	(170, 447.0)	(175, 772.0)	(180, 477.0)	(185, 479.0)	(190, 466.0)	(195, 1198.0)	(200, 1206.0)	(205, 1087.0)	(210, 1262.0)	(215, 1396.0)	(220, 1144.0)	(225, 1275.0)	(230, 1243.0)	(235, 1658.0)	(240, 1041.0)	(245, 2390.0)	(250, 1207.0)	(255, 3301.0)	(260, 4247.0)	(265, 4275.0)	(270, 5316.0)	(275, 50584.0)	(280, 9208.0)	(285, 2.0)	(290, 4.0)	(295, 16.0)	(300, 13.0)
3909R_0_M_S2_diabetes_S15_L001_R1_001	(50, 1.0)	(55, 1.0)	(60, 0.0)	(65, 0.0)	(70, 0.0)	(75, 7.0)	(80, 11.0)	(85, 3.0)	(90, 1.0)	(95, 62.0)	(100, 97.0)	(105, 87.0)	(110, 167.0)	(115, 127.0)	(120, 34.0)	(125, 64.0)	(130, 108.0)	(135, 45.0)	(140, 31.0)	(145, 59.0)	(150, 30.0)	(155, 37.0)	(160, 65.0)	(165, 88.0)	(170, 250.0)	(175, 113.0)	(180, 72.0)	(185, 44.0)	(190, 57.0)	(195, 73.0)	(200, 40.0)	(205, 179.0)	(210, 128.0)	(215, 140.0)	(220, 119.0)	(225, 96.0)	(230, 91.0)	(235, 77.0)	(240, 158.0)	(245, 344.0)	(250, 272.0)	(255, 214.0)	(260, 325.0)	(265, 1029.0)	(270, 1462.0)	(275, 3617.0)	(280, 98486.0)	(285, 1128.0)	(290, 1.0)	(295, 20.0)	(300, 91.0)
3909R_0_M_S2_diabetes_S15_L001_R2_001	(50, 56.0)	(55, 65.0)	(60, 60.0)	(65, 237.0)	(70, 62.0)	(75, 178.0)	(80, 108.0)	(85, 70.0)	(90, 33.0)	(95, 63.0)	(100, 64.0)	(105, 100.0)	(110, 44.0)	(115, 68.0)	(120, 143.0)	(125, 128.0)	(130, 254.0)	(135, 244.0)	(140, 172.0)	(145, 123.0)	(150, 206.0)	(155, 149.0)	(160, 455.0)	(165, 312.0)	(170, 424.0)	(175, 875.0)	(180, 474.0)	(185, 437.0)	(190, 447.0)	(195, 1232.0)	(200, 1194.0)	(205, 1113.0)	(210, 1316.0)	(215, 1370.0)	(220, 1163.0)	(225, 1252.0)	(230, 1417.0)	(235, 1801.0)	(240, 1065.0)	(245, 2563.0)	(250, 1231.0)	(255, 3417.0)	(260, 4714.0)	(265, 4778.0)	(270, 6381.0)	(275, 57185.0)	(280, 10488.0)	(285, 2.0)	(290, 3.0)	(295, 7.0)	(300, 8.0)
3909R_L_M_S2_diabetes_S16_L001_R1_001	(60, 1.0)	(65, 0.0)	(70, 0.0)	(75, 3.0)	(80, 17.0)	(85, 1.0)	(90, 7.0)	(95, 68.0)	(100, 57.0)	(105, 102.0)	(110, 114.0)	(115, 100.0)	(120, 28.0)	(125, 54.0)	(130, 132.0)	(135, 70.0)	(140, 20.0)	(145, 74.0)	(150, 27.0)	(155, 55.0)	(160, 61.0)	(165, 84.0)	(170, 220.0)	(175, 127.0)	(180, 69.0)	(185, 44.0)	(190, 68.0)	(195, 57.0)	(200, 38.0)	(205, 130.0)	(210, 139.0)	(215, 142.0)	(220, 93.0)	(225, 109.0)	(230, 80.0)	(235, 74.0)	(240, 112.0)	(245, 292.0)	(250, 207.0)	(255, 177.0)	(260, 314.0)	(265, 736.0)	(270, 1199.0)	(275, 3508.0)	(280, 128833.0)	(285, 1782.0)	(290, 10.0)	(295, 24.0)	(300, 163.0)		
3909R_L_M_S2_diabetes_S16_L001_R2_001	(50, 91.0)	(55, 71.0)	(60, 78.0)	(65, 262.0)	(70, 83.0)	(75, 207.0)	(80, 121.0)	(85, 89.0)	(90, 49.0)	(95, 88.0)	(100, 70.0)	(105, 79.0)	(110, 74.0)	(115, 102.0)	(120, 157.0)	(125, 108.0)	(130, 297.0)	(135, 252.0)	(140, 197.0)	(145, 146.0)	(150, 231.0)	(155, 162.0)	(160, 462.0)	(165, 366.0)	(170, 573.0)	(175, 1047.0)	(180, 463.0)	(185, 421.0)	(190, 537.0)	(195, 1248.0)	(200, 1037.0)	(205, 1015.0)	(210, 1413.0)	(215, 1352.0)	(220, 1352.0)	(225, 1828.0)	(230, 1838.0)	(235, 1993.0)	(240, 1118.0)	(245, 2923.0)	(250, 1564.0)	(255, 3970.0)	(260, 5080.0)	(265, 5993.0)	(270, 7637.0)	(275, 76325.0)	(280, 15218.0)	(285, 1.0)	(290, 1.0)	(295, 17.0)	(300, 16.0)
3909R_L_M_S2_week5_S52_L001_R1_001	(50, 2.0)	(55, 1.0)	(60, 1.0)	(65, 1.0)	(70, 0.0)	(75, 2.0)	(80, 10.0)	(85, 4.0)	(90, 7.0)	(95, 45.0)	(100, 99.0)	(105, 75.0)	(110, 134.0)	(115, 112.0)	(120, 38.0)	(125, 52.0)	(130, 83.0)	(135, 36.0)	(140, 25.0)	(145, 59.0)	(150, 27.0)	(155, 36.0)	(160, 58.0)	(165, 65.0)	(170, 233.0)	(175, 86.0)	(180, 66.0)	(185, 44.0)	(190, 44.0)	(195, 82.0)	(200, 45.0)	(205, 141.0)	(210, 119.0)	(215, 130.0)	(220, 80.0)	(225, 84.0)	(230, 68.0)	(235, 75.0)	(240, 125.0)	(245, 346.0)	(250, 247.0)	(255, 153.0)	(260, 305.0)	(265, 1005.0)	(270, 1395.0)	(275, 3127.0)	(280, 88632.0)	(285, 1283.0)	(290, 4.0)	(295, 16.0)	(300, 91.0)
3909R_L_M_S2_week5_S52_L001_R2_001	(50, 72.0)	(55, 56.0)	(60, 64.0)	(65, 207.0)	(70, 61.0)	(75, 187.0)	(80, 64.0)	(85, 60.0)	(90, 37.0)	(95, 66.0)	(100, 45.0)	(105, 119.0)	(110, 48.0)	(115, 85.0)	(120, 142.0)	(125, 119.0)	(130, 289.0)	(135, 203.0)	(140, 196.0)	(145, 115.0)	(150, 201.0)	(155, 155.0)	(160, 437.0)	(165, 291.0)	(170, 385.0)	(175, 698.0)	(180, 505.0)	(185, 419.0)	(190, 419.0)	(195, 1133.0)	(200, 1055.0)	(205, 907.0)	(210, 1183.0)	(215, 1335.0)	(220, 1097.0)	(225, 1238.0)	(230, 1153.0)	(235, 1537.0)	(240, 1014.0)	(245, 2288.0)	(250, 1101.0)	(255, 3074.0)	(260, 4258.0)	(265, 4416.0)	(270, 5491.0)	(275, 52366.0)	(280, 8582.0)	(285, 1.0)	(290, 3.0)	(295, 8.0)	(300, 13.0)
3909R_L_M_S2_week9_S77_L001_R1_001	(50, 3.0)	(55, 2.0)	(60, 1.0)	(65, 2.0)	(70, 0.0)	(75, 5.0)	(80, 10.0)	(85, 4.0)	(90, 9.0)	(95, 59.0)	(100, 92.0)	(105, 75.0)	(110, 139.0)	(115, 113.0)	(120, 45.0)	(125, 61.0)	(130, 96.0)	(135, 39.0)	(140, 25.0)	(145, 53.0)	(150, 33.0)	(155, 49.0)	(160, 63.0)	(165, 100.0)	(170, 258.0)	(175, 102.0)	(180, 67.0)	(185, 34.0)	(190, 51.0)	(195, 71.0)	(200, 37.0)	(205, 136.0)	(210, 87.0)	(215, 161.0)	(220, 106.0)	(225, 102.0)	(230, 82.0)	(235, 86.0)	(240, 139.0)	(245, 426.0)	(250, 272.0)	(255, 216.0)	(260, 399.0)	(265, 1135.0)	(270, 1586.0)	(275, 3508.0)	(280, 106712.0)	(285, 1329.0)	(290, 6.0)	(295, 7.0)	(300, 90.0)
3909R_L_M_S2_week9_S77_L001_R2_001	(50, 60.0)	(55, 55.0)	(60, 60.0)	(65, 266.0)	(70, 75.0)	(75, 195.0)	(80, 101.0)	(85, 80.0)	(90, 39.0)	(95, 66.0)	(100, 71.0)	(105, 125.0)	(110, 71.0)	(115, 80.0)	(120, 150.0)	(125, 136.0)	(130, 306.0)	(135, 254.0)	(140, 228.0)	(145, 162.0)	(150, 234.0)	(155, 173.0)	(160, 585.0)	(165, 410.0)	(170, 495.0)	(175, 954.0)	(180, 622.0)	(185, 622.0)	(190, 548.0)	(195, 1455.0)	(200, 1480.0)	(205, 1221.0)	(210, 1568.0)	(215, 1741.0)	(220, 1453.0)	(225, 1504.0)	(230, 1486.0)	(235, 1991.0)	(240, 1229.0)	(245, 2911.0)	(250, 1261.0)	(255, 3939.0)	(260, 5159.0)	(265, 5241.0)	(270, 6856.0)	(275, 60275.0)	(280, 10257.0)	(285, 3.0)	(290, 6.0)	(295, 12.0)	(300, 12.0)
3909R_S2_week21_S29_L001_R1_001	(60, 1.0)	(65, 2.0)	(70, 1.0)	(75, 6.0)	(80, 7.0)	(85, 3.0)	(90, 4.0)	(95, 51.0)	(100, 79.0)	(105, 71.0)	(110, 130.0)	(115, 104.0)	(120, 40.0)	(125, 64.0)	(130, 91.0)	(135, 42.0)	(140, 29.0)	(145, 56.0)	(150, 38.0)	(155, 41.0)	(160, 64.0)	(165, 60.0)	(170, 242.0)	(175, 102.0)	(180, 87.0)	(185, 32.0)	(190, 65.0)	(195, 64.0)	(200, 45.0)	(205, 133.0)	(210, 95.0)	(215, 142.0)	(220, 84.0)	(225, 99.0)	(230, 73.0)	(235, 85.0)	(240, 122.0)	(245, 355.0)	(250, 264.0)	(255, 218.0)	(260, 351.0)	(265, 1000.0)	(270, 1466.0)	(275, 3322.0)	(280, 99861.0)	(285, 1156.0)	(290, 1.0)	(295, 14.0)	(300, 99.0)		
3909R_S2_week21_S29_L001_R2_001	(50, 68.0)	(55, 61.0)	(60, 75.0)	(65, 218.0)	(70, 82.0)	(75, 183.0)	(80, 114.0)	(85, 70.0)	(90, 56.0)	(95, 65.0)	(100, 60.0)	(105, 117.0)	(110, 39.0)	(115, 76.0)	(120, 95.0)	(125, 141.0)	(130, 214.0)	(135, 225.0)	(140, 177.0)	(145, 112.0)	(150, 173.0)	(155, 157.0)	(160, 481.0)	(165, 341.0)	(170, 438.0)	(175, 892.0)	(180, 476.0)	(185, 424.0)	(190, 450.0)	(195, 1209.0)	(200, 1132.0)	(205, 1101.0)	(210, 1306.0)	(215, 1295.0)	(220, 1067.0)	(225, 1266.0)	(230, 1403.0)	(235, 1810.0)	(240, 1045.0)	(245, 2382.0)	(250, 1120.0)	(255, 3053.0)	(260, 4581.0)	(265, 4734.0)	(270, 6058.0)	(275, 59194.0)	(280, 10685.0)	(285, 2.0)	(290, 5.0)	(295, 24.0)	(300, 9.0)
3918R_0_M_S2_diabetes_S17_L001_R1_001	(50, 2.0)	(55, 1.0)	(60, 2.0)	(65, 3.0)	(70, 0.0)	(75, 2.0)	(80, 14.0)	(85, 2.0)	(90, 6.0)	(95, 61.0)	(100, 80.0)	(105, 104.0)	(110, 151.0)	(115, 107.0)	(120, 37.0)	(125, 83.0)	(130, 121.0)	(135, 42.0)	(140, 39.0)	(145, 81.0)	(150, 32.0)	(155, 46.0)	(160, 85.0)	(165, 74.0)	(170, 256.0)	(175, 131.0)	(180, 80.0)	(185, 55.0)	(190, 63.0)	(195, 68.0)	(200, 34.0)	(205, 152.0)	(210, 154.0)	(215, 177.0)	(220, 126.0)	(225, 113.0)	(230, 77.0)	(235, 87.0)	(240, 139.0)	(245, 388.0)	(250, 252.0)	(255, 209.0)	(260, 409.0)	(265, 1047.0)	(270, 1459.0)	(275, 3663.0)	(280, 129973.0)	(285, 1474.0)	(290, 3.0)	(295, 11.0)	(300, 164.0)
3918R_0_M_S2_diabetes_S17_L001_R2_001	(50, 75.0)	(55, 44.0)	(60, 69.0)	(65, 246.0)	(70, 59.0)	(75, 185.0)	(80, 84.0)	(85, 78.0)	(90, 38.0)	(95, 52.0)	(100, 46.0)	(105, 109.0)	(110, 41.0)	(115, 85.0)	(120, 116.0)	(125, 111.0)	(130, 239.0)	(135, 220.0)	(140, 167.0)	(145, 117.0)	(150, 186.0)	(155, 158.0)	(160, 506.0)	(165, 360.0)	(170, 491.0)	(175, 1076.0)	(180, 483.0)	(185, 512.0)	(190, 481.0)	(195, 1373.0)	(200, 1146.0)	(205, 1009.0)	(210, 1465.0)	(215, 1395.0)	(220, 1254.0)	(225, 1733.0)	(230, 1678.0)	(235, 2114.0)	(240, 1197.0)	(245, 2934.0)	(250, 1407.0)	(255, 4085.0)	(260, 5460.0)	(265, 6109.0)	(270, 8058.0)	(275, 78343.0)	(280, 14713.0)	(285, 2.0)	(290, 3.0)	(295, 14.0)	(300, 13.0)
3918R_0_M_S2_week5_S53_L001_R1_001	(70, 1.0)	(75, 5.0)	(80, 26.0)	(85, 6.0)	(90, 6.0)	(95, 58.0)	(100, 63.0)	(105, 70.0)	(110, 122.0)	(115, 99.0)	(120, 31.0)	(125, 49.0)	(130, 145.0)	(135, 49.0)	(140, 26.0)	(145, 58.0)	(150, 39.0)	(155, 52.0)	(160, 55.0)	(165, 72.0)	(170, 249.0)	(175, 117.0)	(180, 76.0)	(185, 26.0)	(190, 55.0)	(195, 70.0)	(200, 48.0)	(205, 135.0)	(210, 119.0)	(215, 128.0)	(220, 81.0)	(225, 98.0)	(230, 71.0)	(235, 68.0)	(240, 114.0)	(245, 355.0)	(250, 246.0)	(255, 196.0)	(260, 321.0)	(265, 886.0)	(270, 1287.0)	(275, 3060.0)	(280, 106562.0)	(285, 1082.0)	(290, 8.0)	(295, 18.0)	(300, 98.0)				
3918R_0_M_S2_week5_S53_L001_R2_001	(50, 83.0)	(55, 67.0)	(60, 71.0)	(65, 249.0)	(70, 82.0)	(75, 198.0)	(80, 114.0)	(85, 86.0)	(90, 36.0)	(95, 59.0)	(100, 69.0)	(105, 106.0)	(110, 60.0)	(115, 84.0)	(120, 149.0)	(125, 141.0)	(130, 270.0)	(135, 258.0)	(140, 210.0)	(145, 158.0)	(150, 196.0)	(155, 178.0)	(160, 488.0)	(165, 379.0)	(170, 465.0)	(175, 920.0)	(180, 483.0)	(185, 439.0)	(190, 483.0)	(195, 1348.0)	(200, 1194.0)	(205, 1051.0)	(210, 1384.0)	(215, 1249.0)	(220, 1151.0)	(225, 1429.0)	(230, 1426.0)	(235, 1834.0)	(240, 995.0)	(245, 2348.0)	(250, 1223.0)	(255, 3165.0)	(260, 4675.0)	(265, 5228.0)	(270, 6680.0)	(275, 62388.0)	(280, 11230.0)	(285, 6.0)	(290, 1.0)	(295, 7.0)	(300, 13.0)
3918R_0_M_S2_week9_S78_L001_R1_001	(50, 3.0)	(55, 0.0)	(60, 1.0)	(65, 0.0)	(70, 0.0)	(75, 4.0)	(80, 10.0)	(85, 4.0)	(90, 7.0)	(95, 56.0)	(100, 73.0)	(105, 60.0)	(110, 121.0)	(115, 85.0)	(120, 31.0)	(125, 58.0)	(130, 76.0)	(135, 55.0)	(140, 21.0)	(145, 54.0)	(150, 35.0)	(155, 35.0)	(160, 52.0)	(165, 67.0)	(170, 249.0)	(175, 105.0)	(180, 77.0)	(185, 30.0)	(190, 43.0)	(195, 59.0)	(200, 41.0)	(205, 128.0)	(210, 102.0)	(215, 108.0)	(220, 101.0)	(225, 82.0)	(230, 57.0)	(235, 74.0)	(240, 117.0)	(245, 332.0)	(250, 199.0)	(255, 168.0)	(260, 289.0)	(265, 946.0)	(270, 1301.0)	(275, 3016.0)	(280, 92672.0)	(285, 1121.0)	(290, 1.0)	(295, 10.0)	(300, 98.0)
3918R_0_M_S2_week9_S78_L001_R2_001	(50, 62.0)	(55, 47.0)	(60, 61.0)	(65, 213.0)	(70, 64.0)	(75, 167.0)	(80, 91.0)	(85, 69.0)	(90, 31.0)	(95, 63.0)	(100, 65.0)	(105, 95.0)	(110, 62.0)	(115, 83.0)	(120, 125.0)	(125, 123.0)	(130, 283.0)	(135, 217.0)	(140, 167.0)	(145, 143.0)	(150, 204.0)	(155, 151.0)	(160, 458.0)	(165, 298.0)	(170, 388.0)	(175, 848.0)	(180, 509.0)	(185, 427.0)	(190, 483.0)	(195, 1128.0)	(200, 1094.0)	(205, 1005.0)	(210, 1200.0)	(215, 1388.0)	(220, 1192.0)	(225, 1353.0)	(230, 1279.0)	(235, 1612.0)	(240, 981.0)	(245, 2451.0)	(250, 1128.0)	(255, 3268.0)	(260, 4176.0)	(265, 4722.0)	(270, 6036.0)	(275, 52601.0)	(280, 9782.0)	(285, 6.0)	(290, 7.0)	(295, 18.0)	(300, 10.0)
3918R_L_M_S2_week5_S54_L001_R1_001	(55, 2.0)	(60, 1.0)	(65, 1.0)	(70, 2.0)	(75, 3.0)	(80, 23.0)	(85, 2.0)	(90, 8.0)	(95, 56.0)	(100, 76.0)	(105, 94.0)	(110, 124.0)	(115, 112.0)	(120, 37.0)	(125, 55.0)	(130, 153.0)	(135, 48.0)	(140, 24.0)	(145, 78.0)	(150, 34.0)	(155, 59.0)	(160, 69.0)	(165, 88.0)	(170, 230.0)	(175, 103.0)	(180, 83.0)	(185, 34.0)	(190, 57.0)	(195, 55.0)	(200, 41.0)	(205, 154.0)	(210, 99.0)	(215, 135.0)	(220, 101.0)	(225, 83.0)	(230, 82.0)	(235, 81.0)	(240, 134.0)	(245, 396.0)	(250, 256.0)	(255, 174.0)	(260, 323.0)	(265, 901.0)	(270, 1277.0)	(275, 3176.0)	(280, 98861.0)	(285, 1147.0)	(290, 3.0)	(295, 12.0)	(300, 109.0)	
3918R_L_M_S2_week5_S54_L001_R2_001	(50, 77.0)	(55, 56.0)	(60, 59.0)	(65, 194.0)	(70, 83.0)	(75, 181.0)	(80, 93.0)	(85, 63.0)	(90, 45.0)	(95, 69.0)	(100, 64.0)	(105, 103.0)	(110, 56.0)	(115, 95.0)	(120, 131.0)	(125, 131.0)	(130, 291.0)	(135, 231.0)	(140, 208.0)	(145, 131.0)	(150, 205.0)	(155, 147.0)	(160, 434.0)	(165, 337.0)	(170, 511.0)	(175, 836.0)	(180, 499.0)	(185, 420.0)	(190, 455.0)	(195, 1215.0)	(200, 1140.0)	(205, 876.0)	(210, 1199.0)	(215, 1312.0)	(220, 1086.0)	(225, 1346.0)	(230, 1381.0)	(235, 1729.0)	(240, 1022.0)	(245, 2376.0)	(250, 1162.0)	(255, 3103.0)	(260, 4256.0)	(265, 4977.0)	(270, 6345.0)	(275, 58228.0)	(280, 10271.0)	(285, 1.0)	(290, 4.0)	(295, 13.0)	(300, 9.0)
3918R_L_M_S2_week9_S79_L001_R1_001	(50, 2.0)	(55, 2.0)	(60, 1.0)	(65, 0.0)	(70, 3.0)	(75, 5.0)	(80, 15.0)	(85, 8.0)	(90, 2.0)	(95, 64.0)	(100, 102.0)	(105, 98.0)	(110, 151.0)	(115, 120.0)	(120, 52.0)	(125, 57.0)	(130, 113.0)	(135, 40.0)	(140, 30.0)	(145, 74.0)	(150, 49.0)	(155, 46.0)	(160, 58.0)	(165, 79.0)	(170, 251.0)	(175, 114.0)	(180, 79.0)	(185, 37.0)	(190, 70.0)	(195, 71.0)	(200, 24.0)	(205, 140.0)	(210, 126.0)	(215, 162.0)	(220, 132.0)	(225, 125.0)	(230, 82.0)	(235, 110.0)	(240, 138.0)	(245, 417.0)	(250, 255.0)	(255, 230.0)	(260, 422.0)	(265, 1035.0)	(270, 1563.0)	(275, 3760.0)	(280, 117032.0)	(285, 1416.0)	(290, 4.0)	(295, 18.0)	(300, 127.0)
3918R_L_M_S2_week9_S79_L001_R2_001	(50, 92.0)	(55, 57.0)	(60, 71.0)	(65, 273.0)	(70, 74.0)	(75, 214.0)	(80, 115.0)	(85, 79.0)	(90, 54.0)	(95, 62.0)	(100, 52.0)	(105, 121.0)	(110, 80.0)	(115, 79.0)	(120, 149.0)	(125, 156.0)	(130, 359.0)	(135, 274.0)	(140, 198.0)	(145, 153.0)	(150, 226.0)	(155, 187.0)	(160, 609.0)	(165, 391.0)	(170, 570.0)	(175, 1059.0)	(180, 615.0)	(185, 573.0)	(190, 552.0)	(195, 1516.0)	(200, 1419.0)	(205, 1230.0)	(210, 1603.0)	(215, 1652.0)	(220, 1458.0)	(225, 1707.0)	(230, 1765.0)	(235, 2155.0)	(240, 1240.0)	(245, 3105.0)	(250, 1527.0)	(255, 4086.0)	(260, 5511.0)	(265, 5804.0)	(270, 7768.0)	(275, 66226.0)	(280, 11804.0)	(285, 6.0)	(290, 6.0)	(295, 16.0)	(300, 13.0)
3918R_RL_M_S2_week5_S55_L001_R1_001	(50, 2.0)	(55, 1.0)	(60, 1.0)	(65, 0.0)	(70, 1.0)	(75, 9.0)	(80, 16.0)	(85, 2.0)	(90, 4.0)	(95, 92.0)	(100, 89.0)	(105, 94.0)	(110, 163.0)	(115, 97.0)	(120, 49.0)	(125, 52.0)	(130, 148.0)	(135, 57.0)	(140, 20.0)	(145, 81.0)	(150, 38.0)	(155, 57.0)	(160, 76.0)	(165, 83.0)	(170, 217.0)	(175, 107.0)	(180, 79.0)	(185, 37.0)	(190, 59.0)	(195, 81.0)	(200, 42.0)	(205, 161.0)	(210, 106.0)	(215, 127.0)	(220, 114.0)	(225, 97.0)	(230, 68.0)	(235, 86.0)	(240, 115.0)	(245, 403.0)	(250, 287.0)	(255, 189.0)	(260, 314.0)	(265, 1003.0)	(270, 1448.0)	(275, 3294.0)	(280, 100017.0)	(285, 1114.0)	(290, 5.0)	(295, 13.0)	(300, 101.0)
3918R_RL_M_S2_week5_S55_L001_R2_001	(50, 82.0)	(55, 71.0)	(60, 80.0)	(65, 215.0)	(70, 82.0)	(75, 202.0)	(80, 95.0)	(85, 74.0)	(90, 39.0)	(95, 66.0)	(100, 42.0)	(105, 112.0)	(110, 49.0)	(115, 97.0)	(120, 143.0)	(125, 130.0)	(130, 270.0)	(135, 237.0)	(140, 203.0)	(145, 149.0)	(150, 227.0)	(155, 138.0)	(160, 566.0)	(165, 366.0)	(170, 532.0)	(175, 867.0)	(180, 511.0)	(185, 461.0)	(190, 485.0)	(195, 1451.0)	(200, 1279.0)	(205, 1027.0)	(210, 1281.0)	(215, 1406.0)	(220, 1216.0)	(225, 1399.0)	(230, 1447.0)	(235, 1832.0)	(240, 956.0)	(245, 2561.0)	(250, 1281.0)	(255, 3363.0)	(260, 4757.0)	(265, 4988.0)	(270, 6422.0)	(275, 57848.0)	(280, 9785.0)	(285, 1.0)	(290, 0.0)	(295, 9.0)	(300, 16.0)
3918R_RL_M_S2_week9_S80_L001_R1_001	(50, 1.0)	(55, 1.0)	(60, 1.0)	(65, 1.0)	(70, 0.0)	(75, 4.0)	(80, 8.0)	(85, 4.0)	(90, 6.0)	(95, 47.0)	(100, 105.0)	(105, 62.0)	(110, 132.0)	(115, 128.0)	(120, 45.0)	(125, 52.0)	(130, 65.0)	(135, 37.0)	(140, 20.0)	(145, 65.0)	(150, 31.0)	(155, 34.0)	(160, 42.0)	(165, 80.0)	(170, 252.0)	(175, 107.0)	(180, 66.0)	(185, 30.0)	(190, 49.0)	(195, 71.0)	(200, 31.0)	(205, 168.0)	(210, 112.0)	(215, 126.0)	(220, 96.0)	(225, 91.0)	(230, 67.0)	(235, 75.0)	(240, 141.0)	(245, 412.0)	(250, 282.0)	(255, 245.0)	(260, 367.0)	(265, 1170.0)	(270, 1559.0)	(275, 3570.0)	(280, 105734.0)	(285, 1847.0)	(290, 5.0)	(295, 18.0)	(300, 125.0)
3918R_RL_M_S2_week9_S80_L001_R2_001	(50, 63.0)	(55, 64.0)	(60, 73.0)	(65, 235.0)	(70, 87.0)	(75, 185.0)	(80, 105.0)	(85, 80.0)	(90, 47.0)	(95, 71.0)	(100, 70.0)	(105, 119.0)	(110, 61.0)	(115, 98.0)	(120, 158.0)	(125, 162.0)	(130, 356.0)	(135, 232.0)	(140, 219.0)	(145, 173.0)	(150, 222.0)	(155, 212.0)	(160, 583.0)	(165, 424.0)	(170, 598.0)	(175, 987.0)	(180, 671.0)	(185, 638.0)	(190, 670.0)	(195, 1426.0)	(200, 1548.0)	(205, 1223.0)	(210, 1767.0)	(215, 2104.0)	(220, 1660.0)	(225, 1614.0)	(230, 1557.0)	(235, 2047.0)	(240, 1345.0)	(245, 3237.0)	(250, 1606.0)	(255, 4555.0)	(260, 5493.0)	(265, 5451.0)	(270, 6711.0)	(275, 56784.0)	(280, 9961.0)	(285, 0.0)	(290, 5.0)	(295, 21.0)	(300, 9.0)
3918R_RR_M_S2_week5_S56_L001_R1_001	(50, 3.0)	(55, 0.0)	(60, 2.0)	(65, 1.0)	(70, 1.0)	(75, 8.0)	(80, 22.0)	(85, 8.0)	(90, 8.0)	(95, 74.0)	(100, 94.0)	(105, 85.0)	(110, 165.0)	(115, 136.0)	(120, 50.0)	(125, 54.0)	(130, 167.0)	(135, 39.0)	(140, 24.0)	(145, 50.0)	(150, 38.0)	(155, 49.0)	(160, 79.0)	(165, 85.0)	(170, 228.0)	(175, 99.0)	(180, 80.0)	(185, 34.0)	(190, 72.0)	(195, 83.0)	(200, 53.0)	(205, 167.0)	(210, 130.0)	(215, 131.0)	(220, 106.0)	(225, 76.0)	(230, 87.0)	(235, 95.0)	(240, 155.0)	(245, 457.0)	(250, 309.0)	(255, 187.0)	(260, 369.0)	(265, 1138.0)	(270, 1623.0)	(275, 3807.0)	(280, 107678.0)	(285, 1797.0)	(290, 10.0)	(295, 22.0)	(300, 148.0)
3918R_RR_M_S2_week5_S56_L001_R2_001	(50, 55.0)	(55, 54.0)	(60, 70.0)	(65, 230.0)	(70, 86.0)	(75, 200.0)	(80, 90.0)	(85, 71.0)	(90, 40.0)	(95, 91.0)	(100, 67.0)	(105, 126.0)	(110, 63.0)	(115, 101.0)	(120, 198.0)	(125, 154.0)	(130, 338.0)	(135, 264.0)	(140, 227.0)	(145, 175.0)	(150, 202.0)	(155, 187.0)	(160, 564.0)	(165, 438.0)	(170, 587.0)	(175, 951.0)	(180, 655.0)	(185, 619.0)	(190, 683.0)	(195, 1528.0)	(200, 1590.0)	(205, 1172.0)	(210, 1598.0)	(215, 1881.0)	(220, 1441.0)	(225, 1489.0)	(230, 1500.0)	(235, 1939.0)	(240, 1349.0)	(245, 3138.0)	(250, 1567.0)	(255, 4286.0)	(260, 5381.0)	(265, 5700.0)	(270, 6913.0)	(275, 60392.0)	(280, 9904.0)	(285, 2.0)	(290, 2.0)	(295, 10.0)	(300, 15.0)
3918R_RR_M_S2_week9_S81_L001_R1_001	(75, 2.0)	(80, 11.0)	(85, 4.0)	(90, 4.0)	(95, 53.0)	(100, 61.0)	(105, 61.0)	(110, 106.0)	(115, 80.0)	(120, 25.0)	(125, 54.0)	(130, 100.0)	(135, 42.0)	(140, 22.0)	(145, 51.0)	(150, 26.0)	(155, 54.0)	(160, 59.0)	(165, 72.0)	(170, 181.0)	(175, 82.0)	(180, 74.0)	(185, 33.0)	(190, 45.0)	(195, 42.0)	(200, 26.0)	(205, 109.0)	(210, 108.0)	(215, 114.0)	(220, 109.0)	(225, 80.0)	(230, 78.0)	(235, 73.0)	(240, 111.0)	(245, 296.0)	(250, 202.0)	(255, 170.0)	(260, 273.0)	(265, 757.0)	(270, 1174.0)	(275, 2871.0)	(280, 94455.0)	(285, 1170.0)	(290, 7.0)	(295, 14.0)	(300, 84.0)					
3918R_RR_M_S2_week9_S81_L001_R2_001	(50, 55.0)	(55, 54.0)	(60, 55.0)	(65, 190.0)	(70, 55.0)	(75, 148.0)	(80, 114.0)	(85, 75.0)	(90, 42.0)	(95, 79.0)	(100, 54.0)	(105, 110.0)	(110, 39.0)	(115, 78.0)	(120, 111.0)	(125, 97.0)	(130, 204.0)	(135, 206.0)	(140, 138.0)	(145, 105.0)	(150, 182.0)	(155, 150.0)	(160, 399.0)	(165, 302.0)	(170, 405.0)	(175, 843.0)	(180, 378.0)	(185, 364.0)	(190, 408.0)	(195, 1103.0)	(200, 912.0)	(205, 799.0)	(210, 1178.0)	(215, 1125.0)	(220, 1057.0)	(225, 1305.0)	(230, 1458.0)	(235, 1669.0)	(240, 896.0)	(245, 2386.0)	(250, 1193.0)	(255, 3018.0)	(260, 3899.0)	(265, 4287.0)	(270, 5416.0)	(275, 56074.0)	(280, 10382.0)	(285, 2.0)	(290, 1.0)	(295, 15.0)	(300, 10.0)
3918R_S2_week29_S32_L001_R1_001	(50, 3.0)	(55, 1.0)	(60, 1.0)	(65, 0.0)	(70, 1.0)	(75, 3.0)	(80, 12.0)	(85, 1.0)	(90, 4.0)	(95, 44.0)	(100, 56.0)	(105, 87.0)	(110, 85.0)	(115, 105.0)	(120, 30.0)	(125, 68.0)	(130, 72.0)	(135, 35.0)	(140, 14.0)	(145, 53.0)	(150, 26.0)	(155, 28.0)	(160, 43.0)	(165, 61.0)	(170, 220.0)	(175, 98.0)	(180, 59.0)	(185, 39.0)	(190, 42.0)	(195, 41.0)	(200, 33.0)	(205, 123.0)	(210, 89.0)	(215, 121.0)	(220, 84.0)	(225, 81.0)	(230, 74.0)	(235, 63.0)	(240, 110.0)	(245, 270.0)	(250, 214.0)	(255, 143.0)	(260, 275.0)	(265, 725.0)	(270, 1168.0)	(275, 2915.0)	(280, 103338.0)	(285, 1479.0)	(290, 6.0)	(295, 20.0)	(300, 116.0)
3918R_S2_week29_S32_L001_R2_001	(50, 65.0)	(55, 61.0)	(60, 60.0)	(65, 216.0)	(70, 67.0)	(75, 167.0)	(80, 106.0)	(85, 67.0)	(90, 42.0)	(95, 51.0)	(100, 37.0)	(105, 98.0)	(110, 62.0)	(115, 78.0)	(120, 119.0)	(125, 104.0)	(130, 237.0)	(135, 180.0)	(140, 134.0)	(145, 114.0)	(150, 157.0)	(155, 139.0)	(160, 371.0)	(165, 266.0)	(170, 460.0)	(175, 810.0)	(180, 383.0)	(185, 381.0)	(190, 401.0)	(195, 1116.0)	(200, 852.0)	(205, 774.0)	(210, 1084.0)	(215, 1100.0)	(220, 1077.0)	(225, 1437.0)	(230, 1491.0)	(235, 1744.0)	(240, 965.0)	(245, 2431.0)	(250, 1116.0)	(255, 3107.0)	(260, 4160.0)	(265, 4719.0)	(270, 6146.0)	(275, 62037.0)	(280, 11952.0)	(285, 4.0)	(290, 3.0)	(295, 19.0)	(300, 12.0)
3969R_R_F_S2_Pellet_week9_S82_L001_R1_001	(50, 1.0)	(55, 2.0)	(60, 1.0)	(65, 0.0)	(70, 1.0)	(75, 3.0)	(80, 6.0)	(85, 3.0)	(90, 4.0)	(95, 61.0)	(100, 96.0)	(105, 63.0)	(110, 140.0)	(115, 109.0)	(120, 46.0)	(125, 43.0)	(130, 95.0)	(135, 38.0)	(140, 19.0)	(145, 58.0)	(150, 37.0)	(155, 66.0)	(160, 61.0)	(165, 94.0)	(170, 240.0)	(175, 107.0)	(180, 63.0)	(185, 33.0)	(190, 53.0)	(195, 71.0)	(200, 35.0)	(205, 160.0)	(210, 95.0)	(215, 112.0)	(220, 91.0)	(225, 85.0)	(230, 100.0)	(235, 81.0)	(240, 149.0)	(245, 431.0)	(250, 268.0)	(255, 229.0)	(260, 345.0)	(265, 1094.0)	(270, 1518.0)	(275, 3580.0)	(280, 107304.0)	(285, 1339.0)	(290, 7.0)	(295, 19.0)	(300, 114.0)
3969R_R_F_S2_Pellet_week9_S82_L001_R2_001	(50, 71.0)	(55, 63.0)	(60, 66.0)	(65, 254.0)	(70, 86.0)	(75, 189.0)	(80, 124.0)	(85, 76.0)	(90, 38.0)	(95, 65.0)	(100, 62.0)	(105, 126.0)	(110, 41.0)	(115, 78.0)	(120, 125.0)	(125, 128.0)	(130, 274.0)	(135, 216.0)	(140, 196.0)	(145, 142.0)	(150, 204.0)	(155, 180.0)	(160, 528.0)	(165, 345.0)	(170, 486.0)	(175, 967.0)	(180, 531.0)	(185, 446.0)	(190, 554.0)	(195, 1392.0)	(200, 1328.0)	(205, 1263.0)	(210, 1453.0)	(215, 1560.0)	(220, 1328.0)	(225, 1472.0)	(230, 1630.0)	(235, 1998.0)	(240, 1165.0)	(245, 3067.0)	(250, 1499.0)	(255, 3929.0)	(260, 5165.0)	(265, 5286.0)	(270, 6324.0)	(275, 61546.0)	(280, 10673.0)	(285, 2.0)	(290, 4.0)	(295, 11.0)	(300, 14.0)
3969R_R_F_S2_diabetes_S18_L001_R1_001	(70, 1.0)	(75, 5.0)	(80, 13.0)	(85, 0.0)	(90, 4.0)	(95, 53.0)	(100, 61.0)	(105, 61.0)	(110, 108.0)	(115, 100.0)	(120, 32.0)	(125, 48.0)	(130, 79.0)	(135, 43.0)	(140, 18.0)	(145, 69.0)	(150, 21.0)	(155, 43.0)	(160, 55.0)	(165, 85.0)	(170, 193.0)	(175, 110.0)	(180, 68.0)	(185, 40.0)	(190, 41.0)	(195, 54.0)	(200, 39.0)	(205, 136.0)	(210, 120.0)	(215, 147.0)	(220, 110.0)	(225, 82.0)	(230, 72.0)	(235, 98.0)	(240, 101.0)	(245, 336.0)	(250, 244.0)	(255, 208.0)	(260, 353.0)	(265, 860.0)	(270, 1291.0)	(275, 3344.0)	(280, 111066.0)	(285, 1219.0)	(290, 9.0)	(295, 14.0)	(300, 125.0)				
3969R_R_F_S2_diabetes_S18_L001_R2_001	(50, 63.0)	(55, 39.0)	(60, 51.0)	(65, 234.0)	(70, 48.0)	(75, 175.0)	(80, 89.0)	(85, 72.0)	(90, 26.0)	(95, 43.0)	(100, 53.0)	(105, 78.0)	(110, 45.0)	(115, 73.0)	(120, 104.0)	(125, 102.0)	(130, 219.0)	(135, 220.0)	(140, 132.0)	(145, 102.0)	(150, 149.0)	(155, 143.0)	(160, 466.0)	(165, 288.0)	(170, 479.0)	(175, 955.0)	(180, 463.0)	(185, 374.0)	(190, 405.0)	(195, 1239.0)	(200, 1028.0)	(205, 812.0)	(210, 1205.0)	(215, 1242.0)	(220, 1154.0)	(225, 1472.0)	(230, 1464.0)	(235, 1812.0)	(240, 1007.0)	(245, 2567.0)	(250, 1265.0)	(255, 3475.0)	(260, 4970.0)	(265, 5289.0)	(270, 6831.0)	(275, 66831.0)	(280, 12009.0)	(285, 1.0)	(290, 3.0)	(295, 4.0)	(300, 9.0)
3969R_R_F_S2_week5_S57_L001_R1_001	(50, 1.0)	(55, 3.0)	(60, 1.0)	(65, 3.0)	(70, 1.0)	(75, 11.0)	(80, 26.0)	(85, 5.0)	(90, 15.0)	(95, 93.0)	(100, 104.0)	(105, 99.0)	(110, 185.0)	(115, 156.0)	(120, 50.0)	(125, 69.0)	(130, 102.0)	(135, 49.0)	(140, 18.0)	(145, 80.0)	(150, 28.0)	(155, 45.0)	(160, 82.0)	(165, 137.0)	(170, 287.0)	(175, 138.0)	(180, 101.0)	(185, 65.0)	(190, 83.0)	(195, 96.0)	(200, 46.0)	(205, 222.0)	(210, 160.0)	(215, 166.0)	(220, 122.0)	(225, 154.0)	(230, 110.0)	(235, 128.0)	(240, 176.0)	(245, 540.0)	(250, 360.0)	(255, 253.0)	(260, 474.0)	(265, 1409.0)	(270, 2066.0)	(275, 4704.0)	(280, 124635.0)	(285, 1629.0)	(290, 1.0)	(295, 19.0)	(300, 127.0)
3969R_R_F_S2_week5_S57_L001_R2_001	(50, 73.0)	(55, 74.0)	(60, 79.0)	(65, 264.0)	(70, 99.0)	(75, 242.0)	(80, 131.0)	(85, 88.0)	(90, 52.0)	(95, 59.0)	(100, 77.0)	(105, 140.0)	(110, 62.0)	(115, 92.0)	(120, 169.0)	(125, 162.0)	(130, 352.0)	(135, 269.0)	(140, 243.0)	(145, 176.0)	(150, 264.0)	(155, 234.0)	(160, 663.0)	(165, 513.0)	(170, 605.0)	(175, 1144.0)	(180, 769.0)	(185, 621.0)	(190, 741.0)	(195, 1684.0)	(200, 1734.0)	(205, 1420.0)	(210, 1858.0)	(215, 2010.0)	(220, 1744.0)	(225, 1748.0)	(230, 1759.0)	(235, 2194.0)	(240, 1484.0)	(245, 3555.0)	(250, 1741.0)	(255, 4890.0)	(260, 5999.0)	(265, 6306.0)	(270, 7781.0)	(275, 71196.0)	(280, 12033.0)	(285, 4.0)	(290, 8.0)	(295, 17.0)	(300, 12.0)
3969R_S2_week18_S26_L001_R1_001	(50, 2.0)	(55, 2.0)	(60, 0.0)	(65, 1.0)	(70, 0.0)	(75, 0.0)	(80, 11.0)	(85, 0.0)	(90, 4.0)	(95, 36.0)	(100, 70.0)	(105, 66.0)	(110, 108.0)	(115, 88.0)	(120, 22.0)	(125, 36.0)	(130, 68.0)	(135, 35.0)	(140, 21.0)	(145, 39.0)	(150, 27.0)	(155, 42.0)	(160, 61.0)	(165, 56.0)	(170, 201.0)	(175, 80.0)	(180, 65.0)	(185, 28.0)	(190, 40.0)	(195, 64.0)	(200, 37.0)	(205, 133.0)	(210, 102.0)	(215, 132.0)	(220, 89.0)	(225, 80.0)	(230, 69.0)	(235, 61.0)	(240, 137.0)	(245, 387.0)	(250, 291.0)	(255, 212.0)	(260, 331.0)	(265, 1055.0)	(270, 1516.0)	(275, 3227.0)	(280, 96261.0)	(285, 1226.0)	(290, 4.0)	(295, 20.0)	(300, 93.0)
3969R_S2_week18_S26_L001_R2_001	(50, 52.0)	(55, 40.0)	(60, 51.0)	(65, 226.0)	(70, 48.0)	(75, 172.0)	(80, 98.0)	(85, 58.0)	(90, 30.0)	(95, 51.0)	(100, 41.0)	(105, 103.0)	(110, 45.0)	(115, 59.0)	(120, 120.0)	(125, 123.0)	(130, 241.0)	(135, 209.0)	(140, 151.0)	(145, 124.0)	(150, 159.0)	(155, 142.0)	(160, 467.0)	(165, 334.0)	(170, 458.0)	(175, 824.0)	(180, 490.0)	(185, 448.0)	(190, 466.0)	(195, 1201.0)	(200, 1201.0)	(205, 1096.0)	(210, 1372.0)	(215, 1422.0)	(220, 1291.0)	(225, 1283.0)	(230, 1347.0)	(235, 1794.0)	(240, 1052.0)	(245, 2638.0)	(250, 1421.0)	(255, 3587.0)	(260, 4819.0)	(265, 4766.0)	(270, 5844.0)	(275, 55042.0)	(280, 9692.0)	(285, 1.0)	(290, 0.0)	(295, 23.0)	(300, 14.0)
3980R_0_F_S2_diabetes_S19_L001_R1_001	(50, 2.0)	(55, 2.0)	(60, 1.0)	(65, 4.0)	(70, 2.0)	(75, 8.0)	(80, 27.0)	(85, 5.0)	(90, 10.0)	(95, 61.0)	(100, 88.0)	(105, 77.0)	(110, 139.0)	(115, 117.0)	(120, 42.0)	(125, 44.0)	(130, 168.0)	(135, 57.0)	(140, 28.0)	(145, 65.0)	(150, 32.0)	(155, 62.0)	(160, 78.0)	(165, 68.0)	(170, 253.0)	(175, 121.0)	(180, 78.0)	(185, 39.0)	(190, 52.0)	(195, 76.0)	(200, 38.0)	(205, 158.0)	(210, 105.0)	(215, 153.0)	(220, 108.0)	(225, 100.0)	(230, 78.0)	(235, 105.0)	(240, 150.0)	(245, 470.0)	(250, 306.0)	(255, 235.0)	(260, 389.0)	(265, 1220.0)	(270, 1760.0)	(275, 4053.0)	(280, 118194.0)	(285, 1690.0)	(290, 5.0)	(295, 25.0)	(300, 138.0)
3980R_0_F_S2_diabetes_S19_L001_R2_001	(50, 54.0)	(55, 45.0)	(60, 59.0)	(65, 219.0)	(70, 58.0)	(75, 188.0)	(80, 83.0)	(85, 65.0)	(90, 29.0)	(95, 45.0)	(100, 42.0)	(105, 123.0)	(110, 47.0)	(115, 79.0)	(120, 123.0)	(125, 123.0)	(130, 278.0)	(135, 271.0)	(140, 158.0)	(145, 110.0)	(150, 165.0)	(155, 154.0)	(160, 547.0)	(165, 407.0)	(170, 492.0)	(175, 1036.0)	(180, 504.0)	(185, 478.0)	(190, 503.0)	(195, 1721.0)	(200, 1468.0)	(205, 1172.0)	(210, 1417.0)	(215, 1590.0)	(220, 1329.0)	(225, 1394.0)	(230, 1427.0)	(235, 1872.0)	(240, 1205.0)	(245, 2930.0)	(250, 1382.0)	(255, 4003.0)	(260, 5555.0)	(265, 5850.0)	(270, 7357.0)	(275, 71308.0)	(280, 11797.0)	(285, 2.0)	(290, 4.0)	(295, 12.0)	(300, 6.0)
3980R_0_F_S2_week5_S58_L001_R1_001	(50, 1.0)	(55, 1.0)	(60, 0.0)	(65, 1.0)	(70, 2.0)	(75, 4.0)	(80, 10.0)	(85, 1.0)	(90, 7.0)	(95, 52.0)	(100, 101.0)	(105, 76.0)	(110, 133.0)	(115, 115.0)	(120, 51.0)	(125, 41.0)	(130, 80.0)	(135, 35.0)	(140, 30.0)	(145, 51.0)	(150, 39.0)	(155, 41.0)	(160, 57.0)	(165, 108.0)	(170, 238.0)	(175, 127.0)	(180, 86.0)	(185, 49.0)	(190, 45.0)	(195, 85.0)	(200, 54.0)	(205, 167.0)	(210, 147.0)	(215, 144.0)	(220, 103.0)	(225, 119.0)	(230, 81.0)	(235, 88.0)	(240, 173.0)	(245, 475.0)	(250, 324.0)	(255, 243.0)	(260, 466.0)	(265, 1271.0)	(270, 1834.0)	(275, 4067.0)	(280, 110387.0)	(285, 1467.0)	(290, 6.0)	(295, 21.0)	(300, 128.0)
3980R_0_F_S2_week5_S58_L001_R2_001	(50, 71.0)	(55, 56.0)	(60, 76.0)	(65, 245.0)	(70, 85.0)	(75, 213.0)	(80, 108.0)	(85, 89.0)	(90, 31.0)	(95, 61.0)	(100, 49.0)	(105, 123.0)	(110, 56.0)	(115, 78.0)	(120, 151.0)	(125, 144.0)	(130, 337.0)	(135, 277.0)	(140, 208.0)	(145, 165.0)	(150, 284.0)	(155, 206.0)	(160, 609.0)	(165, 456.0)	(170, 550.0)	(175, 979.0)	(180, 634.0)	(185, 599.0)	(190, 598.0)	(195, 1580.0)	(200, 1605.0)	(205, 1344.0)	(210, 1720.0)	(215, 1908.0)	(220, 1561.0)	(225, 1517.0)	(230, 1587.0)	(235, 2065.0)	(240, 1336.0)	(245, 3324.0)	(250, 1533.0)	(255, 4604.0)	(260, 5703.0)	(265, 5565.0)	(270, 7031.0)	(275, 61868.0)	(280, 10012.0)	(285, 2.0)	(290, 2.0)	(295, 20.0)	(300, 7.0)
3980R_L_F_S2_Pellet_week9_S83_L001_R1_001	(50, 2.0)	(55, 1.0)	(60, 0.0)	(65, 0.0)	(70, 1.0)	(75, 5.0)	(80, 9.0)	(85, 2.0)	(90, 9.0)	(95, 58.0)	(100, 80.0)	(105, 72.0)	(110, 117.0)	(115, 87.0)	(120, 42.0)	(125, 60.0)	(130, 96.0)	(135, 34.0)	(140, 20.0)	(145, 53.0)	(150, 36.0)	(155, 37.0)	(160, 69.0)	(165, 69.0)	(170, 207.0)	(175, 109.0)	(180, 78.0)	(185, 25.0)	(190, 47.0)	(195, 72.0)	(200, 43.0)	(205, 125.0)	(210, 104.0)	(215, 107.0)	(220, 98.0)	(225, 94.0)	(230, 78.0)	(235, 78.0)	(240, 134.0)	(245, 408.0)	(250, 242.0)	(255, 217.0)	(260, 380.0)	(265, 1074.0)	(270, 1556.0)	(275, 3442.0)	(280, 105127.0)	(285, 1624.0)	(290, 9.0)	(295, 20.0)	(300, 134.0)
3980R_L_F_S2_Pellet_week9_S83_L001_R2_001	(50, 55.0)	(55, 58.0)	(60, 63.0)	(65, 228.0)	(70, 69.0)	(75, 205.0)	(80, 134.0)	(85, 73.0)	(90, 49.0)	(95, 62.0)	(100, 61.0)	(105, 106.0)	(110, 56.0)	(115, 94.0)	(120, 121.0)	(125, 131.0)	(130, 276.0)	(135, 214.0)	(140, 154.0)	(145, 122.0)	(150, 196.0)	(155, 173.0)	(160, 537.0)	(165, 346.0)	(170, 502.0)	(175, 936.0)	(180, 489.0)	(185, 464.0)	(190, 498.0)	(195, 1426.0)	(200, 1327.0)	(205, 1157.0)	(210, 1373.0)	(215, 1452.0)	(220, 1245.0)	(225, 1438.0)	(230, 1592.0)	(235, 1754.0)	(240, 1172.0)	(245, 2906.0)	(250, 1394.0)	(255, 3638.0)	(260, 5095.0)	(265, 5058.0)	(270, 6255.0)	(275, 61475.0)	(280, 10331.0)	(285, 0.0)	(290, 3.0)	(295, 14.0)	(300, 14.0)
3980R_L_F_S2_week5_S59_L001_R1_001	(55, 3.0)	(60, 1.0)	(65, 0.0)	(70, 1.0)	(75, 5.0)	(80, 22.0)	(85, 3.0)	(90, 15.0)	(95, 73.0)	(100, 99.0)	(105, 101.0)	(110, 152.0)	(115, 132.0)	(120, 52.0)	(125, 57.0)	(130, 95.0)	(135, 56.0)	(140, 30.0)	(145, 80.0)	(150, 28.0)	(155, 43.0)	(160, 70.0)	(165, 91.0)	(170, 275.0)	(175, 139.0)	(180, 87.0)	(185, 39.0)	(190, 56.0)	(195, 60.0)	(200, 48.0)	(205, 152.0)	(210, 133.0)	(215, 142.0)	(220, 115.0)	(225, 119.0)	(230, 102.0)	(235, 110.0)	(240, 149.0)	(245, 447.0)	(250, 311.0)	(255, 261.0)	(260, 429.0)	(265, 1205.0)	(270, 1773.0)	(275, 4208.0)	(280, 128396.0)	(285, 1826.0)	(290, 9.0)	(295, 26.0)	(300, 149.0)	
3980R_L_F_S2_week5_S59_L001_R2_001	(50, 88.0)	(55, 62.0)	(60, 75.0)	(65, 268.0)	(70, 71.0)	(75, 209.0)	(80, 141.0)	(85, 89.0)	(90, 56.0)	(95, 70.0)	(100, 56.0)	(105, 125.0)	(110, 65.0)	(115, 84.0)	(120, 138.0)	(125, 147.0)	(130, 326.0)	(135, 290.0)	(140, 204.0)	(145, 166.0)	(150, 240.0)	(155, 166.0)	(160, 571.0)	(165, 439.0)	(170, 599.0)	(175, 1087.0)	(180, 540.0)	(185, 557.0)	(190, 578.0)	(195, 1633.0)	(200, 1518.0)	(205, 1243.0)	(210, 1605.0)	(215, 1585.0)	(220, 1424.0)	(225, 1722.0)	(230, 1830.0)	(235, 2216.0)	(240, 1309.0)	(245, 3325.0)	(250, 1541.0)	(255, 4336.0)	(260, 5808.0)	(265, 6157.0)	(270, 7906.0)	(275, 75951.0)	(280, 13311.0)	(285, 3.0)	(290, 10.0)	(295, 20.0)	(300, 15.0)
3980R_R_F_S2_Pellet_week9_S84_L001_R1_001	(50, 2.0)	(55, 2.0)	(60, 2.0)	(65, 0.0)	(70, 0.0)	(75, 9.0)	(80, 8.0)	(85, 6.0)	(90, 7.0)	(95, 55.0)	(100, 118.0)	(105, 79.0)	(110, 156.0)	(115, 138.0)	(120, 48.0)	(125, 53.0)	(130, 111.0)	(135, 53.0)	(140, 21.0)	(145, 60.0)	(150, 29.0)	(155, 41.0)	(160, 81.0)	(165, 81.0)	(170, 238.0)	(175, 139.0)	(180, 81.0)	(185, 40.0)	(190, 54.0)	(195, 72.0)	(200, 32.0)	(205, 145.0)	(210, 126.0)	(215, 131.0)	(220, 105.0)	(225, 105.0)	(230, 81.0)	(235, 98.0)	(240, 138.0)	(245, 487.0)	(250, 267.0)	(255, 232.0)	(260, 390.0)	(265, 1119.0)	(270, 1646.0)	(275, 3833.0)	(280, 110466.0)	(285, 1590.0)	(290, 9.0)	(295, 24.0)	(300, 128.0)
3980R_R_F_S2_Pellet_week9_S84_L001_R2_001	(50, 46.0)	(55, 51.0)	(60, 42.0)	(65, 240.0)	(70, 72.0)	(75, 185.0)	(80, 130.0)	(85, 76.0)	(90, 48.0)	(95, 75.0)	(100, 65.0)	(105, 114.0)	(110, 47.0)	(115, 89.0)	(120, 121.0)	(125, 119.0)	(130, 246.0)	(135, 229.0)	(140, 167.0)	(145, 110.0)	(150, 202.0)	(155, 169.0)	(160, 499.0)	(165, 326.0)	(170, 442.0)	(175, 938.0)	(180, 545.0)	(185, 487.0)	(190, 508.0)	(195, 1361.0)	(200, 1336.0)	(205, 1193.0)	(210, 1434.0)	(215, 1418.0)	(220, 1190.0)	(225, 1404.0)	(230, 1553.0)	(235, 1893.0)	(240, 1116.0)	(245, 2729.0)	(250, 1373.0)	(255, 3706.0)	(260, 5207.0)	(265, 5199.0)	(270, 6381.0)	(275, 67097.0)	(280, 10913.0)	(285, 5.0)	(290, 3.0)	(295, 22.0)	(300, 15.0)
3980R_R_F_S2_diabetes_S20_L001_R1_001	(50, 3.0)	(55, 0.0)	(60, 1.0)	(65, 0.0)	(70, 1.0)	(75, 7.0)	(80, 10.0)	(85, 1.0)	(90, 5.0)	(95, 62.0)	(100, 88.0)	(105, 82.0)	(110, 134.0)	(115, 103.0)	(120, 30.0)	(125, 51.0)	(130, 79.0)	(135, 52.0)	(140, 20.0)	(145, 52.0)	(150, 45.0)	(155, 53.0)	(160, 55.0)	(165, 80.0)	(170, 279.0)	(175, 144.0)	(180, 89.0)	(185, 41.0)	(190, 63.0)	(195, 76.0)	(200, 48.0)	(205, 190.0)	(210, 120.0)	(215, 190.0)	(220, 121.0)	(225, 127.0)	(230, 79.0)	(235, 83.0)	(240, 143.0)	(245, 507.0)	(250, 320.0)	(255, 231.0)	(260, 463.0)	(265, 1230.0)	(270, 1761.0)	(275, 4192.0)	(280, 132421.0)	(285, 1649.0)	(290, 12.0)	(295, 20.0)	(300, 161.0)
3980R_R_F_S2_diabetes_S20_L001_R2_001	(50, 69.0)	(55, 53.0)	(60, 68.0)	(65, 274.0)	(70, 67.0)	(75, 189.0)	(80, 143.0)	(85, 94.0)	(90, 37.0)	(95, 42.0)	(100, 37.0)	(105, 148.0)	(110, 52.0)	(115, 73.0)	(120, 112.0)	(125, 111.0)	(130, 239.0)	(135, 261.0)	(140, 173.0)	(145, 110.0)	(150, 190.0)	(155, 169.0)	(160, 535.0)	(165, 373.0)	(170, 485.0)	(175, 1009.0)	(180, 517.0)	(185, 516.0)	(190, 515.0)	(195, 1429.0)	(200, 1460.0)	(205, 1318.0)	(210, 1509.0)	(215, 1511.0)	(220, 1405.0)	(225, 1547.0)	(230, 1730.0)	(235, 2160.0)	(240, 1250.0)	(245, 3137.0)	(250, 1535.0)	(255, 4099.0)	(260, 5774.0)	(265, 6046.0)	(270, 7912.0)	(275, 80491.0)	(280, 14782.0)	(285, 3.0)	(290, 4.0)	(295, 8.0)	(300, 3.0)
3980R_R_F_S2_week5_S60_L001_R1_001	(65, 1.0)	(70, 0.0)	(75, 7.0)	(80, 10.0)	(85, 7.0)	(90, 6.0)	(95, 71.0)	(100, 99.0)	(105, 120.0)	(110, 169.0)	(115, 112.0)	(120, 53.0)	(125, 66.0)	(130, 107.0)	(135, 52.0)	(140, 40.0)	(145, 76.0)	(150, 35.0)	(155, 65.0)	(160, 77.0)	(165, 104.0)	(170, 299.0)	(175, 155.0)	(180, 95.0)	(185, 51.0)	(190, 66.0)	(195, 75.0)	(200, 52.0)	(205, 192.0)	(210, 125.0)	(215, 162.0)	(220, 130.0)	(225, 135.0)	(230, 101.0)	(235, 113.0)	(240, 139.0)	(245, 434.0)	(250, 263.0)	(255, 228.0)	(260, 459.0)	(265, 1101.0)	(270, 1761.0)	(275, 4390.0)	(280, 141878.0)	(285, 1695.0)	(290, 6.0)	(295, 26.0)	(300, 162.0)			
3980R_R_F_S2_week5_S60_L001_R2_001	(50, 88.0)	(55, 59.0)	(60, 54.0)	(65, 283.0)	(70, 84.0)	(75, 229.0)	(80, 132.0)	(85, 89.0)	(90, 61.0)	(95, 77.0)	(100, 72.0)	(105, 132.0)	(110, 65.0)	(115, 97.0)	(120, 146.0)	(125, 136.0)	(130, 313.0)	(135, 282.0)	(140, 210.0)	(145, 154.0)	(150, 247.0)	(155, 191.0)	(160, 607.0)	(165, 417.0)	(170, 582.0)	(175, 1136.0)	(180, 540.0)	(185, 512.0)	(190, 540.0)	(195, 1492.0)	(200, 1335.0)	(205, 1211.0)	(210, 1562.0)	(215, 1471.0)	(220, 1528.0)	(225, 1746.0)	(230, 1916.0)	(235, 2299.0)	(240, 1249.0)	(245, 2979.0)	(250, 1553.0)	(255, 4176.0)	(260, 6150.0)	(265, 6513.0)	(270, 8473.0)	(275, 86924.0)	(280, 15409.0)	(285, 4.0)	(290, 6.0)	(295, 23.0)	(300, 16.0)
3980R_S2_week14_S23_L001_R1_001	(50, 3.0)	(55, 1.0)	(60, 0.0)	(65, 2.0)	(70, 1.0)	(75, 6.0)	(80, 12.0)	(85, 6.0)	(90, 4.0)	(95, 70.0)	(100, 120.0)	(105, 89.0)	(110, 180.0)	(115, 143.0)	(120, 45.0)	(125, 77.0)	(130, 115.0)	(135, 58.0)	(140, 33.0)	(145, 78.0)	(150, 49.0)	(155, 63.0)	(160, 69.0)	(165, 98.0)	(170, 292.0)	(175, 139.0)	(180, 87.0)	(185, 44.0)	(190, 83.0)	(195, 90.0)	(200, 44.0)	(205, 200.0)	(210, 150.0)	(215, 190.0)	(220, 134.0)	(225, 99.0)	(230, 98.0)	(235, 95.0)	(240, 165.0)	(245, 534.0)	(250, 367.0)	(255, 285.0)	(260, 498.0)	(265, 1393.0)	(270, 1811.0)	(275, 4415.0)	(280, 131953.0)	(285, 1550.0)	(290, 6.0)	(295, 14.0)	(300, 126.0)
3980R_S2_week14_S23_L001_R2_001	(50, 60.0)	(55, 66.0)	(60, 63.0)	(65, 314.0)	(70, 67.0)	(75, 215.0)	(80, 108.0)	(85, 95.0)	(90, 31.0)	(95, 47.0)	(100, 51.0)	(105, 138.0)	(110, 49.0)	(115, 60.0)	(120, 144.0)	(125, 141.0)	(130, 275.0)	(135, 307.0)	(140, 196.0)	(145, 124.0)	(150, 219.0)	(155, 169.0)	(160, 604.0)	(165, 419.0)	(170, 506.0)	(175, 1096.0)	(180, 608.0)	(185, 505.0)	(190, 552.0)	(195, 1595.0)	(200, 1550.0)	(205, 1364.0)	(210, 1700.0)	(215, 1629.0)	(220, 1477.0)	(225, 1660.0)	(230, 1785.0)	(235, 2258.0)	(240, 1435.0)	(245, 3089.0)	(250, 1450.0)	(255, 4368.0)	(260, 6187.0)	(265, 6220.0)	(270, 8739.0)	(275, 77955.0)	(280, 14465.0)	(285, 2.0)	(290, 3.0)	(295, 9.0)	(300, 15.0)
NS6_defined_inocula_S86_L001_R1_001	(60, 2.0)	(65, 0.0)	(70, 2.0)	(75, 3.0)	(80, 37.0)	(85, 13.0)	(90, 27.0)	(95, 154.0)	(100, 96.0)	(105, 163.0)	(110, 119.0)	(115, 112.0)	(120, 86.0)	(125, 115.0)	(130, 273.0)	(135, 74.0)	(140, 90.0)	(145, 257.0)	(150, 82.0)	(155, 108.0)	(160, 179.0)	(165, 186.0)	(170, 254.0)	(175, 111.0)	(180, 85.0)	(185, 97.0)	(190, 93.0)	(195, 94.0)	(200, 29.0)	(205, 114.0)	(210, 151.0)	(215, 165.0)	(220, 172.0)	(225, 197.0)	(230, 126.0)	(235, 141.0)	(240, 171.0)	(245, 451.0)	(250, 235.0)	(255, 194.0)	(260, 472.0)	(265, 801.0)	(270, 1498.0)	(275, 4730.0)	(280, 139367.0)	(285, 1766.0)	(290, 8.0)	(295, 18.0)	(300, 144.0)		
NS6_defined_inocula_S86_L001_R2_001	(50, 69.0)	(55, 70.0)	(60, 79.0)	(65, 205.0)	(70, 61.0)	(75, 160.0)	(80, 125.0)	(85, 77.0)	(90, 59.0)	(95, 76.0)	(100, 85.0)	(105, 123.0)	(110, 74.0)	(115, 104.0)	(120, 171.0)	(125, 108.0)	(130, 314.0)	(135, 263.0)	(140, 263.0)	(145, 178.0)	(150, 236.0)	(155, 205.0)	(160, 507.0)	(165, 495.0)	(170, 789.0)	(175, 1125.0)	(180, 327.0)	(185, 324.0)	(190, 504.0)	(195, 1804.0)	(200, 999.0)	(205, 779.0)	(210, 1197.0)	(215, 1042.0)	(220, 949.0)	(225, 1451.0)	(230, 1509.0)	(235, 1602.0)	(240, 725.0)	(245, 3188.0)	(250, 1458.0)	(255, 3039.0)	(260, 5105.0)	(265, 6201.0)	(270, 7299.0)	(275, 93409.0)	(280, 14887.0)	(285, 0.0)	(290, 2.0)	(295, 22.0)	(300, 19.0)
Negative_extraction_S85_L001_R1_001	(50, 5.0)	(55, 2.0)	(60, 19.0)	(65, 4.0)	(70, 1.0)	(75, 34.0)	(80, 159.0)	(85, 27.0)	(90, 16.0)	(95, 332.0)	(100, 149.0)	(105, 106.0)	(110, 449.0)	(115, 244.0)	(120, 162.0)	(125, 475.0)	(130, 1156.0)	(135, 295.0)	(140, 382.0)	(145, 386.0)	(150, 162.0)	(155, 317.0)	(160, 433.0)	(165, 363.0)	(170, 517.0)	(175, 91.0)	(180, 116.0)	(185, 221.0)	(190, 73.0)	(195, 141.0)	(200, 131.0)	(205, 169.0)	(210, 194.0)	(215, 229.0)	(220, 173.0)	(225, 165.0)	(230, 142.0)	(235, 337.0)	(240, 420.0)	(245, 611.0)	(250, 391.0)	(255, 322.0)	(260, 746.0)	(265, 1292.0)	(270, 4291.0)	(275, 10912.0)	(280, 186377.0)	(285, 2289.0)	(290, 8.0)	(295, 33.0)	(300, 156.0)
Negative_extraction_S85_L001_R2_001	(50, 248.0)	(55, 201.0)	(60, 273.0)	(65, 573.0)	(70, 162.0)	(75, 458.0)	(80, 167.0)	(85, 131.0)	(90, 110.0)	(95, 142.0)	(100, 137.0)	(105, 105.0)	(110, 93.0)	(115, 214.0)	(120, 265.0)	(125, 229.0)	(130, 694.0)	(135, 416.0)	(140, 291.0)	(145, 325.0)	(150, 398.0)	(155, 413.0)	(160, 937.0)	(165, 985.0)	(170, 1572.0)	(175, 2119.0)	(180, 1444.0)	(185, 672.0)	(190, 734.0)	(195, 4822.0)	(200, 3077.0)	(205, 2174.0)	(210, 3161.0)	(215, 2066.0)	(220, 1931.0)	(225, 2306.0)	(230, 2230.0)	(235, 1913.0)	(240, 1185.0)	(245, 5215.0)	(250, 2357.0)	(255, 5901.0)	(260, 8459.0)	(265, 11147.0)	(270, 9574.0)	(275, 122487.0)	(280, 11642.0)	(285, 5.0)	(290, 10.0)	(295, 31.0)	(300, 24.0)
Negtive_Control_S90_L001_R1_001	(60, 1.0)	(65, 3.0)	(70, 1.0)	(75, 0.0)	(80, 3.0)	(85, 3.0)	(90, 1.0)	(95, 203.0)	(100, 123.0)	(105, 46.0)	(110, 49.0)	(115, 30.0)	(120, 12.0)	(125, 15.0)	(130, 37.0)	(135, 14.0)	(140, 16.0)	(145, 9.0)	(150, 17.0)	(155, 13.0)	(160, 17.0)	(165, 18.0)	(170, 17.0)	(175, 11.0)	(180, 20.0)	(185, 17.0)	(190, 11.0)	(195, 10.0)	(200, 24.0)	(205, 13.0)	(210, 13.0)	(215, 9.0)	(220, 11.0)	(225, 14.0)	(230, 13.0)	(235, 3.0)	(240, 9.0)	(245, 15.0)	(250, 22.0)	(255, 15.0)	(260, 16.0)	(265, 22.0)	(270, 34.0)	(275, 67.0)	(280, 518.0)	(285, 2.0)	(290, 0.0)	(295, 2.0)	(300, 1.0)		
Negtive_Control_S90_L001_R2_001	(50, 52.0)	(55, 421.0)	(60, 126.0)	(65, 201.0)	(70, 37.0)	(75, 61.0)	(80, 18.0)	(85, 8.0)	(90, 11.0)	(95, 4.0)	(100, 7.0)	(105, 2.0)	(110, 13.0)	(115, 5.0)	(120, 10.0)	(125, 4.0)	(130, 26.0)	(135, 9.0)	(140, 13.0)	(145, 6.0)	(150, 17.0)	(155, 10.0)	(160, 15.0)	(165, 14.0)	(170, 12.0)	(175, 11.0)	(180, 19.0)	(185, 10.0)	(190, 8.0)	(195, 19.0)	(200, 18.0)	(205, 9.0)	(210, 41.0)	(215, 28.0)	(220, 26.0)	(225, 16.0)	(230, 8.0)	(235, 21.0)	(240, 11.0)	(245, 12.0)	(250, 5.0)	(255, 12.0)	(260, 15.0)	(265, 8.0)	(270, 29.0)	(275, 92.0)	(280, 17.0)	(285, 0.0)	(290, 1.0)	(295, 1.0)	(300, 1.0)
Positive_Control_S89_L001_R1_001	(50, 5.0)	(55, 1.0)	(60, 1.0)	(65, 4.0)	(70, 1.0)	(75, 7.0)	(80, 14.0)	(85, 8.0)	(90, 32.0)	(95, 179.0)	(100, 111.0)	(105, 81.0)	(110, 50.0)	(115, 42.0)	(120, 31.0)	(125, 51.0)	(130, 330.0)	(135, 108.0)	(140, 168.0)	(145, 467.0)	(150, 56.0)	(155, 180.0)	(160, 248.0)	(165, 248.0)	(170, 208.0)	(175, 44.0)	(180, 35.0)	(185, 110.0)	(190, 95.0)	(195, 143.0)	(200, 126.0)	(205, 58.0)	(210, 139.0)	(215, 253.0)	(220, 129.0)	(225, 90.0)	(230, 262.0)	(235, 89.0)	(240, 241.0)	(245, 738.0)	(250, 233.0)	(255, 150.0)	(260, 381.0)	(265, 879.0)	(270, 2087.0)	(275, 8173.0)	(280, 121337.0)	(285, 2068.0)	(290, 8.0)	(295, 23.0)	(300, 126.0)
Positive_Control_S89_L001_R2_001	(50, 195.0)	(55, 116.0)	(60, 103.0)	(65, 185.0)	(70, 83.0)	(75, 408.0)	(80, 148.0)	(85, 77.0)	(90, 48.0)	(95, 61.0)	(100, 47.0)	(105, 103.0)	(110, 41.0)	(115, 115.0)	(120, 147.0)	(125, 147.0)	(130, 323.0)	(135, 255.0)	(140, 203.0)	(145, 241.0)	(150, 193.0)	(155, 182.0)	(160, 645.0)	(165, 353.0)	(170, 514.0)	(175, 1043.0)	(180, 394.0)	(185, 265.0)	(190, 493.0)	(195, 3069.0)	(200, 2015.0)	(205, 1430.0)	(210, 1683.0)	(215, 1006.0)	(220, 870.0)	(225, 930.0)	(230, 974.0)	(235, 1213.0)	(240, 515.0)	(245, 3503.0)	(250, 1649.0)	(255, 3594.0)	(260, 5589.0)	(265, 6751.0)	(270, 6467.0)	(275, 81933.0)	(280, 10278.0)	(285, 3.0)	(290, 4.0)	(295, 26.0)	(300, 18.0)
S2_defined_inocula_S88_L001_R1_001	(50, 1.0)	(55, 1.0)	(60, 2.0)	(65, 0.0)	(70, 0.0)	(75, 11.0)	(80, 44.0)	(85, 9.0)	(90, 17.0)	(95, 153.0)	(100, 82.0)	(105, 123.0)	(110, 101.0)	(115, 90.0)	(120, 56.0)	(125, 65.0)	(130, 179.0)	(135, 52.0)	(140, 59.0)	(145, 145.0)	(150, 55.0)	(155, 67.0)	(160, 88.0)	(165, 129.0)	(170, 131.0)	(175, 72.0)	(180, 59.0)	(185, 51.0)	(190, 85.0)	(195, 66.0)	(200, 60.0)	(205, 114.0)	(210, 131.0)	(215, 103.0)	(220, 130.0)	(225, 139.0)	(230, 86.0)	(235, 89.0)	(240, 145.0)	(245, 285.0)	(250, 170.0)	(255, 154.0)	(260, 379.0)	(265, 672.0)	(270, 1202.0)	(275, 3494.0)	(280, 105091.0)	(285, 1854.0)	(290, 4.0)	(295, 21.0)	(300, 123.0)
S2_defined_inocula_S88_L001_R2_001	(50, 80.0)	(55, 59.0)	(60, 70.0)	(65, 184.0)	(70, 49.0)	(75, 172.0)	(80, 86.0)	(85, 54.0)	(90, 49.0)	(95, 90.0)	(100, 74.0)	(105, 77.0)	(110, 60.0)	(115, 97.0)	(120, 118.0)	(125, 109.0)	(130, 279.0)	(135, 220.0)	(140, 333.0)	(145, 203.0)	(150, 225.0)	(155, 261.0)	(160, 639.0)	(165, 520.0)	(170, 834.0)	(175, 800.0)	(180, 436.0)	(185, 419.0)	(190, 565.0)	(195, 1660.0)	(200, 1083.0)	(205, 792.0)	(210, 1371.0)	(215, 1239.0)	(220, 961.0)	(225, 1399.0)	(230, 1571.0)	(235, 1618.0)	(240, 892.0)	(245, 2835.0)	(250, 1448.0)	(255, 2978.0)	(260, 4197.0)	(265, 5152.0)	(270, 5376.0)	(275, 65315.0)	(280, 9352.0)	(285, 2.0)	(290, 4.0)	(295, 18.0)	(300, 14.0)
S5_defined_inocula_S87_L001_R1_001	(50, 5.0)	(55, 4.0)	(60, 6.0)	(65, 4.0)	(70, 3.0)	(75, 13.0)	(80, 42.0)	(85, 13.0)	(90, 37.0)	(95, 220.0)	(100, 71.0)	(105, 174.0)	(110, 189.0)	(115, 141.0)	(120, 88.0)	(125, 115.0)	(130, 524.0)	(135, 122.0)	(140, 114.0)	(145, 294.0)	(150, 75.0)	(155, 195.0)	(160, 259.0)	(165, 193.0)	(170, 180.0)	(175, 129.0)	(180, 70.0)	(185, 142.0)	(190, 129.0)	(195, 95.0)	(200, 73.0)	(205, 157.0)	(210, 175.0)	(215, 197.0)	(220, 239.0)	(225, 183.0)	(230, 174.0)	(235, 161.0)	(240, 247.0)	(245, 529.0)	(250, 283.0)	(255, 217.0)	(260, 504.0)	(265, 1082.0)	(270, 1821.0)	(275, 5597.0)	(280, 158802.0)	(285, 2372.0)	(290, 5.0)	(295, 24.0)	(300, 176.0)
S5_defined_inocula_S87_L001_R2_001	(50, 130.0)	(55, 122.0)	(60, 121.0)	(65, 293.0)	(70, 87.0)	(75, 355.0)	(80, 177.0)	(85, 117.0)	(90, 69.0)	(95, 93.0)	(100, 97.0)	(105, 116.0)	(110, 63.0)	(115, 145.0)	(120, 212.0)	(125, 174.0)	(130, 467.0)	(135, 364.0)	(140, 388.0)	(145, 288.0)	(150, 321.0)	(155, 272.0)	(160, 1095.0)	(165, 821.0)	(170, 1178.0)	(175, 1382.0)	(180, 494.0)	(185, 584.0)	(190, 804.0)	(195, 3006.0)	(200, 1960.0)	(205, 1171.0)	(210, 1709.0)	(215, 1628.0)	(220, 1258.0)	(225, 1719.0)	(230, 2029.0)	(235, 1878.0)	(240, 1030.0)	(245, 4090.0)	(250, 2214.0)	(255, 4340.0)	(260, 6540.0)	(265, 7849.0)	(270, 7751.0)	(275, 103330.0)	(280, 12284.0)	(285, 2.0)	(290, 11.0)	(295, 21.0)	(300, 15.0)
