Sample	0	1	2	3	4	5	6	7	8	9	10	11	12	13	14	15	16	17	18	19	20	21	22	23	24	25	26	27	28	29	30	31	32	33	34	35	36	37	38	39	40	41	42	43	44	45	46	47	48	49	50	51	52	53	54	55	56	57	58	59	60	61	62	63	64	65	66	67	68	69	70	71	72	73	74	75	76	77	78	79	80	81	82	83	84	85	86	87	88	89	90	91	92	93	94	95	96	97	98	99	100
016R_0_F_NS6_week9_S79_L001_R1_001	(0.0, 0.0)	(1.0, 0.0)	(2.0, 0.0)	(3.0, 0.0)	(4.0, 0.0)	(5.0, 0.0)	(6.0, 0.0)	(7.0, 0.0)	(8.0, 0.0)	(9.0, 0.0)	(10.0, 0.0)	(11.0, 0.0)	(12.0, 0.0)	(13.0, 0.0)	(14.0, 0.0)	(15.0, 0.0)	(16.0, 0.0)	(17.0, 0.0)	(18.0, 0.0)	(19.0, 0.0)	(20.0, 0.0)	(21.0, 0.0)	(22.0, 0.0)	(23.0, 0.0)	(24.0, 0.0)	(25.0, 0.0)	(26.0, 0.0)	(27.0, 0.3333333333333333)	(28.0, 0.3333333333333333)	(29.0, 0.0)	(30.0, 0.0)	(31.0, 0.0)	(32.0, 0.0)	(33.0, 0.0)	(34.0, 0.0)	(35.0, 0.0)	(36.0, 0.0)	(37.0, 0.8333333333333333)	(38.0, 2.5)	(39.0, 3.3333333333333335)	(40.0, 7.0)	(41.0, 20.0)	(42.0, 41.58333333333333)	(43.0, 62.750000000000014)	(44.0, 141.91666666666657)	(45.0, 645.0000000000026)	(46.0, 5131.249999999816)	(47.0, 7611.9166666642595)	(48.0, 16836.500000010194)	(49.0, 3141.8333333336336)	(50.0, 1190.1666666666752)	(51.0, 4699.8333333335195)	(52.0, 11590.666666669853)	(53.0, 7301.083333331184)	(54.0, 878.0000000000291)	(55.0, 194.91666666666777)	(56.0, 36.499999999999986)	(57.0, 12.166666666666671)	(58.0, 17.000000000000004)	(59.0, 20.249999999999996)	(60.0, 6.583333333333332)	(61.0, 8.33333333333333)	(62.0, 47.500000000000064)	(63.0, 8.833333333333332)	(64.0, 1.0)	(65.0, 0.8333333333333333)	(66.0, 0.0)	(67.0, 0.0)	(68.0, 0.0)	(69.0, 0.0)	(70.0, 0.0)	(71.0, 0.0)	(72.0, 0.0)	(73.0, 0.0)	(74.0, 0.0)	(75.0, 0.0)	(76.0, 0.0)	(77.0, 0.0)	(78.0, 0.0)	(79.0, 0.0)	(80.0, 0.0)	(81.0, 0.0)	(82.0, 0.0)	(83.0, 0.0)	(84.0, 0.0)	(85.0, 0.0)	(86.0, 0.0)	(87.0, 0.0)	(88.0, 0.0)	(89.0, 0.0)	(90.0, 0.0)	(91.0, 0.0)	(92.0, 0.0)	(93.0, 0.0)	(94.0, 0.0)	(95.0, 0.0)	(96.0, 0.0)	(97.0, 0.0)	(98.0, 0.0)	(99.0, 0.0)	(100.0, 0.0)
016R_0_F_NS6_week9_S79_L001_R2_001	(0.0, 0.0)	(1.0, 0.0)	(2.0, 0.0)	(3.0, 0.0)	(4.0, 0.0)	(5.0, 0.0)	(6.0, 0.0)	(7.0, 0.0)	(8.0, 0.0)	(9.0, 0.0)	(10.0, 0.0)	(11.0, 0.0)	(12.0, 0.0)	(13.0, 0.0)	(14.0, 0.0)	(15.0, 0.0)	(16.0, 0.0)	(17.0, 0.0)	(18.0, 0.0)	(19.0, 0.0)	(20.0, 0.0)	(21.0, 0.0)	(22.0, 0.0)	(23.0, 0.0)	(24.0, 0.0)	(25.0, 0.0)	(26.0, 0.0)	(27.0, 0.0)	(28.0, 0.0)	(29.0, 0.0)	(30.0, 0.0)	(31.0, 0.0)	(32.0, 0.5)	(33.0, 2.833333333333333)	(34.0, 3.833333333333333)	(35.0, 3.0)	(36.0, 6.0)	(37.0, 8.5)	(38.0, 11.5)	(39.0, 17.999999999999996)	(40.0, 23.833333333333336)	(41.0, 24.166666666666664)	(42.0, 30.666666666666664)	(43.0, 61.41666666666671)	(44.0, 127.4999999999997)	(45.0, 1299.1666666666504)	(46.0, 9642.916666666355)	(47.0, 8509.499999997688)	(48.0, 10221.583333334042)	(49.0, 8705.833333331388)	(50.0, 893.0833333333577)	(51.0, 4359.166666667142)	(52.0, 4302.750000000513)	(53.0, 3567.5833333337932)	(54.0, 4892.58333333335)	(55.0, 1013.4166666666964)	(56.0, 4578.666666666933)	(57.0, 4346.166666667134)	(58.0, 339.8333333333326)	(59.0, 120.58333333333319)	(60.0, 82.58333333333333)	(61.0, 65.91666666666669)	(62.0, 43.58333333333334)	(63.0, 27.916666666666664)	(64.0, 25.33333333333332)	(65.0, 15.916666666666671)	(66.0, 10.0)	(67.0, 11.083333333333336)	(68.0, 10.833333333333334)	(69.0, 5.833333333333334)	(70.0, 3.0)	(71.0, 8.33333333333333)	(72.0, 39.16666666666667)	(73.0, 11.833333333333336)	(74.0, 0.5)	(75.0, 1.0)	(76.0, 0.5)	(77.0, 0.0)	(78.0, 0.0)	(79.0, 0.0)	(80.0, 0.0)	(81.0, 0.0)	(82.0, 0.5)	(83.0, 0.5)	(84.0, 0.0)	(85.0, 0.3333333333333333)	(86.0, 0.0)	(87.0, 0.0)	(88.0, 1.0)	(89.0, 1.25)	(90.0, 0.3333333333333333)	(91.0, 0.0)	(92.0, 0.0)	(93.0, 0.0)	(94.0, 0.0)	(95.0, 0.0)	(96.0, 0.0)	(97.0, 0.0)	(98.0, 0.0)	(99.0, 0.0)	(100.0, 0.0)
036R_R_M_NS1_week5_S18_L001_R1_001	(0.0, 0.0)	(1.0, 0.0)	(2.0, 0.0)	(3.0, 0.0)	(4.0, 0.0)	(5.0, 0.0)	(6.0, 0.0)	(7.0, 0.0)	(8.0, 0.0)	(9.0, 0.0)	(10.0, 0.0)	(11.0, 0.0)	(12.0, 0.0)	(13.0, 0.0)	(14.0, 0.0)	(15.0, 0.0)	(16.0, 0.0)	(17.0, 0.0)	(18.0, 0.0)	(19.0, 0.0)	(20.0, 0.0)	(21.0, 0.0)	(22.0, 0.0)	(23.0, 0.0)	(24.0, 0.0)	(25.0, 0.0)	(26.0, 0.0)	(27.0, 0.0)	(28.0, 0.0)	(29.0, 0.0)	(30.0, 0.0)	(31.0, 0.0)	(32.0, 0.0)	(33.0, 0.0)	(34.0, 0.0)	(35.0, 0.0)	(36.0, 0.3333333333333333)	(37.0, 1.0833333333333333)	(38.0, 0.5)	(39.0, 1.0)	(40.0, 2.0)	(41.0, 3.8333333333333335)	(42.0, 10.333333333333332)	(43.0, 25.583333333333336)	(44.0, 75.33333333333334)	(45.0, 139.16666666666652)	(46.0, 360.66666666666407)	(47.0, 6899.416666664873)	(48.0, 15002.000000009373)	(49.0, 2021.2499999998288)	(50.0, 1035.2500000000393)	(51.0, 9127.49999999874)	(52.0, 11688.583333336683)	(53.0, 4466.666666667066)	(54.0, 1987.4999999998333)	(55.0, 616.0000000000002)	(56.0, 74.33333333333337)	(57.0, 20.33333333333333)	(58.0, 15.833333333333343)	(59.0, 30.499999999999964)	(60.0, 7.916666666666664)	(61.0, 14.416666666666675)	(62.0, 113.66666666666613)	(63.0, 21.66666666666666)	(64.0, 3.6666666666666665)	(65.0, 0.75)	(66.0, 0.25)	(67.0, 0.0)	(68.0, 0.25)	(69.0, 0.0)	(70.0, 0.0)	(71.0, 0.0)	(72.0, 0.0)	(73.0, 0.0)	(74.0, 0.0)	(75.0, 0.0)	(76.0, 0.0)	(77.0, 0.0)	(78.0, 0.0)	(79.0, 0.0)	(80.0, 0.0)	(81.0, 0.0)	(82.0, 0.0)	(83.0, 0.0)	(84.0, 0.0)	(85.0, 0.0)	(86.0, 0.0)	(87.0, 0.0)	(88.0, 0.0)	(89.0, 0.0)	(90.0, 0.0)	(91.0, 0.0)	(92.0, 0.0)	(93.0, 0.0)	(94.0, 0.0)	(95.0, 0.0)	(96.0, 0.0)	(97.0, 0.0)	(98.0, 0.0)	(99.0, 0.0)	(100.0, 0.0)
036R_R_M_NS1_week5_S18_L001_R2_001	(0.0, 0.0)	(1.0, 0.0)	(2.0, 0.0)	(3.0, 0.0)	(4.0, 0.0)	(5.0, 0.0)	(6.0, 0.0)	(7.0, 0.0)	(8.0, 0.0)	(9.0, 0.0)	(10.0, 0.0)	(11.0, 0.0)	(12.0, 0.0)	(13.0, 0.0)	(14.0, 0.0)	(15.0, 0.0)	(16.0, 0.0)	(17.0, 0.0)	(18.0, 0.0)	(19.0, 0.0)	(20.0, 0.0)	(21.0, 0.0)	(22.0, 0.0)	(23.0, 0.0)	(24.0, 0.0)	(25.0, 0.0)	(26.0, 0.0)	(27.0, 0.0)	(28.0, 0.5)	(29.0, 1.0)	(30.0, 0.5)	(31.0, 0.0)	(32.0, 1.5)	(33.0, 2.0)	(34.0, 1.5)	(35.0, 1.5)	(36.0, 2.5)	(37.0, 4.5)	(38.0, 6.5)	(39.0, 6.833333333333333)	(40.0, 10.833333333333334)	(41.0, 17.833333333333336)	(42.0, 24.666666666666664)	(43.0, 26.999999999999993)	(44.0, 42.333333333333336)	(45.0, 334.6666666666654)	(46.0, 4378.000000000479)	(47.0, 3228.41666666701)	(48.0, 4880.1666666667015)	(49.0, 9492.499999999389)	(50.0, 997.166666666703)	(51.0, 1984.1666666665092)	(52.0, 2187.333333333216)	(53.0, 2737.666666666787)	(54.0, 3080.0833333335922)	(55.0, 842.3333333333514)	(56.0, 9594.249999999602)	(57.0, 9018.999999998632)	(58.0, 568.83333333333)	(59.0, 176.50000000000014)	(60.0, 192.1666666666671)	(61.0, 193.6666666666672)	(62.0, 70.83333333333337)	(63.0, 33.33333333333333)	(64.0, 33.16666666666665)	(65.0, 15.166666666666668)	(66.0, 9.166666666666668)	(67.0, 25.25)	(68.0, 24.416666666666664)	(69.0, 8.416666666666664)	(70.0, 9.500000000000002)	(71.0, 23.16666666666665)	(72.0, 83.99999999999989)	(73.0, 23.499999999999982)	(74.0, 0.3333333333333333)	(75.0, 0.3333333333333333)	(76.0, 0.3333333333333333)	(77.0, 0.0)	(78.0, 0.0)	(79.0, 0.0)	(80.0, 0.0)	(81.0, 0.0)	(82.0, 0.0)	(83.0, 0.0)	(84.0, 0.0)	(85.0, 0.0)	(86.0, 0.5)	(87.0, 1.0)	(88.0, 0.5)	(89.0, 0.0)	(90.0, 0.0)	(91.0, 0.0)	(92.0, 0.0)	(93.0, 0.0)	(94.0, 0.0)	(95.0, 0.0)	(96.0, 0.0)	(97.0, 0.0)	(98.0, 0.0)	(99.0, 0.0)	(100.0, 0.0)
036R_R_M_NS1_week6_S19_L001_R1_001	(0.0, 0.0)	(1.0, 0.0)	(2.0, 0.0)	(3.0, 0.0)	(4.0, 0.0)	(5.0, 0.0)	(6.0, 0.0)	(7.0, 0.0)	(8.0, 0.0)	(9.0, 0.0)	(10.0, 0.0)	(11.0, 0.0)	(12.0, 0.0)	(13.0, 0.0)	(14.0, 0.0)	(15.0, 0.0)	(16.0, 0.0)	(17.0, 0.0)	(18.0, 0.0)	(19.0, 0.0)	(20.0, 0.0)	(21.0, 0.0)	(22.0, 0.0)	(23.0, 0.0)	(24.0, 0.0)	(25.0, 0.0)	(26.0, 0.0)	(27.0, 0.0)	(28.0, 0.0)	(29.0, 0.0)	(30.0, 0.0)	(31.0, 0.0)	(32.0, 0.5)	(33.0, 0.5)	(34.0, 0.0)	(35.0, 0.25)	(36.0, 0.0)	(37.0, 0.0)	(38.0, 0.5)	(39.0, 0.5)	(40.0, 0.0)	(41.0, 3.5)	(42.0, 9.833333333333332)	(43.0, 22.333333333333332)	(44.0, 70.58333333333334)	(45.0, 228.08333333333474)	(46.0, 711.3333333333428)	(47.0, 10083.666666667128)	(48.0, 17902.083333339713)	(49.0, 2882.583333333522)	(50.0, 1157.500000000015)	(51.0, 5922.166666665763)	(52.0, 9473.08333333269)	(53.0, 4854.000000000059)	(54.0, 1397.833333333296)	(55.0, 603.4999999999987)	(56.0, 70.8333333333334)	(57.0, 16.83333333333334)	(58.0, 19.66666666666666)	(59.0, 35.49999999999998)	(60.0, 8.33333333333333)	(61.0, 9.333333333333332)	(62.0, 98.66666666666634)	(63.0, 23.666666666666647)	(64.0, 5.833333333333332)	(65.0, 2.6666666666666665)	(66.0, 0.8333333333333333)	(67.0, 0.0)	(68.0, 0.0)	(69.0, 0.0)	(70.0, 0.0)	(71.0, 0.0)	(72.0, 0.0)	(73.0, 0.0)	(74.0, 0.0)	(75.0, 0.0)	(76.0, 0.0)	(77.0, 0.0)	(78.0, 0.0)	(79.0, 0.0)	(80.0, 0.0)	(81.0, 0.0)	(82.0, 0.0)	(83.0, 0.0)	(84.0, 0.0)	(85.0, 0.0)	(86.0, 0.0)	(87.0, 0.0)	(88.0, 0.0)	(89.0, 0.0)	(90.0, 0.0)	(91.0, 0.0)	(92.0, 0.0)	(93.0, 0.0)	(94.0, 0.0)	(95.0, 0.0)	(96.0, 0.0)	(97.0, 0.0)	(98.0, 0.0)	(99.0, 0.0)	(100.0, 0.0)
036R_R_M_NS1_week6_S19_L001_R2_001	(0.0, 0.0)	(1.0, 0.0)	(2.0, 0.0)	(3.0, 0.0)	(4.0, 0.0)	(5.0, 0.0)	(6.0, 0.0)	(7.0, 0.0)	(8.0, 0.0)	(9.0, 0.0)	(10.0, 0.0)	(11.0, 0.0)	(12.0, 0.0)	(13.0, 0.0)	(14.0, 0.0)	(15.0, 0.0)	(16.0, 0.0)	(17.0, 0.0)	(18.0, 0.0)	(19.0, 0.0)	(20.0, 0.0)	(21.0, 0.0)	(22.0, 0.0)	(23.0, 0.0)	(24.0, 0.0)	(25.0, 0.0)	(26.0, 0.0)	(27.0, 0.5)	(28.0, 1.0)	(29.0, 0.5)	(30.0, 1.0)	(31.0, 1.0)	(32.0, 0.5)	(33.0, 1.5)	(34.0, 2.5)	(35.0, 2.5)	(36.0, 4.5)	(37.0, 7.0)	(38.0, 9.5)	(39.0, 12.333333333333334)	(40.0, 15.333333333333334)	(41.0, 13.5)	(42.0, 20.333333333333332)	(43.0, 34.50000000000001)	(44.0, 55.66666666666673)	(45.0, 404.4999999999953)	(46.0, 6286.999999998773)	(47.0, 5965.999999999059)	(48.0, 6910.49999999823)	(49.0, 9909.666666666815)	(50.0, 1008.3333333333711)	(51.0, 2506.583333333355)	(52.0, 2831.416666666829)	(53.0, 3959.7500000006494)	(54.0, 4069.916666667358)	(55.0, 592.5833333333316)	(56.0, 5966.416666665775)	(57.0, 5778.083333332592)	(58.0, 346.0833333333319)	(59.0, 103.08333333333326)	(60.0, 106.6666666666665)	(61.0, 100.1666666666665)	(62.0, 40.66666666666667)	(63.0, 26.83333333333333)	(64.0, 33.33333333333331)	(65.0, 19.25)	(66.0, 10.583333333333332)	(67.0, 20.916666666666664)	(68.0, 18.166666666666664)	(69.0, 6.75)	(70.0, 9.5)	(71.0, 22.999999999999986)	(72.0, 86.33333333333319)	(73.0, 15.833333333333343)	(74.0, 1.6666666666666665)	(75.0, 1.1666666666666665)	(76.0, 0.3333333333333333)	(77.0, 0.0)	(78.0, 0.0)	(79.0, 0.0)	(80.0, 0.0)	(81.0, 0.0)	(82.0, 0.3333333333333333)	(83.0, 0.3333333333333333)	(84.0, 0.0)	(85.0, 0.0)	(86.0, 0.0)	(87.0, 0.3333333333333333)	(88.0, 0.0)	(89.0, 0.0)	(90.0, 0.0)	(91.0, 0.3333333333333333)	(92.0, 0.3333333333333333)	(93.0, 0.0)	(94.0, 0.0)	(95.0, 0.0)	(96.0, 0.0)	(97.0, 0.0)	(98.0, 0.0)	(99.0, 0.0)	(100.0, 0.0)
036R_R_M_NS1_week7_S20_L001_R1_001	(0.0, 0.0)	(1.0, 0.0)	(2.0, 0.0)	(3.0, 0.0)	(4.0, 0.0)	(5.0, 0.0)	(6.0, 0.0)	(7.0, 0.0)	(8.0, 0.0)	(9.0, 0.0)	(10.0, 0.0)	(11.0, 0.0)	(12.0, 0.0)	(13.0, 0.0)	(14.0, 0.0)	(15.0, 0.0)	(16.0, 0.0)	(17.0, 0.0)	(18.0, 0.0)	(19.0, 0.0)	(20.0, 0.0)	(21.0, 0.0)	(22.0, 0.0)	(23.0, 0.0)	(24.0, 0.0)	(25.0, 0.0)	(26.0, 0.0)	(27.0, 0.0)	(28.0, 0.0)	(29.0, 0.0)	(30.0, 0.0)	(31.0, 0.0)	(32.0, 0.0)	(33.0, 0.0)	(34.0, 0.0)	(35.0, 0.0)	(36.0, 0.0)	(37.0, 0.0)	(38.0, 0.0)	(39.0, 0.0)	(40.0, 2.833333333333333)	(41.0, 5.333333333333333)	(42.0, 9.0)	(43.0, 25.25)	(44.0, 58.083333333333336)	(45.0, 95.66666666666654)	(46.0, 375.74999999999676)	(47.0, 7986.9999999972215)	(48.0, 12026.250000003976)	(49.0, 1804.9999999998731)	(50.0, 799.5833333333528)	(51.0, 9946.333333333536)	(52.0, 12093.083333337418)	(53.0, 3462.0000000004443)	(54.0, 1233.7499999999982)	(55.0, 433.4166666666598)	(56.0, 48.66666666666673)	(57.0, 13.083333333333336)	(58.0, 15.083333333333337)	(59.0, 29.499999999999968)	(60.0, 6.999999999999998)	(61.0, 11.166666666666668)	(62.0, 107.83333333333289)	(63.0, 16.66666666666667)	(64.0, 4.333333333333333)	(65.0, 2.5)	(66.0, 0.8333333333333333)	(67.0, 0.0)	(68.0, 0.0)	(69.0, 0.0)	(70.0, 0.0)	(71.0, 0.0)	(72.0, 0.0)	(73.0, 0.0)	(74.0, 0.5)	(75.0, 0.5)	(76.0, 0.0)	(77.0, 0.0)	(78.0, 0.0)	(79.0, 0.0)	(80.0, 0.0)	(81.0, 0.0)	(82.0, 0.0)	(83.0, 0.0)	(84.0, 0.0)	(85.0, 0.0)	(86.0, 0.0)	(87.0, 0.0)	(88.0, 0.0)	(89.0, 0.0)	(90.0, 0.0)	(91.0, 0.0)	(92.0, 0.0)	(93.0, 0.0)	(94.0, 0.0)	(95.0, 0.0)	(96.0, 0.0)	(97.0, 0.0)	(98.0, 0.0)	(99.0, 0.0)	(100.0, 0.0)
036R_R_M_NS1_week7_S20_L001_R2_001	(0.0, 0.0)	(1.0, 0.0)	(2.0, 0.0)	(3.0, 0.0)	(4.0, 0.0)	(5.0, 0.0)	(6.0, 0.0)	(7.0, 0.0)	(8.0, 0.0)	(9.0, 0.0)	(10.0, 0.0)	(11.0, 0.0)	(12.0, 0.0)	(13.0, 0.0)	(14.0, 0.0)	(15.0, 0.0)	(16.0, 0.0)	(17.0, 0.0)	(18.0, 0.0)	(19.0, 0.0)	(20.0, 0.0)	(21.0, 0.0)	(22.0, 0.0)	(23.0, 0.0)	(24.0, 0.0)	(25.0, 0.0)	(26.0, 0.0)	(27.0, 0.0)	(28.0, 0.0)	(29.0, 0.0)	(30.0, 0.0)	(31.0, 0.0)	(32.0, 0.3333333333333333)	(33.0, 0.0)	(34.0, 0.5)	(35.0, 1.5)	(36.0, 2.8333333333333335)	(37.0, 3.5)	(38.0, 3.0)	(39.0, 2.0)	(40.0, 5.666666666666666)	(41.0, 10.333333333333332)	(42.0, 17.5)	(43.0, 33.16666666666665)	(44.0, 53.500000000000064)	(45.0, 390.91666666666214)	(46.0, 5219.333333333056)	(47.0, 4475.416666667055)	(48.0, 4825.500000000071)	(49.0, 5480.416666666154)	(50.0, 669.4166666666728)	(51.0, 2061.0833333331675)	(52.0, 2449.666666666667)	(53.0, 1853.9166666665344)	(54.0, 1882.0833333332012)	(55.0, 609.8333333333328)	(56.0, 9631.333333333005)	(57.0, 9752.416666666535)	(58.0, 676.4166666666714)	(59.0, 202.16666666666717)	(60.0, 195.4166666666673)	(61.0, 178.00000000000045)	(62.0, 71.16666666666667)	(63.0, 45.166666666666664)	(64.0, 43.58333333333334)	(65.0, 25.916666666666664)	(66.0, 16.500000000000004)	(67.0, 21.66666666666666)	(68.0, 20.25)	(69.0, 14.66666666666667)	(70.0, 14.500000000000005)	(71.0, 19.66666666666666)	(72.0, 86.33333333333319)	(73.0, 19.83333333333333)	(74.0, 3.0)	(75.0, 0.5)	(76.0, 0.3333333333333333)	(77.0, 0.0)	(78.0, 0.0)	(79.0, 0.0)	(80.0, 0.0)	(81.0, 0.0)	(82.0, 0.0)	(83.0, 0.0)	(84.0, 0.0)	(85.0, 0.0)	(86.0, 0.0)	(87.0, 0.0)	(88.0, 0.0)	(89.0, 0.0)	(90.0, 0.0)	(91.0, 0.0)	(92.0, 0.0)	(93.0, 0.0)	(94.0, 0.0)	(95.0, 0.3333333333333333)	(96.0, 0.3333333333333333)	(97.0, 0.0)	(98.0, 0.3333333333333333)	(99.0, 0.3333333333333333)	(100.0, 0.0)
036R_R_M_NS1_week9_S21_L001_R1_001	(0.0, 0.0)	(1.0, 0.0)	(2.0, 0.0)	(3.0, 0.0)	(4.0, 0.0)	(5.0, 0.0)	(6.0, 0.0)	(7.0, 0.0)	(8.0, 0.0)	(9.0, 0.0)	(10.0, 0.0)	(11.0, 0.0)	(12.0, 0.0)	(13.0, 0.0)	(14.0, 0.0)	(15.0, 0.0)	(16.0, 0.0)	(17.0, 0.0)	(18.0, 0.0)	(19.0, 0.0)	(20.0, 0.0)	(21.0, 0.0)	(22.0, 0.0)	(23.0, 0.0)	(24.0, 0.0)	(25.0, 0.0)	(26.0, 0.3333333333333333)	(27.0, 0.0)	(28.0, 0.0)	(29.0, 0.0)	(30.0, 0.0)	(31.0, 0.0)	(32.0, 0.0)	(33.0, 0.0)	(34.0, 0.0)	(35.0, 0.0)	(36.0, 0.0)	(37.0, 0.0)	(38.0, 0.5)	(39.0, 1.6666666666666665)	(40.0, 1.6666666666666665)	(41.0, 3.0)	(42.0, 12.166666666666668)	(43.0, 37.91666666666666)	(44.0, 97.24999999999997)	(45.0, 183.08333333333368)	(46.0, 659.3333333333376)	(47.0, 8987.749999998472)	(48.0, 13639.833333340222)	(49.0, 2324.166666666605)	(50.0, 1220.8333333333358)	(51.0, 7521.166666664323)	(52.0, 9778.749999999885)	(53.0, 3798.833333333921)	(54.0, 1532.249999999935)	(55.0, 512.4999999999893)	(56.0, 65.00000000000011)	(57.0, 18.333333333333332)	(58.0, 18.75)	(59.0, 26.666666666666643)	(60.0, 7.666666666666664)	(61.0, 16.166666666666675)	(62.0, 113.66666666666615)	(63.0, 22.416666666666654)	(64.0, 5.416666666666666)	(65.0, 3.4166666666666665)	(66.0, 0.6666666666666666)	(67.0, 0.0)	(68.0, 0.0)	(69.0, 0.5)	(70.0, 0.5)	(71.0, 0.0)	(72.0, 0.0)	(73.0, 0.0)	(74.0, 0.0)	(75.0, 0.0)	(76.0, 0.0)	(77.0, 0.0)	(78.0, 0.0)	(79.0, 0.0)	(80.0, 0.0)	(81.0, 0.0)	(82.0, 0.0)	(83.0, 0.0)	(84.0, 0.0)	(85.0, 0.0)	(86.0, 0.0)	(87.0, 0.0)	(88.0, 0.0)	(89.0, 0.0)	(90.0, 0.0)	(91.0, 0.0)	(92.0, 0.0)	(93.0, 0.0)	(94.0, 0.0)	(95.0, 0.0)	(96.0, 0.0)	(97.0, 0.0)	(98.0, 0.0)	(99.0, 0.0)	(100.0, 0.0)
036R_R_M_NS1_week9_S21_L001_R2_001	(0.0, 0.0)	(1.0, 0.0)	(2.0, 0.0)	(3.0, 0.0)	(4.0, 0.0)	(5.0, 0.0)	(6.0, 0.0)	(7.0, 0.0)	(8.0, 0.0)	(9.0, 0.0)	(10.0, 0.0)	(11.0, 0.0)	(12.0, 0.0)	(13.0, 0.0)	(14.0, 0.0)	(15.0, 0.0)	(16.0, 0.0)	(17.0, 0.0)	(18.0, 0.0)	(19.0, 0.0)	(20.0, 0.0)	(21.0, 0.0)	(22.0, 0.0)	(23.0, 0.0)	(24.0, 0.0)	(25.0, 0.0)	(26.0, 0.0)	(27.0, 0.5)	(28.0, 0.5)	(29.0, 0.0)	(30.0, 0.5)	(31.0, 0.5)	(32.0, 0.5)	(33.0, 2.0)	(34.0, 3.0)	(35.0, 4.333333333333333)	(36.0, 6.666666666666666)	(37.0, 7.0)	(38.0, 10.833333333333334)	(39.0, 14.5)	(40.0, 13.333333333333334)	(41.0, 16.166666666666664)	(42.0, 27.166666666666664)	(43.0, 32.33333333333332)	(44.0, 68.00000000000006)	(45.0, 536.0833333333253)	(46.0, 5644.083333332678)	(47.0, 4898.833333333347)	(48.0, 5430.1666666662195)	(49.0, 6709.99999999842)	(50.0, 857.7500000000229)	(51.0, 1973.666666666512)	(52.0, 2215.3333333332316)	(53.0, 2969.8333333335504)	(54.0, 3179.6666666669666)	(55.0, 785.6666666666805)	(56.0, 7588.999999997755)	(57.0, 7213.333333331399)	(58.0, 494.499999999993)	(59.0, 156.99999999999997)	(60.0, 131.16666666666652)	(61.0, 129.16666666666637)	(62.0, 55.666666666666686)	(63.0, 35.66666666666667)	(64.0, 29.833333333333314)	(65.0, 14.083333333333334)	(66.0, 12.333333333333332)	(67.0, 20.333333333333332)	(68.0, 19.333333333333332)	(69.0, 8.166666666666666)	(70.0, 9.666666666666666)	(71.0, 22.499999999999986)	(72.0, 92.33333333333312)	(73.0, 21.499999999999993)	(74.0, 0.3333333333333333)	(75.0, 0.0)	(76.0, 0.3333333333333333)	(77.0, 0.3333333333333333)	(78.0, 0.0)	(79.0, 0.0)	(80.0, 0.5)	(81.0, 0.5)	(82.0, 0.0)	(83.0, 0.0)	(84.0, 0.0)	(85.0, 0.0)	(86.0, 0.3333333333333333)	(87.0, 0.0)	(88.0, 0.0)	(89.0, 0.0)	(90.0, 0.0)	(91.0, 0.3333333333333333)	(92.0, 0.3333333333333333)	(93.0, 0.0)	(94.0, 0.0)	(95.0, 0.0)	(96.0, 0.0)	(97.0, 0.0)	(98.0, 0.3333333333333333)	(99.0, 0.3333333333333333)	(100.0, 0.0)
073R_0_M_S2_week5_S52_L001_R1_001	(0.0, 0.0)	(1.0, 0.0)	(2.0, 0.0)	(3.0, 0.0)	(4.0, 0.0)	(5.0, 0.0)	(6.0, 0.0)	(7.0, 0.0)	(8.0, 0.0)	(9.0, 0.0)	(10.0, 0.0)	(11.0, 0.0)	(12.0, 0.0)	(13.0, 0.0)	(14.0, 0.0)	(15.0, 0.0)	(16.0, 0.0)	(17.0, 0.0)	(18.0, 0.0)	(19.0, 0.0)	(20.0, 0.0)	(21.0, 0.0)	(22.0, 0.0)	(23.0, 0.0)	(24.0, 0.0)	(25.0, 0.0)	(26.0, 0.0)	(27.0, 0.0)	(28.0, 0.0)	(29.0, 0.0)	(30.0, 0.0)	(31.0, 0.0)	(32.0, 0.0)	(33.0, 0.0)	(34.0, 0.0)	(35.0, 0.3333333333333333)	(36.0, 0.0)	(37.0, 0.0)	(38.0, 0.0)	(39.0, 0.3333333333333333)	(40.0, 0.6666666666666666)	(41.0, 4.0)	(42.0, 12.0)	(43.0, 27.833333333333332)	(44.0, 60.00000000000002)	(45.0, 89.33333333333326)	(46.0, 261.4166666666688)	(47.0, 11857.583333337008)	(48.0, 12694.083333338516)	(49.0, 2465.2500000000045)	(50.0, 2849.750000000175)	(51.0, 15195.000000009679)	(52.0, 18193.250000005286)	(53.0, 4988.5833333332685)	(54.0, 1159.333333333349)	(55.0, 440.49999999999324)	(56.0, 83.99999999999996)	(57.0, 33.49999999999998)	(58.0, 72.50000000000001)	(59.0, 71.25000000000006)	(60.0, 9.5)	(61.0, 4.166666666666667)	(62.0, 25.49999999999998)	(63.0, 4.666666666666666)	(64.0, 0.9166666666666665)	(65.0, 0.3333333333333333)	(66.0, 0.0)	(67.0, 0.25)	(68.0, 0.25)	(69.0, 0.0)	(70.0, 0.0)	(71.0, 0.0)	(72.0, 0.0)	(73.0, 0.0)	(74.0, 0.0)	(75.0, 0.0)	(76.0, 0.0)	(77.0, 0.0)	(78.0, 0.0)	(79.0, 0.0)	(80.0, 0.0)	(81.0, 0.0)	(82.0, 0.0)	(83.0, 0.0)	(84.0, 0.0)	(85.0, 0.0)	(86.0, 0.0)	(87.0, 0.0)	(88.0, 0.0)	(89.0, 0.0)	(90.0, 0.0)	(91.0, 0.0)	(92.0, 0.0)	(93.0, 0.0)	(94.0, 0.0)	(95.0, 0.0)	(96.0, 0.0)	(97.0, 0.0)	(98.0, 0.0)	(99.0, 0.0)	(100.0, 0.0)
073R_0_M_S2_week5_S52_L001_R2_001	(0.0, 0.0)	(1.0, 0.0)	(2.0, 0.0)	(3.0, 0.0)	(4.0, 0.0)	(5.0, 0.0)	(6.0, 0.0)	(7.0, 0.0)	(8.0, 0.0)	(9.0, 0.0)	(10.0, 0.0)	(11.0, 0.0)	(12.0, 0.0)	(13.0, 0.0)	(14.0, 0.0)	(15.0, 0.0)	(16.0, 0.0)	(17.0, 0.0)	(18.0, 0.0)	(19.0, 0.0)	(20.0, 0.0)	(21.0, 0.0)	(22.0, 0.0)	(23.0, 0.0)	(24.0, 0.0)	(25.0, 0.0)	(26.0, 0.0)	(27.0, 0.0)	(28.0, 0.0)	(29.0, 0.0)	(30.0, 0.0)	(31.0, 0.5)	(32.0, 0.5)	(33.0, 0.0)	(34.0, 1.0)	(35.0, 3.5)	(36.0, 4.833333333333334)	(37.0, 4.0)	(38.0, 3.5)	(39.0, 7.5)	(40.0, 12.833333333333334)	(41.0, 15.833333333333334)	(42.0, 22.166666666666668)	(43.0, 32.16666666666666)	(44.0, 67.83333333333339)	(45.0, 668.3333333333395)	(46.0, 11382.33333333615)	(47.0, 9329.666666665771)	(48.0, 899.3333333333605)	(49.0, 441.08333333332877)	(50.0, 330.8333333333326)	(51.0, 2187.666666666549)	(52.0, 2671.333333333425)	(53.0, 5259.749999999699)	(54.0, 4631.166666666902)	(55.0, 1201.2500000000027)	(56.0, 14487.833333341225)	(57.0, 14444.583333341194)	(58.0, 870.0833333333524)	(59.0, 247.5000000000008)	(60.0, 294.666666666667)	(61.0, 313.1666666666666)	(62.0, 102.16666666666659)	(63.0, 65.91666666666669)	(64.0, 77.66666666666663)	(65.0, 29.41666666666665)	(66.0, 9.749999999999998)	(67.0, 7.0)	(68.0, 5.0)	(69.0, 4.0)	(70.0, 3.333333333333333)	(71.0, 7.999999999999997)	(72.0, 22.666666666666654)	(73.0, 6.249999999999998)	(74.0, 0.8333333333333333)	(75.0, 0.0)	(76.0, 0.5833333333333333)	(77.0, 0.3333333333333333)	(78.0, 0.0)	(79.0, 0.0)	(80.0, 0.0)	(81.0, 0.0)	(82.0, 0.0)	(83.0, 0.0)	(84.0, 0.0)	(85.0, 0.0)	(86.0, 0.25)	(87.0, 0.0)	(88.0, 0.0)	(89.0, 0.0)	(90.0, 0.0)	(91.0, 0.0)	(92.0, 0.3333333333333333)	(93.0, 0.3333333333333333)	(94.0, 0.0)	(95.0, 0.0)	(96.0, 0.0)	(97.0, 0.0)	(98.0, 0.3333333333333333)	(99.0, 0.0)	(100.0, 0.5)
073R_0_M_S2_week6_S53_L001_R1_001	(0.0, 0.0)	(1.0, 0.0)	(2.0, 0.0)	(3.0, 0.0)	(4.0, 0.0)	(5.0, 0.0)	(6.0, 0.0)	(7.0, 0.0)	(8.0, 0.0)	(9.0, 0.0)	(10.0, 0.0)	(11.0, 0.0)	(12.0, 0.0)	(13.0, 0.0)	(14.0, 0.0)	(15.0, 0.0)	(16.0, 0.0)	(17.0, 0.0)	(18.0, 0.0)	(19.0, 0.0)	(20.0, 0.0)	(21.0, 0.0)	(22.0, 0.0)	(23.0, 0.0)	(24.0, 0.0)	(25.0, 0.0)	(26.0, 0.0)	(27.0, 0.0)	(28.0, 0.0)	(29.0, 0.0)	(30.0, 0.0)	(31.0, 0.0)	(32.0, 0.0)	(33.0, 0.3333333333333333)	(34.0, 0.3333333333333333)	(35.0, 0.0)	(36.0, 0.0)	(37.0, 0.0)	(38.0, 1.0)	(39.0, 2.333333333333333)	(40.0, 1.9999999999999998)	(41.0, 7.666666666666667)	(42.0, 17.166666666666668)	(43.0, 45.66666666666668)	(44.0, 94.8333333333333)	(45.0, 146.0833333333333)	(46.0, 410.74999999999557)	(47.0, 15743.583333344002)	(48.0, 16919.7500000099)	(49.0, 3935.25000000065)	(50.0, 4238.333333333924)	(51.0, 15781.75000001069)	(52.0, 19431.166666667476)	(53.0, 5719.916666665965)	(54.0, 1487.7499999999445)	(55.0, 474.99999999999125)	(56.0, 110.08333333333299)	(57.0, 32.99999999999998)	(58.0, 80.24999999999996)	(59.0, 88.99999999999987)	(60.0, 17.166666666666668)	(61.0, 14.916666666666675)	(62.0, 55.916666666666785)	(63.0, 8.33333333333333)	(64.0, 1.6666666666666665)	(65.0, 2.6666666666666665)	(66.0, 0.5)	(67.0, 0.0)	(68.0, 0.0)	(69.0, 0.0)	(70.0, 0.0)	(71.0, 0.0)	(72.0, 0.0)	(73.0, 0.0)	(74.0, 0.0)	(75.0, 0.0)	(76.0, 0.0)	(77.0, 0.0)	(78.0, 0.0)	(79.0, 0.0)	(80.0, 0.0)	(81.0, 0.0)	(82.0, 0.0)	(83.0, 0.0)	(84.0, 0.0)	(85.0, 0.0)	(86.0, 0.0)	(87.0, 0.0)	(88.0, 0.0)	(89.0, 0.0)	(90.0, 0.0)	(91.0, 0.0)	(92.0, 0.0)	(93.0, 0.0)	(94.0, 0.0)	(95.0, 0.0)	(96.0, 0.0)	(97.0, 0.0)	(98.0, 0.0)	(99.0, 0.0)	(100.0, 0.0)
073R_0_M_S2_week6_S53_L001_R2_001	(0.0, 0.0)	(1.0, 0.0)	(2.0, 0.0)	(3.0, 0.0)	(4.0, 0.0)	(5.0, 0.0)	(6.0, 0.0)	(7.0, 0.0)	(8.0, 0.0)	(9.0, 0.0)	(10.0, 0.0)	(11.0, 0.0)	(12.0, 0.0)	(13.0, 0.0)	(14.0, 0.0)	(15.0, 0.0)	(16.0, 0.0)	(17.0, 0.0)	(18.0, 0.0)	(19.0, 0.0)	(20.0, 0.0)	(21.0, 0.0)	(22.0, 0.0)	(23.0, 0.0)	(24.0, 0.5)	(25.0, 0.5)	(26.0, 0.0)	(27.0, 0.5)	(28.0, 0.5)	(29.0, 0.5)	(30.0, 0.5)	(31.0, 0.0)	(32.0, 0.5)	(33.0, 1.5)	(34.0, 2.5)	(35.0, 6.0)	(36.0, 8.833333333333334)	(37.0, 7.583333333333334)	(38.0, 8.166666666666668)	(39.0, 12.333333333333336)	(40.0, 17.833333333333336)	(41.0, 23.666666666666668)	(42.0, 35.0)	(43.0, 62.83333333333339)	(44.0, 117.4999999999997)	(45.0, 1298.4999999999839)	(46.0, 15079.166666676138)	(47.0, 10798.250000001733)	(48.0, 1543.8333333332737)	(49.0, 717.2500000000081)	(50.0, 511.9166666666598)	(51.0, 3526.9166666671226)	(52.0, 3928.6666666672913)	(53.0, 6262.083333332186)	(54.0, 5138.249999999805)	(55.0, 1446.9999999999695)	(56.0, 15116.000000008895)	(57.0, 14989.916666675357)	(58.0, 1010.5833333333628)	(59.0, 289.4166666666671)	(60.0, 298.49999999999994)	(61.0, 286.00000000000034)	(62.0, 114.91666666666661)	(63.0, 88.0)	(64.0, 73.66666666666669)	(65.0, 31.16666666666665)	(66.0, 16.166666666666668)	(67.0, 15.5)	(68.0, 11.416666666666668)	(69.0, 5.333333333333333)	(70.0, 6.166666666666666)	(71.0, 12.83333333333334)	(72.0, 43.333333333333364)	(73.0, 10.333333333333334)	(74.0, 1.1666666666666665)	(75.0, 0.3333333333333333)	(76.0, 0.3333333333333333)	(77.0, 0.0)	(78.0, 0.0)	(79.0, 0.0)	(80.0, 0.0)	(81.0, 0.3333333333333333)	(82.0, 0.3333333333333333)	(83.0, 0.3333333333333333)	(84.0, 0.0)	(85.0, 0.0)	(86.0, 0.0)	(87.0, 0.0)	(88.0, 0.0)	(89.0, 0.3333333333333333)	(90.0, 0.0)	(91.0, 0.0)	(92.0, 0.5)	(93.0, 1.0)	(94.0, 0.5)	(95.0, 0.0)	(96.0, 0.0)	(97.0, 0.0)	(98.0, 0.0)	(99.0, 0.0)	(100.0, 0.0)
073R_0_M_S2_week7_S54_L001_R1_001	(0.0, 0.0)	(1.0, 0.0)	(2.0, 0.0)	(3.0, 0.0)	(4.0, 0.0)	(5.0, 0.0)	(6.0, 0.0)	(7.0, 0.0)	(8.0, 0.0)	(9.0, 0.0)	(10.0, 0.0)	(11.0, 0.0)	(12.0, 0.0)	(13.0, 0.0)	(14.0, 0.0)	(15.0, 0.0)	(16.0, 0.0)	(17.0, 0.0)	(18.0, 0.0)	(19.0, 0.0)	(20.0, 0.0)	(21.0, 0.0)	(22.0, 0.0)	(23.0, 0.0)	(24.0, 0.0)	(25.0, 0.0)	(26.0, 0.0)	(27.0, 0.6666666666666666)	(28.0, 0.3333333333333333)	(29.0, 0.0)	(30.0, 0.0)	(31.0, 0.0)	(32.0, 0.0)	(33.0, 0.0)	(34.0, 0.0)	(35.0, 0.8333333333333333)	(36.0, 1.3333333333333333)	(37.0, 1.1666666666666665)	(38.0, 0.3333333333333333)	(39.0, 1.6666666666666665)	(40.0, 4.833333333333334)	(41.0, 6.666666666666666)	(42.0, 17.166666666666668)	(43.0, 53.750000000000014)	(44.0, 117.74999999999991)	(45.0, 170.5833333333334)	(46.0, 497.33333333332496)	(47.0, 17892.500000006392)	(48.0, 18612.333333337134)	(49.0, 4069.0833333340415)	(50.0, 4297.250000000542)	(51.0, 16922.33333334318)	(52.0, 21783.249999992357)	(53.0, 6988.4999999981765)	(54.0, 1340.5833333333087)	(55.0, 404.8333333333282)	(56.0, 102.08333333333302)	(57.0, 27.999999999999986)	(58.0, 99.7499999999997)	(59.0, 98.66666666666634)	(60.0, 9.333333333333332)	(61.0, 11.250000000000002)	(62.0, 51.7500000000001)	(63.0, 9.833333333333334)	(64.0, 1.3333333333333333)	(65.0, 0.0)	(66.0, 0.0)	(67.0, 0.0)	(68.0, 0.0)	(69.0, 0.0)	(70.0, 0.0)	(71.0, 0.0)	(72.0, 0.0)	(73.0, 0.0)	(74.0, 0.0)	(75.0, 0.0)	(76.0, 0.0)	(77.0, 0.0)	(78.0, 0.0)	(79.0, 0.0)	(80.0, 0.0)	(81.0, 0.0)	(82.0, 0.0)	(83.0, 0.0)	(84.0, 0.0)	(85.0, 0.0)	(86.0, 0.0)	(87.0, 0.0)	(88.0, 0.0)	(89.0, 0.0)	(90.0, 0.0)	(91.0, 0.0)	(92.0, 0.0)	(93.0, 0.0)	(94.0, 0.0)	(95.0, 0.0)	(96.0, 0.0)	(97.0, 0.0)	(98.0, 0.0)	(99.0, 0.25)	(100.0, 0.3333333333333333)
073R_0_M_S2_week7_S54_L001_R2_001	(0.0, 0.0)	(1.0, 0.0)	(2.0, 0.0)	(3.0, 0.0)	(4.0, 0.0)	(5.0, 0.0)	(6.0, 0.0)	(7.0, 0.0)	(8.0, 0.0)	(9.0, 0.0)	(10.0, 0.0)	(11.0, 0.0)	(12.0, 0.0)	(13.0, 0.0)	(14.0, 0.0)	(15.0, 0.0)	(16.0, 0.0)	(17.0, 0.0)	(18.0, 0.0)	(19.0, 0.0)	(20.0, 0.0)	(21.0, 0.0)	(22.0, 0.0)	(23.0, 0.0)	(24.0, 0.0)	(25.0, 0.0)	(26.0, 0.0)	(27.0, 0.0)	(28.0, 0.0)	(29.0, 0.0)	(30.0, 0.5)	(31.0, 1.0)	(32.0, 0.5)	(33.0, 0.0)	(34.0, 2.5)	(35.0, 7.0)	(36.0, 7.833333333333333)	(37.0, 7.333333333333334)	(38.0, 9.5)	(39.0, 16.5)	(40.0, 21.999999999999996)	(41.0, 28.16666666666666)	(42.0, 43.66666666666668)	(43.0, 65.50000000000006)	(44.0, 119.66666666666627)	(45.0, 1802.8333333332084)	(46.0, 17299.4166666752)	(47.0, 10691.833333334887)	(48.0, 1720.4166666665737)	(49.0, 801.0000000000141)	(50.0, 581.9166666666649)	(51.0, 4475.166666667044)	(52.0, 4963.499999999956)	(53.0, 6570.749999998586)	(54.0, 5564.666666666139)	(55.0, 1506.4999999999602)	(56.0, 15835.000000010017)	(57.0, 15897.250000010163)	(58.0, 1090.500000000021)	(59.0, 317.6666666666665)	(60.0, 247.5000000000011)	(61.0, 223.000000000001)	(62.0, 106.24999999999994)	(63.0, 80.8333333333333)	(64.0, 93.91666666666647)	(65.0, 35.24999999999999)	(66.0, 11.333333333333334)	(67.0, 12.833333333333334)	(68.0, 14.333333333333336)	(69.0, 8.5)	(70.0, 5.0)	(71.0, 10.833333333333336)	(72.0, 40.666666666666686)	(73.0, 14.416666666666671)	(74.0, 1.8333333333333333)	(75.0, 0.3333333333333333)	(76.0, 0.3333333333333333)	(77.0, 0.0)	(78.0, 0.0)	(79.0, 0.0)	(80.0, 0.0)	(81.0, 0.0)	(82.0, 0.0)	(83.0, 0.0)	(84.0, 0.5)	(85.0, 0.5)	(86.0, 0.0)	(87.0, 0.0)	(88.0, 0.0)	(89.0, 0.0)	(90.0, 0.0)	(91.0, 0.0)	(92.0, 0.3333333333333333)	(93.0, 0.0)	(94.0, 0.0)	(95.0, 0.0)	(96.0, 0.0)	(97.0, 0.0)	(98.0, 0.0)	(99.0, 0.0)	(100.0, 0.0)
073R_0_M_S2_week9_S55_L001_R1_001	(0.0, 0.0)	(1.0, 0.0)	(2.0, 0.0)	(3.0, 0.0)	(4.0, 0.0)	(5.0, 0.0)	(6.0, 0.0)	(7.0, 0.0)	(8.0, 0.0)	(9.0, 0.0)	(10.0, 0.0)	(11.0, 0.0)	(12.0, 0.0)	(13.0, 0.0)	(14.0, 0.0)	(15.0, 0.0)	(16.0, 0.0)	(17.0, 0.0)	(18.0, 0.0)	(19.0, 0.0)	(20.0, 0.0)	(21.0, 0.0)	(22.0, 0.0)	(23.0, 0.0)	(24.0, 0.0)	(25.0, 0.0)	(26.0, 0.0)	(27.0, 0.0)	(28.0, 0.3333333333333333)	(29.0, 0.3333333333333333)	(30.0, 0.0)	(31.0, 0.3333333333333333)	(32.0, 0.3333333333333333)	(33.0, 0.0)	(34.0, 0.0)	(35.0, 0.6666666666666666)	(36.0, 0.8333333333333333)	(37.0, 0.5)	(38.0, 0.8333333333333333)	(39.0, 1.6666666666666665)	(40.0, 2.5)	(41.0, 7.499999999999999)	(42.0, 15.333333333333336)	(43.0, 37.50000000000001)	(44.0, 103.99999999999993)	(45.0, 159.3333333333333)	(46.0, 470.7499999999929)	(47.0, 15221.083333343058)	(48.0, 15502.50000001023)	(49.0, 3784.50000000058)	(50.0, 4049.666666667362)	(51.0, 15890.916666677542)	(52.0, 20124.416666665034)	(53.0, 6191.333333332228)	(54.0, 1206.0000000000052)	(55.0, 367.08333333333036)	(56.0, 90.4166666666665)	(57.0, 25.916666666666654)	(58.0, 72.75000000000006)	(59.0, 75.25000000000001)	(60.0, 7.916666666666665)	(61.0, 4.5)	(62.0, 22.999999999999986)	(63.0, 6.749999999999998)	(64.0, 1.0833333333333333)	(65.0, 0.0)	(66.0, 0.5)	(67.0, 0.5)	(68.0, 0.0)	(69.0, 0.0)	(70.0, 0.0)	(71.0, 0.0)	(72.0, 0.0)	(73.0, 0.0)	(74.0, 0.0)	(75.0, 0.0)	(76.0, 0.0)	(77.0, 0.0)	(78.0, 0.0)	(79.0, 0.0)	(80.0, 0.0)	(81.0, 0.0)	(82.0, 0.0)	(83.0, 0.0)	(84.0, 0.0)	(85.0, 0.0)	(86.0, 0.0)	(87.0, 0.0)	(88.0, 0.0)	(89.0, 0.0)	(90.0, 0.0)	(91.0, 0.0)	(92.0, 0.0)	(93.0, 0.0)	(94.0, 0.0)	(95.0, 0.0)	(96.0, 0.0)	(97.0, 0.0)	(98.0, 0.0)	(99.0, 0.0)	(100.0, 0.0)
073R_0_M_S2_week9_S55_L001_R2_001	(0.0, 0.0)	(1.0, 0.0)	(2.0, 0.0)	(3.0, 0.0)	(4.0, 0.0)	(5.0, 0.0)	(6.0, 0.0)	(7.0, 0.0)	(8.0, 0.0)	(9.0, 0.0)	(10.0, 0.0)	(11.0, 0.0)	(12.0, 0.0)	(13.0, 0.0)	(14.0, 0.0)	(15.0, 0.0)	(16.0, 0.0)	(17.0, 0.0)	(18.0, 0.0)	(19.0, 0.0)	(20.0, 0.0)	(21.0, 0.0)	(22.0, 0.0)	(23.0, 0.0)	(24.0, 0.0)	(25.0, 0.0)	(26.0, 0.0)	(27.0, 0.0)	(28.0, 0.5)	(29.0, 1.5)	(30.0, 1.5)	(31.0, 1.0)	(32.0, 0.5)	(33.0, 1.5)	(34.0, 3.833333333333333)	(35.0, 3.333333333333333)	(36.0, 3.0)	(37.0, 5.0)	(38.0, 8.0)	(39.0, 10.666666666666666)	(40.0, 15.000000000000002)	(41.0, 24.16666666666666)	(42.0, 36.16666666666666)	(43.0, 60.166666666666714)	(44.0, 129.91666666666634)	(45.0, 2238.8333333332384)	(46.0, 14910.000000009177)	(47.0, 5812.249999999202)	(48.0, 1603.9166666665938)	(49.0, 732.3333333333416)	(50.0, 523.1666666666596)	(51.0, 3779.2500000005716)	(52.0, 4250.91666666723)	(53.0, 5940.999999999102)	(54.0, 4974.999999999933)	(55.0, 1356.8333333333144)	(56.0, 14896.41666667506)	(57.0, 15058.000000008726)	(58.0, 1044.8333333333605)	(59.0, 277.6666666666674)	(60.0, 247.33333333333437)	(61.0, 208.00000000000074)	(62.0, 89.58333333333333)	(63.0, 65.91666666666667)	(64.0, 69.33333333333339)	(65.0, 30.91666666666664)	(66.0, 9.416666666666666)	(67.0, 8.833333333333332)	(68.0, 6.5)	(69.0, 4.333333333333333)	(70.0, 2.8333333333333335)	(71.0, 2.333333333333333)	(72.0, 17.666666666666668)	(73.0, 4.833333333333333)	(74.0, 1.1666666666666665)	(75.0, 1.1666666666666665)	(76.0, 0.0)	(77.0, 0.0)	(78.0, 0.0)	(79.0, 0.0)	(80.0, 0.0)	(81.0, 0.0)	(82.0, 0.0)	(83.0, 0.0)	(84.0, 0.0)	(85.0, 0.0)	(86.0, 0.25)	(87.0, 0.25)	(88.0, 0.0)	(89.0, 0.0)	(90.0, 0.3333333333333333)	(91.0, 0.0)	(92.0, 0.0)	(93.0, 0.0)	(94.0, 0.0)	(95.0, 0.3333333333333333)	(96.0, 0.0)	(97.0, 0.0)	(98.0, 0.0)	(99.0, 0.0)	(100.0, 0.0)
096R_0_M_S5_week9_S74_L001_R1_001	(0.0, 0.0)	(1.0, 0.0)	(2.0, 0.0)	(3.0, 0.0)	(4.0, 0.0)	(5.0, 0.0)	(6.0, 0.0)	(7.0, 0.0)	(8.0, 0.0)	(9.0, 0.0)	(10.0, 0.0)	(11.0, 0.0)	(12.0, 0.0)	(13.0, 0.0)	(14.0, 0.0)	(15.0, 0.0)	(16.0, 0.0)	(17.0, 0.0)	(18.0, 0.0)	(19.0, 0.0)	(20.0, 0.0)	(21.0, 0.0)	(22.0, 0.0)	(23.0, 0.0)	(24.0, 0.0)	(25.0, 0.0)	(26.0, 0.0)	(27.0, 0.0)	(28.0, 0.0)	(29.0, 0.0)	(30.0, 0.0)	(31.0, 0.3333333333333333)	(32.0, 0.0)	(33.0, 0.0)	(34.0, 0.0)	(35.0, 0.3333333333333333)	(36.0, 0.0)	(37.0, 0.0)	(38.0, 0.5)	(39.0, 0.5)	(40.0, 0.5)	(41.0, 1.25)	(42.0, 1.75)	(43.0, 10.166666666666664)	(44.0, 36.25)	(45.0, 68.00000000000003)	(46.0, 520.9166666666572)	(47.0, 5907.999999999109)	(48.0, 4230.250000000604)	(49.0, 5916.2499999991)	(50.0, 5528.833333332782)	(51.0, 14458.250000008356)	(52.0, 18121.16666667222)	(53.0, 5716.41666666595)	(54.0, 1493.6666666666094)	(55.0, 298.83333333333366)	(56.0, 89.2499999999999)	(57.0, 25.58333333333332)	(58.0, 34.83333333333331)	(59.0, 36.916666666666664)	(60.0, 5.666666666666666)	(61.0, 8.666666666666664)	(62.0, 64.16666666666684)	(63.0, 11.333333333333336)	(64.0, 1.8333333333333333)	(65.0, 1.0)	(66.0, 1.0)	(67.0, 0.5)	(68.0, 0.0)	(69.0, 0.0)	(70.0, 0.0)	(71.0, 0.0)	(72.0, 0.0)	(73.0, 0.0)	(74.0, 0.0)	(75.0, 0.0)	(76.0, 0.0)	(77.0, 0.0)	(78.0, 0.0)	(79.0, 0.0)	(80.0, 0.0)	(81.0, 0.0)	(82.0, 0.0)	(83.0, 0.0)	(84.0, 0.0)	(85.0, 0.0)	(86.0, 0.0)	(87.0, 0.0)	(88.0, 0.0)	(89.0, 0.0)	(90.0, 0.0)	(91.0, 0.0)	(92.0, 0.0)	(93.0, 0.0)	(94.0, 0.0)	(95.0, 0.0)	(96.0, 0.0)	(97.0, 0.0)	(98.0, 0.0)	(99.0, 0.0)	(100.0, 0.0)
096R_0_M_S5_week9_S74_L001_R2_001	(0.0, 0.0)	(1.0, 0.0)	(2.0, 0.0)	(3.0, 0.0)	(4.0, 0.0)	(5.0, 0.0)	(6.0, 0.0)	(7.0, 0.0)	(8.0, 0.0)	(9.0, 0.0)	(10.0, 0.0)	(11.0, 0.3333333333333333)	(12.0, 0.0)	(13.0, 0.0)	(14.0, 0.0)	(15.0, 0.0)	(16.0, 0.0)	(17.0, 0.0)	(18.0, 0.0)	(19.0, 0.0)	(20.0, 0.5)	(21.0, 0.5)	(22.0, 0.0)	(23.0, 0.0)	(24.0, 0.0)	(25.0, 0.0)	(26.0, 0.5)	(27.0, 0.5)	(28.0, 0.5)	(29.0, 0.5)	(30.0, 0.5)	(31.0, 1.0)	(32.0, 1.0)	(33.0, 2.0)	(34.0, 2.5)	(35.0, 2.0)	(36.0, 2.75)	(37.0, 3.0)	(38.0, 3.0)	(39.0, 6.5)	(40.0, 13.0)	(41.0, 15.833333333333334)	(42.0, 21.83333333333333)	(43.0, 33.66666666666666)	(44.0, 59.3333333333334)	(45.0, 490.49999999999034)	(46.0, 5411.416666666221)	(47.0, 1026.6666666667084)	(48.0, 2291.499999999933)	(49.0, 971.4166666666994)	(50.0, 452.2499999999943)	(51.0, 1595.8333333332603)	(52.0, 2245.166666666582)	(53.0, 8682.249999998025)	(54.0, 7690.999999997708)	(55.0, 2183.6666666665824)	(56.0, 13395.333333339171)	(57.0, 13312.166666672383)	(58.0, 1160.0000000000082)	(59.0, 353.1666666666658)	(60.0, 226.3333333333338)	(61.0, 173.00000000000028)	(62.0, 99.16666666666664)	(63.0, 65.33333333333334)	(64.0, 51.00000000000003)	(65.0, 28.333333333333325)	(66.0, 15.833333333333334)	(67.0, 18.166666666666664)	(68.0, 17.416666666666664)	(69.0, 9.666666666666668)	(70.0, 5.333333333333333)	(71.0, 10.0)	(72.0, 49.16666666666674)	(73.0, 11.833333333333337)	(74.0, 0.5833333333333333)	(75.0, 0.5)	(76.0, 1.0)	(77.0, 0.5)	(78.0, 0.0)	(79.0, 0.0)	(80.0, 0.0)	(81.0, 0.0)	(82.0, 0.0)	(83.0, 0.0)	(84.0, 0.0)	(85.0, 0.0)	(86.0, 0.0)	(87.0, 0.0)	(88.0, 0.0)	(89.0, 0.0)	(90.0, 0.0)	(91.0, 0.0)	(92.0, 0.0)	(93.0, 0.0)	(94.0, 0.0)	(95.0, 0.0)	(96.0, 0.3333333333333333)	(97.0, 0.3333333333333333)	(98.0, 0.0)	(99.0, 0.0)	(100.0, 1.6666666666666665)
1030R_L_M_NS1_week5_S22_L001_R1_001	(0.0, 0.0)	(1.0, 0.0)	(2.0, 0.0)	(3.0, 0.0)	(4.0, 0.0)	(5.0, 0.0)	(6.0, 0.0)	(7.0, 0.0)	(8.0, 0.0)	(9.0, 0.0)	(10.0, 0.0)	(11.0, 0.0)	(12.0, 0.0)	(13.0, 0.0)	(14.0, 0.0)	(15.0, 0.0)	(16.0, 0.0)	(17.0, 0.0)	(18.0, 0.0)	(19.0, 0.0)	(20.0, 0.0)	(21.0, 0.0)	(22.0, 0.0)	(23.0, 0.0)	(24.0, 0.0)	(25.0, 0.0)	(26.0, 0.0)	(27.0, 0.0)	(28.0, 0.0)	(29.0, 0.0)	(30.0, 0.0)	(31.0, 0.0)	(32.0, 0.0)	(33.0, 0.0)	(34.0, 0.25)	(35.0, 0.25)	(36.0, 0.0)	(37.0, 0.5)	(38.0, 0.8333333333333333)	(39.0, 1.8333333333333333)	(40.0, 3.0)	(41.0, 6.333333333333333)	(42.0, 23.249999999999996)	(43.0, 57.00000000000001)	(44.0, 147.8333333333333)	(45.0, 254.58333333333414)	(46.0, 601.4999999999989)	(47.0, 10018.166666666997)	(48.0, 25482.666666645575)	(49.0, 3589.9166666671617)	(50.0, 1463.49999999995)	(51.0, 6480.583333331931)	(52.0, 10404.916666667703)	(53.0, 7119.583333331359)	(54.0, 3095.333333333614)	(55.0, 795.8333333333519)	(56.0, 110.3333333333331)	(57.0, 34.249999999999986)	(58.0, 14.08333333333334)	(59.0, 19.83333333333333)	(60.0, 9.166666666666666)	(61.0, 17.500000000000004)	(62.0, 114.58333333333282)	(63.0, 20.91666666666666)	(64.0, 1.833333333333333)	(65.0, 0.8333333333333333)	(66.0, 0.5)	(67.0, 0.0)	(68.0, 0.0)	(69.0, 0.0)	(70.0, 0.0)	(71.0, 0.0)	(72.0, 0.0)	(73.0, 0.0)	(74.0, 0.0)	(75.0, 0.0)	(76.0, 0.0)	(77.0, 0.0)	(78.0, 0.0)	(79.0, 0.0)	(80.0, 0.0)	(81.0, 0.0)	(82.0, 0.0)	(83.0, 0.0)	(84.0, 0.0)	(85.0, 0.0)	(86.0, 0.0)	(87.0, 0.0)	(88.0, 0.0)	(89.0, 0.0)	(90.0, 0.0)	(91.0, 0.0)	(92.0, 0.0)	(93.0, 0.0)	(94.0, 0.0)	(95.0, 0.0)	(96.0, 0.0)	(97.0, 0.0)	(98.0, 0.0)	(99.0, 0.0)	(100.0, 0.0)
1030R_L_M_NS1_week5_S22_L001_R2_001	(0.0, 0.0)	(1.0, 0.0)	(2.0, 0.0)	(3.0, 0.0)	(4.0, 0.0)	(5.0, 0.0)	(6.0, 0.0)	(7.0, 0.0)	(8.0, 0.0)	(9.0, 0.0)	(10.0, 0.0)	(11.0, 0.0)	(12.0, 0.0)	(13.0, 0.0)	(14.0, 0.0)	(15.0, 0.0)	(16.0, 0.0)	(17.0, 0.0)	(18.0, 0.0)	(19.0, 0.0)	(20.0, 0.0)	(21.0, 0.0)	(22.0, 0.0)	(23.0, 0.0)	(24.0, 0.0)	(25.0, 0.0)	(26.0, 0.0)	(27.0, 0.0)	(28.0, 0.0)	(29.0, 0.0)	(30.0, 1.0)	(31.0, 2.5)	(32.0, 2.333333333333333)	(33.0, 1.3333333333333333)	(34.0, 1.5)	(35.0, 1.5)	(36.0, 2.5)	(37.0, 6.5)	(38.0, 9.5)	(39.0, 13.833333333333334)	(40.0, 17.0)	(41.0, 16.5)	(42.0, 24.0)	(43.0, 38.49999999999999)	(44.0, 68.33333333333343)	(45.0, 473.41666666665805)	(46.0, 6007.083333332357)	(47.0, 3637.3333333338496)	(48.0, 7918.91666666402)	(49.0, 17633.75000000722)	(50.0, 1712.2499999999065)	(51.0, 3520.1666666671167)	(52.0, 3825.33333333392)	(53.0, 4327.500000000496)	(54.0, 4536.083333333644)	(55.0, 1049.6666666666954)	(56.0, 8045.499999997327)	(57.0, 6528.749999998642)	(58.0, 479.3333333333276)	(59.0, 151.0833333333333)	(60.0, 160.0000000000001)	(61.0, 158.66666666666669)	(62.0, 59.416666666666686)	(63.0, 34.91666666666666)	(64.0, 27.58333333333332)	(65.0, 15.750000000000002)	(66.0, 9.666666666666666)	(67.0, 16.0)	(68.0, 16.916666666666668)	(69.0, 7.499999999999999)	(70.0, 7.333333333333331)	(71.0, 20.33333333333333)	(72.0, 94.99999999999974)	(73.0, 24.833333333333314)	(74.0, 0.6666666666666666)	(75.0, 0.0)	(76.0, 0.0)	(77.0, 0.0)	(78.0, 0.5)	(79.0, 1.0)	(80.0, 0.8333333333333333)	(81.0, 0.0)	(82.0, 0.0)	(83.0, 0.0)	(84.0, 0.0)	(85.0, 0.0)	(86.0, 0.0)	(87.0, 0.0)	(88.0, 0.0)	(89.0, 0.0)	(90.0, 0.0)	(91.0, 0.5)	(92.0, 0.5)	(93.0, 0.0)	(94.0, 0.0)	(95.0, 0.0)	(96.0, 0.0)	(97.0, 0.0)	(98.0, 0.3333333333333333)	(99.0, 0.0)	(100.0, 0.3333333333333333)
1030R_L_M_NS1_week6_S23_L001_R1_001	(0.0, 0.0)	(1.0, 0.0)	(2.0, 0.0)	(3.0, 0.0)	(4.0, 0.0)	(5.0, 0.0)	(6.0, 0.0)	(7.0, 0.0)	(8.0, 0.0)	(9.0, 0.0)	(10.0, 0.0)	(11.0, 0.0)	(12.0, 0.0)	(13.0, 0.0)	(14.0, 0.0)	(15.0, 0.0)	(16.0, 0.0)	(17.0, 0.0)	(18.0, 0.0)	(19.0, 0.0)	(20.0, 0.0)	(21.0, 0.0)	(22.0, 0.0)	(23.0, 0.0)	(24.0, 0.0)	(25.0, 0.0)	(26.0, 0.0)	(27.0, 0.0)	(28.0, 0.0)	(29.0, 0.0)	(30.0, 0.0)	(31.0, 0.0)	(32.0, 0.5)	(33.0, 0.5)	(34.0, 0.0)	(35.0, 0.3333333333333333)	(36.0, 0.3333333333333333)	(37.0, 0.5)	(38.0, 0.5)	(39.0, 0.3333333333333333)	(40.0, 1.833333333333333)	(41.0, 8.333333333333332)	(42.0, 25.999999999999996)	(43.0, 50.83333333333333)	(44.0, 140.5833333333333)	(45.0, 287.41666666666737)	(46.0, 800.4166666666846)	(47.0, 11560.416666669773)	(48.0, 22840.999999988508)	(49.0, 3556.6666666671526)	(50.0, 1401.9999999999627)	(51.0, 6800.083333331651)	(52.0, 10103.166666667124)	(53.0, 4838.083333333407)	(54.0, 1739.0833333332223)	(55.0, 830.3333333333568)	(56.0, 84.16666666666663)	(57.0, 22.25)	(58.0, 21.833333333333325)	(59.0, 34.99999999999998)	(60.0, 11.333333333333336)	(61.0, 19.0)	(62.0, 144.58333333333306)	(63.0, 28.999999999999968)	(64.0, 7.166666666666665)	(65.0, 3.3333333333333335)	(66.0, 2.1666666666666665)	(67.0, 2.333333333333333)	(68.0, 1.0)	(69.0, 0.0)	(70.0, 0.0)	(71.0, 0.0)	(72.0, 0.0)	(73.0, 0.0)	(74.0, 0.0)	(75.0, 0.0)	(76.0, 0.0)	(77.0, 0.0)	(78.0, 0.0)	(79.0, 0.0)	(80.0, 0.0)	(81.0, 0.0)	(82.0, 0.0)	(83.0, 0.0)	(84.0, 0.0)	(85.0, 0.0)	(86.0, 0.0)	(87.0, 0.0)	(88.0, 0.0)	(89.0, 0.0)	(90.0, 0.0)	(91.0, 0.0)	(92.0, 0.0)	(93.0, 0.0)	(94.0, 0.0)	(95.0, 0.0)	(96.0, 0.0)	(97.0, 0.0)	(98.0, 0.0)	(99.0, 0.0)	(100.0, 0.0)
1030R_L_M_NS1_week6_S23_L001_R2_001	(0.0, 0.0)	(1.0, 0.0)	(2.0, 0.0)	(3.0, 0.0)	(4.0, 0.0)	(5.0, 0.0)	(6.0, 0.0)	(7.0, 0.0)	(8.0, 0.0)	(9.0, 0.0)	(10.0, 0.0)	(11.0, 0.0)	(12.0, 0.0)	(13.0, 0.0)	(14.0, 0.0)	(15.0, 0.0)	(16.0, 0.0)	(17.0, 0.0)	(18.0, 0.0)	(19.0, 0.0)	(20.0, 0.0)	(21.0, 0.0)	(22.0, 0.0)	(23.0, 0.0)	(24.0, 0.0)	(25.0, 0.0)	(26.0, 0.0)	(27.0, 0.0)	(28.0, 0.5)	(29.0, 0.5)	(30.0, 1.0)	(31.0, 2.5)	(32.0, 4.0)	(33.0, 3.5)	(34.0, 4.0)	(35.0, 6.0)	(36.0, 6.5)	(37.0, 7.0)	(38.0, 5.666666666666667)	(39.0, 7.166666666666666)	(40.0, 14.666666666666666)	(41.0, 19.666666666666668)	(42.0, 31.49999999999999)	(43.0, 51.66666666666671)	(44.0, 92.08333333333321)	(45.0, 613.1666666666663)	(46.0, 8037.666666663874)	(47.0, 5259.166666666361)	(48.0, 7106.499999998085)	(49.0, 13180.583333339247)	(50.0, 1388.749999999969)	(51.0, 3798.3333333339037)	(52.0, 4190.250000000624)	(53.0, 3188.5000000003065)	(54.0, 3292.416666667008)	(55.0, 751.8333333333433)	(56.0, 6889.999999998363)	(57.0, 6574.666666665277)	(58.0, 442.4999999999951)	(59.0, 143.49999999999991)	(60.0, 156.1666666666667)	(61.0, 145.83333333333314)	(62.0, 50.66666666666668)	(63.0, 33.58333333333332)	(64.0, 43.500000000000036)	(65.0, 21.66666666666666)	(66.0, 9.333333333333332)	(67.0, 19.0)	(68.0, 21.66666666666666)	(69.0, 10.166666666666666)	(70.0, 11.500000000000004)	(71.0, 31.666666666666625)	(72.0, 115.33333333333277)	(73.0, 32.49999999999996)	(74.0, 1.1666666666666665)	(75.0, 0.0)	(76.0, 0.0)	(77.0, 0.0)	(78.0, 0.0)	(79.0, 0.0)	(80.0, 0.0)	(81.0, 0.0)	(82.0, 0.0)	(83.0, 0.0)	(84.0, 0.0)	(85.0, 0.0)	(86.0, 0.0)	(87.0, 0.0)	(88.0, 0.0)	(89.0, 0.0)	(90.0, 0.0)	(91.0, 0.3333333333333333)	(92.0, 0.3333333333333333)	(93.0, 0.0)	(94.0, 0.0)	(95.0, 0.0)	(96.0, 0.0)	(97.0, 0.0)	(98.0, 0.0)	(99.0, 0.0)	(100.0, 0.0)
1030R_L_M_NS1_week7_S24_L001_R1_001	(0.0, 0.0)	(1.0, 0.0)	(2.0, 0.0)	(3.0, 0.0)	(4.0, 0.0)	(5.0, 0.0)	(6.0, 0.0)	(7.0, 0.0)	(8.0, 0.0)	(9.0, 0.0)	(10.0, 0.0)	(11.0, 0.0)	(12.0, 0.0)	(13.0, 0.0)	(14.0, 0.0)	(15.0, 0.0)	(16.0, 0.0)	(17.0, 0.0)	(18.0, 0.0)	(19.0, 0.0)	(20.0, 0.0)	(21.0, 0.0)	(22.0, 0.0)	(23.0, 0.0)	(24.0, 0.0)	(25.0, 0.0)	(26.0, 0.0)	(27.0, 0.0)	(28.0, 0.0)	(29.0, 0.0)	(30.0, 0.0)	(31.0, 0.0)	(32.0, 0.0)	(33.0, 0.0)	(34.0, 0.0)	(35.0, 0.0)	(36.0, 0.0)	(37.0, 0.0)	(38.0, 0.0)	(39.0, 0.0)	(40.0, 0.8333333333333333)	(41.0, 2.833333333333333)	(42.0, 3.5)	(43.0, 18.5)	(44.0, 63.75000000000002)	(45.0, 137.1666666666664)	(46.0, 459.2499999999929)	(47.0, 6604.749999998479)	(48.0, 10759.333333335013)	(49.0, 1725.2499999998943)	(50.0, 1127.8333333333549)	(51.0, 16234.916666678224)	(52.0, 17596.916666674086)	(53.0, 2814.250000000151)	(54.0, 1496.1666666666106)	(55.0, 419.2499999999943)	(56.0, 72.08333333333341)	(57.0, 22.916666666666664)	(58.0, 20.91666666666666)	(59.0, 23.999999999999982)	(60.0, 5.666666666666666)	(61.0, 12.083333333333336)	(62.0, 96.99999999999973)	(63.0, 23.666666666666654)	(64.0, 5.166666666666666)	(65.0, 2.5)	(66.0, 0.5)	(67.0, 0.25)	(68.0, 0.5)	(69.0, 0.5)	(70.0, 0.0)	(71.0, 0.0)	(72.0, 0.0)	(73.0, 0.0)	(74.0, 0.0)	(75.0, 0.0)	(76.0, 0.0)	(77.0, 0.0)	(78.0, 0.0)	(79.0, 0.0)	(80.0, 0.0)	(81.0, 0.0)	(82.0, 0.0)	(83.0, 0.0)	(84.0, 0.0)	(85.0, 0.0)	(86.0, 0.0)	(87.0, 0.0)	(88.0, 0.0)	(89.0, 0.0)	(90.0, 0.0)	(91.0, 0.0)	(92.0, 0.0)	(93.0, 0.0)	(94.0, 0.0)	(95.0, 0.0)	(96.0, 0.0)	(97.0, 0.0)	(98.0, 0.0)	(99.0, 0.0)	(100.0, 0.0)
1030R_L_M_NS1_week7_S24_L001_R2_001	(0.0, 0.0)	(1.0, 0.0)	(2.0, 0.0)	(3.0, 0.0)	(4.0, 0.0)	(5.0, 0.0)	(6.0, 0.0)	(7.0, 0.0)	(8.0, 0.0)	(9.0, 0.0)	(10.0, 0.0)	(11.0, 0.0)	(12.0, 0.0)	(13.0, 0.0)	(14.0, 0.0)	(15.0, 0.0)	(16.0, 0.0)	(17.0, 0.0)	(18.0, 0.0)	(19.0, 0.0)	(20.0, 0.0)	(21.0, 0.0)	(22.0, 0.0)	(23.0, 0.0)	(24.0, 0.0)	(25.0, 0.0)	(26.0, 0.0)	(27.0, 0.0)	(28.0, 0.0)	(29.0, 0.5)	(30.0, 1.0)	(31.0, 0.5)	(32.0, 0.5)	(33.0, 1.5)	(34.0, 2.0)	(35.0, 3.5)	(36.0, 5.0)	(37.0, 5.0)	(38.0, 8.5)	(39.0, 11.5)	(40.0, 9.0)	(41.0, 12.666666666666666)	(42.0, 18.166666666666668)	(43.0, 24.166666666666657)	(44.0, 51.4166666666667)	(45.0, 352.58333333333115)	(46.0, 4437.583333333761)	(47.0, 3481.9166666671163)	(48.0, 3923.7500000006394)	(49.0, 5380.5833333329165)	(50.0, 707.500000000009)	(51.0, 1563.6666666665978)	(52.0, 1757.6666666665558)	(53.0, 1768.0833333332232)	(54.0, 2030.2499999998417)	(55.0, 982.9166666666944)	(56.0, 15546.166666676258)	(57.0, 15912.916666676909)	(58.0, 1054.3333333333617)	(59.0, 264.66666666666754)	(60.0, 186.5000000000004)	(61.0, 170.00000000000014)	(62.0, 68.33333333333334)	(63.0, 36.49999999999999)	(64.0, 26.999999999999982)	(65.0, 16.083333333333336)	(66.0, 14.166666666666666)	(67.0, 18.833333333333336)	(68.0, 17.5)	(69.0, 14.666666666666668)	(70.0, 15.000000000000002)	(71.0, 22.99999999999999)	(72.0, 74.16666666666669)	(73.0, 14.166666666666673)	(74.0, 1.3333333333333333)	(75.0, 1.3333333333333333)	(76.0, 0.3333333333333333)	(77.0, 0.0)	(78.0, 0.0)	(79.0, 0.0)	(80.0, 0.0)	(81.0, 0.0)	(82.0, 0.0)	(83.0, 0.0)	(84.0, 0.0)	(85.0, 0.0)	(86.0, 0.0)	(87.0, 0.0)	(88.0, 0.0)	(89.0, 0.0)	(90.0, 0.0)	(91.0, 0.3333333333333333)	(92.0, 0.3333333333333333)	(93.0, 0.0)	(94.0, 0.0)	(95.0, 0.3333333333333333)	(96.0, 0.0)	(97.0, 0.0)	(98.0, 0.0)	(99.0, 0.0)	(100.0, 0.0)
1030R_L_M_NS1_week9_S25_L001_R1_001	(0.0, 0.0)	(1.0, 0.0)	(2.0, 0.0)	(3.0, 0.0)	(4.0, 0.0)	(5.0, 0.0)	(6.0, 0.0)	(7.0, 0.0)	(8.0, 0.0)	(9.0, 0.0)	(10.0, 0.0)	(11.0, 0.0)	(12.0, 0.0)	(13.0, 0.0)	(14.0, 0.0)	(15.0, 0.0)	(16.0, 0.0)	(17.0, 0.0)	(18.0, 0.0)	(19.0, 0.0)	(20.0, 0.0)	(21.0, 0.0)	(22.0, 0.0)	(23.0, 0.0)	(24.0, 0.0)	(25.0, 0.0)	(26.0, 0.0)	(27.0, 0.5)	(28.0, 0.5)	(29.0, 0.0)	(30.0, 0.0)	(31.0, 0.0)	(32.0, 0.0)	(33.0, 0.3333333333333333)	(34.0, 0.0)	(35.0, 0.0)	(36.0, 0.0)	(37.0, 0.0)	(38.0, 0.0)	(39.0, 0.0)	(40.0, 3.0)	(41.0, 7.833333333333334)	(42.0, 13.166666666666668)	(43.0, 31.08333333333333)	(44.0, 82.08333333333333)	(45.0, 184.58333333333368)	(46.0, 518.4999999999908)	(47.0, 7938.583333330606)	(48.0, 13315.333333339611)	(49.0, 2180.583333333216)	(50.0, 1360.3333333333055)	(51.0, 11546.000000003076)	(52.0, 14195.833333341156)	(53.0, 4070.0833333340383)	(54.0, 1344.6666666666422)	(55.0, 529.9999999999909)	(56.0, 76.08333333333331)	(57.0, 21.583333333333325)	(58.0, 18.916666666666664)	(59.0, 32.16666666666663)	(60.0, 10.166666666666668)	(61.0, 11.500000000000002)	(62.0, 70.83333333333341)	(63.0, 11.66666666666667)	(64.0, 5.5)	(65.0, 3.3333333333333335)	(66.0, 0.5)	(67.0, 0.0)	(68.0, 0.0)	(69.0, 0.3333333333333333)	(70.0, 0.0)	(71.0, 0.0)	(72.0, 0.0)	(73.0, 0.0)	(74.0, 0.0)	(75.0, 0.0)	(76.0, 0.0)	(77.0, 0.0)	(78.0, 0.0)	(79.0, 0.0)	(80.0, 0.0)	(81.0, 0.0)	(82.0, 0.0)	(83.0, 0.0)	(84.0, 0.0)	(85.0, 0.0)	(86.0, 0.0)	(87.0, 0.0)	(88.0, 0.0)	(89.0, 0.0)	(90.0, 0.0)	(91.0, 0.0)	(92.0, 0.0)	(93.0, 0.0)	(94.0, 0.0)	(95.0, 0.0)	(96.0, 0.0)	(97.0, 0.0)	(98.0, 0.0)	(99.0, 0.0)	(100.0, 0.0)
1030R_L_M_NS1_week9_S25_L001_R2_001	(0.0, 0.0)	(1.0, 0.0)	(2.0, 0.0)	(3.0, 0.0)	(4.0, 0.0)	(5.0, 0.0)	(6.0, 0.0)	(7.0, 0.0)	(8.0, 0.0)	(9.0, 0.0)	(10.0, 0.0)	(11.0, 0.0)	(12.0, 0.0)	(13.0, 0.0)	(14.0, 0.0)	(15.0, 0.0)	(16.0, 0.0)	(17.0, 0.0)	(18.0, 0.0)	(19.0, 0.0)	(20.0, 0.0)	(21.0, 0.0)	(22.0, 0.0)	(23.0, 0.5)	(24.0, 0.5)	(25.0, 0.5)	(26.0, 1.0)	(27.0, 1.0)	(28.0, 0.5)	(29.0, 0.0)	(30.0, 0.5)	(31.0, 1.0)	(32.0, 1.5)	(33.0, 2.5)	(34.0, 2.5)	(35.0, 1.5)	(36.0, 3.0)	(37.0, 7.5)	(38.0, 11.5)	(39.0, 12.833333333333332)	(40.0, 16.166666666666668)	(41.0, 33.33333333333333)	(42.0, 44.66666666666667)	(43.0, 45.66666666666667)	(44.0, 83.49999999999996)	(45.0, 409.4999999999951)	(46.0, 4854.916666666717)	(47.0, 4707.25000000018)	(48.0, 5205.83333333308)	(49.0, 7000.083333331511)	(50.0, 980.750000000033)	(51.0, 2091.916666666519)	(52.0, 2397.16666666664)	(53.0, 3241.0000000003215)	(54.0, 3594.250000000463)	(55.0, 945.5000000000249)	(56.0, 10568.916666667908)	(57.0, 11019.500000001972)	(58.0, 800.8333333333471)	(59.0, 215.83333333333385)	(60.0, 183.50000000000026)	(61.0, 146.24999999999991)	(62.0, 57.83333333333334)	(63.0, 39.99999999999999)	(64.0, 41.66666666666667)	(65.0, 24.333333333333332)	(66.0, 9.416666666666666)	(67.0, 11.25)	(68.0, 12.666666666666668)	(69.0, 7.666666666666666)	(70.0, 7.166666666666666)	(71.0, 14.166666666666675)	(72.0, 56.50000000000012)	(73.0, 14.166666666666673)	(74.0, 1.1666666666666665)	(75.0, 0.3333333333333333)	(76.0, 0.0)	(77.0, 0.0)	(78.0, 0.0)	(79.0, 0.0)	(80.0, 0.0)	(81.0, 0.0)	(82.0, 0.0)	(83.0, 0.0)	(84.0, 0.0)	(85.0, 0.0)	(86.0, 0.0)	(87.0, 0.0)	(88.0, 0.0)	(89.0, 0.0)	(90.0, 0.0)	(91.0, 0.5)	(92.0, 0.5)	(93.0, 0.5)	(94.0, 0.5)	(95.0, 0.0)	(96.0, 0.0)	(97.0, 0.0)	(98.0, 0.0)	(99.0, 0.0)	(100.0, 0.0)
1060R_L_M_S5_week9_S75_L001_R1_001	(0.0, 0.0)	(1.0, 0.0)	(2.0, 0.0)	(3.0, 0.0)	(4.0, 0.0)	(5.0, 0.0)	(6.0, 0.0)	(7.0, 0.0)	(8.0, 0.0)	(9.0, 0.0)	(10.0, 0.0)	(11.0, 0.0)	(12.0, 0.0)	(13.0, 0.0)	(14.0, 0.0)	(15.0, 0.0)	(16.0, 0.0)	(17.0, 0.0)	(18.0, 0.0)	(19.0, 0.0)	(20.0, 0.0)	(21.0, 0.0)	(22.0, 0.0)	(23.0, 0.0)	(24.0, 0.0)	(25.0, 0.0)	(26.0, 0.0)	(27.0, 0.0)	(28.0, 0.0)	(29.0, 0.0)	(30.0, 0.3333333333333333)	(31.0, 0.3333333333333333)	(32.0, 0.0)	(33.0, 0.0)	(34.0, 0.0)	(35.0, 0.0)	(36.0, 0.0)	(37.0, 0.0)	(38.0, 0.0)	(39.0, 0.0)	(40.0, 0.0)	(41.0, 0.8333333333333333)	(42.0, 6.166666666666667)	(43.0, 17.333333333333336)	(44.0, 54.66666666666669)	(45.0, 101.49999999999983)	(46.0, 1068.6666666667018)	(47.0, 13474.000000006594)	(48.0, 4342.000000000516)	(49.0, 2813.2500000001587)	(50.0, 2931.8333333335427)	(51.0, 12768.916666671967)	(52.0, 15452.083333343451)	(53.0, 4207.750000000625)	(54.0, 1108.5000000000266)	(55.0, 316.6666666666663)	(56.0, 72.25000000000006)	(57.0, 19.583333333333332)	(58.0, 42.750000000000036)	(59.0, 39.750000000000014)	(60.0, 4.833333333333333)	(61.0, 8.666666666666664)	(62.0, 43.33333333333337)	(63.0, 9.5)	(64.0, 1.6666666666666665)	(65.0, 0.75)	(66.0, 0.0)	(67.0, 0.0)	(68.0, 0.0)	(69.0, 0.0)	(70.0, 0.0)	(71.0, 0.0)	(72.0, 0.0)	(73.0, 0.0)	(74.0, 0.0)	(75.0, 0.0)	(76.0, 0.0)	(77.0, 0.0)	(78.0, 0.0)	(79.0, 0.0)	(80.0, 0.0)	(81.0, 0.0)	(82.0, 0.0)	(83.0, 0.0)	(84.0, 0.0)	(85.0, 0.0)	(86.0, 0.0)	(87.0, 0.0)	(88.0, 0.0)	(89.0, 0.0)	(90.0, 0.0)	(91.0, 0.0)	(92.0, 0.0)	(93.0, 0.0)	(94.0, 0.0)	(95.0, 0.0)	(96.0, 0.0)	(97.0, 0.0)	(98.0, 0.0)	(99.0, 0.0)	(100.0, 0.0)
1060R_L_M_S5_week9_S75_L001_R2_001	(0.0, 0.0)	(1.0, 0.0)	(2.0, 0.0)	(3.0, 0.0)	(4.0, 0.0)	(5.0, 0.0)	(6.0, 0.0)	(7.0, 0.0)	(8.0, 0.0)	(9.0, 0.0)	(10.0, 0.0)	(11.0, 0.0)	(12.0, 0.0)	(13.0, 0.0)	(14.0, 0.0)	(15.0, 0.0)	(16.0, 0.0)	(17.0, 0.0)	(18.0, 0.0)	(19.0, 0.0)	(20.0, 0.0)	(21.0, 0.0)	(22.0, 0.0)	(23.0, 0.0)	(24.0, 0.0)	(25.0, 0.0)	(26.0, 0.0)	(27.0, 0.0)	(28.0, 0.0)	(29.0, 0.0)	(30.0, 0.0)	(31.0, 0.0)	(32.0, 0.5)	(33.0, 2.0)	(34.0, 3.0)	(35.0, 4.333333333333333)	(36.0, 4.0)	(37.0, 3.0)	(38.0, 4.833333333333333)	(39.0, 10.833333333333334)	(40.0, 13.166666666666666)	(41.0, 14.833333333333334)	(42.0, 24.58333333333333)	(43.0, 49.25000000000003)	(44.0, 102.16666666666644)	(45.0, 1084.0000000000316)	(46.0, 12795.000000005351)	(47.0, 1638.4999999999143)	(48.0, 1219.666666666668)	(49.0, 570.2499999999965)	(50.0, 360.583333333332)	(51.0, 1953.4166666665176)	(52.0, 2315.249999999941)	(53.0, 4653.000000000223)	(54.0, 4045.500000000651)	(55.0, 1082.500000000021)	(56.0, 12114.833333337177)	(57.0, 12218.500000004007)	(58.0, 887.0833333333528)	(59.0, 259.8333333333342)	(60.0, 218.2500000000007)	(61.0, 198.6666666666673)	(62.0, 86.58333333333327)	(63.0, 58.33333333333336)	(64.0, 54.50000000000004)	(65.0, 28.74999999999999)	(66.0, 16.833333333333336)	(67.0, 11.833333333333332)	(68.0, 6.666666666666666)	(69.0, 5.333333333333333)	(70.0, 6.0)	(71.0, 8.999999999999998)	(72.0, 34.8333333333333)	(73.0, 8.33333333333333)	(74.0, 0.3333333333333333)	(75.0, 0.0)	(76.0, 0.0)	(77.0, 0.0)	(78.0, 0.5)	(79.0, 0.5)	(80.0, 0.0)	(81.0, 0.0)	(82.0, 0.0)	(83.0, 0.0)	(84.0, 0.5)	(85.0, 0.5)	(86.0, 0.0)	(87.0, 0.0)	(88.0, 0.0)	(89.0, 0.0)	(90.0, 0.0)	(91.0, 0.0)	(92.0, 0.0)	(93.0, 0.0)	(94.0, 0.0)	(95.0, 0.0)	(96.0, 0.0)	(97.0, 0.0)	(98.0, 0.0)	(99.0, 0.0)	(100.0, 0.0)
1067R_R_M_S2_week5_S56_L001_R1_001	(0.0, 0.0)	(1.0, 0.0)	(2.0, 0.0)	(3.0, 0.0)	(4.0, 0.0)	(5.0, 0.0)	(6.0, 0.0)	(7.0, 0.0)	(8.0, 0.0)	(9.0, 0.0)	(10.0, 0.0)	(11.0, 0.0)	(12.0, 0.0)	(13.0, 0.0)	(14.0, 0.0)	(15.0, 0.0)	(16.0, 0.0)	(17.0, 0.0)	(18.0, 0.0)	(19.0, 0.0)	(20.0, 0.0)	(21.0, 0.0)	(22.0, 0.0)	(23.0, 0.0)	(24.0, 0.0)	(25.0, 0.0)	(26.0, 0.0)	(27.0, 0.0)	(28.0, 0.0)	(29.0, 0.0)	(30.0, 0.0)	(31.0, 0.0)	(32.0, 0.0)	(33.0, 0.0)	(34.0, 0.0)	(35.0, 0.5)	(36.0, 1.0)	(37.0, 0.5)	(38.0, 0.0)	(39.0, 0.5)	(40.0, 1.5)	(41.0, 2.6666666666666665)	(42.0, 9.833333333333332)	(43.0, 32.83333333333333)	(44.0, 86.58333333333331)	(45.0, 139.9999999999999)	(46.0, 365.7499999999974)	(47.0, 15101.833333342864)	(48.0, 16562.083333344515)	(49.0, 3500.833333333793)	(50.0, 3338.6666666670544)	(51.0, 11249.583333335886)	(52.0, 15906.416666677576)	(53.0, 7648.16666666424)	(54.0, 2467.3333333333358)	(55.0, 450.6666666666598)	(56.0, 116.99999999999967)	(57.0, 39.666666666666664)	(58.0, 70.16666666666676)	(59.0, 70.91666666666674)	(60.0, 8.166666666666666)	(61.0, 2.75)	(62.0, 18.000000000000004)	(63.0, 2.6666666666666665)	(64.0, 0.8333333333333333)	(65.0, 0.8333333333333333)	(66.0, 0.0)	(67.0, 0.0)	(68.0, 0.0)	(69.0, 0.0)	(70.0, 0.0)	(71.0, 0.0)	(72.0, 0.0)	(73.0, 0.0)	(74.0, 0.0)	(75.0, 0.0)	(76.0, 0.0)	(77.0, 0.0)	(78.0, 0.0)	(79.0, 0.0)	(80.0, 0.0)	(81.0, 0.0)	(82.0, 0.0)	(83.0, 0.0)	(84.0, 0.0)	(85.0, 0.0)	(86.0, 0.0)	(87.0, 0.0)	(88.0, 0.0)	(89.0, 0.0)	(90.0, 0.0)	(91.0, 0.0)	(92.0, 0.0)	(93.0, 0.0)	(94.0, 0.0)	(95.0, 0.0)	(96.0, 0.0)	(97.0, 0.0)	(98.0, 0.0)	(99.0, 0.0)	(100.0, 0.0)
1067R_R_M_S2_week5_S56_L001_R2_001	(0.0, 0.0)	(1.0, 0.0)	(2.0, 0.0)	(3.0, 0.0)	(4.0, 0.0)	(5.0, 0.0)	(6.0, 0.0)	(7.0, 0.0)	(8.0, 0.0)	(9.0, 0.0)	(10.0, 0.0)	(11.0, 0.0)	(12.0, 0.0)	(13.0, 0.0)	(14.0, 0.0)	(15.0, 0.0)	(16.0, 0.0)	(17.0, 0.0)	(18.0, 0.0)	(19.0, 0.0)	(20.0, 0.0)	(21.0, 0.0)	(22.0, 0.0)	(23.0, 0.0)	(24.0, 0.0)	(25.0, 0.0)	(26.0, 0.0)	(27.0, 0.0)	(28.0, 0.0)	(29.0, 0.5)	(30.0, 1.0)	(31.0, 1.5)	(32.0, 2.0)	(33.0, 1.5)	(34.0, 1.5)	(35.0, 3.5)	(36.0, 6.5)	(37.0, 10.5)	(38.0, 12.333333333333334)	(39.0, 14.166666666666666)	(40.0, 20.5)	(41.0, 25.333333333333332)	(42.0, 29.666666666666657)	(43.0, 49.16666666666669)	(44.0, 96.99999999999986)	(45.0, 906.5833333333636)	(46.0, 14311.916666674755)	(47.0, 11715.166666670064)	(48.0, 1035.3333333333683)	(49.0, 603.4999999999994)	(50.0, 535.9999999999941)	(51.0, 3652.833333333843)	(52.0, 4016.4166666673327)	(53.0, 6761.9999999984075)	(54.0, 5664.74999999938)	(55.0, 1486.3333333332926)	(56.0, 12046.500000003687)	(57.0, 10980.083333335258)	(58.0, 814.2500000000142)	(59.0, 259.66666666666754)	(60.0, 272.41666666666725)	(61.0, 268.750000000001)	(62.0, 106.08333333333329)	(63.0, 70.08333333333333)	(64.0, 74.16666666666669)	(65.0, 32.833333333333314)	(66.0, 11.916666666666666)	(67.0, 6.916666666666666)	(68.0, 5.999999999999999)	(69.0, 1.8333333333333333)	(70.0, 0.6666666666666666)	(71.0, 3.5000000000000004)	(72.0, 16.66666666666667)	(73.0, 2.1666666666666665)	(74.0, 0.5)	(75.0, 0.5)	(76.0, 0.0)	(77.0, 0.0)	(78.0, 0.0)	(79.0, 1.0)	(80.0, 1.0)	(81.0, 0.0)	(82.0, 0.5)	(83.0, 0.5)	(84.0, 0.0)	(85.0, 0.0)	(86.0, 0.0)	(87.0, 0.0)	(88.0, 0.0)	(89.0, 0.0)	(90.0, 0.0)	(91.0, 0.0)	(92.0, 0.3333333333333333)	(93.0, 0.3333333333333333)	(94.0, 0.0)	(95.0, 0.0)	(96.0, 0.0)	(97.0, 0.0)	(98.0, 0.0)	(99.0, 0.3333333333333333)	(100.0, 0.5)
1067R_R_M_S2_week6_S57_L001_R1_001	(0.0, 0.0)	(1.0, 0.0)	(2.0, 0.0)	(3.0, 0.0)	(4.0, 0.0)	(5.0, 0.0)	(6.0, 0.0)	(7.0, 0.0)	(8.0, 0.0)	(9.0, 0.0)	(10.0, 0.0)	(11.0, 0.0)	(12.0, 0.0)	(13.0, 0.0)	(14.0, 0.0)	(15.0, 0.0)	(16.0, 0.0)	(17.0, 0.0)	(18.0, 0.0)	(19.0, 0.0)	(20.0, 0.0)	(21.0, 0.0)	(22.0, 0.0)	(23.0, 0.0)	(24.0, 0.0)	(25.0, 0.0)	(26.0, 0.0)	(27.0, 0.0)	(28.0, 0.0)	(29.0, 0.0)	(30.0, 0.0)	(31.0, 0.0)	(32.0, 0.0)	(33.0, 0.0)	(34.0, 0.0)	(35.0, 0.3333333333333333)	(36.0, 0.3333333333333333)	(37.0, 0.0)	(38.0, 0.5)	(39.0, 3.333333333333333)	(40.0, 4.083333333333334)	(41.0, 6.333333333333333)	(42.0, 13.5)	(43.0, 36.16666666666666)	(44.0, 98.83333333333331)	(45.0, 143.49999999999994)	(46.0, 331.5833333333326)	(47.0, 13176.750000006032)	(48.0, 15056.583333342753)	(49.0, 4073.9166666673764)	(50.0, 4089.083333334051)	(51.0, 10430.083333334413)	(52.0, 17165.583333342336)	(53.0, 9021.58333333188)	(54.0, 1680.0833333332364)	(55.0, 374.66666666666333)	(56.0, 78.24999999999999)	(57.0, 25.916666666666654)	(58.0, 75.50000000000001)	(59.0, 78.99999999999999)	(60.0, 6.999999999999998)	(61.0, 5.333333333333332)	(62.0, 30.16666666666663)	(63.0, 10.166666666666668)	(64.0, 2.1666666666666665)	(65.0, 1.6666666666666665)	(66.0, 0.5)	(67.0, 0.0)	(68.0, 0.0)	(69.0, 0.0)	(70.0, 0.0)	(71.0, 0.0)	(72.0, 0.0)	(73.0, 0.0)	(74.0, 0.0)	(75.0, 0.0)	(76.0, 0.0)	(77.0, 0.0)	(78.0, 0.0)	(79.0, 0.0)	(80.0, 0.0)	(81.0, 0.0)	(82.0, 0.0)	(83.0, 0.0)	(84.0, 0.0)	(85.0, 0.0)	(86.0, 0.0)	(87.0, 0.0)	(88.0, 0.0)	(89.0, 0.0)	(90.0, 0.0)	(91.0, 0.0)	(92.0, 0.0)	(93.0, 0.0)	(94.0, 0.0)	(95.0, 0.0)	(96.0, 0.0)	(97.0, 0.0)	(98.0, 0.0)	(99.0, 0.0)	(100.0, 0.0)
1067R_R_M_S2_week6_S57_L001_R2_001	(0.0, 0.0)	(1.0, 0.0)	(2.0, 0.0)	(3.0, 0.0)	(4.0, 0.0)	(5.0, 0.0)	(6.0, 0.0)	(7.0, 0.0)	(8.0, 0.0)	(9.0, 0.0)	(10.0, 0.0)	(11.0, 0.0)	(12.0, 0.0)	(13.0, 0.0)	(14.0, 0.0)	(15.0, 0.0)	(16.0, 0.0)	(17.0, 0.0)	(18.0, 0.0)	(19.0, 0.0)	(20.0, 0.0)	(21.0, 0.0)	(22.0, 0.0)	(23.0, 0.0)	(24.0, 0.0)	(25.0, 0.0)	(26.0, 0.0)	(27.0, 0.0)	(28.0, 0.0)	(29.0, 0.0)	(30.0, 0.0)	(31.0, 0.0)	(32.0, 0.5)	(33.0, 0.5)	(34.0, 2.0)	(35.0, 5.333333333333333)	(36.0, 7.0)	(37.0, 7.0)	(38.0, 7.0)	(39.0, 11.333333333333334)	(40.0, 15.66666666666667)	(41.0, 22.166666666666664)	(42.0, 33.0)	(43.0, 52.50000000000003)	(44.0, 99.9999999999998)	(45.0, 756.5000000000146)	(46.0, 12306.916666671128)	(47.0, 10404.666666667697)	(48.0, 1173.6666666666777)	(49.0, 632.1666666666681)	(50.0, 616.8333333333337)	(51.0, 5778.333333332586)	(52.0, 6470.166666665319)	(53.0, 7678.666666664328)	(54.0, 6456.083333332071)	(55.0, 1425.1666666666372)	(56.0, 10003.666666666977)	(57.0, 9806.833333333298)	(58.0, 822.0833333333476)	(59.0, 253.6666666666678)	(60.0, 177.33333333333357)	(61.0, 158.91666666666677)	(62.0, 97.58333333333331)	(63.0, 75.16666666666667)	(64.0, 70.58333333333339)	(65.0, 34.58333333333332)	(66.0, 13.666666666666668)	(67.0, 12.000000000000002)	(68.0, 8.833333333333334)	(69.0, 5.0)	(70.0, 5.0)	(71.0, 9.166666666666668)	(72.0, 24.333333333333314)	(73.0, 6.333333333333331)	(74.0, 0.3333333333333333)	(75.0, 0.0)	(76.0, 0.0)	(77.0, 0.0)	(78.0, 0.0)	(79.0, 0.0)	(80.0, 0.0)	(81.0, 0.0)	(82.0, 0.0)	(83.0, 0.25)	(84.0, 0.3333333333333333)	(85.0, 0.3333333333333333)	(86.0, 0.0)	(87.0, 0.0)	(88.0, 0.0)	(89.0, 0.0)	(90.0, 0.0)	(91.0, 0.3333333333333333)	(92.0, 0.3333333333333333)	(93.0, 0.0)	(94.0, 0.0)	(95.0, 0.3333333333333333)	(96.0, 0.0)	(97.0, 0.0)	(98.0, 0.0)	(99.0, 0.0)	(100.0, 0.0)
1067R_R_M_S2_week7_S58_L001_R1_001	(0.0, 0.0)	(1.0, 0.0)	(2.0, 0.0)	(3.0, 0.0)	(4.0, 0.0)	(5.0, 0.0)	(6.0, 0.0)	(7.0, 0.0)	(8.0, 0.0)	(9.0, 0.0)	(10.0, 0.0)	(11.0, 0.0)	(12.0, 0.0)	(13.0, 0.0)	(14.0, 0.0)	(15.0, 0.0)	(16.0, 0.0)	(17.0, 0.0)	(18.0, 0.0)	(19.0, 0.0)	(20.0, 0.0)	(21.0, 0.0)	(22.0, 0.0)	(23.0, 0.0)	(24.0, 0.0)	(25.0, 0.0)	(26.0, 0.0)	(27.0, 0.0)	(28.0, 0.0)	(29.0, 0.0)	(30.0, 0.0)	(31.0, 0.0)	(32.0, 0.0)	(33.0, 0.0)	(34.0, 0.0)	(35.0, 0.0)	(36.0, 0.0)	(37.0, 0.0)	(38.0, 0.5)	(39.0, 0.5)	(40.0, 0.5)	(41.0, 1.0)	(42.0, 4.083333333333334)	(43.0, 15.833333333333334)	(44.0, 39.99999999999999)	(45.0, 65.08333333333337)	(46.0, 161.66666666666688)	(47.0, 6503.24999999857)	(48.0, 7407.499999997759)	(49.0, 2676.916666666764)	(50.0, 2809.6666666668184)	(51.0, 22605.0833333227)	(52.0, 27451.416666638634)	(53.0, 6470.416666665308)	(54.0, 1611.9999999999181)	(55.0, 569.1666666666621)	(56.0, 119.99999999999955)	(57.0, 38.666666666666664)	(58.0, 92.99999999999977)	(59.0, 92.41666666666647)	(60.0, 12.41666666666667)	(61.0, 8.166666666666664)	(62.0, 48.33333333333341)	(63.0, 9.5)	(64.0, 0.6666666666666666)	(65.0, 1.0)	(66.0, 1.0)	(67.0, 0.0)	(68.0, 0.0)	(69.0, 0.0)	(70.0, 0.0)	(71.0, 0.0)	(72.0, 0.0)	(73.0, 0.0)	(74.0, 0.0)	(75.0, 0.0)	(76.0, 0.0)	(77.0, 0.0)	(78.0, 0.0)	(79.0, 0.0)	(80.0, 0.0)	(81.0, 0.0)	(82.0, 0.0)	(83.0, 0.0)	(84.0, 0.0)	(85.0, 0.0)	(86.0, 0.0)	(87.0, 0.0)	(88.0, 0.0)	(89.0, 0.0)	(90.0, 0.0)	(91.0, 0.0)	(92.0, 0.0)	(93.0, 0.0)	(94.0, 0.0)	(95.0, 0.0)	(96.0, 0.0)	(97.0, 0.0)	(98.0, 0.0)	(99.0, 0.0)	(100.0, 0.0)
1067R_R_M_S2_week7_S58_L001_R2_001	(0.0, 0.0)	(1.0, 0.0)	(2.0, 0.0)	(3.0, 0.0)	(4.0, 0.0)	(5.0, 0.0)	(6.0, 0.0)	(7.0, 0.0)	(8.0, 0.0)	(9.0, 0.0)	(10.0, 0.0)	(11.0, 0.0)	(12.0, 0.0)	(13.0, 0.0)	(14.0, 0.0)	(15.0, 0.0)	(16.0, 0.0)	(17.0, 0.0)	(18.0, 0.0)	(19.0, 0.0)	(20.0, 0.0)	(21.0, 0.0)	(22.0, 0.0)	(23.0, 0.0)	(24.0, 0.0)	(25.0, 0.0)	(26.0, 0.0)	(27.0, 0.0)	(28.0, 0.0)	(29.0, 0.0)	(30.0, 0.0)	(31.0, 0.0)	(32.0, 0.5)	(33.0, 1.0)	(34.0, 1.0)	(35.0, 0.5)	(36.0, 0.0)	(37.0, 1.5)	(38.0, 4.0)	(39.0, 5.0)	(40.0, 8.0)	(41.0, 16.166666666666668)	(42.0, 21.500000000000004)	(43.0, 24.416666666666664)	(44.0, 50.08333333333338)	(45.0, 417.7499999999944)	(46.0, 6103.166666665596)	(47.0, 4871.0000000000355)	(48.0, 1192.666666666673)	(49.0, 553.4999999999952)	(50.0, 431.74999999999494)	(51.0, 3736.8333333338815)	(52.0, 4339.250000000494)	(53.0, 4235.416666667235)	(54.0, 3721.333333333831)	(55.0, 1559.3333333332866)	(56.0, 21504.749999993754)	(57.0, 21975.166666658875)	(58.0, 1579.6666666666129)	(59.0, 414.58333333333087)	(60.0, 404.49999999999704)	(61.0, 387.4166666666635)	(62.0, 149.91666666666669)	(63.0, 98.66666666666661)	(64.0, 95.7499999999999)	(65.0, 38.83333333333333)	(66.0, 16.833333333333336)	(67.0, 19.16666666666667)	(68.0, 14.083333333333336)	(69.0, 8.25)	(70.0, 7.166666666666666)	(71.0, 12.166666666666671)	(72.0, 37.166666666666664)	(73.0, 6.666666666666664)	(74.0, 2.1666666666666665)	(75.0, 2.3333333333333335)	(76.0, 1.0)	(77.0, 1.0)	(78.0, 0.0)	(79.0, 0.0)	(80.0, 0.0)	(81.0, 0.0)	(82.0, 0.0)	(83.0, 0.0)	(84.0, 0.0)	(85.0, 0.0)	(86.0, 0.0)	(87.0, 0.0)	(88.0, 0.0)	(89.0, 0.0)	(90.0, 0.0)	(91.0, 0.0)	(92.0, 0.0)	(93.0, 0.0)	(94.0, 0.0)	(95.0, 0.0)	(96.0, 0.0)	(97.0, 0.0)	(98.0, 0.0)	(99.0, 0.0)	(100.0, 0.5)
1067R_R_M_S2_week9_S59_L001_R1_001	(0.0, 0.0)	(1.0, 0.0)	(2.0, 0.0)	(3.0, 0.0)	(4.0, 0.0)	(5.0, 0.0)	(6.0, 0.0)	(7.0, 0.0)	(8.0, 0.0)	(9.0, 0.0)	(10.0, 0.0)	(11.0, 0.0)	(12.0, 0.0)	(13.0, 0.0)	(14.0, 0.0)	(15.0, 0.0)	(16.0, 0.0)	(17.0, 0.0)	(18.0, 0.0)	(19.0, 0.0)	(20.0, 0.0)	(21.0, 0.0)	(22.0, 0.0)	(23.0, 0.0)	(24.0, 0.0)	(25.0, 0.0)	(26.0, 0.0)	(27.0, 0.0)	(28.0, 0.0)	(29.0, 0.0)	(30.0, 0.0)	(31.0, 0.0)	(32.0, 0.0)	(33.0, 0.0)	(34.0, 0.0)	(35.0, 0.3333333333333333)	(36.0, 0.25)	(37.0, 0.0)	(38.0, 0.0)	(39.0, 0.5)	(40.0, 0.5)	(41.0, 1.0)	(42.0, 7.333333333333333)	(43.0, 22.583333333333332)	(44.0, 56.58333333333334)	(45.0, 90.99999999999997)	(46.0, 323.8333333333326)	(47.0, 12182.583333337594)	(48.0, 12812.33333333873)	(49.0, 3175.500000000317)	(50.0, 3446.000000000435)	(51.0, 9625.999999999627)	(52.0, 14221.50000000793)	(53.0, 6438.333333331969)	(54.0, 1135.6666666666868)	(55.0, 306.4166666666667)	(56.0, 68.58333333333341)	(57.0, 17.25)	(58.0, 61.41666666666681)	(59.0, 67.9166666666668)	(60.0, 8.333333333333332)	(61.0, 4.833333333333333)	(62.0, 23.833333333333314)	(63.0, 3.166666666666667)	(64.0, 1.1666666666666665)	(65.0, 0.3333333333333333)	(66.0, 0.25)	(67.0, 0.25)	(68.0, 0.0)	(69.0, 0.0)	(70.0, 0.0)	(71.0, 0.0)	(72.0, 0.0)	(73.0, 0.0)	(74.0, 0.0)	(75.0, 0.0)	(76.0, 0.0)	(77.0, 0.0)	(78.0, 0.0)	(79.0, 0.0)	(80.0, 0.0)	(81.0, 0.0)	(82.0, 0.0)	(83.0, 0.0)	(84.0, 0.0)	(85.0, 0.0)	(86.0, 0.0)	(87.0, 0.0)	(88.0, 0.0)	(89.0, 0.0)	(90.0, 0.0)	(91.0, 0.0)	(92.0, 0.0)	(93.0, 0.0)	(94.0, 0.0)	(95.0, 0.0)	(96.0, 0.0)	(97.0, 0.0)	(98.0, 0.0)	(99.0, 0.0)	(100.0, 0.0)
1067R_R_M_S2_week9_S59_L001_R2_001	(0.0, 0.0)	(1.0, 0.0)	(2.0, 0.0)	(3.0, 0.0)	(4.0, 0.0)	(5.0, 0.0)	(6.0, 0.0)	(7.0, 0.0)	(8.0, 0.0)	(9.0, 0.0)	(10.0, 0.0)	(11.0, 0.0)	(12.0, 0.0)	(13.0, 0.0)	(14.0, 0.0)	(15.0, 0.0)	(16.0, 0.0)	(17.0, 0.0)	(18.0, 0.3333333333333333)	(19.0, 0.0)	(20.0, 0.0)	(21.0, 0.0)	(22.0, 0.0)	(23.0, 0.0)	(24.0, 0.0)	(25.0, 0.0)	(26.0, 0.0)	(27.0, 0.0)	(28.0, 0.0)	(29.0, 0.5)	(30.0, 1.0)	(31.0, 1.0)	(32.0, 1.0)	(33.0, 2.0)	(34.0, 2.0)	(35.0, 2.0)	(36.0, 3.5)	(37.0, 3.3333333333333335)	(38.0, 3.8333333333333335)	(39.0, 7.5)	(40.0, 11.333333333333332)	(41.0, 18.0)	(42.0, 28.499999999999986)	(43.0, 45.00000000000002)	(44.0, 87.08333333333321)	(45.0, 1752.0833333332173)	(46.0, 12033.66666667065)	(47.0, 4772.916666666791)	(48.0, 923.9166666666957)	(49.0, 469.3333333333277)	(50.0, 382.9166666666637)	(51.0, 4076.75000000071)	(52.0, 4771.500000000128)	(53.0, 6036.749999999035)	(54.0, 5104.999999999832)	(55.0, 989.083333333362)	(56.0, 8858.499999998357)	(57.0, 8722.999999998128)	(58.0, 590.7499999999984)	(59.0, 173.66666666666683)	(60.0, 167.16666666666686)	(61.0, 171.33333333333366)	(62.0, 71.0)	(63.0, 54.83333333333335)	(64.0, 62.66666666666676)	(65.0, 25.49999999999999)	(66.0, 11.500000000000002)	(67.0, 14.666666666666668)	(68.0, 9.083333333333332)	(69.0, 3.0)	(70.0, 2.4166666666666665)	(71.0, 4.0)	(72.0, 19.999999999999993)	(73.0, 7.333333333333331)	(74.0, 1.0)	(75.0, 0.75)	(76.0, 0.25)	(77.0, 0.0)	(78.0, 0.0)	(79.0, 0.0)	(80.0, 0.0)	(81.0, 0.0)	(82.0, 0.0)	(83.0, 0.0)	(84.0, 0.0)	(85.0, 0.0)	(86.0, 0.0)	(87.0, 0.0)	(88.0, 0.0)	(89.0, 0.0)	(90.0, 0.0)	(91.0, 0.0)	(92.0, 0.0)	(93.0, 0.0)	(94.0, 0.0)	(95.0, 0.0)	(96.0, 0.5)	(97.0, 0.5)	(98.0, 0.0)	(99.0, 0.0)	(100.0, 0.0)
1075R_L_M_NS6_week9_S84_L001_R1_001	(0.0, 0.0)	(1.0, 0.0)	(2.0, 0.0)	(3.0, 0.0)	(4.0, 0.0)	(5.0, 0.0)	(6.0, 0.0)	(7.0, 0.0)	(8.0, 0.0)	(9.0, 0.0)	(10.0, 0.0)	(11.0, 0.0)	(12.0, 0.0)	(13.0, 0.0)	(14.0, 0.0)	(15.0, 0.0)	(16.0, 0.0)	(17.0, 0.0)	(18.0, 0.0)	(19.0, 0.0)	(20.0, 0.0)	(21.0, 0.0)	(22.0, 0.0)	(23.0, 0.0)	(24.0, 0.0)	(25.0, 0.0)	(26.0, 0.0)	(27.0, 0.0)	(28.0, 0.0)	(29.0, 0.0)	(30.0, 0.0)	(31.0, 0.0)	(32.0, 0.0)	(33.0, 0.0)	(34.0, 0.0)	(35.0, 0.0)	(36.0, 0.0)	(37.0, 0.5)	(38.0, 2.3333333333333335)	(39.0, 2.8333333333333335)	(40.0, 3.5)	(41.0, 14.166666666666668)	(42.0, 34.41666666666667)	(43.0, 59.083333333333336)	(44.0, 122.74999999999986)	(45.0, 642.5000000000024)	(46.0, 5753.833333332584)	(47.0, 9259.916666665635)	(48.0, 19871.08333333257)	(49.0, 2665.416666666759)	(50.0, 801.4166666666868)	(51.0, 2951.5833333335545)	(52.0, 6909.083333331528)	(53.0, 3986.4166666673577)	(54.0, 690.2500000000083)	(55.0, 260.3333333333358)	(56.0, 25.249999999999982)	(57.0, 5.583333333333332)	(58.0, 14.333333333333341)	(59.0, 15.166666666666677)	(60.0, 1.6666666666666665)	(61.0, 4.0)	(62.0, 34.666666666666636)	(63.0, 4.916666666666666)	(64.0, 1.8333333333333333)	(65.0, 2.25)	(66.0, 0.5)	(67.0, 0.0)	(68.0, 0.5833333333333333)	(69.0, 0.3333333333333333)	(70.0, 0.0)	(71.0, 0.0)	(72.0, 0.0)	(73.0, 0.0)	(74.0, 0.0)	(75.0, 0.0)	(76.0, 0.0)	(77.0, 0.0)	(78.0, 0.0)	(79.0, 0.0)	(80.0, 0.0)	(81.0, 0.0)	(82.0, 0.0)	(83.0, 0.0)	(84.0, 0.0)	(85.0, 0.0)	(86.0, 0.0)	(87.0, 0.0)	(88.0, 0.0)	(89.0, 0.0)	(90.0, 0.0)	(91.0, 0.0)	(92.0, 0.0)	(93.0, 0.0)	(94.0, 0.0)	(95.0, 0.0)	(96.0, 0.0)	(97.0, 0.0)	(98.0, 0.0)	(99.0, 0.0)	(100.0, 0.0)
1075R_L_M_NS6_week9_S84_L001_R2_001	(0.0, 0.0)	(1.0, 0.0)	(2.0, 0.0)	(3.0, 0.0)	(4.0, 0.0)	(5.0, 0.0)	(6.0, 0.0)	(7.0, 0.0)	(8.0, 0.0)	(9.0, 0.0)	(10.0, 0.0)	(11.0, 0.0)	(12.0, 0.0)	(13.0, 0.0)	(14.0, 0.0)	(15.0, 0.0)	(16.0, 0.0)	(17.0, 0.0)	(18.0, 0.0)	(19.0, 0.0)	(20.0, 0.0)	(21.0, 0.0)	(22.0, 0.0)	(23.0, 0.0)	(24.0, 0.0)	(25.0, 0.0)	(26.0, 0.0)	(27.0, 0.0)	(28.0, 0.0)	(29.0, 0.0)	(30.0, 0.0)	(31.0, 0.0)	(32.0, 0.0)	(33.0, 1.0)	(34.0, 1.5)	(35.0, 2.5)	(36.0, 3.3333333333333335)	(37.0, 3.8333333333333335)	(38.0, 8.5)	(39.0, 13.666666666666666)	(40.0, 17.833333333333332)	(41.0, 29.5)	(42.0, 37.833333333333336)	(43.0, 50.83333333333335)	(44.0, 111.49999999999977)	(45.0, 1381.1666666666329)	(46.0, 10781.500000001704)	(47.0, 13427.250000006408)	(48.0, 13192.666666672636)	(49.0, 7214.499999997982)	(50.0, 562.1666666666628)	(51.0, 2909.000000000195)	(52.0, 2709.416666666774)	(53.0, 1823.9999999998777)	(54.0, 3047.9166666669194)	(55.0, 573.4999999999969)	(56.0, 2923.66666666686)	(57.0, 2734.666666666778)	(58.0, 173.00000000000023)	(59.0, 62.500000000000036)	(60.0, 45.66666666666668)	(61.0, 43.08333333333336)	(62.0, 26.666666666666668)	(63.0, 19.916666666666664)	(64.0, 15.333333333333337)	(65.0, 7.666666666666665)	(66.0, 4.999999999999999)	(67.0, 6.833333333333333)	(68.0, 6.916666666666666)	(69.0, 4.666666666666666)	(70.0, 4.833333333333334)	(71.0, 5.999999999999998)	(72.0, 28.3333333333333)	(73.0, 5.416666666666666)	(74.0, 0.0)	(75.0, 0.0)	(76.0, 0.0)	(77.0, 0.0)	(78.0, 0.0)	(79.0, 0.0)	(80.0, 0.0)	(81.0, 0.0)	(82.0, 0.0)	(83.0, 0.0)	(84.0, 0.0)	(85.0, 0.0)	(86.0, 0.0)	(87.0, 0.0)	(88.0, 0.0)	(89.0, 0.0)	(90.0, 0.0)	(91.0, 0.0)	(92.0, 0.0)	(93.0, 0.0)	(94.0, 0.0)	(95.0, 0.0)	(96.0, 0.0)	(97.0, 0.0)	(98.0, 0.0)	(99.0, 0.0)	(100.0, 0.8333333333333333)
1076R_0_M_S5_week9_S76_L001_R1_001	(0.0, 0.0)	(1.0, 0.0)	(2.0, 0.0)	(3.0, 0.0)	(4.0, 0.0)	(5.0, 0.0)	(6.0, 0.0)	(7.0, 0.0)	(8.0, 0.0)	(9.0, 0.0)	(10.0, 0.0)	(11.0, 0.0)	(12.0, 0.0)	(13.0, 0.0)	(14.0, 0.0)	(15.0, 0.0)	(16.0, 0.0)	(17.0, 0.0)	(18.0, 0.0)	(19.0, 0.0)	(20.0, 0.0)	(21.0, 0.0)	(22.0, 0.0)	(23.0, 0.0)	(24.0, 0.0)	(25.0, 0.0)	(26.0, 0.0)	(27.0, 0.0)	(28.0, 0.0)	(29.0, 0.0)	(30.0, 0.0)	(31.0, 0.0)	(32.0, 0.0)	(33.0, 0.0)	(34.0, 0.25)	(35.0, 0.25)	(36.0, 0.0)	(37.0, 0.0)	(38.0, 0.3333333333333333)	(39.0, 1.1666666666666665)	(40.0, 0.8333333333333333)	(41.0, 2.333333333333333)	(42.0, 4.166666666666666)	(43.0, 11.500000000000002)	(44.0, 31.99999999999999)	(45.0, 61.83333333333341)	(46.0, 713.4166666666766)	(47.0, 8145.416666663748)	(48.0, 3283.5000000003656)	(49.0, 2776.0000000001387)	(50.0, 3505.0000000004666)	(51.0, 10362.083333334296)	(52.0, 12519.083333338194)	(53.0, 5811.583333332538)	(54.0, 2729.416666666787)	(55.0, 403.3333333333286)	(56.0, 130.91666666666632)	(57.0, 33.33333333333331)	(58.0, 45.08333333333338)	(59.0, 41.4166666666667)	(60.0, 6.999999999999998)	(61.0, 3.666666666666667)	(62.0, 45.583333333333385)	(63.0, 7.666666666666663)	(64.0, 2.25)	(65.0, 1.3333333333333333)	(66.0, 0.5)	(67.0, 0.5)	(68.0, 0.0)	(69.0, 0.0)	(70.0, 0.0)	(71.0, 0.0)	(72.0, 0.0)	(73.0, 0.0)	(74.0, 0.0)	(75.0, 0.0)	(76.0, 0.0)	(77.0, 0.0)	(78.0, 0.0)	(79.0, 0.0)	(80.0, 0.0)	(81.0, 0.0)	(82.0, 0.0)	(83.0, 0.0)	(84.0, 0.0)	(85.0, 0.0)	(86.0, 0.0)	(87.0, 0.0)	(88.0, 0.0)	(89.0, 0.0)	(90.0, 0.0)	(91.0, 0.0)	(92.0, 0.0)	(93.0, 0.0)	(94.0, 0.0)	(95.0, 0.0)	(96.0, 0.0)	(97.0, 0.0)	(98.0, 0.0)	(99.0, 0.0)	(100.0, 0.0)
1076R_0_M_S5_week9_S76_L001_R2_001	(0.0, 0.0)	(1.0, 0.0)	(2.0, 0.0)	(3.0, 0.0)	(4.0, 0.0)	(5.0, 0.0)	(6.0, 0.0)	(7.0, 0.0)	(8.0, 0.0)	(9.0, 0.0)	(10.0, 0.0)	(11.0, 0.0)	(12.0, 0.0)	(13.0, 0.0)	(14.0, 0.0)	(15.0, 0.0)	(16.0, 0.0)	(17.0, 0.0)	(18.0, 0.0)	(19.0, 0.0)	(20.0, 0.0)	(21.0, 0.0)	(22.0, 0.0)	(23.0, 0.0)	(24.0, 0.0)	(25.0, 0.0)	(26.0, 0.0)	(27.0, 0.0)	(28.0, 0.5)	(29.0, 1.0)	(30.0, 1.0)	(31.0, 0.5)	(32.0, 0.3333333333333333)	(33.0, 0.0)	(34.0, 0.0)	(35.0, 0.5)	(36.0, 3.0)	(37.0, 5.0)	(38.0, 6.0)	(39.0, 7.833333333333333)	(40.0, 9.416666666666666)	(41.0, 11.166666666666666)	(42.0, 15.833333333333334)	(43.0, 31.83333333333332)	(44.0, 67.50000000000011)	(45.0, 646.3333333333366)	(46.0, 7673.833333330847)	(47.0, 1048.5000000000373)	(48.0, 1007.0000000000385)	(49.0, 497.3333333333253)	(50.0, 324.66666666666606)	(51.0, 1011.4166666667059)	(52.0, 1620.0833333332514)	(53.0, 5815.9166666658775)	(54.0, 5514.9999999994825)	(55.0, 2222.9166666665797)	(56.0, 10616.833333334685)	(57.0, 8962.416666665209)	(58.0, 712.1666666666737)	(59.0, 252.50000000000077)	(60.0, 302.8333333333331)	(61.0, 288.75000000000006)	(62.0, 105.33333333333323)	(63.0, 62.25000000000001)	(64.0, 44.00000000000001)	(65.0, 21.499999999999996)	(66.0, 13.666666666666668)	(67.0, 16.583333333333336)	(68.0, 13.916666666666666)	(69.0, 4.833333333333334)	(70.0, 4.166666666666667)	(71.0, 15.500000000000007)	(72.0, 39.66666666666668)	(73.0, 8.166666666666664)	(74.0, 0.6666666666666666)	(75.0, 0.5)	(76.0, 0.5)	(77.0, 0.0)	(78.0, 0.0)	(79.0, 0.0)	(80.0, 0.0)	(81.0, 0.0)	(82.0, 0.0)	(83.0, 0.0)	(84.0, 0.0)	(85.0, 0.0)	(86.0, 0.0)	(87.0, 0.0)	(88.0, 0.0)	(89.0, 0.0)	(90.0, 0.0)	(91.0, 0.0)	(92.0, 0.3333333333333333)	(93.0, 0.3333333333333333)	(94.0, 0.0)	(95.0, 0.0)	(96.0, 0.0)	(97.0, 0.0)	(98.0, 0.0)	(99.0, 0.0)	(100.0, 0.0)
1121R_0_M_NS1_week5_S26_L001_R1_001	(0.0, 0.0)	(1.0, 0.0)	(2.0, 0.0)	(3.0, 0.0)	(4.0, 0.0)	(5.0, 0.0)	(6.0, 0.0)	(7.0, 0.0)	(8.0, 0.0)	(9.0, 0.0)	(10.0, 0.0)	(11.0, 0.0)	(12.0, 0.0)	(13.0, 0.0)	(14.0, 0.0)	(15.0, 0.0)	(16.0, 0.0)	(17.0, 0.0)	(18.0, 0.0)	(19.0, 0.0)	(20.0, 0.0)	(21.0, 0.0)	(22.0, 0.0)	(23.0, 0.0)	(24.0, 0.0)	(25.0, 0.0)	(26.0, 0.0)	(27.0, 0.0)	(28.0, 0.0)	(29.0, 0.0)	(30.0, 0.0)	(31.0, 0.0)	(32.0, 0.0)	(33.0, 0.0)	(34.0, 0.0)	(35.0, 0.0)	(36.0, 0.0)	(37.0, 0.0)	(38.0, 0.0)	(39.0, 0.0)	(40.0, 0.5)	(41.0, 1.0)	(42.0, 6.5)	(43.0, 19.666666666666668)	(44.0, 57.83333333333335)	(45.0, 98.33333333333324)	(46.0, 180.8333333333338)	(47.0, 2783.6666666668125)	(48.0, 11264.416666669264)	(49.0, 1557.6666666665953)	(50.0, 1038.5833333333733)	(51.0, 13277.750000006228)	(52.0, 14893.00000000912)	(53.0, 4240.500000000594)	(54.0, 2436.166666666661)	(55.0, 654.7500000000044)	(56.0, 101.5833333333331)	(57.0, 25.083333333333325)	(58.0, 22.58333333333333)	(59.0, 32.16666666666663)	(60.0, 6.333333333333332)	(61.0, 4.999999999999999)	(62.0, 40.500000000000014)	(63.0, 7.249999999999998)	(64.0, 0.6666666666666666)	(65.0, 0.5)	(66.0, 0.5)	(67.0, 0.0)	(68.0, 0.0)	(69.0, 0.0)	(70.0, 0.0)	(71.0, 0.0)	(72.0, 0.0)	(73.0, 0.0)	(74.0, 0.0)	(75.0, 0.0)	(76.0, 0.0)	(77.0, 0.0)	(78.0, 0.0)	(79.0, 0.0)	(80.0, 0.0)	(81.0, 0.0)	(82.0, 0.0)	(83.0, 0.0)	(84.0, 0.0)	(85.0, 0.0)	(86.0, 0.0)	(87.0, 0.0)	(88.0, 0.0)	(89.0, 0.0)	(90.0, 0.0)	(91.0, 0.0)	(92.0, 0.0)	(93.0, 0.0)	(94.0, 0.0)	(95.0, 0.0)	(96.0, 0.0)	(97.0, 0.0)	(98.0, 0.0)	(99.0, 0.0)	(100.0, 0.0)
1121R_0_M_NS1_week5_S26_L001_R2_001	(0.0, 0.0)	(1.0, 0.0)	(2.0, 0.0)	(3.0, 0.0)	(4.0, 0.0)	(5.0, 0.0)	(6.0, 0.0)	(7.0, 0.0)	(8.0, 0.0)	(9.0, 0.0)	(10.0, 0.0)	(11.0, 0.0)	(12.0, 0.0)	(13.0, 0.0)	(14.0, 0.0)	(15.0, 0.0)	(16.0, 0.0)	(17.0, 0.0)	(18.0, 0.0)	(19.0, 0.0)	(20.0, 0.0)	(21.0, 0.0)	(22.0, 0.0)	(23.0, 0.0)	(24.0, 0.0)	(25.0, 0.0)	(26.0, 0.0)	(27.0, 0.0)	(28.0, 0.0)	(29.0, 0.0)	(30.0, 0.0)	(31.0, 1.0)	(32.0, 1.0)	(33.0, 0.5)	(34.0, 0.5)	(35.0, 0.0)	(36.0, 0.3333333333333333)	(37.0, 1.3333333333333333)	(38.0, 3.833333333333333)	(39.0, 6.0)	(40.0, 9.333333333333334)	(41.0, 14.500000000000002)	(42.0, 15.833333333333336)	(43.0, 21.499999999999996)	(44.0, 38.833333333333336)	(45.0, 135.58333333333292)	(46.0, 1333.7499999999777)	(47.0, 1261.66666666666)	(48.0, 3447.916666667098)	(49.0, 9082.333333332028)	(50.0, 1015.2500000000383)	(51.0, 1310.9166666666515)	(52.0, 1457.9166666666208)	(53.0, 2140.9999999998695)	(54.0, 2626.500000000071)	(55.0, 1137.16666666668)	(56.0, 13843.000000006801)	(57.0, 13091.583333338795)	(58.0, 896.3333333333536)	(59.0, 254.25000000000088)	(60.0, 273.33333333333394)	(61.0, 260.58333333333456)	(62.0, 92.49999999999996)	(63.0, 54.83333333333336)	(64.0, 39.66666666666667)	(65.0, 14.0)	(66.0, 10.166666666666666)	(67.0, 12.5)	(68.0, 9.833333333333334)	(69.0, 4.166666666666666)	(70.0, 4.166666666666667)	(71.0, 8.166666666666664)	(72.0, 32.333333333333286)	(73.0, 6.999999999999997)	(74.0, 0.0)	(75.0, 0.0)	(76.0, 0.0)	(77.0, 0.3333333333333333)	(78.0, 0.0)	(79.0, 0.0)	(80.0, 0.0)	(81.0, 0.0)	(82.0, 0.3333333333333333)	(83.0, 0.0)	(84.0, 0.0)	(85.0, 0.0)	(86.0, 0.0)	(87.0, 0.3333333333333333)	(88.0, 0.3333333333333333)	(89.0, 0.3333333333333333)	(90.0, 0.0)	(91.0, 0.0)	(92.0, 0.0)	(93.0, 0.0)	(94.0, 0.0)	(95.0, 0.0)	(96.0, 0.0)	(97.0, 0.0)	(98.0, 0.0)	(99.0, 0.0)	(100.0, 0.0)
1121R_0_M_NS1_week6_S27_L001_R1_001	(0.0, 0.0)	(1.0, 0.0)	(2.0, 0.0)	(3.0, 0.0)	(4.0, 0.0)	(5.0, 0.0)	(6.0, 0.0)	(7.0, 0.0)	(8.0, 0.0)	(9.0, 0.0)	(10.0, 0.0)	(11.0, 0.0)	(12.0, 0.0)	(13.0, 0.0)	(14.0, 0.0)	(15.0, 0.0)	(16.0, 0.0)	(17.0, 0.0)	(18.0, 0.0)	(19.0, 0.0)	(20.0, 0.0)	(21.0, 0.0)	(22.0, 0.0)	(23.0, 0.0)	(24.0, 0.0)	(25.0, 0.0)	(26.0, 0.0)	(27.0, 0.0)	(28.0, 0.0)	(29.0, 0.0)	(30.0, 0.0)	(31.0, 0.25)	(32.0, 0.0)	(33.0, 0.0)	(34.0, 0.0)	(35.0, 0.0)	(36.0, 0.0)	(37.0, 0.0)	(38.0, 0.0)	(39.0, 0.0)	(40.0, 1.3333333333333333)	(41.0, 3.333333333333333)	(42.0, 6.5)	(43.0, 20.166666666666664)	(44.0, 59.33333333333335)	(45.0, 103.58333333333324)	(46.0, 268.66666666666845)	(47.0, 4933.666666666656)	(48.0, 11828.500000003609)	(49.0, 1801.5833333332093)	(50.0, 1183.0833333333446)	(51.0, 13565.416666673422)	(52.0, 15221.083333343064)	(53.0, 3203.58333333366)	(54.0, 1314.4999999999807)	(55.0, 487.4999999999905)	(56.0, 60.333333333333435)	(57.0, 16.750000000000007)	(58.0, 15.500000000000007)	(59.0, 26.99999999999997)	(60.0, 5.999999999999998)	(61.0, 10.083333333333334)	(62.0, 54.00000000000011)	(63.0, 7.83333333333333)	(64.0, 3.0)	(65.0, 1.0)	(66.0, 0.5)	(67.0, 0.0)	(68.0, 0.8333333333333333)	(69.0, 0.8333333333333333)	(70.0, 0.0)	(71.0, 0.0)	(72.0, 0.0)	(73.0, 0.0)	(74.0, 0.0)	(75.0, 0.0)	(76.0, 0.0)	(77.0, 0.0)	(78.0, 0.0)	(79.0, 0.0)	(80.0, 0.0)	(81.0, 0.0)	(82.0, 0.0)	(83.0, 0.0)	(84.0, 0.0)	(85.0, 0.0)	(86.0, 0.0)	(87.0, 0.0)	(88.0, 0.0)	(89.0, 0.0)	(90.0, 0.0)	(91.0, 0.0)	(92.0, 0.0)	(93.0, 0.0)	(94.0, 0.0)	(95.0, 0.0)	(96.0, 0.0)	(97.0, 0.0)	(98.0, 0.0)	(99.0, 0.0)	(100.0, 0.0)
1121R_0_M_NS1_week6_S27_L001_R2_001	(0.0, 0.0)	(1.0, 0.0)	(2.0, 0.0)	(3.0, 0.0)	(4.0, 0.0)	(5.0, 0.0)	(6.0, 0.0)	(7.0, 0.0)	(8.0, 0.0)	(9.0, 0.0)	(10.0, 0.0)	(11.0, 0.0)	(12.0, 0.0)	(13.0, 0.0)	(14.0, 0.0)	(15.0, 0.0)	(16.0, 0.0)	(17.0, 0.0)	(18.0, 0.0)	(19.0, 0.0)	(20.0, 0.0)	(21.0, 0.0)	(22.0, 0.0)	(23.0, 0.0)	(24.0, 0.0)	(25.0, 0.0)	(26.0, 0.0)	(27.0, 0.0)	(28.0, 0.0)	(29.0, 0.0)	(30.0, 0.5)	(31.0, 0.5)	(32.0, 0.0)	(33.0, 0.0)	(34.0, 0.0)	(35.0, 2.0)	(36.0, 5.5)	(37.0, 8.0)	(38.0, 12.0)	(39.0, 14.5)	(40.0, 14.0)	(41.0, 13.0)	(42.0, 19.66666666666667)	(43.0, 30.16666666666666)	(44.0, 45.00000000000002)	(45.0, 232.33333333333525)	(46.0, 3031.8333333335895)	(47.0, 2597.500000000062)	(48.0, 3921.000000000639)	(49.0, 7606.666666664289)	(50.0, 860.4166666666885)	(51.0, 1903.4999999998618)	(52.0, 2175.666666666547)	(53.0, 1982.9999999998468)	(54.0, 2386.833333333309)	(55.0, 835.0833333333495)	(56.0, 12941.500000005297)	(57.0, 13150.58333333899)	(58.0, 816.0833333333479)	(59.0, 215.91666666666714)	(60.0, 152.41666666666663)	(61.0, 125.83333333333306)	(62.0, 53.083333333333364)	(63.0, 33.0)	(64.0, 39.166666666666664)	(65.0, 21.083333333333336)	(66.0, 13.083333333333332)	(67.0, 15.416666666666666)	(68.0, 12.750000000000002)	(69.0, 7.416666666666666)	(70.0, 4.333333333333333)	(71.0, 13.33333333333334)	(72.0, 41.50000000000002)	(73.0, 12.000000000000004)	(74.0, 0.8333333333333333)	(75.0, 0.5)	(76.0, 0.3333333333333333)	(77.0, 0.3333333333333333)	(78.0, 0.0)	(79.0, 0.0)	(80.0, 0.0)	(81.0, 0.0)	(82.0, 0.0)	(83.0, 0.0)	(84.0, 0.0)	(85.0, 0.0)	(86.0, 0.0)	(87.0, 0.0)	(88.0, 0.0)	(89.0, 0.0)	(90.0, 0.0)	(91.0, 0.0)	(92.0, 0.0)	(93.0, 0.0)	(94.0, 0.0)	(95.0, 0.0)	(96.0, 0.0)	(97.0, 0.25)	(98.0, 0.0)	(99.0, 0.25)	(100.0, 0.3333333333333333)
1121R_0_M_NS1_week7_S28_L001_R1_001	(0.0, 0.0)	(1.0, 0.0)	(2.0, 0.0)	(3.0, 0.0)	(4.0, 0.0)	(5.0, 0.0)	(6.0, 0.0)	(7.0, 0.0)	(8.0, 0.0)	(9.0, 0.0)	(10.0, 0.0)	(11.0, 0.0)	(12.0, 0.0)	(13.0, 0.0)	(14.0, 0.0)	(15.0, 0.0)	(16.0, 0.0)	(17.0, 0.0)	(18.0, 0.0)	(19.0, 0.0)	(20.0, 0.0)	(21.0, 0.0)	(22.0, 0.0)	(23.0, 0.0)	(24.0, 0.0)	(25.0, 0.0)	(26.0, 0.0)	(27.0, 0.0)	(28.0, 0.0)	(29.0, 0.0)	(30.0, 0.0)	(31.0, 0.0)	(32.0, 0.0)	(33.0, 0.0)	(34.0, 0.0)	(35.0, 0.0)	(36.0, 0.0)	(37.0, 0.0)	(38.0, 0.3333333333333333)	(39.0, 0.3333333333333333)	(40.0, 1.6666666666666665)	(41.0, 2.666666666666667)	(42.0, 5.0)	(43.0, 13.0)	(44.0, 51.66666666666667)	(45.0, 113.49999999999984)	(46.0, 389.9166666666627)	(47.0, 7565.666666664273)	(48.0, 10050.833333333729)	(49.0, 1854.9166666665276)	(50.0, 1351.0833333333062)	(51.0, 9606.333333332926)	(52.0, 11612.166666669871)	(53.0, 3300.2500000003656)	(54.0, 1282.749999999988)	(55.0, 500.91666666665594)	(56.0, 49.000000000000064)	(57.0, 11.166666666666668)	(58.0, 11.833333333333337)	(59.0, 33.249999999999964)	(60.0, 10.91666666666667)	(61.0, 15.000000000000007)	(62.0, 99.91666666666634)	(63.0, 18.666666666666668)	(64.0, 1.833333333333333)	(65.0, 0.6666666666666666)	(66.0, 0.3333333333333333)	(67.0, 0.0)	(68.0, 0.0)	(69.0, 0.0)	(70.0, 0.0)	(71.0, 0.0)	(72.0, 0.0)	(73.0, 0.0)	(74.0, 0.0)	(75.0, 0.0)	(76.0, 0.0)	(77.0, 0.0)	(78.0, 0.0)	(79.0, 0.0)	(80.0, 0.0)	(81.0, 0.0)	(82.0, 0.0)	(83.0, 0.0)	(84.0, 0.0)	(85.0, 0.0)	(86.0, 0.0)	(87.0, 0.0)	(88.0, 0.0)	(89.0, 0.0)	(90.0, 0.0)	(91.0, 0.0)	(92.0, 0.0)	(93.0, 0.0)	(94.0, 0.0)	(95.0, 0.0)	(96.0, 0.0)	(97.0, 0.0)	(98.0, 0.0)	(99.0, 0.0)	(100.0, 0.0)
1121R_0_M_NS1_week7_S28_L001_R2_001	(0.0, 0.0)	(1.0, 0.0)	(2.0, 0.0)	(3.0, 0.0)	(4.0, 0.0)	(5.0, 0.0)	(6.0, 0.0)	(7.0, 0.0)	(8.0, 0.0)	(9.0, 0.0)	(10.0, 0.0)	(11.0, 0.0)	(12.0, 0.0)	(13.0, 0.0)	(14.0, 0.0)	(15.0, 0.0)	(16.0, 0.0)	(17.0, 0.0)	(18.0, 0.0)	(19.0, 0.0)	(20.0, 0.0)	(21.0, 0.0)	(22.0, 0.0)	(23.0, 0.0)	(24.0, 0.0)	(25.0, 0.0)	(26.0, 0.0)	(27.0, 0.0)	(28.0, 0.0)	(29.0, 0.0)	(30.0, 0.0)	(31.0, 1.0)	(32.0, 1.5)	(33.0, 1.0)	(34.0, 1.25)	(35.0, 1.5)	(36.0, 2.0)	(37.0, 2.0)	(38.0, 4.833333333333334)	(39.0, 10.833333333333334)	(40.0, 12.666666666666666)	(41.0, 13.833333333333334)	(42.0, 16.916666666666668)	(43.0, 27.91666666666666)	(44.0, 56.83333333333337)	(45.0, 383.66666666666265)	(46.0, 4988.8333333332685)	(47.0, 3857.000000000621)	(48.0, 3677.583333333872)	(49.0, 3816.5833333339274)	(50.0, 553.2499999999949)	(51.0, 2250.999999999913)	(52.0, 2593.000000000062)	(53.0, 2592.91666666673)	(54.0, 3026.000000000238)	(55.0, 753.0000000000093)	(56.0, 8987.416666665247)	(57.0, 9189.333333332279)	(58.0, 583.9999999999968)	(59.0, 158.1666666666667)	(60.0, 115.16666666666643)	(61.0, 96.58333333333313)	(62.0, 43.333333333333336)	(63.0, 33.49999999999999)	(64.0, 37.666666666666664)	(65.0, 18.583333333333336)	(66.0, 9.333333333333332)	(67.0, 17.25)	(68.0, 18.166666666666664)	(69.0, 8.166666666666664)	(70.0, 7.499999999999997)	(71.0, 18.5)	(72.0, 82.83333333333324)	(73.0, 22.33333333333332)	(74.0, 2.1666666666666665)	(75.0, 2.1666666666666665)	(76.0, 0.5)	(77.0, 0.3333333333333333)	(78.0, 0.3333333333333333)	(79.0, 0.0)	(80.0, 0.0)	(81.0, 0.0)	(82.0, 0.0)	(83.0, 0.0)	(84.0, 0.0)	(85.0, 0.0)	(86.0, 0.0)	(87.0, 0.0)	(88.0, 0.0)	(89.0, 0.0)	(90.0, 0.25)	(91.0, 0.0)	(92.0, 0.0)	(93.0, 0.0)	(94.0, 0.0)	(95.0, 0.0)	(96.0, 0.0)	(97.0, 0.0)	(98.0, 0.0)	(99.0, 0.0)	(100.0, 0.0)
1121R_0_M_NS1_week9_S29_L001_R1_001	(0.0, 0.0)	(1.0, 0.0)	(2.0, 0.0)	(3.0, 0.0)	(4.0, 0.0)	(5.0, 0.0)	(6.0, 0.0)	(7.0, 0.0)	(8.0, 0.0)	(9.0, 0.0)	(10.0, 0.0)	(11.0, 0.0)	(12.0, 0.0)	(13.0, 0.0)	(14.0, 0.0)	(15.0, 0.0)	(16.0, 0.0)	(17.0, 0.0)	(18.0, 0.0)	(19.0, 0.0)	(20.0, 0.0)	(21.0, 0.0)	(22.0, 0.0)	(23.0, 0.0)	(24.0, 0.0)	(25.0, 0.0)	(26.0, 0.0)	(27.0, 0.0)	(28.0, 0.0)	(29.0, 0.0)	(30.0, 0.0)	(31.0, 0.0)	(32.0, 0.0)	(33.0, 0.0)	(34.0, 0.0)	(35.0, 0.0)	(36.0, 0.0)	(37.0, 0.3333333333333333)	(38.0, 0.0)	(39.0, 0.8333333333333333)	(40.0, 1.6666666666666665)	(41.0, 5.5)	(42.0, 18.0)	(43.0, 37.33333333333332)	(44.0, 96.66666666666667)	(45.0, 165.25000000000003)	(46.0, 493.58333333332456)	(47.0, 8273.91666666386)	(48.0, 14072.833333341012)	(49.0, 2283.6666666665906)	(50.0, 1194.6666666666742)	(51.0, 8565.416666664381)	(52.0, 11030.416666668809)	(53.0, 3800.000000000589)	(54.0, 1474.4999999999463)	(55.0, 506.4166666666561)	(56.0, 54.333333333333414)	(57.0, 16.750000000000004)	(58.0, 12.750000000000004)	(59.0, 26.99999999999998)	(60.0, 11.666666666666668)	(61.0, 18.833333333333332)	(62.0, 141.1666666666663)	(63.0, 29.499999999999964)	(64.0, 6.999999999999999)	(65.0, 2.833333333333333)	(66.0, 0.6666666666666666)	(67.0, 0.0)	(68.0, 0.0)	(69.0, 0.0)	(70.0, 0.0)	(71.0, 0.0)	(72.0, 0.0)	(73.0, 0.0)	(74.0, 0.0)	(75.0, 0.0)	(76.0, 0.0)	(77.0, 0.0)	(78.0, 0.0)	(79.0, 0.0)	(80.0, 0.0)	(81.0, 0.0)	(82.0, 0.0)	(83.0, 0.0)	(84.0, 0.0)	(85.0, 0.0)	(86.0, 0.0)	(87.0, 0.0)	(88.0, 0.0)	(89.0, 0.0)	(90.0, 0.0)	(91.0, 0.0)	(92.0, 0.0)	(93.0, 0.0)	(94.0, 0.0)	(95.0, 0.0)	(96.0, 0.0)	(97.0, 0.0)	(98.0, 0.0)	(99.0, 0.0)	(100.0, 0.0)
1121R_0_M_NS1_week9_S29_L001_R2_001	(0.0, 0.0)	(1.0, 0.0)	(2.0, 0.0)	(3.0, 0.0)	(4.0, 0.0)	(5.0, 0.0)	(6.0, 0.0)	(7.0, 0.0)	(8.0, 0.0)	(9.0, 0.0)	(10.0, 0.0)	(11.0, 0.0)	(12.0, 0.0)	(13.0, 0.0)	(14.0, 0.0)	(15.0, 0.0)	(16.0, 0.0)	(17.0, 0.0)	(18.0, 0.0)	(19.0, 0.0)	(20.0, 0.0)	(21.0, 0.0)	(22.0, 0.0)	(23.0, 0.0)	(24.0, 0.0)	(25.0, 0.0)	(26.0, 0.5)	(27.0, 0.5)	(28.0, 0.0)	(29.0, 0.0)	(30.0, 0.0)	(31.0, 0.0)	(32.0, 0.5)	(33.0, 1.0)	(34.0, 0.5)	(35.0, 1.0)	(36.0, 4.0)	(37.0, 6.833333333333333)	(38.0, 8.0)	(39.0, 12.0)	(40.0, 17.5)	(41.0, 24.16666666666666)	(42.0, 31.16666666666666)	(43.0, 39.0)	(44.0, 65.00000000000007)	(45.0, 438.8333333333265)	(46.0, 5422.583333332877)	(47.0, 4314.916666667192)	(48.0, 5227.33333333306)	(49.0, 7096.583333331416)	(50.0, 916.9166666666939)	(51.0, 2191.499999999892)	(52.0, 2507.750000000028)	(53.0, 3058.50000000026)	(54.0, 3229.083333333659)	(55.0, 763.5000000000103)	(56.0, 8141.249999997323)	(57.0, 8179.6666666639385)	(58.0, 556.916666666662)	(59.0, 156.83333333333337)	(60.0, 127.99999999999973)	(61.0, 115.16666666666643)	(62.0, 53.50000000000001)	(63.0, 37.33333333333333)	(64.0, 32.33333333333332)	(65.0, 16.500000000000004)	(66.0, 11.666666666666666)	(67.0, 29.0)	(68.0, 30.333333333333332)	(69.0, 13.333333333333336)	(70.0, 9.833333333333334)	(71.0, 31.166666666666632)	(72.0, 110.83333333333286)	(73.0, 27.49999999999997)	(74.0, 1.0)	(75.0, 2.5)	(76.0, 1.8333333333333333)	(77.0, 0.6666666666666666)	(78.0, 0.3333333333333333)	(79.0, 0.0)	(80.0, 0.0)	(81.0, 0.0)	(82.0, 0.0)	(83.0, 0.0)	(84.0, 0.0)	(85.0, 0.0)	(86.0, 0.3333333333333333)	(87.0, 0.0)	(88.0, 0.0)	(89.0, 0.0)	(90.0, 0.0)	(91.0, 0.25)	(92.0, 0.3333333333333333)	(93.0, 0.0)	(94.0, 0.0)	(95.0, 0.0)	(96.0, 0.0)	(97.0, 0.0)	(98.0, 0.0)	(99.0, 0.0)	(100.0, 0.0)
1136R_0_F_S5_week9_S69_L001_R1_001	(0.0, 0.0)	(1.0, 0.0)	(2.0, 0.0)	(3.0, 0.0)	(4.0, 0.0)	(5.0, 0.0)	(6.0, 0.0)	(7.0, 0.0)	(8.0, 0.0)	(9.0, 0.0)	(10.0, 0.0)	(11.0, 0.0)	(12.0, 0.0)	(13.0, 0.0)	(14.0, 0.0)	(15.0, 0.0)	(16.0, 0.0)	(17.0, 0.0)	(18.0, 0.0)	(19.0, 0.0)	(20.0, 0.0)	(21.0, 0.0)	(22.0, 0.0)	(23.0, 0.0)	(24.0, 0.0)	(25.0, 0.0)	(26.0, 0.0)	(27.0, 0.0)	(28.0, 0.25)	(29.0, 0.0)	(30.0, 0.3333333333333333)	(31.0, 0.0)	(32.0, 0.0)	(33.0, 0.0)	(34.0, 0.0)	(35.0, 0.0)	(36.0, 0.5)	(37.0, 1.0833333333333333)	(38.0, 1.0)	(39.0, 1.1666666666666665)	(40.0, 2.8333333333333335)	(41.0, 5.833333333333333)	(42.0, 14.916666666666666)	(43.0, 44.25000000000001)	(44.0, 124.2499999999999)	(45.0, 205.41666666666734)	(46.0, 1730.0833333332293)	(47.0, 19346.58333333448)	(48.0, 9557.16666666618)	(49.0, 8493.41666666428)	(50.0, 7934.249999997291)	(51.0, 7419.333333331089)	(52.0, 13337.500000006325)	(53.0, 7728.833333330805)	(54.0, 1161.2500000000152)	(55.0, 334.41666666666555)	(56.0, 78.25)	(57.0, 23.58333333333332)	(58.0, 45.08333333333337)	(59.0, 42.83333333333336)	(60.0, 6.333333333333332)	(61.0, 6.499999999999998)	(62.0, 44.41666666666671)	(63.0, 7.499999999999997)	(64.0, 2.333333333333333)	(65.0, 1.4999999999999998)	(66.0, 0.8333333333333333)	(67.0, 0.0)	(68.0, 0.0)	(69.0, 0.0)	(70.0, 0.0)	(71.0, 0.0)	(72.0, 0.0)	(73.0, 0.0)	(74.0, 0.0)	(75.0, 0.0)	(76.0, 0.0)	(77.0, 0.0)	(78.0, 0.0)	(79.0, 0.0)	(80.0, 0.0)	(81.0, 0.0)	(82.0, 0.0)	(83.0, 0.0)	(84.0, 0.0)	(85.0, 0.0)	(86.0, 0.0)	(87.0, 0.0)	(88.0, 0.0)	(89.0, 0.0)	(90.0, 0.0)	(91.0, 0.0)	(92.0, 0.0)	(93.0, 0.0)	(94.0, 0.0)	(95.0, 0.0)	(96.0, 0.0)	(97.0, 0.0)	(98.0, 0.0)	(99.0, 0.0)	(100.0, 0.0)
1136R_0_F_S5_week9_S69_L001_R2_001	(0.0, 0.0)	(1.0, 0.0)	(2.0, 0.0)	(3.0, 0.0)	(4.0, 0.0)	(5.0, 0.0)	(6.0, 0.0)	(7.0, 0.0)	(8.0, 0.0)	(9.0, 0.0)	(10.0, 0.0)	(11.0, 0.0)	(12.0, 0.0)	(13.0, 0.0)	(14.0, 0.0)	(15.0, 0.0)	(16.0, 0.0)	(17.0, 0.0)	(18.0, 0.0)	(19.0, 0.0)	(20.0, 0.0)	(21.0, 0.0)	(22.0, 0.0)	(23.0, 0.0)	(24.0, 0.0)	(25.0, 0.0)	(26.0, 0.0)	(27.0, 0.0)	(28.0, 0.0)	(29.0, 0.0)	(30.0, 0.0)	(31.0, 0.0)	(32.0, 0.5)	(33.0, 2.5)	(34.0, 4.5)	(35.0, 6.333333333333333)	(36.0, 5.833333333333333)	(37.0, 4.5)	(38.0, 6.666666666666666)	(39.0, 8.5)	(40.0, 12.0)	(41.0, 20.66666666666667)	(42.0, 33.74999999999999)	(43.0, 48.91666666666671)	(44.0, 129.91666666666615)	(45.0, 1485.166666666611)	(46.0, 18451.8333333377)	(47.0, 2266.6666666665883)	(48.0, 1676.333333333246)	(49.0, 819.5833333333494)	(50.0, 507.91666666665975)	(51.0, 2142.6666666665387)	(52.0, 3214.083333333651)	(53.0, 16109.08333334439)	(54.0, 13552.333333339748)	(55.0, 1748.416666666587)	(56.0, 6834.999999998434)	(57.0, 6525.749999998656)	(58.0, 530.6666666666612)	(59.0, 183.16666666666677)	(60.0, 165.6666666666668)	(61.0, 147.16666666666666)	(62.0, 71.41666666666669)	(63.0, 42.50000000000001)	(64.0, 45.33333333333337)	(65.0, 24.83333333333333)	(66.0, 12.5)	(67.0, 8.333333333333334)	(68.0, 7.833333333333333)	(69.0, 8.166666666666668)	(70.0, 6.666666666666666)	(71.0, 9.333333333333332)	(72.0, 39.83333333333334)	(73.0, 9.499999999999998)	(74.0, 1.0)	(75.0, 0.5)	(76.0, 0.0)	(77.0, 0.0)	(78.0, 0.0)	(79.0, 0.0)	(80.0, 0.0)	(81.0, 0.0)	(82.0, 0.3333333333333333)	(83.0, 0.3333333333333333)	(84.0, 0.0)	(85.0, 0.0)	(86.0, 0.0)	(87.0, 0.0)	(88.0, 0.0)	(89.0, 0.0)	(90.0, 0.0)	(91.0, 0.0)	(92.0, 0.0)	(93.0, 0.0)	(94.0, 0.0)	(95.0, 0.3333333333333333)	(96.0, 0.0)	(97.0, 0.0)	(98.0, 0.0)	(99.0, 0.0)	(100.0, 0.5)
1151R_R_M_NS1_week5_S30_L001_R1_001	(0.0, 0.0)	(1.0, 0.0)	(2.0, 0.0)	(3.0, 0.0)	(4.0, 0.0)	(5.0, 0.0)	(6.0, 0.0)	(7.0, 0.0)	(8.0, 0.0)	(9.0, 0.0)	(10.0, 0.0)	(11.0, 0.0)	(12.0, 0.0)	(13.0, 0.0)	(14.0, 0.0)	(15.0, 0.0)	(16.0, 0.0)	(17.0, 0.0)	(18.0, 0.0)	(19.0, 0.0)	(20.0, 0.0)	(21.0, 0.0)	(22.0, 0.0)	(23.0, 0.0)	(24.0, 0.0)	(25.0, 0.0)	(26.0, 0.0)	(27.0, 0.0)	(28.0, 0.0)	(29.0, 0.0)	(30.0, 0.0)	(31.0, 0.0)	(32.0, 0.0)	(33.0, 0.0)	(34.0, 0.0)	(35.0, 0.5)	(36.0, 0.5)	(37.0, 0.0)	(38.0, 0.8333333333333333)	(39.0, 2.5)	(40.0, 4.166666666666666)	(41.0, 8.833333333333332)	(42.0, 22.0)	(43.0, 48.666666666666664)	(44.0, 127.99999999999993)	(45.0, 190.83333333333348)	(46.0, 437.8333333333279)	(47.0, 7911.499999997308)	(48.0, 20484.499999997046)	(49.0, 2923.416666666873)	(50.0, 1022.1666666667094)	(51.0, 4374.583333333822)	(52.0, 7847.999999997364)	(53.0, 5321.999999999643)	(54.0, 1799.4166666665421)	(55.0, 628.1666666666684)	(56.0, 77.49999999999996)	(57.0, 19.083333333333332)	(58.0, 14.333333333333336)	(59.0, 14.58333333333334)	(60.0, 5.583333333333332)	(61.0, 8.666666666666664)	(62.0, 87.99999999999983)	(63.0, 16.00000000000001)	(64.0, 2.1666666666666665)	(65.0, 1.6666666666666665)	(66.0, 0.5)	(67.0, 0.0)	(68.0, 0.0)	(69.0, 0.25)	(70.0, 0.0)	(71.0, 0.0)	(72.0, 0.0)	(73.0, 0.0)	(74.0, 0.0)	(75.0, 0.0)	(76.0, 0.0)	(77.0, 0.0)	(78.0, 0.0)	(79.0, 0.0)	(80.0, 0.0)	(81.0, 0.0)	(82.0, 0.0)	(83.0, 0.0)	(84.0, 0.0)	(85.0, 0.0)	(86.0, 0.0)	(87.0, 0.0)	(88.0, 0.0)	(89.0, 0.0)	(90.0, 0.0)	(91.0, 0.0)	(92.0, 0.0)	(93.0, 0.0)	(94.0, 0.0)	(95.0, 0.0)	(96.0, 0.0)	(97.0, 0.0)	(98.0, 0.0)	(99.0, 0.0)	(100.0, 0.0)
1151R_R_M_NS1_week5_S30_L001_R2_001	(0.0, 0.0)	(1.0, 0.0)	(2.0, 0.0)	(3.0, 0.0)	(4.0, 0.0)	(5.0, 0.0)	(6.0, 0.0)	(7.0, 0.0)	(8.0, 0.0)	(9.0, 0.0)	(10.0, 0.0)	(11.0, 0.0)	(12.0, 0.0)	(13.0, 0.0)	(14.0, 0.0)	(15.0, 0.0)	(16.0, 0.0)	(17.0, 0.0)	(18.0, 0.0)	(19.0, 0.0)	(20.0, 0.0)	(21.0, 0.0)	(22.0, 0.0)	(23.0, 0.0)	(24.0, 0.0)	(25.0, 0.0)	(26.0, 0.0)	(27.0, 0.0)	(28.0, 0.0)	(29.0, 0.0)	(30.0, 1.0)	(31.0, 1.0)	(32.0, 0.0)	(33.0, 0.5)	(34.0, 1.5)	(35.0, 2.5)	(36.0, 4.5)	(37.0, 7.5)	(38.0, 10.5)	(39.0, 12.333333333333332)	(40.0, 14.166666666666666)	(41.0, 18.166666666666668)	(42.0, 26.499999999999996)	(43.0, 39.166666666666664)	(44.0, 83.16666666666659)	(45.0, 437.08333333332666)	(46.0, 5012.833333333245)	(47.0, 2978.0833333335618)	(48.0, 6161.666666665572)	(49.0, 13901.750000007234)	(50.0, 1538.1666666666058)	(51.0, 2616.0833333334026)	(52.0, 2941.416666666871)	(53.0, 3732.2500000005357)	(54.0, 3792.4166666672254)	(55.0, 751.0833333333438)	(56.0, 5026.749999999902)	(57.0, 4295.916666667179)	(58.0, 375.7499999999975)	(59.0, 137.49999999999991)	(60.0, 135.6666666666666)	(61.0, 125.49999999999974)	(62.0, 47.83333333333335)	(63.0, 23.916666666666668)	(64.0, 16.583333333333332)	(65.0, 10.666666666666668)	(66.0, 9.5)	(67.0, 13.666666666666668)	(68.0, 12.5)	(69.0, 6.666666666666665)	(70.0, 6.999999999999998)	(71.0, 18.166666666666668)	(72.0, 67.33333333333346)	(73.0, 21.99999999999999)	(74.0, 2.5)	(75.0, 1.0)	(76.0, 0.5)	(77.0, 0.0)	(78.0, 0.0)	(79.0, 0.0)	(80.0, 0.0)	(81.0, 0.0)	(82.0, 0.5)	(83.0, 0.5)	(84.0, 0.0)	(85.0, 0.0)	(86.0, 0.0)	(87.0, 0.0)	(88.0, 0.0)	(89.0, 0.0)	(90.0, 0.0)	(91.0, 0.0)	(92.0, 0.0)	(93.0, 0.3333333333333333)	(94.0, 0.3333333333333333)	(95.0, 0.5)	(96.0, 0.5)	(97.0, 0.0)	(98.0, 0.0)	(99.0, 0.3333333333333333)	(100.0, 0.0)
1151R_R_M_NS1_week6_S31_L001_R1_001	(0.0, 0.0)	(1.0, 0.0)	(2.0, 0.0)	(3.0, 0.0)	(4.0, 0.0)	(5.0, 0.0)	(6.0, 0.0)	(7.0, 0.0)	(8.0, 0.0)	(9.0, 0.0)	(10.0, 0.0)	(11.0, 0.0)	(12.0, 0.0)	(13.0, 0.0)	(14.0, 0.0)	(15.0, 0.0)	(16.0, 0.0)	(17.0, 0.0)	(18.0, 0.0)	(19.0, 0.0)	(20.0, 0.0)	(21.0, 0.0)	(22.0, 0.0)	(23.0, 0.0)	(24.0, 0.0)	(25.0, 0.0)	(26.0, 0.0)	(27.0, 0.0)	(28.0, 0.0)	(29.0, 0.0)	(30.0, 0.3333333333333333)	(31.0, 0.3333333333333333)	(32.0, 0.0)	(33.0, 0.0)	(34.0, 0.0)	(35.0, 0.3333333333333333)	(36.0, 0.0)	(37.0, 0.5)	(38.0, 2.25)	(39.0, 2.75)	(40.0, 2.5)	(41.0, 4.666666666666666)	(42.0, 18.833333333333332)	(43.0, 41.91666666666667)	(44.0, 93.16666666666664)	(45.0, 182.0000000000003)	(46.0, 494.24999999999136)	(47.0, 8904.83333333167)	(48.0, 17804.666666673376)	(49.0, 2859.4166666668443)	(50.0, 1548.1666666665978)	(51.0, 8591.166666664432)	(52.0, 11663.16666666996)	(53.0, 5119.833333333155)	(54.0, 2058.416666666492)	(55.0, 696.1666666666753)	(56.0, 91.08333333333321)	(57.0, 21.500000000000004)	(58.0, 14.750000000000005)	(59.0, 33.16666666666663)	(60.0, 9.999999999999998)	(61.0, 14.333333333333341)	(62.0, 83.24999999999991)	(63.0, 16.916666666666675)	(64.0, 2.333333333333333)	(65.0, 1.4999999999999998)	(66.0, 0.5)	(67.0, 0.0)	(68.0, 0.0)	(69.0, 0.0)	(70.0, 0.0)	(71.0, 0.0)	(72.0, 0.0)	(73.0, 0.0)	(74.0, 0.0)	(75.0, 0.0)	(76.0, 0.0)	(77.0, 0.0)	(78.0, 0.0)	(79.0, 0.0)	(80.0, 0.0)	(81.0, 0.0)	(82.0, 0.0)	(83.0, 0.0)	(84.0, 0.0)	(85.0, 0.0)	(86.0, 0.0)	(87.0, 0.0)	(88.0, 0.0)	(89.0, 0.0)	(90.0, 0.0)	(91.0, 0.0)	(92.0, 0.0)	(93.0, 0.0)	(94.0, 0.0)	(95.0, 0.0)	(96.0, 0.0)	(97.0, 0.0)	(98.0, 0.0)	(99.0, 0.0)	(100.0, 0.0)
1151R_R_M_NS1_week6_S31_L001_R2_001	(0.0, 0.0)	(1.0, 0.0)	(2.0, 0.0)	(3.0, 0.0)	(4.0, 0.0)	(5.0, 0.0)	(6.0, 0.0)	(7.0, 0.0)	(8.0, 0.0)	(9.0, 0.0)	(10.0, 0.0)	(11.0, 0.0)	(12.0, 0.0)	(13.0, 0.0)	(14.0, 0.0)	(15.0, 0.0)	(16.0, 0.0)	(17.0, 0.0)	(18.0, 0.0)	(19.0, 0.0)	(20.0, 0.0)	(21.0, 0.0)	(22.0, 0.0)	(23.0, 0.0)	(24.0, 0.0)	(25.0, 0.0)	(26.0, 0.0)	(27.0, 0.0)	(28.0, 0.5)	(29.0, 1.5)	(30.0, 2.0)	(31.0, 1.0)	(32.0, 0.8333333333333333)	(33.0, 1.3333333333333333)	(34.0, 2.5)	(35.0, 3.0)	(36.0, 4.0)	(37.0, 8.0)	(38.0, 11.333333333333334)	(39.0, 14.5)	(40.0, 18.666666666666664)	(41.0, 20.666666666666668)	(42.0, 26.33333333333333)	(43.0, 43.00000000000002)	(44.0, 79.58333333333333)	(45.0, 452.58333333332604)	(46.0, 5775.49999999923)	(47.0, 4273.500000000564)	(48.0, 5646.0833333326955)	(49.0, 10101.75000000049)	(50.0, 1154.2500000000132)	(51.0, 2215.16666666657)	(52.0, 2553.4166666667074)	(53.0, 4485.91666666703)	(54.0, 4888.083333333357)	(55.0, 1044.8333333333621)	(56.0, 8731.999999998157)	(57.0, 8249.166666664016)	(58.0, 589.499999999998)	(59.0, 184.33333333333354)	(60.0, 141.49999999999994)	(61.0, 119.4999999999997)	(62.0, 51.16666666666668)	(63.0, 41.0)	(64.0, 34.58333333333333)	(65.0, 21.58333333333333)	(66.0, 11.0)	(67.0, 16.5)	(68.0, 18.666666666666668)	(69.0, 8.833333333333332)	(70.0, 7.333333333333332)	(71.0, 15.333333333333341)	(72.0, 67.50000000000013)	(73.0, 17.166666666666675)	(74.0, 2.6666666666666665)	(75.0, 0.8333333333333333)	(76.0, 0.0)	(77.0, 0.5)	(78.0, 1.0)	(79.0, 0.5)	(80.0, 0.3333333333333333)	(81.0, 0.6666666666666666)	(82.0, 0.0)	(83.0, 0.0)	(84.0, 0.0)	(85.0, 0.0)	(86.0, 0.0)	(87.0, 0.0)	(88.0, 0.0)	(89.0, 0.0)	(90.0, 0.0)	(91.0, 0.0)	(92.0, 0.0)	(93.0, 0.25)	(94.0, 0.25)	(95.0, 0.0)	(96.0, 0.0)	(97.0, 0.0)	(98.0, 0.0)	(99.0, 0.0)	(100.0, 0.0)
1151R_R_M_NS1_week7_S32_L001_R1_001	(0.0, 0.0)	(1.0, 0.0)	(2.0, 0.0)	(3.0, 0.0)	(4.0, 0.0)	(5.0, 0.0)	(6.0, 0.0)	(7.0, 0.0)	(8.0, 0.0)	(9.0, 0.0)	(10.0, 0.0)	(11.0, 0.0)	(12.0, 0.0)	(13.0, 0.0)	(14.0, 0.0)	(15.0, 0.0)	(16.0, 0.0)	(17.0, 0.0)	(18.0, 0.0)	(19.0, 0.0)	(20.0, 0.0)	(21.0, 0.0)	(22.0, 0.0)	(23.0, 0.0)	(24.0, 0.0)	(25.0, 0.0)	(26.0, 0.0)	(27.0, 0.0)	(28.0, 0.0)	(29.0, 0.0)	(30.0, 0.0)	(31.0, 0.0)	(32.0, 0.0)	(33.0, 0.0)	(34.0, 0.0)	(35.0, 0.0)	(36.0, 0.0)	(37.0, 0.0)	(38.0, 0.75)	(39.0, 1.5)	(40.0, 2.833333333333333)	(41.0, 4.5)	(42.0, 9.333333333333332)	(43.0, 31.5)	(44.0, 92.66666666666663)	(45.0, 189.33333333333374)	(46.0, 628.4166666666673)	(47.0, 9880.583333333416)	(48.0, 15859.083333344244)	(49.0, 2614.416666666738)	(50.0, 1070.9166666666995)	(51.0, 10548.000000001288)	(52.0, 13149.166666672632)	(53.0, 4310.33333333386)	(54.0, 1924.24999999985)	(55.0, 568.4999999999951)	(56.0, 77.91666666666666)	(57.0, 20.5)	(58.0, 19.916666666666664)	(59.0, 26.91666666666664)	(60.0, 8.666666666666666)	(61.0, 8.499999999999998)	(62.0, 78.5833333333333)	(63.0, 17.666666666666668)	(64.0, 3.0)	(65.0, 1.9999999999999998)	(66.0, 0.6666666666666666)	(67.0, 0.0)	(68.0, 0.0)	(69.0, 0.0)	(70.0, 0.0)	(71.0, 0.0)	(72.0, 0.0)	(73.0, 0.0)	(74.0, 0.0)	(75.0, 0.0)	(76.0, 0.0)	(77.0, 0.0)	(78.0, 0.0)	(79.0, 0.0)	(80.0, 0.0)	(81.0, 0.0)	(82.0, 0.0)	(83.0, 0.0)	(84.0, 0.0)	(85.0, 0.0)	(86.0, 0.0)	(87.0, 0.0)	(88.0, 0.0)	(89.0, 0.0)	(90.0, 0.0)	(91.0, 0.0)	(92.0, 0.0)	(93.0, 0.0)	(94.0, 0.0)	(95.0, 0.0)	(96.0, 0.0)	(97.0, 0.0)	(98.0, 0.0)	(99.0, 0.0)	(100.0, 0.0)
1151R_R_M_NS1_week7_S32_L001_R2_001	(0.0, 0.0)	(1.0, 0.0)	(2.0, 0.0)	(3.0, 0.0)	(4.0, 0.0)	(5.0, 0.0)	(6.0, 0.0)	(7.0, 0.0)	(8.0, 0.0)	(9.0, 0.0)	(10.0, 0.0)	(11.0, 0.0)	(12.0, 0.0)	(13.0, 0.0)	(14.0, 0.0)	(15.0, 0.0)	(16.0, 0.0)	(17.0, 0.0)	(18.0, 0.0)	(19.0, 0.0)	(20.0, 0.0)	(21.0, 0.0)	(22.0, 0.0)	(23.0, 0.0)	(24.0, 0.0)	(25.0, 0.0)	(26.0, 0.0)	(27.0, 0.0)	(28.0, 0.5)	(29.0, 0.5)	(30.0, 0.5)	(31.0, 1.0)	(32.0, 1.0)	(33.0, 2.5)	(34.0, 2.5)	(35.0, 3.0)	(36.0, 4.0)	(37.0, 5.833333333333334)	(38.0, 10.333333333333332)	(39.0, 13.166666666666666)	(40.0, 14.833333333333332)	(41.0, 20.666666666666668)	(42.0, 26.33333333333333)	(43.0, 40.0)	(44.0, 80.99999999999997)	(45.0, 510.33333333332325)	(46.0, 6141.749999998906)	(47.0, 5714.333333332617)	(48.0, 6382.416666665373)	(49.0, 7693.583333330892)	(50.0, 1008.83333333337)	(51.0, 1971.2499999998465)	(52.0, 2240.333333333247)	(53.0, 3594.750000000483)	(54.0, 3731.5000000005302)	(55.0, 949.8333333333593)	(56.0, 10206.583333333998)	(57.0, 10301.83333333417)	(58.0, 784.9166666666798)	(59.0, 207.4166666666671)	(60.0, 160.25000000000009)	(61.0, 154.16666666666674)	(62.0, 69.08333333333337)	(63.0, 42.25)	(64.0, 26.66666666666666)	(65.0, 15.333333333333334)	(66.0, 10.833333333333334)	(67.0, 14.833333333333334)	(68.0, 14.166666666666666)	(69.0, 9.0)	(70.0, 7.333333333333331)	(71.0, 16.00000000000001)	(72.0, 60.500000000000156)	(73.0, 18.833333333333332)	(74.0, 1.3333333333333333)	(75.0, 0.8333333333333333)	(76.0, 0.0)	(77.0, 0.0)	(78.0, 0.0)	(79.0, 0.5833333333333333)	(80.0, 0.0)	(81.0, 0.0)	(82.0, 0.0)	(83.0, 0.0)	(84.0, 0.0)	(85.0, 0.0)	(86.0, 0.0)	(87.0, 0.0)	(88.0, 0.5)	(89.0, 0.8333333333333333)	(90.0, 0.3333333333333333)	(91.0, 0.0)	(92.0, 0.0)	(93.0, 0.0)	(94.0, 0.0)	(95.0, 0.0)	(96.0, 0.0)	(97.0, 0.3333333333333333)	(98.0, 0.0)	(99.0, 0.0)	(100.0, 0.0)
1151R_R_M_NS1_week9_S33_L001_R1_001	(0.0, 0.0)	(1.0, 0.0)	(2.0, 0.0)	(3.0, 0.0)	(4.0, 0.0)	(5.0, 0.0)	(6.0, 0.0)	(7.0, 0.0)	(8.0, 0.0)	(9.0, 0.0)	(10.0, 0.0)	(11.0, 0.0)	(12.0, 0.0)	(13.0, 0.0)	(14.0, 0.0)	(15.0, 0.0)	(16.0, 0.0)	(17.0, 0.0)	(18.0, 0.0)	(19.0, 0.0)	(20.0, 0.0)	(21.0, 0.0)	(22.0, 0.0)	(23.0, 0.0)	(24.0, 0.0)	(25.0, 0.3333333333333333)	(26.0, 0.3333333333333333)	(27.0, 0.0)	(28.0, 0.5)	(29.0, 1.0)	(30.0, 0.5)	(31.0, 0.0)	(32.0, 0.0)	(33.0, 0.0)	(34.0, 0.0)	(35.0, 0.0)	(36.0, 0.0)	(37.0, 0.0)	(38.0, 0.8333333333333333)	(39.0, 1.3333333333333333)	(40.0, 3.1666666666666665)	(41.0, 6.5)	(42.0, 13.166666666666668)	(43.0, 33.99999999999999)	(44.0, 87.16666666666664)	(45.0, 210.9166666666674)	(46.0, 683.3333333333405)	(47.0, 9540.166666666139)	(48.0, 14598.833333341961)	(49.0, 2669.0000000000905)	(50.0, 1226.5)	(51.0, 8519.083333330977)	(52.0, 11872.583333337008)	(53.0, 4764.00000000014)	(54.0, 1342.4999999999752)	(55.0, 602.9999999999987)	(56.0, 62.25000000000013)	(57.0, 12.333333333333336)	(58.0, 17.08333333333334)	(59.0, 40.500000000000014)	(60.0, 13.41666666666667)	(61.0, 19.83333333333333)	(62.0, 132.16666666666606)	(63.0, 23.999999999999986)	(64.0, 4.333333333333333)	(65.0, 2.1666666666666665)	(66.0, 1.0)	(67.0, 0.5)	(68.0, 0.0)	(69.0, 0.0)	(70.0, 0.0)	(71.0, 0.0)	(72.0, 0.0)	(73.0, 0.0)	(74.0, 0.0)	(75.0, 0.0)	(76.0, 0.0)	(77.0, 0.0)	(78.0, 0.0)	(79.0, 0.0)	(80.0, 0.0)	(81.0, 0.0)	(82.0, 0.0)	(83.0, 0.0)	(84.0, 0.0)	(85.0, 0.0)	(86.0, 0.0)	(87.0, 0.0)	(88.0, 0.0)	(89.0, 0.0)	(90.0, 0.0)	(91.0, 0.0)	(92.0, 0.0)	(93.0, 0.0)	(94.0, 0.0)	(95.0, 0.0)	(96.0, 0.0)	(97.0, 0.0)	(98.0, 0.0)	(99.0, 0.0)	(100.0, 0.0)
1151R_R_M_NS1_week9_S33_L001_R2_001	(0.0, 0.0)	(1.0, 0.0)	(2.0, 0.0)	(3.0, 0.0)	(4.0, 0.0)	(5.0, 0.0)	(6.0, 0.0)	(7.0, 0.0)	(8.0, 0.0)	(9.0, 0.0)	(10.0, 0.0)	(11.0, 0.0)	(12.0, 0.0)	(13.0, 0.0)	(14.0, 0.0)	(15.0, 0.0)	(16.0, 0.0)	(17.0, 0.0)	(18.0, 0.0)	(19.0, 0.0)	(20.0, 0.0)	(21.0, 0.0)	(22.0, 0.0)	(23.0, 0.0)	(24.0, 0.0)	(25.0, 0.0)	(26.0, 0.0)	(27.0, 0.0)	(28.0, 0.5)	(29.0, 1.0)	(30.0, 1.0)	(31.0, 0.5)	(32.0, 1.0)	(33.0, 2.0)	(34.0, 2.0)	(35.0, 2.5)	(36.0, 3.0)	(37.0, 4.0)	(38.0, 6.833333333333334)	(39.0, 11.833333333333332)	(40.0, 14.333333333333334)	(41.0, 18.5)	(42.0, 29.33333333333333)	(43.0, 38.833333333333336)	(44.0, 67.0000000000001)	(45.0, 470.9999999999919)	(46.0, 6068.333333332292)	(47.0, 5212.499999999724)	(48.0, 5494.0833333328255)	(49.0, 6952.833333331547)	(50.0, 856.8333333333557)	(51.0, 2471.4166666666742)	(52.0, 2923.083333333532)	(53.0, 3892.2500000006075)	(54.0, 3957.6666666672904)	(55.0, 778.000000000012)	(56.0, 8218.33333333067)	(57.0, 8322.666666664149)	(58.0, 602.4999999999992)	(59.0, 158.49999999999991)	(60.0, 144.8333333333332)	(61.0, 141.4999999999998)	(62.0, 57.08333333333336)	(63.0, 40.58333333333333)	(64.0, 38.75)	(65.0, 22.666666666666657)	(66.0, 10.416666666666666)	(67.0, 19.583333333333332)	(68.0, 21.083333333333332)	(69.0, 10.166666666666668)	(70.0, 11.166666666666668)	(71.0, 25.83333333333331)	(72.0, 104.16666666666627)	(73.0, 19.166666666666664)	(74.0, 1.9999999999999998)	(75.0, 0.3333333333333333)	(76.0, 0.0)	(77.0, 0.0)	(78.0, 0.0)	(79.0, 0.0)	(80.0, 0.0)	(81.0, 0.0)	(82.0, 0.0)	(83.0, 0.0)	(84.0, 0.3333333333333333)	(85.0, 0.3333333333333333)	(86.0, 0.0)	(87.0, 0.0)	(88.0, 0.3333333333333333)	(89.0, 0.3333333333333333)	(90.0, 0.5)	(91.0, 0.5)	(92.0, 0.0)	(93.0, 0.0)	(94.0, 0.0)	(95.0, 0.0)	(96.0, 0.0)	(97.0, 0.0)	(98.0, 0.0)	(99.0, 0.25)	(100.0, 0.6666666666666666)
1152R_0_M_S2_week9_S60_L001_R1_001	(0.0, 0.0)	(1.0, 0.0)	(2.0, 0.0)	(3.0, 0.0)	(4.0, 0.0)	(5.0, 0.0)	(6.0, 0.0)	(7.0, 0.0)	(8.0, 0.0)	(9.0, 0.0)	(10.0, 0.0)	(11.0, 0.0)	(12.0, 0.0)	(13.0, 0.0)	(14.0, 0.0)	(15.0, 0.0)	(16.0, 0.0)	(17.0, 0.0)	(18.0, 0.0)	(19.0, 0.0)	(20.0, 0.0)	(21.0, 0.0)	(22.0, 0.0)	(23.0, 0.0)	(24.0, 0.0)	(25.0, 0.0)	(26.0, 0.0)	(27.0, 0.0)	(28.0, 0.0)	(29.0, 0.0)	(30.0, 0.0)	(31.0, 0.0)	(32.0, 0.0)	(33.0, 0.0)	(34.0, 0.5)	(35.0, 1.0)	(36.0, 1.0)	(37.0, 0.5)	(38.0, 0.3333333333333333)	(39.0, 0.6666666666666666)	(40.0, 0.5)	(41.0, 5.166666666666667)	(42.0, 11.250000000000002)	(43.0, 25.916666666666664)	(44.0, 76.75000000000001)	(45.0, 123.16666666666647)	(46.0, 360.9999999999975)	(47.0, 15308.500000009912)	(48.0, 16086.083333344648)	(49.0, 3733.5833333338974)	(50.0, 3762.500000000578)	(51.0, 13529.333333340006)	(52.0, 18398.41666667123)	(53.0, 6702.416666665089)	(54.0, 1427.4999999999575)	(55.0, 337.4999999999984)	(56.0, 78.16666666666666)	(57.0, 17.750000000000004)	(58.0, 51.75000000000008)	(59.0, 55.58333333333343)	(60.0, 8.333333333333332)	(61.0, 5.999999999999999)	(62.0, 29.499999999999964)	(63.0, 5.999999999999998)	(64.0, 0.5)	(65.0, 1.1666666666666665)	(66.0, 0.3333333333333333)	(67.0, 0.0)	(68.0, 0.0)	(69.0, 0.25)	(70.0, 0.0)	(71.0, 0.0)	(72.0, 0.0)	(73.0, 0.0)	(74.0, 0.0)	(75.0, 0.0)	(76.0, 0.0)	(77.0, 0.0)	(78.0, 0.0)	(79.0, 0.0)	(80.0, 0.0)	(81.0, 0.0)	(82.0, 0.0)	(83.0, 0.0)	(84.0, 0.0)	(85.0, 0.0)	(86.0, 0.0)	(87.0, 0.0)	(88.0, 0.0)	(89.0, 0.0)	(90.0, 0.0)	(91.0, 0.0)	(92.0, 0.0)	(93.0, 0.0)	(94.0, 0.0)	(95.0, 0.0)	(96.0, 0.0)	(97.0, 0.0)	(98.0, 0.0)	(99.0, 0.0)	(100.0, 0.0)
1152R_0_M_S2_week9_S60_L001_R2_001	(0.0, 0.0)	(1.0, 0.0)	(2.0, 0.0)	(3.0, 0.0)	(4.0, 0.0)	(5.0, 0.0)	(6.0, 0.0)	(7.0, 0.0)	(8.0, 0.0)	(9.0, 0.0)	(10.0, 0.0)	(11.0, 0.0)	(12.0, 0.0)	(13.0, 0.0)	(14.0, 0.0)	(15.0, 0.0)	(16.0, 0.0)	(17.0, 0.0)	(18.0, 0.0)	(19.0, 0.0)	(20.0, 0.0)	(21.0, 0.0)	(22.0, 0.0)	(23.0, 0.0)	(24.0, 0.0)	(25.0, 0.0)	(26.0, 0.0)	(27.0, 0.0)	(28.0, 0.0)	(29.0, 0.0)	(30.0, 0.0)	(31.0, 0.0)	(32.0, 0.0)	(33.0, 1.0)	(34.0, 2.5)	(35.0, 3.5)	(36.0, 5.0)	(37.0, 6.5)	(38.0, 6.333333333333333)	(39.0, 11.5)	(40.0, 15.5)	(41.0, 24.999999999999996)	(42.0, 33.58333333333333)	(43.0, 45.00000000000002)	(44.0, 98.49999999999982)	(45.0, 1771.416666666547)	(46.0, 15015.666666676048)	(47.0, 7892.666666664003)	(48.0, 1305.0833333333157)	(49.0, 596.8333333333334)	(50.0, 428.99999999999534)	(51.0, 4068.916666667368)	(52.0, 4628.250000000245)	(53.0, 6183.499999998898)	(54.0, 5216.416666666401)	(55.0, 1166.8333333333421)	(56.0, 13025.25000000544)	(57.0, 13028.333333338775)	(58.0, 862.9166666666857)	(59.0, 222.25000000000063)	(60.0, 193.83333333333377)	(61.0, 179.50000000000037)	(62.0, 82.33333333333334)	(63.0, 48.833333333333336)	(64.0, 60.00000000000008)	(65.0, 35.99999999999999)	(66.0, 13.500000000000002)	(67.0, 12.0)	(68.0, 8.0)	(69.0, 3.5)	(70.0, 5.333333333333332)	(71.0, 7.166666666666664)	(72.0, 24.333333333333318)	(73.0, 5.666666666666666)	(74.0, 0.5)	(75.0, 0.0)	(76.0, 0.0)	(77.0, 0.0)	(78.0, 0.0)	(79.0, 0.0)	(80.0, 0.0)	(81.0, 0.0)	(82.0, 0.0)	(83.0, 0.0)	(84.0, 0.0)	(85.0, 0.0)	(86.0, 0.0)	(87.0, 0.0)	(88.0, 0.0)	(89.0, 0.3333333333333333)	(90.0, 0.0)	(91.0, 0.0)	(92.0, 0.25)	(93.0, 0.25)	(94.0, 0.0)	(95.0, 0.0)	(96.0, 0.0)	(97.0, 0.0)	(98.0, 0.0)	(99.0, 0.0)	(100.0, 0.0)
1184R_0_M_NS6_week9_S85_L001_R1_001	(0.0, 0.0)	(1.0, 0.0)	(2.0, 0.0)	(3.0, 0.0)	(4.0, 0.0)	(5.0, 0.0)	(6.0, 0.0)	(7.0, 0.0)	(8.0, 0.0)	(9.0, 0.0)	(10.0, 0.0)	(11.0, 0.0)	(12.0, 0.0)	(13.0, 0.0)	(14.0, 0.0)	(15.0, 0.0)	(16.0, 0.0)	(17.0, 0.0)	(18.0, 0.0)	(19.0, 0.0)	(20.0, 0.0)	(21.0, 0.0)	(22.0, 0.0)	(23.0, 0.0)	(24.0, 0.0)	(25.0, 0.0)	(26.0, 0.0)	(27.0, 0.0)	(28.0, 0.0)	(29.0, 0.0)	(30.0, 0.0)	(31.0, 0.0)	(32.0, 0.0)	(33.0, 0.6666666666666666)	(34.0, 1.0)	(35.0, 0.8333333333333333)	(36.0, 1.0)	(37.0, 2.0)	(38.0, 2.083333333333333)	(39.0, 1.0)	(40.0, 6.5)	(41.0, 22.499999999999996)	(42.0, 50.66666666666668)	(43.0, 84.0)	(44.0, 171.8333333333334)	(45.0, 763.2500000000125)	(46.0, 6668.3333333317705)	(47.0, 9812.249999999955)	(48.0, 22224.83333332405)	(49.0, 3578.4166666671604)	(50.0, 1110.0833333333592)	(51.0, 2411.499999999979)	(52.0, 7562.416666664274)	(53.0, 5172.999999999768)	(54.0, 941.7500000000358)	(55.0, 348.58333333333127)	(56.0, 40.00000000000001)	(57.0, 12.666666666666671)	(58.0, 17.250000000000007)	(59.0, 17.500000000000004)	(60.0, 3.1666666666666665)	(61.0, 7.166666666666664)	(62.0, 46.333333333333385)	(63.0, 7.33333333333333)	(64.0, 0.8333333333333333)	(65.0, 0.8333333333333333)	(66.0, 0.0)	(67.0, 0.0)	(68.0, 0.0)	(69.0, 0.5)	(70.0, 0.5)	(71.0, 0.0)	(72.0, 0.0)	(73.0, 0.0)	(74.0, 0.0)	(75.0, 0.0)	(76.0, 0.0)	(77.0, 0.0)	(78.0, 0.0)	(79.0, 0.0)	(80.0, 0.0)	(81.0, 0.0)	(82.0, 0.0)	(83.0, 0.0)	(84.0, 0.0)	(85.0, 0.0)	(86.0, 0.0)	(87.0, 0.0)	(88.0, 0.0)	(89.0, 0.0)	(90.0, 0.0)	(91.0, 0.0)	(92.0, 0.0)	(93.0, 0.0)	(94.0, 0.0)	(95.0, 0.0)	(96.0, 0.0)	(97.0, 0.0)	(98.0, 0.0)	(99.0, 0.0)	(100.0, 0.0)
1184R_0_M_NS6_week9_S85_L001_R2_001	(0.0, 0.0)	(1.0, 0.0)	(2.0, 0.0)	(3.0, 0.0)	(4.0, 0.0)	(5.0, 0.0)	(6.0, 0.0)	(7.0, 0.0)	(8.0, 0.0)	(9.0, 0.0)	(10.0, 0.0)	(11.0, 0.0)	(12.0, 0.0)	(13.0, 0.0)	(14.0, 0.0)	(15.0, 0.0)	(16.0, 0.0)	(17.0, 0.0)	(18.0, 0.0)	(19.0, 0.0)	(20.0, 0.0)	(21.0, 0.0)	(22.0, 0.0)	(23.0, 0.0)	(24.0, 0.0)	(25.0, 0.0)	(26.0, 0.0)	(27.0, 0.0)	(28.0, 0.0)	(29.0, 0.0)	(30.0, 0.0)	(31.0, 0.0)	(32.0, 0.0)	(33.0, 0.0)	(34.0, 0.5)	(35.0, 0.5)	(36.0, 1.0)	(37.0, 3.8333333333333335)	(38.0, 6.833333333333333)	(39.0, 9.333333333333334)	(40.0, 18.416666666666668)	(41.0, 29.916666666666668)	(42.0, 38.0)	(43.0, 61.000000000000036)	(44.0, 139.08333333333314)	(45.0, 1420.499999999958)	(46.0, 12120.50000000409)	(47.0, 15487.416666676734)	(48.0, 14555.750000008375)	(49.0, 7939.083333330685)	(50.0, 751.4166666666788)	(51.0, 3843.500000000595)	(52.0, 3572.0833333338087)	(53.0, 2662.1666666667556)	(54.0, 4274.500000000542)	(55.0, 736.4166666666772)	(56.0, 2254.166666666583)	(57.0, 2123.083333333197)	(58.0, 167.50000000000026)	(59.0, 71.83333333333334)	(60.0, 46.33333333333335)	(61.0, 38.00000000000001)	(62.0, 34.0)	(63.0, 26.749999999999996)	(64.0, 16.333333333333336)	(65.0, 8.166666666666668)	(66.0, 5.5)	(67.0, 9.0)	(68.0, 8.5)	(69.0, 3.8333333333333335)	(70.0, 4.0)	(71.0, 6.333333333333331)	(72.0, 34.66666666666664)	(73.0, 8.166666666666664)	(74.0, 1.6666666666666665)	(75.0, 1.0833333333333333)	(76.0, 0.25)	(77.0, 0.0)	(78.0, 0.0)	(79.0, 0.3333333333333333)	(80.0, 0.0)	(81.0, 0.0)	(82.0, 0.0)	(83.0, 0.0)	(84.0, 0.0)	(85.0, 0.0)	(86.0, 0.0)	(87.0, 0.0)	(88.0, 0.3333333333333333)	(89.0, 0.0)	(90.0, 0.0)	(91.0, 0.0)	(92.0, 0.0)	(93.0, 0.0)	(94.0, 0.0)	(95.0, 0.0)	(96.0, 0.0)	(97.0, 0.0)	(98.0, 0.0)	(99.0, 0.0)	(100.0, 0.0)
1186R_0_M_NS6_week9_S86_L001_R1_001	(0.0, 0.0)	(1.0, 0.0)	(2.0, 0.0)	(3.0, 0.0)	(4.0, 0.0)	(5.0, 0.0)	(6.0, 0.0)	(7.0, 0.0)	(8.0, 0.0)	(9.0, 0.0)	(10.0, 0.0)	(11.0, 0.0)	(12.0, 0.0)	(13.0, 0.0)	(14.0, 0.0)	(15.0, 0.0)	(16.0, 0.0)	(17.0, 0.0)	(18.0, 0.0)	(19.0, 0.0)	(20.0, 0.0)	(21.0, 0.0)	(22.0, 0.0)	(23.0, 0.0)	(24.0, 0.0)	(25.0, 0.0)	(26.0, 0.0)	(27.0, 0.0)	(28.0, 0.0)	(29.0, 0.0)	(30.0, 0.0)	(31.0, 0.0)	(32.0, 0.0)	(33.0, 0.0)	(34.0, 1.0)	(35.0, 1.0)	(36.0, 0.0)	(37.0, 0.5)	(38.0, 2.0)	(39.0, 4.333333333333333)	(40.0, 4.833333333333333)	(41.0, 14.0)	(42.0, 55.000000000000014)	(43.0, 85.66666666666664)	(44.0, 147.75)	(45.0, 820.9166666666868)	(46.0, 7442.749999997723)	(47.0, 8798.249999998132)	(48.0, 16704.083333344013)	(49.0, 2805.416666666818)	(50.0, 1013.500000000042)	(51.0, 2928.3333333335436)	(52.0, 10372.666666667654)	(53.0, 7772.499999997413)	(54.0, 1036.8333333333755)	(55.0, 185.08333333333414)	(56.0, 41.08333333333334)	(57.0, 12.416666666666671)	(58.0, 15.916666666666679)	(59.0, 15.083333333333345)	(60.0, 3.166666666666667)	(61.0, 6.749999999999998)	(62.0, 47.916666666666735)	(63.0, 10.166666666666668)	(64.0, 1.8333333333333333)	(65.0, 1.1666666666666665)	(66.0, 0.3333333333333333)	(67.0, 0.0)	(68.0, 0.5)	(69.0, 1.0)	(70.0, 0.5)	(71.0, 0.0)	(72.0, 0.0)	(73.0, 0.0)	(74.0, 0.0)	(75.0, 0.0)	(76.0, 0.0)	(77.0, 0.0)	(78.0, 0.0)	(79.0, 0.0)	(80.0, 0.0)	(81.0, 0.0)	(82.0, 0.0)	(83.0, 0.0)	(84.0, 0.0)	(85.0, 0.0)	(86.0, 0.0)	(87.0, 0.0)	(88.0, 0.0)	(89.0, 0.0)	(90.0, 0.0)	(91.0, 0.0)	(92.0, 0.0)	(93.0, 0.0)	(94.0, 0.0)	(95.0, 0.0)	(96.0, 0.0)	(97.0, 0.0)	(98.0, 0.0)	(99.0, 0.0)	(100.0, 0.0)
1186R_0_M_NS6_week9_S86_L001_R2_001	(0.0, 0.0)	(1.0, 0.0)	(2.0, 0.0)	(3.0, 0.0)	(4.0, 0.0)	(5.0, 0.0)	(6.0, 0.0)	(7.0, 0.0)	(8.0, 0.0)	(9.0, 0.0)	(10.0, 0.0)	(11.0, 0.0)	(12.0, 0.0)	(13.0, 0.0)	(14.0, 0.0)	(15.0, 0.0)	(16.0, 0.0)	(17.0, 0.0)	(18.0, 0.0)	(19.0, 0.0)	(20.0, 0.0)	(21.0, 0.0)	(22.0, 0.0)	(23.0, 0.0)	(24.0, 0.0)	(25.0, 0.0)	(26.0, 0.0)	(27.0, 0.0)	(28.0, 0.0)	(29.0, 0.0)	(30.0, 0.5)	(31.0, 0.5)	(32.0, 0.0)	(33.0, 0.0)	(34.0, 0.5)	(35.0, 3.333333333333333)	(36.0, 5.333333333333333)	(37.0, 5.833333333333334)	(38.0, 6.333333333333333)	(39.0, 11.000000000000002)	(40.0, 15.5)	(41.0, 25.999999999999996)	(42.0, 46.08333333333335)	(43.0, 61.33333333333337)	(44.0, 128.16666666666626)	(45.0, 2063.6666666664946)	(46.0, 12963.333333338953)	(47.0, 10714.5833333349)	(48.0, 9650.416666666346)	(49.0, 6793.916666665025)	(50.0, 660.5000000000035)	(51.0, 4380.416666667127)	(52.0, 4531.583333333666)	(53.0, 4109.166666667342)	(54.0, 5178.666666666438)	(55.0, 781.1666666666803)	(56.0, 2936.5833333335286)	(57.0, 2711.6666666667743)	(58.0, 205.5000000000006)	(59.0, 80.0)	(60.0, 63.4166666666667)	(61.0, 46.750000000000014)	(62.0, 23.583333333333332)	(63.0, 20.083333333333332)	(64.0, 19.249999999999996)	(65.0, 11.083333333333336)	(66.0, 7.166666666666667)	(67.0, 9.5)	(68.0, 8.833333333333332)	(69.0, 4.833333333333334)	(70.0, 3.3333333333333335)	(71.0, 7.499999999999997)	(72.0, 38.166666666666664)	(73.0, 10.0)	(74.0, 0.6666666666666666)	(75.0, 0.3333333333333333)	(76.0, 0.6666666666666666)	(77.0, 0.3333333333333333)	(78.0, 0.0)	(79.0, 0.0)	(80.0, 0.0)	(81.0, 0.0)	(82.0, 0.0)	(83.0, 0.0)	(84.0, 0.0)	(85.0, 0.0)	(86.0, 0.0)	(87.0, 0.0)	(88.0, 0.0)	(89.0, 0.0)	(90.0, 0.0)	(91.0, 0.0)	(92.0, 0.0)	(93.0, 0.0)	(94.0, 0.3333333333333333)	(95.0, 0.3333333333333333)	(96.0, 0.0)	(97.0, 0.0)	(98.0, 0.0)	(99.0, 0.0)	(100.0, 0.6666666666666666)
1186R_RR_M_NS6_week9_S87_L001_R1_001	(0.0, 0.0)	(1.0, 0.0)	(2.0, 0.0)	(3.0, 0.0)	(4.0, 0.0)	(5.0, 0.0)	(6.0, 0.0)	(7.0, 0.0)	(8.0, 0.0)	(9.0, 0.0)	(10.0, 0.0)	(11.0, 0.0)	(12.0, 0.0)	(13.0, 0.0)	(14.0, 0.0)	(15.0, 0.0)	(16.0, 0.0)	(17.0, 0.0)	(18.0, 0.0)	(19.0, 0.0)	(20.0, 0.0)	(21.0, 0.0)	(22.0, 0.0)	(23.0, 0.0)	(24.0, 0.0)	(25.0, 0.0)	(26.0, 0.0)	(27.0, 0.0)	(28.0, 0.0)	(29.0, 0.0)	(30.0, 0.5)	(31.0, 0.5)	(32.0, 0.0)	(33.0, 0.5)	(34.0, 1.0)	(35.0, 1.0)	(36.0, 1.5)	(37.0, 2.3333333333333335)	(38.0, 2.25)	(39.0, 3.1666666666666665)	(40.0, 7.75)	(41.0, 15.916666666666668)	(42.0, 47.83333333333335)	(43.0, 87.66666666666661)	(44.0, 140.0833333333333)	(45.0, 838.0000000000197)	(46.0, 7619.333333330921)	(47.0, 9350.83333333245)	(48.0, 17778.916666673475)	(49.0, 3261.5833333336795)	(50.0, 1177.583333333346)	(51.0, 2908.9166666668675)	(52.0, 10456.08333333446)	(53.0, 7778.499999997414)	(54.0, 867.0833333333612)	(55.0, 161.66666666666688)	(56.0, 36.16666666666665)	(57.0, 9.5)	(58.0, 23.583333333333314)	(59.0, 28.249999999999975)	(60.0, 5.583333333333332)	(61.0, 4.916666666666667)	(62.0, 42.583333333333364)	(63.0, 8.166666666666664)	(64.0, 2.916666666666667)	(65.0, 0.5)	(66.0, 0.3333333333333333)	(67.0, 0.0)	(68.0, 0.0)	(69.0, 0.0)	(70.0, 0.0)	(71.0, 0.0)	(72.0, 0.0)	(73.0, 0.0)	(74.0, 0.0)	(75.0, 0.0)	(76.0, 0.0)	(77.0, 0.0)	(78.0, 0.0)	(79.0, 0.0)	(80.0, 0.0)	(81.0, 0.0)	(82.0, 0.0)	(83.0, 0.0)	(84.0, 0.0)	(85.0, 0.0)	(86.0, 0.0)	(87.0, 0.0)	(88.0, 0.0)	(89.0, 0.0)	(90.0, 0.0)	(91.0, 0.0)	(92.0, 0.0)	(93.0, 0.0)	(94.0, 0.0)	(95.0, 0.0)	(96.0, 0.0)	(97.0, 0.0)	(98.0, 0.0)	(99.0, 0.0)	(100.0, 0.0)
1186R_RR_M_NS6_week9_S87_L001_R2_001	(0.0, 0.0)	(1.0, 0.0)	(2.0, 0.0)	(3.0, 0.0)	(4.0, 0.0)	(5.0, 0.0)	(6.0, 0.0)	(7.0, 0.0)	(8.0, 0.0)	(9.0, 0.0)	(10.0, 0.0)	(11.0, 0.0)	(12.0, 0.0)	(13.0, 0.0)	(14.0, 0.0)	(15.0, 0.0)	(16.0, 0.0)	(17.0, 0.0)	(18.0, 0.0)	(19.0, 0.0)	(20.0, 0.0)	(21.0, 0.0)	(22.0, 0.0)	(23.0, 0.0)	(24.0, 0.0)	(25.0, 0.0)	(26.0, 0.0)	(27.0, 0.0)	(28.0, 0.0)	(29.0, 0.0)	(30.0, 0.0)	(31.0, 0.0)	(32.0, 0.5)	(33.0, 1.0)	(34.0, 2.0)	(35.0, 2.5)	(36.0, 3.0)	(37.0, 6.0)	(38.0, 8.5)	(39.0, 15.666666666666666)	(40.0, 22.499999999999996)	(41.0, 30.83333333333333)	(42.0, 41.33333333333333)	(43.0, 62.91666666666673)	(44.0, 153.58333333333331)	(45.0, 1881.9999999998597)	(46.0, 13321.66666667295)	(47.0, 12688.333333338434)	(48.0, 10169.66666666729)	(49.0, 6285.333333332135)	(50.0, 694.5000000000064)	(51.0, 4433.750000000415)	(52.0, 4449.5000000004)	(53.0, 4556.916666666965)	(54.0, 5742.166666665955)	(55.0, 818.6666666666828)	(56.0, 2870.416666666836)	(57.0, 2614.250000000066)	(58.0, 196.333333333334)	(59.0, 76.49999999999997)	(60.0, 67.83333333333334)	(61.0, 47.50000000000003)	(62.0, 27.166666666666664)	(63.0, 27.99999999999999)	(64.0, 29.33333333333331)	(65.0, 13.66666666666667)	(66.0, 5.083333333333333)	(67.0, 7.583333333333333)	(68.0, 6.5)	(69.0, 2.666666666666667)	(70.0, 3.666666666666667)	(71.0, 6.166666666666665)	(72.0, 35.49999999999998)	(73.0, 6.999999999999997)	(74.0, 0.0)	(75.0, 0.3333333333333333)	(76.0, 0.0)	(77.0, 0.0)	(78.0, 0.0)	(79.0, 0.0)	(80.0, 0.0)	(81.0, 0.0)	(82.0, 0.3333333333333333)	(83.0, 0.0)	(84.0, 0.0)	(85.0, 0.0)	(86.0, 0.3333333333333333)	(87.0, 0.3333333333333333)	(88.0, 0.0)	(89.0, 0.0)	(90.0, 0.0)	(91.0, 0.0)	(92.0, 0.0)	(93.0, 0.0)	(94.0, 0.0)	(95.0, 0.0)	(96.0, 0.0)	(97.0, 0.0)	(98.0, 0.0)	(99.0, 0.5)	(100.0, 0.5)
1193R_R_F_NS1_week5_S1_L001_R1_001	(0.0, 0.0)	(1.0, 0.0)	(2.0, 0.0)	(3.0, 0.0)	(4.0, 0.0)	(5.0, 0.0)	(6.0, 0.0)	(7.0, 0.0)	(8.0, 0.0)	(9.0, 0.0)	(10.0, 0.0)	(11.0, 0.0)	(12.0, 0.0)	(13.0, 0.0)	(14.0, 0.0)	(15.0, 0.0)	(16.0, 0.0)	(17.0, 0.0)	(18.0, 0.0)	(19.0, 0.0)	(20.0, 0.0)	(21.0, 0.0)	(22.0, 0.0)	(23.0, 0.0)	(24.0, 0.0)	(25.0, 0.0)	(26.0, 0.0)	(27.0, 0.0)	(28.0, 0.0)	(29.0, 0.0)	(30.0, 0.0)	(31.0, 0.0)	(32.0, 0.0)	(33.0, 0.0)	(34.0, 0.0)	(35.0, 0.3333333333333333)	(36.0, 0.0)	(37.0, 0.0)	(38.0, 1.0)	(39.0, 1.8333333333333333)	(40.0, 2.25)	(41.0, 6.75)	(42.0, 16.333333333333336)	(43.0, 47.83333333333335)	(44.0, 146.33333333333326)	(45.0, 259.0833333333343)	(46.0, 547.7499999999937)	(47.0, 6935.916666664853)	(48.0, 22943.666666654783)	(49.0, 2974.7500000002274)	(50.0, 810.5833333333541)	(51.0, 2528.8333333333658)	(52.0, 4934.999999999981)	(53.0, 4412.500000000451)	(54.0, 2080.6666666664996)	(55.0, 648.6666666666699)	(56.0, 87.41666666666657)	(57.0, 26.249999999999975)	(58.0, 8.916666666666666)	(59.0, 5.833333333333332)	(60.0, 4.5)	(61.0, 7.333333333333332)	(62.0, 34.99999999999998)	(63.0, 7.666666666666664)	(64.0, 1.9999999999999998)	(65.0, 0.6666666666666666)	(66.0, 0.0)	(67.0, 0.0)	(68.0, 0.0)	(69.0, 0.0)	(70.0, 0.0)	(71.0, 0.0)	(72.0, 0.0)	(73.0, 0.0)	(74.0, 0.0)	(75.0, 0.0)	(76.0, 0.0)	(77.0, 0.0)	(78.0, 0.0)	(79.0, 0.0)	(80.0, 0.0)	(81.0, 0.0)	(82.0, 0.0)	(83.0, 0.0)	(84.0, 0.0)	(85.0, 0.0)	(86.0, 0.0)	(87.0, 0.0)	(88.0, 0.0)	(89.0, 0.0)	(90.0, 0.0)	(91.0, 0.0)	(92.0, 0.0)	(93.0, 0.0)	(94.0, 0.0)	(95.0, 0.0)	(96.0, 0.0)	(97.0, 0.0)	(98.0, 0.0)	(99.0, 0.0)	(100.0, 0.0)
1193R_R_F_NS1_week5_S1_L001_R2_001	(0.0, 0.0)	(1.0, 0.0)	(2.0, 0.0)	(3.0, 0.0)	(4.0, 0.0)	(5.0, 0.0)	(6.0, 0.0)	(7.0, 0.0)	(8.0, 0.0)	(9.0, 0.0)	(10.0, 0.0)	(11.0, 0.0)	(12.0, 0.0)	(13.0, 0.0)	(14.0, 0.0)	(15.0, 0.0)	(16.0, 0.0)	(17.0, 0.0)	(18.0, 0.0)	(19.0, 0.0)	(20.0, 0.0)	(21.0, 0.0)	(22.0, 0.0)	(23.0, 0.0)	(24.0, 0.0)	(25.0, 0.0)	(26.0, 0.0)	(27.0, 0.0)	(28.0, 0.0)	(29.0, 0.0)	(30.0, 0.5)	(31.0, 1.5)	(32.0, 1.0)	(33.0, 1.0)	(34.0, 1.5)	(35.0, 1.5)	(36.0, 2.0)	(37.0, 2.5)	(38.0, 3.0)	(39.0, 6.499999999999999)	(40.0, 11.0)	(41.0, 20.333333333333336)	(42.0, 27.749999999999993)	(43.0, 38.083333333333336)	(44.0, 72.83333333333334)	(45.0, 363.33333333333076)	(46.0, 3779.9166666672513)	(47.0, 2589.4166666667234)	(48.0, 7366.249999997857)	(49.0, 17802.166666673285)	(50.0, 1962.4999999998608)	(51.0, 2166.4999999998836)	(52.0, 2308.4166666666074)	(53.0, 2784.750000000136)	(54.0, 2792.0000000001355)	(55.0, 674.0833333333387)	(56.0, 3653.66666666716)	(57.0, 2694.250000000099)	(58.0, 279.83333333333417)	(59.0, 107.6666666666666)	(60.0, 106.33333333333327)	(61.0, 94.16666666666661)	(62.0, 46.83333333333334)	(63.0, 25.833333333333336)	(64.0, 14.166666666666668)	(65.0, 10.416666666666666)	(66.0, 11.833333333333332)	(67.0, 11.666666666666666)	(68.0, 9.0)	(69.0, 5.666666666666667)	(70.0, 2.333333333333333)	(71.0, 8.999999999999998)	(72.0, 28.166666666666636)	(73.0, 7.166666666666664)	(74.0, 0.3333333333333333)	(75.0, 0.0)	(76.0, 0.0)	(77.0, 0.0)	(78.0, 0.3333333333333333)	(79.0, 0.0)	(80.0, 0.0)	(81.0, 0.0)	(82.0, 0.0)	(83.0, 0.0)	(84.0, 0.0)	(85.0, 0.0)	(86.0, 0.0)	(87.0, 0.0)	(88.0, 0.0)	(89.0, 0.0)	(90.0, 0.0)	(91.0, 0.25)	(92.0, 0.25)	(93.0, 0.0)	(94.0, 0.0)	(95.0, 0.0)	(96.0, 0.3333333333333333)	(97.0, 0.3333333333333333)	(98.0, 0.0)	(99.0, 0.0)	(100.0, 0.5)
1193R_R_F_NS1_week6_S2_L001_R1_001	(0.0, 0.0)	(1.0, 0.0)	(2.0, 0.0)	(3.0, 0.0)	(4.0, 0.0)	(5.0, 0.0)	(6.0, 0.0)	(7.0, 0.0)	(8.0, 0.0)	(9.0, 0.0)	(10.0, 0.0)	(11.0, 0.0)	(12.0, 0.0)	(13.0, 0.0)	(14.0, 0.0)	(15.0, 0.0)	(16.0, 0.0)	(17.0, 0.0)	(18.0, 0.0)	(19.0, 0.0)	(20.0, 0.0)	(21.0, 0.0)	(22.0, 0.0)	(23.0, 0.0)	(24.0, 0.0)	(25.0, 0.0)	(26.0, 0.0)	(27.0, 0.0)	(28.0, 0.0)	(29.0, 0.0)	(30.0, 0.0)	(31.0, 0.0)	(32.0, 0.0)	(33.0, 0.0)	(34.0, 0.0)	(35.0, 0.0)	(36.0, 0.0)	(37.0, 0.0)	(38.0, 0.0)	(39.0, 0.0)	(40.0, 1.5)	(41.0, 3.333333333333333)	(42.0, 7.25)	(43.0, 22.833333333333336)	(44.0, 70.33333333333334)	(45.0, 127.41666666666642)	(46.0, 317.9166666666662)	(47.0, 5808.749999999197)	(48.0, 14699.833333342163)	(49.0, 1833.7499999998665)	(50.0, 616.5000000000001)	(51.0, 6845.916666664926)	(52.0, 8566.083333331058)	(53.0, 2712.6666666667797)	(54.0, 1065.416666666702)	(55.0, 489.4999999999902)	(56.0, 46.91666666666671)	(57.0, 7.916666666666666)	(58.0, 8.666666666666664)	(59.0, 11.833333333333336)	(60.0, 7.666666666666664)	(61.0, 8.33333333333333)	(62.0, 89.33333333333314)	(63.0, 15.666666666666677)	(64.0, 2.1666666666666665)	(65.0, 1.1666666666666665)	(66.0, 0.3333333333333333)	(67.0, 0.8333333333333333)	(68.0, 1.0)	(69.0, 0.5)	(70.0, 0.0)	(71.0, 0.0)	(72.0, 0.0)	(73.0, 0.0)	(74.0, 0.0)	(75.0, 0.0)	(76.0, 0.0)	(77.0, 0.0)	(78.0, 0.0)	(79.0, 0.0)	(80.0, 0.0)	(81.0, 0.0)	(82.0, 0.0)	(83.0, 0.0)	(84.0, 0.0)	(85.0, 0.0)	(86.0, 0.0)	(87.0, 0.0)	(88.0, 0.0)	(89.0, 0.0)	(90.0, 0.0)	(91.0, 0.0)	(92.0, 0.0)	(93.0, 0.0)	(94.0, 0.0)	(95.0, 0.0)	(96.0, 0.0)	(97.0, 0.0)	(98.0, 0.0)	(99.0, 0.0)	(100.0, 0.0)
1193R_R_F_NS1_week6_S2_L001_R2_001	(0.0, 0.0)	(1.0, 0.0)	(2.0, 0.0)	(3.0, 0.0)	(4.0, 0.0)	(5.0, 0.0)	(6.0, 0.0)	(7.0, 0.0)	(8.0, 0.0)	(9.0, 0.0)	(10.0, 0.0)	(11.0, 0.0)	(12.0, 0.0)	(13.0, 0.0)	(14.0, 0.0)	(15.0, 0.0)	(16.0, 0.0)	(17.0, 0.0)	(18.0, 0.0)	(19.0, 0.0)	(20.0, 0.0)	(21.0, 0.0)	(22.0, 0.0)	(23.0, 0.0)	(24.0, 0.0)	(25.0, 0.0)	(26.0, 0.0)	(27.0, 0.0)	(28.0, 0.0)	(29.0, 0.0)	(30.0, 0.0)	(31.0, 0.0)	(32.0, 0.0)	(33.0, 0.0)	(34.0, 0.0)	(35.0, 1.8333333333333333)	(36.0, 4.333333333333333)	(37.0, 4.0)	(38.0, 2.5)	(39.0, 5.833333333333333)	(40.0, 9.833333333333332)	(41.0, 12.0)	(42.0, 16.333333333333336)	(43.0, 21.833333333333332)	(44.0, 39.16666666666667)	(45.0, 279.16666666666805)	(46.0, 3566.9166666671595)	(47.0, 2534.1666666667006)	(48.0, 4747.000000000142)	(49.0, 10062.250000000431)	(50.0, 1049.000000000034)	(51.0, 1313.4999999999811)	(52.0, 1435.9999999999561)	(53.0, 2165.666666666542)	(54.0, 2222.3333333332353)	(55.0, 619.0833333333336)	(56.0, 6779.916666665123)	(57.0, 6736.083333331816)	(58.0, 482.4999999999937)	(59.0, 134.41666666666654)	(60.0, 102.41666666666654)	(61.0, 92.66666666666657)	(62.0, 50.16666666666668)	(63.0, 31.33333333333333)	(64.0, 22.999999999999996)	(65.0, 17.750000000000004)	(66.0, 15.666666666666668)	(67.0, 22.5)	(68.0, 21.333333333333336)	(69.0, 14.333333333333336)	(70.0, 11.333333333333336)	(71.0, 17.666666666666668)	(72.0, 67.16666666666679)	(73.0, 16.000000000000007)	(74.0, 0.8333333333333333)	(75.0, 0.6666666666666666)	(76.0, 0.3333333333333333)	(77.0, 0.0)	(78.0, 0.0)	(79.0, 0.3333333333333333)	(80.0, 0.0)	(81.0, 0.0)	(82.0, 0.0)	(83.0, 0.0)	(84.0, 0.0)	(85.0, 0.0)	(86.0, 0.0)	(87.0, 0.0)	(88.0, 0.0)	(89.0, 0.0)	(90.0, 0.0)	(91.0, 0.0)	(92.0, 0.0)	(93.0, 0.0)	(94.0, 0.25)	(95.0, 0.5833333333333333)	(96.0, 0.0)	(97.0, 0.5833333333333333)	(98.0, 0.3333333333333333)	(99.0, 0.3333333333333333)	(100.0, 0.0)
1193R_R_F_NS1_week7_S3_L001_R1_001	(0.0, 0.0)	(1.0, 0.0)	(2.0, 0.0)	(3.0, 0.0)	(4.0, 0.0)	(5.0, 0.0)	(6.0, 0.0)	(7.0, 0.0)	(8.0, 0.0)	(9.0, 0.0)	(10.0, 0.0)	(11.0, 0.0)	(12.0, 0.0)	(13.0, 0.0)	(14.0, 0.0)	(15.0, 0.0)	(16.0, 0.0)	(17.0, 0.0)	(18.0, 0.0)	(19.0, 0.0)	(20.0, 0.0)	(21.0, 0.0)	(22.0, 0.0)	(23.0, 0.0)	(24.0, 0.0)	(25.0, 0.0)	(26.0, 0.0)	(27.0, 0.0)	(28.0, 0.0)	(29.0, 0.0)	(30.0, 0.0)	(31.0, 0.0)	(32.0, 0.0)	(33.0, 0.0)	(34.0, 0.0)	(35.0, 0.3333333333333333)	(36.0, 0.0)	(37.0, 0.3333333333333333)	(38.0, 0.8333333333333333)	(39.0, 1.5)	(40.0, 1.0)	(41.0, 0.8333333333333333)	(42.0, 4.5)	(43.0, 11.666666666666666)	(44.0, 50.16666666666668)	(45.0, 92.58333333333329)	(46.0, 288.0833333333343)	(47.0, 6497.583333331903)	(48.0, 12943.000000005639)	(49.0, 1702.166666666563)	(50.0, 743.3333333333469)	(51.0, 10172.833333333949)	(52.0, 11428.916666669558)	(53.0, 2279.9166666665888)	(54.0, 1487.8333333332776)	(55.0, 530.1666666666573)	(56.0, 60.666666666666785)	(57.0, 13.916666666666673)	(58.0, 9.833333333333334)	(59.0, 19.749999999999996)	(60.0, 6.749999999999998)	(61.0, 10.750000000000002)	(62.0, 104.41666666666627)	(63.0, 20.91666666666666)	(64.0, 3.5)	(65.0, 1.6666666666666665)	(66.0, 0.0)	(67.0, 0.0)	(68.0, 0.0)	(69.0, 0.0)	(70.0, 0.0)	(71.0, 0.0)	(72.0, 0.0)	(73.0, 0.0)	(74.0, 0.0)	(75.0, 0.0)	(76.0, 0.0)	(77.0, 0.0)	(78.0, 0.0)	(79.0, 0.0)	(80.0, 0.0)	(81.0, 0.0)	(82.0, 0.0)	(83.0, 0.0)	(84.0, 0.0)	(85.0, 0.0)	(86.0, 0.0)	(87.0, 0.0)	(88.0, 0.0)	(89.0, 0.0)	(90.0, 0.0)	(91.0, 0.0)	(92.0, 0.0)	(93.0, 0.0)	(94.0, 0.0)	(95.0, 0.0)	(96.0, 0.0)	(97.0, 0.0)	(98.0, 0.0)	(99.0, 0.0)	(100.0, 0.0)
1193R_R_F_NS1_week7_S3_L001_R2_001	(0.0, 0.0)	(1.0, 0.0)	(2.0, 0.0)	(3.0, 0.0)	(4.0, 0.0)	(5.0, 0.0)	(6.0, 0.0)	(7.0, 0.0)	(8.0, 0.0)	(9.0, 0.0)	(10.0, 0.0)	(11.0, 0.0)	(12.0, 0.0)	(13.0, 0.0)	(14.0, 0.0)	(15.0, 0.0)	(16.0, 0.0)	(17.0, 0.0)	(18.0, 0.0)	(19.0, 0.0)	(20.0, 0.0)	(21.0, 0.0)	(22.0, 0.0)	(23.0, 0.0)	(24.0, 0.0)	(25.0, 0.0)	(26.0, 0.0)	(27.0, 0.0)	(28.0, 0.0)	(29.0, 0.0)	(30.0, 0.0)	(31.0, 0.0)	(32.0, 0.0)	(33.0, 0.0)	(34.0, 0.3333333333333333)	(35.0, 1.1666666666666665)	(36.0, 2.5)	(37.0, 3.5)	(38.0, 2.5)	(39.0, 1.8333333333333333)	(40.0, 6.666666666666666)	(41.0, 13.500000000000002)	(42.0, 18.5)	(43.0, 30.166666666666668)	(44.0, 49.91666666666669)	(45.0, 313.91666666666634)	(46.0, 4441.333333333759)	(47.0, 3381.0000000004065)	(48.0, 4238.500000000596)	(49.0, 7320.4166666645315)	(50.0, 805.4166666666843)	(51.0, 1911.0833333331898)	(52.0, 2105.499999999851)	(53.0, 1456.9999999999523)	(54.0, 1523.3333333332746)	(55.0, 575.3333333333313)	(56.0, 9813.833333333307)	(57.0, 9988.500000000247)	(58.0, 607.5833333333321)	(59.0, 178.2500000000001)	(60.0, 143.83333333333317)	(61.0, 131.66666666666632)	(62.0, 60.33333333333336)	(63.0, 36.50000000000001)	(64.0, 35.08333333333333)	(65.0, 23.749999999999996)	(66.0, 15.666666666666666)	(67.0, 19.0)	(68.0, 15.000000000000002)	(69.0, 5.999999999999999)	(70.0, 9.166666666666664)	(71.0, 22.83333333333332)	(72.0, 88.33333333333316)	(73.0, 18.0)	(74.0, 3.166666666666667)	(75.0, 2.0)	(76.0, 1.0)	(77.0, 0.3333333333333333)	(78.0, 0.3333333333333333)	(79.0, 0.3333333333333333)	(80.0, 0.0)	(81.0, 0.0)	(82.0, 0.0)	(83.0, 0.0)	(84.0, 0.0)	(85.0, 0.0)	(86.0, 0.0)	(87.0, 0.0)	(88.0, 0.0)	(89.0, 0.0)	(90.0, 0.0)	(91.0, 0.0)	(92.0, 0.0)	(93.0, 0.0)	(94.0, 0.0)	(95.0, 0.0)	(96.0, 0.5)	(97.0, 0.75)	(98.0, 0.0)	(99.0, 0.0)	(100.0, 0.0)
1193R_R_F_NS1_week9_S4_L001_R1_001	(0.0, 0.0)	(1.0, 0.0)	(2.0, 0.0)	(3.0, 0.0)	(4.0, 0.0)	(5.0, 0.0)	(6.0, 0.0)	(7.0, 0.0)	(8.0, 0.0)	(9.0, 0.0)	(10.0, 0.0)	(11.0, 0.0)	(12.0, 0.0)	(13.0, 0.0)	(14.0, 0.0)	(15.0, 0.0)	(16.0, 0.0)	(17.0, 0.0)	(18.0, 0.0)	(19.0, 0.0)	(20.0, 0.0)	(21.0, 0.0)	(22.0, 0.0)	(23.0, 0.0)	(24.0, 0.0)	(25.0, 0.0)	(26.0, 0.0)	(27.0, 0.0)	(28.0, 0.0)	(29.0, 0.0)	(30.0, 0.0)	(31.0, 0.0)	(32.0, 0.0)	(33.0, 0.0)	(34.0, 1.0)	(35.0, 1.8333333333333333)	(36.0, 1.5)	(37.0, 1.3333333333333333)	(38.0, 0.8333333333333333)	(39.0, 1.8333333333333333)	(40.0, 1.3333333333333333)	(41.0, 5.166666666666666)	(42.0, 13.166666666666666)	(43.0, 29.499999999999993)	(44.0, 92.49999999999994)	(45.0, 187.00000000000037)	(46.0, 731.1666666666779)	(47.0, 13387.333333339762)	(48.0, 13805.08333334052)	(49.0, 3472.8333333337823)	(50.0, 1620.249999999916)	(51.0, 4867.166666666712)	(52.0, 7989.999999997228)	(53.0, 4520.916666667023)	(54.0, 1479.4999999999445)	(55.0, 696.750000000009)	(56.0, 56.58333333333342)	(57.0, 11.916666666666668)	(58.0, 12.333333333333336)	(59.0, 31.41666666666663)	(60.0, 12.16666666666667)	(61.0, 11.166666666666668)	(62.0, 85.3333333333332)	(63.0, 21.249999999999993)	(64.0, 6.333333333333333)	(65.0, 2.1666666666666665)	(66.0, 0.5)	(67.0, 0.5)	(68.0, 0.0)	(69.0, 0.0)	(70.0, 0.0)	(71.0, 0.0)	(72.0, 0.0)	(73.0, 0.0)	(74.0, 0.0)	(75.0, 0.0)	(76.0, 0.0)	(77.0, 0.0)	(78.0, 0.0)	(79.0, 0.0)	(80.0, 0.0)	(81.0, 0.0)	(82.0, 0.0)	(83.0, 0.0)	(84.0, 0.0)	(85.0, 0.0)	(86.0, 0.0)	(87.0, 0.0)	(88.0, 0.0)	(89.0, 0.0)	(90.0, 0.0)	(91.0, 0.0)	(92.0, 0.0)	(93.0, 0.0)	(94.0, 0.0)	(95.0, 0.0)	(96.0, 0.0)	(97.0, 0.0)	(98.0, 0.0)	(99.0, 0.0)	(100.0, 0.0)
1193R_R_F_NS1_week9_S4_L001_R2_001	(0.0, 0.0)	(1.0, 0.0)	(2.0, 0.0)	(3.0, 0.0)	(4.0, 0.0)	(5.0, 0.0)	(6.0, 0.0)	(7.0, 0.0)	(8.0, 0.0)	(9.0, 0.0)	(10.0, 0.0)	(11.0, 0.0)	(12.0, 0.0)	(13.0, 0.0)	(14.0, 0.0)	(15.0, 0.0)	(16.0, 0.0)	(17.0, 0.0)	(18.0, 0.0)	(19.0, 0.0)	(20.0, 0.0)	(21.0, 0.0)	(22.0, 0.0)	(23.0, 0.0)	(24.0, 0.0)	(25.0, 0.0)	(26.0, 0.0)	(27.0, 0.0)	(28.0, 0.5)	(29.0, 0.5)	(30.0, 0.0)	(31.0, 0.0)	(32.0, 0.0)	(33.0, 0.5)	(34.0, 1.0)	(35.0, 3.0)	(36.0, 4.333333333333334)	(37.0, 3.0)	(38.0, 3.0)	(39.0, 5.333333333333333)	(40.0, 13.0)	(41.0, 22.499999999999996)	(42.0, 31.166666666666664)	(43.0, 45.916666666666686)	(44.0, 97.49999999999983)	(45.0, 659.1666666666713)	(46.0, 7956.666666663955)	(47.0, 8183.333333330448)	(48.0, 6472.999999998641)	(49.0, 2711.5000000001046)	(50.0, 578.9166666666647)	(51.0, 1776.3333333332203)	(52.0, 2348.58333333329)	(53.0, 6004.333333332394)	(54.0, 6171.833333332266)	(55.0, 917.5000000000223)	(56.0, 4565.583333333609)	(57.0, 4642.000000000217)	(58.0, 448.4166666666619)	(59.0, 152.49999999999994)	(60.0, 105.33333333333321)	(61.0, 89.74999999999993)	(62.0, 54.416666666666686)	(63.0, 41.16666666666667)	(64.0, 32.66666666666665)	(65.0, 18.833333333333332)	(66.0, 9.916666666666666)	(67.0, 13.166666666666668)	(68.0, 17.499999999999996)	(69.0, 10.833333333333332)	(70.0, 8.999999999999998)	(71.0, 16.166666666666675)	(72.0, 66.16666666666681)	(73.0, 18.000000000000004)	(74.0, 1.9999999999999998)	(75.0, 1.3333333333333333)	(76.0, 1.5)	(77.0, 1.5)	(78.0, 0.0)	(79.0, 0.0)	(80.0, 0.0)	(81.0, 0.0)	(82.0, 0.0)	(83.0, 0.0)	(84.0, 0.0)	(85.0, 0.0)	(86.0, 0.0)	(87.0, 0.0)	(88.0, 0.0)	(89.0, 0.0)	(90.0, 0.0)	(91.0, 0.0)	(92.0, 0.0)	(93.0, 0.25)	(94.0, 0.0)	(95.0, 0.0)	(96.0, 0.0)	(97.0, 0.0)	(98.0, 0.0)	(99.0, 0.0)	(100.0, 0.0)
184R_0_M_NS6_week9_S88_L001_R1_001	(0.0, 0.0)	(1.0, 0.0)	(2.0, 0.0)	(3.0, 0.0)	(4.0, 0.0)	(5.0, 0.0)	(6.0, 0.0)	(7.0, 0.0)	(8.0, 0.0)	(9.0, 0.0)	(10.0, 0.0)	(11.0, 0.0)	(12.0, 0.0)	(13.0, 0.0)	(14.0, 0.0)	(15.0, 0.0)	(16.0, 0.0)	(17.0, 0.0)	(18.0, 0.0)	(19.0, 0.0)	(20.0, 0.0)	(21.0, 0.0)	(22.0, 0.0)	(23.0, 0.0)	(24.0, 0.0)	(25.0, 0.0)	(26.0, 0.0)	(27.0, 0.0)	(28.0, 0.0)	(29.0, 0.0)	(30.0, 0.0)	(31.0, 0.0)	(32.0, 0.0)	(33.0, 0.0)	(34.0, 0.3333333333333333)	(35.0, 0.5)	(36.0, 0.8333333333333333)	(37.0, 0.3333333333333333)	(38.0, 1.3333333333333333)	(39.0, 2.833333333333333)	(40.0, 7.166666666666666)	(41.0, 15.5)	(42.0, 54.83333333333334)	(43.0, 93.49999999999997)	(44.0, 158.6666666666667)	(45.0, 1070.8333333333642)	(46.0, 9971.750000000251)	(47.0, 10159.833333333921)	(48.0, 17232.833333342114)	(49.0, 3407.2500000004134)	(50.0, 1303.499999999984)	(51.0, 3191.2500000003265)	(52.0, 12187.41666667093)	(53.0, 9459.666666665997)	(54.0, 965.1666666667053)	(55.0, 179.9166666666673)	(56.0, 45.66666666666671)	(57.0, 14.666666666666671)	(58.0, 14.83333333333334)	(59.0, 17.916666666666668)	(60.0, 5.249999999999999)	(61.0, 7.666666666666663)	(62.0, 61.33333333333349)	(63.0, 13.666666666666673)	(64.0, 3.0)	(65.0, 1.3333333333333333)	(66.0, 0.0)	(67.0, 0.0)	(68.0, 0.0)	(69.0, 0.0)	(70.0, 0.0)	(71.0, 0.0)	(72.0, 0.0)	(73.0, 0.0)	(74.0, 0.0)	(75.0, 0.0)	(76.0, 0.0)	(77.0, 0.0)	(78.0, 0.0)	(79.0, 0.0)	(80.0, 0.0)	(81.0, 0.0)	(82.0, 0.0)	(83.0, 0.0)	(84.0, 0.0)	(85.0, 0.0)	(86.0, 0.0)	(87.0, 0.0)	(88.0, 0.0)	(89.0, 0.0)	(90.0, 0.0)	(91.0, 0.0)	(92.0, 0.0)	(93.0, 0.0)	(94.0, 0.0)	(95.0, 0.0)	(96.0, 0.0)	(97.0, 0.0)	(98.0, 0.0)	(99.0, 0.0)	(100.0, 0.0)
184R_0_M_NS6_week9_S88_L001_R2_001	(0.0, 0.0)	(1.0, 0.0)	(2.0, 0.0)	(3.0, 0.0)	(4.0, 0.0)	(5.0, 0.0)	(6.0, 0.0)	(7.0, 0.0)	(8.0, 0.0)	(9.0, 0.0)	(10.0, 0.0)	(11.0, 0.0)	(12.0, 0.0)	(13.0, 0.0)	(14.0, 0.0)	(15.0, 0.0)	(16.0, 0.0)	(17.0, 0.0)	(18.0, 0.0)	(19.0, 0.0)	(20.0, 0.0)	(21.0, 0.0)	(22.0, 0.0)	(23.0, 0.0)	(24.0, 0.0)	(25.0, 0.0)	(26.0, 0.0)	(27.0, 0.0)	(28.0, 0.0)	(29.0, 0.0)	(30.0, 0.5)	(31.0, 0.5)	(32.0, 1.0)	(33.0, 3.333333333333333)	(34.0, 2.833333333333333)	(35.0, 3.0)	(36.0, 5.5)	(37.0, 8.583333333333334)	(38.0, 13.166666666666668)	(39.0, 17.416666666666668)	(40.0, 24.083333333333332)	(41.0, 35.166666666666664)	(42.0, 48.33333333333336)	(43.0, 70.1666666666667)	(44.0, 144.0833333333332)	(45.0, 2218.9999999998977)	(46.0, 16389.083333345097)	(47.0, 12553.583333338183)	(48.0, 8827.499999998265)	(49.0, 7180.916666664691)	(50.0, 814.1666666666852)	(51.0, 5609.083333332723)	(52.0, 6123.999999998941)	(53.0, 3189.5833333336313)	(54.0, 5914.499999999151)	(55.0, 1147.9166666666813)	(56.0, 3151.083333333615)	(57.0, 2864.2500000001714)	(58.0, 217.3333333333342)	(59.0, 88.58333333333326)	(60.0, 66.66666666666669)	(61.0, 57.50000000000003)	(62.0, 36.33333333333333)	(63.0, 23.666666666666668)	(64.0, 20.666666666666664)	(65.0, 14.666666666666671)	(66.0, 10.0)	(67.0, 14.500000000000002)	(68.0, 13.16666666666667)	(69.0, 7.166666666666666)	(70.0, 8.333333333333332)	(71.0, 12.500000000000005)	(72.0, 47.16666666666673)	(73.0, 12.500000000000005)	(74.0, 0.6666666666666666)	(75.0, 0.0)	(76.0, 0.25)	(77.0, 0.0)	(78.0, 0.0)	(79.0, 0.0)	(80.0, 0.0)	(81.0, 0.0)	(82.0, 0.3333333333333333)	(83.0, 0.0)	(84.0, 0.0)	(85.0, 0.0)	(86.0, 0.0)	(87.0, 0.0)	(88.0, 0.0)	(89.0, 0.0)	(90.0, 0.0)	(91.0, 0.3333333333333333)	(92.0, 0.3333333333333333)	(93.0, 0.0)	(94.0, 0.0)	(95.0, 0.0)	(96.0, 0.3333333333333333)	(97.0, 0.0)	(98.0, 0.0)	(99.0, 0.0)	(100.0, 0.0)
2402R_0_F_S5_week9_S70_L001_R1_001	(0.0, 0.0)	(1.0, 0.0)	(2.0, 0.0)	(3.0, 0.0)	(4.0, 0.0)	(5.0, 0.0)	(6.0, 0.0)	(7.0, 0.0)	(8.0, 0.0)	(9.0, 0.0)	(10.0, 0.0)	(11.0, 0.0)	(12.0, 0.0)	(13.0, 0.0)	(14.0, 0.0)	(15.0, 0.0)	(16.0, 0.0)	(17.0, 0.0)	(18.0, 0.0)	(19.0, 0.0)	(20.0, 0.0)	(21.0, 0.0)	(22.0, 0.0)	(23.0, 0.0)	(24.0, 0.0)	(25.0, 0.0)	(26.0, 0.0)	(27.0, 0.0)	(28.0, 0.0)	(29.0, 0.0)	(30.0, 0.0)	(31.0, 0.0)	(32.0, 0.0)	(33.0, 0.0)	(34.0, 0.0)	(35.0, 0.3333333333333333)	(36.0, 0.3333333333333333)	(37.0, 0.0)	(38.0, 0.0)	(39.0, 0.3333333333333333)	(40.0, 0.8333333333333333)	(41.0, 4.0)	(42.0, 6.666666666666666)	(43.0, 20.0)	(44.0, 57.00000000000002)	(45.0, 111.24999999999977)	(46.0, 883.5833333333615)	(47.0, 9780.833333333236)	(48.0, 4348.58333333384)	(49.0, 3529.333333333807)	(50.0, 3843.5000000006053)	(51.0, 15925.000000010947)	(52.0, 19244.66666666815)	(53.0, 6640.999999998469)	(54.0, 2729.916666666784)	(55.0, 370.58333333333076)	(56.0, 121.7499999999997)	(57.0, 36.16666666666666)	(58.0, 35.833333333333314)	(59.0, 34.41666666666664)	(60.0, 5.999999999999998)	(61.0, 5.999999999999998)	(62.0, 28.999999999999964)	(63.0, 6.333333333333331)	(64.0, 1.0833333333333333)	(65.0, 0.75)	(66.0, 0.5)	(67.0, 1.0)	(68.0, 0.5)	(69.0, 0.0)	(70.0, 0.0)	(71.0, 0.0)	(72.0, 0.0)	(73.0, 0.0)	(74.0, 0.0)	(75.0, 0.0)	(76.0, 0.0)	(77.0, 0.0)	(78.0, 0.0)	(79.0, 0.0)	(80.0, 0.0)	(81.0, 0.0)	(82.0, 0.0)	(83.0, 0.0)	(84.0, 0.0)	(85.0, 0.0)	(86.0, 0.0)	(87.0, 0.0)	(88.0, 0.0)	(89.0, 0.0)	(90.0, 0.0)	(91.0, 0.0)	(92.0, 0.0)	(93.0, 0.0)	(94.0, 0.0)	(95.0, 0.0)	(96.0, 0.0)	(97.0, 0.0)	(98.0, 0.0)	(99.0, 0.0)	(100.0, 0.0)
2402R_0_F_S5_week9_S70_L001_R2_001	(0.0, 0.0)	(1.0, 0.0)	(2.0, 0.0)	(3.0, 0.0)	(4.0, 0.0)	(5.0, 0.0)	(6.0, 0.0)	(7.0, 0.0)	(8.0, 0.0)	(9.0, 0.0)	(10.0, 0.0)	(11.0, 0.0)	(12.0, 0.0)	(13.0, 0.0)	(14.0, 0.0)	(15.0, 0.0)	(16.0, 0.0)	(17.0, 0.0)	(18.0, 0.0)	(19.0, 0.0)	(20.0, 0.0)	(21.0, 0.0)	(22.0, 0.0)	(23.0, 0.0)	(24.0, 0.0)	(25.0, 0.0)	(26.0, 0.0)	(27.0, 0.0)	(28.0, 0.0)	(29.0, 0.0)	(30.0, 0.0)	(31.0, 0.0)	(32.0, 0.5)	(33.0, 0.5)	(34.0, 0.0)	(35.0, 0.5)	(36.0, 1.5)	(37.0, 1.0)	(38.0, 2.5)	(39.0, 7.0)	(40.0, 11.166666666666668)	(41.0, 14.666666666666668)	(42.0, 23.833333333333325)	(43.0, 32.66666666666665)	(44.0, 64.5000000000001)	(45.0, 758.333333333348)	(46.0, 9250.49999999895)	(47.0, 1181.083333333343)	(48.0, 916.6666666666947)	(49.0, 513.2499999999926)	(50.0, 351.49999999999835)	(51.0, 1279.0833333333198)	(52.0, 1817.6666666665467)	(53.0, 7490.749999997745)	(54.0, 6825.91666666503)	(55.0, 2260.749999999935)	(56.0, 16128.583333344006)	(57.0, 14923.66666667528)	(58.0, 1038.9166666666947)	(59.0, 306.8333333333333)	(60.0, 222.83333333333377)	(61.0, 181.33333333333343)	(62.0, 96.49999999999997)	(63.0, 63.08333333333335)	(64.0, 54.66666666666669)	(65.0, 29.583333333333325)	(66.0, 18.75)	(67.0, 14.666666666666668)	(68.0, 11.166666666666666)	(69.0, 5.666666666666667)	(70.0, 4.333333333333333)	(71.0, 9.0)	(72.0, 23.499999999999986)	(73.0, 5.666666666666666)	(74.0, 0.5)	(75.0, 1.0)	(76.0, 1.1666666666666665)	(77.0, 0.6666666666666666)	(78.0, 0.0)	(79.0, 0.0)	(80.0, 0.5)	(81.0, 1.0)	(82.0, 1.1666666666666665)	(83.0, 0.3333333333333333)	(84.0, 0.0)	(85.0, 0.0)	(86.0, 0.0)	(87.0, 0.0)	(88.0, 0.0)	(89.0, 0.0)	(90.0, 0.0)	(91.0, 0.0)	(92.0, 0.0)	(93.0, 0.0)	(94.0, 0.0)	(95.0, 0.0)	(96.0, 0.0)	(97.0, 0.0)	(98.0, 0.0)	(99.0, 0.3333333333333333)	(100.0, 0.8333333333333333)
2403R_0_F_NS6_week9_S80_L001_R1_001	(0.0, 0.0)	(1.0, 0.0)	(2.0, 0.0)	(3.0, 0.0)	(4.0, 0.0)	(5.0, 0.0)	(6.0, 0.0)	(7.0, 0.0)	(8.0, 0.0)	(9.0, 0.0)	(10.0, 0.0)	(11.0, 0.0)	(12.0, 0.0)	(13.0, 0.0)	(14.0, 0.0)	(15.0, 0.0)	(16.0, 0.0)	(17.0, 0.0)	(18.0, 0.0)	(19.0, 0.0)	(20.0, 0.0)	(21.0, 0.0)	(22.0, 0.0)	(23.0, 0.0)	(24.0, 0.0)	(25.0, 0.0)	(26.0, 0.0)	(27.0, 0.0)	(28.0, 0.0)	(29.0, 0.0)	(30.0, 0.0)	(31.0, 0.0)	(32.0, 0.0)	(33.0, 0.0)	(34.0, 0.0)	(35.0, 0.0)	(36.0, 0.3333333333333333)	(37.0, 0.3333333333333333)	(38.0, 0.8333333333333333)	(39.0, 1.3333333333333333)	(40.0, 2.0)	(41.0, 10.333333333333332)	(42.0, 38.833333333333336)	(43.0, 76.58333333333333)	(44.0, 147.33333333333326)	(45.0, 677.2500000000055)	(46.0, 5574.833333332746)	(47.0, 8007.916666663893)	(48.0, 18037.083333339193)	(49.0, 2918.916666666868)	(50.0, 1043.5000000000368)	(51.0, 6149.083333332231)	(52.0, 10084.166666667135)	(53.0, 5449.999999999517)	(54.0, 6771.749999998323)	(55.0, 1034.4166666667097)	(56.0, 117.99999999999947)	(57.0, 30.666666666666636)	(58.0, 21.33333333333333)	(59.0, 20.83333333333333)	(60.0, 5.166666666666666)	(61.0, 5.499999999999999)	(62.0, 61.66666666666683)	(63.0, 12.166666666666671)	(64.0, 4.583333333333333)	(65.0, 2.1666666666666665)	(66.0, 0.3333333333333333)	(67.0, 0.25)	(68.0, 0.0)	(69.0, 0.0)	(70.0, 0.0)	(71.0, 0.0)	(72.0, 0.0)	(73.0, 0.0)	(74.0, 0.0)	(75.0, 0.0)	(76.0, 0.0)	(77.0, 0.0)	(78.0, 0.0)	(79.0, 0.0)	(80.0, 0.0)	(81.0, 0.0)	(82.0, 0.0)	(83.0, 0.0)	(84.0, 0.0)	(85.0, 0.0)	(86.0, 0.0)	(87.0, 0.0)	(88.0, 0.0)	(89.0, 0.0)	(90.0, 0.0)	(91.0, 0.0)	(92.0, 0.0)	(93.0, 0.0)	(94.0, 0.0)	(95.0, 0.0)	(96.0, 0.0)	(97.0, 0.0)	(98.0, 0.0)	(99.0, 0.0)	(100.0, 0.0)
2403R_0_F_NS6_week9_S80_L001_R2_001	(0.0, 0.0)	(1.0, 0.0)	(2.0, 0.0)	(3.0, 0.0)	(4.0, 0.0)	(5.0, 0.0)	(6.0, 0.0)	(7.0, 0.0)	(8.0, 0.0)	(9.0, 0.0)	(10.0, 0.0)	(11.0, 0.3333333333333333)	(12.0, 0.0)	(13.0, 0.0)	(14.0, 0.0)	(15.0, 0.0)	(16.0, 0.0)	(17.0, 0.0)	(18.0, 0.8333333333333333)	(19.0, 0.8333333333333333)	(20.0, 0.0)	(21.0, 0.0)	(22.0, 0.0)	(23.0, 0.0)	(24.0, 0.0)	(25.0, 0.0)	(26.0, 0.0)	(27.0, 0.0)	(28.0, 0.0)	(29.0, 0.0)	(30.0, 1.0)	(31.0, 2.833333333333333)	(32.0, 1.8333333333333333)	(33.0, 0.5)	(34.0, 3.5)	(35.0, 7.5)	(36.0, 8.833333333333334)	(37.0, 8.333333333333332)	(38.0, 10.833333333333332)	(39.0, 17.5)	(40.0, 25.5)	(41.0, 34.08333333333333)	(42.0, 41.666666666666664)	(43.0, 64.08333333333336)	(44.0, 152.9166666666666)	(45.0, 1290.916666666653)	(46.0, 9225.999999998945)	(47.0, 13896.833333340528)	(48.0, 12388.000000004515)	(49.0, 4946.583333333303)	(50.0, 888.5833333333568)	(51.0, 7279.499999997921)	(52.0, 7886.3333333307255)	(53.0, 3321.2500000003506)	(54.0, 3629.083333333788)	(55.0, 1016.6666666666938)	(56.0, 6034.166666665761)	(57.0, 5765.249999999308)	(58.0, 459.6666666666618)	(59.0, 169.25000000000014)	(60.0, 107.16666666666657)	(61.0, 79.24999999999997)	(62.0, 54.750000000000014)	(63.0, 35.16666666666667)	(64.0, 28.83333333333332)	(65.0, 17.75)	(66.0, 10.083333333333332)	(67.0, 11.916666666666668)	(68.0, 13.666666666666666)	(69.0, 7.499999999999999)	(70.0, 4.166666666666667)	(71.0, 12.833333333333337)	(72.0, 49.00000000000007)	(73.0, 13.000000000000005)	(74.0, 0.6666666666666666)	(75.0, 0.0)	(76.0, 0.0)	(77.0, 0.0)	(78.0, 0.0)	(79.0, 0.0)	(80.0, 0.0)	(81.0, 0.0)	(82.0, 0.0)	(83.0, 0.0)	(84.0, 0.0)	(85.0, 0.0)	(86.0, 0.0)	(87.0, 0.0)	(88.0, 0.0)	(89.0, 0.3333333333333333)	(90.0, 0.25)	(91.0, 0.25)	(92.0, 0.0)	(93.0, 0.0)	(94.0, 0.0)	(95.0, 0.0)	(96.0, 0.0)	(97.0, 0.0)	(98.0, 0.5)	(99.0, 0.5)	(100.0, 0.3333333333333333)
2404R_R_F_S2_week5_S35_L001_R1_001	(0.0, 0.0)	(1.0, 0.0)	(2.0, 0.0)	(3.0, 0.0)	(4.0, 0.0)	(5.0, 0.0)	(6.0, 0.0)	(7.0, 0.0)	(8.0, 0.0)	(9.0, 0.0)	(10.0, 0.0)	(11.0, 0.0)	(12.0, 0.0)	(13.0, 0.0)	(14.0, 0.0)	(15.0, 0.0)	(16.0, 0.0)	(17.0, 0.0)	(18.0, 0.0)	(19.0, 0.0)	(20.0, 0.0)	(21.0, 0.0)	(22.0, 0.0)	(23.0, 0.0)	(24.0, 0.0)	(25.0, 0.0)	(26.0, 0.0)	(27.0, 0.0)	(28.0, 0.0)	(29.0, 0.0)	(30.0, 0.0)	(31.0, 0.0)	(32.0, 0.0)	(33.0, 0.0)	(34.0, 0.0)	(35.0, 0.0)	(36.0, 0.3333333333333333)	(37.0, 0.3333333333333333)	(38.0, 0.0)	(39.0, 0.0)	(40.0, 1.25)	(41.0, 2.25)	(42.0, 4.833333333333333)	(43.0, 16.166666666666668)	(44.0, 51.41666666666668)	(45.0, 82.74999999999999)	(46.0, 273.5000000000014)	(47.0, 15385.750000010066)	(48.0, 16598.75000001109)	(49.0, 3018.7500000002515)	(50.0, 3215.583333333673)	(51.0, 4879.333333333363)	(52.0, 7750.499999997439)	(53.0, 5026.083333333233)	(54.0, 1377.7499999999666)	(55.0, 204.3333333333346)	(56.0, 41.91666666666667)	(57.0, 13.083333333333336)	(58.0, 41.333333333333336)	(59.0, 39.666666666666664)	(60.0, 2.1666666666666665)	(61.0, 0.9166666666666665)	(62.0, 4.666666666666666)	(63.0, 1.0)	(64.0, 0.0)	(65.0, 0.0)	(66.0, 0.0)	(67.0, 0.0)	(68.0, 0.0)	(69.0, 0.0)	(70.0, 0.0)	(71.0, 0.0)	(72.0, 0.0)	(73.0, 0.0)	(74.0, 0.0)	(75.0, 0.0)	(76.0, 0.0)	(77.0, 0.0)	(78.0, 0.0)	(79.0, 0.0)	(80.0, 0.0)	(81.0, 0.0)	(82.0, 0.0)	(83.0, 0.0)	(84.0, 0.0)	(85.0, 0.0)	(86.0, 0.0)	(87.0, 0.0)	(88.0, 0.0)	(89.0, 0.0)	(90.0, 0.0)	(91.0, 0.0)	(92.0, 0.0)	(93.0, 0.0)	(94.0, 0.0)	(95.0, 0.0)	(96.0, 0.0)	(97.0, 0.0)	(98.0, 0.0)	(99.0, 0.0)	(100.0, 0.0)
2404R_R_F_S2_week5_S35_L001_R2_001	(0.0, 0.0)	(1.0, 0.0)	(2.0, 0.0)	(3.0, 0.0)	(4.0, 0.0)	(5.0, 0.0)	(6.0, 0.0)	(7.0, 0.0)	(8.0, 0.0)	(9.0, 0.0)	(10.0, 0.0)	(11.0, 0.0)	(12.0, 0.0)	(13.0, 0.0)	(14.0, 0.0)	(15.0, 0.0)	(16.0, 0.0)	(17.0, 0.0)	(18.0, 0.0)	(19.0, 0.0)	(20.0, 0.0)	(21.0, 0.0)	(22.0, 0.0)	(23.0, 0.0)	(24.0, 0.0)	(25.0, 0.0)	(26.0, 0.0)	(27.0, 0.5)	(28.0, 0.5)	(29.0, 0.0)	(30.0, 0.0)	(31.0, 0.0)	(32.0, 1.0)	(33.0, 3.0)	(34.0, 6.0)	(35.0, 6.5)	(36.0, 6.0)	(37.0, 7.0)	(38.0, 6.0)	(39.0, 6.5)	(40.0, 11.666666666666666)	(41.0, 17.833333333333332)	(42.0, 25.08333333333333)	(43.0, 33.83333333333333)	(44.0, 69.50000000000006)	(45.0, 974.7500000000381)	(46.0, 14938.166666675903)	(47.0, 11670.166666669993)	(48.0, 866.4166666666904)	(49.0, 413.33333333332956)	(50.0, 332.5833333333324)	(51.0, 2497.0000000000205)	(52.0, 2897.083333333525)	(53.0, 6099.499999998952)	(54.0, 5127.5833333331475)	(55.0, 741.6666666666763)	(56.0, 4867.500000000035)	(57.0, 4198.1666666672745)	(58.0, 295.75000000000057)	(59.0, 94.41666666666661)	(60.0, 88.66666666666659)	(61.0, 85.58333333333327)	(62.0, 46.333333333333336)	(63.0, 34.33333333333333)	(64.0, 40.500000000000014)	(65.0, 16.500000000000007)	(66.0, 5.916666666666666)	(67.0, 3.5)	(68.0, 2.0)	(69.0, 0.0)	(70.0, 0.5)	(71.0, 0.8333333333333333)	(72.0, 4.833333333333333)	(73.0, 2.5)	(74.0, 0.0)	(75.0, 0.0)	(76.0, 0.0)	(77.0, 0.0)	(78.0, 0.0)	(79.0, 0.0)	(80.0, 0.0)	(81.0, 0.0)	(82.0, 0.0)	(83.0, 0.0)	(84.0, 0.0)	(85.0, 0.0)	(86.0, 0.0)	(87.0, 0.6666666666666666)	(88.0, 0.6666666666666666)	(89.0, 0.0)	(90.0, 0.0)	(91.0, 0.0)	(92.0, 0.0)	(93.0, 0.5)	(94.0, 0.5)	(95.0, 0.0)	(96.0, 0.0)	(97.0, 0.0)	(98.0, 0.0)	(99.0, 0.6666666666666666)	(100.0, 0.5)
2404R_R_F_S2_week6_S36_L001_R1_001	(0.0, 0.0)	(1.0, 0.0)	(2.0, 0.0)	(3.0, 0.0)	(4.0, 0.0)	(5.0, 0.0)	(6.0, 0.0)	(7.0, 0.0)	(8.0, 0.0)	(9.0, 0.0)	(10.0, 0.0)	(11.0, 0.0)	(12.0, 0.0)	(13.0, 0.0)	(14.0, 0.0)	(15.0, 0.0)	(16.0, 0.0)	(17.0, 0.0)	(18.0, 0.0)	(19.0, 0.0)	(20.0, 0.0)	(21.0, 0.0)	(22.0, 0.0)	(23.0, 0.0)	(24.0, 0.0)	(25.0, 0.0)	(26.0, 0.0)	(27.0, 0.0)	(28.0, 0.0)	(29.0, 0.0)	(30.0, 0.0)	(31.0, 0.0)	(32.0, 0.0)	(33.0, 0.0)	(34.0, 0.0)	(35.0, 0.0)	(36.0, 0.0)	(37.0, 0.3333333333333333)	(38.0, 0.25)	(39.0, 1.0)	(40.0, 1.8333333333333333)	(41.0, 3.1666666666666665)	(42.0, 9.166666666666668)	(43.0, 23.583333333333332)	(44.0, 57.58333333333334)	(45.0, 72.58333333333334)	(46.0, 219.33333333333476)	(47.0, 14084.333333341048)	(48.0, 15572.750000010408)	(49.0, 3220.0000000003397)	(50.0, 3219.0833333336723)	(51.0, 11164.083333335731)	(52.0, 13571.583333340055)	(53.0, 4007.250000000687)	(54.0, 1306.41666666665)	(55.0, 245.41666666666896)	(56.0, 49.83333333333337)	(57.0, 12.666666666666668)	(58.0, 50.00000000000007)	(59.0, 53.166666666666764)	(60.0, 5.666666666666665)	(61.0, 1.1666666666666665)	(62.0, 10.333333333333334)	(63.0, 1.6666666666666665)	(64.0, 0.0)	(65.0, 0.0)	(66.0, 0.0)	(67.0, 0.0)	(68.0, 0.0)	(69.0, 0.0)	(70.0, 0.0)	(71.0, 0.0)	(72.0, 0.0)	(73.0, 0.0)	(74.0, 0.0)	(75.0, 0.0)	(76.0, 0.0)	(77.0, 0.0)	(78.0, 0.0)	(79.0, 0.0)	(80.0, 0.0)	(81.0, 0.0)	(82.0, 0.0)	(83.0, 0.0)	(84.0, 0.0)	(85.0, 0.0)	(86.0, 0.0)	(87.0, 0.0)	(88.0, 0.0)	(89.0, 0.0)	(90.0, 0.0)	(91.0, 0.0)	(92.0, 0.0)	(93.0, 0.0)	(94.0, 0.0)	(95.0, 0.0)	(96.0, 0.0)	(97.0, 0.0)	(98.0, 0.0)	(99.0, 0.0)	(100.0, 0.0)
2404R_R_F_S2_week6_S36_L001_R2_001	(0.0, 0.0)	(1.0, 0.0)	(2.0, 0.0)	(3.0, 0.0)	(4.0, 0.0)	(5.0, 0.0)	(6.0, 0.0)	(7.0, 0.0)	(8.0, 0.0)	(9.0, 0.0)	(10.0, 0.0)	(11.0, 0.0)	(12.0, 0.0)	(13.0, 0.0)	(14.0, 0.0)	(15.0, 0.0)	(16.0, 0.0)	(17.0, 0.0)	(18.0, 0.0)	(19.0, 0.0)	(20.0, 0.0)	(21.0, 0.0)	(22.0, 0.0)	(23.0, 0.0)	(24.0, 0.0)	(25.0, 0.0)	(26.0, 0.0)	(27.0, 0.0)	(28.0, 0.0)	(29.0, 0.5)	(30.0, 1.0)	(31.0, 1.0)	(32.0, 1.0)	(33.0, 2.5)	(34.0, 3.0)	(35.0, 2.5)	(36.0, 3.5)	(37.0, 4.833333333333333)	(38.0, 5.333333333333333)	(39.0, 8.5)	(40.0, 14.333333333333334)	(41.0, 18.166666666666668)	(42.0, 25.499999999999996)	(43.0, 43.000000000000014)	(44.0, 69.75000000000007)	(45.0, 363.66666666666373)	(46.0, 13463.666666673254)	(47.0, 12918.083333338911)	(48.0, 1147.833333333349)	(49.0, 488.08333333332627)	(50.0, 343.4999999999985)	(51.0, 2131.499999999859)	(52.0, 2377.1666666666324)	(53.0, 4973.416666666616)	(54.0, 4057.5833333340024)	(55.0, 913.0833333333555)	(56.0, 11257.583333335784)	(57.0, 10912.500000001848)	(58.0, 616.9166666666669)	(59.0, 175.9166666666668)	(60.0, 156.91666666666674)	(61.0, 146.41666666666657)	(62.0, 67.00000000000001)	(63.0, 49.66666666666668)	(64.0, 51.41666666666672)	(65.0, 23.833333333333325)	(66.0, 10.333333333333334)	(67.0, 7.25)	(68.0, 4.75)	(69.0, 4.0)	(70.0, 3.5)	(71.0, 2.1666666666666665)	(72.0, 9.833333333333334)	(73.0, 4.666666666666666)	(74.0, 0.3333333333333333)	(75.0, 0.0)	(76.0, 0.0)	(77.0, 0.0)	(78.0, 0.3333333333333333)	(79.0, 1.0)	(80.0, 0.0)	(81.0, 0.0)	(82.0, 0.0)	(83.0, 0.0)	(84.0, 0.0)	(85.0, 0.0)	(86.0, 0.0)	(87.0, 0.0)	(88.0, 0.0)	(89.0, 0.0)	(90.0, 0.3333333333333333)	(91.0, 0.0)	(92.0, 0.0)	(93.0, 0.0)	(94.0, 0.0)	(95.0, 0.0)	(96.0, 0.0)	(97.0, 0.0)	(98.0, 0.0)	(99.0, 0.0)	(100.0, 0.0)
2404R_R_F_S2_week7_S37_L001_R1_001	(0.0, 0.0)	(1.0, 0.0)	(2.0, 0.0)	(3.0, 0.0)	(4.0, 0.0)	(5.0, 0.0)	(6.0, 0.0)	(7.0, 0.0)	(8.0, 0.0)	(9.0, 0.0)	(10.0, 0.0)	(11.0, 0.0)	(12.0, 0.0)	(13.0, 0.0)	(14.0, 0.0)	(15.0, 0.0)	(16.0, 0.0)	(17.0, 0.0)	(18.0, 0.0)	(19.0, 0.0)	(20.0, 0.0)	(21.0, 0.0)	(22.0, 0.0)	(23.0, 0.0)	(24.0, 0.0)	(25.0, 0.0)	(26.0, 0.5)	(27.0, 0.5)	(28.0, 0.0)	(29.0, 0.0)	(30.0, 0.0)	(31.0, 0.0)	(32.0, 0.0)	(33.0, 0.0)	(34.0, 0.3333333333333333)	(35.0, 0.3333333333333333)	(36.0, 0.3333333333333333)	(37.0, 0.3333333333333333)	(38.0, 0.5)	(39.0, 2.0)	(40.0, 3.0)	(41.0, 3.916666666666667)	(42.0, 11.5)	(43.0, 31.33333333333333)	(44.0, 70.50000000000001)	(45.0, 117.08333333333313)	(46.0, 359.49999999999756)	(47.0, 14459.250000008376)	(48.0, 14943.250000009253)	(49.0, 2705.9166666667775)	(50.0, 2768.7500000001382)	(51.0, 15076.083333342793)	(52.0, 16695.750000010652)	(53.0, 2669.66666666675)	(54.0, 792.9166666666852)	(55.0, 248.75000000000227)	(56.0, 63.750000000000135)	(57.0, 19.166666666666664)	(58.0, 36.333333333333314)	(59.0, 33.99999999999997)	(60.0, 7.666666666666665)	(61.0, 3.666666666666667)	(62.0, 18.916666666666668)	(63.0, 2.6666666666666665)	(64.0, 1.0)	(65.0, 0.5)	(66.0, 0.0)	(67.0, 0.0)	(68.0, 0.0)	(69.0, 0.0)	(70.0, 0.0)	(71.0, 0.0)	(72.0, 0.0)	(73.0, 0.0)	(74.0, 0.0)	(75.0, 0.0)	(76.0, 0.0)	(77.0, 0.0)	(78.0, 0.0)	(79.0, 0.0)	(80.0, 0.0)	(81.0, 0.0)	(82.0, 0.0)	(83.0, 0.0)	(84.0, 0.0)	(85.0, 0.0)	(86.0, 0.0)	(87.0, 0.0)	(88.0, 0.0)	(89.0, 0.0)	(90.0, 0.0)	(91.0, 0.0)	(92.0, 0.0)	(93.0, 0.0)	(94.0, 0.0)	(95.0, 0.0)	(96.0, 0.0)	(97.0, 0.0)	(98.0, 0.0)	(99.0, 0.0)	(100.0, 0.0)
2404R_R_F_S2_week7_S37_L001_R2_001	(0.0, 0.0)	(1.0, 0.0)	(2.0, 0.0)	(3.0, 0.0)	(4.0, 0.0)	(5.0, 0.0)	(6.0, 0.0)	(7.0, 0.0)	(8.0, 0.0)	(9.0, 0.0)	(10.0, 0.0)	(11.0, 0.0)	(12.0, 0.0)	(13.0, 0.0)	(14.0, 0.0)	(15.0, 0.0)	(16.0, 0.0)	(17.0, 0.0)	(18.0, 0.0)	(19.0, 0.0)	(20.0, 0.0)	(21.0, 0.0)	(22.0, 0.0)	(23.0, 0.5)	(24.0, 0.5)	(25.0, 0.0)	(26.0, 0.0)	(27.0, 0.0)	(28.0, 0.0)	(29.0, 0.0)	(30.0, 0.0)	(31.0, 0.0)	(32.0, 1.0)	(33.0, 1.0)	(34.0, 0.5)	(35.0, 2.5)	(36.0, 5.0)	(37.0, 6.333333333333334)	(38.0, 5.5)	(39.0, 11.000000000000002)	(40.0, 14.833333333333334)	(41.0, 17.666666666666668)	(42.0, 26.66666666666666)	(43.0, 43.83333333333336)	(44.0, 91.66666666666654)	(45.0, 1367.9999999999695)	(46.0, 14140.666666674468)	(47.0, 8870.083333331613)	(48.0, 1117.000000000021)	(49.0, 528.4166666666601)	(50.0, 319.1666666666664)	(51.0, 1285.4166666666545)	(52.0, 1478.0833333332812)	(53.0, 4030.0833333340106)	(54.0, 3380.3333333337155)	(55.0, 973.0833333333582)	(56.0, 14497.666666674548)	(57.0, 14744.333333341689)	(58.0, 911.5833333333554)	(59.0, 258.6666666666676)	(60.0, 203.2500000000005)	(61.0, 169.91666666666683)	(62.0, 73.83333333333331)	(63.0, 48.0)	(64.0, 44.416666666666686)	(65.0, 18.91666666666667)	(66.0, 7.666666666666666)	(67.0, 5.5)	(68.0, 6.916666666666666)	(69.0, 4.333333333333334)	(70.0, 1.6666666666666665)	(71.0, 4.666666666666666)	(72.0, 15.000000000000009)	(73.0, 3.5000000000000004)	(74.0, 0.8333333333333333)	(75.0, 0.3333333333333333)	(76.0, 0.0)	(77.0, 0.0)	(78.0, 0.5)	(79.0, 0.5)	(80.0, 0.0)	(81.0, 0.0)	(82.0, 0.0)	(83.0, 0.0)	(84.0, 0.0)	(85.0, 0.0)	(86.0, 0.0)	(87.0, 0.0)	(88.0, 0.0)	(89.0, 0.3333333333333333)	(90.0, 0.3333333333333333)	(91.0, 0.0)	(92.0, 0.0)	(93.0, 0.0)	(94.0, 0.0)	(95.0, 0.0)	(96.0, 0.0)	(97.0, 0.0)	(98.0, 0.0)	(99.0, 0.0)	(100.0, 0.0)
2404R_R_F_S2_week9_S38_L001_R1_001	(0.0, 0.0)	(1.0, 0.0)	(2.0, 0.0)	(3.0, 0.0)	(4.0, 0.0)	(5.0, 0.0)	(6.0, 0.0)	(7.0, 0.0)	(8.0, 0.0)	(9.0, 0.0)	(10.0, 0.0)	(11.0, 0.0)	(12.0, 0.0)	(13.0, 0.0)	(14.0, 0.0)	(15.0, 0.0)	(16.0, 0.0)	(17.0, 0.0)	(18.0, 0.0)	(19.0, 0.0)	(20.0, 0.0)	(21.0, 0.0)	(22.0, 0.0)	(23.0, 0.0)	(24.0, 0.0)	(25.0, 0.0)	(26.0, 0.0)	(27.0, 0.0)	(28.0, 0.0)	(29.0, 0.0)	(30.0, 0.0)	(31.0, 0.0)	(32.0, 0.0)	(33.0, 0.0)	(34.0, 0.0)	(35.0, 0.0)	(36.0, 0.0)	(37.0, 0.0)	(38.0, 0.0)	(39.0, 0.8333333333333333)	(40.0, 3.5)	(41.0, 4.833333333333334)	(42.0, 13.833333333333336)	(43.0, 37.66666666666667)	(44.0, 87.24999999999996)	(45.0, 133.3333333333332)	(46.0, 391.83333333332934)	(47.0, 14582.583333341943)	(48.0, 15249.666666676474)	(49.0, 3282.0833333336996)	(50.0, 3276.5000000003656)	(51.0, 5889.499999999126)	(52.0, 8605.416666664461)	(53.0, 4056.3333333340465)	(54.0, 824.9166666666891)	(55.0, 183.83333333333402)	(56.0, 41.75000000000002)	(57.0, 10.25)	(58.0, 44.083333333333364)	(59.0, 42.83333333333336)	(60.0, 2.8333333333333335)	(61.0, 1.9166666666666665)	(62.0, 13.166666666666671)	(63.0, 3.0)	(64.0, 0.5)	(65.0, 0.5)	(66.0, 0.0)	(67.0, 0.0)	(68.0, 0.0)	(69.0, 0.0)	(70.0, 0.3333333333333333)	(71.0, 0.3333333333333333)	(72.0, 0.0)	(73.0, 0.0)	(74.0, 0.0)	(75.0, 0.0)	(76.0, 0.0)	(77.0, 0.0)	(78.0, 0.0)	(79.0, 0.0)	(80.0, 0.0)	(81.0, 0.0)	(82.0, 0.0)	(83.0, 0.0)	(84.0, 0.0)	(85.0, 0.0)	(86.0, 0.0)	(87.0, 0.0)	(88.0, 0.0)	(89.0, 0.0)	(90.0, 0.0)	(91.0, 0.0)	(92.0, 0.0)	(93.0, 0.0)	(94.0, 0.0)	(95.0, 0.0)	(96.0, 0.0)	(97.0, 0.0)	(98.0, 0.0)	(99.0, 0.0)	(100.0, 0.0)
2404R_R_F_S2_week9_S38_L001_R2_001	(0.0, 0.0)	(1.0, 0.0)	(2.0, 0.0)	(3.0, 0.0)	(4.0, 0.0)	(5.0, 0.0)	(6.0, 0.0)	(7.0, 0.0)	(8.0, 0.0)	(9.0, 0.0)	(10.0, 0.0)	(11.0, 0.0)	(12.0, 0.0)	(13.0, 0.0)	(14.0, 0.0)	(15.0, 0.0)	(16.0, 0.0)	(17.0, 0.0)	(18.0, 0.0)	(19.0, 0.0)	(20.0, 0.0)	(21.0, 0.0)	(22.0, 0.0)	(23.0, 0.5)	(24.0, 0.5)	(25.0, 0.0)	(26.0, 0.0)	(27.0, 0.0)	(28.0, 0.5)	(29.0, 1.0)	(30.0, 0.5)	(31.0, 0.0)	(32.0, 1.5)	(33.0, 3.0)	(34.0, 3.0)	(35.0, 3.0)	(36.0, 2.5)	(37.0, 6.5)	(38.0, 9.833333333333334)	(39.0, 9.833333333333334)	(40.0, 13.500000000000002)	(41.0, 18.5)	(42.0, 24.83333333333333)	(43.0, 35.16666666666665)	(44.0, 92.91666666666656)	(45.0, 1977.749999999835)	(46.0, 14499.500000008446)	(47.0, 6194.916666665521)	(48.0, 947.7500000000309)	(49.0, 491.1666666666599)	(50.0, 390.58333333333)	(51.0, 2899.750000000197)	(52.0, 3309.166666667039)	(53.0, 5221.99999999973)	(54.0, 4154.8333333339715)	(55.0, 722.000000000009)	(56.0, 5398.333333332915)	(57.0, 5217.499999999735)	(58.0, 360.6666666666648)	(59.0, 111.49999999999987)	(60.0, 97.16666666666653)	(61.0, 84.83333333333326)	(62.0, 50.16666666666668)	(63.0, 37.666666666666664)	(64.0, 38.833333333333336)	(65.0, 17.000000000000004)	(66.0, 6.666666666666666)	(67.0, 1.3333333333333333)	(68.0, 2.1666666666666665)	(69.0, 2.0)	(70.0, 0.5833333333333333)	(71.0, 3.166666666666667)	(72.0, 12.000000000000004)	(73.0, 1.4999999999999998)	(74.0, 0.0)	(75.0, 0.0)	(76.0, 0.0)	(77.0, 0.0)	(78.0, 0.0)	(79.0, 0.5)	(80.0, 0.5)	(81.0, 0.0)	(82.0, 0.0)	(83.0, 0.0)	(84.0, 0.0)	(85.0, 0.0)	(86.0, 0.0)	(87.0, 0.0)	(88.0, 0.0)	(89.0, 0.0)	(90.0, 0.0)	(91.0, 0.0)	(92.0, 0.0)	(93.0, 0.0)	(94.0, 0.0)	(95.0, 0.0)	(96.0, 0.0)	(97.0, 0.0)	(98.0, 0.0)	(99.0, 0.0)	(100.0, 0.0)
2433R_0_F_S5_week9_S71_L001_R1_001	(0.0, 0.0)	(1.0, 0.0)	(2.0, 0.0)	(3.0, 0.0)	(4.0, 0.0)	(5.0, 0.0)	(6.0, 0.0)	(7.0, 0.0)	(8.0, 0.0)	(9.0, 0.0)	(10.0, 0.0)	(11.0, 0.0)	(12.0, 0.0)	(13.0, 0.0)	(14.0, 0.0)	(15.0, 0.0)	(16.0, 0.0)	(17.0, 0.0)	(18.0, 0.0)	(19.0, 0.0)	(20.0, 0.0)	(21.0, 0.0)	(22.0, 0.0)	(23.0, 0.0)	(24.0, 0.0)	(25.0, 0.0)	(26.0, 0.0)	(27.0, 0.0)	(28.0, 0.0)	(29.0, 0.0)	(30.0, 0.0)	(31.0, 0.0)	(32.0, 0.0)	(33.0, 0.0)	(34.0, 0.0)	(35.0, 0.0)	(36.0, 0.3333333333333333)	(37.0, 1.1666666666666665)	(38.0, 1.4999999999999998)	(39.0, 0.0)	(40.0, 1.1666666666666665)	(41.0, 3.8333333333333335)	(42.0, 10.666666666666668)	(43.0, 33.66666666666667)	(44.0, 72.41666666666667)	(45.0, 140.16666666666646)	(46.0, 1254.9999999999955)	(47.0, 13449.166666673194)	(48.0, 6160.666666665558)	(49.0, 5427.249999999544)	(50.0, 5460.41666666618)	(51.0, 12330.833333337834)	(52.0, 15479.00000001015)	(53.0, 5064.166666666541)	(54.0, 1026.000000000043)	(55.0, 236.7500000000019)	(56.0, 63.33333333333346)	(57.0, 18.083333333333336)	(58.0, 38.00000000000001)	(59.0, 34.58333333333332)	(60.0, 6.166666666666665)	(61.0, 6.999999999999998)	(62.0, 34.08333333333331)	(63.0, 8.416666666666664)	(64.0, 2.5)	(65.0, 0.3333333333333333)	(66.0, 0.3333333333333333)	(67.0, 0.0)	(68.0, 0.0)	(69.0, 0.0)	(70.0, 0.0)	(71.0, 0.0)	(72.0, 0.0)	(73.0, 0.0)	(74.0, 0.0)	(75.0, 0.0)	(76.0, 0.0)	(77.0, 0.0)	(78.0, 0.0)	(79.0, 0.0)	(80.0, 0.0)	(81.0, 0.0)	(82.0, 0.0)	(83.0, 0.0)	(84.0, 0.0)	(85.0, 0.0)	(86.0, 0.0)	(87.0, 0.0)	(88.0, 0.0)	(89.0, 0.0)	(90.0, 0.0)	(91.0, 0.0)	(92.0, 0.0)	(93.0, 0.0)	(94.0, 0.0)	(95.0, 0.0)	(96.0, 0.0)	(97.0, 0.0)	(98.0, 0.0)	(99.0, 0.0)	(100.0, 0.0)
2433R_0_F_S5_week9_S71_L001_R2_001	(0.0, 0.0)	(1.0, 0.0)	(2.0, 0.0)	(3.0, 0.0)	(4.0, 0.0)	(5.0, 0.0)	(6.0, 0.0)	(7.0, 0.0)	(8.0, 0.0)	(9.0, 0.0)	(10.0, 0.0)	(11.0, 0.0)	(12.0, 0.0)	(13.0, 0.0)	(14.0, 0.0)	(15.0, 0.0)	(16.0, 0.0)	(17.0, 0.0)	(18.0, 0.0)	(19.0, 0.0)	(20.0, 0.0)	(21.0, 0.0)	(22.0, 0.0)	(23.0, 0.0)	(24.0, 0.0)	(25.0, 0.0)	(26.0, 0.0)	(27.0, 0.0)	(28.0, 0.5)	(29.0, 0.5)	(30.0, 0.0)	(31.0, 0.0)	(32.0, 0.3333333333333333)	(33.0, 0.5)	(34.0, 1.0)	(35.0, 2.5)	(36.0, 5.0)	(37.0, 6.5)	(38.0, 8.5)	(39.0, 9.833333333333332)	(40.0, 14.333333333333334)	(41.0, 19.833333333333336)	(42.0, 23.0)	(43.0, 35.16666666666666)	(44.0, 86.3333333333332)	(45.0, 1048.333333333372)	(46.0, 12716.833333338565)	(47.0, 1559.499999999929)	(48.0, 1450.1666666666224)	(49.0, 682.8333333333389)	(50.0, 432.3333333333289)	(51.0, 1403.9166666666304)	(52.0, 2016.4166666665058)	(53.0, 9967.000000000242)	(54.0, 8685.916666664722)	(55.0, 1989.833333333211)	(56.0, 10984.500000001939)	(57.0, 10814.41666666835)	(58.0, 728.7500000000083)	(59.0, 218.33333333333405)	(60.0, 147.83333333333331)	(61.0, 127.24999999999976)	(62.0, 67.50000000000001)	(63.0, 47.16666666666667)	(64.0, 44.750000000000014)	(65.0, 17.666666666666668)	(66.0, 7.249999999999998)	(67.0, 8.166666666666664)	(68.0, 9.666666666666666)	(69.0, 6.166666666666667)	(70.0, 7.166666666666666)	(71.0, 13.08333333333334)	(72.0, 29.3333333333333)	(73.0, 6.999999999999997)	(74.0, 0.8333333333333333)	(75.0, 0.5)	(76.0, 0.0)	(77.0, 0.5)	(78.0, 1.0)	(79.0, 0.5)	(80.0, 0.0)	(81.0, 0.0)	(82.0, 0.0)	(83.0, 0.0)	(84.0, 0.0)	(85.0, 0.0)	(86.0, 0.0)	(87.0, 0.0)	(88.0, 0.0)	(89.0, 0.3333333333333333)	(90.0, 0.0)	(91.0, 0.0)	(92.0, 0.0)	(93.0, 0.0)	(94.0, 0.0)	(95.0, 0.0)	(96.0, 0.0)	(97.0, 0.0)	(98.0, 0.0)	(99.0, 0.0)	(100.0, 0.0)
2446R_L_F_S2_week5_S39_L001_R1_001	(0.0, 0.0)	(1.0, 0.0)	(2.0, 0.0)	(3.0, 0.0)	(4.0, 0.0)	(5.0, 0.0)	(6.0, 0.0)	(7.0, 0.0)	(8.0, 0.0)	(9.0, 0.0)	(10.0, 0.0)	(11.0, 0.0)	(12.0, 0.0)	(13.0, 0.0)	(14.0, 0.0)	(15.0, 0.0)	(16.0, 0.0)	(17.0, 0.0)	(18.0, 0.0)	(19.0, 0.0)	(20.0, 0.0)	(21.0, 0.0)	(22.0, 0.0)	(23.0, 0.0)	(24.0, 0.0)	(25.0, 0.0)	(26.0, 0.0)	(27.0, 0.0)	(28.0, 0.0)	(29.0, 0.3333333333333333)	(30.0, 0.3333333333333333)	(31.0, 0.0)	(32.0, 0.0)	(33.0, 0.0)	(34.0, 0.0)	(35.0, 0.0)	(36.0, 0.5)	(37.0, 0.5)	(38.0, 0.0)	(39.0, 0.5)	(40.0, 1.8333333333333333)	(41.0, 3.0)	(42.0, 7.499999999999999)	(43.0, 22.666666666666664)	(44.0, 54.416666666666686)	(45.0, 79.16666666666663)	(46.0, 208.5000000000012)	(47.0, 9971.166666666928)	(48.0, 10810.416666668443)	(49.0, 2082.7499999998345)	(50.0, 2262.083333333248)	(51.0, 11747.75000000346)	(52.0, 13521.25000000662)	(53.0, 2937.250000000205)	(54.0, 725.2500000000116)	(55.0, 255.41666666666933)	(56.0, 55.83333333333342)	(57.0, 15.333333333333337)	(58.0, 47.75000000000004)	(59.0, 51.25000000000008)	(60.0, 7.833333333333331)	(61.0, 3.25)	(62.0, 5.583333333333332)	(63.0, 1.3333333333333333)	(64.0, 0.0)	(65.0, 0.0)	(66.0, 0.0)	(67.0, 0.0)	(68.0, 0.0)	(69.0, 0.0)	(70.0, 0.0)	(71.0, 0.0)	(72.0, 0.0)	(73.0, 0.0)	(74.0, 0.0)	(75.0, 0.0)	(76.0, 0.0)	(77.0, 0.0)	(78.0, 0.0)	(79.0, 0.0)	(80.0, 0.0)	(81.0, 0.0)	(82.0, 0.0)	(83.0, 0.0)	(84.0, 0.0)	(85.0, 0.0)	(86.0, 0.0)	(87.0, 0.0)	(88.0, 0.0)	(89.0, 0.0)	(90.0, 0.0)	(91.0, 0.0)	(92.0, 0.0)	(93.0, 0.0)	(94.0, 0.0)	(95.0, 0.0)	(96.0, 0.0)	(97.0, 0.0)	(98.0, 0.0)	(99.0, 0.0)	(100.0, 0.0)
2446R_L_F_S2_week5_S39_L001_R2_001	(0.0, 0.0)	(1.0, 0.0)	(2.0, 0.0)	(3.0, 0.0)	(4.0, 0.0)	(5.0, 0.0)	(6.0, 0.0)	(7.0, 0.0)	(8.0, 0.0)	(9.0, 0.0)	(10.0, 0.0)	(11.0, 0.0)	(12.0, 0.0)	(13.0, 0.0)	(14.0, 0.0)	(15.0, 0.0)	(16.0, 0.0)	(17.0, 0.0)	(18.0, 0.0)	(19.0, 0.0)	(20.0, 0.0)	(21.0, 0.0)	(22.0, 0.0)	(23.0, 0.0)	(24.0, 0.0)	(25.0, 0.0)	(26.0, 0.0)	(27.0, 0.0)	(28.0, 0.0)	(29.0, 0.0)	(30.0, 0.5)	(31.0, 0.5)	(32.0, 1.0)	(33.0, 2.0)	(34.0, 2.5)	(35.0, 3.5)	(36.0, 3.5)	(37.0, 4.0)	(38.0, 5.5)	(39.0, 6.333333333333333)	(40.0, 12.166666666666668)	(41.0, 20.166666666666668)	(42.0, 22.333333333333332)	(43.0, 30.83333333333332)	(44.0, 52.00000000000004)	(45.0, 367.9999999999969)	(46.0, 9506.749999999422)	(47.0, 8715.499999998005)	(48.0, 807.7500000000178)	(49.0, 383.08333333333053)	(50.0, 279.3333333333342)	(51.0, 1503.8333333332741)	(52.0, 1771.9166666665512)	(53.0, 3599.75000000049)	(54.0, 2991.7500000002246)	(55.0, 846.7500000000172)	(56.0, 11203.66666666897)	(57.0, 11293.083333335797)	(58.0, 723.7500000000084)	(59.0, 204.75000000000037)	(60.0, 174.3333333333336)	(61.0, 162.00000000000026)	(62.0, 59.833333333333364)	(63.0, 38.33333333333333)	(64.0, 47.833333333333364)	(65.0, 24.166666666666657)	(66.0, 9.5)	(67.0, 6.083333333333333)	(68.0, 3.8333333333333335)	(69.0, 2.5)	(70.0, 2.333333333333333)	(71.0, 1.1666666666666665)	(72.0, 5.0)	(73.0, 2.0)	(74.0, 0.5)	(75.0, 0.5)	(76.0, 0.5)	(77.0, 0.0)	(78.0, 0.5)	(79.0, 0.5)	(80.0, 0.0)	(81.0, 0.0)	(82.0, 0.0)	(83.0, 0.0)	(84.0, 0.0)	(85.0, 0.0)	(86.0, 0.25)	(87.0, 0.5)	(88.0, 0.5)	(89.0, 0.0)	(90.0, 0.0)	(91.0, 0.0)	(92.0, 0.0)	(93.0, 0.3333333333333333)	(94.0, 0.3333333333333333)	(95.0, 0.0)	(96.0, 0.0)	(97.0, 0.0)	(98.0, 0.0)	(99.0, 0.0)	(100.0, 0.0)
2446R_L_F_S2_week6_S40_L001_R1_001	(0.0, 0.0)	(1.0, 0.0)	(2.0, 0.0)	(3.0, 0.0)	(4.0, 0.0)	(5.0, 0.0)	(6.0, 0.0)	(7.0, 0.0)	(8.0, 0.0)	(9.0, 0.0)	(10.0, 0.0)	(11.0, 0.0)	(12.0, 0.0)	(13.0, 0.0)	(14.0, 0.0)	(15.0, 0.0)	(16.0, 0.0)	(17.0, 0.0)	(18.0, 0.0)	(19.0, 0.0)	(20.0, 0.0)	(21.0, 0.0)	(22.0, 0.0)	(23.0, 0.0)	(24.0, 0.0)	(25.0, 0.0)	(26.0, 0.0)	(27.0, 0.0)	(28.0, 0.0)	(29.0, 0.0)	(30.0, 0.0)	(31.0, 0.0)	(32.0, 0.0)	(33.0, 0.0)	(34.0, 0.0)	(35.0, 0.0)	(36.0, 0.0)	(37.0, 0.0)	(38.0, 0.0)	(39.0, 0.5)	(40.0, 1.5)	(41.0, 3.0)	(42.0, 9.833333333333334)	(43.0, 24.5)	(44.0, 58.58333333333335)	(45.0, 90.41666666666664)	(46.0, 261.08333333333536)	(47.0, 12723.083333338569)	(48.0, 14021.250000007582)	(49.0, 2922.7500000002033)	(50.0, 3178.6666666669853)	(51.0, 14286.08333334138)	(52.0, 16543.333333344548)	(53.0, 4149.583333334003)	(54.0, 1215.0833333333364)	(55.0, 354.9999999999975)	(56.0, 68.91666666666674)	(57.0, 13.250000000000005)	(58.0, 58.1666666666668)	(59.0, 61.58333333333347)	(60.0, 5.083333333333333)	(61.0, 5.666666666666665)	(62.0, 34.3333333333333)	(63.0, 6.249999999999998)	(64.0, 0.5833333333333333)	(65.0, 0.25)	(66.0, 0.0)	(67.0, 0.0)	(68.0, 0.0)	(69.0, 0.0)	(70.0, 0.0)	(71.0, 0.0)	(72.0, 0.0)	(73.0, 0.0)	(74.0, 0.0)	(75.0, 0.0)	(76.0, 0.0)	(77.0, 0.0)	(78.0, 0.0)	(79.0, 0.0)	(80.0, 0.0)	(81.0, 0.0)	(82.0, 0.0)	(83.0, 0.0)	(84.0, 0.0)	(85.0, 0.0)	(86.0, 0.0)	(87.0, 0.0)	(88.0, 0.0)	(89.0, 0.0)	(90.0, 0.0)	(91.0, 0.0)	(92.0, 0.0)	(93.0, 0.0)	(94.0, 0.0)	(95.0, 0.0)	(96.0, 0.0)	(97.0, 0.0)	(98.0, 0.0)	(99.0, 0.0)	(100.0, 0.0)
2446R_L_F_S2_week6_S40_L001_R2_001	(0.0, 0.0)	(1.0, 0.0)	(2.0, 0.0)	(3.0, 0.0)	(4.0, 0.0)	(5.0, 0.0)	(6.0, 0.0)	(7.0, 0.0)	(8.0, 0.0)	(9.0, 0.0)	(10.0, 0.0)	(11.0, 0.0)	(12.0, 0.0)	(13.0, 0.0)	(14.0, 0.0)	(15.0, 0.0)	(16.0, 0.0)	(17.0, 0.0)	(18.0, 0.0)	(19.0, 0.0)	(20.0, 0.0)	(21.0, 0.0)	(22.0, 0.0)	(23.0, 0.0)	(24.0, 0.0)	(25.0, 0.0)	(26.0, 0.0)	(27.0, 0.0)	(28.0, 0.0)	(29.0, 0.0)	(30.0, 0.0)	(31.0, 0.0)	(32.0, 0.0)	(33.0, 0.5)	(34.0, 2.0)	(35.0, 4.5)	(36.0, 3.5)	(37.0, 3.5)	(38.0, 6.5)	(39.0, 10.75)	(40.0, 14.833333333333334)	(41.0, 15.0)	(42.0, 22.000000000000004)	(43.0, 33.499999999999986)	(44.0, 63.416666666666764)	(45.0, 473.16666666665805)	(46.0, 12041.666666670675)	(47.0, 11097.666666668962)	(48.0, 1076.0000000000289)	(49.0, 531.9999999999941)	(50.0, 395.49999999999636)	(51.0, 2235.0833333332394)	(52.0, 2564.833333333382)	(53.0, 5034.166666666556)	(54.0, 4231.666666667222)	(55.0, 1143.7500000000098)	(56.0, 13521.583333339475)	(57.0, 13568.000000006256)	(58.0, 948.7500000000264)	(59.0, 237.00000000000077)	(60.0, 224.66666666666768)	(61.0, 214.25000000000102)	(62.0, 81.99999999999997)	(63.0, 55.66666666666668)	(64.0, 63.333333333333435)	(65.0, 26.999999999999993)	(66.0, 9.5)	(67.0, 12.666666666666668)	(68.0, 13.166666666666668)	(69.0, 8.333333333333332)	(70.0, 4.0)	(71.0, 7.833333333333331)	(72.0, 25.166666666666647)	(73.0, 4.999999999999999)	(74.0, 0.8333333333333333)	(75.0, 0.8333333333333333)	(76.0, 0.0)	(77.0, 0.0)	(78.0, 0.0)	(79.0, 0.0)	(80.0, 0.0)	(81.0, 0.0)	(82.0, 0.0)	(83.0, 0.0)	(84.0, 0.0)	(85.0, 0.0)	(86.0, 0.0)	(87.0, 0.0)	(88.0, 0.3333333333333333)	(89.0, 0.3333333333333333)	(90.0, 0.0)	(91.0, 0.0)	(92.0, 0.0)	(93.0, 0.0)	(94.0, 0.0)	(95.0, 0.0)	(96.0, 0.0)	(97.0, 0.3333333333333333)	(98.0, 0.0)	(99.0, 0.0)	(100.0, 0.0)
2446R_L_F_S2_week7_S41_L001_R1_001	(0.0, 0.0)	(1.0, 0.0)	(2.0, 0.0)	(3.0, 0.0)	(4.0, 0.0)	(5.0, 0.0)	(6.0, 0.0)	(7.0, 0.0)	(8.0, 0.0)	(9.0, 0.0)	(10.0, 0.0)	(11.0, 0.0)	(12.0, 0.0)	(13.0, 0.0)	(14.0, 0.0)	(15.0, 0.0)	(16.0, 0.0)	(17.0, 0.0)	(18.0, 0.0)	(19.0, 0.0)	(20.0, 0.0)	(21.0, 0.0)	(22.0, 0.0)	(23.0, 0.0)	(24.0, 0.0)	(25.0, 0.0)	(26.0, 0.0)	(27.0, 0.0)	(28.0, 0.0)	(29.0, 0.0)	(30.0, 0.0)	(31.0, 0.0)	(32.0, 0.0)	(33.0, 0.0)	(34.0, 0.0)	(35.0, 0.0)	(36.0, 0.0)	(37.0, 0.0)	(38.0, 0.5)	(39.0, 1.8333333333333333)	(40.0, 3.333333333333333)	(41.0, 3.333333333333333)	(42.0, 7.999999999999999)	(43.0, 23.16666666666666)	(44.0, 60.08333333333336)	(45.0, 98.24999999999989)	(46.0, 268.583333333335)	(47.0, 9241.583333332279)	(48.0, 10579.666666668016)	(49.0, 3429.2500000004256)	(50.0, 3724.750000000556)	(51.0, 12710.25000000518)	(52.0, 16076.083333344543)	(53.0, 5379.916666666263)	(54.0, 1181.0000000000107)	(55.0, 284.50000000000114)	(56.0, 70.66666666666673)	(57.0, 22.333333333333336)	(58.0, 63.58333333333347)	(59.0, 62.50000000000014)	(60.0, 8.249999999999998)	(61.0, 2.5833333333333335)	(62.0, 21.166666666666657)	(63.0, 4.333333333333333)	(64.0, 0.8333333333333333)	(65.0, 1.0)	(66.0, 1.0)	(67.0, 0.8333333333333333)	(68.0, 0.0)	(69.0, 0.3333333333333333)	(70.0, 0.3333333333333333)	(71.0, 0.0)	(72.0, 0.0)	(73.0, 0.0)	(74.0, 0.0)	(75.0, 0.0)	(76.0, 0.0)	(77.0, 0.0)	(78.0, 0.0)	(79.0, 0.0)	(80.0, 0.0)	(81.0, 0.0)	(82.0, 0.0)	(83.0, 0.0)	(84.0, 0.0)	(85.0, 0.0)	(86.0, 0.0)	(87.0, 0.0)	(88.0, 0.0)	(89.0, 0.0)	(90.0, 0.0)	(91.0, 0.0)	(92.0, 0.0)	(93.0, 0.0)	(94.0, 0.0)	(95.0, 0.0)	(96.0, 0.0)	(97.0, 0.0)	(98.0, 0.0)	(99.0, 0.0)	(100.0, 0.0)
2446R_L_F_S2_week7_S41_L001_R2_001	(0.0, 0.0)	(1.0, 0.0)	(2.0, 0.0)	(3.0, 0.0)	(4.0, 0.0)	(5.0, 0.0)	(6.0, 0.0)	(7.0, 0.0)	(8.0, 0.0)	(9.0, 0.0)	(10.0, 0.0)	(11.0, 0.0)	(12.0, 0.0)	(13.0, 0.0)	(14.0, 0.0)	(15.0, 0.0)	(16.0, 0.0)	(17.0, 0.0)	(18.0, 0.0)	(19.0, 0.0)	(20.0, 0.0)	(21.0, 0.0)	(22.0, 0.0)	(23.0, 0.0)	(24.0, 0.0)	(25.0, 0.0)	(26.0, 0.5)	(27.0, 1.0)	(28.0, 0.5)	(29.0, 0.0)	(30.0, 0.0)	(31.0, 0.0)	(32.0, 0.3333333333333333)	(33.0, 0.0)	(34.0, 1.0)	(35.0, 1.0)	(36.0, 2.5)	(37.0, 6.5)	(38.0, 6.5)	(39.0, 7.833333333333333)	(40.0, 11.5)	(41.0, 16.166666666666668)	(42.0, 25.16666666666666)	(43.0, 41.08333333333335)	(44.0, 92.08333333333326)	(45.0, 953.3333333333688)	(46.0, 8668.499999997912)	(47.0, 5373.833333332921)	(48.0, 961.6666666666964)	(49.0, 538.833333333328)	(50.0, 472.74999999999415)	(51.0, 3211.5833333336486)	(52.0, 3736.333333333866)	(53.0, 6242.666666665541)	(54.0, 5212.916666666415)	(55.0, 1315.333333333321)	(56.0, 11467.75000000268)	(57.0, 11702.416666669702)	(58.0, 1051.5833333333555)	(59.0, 335.4999999999999)	(60.0, 247.66666666666728)	(61.0, 204.33333333333374)	(62.0, 108.66666666666664)	(63.0, 74.83333333333334)	(64.0, 70.8333333333334)	(65.0, 42.25000000000001)	(66.0, 18.833333333333332)	(67.0, 12.166666666666666)	(68.0, 11.5)	(69.0, 7.833333333333332)	(70.0, 4.666666666666667)	(71.0, 4.166666666666667)	(72.0, 16.666666666666675)	(73.0, 5.166666666666666)	(74.0, 2.333333333333333)	(75.0, 2.5)	(76.0, 1.5)	(77.0, 1.3333333333333333)	(78.0, 1.1666666666666665)	(79.0, 0.0)	(80.0, 0.0)	(81.0, 0.0)	(82.0, 0.0)	(83.0, 0.0)	(84.0, 0.0)	(85.0, 0.25)	(86.0, 0.0)	(87.0, 0.0)	(88.0, 0.0)	(89.0, 0.0)	(90.0, 0.0)	(91.0, 0.0)	(92.0, 0.0)	(93.0, 0.0)	(94.0, 0.0)	(95.0, 0.0)	(96.0, 0.3333333333333333)	(97.0, 0.3333333333333333)	(98.0, 0.0)	(99.0, 0.0)	(100.0, 0.0)
2446R_L_F_S2_week9_S42_L001_R1_001	(0.0, 0.0)	(1.0, 0.0)	(2.0, 0.0)	(3.0, 0.0)	(4.0, 0.0)	(5.0, 0.0)	(6.0, 0.0)	(7.0, 0.0)	(8.0, 0.0)	(9.0, 0.0)	(10.0, 0.0)	(11.0, 0.0)	(12.0, 0.0)	(13.0, 0.0)	(14.0, 0.0)	(15.0, 0.0)	(16.0, 0.0)	(17.0, 0.0)	(18.0, 0.0)	(19.0, 0.0)	(20.0, 0.0)	(21.0, 0.0)	(22.0, 0.0)	(23.0, 0.0)	(24.0, 0.0)	(25.0, 0.0)	(26.0, 0.0)	(27.0, 0.0)	(28.0, 0.3333333333333333)	(29.0, 0.3333333333333333)	(30.0, 0.0)	(31.0, 0.0)	(32.0, 0.0)	(33.0, 0.0)	(34.0, 0.0)	(35.0, 0.0)	(36.0, 0.0)	(37.0, 0.0)	(38.0, 0.0)	(39.0, 0.0)	(40.0, 2.1666666666666665)	(41.0, 3.333333333333333)	(42.0, 5.333333333333333)	(43.0, 16.0)	(44.0, 42.58333333333334)	(45.0, 66.50000000000006)	(46.0, 238.75000000000193)	(47.0, 9590.583333332896)	(48.0, 9917.166666666812)	(49.0, 2067.5833333331593)	(50.0, 2226.3333333332316)	(51.0, 12010.333333337268)	(52.0, 14569.250000008527)	(53.0, 3885.00000000063)	(54.0, 1050.4166666667045)	(55.0, 300.0833333333337)	(56.0, 67.91666666666676)	(57.0, 19.41666666666666)	(58.0, 40.500000000000014)	(59.0, 36.83333333333332)	(60.0, 5.333333333333333)	(61.0, 5.333333333333332)	(62.0, 31.16666666666663)	(63.0, 7.499999999999998)	(64.0, 1.6666666666666665)	(65.0, 0.6666666666666666)	(66.0, 0.0)	(67.0, 0.0)	(68.0, 0.0)	(69.0, 0.0)	(70.0, 0.0)	(71.0, 0.0)	(72.0, 0.0)	(73.0, 0.0)	(74.0, 0.0)	(75.0, 0.0)	(76.0, 0.0)	(77.0, 0.0)	(78.0, 0.0)	(79.0, 0.0)	(80.0, 0.0)	(81.0, 0.0)	(82.0, 0.0)	(83.0, 0.0)	(84.0, 0.0)	(85.0, 0.0)	(86.0, 0.0)	(87.0, 0.0)	(88.0, 0.0)	(89.0, 0.0)	(90.0, 0.0)	(91.0, 0.0)	(92.0, 0.0)	(93.0, 0.0)	(94.0, 0.0)	(95.0, 0.0)	(96.0, 0.0)	(97.0, 0.0)	(98.0, 0.0)	(99.0, 0.0)	(100.0, 0.0)
2446R_L_F_S2_week9_S42_L001_R2_001	(0.0, 0.0)	(1.0, 0.0)	(2.0, 0.0)	(3.0, 0.0)	(4.0, 0.0)	(5.0, 0.0)	(6.0, 0.0)	(7.0, 0.0)	(8.0, 0.0)	(9.0, 0.0)	(10.0, 0.0)	(11.0, 0.0)	(12.0, 0.0)	(13.0, 0.0)	(14.0, 0.0)	(15.0, 0.0)	(16.0, 0.0)	(17.0, 0.0)	(18.0, 0.0)	(19.0, 0.0)	(20.0, 0.0)	(21.0, 0.0)	(22.0, 0.0)	(23.0, 0.0)	(24.0, 0.0)	(25.0, 0.0)	(26.0, 0.0)	(27.0, 0.0)	(28.0, 0.0)	(29.0, 0.5)	(30.0, 1.0)	(31.0, 0.5)	(32.0, 0.5)	(33.0, 1.5)	(34.0, 1.5)	(35.0, 2.0)	(36.0, 3.5)	(37.0, 4.0)	(38.0, 5.5)	(39.0, 10.166666666666666)	(40.0, 17.0)	(41.0, 17.833333333333336)	(42.0, 22.666666666666664)	(43.0, 43.83333333333336)	(44.0, 81.83333333333326)	(45.0, 1091.6666666666956)	(46.0, 9191.58333333219)	(47.0, 4948.666666666632)	(48.0, 866.9166666666898)	(49.0, 443.9166666666622)	(50.0, 355.1666666666648)	(51.0, 1966.4166666665133)	(52.0, 2256.249999999914)	(53.0, 3487.4166666670963)	(54.0, 3032.666666666889)	(55.0, 1110.0000000000161)	(56.0, 11620.66666666964)	(57.0, 11690.250000003056)	(58.0, 935.8333333333561)	(59.0, 290.7500000000001)	(60.0, 239.25000000000082)	(61.0, 223.9166666666676)	(62.0, 103.33333333333329)	(63.0, 70.83333333333334)	(64.0, 52.00000000000003)	(65.0, 24.249999999999996)	(66.0, 14.500000000000002)	(67.0, 17.416666666666668)	(68.0, 14.166666666666668)	(69.0, 8.5)	(70.0, 6.499999999999999)	(71.0, 10.66666666666667)	(72.0, 28.499999999999964)	(73.0, 6.833333333333331)	(74.0, 0.5)	(75.0, 1.0)	(76.0, 1.5)	(77.0, 0.5)	(78.0, 0.0)	(79.0, 0.0)	(80.0, 0.0)	(81.0, 0.0)	(82.0, 0.0)	(83.0, 0.0)	(84.0, 0.0)	(85.0, 0.5)	(86.0, 0.5)	(87.0, 0.0)	(88.0, 0.0)	(89.0, 0.0)	(90.0, 0.0)	(91.0, 0.5)	(92.0, 1.0)	(93.0, 0.5)	(94.0, 0.3333333333333333)	(95.0, 0.0)	(96.0, 0.0)	(97.0, 0.0)	(98.0, 0.0)	(99.0, 0.0)	(100.0, 0.0)
2475R_0_M_S5_week9_S77_L001_R1_001	(0.0, 0.0)	(1.0, 0.0)	(2.0, 0.0)	(3.0, 0.0)	(4.0, 0.0)	(5.0, 0.0)	(6.0, 0.0)	(7.0, 0.0)	(8.0, 0.0)	(9.0, 0.0)	(10.0, 0.0)	(11.0, 0.0)	(12.0, 0.0)	(13.0, 0.0)	(14.0, 0.0)	(15.0, 0.0)	(16.0, 0.0)	(17.0, 0.0)	(18.0, 0.0)	(19.0, 0.0)	(20.0, 0.0)	(21.0, 0.0)	(22.0, 0.0)	(23.0, 0.0)	(24.0, 0.0)	(25.0, 0.0)	(26.0, 0.0)	(27.0, 0.0)	(28.0, 0.0)	(29.0, 0.0)	(30.0, 0.0)	(31.0, 0.0)	(32.0, 0.0)	(33.0, 0.0)	(34.0, 0.0)	(35.0, 0.5)	(36.0, 1.3333333333333333)	(37.0, 0.5)	(38.0, 0.5)	(39.0, 0.5)	(40.0, 0.8333333333333333)	(41.0, 7.166666666666667)	(42.0, 11.333333333333334)	(43.0, 23.58333333333333)	(44.0, 75.49999999999999)	(45.0, 137.99999999999986)	(46.0, 995.0833333333717)	(47.0, 11034.083333335495)	(48.0, 5586.499999999409)	(49.0, 5442.666666666205)	(50.0, 5886.666666665807)	(51.0, 12883.500000005506)	(52.0, 16481.500000011434)	(53.0, 5645.83333333269)	(54.0, 916.6666666666986)	(55.0, 275.2500000000014)	(56.0, 87.91666666666653)	(57.0, 31.333333333333307)	(58.0, 72.16666666666671)	(59.0, 75.41666666666667)	(60.0, 12.833333333333336)	(61.0, 6.333333333333332)	(62.0, 27.666666666666636)	(63.0, 6.833333333333331)	(64.0, 0.8333333333333333)	(65.0, 0.0)	(66.0, 0.0)	(67.0, 0.0)	(68.0, 0.25)	(69.0, 0.0)	(70.0, 0.0)	(71.0, 0.0)	(72.0, 0.0)	(73.0, 0.0)	(74.0, 0.0)	(75.0, 0.0)	(76.0, 0.0)	(77.0, 0.0)	(78.0, 0.0)	(79.0, 0.0)	(80.0, 0.0)	(81.0, 0.0)	(82.0, 0.0)	(83.0, 0.0)	(84.0, 0.0)	(85.0, 0.0)	(86.0, 0.0)	(87.0, 0.0)	(88.0, 0.0)	(89.0, 0.0)	(90.0, 0.0)	(91.0, 0.0)	(92.0, 0.0)	(93.0, 0.0)	(94.0, 0.0)	(95.0, 0.0)	(96.0, 0.0)	(97.0, 0.0)	(98.0, 0.0)	(99.0, 0.0)	(100.0, 0.0)
2475R_0_M_S5_week9_S77_L001_R2_001	(0.0, 0.0)	(1.0, 0.0)	(2.0, 0.0)	(3.0, 0.0)	(4.0, 0.0)	(5.0, 0.0)	(6.0, 0.0)	(7.0, 0.0)	(8.0, 0.0)	(9.0, 0.0)	(10.0, 0.0)	(11.0, 0.0)	(12.0, 0.0)	(13.0, 0.0)	(14.0, 0.0)	(15.0, 0.0)	(16.0, 0.0)	(17.0, 0.0)	(18.0, 0.0)	(19.0, 0.0)	(20.0, 0.0)	(21.0, 0.0)	(22.0, 0.0)	(23.0, 0.0)	(24.0, 0.0)	(25.0, 0.0)	(26.0, 0.0)	(27.0, 0.0)	(28.0, 0.0)	(29.0, 0.0)	(30.0, 0.0)	(31.0, 0.0)	(32.0, 0.5)	(33.0, 1.0)	(34.0, 1.5)	(35.0, 2.5)	(36.0, 3.0)	(37.0, 5.833333333333334)	(38.0, 11.333333333333334)	(39.0, 15.0)	(40.0, 18.0)	(41.0, 20.166666666666664)	(42.0, 28.999999999999993)	(43.0, 47.000000000000014)	(44.0, 86.99999999999989)	(45.0, 913.0000000000318)	(46.0, 10300.500000000859)	(47.0, 1482.6666666666122)	(48.0, 1652.08333333325)	(49.0, 779.5000000000125)	(50.0, 502.4999999999936)	(51.0, 1865.9166666665412)	(52.0, 2560.583333333376)	(53.0, 9944.66666666687)	(54.0, 8986.833333331906)	(55.0, 2416.4999999999923)	(56.0, 10833.416666668303)	(57.0, 10775.666666668227)	(58.0, 906.3333333333522)	(59.0, 284.91666666666714)	(60.0, 209.16666666666728)	(61.0, 172.83333333333366)	(62.0, 101.5833333333333)	(63.0, 72.49999999999997)	(64.0, 79.58333333333323)	(65.0, 26.83333333333332)	(66.0, 10.5)	(67.0, 9.5)	(68.0, 8.166666666666666)	(69.0, 5.166666666666667)	(70.0, 5.166666666666666)	(71.0, 7.666666666666666)	(72.0, 20.33333333333333)	(73.0, 5.999999999999998)	(74.0, 1.1666666666666665)	(75.0, 1.0)	(76.0, 0.5)	(77.0, 0.5833333333333333)	(78.0, 0.3333333333333333)	(79.0, 0.3333333333333333)	(80.0, 0.0)	(81.0, 1.5)	(82.0, 1.5)	(83.0, 0.5)	(84.0, 0.5)	(85.0, 0.0)	(86.0, 0.0)	(87.0, 0.0)	(88.0, 0.0)	(89.0, 0.0)	(90.0, 0.0)	(91.0, 0.3333333333333333)	(92.0, 0.0)	(93.0, 0.5)	(94.0, 0.5)	(95.0, 0.0)	(96.0, 0.0)	(97.0, 0.0)	(98.0, 0.0)	(99.0, 0.0)	(100.0, 0.0)
2476R_R_F_NS6_week9_S81_L001_R1_001	(0.0, 0.0)	(1.0, 0.0)	(2.0, 0.0)	(3.0, 0.0)	(4.0, 0.0)	(5.0, 0.0)	(6.0, 0.0)	(7.0, 0.0)	(8.0, 0.0)	(9.0, 0.0)	(10.0, 0.0)	(11.0, 0.0)	(12.0, 0.0)	(13.0, 0.0)	(14.0, 0.0)	(15.0, 0.0)	(16.0, 0.0)	(17.0, 0.0)	(18.0, 0.0)	(19.0, 0.0)	(20.0, 0.0)	(21.0, 0.0)	(22.0, 0.0)	(23.0, 0.0)	(24.0, 0.0)	(25.0, 0.0)	(26.0, 0.0)	(27.0, 0.0)	(28.0, 0.0)	(29.0, 0.0)	(30.0, 0.0)	(31.0, 0.0)	(32.0, 0.0)	(33.0, 0.5)	(34.0, 0.5)	(35.0, 0.5)	(36.0, 0.5)	(37.0, 0.0)	(38.0, 1.5)	(39.0, 4.166666666666666)	(40.0, 7.0)	(41.0, 18.333333333333332)	(42.0, 47.83333333333334)	(43.0, 83.16666666666666)	(44.0, 169.5000000000001)	(45.0, 760.8333333333452)	(46.0, 6469.749999998615)	(47.0, 8461.166666664201)	(48.0, 19400.50000000095)	(49.0, 2864.416666666845)	(50.0, 1062.4166666667008)	(51.0, 3591.0833333338355)	(52.0, 7175.166666664638)	(53.0, 4464.083333333733)	(54.0, 3608.1666666671836)	(55.0, 562.6666666666607)	(56.0, 77.08333333333336)	(57.0, 19.749999999999993)	(58.0, 17.500000000000004)	(59.0, 15.500000000000009)	(60.0, 2.1666666666666665)	(61.0, 4.666666666666666)	(62.0, 39.16666666666667)	(63.0, 8.499999999999998)	(64.0, 0.3333333333333333)	(65.0, 0.8333333333333333)	(66.0, 0.8333333333333333)	(67.0, 0.0)	(68.0, 0.0)	(69.0, 0.0)	(70.0, 0.0)	(71.0, 0.0)	(72.0, 0.0)	(73.0, 0.0)	(74.0, 0.0)	(75.0, 0.0)	(76.0, 0.0)	(77.0, 0.0)	(78.0, 0.0)	(79.0, 0.0)	(80.0, 0.0)	(81.0, 0.0)	(82.0, 0.0)	(83.0, 0.0)	(84.0, 0.0)	(85.0, 0.0)	(86.0, 0.0)	(87.0, 0.0)	(88.0, 0.0)	(89.0, 0.0)	(90.0, 0.0)	(91.0, 0.0)	(92.0, 0.0)	(93.0, 0.0)	(94.0, 0.0)	(95.0, 0.0)	(96.0, 0.0)	(97.0, 0.0)	(98.0, 0.0)	(99.0, 0.0)	(100.0, 0.0)
2476R_R_F_NS6_week9_S81_L001_R2_001	(0.0, 0.0)	(1.0, 0.0)	(2.0, 0.0)	(3.0, 0.0)	(4.0, 0.0)	(5.0, 0.0)	(6.0, 0.0)	(7.0, 0.0)	(8.0, 0.0)	(9.0, 0.0)	(10.0, 0.0)	(11.0, 0.0)	(12.0, 0.0)	(13.0, 0.0)	(14.0, 0.0)	(15.0, 0.0)	(16.0, 0.0)	(17.0, 0.0)	(18.0, 0.0)	(19.0, 0.0)	(20.0, 0.0)	(21.0, 0.0)	(22.0, 0.0)	(23.0, 0.0)	(24.0, 0.0)	(25.0, 0.0)	(26.0, 0.0)	(27.0, 0.0)	(28.0, 0.0)	(29.0, 0.0)	(30.0, 0.5)	(31.0, 1.5)	(32.0, 2.0)	(33.0, 1.5)	(34.0, 1.3333333333333333)	(35.0, 2.333333333333333)	(36.0, 5.333333333333334)	(37.0, 8.333333333333332)	(38.0, 13.5)	(39.0, 17.666666666666668)	(40.0, 17.666666666666668)	(41.0, 27.833333333333332)	(42.0, 47.750000000000014)	(43.0, 72.83333333333334)	(44.0, 139.91666666666654)	(45.0, 1036.416666666705)	(46.0, 9643.833333333027)	(47.0, 15624.91666667694)	(48.0, 14748.33333334207)	(49.0, 6459.249999998659)	(50.0, 722.0833333333429)	(51.0, 4224.000000000599)	(52.0, 4299.083333333864)	(53.0, 2846.5000000001596)	(54.0, 3312.8333333336873)	(55.0, 680.0000000000055)	(56.0, 3693.0833333338473)	(57.0, 3403.8333333337264)	(58.0, 240.33333333333474)	(59.0, 82.3333333333333)	(60.0, 71.66666666666667)	(61.0, 63.833333333333385)	(62.0, 33.166666666666664)	(63.0, 24.083333333333332)	(64.0, 21.166666666666664)	(65.0, 9.499999999999998)	(66.0, 6.0)	(67.0, 6.166666666666666)	(68.0, 5.833333333333333)	(69.0, 6.5)	(70.0, 7.0)	(71.0, 10.000000000000002)	(72.0, 32.83333333333329)	(73.0, 6.333333333333331)	(74.0, 0.0)	(75.0, 0.3333333333333333)	(76.0, 0.0)	(77.0, 0.0)	(78.0, 0.0)	(79.0, 0.0)	(80.0, 0.0)	(81.0, 0.25)	(82.0, 0.0)	(83.0, 0.0)	(84.0, 0.0)	(85.0, 0.0)	(86.0, 0.0)	(87.0, 0.0)	(88.0, 0.0)	(89.0, 0.0)	(90.0, 0.0)	(91.0, 0.0)	(92.0, 0.0)	(93.0, 0.0)	(94.0, 0.0)	(95.0, 0.0)	(96.0, 0.0)	(97.0, 0.0)	(98.0, 0.0)	(99.0, 0.0)	(100.0, 0.0)
2518R_0_M_S5_week9_S78_L001_R1_001	(0.0, 0.0)	(1.0, 0.0)	(2.0, 0.0)	(3.0, 0.0)	(4.0, 0.0)	(5.0, 0.0)	(6.0, 0.0)	(7.0, 0.0)	(8.0, 0.0)	(9.0, 0.0)	(10.0, 0.0)	(11.0, 0.0)	(12.0, 0.0)	(13.0, 0.0)	(14.0, 0.0)	(15.0, 0.0)	(16.0, 0.0)	(17.0, 0.0)	(18.0, 0.0)	(19.0, 0.0)	(20.0, 0.0)	(21.0, 0.0)	(22.0, 0.0)	(23.0, 0.0)	(24.0, 0.0)	(25.0, 0.0)	(26.0, 0.0)	(27.0, 0.0)	(28.0, 0.0)	(29.0, 0.0)	(30.0, 0.0)	(31.0, 0.0)	(32.0, 0.0)	(33.0, 0.0)	(34.0, 0.3333333333333333)	(35.0, 0.5)	(36.0, 0.5)	(37.0, 0.0)	(38.0, 0.0)	(39.0, 0.8333333333333333)	(40.0, 2.6666666666666665)	(41.0, 4.166666666666666)	(42.0, 8.833333333333334)	(43.0, 30.833333333333325)	(44.0, 68.83333333333334)	(45.0, 116.91666666666646)	(46.0, 988.0000000000393)	(47.0, 11184.166666669109)	(48.0, 5209.833333333072)	(49.0, 5062.999999999875)	(50.0, 4758.0000000001455)	(51.0, 10290.166666667488)	(52.0, 13361.750000006348)	(53.0, 4282.000000000556)	(54.0, 665.6666666666723)	(55.0, 221.91666666666833)	(56.0, 67.91666666666677)	(57.0, 20.583333333333325)	(58.0, 39.00000000000001)	(59.0, 35.33333333333331)	(60.0, 4.333333333333334)	(61.0, 3.8333333333333335)	(62.0, 30.999999999999957)	(63.0, 4.999999999999999)	(64.0, 2.333333333333333)	(65.0, 0.0)	(66.0, 0.5)	(67.0, 1.0)	(68.0, 0.5)	(69.0, 0.0)	(70.0, 0.0)	(71.0, 0.0)	(72.0, 0.0)	(73.0, 0.0)	(74.0, 0.0)	(75.0, 0.0)	(76.0, 0.0)	(77.0, 0.0)	(78.0, 0.0)	(79.0, 0.0)	(80.0, 0.0)	(81.0, 0.0)	(82.0, 0.0)	(83.0, 0.0)	(84.0, 0.0)	(85.0, 0.0)	(86.0, 0.0)	(87.0, 0.0)	(88.0, 0.0)	(89.0, 0.0)	(90.0, 0.0)	(91.0, 0.0)	(92.0, 0.0)	(93.0, 0.0)	(94.0, 0.0)	(95.0, 0.0)	(96.0, 0.0)	(97.0, 0.0)	(98.0, 0.0)	(99.0, 0.0)	(100.0, 0.0)
2518R_0_M_S5_week9_S78_L001_R2_001	(0.0, 0.0)	(1.0, 0.0)	(2.0, 0.0)	(3.0, 0.0)	(4.0, 0.0)	(5.0, 0.0)	(6.0, 0.0)	(7.0, 0.0)	(8.0, 0.0)	(9.0, 0.0)	(10.0, 0.0)	(11.0, 0.0)	(12.0, 0.0)	(13.0, 0.0)	(14.0, 0.0)	(15.0, 0.0)	(16.0, 0.0)	(17.0, 0.0)	(18.0, 0.0)	(19.0, 0.0)	(20.0, 0.0)	(21.0, 0.0)	(22.0, 0.0)	(23.0, 0.0)	(24.0, 0.0)	(25.0, 0.0)	(26.0, 0.0)	(27.0, 0.5)	(28.0, 1.5)	(29.0, 1.0)	(30.0, 0.0)	(31.0, 0.5)	(32.0, 0.5)	(33.0, 0.5)	(34.0, 1.0)	(35.0, 2.5)	(36.0, 4.5)	(37.0, 3.333333333333333)	(38.0, 2.333333333333333)	(39.0, 6.333333333333333)	(40.0, 11.666666666666668)	(41.0, 20.833333333333332)	(42.0, 29.33333333333333)	(43.0, 35.5)	(44.0, 88.33333333333327)	(45.0, 954.5000000000358)	(46.0, 10360.583333334296)	(47.0, 1594.3333333332546)	(48.0, 1777.3333333332268)	(49.0, 828.0000000000159)	(50.0, 453.8333333333284)	(51.0, 1349.4999999999754)	(52.0, 1968.166666666521)	(53.0, 8020.66666666399)	(54.0, 7078.833333331513)	(55.0, 1974.7499999998759)	(56.0, 8957.166666665247)	(57.0, 9017.166666665316)	(58.0, 771.4166666666778)	(59.0, 213.25000000000065)	(60.0, 166.58333333333348)	(61.0, 154.16666666666669)	(62.0, 73.00000000000001)	(63.0, 49.583333333333336)	(64.0, 42.583333333333336)	(65.0, 23.666666666666664)	(66.0, 13.333333333333332)	(67.0, 12.0)	(68.0, 8.583333333333334)	(69.0, 4.5)	(70.0, 3.8333333333333335)	(71.0, 5.499999999999999)	(72.0, 24.83333333333331)	(73.0, 5.833333333333332)	(74.0, 0.3333333333333333)	(75.0, 0.0)	(76.0, 0.0)	(77.0, 0.0)	(78.0, 0.0)	(79.0, 0.0)	(80.0, 0.0)	(81.0, 0.0)	(82.0, 0.3333333333333333)	(83.0, 0.0)	(84.0, 0.0)	(85.0, 0.0)	(86.0, 0.0)	(87.0, 0.0)	(88.0, 0.0)	(89.0, 0.5)	(90.0, 0.5)	(91.0, 0.3333333333333333)	(92.0, 0.3333333333333333)	(93.0, 0.0)	(94.0, 0.0)	(95.0, 0.0)	(96.0, 0.0)	(97.0, 0.0)	(98.0, 0.0)	(99.0, 0.0)	(100.0, 0.0)
2529R_R_F_NS1_week5_S5_L001_R1_001	(0.0, 0.0)	(1.0, 0.0)	(2.0, 0.0)	(3.0, 0.0)	(4.0, 0.0)	(5.0, 0.0)	(6.0, 0.0)	(7.0, 0.0)	(8.0, 0.0)	(9.0, 0.0)	(10.0, 0.0)	(11.0, 0.0)	(12.0, 0.0)	(13.0, 0.0)	(14.0, 0.0)	(15.0, 0.0)	(16.0, 0.0)	(17.0, 0.0)	(18.0, 0.0)	(19.0, 0.0)	(20.0, 0.0)	(21.0, 0.0)	(22.0, 0.0)	(23.0, 0.0)	(24.0, 0.0)	(25.0, 0.0)	(26.0, 0.0)	(27.0, 0.0)	(28.0, 0.0)	(29.0, 0.0)	(30.0, 0.0)	(31.0, 0.0)	(32.0, 0.3333333333333333)	(33.0, 0.3333333333333333)	(34.0, 0.0)	(35.0, 0.0)	(36.0, 0.0)	(37.0, 0.0)	(38.0, 0.0)	(39.0, 2.0)	(40.0, 4.583333333333333)	(41.0, 11.416666666666666)	(42.0, 21.333333333333332)	(43.0, 40.33333333333333)	(44.0, 108.58333333333329)	(45.0, 213.583333333334)	(46.0, 547.4166666666604)	(47.0, 6509.749999998569)	(48.0, 18731.41666667003)	(49.0, 2288.5833333332603)	(50.0, 673.4166666666729)	(51.0, 4173.333333333998)	(52.0, 5790.2499999992115)	(53.0, 2794.000000000147)	(54.0, 1635.7499999999102)	(55.0, 442.6666666666594)	(56.0, 66.08333333333344)	(57.0, 19.33333333333333)	(58.0, 6.583333333333331)	(59.0, 9.916666666666666)	(60.0, 4.333333333333333)	(61.0, 5.333333333333332)	(62.0, 45.50000000000005)	(63.0, 9.5)	(64.0, 2.5)	(65.0, 1.5)	(66.0, 0.0)	(67.0, 0.0)	(68.0, 0.0)	(69.0, 0.0)	(70.0, 0.0)	(71.0, 0.0)	(72.0, 0.0)	(73.0, 0.0)	(74.0, 0.0)	(75.0, 0.0)	(76.0, 0.0)	(77.0, 0.0)	(78.0, 0.0)	(79.0, 0.0)	(80.0, 0.0)	(81.0, 0.0)	(82.0, 0.0)	(83.0, 0.0)	(84.0, 0.0)	(85.0, 0.0)	(86.0, 0.0)	(87.0, 0.0)	(88.0, 0.0)	(89.0, 0.0)	(90.0, 0.0)	(91.0, 0.0)	(92.0, 0.0)	(93.0, 0.0)	(94.0, 0.0)	(95.0, 0.0)	(96.0, 0.0)	(97.0, 0.0)	(98.0, 0.0)	(99.0, 0.0)	(100.0, 0.0)
2529R_R_F_NS1_week5_S5_L001_R2_001	(0.0, 0.0)	(1.0, 0.0)	(2.0, 0.0)	(3.0, 0.0)	(4.0, 0.0)	(5.0, 0.0)	(6.0, 0.0)	(7.0, 0.0)	(8.0, 0.0)	(9.0, 0.0)	(10.0, 0.0)	(11.0, 0.0)	(12.0, 0.0)	(13.0, 0.0)	(14.0, 0.0)	(15.0, 0.0)	(16.0, 0.0)	(17.0, 0.0)	(18.0, 0.0)	(19.0, 0.0)	(20.0, 0.0)	(21.0, 0.0)	(22.0, 0.0)	(23.0, 0.0)	(24.0, 0.0)	(25.0, 0.0)	(26.0, 0.0)	(27.0, 0.0)	(28.0, 0.0)	(29.0, 0.0)	(30.0, 0.0)	(31.0, 0.3333333333333333)	(32.0, 0.8333333333333333)	(33.0, 0.5)	(34.0, 0.5)	(35.0, 1.5)	(36.0, 2.0)	(37.0, 1.8333333333333333)	(38.0, 3.333333333333333)	(39.0, 6.833333333333333)	(40.0, 13.0)	(41.0, 16.0)	(42.0, 22.166666666666668)	(43.0, 34.666666666666664)	(44.0, 68.25000000000004)	(45.0, 335.4166666666654)	(46.0, 3825.3333333339406)	(47.0, 2694.4166666667734)	(48.0, 6257.16666666549)	(49.0, 14067.333333340863)	(50.0, 1559.0833333332696)	(51.0, 1981.7499999998504)	(52.0, 1986.0833333331805)	(53.0, 1739.2499999998981)	(54.0, 1783.6666666665553)	(55.0, 508.1666666666594)	(56.0, 4463.166666667045)	(57.0, 4131.333333333987)	(58.0, 332.33333333333223)	(59.0, 116.16666666666652)	(60.0, 128.4166666666664)	(61.0, 127.91666666666626)	(62.0, 41.99999999999999)	(63.0, 26.166666666666664)	(64.0, 23.49999999999999)	(65.0, 14.0)	(66.0, 6.166666666666666)	(67.0, 7.833333333333334)	(68.0, 12.166666666666666)	(69.0, 7.666666666666666)	(70.0, 5.833333333333332)	(71.0, 9.333333333333332)	(72.0, 33.33333333333329)	(73.0, 9.833333333333334)	(74.0, 0.0)	(75.0, 0.3333333333333333)	(76.0, 0.5)	(77.0, 1.0)	(78.0, 0.5)	(79.0, 0.0)	(80.0, 0.0)	(81.0, 0.0)	(82.0, 0.0)	(83.0, 0.0)	(84.0, 0.0)	(85.0, 0.0)	(86.0, 0.0)	(87.0, 0.0)	(88.0, 0.0)	(89.0, 0.0)	(90.0, 0.0)	(91.0, 0.3333333333333333)	(92.0, 0.3333333333333333)	(93.0, 0.0)	(94.0, 0.0)	(95.0, 0.0)	(96.0, 0.0)	(97.0, 0.0)	(98.0, 0.0)	(99.0, 0.0)	(100.0, 0.0)
2529R_R_F_NS1_week6_S6_L001_R1_001	(0.0, 0.0)	(1.0, 0.0)	(2.0, 0.0)	(3.0, 0.0)	(4.0, 0.0)	(5.0, 0.0)	(6.0, 0.0)	(7.0, 0.0)	(8.0, 0.0)	(9.0, 0.0)	(10.0, 0.0)	(11.0, 0.0)	(12.0, 0.0)	(13.0, 0.0)	(14.0, 0.0)	(15.0, 0.0)	(16.0, 0.0)	(17.0, 0.0)	(18.0, 0.0)	(19.0, 0.0)	(20.0, 0.0)	(21.0, 0.0)	(22.0, 0.0)	(23.0, 0.0)	(24.0, 0.0)	(25.0, 0.0)	(26.0, 0.0)	(27.0, 0.0)	(28.0, 0.0)	(29.0, 0.0)	(30.0, 0.3333333333333333)	(31.0, 0.3333333333333333)	(32.0, 0.0)	(33.0, 0.0)	(34.0, 0.5)	(35.0, 0.5)	(36.0, 0.0)	(37.0, 0.0)	(38.0, 0.5)	(39.0, 0.5)	(40.0, 2.833333333333333)	(41.0, 5.833333333333333)	(42.0, 15.833333333333336)	(43.0, 43.83333333333333)	(44.0, 112.91666666666663)	(45.0, 201.9166666666671)	(46.0, 497.9166666666579)	(47.0, 6634.999999998452)	(48.0, 17252.08333334206)	(49.0, 2206.4999999998877)	(50.0, 637.3333333333347)	(51.0, 5432.1666666662)	(52.0, 7886.666666664002)	(53.0, 3742.9166666672377)	(54.0, 1351.4166666666406)	(55.0, 553.3333333333268)	(56.0, 71.00000000000004)	(57.0, 17.583333333333332)	(58.0, 14.666666666666671)	(59.0, 20.0)	(60.0, 6.833333333333331)	(61.0, 9.666666666666666)	(62.0, 86.99999999999984)	(63.0, 14.166666666666675)	(64.0, 3.0833333333333335)	(65.0, 1.5)	(66.0, 0.5)	(67.0, 0.0)	(68.0, 0.0)	(69.0, 0.0)	(70.0, 0.0)	(71.0, 0.0)	(72.0, 0.0)	(73.0, 0.0)	(74.0, 0.0)	(75.0, 0.0)	(76.0, 0.0)	(77.0, 0.0)	(78.0, 0.0)	(79.0, 0.0)	(80.0, 0.0)	(81.0, 0.0)	(82.0, 0.0)	(83.0, 0.0)	(84.0, 0.0)	(85.0, 0.0)	(86.0, 0.0)	(87.0, 0.0)	(88.0, 0.0)	(89.0, 0.0)	(90.0, 0.0)	(91.0, 0.0)	(92.0, 0.0)	(93.0, 0.0)	(94.0, 0.0)	(95.0, 0.0)	(96.0, 0.0)	(97.0, 0.0)	(98.0, 0.0)	(99.0, 0.0)	(100.0, 0.0)
2529R_R_F_NS1_week6_S6_L001_R2_001	(0.0, 0.0)	(1.0, 0.0)	(2.0, 0.0)	(3.0, 0.0)	(4.0, 0.0)	(5.0, 0.0)	(6.0, 0.0)	(7.0, 0.0)	(8.0, 0.0)	(9.0, 0.0)	(10.0, 0.0)	(11.0, 0.0)	(12.0, 0.0)	(13.0, 0.0)	(14.0, 0.0)	(15.0, 0.0)	(16.0, 0.0)	(17.0, 0.0)	(18.0, 0.0)	(19.0, 0.0)	(20.0, 0.0)	(21.0, 0.0)	(22.0, 0.0)	(23.0, 0.0)	(24.0, 0.0)	(25.0, 0.0)	(26.0, 0.0)	(27.0, 0.0)	(28.0, 0.0)	(29.0, 0.0)	(30.0, 0.0)	(31.0, 0.5)	(32.0, 0.5)	(33.0, 1.5)	(34.0, 3.0)	(35.0, 1.5)	(36.0, 1.5)	(37.0, 1.5)	(38.0, 1.3333333333333333)	(39.0, 9.0)	(40.0, 16.0)	(41.0, 18.166666666666668)	(42.0, 20.833333333333332)	(43.0, 27.83333333333333)	(44.0, 53.00000000000005)	(45.0, 339.9999999999982)	(46.0, 4180.33333333399)	(47.0, 2808.3333333334845)	(48.0, 5657.166666666013)	(49.0, 12107.333333337381)	(50.0, 1289.4166666666547)	(51.0, 2200.0833333332266)	(52.0, 2436.5833333333276)	(53.0, 1958.9166666665155)	(54.0, 1914.8333333331934)	(55.0, 549.7499999999952)	(56.0, 5741.999999999302)	(57.0, 5427.333333332904)	(58.0, 422.5833333333293)	(59.0, 124.91666666666644)	(60.0, 139.91666666666637)	(61.0, 148.41666666666663)	(62.0, 51.666666666666686)	(63.0, 26.833333333333332)	(64.0, 25.99999999999999)	(65.0, 17.166666666666664)	(66.0, 13.500000000000002)	(67.0, 27.5)	(68.0, 28.333333333333332)	(69.0, 10.0)	(70.0, 7.666666666666665)	(71.0, 16.500000000000007)	(72.0, 66.33333333333347)	(73.0, 14.833333333333341)	(74.0, 1.6666666666666665)	(75.0, 1.5)	(76.0, 0.5)	(77.0, 0.0)	(78.0, 0.0)	(79.0, 0.0)	(80.0, 0.0)	(81.0, 0.0)	(82.0, 0.0)	(83.0, 0.0)	(84.0, 0.0)	(85.0, 0.0)	(86.0, 0.0)	(87.0, 0.0)	(88.0, 0.0)	(89.0, 0.0)	(90.0, 0.0)	(91.0, 0.0)	(92.0, 0.0)	(93.0, 0.0)	(94.0, 0.0)	(95.0, 0.0)	(96.0, 0.0)	(97.0, 0.0)	(98.0, 0.0)	(99.0, 0.0)	(100.0, 0.0)
2529R_R_F_NS1_week7_S7_L001_R1_001	(0.0, 0.0)	(1.0, 0.0)	(2.0, 0.0)	(3.0, 0.0)	(4.0, 0.0)	(5.0, 0.0)	(6.0, 0.0)	(7.0, 0.0)	(8.0, 0.0)	(9.0, 0.0)	(10.0, 0.0)	(11.0, 0.0)	(12.0, 0.0)	(13.0, 0.0)	(14.0, 0.0)	(15.0, 0.0)	(16.0, 0.0)	(17.0, 0.0)	(18.0, 0.0)	(19.0, 0.0)	(20.0, 0.0)	(21.0, 0.0)	(22.0, 0.0)	(23.0, 0.0)	(24.0, 0.0)	(25.0, 0.0)	(26.0, 0.0)	(27.0, 0.0)	(28.0, 0.0)	(29.0, 0.0)	(30.0, 0.0)	(31.0, 0.0)	(32.0, 0.0)	(33.0, 0.0)	(34.0, 0.0)	(35.0, 0.0)	(36.0, 0.3333333333333333)	(37.0, 0.8333333333333333)	(38.0, 0.5)	(39.0, 0.5)	(40.0, 2.333333333333333)	(41.0, 6.5)	(42.0, 12.333333333333332)	(43.0, 30.166666666666668)	(44.0, 86.33333333333334)	(45.0, 130.83333333333317)	(46.0, 324.2499999999991)	(47.0, 5719.916666665941)	(48.0, 12672.08333333847)	(49.0, 1698.249999999901)	(50.0, 888.8333333333613)	(51.0, 11212.250000002476)	(52.0, 12870.16666667211)	(53.0, 2912.1666666668634)	(54.0, 1469.916666666614)	(55.0, 468.4166666666582)	(56.0, 62.25000000000011)	(57.0, 16.000000000000007)	(58.0, 10.333333333333332)	(59.0, 17.000000000000004)	(60.0, 4.0)	(61.0, 6.999999999999998)	(62.0, 77.33333333333331)	(63.0, 13.166666666666673)	(64.0, 3.0833333333333335)	(65.0, 2.9166666666666665)	(66.0, 0.8333333333333333)	(67.0, 0.6666666666666666)	(68.0, 0.0)	(69.0, 0.0)	(70.0, 0.0)	(71.0, 0.0)	(72.0, 0.0)	(73.0, 0.0)	(74.0, 0.0)	(75.0, 0.0)	(76.0, 0.0)	(77.0, 0.0)	(78.0, 0.0)	(79.0, 0.0)	(80.0, 0.0)	(81.0, 0.0)	(82.0, 0.0)	(83.0, 0.0)	(84.0, 0.0)	(85.0, 0.0)	(86.0, 0.0)	(87.0, 0.0)	(88.0, 0.0)	(89.0, 0.0)	(90.0, 0.0)	(91.0, 0.0)	(92.0, 0.0)	(93.0, 0.0)	(94.0, 0.0)	(95.0, 0.0)	(96.0, 0.0)	(97.0, 0.0)	(98.0, 0.0)	(99.0, 0.0)	(100.0, 0.0)
2529R_R_F_NS1_week7_S7_L001_R2_001	(0.0, 0.0)	(1.0, 0.0)	(2.0, 0.0)	(3.0, 0.0)	(4.0, 0.0)	(5.0, 0.0)	(6.0, 0.0)	(7.0, 0.0)	(8.0, 0.0)	(9.0, 0.0)	(10.0, 0.0)	(11.0, 0.0)	(12.0, 0.0)	(13.0, 0.0)	(14.0, 0.0)	(15.0, 0.0)	(16.0, 0.0)	(17.0, 0.0)	(18.0, 0.0)	(19.0, 0.0)	(20.0, 0.0)	(21.0, 0.0)	(22.0, 0.0)	(23.0, 0.0)	(24.0, 0.0)	(25.0, 0.0)	(26.0, 0.0)	(27.0, 0.0)	(28.0, 0.0)	(29.0, 0.0)	(30.0, 0.0)	(31.0, 0.0)	(32.0, 0.0)	(33.0, 0.5)	(34.0, 1.0)	(35.0, 0.5)	(36.0, 2.0)	(37.0, 4.333333333333333)	(38.0, 4.333333333333333)	(39.0, 6.5)	(40.0, 10.0)	(41.0, 12.0)	(42.0, 24.166666666666664)	(43.0, 32.999999999999986)	(44.0, 42.66666666666668)	(45.0, 271.8333333333352)	(46.0, 3614.2500000005175)	(47.0, 2710.416666666777)	(48.0, 4176.500000000637)	(49.0, 8111.66666666385)	(50.0, 953.5000000000304)	(51.0, 1763.583333333225)	(52.0, 1904.9166666665276)	(53.0, 1993.9166666665114)	(54.0, 2200.333333333231)	(55.0, 799.2500000000143)	(56.0, 10799.583333334975)	(57.0, 10883.666666668447)	(58.0, 752.0000000000102)	(59.0, 224.33333333333402)	(60.0, 148.83333333333326)	(61.0, 121.91666666666644)	(62.0, 55.33333333333335)	(63.0, 40.50000000000001)	(64.0, 39.000000000000014)	(65.0, 21.66666666666666)	(66.0, 13.0)	(67.0, 20.666666666666668)	(68.0, 19.833333333333332)	(69.0, 9.166666666666666)	(70.0, 9.5)	(71.0, 19.999999999999993)	(72.0, 61.66666666666682)	(73.0, 13.83333333333334)	(74.0, 0.6666666666666666)	(75.0, 0.5)	(76.0, 0.8333333333333333)	(77.0, 0.3333333333333333)	(78.0, 0.0)	(79.0, 0.0)	(80.0, 0.5)	(81.0, 1.25)	(82.0, 1.25)	(83.0, 0.5)	(84.0, 0.0)	(85.0, 0.0)	(86.0, 0.0)	(87.0, 0.0)	(88.0, 0.0)	(89.0, 0.0)	(90.0, 0.0)	(91.0, 0.0)	(92.0, 0.0)	(93.0, 0.0)	(94.0, 0.3333333333333333)	(95.0, 0.5)	(96.0, 0.5)	(97.0, 0.0)	(98.0, 0.0)	(99.0, 0.0)	(100.0, 0.0)
2529R_R_F_NS1_week9_S8_L001_R1_001	(0.0, 0.0)	(1.0, 0.0)	(2.0, 0.0)	(3.0, 0.0)	(4.0, 0.0)	(5.0, 0.0)	(6.0, 0.0)	(7.0, 0.0)	(8.0, 0.0)	(9.0, 0.0)	(10.0, 0.0)	(11.0, 0.0)	(12.0, 0.0)	(13.0, 0.0)	(14.0, 0.0)	(15.0, 0.0)	(16.0, 0.0)	(17.0, 0.0)	(18.0, 0.0)	(19.0, 0.0)	(20.0, 0.0)	(21.0, 0.0)	(22.0, 0.0)	(23.0, 0.0)	(24.0, 0.0)	(25.0, 0.0)	(26.0, 0.0)	(27.0, 0.0)	(28.0, 0.0)	(29.0, 0.0)	(30.0, 0.0)	(31.0, 0.0)	(32.0, 0.0)	(33.0, 0.0)	(34.0, 0.0)	(35.0, 0.0)	(36.0, 0.0)	(37.0, 0.0)	(38.0, 0.0)	(39.0, 0.0)	(40.0, 0.3333333333333333)	(41.0, 3.833333333333333)	(42.0, 8.666666666666666)	(43.0, 22.833333333333336)	(44.0, 57.5)	(45.0, 96.4999999999999)	(46.0, 382.5833333333297)	(47.0, 6836.499999998268)	(48.0, 9498.416666666064)	(49.0, 1807.1666666665417)	(50.0, 1209.6666666666697)	(51.0, 9653.083333333021)	(52.0, 11721.916666670073)	(53.0, 4007.75000000068)	(54.0, 2161.583333333205)	(55.0, 566.4166666666614)	(56.0, 82.66666666666663)	(57.0, 25.249999999999986)	(58.0, 14.833333333333341)	(59.0, 21.16666666666666)	(60.0, 3.9166666666666674)	(61.0, 7.9999999999999964)	(62.0, 94.49999999999974)	(63.0, 21.333333333333325)	(64.0, 3.8333333333333335)	(65.0, 1.3333333333333333)	(66.0, 0.0)	(67.0, 0.0)	(68.0, 0.0)	(69.0, 0.0)	(70.0, 0.0)	(71.0, 0.0)	(72.0, 0.0)	(73.0, 0.0)	(74.0, 0.0)	(75.0, 0.0)	(76.0, 0.0)	(77.0, 0.0)	(78.0, 0.0)	(79.0, 0.0)	(80.0, 0.0)	(81.0, 0.0)	(82.0, 0.0)	(83.0, 0.0)	(84.0, 0.0)	(85.0, 0.0)	(86.0, 0.0)	(87.0, 0.0)	(88.0, 0.0)	(89.0, 0.0)	(90.0, 0.0)	(91.0, 0.0)	(92.0, 0.0)	(93.0, 0.0)	(94.0, 0.0)	(95.0, 0.0)	(96.0, 0.0)	(97.0, 0.0)	(98.0, 0.0)	(99.0, 0.0)	(100.0, 0.0)
2529R_R_F_NS1_week9_S8_L001_R2_001	(0.0, 0.0)	(1.0, 0.0)	(2.0, 0.0)	(3.0, 0.0)	(4.0, 0.0)	(5.0, 0.0)	(6.0, 0.0)	(7.0, 0.0)	(8.0, 0.0)	(9.0, 0.0)	(10.0, 0.0)	(11.0, 0.0)	(12.0, 0.0)	(13.0, 0.0)	(14.0, 0.0)	(15.0, 0.0)	(16.0, 0.0)	(17.0, 0.0)	(18.0, 0.0)	(19.0, 0.0)	(20.0, 0.0)	(21.0, 0.0)	(22.0, 0.0)	(23.0, 0.0)	(24.0, 0.0)	(25.0, 0.0)	(26.0, 0.0)	(27.0, 0.0)	(28.0, 0.0)	(29.0, 0.0)	(30.0, 0.0)	(31.0, 0.5)	(32.0, 0.5)	(33.0, 0.5)	(34.0, 1.0)	(35.0, 1.0)	(36.0, 0.5)	(37.0, 1.0)	(38.0, 3.0)	(39.0, 6.5)	(40.0, 8.5)	(41.0, 11.333333333333334)	(42.0, 16.166666666666668)	(43.0, 21.5)	(44.0, 40.833333333333336)	(45.0, 320.08333333333263)	(46.0, 3999.1666666673555)	(47.0, 3459.9166666671076)	(48.0, 3942.666666667313)	(49.0, 4672.750000000203)	(50.0, 703.0000000000084)	(51.0, 2116.916666666521)	(52.0, 2555.7500000000464)	(53.0, 3097.1666666669385)	(54.0, 3349.6666666670344)	(55.0, 853.1666666666847)	(56.0, 9256.999999999045)	(57.0, 9350.583333332554)	(58.0, 704.3333333333395)	(59.0, 221.41666666666728)	(60.0, 178.58333333333363)	(61.0, 159.08333333333346)	(62.0, 72.83333333333333)	(63.0, 47.33333333333334)	(64.0, 36.0)	(65.0, 20.333333333333336)	(66.0, 16.166666666666668)	(67.0, 17.333333333333336)	(68.0, 11.66666666666667)	(69.0, 8.666666666666666)	(70.0, 9.5)	(71.0, 15.333333333333343)	(72.0, 77.49999999999999)	(73.0, 18.333333333333336)	(74.0, 1.1666666666666665)	(75.0, 0.3333333333333333)	(76.0, 0.3333333333333333)	(77.0, 0.3333333333333333)	(78.0, 0.0)	(79.0, 0.0)	(80.0, 0.0)	(81.0, 0.0)	(82.0, 0.0)	(83.0, 0.0)	(84.0, 0.0)	(85.0, 0.0)	(86.0, 0.0)	(87.0, 0.0)	(88.0, 0.0)	(89.0, 0.0)	(90.0, 0.0)	(91.0, 0.0)	(92.0, 0.0)	(93.0, 0.5)	(94.0, 1.0)	(95.0, 0.5)	(96.0, 0.0)	(97.0, 0.0)	(98.0, 0.0)	(99.0, 0.0)	(100.0, 0.8333333333333333)
2562R_0_F_NS6_week9_S82_L001_R1_001	(0.0, 0.0)	(1.0, 0.0)	(2.0, 0.0)	(3.0, 0.0)	(4.0, 0.0)	(5.0, 0.0)	(6.0, 0.0)	(7.0, 0.0)	(8.0, 0.0)	(9.0, 0.0)	(10.0, 0.0)	(11.0, 0.0)	(12.0, 0.0)	(13.0, 0.0)	(14.0, 0.0)	(15.0, 0.0)	(16.0, 0.0)	(17.0, 0.0)	(18.0, 0.0)	(19.0, 0.0)	(20.0, 0.0)	(21.0, 0.0)	(22.0, 0.0)	(23.0, 0.0)	(24.0, 0.0)	(25.0, 0.0)	(26.0, 0.0)	(27.0, 0.0)	(28.0, 0.0)	(29.0, 0.0)	(30.0, 0.0)	(31.0, 0.0)	(32.0, 0.0)	(33.0, 0.0)	(34.0, 0.0)	(35.0, 0.3333333333333333)	(36.0, 0.8333333333333333)	(37.0, 1.0)	(38.0, 1.0)	(39.0, 1.8333333333333333)	(40.0, 6.333333333333333)	(41.0, 13.333333333333332)	(42.0, 33.333333333333336)	(43.0, 60.41666666666669)	(44.0, 109.4999999999999)	(45.0, 762.4166666666812)	(46.0, 7534.83333333097)	(47.0, 8177.416666663721)	(48.0, 13822.416666673887)	(49.0, 2036.833333333157)	(50.0, 839.0833333333561)	(51.0, 5415.749999999554)	(52.0, 9391.749999999205)	(53.0, 4827.0833333334085)	(54.0, 3117.500000000296)	(55.0, 555.7499999999937)	(56.0, 64.91666666666681)	(57.0, 17.000000000000007)	(58.0, 16.166666666666675)	(59.0, 15.500000000000009)	(60.0, 3.666666666666667)	(61.0, 11.66666666666667)	(62.0, 61.83333333333349)	(63.0, 13.500000000000005)	(64.0, 2.6666666666666665)	(65.0, 0.3333333333333333)	(66.0, 0.0)	(67.0, 0.0)	(68.0, 0.0)	(69.0, 0.0)	(70.0, 0.0)	(71.0, 0.0)	(72.0, 0.0)	(73.0, 0.0)	(74.0, 0.0)	(75.0, 0.0)	(76.0, 0.0)	(77.0, 0.0)	(78.0, 0.0)	(79.0, 0.0)	(80.0, 0.0)	(81.0, 0.0)	(82.0, 0.0)	(83.0, 0.0)	(84.0, 0.0)	(85.0, 0.0)	(86.0, 0.0)	(87.0, 0.0)	(88.0, 0.0)	(89.0, 0.0)	(90.0, 0.0)	(91.0, 0.0)	(92.0, 0.0)	(93.0, 0.0)	(94.0, 0.0)	(95.0, 0.0)	(96.0, 0.0)	(97.0, 0.0)	(98.0, 0.0)	(99.0, 0.0)	(100.0, 0.0)
2562R_0_F_NS6_week9_S82_L001_R2_001	(0.0, 0.0)	(1.0, 0.0)	(2.0, 0.0)	(3.0, 0.0)	(4.0, 0.0)	(5.0, 0.0)	(6.0, 0.0)	(7.0, 0.0)	(8.0, 0.0)	(9.0, 0.0)	(10.0, 0.0)	(11.0, 0.0)	(12.0, 0.0)	(13.0, 0.0)	(14.0, 0.0)	(15.0, 0.0)	(16.0, 0.0)	(17.0, 0.0)	(18.0, 0.0)	(19.0, 0.0)	(20.0, 0.0)	(21.0, 0.0)	(22.0, 0.0)	(23.0, 0.0)	(24.0, 0.0)	(25.0, 0.0)	(26.0, 0.0)	(27.0, 0.0)	(28.0, 0.0)	(29.0, 0.0)	(30.0, 0.0)	(31.0, 1.0)	(32.0, 2.333333333333333)	(33.0, 1.8333333333333333)	(34.0, 0.5)	(35.0, 0.8333333333333333)	(36.0, 2.333333333333333)	(37.0, 5.0)	(38.0, 7.833333333333333)	(39.0, 9.5)	(40.0, 12.333333333333332)	(41.0, 14.666666666666668)	(42.0, 30.999999999999996)	(43.0, 60.000000000000036)	(44.0, 112.66666666666642)	(45.0, 1749.9999999998875)	(46.0, 12576.750000004942)	(47.0, 10045.083333333732)	(48.0, 7874.16666666409)	(49.0, 6179.416666665563)	(50.0, 602.166666666666)	(51.0, 3533.500000000464)	(52.0, 3748.9166666672304)	(53.0, 2904.250000000188)	(54.0, 3892.8333333339374)	(55.0, 781.0000000000138)	(56.0, 5385.999999999604)	(57.0, 5173.9999999997835)	(58.0, 316.08333333333303)	(59.0, 101.99999999999993)	(60.0, 73.66666666666663)	(61.0, 59.83333333333338)	(62.0, 34.666666666666664)	(63.0, 23.749999999999996)	(64.0, 18.5)	(65.0, 12.0)	(66.0, 9.916666666666666)	(67.0, 14.416666666666668)	(68.0, 13.5)	(69.0, 7.499999999999999)	(70.0, 5.166666666666666)	(71.0, 12.333333333333337)	(72.0, 52.166666666666764)	(73.0, 12.16666666666667)	(74.0, 0.5)	(75.0, 0.0)	(76.0, 0.0)	(77.0, 0.0)	(78.0, 0.0)	(79.0, 0.0)	(80.0, 0.0)	(81.0, 0.0)	(82.0, 0.5833333333333333)	(83.0, 0.0)	(84.0, 0.0)	(85.0, 0.0)	(86.0, 0.0)	(87.0, 0.0)	(88.0, 0.0)	(89.0, 0.3333333333333333)	(90.0, 0.0)	(91.0, 0.0)	(92.0, 0.0)	(93.0, 0.0)	(94.0, 0.0)	(95.0, 0.0)	(96.0, 0.0)	(97.0, 0.0)	(98.0, 0.0)	(99.0, 0.0)	(100.0, 0.0)
2562R_RL_F_NS6_week9_S83_L001_R1_001	(0.0, 0.0)	(1.0, 0.0)	(2.0, 0.0)	(3.0, 0.0)	(4.0, 0.0)	(5.0, 0.0)	(6.0, 0.0)	(7.0, 0.0)	(8.0, 0.0)	(9.0, 0.0)	(10.0, 0.0)	(11.0, 0.0)	(12.0, 0.0)	(13.0, 0.0)	(14.0, 0.0)	(15.0, 0.0)	(16.0, 0.0)	(17.0, 0.0)	(18.0, 0.0)	(19.0, 0.0)	(20.0, 0.0)	(21.0, 0.0)	(22.0, 0.0)	(23.0, 0.0)	(24.0, 0.0)	(25.0, 0.0)	(26.0, 0.0)	(27.0, 0.0)	(28.0, 0.0)	(29.0, 0.0)	(30.0, 0.0)	(31.0, 0.0)	(32.0, 0.0)	(33.0, 0.0)	(34.0, 0.0)	(35.0, 0.0)	(36.0, 0.0)	(37.0, 0.0)	(38.0, 1.3333333333333333)	(39.0, 2.0)	(40.0, 4.5)	(41.0, 10.166666666666666)	(42.0, 26.999999999999993)	(43.0, 48.58333333333334)	(44.0, 88.16666666666663)	(45.0, 684.5000000000073)	(46.0, 7315.666666664495)	(47.0, 8347.99999999732)	(48.0, 13969.583333340828)	(49.0, 2226.9166666665624)	(50.0, 803.9166666666873)	(51.0, 5022.2499999999045)	(52.0, 8377.249999997377)	(53.0, 3714.833333333895)	(54.0, 830.6666666666905)	(55.0, 290.3333333333343)	(56.0, 33.83333333333331)	(57.0, 5.833333333333332)	(58.0, 11.16666666666667)	(59.0, 13.833333333333341)	(60.0, 3.3333333333333335)	(61.0, 5.499999999999999)	(62.0, 35.583333333333314)	(63.0, 10.583333333333334)	(64.0, 2.1666666666666665)	(65.0, 1.3333333333333333)	(66.0, 0.3333333333333333)	(67.0, 0.0)	(68.0, 0.0)	(69.0, 0.0)	(70.0, 0.0)	(71.0, 0.0)	(72.0, 0.0)	(73.0, 0.0)	(74.0, 0.0)	(75.0, 0.0)	(76.0, 0.0)	(77.0, 0.0)	(78.0, 0.0)	(79.0, 0.0)	(80.0, 0.0)	(81.0, 0.0)	(82.0, 0.0)	(83.0, 0.0)	(84.0, 0.0)	(85.0, 0.0)	(86.0, 0.0)	(87.0, 0.0)	(88.0, 0.0)	(89.0, 0.0)	(90.0, 0.0)	(91.0, 0.0)	(92.0, 0.0)	(93.0, 0.0)	(94.0, 0.0)	(95.0, 0.0)	(96.0, 0.0)	(97.0, 0.0)	(98.0, 0.0)	(99.0, 0.0)	(100.0, 0.0)
2562R_RL_F_NS6_week9_S83_L001_R2_001	(0.0, 0.0)	(1.0, 0.0)	(2.0, 0.0)	(3.0, 0.0)	(4.0, 0.0)	(5.0, 0.0)	(6.0, 0.0)	(7.0, 0.0)	(8.0, 0.0)	(9.0, 0.0)	(10.0, 0.0)	(11.0, 0.0)	(12.0, 0.0)	(13.0, 0.0)	(14.0, 0.0)	(15.0, 0.0)	(16.0, 0.0)	(17.0, 0.0)	(18.0, 0.0)	(19.0, 0.0)	(20.0, 0.0)	(21.0, 0.0)	(22.0, 0.0)	(23.0, 0.0)	(24.0, 0.0)	(25.0, 0.0)	(26.0, 0.0)	(27.0, 0.0)	(28.0, 0.5)	(29.0, 1.0)	(30.0, 0.5)	(31.0, 0.0)	(32.0, 0.0)	(33.0, 0.0)	(34.0, 0.0)	(35.0, 1.0)	(36.0, 2.0)	(37.0, 3.3333333333333335)	(38.0, 7.166666666666666)	(39.0, 9.833333333333334)	(40.0, 14.666666666666668)	(41.0, 22.16666666666666)	(42.0, 33.916666666666664)	(43.0, 54.00000000000002)	(44.0, 100.24999999999979)	(45.0, 1732.499999999891)	(46.0, 12993.00000000568)	(47.0, 9541.833333332828)	(48.0, 7260.333333331263)	(49.0, 6351.999999998727)	(50.0, 468.33333333332655)	(51.0, 2353.333333333291)	(52.0, 2429.3333333333217)	(53.0, 1772.416666666556)	(54.0, 2838.0833333334913)	(55.0, 630.5000000000015)	(56.0, 4976.333333333281)	(57.0, 4725.666666666821)	(58.0, 251.6666666666683)	(59.0, 85.58333333333331)	(60.0, 66.08333333333334)	(61.0, 55.50000000000005)	(62.0, 25.416666666666664)	(63.0, 15.916666666666668)	(64.0, 17.500000000000004)	(65.0, 14.333333333333334)	(66.0, 8.333333333333332)	(67.0, 9.0)	(68.0, 9.5)	(69.0, 5.166666666666666)	(70.0, 7.333333333333332)	(71.0, 10.666666666666666)	(72.0, 27.16666666666664)	(73.0, 7.666666666666663)	(74.0, 0.8333333333333333)	(75.0, 0.0)	(76.0, 0.0)	(77.0, 0.0)	(78.0, 0.0)	(79.0, 0.5)	(80.0, 0.5)	(81.0, 0.0)	(82.0, 0.0)	(83.0, 0.0)	(84.0, 0.0)	(85.0, 0.0)	(86.0, 0.0)	(87.0, 0.0)	(88.0, 0.0)	(89.0, 0.0)	(90.0, 0.0)	(91.0, 0.0)	(92.0, 0.0)	(93.0, 0.0)	(94.0, 0.0)	(95.0, 0.0)	(96.0, 0.0)	(97.0, 0.0)	(98.0, 0.0)	(99.0, 0.0)	(100.0, 0.0)
3795R_0_F_S2_week5_S43_L001_R1_001	(0.0, 0.0)	(1.0, 0.0)	(2.0, 0.0)	(3.0, 0.0)	(4.0, 0.0)	(5.0, 0.0)	(6.0, 0.0)	(7.0, 0.0)	(8.0, 0.0)	(9.0, 0.0)	(10.0, 0.0)	(11.0, 0.0)	(12.0, 0.0)	(13.0, 0.0)	(14.0, 0.0)	(15.0, 0.0)	(16.0, 0.0)	(17.0, 0.0)	(18.0, 0.0)	(19.0, 0.0)	(20.0, 0.0)	(21.0, 0.0)	(22.0, 0.0)	(23.0, 0.0)	(24.0, 0.0)	(25.0, 0.0)	(26.0, 0.0)	(27.0, 0.0)	(28.0, 0.0)	(29.0, 0.0)	(30.0, 0.0)	(31.0, 0.0)	(32.0, 0.0)	(33.0, 0.0)	(34.0, 0.0)	(35.0, 0.0)	(36.0, 0.0)	(37.0, 0.3333333333333333)	(38.0, 0.8333333333333333)	(39.0, 1.0)	(40.0, 1.0)	(41.0, 2.5)	(42.0, 6.083333333333334)	(43.0, 19.166666666666664)	(44.0, 59.16666666666668)	(45.0, 86.49999999999996)	(46.0, 259.41666666666873)	(47.0, 13859.250000007298)	(48.0, 14742.083333342232)	(49.0, 2756.2500000001323)	(50.0, 3174.6666666669876)	(51.0, 13626.000000006865)	(52.0, 15361.750000009959)	(53.0, 3750.1666666672336)	(54.0, 1439.7499999999536)	(55.0, 281.3333333333347)	(56.0, 66.66666666666676)	(57.0, 15.666666666666671)	(58.0, 59.916666666666806)	(59.0, 62.66666666666683)	(60.0, 6.25)	(61.0, 3.5)	(62.0, 21.16666666666666)	(63.0, 4.0)	(64.0, 1.833333333333333)	(65.0, 0.5)	(66.0, 0.0)	(67.0, 0.5)	(68.0, 0.5)	(69.0, 0.0)	(70.0, 0.0)	(71.0, 0.0)	(72.0, 0.0)	(73.0, 0.0)	(74.0, 0.0)	(75.0, 0.0)	(76.0, 0.0)	(77.0, 0.0)	(78.0, 0.0)	(79.0, 0.0)	(80.0, 0.0)	(81.0, 0.0)	(82.0, 0.0)	(83.0, 0.0)	(84.0, 0.0)	(85.0, 0.0)	(86.0, 0.0)	(87.0, 0.0)	(88.0, 0.0)	(89.0, 0.0)	(90.0, 0.0)	(91.0, 0.0)	(92.0, 0.0)	(93.0, 0.0)	(94.0, 0.0)	(95.0, 0.0)	(96.0, 0.0)	(97.0, 0.0)	(98.0, 0.0)	(99.0, 0.0)	(100.0, 0.0)
3795R_0_F_S2_week5_S43_L001_R2_001	(0.0, 0.0)	(1.0, 0.0)	(2.0, 0.0)	(3.0, 0.0)	(4.0, 0.0)	(5.0, 0.0)	(6.0, 0.0)	(7.0, 0.0)	(8.0, 0.0)	(9.0, 0.0)	(10.0, 0.0)	(11.0, 0.0)	(12.0, 0.0)	(13.0, 0.0)	(14.0, 0.0)	(15.0, 0.0)	(16.0, 0.0)	(17.0, 0.0)	(18.0, 0.0)	(19.0, 0.0)	(20.0, 0.0)	(21.0, 0.0)	(22.0, 0.0)	(23.0, 0.0)	(24.0, 0.0)	(25.0, 0.0)	(26.0, 0.0)	(27.0, 0.0)	(28.0, 0.5)	(29.0, 1.0)	(30.0, 1.0)	(31.0, 0.5)	(32.0, 0.0)	(33.0, 0.5)	(34.0, 1.0)	(35.0, 2.0)	(36.0, 4.0)	(37.0, 4.0)	(38.0, 3.833333333333333)	(39.0, 8.833333333333334)	(40.0, 15.333333333333334)	(41.0, 23.5)	(42.0, 36.333333333333336)	(43.0, 56.83333333333336)	(44.0, 91.99999999999987)	(45.0, 923.5000000000324)	(46.0, 13259.166666672845)	(47.0, 10260.500000000782)	(48.0, 1142.3333333333478)	(49.0, 558.6666666666633)	(50.0, 381.91666666666436)	(51.0, 1894.6666666665303)	(52.0, 2191.2499999998904)	(53.0, 4721.2500000001655)	(54.0, 4091.000000000668)	(55.0, 1126.4166666666808)	(56.0, 12973.666666671952)	(57.0, 12790.750000004924)	(58.0, 922.5000000000194)	(59.0, 289.83333333333366)	(60.0, 230.7500000000007)	(61.0, 185.66666666666714)	(62.0, 110.58333333333329)	(63.0, 94.74999999999997)	(64.0, 87.74999999999996)	(65.0, 40.16666666666666)	(66.0, 23.833333333333332)	(67.0, 17.833333333333336)	(68.0, 10.5)	(69.0, 8.083333333333332)	(70.0, 5.166666666666667)	(71.0, 7.999999999999997)	(72.0, 18.666666666666664)	(73.0, 5.416666666666667)	(74.0, 0.5)	(75.0, 0.0)	(76.0, 0.0)	(77.0, 0.0)	(78.0, 0.5)	(79.0, 1.0)	(80.0, 0.5)	(81.0, 0.0)	(82.0, 0.0)	(83.0, 0.0)	(84.0, 0.0)	(85.0, 0.0)	(86.0, 0.0)	(87.0, 0.0)	(88.0, 0.0)	(89.0, 0.5)	(90.0, 1.0)	(91.0, 0.5)	(92.0, 0.0)	(93.0, 0.0)	(94.0, 0.0)	(95.0, 0.0)	(96.0, 0.0)	(97.0, 0.3333333333333333)	(98.0, 0.3333333333333333)	(99.0, 0.0)	(100.0, 0.0)
3795R_0_F_S2_week6_S44_L001_R1_001	(0.0, 0.0)	(1.0, 0.0)	(2.0, 0.0)	(3.0, 0.0)	(4.0, 0.0)	(5.0, 0.0)	(6.0, 0.0)	(7.0, 0.0)	(8.0, 0.0)	(9.0, 0.0)	(10.0, 0.0)	(11.0, 0.0)	(12.0, 0.0)	(13.0, 0.0)	(14.0, 0.0)	(15.0, 0.0)	(16.0, 0.0)	(17.0, 0.0)	(18.0, 0.0)	(19.0, 0.0)	(20.0, 0.0)	(21.0, 0.0)	(22.0, 0.0)	(23.0, 0.0)	(24.0, 0.0)	(25.0, 0.0)	(26.0, 0.0)	(27.0, 0.0)	(28.0, 0.0)	(29.0, 0.0)	(30.0, 0.0)	(31.0, 0.0)	(32.0, 0.0)	(33.0, 0.0)	(34.0, 0.0)	(35.0, 0.0)	(36.0, 0.0)	(37.0, 0.3333333333333333)	(38.0, 0.6666666666666666)	(39.0, 1.0)	(40.0, 1.5)	(41.0, 1.3333333333333333)	(42.0, 4.333333333333334)	(43.0, 11.000000000000002)	(44.0, 33.166666666666664)	(45.0, 57.33333333333339)	(46.0, 140.91666666666634)	(47.0, 6507.916666665228)	(48.0, 7211.833333331265)	(49.0, 1990.8333333331645)	(50.0, 2335.083333333278)	(51.0, 15471.0000000102)	(52.0, 17462.166666674584)	(53.0, 3380.250000000401)	(54.0, 828.5000000000225)	(55.0, 323.91666666666566)	(56.0, 68.83333333333344)	(57.0, 18.833333333333336)	(58.0, 55.66666666666676)	(59.0, 52.83333333333341)	(60.0, 5.666666666666667)	(61.0, 7.833333333333331)	(62.0, 24.16666666666665)	(63.0, 5.833333333333333)	(64.0, 2.833333333333333)	(65.0, 0.8333333333333333)	(66.0, 0.5)	(67.0, 0.75)	(68.0, 0.0)	(69.0, 0.0)	(70.0, 0.0)	(71.0, 0.0)	(72.0, 0.0)	(73.0, 0.0)	(74.0, 0.0)	(75.0, 0.0)	(76.0, 0.0)	(77.0, 0.0)	(78.0, 0.0)	(79.0, 0.0)	(80.0, 0.0)	(81.0, 0.0)	(82.0, 0.0)	(83.0, 0.0)	(84.0, 0.0)	(85.0, 0.0)	(86.0, 0.0)	(87.0, 0.0)	(88.0, 0.0)	(89.0, 0.0)	(90.0, 0.0)	(91.0, 0.0)	(92.0, 0.0)	(93.0, 0.0)	(94.0, 0.0)	(95.0, 0.0)	(96.0, 0.0)	(97.0, 0.0)	(98.0, 0.0)	(99.0, 0.0)	(100.0, 0.0)
3795R_0_F_S2_week6_S44_L001_R2_001	(0.0, 0.0)	(1.0, 0.0)	(2.0, 0.0)	(3.0, 0.0)	(4.0, 0.0)	(5.0, 0.0)	(6.0, 0.0)	(7.0, 0.0)	(8.0, 0.0)	(9.0, 0.0)	(10.0, 0.0)	(11.0, 0.0)	(12.0, 0.0)	(13.0, 0.0)	(14.0, 0.0)	(15.0, 0.0)	(16.0, 0.0)	(17.0, 0.0)	(18.0, 0.0)	(19.0, 0.0)	(20.0, 0.0)	(21.0, 0.0)	(22.0, 0.0)	(23.0, 0.0)	(24.0, 0.0)	(25.0, 0.0)	(26.0, 0.0)	(27.0, 0.0)	(28.0, 0.0)	(29.0, 0.0)	(30.0, 0.0)	(31.0, 0.5)	(32.0, 1.0)	(33.0, 0.5)	(34.0, 1.0)	(35.0, 1.5)	(36.0, 1.5)	(37.0, 1.5)	(38.0, 3.5)	(39.0, 6.5)	(40.0, 5.833333333333333)	(41.0, 11.416666666666666)	(42.0, 17.166666666666664)	(43.0, 27.166666666666657)	(44.0, 48.33333333333336)	(45.0, 287.333333333334)	(46.0, 6125.166666665573)	(47.0, 5464.416666666169)	(48.0, 873.0000000000251)	(49.0, 392.1666666666636)	(50.0, 236.41666666666808)	(51.0, 1777.999999999886)	(52.0, 2107.499999999854)	(53.0, 3266.333333333674)	(54.0, 2872.5833333335013)	(55.0, 1021.5000000000282)	(56.0, 14489.583333341165)	(57.0, 14812.166666675022)	(58.0, 1047.8333333333583)	(59.0, 309.00000000000034)	(60.0, 291.0833333333338)	(61.0, 269.166666666668)	(62.0, 108.83333333333321)	(63.0, 74.49999999999999)	(64.0, 74.83333333333334)	(65.0, 38.416666666666664)	(66.0, 20.416666666666668)	(67.0, 13.666666666666666)	(68.0, 11.833333333333334)	(69.0, 10.0)	(70.0, 8.833333333333334)	(71.0, 11.0)	(72.0, 22.33333333333332)	(73.0, 4.666666666666666)	(74.0, 0.0)	(75.0, 0.0)	(76.0, 0.0)	(77.0, 0.0)	(78.0, 0.6666666666666666)	(79.0, 0.3333333333333333)	(80.0, 0.0)	(81.0, 0.0)	(82.0, 0.0)	(83.0, 0.0)	(84.0, 0.0)	(85.0, 0.0)	(86.0, 0.0)	(87.0, 0.3333333333333333)	(88.0, 0.0)	(89.0, 0.0)	(90.0, 0.0)	(91.0, 0.0)	(92.0, 0.0)	(93.0, 0.0)	(94.0, 0.0)	(95.0, 0.0)	(96.0, 0.0)	(97.0, 0.0)	(98.0, 0.0)	(99.0, 0.0)	(100.0, 0.3333333333333333)
3795R_0_F_S2_week7_S45_L001_R1_001	(0.0, 0.0)	(1.0, 0.0)	(2.0, 0.0)	(3.0, 0.0)	(4.0, 0.0)	(5.0, 0.0)	(6.0, 0.0)	(7.0, 0.0)	(8.0, 0.0)	(9.0, 0.0)	(10.0, 0.0)	(11.0, 0.0)	(12.0, 0.0)	(13.0, 0.0)	(14.0, 0.0)	(15.0, 0.0)	(16.0, 0.0)	(17.0, 0.0)	(18.0, 0.0)	(19.0, 0.0)	(20.0, 0.0)	(21.0, 0.0)	(22.0, 0.0)	(23.0, 0.0)	(24.0, 0.0)	(25.0, 0.0)	(26.0, 0.0)	(27.0, 0.0)	(28.0, 0.0)	(29.0, 0.0)	(30.0, 0.0)	(31.0, 0.0)	(32.0, 0.0)	(33.0, 0.3333333333333333)	(34.0, 0.6666666666666666)	(35.0, 0.0)	(36.0, 0.3333333333333333)	(37.0, 0.3333333333333333)	(38.0, 0.5)	(39.0, 0.5)	(40.0, 0.25)	(41.0, 6.166666666666666)	(42.0, 17.0)	(43.0, 30.833333333333325)	(44.0, 72.16666666666669)	(45.0, 109.66666666666654)	(46.0, 287.4166666666672)	(47.0, 9925.916666666843)	(48.0, 10770.916666668376)	(49.0, 3033.416666666922)	(50.0, 3428.5000000004293)	(51.0, 11855.833333336986)	(52.0, 13864.916666673911)	(53.0, 3817.500000000592)	(54.0, 1015.1666666667094)	(55.0, 266.500000000002)	(56.0, 66.16666666666679)	(57.0, 21.416666666666668)	(58.0, 47.333333333333385)	(59.0, 46.00000000000005)	(60.0, 6.083333333333332)	(61.0, 2.6666666666666665)	(62.0, 25.74999999999998)	(63.0, 5.166666666666667)	(64.0, 1.6666666666666665)	(65.0, 0.8333333333333333)	(66.0, 0.0)	(67.0, 0.0)	(68.0, 0.0)	(69.0, 0.0)	(70.0, 0.0)	(71.0, 0.0)	(72.0, 0.0)	(73.0, 0.0)	(74.0, 0.0)	(75.0, 0.0)	(76.0, 0.0)	(77.0, 0.0)	(78.0, 0.0)	(79.0, 0.0)	(80.0, 0.0)	(81.0, 0.0)	(82.0, 0.0)	(83.0, 0.0)	(84.0, 0.0)	(85.0, 0.0)	(86.0, 0.0)	(87.0, 0.0)	(88.0, 0.0)	(89.0, 0.0)	(90.0, 0.0)	(91.0, 0.0)	(92.0, 0.0)	(93.0, 0.0)	(94.0, 0.0)	(95.0, 0.0)	(96.0, 0.0)	(97.0, 0.0)	(98.0, 0.0)	(99.0, 0.0)	(100.0, 0.0)
3795R_0_F_S2_week7_S45_L001_R2_001	(0.0, 0.0)	(1.0, 0.0)	(2.0, 0.0)	(3.0, 0.0)	(4.0, 0.0)	(5.0, 0.0)	(6.0, 0.0)	(7.0, 0.0)	(8.0, 0.0)	(9.0, 0.0)	(10.0, 0.0)	(11.0, 0.0)	(12.0, 0.0)	(13.0, 0.0)	(14.0, 0.0)	(15.0, 0.0)	(16.0, 0.0)	(17.0, 0.0)	(18.0, 0.0)	(19.0, 0.0)	(20.0, 0.0)	(21.0, 0.0)	(22.0, 0.0)	(23.0, 0.0)	(24.0, 0.0)	(25.0, 0.0)	(26.0, 0.0)	(27.0, 0.0)	(28.0, 0.0)	(29.0, 0.0)	(30.0, 0.0)	(31.0, 0.0)	(32.0, 0.5)	(33.0, 1.0)	(34.0, 1.0)	(35.0, 2.5)	(36.0, 4.0)	(37.0, 5.5)	(38.0, 6.833333333333334)	(39.0, 7.0)	(40.0, 14.500000000000002)	(41.0, 24.166666666666668)	(42.0, 28.16666666666666)	(43.0, 41.24999999999999)	(44.0, 87.8333333333332)	(45.0, 1118.0000000000232)	(46.0, 9560.166666666186)	(47.0, 5352.9999999996135)	(48.0, 1087.1666666666931)	(49.0, 535.833333333328)	(50.0, 392.8333333333306)	(51.0, 2099.833333333184)	(52.0, 2525.6666666667006)	(53.0, 5011.249999999901)	(54.0, 4255.250000000525)	(55.0, 1142.6666666666765)	(56.0, 10978.66666666854)	(57.0, 10906.83333333512)	(58.0, 835.5833333333472)	(59.0, 303.8333333333333)	(60.0, 234.33333333333397)	(61.0, 199.5000000000004)	(62.0, 110.83333333333327)	(63.0, 78.0)	(64.0, 67.33333333333337)	(65.0, 32.16666666666666)	(66.0, 14.833333333333336)	(67.0, 16.333333333333332)	(68.0, 12.0)	(69.0, 4.5)	(70.0, 1.6666666666666665)	(71.0, 5.0)	(72.0, 20.33333333333333)	(73.0, 6.166666666666665)	(74.0, 3.1666666666666665)	(75.0, 2.333333333333333)	(76.0, 0.5)	(77.0, 0.0)	(78.0, 0.0)	(79.0, 0.5)	(80.0, 0.5)	(81.0, 0.0)	(82.0, 0.0)	(83.0, 0.0)	(84.0, 0.5)	(85.0, 0.5)	(86.0, 0.0)	(87.0, 0.0)	(88.0, 0.0)	(89.0, 0.0)	(90.0, 0.0)	(91.0, 0.3333333333333333)	(92.0, 0.3333333333333333)	(93.0, 0.0)	(94.0, 0.0)	(95.0, 0.0)	(96.0, 0.0)	(97.0, 0.0)	(98.0, 0.0)	(99.0, 0.25)	(100.0, 0.3333333333333333)
3795R_0_F_S2_week9_S46_L001_R1_001	(0.0, 0.0)	(1.0, 0.0)	(2.0, 0.0)	(3.0, 0.0)	(4.0, 0.0)	(5.0, 0.0)	(6.0, 0.0)	(7.0, 0.0)	(8.0, 0.0)	(9.0, 0.0)	(10.0, 0.0)	(11.0, 0.0)	(12.0, 0.0)	(13.0, 0.0)	(14.0, 0.0)	(15.0, 0.0)	(16.0, 0.0)	(17.0, 0.0)	(18.0, 0.0)	(19.0, 0.0)	(20.0, 0.0)	(21.0, 0.0)	(22.0, 0.0)	(23.0, 0.0)	(24.0, 0.0)	(25.0, 0.0)	(26.0, 0.0)	(27.0, 0.0)	(28.0, 0.0)	(29.0, 0.0)	(30.0, 0.0)	(31.0, 0.0)	(32.0, 0.0)	(33.0, 0.0)	(34.0, 0.0)	(35.0, 0.3333333333333333)	(36.0, 1.0)	(37.0, 1.1666666666666665)	(38.0, 0.5)	(39.0, 0.8333333333333333)	(40.0, 1.8333333333333333)	(41.0, 4.166666666666666)	(42.0, 12.333333333333336)	(43.0, 30.999999999999993)	(44.0, 93.16666666666667)	(45.0, 140.2499999999999)	(46.0, 370.49999999999727)	(47.0, 13154.833333339333)	(48.0, 13793.583333340492)	(49.0, 3149.583333333638)	(50.0, 3472.5833333337773)	(51.0, 14454.083333341661)	(52.0, 17774.08333334014)	(53.0, 5346.833333332955)	(54.0, 1368.333333333304)	(55.0, 360.3333333333306)	(56.0, 84.83333333333324)	(57.0, 29.166666666666647)	(58.0, 51.3333333333334)	(59.0, 49.166666666666735)	(60.0, 8.916666666666668)	(61.0, 10.416666666666666)	(62.0, 43.000000000000036)	(63.0, 12.500000000000004)	(64.0, 5.166666666666667)	(65.0, 1.9999999999999998)	(66.0, 0.5)	(67.0, 1.0)	(68.0, 1.0)	(69.0, 0.0)	(70.0, 0.0)	(71.0, 0.0)	(72.0, 0.0)	(73.0, 0.0)	(74.0, 0.0)	(75.0, 0.0)	(76.0, 0.0)	(77.0, 0.0)	(78.0, 0.0)	(79.0, 0.0)	(80.0, 0.0)	(81.0, 0.0)	(82.0, 0.0)	(83.0, 0.0)	(84.0, 0.0)	(85.0, 0.0)	(86.0, 0.0)	(87.0, 0.0)	(88.0, 0.0)	(89.0, 0.0)	(90.0, 0.0)	(91.0, 0.0)	(92.0, 0.0)	(93.0, 0.0)	(94.0, 0.0)	(95.0, 0.0)	(96.0, 0.0)	(97.0, 0.0)	(98.0, 0.0)	(99.0, 0.0)	(100.0, 0.0)
3795R_0_F_S2_week9_S46_L001_R2_001	(0.0, 0.0)	(1.0, 0.0)	(2.0, 0.0)	(3.0, 0.0)	(4.0, 0.0)	(5.0, 0.0)	(6.0, 0.0)	(7.0, 0.0)	(8.0, 0.0)	(9.0, 0.0)	(10.0, 0.0)	(11.0, 0.0)	(12.0, 0.0)	(13.0, 0.0)	(14.0, 0.0)	(15.0, 0.0)	(16.0, 0.0)	(17.0, 0.0)	(18.0, 0.0)	(19.0, 0.0)	(20.0, 0.0)	(21.0, 0.0)	(22.0, 0.0)	(23.0, 0.5)	(24.0, 0.5)	(25.0, 0.0)	(26.0, 0.0)	(27.0, 0.0)	(28.0, 0.0)	(29.0, 0.5)	(30.0, 1.0)	(31.0, 0.5)	(32.0, 0.5)	(33.0, 1.5)	(34.0, 1.5)	(35.0, 2.5)	(36.0, 5.0)	(37.0, 5.0)	(38.0, 4.0)	(39.0, 4.5)	(40.0, 10.333333333333332)	(41.0, 24.83333333333333)	(42.0, 31.749999999999993)	(43.0, 51.00000000000001)	(44.0, 119.333333333333)	(45.0, 1515.9999999999395)	(46.0, 12648.416666671726)	(47.0, 7179.166666664659)	(48.0, 1254.4999999999939)	(49.0, 642.583333333335)	(50.0, 489.41666666666055)	(51.0, 3220.6666666669844)	(52.0, 3694.5000000005166)	(53.0, 5123.999999999807)	(54.0, 4385.500000000424)	(55.0, 1368.8333333333107)	(56.0, 13544.833333339473)	(57.0, 13495.500000006086)	(58.0, 1056.0833333333596)	(59.0, 353.24999999999915)	(60.0, 294.75000000000017)	(61.0, 253.41666666666808)	(62.0, 107.74999999999993)	(63.0, 75.33333333333334)	(64.0, 76.83333333333329)	(65.0, 46.41666666666668)	(66.0, 25.41666666666666)	(67.0, 22.999999999999996)	(68.0, 16.333333333333336)	(69.0, 11.416666666666664)	(70.0, 9.999999999999998)	(71.0, 9.333333333333332)	(72.0, 32.083333333333286)	(73.0, 8.999999999999998)	(74.0, 0.6666666666666666)	(75.0, 0.3333333333333333)	(76.0, 0.0)	(77.0, 0.0)	(78.0, 0.5)	(79.0, 0.8333333333333333)	(80.0, 0.0)	(81.0, 0.0)	(82.0, 0.0)	(83.0, 0.0)	(84.0, 0.0)	(85.0, 0.0)	(86.0, 0.0)	(87.0, 0.3333333333333333)	(88.0, 0.3333333333333333)	(89.0, 0.0)	(90.0, 0.0)	(91.0, 0.0)	(92.0, 0.0)	(93.0, 0.0)	(94.0, 0.0)	(95.0, 0.0)	(96.0, 0.0)	(97.0, 0.3333333333333333)	(98.0, 0.3333333333333333)	(99.0, 0.0)	(100.0, 0.3333333333333333)
3861R_R_M_NS1_week9_S34_L001_R1_001	(0.0, 0.0)	(1.0, 0.0)	(2.0, 0.0)	(3.0, 0.0)	(4.0, 0.0)	(5.0, 0.0)	(6.0, 0.0)	(7.0, 0.0)	(8.0, 0.0)	(9.0, 0.0)	(10.0, 0.0)	(11.0, 0.0)	(12.0, 0.0)	(13.0, 0.0)	(14.0, 0.0)	(15.0, 0.0)	(16.0, 0.0)	(17.0, 0.0)	(18.0, 0.0)	(19.0, 0.0)	(20.0, 0.0)	(21.0, 0.0)	(22.0, 0.0)	(23.0, 0.0)	(24.0, 0.0)	(25.0, 0.0)	(26.0, 0.0)	(27.0, 0.0)	(28.0, 0.0)	(29.0, 0.0)	(30.0, 0.0)	(31.0, 0.0)	(32.0, 0.0)	(33.0, 0.0)	(34.0, 0.0)	(35.0, 0.0)	(36.0, 0.0)	(37.0, 1.0)	(38.0, 1.0)	(39.0, 0.0)	(40.0, 0.3333333333333333)	(41.0, 0.5)	(42.0, 3.8333333333333335)	(43.0, 14.500000000000002)	(44.0, 47.41666666666669)	(45.0, 106.58333333333316)	(46.0, 533.4999999999917)	(47.0, 11891.66666667041)	(48.0, 11022.416666668816)	(49.0, 2937.916666666878)	(50.0, 1822.166666666536)	(51.0, 6159.249999998879)	(52.0, 10165.916666667272)	(53.0, 5562.249999999422)	(54.0, 1255.2499999999939)	(55.0, 662.5000000000052)	(56.0, 55.58333333333344)	(57.0, 11.083333333333334)	(58.0, 14.833333333333337)	(59.0, 27.583333333333307)	(60.0, 12.333333333333334)	(61.0, 24.999999999999982)	(62.0, 180.00000000000074)	(63.0, 32.999999999999964)	(64.0, 8.666666666666664)	(65.0, 3.0)	(66.0, 1.25)	(67.0, 0.25)	(68.0, 0.0)	(69.0, 0.0)	(70.0, 0.0)	(71.0, 0.0)	(72.0, 0.0)	(73.0, 0.0)	(74.0, 0.0)	(75.0, 0.0)	(76.0, 0.0)	(77.0, 0.0)	(78.0, 0.0)	(79.0, 0.0)	(80.0, 0.0)	(81.0, 0.0)	(82.0, 0.0)	(83.0, 0.0)	(84.0, 0.0)	(85.0, 0.0)	(86.0, 0.0)	(87.0, 0.0)	(88.0, 0.0)	(89.0, 0.0)	(90.0, 0.0)	(91.0, 0.0)	(92.0, 0.0)	(93.0, 0.0)	(94.0, 0.0)	(95.0, 0.0)	(96.0, 0.0)	(97.0, 0.0)	(98.0, 0.0)	(99.0, 0.0)	(100.0, 0.0)
3861R_R_M_NS1_week9_S34_L001_R2_001	(0.0, 0.0)	(1.0, 0.0)	(2.0, 0.0)	(3.0, 0.0)	(4.0, 0.0)	(5.0, 0.0)	(6.0, 0.0)	(7.0, 0.0)	(8.0, 0.0)	(9.0, 0.0)	(10.0, 0.0)	(11.0, 0.0)	(12.0, 0.0)	(13.0, 0.0)	(14.0, 0.0)	(15.0, 0.0)	(16.0, 0.0)	(17.0, 0.0)	(18.0, 0.0)	(19.0, 0.0)	(20.0, 0.0)	(21.0, 0.0)	(22.0, 0.0)	(23.0, 0.0)	(24.0, 0.0)	(25.0, 0.0)	(26.0, 0.0)	(27.0, 0.0)	(28.0, 0.0)	(29.0, 0.0)	(30.0, 0.0)	(31.0, 0.5)	(32.0, 1.0)	(33.0, 1.5)	(34.0, 3.5)	(35.0, 4.5)	(36.0, 3.0)	(37.0, 4.5)	(38.0, 6.5)	(39.0, 7.833333333333333)	(40.0, 10.333333333333332)	(41.0, 9.833333333333332)	(42.0, 15.666666666666668)	(43.0, 33.999999999999986)	(44.0, 64.5000000000001)	(45.0, 571.8333333333284)	(46.0, 7606.999999997577)	(47.0, 6184.249999998865)	(48.0, 4673.916666666878)	(49.0, 1369.9166666666383)	(50.0, 370.33333333333104)	(51.0, 2187.749999999885)	(52.0, 2907.0833333335263)	(53.0, 6080.416666665647)	(54.0, 6486.0833333319815)	(55.0, 856.3333333333521)	(56.0, 5689.749999999344)	(57.0, 5717.7499999993115)	(58.0, 399.916666666663)	(59.0, 121.5833333333331)	(60.0, 100.66666666666656)	(61.0, 93.66666666666652)	(62.0, 50.500000000000014)	(63.0, 39.333333333333336)	(64.0, 32.41666666666665)	(65.0, 14.916666666666668)	(66.0, 12.0)	(67.0, 25.499999999999996)	(68.0, 26.333333333333332)	(69.0, 15.166666666666671)	(70.0, 13.25)	(71.0, 31.083333333333293)	(72.0, 141.66666666666632)	(73.0, 42.50000000000003)	(74.0, 3.5000000000000004)	(75.0, 1.3333333333333333)	(76.0, 0.0)	(77.0, 0.0)	(78.0, 0.0)	(79.0, 0.0)	(80.0, 0.0)	(81.0, 0.3333333333333333)	(82.0, 0.5833333333333333)	(83.0, 0.0)	(84.0, 0.0)	(85.0, 0.0)	(86.0, 0.0)	(87.0, 0.6666666666666666)	(88.0, 0.3333333333333333)	(89.0, 0.0)	(90.0, 0.0)	(91.0, 0.0)	(92.0, 0.0)	(93.0, 0.0)	(94.0, 0.0)	(95.0, 0.0)	(96.0, 0.0)	(97.0, 0.5)	(98.0, 0.5)	(99.0, 0.0)	(100.0, 0.3333333333333333)
3909R_0_M_S2_week5_S61_L001_R1_001	(0.0, 0.0)	(1.0, 0.0)	(2.0, 0.0)	(3.0, 0.0)	(4.0, 0.0)	(5.0, 0.0)	(6.0, 0.0)	(7.0, 0.0)	(8.0, 0.0)	(9.0, 0.0)	(10.0, 0.0)	(11.0, 0.0)	(12.0, 0.0)	(13.0, 0.0)	(14.0, 0.0)	(15.0, 0.0)	(16.0, 0.0)	(17.0, 0.0)	(18.0, 0.0)	(19.0, 0.0)	(20.0, 0.0)	(21.0, 0.0)	(22.0, 0.0)	(23.0, 0.0)	(24.0, 0.0)	(25.0, 0.0)	(26.0, 0.0)	(27.0, 0.0)	(28.0, 0.0)	(29.0, 0.0)	(30.0, 0.0)	(31.0, 0.0)	(32.0, 0.0)	(33.0, 0.0)	(34.0, 0.0)	(35.0, 0.3333333333333333)	(36.0, 1.0)	(37.0, 0.3333333333333333)	(38.0, 1.0)	(39.0, 2.3333333333333335)	(40.0, 2.1666666666666665)	(41.0, 3.3333333333333335)	(42.0, 12.666666666666666)	(43.0, 30.999999999999996)	(44.0, 79.58333333333336)	(45.0, 121.58333333333319)	(46.0, 293.75000000000057)	(47.0, 13053.750000005812)	(48.0, 14185.083333341168)	(49.0, 2875.250000000178)	(50.0, 3499.66666666712)	(51.0, 16486.666666678102)	(52.0, 20856.166666662335)	(53.0, 8579.99999999779)	(54.0, 3255.75000000035)	(55.0, 703.8333333333421)	(56.0, 169.25000000000026)	(57.0, 54.166666666666714)	(58.0, 170.41666666666703)	(59.0, 181.833333333334)	(60.0, 16.33333333333334)	(61.0, 4.999999999999999)	(62.0, 14.000000000000007)	(63.0, 3.0833333333333335)	(64.0, 0.8333333333333333)	(65.0, 0.0)	(66.0, 0.0)	(67.0, 0.0)	(68.0, 0.0)	(69.0, 0.0)	(70.0, 0.5)	(71.0, 0.5)	(72.0, 0.0)	(73.0, 0.0)	(74.0, 0.0)	(75.0, 0.0)	(76.0, 0.0)	(77.0, 0.0)	(78.0, 0.0)	(79.0, 0.0)	(80.0, 0.0)	(81.0, 0.0)	(82.0, 0.0)	(83.0, 0.0)	(84.0, 0.0)	(85.0, 0.0)	(86.0, 0.0)	(87.0, 0.0)	(88.0, 0.0)	(89.0, 0.0)	(90.0, 0.0)	(91.0, 0.0)	(92.0, 0.0)	(93.0, 0.0)	(94.0, 0.0)	(95.0, 0.0)	(96.0, 0.0)	(97.0, 0.0)	(98.0, 0.0)	(99.0, 0.0)	(100.0, 0.0)
3909R_0_M_S2_week5_S61_L001_R2_001	(0.0, 0.0)	(1.0, 0.0)	(2.0, 0.0)	(3.0, 0.0)	(4.0, 0.0)	(5.0, 0.0)	(6.0, 0.0)	(7.0, 0.0)	(8.0, 0.0)	(9.0, 0.0)	(10.0, 0.0)	(11.0, 0.0)	(12.0, 0.0)	(13.0, 0.0)	(14.0, 0.0)	(15.0, 0.0)	(16.0, 0.0)	(17.0, 0.0)	(18.0, 0.0)	(19.0, 0.0)	(20.0, 0.0)	(21.0, 0.0)	(22.0, 0.0)	(23.0, 0.0)	(24.0, 0.0)	(25.0, 0.0)	(26.0, 0.0)	(27.0, 0.0)	(28.0, 0.5)	(29.0, 0.5)	(30.0, 0.0)	(31.0, 1.5)	(32.0, 3.5)	(33.0, 2.0)	(34.0, 1.0)	(35.0, 3.0)	(36.0, 5.5)	(37.0, 5.5)	(38.0, 6.5)	(39.0, 7.333333333333333)	(40.0, 8.5)	(41.0, 25.333333333333332)	(42.0, 38.5)	(43.0, 47.25000000000003)	(44.0, 77.00000000000003)	(45.0, 633.5833333333356)	(46.0, 12355.416666671214)	(47.0, 10757.416666668323)	(48.0, 1003.0000000000362)	(49.0, 567.0833333333305)	(50.0, 509.83333333332575)	(51.0, 2639.0833333334144)	(52.0, 3230.2500000003242)	(53.0, 7269.499999997977)	(54.0, 6681.499999998503)	(55.0, 1914.4166666665535)	(56.0, 17229.416666674802)	(57.0, 15832.00000001001)	(58.0, 1127.5833333333485)	(59.0, 345.5833333333326)	(60.0, 430.4166666666632)	(61.0, 445.3333333333287)	(62.0, 188.91666666666688)	(63.0, 147.00000000000003)	(64.0, 164.16666666666683)	(65.0, 65.50000000000009)	(66.0, 19.999999999999996)	(67.0, 9.333333333333334)	(68.0, 6.833333333333334)	(69.0, 3.6666666666666665)	(70.0, 2.6666666666666665)	(71.0, 4.166666666666667)	(72.0, 12.83333333333334)	(73.0, 3.5000000000000004)	(74.0, 1.3333333333333333)	(75.0, 1.1666666666666665)	(76.0, 0.3333333333333333)	(77.0, 0.3333333333333333)	(78.0, 0.3333333333333333)	(79.0, 0.0)	(80.0, 0.0)	(81.0, 0.0)	(82.0, 0.0)	(83.0, 0.0)	(84.0, 0.0)	(85.0, 0.6666666666666666)	(86.0, 0.6666666666666666)	(87.0, 0.0)	(88.0, 0.0)	(89.0, 0.0)	(90.0, 0.0)	(91.0, 0.0)	(92.0, 0.0)	(93.0, 0.0)	(94.0, 0.3333333333333333)	(95.0, 0.3333333333333333)	(96.0, 0.0)	(97.0, 0.0)	(98.0, 0.0)	(99.0, 0.0)	(100.0, 0.0)
3909R_0_M_S2_week6_S62_L001_R1_001	(0.0, 0.0)	(1.0, 0.0)	(2.0, 0.0)	(3.0, 0.0)	(4.0, 0.0)	(5.0, 0.0)	(6.0, 0.0)	(7.0, 0.0)	(8.0, 0.0)	(9.0, 0.0)	(10.0, 0.0)	(11.0, 0.0)	(12.0, 0.0)	(13.0, 0.0)	(14.0, 0.0)	(15.0, 0.0)	(16.0, 0.0)	(17.0, 0.0)	(18.0, 0.0)	(19.0, 0.0)	(20.0, 0.0)	(21.0, 0.0)	(22.0, 0.0)	(23.0, 0.0)	(24.0, 0.0)	(25.0, 0.0)	(26.0, 0.0)	(27.0, 0.0)	(28.0, 0.0)	(29.0, 0.0)	(30.0, 0.0)	(31.0, 0.3333333333333333)	(32.0, 0.3333333333333333)	(33.0, 0.0)	(34.0, 0.0)	(35.0, 0.0)	(36.0, 0.3333333333333333)	(37.0, 0.8333333333333333)	(38.0, 0.8333333333333333)	(39.0, 1.0)	(40.0, 3.1666666666666665)	(41.0, 5.0)	(42.0, 12.25)	(43.0, 36.08333333333333)	(44.0, 92.3333333333333)	(45.0, 146.24999999999994)	(46.0, 361.2499999999976)	(47.0, 14833.500000009035)	(48.0, 15788.916666677409)	(49.0, 3540.250000000472)	(50.0, 4346.000000000499)	(51.0, 25191.416666646746)	(52.0, 29786.66666663025)	(53.0, 7867.583333330753)	(54.0, 2008.166666666503)	(55.0, 668.6666666666727)	(56.0, 147.08333333333323)	(57.0, 52.000000000000036)	(58.0, 121.33333333333282)	(59.0, 119.16666666666617)	(60.0, 16.08333333333334)	(61.0, 13.333333333333337)	(62.0, 88.08333333333316)	(63.0, 14.333333333333341)	(64.0, 3.3333333333333335)	(65.0, 2.6666666666666665)	(66.0, 1.6666666666666665)	(67.0, 0.0)	(68.0, 0.0)	(69.0, 0.5)	(70.0, 0.5)	(71.0, 0.0)	(72.0, 0.0)	(73.0, 0.0)	(74.0, 0.0)	(75.0, 0.0)	(76.0, 0.0)	(77.0, 0.0)	(78.0, 0.0)	(79.0, 0.0)	(80.0, 0.0)	(81.0, 0.0)	(82.0, 0.0)	(83.0, 0.0)	(84.0, 0.0)	(85.0, 0.0)	(86.0, 0.0)	(87.0, 0.0)	(88.0, 0.0)	(89.0, 0.0)	(90.0, 0.0)	(91.0, 0.0)	(92.0, 0.0)	(93.0, 0.0)	(94.0, 0.0)	(95.0, 0.0)	(96.0, 0.0)	(97.0, 0.0)	(98.0, 0.0)	(99.0, 0.0)	(100.0, 0.0)
3909R_0_M_S2_week6_S62_L001_R2_001	(0.0, 0.0)	(1.0, 0.0)	(2.0, 0.0)	(3.0, 0.0)	(4.0, 0.0)	(5.0, 0.0)	(6.0, 0.0)	(7.0, 0.0)	(8.0, 0.0)	(9.0, 0.0)	(10.0, 0.0)	(11.0, 0.0)	(12.0, 0.0)	(13.0, 0.0)	(14.0, 0.0)	(15.0, 0.0)	(16.0, 0.0)	(17.0, 0.0)	(18.0, 0.0)	(19.0, 0.0)	(20.0, 0.0)	(21.0, 0.0)	(22.0, 0.0)	(23.0, 0.5)	(24.0, 1.0)	(25.0, 0.5)	(26.0, 0.0)	(27.0, 0.0)	(28.0, 0.0)	(29.0, 0.0)	(30.0, 0.0)	(31.0, 0.3333333333333333)	(32.0, 0.0)	(33.0, 0.5)	(34.0, 1.0)	(35.0, 2.0)	(36.0, 3.5)	(37.0, 4.5)	(38.0, 6.0)	(39.0, 13.000000000000002)	(40.0, 18.166666666666664)	(41.0, 24.333333333333332)	(42.0, 36.25)	(43.0, 45.750000000000014)	(44.0, 93.41666666666654)	(45.0, 1156.5000000000148)	(46.0, 14201.833333341217)	(47.0, 10333.41666666758)	(48.0, 1560.4166666666003)	(49.0, 752.8333333333449)	(50.0, 570.166666666664)	(51.0, 4083.6666666673677)	(52.0, 4480.750000000369)	(53.0, 6568.333333331921)	(54.0, 6048.666666665735)	(55.0, 2118.5833333332334)	(56.0, 23692.833333319722)	(57.0, 23740.833333319584)	(58.0, 1669.4999999999366)	(59.0, 444.33333333333053)	(60.0, 467.99999999999494)	(61.0, 460.99999999999443)	(62.0, 171.7500000000001)	(63.0, 112.66666666666661)	(64.0, 114.4999999999997)	(65.0, 51.50000000000006)	(66.0, 22.666666666666668)	(67.0, 26.666666666666664)	(68.0, 23.499999999999996)	(69.0, 14.833333333333336)	(70.0, 12.833333333333334)	(71.0, 19.5)	(72.0, 70.66666666666674)	(73.0, 18.833333333333332)	(74.0, 3.0)	(75.0, 0.5)	(76.0, 0.0)	(77.0, 0.0)	(78.0, 0.0)	(79.0, 0.0)	(80.0, 0.0)	(81.0, 0.0)	(82.0, 0.0)	(83.0, 0.3333333333333333)	(84.0, 0.3333333333333333)	(85.0, 0.0)	(86.0, 0.0)	(87.0, 0.0)	(88.0, 0.0)	(89.0, 0.0)	(90.0, 0.0)	(91.0, 0.0)	(92.0, 0.0)	(93.0, 0.0)	(94.0, 0.0)	(95.0, 0.0)	(96.0, 0.0)	(97.0, 0.3333333333333333)	(98.0, 0.3333333333333333)	(99.0, 0.0)	(100.0, 0.0)
3909R_0_M_S2_week7_S63_L001_R1_001	(0.0, 0.0)	(1.0, 0.0)	(2.0, 0.0)	(3.0, 0.0)	(4.0, 0.0)	(5.0, 0.0)	(6.0, 0.0)	(7.0, 0.0)	(8.0, 0.0)	(9.0, 0.0)	(10.0, 0.0)	(11.0, 0.0)	(12.0, 0.0)	(13.0, 0.0)	(14.0, 0.0)	(15.0, 0.0)	(16.0, 0.0)	(17.0, 0.0)	(18.0, 0.0)	(19.0, 0.0)	(20.0, 0.0)	(21.0, 0.0)	(22.0, 0.0)	(23.0, 0.0)	(24.0, 0.0)	(25.0, 0.0)	(26.0, 0.0)	(27.0, 0.0)	(28.0, 0.0)	(29.0, 0.0)	(30.0, 0.0)	(31.0, 0.5)	(32.0, 0.5)	(33.0, 0.0)	(34.0, 0.0)	(35.0, 0.0)	(36.0, 0.0)	(37.0, 0.0)	(38.0, 0.0)	(39.0, 0.3333333333333333)	(40.0, 1.3333333333333333)	(41.0, 7.5)	(42.0, 16.999999999999996)	(43.0, 29.33333333333333)	(44.0, 84.33333333333331)	(45.0, 143.66666666666657)	(46.0, 382.3333333333299)	(47.0, 12561.916666671603)	(48.0, 12894.000000005508)	(49.0, 2696.333333333438)	(50.0, 2910.0833333335295)	(51.0, 14577.083333341854)	(52.0, 18363.41666667132)	(53.0, 5531.083333332796)	(54.0, 1093.3333333333617)	(55.0, 334.583333333332)	(56.0, 84.33333333333329)	(57.0, 25.916666666666657)	(58.0, 50.08333333333341)	(59.0, 45.00000000000004)	(60.0, 9.25)	(61.0, 11.583333333333334)	(62.0, 51.75000000000009)	(63.0, 13.750000000000007)	(64.0, 3.666666666666667)	(65.0, 2.1666666666666665)	(66.0, 1.0)	(67.0, 0.5)	(68.0, 0.0)	(69.0, 0.0)	(70.0, 0.0)	(71.0, 0.0)	(72.0, 0.0)	(73.0, 0.0)	(74.0, 0.0)	(75.0, 0.0)	(76.0, 0.0)	(77.0, 0.0)	(78.0, 0.0)	(79.0, 0.0)	(80.0, 0.0)	(81.0, 0.0)	(82.0, 0.0)	(83.0, 0.0)	(84.0, 0.0)	(85.0, 0.0)	(86.0, 0.0)	(87.0, 0.0)	(88.0, 0.0)	(89.0, 0.0)	(90.0, 0.0)	(91.0, 0.0)	(92.0, 0.0)	(93.0, 0.0)	(94.0, 0.0)	(95.0, 0.0)	(96.0, 0.0)	(97.0, 0.0)	(98.0, 0.0)	(99.0, 0.0)	(100.0, 0.0)
3909R_0_M_S2_week7_S63_L001_R2_001	(0.0, 0.0)	(1.0, 0.0)	(2.0, 0.0)	(3.0, 0.0)	(4.0, 0.0)	(5.0, 0.0)	(6.0, 0.0)	(7.0, 0.0)	(8.0, 0.0)	(9.0, 0.0)	(10.0, 0.0)	(11.0, 0.0)	(12.0, 0.0)	(13.0, 0.0)	(14.0, 0.0)	(15.0, 0.0)	(16.0, 0.0)	(17.0, 0.0)	(18.0, 0.0)	(19.0, 0.0)	(20.0, 0.0)	(21.0, 0.0)	(22.0, 0.0)	(23.0, 0.0)	(24.0, 0.0)	(25.0, 0.0)	(26.0, 0.0)	(27.0, 0.0)	(28.0, 0.0)	(29.0, 0.5)	(30.0, 1.0)	(31.0, 0.5)	(32.0, 0.0)	(33.0, 0.5)	(34.0, 1.8333333333333333)	(35.0, 3.833333333333333)	(36.0, 3.5)	(37.0, 5.5)	(38.0, 11.0)	(39.0, 12.666666666666666)	(40.0, 13.0)	(41.0, 16.166666666666668)	(42.0, 27.333333333333318)	(43.0, 35.99999999999999)	(44.0, 84.24999999999993)	(45.0, 1399.6666666666292)	(46.0, 12213.08333333764)	(47.0, 6855.083333331609)	(48.0, 1259.083333333329)	(49.0, 596.9999999999987)	(50.0, 415.74999999999596)	(51.0, 2895.333333333516)	(52.0, 3336.7500000003706)	(53.0, 4811.500000000074)	(54.0, 4272.083333333855)	(55.0, 1227.8333333333305)	(56.0, 13763.500000006537)	(57.0, 14017.583333340335)	(58.0, 972.3333333333599)	(59.0, 277.2500000000008)	(60.0, 224.33333333333417)	(61.0, 179.08333333333363)	(62.0, 87.08333333333331)	(63.0, 62.66666666666669)	(64.0, 50.58333333333337)	(65.0, 28.666666666666654)	(66.0, 18.0)	(67.0, 20.333333333333336)	(68.0, 18.5)	(69.0, 10.666666666666668)	(70.0, 5.833333333333333)	(71.0, 8.666666666666664)	(72.0, 38.666666666666664)	(73.0, 6.499999999999998)	(74.0, 1.8333333333333333)	(75.0, 1.0)	(76.0, 0.0)	(77.0, 0.0)	(78.0, 0.0)	(79.0, 0.0)	(80.0, 0.0)	(81.0, 0.0)	(82.0, 0.0)	(83.0, 0.0)	(84.0, 0.0)	(85.0, 0.6666666666666666)	(86.0, 0.3333333333333333)	(87.0, 0.0)	(88.0, 0.0)	(89.0, 0.0)	(90.0, 0.3333333333333333)	(91.0, 0.6666666666666666)	(92.0, 0.3333333333333333)	(93.0, 0.0)	(94.0, 0.0)	(95.0, 0.0)	(96.0, 0.0)	(97.0, 0.0)	(98.0, 0.0)	(99.0, 0.0)	(100.0, 0.3333333333333333)
3909R_0_M_S2_week9_S64_L001_R1_001	(0.0, 0.0)	(1.0, 0.0)	(2.0, 0.0)	(3.0, 0.0)	(4.0, 0.0)	(5.0, 0.0)	(6.0, 0.0)	(7.0, 0.0)	(8.0, 0.0)	(9.0, 0.0)	(10.0, 0.0)	(11.0, 0.0)	(12.0, 0.0)	(13.0, 0.0)	(14.0, 0.0)	(15.0, 0.0)	(16.0, 0.0)	(17.0, 0.0)	(18.0, 0.0)	(19.0, 0.0)	(20.0, 0.0)	(21.0, 0.0)	(22.0, 0.0)	(23.0, 0.0)	(24.0, 0.0)	(25.0, 0.0)	(26.0, 0.0)	(27.0, 0.0)	(28.0, 0.0)	(29.0, 0.0)	(30.0, 0.0)	(31.0, 0.0)	(32.0, 0.0)	(33.0, 0.0)	(34.0, 0.0)	(35.0, 0.0)	(36.0, 0.0)	(37.0, 0.0)	(38.0, 0.0)	(39.0, 0.75)	(40.0, 2.4166666666666665)	(41.0, 2.0)	(42.0, 6.916666666666666)	(43.0, 23.33333333333333)	(44.0, 76.91666666666664)	(45.0, 110.66666666666654)	(46.0, 316.49999999999955)	(47.0, 10835.66666666848)	(48.0, 11791.166666670193)	(49.0, 3465.5000000004425)	(50.0, 4096.000000000724)	(51.0, 14646.250000008678)	(52.0, 19315.000000001266)	(53.0, 7087.416666664752)	(54.0, 1478.4999999999463)	(55.0, 352.91666666666447)	(56.0, 79.41666666666667)	(57.0, 29.583333333333318)	(58.0, 80.91666666666661)	(59.0, 81.41666666666659)	(60.0, 10.500000000000002)	(61.0, 12.083333333333337)	(62.0, 45.083333333333385)	(63.0, 7.666666666666663)	(64.0, 1.6666666666666665)	(65.0, 0.0)	(66.0, 0.0)	(67.0, 0.0)	(68.0, 0.0)	(69.0, 0.0)	(70.0, 0.0)	(71.0, 0.0)	(72.0, 0.0)	(73.0, 0.0)	(74.0, 0.0)	(75.0, 0.0)	(76.0, 0.0)	(77.0, 0.0)	(78.0, 0.0)	(79.0, 0.0)	(80.0, 0.0)	(81.0, 0.0)	(82.0, 0.0)	(83.0, 0.0)	(84.0, 0.0)	(85.0, 0.0)	(86.0, 0.0)	(87.0, 0.0)	(88.0, 0.0)	(89.0, 0.0)	(90.0, 0.0)	(91.0, 0.0)	(92.0, 0.0)	(93.0, 0.0)	(94.0, 0.0)	(95.0, 0.0)	(96.0, 0.0)	(97.0, 0.0)	(98.0, 0.0)	(99.0, 0.0)	(100.0, 0.0)
3909R_0_M_S2_week9_S64_L001_R2_001	(0.0, 0.0)	(1.0, 0.0)	(2.0, 0.0)	(3.0, 0.0)	(4.0, 0.0)	(5.0, 0.0)	(6.0, 0.0)	(7.0, 0.0)	(8.0, 0.0)	(9.0, 0.0)	(10.0, 0.0)	(11.0, 0.0)	(12.0, 0.0)	(13.0, 0.0)	(14.0, 0.0)	(15.0, 0.0)	(16.0, 0.0)	(17.0, 0.0)	(18.0, 0.0)	(19.0, 0.0)	(20.0, 0.0)	(21.0, 0.0)	(22.0, 0.0)	(23.0, 0.0)	(24.0, 0.0)	(25.0, 0.0)	(26.0, 0.0)	(27.0, 0.0)	(28.0, 0.0)	(29.0, 0.0)	(30.0, 0.5)	(31.0, 1.0)	(32.0, 1.0)	(33.0, 0.5)	(34.0, 0.5)	(35.0, 1.5)	(36.0, 4.0)	(37.0, 6.5)	(38.0, 7.333333333333334)	(39.0, 8.916666666666666)	(40.0, 8.333333333333332)	(41.0, 12.000000000000002)	(42.0, 25.33333333333333)	(43.0, 34.499999999999986)	(44.0, 77.66666666666666)	(45.0, 1479.666666666612)	(46.0, 10519.083333334574)	(47.0, 4704.91666666685)	(48.0, 1140.3333333333503)	(49.0, 601.4999999999995)	(50.0, 540.6666666666612)	(51.0, 4803.583333333427)	(52.0, 5616.583333332709)	(53.0, 6216.083333332208)	(54.0, 5344.916666666307)	(55.0, 1450.1666666666315)	(56.0, 13066.416666672025)	(57.0, 13151.333333338873)	(58.0, 1024.5000000000307)	(59.0, 290.1666666666667)	(60.0, 217.91666666666728)	(61.0, 178.58333333333357)	(62.0, 108.58333333333327)	(63.0, 80.0)	(64.0, 87.99999999999986)	(65.0, 39.91666666666667)	(66.0, 17.666666666666668)	(67.0, 15.333333333333334)	(68.0, 9.500000000000002)	(69.0, 2.6666666666666665)	(70.0, 4.166666666666666)	(71.0, 9.999999999999998)	(72.0, 36.83333333333332)	(73.0, 6.999999999999998)	(74.0, 0.5)	(75.0, 0.3333333333333333)	(76.0, 0.0)	(77.0, 0.0)	(78.0, 0.0)	(79.0, 0.0)	(80.0, 0.0)	(81.0, 0.0)	(82.0, 0.0)	(83.0, 0.0)	(84.0, 0.0)	(85.0, 0.0)	(86.0, 0.0)	(87.0, 0.0)	(88.0, 0.0)	(89.0, 0.0)	(90.0, 0.0)	(91.0, 0.0)	(92.0, 0.0)	(93.0, 0.0)	(94.0, 0.0)	(95.0, 0.0)	(96.0, 0.0)	(97.0, 0.0)	(98.0, 0.0)	(99.0, 0.0)	(100.0, 0.0)
3918R_R_M_S2_week5_S65_L001_R1_001	(0.0, 0.0)	(1.0, 0.0)	(2.0, 0.0)	(3.0, 0.0)	(4.0, 0.0)	(5.0, 0.0)	(6.0, 0.0)	(7.0, 0.0)	(8.0, 0.0)	(9.0, 0.0)	(10.0, 0.0)	(11.0, 0.0)	(12.0, 0.0)	(13.0, 0.0)	(14.0, 0.0)	(15.0, 0.0)	(16.0, 0.0)	(17.0, 0.0)	(18.0, 0.0)	(19.0, 0.0)	(20.0, 0.0)	(21.0, 0.0)	(22.0, 0.0)	(23.0, 0.0)	(24.0, 0.0)	(25.0, 0.0)	(26.0, 0.0)	(27.0, 0.0)	(28.0, 0.5)	(29.0, 1.0)	(30.0, 0.5)	(31.0, 0.0)	(32.0, 0.0)	(33.0, 0.0)	(34.0, 0.0)	(35.0, 0.0)	(36.0, 0.0)	(37.0, 0.0)	(38.0, 0.8333333333333333)	(39.0, 1.25)	(40.0, 2.333333333333333)	(41.0, 4.833333333333333)	(42.0, 12.5)	(43.0, 29.666666666666664)	(44.0, 93.33333333333331)	(45.0, 149.49999999999994)	(46.0, 398.0833333333294)	(47.0, 15009.500000009357)	(48.0, 15559.166666677009)	(49.0, 2580.250000000051)	(50.0, 2462.9999999999995)	(51.0, 8334.583333330651)	(52.0, 12959.916666672303)	(53.0, 7146.16666666467)	(54.0, 1982.749999999834)	(55.0, 433.58333333332695)	(56.0, 99.83333333333314)	(57.0, 33.83333333333333)	(58.0, 60.41666666666677)	(59.0, 57.666666666666785)	(60.0, 6.833333333333332)	(61.0, 3.3333333333333335)	(62.0, 14.666666666666675)	(63.0, 3.8333333333333335)	(64.0, 1.3333333333333333)	(65.0, 0.8333333333333333)	(66.0, 0.0)	(67.0, 0.0)	(68.0, 0.0)	(69.0, 0.0)	(70.0, 0.0)	(71.0, 0.0)	(72.0, 0.0)	(73.0, 0.0)	(74.0, 0.0)	(75.0, 0.0)	(76.0, 0.0)	(77.0, 0.0)	(78.0, 0.0)	(79.0, 0.0)	(80.0, 0.0)	(81.0, 0.0)	(82.0, 0.0)	(83.0, 0.0)	(84.0, 0.0)	(85.0, 0.0)	(86.0, 0.0)	(87.0, 0.0)	(88.0, 0.0)	(89.0, 0.0)	(90.0, 0.0)	(91.0, 0.0)	(92.0, 0.0)	(93.0, 0.0)	(94.0, 0.0)	(95.0, 0.0)	(96.0, 0.0)	(97.0, 0.0)	(98.0, 0.0)	(99.0, 0.0)	(100.0, 0.0)
3918R_R_M_S2_week5_S65_L001_R2_001	(0.0, 0.0)	(1.0, 0.0)	(2.0, 0.0)	(3.0, 0.0)	(4.0, 0.0)	(5.0, 0.0)	(6.0, 0.0)	(7.0, 0.0)	(8.0, 0.0)	(9.0, 0.0)	(10.0, 0.0)	(11.0, 0.0)	(12.0, 0.0)	(13.0, 0.0)	(14.0, 0.0)	(15.0, 0.0)	(16.0, 0.0)	(17.0, 0.0)	(18.0, 0.0)	(19.0, 0.0)	(20.0, 0.0)	(21.0, 0.0)	(22.0, 0.0)	(23.0, 0.0)	(24.0, 0.0)	(25.0, 0.0)	(26.0, 0.0)	(27.0, 0.0)	(28.0, 0.5)	(29.0, 0.5)	(30.0, 0.0)	(31.0, 0.0)	(32.0, 0.0)	(33.0, 0.5)	(34.0, 2.0)	(35.0, 4.0)	(36.0, 5.0)	(37.0, 6.0)	(38.0, 9.5)	(39.0, 15.333333333333332)	(40.0, 18.333333333333336)	(41.0, 21.66666666666666)	(42.0, 32.41666666666666)	(43.0, 41.75)	(44.0, 93.58333333333317)	(45.0, 1331.1666666666436)	(46.0, 14552.83333334186)	(47.0, 9825.166666666655)	(48.0, 939.7500000000297)	(49.0, 535.4999999999943)	(50.0, 458.9999999999945)	(51.0, 3054.583333333585)	(52.0, 3508.083333333778)	(53.0, 5734.333333332631)	(54.0, 4985.166666666608)	(55.0, 1139.6666666666792)	(56.0, 8997.916666665289)	(57.0, 8189.749999997299)	(58.0, 659.5000000000042)	(59.0, 218.5000000000006)	(60.0, 268.3333333333341)	(61.0, 280.75000000000074)	(62.0, 105.49999999999993)	(63.0, 70.91666666666667)	(64.0, 57.666666666666735)	(65.0, 27.91666666666665)	(66.0, 12.0)	(67.0, 9.666666666666666)	(68.0, 9.416666666666666)	(69.0, 5.333333333333333)	(70.0, 1.5833333333333333)	(71.0, 3.0)	(72.0, 10.833333333333336)	(73.0, 1.4999999999999998)	(74.0, 0.0)	(75.0, 0.0)	(76.0, 0.5)	(77.0, 0.5)	(78.0, 0.0)	(79.0, 0.0)	(80.0, 0.25)	(81.0, 0.0)	(82.0, 0.0)	(83.0, 0.0)	(84.0, 0.0)	(85.0, 0.0)	(86.0, 0.0)	(87.0, 0.0)	(88.0, 0.0)	(89.0, 0.0)	(90.0, 0.0)	(91.0, 0.0)	(92.0, 0.0)	(93.0, 0.0)	(94.0, 0.0)	(95.0, 0.0)	(96.0, 0.0)	(97.0, 0.0)	(98.0, 0.0)	(99.0, 0.3333333333333333)	(100.0, 0.5)
3918R_R_M_S2_week6_S66_L001_R1_001	(0.0, 0.0)	(1.0, 0.0)	(2.0, 0.0)	(3.0, 0.0)	(4.0, 0.0)	(5.0, 0.0)	(6.0, 0.0)	(7.0, 0.0)	(8.0, 0.0)	(9.0, 0.0)	(10.0, 0.0)	(11.0, 0.0)	(12.0, 0.0)	(13.0, 0.0)	(14.0, 0.0)	(15.0, 0.0)	(16.0, 0.0)	(17.0, 0.0)	(18.0, 0.0)	(19.0, 0.0)	(20.0, 0.0)	(21.0, 0.0)	(22.0, 0.0)	(23.0, 0.0)	(24.0, 0.0)	(25.0, 0.0)	(26.0, 0.0)	(27.0, 0.0)	(28.0, 0.0)	(29.0, 0.0)	(30.0, 0.0)	(31.0, 0.0)	(32.0, 0.0)	(33.0, 0.0)	(34.0, 0.0)	(35.0, 0.0)	(36.0, 0.0)	(37.0, 0.0)	(38.0, 0.0)	(39.0, 1.5)	(40.0, 2.083333333333333)	(41.0, 0.3333333333333333)	(42.0, 7.0)	(43.0, 21.666666666666668)	(44.0, 49.08333333333334)	(45.0, 77.66666666666664)	(46.0, 230.66666666666805)	(47.0, 10797.916666668423)	(48.0, 12345.000000004535)	(49.0, 3472.7500000004457)	(50.0, 3711.8333333338855)	(51.0, 11859.500000003662)	(52.0, 16711.500000010616)	(53.0, 7089.499999998069)	(54.0, 1501.9999999999404)	(55.0, 410.33333333332814)	(56.0, 81.49999999999996)	(57.0, 25.99999999999999)	(58.0, 69.83333333333339)	(59.0, 73.91666666666669)	(60.0, 8.583333333333332)	(61.0, 3.8333333333333335)	(62.0, 30.333333333333293)	(63.0, 4.166666666666667)	(64.0, 1.5)	(65.0, 1.8333333333333333)	(66.0, 0.5)	(67.0, 0.0)	(68.0, 0.0)	(69.0, 0.0)	(70.0, 0.0)	(71.0, 0.0)	(72.0, 0.0)	(73.0, 0.0)	(74.0, 0.0)	(75.0, 0.0)	(76.0, 0.0)	(77.0, 0.0)	(78.0, 0.0)	(79.0, 0.0)	(80.0, 0.0)	(81.0, 0.0)	(82.0, 0.0)	(83.0, 0.0)	(84.0, 0.0)	(85.0, 0.0)	(86.0, 0.0)	(87.0, 0.0)	(88.0, 0.0)	(89.0, 0.0)	(90.0, 0.0)	(91.0, 0.0)	(92.0, 0.0)	(93.0, 0.0)	(94.0, 0.0)	(95.0, 0.0)	(96.0, 0.0)	(97.0, 0.0)	(98.0, 0.0)	(99.0, 0.0)	(100.0, 0.0)
3918R_R_M_S2_week6_S66_L001_R2_001	(0.0, 0.0)	(1.0, 0.0)	(2.0, 0.0)	(3.0, 0.0)	(4.0, 0.0)	(5.0, 0.0)	(6.0, 0.0)	(7.0, 0.0)	(8.0, 0.0)	(9.0, 0.0)	(10.0, 0.0)	(11.0, 0.0)	(12.0, 0.0)	(13.0, 0.0)	(14.0, 0.0)	(15.0, 0.0)	(16.0, 0.0)	(17.0, 0.0)	(18.0, 0.0)	(19.0, 0.0)	(20.0, 0.0)	(21.0, 0.0)	(22.0, 0.0)	(23.0, 0.0)	(24.0, 0.0)	(25.0, 0.0)	(26.0, 0.0)	(27.0, 0.0)	(28.0, 0.0)	(29.0, 0.3333333333333333)	(30.0, 0.3333333333333333)	(31.0, 0.5)	(32.0, 0.5)	(33.0, 0.5)	(34.0, 1.0)	(35.0, 2.5)	(36.0, 5.333333333333334)	(37.0, 4.833333333333334)	(38.0, 3.5)	(39.0, 6.333333333333334)	(40.0, 9.5)	(41.0, 14.166666666666666)	(42.0, 22.166666666666664)	(43.0, 29.499999999999982)	(44.0, 62.916666666666806)	(45.0, 720.0000000000114)	(46.0, 10262.166666667443)	(47.0, 7959.666666663942)	(48.0, 981.666666666701)	(49.0, 511.74999999999204)	(50.0, 420.91666666666185)	(51.0, 3749.000000000561)	(52.0, 4249.750000000576)	(53.0, 7054.91666666482)	(54.0, 6117.666666665654)	(55.0, 1319.7499999999825)	(56.0, 11442.50000000269)	(57.0, 11209.916666668982)	(58.0, 790.2500000000132)	(59.0, 235.83333333333414)	(60.0, 239.41666666666762)	(61.0, 236.16666666666794)	(62.0, 101.33333333333327)	(63.0, 69.41666666666669)	(64.0, 67.75000000000011)	(65.0, 36.66666666666666)	(66.0, 13.333333333333336)	(67.0, 8.25)	(68.0, 6.833333333333332)	(69.0, 4.333333333333333)	(70.0, 4.333333333333334)	(71.0, 6.333333333333332)	(72.0, 24.333333333333314)	(73.0, 6.999999999999997)	(74.0, 0.8333333333333333)	(75.0, 0.8333333333333333)	(76.0, 0.0)	(77.0, 0.3333333333333333)	(78.0, 0.0)	(79.0, 0.0)	(80.0, 0.0)	(81.0, 0.0)	(82.0, 0.0)	(83.0, 0.0)	(84.0, 0.0)	(85.0, 0.0)	(86.0, 0.0)	(87.0, 0.0)	(88.0, 0.0)	(89.0, 0.0)	(90.0, 0.0)	(91.0, 0.0)	(92.0, 0.0)	(93.0, 0.25)	(94.0, 0.3333333333333333)	(95.0, 0.3333333333333333)	(96.0, 0.3333333333333333)	(97.0, 0.0)	(98.0, 0.0)	(99.0, 0.0)	(100.0, 0.3333333333333333)
3918R_R_M_S2_week7_S67_L001_R1_001	(0.0, 0.0)	(1.0, 0.0)	(2.0, 0.0)	(3.0, 0.0)	(4.0, 0.0)	(5.0, 0.0)	(6.0, 0.0)	(7.0, 0.0)	(8.0, 0.0)	(9.0, 0.0)	(10.0, 0.0)	(11.0, 0.0)	(12.0, 0.0)	(13.0, 0.0)	(14.0, 0.0)	(15.0, 0.0)	(16.0, 0.0)	(17.0, 0.0)	(18.0, 0.0)	(19.0, 0.0)	(20.0, 0.0)	(21.0, 0.0)	(22.0, 0.0)	(23.0, 0.0)	(24.0, 0.0)	(25.0, 0.0)	(26.0, 0.0)	(27.0, 0.0)	(28.0, 0.0)	(29.0, 0.0)	(30.0, 0.0)	(31.0, 0.0)	(32.0, 0.0)	(33.0, 0.0)	(34.0, 0.0)	(35.0, 0.0)	(36.0, 0.0)	(37.0, 0.0)	(38.0, 0.0)	(39.0, 0.5)	(40.0, 2.0)	(41.0, 3.3333333333333335)	(42.0, 5.5)	(43.0, 16.666666666666668)	(44.0, 57.83333333333336)	(45.0, 97.66666666666659)	(46.0, 290.583333333334)	(47.0, 12551.833333338262)	(48.0, 13730.833333340379)	(49.0, 3977.4166666673427)	(50.0, 4057.833333334046)	(51.0, 12272.916666671064)	(52.0, 17609.833333340754)	(53.0, 7197.833333331291)	(54.0, 1226.333333333334)	(55.0, 324.0833333333326)	(56.0, 61.83333333333344)	(57.0, 21.666666666666664)	(58.0, 81.99999999999993)	(59.0, 84.08333333333324)	(60.0, 10.333333333333332)	(61.0, 8.5)	(62.0, 43.6666666666667)	(63.0, 7.83333333333333)	(64.0, 0.6666666666666666)	(65.0, 0.8333333333333333)	(66.0, 1.0)	(67.0, 0.5)	(68.0, 0.0)	(69.0, 0.0)	(70.0, 0.0)	(71.0, 0.0)	(72.0, 0.0)	(73.0, 0.0)	(74.0, 0.0)	(75.0, 0.0)	(76.0, 0.0)	(77.0, 0.0)	(78.0, 0.0)	(79.0, 0.0)	(80.0, 0.0)	(81.0, 0.0)	(82.0, 0.0)	(83.0, 0.0)	(84.0, 0.0)	(85.0, 0.0)	(86.0, 0.0)	(87.0, 0.0)	(88.0, 0.0)	(89.0, 0.0)	(90.0, 0.0)	(91.0, 0.0)	(92.0, 0.0)	(93.0, 0.0)	(94.0, 0.0)	(95.0, 0.0)	(96.0, 0.0)	(97.0, 0.0)	(98.0, 0.0)	(99.0, 0.0)	(100.0, 0.0)
3918R_R_M_S2_week7_S67_L001_R2_001	(0.0, 0.0)	(1.0, 0.0)	(2.0, 0.0)	(3.0, 0.0)	(4.0, 0.0)	(5.0, 0.0)	(6.0, 0.0)	(7.0, 0.0)	(8.0, 0.0)	(9.0, 0.0)	(10.0, 0.0)	(11.0, 0.0)	(12.0, 0.0)	(13.0, 0.0)	(14.0, 0.0)	(15.0, 0.0)	(16.0, 0.0)	(17.0, 0.0)	(18.0, 0.0)	(19.0, 0.0)	(20.0, 0.0)	(21.0, 0.0)	(22.0, 0.0)	(23.0, 0.0)	(24.0, 0.0)	(25.0, 0.0)	(26.0, 0.0)	(27.0, 0.0)	(28.0, 0.0)	(29.0, 0.5)	(30.0, 0.5)	(31.0, 0.0)	(32.0, 0.0)	(33.0, 0.5)	(34.0, 1.0)	(35.0, 2.5)	(36.0, 5.0)	(37.0, 7.333333333333333)	(38.0, 6.833333333333333)	(39.0, 7.333333333333333)	(40.0, 10.833333333333334)	(41.0, 17.5)	(42.0, 23.41666666666666)	(43.0, 33.33333333333333)	(44.0, 71.8333333333334)	(45.0, 1391.8333333332982)	(46.0, 12346.416666671219)	(47.0, 6584.416666665174)	(48.0, 1216.0000000000023)	(49.0, 507.74999999999227)	(50.0, 404.24999999999653)	(51.0, 4445.000000000415)	(52.0, 4997.083333333267)	(53.0, 7051.4166666648)	(54.0, 5825.416666665894)	(55.0, 1063.8333333333576)	(56.0, 11673.916666669798)	(57.0, 11657.416666669778)	(58.0, 727.0000000000078)	(59.0, 211.5833333333336)	(60.0, 201.83333333333397)	(61.0, 200.25000000000074)	(62.0, 92.33333333333331)	(63.0, 65.58333333333334)	(64.0, 84.5833333333333)	(65.0, 38.41666666666668)	(66.0, 12.000000000000002)	(67.0, 13.583333333333334)	(68.0, 9.666666666666666)	(69.0, 1.6666666666666665)	(70.0, 4.0)	(71.0, 10.833333333333336)	(72.0, 35.49999999999998)	(73.0, 10.0)	(74.0, 0.8333333333333333)	(75.0, 0.5)	(76.0, 0.0)	(77.0, 0.0)	(78.0, 0.0)	(79.0, 0.0)	(80.0, 0.0)	(81.0, 0.3333333333333333)	(82.0, 0.0)	(83.0, 0.0)	(84.0, 0.0)	(85.0, 0.0)	(86.0, 0.0)	(87.0, 0.0)	(88.0, 0.0)	(89.0, 0.0)	(90.0, 0.0)	(91.0, 0.3333333333333333)	(92.0, 0.6666666666666666)	(93.0, 0.3333333333333333)	(94.0, 0.0)	(95.0, 0.3333333333333333)	(96.0, 0.0)	(97.0, 0.0)	(98.0, 0.0)	(99.0, 0.0)	(100.0, 0.0)
3918R_R_M_S2_week9_S68_L001_R1_001	(0.0, 0.0)	(1.0, 0.0)	(2.0, 0.0)	(3.0, 0.0)	(4.0, 0.0)	(5.0, 0.0)	(6.0, 0.0)	(7.0, 0.0)	(8.0, 0.0)	(9.0, 0.0)	(10.0, 0.0)	(11.0, 0.0)	(12.0, 0.0)	(13.0, 0.0)	(14.0, 0.0)	(15.0, 0.0)	(16.0, 0.0)	(17.0, 0.0)	(18.0, 0.0)	(19.0, 0.0)	(20.0, 0.0)	(21.0, 0.0)	(22.0, 0.0)	(23.0, 0.0)	(24.0, 0.0)	(25.0, 0.0)	(26.0, 0.0)	(27.0, 0.0)	(28.0, 0.0)	(29.0, 0.0)	(30.0, 0.0)	(31.0, 0.0)	(32.0, 0.0)	(33.0, 0.0)	(34.0, 0.0)	(35.0, 0.3333333333333333)	(36.0, 0.3333333333333333)	(37.0, 0.5)	(38.0, 0.5)	(39.0, 0.3333333333333333)	(40.0, 1.0)	(41.0, 0.6666666666666666)	(42.0, 2.1666666666666665)	(43.0, 17.16666666666667)	(44.0, 54.16666666666668)	(45.0, 83.66666666666663)	(46.0, 259.91666666666873)	(47.0, 9924.583333333505)	(48.0, 10257.416666667432)	(49.0, 2213.833333333225)	(50.0, 2456.833333333333)	(51.0, 8820.249999998183)	(52.0, 12880.416666672178)	(53.0, 5493.249999999484)	(54.0, 861.250000000026)	(55.0, 258.58333333333576)	(56.0, 49.83333333333339)	(57.0, 20.166666666666664)	(58.0, 63.00000000000015)	(59.0, 66.83333333333346)	(60.0, 5.999999999999999)	(61.0, 3.3333333333333335)	(62.0, 24.666666666666647)	(63.0, 3.666666666666667)	(64.0, 0.3333333333333333)	(65.0, 0.5)	(66.0, 1.0)	(67.0, 0.5)	(68.0, 0.0)	(69.0, 0.0)	(70.0, 0.0)	(71.0, 0.0)	(72.0, 0.0)	(73.0, 0.0)	(74.0, 0.0)	(75.0, 0.0)	(76.0, 0.0)	(77.0, 0.0)	(78.0, 0.0)	(79.0, 0.0)	(80.0, 0.0)	(81.0, 0.0)	(82.0, 0.0)	(83.0, 0.0)	(84.0, 0.0)	(85.0, 0.0)	(86.0, 0.0)	(87.0, 0.0)	(88.0, 0.0)	(89.0, 0.0)	(90.0, 0.0)	(91.0, 0.0)	(92.0, 0.0)	(93.0, 0.0)	(94.0, 0.0)	(95.0, 0.0)	(96.0, 0.0)	(97.0, 0.0)	(98.0, 0.0)	(99.0, 0.0)	(100.0, 0.0)
3918R_R_M_S2_week9_S68_L001_R2_001	(0.0, 0.0)	(1.0, 0.0)	(2.0, 0.0)	(3.0, 0.0)	(4.0, 0.0)	(5.0, 0.0)	(6.0, 0.0)	(7.0, 0.0)	(8.0, 0.0)	(9.0, 0.0)	(10.0, 0.0)	(11.0, 0.0)	(12.0, 0.0)	(13.0, 0.0)	(14.0, 0.0)	(15.0, 0.0)	(16.0, 0.0)	(17.0, 0.0)	(18.0, 0.0)	(19.0, 0.0)	(20.0, 0.0)	(21.0, 0.0)	(22.0, 0.0)	(23.0, 0.0)	(24.0, 0.0)	(25.0, 0.0)	(26.0, 0.0)	(27.0, 0.0)	(28.0, 0.0)	(29.0, 0.0)	(30.0, 0.0)	(31.0, 0.5)	(32.0, 0.5)	(33.0, 0.0)	(34.0, 0.0)	(35.0, 1.0)	(36.0, 3.0)	(37.0, 2.833333333333333)	(38.0, 0.8333333333333333)	(39.0, 2.5)	(40.0, 8.333333333333332)	(41.0, 14.0)	(42.0, 19.750000000000004)	(43.0, 23.916666666666657)	(44.0, 51.500000000000064)	(45.0, 1336.4999999999754)	(46.0, 9885.500000000095)	(47.0, 4157.8333333340115)	(48.0, 764.9166666666812)	(49.0, 378.6666666666639)	(50.0, 321.9166666666662)	(51.0, 4152.666666667346)	(52.0, 4509.333333333688)	(53.0, 3802.5000000005816)	(54.0, 3156.500000000293)	(55.0, 793.1666666666807)	(56.0, 8133.9999999972715)	(57.0, 8076.083333330643)	(58.0, 503.4999999999929)	(59.0, 161.33333333333343)	(60.0, 166.2500000000002)	(61.0, 153.83333333333331)	(62.0, 70.83333333333333)	(63.0, 54.83333333333334)	(64.0, 65.33333333333341)	(65.0, 29.333333333333314)	(66.0, 8.666666666666666)	(67.0, 6.5)	(68.0, 7.333333333333334)	(69.0, 3.0)	(70.0, 2.8333333333333335)	(71.0, 4.333333333333333)	(72.0, 17.66666666666667)	(73.0, 4.999999999999999)	(74.0, 0.0)	(75.0, 0.0)	(76.0, 0.0)	(77.0, 0.3333333333333333)	(78.0, 0.3333333333333333)	(79.0, 0.0)	(80.0, 0.0)	(81.0, 0.0)	(82.0, 0.0)	(83.0, 0.0)	(84.0, 0.0)	(85.0, 0.0)	(86.0, 0.0)	(87.0, 0.0)	(88.0, 0.0)	(89.0, 0.0)	(90.0, 0.0)	(91.0, 0.0)	(92.0, 0.0)	(93.0, 0.0)	(94.0, 0.0)	(95.0, 0.0)	(96.0, 0.0)	(97.0, 0.0)	(98.0, 0.0)	(99.0, 0.0)	(100.0, 0.0)
3924R_L_F_S5_week9_S72_L001_R1_001	(0.0, 0.0)	(1.0, 0.0)	(2.0, 0.0)	(3.0, 0.0)	(4.0, 0.0)	(5.0, 0.0)	(6.0, 0.0)	(7.0, 0.0)	(8.0, 0.0)	(9.0, 0.0)	(10.0, 0.0)	(11.0, 0.0)	(12.0, 0.0)	(13.0, 0.0)	(14.0, 0.0)	(15.0, 0.0)	(16.0, 0.0)	(17.0, 0.0)	(18.0, 0.0)	(19.0, 0.0)	(20.0, 0.0)	(21.0, 0.0)	(22.0, 0.0)	(23.0, 0.0)	(24.0, 0.0)	(25.0, 0.0)	(26.0, 0.0)	(27.0, 0.0)	(28.0, 0.0)	(29.0, 0.0)	(30.0, 0.0)	(31.0, 0.5)	(32.0, 0.5)	(33.0, 0.0)	(34.0, 0.0)	(35.0, 0.0)	(36.0, 0.0)	(37.0, 0.0)	(38.0, 0.0)	(39.0, 0.5)	(40.0, 0.5)	(41.0, 2.833333333333333)	(42.0, 8.166666666666666)	(43.0, 22.416666666666668)	(44.0, 61.500000000000014)	(45.0, 126.41666666666639)	(46.0, 1090.5000000000286)	(47.0, 12068.083333337367)	(48.0, 5857.083333332503)	(49.0, 5474.499999999504)	(50.0, 5492.499999999482)	(51.0, 12239.000000004336)	(52.0, 15779.41666667737)	(53.0, 5252.333333333034)	(54.0, 996.2500000000409)	(55.0, 248.8333333333357)	(56.0, 64.00000000000013)	(57.0, 21.41666666666666)	(58.0, 26.666666666666643)	(59.0, 26.166666666666643)	(60.0, 7.416666666666665)	(61.0, 5.833333333333333)	(62.0, 25.916666666666643)	(63.0, 5.333333333333332)	(64.0, 0.8333333333333333)	(65.0, 1.8333333333333333)	(66.0, 1.0)	(67.0, 0.0)	(68.0, 0.0)	(69.0, 0.0)	(70.0, 0.0)	(71.0, 0.0)	(72.0, 0.0)	(73.0, 0.0)	(74.0, 0.0)	(75.0, 0.0)	(76.0, 0.0)	(77.0, 0.0)	(78.0, 0.0)	(79.0, 0.0)	(80.0, 0.0)	(81.0, 0.0)	(82.0, 0.0)	(83.0, 0.0)	(84.0, 0.0)	(85.0, 0.0)	(86.0, 0.0)	(87.0, 0.0)	(88.0, 0.0)	(89.0, 0.0)	(90.0, 0.0)	(91.0, 0.0)	(92.0, 0.0)	(93.0, 0.0)	(94.0, 0.0)	(95.0, 0.0)	(96.0, 0.0)	(97.0, 0.0)	(98.0, 0.0)	(99.0, 0.0)	(100.0, 0.0)
3924R_L_F_S5_week9_S72_L001_R2_001	(0.0, 0.0)	(1.0, 0.0)	(2.0, 0.0)	(3.0, 0.0)	(4.0, 0.0)	(5.0, 0.0)	(6.0, 0.0)	(7.0, 0.0)	(8.0, 0.0)	(9.0, 0.0)	(10.0, 0.0)	(11.0, 0.0)	(12.0, 0.0)	(13.0, 0.0)	(14.0, 0.0)	(15.0, 0.0)	(16.0, 0.0)	(17.0, 0.0)	(18.0, 0.0)	(19.0, 0.0)	(20.0, 0.0)	(21.0, 0.0)	(22.0, 0.0)	(23.0, 0.0)	(24.0, 0.0)	(25.0, 0.0)	(26.0, 0.0)	(27.0, 0.0)	(28.0, 0.0)	(29.0, 0.0)	(30.0, 0.0)	(31.0, 0.5)	(32.0, 0.5)	(33.0, 0.5)	(34.0, 1.5)	(35.0, 2.5)	(36.0, 2.333333333333333)	(37.0, 3.0)	(38.0, 6.0)	(39.0, 9.5)	(40.0, 13.666666666666666)	(41.0, 18.166666666666668)	(42.0, 26.499999999999996)	(43.0, 40.50000000000001)	(44.0, 93.16666666666652)	(45.0, 982.3333333333728)	(46.0, 11460.16666666961)	(47.0, 1488.9999999999445)	(48.0, 1397.4999999999677)	(49.0, 622.7500000000007)	(50.0, 363.33333333333144)	(51.0, 1261.9999999999918)	(52.0, 1981.916666666515)	(53.0, 10097.000000000484)	(54.0, 8733.99999999813)	(55.0, 2002.3333333332007)	(56.0, 10897.833333335111)	(57.0, 10840.16666666839)	(58.0, 829.0833333333494)	(59.0, 242.333333333334)	(60.0, 161.91666666666677)	(61.0, 132.49999999999977)	(62.0, 63.166666666666686)	(63.0, 45.000000000000014)	(64.0, 36.83333333333334)	(65.0, 16.833333333333336)	(66.0, 9.666666666666666)	(67.0, 7.666666666666667)	(68.0, 6.0)	(69.0, 4.083333333333334)	(70.0, 2.416666666666667)	(71.0, 4.333333333333333)	(72.0, 21.666666666666657)	(73.0, 6.666666666666664)	(74.0, 0.6666666666666666)	(75.0, 0.3333333333333333)	(76.0, 0.3333333333333333)	(77.0, 0.0)	(78.0, 0.0)	(79.0, 0.3333333333333333)	(80.0, 0.0)	(81.0, 0.0)	(82.0, 0.0)	(83.0, 0.0)	(84.0, 0.0)	(85.0, 0.0)	(86.0, 0.5)	(87.0, 0.5)	(88.0, 0.0)	(89.0, 0.0)	(90.0, 0.0)	(91.0, 0.3333333333333333)	(92.0, 0.3333333333333333)	(93.0, 0.0)	(94.0, 0.0)	(95.0, 0.0)	(96.0, 0.0)	(97.0, 0.0)	(98.0, 0.0)	(99.0, 0.0)	(100.0, 0.0)
3929R_0_F_S5_week9_S73_L001_R1_001	(0.0, 0.0)	(1.0, 0.0)	(2.0, 0.0)	(3.0, 0.0)	(4.0, 0.0)	(5.0, 0.0)	(6.0, 0.0)	(7.0, 0.0)	(8.0, 0.0)	(9.0, 0.0)	(10.0, 0.0)	(11.0, 0.0)	(12.0, 0.0)	(13.0, 0.0)	(14.0, 0.0)	(15.0, 0.0)	(16.0, 0.0)	(17.0, 0.0)	(18.0, 0.0)	(19.0, 0.0)	(20.0, 0.0)	(21.0, 0.0)	(22.0, 0.0)	(23.0, 0.0)	(24.0, 0.0)	(25.0, 0.0)	(26.0, 0.0)	(27.0, 0.0)	(28.0, 0.0)	(29.0, 0.0)	(30.0, 0.0)	(31.0, 0.0)	(32.0, 0.0)	(33.0, 0.0)	(34.0, 0.0)	(35.0, 0.0)	(36.0, 0.0)	(37.0, 0.5)	(38.0, 0.5)	(39.0, 0.0)	(40.0, 0.3333333333333333)	(41.0, 2.5)	(42.0, 6.833333333333334)	(43.0, 15.833333333333332)	(44.0, 44.083333333333336)	(45.0, 90.33333333333329)	(46.0, 529.8333333333253)	(47.0, 5230.666666666386)	(48.0, 4799.000000000098)	(49.0, 6529.16666666524)	(50.0, 6004.1666666657)	(51.0, 15862.4166666775)	(52.0, 20276.749999997803)	(53.0, 6061.333333332348)	(54.0, 1026.0000000000414)	(55.0, 305.0833333333334)	(56.0, 88.24999999999987)	(57.0, 25.999999999999982)	(58.0, 28.33333333333331)	(59.0, 28.833333333333304)	(60.0, 7.249999999999999)	(61.0, 5.083333333333333)	(62.0, 35.24999999999998)	(63.0, 9.75)	(64.0, 3.0)	(65.0, 2.1666666666666665)	(66.0, 0.0)	(67.0, 0.5)	(68.0, 0.5)	(69.0, 0.0)	(70.0, 0.0)	(71.0, 0.0)	(72.0, 0.0)	(73.0, 0.0)	(74.0, 0.0)	(75.0, 0.0)	(76.0, 0.0)	(77.0, 0.0)	(78.0, 0.0)	(79.0, 0.0)	(80.0, 0.0)	(81.0, 0.0)	(82.0, 0.0)	(83.0, 0.0)	(84.0, 0.0)	(85.0, 0.0)	(86.0, 0.0)	(87.0, 0.0)	(88.0, 0.0)	(89.0, 0.0)	(90.0, 0.0)	(91.0, 0.0)	(92.0, 0.0)	(93.0, 0.0)	(94.0, 0.0)	(95.0, 0.0)	(96.0, 0.0)	(97.0, 0.0)	(98.0, 0.0)	(99.0, 0.0)	(100.0, 0.0)
3929R_0_F_S5_week9_S73_L001_R2_001	(0.0, 0.0)	(1.0, 0.0)	(2.0, 0.0)	(3.0, 0.0)	(4.0, 0.0)	(5.0, 0.0)	(6.0, 0.0)	(7.0, 0.0)	(8.0, 0.0)	(9.0, 0.0)	(10.0, 0.0)	(11.0, 0.0)	(12.0, 0.0)	(13.0, 0.0)	(14.0, 0.0)	(15.0, 0.0)	(16.0, 0.0)	(17.0, 0.0)	(18.0, 0.0)	(19.0, 0.0)	(20.0, 0.0)	(21.0, 0.0)	(22.0, 0.0)	(23.0, 0.0)	(24.0, 0.0)	(25.0, 0.0)	(26.0, 0.0)	(27.0, 0.0)	(28.0, 0.0)	(29.0, 0.0)	(30.0, 0.0)	(31.0, 0.0)	(32.0, 0.0)	(33.0, 1.0)	(34.0, 3.5)	(35.0, 5.0)	(36.0, 3.5)	(37.0, 3.333333333333333)	(38.0, 6.666666666666666)	(39.0, 11.5)	(40.0, 12.333333333333332)	(41.0, 13.16666666666667)	(42.0, 21.166666666666668)	(43.0, 33.99999999999999)	(44.0, 65.33333333333339)	(45.0, 461.4999999999925)	(46.0, 4587.333333333624)	(47.0, 893.3333333333607)	(48.0, 1915.8333333331943)	(49.0, 881.91666666669)	(50.0, 489.49999999999375)	(51.0, 1503.6666666666165)	(52.0, 2441.333333333331)	(53.0, 10768.33333333496)	(54.0, 9615.833333332968)	(55.0, 2848.333333333461)	(56.0, 13938.500000006636)	(57.0, 14176.750000007087)	(58.0, 1265.916666666662)	(59.0, 374.4999999999987)	(60.0, 247.91666666666748)	(61.0, 210.58333333333388)	(62.0, 106.0833333333333)	(63.0, 59.333333333333336)	(64.0, 44.666666666666686)	(65.0, 30.083333333333325)	(66.0, 16.91666666666667)	(67.0, 12.0)	(68.0, 11.25)	(69.0, 7.5)	(70.0, 5.916666666666666)	(71.0, 11.250000000000004)	(72.0, 28.666666666666636)	(73.0, 7.33333333333333)	(74.0, 0.3333333333333333)	(75.0, 0.5833333333333333)	(76.0, 0.0)	(77.0, 0.5)	(78.0, 1.5)	(79.0, 1.0)	(80.0, 0.0)	(81.0, 0.0)	(82.0, 0.0)	(83.0, 0.0)	(84.0, 0.0)	(85.0, 0.0)	(86.0, 0.0)	(87.0, 0.0)	(88.0, 0.0)	(89.0, 0.0)	(90.0, 0.0)	(91.0, 0.0)	(92.0, 0.0)	(93.0, 0.3333333333333333)	(94.0, 0.3333333333333333)	(95.0, 0.0)	(96.0, 0.0)	(97.0, 0.25)	(98.0, 0.0)	(99.0, 0.0)	(100.0, 0.0)
3969R_0_F_S2_week5_S47_L001_R1_001	(0.0, 0.0)	(1.0, 0.0)	(2.0, 0.0)	(3.0, 0.0)	(4.0, 0.0)	(5.0, 0.0)	(6.0, 0.0)	(7.0, 0.0)	(8.0, 0.0)	(9.0, 0.0)	(10.0, 0.0)	(11.0, 0.0)	(12.0, 0.0)	(13.0, 0.0)	(14.0, 0.0)	(15.0, 0.0)	(16.0, 0.0)	(17.0, 0.0)	(18.0, 0.0)	(19.0, 0.0)	(20.0, 0.0)	(21.0, 0.0)	(22.0, 0.0)	(23.0, 0.0)	(24.0, 0.0)	(25.0, 0.0)	(26.0, 0.0)	(27.0, 0.0)	(28.0, 0.0)	(29.0, 0.0)	(30.0, 0.3333333333333333)	(31.0, 0.0)	(32.0, 0.0)	(33.0, 0.0)	(34.0, 0.0)	(35.0, 0.3333333333333333)	(36.0, 0.0)	(37.0, 0.3333333333333333)	(38.0, 0.3333333333333333)	(39.0, 1.9999999999999998)	(40.0, 2.1666666666666665)	(41.0, 2.8333333333333335)	(42.0, 9.500000000000002)	(43.0, 24.499999999999993)	(44.0, 68.25000000000001)	(45.0, 100.1666666666666)	(46.0, 277.4166666666679)	(47.0, 10527.500000001259)	(48.0, 11131.166666669005)	(49.0, 2056.749999999829)	(50.0, 2457.9166666666656)	(51.0, 13779.166666673766)	(52.0, 15741.583333343922)	(53.0, 3901.250000000627)	(54.0, 1108.3333333333576)	(55.0, 298.75000000000045)	(56.0, 77.08333333333331)	(57.0, 24.916666666666657)	(58.0, 62.00000000000013)	(59.0, 64.16666666666683)	(60.0, 5.5)	(61.0, 2.8333333333333335)	(62.0, 8.999999999999998)	(63.0, 1.6666666666666665)	(64.0, 1.0)	(65.0, 0.0)	(66.0, 0.0)	(67.0, 0.0)	(68.0, 0.0)	(69.0, 0.0)	(70.0, 0.0)	(71.0, 0.0)	(72.0, 0.0)	(73.0, 0.0)	(74.0, 0.0)	(75.0, 0.0)	(76.0, 0.0)	(77.0, 0.0)	(78.0, 0.0)	(79.0, 0.0)	(80.0, 0.0)	(81.0, 0.0)	(82.0, 0.0)	(83.0, 0.0)	(84.0, 0.0)	(85.0, 0.0)	(86.0, 0.0)	(87.0, 0.0)	(88.0, 0.0)	(89.0, 0.0)	(90.0, 0.0)	(91.0, 0.0)	(92.0, 0.0)	(93.0, 0.0)	(94.0, 0.0)	(95.0, 0.0)	(96.0, 0.0)	(97.0, 0.0)	(98.0, 0.0)	(99.0, 0.0)	(100.0, 0.0)
3969R_0_F_S2_week5_S47_L001_R2_001	(0.0, 0.0)	(1.0, 0.0)	(2.0, 0.0)	(3.0, 0.0)	(4.0, 0.0)	(5.0, 0.0)	(6.0, 0.0)	(7.0, 0.0)	(8.0, 0.0)	(9.0, 0.0)	(10.0, 0.0)	(11.0, 0.0)	(12.0, 0.0)	(13.0, 0.0)	(14.0, 0.0)	(15.0, 0.0)	(16.0, 0.0)	(17.0, 0.0)	(18.0, 0.0)	(19.0, 0.0)	(20.0, 0.0)	(21.0, 0.0)	(22.0, 0.0)	(23.0, 0.0)	(24.0, 0.0)	(25.0, 0.0)	(26.0, 0.0)	(27.0, 0.0)	(28.0, 0.0)	(29.0, 1.5)	(30.0, 3.0)	(31.0, 1.5)	(32.0, 0.0)	(33.0, 0.0)	(34.0, 1.0)	(35.0, 2.0)	(36.0, 2.0)	(37.0, 4.5)	(38.0, 6.5)	(39.0, 6.333333333333333)	(40.0, 8.833333333333332)	(41.0, 19.333333333333336)	(42.0, 31.25)	(43.0, 39.916666666666664)	(44.0, 84.41666666666666)	(45.0, 731.9166666666788)	(46.0, 9931.333333333525)	(47.0, 7812.916666664082)	(48.0, 794.4166666666822)	(49.0, 448.4166666666622)	(50.0, 386.66666666666373)	(51.0, 1966.4166666665164)	(52.0, 2204.499999999896)	(53.0, 4185.2500000006075)	(54.0, 3720.4166666671754)	(55.0, 1180.7500000000032)	(56.0, 12935.500000005162)	(57.0, 12985.0833333386)	(58.0, 978.5000000000258)	(59.0, 296.66666666666697)	(60.0, 242.91666666666754)	(61.0, 201.9166666666672)	(62.0, 107.41666666666669)	(63.0, 81.66666666666667)	(64.0, 82.91666666666659)	(65.0, 38.66666666666668)	(66.0, 16.75)	(67.0, 11.5)	(68.0, 9.666666666666666)	(69.0, 5.0)	(70.0, 3.8333333333333335)	(71.0, 4.999999999999999)	(72.0, 9.333333333333334)	(73.0, 3.0)	(74.0, 0.5)	(75.0, 0.5)	(76.0, 1.3333333333333333)	(77.0, 0.8333333333333333)	(78.0, 0.0)	(79.0, 0.0)	(80.0, 0.0)	(81.0, 0.5)	(82.0, 0.8333333333333333)	(83.0, 0.3333333333333333)	(84.0, 0.5)	(85.0, 0.5)	(86.0, 0.0)	(87.0, 0.3333333333333333)	(88.0, 0.3333333333333333)	(89.0, 0.0)	(90.0, 0.0)	(91.0, 0.0)	(92.0, 0.0)	(93.0, 0.0)	(94.0, 0.5)	(95.0, 0.5)	(96.0, 0.0)	(97.0, 0.0)	(98.0, 0.0)	(99.0, 0.0)	(100.0, 0.0)
3969R_0_F_S2_week6_S48_L001_R1_001	(0.0, 0.0)	(1.0, 0.0)	(2.0, 0.0)	(3.0, 0.0)	(4.0, 0.0)	(5.0, 0.0)	(6.0, 0.0)	(7.0, 0.0)	(8.0, 0.0)	(9.0, 0.0)	(10.0, 0.0)	(11.0, 0.0)	(12.0, 0.0)	(13.0, 0.0)	(14.0, 0.0)	(15.0, 0.0)	(16.0, 0.0)	(17.0, 0.0)	(18.0, 0.0)	(19.0, 0.0)	(20.0, 0.0)	(21.0, 0.0)	(22.0, 0.0)	(23.0, 0.0)	(24.0, 0.0)	(25.0, 0.0)	(26.0, 0.0)	(27.0, 0.0)	(28.0, 0.0)	(29.0, 0.0)	(30.0, 0.0)	(31.0, 0.0)	(32.0, 0.0)	(33.0, 0.3333333333333333)	(34.0, 0.0)	(35.0, 0.0)	(36.0, 0.0)	(37.0, 0.0)	(38.0, 0.3333333333333333)	(39.0, 0.6666666666666666)	(40.0, 2.3333333333333335)	(41.0, 4.5)	(42.0, 5.5)	(43.0, 21.583333333333332)	(44.0, 58.000000000000014)	(45.0, 87.66666666666666)	(46.0, 257.5000000000022)	(47.0, 11614.166666669891)	(48.0, 12988.000000005706)	(49.0, 2963.5833333335586)	(50.0, 3205.500000000329)	(51.0, 9977.333333333603)	(52.0, 13111.416666672569)	(53.0, 5283.4166666663405)	(54.0, 1714.1666666665612)	(55.0, 360.33333333333064)	(56.0, 91.58333333333321)	(57.0, 31.749999999999982)	(58.0, 57.00000000000011)	(59.0, 55.666666666666764)	(60.0, 9.416666666666666)	(61.0, 2.5)	(62.0, 7.33333333333333)	(63.0, 1.9999999999999998)	(64.0, 0.5833333333333333)	(65.0, 0.25)	(66.0, 0.0)	(67.0, 0.0)	(68.0, 0.0)	(69.0, 0.0)	(70.0, 0.0)	(71.0, 0.0)	(72.0, 0.0)	(73.0, 0.0)	(74.0, 0.0)	(75.0, 0.0)	(76.0, 0.0)	(77.0, 0.0)	(78.0, 0.0)	(79.0, 0.0)	(80.0, 0.0)	(81.0, 0.0)	(82.0, 0.0)	(83.0, 0.0)	(84.0, 0.0)	(85.0, 0.0)	(86.0, 0.0)	(87.0, 0.0)	(88.0, 0.0)	(89.0, 0.0)	(90.0, 0.0)	(91.0, 0.0)	(92.0, 0.0)	(93.0, 0.0)	(94.0, 0.0)	(95.0, 0.0)	(96.0, 0.0)	(97.0, 0.0)	(98.0, 0.0)	(99.0, 0.0)	(100.0, 0.0)
3969R_0_F_S2_week6_S48_L001_R2_001	(0.0, 0.0)	(1.0, 0.0)	(2.0, 0.0)	(3.0, 0.0)	(4.0, 0.0)	(5.0, 0.0)	(6.0, 0.0)	(7.0, 0.0)	(8.0, 0.0)	(9.0, 0.0)	(10.0, 0.0)	(11.0, 0.0)	(12.0, 0.0)	(13.0, 0.0)	(14.0, 0.0)	(15.0, 0.0)	(16.0, 0.0)	(17.0, 0.0)	(18.0, 0.0)	(19.0, 0.0)	(20.0, 0.0)	(21.0, 0.0)	(22.0, 0.0)	(23.0, 0.0)	(24.0, 0.0)	(25.0, 0.0)	(26.0, 0.0)	(27.0, 0.0)	(28.0, 0.0)	(29.0, 0.5)	(30.0, 0.5)	(31.0, 0.0)	(32.0, 0.5)	(33.0, 0.5)	(34.0, 0.5)	(35.0, 1.0)	(36.0, 2.0)	(37.0, 4.0)	(38.0, 5.666666666666666)	(39.0, 8.5)	(40.0, 14.333333333333332)	(41.0, 21.833333333333332)	(42.0, 30.49999999999999)	(43.0, 50.000000000000014)	(44.0, 88.33333333333329)	(45.0, 535.1666666666584)	(46.0, 10692.500000001557)	(47.0, 9807.583333333305)	(48.0, 1017.6666666667018)	(49.0, 541.3333333333285)	(50.0, 477.16666666666066)	(51.0, 2792.7500000001414)	(52.0, 3136.5000000002874)	(53.0, 5240.249999999713)	(54.0, 4380.416666667089)	(55.0, 1283.249999999987)	(56.0, 10063.583333333732)	(57.0, 9630.749999999674)	(58.0, 866.3333333333518)	(59.0, 293.0833333333338)	(60.0, 257.0000000000011)	(61.0, 243.08333333333448)	(62.0, 121.83333333333323)	(63.0, 85.24999999999999)	(64.0, 65.75000000000006)	(65.0, 33.083333333333314)	(66.0, 18.416666666666668)	(67.0, 12.5)	(68.0, 6.25)	(69.0, 3.0)	(70.0, 3.0000000000000004)	(71.0, 4.0)	(72.0, 8.416666666666664)	(73.0, 0.6666666666666666)	(74.0, 0.0)	(75.0, 0.5)	(76.0, 0.5)	(77.0, 0.3333333333333333)	(78.0, 0.3333333333333333)	(79.0, 0.0)	(80.0, 0.0)	(81.0, 0.0)	(82.0, 0.0)	(83.0, 0.0)	(84.0, 0.5)	(85.0, 0.5)	(86.0, 0.0)	(87.0, 0.0)	(88.0, 0.0)	(89.0, 0.0)	(90.0, 0.0)	(91.0, 0.0)	(92.0, 0.0)	(93.0, 0.0)	(94.0, 0.0)	(95.0, 0.0)	(96.0, 0.0)	(97.0, 0.0)	(98.0, 0.3333333333333333)	(99.0, 0.0)	(100.0, 0.0)
3969R_0_F_S2_week7_S49_L001_R1_001	(0.0, 0.0)	(1.0, 0.0)	(2.0, 0.0)	(3.0, 0.0)	(4.0, 0.0)	(5.0, 0.0)	(6.0, 0.0)	(7.0, 0.0)	(8.0, 0.0)	(9.0, 0.0)	(10.0, 0.0)	(11.0, 0.0)	(12.0, 0.0)	(13.0, 0.0)	(14.0, 0.0)	(15.0, 0.0)	(16.0, 0.0)	(17.0, 0.0)	(18.0, 0.0)	(19.0, 0.0)	(20.0, 0.0)	(21.0, 0.0)	(22.0, 0.0)	(23.0, 0.0)	(24.0, 0.0)	(25.0, 0.0)	(26.0, 0.0)	(27.0, 0.0)	(28.0, 0.0)	(29.0, 0.0)	(30.0, 0.0)	(31.0, 0.0)	(32.0, 0.0)	(33.0, 0.3333333333333333)	(34.0, 0.3333333333333333)	(35.0, 0.0)	(36.0, 0.0)	(37.0, 0.0)	(38.0, 0.3333333333333333)	(39.0, 0.8333333333333333)	(40.0, 1.6666666666666665)	(41.0, 4.833333333333333)	(42.0, 12.666666666666668)	(43.0, 39.66666666666667)	(44.0, 104.8333333333333)	(45.0, 166.58333333333334)	(46.0, 433.833333333328)	(47.0, 15325.333333343253)	(48.0, 15968.083333344397)	(49.0, 3374.833333333732)	(50.0, 3479.666666667111)	(51.0, 14999.916666675967)	(52.0, 18087.583333338986)	(53.0, 4605.00000000027)	(54.0, 1102.0000000000257)	(55.0, 303.00000000000017)	(56.0, 72.4166666666667)	(57.0, 27.833333333333318)	(58.0, 53.58333333333343)	(59.0, 50.83333333333341)	(60.0, 5.333333333333333)	(61.0, 2.8333333333333335)	(62.0, 11.833333333333337)	(63.0, 2.333333333333333)	(64.0, 0.3333333333333333)	(65.0, 0.0)	(66.0, 0.0)	(67.0, 0.0)	(68.0, 0.0)	(69.0, 0.0)	(70.0, 0.0)	(71.0, 0.0)	(72.0, 0.0)	(73.0, 0.0)	(74.0, 0.0)	(75.0, 0.0)	(76.0, 0.0)	(77.0, 0.0)	(78.0, 0.0)	(79.0, 0.0)	(80.0, 0.0)	(81.0, 0.0)	(82.0, 0.0)	(83.0, 0.0)	(84.0, 0.0)	(85.0, 0.0)	(86.0, 0.0)	(87.0, 0.0)	(88.0, 0.0)	(89.0, 0.0)	(90.0, 0.0)	(91.0, 0.0)	(92.0, 0.0)	(93.0, 0.0)	(94.0, 0.0)	(95.0, 0.0)	(96.0, 0.0)	(97.0, 0.0)	(98.0, 0.0)	(99.0, 0.0)	(100.0, 0.0)
3969R_0_F_S2_week7_S49_L001_R2_001	(0.0, 0.0)	(1.0, 0.0)	(2.0, 0.0)	(3.0, 0.0)	(4.0, 0.0)	(5.0, 0.0)	(6.0, 0.0)	(7.0, 0.0)	(8.0, 0.0)	(9.0, 0.0)	(10.0, 0.0)	(11.0, 0.0)	(12.0, 0.0)	(13.0, 0.0)	(14.0, 0.0)	(15.0, 0.0)	(16.0, 0.0)	(17.0, 0.0)	(18.0, 0.0)	(19.0, 0.0)	(20.0, 0.0)	(21.0, 0.0)	(22.0, 0.0)	(23.0, 0.0)	(24.0, 0.0)	(25.0, 0.0)	(26.0, 0.0)	(27.0, 0.0)	(28.0, 0.0)	(29.0, 0.0)	(30.0, 0.5)	(31.0, 1.5)	(32.0, 3.0)	(33.0, 3.0)	(34.0, 2.5)	(35.0, 4.0)	(36.0, 6.0)	(37.0, 6.0)	(38.0, 6.5)	(39.0, 12.666666666666666)	(40.0, 18.166666666666664)	(41.0, 24.833333333333336)	(42.0, 35.49999999999999)	(43.0, 62.91666666666672)	(44.0, 130.99999999999966)	(45.0, 1728.4999999998918)	(46.0, 14824.58333334234)	(47.0, 8395.333333330793)	(48.0, 1346.4166666666422)	(49.0, 668.5000000000043)	(50.0, 492.499999999994)	(51.0, 2800.250000000147)	(52.0, 3252.750000000328)	(53.0, 5252.666666666388)	(54.0, 4335.416666667131)	(55.0, 1294.4166666666565)	(56.0, 14003.916666673544)	(57.0, 14199.500000007252)	(58.0, 1046.000000000025)	(59.0, 284.91666666666725)	(60.0, 209.66666666666728)	(61.0, 184.9166666666671)	(62.0, 86.0833333333333)	(63.0, 65.83333333333333)	(64.0, 57.333333333333385)	(65.0, 20.833333333333332)	(66.0, 7.333333333333334)	(67.0, 8.75)	(68.0, 6.75)	(69.0, 4.0)	(70.0, 3.1666666666666665)	(71.0, 3.6666666666666665)	(72.0, 9.833333333333332)	(73.0, 1.6666666666666665)	(74.0, 0.0)	(75.0, 0.0)	(76.0, 0.0)	(77.0, 0.0)	(78.0, 0.0)	(79.0, 0.0)	(80.0, 0.0)	(81.0, 0.0)	(82.0, 0.0)	(83.0, 0.0)	(84.0, 0.0)	(85.0, 0.0)	(86.0, 0.0)	(87.0, 0.0)	(88.0, 0.0)	(89.0, 0.0)	(90.0, 0.0)	(91.0, 0.0)	(92.0, 0.0)	(93.0, 0.0)	(94.0, 0.0)	(95.0, 0.0)	(96.0, 0.0)	(97.0, 0.0)	(98.0, 0.0)	(99.0, 0.0)	(100.0, 0.0)
3969R_0_F_S2_week9_S50_L001_R1_001	(0.0, 0.0)	(1.0, 0.0)	(2.0, 0.0)	(3.0, 0.0)	(4.0, 0.0)	(5.0, 0.0)	(6.0, 0.0)	(7.0, 0.0)	(8.0, 0.0)	(9.0, 0.0)	(10.0, 0.0)	(11.0, 0.0)	(12.0, 0.0)	(13.0, 0.0)	(14.0, 0.0)	(15.0, 0.0)	(16.0, 0.0)	(17.0, 0.0)	(18.0, 0.0)	(19.0, 0.0)	(20.0, 0.0)	(21.0, 0.0)	(22.0, 0.0)	(23.0, 0.0)	(24.0, 0.0)	(25.0, 0.0)	(26.0, 0.0)	(27.0, 0.0)	(28.0, 0.0)	(29.0, 0.0)	(30.0, 0.0)	(31.0, 0.0)	(32.0, 0.0)	(33.0, 0.0)	(34.0, 0.0)	(35.0, 0.0)	(36.0, 0.0)	(37.0, 0.0)	(38.0, 0.6666666666666666)	(39.0, 0.5)	(40.0, 2.333333333333333)	(41.0, 5.166666666666666)	(42.0, 8.333333333333334)	(43.0, 28.75)	(44.0, 66.16666666666669)	(45.0, 95.9166666666666)	(46.0, 328.4999999999989)	(47.0, 13977.583333340837)	(48.0, 15235.250000009773)	(49.0, 3792.916666667262)	(50.0, 3652.1666666672004)	(51.0, 7135.333333331337)	(52.0, 10386.166666667663)	(53.0, 4524.333333333681)	(54.0, 1071.5000000000343)	(55.0, 215.6666666666683)	(56.0, 48.83333333333337)	(57.0, 17.166666666666668)	(58.0, 34.41666666666664)	(59.0, 32.66666666666663)	(60.0, 3.083333333333333)	(61.0, 0.75)	(62.0, 12.333333333333337)	(63.0, 3.8333333333333335)	(64.0, 2.1666666666666665)	(65.0, 0.3333333333333333)	(66.0, 0.0)	(67.0, 0.0)	(68.0, 0.0)	(69.0, 0.0)	(70.0, 0.0)	(71.0, 0.0)	(72.0, 0.0)	(73.0, 0.0)	(74.0, 0.0)	(75.0, 0.0)	(76.0, 0.0)	(77.0, 0.0)	(78.0, 0.0)	(79.0, 0.0)	(80.0, 0.0)	(81.0, 0.0)	(82.0, 0.0)	(83.0, 0.0)	(84.0, 0.0)	(85.0, 0.0)	(86.0, 0.0)	(87.0, 0.0)	(88.0, 0.0)	(89.0, 0.0)	(90.0, 0.0)	(91.0, 0.0)	(92.0, 0.0)	(93.0, 0.0)	(94.0, 0.0)	(95.0, 0.0)	(96.0, 0.0)	(97.0, 0.0)	(98.0, 0.0)	(99.0, 0.0)	(100.0, 0.0)
3969R_0_F_S2_week9_S50_L001_R2_001	(0.0, 0.0)	(1.0, 0.0)	(2.0, 0.0)	(3.0, 0.0)	(4.0, 0.0)	(5.0, 0.0)	(6.0, 0.0)	(7.0, 0.0)	(8.0, 0.0)	(9.0, 0.0)	(10.0, 0.0)	(11.0, 0.0)	(12.0, 0.0)	(13.0, 0.0)	(14.0, 0.0)	(15.0, 0.0)	(16.0, 0.0)	(17.0, 0.0)	(18.0, 0.0)	(19.0, 0.0)	(20.0, 0.0)	(21.0, 0.0)	(22.0, 0.0)	(23.0, 0.0)	(24.0, 0.0)	(25.0, 0.0)	(26.0, 0.0)	(27.0, 0.0)	(28.0, 0.5)	(29.0, 0.5)	(30.0, 0.5)	(31.0, 1.0)	(32.0, 1.5)	(33.0, 1.5)	(34.0, 1.5)	(35.0, 2.0)	(36.0, 3.5)	(37.0, 7.0)	(38.0, 9.833333333333332)	(39.0, 13.0)	(40.0, 14.166666666666668)	(41.0, 20.083333333333336)	(42.0, 27.24999999999999)	(43.0, 43.00000000000001)	(44.0, 86.33333333333326)	(45.0, 1517.6666666666029)	(46.0, 13488.000000006617)	(47.0, 7734.749999997479)	(48.0, 1097.8333333333585)	(49.0, 524.0833333333273)	(50.0, 388.33333333333036)	(51.0, 2790.0833333334763)	(52.0, 3288.3333333336873)	(53.0, 6217.499999998868)	(54.0, 5041.999999999896)	(55.0, 914.5833333333559)	(56.0, 6908.083333331683)	(57.0, 6747.666666665146)	(58.0, 497.5833333333268)	(59.0, 147.74999999999991)	(60.0, 112.66666666666646)	(61.0, 103.74999999999979)	(62.0, 54.500000000000036)	(63.0, 42.16666666666667)	(64.0, 35.41666666666666)	(65.0, 15.58333333333334)	(66.0, 7.499999999999999)	(67.0, 6.833333333333334)	(68.0, 4.166666666666666)	(69.0, 0.3333333333333333)	(70.0, 2.333333333333333)	(71.0, 3.166666666666667)	(72.0, 10.0)	(73.0, 4.166666666666667)	(74.0, 0.0)	(75.0, 0.5)	(76.0, 0.5)	(77.0, 0.0)	(78.0, 0.0)	(79.0, 0.0)	(80.0, 0.0)	(81.0, 0.0)	(82.0, 0.0)	(83.0, 0.0)	(84.0, 0.0)	(85.0, 0.0)	(86.0, 0.0)	(87.0, 0.0)	(88.0, 0.0)	(89.0, 0.3333333333333333)	(90.0, 0.6666666666666666)	(91.0, 0.3333333333333333)	(92.0, 0.0)	(93.0, 0.0)	(94.0, 0.0)	(95.0, 0.0)	(96.0, 0.0)	(97.0, 0.0)	(98.0, 0.0)	(99.0, 0.0)	(100.0, 0.0)
3971R_L_F_NS1_week5_S9_L001_R1_001	(0.0, 0.0)	(1.0, 0.0)	(2.0, 0.0)	(3.0, 0.0)	(4.0, 0.0)	(5.0, 0.0)	(6.0, 0.0)	(7.0, 0.0)	(8.0, 0.0)	(9.0, 0.0)	(10.0, 0.0)	(11.0, 0.0)	(12.0, 0.0)	(13.0, 0.0)	(14.0, 0.0)	(15.0, 0.0)	(16.0, 0.0)	(17.0, 0.0)	(18.0, 0.0)	(19.0, 0.0)	(20.0, 0.0)	(21.0, 0.0)	(22.0, 0.0)	(23.0, 0.0)	(24.0, 0.0)	(25.0, 0.0)	(26.0, 0.0)	(27.0, 0.0)	(28.0, 0.0)	(29.0, 0.0)	(30.0, 0.0)	(31.0, 0.0)	(32.0, 0.0)	(33.0, 0.0)	(34.0, 0.0)	(35.0, 0.75)	(36.0, 1.0)	(37.0, 1.0)	(38.0, 1.0)	(39.0, 2.0)	(40.0, 4.333333333333333)	(41.0, 8.166666666666666)	(42.0, 22.833333333333336)	(43.0, 54.00000000000001)	(44.0, 130.66666666666666)	(45.0, 210.33333333333394)	(46.0, 498.083333333325)	(47.0, 7508.583333331014)	(48.0, 18383.25000000463)	(49.0, 2466.5000000000055)	(50.0, 1086.3333333333617)	(51.0, 8321.999999997302)	(52.0, 10805.166666668405)	(53.0, 5099.333333333176)	(54.0, 2926.2500000002065)	(55.0, 657.8333333333377)	(56.0, 106.74999999999973)	(57.0, 34.24999999999999)	(58.0, 14.083333333333337)	(59.0, 16.83333333333334)	(60.0, 7.333333333333331)	(61.0, 12.583333333333337)	(62.0, 73.75000000000003)	(63.0, 17.750000000000004)	(64.0, 4.666666666666666)	(65.0, 1.833333333333333)	(66.0, 0.3333333333333333)	(67.0, 0.5)	(68.0, 1.0)	(69.0, 0.5)	(70.0, 0.0)	(71.0, 0.0)	(72.0, 0.0)	(73.0, 0.0)	(74.0, 0.0)	(75.0, 0.0)	(76.0, 0.0)	(77.0, 0.0)	(78.0, 0.0)	(79.0, 0.0)	(80.0, 0.0)	(81.0, 0.0)	(82.0, 0.0)	(83.0, 0.0)	(84.0, 0.0)	(85.0, 0.0)	(86.0, 0.0)	(87.0, 0.0)	(88.0, 0.0)	(89.0, 0.0)	(90.0, 0.0)	(91.0, 0.0)	(92.0, 0.0)	(93.0, 0.0)	(94.0, 0.0)	(95.0, 0.0)	(96.0, 0.0)	(97.0, 0.0)	(98.0, 0.0)	(99.0, 0.0)	(100.0, 0.0)
3971R_L_F_NS1_week5_S9_L001_R2_001	(0.0, 0.0)	(1.0, 0.0)	(2.0, 0.0)	(3.0, 0.0)	(4.0, 0.0)	(5.0, 0.0)	(6.0, 0.0)	(7.0, 0.0)	(8.0, 0.0)	(9.0, 0.0)	(10.0, 0.0)	(11.0, 0.0)	(12.0, 0.0)	(13.0, 0.0)	(14.0, 0.0)	(15.0, 0.0)	(16.0, 0.0)	(17.0, 0.0)	(18.0, 0.0)	(19.0, 0.0)	(20.0, 0.0)	(21.0, 0.0)	(22.0, 0.0)	(23.0, 0.0)	(24.0, 0.0)	(25.0, 0.0)	(26.0, 0.0)	(27.0, 0.0)	(28.0, 0.5)	(29.0, 0.5)	(30.0, 0.0)	(31.0, 0.5)	(32.0, 1.5)	(33.0, 1.5)	(34.0, 2.0)	(35.0, 1.5)	(36.0, 5.0)	(37.0, 12.0)	(38.0, 15.666666666666668)	(39.0, 20.166666666666664)	(40.0, 25.333333333333332)	(41.0, 34.5)	(42.0, 51.333333333333336)	(43.0, 68.00000000000003)	(44.0, 105.58333333333321)	(45.0, 462.4166666666592)	(46.0, 4441.916666667084)	(47.0, 3465.3333333337573)	(48.0, 6316.666666665462)	(49.0, 12383.833333337845)	(50.0, 1617.0833333332637)	(51.0, 2315.083333333283)	(52.0, 2460.250000000004)	(53.0, 3370.750000000372)	(54.0, 3649.833333333807)	(55.0, 1122.9166666666806)	(56.0, 8770.999999998274)	(57.0, 8122.666666664021)	(58.0, 739.7500000000086)	(59.0, 256.08333333333417)	(60.0, 222.8333333333339)	(61.0, 192.83333333333363)	(62.0, 85.50000000000001)	(63.0, 59.91666666666667)	(64.0, 38.333333333333336)	(65.0, 18.666666666666664)	(66.0, 13.166666666666668)	(67.0, 22.333333333333332)	(68.0, 19.0)	(69.0, 7.833333333333333)	(70.0, 6.666666666666665)	(71.0, 17.83333333333334)	(72.0, 60.000000000000156)	(73.0, 13.500000000000007)	(74.0, 0.3333333333333333)	(75.0, 0.0)	(76.0, 0.0)	(77.0, 0.8333333333333333)	(78.0, 1.0)	(79.0, 0.5)	(80.0, 0.0)	(81.0, 0.0)	(82.0, 0.0)	(83.0, 0.0)	(84.0, 0.8333333333333333)	(85.0, 0.8333333333333333)	(86.0, 0.0)	(87.0, 0.0)	(88.0, 0.0)	(89.0, 0.5)	(90.0, 0.5)	(91.0, 0.0)	(92.0, 0.0)	(93.0, 0.0)	(94.0, 0.0)	(95.0, 0.0)	(96.0, 0.0)	(97.0, 0.0)	(98.0, 0.0)	(99.0, 0.0)	(100.0, 0.3333333333333333)
3971R_L_F_NS1_week6_S10_L001_R1_001	(0.0, 0.0)	(1.0, 0.0)	(2.0, 0.0)	(3.0, 0.0)	(4.0, 0.0)	(5.0, 0.0)	(6.0, 0.0)	(7.0, 0.0)	(8.0, 0.0)	(9.0, 0.0)	(10.0, 0.0)	(11.0, 0.0)	(12.0, 0.0)	(13.0, 0.0)	(14.0, 0.0)	(15.0, 0.0)	(16.0, 0.0)	(17.0, 0.0)	(18.0, 0.0)	(19.0, 0.0)	(20.0, 0.0)	(21.0, 0.0)	(22.0, 0.0)	(23.0, 0.0)	(24.0, 0.0)	(25.0, 0.0)	(26.0, 0.0)	(27.0, 0.0)	(28.0, 0.0)	(29.0, 0.0)	(30.0, 0.0)	(31.0, 0.0)	(32.0, 0.0)	(33.0, 0.0)	(34.0, 0.0)	(35.0, 0.0)	(36.0, 0.0)	(37.0, 0.0)	(38.0, 0.3333333333333333)	(39.0, 0.0)	(40.0, 2.0)	(41.0, 5.0)	(42.0, 9.5)	(43.0, 28.75)	(44.0, 86.91666666666664)	(45.0, 150.5833333333334)	(46.0, 421.4166666666615)	(47.0, 8051.166666663841)	(48.0, 16199.250000011529)	(49.0, 2317.4999999999386)	(50.0, 1342.6666666666429)	(51.0, 9603.999999999582)	(52.0, 12071.4166666707)	(53.0, 4120.166666667364)	(54.0, 1776.8333333332134)	(55.0, 648.3333333333372)	(56.0, 81.66666666666657)	(57.0, 23.583333333333314)	(58.0, 15.83333333333334)	(59.0, 22.916666666666654)	(60.0, 7.999999999999999)	(61.0, 13.500000000000004)	(62.0, 100.833333333333)	(63.0, 17.250000000000007)	(64.0, 5.833333333333333)	(65.0, 4.833333333333334)	(66.0, 1.0)	(67.0, 0.0)	(68.0, 0.25)	(69.0, 0.0)	(70.0, 0.0)	(71.0, 0.0)	(72.0, 0.0)	(73.0, 0.0)	(74.0, 0.0)	(75.0, 0.0)	(76.0, 0.0)	(77.0, 0.0)	(78.0, 0.0)	(79.0, 0.0)	(80.0, 0.0)	(81.0, 0.0)	(82.0, 0.0)	(83.0, 0.0)	(84.0, 0.0)	(85.0, 0.0)	(86.0, 0.0)	(87.0, 0.0)	(88.0, 0.0)	(89.0, 0.0)	(90.0, 0.0)	(91.0, 0.0)	(92.0, 0.0)	(93.0, 0.0)	(94.0, 0.0)	(95.0, 0.0)	(96.0, 0.0)	(97.0, 0.0)	(98.0, 0.0)	(99.0, 0.0)	(100.0, 0.0)
3971R_L_F_NS1_week6_S10_L001_R2_001	(0.0, 0.0)	(1.0, 0.0)	(2.0, 0.0)	(3.0, 0.0)	(4.0, 0.0)	(5.0, 0.0)	(6.0, 0.0)	(7.0, 0.0)	(8.0, 0.0)	(9.0, 0.0)	(10.0, 0.0)	(11.0, 0.0)	(12.0, 0.0)	(13.0, 0.0)	(14.0, 0.0)	(15.0, 0.0)	(16.0, 0.0)	(17.0, 0.0)	(18.0, 0.0)	(19.0, 0.0)	(20.0, 0.0)	(21.0, 0.0)	(22.0, 0.0)	(23.0, 0.0)	(24.0, 0.0)	(25.0, 0.0)	(26.0, 0.0)	(27.0, 0.0)	(28.0, 0.0)	(29.0, 0.0)	(30.0, 0.0)	(31.0, 0.0)	(32.0, 0.5)	(33.0, 1.5)	(34.0, 2.5)	(35.0, 4.0)	(36.0, 7.5)	(37.0, 9.333333333333334)	(38.0, 8.333333333333334)	(39.0, 13.5)	(40.0, 19.999999999999996)	(41.0, 22.333333333333332)	(42.0, 38.0)	(43.0, 64.16666666666671)	(44.0, 97.08333333333327)	(45.0, 468.16666666665895)	(46.0, 5358.083333332941)	(47.0, 4240.666666667251)	(48.0, 5564.499999999426)	(49.0, 9167.91666666553)	(50.0, 1155.500000000011)	(51.0, 2096.999999999855)	(52.0, 2281.666666666594)	(53.0, 3262.5000000003324)	(54.0, 3769.500000000534)	(55.0, 1026.5833333333608)	(56.0, 9022.999999998696)	(57.0, 9032.499999998696)	(58.0, 750.8333333333424)	(59.0, 231.1666666666674)	(60.0, 172.41666666666694)	(61.0, 169.75000000000023)	(62.0, 73.66666666666669)	(63.0, 44.25000000000001)	(64.0, 35.75)	(65.0, 16.833333333333336)	(66.0, 14.333333333333334)	(67.0, 23.333333333333332)	(68.0, 21.833333333333332)	(69.0, 10.333333333333332)	(70.0, 9.5)	(71.0, 20.0)	(72.0, 80.66666666666661)	(73.0, 19.833333333333332)	(74.0, 2.5)	(75.0, 1.0)	(76.0, 0.0)	(77.0, 0.5)	(78.0, 0.5)	(79.0, 0.0)	(80.0, 0.3333333333333333)	(81.0, 0.3333333333333333)	(82.0, 0.0)	(83.0, 0.5)	(84.0, 0.5)	(85.0, 0.0)	(86.0, 0.0)	(87.0, 0.0)	(88.0, 0.0)	(89.0, 0.0)	(90.0, 0.0)	(91.0, 0.0)	(92.0, 0.0)	(93.0, 0.0)	(94.0, 0.0)	(95.0, 0.0)	(96.0, 0.0)	(97.0, 0.0)	(98.0, 0.0)	(99.0, 0.0)	(100.0, 0.0)
3971R_L_F_NS1_week7_S11_L001_R1_001	(0.0, 0.0)	(1.0, 0.0)	(2.0, 0.0)	(3.0, 0.0)	(4.0, 0.0)	(5.0, 0.0)	(6.0, 0.0)	(7.0, 0.0)	(8.0, 0.0)	(9.0, 0.0)	(10.0, 0.0)	(11.0, 0.0)	(12.0, 0.0)	(13.0, 0.0)	(14.0, 0.0)	(15.0, 0.0)	(16.0, 0.0)	(17.0, 0.0)	(18.0, 0.0)	(19.0, 0.0)	(20.0, 0.0)	(21.0, 0.0)	(22.0, 0.0)	(23.0, 0.0)	(24.0, 0.0)	(25.0, 0.0)	(26.0, 0.0)	(27.0, 0.0)	(28.0, 0.0)	(29.0, 0.0)	(30.0, 0.0)	(31.0, 0.0)	(32.0, 0.0)	(33.0, 0.0)	(34.0, 0.0)	(35.0, 0.0)	(36.0, 0.0)	(37.0, 0.0)	(38.0, 0.0)	(39.0, 0.5)	(40.0, 1.5)	(41.0, 2.9166666666666665)	(42.0, 5.916666666666666)	(43.0, 25.583333333333332)	(44.0, 70.91666666666667)	(45.0, 133.0833333333331)	(46.0, 440.4166666666599)	(47.0, 7885.916666663983)	(48.0, 14786.583333342316)	(49.0, 2360.3333333332903)	(50.0, 1147.0000000000168)	(51.0, 8050.249999997179)	(52.0, 10355.833333334293)	(53.0, 3610.583333333845)	(54.0, 1539.6666666665983)	(55.0, 569.8333333333284)	(56.0, 64.58333333333347)	(57.0, 18.25)	(58.0, 15.250000000000007)	(59.0, 25.58333333333331)	(60.0, 6.916666666666665)	(61.0, 11.416666666666668)	(62.0, 115.74999999999946)	(63.0, 22.49999999999999)	(64.0, 4.166666666666667)	(65.0, 1.3333333333333333)	(66.0, 0.8333333333333333)	(67.0, 0.8333333333333333)	(68.0, 0.3333333333333333)	(69.0, 0.0)	(70.0, 0.0)	(71.0, 0.0)	(72.0, 0.0)	(73.0, 0.0)	(74.0, 0.0)	(75.0, 0.0)	(76.0, 0.0)	(77.0, 0.0)	(78.0, 0.0)	(79.0, 0.0)	(80.0, 0.0)	(81.0, 0.0)	(82.0, 0.0)	(83.0, 0.0)	(84.0, 0.0)	(85.0, 0.0)	(86.0, 0.0)	(87.0, 0.0)	(88.0, 0.0)	(89.0, 0.0)	(90.0, 0.0)	(91.0, 0.0)	(92.0, 0.0)	(93.0, 0.0)	(94.0, 0.0)	(95.0, 0.0)	(96.0, 0.0)	(97.0, 0.0)	(98.0, 0.0)	(99.0, 0.0)	(100.0, 0.0)
3971R_L_F_NS1_week7_S11_L001_R2_001	(0.0, 0.0)	(1.0, 0.0)	(2.0, 0.0)	(3.0, 0.0)	(4.0, 0.0)	(5.0, 0.0)	(6.0, 0.0)	(7.0, 0.0)	(8.0, 0.0)	(9.0, 0.0)	(10.0, 0.0)	(11.0, 0.0)	(12.0, 0.0)	(13.0, 0.0)	(14.0, 0.0)	(15.0, 0.0)	(16.0, 0.0)	(17.0, 0.0)	(18.0, 0.0)	(19.0, 0.0)	(20.0, 0.5)	(21.0, 0.5)	(22.0, 0.0)	(23.0, 0.0)	(24.0, 0.0)	(25.0, 0.0)	(26.0, 0.0)	(27.0, 0.0)	(28.0, 0.0)	(29.0, 0.0)	(30.0, 0.0)	(31.0, 0.0)	(32.0, 0.0)	(33.0, 0.5)	(34.0, 1.5)	(35.0, 3.0)	(36.0, 4.5)	(37.0, 4.0)	(38.0, 6.5)	(39.0, 15.833333333333332)	(40.0, 20.5)	(41.0, 27.666666666666668)	(42.0, 36.666666666666664)	(43.0, 41.333333333333336)	(44.0, 70.08333333333336)	(45.0, 414.49999999999477)	(46.0, 5146.999999999791)	(47.0, 4383.666666667129)	(48.0, 5460.41666666619)	(49.0, 7852.33333333076)	(50.0, 1008.5000000000351)	(51.0, 2537.250000000035)	(52.0, 2819.0833333334863)	(53.0, 2661.8333333334144)	(54.0, 2847.50000000016)	(55.0, 746.5833333333431)	(56.0, 7643.166666664398)	(57.0, 7646.9999999977135)	(58.0, 555.6666666666628)	(59.0, 183.00000000000023)	(60.0, 154.0833333333334)	(61.0, 138.66666666666646)	(62.0, 57.083333333333364)	(63.0, 37.0)	(64.0, 36.33333333333333)	(65.0, 16.750000000000004)	(66.0, 12.333333333333334)	(67.0, 22.166666666666668)	(68.0, 21.166666666666664)	(69.0, 11.333333333333334)	(70.0, 11.333333333333334)	(71.0, 18.500000000000004)	(72.0, 92.49999999999977)	(73.0, 24.16666666666665)	(74.0, 1.3333333333333333)	(75.0, 0.5)	(76.0, 0.0)	(77.0, 0.0)	(78.0, 0.0)	(79.0, 0.0)	(80.0, 0.0)	(81.0, 0.0)	(82.0, 0.0)	(83.0, 0.0)	(84.0, 0.0)	(85.0, 0.0)	(86.0, 0.0)	(87.0, 0.0)	(88.0, 0.0)	(89.0, 0.0)	(90.0, 0.0)	(91.0, 0.0)	(92.0, 0.0)	(93.0, 0.0)	(94.0, 0.0)	(95.0, 0.0)	(96.0, 0.0)	(97.0, 0.0)	(98.0, 0.0)	(99.0, 0.0)	(100.0, 0.0)
3971R_L_F_NS1_week9_S12_L001_R1_001	(0.0, 0.0)	(1.0, 0.0)	(2.0, 0.0)	(3.0, 0.0)	(4.0, 0.0)	(5.0, 0.0)	(6.0, 0.0)	(7.0, 0.0)	(8.0, 0.0)	(9.0, 0.0)	(10.0, 0.0)	(11.0, 0.0)	(12.0, 0.0)	(13.0, 0.0)	(14.0, 0.0)	(15.0, 0.0)	(16.0, 0.0)	(17.0, 0.0)	(18.0, 0.0)	(19.0, 0.0)	(20.0, 0.0)	(21.0, 0.0)	(22.0, 0.0)	(23.0, 0.0)	(24.0, 0.0)	(25.0, 0.0)	(26.0, 0.0)	(27.0, 0.0)	(28.0, 0.0)	(29.0, 0.0)	(30.0, 0.0)	(31.0, 0.0)	(32.0, 0.0)	(33.0, 0.0)	(34.0, 0.0)	(35.0, 0.3333333333333333)	(36.0, 0.3333333333333333)	(37.0, 0.3333333333333333)	(38.0, 0.0)	(39.0, 0.8333333333333333)	(40.0, 2.333333333333333)	(41.0, 6.333333333333333)	(42.0, 11.500000000000002)	(43.0, 30.916666666666668)	(44.0, 89.8333333333333)	(45.0, 194.75000000000037)	(46.0, 596.9999999999978)	(47.0, 9599.416666666246)	(48.0, 16614.00000001104)	(49.0, 2726.666666666785)	(50.0, 1204.1666666666724)	(51.0, 6021.749999998992)	(52.0, 10104.083333333827)	(53.0, 5244.416666666374)	(54.0, 1159.916666666682)	(55.0, 548.9166666666594)	(56.0, 58.16666666666677)	(57.0, 11.583333333333337)	(58.0, 14.416666666666673)	(59.0, 29.333333333333297)	(60.0, 6.333333333333332)	(61.0, 14.000000000000005)	(62.0, 102.66666666666629)	(63.0, 20.16666666666666)	(64.0, 6.416666666666665)	(65.0, 4.916666666666666)	(66.0, 0.8333333333333333)	(67.0, 0.0)	(68.0, 0.0)	(69.0, 0.0)	(70.0, 0.0)	(71.0, 0.0)	(72.0, 0.0)	(73.0, 0.0)	(74.0, 0.0)	(75.0, 0.0)	(76.0, 0.0)	(77.0, 0.0)	(78.0, 0.0)	(79.0, 0.0)	(80.0, 0.0)	(81.0, 0.0)	(82.0, 0.0)	(83.0, 0.0)	(84.0, 0.0)	(85.0, 0.0)	(86.0, 0.0)	(87.0, 0.0)	(88.0, 0.0)	(89.0, 0.0)	(90.0, 0.0)	(91.0, 0.0)	(92.0, 0.0)	(93.0, 0.0)	(94.0, 0.0)	(95.0, 0.0)	(96.0, 0.0)	(97.0, 0.0)	(98.0, 0.0)	(99.0, 0.0)	(100.0, 0.0)
3971R_L_F_NS1_week9_S12_L001_R2_001	(0.0, 0.0)	(1.0, 0.0)	(2.0, 0.0)	(3.0, 0.0)	(4.0, 0.0)	(5.0, 0.0)	(6.0, 0.0)	(7.0, 0.0)	(8.0, 0.0)	(9.0, 0.0)	(10.0, 0.0)	(11.0, 0.0)	(12.0, 0.0)	(13.0, 0.0)	(14.0, 0.0)	(15.0, 0.0)	(16.0, 0.0)	(17.0, 0.0)	(18.0, 0.0)	(19.0, 0.0)	(20.0, 0.0)	(21.0, 0.0)	(22.0, 0.0)	(23.0, 0.0)	(24.0, 0.5)	(25.0, 0.5)	(26.0, 0.0)	(27.0, 0.0)	(28.0, 0.0)	(29.0, 0.5)	(30.0, 1.0)	(31.0, 0.5)	(32.0, 0.5)	(33.0, 3.0)	(34.0, 4.5)	(35.0, 5.0)	(36.0, 3.5)	(37.0, 4.5)	(38.0, 11.0)	(39.0, 12.666666666666666)	(40.0, 18.666666666666668)	(41.0, 23.999999999999996)	(42.0, 32.58333333333333)	(43.0, 47.833333333333336)	(44.0, 76.00000000000003)	(45.0, 476.4999999999918)	(46.0, 6043.583333332319)	(47.0, 5213.166666666395)	(48.0, 6285.999999998808)	(49.0, 8971.916666665176)	(50.0, 1093.8333333333562)	(51.0, 2413.166666666653)	(52.0, 2840.416666666833)	(53.0, 4339.166666667167)	(54.0, 4538.000000000325)	(55.0, 758.5833333333443)	(56.0, 5727.999999999315)	(57.0, 5746.666666665965)	(58.0, 431.58333333332916)	(59.0, 152.4166666666666)	(60.0, 136.91666666666652)	(61.0, 130.66666666666637)	(62.0, 59.833333333333364)	(63.0, 31.83333333333333)	(64.0, 32.16666666666664)	(65.0, 20.499999999999993)	(66.0, 12.166666666666666)	(67.0, 19.833333333333336)	(68.0, 19.666666666666664)	(69.0, 11.333333333333332)	(70.0, 8.33333333333333)	(71.0, 20.99999999999999)	(72.0, 82.16666666666659)	(73.0, 21.33333333333333)	(74.0, 1.1666666666666665)	(75.0, 0.5)	(76.0, 0.0)	(77.0, 0.0)	(78.0, 0.0)	(79.0, 0.0)	(80.0, 0.0)	(81.0, 0.0)	(82.0, 0.0)	(83.0, 0.0)	(84.0, 0.0)	(85.0, 0.0)	(86.0, 0.3333333333333333)	(87.0, 0.3333333333333333)	(88.0, 0.0)	(89.0, 0.0)	(90.0, 0.0)	(91.0, 0.3333333333333333)	(92.0, 0.0)	(93.0, 0.0)	(94.0, 0.0)	(95.0, 0.0)	(96.0, 0.0)	(97.0, 0.0)	(98.0, 0.0)	(99.0, 0.0)	(100.0, 0.5)
3975R_0_F_NS1_week9_S13_L001_R1_001	(0.0, 0.0)	(1.0, 0.0)	(2.0, 0.0)	(3.0, 0.0)	(4.0, 0.0)	(5.0, 0.0)	(6.0, 0.0)	(7.0, 0.0)	(8.0, 0.0)	(9.0, 0.0)	(10.0, 0.0)	(11.0, 0.0)	(12.0, 0.0)	(13.0, 0.0)	(14.0, 0.0)	(15.0, 0.0)	(16.0, 0.0)	(17.0, 0.0)	(18.0, 0.0)	(19.0, 0.0)	(20.0, 0.0)	(21.0, 0.0)	(22.0, 0.0)	(23.0, 0.0)	(24.0, 0.0)	(25.0, 0.0)	(26.0, 0.0)	(27.0, 0.0)	(28.0, 0.5)	(29.0, 1.0)	(30.0, 0.5)	(31.0, 0.3333333333333333)	(32.0, 0.3333333333333333)	(33.0, 0.0)	(34.0, 0.5)	(35.0, 0.5)	(36.0, 0.0)	(37.0, 0.5)	(38.0, 1.3333333333333333)	(39.0, 3.0)	(40.0, 6.583333333333333)	(41.0, 13.75)	(42.0, 31.666666666666668)	(43.0, 60.5)	(44.0, 138.83333333333326)	(45.0, 353.4999999999987)	(46.0, 1189.5000000000086)	(47.0, 14361.500000008185)	(48.0, 20940.999999995376)	(49.0, 4556.41666666699)	(50.0, 1965.8333333331734)	(51.0, 7551.3333333309665)	(52.0, 10341.083333334263)	(53.0, 3894.333333333967)	(54.0, 1219.4166666666688)	(55.0, 646.250000000003)	(56.0, 68.91666666666677)	(57.0, 17.66666666666667)	(58.0, 12.333333333333336)	(59.0, 17.583333333333336)	(60.0, 8.499999999999998)	(61.0, 19.250000000000004)	(62.0, 127.99999999999929)	(63.0, 28.41666666666664)	(64.0, 6.083333333333332)	(65.0, 4.166666666666666)	(66.0, 2.333333333333333)	(67.0, 1.5)	(68.0, 0.5)	(69.0, 0.0)	(70.0, 0.0)	(71.0, 0.0)	(72.0, 0.0)	(73.0, 0.0)	(74.0, 0.0)	(75.0, 0.0)	(76.0, 0.0)	(77.0, 0.0)	(78.0, 0.0)	(79.0, 0.0)	(80.0, 0.0)	(81.0, 0.0)	(82.0, 0.0)	(83.0, 0.0)	(84.0, 0.0)	(85.0, 0.0)	(86.0, 0.0)	(87.0, 0.0)	(88.0, 0.0)	(89.0, 0.0)	(90.0, 0.0)	(91.0, 0.0)	(92.0, 0.0)	(93.0, 0.0)	(94.0, 0.0)	(95.0, 0.0)	(96.0, 0.0)	(97.0, 0.0)	(98.0, 0.0)	(99.0, 0.0)	(100.0, 0.0)
3975R_0_F_NS1_week9_S13_L001_R2_001	(0.0, 0.0)	(1.0, 0.0)	(2.0, 0.0)	(3.0, 0.0)	(4.0, 0.0)	(5.0, 0.0)	(6.0, 0.0)	(7.0, 0.0)	(8.0, 0.0)	(9.0, 0.0)	(10.0, 0.0)	(11.0, 0.0)	(12.0, 0.0)	(13.0, 0.0)	(14.0, 0.0)	(15.0, 0.0)	(16.0, 0.0)	(17.0, 0.0)	(18.0, 0.0)	(19.0, 0.0)	(20.0, 0.0)	(21.0, 0.0)	(22.0, 0.0)	(23.0, 0.0)	(24.0, 0.0)	(25.0, 0.0)	(26.0, 0.0)	(27.0, 0.0)	(28.0, 0.5)	(29.0, 1.5)	(30.0, 1.5)	(31.0, 2.0)	(32.0, 3.5)	(33.0, 4.0)	(34.0, 4.5)	(35.0, 6.0)	(36.0, 8.0)	(37.0, 15.5)	(38.0, 19.5)	(39.0, 23.75)	(40.0, 31.583333333333332)	(41.0, 38.166666666666664)	(42.0, 53.83333333333335)	(43.0, 85.74999999999996)	(44.0, 148.9166666666666)	(45.0, 837.0833333333551)	(46.0, 8752.999999998081)	(47.0, 7983.333333330643)	(48.0, 9530.91666666616)	(49.0, 8998.166666665238)	(50.0, 1280.0833333333242)	(51.0, 2240.8333333332525)	(52.0, 2534.916666666702)	(53.0, 4944.916666666636)	(54.0, 5151.416666666462)	(55.0, 976.0000000000254)	(56.0, 7066.83333333159)	(57.0, 7197.833333331467)	(58.0, 591.9999999999993)	(59.0, 188.5000000000003)	(60.0, 153.66666666666669)	(61.0, 126.58333333333304)	(62.0, 51.83333333333335)	(63.0, 31.166666666666657)	(64.0, 21.999999999999996)	(65.0, 15.166666666666664)	(66.0, 15.333333333333334)	(67.0, 24.666666666666664)	(68.0, 23.33333333333333)	(69.0, 9.5)	(70.0, 13.000000000000004)	(71.0, 25.83333333333331)	(72.0, 108.33333333333289)	(73.0, 26.99999999999997)	(74.0, 1.0)	(75.0, 1.3333333333333333)	(76.0, 1.1666666666666665)	(77.0, 1.0)	(78.0, 0.5)	(79.0, 0.0)	(80.0, 0.3333333333333333)	(81.0, 0.3333333333333333)	(82.0, 0.0)	(83.0, 0.0)	(84.0, 0.0)	(85.0, 0.0)	(86.0, 0.6666666666666666)	(87.0, 0.3333333333333333)	(88.0, 0.0)	(89.0, 0.0)	(90.0, 0.0)	(91.0, 0.3333333333333333)	(92.0, 0.3333333333333333)	(93.0, 0.0)	(94.0, 0.0)	(95.0, 0.0)	(96.0, 0.0)	(97.0, 0.0)	(98.0, 0.0)	(99.0, 0.3333333333333333)	(100.0, 1.0)
3975R_R_F_NS1_week5_S14_L001_R1_001	(0.0, 0.0)	(1.0, 0.0)	(2.0, 0.0)	(3.0, 0.0)	(4.0, 0.0)	(5.0, 0.0)	(6.0, 0.0)	(7.0, 0.0)	(8.0, 0.0)	(9.0, 0.0)	(10.0, 0.0)	(11.0, 0.0)	(12.0, 0.0)	(13.0, 0.0)	(14.0, 0.0)	(15.0, 0.0)	(16.0, 0.0)	(17.0, 0.0)	(18.0, 0.0)	(19.0, 0.0)	(20.0, 0.0)	(21.0, 0.0)	(22.0, 0.0)	(23.0, 0.0)	(24.0, 0.0)	(25.0, 0.0)	(26.0, 0.0)	(27.0, 0.0)	(28.0, 0.0)	(29.0, 0.0)	(30.0, 0.0)	(31.0, 0.0)	(32.0, 0.0)	(33.0, 0.5)	(34.0, 0.5)	(35.0, 1.5)	(36.0, 2.0)	(37.0, 0.5)	(38.0, 0.8333333333333333)	(39.0, 1.3333333333333333)	(40.0, 3.5)	(41.0, 6.666666666666667)	(42.0, 18.5)	(43.0, 33.99999999999999)	(44.0, 87.50000000000001)	(45.0, 187.0833333333339)	(46.0, 534.666666666659)	(47.0, 7701.499999997488)	(48.0, 14840.500000009062)	(49.0, 2212.083333333226)	(50.0, 903.2500000000296)	(51.0, 8905.833333331677)	(52.0, 11125.250000002321)	(53.0, 4648.250000000232)	(54.0, 2480.5833333333444)	(55.0, 644.2500000000027)	(56.0, 117.83333333333303)	(57.0, 31.91666666666665)	(58.0, 17.000000000000004)	(59.0, 23.416666666666657)	(60.0, 8.499999999999998)	(61.0, 15.666666666666673)	(62.0, 81.74999999999991)	(63.0, 13.33333333333334)	(64.0, 5.833333333333332)	(65.0, 2.5)	(66.0, 0.0)	(67.0, 0.25)	(68.0, 0.5)	(69.0, 0.0)	(70.0, 0.0)	(71.0, 0.0)	(72.0, 0.0)	(73.0, 0.0)	(74.0, 0.0)	(75.0, 0.0)	(76.0, 0.0)	(77.0, 0.0)	(78.0, 0.0)	(79.0, 0.0)	(80.0, 0.0)	(81.0, 0.0)	(82.0, 0.0)	(83.0, 0.0)	(84.0, 0.0)	(85.0, 0.0)	(86.0, 0.0)	(87.0, 0.0)	(88.0, 0.0)	(89.0, 0.0)	(90.0, 0.0)	(91.0, 0.0)	(92.0, 0.0)	(93.0, 0.0)	(94.0, 0.0)	(95.0, 0.0)	(96.0, 0.0)	(97.0, 0.0)	(98.0, 0.0)	(99.0, 0.0)	(100.0, 0.0)
3975R_R_F_NS1_week5_S14_L001_R2_001	(0.0, 0.0)	(1.0, 0.0)	(2.0, 0.0)	(3.0, 0.0)	(4.0, 0.0)	(5.0, 0.0)	(6.0, 0.0)	(7.0, 0.0)	(8.0, 0.0)	(9.0, 0.0)	(10.0, 0.0)	(11.0, 0.0)	(12.0, 0.0)	(13.0, 0.0)	(14.0, 0.0)	(15.0, 0.0)	(16.0, 0.0)	(17.0, 0.0)	(18.0, 0.0)	(19.0, 0.0)	(20.0, 0.0)	(21.0, 0.0)	(22.0, 0.0)	(23.0, 0.0)	(24.0, 0.0)	(25.0, 0.0)	(26.0, 0.0)	(27.0, 0.0)	(28.0, 0.0)	(29.0, 0.0)	(30.0, 0.0)	(31.0, 0.5)	(32.0, 0.5)	(33.0, 1.0)	(34.0, 4.5)	(35.0, 5.5)	(36.0, 3.5)	(37.0, 5.5)	(38.0, 10.333333333333332)	(39.0, 13.833333333333332)	(40.0, 14.5)	(41.0, 18.833333333333332)	(42.0, 29.833333333333332)	(43.0, 44.5)	(44.0, 84.49999999999994)	(45.0, 421.16666666666123)	(46.0, 4286.166666667215)	(47.0, 4035.5833333340142)	(48.0, 5951.166666665769)	(49.0, 9112.499999998752)	(50.0, 1107.9166666666877)	(51.0, 2106.833333333194)	(52.0, 2362.416666666629)	(53.0, 2596.5000000000596)	(54.0, 2711.5000000001046)	(55.0, 970.0000000000255)	(56.0, 9687.916666666482)	(57.0, 8888.58333333179)	(58.0, 699.6666666666725)	(59.0, 218.16666666666717)	(60.0, 207.00000000000054)	(61.0, 199.41666666666708)	(62.0, 75.75000000000001)	(63.0, 49.16666666666667)	(64.0, 42.00000000000001)	(65.0, 25.166666666666664)	(66.0, 16.916666666666668)	(67.0, 18.166666666666664)	(68.0, 17.0)	(69.0, 8.75)	(70.0, 7.916666666666665)	(71.0, 16.66666666666667)	(72.0, 60.50000000000015)	(73.0, 15.000000000000009)	(74.0, 0.6666666666666666)	(75.0, 1.0)	(76.0, 1.0)	(77.0, 0.0)	(78.0, 0.0)	(79.0, 0.0)	(80.0, 0.0)	(81.0, 0.3333333333333333)	(82.0, 0.3333333333333333)	(83.0, 0.0)	(84.0, 0.0)	(85.0, 0.0)	(86.0, 0.0)	(87.0, 0.0)	(88.0, 0.0)	(89.0, 0.0)	(90.0, 0.0)	(91.0, 0.0)	(92.0, 0.0)	(93.0, 0.0)	(94.0, 0.0)	(95.0, 0.0)	(96.0, 0.0)	(97.0, 0.0)	(98.0, 0.0)	(99.0, 0.25)	(100.0, 0.6666666666666666)
3975R_R_F_NS1_week6_S15_L001_R1_001	(0.0, 0.0)	(1.0, 0.0)	(2.0, 0.0)	(3.0, 0.0)	(4.0, 0.0)	(5.0, 0.0)	(6.0, 0.0)	(7.0, 0.0)	(8.0, 0.0)	(9.0, 0.0)	(10.0, 0.0)	(11.0, 0.0)	(12.0, 0.0)	(13.0, 0.0)	(14.0, 0.0)	(15.0, 0.0)	(16.0, 0.0)	(17.0, 0.0)	(18.0, 0.0)	(19.0, 0.0)	(20.0, 0.0)	(21.0, 0.0)	(22.0, 0.0)	(23.0, 0.0)	(24.0, 0.0)	(25.0, 0.0)	(26.0, 0.0)	(27.0, 0.0)	(28.0, 0.0)	(29.0, 0.0)	(30.0, 0.3333333333333333)	(31.0, 0.3333333333333333)	(32.0, 0.0)	(33.0, 0.0)	(34.0, 0.0)	(35.0, 0.0)	(36.0, 0.0)	(37.0, 0.3333333333333333)	(38.0, 1.4999999999999998)	(39.0, 2.1666666666666665)	(40.0, 4.0)	(41.0, 8.166666666666668)	(42.0, 13.666666666666668)	(43.0, 37.66666666666667)	(44.0, 112.99999999999997)	(45.0, 217.3333333333339)	(46.0, 582.6666666666629)	(47.0, 7710.666666664151)	(48.0, 14411.750000008278)	(49.0, 2157.916666666537)	(50.0, 985.6666666667046)	(51.0, 11414.166666669511)	(52.0, 13443.916666673136)	(53.0, 3323.333333333705)	(54.0, 1568.1666666665951)	(55.0, 608.2499999999992)	(56.0, 73.91666666666671)	(57.0, 23.41666666666666)	(58.0, 13.91666666666667)	(59.0, 21.666666666666657)	(60.0, 6.833333333333333)	(61.0, 9.083333333333334)	(62.0, 64.00000000000018)	(63.0, 16.75000000000001)	(64.0, 3.666666666666667)	(65.0, 0.3333333333333333)	(66.0, 0.0)	(67.0, 0.0)	(68.0, 0.5)	(69.0, 1.0)	(70.0, 0.5)	(71.0, 0.0)	(72.0, 0.0)	(73.0, 0.0)	(74.0, 0.0)	(75.0, 0.0)	(76.0, 0.0)	(77.0, 0.0)	(78.0, 0.0)	(79.0, 0.0)	(80.0, 0.0)	(81.0, 0.0)	(82.0, 0.0)	(83.0, 0.0)	(84.0, 0.0)	(85.0, 0.0)	(86.0, 0.0)	(87.0, 0.0)	(88.0, 0.0)	(89.0, 0.0)	(90.0, 0.0)	(91.0, 0.0)	(92.0, 0.0)	(93.0, 0.0)	(94.0, 0.0)	(95.0, 0.0)	(96.0, 0.0)	(97.0, 0.0)	(98.0, 0.0)	(99.0, 0.0)	(100.0, 0.0)
3975R_R_F_NS1_week6_S15_L001_R2_001	(0.0, 0.0)	(1.0, 0.0)	(2.0, 0.0)	(3.0, 0.0)	(4.0, 0.0)	(5.0, 0.0)	(6.0, 0.0)	(7.0, 0.0)	(8.0, 0.0)	(9.0, 0.0)	(10.0, 0.0)	(11.0, 0.0)	(12.0, 0.0)	(13.0, 0.0)	(14.0, 0.0)	(15.0, 0.0)	(16.0, 0.0)	(17.0, 0.0)	(18.0, 0.0)	(19.0, 0.0)	(20.0, 0.0)	(21.0, 0.0)	(22.0, 0.0)	(23.0, 0.0)	(24.0, 0.0)	(25.0, 0.0)	(26.0, 0.0)	(27.0, 0.0)	(28.0, 0.0)	(29.0, 0.0)	(30.0, 0.0)	(31.0, 0.5)	(32.0, 2.0)	(33.0, 4.5)	(34.0, 4.0)	(35.0, 3.5)	(36.0, 5.0)	(37.0, 6.5)	(38.0, 11.5)	(39.0, 15.666666666666666)	(40.0, 21.666666666666664)	(41.0, 31.666666666666664)	(42.0, 36.416666666666664)	(43.0, 49.250000000000014)	(44.0, 87.9166666666666)	(45.0, 437.91666666666066)	(46.0, 4926.999999999992)	(47.0, 4141.750000000664)	(48.0, 5374.333333332927)	(49.0, 8261.91666666394)	(50.0, 1039.5000000000332)	(51.0, 1644.2499999999175)	(52.0, 1796.4999999998868)	(53.0, 2685.5000000000937)	(54.0, 2835.3333333334863)	(55.0, 904.3333333333535)	(56.0, 11079.000000002117)	(57.0, 11186.333333335597)	(58.0, 813.4166666666794)	(59.0, 243.16666666666748)	(60.0, 182.0000000000002)	(61.0, 154.83333333333331)	(62.0, 74.74999999999999)	(63.0, 46.083333333333336)	(64.0, 35.499999999999986)	(65.0, 15.916666666666668)	(66.0, 11.583333333333332)	(67.0, 14.5)	(68.0, 15.0)	(69.0, 10.166666666666666)	(70.0, 8.499999999999998)	(71.0, 16.50000000000001)	(72.0, 49.16666666666674)	(73.0, 12.000000000000004)	(74.0, 0.8333333333333333)	(75.0, 1.0)	(76.0, 1.0)	(77.0, 0.8333333333333333)	(78.0, 0.3333333333333333)	(79.0, 0.0)	(80.0, 0.0)	(81.0, 0.0)	(82.0, 0.3333333333333333)	(83.0, 0.0)	(84.0, 0.0)	(85.0, 0.0)	(86.0, 0.5)	(87.0, 0.5)	(88.0, 0.0)	(89.0, 0.5)	(90.0, 0.5)	(91.0, 0.5)	(92.0, 0.8333333333333333)	(93.0, 0.3333333333333333)	(94.0, 0.0)	(95.0, 0.0)	(96.0, 0.0)	(97.0, 0.0)	(98.0, 0.0)	(99.0, 0.0)	(100.0, 0.5)
3975R_R_F_NS1_week7_S16_L001_R1_001	(0.0, 0.0)	(1.0, 0.0)	(2.0, 0.0)	(3.0, 0.0)	(4.0, 0.0)	(5.0, 0.0)	(6.0, 0.0)	(7.0, 0.0)	(8.0, 0.0)	(9.0, 0.0)	(10.0, 0.0)	(11.0, 0.0)	(12.0, 0.0)	(13.0, 0.0)	(14.0, 0.0)	(15.0, 0.0)	(16.0, 0.0)	(17.0, 0.0)	(18.0, 0.0)	(19.0, 0.0)	(20.0, 0.0)	(21.0, 0.0)	(22.0, 0.0)	(23.0, 0.0)	(24.0, 0.0)	(25.0, 0.0)	(26.0, 0.0)	(27.0, 0.5)	(28.0, 0.5)	(29.0, 0.0)	(30.0, 0.0)	(31.0, 0.0)	(32.0, 0.0)	(33.0, 0.0)	(34.0, 0.0)	(35.0, 0.0)	(36.0, 0.0)	(37.0, 0.3333333333333333)	(38.0, 1.1666666666666665)	(39.0, 2.1666666666666665)	(40.0, 2.5)	(41.0, 5.666666666666666)	(42.0, 12.5)	(43.0, 31.41666666666666)	(44.0, 81.16666666666667)	(45.0, 170.33333333333354)	(46.0, 727.9166666666769)	(47.0, 12593.166666671656)	(48.0, 13590.583333340135)	(49.0, 2842.000000000169)	(50.0, 1533.2499999999354)	(51.0, 12438.58333333803)	(52.0, 13747.833333340366)	(53.0, 2621.9166666667384)	(54.0, 1563.8333333332587)	(55.0, 633.5000000000023)	(56.0, 78.91666666666663)	(57.0, 21.416666666666668)	(58.0, 12.250000000000004)	(59.0, 18.583333333333332)	(60.0, 5.083333333333333)	(61.0, 10.833333333333334)	(62.0, 89.08333333333316)	(63.0, 17.41666666666667)	(64.0, 4.666666666666667)	(65.0, 0.6666666666666666)	(66.0, 0.0)	(67.0, 0.0)	(68.0, 0.3333333333333333)	(69.0, 0.0)	(70.0, 0.0)	(71.0, 0.0)	(72.0, 0.5)	(73.0, 1.0)	(74.0, 0.5)	(75.0, 0.0)	(76.0, 0.0)	(77.0, 0.0)	(78.0, 0.0)	(79.0, 0.0)	(80.0, 0.0)	(81.0, 0.0)	(82.0, 0.0)	(83.0, 0.0)	(84.0, 0.0)	(85.0, 0.0)	(86.0, 0.0)	(87.0, 0.0)	(88.0, 0.0)	(89.0, 0.0)	(90.0, 0.0)	(91.0, 0.0)	(92.0, 0.0)	(93.0, 0.0)	(94.0, 0.0)	(95.0, 0.0)	(96.0, 0.0)	(97.0, 0.0)	(98.0, 0.0)	(99.0, 0.0)	(100.0, 0.0)
3975R_R_F_NS1_week7_S16_L001_R2_001	(0.0, 0.0)	(1.0, 0.0)	(2.0, 0.0)	(3.0, 0.0)	(4.0, 0.0)	(5.0, 0.0)	(6.0, 0.0)	(7.0, 0.0)	(8.0, 0.0)	(9.0, 0.0)	(10.0, 0.0)	(11.0, 0.0)	(12.0, 0.0)	(13.0, 0.0)	(14.0, 0.0)	(15.0, 0.0)	(16.0, 0.0)	(17.0, 0.0)	(18.0, 0.0)	(19.0, 0.0)	(20.0, 0.0)	(21.0, 0.0)	(22.0, 0.0)	(23.0, 0.0)	(24.0, 0.0)	(25.0, 0.0)	(26.0, 0.0)	(27.0, 0.0)	(28.0, 0.0)	(29.0, 0.0)	(30.0, 0.0)	(31.0, 0.5)	(32.0, 1.5)	(33.0, 3.0)	(34.0, 6.0)	(35.0, 6.833333333333333)	(36.0, 6.333333333333333)	(37.0, 11.0)	(38.0, 15.0)	(39.0, 17.833333333333332)	(40.0, 25.0)	(41.0, 41.16666666666667)	(42.0, 57.58333333333334)	(43.0, 79.41666666666666)	(44.0, 121.6666666666664)	(45.0, 685.1666666666739)	(46.0, 7970.166666663938)	(47.0, 7382.083333331153)	(48.0, 6218.333333332208)	(49.0, 3363.7500000003733)	(50.0, 706.3333333333411)	(51.0, 1942.1666666665237)	(52.0, 2204.9166666665647)	(53.0, 3032.5000000002324)	(54.0, 3182.3333333336172)	(55.0, 1033.666666666693)	(56.0, 11506.000000002765)	(57.0, 11947.750000003523)	(58.0, 988.9166666666932)	(59.0, 291.5000000000003)	(60.0, 205.58333333333383)	(61.0, 153.5000000000001)	(62.0, 75.33333333333333)	(63.0, 57.91666666666668)	(64.0, 44.08333333333334)	(65.0, 25.16666666666666)	(66.0, 15.000000000000002)	(67.0, 18.833333333333336)	(68.0, 17.333333333333336)	(69.0, 10.5)	(70.0, 8.166666666666666)	(71.0, 15.333333333333341)	(72.0, 66.83333333333346)	(73.0, 18.0)	(74.0, 1.6666666666666665)	(75.0, 0.5)	(76.0, 0.0)	(77.0, 0.0)	(78.0, 0.0)	(79.0, 0.0)	(80.0, 0.0)	(81.0, 0.0)	(82.0, 0.5)	(83.0, 0.5)	(84.0, 0.0)	(85.0, 0.0)	(86.0, 0.0)	(87.0, 0.0)	(88.0, 0.0)	(89.0, 0.0)	(90.0, 0.0)	(91.0, 0.0)	(92.0, 0.0)	(93.0, 0.0)	(94.0, 0.0)	(95.0, 0.0)	(96.0, 0.0)	(97.0, 0.0)	(98.0, 0.0)	(99.0, 0.0)	(100.0, 0.0)
3975R_R_F_NS1_week9_S17_L001_R1_001	(0.0, 0.0)	(1.0, 0.0)	(2.0, 0.0)	(3.0, 0.0)	(4.0, 0.0)	(5.0, 0.0)	(6.0, 0.0)	(7.0, 0.0)	(8.0, 0.0)	(9.0, 0.0)	(10.0, 0.0)	(11.0, 0.0)	(12.0, 0.0)	(13.0, 0.0)	(14.0, 0.0)	(15.0, 0.0)	(16.0, 0.0)	(17.0, 0.0)	(18.0, 0.0)	(19.0, 0.0)	(20.0, 0.0)	(21.0, 0.0)	(22.0, 0.0)	(23.0, 0.0)	(24.0, 0.0)	(25.0, 0.0)	(26.0, 0.0)	(27.0, 0.0)	(28.0, 0.0)	(29.0, 0.0)	(30.0, 0.0)	(31.0, 0.0)	(32.0, 0.0)	(33.0, 0.0)	(34.0, 0.0)	(35.0, 0.8333333333333333)	(36.0, 1.0)	(37.0, 1.0)	(38.0, 1.8333333333333333)	(39.0, 3.0)	(40.0, 5.583333333333333)	(41.0, 8.0)	(42.0, 15.25)	(43.0, 46.50000000000001)	(44.0, 121.83333333333326)	(45.0, 317.25)	(46.0, 906.0000000000286)	(47.0, 11250.166666669213)	(48.0, 17804.166666673395)	(49.0, 3263.166666667019)	(50.0, 1628.2499999999163)	(51.0, 11789.666666670191)	(52.0, 15291.750000009786)	(53.0, 5152.999999999794)	(54.0, 1512.1666666666051)	(55.0, 695.1666666666754)	(56.0, 88.16666666666653)	(57.0, 28.249999999999975)	(58.0, 18.5)	(59.0, 32.66666666666663)	(60.0, 11.5)	(61.0, 19.166666666666668)	(62.0, 134.49999999999943)	(63.0, 30.5833333333333)	(64.0, 4.25)	(65.0, 0.5)	(66.0, 1.3333333333333333)	(67.0, 1.0)	(68.0, 0.3333333333333333)	(69.0, 0.6666666666666666)	(70.0, 0.3333333333333333)	(71.0, 0.3333333333333333)	(72.0, 0.3333333333333333)	(73.0, 0.0)	(74.0, 0.0)	(75.0, 0.0)	(76.0, 0.0)	(77.0, 0.0)	(78.0, 0.0)	(79.0, 0.0)	(80.0, 0.0)	(81.0, 0.0)	(82.0, 0.0)	(83.0, 0.0)	(84.0, 0.0)	(85.0, 0.0)	(86.0, 0.0)	(87.0, 0.0)	(88.0, 0.0)	(89.0, 0.0)	(90.0, 0.0)	(91.0, 0.0)	(92.0, 0.0)	(93.0, 0.0)	(94.0, 0.0)	(95.0, 0.0)	(96.0, 0.0)	(97.0, 0.0)	(98.0, 0.0)	(99.0, 0.0)	(100.0, 0.0)
3975R_R_F_NS1_week9_S17_L001_R2_001	(0.0, 0.0)	(1.0, 0.0)	(2.0, 0.0)	(3.0, 0.0)	(4.0, 0.0)	(5.0, 0.0)	(6.0, 0.0)	(7.0, 0.0)	(8.0, 0.0)	(9.0, 0.0)	(10.0, 0.0)	(11.0, 0.0)	(12.0, 0.0)	(13.0, 0.0)	(14.0, 0.0)	(15.0, 0.0)	(16.0, 0.0)	(17.0, 0.0)	(18.0, 0.0)	(19.0, 0.0)	(20.0, 0.0)	(21.0, 0.0)	(22.0, 0.0)	(23.0, 0.0)	(24.0, 0.0)	(25.0, 0.0)	(26.0, 0.0)	(27.0, 0.5)	(28.0, 0.5)	(29.0, 0.0)	(30.0, 0.0)	(31.0, 1.0)	(32.0, 1.5)	(33.0, 1.0)	(34.0, 1.5)	(35.0, 1.5)	(36.0, 3.0)	(37.0, 6.5)	(38.0, 9.666666666666666)	(39.0, 12.166666666666666)	(40.0, 15.833333333333336)	(41.0, 21.333333333333336)	(42.0, 27.16666666666666)	(43.0, 37.58333333333333)	(44.0, 73.1666666666667)	(45.0, 494.9999999999906)	(46.0, 6597.249999998494)	(47.0, 6443.33333333198)	(48.0, 7256.666666664608)	(49.0, 9339.833333332488)	(50.0, 1171.3333333333428)	(51.0, 2489.3333333333453)	(52.0, 2984.333333333554)	(53.0, 4559.58333333364)	(54.0, 4862.083333333374)	(55.0, 1074.583333333356)	(56.0, 11165.666666668876)	(57.0, 11368.000000002547)	(58.0, 775.3333333333446)	(59.0, 213.83333333333388)	(60.0, 179.0000000000003)	(61.0, 161.91666666666683)	(62.0, 60.83333333333336)	(63.0, 38.0)	(64.0, 36.33333333333332)	(65.0, 18.166666666666668)	(66.0, 11.833333333333332)	(67.0, 27.08333333333333)	(68.0, 29.499999999999996)	(69.0, 12.666666666666666)	(70.0, 10.500000000000002)	(71.0, 26.666666666666643)	(72.0, 104.33333333333293)	(73.0, 25.166666666666647)	(74.0, 1.833333333333333)	(75.0, 0.3333333333333333)	(76.0, 0.0)	(77.0, 0.0)	(78.0, 0.0)	(79.0, 0.5)	(80.0, 0.5)	(81.0, 0.0)	(82.0, 0.0)	(83.0, 0.0)	(84.0, 0.3333333333333333)	(85.0, 0.6666666666666666)	(86.0, 0.3333333333333333)	(87.0, 0.0)	(88.0, 0.0)	(89.0, 0.0)	(90.0, 0.0)	(91.0, 0.0)	(92.0, 0.0)	(93.0, 0.0)	(94.0, 0.0)	(95.0, 0.0)	(96.0, 0.0)	(97.0, 0.0)	(98.0, 0.0)	(99.0, 0.0)	(100.0, 0.0)
3980R_0_F_S2_week9_S51_L001_R1_001	(0.0, 0.0)	(1.0, 0.0)	(2.0, 0.0)	(3.0, 0.0)	(4.0, 0.0)	(5.0, 0.0)	(6.0, 0.0)	(7.0, 0.0)	(8.0, 0.0)	(9.0, 0.0)	(10.0, 0.0)	(11.0, 0.0)	(12.0, 0.0)	(13.0, 0.0)	(14.0, 0.0)	(15.0, 0.0)	(16.0, 0.0)	(17.0, 0.0)	(18.0, 0.0)	(19.0, 0.0)	(20.0, 0.0)	(21.0, 0.0)	(22.0, 0.0)	(23.0, 0.0)	(24.0, 0.0)	(25.0, 0.0)	(26.0, 0.0)	(27.0, 0.0)	(28.0, 0.0)	(29.0, 0.0)	(30.0, 0.0)	(31.0, 0.0)	(32.0, 0.0)	(33.0, 0.0)	(34.0, 0.0)	(35.0, 0.0)	(36.0, 0.0)	(37.0, 0.0)	(38.0, 0.0)	(39.0, 0.5)	(40.0, 0.5)	(41.0, 0.5)	(42.0, 4.75)	(43.0, 20.833333333333332)	(44.0, 56.00000000000002)	(45.0, 81.25000000000001)	(46.0, 279.666666666668)	(47.0, 12473.083333338114)	(48.0, 13205.083333339437)	(49.0, 2982.0000000002306)	(50.0, 3201.416666666993)	(51.0, 17602.333333340794)	(52.0, 20249.583333331237)	(53.0, 4550.91666666699)	(54.0, 1456.7499999999525)	(55.0, 370.66666666666345)	(56.0, 95.41666666666646)	(57.0, 25.999999999999986)	(58.0, 45.500000000000036)	(59.0, 47.00000000000006)	(60.0, 10.0)	(61.0, 7.166666666666664)	(62.0, 48.50000000000007)	(63.0, 8.33333333333333)	(64.0, 0.6666666666666666)	(65.0, 0.5)	(66.0, 0.5)	(67.0, 0.0)	(68.0, 0.0)	(69.0, 0.0)	(70.0, 0.0)	(71.0, 0.0)	(72.0, 0.0)	(73.0, 0.0)	(74.0, 0.5)	(75.0, 1.0)	(76.0, 0.5)	(77.0, 0.0)	(78.0, 0.0)	(79.0, 0.0)	(80.0, 0.0)	(81.0, 0.0)	(82.0, 0.0)	(83.0, 0.0)	(84.0, 0.0)	(85.0, 0.0)	(86.0, 0.0)	(87.0, 0.0)	(88.0, 0.0)	(89.0, 0.0)	(90.0, 0.0)	(91.0, 0.0)	(92.0, 0.0)	(93.0, 0.0)	(94.0, 0.0)	(95.0, 0.0)	(96.0, 0.0)	(97.0, 0.0)	(98.0, 0.0)	(99.0, 0.0)	(100.0, 0.0)
3980R_0_F_S2_week9_S51_L001_R2_001	(0.0, 0.0)	(1.0, 0.0)	(2.0, 0.0)	(3.0, 0.0)	(4.0, 0.0)	(5.0, 0.0)	(6.0, 0.0)	(7.0, 0.0)	(8.0, 0.0)	(9.0, 0.0)	(10.0, 0.0)	(11.0, 0.0)	(12.0, 0.0)	(13.0, 0.0)	(14.0, 0.0)	(15.0, 0.0)	(16.0, 0.0)	(17.0, 0.0)	(18.0, 0.0)	(19.0, 0.5)	(20.0, 1.0)	(21.0, 0.5)	(22.0, 0.0)	(23.0, 0.0)	(24.0, 0.0)	(25.0, 0.0)	(26.0, 0.0)	(27.0, 0.0)	(28.0, 0.0)	(29.0, 0.0)	(30.0, 0.0)	(31.0, 0.5)	(32.0, 1.0)	(33.0, 2.0)	(34.0, 1.5)	(35.0, 0.5)	(36.0, 5.0)	(37.0, 7.5)	(38.0, 9.5)	(39.0, 13.5)	(40.0, 16.833333333333332)	(41.0, 17.0)	(42.0, 25.08333333333333)	(43.0, 39.25000000000001)	(44.0, 77.08333333333333)	(45.0, 1187.8333333333421)	(46.0, 12252.750000004382)	(47.0, 7178.333333331312)	(48.0, 1219.5833333333328)	(49.0, 565.8333333333301)	(50.0, 367.08333333333104)	(51.0, 2323.6666666666147)	(52.0, 2651.1666666667506)	(53.0, 4504.083333333683)	(54.0, 3785.9166666672168)	(55.0, 1174.0000000000075)	(56.0, 17282.83333334137)	(57.0, 17082.83333334208)	(58.0, 1021.5833333333622)	(59.0, 277.8333333333338)	(60.0, 261.5000000000009)	(61.0, 232.16666666666768)	(62.0, 89.91666666666661)	(63.0, 58.91666666666668)	(64.0, 61.833333333333385)	(65.0, 26.333333333333325)	(66.0, 12.166666666666666)	(67.0, 13.166666666666666)	(68.0, 11.666666666666668)	(69.0, 4.999999999999999)	(70.0, 3.5)	(71.0, 9.416666666666666)	(72.0, 40.16666666666668)	(73.0, 10.666666666666668)	(74.0, 0.3333333333333333)	(75.0, 0.0)	(76.0, 0.0)	(77.0, 0.0)	(78.0, 0.0)	(79.0, 0.0)	(80.0, 0.0)	(81.0, 0.0)	(82.0, 0.3333333333333333)	(83.0, 0.3333333333333333)	(84.0, 0.0)	(85.0, 0.0)	(86.0, 0.0)	(87.0, 0.0)	(88.0, 0.0)	(89.0, 0.0)	(90.0, 0.0)	(91.0, 0.3333333333333333)	(92.0, 0.8333333333333333)	(93.0, 0.5)	(94.0, 0.0)	(95.0, 0.0)	(96.0, 0.25)	(97.0, 0.0)	(98.0, 0.0)	(99.0, 0.0)	(100.0, 0.0)
Positive_control_S89_L001_R1_001	(0.0, 0.0)	(1.0, 0.0)	(2.0, 0.0)	(3.0, 0.0)	(4.0, 0.0)	(5.0, 0.0)	(6.0, 0.0)	(7.0, 0.0)	(8.0, 0.0)	(9.0, 0.0)	(10.0, 0.0)	(11.0, 0.0)	(12.0, 0.0)	(13.0, 0.0)	(14.0, 0.0)	(15.0, 0.0)	(16.0, 0.0)	(17.0, 0.0)	(18.0, 0.0)	(19.0, 0.0)	(20.0, 0.0)	(21.0, 0.0)	(22.0, 0.0)	(23.0, 0.0)	(24.0, 0.0)	(25.0, 0.0)	(26.0, 0.0)	(27.0, 0.0)	(28.0, 0.0)	(29.0, 0.0)	(30.0, 0.0)	(31.0, 0.3333333333333333)	(32.0, 0.3333333333333333)	(33.0, 0.0)	(34.0, 0.0)	(35.0, 0.5)	(36.0, 0.8333333333333333)	(37.0, 0.3333333333333333)	(38.0, 0.0)	(39.0, 0.0)	(40.0, 1.8333333333333333)	(41.0, 4.0)	(42.0, 7.166666666666667)	(43.0, 18.0)	(44.0, 36.666666666666664)	(45.0, 67.16666666666669)	(46.0, 138.83333333333326)	(47.0, 275.1666666666671)	(48.0, 576.7499999999967)	(49.0, 6805.999999998398)	(50.0, 18732.50000000332)	(51.0, 12098.83333333734)	(52.0, 7101.2499999980655)	(53.0, 12361.250000004566)	(54.0, 7666.4166666642195)	(55.0, 4328.2500000005075)	(56.0, 404.1666666666629)	(57.0, 95.99999999999991)	(58.0, 22.166666666666664)	(59.0, 4.166666666666667)	(60.0, 1.6666666666666665)	(61.0, 0.8333333333333333)	(62.0, 0.9166666666666665)	(63.0, 0.75)	(64.0, 1.0)	(65.0, 0.5)	(66.0, 0.0)	(67.0, 0.0)	(68.0, 0.0)	(69.0, 0.0)	(70.0, 0.0)	(71.0, 0.0)	(72.0, 0.0)	(73.0, 0.0)	(74.0, 0.0)	(75.0, 0.0)	(76.0, 0.0)	(77.0, 0.0)	(78.0, 0.0)	(79.0, 0.0)	(80.0, 0.0)	(81.0, 0.0)	(82.0, 0.0)	(83.0, 0.0)	(84.0, 0.0)	(85.0, 0.0)	(86.0, 0.0)	(87.0, 0.0)	(88.0, 0.0)	(89.0, 0.0)	(90.0, 0.0)	(91.0, 0.0)	(92.0, 0.0)	(93.0, 0.0)	(94.0, 0.0)	(95.0, 0.0)	(96.0, 0.0)	(97.0, 0.0)	(98.0, 0.0)	(99.0, 0.0)	(100.0, 0.0)
Positive_control_S89_L001_R2_001	(0.0, 0.0)	(1.0, 0.0)	(2.0, 0.0)	(3.0, 0.0)	(4.0, 0.0)	(5.0, 0.0)	(6.0, 0.0)	(7.0, 0.0)	(8.0, 0.0)	(9.0, 0.0)	(10.0, 0.0)	(11.0, 0.0)	(12.0, 0.0)	(13.0, 0.0)	(14.0, 0.0)	(15.0, 0.0)	(16.0, 0.0)	(17.0, 0.0)	(18.0, 0.0)	(19.0, 0.0)	(20.0, 0.0)	(21.0, 0.0)	(22.0, 0.0)	(23.0, 0.0)	(24.0, 0.0)	(25.0, 0.0)	(26.0, 0.0)	(27.0, 0.0)	(28.0, 0.0)	(29.0, 0.0)	(30.0, 0.0)	(31.0, 0.5)	(32.0, 0.5)	(33.0, 0.0)	(34.0, 0.5)	(35.0, 1.0)	(36.0, 1.5)	(37.0, 1.5)	(38.0, 2.0)	(39.0, 3.833333333333333)	(40.0, 4.833333333333333)	(41.0, 4.5)	(42.0, 7.333333333333333)	(43.0, 10.333333333333332)	(44.0, 16.333333333333332)	(45.0, 24.666666666666657)	(46.0, 44.666666666666686)	(47.0, 70.00000000000004)	(48.0, 117.83333333333299)	(49.0, 678.6666666666736)	(50.0, 6091.166666665607)	(51.0, 6441.3333333319715)	(52.0, 3056.833333333583)	(53.0, 2813.916666666805)	(54.0, 11458.833333336192)	(55.0, 10165.750000000602)	(56.0, 13174.083333339038)	(57.0, 6952.166666665036)	(58.0, 1764.6666666665863)	(59.0, 580.166666666666)	(60.0, 416.24999999999955)	(61.0, 284.83333333333337)	(62.0, 156.08333333333331)	(63.0, 94.16666666666666)	(64.0, 57.25000000000001)	(65.0, 34.08333333333333)	(66.0, 27.416666666666664)	(67.0, 19.083333333333336)	(68.0, 11.25)	(69.0, 8.333333333333332)	(70.0, 5.0)	(71.0, 3.5)	(72.0, 2.5)	(73.0, 2.8333333333333335)	(74.0, 1.3333333333333333)	(75.0, 0.8333333333333333)	(76.0, 0.5)	(77.0, 0.3333333333333333)	(78.0, 0.3333333333333333)	(79.0, 0.3333333333333333)	(80.0, 0.3333333333333333)	(81.0, 0.0)	(82.0, 0.0)	(83.0, 0.0)	(84.0, 0.0)	(85.0, 0.0)	(86.0, 0.0)	(87.0, 0.0)	(88.0, 0.0)	(89.0, 0.0)	(90.0, 0.0)	(91.0, 0.0)	(92.0, 0.0)	(93.0, 0.0)	(94.0, 0.3333333333333333)	(95.0, 0.3333333333333333)	(96.0, 0.0)	(97.0, 0.0)	(98.0, 0.3333333333333333)	(99.0, 0.3333333333333333)	(100.0, 0.0)
negative_control_S90_L001_R1_001	(0.0, 0.0)	(1.0, 0.0)	(2.0, 0.0)	(3.0, 0.0)	(4.0, 0.0)	(5.0, 0.0)	(6.0, 0.0)	(7.0, 0.0)	(8.0, 0.0)	(9.0, 0.0)	(10.0, 0.0)	(11.0, 0.0)	(12.0, 0.0)	(13.0, 0.0)	(14.0, 0.0)	(15.0, 0.0)	(16.0, 0.0)	(17.0, 0.0)	(18.0, 0.0)	(19.0, 0.0)	(20.0, 0.0)	(21.0, 0.0)	(22.0, 0.0)	(23.0, 0.0)	(24.0, 0.0)	(25.0, 0.0)	(26.0, 0.0)	(27.0, 0.0)	(28.0, 0.0)	(29.0, 0.0)	(30.0, 0.0)	(31.0, 0.0)	(32.0, 0.0)	(33.0, 0.0)	(34.0, 0.0)	(35.0, 0.0)	(36.0, 0.0)	(37.0, 0.0)	(38.0, 0.0)	(39.0, 0.0)	(40.0, 0.0)	(41.0, 0.8333333333333333)	(42.0, 2.6666666666666665)	(43.0, 4.166666666666667)	(44.0, 6.666666666666667)	(45.0, 8.666666666666668)	(46.0, 17.833333333333336)	(47.0, 46.6666666666667)	(48.0, 70.41666666666673)	(49.0, 57.583333333333385)	(50.0, 153.66666666666663)	(51.0, 917.5000000000317)	(52.0, 542.0833333333269)	(53.0, 11334.33333333604)	(54.0, 12257.25000000435)	(55.0, 5888.916666665821)	(56.0, 5878.416666665826)	(57.0, 271.00000000000125)	(58.0, 60.66666666666676)	(59.0, 19.333333333333332)	(60.0, 5.333333333333333)	(61.0, 1.8333333333333333)	(62.0, 1.4999999999999998)	(63.0, 0.6666666666666666)	(64.0, 0.0)	(65.0, 0.0)	(66.0, 0.3333333333333333)	(67.0, 0.3333333333333333)	(68.0, 0.0)	(69.0, 0.0)	(70.0, 0.0)	(71.0, 0.0)	(72.0, 0.0)	(73.0, 0.0)	(74.0, 0.0)	(75.0, 0.0)	(76.0, 0.0)	(77.0, 0.0)	(78.0, 0.0)	(79.0, 0.0)	(80.0, 0.0)	(81.0, 0.0)	(82.0, 0.0)	(83.0, 0.0)	(84.0, 0.0)	(85.0, 0.0)	(86.0, 0.0)	(87.0, 0.0)	(88.0, 0.0)	(89.0, 0.0)	(90.0, 0.0)	(91.0, 0.0)	(92.0, 0.0)	(93.0, 0.0)	(94.0, 0.0)	(95.0, 0.0)	(96.0, 0.0)	(97.0, 0.0)	(98.0, 0.0)	(99.0, 0.0)	(100.0, 0.0)
negative_control_S90_L001_R2_001	(0.0, 0.0)	(1.0, 0.0)	(2.0, 0.0)	(3.0, 0.0)	(4.0, 0.0)	(5.0, 0.0)	(6.0, 0.0)	(7.0, 0.0)	(8.0, 0.0)	(9.0, 0.0)	(10.0, 0.0)	(11.0, 0.0)	(12.0, 0.0)	(13.0, 0.0)	(14.0, 0.0)	(15.0, 0.0)	(16.0, 0.0)	(17.0, 0.0)	(18.0, 0.0)	(19.0, 0.0)	(20.0, 0.0)	(21.0, 0.0)	(22.0, 0.0)	(23.0, 0.0)	(24.0, 0.0)	(25.0, 0.0)	(26.0, 0.0)	(27.0, 0.0)	(28.0, 0.0)	(29.0, 0.0)	(30.0, 0.0)	(31.0, 0.0)	(32.0, 0.0)	(33.0, 0.0)	(34.0, 0.0)	(35.0, 0.0)	(36.0, 0.0)	(37.0, 1.0)	(38.0, 1.0)	(39.0, 2.833333333333333)	(40.0, 5.5)	(41.0, 6.5)	(42.0, 10.333333333333332)	(43.0, 10.333333333333332)	(44.0, 8.333333333333332)	(45.0, 9.166666666666666)	(46.0, 23.66666666666666)	(47.0, 34.166666666666664)	(48.0, 37.66666666666666)	(49.0, 50.83333333333336)	(50.0, 73.00000000000001)	(51.0, 116.33333333333307)	(52.0, 211.00000000000102)	(53.0, 454.5833333333272)	(54.0, 1936.749999999858)	(55.0, 14256.16666667438)	(56.0, 9070.749999998723)	(57.0, 2009.5833333331889)	(58.0, 486.1666666666613)	(59.0, 251.083333333334)	(60.0, 221.3333333333335)	(61.0, 173.9166666666667)	(62.0, 95.41666666666664)	(63.0, 53.41666666666667)	(64.0, 35.166666666666664)	(65.0, 29.833333333333336)	(66.0, 20.0)	(67.0, 9.833333333333332)	(68.0, 5.0)	(69.0, 2.5)	(70.0, 1.0)	(71.0, 1.8333333333333333)	(72.0, 2.6666666666666665)	(73.0, 1.8333333333333333)	(74.0, 1.8333333333333333)	(75.0, 1.0)	(76.0, 0.0)	(77.0, 0.0)	(78.0, 0.0)	(79.0, 0.0)	(80.0, 0.0)	(81.0, 0.0)	(82.0, 0.3333333333333333)	(83.0, 0.0)	(84.0, 0.0)	(85.0, 0.0)	(86.0, 0.0)	(87.0, 0.0)	(88.0, 0.0)	(89.0, 0.0)	(90.0, 0.0)	(91.0, 0.0)	(92.0, 0.0)	(93.0, 0.0)	(94.0, 0.5)	(95.0, 0.5)	(96.0, 0.0)	(97.0, 0.0)	(98.0, 0.0)	(99.0, 0.0)	(100.0, 0.0)
