Sample	0	1	2	3	4	5	6	7	8	9	10	11	12	13	14	15	16	17	18	19	20	21	22	23	24	25	26	27	28	29	30	31	32	33	34	35	36	37	38	39	40	41	42	43	44	45	46	47	48	49	50	51	52	53	54	55	56	57	58	59	60	61	62	63	64	65	66	67	68	69	70	71	72	73	74	75	76	77	78	79	80	81	82	83	84	85	86	87	88	89	90	91	92	93	94	95	96	97	98	99	100
016R_0_F_NS6_week9_S79_L001_R1_001	(0.0, 0.0)	(1.0, 0.0)	(2.0, 0.0)	(3.0, 0.0)	(4.0, 0.0)	(5.0, 0.0)	(6.0, 0.0)	(7.0, 0.0)	(8.0, 0.0)	(9.0, 0.0)	(10.0, 0.0)	(11.0, 0.0)	(12.0, 0.0)	(13.0, 0.0)	(14.0, 0.0)	(15.0, 0.0)	(16.0, 0.0)	(17.0, 0.0)	(18.0, 0.0)	(19.0, 0.0)	(20.0, 0.0)	(21.0, 0.0)	(22.0, 0.0)	(23.0, 0.0)	(24.0, 0.0)	(25.0, 0.0)	(26.0, 0.0)	(27.0, 0.0005587146211425135)	(28.0, 0.0005587146211425135)	(29.0, 0.0)	(30.0, 0.0)	(31.0, 0.0)	(32.0, 0.0)	(33.0, 0.0)	(34.0, 0.0)	(35.0, 0.0)	(36.0, 0.0)	(37.0, 0.0013967865528562837)	(38.0, 0.004190359658568852)	(39.0, 0.0055871462114251355)	(40.0, 0.011733007043992784)	(41.0, 0.03352287726855081)	(42.0, 0.06969964898752855)	(43.0, 0.10517802743007819)	(44.0, 0.23787274995142496)	(45.0, 1.081112791910768)	(46.0, 8.60071319921226)	(47.0, 12.758667409751117)	(48.0, 28.220396156614868)	(49.0, 5.266164661579264)	(50.0, 1.9948905547893587)	(51.0, 7.87759680079918)	(52.0, 19.42762480637282)	(53.0, 12.237666025536155)	(54.0, 1.4716543120894294)	(55.0, 0.3267083747130866)	(56.0, 0.061179251015105206)	(57.0, 0.020393083671701753)	(58.0, 0.028494445678268192)	(59.0, 0.033941913234407685)	(60.0, 0.011034613767564639)	(61.0, 0.013967865528562832)	(62.0, 0.07961683351280828)	(63.0, 0.014805937460276605)	(64.0, 0.0016761438634275403)	(65.0, 0.0013967865528562837)	(66.0, 0.0)	(67.0, 0.0)	(68.0, 0.0)	(69.0, 0.0)	(70.0, 0.0)	(71.0, 0.0)	(72.0, 0.0)	(73.0, 0.0)	(74.0, 0.0)	(75.0, 0.0)	(76.0, 0.0)	(77.0, 0.0)	(78.0, 0.0)	(79.0, 0.0)	(80.0, 0.0)	(81.0, 0.0)	(82.0, 0.0)	(83.0, 0.0)	(84.0, 0.0)	(85.0, 0.0)	(86.0, 0.0)	(87.0, 0.0)	(88.0, 0.0)	(89.0, 0.0)	(90.0, 0.0)	(91.0, 0.0)	(92.0, 0.0)	(93.0, 0.0)	(94.0, 0.0)	(95.0, 0.0)	(96.0, 0.0)	(97.0, 0.0)	(98.0, 0.0)	(99.0, 0.0)	(100.0, 0.0)
016R_0_F_NS6_week9_S79_L001_R2_001	(0.0, 0.0)	(1.0, 0.0)	(2.0, 0.0)	(3.0, 0.0)	(4.0, 0.0)	(5.0, 0.0)	(6.0, 0.0)	(7.0, 0.0)	(8.0, 0.0)	(9.0, 0.0)	(10.0, 0.0)	(11.0, 0.0)	(12.0, 0.0)	(13.0, 0.0)	(14.0, 0.0)	(15.0, 0.0)	(16.0, 0.0)	(17.0, 0.0)	(18.0, 0.0)	(19.0, 0.0)	(20.0, 0.0)	(21.0, 0.0)	(22.0, 0.0)	(23.0, 0.0)	(24.0, 0.0)	(25.0, 0.0)	(26.0, 0.0)	(27.0, 0.0)	(28.0, 0.0)	(29.0, 0.0)	(30.0, 0.0)	(31.0, 0.0)	(32.0, 0.000740940154263758)	(33.0, 0.0041986608741612945)	(34.0, 0.00568054118268881)	(35.0, 0.004445640925582547)	(36.0, 0.008891281851165094)	(37.0, 0.012595982622483884)	(38.0, 0.01704162354806643)	(39.0, 0.02667384555349528)	(40.0, 0.03531814735323913)	(41.0, 0.03581210745608163)	(42.0, 0.04544432946151048)	(43.0, 0.09101214894873165)	(44.0, 0.18893973933725783)	(45.0, 1.9252095008286403)	(46.0, 14.289648325104661)	(47.0, 12.61006048541147)	(48.0, 15.147163063640761)	(49.0, 12.90100298598625)	(50.0, 1.3234426055408184)	(51.0, 6.4597632449235665)	(52.0, 6.376160497517529)	(53.0, 5.286731490698305)	(54.0, 7.250222899496607)	(55.0, 1.5017622026669708)	(56.0, 6.785035972645048)	(57.0, 6.440498800912699)	(58.0, 0.503592324847933)	(59.0, 0.17869006720327607)	(60.0, 0.12237861547923068)	(61.0, 0.09768061033710546)	(62.0, 0.06458528344665758)	(63.0, 0.041369158613059814)	(64.0, 0.037540967816030384)	(65.0, 0.023586594910729633)	(66.0, 0.014818803085275159)	(67.0, 0.016424173419513306)	(68.0, 0.01605370334238142)	(69.0, 0.008644301799743842)	(70.0, 0.004445640925582547)	(71.0, 0.012349002571062627)	(72.0, 0.05804031208399438)	(73.0, 0.017535583650908942)	(74.0, 0.000740940154263758)	(75.0, 0.001481880308527516)	(76.0, 0.000740940154263758)	(77.0, 0.0)	(78.0, 0.0)	(79.0, 0.0)	(80.0, 0.0)	(81.0, 0.0)	(82.0, 0.000740940154263758)	(83.0, 0.000740940154263758)	(84.0, 0.0)	(85.0, 0.0004939601028425052)	(86.0, 0.0)	(87.0, 0.0)	(88.0, 0.001481880308527516)	(89.0, 0.0018523503856593948)	(90.0, 0.0004939601028425052)	(91.0, 0.0)	(92.0, 0.0)	(93.0, 0.0)	(94.0, 0.0)	(95.0, 0.0)	(96.0, 0.0)	(97.0, 0.0)	(98.0, 0.0)	(99.0, 0.0)	(100.0, 0.0)
036R_R_M_NS1_week5_S18_L001_R1_001	(0.0, 0.0)	(1.0, 0.0)	(2.0, 0.0)	(3.0, 0.0)	(4.0, 0.0)	(5.0, 0.0)	(6.0, 0.0)	(7.0, 0.0)	(8.0, 0.0)	(9.0, 0.0)	(10.0, 0.0)	(11.0, 0.0)	(12.0, 0.0)	(13.0, 0.0)	(14.0, 0.0)	(15.0, 0.0)	(16.0, 0.0)	(17.0, 0.0)	(18.0, 0.0)	(19.0, 0.0)	(20.0, 0.0)	(21.0, 0.0)	(22.0, 0.0)	(23.0, 0.0)	(24.0, 0.0)	(25.0, 0.0)	(26.0, 0.0)	(27.0, 0.0)	(28.0, 0.0)	(29.0, 0.0)	(30.0, 0.0)	(31.0, 0.0)	(32.0, 0.0)	(33.0, 0.0)	(34.0, 0.0)	(35.0, 0.0)	(36.0, 0.0006199522326803594)	(37.0, 0.002014844756211168)	(38.0, 0.0009299283490205391)	(39.0, 0.0018598566980410783)	(40.0, 0.0037197133960821566)	(41.0, 0.007129450675824133)	(42.0, 0.01921851921309114)	(43.0, 0.047581333858217584)	(44.0, 0.14010920458576123)	(45.0, 0.2588300571440497)	(46.0, 0.670788315760144)	(47.0, 12.831926300072913)	(48.0, 27.901570184029683)	(49.0, 3.7592353509152105)	(50.0, 1.9254166466470994)	(51.0, 16.975842011367597)	(52.0, 21.73909000311754)	(53.0, 8.307359917917559)	(54.0, 3.6964651873563326)	(55.0, 1.1456717259933045)	(56.0, 0.1382493478877202)	(57.0, 0.03781708619350191)	(58.0, 0.02944773105231709)	(59.0, 0.05672562929025281)	(60.0, 0.01472386552615853)	(61.0, 0.02681293406342556)	(62.0, 0.21140371134400157)	(63.0, 0.04029689512422335)	(64.0, 0.006819474559483952)	(65.0, 0.0013948925235308086)	(66.0, 0.00046496417451026957)	(67.0, 0.0)	(68.0, 0.00046496417451026957)	(69.0, 0.0)	(70.0, 0.0)	(71.0, 0.0)	(72.0, 0.0)	(73.0, 0.0)	(74.0, 0.0)	(75.0, 0.0)	(76.0, 0.0)	(77.0, 0.0)	(78.0, 0.0)	(79.0, 0.0)	(80.0, 0.0)	(81.0, 0.0)	(82.0, 0.0)	(83.0, 0.0)	(84.0, 0.0)	(85.0, 0.0)	(86.0, 0.0)	(87.0, 0.0)	(88.0, 0.0)	(89.0, 0.0)	(90.0, 0.0)	(91.0, 0.0)	(92.0, 0.0)	(93.0, 0.0)	(94.0, 0.0)	(95.0, 0.0)	(96.0, 0.0)	(97.0, 0.0)	(98.0, 0.0)	(99.0, 0.0)	(100.0, 0.0)
036R_R_M_NS1_week5_S18_L001_R2_001	(0.0, 0.0)	(1.0, 0.0)	(2.0, 0.0)	(3.0, 0.0)	(4.0, 0.0)	(5.0, 0.0)	(6.0, 0.0)	(7.0, 0.0)	(8.0, 0.0)	(9.0, 0.0)	(10.0, 0.0)	(11.0, 0.0)	(12.0, 0.0)	(13.0, 0.0)	(14.0, 0.0)	(15.0, 0.0)	(16.0, 0.0)	(17.0, 0.0)	(18.0, 0.0)	(19.0, 0.0)	(20.0, 0.0)	(21.0, 0.0)	(22.0, 0.0)	(23.0, 0.0)	(24.0, 0.0)	(25.0, 0.0)	(26.0, 0.0)	(27.0, 0.0)	(28.0, 0.0009190951202176648)	(29.0, 0.0018381902404353296)	(30.0, 0.0009190951202176648)	(31.0, 0.0)	(32.0, 0.0027572853606529944)	(33.0, 0.003676380480870659)	(34.0, 0.0027572853606529944)	(35.0, 0.0027572853606529944)	(36.0, 0.004595475601088324)	(37.0, 0.008271856081958982)	(38.0, 0.011948236562829641)	(39.0, 0.012560966642974751)	(40.0, 0.01991372760471607)	(41.0, 0.032781059287763384)	(42.0, 0.04534202593073813)	(43.0, 0.04963113649175388)	(44.0, 0.07781672017842896)	(45.0, 0.6151810004656879)	(46.0, 8.047596872626753)	(47.0, 5.9344440087260555)	(48.0, 8.970674738364545)	(49.0, 17.44902085733124)	(50.0, 1.832982034754163)	(51.0, 3.6472758020634775)	(52.0, 4.020734785911995)	(53.0, 5.032352148232008)	(54.0, 5.6617791230613275)	(55.0, 1.548368912526726)	(56.0, 17.63605671429593)	(57.0, 16.578637778483724)	(58.0, 1.0456238817676238)	(59.0, 0.32444057743683596)	(60.0, 0.35323889120365665)	(61.0, 0.3559961765643098)	(62.0, 0.1302051420308359)	(63.0, 0.06127300801451097)	(64.0, 0.0609666429744384)	(65.0, 0.0278792186466025)	(66.0, 0.016850077203990524)	(67.0, 0.04641430357099207)	(68.0, 0.04488247837062929)	(69.0, 0.01547143452366402)	(70.0, 0.017462807284135635)	(71.0, 0.04258474057008511)	(72.0, 0.15440798019656748)	(73.0, 0.04319747065023021)	(74.0, 0.0006127300801451098)	(75.0, 0.0006127300801451098)	(76.0, 0.0006127300801451098)	(77.0, 0.0)	(78.0, 0.0)	(79.0, 0.0)	(80.0, 0.0)	(81.0, 0.0)	(82.0, 0.0)	(83.0, 0.0)	(84.0, 0.0)	(85.0, 0.0)	(86.0, 0.0009190951202176648)	(87.0, 0.0018381902404353296)	(88.0, 0.0009190951202176648)	(89.0, 0.0)	(90.0, 0.0)	(91.0, 0.0)	(92.0, 0.0)	(93.0, 0.0)	(94.0, 0.0)	(95.0, 0.0)	(96.0, 0.0)	(97.0, 0.0)	(98.0, 0.0)	(99.0, 0.0)	(100.0, 0.0)
036R_R_M_NS1_week6_S19_L001_R1_001	(0.0, 0.0)	(1.0, 0.0)	(2.0, 0.0)	(3.0, 0.0)	(4.0, 0.0)	(5.0, 0.0)	(6.0, 0.0)	(7.0, 0.0)	(8.0, 0.0)	(9.0, 0.0)	(10.0, 0.0)	(11.0, 0.0)	(12.0, 0.0)	(13.0, 0.0)	(14.0, 0.0)	(15.0, 0.0)	(16.0, 0.0)	(17.0, 0.0)	(18.0, 0.0)	(19.0, 0.0)	(20.0, 0.0)	(21.0, 0.0)	(22.0, 0.0)	(23.0, 0.0)	(24.0, 0.0)	(25.0, 0.0)	(26.0, 0.0)	(27.0, 0.0)	(28.0, 0.0)	(29.0, 0.0)	(30.0, 0.0)	(31.0, 0.0)	(32.0, 0.0008990137818811868)	(33.0, 0.0008990137818811868)	(34.0, 0.0)	(35.0, 0.0004495068909405934)	(36.0, 0.0)	(37.0, 0.0)	(38.0, 0.0008990137818811868)	(39.0, 0.0008990137818811868)	(40.0, 0.0)	(41.0, 0.006293096473168308)	(42.0, 0.017680604376996673)	(43.0, 0.040155948924026345)	(44.0, 0.1269107788755609)	(45.0, 0.4101001201681373)	(46.0, 1.2789969403563188)	(47.0, 18.130710610459353)	(48.0, 32.1884392821158)	(49.0, 5.182964288175695)	(50.0, 2.0812169050549745)	(51.0, 10.64821890385978)	(52.0, 17.032864947150124)	(53.0, 8.727625794502668)	(54.0, 2.5133428628791044)	(55.0, 1.0851096347305902)	(56.0, 0.12736028576650157)	(57.0, 0.030266797323333303)	(58.0, 0.03536120875399334)	(59.0, 0.06382997851356423)	(60.0, 0.01498356303135311)	(61.0, 0.016781590595115487)	(62.0, 0.1774053862912203)	(63.0, 0.04255331900904281)	(64.0, 0.010488494121947177)	(65.0, 0.004794740170032996)	(66.0, 0.0014983563031353113)	(67.0, 0.0)	(68.0, 0.0)	(69.0, 0.0)	(70.0, 0.0)	(71.0, 0.0)	(72.0, 0.0)	(73.0, 0.0)	(74.0, 0.0)	(75.0, 0.0)	(76.0, 0.0)	(77.0, 0.0)	(78.0, 0.0)	(79.0, 0.0)	(80.0, 0.0)	(81.0, 0.0)	(82.0, 0.0)	(83.0, 0.0)	(84.0, 0.0)	(85.0, 0.0)	(86.0, 0.0)	(87.0, 0.0)	(88.0, 0.0)	(89.0, 0.0)	(90.0, 0.0)	(91.0, 0.0)	(92.0, 0.0)	(93.0, 0.0)	(94.0, 0.0)	(95.0, 0.0)	(96.0, 0.0)	(97.0, 0.0)	(98.0, 0.0)	(99.0, 0.0)	(100.0, 0.0)
036R_R_M_NS1_week6_S19_L001_R2_001	(0.0, 0.0)	(1.0, 0.0)	(2.0, 0.0)	(3.0, 0.0)	(4.0, 0.0)	(5.0, 0.0)	(6.0, 0.0)	(7.0, 0.0)	(8.0, 0.0)	(9.0, 0.0)	(10.0, 0.0)	(11.0, 0.0)	(12.0, 0.0)	(13.0, 0.0)	(14.0, 0.0)	(15.0, 0.0)	(16.0, 0.0)	(17.0, 0.0)	(18.0, 0.0)	(19.0, 0.0)	(20.0, 0.0)	(21.0, 0.0)	(22.0, 0.0)	(23.0, 0.0)	(24.0, 0.0)	(25.0, 0.0)	(26.0, 0.0)	(27.0, 0.000871894059059256)	(28.0, 0.001743788118118512)	(29.0, 0.000871894059059256)	(30.0, 0.001743788118118512)	(31.0, 0.001743788118118512)	(32.0, 0.000871894059059256)	(33.0, 0.0026156821771777684)	(34.0, 0.00435947029529628)	(35.0, 0.00435947029529628)	(36.0, 0.007847046531533305)	(37.0, 0.012206516826829585)	(38.0, 0.016565987122125866)	(39.0, 0.02150672012346165)	(40.0, 0.026738084477817184)	(41.0, 0.023541139594599914)	(42.0, 0.03545702506840974)	(43.0, 0.06016069007508868)	(44.0, 0.09707087190859727)	(45.0, 0.7053622937789299)	(46.0, 10.963195898608946)	(47.0, 10.403439912693402)	(48.0, 12.050447790254891)	(49.0, 17.280358987848672)	(50.0, 1.7583196857695655)	(51.0, 4.370950233740597)	(52.0, 4.93739074077634)	(53.0, 6.90496500072091)	(54.0, 7.09707232506704)	(55.0, 1.033339775661725)	(56.0, 10.404166491076037)	(57.0, 10.07575306216398)	(58.0, 0.6034960045455126)	(59.0, 0.1797554918427165)	(60.0, 0.186004065932641)	(61.0, 0.17466944316487065)	(62.0, 0.07091405013681949)	(63.0, 0.04679164783618007)	(64.0, 0.058126270603950356)	(65.0, 0.03356792127378135)	(66.0, 0.01845509091675425)	(67.0, 0.03647423480397887)	(68.0, 0.031678817479152965)	(69.0, 0.011770569797299957)	(70.0, 0.016565987122125866)	(71.0, 0.040107126716725755)	(72.0, 0.15054704086423126)	(73.0, 0.027609978536876457)	(74.0, 0.0029063135301975198)	(75.0, 0.002034419471138264)	(76.0, 0.0005812627060395039)	(77.0, 0.0)	(78.0, 0.0)	(79.0, 0.0)	(80.0, 0.0)	(81.0, 0.0)	(82.0, 0.0005812627060395039)	(83.0, 0.0005812627060395039)	(84.0, 0.0)	(85.0, 0.0)	(86.0, 0.0)	(87.0, 0.0005812627060395039)	(88.0, 0.0)	(89.0, 0.0)	(90.0, 0.0)	(91.0, 0.0005812627060395039)	(92.0, 0.0005812627060395039)	(93.0, 0.0)	(94.0, 0.0)	(95.0, 0.0)	(96.0, 0.0)	(97.0, 0.0)	(98.0, 0.0)	(99.0, 0.0)	(100.0, 0.0)
036R_R_M_NS1_week7_S20_L001_R1_001	(0.0, 0.0)	(1.0, 0.0)	(2.0, 0.0)	(3.0, 0.0)	(4.0, 0.0)	(5.0, 0.0)	(6.0, 0.0)	(7.0, 0.0)	(8.0, 0.0)	(9.0, 0.0)	(10.0, 0.0)	(11.0, 0.0)	(12.0, 0.0)	(13.0, 0.0)	(14.0, 0.0)	(15.0, 0.0)	(16.0, 0.0)	(17.0, 0.0)	(18.0, 0.0)	(19.0, 0.0)	(20.0, 0.0)	(21.0, 0.0)	(22.0, 0.0)	(23.0, 0.0)	(24.0, 0.0)	(25.0, 0.0)	(26.0, 0.0)	(27.0, 0.0)	(28.0, 0.0)	(29.0, 0.0)	(30.0, 0.0)	(31.0, 0.0)	(32.0, 0.0)	(33.0, 0.0)	(34.0, 0.0)	(35.0, 0.0)	(36.0, 0.0)	(37.0, 0.0)	(38.0, 0.0)	(39.0, 0.0)	(40.0, 0.005597702966123376)	(41.0, 0.01053685264211459)	(42.0, 0.017780938833568374)	(43.0, 0.049885411727511264)	(44.0, 0.11475291080552924)	(45.0, 0.18900479426793024)	(46.0, 0.7423541963014731)	(47.0, 15.779595384851245)	(48.0, 23.759779516363594)	(49.0, 3.566066066065406)	(50.0, 1.5797047047045618)	(51.0, 19.65057162425398)	(52.0, 23.891819451035307)	(53.0, 6.839734471313512)	(54.0, 2.437470365101661)	(55.0, 0.85628391549433)	(56.0, 0.09614878035929578)	(57.0, 0.02584821663768736)	(58.0, 0.029799536378480335)	(59.0, 0.058281966176696266)	(60.0, 0.013829619092775398)	(61.0, 0.022061535219427428)	(62.0, 0.2130419893577535)	(63.0, 0.032927664506608105)	(64.0, 0.008561192771718105)	(65.0, 0.004939149675991215)	(66.0, 0.001646383225330405)	(67.0, 0.0)	(68.0, 0.0)	(69.0, 0.0)	(70.0, 0.0)	(71.0, 0.0)	(72.0, 0.0)	(73.0, 0.0)	(74.0, 0.000987829935198243)	(75.0, 0.000987829935198243)	(76.0, 0.0)	(77.0, 0.0)	(78.0, 0.0)	(79.0, 0.0)	(80.0, 0.0)	(81.0, 0.0)	(82.0, 0.0)	(83.0, 0.0)	(84.0, 0.0)	(85.0, 0.0)	(86.0, 0.0)	(87.0, 0.0)	(88.0, 0.0)	(89.0, 0.0)	(90.0, 0.0)	(91.0, 0.0)	(92.0, 0.0)	(93.0, 0.0)	(94.0, 0.0)	(95.0, 0.0)	(96.0, 0.0)	(97.0, 0.0)	(98.0, 0.0)	(99.0, 0.0)	(100.0, 0.0)
036R_R_M_NS1_week7_S20_L001_R2_001	(0.0, 0.0)	(1.0, 0.0)	(2.0, 0.0)	(3.0, 0.0)	(4.0, 0.0)	(5.0, 0.0)	(6.0, 0.0)	(7.0, 0.0)	(8.0, 0.0)	(9.0, 0.0)	(10.0, 0.0)	(11.0, 0.0)	(12.0, 0.0)	(13.0, 0.0)	(14.0, 0.0)	(15.0, 0.0)	(16.0, 0.0)	(17.0, 0.0)	(18.0, 0.0)	(19.0, 0.0)	(20.0, 0.0)	(21.0, 0.0)	(22.0, 0.0)	(23.0, 0.0)	(24.0, 0.0)	(25.0, 0.0)	(26.0, 0.0)	(27.0, 0.0)	(28.0, 0.0)	(29.0, 0.0)	(30.0, 0.0)	(31.0, 0.0)	(32.0, 0.0006524231812480684)	(33.0, 0.0)	(34.0, 0.0009786347718721026)	(35.0, 0.002935904315616308)	(36.0, 0.005545597040608582)	(37.0, 0.006850443403104718)	(38.0, 0.005871808631232616)	(39.0, 0.0039145390874884105)	(40.0, 0.011091194081217162)	(41.0, 0.020225118618690117)	(42.0, 0.03425221701552359)	(43.0, 0.06491610653418277)	(44.0, 0.10471392059031509)	(45.0, 0.7651292858086634)	(46.0, 10.215642171981711)	(47.0, 8.75959673723264)	(48.0, 9.444804183337801)	(49.0, 10.726652628693802)	(50.0, 1.3102288537414453)	(51.0, 4.034095635451795)	(52.0, 4.7946579589920555)	(53.0, 3.6286146283061855)	(54.0, 3.683744387121648)	(55.0, 1.19360821009334)	(56.0, 18.851115398981044)	(57.0, 19.088108119569792)	(58.0, 1.323929740547652)	(59.0, 0.3956946594269544)	(60.0, 0.38248309000668135)	(61.0, 0.34839397878646944)	(62.0, 0.1392923491964626)	(63.0, 0.08840334105911327)	(64.0, 0.08530433094818496)	(65.0, 0.05072590234203731)	(66.0, 0.03229494747177939)	(67.0, 0.042407506781124434)	(68.0, 0.039634708260820155)	(69.0, 0.028706619974915016)	(70.0, 0.028380408384290984)	(71.0, 0.03849296769363603)	(72.0, 0.16897760394324943)	(73.0, 0.03881917928426006)	(74.0, 0.005871808631232616)	(75.0, 0.0009786347718721026)	(76.0, 0.0006524231812480684)	(77.0, 0.0)	(78.0, 0.0)	(79.0, 0.0)	(80.0, 0.0)	(81.0, 0.0)	(82.0, 0.0)	(83.0, 0.0)	(84.0, 0.0)	(85.0, 0.0)	(86.0, 0.0)	(87.0, 0.0)	(88.0, 0.0)	(89.0, 0.0)	(90.0, 0.0)	(91.0, 0.0)	(92.0, 0.0)	(93.0, 0.0)	(94.0, 0.0)	(95.0, 0.0006524231812480684)	(96.0, 0.0006524231812480684)	(97.0, 0.0)	(98.0, 0.0006524231812480684)	(99.0, 0.0006524231812480684)	(100.0, 0.0)
036R_R_M_NS1_week9_S21_L001_R1_001	(0.0, 0.0)	(1.0, 0.0)	(2.0, 0.0)	(3.0, 0.0)	(4.0, 0.0)	(5.0, 0.0)	(6.0, 0.0)	(7.0, 0.0)	(8.0, 0.0)	(9.0, 0.0)	(10.0, 0.0)	(11.0, 0.0)	(12.0, 0.0)	(13.0, 0.0)	(14.0, 0.0)	(15.0, 0.0)	(16.0, 0.0)	(17.0, 0.0)	(18.0, 0.0)	(19.0, 0.0)	(20.0, 0.0)	(21.0, 0.0)	(22.0, 0.0)	(23.0, 0.0)	(24.0, 0.0)	(25.0, 0.0)	(26.0, 0.0006586031685398001)	(27.0, 0.0)	(28.0, 0.0)	(29.0, 0.0)	(30.0, 0.0)	(31.0, 0.0)	(32.0, 0.0)	(33.0, 0.0)	(34.0, 0.0)	(35.0, 0.0)	(36.0, 0.0)	(37.0, 0.0)	(38.0, 0.0009879047528097002)	(39.0, 0.0032930158426990003)	(40.0, 0.0032930158426990003)	(41.0, 0.005927428516858201)	(42.0, 0.024039015651702706)	(43.0, 0.07491611042140224)	(44.0, 0.19214747442148664)	(45.0, 0.3617377903204859)	(46.0, 1.3027170673717332)	(47.0, 17.758081884127748)	(48.0, 26.949712355077963)	(49.0, 4.5921105926436345)	(50.0, 2.4121341047770226)	(51.0, 14.86039259334315)	(52.0, 19.320947203075487)	(53.0, 7.505771010264993)	(54.0, 3.0274341149851978)	(55.0, 1.0126023716299215)	(56.0, 0.12842761786526125)	(57.0, 0.036223174269689004)	(58.0, 0.03704642823036376)	(59.0, 0.05268825348318396)	(60.0, 0.015147872876415398)	(61.0, 0.03194225367418032)	(62.0, 0.22458368047207083)	(63.0, 0.04429106308430153)	(64.0, 0.01070230148877175)	(65.0, 0.006750682477532951)	(66.0, 0.0013172063370796001)	(67.0, 0.0)	(68.0, 0.0)	(69.0, 0.0009879047528097002)	(70.0, 0.0009879047528097002)	(71.0, 0.0)	(72.0, 0.0)	(73.0, 0.0)	(74.0, 0.0)	(75.0, 0.0)	(76.0, 0.0)	(77.0, 0.0)	(78.0, 0.0)	(79.0, 0.0)	(80.0, 0.0)	(81.0, 0.0)	(82.0, 0.0)	(83.0, 0.0)	(84.0, 0.0)	(85.0, 0.0)	(86.0, 0.0)	(87.0, 0.0)	(88.0, 0.0)	(89.0, 0.0)	(90.0, 0.0)	(91.0, 0.0)	(92.0, 0.0)	(93.0, 0.0)	(94.0, 0.0)	(95.0, 0.0)	(96.0, 0.0)	(97.0, 0.0)	(98.0, 0.0)	(99.0, 0.0)	(100.0, 0.0)
036R_R_M_NS1_week9_S21_L001_R2_001	(0.0, 0.0)	(1.0, 0.0)	(2.0, 0.0)	(3.0, 0.0)	(4.0, 0.0)	(5.0, 0.0)	(6.0, 0.0)	(7.0, 0.0)	(8.0, 0.0)	(9.0, 0.0)	(10.0, 0.0)	(11.0, 0.0)	(12.0, 0.0)	(13.0, 0.0)	(14.0, 0.0)	(15.0, 0.0)	(16.0, 0.0)	(17.0, 0.0)	(18.0, 0.0)	(19.0, 0.0)	(20.0, 0.0)	(21.0, 0.0)	(22.0, 0.0)	(23.0, 0.0)	(24.0, 0.0)	(25.0, 0.0)	(26.0, 0.0)	(27.0, 0.0009714742769803932)	(28.0, 0.0009714742769803932)	(29.0, 0.0)	(30.0, 0.0009714742769803932)	(31.0, 0.0009714742769803932)	(32.0, 0.0009714742769803932)	(33.0, 0.003885897107921573)	(34.0, 0.00582884566188236)	(35.0, 0.008419443733830075)	(36.0, 0.012952990359738577)	(37.0, 0.013600639877725508)	(38.0, 0.02104860933457519)	(39.0, 0.028172754032431406)	(40.0, 0.025905980719477154)	(41.0, 0.03141100162236604)	(42.0, 0.0527834357159347)	(43.0, 0.06282200324473207)	(44.0, 0.1321205016693336)	(45.0, 1.0415823373024629)	(46.0, 10.966163550932903)	(47.0, 9.518181141094924)	(48.0, 10.550534472765195)	(49.0, 13.03718479707381)	(50.0, 1.6665641221599092)	(51.0, 3.834732796000305)	(52.0, 4.304278696540932)	(53.0, 5.770233380504965)	(54.0, 6.177928752077897)	(55.0, 1.5265099138952183)	(56.0, 14.745036576004047)	(57.0, 14.015135569233383)	(58.0, 0.9607880599335953)	(59.0, 0.30504292297184343)	(60.0, 0.2548500853278562)	(61.0, 0.2509641882199343)	(62.0, 0.10815746950381716)	(63.0, 0.0692984984246014)	(64.0, 0.05796463185983009)	(65.0, 0.027363192134947742)	(66.0, 0.023963032165516363)	(67.0, 0.039506620597202655)	(68.0, 0.037563672043241875)	(69.0, 0.015867413190679757)	(70.0, 0.018781836021620937)	(71.0, 0.043716342464117666)	(72.0, 0.17939891648237888)	(73.0, 0.04177339391015689)	(74.0, 0.0006476495179869288)	(75.0, 0.0)	(76.0, 0.0006476495179869288)	(77.0, 0.0006476495179869288)	(78.0, 0.0)	(79.0, 0.0)	(80.0, 0.0009714742769803932)	(81.0, 0.0009714742769803932)	(82.0, 0.0)	(83.0, 0.0)	(84.0, 0.0)	(85.0, 0.0)	(86.0, 0.0006476495179869288)	(87.0, 0.0)	(88.0, 0.0)	(89.0, 0.0)	(90.0, 0.0)	(91.0, 0.0006476495179869288)	(92.0, 0.0006476495179869288)	(93.0, 0.0)	(94.0, 0.0)	(95.0, 0.0)	(96.0, 0.0)	(97.0, 0.0)	(98.0, 0.0006476495179869288)	(99.0, 0.0006476495179869288)	(100.0, 0.0)
073R_0_M_S2_week5_S52_L001_R1_001	(0.0, 0.0)	(1.0, 0.0)	(2.0, 0.0)	(3.0, 0.0)	(4.0, 0.0)	(5.0, 0.0)	(6.0, 0.0)	(7.0, 0.0)	(8.0, 0.0)	(9.0, 0.0)	(10.0, 0.0)	(11.0, 0.0)	(12.0, 0.0)	(13.0, 0.0)	(14.0, 0.0)	(15.0, 0.0)	(16.0, 0.0)	(17.0, 0.0)	(18.0, 0.0)	(19.0, 0.0)	(20.0, 0.0)	(21.0, 0.0)	(22.0, 0.0)	(23.0, 0.0)	(24.0, 0.0)	(25.0, 0.0)	(26.0, 0.0)	(27.0, 0.0)	(28.0, 0.0)	(29.0, 0.0)	(30.0, 0.0)	(31.0, 0.0)	(32.0, 0.0)	(33.0, 0.0)	(34.0, 0.0)	(35.0, 0.0004721028523272479)	(36.0, 0.0)	(37.0, 0.0)	(38.0, 0.0)	(39.0, 0.0004721028523272479)	(40.0, 0.0009442057046544958)	(41.0, 0.005665234227926975)	(42.0, 0.016995702683780926)	(43.0, 0.0394205881693252)	(44.0, 0.08497851341890465)	(45.0, 0.12652356442370233)	(46.0, 0.37024666193764716)	(47.0, 16.793996740129312)	(48.0, 17.978738848046678)	(49.0, 3.4915546700992506)	(50.0, 4.0361253102589725)	(51.0, 21.520808523351302)	(52.0, 25.767255654315598)	(53.0, 7.065373262216419)	(54.0, 1.6419737203941904)	(55.0, 0.6238839193504485)	(56.0, 0.11896991878646641)	(57.0, 0.04744633665888839)	(58.0, 0.10268237038117643)	(59.0, 0.10091198468494933)	(60.0, 0.013454931291326567)	(61.0, 0.005901285654090599)	(62.0, 0.03611586820303443)	(63.0, 0.00660943993258147)	(64.0, 0.0012982828438999317)	(65.0, 0.0004721028523272479)	(66.0, 0.0)	(67.0, 0.00035407713924543593)	(68.0, 0.00035407713924543593)	(69.0, 0.0)	(70.0, 0.0)	(71.0, 0.0)	(72.0, 0.0)	(73.0, 0.0)	(74.0, 0.0)	(75.0, 0.0)	(76.0, 0.0)	(77.0, 0.0)	(78.0, 0.0)	(79.0, 0.0)	(80.0, 0.0)	(81.0, 0.0)	(82.0, 0.0)	(83.0, 0.0)	(84.0, 0.0)	(85.0, 0.0)	(86.0, 0.0)	(87.0, 0.0)	(88.0, 0.0)	(89.0, 0.0)	(90.0, 0.0)	(91.0, 0.0)	(92.0, 0.0)	(93.0, 0.0)	(94.0, 0.0)	(95.0, 0.0)	(96.0, 0.0)	(97.0, 0.0)	(98.0, 0.0)	(99.0, 0.0)	(100.0, 0.0)
073R_0_M_S2_week5_S52_L001_R2_001	(0.0, 0.0)	(1.0, 0.0)	(2.0, 0.0)	(3.0, 0.0)	(4.0, 0.0)	(5.0, 0.0)	(6.0, 0.0)	(7.0, 0.0)	(8.0, 0.0)	(9.0, 0.0)	(10.0, 0.0)	(11.0, 0.0)	(12.0, 0.0)	(13.0, 0.0)	(14.0, 0.0)	(15.0, 0.0)	(16.0, 0.0)	(17.0, 0.0)	(18.0, 0.0)	(19.0, 0.0)	(20.0, 0.0)	(21.0, 0.0)	(22.0, 0.0)	(23.0, 0.0)	(24.0, 0.0)	(25.0, 0.0)	(26.0, 0.0)	(27.0, 0.0)	(28.0, 0.0)	(29.0, 0.0)	(30.0, 0.0)	(31.0, 0.0007124393090761791)	(32.0, 0.0007124393090761791)	(33.0, 0.0)	(34.0, 0.0014248786181523582)	(35.0, 0.0049870751635332534)	(36.0, 0.006886913321069732)	(37.0, 0.005699514472609433)	(38.0, 0.0049870751635332534)	(39.0, 0.010686589636142687)	(40.0, 0.0182859422662886)	(41.0, 0.02256057812074567)	(42.0, 0.03158480936904395)	(43.0, 0.04583359555056751)	(44.0, 0.09665426626466837)	(45.0, 0.9522938764651682)	(46.0, 16.21844339135354)	(47.0, 13.293642547820841)	(48.0, 1.281440837258393)	(49.0, 0.6284902104900295)	(50.0, 0.4713973428387374)	(51.0, 3.1171594569778085)	(52.0, 3.806325748624463)	(53.0, 7.494505311826437)	(54.0, 6.598850360433597)	(55.0, 1.7116354400555243)	(56.0, 20.64340394003292)	(57.0, 20.581777939797785)	(58.0, 1.2397631376774247)	(59.0, 0.3526574579927098)	(60.0, 0.41986423281556207)	(61.0, 0.44622448725138003)	(62.0, 0.14557509882123248)	(63.0, 0.09392324891320963)	(64.0, 0.11066557267649976)	(65.0, 0.041915179350648514)	(66.0, 0.013892566526985492)	(67.0, 0.009974150327066507)	(68.0, 0.007124393090761791)	(69.0, 0.005699514472609433)	(70.0, 0.004749595393841194)	(71.0, 0.011399028945218862)	(72.0, 0.0322972486781201)	(73.0, 0.008905491363452235)	(74.0, 0.0011873988484602984)	(75.0, 0.0)	(76.0, 0.0008311791939222088)	(77.0, 0.00047495953938411935)	(78.0, 0.0)	(79.0, 0.0)	(80.0, 0.0)	(81.0, 0.0)	(82.0, 0.0)	(83.0, 0.0)	(84.0, 0.0)	(85.0, 0.0)	(86.0, 0.00035621965453808954)	(87.0, 0.0)	(88.0, 0.0)	(89.0, 0.0)	(90.0, 0.0)	(91.0, 0.0)	(92.0, 0.00047495953938411935)	(93.0, 0.00047495953938411935)	(94.0, 0.0)	(95.0, 0.0)	(96.0, 0.0)	(97.0, 0.0)	(98.0, 0.00047495953938411935)	(99.0, 0.0)	(100.0, 0.0007124393090761791)
073R_0_M_S2_week6_S53_L001_R1_001	(0.0, 0.0)	(1.0, 0.0)	(2.0, 0.0)	(3.0, 0.0)	(4.0, 0.0)	(5.0, 0.0)	(6.0, 0.0)	(7.0, 0.0)	(8.0, 0.0)	(9.0, 0.0)	(10.0, 0.0)	(11.0, 0.0)	(12.0, 0.0)	(13.0, 0.0)	(14.0, 0.0)	(15.0, 0.0)	(16.0, 0.0)	(17.0, 0.0)	(18.0, 0.0)	(19.0, 0.0)	(20.0, 0.0)	(21.0, 0.0)	(22.0, 0.0)	(23.0, 0.0)	(24.0, 0.0)	(25.0, 0.0)	(26.0, 0.0)	(27.0, 0.0)	(28.0, 0.0)	(29.0, 0.0)	(30.0, 0.0)	(31.0, 0.0)	(32.0, 0.0)	(33.0, 0.00039273826939866533)	(34.0, 0.00039273826939866533)	(35.0, 0.0)	(36.0, 0.0)	(37.0, 0.0)	(38.0, 0.001178214808195996)	(39.0, 0.002749167885790657)	(40.0, 0.0023564296163919914)	(41.0, 0.009032980196169303)	(42.0, 0.020226020874031265)	(43.0, 0.05380514290761716)	(44.0, 0.11173403764392023)	(45.0, 0.17211754656396502)	(46.0, 0.48395173246650014)	(47.0, 18.54932301741358)	(48.0, 19.935100000985866)	(49.0, 4.6365698239540585)	(50.0, 4.993667095404725)	(51.0, 18.594291549259754)	(52.0, 22.89408830719205)	(53.0, 6.739290518312919)	(54.0, 1.7528890808935276)	(55.0, 0.5596520338930877)	(56.0, 0.1297018134689088)	(57.0, 0.03888108867046784)	(58.0, 0.09455173835772862)	(59.0, 0.10486111792944348)	(60.0, 0.020226020874031265)	(61.0, 0.017575037555590284)	(62.0, 0.06588184469162625)	(63.0, 0.009818456734966629)	(64.0, 0.0019636913469933265)	(65.0, 0.0031419061551893226)	(66.0, 0.000589107404097998)	(67.0, 0.0)	(68.0, 0.0)	(69.0, 0.0)	(70.0, 0.0)	(71.0, 0.0)	(72.0, 0.0)	(73.0, 0.0)	(74.0, 0.0)	(75.0, 0.0)	(76.0, 0.0)	(77.0, 0.0)	(78.0, 0.0)	(79.0, 0.0)	(80.0, 0.0)	(81.0, 0.0)	(82.0, 0.0)	(83.0, 0.0)	(84.0, 0.0)	(85.0, 0.0)	(86.0, 0.0)	(87.0, 0.0)	(88.0, 0.0)	(89.0, 0.0)	(90.0, 0.0)	(91.0, 0.0)	(92.0, 0.0)	(93.0, 0.0)	(94.0, 0.0)	(95.0, 0.0)	(96.0, 0.0)	(97.0, 0.0)	(98.0, 0.0)	(99.0, 0.0)	(100.0, 0.0)
073R_0_M_S2_week6_S53_L001_R2_001	(0.0, 0.0)	(1.0, 0.0)	(2.0, 0.0)	(3.0, 0.0)	(4.0, 0.0)	(5.0, 0.0)	(6.0, 0.0)	(7.0, 0.0)	(8.0, 0.0)	(9.0, 0.0)	(10.0, 0.0)	(11.0, 0.0)	(12.0, 0.0)	(13.0, 0.0)	(14.0, 0.0)	(15.0, 0.0)	(16.0, 0.0)	(17.0, 0.0)	(18.0, 0.0)	(19.0, 0.0)	(20.0, 0.0)	(21.0, 0.0)	(22.0, 0.0)	(23.0, 0.0)	(24.0, 0.0006025294184986516)	(25.0, 0.0006025294184986516)	(26.0, 0.0)	(27.0, 0.0006025294184986516)	(28.0, 0.0006025294184986516)	(29.0, 0.0006025294184986516)	(30.0, 0.0006025294184986516)	(31.0, 0.0)	(32.0, 0.0006025294184986516)	(33.0, 0.0018075882554959549)	(34.0, 0.0030126470924932585)	(35.0, 0.007230353021983819)	(36.0, 0.010644686393476181)	(37.0, 0.009138362847229551)	(38.0, 0.00984131383547798)	(39.0, 0.014862392322966742)	(40.0, 0.02149021592645191)	(41.0, 0.028519725808936178)	(42.0, 0.04217705929490562)	(43.0, 0.07571786359133062)	(44.0, 0.14159441334718276)	(45.0, 1.5647688998409788)	(46.0, 18.17128304623325)	(47.0, 13.01252658660822)	(48.0, 1.8604100011842646)	(49.0, 0.8643284508363256)	(50.0, 0.6168897029728613)	(51.0, 4.250142096520288)	(52.0, 4.734274484284158)	(53.0, 7.54617885884548)	(54.0, 6.1918935692011585)	(55.0, 1.7437201371350612)	(56.0, 18.215669380061954)	(57.0, 18.063731545030297)	(58.0, 1.2178123763555604)	(59.0, 0.34876411174097)	(60.0, 0.359710062843695)	(61.0, 0.34464682738122915)	(62.0, 0.13848134468494003)	(63.0, 0.10604517765576268)	(64.0, 0.08877266765880136)	(65.0, 0.03755766708641593)	(66.0, 0.019481784531456405)	(67.0, 0.018678411973458202)	(68.0, 0.013757755055719216)	(69.0, 0.006426980463985617)	(70.0, 0.00743119616148337)	(71.0, 0.015464921741465399)	(72.0, 0.052219216269883184)	(73.0, 0.012452274648972134)	(74.0, 0.0014059019764968536)	(75.0, 0.00040168627899910106)	(76.0, 0.00040168627899910106)	(77.0, 0.0)	(78.0, 0.0)	(79.0, 0.0)	(80.0, 0.0)	(81.0, 0.00040168627899910106)	(82.0, 0.00040168627899910106)	(83.0, 0.00040168627899910106)	(84.0, 0.0)	(85.0, 0.0)	(86.0, 0.0)	(87.0, 0.0)	(88.0, 0.0)	(89.0, 0.00040168627899910106)	(90.0, 0.0)	(91.0, 0.0)	(92.0, 0.0006025294184986516)	(93.0, 0.0012050588369973032)	(94.0, 0.0006025294184986516)	(95.0, 0.0)	(96.0, 0.0)	(97.0, 0.0)	(98.0, 0.0)	(99.0, 0.0)	(100.0, 0.0)
073R_0_M_S2_week7_S54_L001_R1_001	(0.0, 0.0)	(1.0, 0.0)	(2.0, 0.0)	(3.0, 0.0)	(4.0, 0.0)	(5.0, 0.0)	(6.0, 0.0)	(7.0, 0.0)	(8.0, 0.0)	(9.0, 0.0)	(10.0, 0.0)	(11.0, 0.0)	(12.0, 0.0)	(13.0, 0.0)	(14.0, 0.0)	(15.0, 0.0)	(16.0, 0.0)	(17.0, 0.0)	(18.0, 0.0)	(19.0, 0.0)	(20.0, 0.0)	(21.0, 0.0)	(22.0, 0.0)	(23.0, 0.0)	(24.0, 0.0)	(25.0, 0.0)	(26.0, 0.0)	(27.0, 0.000712268468230956)	(28.0, 0.000356134234115478)	(29.0, 0.0)	(30.0, 0.0)	(31.0, 0.0)	(32.0, 0.0)	(33.0, 0.0)	(34.0, 0.0)	(35.0, 0.000890335585288695)	(36.0, 0.001424536936461912)	(37.0, 0.0012464698194041728)	(38.0, 0.000356134234115478)	(39.0, 0.00178067117057739)	(40.0, 0.005163946394674431)	(41.0, 0.00712268468230956)	(42.0, 0.018340913056947118)	(43.0, 0.057426645251120845)	(44.0, 0.1258044182012925)	(45.0, 0.18225169430859595)	(46.0, 0.5313522773002842)	(47.0, 19.1163953517404)	(48.0, 19.885467230310006)	(49.0, 4.347419629406925)	(50.0, 4.591193512658793)	(51.0, 18.079866663350995)	(52.0, 23.273283165879793)	(53.0, 7.466532285346106)	(54.0, 1.4322828560538974)	(55.0, 0.43252502733324255)	(56.0, 0.10906610919786479)	(57.0, 0.02991527566570014)	(58.0, 0.10657316955905649)	(59.0, 0.10541573329818114)	(60.0, 0.009971758555233383)	(61.0, 0.012019530401397385)	(62.0, 0.05528983984642807)	(63.0, 0.010505959906406603)	(64.0, 0.001424536936461912)	(65.0, 0.0)	(66.0, 0.0)	(67.0, 0.0)	(68.0, 0.0)	(69.0, 0.0)	(70.0, 0.0)	(71.0, 0.0)	(72.0, 0.0)	(73.0, 0.0)	(74.0, 0.0)	(75.0, 0.0)	(76.0, 0.0)	(77.0, 0.0)	(78.0, 0.0)	(79.0, 0.0)	(80.0, 0.0)	(81.0, 0.0)	(82.0, 0.0)	(83.0, 0.0)	(84.0, 0.0)	(85.0, 0.0)	(86.0, 0.0)	(87.0, 0.0)	(88.0, 0.0)	(89.0, 0.0)	(90.0, 0.0)	(91.0, 0.0)	(92.0, 0.0)	(93.0, 0.0)	(94.0, 0.0)	(95.0, 0.0)	(96.0, 0.0)	(97.0, 0.0)	(98.0, 0.0)	(99.0, 0.0002671006755866085)	(100.0, 0.000356134234115478)
073R_0_M_S2_week7_S54_L001_R2_001	(0.0, 0.0)	(1.0, 0.0)	(2.0, 0.0)	(3.0, 0.0)	(4.0, 0.0)	(5.0, 0.0)	(6.0, 0.0)	(7.0, 0.0)	(8.0, 0.0)	(9.0, 0.0)	(10.0, 0.0)	(11.0, 0.0)	(12.0, 0.0)	(13.0, 0.0)	(14.0, 0.0)	(15.0, 0.0)	(16.0, 0.0)	(17.0, 0.0)	(18.0, 0.0)	(19.0, 0.0)	(20.0, 0.0)	(21.0, 0.0)	(22.0, 0.0)	(23.0, 0.0)	(24.0, 0.0)	(25.0, 0.0)	(26.0, 0.0)	(27.0, 0.0)	(28.0, 0.0)	(29.0, 0.0)	(30.0, 0.000553350862258807)	(31.0, 0.001106701724517614)	(32.0, 0.000553350862258807)	(33.0, 0.0)	(34.0, 0.002766754311294035)	(35.0, 0.0077469120716232975)	(36.0, 0.00866916350872131)	(37.0, 0.008115812646462503)	(38.0, 0.010513666382917333)	(39.0, 0.01826057845454063)	(40.0, 0.024347437939387505)	(41.0, 0.031172098573912788)	(42.0, 0.04832597530393582)	(43.0, 0.07248896295590379)	(44.0, 0.13243530636727405)	(45.0, 1.9951987590177003)	(46.0, 19.145294258158195)	(47.0, 11.832670388256629)	(48.0, 1.9039880918887424)	(49.0, 0.8864680813386243)	(50.0, 0.6440081785255397)	(51.0, 4.95267466750416)	(52.0, 5.493114009643129)	(53.0, 7.271860356372548)	(54.0, 6.158426196365099)	(55.0, 1.6672461479857414)	(56.0, 17.524621807747504)	(57.0, 17.593513990098884)	(58.0, 1.2068582305864812)	(59.0, 0.35156224782176193)	(60.0, 0.27390867681811065)	(61.0, 0.24679448456742903)	(62.0, 0.11758705822999642)	(63.0, 0.0894583893985071)	(64.0, 0.10393773696094569)	(65.0, 0.03901123578924588)	(66.0, 0.012542619544532958)	(67.0, 0.01420267213130938)	(68.0, 0.015862724718085804)	(69.0, 0.00940696465839972)	(70.0, 0.00553350862258807)	(71.0, 0.011989268682274155)	(72.0, 0.04500587013038299)	(73.0, 0.015954949861795607)	(74.0, 0.0020289531616156254)	(75.0, 0.00036890057483920463)	(76.0, 0.00036890057483920463)	(77.0, 0.0)	(78.0, 0.0)	(79.0, 0.0)	(80.0, 0.0)	(81.0, 0.0)	(82.0, 0.0)	(83.0, 0.0)	(84.0, 0.000553350862258807)	(85.0, 0.000553350862258807)	(86.0, 0.0)	(87.0, 0.0)	(88.0, 0.0)	(89.0, 0.0)	(90.0, 0.0)	(91.0, 0.0)	(92.0, 0.00036890057483920463)	(93.0, 0.0)	(94.0, 0.0)	(95.0, 0.0)	(96.0, 0.0)	(97.0, 0.0)	(98.0, 0.0)	(99.0, 0.0)	(100.0, 0.0)
073R_0_M_S2_week9_S55_L001_R1_001	(0.0, 0.0)	(1.0, 0.0)	(2.0, 0.0)	(3.0, 0.0)	(4.0, 0.0)	(5.0, 0.0)	(6.0, 0.0)	(7.0, 0.0)	(8.0, 0.0)	(9.0, 0.0)	(10.0, 0.0)	(11.0, 0.0)	(12.0, 0.0)	(13.0, 0.0)	(14.0, 0.0)	(15.0, 0.0)	(16.0, 0.0)	(17.0, 0.0)	(18.0, 0.0)	(19.0, 0.0)	(20.0, 0.0)	(21.0, 0.0)	(22.0, 0.0)	(23.0, 0.0)	(24.0, 0.0)	(25.0, 0.0)	(26.0, 0.0)	(27.0, 0.0)	(28.0, 0.0003994463673347333)	(29.0, 0.0003994463673347333)	(30.0, 0.0)	(31.0, 0.0003994463673347333)	(32.0, 0.0003994463673347333)	(33.0, 0.0)	(34.0, 0.0)	(35.0, 0.0007988927346694666)	(36.0, 0.0009986159183368332)	(37.0, 0.0005991695510021)	(38.0, 0.0009986159183368332)	(39.0, 0.0019972318366736665)	(40.0, 0.0029958477550105)	(41.0, 0.008987543265031499)	(42.0, 0.01837453289739774)	(43.0, 0.04493771632515751)	(44.0, 0.1246272666084367)	(45.0, 0.19093536358600247)	(46.0, 0.5641181322684686)	(47.0, 18.240019333209414)	(48.0, 18.577251928832368)	(49.0, 4.53511433153559)	(50.0, 4.852873916750508)	(51.0, 19.042706808369942)	(52.0, 24.11587539668973)	(53.0, 7.419316826874011)	(54.0, 1.4451969570170715)	(55.0, 0.43989031202737156)	(56.0, 0.10834982713954622)	(57.0, 0.031056955060275504)	(58.0, 0.08717916967080562)	(59.0, 0.09017501742581606)	(60.0, 0.009486851224199915)	(61.0, 0.0053925259590189)	(62.0, 0.02756179934609658)	(63.0, 0.008088788938528348)	(64.0, 0.0012982006938378832)	(65.0, 0.0)	(66.0, 0.0005991695510021)	(67.0, 0.0005991695510021)	(68.0, 0.0)	(69.0, 0.0)	(70.0, 0.0)	(71.0, 0.0)	(72.0, 0.0)	(73.0, 0.0)	(74.0, 0.0)	(75.0, 0.0)	(76.0, 0.0)	(77.0, 0.0)	(78.0, 0.0)	(79.0, 0.0)	(80.0, 0.0)	(81.0, 0.0)	(82.0, 0.0)	(83.0, 0.0)	(84.0, 0.0)	(85.0, 0.0)	(86.0, 0.0)	(87.0, 0.0)	(88.0, 0.0)	(89.0, 0.0)	(90.0, 0.0)	(91.0, 0.0)	(92.0, 0.0)	(93.0, 0.0)	(94.0, 0.0)	(95.0, 0.0)	(96.0, 0.0)	(97.0, 0.0)	(98.0, 0.0)	(99.0, 0.0)	(100.0, 0.0)
073R_0_M_S2_week9_S55_L001_R2_001	(0.0, 0.0)	(1.0, 0.0)	(2.0, 0.0)	(3.0, 0.0)	(4.0, 0.0)	(5.0, 0.0)	(6.0, 0.0)	(7.0, 0.0)	(8.0, 0.0)	(9.0, 0.0)	(10.0, 0.0)	(11.0, 0.0)	(12.0, 0.0)	(13.0, 0.0)	(14.0, 0.0)	(15.0, 0.0)	(16.0, 0.0)	(17.0, 0.0)	(18.0, 0.0)	(19.0, 0.0)	(20.0, 0.0)	(21.0, 0.0)	(22.0, 0.0)	(23.0, 0.0)	(24.0, 0.0)	(25.0, 0.0)	(26.0, 0.0)	(27.0, 0.0)	(28.0, 0.0006371252906882068)	(29.0, 0.0019113758720646205)	(30.0, 0.0019113758720646205)	(31.0, 0.0012742505813764136)	(32.0, 0.0006371252906882068)	(33.0, 0.0019113758720646205)	(34.0, 0.004884627228609585)	(35.0, 0.004247501937921378)	(36.0, 0.003822751744129241)	(37.0, 0.006371252906882067)	(38.0, 0.010194004651011309)	(39.0, 0.01359200620134841)	(40.0, 0.019113758720646204)	(41.0, 0.030794389049929986)	(42.0, 0.04608539602644694)	(43.0, 0.07666740997948095)	(44.0, 0.16554638803048533)	(45.0, 2.8528346766047727)	(46.0, 18.99907616833402)	(47.0, 7.406262941604043)	(48.0, 2.0437917449792264)	(49.0, 0.9331761757613374)	(50.0, 0.6666454291567514)	(51.0, 4.815711509667539)	(52.0, 5.416733033883403)	(53.0, 7.57032270395613)	(54.0, 6.339396642347572)	(55.0, 1.7289456638308731)	(56.0, 18.981767597935992)	(57.0, 19.187665254377155)	(58.0, 1.3313794824414908)	(59.0, 0.3538169114288518)	(60.0, 0.3151646437937676)	(61.0, 0.265044120926295)	(62.0, 0.11415161458163704)	(63.0, 0.08399435082239526)	(64.0, 0.08834804030876474)	(65.0, 0.03939558047422075)	(66.0, 0.011999192974627893)	(67.0, 0.011255880135491652)	(68.0, 0.008282628778946689)	(69.0, 0.005521752519297792)	(70.0, 0.0036103766472331718)	(71.0, 0.0029732513565449647)	(72.0, 0.022511760270983307)	(73.0, 0.0061588778099859985)	(74.0, 0.0014866256782724823)	(75.0, 0.0014866256782724823)	(76.0, 0.0)	(77.0, 0.0)	(78.0, 0.0)	(79.0, 0.0)	(80.0, 0.0)	(81.0, 0.0)	(82.0, 0.0)	(83.0, 0.0)	(84.0, 0.0)	(85.0, 0.0)	(86.0, 0.0003185626453441034)	(87.0, 0.0003185626453441034)	(88.0, 0.0)	(89.0, 0.0)	(90.0, 0.0004247501937921378)	(91.0, 0.0)	(92.0, 0.0)	(93.0, 0.0)	(94.0, 0.0)	(95.0, 0.0004247501937921378)	(96.0, 0.0)	(97.0, 0.0)	(98.0, 0.0)	(99.0, 0.0)	(100.0, 0.0)
096R_0_M_S5_week9_S74_L001_R1_001	(0.0, 0.0)	(1.0, 0.0)	(2.0, 0.0)	(3.0, 0.0)	(4.0, 0.0)	(5.0, 0.0)	(6.0, 0.0)	(7.0, 0.0)	(8.0, 0.0)	(9.0, 0.0)	(10.0, 0.0)	(11.0, 0.0)	(12.0, 0.0)	(13.0, 0.0)	(14.0, 0.0)	(15.0, 0.0)	(16.0, 0.0)	(17.0, 0.0)	(18.0, 0.0)	(19.0, 0.0)	(20.0, 0.0)	(21.0, 0.0)	(22.0, 0.0)	(23.0, 0.0)	(24.0, 0.0)	(25.0, 0.0)	(26.0, 0.0)	(27.0, 0.0)	(28.0, 0.0)	(29.0, 0.0)	(30.0, 0.0)	(31.0, 0.000532541621456005)	(32.0, 0.0)	(33.0, 0.0)	(34.0, 0.0)	(35.0, 0.000532541621456005)	(36.0, 0.0)	(37.0, 0.0)	(38.0, 0.0007988124321840076)	(39.0, 0.0007988124321840076)	(40.0, 0.0007988124321840076)	(41.0, 0.001997031080460019)	(42.0, 0.0027958435126440267)	(43.0, 0.01624251945440815)	(44.0, 0.05791390133334055)	(45.0, 0.10863849077702509)	(46.0, 0.8322294189303568)	(47.0, 9.43876769868481)	(48.0, 6.758352582493761)	(49.0, 9.45194810381583)	(50.0, 8.833001604279147)	(51.0, 23.098859695262206)	(52.0, 28.9508264380324)	(53.0, 9.13268940175325)	(54.0, 2.386319005744267)	(55.0, 0.4774235636353091)	(56.0, 0.1425880191448452)	(57.0, 0.04087256944674837)	(58.0, 0.05565059944215248)	(59.0, 0.058978984576252565)	(60.0, 0.009053207564752084)	(61.0, 0.013846082157856128)	(62.0, 0.10251426213028125)	(63.0, 0.018106415129504175)	(64.0, 0.0029289789180080277)	(65.0, 0.0015976248643680153)	(66.0, 0.0015976248643680153)	(67.0, 0.0007988124321840076)	(68.0, 0.0)	(69.0, 0.0)	(70.0, 0.0)	(71.0, 0.0)	(72.0, 0.0)	(73.0, 0.0)	(74.0, 0.0)	(75.0, 0.0)	(76.0, 0.0)	(77.0, 0.0)	(78.0, 0.0)	(79.0, 0.0)	(80.0, 0.0)	(81.0, 0.0)	(82.0, 0.0)	(83.0, 0.0)	(84.0, 0.0)	(85.0, 0.0)	(86.0, 0.0)	(87.0, 0.0)	(88.0, 0.0)	(89.0, 0.0)	(90.0, 0.0)	(91.0, 0.0)	(92.0, 0.0)	(93.0, 0.0)	(94.0, 0.0)	(95.0, 0.0)	(96.0, 0.0)	(97.0, 0.0)	(98.0, 0.0)	(99.0, 0.0)	(100.0, 0.0)
096R_0_M_S5_week9_S74_L001_R2_001	(0.0, 0.0)	(1.0, 0.0)	(2.0, 0.0)	(3.0, 0.0)	(4.0, 0.0)	(5.0, 0.0)	(6.0, 0.0)	(7.0, 0.0)	(8.0, 0.0)	(9.0, 0.0)	(10.0, 0.0)	(11.0, 0.0005357413119500548)	(12.0, 0.0)	(13.0, 0.0)	(14.0, 0.0)	(15.0, 0.0)	(16.0, 0.0)	(17.0, 0.0)	(18.0, 0.0)	(19.0, 0.0)	(20.0, 0.0008036119679250824)	(21.0, 0.0008036119679250824)	(22.0, 0.0)	(23.0, 0.0)	(24.0, 0.0)	(25.0, 0.0)	(26.0, 0.0008036119679250824)	(27.0, 0.0008036119679250824)	(28.0, 0.0008036119679250824)	(29.0, 0.0008036119679250824)	(30.0, 0.0008036119679250824)	(31.0, 0.0016072239358501648)	(32.0, 0.0016072239358501648)	(33.0, 0.0032144478717003296)	(34.0, 0.004018059839625413)	(35.0, 0.0032144478717003296)	(36.0, 0.004419865823587953)	(37.0, 0.004821671807550494)	(38.0, 0.004821671807550494)	(39.0, 0.010446955583026071)	(40.0, 0.020893911166052142)	(41.0, 0.025447712317627613)	(42.0, 0.03509105593272859)	(43.0, 0.054109872506955536)	(44.0, 0.09536195352710988)	(45.0, 0.7883433405344902)	(46.0, 8.697358393524464)	(47.0, 1.6500832408062363)	(48.0, 3.682953649000545)	(49.0, 1.5612841183505002)	(50.0, 0.7268670249882279)	(51.0, 2.5648615309607705)	(52.0, 3.608485606639459)	(53.0, 13.954320017031918)	(54.0, 12.361159290619932)	(55.0, 3.509641334584675)	(56.0, 21.52930036203429)	(57.0, 21.395632904702556)	(58.0, 1.8643797655862042)	(59.0, 0.5676179200110818)	(60.0, 0.36376835081408804)	(61.0, 0.27804974090207896)	(62.0, 0.1593830403051413)	(63.0, 0.10500529714221078)	(64.0, 0.08196842072835844)	(65.0, 0.04553801151575466)	(66.0, 0.025447712317627613)	(67.0, 0.02919790150127799)	(68.0, 0.027992483549390365)	(69.0, 0.015536498046551595)	(70.0, 0.008571860991200877)	(71.0, 0.01607223935850165)	(72.0, 0.07902184351263322)	(73.0, 0.019018816574226955)	(74.0, 0.000937547295912596)	(75.0, 0.0008036119679250824)	(76.0, 0.0016072239358501648)	(77.0, 0.0008036119679250824)	(78.0, 0.0)	(79.0, 0.0)	(80.0, 0.0)	(81.0, 0.0)	(82.0, 0.0)	(83.0, 0.0)	(84.0, 0.0)	(85.0, 0.0)	(86.0, 0.0)	(87.0, 0.0)	(88.0, 0.0)	(89.0, 0.0)	(90.0, 0.0)	(91.0, 0.0)	(92.0, 0.0)	(93.0, 0.0)	(94.0, 0.0)	(95.0, 0.0)	(96.0, 0.0005357413119500548)	(97.0, 0.0005357413119500548)	(98.0, 0.0)	(99.0, 0.0)	(100.0, 0.0026787065597502742)
1030R_L_M_NS1_week5_S22_L001_R1_001	(0.0, 0.0)	(1.0, 0.0)	(2.0, 0.0)	(3.0, 0.0)	(4.0, 0.0)	(5.0, 0.0)	(6.0, 0.0)	(7.0, 0.0)	(8.0, 0.0)	(9.0, 0.0)	(10.0, 0.0)	(11.0, 0.0)	(12.0, 0.0)	(13.0, 0.0)	(14.0, 0.0)	(15.0, 0.0)	(16.0, 0.0)	(17.0, 0.0)	(18.0, 0.0)	(19.0, 0.0)	(20.0, 0.0)	(21.0, 0.0)	(22.0, 0.0)	(23.0, 0.0)	(24.0, 0.0)	(25.0, 0.0)	(26.0, 0.0)	(27.0, 0.0)	(28.0, 0.0)	(29.0, 0.0)	(30.0, 0.0)	(31.0, 0.0)	(32.0, 0.0)	(33.0, 0.0)	(34.0, 0.0003576972879392772)	(35.0, 0.0003576972879392772)	(36.0, 0.0)	(37.0, 0.0007153945758785544)	(38.0, 0.001192324293130924)	(39.0, 0.002623113444888033)	(40.0, 0.004292367455271327)	(41.0, 0.009061664627795023)	(42.0, 0.03326584777835278)	(43.0, 0.08155498165015522)	(44.0, 0.2115183296014259)	(45.0, 0.36425507155149844)	(46.0, 0.8606196747818994)	(47.0, 14.333884187161816)	(48.0, 36.46032302447898)	(49.0, 5.136413822379417)	(50.0, 2.0939599235964574)	(51.0, 9.272348330389251)	(52.0, 14.887241891604889)	(53.0, 10.186622598361227)	(54.0, 4.428769354405906)	(55.0, 1.1386696999400592)	(56.0, 0.15786373641053403)	(57.0, 0.04900452844768097)	(58.0, 0.020150280553912627)	(59.0, 0.028377318176515984)	(60.0, 0.013115567224440166)	(61.0, 0.02503881015574941)	(62.0, 0.16394459030550135)	(63.0, 0.029927339757586185)	(64.0, 0.0026231134448880325)	(65.0, 0.001192324293130924)	(66.0, 0.0007153945758785544)	(67.0, 0.0)	(68.0, 0.0)	(69.0, 0.0)	(70.0, 0.0)	(71.0, 0.0)	(72.0, 0.0)	(73.0, 0.0)	(74.0, 0.0)	(75.0, 0.0)	(76.0, 0.0)	(77.0, 0.0)	(78.0, 0.0)	(79.0, 0.0)	(80.0, 0.0)	(81.0, 0.0)	(82.0, 0.0)	(83.0, 0.0)	(84.0, 0.0)	(85.0, 0.0)	(86.0, 0.0)	(87.0, 0.0)	(88.0, 0.0)	(89.0, 0.0)	(90.0, 0.0)	(91.0, 0.0)	(92.0, 0.0)	(93.0, 0.0)	(94.0, 0.0)	(95.0, 0.0)	(96.0, 0.0)	(97.0, 0.0)	(98.0, 0.0)	(99.0, 0.0)	(100.0, 0.0)
1030R_L_M_NS1_week5_S22_L001_R2_001	(0.0, 0.0)	(1.0, 0.0)	(2.0, 0.0)	(3.0, 0.0)	(4.0, 0.0)	(5.0, 0.0)	(6.0, 0.0)	(7.0, 0.0)	(8.0, 0.0)	(9.0, 0.0)	(10.0, 0.0)	(11.0, 0.0)	(12.0, 0.0)	(13.0, 0.0)	(14.0, 0.0)	(15.0, 0.0)	(16.0, 0.0)	(17.0, 0.0)	(18.0, 0.0)	(19.0, 0.0)	(20.0, 0.0)	(21.0, 0.0)	(22.0, 0.0)	(23.0, 0.0)	(24.0, 0.0)	(25.0, 0.0)	(26.0, 0.0)	(27.0, 0.0)	(28.0, 0.0)	(29.0, 0.0)	(30.0, 0.0014141954583112488)	(31.0, 0.0035354886457781218)	(32.0, 0.003299789402726247)	(33.0, 0.0018855939444149983)	(34.0, 0.002121293187466873)	(35.0, 0.002121293187466873)	(36.0, 0.0035354886457781218)	(37.0, 0.009192270479023117)	(38.0, 0.013434856853956862)	(39.0, 0.019563037173305608)	(40.0, 0.024041322791291227)	(41.0, 0.023334225062135606)	(42.0, 0.03394069099946997)	(43.0, 0.05444652514498306)	(44.0, 0.0966366896512688)	(45.0, 0.6695036998888382)	(46.0, 8.495189967695817)	(47.0, 5.1439002803648455)	(48.0, 11.198895984741512)	(49.0, 24.937569163006195)	(50.0, 2.4214561734933038)	(51.0, 4.978203712499283)	(52.0, 5.40976902652746)	(53.0, 6.11993084584263)	(54.0, 6.41490844852179)	(55.0, 1.4844338327407482)	(56.0, 11.377909559839372)	(57.0, 9.232928598447646)	(58.0, 0.6778710230171837)	(59.0, 0.21366136382652443)	(60.0, 0.22627127332979996)	(61.0, 0.22438567938538484)	(62.0, 0.08402678014799339)	(63.0, 0.04937899141936776)	(64.0, 0.039008224725085264)	(65.0, 0.02227357846840217)	(66.0, 0.013670556097008736)	(67.0, 0.02262712733297998)	(68.0, 0.023923473169765293)	(69.0, 0.010606465937334365)	(70.0, 0.010370766694282487)	(71.0, 0.02875530765232872)	(72.0, 0.13434856853956825)	(73.0, 0.03511918721472932)	(74.0, 0.0009427969722074992)	(75.0, 0.0)	(76.0, 0.0)	(77.0, 0.0)	(78.0, 0.0007070977291556244)	(79.0, 0.0014141954583112488)	(80.0, 0.001178496215259374)	(81.0, 0.0)	(82.0, 0.0)	(83.0, 0.0)	(84.0, 0.0)	(85.0, 0.0)	(86.0, 0.0)	(87.0, 0.0)	(88.0, 0.0)	(89.0, 0.0)	(90.0, 0.0)	(91.0, 0.0007070977291556244)	(92.0, 0.0007070977291556244)	(93.0, 0.0)	(94.0, 0.0)	(95.0, 0.0)	(96.0, 0.0)	(97.0, 0.0)	(98.0, 0.0004713984861037496)	(99.0, 0.0)	(100.0, 0.0004713984861037496)
1030R_L_M_NS1_week6_S23_L001_R1_001	(0.0, 0.0)	(1.0, 0.0)	(2.0, 0.0)	(3.0, 0.0)	(4.0, 0.0)	(5.0, 0.0)	(6.0, 0.0)	(7.0, 0.0)	(8.0, 0.0)	(9.0, 0.0)	(10.0, 0.0)	(11.0, 0.0)	(12.0, 0.0)	(13.0, 0.0)	(14.0, 0.0)	(15.0, 0.0)	(16.0, 0.0)	(17.0, 0.0)	(18.0, 0.0)	(19.0, 0.0)	(20.0, 0.0)	(21.0, 0.0)	(22.0, 0.0)	(23.0, 0.0)	(24.0, 0.0)	(25.0, 0.0)	(26.0, 0.0)	(27.0, 0.0)	(28.0, 0.0)	(29.0, 0.0)	(30.0, 0.0)	(31.0, 0.0)	(32.0, 0.0007648485791026592)	(33.0, 0.0007648485791026592)	(34.0, 0.0)	(35.0, 0.0005098990527351062)	(36.0, 0.0005098990527351062)	(37.0, 0.0007648485791026592)	(38.0, 0.0007648485791026592)	(39.0, 0.0005098990527351062)	(40.0, 0.0028044447900430836)	(41.0, 0.012747476318377651)	(42.0, 0.03977212611333828)	(43.0, 0.07775960554210369)	(44.0, 0.21504992549103097)	(45.0, 0.4396604582208464)	(46.0, 1.2243951003802012)	(47.0, 17.683936522674156)	(48.0, 34.9398127905501)	(49.0, 5.440622892684326)	(50.0, 2.1446354158037995)	(51.0, 10.402068150556778)	(52.0, 15.454785338875402)	(53.0, 7.400802326160627)	(54.0, 2.660270832882063)	(55.0, 1.2701585403631854)	(56.0, 0.12874951081561425)	(57.0, 0.03403576177006833)	(58.0, 0.03339838795414944)	(59.0, 0.053539400537186116)	(60.0, 0.017336567792993616)	(61.0, 0.029064246005901056)	(62.0, 0.22116871412385192)	(63.0, 0.044361217587954194)	(64.0, 0.010962829633804782)	(65.0, 0.005098990527351062)	(66.0, 0.0033143438427781905)	(67.0, 0.0035692933691457433)	(68.0, 0.0015296971582053184)	(69.0, 0.0)	(70.0, 0.0)	(71.0, 0.0)	(72.0, 0.0)	(73.0, 0.0)	(74.0, 0.0)	(75.0, 0.0)	(76.0, 0.0)	(77.0, 0.0)	(78.0, 0.0)	(79.0, 0.0)	(80.0, 0.0)	(81.0, 0.0)	(82.0, 0.0)	(83.0, 0.0)	(84.0, 0.0)	(85.0, 0.0)	(86.0, 0.0)	(87.0, 0.0)	(88.0, 0.0)	(89.0, 0.0)	(90.0, 0.0)	(91.0, 0.0)	(92.0, 0.0)	(93.0, 0.0)	(94.0, 0.0)	(95.0, 0.0)	(96.0, 0.0)	(97.0, 0.0)	(98.0, 0.0)	(99.0, 0.0)	(100.0, 0.0)
1030R_L_M_NS1_week6_S23_L001_R2_001	(0.0, 0.0)	(1.0, 0.0)	(2.0, 0.0)	(3.0, 0.0)	(4.0, 0.0)	(5.0, 0.0)	(6.0, 0.0)	(7.0, 0.0)	(8.0, 0.0)	(9.0, 0.0)	(10.0, 0.0)	(11.0, 0.0)	(12.0, 0.0)	(13.0, 0.0)	(14.0, 0.0)	(15.0, 0.0)	(16.0, 0.0)	(17.0, 0.0)	(18.0, 0.0)	(19.0, 0.0)	(20.0, 0.0)	(21.0, 0.0)	(22.0, 0.0)	(23.0, 0.0)	(24.0, 0.0)	(25.0, 0.0)	(26.0, 0.0)	(27.0, 0.0)	(28.0, 0.0007596456000060808)	(29.0, 0.0007596456000060808)	(30.0, 0.0015192912000121617)	(31.0, 0.003798228000030404)	(32.0, 0.006077164800048647)	(33.0, 0.0053175192000425656)	(34.0, 0.006077164800048647)	(35.0, 0.00911574720007297)	(36.0, 0.00987539280007905)	(37.0, 0.010635038400085131)	(38.0, 0.008609316800068916)	(39.0, 0.010888253600087158)	(40.0, 0.022282937600178368)	(41.0, 0.029879393600239182)	(42.0, 0.047857672800383076)	(43.0, 0.07849671200062841)	(44.0, 0.1399013980011197)	(45.0, 0.9315787208074565)	(46.0, 12.211556235293507)	(47.0, 7.9902056360634965)	(48.0, 10.796842912883516)	(49.0, 20.02514426936928)	(50.0, 2.1099156540168424)	(51.0, 5.77077440804706)	(52.0, 6.366209950851909)	(53.0, 4.844259991239243)	(54.0, 5.0021396684405595)	(55.0, 1.1422537672091586)	(56.0, 10.467916368081307)	(57.0, 9.988833209677846)	(58.0, 0.6722863560053741)	(59.0, 0.21801828720174504)	(60.0, 0.23726264240189932)	(61.0, 0.22156330000177327)	(62.0, 0.0769774208006162)	(63.0, 0.05102286280040841)	(64.0, 0.06608916720052908)	(65.0, 0.03291797600026349)	(66.0, 0.014180051200113506)	(67.0, 0.028866532800231073)	(68.0, 0.03291797600026349)	(69.0, 0.015446127200123642)	(70.0, 0.017471848800139862)	(71.0, 0.04811088800038506)	(72.0, 0.1752249184014018)	(73.0, 0.049376964000395186)	(74.0, 0.0017725064000141883)	(75.0, 0.0)	(76.0, 0.0)	(77.0, 0.0)	(78.0, 0.0)	(79.0, 0.0)	(80.0, 0.0)	(81.0, 0.0)	(82.0, 0.0)	(83.0, 0.0)	(84.0, 0.0)	(85.0, 0.0)	(86.0, 0.0)	(87.0, 0.0)	(88.0, 0.0)	(89.0, 0.0)	(90.0, 0.0)	(91.0, 0.0005064304000040538)	(92.0, 0.0005064304000040538)	(93.0, 0.0)	(94.0, 0.0)	(95.0, 0.0)	(96.0, 0.0)	(97.0, 0.0)	(98.0, 0.0)	(99.0, 0.0)	(100.0, 0.0)
1030R_L_M_NS1_week7_S24_L001_R1_001	(0.0, 0.0)	(1.0, 0.0)	(2.0, 0.0)	(3.0, 0.0)	(4.0, 0.0)	(5.0, 0.0)	(6.0, 0.0)	(7.0, 0.0)	(8.0, 0.0)	(9.0, 0.0)	(10.0, 0.0)	(11.0, 0.0)	(12.0, 0.0)	(13.0, 0.0)	(14.0, 0.0)	(15.0, 0.0)	(16.0, 0.0)	(17.0, 0.0)	(18.0, 0.0)	(19.0, 0.0)	(20.0, 0.0)	(21.0, 0.0)	(22.0, 0.0)	(23.0, 0.0)	(24.0, 0.0)	(25.0, 0.0)	(26.0, 0.0)	(27.0, 0.0)	(28.0, 0.0)	(29.0, 0.0)	(30.0, 0.0)	(31.0, 0.0)	(32.0, 0.0)	(33.0, 0.0)	(34.0, 0.0)	(35.0, 0.0)	(36.0, 0.0)	(37.0, 0.0)	(38.0, 0.0)	(39.0, 0.0)	(40.0, 0.0013946476213583026)	(41.0, 0.004741801912618229)	(42.0, 0.005857520009704871)	(43.0, 0.030961177194154317)	(44.0, 0.10669054303391019)	(45.0, 0.2295589984755762)	(46.0, 0.7685903041305487)	(47.0, 11.053558652596955)	(48.0, 18.006574368884127)	(49.0, 2.8873389704979173)	(50.0, 1.887516090746363)	(51.0, 27.170385494559664)	(52.0, 29.44979756690074)	(53.0, 4.709864482089377)	(54.0, 2.503950339386603)	(55.0, 0.7016472183053526)	(56.0, 0.12063701924749332)	(57.0, 0.03835280958735332)	(58.0, 0.03500565529609339)	(59.0, 0.04016585149511909)	(60.0, 0.009483603825236457)	(61.0, 0.020222390509695393)	(62.0, 0.162336983126106)	(63.0, 0.03960799244657578)	(64.0, 0.008646815252421476)	(65.0, 0.004183942864074908)	(66.0, 0.0008367885728149817)	(67.0, 0.00041839428640749087)	(68.0, 0.0008367885728149817)	(69.0, 0.0008367885728149817)	(70.0, 0.0)	(71.0, 0.0)	(72.0, 0.0)	(73.0, 0.0)	(74.0, 0.0)	(75.0, 0.0)	(76.0, 0.0)	(77.0, 0.0)	(78.0, 0.0)	(79.0, 0.0)	(80.0, 0.0)	(81.0, 0.0)	(82.0, 0.0)	(83.0, 0.0)	(84.0, 0.0)	(85.0, 0.0)	(86.0, 0.0)	(87.0, 0.0)	(88.0, 0.0)	(89.0, 0.0)	(90.0, 0.0)	(91.0, 0.0)	(92.0, 0.0)	(93.0, 0.0)	(94.0, 0.0)	(95.0, 0.0)	(96.0, 0.0)	(97.0, 0.0)	(98.0, 0.0)	(99.0, 0.0)	(100.0, 0.0)
1030R_L_M_NS1_week7_S24_L001_R2_001	(0.0, 0.0)	(1.0, 0.0)	(2.0, 0.0)	(3.0, 0.0)	(4.0, 0.0)	(5.0, 0.0)	(6.0, 0.0)	(7.0, 0.0)	(8.0, 0.0)	(9.0, 0.0)	(10.0, 0.0)	(11.0, 0.0)	(12.0, 0.0)	(13.0, 0.0)	(14.0, 0.0)	(15.0, 0.0)	(16.0, 0.0)	(17.0, 0.0)	(18.0, 0.0)	(19.0, 0.0)	(20.0, 0.0)	(21.0, 0.0)	(22.0, 0.0)	(23.0, 0.0)	(24.0, 0.0)	(25.0, 0.0)	(26.0, 0.0)	(27.0, 0.0)	(28.0, 0.0)	(29.0, 0.0008330637446490157)	(30.0, 0.0016661274892980314)	(31.0, 0.0008330637446490157)	(32.0, 0.0008330637446490157)	(33.0, 0.0024991912339470475)	(34.0, 0.003332254978596063)	(35.0, 0.00583144621254311)	(36.0, 0.008330637446490157)	(37.0, 0.008330637446490157)	(38.0, 0.014162083659033268)	(39.0, 0.019160466126927362)	(40.0, 0.014995147403682284)	(41.0, 0.021104281531108396)	(42.0, 0.030267982722247573)	(43.0, 0.04026474765803574)	(44.0, 0.08566672174140717)	(45.0, 0.587448783934994)	(46.0, 7.393579577718169)	(47.0, 5.801317073779053)	(48.0, 6.537467736134215)	(49.0, 8.964737800124805)	(50.0, 1.1787851986783722)	(51.0, 2.6052680174322407)	(52.0, 2.928496750355989)	(53.0, 2.9458522450361775)	(54.0, 3.3826553351470645)	(55.0, 1.6376644780225695)	(56.0, 25.90189563655806)	(57.0, 26.5129478932592)	(58.0, 1.7566537495499386)	(59.0, 0.4409684088342138)	(60.0, 0.3107327767540835)	(61.0, 0.2832416731806656)	(62.0, 0.11385204510203216)	(63.0, 0.060813653359378134)	(64.0, 0.04498544221104682)	(65.0, 0.02679688378621001)	(66.0, 0.023603472765055446)	(67.0, 0.03137873438177959)	(68.0, 0.02915723106271555)	(69.0, 0.024436536509704464)	(70.0, 0.024991912339470474)	(71.0, 0.0383209322538547)	(72.0, 0.12357112212293736)	(73.0, 0.023603472765055457)	(74.0, 0.002221503319064042)	(75.0, 0.002221503319064042)	(76.0, 0.0005553758297660104)	(77.0, 0.0)	(78.0, 0.0)	(79.0, 0.0)	(80.0, 0.0)	(81.0, 0.0)	(82.0, 0.0)	(83.0, 0.0)	(84.0, 0.0)	(85.0, 0.0)	(86.0, 0.0)	(87.0, 0.0)	(88.0, 0.0)	(89.0, 0.0)	(90.0, 0.0)	(91.0, 0.0005553758297660104)	(92.0, 0.0005553758297660104)	(93.0, 0.0)	(94.0, 0.0)	(95.0, 0.0005553758297660104)	(96.0, 0.0)	(97.0, 0.0)	(98.0, 0.0)	(99.0, 0.0)	(100.0, 0.0)
1030R_L_M_NS1_week9_S25_L001_R1_001	(0.0, 0.0)	(1.0, 0.0)	(2.0, 0.0)	(3.0, 0.0)	(4.0, 0.0)	(5.0, 0.0)	(6.0, 0.0)	(7.0, 0.0)	(8.0, 0.0)	(9.0, 0.0)	(10.0, 0.0)	(11.0, 0.0)	(12.0, 0.0)	(13.0, 0.0)	(14.0, 0.0)	(15.0, 0.0)	(16.0, 0.0)	(17.0, 0.0)	(18.0, 0.0)	(19.0, 0.0)	(20.0, 0.0)	(21.0, 0.0)	(22.0, 0.0)	(23.0, 0.0)	(24.0, 0.0)	(25.0, 0.0)	(26.0, 0.0)	(27.0, 0.0008682728750104469)	(28.0, 0.0008682728750104469)	(29.0, 0.0)	(30.0, 0.0)	(31.0, 0.0)	(32.0, 0.0)	(33.0, 0.0005788485833402979)	(34.0, 0.0)	(35.0, 0.0)	(36.0, 0.0)	(37.0, 0.0)	(38.0, 0.0)	(39.0, 0.0)	(40.0, 0.005209637250062681)	(41.0, 0.013602941708497001)	(42.0, 0.02286451904194177)	(43.0, 0.05397763039648276)	(44.0, 0.14254146364754836)	(45.0, 0.3205374030246906)	(46.0, 0.9003989713858175)	(47.0, 13.785713148681964)	(48.0, 23.12268551012244)	(49.0, 3.78668272006619)	(50.0, 2.3622810686117073)	(51.0, 20.050157229746578)	(52.0, 24.65171404301852)	(53.0, 7.067885914732096)	(54.0, 2.3350751851947193)	(55.0, 0.9203692475110579)	(56.0, 0.13212218914742296)	(57.0, 0.037480445771284274)	(58.0, 0.0328496571045619)	(59.0, 0.055858888292338676)	(60.0, 0.017654881791879087)	(61.0, 0.019970276125240282)	(62.0, 0.12300532395981344)	(63.0, 0.02025970041691043)	(64.0, 0.009551001625114915)	(65.0, 0.005788485833402979)	(66.0, 0.0008682728750104469)	(67.0, 0.0)	(68.0, 0.0)	(69.0, 0.0005788485833402979)	(70.0, 0.0)	(71.0, 0.0)	(72.0, 0.0)	(73.0, 0.0)	(74.0, 0.0)	(75.0, 0.0)	(76.0, 0.0)	(77.0, 0.0)	(78.0, 0.0)	(79.0, 0.0)	(80.0, 0.0)	(81.0, 0.0)	(82.0, 0.0)	(83.0, 0.0)	(84.0, 0.0)	(85.0, 0.0)	(86.0, 0.0)	(87.0, 0.0)	(88.0, 0.0)	(89.0, 0.0)	(90.0, 0.0)	(91.0, 0.0)	(92.0, 0.0)	(93.0, 0.0)	(94.0, 0.0)	(95.0, 0.0)	(96.0, 0.0)	(97.0, 0.0)	(98.0, 0.0)	(99.0, 0.0)	(100.0, 0.0)
1030R_L_M_NS1_week9_S25_L001_R2_001	(0.0, 0.0)	(1.0, 0.0)	(2.0, 0.0)	(3.0, 0.0)	(4.0, 0.0)	(5.0, 0.0)	(6.0, 0.0)	(7.0, 0.0)	(8.0, 0.0)	(9.0, 0.0)	(10.0, 0.0)	(11.0, 0.0)	(12.0, 0.0)	(13.0, 0.0)	(14.0, 0.0)	(15.0, 0.0)	(16.0, 0.0)	(17.0, 0.0)	(18.0, 0.0)	(19.0, 0.0)	(20.0, 0.0)	(21.0, 0.0)	(22.0, 0.0)	(23.0, 0.0008483922965979173)	(24.0, 0.0008483922965979173)	(25.0, 0.0008483922965979173)	(26.0, 0.0016967845931958347)	(27.0, 0.0016967845931958347)	(28.0, 0.0008483922965979173)	(29.0, 0.0)	(30.0, 0.0008483922965979173)	(31.0, 0.0016967845931958347)	(32.0, 0.0025451768897937527)	(33.0, 0.004241961482989587)	(34.0, 0.004241961482989587)	(35.0, 0.0025451768897937527)	(36.0, 0.005090353779587505)	(37.0, 0.012725884448968761)	(38.0, 0.019513022821752102)	(39.0, 0.021775402279346545)	(40.0, 0.027431350923332667)	(41.0, 0.05655948643986116)	(42.0, 0.07578971182941396)	(43.0, 0.07748649642260981)	(44.0, 0.14168151353185215)	(45.0, 0.6948332909136861)	(46.0, 8.237747801249764)	(47.0, 7.987189276321399)	(48.0, 8.833177794744888)	(49.0, 11.877633551083852)	(50.0, 1.6641214897768712)	(51.0, 3.549531970249337)	(52.0, 4.067475467322571)	(53.0, 5.499278866548246)	(54.0, 6.098668024094915)	(55.0, 1.604309832866704)	(56.0, 17.933174966772786)	(57.0, 18.69771782472485)	(58.0, 1.3588416617176877)	(59.0, 0.36622267469810194)	(60.0, 0.31135997285143613)	(61.0, 0.24815474675489074)	(62.0, 0.09813070897315913)	(63.0, 0.06787138372783338)	(64.0, 0.07069935804982647)	(65.0, 0.04128842510109865)	(66.0, 0.015978054919260777)	(67.0, 0.019088826673453144)	(68.0, 0.021492604847147243)	(69.0, 0.013008681881168067)	(70.0, 0.012160289584570149)	(71.0, 0.02403778173694101)	(72.0, 0.09586832951556487)	(73.0, 0.024037781736941006)	(74.0, 0.0019795820253951405)	(75.0, 0.0005655948643986116)	(76.0, 0.0)	(77.0, 0.0)	(78.0, 0.0)	(79.0, 0.0)	(80.0, 0.0)	(81.0, 0.0)	(82.0, 0.0)	(83.0, 0.0)	(84.0, 0.0)	(85.0, 0.0)	(86.0, 0.0)	(87.0, 0.0)	(88.0, 0.0)	(89.0, 0.0)	(90.0, 0.0)	(91.0, 0.0008483922965979173)	(92.0, 0.0008483922965979173)	(93.0, 0.0008483922965979173)	(94.0, 0.0008483922965979173)	(95.0, 0.0)	(96.0, 0.0)	(97.0, 0.0)	(98.0, 0.0)	(99.0, 0.0)	(100.0, 0.0)
1060R_L_M_S5_week9_S75_L001_R1_001	(0.0, 0.0)	(1.0, 0.0)	(2.0, 0.0)	(3.0, 0.0)	(4.0, 0.0)	(5.0, 0.0)	(6.0, 0.0)	(7.0, 0.0)	(8.0, 0.0)	(9.0, 0.0)	(10.0, 0.0)	(11.0, 0.0)	(12.0, 0.0)	(13.0, 0.0)	(14.0, 0.0)	(15.0, 0.0)	(16.0, 0.0)	(17.0, 0.0)	(18.0, 0.0)	(19.0, 0.0)	(20.0, 0.0)	(21.0, 0.0)	(22.0, 0.0)	(23.0, 0.0)	(24.0, 0.0)	(25.0, 0.0)	(26.0, 0.0)	(27.0, 0.0)	(28.0, 0.0)	(29.0, 0.0)	(30.0, 0.0005658549006568724)	(31.0, 0.0005658549006568724)	(32.0, 0.0)	(33.0, 0.0)	(34.0, 0.0)	(35.0, 0.0)	(36.0, 0.0)	(37.0, 0.0)	(38.0, 0.0)	(39.0, 0.0)	(40.0, 0.0)	(41.0, 0.001414637251642181)	(42.0, 0.010468315662152141)	(43.0, 0.029424454834157374)	(44.0, 0.09280020370772714)	(45.0, 0.1723028172500174)	(46.0, 1.8141308115059929)	(47.0, 22.872986794363296)	(48.0, 7.3708259359572965)	(49.0, 4.775673897819109)	(50.0, 4.976976778727877)	(51.0, 21.676062215746647)	(52.0, 26.23091123859232)	(53.0, 7.142927874717926)	(54.0, 1.8817504721344747)	(55.0, 0.5375621556240283)	(56.0, 0.12264904971737722)	(57.0, 0.03324397541359126)	(58.0, 0.07257089100924397)	(59.0, 0.06747819690333207)	(60.0, 0.00820489605952465)	(61.0, 0.014712227417078682)	(62.0, 0.07356113708539348)	(63.0, 0.016126864668720868)	(64.0, 0.002829274503284362)	(65.0, 0.001273173526477963)	(66.0, 0.0)	(67.0, 0.0)	(68.0, 0.0)	(69.0, 0.0)	(70.0, 0.0)	(71.0, 0.0)	(72.0, 0.0)	(73.0, 0.0)	(74.0, 0.0)	(75.0, 0.0)	(76.0, 0.0)	(77.0, 0.0)	(78.0, 0.0)	(79.0, 0.0)	(80.0, 0.0)	(81.0, 0.0)	(82.0, 0.0)	(83.0, 0.0)	(84.0, 0.0)	(85.0, 0.0)	(86.0, 0.0)	(87.0, 0.0)	(88.0, 0.0)	(89.0, 0.0)	(90.0, 0.0)	(91.0, 0.0)	(92.0, 0.0)	(93.0, 0.0)	(94.0, 0.0)	(95.0, 0.0)	(96.0, 0.0)	(97.0, 0.0)	(98.0, 0.0)	(99.0, 0.0)	(100.0, 0.0)
1060R_L_M_S5_week9_S75_L001_R2_001	(0.0, 0.0)	(1.0, 0.0)	(2.0, 0.0)	(3.0, 0.0)	(4.0, 0.0)	(5.0, 0.0)	(6.0, 0.0)	(7.0, 0.0)	(8.0, 0.0)	(9.0, 0.0)	(10.0, 0.0)	(11.0, 0.0)	(12.0, 0.0)	(13.0, 0.0)	(14.0, 0.0)	(15.0, 0.0)	(16.0, 0.0)	(17.0, 0.0)	(18.0, 0.0)	(19.0, 0.0)	(20.0, 0.0)	(21.0, 0.0)	(22.0, 0.0)	(23.0, 0.0)	(24.0, 0.0)	(25.0, 0.0)	(26.0, 0.0)	(27.0, 0.0)	(28.0, 0.0)	(29.0, 0.0)	(30.0, 0.0)	(31.0, 0.0)	(32.0, 0.0008593920087999695)	(33.0, 0.003437568035199878)	(34.0, 0.005156352052799818)	(35.0, 0.007448064076266403)	(36.0, 0.006875136070399756)	(37.0, 0.005156352052799818)	(38.0, 0.008307456085066372)	(39.0, 0.018620160190666007)	(40.0, 0.02263065623173253)	(41.0, 0.025495296261065767)	(42.0, 0.04225344043266516)	(43.0, 0.08465011286679705)	(44.0, 0.17560243379812673)	(45.0, 1.8631618750783883)	(46.0, 21.99184150520042)	(47.0, 2.816227612837353)	(48.0, 2.096343573466062)	(49.0, 0.9801365860363592)	(50.0, 0.6197648703462425)	(51.0, 3.3575013463797583)	(52.0, 3.9794146967481576)	(53.0, 7.9975020338929)	(54.0, 6.953340743201673)	(55.0, 1.8605836990519702)	(56.0, 20.822781909226936)	(57.0, 21.000962519051743)	(58.0, 1.524704655612646)	(59.0, 0.44659738057305237)	(60.0, 0.37512461184118795)	(61.0, 0.3414650914965223)	(62.0, 0.1488180495238613)	(63.0, 0.10026240102666316)	(64.0, 0.09367372895919676)	(65.0, 0.04941504050599824)	(66.0, 0.028932864296265647)	(67.0, 0.020338944208265944)	(68.0, 0.011458560117332928)	(69.0, 0.009166848093866342)	(70.0, 0.010312704105599636)	(71.0, 0.01546905615839945)	(72.0, 0.059870976613064494)	(73.0, 0.014323200146666154)	(74.0, 0.0005729280058666464)	(75.0, 0.0)	(76.0, 0.0)	(77.0, 0.0)	(78.0, 0.0008593920087999695)	(79.0, 0.0008593920087999695)	(80.0, 0.0)	(81.0, 0.0)	(82.0, 0.0)	(83.0, 0.0)	(84.0, 0.0008593920087999695)	(85.0, 0.0008593920087999695)	(86.0, 0.0)	(87.0, 0.0)	(88.0, 0.0)	(89.0, 0.0)	(90.0, 0.0)	(91.0, 0.0)	(92.0, 0.0)	(93.0, 0.0)	(94.0, 0.0)	(95.0, 0.0)	(96.0, 0.0)	(97.0, 0.0)	(98.0, 0.0)	(99.0, 0.0)	(100.0, 0.0)
1067R_R_M_S2_week5_S56_L001_R1_001	(0.0, 0.0)	(1.0, 0.0)	(2.0, 0.0)	(3.0, 0.0)	(4.0, 0.0)	(5.0, 0.0)	(6.0, 0.0)	(7.0, 0.0)	(8.0, 0.0)	(9.0, 0.0)	(10.0, 0.0)	(11.0, 0.0)	(12.0, 0.0)	(13.0, 0.0)	(14.0, 0.0)	(15.0, 0.0)	(16.0, 0.0)	(17.0, 0.0)	(18.0, 0.0)	(19.0, 0.0)	(20.0, 0.0)	(21.0, 0.0)	(22.0, 0.0)	(23.0, 0.0)	(24.0, 0.0)	(25.0, 0.0)	(26.0, 0.0)	(27.0, 0.0)	(28.0, 0.0)	(29.0, 0.0)	(30.0, 0.0)	(31.0, 0.0)	(32.0, 0.0)	(33.0, 0.0)	(34.0, 0.0)	(35.0, 0.0006476830757171166)	(36.0, 0.0012953661514342333)	(37.0, 0.0006476830757171166)	(38.0, 0.0)	(39.0, 0.0006476830757171166)	(40.0, 0.0019430492271513499)	(41.0, 0.0034543097371579554)	(42.0, 0.012737767155769958)	(43.0, 0.04253118863875732)	(44.0, 0.11215711927834734)	(45.0, 0.1813512612007925)	(46.0, 0.4737801698870674)	(47.0, 19.562403724613564)	(48.0, 21.45396214724754)	(49.0, 4.534861001813273)	(50.0, 4.324795790922263)	(51.0, 14.572329467741998)	(52.0, 20.604633740623477)	(53.0, 9.907176220524445)	(54.0, 3.1961000843054013)	(55.0, 0.5837783455796856)	(56.0, 0.15155783971780484)	(57.0, 0.05138285734022459)	(58.0, 0.09089152495896882)	(59.0, 0.09186304957254447)	(60.0, 0.010578823570046237)	(61.0, 0.0035622569164441413)	(62.0, 0.023316590725816204)	(63.0, 0.0034543097371579554)	(64.0, 0.0010794717928618608)	(65.0, 0.0010794717928618608)	(66.0, 0.0)	(67.0, 0.0)	(68.0, 0.0)	(69.0, 0.0)	(70.0, 0.0)	(71.0, 0.0)	(72.0, 0.0)	(73.0, 0.0)	(74.0, 0.0)	(75.0, 0.0)	(76.0, 0.0)	(77.0, 0.0)	(78.0, 0.0)	(79.0, 0.0)	(80.0, 0.0)	(81.0, 0.0)	(82.0, 0.0)	(83.0, 0.0)	(84.0, 0.0)	(85.0, 0.0)	(86.0, 0.0)	(87.0, 0.0)	(88.0, 0.0)	(89.0, 0.0)	(90.0, 0.0)	(91.0, 0.0)	(92.0, 0.0)	(93.0, 0.0)	(94.0, 0.0)	(95.0, 0.0)	(96.0, 0.0)	(97.0, 0.0)	(98.0, 0.0)	(99.0, 0.0)	(100.0, 0.0)
1067R_R_M_S2_week5_S56_L001_R2_001	(0.0, 0.0)	(1.0, 0.0)	(2.0, 0.0)	(3.0, 0.0)	(4.0, 0.0)	(5.0, 0.0)	(6.0, 0.0)	(7.0, 0.0)	(8.0, 0.0)	(9.0, 0.0)	(10.0, 0.0)	(11.0, 0.0)	(12.0, 0.0)	(13.0, 0.0)	(14.0, 0.0)	(15.0, 0.0)	(16.0, 0.0)	(17.0, 0.0)	(18.0, 0.0)	(19.0, 0.0)	(20.0, 0.0)	(21.0, 0.0)	(22.0, 0.0)	(23.0, 0.0)	(24.0, 0.0)	(25.0, 0.0)	(26.0, 0.0)	(27.0, 0.0)	(28.0, 0.0)	(29.0, 0.0006583495177588388)	(30.0, 0.0013166990355176775)	(31.0, 0.0019750485532765163)	(32.0, 0.002633398071035355)	(33.0, 0.0019750485532765163)	(34.0, 0.0019750485532765163)	(35.0, 0.004608446624311872)	(36.0, 0.008558543730864903)	(37.0, 0.013825339872935613)	(38.0, 0.016239288104718023)	(39.0, 0.01865323633650043)	(40.0, 0.02699233022811239)	(41.0, 0.03335637556644783)	(42.0, 0.039062071387024416)	(43.0, 0.06473770257961918)	(44.0, 0.12771980644521452)	(45.0, 1.193697400616441)	(46.0, 18.844486871420024)	(47.0, 15.425348650933318)	(48.0, 1.3632224014393481)	(49.0, 0.7946278679349175)	(50.0, 0.7057506830374674)	(51.0, 4.809682126907493)	(52.0, 5.288411951238002)	(53.0, 8.90351887816844)	(54.0, 7.458770861447947)	(55.0, 1.957053666457721)	(56.0, 15.861614931368557)	(57.0, 14.457465134906261)	(58.0, 1.0721221896702877)	(59.0, 0.3419028495560914)	(60.0, 0.35869076225894136)	(61.0, 0.3538628657953772)	(62.0, 0.13967982268450024)	(63.0, 0.0922786574058639)	(64.0, 0.09765517846756111)	(65.0, 0.04323161833283039)	(66.0, 0.015690663506585656)	(67.0, 0.009107168328997267)	(68.0, 0.007900194213106063)	(69.0, 0.0024139482317824083)	(70.0, 0.0008777993570117848)	(71.0, 0.004608446624311872)	(72.0, 0.02194498392529463)	(73.0, 0.002852847910288301)	(74.0, 0.0006583495177588388)	(75.0, 0.0006583495177588388)	(76.0, 0.0)	(77.0, 0.0)	(78.0, 0.0)	(79.0, 0.0013166990355176775)	(80.0, 0.0013166990355176775)	(81.0, 0.0)	(82.0, 0.0006583495177588388)	(83.0, 0.0006583495177588388)	(84.0, 0.0)	(85.0, 0.0)	(86.0, 0.0)	(87.0, 0.0)	(88.0, 0.0)	(89.0, 0.0)	(90.0, 0.0)	(91.0, 0.0)	(92.0, 0.0004388996785058924)	(93.0, 0.0004388996785058924)	(94.0, 0.0)	(95.0, 0.0)	(96.0, 0.0)	(97.0, 0.0)	(98.0, 0.0)	(99.0, 0.0004388996785058924)	(100.0, 0.0006583495177588388)
1067R_R_M_S2_week6_S57_L001_R1_001	(0.0, 0.0)	(1.0, 0.0)	(2.0, 0.0)	(3.0, 0.0)	(4.0, 0.0)	(5.0, 0.0)	(6.0, 0.0)	(7.0, 0.0)	(8.0, 0.0)	(9.0, 0.0)	(10.0, 0.0)	(11.0, 0.0)	(12.0, 0.0)	(13.0, 0.0)	(14.0, 0.0)	(15.0, 0.0)	(16.0, 0.0)	(17.0, 0.0)	(18.0, 0.0)	(19.0, 0.0)	(20.0, 0.0)	(21.0, 0.0)	(22.0, 0.0)	(23.0, 0.0)	(24.0, 0.0)	(25.0, 0.0)	(26.0, 0.0)	(27.0, 0.0)	(28.0, 0.0)	(29.0, 0.0)	(30.0, 0.0)	(31.0, 0.0)	(32.0, 0.0)	(33.0, 0.0)	(34.0, 0.0)	(35.0, 0.000438466682012854)	(36.0, 0.000438466682012854)	(37.0, 0.0)	(38.0, 0.000657700023019281)	(39.0, 0.0043846668201285395)	(40.0, 0.005371216854657463)	(41.0, 0.008330866958244225)	(42.0, 0.01775790062152059)	(43.0, 0.04757363499839465)	(44.0, 0.1300053712168112)	(45.0, 0.18875990660653358)	(46.0, 0.4361647319322855)	(47.0, 17.332697556646558)	(48.0, 19.805430409862502)	(49.0, 5.358830170891532)	(50.0, 5.378780404923127)	(51.0, 13.719732096854123)	(52.0, 22.57960910695728)	(53.0, 11.866991132005479)	(54.0, 2.2099816940151595)	(55.0, 0.49283655058244347)	(56.0, 0.10293005360251745)	(57.0, 0.03409078452649938)	(58.0, 0.09931270347591145)	(59.0, 0.10391660363704637)	(60.0, 0.009207800322269932)	(61.0, 0.007015466912205662)	(62.0, 0.03968123472216324)	(63.0, 0.01337323380139205)	(64.0, 0.002850033433083551)	(65.0, 0.0021923334100642697)	(66.0, 0.000657700023019281)	(67.0, 0.0)	(68.0, 0.0)	(69.0, 0.0)	(70.0, 0.0)	(71.0, 0.0)	(72.0, 0.0)	(73.0, 0.0)	(74.0, 0.0)	(75.0, 0.0)	(76.0, 0.0)	(77.0, 0.0)	(78.0, 0.0)	(79.0, 0.0)	(80.0, 0.0)	(81.0, 0.0)	(82.0, 0.0)	(83.0, 0.0)	(84.0, 0.0)	(85.0, 0.0)	(86.0, 0.0)	(87.0, 0.0)	(88.0, 0.0)	(89.0, 0.0)	(90.0, 0.0)	(91.0, 0.0)	(92.0, 0.0)	(93.0, 0.0)	(94.0, 0.0)	(95.0, 0.0)	(96.0, 0.0)	(97.0, 0.0)	(98.0, 0.0)	(99.0, 0.0)	(100.0, 0.0)
1067R_R_M_S2_week6_S57_L001_R2_001	(0.0, 0.0)	(1.0, 0.0)	(2.0, 0.0)	(3.0, 0.0)	(4.0, 0.0)	(5.0, 0.0)	(6.0, 0.0)	(7.0, 0.0)	(8.0, 0.0)	(9.0, 0.0)	(10.0, 0.0)	(11.0, 0.0)	(12.0, 0.0)	(13.0, 0.0)	(14.0, 0.0)	(15.0, 0.0)	(16.0, 0.0)	(17.0, 0.0)	(18.0, 0.0)	(19.0, 0.0)	(20.0, 0.0)	(21.0, 0.0)	(22.0, 0.0)	(23.0, 0.0)	(24.0, 0.0)	(25.0, 0.0)	(26.0, 0.0)	(27.0, 0.0)	(28.0, 0.0)	(29.0, 0.0)	(30.0, 0.0)	(31.0, 0.0)	(32.0, 0.0006618119086434835)	(33.0, 0.0006618119086434835)	(34.0, 0.002647247634573934)	(35.0, 0.007059327025530491)	(36.0, 0.009265366721008769)	(37.0, 0.009265366721008769)	(38.0, 0.009265366721008769)	(39.0, 0.015001069929252294)	(40.0, 0.020736773137495817)	(41.0, 0.029340327949861095)	(42.0, 0.043679585970469906)	(43.0, 0.0694902504075658)	(44.0, 0.13236238172869644)	(45.0, 1.0013214177776097)	(46.0, 16.289728017371832)	(47.0, 13.77186461093316)	(48.0, 1.5534931535558179)	(49.0, 0.8367508564949129)	(50.0, 0.8164552912965112)	(51.0, 7.648339624222202)	(52.0, 8.56406670181444)	(53.0, 10.163666085004428)	(54.0, 8.54542566638776)	(55.0, 1.8863845436034365)	(56.0, 13.241091460200133)	(57.0, 12.98055817216369)	(58.0, 1.0881290797946797)	(59.0, 0.33575924165179544)	(60.0, 0.23472262359888912)	(61.0, 0.21034588496385395)	(62.0, 0.12916362417025315)	(63.0, 0.09949239026607036)	(64.0, 0.09342578110350515)	(65.0, 0.045775323681174256)	(66.0, 0.018089525502921883)	(67.0, 0.015883485807443604)	(68.0, 0.011692010386034875)	(69.0, 0.0066181190864348345)	(70.0, 0.0066181190864348345)	(71.0, 0.012133218325130531)	(72.0, 0.032208179553982835)	(73.0, 0.008382950842817455)	(74.0, 0.00044120793909565567)	(75.0, 0.0)	(76.0, 0.0)	(77.0, 0.0)	(78.0, 0.0)	(79.0, 0.0)	(80.0, 0.0)	(81.0, 0.0)	(82.0, 0.0)	(83.0, 0.00033090595432174174)	(84.0, 0.00044120793909565567)	(85.0, 0.00044120793909565567)	(86.0, 0.0)	(87.0, 0.0)	(88.0, 0.0)	(89.0, 0.0)	(90.0, 0.0)	(91.0, 0.00044120793909565567)	(92.0, 0.00044120793909565567)	(93.0, 0.0)	(94.0, 0.0)	(95.0, 0.00044120793909565567)	(96.0, 0.0)	(97.0, 0.0)	(98.0, 0.0)	(99.0, 0.0)	(100.0, 0.0)
1067R_R_M_S2_week7_S58_L001_R1_001	(0.0, 0.0)	(1.0, 0.0)	(2.0, 0.0)	(3.0, 0.0)	(4.0, 0.0)	(5.0, 0.0)	(6.0, 0.0)	(7.0, 0.0)	(8.0, 0.0)	(9.0, 0.0)	(10.0, 0.0)	(11.0, 0.0)	(12.0, 0.0)	(13.0, 0.0)	(14.0, 0.0)	(15.0, 0.0)	(16.0, 0.0)	(17.0, 0.0)	(18.0, 0.0)	(19.0, 0.0)	(20.0, 0.0)	(21.0, 0.0)	(22.0, 0.0)	(23.0, 0.0)	(24.0, 0.0)	(25.0, 0.0)	(26.0, 0.0)	(27.0, 0.0)	(28.0, 0.0)	(29.0, 0.0)	(30.0, 0.0)	(31.0, 0.0)	(32.0, 0.0)	(33.0, 0.0)	(34.0, 0.0)	(35.0, 0.0)	(36.0, 0.0)	(37.0, 0.0)	(38.0, 0.0006343587742923267)	(39.0, 0.0006343587742923267)	(40.0, 0.0006343587742923267)	(41.0, 0.0012687175485846533)	(42.0, 0.005180596656720669)	(43.0, 0.020088027852590347)	(44.0, 0.050748701943386126)	(45.0, 0.08257236712038457)	(46.0, 0.20510933702118594)	(47.0, 8.250787397831335)	(48.0, 9.398025241137978)	(49.0, 3.3962511510988587)	(50.0, 3.564673405673541)	(51.0, 28.679465912204982)	(52.0, 34.82809405847367)	(53.0, 8.209131171652896)	(54.0, 2.0451726883183574)	(55.0, 0.7221117380694261)	(56.0, 0.15224610583015782)	(57.0, 0.04905707854527327)	(58.0, 0.11799073201837249)	(59.0, 0.11725064678169814)	(60.0, 0.015753242894926116)	(61.0, 0.010361193313441333)	(62.0, 0.06132134818159168)	(63.0, 0.012052816711554207)	(64.0, 0.0008458116990564356)	(65.0, 0.0012687175485846533)	(66.0, 0.0012687175485846533)	(67.0, 0.0)	(68.0, 0.0)	(69.0, 0.0)	(70.0, 0.0)	(71.0, 0.0)	(72.0, 0.0)	(73.0, 0.0)	(74.0, 0.0)	(75.0, 0.0)	(76.0, 0.0)	(77.0, 0.0)	(78.0, 0.0)	(79.0, 0.0)	(80.0, 0.0)	(81.0, 0.0)	(82.0, 0.0)	(83.0, 0.0)	(84.0, 0.0)	(85.0, 0.0)	(86.0, 0.0)	(87.0, 0.0)	(88.0, 0.0)	(89.0, 0.0)	(90.0, 0.0)	(91.0, 0.0)	(92.0, 0.0)	(93.0, 0.0)	(94.0, 0.0)	(95.0, 0.0)	(96.0, 0.0)	(97.0, 0.0)	(98.0, 0.0)	(99.0, 0.0)	(100.0, 0.0)
1067R_R_M_S2_week7_S58_L001_R2_001	(0.0, 0.0)	(1.0, 0.0)	(2.0, 0.0)	(3.0, 0.0)	(4.0, 0.0)	(5.0, 0.0)	(6.0, 0.0)	(7.0, 0.0)	(8.0, 0.0)	(9.0, 0.0)	(10.0, 0.0)	(11.0, 0.0)	(12.0, 0.0)	(13.0, 0.0)	(14.0, 0.0)	(15.0, 0.0)	(16.0, 0.0)	(17.0, 0.0)	(18.0, 0.0)	(19.0, 0.0)	(20.0, 0.0)	(21.0, 0.0)	(22.0, 0.0)	(23.0, 0.0)	(24.0, 0.0)	(25.0, 0.0)	(26.0, 0.0)	(27.0, 0.0)	(28.0, 0.0)	(29.0, 0.0)	(30.0, 0.0)	(31.0, 0.0)	(32.0, 0.0006404228498604418)	(33.0, 0.0012808456997208835)	(34.0, 0.0012808456997208835)	(35.0, 0.0006404228498604418)	(36.0, 0.0)	(37.0, 0.0019212685495813252)	(38.0, 0.005123382798883534)	(39.0, 0.006404228498604417)	(40.0, 0.010246765597767068)	(41.0, 0.020707005478820952)	(42.0, 0.027538182543999)	(43.0, 0.031273982501518235)	(44.0, 0.06414902212768764)	(45.0, 0.5350732910583919)	(46.0, 7.817214779678467)	(47.0, 6.238999403340468)	(48.0, 1.5276219712004486)	(49.0, 0.7089480947955028)	(50.0, 0.553005130854485)	(51.0, 4.786306905574357)	(52.0, 5.557909702514476)	(53.0, 5.424915224026887)	(54.0, 4.7664537972286185)	(55.0, 1.997265394431371)	(56.0, 27.544266561064667)	(57.0, 28.146797725639722)	(58.0, 2.0233092569923534)	(59.0, 0.5310172796759464)	(60.0, 0.5181020855370935)	(61.0, 0.49622097150019484)	(62.0, 0.19202011781648914)	(63.0, 0.12637677570579375)	(64.0, 0.12264097574827447)	(65.0, 0.04973950800582764)	(66.0, 0.02156090261196821)	(67.0, 0.024549542577983606)	(68.0, 0.01803857693773578)	(69.0, 0.010566977022697288)	(70.0, 0.009179394181332998)	(71.0, 0.015583622679937422)	(72.0, 0.0476047651729595)	(73.0, 0.008538971331472554)	(74.0, 0.0027751656827285807)	(75.0, 0.002988639966015395)	(76.0, 0.0012808456997208835)	(77.0, 0.0012808456997208835)	(78.0, 0.0)	(79.0, 0.0)	(80.0, 0.0)	(81.0, 0.0)	(82.0, 0.0)	(83.0, 0.0)	(84.0, 0.0)	(85.0, 0.0)	(86.0, 0.0)	(87.0, 0.0)	(88.0, 0.0)	(89.0, 0.0)	(90.0, 0.0)	(91.0, 0.0)	(92.0, 0.0)	(93.0, 0.0)	(94.0, 0.0)	(95.0, 0.0)	(96.0, 0.0)	(97.0, 0.0)	(98.0, 0.0)	(99.0, 0.0)	(100.0, 0.0006404228498604418)
1067R_R_M_S2_week9_S59_L001_R1_001	(0.0, 0.0)	(1.0, 0.0)	(2.0, 0.0)	(3.0, 0.0)	(4.0, 0.0)	(5.0, 0.0)	(6.0, 0.0)	(7.0, 0.0)	(8.0, 0.0)	(9.0, 0.0)	(10.0, 0.0)	(11.0, 0.0)	(12.0, 0.0)	(13.0, 0.0)	(14.0, 0.0)	(15.0, 0.0)	(16.0, 0.0)	(17.0, 0.0)	(18.0, 0.0)	(19.0, 0.0)	(20.0, 0.0)	(21.0, 0.0)	(22.0, 0.0)	(23.0, 0.0)	(24.0, 0.0)	(25.0, 0.0)	(26.0, 0.0)	(27.0, 0.0)	(28.0, 0.0)	(29.0, 0.0)	(30.0, 0.0)	(31.0, 0.0)	(32.0, 0.0)	(33.0, 0.0)	(34.0, 0.0)	(35.0, 0.000519975509153384)	(36.0, 0.000389981631865038)	(37.0, 0.0)	(38.0, 0.0)	(39.0, 0.000779963263730076)	(40.0, 0.000779963263730076)	(41.0, 0.001559926527460152)	(42.0, 0.011439461201374448)	(43.0, 0.035228340745141765)	(44.0, 0.08826584267878697)	(45.0, 0.1419533139988738)	(46.0, 0.5051562071425114)	(47.0, 19.00393491466724)	(48.0, 19.98629864533704)	(49.0, 4.953546687950207)	(50.0, 5.3755068136283635)	(51.0, 15.015852753330844)	(52.0, 22.184495110286925)	(53.0, 10.043326959295484)	(54.0, 1.7715565596856109)	(55.0, 0.47798748678924835)	(56.0, 0.1069849610083089)	(57.0, 0.026908732598687625)	(58.0, 0.09580548756151124)	(59.0, 0.1059450099900022)	(60.0, 0.012999387728834598)	(61.0, 0.007539644882724068)	(62.0, 0.03717824890446693)	(63.0, 0.004939767336957149)	(64.0, 0.001819914282036844)	(65.0, 0.000519975509153384)	(66.0, 0.000389981631865038)	(67.0, 0.000389981631865038)	(68.0, 0.0)	(69.0, 0.0)	(70.0, 0.0)	(71.0, 0.0)	(72.0, 0.0)	(73.0, 0.0)	(74.0, 0.0)	(75.0, 0.0)	(76.0, 0.0)	(77.0, 0.0)	(78.0, 0.0)	(79.0, 0.0)	(80.0, 0.0)	(81.0, 0.0)	(82.0, 0.0)	(83.0, 0.0)	(84.0, 0.0)	(85.0, 0.0)	(86.0, 0.0)	(87.0, 0.0)	(88.0, 0.0)	(89.0, 0.0)	(90.0, 0.0)	(91.0, 0.0)	(92.0, 0.0)	(93.0, 0.0)	(94.0, 0.0)	(95.0, 0.0)	(96.0, 0.0)	(97.0, 0.0)	(98.0, 0.0)	(99.0, 0.0)	(100.0, 0.0)
1067R_R_M_S2_week9_S59_L001_R2_001	(0.0, 0.0)	(1.0, 0.0)	(2.0, 0.0)	(3.0, 0.0)	(4.0, 0.0)	(5.0, 0.0)	(6.0, 0.0)	(7.0, 0.0)	(8.0, 0.0)	(9.0, 0.0)	(10.0, 0.0)	(11.0, 0.0)	(12.0, 0.0)	(13.0, 0.0)	(14.0, 0.0)	(15.0, 0.0)	(16.0, 0.0)	(17.0, 0.0)	(18.0, 0.0005509163805344694)	(19.0, 0.0)	(20.0, 0.0)	(21.0, 0.0)	(22.0, 0.0)	(23.0, 0.0)	(24.0, 0.0)	(25.0, 0.0)	(26.0, 0.0)	(27.0, 0.0)	(28.0, 0.0)	(29.0, 0.0008263745708017041)	(30.0, 0.0016527491416034083)	(31.0, 0.0016527491416034083)	(32.0, 0.0016527491416034083)	(33.0, 0.0033054982832068165)	(34.0, 0.0033054982832068165)	(35.0, 0.0033054982832068165)	(36.0, 0.005784621995611928)	(37.0, 0.005509163805344695)	(38.0, 0.006335538376146398)	(39.0, 0.012395618562025562)	(40.0, 0.018731156938171956)	(41.0, 0.029749484548861345)	(42.0, 0.04710335053569711)	(43.0, 0.07437371137215341)	(44.0, 0.14392690441462994)	(45.0, 2.895754225184113)	(46.0, 19.88863225368146)	(47.0, 7.888433923778139)	(48.0, 1.5270024777464637)	(49.0, 0.7756902637925236)	(50.0, 0.6328651921389667)	(51.0, 6.737845063032867)	(52.0, 7.886092529160875)	(53.0, 9.977233380572779)	(54.0, 8.437284367885121)	(55.0, 1.6347066301409519)	(56.0, 14.640878270891077)	(57.0, 14.416930762203437)	(58.0, 0.9763615554022107)	(59.0, 0.28702743425845884)	(60.0, 0.2762845648380367)	(61.0, 0.2831710195947178)	(62.0, 0.11734518905384198)	(63.0, 0.09062574459792024)	(64.0, 0.10357227954048041)	(65.0, 0.04214510311088689)	(66.0, 0.019006615128439198)	(67.0, 0.024240320743516657)	(68.0, 0.015012471369564288)	(69.0, 0.004958247424810225)	(70.0, 0.003994143758874903)	(71.0, 0.006610996566413633)	(72.0, 0.033054982832068154)	(73.0, 0.012120160371758323)	(74.0, 0.0016527491416034083)	(75.0, 0.0012395618562025563)	(76.0, 0.00041318728540085207)	(77.0, 0.0)	(78.0, 0.0)	(79.0, 0.0)	(80.0, 0.0)	(81.0, 0.0)	(82.0, 0.0)	(83.0, 0.0)	(84.0, 0.0)	(85.0, 0.0)	(86.0, 0.0)	(87.0, 0.0)	(88.0, 0.0)	(89.0, 0.0)	(90.0, 0.0)	(91.0, 0.0)	(92.0, 0.0)	(93.0, 0.0)	(94.0, 0.0)	(95.0, 0.0)	(96.0, 0.0008263745708017041)	(97.0, 0.0008263745708017041)	(98.0, 0.0)	(99.0, 0.0)	(100.0, 0.0)
1075R_L_M_NS6_week9_S84_L001_R1_001	(0.0, 0.0)	(1.0, 0.0)	(2.0, 0.0)	(3.0, 0.0)	(4.0, 0.0)	(5.0, 0.0)	(6.0, 0.0)	(7.0, 0.0)	(8.0, 0.0)	(9.0, 0.0)	(10.0, 0.0)	(11.0, 0.0)	(12.0, 0.0)	(13.0, 0.0)	(14.0, 0.0)	(15.0, 0.0)	(16.0, 0.0)	(17.0, 0.0)	(18.0, 0.0)	(19.0, 0.0)	(20.0, 0.0)	(21.0, 0.0)	(22.0, 0.0)	(23.0, 0.0)	(24.0, 0.0)	(25.0, 0.0)	(26.0, 0.0)	(27.0, 0.0)	(28.0, 0.0)	(29.0, 0.0)	(30.0, 0.0)	(31.0, 0.0)	(32.0, 0.0)	(33.0, 0.0)	(34.0, 0.0)	(35.0, 0.0)	(36.0, 0.0)	(37.0, 0.0009234889412199853)	(38.0, 0.004309615059026599)	(39.0, 0.005233104000246585)	(40.0, 0.006464422588539898)	(41.0, 0.02616552000123292)	(42.0, 0.06356682212064234)	(43.0, 0.10912560988749494)	(44.0, 0.22671653506950612)	(45.0, 1.1866832894676855)	(46.0, 10.627202905911133)	(47.0, 17.10286127656869)	(48.0, 36.70145141678679)	(49.0, 4.922965630820376)	(50.0, 1.480198857952137)	(51.0, 5.451509134845519)	(52.0, 12.76092410459796)	(53.0, 7.362823413524683)	(54.0, 1.274876483354205)	(55.0, 0.4808299087285436)	(56.0, 0.04663619153160923)	(57.0, 0.0103122931769565)	(58.0, 0.026473349648306263)	(59.0, 0.02801249788367291)	(60.0, 0.0030782964707332843)	(61.0, 0.007387911529759882)	(62.0, 0.06402856659125226)	(63.0, 0.009080974588663188)	(64.0, 0.0033861261178066127)	(65.0, 0.004155700235489934)	(66.0, 0.0009234889412199853)	(67.0, 0.0)	(68.0, 0.0010774037647566495)	(69.0, 0.0006156592941466569)	(70.0, 0.0)	(71.0, 0.0)	(72.0, 0.0)	(73.0, 0.0)	(74.0, 0.0)	(75.0, 0.0)	(76.0, 0.0)	(77.0, 0.0)	(78.0, 0.0)	(79.0, 0.0)	(80.0, 0.0)	(81.0, 0.0)	(82.0, 0.0)	(83.0, 0.0)	(84.0, 0.0)	(85.0, 0.0)	(86.0, 0.0)	(87.0, 0.0)	(88.0, 0.0)	(89.0, 0.0)	(90.0, 0.0)	(91.0, 0.0)	(92.0, 0.0)	(93.0, 0.0)	(94.0, 0.0)	(95.0, 0.0)	(96.0, 0.0)	(97.0, 0.0)	(98.0, 0.0)	(99.0, 0.0)	(100.0, 0.0)
1075R_L_M_NS6_week9_S84_L001_R2_001	(0.0, 0.0)	(1.0, 0.0)	(2.0, 0.0)	(3.0, 0.0)	(4.0, 0.0)	(5.0, 0.0)	(6.0, 0.0)	(7.0, 0.0)	(8.0, 0.0)	(9.0, 0.0)	(10.0, 0.0)	(11.0, 0.0)	(12.0, 0.0)	(13.0, 0.0)	(14.0, 0.0)	(15.0, 0.0)	(16.0, 0.0)	(17.0, 0.0)	(18.0, 0.0)	(19.0, 0.0)	(20.0, 0.0)	(21.0, 0.0)	(22.0, 0.0)	(23.0, 0.0)	(24.0, 0.0)	(25.0, 0.0)	(26.0, 0.0)	(27.0, 0.0)	(28.0, 0.0)	(29.0, 0.0)	(30.0, 0.0)	(31.0, 0.0)	(32.0, 0.0)	(33.0, 0.0015618675249993309)	(34.0, 0.0023428012874989962)	(35.0, 0.003904668812498327)	(36.0, 0.0052062250833311025)	(37.0, 0.0059871588458307685)	(38.0, 0.013275873962494312)	(39.0, 0.02134552284165752)	(40.0, 0.0278533041958214)	(41.0, 0.046075091987480256)	(42.0, 0.059090654695808015)	(43.0, 0.07939493252079934)	(44.0, 0.17414822903742505)	(45.0, 2.1571993632781896)	(46.0, 16.83927472078295)	(47.0, 20.971585725057274)	(48.0, 20.605197634817163)	(49.0, 11.26809325910452)	(50.0, 0.8780298603037844)	(51.0, 4.543472630223358)	(52.0, 4.231749903358771)	(53.0, 2.8488463655985883)	(54.0, 4.760442060571272)	(55.0, 0.8957310255871114)	(56.0, 4.566380020590012)	(57.0, 4.271187058365011)	(58.0, 0.27020308182488456)	(59.0, 0.09761672031245823)	(60.0, 0.07132528364163612)	(61.0, 0.06729045920205454)	(62.0, 0.04164980066664882)	(63.0, 0.031107194872903334)	(64.0, 0.02394863538332308)	(65.0, 0.011974317691661535)	(66.0, 0.007809337624996653)	(67.0, 0.01067276142082876)	(68.0, 0.010802917047912038)	(69.0, 0.007288715116663543)	(70.0, 0.0075490263708301005)	(71.0, 0.009371205149995981)	(72.0, 0.04425291320831432)	(73.0, 0.008460115760413042)	(74.0, 0.0)	(75.0, 0.0)	(76.0, 0.0)	(77.0, 0.0)	(78.0, 0.0)	(79.0, 0.0)	(80.0, 0.0)	(81.0, 0.0)	(82.0, 0.0)	(83.0, 0.0)	(84.0, 0.0)	(85.0, 0.0)	(86.0, 0.0)	(87.0, 0.0)	(88.0, 0.0)	(89.0, 0.0)	(90.0, 0.0)	(91.0, 0.0)	(92.0, 0.0)	(93.0, 0.0)	(94.0, 0.0)	(95.0, 0.0)	(96.0, 0.0)	(97.0, 0.0)	(98.0, 0.0)	(99.0, 0.0)	(100.0, 0.0013015562708327756)
1076R_0_M_S5_week9_S76_L001_R1_001	(0.0, 0.0)	(1.0, 0.0)	(2.0, 0.0)	(3.0, 0.0)	(4.0, 0.0)	(5.0, 0.0)	(6.0, 0.0)	(7.0, 0.0)	(8.0, 0.0)	(9.0, 0.0)	(10.0, 0.0)	(11.0, 0.0)	(12.0, 0.0)	(13.0, 0.0)	(14.0, 0.0)	(15.0, 0.0)	(16.0, 0.0)	(17.0, 0.0)	(18.0, 0.0)	(19.0, 0.0)	(20.0, 0.0)	(21.0, 0.0)	(22.0, 0.0)	(23.0, 0.0)	(24.0, 0.0)	(25.0, 0.0)	(26.0, 0.0)	(27.0, 0.0)	(28.0, 0.0)	(29.0, 0.0)	(30.0, 0.0)	(31.0, 0.0)	(32.0, 0.0)	(33.0, 0.0)	(34.0, 0.0004932644736127858)	(35.0, 0.0004932644736127858)	(36.0, 0.0)	(37.0, 0.0)	(38.0, 0.0006576859648170476)	(39.0, 0.0023019008768596664)	(40.0, 0.0016442149120426191)	(41.0, 0.004603801753719333)	(42.0, 0.008221074560213095)	(43.0, 0.022690165786188148)	(44.0, 0.06313785262243655)	(45.0, 0.12200074647356249)	(46.0, 1.407612386199706)	(47.0, 16.071378657754824)	(48.0, 6.478535596431049)	(49.0, 5.477208714996647)	(50.0, 6.915567920052176)	(51.0, 20.444990323795846)	(52.0, 24.700876202134655)	(53.0, 11.466590375092453)	(54.0, 5.385297101413428)	(55.0, 0.7958000174286184)	(56.0, 0.25830616268189477)	(57.0, 0.06576859648170472)	(58.0, 0.08895202674150579)	(59.0, 0.08171748112851825)	(60.0, 0.013811405261157997)	(61.0, 0.007234545612987525)	(62.0, 0.08993855568873138)	(63.0, 0.01512677719079209)	(64.0, 0.004439380262515072)	(65.0, 0.0026307438592681905)	(66.0, 0.0009865289472255716)	(67.0, 0.0009865289472255716)	(68.0, 0.0)	(69.0, 0.0)	(70.0, 0.0)	(71.0, 0.0)	(72.0, 0.0)	(73.0, 0.0)	(74.0, 0.0)	(75.0, 0.0)	(76.0, 0.0)	(77.0, 0.0)	(78.0, 0.0)	(79.0, 0.0)	(80.0, 0.0)	(81.0, 0.0)	(82.0, 0.0)	(83.0, 0.0)	(84.0, 0.0)	(85.0, 0.0)	(86.0, 0.0)	(87.0, 0.0)	(88.0, 0.0)	(89.0, 0.0)	(90.0, 0.0)	(91.0, 0.0)	(92.0, 0.0)	(93.0, 0.0)	(94.0, 0.0)	(95.0, 0.0)	(96.0, 0.0)	(97.0, 0.0)	(98.0, 0.0)	(99.0, 0.0)	(100.0, 0.0)
1076R_0_M_S5_week9_S76_L001_R2_001	(0.0, 0.0)	(1.0, 0.0)	(2.0, 0.0)	(3.0, 0.0)	(4.0, 0.0)	(5.0, 0.0)	(6.0, 0.0)	(7.0, 0.0)	(8.0, 0.0)	(9.0, 0.0)	(10.0, 0.0)	(11.0, 0.0)	(12.0, 0.0)	(13.0, 0.0)	(14.0, 0.0)	(15.0, 0.0)	(16.0, 0.0)	(17.0, 0.0)	(18.0, 0.0)	(19.0, 0.0)	(20.0, 0.0)	(21.0, 0.0)	(22.0, 0.0)	(23.0, 0.0)	(24.0, 0.0)	(25.0, 0.0)	(26.0, 0.0)	(27.0, 0.0)	(28.0, 0.0010197456754286302)	(29.0, 0.0020394913508572604)	(30.0, 0.0020394913508572604)	(31.0, 0.0010197456754286302)	(32.0, 0.0006798304502857534)	(33.0, 0.0)	(34.0, 0.0)	(35.0, 0.0010197456754286302)	(36.0, 0.006118474052571782)	(37.0, 0.010197456754286302)	(38.0, 0.012236948105143563)	(39.0, 0.015976015581715207)	(40.0, 0.019205210220572533)	(41.0, 0.02277432008457274)	(42.0, 0.032291946388573294)	(43.0, 0.06492380800228943)	(44.0, 0.1376656661828653)	(45.0, 1.3181912431040825)	(46.0, 15.650716711248405)	(47.0, 2.1384066813739135)	(48.0, 2.05376779031334)	(49.0, 1.0143070318263276)	(50.0, 0.6621548585783227)	(51.0, 2.062775543779628)	(52.0, 3.3041459460011664)	(53.0, 11.861511738971647)	(54.0, 11.247794799976736)	(55.0, 4.533619315342941)	(56.0, 21.65293975682915)	(57.0, 18.278771274442654)	(58.0, 1.4524577570355266)	(59.0, 0.5149715660914598)	(60.0, 0.6176259640846066)	(61.0, 0.588903127560034)	(62.0, 0.2148264222902979)	(63.0, 0.12695833659086447)	(64.0, 0.08973761943771948)	(65.0, 0.04384906404343109)	(66.0, 0.027873048461715892)	(67.0, 0.03382156490171624)	(68.0, 0.028382921299430208)	(69.0, 0.009857541529143426)	(70.0, 0.00849788062857192)	(71.0, 0.031612115938287555)	(72.0, 0.08089982358400469)	(73.0, 0.016655846032000956)	(74.0, 0.0013596609005715069)	(75.0, 0.0010197456754286302)	(76.0, 0.0010197456754286302)	(77.0, 0.0)	(78.0, 0.0)	(79.0, 0.0)	(80.0, 0.0)	(81.0, 0.0)	(82.0, 0.0)	(83.0, 0.0)	(84.0, 0.0)	(85.0, 0.0)	(86.0, 0.0)	(87.0, 0.0)	(88.0, 0.0)	(89.0, 0.0)	(90.0, 0.0)	(91.0, 0.0)	(92.0, 0.0006798304502857534)	(93.0, 0.0006798304502857534)	(94.0, 0.0)	(95.0, 0.0)	(96.0, 0.0)	(97.0, 0.0)	(98.0, 0.0)	(99.0, 0.0)	(100.0, 0.0)
1121R_0_M_NS1_week5_S26_L001_R1_001	(0.0, 0.0)	(1.0, 0.0)	(2.0, 0.0)	(3.0, 0.0)	(4.0, 0.0)	(5.0, 0.0)	(6.0, 0.0)	(7.0, 0.0)	(8.0, 0.0)	(9.0, 0.0)	(10.0, 0.0)	(11.0, 0.0)	(12.0, 0.0)	(13.0, 0.0)	(14.0, 0.0)	(15.0, 0.0)	(16.0, 0.0)	(17.0, 0.0)	(18.0, 0.0)	(19.0, 0.0)	(20.0, 0.0)	(21.0, 0.0)	(22.0, 0.0)	(23.0, 0.0)	(24.0, 0.0)	(25.0, 0.0)	(26.0, 0.0)	(27.0, 0.0)	(28.0, 0.0)	(29.0, 0.0)	(30.0, 0.0)	(31.0, 0.0)	(32.0, 0.0)	(33.0, 0.0)	(34.0, 0.0)	(35.0, 0.0)	(36.0, 0.0)	(37.0, 0.0)	(38.0, 0.0)	(39.0, 0.0)	(40.0, 0.0009478074055348601)	(41.0, 0.0018956148110697202)	(42.0, 0.012321496271953182)	(43.0, 0.037280424617704505)	(44.0, 0.10962972324019885)	(45.0, 0.18640212308852233)	(46.0, 0.3427903450017753)	(47.0, 5.276759762414688)	(48.0, 21.352995071398865)	(49.0, 2.952736004042799)	(50.0, 1.9687539491969028)	(51.0, 25.169499557692788)	(52.0, 28.23139138127863)	(53.0, 8.038354606342276)	(54.0, 4.618033615567673)	(55.0, 1.2411537975479079)	(56.0, 0.19256287122449864)	(57.0, 0.04754833817766547)	(58.0, 0.04280930114999117)	(59.0, 0.06097560975607593)	(60.0, 0.012005560470108225)	(61.0, 0.0094780740553486)	(62.0, 0.0767723998483237)	(63.0, 0.01374320738025547)	(64.0, 0.0012637432073798135)	(65.0, 0.0009478074055348601)	(66.0, 0.0009478074055348601)	(67.0, 0.0)	(68.0, 0.0)	(69.0, 0.0)	(70.0, 0.0)	(71.0, 0.0)	(72.0, 0.0)	(73.0, 0.0)	(74.0, 0.0)	(75.0, 0.0)	(76.0, 0.0)	(77.0, 0.0)	(78.0, 0.0)	(79.0, 0.0)	(80.0, 0.0)	(81.0, 0.0)	(82.0, 0.0)	(83.0, 0.0)	(84.0, 0.0)	(85.0, 0.0)	(86.0, 0.0)	(87.0, 0.0)	(88.0, 0.0)	(89.0, 0.0)	(90.0, 0.0)	(91.0, 0.0)	(92.0, 0.0)	(93.0, 0.0)	(94.0, 0.0)	(95.0, 0.0)	(96.0, 0.0)	(97.0, 0.0)	(98.0, 0.0)	(99.0, 0.0)	(100.0, 0.0)
1121R_0_M_NS1_week5_S26_L001_R2_001	(0.0, 0.0)	(1.0, 0.0)	(2.0, 0.0)	(3.0, 0.0)	(4.0, 0.0)	(5.0, 0.0)	(6.0, 0.0)	(7.0, 0.0)	(8.0, 0.0)	(9.0, 0.0)	(10.0, 0.0)	(11.0, 0.0)	(12.0, 0.0)	(13.0, 0.0)	(14.0, 0.0)	(15.0, 0.0)	(16.0, 0.0)	(17.0, 0.0)	(18.0, 0.0)	(19.0, 0.0)	(20.0, 0.0)	(21.0, 0.0)	(22.0, 0.0)	(23.0, 0.0)	(24.0, 0.0)	(25.0, 0.0)	(26.0, 0.0)	(27.0, 0.0)	(28.0, 0.0)	(29.0, 0.0)	(30.0, 0.0)	(31.0, 0.0018527238901022063)	(32.0, 0.0018527238901022063)	(33.0, 0.0009263619450511031)	(34.0, 0.0009263619450511031)	(35.0, 0.0)	(36.0, 0.0006175746300340687)	(37.0, 0.002470298520136275)	(38.0, 0.00710210824539179)	(39.0, 0.011116343340613238)	(40.0, 0.01729208964095393)	(41.0, 0.026864496406481995)	(42.0, 0.02933479492661827)	(43.0, 0.03983356363719743)	(44.0, 0.07194744439896902)	(45.0, 0.2511984807663567)	(46.0, 2.4710704884237766)	(47.0, 2.337519974678938)	(48.0, 6.388037579415698)	(49.0, 16.827055944535854)	(50.0, 1.8809779294263358)	(51.0, 2.428766626266456)	(52.0, 2.7011170381114233)	(53.0, 3.9666818487085824)	(54.0, 4.866179297353577)	(55.0, 2.1068558503612502)	(56.0, 25.647256810697446)	(57.0, 24.25508920094066)	(58.0, 1.6606581801616487)	(59.0, 0.47105504905848755)	(60.0, 0.5064111966279375)	(61.0, 0.48278896702913554)	(62.0, 0.171376959834454)	(63.0, 0.10159102664060436)	(64.0, 0.0734913809740542)	(65.0, 0.02593813446143089)	(66.0, 0.018836026216039095)	(67.0, 0.02315904862627758)	(68.0, 0.018218451586005033)	(69.0, 0.007719682875425859)	(70.0, 0.0077196828754258606)	(71.0, 0.015130578435834681)	(72.0, 0.059904739113304586)	(73.0, 0.01296906723071544)	(74.0, 0.0)	(75.0, 0.0)	(76.0, 0.0)	(77.0, 0.0006175746300340687)	(78.0, 0.0)	(79.0, 0.0)	(80.0, 0.0)	(81.0, 0.0)	(82.0, 0.0006175746300340687)	(83.0, 0.0)	(84.0, 0.0)	(85.0, 0.0)	(86.0, 0.0)	(87.0, 0.0006175746300340687)	(88.0, 0.0006175746300340687)	(89.0, 0.0006175746300340687)	(90.0, 0.0)	(91.0, 0.0)	(92.0, 0.0)	(93.0, 0.0)	(94.0, 0.0)	(95.0, 0.0)	(96.0, 0.0)	(97.0, 0.0)	(98.0, 0.0)	(99.0, 0.0)	(100.0, 0.0)
1121R_0_M_NS1_week6_S27_L001_R1_001	(0.0, 0.0)	(1.0, 0.0)	(2.0, 0.0)	(3.0, 0.0)	(4.0, 0.0)	(5.0, 0.0)	(6.0, 0.0)	(7.0, 0.0)	(8.0, 0.0)	(9.0, 0.0)	(10.0, 0.0)	(11.0, 0.0)	(12.0, 0.0)	(13.0, 0.0)	(14.0, 0.0)	(15.0, 0.0)	(16.0, 0.0)	(17.0, 0.0)	(18.0, 0.0)	(19.0, 0.0)	(20.0, 0.0)	(21.0, 0.0)	(22.0, 0.0)	(23.0, 0.0)	(24.0, 0.0)	(25.0, 0.0)	(26.0, 0.0)	(27.0, 0.0)	(28.0, 0.0)	(29.0, 0.0)	(30.0, 0.0)	(31.0, 0.00046120568389867593)	(32.0, 0.0)	(33.0, 0.0)	(34.0, 0.0)	(35.0, 0.0)	(36.0, 0.0)	(37.0, 0.0)	(38.0, 0.0)	(39.0, 0.0)	(40.0, 0.0024597636474596044)	(41.0, 0.006149409118649011)	(42.0, 0.011991347781365574)	(43.0, 0.03720392516782652)	(44.0, 0.10945948231195245)	(45.0, 0.19109288836201788)	(46.0, 0.49564237496311364)	(47.0, 9.101740436512383)	(48.0, 21.82148572798861)	(49.0, 3.3236018934015963)	(50.0, 2.1825790314365214)	(51.0, 25.02578908449445)	(52.0, 28.0802005937329)	(53.0, 5.9100433687062015)	(54.0, 2.425019485939202)	(55.0, 0.8993510836024005)	(56.0, 0.11130430504754729)	(57.0, 0.0309007808212113)	(58.0, 0.02859475240171792)	(59.0, 0.04981021386105695)	(60.0, 0.01106893641356822)	(61.0, 0.018601962583913265)	(62.0, 0.0996204277221142)	(63.0, 0.01445111142882517)	(64.0, 0.0055344682067841105)	(65.0, 0.0018448227355947037)	(66.0, 0.0009224113677973519)	(67.0, 0.0)	(68.0, 0.0015373522796622529)	(69.0, 0.0015373522796622529)	(70.0, 0.0)	(71.0, 0.0)	(72.0, 0.0)	(73.0, 0.0)	(74.0, 0.0)	(75.0, 0.0)	(76.0, 0.0)	(77.0, 0.0)	(78.0, 0.0)	(79.0, 0.0)	(80.0, 0.0)	(81.0, 0.0)	(82.0, 0.0)	(83.0, 0.0)	(84.0, 0.0)	(85.0, 0.0)	(86.0, 0.0)	(87.0, 0.0)	(88.0, 0.0)	(89.0, 0.0)	(90.0, 0.0)	(91.0, 0.0)	(92.0, 0.0)	(93.0, 0.0)	(94.0, 0.0)	(95.0, 0.0)	(96.0, 0.0)	(97.0, 0.0)	(98.0, 0.0)	(99.0, 0.0)	(100.0, 0.0)
1121R_0_M_NS1_week6_S27_L001_R2_001	(0.0, 0.0)	(1.0, 0.0)	(2.0, 0.0)	(3.0, 0.0)	(4.0, 0.0)	(5.0, 0.0)	(6.0, 0.0)	(7.0, 0.0)	(8.0, 0.0)	(9.0, 0.0)	(10.0, 0.0)	(11.0, 0.0)	(12.0, 0.0)	(13.0, 0.0)	(14.0, 0.0)	(15.0, 0.0)	(16.0, 0.0)	(17.0, 0.0)	(18.0, 0.0)	(19.0, 0.0)	(20.0, 0.0)	(21.0, 0.0)	(22.0, 0.0)	(23.0, 0.0)	(24.0, 0.0)	(25.0, 0.0)	(26.0, 0.0)	(27.0, 0.0)	(28.0, 0.0)	(29.0, 0.0)	(30.0, 0.0009030160736859624)	(31.0, 0.0009030160736859624)	(32.0, 0.0)	(33.0, 0.0)	(34.0, 0.0)	(35.0, 0.0036120642947438495)	(36.0, 0.009933176810545586)	(37.0, 0.014448257178975398)	(38.0, 0.021672385768463098)	(39.0, 0.026187466136892906)	(40.0, 0.025284450063206943)	(41.0, 0.02347841791583502)	(42.0, 0.03551863223164786)	(43.0, 0.054481969779053056)	(44.0, 0.08127144663173665)	(45.0, 0.41960146890608063)	(46.0, 5.475588465474243)	(47.0, 4.691168502798686)	(48.0, 7.081452049846471)	(49.0, 13.737884534338146)	(50.0, 1.5539401601346328)	(51.0, 3.4377821925222087)	(52.0, 3.9293239419653014)	(53.0, 3.5813617482382503)	(54.0, 4.310697730418845)	(55.0, 1.508187345734534)	(56.0, 23.37276503522333)	(57.0, 23.750376256703657)	(58.0, 1.4738727349344645)	(59.0, 0.3899524411533889)	(60.0, 0.2752693997952708)	(61.0, 0.2272590452109667)	(62.0, 0.09587020648965973)	(63.0, 0.05959906086327352)	(64.0, 0.07073625910540038)	(65.0, 0.03807717777375808)	(66.0, 0.02362892059478268)	(67.0, 0.02784299560531717)	(68.0, 0.023026909878992044)	(69.0, 0.013394738426341772)	(70.0, 0.00782613930527834)	(71.0, 0.024080428631625673)	(72.0, 0.07495033411593491)	(73.0, 0.0216723857684631)	(74.0, 0.0015050267894766037)	(75.0, 0.0009030160736859624)	(76.0, 0.0006020107157906414)	(77.0, 0.0006020107157906414)	(78.0, 0.0)	(79.0, 0.0)	(80.0, 0.0)	(81.0, 0.0)	(82.0, 0.0)	(83.0, 0.0)	(84.0, 0.0)	(85.0, 0.0)	(86.0, 0.0)	(87.0, 0.0)	(88.0, 0.0)	(89.0, 0.0)	(90.0, 0.0)	(91.0, 0.0)	(92.0, 0.0)	(93.0, 0.0)	(94.0, 0.0)	(95.0, 0.0)	(96.0, 0.0)	(97.0, 0.0004515080368429812)	(98.0, 0.0)	(99.0, 0.0004515080368429812)	(100.0, 0.0006020107157906414)
1121R_0_M_NS1_week7_S28_L001_R1_001	(0.0, 0.0)	(1.0, 0.0)	(2.0, 0.0)	(3.0, 0.0)	(4.0, 0.0)	(5.0, 0.0)	(6.0, 0.0)	(7.0, 0.0)	(8.0, 0.0)	(9.0, 0.0)	(10.0, 0.0)	(11.0, 0.0)	(12.0, 0.0)	(13.0, 0.0)	(14.0, 0.0)	(15.0, 0.0)	(16.0, 0.0)	(17.0, 0.0)	(18.0, 0.0)	(19.0, 0.0)	(20.0, 0.0)	(21.0, 0.0)	(22.0, 0.0)	(23.0, 0.0)	(24.0, 0.0)	(25.0, 0.0)	(26.0, 0.0)	(27.0, 0.0)	(28.0, 0.0)	(29.0, 0.0)	(30.0, 0.0)	(31.0, 0.0)	(32.0, 0.0)	(33.0, 0.0)	(34.0, 0.0)	(35.0, 0.0)	(36.0, 0.0)	(37.0, 0.0)	(38.0, 0.0006950876418630292)	(39.0, 0.0006950876418630292)	(40.0, 0.0034754382093151463)	(41.0, 0.005560701134904236)	(42.0, 0.01042631462794544)	(43.0, 0.027108418032658146)	(44.0, 0.10773858448876955)	(45.0, 0.23667734205436117)	(46.0, 0.8130787690692703)	(47.0, 15.776404207360187)	(48.0, 20.958630121275817)	(49.0, 3.8679889550570024)	(50.0, 2.8173639843812674)	(51.0, 20.031730750849793)	(52.0, 24.214420635768104)	(53.0, 6.88188897017615)	(54.0, 2.6748710177993775)	(55.0, 1.0445429538096451)	(56.0, 0.10217788335386545)	(57.0, 0.023285436002411484)	(58.0, 0.02467561128613755)	(59.0, 0.0693349922758371)	(60.0, 0.022764120271014217)	(61.0, 0.031278943883836334)	(62.0, 0.2083525206484424)	(63.0, 0.038924907944329644)	(64.0, 0.003822982030246661)	(65.0, 0.0013901752837260585)	(66.0, 0.0006950876418630292)	(67.0, 0.0)	(68.0, 0.0)	(69.0, 0.0)	(70.0, 0.0)	(71.0, 0.0)	(72.0, 0.0)	(73.0, 0.0)	(74.0, 0.0)	(75.0, 0.0)	(76.0, 0.0)	(77.0, 0.0)	(78.0, 0.0)	(79.0, 0.0)	(80.0, 0.0)	(81.0, 0.0)	(82.0, 0.0)	(83.0, 0.0)	(84.0, 0.0)	(85.0, 0.0)	(86.0, 0.0)	(87.0, 0.0)	(88.0, 0.0)	(89.0, 0.0)	(90.0, 0.0)	(91.0, 0.0)	(92.0, 0.0)	(93.0, 0.0)	(94.0, 0.0)	(95.0, 0.0)	(96.0, 0.0)	(97.0, 0.0)	(98.0, 0.0)	(99.0, 0.0)	(100.0, 0.0)
1121R_0_M_NS1_week7_S28_L001_R2_001	(0.0, 0.0)	(1.0, 0.0)	(2.0, 0.0)	(3.0, 0.0)	(4.0, 0.0)	(5.0, 0.0)	(6.0, 0.0)	(7.0, 0.0)	(8.0, 0.0)	(9.0, 0.0)	(10.0, 0.0)	(11.0, 0.0)	(12.0, 0.0)	(13.0, 0.0)	(14.0, 0.0)	(15.0, 0.0)	(16.0, 0.0)	(17.0, 0.0)	(18.0, 0.0)	(19.0, 0.0)	(20.0, 0.0)	(21.0, 0.0)	(22.0, 0.0)	(23.0, 0.0)	(24.0, 0.0)	(25.0, 0.0)	(26.0, 0.0)	(27.0, 0.0)	(28.0, 0.0)	(29.0, 0.0)	(30.0, 0.0)	(31.0, 0.0020789804679785255)	(32.0, 0.003118470701967788)	(33.0, 0.0020789804679785255)	(34.0, 0.002598725584973157)	(35.0, 0.003118470701967788)	(36.0, 0.004157960935957051)	(37.0, 0.004157960935957051)	(38.0, 0.01004840559522954)	(39.0, 0.022522288403100693)	(40.0, 0.026333752594394653)	(41.0, 0.02875922980703627)	(42.0, 0.03516941958330339)	(43.0, 0.05803820473106715)	(44.0, 0.11815538993011293)	(45.0, 0.7976355062144191)	(46.0, 10.371687058000065)	(47.0, 8.018627664994463)	(48.0, 7.6456239193644775)	(49.0, 7.934602204413609)	(50.0, 1.1501959439091085)	(51.0, 4.6797850334194795)	(52.0, 5.390796353468445)	(53.0, 5.390623105096116)	(54.0, 6.290994896103512)	(55.0, 1.565472292387849)	(56.0, 18.684663707581713)	(57.0, 19.104444513741804)	(58.0, 1.2141245932994522)	(59.0, 0.3288254106852702)	(60.0, 0.23942925056219302)	(61.0, 0.2007948635322588)	(62.0, 0.09008915361240277)	(63.0, 0.06964584567728058)	(64.0, 0.07830826429385779)	(65.0, 0.03863438702993427)	(66.0, 0.019403817701132902)	(67.0, 0.03586241307262956)	(68.0, 0.03776814516827654)	(69.0, 0.016978340488491284)	(70.0, 0.015592353509838935)	(71.0, 0.03846113865760272)	(72.0, 0.17220888209755433)	(73.0, 0.04643056378485371)	(74.0, 0.004504457680620138)	(75.0, 0.004504457680620138)	(76.0, 0.0010394902339892628)	(77.0, 0.0006929934893261751)	(78.0, 0.0006929934893261751)	(79.0, 0.0)	(80.0, 0.0)	(81.0, 0.0)	(82.0, 0.0)	(83.0, 0.0)	(84.0, 0.0)	(85.0, 0.0)	(86.0, 0.0)	(87.0, 0.0)	(88.0, 0.0)	(89.0, 0.0)	(90.0, 0.0005197451169946314)	(91.0, 0.0)	(92.0, 0.0)	(93.0, 0.0)	(94.0, 0.0)	(95.0, 0.0)	(96.0, 0.0)	(97.0, 0.0)	(98.0, 0.0)	(99.0, 0.0)	(100.0, 0.0)
1121R_0_M_NS1_week9_S29_L001_R1_001	(0.0, 0.0)	(1.0, 0.0)	(2.0, 0.0)	(3.0, 0.0)	(4.0, 0.0)	(5.0, 0.0)	(6.0, 0.0)	(7.0, 0.0)	(8.0, 0.0)	(9.0, 0.0)	(10.0, 0.0)	(11.0, 0.0)	(12.0, 0.0)	(13.0, 0.0)	(14.0, 0.0)	(15.0, 0.0)	(16.0, 0.0)	(17.0, 0.0)	(18.0, 0.0)	(19.0, 0.0)	(20.0, 0.0)	(21.0, 0.0)	(22.0, 0.0)	(23.0, 0.0)	(24.0, 0.0)	(25.0, 0.0)	(26.0, 0.0)	(27.0, 0.0)	(28.0, 0.0)	(29.0, 0.0)	(30.0, 0.0)	(31.0, 0.0)	(32.0, 0.0)	(33.0, 0.0)	(34.0, 0.0)	(35.0, 0.0)	(36.0, 0.0)	(37.0, 0.0006368189619213472)	(38.0, 0.0)	(39.0, 0.001592047404803368)	(40.0, 0.003184094809606736)	(41.0, 0.01050751287170223)	(42.0, 0.03438822394375275)	(43.0, 0.07132372373519087)	(44.0, 0.1846774989571907)	(45.0, 0.315703000372508)	(46.0, 0.9429696778650182)	(47.0, 15.806961068065837)	(48.0, 26.885541343891067)	(49.0, 4.362846708123005)	(50.0, 2.282359159526123)	(51.0, 16.363859250267055)	(52.0, 21.073135473683873)	(53.0, 7.259736165904483)	(54.0, 2.816968678058977)	(55.0, 0.9674872078989866)	(56.0, 0.10380149079317975)	(57.0, 0.0320001528365477)	(58.0, 0.024358325293491537)	(59.0, 0.051582335915629086)	(60.0, 0.022288663667247154)	(61.0, 0.035980271348556116)	(62.0, 0.26969283037368985)	(63.0, 0.05635847813003916)	(64.0, 0.01337319820034829)	(65.0, 0.005412961176331451)	(66.0, 0.0012736379238426944)	(67.0, 0.0)	(68.0, 0.0)	(69.0, 0.0)	(70.0, 0.0)	(71.0, 0.0)	(72.0, 0.0)	(73.0, 0.0)	(74.0, 0.0)	(75.0, 0.0)	(76.0, 0.0)	(77.0, 0.0)	(78.0, 0.0)	(79.0, 0.0)	(80.0, 0.0)	(81.0, 0.0)	(82.0, 0.0)	(83.0, 0.0)	(84.0, 0.0)	(85.0, 0.0)	(86.0, 0.0)	(87.0, 0.0)	(88.0, 0.0)	(89.0, 0.0)	(90.0, 0.0)	(91.0, 0.0)	(92.0, 0.0)	(93.0, 0.0)	(94.0, 0.0)	(95.0, 0.0)	(96.0, 0.0)	(97.0, 0.0)	(98.0, 0.0)	(99.0, 0.0)	(100.0, 0.0)
1121R_0_M_NS1_week9_S29_L001_R2_001	(0.0, 0.0)	(1.0, 0.0)	(2.0, 0.0)	(3.0, 0.0)	(4.0, 0.0)	(5.0, 0.0)	(6.0, 0.0)	(7.0, 0.0)	(8.0, 0.0)	(9.0, 0.0)	(10.0, 0.0)	(11.0, 0.0)	(12.0, 0.0)	(13.0, 0.0)	(14.0, 0.0)	(15.0, 0.0)	(16.0, 0.0)	(17.0, 0.0)	(18.0, 0.0)	(19.0, 0.0)	(20.0, 0.0)	(21.0, 0.0)	(22.0, 0.0)	(23.0, 0.0)	(24.0, 0.0)	(25.0, 0.0)	(26.0, 0.0009421947799269785)	(27.0, 0.0009421947799269785)	(28.0, 0.0)	(29.0, 0.0)	(30.0, 0.0)	(31.0, 0.0)	(32.0, 0.0009421947799269785)	(33.0, 0.001884389559853957)	(34.0, 0.0009421947799269785)	(35.0, 0.001884389559853957)	(36.0, 0.007537558239415828)	(37.0, 0.012876661992335371)	(38.0, 0.015075116478831656)	(39.0, 0.022612674718247485)	(40.0, 0.03297681729744425)	(41.0, 0.045539414363137284)	(42.0, 0.058730141282114984)	(43.0, 0.07349119283430433)	(44.0, 0.12248532139050734)	(45.0, 0.8269329518492319)	(46.0, 10.218259420770543)	(47.0, 8.130983918307493)	(48.0, 9.850332359209403)	(49.0, 13.372727543963315)	(50.0, 1.7278281939228086)	(51.0, 4.1296397204197435)	(52.0, 4.725577918723814)	(53.0, 5.763405468813818)	(54.0, 6.084850921232362)	(55.0, 1.4387314289485156)	(56.0, 15.341286504155985)	(57.0, 15.413678469746941)	(58.0, 1.049447952375324)	(59.0, 0.295535095970429)	(60.0, 0.24120186366130597)	(61.0, 0.21701886430984693)	(62.0, 0.10081484145218671)	(63.0, 0.07035054356788105)	(64.0, 0.06092859576861126)	(65.0, 0.031092427737590297)	(66.0, 0.021984544864962832)	(67.0, 0.05464729723576475)	(68.0, 0.05715981664890336)	(69.0, 0.025125194131386096)	(70.0, 0.018529830671897247)	(71.0, 0.05873014128211493)	(72.0, 0.20885317621714602)	(73.0, 0.051820712895983764)	(74.0, 0.001884389559853957)	(75.0, 0.004710973899634892)	(76.0, 0.003454714193065587)	(77.0, 0.0012562597065693046)	(78.0, 0.0006281298532846523)	(79.0, 0.0)	(80.0, 0.0)	(81.0, 0.0)	(82.0, 0.0)	(83.0, 0.0)	(84.0, 0.0)	(85.0, 0.0)	(86.0, 0.0006281298532846523)	(87.0, 0.0)	(88.0, 0.0)	(89.0, 0.0)	(90.0, 0.0)	(91.0, 0.00047109738996348925)	(92.0, 0.0006281298532846523)	(93.0, 0.0)	(94.0, 0.0)	(95.0, 0.0)	(96.0, 0.0)	(97.0, 0.0)	(98.0, 0.0)	(99.0, 0.0)	(100.0, 0.0)
1136R_0_F_S5_week9_S69_L001_R1_001	(0.0, 0.0)	(1.0, 0.0)	(2.0, 0.0)	(3.0, 0.0)	(4.0, 0.0)	(5.0, 0.0)	(6.0, 0.0)	(7.0, 0.0)	(8.0, 0.0)	(9.0, 0.0)	(10.0, 0.0)	(11.0, 0.0)	(12.0, 0.0)	(13.0, 0.0)	(14.0, 0.0)	(15.0, 0.0)	(16.0, 0.0)	(17.0, 0.0)	(18.0, 0.0)	(19.0, 0.0)	(20.0, 0.0)	(21.0, 0.0)	(22.0, 0.0)	(23.0, 0.0)	(24.0, 0.0)	(25.0, 0.0)	(26.0, 0.0)	(27.0, 0.0)	(28.0, 0.00032173444896542154)	(29.0, 0.0)	(30.0, 0.0004289792652872287)	(31.0, 0.0)	(32.0, 0.0)	(33.0, 0.0)	(34.0, 0.0)	(35.0, 0.0)	(36.0, 0.0006434688979308431)	(37.0, 0.0013941826121834935)	(38.0, 0.0012869377958616862)	(39.0, 0.0015014274285053003)	(40.0, 0.0036463237549414444)	(41.0, 0.007507137142526503)	(42.0, 0.019196822121603486)	(43.0, 0.056946997466879624)	(44.0, 0.1599020211358144)	(45.0, 0.2643584722332556)	(46.0, 2.2265096316569055)	(47.0, 24.897849312455914)	(48.0, 12.299479004682153)	(49.0, 10.930498924331838)	(50.0, 10.210886206812098)	(51.0, 9.548220486760249)	(52.0, 17.16453285231338)	(53.0, 9.946527734579075)	(54.0, 1.494456515444403)	(55.0, 0.43037344789941084)	(56.0, 0.10070288252617696)	(57.0, 0.030350283019071417)	(58.0, 0.05801944563009774)	(59.0, 0.05512383558940893)	(60.0, 0.008150606040457345)	(61.0, 0.008365095673100958)	(62.0, 0.05716148709952329)	(63.0, 0.009652033468962644)	(64.0, 0.0030028548570106006)	(65.0, 0.0019304066937925292)	(66.0, 0.0010724481632180718)	(67.0, 0.0)	(68.0, 0.0)	(69.0, 0.0)	(70.0, 0.0)	(71.0, 0.0)	(72.0, 0.0)	(73.0, 0.0)	(74.0, 0.0)	(75.0, 0.0)	(76.0, 0.0)	(77.0, 0.0)	(78.0, 0.0)	(79.0, 0.0)	(80.0, 0.0)	(81.0, 0.0)	(82.0, 0.0)	(83.0, 0.0)	(84.0, 0.0)	(85.0, 0.0)	(86.0, 0.0)	(87.0, 0.0)	(88.0, 0.0)	(89.0, 0.0)	(90.0, 0.0)	(91.0, 0.0)	(92.0, 0.0)	(93.0, 0.0)	(94.0, 0.0)	(95.0, 0.0)	(96.0, 0.0)	(97.0, 0.0)	(98.0, 0.0)	(99.0, 0.0)	(100.0, 0.0)
1136R_0_F_S5_week9_S69_L001_R2_001	(0.0, 0.0)	(1.0, 0.0)	(2.0, 0.0)	(3.0, 0.0)	(4.0, 0.0)	(5.0, 0.0)	(6.0, 0.0)	(7.0, 0.0)	(8.0, 0.0)	(9.0, 0.0)	(10.0, 0.0)	(11.0, 0.0)	(12.0, 0.0)	(13.0, 0.0)	(14.0, 0.0)	(15.0, 0.0)	(16.0, 0.0)	(17.0, 0.0)	(18.0, 0.0)	(19.0, 0.0)	(20.0, 0.0)	(21.0, 0.0)	(22.0, 0.0)	(23.0, 0.0)	(24.0, 0.0)	(25.0, 0.0)	(26.0, 0.0)	(27.0, 0.0)	(28.0, 0.0)	(29.0, 0.0)	(30.0, 0.0)	(31.0, 0.0)	(32.0, 0.0006498964498321677)	(33.0, 0.003249482249160839)	(34.0, 0.005849068048489509)	(35.0, 0.008232021697874124)	(36.0, 0.007582125248041956)	(37.0, 0.005849068048489509)	(38.0, 0.008665285997762236)	(39.0, 0.011048239647146851)	(40.0, 0.015597514795972024)	(41.0, 0.02686238659306294)	(42.0, 0.04386801036367131)	(43.0, 0.06358153600858046)	(44.0, 0.1688647608813909)	(45.0, 1.9304090881514098)	(46.0, 23.983561952462047)	(47.0, 2.9461972392390585)	(48.0, 2.1788861641372006)	(49.0, 1.0652885973499158)	(50.0, 0.6601864769545014)	(51.0, 2.785022919680616)	(52.0, 4.177642695596559)	(53.0, 20.93847213678212)	(54.0, 17.615226640559296)	(55.0, 2.2725795689880144)	(56.0, 8.884084469203698)	(57.0, 8.48212351498279)	(58.0, 0.6897567654218668)	(59.0, 0.23807873278851757)	(60.0, 0.21533235704439174)	(61.0, 0.19128618840060135)	(62.0, 0.09282687625102798)	(63.0, 0.055241198235734264)	(64.0, 0.05892394478478326)	(65.0, 0.03227819034166432)	(66.0, 0.016247411245804193)	(67.0, 0.010831607497202796)	(68.0, 0.010181711047370626)	(69.0, 0.01061497534725874)	(70.0, 0.008665285997762236)	(71.0, 0.012131400396867128)	(72.0, 0.05177508383662937)	(73.0, 0.012348032546811183)	(74.0, 0.0012997928996643354)	(75.0, 0.0006498964498321677)	(76.0, 0.0)	(77.0, 0.0)	(78.0, 0.0)	(79.0, 0.0)	(80.0, 0.0)	(81.0, 0.0)	(82.0, 0.0004332642998881118)	(83.0, 0.0004332642998881118)	(84.0, 0.0)	(85.0, 0.0)	(86.0, 0.0)	(87.0, 0.0)	(88.0, 0.0)	(89.0, 0.0)	(90.0, 0.0)	(91.0, 0.0)	(92.0, 0.0)	(93.0, 0.0)	(94.0, 0.0)	(95.0, 0.0004332642998881118)	(96.0, 0.0)	(97.0, 0.0)	(98.0, 0.0)	(99.0, 0.0)	(100.0, 0.0006498964498321677)
1151R_R_M_NS1_week5_S30_L001_R1_001	(0.0, 0.0)	(1.0, 0.0)	(2.0, 0.0)	(3.0, 0.0)	(4.0, 0.0)	(5.0, 0.0)	(6.0, 0.0)	(7.0, 0.0)	(8.0, 0.0)	(9.0, 0.0)	(10.0, 0.0)	(11.0, 0.0)	(12.0, 0.0)	(13.0, 0.0)	(14.0, 0.0)	(15.0, 0.0)	(16.0, 0.0)	(17.0, 0.0)	(18.0, 0.0)	(19.0, 0.0)	(20.0, 0.0)	(21.0, 0.0)	(22.0, 0.0)	(23.0, 0.0)	(24.0, 0.0)	(25.0, 0.0)	(26.0, 0.0)	(27.0, 0.0)	(28.0, 0.0)	(29.0, 0.0)	(30.0, 0.0)	(31.0, 0.0)	(32.0, 0.0)	(33.0, 0.0)	(34.0, 0.0)	(35.0, 0.0009362112467058474)	(36.0, 0.0009362112467058474)	(37.0, 0.0)	(38.0, 0.0015603520778430789)	(39.0, 0.004681056233529237)	(40.0, 0.007801760389215394)	(41.0, 0.016539732025136637)	(42.0, 0.04119329485505729)	(43.0, 0.09112456134603582)	(44.0, 0.2396700791566968)	(45.0, 0.3573206258260654)	(46.0, 0.8198089816987436)	(47.0, 14.813670556621583)	(48.0, 38.35563856628633)	(49.0, 5.473871124281692)	(50.0, 1.913927858682401)	(51.0, 8.19106823263816)	(52.0, 14.694771728290046)	(53.0, 9.965032509936371)	(54.0, 3.3692682416863273)	(55.0, 1.1761933962781164)	(56.0, 0.1451127432394063)	(57.0, 0.035732062582606514)	(58.0, 0.026838055738900964)	(59.0, 0.027306161362253896)	(60.0, 0.010454358921548628)	(61.0, 0.01622766160956802)	(62.0, 0.16477317942022882)	(63.0, 0.02995875989458714)	(64.0, 0.0040569154023920055)	(65.0, 0.0031207041556861577)	(66.0, 0.0009362112467058474)	(67.0, 0.0)	(68.0, 0.0)	(69.0, 0.0004681056233529237)	(70.0, 0.0)	(71.0, 0.0)	(72.0, 0.0)	(73.0, 0.0)	(74.0, 0.0)	(75.0, 0.0)	(76.0, 0.0)	(77.0, 0.0)	(78.0, 0.0)	(79.0, 0.0)	(80.0, 0.0)	(81.0, 0.0)	(82.0, 0.0)	(83.0, 0.0)	(84.0, 0.0)	(85.0, 0.0)	(86.0, 0.0)	(87.0, 0.0)	(88.0, 0.0)	(89.0, 0.0)	(90.0, 0.0)	(91.0, 0.0)	(92.0, 0.0)	(93.0, 0.0)	(94.0, 0.0)	(95.0, 0.0)	(96.0, 0.0)	(97.0, 0.0)	(98.0, 0.0)	(99.0, 0.0)	(100.0, 0.0)
1151R_R_M_NS1_week5_S30_L001_R2_001	(0.0, 0.0)	(1.0, 0.0)	(2.0, 0.0)	(3.0, 0.0)	(4.0, 0.0)	(5.0, 0.0)	(6.0, 0.0)	(7.0, 0.0)	(8.0, 0.0)	(9.0, 0.0)	(10.0, 0.0)	(11.0, 0.0)	(12.0, 0.0)	(13.0, 0.0)	(14.0, 0.0)	(15.0, 0.0)	(16.0, 0.0)	(17.0, 0.0)	(18.0, 0.0)	(19.0, 0.0)	(20.0, 0.0)	(21.0, 0.0)	(22.0, 0.0)	(23.0, 0.0)	(24.0, 0.0)	(25.0, 0.0)	(26.0, 0.0)	(27.0, 0.0)	(28.0, 0.0)	(29.0, 0.0)	(30.0, 0.0018367075181027785)	(31.0, 0.0018367075181027785)	(32.0, 0.0)	(33.0, 0.0009183537590513892)	(34.0, 0.0027550612771541677)	(35.0, 0.004591768795256947)	(36.0, 0.008265183831462502)	(37.0, 0.013775306385770838)	(38.0, 0.019285428940079175)	(39.0, 0.022652726056600934)	(40.0, 0.026020023173122696)	(41.0, 0.03336685324553381)	(42.0, 0.04867274922972362)	(43.0, 0.07193771112569215)	(44.0, 0.15275284192221428)	(45.0, 0.8027942443707439)	(46.0, 9.207108670329383)	(47.0, 5.469868047870335)	(48.0, 11.317179490707943)	(49.0, 25.533448739798587)	(50.0, 2.825162280761645)	(51.0, 4.804979926316837)	(52.0, 5.402522105539856)	(53.0, 6.855051634440079)	(54.0, 6.965560203445972)	(55.0, 1.3795204050550478)	(56.0, 9.23266951662296)	(57.0, 7.890342438810635)	(58.0, 0.6901428499271144)	(59.0, 0.2525472837391319)	(60.0, 0.24917998662261015)	(61.0, 0.2305067935218982)	(62.0, 0.0878558429492496)	(63.0, 0.043927921474624786)	(64.0, 0.03045873300853774)	(65.0, 0.019591546859762974)	(66.0, 0.017448721421976395)	(67.0, 0.02510166941407131)	(68.0, 0.02295884397628473)	(69.0, 0.012244716787351853)	(70.0, 0.012856952626719447)	(71.0, 0.03336685324553381)	(72.0, 0.12367163955225398)	(73.0, 0.040407565398261104)	(74.0, 0.004591768795256947)	(75.0, 0.0018367075181027785)	(76.0, 0.0009183537590513892)	(77.0, 0.0)	(78.0, 0.0)	(79.0, 0.0)	(80.0, 0.0)	(81.0, 0.0)	(82.0, 0.0009183537590513892)	(83.0, 0.0009183537590513892)	(84.0, 0.0)	(85.0, 0.0)	(86.0, 0.0)	(87.0, 0.0)	(88.0, 0.0)	(89.0, 0.0)	(90.0, 0.0)	(91.0, 0.0)	(92.0, 0.0)	(93.0, 0.0006122358393675928)	(94.0, 0.0006122358393675928)	(95.0, 0.0009183537590513892)	(96.0, 0.0009183537590513892)	(97.0, 0.0)	(98.0, 0.0)	(99.0, 0.0006122358393675928)	(100.0, 0.0)
1151R_R_M_NS1_week6_S31_L001_R1_001	(0.0, 0.0)	(1.0, 0.0)	(2.0, 0.0)	(3.0, 0.0)	(4.0, 0.0)	(5.0, 0.0)	(6.0, 0.0)	(7.0, 0.0)	(8.0, 0.0)	(9.0, 0.0)	(10.0, 0.0)	(11.0, 0.0)	(12.0, 0.0)	(13.0, 0.0)	(14.0, 0.0)	(15.0, 0.0)	(16.0, 0.0)	(17.0, 0.0)	(18.0, 0.0)	(19.0, 0.0)	(20.0, 0.0)	(21.0, 0.0)	(22.0, 0.0)	(23.0, 0.0)	(24.0, 0.0)	(25.0, 0.0)	(26.0, 0.0)	(27.0, 0.0)	(28.0, 0.0)	(29.0, 0.0)	(30.0, 0.0005520683239757216)	(31.0, 0.0005520683239757216)	(32.0, 0.0)	(33.0, 0.0)	(34.0, 0.0)	(35.0, 0.0005520683239757216)	(36.0, 0.0)	(37.0, 0.0008281024859635825)	(38.0, 0.0037264611868361216)	(39.0, 0.004554563672799704)	(40.0, 0.004140512429817913)	(41.0, 0.007728956535660103)	(42.0, 0.031191860304628272)	(43.0, 0.06942259173994701)	(44.0, 0.15430309655121419)	(45.0, 0.3014293048907446)	(46.0, 0.8185793073749871)	(47.0, 14.74822924084666)	(48.0, 29.488177456850313)	(49.0, 4.735780100145029)	(50.0, 2.5640813307051253)	(51.0, 14.228732947984563)	(52.0, 19.316594621753968)	(53.0, 8.479493422104802)	(54.0, 3.409159917630786)	(55.0, 1.152994694623309)	(56.0, 0.15085266952636575)	(57.0, 0.035608406896434054)	(58.0, 0.02442902333592569)	(59.0, 0.05493079823558425)	(60.0, 0.016562049719271648)	(61.0, 0.023738937930956043)	(62.0, 0.13787906391293636)	(63.0, 0.028017467441767887)	(64.0, 0.0038644782678300513)	(65.0, 0.0024843074578907473)	(66.0, 0.0008281024859635825)	(67.0, 0.0)	(68.0, 0.0)	(69.0, 0.0)	(70.0, 0.0)	(71.0, 0.0)	(72.0, 0.0)	(73.0, 0.0)	(74.0, 0.0)	(75.0, 0.0)	(76.0, 0.0)	(77.0, 0.0)	(78.0, 0.0)	(79.0, 0.0)	(80.0, 0.0)	(81.0, 0.0)	(82.0, 0.0)	(83.0, 0.0)	(84.0, 0.0)	(85.0, 0.0)	(86.0, 0.0)	(87.0, 0.0)	(88.0, 0.0)	(89.0, 0.0)	(90.0, 0.0)	(91.0, 0.0)	(92.0, 0.0)	(93.0, 0.0)	(94.0, 0.0)	(95.0, 0.0)	(96.0, 0.0)	(97.0, 0.0)	(98.0, 0.0)	(99.0, 0.0)	(100.0, 0.0)
1151R_R_M_NS1_week6_S31_L001_R2_001	(0.0, 0.0)	(1.0, 0.0)	(2.0, 0.0)	(3.0, 0.0)	(4.0, 0.0)	(5.0, 0.0)	(6.0, 0.0)	(7.0, 0.0)	(8.0, 0.0)	(9.0, 0.0)	(10.0, 0.0)	(11.0, 0.0)	(12.0, 0.0)	(13.0, 0.0)	(14.0, 0.0)	(15.0, 0.0)	(16.0, 0.0)	(17.0, 0.0)	(18.0, 0.0)	(19.0, 0.0)	(20.0, 0.0)	(21.0, 0.0)	(22.0, 0.0)	(23.0, 0.0)	(24.0, 0.0)	(25.0, 0.0)	(26.0, 0.0)	(27.0, 0.0)	(28.0, 0.0008174810140035096)	(29.0, 0.002452443042010529)	(30.0, 0.0032699240560140385)	(31.0, 0.0016349620280070192)	(32.0, 0.0013624683566725159)	(33.0, 0.0021799493706760255)	(34.0, 0.004087405070017549)	(35.0, 0.004904886084021058)	(36.0, 0.006539848112028077)	(37.0, 0.013079696224056154)	(38.0, 0.01852956965074622)	(39.0, 0.023706949406101782)	(40.0, 0.030519291189464358)	(41.0, 0.0337892152454784)	(42.0, 0.04305400007085151)	(43.0, 0.07030336720430187)	(44.0, 0.1301157280622253)	(45.0, 0.7399565645088315)	(46.0, 9.44272319275328)	(47.0, 6.98701022668892)	(48.0, 9.231131856962255)	(49.0, 16.51597766642071)	(50.0, 1.8871549208271234)	(51.0, 3.621713385706724)	(52.0, 4.174739291680323)	(53.0, 7.334303410804416)	(54.0, 7.991830639734015)	(55.0, 1.7082628255960477)	(56.0, 14.276488428554279)	(57.0, 13.487074262696902)	(58.0, 0.9638101155101346)	(59.0, 0.30137800049596086)	(60.0, 0.23134712696299314)	(61.0, 0.19537796234683832)	(62.0, 0.08365555709969251)	(63.0, 0.0670334431482878)	(64.0, 0.05654243680190941)	(65.0, 0.03528793043781816)	(66.0, 0.017984582308077215)	(67.0, 0.02697687346211582)	(68.0, 0.030519291189464365)	(69.0, 0.014442164580728669)	(70.0, 0.011989721538718141)	(71.0, 0.025069417762774313)	(72.0, 0.110359936890474)	(73.0, 0.028066848147453843)	(74.0, 0.004359898741352051)	(75.0, 0.0013624683566725159)	(76.0, 0.0)	(77.0, 0.0008174810140035096)	(78.0, 0.0016349620280070192)	(79.0, 0.0008174810140035096)	(80.0, 0.0005449873426690064)	(81.0, 0.0010899746853380128)	(82.0, 0.0)	(83.0, 0.0)	(84.0, 0.0)	(85.0, 0.0)	(86.0, 0.0)	(87.0, 0.0)	(88.0, 0.0)	(89.0, 0.0)	(90.0, 0.0)	(91.0, 0.0)	(92.0, 0.0)	(93.0, 0.0004087405070017548)	(94.0, 0.0004087405070017548)	(95.0, 0.0)	(96.0, 0.0)	(97.0, 0.0)	(98.0, 0.0)	(99.0, 0.0)	(100.0, 0.0)
1151R_R_M_NS1_week7_S32_L001_R1_001	(0.0, 0.0)	(1.0, 0.0)	(2.0, 0.0)	(3.0, 0.0)	(4.0, 0.0)	(5.0, 0.0)	(6.0, 0.0)	(7.0, 0.0)	(8.0, 0.0)	(9.0, 0.0)	(10.0, 0.0)	(11.0, 0.0)	(12.0, 0.0)	(13.0, 0.0)	(14.0, 0.0)	(15.0, 0.0)	(16.0, 0.0)	(17.0, 0.0)	(18.0, 0.0)	(19.0, 0.0)	(20.0, 0.0)	(21.0, 0.0)	(22.0, 0.0)	(23.0, 0.0)	(24.0, 0.0)	(25.0, 0.0)	(26.0, 0.0)	(27.0, 0.0)	(28.0, 0.0)	(29.0, 0.0)	(30.0, 0.0)	(31.0, 0.0)	(32.0, 0.0)	(33.0, 0.0)	(34.0, 0.0)	(35.0, 0.0)	(36.0, 0.0)	(37.0, 0.0)	(38.0, 0.001226483875143566)	(39.0, 0.002452967750287132)	(40.0, 0.004633383528320137)	(41.0, 0.007358903250861396)	(42.0, 0.015262910446231041)	(43.0, 0.051512322756029766)	(44.0, 0.15153889657329386)	(45.0, 0.30961904048068756)	(46.0, 1.0276572113841822)	(47.0, 16.1578348471276)	(48.0, 25.934546643873052)	(49.0, 4.27538651276446)	(50.0, 1.7512826977189386)	(51.0, 17.24926922002122)	(52.0, 21.50298785099901)	(53.0, 7.048739106437061)	(54.0, 3.1467487956597635)	(55.0, 0.929674777358815)	(56.0, 0.1274180470288038)	(57.0, 0.03352389258725747)	(58.0, 0.03256996068436803)	(59.0, 0.04401714351904127)	(60.0, 0.014172702557214539)	(61.0, 0.01390015058496041)	(62.0, 0.12850825491782022)	(63.0, 0.028890509058937336)	(64.0, 0.004905935500574264)	(65.0, 0.003270623667049509)	(66.0, 0.0010902078890165031)	(67.0, 0.0)	(68.0, 0.0)	(69.0, 0.0)	(70.0, 0.0)	(71.0, 0.0)	(72.0, 0.0)	(73.0, 0.0)	(74.0, 0.0)	(75.0, 0.0)	(76.0, 0.0)	(77.0, 0.0)	(78.0, 0.0)	(79.0, 0.0)	(80.0, 0.0)	(81.0, 0.0)	(82.0, 0.0)	(83.0, 0.0)	(84.0, 0.0)	(85.0, 0.0)	(86.0, 0.0)	(87.0, 0.0)	(88.0, 0.0)	(89.0, 0.0)	(90.0, 0.0)	(91.0, 0.0)	(92.0, 0.0)	(93.0, 0.0)	(94.0, 0.0)	(95.0, 0.0)	(96.0, 0.0)	(97.0, 0.0)	(98.0, 0.0)	(99.0, 0.0)	(100.0, 0.0)
1151R_R_M_NS1_week7_S32_L001_R2_001	(0.0, 0.0)	(1.0, 0.0)	(2.0, 0.0)	(3.0, 0.0)	(4.0, 0.0)	(5.0, 0.0)	(6.0, 0.0)	(7.0, 0.0)	(8.0, 0.0)	(9.0, 0.0)	(10.0, 0.0)	(11.0, 0.0)	(12.0, 0.0)	(13.0, 0.0)	(14.0, 0.0)	(15.0, 0.0)	(16.0, 0.0)	(17.0, 0.0)	(18.0, 0.0)	(19.0, 0.0)	(20.0, 0.0)	(21.0, 0.0)	(22.0, 0.0)	(23.0, 0.0)	(24.0, 0.0)	(25.0, 0.0)	(26.0, 0.0)	(27.0, 0.0)	(28.0, 0.000802679880561275)	(29.0, 0.000802679880561275)	(30.0, 0.000802679880561275)	(31.0, 0.00160535976112255)	(32.0, 0.00160535976112255)	(33.0, 0.004013399402806376)	(34.0, 0.004013399402806376)	(35.0, 0.0048160792833676505)	(36.0, 0.0064214390444902)	(37.0, 0.009364598606548211)	(38.0, 0.016588717531599684)	(39.0, 0.021137236854780243)	(40.0, 0.023812836456651162)	(41.0, 0.033177435063199374)	(42.0, 0.04227447370956048)	(43.0, 0.06421439044490201)	(44.0, 0.13003414065092653)	(45.0, 0.8192685980928587)	(46.0, 9.859718312872666)	(47.0, 9.173560794973476)	(48.0, 10.246074895382504)	(49.0, 12.350969102172513)	(50.0, 1.6195404390125248)	(51.0, 3.1645654291125807)	(52.0, 3.596540984834748)	(53.0, 5.770867001296062)	(54.0, 5.990399948629648)	(55.0, 1.5248242131062772)	(56.0, 16.38523818187847)	(57.0, 16.538148699125667)	(58.0, 1.2600736325011295)	(59.0, 0.33297837045283635)	(60.0, 0.2572589017198888)	(61.0, 0.24749296317305997)	(62.0, 0.11090360349754957)	(63.0, 0.06782644990742775)	(64.0, 0.04280959362993466)	(65.0, 0.02461551633721244)	(66.0, 0.01739139741216096)	(67.0, 0.023812836456651162)	(68.0, 0.022742596615902794)	(69.0, 0.01444823785010295)	(70.0, 0.011772638248232032)	(71.0, 0.025685756177960824)	(72.0, 0.09712426554791453)	(73.0, 0.030234275501141362)	(74.0, 0.0021404796814967334)	(75.0, 0.0013377998009354583)	(76.0, 0.0)	(77.0, 0.0)	(78.0, 0.0)	(79.0, 0.0009364598606548208)	(80.0, 0.0)	(81.0, 0.0)	(82.0, 0.0)	(83.0, 0.0)	(84.0, 0.0)	(85.0, 0.0)	(86.0, 0.0)	(87.0, 0.0)	(88.0, 0.000802679880561275)	(89.0, 0.0013377998009354583)	(90.0, 0.0005351199203741834)	(91.0, 0.0)	(92.0, 0.0)	(93.0, 0.0)	(94.0, 0.0)	(95.0, 0.0)	(96.0, 0.0)	(97.0, 0.0005351199203741834)	(98.0, 0.0)	(99.0, 0.0)	(100.0, 0.0)
1151R_R_M_NS1_week9_S33_L001_R1_001	(0.0, 0.0)	(1.0, 0.0)	(2.0, 0.0)	(3.0, 0.0)	(4.0, 0.0)	(5.0, 0.0)	(6.0, 0.0)	(7.0, 0.0)	(8.0, 0.0)	(9.0, 0.0)	(10.0, 0.0)	(11.0, 0.0)	(12.0, 0.0)	(13.0, 0.0)	(14.0, 0.0)	(15.0, 0.0)	(16.0, 0.0)	(17.0, 0.0)	(18.0, 0.0)	(19.0, 0.0)	(20.0, 0.0)	(21.0, 0.0)	(22.0, 0.0)	(23.0, 0.0)	(24.0, 0.0)	(25.0, 0.0005898834980090427)	(26.0, 0.0005898834980090427)	(27.0, 0.0)	(28.0, 0.0008848252470135641)	(29.0, 0.0017696504940271282)	(30.0, 0.0008848252470135641)	(31.0, 0.0)	(32.0, 0.0)	(33.0, 0.0)	(34.0, 0.0)	(35.0, 0.0)	(36.0, 0.0)	(37.0, 0.0)	(38.0, 0.0014747087450226067)	(39.0, 0.0023595339920361707)	(40.0, 0.005603893231085905)	(41.0, 0.011502728211176332)	(42.0, 0.02330039817135719)	(43.0, 0.06016811679692235)	(44.0, 0.15425453472936462)	(45.0, 0.37324878336522305)	(46.0, 1.2092611709185501)	(47.0, 16.88276065476687)	(48.0, 25.834832620568303)	(49.0, 4.723197168558565)	(50.0, 2.1704763309242727)	(51.0, 15.075800029487436)	(52.0, 21.010322961218083)	(53.0, 8.430614953545486)	(54.0, 2.3757557882313756)	(55.0, 1.067099247898356)	(56.0, 0.11016074325318895)	(57.0, 0.021825689426334585)	(58.0, 0.030231529272963447)	(59.0, 0.07167084500809871)	(60.0, 0.023742810794863973)	(61.0, 0.035098068131538034)	(62.0, 0.23388880696058437)	(63.0, 0.04247161185665105)	(64.0, 0.007668485474117554)	(65.0, 0.003834242737058777)	(66.0, 0.0017696504940271282)	(67.0, 0.0008848252470135641)	(68.0, 0.0)	(69.0, 0.0)	(70.0, 0.0)	(71.0, 0.0)	(72.0, 0.0)	(73.0, 0.0)	(74.0, 0.0)	(75.0, 0.0)	(76.0, 0.0)	(77.0, 0.0)	(78.0, 0.0)	(79.0, 0.0)	(80.0, 0.0)	(81.0, 0.0)	(82.0, 0.0)	(83.0, 0.0)	(84.0, 0.0)	(85.0, 0.0)	(86.0, 0.0)	(87.0, 0.0)	(88.0, 0.0)	(89.0, 0.0)	(90.0, 0.0)	(91.0, 0.0)	(92.0, 0.0)	(93.0, 0.0)	(94.0, 0.0)	(95.0, 0.0)	(96.0, 0.0)	(97.0, 0.0)	(98.0, 0.0)	(99.0, 0.0)	(100.0, 0.0)
1151R_R_M_NS1_week9_S33_L001_R2_001	(0.0, 0.0)	(1.0, 0.0)	(2.0, 0.0)	(3.0, 0.0)	(4.0, 0.0)	(5.0, 0.0)	(6.0, 0.0)	(7.0, 0.0)	(8.0, 0.0)	(9.0, 0.0)	(10.0, 0.0)	(11.0, 0.0)	(12.0, 0.0)	(13.0, 0.0)	(14.0, 0.0)	(15.0, 0.0)	(16.0, 0.0)	(17.0, 0.0)	(18.0, 0.0)	(19.0, 0.0)	(20.0, 0.0)	(21.0, 0.0)	(22.0, 0.0)	(23.0, 0.0)	(24.0, 0.0)	(25.0, 0.0)	(26.0, 0.0)	(27.0, 0.0)	(28.0, 0.0008732594846896899)	(29.0, 0.0017465189693793798)	(30.0, 0.0017465189693793798)	(31.0, 0.0008732594846896899)	(32.0, 0.0017465189693793798)	(33.0, 0.0034930379387587596)	(34.0, 0.0034930379387587596)	(35.0, 0.00436629742344845)	(36.0, 0.00523955690813814)	(37.0, 0.006986075877517519)	(38.0, 0.011934546290759096)	(39.0, 0.02066714113765599)	(40.0, 0.025033438561104446)	(41.0, 0.03231060093351853)	(42.0, 0.051231223101795134)	(43.0, 0.06782315331089926)	(44.0, 0.11701677094841861)	(45.0, 0.8226104345776739)	(46.0, 10.598459279182052)	(47.0, 9.103730127889536)	(48.0, 9.595520761016875)	(49.0, 12.143255307596812)	(50.0, 1.4964756702632709)	(51.0, 4.316376089573702)	(52.0, 5.105220490743723)	(53.0, 6.797888458567952)	(54.0, 6.912139907814882)	(55.0, 1.3587917581771787)	(56.0, 14.353475063344884)	(57.0, 14.535695209150386)	(58.0, 1.052277679051075)	(59.0, 0.27682325664663154)	(60.0, 0.2529541640651133)	(61.0, 0.2471324341671819)	(62.0, 0.09969712450207298)	(63.0, 0.07087956150731316)	(64.0, 0.06767761006345098)	(65.0, 0.03958776330593259)	(66.0, 0.018192905931035206)	(67.0, 0.03420266315034619)	(68.0, 0.03682244160441526)	(69.0, 0.017756276188690363)	(70.0, 0.019502795158069745)	(71.0, 0.045118406708967274)	(72.0, 0.1819290593103514)	(73.0, 0.03347494691310478)	(74.0, 0.0034930379387587596)	(75.0, 0.0005821729897931266)	(76.0, 0.0)	(77.0, 0.0)	(78.0, 0.0)	(79.0, 0.0)	(80.0, 0.0)	(81.0, 0.0)	(82.0, 0.0)	(83.0, 0.0)	(84.0, 0.0005821729897931266)	(85.0, 0.0005821729897931266)	(86.0, 0.0)	(87.0, 0.0)	(88.0, 0.0005821729897931266)	(89.0, 0.0005821729897931266)	(90.0, 0.0008732594846896899)	(91.0, 0.0008732594846896899)	(92.0, 0.0)	(93.0, 0.0)	(94.0, 0.0)	(95.0, 0.0)	(96.0, 0.0)	(97.0, 0.0)	(98.0, 0.0)	(99.0, 0.00043662974234484495)	(100.0, 0.0011643459795862533)
1152R_0_M_S2_week9_S60_L001_R1_001	(0.0, 0.0)	(1.0, 0.0)	(2.0, 0.0)	(3.0, 0.0)	(4.0, 0.0)	(5.0, 0.0)	(6.0, 0.0)	(7.0, 0.0)	(8.0, 0.0)	(9.0, 0.0)	(10.0, 0.0)	(11.0, 0.0)	(12.0, 0.0)	(13.0, 0.0)	(14.0, 0.0)	(15.0, 0.0)	(16.0, 0.0)	(17.0, 0.0)	(18.0, 0.0)	(19.0, 0.0)	(20.0, 0.0)	(21.0, 0.0)	(22.0, 0.0)	(23.0, 0.0)	(24.0, 0.0)	(25.0, 0.0)	(26.0, 0.0)	(27.0, 0.0)	(28.0, 0.0)	(29.0, 0.0)	(30.0, 0.0)	(31.0, 0.0)	(32.0, 0.0)	(33.0, 0.0)	(34.0, 0.0006238387501596098)	(35.0, 0.0012476775003192196)	(36.0, 0.0012476775003192196)	(37.0, 0.0006238387501596098)	(38.0, 0.0004158925001064065)	(39.0, 0.000831785000212813)	(40.0, 0.0006238387501596098)	(41.0, 0.006446333751649302)	(42.0, 0.014036371878591223)	(43.0, 0.032335641883273106)	(44.0, 0.09575924814950013)	(45.0, 0.15367227878931697)	(46.0, 0.4504115776152352)	(47.0, 19.10007101364914)	(48.0, 20.07024424327411)	(49.0, 4.658307920567537)	(50.0, 4.6943865949517845)	(51.0, 16.880244794327155)	(52.0, 22.95529051650383)	(53.0, 8.362454472762575)	(54.0, 1.781059631705633)	(55.0, 0.42109115635773464)	(56.0, 0.09752679127495233)	(57.0, 0.02214627563066615)	(58.0, 0.06456731064151972)	(59.0, 0.0693500743927434)	(60.0, 0.010397312502660162)	(61.0, 0.007486065001915317)	(62.0, 0.03680648625941694)	(63.0, 0.007486065001915315)	(64.0, 0.0006238387501596098)	(65.0, 0.0014556237503724227)	(66.0, 0.0004158925001064065)	(67.0, 0.0)	(68.0, 0.0)	(69.0, 0.0003119193750798049)	(70.0, 0.0)	(71.0, 0.0)	(72.0, 0.0)	(73.0, 0.0)	(74.0, 0.0)	(75.0, 0.0)	(76.0, 0.0)	(77.0, 0.0)	(78.0, 0.0)	(79.0, 0.0)	(80.0, 0.0)	(81.0, 0.0)	(82.0, 0.0)	(83.0, 0.0)	(84.0, 0.0)	(85.0, 0.0)	(86.0, 0.0)	(87.0, 0.0)	(88.0, 0.0)	(89.0, 0.0)	(90.0, 0.0)	(91.0, 0.0)	(92.0, 0.0)	(93.0, 0.0)	(94.0, 0.0)	(95.0, 0.0)	(96.0, 0.0)	(97.0, 0.0)	(98.0, 0.0)	(99.0, 0.0)	(100.0, 0.0)
1152R_0_M_S2_week9_S60_L001_R2_001	(0.0, 0.0)	(1.0, 0.0)	(2.0, 0.0)	(3.0, 0.0)	(4.0, 0.0)	(5.0, 0.0)	(6.0, 0.0)	(7.0, 0.0)	(8.0, 0.0)	(9.0, 0.0)	(10.0, 0.0)	(11.0, 0.0)	(12.0, 0.0)	(13.0, 0.0)	(14.0, 0.0)	(15.0, 0.0)	(16.0, 0.0)	(17.0, 0.0)	(18.0, 0.0)	(19.0, 0.0)	(20.0, 0.0)	(21.0, 0.0)	(22.0, 0.0)	(23.0, 0.0)	(24.0, 0.0)	(25.0, 0.0)	(26.0, 0.0)	(27.0, 0.0)	(28.0, 0.0)	(29.0, 0.0)	(30.0, 0.0)	(31.0, 0.0)	(32.0, 0.0)	(33.0, 0.00130978199770104)	(34.0, 0.0032744549942525995)	(35.0, 0.004584236991953639)	(36.0, 0.006548909988505199)	(37.0, 0.008513582985056759)	(38.0, 0.008295285985439918)	(39.0, 0.015062492973561957)	(40.0, 0.020301620964366118)	(41.0, 0.03274454994252599)	(42.0, 0.04398684542279325)	(43.0, 0.05894018989654682)	(44.0, 0.12901352677355218)	(45.0, 2.320169660427427)	(46.0, 19.66724988349187)	(47.0, 10.337672713851585)	(48.0, 1.7093746554996423)	(49.0, 0.7817215556279041)	(50.0, 0.56189647701374)	(51.0, 5.329393800146642)	(52.0, 6.0619985308601585)	(53.0, 8.099036982782938)	(54.0, 6.832368642507318)	(55.0, 1.5282972943175082)	(56.0, 17.060237965562592)	(57.0, 17.06427646005551)	(58.0, 1.130232715516214)	(59.0, 0.2910990489890569)	(60.0, 0.25387941055438545)	(61.0, 0.23510586858733712)	(62.0, 0.10783871781071896)	(63.0, 0.06396102088773412)	(64.0, 0.0785869198620625)	(65.0, 0.04715215191723742)	(66.0, 0.017682056968964042)	(67.0, 0.01571738397241248)	(68.0, 0.01047825598160832)	(69.0, 0.004584236991953639)	(70.0, 0.006985503987738877)	(71.0, 0.009386770983524115)	(72.0, 0.03187136194405862)	(73.0, 0.007422097986972558)	(74.0, 0.00065489099885052)	(75.0, 0.0)	(76.0, 0.0)	(77.0, 0.0)	(78.0, 0.0)	(79.0, 0.0)	(80.0, 0.0)	(81.0, 0.0)	(82.0, 0.0)	(83.0, 0.0)	(84.0, 0.0)	(85.0, 0.0)	(86.0, 0.0)	(87.0, 0.0)	(88.0, 0.0)	(89.0, 0.00043659399923367994)	(90.0, 0.0)	(91.0, 0.0)	(92.0, 0.00032744549942526)	(93.0, 0.00032744549942526)	(94.0, 0.0)	(95.0, 0.0)	(96.0, 0.0)	(97.0, 0.0)	(98.0, 0.0)	(99.0, 0.0)	(100.0, 0.0)
1184R_0_M_NS6_week9_S85_L001_R1_001	(0.0, 0.0)	(1.0, 0.0)	(2.0, 0.0)	(3.0, 0.0)	(4.0, 0.0)	(5.0, 0.0)	(6.0, 0.0)	(7.0, 0.0)	(8.0, 0.0)	(9.0, 0.0)	(10.0, 0.0)	(11.0, 0.0)	(12.0, 0.0)	(13.0, 0.0)	(14.0, 0.0)	(15.0, 0.0)	(16.0, 0.0)	(17.0, 0.0)	(18.0, 0.0)	(19.0, 0.0)	(20.0, 0.0)	(21.0, 0.0)	(22.0, 0.0)	(23.0, 0.0)	(24.0, 0.0)	(25.0, 0.0)	(26.0, 0.0)	(27.0, 0.0)	(28.0, 0.0)	(29.0, 0.0)	(30.0, 0.0)	(31.0, 0.0)	(32.0, 0.0)	(33.0, 0.0010912399350168935)	(34.0, 0.0016368599025253405)	(35.0, 0.0013640499187711167)	(36.0, 0.0016368599025253405)	(37.0, 0.003273719805050681)	(38.0, 0.003410124796927792)	(39.0, 0.0016368599025253405)	(40.0, 0.010639589366414712)	(41.0, 0.03682934780682015)	(42.0, 0.08293423506128393)	(43.0, 0.13749623181212858)	(44.0, 0.28126709325060445)	(45.0, 1.2493333206024864)	(46.0, 10.91512745000392)	(47.0, 16.061278578554198)	(48.0, 36.37893852362674)	(49.0, 5.857366756195861)	(50.0, 1.8170508967950472)	(51.0, 3.947287654939824)	(52.0, 12.378616607852093)	(53.0, 8.467476275763206)	(54.0, 1.5415128132032978)	(55.0, 0.5705820810219548)	(56.0, 0.06547439610101362)	(57.0, 0.020733558765320986)	(58.0, 0.02823583331856213)	(59.0, 0.02864504829419346)	(60.0, 0.005183389691330244)	(61.0, 0.011730829301431602)	(62.0, 0.0758411754836742)	(63.0, 0.012003639285185823)	(64.0, 0.0013640499187711167)	(65.0, 0.0013640499187711167)	(66.0, 0.0)	(67.0, 0.0)	(68.0, 0.0)	(69.0, 0.0008184299512626703)	(70.0, 0.0008184299512626703)	(71.0, 0.0)	(72.0, 0.0)	(73.0, 0.0)	(74.0, 0.0)	(75.0, 0.0)	(76.0, 0.0)	(77.0, 0.0)	(78.0, 0.0)	(79.0, 0.0)	(80.0, 0.0)	(81.0, 0.0)	(82.0, 0.0)	(83.0, 0.0)	(84.0, 0.0)	(85.0, 0.0)	(86.0, 0.0)	(87.0, 0.0)	(88.0, 0.0)	(89.0, 0.0)	(90.0, 0.0)	(91.0, 0.0)	(92.0, 0.0)	(93.0, 0.0)	(94.0, 0.0)	(95.0, 0.0)	(96.0, 0.0)	(97.0, 0.0)	(98.0, 0.0)	(99.0, 0.0)	(100.0, 0.0)
1184R_0_M_NS6_week9_S85_L001_R2_001	(0.0, 0.0)	(1.0, 0.0)	(2.0, 0.0)	(3.0, 0.0)	(4.0, 0.0)	(5.0, 0.0)	(6.0, 0.0)	(7.0, 0.0)	(8.0, 0.0)	(9.0, 0.0)	(10.0, 0.0)	(11.0, 0.0)	(12.0, 0.0)	(13.0, 0.0)	(14.0, 0.0)	(15.0, 0.0)	(16.0, 0.0)	(17.0, 0.0)	(18.0, 0.0)	(19.0, 0.0)	(20.0, 0.0)	(21.0, 0.0)	(22.0, 0.0)	(23.0, 0.0)	(24.0, 0.0)	(25.0, 0.0)	(26.0, 0.0)	(27.0, 0.0)	(28.0, 0.0)	(29.0, 0.0)	(30.0, 0.0)	(31.0, 0.0)	(32.0, 0.0)	(33.0, 0.0)	(34.0, 0.0006892598383224145)	(35.0, 0.0006892598383224145)	(36.0, 0.001378519676644829)	(37.0, 0.0052843254271385115)	(38.0, 0.009419884457072997)	(39.0, 0.01286618364868507)	(40.0, 0.025387737378208933)	(41.0, 0.041240713659624464)	(42.0, 0.0523837477125035)	(43.0, 0.0840897002753346)	(44.0, 0.19172911169335136)	(45.0, 1.9581872006739214)	(46.0, 16.70834774077929)	(47.0, 21.349708615410947)	(48.0, 20.06538778333451)	(49.0, 10.944182589519366)	(50.0, 1.0358426603588853)	(51.0, 5.2983403771852196)	(52.0, 4.924187161615705)	(53.0, 3.6698491325080984)	(54.0, 5.892482357819069)	(55.0, 1.0151648652092107)	(56.0, 3.1074131044367697)	(57.0, 2.9267121501565043)	(58.0, 0.2309020458380092)	(59.0, 0.0990236634389869)	(60.0, 0.06387141168454376)	(61.0, 0.05238374771250351)	(62.0, 0.04686966900592419)	(63.0, 0.03687540135024917)	(64.0, 0.022515821385198875)	(65.0, 0.011257910692599437)	(66.0, 0.007581858221546559)	(67.0, 0.012406677089803461)	(68.0, 0.011717417251481047)	(69.0, 0.0052843254271385115)	(70.0, 0.005514078706579316)	(71.0, 0.00873062461875058)	(72.0, 0.04778868212368737)	(73.0, 0.011257910692599432)	(74.0, 0.002297532794408048)	(75.0, 0.0014933963163652312)	(76.0, 0.00034462991916120727)	(77.0, 0.0)	(78.0, 0.0)	(79.0, 0.00045950655888160965)	(80.0, 0.0)	(81.0, 0.0)	(82.0, 0.0)	(83.0, 0.0)	(84.0, 0.0)	(85.0, 0.0)	(86.0, 0.0)	(87.0, 0.0)	(88.0, 0.00045950655888160965)	(89.0, 0.0)	(90.0, 0.0)	(91.0, 0.0)	(92.0, 0.0)	(93.0, 0.0)	(94.0, 0.0)	(95.0, 0.0)	(96.0, 0.0)	(97.0, 0.0)	(98.0, 0.0)	(99.0, 0.0)	(100.0, 0.0)
1186R_0_M_NS6_week9_S86_L001_R1_001	(0.0, 0.0)	(1.0, 0.0)	(2.0, 0.0)	(3.0, 0.0)	(4.0, 0.0)	(5.0, 0.0)	(6.0, 0.0)	(7.0, 0.0)	(8.0, 0.0)	(9.0, 0.0)	(10.0, 0.0)	(11.0, 0.0)	(12.0, 0.0)	(13.0, 0.0)	(14.0, 0.0)	(15.0, 0.0)	(16.0, 0.0)	(17.0, 0.0)	(18.0, 0.0)	(19.0, 0.0)	(20.0, 0.0)	(21.0, 0.0)	(22.0, 0.0)	(23.0, 0.0)	(24.0, 0.0)	(25.0, 0.0)	(26.0, 0.0)	(27.0, 0.0)	(28.0, 0.0)	(29.0, 0.0)	(30.0, 0.0)	(31.0, 0.0)	(32.0, 0.0)	(33.0, 0.0)	(34.0, 0.0016568841465181168)	(35.0, 0.0016568841465181168)	(36.0, 0.0)	(37.0, 0.0008284420732590584)	(38.0, 0.0033137682930362337)	(39.0, 0.007179831301578506)	(40.0, 0.008008273374837564)	(41.0, 0.023196378051253637)	(42.0, 0.09112862805849645)	(43.0, 0.14193974188505198)	(44.0, 0.24480463264805177)	(45.0, 1.3601638106125307)	(46.0, 12.331774481493941)	(47.0, 14.577680942099928)	(48.0, 27.676730857135194)	(49.0, 4.648250399377951)	(50.0, 1.679252082496181)	(51.0, 4.851909075720901)	(52.0, 17.186306957118553)	(53.0, 12.878132028807778)	(54.0, 1.717912712581604)	(55.0, 0.30666164078472946)	(56.0, 0.06807032368611932)	(57.0, 0.02057297815259996)	(58.0, 0.026372072665413377)	(59.0, 0.02499133587664828)	(60.0, 0.00524679979730737)	(61.0, 0.011183967988997286)	(62.0, 0.07939236535399322)	(63.0, 0.01684498882293419)	(64.0, 0.003037620935283214)	(65.0, 0.001933031504271136)	(66.0, 0.0005522947155060389)	(67.0, 0.0)	(68.0, 0.0008284420732590584)	(69.0, 0.0016568841465181168)	(70.0, 0.0008284420732590584)	(71.0, 0.0)	(72.0, 0.0)	(73.0, 0.0)	(74.0, 0.0)	(75.0, 0.0)	(76.0, 0.0)	(77.0, 0.0)	(78.0, 0.0)	(79.0, 0.0)	(80.0, 0.0)	(81.0, 0.0)	(82.0, 0.0)	(83.0, 0.0)	(84.0, 0.0)	(85.0, 0.0)	(86.0, 0.0)	(87.0, 0.0)	(88.0, 0.0)	(89.0, 0.0)	(90.0, 0.0)	(91.0, 0.0)	(92.0, 0.0)	(93.0, 0.0)	(94.0, 0.0)	(95.0, 0.0)	(96.0, 0.0)	(97.0, 0.0)	(98.0, 0.0)	(99.0, 0.0)	(100.0, 0.0)
1186R_0_M_NS6_week9_S86_L001_R2_001	(0.0, 0.0)	(1.0, 0.0)	(2.0, 0.0)	(3.0, 0.0)	(4.0, 0.0)	(5.0, 0.0)	(6.0, 0.0)	(7.0, 0.0)	(8.0, 0.0)	(9.0, 0.0)	(10.0, 0.0)	(11.0, 0.0)	(12.0, 0.0)	(13.0, 0.0)	(14.0, 0.0)	(15.0, 0.0)	(16.0, 0.0)	(17.0, 0.0)	(18.0, 0.0)	(19.0, 0.0)	(20.0, 0.0)	(21.0, 0.0)	(22.0, 0.0)	(23.0, 0.0)	(24.0, 0.0)	(25.0, 0.0)	(26.0, 0.0)	(27.0, 0.0)	(28.0, 0.0)	(29.0, 0.0)	(30.0, 0.0007315458417104784)	(31.0, 0.0007315458417104784)	(32.0, 0.0)	(33.0, 0.0)	(34.0, 0.0007315458417104784)	(35.0, 0.004876972278069856)	(36.0, 0.00780315564491177)	(37.0, 0.00853470148662225)	(38.0, 0.009266247328332727)	(39.0, 0.01609400851763053)	(40.0, 0.022677921093024835)	(41.0, 0.03804038376894488)	(42.0, 0.0674241417443158)	(43.0, 0.08973628991648541)	(44.0, 0.18751958409178537)	(45.0, 3.0193335373527965)	(46.0, 18.966545189421893)	(47.0, 15.676417766323086)	(48.0, 14.119444366546524)	(49.0, 9.94012297285263)	(50.0, 0.9663720568995473)	(51.0, 6.408951194919224)	(52.0, 6.630121887729505)	(53.0, 6.012087575791603)	(54.0, 7.576864131208995)	(55.0, 1.1429184533656909)	(56.0, 4.296490652672878)	(57.0, 3.9674169482099857)	(58.0, 0.30066534094300756)	(59.0, 0.11704733467367656)	(60.0, 0.09278439759027907)	(61.0, 0.06839953619992976)	(62.0, 0.03450457886734423)	(63.0, 0.02938375797537088)	(64.0, 0.028164514905853415)	(65.0, 0.016215932824582276)	(66.0, 0.010485490397850192)	(67.0, 0.013899370992499091)	(68.0, 0.012923976536885118)	(69.0, 0.007071609803201293)	(70.0, 0.0048769722780698565)	(71.0, 0.010973187625657174)	(72.0, 0.05584133258389986)	(73.0, 0.01463091683420957)	(74.0, 0.0009753944556139712)	(75.0, 0.0004876972278069856)	(76.0, 0.0009753944556139712)	(77.0, 0.0004876972278069856)	(78.0, 0.0)	(79.0, 0.0)	(80.0, 0.0)	(81.0, 0.0)	(82.0, 0.0)	(83.0, 0.0)	(84.0, 0.0)	(85.0, 0.0)	(86.0, 0.0)	(87.0, 0.0)	(88.0, 0.0)	(89.0, 0.0)	(90.0, 0.0)	(91.0, 0.0)	(92.0, 0.0)	(93.0, 0.0)	(94.0, 0.0004876972278069856)	(95.0, 0.0004876972278069856)	(96.0, 0.0)	(97.0, 0.0)	(98.0, 0.0)	(99.0, 0.0)	(100.0, 0.0009753944556139712)
1186R_RR_M_NS6_week9_S87_L001_R1_001	(0.0, 0.0)	(1.0, 0.0)	(2.0, 0.0)	(3.0, 0.0)	(4.0, 0.0)	(5.0, 0.0)	(6.0, 0.0)	(7.0, 0.0)	(8.0, 0.0)	(9.0, 0.0)	(10.0, 0.0)	(11.0, 0.0)	(12.0, 0.0)	(13.0, 0.0)	(14.0, 0.0)	(15.0, 0.0)	(16.0, 0.0)	(17.0, 0.0)	(18.0, 0.0)	(19.0, 0.0)	(20.0, 0.0)	(21.0, 0.0)	(22.0, 0.0)	(23.0, 0.0)	(24.0, 0.0)	(25.0, 0.0)	(26.0, 0.0)	(27.0, 0.0)	(28.0, 0.0)	(29.0, 0.0)	(30.0, 0.0007977917125396561)	(31.0, 0.0007977917125396561)	(32.0, 0.0)	(33.0, 0.0007977917125396561)	(34.0, 0.0015955834250793123)	(35.0, 0.0015955834250793123)	(36.0, 0.002393375137618969)	(37.0, 0.0037230279918517295)	(38.0, 0.003590062706428453)	(39.0, 0.005052680846084489)	(40.0, 0.01236577154436467)	(41.0, 0.02539636951584573)	(42.0, 0.07632207383296047)	(43.0, 0.13987948026528632)	(44.0, 0.22351464479652694)	(45.0, 1.3370989102164952)	(46.0, 12.157281976817126)	(47.0, 14.920034677344397)	(48.0, 28.367744749210537)	(49.0, 5.204128306182153)	(50.0, 1.8789324483163339)	(51.0, 4.641419218270617)	(52.0, 16.68355325791651)	(53.0, 12.411245671975307)	(54.0, 1.3835037948292317)	(55.0, 0.25795265372115583)	(56.0, 0.05770693387370177)	(57.0, 0.015158042538253468)	(58.0, 0.03762917577478709)	(59.0, 0.045075231758490535)	(60.0, 0.008908674123359493)	(61.0, 0.007844951839973286)	(62.0, 0.06794526085129411)	(63.0, 0.01303059797148105)	(64.0, 0.004653784989814662)	(65.0, 0.0007977917125396561)	(66.0, 0.0005318611416931041)	(67.0, 0.0)	(68.0, 0.0)	(69.0, 0.0)	(70.0, 0.0)	(71.0, 0.0)	(72.0, 0.0)	(73.0, 0.0)	(74.0, 0.0)	(75.0, 0.0)	(76.0, 0.0)	(77.0, 0.0)	(78.0, 0.0)	(79.0, 0.0)	(80.0, 0.0)	(81.0, 0.0)	(82.0, 0.0)	(83.0, 0.0)	(84.0, 0.0)	(85.0, 0.0)	(86.0, 0.0)	(87.0, 0.0)	(88.0, 0.0)	(89.0, 0.0)	(90.0, 0.0)	(91.0, 0.0)	(92.0, 0.0)	(93.0, 0.0)	(94.0, 0.0)	(95.0, 0.0)	(96.0, 0.0)	(97.0, 0.0)	(98.0, 0.0)	(99.0, 0.0)	(100.0, 0.0)
1186R_RR_M_NS6_week9_S87_L001_R2_001	(0.0, 0.0)	(1.0, 0.0)	(2.0, 0.0)	(3.0, 0.0)	(4.0, 0.0)	(5.0, 0.0)	(6.0, 0.0)	(7.0, 0.0)	(8.0, 0.0)	(9.0, 0.0)	(10.0, 0.0)	(11.0, 0.0)	(12.0, 0.0)	(13.0, 0.0)	(14.0, 0.0)	(15.0, 0.0)	(16.0, 0.0)	(17.0, 0.0)	(18.0, 0.0)	(19.0, 0.0)	(20.0, 0.0)	(21.0, 0.0)	(22.0, 0.0)	(23.0, 0.0)	(24.0, 0.0)	(25.0, 0.0)	(26.0, 0.0)	(27.0, 0.0)	(28.0, 0.0)	(29.0, 0.0)	(30.0, 0.0)	(31.0, 0.0)	(32.0, 0.0006998847523106751)	(33.0, 0.0013997695046213503)	(34.0, 0.0027995390092427005)	(35.0, 0.003499423761553376)	(36.0, 0.004199308513864051)	(37.0, 0.008398617027728102)	(38.0, 0.011898040789281477)	(39.0, 0.021929722239067823)	(40.0, 0.031494813853980376)	(41.0, 0.043159559725824956)	(42.0, 0.05785713952434914)	(43.0, 0.08806883133242671)	(44.0, 0.21498126641809567)	(45.0, 2.6343662076971848)	(46.0, 18.64726275073955)	(47.0, 17.760742064477704)	(48.0, 14.23518927216513)	(49.0, 8.798017926378384)	(50.0, 0.9721399209595367)	(51.0, 6.206228041115493)	(52.0, 6.228274410813258)	(53.0, 6.378632985101193)	(54.0, 8.037709790452235)	(55.0, 1.1459446344500346)	(56.0, 4.0179217155571045)	(57.0, 3.6593474274564572)	(58.0, 0.27482141274065935)	(59.0, 0.10708236710353326)	(60.0, 0.09495103139681495)	(61.0, 0.06648905146951417)	(62.0, 0.038027071542213346)	(63.0, 0.039193546129397794)	(64.0, 0.04105990546889291)	(65.0, 0.019130183229825123)	(66.0, 0.007115494981825197)	(67.0, 0.010614918743378573)	(68.0, 0.009098501780038777)	(69.0, 0.003732718678990268)	(70.0, 0.005132488183611618)	(71.0, 0.008631911945164992)	(72.0, 0.049691817414057905)	(73.0, 0.009798386532349448)	(74.0, 0.0)	(75.0, 0.00046658983487378344)	(76.0, 0.0)	(77.0, 0.0)	(78.0, 0.0)	(79.0, 0.0)	(80.0, 0.0)	(81.0, 0.0)	(82.0, 0.00046658983487378344)	(83.0, 0.0)	(84.0, 0.0)	(85.0, 0.0)	(86.0, 0.00046658983487378344)	(87.0, 0.00046658983487378344)	(88.0, 0.0)	(89.0, 0.0)	(90.0, 0.0)	(91.0, 0.0)	(92.0, 0.0)	(93.0, 0.0)	(94.0, 0.0)	(95.0, 0.0)	(96.0, 0.0)	(97.0, 0.0)	(98.0, 0.0)	(99.0, 0.0006998847523106751)	(100.0, 0.0006998847523106751)
1193R_R_F_NS1_week5_S1_L001_R1_001	(0.0, 0.0)	(1.0, 0.0)	(2.0, 0.0)	(3.0, 0.0)	(4.0, 0.0)	(5.0, 0.0)	(6.0, 0.0)	(7.0, 0.0)	(8.0, 0.0)	(9.0, 0.0)	(10.0, 0.0)	(11.0, 0.0)	(12.0, 0.0)	(13.0, 0.0)	(14.0, 0.0)	(15.0, 0.0)	(16.0, 0.0)	(17.0, 0.0)	(18.0, 0.0)	(19.0, 0.0)	(20.0, 0.0)	(21.0, 0.0)	(22.0, 0.0)	(23.0, 0.0)	(24.0, 0.0)	(25.0, 0.0)	(26.0, 0.0)	(27.0, 0.0)	(28.0, 0.0)	(29.0, 0.0)	(30.0, 0.0)	(31.0, 0.0)	(32.0, 0.0)	(33.0, 0.0)	(34.0, 0.0)	(35.0, 0.0006735957213201573)	(36.0, 0.0)	(37.0, 0.0)	(38.0, 0.0020207871639604715)	(39.0, 0.0037047764672608645)	(40.0, 0.004546771118911061)	(41.0, 0.013640313356733184)	(42.0, 0.033006190344687714)	(43.0, 0.0966609860094426)	(44.0, 0.29570852165954886)	(45.0, 0.5235522743960942)	(46.0, 1.1068861690593357)	(47.0, 14.016011370295839)	(48.0, 46.36426709416373)	(49.0, 6.0113366159918735)	(50.0, 1.6380163953203342)	(51.0, 5.110233939795439)	(52.0, 9.972584654144889)	(53.0, 8.916723360976492)	(54.0, 4.204584492480084)	(55.0, 1.3108172736890327)	(56.0, 0.17665047791621105)	(57.0, 0.053045663053962334)	(58.0, 0.018018685545314207)	(59.0, 0.011787925123102751)	(60.0, 0.009093542237822123)	(61.0, 0.014819105869043458)	(62.0, 0.07072755073861647)	(63.0, 0.015492701590363612)	(64.0, 0.004041574327920943)	(65.0, 0.0013471914426403146)	(66.0, 0.0)	(67.0, 0.0)	(68.0, 0.0)	(69.0, 0.0)	(70.0, 0.0)	(71.0, 0.0)	(72.0, 0.0)	(73.0, 0.0)	(74.0, 0.0)	(75.0, 0.0)	(76.0, 0.0)	(77.0, 0.0)	(78.0, 0.0)	(79.0, 0.0)	(80.0, 0.0)	(81.0, 0.0)	(82.0, 0.0)	(83.0, 0.0)	(84.0, 0.0)	(85.0, 0.0)	(86.0, 0.0)	(87.0, 0.0)	(88.0, 0.0)	(89.0, 0.0)	(90.0, 0.0)	(91.0, 0.0)	(92.0, 0.0)	(93.0, 0.0)	(94.0, 0.0)	(95.0, 0.0)	(96.0, 0.0)	(97.0, 0.0)	(98.0, 0.0)	(99.0, 0.0)	(100.0, 0.0)
1193R_R_F_NS1_week5_S1_L001_R2_001	(0.0, 0.0)	(1.0, 0.0)	(2.0, 0.0)	(3.0, 0.0)	(4.0, 0.0)	(5.0, 0.0)	(6.0, 0.0)	(7.0, 0.0)	(8.0, 0.0)	(9.0, 0.0)	(10.0, 0.0)	(11.0, 0.0)	(12.0, 0.0)	(13.0, 0.0)	(14.0, 0.0)	(15.0, 0.0)	(16.0, 0.0)	(17.0, 0.0)	(18.0, 0.0)	(19.0, 0.0)	(20.0, 0.0)	(21.0, 0.0)	(22.0, 0.0)	(23.0, 0.0)	(24.0, 0.0)	(25.0, 0.0)	(26.0, 0.0)	(27.0, 0.0)	(28.0, 0.0)	(29.0, 0.0)	(30.0, 0.0009633787619939603)	(31.0, 0.0028901362859818807)	(32.0, 0.0019267575239879206)	(33.0, 0.0019267575239879206)	(34.0, 0.0028901362859818807)	(35.0, 0.0028901362859818807)	(36.0, 0.0038535150479758412)	(37.0, 0.004816893809969801)	(38.0, 0.0057802725719637614)	(39.0, 0.012523923905921483)	(40.0, 0.021194332763867126)	(41.0, 0.03917740298775439)	(42.0, 0.05346752129066478)	(43.0, 0.07337734903853997)	(44.0, 0.14033217299712022)	(45.0, 0.7000552337156062)	(46.0, 7.282982877548467)	(47.0, 4.98917804523983)	(48.0, 14.19297761107189)	(49.0, 34.30045856829971)	(50.0, 3.781261640826026)	(51.0, 4.174320175719606)	(52.0, 4.447759180999002)	(53.0, 5.365538014925623)	(54.0, 5.379507006974536)	(55.0, 1.2987951342948678)	(56.0, 7.039729740144816)	(57.0, 5.191166459004646)	(58.0, 0.5391709804626214)	(59.0, 0.20744756008269932)	(60.0, 0.20487855005071545)	(61.0, 0.18143633350886243)	(62.0, 0.09023647737343429)	(63.0, 0.04977456936968795)	(64.0, 0.027295731589828877)	(65.0, 0.020070390874874174)	(66.0, 0.02279996403385706)	(67.0, 0.02247883777985907)	(68.0, 0.017340817715891285)	(69.0, 0.01091829263593155)	(70.0, 0.004495767555971814)	(71.0, 0.01734081771589128)	(72.0, 0.054270336925659704)	(73.0, 0.013808428921913425)	(74.0, 0.0006422525079959735)	(75.0, 0.0)	(76.0, 0.0)	(77.0, 0.0)	(78.0, 0.0006422525079959735)	(79.0, 0.0)	(80.0, 0.0)	(81.0, 0.0)	(82.0, 0.0)	(83.0, 0.0)	(84.0, 0.0)	(85.0, 0.0)	(86.0, 0.0)	(87.0, 0.0)	(88.0, 0.0)	(89.0, 0.0)	(90.0, 0.0)	(91.0, 0.00048168938099698016)	(92.0, 0.00048168938099698016)	(93.0, 0.0)	(94.0, 0.0)	(95.0, 0.0)	(96.0, 0.0006422525079959735)	(97.0, 0.0006422525079959735)	(98.0, 0.0)	(99.0, 0.0)	(100.0, 0.0009633787619939603)
1193R_R_F_NS1_week6_S2_L001_R1_001	(0.0, 0.0)	(1.0, 0.0)	(2.0, 0.0)	(3.0, 0.0)	(4.0, 0.0)	(5.0, 0.0)	(6.0, 0.0)	(7.0, 0.0)	(8.0, 0.0)	(9.0, 0.0)	(10.0, 0.0)	(11.0, 0.0)	(12.0, 0.0)	(13.0, 0.0)	(14.0, 0.0)	(15.0, 0.0)	(16.0, 0.0)	(17.0, 0.0)	(18.0, 0.0)	(19.0, 0.0)	(20.0, 0.0)	(21.0, 0.0)	(22.0, 0.0)	(23.0, 0.0)	(24.0, 0.0)	(25.0, 0.0)	(26.0, 0.0)	(27.0, 0.0)	(28.0, 0.0)	(29.0, 0.0)	(30.0, 0.0)	(31.0, 0.0)	(32.0, 0.0)	(33.0, 0.0)	(34.0, 0.0)	(35.0, 0.0)	(36.0, 0.0)	(37.0, 0.0)	(38.0, 0.0)	(39.0, 0.0)	(40.0, 0.0034569115184288593)	(41.0, 0.0076820255965085755)	(42.0, 0.016708405672406154)	(43.0, 0.05262187533608376)	(44.0, 0.16209074008633098)	(45.0, 0.29364542842653973)	(46.0, 0.7326731912670044)	(47.0, 13.386889855113907)	(48.0, 33.87734877934335)	(49.0, 4.226074331278973)	(50.0, 1.4207906340742613)	(51.0, 15.77715211946539)	(52.0, 19.741461428542408)	(53.0, 6.25163243043894)	(54.0, 2.455367431284135)	(55.0, 1.1281054588472619)	(56.0, 0.1081245102708583)	(57.0, 0.018244810791707866)	(58.0, 0.01997326655092229)	(59.0, 0.02727119086760545)	(60.0, 0.01766865887196972)	(61.0, 0.01920506399127143)	(62.0, 0.20587828598642943)	(63.0, 0.03610552030359033)	(64.0, 0.004993316637730574)	(65.0, 0.002688708958778001)	(66.0, 0.0007682025596508576)	(67.0, 0.0019205063991271439)	(68.0, 0.002304607678952573)	(69.0, 0.0011523038394762866)	(70.0, 0.0)	(71.0, 0.0)	(72.0, 0.0)	(73.0, 0.0)	(74.0, 0.0)	(75.0, 0.0)	(76.0, 0.0)	(77.0, 0.0)	(78.0, 0.0)	(79.0, 0.0)	(80.0, 0.0)	(81.0, 0.0)	(82.0, 0.0)	(83.0, 0.0)	(84.0, 0.0)	(85.0, 0.0)	(86.0, 0.0)	(87.0, 0.0)	(88.0, 0.0)	(89.0, 0.0)	(90.0, 0.0)	(91.0, 0.0)	(92.0, 0.0)	(93.0, 0.0)	(94.0, 0.0)	(95.0, 0.0)	(96.0, 0.0)	(97.0, 0.0)	(98.0, 0.0)	(99.0, 0.0)	(100.0, 0.0)
1193R_R_F_NS1_week6_S2_L001_R2_001	(0.0, 0.0)	(1.0, 0.0)	(2.0, 0.0)	(3.0, 0.0)	(4.0, 0.0)	(5.0, 0.0)	(6.0, 0.0)	(7.0, 0.0)	(8.0, 0.0)	(9.0, 0.0)	(10.0, 0.0)	(11.0, 0.0)	(12.0, 0.0)	(13.0, 0.0)	(14.0, 0.0)	(15.0, 0.0)	(16.0, 0.0)	(17.0, 0.0)	(18.0, 0.0)	(19.0, 0.0)	(20.0, 0.0)	(21.0, 0.0)	(22.0, 0.0)	(23.0, 0.0)	(24.0, 0.0)	(25.0, 0.0)	(26.0, 0.0)	(27.0, 0.0)	(28.0, 0.0)	(29.0, 0.0)	(30.0, 0.0)	(31.0, 0.0)	(32.0, 0.0)	(33.0, 0.0)	(34.0, 0.0)	(35.0, 0.004096536750590012)	(36.0, 0.009682723228667298)	(37.0, 0.00893789836492366)	(38.0, 0.005586186478077289)	(39.0, 0.013034435115513672)	(40.0, 0.021972333480437332)	(41.0, 0.02681369509477098)	(42.0, 0.036496418323438286)	(43.0, 0.048786028575208314)	(44.0, 0.08751692148987752)	(45.0, 0.6237908233853002)	(46.0, 7.97018466070584)	(47.0, 5.662531026611087)	(48.0, 10.607050884573471)	(49.0, 22.48384195561424)	(50.0, 2.3439638462013064)	(51.0, 2.934982375581765)	(52.0, 3.208705513007496)	(53.0, 4.83912713974214)	(54.0, 4.9657473665786185)	(55.0, 1.383325978187873)	(56.0, 15.149551522326218)	(57.0, 15.05160705274399)	(58.0, 1.0781339902689024)	(59.0, 0.30035062630462195)	(60.0, 0.2288474393852326)	(61.0, 0.20706131212073126)	(62.0, 0.11209614199341761)	(63.0, 0.07001353719190201)	(64.0, 0.051392915598311044)	(65.0, 0.03966192399434875)	(66.0, 0.03500676859595101)	(67.0, 0.050275678302695595)	(68.0, 0.047668791279592865)	(69.0, 0.032027469140976456)	(70.0, 0.02532404536728371)	(71.0, 0.039475717778412835)	(72.0, 0.1500822100443434)	(73.0, 0.035751593459694656)	(74.0, 0.0018620621593590958)	(75.0, 0.0014896497274872768)	(76.0, 0.0007448248637436384)	(77.0, 0.0)	(78.0, 0.0)	(79.0, 0.0007448248637436384)	(80.0, 0.0)	(81.0, 0.0)	(82.0, 0.0)	(83.0, 0.0)	(84.0, 0.0)	(85.0, 0.0)	(86.0, 0.0)	(87.0, 0.0)	(88.0, 0.0)	(89.0, 0.0)	(90.0, 0.0)	(91.0, 0.0)	(92.0, 0.0)	(93.0, 0.0)	(94.0, 0.0005586186478077288)	(95.0, 0.001303443511551367)	(96.0, 0.0)	(97.0, 0.001303443511551367)	(98.0, 0.0007448248637436384)	(99.0, 0.0007448248637436384)	(100.0, 0.0)
1193R_R_F_NS1_week7_S3_L001_R1_001	(0.0, 0.0)	(1.0, 0.0)	(2.0, 0.0)	(3.0, 0.0)	(4.0, 0.0)	(5.0, 0.0)	(6.0, 0.0)	(7.0, 0.0)	(8.0, 0.0)	(9.0, 0.0)	(10.0, 0.0)	(11.0, 0.0)	(12.0, 0.0)	(13.0, 0.0)	(14.0, 0.0)	(15.0, 0.0)	(16.0, 0.0)	(17.0, 0.0)	(18.0, 0.0)	(19.0, 0.0)	(20.0, 0.0)	(21.0, 0.0)	(22.0, 0.0)	(23.0, 0.0)	(24.0, 0.0)	(25.0, 0.0)	(26.0, 0.0)	(27.0, 0.0)	(28.0, 0.0)	(29.0, 0.0)	(30.0, 0.0)	(31.0, 0.0)	(32.0, 0.0)	(33.0, 0.0)	(34.0, 0.0)	(35.0, 0.0006874305050722716)	(36.0, 0.0)	(37.0, 0.0006874305050722716)	(38.0, 0.001718576262680679)	(39.0, 0.0030934372728252226)	(40.0, 0.002062291515216815)	(41.0, 0.001718576262680679)	(42.0, 0.009280311818475669)	(43.0, 0.02406006767752951)	(44.0, 0.10345829101337692)	(45.0, 0.19093382278382337)	(46.0, 0.5941118140087128)	(47.0, 13.399910977744575)	(48.0, 26.692239081462866)	(49.0, 3.510363874151342)	(50.0, 1.5329700263111938)	(51.0, 20.97934786904939)	(52.0, 23.569757869792678)	(53.0, 4.70185279706791)	(54.0, 3.0683460593899694)	(55.0, 1.0933582183174289)	(56.0, 0.1251123519231537)	(57.0, 0.028700223586767354)	(58.0, 0.020279199899632016)	(59.0, 0.040730257425532095)	(60.0, 0.0139204677277135)	(61.0, 0.022169633788580768)	(62.0, 0.2153376057138883)	(63.0, 0.043136264193285034)	(64.0, 0.007218020303258853)	(65.0, 0.003437152525361358)	(66.0, 0.0)	(67.0, 0.0)	(68.0, 0.0)	(69.0, 0.0)	(70.0, 0.0)	(71.0, 0.0)	(72.0, 0.0)	(73.0, 0.0)	(74.0, 0.0)	(75.0, 0.0)	(76.0, 0.0)	(77.0, 0.0)	(78.0, 0.0)	(79.0, 0.0)	(80.0, 0.0)	(81.0, 0.0)	(82.0, 0.0)	(83.0, 0.0)	(84.0, 0.0)	(85.0, 0.0)	(86.0, 0.0)	(87.0, 0.0)	(88.0, 0.0)	(89.0, 0.0)	(90.0, 0.0)	(91.0, 0.0)	(92.0, 0.0)	(93.0, 0.0)	(94.0, 0.0)	(95.0, 0.0)	(96.0, 0.0)	(97.0, 0.0)	(98.0, 0.0)	(99.0, 0.0)	(100.0, 0.0)
1193R_R_F_NS1_week7_S3_L001_R2_001	(0.0, 0.0)	(1.0, 0.0)	(2.0, 0.0)	(3.0, 0.0)	(4.0, 0.0)	(5.0, 0.0)	(6.0, 0.0)	(7.0, 0.0)	(8.0, 0.0)	(9.0, 0.0)	(10.0, 0.0)	(11.0, 0.0)	(12.0, 0.0)	(13.0, 0.0)	(14.0, 0.0)	(15.0, 0.0)	(16.0, 0.0)	(17.0, 0.0)	(18.0, 0.0)	(19.0, 0.0)	(20.0, 0.0)	(21.0, 0.0)	(22.0, 0.0)	(23.0, 0.0)	(24.0, 0.0)	(25.0, 0.0)	(26.0, 0.0)	(27.0, 0.0)	(28.0, 0.0)	(29.0, 0.0)	(30.0, 0.0)	(31.0, 0.0)	(32.0, 0.0)	(33.0, 0.0)	(34.0, 0.0006744202514913238)	(35.0, 0.002360470880219633)	(36.0, 0.005058151886184928)	(37.0, 0.007081412640658899)	(38.0, 0.005058151886184928)	(39.0, 0.0037093113832022805)	(40.0, 0.013488405029826473)	(41.0, 0.027314020185398618)	(42.0, 0.03743032395776846)	(43.0, 0.0610350327599648)	(44.0, 0.10099443266082578)	(45.0, 0.6351352718419535)	(46.0, 8.985975430871258)	(47.0, 6.84064461087732)	(48.0, 8.575590707839133)	(49.0, 14.811111748059513)	(50.0, 1.6295679326659465)	(51.0, 3.8666199068623412)	(52.0, 4.259975518544644)	(53.0, 2.9478909192684792)	(54.0, 3.0821005493152307)	(55.0, 1.1640493540740207)	(56.0, 19.855943834281753)	(57.0, 20.20934004606376)	(58.0, 1.2292995134058078)	(59.0, 0.3606462294849856)	(60.0, 0.29101233851850583)	(61.0, 0.26639599933907215)	(62.0, 0.12207006551992965)	(63.0, 0.07384901753829996)	(64.0, 0.07098273146946181)	(65.0, 0.04805244291875681)	(66.0, 0.03169775182009221)	(67.0, 0.03844195433500545)	(68.0, 0.03034891131710957)	(69.0, 0.012139564526843826)	(70.0, 0.018546556916011397)	(71.0, 0.04619778722715565)	(72.0, 0.17872136664520044)	(73.0, 0.03641869358053148)	(74.0, 0.006406992389167575)	(75.0, 0.004046521508947942)	(76.0, 0.002023260754473971)	(77.0, 0.0006744202514913238)	(78.0, 0.0006744202514913238)	(79.0, 0.0006744202514913238)	(80.0, 0.0)	(81.0, 0.0)	(82.0, 0.0)	(83.0, 0.0)	(84.0, 0.0)	(85.0, 0.0)	(86.0, 0.0)	(87.0, 0.0)	(88.0, 0.0)	(89.0, 0.0)	(90.0, 0.0)	(91.0, 0.0)	(92.0, 0.0)	(93.0, 0.0)	(94.0, 0.0)	(95.0, 0.0)	(96.0, 0.0010116303772369855)	(97.0, 0.0015174455658554784)	(98.0, 0.0)	(99.0, 0.0)	(100.0, 0.0)
1193R_R_F_NS1_week9_S4_L001_R1_001	(0.0, 0.0)	(1.0, 0.0)	(2.0, 0.0)	(3.0, 0.0)	(4.0, 0.0)	(5.0, 0.0)	(6.0, 0.0)	(7.0, 0.0)	(8.0, 0.0)	(9.0, 0.0)	(10.0, 0.0)	(11.0, 0.0)	(12.0, 0.0)	(13.0, 0.0)	(14.0, 0.0)	(15.0, 0.0)	(16.0, 0.0)	(17.0, 0.0)	(18.0, 0.0)	(19.0, 0.0)	(20.0, 0.0)	(21.0, 0.0)	(22.0, 0.0)	(23.0, 0.0)	(24.0, 0.0)	(25.0, 0.0)	(26.0, 0.0)	(27.0, 0.0)	(28.0, 0.0)	(29.0, 0.0)	(30.0, 0.0)	(31.0, 0.0)	(32.0, 0.0)	(33.0, 0.0)	(34.0, 0.0018811254146309838)	(35.0, 0.00344872992682347)	(36.0, 0.0028216881219464756)	(37.0, 0.002508167219507978)	(38.0, 0.0015676045121924863)	(39.0, 0.00344872992682347)	(40.0, 0.002508167219507978)	(41.0, 0.009719147975593416)	(42.0, 0.024768151292641285)	(43.0, 0.05549319973161401)	(44.0, 0.1740041008533659)	(45.0, 0.3517704525359947)	(46.0, 1.375416198997709)	(47.0, 25.183252967481952)	(48.0, 25.969093109445474)	(49.0, 6.532835044111813)	(50.0, 3.0478934530556936)	(51.0, 9.155750913911524)	(52.0, 15.030192062896347)	(53.0, 8.504411239096129)	(54.0, 2.7831250509464365)	(55.0, 1.3106741326441549)	(56.0, 0.10644034637787002)	(57.0, 0.02241674452435256)	(58.0, 0.02320054678044881)	(59.0, 0.059098690109656675)	(60.0, 0.022887025878010312)	(61.0, 0.021005900463379322)	(62.0, 0.16052270204851038)	(63.0, 0.039973915060908395)	(64.0, 0.011913794292662898)	(65.0, 0.004075771731700465)	(66.0, 0.0009405627073154919)	(67.0, 0.0009405627073154919)	(68.0, 0.0)	(69.0, 0.0)	(70.0, 0.0)	(71.0, 0.0)	(72.0, 0.0)	(73.0, 0.0)	(74.0, 0.0)	(75.0, 0.0)	(76.0, 0.0)	(77.0, 0.0)	(78.0, 0.0)	(79.0, 0.0)	(80.0, 0.0)	(81.0, 0.0)	(82.0, 0.0)	(83.0, 0.0)	(84.0, 0.0)	(85.0, 0.0)	(86.0, 0.0)	(87.0, 0.0)	(88.0, 0.0)	(89.0, 0.0)	(90.0, 0.0)	(91.0, 0.0)	(92.0, 0.0)	(93.0, 0.0)	(94.0, 0.0)	(95.0, 0.0)	(96.0, 0.0)	(97.0, 0.0)	(98.0, 0.0)	(99.0, 0.0)	(100.0, 0.0)
1193R_R_F_NS1_week9_S4_L001_R2_001	(0.0, 0.0)	(1.0, 0.0)	(2.0, 0.0)	(3.0, 0.0)	(4.0, 0.0)	(5.0, 0.0)	(6.0, 0.0)	(7.0, 0.0)	(8.0, 0.0)	(9.0, 0.0)	(10.0, 0.0)	(11.0, 0.0)	(12.0, 0.0)	(13.0, 0.0)	(14.0, 0.0)	(15.0, 0.0)	(16.0, 0.0)	(17.0, 0.0)	(18.0, 0.0)	(19.0, 0.0)	(20.0, 0.0)	(21.0, 0.0)	(22.0, 0.0)	(23.0, 0.0)	(24.0, 0.0)	(25.0, 0.0)	(26.0, 0.0)	(27.0, 0.0)	(28.0, 0.0009202948011014301)	(29.0, 0.0009202948011014301)	(30.0, 0.0)	(31.0, 0.0)	(32.0, 0.0)	(33.0, 0.0009202948011014301)	(34.0, 0.0018405896022028602)	(35.0, 0.005521768806608581)	(36.0, 0.007975888276212395)	(37.0, 0.005521768806608581)	(38.0, 0.005521768806608581)	(39.0, 0.009816477878415254)	(40.0, 0.02392766482863718)	(41.0, 0.04141326604956435)	(42.0, 0.057365042601989144)	(43.0, 0.08451373923448137)	(44.0, 0.17945748621477856)	(45.0, 1.2132553127853938)	(46.0, 14.644957934855766)	(47.0, 15.062158244688096)	(48.0, 11.914136495056612)	(49.0, 4.990758706373248)	(50.0, 1.0655479972086022)	(51.0, 3.2695006633794725)	(52.0, 4.322778063240188)	(53.0, 11.051513501491646)	(54.0, 11.359812259860389)	(55.0, 1.6887409600211654)	(56.0, 8.403365211324514)	(57.0, 8.544016933426077)	(58.0, 0.8253510541211238)	(59.0, 0.28068991433593604)	(60.0, 0.19387543809870106)	(61.0, 0.16519291679770656)	(62.0, 0.10015875085320566)	(63.0, 0.07577093862401775)	(64.0, 0.06012592700529341)	(65.0, 0.034664437508153866)	(66.0, 0.018252513555178363)	(67.0, 0.024234429762337664)	(68.0, 0.03221031803855005)	(69.0, 0.019939720690530984)	(70.0, 0.01656530641982574)	(71.0, 0.029756198568946256)	(72.0, 0.12178567867908953)	(73.0, 0.03313061283965149)	(74.0, 0.0036811792044057203)	(75.0, 0.0024541194696038136)	(76.0, 0.0027608844033042905)	(77.0, 0.0027608844033042905)	(78.0, 0.0)	(79.0, 0.0)	(80.0, 0.0)	(81.0, 0.0)	(82.0, 0.0)	(83.0, 0.0)	(84.0, 0.0)	(85.0, 0.0)	(86.0, 0.0)	(87.0, 0.0)	(88.0, 0.0)	(89.0, 0.0)	(90.0, 0.0)	(91.0, 0.0)	(92.0, 0.0)	(93.0, 0.00046014740055071504)	(94.0, 0.0)	(95.0, 0.0)	(96.0, 0.0)	(97.0, 0.0)	(98.0, 0.0)	(99.0, 0.0)	(100.0, 0.0)
184R_0_M_NS6_week9_S88_L001_R1_001	(0.0, 0.0)	(1.0, 0.0)	(2.0, 0.0)	(3.0, 0.0)	(4.0, 0.0)	(5.0, 0.0)	(6.0, 0.0)	(7.0, 0.0)	(8.0, 0.0)	(9.0, 0.0)	(10.0, 0.0)	(11.0, 0.0)	(12.0, 0.0)	(13.0, 0.0)	(14.0, 0.0)	(15.0, 0.0)	(16.0, 0.0)	(17.0, 0.0)	(18.0, 0.0)	(19.0, 0.0)	(20.0, 0.0)	(21.0, 0.0)	(22.0, 0.0)	(23.0, 0.0)	(24.0, 0.0)	(25.0, 0.0)	(26.0, 0.0)	(27.0, 0.0)	(28.0, 0.0)	(29.0, 0.0)	(30.0, 0.0)	(31.0, 0.0)	(32.0, 0.0)	(33.0, 0.0)	(34.0, 0.0004785793849536071)	(35.0, 0.0007178690774304108)	(36.0, 0.001196448462384018)	(37.0, 0.0004785793849536071)	(38.0, 0.0019143175398144284)	(39.0, 0.00406792477210566)	(40.0, 0.010289456776502552)	(41.0, 0.022253941400342734)	(42.0, 0.07872630882486839)	(43.0, 0.13424151747948676)	(44.0, 0.22780378723791708)	(45.0, 1.5374362741635073)	(46.0, 14.316821945733757)	(47.0, 14.586860363694315)	(48.0, 24.74183633303667)	(49.0, 4.891918828150128)	(50.0, 1.8714846848610582)	(51.0, 4.581799386700065)	(52.0, 17.497939117526144)	(53.0, 13.581604365597455)	(54.0, 1.385726609133225)	(55.0, 0.2583132230287104)	(56.0, 0.06556537573864424)	(57.0, 0.02105749293795872)	(58.0, 0.021296782630435527)	(59.0, 0.025723641941256387)	(60.0, 0.007537625313019312)	(61.0, 0.011007325853932961)	(62.0, 0.08805860683146395)	(63.0, 0.019621754783097904)	(64.0, 0.004307214464582465)	(65.0, 0.0019143175398144284)	(66.0, 0.0)	(67.0, 0.0)	(68.0, 0.0)	(69.0, 0.0)	(70.0, 0.0)	(71.0, 0.0)	(72.0, 0.0)	(73.0, 0.0)	(74.0, 0.0)	(75.0, 0.0)	(76.0, 0.0)	(77.0, 0.0)	(78.0, 0.0)	(79.0, 0.0)	(80.0, 0.0)	(81.0, 0.0)	(82.0, 0.0)	(83.0, 0.0)	(84.0, 0.0)	(85.0, 0.0)	(86.0, 0.0)	(87.0, 0.0)	(88.0, 0.0)	(89.0, 0.0)	(90.0, 0.0)	(91.0, 0.0)	(92.0, 0.0)	(93.0, 0.0)	(94.0, 0.0)	(95.0, 0.0)	(96.0, 0.0)	(97.0, 0.0)	(98.0, 0.0)	(99.0, 0.0)	(100.0, 0.0)
184R_0_M_NS6_week9_S88_L001_R2_001	(0.0, 0.0)	(1.0, 0.0)	(2.0, 0.0)	(3.0, 0.0)	(4.0, 0.0)	(5.0, 0.0)	(6.0, 0.0)	(7.0, 0.0)	(8.0, 0.0)	(9.0, 0.0)	(10.0, 0.0)	(11.0, 0.0)	(12.0, 0.0)	(13.0, 0.0)	(14.0, 0.0)	(15.0, 0.0)	(16.0, 0.0)	(17.0, 0.0)	(18.0, 0.0)	(19.0, 0.0)	(20.0, 0.0)	(21.0, 0.0)	(22.0, 0.0)	(23.0, 0.0)	(24.0, 0.0)	(25.0, 0.0)	(26.0, 0.0)	(27.0, 0.0)	(28.0, 0.0)	(29.0, 0.0)	(30.0, 0.000649221367173543)	(31.0, 0.000649221367173543)	(32.0, 0.001298442734347086)	(33.0, 0.00432814244782362)	(34.0, 0.0036789210806500773)	(35.0, 0.0038953282030412587)	(36.0, 0.007141435038908974)	(37.0, 0.011144966803145825)	(38.0, 0.017096162668903306)	(39.0, 0.02261454428987842)	(40.0, 0.03127082918552566)	(41.0, 0.04566190282453919)	(42.0, 0.06275806549344254)	(43.0, 0.09110739852668727)	(44.0, 0.18708395730717584)	(45.0, 2.8812444275160516)	(46.0, 21.280286176790867)	(47.0, 16.300109069193642)	(48.0, 11.462003237446652)	(49.0, 9.324009071782664)	(50.0, 1.0571487928809433)	(51.0, 7.2830735005132095)	(52.0, 7.9516633051401815)	(53.0, 4.1414913047616135)	(54.0, 7.67963955229474)	(55.0, 1.4905040554692783)	(56.0, 4.09150125948923)	(57.0, 3.7190646018538644)	(58.0, 0.2821948875981012)	(59.0, 0.11502038555091262)	(60.0, 0.08656284895647244)	(61.0, 0.0746604572249575)	(62.0, 0.04717675268127746)	(63.0, 0.03072981137954771)	(64.0, 0.026834483176506444)	(65.0, 0.01904382677042394)	(66.0, 0.012984427343470863)	(67.0, 0.018827419648032754)	(68.0, 0.017096162668903306)	(69.0, 0.009305506262820784)	(70.0, 0.01082035611955905)	(71.0, 0.016230534179338584)	(72.0, 0.06124321563670431)	(73.0, 0.016230534179338584)	(74.0, 0.0008656284895647241)	(75.0, 0.0)	(76.0, 0.0003246106835867715)	(77.0, 0.0)	(78.0, 0.0)	(79.0, 0.0)	(80.0, 0.0)	(81.0, 0.0)	(82.0, 0.00043281424478236203)	(83.0, 0.0)	(84.0, 0.0)	(85.0, 0.0)	(86.0, 0.0)	(87.0, 0.0)	(88.0, 0.0)	(89.0, 0.0)	(90.0, 0.0)	(91.0, 0.00043281424478236203)	(92.0, 0.00043281424478236203)	(93.0, 0.0)	(94.0, 0.0)	(95.0, 0.0)	(96.0, 0.00043281424478236203)	(97.0, 0.0)	(98.0, 0.0)	(99.0, 0.0)	(100.0, 0.0)
2402R_0_F_S5_week9_S70_L001_R1_001	(0.0, 0.0)	(1.0, 0.0)	(2.0, 0.0)	(3.0, 0.0)	(4.0, 0.0)	(5.0, 0.0)	(6.0, 0.0)	(7.0, 0.0)	(8.0, 0.0)	(9.0, 0.0)	(10.0, 0.0)	(11.0, 0.0)	(12.0, 0.0)	(13.0, 0.0)	(14.0, 0.0)	(15.0, 0.0)	(16.0, 0.0)	(17.0, 0.0)	(18.0, 0.0)	(19.0, 0.0)	(20.0, 0.0)	(21.0, 0.0)	(22.0, 0.0)	(23.0, 0.0)	(24.0, 0.0)	(25.0, 0.0)	(26.0, 0.0)	(27.0, 0.0)	(28.0, 0.0)	(29.0, 0.0)	(30.0, 0.0)	(31.0, 0.0)	(32.0, 0.0)	(33.0, 0.0)	(34.0, 0.0)	(35.0, 0.0004918083177080823)	(36.0, 0.0004918083177080823)	(37.0, 0.0)	(38.0, 0.0)	(39.0, 0.0004918083177080823)	(40.0, 0.0012295207942702058)	(41.0, 0.005901699812496988)	(42.0, 0.009836166354161647)	(43.0, 0.029508499062484945)	(44.0, 0.08409922232808212)	(45.0, 0.16414102603507216)	(46.0, 1.3036608981647406)	(47.0, 14.430885562349264)	(48.0, 6.416008360740963)	(49.0, 5.207266467893875)	(50.0, 5.670795807333937)	(51.0, 23.496142378519785)	(52.0, 28.39406141456061)	(53.0, 9.798297113695867)	(54.0, 4.02778716994994)	(55.0, 0.5467678972119567)	(56.0, 0.17963298804287664)	(57.0, 0.053361202471326925)	(58.0, 0.05286939415361882)	(59.0, 0.05077920880335947)	(60.0, 0.008852549718745481)	(61.0, 0.008852549718745481)	(62.0, 0.042787323640603114)	(63.0, 0.009344358036453563)	(64.0, 0.0015983770325512677)	(65.0, 0.0011065687148431851)	(66.0, 0.0007377124765621235)	(67.0, 0.001475424953124247)	(68.0, 0.0007377124765621235)	(69.0, 0.0)	(70.0, 0.0)	(71.0, 0.0)	(72.0, 0.0)	(73.0, 0.0)	(74.0, 0.0)	(75.0, 0.0)	(76.0, 0.0)	(77.0, 0.0)	(78.0, 0.0)	(79.0, 0.0)	(80.0, 0.0)	(81.0, 0.0)	(82.0, 0.0)	(83.0, 0.0)	(84.0, 0.0)	(85.0, 0.0)	(86.0, 0.0)	(87.0, 0.0)	(88.0, 0.0)	(89.0, 0.0)	(90.0, 0.0)	(91.0, 0.0)	(92.0, 0.0)	(93.0, 0.0)	(94.0, 0.0)	(95.0, 0.0)	(96.0, 0.0)	(97.0, 0.0)	(98.0, 0.0)	(99.0, 0.0)	(100.0, 0.0)
2402R_0_F_S5_week9_S70_L001_R2_001	(0.0, 0.0)	(1.0, 0.0)	(2.0, 0.0)	(3.0, 0.0)	(4.0, 0.0)	(5.0, 0.0)	(6.0, 0.0)	(7.0, 0.0)	(8.0, 0.0)	(9.0, 0.0)	(10.0, 0.0)	(11.0, 0.0)	(12.0, 0.0)	(13.0, 0.0)	(14.0, 0.0)	(15.0, 0.0)	(16.0, 0.0)	(17.0, 0.0)	(18.0, 0.0)	(19.0, 0.0)	(20.0, 0.0)	(21.0, 0.0)	(22.0, 0.0)	(23.0, 0.0)	(24.0, 0.0)	(25.0, 0.0)	(26.0, 0.0)	(27.0, 0.0)	(28.0, 0.0)	(29.0, 0.0)	(30.0, 0.0)	(31.0, 0.0)	(32.0, 0.0007581261648291003)	(33.0, 0.0007581261648291003)	(34.0, 0.0)	(35.0, 0.0007581261648291003)	(36.0, 0.002274378494487301)	(37.0, 0.0015162523296582005)	(38.0, 0.0037906308241455015)	(39.0, 0.010613766307607405)	(40.0, 0.01693148434784991)	(41.0, 0.022238367501653613)	(42.0, 0.0361373471901871)	(43.0, 0.049530909435501196)	(44.0, 0.09779827526295408)	(45.0, 1.1498246833241577)	(46.0, 14.026092175501592)	(47.0, 1.7908203556871543)	(48.0, 1.389897968853393)	(49.0, 0.7782165081970602)	(50.0, 0.532962693874855)	(51.0, 1.939413083993623)	(52.0, 2.7560413178752077)	(53.0, 11.357867138383748)	(54.0, 10.34981204788359)	(55.0, 3.4278674542746788)	(56.0, 24.455002053269276)	(57.0, 22.628044350388826)	(58.0, 1.5752598161541083)	(59.0, 0.46523675648345786)	(60.0, 0.3378715607921697)	(61.0, 0.27494708911135385)	(62.0, 0.14631834981201633)	(63.0, 0.09565025112927152)	(64.0, 0.08288846068798167)	(65.0, 0.04485579808572175)	(66.0, 0.028429731181091263)	(67.0, 0.022238367501653613)	(68.0, 0.016931484347849905)	(69.0, 0.008592096534729803)	(70.0, 0.006570426761852202)	(71.0, 0.013646270966923803)	(72.0, 0.035631929746967696)	(73.0, 0.008592096534729803)	(74.0, 0.0007581261648291003)	(75.0, 0.0015162523296582005)	(76.0, 0.0017689610512679006)	(77.0, 0.0010108348864388004)	(78.0, 0.0)	(79.0, 0.0)	(80.0, 0.0007581261648291003)	(81.0, 0.0015162523296582005)	(82.0, 0.0017689610512679006)	(83.0, 0.0005054174432194002)	(84.0, 0.0)	(85.0, 0.0)	(86.0, 0.0)	(87.0, 0.0)	(88.0, 0.0)	(89.0, 0.0)	(90.0, 0.0)	(91.0, 0.0)	(92.0, 0.0)	(93.0, 0.0)	(94.0, 0.0)	(95.0, 0.0)	(96.0, 0.0)	(97.0, 0.0)	(98.0, 0.0)	(99.0, 0.0005054174432194002)	(100.0, 0.0012635436080485004)
2403R_0_F_NS6_week9_S80_L001_R1_001	(0.0, 0.0)	(1.0, 0.0)	(2.0, 0.0)	(3.0, 0.0)	(4.0, 0.0)	(5.0, 0.0)	(6.0, 0.0)	(7.0, 0.0)	(8.0, 0.0)	(9.0, 0.0)	(10.0, 0.0)	(11.0, 0.0)	(12.0, 0.0)	(13.0, 0.0)	(14.0, 0.0)	(15.0, 0.0)	(16.0, 0.0)	(17.0, 0.0)	(18.0, 0.0)	(19.0, 0.0)	(20.0, 0.0)	(21.0, 0.0)	(22.0, 0.0)	(23.0, 0.0)	(24.0, 0.0)	(25.0, 0.0)	(26.0, 0.0)	(27.0, 0.0)	(28.0, 0.0)	(29.0, 0.0)	(30.0, 0.0)	(31.0, 0.0)	(32.0, 0.0)	(33.0, 0.0)	(34.0, 0.0)	(35.0, 0.0)	(36.0, 0.0005026931787049117)	(37.0, 0.0005026931787049117)	(38.0, 0.001256732946762279)	(39.0, 0.0020107727148196467)	(40.0, 0.00301615907222947)	(41.0, 0.01558348853985226)	(42.0, 0.05856375531912222)	(43.0, 0.11549375780745344)	(44.0, 0.22219038498757082)	(45.0, 1.0213468658337126)	(46.0, 8.40729206724941)	(47.0, 12.07657525190794)	(48.0, 27.20135626620499)	(49.0, 4.401958492624539)	(50.0, 1.5736809959357816)	(51.0, 9.27330674086252)	(52.0, 15.207725388771049)	(53.0, 8.219033471824577)	(54.0, 10.212337598682428)	(55.0, 1.559982606816082)	(56.0, 0.17795338526153795)	(57.0, 0.04624777244085183)	(58.0, 0.03217236343711434)	(59.0, 0.03141832366905697)	(60.0, 0.00779174426992613)	(61.0, 0.00829443744863104)	(62.0, 0.0929982380604089)	(63.0, 0.01834830102272928)	(64.0, 0.006912031207192535)	(65.0, 0.003267505661581926)	(66.0, 0.0005026931787049117)	(67.0, 0.00037701988402868373)	(68.0, 0.0)	(69.0, 0.0)	(70.0, 0.0)	(71.0, 0.0)	(72.0, 0.0)	(73.0, 0.0)	(74.0, 0.0)	(75.0, 0.0)	(76.0, 0.0)	(77.0, 0.0)	(78.0, 0.0)	(79.0, 0.0)	(80.0, 0.0)	(81.0, 0.0)	(82.0, 0.0)	(83.0, 0.0)	(84.0, 0.0)	(85.0, 0.0)	(86.0, 0.0)	(87.0, 0.0)	(88.0, 0.0)	(89.0, 0.0)	(90.0, 0.0)	(91.0, 0.0)	(92.0, 0.0)	(93.0, 0.0)	(94.0, 0.0)	(95.0, 0.0)	(96.0, 0.0)	(97.0, 0.0)	(98.0, 0.0)	(99.0, 0.0)	(100.0, 0.0)
2403R_0_F_NS6_week9_S80_L001_R2_001	(0.0, 0.0)	(1.0, 0.0)	(2.0, 0.0)	(3.0, 0.0)	(4.0, 0.0)	(5.0, 0.0)	(6.0, 0.0)	(7.0, 0.0)	(8.0, 0.0)	(9.0, 0.0)	(10.0, 0.0)	(11.0, 0.0004217865401587961)	(12.0, 0.0)	(13.0, 0.0)	(14.0, 0.0)	(15.0, 0.0)	(16.0, 0.0)	(17.0, 0.0)	(18.0, 0.0010544663503969903)	(19.0, 0.0010544663503969903)	(20.0, 0.0)	(21.0, 0.0)	(22.0, 0.0)	(23.0, 0.0)	(24.0, 0.0)	(25.0, 0.0)	(26.0, 0.0)	(27.0, 0.0)	(28.0, 0.0)	(29.0, 0.0)	(30.0, 0.0012653596204763883)	(31.0, 0.0035851855913497667)	(32.0, 0.002319825970873379)	(33.0, 0.0006326798102381942)	(34.0, 0.004428758671667359)	(35.0, 0.009490197153572912)	(36.0, 0.011177343314208098)	(37.0, 0.010544663503969902)	(38.0, 0.013708062555160874)	(39.0, 0.022143793358336796)	(40.0, 0.0322666703221479)	(41.0, 0.043127673731236896)	(42.0, 0.052723317519849516)	(43.0, 0.08108846234552859)	(44.0, 0.19349457529784764)	(45.0, 1.6334738233999606)	(46.0, 11.674207858513824)	(47.0, 17.584491752499392)	(48.0, 15.675274978467213)	(49.0, 6.259206809321456)	(50.0, 1.1243774694283404)	(51.0, 9.21118535725524)	(52.0, 9.979047753613658)	(53.0, 4.202575639507648)	(54.0, 4.592095509344428)	(55.0, 1.2864489474843623)	(56.0, 7.635390843223461)	(57.0, 7.295114551950623)	(58.0, 0.5816436388789736)	(59.0, 0.21416211576562894)	(60.0, 0.13560437266105285)	(61.0, 0.10027974992275375)	(62.0, 0.06927843922108229)	(63.0, 0.04449847998675299)	(64.0, 0.03648453572373585)	(65.0, 0.022460133263455896)	(66.0, 0.01275904283980358)	(67.0, 0.015078868810676962)	(68.0, 0.01729324814651064)	(69.0, 0.009490197153572912)	(70.0, 0.0052723317519849525)	(71.0, 0.01623878179611366)	(72.0, 0.062002621403343124)	(73.0, 0.016449675066193055)	(74.0, 0.0008435730803175922)	(75.0, 0.0)	(76.0, 0.0)	(77.0, 0.0)	(78.0, 0.0)	(79.0, 0.0)	(80.0, 0.0)	(81.0, 0.0)	(82.0, 0.0)	(83.0, 0.0)	(84.0, 0.0)	(85.0, 0.0)	(86.0, 0.0)	(87.0, 0.0)	(88.0, 0.0)	(89.0, 0.0004217865401587961)	(90.0, 0.0003163399051190971)	(91.0, 0.0003163399051190971)	(92.0, 0.0)	(93.0, 0.0)	(94.0, 0.0)	(95.0, 0.0)	(96.0, 0.0)	(97.0, 0.0)	(98.0, 0.0006326798102381942)	(99.0, 0.0006326798102381942)	(100.0, 0.0004217865401587961)
2404R_R_F_S2_week5_S35_L001_R1_001	(0.0, 0.0)	(1.0, 0.0)	(2.0, 0.0)	(3.0, 0.0)	(4.0, 0.0)	(5.0, 0.0)	(6.0, 0.0)	(7.0, 0.0)	(8.0, 0.0)	(9.0, 0.0)	(10.0, 0.0)	(11.0, 0.0)	(12.0, 0.0)	(13.0, 0.0)	(14.0, 0.0)	(15.0, 0.0)	(16.0, 0.0)	(17.0, 0.0)	(18.0, 0.0)	(19.0, 0.0)	(20.0, 0.0)	(21.0, 0.0)	(22.0, 0.0)	(23.0, 0.0)	(24.0, 0.0)	(25.0, 0.0)	(26.0, 0.0)	(27.0, 0.0)	(28.0, 0.0)	(29.0, 0.0)	(30.0, 0.0)	(31.0, 0.0)	(32.0, 0.0)	(33.0, 0.0)	(34.0, 0.0)	(35.0, 0.0)	(36.0, 0.0005743718167235081)	(37.0, 0.0005743718167235081)	(38.0, 0.0)	(39.0, 0.0)	(40.0, 0.0021538943127131557)	(41.0, 0.00387700976288368)	(42.0, 0.008328391342490868)	(43.0, 0.027857033111090147)	(44.0, 0.08859685272960116)	(45.0, 0.14258780350161088)	(46.0, 0.4712720756216409)	(47.0, 26.51142353747849)	(48.0, 28.6015625785371)	(49.0, 5.201654765202704)	(50.0, 5.540821322978088)	(51.0, 8.407654653198763)	(52.0, 13.355006296542236)	(53.0, 8.660521845511065)	(54.0, 2.3740223114723826)	(55.0, 0.35208992365151265)	(56.0, 0.07222725595298116)	(57.0, 0.0225440938063977)	(58.0, 0.07122210527371502)	(59.0, 0.06835024619009746)	(60.0, 0.0037334168087028025)	(61.0, 0.0015795224959896472)	(62.0, 0.008041205434129112)	(63.0, 0.0017231154501705244)	(64.0, 0.0)	(65.0, 0.0)	(66.0, 0.0)	(67.0, 0.0)	(68.0, 0.0)	(69.0, 0.0)	(70.0, 0.0)	(71.0, 0.0)	(72.0, 0.0)	(73.0, 0.0)	(74.0, 0.0)	(75.0, 0.0)	(76.0, 0.0)	(77.0, 0.0)	(78.0, 0.0)	(79.0, 0.0)	(80.0, 0.0)	(81.0, 0.0)	(82.0, 0.0)	(83.0, 0.0)	(84.0, 0.0)	(85.0, 0.0)	(86.0, 0.0)	(87.0, 0.0)	(88.0, 0.0)	(89.0, 0.0)	(90.0, 0.0)	(91.0, 0.0)	(92.0, 0.0)	(93.0, 0.0)	(94.0, 0.0)	(95.0, 0.0)	(96.0, 0.0)	(97.0, 0.0)	(98.0, 0.0)	(99.0, 0.0)	(100.0, 0.0)
2404R_R_F_S2_week5_S35_L001_R2_001	(0.0, 0.0)	(1.0, 0.0)	(2.0, 0.0)	(3.0, 0.0)	(4.0, 0.0)	(5.0, 0.0)	(6.0, 0.0)	(7.0, 0.0)	(8.0, 0.0)	(9.0, 0.0)	(10.0, 0.0)	(11.0, 0.0)	(12.0, 0.0)	(13.0, 0.0)	(14.0, 0.0)	(15.0, 0.0)	(16.0, 0.0)	(17.0, 0.0)	(18.0, 0.0)	(19.0, 0.0)	(20.0, 0.0)	(21.0, 0.0)	(22.0, 0.0)	(23.0, 0.0)	(24.0, 0.0)	(25.0, 0.0)	(26.0, 0.0)	(27.0, 0.0008841654804111222)	(28.0, 0.0008841654804111222)	(29.0, 0.0)	(30.0, 0.0)	(31.0, 0.0)	(32.0, 0.0017683309608222445)	(33.0, 0.005304992882466733)	(34.0, 0.010609985764933466)	(35.0, 0.011494151245344588)	(36.0, 0.010609985764933466)	(37.0, 0.012378316725755713)	(38.0, 0.010609985764933466)	(39.0, 0.011494151245344588)	(40.0, 0.020630527876259516)	(41.0, 0.03153523546799669)	(42.0, 0.04435563493395796)	(43.0, 0.0598285308411526)	(44.0, 0.12289900177714609)	(45.0, 1.72368060406155)	(46.0, 26.415622614605823)	(47.0, 20.636717034628276)	(48.0, 1.532111416639115)	(49.0, 0.7309101304731878)	(50.0, 0.5881174053867965)	(51.0, 4.41552240917318)	(52.0, 5.123002154415783)	(53.0, 10.785934695533426)	(54.0, 9.067264362529132)	(55.0, 1.3115121292765148)	(56.0, 8.607350951802335)	(57.0, 7.423748095359661)	(58.0, 0.5229838816631799)	(59.0, 0.16695991488430015)	(60.0, 0.1567920118595722)	(61.0, 0.15133965806370364)	(62.0, 0.08193266785143066)	(63.0, 0.06071269632156372)	(64.0, 0.07161740391330092)	(65.0, 0.029177460853567042)	(66.0, 0.010462624851531611)	(67.0, 0.006189158362877856)	(68.0, 0.003536661921644489)	(69.0, 0.0)	(70.0, 0.0008841654804111222)	(71.0, 0.0014736091340185368)	(72.0, 0.008546932977307515)	(73.0, 0.0044208274020556115)	(74.0, 0.0)	(75.0, 0.0)	(76.0, 0.0)	(77.0, 0.0)	(78.0, 0.0)	(79.0, 0.0)	(80.0, 0.0)	(81.0, 0.0)	(82.0, 0.0)	(83.0, 0.0)	(84.0, 0.0)	(85.0, 0.0)	(86.0, 0.0)	(87.0, 0.0011788873072148295)	(88.0, 0.0011788873072148295)	(89.0, 0.0)	(90.0, 0.0)	(91.0, 0.0)	(92.0, 0.0)	(93.0, 0.0008841654804111222)	(94.0, 0.0008841654804111222)	(95.0, 0.0)	(96.0, 0.0)	(97.0, 0.0)	(98.0, 0.0)	(99.0, 0.0011788873072148295)	(100.0, 0.0008841654804111222)
2404R_R_F_S2_week6_S36_L001_R1_001	(0.0, 0.0)	(1.0, 0.0)	(2.0, 0.0)	(3.0, 0.0)	(4.0, 0.0)	(5.0, 0.0)	(6.0, 0.0)	(7.0, 0.0)	(8.0, 0.0)	(9.0, 0.0)	(10.0, 0.0)	(11.0, 0.0)	(12.0, 0.0)	(13.0, 0.0)	(14.0, 0.0)	(15.0, 0.0)	(16.0, 0.0)	(17.0, 0.0)	(18.0, 0.0)	(19.0, 0.0)	(20.0, 0.0)	(21.0, 0.0)	(22.0, 0.0)	(23.0, 0.0)	(24.0, 0.0)	(25.0, 0.0)	(26.0, 0.0)	(27.0, 0.0)	(28.0, 0.0)	(29.0, 0.0)	(30.0, 0.0)	(31.0, 0.0)	(32.0, 0.0)	(33.0, 0.0)	(34.0, 0.0)	(35.0, 0.0)	(36.0, 0.0)	(37.0, 0.0004977780432591883)	(38.0, 0.00037333353244439126)	(39.0, 0.001493334129777565)	(40.0, 0.0027377792379255357)	(41.0, 0.004728891410962289)	(42.0, 0.013688896189627679)	(43.0, 0.03521779656058757)	(44.0, 0.08599115697302478)	(45.0, 0.10839116891968827)	(46.0, 0.32753795246454803)	(47.0, 21.032615661842005)	(48.0, 23.255319069509117)	(49.0, 4.8085358978842665)	(50.0, 4.807167008265302)	(51.0, 16.67170666935113)	(52.0, 20.266908586797076)	(53.0, 5.984163191552173)	(54.0, 1.9509165960435486)	(55.0, 0.3664890843495808)	(56.0, 0.07441781746724871)	(57.0, 0.018915565643849157)	(58.0, 0.07466670648887835)	(59.0, 0.07939559789984069)	(60.0, 0.0084622267354062)	(61.0, 0.001742223151407159)	(62.0, 0.01543111934103484)	(63.0, 0.0024888902162959413)	(64.0, 0.0)	(65.0, 0.0)	(66.0, 0.0)	(67.0, 0.0)	(68.0, 0.0)	(69.0, 0.0)	(70.0, 0.0)	(71.0, 0.0)	(72.0, 0.0)	(73.0, 0.0)	(74.0, 0.0)	(75.0, 0.0)	(76.0, 0.0)	(77.0, 0.0)	(78.0, 0.0)	(79.0, 0.0)	(80.0, 0.0)	(81.0, 0.0)	(82.0, 0.0)	(83.0, 0.0)	(84.0, 0.0)	(85.0, 0.0)	(86.0, 0.0)	(87.0, 0.0)	(88.0, 0.0)	(89.0, 0.0)	(90.0, 0.0)	(91.0, 0.0)	(92.0, 0.0)	(93.0, 0.0)	(94.0, 0.0)	(95.0, 0.0)	(96.0, 0.0)	(97.0, 0.0)	(98.0, 0.0)	(99.0, 0.0)	(100.0, 0.0)
2404R_R_F_S2_week6_S36_L001_R2_001	(0.0, 0.0)	(1.0, 0.0)	(2.0, 0.0)	(3.0, 0.0)	(4.0, 0.0)	(5.0, 0.0)	(6.0, 0.0)	(7.0, 0.0)	(8.0, 0.0)	(9.0, 0.0)	(10.0, 0.0)	(11.0, 0.0)	(12.0, 0.0)	(13.0, 0.0)	(14.0, 0.0)	(15.0, 0.0)	(16.0, 0.0)	(17.0, 0.0)	(18.0, 0.0)	(19.0, 0.0)	(20.0, 0.0)	(21.0, 0.0)	(22.0, 0.0)	(23.0, 0.0)	(24.0, 0.0)	(25.0, 0.0)	(26.0, 0.0)	(27.0, 0.0)	(28.0, 0.0)	(29.0, 0.0007475107890721998)	(30.0, 0.0014950215781443996)	(31.0, 0.0014950215781443996)	(32.0, 0.0014950215781443996)	(33.0, 0.003737553945360999)	(34.0, 0.004485064734433199)	(35.0, 0.003737553945360999)	(36.0, 0.0052325755235053985)	(37.0, 0.00722593762769793)	(38.0, 0.00797344841677013)	(39.0, 0.012707683414227396)	(40.0, 0.021428642620069726)	(41.0, 0.027159558669623256)	(42.0, 0.03812305024268218)	(43.0, 0.0642859278602092)	(44.0, 0.10427775507557198)	(45.0, 0.543689513918509)	(46.0, 20.128472187619995)	(47.0, 19.312813331609206)	(48.0, 1.71603560144677)	(49.0, 0.7296951152659684)	(50.0, 0.513539912092599)	(51.0, 3.1866384938145766)	(52.0, 3.55391546151221)	(53.0, 7.435365233769583)	(54.0, 6.066174638453414)	(55.0, 1.365079285977382)	(56.0, 16.830330001095753)	(57.0, 16.31442297150352)	(58.0, 0.9223037285835827)	(59.0, 0.26299921262190246)	(60.0, 0.23459380263715882)	(61.0, 0.21889607606664238)	(62.0, 0.10016644573567479)	(63.0, 0.07425273838117186)	(64.0, 0.07686902614292462)	(65.0, 0.03563134761244151)	(66.0, 0.01544855630749213)	(67.0, 0.010838906441546897)	(68.0, 0.007101352496185898)	(69.0, 0.005980086312577598)	(70.0, 0.0052325755235053985)	(71.0, 0.003239213419312865)	(72.0, 0.01470104551841993)	(73.0, 0.006976767364673864)	(74.0, 0.0004983405260481331)	(75.0, 0.0)	(76.0, 0.0)	(77.0, 0.0)	(78.0, 0.0004983405260481331)	(79.0, 0.0014950215781443996)	(80.0, 0.0)	(81.0, 0.0)	(82.0, 0.0)	(83.0, 0.0)	(84.0, 0.0)	(85.0, 0.0)	(86.0, 0.0)	(87.0, 0.0)	(88.0, 0.0)	(89.0, 0.0)	(90.0, 0.0004983405260481331)	(91.0, 0.0)	(92.0, 0.0)	(93.0, 0.0)	(94.0, 0.0)	(95.0, 0.0)	(96.0, 0.0)	(97.0, 0.0)	(98.0, 0.0)	(99.0, 0.0)	(100.0, 0.0)
2404R_R_F_S2_week7_S37_L001_R1_001	(0.0, 0.0)	(1.0, 0.0)	(2.0, 0.0)	(3.0, 0.0)	(4.0, 0.0)	(5.0, 0.0)	(6.0, 0.0)	(7.0, 0.0)	(8.0, 0.0)	(9.0, 0.0)	(10.0, 0.0)	(11.0, 0.0)	(12.0, 0.0)	(13.0, 0.0)	(14.0, 0.0)	(15.0, 0.0)	(16.0, 0.0)	(17.0, 0.0)	(18.0, 0.0)	(19.0, 0.0)	(20.0, 0.0)	(21.0, 0.0)	(22.0, 0.0)	(23.0, 0.0)	(24.0, 0.0)	(25.0, 0.0)	(26.0, 0.0007027439809974266)	(27.0, 0.0007027439809974266)	(28.0, 0.0)	(29.0, 0.0)	(30.0, 0.0)	(31.0, 0.0)	(32.0, 0.0)	(33.0, 0.0)	(34.0, 0.00046849598733161765)	(35.0, 0.00046849598733161765)	(36.0, 0.00046849598733161765)	(37.0, 0.00046849598733161765)	(38.0, 0.0007027439809974266)	(39.0, 0.002810975923989706)	(40.0, 0.004216463885984559)	(41.0, 0.005504827851146509)	(42.0, 0.016163111562940813)	(43.0, 0.04403862280917206)	(44.0, 0.09908690132063716)	(45.0, 0.16455921555023043)	(46.0, 0.5052729223371463)	(47.0, 20.32230181448585)	(48.0, 21.002557988092594)	(49.0, 3.8031333011613953)	(50.0, 3.891444794773444)	(51.0, 21.189253639044534)	(52.0, 23.46567564149054)	(53.0, 3.7521843625390434)	(54.0, 1.1144348298651117)	(55.0, 0.3496151305462229)	(56.0, 0.08959985757717208)	(57.0, 0.026938519271568012)	(58.0, 0.051066062619146306)	(59.0, 0.04778659070782496)	(60.0, 0.010775407708627206)	(61.0, 0.005153455860647796)	(62.0, 0.02658714728106931)	(63.0, 0.003747967898652941)	(64.0, 0.001405487961994853)	(65.0, 0.0007027439809974266)	(66.0, 0.0)	(67.0, 0.0)	(68.0, 0.0)	(69.0, 0.0)	(70.0, 0.0)	(71.0, 0.0)	(72.0, 0.0)	(73.0, 0.0)	(74.0, 0.0)	(75.0, 0.0)	(76.0, 0.0)	(77.0, 0.0)	(78.0, 0.0)	(79.0, 0.0)	(80.0, 0.0)	(81.0, 0.0)	(82.0, 0.0)	(83.0, 0.0)	(84.0, 0.0)	(85.0, 0.0)	(86.0, 0.0)	(87.0, 0.0)	(88.0, 0.0)	(89.0, 0.0)	(90.0, 0.0)	(91.0, 0.0)	(92.0, 0.0)	(93.0, 0.0)	(94.0, 0.0)	(95.0, 0.0)	(96.0, 0.0)	(97.0, 0.0)	(98.0, 0.0)	(99.0, 0.0)	(100.0, 0.0)
2404R_R_F_S2_week7_S37_L001_R2_001	(0.0, 0.0)	(1.0, 0.0)	(2.0, 0.0)	(3.0, 0.0)	(4.0, 0.0)	(5.0, 0.0)	(6.0, 0.0)	(7.0, 0.0)	(8.0, 0.0)	(9.0, 0.0)	(10.0, 0.0)	(11.0, 0.0)	(12.0, 0.0)	(13.0, 0.0)	(14.0, 0.0)	(15.0, 0.0)	(16.0, 0.0)	(17.0, 0.0)	(18.0, 0.0)	(19.0, 0.0)	(20.0, 0.0)	(21.0, 0.0)	(22.0, 0.0)	(23.0, 0.0007273626557462817)	(24.0, 0.0007273626557462817)	(25.0, 0.0)	(26.0, 0.0)	(27.0, 0.0)	(28.0, 0.0)	(29.0, 0.0)	(30.0, 0.0)	(31.0, 0.0)	(32.0, 0.0014547253114925633)	(33.0, 0.0014547253114925633)	(34.0, 0.0007273626557462817)	(35.0, 0.0036368132787314086)	(36.0, 0.007273626557462817)	(37.0, 0.009213260306119568)	(38.0, 0.008000989213209098)	(39.0, 0.0160019784264182)	(40.0, 0.021578425453806355)	(41.0, 0.025700147169701953)	(42.0, 0.038792674973135016)	(43.0, 0.06376545948709073)	(44.0, 0.13334982022015146)	(45.0, 1.9900642261217825)	(46.0, 20.57078572139052)	(47.0, 12.903534740045824)	(48.0, 1.6249281729372238)	(49.0, 0.7687011000145192)	(50.0, 0.4642998285847094)	(51.0, 1.8699281608143814)	(52.0, 2.150205237495224)	(53.0, 5.862664232425307)	(54.0, 4.917456461282584)	(55.0, 1.4155689551915913)	(56.0, 21.090122657593486)	(57.0, 21.448954901095675)	(58.0, 1.3261033485347948)	(59.0, 0.3762889472394111)	(60.0, 0.2956729195608643)	(61.0, 0.24718207584444496)	(62.0, 0.10740721883186757)	(63.0, 0.06982681495164304)	(64.0, 0.06461404925212805)	(65.0, 0.02751855380906766)	(66.0, 0.011152894054776319)	(67.0, 0.008000989213209098)	(68.0, 0.010061850071156895)	(69.0, 0.006303809683134442)	(70.0, 0.002424542185820939)	(71.0, 0.006788718120298629)	(72.0, 0.021820879672388462)	(73.0, 0.005091538590223973)	(74.0, 0.0012122710929104695)	(75.0, 0.00048490843716418776)	(76.0, 0.0)	(77.0, 0.0)	(78.0, 0.0007273626557462817)	(79.0, 0.0007273626557462817)	(80.0, 0.0)	(81.0, 0.0)	(82.0, 0.0)	(83.0, 0.0)	(84.0, 0.0)	(85.0, 0.0)	(86.0, 0.0)	(87.0, 0.0)	(88.0, 0.0)	(89.0, 0.00048490843716418776)	(90.0, 0.00048490843716418776)	(91.0, 0.0)	(92.0, 0.0)	(93.0, 0.0)	(94.0, 0.0)	(95.0, 0.0)	(96.0, 0.0)	(97.0, 0.0)	(98.0, 0.0)	(99.0, 0.0)	(100.0, 0.0)
2404R_R_F_S2_week9_S38_L001_R1_001	(0.0, 0.0)	(1.0, 0.0)	(2.0, 0.0)	(3.0, 0.0)	(4.0, 0.0)	(5.0, 0.0)	(6.0, 0.0)	(7.0, 0.0)	(8.0, 0.0)	(9.0, 0.0)	(10.0, 0.0)	(11.0, 0.0)	(12.0, 0.0)	(13.0, 0.0)	(14.0, 0.0)	(15.0, 0.0)	(16.0, 0.0)	(17.0, 0.0)	(18.0, 0.0)	(19.0, 0.0)	(20.0, 0.0)	(21.0, 0.0)	(22.0, 0.0)	(23.0, 0.0)	(24.0, 0.0)	(25.0, 0.0)	(26.0, 0.0)	(27.0, 0.0)	(28.0, 0.0)	(29.0, 0.0)	(30.0, 0.0)	(31.0, 0.0)	(32.0, 0.0)	(33.0, 0.0)	(34.0, 0.0)	(35.0, 0.0)	(36.0, 0.0)	(37.0, 0.0)	(38.0, 0.0)	(39.0, 0.0014675129324572829)	(40.0, 0.0061635543163205886)	(41.0, 0.008511575008252241)	(42.0, 0.0243607146787909)	(43.0, 0.0663315845470692)	(44.0, 0.15364860402827746)	(45.0, 0.23480206919316507)	(46.0, 0.6900245808414075)	(47.0, 25.680155556378402)	(48.0, 26.854899658812563)	(49.0, 5.779799684483653)	(50.0, 5.7699673478361895)	(51.0, 10.371500898847062)	(52.0, 15.15427229701625)	(53.0, 7.143265950030327)	(54.0, 1.452691051839504)	(55.0, 0.3237333529000778)	(56.0, 0.07352239791610991)	(57.0, 0.01805040906922458)	(58.0, 0.07763143412699032)	(59.0, 0.07543016472830438)	(60.0, 0.004989543970354763)	(61.0, 0.003375279744651751)	(62.0, 0.02318670433282508)	(63.0, 0.005283046556846219)	(64.0, 0.0008805077594743698)	(65.0, 0.0008805077594743698)	(66.0, 0.0)	(67.0, 0.0)	(68.0, 0.0)	(69.0, 0.0)	(70.0, 0.0005870051729829132)	(71.0, 0.0005870051729829132)	(72.0, 0.0)	(73.0, 0.0)	(74.0, 0.0)	(75.0, 0.0)	(76.0, 0.0)	(77.0, 0.0)	(78.0, 0.0)	(79.0, 0.0)	(80.0, 0.0)	(81.0, 0.0)	(82.0, 0.0)	(83.0, 0.0)	(84.0, 0.0)	(85.0, 0.0)	(86.0, 0.0)	(87.0, 0.0)	(88.0, 0.0)	(89.0, 0.0)	(90.0, 0.0)	(91.0, 0.0)	(92.0, 0.0)	(93.0, 0.0)	(94.0, 0.0)	(95.0, 0.0)	(96.0, 0.0)	(97.0, 0.0)	(98.0, 0.0)	(99.0, 0.0)	(100.0, 0.0)
2404R_R_F_S2_week9_S38_L001_R2_001	(0.0, 0.0)	(1.0, 0.0)	(2.0, 0.0)	(3.0, 0.0)	(4.0, 0.0)	(5.0, 0.0)	(6.0, 0.0)	(7.0, 0.0)	(8.0, 0.0)	(9.0, 0.0)	(10.0, 0.0)	(11.0, 0.0)	(12.0, 0.0)	(13.0, 0.0)	(14.0, 0.0)	(15.0, 0.0)	(16.0, 0.0)	(17.0, 0.0)	(18.0, 0.0)	(19.0, 0.0)	(20.0, 0.0)	(21.0, 0.0)	(22.0, 0.0)	(23.0, 0.0009527333124789251)	(24.0, 0.0009527333124789251)	(25.0, 0.0)	(26.0, 0.0)	(27.0, 0.0)	(28.0, 0.0009527333124789251)	(29.0, 0.0019054666249578502)	(30.0, 0.0009527333124789251)	(31.0, 0.0)	(32.0, 0.002858199937436775)	(33.0, 0.00571639987487355)	(34.0, 0.00571639987487355)	(35.0, 0.00571639987487355)	(36.0, 0.004763666562394625)	(37.0, 0.012385533062226025)	(38.0, 0.018737088478752193)	(39.0, 0.018737088478752193)	(40.0, 0.025723799436930983)	(41.0, 0.03525113256172023)	(42.0, 0.04731908785311994)	(43.0, 0.06700890964435104)	(44.0, 0.1770496072356667)	(45.0, 3.768536617510074)	(46.0, 27.62831332859244)	(47.0, 11.804206952726286)	(48.0, 1.8059059938038615)	(49.0, 0.935901690625118)	(50.0, 0.7442435059314473)	(51.0, 5.525376845721901)	(52.0, 6.305506639757062)	(53.0, 9.95034671552938)	(54.0, 7.916896248930256)	(55.0, 1.375746903219585)	(56.0, 10.28634399706333)	(57.0, 9.941772115717079)	(58.0, 0.6872382960681277)	(59.0, 0.21245952868280005)	(60.0, 0.1851478403917375)	(61.0, 0.1616470853505908)	(62.0, 0.09559090901871883)	(63.0, 0.0717725762067457)	(64.0, 0.07399562060252986)	(65.0, 0.03239293262428346)	(66.0, 0.012703110833052334)	(67.0, 0.002540622166610467)	(68.0, 0.0041285110207420084)	(69.0, 0.0038109332499157004)	(70.0, 0.001111522197892079)	(71.0, 0.006033977645699859)	(72.0, 0.02286559949949421)	(73.0, 0.002858199937436775)	(74.0, 0.0)	(75.0, 0.0)	(76.0, 0.0)	(77.0, 0.0)	(78.0, 0.0)	(79.0, 0.0009527333124789251)	(80.0, 0.0009527333124789251)	(81.0, 0.0)	(82.0, 0.0)	(83.0, 0.0)	(84.0, 0.0)	(85.0, 0.0)	(86.0, 0.0)	(87.0, 0.0)	(88.0, 0.0)	(89.0, 0.0)	(90.0, 0.0)	(91.0, 0.0)	(92.0, 0.0)	(93.0, 0.0)	(94.0, 0.0)	(95.0, 0.0)	(96.0, 0.0)	(97.0, 0.0)	(98.0, 0.0)	(99.0, 0.0)	(100.0, 0.0)
2433R_0_F_S5_week9_S71_L001_R1_001	(0.0, 0.0)	(1.0, 0.0)	(2.0, 0.0)	(3.0, 0.0)	(4.0, 0.0)	(5.0, 0.0)	(6.0, 0.0)	(7.0, 0.0)	(8.0, 0.0)	(9.0, 0.0)	(10.0, 0.0)	(11.0, 0.0)	(12.0, 0.0)	(13.0, 0.0)	(14.0, 0.0)	(15.0, 0.0)	(16.0, 0.0)	(17.0, 0.0)	(18.0, 0.0)	(19.0, 0.0)	(20.0, 0.0)	(21.0, 0.0)	(22.0, 0.0)	(23.0, 0.0)	(24.0, 0.0)	(25.0, 0.0)	(26.0, 0.0)	(27.0, 0.0)	(28.0, 0.0)	(29.0, 0.0)	(30.0, 0.0)	(31.0, 0.0)	(32.0, 0.0)	(33.0, 0.0)	(34.0, 0.0)	(35.0, 0.0)	(36.0, 0.0005022576481281927)	(37.0, 0.0017579017684486743)	(38.0, 0.002260159416576867)	(39.0, 0.0)	(40.0, 0.0017579017684486743)	(41.0, 0.005775962953474217)	(42.0, 0.01607224474010217)	(43.0, 0.05072802246094747)	(44.0, 0.10911547405584988)	(45.0, 0.21119934103790472)	(46.0, 1.8910000452026388)	(47.0, 20.26484045786209)	(48.0, 9.282725852703589)	(49.0, 8.177633462410515)	(50.0, 8.227608098399223)	(51.0, 18.57976604838895)	(52.0, 23.323338406144178)	(53.0, 7.630549319187378)	(54.0, 1.545949040938642)	(55.0, 0.3567284945830518)	(56.0, 0.0954289531443568)	(57.0, 0.027247477410954457)	(58.0, 0.057257371886613985)	(59.0, 0.052109230993299976)	(60.0, 0.009291766490371563)	(61.0, 0.010547410610692046)	(62.0, 0.05135584452110767)	(63.0, 0.012682005615236863)	(64.0, 0.0037669323609614454)	(65.0, 0.0005022576481281927)	(66.0, 0.0005022576481281927)	(67.0, 0.0)	(68.0, 0.0)	(69.0, 0.0)	(70.0, 0.0)	(71.0, 0.0)	(72.0, 0.0)	(73.0, 0.0)	(74.0, 0.0)	(75.0, 0.0)	(76.0, 0.0)	(77.0, 0.0)	(78.0, 0.0)	(79.0, 0.0)	(80.0, 0.0)	(81.0, 0.0)	(82.0, 0.0)	(83.0, 0.0)	(84.0, 0.0)	(85.0, 0.0)	(86.0, 0.0)	(87.0, 0.0)	(88.0, 0.0)	(89.0, 0.0)	(90.0, 0.0)	(91.0, 0.0)	(92.0, 0.0)	(93.0, 0.0)	(94.0, 0.0)	(95.0, 0.0)	(96.0, 0.0)	(97.0, 0.0)	(98.0, 0.0)	(99.0, 0.0)	(100.0, 0.0)
2433R_0_F_S5_week9_S71_L001_R2_001	(0.0, 0.0)	(1.0, 0.0)	(2.0, 0.0)	(3.0, 0.0)	(4.0, 0.0)	(5.0, 0.0)	(6.0, 0.0)	(7.0, 0.0)	(8.0, 0.0)	(9.0, 0.0)	(10.0, 0.0)	(11.0, 0.0)	(12.0, 0.0)	(13.0, 0.0)	(14.0, 0.0)	(15.0, 0.0)	(16.0, 0.0)	(17.0, 0.0)	(18.0, 0.0)	(19.0, 0.0)	(20.0, 0.0)	(21.0, 0.0)	(22.0, 0.0)	(23.0, 0.0)	(24.0, 0.0)	(25.0, 0.0)	(26.0, 0.0)	(27.0, 0.0)	(28.0, 0.0007638651065145445)	(29.0, 0.0007638651065145445)	(30.0, 0.0)	(31.0, 0.0)	(32.0, 0.0005092434043430297)	(33.0, 0.0007638651065145445)	(34.0, 0.001527730213029089)	(35.0, 0.0038193255325727235)	(36.0, 0.007638651065145447)	(37.0, 0.009930246384689081)	(38.0, 0.012985706810747259)	(39.0, 0.015022680428119377)	(40.0, 0.021897466386750282)	(41.0, 0.030299982558410272)	(42.0, 0.035137794899669055)	(43.0, 0.053725179158189626)	(44.0, 0.1318940417248445)	(45.0, 1.6015705066588874)	(46.0, 19.42789049739675)	(47.0, 2.382495267218756)	(48.0, 2.2154634305942835)	(49.0, 1.043185113796705)	(50.0, 0.6604886954329028)	(51.0, 2.1448059082417004)	(52.0, 3.0805406637218273)	(53.0, 15.226887033261303)	(54.0, 13.269737319516612)	(55.0, 3.0399285022255293)	(56.0, 16.781352525020992)	(57.0, 16.521511077954575)	(58.0, 1.1133333927449616)	(59.0, 0.3335544298446856)	(60.0, 0.2258494498261337)	(61.0, 0.19440366960795125)	(62.0, 0.10312178937946356)	(63.0, 0.07205794171453872)	(64.0, 0.06836592703305178)	(65.0, 0.02698990043018058)	(66.0, 0.011076044044460893)	(67.0, 0.012476463406404226)	(68.0, 0.014768058725947861)	(69.0, 0.009421002980346052)	(70.0, 0.01094873319337514)	(71.0, 0.019987803620463925)	(72.0, 0.04481341958218657)	(73.0, 0.010694111491203622)	(74.0, 0.0012731085108575744)	(75.0, 0.0007638651065145445)	(76.0, 0.0)	(77.0, 0.0007638651065145445)	(78.0, 0.001527730213029089)	(79.0, 0.0007638651065145445)	(80.0, 0.0)	(81.0, 0.0)	(82.0, 0.0)	(83.0, 0.0)	(84.0, 0.0)	(85.0, 0.0)	(86.0, 0.0)	(87.0, 0.0)	(88.0, 0.0)	(89.0, 0.0005092434043430297)	(90.0, 0.0)	(91.0, 0.0)	(92.0, 0.0)	(93.0, 0.0)	(94.0, 0.0)	(95.0, 0.0)	(96.0, 0.0)	(97.0, 0.0)	(98.0, 0.0)	(99.0, 0.0)	(100.0, 0.0)
2446R_L_F_S2_week5_S39_L001_R1_001	(0.0, 0.0)	(1.0, 0.0)	(2.0, 0.0)	(3.0, 0.0)	(4.0, 0.0)	(5.0, 0.0)	(6.0, 0.0)	(7.0, 0.0)	(8.0, 0.0)	(9.0, 0.0)	(10.0, 0.0)	(11.0, 0.0)	(12.0, 0.0)	(13.0, 0.0)	(14.0, 0.0)	(15.0, 0.0)	(16.0, 0.0)	(17.0, 0.0)	(18.0, 0.0)	(19.0, 0.0)	(20.0, 0.0)	(21.0, 0.0)	(22.0, 0.0)	(23.0, 0.0)	(24.0, 0.0)	(25.0, 0.0)	(26.0, 0.0)	(27.0, 0.0)	(28.0, 0.0)	(29.0, 0.0006073775109364575)	(30.0, 0.0006073775109364575)	(31.0, 0.0)	(32.0, 0.0)	(33.0, 0.0)	(34.0, 0.0)	(35.0, 0.0)	(36.0, 0.0009110662664046863)	(37.0, 0.0009110662664046863)	(38.0, 0.0)	(39.0, 0.0009110662664046863)	(40.0, 0.0033405763101505164)	(41.0, 0.005466397598428118)	(42.0, 0.013665993996070293)	(43.0, 0.04130167074367911)	(44.0, 0.09915437866037673)	(45.0, 0.1442521588474086)	(46.0, 0.37991463309075635)	(47.0, 18.168787173398197)	(48.0, 19.698011901561227)	(49.0, 3.7950465327084197)	(50.0, 4.121815633592379)	(51.0, 21.405957462317613)	(52.0, 24.63750950926079)	(53.0, 5.352058781994703)	(54.0, 1.3215016194200186)	(55.0, 0.4654030177550655)	(56.0, 0.10173573308185681)	(57.0, 0.027939365503077056)	(58.0, 0.08700682844164763)	(59.0, 0.09338429230648049)	(60.0, 0.014273371507006747)	(61.0, 0.005921930731630461)	(62.0, 0.010173573308185661)	(63.0, 0.00242951004374583)	(64.0, 0.0)	(65.0, 0.0)	(66.0, 0.0)	(67.0, 0.0)	(68.0, 0.0)	(69.0, 0.0)	(70.0, 0.0)	(71.0, 0.0)	(72.0, 0.0)	(73.0, 0.0)	(74.0, 0.0)	(75.0, 0.0)	(76.0, 0.0)	(77.0, 0.0)	(78.0, 0.0)	(79.0, 0.0)	(80.0, 0.0)	(81.0, 0.0)	(82.0, 0.0)	(83.0, 0.0)	(84.0, 0.0)	(85.0, 0.0)	(86.0, 0.0)	(87.0, 0.0)	(88.0, 0.0)	(89.0, 0.0)	(90.0, 0.0)	(91.0, 0.0)	(92.0, 0.0)	(93.0, 0.0)	(94.0, 0.0)	(95.0, 0.0)	(96.0, 0.0)	(97.0, 0.0)	(98.0, 0.0)	(99.0, 0.0)	(100.0, 0.0)
2446R_L_F_S2_week5_S39_L001_R2_001	(0.0, 0.0)	(1.0, 0.0)	(2.0, 0.0)	(3.0, 0.0)	(4.0, 0.0)	(5.0, 0.0)	(6.0, 0.0)	(7.0, 0.0)	(8.0, 0.0)	(9.0, 0.0)	(10.0, 0.0)	(11.0, 0.0)	(12.0, 0.0)	(13.0, 0.0)	(14.0, 0.0)	(15.0, 0.0)	(16.0, 0.0)	(17.0, 0.0)	(18.0, 0.0)	(19.0, 0.0)	(20.0, 0.0)	(21.0, 0.0)	(22.0, 0.0)	(23.0, 0.0)	(24.0, 0.0)	(25.0, 0.0)	(26.0, 0.0)	(27.0, 0.0)	(28.0, 0.0)	(29.0, 0.0)	(30.0, 0.0009105837145137477)	(31.0, 0.0009105837145137477)	(32.0, 0.0018211674290274954)	(33.0, 0.003642334858054991)	(34.0, 0.004552918572568739)	(35.0, 0.006374086001596235)	(36.0, 0.006374086001596235)	(37.0, 0.007284669716109982)	(38.0, 0.010016420859651225)	(39.0, 0.011534060383840805)	(40.0, 0.022157537053167867)	(41.0, 0.03672687648538783)	(42.0, 0.040672739248280736)	(43.0, 0.05615266239501443)	(44.0, 0.09470070630942985)	(45.0, 0.6701896138821127)	(46.0, 17.313383455906088)	(47.0, 15.872384727685503)	(48.0, 1.4710479907969922)	(49.0, 0.6976588892699447)	(50.0, 0.5087127685083488)	(51.0, 2.7387322853524076)	(52.0, 3.226956920284093)	(53.0, 6.55574745264262)	(54.0, 5.448477655793419)	(55.0, 1.5420735205290632)	(56.0, 20.40375281901858)	(57.0, 20.566595539964414)	(58.0, 1.3180699267586653)	(59.0, 0.3728840310933804)	(60.0, 0.31749018846046057)	(61.0, 0.29502912350245475)	(62.0, 0.10896651783681187)	(63.0, 0.06981141811272065)	(64.0, 0.08711250868848193)	(65.0, 0.044011546201497796)	(66.0, 0.017301090575761208)	(67.0, 0.01107876852658393)	(68.0, 0.0069811418112720675)	(69.0, 0.004552918572568739)	(70.0, 0.0042493906677308225)	(71.0, 0.0021246953338654112)	(72.0, 0.009105837145137479)	(73.0, 0.003642334858054991)	(74.0, 0.0009105837145137477)	(75.0, 0.0009105837145137477)	(76.0, 0.0009105837145137477)	(77.0, 0.0)	(78.0, 0.0009105837145137477)	(79.0, 0.0009105837145137477)	(80.0, 0.0)	(81.0, 0.0)	(82.0, 0.0)	(83.0, 0.0)	(84.0, 0.0)	(85.0, 0.0)	(86.0, 0.00045529185725687386)	(87.0, 0.0009105837145137477)	(88.0, 0.0009105837145137477)	(89.0, 0.0)	(90.0, 0.0)	(91.0, 0.0)	(92.0, 0.0)	(93.0, 0.0006070558096758318)	(94.0, 0.0006070558096758318)	(95.0, 0.0)	(96.0, 0.0)	(97.0, 0.0)	(98.0, 0.0)	(99.0, 0.0)	(100.0, 0.0)
2446R_L_F_S2_week6_S40_L001_R1_001	(0.0, 0.0)	(1.0, 0.0)	(2.0, 0.0)	(3.0, 0.0)	(4.0, 0.0)	(5.0, 0.0)	(6.0, 0.0)	(7.0, 0.0)	(8.0, 0.0)	(9.0, 0.0)	(10.0, 0.0)	(11.0, 0.0)	(12.0, 0.0)	(13.0, 0.0)	(14.0, 0.0)	(15.0, 0.0)	(16.0, 0.0)	(17.0, 0.0)	(18.0, 0.0)	(19.0, 0.0)	(20.0, 0.0)	(21.0, 0.0)	(22.0, 0.0)	(23.0, 0.0)	(24.0, 0.0)	(25.0, 0.0)	(26.0, 0.0)	(27.0, 0.0)	(28.0, 0.0)	(29.0, 0.0)	(30.0, 0.0)	(31.0, 0.0)	(32.0, 0.0)	(33.0, 0.0)	(34.0, 0.0)	(35.0, 0.0)	(36.0, 0.0)	(37.0, 0.0)	(38.0, 0.0)	(39.0, 0.0007132837204875475)	(40.0, 0.0021398511614626426)	(41.0, 0.004279702322925285)	(42.0, 0.014027913169588437)	(43.0, 0.03495090230388983)	(44.0, 0.08357307591712433)	(45.0, 0.1289854727881648)	(46.0, 0.37245298271458394)	(47.0, 18.150336432153683)	(48.0, 20.002258731782867)	(49.0, 4.169499988110249)	(50.0, 4.5345823723799565)	(51.0, 20.380061342401763)	(52.0, 23.60018069854732)	(53.0, 5.919660476947194)	(54.0, 1.7333983214048259)	(55.0, 0.5064314415461552)	(56.0, 0.0983142728072004)	(57.0, 0.018902018592920015)	(58.0, 0.08297867281671821)	(59.0, 0.08785277824004979)	(60.0, 0.007251717824956733)	(61.0, 0.008083882165525537)	(62.0, 0.04897881547347822)	(63.0, 0.00891604650609434)	(64.0, 0.0008321643405688052)	(65.0, 0.0003566418602437738)	(66.0, 0.0)	(67.0, 0.0)	(68.0, 0.0)	(69.0, 0.0)	(70.0, 0.0)	(71.0, 0.0)	(72.0, 0.0)	(73.0, 0.0)	(74.0, 0.0)	(75.0, 0.0)	(76.0, 0.0)	(77.0, 0.0)	(78.0, 0.0)	(79.0, 0.0)	(80.0, 0.0)	(81.0, 0.0)	(82.0, 0.0)	(83.0, 0.0)	(84.0, 0.0)	(85.0, 0.0)	(86.0, 0.0)	(87.0, 0.0)	(88.0, 0.0)	(89.0, 0.0)	(90.0, 0.0)	(91.0, 0.0)	(92.0, 0.0)	(93.0, 0.0)	(94.0, 0.0)	(95.0, 0.0)	(96.0, 0.0)	(97.0, 0.0)	(98.0, 0.0)	(99.0, 0.0)	(100.0, 0.0)
2446R_L_F_S2_week6_S40_L001_R2_001	(0.0, 0.0)	(1.0, 0.0)	(2.0, 0.0)	(3.0, 0.0)	(4.0, 0.0)	(5.0, 0.0)	(6.0, 0.0)	(7.0, 0.0)	(8.0, 0.0)	(9.0, 0.0)	(10.0, 0.0)	(11.0, 0.0)	(12.0, 0.0)	(13.0, 0.0)	(14.0, 0.0)	(15.0, 0.0)	(16.0, 0.0)	(17.0, 0.0)	(18.0, 0.0)	(19.0, 0.0)	(20.0, 0.0)	(21.0, 0.0)	(22.0, 0.0)	(23.0, 0.0)	(24.0, 0.0)	(25.0, 0.0)	(26.0, 0.0)	(27.0, 0.0)	(28.0, 0.0)	(29.0, 0.0)	(30.0, 0.0)	(31.0, 0.0)	(32.0, 0.0)	(33.0, 0.0007139177067057528)	(34.0, 0.0028556708268230114)	(35.0, 0.006425259360351776)	(36.0, 0.00499742394694027)	(37.0, 0.00499742394694027)	(38.0, 0.009280930187174786)	(39.0, 0.015349230694173686)	(40.0, 0.02117955863227067)	(41.0, 0.021417531201172586)	(42.0, 0.03141237909505313)	(43.0, 0.04783248634928542)	(44.0, 0.0905485624671798)	(45.0, 0.6756041231125318)	(46.0, 17.19351810316927)	(47.0, 15.845641472906363)	(48.0, 1.5363509048308215)	(49.0, 0.7596084399349126)	(50.0, 0.5647089060042453)	(51.0, 3.191331135259032)	(52.0, 3.66215986283168)	(53.0, 7.187961443682264)	(54.0, 6.0421235244204805)	(55.0, 1.6330867540894234)	(56.0, 19.306595528736896)	(57.0, 19.37287088917624)	(58.0, 1.3546588484742037)	(59.0, 0.33839699297852793)	(60.0, 0.3207870228797864)	(61.0, 0.3059137373234166)	(62.0, 0.11708250389974344)	(63.0, 0.07948283801324049)	(64.0, 0.09042957618272884)	(65.0, 0.038551556162110645)	(66.0, 0.013564436427409305)	(67.0, 0.01808591523654574)	(68.0, 0.018799832943251493)	(69.0, 0.011898628445095878)	(70.0, 0.005711341653646023)	(71.0, 0.011184710738390126)	(72.0, 0.035933857904189535)	(73.0, 0.007139177067057527)	(74.0, 0.001189862844509588)	(75.0, 0.001189862844509588)	(76.0, 0.0)	(77.0, 0.0)	(78.0, 0.0)	(79.0, 0.0)	(80.0, 0.0)	(81.0, 0.0)	(82.0, 0.0)	(83.0, 0.0)	(84.0, 0.0)	(85.0, 0.0)	(86.0, 0.0)	(87.0, 0.0)	(88.0, 0.0004759451378038352)	(89.0, 0.0004759451378038352)	(90.0, 0.0)	(91.0, 0.0)	(92.0, 0.0)	(93.0, 0.0)	(94.0, 0.0)	(95.0, 0.0)	(96.0, 0.0)	(97.0, 0.0004759451378038352)	(98.0, 0.0)	(99.0, 0.0)	(100.0, 0.0)
2446R_L_F_S2_week7_S41_L001_R1_001	(0.0, 0.0)	(1.0, 0.0)	(2.0, 0.0)	(3.0, 0.0)	(4.0, 0.0)	(5.0, 0.0)	(6.0, 0.0)	(7.0, 0.0)	(8.0, 0.0)	(9.0, 0.0)	(10.0, 0.0)	(11.0, 0.0)	(12.0, 0.0)	(13.0, 0.0)	(14.0, 0.0)	(15.0, 0.0)	(16.0, 0.0)	(17.0, 0.0)	(18.0, 0.0)	(19.0, 0.0)	(20.0, 0.0)	(21.0, 0.0)	(22.0, 0.0)	(23.0, 0.0)	(24.0, 0.0)	(25.0, 0.0)	(26.0, 0.0)	(27.0, 0.0)	(28.0, 0.0)	(29.0, 0.0)	(30.0, 0.0)	(31.0, 0.0)	(32.0, 0.0)	(33.0, 0.0)	(34.0, 0.0)	(35.0, 0.0)	(36.0, 0.0)	(37.0, 0.0)	(38.0, 0.0007894674515725354)	(39.0, 0.0028947139890992965)	(40.0, 0.005263116343816902)	(41.0, 0.005263116343816902)	(42.0, 0.012631479225160563)	(43.0, 0.03657865858952746)	(44.0, 0.09486767209729971)	(45.0, 0.15513035423400304)	(46.0, 0.42407559940304956)	(47.0, 14.591858485322101)	(48.0, 16.7046049636426)	(49.0, 5.414562516610906)	(50.0, 5.881137780490481)	(51.0, 20.068657352707817)	(52.0, 25.38308908088645)	(53.0, 8.494538201011249)	(54.0, 1.8647221206143456)	(55.0, 0.44920697994477443)	(56.0, 0.11157806648891844)	(57.0, 0.03526287950357325)	(58.0, 0.10039394425830764)	(59.0, 0.09868343144656715)	(60.0, 0.01302621295094683)	(61.0, 0.0040789151664581)	(62.0, 0.033420788783237315)	(63.0, 0.0068420512469619735)	(64.0, 0.0013157790859542255)	(65.0, 0.0015789349031450708)	(66.0, 0.0015789349031450708)	(67.0, 0.0013157790859542255)	(68.0, 0.0)	(69.0, 0.0005263116343816902)	(70.0, 0.0005263116343816902)	(71.0, 0.0)	(72.0, 0.0)	(73.0, 0.0)	(74.0, 0.0)	(75.0, 0.0)	(76.0, 0.0)	(77.0, 0.0)	(78.0, 0.0)	(79.0, 0.0)	(80.0, 0.0)	(81.0, 0.0)	(82.0, 0.0)	(83.0, 0.0)	(84.0, 0.0)	(85.0, 0.0)	(86.0, 0.0)	(87.0, 0.0)	(88.0, 0.0)	(89.0, 0.0)	(90.0, 0.0)	(91.0, 0.0)	(92.0, 0.0)	(93.0, 0.0)	(94.0, 0.0)	(95.0, 0.0)	(96.0, 0.0)	(97.0, 0.0)	(98.0, 0.0)	(99.0, 0.0)	(100.0, 0.0)
2446R_L_F_S2_week7_S41_L001_R2_001	(0.0, 0.0)	(1.0, 0.0)	(2.0, 0.0)	(3.0, 0.0)	(4.0, 0.0)	(5.0, 0.0)	(6.0, 0.0)	(7.0, 0.0)	(8.0, 0.0)	(9.0, 0.0)	(10.0, 0.0)	(11.0, 0.0)	(12.0, 0.0)	(13.0, 0.0)	(14.0, 0.0)	(15.0, 0.0)	(16.0, 0.0)	(17.0, 0.0)	(18.0, 0.0)	(19.0, 0.0)	(20.0, 0.0)	(21.0, 0.0)	(22.0, 0.0)	(23.0, 0.0)	(24.0, 0.0)	(25.0, 0.0)	(26.0, 0.0008025939837554624)	(27.0, 0.0016051879675109248)	(28.0, 0.0008025939837554624)	(29.0, 0.0)	(30.0, 0.0)	(31.0, 0.0)	(32.0, 0.0005350626558369749)	(33.0, 0.0)	(34.0, 0.0016051879675109248)	(35.0, 0.0016051879675109248)	(36.0, 0.004012969918777312)	(37.0, 0.01043372178882101)	(38.0, 0.01043372178882101)	(39.0, 0.012573972412168911)	(40.0, 0.018459661626375634)	(41.0, 0.025950538808093282)	(42.0, 0.04039723051569159)	(43.0, 0.06594647233190719)	(44.0, 0.1478110586749642)	(45.0, 1.530279195693805)	(46.0, 13.9145718963651)	(47.0, 8.626012606075129)	(48.0, 1.5436557620897204)	(49.0, 0.8649287831604614)	(50.0, 0.7588526116407802)	(51.0, 5.1551949233258)	(52.0, 5.997517309277507)	(53.0, 10.02065341851306)	(54.0, 8.367711108970086)	(55.0, 2.1113572399326834)	(56.0, 18.407894314427708)	(57.0, 18.78457842413751)	(58.0, 1.6879889135017323)	(59.0, 0.538540563099915)	(60.0, 0.3975515532868733)	(61.0, 0.32799340802806626)	(62.0, 0.17443042580285376)	(63.0, 0.12012156623540088)	(64.0, 0.11370081436535727)	(65.0, 0.06781919162733657)	(66.0, 0.030231040054789077)	(67.0, 0.019529786938049583)	(68.0, 0.018459661626375634)	(69.0, 0.012573972412168908)	(70.0, 0.007490877181717649)	(71.0, 0.006688283197962186)	(72.0, 0.026753132791848756)	(73.0, 0.00829347116547311)	(74.0, 0.003745438590858824)	(75.0, 0.004012969918777312)	(76.0, 0.0024077819512663867)	(77.0, 0.0021402506233478996)	(78.0, 0.001872719295429412)	(79.0, 0.0)	(80.0, 0.0)	(81.0, 0.0)	(82.0, 0.0)	(83.0, 0.0)	(84.0, 0.0)	(85.0, 0.0004012969918777312)	(86.0, 0.0)	(87.0, 0.0)	(88.0, 0.0)	(89.0, 0.0)	(90.0, 0.0)	(91.0, 0.0)	(92.0, 0.0)	(93.0, 0.0)	(94.0, 0.0)	(95.0, 0.0)	(96.0, 0.0005350626558369749)	(97.0, 0.0005350626558369749)	(98.0, 0.0)	(99.0, 0.0)	(100.0, 0.0)
2446R_L_F_S2_week9_S42_L001_R1_001	(0.0, 0.0)	(1.0, 0.0)	(2.0, 0.0)	(3.0, 0.0)	(4.0, 0.0)	(5.0, 0.0)	(6.0, 0.0)	(7.0, 0.0)	(8.0, 0.0)	(9.0, 0.0)	(10.0, 0.0)	(11.0, 0.0)	(12.0, 0.0)	(13.0, 0.0)	(14.0, 0.0)	(15.0, 0.0)	(16.0, 0.0)	(17.0, 0.0)	(18.0, 0.0)	(19.0, 0.0)	(20.0, 0.0)	(21.0, 0.0)	(22.0, 0.0)	(23.0, 0.0)	(24.0, 0.0)	(25.0, 0.0)	(26.0, 0.0)	(27.0, 0.0)	(28.0, 0.0005930309962474638)	(29.0, 0.0005930309962474638)	(30.0, 0.0)	(31.0, 0.0)	(32.0, 0.0)	(33.0, 0.0)	(34.0, 0.0)	(35.0, 0.0)	(36.0, 0.0)	(37.0, 0.0)	(38.0, 0.0)	(39.0, 0.0)	(40.0, 0.0038547014756085143)	(41.0, 0.005930309962474638)	(42.0, 0.00948849593995942)	(43.0, 0.028465487819878264)	(44.0, 0.07575970977061353)	(45.0, 0.11830968375136915)	(46.0, 0.4247584510622494)	(47.0, 17.06253956628219)	(48.0, 17.643561684856678)	(49.0, 3.6784230119736465)	(50.0, 3.9608540239366303)	(51.0, 21.367499825799367)	(52.0, 25.92005052625026)	(53.0, 6.91177626126531)	(54.0, 1.8687889269248876)	(55.0, 0.53387615437178)	(56.0, 0.12083006548542091)	(57.0, 0.03454405553141476)	(58.0, 0.07205326604406688)	(59.0, 0.06552992508534473)	(60.0, 0.00948849593995942)	(61.0, 0.009488495939959419)	(62.0, 0.0554483981491378)	(63.0, 0.013343197415567932)	(64.0, 0.002965154981237319)	(65.0, 0.0011860619924949276)	(66.0, 0.0)	(67.0, 0.0)	(68.0, 0.0)	(69.0, 0.0)	(70.0, 0.0)	(71.0, 0.0)	(72.0, 0.0)	(73.0, 0.0)	(74.0, 0.0)	(75.0, 0.0)	(76.0, 0.0)	(77.0, 0.0)	(78.0, 0.0)	(79.0, 0.0)	(80.0, 0.0)	(81.0, 0.0)	(82.0, 0.0)	(83.0, 0.0)	(84.0, 0.0)	(85.0, 0.0)	(86.0, 0.0)	(87.0, 0.0)	(88.0, 0.0)	(89.0, 0.0)	(90.0, 0.0)	(91.0, 0.0)	(92.0, 0.0)	(93.0, 0.0)	(94.0, 0.0)	(95.0, 0.0)	(96.0, 0.0)	(97.0, 0.0)	(98.0, 0.0)	(99.0, 0.0)	(100.0, 0.0)
2446R_L_F_S2_week9_S42_L001_R2_001	(0.0, 0.0)	(1.0, 0.0)	(2.0, 0.0)	(3.0, 0.0)	(4.0, 0.0)	(5.0, 0.0)	(6.0, 0.0)	(7.0, 0.0)	(8.0, 0.0)	(9.0, 0.0)	(10.0, 0.0)	(11.0, 0.0)	(12.0, 0.0)	(13.0, 0.0)	(14.0, 0.0)	(15.0, 0.0)	(16.0, 0.0)	(17.0, 0.0)	(18.0, 0.0)	(19.0, 0.0)	(20.0, 0.0)	(21.0, 0.0)	(22.0, 0.0)	(23.0, 0.0)	(24.0, 0.0)	(25.0, 0.0)	(26.0, 0.0)	(27.0, 0.0)	(28.0, 0.0)	(29.0, 0.0009203103286427278)	(30.0, 0.0018406206572854555)	(31.0, 0.0009203103286427278)	(32.0, 0.0009203103286427278)	(33.0, 0.0027609309859281833)	(34.0, 0.0027609309859281833)	(35.0, 0.003681241314570911)	(36.0, 0.006442172300499095)	(37.0, 0.007362482629141822)	(38.0, 0.010123413615070005)	(39.0, 0.01871297668240213)	(40.0, 0.031290551173852744)	(41.0, 0.032824401721590624)	(42.0, 0.04172073489847032)	(43.0, 0.08068053881101252)	(44.0, 0.15062412378785964)	(45.0, 2.0093442175366754)	(46.0, 16.918218156491935)	(47.0, 9.108618092686562)	(48.0, 1.5956647248117586)	(49.0, 0.8170821867799603)	(50.0, 0.6537271034458809)	(51.0, 3.6194271374967926)	(52.0, 4.152900358000151)	(53.0, 6.419011157229043)	(54.0, 5.5819889133281)	(55.0, 2.0430889295868853)	(56.0, 21.389239118100654)	(57.0, 21.51731563883692)	(58.0, 1.7225141651096807)	(59.0, 0.5351604561057464)	(60.0, 0.44036849225554675)	(61.0, 0.41214564217717)	(62.0, 0.190197467919497)	(63.0, 0.13037729655771976)	(64.0, 0.09571227417884375)	(65.0, 0.04463505093917229)	(66.0, 0.02668899953063911)	(67.0, 0.03205747644772168)	(68.0, 0.026075459311543956)	(69.0, 0.015645275586926372)	(70.0, 0.01196403427235546)	(71.0, 0.019633287011044862)	(72.0, 0.05245768873263542)	(73.0, 0.012577574491450609)	(74.0, 0.0009203103286427278)	(75.0, 0.0018406206572854555)	(76.0, 0.0027609309859281833)	(77.0, 0.0009203103286427278)	(78.0, 0.0)	(79.0, 0.0)	(80.0, 0.0)	(81.0, 0.0)	(82.0, 0.0)	(83.0, 0.0)	(84.0, 0.0)	(85.0, 0.0009203103286427278)	(86.0, 0.0009203103286427278)	(87.0, 0.0)	(88.0, 0.0)	(89.0, 0.0)	(90.0, 0.0)	(91.0, 0.0009203103286427278)	(92.0, 0.0018406206572854555)	(93.0, 0.0009203103286427278)	(94.0, 0.0006135402190951518)	(95.0, 0.0)	(96.0, 0.0)	(97.0, 0.0)	(98.0, 0.0)	(99.0, 0.0)	(100.0, 0.0)
2475R_0_M_S5_week9_S77_L001_R1_001	(0.0, 0.0)	(1.0, 0.0)	(2.0, 0.0)	(3.0, 0.0)	(4.0, 0.0)	(5.0, 0.0)	(6.0, 0.0)	(7.0, 0.0)	(8.0, 0.0)	(9.0, 0.0)	(10.0, 0.0)	(11.0, 0.0)	(12.0, 0.0)	(13.0, 0.0)	(14.0, 0.0)	(15.0, 0.0)	(16.0, 0.0)	(17.0, 0.0)	(18.0, 0.0)	(19.0, 0.0)	(20.0, 0.0)	(21.0, 0.0)	(22.0, 0.0)	(23.0, 0.0)	(24.0, 0.0)	(25.0, 0.0)	(26.0, 0.0)	(27.0, 0.0)	(28.0, 0.0)	(29.0, 0.0)	(30.0, 0.0)	(31.0, 0.0)	(32.0, 0.0)	(33.0, 0.0)	(34.0, 0.0)	(35.0, 0.0007606982702987241)	(36.0, 0.0020285287207965973)	(37.0, 0.0007606982702987241)	(38.0, 0.0007606982702987241)	(39.0, 0.0007606982702987241)	(40.0, 0.0012678304504978733)	(41.0, 0.010903341874281712)	(42.0, 0.01724249412677108)	(43.0, 0.035879601749089815)	(44.0, 0.11486543881510732)	(45.0, 0.20995272260244763)	(46.0, 1.513916340939569)	(47.0, 16.787216212000583)	(48.0, 8.499281774046745)	(49.0, 8.280454238291009)	(50.0, 8.95595430231567)	(51.0, 19.6009123307956)	(52.0, 25.074897083874237)	(53.0, 8.589551302122114)	(54.0, 1.3946134955477094)	(55.0, 0.41876439779944974)	(56.0, 0.13375611252752545)	(57.0, 0.04767042493872001)	(58.0, 0.10979411701311592)	(59.0, 0.11473865577005757)	(60.0, 0.019524588937667255)	(61.0, 0.009635511423783837)	(62.0, 0.042091970956529355)	(63.0, 0.01039620969408256)	(64.0, 0.0012678304504978733)	(65.0, 0.0)	(66.0, 0.0)	(67.0, 0.0)	(68.0, 0.00038034913514936207)	(69.0, 0.0)	(70.0, 0.0)	(71.0, 0.0)	(72.0, 0.0)	(73.0, 0.0)	(74.0, 0.0)	(75.0, 0.0)	(76.0, 0.0)	(77.0, 0.0)	(78.0, 0.0)	(79.0, 0.0)	(80.0, 0.0)	(81.0, 0.0)	(82.0, 0.0)	(83.0, 0.0)	(84.0, 0.0)	(85.0, 0.0)	(86.0, 0.0)	(87.0, 0.0)	(88.0, 0.0)	(89.0, 0.0)	(90.0, 0.0)	(91.0, 0.0)	(92.0, 0.0)	(93.0, 0.0)	(94.0, 0.0)	(95.0, 0.0)	(96.0, 0.0)	(97.0, 0.0)	(98.0, 0.0)	(99.0, 0.0)	(100.0, 0.0)
2475R_0_M_S5_week9_S77_L001_R2_001	(0.0, 0.0)	(1.0, 0.0)	(2.0, 0.0)	(3.0, 0.0)	(4.0, 0.0)	(5.0, 0.0)	(6.0, 0.0)	(7.0, 0.0)	(8.0, 0.0)	(9.0, 0.0)	(10.0, 0.0)	(11.0, 0.0)	(12.0, 0.0)	(13.0, 0.0)	(14.0, 0.0)	(15.0, 0.0)	(16.0, 0.0)	(17.0, 0.0)	(18.0, 0.0)	(19.0, 0.0)	(20.0, 0.0)	(21.0, 0.0)	(22.0, 0.0)	(23.0, 0.0)	(24.0, 0.0)	(25.0, 0.0)	(26.0, 0.0)	(27.0, 0.0)	(28.0, 0.0)	(29.0, 0.0)	(30.0, 0.0)	(31.0, 0.0)	(32.0, 0.0007669750758665866)	(33.0, 0.0015339501517331732)	(34.0, 0.00230092522759976)	(35.0, 0.003834875379332933)	(36.0, 0.00460185045519952)	(37.0, 0.008948042551776845)	(38.0, 0.0173847683863093)	(39.0, 0.023009252275997597)	(40.0, 0.027611102731197122)	(41.0, 0.030934661393285653)	(42.0, 0.044484554400262014)	(43.0, 0.07209565713145917)	(44.0, 0.1334536632007859)	(45.0, 1.400496488532436)	(46.0, 15.800453537928869)	(47.0, 2.274336758302968)	(48.0, 2.534213479842385)	(49.0, 1.1957141432760277)	(50.0, 0.7708099512459097)	(51.0, 2.8622231539545977)	(52.0, 3.9278071926921663)	(53.0, 15.254622942269474)	(54.0, 13.785354355265216)	(55.0, 3.706790541663201)	(56.0, 16.61792113962453)	(57.0, 16.529335518361822)	(58.0, 1.3902701541875284)	(59.0, 0.437047964064644)	(60.0, 0.3208512400708563)	(61.0, 0.26511771789121724)	(62.0, 0.15582376958022814)	(63.0, 0.11121138600065503)	(64.0, 0.12207686624209821)	(65.0, 0.041160995738173466)	(66.0, 0.01610647659319832)	(67.0, 0.014572526441465145)	(68.0, 0.012527259572487582)	(69.0, 0.007925409117288063)	(70.0, 0.00792540911728806)	(71.0, 0.011760284496620994)	(72.0, 0.03119031975190785)	(73.0, 0.009203700910399036)	(74.0, 0.0017896085103553687)	(75.0, 0.0015339501517331732)	(76.0, 0.0007669750758665866)	(77.0, 0.0008948042551776843)	(78.0, 0.0005113167172443911)	(79.0, 0.0005113167172443911)	(80.0, 0.0)	(81.0, 0.00230092522759976)	(82.0, 0.00230092522759976)	(83.0, 0.0007669750758665866)	(84.0, 0.0007669750758665866)	(85.0, 0.0)	(86.0, 0.0)	(87.0, 0.0)	(88.0, 0.0)	(89.0, 0.0)	(90.0, 0.0)	(91.0, 0.0005113167172443911)	(92.0, 0.0)	(93.0, 0.0007669750758665866)	(94.0, 0.0007669750758665866)	(95.0, 0.0)	(96.0, 0.0)	(97.0, 0.0)	(98.0, 0.0)	(99.0, 0.0)	(100.0, 0.0)
2476R_R_F_NS6_week9_S81_L001_R1_001	(0.0, 0.0)	(1.0, 0.0)	(2.0, 0.0)	(3.0, 0.0)	(4.0, 0.0)	(5.0, 0.0)	(6.0, 0.0)	(7.0, 0.0)	(8.0, 0.0)	(9.0, 0.0)	(10.0, 0.0)	(11.0, 0.0)	(12.0, 0.0)	(13.0, 0.0)	(14.0, 0.0)	(15.0, 0.0)	(16.0, 0.0)	(17.0, 0.0)	(18.0, 0.0)	(19.0, 0.0)	(20.0, 0.0)	(21.0, 0.0)	(22.0, 0.0)	(23.0, 0.0)	(24.0, 0.0)	(25.0, 0.0)	(26.0, 0.0)	(27.0, 0.0)	(28.0, 0.0)	(29.0, 0.0)	(30.0, 0.0)	(31.0, 0.0)	(32.0, 0.0)	(33.0, 0.0008483191263444564)	(34.0, 0.0008483191263444564)	(35.0, 0.0008483191263444564)	(36.0, 0.0008483191263444564)	(37.0, 0.0)	(38.0, 0.0025449573790333694)	(39.0, 0.00706932605287047)	(40.0, 0.011876467768822391)	(41.0, 0.03110503463263007)	(42.0, 0.08115586308695302)	(43.0, 0.14110374801529457)	(44.0, 0.28758018383077094)	(45.0, 1.2908589372541681)	(46.0, 10.976825335331744)	(47.0, 14.355539029038825)	(48.0, 32.91563042129287)	(49.0, 4.859878888306636)	(50.0, 1.8025367569609707)	(51.0, 6.092769351927796)	(52.0, 12.173662236081622)	(53.0, 7.573934546525043)	(54.0, 6.12175358874459)	(55.0, 0.9546417901796183)	(56.0, 0.13078253197810374)	(57.0, 0.03350860549060602)	(58.0, 0.029691169422055984)	(59.0, 0.026297892916678167)	(60.0, 0.0036760495474926448)	(61.0, 0.007917645179214927)	(62.0, 0.06645166489698244)	(63.0, 0.014421425147855759)	(64.0, 0.0005655460842296376)	(65.0, 0.001413865210574094)	(66.0, 0.001413865210574094)	(67.0, 0.0)	(68.0, 0.0)	(69.0, 0.0)	(70.0, 0.0)	(71.0, 0.0)	(72.0, 0.0)	(73.0, 0.0)	(74.0, 0.0)	(75.0, 0.0)	(76.0, 0.0)	(77.0, 0.0)	(78.0, 0.0)	(79.0, 0.0)	(80.0, 0.0)	(81.0, 0.0)	(82.0, 0.0)	(83.0, 0.0)	(84.0, 0.0)	(85.0, 0.0)	(86.0, 0.0)	(87.0, 0.0)	(88.0, 0.0)	(89.0, 0.0)	(90.0, 0.0)	(91.0, 0.0)	(92.0, 0.0)	(93.0, 0.0)	(94.0, 0.0)	(95.0, 0.0)	(96.0, 0.0)	(97.0, 0.0)	(98.0, 0.0)	(99.0, 0.0)	(100.0, 0.0)
2476R_R_F_NS6_week9_S81_L001_R2_001	(0.0, 0.0)	(1.0, 0.0)	(2.0, 0.0)	(3.0, 0.0)	(4.0, 0.0)	(5.0, 0.0)	(6.0, 0.0)	(7.0, 0.0)	(8.0, 0.0)	(9.0, 0.0)	(10.0, 0.0)	(11.0, 0.0)	(12.0, 0.0)	(13.0, 0.0)	(14.0, 0.0)	(15.0, 0.0)	(16.0, 0.0)	(17.0, 0.0)	(18.0, 0.0)	(19.0, 0.0)	(20.0, 0.0)	(21.0, 0.0)	(22.0, 0.0)	(23.0, 0.0)	(24.0, 0.0)	(25.0, 0.0)	(26.0, 0.0)	(27.0, 0.0)	(28.0, 0.0)	(29.0, 0.0)	(30.0, 0.0006975300461065418)	(31.0, 0.0020925901383196254)	(32.0, 0.002790120184426167)	(33.0, 0.0020925901383196254)	(34.0, 0.001860080122950778)	(35.0, 0.003255140215163861)	(36.0, 0.007440320491803112)	(37.0, 0.011625500768442362)	(38.0, 0.018833311244876628)	(39.0, 0.02464606162909781)	(40.0, 0.02464606162909781)	(41.0, 0.038829172566597486)	(42.0, 0.06661411940317476)	(43.0, 0.10160687671618626)	(44.0, 0.1951921579021471)	(45.0, 1.44586353057123)	(46.0, 13.453727019287182)	(47.0, 21.797697685836077)	(48.0, 20.574811260001482)	(49.0, 9.01104190062549)	(50.0, 1.007349641585544)	(51.0, 5.892733829508901)	(52.0, 5.997479591432471)	(53.0, 3.971038552484765)	(54.0, 4.6216015754870705)	(55.0, 0.9486408627049044)	(56.0, 5.152073175551319)	(57.0, 4.748552043878516)	(58.0, 0.33527944216187966)	(59.0, 0.1148599475922105)	(60.0, 0.09997930660860432)	(61.0, 0.08905133588626857)	(62.0, 0.0462694930584006)	(63.0, 0.03359769722079843)	(64.0, 0.029528771951843596)	(65.0, 0.013253070876024292)	(66.0, 0.008370360553278501)	(67.0, 0.008602870568647347)	(68.0, 0.008137850537909655)	(69.0, 0.009067890599385044)	(70.0, 0.009765420645491584)	(71.0, 0.01395060092213084)	(72.0, 0.04580447302766285)	(73.0, 0.008835380584016193)	(74.0, 0.0)	(75.0, 0.0004650200307376945)	(76.0, 0.0)	(77.0, 0.0)	(78.0, 0.0)	(79.0, 0.0)	(80.0, 0.0)	(81.0, 0.0003487650230532709)	(82.0, 0.0)	(83.0, 0.0)	(84.0, 0.0)	(85.0, 0.0)	(86.0, 0.0)	(87.0, 0.0)	(88.0, 0.0)	(89.0, 0.0)	(90.0, 0.0)	(91.0, 0.0)	(92.0, 0.0)	(93.0, 0.0)	(94.0, 0.0)	(95.0, 0.0)	(96.0, 0.0)	(97.0, 0.0)	(98.0, 0.0)	(99.0, 0.0)	(100.0, 0.0)
2518R_0_M_S5_week9_S78_L001_R1_001	(0.0, 0.0)	(1.0, 0.0)	(2.0, 0.0)	(3.0, 0.0)	(4.0, 0.0)	(5.0, 0.0)	(6.0, 0.0)	(7.0, 0.0)	(8.0, 0.0)	(9.0, 0.0)	(10.0, 0.0)	(11.0, 0.0)	(12.0, 0.0)	(13.0, 0.0)	(14.0, 0.0)	(15.0, 0.0)	(16.0, 0.0)	(17.0, 0.0)	(18.0, 0.0)	(19.0, 0.0)	(20.0, 0.0)	(21.0, 0.0)	(22.0, 0.0)	(23.0, 0.0)	(24.0, 0.0)	(25.0, 0.0)	(26.0, 0.0)	(27.0, 0.0)	(28.0, 0.0)	(29.0, 0.0)	(30.0, 0.0)	(31.0, 0.0)	(32.0, 0.0)	(33.0, 0.0)	(34.0, 0.0005902813133167897)	(35.0, 0.0008854219699751845)	(36.0, 0.0008854219699751845)	(37.0, 0.0)	(38.0, 0.0)	(39.0, 0.0014757032832919742)	(40.0, 0.004722250506534318)	(41.0, 0.00737851641645987)	(42.0, 0.015642454802894928)	(43.0, 0.054601021481803035)	(44.0, 0.12189309119991709)	(45.0, 0.20704117064586364)	(46.0, 1.7495938126710342)	(47.0, 19.805413765065914)	(48.0, 9.225801786484302)	(49.0, 8.965782867968498)	(50.0, 8.425675466284115)	(51.0, 18.22227928274741)	(52.0, 23.661574014643087)	(53.0, 7.582753750868465)	(54.0, 1.1787917826936392)	(55.0, 0.39297978434065567)	(56.0, 0.12026981758829608)	(57.0, 0.03644987109731175)	(58.0, 0.06906291365806441)	(59.0, 0.06256981921157967)	(60.0, 0.007673657073118267)	(61.0, 0.006788235103143083)	(62.0, 0.05489616213846137)	(63.0, 0.008854219699751845)	(64.0, 0.004131969193217527)	(65.0, 0.0)	(66.0, 0.0008854219699751845)	(67.0, 0.001770843939950369)	(68.0, 0.0008854219699751845)	(69.0, 0.0)	(70.0, 0.0)	(71.0, 0.0)	(72.0, 0.0)	(73.0, 0.0)	(74.0, 0.0)	(75.0, 0.0)	(76.0, 0.0)	(77.0, 0.0)	(78.0, 0.0)	(79.0, 0.0)	(80.0, 0.0)	(81.0, 0.0)	(82.0, 0.0)	(83.0, 0.0)	(84.0, 0.0)	(85.0, 0.0)	(86.0, 0.0)	(87.0, 0.0)	(88.0, 0.0)	(89.0, 0.0)	(90.0, 0.0)	(91.0, 0.0)	(92.0, 0.0)	(93.0, 0.0)	(94.0, 0.0)	(95.0, 0.0)	(96.0, 0.0)	(97.0, 0.0)	(98.0, 0.0)	(99.0, 0.0)	(100.0, 0.0)
2518R_0_M_S5_week9_S78_L001_R2_001	(0.0, 0.0)	(1.0, 0.0)	(2.0, 0.0)	(3.0, 0.0)	(4.0, 0.0)	(5.0, 0.0)	(6.0, 0.0)	(7.0, 0.0)	(8.0, 0.0)	(9.0, 0.0)	(10.0, 0.0)	(11.0, 0.0)	(12.0, 0.0)	(13.0, 0.0)	(14.0, 0.0)	(15.0, 0.0)	(16.0, 0.0)	(17.0, 0.0)	(18.0, 0.0)	(19.0, 0.0)	(20.0, 0.0)	(21.0, 0.0)	(22.0, 0.0)	(23.0, 0.0)	(24.0, 0.0)	(25.0, 0.0)	(26.0, 0.0)	(27.0, 0.0008909479686387383)	(28.0, 0.0026728439059162147)	(29.0, 0.0017818959372774767)	(30.0, 0.0)	(31.0, 0.0008909479686387383)	(32.0, 0.0008909479686387383)	(33.0, 0.0008909479686387383)	(34.0, 0.0017818959372774767)	(35.0, 0.004454739843193691)	(36.0, 0.008018531717748644)	(37.0, 0.005939653124258254)	(38.0, 0.004157757186980778)	(39.0, 0.011285340936090684)	(40.0, 0.020788785934903894)	(41.0, 0.03712283202661409)	(42.0, 0.052268947493472634)	(43.0, 0.06325730577335041)	(44.0, 0.15740080779284366)	(45.0, 1.700819672131415)	(46.0, 18.461481349493116)	(47.0, 2.8409360893325832)	(48.0, 3.1670230458543123)	(49.0, 1.4754098360657788)	(50.0, 0.8086837728677526)	(51.0, 2.4046685673559107)	(52.0, 3.507068187218027)	(53.0, 14.291993347585445)	(54.0, 12.6137443573278)	(55.0, 3.5187990021384756)	(56.0, 15.96073889284804)	(57.0, 16.067652649084813)	(58.0, 1.3745842242814865)	(59.0, 0.37998930862442304)	(60.0, 0.2968341648848066)	(61.0, 0.2747089569969443)	(62.0, 0.13007840342125582)	(63.0, 0.08835234022334156)	(64.0, 0.07587906866239921)	(65.0, 0.042171537182233605)	(66.0, 0.023758612497033017)	(67.0, 0.021382751247329718)	(68.0, 0.015294606794965008)	(69.0, 0.008018531717748644)	(70.0, 0.006830601092896993)	(71.0, 0.009800427655026119)	(72.0, 0.04425041577572396)	(73.0, 0.010394392967451944)	(74.0, 0.0005939653124258255)	(75.0, 0.0)	(76.0, 0.0)	(77.0, 0.0)	(78.0, 0.0)	(79.0, 0.0)	(80.0, 0.0)	(81.0, 0.0)	(82.0, 0.0005939653124258255)	(83.0, 0.0)	(84.0, 0.0)	(85.0, 0.0)	(86.0, 0.0)	(87.0, 0.0)	(88.0, 0.0)	(89.0, 0.0008909479686387383)	(90.0, 0.0008909479686387383)	(91.0, 0.0005939653124258255)	(92.0, 0.0005939653124258255)	(93.0, 0.0)	(94.0, 0.0)	(95.0, 0.0)	(96.0, 0.0)	(97.0, 0.0)	(98.0, 0.0)	(99.0, 0.0)	(100.0, 0.0)
2529R_R_F_NS1_week5_S5_L001_R1_001	(0.0, 0.0)	(1.0, 0.0)	(2.0, 0.0)	(3.0, 0.0)	(4.0, 0.0)	(5.0, 0.0)	(6.0, 0.0)	(7.0, 0.0)	(8.0, 0.0)	(9.0, 0.0)	(10.0, 0.0)	(11.0, 0.0)	(12.0, 0.0)	(13.0, 0.0)	(14.0, 0.0)	(15.0, 0.0)	(16.0, 0.0)	(17.0, 0.0)	(18.0, 0.0)	(19.0, 0.0)	(20.0, 0.0)	(21.0, 0.0)	(22.0, 0.0)	(23.0, 0.0)	(24.0, 0.0)	(25.0, 0.0)	(26.0, 0.0)	(27.0, 0.0)	(28.0, 0.0)	(29.0, 0.0)	(30.0, 0.0)	(31.0, 0.0)	(32.0, 0.0007548366156145197)	(33.0, 0.0007548366156145197)	(34.0, 0.0)	(35.0, 0.0)	(36.0, 0.0)	(37.0, 0.0)	(38.0, 0.0)	(39.0, 0.004529019693687119)	(40.0, 0.010379003464699645)	(41.0, 0.025853154084797297)	(42.0, 0.04830954339932926)	(43.0, 0.09133523048935686)	(44.0, 0.24588802753642966)	(45.0, 0.48366156145500494)	(46.0, 1.2396304319929308)	(47.0, 14.741392975486619)	(48.0, 42.417477487003836)	(49.0, 5.182519493655223)	(50.0, 1.5249586726952475)	(51.0, 9.450554427495291)	(52.0, 13.112078140684133)	(53.0, 6.327040512081236)	(54.0, 3.7041719819741483)	(55.0, 1.0024230255360655)	(56.0, 0.14964635904557877)	(57.0, 0.04378052370564213)	(58.0, 0.01490802315838676)	(59.0, 0.02245638931453196)	(60.0, 0.009812876002988755)	(61.0, 0.012077385849832312)	(62.0, 0.10303519803138204)	(63.0, 0.021512843545013812)	(64.0, 0.005661274617108897)	(65.0, 0.003396764770265339)	(66.0, 0.0)	(67.0, 0.0)	(68.0, 0.0)	(69.0, 0.0)	(70.0, 0.0)	(71.0, 0.0)	(72.0, 0.0)	(73.0, 0.0)	(74.0, 0.0)	(75.0, 0.0)	(76.0, 0.0)	(77.0, 0.0)	(78.0, 0.0)	(79.0, 0.0)	(80.0, 0.0)	(81.0, 0.0)	(82.0, 0.0)	(83.0, 0.0)	(84.0, 0.0)	(85.0, 0.0)	(86.0, 0.0)	(87.0, 0.0)	(88.0, 0.0)	(89.0, 0.0)	(90.0, 0.0)	(91.0, 0.0)	(92.0, 0.0)	(93.0, 0.0)	(94.0, 0.0)	(95.0, 0.0)	(96.0, 0.0)	(97.0, 0.0)	(98.0, 0.0)	(99.0, 0.0)	(100.0, 0.0)
2529R_R_F_NS1_week5_S5_L001_R2_001	(0.0, 0.0)	(1.0, 0.0)	(2.0, 0.0)	(3.0, 0.0)	(4.0, 0.0)	(5.0, 0.0)	(6.0, 0.0)	(7.0, 0.0)	(8.0, 0.0)	(9.0, 0.0)	(10.0, 0.0)	(11.0, 0.0)	(12.0, 0.0)	(13.0, 0.0)	(14.0, 0.0)	(15.0, 0.0)	(16.0, 0.0)	(17.0, 0.0)	(18.0, 0.0)	(19.0, 0.0)	(20.0, 0.0)	(21.0, 0.0)	(22.0, 0.0)	(23.0, 0.0)	(24.0, 0.0)	(25.0, 0.0)	(26.0, 0.0)	(27.0, 0.0)	(28.0, 0.0)	(29.0, 0.0)	(30.0, 0.0)	(31.0, 0.0007182424606985541)	(32.0, 0.0017956061517463851)	(33.0, 0.0010773636910478312)	(34.0, 0.0010773636910478312)	(35.0, 0.0032320910731434937)	(36.0, 0.004309454764191325)	(37.0, 0.003950333533842047)	(38.0, 0.007182424606985541)	(39.0, 0.014723970444320358)	(40.0, 0.02801145596724361)	(41.0, 0.0344756381135306)	(42.0, 0.04776312363645385)	(43.0, 0.07469721591264962)	(44.0, 0.14706014382802904)	(45.0, 0.7227314760779172)	(46.0, 8.242550478977915)	(47.0, 5.805733370441817)	(48.0, 13.482488351000374)	(49.0, 30.311268326416602)	(50.0, 3.359399549302175)	(51.0, 4.270130989467756)	(52.0, 4.279468141456831)	(53.0, 3.747609599309661)	(54.0, 3.8433154071977236)	(55.0, 1.09496063133493)	(56.0, 9.616907427524106)	(57.0, 8.901897057899289)	(58.0, 0.716087733316456)	(59.0, 0.2503074975534458)	(60.0, 0.2767029079841174)	(61.0, 0.27562554429306924)	(62.0, 0.0904985500480178)	(63.0, 0.0563820331648365)	(64.0, 0.05063609347924804)	(65.0, 0.030166183349339272)	(66.0, 0.013287485522923248)	(67.0, 0.016878697826416024)	(68.0, 0.026215849815497225)	(69.0, 0.016519576596066742)	(70.0, 0.012569243062224695)	(71.0, 0.02011078889955951)	(72.0, 0.07182424606985532)	(73.0, 0.021188152590607346)	(74.0, 0.0)	(75.0, 0.0007182424606985541)	(76.0, 0.0010773636910478312)	(77.0, 0.0021547273820956623)	(78.0, 0.0010773636910478312)	(79.0, 0.0)	(80.0, 0.0)	(81.0, 0.0)	(82.0, 0.0)	(83.0, 0.0)	(84.0, 0.0)	(85.0, 0.0)	(86.0, 0.0)	(87.0, 0.0)	(88.0, 0.0)	(89.0, 0.0)	(90.0, 0.0)	(91.0, 0.0007182424606985541)	(92.0, 0.0007182424606985541)	(93.0, 0.0)	(94.0, 0.0)	(95.0, 0.0)	(96.0, 0.0)	(97.0, 0.0)	(98.0, 0.0)	(99.0, 0.0)	(100.0, 0.0)
2529R_R_F_NS1_week6_S6_L001_R1_001	(0.0, 0.0)	(1.0, 0.0)	(2.0, 0.0)	(3.0, 0.0)	(4.0, 0.0)	(5.0, 0.0)	(6.0, 0.0)	(7.0, 0.0)	(8.0, 0.0)	(9.0, 0.0)	(10.0, 0.0)	(11.0, 0.0)	(12.0, 0.0)	(13.0, 0.0)	(14.0, 0.0)	(15.0, 0.0)	(16.0, 0.0)	(17.0, 0.0)	(18.0, 0.0)	(19.0, 0.0)	(20.0, 0.0)	(21.0, 0.0)	(22.0, 0.0)	(23.0, 0.0)	(24.0, 0.0)	(25.0, 0.0)	(26.0, 0.0)	(27.0, 0.0)	(28.0, 0.0)	(29.0, 0.0)	(30.0, 0.000711837501735036)	(31.0, 0.000711837501735036)	(32.0, 0.0)	(33.0, 0.0)	(34.0, 0.0010677562526025541)	(35.0, 0.0010677562526025541)	(36.0, 0.0)	(37.0, 0.0)	(38.0, 0.0010677562526025541)	(39.0, 0.0010677562526025541)	(40.0, 0.006050618764747806)	(41.0, 0.01245715628036313)	(42.0, 0.03381228133241422)	(43.0, 0.09360663147815723)	(44.0, 0.24113495371274338)	(45.0, 0.431195566675999)	(46.0, 1.0633072682166913)	(47.0, 14.169125472032587)	(48.0, 36.84203969919259)	(49.0, 4.712008342734831)	(50.0, 1.3610333033173918)	(51.0, 11.60045984702402)	(52.0, 16.842075291045262)	(53.0, 7.993045347608506)	(54.0, 2.885967191409214)	(55.0, 1.1816502528801458)	(56.0, 0.15162138786956278)	(57.0, 0.03754942821652315)	(58.0, 0.0313208500763416)	(59.0, 0.04271025010410216)	(60.0, 0.014592668785568235)	(61.0, 0.020643287550316042)	(62.0, 0.1857895879528441)	(63.0, 0.030253093823739047)	(64.0, 0.006584496891049084)	(65.0, 0.003203268757807662)	(66.0, 0.0010677562526025541)	(67.0, 0.0)	(68.0, 0.0)	(69.0, 0.0)	(70.0, 0.0)	(71.0, 0.0)	(72.0, 0.0)	(73.0, 0.0)	(74.0, 0.0)	(75.0, 0.0)	(76.0, 0.0)	(77.0, 0.0)	(78.0, 0.0)	(79.0, 0.0)	(80.0, 0.0)	(81.0, 0.0)	(82.0, 0.0)	(83.0, 0.0)	(84.0, 0.0)	(85.0, 0.0)	(86.0, 0.0)	(87.0, 0.0)	(88.0, 0.0)	(89.0, 0.0)	(90.0, 0.0)	(91.0, 0.0)	(92.0, 0.0)	(93.0, 0.0)	(94.0, 0.0)	(95.0, 0.0)	(96.0, 0.0)	(97.0, 0.0)	(98.0, 0.0)	(99.0, 0.0)	(100.0, 0.0)
2529R_R_F_NS1_week6_S6_L001_R2_001	(0.0, 0.0)	(1.0, 0.0)	(2.0, 0.0)	(3.0, 0.0)	(4.0, 0.0)	(5.0, 0.0)	(6.0, 0.0)	(7.0, 0.0)	(8.0, 0.0)	(9.0, 0.0)	(10.0, 0.0)	(11.0, 0.0)	(12.0, 0.0)	(13.0, 0.0)	(14.0, 0.0)	(15.0, 0.0)	(16.0, 0.0)	(17.0, 0.0)	(18.0, 0.0)	(19.0, 0.0)	(20.0, 0.0)	(21.0, 0.0)	(22.0, 0.0)	(23.0, 0.0)	(24.0, 0.0)	(25.0, 0.0)	(26.0, 0.0)	(27.0, 0.0)	(28.0, 0.0)	(29.0, 0.0)	(30.0, 0.0)	(31.0, 0.0010435345209915087)	(32.0, 0.0010435345209915087)	(33.0, 0.0031306035629745264)	(34.0, 0.006261207125949053)	(35.0, 0.0031306035629745264)	(36.0, 0.0031306035629745264)	(37.0, 0.0031306035629745264)	(38.0, 0.0027827587226440234)	(39.0, 0.018783621377847157)	(40.0, 0.03339310467172828)	(41.0, 0.03791508759602482)	(42.0, 0.04348060504131286)	(43.0, 0.058090088335193975)	(44.0, 0.11061465922510003)	(45.0, 0.7096034742742222)	(46.0, 8.724644285171044)	(47.0, 5.861185559569289)	(48.0, 11.806897415336897)	(49.0, 25.268840580977503)	(50.0, 2.691101607216911)	(51.0, 4.591725814782581)	(52.0, 5.085317643211775)	(53.0, 4.088394330824251)	(54.0, 3.996389370556856)	(55.0, 1.147366205830154)	(56.0, 11.98395043906503)	(57.0, 11.327219380521601)	(58.0, 0.8819605926579818)	(59.0, 0.26070970782771147)	(60.0, 0.2920157434574566)	(61.0, 0.30975583031431275)	(62.0, 0.10783190050245595)	(63.0, 0.05600301929321097)	(64.0, 0.05426379509155843)	(65.0, 0.0358280185540418)	(66.0, 0.02817543206677074)	(67.0, 0.05739439865453298)	(68.0, 0.059133622856185494)	(69.0, 0.020870690419830175)	(70.0, 0.016000862655203132)	(71.0, 0.0344366391927198)	(72.0, 0.13844224645154043)	(73.0, 0.030958190789414773)	(74.0, 0.0034784484033050294)	(75.0, 0.0031306035629745264)	(76.0, 0.0010435345209915087)	(77.0, 0.0)	(78.0, 0.0)	(79.0, 0.0)	(80.0, 0.0)	(81.0, 0.0)	(82.0, 0.0)	(83.0, 0.0)	(84.0, 0.0)	(85.0, 0.0)	(86.0, 0.0)	(87.0, 0.0)	(88.0, 0.0)	(89.0, 0.0)	(90.0, 0.0)	(91.0, 0.0)	(92.0, 0.0)	(93.0, 0.0)	(94.0, 0.0)	(95.0, 0.0)	(96.0, 0.0)	(97.0, 0.0)	(98.0, 0.0)	(99.0, 0.0)	(100.0, 0.0)
2529R_R_F_NS1_week7_S7_L001_R1_001	(0.0, 0.0)	(1.0, 0.0)	(2.0, 0.0)	(3.0, 0.0)	(4.0, 0.0)	(5.0, 0.0)	(6.0, 0.0)	(7.0, 0.0)	(8.0, 0.0)	(9.0, 0.0)	(10.0, 0.0)	(11.0, 0.0)	(12.0, 0.0)	(13.0, 0.0)	(14.0, 0.0)	(15.0, 0.0)	(16.0, 0.0)	(17.0, 0.0)	(18.0, 0.0)	(19.0, 0.0)	(20.0, 0.0)	(21.0, 0.0)	(22.0, 0.0)	(23.0, 0.0)	(24.0, 0.0)	(25.0, 0.0)	(26.0, 0.0)	(27.0, 0.0)	(28.0, 0.0)	(29.0, 0.0)	(30.0, 0.0)	(31.0, 0.0)	(32.0, 0.0)	(33.0, 0.0)	(34.0, 0.0)	(35.0, 0.0)	(36.0, 0.0006571835086368736)	(37.0, 0.001642958771592184)	(38.0, 0.0009857752629553105)	(39.0, 0.0009857752629553105)	(40.0, 0.0046002845604581144)	(41.0, 0.012815078418419034)	(42.0, 0.024315789819564324)	(43.0, 0.05947510753163707)	(44.0, 0.1702105287369503)	(45.0, 0.25794452713997257)	(46.0, 0.639275258026517)	(47.0, 11.277104712330162)	(48.0, 24.983652560226677)	(49.0, 3.348185680627517)	(50.0, 1.7523798257802787)	(51.0, 22.10551738414624)	(52.0, 25.37418386023474)	(53.0, 5.741483723206434)	(54.0, 2.8980149772113495)	(55.0, 0.9235071255119499)	(56.0, 0.12272902023793635)	(57.0, 0.03154480841456995)	(58.0, 0.02037268876774308)	(59.0, 0.03351635894048056)	(60.0, 0.007886202103642484)	(61.0, 0.013800853681374342)	(62.0, 0.15246657400375463)	(63.0, 0.02595874859115652)	(64.0, 0.006078947454891081)	(65.0, 0.005750355700572644)	(66.0, 0.001642958771592184)	(67.0, 0.0013143670172737472)	(68.0, 0.0)	(69.0, 0.0)	(70.0, 0.0)	(71.0, 0.0)	(72.0, 0.0)	(73.0, 0.0)	(74.0, 0.0)	(75.0, 0.0)	(76.0, 0.0)	(77.0, 0.0)	(78.0, 0.0)	(79.0, 0.0)	(80.0, 0.0)	(81.0, 0.0)	(82.0, 0.0)	(83.0, 0.0)	(84.0, 0.0)	(85.0, 0.0)	(86.0, 0.0)	(87.0, 0.0)	(88.0, 0.0)	(89.0, 0.0)	(90.0, 0.0)	(91.0, 0.0)	(92.0, 0.0)	(93.0, 0.0)	(94.0, 0.0)	(95.0, 0.0)	(96.0, 0.0)	(97.0, 0.0)	(98.0, 0.0)	(99.0, 0.0)	(100.0, 0.0)
2529R_R_F_NS1_week7_S7_L001_R2_001	(0.0, 0.0)	(1.0, 0.0)	(2.0, 0.0)	(3.0, 0.0)	(4.0, 0.0)	(5.0, 0.0)	(6.0, 0.0)	(7.0, 0.0)	(8.0, 0.0)	(9.0, 0.0)	(10.0, 0.0)	(11.0, 0.0)	(12.0, 0.0)	(13.0, 0.0)	(14.0, 0.0)	(15.0, 0.0)	(16.0, 0.0)	(17.0, 0.0)	(18.0, 0.0)	(19.0, 0.0)	(20.0, 0.0)	(21.0, 0.0)	(22.0, 0.0)	(23.0, 0.0)	(24.0, 0.0)	(25.0, 0.0)	(26.0, 0.0)	(27.0, 0.0)	(28.0, 0.0)	(29.0, 0.0)	(30.0, 0.0)	(31.0, 0.0)	(32.0, 0.0)	(33.0, 0.0009633385460652173)	(34.0, 0.0019266770921304347)	(35.0, 0.0009633385460652173)	(36.0, 0.0038533541842608694)	(37.0, 0.00834893406589855)	(38.0, 0.00834893406589855)	(39.0, 0.012523401098847826)	(40.0, 0.019266770921304344)	(41.0, 0.023120125105565215)	(42.0, 0.04656136305981883)	(43.0, 0.06358034404030431)	(44.0, 0.0822048892642319)	(45.0, 0.5237350562107934)	(46.0, 6.96349268023342)	(47.0, 5.222097701795411)	(48.0, 8.046766875283987)	(49.0, 15.628562345659283)	(50.0, 1.837086607346428)	(51.0, 3.3978556083961573)	(52.0, 3.6701593040838656)	(53.0, 3.8416335652834435)	(54.0, 4.239331828384136)	(55.0, 1.5398966658852775)	(56.0, 20.807309812890136)	(57.0, 20.969311245053703)	(58.0, 1.4488611732821066)	(59.0, 0.43221789433459556)	(60.0, 0.28675377387874623)	(61.0, 0.2348940488155684)	(62.0, 0.10660946576455076)	(63.0, 0.07803042223128262)	(64.0, 0.07514040659308698)	(65.0, 0.041744670329492736)	(66.0, 0.02504680219769565)	(67.0, 0.03981799323736232)	(68.0, 0.038212428993920286)	(69.0, 0.017661206677862317)	(70.0, 0.01830343237523913)	(71.0, 0.03853354184260868)	(72.0, 0.11881175401471043)	(73.0, 0.02665236644113769)	(74.0, 0.001284451394753623)	(75.0, 0.0009633385460652173)	(76.0, 0.001605564243442029)	(77.0, 0.0006422256973768115)	(78.0, 0.0)	(79.0, 0.0)	(80.0, 0.0009633385460652173)	(81.0, 0.002408346365163043)	(82.0, 0.002408346365163043)	(83.0, 0.0009633385460652173)	(84.0, 0.0)	(85.0, 0.0)	(86.0, 0.0)	(87.0, 0.0)	(88.0, 0.0)	(89.0, 0.0)	(90.0, 0.0)	(91.0, 0.0)	(92.0, 0.0)	(93.0, 0.0)	(94.0, 0.0006422256973768115)	(95.0, 0.0009633385460652173)	(96.0, 0.0009633385460652173)	(97.0, 0.0)	(98.0, 0.0)	(99.0, 0.0)	(100.0, 0.0)
2529R_R_F_NS1_week9_S8_L001_R1_001	(0.0, 0.0)	(1.0, 0.0)	(2.0, 0.0)	(3.0, 0.0)	(4.0, 0.0)	(5.0, 0.0)	(6.0, 0.0)	(7.0, 0.0)	(8.0, 0.0)	(9.0, 0.0)	(10.0, 0.0)	(11.0, 0.0)	(12.0, 0.0)	(13.0, 0.0)	(14.0, 0.0)	(15.0, 0.0)	(16.0, 0.0)	(17.0, 0.0)	(18.0, 0.0)	(19.0, 0.0)	(20.0, 0.0)	(21.0, 0.0)	(22.0, 0.0)	(23.0, 0.0)	(24.0, 0.0)	(25.0, 0.0)	(26.0, 0.0)	(27.0, 0.0)	(28.0, 0.0)	(29.0, 0.0)	(30.0, 0.0)	(31.0, 0.0)	(32.0, 0.0)	(33.0, 0.0)	(34.0, 0.0)	(35.0, 0.0)	(36.0, 0.0)	(37.0, 0.0)	(38.0, 0.0)	(39.0, 0.0)	(40.0, 0.000689965656959408)	(41.0, 0.00793460505503319)	(42.0, 0.017939107080944604)	(43.0, 0.04726264750171945)	(44.0, 0.11901907582549788)	(45.0, 0.19974505768974843)	(46.0, 0.7919080827751529)	(47.0, 14.150850641405393)	(48.0, 19.660743886471323)	(49.0, 3.7406488092051715)	(50.0, 2.503885369105698)	(51.0, 19.98088795130109)	(52.0, 24.263159801227353)	(53.0, 8.29562958503861)	(54.0, 4.474254793967255)	(55.0, 1.172424142588263)	(56.0, 0.1711114829259331)	(57.0, 0.05226489851467513)	(58.0, 0.03070347173469367)	(59.0, 0.04381281921692239)	(60.0, 0.008107096469273045)	(61.0, 0.016559175767025786)	(62.0, 0.19560526374799164)	(63.0, 0.044157802045402095)	(64.0, 0.00793460505503319)	(65.0, 0.002759862627837632)	(66.0, 0.0)	(67.0, 0.0)	(68.0, 0.0)	(69.0, 0.0)	(70.0, 0.0)	(71.0, 0.0)	(72.0, 0.0)	(73.0, 0.0)	(74.0, 0.0)	(75.0, 0.0)	(76.0, 0.0)	(77.0, 0.0)	(78.0, 0.0)	(79.0, 0.0)	(80.0, 0.0)	(81.0, 0.0)	(82.0, 0.0)	(83.0, 0.0)	(84.0, 0.0)	(85.0, 0.0)	(86.0, 0.0)	(87.0, 0.0)	(88.0, 0.0)	(89.0, 0.0)	(90.0, 0.0)	(91.0, 0.0)	(92.0, 0.0)	(93.0, 0.0)	(94.0, 0.0)	(95.0, 0.0)	(96.0, 0.0)	(97.0, 0.0)	(98.0, 0.0)	(99.0, 0.0)	(100.0, 0.0)
2529R_R_F_NS1_week9_S8_L001_R2_001	(0.0, 0.0)	(1.0, 0.0)	(2.0, 0.0)	(3.0, 0.0)	(4.0, 0.0)	(5.0, 0.0)	(6.0, 0.0)	(7.0, 0.0)	(8.0, 0.0)	(9.0, 0.0)	(10.0, 0.0)	(11.0, 0.0)	(12.0, 0.0)	(13.0, 0.0)	(14.0, 0.0)	(15.0, 0.0)	(16.0, 0.0)	(17.0, 0.0)	(18.0, 0.0)	(19.0, 0.0)	(20.0, 0.0)	(21.0, 0.0)	(22.0, 0.0)	(23.0, 0.0)	(24.0, 0.0)	(25.0, 0.0)	(26.0, 0.0)	(27.0, 0.0)	(28.0, 0.0)	(29.0, 0.0)	(30.0, 0.0)	(31.0, 0.0010119391959468294)	(32.0, 0.0010119391959468294)	(33.0, 0.0010119391959468294)	(34.0, 0.002023878391893659)	(35.0, 0.002023878391893659)	(36.0, 0.0010119391959468294)	(37.0, 0.002023878391893659)	(38.0, 0.006071635175680977)	(39.0, 0.013155209547308783)	(40.0, 0.017202966331096102)	(41.0, 0.022937288441461468)	(42.0, 0.032719367335614154)	(43.0, 0.04351338542571367)	(44.0, 0.08264170100232442)	(45.0, 0.6478097419386273)	(46.0, 8.093827002249451)	(47.0, 7.0024505794202945)	(48.0, 7.979477873107374)	(49.0, 9.457077755721505)	(50.0, 1.4227865095012593)	(51.0, 4.284381899105924)	(52.0, 5.172527200082313)	(53.0, 6.268288692760528)	(54.0, 6.77931798671387)	(55.0, 1.7267055813506431)	(56.0, 18.735042273757667)	(57.0, 18.924443559932737)	(58.0, 1.4254850140237796)	(59.0, 0.44812040727178887)	(60.0, 0.36143094948567656)	(61.0, 0.32196532084374985)	(62.0, 0.14740580954292148)	(63.0, 0.09579691054963321)	(64.0, 0.07285962210817172)	(65.0, 0.041152193968504405)	(66.0, 0.032719367335614154)	(67.0, 0.03508055879282342)	(68.0, 0.023611914572092694)	(69.0, 0.017540279396411708)	(70.0, 0.019226844722989758)	(71.0, 0.031032802009036124)	(72.0, 0.15685057537175853)	(73.0, 0.037104437184717086)	(74.0, 0.0023611914572092686)	(75.0, 0.0006746261306312196)	(76.0, 0.0006746261306312196)	(77.0, 0.0006746261306312196)	(78.0, 0.0)	(79.0, 0.0)	(80.0, 0.0)	(81.0, 0.0)	(82.0, 0.0)	(83.0, 0.0)	(84.0, 0.0)	(85.0, 0.0)	(86.0, 0.0)	(87.0, 0.0)	(88.0, 0.0)	(89.0, 0.0)	(90.0, 0.0)	(91.0, 0.0)	(92.0, 0.0)	(93.0, 0.0010119391959468294)	(94.0, 0.002023878391893659)	(95.0, 0.0010119391959468294)	(96.0, 0.0)	(97.0, 0.0)	(98.0, 0.0)	(99.0, 0.0)	(100.0, 0.0016865653265780488)
2562R_0_F_NS6_week9_S82_L001_R1_001	(0.0, 0.0)	(1.0, 0.0)	(2.0, 0.0)	(3.0, 0.0)	(4.0, 0.0)	(5.0, 0.0)	(6.0, 0.0)	(7.0, 0.0)	(8.0, 0.0)	(9.0, 0.0)	(10.0, 0.0)	(11.0, 0.0)	(12.0, 0.0)	(13.0, 0.0)	(14.0, 0.0)	(15.0, 0.0)	(16.0, 0.0)	(17.0, 0.0)	(18.0, 0.0)	(19.0, 0.0)	(20.0, 0.0)	(21.0, 0.0)	(22.0, 0.0)	(23.0, 0.0)	(24.0, 0.0)	(25.0, 0.0)	(26.0, 0.0)	(27.0, 0.0)	(28.0, 0.0)	(29.0, 0.0)	(30.0, 0.0)	(31.0, 0.0)	(32.0, 0.0)	(33.0, 0.0)	(34.0, 0.0)	(35.0, 0.0005856583971700894)	(36.0, 0.0014641459929252234)	(37.0, 0.0017569751915102682)	(38.0, 0.0017569751915102682)	(39.0, 0.0032211211844354916)	(40.0, 0.0111275095462317)	(41.0, 0.023426335886803575)	(42.0, 0.05856583971700894)	(43.0, 0.10615058448707876)	(44.0, 0.1923887834703742)	(45.0, 1.3395471689273126)	(46.0, 13.238515238827134)	(47.0, 14.367518213970751)	(48.0, 24.285643170064077)	(49.0, 3.5786656359075213)	(50.0, 1.4742486002764474)	(51.0, 9.515338393420953)	(52.0, 16.501071754865166)	(53.0, 8.48106566401949)	(54.0, 5.477370159533781)	(55.0, 0.9764389626818206)	(56.0, 0.11405697284887517)	(57.0, 0.02986857825567457)	(58.0, 0.02840443226274935)	(59.0, 0.02723311546840917)	(60.0, 0.006442242368870983)	(61.0, 0.020498043900953136)	(62.0, 0.10863963267505186)	(63.0, 0.02371916508538863)	(64.0, 0.004685267177360715)	(65.0, 0.0005856583971700894)	(66.0, 0.0)	(67.0, 0.0)	(68.0, 0.0)	(69.0, 0.0)	(70.0, 0.0)	(71.0, 0.0)	(72.0, 0.0)	(73.0, 0.0)	(74.0, 0.0)	(75.0, 0.0)	(76.0, 0.0)	(77.0, 0.0)	(78.0, 0.0)	(79.0, 0.0)	(80.0, 0.0)	(81.0, 0.0)	(82.0, 0.0)	(83.0, 0.0)	(84.0, 0.0)	(85.0, 0.0)	(86.0, 0.0)	(87.0, 0.0)	(88.0, 0.0)	(89.0, 0.0)	(90.0, 0.0)	(91.0, 0.0)	(92.0, 0.0)	(93.0, 0.0)	(94.0, 0.0)	(95.0, 0.0)	(96.0, 0.0)	(97.0, 0.0)	(98.0, 0.0)	(99.0, 0.0)	(100.0, 0.0)
2562R_0_F_NS6_week9_S82_L001_R2_001	(0.0, 0.0)	(1.0, 0.0)	(2.0, 0.0)	(3.0, 0.0)	(4.0, 0.0)	(5.0, 0.0)	(6.0, 0.0)	(7.0, 0.0)	(8.0, 0.0)	(9.0, 0.0)	(10.0, 0.0)	(11.0, 0.0)	(12.0, 0.0)	(13.0, 0.0)	(14.0, 0.0)	(15.0, 0.0)	(16.0, 0.0)	(17.0, 0.0)	(18.0, 0.0)	(19.0, 0.0)	(20.0, 0.0)	(21.0, 0.0)	(22.0, 0.0)	(23.0, 0.0)	(24.0, 0.0)	(25.0, 0.0)	(26.0, 0.0)	(27.0, 0.0)	(28.0, 0.0)	(29.0, 0.0)	(30.0, 0.0)	(31.0, 0.001527207196200244)	(32.0, 0.003563483457800569)	(33.0, 0.0027998798597004475)	(34.0, 0.000763603598100122)	(35.0, 0.0012726726635002032)	(36.0, 0.003563483457800569)	(37.0, 0.00763603598100122)	(38.0, 0.011963123036901911)	(39.0, 0.014508468363902318)	(40.0, 0.01883555541980301)	(41.0, 0.02239903887760358)	(42.0, 0.04734342308220756)	(43.0, 0.09163243177201469)	(44.0, 0.1720653441052271)	(45.0, 2.672612593350255)	(46.0, 19.20730310481897)	(47.0, 15.34092355309841)	(48.0, 12.025483997409486)	(49.0, 9.437249601651372)	(50.0, 0.9196332666452459)	(51.0, 5.3963866277742705)	(52.0, 5.725372511289225)	(53.0, 4.435391499564846)	(54.0, 5.945163080275773)	(55.0, 1.1927488202324117)	(56.0, 8.22553795873391)	(57.0, 7.901770033139732)	(58.0, 0.48272474126562664)	(59.0, 0.15577513401242477)	(60.0, 0.11250426345341792)	(61.0, 0.09137789723931466)	(62.0, 0.05294318280160845)	(63.0, 0.03627117090975579)	(64.0, 0.028253333129704516)	(65.0, 0.01832648635440293)	(66.0, 0.015144804695652419)	(67.0, 0.02201723707855352)	(68.0, 0.020617297148703296)	(69.0, 0.011454053971501827)	(70.0, 0.00789057051370126)	(71.0, 0.018835555419803016)	(72.0, 0.07966930873511287)	(73.0, 0.01858102088710297)	(74.0, 0.000763603598100122)	(75.0, 0.0)	(76.0, 0.0)	(77.0, 0.0)	(78.0, 0.0)	(79.0, 0.0)	(80.0, 0.0)	(81.0, 0.0)	(82.0, 0.0008908708644501422)	(83.0, 0.0)	(84.0, 0.0)	(85.0, 0.0)	(86.0, 0.0)	(87.0, 0.0)	(88.0, 0.0)	(89.0, 0.0005090690654000813)	(90.0, 0.0)	(91.0, 0.0)	(92.0, 0.0)	(93.0, 0.0)	(94.0, 0.0)	(95.0, 0.0)	(96.0, 0.0)	(97.0, 0.0)	(98.0, 0.0)	(99.0, 0.0)	(100.0, 0.0)
2562R_RL_F_NS6_week9_S83_L001_R1_001	(0.0, 0.0)	(1.0, 0.0)	(2.0, 0.0)	(3.0, 0.0)	(4.0, 0.0)	(5.0, 0.0)	(6.0, 0.0)	(7.0, 0.0)	(8.0, 0.0)	(9.0, 0.0)	(10.0, 0.0)	(11.0, 0.0)	(12.0, 0.0)	(13.0, 0.0)	(14.0, 0.0)	(15.0, 0.0)	(16.0, 0.0)	(17.0, 0.0)	(18.0, 0.0)	(19.0, 0.0)	(20.0, 0.0)	(21.0, 0.0)	(22.0, 0.0)	(23.0, 0.0)	(24.0, 0.0)	(25.0, 0.0)	(26.0, 0.0)	(27.0, 0.0)	(28.0, 0.0)	(29.0, 0.0)	(30.0, 0.0)	(31.0, 0.0)	(32.0, 0.0)	(33.0, 0.0)	(34.0, 0.0)	(35.0, 0.0)	(36.0, 0.0)	(37.0, 0.0)	(38.0, 0.002569579391973255)	(39.0, 0.0038543690879598823)	(40.0, 0.008672330447909734)	(41.0, 0.019593042863796067)	(42.0, 0.052033982687458395)	(43.0, 0.0936290490950255)	(44.0, 0.16991343729423142)	(45.0, 1.3191578203542837)	(46.0, 14.098639728905072)	(47.0, 16.088136573139387)	(48.0, 26.921965085854232)	(49.0, 4.2916793807311295)	(50.0, 1.5492957746479141)	(51.0, 9.678802576003076)	(52.0, 16.14450672105091)	(53.0, 7.159169383462567)	(54.0, 1.6008479611993836)	(55.0, 0.5595259126021781)	(56.0, 0.0652030770713213)	(57.0, 0.011241909839882987)	(58.0, 0.021520227407776017)	(59.0, 0.026659386191722534)	(60.0, 0.006423948479933137)	(61.0, 0.010599514991889675)	(62.0, 0.0685756500232862)	(63.0, 0.020396036423787713)	(64.0, 0.004175566511956539)	(65.0, 0.002569579391973255)	(66.0, 0.0006423948479933137)	(67.0, 0.0)	(68.0, 0.0)	(69.0, 0.0)	(70.0, 0.0)	(71.0, 0.0)	(72.0, 0.0)	(73.0, 0.0)	(74.0, 0.0)	(75.0, 0.0)	(76.0, 0.0)	(77.0, 0.0)	(78.0, 0.0)	(79.0, 0.0)	(80.0, 0.0)	(81.0, 0.0)	(82.0, 0.0)	(83.0, 0.0)	(84.0, 0.0)	(85.0, 0.0)	(86.0, 0.0)	(87.0, 0.0)	(88.0, 0.0)	(89.0, 0.0)	(90.0, 0.0)	(91.0, 0.0)	(92.0, 0.0)	(93.0, 0.0)	(94.0, 0.0)	(95.0, 0.0)	(96.0, 0.0)	(97.0, 0.0)	(98.0, 0.0)	(99.0, 0.0)	(100.0, 0.0)
2562R_RL_F_NS6_week9_S83_L001_R2_001	(0.0, 0.0)	(1.0, 0.0)	(2.0, 0.0)	(3.0, 0.0)	(4.0, 0.0)	(5.0, 0.0)	(6.0, 0.0)	(7.0, 0.0)	(8.0, 0.0)	(9.0, 0.0)	(10.0, 0.0)	(11.0, 0.0)	(12.0, 0.0)	(13.0, 0.0)	(14.0, 0.0)	(15.0, 0.0)	(16.0, 0.0)	(17.0, 0.0)	(18.0, 0.0)	(19.0, 0.0)	(20.0, 0.0)	(21.0, 0.0)	(22.0, 0.0)	(23.0, 0.0)	(24.0, 0.0)	(25.0, 0.0)	(26.0, 0.0)	(27.0, 0.0)	(28.0, 0.0008482819462980715)	(29.0, 0.001696563892596143)	(30.0, 0.0008482819462980715)	(31.0, 0.0)	(32.0, 0.0)	(33.0, 0.0)	(34.0, 0.0)	(35.0, 0.001696563892596143)	(36.0, 0.003393127785192286)	(37.0, 0.005655212975320477)	(38.0, 0.012158707896939023)	(39.0, 0.016682878277195404)	(40.0, 0.024882937091410096)	(41.0, 0.037607166285881156)	(42.0, 0.057541792023885846)	(43.0, 0.09161445020019175)	(44.0, 0.17008053023276296)	(45.0, 2.9392969439226326)	(46.0, 22.043454656511322)	(47.0, 16.188329902502772)	(48.0, 12.317619381542016)	(49.0, 10.776573845768539)	(50.0, 0.7945574230325153)	(51.0, 3.9925803605761847)	(52.0, 4.121519216413543)	(53.0, 3.007018119302092)	(54.0, 4.814989707512504)	(55.0, 1.0696835342818707)	(56.0, 8.44266745085585)	(57.0, 8.0173954351121)	(58.0, 0.42696857963669876)	(59.0, 0.1451975931413532)	(60.0, 0.11211459723572846)	(61.0, 0.09415929603908602)	(62.0, 0.04312099893681863)	(63.0, 0.027003641957155277)	(64.0, 0.02968986812043251)	(65.0, 0.02431741579387805)	(66.0, 0.014138032438301189)	(67.0, 0.015269075033365285)	(68.0, 0.016117356979663357)	(69.0, 0.008765580111746737)	(70.0, 0.012441468545705046)	(71.0, 0.01809668152102552)	(72.0, 0.04608998574886184)	(73.0, 0.01300698984323709)	(74.0, 0.001413803243830119)	(75.0, 0.0)	(76.0, 0.0)	(77.0, 0.0)	(78.0, 0.0)	(79.0, 0.0008482819462980715)	(80.0, 0.0008482819462980715)	(81.0, 0.0)	(82.0, 0.0)	(83.0, 0.0)	(84.0, 0.0)	(85.0, 0.0)	(86.0, 0.0)	(87.0, 0.0)	(88.0, 0.0)	(89.0, 0.0)	(90.0, 0.0)	(91.0, 0.0)	(92.0, 0.0)	(93.0, 0.0)	(94.0, 0.0)	(95.0, 0.0)	(96.0, 0.0)	(97.0, 0.0)	(98.0, 0.0)	(99.0, 0.0)	(100.0, 0.0)
3795R_0_F_S2_week5_S43_L001_R1_001	(0.0, 0.0)	(1.0, 0.0)	(2.0, 0.0)	(3.0, 0.0)	(4.0, 0.0)	(5.0, 0.0)	(6.0, 0.0)	(7.0, 0.0)	(8.0, 0.0)	(9.0, 0.0)	(10.0, 0.0)	(11.0, 0.0)	(12.0, 0.0)	(13.0, 0.0)	(14.0, 0.0)	(15.0, 0.0)	(16.0, 0.0)	(17.0, 0.0)	(18.0, 0.0)	(19.0, 0.0)	(20.0, 0.0)	(21.0, 0.0)	(22.0, 0.0)	(23.0, 0.0)	(24.0, 0.0)	(25.0, 0.0)	(26.0, 0.0)	(27.0, 0.0)	(28.0, 0.0)	(29.0, 0.0)	(30.0, 0.0)	(31.0, 0.0)	(32.0, 0.0)	(33.0, 0.0)	(34.0, 0.0)	(35.0, 0.0)	(36.0, 0.0)	(37.0, 0.000478443146002673)	(38.0, 0.0011961078650066827)	(39.0, 0.0014353294380080193)	(40.0, 0.0014353294380080193)	(41.0, 0.003588323595020048)	(42.0, 0.008731587414548785)	(43.0, 0.027510480895153698)	(44.0, 0.08492365841547449)	(45.0, 0.1241559963876936)	(46.0, 0.37234837837658324)	(47.0, 19.892589513723117)	(48.0, 21.15974618591349)	(49.0, 3.956126763509793)	(50.0, 4.556692522529919)	(51.0, 19.557798922307125)	(52.0, 22.04917199433398)	(53.0, 5.382724614103887)	(54.0, 2.066515558371979)	(55.0, 0.403806015226258)	(56.0, 0.09568862920053474)	(57.0, 0.022486827862125643)	(58.0, 0.08600015549398068)	(59.0, 0.08994731144850276)	(60.0, 0.00897080898755012)	(61.0, 0.005023653033028068)	(62.0, 0.03038113977116973)	(63.0, 0.005741317752032077)	(64.0, 0.0026314373030147014)	(65.0, 0.0007176647190040097)	(66.0, 0.0)	(67.0, 0.0007176647190040097)	(68.0, 0.0007176647190040097)	(69.0, 0.0)	(70.0, 0.0)	(71.0, 0.0)	(72.0, 0.0)	(73.0, 0.0)	(74.0, 0.0)	(75.0, 0.0)	(76.0, 0.0)	(77.0, 0.0)	(78.0, 0.0)	(79.0, 0.0)	(80.0, 0.0)	(81.0, 0.0)	(82.0, 0.0)	(83.0, 0.0)	(84.0, 0.0)	(85.0, 0.0)	(86.0, 0.0)	(87.0, 0.0)	(88.0, 0.0)	(89.0, 0.0)	(90.0, 0.0)	(91.0, 0.0)	(92.0, 0.0)	(93.0, 0.0)	(94.0, 0.0)	(95.0, 0.0)	(96.0, 0.0)	(97.0, 0.0)	(98.0, 0.0)	(99.0, 0.0)	(100.0, 0.0)
3795R_0_F_S2_week5_S43_L001_R2_001	(0.0, 0.0)	(1.0, 0.0)	(2.0, 0.0)	(3.0, 0.0)	(4.0, 0.0)	(5.0, 0.0)	(6.0, 0.0)	(7.0, 0.0)	(8.0, 0.0)	(9.0, 0.0)	(10.0, 0.0)	(11.0, 0.0)	(12.0, 0.0)	(13.0, 0.0)	(14.0, 0.0)	(15.0, 0.0)	(16.0, 0.0)	(17.0, 0.0)	(18.0, 0.0)	(19.0, 0.0)	(20.0, 0.0)	(21.0, 0.0)	(22.0, 0.0)	(23.0, 0.0)	(24.0, 0.0)	(25.0, 0.0)	(26.0, 0.0)	(27.0, 0.0)	(28.0, 0.0007285346375720419)	(29.0, 0.0014570692751440838)	(30.0, 0.0014570692751440838)	(31.0, 0.0007285346375720419)	(32.0, 0.0)	(33.0, 0.0007285346375720419)	(34.0, 0.0014570692751440838)	(35.0, 0.0029141385502881676)	(36.0, 0.005828277100576335)	(37.0, 0.005828277100576335)	(38.0, 0.005585432221385654)	(39.0, 0.012870778597106074)	(40.0, 0.022341728885542617)	(41.0, 0.03424112796588597)	(42.0, 0.052940183663568376)	(43.0, 0.08281010380402212)	(44.0, 0.1340503733132555)	(45.0, 1.3456034755956086)	(46.0, 19.3195243640236)	(47.0, 14.950259297617011)	(48.0, 1.6644588019729463)	(49.0, 0.8140160350471566)	(50.0, 0.5564790406654413)	(51.0, 2.760660586639459)	(52.0, 3.1928030491593136)	(53.0, 6.879188315274247)	(54.0, 5.96087040461542)	(55.0, 1.641267116010236)	(56.0, 18.903531085968662)	(57.0, 18.637008831056363)	(58.0, 1.3441464063204456)	(59.0, 0.4223072449125941)	(60.0, 0.3362187352394984)	(61.0, 0.2705291954184189)	(62.0, 0.16112757734301653)	(63.0, 0.1380573138199019)	(64.0, 0.1278578288938933)	(65.0, 0.05852561588495402)	(66.0, 0.034726817724267334)	(67.0, 0.025984402073402833)	(68.0, 0.01529922738901288)	(69.0, 0.01177797664074801)	(70.0, 0.007528191254911099)	(71.0, 0.011656554201152667)	(72.0, 0.027198626469356224)	(73.0, 0.00789245857369712)	(74.0, 0.0007285346375720419)	(75.0, 0.0)	(76.0, 0.0)	(77.0, 0.0)	(78.0, 0.0007285346375720419)	(79.0, 0.0014570692751440838)	(80.0, 0.0007285346375720419)	(81.0, 0.0)	(82.0, 0.0)	(83.0, 0.0)	(84.0, 0.0)	(85.0, 0.0)	(86.0, 0.0)	(87.0, 0.0)	(88.0, 0.0)	(89.0, 0.0007285346375720419)	(90.0, 0.0014570692751440838)	(91.0, 0.0007285346375720419)	(92.0, 0.0)	(93.0, 0.0)	(94.0, 0.0)	(95.0, 0.0)	(96.0, 0.0)	(97.0, 0.00048568975838136127)	(98.0, 0.00048568975838136127)	(99.0, 0.0)	(100.0, 0.0)
3795R_0_F_S2_week6_S44_L001_R1_001	(0.0, 0.0)	(1.0, 0.0)	(2.0, 0.0)	(3.0, 0.0)	(4.0, 0.0)	(5.0, 0.0)	(6.0, 0.0)	(7.0, 0.0)	(8.0, 0.0)	(9.0, 0.0)	(10.0, 0.0)	(11.0, 0.0)	(12.0, 0.0)	(13.0, 0.0)	(14.0, 0.0)	(15.0, 0.0)	(16.0, 0.0)	(17.0, 0.0)	(18.0, 0.0)	(19.0, 0.0)	(20.0, 0.0)	(21.0, 0.0)	(22.0, 0.0)	(23.0, 0.0)	(24.0, 0.0)	(25.0, 0.0)	(26.0, 0.0)	(27.0, 0.0)	(28.0, 0.0)	(29.0, 0.0)	(30.0, 0.0)	(31.0, 0.0)	(32.0, 0.0)	(33.0, 0.0)	(34.0, 0.0)	(35.0, 0.0)	(36.0, 0.0)	(37.0, 0.0005951566154632018)	(38.0, 0.0011903132309264036)	(39.0, 0.0017854698463896054)	(40.0, 0.0026782047695844084)	(41.0, 0.002380626461852807)	(42.0, 0.007737036001021625)	(43.0, 0.019640168310285665)	(44.0, 0.05921808323858858)	(45.0, 0.10236693785967081)	(46.0, 0.25160245918706803)	(47.0, 11.619688971147117)	(48.0, 12.87651095385041)	(49.0, 3.554572885853671)	(50.0, 4.169220880473495)	(51.0, 27.623003993511798)	(52.0, 31.17817203597716)	(53.0, 6.03533444825918)	(54.0, 1.4792617677338282)	(55.0, 0.5783434410763646)	(56.0, 0.12289984109315137)	(57.0, 0.033626348773670905)	(58.0, 0.09939115478235486)	(59.0, 0.09433232355091761)	(60.0, 0.010117662462874431)	(61.0, 0.013986180463385237)	(62.0, 0.043148854621082096)	(63.0, 0.010415240770606031)	(64.0, 0.005058831231437215)	(65.0, 0.0014878915386580044)	(66.0, 0.0008927349231948027)	(67.0, 0.0013391023847922042)	(68.0, 0.0)	(69.0, 0.0)	(70.0, 0.0)	(71.0, 0.0)	(72.0, 0.0)	(73.0, 0.0)	(74.0, 0.0)	(75.0, 0.0)	(76.0, 0.0)	(77.0, 0.0)	(78.0, 0.0)	(79.0, 0.0)	(80.0, 0.0)	(81.0, 0.0)	(82.0, 0.0)	(83.0, 0.0)	(84.0, 0.0)	(85.0, 0.0)	(86.0, 0.0)	(87.0, 0.0)	(88.0, 0.0)	(89.0, 0.0)	(90.0, 0.0)	(91.0, 0.0)	(92.0, 0.0)	(93.0, 0.0)	(94.0, 0.0)	(95.0, 0.0)	(96.0, 0.0)	(97.0, 0.0)	(98.0, 0.0)	(99.0, 0.0)	(100.0, 0.0)
3795R_0_F_S2_week6_S44_L001_R2_001	(0.0, 0.0)	(1.0, 0.0)	(2.0, 0.0)	(3.0, 0.0)	(4.0, 0.0)	(5.0, 0.0)	(6.0, 0.0)	(7.0, 0.0)	(8.0, 0.0)	(9.0, 0.0)	(10.0, 0.0)	(11.0, 0.0)	(12.0, 0.0)	(13.0, 0.0)	(14.0, 0.0)	(15.0, 0.0)	(16.0, 0.0)	(17.0, 0.0)	(18.0, 0.0)	(19.0, 0.0)	(20.0, 0.0)	(21.0, 0.0)	(22.0, 0.0)	(23.0, 0.0)	(24.0, 0.0)	(25.0, 0.0)	(26.0, 0.0)	(27.0, 0.0)	(28.0, 0.0)	(29.0, 0.0)	(30.0, 0.0)	(31.0, 0.0008901284752096856)	(32.0, 0.0017802569504193713)	(33.0, 0.0008901284752096856)	(34.0, 0.0017802569504193713)	(35.0, 0.0026703854256290567)	(36.0, 0.0026703854256290567)	(37.0, 0.0026703854256290567)	(38.0, 0.006230899326467799)	(39.0, 0.011571670177725913)	(40.0, 0.010384832210779665)	(41.0, 0.020324600183954485)	(42.0, 0.030561077648865863)	(43.0, 0.04836364715305956)	(44.0, 0.08604575260360298)	(45.0, 0.5115271637538338)	(46.0, 10.904370530808437)	(47.0, 9.728065750819898)	(48.0, 1.5541643177161557)	(49.0, 0.6981574340561246)	(50.0, 0.4208824140283155)	(51.0, 3.1652968578454392)	(52.0, 3.7518915230085645)	(53.0, 5.814912619053746)	(54.0, 5.113936444825811)	(55.0, 1.8185324748534377)	(56.0, 25.795181437861288)	(57.0, 26.369462659118337)	(58.0, 1.8654125745478085)	(59.0, 0.5500993976795863)	(60.0, 0.5182031273179061)	(61.0, 0.4791858291545497)	(62.0, 0.19375129810397468)	(63.0, 0.13262914280624313)	(64.0, 0.13322256178971628)	(65.0, 0.0683915378452775)	(66.0, 0.03634691273772883)	(67.0, 0.02433017832239807)	(68.0, 0.021066373913295893)	(69.0, 0.01780256950419371)	(70.0, 0.01572560306203778)	(71.0, 0.01958282645461308)	(72.0, 0.03975907189269927)	(73.0, 0.00830786576862373)	(74.0, 0.0)	(75.0, 0.0)	(76.0, 0.0)	(77.0, 0.0)	(78.0, 0.0011868379669462473)	(79.0, 0.0005934189834731236)	(80.0, 0.0)	(81.0, 0.0)	(82.0, 0.0)	(83.0, 0.0)	(84.0, 0.0)	(85.0, 0.0)	(86.0, 0.0)	(87.0, 0.0005934189834731236)	(88.0, 0.0)	(89.0, 0.0)	(90.0, 0.0)	(91.0, 0.0)	(92.0, 0.0)	(93.0, 0.0)	(94.0, 0.0)	(95.0, 0.0)	(96.0, 0.0)	(97.0, 0.0)	(98.0, 0.0)	(99.0, 0.0)	(100.0, 0.0005934189834731236)
3795R_0_F_S2_week7_S45_L001_R1_001	(0.0, 0.0)	(1.0, 0.0)	(2.0, 0.0)	(3.0, 0.0)	(4.0, 0.0)	(5.0, 0.0)	(6.0, 0.0)	(7.0, 0.0)	(8.0, 0.0)	(9.0, 0.0)	(10.0, 0.0)	(11.0, 0.0)	(12.0, 0.0)	(13.0, 0.0)	(14.0, 0.0)	(15.0, 0.0)	(16.0, 0.0)	(17.0, 0.0)	(18.0, 0.0)	(19.0, 0.0)	(20.0, 0.0)	(21.0, 0.0)	(22.0, 0.0)	(23.0, 0.0)	(24.0, 0.0)	(25.0, 0.0)	(26.0, 0.0)	(27.0, 0.0)	(28.0, 0.0)	(29.0, 0.0)	(30.0, 0.0)	(31.0, 0.0)	(32.0, 0.0)	(33.0, 0.0005675892356700092)	(34.0, 0.0011351784713400184)	(35.0, 0.0)	(36.0, 0.0005675892356700092)	(37.0, 0.0005675892356700092)	(38.0, 0.0008513838535050137)	(39.0, 0.0008513838535050137)	(40.0, 0.00042569192675250684)	(41.0, 0.010500400859895169)	(42.0, 0.02894705101917047)	(43.0, 0.05250200429947583)	(44.0, 0.12288306952255702)	(45.0, 0.18673685853543281)	(46.0, 0.4894038184564663)	(47.0, 16.901530362472915)	(48.0, 18.340369074898998)	(49.0, 5.165203941906436)	(50.0, 5.837939083484611)	(51.0, 20.187730139699273)	(52.0, 23.60873236039745)	(53.0, 6.500315721511789)	(54.0, 1.7285930172330857)	(55.0, 0.4537875939181757)	(56.0, 0.11266646328049702)	(57.0, 0.03646760839179809)	(58.0, 0.0805976714651414)	(59.0, 0.07832731452246135)	(60.0, 0.010358503550977666)	(61.0, 0.0045407138853600735)	(62.0, 0.043846268455508174)	(63.0, 0.008797633152885143)	(64.0, 0.0028379461783500457)	(65.0, 0.0014189730891750229)	(66.0, 0.0)	(67.0, 0.0)	(68.0, 0.0)	(69.0, 0.0)	(70.0, 0.0)	(71.0, 0.0)	(72.0, 0.0)	(73.0, 0.0)	(74.0, 0.0)	(75.0, 0.0)	(76.0, 0.0)	(77.0, 0.0)	(78.0, 0.0)	(79.0, 0.0)	(80.0, 0.0)	(81.0, 0.0)	(82.0, 0.0)	(83.0, 0.0)	(84.0, 0.0)	(85.0, 0.0)	(86.0, 0.0)	(87.0, 0.0)	(88.0, 0.0)	(89.0, 0.0)	(90.0, 0.0)	(91.0, 0.0)	(92.0, 0.0)	(93.0, 0.0)	(94.0, 0.0)	(95.0, 0.0)	(96.0, 0.0)	(97.0, 0.0)	(98.0, 0.0)	(99.0, 0.0)	(100.0, 0.0)
3795R_0_F_S2_week7_S45_L001_R2_001	(0.0, 0.0)	(1.0, 0.0)	(2.0, 0.0)	(3.0, 0.0)	(4.0, 0.0)	(5.0, 0.0)	(6.0, 0.0)	(7.0, 0.0)	(8.0, 0.0)	(9.0, 0.0)	(10.0, 0.0)	(11.0, 0.0)	(12.0, 0.0)	(13.0, 0.0)	(14.0, 0.0)	(15.0, 0.0)	(16.0, 0.0)	(17.0, 0.0)	(18.0, 0.0)	(19.0, 0.0)	(20.0, 0.0)	(21.0, 0.0)	(22.0, 0.0)	(23.0, 0.0)	(24.0, 0.0)	(25.0, 0.0)	(26.0, 0.0)	(27.0, 0.0)	(28.0, 0.0)	(29.0, 0.0)	(30.0, 0.0)	(31.0, 0.0)	(32.0, 0.0008749965364719946)	(33.0, 0.0017499930729439892)	(34.0, 0.0017499930729439892)	(35.0, 0.004374982682359973)	(36.0, 0.006999972291775957)	(37.0, 0.00962496190119194)	(38.0, 0.011958285998450594)	(39.0, 0.012249951510607924)	(40.0, 0.025374899557687847)	(41.0, 0.04229149926281308)	(42.0, 0.049291471554589024)	(43.0, 0.07218721425893954)	(44.0, 0.15370772490691348)	(45.0, 1.9564922555514206)	(46.0, 16.730225442855854)	(47.0, 9.367712919468497)	(48.0, 1.90253413580232)	(49.0, 0.9377046215858116)	(50.0, 0.6874556121548256)	(51.0, 3.674693787669959)	(52.0, 4.419899171232262)	(53.0, 8.769652786790392)	(54.0, 7.446658023645829)	(55.0, 1.9996587513506823)	(56.0, 19.212590616831022)	(57.0, 19.08688278109106)	(58.0, 1.4622650452008061)	(59.0, 0.5317062286628154)	(60.0, 0.4100817100932092)	(61.0, 0.34912361805232656)	(62.0, 0.19395756558462537)	(63.0, 0.13649945968963118)	(64.0, 0.11783286691156201)	(65.0, 0.05629144384636497)	(66.0, 0.025958230582002514)	(67.0, 0.028583220191418488)	(68.0, 0.02099991687532787)	(69.0, 0.00787496882824795)	(70.0, 0.002916655121573315)	(71.0, 0.008749965364719945)	(72.0, 0.03558319248319444)	(73.0, 0.010791623949821265)	(74.0, 0.005541644730989299)	(75.0, 0.004083317170202641)	(76.0, 0.0008749965364719946)	(77.0, 0.0)	(78.0, 0.0)	(79.0, 0.0008749965364719946)	(80.0, 0.0008749965364719946)	(81.0, 0.0)	(82.0, 0.0)	(83.0, 0.0)	(84.0, 0.0008749965364719946)	(85.0, 0.0008749965364719946)	(86.0, 0.0)	(87.0, 0.0)	(88.0, 0.0)	(89.0, 0.0)	(90.0, 0.0)	(91.0, 0.000583331024314663)	(92.0, 0.000583331024314663)	(93.0, 0.0)	(94.0, 0.0)	(95.0, 0.0)	(96.0, 0.0)	(97.0, 0.0)	(98.0, 0.0)	(99.0, 0.0004374982682359973)	(100.0, 0.000583331024314663)
3795R_0_F_S2_week9_S46_L001_R1_001	(0.0, 0.0)	(1.0, 0.0)	(2.0, 0.0)	(3.0, 0.0)	(4.0, 0.0)	(5.0, 0.0)	(6.0, 0.0)	(7.0, 0.0)	(8.0, 0.0)	(9.0, 0.0)	(10.0, 0.0)	(11.0, 0.0)	(12.0, 0.0)	(13.0, 0.0)	(14.0, 0.0)	(15.0, 0.0)	(16.0, 0.0)	(17.0, 0.0)	(18.0, 0.0)	(19.0, 0.0)	(20.0, 0.0)	(21.0, 0.0)	(22.0, 0.0)	(23.0, 0.0)	(24.0, 0.0)	(25.0, 0.0)	(26.0, 0.0)	(27.0, 0.0)	(28.0, 0.0)	(29.0, 0.0)	(30.0, 0.0)	(31.0, 0.0)	(32.0, 0.0)	(33.0, 0.0)	(34.0, 0.0)	(35.0, 0.0004514856134107535)	(36.0, 0.0013544568402322607)	(37.0, 0.0015801996469376374)	(38.0, 0.0006772284201161303)	(39.0, 0.0011287140335268838)	(40.0, 0.0024831708737591447)	(41.0, 0.005643570167634419)	(42.0, 0.016704967696197885)	(43.0, 0.04198816204720007)	(44.0, 0.12619022894830564)	(45.0, 0.1899625718425744)	(46.0, 0.5018262593060488)	(47.0, 17.81765399045681)	(48.0, 18.682813297156738)	(49.0, 4.265974689715271)	(50.0, 4.703464249110479)	(51.0, 19.57743204013173)	(52.0, 24.074228749700772)	(53.0, 7.242054981914679)	(54.0, 1.8533484430511036)	(55.0, 0.48805594809702085)	(56.0, 0.11490308861303666)	(57.0, 0.039504991173440904)	(58.0, 0.06952878446525614)	(59.0, 0.06659412797808624)	(60.0, 0.01207724015873766)	(61.0, 0.014108925419086048)	(62.0, 0.05824164412998726)	(63.0, 0.016930710502903266)	(64.0, 0.006998027007866681)	(65.0, 0.002708913680464521)	(66.0, 0.0006772284201161303)	(67.0, 0.0013544568402322607)	(68.0, 0.0013544568402322607)	(69.0, 0.0)	(70.0, 0.0)	(71.0, 0.0)	(72.0, 0.0)	(73.0, 0.0)	(74.0, 0.0)	(75.0, 0.0)	(76.0, 0.0)	(77.0, 0.0)	(78.0, 0.0)	(79.0, 0.0)	(80.0, 0.0)	(81.0, 0.0)	(82.0, 0.0)	(83.0, 0.0)	(84.0, 0.0)	(85.0, 0.0)	(86.0, 0.0)	(87.0, 0.0)	(88.0, 0.0)	(89.0, 0.0)	(90.0, 0.0)	(91.0, 0.0)	(92.0, 0.0)	(93.0, 0.0)	(94.0, 0.0)	(95.0, 0.0)	(96.0, 0.0)	(97.0, 0.0)	(98.0, 0.0)	(99.0, 0.0)	(100.0, 0.0)
3795R_0_F_S2_week9_S46_L001_R2_001	(0.0, 0.0)	(1.0, 0.0)	(2.0, 0.0)	(3.0, 0.0)	(4.0, 0.0)	(5.0, 0.0)	(6.0, 0.0)	(7.0, 0.0)	(8.0, 0.0)	(9.0, 0.0)	(10.0, 0.0)	(11.0, 0.0)	(12.0, 0.0)	(13.0, 0.0)	(14.0, 0.0)	(15.0, 0.0)	(16.0, 0.0)	(17.0, 0.0)	(18.0, 0.0)	(19.0, 0.0)	(20.0, 0.0)	(21.0, 0.0)	(22.0, 0.0)	(23.0, 0.0007019210409019485)	(24.0, 0.0007019210409019485)	(25.0, 0.0)	(26.0, 0.0)	(27.0, 0.0)	(28.0, 0.0)	(29.0, 0.0007019210409019485)	(30.0, 0.001403842081803897)	(31.0, 0.0007019210409019485)	(32.0, 0.0007019210409019485)	(33.0, 0.0021057631227058456)	(34.0, 0.0021057631227058456)	(35.0, 0.0035096052045097423)	(36.0, 0.007019210409019485)	(37.0, 0.007019210409019485)	(38.0, 0.005615368327215588)	(39.0, 0.006317289368117537)	(40.0, 0.014506368178640268)	(41.0, 0.03486207836479677)	(42.0, 0.04457198609727372)	(43.0, 0.07159594617199876)	(44.0, 0.16752515509526458)	(45.0, 2.128224596014623)	(46.0, 17.756379584863545)	(47.0, 10.078416278947659)	(48.0, 1.7611198916229802)	(49.0, 0.9020855243991565)	(50.0, 0.6870637122028487)	(51.0, 4.5213073981301966)	(52.0, 5.186494571225222)	(53.0, 7.193286827162898)	(54.0, 6.156549449751585)	(55.0, 1.9216258363092025)	(56.0, 19.014807024362103)	(57.0, 18.945550814993037)	(58.0, 1.4825742252251024)	(59.0, 0.49590721539722543)	(60.0, 0.41378245361169885)	(61.0, 0.35575698089713953)	(62.0, 0.1512639843143698)	(63.0, 0.1057561034958936)	(64.0, 0.10786186661859934)	(65.0, 0.0651616699637309)	(66.0, 0.03568098624584904)	(67.0, 0.03228836788148963)	(68.0, 0.022929420669463654)	(69.0, 0.016027197100594488)	(70.0, 0.014038420818038966)	(71.0, 0.01310252609683637)	(72.0, 0.045039933457874964)	(73.0, 0.01263457873623507)	(74.0, 0.000935894721202598)	(75.0, 0.000467947360601299)	(76.0, 0.0)	(77.0, 0.0)	(78.0, 0.0007019210409019485)	(79.0, 0.0011698684015032474)	(80.0, 0.0)	(81.0, 0.0)	(82.0, 0.0)	(83.0, 0.0)	(84.0, 0.0)	(85.0, 0.0)	(86.0, 0.0)	(87.0, 0.000467947360601299)	(88.0, 0.000467947360601299)	(89.0, 0.0)	(90.0, 0.0)	(91.0, 0.0)	(92.0, 0.0)	(93.0, 0.0)	(94.0, 0.0)	(95.0, 0.0)	(96.0, 0.0)	(97.0, 0.000467947360601299)	(98.0, 0.000467947360601299)	(99.0, 0.0)	(100.0, 0.000467947360601299)
3861R_R_M_NS1_week9_S34_L001_R1_001	(0.0, 0.0)	(1.0, 0.0)	(2.0, 0.0)	(3.0, 0.0)	(4.0, 0.0)	(5.0, 0.0)	(6.0, 0.0)	(7.0, 0.0)	(8.0, 0.0)	(9.0, 0.0)	(10.0, 0.0)	(11.0, 0.0)	(12.0, 0.0)	(13.0, 0.0)	(14.0, 0.0)	(15.0, 0.0)	(16.0, 0.0)	(17.0, 0.0)	(18.0, 0.0)	(19.0, 0.0)	(20.0, 0.0)	(21.0, 0.0)	(22.0, 0.0)	(23.0, 0.0)	(24.0, 0.0)	(25.0, 0.0)	(26.0, 0.0)	(27.0, 0.0)	(28.0, 0.0)	(29.0, 0.0)	(30.0, 0.0)	(31.0, 0.0)	(32.0, 0.0)	(33.0, 0.0)	(34.0, 0.0)	(35.0, 0.0)	(36.0, 0.0)	(37.0, 0.0019025664035309871)	(38.0, 0.0019025664035309871)	(39.0, 0.0)	(40.0, 0.0006341888011769957)	(41.0, 0.0009512832017654936)	(42.0, 0.007293171213535451)	(43.0, 0.027587212851199312)	(44.0, 0.09021335696742767)	(45.0, 0.20278186917634403)	(46.0, 1.0150191762837657)	(47.0, 22.62468548199644)	(48.0, 20.9708796357241)	(49.0, 5.589581546374148)	(50.0, 3.4667930816337984)	(51.0, 11.718382120946098)	(52.0, 19.34133151109687)	(53.0, 10.58254997803913)	(54.0, 2.3881964780322598)	(55.0, 1.260450242339289)	(56.0, 0.10575098259626424)	(57.0, 0.021086777639135107)	(58.0, 0.028221401652376313)	(59.0, 0.05247912329739634)	(60.0, 0.02346498564354884)	(61.0, 0.04756416008827464)	(62.0, 0.34246195263557905)	(63.0, 0.0627846913165225)	(64.0, 0.016488908830601882)	(65.0, 0.005707699210592961)	(66.0, 0.002378208004413734)	(67.0, 0.0004756416008827468)	(68.0, 0.0)	(69.0, 0.0)	(70.0, 0.0)	(71.0, 0.0)	(72.0, 0.0)	(73.0, 0.0)	(74.0, 0.0)	(75.0, 0.0)	(76.0, 0.0)	(77.0, 0.0)	(78.0, 0.0)	(79.0, 0.0)	(80.0, 0.0)	(81.0, 0.0)	(82.0, 0.0)	(83.0, 0.0)	(84.0, 0.0)	(85.0, 0.0)	(86.0, 0.0)	(87.0, 0.0)	(88.0, 0.0)	(89.0, 0.0)	(90.0, 0.0)	(91.0, 0.0)	(92.0, 0.0)	(93.0, 0.0)	(94.0, 0.0)	(95.0, 0.0)	(96.0, 0.0)	(97.0, 0.0)	(98.0, 0.0)	(99.0, 0.0)	(100.0, 0.0)
3861R_R_M_NS1_week9_S34_L001_R2_001	(0.0, 0.0)	(1.0, 0.0)	(2.0, 0.0)	(3.0, 0.0)	(4.0, 0.0)	(5.0, 0.0)	(6.0, 0.0)	(7.0, 0.0)	(8.0, 0.0)	(9.0, 0.0)	(10.0, 0.0)	(11.0, 0.0)	(12.0, 0.0)	(13.0, 0.0)	(14.0, 0.0)	(15.0, 0.0)	(16.0, 0.0)	(17.0, 0.0)	(18.0, 0.0)	(19.0, 0.0)	(20.0, 0.0)	(21.0, 0.0)	(22.0, 0.0)	(23.0, 0.0)	(24.0, 0.0)	(25.0, 0.0)	(26.0, 0.0)	(27.0, 0.0)	(28.0, 0.0)	(29.0, 0.0)	(30.0, 0.0)	(31.0, 0.000960833234581158)	(32.0, 0.001921666469162316)	(33.0, 0.002882499703743474)	(34.0, 0.0067258326420681054)	(35.0, 0.008647499111230422)	(36.0, 0.005764999407486948)	(37.0, 0.008647499111230422)	(38.0, 0.012490832049555053)	(39.0, 0.015053054008438142)	(40.0, 0.019857220181343928)	(41.0, 0.01889638694676277)	(42.0, 0.030106108016876285)	(43.0, 0.06533665995151872)	(44.0, 0.12394748726096956)	(45.0, 1.0988729426159747)	(46.0, 14.618116830913081)	(47.0, 11.88406586191487)	(48.0, 8.98170893799264)	(49.0, 2.6325229238798884)	(50.0, 0.7116571490797733)	(51.0, 4.2041258179096355)	(52.0, 5.586444564727653)	(53.0, 11.684532826867073)	(54.0, 12.464088857856613)	(55.0, 1.6455870530926995)	(56.0, 10.933801792915027)	(57.0, 10.987608454051509)	(58.0, 0.7685064487924891)	(59.0, 0.23364261487565113)	(60.0, 0.19344775789567292)	(61.0, 0.17999609261153662)	(62.0, 0.09704415669269699)	(63.0, 0.0755855477870511)	(64.0, 0.06229402137534504)	(65.0, 0.02866485816500455)	(66.0, 0.02305999762994779)	(67.0, 0.04900249496363905)	(68.0, 0.050603883687940984)	(69.0, 0.029145274782295134)	(70.0, 0.025462080716400687)	(71.0, 0.05973179941646191)	(72.0, 0.2722360831313274)	(73.0, 0.08167082493939848)	(74.0, 0.006725832642068106)	(75.0, 0.0025622219588830875)	(76.0, 0.0)	(77.0, 0.0)	(78.0, 0.0)	(79.0, 0.0)	(80.0, 0.0)	(81.0, 0.0006405554897207719)	(82.0, 0.0011209721070113508)	(83.0, 0.0)	(84.0, 0.0)	(85.0, 0.0)	(86.0, 0.0)	(87.0, 0.0012811109794415437)	(88.0, 0.0006405554897207719)	(89.0, 0.0)	(90.0, 0.0)	(91.0, 0.0)	(92.0, 0.0)	(93.0, 0.0)	(94.0, 0.0)	(95.0, 0.0)	(96.0, 0.0)	(97.0, 0.000960833234581158)	(98.0, 0.000960833234581158)	(99.0, 0.0)	(100.0, 0.0006405554897207719)
3909R_0_M_S2_week5_S61_L001_R1_001	(0.0, 0.0)	(1.0, 0.0)	(2.0, 0.0)	(3.0, 0.0)	(4.0, 0.0)	(5.0, 0.0)	(6.0, 0.0)	(7.0, 0.0)	(8.0, 0.0)	(9.0, 0.0)	(10.0, 0.0)	(11.0, 0.0)	(12.0, 0.0)	(13.0, 0.0)	(14.0, 0.0)	(15.0, 0.0)	(16.0, 0.0)	(17.0, 0.0)	(18.0, 0.0)	(19.0, 0.0)	(20.0, 0.0)	(21.0, 0.0)	(22.0, 0.0)	(23.0, 0.0)	(24.0, 0.0)	(25.0, 0.0)	(26.0, 0.0)	(27.0, 0.0)	(28.0, 0.0)	(29.0, 0.0)	(30.0, 0.0)	(31.0, 0.0)	(32.0, 0.0)	(33.0, 0.0)	(34.0, 0.0)	(35.0, 0.00039372636411411343)	(36.0, 0.0011811790923423402)	(37.0, 0.00039372636411411343)	(38.0, 0.0011811790923423402)	(39.0, 0.002756084548798794)	(40.0, 0.0025592213667417372)	(41.0, 0.003937263641141135)	(42.0, 0.014961601836336309)	(43.0, 0.03661655186261255)	(44.0, 0.09400216943224461)	(45.0, 0.1436116913106227)	(46.0, 0.34697135837556314)	(47.0, 15.418816576670688)	(48.0, 16.75512385647638)	(49.0, 3.396185185257524)	(50.0, 4.133733096834613)	(51.0, 19.47370596909756)	(52.0, 24.63486801306879)	(53.0, 10.13451661229467)	(54.0, 3.8456238298939875)	(55.0, 0.8313532178269609)	(56.0, 0.19991456137894137)	(57.0, 0.06398053416854349)	(58.0, 0.2012926036533409)	(59.0, 0.21477773162424965)	(60.0, 0.019292591841591565)	(61.0, 0.0059058954617117005)	(62.0, 0.01653650729279277)	(63.0, 0.003641968868055549)	(64.0, 0.0009843159102852835)	(65.0, 0.0)	(66.0, 0.0)	(67.0, 0.0)	(68.0, 0.0)	(69.0, 0.0)	(70.0, 0.0005905895461711701)	(71.0, 0.0005905895461711701)	(72.0, 0.0)	(73.0, 0.0)	(74.0, 0.0)	(75.0, 0.0)	(76.0, 0.0)	(77.0, 0.0)	(78.0, 0.0)	(79.0, 0.0)	(80.0, 0.0)	(81.0, 0.0)	(82.0, 0.0)	(83.0, 0.0)	(84.0, 0.0)	(85.0, 0.0)	(86.0, 0.0)	(87.0, 0.0)	(88.0, 0.0)	(89.0, 0.0)	(90.0, 0.0)	(91.0, 0.0)	(92.0, 0.0)	(93.0, 0.0)	(94.0, 0.0)	(95.0, 0.0)	(96.0, 0.0)	(97.0, 0.0)	(98.0, 0.0)	(99.0, 0.0)	(100.0, 0.0)
3909R_0_M_S2_week5_S61_L001_R2_001	(0.0, 0.0)	(1.0, 0.0)	(2.0, 0.0)	(3.0, 0.0)	(4.0, 0.0)	(5.0, 0.0)	(6.0, 0.0)	(7.0, 0.0)	(8.0, 0.0)	(9.0, 0.0)	(10.0, 0.0)	(11.0, 0.0)	(12.0, 0.0)	(13.0, 0.0)	(14.0, 0.0)	(15.0, 0.0)	(16.0, 0.0)	(17.0, 0.0)	(18.0, 0.0)	(19.0, 0.0)	(20.0, 0.0)	(21.0, 0.0)	(22.0, 0.0)	(23.0, 0.0)	(24.0, 0.0)	(25.0, 0.0)	(26.0, 0.0)	(27.0, 0.0)	(28.0, 0.0005963817519110045)	(29.0, 0.0005963817519110045)	(30.0, 0.0)	(31.0, 0.0017891452557330133)	(32.0, 0.004174672263377031)	(33.0, 0.002385527007644018)	(34.0, 0.001192763503822009)	(35.0, 0.0035782905114660267)	(36.0, 0.0065601992710210486)	(37.0, 0.0065601992710210486)	(38.0, 0.007752962774843058)	(39.0, 0.008746932361361398)	(40.0, 0.010138489782487077)	(41.0, 0.03021667543015756)	(42.0, 0.04592139489714735)	(43.0, 0.056358075555589957)	(44.0, 0.09184278979429472)	(45.0, 0.7557150766298972)	(46.0, 14.737090074519605)	(47.0, 12.831053995408586)	(48.0, 1.1963417943335182)	(49.0, 0.6763963036257276)	(50.0, 0.6081105930319118)	(51.0, 3.14780228354503)	(52.0, 3.852924308221431)	(53.0, 8.670794291031681)	(54.0, 7.969449350784967)	(55.0, 2.2834463311084496)	(56.0, 20.550619392152356)	(57.0, 18.883831792521985)	(58.0, 1.344940247517985)	(59.0, 0.412199187529155)	(60.0, 0.513385291436719)	(61.0, 0.5311773470353958)	(62.0, 0.2253329052637081)	(63.0, 0.17533623506183535)	(64.0, 0.19581200854411332)	(65.0, 0.0781260095003417)	(66.0, 0.023855270076440175)	(67.0, 0.011132459369005417)	(68.0, 0.008150550609450396)	(69.0, 0.004373466180680699)	(70.0, 0.0031807026768586903)	(71.0, 0.004969847932591704)	(72.0, 0.015307131632382454)	(73.0, 0.004174672263377032)	(74.0, 0.0015903513384293451)	(75.0, 0.001391557421125677)	(76.0, 0.0003975878346073363)	(77.0, 0.0003975878346073363)	(78.0, 0.0003975878346073363)	(79.0, 0.0)	(80.0, 0.0)	(81.0, 0.0)	(82.0, 0.0)	(83.0, 0.0)	(84.0, 0.0)	(85.0, 0.0007951756692146726)	(86.0, 0.0007951756692146726)	(87.0, 0.0)	(88.0, 0.0)	(89.0, 0.0)	(90.0, 0.0)	(91.0, 0.0)	(92.0, 0.0)	(93.0, 0.0)	(94.0, 0.0003975878346073363)	(95.0, 0.0003975878346073363)	(96.0, 0.0)	(97.0, 0.0)	(98.0, 0.0)	(99.0, 0.0)	(100.0, 0.0)
3909R_0_M_S2_week6_S62_L001_R1_001	(0.0, 0.0)	(1.0, 0.0)	(2.0, 0.0)	(3.0, 0.0)	(4.0, 0.0)	(5.0, 0.0)	(6.0, 0.0)	(7.0, 0.0)	(8.0, 0.0)	(9.0, 0.0)	(10.0, 0.0)	(11.0, 0.0)	(12.0, 0.0)	(13.0, 0.0)	(14.0, 0.0)	(15.0, 0.0)	(16.0, 0.0)	(17.0, 0.0)	(18.0, 0.0)	(19.0, 0.0)	(20.0, 0.0)	(21.0, 0.0)	(22.0, 0.0)	(23.0, 0.0)	(24.0, 0.0)	(25.0, 0.0)	(26.0, 0.0)	(27.0, 0.0)	(28.0, 0.0)	(29.0, 0.0)	(30.0, 0.0)	(31.0, 0.00031664232478806386)	(32.0, 0.00031664232478806386)	(33.0, 0.0)	(34.0, 0.0)	(35.0, 0.0)	(36.0, 0.00031664232478806386)	(37.0, 0.0007916058119701597)	(38.0, 0.0007916058119701597)	(39.0, 0.0009499269743641916)	(40.0, 0.003008102085486607)	(41.0, 0.004749634871820958)	(42.0, 0.011636605435961348)	(43.0, 0.034276531658307914)	(44.0, 0.08770992396629367)	(45.0, 0.13892682000076298)	(46.0, 0.34316111948906197)	(47.0, 14.09074177423982)	(48.0, 14.998317837665228)	(49.0, 3.362978970993278)	(50.0, 4.128382630587251)	(51.0, 23.930006214095414)	(52.0, 28.2951581430268)	(53.0, 7.4736296313890245)	(54.0, 1.9076116856855354)	(55.0, 0.6351845035248618)	(56.0, 0.13971842581273308)	(57.0, 0.04939620266693799)	(58.0, 0.11525780622285477)	(59.0, 0.11319963111173237)	(60.0, 0.015277992171024086)	(61.0, 0.012665692991522558)	(62.0, 0.08367273432524572)	(63.0, 0.013615619965886755)	(64.0, 0.003166423247880639)	(65.0, 0.002533138598304511)	(66.0, 0.0015832116239403195)	(67.0, 0.0)	(68.0, 0.0)	(69.0, 0.0004749634871820958)	(70.0, 0.0004749634871820958)	(71.0, 0.0)	(72.0, 0.0)	(73.0, 0.0)	(74.0, 0.0)	(75.0, 0.0)	(76.0, 0.0)	(77.0, 0.0)	(78.0, 0.0)	(79.0, 0.0)	(80.0, 0.0)	(81.0, 0.0)	(82.0, 0.0)	(83.0, 0.0)	(84.0, 0.0)	(85.0, 0.0)	(86.0, 0.0)	(87.0, 0.0)	(88.0, 0.0)	(89.0, 0.0)	(90.0, 0.0)	(91.0, 0.0)	(92.0, 0.0)	(93.0, 0.0)	(94.0, 0.0)	(95.0, 0.0)	(96.0, 0.0)	(97.0, 0.0)	(98.0, 0.0)	(99.0, 0.0)	(100.0, 0.0)
3909R_0_M_S2_week6_S62_L001_R2_001	(0.0, 0.0)	(1.0, 0.0)	(2.0, 0.0)	(3.0, 0.0)	(4.0, 0.0)	(5.0, 0.0)	(6.0, 0.0)	(7.0, 0.0)	(8.0, 0.0)	(9.0, 0.0)	(10.0, 0.0)	(11.0, 0.0)	(12.0, 0.0)	(13.0, 0.0)	(14.0, 0.0)	(15.0, 0.0)	(16.0, 0.0)	(17.0, 0.0)	(18.0, 0.0)	(19.0, 0.0)	(20.0, 0.0)	(21.0, 0.0)	(22.0, 0.0)	(23.0, 0.00048418099976930116)	(24.0, 0.0009683619995386023)	(25.0, 0.00048418099976930116)	(26.0, 0.0)	(27.0, 0.0)	(28.0, 0.0)	(29.0, 0.0)	(30.0, 0.0)	(31.0, 0.00032278733317953404)	(32.0, 0.0)	(33.0, 0.00048418099976930116)	(34.0, 0.0009683619995386023)	(35.0, 0.0019367239990772047)	(36.0, 0.003389266998385108)	(37.0, 0.0043576289979237095)	(38.0, 0.0058101719972316135)	(39.0, 0.012588705994001831)	(40.0, 0.017591909658284603)	(41.0, 0.023563475322105988)	(42.0, 0.03510312248327433)	(43.0, 0.04430256147889106)	(44.0, 0.09046115012356432)	(45.0, 1.1199106524664078)	(46.0, 13.752515723788274)	(47.0, 10.006488025399735)	(48.0, 1.5110482034466297)	(49.0, 0.7290151919859889)	(50.0, 0.5521277334035904)	(51.0, 3.9544676187831507)	(52.0, 4.33898802943295)	(53.0, 6.360524400301351)	(54.0, 5.857298947874923)	(55.0, 2.051555592855727)	(56.0, 22.94323946138833)	(57.0, 22.98972083736605)	(58.0, 1.616680358229635)	(59.0, 0.43027551512831624)	(60.0, 0.4531934157840609)	(61.0, 0.4464148817872903)	(62.0, 0.16631617342075505)	(63.0, 0.10910211861468247)	(64.0, 0.11087744894716968)	(65.0, 0.049870642976238076)	(66.0, 0.021949538656208318)	(67.0, 0.025822986654362723)	(68.0, 0.02275650698915715)	(69.0, 0.01436403632648927)	(70.0, 0.012427312327412062)	(71.0, 0.018883058991002746)	(72.0, 0.0684309146340613)	(73.0, 0.018237484324643675)	(74.0, 0.0029050859986158068)	(75.0, 0.00048418099976930116)	(76.0, 0.0)	(77.0, 0.0)	(78.0, 0.0)	(79.0, 0.0)	(80.0, 0.0)	(81.0, 0.0)	(82.0, 0.0)	(83.0, 0.00032278733317953404)	(84.0, 0.00032278733317953404)	(85.0, 0.0)	(86.0, 0.0)	(87.0, 0.0)	(88.0, 0.0)	(89.0, 0.0)	(90.0, 0.0)	(91.0, 0.0)	(92.0, 0.0)	(93.0, 0.0)	(94.0, 0.0)	(95.0, 0.0)	(96.0, 0.0)	(97.0, 0.00032278733317953404)	(98.0, 0.00032278733317953404)	(99.0, 0.0)	(100.0, 0.0)
3909R_0_M_S2_week7_S63_L001_R1_001	(0.0, 0.0)	(1.0, 0.0)	(2.0, 0.0)	(3.0, 0.0)	(4.0, 0.0)	(5.0, 0.0)	(6.0, 0.0)	(7.0, 0.0)	(8.0, 0.0)	(9.0, 0.0)	(10.0, 0.0)	(11.0, 0.0)	(12.0, 0.0)	(13.0, 0.0)	(14.0, 0.0)	(15.0, 0.0)	(16.0, 0.0)	(17.0, 0.0)	(18.0, 0.0)	(19.0, 0.0)	(20.0, 0.0)	(21.0, 0.0)	(22.0, 0.0)	(23.0, 0.0)	(24.0, 0.0)	(25.0, 0.0)	(26.0, 0.0)	(27.0, 0.0)	(28.0, 0.0)	(29.0, 0.0)	(30.0, 0.0)	(31.0, 0.0006951428055034511)	(32.0, 0.0006951428055034511)	(33.0, 0.0)	(34.0, 0.0)	(35.0, 0.0)	(36.0, 0.0)	(37.0, 0.0)	(38.0, 0.0)	(39.0, 0.0004634285370023007)	(40.0, 0.0018537141480092028)	(41.0, 0.010427142082551766)	(42.0, 0.023634855387117334)	(43.0, 0.04078171125620246)	(44.0, 0.11724741986158206)	(45.0, 0.1997376994479915)	(46.0, 0.5315525319416342)	(47.0, 17.464651988341316)	(48.0, 17.926342668330655)	(49.0, 3.7486734358117566)	(50.0, 4.0458469851646095)	(51.0, 20.26630920879371)	(52.0, 25.53039396059747)	(53.0, 7.6897855716126795)	(54.0, 1.5200456013675858)	(55.0, 0.4651663940160576)	(56.0, 0.11724741986158202)	(57.0, 0.036031568751928866)	(58.0, 0.06963013768459578)	(59.0, 0.06256285249531066)	(60.0, 0.012860141901813846)	(61.0, 0.016104141660829952)	(62.0, 0.07194728036960732)	(63.0, 0.019116427151344918)	(64.0, 0.005097713907025308)	(65.0, 0.0030122854905149546)	(66.0, 0.0013902856110069022)	(67.0, 0.0006951428055034511)	(68.0, 0.0)	(69.0, 0.0)	(70.0, 0.0)	(71.0, 0.0)	(72.0, 0.0)	(73.0, 0.0)	(74.0, 0.0)	(75.0, 0.0)	(76.0, 0.0)	(77.0, 0.0)	(78.0, 0.0)	(79.0, 0.0)	(80.0, 0.0)	(81.0, 0.0)	(82.0, 0.0)	(83.0, 0.0)	(84.0, 0.0)	(85.0, 0.0)	(86.0, 0.0)	(87.0, 0.0)	(88.0, 0.0)	(89.0, 0.0)	(90.0, 0.0)	(91.0, 0.0)	(92.0, 0.0)	(93.0, 0.0)	(94.0, 0.0)	(95.0, 0.0)	(96.0, 0.0)	(97.0, 0.0)	(98.0, 0.0)	(99.0, 0.0)	(100.0, 0.0)
3909R_0_M_S2_week7_S63_L001_R2_001	(0.0, 0.0)	(1.0, 0.0)	(2.0, 0.0)	(3.0, 0.0)	(4.0, 0.0)	(5.0, 0.0)	(6.0, 0.0)	(7.0, 0.0)	(8.0, 0.0)	(9.0, 0.0)	(10.0, 0.0)	(11.0, 0.0)	(12.0, 0.0)	(13.0, 0.0)	(14.0, 0.0)	(15.0, 0.0)	(16.0, 0.0)	(17.0, 0.0)	(18.0, 0.0)	(19.0, 0.0)	(20.0, 0.0)	(21.0, 0.0)	(22.0, 0.0)	(23.0, 0.0)	(24.0, 0.0)	(25.0, 0.0)	(26.0, 0.0)	(27.0, 0.0)	(28.0, 0.0)	(29.0, 0.000721537162771389)	(30.0, 0.001443074325542778)	(31.0, 0.000721537162771389)	(32.0, 0.0)	(33.0, 0.000721537162771389)	(34.0, 0.0026456362634950928)	(35.0, 0.005531784914580649)	(36.0, 0.005050760139399723)	(37.0, 0.007936908790485279)	(38.0, 0.015873817580970558)	(39.0, 0.018278941456875187)	(40.0, 0.018759966232056117)	(41.0, 0.023329701596274913)	(42.0, 0.03944403156483591)	(43.0, 0.05195067571954)	(44.0, 0.12157901192697894)	(45.0, 2.019823030984654)	(46.0, 17.624386994053957)	(47.0, 9.89239475778705)	(48.0, 1.8169508320521464)	(49.0, 0.8615153723490367)	(50.0, 0.5999581508444042)	(51.0, 4.178181197221786)	(52.0, 4.8151782557553995)	(53.0, 6.943352117349183)	(54.0, 6.164933774913296)	(55.0, 1.7718547593789369)	(56.0, 19.86175347961746)	(57.0, 20.22841461449979)	(58.0, 1.4031492692027994)	(59.0, 0.4000923567567364)	(60.0, 0.3237296736967644)	(61.0, 0.2584305604659529)	(62.0, 0.12566772251601688)	(63.0, 0.09043265773401413)	(64.0, 0.07299550963370557)	(65.0, 0.04136813066555962)	(66.0, 0.025975337859770006)	(67.0, 0.029342511286036488)	(68.0, 0.026696875022541394)	(69.0, 0.015392792805789634)	(70.0, 0.008417933565666204)	(71.0, 0.012506644154704072)	(72.0, 0.05579887392098741)	(73.0, 0.009379983116028055)	(74.0, 0.0026456362634950928)	(75.0, 0.001443074325542778)	(76.0, 0.0)	(77.0, 0.0)	(78.0, 0.0)	(79.0, 0.0)	(80.0, 0.0)	(81.0, 0.0)	(82.0, 0.0)	(83.0, 0.0)	(84.0, 0.0)	(85.0, 0.000962049550361852)	(86.0, 0.000481024775180926)	(87.0, 0.0)	(88.0, 0.0)	(89.0, 0.0)	(90.0, 0.000481024775180926)	(91.0, 0.000962049550361852)	(92.0, 0.000481024775180926)	(93.0, 0.0)	(94.0, 0.0)	(95.0, 0.0)	(96.0, 0.0)	(97.0, 0.0)	(98.0, 0.0)	(99.0, 0.0)	(100.0, 0.000481024775180926)
3909R_0_M_S2_week9_S64_L001_R1_001	(0.0, 0.0)	(1.0, 0.0)	(2.0, 0.0)	(3.0, 0.0)	(4.0, 0.0)	(5.0, 0.0)	(6.0, 0.0)	(7.0, 0.0)	(8.0, 0.0)	(9.0, 0.0)	(10.0, 0.0)	(11.0, 0.0)	(12.0, 0.0)	(13.0, 0.0)	(14.0, 0.0)	(15.0, 0.0)	(16.0, 0.0)	(17.0, 0.0)	(18.0, 0.0)	(19.0, 0.0)	(20.0, 0.0)	(21.0, 0.0)	(22.0, 0.0)	(23.0, 0.0)	(24.0, 0.0)	(25.0, 0.0)	(26.0, 0.0)	(27.0, 0.0)	(28.0, 0.0)	(29.0, 0.0)	(30.0, 0.0)	(31.0, 0.0)	(32.0, 0.0)	(33.0, 0.0)	(34.0, 0.0)	(35.0, 0.0)	(36.0, 0.0)	(37.0, 0.0)	(38.0, 0.0)	(39.0, 0.0010141130736075088)	(40.0, 0.0032676976816241946)	(41.0, 0.0027043015296200233)	(42.0, 0.009352376123269246)	(43.0, 0.0315501845122336)	(44.0, 0.10400292965997003)	(45.0, 0.14963801797230777)	(46.0, 0.42795571706236807)	(47.0, 14.651454970562133)	(48.0, 15.943435026340417)	(49.0, 4.685878475449694)	(50.0, 5.5384095326627865)	(51.0, 19.803938139110365)	(52.0, 26.116792022307084)	(53.0, 9.583255866357968)	(54.0, 1.9991549057715294)	(55.0, 0.4771965407475303)	(56.0, 0.10738330657199509)	(57.0, 0.04000112679229616)	(58.0, 0.10941153271921003)	(59.0, 0.110087608101615)	(60.0, 0.014197583030505124)	(61.0, 0.01633848840812098)	(62.0, 0.060959463646851425)	(63.0, 0.01036648919687675)	(64.0, 0.002253584608016686)	(65.0, 0.0)	(66.0, 0.0)	(67.0, 0.0)	(68.0, 0.0)	(69.0, 0.0)	(70.0, 0.0)	(71.0, 0.0)	(72.0, 0.0)	(73.0, 0.0)	(74.0, 0.0)	(75.0, 0.0)	(76.0, 0.0)	(77.0, 0.0)	(78.0, 0.0)	(79.0, 0.0)	(80.0, 0.0)	(81.0, 0.0)	(82.0, 0.0)	(83.0, 0.0)	(84.0, 0.0)	(85.0, 0.0)	(86.0, 0.0)	(87.0, 0.0)	(88.0, 0.0)	(89.0, 0.0)	(90.0, 0.0)	(91.0, 0.0)	(92.0, 0.0)	(93.0, 0.0)	(94.0, 0.0)	(95.0, 0.0)	(96.0, 0.0)	(97.0, 0.0)	(98.0, 0.0)	(99.0, 0.0)	(100.0, 0.0)
3909R_0_M_S2_week9_S64_L001_R2_001	(0.0, 0.0)	(1.0, 0.0)	(2.0, 0.0)	(3.0, 0.0)	(4.0, 0.0)	(5.0, 0.0)	(6.0, 0.0)	(7.0, 0.0)	(8.0, 0.0)	(9.0, 0.0)	(10.0, 0.0)	(11.0, 0.0)	(12.0, 0.0)	(13.0, 0.0)	(14.0, 0.0)	(15.0, 0.0)	(16.0, 0.0)	(17.0, 0.0)	(18.0, 0.0)	(19.0, 0.0)	(20.0, 0.0)	(21.0, 0.0)	(22.0, 0.0)	(23.0, 0.0)	(24.0, 0.0)	(25.0, 0.0)	(26.0, 0.0)	(27.0, 0.0)	(28.0, 0.0)	(29.0, 0.0)	(30.0, 0.0007046570786325816)	(31.0, 0.0014093141572651632)	(32.0, 0.0014093141572651632)	(33.0, 0.0007046570786325816)	(34.0, 0.0007046570786325816)	(35.0, 0.0021139712358977446)	(36.0, 0.005637256629060653)	(37.0, 0.00916054202222356)	(38.0, 0.010334970486611196)	(39.0, 0.012566384568947703)	(40.0, 0.011744284643876357)	(41.0, 0.01691176988718196)	(42.0, 0.03570262531738413)	(43.0, 0.04862133842564811)	(44.0, 0.10945673288092765)	(45.0, 2.085315181366609)	(46.0, 14.824693063120439)	(47.0, 6.630705667086412)	(48.0, 1.6070879106680651)	(49.0, 0.8477024655949948)	(50.0, 0.7619691876946905)	(51.0, 6.769757997269781)	(52.0, 7.915530407125347)	(53.0, 8.760414244405107)	(54.0, 7.53266672773535)	(55.0, 2.0437404137273143)	(56.0, 18.414685993066364)	(57.0, 18.53436025358772)	(58.0, 1.4438423541182028)	(59.0, 0.40893599129977487)	(60.0, 0.3071130434373676)	(61.0, 0.25168001991827066)	(62.0, 0.15302802890970887)	(63.0, 0.11274513258121303)	(64.0, 0.12401964583933416)	(65.0, 0.05625512344416777)	(66.0, 0.024897883445017883)	(67.0, 0.0216094837447325)	(68.0, 0.01338848449401905)	(69.0, 0.0037581710860404346)	(70.0, 0.005872142321938179)	(71.0, 0.01409314157265163)	(72.0, 0.05190973812593349)	(73.0, 0.00986519910085614)	(74.0, 0.0007046570786325816)	(75.0, 0.0004697713857550543)	(76.0, 0.0)	(77.0, 0.0)	(78.0, 0.0)	(79.0, 0.0)	(80.0, 0.0)	(81.0, 0.0)	(82.0, 0.0)	(83.0, 0.0)	(84.0, 0.0)	(85.0, 0.0)	(86.0, 0.0)	(87.0, 0.0)	(88.0, 0.0)	(89.0, 0.0)	(90.0, 0.0)	(91.0, 0.0)	(92.0, 0.0)	(93.0, 0.0)	(94.0, 0.0)	(95.0, 0.0)	(96.0, 0.0)	(97.0, 0.0)	(98.0, 0.0)	(99.0, 0.0)	(100.0, 0.0)
3918R_R_M_S2_week5_S65_L001_R1_001	(0.0, 0.0)	(1.0, 0.0)	(2.0, 0.0)	(3.0, 0.0)	(4.0, 0.0)	(5.0, 0.0)	(6.0, 0.0)	(7.0, 0.0)	(8.0, 0.0)	(9.0, 0.0)	(10.0, 0.0)	(11.0, 0.0)	(12.0, 0.0)	(13.0, 0.0)	(14.0, 0.0)	(15.0, 0.0)	(16.0, 0.0)	(17.0, 0.0)	(18.0, 0.0)	(19.0, 0.0)	(20.0, 0.0)	(21.0, 0.0)	(22.0, 0.0)	(23.0, 0.0)	(24.0, 0.0)	(25.0, 0.0)	(26.0, 0.0)	(27.0, 0.0)	(28.0, 0.0007413356397106535)	(29.0, 0.001482671279421307)	(30.0, 0.0007413356397106535)	(31.0, 0.0)	(32.0, 0.0)	(33.0, 0.0)	(34.0, 0.0)	(35.0, 0.0)	(36.0, 0.0)	(37.0, 0.0)	(38.0, 0.0012355593995177557)	(39.0, 0.0018533390992766334)	(40.0, 0.003459566318649716)	(41.0, 0.007166244517202983)	(42.0, 0.018533390992766338)	(43.0, 0.043985914622832106)	(44.0, 0.13838265274598863)	(45.0, 0.2216593562734853)	(46.0, 0.590226725149626)	(47.0, 22.25415456848798)	(48.0, 23.06912954841135)	(49.0, 3.825662568726903)	(50.0, 3.6518193612146783)	(51.0, 12.357447334272857)	(52.0, 19.215296225368544)	(53.0, 10.595416074621603)	(54.0, 2.9397664792723504)	(55.0, 0.6428615555690789)	(56.0, 0.14802001606222687)	(57.0, 0.05016371162042088)	(58.0, 0.08957805646503746)	(59.0, 0.08550071044662888)	(60.0, 0.010131587076045596)	(61.0, 0.004942237598071023)	(62.0, 0.021745845431512513)	(63.0, 0.005683573237781676)	(64.0, 0.0019768950392284094)	(65.0, 0.0012355593995177557)	(66.0, 0.0)	(67.0, 0.0)	(68.0, 0.0)	(69.0, 0.0)	(70.0, 0.0)	(71.0, 0.0)	(72.0, 0.0)	(73.0, 0.0)	(74.0, 0.0)	(75.0, 0.0)	(76.0, 0.0)	(77.0, 0.0)	(78.0, 0.0)	(79.0, 0.0)	(80.0, 0.0)	(81.0, 0.0)	(82.0, 0.0)	(83.0, 0.0)	(84.0, 0.0)	(85.0, 0.0)	(86.0, 0.0)	(87.0, 0.0)	(88.0, 0.0)	(89.0, 0.0)	(90.0, 0.0)	(91.0, 0.0)	(92.0, 0.0)	(93.0, 0.0)	(94.0, 0.0)	(95.0, 0.0)	(96.0, 0.0)	(97.0, 0.0)	(98.0, 0.0)	(99.0, 0.0)	(100.0, 0.0)
3918R_R_M_S2_week5_S65_L001_R2_001	(0.0, 0.0)	(1.0, 0.0)	(2.0, 0.0)	(3.0, 0.0)	(4.0, 0.0)	(5.0, 0.0)	(6.0, 0.0)	(7.0, 0.0)	(8.0, 0.0)	(9.0, 0.0)	(10.0, 0.0)	(11.0, 0.0)	(12.0, 0.0)	(13.0, 0.0)	(14.0, 0.0)	(15.0, 0.0)	(16.0, 0.0)	(17.0, 0.0)	(18.0, 0.0)	(19.0, 0.0)	(20.0, 0.0)	(21.0, 0.0)	(22.0, 0.0)	(23.0, 0.0)	(24.0, 0.0)	(25.0, 0.0)	(26.0, 0.0)	(27.0, 0.0)	(28.0, 0.0007663011410223475)	(29.0, 0.0007663011410223475)	(30.0, 0.0)	(31.0, 0.0)	(32.0, 0.0)	(33.0, 0.0007663011410223475)	(34.0, 0.00306520456408939)	(35.0, 0.00613040912817878)	(36.0, 0.007663011410223474)	(37.0, 0.00919561369226817)	(38.0, 0.014559721679424601)	(39.0, 0.023499901658018654)	(40.0, 0.028097708504152743)	(41.0, 0.033206382777635046)	(42.0, 0.04968185730961552)	(43.0, 0.06398614527536602)	(44.0, 0.14342603022801578)	(45.0, 2.0401490711151276)	(46.0, 22.303705576895837)	(47.0, 15.058072854802784)	(48.0, 1.4402629945515475)	(49.0, 0.8207085220349254)	(50.0, 0.7034644474585066)	(51.0, 4.681461387362743)	(52.0, 5.376496522270307)	(53.0, 8.788452352670552)	(54.0, 7.6402778097063875)	(55.0, 1.746655734103623)	(56.0, 13.790227616979218)	(57.0, 12.551629539371401)	(58.0, 1.0107512050084828)	(59.0, 0.33487359862676674)	(60.0, 0.4112482790153277)	(61.0, 0.43027809068404926)	(62.0, 0.1616895407557152)	(63.0, 0.10868704516833627)	(64.0, 0.08838006493124419)	(65.0, 0.042785147040414376)	(66.0, 0.01839122738453634)	(67.0, 0.014815155393098717)	(68.0, 0.014432004822587541)	(69.0, 0.008173878837571705)	(70.0, 0.0024266202799041003)	(71.0, 0.004597806846134085)	(72.0, 0.01660319138881753)	(73.0, 0.002298903423067042)	(74.0, 0.0)	(75.0, 0.0)	(76.0, 0.0007663011410223475)	(77.0, 0.0007663011410223475)	(78.0, 0.0)	(79.0, 0.0)	(80.0, 0.00038315057051117375)	(81.0, 0.0)	(82.0, 0.0)	(83.0, 0.0)	(84.0, 0.0)	(85.0, 0.0)	(86.0, 0.0)	(87.0, 0.0)	(88.0, 0.0)	(89.0, 0.0)	(90.0, 0.0)	(91.0, 0.0)	(92.0, 0.0)	(93.0, 0.0)	(94.0, 0.0)	(95.0, 0.0)	(96.0, 0.0)	(97.0, 0.0)	(98.0, 0.0)	(99.0, 0.0005108674273482316)	(100.0, 0.0007663011410223475)
3918R_R_M_S2_week6_S66_L001_R1_001	(0.0, 0.0)	(1.0, 0.0)	(2.0, 0.0)	(3.0, 0.0)	(4.0, 0.0)	(5.0, 0.0)	(6.0, 0.0)	(7.0, 0.0)	(8.0, 0.0)	(9.0, 0.0)	(10.0, 0.0)	(11.0, 0.0)	(12.0, 0.0)	(13.0, 0.0)	(14.0, 0.0)	(15.0, 0.0)	(16.0, 0.0)	(17.0, 0.0)	(18.0, 0.0)	(19.0, 0.0)	(20.0, 0.0)	(21.0, 0.0)	(22.0, 0.0)	(23.0, 0.0)	(24.0, 0.0)	(25.0, 0.0)	(26.0, 0.0)	(27.0, 0.0)	(28.0, 0.0)	(29.0, 0.0)	(30.0, 0.0)	(31.0, 0.0)	(32.0, 0.0)	(33.0, 0.0)	(34.0, 0.0)	(35.0, 0.0)	(36.0, 0.0)	(37.0, 0.0)	(38.0, 0.0)	(39.0, 0.002186833319563759)	(40.0, 0.003037268499394109)	(41.0, 0.0004859629599030575)	(42.0, 0.01020522215796421)	(43.0, 0.031587592393698745)	(44.0, 0.07155804584572524)	(45.0, 0.11322936965741238)	(46.0, 0.33628636825291786)	(47.0, 15.74216263236223)	(48.0, 17.99763822001635)	(49.0, 5.062883607010679)	(50.0, 5.411440540001303)	(51.0, 17.28983316891627)	(52.0, 24.363510013275317)	(53.0, 10.335703212695364)	(54.0, 2.1897490973230904)	(55.0, 0.5982204036406562)	(56.0, 0.1188179436962975)	(57.0, 0.037905110872438474)	(58.0, 0.10180924009969064)	(59.0, 0.10776228635850305)	(60.0, 0.012513546217503729)	(61.0, 0.005588574038885162)	(62.0, 0.044222629351178176)	(63.0, 0.00607453699878822)	(64.0, 0.002186833319563759)	(65.0, 0.0026727962794668163)	(66.0, 0.0007289444398545863)	(67.0, 0.0)	(68.0, 0.0)	(69.0, 0.0)	(70.0, 0.0)	(71.0, 0.0)	(72.0, 0.0)	(73.0, 0.0)	(74.0, 0.0)	(75.0, 0.0)	(76.0, 0.0)	(77.0, 0.0)	(78.0, 0.0)	(79.0, 0.0)	(80.0, 0.0)	(81.0, 0.0)	(82.0, 0.0)	(83.0, 0.0)	(84.0, 0.0)	(85.0, 0.0)	(86.0, 0.0)	(87.0, 0.0)	(88.0, 0.0)	(89.0, 0.0)	(90.0, 0.0)	(91.0, 0.0)	(92.0, 0.0)	(93.0, 0.0)	(94.0, 0.0)	(95.0, 0.0)	(96.0, 0.0)	(97.0, 0.0)	(98.0, 0.0)	(99.0, 0.0)	(100.0, 0.0)
3918R_R_M_S2_week6_S66_L001_R2_001	(0.0, 0.0)	(1.0, 0.0)	(2.0, 0.0)	(3.0, 0.0)	(4.0, 0.0)	(5.0, 0.0)	(6.0, 0.0)	(7.0, 0.0)	(8.0, 0.0)	(9.0, 0.0)	(10.0, 0.0)	(11.0, 0.0)	(12.0, 0.0)	(13.0, 0.0)	(14.0, 0.0)	(15.0, 0.0)	(16.0, 0.0)	(17.0, 0.0)	(18.0, 0.0)	(19.0, 0.0)	(20.0, 0.0)	(21.0, 0.0)	(22.0, 0.0)	(23.0, 0.0)	(24.0, 0.0)	(25.0, 0.0)	(26.0, 0.0)	(27.0, 0.0)	(28.0, 0.0)	(29.0, 0.0004900609513308118)	(30.0, 0.0004900609513308118)	(31.0, 0.0007350914269962179)	(32.0, 0.0007350914269962179)	(33.0, 0.0007350914269962179)	(34.0, 0.0014701828539924358)	(35.0, 0.0036754571349810897)	(36.0, 0.007840975221292991)	(37.0, 0.007105883794296774)	(38.0, 0.005145639988973525)	(39.0, 0.009311158075285427)	(40.0, 0.013966737112928139)	(41.0, 0.020827590431559503)	(42.0, 0.032589053263498986)	(43.0, 0.04337039419277683)	(44.0, 0.09249900456369095)	(45.0, 1.0585316548745705)	(46.0, 15.087261478147182)	(47.0, 11.702165456824453)	(48.0, 1.4432295016692915)	(49.0, 0.7523660755306173)	(50.0, 0.6188244662929757)	(51.0, 5.511715519618467)	(52.0, 6.247909583755201)	(53.0, 10.372017519676087)	(54.0, 8.994088639772901)	(55.0, 1.9402738215564912)	(56.0, 16.8225673068124)	(57.0, 16.480627278020776)	(58.0, 1.1618120003675416)	(59.0, 0.3467181230665506)	(60.0, 0.35198627829335705)	(61.0, 0.3472081840178821)	(62.0, 0.14897852920456672)	(63.0, 0.1020551931146416)	(64.0, 0.09960488835798768)	(65.0, 0.0539067046463893)	(66.0, 0.01960243805323248)	(67.0, 0.012129008545437596)	(68.0, 0.010046249502281644)	(69.0, 0.006370792367300555)	(70.0, 0.0063707923673005555)	(71.0, 0.009311158075285425)	(72.0, 0.03577444944714924)	(73.0, 0.010291279977947047)	(74.0, 0.0012251523783270296)	(75.0, 0.0012251523783270296)	(76.0, 0.0)	(77.0, 0.0004900609513308118)	(78.0, 0.0)	(79.0, 0.0)	(80.0, 0.0)	(81.0, 0.0)	(82.0, 0.0)	(83.0, 0.0)	(84.0, 0.0)	(85.0, 0.0)	(86.0, 0.0)	(87.0, 0.0)	(88.0, 0.0)	(89.0, 0.0)	(90.0, 0.0)	(91.0, 0.0)	(92.0, 0.0)	(93.0, 0.00036754571349810895)	(94.0, 0.0004900609513308118)	(95.0, 0.0004900609513308118)	(96.0, 0.0004900609513308118)	(97.0, 0.0)	(98.0, 0.0)	(99.0, 0.0)	(100.0, 0.0004900609513308118)
3918R_R_M_S2_week7_S67_L001_R1_001	(0.0, 0.0)	(1.0, 0.0)	(2.0, 0.0)	(3.0, 0.0)	(4.0, 0.0)	(5.0, 0.0)	(6.0, 0.0)	(7.0, 0.0)	(8.0, 0.0)	(9.0, 0.0)	(10.0, 0.0)	(11.0, 0.0)	(12.0, 0.0)	(13.0, 0.0)	(14.0, 0.0)	(15.0, 0.0)	(16.0, 0.0)	(17.0, 0.0)	(18.0, 0.0)	(19.0, 0.0)	(20.0, 0.0)	(21.0, 0.0)	(22.0, 0.0)	(23.0, 0.0)	(24.0, 0.0)	(25.0, 0.0)	(26.0, 0.0)	(27.0, 0.0)	(28.0, 0.0)	(29.0, 0.0)	(30.0, 0.0)	(31.0, 0.0)	(32.0, 0.0)	(33.0, 0.0)	(34.0, 0.0)	(35.0, 0.0)	(36.0, 0.0)	(37.0, 0.0)	(38.0, 0.0)	(39.0, 0.0006780036408793387)	(40.0, 0.0027120145635173547)	(41.0, 0.004520024272528925)	(42.0, 0.007458040049672726)	(43.0, 0.022600121362644627)	(44.0, 0.07842242112837688)	(45.0, 0.1324367111850974)	(46.0, 0.3940331159577099)	(47.0, 17.02037739942798)	(48.0, 18.61910998462433)	(49.0, 5.393405962589243)	(50.0, 5.5024515481640535)	(51.0, 16.642164368423398)	(52.0, 23.879062230566745)	(53.0, 9.760314412882565)	(54.0, 1.6629169298633921)	(55.0, 0.4394593598966237)	(56.0, 0.08384645025541171)	(57.0, 0.029380157771438008)	(58.0, 0.11119259710421145)	(59.0, 0.114017612274542)	(60.0, 0.014012075244839665)	(61.0, 0.011526061894948758)	(62.0, 0.059212317970128964)	(63.0, 0.01062205704044297)	(64.0, 0.000904004854505785)	(65.0, 0.001130006068132231)	(66.0, 0.0013560072817586774)	(67.0, 0.0006780036408793387)	(68.0, 0.0)	(69.0, 0.0)	(70.0, 0.0)	(71.0, 0.0)	(72.0, 0.0)	(73.0, 0.0)	(74.0, 0.0)	(75.0, 0.0)	(76.0, 0.0)	(77.0, 0.0)	(78.0, 0.0)	(79.0, 0.0)	(80.0, 0.0)	(81.0, 0.0)	(82.0, 0.0)	(83.0, 0.0)	(84.0, 0.0)	(85.0, 0.0)	(86.0, 0.0)	(87.0, 0.0)	(88.0, 0.0)	(89.0, 0.0)	(90.0, 0.0)	(91.0, 0.0)	(92.0, 0.0)	(93.0, 0.0)	(94.0, 0.0)	(95.0, 0.0)	(96.0, 0.0)	(97.0, 0.0)	(98.0, 0.0)	(99.0, 0.0)	(100.0, 0.0)
3918R_R_M_S2_week7_S67_L001_R2_001	(0.0, 0.0)	(1.0, 0.0)	(2.0, 0.0)	(3.0, 0.0)	(4.0, 0.0)	(5.0, 0.0)	(6.0, 0.0)	(7.0, 0.0)	(8.0, 0.0)	(9.0, 0.0)	(10.0, 0.0)	(11.0, 0.0)	(12.0, 0.0)	(13.0, 0.0)	(14.0, 0.0)	(15.0, 0.0)	(16.0, 0.0)	(17.0, 0.0)	(18.0, 0.0)	(19.0, 0.0)	(20.0, 0.0)	(21.0, 0.0)	(22.0, 0.0)	(23.0, 0.0)	(24.0, 0.0)	(25.0, 0.0)	(26.0, 0.0)	(27.0, 0.0)	(28.0, 0.0)	(29.0, 0.0007034789378405318)	(30.0, 0.0007034789378405318)	(31.0, 0.0)	(32.0, 0.0)	(33.0, 0.0007034789378405318)	(34.0, 0.0014069578756810636)	(35.0, 0.003517394689202659)	(36.0, 0.007034789378405318)	(37.0, 0.0103176910883278)	(38.0, 0.009614212150487267)	(39.0, 0.0103176910883278)	(40.0, 0.015242043653211523)	(41.0, 0.02462176282441861)	(42.0, 0.032946263588864905)	(43.0, 0.046898595856035445)	(44.0, 0.1010664740697565)	(45.0, 1.958250869968711)	(46.0, 17.370888165613017)	(47.0, 9.263996885930222)	(48.0, 1.7108607768281765)	(49.0, 0.7143828613770492)	(50.0, 0.5687627212440651)	(51.0, 6.253927757402912)	(52.0, 7.030685751267822)	(53.0, 9.921046213872753)	(54.0, 8.196115858289309)	(55.0, 1.4967686867454058)	(56.0, 16.424708994215504)	(57.0, 16.40149418926674)	(58.0, 1.0228583756201444)	(59.0, 0.29768883719618544)	(60.0, 0.2839709979082956)	(61.0, 0.2817433146051341)	(62.0, 0.1299091105212182)	(63.0, 0.09227298734674977)	(64.0, 0.11900518698468993)	(65.0, 0.05405063172408088)	(66.0, 0.016883494508172767)	(67.0, 0.019111177811334448)	(68.0, 0.013600592798250282)	(69.0, 0.0023449297928017725)	(70.0, 0.005627831502724254)	(71.0, 0.015242043653211527)	(72.0, 0.04994700458667773)	(73.0, 0.014069578756810636)	(74.0, 0.0011724648964008863)	(75.0, 0.0007034789378405318)	(76.0, 0.0)	(77.0, 0.0)	(78.0, 0.0)	(79.0, 0.0)	(80.0, 0.0)	(81.0, 0.00046898595856035446)	(82.0, 0.0)	(83.0, 0.0)	(84.0, 0.0)	(85.0, 0.0)	(86.0, 0.0)	(87.0, 0.0)	(88.0, 0.0)	(89.0, 0.0)	(90.0, 0.0)	(91.0, 0.00046898595856035446)	(92.0, 0.0009379719171207089)	(93.0, 0.00046898595856035446)	(94.0, 0.0)	(95.0, 0.00046898595856035446)	(96.0, 0.0)	(97.0, 0.0)	(98.0, 0.0)	(99.0, 0.0)	(100.0, 0.0)
3918R_R_M_S2_week9_S68_L001_R1_001	(0.0, 0.0)	(1.0, 0.0)	(2.0, 0.0)	(3.0, 0.0)	(4.0, 0.0)	(5.0, 0.0)	(6.0, 0.0)	(7.0, 0.0)	(8.0, 0.0)	(9.0, 0.0)	(10.0, 0.0)	(11.0, 0.0)	(12.0, 0.0)	(13.0, 0.0)	(14.0, 0.0)	(15.0, 0.0)	(16.0, 0.0)	(17.0, 0.0)	(18.0, 0.0)	(19.0, 0.0)	(20.0, 0.0)	(21.0, 0.0)	(22.0, 0.0)	(23.0, 0.0)	(24.0, 0.0)	(25.0, 0.0)	(26.0, 0.0)	(27.0, 0.0)	(28.0, 0.0)	(29.0, 0.0)	(30.0, 0.0)	(31.0, 0.0)	(32.0, 0.0)	(33.0, 0.0)	(34.0, 0.0)	(35.0, 0.0006192679014868157)	(36.0, 0.0006192679014868157)	(37.0, 0.0009289018522302237)	(38.0, 0.0009289018522302237)	(39.0, 0.0006192679014868157)	(40.0, 0.0018578037044604473)	(41.0, 0.0012385358029736314)	(42.0, 0.004025241359664302)	(43.0, 0.03189229692657102)	(44.0, 0.10063103399160758)	(45.0, 0.1554362432731907)	(46.0, 0.48287414618434843)	(47.0, 18.437927681893402)	(48.0, 19.056266681529088)	(49.0, 4.112867767724485)	(50.0, 4.564314067908575)	(51.0, 16.386293124263883)	(52.0, 23.929285798337656)	(53.0, 10.205380199526394)	(54.0, 1.6000334404666088)	(55.0, 0.4803970745784018)	(56.0, 0.09258055127227907)	(57.0, 0.03746570803995235)	(58.0, 0.11704163338100847)	(59.0, 0.12416321424810678)	(60.0, 0.011146822226762682)	(61.0, 0.006192679014868158)	(62.0, 0.045825824710024325)	(63.0, 0.006811946916354974)	(64.0, 0.0006192679014868157)	(65.0, 0.0009289018522302237)	(66.0, 0.0018578037044604473)	(67.0, 0.0009289018522302237)	(68.0, 0.0)	(69.0, 0.0)	(70.0, 0.0)	(71.0, 0.0)	(72.0, 0.0)	(73.0, 0.0)	(74.0, 0.0)	(75.0, 0.0)	(76.0, 0.0)	(77.0, 0.0)	(78.0, 0.0)	(79.0, 0.0)	(80.0, 0.0)	(81.0, 0.0)	(82.0, 0.0)	(83.0, 0.0)	(84.0, 0.0)	(85.0, 0.0)	(86.0, 0.0)	(87.0, 0.0)	(88.0, 0.0)	(89.0, 0.0)	(90.0, 0.0)	(91.0, 0.0)	(92.0, 0.0)	(93.0, 0.0)	(94.0, 0.0)	(95.0, 0.0)	(96.0, 0.0)	(97.0, 0.0)	(98.0, 0.0)	(99.0, 0.0)	(100.0, 0.0)
3918R_R_M_S2_week9_S68_L001_R2_001	(0.0, 0.0)	(1.0, 0.0)	(2.0, 0.0)	(3.0, 0.0)	(4.0, 0.0)	(5.0, 0.0)	(6.0, 0.0)	(7.0, 0.0)	(8.0, 0.0)	(9.0, 0.0)	(10.0, 0.0)	(11.0, 0.0)	(12.0, 0.0)	(13.0, 0.0)	(14.0, 0.0)	(15.0, 0.0)	(16.0, 0.0)	(17.0, 0.0)	(18.0, 0.0)	(19.0, 0.0)	(20.0, 0.0)	(21.0, 0.0)	(22.0, 0.0)	(23.0, 0.0)	(24.0, 0.0)	(25.0, 0.0)	(26.0, 0.0)	(27.0, 0.0)	(28.0, 0.0)	(29.0, 0.0)	(30.0, 0.0)	(31.0, 0.0009831005023644098)	(32.0, 0.0009831005023644098)	(33.0, 0.0)	(34.0, 0.0)	(35.0, 0.0019662010047288197)	(36.0, 0.005898603014186458)	(37.0, 0.005570902846731655)	(38.0, 0.001638500837274016)	(39.0, 0.004915502511822049)	(40.0, 0.01638500837274016)	(41.0, 0.02752681406620347)	(42.0, 0.03883246984339419)	(43.0, 0.047024974029764244)	(44.0, 0.10125935174353433)	(45.0, 2.627827642820019)	(46.0, 19.436880032246933)	(47.0, 8.17513607749631)	(48.0, 1.503979918533848)	(49.0, 0.7445347804573076)	(50.0, 0.6329528734389515)	(51.0, 8.164977372305215)	(52.0, 8.866255730657853)	(53.0, 7.476479320482479)	(54.0, 6.206313471427094)	(55.0, 1.5595250969174361)	(56.0, 15.993078972458852)	(57.0, 15.879203164268382)	(58.0, 0.9899822058809467)	(59.0, 0.31721376209624974)	(60.0, 0.3268809170361666)	(61.0, 0.3024672545607834)	(62.0, 0.13927257116829136)	(63.0, 0.10781335509263028)	(64.0, 0.12845846564228303)	(65.0, 0.057675229472045335)	(66.0, 0.01704040870764977)	(67.0, 0.012780306530737326)	(68.0, 0.014418807368011346)	(69.0, 0.005898603014186458)	(70.0, 0.005570902846731655)	(71.0, 0.008520204353824884)	(72.0, 0.03473621775020915)	(73.0, 0.009831005023644096)	(74.0, 0.0)	(75.0, 0.0)	(76.0, 0.0)	(77.0, 0.0006554003349096064)	(78.0, 0.0006554003349096064)	(79.0, 0.0)	(80.0, 0.0)	(81.0, 0.0)	(82.0, 0.0)	(83.0, 0.0)	(84.0, 0.0)	(85.0, 0.0)	(86.0, 0.0)	(87.0, 0.0)	(88.0, 0.0)	(89.0, 0.0)	(90.0, 0.0)	(91.0, 0.0)	(92.0, 0.0)	(93.0, 0.0)	(94.0, 0.0)	(95.0, 0.0)	(96.0, 0.0)	(97.0, 0.0)	(98.0, 0.0)	(99.0, 0.0)	(100.0, 0.0)
3924R_L_F_S5_week9_S72_L001_R1_001	(0.0, 0.0)	(1.0, 0.0)	(2.0, 0.0)	(3.0, 0.0)	(4.0, 0.0)	(5.0, 0.0)	(6.0, 0.0)	(7.0, 0.0)	(8.0, 0.0)	(9.0, 0.0)	(10.0, 0.0)	(11.0, 0.0)	(12.0, 0.0)	(13.0, 0.0)	(14.0, 0.0)	(15.0, 0.0)	(16.0, 0.0)	(17.0, 0.0)	(18.0, 0.0)	(19.0, 0.0)	(20.0, 0.0)	(21.0, 0.0)	(22.0, 0.0)	(23.0, 0.0)	(24.0, 0.0)	(25.0, 0.0)	(26.0, 0.0)	(27.0, 0.0)	(28.0, 0.0)	(29.0, 0.0)	(30.0, 0.0)	(31.0, 0.0007703181028603744)	(32.0, 0.0007703181028603744)	(33.0, 0.0)	(34.0, 0.0)	(35.0, 0.0)	(36.0, 0.0)	(37.0, 0.0)	(38.0, 0.0)	(39.0, 0.0007703181028603744)	(40.0, 0.0007703181028603744)	(41.0, 0.004365135916208788)	(42.0, 0.01258186234671945)	(43.0, 0.034535928278240126)	(44.0, 0.09474912665182608)	(45.0, 0.19476209367319758)	(46.0, 1.6800637823385207)	(47.0, 18.59252611699469)	(48.0, 9.023634643255624)	(49.0, 8.434212908217477)	(50.0, 8.461944359920414)	(51.0, 18.855846521822926)	(52.0, 24.310340621836573)	(53.0, 8.091934897846818)	(54.0, 1.5348588199493591)	(55.0, 0.3833616425235167)	(56.0, 0.09860071716612812)	(57.0, 0.03299529207251936)	(58.0, 0.04108363215255327)	(59.0, 0.04031331404969289)	(60.0, 0.011426385192428886)	(61.0, 0.008987044533371036)	(62.0, 0.03992815499826271)	(63.0, 0.008216726430510659)	(64.0, 0.0012838635047672906)	(65.0, 0.0028244997104880393)	(66.0, 0.0015406362057207488)	(67.0, 0.0)	(68.0, 0.0)	(69.0, 0.0)	(70.0, 0.0)	(71.0, 0.0)	(72.0, 0.0)	(73.0, 0.0)	(74.0, 0.0)	(75.0, 0.0)	(76.0, 0.0)	(77.0, 0.0)	(78.0, 0.0)	(79.0, 0.0)	(80.0, 0.0)	(81.0, 0.0)	(82.0, 0.0)	(83.0, 0.0)	(84.0, 0.0)	(85.0, 0.0)	(86.0, 0.0)	(87.0, 0.0)	(88.0, 0.0)	(89.0, 0.0)	(90.0, 0.0)	(91.0, 0.0)	(92.0, 0.0)	(93.0, 0.0)	(94.0, 0.0)	(95.0, 0.0)	(96.0, 0.0)	(97.0, 0.0)	(98.0, 0.0)	(99.0, 0.0)	(100.0, 0.0)
3924R_L_F_S5_week9_S72_L001_R2_001	(0.0, 0.0)	(1.0, 0.0)	(2.0, 0.0)	(3.0, 0.0)	(4.0, 0.0)	(5.0, 0.0)	(6.0, 0.0)	(7.0, 0.0)	(8.0, 0.0)	(9.0, 0.0)	(10.0, 0.0)	(11.0, 0.0)	(12.0, 0.0)	(13.0, 0.0)	(14.0, 0.0)	(15.0, 0.0)	(16.0, 0.0)	(17.0, 0.0)	(18.0, 0.0)	(19.0, 0.0)	(20.0, 0.0)	(21.0, 0.0)	(22.0, 0.0)	(23.0, 0.0)	(24.0, 0.0)	(25.0, 0.0)	(26.0, 0.0)	(27.0, 0.0)	(28.0, 0.0)	(29.0, 0.0)	(30.0, 0.0)	(31.0, 0.0007819566118340734)	(32.0, 0.0007819566118340734)	(33.0, 0.0007819566118340734)	(34.0, 0.0023458698355022204)	(35.0, 0.003909783059170367)	(36.0, 0.0036491308552256754)	(37.0, 0.004691739671004441)	(38.0, 0.009383479342008881)	(39.0, 0.014857175624847396)	(40.0, 0.021373480723464674)	(41.0, 0.028411090229971337)	(42.0, 0.04144370042720589)	(43.0, 0.06333848555855996)	(44.0, 0.14570458200508213)	(45.0, 1.5362840900500714)	(46.0, 17.92270619544551)	(47.0, 2.328666790041784)	(48.0, 2.185568730076185)	(49.0, 0.9739269600393397)	(50.0, 0.5682218045994237)	(51.0, 1.9736584882691885)	(52.0, 3.099545683208058)	(53.0, 15.790831819378038)	(54.0, 13.659218095514673)	(55.0, 3.1314755781913126)	(56.0, 17.0432656593343)	(57.0, 16.953079996769354)	(58.0, 1.2966143885228911)	(59.0, 0.37898830453558197)	(60.0, 0.2532236161322676)	(61.0, 0.2072185021360291)	(62.0, 0.09878718529503798)	(63.0, 0.07037609506506663)	(64.0, 0.05760413707177676)	(65.0, 0.026325872598413808)	(66.0, 0.015117827828792086)	(67.0, 0.011990001381455794)	(68.0, 0.009383479342008881)	(69.0, 0.006385978996644934)	(70.0, 0.0037794569571980223)	(71.0, 0.0067769573025619695)	(72.0, 0.033884786512809836)	(73.0, 0.010426088157787642)	(74.0, 0.0010426088157787646)	(75.0, 0.0005213044078893823)	(76.0, 0.0005213044078893823)	(77.0, 0.0)	(78.0, 0.0)	(79.0, 0.0005213044078893823)	(80.0, 0.0)	(81.0, 0.0)	(82.0, 0.0)	(83.0, 0.0)	(84.0, 0.0)	(85.0, 0.0)	(86.0, 0.0007819566118340734)	(87.0, 0.0007819566118340734)	(88.0, 0.0)	(89.0, 0.0)	(90.0, 0.0)	(91.0, 0.0005213044078893823)	(92.0, 0.0005213044078893823)	(93.0, 0.0)	(94.0, 0.0)	(95.0, 0.0)	(96.0, 0.0)	(97.0, 0.0)	(98.0, 0.0)	(99.0, 0.0)	(100.0, 0.0)
3929R_0_F_S5_week9_S73_L001_R1_001	(0.0, 0.0)	(1.0, 0.0)	(2.0, 0.0)	(3.0, 0.0)	(4.0, 0.0)	(5.0, 0.0)	(6.0, 0.0)	(7.0, 0.0)	(8.0, 0.0)	(9.0, 0.0)	(10.0, 0.0)	(11.0, 0.0)	(12.0, 0.0)	(13.0, 0.0)	(14.0, 0.0)	(15.0, 0.0)	(16.0, 0.0)	(17.0, 0.0)	(18.0, 0.0)	(19.0, 0.0)	(20.0, 0.0)	(21.0, 0.0)	(22.0, 0.0)	(23.0, 0.0)	(24.0, 0.0)	(25.0, 0.0)	(26.0, 0.0)	(27.0, 0.0)	(28.0, 0.0)	(29.0, 0.0)	(30.0, 0.0)	(31.0, 0.0)	(32.0, 0.0)	(33.0, 0.0)	(34.0, 0.0)	(35.0, 0.0)	(36.0, 0.0)	(37.0, 0.0007460431735183947)	(38.0, 0.0007460431735183947)	(39.0, 0.0)	(40.0, 0.0004973621156789298)	(41.0, 0.003730215867591973)	(42.0, 0.01019592337141806)	(43.0, 0.02362470049474916)	(44.0, 0.06577613979853847)	(45.0, 0.1347851333489899)	(46.0, 0.7905570828716469)	(47.0, 7.804606319233347)	(48.0, 7.160522379429699)	(49.0, 9.742080440858908)	(50.0, 8.95873510866528)	(51.0, 23.668095339358313)	(52.0, 30.254661837274938)	(53.0, 9.044032711504189)	(54.0, 1.5308805920598074)	(55.0, 0.4552106763751406)	(56.0, 0.13167662012599646)	(57.0, 0.038794245022956496)	(58.0, 0.042275779832709)	(59.0, 0.04302182300622738)	(60.0, 0.010817626016016721)	(61.0, 0.007584772264103678)	(62.0, 0.0525960437330468)	(63.0, 0.014547841883608695)	(64.0, 0.0044762590411103675)	(65.0, 0.0032328537519130435)	(66.0, 0.0)	(67.0, 0.0007460431735183947)	(68.0, 0.0007460431735183947)	(69.0, 0.0)	(70.0, 0.0)	(71.0, 0.0)	(72.0, 0.0)	(73.0, 0.0)	(74.0, 0.0)	(75.0, 0.0)	(76.0, 0.0)	(77.0, 0.0)	(78.0, 0.0)	(79.0, 0.0)	(80.0, 0.0)	(81.0, 0.0)	(82.0, 0.0)	(83.0, 0.0)	(84.0, 0.0)	(85.0, 0.0)	(86.0, 0.0)	(87.0, 0.0)	(88.0, 0.0)	(89.0, 0.0)	(90.0, 0.0)	(91.0, 0.0)	(92.0, 0.0)	(93.0, 0.0)	(94.0, 0.0)	(95.0, 0.0)	(96.0, 0.0)	(97.0, 0.0)	(98.0, 0.0)	(99.0, 0.0)	(100.0, 0.0)
3929R_0_F_S5_week9_S73_L001_R2_001	(0.0, 0.0)	(1.0, 0.0)	(2.0, 0.0)	(3.0, 0.0)	(4.0, 0.0)	(5.0, 0.0)	(6.0, 0.0)	(7.0, 0.0)	(8.0, 0.0)	(9.0, 0.0)	(10.0, 0.0)	(11.0, 0.0)	(12.0, 0.0)	(13.0, 0.0)	(14.0, 0.0)	(15.0, 0.0)	(16.0, 0.0)	(17.0, 0.0)	(18.0, 0.0)	(19.0, 0.0)	(20.0, 0.0)	(21.0, 0.0)	(22.0, 0.0)	(23.0, 0.0)	(24.0, 0.0)	(25.0, 0.0)	(26.0, 0.0)	(27.0, 0.0)	(28.0, 0.0)	(29.0, 0.0)	(30.0, 0.0)	(31.0, 0.0)	(32.0, 0.0)	(33.0, 0.0014892605697162929)	(34.0, 0.005212411994007025)	(35.0, 0.007446302848581464)	(36.0, 0.005212411994007025)	(37.0, 0.00496420189905431)	(38.0, 0.00992840379810862)	(39.0, 0.01712649655173737)	(40.0, 0.018367547026500945)	(41.0, 0.01960859750126453)	(42.0, 0.03152268205899487)	(43.0, 0.050634859370353946)	(44.0, 0.09729835722146456)	(45.0, 0.687293752924058)	(46.0, 6.831734653478974)	(47.0, 1.3304061089465957)	(48.0, 2.8531750414812573)	(49.0, 1.3134037174423288)	(50.0, 0.728993048876116)	(51.0, 2.2393514766633245)	(52.0, 3.6357814708673732)	(53.0, 16.036854234897373)	(54.0, 14.320481428296377)	(55.0, 4.2419105227420975)	(56.0, 20.75805845100043)	(57.0, 21.11287478173601)	(58.0, 1.8852797762133433)	(59.0, 0.5577280833587497)	(60.0, 0.3692125162421655)	(61.0, 0.31361345497275683)	(62.0, 0.15798572543740336)	(63.0, 0.08836279380316672)	(64.0, 0.06652030544732779)	(65.0, 0.04480192213896513)	(66.0, 0.025193324637700628)	(67.0, 0.017871126836595516)	(68.0, 0.016754181409308296)	(69.0, 0.011169454272872198)	(70.0, 0.008811458370821399)	(71.0, 0.016754181409308302)	(72.0, 0.04269213633186702)	(73.0, 0.010921244177919476)	(74.0, 0.0004964201899054309)	(75.0, 0.0008687353323345041)	(76.0, 0.0)	(77.0, 0.0007446302848581464)	(78.0, 0.0022338908545744395)	(79.0, 0.0014892605697162929)	(80.0, 0.0)	(81.0, 0.0)	(82.0, 0.0)	(83.0, 0.0)	(84.0, 0.0)	(85.0, 0.0)	(86.0, 0.0)	(87.0, 0.0)	(88.0, 0.0)	(89.0, 0.0)	(90.0, 0.0)	(91.0, 0.0)	(92.0, 0.0)	(93.0, 0.0004964201899054309)	(94.0, 0.0004964201899054309)	(95.0, 0.0)	(96.0, 0.0)	(97.0, 0.0003723151424290732)	(98.0, 0.0)	(99.0, 0.0)	(100.0, 0.0)
3969R_0_F_S2_week5_S47_L001_R1_001	(0.0, 0.0)	(1.0, 0.0)	(2.0, 0.0)	(3.0, 0.0)	(4.0, 0.0)	(5.0, 0.0)	(6.0, 0.0)	(7.0, 0.0)	(8.0, 0.0)	(9.0, 0.0)	(10.0, 0.0)	(11.0, 0.0)	(12.0, 0.0)	(13.0, 0.0)	(14.0, 0.0)	(15.0, 0.0)	(16.0, 0.0)	(17.0, 0.0)	(18.0, 0.0)	(19.0, 0.0)	(20.0, 0.0)	(21.0, 0.0)	(22.0, 0.0)	(23.0, 0.0)	(24.0, 0.0)	(25.0, 0.0)	(26.0, 0.0)	(27.0, 0.0)	(28.0, 0.0)	(29.0, 0.0)	(30.0, 0.0005399094301928947)	(31.0, 0.0)	(32.0, 0.0)	(33.0, 0.0)	(34.0, 0.0)	(35.0, 0.0005399094301928947)	(36.0, 0.0)	(37.0, 0.0005399094301928947)	(38.0, 0.0005399094301928947)	(39.0, 0.0032394565811573683)	(40.0, 0.0035094112962538154)	(41.0, 0.0045892301566396055)	(42.0, 0.015387418760497503)	(43.0, 0.039683343119177754)	(44.0, 0.11054645583199521)	(45.0, 0.16224278377296478)	(46.0, 0.4493396232780386)	(47.0, 17.051689579069137)	(48.0, 18.029465557150218)	(49.0, 3.331376161647432)	(50.0, 3.9811571608848557)	(51.0, 22.318506070610283)	(52.0, 25.49708786351906)	(53.0, 6.318964993621108)	(54.0, 1.7951988553914142)	(55.0, 0.4838938268103827)	(56.0, 0.12485405573210687)	(57.0, 0.04035822990691887)	(58.0, 0.10042315401587863)	(59.0, 0.1039325653121325)	(60.0, 0.008908505598182763)	(61.0, 0.0045892301566396055)	(62.0, 0.014577554615208155)	(63.0, 0.0026995471509644736)	(64.0, 0.0016197282905786841)	(65.0, 0.0)	(66.0, 0.0)	(67.0, 0.0)	(68.0, 0.0)	(69.0, 0.0)	(70.0, 0.0)	(71.0, 0.0)	(72.0, 0.0)	(73.0, 0.0)	(74.0, 0.0)	(75.0, 0.0)	(76.0, 0.0)	(77.0, 0.0)	(78.0, 0.0)	(79.0, 0.0)	(80.0, 0.0)	(81.0, 0.0)	(82.0, 0.0)	(83.0, 0.0)	(84.0, 0.0)	(85.0, 0.0)	(86.0, 0.0)	(87.0, 0.0)	(88.0, 0.0)	(89.0, 0.0)	(90.0, 0.0)	(91.0, 0.0)	(92.0, 0.0)	(93.0, 0.0)	(94.0, 0.0)	(95.0, 0.0)	(96.0, 0.0)	(97.0, 0.0)	(98.0, 0.0)	(99.0, 0.0)	(100.0, 0.0)
3969R_0_F_S2_week5_S47_L001_R2_001	(0.0, 0.0)	(1.0, 0.0)	(2.0, 0.0)	(3.0, 0.0)	(4.0, 0.0)	(5.0, 0.0)	(6.0, 0.0)	(7.0, 0.0)	(8.0, 0.0)	(9.0, 0.0)	(10.0, 0.0)	(11.0, 0.0)	(12.0, 0.0)	(13.0, 0.0)	(14.0, 0.0)	(15.0, 0.0)	(16.0, 0.0)	(17.0, 0.0)	(18.0, 0.0)	(19.0, 0.0)	(20.0, 0.0)	(21.0, 0.0)	(22.0, 0.0)	(23.0, 0.0)	(24.0, 0.0)	(25.0, 0.0)	(26.0, 0.0)	(27.0, 0.0)	(28.0, 0.0)	(29.0, 0.0024351472925893576)	(30.0, 0.004870294585178715)	(31.0, 0.0024351472925893576)	(32.0, 0.0)	(33.0, 0.0)	(34.0, 0.0016234315283929052)	(35.0, 0.0032468630567858104)	(36.0, 0.0032468630567858104)	(37.0, 0.007305441877768073)	(38.0, 0.010552304934553884)	(39.0, 0.010281733013155065)	(40.0, 0.014340311834137328)	(41.0, 0.03138634288226284)	(42.0, 0.05073223526227829)	(43.0, 0.0648019751750168)	(44.0, 0.13704467818850108)	(45.0, 1.188216592822927)	(46.0, 16.12283965231305)	(47.0, 12.683735245368874)	(48.0, 1.289681063347489)	(49.0, 0.7279737545235113)	(50.0, 0.6277268576452519)	(51.0, 3.1923428146237045)	(52.0, 3.57885480434199)	(53.0, 6.794466804207393)	(54.0, 6.03984171542593)	(55.0, 1.9168667771499281)	(56.0, 20.999898535534804)	(57.0, 21.080393682151126)	(58.0, 1.5885277505324997)	(59.0, 0.4816180200898957)	(60.0, 0.394358575438778)	(61.0, 0.3277978827746683)	(62.0, 0.17438360334153793)	(63.0, 0.1325802414854206)	(64.0, 0.1346095308959116)	(65.0, 0.06277268576452569)	(66.0, 0.02719247810058116)	(67.0, 0.01866946257651841)	(68.0, 0.01569317144113142)	(69.0, 0.008117157641964527)	(70.0, 0.006223154192172804)	(71.0, 0.008117157641964525)	(72.0, 0.015152027598333784)	(73.0, 0.004870294585178715)	(74.0, 0.0008117157641964526)	(75.0, 0.0008117157641964526)	(76.0, 0.0021645753711905403)	(77.0, 0.0013528596069940877)	(78.0, 0.0)	(79.0, 0.0)	(80.0, 0.0)	(81.0, 0.0008117157641964526)	(82.0, 0.0013528596069940877)	(83.0, 0.0005411438427976351)	(84.0, 0.0008117157641964526)	(85.0, 0.0008117157641964526)	(86.0, 0.0)	(87.0, 0.0005411438427976351)	(88.0, 0.0005411438427976351)	(89.0, 0.0)	(90.0, 0.0)	(91.0, 0.0)	(92.0, 0.0)	(93.0, 0.0)	(94.0, 0.0008117157641964526)	(95.0, 0.0008117157641964526)	(96.0, 0.0)	(97.0, 0.0)	(98.0, 0.0)	(99.0, 0.0)	(100.0, 0.0)
3969R_0_F_S2_week6_S48_L001_R1_001	(0.0, 0.0)	(1.0, 0.0)	(2.0, 0.0)	(3.0, 0.0)	(4.0, 0.0)	(5.0, 0.0)	(6.0, 0.0)	(7.0, 0.0)	(8.0, 0.0)	(9.0, 0.0)	(10.0, 0.0)	(11.0, 0.0)	(12.0, 0.0)	(13.0, 0.0)	(14.0, 0.0)	(15.0, 0.0)	(16.0, 0.0)	(17.0, 0.0)	(18.0, 0.0)	(19.0, 0.0)	(20.0, 0.0)	(21.0, 0.0)	(22.0, 0.0)	(23.0, 0.0)	(24.0, 0.0)	(25.0, 0.0)	(26.0, 0.0)	(27.0, 0.0)	(28.0, 0.0)	(29.0, 0.0)	(30.0, 0.0)	(31.0, 0.0)	(32.0, 0.0)	(33.0, 0.000538377572266962)	(34.0, 0.0)	(35.0, 0.0)	(36.0, 0.0)	(37.0, 0.0)	(38.0, 0.000538377572266962)	(39.0, 0.001076755144533924)	(40.0, 0.003768643005868735)	(41.0, 0.007268097225603988)	(42.0, 0.008883229942404874)	(43.0, 0.03485994780428579)	(44.0, 0.09367769757445144)	(45.0, 0.141593301506211)	(46.0, 0.4158966745762318)	(47.0, 18.758420561716836)	(48.0, 20.97734372581913)	(49.0, 4.7865804006328565)	(50.0, 5.177307923705772)	(51.0, 16.114717493095146)	(52.0, 21.176678021951286)	(53.0, 8.53341911482389)	(54.0, 2.7686066653826824)	(55.0, 0.5819861556205816)	(56.0, 0.14791923798034765)	(57.0, 0.05128046375842811)	(58.0, 0.0920625648576507)	(59.0, 0.08990905456858284)	(60.0, 0.01520916641654168)	(61.0, 0.004037831792002215)	(62.0, 0.011844306589873161)	(63.0, 0.0032302654336017725)	(64.0, 0.0009421607514671836)	(65.0, 0.00040378317920022156)	(66.0, 0.0)	(67.0, 0.0)	(68.0, 0.0)	(69.0, 0.0)	(70.0, 0.0)	(71.0, 0.0)	(72.0, 0.0)	(73.0, 0.0)	(74.0, 0.0)	(75.0, 0.0)	(76.0, 0.0)	(77.0, 0.0)	(78.0, 0.0)	(79.0, 0.0)	(80.0, 0.0)	(81.0, 0.0)	(82.0, 0.0)	(83.0, 0.0)	(84.0, 0.0)	(85.0, 0.0)	(86.0, 0.0)	(87.0, 0.0)	(88.0, 0.0)	(89.0, 0.0)	(90.0, 0.0)	(91.0, 0.0)	(92.0, 0.0)	(93.0, 0.0)	(94.0, 0.0)	(95.0, 0.0)	(96.0, 0.0)	(97.0, 0.0)	(98.0, 0.0)	(99.0, 0.0)	(100.0, 0.0)
3969R_0_F_S2_week6_S48_L001_R2_001	(0.0, 0.0)	(1.0, 0.0)	(2.0, 0.0)	(3.0, 0.0)	(4.0, 0.0)	(5.0, 0.0)	(6.0, 0.0)	(7.0, 0.0)	(8.0, 0.0)	(9.0, 0.0)	(10.0, 0.0)	(11.0, 0.0)	(12.0, 0.0)	(13.0, 0.0)	(14.0, 0.0)	(15.0, 0.0)	(16.0, 0.0)	(17.0, 0.0)	(18.0, 0.0)	(19.0, 0.0)	(20.0, 0.0)	(21.0, 0.0)	(22.0, 0.0)	(23.0, 0.0)	(24.0, 0.0)	(25.0, 0.0)	(26.0, 0.0)	(27.0, 0.0)	(28.0, 0.0)	(29.0, 0.0008083780299018747)	(30.0, 0.0008083780299018747)	(31.0, 0.0)	(32.0, 0.0008083780299018747)	(33.0, 0.0008083780299018747)	(34.0, 0.0008083780299018747)	(35.0, 0.0016167560598037494)	(36.0, 0.003233512119607499)	(37.0, 0.006467024239214998)	(38.0, 0.009161617672221244)	(39.0, 0.013742426508331868)	(40.0, 0.02317350352385374)	(41.0, 0.03529917397238186)	(42.0, 0.04931105982401433)	(43.0, 0.08083780299018749)	(44.0, 0.14281345194933112)	(45.0, 0.8652339513382932)	(46.0, 17.28716416945411)	(47.0, 15.856469786196877)	(48.0, 1.6453187501936721)	(49.0, 0.8752039470404218)	(50.0, 0.7714620998696794)	(51.0, 4.5151954860171495)	(52.0, 5.070955381574924)	(53.0, 8.472205942386134)	(54.0, 7.082065190299357)	(55.0, 2.0747022137431403)	(56.0, 16.27035933750733)	(57.0, 15.570573422954434)	(58.0, 1.400649666476678)	(59.0, 0.4738442551941497)	(60.0, 0.41550630736956534)	(61.0, 0.39300645220396324)	(62.0, 0.19697477995275664)	(63.0, 0.1378284540982696)	(64.0, 0.10630171093209662)	(65.0, 0.053487679645174015)	(66.0, 0.029775257434719055)	(67.0, 0.02020945074754687)	(68.0, 0.010104725373773434)	(69.0, 0.0048502681794112485)	(70.0, 0.004850268179411249)	(71.0, 0.006467024239214998)	(72.0, 0.013607696836681553)	(73.0, 0.0010778373732024996)	(74.0, 0.0)	(75.0, 0.0008083780299018747)	(76.0, 0.0008083780299018747)	(77.0, 0.0005389186866012498)	(78.0, 0.0005389186866012498)	(79.0, 0.0)	(80.0, 0.0)	(81.0, 0.0)	(82.0, 0.0)	(83.0, 0.0)	(84.0, 0.0008083780299018747)	(85.0, 0.0008083780299018747)	(86.0, 0.0)	(87.0, 0.0)	(88.0, 0.0)	(89.0, 0.0)	(90.0, 0.0)	(91.0, 0.0)	(92.0, 0.0)	(93.0, 0.0)	(94.0, 0.0)	(95.0, 0.0)	(96.0, 0.0)	(97.0, 0.0)	(98.0, 0.0005389186866012498)	(99.0, 0.0)	(100.0, 0.0)
3969R_0_F_S2_week7_S49_L001_R1_001	(0.0, 0.0)	(1.0, 0.0)	(2.0, 0.0)	(3.0, 0.0)	(4.0, 0.0)	(5.0, 0.0)	(6.0, 0.0)	(7.0, 0.0)	(8.0, 0.0)	(9.0, 0.0)	(10.0, 0.0)	(11.0, 0.0)	(12.0, 0.0)	(13.0, 0.0)	(14.0, 0.0)	(15.0, 0.0)	(16.0, 0.0)	(17.0, 0.0)	(18.0, 0.0)	(19.0, 0.0)	(20.0, 0.0)	(21.0, 0.0)	(22.0, 0.0)	(23.0, 0.0)	(24.0, 0.0)	(25.0, 0.0)	(26.0, 0.0)	(27.0, 0.0)	(28.0, 0.0)	(29.0, 0.0)	(30.0, 0.0)	(31.0, 0.0)	(32.0, 0.0)	(33.0, 0.0004260467969799784)	(34.0, 0.0004260467969799784)	(35.0, 0.0)	(36.0, 0.0)	(37.0, 0.0)	(38.0, 0.0004260467969799784)	(39.0, 0.001065116992449946)	(40.0, 0.002130233984899892)	(41.0, 0.0061776785562096875)	(42.0, 0.016189778285239185)	(43.0, 0.05069956884061744)	(44.0, 0.13399171765020318)	(45.0, 0.21291688679074425)	(46.0, 0.5544999062694351)	(47.0, 19.587927537964166)	(48.0, 20.409452274242273)	(49.0, 4.313510796024301)	(50.0, 4.447502513674563)	(51.0, 19.171999352411675)	(52.0, 23.11847083283255)	(53.0, 5.885836500278748)	(54.0, 1.4085107108158417)	(55.0, 0.3872765384548006)	(56.0, 0.09255866664390036)	(57.0, 0.03557490754782818)	(58.0, 0.06848702261453166)	(59.0, 0.0649721365394468)	(60.0, 0.006816748751679654)	(61.0, 0.003621397774329817)	(62.0, 0.01512466129278924)	(63.0, 0.002982327578859849)	(64.0, 0.0004260467969799784)	(65.0, 0.0)	(66.0, 0.0)	(67.0, 0.0)	(68.0, 0.0)	(69.0, 0.0)	(70.0, 0.0)	(71.0, 0.0)	(72.0, 0.0)	(73.0, 0.0)	(74.0, 0.0)	(75.0, 0.0)	(76.0, 0.0)	(77.0, 0.0)	(78.0, 0.0)	(79.0, 0.0)	(80.0, 0.0)	(81.0, 0.0)	(82.0, 0.0)	(83.0, 0.0)	(84.0, 0.0)	(85.0, 0.0)	(86.0, 0.0)	(87.0, 0.0)	(88.0, 0.0)	(89.0, 0.0)	(90.0, 0.0)	(91.0, 0.0)	(92.0, 0.0)	(93.0, 0.0)	(94.0, 0.0)	(95.0, 0.0)	(96.0, 0.0)	(97.0, 0.0)	(98.0, 0.0)	(99.0, 0.0)	(100.0, 0.0)
3969R_0_F_S2_week7_S49_L001_R2_001	(0.0, 0.0)	(1.0, 0.0)	(2.0, 0.0)	(3.0, 0.0)	(4.0, 0.0)	(5.0, 0.0)	(6.0, 0.0)	(7.0, 0.0)	(8.0, 0.0)	(9.0, 0.0)	(10.0, 0.0)	(11.0, 0.0)	(12.0, 0.0)	(13.0, 0.0)	(14.0, 0.0)	(15.0, 0.0)	(16.0, 0.0)	(17.0, 0.0)	(18.0, 0.0)	(19.0, 0.0)	(20.0, 0.0)	(21.0, 0.0)	(22.0, 0.0)	(23.0, 0.0)	(24.0, 0.0)	(25.0, 0.0)	(26.0, 0.0)	(27.0, 0.0)	(28.0, 0.0)	(29.0, 0.0)	(30.0, 0.000667435700912975)	(31.0, 0.002002307102738925)	(32.0, 0.00400461420547785)	(33.0, 0.00400461420547785)	(34.0, 0.0033371785045648752)	(35.0, 0.0053394856073038)	(36.0, 0.0080092284109557)	(37.0, 0.0080092284109557)	(38.0, 0.008676664111868675)	(39.0, 0.016908371089795364)	(40.0, 0.024250163799838086)	(41.0, 0.03314930647867776)	(42.0, 0.04738793476482121)	(43.0, 0.08398565903154942)	(44.0, 0.17486815363919897)	(45.0, 2.30732521805601)	(46.0, 19.788912335664303)	(47.0, 11.206690375459399)	(48.0, 1.7972931032751234)	(49.0, 0.8923615321206533)	(50.0, 0.6574241653992723)	(51.0, 3.7379736429633126)	(52.0, 4.342002952289796)	(53.0, 7.0116345166574)	(54.0, 5.78722372333354)	(55.0, 1.727879790380193)	(56.0, 18.693427871896297)	(57.0, 18.954506470237256)	(58.0, 1.3962754863099769)	(59.0, 0.380327110236911)	(60.0, 0.2798780372495083)	(61.0, 0.24683997005431582)	(62.0, 0.11491017984051714)	(63.0, 0.0878790339535417)	(64.0, 0.07653262703802119)	(65.0, 0.027809820871373955)	(66.0, 0.009789056946723633)	(67.0, 0.011680124765977061)	(68.0, 0.009010381962325162)	(69.0, 0.0053394856073038)	(70.0, 0.004227092772448841)	(71.0, 0.004894528473361816)	(72.0, 0.013126235451288505)	(73.0, 0.002224785669709916)	(74.0, 0.0)	(75.0, 0.0)	(76.0, 0.0)	(77.0, 0.0)	(78.0, 0.0)	(79.0, 0.0)	(80.0, 0.0)	(81.0, 0.0)	(82.0, 0.0)	(83.0, 0.0)	(84.0, 0.0)	(85.0, 0.0)	(86.0, 0.0)	(87.0, 0.0)	(88.0, 0.0)	(89.0, 0.0)	(90.0, 0.0)	(91.0, 0.0)	(92.0, 0.0)	(93.0, 0.0)	(94.0, 0.0)	(95.0, 0.0)	(96.0, 0.0)	(97.0, 0.0)	(98.0, 0.0)	(99.0, 0.0)	(100.0, 0.0)
3969R_0_F_S2_week9_S50_L001_R1_001	(0.0, 0.0)	(1.0, 0.0)	(2.0, 0.0)	(3.0, 0.0)	(4.0, 0.0)	(5.0, 0.0)	(6.0, 0.0)	(7.0, 0.0)	(8.0, 0.0)	(9.0, 0.0)	(10.0, 0.0)	(11.0, 0.0)	(12.0, 0.0)	(13.0, 0.0)	(14.0, 0.0)	(15.0, 0.0)	(16.0, 0.0)	(17.0, 0.0)	(18.0, 0.0)	(19.0, 0.0)	(20.0, 0.0)	(21.0, 0.0)	(22.0, 0.0)	(23.0, 0.0)	(24.0, 0.0)	(25.0, 0.0)	(26.0, 0.0)	(27.0, 0.0)	(28.0, 0.0)	(29.0, 0.0)	(30.0, 0.0)	(31.0, 0.0)	(32.0, 0.0)	(33.0, 0.0)	(34.0, 0.0)	(35.0, 0.0)	(36.0, 0.0)	(37.0, 0.0)	(38.0, 0.0010986083378876582)	(39.0, 0.0008239562534157437)	(40.0, 0.003845129182606803)	(41.0, 0.00851421461862935)	(42.0, 0.013732604223595731)	(43.0, 0.04737748457140527)	(44.0, 0.10903687753535012)	(45.0, 0.15806227461358674)	(46.0, 0.5413392584941419)	(47.0, 23.03383439029172)	(48.0, 25.106359019720525)	(49.0, 6.250394812370577)	(50.0, 6.018451127033943)	(51.0, 11.758405040408316)	(52.0, 17.11549394803794)	(53.0, 7.455705485075166)	(54.0, 1.7657382510699953)	(55.0, 0.35539979730666016)	(56.0, 0.08047306075027102)	(57.0, 0.028289164700607206)	(58.0, 0.056715655443450315)	(59.0, 0.05383180855649519)	(60.0, 0.005081063562730419)	(61.0, 0.0012359343801236155)	(62.0, 0.020324254250921686)	(63.0, 0.006316997942854035)	(64.0, 0.0035704770981348894)	(65.0, 0.0005493041689438291)	(66.0, 0.0)	(67.0, 0.0)	(68.0, 0.0)	(69.0, 0.0)	(70.0, 0.0)	(71.0, 0.0)	(72.0, 0.0)	(73.0, 0.0)	(74.0, 0.0)	(75.0, 0.0)	(76.0, 0.0)	(77.0, 0.0)	(78.0, 0.0)	(79.0, 0.0)	(80.0, 0.0)	(81.0, 0.0)	(82.0, 0.0)	(83.0, 0.0)	(84.0, 0.0)	(85.0, 0.0)	(86.0, 0.0)	(87.0, 0.0)	(88.0, 0.0)	(89.0, 0.0)	(90.0, 0.0)	(91.0, 0.0)	(92.0, 0.0)	(93.0, 0.0)	(94.0, 0.0)	(95.0, 0.0)	(96.0, 0.0)	(97.0, 0.0)	(98.0, 0.0)	(99.0, 0.0)	(100.0, 0.0)
3969R_0_F_S2_week9_S50_L001_R2_001	(0.0, 0.0)	(1.0, 0.0)	(2.0, 0.0)	(3.0, 0.0)	(4.0, 0.0)	(5.0, 0.0)	(6.0, 0.0)	(7.0, 0.0)	(8.0, 0.0)	(9.0, 0.0)	(10.0, 0.0)	(11.0, 0.0)	(12.0, 0.0)	(13.0, 0.0)	(14.0, 0.0)	(15.0, 0.0)	(16.0, 0.0)	(17.0, 0.0)	(18.0, 0.0)	(19.0, 0.0)	(20.0, 0.0)	(21.0, 0.0)	(22.0, 0.0)	(23.0, 0.0)	(24.0, 0.0)	(25.0, 0.0)	(26.0, 0.0)	(27.0, 0.0)	(28.0, 0.000862926933100149)	(29.0, 0.000862926933100149)	(30.0, 0.000862926933100149)	(31.0, 0.001725853866200298)	(32.0, 0.0025887807993004467)	(33.0, 0.0025887807993004467)	(34.0, 0.0025887807993004467)	(35.0, 0.003451707732400596)	(36.0, 0.006040488531701043)	(37.0, 0.012080977063402085)	(38.0, 0.016970896350969596)	(39.0, 0.022436100260603876)	(40.0, 0.024449596437837555)	(41.0, 0.03466089847952265)	(42.0, 0.047029517853958105)	(43.0, 0.07421171624661282)	(44.0, 0.14899871711529228)	(45.0, 2.6192708842698753)	(46.0, 23.27831694732104)	(47.0, 13.349048191588404)	(48.0, 1.8946999027769373)	(49.0, 0.9044912470444625)	(50.0, 0.6702065847077773)	(51.0, 4.815276107854595)	(52.0, 5.675182796689257)	(53.0, 10.730496413098399)	(54.0, 8.701755193381723)	(55.0, 1.5784371817957281)	(56.0, 11.922342328864326)	(57.0, 11.64548660449492)	(58.0, 0.8587561195901536)	(59.0, 0.25499490873109387)	(60.0, 0.19444620225856654)	(61.0, 0.17905733861828055)	(62.0, 0.09405903570791631)	(63.0, 0.0727735046914459)	(64.0, 0.06112399109459386)	(65.0, 0.02689455608162132)	(66.0, 0.012943903996502233)	(67.0, 0.011793334752368705)	(68.0, 0.007191057775834574)	(69.0, 0.000575284622066766)	(70.0, 0.004026992354467362)	(71.0, 0.005465203909634277)	(72.0, 0.01725853866200298)	(73.0, 0.007191057775834576)	(74.0, 0.0)	(75.0, 0.000862926933100149)	(76.0, 0.000862926933100149)	(77.0, 0.0)	(78.0, 0.0)	(79.0, 0.0)	(80.0, 0.0)	(81.0, 0.0)	(82.0, 0.0)	(83.0, 0.0)	(84.0, 0.0)	(85.0, 0.0)	(86.0, 0.0)	(87.0, 0.0)	(88.0, 0.0)	(89.0, 0.000575284622066766)	(90.0, 0.001150569244133532)	(91.0, 0.000575284622066766)	(92.0, 0.0)	(93.0, 0.0)	(94.0, 0.0)	(95.0, 0.0)	(96.0, 0.0)	(97.0, 0.0)	(98.0, 0.0)	(99.0, 0.0)	(100.0, 0.0)
3971R_L_F_NS1_week5_S9_L001_R1_001	(0.0, 0.0)	(1.0, 0.0)	(2.0, 0.0)	(3.0, 0.0)	(4.0, 0.0)	(5.0, 0.0)	(6.0, 0.0)	(7.0, 0.0)	(8.0, 0.0)	(9.0, 0.0)	(10.0, 0.0)	(11.0, 0.0)	(12.0, 0.0)	(13.0, 0.0)	(14.0, 0.0)	(15.0, 0.0)	(16.0, 0.0)	(17.0, 0.0)	(18.0, 0.0)	(19.0, 0.0)	(20.0, 0.0)	(21.0, 0.0)	(22.0, 0.0)	(23.0, 0.0)	(24.0, 0.0)	(25.0, 0.0)	(26.0, 0.0)	(27.0, 0.0)	(28.0, 0.0)	(29.0, 0.0)	(30.0, 0.0)	(31.0, 0.0)	(32.0, 0.0)	(33.0, 0.0)	(34.0, 0.0)	(35.0, 0.001282455017890216)	(36.0, 0.0017099400238536216)	(37.0, 0.0017099400238536216)	(38.0, 0.0017099400238536216)	(39.0, 0.0034198800477072432)	(40.0, 0.007409740103365693)	(41.0, 0.013964510194804575)	(42.0, 0.0390436305446577)	(43.0, 0.09233676128809558)	(44.0, 0.2234321631168732)	(45.0, 0.3596573850172128)	(46.0, 0.8516926268810772)	(47.0, 12.83922716410294)	(48.0, 31.434254943515004)	(49.0, 4.217567068834967)	(50.0, 1.8575648459130327)	(51.0, 14.230120878505225)	(52.0, 18.47618694774533)	(53.0, 8.719554161637298)	(54.0, 5.003711994802013)	(55.0, 1.1248555456917149)	(56.0, 0.18253609754637362)	(57.0, 0.05856544581698652)	(58.0, 0.024081655335938514)	(59.0, 0.02878399040153597)	(60.0, 0.012539560174926556)	(61.0, 0.02151674530015808)	(62.0, 0.12610807675920466)	(63.0, 0.03035143542340179)	(64.0, 0.0079797201113169)	(65.0, 0.003134890043731639)	(66.0, 0.0005699800079512072)	(67.0, 0.0008549700119268108)	(68.0, 0.0017099400238536216)	(69.0, 0.0008549700119268108)	(70.0, 0.0)	(71.0, 0.0)	(72.0, 0.0)	(73.0, 0.0)	(74.0, 0.0)	(75.0, 0.0)	(76.0, 0.0)	(77.0, 0.0)	(78.0, 0.0)	(79.0, 0.0)	(80.0, 0.0)	(81.0, 0.0)	(82.0, 0.0)	(83.0, 0.0)	(84.0, 0.0)	(85.0, 0.0)	(86.0, 0.0)	(87.0, 0.0)	(88.0, 0.0)	(89.0, 0.0)	(90.0, 0.0)	(91.0, 0.0)	(92.0, 0.0)	(93.0, 0.0)	(94.0, 0.0)	(95.0, 0.0)	(96.0, 0.0)	(97.0, 0.0)	(98.0, 0.0)	(99.0, 0.0)	(100.0, 0.0)
3971R_L_F_NS1_week5_S9_L001_R2_001	(0.0, 0.0)	(1.0, 0.0)	(2.0, 0.0)	(3.0, 0.0)	(4.0, 0.0)	(5.0, 0.0)	(6.0, 0.0)	(7.0, 0.0)	(8.0, 0.0)	(9.0, 0.0)	(10.0, 0.0)	(11.0, 0.0)	(12.0, 0.0)	(13.0, 0.0)	(14.0, 0.0)	(15.0, 0.0)	(16.0, 0.0)	(17.0, 0.0)	(18.0, 0.0)	(19.0, 0.0)	(20.0, 0.0)	(21.0, 0.0)	(22.0, 0.0)	(23.0, 0.0)	(24.0, 0.0)	(25.0, 0.0)	(26.0, 0.0)	(27.0, 0.0)	(28.0, 0.0008247388670562112)	(29.0, 0.0008247388670562112)	(30.0, 0.0)	(31.0, 0.0008247388670562112)	(32.0, 0.0024742166011686335)	(33.0, 0.0024742166011686335)	(34.0, 0.003298955468224845)	(35.0, 0.0024742166011686335)	(36.0, 0.00824738867056211)	(37.0, 0.01979373280934907)	(38.0, 0.02584181783442795)	(39.0, 0.03326446763793385)	(40.0, 0.041786769264181366)	(41.0, 0.05690698182687857)	(42.0, 0.08467319035110435)	(43.0, 0.11216448591964477)	(44.0, 0.17415735742670307)	(45.0, 0.7627459955491404)	(46.0, 7.326842638450226)	(47.0, 5.715990174611614)	(48.0, 10.419201020474814)	(49.0, 20.426857346299997)	(50.0, 2.6673429525375147)	(51.0, 3.8186784109480176)	(52.0, 4.0581275953500935)	(53.0, 5.559977072260061)	(54.0, 6.020318816555437)	(55.0, 1.8522260389304306)	(56.0, 14.46756920589721)	(57.0, 13.398157808279473)	(58.0, 1.2202011538096786)	(59.0, 0.42240375641062416)	(60.0, 0.36755862175138576)	(61.0, 0.3180742897280126)	(62.0, 0.14103034626661215)	(63.0, 0.09883120756890265)	(64.0, 0.06322997980764286)	(65.0, 0.030790251036765214)	(66.0, 0.021718123499146896)	(67.0, 0.0368383360618441)	(68.0, 0.03134007694813603)	(69.0, 0.012920908917213975)	(70.0, 0.010996518227416147)	(71.0, 0.029415686258338212)	(72.0, 0.0989686640467456)	(73.0, 0.022267949410517716)	(74.0, 0.0005498259113708075)	(75.0, 0.0)	(76.0, 0.0)	(77.0, 0.0013745647784270186)	(78.0, 0.0016494777341124224)	(79.0, 0.0008247388670562112)	(80.0, 0.0)	(81.0, 0.0)	(82.0, 0.0)	(83.0, 0.0)	(84.0, 0.0013745647784270186)	(85.0, 0.0013745647784270186)	(86.0, 0.0)	(87.0, 0.0)	(88.0, 0.0)	(89.0, 0.0008247388670562112)	(90.0, 0.0008247388670562112)	(91.0, 0.0)	(92.0, 0.0)	(93.0, 0.0)	(94.0, 0.0)	(95.0, 0.0)	(96.0, 0.0)	(97.0, 0.0)	(98.0, 0.0)	(99.0, 0.0)	(100.0, 0.0005498259113708075)
3971R_L_F_NS1_week6_S10_L001_R1_001	(0.0, 0.0)	(1.0, 0.0)	(2.0, 0.0)	(3.0, 0.0)	(4.0, 0.0)	(5.0, 0.0)	(6.0, 0.0)	(7.0, 0.0)	(8.0, 0.0)	(9.0, 0.0)	(10.0, 0.0)	(11.0, 0.0)	(12.0, 0.0)	(13.0, 0.0)	(14.0, 0.0)	(15.0, 0.0)	(16.0, 0.0)	(17.0, 0.0)	(18.0, 0.0)	(19.0, 0.0)	(20.0, 0.0)	(21.0, 0.0)	(22.0, 0.0)	(23.0, 0.0)	(24.0, 0.0)	(25.0, 0.0)	(26.0, 0.0)	(27.0, 0.0)	(28.0, 0.0)	(29.0, 0.0)	(30.0, 0.0)	(31.0, 0.0)	(32.0, 0.0)	(33.0, 0.0)	(34.0, 0.0)	(35.0, 0.0)	(36.0, 0.0)	(37.0, 0.0)	(38.0, 0.0005834509959507193)	(39.0, 0.0)	(40.0, 0.0035007059757043157)	(41.0, 0.00875176493926079)	(42.0, 0.0166283533845955)	(43.0, 0.05032264840074954)	(44.0, 0.15213484719415)	(45.0, 0.26357398742073757)	(46.0, 0.7376279216306878)	(47.0, 14.092383630690753)	(48.0, 28.35440563848425)	(49.0, 4.056443049347268)	(50.0, 2.3501406116894556)	(51.0, 16.810390095331393)	(52.0, 21.129240230115396)	(53.0, 7.211746035450085)	(54.0, 3.110085533915099)	(55.0, 1.1348121871241559)	(56.0, 0.14294549400792605)	(57.0, 0.041279157963513356)	(58.0, 0.027713922307659178)	(59.0, 0.04011225597161193)	(60.0, 0.01400282390281726)	(61.0, 0.023629765336004138)	(62.0, 0.176493926275092)	(63.0, 0.030193589040449734)	(64.0, 0.010210392429137587)	(65.0, 0.00846003944128543)	(66.0, 0.0017503529878521579)	(67.0, 0.0)	(68.0, 0.00043758824696303947)	(69.0, 0.0)	(70.0, 0.0)	(71.0, 0.0)	(72.0, 0.0)	(73.0, 0.0)	(74.0, 0.0)	(75.0, 0.0)	(76.0, 0.0)	(77.0, 0.0)	(78.0, 0.0)	(79.0, 0.0)	(80.0, 0.0)	(81.0, 0.0)	(82.0, 0.0)	(83.0, 0.0)	(84.0, 0.0)	(85.0, 0.0)	(86.0, 0.0)	(87.0, 0.0)	(88.0, 0.0)	(89.0, 0.0)	(90.0, 0.0)	(91.0, 0.0)	(92.0, 0.0)	(93.0, 0.0)	(94.0, 0.0)	(95.0, 0.0)	(96.0, 0.0)	(97.0, 0.0)	(98.0, 0.0)	(99.0, 0.0)	(100.0, 0.0)
3971R_L_F_NS1_week6_S10_L001_R2_001	(0.0, 0.0)	(1.0, 0.0)	(2.0, 0.0)	(3.0, 0.0)	(4.0, 0.0)	(5.0, 0.0)	(6.0, 0.0)	(7.0, 0.0)	(8.0, 0.0)	(9.0, 0.0)	(10.0, 0.0)	(11.0, 0.0)	(12.0, 0.0)	(13.0, 0.0)	(14.0, 0.0)	(15.0, 0.0)	(16.0, 0.0)	(17.0, 0.0)	(18.0, 0.0)	(19.0, 0.0)	(20.0, 0.0)	(21.0, 0.0)	(22.0, 0.0)	(23.0, 0.0)	(24.0, 0.0)	(25.0, 0.0)	(26.0, 0.0)	(27.0, 0.0)	(28.0, 0.0)	(29.0, 0.0)	(30.0, 0.0)	(31.0, 0.0)	(32.0, 0.0008556222940945453)	(33.0, 0.002566866882283636)	(34.0, 0.004278111470472727)	(35.0, 0.006844978352756362)	(36.0, 0.012834334411418178)	(37.0, 0.015971616156431515)	(38.0, 0.014260371568242423)	(39.0, 0.02310180194055272)	(40.0, 0.03422489176378181)	(41.0, 0.038217795802889684)	(42.0, 0.06502729435118544)	(43.0, 0.10980486107546672)	(44.0, 0.1661333287700241)	(45.0, 0.8011476747038461)	(46.0, 9.16899110723216)	(47.0, 7.256817883648203)	(48.0, 9.522220510977213)	(49.0, 15.688547780799954)	(50.0, 1.9773431216525128)	(51.0, 3.5884799014322746)	(52.0, 3.904489735384651)	(53.0, 5.582935468967477)	(54.0, 6.450536475179691)	(55.0, 1.7567351734918308)	(56.0, 15.440559919227933)	(57.0, 15.456816742815729)	(58.0, 1.2848594782986575)	(59.0, 0.39558270730304607)	(60.0, 0.29504708774693617)	(61.0, 0.2904837688450985)	(62.0, 0.12606168466326304)	(63.0, 0.07572257302736728)	(64.0, 0.06117699402775999)	(65.0, 0.028805950567849698)	(66.0, 0.024527839097376967)	(67.0, 0.03992904039107878)	(68.0, 0.03736217350879514)	(69.0, 0.017682860744620603)	(70.0, 0.01625682358779636)	(71.0, 0.034224891763781816)	(72.0, 0.13804039678058655)	(73.0, 0.03393968433241696)	(74.0, 0.004278111470472727)	(75.0, 0.0017112445881890905)	(76.0, 0.0)	(77.0, 0.0008556222940945453)	(78.0, 0.0008556222940945453)	(79.0, 0.0)	(80.0, 0.0005704148627296968)	(81.0, 0.0005704148627296968)	(82.0, 0.0)	(83.0, 0.0008556222940945453)	(84.0, 0.0008556222940945453)	(85.0, 0.0)	(86.0, 0.0)	(87.0, 0.0)	(88.0, 0.0)	(89.0, 0.0)	(90.0, 0.0)	(91.0, 0.0)	(92.0, 0.0)	(93.0, 0.0)	(94.0, 0.0)	(95.0, 0.0)	(96.0, 0.0)	(97.0, 0.0)	(98.0, 0.0)	(99.0, 0.0)	(100.0, 0.0)
3971R_L_F_NS1_week7_S11_L001_R1_001	(0.0, 0.0)	(1.0, 0.0)	(2.0, 0.0)	(3.0, 0.0)	(4.0, 0.0)	(5.0, 0.0)	(6.0, 0.0)	(7.0, 0.0)	(8.0, 0.0)	(9.0, 0.0)	(10.0, 0.0)	(11.0, 0.0)	(12.0, 0.0)	(13.0, 0.0)	(14.0, 0.0)	(15.0, 0.0)	(16.0, 0.0)	(17.0, 0.0)	(18.0, 0.0)	(19.0, 0.0)	(20.0, 0.0)	(21.0, 0.0)	(22.0, 0.0)	(23.0, 0.0)	(24.0, 0.0)	(25.0, 0.0)	(26.0, 0.0)	(27.0, 0.0)	(28.0, 0.0)	(29.0, 0.0)	(30.0, 0.0)	(31.0, 0.0)	(32.0, 0.0)	(33.0, 0.0)	(34.0, 0.0)	(35.0, 0.0)	(36.0, 0.0)	(37.0, 0.0)	(38.0, 0.0)	(39.0, 0.0009751420050543939)	(40.0, 0.002925426015163182)	(41.0, 0.005688328362817298)	(42.0, 0.011539180393143661)	(43.0, 0.04989476592528316)	(44.0, 0.1383076410502149)	(45.0, 0.2595502970119774)	(46.0, 0.8589375827853988)	(47.0, 15.37977718004516)	(48.0, 28.83803703915862)	(49.0, 4.603320358526692)	(50.0, 2.2369757595948125)	(51.0, 15.700273852372767)	(52.0, 20.19681616135346)	(53.0, 7.041662942166287)	(54.0, 3.0027872808973637)	(55.0, 1.1113368384269815)	(56.0, 0.12595584231952617)	(57.0, 0.03559268318448538)	(58.0, 0.02974183115415903)	(59.0, 0.049894765925283115)	(60.0, 0.013489464403252448)	(61.0, 0.022265742448741997)	(62.0, 0.22574537417009116)	(63.0, 0.04388139022744771)	(64.0, 0.008126183375453283)	(65.0, 0.0026003786801450505)	(66.0, 0.0016252366750906563)	(67.0, 0.0016252366750906563)	(68.0, 0.0006500946700362626)	(69.0, 0.0)	(70.0, 0.0)	(71.0, 0.0)	(72.0, 0.0)	(73.0, 0.0)	(74.0, 0.0)	(75.0, 0.0)	(76.0, 0.0)	(77.0, 0.0)	(78.0, 0.0)	(79.0, 0.0)	(80.0, 0.0)	(81.0, 0.0)	(82.0, 0.0)	(83.0, 0.0)	(84.0, 0.0)	(85.0, 0.0)	(86.0, 0.0)	(87.0, 0.0)	(88.0, 0.0)	(89.0, 0.0)	(90.0, 0.0)	(91.0, 0.0)	(92.0, 0.0)	(93.0, 0.0)	(94.0, 0.0)	(95.0, 0.0)	(96.0, 0.0)	(97.0, 0.0)	(98.0, 0.0)	(99.0, 0.0)	(100.0, 0.0)
3971R_L_F_NS1_week7_S11_L001_R2_001	(0.0, 0.0)	(1.0, 0.0)	(2.0, 0.0)	(3.0, 0.0)	(4.0, 0.0)	(5.0, 0.0)	(6.0, 0.0)	(7.0, 0.0)	(8.0, 0.0)	(9.0, 0.0)	(10.0, 0.0)	(11.0, 0.0)	(12.0, 0.0)	(13.0, 0.0)	(14.0, 0.0)	(15.0, 0.0)	(16.0, 0.0)	(17.0, 0.0)	(18.0, 0.0)	(19.0, 0.0)	(20.0, 0.0009470444321680661)	(21.0, 0.0009470444321680661)	(22.0, 0.0)	(23.0, 0.0)	(24.0, 0.0)	(25.0, 0.0)	(26.0, 0.0)	(27.0, 0.0)	(28.0, 0.0)	(29.0, 0.0)	(30.0, 0.0)	(31.0, 0.0)	(32.0, 0.0)	(33.0, 0.0009470444321680661)	(34.0, 0.002841133296504198)	(35.0, 0.005682266593008396)	(36.0, 0.008523399889512595)	(37.0, 0.0075763554573445285)	(38.0, 0.012311577618184858)	(39.0, 0.02998974035198876)	(40.0, 0.03882882171889071)	(41.0, 0.052403125246632994)	(42.0, 0.06944992502565818)	(43.0, 0.07828900639256013)	(44.0, 0.13274406124222396)	(45.0, 0.7850998342673169)	(46.0, 9.748875384737676)	(47.0, 8.303054218295701)	(48.0, 10.342514402967854)	(49.0, 14.873017125717213)	(50.0, 1.9101886196830558)	(51.0, 4.805776971036918)	(52.0, 5.3395943493025415)	(53.0, 5.041748875385548)	(54.0, 5.39341804119744)	(55.0, 1.4140951779656359)	(56.0, 14.47683687159415)	(57.0, 14.484097545574073)	(58.0, 1.0524820456161033)	(59.0, 0.34661826217351266)	(60.0, 0.2918475258464592)	(61.0, 0.26264698918794327)	(62.0, 0.10812090600585426)	(63.0, 0.07008128798043689)	(64.0, 0.06881856207087945)	(65.0, 0.031725988477630224)	(66.0, 0.023360429326812298)	(67.0, 0.041985636492784265)	(68.0, 0.040091547628448125)	(69.0, 0.021466340462476165)	(70.0, 0.021466340462476165)	(71.0, 0.03504064399021845)	(72.0, 0.17520321995109178)	(73.0, 0.045773814221456495)	(74.0, 0.0025254518191148425)	(75.0, 0.0009470444321680661)	(76.0, 0.0)	(77.0, 0.0)	(78.0, 0.0)	(79.0, 0.0)	(80.0, 0.0)	(81.0, 0.0)	(82.0, 0.0)	(83.0, 0.0)	(84.0, 0.0)	(85.0, 0.0)	(86.0, 0.0)	(87.0, 0.0)	(88.0, 0.0)	(89.0, 0.0)	(90.0, 0.0)	(91.0, 0.0)	(92.0, 0.0)	(93.0, 0.0)	(94.0, 0.0)	(95.0, 0.0)	(96.0, 0.0)	(97.0, 0.0)	(98.0, 0.0)	(99.0, 0.0)	(100.0, 0.0)
3971R_L_F_NS1_week9_S12_L001_R1_001	(0.0, 0.0)	(1.0, 0.0)	(2.0, 0.0)	(3.0, 0.0)	(4.0, 0.0)	(5.0, 0.0)	(6.0, 0.0)	(7.0, 0.0)	(8.0, 0.0)	(9.0, 0.0)	(10.0, 0.0)	(11.0, 0.0)	(12.0, 0.0)	(13.0, 0.0)	(14.0, 0.0)	(15.0, 0.0)	(16.0, 0.0)	(17.0, 0.0)	(18.0, 0.0)	(19.0, 0.0)	(20.0, 0.0)	(21.0, 0.0)	(22.0, 0.0)	(23.0, 0.0)	(24.0, 0.0)	(25.0, 0.0)	(26.0, 0.0)	(27.0, 0.0)	(28.0, 0.0)	(29.0, 0.0)	(30.0, 0.0)	(31.0, 0.0)	(32.0, 0.0)	(33.0, 0.0)	(34.0, 0.0)	(35.0, 0.0006124448799606916)	(36.0, 0.0006124448799606916)	(37.0, 0.0006124448799606916)	(38.0, 0.0)	(39.0, 0.001531112199901729)	(40.0, 0.004287114159724841)	(41.0, 0.011636452719253142)	(42.0, 0.021129348358643864)	(43.0, 0.056804262616354156)	(44.0, 0.16505389514940635)	(45.0, 0.3578209211170348)	(46.0, 1.0968887800095948)	(47.0, 17.637340764327213)	(48.0, 30.525477707021082)	(49.0, 5.009799118078676)	(50.0, 2.212457128858009)	(51.0, 11.063969867708034)	(52.0, 18.56458231258938)	(53.0, 9.635748407641014)	(54.0, 2.1311550710432448)	(55.0, 1.0085436060752555)	(56.0, 0.10687163155314089)	(57.0, 0.021282459578634044)	(58.0, 0.026488241058299927)	(59.0, 0.05389514943654079)	(60.0, 0.011636452719253138)	(61.0, 0.02572268495834906)	(62.0, 0.1886330230278923)	(63.0, 0.03705291523762183)	(64.0, 0.011789563939243311)	(65.0, 0.0090335619794202)	(66.0, 0.001531112199901729)	(67.0, 0.0)	(68.0, 0.0)	(69.0, 0.0)	(70.0, 0.0)	(71.0, 0.0)	(72.0, 0.0)	(73.0, 0.0)	(74.0, 0.0)	(75.0, 0.0)	(76.0, 0.0)	(77.0, 0.0)	(78.0, 0.0)	(79.0, 0.0)	(80.0, 0.0)	(81.0, 0.0)	(82.0, 0.0)	(83.0, 0.0)	(84.0, 0.0)	(85.0, 0.0)	(86.0, 0.0)	(87.0, 0.0)	(88.0, 0.0)	(89.0, 0.0)	(90.0, 0.0)	(91.0, 0.0)	(92.0, 0.0)	(93.0, 0.0)	(94.0, 0.0)	(95.0, 0.0)	(96.0, 0.0)	(97.0, 0.0)	(98.0, 0.0)	(99.0, 0.0)	(100.0, 0.0)
3971R_L_F_NS1_week9_S12_L001_R2_001	(0.0, 0.0)	(1.0, 0.0)	(2.0, 0.0)	(3.0, 0.0)	(4.0, 0.0)	(5.0, 0.0)	(6.0, 0.0)	(7.0, 0.0)	(8.0, 0.0)	(9.0, 0.0)	(10.0, 0.0)	(11.0, 0.0)	(12.0, 0.0)	(13.0, 0.0)	(14.0, 0.0)	(15.0, 0.0)	(16.0, 0.0)	(17.0, 0.0)	(18.0, 0.0)	(19.0, 0.0)	(20.0, 0.0)	(21.0, 0.0)	(22.0, 0.0)	(23.0, 0.0)	(24.0, 0.0008946037501789904)	(25.0, 0.0008946037501789904)	(26.0, 0.0)	(27.0, 0.0)	(28.0, 0.0)	(29.0, 0.0008946037501789904)	(30.0, 0.0017892075003579809)	(31.0, 0.0008946037501789904)	(32.0, 0.0008946037501789904)	(33.0, 0.005367622501073943)	(34.0, 0.008051433751610914)	(35.0, 0.008946037501789905)	(36.0, 0.0062622262512529335)	(37.0, 0.008051433751610914)	(38.0, 0.01968128250393779)	(39.0, 0.02266329500453442)	(40.0, 0.03339854000668231)	(41.0, 0.042940980008591534)	(42.0, 0.0582983443866642)	(43.0, 0.08558375876712342)	(44.0, 0.1359797700272066)	(45.0, 0.8525573739205632)	(46.0, 10.813224629036672)	(47.0, 9.327436900615728)	(48.0, 11.246958347248134)	(49.0, 16.05262059258411)	(50.0, 1.9570948041416125)	(51.0, 4.317655899613842)	(52.0, 5.082094804142113)	(53.0, 7.763669545304235)	(54.0, 8.119423636625097)	(55.0, 1.357262989646578)	(56.0, 10.24858056204929)	(57.0, 10.28197910205594)	(58.0, 0.7721921370294912)	(59.0, 0.2727050431795621)	(60.0, 0.24497232692401327)	(61.0, 0.23378978004677564)	(62.0, 0.10705424877141924)	(63.0, 0.056956438761395715)	(64.0, 0.05755284126151501)	(65.0, 0.036678753757338596)	(66.0, 0.021768691254355436)	(67.0, 0.03548594875709996)	(68.0, 0.03518774750704028)	(69.0, 0.020277685004057112)	(70.0, 0.014910062502983167)	(71.0, 0.03757335750751758)	(72.0, 0.14701321627941397)	(73.0, 0.038169760007636916)	(74.0, 0.002087408750417644)	(75.0, 0.0008946037501789904)	(76.0, 0.0)	(77.0, 0.0)	(78.0, 0.0)	(79.0, 0.0)	(80.0, 0.0)	(81.0, 0.0)	(82.0, 0.0)	(83.0, 0.0)	(84.0, 0.0)	(85.0, 0.0)	(86.0, 0.0005964025001193269)	(87.0, 0.0005964025001193269)	(88.0, 0.0)	(89.0, 0.0)	(90.0, 0.0)	(91.0, 0.0005964025001193269)	(92.0, 0.0)	(93.0, 0.0)	(94.0, 0.0)	(95.0, 0.0)	(96.0, 0.0)	(97.0, 0.0)	(98.0, 0.0)	(99.0, 0.0)	(100.0, 0.0008946037501789904)
3975R_0_F_NS1_week9_S13_L001_R1_001	(0.0, 0.0)	(1.0, 0.0)	(2.0, 0.0)	(3.0, 0.0)	(4.0, 0.0)	(5.0, 0.0)	(6.0, 0.0)	(7.0, 0.0)	(8.0, 0.0)	(9.0, 0.0)	(10.0, 0.0)	(11.0, 0.0)	(12.0, 0.0)	(13.0, 0.0)	(14.0, 0.0)	(15.0, 0.0)	(16.0, 0.0)	(17.0, 0.0)	(18.0, 0.0)	(19.0, 0.0)	(20.0, 0.0)	(21.0, 0.0)	(22.0, 0.0)	(23.0, 0.0)	(24.0, 0.0)	(25.0, 0.0)	(26.0, 0.0)	(27.0, 0.0)	(28.0, 0.0007396969461611255)	(29.0, 0.001479393892322251)	(30.0, 0.0007396969461611255)	(31.0, 0.0004931312974407504)	(32.0, 0.0004931312974407504)	(33.0, 0.0)	(34.0, 0.0007396969461611255)	(35.0, 0.0007396969461611255)	(36.0, 0.0)	(37.0, 0.0007396969461611255)	(38.0, 0.0019725251897630015)	(39.0, 0.004438181676966754)	(40.0, 0.00973934312445482)	(41.0, 0.020341666019430955)	(42.0, 0.04684747325687129)	(43.0, 0.08950333048549619)	(44.0, 0.20538918538407241)	(45.0, 0.5229657409359139)	(46.0, 1.7597390349173305)	(47.0, 21.24631538459812)	(48.0, 30.97998749911342)	(49.0, 6.740734987542456)	(50.0, 2.908241826656589)	(51.0, 11.17139641221926)	(52.0, 15.298535523330138)	(53.0, 5.761252948001224)	(54.0, 1.8039975688626284)	(55.0, 0.9560583029132591)	(56.0, 0.1019548957458753)	(57.0, 0.02613595876435978)	(58.0, 0.01824585800530777)	(59.0, 0.026012675939999584)	(60.0, 0.012574848084739132)	(61.0, 0.02847833242720334)	(62.0, 0.1893624182172471)	(63.0, 0.04203944310682393)	(64.0, 0.008999646178293692)	(65.0, 0.006164141218009379)	(66.0, 0.0034519190820852526)	(67.0, 0.002219090838483377)	(68.0, 0.0007396969461611255)	(69.0, 0.0)	(70.0, 0.0)	(71.0, 0.0)	(72.0, 0.0)	(73.0, 0.0)	(74.0, 0.0)	(75.0, 0.0)	(76.0, 0.0)	(77.0, 0.0)	(78.0, 0.0)	(79.0, 0.0)	(80.0, 0.0)	(81.0, 0.0)	(82.0, 0.0)	(83.0, 0.0)	(84.0, 0.0)	(85.0, 0.0)	(86.0, 0.0)	(87.0, 0.0)	(88.0, 0.0)	(89.0, 0.0)	(90.0, 0.0)	(91.0, 0.0)	(92.0, 0.0)	(93.0, 0.0)	(94.0, 0.0)	(95.0, 0.0)	(96.0, 0.0)	(97.0, 0.0)	(98.0, 0.0)	(99.0, 0.0)	(100.0, 0.0)
3975R_0_F_NS1_week9_S13_L001_R2_001	(0.0, 0.0)	(1.0, 0.0)	(2.0, 0.0)	(3.0, 0.0)	(4.0, 0.0)	(5.0, 0.0)	(6.0, 0.0)	(7.0, 0.0)	(8.0, 0.0)	(9.0, 0.0)	(10.0, 0.0)	(11.0, 0.0)	(12.0, 0.0)	(13.0, 0.0)	(14.0, 0.0)	(15.0, 0.0)	(16.0, 0.0)	(17.0, 0.0)	(18.0, 0.0)	(19.0, 0.0)	(20.0, 0.0)	(21.0, 0.0)	(22.0, 0.0)	(23.0, 0.0)	(24.0, 0.0)	(25.0, 0.0)	(26.0, 0.0)	(27.0, 0.0)	(28.0, 0.0007206644526254285)	(29.0, 0.0021619933578762855)	(30.0, 0.0021619933578762855)	(31.0, 0.002882657810501714)	(32.0, 0.005044651168378)	(33.0, 0.005765315621003428)	(34.0, 0.006485980073628856)	(35.0, 0.008647973431505142)	(36.0, 0.011530631242006857)	(37.0, 0.022340598031388288)	(38.0, 0.028105913652391713)	(39.0, 0.03423156149970786)	(40.0, 0.04552197125750623)	(41.0, 0.05501071988374104)	(42.0, 0.07759153939933784)	(43.0, 0.12359395362526093)	(44.0, 0.2146378961402734)	(45.0, 1.206512404437103)	(46.0, 12.615951907657989)	(47.0, 11.506609093582131)	(48.0, 13.737185685203086)	(49.0, 12.969317710929362)	(50.0, 1.8450211094631883)	(51.0, 3.2297778551828458)	(52.0, 3.6536486640688697)	(53.0, 7.12725132572334)	(54.0, 7.4248857446573915)	(55.0, 1.4067370115248732)	(56.0, 10.185631151921088)	(57.0, 10.374445238508772)	(58.0, 0.8532667119085063)	(59.0, 0.271690498639787)	(60.0, 0.2214842084402151)	(61.0, 0.18244821725633725)	(62.0, 0.07470888158883612)	(63.0, 0.04492141754698503)	(64.0, 0.03170923591551886)	(65.0, 0.021860155062971332)	(66.0, 0.02210037654717981)	(67.0, 0.03555277966285447)	(68.0, 0.03363100778918666)	(69.0, 0.013692624599883144)	(70.0, 0.018737275768261147)	(71.0, 0.037234330052313774)	(72.0, 0.15614396473550887)	(73.0, 0.038915880441773104)	(74.0, 0.001441328905250857)	(75.0, 0.0019217718736678094)	(76.0, 0.0016815503894593332)	(77.0, 0.001441328905250857)	(78.0, 0.0007206644526254285)	(79.0, 0.0)	(80.0, 0.00048044296841695235)	(81.0, 0.00048044296841695235)	(82.0, 0.0)	(83.0, 0.0)	(84.0, 0.0)	(85.0, 0.0)	(86.0, 0.0009608859368339047)	(87.0, 0.00048044296841695235)	(88.0, 0.0)	(89.0, 0.0)	(90.0, 0.0)	(91.0, 0.00048044296841695235)	(92.0, 0.00048044296841695235)	(93.0, 0.0)	(94.0, 0.0)	(95.0, 0.0)	(96.0, 0.0)	(97.0, 0.0)	(98.0, 0.0)	(99.0, 0.00048044296841695235)	(100.0, 0.001441328905250857)
3975R_R_F_NS1_week5_S14_L001_R1_001	(0.0, 0.0)	(1.0, 0.0)	(2.0, 0.0)	(3.0, 0.0)	(4.0, 0.0)	(5.0, 0.0)	(6.0, 0.0)	(7.0, 0.0)	(8.0, 0.0)	(9.0, 0.0)	(10.0, 0.0)	(11.0, 0.0)	(12.0, 0.0)	(13.0, 0.0)	(14.0, 0.0)	(15.0, 0.0)	(16.0, 0.0)	(17.0, 0.0)	(18.0, 0.0)	(19.0, 0.0)	(20.0, 0.0)	(21.0, 0.0)	(22.0, 0.0)	(23.0, 0.0)	(24.0, 0.0)	(25.0, 0.0)	(26.0, 0.0)	(27.0, 0.0)	(28.0, 0.0)	(29.0, 0.0)	(30.0, 0.0)	(31.0, 0.0)	(32.0, 0.0)	(33.0, 0.0009147610415467985)	(34.0, 0.0009147610415467985)	(35.0, 0.002744283124640396)	(36.0, 0.003659044166187194)	(37.0, 0.0009147610415467985)	(38.0, 0.0015246017359113308)	(39.0, 0.002439362777458129)	(40.0, 0.00640332729082759)	(41.0, 0.012196813887290646)	(42.0, 0.033846158537231545)	(43.0, 0.062203750825182286)	(44.0, 0.16008318227068977)	(45.0, 0.34227308971209486)	(46.0, 0.978184473760696)	(47.0, 14.090064322940743)	(48.0, 27.151022474167107)	(49.0, 4.047055307976432)	(50.0, 1.6525158215543456)	(51.0, 16.29341875168136)	(52.0, 20.353890554941287)	(53.0, 8.504076022740236)	(54.0, 4.538281987287278)	(55.0, 1.178669602033055)	(56.0, 0.21557868545786166)	(57.0, 0.05839224648540394)	(58.0, 0.031101875412591153)	(59.0, 0.042841308779108384)	(60.0, 0.015550937706295571)	(61.0, 0.02866251263513303)	(62.0, 0.1495634302929014)	(63.0, 0.024393627774581303)	(64.0, 0.010672212151379314)	(65.0, 0.0045738052077339926)	(66.0, 0.0)	(67.0, 0.00045738052077339925)	(68.0, 0.0009147610415467985)	(69.0, 0.0)	(70.0, 0.0)	(71.0, 0.0)	(72.0, 0.0)	(73.0, 0.0)	(74.0, 0.0)	(75.0, 0.0)	(76.0, 0.0)	(77.0, 0.0)	(78.0, 0.0)	(79.0, 0.0)	(80.0, 0.0)	(81.0, 0.0)	(82.0, 0.0)	(83.0, 0.0)	(84.0, 0.0)	(85.0, 0.0)	(86.0, 0.0)	(87.0, 0.0)	(88.0, 0.0)	(89.0, 0.0)	(90.0, 0.0)	(91.0, 0.0)	(92.0, 0.0)	(93.0, 0.0)	(94.0, 0.0)	(95.0, 0.0)	(96.0, 0.0)	(97.0, 0.0)	(98.0, 0.0)	(99.0, 0.0)	(100.0, 0.0)
3975R_R_F_NS1_week5_S14_L001_R2_001	(0.0, 0.0)	(1.0, 0.0)	(2.0, 0.0)	(3.0, 0.0)	(4.0, 0.0)	(5.0, 0.0)	(6.0, 0.0)	(7.0, 0.0)	(8.0, 0.0)	(9.0, 0.0)	(10.0, 0.0)	(11.0, 0.0)	(12.0, 0.0)	(13.0, 0.0)	(14.0, 0.0)	(15.0, 0.0)	(16.0, 0.0)	(17.0, 0.0)	(18.0, 0.0)	(19.0, 0.0)	(20.0, 0.0)	(21.0, 0.0)	(22.0, 0.0)	(23.0, 0.0)	(24.0, 0.0)	(25.0, 0.0)	(26.0, 0.0)	(27.0, 0.0)	(28.0, 0.0)	(29.0, 0.0)	(30.0, 0.0)	(31.0, 0.0008903596310943675)	(32.0, 0.0008903596310943675)	(33.0, 0.001780719262188735)	(34.0, 0.008013236679849309)	(35.0, 0.009793955942038043)	(36.0, 0.006232517417660573)	(37.0, 0.009793955942038043)	(38.0, 0.018400765709283593)	(39.0, 0.024633283126944166)	(40.0, 0.025820429301736662)	(41.0, 0.03353687943788784)	(42.0, 0.05312479132196393)	(43.0, 0.07924200716739871)	(44.0, 0.150470777654948)	(45.0, 0.749979595925146)	(46.0, 7.632459544285594)	(47.0, 7.186240975835702)	(48.0, 10.597357115827263)	(49.0, 16.226804276692626)	(50.0, 1.9728885492333068)	(51.0, 3.7516786988877184)	(52.0, 4.206800863648971)	(53.0, 4.623637564273157)	(54.0, 4.828420279424941)	(55.0, 1.7272976843231185)	(56.0, 17.25145981881229)	(57.0, 15.828071555233672)	(58.0, 1.2459099104447287)	(59.0, 0.3884935857008433)	(60.0, 0.3686088872730691)	(61.0, 0.3551050995348043)	(62.0, 0.1348894841107967)	(63.0, 0.08755203039094615)	(64.0, 0.07479020901192689)	(65.0, 0.044814768098416495)	(66.0, 0.030123834185359438)	(67.0, 0.03234973326309535)	(68.0, 0.030272227457208496)	(69.0, 0.015581293544151434)	(70.0, 0.014097360825660816)	(71.0, 0.02967865436981226)	(72.0, 0.10773351536241874)	(73.0, 0.02671078893283104)	(74.0, 0.00118714617479249)	(75.0, 0.001780719262188735)	(76.0, 0.001780719262188735)	(77.0, 0.0)	(78.0, 0.0)	(79.0, 0.0)	(80.0, 0.0)	(81.0, 0.000593573087396245)	(82.0, 0.000593573087396245)	(83.0, 0.0)	(84.0, 0.0)	(85.0, 0.0)	(86.0, 0.0)	(87.0, 0.0)	(88.0, 0.0)	(89.0, 0.0)	(90.0, 0.0)	(91.0, 0.0)	(92.0, 0.0)	(93.0, 0.0)	(94.0, 0.0)	(95.0, 0.0)	(96.0, 0.0)	(97.0, 0.0)	(98.0, 0.0)	(99.0, 0.00044517981554718374)	(100.0, 0.00118714617479249)
3975R_R_F_NS1_week6_S15_L001_R1_001	(0.0, 0.0)	(1.0, 0.0)	(2.0, 0.0)	(3.0, 0.0)	(4.0, 0.0)	(5.0, 0.0)	(6.0, 0.0)	(7.0, 0.0)	(8.0, 0.0)	(9.0, 0.0)	(10.0, 0.0)	(11.0, 0.0)	(12.0, 0.0)	(13.0, 0.0)	(14.0, 0.0)	(15.0, 0.0)	(16.0, 0.0)	(17.0, 0.0)	(18.0, 0.0)	(19.0, 0.0)	(20.0, 0.0)	(21.0, 0.0)	(22.0, 0.0)	(23.0, 0.0)	(24.0, 0.0)	(25.0, 0.0)	(26.0, 0.0)	(27.0, 0.0)	(28.0, 0.0)	(29.0, 0.0)	(30.0, 0.0005864354547145635)	(31.0, 0.0005864354547145635)	(32.0, 0.0)	(33.0, 0.0)	(34.0, 0.0)	(35.0, 0.0)	(36.0, 0.0)	(37.0, 0.0005864354547145635)	(38.0, 0.0026389595462155352)	(39.0, 0.003811830455644662)	(40.0, 0.007037225456574762)	(41.0, 0.014367668640506806)	(42.0, 0.024043853643297107)	(43.0, 0.06626720638274568)	(44.0, 0.198801619148237)	(45.0, 0.3823559164738964)	(46.0, 1.0250891748410504)	(47.0, 13.565424938452859)	(48.0, 25.354683493462392)	(49.0, 3.7964365249581773)	(50.0, 1.734089639591031)	(51.0, 20.081016058068442)	(52.0, 23.651968150695478)	(53.0, 5.846761483504852)	(54.0, 2.758885596704538)	(55.0, 1.0700980959903983)	(56.0, 0.13004206208295455)	(57.0, 0.04119709069369808)	(58.0, 0.02448368023433303)	(59.0, 0.03811830455644661)	(60.0, 0.01202192682164855)	(61.0, 0.015980366140971855)	(62.0, 0.11259560730519651)	(63.0, 0.02946838159940683)	(64.0, 0.006450790001860199)	(65.0, 0.0005864354547145635)	(66.0, 0.0)	(67.0, 0.0)	(68.0, 0.0008796531820718452)	(69.0, 0.0017593063641436904)	(70.0, 0.0008796531820718452)	(71.0, 0.0)	(72.0, 0.0)	(73.0, 0.0)	(74.0, 0.0)	(75.0, 0.0)	(76.0, 0.0)	(77.0, 0.0)	(78.0, 0.0)	(79.0, 0.0)	(80.0, 0.0)	(81.0, 0.0)	(82.0, 0.0)	(83.0, 0.0)	(84.0, 0.0)	(85.0, 0.0)	(86.0, 0.0)	(87.0, 0.0)	(88.0, 0.0)	(89.0, 0.0)	(90.0, 0.0)	(91.0, 0.0)	(92.0, 0.0)	(93.0, 0.0)	(94.0, 0.0)	(95.0, 0.0)	(96.0, 0.0)	(97.0, 0.0)	(98.0, 0.0)	(99.0, 0.0)	(100.0, 0.0)
3975R_R_F_NS1_week6_S15_L001_R2_001	(0.0, 0.0)	(1.0, 0.0)	(2.0, 0.0)	(3.0, 0.0)	(4.0, 0.0)	(5.0, 0.0)	(6.0, 0.0)	(7.0, 0.0)	(8.0, 0.0)	(9.0, 0.0)	(10.0, 0.0)	(11.0, 0.0)	(12.0, 0.0)	(13.0, 0.0)	(14.0, 0.0)	(15.0, 0.0)	(16.0, 0.0)	(17.0, 0.0)	(18.0, 0.0)	(19.0, 0.0)	(20.0, 0.0)	(21.0, 0.0)	(22.0, 0.0)	(23.0, 0.0)	(24.0, 0.0)	(25.0, 0.0)	(26.0, 0.0)	(27.0, 0.0)	(28.0, 0.0)	(29.0, 0.0)	(30.0, 0.0)	(31.0, 0.0008575544832948091)	(32.0, 0.0034302179331792363)	(33.0, 0.007717990349653281)	(34.0, 0.006860435866358473)	(35.0, 0.006002881383063663)	(36.0, 0.00857554483294809)	(37.0, 0.011148208282832518)	(38.0, 0.019723753115780607)	(39.0, 0.026870040476570684)	(40.0, 0.03716069427610839)	(41.0, 0.054311783942004574)	(42.0, 0.06245855153330525)	(43.0, 0.08446911660453871)	(44.0, 0.15078666331267046)	(45.0, 0.7510748016190265)	(46.0, 8.450341878387034)	(47.0, 7.103552562373689)	(48.0, 9.217567289440774)	(49.0, 14.17008735621153)	(50.0, 1.7828557707699648)	(51.0, 2.820067918314838)	(52.0, 3.0811932584780544)	(53.0, 4.60592512977658)	(54.0, 4.862905623270692)	(55.0, 1.5510302087859125)	(56.0, 19.00169224085001)	(57.0, 19.185780603264213)	(58.0, 1.3950982185734602)	(59.0, 0.41705733037571013)	(60.0, 0.3121498319193108)	(61.0, 0.2655560383269591)	(62.0, 0.1282043952525739)	(63.0, 0.07903793821033823)	(64.0, 0.06088636831393142)	(65.0, 0.027298817718218085)	(66.0, 0.019866678862996406)	(67.0, 0.024869080015549463)	(68.0, 0.02572663449884427)	(69.0, 0.01743694116032778)	(70.0, 0.014578426216011749)	(71.0, 0.028299297948728715)	(72.0, 0.08432619085732301)	(73.0, 0.02058130759907542)	(74.0, 0.001429257472158015)	(75.0, 0.0017151089665896182)	(76.0, 0.0017151089665896182)	(77.0, 0.001429257472158015)	(78.0, 0.0005717029888632059)	(79.0, 0.0)	(80.0, 0.0)	(81.0, 0.0)	(82.0, 0.0005717029888632059)	(83.0, 0.0)	(84.0, 0.0)	(85.0, 0.0)	(86.0, 0.0008575544832948091)	(87.0, 0.0008575544832948091)	(88.0, 0.0)	(89.0, 0.0008575544832948091)	(90.0, 0.0008575544832948091)	(91.0, 0.0008575544832948091)	(92.0, 0.001429257472158015)	(93.0, 0.0005717029888632059)	(94.0, 0.0)	(95.0, 0.0)	(96.0, 0.0)	(97.0, 0.0)	(98.0, 0.0)	(99.0, 0.0)	(100.0, 0.0008575544832948091)
3975R_R_F_NS1_week7_S16_L001_R1_001	(0.0, 0.0)	(1.0, 0.0)	(2.0, 0.0)	(3.0, 0.0)	(4.0, 0.0)	(5.0, 0.0)	(6.0, 0.0)	(7.0, 0.0)	(8.0, 0.0)	(9.0, 0.0)	(10.0, 0.0)	(11.0, 0.0)	(12.0, 0.0)	(13.0, 0.0)	(14.0, 0.0)	(15.0, 0.0)	(16.0, 0.0)	(17.0, 0.0)	(18.0, 0.0)	(19.0, 0.0)	(20.0, 0.0)	(21.0, 0.0)	(22.0, 0.0)	(23.0, 0.0)	(24.0, 0.0)	(25.0, 0.0)	(26.0, 0.0)	(27.0, 0.0007953920288459186)	(28.0, 0.0007953920288459186)	(29.0, 0.0)	(30.0, 0.0)	(31.0, 0.0)	(32.0, 0.0)	(33.0, 0.0)	(34.0, 0.0)	(35.0, 0.0)	(36.0, 0.0)	(37.0, 0.0005302613525639457)	(38.0, 0.0018559147339738096)	(39.0, 0.0034466987916656464)	(40.0, 0.0039769601442295925)	(41.0, 0.009014442993587075)	(42.0, 0.019884800721147962)	(43.0, 0.04997713247915188)	(44.0, 0.12911863934932077)	(45.0, 0.27096355116017656)	(46.0, 1.1579582286615326)	(47.0, 20.033008769197522)	(48.0, 21.61968330140987)	(49.0, 4.52100829196047)	(50.0, 2.4390696564559065)	(51.0, 19.787100066945527)	(52.0, 21.869834094482282)	(53.0, 4.17090323392997)	(54.0, 2.4877211355536324)	(55.0, 1.0077617005477824)	(56.0, 0.12553937521951408)	(57.0, 0.03406929190223351)	(58.0, 0.01948710470672501)	(59.0, 0.02956207040543997)	(60.0, 0.00808648562660017)	(61.0, 0.017233493958328235)	(62.0, 0.14171234647271422)	(63.0, 0.027706155671466167)	(64.0, 0.00742365893589524)	(65.0, 0.0010605227051278913)	(66.0, 0.0)	(67.0, 0.0)	(68.0, 0.0005302613525639457)	(69.0, 0.0)	(70.0, 0.0)	(71.0, 0.0)	(72.0, 0.0007953920288459186)	(73.0, 0.0015907840576918372)	(74.0, 0.0007953920288459186)	(75.0, 0.0)	(76.0, 0.0)	(77.0, 0.0)	(78.0, 0.0)	(79.0, 0.0)	(80.0, 0.0)	(81.0, 0.0)	(82.0, 0.0)	(83.0, 0.0)	(84.0, 0.0)	(85.0, 0.0)	(86.0, 0.0)	(87.0, 0.0)	(88.0, 0.0)	(89.0, 0.0)	(90.0, 0.0)	(91.0, 0.0)	(92.0, 0.0)	(93.0, 0.0)	(94.0, 0.0)	(95.0, 0.0)	(96.0, 0.0)	(97.0, 0.0)	(98.0, 0.0)	(99.0, 0.0)	(100.0, 0.0)
3975R_R_F_NS1_week7_S16_L001_R2_001	(0.0, 0.0)	(1.0, 0.0)	(2.0, 0.0)	(3.0, 0.0)	(4.0, 0.0)	(5.0, 0.0)	(6.0, 0.0)	(7.0, 0.0)	(8.0, 0.0)	(9.0, 0.0)	(10.0, 0.0)	(11.0, 0.0)	(12.0, 0.0)	(13.0, 0.0)	(14.0, 0.0)	(15.0, 0.0)	(16.0, 0.0)	(17.0, 0.0)	(18.0, 0.0)	(19.0, 0.0)	(20.0, 0.0)	(21.0, 0.0)	(22.0, 0.0)	(23.0, 0.0)	(24.0, 0.0)	(25.0, 0.0)	(26.0, 0.0)	(27.0, 0.0)	(28.0, 0.0)	(29.0, 0.0)	(30.0, 0.0)	(31.0, 0.0007863716549715607)	(32.0, 0.0023591149649146823)	(33.0, 0.0047182299298293645)	(34.0, 0.009436459859658729)	(35.0, 0.010747079284611329)	(36.0, 0.009960707629639768)	(37.0, 0.017300176409374333)	(38.0, 0.023591149649146822)	(39.0, 0.028047255693985664)	(40.0, 0.03931858274857804)	(41.0, 0.0647445995926585)	(42.0, 0.09056380226422477)	(43.0, 0.12490203119798289)	(44.0, 0.19135043604307936)	(45.0, 1.0775912911960401)	(46.0, 12.535026304127376)	(47.0, 11.610122175939189)	(48.0, 9.77984214899454)	(49.0, 5.2903153088217625)	(50.0, 1.110881024589837)	(51.0, 3.0545296317943076)	(52.0, 3.467767936481927)	(53.0, 4.769344087402881)	(54.0, 5.00499346000944)	(55.0, 1.6256923347112477)	(56.0, 18.095984524209904)	(57.0, 18.79074388137847)	(58.0, 1.5553120715912936)	(59.0, 0.45845467484842034)	(60.0, 0.32332981213580747)	(61.0, 0.24141609807626932)	(62.0, 0.11847999601571513)	(63.0, 0.09108805003420581)	(64.0, 0.06933176757999261)	(65.0, 0.039580706633568545)	(66.0, 0.023591149649146825)	(67.0, 0.02961999900392879)	(68.0, 0.027260884039014107)	(69.0, 0.016513804754402776)	(70.0, 0.012844070364535491)	(71.0, 0.024115397419127875)	(72.0, 0.10511167788119881)	(73.0, 0.02830937957897619)	(74.0, 0.0026212388499052023)	(75.0, 0.0007863716549715607)	(76.0, 0.0)	(77.0, 0.0)	(78.0, 0.0)	(79.0, 0.0)	(80.0, 0.0)	(81.0, 0.0)	(82.0, 0.0007863716549715607)	(83.0, 0.0007863716549715607)	(84.0, 0.0)	(85.0, 0.0)	(86.0, 0.0)	(87.0, 0.0)	(88.0, 0.0)	(89.0, 0.0)	(90.0, 0.0)	(91.0, 0.0)	(92.0, 0.0)	(93.0, 0.0)	(94.0, 0.0)	(95.0, 0.0)	(96.0, 0.0)	(97.0, 0.0)	(98.0, 0.0)	(99.0, 0.0)	(100.0, 0.0)
3975R_R_F_NS1_week9_S17_L001_R1_001	(0.0, 0.0)	(1.0, 0.0)	(2.0, 0.0)	(3.0, 0.0)	(4.0, 0.0)	(5.0, 0.0)	(6.0, 0.0)	(7.0, 0.0)	(8.0, 0.0)	(9.0, 0.0)	(10.0, 0.0)	(11.0, 0.0)	(12.0, 0.0)	(13.0, 0.0)	(14.0, 0.0)	(15.0, 0.0)	(16.0, 0.0)	(17.0, 0.0)	(18.0, 0.0)	(19.0, 0.0)	(20.0, 0.0)	(21.0, 0.0)	(22.0, 0.0)	(23.0, 0.0)	(24.0, 0.0)	(25.0, 0.0)	(26.0, 0.0)	(27.0, 0.0)	(28.0, 0.0)	(29.0, 0.0)	(30.0, 0.0)	(31.0, 0.0)	(32.0, 0.0)	(33.0, 0.0)	(34.0, 0.0)	(35.0, 0.001187287475541495)	(36.0, 0.0014247449706497942)	(37.0, 0.0014247449706497942)	(38.0, 0.0026120324461912895)	(39.0, 0.004274234911949383)	(40.0, 0.007954826086128018)	(41.0, 0.011397959765198354)	(42.0, 0.021727360802409362)	(43.0, 0.06625064113521545)	(44.0, 0.1735814289241665)	(45.0, 0.45200034193864724)	(46.0, 1.2908189434087545)	(47.0, 16.02861837730892)	(48.0, 25.366396914953633)	(49.0, 4.649180296725889)	(50.0, 2.3198409984604083)	(51.0, 16.797268288975882)	(52.0, 21.786843904947933)	(53.0, 7.341710833758097)	(54.0, 2.1544518531175094)	(55.0, 0.9904352120967278)	(56.0, 0.12561501491229)	(57.0, 0.04024904542085665)	(58.0, 0.026357781957021195)	(59.0, 0.04654166904122656)	(60.0, 0.016384567162472635)	(61.0, 0.02730761193745439)	(62.0, 0.19162819855239652)	(63.0, 0.043573450352372825)	(64.0, 0.006055166125261626)	(65.0, 0.0007123724853248971)	(66.0, 0.001899659960866392)	(67.0, 0.0014247449706497942)	(68.0, 0.000474914990216598)	(69.0, 0.000949829980433196)	(70.0, 0.000474914990216598)	(71.0, 0.000474914990216598)	(72.0, 0.000474914990216598)	(73.0, 0.0)	(74.0, 0.0)	(75.0, 0.0)	(76.0, 0.0)	(77.0, 0.0)	(78.0, 0.0)	(79.0, 0.0)	(80.0, 0.0)	(81.0, 0.0)	(82.0, 0.0)	(83.0, 0.0)	(84.0, 0.0)	(85.0, 0.0)	(86.0, 0.0)	(87.0, 0.0)	(88.0, 0.0)	(89.0, 0.0)	(90.0, 0.0)	(91.0, 0.0)	(92.0, 0.0)	(93.0, 0.0)	(94.0, 0.0)	(95.0, 0.0)	(96.0, 0.0)	(97.0, 0.0)	(98.0, 0.0)	(99.0, 0.0)	(100.0, 0.0)
3975R_R_F_NS1_week9_S17_L001_R2_001	(0.0, 0.0)	(1.0, 0.0)	(2.0, 0.0)	(3.0, 0.0)	(4.0, 0.0)	(5.0, 0.0)	(6.0, 0.0)	(7.0, 0.0)	(8.0, 0.0)	(9.0, 0.0)	(10.0, 0.0)	(11.0, 0.0)	(12.0, 0.0)	(13.0, 0.0)	(14.0, 0.0)	(15.0, 0.0)	(16.0, 0.0)	(17.0, 0.0)	(18.0, 0.0)	(19.0, 0.0)	(20.0, 0.0)	(21.0, 0.0)	(22.0, 0.0)	(23.0, 0.0)	(24.0, 0.0)	(25.0, 0.0)	(26.0, 0.0)	(27.0, 0.0006968001774517825)	(28.0, 0.0006968001774517825)	(29.0, 0.0)	(30.0, 0.0)	(31.0, 0.001393600354903565)	(32.0, 0.0020904005323553474)	(33.0, 0.001393600354903565)	(34.0, 0.0020904005323553474)	(35.0, 0.0020904005323553474)	(36.0, 0.004180801064710695)	(37.0, 0.009058402306873171)	(38.0, 0.013471470097401126)	(39.0, 0.016955470984660038)	(40.0, 0.022065338952639776)	(41.0, 0.029730140904609386)	(42.0, 0.0378594763082135)	(43.0, 0.05237614667179231)	(44.0, 0.10196509263377754)	(45.0, 0.6898321756772515)	(46.0, 9.193929941385443)	(47.0, 8.979431620093417)	(48.0, 10.112893242080666)	(49.0, 13.015995048072298)	(50.0, 1.632370549043722)	(51.0, 3.469135816806624)	(52.0, 4.158967992484179)	(53.0, 6.35423695154614)	(54.0, 6.775801058904098)	(55.0, 1.4975397147068206)	(56.0, 15.560477029404648)	(57.0, 15.842448834547273)	(58.0, 1.080504808501913)	(59.0, 0.29799820922354636)	(60.0, 0.24945446352773853)	(61.0, 0.2256471241314691)	(62.0, 0.08477735492330021)	(63.0, 0.05295681348633546)	(64.0, 0.050634146228162834)	(65.0, 0.025317073114081427)	(66.0, 0.016490937533025517)	(67.0, 0.037743342945304875)	(68.0, 0.04111121046965516)	(69.0, 0.01765227116211182)	(70.0, 0.014632803726487432)	(71.0, 0.03716267613076169)	(72.0, 0.14539897036160468)	(73.0, 0.03507227559840635)	(74.0, 0.0025549339839898684)	(75.0, 0.00046453345163452155)	(76.0, 0.0)	(77.0, 0.0)	(78.0, 0.0)	(79.0, 0.0006968001774517825)	(80.0, 0.0006968001774517825)	(81.0, 0.0)	(82.0, 0.0)	(83.0, 0.0)	(84.0, 0.00046453345163452155)	(85.0, 0.0009290669032690431)	(86.0, 0.00046453345163452155)	(87.0, 0.0)	(88.0, 0.0)	(89.0, 0.0)	(90.0, 0.0)	(91.0, 0.0)	(92.0, 0.0)	(93.0, 0.0)	(94.0, 0.0)	(95.0, 0.0)	(96.0, 0.0)	(97.0, 0.0)	(98.0, 0.0)	(99.0, 0.0)	(100.0, 0.0)
3980R_0_F_S2_week9_S51_L001_R1_001	(0.0, 0.0)	(1.0, 0.0)	(2.0, 0.0)	(3.0, 0.0)	(4.0, 0.0)	(5.0, 0.0)	(6.0, 0.0)	(7.0, 0.0)	(8.0, 0.0)	(9.0, 0.0)	(10.0, 0.0)	(11.0, 0.0)	(12.0, 0.0)	(13.0, 0.0)	(14.0, 0.0)	(15.0, 0.0)	(16.0, 0.0)	(17.0, 0.0)	(18.0, 0.0)	(19.0, 0.0)	(20.0, 0.0)	(21.0, 0.0)	(22.0, 0.0)	(23.0, 0.0)	(24.0, 0.0)	(25.0, 0.0)	(26.0, 0.0)	(27.0, 0.0)	(28.0, 0.0)	(29.0, 0.0)	(30.0, 0.0)	(31.0, 0.0)	(32.0, 0.0)	(33.0, 0.0)	(34.0, 0.0)	(35.0, 0.0)	(36.0, 0.0)	(37.0, 0.0)	(38.0, 0.0)	(39.0, 0.0006508093356428387)	(40.0, 0.0006508093356428387)	(41.0, 0.0006508093356428387)	(42.0, 0.006182688688606969)	(43.0, 0.027117055651784943)	(44.0, 0.07289064559199795)	(45.0, 0.1057565170419613)	(46.0, 0.36401935506956284)	(47.0, 16.235198155175084)	(48.0, 17.18798302255792)	(49.0, 3.8814268777741905)	(50.0, 4.167023707898914)	(51.0, 22.911525724870632)	(52.0, 26.357235752419207)	(53.0, 5.923558104798932)	(54.0, 1.8961329993953489)	(55.0, 0.48246665415655354)	(56.0, 0.12419611488517478)	(57.0, 0.033842085453427595)	(58.0, 0.059223649543498375)	(59.0, 0.061176077550426915)	(60.0, 0.013016186712856774)	(61.0, 0.009328267144214019)	(62.0, 0.06312850555735545)	(63.0, 0.010846822260713974)	(64.0, 0.0008677457808571182)	(65.0, 0.0006508093356428387)	(66.0, 0.0006508093356428387)	(67.0, 0.0)	(68.0, 0.0)	(69.0, 0.0)	(70.0, 0.0)	(71.0, 0.0)	(72.0, 0.0)	(73.0, 0.0)	(74.0, 0.0006508093356428387)	(75.0, 0.0013016186712856775)	(76.0, 0.0006508093356428387)	(77.0, 0.0)	(78.0, 0.0)	(79.0, 0.0)	(80.0, 0.0)	(81.0, 0.0)	(82.0, 0.0)	(83.0, 0.0)	(84.0, 0.0)	(85.0, 0.0)	(86.0, 0.0)	(87.0, 0.0)	(88.0, 0.0)	(89.0, 0.0)	(90.0, 0.0)	(91.0, 0.0)	(92.0, 0.0)	(93.0, 0.0)	(94.0, 0.0)	(95.0, 0.0)	(96.0, 0.0)	(97.0, 0.0)	(98.0, 0.0)	(99.0, 0.0)	(100.0, 0.0)
3980R_0_F_S2_week9_S51_L001_R2_001	(0.0, 0.0)	(1.0, 0.0)	(2.0, 0.0)	(3.0, 0.0)	(4.0, 0.0)	(5.0, 0.0)	(6.0, 0.0)	(7.0, 0.0)	(8.0, 0.0)	(9.0, 0.0)	(10.0, 0.0)	(11.0, 0.0)	(12.0, 0.0)	(13.0, 0.0)	(14.0, 0.0)	(15.0, 0.0)	(16.0, 0.0)	(17.0, 0.0)	(18.0, 0.0)	(19.0, 0.0006762887527542838)	(20.0, 0.0013525775055085675)	(21.0, 0.0006762887527542838)	(22.0, 0.0)	(23.0, 0.0)	(24.0, 0.0)	(25.0, 0.0)	(26.0, 0.0)	(27.0, 0.0)	(28.0, 0.0)	(29.0, 0.0)	(30.0, 0.0)	(31.0, 0.0006762887527542838)	(32.0, 0.0013525775055085675)	(33.0, 0.002705155011017135)	(34.0, 0.0020288662582628515)	(35.0, 0.0006762887527542838)	(36.0, 0.006762887527542837)	(37.0, 0.010144331291314257)	(38.0, 0.012849486302331391)	(39.0, 0.01825979632436566)	(40.0, 0.02276838800939422)	(41.0, 0.022993817593645646)	(42.0, 0.033927152429839895)	(43.0, 0.05308866709121128)	(44.0, 0.1042611827162854)	(45.0, 1.6066366469599385)	(46.0, 16.572794030626024)	(47.0, 9.709252193706266)	(48.0, 1.649580982759823)	(49.0, 0.7653334385335934)	(50.0, 0.49650865931376686)	(51.0, 3.1429392636333375)	(52.0, 3.5859083966875773)	(53.0, 6.092121799603187)	(54.0, 5.120745721064054)	(55.0, 1.5879259914670683)	(56.0, 23.376371598131186)	(57.0, 23.10585609703044)	(58.0, 1.3817706366691667)	(59.0, 0.37579111694713097)	(60.0, 0.3536990176904916)	(61.0, 0.31402341086224045)	(62.0, 0.12161926070364529)	(63.0, 0.07968935803287978)	(64.0, 0.08363437575727982)	(65.0, 0.0356178743117256)	(66.0, 0.016456359650354236)	(67.0, 0.017808937155862802)	(68.0, 0.015780070897599956)	(69.0, 0.006762887527542836)	(70.0, 0.004734021269279986)	(71.0, 0.012736771510205675)	(72.0, 0.05432852980459415)	(73.0, 0.014427493392091387)	(74.0, 0.00045085916850285583)	(75.0, 0.0)	(76.0, 0.0)	(77.0, 0.0)	(78.0, 0.0)	(79.0, 0.0)	(80.0, 0.0)	(81.0, 0.0)	(82.0, 0.00045085916850285583)	(83.0, 0.00045085916850285583)	(84.0, 0.0)	(85.0, 0.0)	(86.0, 0.0)	(87.0, 0.0)	(88.0, 0.0)	(89.0, 0.0)	(90.0, 0.0)	(91.0, 0.00045085916850285583)	(92.0, 0.0011271479212571396)	(93.0, 0.0006762887527542838)	(94.0, 0.0)	(95.0, 0.0)	(96.0, 0.0003381443763771419)	(97.0, 0.0)	(98.0, 0.0)	(99.0, 0.0)	(100.0, 0.0)
Positive_control_S89_L001_R1_001	(0.0, 0.0)	(1.0, 0.0)	(2.0, 0.0)	(3.0, 0.0)	(4.0, 0.0)	(5.0, 0.0)	(6.0, 0.0)	(7.0, 0.0)	(8.0, 0.0)	(9.0, 0.0)	(10.0, 0.0)	(11.0, 0.0)	(12.0, 0.0)	(13.0, 0.0)	(14.0, 0.0)	(15.0, 0.0)	(16.0, 0.0)	(17.0, 0.0)	(18.0, 0.0)	(19.0, 0.0)	(20.0, 0.0)	(21.0, 0.0)	(22.0, 0.0)	(23.0, 0.0)	(24.0, 0.0)	(25.0, 0.0)	(26.0, 0.0)	(27.0, 0.0)	(28.0, 0.0)	(29.0, 0.0)	(30.0, 0.0)	(31.0, 0.0004711120009892925)	(32.0, 0.0004711120009892925)	(33.0, 0.0)	(34.0, 0.0)	(35.0, 0.0007066680014839388)	(36.0, 0.001177780002473231)	(37.0, 0.0004711120009892925)	(38.0, 0.0)	(39.0, 0.0)	(40.0, 0.0025911160054411086)	(41.0, 0.00565334401187151)	(42.0, 0.010128908021269789)	(43.0, 0.025440048053421795)	(44.0, 0.05182232010882218)	(45.0, 0.09492906819934248)	(46.0, 0.19621814841204022)	(47.0, 0.38890295681666154)	(48.0, 0.8151415397117187)	(49.0, 9.619164836197111)	(50.0, 26.475316675600457)	(51.0, 17.09971674391352)	(52.0, 10.036452291072905)	(53.0, 17.47059966669313)	(54.0, 10.835222688749527)	(55.0, 6.117271554846433)	(56.0, 0.5712233011995118)	(57.0, 0.13568025628491612)	(58.0, 0.031328948065787954)	(59.0, 0.0058889000123661574)	(60.0, 0.002355560004946462)	(61.0, 0.001177780002473231)	(62.0, 0.001295558002720554)	(63.0, 0.0010600020022259083)	(64.0, 0.0014133360029678775)	(65.0, 0.0007066680014839388)	(66.0, 0.0)	(67.0, 0.0)	(68.0, 0.0)	(69.0, 0.0)	(70.0, 0.0)	(71.0, 0.0)	(72.0, 0.0)	(73.0, 0.0)	(74.0, 0.0)	(75.0, 0.0)	(76.0, 0.0)	(77.0, 0.0)	(78.0, 0.0)	(79.0, 0.0)	(80.0, 0.0)	(81.0, 0.0)	(82.0, 0.0)	(83.0, 0.0)	(84.0, 0.0)	(85.0, 0.0)	(86.0, 0.0)	(87.0, 0.0)	(88.0, 0.0)	(89.0, 0.0)	(90.0, 0.0)	(91.0, 0.0)	(92.0, 0.0)	(93.0, 0.0)	(94.0, 0.0)	(95.0, 0.0)	(96.0, 0.0)	(97.0, 0.0)	(98.0, 0.0)	(99.0, 0.0)	(100.0, 0.0)
Positive_control_S89_L001_R2_001	(0.0, 0.0)	(1.0, 0.0)	(2.0, 0.0)	(3.0, 0.0)	(4.0, 0.0)	(5.0, 0.0)	(6.0, 0.0)	(7.0, 0.0)	(8.0, 0.0)	(9.0, 0.0)	(10.0, 0.0)	(11.0, 0.0)	(12.0, 0.0)	(13.0, 0.0)	(14.0, 0.0)	(15.0, 0.0)	(16.0, 0.0)	(17.0, 0.0)	(18.0, 0.0)	(19.0, 0.0)	(20.0, 0.0)	(21.0, 0.0)	(22.0, 0.0)	(23.0, 0.0)	(24.0, 0.0)	(25.0, 0.0)	(26.0, 0.0)	(27.0, 0.0)	(28.0, 0.0)	(29.0, 0.0)	(30.0, 0.0)	(31.0, 0.0007737861874006324)	(32.0, 0.0007737861874006324)	(33.0, 0.0)	(34.0, 0.0007737861874006324)	(35.0, 0.0015475723748012648)	(36.0, 0.0023213585622018974)	(37.0, 0.0023213585622018974)	(38.0, 0.0030951447496025295)	(39.0, 0.005932360770071515)	(40.0, 0.00747993314487278)	(41.0, 0.006964075686605692)	(42.0, 0.011348864081875942)	(43.0, 0.015991581206279734)	(44.0, 0.025277015455087322)	(45.0, 0.03817345191176452)	(46.0, 0.06912489940778986)	(47.0, 0.10833006623608861)	(48.0, 0.18235561149741517)	(49.0, 1.0502857850318024)	(50.0, 9.426521263641998)	(51.0, 9.968429523551107)	(52.0, 4.73067082103872)	(53.0, 4.354739698326407)	(54.0, 17.733373914122982)	(55.0, 15.732233869136888)	(56.0, 20.38784743000526)	(57.0, 10.758981078345004)	(58.0, 2.7309493840658408)	(59.0, 0.8978499061138661)	(60.0, 0.6441770010110257)	(61.0, 0.440800198089227)	(62.0, 0.24155025483356407)	(63.0, 0.1457297319604524)	(64.0, 0.08859851845737242)	(65.0, 0.052746425107809775)	(66.0, 0.04242927594246801)	(67.0, 0.029532839485790805)	(68.0, 0.01741018921651423)	(69.0, 0.012896436456677205)	(70.0, 0.007737861874006324)	(71.0, 0.005416503311804427)	(72.0, 0.003868930937003162)	(73.0, 0.004384788395270251)	(74.0, 0.002063429833068353)	(75.0, 0.0012896436456677207)	(76.0, 0.0007737861874006324)	(77.0, 0.0005158574582670882)	(78.0, 0.0005158574582670882)	(79.0, 0.0005158574582670882)	(80.0, 0.0005158574582670882)	(81.0, 0.0)	(82.0, 0.0)	(83.0, 0.0)	(84.0, 0.0)	(85.0, 0.0)	(86.0, 0.0)	(87.0, 0.0)	(88.0, 0.0)	(89.0, 0.0)	(90.0, 0.0)	(91.0, 0.0)	(92.0, 0.0)	(93.0, 0.0)	(94.0, 0.0005158574582670882)	(95.0, 0.0005158574582670882)	(96.0, 0.0)	(97.0, 0.0)	(98.0, 0.0005158574582670882)	(99.0, 0.0005158574582670882)	(100.0, 0.0)
negative_control_S90_L001_R1_001	(0.0, 0.0)	(1.0, 0.0)	(2.0, 0.0)	(3.0, 0.0)	(4.0, 0.0)	(5.0, 0.0)	(6.0, 0.0)	(7.0, 0.0)	(8.0, 0.0)	(9.0, 0.0)	(10.0, 0.0)	(11.0, 0.0)	(12.0, 0.0)	(13.0, 0.0)	(14.0, 0.0)	(15.0, 0.0)	(16.0, 0.0)	(17.0, 0.0)	(18.0, 0.0)	(19.0, 0.0)	(20.0, 0.0)	(21.0, 0.0)	(22.0, 0.0)	(23.0, 0.0)	(24.0, 0.0)	(25.0, 0.0)	(26.0, 0.0)	(27.0, 0.0)	(28.0, 0.0)	(29.0, 0.0)	(30.0, 0.0)	(31.0, 0.0)	(32.0, 0.0)	(33.0, 0.0)	(34.0, 0.0)	(35.0, 0.0)	(36.0, 0.0)	(37.0, 0.0)	(38.0, 0.0)	(39.0, 0.0)	(40.0, 0.0)	(41.0, 0.0022193420094807096)	(42.0, 0.007101894430338273)	(43.0, 0.01109671004740355)	(44.0, 0.01775473607584568)	(45.0, 0.023081156898599388)	(46.0, 0.04749391900288721)	(47.0, 0.12428315253091984)	(48.0, 0.18753439980112016)	(49.0, 0.15335653285511722)	(50.0, 0.4092466665482428)	(51.0, 2.443495552438346)	(52.0, 1.4436819771671847)	(53.0, 30.185714539356244)	(54.0, 32.6436358148605)	(55.0, 15.683424178395084)	(56.0, 15.655460469075638)	(57.0, 0.7217300214831303)	(58.0, 0.16156809829019594)	(59.0, 0.051488734619952466)	(60.0, 0.014203788860676546)	(61.0, 0.004882552420857562)	(62.0, 0.003994815617065278)	(63.0, 0.0017754736075845682)	(64.0, 0.0)	(65.0, 0.0)	(66.0, 0.0008877368037922841)	(67.0, 0.0008877368037922841)	(68.0, 0.0)	(69.0, 0.0)	(70.0, 0.0)	(71.0, 0.0)	(72.0, 0.0)	(73.0, 0.0)	(74.0, 0.0)	(75.0, 0.0)	(76.0, 0.0)	(77.0, 0.0)	(78.0, 0.0)	(79.0, 0.0)	(80.0, 0.0)	(81.0, 0.0)	(82.0, 0.0)	(83.0, 0.0)	(84.0, 0.0)	(85.0, 0.0)	(86.0, 0.0)	(87.0, 0.0)	(88.0, 0.0)	(89.0, 0.0)	(90.0, 0.0)	(91.0, 0.0)	(92.0, 0.0)	(93.0, 0.0)	(94.0, 0.0)	(95.0, 0.0)	(96.0, 0.0)	(97.0, 0.0)	(98.0, 0.0)	(99.0, 0.0)	(100.0, 0.0)
negative_control_S90_L001_R2_001	(0.0, 0.0)	(1.0, 0.0)	(2.0, 0.0)	(3.0, 0.0)	(4.0, 0.0)	(5.0, 0.0)	(6.0, 0.0)	(7.0, 0.0)	(8.0, 0.0)	(9.0, 0.0)	(10.0, 0.0)	(11.0, 0.0)	(12.0, 0.0)	(13.0, 0.0)	(14.0, 0.0)	(15.0, 0.0)	(16.0, 0.0)	(17.0, 0.0)	(18.0, 0.0)	(19.0, 0.0)	(20.0, 0.0)	(21.0, 0.0)	(22.0, 0.0)	(23.0, 0.0)	(24.0, 0.0)	(25.0, 0.0)	(26.0, 0.0)	(27.0, 0.0)	(28.0, 0.0)	(29.0, 0.0)	(30.0, 0.0)	(31.0, 0.0)	(32.0, 0.0)	(33.0, 0.0)	(34.0, 0.0)	(35.0, 0.0)	(36.0, 0.0)	(37.0, 0.003364209298673806)	(38.0, 0.003364209298673806)	(39.0, 0.00953192634624245)	(40.0, 0.018503151142705936)	(41.0, 0.021867360441379744)	(42.0, 0.034763496086295996)	(43.0, 0.034763496086295996)	(44.0, 0.02803507748894838)	(45.0, 0.030838585237843223)	(46.0, 0.0796196200686134)	(47.0, 0.11494381770468837)	(48.0, 0.12671855025004666)	(49.0, 0.17101397268258522)	(50.0, 0.24558727880318793)	(51.0, 0.39136968174571857)	(52.0, 0.7098481620201766)	(53.0, 1.529313477022114)	(54.0, 6.515632359206017)	(55.0, 47.960728463469515)	(56.0, 30.515901495941133)	(57.0, 6.760658936459417)	(58.0, 1.6355664207052307)	(59.0, 0.8446968847420171)	(60.0, 0.7446116581064697)	(61.0, 0.585092067194353)	(62.0, 0.321001637248459)	(63.0, 0.17970484670415918)	(64.0, 0.11830802700336218)	(65.0, 0.10036557741043522)	(66.0, 0.06728418597347613)	(67.0, 0.03308139143695909)	(68.0, 0.016821046493369032)	(69.0, 0.008410523246684516)	(70.0, 0.003364209298673806)	(71.0, 0.006167717047568645)	(72.0, 0.008971224796463482)	(73.0, 0.006167717047568645)	(74.0, 0.006167717047568645)	(75.0, 0.003364209298673806)	(76.0, 0.0)	(77.0, 0.0)	(78.0, 0.0)	(79.0, 0.0)	(80.0, 0.0)	(81.0, 0.0)	(82.0, 0.0011214030995579352)	(83.0, 0.0)	(84.0, 0.0)	(85.0, 0.0)	(86.0, 0.0)	(87.0, 0.0)	(88.0, 0.0)	(89.0, 0.0)	(90.0, 0.0)	(91.0, 0.0)	(92.0, 0.0)	(93.0, 0.0)	(94.0, 0.001682104649336903)	(95.0, 0.001682104649336903)	(96.0, 0.0)	(97.0, 0.0)	(98.0, 0.0)	(99.0, 0.0)	(100.0, 0.0)
