Sample	0	1	2	3	4	5	6	7	8	9	10	11	12	13	14	15	16	17	18	19	20	21	22	23	24	25	26	27	28	29	30	31	32	33	34	35	36	37	38	39	40	41	42	43	44	45	46	47	48	49	50	51	52	53	54	55	56	57	58	59	60	61	62	63	64	65	66	67	68	69	70	71	72	73	74	75	76	77	78	79	80	81	82	83	84	85	86	87	88	89	90	91	92	93	94	95	96	97	98	99	100
016R_0_F_NS6_week9_S79_L001_R1_001	(0.0, 0.0)	(1.0, 0.0)	(2.0, 0.0)	(3.0, 0.0)	(4.0, 0.0)	(5.0, 0.0)	(6.0, 0.0)	(7.0, 0.0)	(8.0, 0.0)	(9.0, 0.0)	(10.0, 0.0)	(11.0, 0.0)	(12.0, 0.0)	(13.0, 0.0)	(14.0, 0.0)	(15.0, 0.0)	(16.0, 0.0)	(17.0, 0.0)	(18.0, 0.0)	(19.0, 0.0)	(20.0, 0.0)	(21.0, 0.0)	(22.0, 0.0)	(23.0, 0.0)	(24.0, 0.0006441597258456207)	(25.0, 0.0)	(26.0, 0.0)	(27.0, 0.0006441597258456207)	(28.0, 0.0006441597258456207)	(29.0, 0.0019324791775368621)	(30.0, 0.002576638903382483)	(31.0, 0.0012883194516912415)	(32.0, 0.0006441597258456207)	(33.0, 0.002576638903382483)	(34.0, 0.0012883194516912415)	(35.0, 0.005153277806764966)	(36.0, 0.0077299167101474485)	(37.0, 0.00966239588768431)	(38.0, 0.0077299167101474485)	(39.0, 0.0077299167101474485)	(40.0, 0.00901823616183869)	(41.0, 0.013527354242758036)	(42.0, 0.023833909856287964)	(43.0, 0.03542878492150914)	(44.0, 0.04122622245411973)	(45.0, 0.1423592994118822)	(46.0, 7.425229159822469)	(47.0, 14.646903846277723)	(48.0, 12.892856912800099)	(49.0, 19.842052035222654)	(50.0, 5.354255641228799)	(51.0, 2.0291031364137053)	(52.0, 0.5269226557417177)	(53.0, 7.411701805579711)	(54.0, 18.947314176023085)	(55.0, 9.43436334473496)	(56.0, 0.7214588929470952)	(57.0, 0.16297241063894205)	(58.0, 0.044447021083347825)	(59.0, 0.039937903002428485)	(60.0, 0.02834302793720731)	(61.0, 0.038005423824891624)	(62.0, 0.00837407643599307)	(63.0, 0.0019324791775368621)	(64.0, 0.002576638903382483)	(65.0, 0.002576638903382483)	(66.0, 0.01674815287198614)	(67.0, 0.08051996573070258)	(68.0, 0.023189750130442343)	(69.0, 0.002576638903382483)	(70.0, 0.0)	(71.0, 0.0)	(72.0, 0.0)	(73.0, 0.0)	(74.0, 0.0)	(75.0, 0.0)	(76.0, 0.0)	(77.0, 0.0)	(78.0, 0.0)	(79.0, 0.0)	(80.0, 0.0)	(81.0, 0.0)	(82.0, 0.0)	(83.0, 0.0)	(84.0, 0.0)	(85.0, 0.0)	(86.0, 0.0)	(87.0, 0.0)	(88.0, 0.0)	(89.0, 0.0)	(90.0, 0.0)	(91.0, 0.0)	(92.0, 0.0)	(93.0, 0.0)	(94.0, 0.0)	(95.0, 0.0)	(96.0, 0.0)	(97.0, 0.0)	(98.0, 0.0)	(99.0, 0.0)	(100.0, 0.0)
016R_0_F_NS6_week9_S79_L001_R2_001	(0.0, 0.0)	(1.0, 0.0)	(2.0, 0.0)	(3.0, 0.0)	(4.0, 0.0)	(5.0, 0.0)	(6.0, 0.0)	(7.0, 0.0)	(8.0, 0.0)	(9.0, 0.0)	(10.0, 0.0)	(11.0, 0.0)	(12.0, 0.0)	(13.0, 0.0)	(14.0, 0.0)	(15.0, 0.0)	(16.0, 0.0)	(17.0, 0.0)	(18.0, 0.0)	(19.0, 0.0)	(20.0, 0.0)	(21.0, 0.0)	(22.0, 0.0)	(23.0, 0.0)	(24.0, 0.0)	(25.0, 0.0)	(26.0, 0.0)	(27.0, 0.0)	(28.0, 0.0)	(29.0, 0.0)	(30.0, 0.0)	(31.0, 0.0)	(32.0, 0.0)	(33.0, 0.0)	(34.0, 0.0)	(35.0, 0.0006410831741310118)	(36.0, 0.0012821663482620236)	(37.0, 0.0012821663482620236)	(38.0, 0.0012821663482620236)	(39.0, 0.0019232495223930352)	(40.0, 0.005128665393048094)	(41.0, 0.007692998089572141)	(42.0, 0.023720077442847435)	(43.0, 0.03974715679612273)	(44.0, 0.05192773710461196)	(45.0, 0.09616247611965176)	(46.0, 0.16283512622927698)	(47.0, 0.5660764427576834)	(48.0, 7.401305245342531)	(49.0, 19.856269152359825)	(50.0, 19.707537855961434)	(51.0, 9.552139294552076)	(52.0, 6.1050350672496245)	(53.0, 9.368789506750606)	(54.0, 8.923236700729554)	(55.0, 4.571564114728245)	(56.0, 7.363481338068802)	(57.0, 4.398471657712872)	(58.0, 0.8885412793455822)	(59.0, 0.27630684805046607)	(60.0, 0.1307809675227264)	(61.0, 0.10770197325400997)	(62.0, 0.07949431359224546)	(63.0, 0.05064557075634993)	(64.0, 0.035259574577205646)	(65.0, 0.024361160616978447)	(66.0, 0.025643326965240472)	(67.0, 0.04744015488569487)	(68.0, 0.06474940058723219)	(69.0, 0.03461849140307464)	(70.0, 0.0108984139602272)	(71.0, 0.003205415870655059)	(72.0, 0.0038464990447860704)	(73.0, 0.002564332696524047)	(74.0, 0.0012821663482620236)	(75.0, 0.0)	(76.0, 0.0)	(77.0, 0.0)	(78.0, 0.0)	(79.0, 0.0)	(80.0, 0.0)	(81.0, 0.0006410831741310118)	(82.0, 0.0006410831741310118)	(83.0, 0.0006410831741310118)	(84.0, 0.0006410831741310118)	(85.0, 0.0006410831741310118)	(86.0, 0.0)	(87.0, 0.0006410831741310118)	(88.0, 0.0)	(89.0, 0.0006410831741310118)	(90.0, 0.0)	(91.0, 0.0006410831741310118)	(92.0, 0.0)	(93.0, 0.0)	(94.0, 0.0)	(95.0, 0.0)	(96.0, 0.0)	(97.0, 0.0)	(98.0, 0.0)	(99.0, 0.0)	(100.0, 0.0)
036R_R_M_NS1_week5_S18_L001_R1_001	(0.0, 0.0)	(1.0, 0.0)	(2.0, 0.0)	(3.0, 0.0)	(4.0, 0.0)	(5.0, 0.0)	(6.0, 0.0)	(7.0, 0.0)	(8.0, 0.0)	(9.0, 0.0)	(10.0, 0.0)	(11.0, 0.0)	(12.0, 0.0)	(13.0, 0.0)	(14.0, 0.0)	(15.0, 0.0)	(16.0, 0.0)	(17.0, 0.0)	(18.0, 0.0)	(19.0, 0.0)	(20.0, 0.0)	(21.0, 0.0)	(22.0, 0.0)	(23.0, 0.0)	(24.0, 0.0)	(25.0, 0.0)	(26.0, 0.0)	(27.0, 0.0)	(28.0, 0.0)	(29.0, 0.0)	(30.0, 0.0)	(31.0, 0.0)	(32.0, 0.0)	(33.0, 0.0007461684251369219)	(34.0, 0.0)	(35.0, 0.0)	(36.0, 0.0)	(37.0, 0.0014923368502738439)	(38.0, 0.0037308421256846093)	(39.0, 0.0014923368502738439)	(40.0, 0.002238505275410766)	(41.0, 0.004477010550821532)	(42.0, 0.010446357951916906)	(43.0, 0.010446357951916906)	(44.0, 0.022385052754107657)	(45.0, 0.041785431807667625)	(46.0, 0.3984539390231163)	(47.0, 10.157590771388918)	(48.0, 12.87439000731245)	(49.0, 23.057350505156023)	(50.0, 3.5786237669566776)	(51.0, 1.366980554850841)	(52.0, 0.5618648241281021)	(53.0, 4.824725036935337)	(54.0, 29.549761972272382)	(55.0, 11.870793475503291)	(56.0, 0.5797728663313884)	(57.0, 0.15893387455416436)	(58.0, 0.08431703204047217)	(59.0, 0.2686206330492919)	(60.0, 0.12386395857272904)	(61.0, 0.07088600038800758)	(62.0, 0.014923368502738437)	(63.0, 0.0029846737005476878)	(64.0, 0.0014923368502738439)	(65.0, 0.005223178975958453)	(66.0, 0.04999328448417377)	(67.0, 0.22534286439135043)	(68.0, 0.06043964243609068)	(69.0, 0.011192526377053829)	(70.0, 0.002238505275410766)	(71.0, 0.0)	(72.0, 0.0)	(73.0, 0.0)	(74.0, 0.0)	(75.0, 0.0)	(76.0, 0.0)	(77.0, 0.0)	(78.0, 0.0)	(79.0, 0.0)	(80.0, 0.0)	(81.0, 0.0)	(82.0, 0.0)	(83.0, 0.0)	(84.0, 0.0)	(85.0, 0.0)	(86.0, 0.0)	(87.0, 0.0)	(88.0, 0.0)	(89.0, 0.0)	(90.0, 0.0)	(91.0, 0.0)	(92.0, 0.0)	(93.0, 0.0)	(94.0, 0.0)	(95.0, 0.0)	(96.0, 0.0)	(97.0, 0.0)	(98.0, 0.0)	(99.0, 0.0)	(100.0, 0.0)
036R_R_M_NS1_week5_S18_L001_R2_001	(0.0, 0.0)	(1.0, 0.0)	(2.0, 0.0)	(3.0, 0.0)	(4.0, 0.0)	(5.0, 0.0)	(6.0, 0.0)	(7.0, 0.0)	(8.0, 0.0)	(9.0, 0.0)	(10.0, 0.0)	(11.0, 0.0)	(12.0, 0.0)	(13.0, 0.0)	(14.0, 0.0)	(15.0, 0.0)	(16.0, 0.0)	(17.0, 0.0)	(18.0, 0.0)	(19.0, 0.0)	(20.0, 0.0)	(21.0, 0.0)	(22.0, 0.0)	(23.0, 0.0)	(24.0, 0.0)	(25.0, 0.0)	(26.0, 0.0)	(27.0, 0.0)	(28.0, 0.0)	(29.0, 0.0)	(30.0, 0.0)	(31.0, 0.0)	(32.0, 0.0)	(33.0, 0.0)	(34.0, 0.0)	(35.0, 0.0)	(36.0, 0.0)	(37.0, 0.0007215267506042787)	(38.0, 0.0007215267506042787)	(39.0, 0.0014430535012085574)	(40.0, 0.006493740755438507)	(41.0, 0.008658321007251344)	(42.0, 0.008658321007251344)	(43.0, 0.009379847757855622)	(44.0, 0.02597496302175403)	(45.0, 0.04473465853746528)	(46.0, 0.07215267506042786)	(47.0, 0.2734586384790216)	(48.0, 4.74187380497132)	(49.0, 10.840217901078683)	(50.0, 16.933511309931816)	(51.0, 15.151340235939248)	(52.0, 3.4351888596269706)	(53.0, 6.280890364010245)	(54.0, 6.417980446625059)	(55.0, 4.69641761968325)	(56.0, 16.90537176665825)	(57.0, 10.712507666221725)	(58.0, 1.9055521483459001)	(59.0, 0.5425881164544175)	(60.0, 0.1962552761643638)	(61.0, 0.12915328835816586)	(62.0, 0.09163389732674339)	(63.0, 0.05700061329773801)	(64.0, 0.059165193549550854)	(65.0, 0.042570078285652437)	(66.0, 0.04545618528806956)	(67.0, 0.0945200043291605)	(68.0, 0.13420397561239583)	(69.0, 0.08514015657130487)	(70.0, 0.02308885601933692)	(71.0, 0.010101374508459902)	(72.0, 0.0036076337530213934)	(73.0, 0.00577221400483423)	(74.0, 0.0014430535012085574)	(75.0, 0.0007215267506042787)	(76.0, 0.0014430535012085574)	(77.0, 0.0007215267506042787)	(78.0, 0.0)	(79.0, 0.0007215267506042787)	(80.0, 0.0007215267506042787)	(81.0, 0.0)	(82.0, 0.0)	(83.0, 0.0)	(84.0, 0.0007215267506042787)	(85.0, 0.0)	(86.0, 0.0)	(87.0, 0.0)	(88.0, 0.0)	(89.0, 0.0)	(90.0, 0.0)	(91.0, 0.0)	(92.0, 0.0)	(93.0, 0.0)	(94.0, 0.0)	(95.0, 0.0)	(96.0, 0.0)	(97.0, 0.0)	(98.0, 0.0)	(99.0, 0.0)	(100.0, 0.0)
036R_R_M_NS1_week6_S19_L001_R1_001	(0.0, 0.0)	(1.0, 0.0)	(2.0, 0.0)	(3.0, 0.0)	(4.0, 0.0)	(5.0, 0.0)	(6.0, 0.0)	(7.0, 0.0)	(8.0, 0.0)	(9.0, 0.0)	(10.0, 0.0)	(11.0, 0.0)	(12.0, 0.0)	(13.0, 0.0)	(14.0, 0.0)	(15.0, 0.0)	(16.0, 0.0)	(17.0, 0.0)	(18.0, 0.0)	(19.0, 0.0)	(20.0, 0.0)	(21.0, 0.0)	(22.0, 0.0)	(23.0, 0.0)	(24.0, 0.0)	(25.0, 0.0)	(26.0, 0.0)	(27.0, 0.0)	(28.0, 0.0)	(29.0, 0.0)	(30.0, 0.0)	(31.0, 0.0)	(32.0, 0.0)	(33.0, 0.0)	(34.0, 0.0)	(35.0, 0.0007017642352875128)	(36.0, 0.0014035284705750256)	(37.0, 0.0014035284705750256)	(38.0, 0.0007017642352875128)	(39.0, 0.0014035284705750256)	(40.0, 0.002807056941150051)	(41.0, 0.0035088211764375643)	(42.0, 0.0035088211764375643)	(43.0, 0.00491234964701259)	(44.0, 0.015438813176325283)	(45.0, 0.033684683293800616)	(46.0, 0.7550983171693637)	(47.0, 13.82545719939929)	(48.0, 17.305506042190068)	(49.0, 24.229111987536665)	(50.0, 5.007087818776404)	(51.0, 1.940378110569973)	(52.0, 0.35368917458490645)	(53.0, 4.495501691251807)	(54.0, 21.8725876854412)	(55.0, 8.883633454504626)	(56.0, 0.46105910258389593)	(57.0, 0.11158051341071454)	(58.0, 0.056842903058288534)	(59.0, 0.16491459529256552)	(60.0, 0.05894819576415108)	(61.0, 0.06666760235231371)	(62.0, 0.02947409788207554)	(63.0, 0.00491234964701259)	(64.0, 0.0007017642352875128)	(65.0, 0.0021052927058625385)	(66.0, 0.03929879717610072)	(67.0, 0.1859675223511909)	(68.0, 0.061755252705301134)	(69.0, 0.015438813176325283)	(70.0, 0.002807056941150051)	(71.0, 0.0)	(72.0, 0.0)	(73.0, 0.0)	(74.0, 0.0)	(75.0, 0.0)	(76.0, 0.0)	(77.0, 0.0)	(78.0, 0.0)	(79.0, 0.0)	(80.0, 0.0)	(81.0, 0.0)	(82.0, 0.0)	(83.0, 0.0)	(84.0, 0.0)	(85.0, 0.0)	(86.0, 0.0)	(87.0, 0.0)	(88.0, 0.0)	(89.0, 0.0)	(90.0, 0.0)	(91.0, 0.0)	(92.0, 0.0)	(93.0, 0.0)	(94.0, 0.0)	(95.0, 0.0)	(96.0, 0.0)	(97.0, 0.0)	(98.0, 0.0)	(99.0, 0.0)	(100.0, 0.0)
036R_R_M_NS1_week6_S19_L001_R2_001	(0.0, 0.0)	(1.0, 0.0)	(2.0, 0.0)	(3.0, 0.0)	(4.0, 0.0)	(5.0, 0.0)	(6.0, 0.0)	(7.0, 0.0)	(8.0, 0.0)	(9.0, 0.0)	(10.0, 0.0)	(11.0, 0.0)	(12.0, 0.0)	(13.0, 0.0)	(14.0, 0.0)	(15.0, 0.0)	(16.0, 0.0)	(17.0, 0.0)	(18.0, 0.0)	(19.0, 0.0)	(20.0, 0.0)	(21.0, 0.0)	(22.0, 0.0)	(23.0, 0.0)	(24.0, 0.0)	(25.0, 0.0)	(26.0, 0.0)	(27.0, 0.0)	(28.0, 0.0)	(29.0, 0.0)	(30.0, 0.0)	(31.0, 0.0)	(32.0, 0.0)	(33.0, 0.0013663815483835706)	(34.0, 0.0)	(35.0, 0.0)	(36.0, 0.0006831907741917853)	(37.0, 0.0006831907741917853)	(38.0, 0.0006831907741917853)	(39.0, 0.002049572322575356)	(40.0, 0.006148716967726068)	(41.0, 0.008198289290301424)	(42.0, 0.01161424316126035)	(43.0, 0.022545295548328913)	(44.0, 0.03142677561282212)	(45.0, 0.04577378187084962)	(46.0, 0.09701308993523351)	(47.0, 0.2678107834831799)	(48.0, 6.128904435274507)	(49.0, 15.89579974312027)	(50.0, 20.150711884786705)	(51.0, 15.189380482605962)	(52.0, 3.9946164566993687)	(53.0, 8.159347416172492)	(54.0, 8.144317219140271)	(55.0, 3.4965703823135574)	(56.0, 10.157680430683463)	(57.0, 6.0223266745005875)	(58.0, 1.0644112261908014)	(59.0, 0.32861476238624876)	(60.0, 0.12707348399967208)	(61.0, 0.08403246522558959)	(62.0, 0.08403246522558959)	(63.0, 0.04782335419342497)	(64.0, 0.03484272948378105)	(65.0, 0.02732763096767141)	(66.0, 0.0327931571612057)	(67.0, 0.09359713606427458)	(68.0, 0.13185581941901456)	(69.0, 0.06421993277402782)	(70.0, 0.021178913999945346)	(71.0, 0.008198289290301424)	(72.0, 0.006831907741917853)	(73.0, 0.002732763096767141)	(74.0, 0.0013663815483835706)	(75.0, 0.0)	(76.0, 0.0)	(77.0, 0.0)	(78.0, 0.0006831907741917853)	(79.0, 0.0)	(80.0, 0.0)	(81.0, 0.0)	(82.0, 0.0006831907741917853)	(83.0, 0.0)	(84.0, 0.0)	(85.0, 0.0)	(86.0, 0.0006831907741917853)	(87.0, 0.0006831907741917853)	(88.0, 0.0006831907741917853)	(89.0, 0.0)	(90.0, 0.0)	(91.0, 0.0)	(92.0, 0.0)	(93.0, 0.0)	(94.0, 0.0)	(95.0, 0.0)	(96.0, 0.0)	(97.0, 0.0)	(98.0, 0.0)	(99.0, 0.0)	(100.0, 0.0)
036R_R_M_NS1_week7_S20_L001_R1_001	(0.0, 0.0)	(1.0, 0.0)	(2.0, 0.0)	(3.0, 0.0)	(4.0, 0.0)	(5.0, 0.0)	(6.0, 0.0)	(7.0, 0.0)	(8.0, 0.0)	(9.0, 0.0)	(10.0, 0.0)	(11.0, 0.0)	(12.0, 0.0)	(13.0, 0.0)	(14.0, 0.0)	(15.0, 0.0)	(16.0, 0.0)	(17.0, 0.0)	(18.0, 0.0)	(19.0, 0.0)	(20.0, 0.0)	(21.0, 0.0)	(22.0, 0.0)	(23.0, 0.0)	(24.0, 0.0)	(25.0, 0.0)	(26.0, 0.0)	(27.0, 0.0)	(28.0, 0.0)	(29.0, 0.0)	(30.0, 0.0008125391034443533)	(31.0, 0.0)	(32.0, 0.0)	(33.0, 0.0)	(34.0, 0.0)	(35.0, 0.0)	(36.0, 0.0)	(37.0, 0.0008125391034443533)	(38.0, 0.0016250782068887065)	(39.0, 0.0024376173103330596)	(40.0, 0.0016250782068887065)	(41.0, 0.004062695517221766)	(42.0, 0.007312851930999178)	(43.0, 0.010563008344776593)	(44.0, 0.013813164758554007)	(45.0, 0.03493918144810719)	(46.0, 0.4525842806185048)	(47.0, 14.010611760690983)	(48.0, 14.458320806688821)	(49.0, 16.28165855481795)	(50.0, 3.3232849330874044)	(51.0, 1.501572263165165)	(52.0, 0.36808021386029205)	(53.0, 5.047492910596323)	(54.0, 32.433310853084805)	(55.0, 10.506943146638932)	(56.0, 0.46558490627361443)	(57.0, 0.13081879565454088)	(58.0, 0.07069090199965873)	(59.0, 0.2681379041366366)	(60.0, 0.13650656937865135)	(61.0, 0.06337805006865956)	(62.0, 0.022751094896441892)	(63.0, 0.003250156413777413)	(64.0, 0.0008125391034443533)	(65.0, 0.003250156413777413)	(66.0, 0.06094043275832649)	(67.0, 0.2380739573091955)	(68.0, 0.061752971861770846)	(69.0, 0.009750469241332238)	(70.0, 0.0024376173103330596)	(71.0, 0.0)	(72.0, 0.0)	(73.0, 0.0)	(74.0, 0.0)	(75.0, 0.0)	(76.0, 0.0)	(77.0, 0.0)	(78.0, 0.0)	(79.0, 0.0)	(80.0, 0.0)	(81.0, 0.0)	(82.0, 0.0)	(83.0, 0.0)	(84.0, 0.0)	(85.0, 0.0)	(86.0, 0.0)	(87.0, 0.0)	(88.0, 0.0)	(89.0, 0.0)	(90.0, 0.0)	(91.0, 0.0)	(92.0, 0.0)	(93.0, 0.0)	(94.0, 0.0)	(95.0, 0.0)	(96.0, 0.0)	(97.0, 0.0)	(98.0, 0.0)	(99.0, 0.0)	(100.0, 0.0)
036R_R_M_NS1_week7_S20_L001_R2_001	(0.0, 0.0)	(1.0, 0.0)	(2.0, 0.0)	(3.0, 0.0)	(4.0, 0.0)	(5.0, 0.0)	(6.0, 0.0)	(7.0, 0.0)	(8.0, 0.0)	(9.0, 0.0)	(10.0, 0.0)	(11.0, 0.0)	(12.0, 0.0)	(13.0, 0.0)	(14.0, 0.0)	(15.0, 0.0)	(16.0, 0.0)	(17.0, 0.0)	(18.0, 0.0)	(19.0, 0.0)	(20.0, 0.0)	(21.0, 0.0)	(22.0, 0.0)	(23.0, 0.0)	(24.0, 0.0)	(25.0, 0.0)	(26.0, 0.0)	(27.0, 0.0)	(28.0, 0.0)	(29.0, 0.0)	(30.0, 0.0)	(31.0, 0.0)	(32.0, 0.0)	(33.0, 0.0)	(34.0, 0.0)	(35.0, 0.0007938082952966859)	(36.0, 0.0007938082952966859)	(37.0, 0.0)	(38.0, 0.0007938082952966859)	(39.0, 0.0007938082952966859)	(40.0, 0.0039690414764834295)	(41.0, 0.007144274657670173)	(42.0, 0.010319507838856917)	(43.0, 0.013494741020043659)	(44.0, 0.016669974201230404)	(45.0, 0.030958523516570746)	(46.0, 0.08890652907322881)	(47.0, 0.2873586028974003)	(48.0, 5.94244889859099)	(49.0, 14.960904941456638)	(50.0, 14.836277039095059)	(51.0, 10.165509029569359)	(52.0, 3.4737051002182975)	(53.0, 6.711649136733479)	(54.0, 4.683468942250447)	(55.0, 3.7856717602698953)	(56.0, 18.34490970430641)	(57.0, 12.3834094066283)	(58.0, 2.34967255407819)	(59.0, 0.6636237348680294)	(60.0, 0.27307005358205994)	(61.0, 0.15479261758285373)	(62.0, 0.13097836872395316)	(63.0, 0.0841436793014487)	(64.0, 0.06350466362373487)	(65.0, 0.05318515578487795)	(66.0, 0.06112323873784481)	(67.0, 0.10954554475094264)	(68.0, 0.16590593371700735)	(69.0, 0.07620559634848184)	(70.0, 0.03651518158364755)	(71.0, 0.00952569954356023)	(72.0, 0.005556658067076801)	(73.0, 0.0031752331811867435)	(74.0, 0.0039690414764834295)	(75.0, 0.0)	(76.0, 0.0)	(77.0, 0.0007938082952966859)	(78.0, 0.0)	(79.0, 0.0007938082952966859)	(80.0, 0.0023814248858900575)	(81.0, 0.0)	(82.0, 0.0)	(83.0, 0.0)	(84.0, 0.0)	(85.0, 0.0)	(86.0, 0.0)	(87.0, 0.0)	(88.0, 0.0)	(89.0, 0.0)	(90.0, 0.0)	(91.0, 0.0)	(92.0, 0.0)	(93.0, 0.0007938082952966859)	(94.0, 0.0)	(95.0, 0.0)	(96.0, 0.0)	(97.0, 0.0)	(98.0, 0.0007938082952966859)	(99.0, 0.0)	(100.0, 0.0)
036R_R_M_NS1_week9_S21_L001_R1_001	(0.0, 0.0)	(1.0, 0.0)	(2.0, 0.0)	(3.0, 0.0)	(4.0, 0.0)	(5.0, 0.0)	(6.0, 0.0)	(7.0, 0.0)	(8.0, 0.0)	(9.0, 0.0)	(10.0, 0.0)	(11.0, 0.0)	(12.0, 0.0)	(13.0, 0.0)	(14.0, 0.0)	(15.0, 0.0)	(16.0, 0.0)	(17.0, 0.0)	(18.0, 0.0)	(19.0, 0.0)	(20.0, 0.0)	(21.0, 0.0)	(22.0, 0.0)	(23.0, 0.0)	(24.0, 0.0)	(25.0, 0.0)	(26.0, 0.0007852375343541421)	(27.0, 0.0007852375343541421)	(28.0, 0.0007852375343541421)	(29.0, 0.0031409501374165686)	(30.0, 0.004711425206124852)	(31.0, 0.002355712603062426)	(32.0, 0.007067137809187279)	(33.0, 0.004711425206124852)	(34.0, 0.002355712603062426)	(35.0, 0.0015704750687082843)	(36.0, 0.005496662740478995)	(37.0, 0.0039261876717707105)	(38.0, 0.004711425206124852)	(39.0, 0.006281900274833137)	(40.0, 0.010208087946603847)	(41.0, 0.009422850412249705)	(42.0, 0.007852375343541421)	(43.0, 0.018060463290145268)	(44.0, 0.02512760109933255)	(45.0, 0.08244994110718493)	(46.0, 0.6996466431095406)	(47.0, 14.133490380840206)	(48.0, 16.220651747153514)	(49.0, 18.728700431880643)	(50.0, 4.365135453474676)	(51.0, 1.9544562230074596)	(52.0, 0.6383981154299175)	(53.0, 5.020023557126031)	(54.0, 26.0565371024735)	(55.0, 10.434236356497841)	(56.0, 0.5669414998036906)	(57.0, 0.143698468786808)	(58.0, 0.0840204161758932)	(59.0, 0.19395367098547311)	(60.0, 0.0706713780918728)	(61.0, 0.058892815076560655)	(62.0, 0.02669807616804083)	(63.0, 0.009422850412249705)	(64.0, 0.005496662740478995)	(65.0, 0.0031409501374165686)	(66.0, 0.052610914801727526)	(67.0, 0.2387122104436592)	(68.0, 0.07224185316058107)	(69.0, 0.01884570082449941)	(70.0, 0.0007852375343541421)	(71.0, 0.0)	(72.0, 0.0007852375343541421)	(73.0, 0.0)	(74.0, 0.0)	(75.0, 0.0)	(76.0, 0.0)	(77.0, 0.0)	(78.0, 0.0)	(79.0, 0.0)	(80.0, 0.0)	(81.0, 0.0)	(82.0, 0.0)	(83.0, 0.0)	(84.0, 0.0)	(85.0, 0.0)	(86.0, 0.0)	(87.0, 0.0)	(88.0, 0.0)	(89.0, 0.0)	(90.0, 0.0)	(91.0, 0.0)	(92.0, 0.0)	(93.0, 0.0)	(94.0, 0.0)	(95.0, 0.0)	(96.0, 0.0)	(97.0, 0.0)	(98.0, 0.0)	(99.0, 0.0)	(100.0, 0.0)
036R_R_M_NS1_week9_S21_L001_R2_001	(0.0, 0.0)	(1.0, 0.0)	(2.0, 0.0)	(3.0, 0.0)	(4.0, 0.0)	(5.0, 0.0)	(6.0, 0.0)	(7.0, 0.0)	(8.0, 0.0)	(9.0, 0.0)	(10.0, 0.0)	(11.0, 0.0)	(12.0, 0.0)	(13.0, 0.0)	(14.0, 0.0)	(15.0, 0.0)	(16.0, 0.0)	(17.0, 0.0)	(18.0, 0.0)	(19.0, 0.0)	(20.0, 0.0)	(21.0, 0.0)	(22.0, 0.0)	(23.0, 0.0)	(24.0, 0.0)	(25.0, 0.0)	(26.0, 0.0)	(27.0, 0.0)	(28.0, 0.0)	(29.0, 0.0)	(30.0, 0.0)	(31.0, 0.0)	(32.0, 0.0)	(33.0, 0.0)	(34.0, 0.0)	(35.0, 0.0)	(36.0, 0.0)	(37.0, 0.0)	(38.0, 0.0007693195368696389)	(39.0, 0.0030772781474785555)	(40.0, 0.006154556294957111)	(41.0, 0.016155710274262415)	(42.0, 0.015386390737392777)	(43.0, 0.030003461937915914)	(44.0, 0.04538985267530869)	(45.0, 0.07231603646574605)	(46.0, 0.11847520867792438)	(47.0, 0.3731199753817748)	(48.0, 6.636150325037504)	(49.0, 15.697195830288111)	(50.0, 16.818863715044046)	(51.0, 11.642112551448244)	(52.0, 3.435781051659807)	(53.0, 7.204677462784168)	(54.0, 7.086202254106243)	(55.0, 4.495903373466169)	(56.0, 14.449359541485556)	(57.0, 8.795630265030582)	(58.0, 1.588644843635804)	(59.0, 0.44620533138439056)	(60.0, 0.18463668884871332)	(61.0, 0.14001615571027426)	(62.0, 0.09847290071931378)	(63.0, 0.056929645728353274)	(64.0, 0.04538985267530869)	(65.0, 0.04231257452783014)	(66.0, 0.03923529638035158)	(67.0, 0.10539677655114052)	(68.0, 0.16001846366888486)	(69.0, 0.08462514905566028)	(70.0, 0.022310266569219524)	(71.0, 0.011539793053044582)	(72.0, 0.010001153979305304)	(73.0, 0.004615917221217833)	(74.0, 0.0023079586106089164)	(75.0, 0.0015386390737392778)	(76.0, 0.0007693195368696389)	(77.0, 0.0)	(78.0, 0.0015386390737392778)	(79.0, 0.0)	(80.0, 0.0007693195368696389)	(81.0, 0.0030772781474785555)	(82.0, 0.0)	(83.0, 0.0)	(84.0, 0.0007693195368696389)	(85.0, 0.0007693195368696389)	(86.0, 0.0)	(87.0, 0.0015386390737392778)	(88.0, 0.0007693195368696389)	(89.0, 0.0)	(90.0, 0.0007693195368696389)	(91.0, 0.0007693195368696389)	(92.0, 0.0)	(93.0, 0.0)	(94.0, 0.0)	(95.0, 0.0)	(96.0, 0.0)	(97.0, 0.0)	(98.0, 0.0007693195368696389)	(99.0, 0.0007693195368696389)	(100.0, 0.0)
073R_0_M_S2_week5_S52_L001_R1_001	(0.0, 0.0)	(1.0, 0.0)	(2.0, 0.0)	(3.0, 0.0)	(4.0, 0.0)	(5.0, 0.0)	(6.0, 0.0)	(7.0, 0.0)	(8.0, 0.0)	(9.0, 0.0)	(10.0, 0.0)	(11.0, 0.0)	(12.0, 0.0)	(13.0, 0.0)	(14.0, 0.0)	(15.0, 0.0)	(16.0, 0.0)	(17.0, 0.0)	(18.0, 0.0)	(19.0, 0.0)	(20.0, 0.0)	(21.0, 0.0)	(22.0, 0.0)	(23.0, 0.0)	(24.0, 0.0)	(25.0, 0.0)	(26.0, 0.0)	(27.0, 0.0)	(28.0, 0.0)	(29.0, 0.0)	(30.0, 0.0)	(31.0, 0.0019245326593192286)	(32.0, 0.0006415108864397429)	(33.0, 0.0006415108864397429)	(34.0, 0.0006415108864397429)	(35.0, 0.0006415108864397429)	(36.0, 0.0012830217728794857)	(37.0, 0.0025660435457589715)	(38.0, 0.005132087091517943)	(39.0, 0.0025660435457589715)	(40.0, 0.0038490653186384572)	(41.0, 0.0076981306372769145)	(42.0, 0.007056619750837172)	(43.0, 0.012830217728794857)	(44.0, 0.018603815706752545)	(45.0, 0.06800015396261275)	(46.0, 1.287512349084564)	(47.0, 23.163033576679794)	(48.0, 6.356731373731413)	(49.0, 2.109287794613875)	(50.0, 5.081407731489204)	(51.0, 3.713065010713232)	(52.0, 0.46445388178237385)	(53.0, 5.66197508371717)	(54.0, 37.29808444849309)	(55.0, 12.571047330673203)	(56.0, 0.9160775458359529)	(57.0, 0.18924571149972416)	(58.0, 0.08660396966936529)	(59.0, 0.47407654507897)	(60.0, 0.2380005388691446)	(61.0, 0.14626448210826137)	(62.0, 0.030151011662667912)	(63.0, 0.006415108864397429)	(64.0, 0.0012830217728794857)	(65.0, 0.0019245326593192286)	(66.0, 0.010264174183035886)	(67.0, 0.04618878382366148)	(68.0, 0.01154719595591537)	(69.0, 0.0006415108864397429)	(70.0, 0.0)	(71.0, 0.0006415108864397429)	(72.0, 0.0)	(73.0, 0.0)	(74.0, 0.0)	(75.0, 0.0)	(76.0, 0.0)	(77.0, 0.0)	(78.0, 0.0)	(79.0, 0.0)	(80.0, 0.0)	(81.0, 0.0)	(82.0, 0.0)	(83.0, 0.0)	(84.0, 0.0)	(85.0, 0.0)	(86.0, 0.0)	(87.0, 0.0)	(88.0, 0.0)	(89.0, 0.0)	(90.0, 0.0)	(91.0, 0.0)	(92.0, 0.0)	(93.0, 0.0)	(94.0, 0.0)	(95.0, 0.0)	(96.0, 0.0)	(97.0, 0.0)	(98.0, 0.0)	(99.0, 0.0)	(100.0, 0.0)
073R_0_M_S2_week5_S52_L001_R2_001	(0.0, 0.0)	(1.0, 0.0)	(2.0, 0.0)	(3.0, 0.0)	(4.0, 0.0)	(5.0, 0.0)	(6.0, 0.0)	(7.0, 0.0)	(8.0, 0.0)	(9.0, 0.0)	(10.0, 0.0)	(11.0, 0.0)	(12.0, 0.0)	(13.0, 0.0)	(14.0, 0.0)	(15.0, 0.0)	(16.0, 0.0)	(17.0, 0.0)	(18.0, 0.0)	(19.0, 0.0)	(20.0, 0.0)	(21.0, 0.0)	(22.0, 0.0)	(23.0, 0.0)	(24.0, 0.0)	(25.0, 0.0)	(26.0, 0.0)	(27.0, 0.0)	(28.0, 0.0)	(29.0, 0.0)	(30.0, 0.0)	(31.0, 0.0)	(32.0, 0.0)	(33.0, 0.0)	(34.0, 0.0006301422230997535)	(35.0, 0.0006301422230997535)	(36.0, 0.001260284446199507)	(37.0, 0.001260284446199507)	(38.0, 0.0006301422230997535)	(39.0, 0.003150711115498768)	(40.0, 0.004410995561698275)	(41.0, 0.005671280007897782)	(42.0, 0.010082275569596056)	(43.0, 0.013863128908194577)	(44.0, 0.027096115593289404)	(45.0, 0.062384080086875605)	(46.0, 0.10586389348075859)	(47.0, 0.3850168983139495)	(48.0, 8.047546331206954)	(49.0, 20.59367799312305)	(50.0, 3.5703858360832035)	(51.0, 0.7139511387720208)	(52.0, 3.2319994622786363)	(53.0, 8.66571585206781)	(54.0, 8.77347017221787)	(55.0, 6.31780592879813)	(56.0, 23.207507934540825)	(57.0, 12.258786808182606)	(58.0, 2.260320154258816)	(59.0, 0.7423075388115097)	(60.0, 0.2703310137097943)	(61.0, 0.18526181359132754)	(62.0, 0.17013840023693347)	(63.0, 0.10586389348075859)	(64.0, 0.07498692454887067)	(65.0, 0.04537024006318226)	(66.0, 0.028986542262588663)	(67.0, 0.03969896005528448)	(68.0, 0.03717839116288546)	(69.0, 0.01575355557749384)	(70.0, 0.007561706677197043)	(71.0, 0.003150711115498768)	(72.0, 0.0006301422230997535)	(73.0, 0.0018904266692992607)	(74.0, 0.001260284446199507)	(75.0, 0.0)	(76.0, 0.0006301422230997535)	(77.0, 0.0006301422230997535)	(78.0, 0.0)	(79.0, 0.0)	(80.0, 0.001260284446199507)	(81.0, 0.0)	(82.0, 0.0006301422230997535)	(83.0, 0.0)	(84.0, 0.0)	(85.0, 0.0)	(86.0, 0.0006301422230997535)	(87.0, 0.0)	(88.0, 0.0)	(89.0, 0.0)	(90.0, 0.0006301422230997535)	(91.0, 0.0)	(92.0, 0.0006301422230997535)	(93.0, 0.0006301422230997535)	(94.0, 0.0)	(95.0, 0.0)	(96.0, 0.0)	(97.0, 0.0)	(98.0, 0.0)	(99.0, 0.0)	(100.0, 0.0008401896307996714)
073R_0_M_S2_week6_S53_L001_R1_001	(0.0, 0.0)	(1.0, 0.0)	(2.0, 0.0)	(3.0, 0.0)	(4.0, 0.0)	(5.0, 0.0)	(6.0, 0.0)	(7.0, 0.0)	(8.0, 0.0)	(9.0, 0.0)	(10.0, 0.0)	(11.0, 0.0)	(12.0, 0.0)	(13.0, 0.0)	(14.0, 0.0)	(15.0, 0.0)	(16.0, 0.0)	(17.0, 0.0)	(18.0, 0.0)	(19.0, 0.0)	(20.0, 0.0)	(21.0, 0.0)	(22.0, 0.0)	(23.0, 0.0)	(24.0, 0.0)	(25.0, 0.0)	(26.0, 0.0005249702079406994)	(27.0, 0.0005249702079406994)	(28.0, 0.0005249702079406994)	(29.0, 0.0)	(30.0, 0.001574910623822098)	(31.0, 0.003149821247644196)	(32.0, 0.003149821247644196)	(33.0, 0.002624851039703497)	(34.0, 0.003674791455584896)	(35.0, 0.0020998808317627977)	(36.0, 0.004199761663525595)	(37.0, 0.00892449353499189)	(38.0, 0.004724731871466294)	(39.0, 0.007349582911169792)	(40.0, 0.00892449353499189)	(41.0, 0.009974433950873288)	(42.0, 0.016274076446161682)	(43.0, 0.02204874873350937)	(44.0, 0.030973242268501264)	(45.0, 0.08767002472609679)	(46.0, 1.4557423866195593)	(47.0, 24.9371348175991)	(48.0, 7.323334400772756)	(49.0, 2.7340448429551625)	(50.0, 6.646647802737195)	(51.0, 5.105860242431242)	(52.0, 0.5748423776950659)	(53.0, 5.845018295211746)	(54.0, 32.548152892323365)	(55.0, 10.728291169476133)	(56.0, 0.7811556694157606)	(57.0, 0.19528891735394016)	(58.0, 0.0871450545181561)	(59.0, 0.3323061416264627)	(60.0, 0.1832146025713041)	(61.0, 0.13439237323281905)	(62.0, 0.03307312310026406)	(63.0, 0.009449463742932589)	(64.0, 0.001574910623822098)	(65.0, 0.0020998808317627977)	(66.0, 0.01837395727792448)	(67.0, 0.0761206801514014)	(68.0, 0.020998808317627977)	(69.0, 0.005249702079406994)	(70.0, 0.0010499404158813988)	(71.0, 0.0005249702079406994)	(72.0, 0.0)	(73.0, 0.0)	(74.0, 0.0)	(75.0, 0.0)	(76.0, 0.0)	(77.0, 0.0)	(78.0, 0.0)	(79.0, 0.0)	(80.0, 0.0)	(81.0, 0.0)	(82.0, 0.0)	(83.0, 0.0)	(84.0, 0.0)	(85.0, 0.0)	(86.0, 0.0)	(87.0, 0.0)	(88.0, 0.0)	(89.0, 0.0)	(90.0, 0.0)	(91.0, 0.0)	(92.0, 0.0)	(93.0, 0.0)	(94.0, 0.0)	(95.0, 0.0)	(96.0, 0.0)	(97.0, 0.0)	(98.0, 0.0)	(99.0, 0.0)	(100.0, 0.0)
073R_0_M_S2_week6_S53_L001_R2_001	(0.0, 0.0)	(1.0, 0.0)	(2.0, 0.0)	(3.0, 0.0)	(4.0, 0.0)	(5.0, 0.0)	(6.0, 0.0)	(7.0, 0.0)	(8.0, 0.0)	(9.0, 0.0)	(10.0, 0.0)	(11.0, 0.0)	(12.0, 0.0)	(13.0, 0.0)	(14.0, 0.0)	(15.0, 0.0)	(16.0, 0.0)	(17.0, 0.0)	(18.0, 0.0)	(19.0, 0.0)	(20.0, 0.0)	(21.0, 0.0)	(22.0, 0.0)	(23.0, 0.0)	(24.0, 0.0)	(25.0, 0.0)	(26.0, 0.0)	(27.0, 0.0)	(28.0, 0.0005190517961787406)	(29.0, 0.0)	(30.0, 0.0)	(31.0, 0.0)	(32.0, 0.0)	(33.0, 0.0)	(34.0, 0.0)	(35.0, 0.0)	(36.0, 0.0)	(37.0, 0.0020762071847149626)	(38.0, 0.001557155388536222)	(39.0, 0.0025952589808937035)	(40.0, 0.003114310777072444)	(41.0, 0.009342932331217333)	(42.0, 0.018166812866255926)	(43.0, 0.027509745197473255)	(44.0, 0.04411940267519296)	(45.0, 0.07578156224209613)	(46.0, 0.1583107978345159)	(47.0, 0.5257994695290643)	(48.0, 9.898836804924764)	(49.0, 22.020253401086894)	(50.0, 4.0968758272388)	(51.0, 0.9597267711344915)	(52.0, 4.160719198168785)	(53.0, 10.287087548466461)	(54.0, 8.08682698446478)	(55.0, 5.431357995214343)	(56.0, 19.838159649951468)	(57.0, 10.792124946148377)	(58.0, 1.9755111362562872)	(59.0, 0.6249383625992038)	(60.0, 0.2294208939110034)	(61.0, 0.16038700501923087)	(62.0, 0.15260122807654977)	(63.0, 0.09394837510835206)	(64.0, 0.07681966583445361)	(65.0, 0.04360035087901421)	(66.0, 0.035814573936333104)	(67.0, 0.05450043859876777)	(68.0, 0.05450043859876777)	(69.0, 0.026471641605115774)	(70.0, 0.012976294904468517)	(71.0, 0.0046714661656086665)	(72.0, 0.003114310777072444)	(73.0, 0.003114310777072444)	(74.0, 0.0)	(75.0, 0.0)	(76.0, 0.0005190517961787406)	(77.0, 0.001557155388536222)	(78.0, 0.0010381035923574813)	(79.0, 0.0010381035923574813)	(80.0, 0.0)	(81.0, 0.0005190517961787406)	(82.0, 0.0010381035923574813)	(83.0, 0.0)	(84.0, 0.0)	(85.0, 0.0)	(86.0, 0.0)	(87.0, 0.0)	(88.0, 0.0005190517961787406)	(89.0, 0.0005190517961787406)	(90.0, 0.0)	(91.0, 0.0)	(92.0, 0.0)	(93.0, 0.0)	(94.0, 0.0)	(95.0, 0.0)	(96.0, 0.0)	(97.0, 0.0)	(98.0, 0.0)	(99.0, 0.0)	(100.0, 0.0)
073R_0_M_S2_week7_S54_L001_R1_001	(0.0, 0.0)	(1.0, 0.0)	(2.0, 0.0)	(3.0, 0.0)	(4.0, 0.0)	(5.0, 0.0)	(6.0, 0.0)	(7.0, 0.0)	(8.0, 0.0)	(9.0, 0.0)	(10.0, 0.0)	(11.0, 0.0)	(12.0, 0.0)	(13.0, 0.0)	(14.0, 0.0)	(15.0, 0.0)	(16.0, 0.0)	(17.0, 0.0)	(18.0, 0.0)	(19.0, 0.0)	(20.0, 0.0)	(21.0, 0.0)	(22.0, 0.0)	(23.0, 0.0)	(24.0, 0.00047658460409322624)	(25.0, 0.00047658460409322624)	(26.0, 0.00047658460409322624)	(27.0, 0.00047658460409322624)	(28.0, 0.0009531692081864525)	(29.0, 0.0014297538122796788)	(30.0, 0.00047658460409322624)	(31.0, 0.0014297538122796788)	(32.0, 0.0014297538122796788)	(33.0, 0.0023829230204661313)	(34.0, 0.0033360922286525835)	(35.0, 0.005242430645025489)	(36.0, 0.00381267683274581)	(37.0, 0.004289261436839036)	(38.0, 0.0028595076245593576)	(39.0, 0.0033360922286525835)	(40.0, 0.004765846040932263)	(41.0, 0.008101938269584847)	(42.0, 0.010961445894144205)	(43.0, 0.02144630718419518)	(44.0, 0.03622042991108519)	(45.0, 0.09960618225548429)	(46.0, 1.826272202885243)	(47.0, 25.61785222382319)	(48.0, 7.3160502574351165)	(49.0, 2.6498103987583383)	(50.0, 6.049764964359414)	(51.0, 4.500865001056429)	(52.0, 0.6033561087820245)	(53.0, 6.626432335312218)	(54.0, 32.574557689772014)	(55.0, 10.44387501409896)	(56.0, 0.7105876447030004)	(57.0, 0.19111042624138375)	(58.0, 0.07244085982217038)	(59.0, 0.20779088738464663)	(60.0, 0.11676322800284043)	(61.0, 0.14583488885252724)	(62.0, 0.029071660849686803)	(63.0, 0.008578522873678072)	(64.0, 0.0014297538122796788)	(65.0, 0.001906338416372905)	(66.0, 0.01286778431051711)	(67.0, 0.06195599853211942)	(68.0, 0.01286778431051711)	(69.0, 0.0014297538122796788)	(70.0, 0.0014297538122796788)	(71.0, 0.0)	(72.0, 0.0)	(73.0, 0.0)	(74.0, 0.0)	(75.0, 0.0)	(76.0, 0.0)	(77.0, 0.0)	(78.0, 0.0)	(79.0, 0.0)	(80.0, 0.0)	(81.0, 0.0)	(82.0, 0.0)	(83.0, 0.0)	(84.0, 0.0)	(85.0, 0.0)	(86.0, 0.0)	(87.0, 0.0)	(88.0, 0.0)	(89.0, 0.0)	(90.0, 0.0)	(91.0, 0.0)	(92.0, 0.0)	(93.0, 0.0)	(94.0, 0.0)	(95.0, 0.0)	(96.0, 0.0)	(97.0, 0.0)	(98.0, 0.0)	(99.0, 0.00047658460409322624)	(100.0, 0.0006354461387909683)
073R_0_M_S2_week7_S54_L001_R2_001	(0.0, 0.0)	(1.0, 0.0)	(2.0, 0.0)	(3.0, 0.0)	(4.0, 0.0)	(5.0, 0.0)	(6.0, 0.0)	(7.0, 0.0)	(8.0, 0.0)	(9.0, 0.0)	(10.0, 0.0)	(11.0, 0.0)	(12.0, 0.0)	(13.0, 0.0)	(14.0, 0.0)	(15.0, 0.0)	(16.0, 0.0)	(17.0, 0.0)	(18.0, 0.0)	(19.0, 0.0)	(20.0, 0.0)	(21.0, 0.0)	(22.0, 0.0)	(23.0, 0.0)	(24.0, 0.0)	(25.0, 0.0)	(26.0, 0.0)	(27.0, 0.0)	(28.0, 0.0)	(29.0, 0.0)	(30.0, 0.0)	(31.0, 0.0009397436379355713)	(32.0, 0.0009397436379355713)	(33.0, 0.0)	(34.0, 0.00046987181896778564)	(35.0, 0.00046987181896778564)	(36.0, 0.00046987181896778564)	(37.0, 0.0018794872758711426)	(38.0, 0.0009397436379355713)	(39.0, 0.0032891027327744994)	(40.0, 0.0056384618276134274)	(41.0, 0.007048077284516784)	(42.0, 0.010807051836259069)	(43.0, 0.018794872758711424)	(44.0, 0.035240386422583925)	(45.0, 0.06860128556929669)	(46.0, 0.1433109047851746)	(47.0, 0.565255798218246)	(48.0, 11.305115964364921)	(49.0, 22.18217870165019)	(50.0, 3.9845130248468217)	(51.0, 0.9998872307634478)	(52.0, 4.655959854151788)	(53.0, 10.444780663834905)	(54.0, 7.957279254219449)	(55.0, 5.339153478930948)	(56.0, 18.93113558621208)	(57.0, 10.148291546066233)	(58.0, 1.803368041198361)	(59.0, 0.528135924519791)	(60.0, 0.19593654850956657)	(61.0, 0.1498891102507236)	(62.0, 0.14143141750930346)	(63.0, 0.09350449197458932)	(64.0, 0.07001090102620006)	(65.0, 0.05168590008645641)	(66.0, 0.026782693681163778)	(67.0, 0.036650001879487276)	(68.0, 0.04604743825884299)	(69.0, 0.020674360034582565)	(70.0, 0.007987820922452355)	(71.0, 0.002349359094838928)	(72.0, 0.004228846370710071)	(73.0, 0.003758974551742285)	(74.0, 0.00046987181896778564)	(75.0, 0.0009397436379355713)	(76.0, 0.00046987181896778564)	(77.0, 0.0009397436379355713)	(78.0, 0.00046987181896778564)	(79.0, 0.0)	(80.0, 0.00046987181896778564)	(81.0, 0.0)	(82.0, 0.0)	(83.0, 0.0)	(84.0, 0.0)	(85.0, 0.00046987181896778564)	(86.0, 0.00046987181896778564)	(87.0, 0.0)	(88.0, 0.0)	(89.0, 0.0)	(90.0, 0.0)	(91.0, 0.00046987181896778564)	(92.0, 0.0)	(93.0, 0.0)	(94.0, 0.0)	(95.0, 0.0)	(96.0, 0.0)	(97.0, 0.0)	(98.0, 0.0)	(99.0, 0.0)	(100.0, 0.0)
073R_0_M_S2_week9_S55_L001_R1_001	(0.0, 0.0)	(1.0, 0.0)	(2.0, 0.0)	(3.0, 0.0)	(4.0, 0.0)	(5.0, 0.0)	(6.0, 0.0)	(7.0, 0.0)	(8.0, 0.0)	(9.0, 0.0)	(10.0, 0.0)	(11.0, 0.0)	(12.0, 0.0)	(13.0, 0.0)	(14.0, 0.0)	(15.0, 0.0)	(16.0, 0.0)	(17.0, 0.0)	(18.0, 0.0)	(19.0, 0.0)	(20.0, 0.0)	(21.0, 0.0)	(22.0, 0.0)	(23.0, 0.0)	(24.0, 0.0)	(25.0, 0.0005365929566808507)	(26.0, 0.0)	(27.0, 0.0005365929566808507)	(28.0, 0.0005365929566808507)	(29.0, 0.0005365929566808507)	(30.0, 0.0010731859133617013)	(31.0, 0.004292743653446805)	(32.0, 0.0026829647834042533)	(33.0, 0.0021463718267234026)	(34.0, 0.0021463718267234026)	(35.0, 0.004292743653446805)	(36.0, 0.004292743653446805)	(37.0, 0.0032195577400851035)	(38.0, 0.0053659295668085066)	(39.0, 0.005902522523489356)	(40.0, 0.005902522523489356)	(41.0, 0.00965867322025531)	(42.0, 0.015024602787063818)	(43.0, 0.01931734644051062)	(44.0, 0.0413176576644255)	(45.0, 0.11268452090297863)	(46.0, 2.111493284539147)	(47.0, 24.54644480336551)	(48.0, 5.94866951776391)	(49.0, 2.6636474369637426)	(50.0, 6.2963817536931)	(51.0, 4.808946077773784)	(52.0, 0.6605459296741271)	(53.0, 6.599020181261101)	(54.0, 34.00872500147563)	(55.0, 10.565515317045948)	(56.0, 0.7378153154361695)	(57.0, 0.19585642918851046)	(58.0, 0.07190345619523399)	(59.0, 0.2237592629359147)	(60.0, 0.12180660116655308)	(61.0, 0.12019682229651055)	(62.0, 0.021463718267234026)	(63.0, 0.005902522523489356)	(64.0, 0.0037561506967659546)	(65.0, 0.0016097788700425518)	(66.0, 0.0053659295668085066)	(67.0, 0.030585798530808485)	(68.0, 0.006439115480170207)	(69.0, 0.0010731859133617013)	(70.0, 0.0005365929566808507)	(71.0, 0.0)	(72.0, 0.0)	(73.0, 0.0)	(74.0, 0.0)	(75.0, 0.0)	(76.0, 0.0)	(77.0, 0.0)	(78.0, 0.0)	(79.0, 0.0)	(80.0, 0.0)	(81.0, 0.0)	(82.0, 0.0)	(83.0, 0.0)	(84.0, 0.0)	(85.0, 0.0)	(86.0, 0.0)	(87.0, 0.0005365929566808507)	(88.0, 0.0005365929566808507)	(89.0, 0.0)	(90.0, 0.0)	(91.0, 0.0)	(92.0, 0.0)	(93.0, 0.0)	(94.0, 0.0)	(95.0, 0.0)	(96.0, 0.0)	(97.0, 0.0)	(98.0, 0.0)	(99.0, 0.0)	(100.0, 0.0)
073R_0_M_S2_week9_S55_L001_R2_001	(0.0, 0.0)	(1.0, 0.0)	(2.0, 0.0)	(3.0, 0.0)	(4.0, 0.0)	(5.0, 0.0)	(6.0, 0.0)	(7.0, 0.0)	(8.0, 0.0)	(9.0, 0.0)	(10.0, 0.0)	(11.0, 0.0)	(12.0, 0.0)	(13.0, 0.0)	(14.0, 0.0)	(15.0, 0.0)	(16.0, 0.0)	(17.0, 0.0)	(18.0, 0.0)	(19.0, 0.0)	(20.0, 0.0)	(21.0, 0.0)	(22.0, 0.0)	(23.0, 0.0)	(24.0, 0.0)	(25.0, 0.0)	(26.0, 0.0)	(27.0, 0.0)	(28.0, 0.0)	(29.0, 0.0)	(30.0, 0.0)	(31.0, 0.0)	(32.0, 0.0)	(33.0, 0.0)	(34.0, 0.0)	(35.0, 0.0)	(36.0, 0.0)	(37.0, 0.0005227992764458014)	(38.0, 0.0020911971057832055)	(39.0, 0.002613996382229007)	(40.0, 0.005750792040903815)	(41.0, 0.0067963905937954185)	(42.0, 0.01097878480536183)	(43.0, 0.027185562375181674)	(44.0, 0.04496073777433892)	(45.0, 0.0784198914668702)	(46.0, 0.1432470017461496)	(47.0, 0.6984598333315907)	(48.0, 13.109714656154917)	(49.0, 19.67607356831418)	(50.0, 3.417016070849758)	(51.0, 0.9907046288647936)	(52.0, 4.479344200587626)	(53.0, 10.178901912399754)	(54.0, 7.930865023682807)	(55.0, 5.382741350285971)	(56.0, 19.588243289871286)	(57.0, 10.863768964543754)	(58.0, 1.9824548562824789)	(59.0, 0.5452796453329708)	(60.0, 0.20859691130187477)	(61.0, 0.16206777569819844)	(62.0, 0.13906460753458316)	(63.0, 0.10455985528916027)	(64.0, 0.06116751534415877)	(65.0, 0.04130114283921831)	(66.0, 0.030845157310302282)	(67.0, 0.030322358033856484)	(68.0, 0.02300316816361526)	(69.0, 0.01097878480536183)	(70.0, 0.00731918987024122)	(71.0, 0.0020911971057832055)	(72.0, 0.0031367956586748087)	(73.0, 0.0015683978293374043)	(74.0, 0.0015683978293374043)	(75.0, 0.0010455985528916027)	(76.0, 0.0005227992764458014)	(77.0, 0.0)	(78.0, 0.0)	(79.0, 0.0005227992764458014)	(80.0, 0.0005227992764458014)	(81.0, 0.0005227992764458014)	(82.0, 0.0)	(83.0, 0.0)	(84.0, 0.0)	(85.0, 0.0005227992764458014)	(86.0, 0.0005227992764458014)	(87.0, 0.0005227992764458014)	(88.0, 0.0)	(89.0, 0.0005227992764458014)	(90.0, 0.0)	(91.0, 0.0)	(92.0, 0.0005227992764458014)	(93.0, 0.0005227992764458014)	(94.0, 0.0)	(95.0, 0.0)	(96.0, 0.0)	(97.0, 0.0)	(98.0, 0.0)	(99.0, 0.0)	(100.0, 0.0)
096R_0_M_S5_week9_S74_L001_R1_001	(0.0, 0.0)	(1.0, 0.0)	(2.0, 0.0)	(3.0, 0.0)	(4.0, 0.0)	(5.0, 0.0)	(6.0, 0.0)	(7.0, 0.0)	(8.0, 0.0)	(9.0, 0.0)	(10.0, 0.0)	(11.0, 0.0)	(12.0, 0.0)	(13.0, 0.0)	(14.0, 0.0)	(15.0, 0.0)	(16.0, 0.0)	(17.0, 0.0)	(18.0, 0.0)	(19.0, 0.0)	(20.0, 0.0)	(21.0, 0.0)	(22.0, 0.0)	(23.0, 0.0)	(24.0, 0.0)	(25.0, 0.0)	(26.0, 0.0)	(27.0, 0.0)	(28.0, 0.0)	(29.0, 0.0006558667278808946)	(30.0, 0.0013117334557617892)	(31.0, 0.0013117334557617892)	(32.0, 0.0006558667278808946)	(33.0, 0.0)	(34.0, 0.0)	(35.0, 0.0)	(36.0, 0.0006558667278808946)	(37.0, 0.0006558667278808946)	(38.0, 0.0)	(39.0, 0.0006558667278808946)	(40.0, 0.0026234669115235785)	(41.0, 0.003935200367285367)	(42.0, 0.003279333639404473)	(43.0, 0.004591067095166262)	(44.0, 0.014429068013379683)	(45.0, 0.049190004591067094)	(46.0, 2.159113268183905)	(47.0, 10.954941955794583)	(48.0, 1.250081983340985)	(49.0, 3.680724076867581)	(50.0, 12.792680527316849)	(51.0, 8.841739358562341)	(52.0, 0.7398176690496491)	(53.0, 4.5648324260510265)	(54.0, 37.09647799567128)	(55.0, 16.125795238407555)	(56.0, 0.9005050173804683)	(57.0, 0.20987735292188628)	(58.0, 0.09247720863120613)	(59.0, 0.13707614612710697)	(60.0, 0.1095297435561094)	(61.0, 0.07673640716206467)	(62.0, 0.009182134190332524)	(63.0, 0.0019676001836426834)	(64.0, 0.0019676001836426834)	(65.0, 0.0019676001836426834)	(66.0, 0.01967600183642684)	(67.0, 0.11740014429068013)	(68.0, 0.02557880238735489)	(69.0, 0.003279333639404473)	(70.0, 0.0013117334557617892)	(71.0, 0.0013117334557617892)	(72.0, 0.0)	(73.0, 0.0)	(74.0, 0.0)	(75.0, 0.0)	(76.0, 0.0)	(77.0, 0.0)	(78.0, 0.0)	(79.0, 0.0)	(80.0, 0.0)	(81.0, 0.0)	(82.0, 0.0)	(83.0, 0.0)	(84.0, 0.0)	(85.0, 0.0)	(86.0, 0.0)	(87.0, 0.0)	(88.0, 0.0)	(89.0, 0.0)	(90.0, 0.0)	(91.0, 0.0)	(92.0, 0.0)	(93.0, 0.0)	(94.0, 0.0)	(95.0, 0.0)	(96.0, 0.0)	(97.0, 0.0)	(98.0, 0.0)	(99.0, 0.0)	(100.0, 0.0)
096R_0_M_S5_week9_S74_L001_R2_001	(0.0, 0.0)	(1.0, 0.0)	(2.0, 0.0)	(3.0, 0.0)	(4.0, 0.0)	(5.0, 0.0)	(6.0, 0.0)	(7.0, 0.0)	(8.0, 0.0)	(9.0, 0.0)	(10.0, 0.0006558925385664813)	(11.0, 0.0006558925385664813)	(12.0, 0.0)	(13.0, 0.0)	(14.0, 0.0)	(15.0, 0.0)	(16.0, 0.0)	(17.0, 0.0)	(18.0, 0.0)	(19.0, 0.0)	(20.0, 0.0)	(21.0, 0.0)	(22.0, 0.0)	(23.0, 0.0)	(24.0, 0.0)	(25.0, 0.0)	(26.0, 0.0)	(27.0, 0.0)	(28.0, 0.0)	(29.0, 0.0006558925385664813)	(30.0, 0.0006558925385664813)	(31.0, 0.0)	(32.0, 0.0)	(33.0, 0.0)	(34.0, 0.0)	(35.0, 0.0)	(36.0, 0.0013117850771329626)	(37.0, 0.002623570154265925)	(38.0, 0.0006558925385664813)	(39.0, 0.0032794626928324064)	(40.0, 0.003935355231398888)	(41.0, 0.006558925385664813)	(42.0, 0.011806065694196663)	(43.0, 0.01574142092559555)	(44.0, 0.027547486619792214)	(45.0, 0.04722426277678665)	(46.0, 0.10166334347780459)	(47.0, 0.34368769020883616)	(48.0, 6.164078077447791)	(49.0, 10.529042921607724)	(50.0, 4.279042921607724)	(51.0, 1.1956920978066954)	(52.0, 2.699653688739637)	(53.0, 11.148205478014482)	(54.0, 15.4410221429321)	(55.0, 7.6811575191520625)	(56.0, 20.89542449365096)	(57.0, 14.173181865883095)	(58.0, 2.973816769860426)	(59.0, 0.8297040612865988)	(60.0, 0.3476230454402351)	(61.0, 0.209885612341274)	(62.0, 0.16922027495015216)	(63.0, 0.14167278833035996)	(64.0, 0.10559869870920349)	(65.0, 0.08592192255220904)	(66.0, 0.06427746877951517)	(67.0, 0.07739531955084479)	(68.0, 0.09313674047644034)	(69.0, 0.05509497323958443)	(70.0, 0.03213873438975758)	(71.0, 0.01574142092559555)	(72.0, 0.007214817924231294)	(73.0, 0.001967677615699444)	(74.0, 0.004591247769965369)	(75.0, 0.001967677615699444)	(76.0, 0.0013117850771329626)	(77.0, 0.0)	(78.0, 0.0)	(79.0, 0.0006558925385664813)	(80.0, 0.0013117850771329626)	(81.0, 0.0)	(82.0, 0.0)	(83.0, 0.0)	(84.0, 0.0)	(85.0, 0.0)	(86.0, 0.0)	(87.0, 0.0)	(88.0, 0.0)	(89.0, 0.0)	(90.0, 0.0)	(91.0, 0.0)	(92.0, 0.0)	(93.0, 0.0)	(94.0, 0.0)	(95.0, 0.0006558925385664813)	(96.0, 0.0)	(97.0, 0.0006558925385664813)	(98.0, 0.0006558925385664813)	(99.0, 0.0)	(100.0, 0.002623570154265925)
1030R_L_M_NS1_week5_S22_L001_R1_001	(0.0, 0.0)	(1.0, 0.0)	(2.0, 0.0)	(3.0, 0.0)	(4.0, 0.0)	(5.0, 0.0)	(6.0, 0.0)	(7.0, 0.0)	(8.0, 0.0)	(9.0, 0.0)	(10.0, 0.0)	(11.0, 0.0)	(12.0, 0.0)	(13.0, 0.0)	(14.0, 0.0)	(15.0, 0.0)	(16.0, 0.0)	(17.0, 0.0)	(18.0, 0.0)	(19.0, 0.0)	(20.0, 0.0)	(21.0, 0.0)	(22.0, 0.0)	(23.0, 0.0)	(24.0, 0.0)	(25.0, 0.0)	(26.0, 0.0)	(27.0, 0.0)	(28.0, 0.0005457323728443571)	(29.0, 0.0)	(30.0, 0.0)	(31.0, 0.0010914647456887142)	(32.0, 0.0010914647456887142)	(33.0, 0.0021829294913774284)	(34.0, 0.0016371971185330713)	(35.0, 0.0027286618642217856)	(36.0, 0.0032743942370661427)	(37.0, 0.0016371971185330713)	(38.0, 0.0021829294913774284)	(39.0, 0.0027286618642217856)	(40.0, 0.0032743942370661427)	(41.0, 0.008185985592665358)	(42.0, 0.012551844575420213)	(43.0, 0.017463435931019428)	(44.0, 0.020737830168085572)	(45.0, 0.045841519318926)	(46.0, 0.47478716437459073)	(47.0, 10.905370006548788)	(48.0, 13.786291202794148)	(49.0, 30.955577384850468)	(50.0, 5.130430037109801)	(51.0, 1.9335297969875573)	(52.0, 0.5326347958960925)	(53.0, 5.267954595066579)	(54.0, 20.671796550971404)	(55.0, 8.968565815324165)	(56.0, 0.5315433311504039)	(57.0, 0.14461907880375463)	(58.0, 0.061122025758568)	(59.0, 0.1413446845666885)	(60.0, 0.0649421523684785)	(61.0, 0.028923815760750926)	(62.0, 0.012551844575420213)	(63.0, 0.0016371971185330713)	(64.0, 0.0)	(65.0, 0.0032743942370661427)	(66.0, 0.03765553372626064)	(67.0, 0.17081423270028379)	(68.0, 0.040929927963326784)	(69.0, 0.004911591355599214)	(70.0, 0.0016371971185330713)	(71.0, 0.0)	(72.0, 0.0)	(73.0, 0.0)	(74.0, 0.0)	(75.0, 0.0)	(76.0, 0.0)	(77.0, 0.0)	(78.0, 0.0)	(79.0, 0.0)	(80.0, 0.0)	(81.0, 0.0)	(82.0, 0.0)	(83.0, 0.0)	(84.0, 0.0)	(85.0, 0.0)	(86.0, 0.0)	(87.0, 0.0)	(88.0, 0.0)	(89.0, 0.0)	(90.0, 0.0)	(91.0, 0.0)	(92.0, 0.0)	(93.0, 0.0)	(94.0, 0.0)	(95.0, 0.0)	(96.0, 0.0)	(97.0, 0.0)	(98.0, 0.0)	(99.0, 0.0)	(100.0, 0.0)
1030R_L_M_NS1_week5_S22_L001_R2_001	(0.0, 0.0)	(1.0, 0.0)	(2.0, 0.0)	(3.0, 0.0)	(4.0, 0.0)	(5.0, 0.0)	(6.0, 0.0)	(7.0, 0.0)	(8.0, 0.0)	(9.0, 0.0)	(10.0, 0.0)	(11.0, 0.0)	(12.0, 0.0)	(13.0, 0.0)	(14.0, 0.0)	(15.0, 0.0)	(16.0, 0.0)	(17.0, 0.0)	(18.0, 0.0)	(19.0, 0.0)	(20.0, 0.0)	(21.0, 0.0)	(22.0, 0.0)	(23.0, 0.0)	(24.0, 0.0)	(25.0, 0.0)	(26.0, 0.0)	(27.0, 0.0)	(28.0, 0.0)	(29.0, 0.0)	(30.0, 0.0)	(31.0, 0.0)	(32.0, 0.0)	(33.0, 0.0)	(34.0, 0.0)	(35.0, 0.0)	(36.0, 0.0)	(37.0, 0.0010529622460386683)	(38.0, 0.0015794433690580023)	(39.0, 0.0010529622460386683)	(40.0, 0.0015794433690580023)	(41.0, 0.004738330107174007)	(42.0, 0.009476660214348015)	(43.0, 0.013162028075483351)	(44.0, 0.023691650535870034)	(45.0, 0.05054218780985607)	(46.0, 0.09371363989744147)	(47.0, 0.24955205231116437)	(48.0, 5.110552261148676)	(49.0, 10.653872005419245)	(50.0, 21.244039794953153)	(51.0, 20.742303284715728)	(52.0, 4.597759647327845)	(53.0, 8.023572314814652)	(54.0, 6.838463306898131)	(55.0, 3.314725150529728)	(56.0, 10.536993196108952)	(57.0, 6.439390615649476)	(58.0, 1.0498033593005522)	(59.0, 0.3327360697482191)	(60.0, 0.12214362054048553)	(61.0, 0.0726543949766681)	(62.0, 0.05212163117891407)	(63.0, 0.048962744440798074)	(64.0, 0.03580071636531472)	(65.0, 0.02790349952002471)	(66.0, 0.026324056150966703)	(67.0, 0.07739272508384211)	(68.0, 0.12319658278652419)	(69.0, 0.05106866893287541)	(70.0, 0.01526795256756069)	(71.0, 0.004211848984154673)	(72.0, 0.0015794433690580023)	(73.0, 0.0005264811230193342)	(74.0, 0.0005264811230193342)	(75.0, 0.0005264811230193342)	(76.0, 0.0015794433690580023)	(77.0, 0.0)	(78.0, 0.0)	(79.0, 0.0)	(80.0, 0.0)	(81.0, 0.0)	(82.0, 0.0)	(83.0, 0.0010529622460386683)	(84.0, 0.0005264811230193342)	(85.0, 0.0)	(86.0, 0.0)	(87.0, 0.0)	(88.0, 0.0)	(89.0, 0.0)	(90.0, 0.0)	(91.0, 0.0005264811230193342)	(92.0, 0.0005264811230193342)	(93.0, 0.0)	(94.0, 0.0)	(95.0, 0.0)	(96.0, 0.0005264811230193342)	(97.0, 0.0)	(98.0, 0.0)	(99.0, 0.0)	(100.0, 0.0007019748306924455)
1030R_L_M_NS1_week6_S23_L001_R1_001	(0.0, 0.0)	(1.0, 0.0)	(2.0, 0.0)	(3.0, 0.0)	(4.0, 0.0)	(5.0, 0.0)	(6.0, 0.0)	(7.0, 0.0)	(8.0, 0.0)	(9.0, 0.0)	(10.0, 0.0)	(11.0, 0.0)	(12.0, 0.0)	(13.0, 0.0)	(14.0, 0.0)	(15.0, 0.0)	(16.0, 0.0)	(17.0, 0.0)	(18.0, 0.0)	(19.0, 0.0)	(20.0, 0.0)	(21.0, 0.0)	(22.0, 0.0)	(23.0, 0.0)	(24.0, 0.0)	(25.0, 0.0)	(26.0, 0.0)	(27.0, 0.0)	(28.0, 0.0)	(29.0, 0.0018058147234093782)	(30.0, 0.0012038764822729186)	(31.0, 0.0012038764822729186)	(32.0, 0.0036116294468187564)	(33.0, 0.0030096912056822973)	(34.0, 0.0024077529645458373)	(35.0, 0.0036116294468187564)	(36.0, 0.0030096912056822973)	(37.0, 0.007223258893637513)	(38.0, 0.008427135375910432)	(39.0, 0.005417444170228134)	(40.0, 0.0048155059290916746)	(41.0, 0.010834888340456268)	(42.0, 0.015650394269547944)	(43.0, 0.016854270751820864)	(44.0, 0.03009691205682297)	(45.0, 0.07825197134773973)	(46.0, 0.8667910672365016)	(47.0, 14.267140191416361)	(48.0, 15.731655932101365)	(49.0, 26.833804851622222)	(50.0, 5.322337928128574)	(51.0, 1.9237946186721242)	(52.0, 0.5573948112923613)	(53.0, 6.091615000300969)	(54.0, 20.734966592427618)	(55.0, 6.212604586769397)	(56.0, 0.3768133389514236)	(57.0, 0.10774694516342623)	(58.0, 0.06019382411364594)	(59.0, 0.18900860771684824)	(60.0, 0.07102871245410221)	(61.0, 0.06320351531932823)	(62.0, 0.026485282610004216)	(63.0, 0.004213567687955216)	(64.0, 0.0018058147234093782)	(65.0, 0.0048155059290916746)	(66.0, 0.03671823270932402)	(67.0, 0.23295009931980978)	(68.0, 0.06621320652501053)	(69.0, 0.015048456028411485)	(70.0, 0.0024077529645458373)	(71.0, 0.0012038764822729186)	(72.0, 0.0006019382411364593)	(73.0, 0.0)	(74.0, 0.0)	(75.0, 0.0)	(76.0, 0.0)	(77.0, 0.0)	(78.0, 0.0)	(79.0, 0.0)	(80.0, 0.0)	(81.0, 0.0)	(82.0, 0.0)	(83.0, 0.0)	(84.0, 0.0)	(85.0, 0.0)	(86.0, 0.0)	(87.0, 0.0)	(88.0, 0.0)	(89.0, 0.0)	(90.0, 0.0)	(91.0, 0.0)	(92.0, 0.0)	(93.0, 0.0)	(94.0, 0.0)	(95.0, 0.0)	(96.0, 0.0)	(97.0, 0.0)	(98.0, 0.0)	(99.0, 0.0)	(100.0, 0.0)
1030R_L_M_NS1_week6_S23_L001_R2_001	(0.0, 0.0)	(1.0, 0.0)	(2.0, 0.0)	(3.0, 0.0)	(4.0, 0.0)	(5.0, 0.0)	(6.0, 0.0)	(7.0, 0.0)	(8.0, 0.0)	(9.0, 0.0)	(10.0, 0.0)	(11.0, 0.0)	(12.0, 0.0)	(13.0, 0.0)	(14.0, 0.0)	(15.0, 0.0)	(16.0, 0.0)	(17.0, 0.0)	(18.0, 0.0)	(19.0, 0.0)	(20.0, 0.0)	(21.0, 0.0)	(22.0, 0.0)	(23.0, 0.0)	(24.0, 0.0)	(25.0, 0.0)	(26.0, 0.0)	(27.0, 0.0)	(28.0, 0.0)	(29.0, 0.0)	(30.0, 0.0)	(31.0, 0.0005801911149532656)	(32.0, 0.0005801911149532656)	(33.0, 0.0)	(34.0, 0.0)	(35.0, 0.0)	(36.0, 0.0)	(37.0, 0.0005801911149532656)	(38.0, 0.0017405733448597968)	(39.0, 0.0040613378046728595)	(40.0, 0.0034811466897195936)	(41.0, 0.008122675609345719)	(42.0, 0.013924586758878374)	(43.0, 0.02610860017289695)	(44.0, 0.04119356916168186)	(45.0, 0.06150025818504615)	(46.0, 0.12242032525513905)	(47.0, 0.37016193134018344)	(48.0, 7.004067139715822)	(49.0, 15.099473766658738)	(50.0, 19.619162552144676)	(51.0, 17.180619295996102)	(52.0, 5.011690850966309)	(53.0, 8.863579663141039)	(54.0, 5.687613499886863)	(55.0, 2.8191486275579174)	(56.0, 9.826116722848505)	(57.0, 5.923751283672842)	(58.0, 1.151099172067279)	(59.0, 0.3463740956270996)	(60.0, 0.1346043386691576)	(61.0, 0.09573153396728883)	(62.0, 0.07020312490934513)	(63.0, 0.054537964805606964)	(64.0, 0.03307089355233614)	(65.0, 0.02610860017289695)	(66.0, 0.038872804701868796)	(67.0, 0.11429764964579334)	(68.0, 0.14736854319812948)	(69.0, 0.06150025818504615)	(70.0, 0.017985924563551234)	(71.0, 0.006962293379439187)	(72.0, 0.005221720034579391)	(73.0, 0.002900955574766328)	(74.0, 0.0011603822299065313)	(75.0, 0.0005801911149532656)	(76.0, 0.0)	(77.0, 0.0)	(78.0, 0.0)	(79.0, 0.0)	(80.0, 0.0)	(81.0, 0.0005801911149532656)	(82.0, 0.0)	(83.0, 0.0)	(84.0, 0.0005801911149532656)	(85.0, 0.0)	(86.0, 0.0)	(87.0, 0.0)	(88.0, 0.0)	(89.0, 0.0)	(90.0, 0.0)	(91.0, 0.0)	(92.0, 0.0)	(93.0, 0.0005801911149532656)	(94.0, 0.0)	(95.0, 0.0)	(96.0, 0.0)	(97.0, 0.0)	(98.0, 0.0)	(99.0, 0.0)	(100.0, 0.0)
1030R_L_M_NS1_week7_S24_L001_R1_001	(0.0, 0.0)	(1.0, 0.0)	(2.0, 0.0)	(3.0, 0.0)	(4.0, 0.0)	(5.0, 0.0)	(6.0, 0.0)	(7.0, 0.0)	(8.0, 0.0)	(9.0, 0.0)	(10.0, 0.0)	(11.0, 0.0)	(12.0, 0.0)	(13.0, 0.0)	(14.0, 0.0)	(15.0, 0.0)	(16.0, 0.0)	(17.0, 0.0)	(18.0, 0.0)	(19.0, 0.0)	(20.0, 0.0)	(21.0, 0.0)	(22.0, 0.0)	(23.0, 0.0)	(24.0, 0.0)	(25.0, 0.0)	(26.0, 0.0)	(27.0, 0.0)	(28.0, 0.0)	(29.0, 0.0)	(30.0, 0.0)	(31.0, 0.0)	(32.0, 0.0)	(33.0, 0.0)	(34.0, 0.0)	(35.0, 0.0)	(36.0, 0.0)	(37.0, 0.0007200408983230247)	(38.0, 0.0007200408983230247)	(39.0, 0.0007200408983230247)	(40.0, 0.0014400817966460494)	(41.0, 0.002880163593292099)	(42.0, 0.0036002044916151233)	(43.0, 0.0036002044916151233)	(44.0, 0.010080572576522347)	(45.0, 0.036002044916151235)	(46.0, 0.5745926368617738)	(47.0, 10.404590980767708)	(48.0, 10.392350285496216)	(49.0, 13.524528193201373)	(50.0, 2.8023991762732123)	(51.0, 1.1261439649772107)	(52.0, 0.5090689151143785)	(53.0, 4.765950706000101)	(54.0, 41.34114817721646)	(55.0, 12.877211425608975)	(56.0, 0.6437165631007842)	(57.0, 0.1864905926656634)	(58.0, 0.10008568486690045)	(59.0, 0.23401329195498305)	(60.0, 0.08496482600211692)	(61.0, 0.04320245389938148)	(62.0, 0.018001022458075618)	(63.0, 0.004320245389938148)	(64.0, 0.0014400817966460494)	(65.0, 0.002160122694969074)	(66.0, 0.03960224940776636)	(67.0, 0.19153087895392457)	(68.0, 0.05904335366248803)	(69.0, 0.011520654373168395)	(70.0, 0.0014400817966460494)	(71.0, 0.0007200408983230247)	(72.0, 0.0)	(73.0, 0.0)	(74.0, 0.0)	(75.0, 0.0)	(76.0, 0.0)	(77.0, 0.0)	(78.0, 0.0)	(79.0, 0.0)	(80.0, 0.0)	(81.0, 0.0)	(82.0, 0.0)	(83.0, 0.0)	(84.0, 0.0)	(85.0, 0.0)	(86.0, 0.0)	(87.0, 0.0)	(88.0, 0.0)	(89.0, 0.0)	(90.0, 0.0)	(91.0, 0.0)	(92.0, 0.0)	(93.0, 0.0)	(94.0, 0.0)	(95.0, 0.0)	(96.0, 0.0)	(97.0, 0.0)	(98.0, 0.0)	(99.0, 0.0)	(100.0, 0.0)
1030R_L_M_NS1_week7_S24_L001_R2_001	(0.0, 0.0)	(1.0, 0.0)	(2.0, 0.0)	(3.0, 0.0)	(4.0, 0.0)	(5.0, 0.0)	(6.0, 0.0)	(7.0, 0.0)	(8.0, 0.0)	(9.0, 0.0)	(10.0, 0.0)	(11.0, 0.0)	(12.0, 0.0)	(13.0, 0.0)	(14.0, 0.0)	(15.0, 0.0)	(16.0, 0.0)	(17.0, 0.0)	(18.0, 0.0)	(19.0, 0.0)	(20.0, 0.0)	(21.0, 0.0)	(22.0, 0.0)	(23.0, 0.0)	(24.0, 0.0)	(25.0, 0.0)	(26.0, 0.0)	(27.0, 0.0)	(28.0, 0.0)	(29.0, 0.0)	(30.0, 0.0)	(31.0, 0.0)	(32.0, 0.0)	(33.0, 0.0)	(34.0, 0.0)	(35.0, 0.0006921612735767433)	(36.0, 0.0)	(37.0, 0.0006921612735767433)	(38.0, 0.0)	(39.0, 0.0013843225471534867)	(40.0, 0.004845128915037204)	(41.0, 0.006229451462190691)	(42.0, 0.00830593528292092)	(43.0, 0.015227548018688355)	(44.0, 0.022841322028032532)	(45.0, 0.03599238622599066)	(46.0, 0.07752206264059526)	(47.0, 0.24017996193112992)	(48.0, 4.6118705658418415)	(49.0, 10.645440387610314)	(50.0, 11.413047240006922)	(51.0, 8.449212666551306)	(52.0, 2.4564803599238623)	(53.0, 4.591797888908116)	(54.0, 4.033223741131684)	(55.0, 5.481917286727808)	(56.0, 26.241218203841495)	(57.0, 16.768299013670184)	(58.0, 3.0005191209551825)	(59.0, 0.7468420141893062)	(60.0, 0.2713272192420834)	(61.0, 0.16335006056411144)	(62.0, 0.1211282228759301)	(63.0, 0.08721232047066967)	(64.0, 0.07060044990482783)	(65.0, 0.05606506315971622)	(66.0, 0.047759127876795295)	(67.0, 0.09551825575359059)	(68.0, 0.12735767433812079)	(69.0, 0.05468074061256272)	(70.0, 0.02630212839591625)	(71.0, 0.008998096556497664)	(72.0, 0.00415296764146046)	(73.0, 0.0013843225471534867)	(74.0, 0.00207648382073023)	(75.0, 0.0006921612735767433)	(76.0, 0.00207648382073023)	(77.0, 0.0013843225471534867)	(78.0, 0.0)	(79.0, 0.0006921612735767433)	(80.0, 0.0006921612735767433)	(81.0, 0.0006921612735767433)	(82.0, 0.0)	(83.0, 0.0)	(84.0, 0.0)	(85.0, 0.0)	(86.0, 0.0)	(87.0, 0.0)	(88.0, 0.0)	(89.0, 0.0)	(90.0, 0.0)	(91.0, 0.0006921612735767433)	(92.0, 0.0)	(93.0, 0.0006921612735767433)	(94.0, 0.0006921612735767433)	(95.0, 0.0)	(96.0, 0.0)	(97.0, 0.0)	(98.0, 0.0)	(99.0, 0.0)	(100.0, 0.0)
1030R_L_M_NS1_week9_S25_L001_R1_001	(0.0, 0.0)	(1.0, 0.0)	(2.0, 0.0)	(3.0, 0.0)	(4.0, 0.0)	(5.0, 0.0)	(6.0, 0.0)	(7.0, 0.0)	(8.0, 0.0)	(9.0, 0.0)	(10.0, 0.0)	(11.0, 0.0)	(12.0, 0.0)	(13.0, 0.0)	(14.0, 0.0)	(15.0, 0.0)	(16.0, 0.0)	(17.0, 0.0)	(18.0, 0.0)	(19.0, 0.0)	(20.0, 0.0)	(21.0, 0.0)	(22.0, 0.0)	(23.0, 0.0)	(24.0, 0.0)	(25.0, 0.0)	(26.0, 0.0007108381492617946)	(27.0, 0.0014216762985235893)	(28.0, 0.0)	(29.0, 0.0)	(30.0, 0.0014216762985235893)	(31.0, 0.0021325144477853837)	(32.0, 0.0)	(33.0, 0.0014216762985235893)	(34.0, 0.0007108381492617946)	(35.0, 0.0028433525970471786)	(36.0, 0.0021325144477853837)	(37.0, 0.0028433525970471786)	(38.0, 0.003554190746308973)	(39.0, 0.005686705194094357)	(40.0, 0.004975867044832562)	(41.0, 0.004975867044832562)	(42.0, 0.007108381492617946)	(43.0, 0.013505924835974096)	(44.0, 0.02203598262711563)	(45.0, 0.04407196525423126)	(46.0, 0.5160684963640628)	(47.0, 11.166556486753532)	(48.0, 13.663020066960954)	(49.0, 17.499413558526857)	(50.0, 3.578359243383874)	(51.0, 1.5439404601966178)	(52.0, 0.6269592476489028)	(53.0, 5.144335686207607)	(54.0, 32.60330255404147)	(55.0, 12.050128306285941)	(56.0, 0.6226942187533321)	(57.0, 0.1862395951065902)	(58.0, 0.07890303456805921)	(59.0, 0.1862395951065902)	(60.0, 0.08458973976215356)	(61.0, 0.07748135826953562)	(62.0, 0.033409393015304344)	(63.0, 0.003554190746308973)	(64.0, 0.0007108381492617946)	(65.0, 0.003554190746308973)	(66.0, 0.035541907463089724)	(67.0, 0.1414567917030971)	(68.0, 0.025590173373424605)	(69.0, 0.003554190746308973)	(70.0, 0.0014216762985235893)	(71.0, 0.0007108381492617946)	(72.0, 0.0007108381492617946)	(73.0, 0.0)	(74.0, 0.0)	(75.0, 0.0)	(76.0, 0.0)	(77.0, 0.0)	(78.0, 0.0)	(79.0, 0.0)	(80.0, 0.0)	(81.0, 0.0)	(82.0, 0.0)	(83.0, 0.0)	(84.0, 0.0)	(85.0, 0.0)	(86.0, 0.0)	(87.0, 0.0)	(88.0, 0.0)	(89.0, 0.0)	(90.0, 0.0)	(91.0, 0.0)	(92.0, 0.0)	(93.0, 0.0)	(94.0, 0.0)	(95.0, 0.0)	(96.0, 0.0)	(97.0, 0.0)	(98.0, 0.0)	(99.0, 0.0)	(100.0, 0.0)
1030R_L_M_NS1_week9_S25_L001_R2_001	(0.0, 0.0)	(1.0, 0.0)	(2.0, 0.0)	(3.0, 0.0)	(4.0, 0.0)	(5.0, 0.0)	(6.0, 0.0)	(7.0, 0.0)	(8.0, 0.0)	(9.0, 0.0)	(10.0, 0.0)	(11.0, 0.0)	(12.0, 0.0)	(13.0, 0.0)	(14.0, 0.0)	(15.0, 0.0)	(16.0, 0.0)	(17.0, 0.0)	(18.0, 0.0)	(19.0, 0.0)	(20.0, 0.0)	(21.0, 0.0)	(22.0, 0.0)	(23.0, 0.0)	(24.0, 0.0)	(25.0, 0.0)	(26.0, 0.0)	(27.0, 0.0)	(28.0, 0.0)	(29.0, 0.0)	(30.0, 0.0)	(31.0, 0.0)	(32.0, 0.0)	(33.0, 0.0)	(34.0, 0.0)	(35.0, 0.0)	(36.0, 0.0)	(37.0, 0.0013884549967024193)	(38.0, 0.0013884549967024193)	(39.0, 0.004859592488458468)	(40.0, 0.009024957478565725)	(41.0, 0.013190322468672983)	(42.0, 0.019438369953833873)	(43.0, 0.025686417438994757)	(44.0, 0.04373633239612621)	(45.0, 0.05553819986809678)	(46.0, 0.11177062723454476)	(47.0, 0.3498906591690097)	(48.0, 5.006768718108924)	(49.0, 12.485681557846506)	(50.0, 14.9501891769933)	(51.0, 11.106251518622653)	(52.0, 3.429483841854976)	(53.0, 6.564615224409039)	(54.0, 7.1345760005553815)	(55.0, 5.38859384220209)	(56.0, 17.947863514873823)	(57.0, 11.517234197646568)	(58.0, 2.2416605921760557)	(59.0, 0.5956471935853379)	(60.0, 0.22909507445589922)	(61.0, 0.17008573709604638)	(62.0, 0.13329167968343228)	(63.0, 0.0798361623103891)	(64.0, 0.059703564858204036)	(65.0, 0.04512478739282863)	(66.0, 0.03471137491756048)	(67.0, 0.0721996598285258)	(68.0, 0.08469575479884758)	(69.0, 0.043042104897775005)	(70.0, 0.019438369953833873)	(71.0, 0.006942274983512097)	(72.0, 0.004859592488458468)	(73.0, 0.0013884549967024193)	(74.0, 0.0006942274983512096)	(75.0, 0.0006942274983512096)	(76.0, 0.0)	(77.0, 0.0)	(78.0, 0.0013884549967024193)	(79.0, 0.0013884549967024193)	(80.0, 0.0006942274983512096)	(81.0, 0.0006942274983512096)	(82.0, 0.0013884549967024193)	(83.0, 0.0006942274983512096)	(84.0, 0.0006942274983512096)	(85.0, 0.0006942274983512096)	(86.0, 0.0006942274983512096)	(87.0, 0.0)	(88.0, 0.0)	(89.0, 0.0)	(90.0, 0.0006942274983512096)	(91.0, 0.0006942274983512096)	(92.0, 0.0)	(93.0, 0.0)	(94.0, 0.0)	(95.0, 0.0)	(96.0, 0.0)	(97.0, 0.0)	(98.0, 0.0)	(99.0, 0.0)	(100.0, 0.0)
1060R_L_M_S5_week9_S75_L001_R1_001	(0.0, 0.0)	(1.0, 0.0)	(2.0, 0.0)	(3.0, 0.0)	(4.0, 0.0)	(5.0, 0.0)	(6.0, 0.0)	(7.0, 0.0)	(8.0, 0.0)	(9.0, 0.0)	(10.0, 0.0)	(11.0, 0.0)	(12.0, 0.0)	(13.0, 0.0)	(14.0, 0.0)	(15.0, 0.0)	(16.0, 0.0)	(17.0, 0.0)	(18.0, 0.0)	(19.0, 0.0)	(20.0, 0.0)	(21.0, 0.0)	(22.0, 0.0)	(23.0, 0.0)	(24.0, 0.0)	(25.0, 0.0)	(26.0, 0.0)	(27.0, 0.0)	(28.0, 0.0)	(29.0, 0.0006812360346612895)	(30.0, 0.0)	(31.0, 0.0)	(32.0, 0.0)	(33.0, 0.0)	(34.0, 0.0)	(35.0, 0.0)	(36.0, 0.0006812360346612895)	(37.0, 0.0006812360346612895)	(38.0, 0.0006812360346612895)	(39.0, 0.0)	(40.0, 0.0020437081039838684)	(41.0, 0.001362472069322579)	(42.0, 0.004768652242629026)	(43.0, 0.007493596381274184)	(44.0, 0.018393372935854815)	(45.0, 0.08242956019401602)	(46.0, 4.913755518011881)	(47.0, 26.838656057550818)	(48.0, 2.780124257452722)	(49.0, 2.3577579159627224)	(50.0, 6.375006812360347)	(51.0, 4.282249713880866)	(52.0, 0.43054117390593494)	(53.0, 5.069758569949316)	(54.0, 33.76273911384817)	(55.0, 11.682516758406452)	(56.0, 0.5776881573927735)	(57.0, 0.12739113848166111)	(58.0, 0.06267371518883863)	(59.0, 0.22957654368085453)	(60.0, 0.15191563572946754)	(61.0, 0.0906043926099515)	(62.0, 0.022480789143822552)	(63.0, 0.006131124311951605)	(64.0, 0.003406180173306447)	(65.0, 0.001362472069322579)	(66.0, 0.016349664831870947)	(67.0, 0.07561719984740313)	(68.0, 0.019755845005177394)	(69.0, 0.002724944138645158)	(70.0, 0.0)	(71.0, 0.0)	(72.0, 0.0)	(73.0, 0.0)	(74.0, 0.0)	(75.0, 0.0)	(76.0, 0.0)	(77.0, 0.0)	(78.0, 0.0)	(79.0, 0.0)	(80.0, 0.0)	(81.0, 0.0)	(82.0, 0.0)	(83.0, 0.0)	(84.0, 0.0)	(85.0, 0.0)	(86.0, 0.0)	(87.0, 0.0)	(88.0, 0.0)	(89.0, 0.0)	(90.0, 0.0)	(91.0, 0.0)	(92.0, 0.0)	(93.0, 0.0)	(94.0, 0.0)	(95.0, 0.0)	(96.0, 0.0)	(97.0, 0.0)	(98.0, 0.0)	(99.0, 0.0)	(100.0, 0.0)
1060R_L_M_S5_week9_S75_L001_R2_001	(0.0, 0.0)	(1.0, 0.0)	(2.0, 0.0)	(3.0, 0.0)	(4.0, 0.0)	(5.0, 0.0)	(6.0, 0.0)	(7.0, 0.0)	(8.0, 0.0)	(9.0, 0.0)	(10.0, 0.0)	(11.0, 0.0)	(12.0, 0.0)	(13.0, 0.0)	(14.0, 0.0)	(15.0, 0.0)	(16.0, 0.0)	(17.0, 0.0)	(18.0, 0.0)	(19.0, 0.0)	(20.0, 0.0)	(21.0, 0.0)	(22.0, 0.0)	(23.0, 0.0)	(24.0, 0.0)	(25.0, 0.0)	(26.0, 0.0)	(27.0, 0.0)	(28.0, 0.0)	(29.0, 0.0006562239561117418)	(30.0, 0.0006562239561117418)	(31.0, 0.0)	(32.0, 0.0)	(33.0, 0.0006562239561117418)	(34.0, 0.0)	(35.0, 0.0)	(36.0, 0.0006562239561117418)	(37.0, 0.0019686718683352253)	(38.0, 0.0019686718683352253)	(39.0, 0.003281119780558709)	(40.0, 0.003281119780558709)	(41.0, 0.005906015605005676)	(42.0, 0.011812031210011353)	(43.0, 0.034123645717810576)	(44.0, 0.05118546857671586)	(45.0, 0.08662156220674992)	(46.0, 0.17061822858905287)	(47.0, 0.6470368207261774)	(48.0, 14.293213988069848)	(49.0, 20.892202090729526)	(50.0, 2.9904125680012075)	(51.0, 0.8898396844875219)	(52.0, 2.744984808415416)	(53.0, 7.751317369591894)	(54.0, 8.11880278501447)	(55.0, 5.095579019207675)	(56.0, 19.325139283534686)	(57.0, 12.468911390079205)	(58.0, 2.47527676245349)	(59.0, 0.7179090079862455)	(60.0, 0.30383169167973645)	(61.0, 0.1962109628774108)	(62.0, 0.16274354111571196)	(63.0, 0.13452591100290706)	(64.0, 0.09515247363620256)	(65.0, 0.07152841121617985)	(66.0, 0.05118546857671586)	(67.0, 0.06627861956728592)	(68.0, 0.06627861956728592)	(69.0, 0.030842525937251866)	(70.0, 0.017061822858905288)	(71.0, 0.011812031210011353)	(72.0, 0.0045935676927821925)	(73.0, 0.0006562239561117418)	(74.0, 0.0013124479122234836)	(75.0, 0.0006562239561117418)	(76.0, 0.0)	(77.0, 0.0006562239561117418)	(78.0, 0.0006562239561117418)	(79.0, 0.0)	(80.0, 0.0)	(81.0, 0.0)	(82.0, 0.0)	(83.0, 0.0)	(84.0, 0.0)	(85.0, 0.0)	(86.0, 0.0)	(87.0, 0.0)	(88.0, 0.0)	(89.0, 0.0)	(90.0, 0.0)	(91.0, 0.0)	(92.0, 0.0)	(93.0, 0.0)	(94.0, 0.0)	(95.0, 0.0)	(96.0, 0.0)	(97.0, 0.0)	(98.0, 0.0)	(99.0, 0.0)	(100.0, 0.0)
1067R_R_M_S2_week5_S56_L001_R1_001	(0.0, 0.0)	(1.0, 0.0)	(2.0, 0.0)	(3.0, 0.0)	(4.0, 0.0)	(5.0, 0.0)	(6.0, 0.0)	(7.0, 0.0)	(8.0, 0.0)	(9.0, 0.0)	(10.0, 0.0)	(11.0, 0.0)	(12.0, 0.0)	(13.0, 0.0)	(14.0, 0.0)	(15.0, 0.0)	(16.0, 0.0)	(17.0, 0.0)	(18.0, 0.0)	(19.0, 0.0)	(20.0, 0.0)	(21.0, 0.0)	(22.0, 0.0)	(23.0, 0.0)	(24.0, 0.0)	(25.0, 0.0)	(26.0, 0.0)	(27.0, 0.0)	(28.0, 0.0)	(29.0, 0.0)	(30.0, 0.0)	(31.0, 0.0)	(32.0, 0.0)	(33.0, 0.0005772472234408553)	(34.0, 0.0005772472234408553)	(35.0, 0.0)	(36.0, 0.0005772472234408553)	(37.0, 0.0011544944468817105)	(38.0, 0.0011544944468817105)	(39.0, 0.002886236117204276)	(40.0, 0.0017317416703225656)	(41.0, 0.0005772472234408553)	(42.0, 0.002886236117204276)	(43.0, 0.00981320279849454)	(44.0, 0.023667136161075065)	(45.0, 0.07850562238795632)	(46.0, 1.5100787365212773)	(47.0, 26.507192500404074)	(48.0, 7.196541134637142)	(49.0, 2.9485788173358887)	(50.0, 6.7918908310051025)	(51.0, 4.511187051190284)	(52.0, 0.5558890761735437)	(53.0, 6.390126763490267)	(54.0, 30.274885127802538)	(55.0, 11.241889676510656)	(56.0, 0.9911334826479484)	(57.0, 0.22628091158881525)	(58.0, 0.09235955575053684)	(59.0, 0.3001685561892447)	(60.0, 0.14488905308365466)	(61.0, 0.12295365859290217)	(62.0, 0.020203652820429935)	(63.0, 0.004617977787526842)	(64.0, 0.0011544944468817105)	(65.0, 0.0011544944468817105)	(66.0, 0.006926966681290263)	(67.0, 0.02886236117204276)	(68.0, 0.006926966681290263)	(69.0, 0.0)	(70.0, 0.0)	(71.0, 0.0)	(72.0, 0.0)	(73.0, 0.0)	(74.0, 0.0)	(75.0, 0.0)	(76.0, 0.0)	(77.0, 0.0)	(78.0, 0.0)	(79.0, 0.0)	(80.0, 0.0)	(81.0, 0.0)	(82.0, 0.0)	(83.0, 0.0)	(84.0, 0.0)	(85.0, 0.0)	(86.0, 0.0)	(87.0, 0.0)	(88.0, 0.0)	(89.0, 0.0)	(90.0, 0.0)	(91.0, 0.0)	(92.0, 0.0)	(93.0, 0.0)	(94.0, 0.0)	(95.0, 0.0)	(96.0, 0.0)	(97.0, 0.0)	(98.0, 0.0)	(99.0, 0.0)	(100.0, 0.0)
1067R_R_M_S2_week5_S56_L001_R2_001	(0.0, 0.0)	(1.0, 0.0)	(2.0, 0.0)	(3.0, 0.0)	(4.0, 0.0)	(5.0, 0.0)	(6.0, 0.0)	(7.0, 0.0)	(8.0, 0.0)	(9.0, 0.0)	(10.0, 0.0)	(11.0, 0.0)	(12.0, 0.0)	(13.0, 0.0)	(14.0, 0.0)	(15.0, 0.0)	(16.0, 0.0)	(17.0, 0.0)	(18.0, 0.0)	(19.0, 0.0)	(20.0, 0.0)	(21.0, 0.0)	(22.0, 0.0)	(23.0, 0.0)	(24.0, 0.0)	(25.0, 0.0)	(26.0, 0.0)	(27.0, 0.0)	(28.0, 0.0)	(29.0, 0.0)	(30.0, 0.0)	(31.0, 0.0)	(32.0, 0.0)	(33.0, 0.0)	(34.0, 0.0)	(35.0, 0.0)	(36.0, 0.0005714122453644181)	(37.0, 0.0005714122453644181)	(38.0, 0.0005714122453644181)	(39.0, 0.0034284734721865087)	(40.0, 0.0039998857175509266)	(41.0, 0.007428359189737436)	(42.0, 0.017142367360932543)	(43.0, 0.023999314305305563)	(44.0, 0.038284620439416016)	(45.0, 0.062283934744721575)	(46.0, 0.1285677552069941)	(47.0, 0.4685580411988229)	(48.0, 9.452301362818204)	(49.0, 23.232479072026514)	(50.0, 4.010171137967487)	(51.0, 1.1102539927430644)	(52.0, 4.765578126339247)	(53.0, 11.547098654324161)	(54.0, 9.78143481614811)	(55.0, 5.256992657352647)	(56.0, 17.24122167938059)	(57.0, 9.619725150709979)	(58.0, 1.8273763606754094)	(59.0, 0.5645552984200451)	(60.0, 0.23370760835404703)	(61.0, 0.15828119196594384)	(62.0, 0.13542470215136712)	(63.0, 0.09828290620267992)	(64.0, 0.06114111025399275)	(65.0, 0.03999885717550927)	(66.0, 0.029142024513585326)	(67.0, 0.025142138796034403)	(68.0, 0.026284963286763233)	(69.0, 0.013713893888746035)	(70.0, 0.0039998857175509266)	(71.0, 0.0028570612268220908)	(72.0, 0.0011428244907288362)	(73.0, 0.0005714122453644181)	(74.0, 0.0005714122453644181)	(75.0, 0.0)	(76.0, 0.0005714122453644181)	(77.0, 0.0005714122453644181)	(78.0, 0.0005714122453644181)	(79.0, 0.0)	(80.0, 0.0)	(81.0, 0.0)	(82.0, 0.0005714122453644181)	(83.0, 0.0)	(84.0, 0.0)	(85.0, 0.0005714122453644181)	(86.0, 0.0)	(87.0, 0.0)	(88.0, 0.0)	(89.0, 0.0)	(90.0, 0.0)	(91.0, 0.0005714122453644181)	(92.0, 0.0)	(93.0, 0.0)	(94.0, 0.0)	(95.0, 0.0)	(96.0, 0.0)	(97.0, 0.0005714122453644181)	(98.0, 0.0005714122453644181)	(99.0, 0.0005714122453644181)	(100.0, 0.0)
1067R_R_M_S2_week6_S57_L001_R1_001	(0.0, 0.0)	(1.0, 0.0)	(2.0, 0.0)	(3.0, 0.0)	(4.0, 0.0)	(5.0, 0.0)	(6.0, 0.0)	(7.0, 0.0)	(8.0, 0.0)	(9.0, 0.0)	(10.0, 0.0)	(11.0, 0.0)	(12.0, 0.0)	(13.0, 0.0)	(14.0, 0.0)	(15.0, 0.0)	(16.0, 0.0)	(17.0, 0.0)	(18.0, 0.0)	(19.0, 0.0)	(20.0, 0.0)	(21.0, 0.0)	(22.0, 0.0)	(23.0, 0.0)	(24.0, 0.0)	(25.0, 0.0)	(26.0, 0.0)	(27.0, 0.0)	(28.0, 0.0)	(29.0, 0.0)	(30.0, 0.0011506023403251603)	(31.0, 0.0017259035104877404)	(32.0, 0.0011506023403251603)	(33.0, 0.0028765058508129007)	(34.0, 0.0023012046806503207)	(35.0, 0.0017259035104877404)	(36.0, 0.004602409361300641)	(37.0, 0.0057530117016258014)	(38.0, 0.004602409361300641)	(39.0, 0.007478915212113541)	(40.0, 0.011506023403251603)	(41.0, 0.010930722233089022)	(42.0, 0.014382529254064502)	(43.0, 0.015533131594389663)	(44.0, 0.022436745636340624)	(45.0, 0.06788553807918446)	(46.0, 1.1379457145815834)	(47.0, 22.579995627711106)	(48.0, 6.850111033125842)	(49.0, 3.3407738951341024)	(50.0, 7.75045736443028)	(51.0, 5.543026774516459)	(52.0, 0.728906582595989)	(53.0, 9.379710278330707)	(54.0, 30.870085489753883)	(55.0, 10.14313493113645)	(56.0, 0.7628493516355812)	(57.0, 0.19330119317462693)	(58.0, 0.08284336850341154)	(59.0, 0.1386475820091818)	(60.0, 0.08802107903487476)	(61.0, 0.1271415586059302)	(62.0, 0.027039154997641264)	(63.0, 0.0057530117016258014)	(64.0, 0.0017259035104877404)	(65.0, 0.0005753011701625802)	(66.0, 0.008054216382276122)	(67.0, 0.042572286592030925)	(68.0, 0.018409637445202565)	(69.0, 0.0028765058508129007)	(70.0, 0.0)	(71.0, 0.0)	(72.0, 0.0)	(73.0, 0.0)	(74.0, 0.0)	(75.0, 0.0)	(76.0, 0.0)	(77.0, 0.0)	(78.0, 0.0)	(79.0, 0.0)	(80.0, 0.0)	(81.0, 0.0)	(82.0, 0.0)	(83.0, 0.0)	(84.0, 0.0)	(85.0, 0.0)	(86.0, 0.0)	(87.0, 0.0)	(88.0, 0.0)	(89.0, 0.0)	(90.0, 0.0)	(91.0, 0.0)	(92.0, 0.0)	(93.0, 0.0)	(94.0, 0.0)	(95.0, 0.0)	(96.0, 0.0)	(97.0, 0.0)	(98.0, 0.0)	(99.0, 0.0)	(100.0, 0.0)
1067R_R_M_S2_week6_S57_L001_R2_001	(0.0, 0.0)	(1.0, 0.0)	(2.0, 0.0)	(3.0, 0.0)	(4.0, 0.0)	(5.0, 0.0)	(6.0, 0.0)	(7.0, 0.0)	(8.0, 0.0)	(9.0, 0.0)	(10.0, 0.0)	(11.0, 0.0)	(12.0, 0.0)	(13.0, 0.0)	(14.0, 0.0)	(15.0, 0.0)	(16.0, 0.0)	(17.0, 0.0)	(18.0, 0.0)	(19.0, 0.0)	(20.0, 0.0)	(21.0, 0.0)	(22.0, 0.0)	(23.0, 0.0)	(24.0, 0.0)	(25.0, 0.0)	(26.0, 0.0)	(27.0, 0.0)	(28.0, 0.0)	(29.0, 0.0)	(30.0, 0.0)	(31.0, 0.0)	(32.0, 0.0)	(33.0, 0.0)	(34.0, 0.0)	(35.0, 0.0)	(36.0, 0.0)	(37.0, 0.0)	(38.0, 0.0005787840903829235)	(39.0, 0.002315136361531694)	(40.0, 0.0028939204519146176)	(41.0, 0.006945409084595083)	(42.0, 0.010996897717275547)	(43.0, 0.02488771588646571)	(44.0, 0.040514886326804646)	(45.0, 0.06540260221327036)	(46.0, 0.14353845441496504)	(47.0, 0.4670787609390193)	(48.0, 7.139301754873362)	(49.0, 20.71757651525675)	(50.0, 4.59901838218271)	(51.0, 1.3074732601750243)	(52.0, 6.854539982404964)	(53.0, 15.648585451683102)	(54.0, 11.641084409871741)	(55.0, 5.0863545862851325)	(56.0, 14.111913691716444)	(57.0, 8.944529332777702)	(58.0, 1.8214335324350603)	(59.0, 0.5156966245311849)	(60.0, 0.20315321572440614)	(61.0, 0.15800805667453813)	(62.0, 0.1394869657822846)	(63.0, 0.09434180673241653)	(64.0, 0.06656017039403621)	(65.0, 0.03299069315182664)	(66.0, 0.03472704542297541)	(67.0, 0.037042181784507106)	(68.0, 0.04630272723063388)	(69.0, 0.01794230680187063)	(70.0, 0.004051488632680464)	(71.0, 0.0028939204519146176)	(72.0, 0.0017363522711487708)	(73.0, 0.0005787840903829235)	(74.0, 0.0005787840903829235)	(75.0, 0.001157568180765847)	(76.0, 0.0)	(77.0, 0.0)	(78.0, 0.0)	(79.0, 0.0)	(80.0, 0.0)	(81.0, 0.0005787840903829235)	(82.0, 0.0005787840903829235)	(83.0, 0.0005787840903829235)	(84.0, 0.0)	(85.0, 0.0005787840903829235)	(86.0, 0.001157568180765847)	(87.0, 0.0005787840903829235)	(88.0, 0.0)	(89.0, 0.0)	(90.0, 0.0005787840903829235)	(91.0, 0.001157568180765847)	(92.0, 0.0)	(93.0, 0.0)	(94.0, 0.0)	(95.0, 0.0)	(96.0, 0.0)	(97.0, 0.0)	(98.0, 0.0)	(99.0, 0.0)	(100.0, 0.0)
1067R_R_M_S2_week7_S58_L001_R1_001	(0.0, 0.0)	(1.0, 0.0)	(2.0, 0.0)	(3.0, 0.0)	(4.0, 0.0)	(5.0, 0.0)	(6.0, 0.0)	(7.0, 0.0)	(8.0, 0.0)	(9.0, 0.0)	(10.0, 0.0)	(11.0, 0.0)	(12.0, 0.0)	(13.0, 0.0)	(14.0, 0.0)	(15.0, 0.0)	(16.0, 0.0)	(17.0, 0.0)	(18.0, 0.0)	(19.0, 0.0)	(20.0, 0.0)	(21.0, 0.0)	(22.0, 0.0)	(23.0, 0.0)	(24.0, 0.0)	(25.0, 0.0)	(26.0, 0.0)	(27.0, 0.0)	(28.0, 0.0)	(29.0, 0.0)	(30.0, 0.0)	(31.0, 0.0)	(32.0, 0.0)	(33.0, 0.0005728525191189529)	(34.0, 0.0)	(35.0, 0.0)	(36.0, 0.0011457050382379058)	(37.0, 0.0)	(38.0, 0.0022914100764758116)	(39.0, 0.0028642625955947643)	(40.0, 0.0017185575573568585)	(41.0, 0.0011457050382379058)	(42.0, 0.0028642625955947643)	(43.0, 0.003437115114713717)	(44.0, 0.01202990290149801)	(45.0, 0.031506888551542406)	(46.0, 0.5906109472116404)	(47.0, 11.171196975338699)	(48.0, 3.2944748374530977)	(49.0, 1.5151949130696303)	(50.0, 4.64468822501647)	(51.0, 3.516168762352132)	(52.0, 0.4811961160599204)	(53.0, 7.485463867327356)	(54.0, 49.301406352934436)	(55.0, 15.720218829662302)	(56.0, 0.8650073038696188)	(57.0, 0.2113825795548936)	(58.0, 0.10712342107524418)	(59.0, 0.49208031392318047)	(60.0, 0.2262767450519864)	(61.0, 0.15868014779594994)	(62.0, 0.039526823819207746)	(63.0, 0.006874230229427434)	(64.0, 0.0017185575573568585)	(65.0, 0.0011457050382379058)	(66.0, 0.01432131297797382)	(67.0, 0.07217941740898805)	(68.0, 0.021768395726520208)	(69.0, 0.0017185575573568585)	(70.0, 0.0)	(71.0, 0.0)	(72.0, 0.0)	(73.0, 0.0)	(74.0, 0.0)	(75.0, 0.0)	(76.0, 0.0)	(77.0, 0.0)	(78.0, 0.0)	(79.0, 0.0)	(80.0, 0.0)	(81.0, 0.0)	(82.0, 0.0)	(83.0, 0.0)	(84.0, 0.0)	(85.0, 0.0)	(86.0, 0.0)	(87.0, 0.0)	(88.0, 0.0)	(89.0, 0.0)	(90.0, 0.0)	(91.0, 0.0)	(92.0, 0.0)	(93.0, 0.0)	(94.0, 0.0)	(95.0, 0.0)	(96.0, 0.0)	(97.0, 0.0)	(98.0, 0.0)	(99.0, 0.0)	(100.0, 0.0)
1067R_R_M_S2_week7_S58_L001_R2_001	(0.0, 0.0)	(1.0, 0.0)	(2.0, 0.0)	(3.0, 0.0)	(4.0, 0.0)	(5.0, 0.0)	(6.0, 0.0)	(7.0, 0.0)	(8.0, 0.0)	(9.0, 0.0)	(10.0, 0.0)	(11.0, 0.0)	(12.0, 0.0)	(13.0, 0.0)	(14.0, 0.0)	(15.0, 0.0)	(16.0, 0.0)	(17.0, 0.0)	(18.0, 0.0)	(19.0, 0.0)	(20.0, 0.0)	(21.0, 0.0)	(22.0, 0.0)	(23.0, 0.0)	(24.0, 0.0)	(25.0, 0.0)	(26.0, 0.0)	(27.0, 0.0)	(28.0, 0.0)	(29.0, 0.0)	(30.0, 0.000566299515813914)	(31.0, 0.0)	(32.0, 0.0)	(33.0, 0.0)	(34.0, 0.0)	(35.0, 0.0)	(36.0, 0.0)	(37.0, 0.0)	(38.0, 0.0)	(39.0, 0.001132599031627828)	(40.0, 0.001698898547441742)	(41.0, 0.003397797094883484)	(42.0, 0.010759690800464366)	(43.0, 0.014723787411161763)	(44.0, 0.012458589347906108)	(45.0, 0.0283149757906957)	(46.0, 0.06682334286604186)	(47.0, 0.2180253135883569)	(48.0, 3.746071297109041)	(49.0, 10.413681796302065)	(50.0, 2.9996885352663023)	(51.0, 0.7594076507064587)	(52.0, 4.293682928901096)	(53.0, 9.441345527649574)	(54.0, 6.799558286377665)	(55.0, 6.548687600872101)	(56.0, 29.42039244556446)	(57.0, 18.967069683155422)	(58.0, 3.7721210748364813)	(59.0, 1.0646430897301582)	(60.0, 0.3856499702692754)	(61.0, 0.23671319761021603)	(62.0, 0.19990372908231163)	(63.0, 0.13534558427952542)	(64.0, 0.11042840558371322)	(65.0, 0.0690885409292975)	(66.0, 0.05946144916046097)	(67.0, 0.0605940481920888)	(68.0, 0.06852224141348359)	(69.0, 0.04247246368604355)	(70.0, 0.0203867825693009)	(71.0, 0.010759690800464366)	(72.0, 0.003397797094883484)	(73.0, 0.002265198063255656)	(74.0, 0.002265198063255656)	(75.0, 0.002265198063255656)	(76.0, 0.0)	(77.0, 0.000566299515813914)	(78.0, 0.0)	(79.0, 0.001132599031627828)	(80.0, 0.001698898547441742)	(81.0, 0.000566299515813914)	(82.0, 0.001132599031627828)	(83.0, 0.0)	(84.0, 0.0)	(85.0, 0.0)	(86.0, 0.0)	(87.0, 0.0)	(88.0, 0.0)	(89.0, 0.0)	(90.0, 0.0)	(91.0, 0.0)	(92.0, 0.0)	(93.0, 0.0)	(94.0, 0.000566299515813914)	(95.0, 0.000566299515813914)	(96.0, 0.0)	(97.0, 0.0)	(98.0, 0.0)	(99.0, 0.0)	(100.0, 0.0)
1067R_R_M_S2_week9_S59_L001_R1_001	(0.0, 0.0)	(1.0, 0.0)	(2.0, 0.0)	(3.0, 0.0)	(4.0, 0.0)	(5.0, 0.0)	(6.0, 0.0)	(7.0, 0.0)	(8.0, 0.0)	(9.0, 0.0)	(10.0, 0.0)	(11.0, 0.0)	(12.0, 0.0)	(13.0, 0.0)	(14.0, 0.0)	(15.0, 0.0)	(16.0, 0.0)	(17.0, 0.0)	(18.0, 0.0)	(19.0, 0.0)	(20.0, 0.0)	(21.0, 0.0)	(22.0, 0.0)	(23.0, 0.0)	(24.0, 0.0)	(25.0, 0.0)	(26.0, 0.0)	(27.0, 0.0)	(28.0, 0.0)	(29.0, 0.0)	(30.0, 0.0013639773579758577)	(31.0, 0.0006819886789879288)	(32.0, 0.0)	(33.0, 0.0)	(34.0, 0.0006819886789879288)	(35.0, 0.0006819886789879288)	(36.0, 0.0013639773579758577)	(37.0, 0.0013639773579758577)	(38.0, 0.0006819886789879288)	(39.0, 0.0)	(40.0, 0.0013639773579758577)	(41.0, 0.0006819886789879288)	(42.0, 0.0027279547159517153)	(43.0, 0.009547841505831003)	(44.0, 0.015003750937734435)	(45.0, 0.06342494714587738)	(46.0, 2.0616517765805087)	(47.0, 25.108777194298575)	(48.0, 6.440701084361999)	(49.0, 2.948919047943804)	(50.0, 6.996521857737162)	(51.0, 5.091045488644888)	(52.0, 0.5380890677214758)	(53.0, 8.53167837413899)	(54.0, 31.028438927913797)	(55.0, 9.613994407692832)	(56.0, 0.6922185091727477)	(57.0, 0.16026733956216327)	(58.0, 0.07501875468867217)	(59.0, 0.2455159244356544)	(60.0, 0.13844370183454954)	(61.0, 0.1323058037236582)	(62.0, 0.02386960376457751)	(63.0, 0.005455909431903431)	(64.0, 0.0020459660369637864)	(65.0, 0.0006819886789879288)	(66.0, 0.009547841505831003)	(67.0, 0.042965286776239515)	(68.0, 0.009547841505831003)	(69.0, 0.0013639773579758577)	(70.0, 0.0013639773579758577)	(71.0, 0.0)	(72.0, 0.0)	(73.0, 0.0)	(74.0, 0.0)	(75.0, 0.0)	(76.0, 0.0)	(77.0, 0.0)	(78.0, 0.0)	(79.0, 0.0)	(80.0, 0.0)	(81.0, 0.0)	(82.0, 0.0)	(83.0, 0.0)	(84.0, 0.0)	(85.0, 0.0)	(86.0, 0.0)	(87.0, 0.0)	(88.0, 0.0)	(89.0, 0.0)	(90.0, 0.0)	(91.0, 0.0)	(92.0, 0.0)	(93.0, 0.0)	(94.0, 0.0)	(95.0, 0.0)	(96.0, 0.0)	(97.0, 0.0)	(98.0, 0.0)	(99.0, 0.0)	(100.0, 0.0)
1067R_R_M_S2_week9_S59_L001_R2_001	(0.0, 0.0)	(1.0, 0.0)	(2.0, 0.0)	(3.0, 0.0)	(4.0, 0.0)	(5.0, 0.0)	(6.0, 0.0)	(7.0, 0.0)	(8.0, 0.0)	(9.0, 0.0)	(10.0, 0.0)	(11.0, 0.0)	(12.0, 0.0)	(13.0, 0.0)	(14.0, 0.0)	(15.0, 0.0)	(16.0, 0.0)	(17.0, 0.0)	(18.0, 0.0)	(19.0, 0.0)	(20.0, 0.0)	(21.0, 0.0)	(22.0, 0.0)	(23.0, 0.0)	(24.0, 0.0)	(25.0, 0.0)	(26.0, 0.0)	(27.0, 0.0006758903165194352)	(28.0, 0.0)	(29.0, 0.0)	(30.0, 0.0)	(31.0, 0.0)	(32.0, 0.0)	(33.0, 0.0)	(34.0, 0.0)	(35.0, 0.0)	(36.0, 0.0)	(37.0, 0.0013517806330388704)	(38.0, 0.0027035612660777407)	(39.0, 0.0020276709495583058)	(40.0, 0.0027035612660777407)	(41.0, 0.008110683798233223)	(42.0, 0.010138354747791529)	(43.0, 0.02568383202773854)	(44.0, 0.03244273519293289)	(45.0, 0.07029259291802127)	(46.0, 0.12774326982217327)	(47.0, 0.5941075882205836)	(48.0, 12.436381823957609)	(49.0, 20.6085716409941)	(50.0, 3.301724196197441)	(51.0, 0.923942062682068)	(52.0, 5.538921143876772)	(53.0, 13.594857826471921)	(54.0, 10.777746987218913)	(55.0, 5.0029401228768595)	(56.0, 14.781721222280048)	(57.0, 9.019756273951863)	(58.0, 1.764073726115726)	(59.0, 0.5285462275181984)	(60.0, 0.20817421748798604)	(61.0, 0.1439646374186397)	(62.0, 0.14599230836819801)	(63.0, 0.09327286367968206)	(64.0, 0.0635336897528269)	(65.0, 0.04258108994072442)	(66.0, 0.029063283610335715)	(67.0, 0.028387393293816277)	(68.0, 0.04528465120680216)	(69.0, 0.02703561266077741)	(70.0, 0.006083012848674917)	(71.0, 0.0047312322156360465)	(72.0, 0.0)	(73.0, 0.0013517806330388704)	(74.0, 0.0013517806330388704)	(75.0, 0.0013517806330388704)	(76.0, 0.0006758903165194352)	(77.0, 0.0)	(78.0, 0.0)	(79.0, 0.0)	(80.0, 0.0)	(81.0, 0.0)	(82.0, 0.0)	(83.0, 0.0)	(84.0, 0.0)	(85.0, 0.0)	(86.0, 0.0)	(87.0, 0.0)	(88.0, 0.0)	(89.0, 0.0)	(90.0, 0.0)	(91.0, 0.0)	(92.0, 0.0)	(93.0, 0.0)	(94.0, 0.0)	(95.0, 0.0)	(96.0, 0.0)	(97.0, 0.0)	(98.0, 0.0)	(99.0, 0.0)	(100.0, 0.0)
1075R_L_M_NS6_week9_S84_L001_R1_001	(0.0, 0.0)	(1.0, 0.0)	(2.0, 0.0)	(3.0, 0.0)	(4.0, 0.0)	(5.0, 0.0)	(6.0, 0.0)	(7.0, 0.0)	(8.0, 0.0)	(9.0, 0.0)	(10.0, 0.0)	(11.0, 0.0)	(12.0, 0.0)	(13.0, 0.0)	(14.0, 0.0)	(15.0, 0.0)	(16.0, 0.0)	(17.0, 0.0)	(18.0, 0.0)	(19.0, 0.0)	(20.0, 0.0)	(21.0, 0.0)	(22.0, 0.0)	(23.0, 0.0)	(24.0, 0.0)	(25.0, 0.0)	(26.0, 0.0)	(27.0, 0.0)	(28.0, 0.0)	(29.0, 0.000676009112602838)	(30.0, 0.000676009112602838)	(31.0, 0.000676009112602838)	(32.0, 0.000676009112602838)	(33.0, 0.001352018225205676)	(34.0, 0.0020280273378085138)	(35.0, 0.001352018225205676)	(36.0, 0.0020280273378085138)	(37.0, 0.002704036450411352)	(38.0, 0.0033800455630141894)	(39.0, 0.005408072900822704)	(40.0, 0.002704036450411352)	(41.0, 0.006084082013425541)	(42.0, 0.00946412757643973)	(43.0, 0.013520182252056758)	(44.0, 0.037180501193156086)	(45.0, 0.1392578771961846)	(46.0, 8.636692422613857)	(47.0, 17.132774949806322)	(48.0, 21.408532587019273)	(49.0, 23.485232580935193)	(50.0, 4.249393281821439)	(51.0, 1.508852339329534)	(52.0, 0.42318170448937653)	(53.0, 5.296531397243235)	(54.0, 11.372501301317541)	(55.0, 5.495278076348469)	(56.0, 0.4441379869800645)	(57.0, 0.0804450843997377)	(58.0, 0.027716373616716354)	(59.0, 0.0446166014317873)	(60.0, 0.02636435539151068)	(61.0, 0.03380045563014189)	(62.0, 0.006760091126028379)	(63.0, 0.0020280273378085138)	(64.0, 0.0)	(65.0, 0.002704036450411352)	(66.0, 0.014196191364659595)	(67.0, 0.062192838359461086)	(68.0, 0.013520182252056758)	(69.0, 0.0033800455630141894)	(70.0, 0.0)	(71.0, 0.0)	(72.0, 0.0)	(73.0, 0.0)	(74.0, 0.0)	(75.0, 0.0)	(76.0, 0.0)	(77.0, 0.0)	(78.0, 0.0)	(79.0, 0.0)	(80.0, 0.0)	(81.0, 0.0)	(82.0, 0.0)	(83.0, 0.0)	(84.0, 0.0)	(85.0, 0.0)	(86.0, 0.0)	(87.0, 0.0)	(88.0, 0.0)	(89.0, 0.0)	(90.0, 0.0)	(91.0, 0.0)	(92.0, 0.0)	(93.0, 0.0)	(94.0, 0.0)	(95.0, 0.0)	(96.0, 0.0)	(97.0, 0.0)	(98.0, 0.0)	(99.0, 0.0)	(100.0, 0.0)
1075R_L_M_NS6_week9_S84_L001_R2_001	(0.0, 0.0)	(1.0, 0.0)	(2.0, 0.0)	(3.0, 0.0)	(4.0, 0.0)	(5.0, 0.0)	(6.0, 0.0)	(7.0, 0.0)	(8.0, 0.0)	(9.0, 0.0)	(10.0, 0.0)	(11.0, 0.0)	(12.0, 0.0)	(13.0, 0.0)	(14.0, 0.0)	(15.0, 0.0)	(16.0, 0.0)	(17.0, 0.0)	(18.0, 0.0)	(19.0, 0.0)	(20.0, 0.0)	(21.0, 0.0)	(22.0, 0.0)	(23.0, 0.0)	(24.0, 0.0)	(25.0, 0.0)	(26.0, 0.0)	(27.0, 0.0)	(28.0, 0.0)	(29.0, 0.0)	(30.0, 0.0006778711231420683)	(31.0, 0.0006778711231420683)	(32.0, 0.0)	(33.0, 0.0)	(34.0, 0.0)	(35.0, 0.0)	(36.0, 0.0)	(37.0, 0.0006778711231420683)	(38.0, 0.0006778711231420683)	(39.0, 0.002711484492568273)	(40.0, 0.006100840108278615)	(41.0, 0.00813445347770482)	(42.0, 0.014913164709125503)	(43.0, 0.02304761818683032)	(44.0, 0.0277927160488248)	(45.0, 0.04948459198937099)	(46.0, 0.12540615778128264)	(47.0, 0.4812884974308685)	(48.0, 8.658447855893638)	(49.0, 28.45160678051889)	(50.0, 25.270357599613163)	(51.0, 8.539820409343776)	(52.0, 4.475305154983935)	(53.0, 6.450621607819921)	(54.0, 5.606672059508046)	(55.0, 2.9744984883473955)	(56.0, 4.937613260966826)	(57.0, 2.9121343450183255)	(58.0, 0.49281230652428365)	(59.0, 0.138963580244124)	(60.0, 0.06371988557535442)	(61.0, 0.04202800963480823)	(62.0, 0.04880672086622892)	(63.0, 0.03660504064967168)	(64.0, 0.01965826257111998)	(65.0, 0.01152380909341516)	(66.0, 0.010845937970273093)	(67.0, 0.03863865401909789)	(68.0, 0.05016246311251306)	(69.0, 0.017624649201693775)	(70.0, 0.004745097861994478)	(71.0, 0.002711484492568273)	(72.0, 0.0)	(73.0, 0.0006778711231420683)	(74.0, 0.0)	(75.0, 0.0)	(76.0, 0.0)	(77.0, 0.0)	(78.0, 0.0)	(79.0, 0.0)	(80.0, 0.0)	(81.0, 0.0)	(82.0, 0.0)	(83.0, 0.0)	(84.0, 0.0)	(85.0, 0.0)	(86.0, 0.0)	(87.0, 0.0)	(88.0, 0.0)	(89.0, 0.0)	(90.0, 0.0)	(91.0, 0.0)	(92.0, 0.0)	(93.0, 0.0)	(94.0, 0.0)	(95.0, 0.0)	(96.0, 0.0)	(97.0, 0.0)	(98.0, 0.0)	(99.0, 0.0)	(100.0, 0.0018076563283788486)
1076R_0_M_S5_week9_S76_L001_R1_001	(0.0, 0.0)	(1.0, 0.0)	(2.0, 0.0)	(3.0, 0.0)	(4.0, 0.0)	(5.0, 0.0)	(6.0, 0.0)	(7.0, 0.0)	(8.0, 0.0)	(9.0, 0.0)	(10.0, 0.0)	(11.0, 0.0)	(12.0, 0.0)	(13.0, 0.0)	(14.0, 0.0)	(15.0, 0.0)	(16.0, 0.0)	(17.0, 0.0)	(18.0, 0.0)	(19.0, 0.0)	(20.0, 0.0)	(21.0, 0.0)	(22.0, 0.0)	(23.0, 0.0)	(24.0, 0.0)	(25.0, 0.0)	(26.0, 0.0)	(27.0, 0.0)	(28.0, 0.0)	(29.0, 0.0007970096199061122)	(30.0, 0.0015940192398122245)	(31.0, 0.0)	(32.0, 0.0)	(33.0, 0.0)	(34.0, 0.0007970096199061122)	(35.0, 0.0007970096199061122)	(36.0, 0.0)	(37.0, 0.0007970096199061122)	(38.0, 0.0015940192398122245)	(39.0, 0.003188038479624449)	(40.0, 0.005579067339342786)	(41.0, 0.004782057719436674)	(42.0, 0.005579067339342786)	(43.0, 0.00717308657915501)	(44.0, 0.01753421163793447)	(45.0, 0.07332488503136232)	(46.0, 4.014537455467088)	(47.0, 18.752839346770916)	(48.0, 1.9534705783898814)	(49.0, 2.5862962165953345)	(50.0, 7.41298647474675)	(51.0, 4.96935498011461)	(52.0, 0.5730499167124947)	(53.0, 5.263451529859966)	(54.0, 34.842072543815604)	(55.0, 17.095856346986107)	(56.0, 1.277606420709498)	(57.0, 0.24229092445145814)	(58.0, 0.0844830197100479)	(59.0, 0.2988786074647921)	(60.0, 0.2151925973746503)	(61.0, 0.10600227944751292)	(62.0, 0.023113278977277257)	(63.0, 0.003188038479624449)	(64.0, 0.003188038479624449)	(65.0, 0.002391028859718337)	(66.0, 0.02709832707680782)	(67.0, 0.10281424096788849)	(68.0, 0.021519259737465032)	(69.0, 0.004782057719436674)	(70.0, 0.0)	(71.0, 0.0)	(72.0, 0.0)	(73.0, 0.0)	(74.0, 0.0)	(75.0, 0.0)	(76.0, 0.0)	(77.0, 0.0)	(78.0, 0.0)	(79.0, 0.0)	(80.0, 0.0)	(81.0, 0.0)	(82.0, 0.0)	(83.0, 0.0)	(84.0, 0.0)	(85.0, 0.0)	(86.0, 0.0)	(87.0, 0.0)	(88.0, 0.0)	(89.0, 0.0)	(90.0, 0.0)	(91.0, 0.0)	(92.0, 0.0)	(93.0, 0.0)	(94.0, 0.0)	(95.0, 0.0)	(96.0, 0.0)	(97.0, 0.0)	(98.0, 0.0)	(99.0, 0.0)	(100.0, 0.0)
1076R_0_M_S5_week9_S76_L001_R2_001	(0.0, 0.0)	(1.0, 0.0)	(2.0, 0.0)	(3.0, 0.0)	(4.0, 0.0)	(5.0, 0.0)	(6.0, 0.0)	(7.0, 0.0)	(8.0, 0.0)	(9.0, 0.0)	(10.0, 0.0)	(11.0, 0.0)	(12.0, 0.0)	(13.0, 0.0)	(14.0, 0.0)	(15.0, 0.0)	(16.0, 0.0)	(17.0, 0.0)	(18.0, 0.0)	(19.0, 0.0)	(20.0, 0.0)	(21.0, 0.0)	(22.0, 0.0)	(23.0, 0.0)	(24.0, 0.0)	(25.0, 0.0)	(26.0, 0.0)	(27.0, 0.0)	(28.0, 0.0)	(29.0, 0.0)	(30.0, 0.0)	(31.0, 0.0)	(32.0, 0.0)	(33.0, 0.0)	(34.0, 0.0)	(35.0, 0.0007850341097320679)	(36.0, 0.0)	(37.0, 0.0)	(38.0, 0.0031401364389282717)	(39.0, 0.004710204658392407)	(40.0, 0.007065306987588611)	(41.0, 0.009420409316784815)	(42.0, 0.01805578452383756)	(43.0, 0.027476193840622377)	(44.0, 0.03611156904767512)	(45.0, 0.05652245590070889)	(46.0, 0.13188573043498739)	(47.0, 0.4600299883029918)	(48.0, 10.354599907365975)	(49.0, 15.262633161410863)	(50.0, 2.7782357143417884)	(51.0, 0.8698177935831312)	(52.0, 2.139217949019885)	(53.0, 8.479153419216065)	(54.0, 13.503371721501301)	(55.0, 8.106262217093333)	(56.0, 20.41638209180189)	(57.0, 12.83530769411931)	(58.0, 2.4108397509871806)	(59.0, 0.7842490756223357)	(60.0, 0.33442453074586087)	(61.0, 0.20960410729846213)	(62.0, 0.16721226537293044)	(63.0, 0.13581090098364776)	(64.0, 0.08713878618025954)	(65.0, 0.062017694668833355)	(66.0, 0.05416735357151268)	(67.0, 0.07536327453427852)	(68.0, 0.08164354741213506)	(69.0, 0.046317012474192)	(70.0, 0.014130613975177222)	(71.0, 0.009420409316784815)	(72.0, 0.01099047753624895)	(73.0, 0.00785034109732068)	(74.0, 0.0031401364389282717)	(75.0, 0.0)	(76.0, 0.0007850341097320679)	(77.0, 0.0007850341097320679)	(78.0, 0.0007850341097320679)	(79.0, 0.0015700682194641359)	(80.0, 0.0)	(81.0, 0.0007850341097320679)	(82.0, 0.0)	(83.0, 0.0)	(84.0, 0.0)	(85.0, 0.0)	(86.0, 0.0)	(87.0, 0.0)	(88.0, 0.0)	(89.0, 0.0007850341097320679)	(90.0, 0.0)	(91.0, 0.0)	(92.0, 0.0)	(93.0, 0.0)	(94.0, 0.0)	(95.0, 0.0)	(96.0, 0.0)	(97.0, 0.0)	(98.0, 0.0)	(99.0, 0.0)	(100.0, 0.0)
1121R_0_M_NS1_week5_S26_L001_R1_001	(0.0, 0.0)	(1.0, 0.0)	(2.0, 0.0)	(3.0, 0.0)	(4.0, 0.0)	(5.0, 0.0)	(6.0, 0.0)	(7.0, 0.0)	(8.0, 0.0)	(9.0, 0.0)	(10.0, 0.0)	(11.0, 0.0)	(12.0, 0.0)	(13.0, 0.0)	(14.0, 0.0)	(15.0, 0.0)	(16.0, 0.0)	(17.0, 0.0)	(18.0, 0.0)	(19.0, 0.0)	(20.0, 0.0)	(21.0, 0.0)	(22.0, 0.0)	(23.0, 0.0)	(24.0, 0.0)	(25.0, 0.0)	(26.0, 0.0007743114435488243)	(27.0, 0.0)	(28.0, 0.0)	(29.0, 0.0)	(30.0, 0.0)	(31.0, 0.0007743114435488243)	(32.0, 0.0007743114435488243)	(33.0, 0.0)	(34.0, 0.0)	(35.0, 0.0007743114435488243)	(36.0, 0.0007743114435488243)	(37.0, 0.0)	(38.0, 0.0)	(39.0, 0.0007743114435488243)	(40.0, 0.0015486228870976485)	(41.0, 0.005420180104841769)	(42.0, 0.0038715572177441208)	(43.0, 0.005420180104841769)	(44.0, 0.0077431144354882415)	(45.0, 0.02013209753226943)	(46.0, 0.17886594345977838)	(47.0, 3.166933804114691)	(48.0, 7.664134668246262)	(49.0, 22.43799701115783)	(50.0, 2.8742440784532355)	(51.0, 0.982601221863458)	(52.0, 0.5497611249196651)	(53.0, 4.5111384701154496)	(54.0, 39.96685947021611)	(55.0, 15.85092956088798)	(56.0, 0.7100435937342717)	(57.0, 0.19977235243559666)	(58.0, 0.09369168466940772)	(59.0, 0.38328416455666803)	(60.0, 0.1471191742742766)	(61.0, 0.07433389858068712)	(62.0, 0.020906408975818254)	(63.0, 0.004645868661292945)	(64.0, 0.0015486228870976485)	(65.0, 0.0015486228870976485)	(66.0, 0.01858347464517178)	(67.0, 0.08517425879037067)	(68.0, 0.02400365475001355)	(69.0, 0.003097245774195297)	(70.0, 0.0)	(71.0, 0.0)	(72.0, 0.0)	(73.0, 0.0)	(74.0, 0.0)	(75.0, 0.0)	(76.0, 0.0)	(77.0, 0.0)	(78.0, 0.0)	(79.0, 0.0)	(80.0, 0.0)	(81.0, 0.0)	(82.0, 0.0)	(83.0, 0.0)	(84.0, 0.0)	(85.0, 0.0)	(86.0, 0.0)	(87.0, 0.0)	(88.0, 0.0)	(89.0, 0.0)	(90.0, 0.0)	(91.0, 0.0)	(92.0, 0.0)	(93.0, 0.0)	(94.0, 0.0)	(95.0, 0.0)	(96.0, 0.0)	(97.0, 0.0)	(98.0, 0.0)	(99.0, 0.0)	(100.0, 0.0)
1121R_0_M_NS1_week5_S26_L001_R2_001	(0.0, 0.0)	(1.0, 0.0)	(2.0, 0.0)	(3.0, 0.0)	(4.0, 0.0)	(5.0, 0.0)	(6.0, 0.0)	(7.0, 0.0)	(8.0, 0.0)	(9.0, 0.0)	(10.0, 0.0)	(11.0, 0.0)	(12.0, 0.0)	(13.0, 0.0)	(14.0, 0.0)	(15.0, 0.0)	(16.0, 0.0)	(17.0, 0.0)	(18.0, 0.0)	(19.0, 0.0)	(20.0, 0.0)	(21.0, 0.0)	(22.0, 0.0)	(23.0, 0.0)	(24.0, 0.0)	(25.0, 0.0)	(26.0, 0.0)	(27.0, 0.0)	(28.0, 0.0)	(29.0, 0.0)	(30.0, 0.0)	(31.0, 0.0)	(32.0, 0.0)	(33.0, 0.0)	(34.0, 0.0)	(35.0, 0.0)	(36.0, 0.0)	(37.0, 0.0007467757955029161)	(38.0, 0.0007467757955029161)	(39.0, 0.0)	(40.0, 0.0022403273865087485)	(41.0, 0.008214533750532077)	(42.0, 0.008214533750532077)	(43.0, 0.008961309546034994)	(44.0, 0.008961309546034994)	(45.0, 0.036592013979642894)	(46.0, 0.05824851204922746)	(47.0, 0.14412772853206282)	(48.0, 1.5002725731653586)	(49.0, 4.079636170832432)	(50.0, 14.1611094101218)	(51.0, 15.14461313279914)	(52.0, 2.7190106714261177)	(53.0, 4.4597450507434155)	(54.0, 5.380519606598511)	(55.0, 6.010798378002972)	(56.0, 25.08643929832946)	(57.0, 16.33572052662629)	(58.0, 2.996811267353203)	(59.0, 0.7983033253926174)	(60.0, 0.30767162774720147)	(61.0, 0.18221329410271153)	(62.0, 0.14487450432756574)	(63.0, 0.09857440500638494)	(64.0, 0.0649694942087537)	(65.0, 0.04928720250319247)	(66.0, 0.03360491079763123)	(67.0, 0.04032589295715747)	(68.0, 0.06720982159526245)	(69.0, 0.03061780761561956)	(70.0, 0.013441964319052492)	(71.0, 0.0022403273865087485)	(72.0, 0.005227430568520413)	(73.0, 0.0014935515910058322)	(74.0, 0.0014935515910058322)	(75.0, 0.0)	(76.0, 0.0)	(77.0, 0.0)	(78.0, 0.0)	(79.0, 0.0007467757955029161)	(80.0, 0.0007467757955029161)	(81.0, 0.0)	(82.0, 0.0007467757955029161)	(83.0, 0.0)	(84.0, 0.0007467757955029161)	(85.0, 0.0014935515910058322)	(86.0, 0.0007467757955029161)	(87.0, 0.0)	(88.0, 0.0)	(89.0, 0.0007467757955029161)	(90.0, 0.0007467757955029161)	(91.0, 0.0)	(92.0, 0.0)	(93.0, 0.0)	(94.0, 0.0)	(95.0, 0.0)	(96.0, 0.0)	(97.0, 0.0)	(98.0, 0.0)	(99.0, 0.0)	(100.0, 0.0)
1121R_0_M_NS1_week6_S27_L001_R1_001	(0.0, 0.0)	(1.0, 0.0)	(2.0, 0.0)	(3.0, 0.0)	(4.0, 0.0)	(5.0, 0.0)	(6.0, 0.0)	(7.0, 0.0)	(8.0, 0.0)	(9.0, 0.0)	(10.0, 0.0)	(11.0, 0.0)	(12.0, 0.0)	(13.0, 0.0)	(14.0, 0.0)	(15.0, 0.0)	(16.0, 0.0)	(17.0, 0.0)	(18.0, 0.0)	(19.0, 0.0)	(20.0, 0.0)	(21.0, 0.0)	(22.0, 0.0)	(23.0, 0.0)	(24.0, 0.0)	(25.0, 0.0)	(26.0, 0.0)	(27.0, 0.0)	(28.0, 0.0)	(29.0, 0.0)	(30.0, 0.0)	(31.0, 0.0007672006383109311)	(32.0, 0.0)	(33.0, 0.0)	(34.0, 0.0)	(35.0, 0.0)	(36.0, 0.0)	(37.0, 0.0)	(38.0, 0.0)	(39.0, 0.0)	(40.0, 0.0015344012766218623)	(41.0, 0.0030688025532437245)	(42.0, 0.0030688025532437245)	(43.0, 0.003836003191554655)	(44.0, 0.009206407659731172)	(45.0, 0.016878414042840482)	(46.0, 0.2938378444730866)	(47.0, 6.894832136500338)	(48.0, 10.06183637144786)	(49.0, 19.64570674522801)	(50.0, 3.319677161971399)	(51.0, 1.3096114895967594)	(52.0, 0.5677284723500889)	(53.0, 5.539955809243233)	(54.0, 38.4613023998036)	(55.0, 12.648069723194011)	(56.0, 0.5262996378812987)	(57.0, 0.1534401276621862)	(58.0, 0.07595286319278217)	(59.0, 0.14039771681090038)	(60.0, 0.066746455533051)	(61.0, 0.062143251703185416)	(62.0, 0.01534401276621862)	(63.0, 0.002301601914932793)	(64.0, 0.0007672006383109311)	(65.0, 0.0007672006383109311)	(66.0, 0.02071441723439514)	(67.0, 0.11508009574663966)	(68.0, 0.03298962744737004)	(69.0, 0.005370404468176518)	(70.0, 0.0007672006383109311)	(71.0, 0.0)	(72.0, 0.0)	(73.0, 0.0)	(74.0, 0.0)	(75.0, 0.0)	(76.0, 0.0)	(77.0, 0.0)	(78.0, 0.0)	(79.0, 0.0)	(80.0, 0.0)	(81.0, 0.0)	(82.0, 0.0)	(83.0, 0.0)	(84.0, 0.0)	(85.0, 0.0)	(86.0, 0.0)	(87.0, 0.0)	(88.0, 0.0)	(89.0, 0.0)	(90.0, 0.0)	(91.0, 0.0)	(92.0, 0.0)	(93.0, 0.0)	(94.0, 0.0)	(95.0, 0.0)	(96.0, 0.0)	(97.0, 0.0)	(98.0, 0.0)	(99.0, 0.0)	(100.0, 0.0)
1121R_0_M_NS1_week6_S27_L001_R2_001	(0.0, 0.0)	(1.0, 0.0)	(2.0, 0.0)	(3.0, 0.0)	(4.0, 0.0)	(5.0, 0.0)	(6.0, 0.0)	(7.0, 0.0)	(8.0, 0.0)	(9.0, 0.0)	(10.0, 0.0)	(11.0, 0.0)	(12.0, 0.0)	(13.0, 0.0)	(14.0, 0.0)	(15.0, 0.0)	(16.0, 0.0)	(17.0, 0.0)	(18.0, 0.0)	(19.0, 0.0)	(20.0, 0.0)	(21.0, 0.0)	(22.0, 0.0)	(23.0, 0.0)	(24.0, 0.0)	(25.0, 0.0)	(26.0, 0.0)	(27.0, 0.0)	(28.0, 0.0)	(29.0, 0.0)	(30.0, 0.0)	(31.0, 0.0)	(32.0, 0.0)	(33.0, 0.0007384906236307153)	(34.0, 0.0)	(35.0, 0.0)	(36.0, 0.0007384906236307153)	(37.0, 0.0007384906236307153)	(38.0, 0.0007384906236307153)	(39.0, 0.0007384906236307153)	(40.0, 0.005169434365415007)	(41.0, 0.006646415612676437)	(42.0, 0.008861887483568583)	(43.0, 0.016246793719875738)	(44.0, 0.020677737461660028)	(45.0, 0.025847171827075036)	(46.0, 0.06129472176134937)	(47.0, 0.19053058089672453)	(48.0, 3.3150844094782803)	(49.0, 8.098288178734423)	(50.0, 13.848914664946804)	(51.0, 12.534401354884132)	(52.0, 3.2744674251785915)	(53.0, 5.919740839023813)	(54.0, 4.928686422111393)	(55.0, 5.410182308718619)	(56.0, 23.432307487802596)	(57.0, 14.705563788358432)	(58.0, 2.5389307640423993)	(59.0, 0.648394767547768)	(60.0, 0.2459173776690282)	(61.0, 0.15212906846792734)	(62.0, 0.12480491539359087)	(63.0, 0.09526529044836227)	(64.0, 0.06129472176134937)	(65.0, 0.05317132490141149)	(66.0, 0.042832456170581484)	(67.0, 0.06941811862128723)	(68.0, 0.08640340296479368)	(69.0, 0.05095585303051935)	(70.0, 0.010338868730830014)	(71.0, 0.002953962494522861)	(72.0, 0.002215471870892146)	(73.0, 0.0007384906236307153)	(74.0, 0.0014769812472614306)	(75.0, 0.0007384906236307153)	(76.0, 0.0007384906236307153)	(77.0, 0.0007384906236307153)	(78.0, 0.0)	(79.0, 0.0007384906236307153)	(80.0, 0.0007384906236307153)	(81.0, 0.0)	(82.0, 0.0)	(83.0, 0.0)	(84.0, 0.0)	(85.0, 0.0)	(86.0, 0.0)	(87.0, 0.0)	(88.0, 0.0)	(89.0, 0.0)	(90.0, 0.0)	(91.0, 0.0)	(92.0, 0.0)	(93.0, 0.0)	(94.0, 0.0)	(95.0, 0.0)	(96.0, 0.0)	(97.0, 0.0007384906236307153)	(98.0, 0.0)	(99.0, 0.0007384906236307153)	(100.0, 0.0009846541648409536)
1121R_0_M_NS1_week7_S28_L001_R1_001	(0.0, 0.0)	(1.0, 0.0)	(2.0, 0.0)	(3.0, 0.0)	(4.0, 0.0)	(5.0, 0.0)	(6.0, 0.0)	(7.0, 0.0)	(8.0, 0.0)	(9.0, 0.0)	(10.0, 0.0)	(11.0, 0.0)	(12.0, 0.0)	(13.0, 0.0)	(14.0, 0.0)	(15.0, 0.0)	(16.0, 0.0)	(17.0, 0.0)	(18.0, 0.0)	(19.0, 0.0)	(20.0, 0.0)	(21.0, 0.0)	(22.0, 0.0)	(23.0, 0.0)	(24.0, 0.0)	(25.0, 0.0)	(26.0, 0.0)	(27.0, 0.0)	(28.0, 0.0)	(29.0, 0.0)	(30.0, 0.0)	(31.0, 0.0)	(32.0, 0.0)	(33.0, 0.0026177553620355663)	(34.0, 0.0)	(35.0, 0.0008725851206785221)	(36.0, 0.0008725851206785221)	(37.0, 0.0017451702413570443)	(38.0, 0.0034903404827140885)	(39.0, 0.0017451702413570443)	(40.0, 0.0008725851206785221)	(41.0, 0.0034903404827140885)	(42.0, 0.0052355107240711326)	(43.0, 0.0034903404827140885)	(44.0, 0.017451702413570445)	(45.0, 0.04537442627528315)	(46.0, 0.5418753599413623)	(47.0, 14.450882183557006)	(48.0, 13.277255196244395)	(49.0, 12.817402837646814)	(50.0, 4.085443535016841)	(51.0, 1.8743128392174655)	(52.0, 0.5802691052512172)	(53.0, 6.994642327359034)	(54.0, 33.52733809183086)	(55.0, 10.369801574143557)	(56.0, 0.49650093366607917)	(57.0, 0.136995863946528)	(58.0, 0.0663164691715677)	(59.0, 0.14484913003263467)	(60.0, 0.06980680965428178)	(61.0, 0.078532660861067)	(62.0, 0.023559798258320098)	(63.0, 0.0052355107240711326)	(64.0, 0.0052355107240711326)	(65.0, 0.0052355107240711326)	(66.0, 0.060208373326818033)	(67.0, 0.23559798258320097)	(68.0, 0.057590617964782466)	(69.0, 0.0052355107240711326)	(70.0, 0.0026177553620355663)	(71.0, 0.0)	(72.0, 0.0)	(73.0, 0.0)	(74.0, 0.0)	(75.0, 0.0)	(76.0, 0.0)	(77.0, 0.0)	(78.0, 0.0)	(79.0, 0.0)	(80.0, 0.0)	(81.0, 0.0)	(82.0, 0.0)	(83.0, 0.0)	(84.0, 0.0)	(85.0, 0.0)	(86.0, 0.0)	(87.0, 0.0)	(88.0, 0.0)	(89.0, 0.0)	(90.0, 0.0)	(91.0, 0.0)	(92.0, 0.0)	(93.0, 0.0)	(94.0, 0.0)	(95.0, 0.0)	(96.0, 0.0)	(97.0, 0.0)	(98.0, 0.0)	(99.0, 0.0)	(100.0, 0.0)
1121R_0_M_NS1_week7_S28_L001_R2_001	(0.0, 0.0)	(1.0, 0.0)	(2.0, 0.0)	(3.0, 0.0)	(4.0, 0.0)	(5.0, 0.0)	(6.0, 0.0)	(7.0, 0.0)	(8.0, 0.0)	(9.0, 0.0)	(10.0, 0.0)	(11.0, 0.0)	(12.0, 0.0)	(13.0, 0.0)	(14.0, 0.0)	(15.0, 0.0)	(16.0, 0.0)	(17.0, 0.0)	(18.0, 0.0)	(19.0, 0.0)	(20.0, 0.0)	(21.0, 0.0)	(22.0, 0.0)	(23.0, 0.0)	(24.0, 0.0)	(25.0, 0.0)	(26.0, 0.0)	(27.0, 0.0)	(28.0, 0.0)	(29.0, 0.0)	(30.0, 0.0)	(31.0, 0.0008479750356149516)	(32.0, 0.0008479750356149516)	(33.0, 0.0)	(34.0, 0.0008479750356149516)	(35.0, 0.0)	(36.0, 0.0008479750356149516)	(37.0, 0.0016959500712299032)	(38.0, 0.0008479750356149516)	(39.0, 0.0025439251068448544)	(40.0, 0.005087850213689709)	(41.0, 0.00593582524930466)	(42.0, 0.008479750356149516)	(43.0, 0.022047350925988737)	(44.0, 0.028831151210908353)	(45.0, 0.05003052710128214)	(46.0, 0.08734142866834001)	(47.0, 0.35360558985143475)	(48.0, 6.425954819890102)	(49.0, 14.482565633267757)	(50.0, 12.15911403568279)	(51.0, 7.502035140085477)	(52.0, 3.8760938877959434)	(53.0, 8.522149107930263)	(54.0, 7.184044501729869)	(55.0, 5.241333695136015)	(56.0, 18.73346448680551)	(57.0, 11.523132758971576)	(58.0, 2.063123261651177)	(59.0, 0.541008072722339)	(60.0, 0.24845668543518076)	(61.0, 0.15433145648192118)	(62.0, 0.12889220541347263)	(63.0, 0.08988535377518486)	(64.0, 0.06020622752866155)	(65.0, 0.04070280170951767)	(66.0, 0.049182552065667184)	(67.0, 0.11956448002170816)	(68.0, 0.15857133165999593)	(69.0, 0.07886167831219049)	(70.0, 0.020351400854758835)	(71.0, 0.007631775320534564)	(72.0, 0.004239875178074758)	(73.0, 0.0025439251068448544)	(74.0, 0.0016959500712299032)	(75.0, 0.0016959500712299032)	(76.0, 0.0033919001424598063)	(77.0, 0.0008479750356149516)	(78.0, 0.0016959500712299032)	(79.0, 0.0008479750356149516)	(80.0, 0.0008479750356149516)	(81.0, 0.0)	(82.0, 0.0008479750356149516)	(83.0, 0.0)	(84.0, 0.0)	(85.0, 0.0)	(86.0, 0.0)	(87.0, 0.0)	(88.0, 0.0)	(89.0, 0.0)	(90.0, 0.0008479750356149516)	(91.0, 0.0)	(92.0, 0.0)	(93.0, 0.0)	(94.0, 0.0)	(95.0, 0.0)	(96.0, 0.0)	(97.0, 0.0)	(98.0, 0.0)	(99.0, 0.0)	(100.0, 0.0)
1121R_0_M_NS1_week9_S29_L001_R1_001	(0.0, 0.0)	(1.0, 0.0)	(2.0, 0.0)	(3.0, 0.0)	(4.0, 0.0)	(5.0, 0.0)	(6.0, 0.0)	(7.0, 0.0)	(8.0, 0.0)	(9.0, 0.0)	(10.0, 0.0)	(11.0, 0.0)	(12.0, 0.0)	(13.0, 0.0)	(14.0, 0.0)	(15.0, 0.0)	(16.0, 0.0)	(17.0, 0.0)	(18.0, 0.0)	(19.0, 0.0)	(20.0, 0.0)	(21.0, 0.0)	(22.0, 0.0)	(23.0, 0.0)	(24.0, 0.0)	(25.0, 0.0)	(26.0, 0.0)	(27.0, 0.0)	(28.0, 0.0007714620749243968)	(29.0, 0.0015429241498487935)	(30.0, 0.0007714620749243968)	(31.0, 0.0023143862247731904)	(32.0, 0.0)	(33.0, 0.0015429241498487935)	(34.0, 0.0)	(35.0, 0.0015429241498487935)	(36.0, 0.0023143862247731904)	(37.0, 0.0023143862247731904)	(38.0, 0.0007714620749243968)	(39.0, 0.006171696599395174)	(40.0, 0.008486082824168363)	(41.0, 0.00694315867431957)	(42.0, 0.005400234524470777)	(43.0, 0.01388631734863914)	(44.0, 0.018515089798185523)	(45.0, 0.04783064864531259)	(46.0, 0.5346232179226069)	(47.0, 13.175800777633773)	(48.0, 14.576775905696476)	(49.0, 19.45164475714374)	(50.0, 4.32867370240079)	(51.0, 1.9417700425847066)	(52.0, 0.6549713016108129)	(53.0, 4.9543294451644755)	(54.0, 28.013330864654694)	(55.0, 10.687835586002592)	(56.0, 0.5623958526198852)	(57.0, 0.1612355736591989)	(58.0, 0.05785965561932975)	(59.0, 0.15660680120965254)	(60.0, 0.07483182126766648)	(61.0, 0.05631673146948096)	(62.0, 0.021600938097883108)	(63.0, 0.006171696599395174)	(64.0, 0.003085848299697587)	(65.0, 0.005400234524470777)	(66.0, 0.057088193544405356)	(67.0, 0.29624143677096837)	(68.0, 0.07791766956736407)	(69.0, 0.01928655187310992)	(70.0, 0.0023143862247731904)	(71.0, 0.0007714620749243968)	(72.0, 0.0)	(73.0, 0.0)	(74.0, 0.0)	(75.0, 0.0)	(76.0, 0.0)	(77.0, 0.0)	(78.0, 0.0)	(79.0, 0.0)	(80.0, 0.0)	(81.0, 0.0)	(82.0, 0.0)	(83.0, 0.0)	(84.0, 0.0)	(85.0, 0.0)	(86.0, 0.0)	(87.0, 0.0)	(88.0, 0.0)	(89.0, 0.0)	(90.0, 0.0)	(91.0, 0.0)	(92.0, 0.0)	(93.0, 0.0)	(94.0, 0.0)	(95.0, 0.0)	(96.0, 0.0)	(97.0, 0.0)	(98.0, 0.0)	(99.0, 0.0)	(100.0, 0.0)
1121R_0_M_NS1_week9_S29_L001_R2_001	(0.0, 0.0)	(1.0, 0.0)	(2.0, 0.0)	(3.0, 0.0)	(4.0, 0.0)	(5.0, 0.0)	(6.0, 0.0)	(7.0, 0.0)	(8.0, 0.0)	(9.0, 0.0)	(10.0, 0.0)	(11.0, 0.0)	(12.0, 0.0)	(13.0, 0.0)	(14.0, 0.0)	(15.0, 0.0)	(16.0, 0.0)	(17.0, 0.0)	(18.0, 0.0)	(19.0, 0.0)	(20.0, 0.0)	(21.0, 0.0)	(22.0, 0.0)	(23.0, 0.0)	(24.0, 0.0)	(25.0, 0.0)	(26.0, 0.0)	(27.0, 0.0)	(28.0, 0.0)	(29.0, 0.0)	(30.0, 0.0007520154012754181)	(31.0, 0.0)	(32.0, 0.0)	(33.0, 0.0)	(34.0, 0.0)	(35.0, 0.0)	(36.0, 0.0)	(37.0, 0.0007520154012754181)	(38.0, 0.0015040308025508363)	(39.0, 0.0015040308025508363)	(40.0, 0.003760077006377091)	(41.0, 0.006768138611478763)	(42.0, 0.007520154012754182)	(43.0, 0.0165443388280592)	(44.0, 0.0330886776561184)	(45.0, 0.06166526290458428)	(46.0, 0.12182649500661774)	(47.0, 0.35194320779689564)	(48.0, 6.277824569847191)	(49.0, 14.443959812296955)	(50.0, 16.287149560823007)	(51.0, 12.053302851642401)	(52.0, 3.6863794970520996)	(53.0, 7.365238840091445)	(54.0, 7.174226928167489)	(55.0, 4.589549993983876)	(56.0, 15.108741427024425)	(57.0, 9.107658524846588)	(58.0, 1.7108350379015762)	(59.0, 0.4797858260137167)	(60.0, 0.19778005053543496)	(61.0, 0.13160269522319817)	(62.0, 0.10603417157983394)	(63.0, 0.06016123210203345)	(64.0, 0.05564913969438094)	(65.0, 0.047376970280351344)	(66.0, 0.04812898568162676)	(67.0, 0.13987486463722779)	(68.0, 0.17747563470099867)	(69.0, 0.0872337865479485)	(70.0, 0.022560462038262546)	(71.0, 0.014288292624232944)	(72.0, 0.003760077006377091)	(73.0, 0.004512092407652509)	(74.0, 0.003760077006377091)	(75.0, 0.0022560462038262543)	(76.0, 0.0)	(77.0, 0.0007520154012754181)	(78.0, 0.0007520154012754181)	(79.0, 0.0007520154012754181)	(80.0, 0.0)	(81.0, 0.0)	(82.0, 0.0007520154012754181)	(83.0, 0.0)	(84.0, 0.0)	(85.0, 0.0)	(86.0, 0.0)	(87.0, 0.0007520154012754181)	(88.0, 0.0)	(89.0, 0.0)	(90.0, 0.0)	(91.0, 0.0007520154012754181)	(92.0, 0.0007520154012754181)	(93.0, 0.0)	(94.0, 0.0)	(95.0, 0.0)	(96.0, 0.0)	(97.0, 0.0)	(98.0, 0.0)	(99.0, 0.0)	(100.0, 0.0)
1136R_0_F_S5_week9_S69_L001_R1_001	(0.0, 0.0)	(1.0, 0.0)	(2.0, 0.0)	(3.0, 0.0)	(4.0, 0.0)	(5.0, 0.0)	(6.0, 0.0)	(7.0, 0.0)	(8.0, 0.0)	(9.0, 0.0)	(10.0, 0.0)	(11.0, 0.0)	(12.0, 0.0)	(13.0, 0.0)	(14.0, 0.0)	(15.0, 0.0)	(16.0, 0.0)	(17.0, 0.0)	(18.0, 0.0)	(19.0, 0.0)	(20.0, 0.0)	(21.0, 0.0)	(22.0, 0.0)	(23.0, 0.0)	(24.0, 0.0009771159445779837)	(25.0, 0.0004885579722889919)	(26.0, 0.0009771159445779837)	(27.0, 0.0014656739168669754)	(28.0, 0.0014656739168669754)	(29.0, 0.0009771159445779837)	(30.0, 0.0029313478337339507)	(31.0, 0.0019542318891559675)	(32.0, 0.0014656739168669754)	(33.0, 0.0029313478337339507)	(34.0, 0.004885579722889918)	(35.0, 0.006839811612045885)	(36.0, 0.004885579722889918)	(37.0, 0.005374137695178909)	(38.0, 0.009282601473490843)	(39.0, 0.007328369584334877)	(40.0, 0.008794043501201852)	(41.0, 0.012702507279513787)	(42.0, 0.015145297140958745)	(43.0, 0.021007992808426648)	(44.0, 0.0415274276445643)	(45.0, 0.11432256551562407)	(46.0, 5.07367454222118)	(47.0, 26.858963084559612)	(48.0, 3.337828066678392)	(49.0, 5.531941920228254)	(50.0, 14.195540442828946)	(51.0, 9.649997068652166)	(52.0, 0.6883781829551895)	(53.0, 3.3627445232651305)	(54.0, 19.090402767192355)	(55.0, 10.754138086025288)	(56.0, 0.6429422915323132)	(57.0, 0.1494987395204315)	(58.0, 0.05569560884094507)	(59.0, 0.08452052920599559)	(60.0, 0.07572648570479373)	(61.0, 0.06888667409274785)	(62.0, 0.015145297140958745)	(63.0, 0.004397021750600926)	(64.0, 0.0009771159445779837)	(65.0, 0.002442789861444959)	(66.0, 0.010748275390357819)	(67.0, 0.05813839870239002)	(68.0, 0.013191065251802778)	(69.0, 0.003908463778311935)	(70.0, 0.0004885579722889919)	(71.0, 0.0009771159445779837)	(72.0, 0.0004885579722889919)	(73.0, 0.0004885579722889919)	(74.0, 0.0)	(75.0, 0.0)	(76.0, 0.0)	(77.0, 0.0)	(78.0, 0.0)	(79.0, 0.0)	(80.0, 0.0)	(81.0, 0.0)	(82.0, 0.0)	(83.0, 0.0)	(84.0, 0.0)	(85.0, 0.0)	(86.0, 0.0)	(87.0, 0.0)	(88.0, 0.0)	(89.0, 0.0)	(90.0, 0.0)	(91.0, 0.0)	(92.0, 0.0)	(93.0, 0.0)	(94.0, 0.0)	(95.0, 0.0)	(96.0, 0.0)	(97.0, 0.0)	(98.0, 0.0)	(99.0, 0.0)	(100.0, 0.0)
1136R_0_F_S5_week9_S69_L001_R2_001	(0.0, 0.0)	(1.0, 0.0)	(2.0, 0.0)	(3.0, 0.0)	(4.0, 0.0)	(5.0, 0.0)	(6.0, 0.0)	(7.0, 0.0)	(8.0, 0.0)	(9.0, 0.0)	(10.0, 0.0)	(11.0, 0.0)	(12.0, 0.0)	(13.0, 0.0)	(14.0, 0.0)	(15.0, 0.0)	(16.0, 0.0)	(17.0, 0.0)	(18.0, 0.0)	(19.0, 0.0)	(20.0, 0.0)	(21.0, 0.0)	(22.0, 0.0)	(23.0, 0.0)	(24.0, 0.0)	(25.0, 0.0)	(26.0, 0.0)	(27.0, 0.0)	(28.0, 0.0)	(29.0, 0.0)	(30.0, 0.0)	(31.0, 0.0)	(32.0, 0.0)	(33.0, 0.0)	(34.0, 0.0)	(35.0, 0.0004822174286237836)	(36.0, 0.0)	(37.0, 0.0004822174286237836)	(38.0, 0.0028933045717427015)	(39.0, 0.003375522000366485)	(40.0, 0.004822174286237836)	(41.0, 0.008679913715228105)	(42.0, 0.019288697144951343)	(43.0, 0.023146436573941612)	(44.0, 0.03182635028916971)	(45.0, 0.06558157029283457)	(46.0, 0.14514744601575885)	(47.0, 0.5887874803496398)	(48.0, 14.916431719619498)	(49.0, 22.51666061215895)	(50.0, 3.0982469789078095)	(51.0, 0.9475572472457348)	(52.0, 2.7168129928663967)	(53.0, 14.4703805981425)	(54.0, 19.88857562615933)	(55.0, 5.44471698659114)	(56.0, 8.25508016061055)	(57.0, 4.978412733111941)	(58.0, 0.9408062032450019)	(59.0, 0.3086191543192215)	(60.0, 0.14755853315887776)	(61.0, 0.10608783429723238)	(62.0, 0.08487026743778592)	(63.0, 0.06317048314971564)	(64.0, 0.03375522000366485)	(65.0, 0.02700417600293188)	(66.0, 0.029897480574674583)	(67.0, 0.03664852457540755)	(68.0, 0.05063283000549727)	(69.0, 0.02121756685944648)	(70.0, 0.005786609143485403)	(71.0, 0.004822174286237836)	(72.0, 0.0028933045717427015)	(73.0, 0.0014466522858713508)	(74.0, 0.0014466522858713508)	(75.0, 0.0009644348572475672)	(76.0, 0.0004822174286237836)	(77.0, 0.0004822174286237836)	(78.0, 0.0)	(79.0, 0.0009644348572475672)	(80.0, 0.0)	(81.0, 0.0004822174286237836)	(82.0, 0.0004822174286237836)	(83.0, 0.0009644348572475672)	(84.0, 0.0)	(85.0, 0.0)	(86.0, 0.0)	(87.0, 0.0)	(88.0, 0.0)	(89.0, 0.0)	(90.0, 0.0)	(91.0, 0.0)	(92.0, 0.0)	(93.0, 0.0004822174286237836)	(94.0, 0.0)	(95.0, 0.0)	(96.0, 0.0)	(97.0, 0.0)	(98.0, 0.0)	(99.0, 0.0)	(100.0, 0.0006429565714983781)
1151R_R_M_NS1_week5_S30_L001_R1_001	(0.0, 0.0)	(1.0, 0.0)	(2.0, 0.0)	(3.0, 0.0)	(4.0, 0.0)	(5.0, 0.0)	(6.0, 0.0)	(7.0, 0.0)	(8.0, 0.0)	(9.0, 0.0)	(10.0, 0.0)	(11.0, 0.0)	(12.0, 0.0)	(13.0, 0.0)	(14.0, 0.0)	(15.0, 0.0)	(16.0, 0.0)	(17.0, 0.0)	(18.0, 0.0)	(19.0, 0.0)	(20.0, 0.0)	(21.0, 0.0)	(22.0, 0.0)	(23.0, 0.0)	(24.0, 0.0)	(25.0, 0.0)	(26.0, 0.0)	(27.0, 0.0)	(28.0, 0.0007123826349608902)	(29.0, 0.0007123826349608902)	(30.0, 0.0014247652699217804)	(31.0, 0.0014247652699217804)	(32.0, 0.0021371479048826704)	(33.0, 0.0007123826349608902)	(34.0, 0.0021371479048826704)	(35.0, 0.0028495305398435608)	(36.0, 0.0035619131748044507)	(37.0, 0.0035619131748044507)	(38.0, 0.0028495305398435608)	(39.0, 0.004986678444726231)	(40.0, 0.0056990610796871215)	(41.0, 0.009260974254491572)	(42.0, 0.009973356889452462)	(43.0, 0.014960035334178693)	(44.0, 0.021371479048826705)	(45.0, 0.06411443714648012)	(46.0, 0.47943351332867906)	(47.0, 11.011298388590479)	(48.0, 14.302506162109793)	(49.0, 32.265234302648636)	(50.0, 5.372789832875034)	(51.0, 2.038126718623107)	(52.0, 0.5271631498710587)	(53.0, 4.796472281191674)	(54.0, 19.203698690640717)	(55.0, 8.663285223759386)	(56.0, 0.49011925285309244)	(57.0, 0.129653639562882)	(58.0, 0.05841537606679299)	(59.0, 0.15102511861170873)	(60.0, 0.06055252397167566)	(61.0, 0.024933392223631157)	(62.0, 0.0071238263496089015)	(63.0, 0.0014247652699217804)	(64.0, 0.0007123826349608902)	(65.0, 0.0056990610796871215)	(66.0, 0.03348198384316184)	(67.0, 0.1674099192158092)	(68.0, 0.04772963654237964)	(69.0, 0.007836208984569791)	(70.0, 0.0014247652699217804)	(71.0, 0.0)	(72.0, 0.0)	(73.0, 0.0)	(74.0, 0.0)	(75.0, 0.0)	(76.0, 0.0)	(77.0, 0.0)	(78.0, 0.0)	(79.0, 0.0)	(80.0, 0.0)	(81.0, 0.0)	(82.0, 0.0)	(83.0, 0.0)	(84.0, 0.0)	(85.0, 0.0)	(86.0, 0.0)	(87.0, 0.0)	(88.0, 0.0)	(89.0, 0.0)	(90.0, 0.0)	(91.0, 0.0)	(92.0, 0.0)	(93.0, 0.0)	(94.0, 0.0)	(95.0, 0.0)	(96.0, 0.0)	(97.0, 0.0)	(98.0, 0.0)	(99.0, 0.0)	(100.0, 0.0)
1151R_R_M_NS1_week5_S30_L001_R2_001	(0.0, 0.0)	(1.0, 0.0)	(2.0, 0.0)	(3.0, 0.0)	(4.0, 0.0)	(5.0, 0.0)	(6.0, 0.0)	(7.0, 0.0)	(8.0, 0.0)	(9.0, 0.0)	(10.0, 0.0)	(11.0, 0.0)	(12.0, 0.0)	(13.0, 0.0)	(14.0, 0.0)	(15.0, 0.0)	(16.0, 0.0)	(17.0, 0.0)	(18.0, 0.0)	(19.0, 0.0)	(20.0, 0.0)	(21.0, 0.0)	(22.0, 0.0)	(23.0, 0.0)	(24.0, 0.0)	(25.0, 0.0)	(26.0, 0.0)	(27.0, 0.0)	(28.0, 0.0)	(29.0, 0.0)	(30.0, 0.0)	(31.0, 0.0)	(32.0, 0.0)	(33.0, 0.0)	(34.0, 0.0)	(35.0, 0.0006891513789919093)	(36.0, 0.0)	(37.0, 0.0)	(38.0, 0.003445756894959547)	(39.0, 0.004134908273951456)	(40.0, 0.003445756894959547)	(41.0, 0.007580665168911003)	(42.0, 0.011715573442862458)	(43.0, 0.012404724821854368)	(44.0, 0.03101181205463592)	(45.0, 0.07511750031011812)	(46.0, 0.10888591788072169)	(47.0, 0.26739073504886085)	(48.0, 5.478064311606688)	(49.0, 11.328270367869006)	(50.0, 21.55114192383499)	(51.0, 21.367827657023142)	(52.0, 4.713106280925668)	(53.0, 8.216751891720534)	(54.0, 7.726076109878297)	(55.0, 3.169407191983791)	(56.0, 8.596474301545078)	(57.0, 5.313357132027622)	(58.0, 1.0137416784970987)	(59.0, 0.31011812054635923)	(60.0, 0.15230245475721196)	(61.0, 0.0813198627210453)	(62.0, 0.06202362410927184)	(63.0, 0.04479483963447411)	(64.0, 0.03239011481261974)	(65.0, 0.017917935853789643)	(66.0, 0.027566055159676375)	(67.0, 0.07718495444709385)	(68.0, 0.11095337201769741)	(69.0, 0.04548399101346602)	(70.0, 0.02136369274874919)	(71.0, 0.006891513789919094)	(72.0, 0.002756605515967637)	(73.0, 0.0)	(74.0, 0.0006891513789919093)	(75.0, 0.0006891513789919093)	(76.0, 0.0)	(77.0, 0.0)	(78.0, 0.0013783027579838186)	(79.0, 0.0)	(80.0, 0.0)	(81.0, 0.0)	(82.0, 0.0006891513789919093)	(83.0, 0.0006891513789919093)	(84.0, 0.0006891513789919093)	(85.0, 0.0)	(86.0, 0.0)	(87.0, 0.0)	(88.0, 0.0)	(89.0, 0.0)	(90.0, 0.0006891513789919093)	(91.0, 0.0)	(92.0, 0.0)	(93.0, 0.0)	(94.0, 0.0006891513789919093)	(95.0, 0.0006891513789919093)	(96.0, 0.0)	(97.0, 0.0)	(98.0, 0.0)	(99.0, 0.0)	(100.0, 0.0)
1151R_R_M_NS1_week6_S31_L001_R1_001	(0.0, 0.0)	(1.0, 0.0)	(2.0, 0.0)	(3.0, 0.0)	(4.0, 0.0)	(5.0, 0.0)	(6.0, 0.0)	(7.0, 0.0)	(8.0, 0.0)	(9.0, 0.0)	(10.0, 0.0)	(11.0, 0.0)	(12.0, 0.0)	(13.0, 0.0)	(14.0, 0.0)	(15.0, 0.0)	(16.0, 0.0)	(17.0, 0.0)	(18.0, 0.0)	(19.0, 0.0)	(20.0, 0.0)	(21.0, 0.0)	(22.0, 0.0)	(23.0, 0.0)	(24.0, 0.0)	(25.0, 0.0)	(26.0, 0.0006649024588092927)	(27.0, 0.0006649024588092927)	(28.0, 0.0)	(29.0, 0.0013298049176185855)	(30.0, 0.001994707376427878)	(31.0, 0.001994707376427878)	(32.0, 0.001994707376427878)	(33.0, 0.0013298049176185855)	(34.0, 0.0033245122940464638)	(35.0, 0.0033245122940464638)	(36.0, 0.004654317211665048)	(37.0, 0.005984122129283634)	(38.0, 0.004654317211665048)	(39.0, 0.005984122129283634)	(40.0, 0.0073139270469022195)	(41.0, 0.00997353688213939)	(42.0, 0.011303341799757977)	(43.0, 0.01529275655261373)	(44.0, 0.025931195893562412)	(45.0, 0.055186904081171294)	(46.0, 0.4541283793667469)	(47.0, 11.190308381760396)	(48.0, 13.99686166039442)	(49.0, 23.21905876407931)	(50.0, 4.877724437824972)	(51.0, 2.0538836952619053)	(52.0, 0.6170294817750236)	(53.0, 4.832511070625939)	(54.0, 26.24303514674397)	(55.0, 11.028072181810929)	(56.0, 0.5904333834226518)	(57.0, 0.1629011024082767)	(58.0, 0.058511416375217756)	(59.0, 0.14029441880876076)	(60.0, 0.04986768441069695)	(61.0, 0.05718161145759917)	(62.0, 0.021276878681897368)	(63.0, 0.005319219670474342)	(64.0, 0.0033245122940464638)	(65.0, 0.003989414752855756)	(66.0, 0.03258022048165534)	(67.0, 0.14694344339685367)	(68.0, 0.041223952446176146)	(69.0, 0.008643731964520805)	(70.0, 0.001994707376427878)	(71.0, 0.0)	(72.0, 0.0)	(73.0, 0.0)	(74.0, 0.0)	(75.0, 0.0)	(76.0, 0.0)	(77.0, 0.0)	(78.0, 0.0)	(79.0, 0.0)	(80.0, 0.0)	(81.0, 0.0)	(82.0, 0.0)	(83.0, 0.0)	(84.0, 0.0)	(85.0, 0.0)	(86.0, 0.0)	(87.0, 0.0)	(88.0, 0.0)	(89.0, 0.0)	(90.0, 0.0)	(91.0, 0.0)	(92.0, 0.0)	(93.0, 0.0)	(94.0, 0.0)	(95.0, 0.0)	(96.0, 0.0)	(97.0, 0.0)	(98.0, 0.0)	(99.0, 0.0)	(100.0, 0.0)
1151R_R_M_NS1_week6_S31_L001_R2_001	(0.0, 0.0)	(1.0, 0.0)	(2.0, 0.0)	(3.0, 0.0)	(4.0, 0.0)	(5.0, 0.0)	(6.0, 0.0)	(7.0, 0.0)	(8.0, 0.0)	(9.0, 0.0)	(10.0, 0.0)	(11.0, 0.0)	(12.0, 0.0)	(13.0, 0.0)	(14.0, 0.0)	(15.0, 0.0)	(16.0, 0.0)	(17.0, 0.0)	(18.0, 0.0)	(19.0, 0.0)	(20.0, 0.0)	(21.0, 0.0)	(22.0, 0.0)	(23.0, 0.0)	(24.0, 0.0)	(25.0, 0.0)	(26.0, 0.0)	(27.0, 0.0)	(28.0, 0.0)	(29.0, 0.0)	(30.0, 0.0)	(31.0, 0.0)	(32.0, 0.0)	(33.0, 0.0006440186765416197)	(34.0, 0.0006440186765416197)	(35.0, 0.0006440186765416197)	(36.0, 0.0012880373530832394)	(37.0, 0.0006440186765416197)	(38.0, 0.0019320560296248591)	(39.0, 0.0045081307357913375)	(40.0, 0.006440186765416197)	(41.0, 0.005152149412332958)	(42.0, 0.009016261471582675)	(43.0, 0.02576074706166479)	(44.0, 0.040573176622122044)	(45.0, 0.06440186765416198)	(46.0, 0.1107712123651586)	(47.0, 0.32651746900660117)	(48.0, 5.489615198840767)	(49.0, 12.590565126388665)	(50.0, 16.817259700531313)	(51.0, 14.538721622927063)	(52.0, 3.6026404765738205)	(53.0, 7.475768797295121)	(54.0, 8.837868298180647)	(55.0, 4.758654000966028)	(56.0, 13.718241829013042)	(57.0, 8.755433907583319)	(58.0, 1.5965222991466754)	(59.0, 0.42247625181130255)	(60.0, 0.1603606504588633)	(61.0, 0.11012719368861698)	(62.0, 0.0978908388343262)	(63.0, 0.06118177427145387)	(64.0, 0.04765738206407986)	(65.0, 0.0392851392690388)	(66.0, 0.030912896473997746)	(67.0, 0.07019803574303655)	(68.0, 0.09273868942199323)	(69.0, 0.048301400740621475)	(70.0, 0.01996457897279021)	(71.0, 0.008372242795041056)	(72.0, 0.0019320560296248591)	(73.0, 0.0006440186765416197)	(74.0, 0.0012880373530832394)	(75.0, 0.0)	(76.0, 0.0)	(77.0, 0.0)	(78.0, 0.0)	(79.0, 0.0012880373530832394)	(80.0, 0.0012880373530832394)	(81.0, 0.0006440186765416197)	(82.0, 0.0006440186765416197)	(83.0, 0.0006440186765416197)	(84.0, 0.0)	(85.0, 0.0)	(86.0, 0.0006440186765416197)	(87.0, 0.0)	(88.0, 0.0)	(89.0, 0.0)	(90.0, 0.0)	(91.0, 0.0)	(92.0, 0.0)	(93.0, 0.0006440186765416197)	(94.0, 0.0006440186765416197)	(95.0, 0.0)	(96.0, 0.0)	(97.0, 0.0)	(98.0, 0.0)	(99.0, 0.0)	(100.0, 0.0)
1151R_R_M_NS1_week7_S32_L001_R1_001	(0.0, 0.0)	(1.0, 0.0)	(2.0, 0.0)	(3.0, 0.0)	(4.0, 0.0)	(5.0, 0.0)	(6.0, 0.0)	(7.0, 0.0)	(8.0, 0.0)	(9.0, 0.0)	(10.0, 0.0)	(11.0, 0.0)	(12.0, 0.0)	(13.0, 0.0)	(14.0, 0.0)	(15.0, 0.0)	(16.0, 0.0)	(17.0, 0.0)	(18.0, 0.0)	(19.0, 0.0)	(20.0, 0.0)	(21.0, 0.0)	(22.0, 0.0)	(23.0, 0.0)	(24.0, 0.0)	(25.0, 0.0)	(26.0, 0.0)	(27.0, 0.0)	(28.0, 0.0)	(29.0, 0.0)	(30.0, 0.0006631035900428365)	(31.0, 0.0006631035900428365)	(32.0, 0.0006631035900428365)	(33.0, 0.0)	(34.0, 0.0)	(35.0, 0.001326207180085673)	(36.0, 0.0006631035900428365)	(37.0, 0.0)	(38.0, 0.00198931077012851)	(39.0, 0.0)	(40.0, 0.001326207180085673)	(41.0, 0.00397862154025702)	(42.0, 0.004641725130299855)	(43.0, 0.006631035900428365)	(44.0, 0.015251382570985239)	(45.0, 0.03448138668222749)	(46.0, 0.6359163428510801)	(47.0, 14.019999204275694)	(48.0, 15.167168415049801)	(49.0, 18.73864435102052)	(50.0, 4.0522260387517735)	(51.0, 1.6398551781759345)	(52.0, 0.43963768019840055)	(53.0, 4.125167433656486)	(54.0, 28.994204474623025)	(55.0, 10.736973329973608)	(56.0, 0.5782263305173534)	(57.0, 0.174396244181266)	(58.0, 0.07360449849475485)	(59.0, 0.1942893518825511)	(60.0, 0.07095208413458351)	(61.0, 0.042438629762741535)	(62.0, 0.019893107701285093)	(63.0, 0.004641725130299855)	(64.0, 0.0)	(65.0, 0.001326207180085673)	(66.0, 0.031165868732013314)	(67.0, 0.14190416826916702)	(68.0, 0.03580759386231317)	(69.0, 0.006631035900428365)	(70.0, 0.00198931077012851)	(71.0, 0.0)	(72.0, 0.0)	(73.0, 0.0006631035900428365)	(74.0, 0.0)	(75.0, 0.0)	(76.0, 0.0)	(77.0, 0.0)	(78.0, 0.0)	(79.0, 0.0)	(80.0, 0.0)	(81.0, 0.0)	(82.0, 0.0)	(83.0, 0.0)	(84.0, 0.0)	(85.0, 0.0)	(86.0, 0.0)	(87.0, 0.0)	(88.0, 0.0)	(89.0, 0.0)	(90.0, 0.0)	(91.0, 0.0)	(92.0, 0.0)	(93.0, 0.0)	(94.0, 0.0)	(95.0, 0.0)	(96.0, 0.0)	(97.0, 0.0)	(98.0, 0.0)	(99.0, 0.0)	(100.0, 0.0)
1151R_R_M_NS1_week7_S32_L001_R2_001	(0.0, 0.0)	(1.0, 0.0)	(2.0, 0.0)	(3.0, 0.0)	(4.0, 0.0)	(5.0, 0.0)	(6.0, 0.0)	(7.0, 0.0)	(8.0, 0.0)	(9.0, 0.0)	(10.0, 0.0)	(11.0, 0.0)	(12.0, 0.0)	(13.0, 0.0)	(14.0, 0.0)	(15.0, 0.0)	(16.0, 0.0)	(17.0, 0.0)	(18.0, 0.0)	(19.0, 0.0)	(20.0, 0.0)	(21.0, 0.0)	(22.0, 0.0)	(23.0, 0.0)	(24.0, 0.0)	(25.0, 0.0)	(26.0, 0.0)	(27.0, 0.0)	(28.0, 0.0)	(29.0, 0.0)	(30.0, 0.0)	(31.0, 0.0006457820743811794)	(32.0, 0.0)	(33.0, 0.0)	(34.0, 0.0012915641487623588)	(35.0, 0.001937346223143538)	(36.0, 0.0006457820743811794)	(37.0, 0.0)	(38.0, 0.0012915641487623588)	(39.0, 0.0012915641487623588)	(40.0, 0.0025831282975247176)	(41.0, 0.00904094904133651)	(42.0, 0.007103602818192972)	(43.0, 0.0187276801570542)	(44.0, 0.02841441127277189)	(45.0, 0.060057732917449674)	(46.0, 0.11688655546299345)	(47.0, 0.3616379616534604)	(48.0, 6.015460022860685)	(49.0, 14.63665071584943)	(50.0, 16.409322510025767)	(51.0, 11.356723560067419)	(52.0, 3.1565827795752046)	(53.0, 6.342225752497563)	(54.0, 7.0719594965482955)	(55.0, 4.38098559260192)	(56.0, 16.00635449561191)	(57.0, 10.549495967090945)	(58.0, 2.0761893691354913)	(59.0, 0.5179172236537058)	(60.0, 0.21310808454578917)	(61.0, 0.1336768893969041)	(62.0, 0.10267934982660751)	(63.0, 0.06586977158688029)	(64.0, 0.041975834834776654)	(65.0, 0.038101142388489585)	(66.0, 0.03487223201658369)	(67.0, 0.06522398951249911)	(68.0, 0.09492996493403336)	(69.0, 0.04455896313230138)	(70.0, 0.014852987710767124)	(71.0, 0.007749384892574152)	(72.0, 0.0025831282975247176)	(73.0, 0.001937346223143538)	(74.0, 0.0012915641487623588)	(75.0, 0.0)	(76.0, 0.0006457820743811794)	(77.0, 0.0006457820743811794)	(78.0, 0.0006457820743811794)	(79.0, 0.0006457820743811794)	(80.0, 0.0)	(81.0, 0.0)	(82.0, 0.0)	(83.0, 0.0)	(84.0, 0.0)	(85.0, 0.0006457820743811794)	(86.0, 0.0006457820743811794)	(87.0, 0.0)	(88.0, 0.0)	(89.0, 0.0)	(90.0, 0.0)	(91.0, 0.0)	(92.0, 0.0)	(93.0, 0.0)	(94.0, 0.0)	(95.0, 0.0)	(96.0, 0.0006457820743811794)	(97.0, 0.0006457820743811794)	(98.0, 0.0)	(99.0, 0.0)	(100.0, 0.0)
1151R_R_M_NS1_week9_S33_L001_R1_001	(0.0, 0.0)	(1.0, 0.0)	(2.0, 0.0)	(3.0, 0.0)	(4.0, 0.0)	(5.0, 0.0)	(6.0, 0.0)	(7.0, 0.0)	(8.0, 0.0)	(9.0, 0.0)	(10.0, 0.0)	(11.0, 0.0)	(12.0, 0.0)	(13.0, 0.0)	(14.0, 0.0)	(15.0, 0.0)	(16.0, 0.0)	(17.0, 0.0)	(18.0, 0.0)	(19.0, 0.0)	(20.0, 0.0)	(21.0, 0.0)	(22.0, 0.0)	(23.0, 0.0)	(24.0, 0.0)	(25.0, 0.0007172880772375802)	(26.0, 0.0)	(27.0, 0.0007172880772375802)	(28.0, 0.0007172880772375802)	(29.0, 0.0007172880772375802)	(30.0, 0.0)	(31.0, 0.0007172880772375802)	(32.0, 0.002869152308950321)	(33.0, 0.004303728463425481)	(34.0, 0.002869152308950321)	(35.0, 0.002869152308950321)	(36.0, 0.0014345761544751604)	(37.0, 0.002869152308950321)	(38.0, 0.0021518642317127404)	(39.0, 0.005738304617900642)	(40.0, 0.005021016540663061)	(41.0, 0.005738304617900642)	(42.0, 0.007890168849613381)	(43.0, 0.012193897313038863)	(44.0, 0.026539658857790468)	(45.0, 0.04949287732939304)	(46.0, 0.7452623122498457)	(47.0, 14.05597716154762)	(48.0, 15.023598777741116)	(49.0, 18.162451403732767)	(50.0, 4.839542657121953)	(51.0, 2.099502202074397)	(52.0, 0.514295551379345)	(53.0, 5.180254493809803)	(54.0, 27.403273702784514)	(55.0, 10.250763911802258)	(56.0, 0.5336623294647597)	(57.0, 0.14345761544751603)	(58.0, 0.06240406271966947)	(59.0, 0.22235930394364986)	(60.0, 0.11978710889867589)	(61.0, 0.07818440041889624)	(62.0, 0.03801626809359175)	(63.0, 0.007890168849613381)	(64.0, 0.0014345761544751604)	(65.0, 0.0007172880772375802)	(66.0, 0.05523118194729368)	(67.0, 0.25463726741934095)	(68.0, 0.06168677464243189)	(69.0, 0.008607456926850962)	(70.0, 0.0007172880772375802)	(71.0, 0.0007172880772375802)	(72.0, 0.0)	(73.0, 0.0)	(74.0, 0.0)	(75.0, 0.0)	(76.0, 0.0)	(77.0, 0.0)	(78.0, 0.0)	(79.0, 0.0)	(80.0, 0.0)	(81.0, 0.0)	(82.0, 0.0)	(83.0, 0.0)	(84.0, 0.0)	(85.0, 0.0)	(86.0, 0.0)	(87.0, 0.0)	(88.0, 0.0)	(89.0, 0.0)	(90.0, 0.0)	(91.0, 0.0)	(92.0, 0.0)	(93.0, 0.0)	(94.0, 0.0)	(95.0, 0.0)	(96.0, 0.0)	(97.0, 0.0)	(98.0, 0.0)	(99.0, 0.0)	(100.0, 0.0)
1151R_R_M_NS1_week9_S33_L001_R2_001	(0.0, 0.0)	(1.0, 0.0)	(2.0, 0.0)	(3.0, 0.0)	(4.0, 0.0)	(5.0, 0.0)	(6.0, 0.0)	(7.0, 0.0)	(8.0, 0.0)	(9.0, 0.0)	(10.0, 0.0)	(11.0, 0.0)	(12.0, 0.0)	(13.0, 0.0)	(14.0, 0.0)	(15.0, 0.0)	(16.0, 0.0)	(17.0, 0.0)	(18.0, 0.0)	(19.0, 0.0)	(20.0, 0.0)	(21.0, 0.0)	(22.0, 0.0)	(23.0, 0.0)	(24.0, 0.0)	(25.0, 0.0)	(26.0, 0.0)	(27.0, 0.0)	(28.0, 0.0)	(29.0, 0.0)	(30.0, 0.0)	(31.0, 0.0007019136505827054)	(32.0, 0.0)	(33.0, 0.0)	(34.0, 0.0)	(35.0, 0.0)	(36.0, 0.0)	(37.0, 0.0007019136505827054)	(38.0, 0.0035095682529135267)	(39.0, 0.004913395554078937)	(40.0, 0.0014038273011654108)	(41.0, 0.00912487745757517)	(42.0, 0.013336359361071403)	(43.0, 0.026672718722142805)	(44.0, 0.04281673268554503)	(45.0, 0.06457605585360889)	(46.0, 0.13195976630954862)	(47.0, 0.36429318465242405)	(48.0, 6.140340615297506)	(49.0, 15.164142507188766)	(50.0, 15.64776101244025)	(51.0, 11.274137055659414)	(52.0, 4.050743677512793)	(53.0, 8.407521706679645)	(54.0, 8.161150015325115)	(55.0, 4.087945100993676)	(56.0, 14.051609371015179)	(57.0, 9.08065689758846)	(58.0, 1.7428515943968574)	(59.0, 0.490637641757311)	(60.0, 0.17688223994684174)	(61.0, 0.11511383869556367)	(62.0, 0.10037365203332688)	(63.0, 0.07931624251584571)	(64.0, 0.051941610143120195)	(65.0, 0.04843204189020667)	(66.0, 0.044922473637293146)	(67.0, 0.12494062980372156)	(68.0, 0.15442100312819518)	(69.0, 0.07650858791351489)	(70.0, 0.026672718722142805)	(71.0, 0.011230618409323287)	(72.0, 0.0035095682529135267)	(73.0, 0.0014038273011654108)	(74.0, 0.0028076546023308216)	(75.0, 0.004211481903496232)	(76.0, 0.0007019136505827054)	(77.0, 0.0014038273011654108)	(78.0, 0.0007019136505827054)	(79.0, 0.0007019136505827054)	(80.0, 0.0007019136505827054)	(81.0, 0.0)	(82.0, 0.0007019136505827054)	(83.0, 0.0007019136505827054)	(84.0, 0.0007019136505827054)	(85.0, 0.0007019136505827054)	(86.0, 0.002105740951748116)	(87.0, 0.0007019136505827054)	(88.0, 0.0)	(89.0, 0.0)	(90.0, 0.0007019136505827054)	(91.0, 0.0007019136505827054)	(92.0, 0.0)	(93.0, 0.0)	(94.0, 0.0)	(95.0, 0.0)	(96.0, 0.0)	(97.0, 0.0)	(98.0, 0.0)	(99.0, 0.0007019136505827054)	(100.0, 0.0018717697348872144)
1152R_0_M_S2_week9_S60_L001_R1_001	(0.0, 0.0)	(1.0, 0.0)	(2.0, 0.0)	(3.0, 0.0)	(4.0, 0.0)	(5.0, 0.0)	(6.0, 0.0)	(7.0, 0.0)	(8.0, 0.0)	(9.0, 0.0)	(10.0, 0.0)	(11.0, 0.0)	(12.0, 0.0)	(13.0, 0.0)	(14.0, 0.0)	(15.0, 0.0)	(16.0, 0.0)	(17.0, 0.0)	(18.0, 0.0)	(19.0, 0.0)	(20.0, 0.0)	(21.0, 0.0)	(22.0, 0.0)	(23.0, 0.0)	(24.0, 0.0)	(25.0, 0.0)	(26.0, 0.0)	(27.0, 0.0)	(28.0, 0.0)	(29.0, 0.0)	(30.0, 0.0)	(31.0, 0.0005573421467704809)	(32.0, 0.0)	(33.0, 0.0)	(34.0, 0.0)	(35.0, 0.001672026440311443)	(36.0, 0.0022293685870819237)	(37.0, 0.0039013950273933664)	(38.0, 0.0022293685870819237)	(39.0, 0.001672026440311443)	(40.0, 0.0022293685870819237)	(41.0, 0.001672026440311443)	(42.0, 0.006688105761245772)	(43.0, 0.013376211522491544)	(44.0, 0.020064317283737313)	(45.0, 0.06966776834631011)	(46.0, 2.116228131287516)	(47.0, 25.88798537534207)	(48.0, 6.610635202844674)	(49.0, 2.64235911783885)	(50.0, 6.707055394235968)	(51.0, 4.833828438940381)	(52.0, 0.4759701933419907)	(53.0, 6.953400623108521)	(54.0, 32.370431884429536)	(55.0, 9.987013927980248)	(56.0, 0.6587784174827085)	(57.0, 0.14658098460063648)	(58.0, 0.05963560970444146)	(59.0, 0.15605580109573466)	(60.0, 0.08583069060265407)	(61.0, 0.09140411207035887)	(62.0, 0.021179001577278273)	(63.0, 0.001672026440311443)	(64.0, 0.0005573421467704809)	(65.0, 0.001672026440311443)	(66.0, 0.007802790054786733)	(67.0, 0.04291534530132703)	(68.0, 0.012261527228950578)	(69.0, 0.0022293685870819237)	(70.0, 0.0005573421467704809)	(71.0, 0.0)	(72.0, 0.0)	(73.0, 0.0)	(74.0, 0.0)	(75.0, 0.0)	(76.0, 0.0)	(77.0, 0.0)	(78.0, 0.0)	(79.0, 0.0)	(80.0, 0.0)	(81.0, 0.0)	(82.0, 0.0)	(83.0, 0.0)	(84.0, 0.0)	(85.0, 0.0)	(86.0, 0.0)	(87.0, 0.0)	(88.0, 0.0)	(89.0, 0.0)	(90.0, 0.0)	(91.0, 0.0)	(92.0, 0.0)	(93.0, 0.0)	(94.0, 0.0)	(95.0, 0.0)	(96.0, 0.0)	(97.0, 0.0)	(98.0, 0.0)	(99.0, 0.0)	(100.0, 0.0)
1152R_0_M_S2_week9_S60_L001_R2_001	(0.0, 0.0)	(1.0, 0.0)	(2.0, 0.0)	(3.0, 0.0)	(4.0, 0.0)	(5.0, 0.0)	(6.0, 0.0)	(7.0, 0.0)	(8.0, 0.0)	(9.0, 0.0)	(10.0, 0.0)	(11.0, 0.0)	(12.0, 0.0)	(13.0, 0.0)	(14.0, 0.0)	(15.0, 0.0)	(16.0, 0.0)	(17.0, 0.0)	(18.0, 0.0)	(19.0, 0.0)	(20.0, 0.0)	(21.0, 0.0)	(22.0, 0.0)	(23.0, 0.0)	(24.0, 0.0)	(25.0, 0.0)	(26.0, 0.0)	(27.0, 0.0)	(28.0, 0.0)	(29.0, 0.0)	(30.0, 0.0)	(31.0, 0.0)	(32.0, 0.0)	(33.0, 0.0005486306179775281)	(34.0, 0.0005486306179775281)	(35.0, 0.0)	(36.0, 0.0)	(37.0, 0.0)	(38.0, 0.0010972612359550563)	(39.0, 0.0010972612359550563)	(40.0, 0.0032917837078651683)	(41.0, 0.0032917837078651683)	(42.0, 0.008229459269662922)	(43.0, 0.018104810393258428)	(44.0, 0.03182057584269663)	(45.0, 0.05815484550561798)	(46.0, 0.1388035463483146)	(47.0, 0.5579573384831461)	(48.0, 11.160244030898877)	(49.0, 22.03684603230337)	(50.0, 4.023108321629214)	(51.0, 0.8564123946629214)	(52.0, 4.526202598314607)	(53.0, 11.38353669241573)	(54.0, 8.932255091292134)	(55.0, 4.706153441011236)	(56.0, 17.594035287921347)	(57.0, 10.647823033707866)	(58.0, 1.970681179775281)	(59.0, 0.49705933988764045)	(60.0, 0.2051878511235955)	(61.0, 0.14922752808988762)	(62.0, 0.13112271769662923)	(63.0, 0.09052405196629214)	(64.0, 0.05925210674157304)	(65.0, 0.04169592696629213)	(66.0, 0.036209620786516857)	(67.0, 0.04334181882022472)	(68.0, 0.04827949438202247)	(69.0, 0.019202071629213485)	(70.0, 0.008229459269662922)	(71.0, 0.0038404143258426965)	(72.0, 0.0021945224719101125)	(73.0, 0.0010972612359550563)	(74.0, 0.0010972612359550563)	(75.0, 0.0005486306179775281)	(76.0, 0.0)	(77.0, 0.0)	(78.0, 0.0)	(79.0, 0.0)	(80.0, 0.0)	(81.0, 0.0)	(82.0, 0.0)	(83.0, 0.0)	(84.0, 0.0)	(85.0, 0.0)	(86.0, 0.0)	(87.0, 0.0005486306179775281)	(88.0, 0.0)	(89.0, 0.0)	(90.0, 0.0)	(91.0, 0.0)	(92.0, 0.0005486306179775281)	(93.0, 0.0005486306179775281)	(94.0, 0.0)	(95.0, 0.0)	(96.0, 0.0)	(97.0, 0.0)	(98.0, 0.0)	(99.0, 0.0)	(100.0, 0.0)
1184R_0_M_NS6_week9_S85_L001_R1_001	(0.0, 0.0)	(1.0, 0.0)	(2.0, 0.0)	(3.0, 0.0)	(4.0, 0.0)	(5.0, 0.0)	(6.0, 0.0)	(7.0, 0.0)	(8.0, 0.0)	(9.0, 0.0)	(10.0, 0.0)	(11.0, 0.0)	(12.0, 0.0)	(13.0, 0.0)	(14.0, 0.0)	(15.0, 0.0)	(16.0, 0.0)	(17.0, 0.0)	(18.0, 0.0)	(19.0, 0.0)	(20.0, 0.0)	(21.0, 0.0)	(22.0, 0.0)	(23.0, 0.0)	(24.0, 0.0)	(25.0, 0.0)	(26.0, 0.0)	(27.0, 0.0)	(28.0, 0.0017859056327463655)	(29.0, 0.0005953018775821219)	(30.0, 0.0)	(31.0, 0.0011906037551642438)	(32.0, 0.0029765093879106095)	(33.0, 0.003571811265492731)	(34.0, 0.004762415020656975)	(35.0, 0.0023812075103284876)	(36.0, 0.003571811265492731)	(37.0, 0.005357716898239097)	(38.0, 0.00654832065340334)	(39.0, 0.00654832065340334)	(40.0, 0.0077389244085675855)	(41.0, 0.01309664130680668)	(42.0, 0.013691943184388804)	(43.0, 0.020835565715374267)	(44.0, 0.05179126334964461)	(45.0, 0.16132680882475503)	(46.0, 8.379469228845949)	(47.0, 16.452357990737102)	(48.0, 20.611136907525808)	(49.0, 23.788263028181593)	(50.0, 5.2475860508864045)	(51.0, 1.925206272100582)	(52.0, 0.4583824457382339)	(53.0, 5.704777892869474)	(54.0, 10.337417104213547)	(55.0, 5.883963758021693)	(56.0, 0.5536307461513733)	(57.0, 0.10536843233203558)	(58.0, 0.03690871641009156)	(59.0, 0.03274160326701671)	(60.0, 0.023216773225702755)	(61.0, 0.028574490123941847)	(62.0, 0.004762415020656975)	(63.0, 0.0017859056327463655)	(64.0, 0.0011906037551642438)	(65.0, 0.0017859056327463655)	(66.0, 0.01785905632746366)	(67.0, 0.07560333845292948)	(68.0, 0.0190496600826279)	(69.0, 0.0011906037551642438)	(70.0, 0.0)	(71.0, 0.0)	(72.0, 0.0)	(73.0, 0.0)	(74.0, 0.0)	(75.0, 0.0)	(76.0, 0.0)	(77.0, 0.0)	(78.0, 0.0)	(79.0, 0.0)	(80.0, 0.0)	(81.0, 0.0)	(82.0, 0.0)	(83.0, 0.0)	(84.0, 0.0)	(85.0, 0.0)	(86.0, 0.0)	(87.0, 0.0)	(88.0, 0.0)	(89.0, 0.0)	(90.0, 0.0)	(91.0, 0.0)	(92.0, 0.0)	(93.0, 0.0)	(94.0, 0.0)	(95.0, 0.0)	(96.0, 0.0)	(97.0, 0.0)	(98.0, 0.0)	(99.0, 0.0)	(100.0, 0.0)
1184R_0_M_NS6_week9_S85_L001_R2_001	(0.0, 0.0)	(1.0, 0.0)	(2.0, 0.0)	(3.0, 0.0)	(4.0, 0.0)	(5.0, 0.0)	(6.0, 0.0)	(7.0, 0.0)	(8.0, 0.0)	(9.0, 0.0)	(10.0, 0.0)	(11.0, 0.0)	(12.0, 0.0)	(13.0, 0.0)	(14.0, 0.0)	(15.0, 0.0)	(16.0, 0.0)	(17.0, 0.0)	(18.0, 0.0)	(19.0, 0.0)	(20.0, 0.0)	(21.0, 0.0)	(22.0, 0.0)	(23.0, 0.0)	(24.0, 0.0)	(25.0, 0.0)	(26.0, 0.0)	(27.0, 0.0)	(28.0, 0.0)	(29.0, 0.0)	(30.0, 0.0)	(31.0, 0.0)	(32.0, 0.0)	(33.0, 0.0)	(34.0, 0.0)	(35.0, 0.0)	(36.0, 0.0)	(37.0, 0.0)	(38.0, 0.0017923395408026095)	(39.0, 0.0011948930272017398)	(40.0, 0.0029872325680043495)	(41.0, 0.010156590731214788)	(42.0, 0.009559144217613919)	(43.0, 0.019715734948828705)	(44.0, 0.038236576870455674)	(45.0, 0.05914720484648611)	(46.0, 0.160713112158634)	(47.0, 0.5054397505063359)	(48.0, 8.229228278338383)	(49.0, 28.280728167810775)	(50.0, 24.78208138416408)	(51.0, 8.53631578632923)	(52.0, 5.140429803021885)	(53.0, 7.74708894186248)	(54.0, 6.933366790338096)	(55.0, 3.2250162804174956)	(56.0, 3.4765412626434613)	(57.0, 1.9608194576380549)	(58.0, 0.41104320135739847)	(59.0, 0.1230739818017792)	(60.0, 0.06571911649609569)	(61.0, 0.050185507142473065)	(62.0, 0.04301614897926263)	(63.0, 0.021508074489631317)	(64.0, 0.016728502380824357)	(65.0, 0.016131055867223486)	(66.0, 0.013741269812820008)	(67.0, 0.03285955824804784)	(68.0, 0.041223809438460025)	(69.0, 0.019715734948828705)	(70.0, 0.011351483758416527)	(71.0, 0.003584679081605219)	(72.0, 0.0011948930272017398)	(73.0, 0.0011948930272017398)	(74.0, 0.0)	(75.0, 0.0011948930272017398)	(76.0, 0.0011948930272017398)	(77.0, 0.0005974465136008699)	(78.0, 0.0005974465136008699)	(79.0, 0.0005974465136008699)	(80.0, 0.0)	(81.0, 0.0005974465136008699)	(82.0, 0.0005974465136008699)	(83.0, 0.0005974465136008699)	(84.0, 0.0)	(85.0, 0.0)	(86.0, 0.0)	(87.0, 0.0)	(88.0, 0.0005974465136008699)	(89.0, 0.0005974465136008699)	(90.0, 0.0)	(91.0, 0.0)	(92.0, 0.0)	(93.0, 0.0)	(94.0, 0.0)	(95.0, 0.0)	(96.0, 0.0)	(97.0, 0.0)	(98.0, 0.0)	(99.0, 0.0)	(100.0, 0.0)
1186R_0_M_NS6_week9_S86_L001_R1_001	(0.0, 0.0)	(1.0, 0.0)	(2.0, 0.0)	(3.0, 0.0)	(4.0, 0.0)	(5.0, 0.0)	(6.0, 0.0)	(7.0, 0.0)	(8.0, 0.0)	(9.0, 0.0)	(10.0, 0.0)	(11.0, 0.0)	(12.0, 0.0)	(13.0, 0.0)	(14.0, 0.0)	(15.0, 0.0)	(16.0, 0.0)	(17.0, 0.0)	(18.0, 0.0)	(19.0, 0.0)	(20.0, 0.0)	(21.0, 0.0)	(22.0, 0.0)	(23.0, 0.0)	(24.0, 0.0)	(25.0, 0.0)	(26.0, 0.0)	(27.0, 0.0)	(28.0, 0.0)	(29.0, 0.0012395490520548623)	(30.0, 0.003098872630137156)	(31.0, 0.0006197745260274312)	(32.0, 0.0006197745260274312)	(33.0, 0.003718647156164587)	(34.0, 0.003098872630137156)	(35.0, 0.0018593235780822936)	(36.0, 0.0024790981041097246)	(37.0, 0.003098872630137156)	(38.0, 0.0012395490520548623)	(39.0, 0.003718647156164587)	(40.0, 0.008676843364384037)	(41.0, 0.008676843364384037)	(42.0, 0.014874588624658349)	(43.0, 0.015494363150685782)	(44.0, 0.04090511871781046)	(45.0, 0.18779168138631167)	(46.0, 10.277101190586864)	(47.0, 21.09216666976554)	(48.0, 12.381235706449994)	(49.0, 16.836794774061197)	(50.0, 4.425190115835859)	(51.0, 1.7775133406466728)	(52.0, 0.459872698312354)	(53.0, 6.696663753726393)	(54.0, 15.895357269025528)	(55.0, 8.710930963315546)	(56.0, 0.6836113022082566)	(57.0, 0.1592820531890498)	(58.0, 0.05577970734246881)	(59.0, 0.052680834712331655)	(60.0, 0.028509628197261837)	(61.0, 0.029749177249316697)	(62.0, 0.01053616694246633)	(63.0, 0.0024790981041097246)	(64.0, 0.0018593235780822936)	(65.0, 0.0006197745260274312)	(66.0, 0.014874588624658349)	(67.0, 0.07995091385753864)	(68.0, 0.02045255935890523)	(69.0, 0.0043384216821920184)	(70.0, 0.0006197745260274312)	(71.0, 0.0006197745260274312)	(72.0, 0.0)	(73.0, 0.0)	(74.0, 0.0)	(75.0, 0.0)	(76.0, 0.0)	(77.0, 0.0)	(78.0, 0.0)	(79.0, 0.0)	(80.0, 0.0)	(81.0, 0.0)	(82.0, 0.0)	(83.0, 0.0)	(84.0, 0.0)	(85.0, 0.0)	(86.0, 0.0)	(87.0, 0.0)	(88.0, 0.0)	(89.0, 0.0)	(90.0, 0.0)	(91.0, 0.0)	(92.0, 0.0)	(93.0, 0.0)	(94.0, 0.0)	(95.0, 0.0)	(96.0, 0.0)	(97.0, 0.0)	(98.0, 0.0)	(99.0, 0.0)	(100.0, 0.0)
1186R_0_M_NS6_week9_S86_L001_R2_001	(0.0, 0.0)	(1.0, 0.0)	(2.0, 0.0)	(3.0, 0.0)	(4.0, 0.0)	(5.0, 0.0)	(6.0, 0.0)	(7.0, 0.0)	(8.0, 0.0)	(9.0, 0.0)	(10.0, 0.0)	(11.0, 0.0)	(12.0, 0.0)	(13.0, 0.0)	(14.0, 0.0)	(15.0, 0.0)	(16.0, 0.0)	(17.0, 0.0)	(18.0, 0.0)	(19.0, 0.0)	(20.0, 0.0)	(21.0, 0.0)	(22.0, 0.0)	(23.0, 0.0)	(24.0, 0.0)	(25.0, 0.0)	(26.0, 0.0)	(27.0, 0.0)	(28.0, 0.0006259519686189413)	(29.0, 0.0)	(30.0, 0.0)	(31.0, 0.0)	(32.0, 0.0)	(33.0, 0.0)	(34.0, 0.0)	(35.0, 0.0)	(36.0, 0.0)	(37.0, 0.0006259519686189413)	(38.0, 0.0)	(39.0, 0.0031297598430947066)	(40.0, 0.006259519686189413)	(41.0, 0.007511423623427296)	(42.0, 0.01439689527823565)	(43.0, 0.025038078744757653)	(44.0, 0.03567926221127966)	(45.0, 0.06635090867360778)	(46.0, 0.14021324097064286)	(47.0, 0.6096772174348489)	(48.0, 10.494084753896551)	(49.0, 25.469359651136102)	(50.0, 18.25338535689695)	(51.0, 7.3405387359943255)	(52.0, 5.669872931750371)	(53.0, 9.923216558516078)	(54.0, 9.615874141924177)	(55.0, 3.917207419617335)	(56.0, 4.638304087466355)	(57.0, 2.699104888684875)	(58.0, 0.5001356229265341)	(59.0, 0.1677551275898763)	(60.0, 0.07636614017151085)	(61.0, 0.05946543701879943)	(62.0, 0.038809022054374365)	(63.0, 0.0287937905564713)	(64.0, 0.019404511027187182)	(65.0, 0.02003046299580612)	(66.0, 0.021282366933044007)	(67.0, 0.03693116614851754)	(68.0, 0.04882425355227742)	(69.0, 0.02378617480751977)	(70.0, 0.010641183466522004)	(71.0, 0.004381663780332589)	(72.0, 0.001877855905856824)	(73.0, 0.0031297598430947066)	(74.0, 0.0012519039372378825)	(75.0, 0.0006259519686189413)	(76.0, 0.0)	(77.0, 0.0)	(78.0, 0.0)	(79.0, 0.0012519039372378825)	(80.0, 0.0012519039372378825)	(81.0, 0.0006259519686189413)	(82.0, 0.0)	(83.0, 0.0)	(84.0, 0.0)	(85.0, 0.0)	(86.0, 0.0)	(87.0, 0.0006259519686189413)	(88.0, 0.0006259519686189413)	(89.0, 0.0)	(90.0, 0.0)	(91.0, 0.0)	(92.0, 0.0)	(93.0, 0.0)	(94.0, 0.0)	(95.0, 0.0)	(96.0, 0.0)	(97.0, 0.0)	(98.0, 0.0)	(99.0, 0.0)	(100.0, 0.0016692052496505101)
1186R_RR_M_NS6_week9_S87_L001_R1_001	(0.0, 0.0)	(1.0, 0.0)	(2.0, 0.0)	(3.0, 0.0)	(4.0, 0.0)	(5.0, 0.0)	(6.0, 0.0)	(7.0, 0.0)	(8.0, 0.0)	(9.0, 0.0)	(10.0, 0.0)	(11.0, 0.0)	(12.0, 0.0)	(13.0, 0.0)	(14.0, 0.0)	(15.0, 0.0)	(16.0, 0.0)	(17.0, 0.0)	(18.0, 0.0)	(19.0, 0.0)	(20.0, 0.0)	(21.0, 0.0)	(22.0, 0.0)	(23.0, 0.0)	(24.0, 0.0005923082846159769)	(25.0, 0.0)	(26.0, 0.0)	(27.0, 0.0005923082846159769)	(28.0, 0.0011846165692319538)	(29.0, 0.0011846165692319538)	(30.0, 0.0017769248538479305)	(31.0, 0.0029615414230798848)	(32.0, 0.0017769248538479305)	(33.0, 0.003553849707695861)	(34.0, 0.0023692331384639075)	(35.0, 0.003553849707695861)	(36.0, 0.003553849707695861)	(37.0, 0.006515391130775747)	(38.0, 0.007700007700007699)	(39.0, 0.005330774561543792)	(40.0, 0.007700007700007699)	(41.0, 0.007107699415391722)	(42.0, 0.015992323684631375)	(43.0, 0.023692331384639078)	(44.0, 0.03909234678465447)	(45.0, 0.18420787651556883)	(46.0, 10.069833146756224)	(47.0, 19.767696690773615)	(48.0, 14.54294531217608)	(49.0, 16.777132161747545)	(50.0, 4.9380741688434)	(51.0, 1.9350711658403967)	(52.0, 0.4774004774004774)	(53.0, 6.742837512068281)	(54.0, 15.036338113261191)	(55.0, 8.308900616592926)	(56.0, 0.6450237219467989)	(57.0, 0.14748476286937826)	(58.0, 0.043238504776966315)	(59.0, 0.04856927933851011)	(60.0, 0.023692331384639078)	(61.0, 0.04856927933851011)	(62.0, 0.013030782261551493)	(63.0, 0.004146157992311839)	(64.0, 0.0023692331384639075)	(65.0, 0.0005923082846159769)	(66.0, 0.015400015400015399)	(67.0, 0.07403853557699712)	(68.0, 0.014807707115399422)	(69.0, 0.0017769248538479305)	(70.0, 0.0005923082846159769)	(71.0, 0.0)	(72.0, 0.0)	(73.0, 0.0)	(74.0, 0.0)	(75.0, 0.0)	(76.0, 0.0)	(77.0, 0.0)	(78.0, 0.0)	(79.0, 0.0)	(80.0, 0.0)	(81.0, 0.0)	(82.0, 0.0)	(83.0, 0.0)	(84.0, 0.0)	(85.0, 0.0)	(86.0, 0.0)	(87.0, 0.0)	(88.0, 0.0)	(89.0, 0.0)	(90.0, 0.0)	(91.0, 0.0)	(92.0, 0.0)	(93.0, 0.0)	(94.0, 0.0)	(95.0, 0.0)	(96.0, 0.0)	(97.0, 0.0)	(98.0, 0.0)	(99.0, 0.0)	(100.0, 0.0)
1186R_RR_M_NS6_week9_S87_L001_R2_001	(0.0, 0.0)	(1.0, 0.0)	(2.0, 0.0)	(3.0, 0.0)	(4.0, 0.0)	(5.0, 0.0)	(6.0, 0.0)	(7.0, 0.0)	(8.0, 0.0)	(9.0, 0.0)	(10.0, 0.0)	(11.0, 0.0)	(12.0, 0.0)	(13.0, 0.0)	(14.0, 0.0)	(15.0, 0.0)	(16.0, 0.0)	(17.0, 0.0)	(18.0, 0.0)	(19.0, 0.0)	(20.0, 0.0)	(21.0, 0.0)	(22.0, 0.0)	(23.0, 0.0)	(24.0, 0.0)	(25.0, 0.0)	(26.0, 0.0)	(27.0, 0.0)	(28.0, 0.0)	(29.0, 0.0)	(30.0, 0.0)	(31.0, 0.0)	(32.0, 0.0)	(33.0, 0.0)	(34.0, 0.0)	(35.0, 0.0006059577768621082)	(36.0, 0.0006059577768621082)	(37.0, 0.0006059577768621082)	(38.0, 0.0018178733305863248)	(39.0, 0.0018178733305863248)	(40.0, 0.004847662214896866)	(41.0, 0.009089366652931623)	(42.0, 0.012119155537242165)	(43.0, 0.022420437743898007)	(44.0, 0.044840875487796014)	(45.0, 0.07574472210776353)	(46.0, 0.15815497976101026)	(47.0, 0.5974743679860387)	(48.0, 9.886807087282158)	(49.0, 26.748794144024046)	(50.0, 18.520493492013475)	(51.0, 6.7424921831446785)	(52.0, 5.57602346268512)	(53.0, 9.685023147587076)	(54.0, 9.990425867125579)	(55.0, 3.9787187628766025)	(56.0, 4.3907700511428365)	(57.0, 2.541386916159682)	(58.0, 0.4720411081755823)	(59.0, 0.1533073175461134)	(60.0, 0.07453280655403932)	(61.0, 0.058171946578762394)	(62.0, 0.044840875487796014)	(63.0, 0.034539593281140174)	(64.0, 0.021814479967035897)	(65.0, 0.015754902198414814)	(66.0, 0.015148944421552705)	(67.0, 0.03393363550427806)	(68.0, 0.04726470659524444)	(69.0, 0.021814479967035897)	(70.0, 0.007877451099207407)	(71.0, 0.0012119155537242165)	(72.0, 0.0012119155537242165)	(73.0, 0.0006059577768621082)	(74.0, 0.0)	(75.0, 0.0)	(76.0, 0.0)	(77.0, 0.0)	(78.0, 0.0012119155537242165)	(79.0, 0.0)	(80.0, 0.0)	(81.0, 0.0)	(82.0, 0.0006059577768621082)	(83.0, 0.0006059577768621082)	(84.0, 0.0)	(85.0, 0.0)	(86.0, 0.0)	(87.0, 0.0006059577768621082)	(88.0, 0.0006059577768621082)	(89.0, 0.0)	(90.0, 0.0)	(91.0, 0.0)	(92.0, 0.0)	(93.0, 0.0)	(94.0, 0.0006059577768621082)	(95.0, 0.0006059577768621082)	(96.0, 0.0)	(97.0, 0.0)	(98.0, 0.0)	(99.0, 0.0)	(100.0, 0.0)
1193R_R_F_NS1_week5_S1_L001_R1_001	(0.0, 0.0)	(1.0, 0.0)	(2.0, 0.0)	(3.0, 0.0)	(4.0, 0.0)	(5.0, 0.0)	(6.0, 0.0)	(7.0, 0.0)	(8.0, 0.0)	(9.0, 0.0)	(10.0, 0.0)	(11.0, 0.0)	(12.0, 0.0)	(13.0, 0.0)	(14.0, 0.0)	(15.0, 0.0)	(16.0, 0.0)	(17.0, 0.0)	(18.0, 0.0)	(19.0, 0.0)	(20.0, 0.0)	(21.0, 0.0)	(22.0, 0.0)	(23.0, 0.0)	(24.0, 0.0)	(25.0, 0.0)	(26.0, 0.0)	(27.0, 0.0)	(28.0, 0.0)	(29.0, 0.0)	(30.0, 0.0)	(31.0, 0.0)	(32.0, 0.004404542551551501)	(33.0, 0.004404542551551501)	(34.0, 0.0022022712757757503)	(35.0, 0.005138632976810083)	(36.0, 0.005138632976810083)	(37.0, 0.005138632976810083)	(38.0, 0.002936361701034333)	(39.0, 0.002936361701034333)	(40.0, 0.003670452126292917)	(41.0, 0.007340904252585834)	(42.0, 0.010277265953620166)	(43.0, 0.014681808505171668)	(44.0, 0.025693164884050417)	(45.0, 0.04551360636603217)	(46.0, 0.5938791540341939)	(47.0, 9.248071177407633)	(48.0, 15.248526313471295)	(49.0, 41.365261372895915)	(50.0, 5.523296359645581)	(51.0, 1.744198850414394)	(52.0, 0.47055196259075194)	(53.0, 3.7130293709579147)	(54.0, 14.149592946859194)	(55.0, 6.971656768680766)	(56.0, 0.43825198387937425)	(57.0, 0.11378401591508043)	(58.0, 0.04698178721654933)	(59.0, 0.07267495210059975)	(60.0, 0.030097707435601917)	(61.0, 0.013213627654654501)	(62.0, 0.007340904252585834)	(63.0, 0.0007340904252585833)	(64.0, 0.0007340904252585833)	(65.0, 0.0014681808505171666)	(66.0, 0.017618170206206003)	(67.0, 0.06827040954904826)	(68.0, 0.015415898930430251)	(69.0, 0.003670452126292917)	(70.0, 0.0007340904252585833)	(71.0, 0.0007340904252585833)	(72.0, 0.0007340904252585833)	(73.0, 0.0)	(74.0, 0.0)	(75.0, 0.0)	(76.0, 0.0)	(77.0, 0.0)	(78.0, 0.0)	(79.0, 0.0)	(80.0, 0.0)	(81.0, 0.0)	(82.0, 0.0)	(83.0, 0.0)	(84.0, 0.0)	(85.0, 0.0)	(86.0, 0.0)	(87.0, 0.0)	(88.0, 0.0)	(89.0, 0.0)	(90.0, 0.0)	(91.0, 0.0)	(92.0, 0.0)	(93.0, 0.0)	(94.0, 0.0)	(95.0, 0.0)	(96.0, 0.0)	(97.0, 0.0)	(98.0, 0.0)	(99.0, 0.0)	(100.0, 0.0)
1193R_R_F_NS1_week5_S1_L001_R2_001	(0.0, 0.0)	(1.0, 0.0)	(2.0, 0.0)	(3.0, 0.0)	(4.0, 0.0)	(5.0, 0.0)	(6.0, 0.0)	(7.0, 0.0)	(8.0, 0.0)	(9.0, 0.0)	(10.0, 0.0)	(11.0, 0.0)	(12.0, 0.0)	(13.0, 0.0)	(14.0, 0.0)	(15.0, 0.0)	(16.0, 0.0)	(17.0, 0.0)	(18.0, 0.0)	(19.0, 0.0)	(20.0, 0.0)	(21.0, 0.0007014442737596711)	(22.0, 0.0)	(23.0, 0.0)	(24.0, 0.0)	(25.0, 0.0)	(26.0, 0.0)	(27.0, 0.0)	(28.0, 0.0)	(29.0, 0.0)	(30.0, 0.0)	(31.0, 0.0)	(32.0, 0.0)	(33.0, 0.0)	(34.0, 0.0)	(35.0, 0.0)	(36.0, 0.0014028885475193423)	(37.0, 0.0007014442737596711)	(38.0, 0.0)	(39.0, 0.0007014442737596711)	(40.0, 0.0021043328212790135)	(41.0, 0.007715887011356382)	(42.0, 0.014730329748953094)	(43.0, 0.022446216760309477)	(44.0, 0.032266436592944876)	(45.0, 0.06523431745964942)	(46.0, 0.10521664106395068)	(47.0, 0.2946065949790619)	(48.0, 4.224097416580739)	(49.0, 9.443544257626453)	(50.0, 26.696969059293085)	(51.0, 27.667767934176467)	(52.0, 4.850487153048126)	(53.0, 6.532550521523818)	(54.0, 5.8163759180151935)	(55.0, 2.322481990418271)	(56.0, 6.29265657989801)	(57.0, 4.205859865462988)	(58.0, 0.7533511500178869)	(59.0, 0.23708816453076884)	(60.0, 0.09048631131499758)	(61.0, 0.04980254343693666)	(62.0, 0.04419098924685928)	(63.0, 0.0364751022355029)	(64.0, 0.02875921522414652)	(65.0, 0.015431774022712764)	(66.0, 0.01192455265391441)	(67.0, 0.03437076941422389)	(68.0, 0.04559387779437862)	(69.0, 0.027356326676627178)	(70.0, 0.008417331285116054)	(71.0, 0.003507221368798356)	(72.0, 0.0028057770950386846)	(73.0, 0.0014028885475193423)	(74.0, 0.0014028885475193423)	(75.0, 0.0007014442737596711)	(76.0, 0.0007014442737596711)	(77.0, 0.0014028885475193423)	(78.0, 0.0)	(79.0, 0.0)	(80.0, 0.0)	(81.0, 0.0)	(82.0, 0.0007014442737596711)	(83.0, 0.0)	(84.0, 0.0)	(85.0, 0.0)	(86.0, 0.0)	(87.0, 0.0)	(88.0, 0.0)	(89.0, 0.0)	(90.0, 0.0)	(91.0, 0.0007014442737596711)	(92.0, 0.0007014442737596711)	(93.0, 0.0)	(94.0, 0.0)	(95.0, 0.0007014442737596711)	(96.0, 0.0007014442737596711)	(97.0, 0.0)	(98.0, 0.0)	(99.0, 0.0007014442737596711)	(100.0, 0.0)
1193R_R_F_NS1_week6_S2_L001_R1_001	(0.0, 0.0)	(1.0, 0.0)	(2.0, 0.0)	(3.0, 0.0)	(4.0, 0.0)	(5.0, 0.0)	(6.0, 0.0)	(7.0, 0.0)	(8.0, 0.0)	(9.0, 0.0)	(10.0, 0.0)	(11.0, 0.0)	(12.0, 0.0)	(13.0, 0.0)	(14.0, 0.0)	(15.0, 0.0)	(16.0, 0.0)	(17.0, 0.0)	(18.0, 0.0)	(19.0, 0.0)	(20.0, 0.0)	(21.0, 0.0)	(22.0, 0.0)	(23.0, 0.0)	(24.0, 0.0)	(25.0, 0.0)	(26.0, 0.0)	(27.0, 0.0)	(28.0, 0.0)	(29.0, 0.0)	(30.0, 0.0)	(31.0, 0.0)	(32.0, 0.0009040610422015694)	(33.0, 0.0)	(34.0, 0.0009040610422015694)	(35.0, 0.002712183126604708)	(36.0, 0.0018081220844031389)	(37.0, 0.0018081220844031389)	(38.0, 0.0009040610422015694)	(39.0, 0.002712183126604708)	(40.0, 0.0036162441688062778)	(41.0, 0.004520305211007847)	(42.0, 0.002712183126604708)	(43.0, 0.0072324883376125556)	(44.0, 0.009944671464217264)	(45.0, 0.028929953350450222)	(46.0, 0.45474270422738944)	(47.0, 9.95371207463928)	(48.0, 13.853831410696852)	(49.0, 29.66947528297111)	(50.0, 4.1424076953675915)	(51.0, 1.4546342169023252)	(52.0, 0.4095396521173109)	(53.0, 3.30072686507793)	(54.0, 25.55780566303837)	(55.0, 9.934726792753047)	(56.0, 0.46468737569160673)	(57.0, 0.12114417965501031)	(58.0, 0.04339493002567533)	(59.0, 0.12566448486601817)	(60.0, 0.06057208982750516)	(61.0, 0.03345025856145807)	(62.0, 0.013560915633023543)	(63.0, 0.004520305211007847)	(64.0, 0.0018081220844031389)	(65.0, 0.0036162441688062778)	(66.0, 0.03164213647705493)	(67.0, 0.2223990163815861)	(68.0, 0.061476150869706724)	(69.0, 0.009040610422015694)	(70.0, 0.002712183126604708)	(71.0, 0.0)	(72.0, 0.0)	(73.0, 0.0)	(74.0, 0.0)	(75.0, 0.0)	(76.0, 0.0)	(77.0, 0.0)	(78.0, 0.0)	(79.0, 0.0)	(80.0, 0.0)	(81.0, 0.0)	(82.0, 0.0)	(83.0, 0.0)	(84.0, 0.0)	(85.0, 0.0)	(86.0, 0.0)	(87.0, 0.0)	(88.0, 0.0)	(89.0, 0.0)	(90.0, 0.0)	(91.0, 0.0)	(92.0, 0.0)	(93.0, 0.0)	(94.0, 0.0)	(95.0, 0.0)	(96.0, 0.0)	(97.0, 0.0)	(98.0, 0.0)	(99.0, 0.0)	(100.0, 0.0)
1193R_R_F_NS1_week6_S2_L001_R2_001	(0.0, 0.0)	(1.0, 0.0)	(2.0, 0.0)	(3.0, 0.0)	(4.0, 0.0)	(5.0, 0.0)	(6.0, 0.0)	(7.0, 0.0)	(8.0, 0.0)	(9.0, 0.0)	(10.0, 0.0)	(11.0, 0.0)	(12.0, 0.0)	(13.0, 0.0)	(14.0, 0.0)	(15.0, 0.0)	(16.0, 0.0)	(17.0, 0.0)	(18.0, 0.0)	(19.0, 0.0)	(20.0, 0.0)	(21.0, 0.0)	(22.0, 0.0)	(23.0, 0.0)	(24.0, 0.0)	(25.0, 0.0)	(26.0, 0.0)	(27.0, 0.0)	(28.0, 0.0)	(29.0, 0.0)	(30.0, 0.0)	(31.0, 0.0)	(32.0, 0.0)	(33.0, 0.0)	(34.0, 0.0)	(35.0, 0.0)	(36.0, 0.0008670770831526923)	(37.0, 0.0008670770831526923)	(38.0, 0.0008670770831526923)	(39.0, 0.0017341541663053845)	(40.0, 0.003468308332610769)	(41.0, 0.004335385415763462)	(42.0, 0.009537847914679615)	(43.0, 0.008670770831526923)	(44.0, 0.017341541663053846)	(45.0, 0.04248677707448192)	(46.0, 0.09191017081418539)	(47.0, 0.24798404578167)	(48.0, 4.668343015694095)	(49.0, 10.648573658198215)	(50.0, 20.310413595768665)	(51.0, 19.286395560565335)	(52.0, 3.4214861701205237)	(53.0, 5.453914853030435)	(54.0, 5.570103182172895)	(55.0, 3.603572357582589)	(56.0, 14.235671551200902)	(57.0, 9.204890314748981)	(58.0, 1.7636347871325762)	(59.0, 0.42400069366166654)	(60.0, 0.1794849562126073)	(61.0, 0.12659325414029307)	(62.0, 0.08497355414896383)	(63.0, 0.07283447498482615)	(64.0, 0.046822162490245386)	(65.0, 0.04335385415763461)	(66.0, 0.04248677707448192)	(67.0, 0.09451140206364346)	(68.0, 0.13786525622127807)	(69.0, 0.078904014566895)	(70.0, 0.027746466660886152)	(71.0, 0.018208618746206537)	(72.0, 0.006069539582068846)	(73.0, 0.005202462498916154)	(74.0, 0.0017341541663053845)	(75.0, 0.0017341541663053845)	(76.0, 0.0008670770831526923)	(77.0, 0.0008670770831526923)	(78.0, 0.0008670770831526923)	(79.0, 0.0)	(80.0, 0.0)	(81.0, 0.0)	(82.0, 0.0008670770831526923)	(83.0, 0.0)	(84.0, 0.0)	(85.0, 0.0)	(86.0, 0.0)	(87.0, 0.0)	(88.0, 0.0)	(89.0, 0.0)	(90.0, 0.0)	(91.0, 0.0)	(92.0, 0.0)	(93.0, 0.0008670770831526923)	(94.0, 0.0017341541663053845)	(95.0, 0.0008670770831526923)	(96.0, 0.0017341541663053845)	(97.0, 0.0017341541663053845)	(98.0, 0.0)	(99.0, 0.0)	(100.0, 0.0)
1193R_R_F_NS1_week7_S3_L001_R1_001	(0.0, 0.0)	(1.0, 0.0)	(2.0, 0.0)	(3.0, 0.0)	(4.0, 0.0)	(5.0, 0.0)	(6.0, 0.0)	(7.0, 0.0)	(8.0, 0.0)	(9.0, 0.0)	(10.0, 0.0)	(11.0, 0.0)	(12.0, 0.0)	(13.0, 0.0)	(14.0, 0.0)	(15.0, 0.0)	(16.0, 0.0)	(17.0, 0.0)	(18.0, 0.0)	(19.0, 0.0)	(20.0, 0.0)	(21.0, 0.0)	(22.0, 0.0)	(23.0, 0.0)	(24.0, 0.0)	(25.0, 0.0)	(26.0, 0.0)	(27.0, 0.0)	(28.0, 0.0)	(29.0, 0.0)	(30.0, 0.0)	(31.0, 0.0)	(32.0, 0.0)	(33.0, 0.0)	(34.0, 0.0)	(35.0, 0.0016906885329050255)	(36.0, 0.0008453442664525128)	(37.0, 0.0)	(38.0, 0.0008453442664525128)	(39.0, 0.003381377065810051)	(40.0, 0.0008453442664525128)	(41.0, 0.003381377065810051)	(42.0, 0.0016906885329050255)	(43.0, 0.004226721332262564)	(44.0, 0.012680163996787694)	(45.0, 0.0397311805232681)	(46.0, 0.3719514772391056)	(47.0, 10.885498119109007)	(48.0, 13.509446722177607)	(49.0, 21.07274187412824)	(50.0, 3.372923623145526)	(51.0, 1.356777547656283)	(52.0, 0.38885836256815587)	(53.0, 4.46764444820153)	(54.0, 32.99632275244093)	(55.0, 10.215140115812165)	(56.0, 0.42182678895980386)	(57.0, 0.11834819730335178)	(58.0, 0.04818462318779323)	(59.0, 0.1859757386195528)	(60.0, 0.07185426264846359)	(61.0, 0.04733927892134071)	(62.0, 0.01859757386195528)	(63.0, 0.00929878693097764)	(64.0, 0.005917409865167589)	(65.0, 0.003381377065810051)	(66.0, 0.04733927892134071)	(67.0, 0.2434591487383237)	(68.0, 0.060864787184580924)	(69.0, 0.00929878693097764)	(70.0, 0.0008453442664525128)	(71.0, 0.0008453442664525128)	(72.0, 0.0)	(73.0, 0.0)	(74.0, 0.0)	(75.0, 0.0)	(76.0, 0.0)	(77.0, 0.0)	(78.0, 0.0)	(79.0, 0.0)	(80.0, 0.0)	(81.0, 0.0)	(82.0, 0.0)	(83.0, 0.0)	(84.0, 0.0)	(85.0, 0.0)	(86.0, 0.0)	(87.0, 0.0)	(88.0, 0.0)	(89.0, 0.0)	(90.0, 0.0)	(91.0, 0.0)	(92.0, 0.0)	(93.0, 0.0)	(94.0, 0.0)	(95.0, 0.0)	(96.0, 0.0)	(97.0, 0.0)	(98.0, 0.0)	(99.0, 0.0)	(100.0, 0.0)
1193R_R_F_NS1_week7_S3_L001_R2_001	(0.0, 0.0)	(1.0, 0.0)	(2.0, 0.0)	(3.0, 0.0)	(4.0, 0.0)	(5.0, 0.0)	(6.0, 0.0)	(7.0, 0.0)	(8.0, 0.0)	(9.0, 0.0)	(10.0, 0.0)	(11.0, 0.0)	(12.0, 0.0)	(13.0, 0.0)	(14.0, 0.0)	(15.0, 0.0)	(16.0, 0.0)	(17.0, 0.0)	(18.0, 0.0)	(19.0, 0.0)	(20.0, 0.0)	(21.0, 0.0)	(22.0, 0.0)	(23.0, 0.0)	(24.0, 0.0)	(25.0, 0.0)	(26.0, 0.0)	(27.0, 0.0)	(28.0, 0.0)	(29.0, 0.0)	(30.0, 0.0)	(31.0, 0.0)	(32.0, 0.0)	(33.0, 0.0)	(34.0, 0.0)	(35.0, 0.0)	(36.0, 0.0)	(37.0, 0.0)	(38.0, 0.000810642109615026)	(39.0, 0.000810642109615026)	(40.0, 0.00405321054807513)	(41.0, 0.004863852657690157)	(42.0, 0.011348989534610365)	(43.0, 0.0186447685211456)	(44.0, 0.02918311594614094)	(45.0, 0.038910821261521254)	(46.0, 0.06566201087881711)	(47.0, 0.2585948329671933)	(48.0, 5.261877933511134)	(49.0, 12.279606676448415)	(50.0, 15.83832553765838)	(51.0, 13.394239577169076)	(52.0, 3.3155262283254565)	(53.0, 6.153584254087663)	(54.0, 3.8781118523982845)	(55.0, 3.8813544208367445)	(56.0, 19.46270640974716)	(57.0, 12.2139446655696)	(58.0, 2.1968401170567207)	(59.0, 0.5820410347035887)	(60.0, 0.2204946538152871)	(61.0, 0.11997503222302387)	(62.0, 0.11024732690764355)	(63.0, 0.09079191627688292)	(64.0, 0.06971522142689224)	(65.0, 0.05107045290574664)	(66.0, 0.055123663453821775)	(67.0, 0.12159631644225392)	(68.0, 0.15402200082685497)	(69.0, 0.06809393720766219)	(70.0, 0.021887336959605704)	(71.0, 0.006485136876920208)	(72.0, 0.0056744947673051825)	(73.0, 0.00405321054807513)	(74.0, 0.003242568438460104)	(75.0, 0.000810642109615026)	(76.0, 0.000810642109615026)	(77.0, 0.0)	(78.0, 0.0)	(79.0, 0.0)	(80.0, 0.001621284219230052)	(81.0, 0.000810642109615026)	(82.0, 0.0)	(83.0, 0.0)	(84.0, 0.0)	(85.0, 0.000810642109615026)	(86.0, 0.0)	(87.0, 0.0)	(88.0, 0.0)	(89.0, 0.0)	(90.0, 0.0)	(91.0, 0.0)	(92.0, 0.0)	(93.0, 0.0)	(94.0, 0.000810642109615026)	(95.0, 0.0)	(96.0, 0.0)	(97.0, 0.000810642109615026)	(98.0, 0.0)	(99.0, 0.0)	(100.0, 0.0)
1193R_R_F_NS1_week9_S4_L001_R1_001	(0.0, 0.0)	(1.0, 0.0)	(2.0, 0.0)	(3.0, 0.0)	(4.0, 0.0)	(5.0, 0.0)	(6.0, 0.0)	(7.0, 0.0)	(8.0, 0.0)	(9.0, 0.0)	(10.0, 0.0)	(11.0, 0.0)	(12.0, 0.0)	(13.0, 0.0)	(14.0, 0.0)	(15.0, 0.0)	(16.0, 0.0)	(17.0, 0.0)	(18.0, 0.0)	(19.0, 0.0)	(20.0, 0.0)	(21.0, 0.0)	(22.0, 0.0)	(23.0, 0.0)	(24.0, 0.0007526776507425165)	(25.0, 0.0)	(26.0, 0.0007526776507425165)	(27.0, 0.0007526776507425165)	(28.0, 0.0)	(29.0, 0.0022580329522275495)	(30.0, 0.003763388253712583)	(31.0, 0.003763388253712583)	(32.0, 0.003010710602970066)	(33.0, 0.003010710602970066)	(34.0, 0.00827945415816768)	(35.0, 0.0052687435551976155)	(36.0, 0.004516065904455099)	(37.0, 0.0067740988566826485)	(38.0, 0.010537487110395231)	(39.0, 0.009032131808910198)	(40.0, 0.007526776507425166)	(41.0, 0.004516065904455099)	(42.0, 0.013548197713365297)	(43.0, 0.022580329522275493)	(44.0, 0.030859783680443176)	(45.0, 0.07225705447128158)	(46.0, 0.709775024650193)	(47.0, 20.904116394071913)	(48.0, 20.409607177534077)	(49.0, 12.286709970720839)	(50.0, 7.000654829556146)	(51.0, 3.582745617534379)	(52.0, 0.47569227526927044)	(53.0, 3.6858624556861037)	(54.0, 19.910581895091788)	(55.0, 9.476211622848282)	(56.0, 0.5720350145643125)	(57.0, 0.14225607599033563)	(58.0, 0.056450823805688735)	(59.0, 0.1272025229754853)	(60.0, 0.059461534408658805)	(61.0, 0.060966889710143836)	(62.0, 0.02860175072821563)	(63.0, 0.0052687435551976155)	(64.0, 0.003010710602970066)	(65.0, 0.006021421205940132)	(66.0, 0.035375849584898277)	(67.0, 0.17913728087671893)	(68.0, 0.0504294025997486)	(69.0, 0.014300875364107814)	(70.0, 0.003010710602970066)	(71.0, 0.0007526776507425165)	(72.0, 0.0)	(73.0, 0.0)	(74.0, 0.0)	(75.0, 0.0)	(76.0, 0.0)	(77.0, 0.0)	(78.0, 0.0)	(79.0, 0.0)	(80.0, 0.0)	(81.0, 0.0)	(82.0, 0.0)	(83.0, 0.0)	(84.0, 0.0)	(85.0, 0.0)	(86.0, 0.0)	(87.0, 0.0)	(88.0, 0.0)	(89.0, 0.0)	(90.0, 0.0)	(91.0, 0.0)	(92.0, 0.0)	(93.0, 0.0)	(94.0, 0.0)	(95.0, 0.0)	(96.0, 0.0)	(97.0, 0.0)	(98.0, 0.0)	(99.0, 0.0)	(100.0, 0.0)
1193R_R_F_NS1_week9_S4_L001_R2_001	(0.0, 0.0)	(1.0, 0.0)	(2.0, 0.0)	(3.0, 0.0)	(4.0, 0.0)	(5.0, 0.0)	(6.0, 0.0)	(7.0, 0.0)	(8.0, 0.0)	(9.0, 0.0)	(10.0, 0.0)	(11.0, 0.0)	(12.0, 0.0)	(13.0, 0.0)	(14.0, 0.0)	(15.0, 0.0)	(16.0, 0.0)	(17.0, 0.0)	(18.0, 0.0)	(19.0, 0.0)	(20.0, 0.0)	(21.0, 0.0)	(22.0, 0.0)	(23.0, 0.0)	(24.0, 0.0)	(25.0, 0.0)	(26.0, 0.0)	(27.0, 0.0)	(28.0, 0.0)	(29.0, 0.0)	(30.0, 0.0)	(31.0, 0.0)	(32.0, 0.0)	(33.0, 0.0007526776507425165)	(34.0, 0.0)	(35.0, 0.0)	(36.0, 0.0)	(37.0, 0.0)	(38.0, 0.0022580329522275495)	(39.0, 0.004516065904455099)	(40.0, 0.0067740988566826485)	(41.0, 0.0067740988566826485)	(42.0, 0.01731158596707788)	(43.0, 0.024838362474503047)	(44.0, 0.056450823805688735)	(45.0, 0.08731060748613192)	(46.0, 0.16107301725889853)	(47.0, 0.5042940259974861)	(48.0, 8.579019863163204)	(49.0, 22.48323410532971)	(50.0, 15.68128617556959)	(51.0, 5.278528364657268)	(52.0, 3.1921059167990125)	(53.0, 9.854055803521026)	(54.0, 13.086053635809392)	(55.0, 4.476173988965745)	(56.0, 8.402893292889454)	(57.0, 5.6571252229807545)	(58.0, 1.2396600907729247)	(59.0, 0.36203795000715044)	(60.0, 0.1415033983395931)	(61.0, 0.10688022640543735)	(62.0, 0.09709541694578463)	(63.0, 0.06698831091608397)	(64.0, 0.04591333669529351)	(65.0, 0.03989191548935337)	(66.0, 0.030107106029700664)	(67.0, 0.07150437682053906)	(68.0, 0.12118110176954516)	(69.0, 0.060966889710143836)	(70.0, 0.025591040125245563)	(71.0, 0.010537487110395231)	(72.0, 0.004516065904455099)	(73.0, 0.0022580329522275495)	(74.0, 0.001505355301485033)	(75.0, 0.0022580329522275495)	(76.0, 0.0007526776507425165)	(77.0, 0.0007526776507425165)	(78.0, 0.0007526776507425165)	(79.0, 0.0007526776507425165)	(80.0, 0.0022580329522275495)	(81.0, 0.0007526776507425165)	(82.0, 0.0)	(83.0, 0.0)	(84.0, 0.0)	(85.0, 0.0)	(86.0, 0.0)	(87.0, 0.0)	(88.0, 0.0)	(89.0, 0.0)	(90.0, 0.0)	(91.0, 0.0)	(92.0, 0.0)	(93.0, 0.0007526776507425165)	(94.0, 0.0)	(95.0, 0.0)	(96.0, 0.0)	(97.0, 0.0)	(98.0, 0.0)	(99.0, 0.0)	(100.0, 0.0)
184R_0_M_NS6_week9_S88_L001_R1_001	(0.0, 0.0)	(1.0, 0.0)	(2.0, 0.0)	(3.0, 0.0)	(4.0, 0.0)	(5.0, 0.0)	(6.0, 0.0)	(7.0, 0.0)	(8.0, 0.0)	(9.0, 0.0)	(10.0, 0.0)	(11.0, 0.0)	(12.0, 0.0)	(13.0, 0.0)	(14.0, 0.0)	(15.0, 0.0)	(16.0, 0.0)	(17.0, 0.0)	(18.0, 0.0)	(19.0, 0.0)	(20.0, 0.0)	(21.0, 0.0)	(22.0, 0.0)	(23.0, 0.0)	(24.0, 0.0)	(25.0, 0.0)	(26.0, 0.0)	(27.0, 0.0005451670937142234)	(28.0, 0.0)	(29.0, 0.0)	(30.0, 0.0)	(31.0, 0.0)	(32.0, 0.0005451670937142234)	(33.0, 0.0005451670937142234)	(34.0, 0.0005451670937142234)	(35.0, 0.0010903341874284468)	(36.0, 0.0)	(37.0, 0.0010903341874284468)	(38.0, 0.0016355012811426703)	(39.0, 0.002725835468571117)	(40.0, 0.005996838030856457)	(41.0, 0.005996838030856457)	(42.0, 0.006542005124570681)	(43.0, 0.011448508967998691)	(44.0, 0.02725835468571117)	(45.0, 0.20716349561140487)	(46.0, 12.31586981409802)	(47.0, 22.29133729488088)	(48.0, 11.654036962328954)	(49.0, 13.865234694433845)	(50.0, 4.878700321648585)	(51.0, 1.9636918715586327)	(52.0, 0.4704792018753748)	(53.0, 8.10118301259336)	(54.0, 14.744589216594886)	(55.0, 8.108270184811644)	(56.0, 0.8471896636319032)	(57.0, 0.17826963964455106)	(58.0, 0.055061876465136564)	(59.0, 0.05288120809027968)	(60.0, 0.02071634956114049)	(61.0, 0.028348688873139617)	(62.0, 0.010903341874284468)	(63.0, 0.0010903341874284468)	(64.0, 0.0016355012811426703)	(65.0, 0.0005451670937142234)	(66.0, 0.018535681186283594)	(67.0, 0.08504606661941885)	(68.0, 0.027803521779425393)	(69.0, 0.003816169655999564)	(70.0, 0.0010903341874284468)	(71.0, 0.0005451670937142234)	(72.0, 0.0)	(73.0, 0.0)	(74.0, 0.0)	(75.0, 0.0)	(76.0, 0.0)	(77.0, 0.0)	(78.0, 0.0)	(79.0, 0.0)	(80.0, 0.0)	(81.0, 0.0)	(82.0, 0.0)	(83.0, 0.0)	(84.0, 0.0)	(85.0, 0.0)	(86.0, 0.0)	(87.0, 0.0)	(88.0, 0.0)	(89.0, 0.0)	(90.0, 0.0)	(91.0, 0.0)	(92.0, 0.0)	(93.0, 0.0)	(94.0, 0.0)	(95.0, 0.0)	(96.0, 0.0)	(97.0, 0.0)	(98.0, 0.0)	(99.0, 0.0)	(100.0, 0.0)
184R_0_M_NS6_week9_S88_L001_R2_001	(0.0, 0.0)	(1.0, 0.0)	(2.0, 0.0)	(3.0, 0.0)	(4.0, 0.0)	(5.0, 0.0)	(6.0, 0.0)	(7.0, 0.0)	(8.0, 0.0)	(9.0, 0.0)	(10.0, 0.0)	(11.0, 0.0)	(12.0, 0.0)	(13.0, 0.0)	(14.0, 0.0)	(15.0, 0.0)	(16.0, 0.0)	(17.0, 0.0)	(18.0, 0.0)	(19.0, 0.0)	(20.0, 0.0)	(21.0, 0.0)	(22.0, 0.0)	(23.0, 0.0)	(24.0, 0.0)	(25.0, 0.0)	(26.0, 0.0)	(27.0, 0.0)	(28.0, 0.0)	(29.0, 0.0)	(30.0, 0.0)	(31.0, 0.0)	(32.0, 0.0)	(33.0, 0.0)	(34.0, 0.0)	(35.0, 0.0)	(36.0, 0.0)	(37.0, 0.002196547028071871)	(38.0, 0.002196547028071871)	(39.0, 0.0038439572991257743)	(40.0, 0.00494223081316171)	(41.0, 0.00988446162632342)	(42.0, 0.014277555682467162)	(43.0, 0.02196547028071871)	(44.0, 0.03734129947722181)	(45.0, 0.06919123138426395)	(46.0, 0.17078153143258798)	(47.0, 0.6227210824583754)	(48.0, 10.77076835215042)	(49.0, 26.317379080086106)	(50.0, 15.904098756754381)	(51.0, 6.920221411940429)	(52.0, 6.462790493344463)	(53.0, 10.854237139217151)	(54.0, 9.114022756227211)	(55.0, 4.655581425998331)	(56.0, 4.435926723191144)	(57.0, 2.502416201730879)	(58.0, 0.5134428678117998)	(59.0, 0.1806659930589114)	(60.0, 0.07797741949655142)	(61.0, 0.05820849624390458)	(62.0, 0.04173439353336555)	(63.0, 0.031849931907042134)	(64.0, 0.01921978649562887)	(65.0, 0.018670649738610906)	(66.0, 0.012630145411413258)	(67.0, 0.04118525677634758)	(68.0, 0.06095418002899442)	(69.0, 0.029653384878970263)	(70.0, 0.006040504327197645)	(71.0, 0.00494223081316171)	(72.0, 0.0016474102710539033)	(73.0, 0.0)	(74.0, 0.0)	(75.0, 0.0)	(76.0, 0.0005491367570179677)	(77.0, 0.0)	(78.0, 0.0)	(79.0, 0.0005491367570179677)	(80.0, 0.0005491367570179677)	(81.0, 0.0005491367570179677)	(82.0, 0.0005491367570179677)	(83.0, 0.0)	(84.0, 0.0)	(85.0, 0.0)	(86.0, 0.0)	(87.0, 0.0)	(88.0, 0.0005491367570179677)	(89.0, 0.0)	(90.0, 0.0)	(91.0, 0.0)	(92.0, 0.0)	(93.0, 0.0005491367570179677)	(94.0, 0.0005491367570179677)	(95.0, 0.0)	(96.0, 0.0)	(97.0, 0.0)	(98.0, 0.0)	(99.0, 0.0)	(100.0, 0.0)
2402R_0_F_S5_week9_S70_L001_R1_001	(0.0, 0.0)	(1.0, 0.0)	(2.0, 0.0)	(3.0, 0.0)	(4.0, 0.0)	(5.0, 0.0)	(6.0, 0.0)	(7.0, 0.0)	(8.0, 0.0)	(9.0, 0.0)	(10.0, 0.0)	(11.0, 0.0)	(12.0, 0.0)	(13.0, 0.0)	(14.0, 0.0)	(15.0, 0.0)	(16.0, 0.0)	(17.0, 0.0)	(18.0, 0.0)	(19.0, 0.0)	(20.0, 0.0)	(21.0, 0.0)	(22.0, 0.0)	(23.0, 0.0)	(24.0, 0.0)	(25.0, 0.0)	(26.0, 0.0)	(27.0, 0.0)	(28.0, 0.0006107877329391716)	(29.0, 0.0012215754658783432)	(30.0, 0.0006107877329391716)	(31.0, 0.0006107877329391716)	(32.0, 0.0018323631988175148)	(33.0, 0.0018323631988175148)	(34.0, 0.0024431509317566864)	(35.0, 0.0018323631988175148)	(36.0, 0.003053938664695858)	(37.0, 0.003053938664695858)	(38.0, 0.004886301863513373)	(39.0, 0.006107877329391716)	(40.0, 0.004886301863513373)	(41.0, 0.007940240528209233)	(42.0, 0.009161815994087575)	(43.0, 0.01160496692584426)	(44.0, 0.02320993385168852)	(45.0, 0.0732945279527006)	(46.0, 3.3208529039902763)	(47.0, 17.059912168724004)	(48.0, 1.9074900899690332)	(49.0, 2.720448562511071)	(50.0, 7.226840456136278)	(51.0, 5.060376367401037)	(52.0, 0.6309437281261644)	(53.0, 3.914538580407151)	(54.0, 37.92808585232374)	(55.0, 18.348674285225655)	(56.0, 1.0255126036048692)	(57.0, 0.24431509317566863)	(58.0, 0.0946720986055716)	(59.0, 0.11604966925844262)	(60.0, 0.07757004208327481)	(61.0, 0.07024058928800474)	(62.0, 0.018934419721114322)	(63.0, 0.006107877329391716)	(64.0, 0.0006107877329391716)	(65.0, 0.0006107877329391716)	(66.0, 0.009161815994087575)	(67.0, 0.04825223090219456)	(68.0, 0.010383391459965918)	(69.0, 0.0006107877329391716)	(70.0, 0.0)	(71.0, 0.0)	(72.0, 0.0)	(73.0, 0.0)	(74.0, 0.0)	(75.0, 0.0)	(76.0, 0.0)	(77.0, 0.0)	(78.0, 0.0)	(79.0, 0.0)	(80.0, 0.0)	(81.0, 0.0)	(82.0, 0.0)	(83.0, 0.0006107877329391716)	(84.0, 0.0)	(85.0, 0.0)	(86.0, 0.0)	(87.0, 0.0)	(88.0, 0.0)	(89.0, 0.0)	(90.0, 0.0)	(91.0, 0.0)	(92.0, 0.0)	(93.0, 0.0)	(94.0, 0.0)	(95.0, 0.0)	(96.0, 0.0)	(97.0, 0.0)	(98.0, 0.0)	(99.0, 0.0)	(100.0, 0.0)
2402R_0_F_S5_week9_S70_L001_R2_001	(0.0, 0.0)	(1.0, 0.0)	(2.0, 0.0)	(3.0, 0.0)	(4.0, 0.0)	(5.0, 0.0)	(6.0, 0.0)	(7.0, 0.0)	(8.0, 0.0)	(9.0, 0.0)	(10.0, 0.0)	(11.0, 0.0)	(12.0, 0.0)	(13.0, 0.0)	(14.0, 0.0)	(15.0, 0.0)	(16.0, 0.0)	(17.0, 0.0)	(18.0, 0.0)	(19.0, 0.0)	(20.0, 0.0)	(21.0, 0.0)	(22.0, 0.0)	(23.0, 0.0)	(24.0, 0.0)	(25.0, 0.0)	(26.0, 0.0)	(27.0, 0.0)	(28.0, 0.0)	(29.0, 0.0)	(30.0, 0.0)	(31.0, 0.0)	(32.0, 0.0)	(33.0, 0.0)	(34.0, 0.0)	(35.0, 0.0006020674997942935)	(36.0, 0.0006020674997942935)	(37.0, 0.0006020674997942935)	(38.0, 0.0018062024993828808)	(39.0, 0.0006020674997942935)	(40.0, 0.001204134999588587)	(41.0, 0.004816539998354348)	(42.0, 0.007826877497325817)	(43.0, 0.017459957494034513)	(44.0, 0.031909577489097556)	(45.0, 0.051777804982309245)	(46.0, 0.08609565247058398)	(47.0, 0.3726797823726677)	(48.0, 9.273645699331503)	(49.0, 14.048040972700251)	(50.0, 2.1156651942771476)	(51.0, 0.7555947122418384)	(52.0, 1.8856754093557273)	(53.0, 8.306725294661868)	(54.0, 12.744564835645605)	(55.0, 7.327161472496553)	(56.0, 23.967103031811238)	(57.0, 15.018573782368652)	(58.0, 2.4455981841644205)	(59.0, 0.5864137447996419)	(60.0, 0.24805180991524894)	(61.0, 0.17158923744137367)	(62.0, 0.13727138995309895)	(63.0, 0.09753493496667555)	(64.0, 0.065625357477578)	(65.0, 0.05298193998189783)	(66.0, 0.034919914988069026)	(67.0, 0.03552198248786332)	(68.0, 0.0469612649839549)	(69.0, 0.02528683499136033)	(70.0, 0.01384755249526875)	(71.0, 0.004214472498560055)	(72.0, 0.003010337498971468)	(73.0, 0.003010337498971468)	(74.0, 0.001204134999588587)	(75.0, 0.0006020674997942935)	(76.0, 0.0006020674997942935)	(77.0, 0.0)	(78.0, 0.0)	(79.0, 0.0006020674997942935)	(80.0, 0.0006020674997942935)	(81.0, 0.0)	(82.0, 0.0006020674997942935)	(83.0, 0.0)	(84.0, 0.0006020674997942935)	(85.0, 0.0006020674997942935)	(86.0, 0.0)	(87.0, 0.0)	(88.0, 0.0)	(89.0, 0.0)	(90.0, 0.0)	(91.0, 0.0)	(92.0, 0.0)	(93.0, 0.0)	(94.0, 0.0)	(95.0, 0.0)	(96.0, 0.0)	(97.0, 0.0)	(98.0, 0.0006020674997942935)	(99.0, 0.0006020674997942935)	(100.0, 0.0008027566663923914)
2403R_0_F_NS6_week9_S80_L001_R1_001	(0.0, 0.0)	(1.0, 0.0)	(2.0, 0.0)	(3.0, 0.0)	(4.0, 0.0)	(5.0, 0.0)	(6.0, 0.0)	(7.0, 0.0)	(8.0, 0.0)	(9.0, 0.0)	(10.0, 0.0)	(11.0, 0.0)	(12.0, 0.0)	(13.0, 0.0)	(14.0, 0.0)	(15.0, 0.0)	(16.0, 0.0)	(17.0, 0.0)	(18.0, 0.0)	(19.0, 0.0)	(20.0, 0.0)	(21.0, 0.0)	(22.0, 0.0)	(23.0, 0.0)	(24.0, 0.0)	(25.0, 0.0)	(26.0, 0.0005473663468222647)	(27.0, 0.0010947326936445294)	(28.0, 0.0)	(29.0, 0.0)	(30.0, 0.0)	(31.0, 0.0)	(32.0, 0.0)	(33.0, 0.0)	(34.0, 0.0005473663468222647)	(35.0, 0.0010947326936445294)	(36.0, 0.0027368317341113233)	(37.0, 0.0021894653872890587)	(38.0, 0.0021894653872890587)	(39.0, 0.0038315644277558524)	(40.0, 0.0016420990404667941)	(41.0, 0.004926297121400382)	(42.0, 0.007115762508689441)	(43.0, 0.012042059630089823)	(44.0, 0.02244202021971285)	(45.0, 0.11604166552632011)	(46.0, 6.957573634457806)	(47.0, 12.615699561559557)	(48.0, 16.87530447253042)	(49.0, 17.529407256983028)	(50.0, 3.6432704044489936)	(51.0, 1.4417629575298452)	(52.0, 0.48277711789723743)	(53.0, 6.676227332191162)	(54.0, 25.159694131685395)	(55.0, 7.36207736475946)	(56.0, 0.5917030209148681)	(57.0, 0.15107311172294505)	(58.0, 0.0634944962313827)	(59.0, 0.05309453564175967)	(60.0, 0.025726218300646437)	(61.0, 0.031199881768869085)	(62.0, 0.009305227895978499)	(63.0, 0.004926297121400382)	(64.0, 0.0016420990404667941)	(65.0, 0.0016420990404667941)	(66.0, 0.022989386566535118)	(67.0, 0.09578911069389633)	(68.0, 0.01970518848560153)	(69.0, 0.0038315644277558524)	(70.0, 0.0016420990404667941)	(71.0, 0.0)	(72.0, 0.0)	(73.0, 0.0)	(74.0, 0.0)	(75.0, 0.0)	(76.0, 0.0)	(77.0, 0.0)	(78.0, 0.0)	(79.0, 0.0)	(80.0, 0.0)	(81.0, 0.0)	(82.0, 0.0)	(83.0, 0.0)	(84.0, 0.0)	(85.0, 0.0)	(86.0, 0.0)	(87.0, 0.0)	(88.0, 0.0)	(89.0, 0.0)	(90.0, 0.0)	(91.0, 0.0)	(92.0, 0.0)	(93.0, 0.0)	(94.0, 0.0)	(95.0, 0.0)	(96.0, 0.0)	(97.0, 0.0)	(98.0, 0.0)	(99.0, 0.0)	(100.0, 0.0)
2403R_0_F_NS6_week9_S80_L001_R2_001	(0.0, 0.0)	(1.0, 0.0)	(2.0, 0.0)	(3.0, 0.0)	(4.0, 0.0)	(5.0, 0.0)	(6.0, 0.0)	(7.0, 0.0)	(8.0, 0.0)	(9.0, 0.0005541445393673517)	(10.0, 0.0005541445393673517)	(11.0, 0.0005541445393673517)	(12.0, 0.0)	(13.0, 0.0)	(14.0, 0.0)	(15.0, 0.0)	(16.0, 0.0005541445393673517)	(17.0, 0.0005541445393673517)	(18.0, 0.0)	(19.0, 0.0)	(20.0, 0.0)	(21.0, 0.0)	(22.0, 0.0)	(23.0, 0.0)	(24.0, 0.0)	(25.0, 0.0)	(26.0, 0.0)	(27.0, 0.0)	(28.0, 0.0)	(29.0, 0.0)	(30.0, 0.0)	(31.0, 0.0)	(32.0, 0.0)	(33.0, 0.0)	(34.0, 0.0005541445393673517)	(35.0, 0.0)	(36.0, 0.0005541445393673517)	(37.0, 0.0011082890787347034)	(38.0, 0.0033248672362041097)	(39.0, 0.004987300854306165)	(40.0, 0.006649734472408219)	(41.0, 0.011637035326714383)	(42.0, 0.012191179866081736)	(43.0, 0.02493650427153082)	(44.0, 0.04433156314938813)	(45.0, 0.07647194643269452)	(46.0, 0.15793119371969522)	(47.0, 0.5253290233202493)	(48.0, 6.407573308704687)	(49.0, 22.235049642114983)	(50.0, 18.905749249595935)	(51.0, 5.493234818748557)	(52.0, 5.29374278457631)	(53.0, 13.794874163010851)	(54.0, 8.065573770491802)	(55.0, 3.6556915262064185)	(56.0, 8.18748556915262)	(57.0, 5.047148464557838)	(58.0, 1.0334795659201108)	(59.0, 0.3263911336873701)	(60.0, 0.1601477718771646)	(61.0, 0.10196259524359269)	(62.0, 0.08478411452320479)	(63.0, 0.050981297621796345)	(64.0, 0.03768182867697991)	(65.0, 0.02493650427153082)	(66.0, 0.031586238743939045)	(67.0, 0.051535442161163694)	(68.0, 0.07037635649965365)	(69.0, 0.03712768413761256)	(70.0, 0.014961902562918496)	(71.0, 0.005541445393673516)	(72.0, 0.0022165781574694067)	(73.0, 0.0005541445393673517)	(74.0, 0.0011082890787347034)	(75.0, 0.0)	(76.0, 0.0005541445393673517)	(77.0, 0.0005541445393673517)	(78.0, 0.0005541445393673517)	(79.0, 0.0005541445393673517)	(80.0, 0.0)	(81.0, 0.0)	(82.0, 0.0)	(83.0, 0.0)	(84.0, 0.0)	(85.0, 0.0)	(86.0, 0.0)	(87.0, 0.0)	(88.0, 0.0)	(89.0, 0.0005541445393673517)	(90.0, 0.0005541445393673517)	(91.0, 0.0011082890787347034)	(92.0, 0.0005541445393673517)	(93.0, 0.0)	(94.0, 0.0)	(95.0, 0.0)	(96.0, 0.0)	(97.0, 0.0)	(98.0, 0.0)	(99.0, 0.0)	(100.0, 0.0007388593858231355)
2404R_R_F_S2_week5_S35_L001_R1_001	(0.0, 0.0)	(1.0, 0.0)	(2.0, 0.0)	(3.0, 0.0)	(4.0, 0.0)	(5.0, 0.0)	(6.0, 0.0)	(7.0, 0.0)	(8.0, 0.0)	(9.0, 0.0)	(10.0, 0.0)	(11.0, 0.0)	(12.0, 0.0)	(13.0, 0.0)	(14.0, 0.0)	(15.0, 0.0)	(16.0, 0.0)	(17.0, 0.0)	(18.0, 0.0)	(19.0, 0.0)	(20.0, 0.0)	(21.0, 0.0)	(22.0, 0.0)	(23.0, 0.0)	(24.0, 0.0)	(25.0, 0.0)	(26.0, 0.0)	(27.0, 0.0)	(28.0, 0.0)	(29.0, 0.0)	(30.0, 0.0)	(31.0, 0.0)	(32.0, 0.0007607918321388902)	(33.0, 0.0007607918321388902)	(34.0, 0.0007607918321388902)	(35.0, 0.0038039591606944512)	(36.0, 0.0022823754964166705)	(37.0, 0.0007607918321388902)	(38.0, 0.0007607918321388902)	(39.0, 0.0)	(40.0, 0.0015215836642777803)	(41.0, 0.0038039591606944512)	(42.0, 0.004564750992833341)	(43.0, 0.0068471264892500106)	(44.0, 0.023584546796305592)	(45.0, 0.0616241384032501)	(46.0, 1.7186287488017526)	(47.0, 35.49702530393633)	(48.0, 10.078209400343878)	(49.0, 3.448669375085589)	(50.0, 7.795073112095069)	(51.0, 5.537042954306842)	(52.0, 0.4602790584440285)	(53.0, 5.909830952054898)	(54.0, 20.391503476818674)	(55.0, 8.038526498379515)	(56.0, 0.582005751586251)	(57.0, 0.10498927283516685)	(58.0, 0.038039591606944506)	(59.0, 0.1011853136744724)	(60.0, 0.06618888939608344)	(61.0, 0.09738135451377794)	(62.0, 0.010651085649944462)	(63.0, 0.0015215836642777803)	(64.0, 0.0)	(65.0, 0.0)	(66.0, 0.0022823754964166705)	(67.0, 0.008368710153527793)	(68.0, 0.0007607918321388902)	(69.0, 0.0)	(70.0, 0.0)	(71.0, 0.0)	(72.0, 0.0)	(73.0, 0.0)	(74.0, 0.0)	(75.0, 0.0)	(76.0, 0.0)	(77.0, 0.0)	(78.0, 0.0)	(79.0, 0.0)	(80.0, 0.0)	(81.0, 0.0)	(82.0, 0.0)	(83.0, 0.0)	(84.0, 0.0)	(85.0, 0.0)	(86.0, 0.0)	(87.0, 0.0)	(88.0, 0.0)	(89.0, 0.0)	(90.0, 0.0)	(91.0, 0.0)	(92.0, 0.0)	(93.0, 0.0)	(94.0, 0.0)	(95.0, 0.0)	(96.0, 0.0)	(97.0, 0.0)	(98.0, 0.0)	(99.0, 0.0)	(100.0, 0.0)
2404R_R_F_S2_week5_S35_L001_R2_001	(0.0, 0.0)	(1.0, 0.0)	(2.0, 0.0)	(3.0, 0.0)	(4.0, 0.0)	(5.0, 0.0)	(6.0, 0.0)	(7.0, 0.0)	(8.0, 0.0)	(9.0, 0.0)	(10.0, 0.0)	(11.0, 0.0)	(12.0, 0.0)	(13.0, 0.0)	(14.0, 0.0)	(15.0, 0.0)	(16.0, 0.0)	(17.0, 0.0)	(18.0, 0.0)	(19.0, 0.0)	(20.0, 0.0)	(21.0, 0.0)	(22.0, 0.0)	(23.0, 0.0)	(24.0, 0.0)	(25.0, 0.0)	(26.0, 0.0)	(27.0, 0.0)	(28.0, 0.0)	(29.0, 0.0)	(30.0, 0.0)	(31.0, 0.0)	(32.0, 0.0)	(33.0, 0.0)	(34.0, 0.0)	(35.0, 0.0)	(36.0, 0.0)	(37.0, 0.0)	(38.0, 0.0015205425295745521)	(39.0, 0.002280813794361828)	(40.0, 0.004561627588723656)	(41.0, 0.00988352644223459)	(42.0, 0.012924611501383692)	(43.0, 0.018246510354894625)	(44.0, 0.03725329197457653)	(45.0, 0.06082170118298209)	(46.0, 0.12924611501383693)	(47.0, 0.4728887266976857)	(48.0, 11.110604263601251)	(49.0, 32.50083629839126)	(50.0, 6.038074384940547)	(51.0, 0.9404555545418605)	(52.0, 3.9959857677219235)	(53.0, 11.816135997323846)	(54.0, 12.029011951464282)	(55.0, 4.22862877474683)	(56.0, 9.1240154487121)	(57.0, 5.708116656022869)	(58.0, 0.9176474165982422)	(59.0, 0.283581181765654)	(60.0, 0.1307666575434115)	(61.0, 0.1049174345406441)	(62.0, 0.10871879086458047)	(63.0, 0.06614360003649303)	(64.0, 0.04637654715202384)	(65.0, 0.022047866678831005)	(66.0, 0.0190067816196819)	(67.0, 0.01368488276617097)	(68.0, 0.018246510354894625)	(69.0, 0.012164340236596417)	(70.0, 0.002280813794361828)	(71.0, 0.0038013563239363804)	(72.0, 0.0015205425295745521)	(73.0, 0.0)	(74.0, 0.002280813794361828)	(75.0, 0.0007602712647872761)	(76.0, 0.0)	(77.0, 0.0)	(78.0, 0.0)	(79.0, 0.0)	(80.0, 0.0)	(81.0, 0.0)	(82.0, 0.0)	(83.0, 0.0)	(84.0, 0.0)	(85.0, 0.0007602712647872761)	(86.0, 0.0)	(87.0, 0.0007602712647872761)	(88.0, 0.0007602712647872761)	(89.0, 0.0007602712647872761)	(90.0, 0.0)	(91.0, 0.0)	(92.0, 0.0)	(93.0, 0.0)	(94.0, 0.0)	(95.0, 0.0)	(96.0, 0.0)	(97.0, 0.0007602712647872761)	(98.0, 0.0)	(99.0, 0.0007602712647872761)	(100.0, 0.0)
2404R_R_F_S2_week6_S36_L001_R1_001	(0.0, 0.0)	(1.0, 0.0)	(2.0, 0.0)	(3.0, 0.0)	(4.0, 0.0)	(5.0, 0.0)	(6.0, 0.0)	(7.0, 0.0)	(8.0, 0.0)	(9.0, 0.0)	(10.0, 0.0)	(11.0, 0.0)	(12.0, 0.0)	(13.0, 0.0)	(14.0, 0.0)	(15.0, 0.0)	(16.0, 0.0)	(17.0, 0.0)	(18.0, 0.0)	(19.0, 0.0)	(20.0, 0.0)	(21.0, 0.0)	(22.0, 0.0)	(23.0, 0.0)	(24.0, 0.0)	(25.0, 0.0)	(26.0, 0.0)	(27.0, 0.0)	(28.0, 0.0)	(29.0, 0.0)	(30.0, 0.0)	(31.0, 0.0006780626394266302)	(32.0, 0.0006780626394266302)	(33.0, 0.0)	(34.0, 0.0006780626394266302)	(35.0, 0.0006780626394266302)	(36.0, 0.003390313197133151)	(37.0, 0.0040683758365597815)	(38.0, 0.0013561252788532605)	(39.0, 0.002712250557706521)	(40.0, 0.008814814312546193)	(41.0, 0.010170939591399454)	(42.0, 0.008814814312546193)	(43.0, 0.008814814312546193)	(44.0, 0.023054129740505427)	(45.0, 0.06034757490897009)	(46.0, 1.1411794221550187)	(47.0, 28.98785589812787)	(48.0, 8.336102089110991)	(49.0, 2.9733046738857736)	(50.0, 7.259338617701504)	(51.0, 5.161412811315509)	(52.0, 0.46379484536781507)	(53.0, 4.764746167250931)	(54.0, 29.77440855986276)	(55.0, 9.744438191200103)	(56.0, 0.6509401338495651)	(57.0, 0.13629059052475267)	(58.0, 0.05153276059642389)	(59.0, 0.18511110056347005)	(60.0, 0.09018233104374182)	(61.0, 0.10238745855342117)	(62.0, 0.012883190149105973)	(63.0, 0.0020341879182798907)	(64.0, 0.0013561252788532605)	(65.0, 0.0006780626394266302)	(66.0, 0.003390313197133151)	(67.0, 0.018307691264519015)	(68.0, 0.0040683758365597815)	(69.0, 0.0)	(70.0, 0.0)	(71.0, 0.0)	(72.0, 0.0)	(73.0, 0.0)	(74.0, 0.0)	(75.0, 0.0)	(76.0, 0.0)	(77.0, 0.0)	(78.0, 0.0)	(79.0, 0.0)	(80.0, 0.0)	(81.0, 0.0)	(82.0, 0.0)	(83.0, 0.0)	(84.0, 0.0)	(85.0, 0.0)	(86.0, 0.0)	(87.0, 0.0)	(88.0, 0.0)	(89.0, 0.0)	(90.0, 0.0)	(91.0, 0.0)	(92.0, 0.0)	(93.0, 0.0)	(94.0, 0.0)	(95.0, 0.0)	(96.0, 0.0)	(97.0, 0.0)	(98.0, 0.0)	(99.0, 0.0)	(100.0, 0.0)
2404R_R_F_S2_week6_S36_L001_R2_001	(0.0, 0.0)	(1.0, 0.0)	(2.0, 0.0)	(3.0, 0.0)	(4.0, 0.0)	(5.0, 0.0)	(6.0, 0.0)	(7.0, 0.0)	(8.0, 0.0)	(9.0, 0.0)	(10.0, 0.0)	(11.0, 0.0)	(12.0, 0.0)	(13.0, 0.0)	(14.0, 0.0)	(15.0, 0.0)	(16.0, 0.0)	(17.0, 0.0)	(18.0, 0.0)	(19.0, 0.0)	(20.0, 0.0)	(21.0, 0.0)	(22.0, 0.0)	(23.0, 0.0)	(24.0, 0.0)	(25.0, 0.0)	(26.0, 0.0)	(27.0, 0.0)	(28.0, 0.0)	(29.0, 0.0)	(30.0, 0.0)	(31.0, 0.0)	(32.0, 0.0)	(33.0, 0.0)	(34.0, 0.0006700661355275766)	(35.0, 0.0006700661355275766)	(36.0, 0.0006700661355275766)	(37.0, 0.0)	(38.0, 0.001340132271055153)	(39.0, 0.0020101984065827297)	(40.0, 0.003350330677637883)	(41.0, 0.004020396813165459)	(42.0, 0.012061190439496378)	(43.0, 0.0227822486079376)	(44.0, 0.03752370358954429)	(45.0, 0.05494542311326128)	(46.0, 0.09648952351597102)	(47.0, 0.31627121596901614)	(48.0, 6.82663378875495)	(49.0, 27.24622920282232)	(50.0, 6.1900709600037525)	(51.0, 0.9173205395372523)	(52.0, 3.030039064855701)	(53.0, 9.320619945188591)	(54.0, 8.504479392116002)	(55.0, 4.439858214005723)	(56.0, 18.579593805908644)	(57.0, 11.298655177265998)	(58.0, 1.8587634599534972)	(59.0, 0.4630156996495554)	(60.0, 0.18426818727008354)	(61.0, 0.15009481435817715)	(62.0, 0.13669349164762562)	(63.0, 0.08643853148305738)	(64.0, 0.05226515857115097)	(65.0, 0.0428842326737649)	(66.0, 0.0314931083697961)	(67.0, 0.026132579285575486)	(68.0, 0.02479244701452033)	(69.0, 0.017421719523716992)	(70.0, 0.008040793626330919)	(71.0, 0.0020101984065827297)	(72.0, 0.002680264542110306)	(73.0, 0.0006700661355275766)	(74.0, 0.0006700661355275766)	(75.0, 0.0)	(76.0, 0.0006700661355275766)	(77.0, 0.0)	(78.0, 0.0)	(79.0, 0.0)	(80.0, 0.0)	(81.0, 0.0)	(82.0, 0.0020101984065827297)	(83.0, 0.0020101984065827297)	(84.0, 0.0)	(85.0, 0.0)	(86.0, 0.0)	(87.0, 0.0)	(88.0, 0.0006700661355275766)	(89.0, 0.0)	(90.0, 0.0)	(91.0, 0.0)	(92.0, 0.0)	(93.0, 0.0)	(94.0, 0.0)	(95.0, 0.0)	(96.0, 0.0)	(97.0, 0.0)	(98.0, 0.0)	(99.0, 0.0)	(100.0, 0.0)
2404R_R_F_S2_week7_S37_L001_R1_001	(0.0, 0.0)	(1.0, 0.0)	(2.0, 0.0)	(3.0, 0.0)	(4.0, 0.0)	(5.0, 0.0)	(6.0, 0.0)	(7.0, 0.0)	(8.0, 0.0)	(9.0, 0.0)	(10.0, 0.0)	(11.0, 0.0)	(12.0, 0.0)	(13.0, 0.0)	(14.0, 0.0)	(15.0, 0.0)	(16.0, 0.0)	(17.0, 0.0)	(18.0, 0.0)	(19.0, 0.0)	(20.0, 0.0)	(21.0, 0.0)	(22.0, 0.0)	(23.0, 0.0)	(24.0, 0.0)	(25.0, 0.0)	(26.0, 0.0)	(27.0, 0.0)	(28.0, 0.001274226226124186)	(29.0, 0.000637113113062093)	(30.0, 0.000637113113062093)	(31.0, 0.002548452452248372)	(32.0, 0.001911339339186279)	(33.0, 0.007008244243683024)	(34.0, 0.002548452452248372)	(35.0, 0.001274226226124186)	(36.0, 0.008282470469807209)	(37.0, 0.005734018017558838)	(38.0, 0.00637113113062093)	(39.0, 0.005734018017558838)	(40.0, 0.009556696695931396)	(41.0, 0.010830922922055583)	(42.0, 0.01274226226124186)	(43.0, 0.019750506504924884)	(44.0, 0.03567833433147721)	(45.0, 0.10384943742912116)	(46.0, 1.7966589788351024)	(47.0, 27.867964678449013)	(48.0, 8.05756954089629)	(49.0, 2.423578282088202)	(50.0, 5.2893130646414965)	(51.0, 3.9806827304119574)	(52.0, 0.47337504300513517)	(53.0, 3.372239707437658)	(54.0, 33.405751857184725)	(55.0, 11.794237949005467)	(56.0, 0.6269193032530995)	(57.0, 0.16118961760470954)	(58.0, 0.06498553753233349)	(59.0, 0.21215866664967697)	(60.0, 0.09429274073318977)	(61.0, 0.07199378177601652)	(62.0, 0.0184762802788007)	(63.0, 0.003185565565310465)	(64.0, 0.000637113113062093)	(65.0, 0.0)	(66.0, 0.007008244243683024)	(67.0, 0.030581429426980465)	(68.0, 0.009556696695931396)	(69.0, 0.001274226226124186)	(70.0, 0.0)	(71.0, 0.0)	(72.0, 0.0)	(73.0, 0.0)	(74.0, 0.0)	(75.0, 0.0)	(76.0, 0.0)	(77.0, 0.0)	(78.0, 0.0)	(79.0, 0.0)	(80.0, 0.0)	(81.0, 0.0)	(82.0, 0.0)	(83.0, 0.0)	(84.0, 0.0)	(85.0, 0.0)	(86.0, 0.0)	(87.0, 0.0)	(88.0, 0.0)	(89.0, 0.0)	(90.0, 0.0)	(91.0, 0.0)	(92.0, 0.0)	(93.0, 0.0)	(94.0, 0.0)	(95.0, 0.0)	(96.0, 0.0)	(97.0, 0.0)	(98.0, 0.0)	(99.0, 0.0)	(100.0, 0.0)
2404R_R_F_S2_week7_S37_L001_R2_001	(0.0, 0.0)	(1.0, 0.0)	(2.0, 0.0)	(3.0, 0.0)	(4.0, 0.0)	(5.0, 0.0)	(6.0, 0.0)	(7.0, 0.0)	(8.0, 0.0)	(9.0, 0.0)	(10.0, 0.0)	(11.0, 0.0)	(12.0, 0.0)	(13.0, 0.0)	(14.0, 0.0)	(15.0, 0.0)	(16.0, 0.0)	(17.0, 0.0)	(18.0, 0.0)	(19.0, 0.0)	(20.0, 0.0)	(21.0, 0.0)	(22.0, 0.0)	(23.0, 0.0)	(24.0, 0.0)	(25.0, 0.0006235774639104543)	(26.0, 0.0006235774639104543)	(27.0, 0.0)	(28.0, 0.0)	(29.0, 0.0)	(30.0, 0.0)	(31.0, 0.0)	(32.0, 0.0)	(33.0, 0.0)	(34.0, 0.0)	(35.0, 0.0)	(36.0, 0.0006235774639104543)	(37.0, 0.0012471549278209085)	(38.0, 0.0012471549278209085)	(39.0, 0.0018707323917313628)	(40.0, 0.0037414647834627256)	(41.0, 0.009977239422567268)	(42.0, 0.01309512674211954)	(43.0, 0.028060985875970442)	(44.0, 0.03803822529853771)	(45.0, 0.07295856327752315)	(46.0, 0.1515293237302404)	(47.0, 0.48763757677797526)	(48.0, 10.333302154460137)	(49.0, 24.482898388052256)	(50.0, 4.6755838244005865)	(51.0, 0.8630312100520686)	(52.0, 1.8295762791132728)	(53.0, 6.034359118261466)	(54.0, 6.518255230255979)	(55.0, 4.772238331306706)	(56.0, 21.979858447915692)	(57.0, 13.75611885386462)	(58.0, 2.473108221868862)	(59.0, 0.6154709568796183)	(60.0, 0.22698219686340537)	(61.0, 0.14778785894677765)	(62.0, 0.12783338010164313)	(63.0, 0.09041873226701587)	(64.0, 0.05487481682411998)	(65.0, 0.04676830979328407)	(66.0, 0.03928538022635862)	(67.0, 0.03741464783462726)	(68.0, 0.028684563339880897)	(69.0, 0.019954478845134536)	(70.0, 0.014965859133850902)	(71.0, 0.011224394350388177)	(72.0, 0.00436504224737318)	(73.0, 0.002494309855641817)	(74.0, 0.0)	(75.0, 0.0006235774639104543)	(76.0, 0.0006235774639104543)	(77.0, 0.0)	(78.0, 0.0)	(79.0, 0.0)	(80.0, 0.0)	(81.0, 0.0)	(82.0, 0.0)	(83.0, 0.0)	(84.0, 0.0)	(85.0, 0.0)	(86.0, 0.0)	(87.0, 0.0)	(88.0, 0.0)	(89.0, 0.0)	(90.0, 0.0006235774639104543)	(91.0, 0.0)	(92.0, 0.0)	(93.0, 0.0)	(94.0, 0.0)	(95.0, 0.0)	(96.0, 0.0)	(97.0, 0.0)	(98.0, 0.0)	(99.0, 0.0)	(100.0, 0.0)
2404R_R_F_S2_week9_S38_L001_R1_001	(0.0, 0.0)	(1.0, 0.0)	(2.0, 0.0)	(3.0, 0.0)	(4.0, 0.0)	(5.0, 0.0)	(6.0, 0.0)	(7.0, 0.0)	(8.0, 0.0)	(9.0, 0.0)	(10.0, 0.0)	(11.0, 0.0)	(12.0, 0.0)	(13.0, 0.0)	(14.0, 0.0)	(15.0, 0.0)	(16.0, 0.0)	(17.0, 0.0)	(18.0, 0.0)	(19.0, 0.0)	(20.0, 0.0)	(21.0, 0.0)	(22.0, 0.0)	(23.0, 0.0)	(24.0, 0.0)	(25.0, 0.0)	(26.0, 0.0007678722260615835)	(27.0, 0.0007678722260615835)	(28.0, 0.0007678722260615835)	(29.0, 0.0007678722260615835)	(30.0, 0.0007678722260615835)	(31.0, 0.0023036166781847498)	(32.0, 0.0023036166781847498)	(33.0, 0.0007678722260615835)	(34.0, 0.0023036166781847498)	(35.0, 0.003071488904246334)	(36.0, 0.003071488904246334)	(37.0, 0.003839361130307917)	(38.0, 0.0046072333563694995)	(39.0, 0.0046072333563694995)	(40.0, 0.007678722260615834)	(41.0, 0.009982338938800583)	(42.0, 0.007678722260615834)	(43.0, 0.01689318897335483)	(44.0, 0.03378637794670966)	(45.0, 0.13284189510865393)	(46.0, 2.742071719265914)	(47.0, 34.00215004223297)	(48.0, 9.355755202334331)	(49.0, 3.711894340781694)	(50.0, 8.29839514704753)	(51.0, 5.954081240881518)	(52.0, 0.5789756584504339)	(53.0, 6.381786070797819)	(54.0, 21.47968977962067)	(55.0, 6.234354603393996)	(56.0, 0.5052599247485219)	(57.0, 0.11825232281348383)	(58.0, 0.04991169469400292)	(59.0, 0.11825232281348383)	(60.0, 0.07141211702372725)	(61.0, 0.0967519004837595)	(62.0, 0.01612531674729325)	(63.0, 0.001535744452123167)	(64.0, 0.0023036166781847498)	(65.0, 0.0023036166781847498)	(66.0, 0.003839361130307917)	(67.0, 0.026107655686093835)	(68.0, 0.007678722260615834)	(69.0, 0.001535744452123167)	(70.0, 0.0)	(71.0, 0.0)	(72.0, 0.0)	(73.0, 0.0)	(74.0, 0.0)	(75.0, 0.0)	(76.0, 0.0)	(77.0, 0.0)	(78.0, 0.0)	(79.0, 0.0)	(80.0, 0.0)	(81.0, 0.0)	(82.0, 0.0)	(83.0, 0.0)	(84.0, 0.0)	(85.0, 0.0)	(86.0, 0.0)	(87.0, 0.0)	(88.0, 0.0)	(89.0, 0.0)	(90.0, 0.0)	(91.0, 0.0)	(92.0, 0.0)	(93.0, 0.0)	(94.0, 0.0)	(95.0, 0.0)	(96.0, 0.0)	(97.0, 0.0)	(98.0, 0.0)	(99.0, 0.0)	(100.0, 0.0)
2404R_R_F_S2_week9_S38_L001_R2_001	(0.0, 0.0)	(1.0, 0.0)	(2.0, 0.0)	(3.0, 0.0)	(4.0, 0.0)	(5.0, 0.0)	(6.0, 0.0)	(7.0, 0.0)	(8.0, 0.0)	(9.0, 0.0)	(10.0, 0.0)	(11.0, 0.0)	(12.0, 0.0)	(13.0, 0.0007603521951367874)	(14.0, 0.0007603521951367874)	(15.0, 0.0)	(16.0, 0.0)	(17.0, 0.0)	(18.0, 0.0)	(19.0, 0.0)	(20.0, 0.0)	(21.0, 0.0007603521951367874)	(22.0, 0.0007603521951367874)	(23.0, 0.0)	(24.0, 0.0)	(25.0, 0.0)	(26.0, 0.0)	(27.0, 0.0)	(28.0, 0.0)	(29.0, 0.0)	(30.0, 0.0)	(31.0, 0.0007603521951367874)	(32.0, 0.0)	(33.0, 0.0007603521951367874)	(34.0, 0.0)	(35.0, 0.0)	(36.0, 0.0)	(37.0, 0.0007603521951367874)	(38.0, 0.002281056585410362)	(39.0, 0.0015207043902735749)	(40.0, 0.005322465365957511)	(41.0, 0.008363874146504661)	(42.0, 0.023570918049240407)	(43.0, 0.02965373561033471)	(44.0, 0.04714183609848081)	(45.0, 0.07299381073313159)	(46.0, 0.18932769658906004)	(47.0, 0.7033257805015283)	(48.0, 15.559847321279216)	(49.0, 28.629541203485452)	(50.0, 4.501284995209781)	(51.0, 1.1952736507550297)	(52.0, 4.555270001064493)	(53.0, 12.446205082194073)	(54.0, 10.032086862634774)	(55.0, 3.698353077145334)	(56.0, 9.98342432214602)	(57.0, 6.297997232318011)	(58.0, 1.1215194878267614)	(59.0, 0.3231496829331346)	(60.0, 0.1262184643927067)	(61.0, 0.1026475463434663)	(62.0, 0.09504402439209841)	(63.0, 0.06767134536717408)	(64.0, 0.055505710244985476)	(65.0, 0.03193479219574507)	(66.0, 0.014446691707598961)	(67.0, 0.01900880487841968)	(68.0, 0.01748810048814611)	(69.0, 0.02052950926869326)	(70.0, 0.004562113170820724)	(71.0, 0.002281056585410362)	(72.0, 0.0030414087805471497)	(73.0, 0.0030414087805471497)	(74.0, 0.0015207043902735749)	(75.0, 0.0)	(76.0, 0.0)	(77.0, 0.0)	(78.0, 0.0)	(79.0, 0.0)	(80.0, 0.0007603521951367874)	(81.0, 0.0007603521951367874)	(82.0, 0.0007603521951367874)	(83.0, 0.0)	(84.0, 0.0)	(85.0, 0.0)	(86.0, 0.0)	(87.0, 0.0)	(88.0, 0.0)	(89.0, 0.0)	(90.0, 0.0)	(91.0, 0.0)	(92.0, 0.0)	(93.0, 0.0)	(94.0, 0.0)	(95.0, 0.0)	(96.0, 0.0)	(97.0, 0.0)	(98.0, 0.0)	(99.0, 0.0)	(100.0, 0.0)
2433R_0_F_S5_week9_S71_L001_R1_001	(0.0, 0.0)	(1.0, 0.0)	(2.0, 0.0)	(3.0, 0.0)	(4.0, 0.0)	(5.0, 0.0)	(6.0, 0.0)	(7.0, 0.0)	(8.0, 0.0)	(9.0, 0.0)	(10.0, 0.0)	(11.0, 0.0)	(12.0, 0.0)	(13.0, 0.0)	(14.0, 0.0)	(15.0, 0.0)	(16.0, 0.0)	(17.0, 0.0)	(18.0, 0.0)	(19.0, 0.0)	(20.0, 0.0)	(21.0, 0.0)	(22.0, 0.0)	(23.0, 0.0)	(24.0, 0.0)	(25.0, 0.0005987701261608656)	(26.0, 0.0005987701261608656)	(27.0, 0.0005987701261608656)	(28.0, 0.001796310378482597)	(29.0, 0.0)	(30.0, 0.0023950805046434624)	(31.0, 0.0029938506308043278)	(32.0, 0.0005987701261608656)	(33.0, 0.0023950805046434624)	(34.0, 0.004191390883126059)	(35.0, 0.004191390883126059)	(36.0, 0.004790161009286925)	(37.0, 0.0059877012616086555)	(38.0, 0.011376632397056446)	(39.0, 0.007784011640091252)	(40.0, 0.007784011640091252)	(41.0, 0.012574172649378176)	(42.0, 0.01616679340634337)	(43.0, 0.011975402523217311)	(44.0, 0.0347286673173302)	(45.0, 0.09520445005957763)	(46.0, 4.318330149872162)	(47.0, 22.93768599297044)	(48.0, 2.5411804154267137)	(49.0, 4.211150297289368)	(50.0, 11.11017969091486)	(51.0, 7.418163093006963)	(52.0, 0.7047524384913388)	(53.0, 3.9393086600123346)	(54.0, 28.333203599806)	(55.0, 12.877150333215576)	(56.0, 0.8089384404433294)	(57.0, 0.1790322677220988)	(58.0, 0.05808070223760396)	(59.0, 0.08861797867180811)	(60.0, 0.06825979438233869)	(61.0, 0.06526594375153436)	(62.0, 0.01496925315402164)	(63.0, 0.007185241513930388)	(64.0, 0.001796310378482597)	(65.0, 0.0011975402523217312)	(66.0, 0.00958032201857385)	(67.0, 0.053290541228317036)	(68.0, 0.0191606440371477)	(69.0, 0.004191390883126059)	(70.0, 0.0005987701261608656)	(71.0, 0.0)	(72.0, 0.0)	(73.0, 0.0)	(74.0, 0.0)	(75.0, 0.0)	(76.0, 0.0)	(77.0, 0.0)	(78.0, 0.0)	(79.0, 0.0)	(80.0, 0.0)	(81.0, 0.0)	(82.0, 0.0)	(83.0, 0.0)	(84.0, 0.0)	(85.0, 0.0)	(86.0, 0.0)	(87.0, 0.0)	(88.0, 0.0)	(89.0, 0.0)	(90.0, 0.0)	(91.0, 0.0)	(92.0, 0.0)	(93.0, 0.0)	(94.0, 0.0)	(95.0, 0.0)	(96.0, 0.0)	(97.0, 0.0)	(98.0, 0.0)	(99.0, 0.0)	(100.0, 0.0)
2433R_0_F_S5_week9_S71_L001_R2_001	(0.0, 0.0)	(1.0, 0.0)	(2.0, 0.0)	(3.0, 0.0)	(4.0, 0.0)	(5.0, 0.0)	(6.0, 0.0)	(7.0, 0.0)	(8.0, 0.0)	(9.0, 0.0)	(10.0, 0.0)	(11.0, 0.0)	(12.0, 0.0)	(13.0, 0.0)	(14.0, 0.0)	(15.0, 0.0)	(16.0, 0.0)	(17.0, 0.0)	(18.0, 0.0)	(19.0, 0.0)	(20.0, 0.0)	(21.0, 0.0)	(22.0, 0.0)	(23.0, 0.0)	(24.0, 0.0)	(25.0, 0.0)	(26.0, 0.0)	(27.0, 0.0)	(28.0, 0.0)	(29.0, 0.0005862592555679972)	(30.0, 0.0)	(31.0, 0.0)	(32.0, 0.0)	(33.0, 0.0)	(34.0, 0.0)	(35.0, 0.0005862592555679972)	(36.0, 0.0005862592555679972)	(37.0, 0.0005862592555679972)	(38.0, 0.0011725185111359944)	(39.0, 0.004103814788975981)	(40.0, 0.004103814788975981)	(41.0, 0.0052763333001119754)	(42.0, 0.011138925855791949)	(43.0, 0.021105333200447902)	(44.0, 0.03517555533407984)	(45.0, 0.05452211076782375)	(46.0, 0.13425336952507136)	(47.0, 0.4942165524438217)	(48.0, 12.480287032531526)	(49.0, 19.1085341759833)	(50.0, 3.0591007955538094)	(51.0, 0.9761216605207155)	(52.0, 2.194368393591014)	(53.0, 10.702162710393791)	(54.0, 15.623809160887129)	(55.0, 6.532100625538625)	(56.0, 15.836035011402744)	(57.0, 9.786425753196578)	(58.0, 1.719498396580936)	(59.0, 0.4590409971097419)	(60.0, 0.17353273964812718)	(61.0, 0.11666559185803146)	(62.0, 0.10376788823553552)	(63.0, 0.07269614769043166)	(64.0, 0.06097096257907172)	(65.0, 0.04631448118987179)	(66.0, 0.03869311086748782)	(67.0, 0.048659518212143774)	(68.0, 0.04396944416759979)	(69.0, 0.020519073944879906)	(70.0, 0.01289770362249594)	(71.0, 0.004103814788975981)	(72.0, 0.0035175555334079835)	(73.0, 0.002345037022271989)	(74.0, 0.0011725185111359944)	(75.0, 0.0017587777667039917)	(76.0, 0.0005862592555679972)	(77.0, 0.0)	(78.0, 0.0)	(79.0, 0.0)	(80.0, 0.0005862592555679972)	(81.0, 0.0005862592555679972)	(82.0, 0.0005862592555679972)	(83.0, 0.0)	(84.0, 0.0)	(85.0, 0.0)	(86.0, 0.0)	(87.0, 0.0)	(88.0, 0.0005862592555679972)	(89.0, 0.0005862592555679972)	(90.0, 0.0)	(91.0, 0.0)	(92.0, 0.0)	(93.0, 0.0)	(94.0, 0.0)	(95.0, 0.0)	(96.0, 0.0)	(97.0, 0.0)	(98.0, 0.0)	(99.0, 0.0)	(100.0, 0.0)
2446R_L_F_S2_week5_S39_L001_R1_001	(0.0, 0.0)	(1.0, 0.0)	(2.0, 0.0)	(3.0, 0.0)	(4.0, 0.0)	(5.0, 0.0)	(6.0, 0.0)	(7.0, 0.0)	(8.0, 0.0)	(9.0, 0.0)	(10.0, 0.0)	(11.0, 0.0)	(12.0, 0.0)	(13.0, 0.0)	(14.0, 0.0)	(15.0, 0.0)	(16.0, 0.0)	(17.0, 0.0)	(18.0, 0.0)	(19.0, 0.0)	(20.0, 0.0)	(21.0, 0.0)	(22.0, 0.0)	(23.0, 0.0)	(24.0, 0.0)	(25.0, 0.0008318014323620665)	(26.0, 0.0008318014323620665)	(27.0, 0.0)	(28.0, 0.0)	(29.0, 0.0008318014323620665)	(30.0, 0.003327205729448266)	(31.0, 0.005822610026534466)	(32.0, 0.003327205729448266)	(33.0, 0.001663602864724133)	(34.0, 0.001663602864724133)	(35.0, 0.001663602864724133)	(36.0, 0.005822610026534466)	(37.0, 0.006654411458896532)	(38.0, 0.005822610026534466)	(39.0, 0.008318014323620665)	(40.0, 0.009149815755982732)	(41.0, 0.011645220053068932)	(42.0, 0.014140624350155132)	(43.0, 0.013308822917793063)	(44.0, 0.029944851565034396)	(45.0, 0.07319852604786185)	(46.0, 1.023115761805342)	(47.0, 24.974006205238688)	(48.0, 7.249149483035409)	(49.0, 2.589397858943113)	(50.0, 5.654586137197328)	(51.0, 4.0758270185741265)	(52.0, 0.549820746791326)	(53.0, 4.856888563562106)	(54.0, 35.59195148934046)	(55.0, 11.651042663095467)	(56.0, 0.7170128346961013)	(57.0, 0.1963051380374477)	(58.0, 0.08151654037148252)	(59.0, 0.2927941041914474)	(60.0, 0.1322564277455686)	(61.0, 0.12227481055722379)	(62.0, 0.01913143294432753)	(63.0, 0.005822610026534466)	(64.0, 0.0024954042970861995)	(65.0, 0.001663602864724133)	(66.0, 0.001663602864724133)	(67.0, 0.009981617188344798)	(68.0, 0.0024954042970861995)	(69.0, 0.0008318014323620665)	(70.0, 0.0)	(71.0, 0.0)	(72.0, 0.0)	(73.0, 0.0)	(74.0, 0.0)	(75.0, 0.0)	(76.0, 0.0)	(77.0, 0.0)	(78.0, 0.0)	(79.0, 0.0)	(80.0, 0.0)	(81.0, 0.0)	(82.0, 0.0)	(83.0, 0.0)	(84.0, 0.0)	(85.0, 0.0)	(86.0, 0.0)	(87.0, 0.0)	(88.0, 0.0)	(89.0, 0.0)	(90.0, 0.0)	(91.0, 0.0)	(92.0, 0.0)	(93.0, 0.0)	(94.0, 0.0)	(95.0, 0.0)	(96.0, 0.0)	(97.0, 0.0)	(98.0, 0.0)	(99.0, 0.0)	(100.0, 0.0)
2446R_L_F_S2_week5_S39_L001_R2_001	(0.0, 0.0)	(1.0, 0.0)	(2.0, 0.0)	(3.0, 0.0)	(4.0, 0.0)	(5.0, 0.0)	(6.0, 0.0)	(7.0, 0.0)	(8.0, 0.0)	(9.0, 0.0)	(10.0, 0.0)	(11.0, 0.0)	(12.0, 0.0)	(13.0, 0.0)	(14.0, 0.0)	(15.0, 0.0)	(16.0, 0.0)	(17.0, 0.0)	(18.0, 0.0)	(19.0, 0.0)	(20.0, 0.0)	(21.0, 0.0)	(22.0, 0.0)	(23.0, 0.0)	(24.0, 0.0)	(25.0, 0.0)	(26.0, 0.0)	(27.0, 0.0)	(28.0, 0.0)	(29.0, 0.0)	(30.0, 0.0)	(31.0, 0.0)	(32.0, 0.0)	(33.0, 0.0)	(34.0, 0.0)	(35.0, 0.0)	(36.0, 0.0008192222304144446)	(37.0, 0.0008192222304144446)	(38.0, 0.0008192222304144446)	(39.0, 0.0016384444608288891)	(40.0, 0.0057345556129011115)	(41.0, 0.007373000073730001)	(42.0, 0.008192222304144445)	(43.0, 0.021299777990775558)	(44.0, 0.03031122252533445)	(45.0, 0.0679954451243989)	(46.0, 0.11387189002760778)	(47.0, 0.35881933692152673)	(48.0, 6.439086731057533)	(49.0, 23.25034612139235)	(50.0, 5.088189273104115)	(51.0, 0.9109751202208622)	(52.0, 2.664929915538188)	(53.0, 7.755576855333546)	(54.0, 7.644162631997182)	(55.0, 5.274971941638609)	(56.0, 22.19764555530979)	(57.0, 13.993134917709128)	(58.0, 2.563346358966797)	(59.0, 0.7028926736955934)	(60.0, 0.2498627802764056)	(61.0, 0.16138677939164559)	(62.0, 0.1490984459354289)	(63.0, 0.09011444534558889)	(64.0, 0.07700688965895779)	(65.0, 0.049153333824866675)	(66.0, 0.03276888921657778)	(67.0, 0.022119000221190004)	(68.0, 0.023757444682018892)	(69.0, 0.020480555760361115)	(70.0, 0.007373000073730001)	(71.0, 0.004915333382486667)	(72.0, 0.0024576666912433337)	(73.0, 0.0016384444608288891)	(74.0, 0.0016384444608288891)	(75.0, 0.0)	(76.0, 0.0)	(77.0, 0.0)	(78.0, 0.0008192222304144446)	(79.0, 0.0)	(80.0, 0.0)	(81.0, 0.0)	(82.0, 0.0)	(83.0, 0.0)	(84.0, 0.0)	(85.0, 0.0)	(86.0, 0.0008192222304144446)	(87.0, 0.0008192222304144446)	(88.0, 0.0)	(89.0, 0.0)	(90.0, 0.0)	(91.0, 0.0)	(92.0, 0.0)	(93.0, 0.0)	(94.0, 0.0008192222304144446)	(95.0, 0.0)	(96.0, 0.0)	(97.0, 0.0)	(98.0, 0.0)	(99.0, 0.0)	(100.0, 0.0)
2446R_L_F_S2_week6_S40_L001_R1_001	(0.0, 0.0)	(1.0, 0.0)	(2.0, 0.0)	(3.0, 0.0)	(4.0, 0.0)	(5.0, 0.0)	(6.0, 0.0)	(7.0, 0.0)	(8.0, 0.0)	(9.0, 0.0)	(10.0, 0.0)	(11.0, 0.0)	(12.0, 0.0)	(13.0, 0.0)	(14.0, 0.0)	(15.0, 0.0)	(16.0, 0.0)	(17.0, 0.0)	(18.0, 0.0)	(19.0, 0.0)	(20.0, 0.0)	(21.0, 0.0)	(22.0, 0.0)	(23.0, 0.0)	(24.0, 0.0)	(25.0, 0.0)	(26.0, 0.0)	(27.0, 0.0)	(28.0, 0.0)	(29.0, 0.0)	(30.0, 0.0)	(31.0, 0.0)	(32.0, 0.0)	(33.0, 0.0)	(34.0, 0.0)	(35.0, 0.0006491693877683504)	(36.0, 0.0)	(37.0, 0.0)	(38.0, 0.001947508163305051)	(39.0, 0.003245846938841752)	(40.0, 0.005193355102146803)	(41.0, 0.003245846938841752)	(42.0, 0.003895016326610102)	(43.0, 0.008439202040988554)	(44.0, 0.012334218367598659)	(45.0, 0.05258272040923639)	(46.0, 1.1165713469615626)	(47.0, 24.970300500509598)	(48.0, 7.0986672552469114)	(49.0, 2.79013002862837)	(50.0, 6.235271969515006)	(51.0, 4.394876755191732)	(52.0, 0.5660757061340015)	(53.0, 5.645176996033575)	(54.0, 34.716280519075845)	(55.0, 10.735963334912979)	(56.0, 0.7361580857293094)	(57.0, 0.1661873632686977)	(58.0, 0.07790032653220204)	(59.0, 0.2914770551079893)	(60.0, 0.14151892653350037)	(61.0, 0.11814882857383976)	(62.0, 0.01493089591867206)	(63.0, 0.003245846938841752)	(64.0, 0.0006491693877683504)	(65.0, 0.0006491693877683504)	(66.0, 0.01687840408197711)	(67.0, 0.05842524489915153)	(68.0, 0.011035879592061957)	(69.0, 0.001947508163305051)	(70.0, 0.0)	(71.0, 0.0)	(72.0, 0.0)	(73.0, 0.0)	(74.0, 0.0)	(75.0, 0.0)	(76.0, 0.0)	(77.0, 0.0)	(78.0, 0.0)	(79.0, 0.0)	(80.0, 0.0)	(81.0, 0.0)	(82.0, 0.0)	(83.0, 0.0)	(84.0, 0.0)	(85.0, 0.0)	(86.0, 0.0)	(87.0, 0.0)	(88.0, 0.0)	(89.0, 0.0)	(90.0, 0.0)	(91.0, 0.0)	(92.0, 0.0)	(93.0, 0.0)	(94.0, 0.0)	(95.0, 0.0)	(96.0, 0.0)	(97.0, 0.0)	(98.0, 0.0)	(99.0, 0.0)	(100.0, 0.0)
2446R_L_F_S2_week6_S40_L001_R2_001	(0.0, 0.0)	(1.0, 0.0)	(2.0, 0.0)	(3.0, 0.0)	(4.0, 0.0)	(5.0, 0.0)	(6.0, 0.0)	(7.0, 0.0)	(8.0, 0.0)	(9.0, 0.0)	(10.0, 0.0)	(11.0, 0.0)	(12.0, 0.0)	(13.0, 0.0)	(14.0, 0.0)	(15.0, 0.0)	(16.0, 0.0)	(17.0, 0.0)	(18.0, 0.0)	(19.0, 0.0)	(20.0, 0.0)	(21.0, 0.0)	(22.0, 0.0)	(23.0, 0.0)	(24.0, 0.0)	(25.0, 0.0)	(26.0, 0.0)	(27.0, 0.0)	(28.0, 0.0)	(29.0, 0.0)	(30.0, 0.0)	(31.0, 0.0)	(32.0, 0.0)	(33.0, 0.0)	(34.0, 0.0)	(35.0, 0.0)	(36.0, 0.0)	(37.0, 0.0)	(38.0, 0.0006376209088648435)	(39.0, 0.002550483635459374)	(40.0, 0.0031881045443242174)	(41.0, 0.004463346362053904)	(42.0, 0.010839555450702339)	(43.0, 0.01657814363048593)	(44.0, 0.0293305618077828)	(45.0, 0.052922535435782014)	(46.0, 0.11285890086907731)	(47.0, 0.36280629714409596)	(48.0, 6.483967022246594)	(49.0, 22.958178444587553)	(50.0, 5.211913309061231)	(51.0, 0.936665115122455)	(52.0, 3.087360440723572)	(53.0, 8.670369118744143)	(54.0, 8.228497828900805)	(55.0, 5.23295479905377)	(56.0, 20.76029917173044)	(57.0, 13.60938067881122)	(58.0, 2.5657865372721305)	(59.0, 0.6784286470321934)	(60.0, 0.25249787991047806)	(61.0, 0.16833191994031868)	(62.0, 0.14601518813004916)	(63.0, 0.10393220814496949)	(64.0, 0.07715212997264606)	(65.0, 0.04718394725599842)	(66.0, 0.03060580362551249)	(67.0, 0.04463346362053904)	(68.0, 0.04654632634713357)	(69.0, 0.028692940898917954)	(70.0, 0.010201934541837496)	(71.0, 0.008289071815242965)	(72.0, 0.0031881045443242174)	(73.0, 0.0038257254531890612)	(74.0, 0.002550483635459374)	(75.0, 0.0019128627265945306)	(76.0, 0.001275241817729687)	(77.0, 0.0)	(78.0, 0.0)	(79.0, 0.0006376209088648435)	(80.0, 0.0006376209088648435)	(81.0, 0.0)	(82.0, 0.0)	(83.0, 0.0)	(84.0, 0.0)	(85.0, 0.0)	(86.0, 0.0)	(87.0, 0.0)	(88.0, 0.0006376209088648435)	(89.0, 0.0006376209088648435)	(90.0, 0.0)	(91.0, 0.0)	(92.0, 0.0)	(93.0, 0.0)	(94.0, 0.0)	(95.0, 0.0)	(96.0, 0.0)	(97.0, 0.0006376209088648435)	(98.0, 0.0)	(99.0, 0.0)	(100.0, 0.0)
2446R_L_F_S2_week7_S41_L001_R1_001	(0.0, 0.0)	(1.0, 0.0)	(2.0, 0.0)	(3.0, 0.0)	(4.0, 0.0)	(5.0, 0.0)	(6.0, 0.0)	(7.0, 0.0)	(8.0, 0.0)	(9.0, 0.0)	(10.0, 0.0)	(11.0, 0.0)	(12.0, 0.0)	(13.0, 0.0)	(14.0, 0.0)	(15.0, 0.0)	(16.0, 0.0)	(17.0, 0.0)	(18.0, 0.0)	(19.0, 0.0)	(20.0, 0.0)	(21.0, 0.0)	(22.0, 0.0)	(23.0, 0.0)	(24.0, 0.0)	(25.0, 0.0)	(26.0, 0.0)	(27.0, 0.0)	(28.0, 0.0006920367333098041)	(29.0, 0.0006920367333098041)	(30.0, 0.0013840734666196082)	(31.0, 0.0013840734666196082)	(32.0, 0.0027681469332392163)	(33.0, 0.0027681469332392163)	(34.0, 0.0034601836665490203)	(35.0, 0.0034601836665490203)	(36.0, 0.0034601836665490203)	(37.0, 0.0034601836665490203)	(38.0, 0.006920367333098041)	(39.0, 0.006920367333098041)	(40.0, 0.006228330599788237)	(41.0, 0.012456661199576474)	(42.0, 0.013840734666196081)	(43.0, 0.020761101999294124)	(44.0, 0.0352938733988)	(45.0, 0.0858125549304157)	(46.0, 1.454661213417208)	(47.0, 19.28567968387762)	(48.0, 5.263631393554371)	(49.0, 3.0636466183625024)	(50.0, 7.9009833841980335)	(51.0, 5.5750479235437815)	(52.0, 0.6435941619781178)	(53.0, 7.5660376052760885)	(54.0, 35.96999328724368)	(55.0, 11.485041626009508)	(56.0, 0.7640085535740238)	(57.0, 0.204842873059702)	(58.0, 0.08235237126386669)	(59.0, 0.18338973432709807)	(60.0, 0.11210995079618825)	(61.0, 0.13217901606217258)	(62.0, 0.024221285665843143)	(63.0, 0.006920367333098041)	(64.0, 0.0013840734666196082)	(65.0, 0.0013840734666196082)	(66.0, 0.013840734666196081)	(67.0, 0.03736998359872942)	(68.0, 0.013148697932886276)	(69.0, 0.0027681469332392163)	(70.0, 0.0)	(71.0, 0.0)	(72.0, 0.0)	(73.0, 0.0)	(74.0, 0.0)	(75.0, 0.0)	(76.0, 0.0)	(77.0, 0.0)	(78.0, 0.0)	(79.0, 0.0)	(80.0, 0.0)	(81.0, 0.0)	(82.0, 0.0)	(83.0, 0.0)	(84.0, 0.0)	(85.0, 0.0)	(86.0, 0.0)	(87.0, 0.0)	(88.0, 0.0)	(89.0, 0.0)	(90.0, 0.0)	(91.0, 0.0)	(92.0, 0.0)	(93.0, 0.0)	(94.0, 0.0)	(95.0, 0.0)	(96.0, 0.0)	(97.0, 0.0)	(98.0, 0.0)	(99.0, 0.0)	(100.0, 0.0)
2446R_L_F_S2_week7_S41_L001_R2_001	(0.0, 0.0)	(1.0, 0.0)	(2.0, 0.0)	(3.0, 0.0)	(4.0, 0.0)	(5.0, 0.0)	(6.0, 0.0)	(7.0, 0.0)	(8.0, 0.0)	(9.0, 0.0)	(10.0, 0.0)	(11.0, 0.0)	(12.0, 0.0)	(13.0, 0.0)	(14.0, 0.0)	(15.0, 0.0)	(16.0, 0.0)	(17.0, 0.0)	(18.0, 0.0)	(19.0, 0.0)	(20.0, 0.0)	(21.0, 0.0)	(22.0, 0.0)	(23.0, 0.0)	(24.0, 0.0)	(25.0, 0.0)	(26.0, 0.0)	(27.0, 0.0)	(28.0, 0.0)	(29.0, 0.0)	(30.0, 0.0)	(31.0, 0.0)	(32.0, 0.0)	(33.0, 0.0)	(34.0, 0.0006884918585837723)	(35.0, 0.0013769837171675446)	(36.0, 0.0013769837171675446)	(37.0, 0.0)	(38.0, 0.0)	(39.0, 0.002753967434335089)	(40.0, 0.005507934868670178)	(41.0, 0.00619642672725395)	(42.0, 0.019966263898929394)	(43.0, 0.029605149919102205)	(44.0, 0.043374987090777646)	(45.0, 0.06609521842404213)	(46.0, 0.12943646941374917)	(47.0, 0.4736823987056353)	(48.0, 7.363420427553444)	(49.0, 16.649798616131363)	(50.0, 3.67585803297876)	(51.0, 1.088505628420944)	(52.0, 4.651450996591965)	(53.0, 12.211780095700368)	(54.0, 11.134290337016765)	(55.0, 5.895555785052842)	(56.0, 18.788942820751146)	(57.0, 12.870666804365039)	(58.0, 2.7071499879513925)	(59.0, 0.77386484904816)	(60.0, 0.3573272746049778)	(61.0, 0.27126579228200626)	(62.0, 0.2258253296154773)	(63.0, 0.17074598092877552)	(64.0, 0.10533925436331715)	(65.0, 0.0619642672725395)	(66.0, 0.04888292195944783)	(67.0, 0.05439085682811801)	(68.0, 0.04888292195944783)	(69.0, 0.02753967434335089)	(70.0, 0.015835312747426764)	(71.0, 0.006884918585837722)	(72.0, 0.004130951151502633)	(73.0, 0.0013769837171675446)	(74.0, 0.0)	(75.0, 0.0013769837171675446)	(76.0, 0.0013769837171675446)	(77.0, 0.0)	(78.0, 0.0006884918585837723)	(79.0, 0.0013769837171675446)	(80.0, 0.0)	(81.0, 0.0)	(82.0, 0.0013769837171675446)	(83.0, 0.0)	(84.0, 0.0)	(85.0, 0.0006884918585837723)	(86.0, 0.0)	(87.0, 0.0)	(88.0, 0.0)	(89.0, 0.0)	(90.0, 0.0)	(91.0, 0.0)	(92.0, 0.0)	(93.0, 0.0)	(94.0, 0.0)	(95.0, 0.0)	(96.0, 0.0)	(97.0, 0.0006884918585837723)	(98.0, 0.0006884918585837723)	(99.0, 0.0)	(100.0, 0.0)
2446R_L_F_S2_week9_S42_L001_R1_001	(0.0, 0.0)	(1.0, 0.0)	(2.0, 0.0)	(3.0, 0.0)	(4.0, 0.0)	(5.0, 0.0)	(6.0, 0.0)	(7.0, 0.0)	(8.0, 0.0)	(9.0, 0.0)	(10.0, 0.0)	(11.0, 0.0)	(12.0, 0.0)	(13.0, 0.0)	(14.0, 0.0)	(15.0, 0.0)	(16.0, 0.0)	(17.0, 0.0)	(18.0, 0.0)	(19.0, 0.0)	(20.0, 0.0)	(21.0, 0.0)	(22.0, 0.0)	(23.0, 0.0)	(24.0, 0.0)	(25.0, 0.0)	(26.0, 0.0)	(27.0, 0.0)	(28.0, 0.0)	(29.0, 0.0007968190981601447)	(30.0, 0.0007968190981601447)	(31.0, 0.0007968190981601447)	(32.0, 0.0)	(33.0, 0.0007968190981601447)	(34.0, 0.0)	(35.0, 0.0007968190981601447)	(36.0, 0.0007968190981601447)	(37.0, 0.0007968190981601447)	(38.0, 0.003984095490800724)	(39.0, 0.005577733687121013)	(40.0, 0.0031872763926405786)	(41.0, 0.005577733687121013)	(42.0, 0.006374552785281157)	(43.0, 0.007968190981601448)	(44.0, 0.019920477454003615)	(45.0, 0.0749009952270536)	(46.0, 1.7211292520259127)	(47.0, 23.185842118263892)	(48.0, 6.207220774667528)	(49.0, 2.273324887050893)	(50.0, 5.3163770229244856)	(51.0, 4.0247332648068905)	(52.0, 0.522713328393055)	(53.0, 5.4685694706730725)	(54.0, 36.7827632092686)	(55.0, 12.468625248009944)	(56.0, 0.8908437517430418)	(57.0, 0.21673479469955936)	(58.0, 0.0908373771902565)	(59.0, 0.31633718196957744)	(60.0, 0.14502107586514634)	(61.0, 0.10438330185897896)	(62.0, 0.020717296552163762)	(63.0, 0.003984095490800724)	(64.0, 0.0031872763926405786)	(65.0, 0.0007968190981601447)	(66.0, 0.011155467374242027)	(67.0, 0.06852644244177244)	(68.0, 0.019920477454003615)	(69.0, 0.0023904572944804343)	(70.0, 0.0007968190981601447)	(71.0, 0.0)	(72.0, 0.0)	(73.0, 0.0)	(74.0, 0.0)	(75.0, 0.0)	(76.0, 0.0)	(77.0, 0.0)	(78.0, 0.0)	(79.0, 0.0)	(80.0, 0.0)	(81.0, 0.0)	(82.0, 0.0)	(83.0, 0.0)	(84.0, 0.0)	(85.0, 0.0)	(86.0, 0.0)	(87.0, 0.0)	(88.0, 0.0)	(89.0, 0.0)	(90.0, 0.0)	(91.0, 0.0)	(92.0, 0.0)	(93.0, 0.0)	(94.0, 0.0)	(95.0, 0.0)	(96.0, 0.0)	(97.0, 0.0)	(98.0, 0.0)	(99.0, 0.0)	(100.0, 0.0)
2446R_L_F_S2_week9_S42_L001_R2_001	(0.0, 0.0)	(1.0, 0.0)	(2.0, 0.0)	(3.0, 0.0)	(4.0, 0.0)	(5.0, 0.0)	(6.0, 0.0)	(7.0, 0.0)	(8.0, 0.0)	(9.0, 0.0)	(10.0, 0.0)	(11.0, 0.0)	(12.0, 0.0)	(13.0, 0.0)	(14.0, 0.0)	(15.0, 0.0)	(16.0, 0.0)	(17.0, 0.0)	(18.0, 0.0)	(19.0, 0.0)	(20.0, 0.0)	(21.0, 0.0)	(22.0, 0.0)	(23.0, 0.0007797514152488187)	(24.0, 0.0007797514152488187)	(25.0, 0.0)	(26.0, 0.0)	(27.0, 0.0)	(28.0, 0.0)	(29.0, 0.0)	(30.0, 0.0)	(31.0, 0.0)	(32.0, 0.0)	(33.0, 0.0007797514152488187)	(34.0, 0.0007797514152488187)	(35.0, 0.0)	(36.0, 0.0)	(37.0, 0.0)	(38.0, 0.002339254245746456)	(39.0, 0.0015595028304976374)	(40.0, 0.00623801132199055)	(41.0, 0.010916519813483462)	(42.0, 0.0124760226439811)	(43.0, 0.02339254245746456)	(44.0, 0.04756483633017794)	(45.0, 0.07563588727913541)	(46.0, 0.1543907802192661)	(47.0, 0.5302309623691966)	(48.0, 9.318809163638631)	(49.0, 19.482089109991733)	(50.0, 3.792710883770254)	(51.0, 0.9614334950017934)	(52.0, 3.255462158663818)	(53.0, 8.322286854950642)	(54.0, 7.331222806169394)	(55.0, 5.262542301514277)	(56.0, 21.482931241520202)	(57.0, 14.564196934017435)	(58.0, 3.0160784741824305)	(59.0, 0.9286839355613431)	(60.0, 0.3820781934719211)	(61.0, 0.23158617032889914)	(62.0, 0.20507462221043932)	(63.0, 0.15283127738876845)	(64.0, 0.09512967266035588)	(65.0, 0.07719539010963306)	(66.0, 0.07251688161814013)	(67.0, 0.06160036180465668)	(68.0, 0.05926110755891022)	(69.0, 0.033529310855699206)	(70.0, 0.015595028304976374)	(71.0, 0.010916519813483462)	(72.0, 0.0038987570762440936)	(73.0, 0.0038987570762440936)	(74.0, 0.0015595028304976374)	(75.0, 0.0007797514152488187)	(76.0, 0.0007797514152488187)	(77.0, 0.0)	(78.0, 0.0007797514152488187)	(79.0, 0.0)	(80.0, 0.0)	(81.0, 0.0)	(82.0, 0.0007797514152488187)	(83.0, 0.0)	(84.0, 0.0)	(85.0, 0.0)	(86.0, 0.0007797514152488187)	(87.0, 0.0015595028304976374)	(88.0, 0.0)	(89.0, 0.0)	(90.0, 0.0)	(91.0, 0.0)	(92.0, 0.0007797514152488187)	(93.0, 0.0007797514152488187)	(94.0, 0.0)	(95.0, 0.0)	(96.0, 0.0)	(97.0, 0.0)	(98.0, 0.0)	(99.0, 0.0)	(100.0, 0.0)
2475R_0_M_S5_week9_S77_L001_R1_001	(0.0, 0.0)	(1.0, 0.0)	(2.0, 0.0)	(3.0, 0.0)	(4.0, 0.0)	(5.0, 0.0)	(6.0, 0.0)	(7.0, 0.0)	(8.0, 0.0)	(9.0, 0.0)	(10.0, 0.0)	(11.0, 0.0)	(12.0, 0.0)	(13.0, 0.0)	(14.0, 0.0)	(15.0, 0.0)	(16.0, 0.0)	(17.0, 0.0)	(18.0, 0.0)	(19.0, 0.0)	(20.0, 0.0)	(21.0, 0.0)	(22.0, 0.0)	(23.0, 0.0)	(24.0, 0.0)	(25.0, 0.0)	(26.0, 0.0)	(27.0, 0.0)	(28.0, 0.0006082540068732703)	(29.0, 0.0)	(30.0, 0.0)	(31.0, 0.0)	(32.0, 0.001824762020619811)	(33.0, 0.0030412700343663513)	(34.0, 0.0012165080137465406)	(35.0, 0.0030412700343663513)	(36.0, 0.0048660320549861625)	(37.0, 0.006690794075605973)	(38.0, 0.0024330160274930812)	(39.0, 0.005474286061859433)	(40.0, 0.007907302089352513)	(41.0, 0.012165080137465405)	(42.0, 0.015814604178705026)	(43.0, 0.02372190626805754)	(44.0, 0.04257778048112892)	(45.0, 0.08880508500349746)	(46.0, 3.4786046653082323)	(47.0, 19.176424074693593)	(48.0, 2.302241416015328)	(49.0, 3.8989081840576625)	(50.0, 10.989933396186249)	(51.0, 7.639062072321401)	(52.0, 0.7372038563304035)	(53.0, 5.2443660472613365)	(54.0, 30.47839177640583)	(55.0, 14.138864389769168)	(56.0, 0.9081232322617925)	(57.0, 0.2232292205224902)	(58.0, 0.07116571880417262)	(59.0, 0.12469207140902042)	(60.0, 0.13259937349837292)	(61.0, 0.13868191356710563)	(62.0, 0.022505398254311002)	(63.0, 0.0048660320549861625)	(64.0, 0.0024330160274930812)	(65.0, 0.0006082540068732703)	(66.0, 0.008515556096225785)	(67.0, 0.04379428849487546)	(68.0, 0.012773334144338677)	(69.0, 0.001824762020619811)	(70.0, 0.0)	(71.0, 0.0)	(72.0, 0.0)	(73.0, 0.0)	(74.0, 0.0)	(75.0, 0.0)	(76.0, 0.0)	(77.0, 0.0)	(78.0, 0.0)	(79.0, 0.0)	(80.0, 0.0)	(81.0, 0.0)	(82.0, 0.0)	(83.0, 0.0)	(84.0, 0.0)	(85.0, 0.0)	(86.0, 0.0)	(87.0, 0.0)	(88.0, 0.0)	(89.0, 0.0)	(90.0, 0.0)	(91.0, 0.0)	(92.0, 0.0)	(93.0, 0.0)	(94.0, 0.0)	(95.0, 0.0)	(96.0, 0.0)	(97.0, 0.0)	(98.0, 0.0)	(99.0, 0.0)	(100.0, 0.0)
2475R_0_M_S5_week9_S77_L001_R2_001	(0.0, 0.0)	(1.0, 0.0)	(2.0, 0.0)	(3.0, 0.0)	(4.0, 0.0)	(5.0, 0.0)	(6.0, 0.0)	(7.0, 0.0)	(8.0, 0.0)	(9.0, 0.0)	(10.0, 0.0)	(11.0, 0.0)	(12.0, 0.0)	(13.0, 0.0)	(14.0, 0.0)	(15.0, 0.0)	(16.0, 0.0)	(17.0, 0.0)	(18.0, 0.0)	(19.0, 0.0)	(20.0, 0.0)	(21.0, 0.0)	(22.0, 0.0)	(23.0, 0.0)	(24.0, 0.0)	(25.0, 0.0)	(26.0, 0.0)	(27.0, 0.0)	(28.0, 0.0)	(29.0, 0.0)	(30.0, 0.0)	(31.0, 0.0)	(32.0, 0.000600748532671709)	(33.0, 0.000600748532671709)	(34.0, 0.0)	(35.0, 0.0)	(36.0, 0.000600748532671709)	(37.0, 0.000600748532671709)	(38.0, 0.0018022455980151268)	(39.0, 0.003003742663358545)	(40.0, 0.007809730924732216)	(41.0, 0.015018713316792724)	(42.0, 0.016820958914807848)	(43.0, 0.02883592956824203)	(44.0, 0.03484341489495912)	(45.0, 0.06788458419190312)	(46.0, 0.15439237289662922)	(47.0, 0.534666194077821)	(48.0, 10.67590217410894)	(49.0, 16.020761869289135)	(50.0, 3.351576063775464)	(51.0, 1.08975783826648)	(52.0, 2.767047741485891)	(53.0, 11.289867174499427)	(54.0, 16.481535993848333)	(55.0, 7.628905616398033)	(56.0, 15.876582221447924)	(57.0, 10.049321454532349)	(58.0, 2.134459536582582)	(59.0, 0.610961257727128)	(60.0, 0.2679338455715822)	(61.0, 0.18623204512822977)	(62.0, 0.17662006860548243)	(63.0, 0.13636991691647793)	(64.0, 0.09251527403144318)	(65.0, 0.06968682978991823)	(66.0, 0.059474104734499184)	(67.0, 0.04866063114640842)	(68.0, 0.050462876744423554)	(69.0, 0.024630689839540067)	(70.0, 0.015018713316792724)	(71.0, 0.01081347358809076)	(72.0, 0.0036044911960302537)	(73.0, 0.0018022455980151268)	(74.0, 0.000600748532671709)	(75.0, 0.000600748532671709)	(76.0, 0.000600748532671709)	(77.0, 0.0018022455980151268)	(78.0, 0.000600748532671709)	(79.0, 0.001201497065343418)	(80.0, 0.000600748532671709)	(81.0, 0.000600748532671709)	(82.0, 0.000600748532671709)	(83.0, 0.0)	(84.0, 0.001201497065343418)	(85.0, 0.001201497065343418)	(86.0, 0.001201497065343418)	(87.0, 0.0)	(88.0, 0.0)	(89.0, 0.0)	(90.0, 0.000600748532671709)	(91.0, 0.000600748532671709)	(92.0, 0.0)	(93.0, 0.0)	(94.0, 0.0)	(95.0, 0.0)	(96.0, 0.0)	(97.0, 0.0)	(98.0, 0.0)	(99.0, 0.0)	(100.0, 0.0)
2476R_R_F_NS6_week9_S81_L001_R1_001	(0.0, 0.0)	(1.0, 0.0)	(2.0, 0.0)	(3.0, 0.0)	(4.0, 0.0)	(5.0, 0.0)	(6.0, 0.0)	(7.0, 0.0)	(8.0, 0.0)	(9.0, 0.0)	(10.0, 0.0)	(11.0, 0.0)	(12.0, 0.0)	(13.0, 0.0)	(14.0, 0.0)	(15.0, 0.0)	(16.0, 0.0)	(17.0, 0.0)	(18.0, 0.0)	(19.0, 0.0)	(20.0, 0.0)	(21.0, 0.0)	(22.0, 0.0)	(23.0, 0.0)	(24.0, 0.0)	(25.0, 0.0)	(26.0, 0.0)	(27.0, 0.0)	(28.0, 0.0006050997809538793)	(29.0, 0.0006050997809538793)	(30.0, 0.0)	(31.0, 0.002420399123815517)	(32.0, 0.002420399123815517)	(33.0, 0.003630598685723276)	(34.0, 0.001815299342861638)	(35.0, 0.002420399123815517)	(36.0, 0.0012101995619077585)	(37.0, 0.006656097590492672)	(38.0, 0.006656097590492672)	(39.0, 0.006656097590492672)	(40.0, 0.007261197371446552)	(41.0, 0.010286696276215947)	(42.0, 0.012101995619077587)	(43.0, 0.018758093209570257)	(44.0, 0.03872638598104827)	(45.0, 0.13856784983843837)	(46.0, 8.48712952765911)	(47.0, 13.767230216262663)	(48.0, 20.30109765100265)	(49.0, 22.480061962217572)	(50.0, 3.8623519018286117)	(51.0, 1.6579733998136292)	(52.0, 0.4556401350582711)	(53.0, 4.421464099429996)	(54.0, 16.516803620917088)	(55.0, 6.875748810978931)	(56.0, 0.5373286054870449)	(57.0, 0.12465055487649913)	(58.0, 0.05143348138107974)	(59.0, 0.04840798247631035)	(60.0, 0.018758093209570257)	(61.0, 0.02601929058101681)	(62.0, 0.004235698466677156)	(63.0, 0.001815299342861638)	(64.0, 0.0012101995619077585)	(65.0, 0.0006050997809538793)	(66.0, 0.012707095400031466)	(67.0, 0.05687937940966466)	(68.0, 0.022993791676247415)	(69.0, 0.004235698466677156)	(70.0, 0.001815299342861638)	(71.0, 0.0006050997809538793)	(72.0, 0.0)	(73.0, 0.0)	(74.0, 0.0)	(75.0, 0.0)	(76.0, 0.0)	(77.0, 0.0)	(78.0, 0.0)	(79.0, 0.0)	(80.0, 0.0)	(81.0, 0.0)	(82.0, 0.0)	(83.0, 0.0)	(84.0, 0.0)	(85.0, 0.0)	(86.0, 0.0)	(87.0, 0.0)	(88.0, 0.0)	(89.0, 0.0)	(90.0, 0.0)	(91.0, 0.0)	(92.0, 0.0)	(93.0, 0.0)	(94.0, 0.0)	(95.0, 0.0)	(96.0, 0.0)	(97.0, 0.0)	(98.0, 0.0)	(99.0, 0.0)	(100.0, 0.0)
2476R_R_F_NS6_week9_S81_L001_R2_001	(0.0, 0.0)	(1.0, 0.0)	(2.0, 0.0)	(3.0, 0.0)	(4.0, 0.0)	(5.0, 0.0)	(6.0, 0.0)	(7.0, 0.0)	(8.0, 0.0)	(9.0, 0.0)	(10.0, 0.0)	(11.0, 0.0)	(12.0, 0.0)	(13.0, 0.0)	(14.0, 0.0)	(15.0, 0.0)	(16.0, 0.0)	(17.0, 0.0)	(18.0, 0.0)	(19.0, 0.0)	(20.0, 0.0)	(21.0, 0.0)	(22.0, 0.0)	(23.0, 0.0)	(24.0, 0.0)	(25.0, 0.0)	(26.0, 0.0)	(27.0, 0.0)	(28.0, 0.0)	(29.0, 0.0)	(30.0, 0.0)	(31.0, 0.0)	(32.0, 0.0)	(33.0, 0.0)	(34.0, 0.0)	(35.0, 0.0)	(36.0, 0.0006154982458299994)	(37.0, 0.0012309964916599988)	(38.0, 0.0006154982458299994)	(39.0, 0.0024619929833199976)	(40.0, 0.0036929894749799966)	(41.0, 0.012309964916599987)	(42.0, 0.012309964916599987)	(43.0, 0.025850926324859975)	(44.0, 0.046777866683079955)	(45.0, 0.07509078599125993)	(46.0, 0.14771957899919985)	(47.0, 0.5157875300055395)	(48.0, 6.675693974272173)	(49.0, 27.025912476149443)	(50.0, 25.076014033360007)	(51.0, 7.234566381485813)	(52.0, 4.026589524219856)	(53.0, 8.946882501384872)	(54.0, 6.931741244537452)	(55.0, 2.975318520342217)	(56.0, 5.637963931802795)	(57.0, 3.4227857450606267)	(58.0, 0.6167292423216594)	(59.0, 0.1901889579614698)	(60.0, 0.09478672985781991)	(61.0, 0.05601034037052994)	(62.0, 0.038160891241459965)	(63.0, 0.03139041053732997)	(64.0, 0.022773435095709976)	(65.0, 0.023388933341539977)	(66.0, 0.016618452637409985)	(67.0, 0.03139041053732997)	(68.0, 0.043700375453929956)	(69.0, 0.021542438604049977)	(70.0, 0.005539484212469994)	(71.0, 0.0024619929833199976)	(72.0, 0.0018464947374899983)	(73.0, 0.0)	(74.0, 0.0)	(75.0, 0.0012309964916599988)	(76.0, 0.0006154982458299994)	(77.0, 0.0006154982458299994)	(78.0, 0.0006154982458299994)	(79.0, 0.0)	(80.0, 0.0006154982458299994)	(81.0, 0.0012309964916599988)	(82.0, 0.0006154982458299994)	(83.0, 0.0)	(84.0, 0.0)	(85.0, 0.0)	(86.0, 0.0)	(87.0, 0.0)	(88.0, 0.0)	(89.0, 0.0)	(90.0, 0.0)	(91.0, 0.0)	(92.0, 0.0)	(93.0, 0.0)	(94.0, 0.0)	(95.0, 0.0)	(96.0, 0.0)	(97.0, 0.0)	(98.0, 0.0)	(99.0, 0.0)	(100.0, 0.0)
2518R_0_M_S5_week9_S78_L001_R1_001	(0.0, 0.0)	(1.0, 0.0)	(2.0, 0.0)	(3.0, 0.0)	(4.0, 0.0)	(5.0, 0.0)	(6.0, 0.0)	(7.0, 0.0)	(8.0, 0.0)	(9.0, 0.0)	(10.0, 0.0)	(11.0, 0.0)	(12.0, 0.0)	(13.0, 0.0)	(14.0, 0.0)	(15.0, 0.0)	(16.0, 0.0)	(17.0, 0.0)	(18.0, 0.0)	(19.0, 0.0)	(20.0, 0.0)	(21.0, 0.0)	(22.0, 0.0)	(23.0, 0.0)	(24.0, 0.0)	(25.0, 0.0)	(26.0, 0.0)	(27.0, 0.0006998096517747172)	(28.0, 0.0)	(29.0, 0.0)	(30.0, 0.0006998096517747172)	(31.0, 0.002099428955324152)	(32.0, 0.002099428955324152)	(33.0, 0.0006998096517747172)	(34.0, 0.0006998096517747172)	(35.0, 0.002099428955324152)	(36.0, 0.002799238607098869)	(37.0, 0.0006998096517747172)	(38.0, 0.004898667562423021)	(39.0, 0.006298286865972455)	(40.0, 0.006298286865972455)	(41.0, 0.009797335124846042)	(42.0, 0.006998096517747172)	(43.0, 0.015395812339043781)	(44.0, 0.037789721195834736)	(45.0, 0.09517411264136154)	(46.0, 4.309427835628709)	(47.0, 22.5254730713246)	(48.0, 2.5773989474862837)	(49.0, 3.9763184413839436)	(50.0, 11.699417758369723)	(51.0, 8.091199193819282)	(52.0, 0.6550218340611353)	(53.0, 3.593522561863173)	(54.0, 27.60609114320905)	(55.0, 13.141025641025642)	(56.0, 0.8719628261112977)	(57.0, 0.20434441831821745)	(58.0, 0.08047810995409248)	(59.0, 0.1581569813010861)	(60.0, 0.11616840219460307)	(61.0, 0.08047810995409248)	(62.0, 0.018894860597917368)	(63.0, 0.004898667562423021)	(64.0, 0.0006998096517747172)	(65.0, 0.0006998096517747172)	(66.0, 0.014696002687269064)	(67.0, 0.05738439144552681)	(68.0, 0.016795431642593214)	(69.0, 0.002799238607098869)	(70.0, 0.0013996193035494345)	(71.0, 0.0)	(72.0, 0.0)	(73.0, 0.0)	(74.0, 0.0)	(75.0, 0.0)	(76.0, 0.0)	(77.0, 0.0)	(78.0, 0.0)	(79.0, 0.0)	(80.0, 0.0)	(81.0, 0.0)	(82.0, 0.0)	(83.0, 0.0)	(84.0, 0.0)	(85.0, 0.0)	(86.0, 0.0)	(87.0, 0.0)	(88.0, 0.0)	(89.0, 0.0)	(90.0, 0.0)	(91.0, 0.0)	(92.0, 0.0)	(93.0, 0.0)	(94.0, 0.0)	(95.0, 0.0)	(96.0, 0.0)	(97.0, 0.0)	(98.0, 0.0)	(99.0, 0.0)	(100.0, 0.0)
2518R_0_M_S5_week9_S78_L001_R2_001	(0.0, 0.0)	(1.0, 0.0)	(2.0, 0.0)	(3.0, 0.0)	(4.0, 0.0)	(5.0, 0.0)	(6.0, 0.0)	(7.0, 0.0)	(8.0, 0.0)	(9.0, 0.0)	(10.0, 0.0)	(11.0, 0.0)	(12.0, 0.0)	(13.0, 0.0)	(14.0, 0.0)	(15.0, 0.0)	(16.0, 0.0)	(17.0, 0.0)	(18.0, 0.0)	(19.0, 0.0)	(20.0, 0.0)	(21.0, 0.0)	(22.0, 0.0)	(23.0, 0.0)	(24.0, 0.0)	(25.0, 0.0)	(26.0, 0.0)	(27.0, 0.0)	(28.0, 0.0)	(29.0, 0.0)	(30.0, 0.0)	(31.0, 0.0)	(32.0, 0.0)	(33.0, 0.000685222491743069)	(34.0, 0.000685222491743069)	(35.0, 0.0)	(36.0, 0.0)	(37.0, 0.0)	(38.0, 0.000685222491743069)	(39.0, 0.004111334950458414)	(40.0, 0.008222669900916827)	(41.0, 0.008907892392659897)	(42.0, 0.01918622976880593)	(43.0, 0.0287793446532089)	(44.0, 0.04796557442201483)	(45.0, 0.0815414765174252)	(46.0, 0.1610272855596212)	(47.0, 0.6112184626348175)	(48.0, 12.225739697679836)	(49.0, 18.60584631829955)	(50.0, 4.007181131713467)	(51.0, 1.2553276048733024)	(52.0, 2.5456015568255013)	(53.0, 10.630541736901971)	(54.0, 15.000890789239266)	(55.0, 6.525373788869246)	(56.0, 14.986501116912661)	(57.0, 9.635598678891036)	(58.0, 2.0303142430347134)	(59.0, 0.5680494456550043)	(60.0, 0.25695843440365085)	(61.0, 0.17473173539448258)	(62.0, 0.13910016582384302)	(63.0, 0.10415381874494649)	(64.0, 0.06509613671559156)	(65.0, 0.06304046924036234)	(66.0, 0.04179857199632721)	(67.0, 0.04796557442201483)	(68.0, 0.04728035193027176)	(69.0, 0.035631569570639586)	(70.0, 0.017815784785319793)	(71.0, 0.006167002425687621)	(72.0, 0.001370444983486138)	(73.0, 0.001370444983486138)	(74.0, 0.000685222491743069)	(75.0, 0.0)	(76.0, 0.000685222491743069)	(77.0, 0.0)	(78.0, 0.0)	(79.0, 0.000685222491743069)	(80.0, 0.0)	(81.0, 0.000685222491743069)	(82.0, 0.002055667475229207)	(83.0, 0.0)	(84.0, 0.0)	(85.0, 0.0)	(86.0, 0.0)	(87.0, 0.0)	(88.0, 0.0)	(89.0, 0.0)	(90.0, 0.001370444983486138)	(91.0, 0.001370444983486138)	(92.0, 0.0)	(93.0, 0.0)	(94.0, 0.0)	(95.0, 0.0)	(96.0, 0.0)	(97.0, 0.0)	(98.0, 0.0)	(99.0, 0.0)	(100.0, 0.0)
2529R_R_F_NS1_week5_S5_L001_R1_001	(0.0, 0.0)	(1.0, 0.0)	(2.0, 0.0)	(3.0, 0.0)	(4.0, 0.0)	(5.0, 0.0)	(6.0, 0.0)	(7.0, 0.0)	(8.0, 0.0)	(9.0, 0.0)	(10.0, 0.0)	(11.0, 0.0)	(12.0, 0.0)	(13.0, 0.0)	(14.0, 0.0)	(15.0, 0.0)	(16.0, 0.0)	(17.0, 0.0)	(18.0, 0.0)	(19.0, 0.0)	(20.0, 0.0)	(21.0, 0.0)	(22.0, 0.0)	(23.0, 0.0)	(24.0, 0.0)	(25.0, 0.0)	(26.0, 0.0)	(27.0, 0.0008443877766425452)	(28.0, 0.0)	(29.0, 0.0008443877766425452)	(30.0, 0.0008443877766425452)	(31.0, 0.0016887755532850905)	(32.0, 0.003377551106570181)	(33.0, 0.002533163329927636)	(34.0, 0.0075994899897829085)	(35.0, 0.006755102213140362)	(36.0, 0.002533163329927636)	(37.0, 0.005066326659855272)	(38.0, 0.011821428872995634)	(39.0, 0.005066326659855272)	(40.0, 0.0075994899897829085)	(41.0, 0.010977041096353089)	(42.0, 0.010977041096353089)	(43.0, 0.013510204426280724)	(44.0, 0.028709184405846543)	(45.0, 0.05826275658833563)	(46.0, 0.7531938967651505)	(47.0, 10.523604860296043)	(48.0, 14.981972320968682)	(49.0, 37.484062180715874)	(50.0, 4.746303692507747)	(51.0, 1.302045951582805)	(52.0, 0.41797194943805993)	(53.0, 3.5624720296548986)	(54.0, 17.892576987055538)	(55.0, 7.070903241604674)	(56.0, 0.39517347946871123)	(57.0, 0.09794898209053526)	(58.0, 0.05572959325840799)	(59.0, 0.22629592414020214)	(60.0, 0.09457143098396507)	(61.0, 0.031242347735774174)	(62.0, 0.014354592202923271)	(63.0, 0.004221938883212727)	(64.0, 0.004221938883212727)	(65.0, 0.0016887755532850905)	(66.0, 0.01773214330949345)	(67.0, 0.1063928598569607)	(68.0, 0.030397959959131634)	(69.0, 0.004221938883212727)	(70.0, 0.0008443877766425452)	(71.0, 0.0008443877766425452)	(72.0, 0.0)	(73.0, 0.0)	(74.0, 0.0)	(75.0, 0.0)	(76.0, 0.0)	(77.0, 0.0)	(78.0, 0.0)	(79.0, 0.0)	(80.0, 0.0)	(81.0, 0.0)	(82.0, 0.0)	(83.0, 0.0)	(84.0, 0.0)	(85.0, 0.0)	(86.0, 0.0)	(87.0, 0.0)	(88.0, 0.0)	(89.0, 0.0)	(90.0, 0.0)	(91.0, 0.0)	(92.0, 0.0)	(93.0, 0.0)	(94.0, 0.0)	(95.0, 0.0)	(96.0, 0.0)	(97.0, 0.0)	(98.0, 0.0)	(99.0, 0.0)	(100.0, 0.0)
2529R_R_F_NS1_week5_S5_L001_R2_001	(0.0, 0.0)	(1.0, 0.0)	(2.0, 0.0)	(3.0, 0.0)	(4.0, 0.0)	(5.0, 0.0)	(6.0, 0.0)	(7.0, 0.0)	(8.0, 0.0)	(9.0, 0.0)	(10.0, 0.0)	(11.0, 0.0)	(12.0, 0.0)	(13.0, 0.0)	(14.0, 0.0)	(15.0, 0.0)	(16.0, 0.0)	(17.0, 0.0)	(18.0, 0.0)	(19.0, 0.0)	(20.0, 0.0)	(21.0, 0.0)	(22.0, 0.0)	(23.0, 0.0)	(24.0, 0.0)	(25.0, 0.0)	(26.0, 0.0)	(27.0, 0.0)	(28.0, 0.0)	(29.0, 0.0)	(30.0, 0.0)	(31.0, 0.0)	(32.0, 0.0)	(33.0, 0.0)	(34.0, 0.0)	(35.0, 0.0)	(36.0, 0.0)	(37.0, 0.0)	(38.0, 0.0)	(39.0, 0.0032085475707284206)	(40.0, 0.00481282135609263)	(41.0, 0.006417095141456841)	(42.0, 0.012032053390231577)	(43.0, 0.013636327175595788)	(44.0, 0.022459832995098943)	(45.0, 0.04812821356092631)	(46.0, 0.10427779604867367)	(47.0, 0.28876928136555785)	(48.0, 4.871377349258425)	(49.0, 10.816815997818189)	(50.0, 25.21677749524734)	(51.0, 25.04271378953532)	(52.0, 4.276993911780984)	(53.0, 5.804262555447712)	(54.0, 4.480736682522239)	(55.0, 2.452934617821877)	(56.0, 8.724842981703256)	(57.0, 5.646241587589338)	(58.0, 1.159889946818324)	(59.0, 0.38021288713131784)	(60.0, 0.15802096785837472)	(61.0, 0.08903719508771367)	(62.0, 0.056951719380429464)	(63.0, 0.041711118419469465)	(64.0, 0.03930470774142315)	(65.0, 0.030481201921919998)	(66.0, 0.030481201921919998)	(67.0, 0.052138898024336834)	(68.0, 0.0617645407365221)	(69.0, 0.03368974949264841)	(70.0, 0.00962564271218526)	(71.0, 0.00481282135609263)	(72.0, 0.004010684463410526)	(73.0, 0.002406410678046315)	(74.0, 0.0008021368926821052)	(75.0, 0.0032085475707284206)	(76.0, 0.0008021368926821052)	(77.0, 0.0008021368926821052)	(78.0, 0.0008021368926821052)	(79.0, 0.0)	(80.0, 0.0)	(81.0, 0.0)	(82.0, 0.0008021368926821052)	(83.0, 0.0)	(84.0, 0.0)	(85.0, 0.0)	(86.0, 0.0)	(87.0, 0.0)	(88.0, 0.0)	(89.0, 0.0)	(90.0, 0.0)	(91.0, 0.0)	(92.0, 0.0008021368926821052)	(93.0, 0.0)	(94.0, 0.0)	(95.0, 0.0)	(96.0, 0.0)	(97.0, 0.0)	(98.0, 0.0)	(99.0, 0.0)	(100.0, 0.0)
2529R_R_F_NS1_week6_S6_L001_R1_001	(0.0, 0.0)	(1.0, 0.0)	(2.0, 0.0)	(3.0, 0.0)	(4.0, 0.0)	(5.0, 0.0)	(6.0, 0.0)	(7.0, 0.0)	(8.0, 0.0)	(9.0, 0.0)	(10.0, 0.0)	(11.0, 0.0)	(12.0, 0.0)	(13.0, 0.0)	(14.0, 0.0)	(15.0, 0.0)	(16.0, 0.0)	(17.0, 0.0)	(18.0, 0.0)	(19.0, 0.0)	(20.0, 0.0)	(21.0, 0.0)	(22.0, 0.0)	(23.0, 0.0)	(24.0, 0.0)	(25.0, 0.0)	(26.0, 0.0)	(27.0, 0.0)	(28.0, 0.0)	(29.0, 0.0)	(30.0, 0.0008230384935103414)	(31.0, 0.0008230384935103414)	(32.0, 0.0024691154805310243)	(33.0, 0.0016460769870206829)	(34.0, 0.0016460769870206829)	(35.0, 0.0008230384935103414)	(36.0, 0.0008230384935103414)	(37.0, 0.0008230384935103414)	(38.0, 0.004115192467551708)	(39.0, 0.00576126945457239)	(40.0, 0.012345577402655123)	(41.0, 0.010699500415634439)	(42.0, 0.006584307948082731)	(43.0, 0.009876461922124097)	(44.0, 0.02880634727286195)	(45.0, 0.056789656052213554)	(46.0, 0.6740685261849697)	(47.0, 10.929951193817335)	(48.0, 14.179307166196162)	(49.0, 31.869696545707445)	(50.0, 4.29049966666941)	(51.0, 1.3069851276944222)	(52.0, 0.3884741689368812)	(53.0, 4.632060641476202)	(54.0, 21.83932642529691)	(55.0, 8.377708825441765)	(56.0, 0.47242409527493606)	(57.0, 0.11440235059793746)	(58.0, 0.06008181002625493)	(59.0, 0.24938066353363347)	(60.0, 0.08806511880560654)	(61.0, 0.051851425091151516)	(62.0, 0.021399000831268878)	(63.0, 0.00576126945457239)	(64.0, 0.004115192467551708)	(65.0, 0.0016460769870206829)	(66.0, 0.042798001662537756)	(67.0, 0.19341404597493025)	(68.0, 0.05432054057168254)	(69.0, 0.006584307948082731)	(70.0, 0.0008230384935103414)	(71.0, 0.0)	(72.0, 0.0)	(73.0, 0.0)	(74.0, 0.0)	(75.0, 0.0)	(76.0, 0.0)	(77.0, 0.0)	(78.0, 0.0)	(79.0, 0.0)	(80.0, 0.0)	(81.0, 0.0)	(82.0, 0.0)	(83.0, 0.0)	(84.0, 0.0)	(85.0, 0.0)	(86.0, 0.0)	(87.0, 0.0)	(88.0, 0.0)	(89.0, 0.0)	(90.0, 0.0)	(91.0, 0.0)	(92.0, 0.0)	(93.0, 0.0)	(94.0, 0.0)	(95.0, 0.0)	(96.0, 0.0)	(97.0, 0.0)	(98.0, 0.0)	(99.0, 0.0)	(100.0, 0.0)
2529R_R_F_NS1_week6_S6_L001_R2_001	(0.0, 0.0)	(1.0, 0.0)	(2.0, 0.0)	(3.0, 0.0)	(4.0, 0.0)	(5.0, 0.0)	(6.0, 0.0)	(7.0, 0.0)	(8.0, 0.0)	(9.0, 0.0)	(10.0, 0.0)	(11.0, 0.0)	(12.0, 0.0)	(13.0, 0.0)	(14.0, 0.0)	(15.0, 0.0)	(16.0, 0.0)	(17.0, 0.0)	(18.0, 0.0)	(19.0, 0.0)	(20.0, 0.0)	(21.0, 0.0)	(22.0, 0.0)	(23.0, 0.0)	(24.0, 0.0)	(25.0, 0.0)	(26.0, 0.0)	(27.0, 0.0)	(28.0, 0.0)	(29.0, 0.0)	(30.0, 0.0)	(31.0, 0.0)	(32.0, 0.0)	(33.0, 0.0)	(34.0, 0.0)	(35.0, 0.0)	(36.0, 0.0007889670842932433)	(37.0, 0.0)	(38.0, 0.0)	(39.0, 0.00236690125287973)	(40.0, 0.005522769590052703)	(41.0, 0.010256572095812162)	(42.0, 0.006311736674345946)	(43.0, 0.014990374601571621)	(44.0, 0.025246946697383785)	(45.0, 0.04891595922618108)	(46.0, 0.09230914886230947)	(47.0, 0.2737715782497554)	(48.0, 5.122763278316029)	(49.0, 11.256982358695995)	(50.0, 22.049263104743268)	(51.0, 21.326569255530657)	(52.0, 4.536560734686149)	(53.0, 6.650203553507748)	(54.0, 4.742481143686685)	(55.0, 2.8016221163253068)	(56.0, 11.127591756871903)	(57.0, 7.211948117524537)	(58.0, 1.4272414554864772)	(59.0, 0.414996686338246)	(60.0, 0.1672610218701676)	(61.0, 0.10256572095812162)	(62.0, 0.07495187300785812)	(63.0, 0.06469530091204595)	(64.0, 0.044182156720421625)	(65.0, 0.035503518793195944)	(66.0, 0.04339318963612838)	(67.0, 0.08520844510367027)	(68.0, 0.12702370057121218)	(69.0, 0.06469530091204595)	(70.0, 0.018146242938744596)	(71.0, 0.008678637927225678)	(72.0, 0.003944835421466217)	(73.0, 0.0015779341685864866)	(74.0, 0.0007889670842932433)	(75.0, 0.003944835421466217)	(76.0, 0.0015779341685864866)	(77.0, 0.0015779341685864866)	(78.0, 0.0007889670842932433)	(79.0, 0.0007889670842932433)	(80.0, 0.0)	(81.0, 0.0)	(82.0, 0.0)	(83.0, 0.0)	(84.0, 0.0)	(85.0, 0.0)	(86.0, 0.0)	(87.0, 0.0)	(88.0, 0.0)	(89.0, 0.0)	(90.0, 0.0)	(91.0, 0.0)	(92.0, 0.0)	(93.0, 0.0)	(94.0, 0.0)	(95.0, 0.0)	(96.0, 0.0)	(97.0, 0.0)	(98.0, 0.0)	(99.0, 0.0)	(100.0, 0.0)
2529R_R_F_NS1_week7_S7_L001_R1_001	(0.0, 0.0)	(1.0, 0.0)	(2.0, 0.0)	(3.0, 0.0)	(4.0, 0.0)	(5.0, 0.0)	(6.0, 0.0)	(7.0, 0.0)	(8.0, 0.0)	(9.0, 0.0)	(10.0, 0.0)	(11.0, 0.0)	(12.0, 0.0)	(13.0, 0.0)	(14.0, 0.0)	(15.0, 0.0)	(16.0, 0.0)	(17.0, 0.0)	(18.0, 0.0)	(19.0, 0.0)	(20.0, 0.0)	(21.0, 0.0)	(22.0, 0.0)	(23.0, 0.0)	(24.0, 0.0)	(25.0, 0.0)	(26.0, 0.0)	(27.0, 0.0)	(28.0, 0.0)	(29.0, 0.0008143654057575633)	(30.0, 0.0008143654057575633)	(31.0, 0.0008143654057575633)	(32.0, 0.0016287308115151267)	(33.0, 0.0032574616230302534)	(34.0, 0.0032574616230302534)	(35.0, 0.004886192434545381)	(36.0, 0.0032574616230302534)	(37.0, 0.0016287308115151267)	(38.0, 0.0024430962172726904)	(39.0, 0.0032574616230302534)	(40.0, 0.0073292886518180715)	(41.0, 0.010586750274848325)	(42.0, 0.009772384869090761)	(43.0, 0.016287308115151267)	(44.0, 0.02117350054969665)	(45.0, 0.0423470010993933)	(46.0, 0.36646443259090355)	(47.0, 8.819577344354412)	(48.0, 11.581904800684068)	(49.0, 21.624658984486338)	(50.0, 3.272934565739647)	(51.0, 1.2818111486624049)	(52.0, 0.6124027851296876)	(53.0, 4.6190805814569)	(54.0, 34.73838511340038)	(55.0, 11.65112586017346)	(56.0, 0.5684270532187793)	(57.0, 0.1449570422248463)	(58.0, 0.05619121299727188)	(59.0, 0.15554379249969463)	(60.0, 0.057005578403029444)	(61.0, 0.04153263569363574)	(62.0, 0.009772384869090761)	(63.0, 0.004886192434545381)	(64.0, 0.0032574616230302534)	(65.0, 0.0032574616230302534)	(66.0, 0.03583207785333279)	(67.0, 0.16857363899181563)	(68.0, 0.039089539476363046)	(69.0, 0.008143654057575634)	(70.0, 0.0008143654057575633)	(71.0, 0.0)	(72.0, 0.0008143654057575633)	(73.0, 0.0)	(74.0, 0.0)	(75.0, 0.0)	(76.0, 0.0)	(77.0, 0.0)	(78.0, 0.0)	(79.0, 0.0)	(80.0, 0.0)	(81.0, 0.0)	(82.0, 0.0)	(83.0, 0.0)	(84.0, 0.0)	(85.0, 0.0)	(86.0, 0.0)	(87.0, 0.0)	(88.0, 0.0)	(89.0, 0.0)	(90.0, 0.0)	(91.0, 0.0)	(92.0, 0.0)	(93.0, 0.0)	(94.0, 0.0)	(95.0, 0.0)	(96.0, 0.0)	(97.0, 0.0)	(98.0, 0.0)	(99.0, 0.0)	(100.0, 0.0)
2529R_R_F_NS1_week7_S7_L001_R2_001	(0.0, 0.0)	(1.0, 0.0)	(2.0, 0.0)	(3.0, 0.0)	(4.0, 0.0)	(5.0, 0.0)	(6.0, 0.0)	(7.0, 0.0)	(8.0, 0.0)	(9.0, 0.0)	(10.0, 0.0)	(11.0, 0.0)	(12.0, 0.0)	(13.0, 0.0)	(14.0, 0.0)	(15.0, 0.0)	(16.0, 0.0)	(17.0, 0.0)	(18.0, 0.0)	(19.0, 0.0)	(20.0, 0.0)	(21.0, 0.0)	(22.0, 0.0)	(23.0, 0.0)	(24.0, 0.0)	(25.0, 0.0)	(26.0, 0.0)	(27.0, 0.0)	(28.0, 0.0)	(29.0, 0.0)	(30.0, 0.0)	(31.0, 0.0)	(32.0, 0.0)	(33.0, 0.0)	(34.0, 0.000776855908766042)	(35.0, 0.0)	(36.0, 0.0)	(37.0, 0.000776855908766042)	(38.0, 0.000776855908766042)	(39.0, 0.001553711817532084)	(40.0, 0.005437991361362294)	(41.0, 0.0069917031788943795)	(42.0, 0.007768559087660421)	(43.0, 0.014760262266554799)	(44.0, 0.023305677262981262)	(45.0, 0.04894192225226065)	(46.0, 0.08156987042043441)	(47.0, 0.25791616171032594)	(48.0, 4.118113172368789)	(49.0, 9.574749075541469)	(50.0, 15.579845250302974)	(51.0, 13.956993256890712)	(52.0, 3.2177371741089464)	(53.0, 5.640750753550231)	(54.0, 5.047232839252976)	(55.0, 4.653366893508592)	(56.0, 20.386252757838477)	(57.0, 13.155277959044156)	(58.0, 2.4999223144091234)	(59.0, 0.6238152947391318)	(60.0, 0.25558559398402786)	(61.0, 0.147602622665548)	(62.0, 0.10953668313601193)	(63.0, 0.08390043814673255)	(64.0, 0.06370218451881544)	(65.0, 0.04894192225226065)	(66.0, 0.04272707498213232)	(67.0, 0.09866070041328735)	(68.0, 0.11963580994997047)	(69.0, 0.06370218451881544)	(70.0, 0.025636244989279387)	(71.0, 0.012429694540256673)	(72.0, 0.005437991361362294)	(73.0, 0.003107423635064168)	(74.0, 0.001553711817532084)	(75.0, 0.002330567726298126)	(76.0, 0.002330567726298126)	(77.0, 0.0)	(78.0, 0.000776855908766042)	(79.0, 0.0)	(80.0, 0.0)	(81.0, 0.002330567726298126)	(82.0, 0.003107423635064168)	(83.0, 0.0)	(84.0, 0.0)	(85.0, 0.0)	(86.0, 0.0)	(87.0, 0.0)	(88.0, 0.0)	(89.0, 0.0)	(90.0, 0.0)	(91.0, 0.0)	(92.0, 0.0)	(93.0, 0.001553711817532084)	(94.0, 0.000776855908766042)	(95.0, 0.0)	(96.0, 0.0)	(97.0, 0.0)	(98.0, 0.0)	(99.0, 0.0)	(100.0, 0.0)
2529R_R_F_NS1_week9_S8_L001_R1_001	(0.0, 0.0)	(1.0, 0.0)	(2.0, 0.0)	(3.0, 0.0)	(4.0, 0.0)	(5.0, 0.0)	(6.0, 0.0)	(7.0, 0.0)	(8.0, 0.0)	(9.0, 0.0)	(10.0, 0.0)	(11.0, 0.0)	(12.0, 0.0)	(13.0, 0.0)	(14.0, 0.0)	(15.0, 0.0)	(16.0, 0.0)	(17.0, 0.0)	(18.0, 0.0)	(19.0, 0.0)	(20.0, 0.0)	(21.0, 0.0)	(22.0, 0.0)	(23.0, 0.0)	(24.0, 0.0)	(25.0, 0.0)	(26.0, 0.0)	(27.0, 0.0)	(28.0, 0.0)	(29.0, 0.0008508538318202317)	(30.0, 0.0)	(31.0, 0.0)	(32.0, 0.0)	(33.0, 0.0)	(34.0, 0.0)	(35.0, 0.0)	(36.0, 0.0)	(37.0, 0.0008508538318202317)	(38.0, 0.0025525614954606947)	(39.0, 0.0008508538318202317)	(40.0, 0.0)	(41.0, 0.0034034153272809267)	(42.0, 0.005105122990921389)	(43.0, 0.008508538318202315)	(44.0, 0.015315368972764167)	(45.0, 0.026376468786427177)	(46.0, 0.43138289273285746)	(47.0, 12.490534251121)	(48.0, 12.136579057083784)	(49.0, 13.543891294914449)	(50.0, 3.9241378723549083)	(51.0, 1.8701767223408692)	(52.0, 0.6194215895651286)	(53.0, 5.445464523649482)	(54.0, 35.284057551753186)	(55.0, 12.447140705698168)	(56.0, 0.7257783185426575)	(57.0, 0.19654723515047348)	(58.0, 0.09104136000476479)	(59.0, 0.21952028860961975)	(60.0, 0.10210245981842779)	(61.0, 0.04764781458193297)	(62.0, 0.0161662228045844)	(63.0, 0.0034034153272809267)	(64.0, 0.0017017076636404633)	(65.0, 0.0034034153272809267)	(66.0, 0.050200376077393666)	(67.0, 0.22037114244144002)	(68.0, 0.051051229909213895)	(69.0, 0.009359392150022548)	(70.0, 0.004254269159101157)	(71.0, 0.0008508538318202317)	(72.0, 0.0)	(73.0, 0.0)	(74.0, 0.0)	(75.0, 0.0)	(76.0, 0.0)	(77.0, 0.0)	(78.0, 0.0)	(79.0, 0.0)	(80.0, 0.0)	(81.0, 0.0)	(82.0, 0.0)	(83.0, 0.0)	(84.0, 0.0)	(85.0, 0.0)	(86.0, 0.0)	(87.0, 0.0)	(88.0, 0.0)	(89.0, 0.0)	(90.0, 0.0)	(91.0, 0.0)	(92.0, 0.0)	(93.0, 0.0)	(94.0, 0.0)	(95.0, 0.0)	(96.0, 0.0)	(97.0, 0.0)	(98.0, 0.0)	(99.0, 0.0)	(100.0, 0.0)
2529R_R_F_NS1_week9_S8_L001_R2_001	(0.0, 0.0)	(1.0, 0.0)	(2.0, 0.0)	(3.0, 0.0)	(4.0, 0.0)	(5.0, 0.0)	(6.0, 0.0)	(7.0, 0.0)	(8.0, 0.0)	(9.0, 0.0)	(10.0, 0.0)	(11.0, 0.0)	(12.0, 0.0)	(13.0, 0.0)	(14.0, 0.0)	(15.0, 0.0)	(16.0, 0.0)	(17.0, 0.0)	(18.0, 0.0)	(19.0, 0.0)	(20.0, 0.0)	(21.0, 0.0)	(22.0, 0.0)	(23.0, 0.0)	(24.0, 0.0)	(25.0, 0.0)	(26.0, 0.0)	(27.0, 0.0)	(28.0, 0.0)	(29.0, 0.0)	(30.0, 0.0)	(31.0, 0.0)	(32.0, 0.0)	(33.0, 0.0)	(34.0, 0.0)	(35.0, 0.0)	(36.0, 0.0)	(37.0, 0.0)	(38.0, 0.0008293272221131811)	(39.0, 0.0016586544442263621)	(40.0, 0.0016586544442263621)	(41.0, 0.0033173088884527243)	(42.0, 0.009122599443244991)	(43.0, 0.01575721722015044)	(44.0, 0.020733180552829526)	(45.0, 0.03897837943931951)	(46.0, 0.08459137665554446)	(47.0, 0.2628967294098784)	(48.0, 5.034016238227008)	(49.0, 12.127251968961046)	(50.0, 12.915112829968567)	(51.0, 8.804967117175643)	(52.0, 3.4209747912168713)	(53.0, 8.374546288898902)	(54.0, 8.378692925009467)	(55.0, 5.320134129856056)	(56.0, 18.455018673684616)	(57.0, 12.40175927948051)	(58.0, 2.446515305233884)	(59.0, 0.6883415943539403)	(60.0, 0.2620674021877652)	(61.0, 0.1658654444226362)	(62.0, 0.1252284105390903)	(63.0, 0.08127406776709174)	(64.0, 0.06883415943539403)	(65.0, 0.047271651660451317)	(66.0, 0.047271651660451317)	(67.0, 0.10366590276414762)	(68.0, 0.15591351775727805)	(69.0, 0.08210339498920492)	(70.0, 0.026538471107621794)	(71.0, 0.013269235553810897)	(72.0, 0.0033173088884527243)	(73.0, 0.0016586544442263621)	(74.0, 0.0016586544442263621)	(75.0, 0.0008293272221131811)	(76.0, 0.0008293272221131811)	(77.0, 0.0008293272221131811)	(78.0, 0.0)	(79.0, 0.0)	(80.0, 0.0)	(81.0, 0.0)	(82.0, 0.0)	(83.0, 0.0)	(84.0, 0.0)	(85.0, 0.0)	(86.0, 0.0008293272221131811)	(87.0, 0.0008293272221131811)	(88.0, 0.0)	(89.0, 0.0)	(90.0, 0.0)	(91.0, 0.0)	(92.0, 0.0)	(93.0, 0.0)	(94.0, 0.0)	(95.0, 0.0)	(96.0, 0.0)	(97.0, 0.0)	(98.0, 0.0)	(99.0, 0.0008293272221131811)	(100.0, 0.0022115392589684827)
2562R_0_F_NS6_week9_S82_L001_R1_001	(0.0, 0.0)	(1.0, 0.0)	(2.0, 0.0)	(3.0, 0.0)	(4.0, 0.0)	(5.0, 0.0)	(6.0, 0.0)	(7.0, 0.0)	(8.0, 0.0)	(9.0, 0.0)	(10.0, 0.0)	(11.0, 0.0)	(12.0, 0.0)	(13.0, 0.0)	(14.0, 0.0)	(15.0, 0.0)	(16.0, 0.0)	(17.0, 0.0)	(18.0, 0.0)	(19.0, 0.0)	(20.0, 0.0)	(21.0, 0.0)	(22.0, 0.0)	(23.0, 0.0)	(24.0, 0.0)	(25.0, 0.0)	(26.0, 0.0)	(27.0, 0.0)	(28.0, 0.0006623262221574615)	(29.0, 0.0)	(30.0, 0.0)	(31.0, 0.0)	(32.0, 0.0)	(33.0, 0.001986978666472384)	(34.0, 0.0006623262221574615)	(35.0, 0.0006623262221574615)	(36.0, 0.001986978666472384)	(37.0, 0.001986978666472384)	(38.0, 0.0006623262221574615)	(39.0, 0.0)	(40.0, 0.003973957332944768)	(41.0, 0.00463628355510223)	(42.0, 0.005960935999417153)	(43.0, 0.017220481776093997)	(44.0, 0.041064225773762605)	(45.0, 0.1821397110933019)	(46.0, 11.290012782896088)	(47.0, 21.017598007722725)	(48.0, 11.303921633561394)	(49.0, 14.657279296344623)	(50.0, 3.3685911658928487)	(51.0, 1.3690283011994728)	(52.0, 0.34043567818893516)	(53.0, 4.007735970274799)	(54.0, 21.432876549015454)	(55.0, 9.790506215931595)	(56.0, 0.6590145910466741)	(57.0, 0.1529973573183736)	(58.0, 0.05166144532828199)	(59.0, 0.057622381327699146)	(60.0, 0.029142353774928305)	(61.0, 0.03377863733003054)	(62.0, 0.01390885066530669)	(63.0, 0.001986978666472384)	(64.0, 0.0)	(65.0, 0.002649304888629846)	(66.0, 0.011921871998834306)	(67.0, 0.11193313154461099)	(68.0, 0.02715537510845592)	(69.0, 0.003973957332944768)	(70.0, 0.0006623262221574615)	(71.0, 0.0)	(72.0, 0.0)	(73.0, 0.0)	(74.0, 0.0)	(75.0, 0.0)	(76.0, 0.0)	(77.0, 0.0)	(78.0, 0.0)	(79.0, 0.0)	(80.0, 0.0)	(81.0, 0.0)	(82.0, 0.0)	(83.0, 0.0)	(84.0, 0.0)	(85.0, 0.0)	(86.0, 0.0)	(87.0, 0.0)	(88.0, 0.0)	(89.0, 0.0)	(90.0, 0.0)	(91.0, 0.0)	(92.0, 0.0)	(93.0, 0.0)	(94.0, 0.0)	(95.0, 0.0)	(96.0, 0.0)	(97.0, 0.0)	(98.0, 0.0)	(99.0, 0.0)	(100.0, 0.0)
2562R_0_F_NS6_week9_S82_L001_R2_001	(0.0, 0.0)	(1.0, 0.0)	(2.0, 0.0)	(3.0, 0.0)	(4.0, 0.0)	(5.0, 0.0)	(6.0, 0.0)	(7.0, 0.0)	(8.0, 0.0)	(9.0, 0.0)	(10.0, 0.0)	(11.0, 0.0)	(12.0, 0.0)	(13.0, 0.0)	(14.0, 0.0)	(15.0, 0.0)	(16.0, 0.0)	(17.0, 0.0)	(18.0, 0.0)	(19.0, 0.0)	(20.0, 0.0)	(21.0, 0.0)	(22.0, 0.0)	(23.0, 0.0)	(24.0, 0.0)	(25.0, 0.0)	(26.0, 0.0)	(27.0, 0.0)	(28.0, 0.0)	(29.0, 0.0)	(30.0, 0.0)	(31.0, 0.0)	(32.0, 0.0)	(33.0, 0.0)	(34.0, 0.0)	(35.0, 0.0)	(36.0, 0.0006633323162237817)	(37.0, 0.0)	(38.0, 0.0013266646324475635)	(39.0, 0.0013266646324475635)	(40.0, 0.003316661581118909)	(41.0, 0.005306658529790254)	(42.0, 0.013929978640699416)	(43.0, 0.02653329264895127)	(44.0, 0.03382994812741287)	(45.0, 0.05903657614391657)	(46.0, 0.15389309736391737)	(47.0, 0.5843957705931517)	(48.0, 10.04351459994428)	(49.0, 25.270971251177414)	(50.0, 16.4984013691179)	(51.0, 6.875439457659498)	(52.0, 3.4586146967907982)	(53.0, 8.653833397455458)	(54.0, 8.342730541146503)	(55.0, 4.149806970295979)	(56.0, 8.76129323268371)	(57.0, 5.347121801079905)	(58.0, 0.9512185414649031)	(59.0, 0.23879963384056146)	(60.0, 0.09087652732265811)	(61.0, 0.07163989015216844)	(62.0, 0.059699908460140366)	(63.0, 0.04510659750321716)	(64.0, 0.035156612759860435)	(65.0, 0.021889966435384798)	(66.0, 0.01790997253804211)	(67.0, 0.05372991761412632)	(68.0, 0.07362988710083979)	(69.0, 0.033166615811189085)	(70.0, 0.0145933109569232)	(71.0, 0.003979993897342691)	(72.0, 0.0006633323162237817)	(73.0, 0.0006633323162237817)	(74.0, 0.0)	(75.0, 0.0)	(76.0, 0.0)	(77.0, 0.0)	(78.0, 0.0)	(79.0, 0.0)	(80.0, 0.0)	(81.0, 0.0)	(82.0, 0.0006633323162237817)	(83.0, 0.0)	(84.0, 0.0)	(85.0, 0.0)	(86.0, 0.0006633323162237817)	(87.0, 0.0006633323162237817)	(88.0, 0.0)	(89.0, 0.0)	(90.0, 0.0)	(91.0, 0.0)	(92.0, 0.0)	(93.0, 0.0)	(94.0, 0.0)	(95.0, 0.0)	(96.0, 0.0)	(97.0, 0.0)	(98.0, 0.0)	(99.0, 0.0)	(100.0, 0.0)
2562R_RL_F_NS6_week9_S83_L001_R1_001	(0.0, 0.0)	(1.0, 0.0)	(2.0, 0.0)	(3.0, 0.0)	(4.0, 0.0)	(5.0, 0.0)	(6.0, 0.0)	(7.0, 0.0)	(8.0, 0.0)	(9.0, 0.0)	(10.0, 0.0)	(11.0, 0.0)	(12.0, 0.0)	(13.0, 0.0)	(14.0, 0.0)	(15.0, 0.0)	(16.0, 0.0)	(17.0, 0.0)	(18.0, 0.0)	(19.0, 0.0)	(20.0, 0.0)	(21.0, 0.0)	(22.0, 0.0)	(23.0, 0.0)	(24.0, 0.0)	(25.0, 0.0)	(26.0, 0.0)	(27.0, 0.0)	(28.0, 0.0)	(29.0, 0.0)	(30.0, 0.0)	(31.0, 0.000735440124142293)	(32.0, 0.0)	(33.0, 0.0)	(34.0, 0.0)	(35.0, 0.002206320372426879)	(36.0, 0.0)	(37.0, 0.0)	(38.0, 0.000735440124142293)	(39.0, 0.0)	(40.0, 0.001470880248284586)	(41.0, 0.002206320372426879)	(42.0, 0.002941760496569172)	(43.0, 0.009560721613849809)	(44.0, 0.026475844469122545)	(45.0, 0.1375273032146088)	(46.0, 12.30023607627985)	(47.0, 23.68999727887154)	(48.0, 12.041361152581763)	(49.0, 15.873004199363109)	(50.0, 4.257462878659734)	(51.0, 1.511329455112412)	(52.0, 0.3125620527604745)	(53.0, 4.60606149750318)	(54.0, 16.973958065204123)	(55.0, 7.339692438940084)	(56.0, 0.5081891257823244)	(57.0, 0.11840585998690917)	(58.0, 0.040449206827826115)	(59.0, 0.05736432968309885)	(60.0, 0.03309480558640318)	(61.0, 0.027946724717407133)	(62.0, 0.005148080868996051)	(63.0, 0.005148080868996051)	(64.0, 0.000735440124142293)	(65.0, 0.001470880248284586)	(66.0, 0.01250248211041898)	(67.0, 0.06913137166937554)	(68.0, 0.025740404344980254)	(69.0, 0.004412640744853758)	(70.0, 0.000735440124142293)	(71.0, 0.0)	(72.0, 0.0)	(73.0, 0.0)	(74.0, 0.0)	(75.0, 0.0)	(76.0, 0.0)	(77.0, 0.0)	(78.0, 0.0)	(79.0, 0.0)	(80.0, 0.0)	(81.0, 0.0)	(82.0, 0.0)	(83.0, 0.0)	(84.0, 0.0)	(85.0, 0.0)	(86.0, 0.0)	(87.0, 0.0)	(88.0, 0.0)	(89.0, 0.0)	(90.0, 0.0)	(91.0, 0.0)	(92.0, 0.0)	(93.0, 0.0)	(94.0, 0.0)	(95.0, 0.0)	(96.0, 0.0)	(97.0, 0.0)	(98.0, 0.0)	(99.0, 0.0)	(100.0, 0.0)
2562R_RL_F_NS6_week9_S83_L001_R2_001	(0.0, 0.0)	(1.0, 0.0)	(2.0, 0.0)	(3.0, 0.0)	(4.0, 0.0)	(5.0, 0.0)	(6.0, 0.0)	(7.0, 0.0)	(8.0, 0.0)	(9.0, 0.0)	(10.0, 0.0)	(11.0, 0.0)	(12.0, 0.0)	(13.0, 0.0)	(14.0, 0.0)	(15.0, 0.0)	(16.0, 0.0)	(17.0, 0.0)	(18.0, 0.0)	(19.0, 0.0)	(20.0, 0.0)	(21.0, 0.0)	(22.0, 0.0)	(23.0, 0.0)	(24.0, 0.0)	(25.0, 0.0)	(26.0, 0.0)	(27.0, 0.0)	(28.0, 0.0)	(29.0, 0.0)	(30.0, 0.0)	(31.0, 0.0)	(32.0, 0.0)	(33.0, 0.0)	(34.0, 0.0)	(35.0, 0.000732021550714453)	(36.0, 0.0)	(37.0, 0.002196064652143359)	(38.0, 0.002928086202857812)	(39.0, 0.001464043101428906)	(40.0, 0.002928086202857812)	(41.0, 0.005856172405715624)	(42.0, 0.010980323260716796)	(43.0, 0.023424689622862496)	(44.0, 0.03440501288357929)	(45.0, 0.06588193956430077)	(46.0, 0.1449402670414617)	(47.0, 0.5892773483251347)	(48.0, 11.257759428437573)	(49.0, 27.5525591473413)	(50.0, 17.25374795033966)	(51.0, 7.66865776528461)	(52.0, 3.786015460295151)	(53.0, 6.391280159287889)	(54.0, 5.8386038884984774)	(55.0, 3.5576247364722415)	(56.0, 9.022165612555634)	(57.0, 5.257378777231201)	(58.0, 0.8528051065823378)	(59.0, 0.21301827125790582)	(60.0, 0.10614312485359569)	(61.0, 0.06514991801358631)	(62.0, 0.0592937456078707)	(63.0, 0.032208948231435934)	(64.0, 0.02928086202857812)	(65.0, 0.025620754275005854)	(66.0, 0.017568517217146872)	(67.0, 0.03367299133286484)	(68.0, 0.04684937924572499)	(69.0, 0.026352775825720307)	(70.0, 0.008052237057858984)	(71.0, 0.0051241508550011715)	(72.0, 0.001464043101428906)	(73.0, 0.0)	(74.0, 0.002196064652143359)	(75.0, 0.002196064652143359)	(76.0, 0.0)	(77.0, 0.000732021550714453)	(78.0, 0.000732021550714453)	(79.0, 0.0)	(80.0, 0.0)	(81.0, 0.000732021550714453)	(82.0, 0.0)	(83.0, 0.0)	(84.0, 0.0)	(85.0, 0.0)	(86.0, 0.0)	(87.0, 0.0)	(88.0, 0.0)	(89.0, 0.0)	(90.0, 0.0)	(91.0, 0.0)	(92.0, 0.0)	(93.0, 0.0)	(94.0, 0.0)	(95.0, 0.0)	(96.0, 0.0)	(97.0, 0.0)	(98.0, 0.0)	(99.0, 0.0)	(100.0, 0.0)
3795R_0_F_S2_week5_S43_L001_R1_001	(0.0, 0.0)	(1.0, 0.0)	(2.0, 0.0)	(3.0, 0.0)	(4.0, 0.0)	(5.0, 0.0)	(6.0, 0.0)	(7.0, 0.0)	(8.0, 0.0)	(9.0, 0.0)	(10.0, 0.0)	(11.0, 0.0)	(12.0, 0.0)	(13.0, 0.0)	(14.0, 0.0)	(15.0, 0.0)	(16.0, 0.0)	(17.0, 0.0)	(18.0, 0.0)	(19.0, 0.0)	(20.0, 0.0)	(21.0, 0.0)	(22.0, 0.0)	(23.0, 0.0)	(24.0, 0.0)	(25.0, 0.0)	(26.0, 0.0)	(27.0, 0.0)	(28.0, 0.0)	(29.0, 0.0)	(30.0, 0.0)	(31.0, 0.0)	(32.0, 0.0006473790857712551)	(33.0, 0.0)	(34.0, 0.0)	(35.0, 0.0006473790857712551)	(36.0, 0.0019421372573137652)	(37.0, 0.0012947581715425103)	(38.0, 0.0012947581715425103)	(39.0, 0.0019421372573137652)	(40.0, 0.0006473790857712551)	(41.0, 0.0006473790857712551)	(42.0, 0.0032368954288562756)	(43.0, 0.012947581715425103)	(44.0, 0.020068751658908906)	(45.0, 0.08156976480717813)	(46.0, 1.3743857990923747)	(47.0, 27.393846014410663)	(48.0, 7.604762120554934)	(49.0, 2.5675054541687974)	(50.0, 5.8523069353721455)	(51.0, 4.347797940039749)	(52.0, 0.46287604632644735)	(53.0, 4.8158530190523665)	(54.0, 33.20277855103613)	(55.0, 10.94588558222038)	(56.0, 0.6247208177692611)	(57.0, 0.14177601978390486)	(58.0, 0.0576167386336417)	(59.0, 0.16637642504321257)	(60.0, 0.09710686286568826)	(61.0, 0.13077057532579353)	(62.0, 0.022658268001993928)	(63.0, 0.0045316536003987854)	(64.0, 0.0019421372573137652)	(65.0, 0.0025895163430850205)	(66.0, 0.006473790857712551)	(67.0, 0.0388427451462753)	(68.0, 0.007121169943483806)	(69.0, 0.0019421372573137652)	(70.0, 0.0006473790857712551)	(71.0, 0.0)	(72.0, 0.0)	(73.0, 0.0)	(74.0, 0.0)	(75.0, 0.0)	(76.0, 0.0)	(77.0, 0.0)	(78.0, 0.0)	(79.0, 0.0)	(80.0, 0.0)	(81.0, 0.0)	(82.0, 0.0)	(83.0, 0.0)	(84.0, 0.0)	(85.0, 0.0)	(86.0, 0.0)	(87.0, 0.0)	(88.0, 0.0)	(89.0, 0.0)	(90.0, 0.0)	(91.0, 0.0)	(92.0, 0.0)	(93.0, 0.0)	(94.0, 0.0)	(95.0, 0.0)	(96.0, 0.0)	(97.0, 0.0)	(98.0, 0.0)	(99.0, 0.0)	(100.0, 0.0)
3795R_0_F_S2_week5_S43_L001_R2_001	(0.0, 0.0)	(1.0, 0.0)	(2.0, 0.0)	(3.0, 0.0)	(4.0, 0.0)	(5.0, 0.0)	(6.0, 0.0)	(7.0, 0.0)	(8.0, 0.0)	(9.0, 0.0)	(10.0, 0.0)	(11.0, 0.0)	(12.0, 0.0)	(13.0, 0.0)	(14.0, 0.0)	(15.0, 0.0)	(16.0, 0.0)	(17.0, 0.0)	(18.0, 0.0)	(19.0, 0.0)	(20.0, 0.0)	(21.0, 0.0)	(22.0, 0.0)	(23.0, 0.0)	(24.0, 0.0)	(25.0, 0.0)	(26.0, 0.0)	(27.0, 0.0)	(28.0, 0.0)	(29.0, 0.0)	(30.0, 0.0)	(31.0, 0.0)	(32.0, 0.0)	(33.0, 0.0)	(34.0, 0.0)	(35.0, 0.0)	(36.0, 0.0006374258195702476)	(37.0, 0.0006374258195702476)	(38.0, 0.0006374258195702476)	(39.0, 0.0025497032782809902)	(40.0, 0.0031871290978512374)	(41.0, 0.006374258195702475)	(42.0, 0.010198813113123961)	(43.0, 0.028046736061090892)	(44.0, 0.041432678272066086)	(45.0, 0.06947941433315698)	(46.0, 0.13194714465104124)	(47.0, 0.4818939195951071)	(48.0, 8.398085172838012)	(49.0, 24.322894423161504)	(50.0, 5.173985377451698)	(51.0, 0.9096066445267432)	(52.0, 2.5943230856509074)	(53.0, 7.560507645922705)	(54.0, 7.870934020053416)	(55.0, 5.042038232800658)	(56.0, 20.02154499270147)	(57.0, 12.868989871303727)	(58.0, 2.4407034631344775)	(59.0, 0.6858701818575863)	(60.0, 0.31616320650684276)	(61.0, 0.24859606963239653)	(62.0, 0.20652596554076016)	(63.0, 0.1517073450577189)	(64.0, 0.11728635080092555)	(65.0, 0.07776594998757021)	(66.0, 0.06374258195702476)	(67.0, 0.0509940655656198)	(68.0, 0.04716951064819832)	(69.0, 0.021035052045818167)	(70.0, 0.01274851639140495)	(71.0, 0.006374258195702475)	(72.0, 0.003824554917421485)	(73.0, 0.0025497032782809902)	(74.0, 0.0019122774587107426)	(75.0, 0.0012748516391404951)	(76.0, 0.0)	(77.0, 0.0)	(78.0, 0.0006374258195702476)	(79.0, 0.0012748516391404951)	(80.0, 0.0)	(81.0, 0.0006374258195702476)	(82.0, 0.0)	(83.0, 0.0)	(84.0, 0.0)	(85.0, 0.0)	(86.0, 0.0)	(87.0, 0.0)	(88.0, 0.0)	(89.0, 0.0)	(90.0, 0.0)	(91.0, 0.0)	(92.0, 0.0)	(93.0, 0.0)	(94.0, 0.0)	(95.0, 0.0)	(96.0, 0.0)	(97.0, 0.0006374258195702476)	(98.0, 0.0006374258195702476)	(99.0, 0.0)	(100.0, 0.0)
3795R_0_F_S2_week6_S44_L001_R1_001	(0.0, 0.0)	(1.0, 0.0)	(2.0, 0.0)	(3.0, 0.0)	(4.0, 0.0)	(5.0, 0.0)	(6.0, 0.0)	(7.0, 0.0)	(8.0, 0.0)	(9.0, 0.0)	(10.0, 0.0)	(11.0, 0.0)	(12.0, 0.0)	(13.0, 0.0)	(14.0, 0.0)	(15.0, 0.0)	(16.0, 0.0)	(17.0, 0.0)	(18.0, 0.0)	(19.0, 0.0)	(20.0, 0.0)	(21.0, 0.0)	(22.0, 0.0)	(23.0, 0.0)	(24.0, 0.0)	(25.0, 0.0)	(26.0, 0.0)	(27.0, 0.0)	(28.0, 0.0)	(29.0, 0.0)	(30.0, 0.0)	(31.0, 0.0008127306123112433)	(32.0, 0.0008127306123112433)	(33.0, 0.0)	(34.0, 0.0016254612246224865)	(35.0, 0.0008127306123112433)	(36.0, 0.0016254612246224865)	(37.0, 0.0016254612246224865)	(38.0, 0.00243819183693373)	(39.0, 0.0016254612246224865)	(40.0, 0.00487638367386746)	(41.0, 0.003250922449244973)	(42.0, 0.007314575510801191)	(43.0, 0.010565497960046164)	(44.0, 0.02113099592009233)	(45.0, 0.05201475918791957)	(46.0, 0.8046033061881308)	(47.0, 16.052242323759366)	(48.0, 4.478958404447262)	(49.0, 1.8717186001527935)	(50.0, 5.141333853480925)	(51.0, 3.8271484533736446)	(52.0, 0.4567546041189187)	(53.0, 5.9638172331399035)	(54.0, 45.254465954714654)	(55.0, 13.96352465011947)	(56.0, 0.8728726776222754)	(57.0, 0.2031826530778108)	(58.0, 0.09915313470197169)	(59.0, 0.43074722452495895)	(60.0, 0.2235009183855919)	(61.0, 0.13735147348060012)	(62.0, 0.016254612246224865)	(63.0, 0.0056891142861787035)	(64.0, 0.00243819183693373)	(65.0, 0.0016254612246224865)	(66.0, 0.013816420409291135)	(67.0, 0.05607841224947579)	(68.0, 0.008940036735423677)	(69.0, 0.0016254612246224865)	(70.0, 0.0008127306123112433)	(71.0, 0.0008127306123112433)	(72.0, 0.0)	(73.0, 0.0)	(74.0, 0.0)	(75.0, 0.0)	(76.0, 0.0)	(77.0, 0.0)	(78.0, 0.0)	(79.0, 0.0)	(80.0, 0.0)	(81.0, 0.0)	(82.0, 0.0)	(83.0, 0.0)	(84.0, 0.0)	(85.0, 0.0)	(86.0, 0.0)	(87.0, 0.0)	(88.0, 0.0)	(89.0, 0.0)	(90.0, 0.0)	(91.0, 0.0)	(92.0, 0.0)	(93.0, 0.0)	(94.0, 0.0)	(95.0, 0.0)	(96.0, 0.0)	(97.0, 0.0)	(98.0, 0.0)	(99.0, 0.0)	(100.0, 0.0)
3795R_0_F_S2_week6_S44_L001_R2_001	(0.0, 0.0)	(1.0, 0.0)	(2.0, 0.0)	(3.0, 0.0)	(4.0, 0.0)	(5.0, 0.0)	(6.0, 0.0)	(7.0, 0.0)	(8.0, 0.0)	(9.0, 0.0)	(10.0, 0.0)	(11.0, 0.0)	(12.0, 0.0)	(13.0, 0.0)	(14.0, 0.0)	(15.0, 0.0)	(16.0, 0.0)	(17.0, 0.0)	(18.0, 0.0)	(19.0, 0.0)	(20.0, 0.0)	(21.0, 0.0)	(22.0, 0.0)	(23.0, 0.0)	(24.0, 0.0)	(25.0, 0.0)	(26.0, 0.0)	(27.0, 0.0007985477079018957)	(28.0, 0.0)	(29.0, 0.0)	(30.0, 0.0)	(31.0, 0.0)	(32.0, 0.0)	(33.0, 0.0)	(34.0, 0.0)	(35.0, 0.0007985477079018957)	(36.0, 0.0007985477079018957)	(37.0, 0.0015970954158037913)	(38.0, 0.0)	(39.0, 0.0015970954158037913)	(40.0, 0.003992738539509479)	(41.0, 0.005589833955313271)	(42.0, 0.007985477079018958)	(43.0, 0.00958257249482275)	(44.0, 0.019963692697547393)	(45.0, 0.046315767058309955)	(46.0, 0.0950271772403256)	(47.0, 0.25872945736021424)	(48.0, 4.293791025388494)	(49.0, 14.786707907219403)	(50.0, 3.9184736026746028)	(51.0, 0.7578217747988991)	(52.0, 2.929871540292056)	(53.0, 7.652482684823868)	(54.0, 6.987292444141588)	(55.0, 6.083336438796643)	(56.0, 27.964342183016488)	(57.0, 17.944964091971404)	(58.0, 3.4920491266549907)	(59.0, 1.0381120202724645)	(60.0, 0.44958235954876735)	(61.0, 0.298656842755309)	(62.0, 0.2611251004839199)	(63.0, 0.19324854531225877)	(64.0, 0.12856618097220524)	(65.0, 0.08943734328501234)	(66.0, 0.07027219829536684)	(67.0, 0.06468236434005356)	(68.0, 0.06388381663215166)	(69.0, 0.036733194563487205)	(70.0, 0.018366597281743603)	(71.0, 0.006388381663215165)	(72.0, 0.0023956431237056874)	(73.0, 0.004791286247411375)	(74.0, 0.004791286247411375)	(75.0, 0.0015970954158037913)	(76.0, 0.0)	(77.0, 0.0)	(78.0, 0.0)	(79.0, 0.0)	(80.0, 0.0)	(81.0, 0.0007985477079018957)	(82.0, 0.0007985477079018957)	(83.0, 0.0)	(84.0, 0.0)	(85.0, 0.0)	(86.0, 0.0)	(87.0, 0.0007985477079018957)	(88.0, 0.0)	(89.0, 0.0)	(90.0, 0.0)	(91.0, 0.0)	(92.0, 0.0)	(93.0, 0.0)	(94.0, 0.0)	(95.0, 0.0)	(96.0, 0.0)	(97.0, 0.0)	(98.0, 0.0)	(99.0, 0.0)	(100.0, 0.0010647302772025277)
3795R_0_F_S2_week7_S45_L001_R1_001	(0.0, 0.0)	(1.0, 0.0)	(2.0, 0.0)	(3.0, 0.0)	(4.0, 0.0)	(5.0, 0.0)	(6.0, 0.0)	(7.0, 0.0)	(8.0, 0.0)	(9.0, 0.0)	(10.0, 0.0)	(11.0, 0.0)	(12.0, 0.0)	(13.0, 0.0)	(14.0, 0.0)	(15.0, 0.0)	(16.0, 0.0)	(17.0, 0.0)	(18.0, 0.0)	(19.0, 0.0)	(20.0, 0.0)	(21.0, 0.0)	(22.0, 0.0)	(23.0, 0.0)	(24.0, 0.0)	(25.0, 0.0007516084420660212)	(26.0, 0.0007516084420660212)	(27.0, 0.0007516084420660212)	(28.0, 0.0015032168841320425)	(29.0, 0.0007516084420660212)	(30.0, 0.0007516084420660212)	(31.0, 0.003006433768264085)	(32.0, 0.0015032168841320425)	(33.0, 0.004509650652396128)	(34.0, 0.0037580422103301067)	(35.0, 0.004509650652396128)	(36.0, 0.015032168841320427)	(37.0, 0.010522518188924298)	(38.0, 0.008267692862726234)	(39.0, 0.007516084420660213)	(40.0, 0.00601286753652817)	(41.0, 0.008267692862726234)	(42.0, 0.018790211051650532)	(43.0, 0.024803078588178706)	(44.0, 0.04659972340809332)	(45.0, 0.10297035656304493)	(46.0, 1.5776261198965789)	(47.0, 22.46858276712164)	(48.0, 6.449552041368528)	(49.0, 2.893692501954182)	(50.0, 7.301876014671397)	(51.0, 5.522067223859058)	(52.0, 0.5945222776742228)	(53.0, 5.715230593470025)	(54.0, 33.97946605736276)	(55.0, 11.639408333834405)	(56.0, 0.7696470446756057)	(57.0, 0.18639889363237327)	(58.0, 0.07741566953280019)	(59.0, 0.21420840598881608)	(60.0, 0.12476700138295954)	(61.0, 0.10672839877337503)	(62.0, 0.02329986170404666)	(63.0, 0.005261259094462149)	(64.0, 0.0007516084420660212)	(65.0, 0.0015032168841320425)	(66.0, 0.009770909746858276)	(67.0, 0.051109374060489446)	(68.0, 0.010522518188924298)	(69.0, 0.004509650652396128)	(70.0, 0.0)	(71.0, 0.0)	(72.0, 0.0)	(73.0, 0.0)	(74.0, 0.0)	(75.0, 0.0007516084420660212)	(76.0, 0.0)	(77.0, 0.0)	(78.0, 0.0)	(79.0, 0.0)	(80.0, 0.0)	(81.0, 0.0)	(82.0, 0.0)	(83.0, 0.0)	(84.0, 0.0)	(85.0, 0.0)	(86.0, 0.0)	(87.0, 0.0)	(88.0, 0.0)	(89.0, 0.0)	(90.0, 0.0)	(91.0, 0.0)	(92.0, 0.0)	(93.0, 0.0)	(94.0, 0.0)	(95.0, 0.0)	(96.0, 0.0)	(97.0, 0.0)	(98.0, 0.0)	(99.0, 0.0)	(100.0, 0.0)
3795R_0_F_S2_week7_S45_L001_R2_001	(0.0, 0.0)	(1.0, 0.0)	(2.0, 0.0)	(3.0, 0.0)	(4.0, 0.0)	(5.0, 0.0)	(6.0, 0.0)	(7.0, 0.0)	(8.0, 0.0)	(9.0, 0.0)	(10.0, 0.0)	(11.0, 0.0)	(12.0, 0.0)	(13.0, 0.0)	(14.0, 0.0)	(15.0, 0.0)	(16.0, 0.0)	(17.0, 0.0)	(18.0, 0.0)	(19.0, 0.0)	(20.0, 0.0)	(21.0, 0.0)	(22.0, 0.0)	(23.0, 0.0)	(24.0, 0.0)	(25.0, 0.0)	(26.0, 0.0007438022676051798)	(27.0, 0.0)	(28.0, 0.0)	(29.0, 0.0)	(30.0, 0.0)	(31.0, 0.0)	(32.0, 0.0)	(33.0, 0.0)	(34.0, 0.0)	(35.0, 0.0)	(36.0, 0.0007438022676051798)	(37.0, 0.0007438022676051798)	(38.0, 0.0007438022676051798)	(39.0, 0.0022314068028155393)	(40.0, 0.004462813605631079)	(41.0, 0.010413231746472518)	(42.0, 0.013388440816893235)	(43.0, 0.02528927709857611)	(44.0, 0.04611574059152115)	(45.0, 0.08776866757741121)	(46.0, 0.16140509207032402)	(47.0, 0.5526450848306486)	(48.0, 9.07959428065643)	(49.0, 19.608859180875353)	(50.0, 4.2136398459833435)	(51.0, 1.050992604126119)	(52.0, 3.3062010795050245)	(53.0, 9.592817845304005)	(54.0, 9.588355031698374)	(55.0, 5.703475787996518)	(56.0, 19.555305417607784)	(57.0, 12.7227377873866)	(58.0, 2.562398811899844)	(59.0, 0.769835346971361)	(60.0, 0.3570250884504863)	(61.0, 0.22983490069000057)	(62.0, 0.1807439510280587)	(63.0, 0.14504144218301004)	(64.0, 0.11231414240838215)	(65.0, 0.07884304036614906)	(66.0, 0.05578517007038848)	(67.0, 0.05280996099996777)	(68.0, 0.05727277460559885)	(69.0, 0.03719011338025899)	(70.0, 0.012644638549288056)	(71.0, 0.0037190113380258984)	(72.0, 0.0014876045352103595)	(73.0, 0.0014876045352103595)	(74.0, 0.0022314068028155393)	(75.0, 0.0007438022676051798)	(76.0, 0.0)	(77.0, 0.0014876045352103595)	(78.0, 0.0022314068028155393)	(79.0, 0.0007438022676051798)	(80.0, 0.0)	(81.0, 0.0)	(82.0, 0.0007438022676051798)	(83.0, 0.0014876045352103595)	(84.0, 0.0)	(85.0, 0.0007438022676051798)	(86.0, 0.0)	(87.0, 0.0)	(88.0, 0.0)	(89.0, 0.0)	(90.0, 0.0007438022676051798)	(91.0, 0.0)	(92.0, 0.0)	(93.0, 0.0)	(94.0, 0.0)	(95.0, 0.0)	(96.0, 0.0)	(97.0, 0.0)	(98.0, 0.0)	(99.0, 0.0007438022676051798)	(100.0, 0.0009917363568069063)
3795R_0_F_S2_week9_S46_L001_R1_001	(0.0, 0.0)	(1.0, 0.0)	(2.0, 0.0)	(3.0, 0.0)	(4.0, 0.0)	(5.0, 0.0)	(6.0, 0.0)	(7.0, 0.0)	(8.0, 0.0)	(9.0, 0.0)	(10.0, 0.0)	(11.0, 0.0)	(12.0, 0.0)	(13.0, 0.0)	(14.0, 0.0)	(15.0, 0.0)	(16.0, 0.0)	(17.0, 0.0)	(18.0, 0.0)	(19.0, 0.0)	(20.0, 0.0)	(21.0, 0.0)	(22.0, 0.0)	(23.0, 0.0)	(24.0, 0.0)	(25.0, 0.0)	(26.0, 0.0006033036910119816)	(27.0, 0.0012066073820239632)	(28.0, 0.0)	(29.0, 0.0)	(30.0, 0.0006033036910119816)	(31.0, 0.0)	(32.0, 0.0012066073820239632)	(33.0, 0.0012066073820239632)	(34.0, 0.004223125837083871)	(35.0, 0.005429733219107835)	(36.0, 0.0024132147640479264)	(37.0, 0.004826429528095853)	(38.0, 0.008446251674167743)	(39.0, 0.00723964429214378)	(40.0, 0.00723964429214378)	(41.0, 0.009049555365179724)	(42.0, 0.016289199657323505)	(43.0, 0.013875984893275576)	(44.0, 0.034388310387682954)	(45.0, 0.09773519794394102)	(46.0, 1.7887954438505254)	(47.0, 24.12189147773206)	(48.0, 6.6990841849970435)	(49.0, 2.395718957008579)	(50.0, 5.889450631658964)	(51.0, 4.473496868853843)	(52.0, 0.5743451138434065)	(53.0, 6.501803878036126)	(54.0, 34.57654113927869)	(55.0, 11.089928448182246)	(56.0, 0.7674022949672406)	(57.0, 0.19124727005079817)	(58.0, 0.08687573150572536)	(59.0, 0.24252808378681662)	(60.0, 0.14056976000579172)	(61.0, 0.09652859056191705)	(62.0, 0.01990902180339539)	(63.0, 0.005429733219107835)	(64.0, 0.0012066073820239632)	(65.0, 0.00361982214607189)	(66.0, 0.018099110730359448)	(67.0, 0.06636340601131799)	(68.0, 0.024735451331491246)	(69.0, 0.005429733219107835)	(70.0, 0.001809911073035945)	(71.0, 0.0012066073820239632)	(72.0, 0.0)	(73.0, 0.0)	(74.0, 0.0)	(75.0, 0.0)	(76.0, 0.0)	(77.0, 0.0)	(78.0, 0.0)	(79.0, 0.0)	(80.0, 0.0)	(81.0, 0.0)	(82.0, 0.0)	(83.0, 0.0)	(84.0, 0.0)	(85.0, 0.0)	(86.0, 0.0)	(87.0, 0.0)	(88.0, 0.0)	(89.0, 0.0)	(90.0, 0.0)	(91.0, 0.0)	(92.0, 0.0)	(93.0, 0.0)	(94.0, 0.0)	(95.0, 0.0)	(96.0, 0.0)	(97.0, 0.0)	(98.0, 0.0)	(99.0, 0.0)	(100.0, 0.0)
3795R_0_F_S2_week9_S46_L001_R2_001	(0.0, 0.0)	(1.0, 0.0)	(2.0, 0.0)	(3.0, 0.0)	(4.0, 0.0)	(5.0, 0.0)	(6.0, 0.0)	(7.0, 0.0)	(8.0, 0.0)	(9.0, 0.0)	(10.0, 0.0)	(11.0, 0.0)	(12.0, 0.0)	(13.0, 0.0)	(14.0, 0.0)	(15.0, 0.0)	(16.0, 0.0)	(17.0, 0.0)	(18.0, 0.0)	(19.0, 0.0)	(20.0, 0.0)	(21.0, 0.0)	(22.0, 0.0)	(23.0, 0.0)	(24.0, 0.0)	(25.0, 0.0005953467696484279)	(26.0, 0.0)	(27.0, 0.0)	(28.0, 0.0)	(29.0, 0.0)	(30.0, 0.0)	(31.0, 0.0)	(32.0, 0.0)	(33.0, 0.0)	(34.0, 0.0005953467696484279)	(35.0, 0.0)	(36.0, 0.0005953467696484279)	(37.0, 0.0011906935392968557)	(38.0, 0.0017860403089452837)	(39.0, 0.0029767338482421394)	(40.0, 0.004762774157187423)	(41.0, 0.010716241853671702)	(42.0, 0.01964644339839812)	(43.0, 0.023813870785937115)	(44.0, 0.036911499718202526)	(45.0, 0.07025091881851449)	(46.0, 0.15538550687823968)	(47.0, 0.5304539717567492)	(48.0, 9.536859902998165)	(49.0, 20.677584003429196)	(50.0, 4.197790072791065)	(51.0, 1.0501917016598268)	(52.0, 3.8495122125467343)	(53.0, 9.715463933892694)	(54.0, 8.124102018622446)	(55.0, 5.180707589480619)	(56.0, 19.461290553037458)	(57.0, 12.751137112330028)	(58.0, 2.5433213999380837)	(59.0, 0.7501369297570191)	(60.0, 0.34411043285679127)	(61.0, 0.21075275645554345)	(62.0, 0.1857481921303095)	(63.0, 0.12740420870476354)	(64.0, 0.09585082991339688)	(65.0, 0.07977646713288934)	(66.0, 0.05715328988624908)	(67.0, 0.07084626558816291)	(68.0, 0.06608349143097549)	(69.0, 0.03274407233066353)	(70.0, 0.013097628932265412)	(71.0, 0.004762774157187423)	(72.0, 0.0023813870785937114)	(73.0, 0.0011906935392968557)	(74.0, 0.0011906935392968557)	(75.0, 0.0005953467696484279)	(76.0, 0.0005953467696484279)	(77.0, 0.0017860403089452837)	(78.0, 0.0005953467696484279)	(79.0, 0.0011906935392968557)	(80.0, 0.0005953467696484279)	(81.0, 0.0)	(82.0, 0.0)	(83.0, 0.0005953467696484279)	(84.0, 0.0005953467696484279)	(85.0, 0.0005953467696484279)	(86.0, 0.0)	(87.0, 0.0)	(88.0, 0.0)	(89.0, 0.0)	(90.0, 0.0)	(91.0, 0.0)	(92.0, 0.0)	(93.0, 0.0)	(94.0, 0.0)	(95.0, 0.0005953467696484279)	(96.0, 0.0005953467696484279)	(97.0, 0.0)	(98.0, 0.0)	(99.0, 0.0)	(100.0, 0.0007937956928645704)
3861R_R_M_NS1_week9_S34_L001_R1_001	(0.0, 0.0)	(1.0, 0.0)	(2.0, 0.0)	(3.0, 0.0)	(4.0, 0.0)	(5.0, 0.0)	(6.0, 0.0)	(7.0, 0.0)	(8.0, 0.0)	(9.0, 0.0)	(10.0, 0.0)	(11.0, 0.0)	(12.0, 0.0)	(13.0, 0.0)	(14.0, 0.0)	(15.0, 0.0)	(16.0, 0.0)	(17.0, 0.0)	(18.0, 0.0)	(19.0, 0.0)	(20.0, 0.0)	(21.0, 0.0)	(22.0, 0.0)	(23.0, 0.0)	(24.0, 0.0)	(25.0, 0.0)	(26.0, 0.0)	(27.0, 0.0)	(28.0, 0.0)	(29.0, 0.0)	(30.0, 0.0007825705878670256)	(31.0, 0.0007825705878670256)	(32.0, 0.0)	(33.0, 0.0)	(34.0, 0.0)	(35.0, 0.0)	(36.0, 0.0007825705878670256)	(37.0, 0.0015651411757340512)	(38.0, 0.0023477117636010766)	(39.0, 0.0007825705878670256)	(40.0, 0.0007825705878670256)	(41.0, 0.0023477117636010766)	(42.0, 0.007043135290803231)	(43.0, 0.01095598823013836)	(44.0, 0.022694547048143745)	(45.0, 0.06260564702936205)	(46.0, 0.6104050585362799)	(47.0, 20.578476178551306)	(48.0, 16.476241156952355)	(49.0, 7.437550867088211)	(50.0, 6.373254867589057)	(51.0, 3.4307894572090403)	(52.0, 0.5219745821073061)	(53.0, 5.352000250422588)	(54.0, 25.659707005571903)	(55.0, 11.676735741563888)	(56.0, 0.6487510173417642)	(57.0, 0.1400801352281976)	(58.0, 0.0641707882050961)	(59.0, 0.1619921116884743)	(60.0, 0.06886621173229826)	(61.0, 0.05634508232642585)	(62.0, 0.02191197646027672)	(63.0, 0.006260564702936205)	(64.0, 0.0015651411757340512)	(65.0, 0.007043135290803231)	(66.0, 0.09234332936830902)	(67.0, 0.3764164527640393)	(68.0, 0.09625618230764416)	(69.0, 0.02191197646027672)	(70.0, 0.004695423527202153)	(71.0, 0.0007825705878670256)	(72.0, 0.0)	(73.0, 0.0)	(74.0, 0.0)	(75.0, 0.0)	(76.0, 0.0)	(77.0, 0.0)	(78.0, 0.0)	(79.0, 0.0)	(80.0, 0.0)	(81.0, 0.0)	(82.0, 0.0)	(83.0, 0.0)	(84.0, 0.0)	(85.0, 0.0)	(86.0, 0.0)	(87.0, 0.0)	(88.0, 0.0)	(89.0, 0.0)	(90.0, 0.0)	(91.0, 0.0)	(92.0, 0.0)	(93.0, 0.0)	(94.0, 0.0)	(95.0, 0.0)	(96.0, 0.0)	(97.0, 0.0)	(98.0, 0.0)	(99.0, 0.0)	(100.0, 0.0)
3861R_R_M_NS1_week9_S34_L001_R2_001	(0.0, 0.0)	(1.0, 0.0)	(2.0, 0.0)	(3.0, 0.0)	(4.0, 0.0)	(5.0, 0.0)	(6.0, 0.0)	(7.0, 0.0)	(8.0, 0.0)	(9.0, 0.0)	(10.0, 0.0)	(11.0, 0.0)	(12.0, 0.0)	(13.0, 0.0)	(14.0, 0.0)	(15.0, 0.0)	(16.0, 0.0)	(17.0, 0.0)	(18.0, 0.0)	(19.0, 0.0)	(20.0, 0.0)	(21.0, 0.0)	(22.0, 0.0)	(23.0, 0.0)	(24.0, 0.0)	(25.0, 0.0)	(26.0, 0.0)	(27.0, 0.0)	(28.0, 0.0)	(29.0, 0.0)	(30.0, 0.0)	(31.0, 0.0)	(32.0, 0.0)	(33.0, 0.0)	(34.0, 0.0007814005824039008)	(35.0, 0.0)	(36.0, 0.0)	(37.0, 0.0007814005824039008)	(38.0, 0.0015628011648078017)	(39.0, 0.002344201747211702)	(40.0, 0.007814005824039008)	(41.0, 0.009376806988846808)	(42.0, 0.010158207571250709)	(43.0, 0.02109781572490532)	(44.0, 0.03750722795538723)	(45.0, 0.06798185066913937)	(46.0, 0.14377770716231775)	(47.0, 0.42742611857493373)	(48.0, 8.85014299630658)	(49.0, 20.829013924558378)	(50.0, 11.37015987455916)	(51.0, 2.8685215380047198)	(52.0, 3.520209623729573)	(53.0, 11.260763793022614)	(54.0, 14.187108974125223)	(55.0, 5.376817407521242)	(56.0, 10.938826753072208)	(57.0, 7.0552658585248205)	(58.0, 1.4080838494918293)	(59.0, 0.4102353057620479)	(60.0, 0.16643832405203088)	(61.0, 0.11017748211895001)	(62.0, 0.07501445591077446)	(63.0, 0.07110745299875497)	(64.0, 0.061730646009908165)	(65.0, 0.03125602329615603)	(66.0, 0.04141423086740674)	(67.0, 0.15471731531597235)	(68.0, 0.25082958695165214)	(69.0, 0.13049389726145144)	(70.0, 0.05157243843865745)	(71.0, 0.020316415142501418)	(72.0, 0.004688403494423404)	(73.0, 0.002344201747211702)	(74.0, 0.002344201747211702)	(75.0, 0.0031256023296156034)	(76.0, 0.0)	(77.0, 0.0007814005824039008)	(78.0, 0.002344201747211702)	(79.0, 0.0)	(80.0, 0.0031256023296156034)	(81.0, 0.003907002912019504)	(82.0, 0.002344201747211702)	(83.0, 0.0007814005824039008)	(84.0, 0.0)	(85.0, 0.0)	(86.0, 0.0)	(87.0, 0.0)	(88.0, 0.0015628011648078017)	(89.0, 0.0)	(90.0, 0.0)	(91.0, 0.0)	(92.0, 0.0)	(93.0, 0.0)	(94.0, 0.0007814005824039008)	(95.0, 0.0)	(96.0, 0.0)	(97.0, 0.0)	(98.0, 0.0)	(99.0, 0.0)	(100.0, 0.001041867443205201)
3909R_0_M_S2_week5_S61_L001_R1_001	(0.0, 0.0)	(1.0, 0.0)	(2.0, 0.0)	(3.0, 0.0)	(4.0, 0.0)	(5.0, 0.0)	(6.0, 0.0)	(7.0, 0.0)	(8.0, 0.0)	(9.0, 0.0)	(10.0, 0.0)	(11.0, 0.0)	(12.0, 0.0)	(13.0, 0.0)	(14.0, 0.0)	(15.0, 0.0)	(16.0, 0.0)	(17.0, 0.0)	(18.0, 0.0)	(19.0, 0.0)	(20.0, 0.0)	(21.0, 0.0)	(22.0, 0.0)	(23.0, 0.0)	(24.0, 0.0)	(25.0, 0.0)	(26.0, 0.0005225179093013414)	(27.0, 0.0005225179093013414)	(28.0, 0.0005225179093013414)	(29.0, 0.0)	(30.0, 0.0010450358186026827)	(31.0, 0.0026125895465067064)	(32.0, 0.001567553727904024)	(33.0, 0.0026125895465067064)	(34.0, 0.003657625365109389)	(35.0, 0.0005225179093013414)	(36.0, 0.001567553727904024)	(37.0, 0.003135107455808048)	(38.0, 0.003657625365109389)	(39.0, 0.009405322367424144)	(40.0, 0.005747697002314755)	(41.0, 0.008882804458122801)	(42.0, 0.013062947732533532)	(43.0, 0.012540429823232191)	(44.0, 0.0240358238278617)	(45.0, 0.05747697002314754)	(46.0, 0.9222441099168674)	(47.0, 20.447693344689387)	(48.0, 6.575365370648079)	(49.0, 2.0702159566519143)	(50.0, 4.685940610614429)	(51.0, 3.4898971162236587)	(52.0, 0.5507338764036137)	(53.0, 5.933713378026032)	(54.0, 36.60028947492175)	(55.0, 15.919553142683965)	(56.0, 1.1479718467350468)	(57.0, 0.2607364367413693)	(58.0, 0.11338638631839106)	(59.0, 0.47183367209911126)	(60.0, 0.2811146352041216)	(61.0, 0.28372722475062834)	(62.0, 0.04493654019991535)	(63.0, 0.009405322367424144)	(64.0, 0.003657625365109389)	(65.0, 0.0026125895465067064)	(66.0, 0.0026125895465067064)	(67.0, 0.020378198462752312)	(68.0, 0.0067927328209174374)	(69.0, 0.0020900716372053655)	(70.0, 0.0)	(71.0, 0.0)	(72.0, 0.0)	(73.0, 0.0)	(74.0, 0.0)	(75.0, 0.0)	(76.0, 0.0)	(77.0, 0.0)	(78.0, 0.0)	(79.0, 0.0)	(80.0, 0.0)	(81.0, 0.0)	(82.0, 0.0)	(83.0, 0.0)	(84.0, 0.0)	(85.0, 0.0)	(86.0, 0.0)	(87.0, 0.0)	(88.0, 0.0)	(89.0, 0.0)	(90.0, 0.0)	(91.0, 0.0)	(92.0, 0.0)	(93.0, 0.0)	(94.0, 0.0)	(95.0, 0.0)	(96.0, 0.0)	(97.0, 0.0)	(98.0, 0.0)	(99.0, 0.0)	(100.0, 0.0)
3909R_0_M_S2_week5_S61_L001_R2_001	(0.0, 0.0)	(1.0, 0.0)	(2.0, 0.0)	(3.0, 0.0)	(4.0, 0.0)	(5.0, 0.0)	(6.0, 0.0)	(7.0, 0.0)	(8.0, 0.0)	(9.0, 0.0)	(10.0, 0.0)	(11.0, 0.0)	(12.0, 0.0)	(13.0, 0.0)	(14.0, 0.0)	(15.0, 0.0)	(16.0, 0.0)	(17.0, 0.0)	(18.0, 0.0)	(19.0, 0.0)	(20.0, 0.0)	(21.0, 0.0)	(22.0, 0.0)	(23.0, 0.0)	(24.0, 0.0)	(25.0, 0.0)	(26.0, 0.0)	(27.0, 0.0)	(28.0, 0.0)	(29.0, 0.0)	(30.0, 0.0)	(31.0, 0.0)	(32.0, 0.0)	(33.0, 0.0)	(34.0, 0.0)	(35.0, 0.0)	(36.0, 0.0)	(37.0, 0.0015707052990361107)	(38.0, 0.0005235684330120369)	(39.0, 0.0015707052990361107)	(40.0, 0.004188547464096295)	(41.0, 0.0031414105980722214)	(42.0, 0.0052356843301203685)	(43.0, 0.016230621423373143)	(44.0, 0.03507908501180647)	(45.0, 0.057068959198312015)	(46.0, 0.10261941287035922)	(47.0, 0.31623533353927025)	(48.0, 6.223657963214082)	(49.0, 18.96731362272706)	(50.0, 3.820478855688833)	(51.0, 0.8644114829028728)	(52.0, 3.229370094818243)	(53.0, 8.761917726456437)	(54.0, 10.47974575516893)	(55.0, 6.6608376047791324)	(56.0, 22.157416085069396)	(57.0, 13.607020005549824)	(58.0, 2.6330256496175335)	(59.0, 0.8314266716231145)	(60.0, 0.29319832248674066)	(61.0, 0.213092352235899)	(62.0, 0.23665293172144067)	(63.0, 0.16806546699686384)	(64.0, 0.09947800227228701)	(65.0, 0.05497468546626387)	(66.0, 0.04083833777493887)	(67.0, 0.03455551657879443)	(68.0, 0.032461242846746285)	(69.0, 0.020419168887469436)	(70.0, 0.00837709492819259)	(71.0, 0.0052356843301203685)	(72.0, 0.0031414105980722214)	(73.0, 0.0026178421650601843)	(74.0, 0.0005235684330120369)	(75.0, 0.0)	(76.0, 0.0010471368660240738)	(77.0, 0.0010471368660240738)	(78.0, 0.0005235684330120369)	(79.0, 0.0005235684330120369)	(80.0, 0.0)	(81.0, 0.0005235684330120369)	(82.0, 0.0005235684330120369)	(83.0, 0.0)	(84.0, 0.0)	(85.0, 0.0010471368660240738)	(86.0, 0.0)	(87.0, 0.0)	(88.0, 0.0)	(89.0, 0.0)	(90.0, 0.0)	(91.0, 0.0)	(92.0, 0.0)	(93.0, 0.0)	(94.0, 0.0005235684330120369)	(95.0, 0.0005235684330120369)	(96.0, 0.0)	(97.0, 0.0)	(98.0, 0.0)	(99.0, 0.0)	(100.0, 0.0)
3909R_0_M_S2_week6_S62_L001_R1_001	(0.0, 0.0)	(1.0, 0.0)	(2.0, 0.0)	(3.0, 0.0)	(4.0, 0.0)	(5.0, 0.0)	(6.0, 0.0)	(7.0, 0.0)	(8.0, 0.0)	(9.0, 0.0)	(10.0, 0.0)	(11.0, 0.0)	(12.0, 0.0)	(13.0, 0.0)	(14.0, 0.0)	(15.0, 0.0)	(16.0, 0.0)	(17.0, 0.0)	(18.0, 0.0)	(19.0, 0.0)	(20.0, 0.0)	(21.0, 0.0)	(22.0, 0.0)	(23.0, 0.0)	(24.0, 0.0)	(25.0, 0.0)	(26.0, 0.0)	(27.0, 0.0)	(28.0, 0.0)	(29.0, 0.0008535008470995907)	(30.0, 0.0008535008470995907)	(31.0, 0.0008535008470995907)	(32.0, 0.0012802512706493862)	(33.0, 0.0008535008470995907)	(34.0, 0.002133752117748977)	(35.0, 0.0017070016941991813)	(36.0, 0.002133752117748977)	(37.0, 0.0029872529648485675)	(38.0, 0.0038407538119481586)	(39.0, 0.005121005082597545)	(40.0, 0.004267504235497954)	(41.0, 0.004694254659047749)	(42.0, 0.00640125635324693)	(43.0, 0.008535008470995907)	(44.0, 0.023471273295238747)	(45.0, 0.052917052520174625)	(46.0, 1.1402771317250533)	(47.0, 19.158533514844514)	(48.0, 5.649322106952191)	(49.0, 1.7411417280831651)	(50.0, 4.5786052942657545)	(51.0, 3.4460096701645972)	(52.0, 0.5176482637659018)	(53.0, 6.621459571798625)	(54.0, 40.71412415876823)	(55.0, 13.993146388197792)	(56.0, 0.9627489555283383)	(57.0, 0.24026048845853482)	(58.0, 0.09985959911065212)	(59.0, 0.427603924396895)	(60.0, 0.2240439723636426)	(61.0, 0.16045815925472307)	(62.0, 0.033286533036884045)	(63.0, 0.005974505929697135)	(64.0, 0.0029872529648485675)	(65.0, 0.0029872529648485675)	(66.0, 0.018350268212641203)	(67.0, 0.10711435631099865)	(68.0, 0.025178274989437928)	(69.0, 0.0038407538119481586)	(70.0, 0.0012802512706493862)	(71.0, 0.0004267504235497953)	(72.0, 0.0004267504235497953)	(73.0, 0.0)	(74.0, 0.0)	(75.0, 0.0)	(76.0, 0.0)	(77.0, 0.0)	(78.0, 0.0)	(79.0, 0.0)	(80.0, 0.0)	(81.0, 0.0)	(82.0, 0.0)	(83.0, 0.0)	(84.0, 0.0)	(85.0, 0.0)	(86.0, 0.0)	(87.0, 0.0)	(88.0, 0.0)	(89.0, 0.0)	(90.0, 0.0)	(91.0, 0.0)	(92.0, 0.0)	(93.0, 0.0)	(94.0, 0.0)	(95.0, 0.0)	(96.0, 0.0)	(97.0, 0.0)	(98.0, 0.0)	(99.0, 0.0)	(100.0, 0.0)
3909R_0_M_S2_week6_S62_L001_R2_001	(0.0, 0.0)	(1.0, 0.0)	(2.0, 0.0)	(3.0, 0.0)	(4.0, 0.0)	(5.0, 0.0)	(6.0, 0.0)	(7.0, 0.0)	(8.0, 0.0)	(9.0, 0.0)	(10.0, 0.0)	(11.0, 0.0)	(12.0, 0.0)	(13.0, 0.0)	(14.0, 0.0)	(15.0, 0.0)	(16.0, 0.0)	(17.0, 0.0)	(18.0, 0.0)	(19.0, 0.0)	(20.0, 0.0)	(21.0, 0.0)	(22.0, 0.0)	(23.0, 0.0)	(24.0, 0.00042279901403269933)	(25.0, 0.0)	(26.0, 0.0)	(27.0, 0.0)	(28.0, 0.0)	(29.0, 0.0)	(30.0, 0.0)	(31.0, 0.0)	(32.0, 0.0)	(33.0, 0.00042279901403269933)	(34.0, 0.00042279901403269933)	(35.0, 0.0)	(36.0, 0.0)	(37.0, 0.0)	(38.0, 0.00042279901403269933)	(39.0, 0.0021139950701634966)	(40.0, 0.0025367940841961954)	(41.0, 0.005073588168392391)	(42.0, 0.009301578308719383)	(43.0, 0.014375166477111775)	(44.0, 0.02367674478583116)	(45.0, 0.04566229351553152)	(46.0, 0.09555257717139004)	(47.0, 0.3606475589698925)	(48.0, 6.793534557477413)	(49.0, 17.216375851411513)	(50.0, 3.74980445545601)	(51.0, 0.840947238911039)	(52.0, 3.6094351827971534)	(53.0, 8.255150748988454)	(54.0, 7.653507752019922)	(55.0, 6.527593977650844)	(56.0, 24.567582308398055)	(57.0, 15.221610103205238)	(58.0, 2.897864442180121)	(59.0, 0.8291088665181233)	(60.0, 0.31836765756662255)	(61.0, 0.19025955631471467)	(62.0, 0.19025955631471467)	(63.0, 0.12472570913964627)	(64.0, 0.09259298407316115)	(65.0, 0.07145303337152618)	(66.0, 0.040588705347139126)	(67.0, 0.07145303337152618)	(68.0, 0.08371420477847447)	(69.0, 0.04735348957166232)	(70.0, 0.021562749715667663)	(71.0, 0.010147176336784781)	(72.0, 0.002959593098228895)	(73.0, 0.0025367940841961954)	(74.0, 0.0008455980280653987)	(75.0, 0.0012683970420980977)	(76.0, 0.0008455980280653987)	(77.0, 0.0012683970420980977)	(78.0, 0.0016911960561307973)	(79.0, 0.00042279901403269933)	(80.0, 0.00042279901403269933)	(81.0, 0.00042279901403269933)	(82.0, 0.00042279901403269933)	(83.0, 0.00042279901403269933)	(84.0, 0.0)	(85.0, 0.0)	(86.0, 0.0)	(87.0, 0.0)	(88.0, 0.0)	(89.0, 0.0)	(90.0, 0.0)	(91.0, 0.0)	(92.0, 0.0)	(93.0, 0.0)	(94.0, 0.0)	(95.0, 0.00042279901403269933)	(96.0, 0.00042279901403269933)	(97.0, 0.0)	(98.0, 0.0)	(99.0, 0.0)	(100.0, 0.0)
3909R_0_M_S2_week7_S63_L001_R1_001	(0.0, 0.0)	(1.0, 0.0)	(2.0, 0.0)	(3.0, 0.0)	(4.0, 0.0)	(5.0, 0.0)	(6.0, 0.0)	(7.0, 0.0)	(8.0, 0.0)	(9.0, 0.0)	(10.0, 0.0)	(11.0, 0.0)	(12.0, 0.0)	(13.0, 0.0)	(14.0, 0.0)	(15.0, 0.0)	(16.0, 0.0)	(17.0, 0.0)	(18.0, 0.0)	(19.0, 0.0)	(20.0, 0.0)	(21.0, 0.0)	(22.0, 0.0)	(23.0, 0.0)	(24.0, 0.0)	(25.0, 0.0)	(26.0, 0.0)	(27.0, 0.0)	(28.0, 0.0)	(29.0, 0.0006260995874003719)	(30.0, 0.0006260995874003719)	(31.0, 0.0025043983496014876)	(32.0, 0.0025043983496014876)	(33.0, 0.006887095461404091)	(34.0, 0.0037565975244022317)	(35.0, 0.0018782987622011158)	(36.0, 0.0031304979370018592)	(37.0, 0.0062609958740037185)	(38.0, 0.004382697111802603)	(39.0, 0.007513195048804463)	(40.0, 0.0062609958740037185)	(41.0, 0.0037565975244022317)	(42.0, 0.01001759339840595)	(43.0, 0.014400290510208554)	(44.0, 0.026296182670815616)	(45.0, 0.09767153563445802)	(46.0, 1.6597900061983857)	(47.0, 23.680964694244267)	(48.0, 6.324231932331156)	(49.0, 2.2652283072145454)	(50.0, 5.093320143502026)	(51.0, 3.8254684790162723)	(52.0, 0.6154558944145656)	(53.0, 6.3749459989105866)	(54.0, 35.92434212585854)	(55.0, 12.236490336152867)	(56.0, 0.8972007087447329)	(57.0, 0.24730933702314692)	(58.0, 0.08139294636204834)	(59.0, 0.2009779675555194)	(60.0, 0.11833282201867028)	(61.0, 0.0932888385226554)	(62.0, 0.014400290510208554)	(63.0, 0.01001759339840595)	(64.0, 0.0031304979370018592)	(65.0, 0.0012521991748007438)	(66.0, 0.014400290510208554)	(67.0, 0.08577564347385096)	(68.0, 0.027548381845616365)	(69.0, 0.005634896286603347)	(70.0, 0.0006260995874003719)	(71.0, 0.0)	(72.0, 0.0)	(73.0, 0.0)	(74.0, 0.0)	(75.0, 0.0)	(76.0, 0.0)	(77.0, 0.0)	(78.0, 0.0)	(79.0, 0.0)	(80.0, 0.0)	(81.0, 0.0)	(82.0, 0.0)	(83.0, 0.0)	(84.0, 0.0)	(85.0, 0.0)	(86.0, 0.0)	(87.0, 0.0)	(88.0, 0.0)	(89.0, 0.0)	(90.0, 0.0)	(91.0, 0.0)	(92.0, 0.0)	(93.0, 0.0)	(94.0, 0.0)	(95.0, 0.0)	(96.0, 0.0)	(97.0, 0.0)	(98.0, 0.0)	(99.0, 0.0)	(100.0, 0.0)
3909R_0_M_S2_week7_S63_L001_R2_001	(0.0, 0.0)	(1.0, 0.0)	(2.0, 0.0)	(3.0, 0.0)	(4.0, 0.0)	(5.0, 0.0)	(6.0, 0.0)	(7.0, 0.0)	(8.0, 0.0)	(9.0, 0.0)	(10.0, 0.0)	(11.0, 0.0)	(12.0, 0.0)	(13.0, 0.0)	(14.0, 0.0)	(15.0, 0.0)	(16.0, 0.0)	(17.0, 0.0)	(18.0, 0.0)	(19.0, 0.0)	(20.0, 0.0)	(21.0, 0.0)	(22.0, 0.0)	(23.0, 0.0)	(24.0, 0.0)	(25.0, 0.0)	(26.0, 0.0)	(27.0, 0.0)	(28.0, 0.0)	(29.0, 0.0)	(30.0, 0.0)	(31.0, 0.0)	(32.0, 0.0)	(33.0, 0.0)	(34.0, 0.0)	(35.0, 0.0)	(36.0, 0.0)	(37.0, 0.000614555123546065)	(38.0, 0.0018436653706381948)	(39.0, 0.00245822049418426)	(40.0, 0.0018436653706381948)	(41.0, 0.005530996111914585)	(42.0, 0.011676547347375235)	(43.0, 0.01966576395347408)	(44.0, 0.03318597667148751)	(45.0, 0.07620483531971205)	(46.0, 0.15118056039233196)	(47.0, 0.5334338472379844)	(48.0, 10.068256589055183)	(49.0, 20.335629038139288)	(50.0, 4.011815846508712)	(51.0, 0.9808299771795197)	(52.0, 3.7567754702370957)	(53.0, 8.836688121468868)	(54.0, 8.02424624814097)	(55.0, 5.493508249378275)	(56.0, 20.492340594643537)	(57.0, 12.988622536146083)	(58.0, 2.5036975733266686)	(59.0, 0.6545012065765592)	(60.0, 0.24274927380069566)	(61.0, 0.17330454483999033)	(62.0, 0.13581668230368035)	(63.0, 0.09709970952027827)	(64.0, 0.07804850069035026)	(65.0, 0.048549854760139136)	(66.0, 0.038102417659856024)	(67.0, 0.060840957231060436)	(68.0, 0.0719029494548896)	(69.0, 0.03564419716567177)	(70.0, 0.016592988335743755)	(71.0, 0.00491644098836852)	(72.0, 0.00245822049418426)	(73.0, 0.0018436653706381948)	(74.0, 0.0)	(75.0, 0.000614555123546065)	(76.0, 0.0018436653706381948)	(77.0, 0.00122911024709213)	(78.0, 0.0)	(79.0, 0.0)	(80.0, 0.0)	(81.0, 0.0)	(82.0, 0.0)	(83.0, 0.0)	(84.0, 0.0)	(85.0, 0.0)	(86.0, 0.000614555123546065)	(87.0, 0.000614555123546065)	(88.0, 0.000614555123546065)	(89.0, 0.000614555123546065)	(90.0, 0.0)	(91.0, 0.000614555123546065)	(92.0, 0.0)	(93.0, 0.0)	(94.0, 0.0)	(95.0, 0.0)	(96.0, 0.0)	(97.0, 0.0)	(98.0, 0.0)	(99.0, 0.0)	(100.0, 0.0008194068313947533)
3909R_0_M_S2_week9_S64_L001_R1_001	(0.0, 0.0)	(1.0, 0.0)	(2.0, 0.0)	(3.0, 0.0)	(4.0, 0.0)	(5.0, 0.0)	(6.0, 0.0)	(7.0, 0.0)	(8.0, 0.0)	(9.0, 0.0)	(10.0, 0.0)	(11.0, 0.0)	(12.0, 0.0)	(13.0, 0.0)	(14.0, 0.0)	(15.0, 0.0)	(16.0, 0.0)	(17.0, 0.0)	(18.0, 0.0)	(19.0, 0.0)	(20.0, 0.0)	(21.0, 0.0)	(22.0, 0.0)	(23.0, 0.0)	(24.0, 0.0)	(25.0, 0.0)	(26.0, 0.0)	(27.0, 0.0)	(28.0, 0.0)	(29.0, 0.0)	(30.0, 0.0)	(31.0, 0.0)	(32.0, 0.0)	(33.0, 0.0011925631760342503)	(34.0, 0.0005962815880171252)	(35.0, 0.0023851263520685007)	(36.0, 0.0017888447640513757)	(37.0, 0.0023851263520685007)	(38.0, 0.0029814079400856263)	(39.0, 0.0017888447640513757)	(40.0, 0.0011925631760342503)	(41.0, 0.0023851263520685007)	(42.0, 0.004173971116119876)	(43.0, 0.007751660644222628)	(44.0, 0.017888447640513755)	(45.0, 0.044721119101284394)	(46.0, 1.6928434283806186)	(47.0, 19.46799756717112)	(48.0, 4.825110610234577)	(49.0, 2.7166589150060227)	(50.0, 6.696838515020333)	(51.0, 4.775619238429156)	(52.0, 0.6398101439423753)	(53.0, 9.988909162462882)	(54.0, 37.175175604927674)	(55.0, 10.201781689384996)	(56.0, 0.8586454867446602)	(57.0, 0.19677292404565133)	(58.0, 0.08824967502653452)	(59.0, 0.17590306846505194)	(60.0, 0.09957902519885992)	(61.0, 0.15145552335634982)	(62.0, 0.03219920575292476)	(63.0, 0.008944223820256877)	(64.0, 0.0017888447640513757)	(65.0, 0.004173971116119876)	(66.0, 0.02206241875663363)	(67.0, 0.07036122738602078)	(68.0, 0.015503321288445256)	(69.0, 0.0023851263520685007)	(70.0, 0.0)	(71.0, 0.0)	(72.0, 0.0)	(73.0, 0.0)	(74.0, 0.0)	(75.0, 0.0)	(76.0, 0.0)	(77.0, 0.0)	(78.0, 0.0)	(79.0, 0.0)	(80.0, 0.0)	(81.0, 0.0)	(82.0, 0.0)	(83.0, 0.0)	(84.0, 0.0)	(85.0, 0.0)	(86.0, 0.0)	(87.0, 0.0)	(88.0, 0.0)	(89.0, 0.0)	(90.0, 0.0)	(91.0, 0.0)	(92.0, 0.0)	(93.0, 0.0)	(94.0, 0.0)	(95.0, 0.0)	(96.0, 0.0)	(97.0, 0.0)	(98.0, 0.0)	(99.0, 0.0)	(100.0, 0.0)
3909R_0_M_S2_week9_S64_L001_R2_001	(0.0, 0.0)	(1.0, 0.0)	(2.0, 0.0)	(3.0, 0.0)	(4.0, 0.0)	(5.0, 0.0)	(6.0, 0.0)	(7.0, 0.0)	(8.0, 0.0)	(9.0, 0.0)	(10.0, 0.0)	(11.0, 0.0)	(12.0, 0.0)	(13.0, 0.0)	(14.0, 0.0)	(15.0, 0.0)	(16.0, 0.0)	(17.0, 0.0)	(18.0, 0.0)	(19.0, 0.0)	(20.0, 0.0)	(21.0, 0.0)	(22.0, 0.0)	(23.0, 0.0)	(24.0, 0.0)	(25.0, 0.0)	(26.0, 0.0)	(27.0, 0.0)	(28.0, 0.0)	(29.0, 0.0)	(30.0, 0.0)	(31.0, 0.0)	(32.0, 0.0)	(33.0, 0.0)	(34.0, 0.0)	(35.0, 0.0005889281507656066)	(36.0, 0.0005889281507656066)	(37.0, 0.001177856301531213)	(38.0, 0.001177856301531213)	(39.0, 0.002355712603062426)	(40.0, 0.002944640753828033)	(41.0, 0.0076560659599528855)	(42.0, 0.009422850412249705)	(43.0, 0.012367491166077738)	(44.0, 0.025323910482921083)	(45.0, 0.05830388692579506)	(46.0, 0.12014134275618374)	(47.0, 0.516489988221437)	(48.0, 9.161366313309777)	(49.0, 16.165488810365137)	(50.0, 3.193168433451119)	(51.0, 1.0618374558303887)	(52.0, 5.7856301531213195)	(53.0, 13.093050647820967)	(54.0, 9.879858657243815)	(55.0, 6.024734982332156)	(56.0, 18.67432273262662)	(57.0, 12.138398115429917)	(58.0, 2.4075382803297996)	(59.0, 0.598939929328622)	(60.0, 0.26030624263839813)	(61.0, 0.18138987043580684)	(62.0, 0.17078916372202593)	(63.0, 0.11366313309776206)	(64.0, 0.07714958775029446)	(65.0, 0.061248527679623084)	(66.0, 0.038869257950530034)	(67.0, 0.04063604240282685)	(68.0, 0.05182567726737338)	(69.0, 0.034746760895170786)	(70.0, 0.01060070671378092)	(71.0, 0.005889281507656066)	(72.0, 0.0035335689045936395)	(73.0, 0.0)	(74.0, 0.0005889281507656066)	(75.0, 0.0017667844522968198)	(76.0, 0.001177856301531213)	(77.0, 0.0005889281507656066)	(78.0, 0.0005889281507656066)	(79.0, 0.0005889281507656066)	(80.0, 0.001177856301531213)	(81.0, 0.0)	(82.0, 0.0)	(83.0, 0.0)	(84.0, 0.0)	(85.0, 0.0)	(86.0, 0.0)	(87.0, 0.0)	(88.0, 0.0)	(89.0, 0.0)	(90.0, 0.0)	(91.0, 0.0)	(92.0, 0.0)	(93.0, 0.0)	(94.0, 0.0)	(95.0, 0.0)	(96.0, 0.0)	(97.0, 0.0)	(98.0, 0.0)	(99.0, 0.0)	(100.0, 0.0)
3918R_R_M_S2_week5_S65_L001_R1_001	(0.0, 0.0)	(1.0, 0.0)	(2.0, 0.0)	(3.0, 0.0)	(4.0, 0.0)	(5.0, 0.0)	(6.0, 0.0)	(7.0, 0.0)	(8.0, 0.0)	(9.0, 0.0)	(10.0, 0.0)	(11.0, 0.0)	(12.0, 0.0)	(13.0, 0.0)	(14.0, 0.0)	(15.0, 0.0)	(16.0, 0.0)	(17.0, 0.0)	(18.0, 0.0)	(19.0, 0.0)	(20.0, 0.0)	(21.0, 0.0)	(22.0, 0.0)	(23.0, 0.0)	(24.0, 0.0006544031516055782)	(25.0, 0.0006544031516055782)	(26.0, 0.0006544031516055782)	(27.0, 0.0006544031516055782)	(28.0, 0.0006544031516055782)	(29.0, 0.0)	(30.0, 0.0013088063032111563)	(31.0, 0.0019632094548167347)	(32.0, 0.0026176126064223126)	(33.0, 0.003926418909633469)	(34.0, 0.006544031516055782)	(35.0, 0.0013088063032111563)	(36.0, 0.005235225212844625)	(37.0, 0.005889628364450203)	(38.0, 0.003926418909633469)	(39.0, 0.0071984346676613594)	(40.0, 0.009816047274083672)	(41.0, 0.011779256728900405)	(42.0, 0.009816047274083672)	(43.0, 0.018977691396561767)	(44.0, 0.03206575442867333)	(45.0, 0.1073221168633148)	(46.0, 2.046318655070643)	(47.0, 29.87677588655267)	(48.0, 8.435911027347508)	(49.0, 2.517488924226659)	(50.0, 5.393590775533175)	(51.0, 3.718318707422895)	(52.0, 0.5019272172814784)	(53.0, 6.07809647211261)	(54.0, 27.367794203296885)	(55.0, 11.842079431454541)	(56.0, 0.9475757635248772)	(57.0, 0.17407123832708377)	(58.0, 0.07852837819266938)	(59.0, 0.4031123413890361)	(60.0, 0.19370333287525113)	(61.0, 0.12695421141148217)	(62.0, 0.01766888509335061)	(63.0, 0.004580822061239047)	(64.0, 0.0006544031516055782)	(65.0, 0.0006544031516055782)	(66.0, 0.006544031516055782)	(67.0, 0.022904110306195234)	(68.0, 0.009816047274083672)	(69.0, 0.0019632094548167347)	(70.0, 0.0)	(71.0, 0.0)	(72.0, 0.0)	(73.0, 0.0)	(74.0, 0.0)	(75.0, 0.0)	(76.0, 0.0)	(77.0, 0.0)	(78.0, 0.0)	(79.0, 0.0)	(80.0, 0.0)	(81.0, 0.0)	(82.0, 0.0)	(83.0, 0.0)	(84.0, 0.0)	(85.0, 0.0)	(86.0, 0.0)	(87.0, 0.0)	(88.0, 0.0)	(89.0, 0.0)	(90.0, 0.0)	(91.0, 0.0)	(92.0, 0.0)	(93.0, 0.0)	(94.0, 0.0)	(95.0, 0.0)	(96.0, 0.0)	(97.0, 0.0)	(98.0, 0.0)	(99.0, 0.0)	(100.0, 0.0)
3918R_R_M_S2_week5_S65_L001_R2_001	(0.0, 0.0)	(1.0, 0.0)	(2.0, 0.0)	(3.0, 0.0)	(4.0, 0.0)	(5.0, 0.0)	(6.0, 0.0)	(7.0, 0.0)	(8.0, 0.0)	(9.0, 0.0)	(10.0, 0.0)	(11.0, 0.0)	(12.0, 0.0)	(13.0, 0.0)	(14.0, 0.0)	(15.0, 0.0)	(16.0, 0.0)	(17.0, 0.0)	(18.0, 0.0)	(19.0, 0.0)	(20.0, 0.0)	(21.0, 0.0)	(22.0, 0.0)	(23.0, 0.0)	(24.0, 0.0)	(25.0, 0.0)	(26.0, 0.0)	(27.0, 0.0)	(28.0, 0.0)	(29.0, 0.0)	(30.0, 0.0)	(31.0, 0.0)	(32.0, 0.0)	(33.0, 0.0)	(34.0, 0.0)	(35.0, 0.0)	(36.0, 0.0)	(37.0, 0.0)	(38.0, 0.002602794099465776)	(39.0, 0.002602794099465776)	(40.0, 0.006506985248664441)	(41.0, 0.005856286723797997)	(42.0, 0.016267463121661104)	(43.0, 0.0221237498454591)	(44.0, 0.033836323293055096)	(45.0, 0.07613172740937396)	(46.0, 0.15291415334361436)	(47.0, 0.6090538192749917)	(48.0, 11.057320033055484)	(49.0, 26.122942979288265)	(50.0, 4.798250922365159)	(51.0, 1.0866665365269617)	(52.0, 4.1957040883388315)	(53.0, 10.391004743592246)	(54.0, 10.087779231004482)	(55.0, 4.715612209707121)	(56.0, 14.175467364215486)	(57.0, 9.117587730428616)	(58.0, 1.8265107593001089)	(59.0, 0.6298761720707179)	(60.0, 0.23945705715085144)	(61.0, 0.15811974154254593)	(62.0, 0.1399001828462855)	(63.0, 0.10346106545376461)	(64.0, 0.062467058387178635)	(65.0, 0.04294610264118531)	(66.0, 0.023425146895191987)	(67.0, 0.031233529193589318)	(68.0, 0.023425146895191987)	(69.0, 0.018219558696260435)	(70.0, 0.009109779348130218)	(71.0, 0.006506985248664441)	(72.0, 0.0039041911491986647)	(73.0, 0.0019520955745993324)	(74.0, 0.000650698524866444)	(75.0, 0.0)	(76.0, 0.0)	(77.0, 0.0)	(78.0, 0.0)	(79.0, 0.0)	(80.0, 0.000650698524866444)	(81.0, 0.0)	(82.0, 0.0)	(83.0, 0.0)	(84.0, 0.0)	(85.0, 0.000650698524866444)	(86.0, 0.000650698524866444)	(87.0, 0.0)	(88.0, 0.0)	(89.0, 0.0)	(90.0, 0.0)	(91.0, 0.0)	(92.0, 0.0)	(93.0, 0.0)	(94.0, 0.0)	(95.0, 0.0)	(96.0, 0.0)	(97.0, 0.0)	(98.0, 0.0)	(99.0, 0.000650698524866444)	(100.0, 0.0)
3918R_R_M_S2_week6_S66_L001_R1_001	(0.0, 0.0)	(1.0, 0.0)	(2.0, 0.0)	(3.0, 0.0)	(4.0, 0.0)	(5.0, 0.0)	(6.0, 0.0)	(7.0, 0.0)	(8.0, 0.0)	(9.0, 0.0)	(10.0, 0.0)	(11.0, 0.0)	(12.0, 0.0)	(13.0, 0.0)	(14.0, 0.0)	(15.0, 0.0)	(16.0, 0.0)	(17.0, 0.0)	(18.0, 0.0)	(19.0, 0.0)	(20.0, 0.0)	(21.0, 0.0)	(22.0, 0.0)	(23.0, 0.0)	(24.0, 0.0)	(25.0, 0.0)	(26.0, 0.0)	(27.0, 0.0)	(28.0, 0.0)	(29.0, 0.0)	(30.0, 0.0006380521543830993)	(31.0, 0.0)	(32.0, 0.0)	(33.0, 0.0)	(34.0, 0.0006380521543830993)	(35.0, 0.0012761043087661985)	(36.0, 0.0006380521543830993)	(37.0, 0.0006380521543830993)	(38.0, 0.0019141564631492978)	(39.0, 0.002552208617532397)	(40.0, 0.0038283129262985955)	(41.0, 0.0063805215438309925)	(42.0, 0.002552208617532397)	(43.0, 0.005742469389447893)	(44.0, 0.015951303859577482)	(45.0, 0.06061495466639443)	(46.0, 1.0508718982689644)	(47.0, 20.75775073854537)	(48.0, 6.101054700211195)	(49.0, 2.9854460303585215)	(50.0, 7.451811111040215)	(51.0, 5.436204355344006)	(52.0, 0.5780752518710879)	(53.0, 7.479885405833072)	(54.0, 33.87737913697065)	(55.0, 12.1753112099383)	(56.0, 0.9685631703535447)	(57.0, 0.20162448078505937)	(58.0, 0.0854989886873353)	(59.0, 0.334339328896744)	(60.0, 0.15440862136071)	(61.0, 0.13781926534674943)	(62.0, 0.033178712027921164)	(63.0, 0.0038283129262985955)	(64.0, 0.0006380521543830993)	(65.0, 0.0019141564631492978)	(66.0, 0.014037147396428184)	(67.0, 0.054234433122563444)	(68.0, 0.010208834470129588)	(69.0, 0.0019141564631492978)	(70.0, 0.0006380521543830993)	(71.0, 0.0)	(72.0, 0.0)	(73.0, 0.0)	(74.0, 0.0)	(75.0, 0.0)	(76.0, 0.0)	(77.0, 0.0)	(78.0, 0.0)	(79.0, 0.0)	(80.0, 0.0)	(81.0, 0.0)	(82.0, 0.0)	(83.0, 0.0)	(84.0, 0.0)	(85.0, 0.0)	(86.0, 0.0)	(87.0, 0.0)	(88.0, 0.0)	(89.0, 0.0)	(90.0, 0.0)	(91.0, 0.0)	(92.0, 0.0)	(93.0, 0.0)	(94.0, 0.0)	(95.0, 0.0)	(96.0, 0.0)	(97.0, 0.0)	(98.0, 0.0)	(99.0, 0.0)	(100.0, 0.0)
3918R_R_M_S2_week6_S66_L001_R2_001	(0.0, 0.0)	(1.0, 0.0)	(2.0, 0.0)	(3.0, 0.0)	(4.0, 0.0)	(5.0, 0.0)	(6.0, 0.0)	(7.0, 0.0)	(8.0, 0.0)	(9.0, 0.0)	(10.0, 0.0)	(11.0, 0.0)	(12.0, 0.0)	(13.0, 0.0)	(14.0, 0.0)	(15.0, 0.0)	(16.0, 0.0)	(17.0, 0.0)	(18.0, 0.0)	(19.0, 0.0)	(20.0, 0.0)	(21.0, 0.0)	(22.0, 0.0)	(23.0, 0.0012794486429314727)	(24.0, 0.0)	(25.0, 0.0)	(26.0, 0.0)	(27.0, 0.0)	(28.0, 0.0)	(29.0, 0.0)	(30.0, 0.0)	(31.0, 0.0)	(32.0, 0.0)	(33.0, 0.0)	(34.0, 0.0)	(35.0, 0.0)	(36.0, 0.0)	(37.0, 0.0006397243214657363)	(38.0, 0.0)	(39.0, 0.0025588972858629454)	(40.0, 0.003838345928794418)	(41.0, 0.005757518893191627)	(42.0, 0.006397243214657363)	(43.0, 0.013434210750780462)	(44.0, 0.0281478701444924)	(45.0, 0.06141353486071069)	(46.0, 0.0914805779696003)	(47.0, 0.3486497551988263)	(48.0, 6.653772667565123)	(49.0, 19.000452071853836)	(50.0, 4.133898565311588)	(51.0, 0.9832562820928367)	(52.0, 4.911163615892457)	(53.0, 13.00111738514816)	(54.0, 12.06328152987939)	(55.0, 5.841322779303638)	(56.0, 17.71396646138624)	(57.0, 11.275780890155069)	(58.0, 2.15011344444634)	(59.0, 0.657636602466777)	(60.0, 0.24501441512137703)	(61.0, 0.19703509101144678)	(62.0, 0.15993108036643408)	(63.0, 0.11962844811409269)	(64.0, 0.09084085364813456)	(65.0, 0.05373684300312185)	(66.0, 0.03838345928794418)	(67.0, 0.04030263225234139)	(68.0, 0.04861904843139596)	(69.0, 0.02942731878742387)	(70.0, 0.01215476210784899)	(71.0, 0.0031986216073286813)	(72.0, 0.0025588972858629454)	(73.0, 0.0012794486429314727)	(74.0, 0.0031986216073286813)	(75.0, 0.0006397243214657363)	(76.0, 0.0)	(77.0, 0.0006397243214657363)	(78.0, 0.0)	(79.0, 0.0)	(80.0, 0.0)	(81.0, 0.0006397243214657363)	(82.0, 0.0)	(83.0, 0.0)	(84.0, 0.0)	(85.0, 0.0)	(86.0, 0.0)	(87.0, 0.0)	(88.0, 0.0)	(89.0, 0.0)	(90.0, 0.0)	(91.0, 0.0)	(92.0, 0.0)	(93.0, 0.0012794486429314727)	(94.0, 0.0012794486429314727)	(95.0, 0.0)	(96.0, 0.0)	(97.0, 0.0)	(98.0, 0.0)	(99.0, 0.0)	(100.0, 0.000852965761954315)
3918R_R_M_S2_week7_S67_L001_R1_001	(0.0, 0.0)	(1.0, 0.0)	(2.0, 0.0)	(3.0, 0.0)	(4.0, 0.0)	(5.0, 0.0)	(6.0, 0.0)	(7.0, 0.0)	(8.0, 0.0)	(9.0, 0.0)	(10.0, 0.0)	(11.0, 0.0)	(12.0, 0.0)	(13.0, 0.0)	(14.0, 0.0)	(15.0, 0.0)	(16.0, 0.0)	(17.0, 0.0)	(18.0, 0.0)	(19.0, 0.0)	(20.0, 0.0)	(21.0, 0.0)	(22.0, 0.0)	(23.0, 0.0)	(24.0, 0.0)	(25.0, 0.0)	(26.0, 0.0)	(27.0, 0.0)	(28.0, 0.0)	(29.0, 0.0)	(30.0, 0.0)	(31.0, 0.0)	(32.0, 0.0)	(33.0, 0.0)	(34.0, 0.0)	(35.0, 0.0005954507562224604)	(36.0, 0.0)	(37.0, 0.0)	(38.0, 0.0)	(39.0, 0.0005954507562224604)	(40.0, 0.0011909015124449208)	(41.0, 0.0011909015124449208)	(42.0, 0.003572704537334762)	(43.0, 0.005954507562224604)	(44.0, 0.011313564368226748)	(45.0, 0.059545075622246035)	(46.0, 1.596998928188639)	(47.0, 22.733714421817318)	(48.0, 5.8991306418959155)	(49.0, 2.871263546504704)	(50.0, 7.861140883648922)	(51.0, 5.653804930332262)	(52.0, 0.4543289269977373)	(53.0, 7.690246516613077)	(54.0, 32.9903536977492)	(55.0, 10.622841491008693)	(56.0, 0.6716684530189353)	(57.0, 0.1458854352745028)	(58.0, 0.06133142789091342)	(59.0, 0.2346075979516494)	(60.0, 0.12980826485649638)	(61.0, 0.14826723829939265)	(62.0, 0.03751339764201501)	(63.0, 0.009527212099559366)	(64.0, 0.0023818030248898415)	(65.0, 0.0005954507562224604)	(66.0, 0.013695367393116588)	(67.0, 0.06728593545313802)	(68.0, 0.014290818149339048)	(69.0, 0.0041681552935572234)	(70.0, 0.0011909015124449208)	(71.0, 0.0)	(72.0, 0.0)	(73.0, 0.0)	(74.0, 0.0)	(75.0, 0.0)	(76.0, 0.0)	(77.0, 0.0)	(78.0, 0.0)	(79.0, 0.0)	(80.0, 0.0)	(81.0, 0.0)	(82.0, 0.0)	(83.0, 0.0)	(84.0, 0.0)	(85.0, 0.0)	(86.0, 0.0)	(87.0, 0.0)	(88.0, 0.0)	(89.0, 0.0)	(90.0, 0.0)	(91.0, 0.0)	(92.0, 0.0)	(93.0, 0.0)	(94.0, 0.0)	(95.0, 0.0)	(96.0, 0.0)	(97.0, 0.0)	(98.0, 0.0)	(99.0, 0.0)	(100.0, 0.0)
3918R_R_M_S2_week7_S67_L001_R2_001	(0.0, 0.0)	(1.0, 0.0)	(2.0, 0.0)	(3.0, 0.0)	(4.0, 0.0)	(5.0, 0.0)	(6.0, 0.0)	(7.0, 0.0)	(8.0, 0.0)	(9.0, 0.0)	(10.0, 0.0)	(11.0, 0.0)	(12.0, 0.0)	(13.0, 0.0)	(14.0, 0.0)	(15.0, 0.0)	(16.0, 0.0)	(17.0, 0.0)	(18.0, 0.0)	(19.0, 0.0)	(20.0, 0.0)	(21.0, 0.0)	(22.0, 0.0)	(23.0, 0.0)	(24.0, 0.0)	(25.0, 0.0)	(26.0, 0.0)	(27.0, 0.0)	(28.0, 0.0)	(29.0, 0.0)	(30.0, 0.0)	(31.0, 0.0)	(32.0, 0.0)	(33.0, 0.0)	(34.0, 0.0)	(35.0, 0.0)	(36.0, 0.0005912087262407993)	(37.0, 0.0005912087262407993)	(38.0, 0.0005912087262407993)	(39.0, 0.0011824174524815987)	(40.0, 0.0029560436312039964)	(41.0, 0.004138461083685595)	(42.0, 0.00945933961985279)	(43.0, 0.023057140323391172)	(44.0, 0.02542197522835437)	(45.0, 0.04847911555174555)	(46.0, 0.0981406485559727)	(47.0, 0.37837358479411154)	(48.0, 9.554524224777557)	(49.0, 20.019509887965945)	(50.0, 3.806201779538266)	(51.0, 0.804043867687487)	(52.0, 5.151792840462325)	(53.0, 13.325844689467617)	(54.0, 10.93204055691862)	(55.0, 5.061929114073724)	(56.0, 17.03863549025984)	(57.0, 10.370983475716102)	(58.0, 1.838067929882645)	(59.0, 0.5072570871146058)	(60.0, 0.23234502941263413)	(61.0, 0.1720417393360726)	(62.0, 0.16494723462118302)	(63.0, 0.10819119690206629)	(64.0, 0.06266812498152473)	(65.0, 0.04729669809926394)	(66.0, 0.044340654468059945)	(67.0, 0.05912087262407993)	(68.0, 0.056164828992875934)	(69.0, 0.024830766502113574)	(70.0, 0.00945933961985279)	(71.0, 0.003547252357444796)	(72.0, 0.0005912087262407993)	(73.0, 0.001773626178722398)	(74.0, 0.0011824174524815987)	(75.0, 0.001773626178722398)	(76.0, 0.0005912087262407993)	(77.0, 0.0005912087262407993)	(78.0, 0.0)	(79.0, 0.0005912087262407993)	(80.0, 0.0005912087262407993)	(81.0, 0.0)	(82.0, 0.0011824174524815987)	(83.0, 0.0)	(84.0, 0.0)	(85.0, 0.0)	(86.0, 0.0)	(87.0, 0.0)	(88.0, 0.0)	(89.0, 0.0)	(90.0, 0.0)	(91.0, 0.0)	(92.0, 0.0005912087262407993)	(93.0, 0.0011824174524815987)	(94.0, 0.0005912087262407993)	(95.0, 0.0)	(96.0, 0.0)	(97.0, 0.0)	(98.0, 0.0)	(99.0, 0.0)	(100.0, 0.0)
3918R_R_M_S2_week9_S68_L001_R1_001	(0.0, 0.0)	(1.0, 0.0)	(2.0, 0.0)	(3.0, 0.0)	(4.0, 0.0)	(5.0, 0.0)	(6.0, 0.0)	(7.0, 0.0)	(8.0, 0.0)	(9.0, 0.0)	(10.0, 0.0)	(11.0, 0.0)	(12.0, 0.0)	(13.0, 0.0)	(14.0, 0.0)	(15.0, 0.0)	(16.0, 0.0)	(17.0, 0.0)	(18.0, 0.0)	(19.0, 0.0)	(20.0, 0.0)	(21.0, 0.0)	(22.0, 0.0)	(23.0, 0.0)	(24.0, 0.0)	(25.0, 0.0)	(26.0, 0.0)	(27.0, 0.0)	(28.0, 0.0)	(29.0, 0.000821922311903079)	(30.0, 0.000821922311903079)	(31.0, 0.001643844623806158)	(32.0, 0.001643844623806158)	(33.0, 0.0)	(34.0, 0.001643844623806158)	(35.0, 0.000821922311903079)	(36.0, 0.000821922311903079)	(37.0, 0.000821922311903079)	(38.0, 0.002465766935709237)	(39.0, 0.004109611559515395)	(40.0, 0.003287689247612316)	(41.0, 0.004109611559515395)	(42.0, 0.00821922311903079)	(43.0, 0.009041145430933869)	(44.0, 0.018904213173770813)	(45.0, 0.058356484145118605)	(46.0, 2.2512452123025333)	(47.0, 24.76040964608025)	(48.0, 6.106882777439877)	(49.0, 2.5422057107162233)	(50.0, 5.90222412177601)	(51.0, 4.237009517860372)	(52.0, 0.530139891177486)	(53.0, 10.284713888843227)	(54.0, 33.255798661910475)	(55.0, 8.311278417963933)	(56.0, 0.7882234971150527)	(57.0, 0.15369947232587577)	(58.0, 0.06821955188795556)	(59.0, 0.2654809067446945)	(60.0, 0.1446583268949419)	(61.0, 0.1635625400687127)	(62.0, 0.031233047852316998)	(63.0, 0.0)	(64.0, 0.000821922311903079)	(65.0, 0.0)	(66.0, 0.017260368549964655)	(67.0, 0.05013726102608781)	(68.0, 0.01479460161425542)	(69.0, 0.001643844623806158)	(70.0, 0.000821922311903079)	(71.0, 0.0)	(72.0, 0.0)	(73.0, 0.0)	(74.0, 0.0)	(75.0, 0.0)	(76.0, 0.0)	(77.0, 0.0)	(78.0, 0.0)	(79.0, 0.0)	(80.0, 0.0)	(81.0, 0.0)	(82.0, 0.0)	(83.0, 0.0)	(84.0, 0.0)	(85.0, 0.0)	(86.0, 0.0)	(87.0, 0.0)	(88.0, 0.0)	(89.0, 0.0)	(90.0, 0.0)	(91.0, 0.0)	(92.0, 0.0)	(93.0, 0.0)	(94.0, 0.0)	(95.0, 0.0)	(96.0, 0.0)	(97.0, 0.0)	(98.0, 0.0)	(99.0, 0.0)	(100.0, 0.0)
3918R_R_M_S2_week9_S68_L001_R2_001	(0.0, 0.0)	(1.0, 0.0)	(2.0, 0.0)	(3.0, 0.0)	(4.0, 0.0)	(5.0, 0.0)	(6.0, 0.0)	(7.0, 0.0)	(8.0, 0.0)	(9.0, 0.0)	(10.0, 0.0)	(11.0, 0.0)	(12.0, 0.0)	(13.0, 0.0)	(14.0, 0.0)	(15.0, 0.0)	(16.0, 0.0)	(17.0, 0.0)	(18.0, 0.0)	(19.0, 0.0)	(20.0, 0.0)	(21.0, 0.0)	(22.0, 0.0)	(23.0, 0.0)	(24.0, 0.0)	(25.0, 0.0)	(26.0, 0.0)	(27.0, 0.0)	(28.0, 0.0)	(29.0, 0.0)	(30.0, 0.0)	(31.0, 0.0)	(32.0, 0.0)	(33.0, 0.0)	(34.0, 0.0)	(35.0, 0.0)	(36.0, 0.0)	(37.0, 0.0)	(38.0, 0.00080839436710805)	(39.0, 0.00404197183554025)	(40.0, 0.00565876056975635)	(41.0, 0.0080839436710805)	(42.0, 0.010509126772404651)	(43.0, 0.01535949297505295)	(44.0, 0.0339525634185381)	(45.0, 0.056587605697563506)	(46.0, 0.10913323955958674)	(47.0, 0.46644354982134484)	(48.0, 11.480816801668526)	(49.0, 20.892144023540443)	(50.0, 3.372621299574784)	(51.0, 0.8318378037541834)	(52.0, 6.374997979014083)	(53.0, 13.9286349452717)	(54.0, 8.368498488302533)	(55.0, 4.726681864480768)	(56.0, 16.36190199026693)	(57.0, 9.761361982829705)	(58.0, 1.7428982554849557)	(59.0, 0.5189891836833681)	(60.0, 0.2117993241823091)	(61.0, 0.16814602835847442)	(62.0, 0.17218800019401465)	(63.0, 0.10751645082537065)	(64.0, 0.0695219155712923)	(65.0, 0.03799453525407835)	(66.0, 0.02667701411456565)	(67.0, 0.042036507089618605)	(68.0, 0.050120450760699105)	(69.0, 0.021018253544809302)	(70.0, 0.01212591550662075)	(71.0, 0.0048503662026483)	(72.0, 0.0016167887342161)	(73.0, 0.00080839436710805)	(74.0, 0.0)	(75.0, 0.0)	(76.0, 0.00080839436710805)	(77.0, 0.00080839436710805)	(78.0, 0.0)	(79.0, 0.0)	(80.0, 0.0)	(81.0, 0.0)	(82.0, 0.0)	(83.0, 0.0)	(84.0, 0.0)	(85.0, 0.0)	(86.0, 0.0)	(87.0, 0.0)	(88.0, 0.0)	(89.0, 0.0)	(90.0, 0.0)	(91.0, 0.0)	(92.0, 0.0)	(93.0, 0.0)	(94.0, 0.0)	(95.0, 0.0)	(96.0, 0.0)	(97.0, 0.0)	(98.0, 0.0)	(99.0, 0.0)	(100.0, 0.0)
3924R_L_F_S5_week9_S72_L001_R1_001	(0.0, 0.0)	(1.0, 0.0)	(2.0, 0.0)	(3.0, 0.0)	(4.0, 0.0)	(5.0, 0.0)	(6.0, 0.0)	(7.0, 0.0)	(8.0, 0.0)	(9.0, 0.0)	(10.0, 0.0)	(11.0, 0.0)	(12.0, 0.0)	(13.0, 0.0)	(14.0, 0.0)	(15.0, 0.0)	(16.0, 0.0)	(17.0, 0.0)	(18.0, 0.0)	(19.0, 0.0)	(20.0, 0.0)	(21.0, 0.0)	(22.0, 0.0)	(23.0, 0.0)	(24.0, 0.0)	(25.0, 0.0)	(26.0, 0.0)	(27.0, 0.0)	(28.0, 0.0006156649797446222)	(29.0, 0.0)	(30.0, 0.0)	(31.0, 0.0)	(32.0, 0.0006156649797446222)	(33.0, 0.0)	(34.0, 0.0)	(35.0, 0.0)	(36.0, 0.0006156649797446222)	(37.0, 0.0006156649797446222)	(38.0, 0.0)	(39.0, 0.0)	(40.0, 0.0006156649797446222)	(41.0, 0.0018469949392338667)	(42.0, 0.0036939898784677334)	(43.0, 0.011081969635403198)	(44.0, 0.026473594129018754)	(45.0, 0.08373043724526862)	(46.0, 4.437713173999237)	(47.0, 21.083447231354587)	(48.0, 2.422641695295088)	(49.0, 4.486350707399062)	(50.0, 11.54310270523192)	(51.0, 7.83741519214904)	(52.0, 0.8877889007917451)	(53.0, 3.607181116323741)	(54.0, 29.165281420462243)	(55.0, 12.96036348860404)	(56.0, 0.8409983623311539)	(57.0, 0.1865464888626205)	(58.0, 0.08680876214399172)	(59.0, 0.12313299594892443)	(60.0, 0.07018580769088692)	(61.0, 0.05048452833905902)	(62.0, 0.006772314777190844)	(63.0, 0.0024626599189784886)	(64.0, 0.0012313299594892443)	(65.0, 0.0)	(66.0, 0.01169763461514782)	(67.0, 0.04679053846059128)	(68.0, 0.009234974696169332)	(69.0, 0.0012313299594892443)	(70.0, 0.0012313299594892443)	(71.0, 0.0)	(72.0, 0.0)	(73.0, 0.0)	(74.0, 0.0)	(75.0, 0.0)	(76.0, 0.0)	(77.0, 0.0)	(78.0, 0.0)	(79.0, 0.0)	(80.0, 0.0)	(81.0, 0.0)	(82.0, 0.0)	(83.0, 0.0)	(84.0, 0.0)	(85.0, 0.0)	(86.0, 0.0)	(87.0, 0.0)	(88.0, 0.0)	(89.0, 0.0)	(90.0, 0.0)	(91.0, 0.0)	(92.0, 0.0)	(93.0, 0.0)	(94.0, 0.0)	(95.0, 0.0)	(96.0, 0.0)	(97.0, 0.0)	(98.0, 0.0)	(99.0, 0.0)	(100.0, 0.0)
3924R_L_F_S5_week9_S72_L001_R2_001	(0.0, 0.0)	(1.0, 0.0)	(2.0, 0.0)	(3.0, 0.0)	(4.0, 0.0)	(5.0, 0.0)	(6.0, 0.0)	(7.0, 0.0)	(8.0, 0.0)	(9.0, 0.0)	(10.0, 0.0)	(11.0, 0.0)	(12.0, 0.0)	(13.0, 0.0)	(14.0, 0.0)	(15.0, 0.0)	(16.0, 0.0)	(17.0, 0.0)	(18.0, 0.0)	(19.0, 0.0)	(20.0, 0.0)	(21.0, 0.0)	(22.0, 0.0)	(23.0, 0.0)	(24.0, 0.0)	(25.0, 0.0)	(26.0, 0.0)	(27.0, 0.0)	(28.0, 0.0)	(29.0, 0.0)	(30.0, 0.0)	(31.0, 0.0006058403004967891)	(32.0, 0.0)	(33.0, 0.0)	(34.0, 0.0006058403004967891)	(35.0, 0.0006058403004967891)	(36.0, 0.0006058403004967891)	(37.0, 0.0006058403004967891)	(38.0, 0.0012116806009935782)	(39.0, 0.003635041802980734)	(40.0, 0.004240882103477523)	(41.0, 0.006664243305464679)	(42.0, 0.010299285108445414)	(43.0, 0.021810250817884406)	(44.0, 0.03271537622682661)	(45.0, 0.05694898824669817)	(46.0, 0.11571549739488672)	(47.0, 0.4774021567914698)	(48.0, 11.815703380588877)	(49.0, 17.646310432569976)	(50.0, 3.0322307039864294)	(51.0, 0.8518114624984854)	(52.0, 2.096813280019387)	(53.0, 11.155943293347875)	(54.0, 16.42251302556646)	(55.0, 6.653944020356234)	(56.0, 16.17169514116079)	(57.0, 10.224160911183812)	(58.0, 1.950199927299164)	(59.0, 0.4858839209984248)	(60.0, 0.20295650066642434)	(61.0, 0.13146734520780323)	(62.0, 0.10723373318793165)	(63.0, 0.0720949957591179)	(64.0, 0.04604386283775597)	(65.0, 0.0442263419362656)	(66.0, 0.035138737428813765)	(67.0, 0.034532897128316975)	(68.0, 0.03756209863080092)	(69.0, 0.026656973221858716)	(70.0, 0.006664243305464679)	(71.0, 0.004240882103477523)	(72.0, 0.0024233612019871563)	(73.0, 0.0012116806009935782)	(74.0, 0.001817520901490367)	(75.0, 0.0006058403004967891)	(76.0, 0.0)	(77.0, 0.0006058403004967891)	(78.0, 0.0)	(79.0, 0.0)	(80.0, 0.0)	(81.0, 0.0006058403004967891)	(82.0, 0.0006058403004967891)	(83.0, 0.0)	(84.0, 0.0006058403004967891)	(85.0, 0.0)	(86.0, 0.0)	(87.0, 0.0)	(88.0, 0.0006058403004967891)	(89.0, 0.0006058403004967891)	(90.0, 0.0)	(91.0, 0.0006058403004967891)	(92.0, 0.0)	(93.0, 0.0)	(94.0, 0.0)	(95.0, 0.0)	(96.0, 0.0)	(97.0, 0.0)	(98.0, 0.0)	(99.0, 0.0)	(100.0, 0.0)
3929R_0_F_S5_week9_S73_L001_R1_001	(0.0, 0.0)	(1.0, 0.0)	(2.0, 0.0)	(3.0, 0.0)	(4.0, 0.0)	(5.0, 0.0)	(6.0, 0.0)	(7.0, 0.0)	(8.0, 0.0)	(9.0, 0.0)	(10.0, 0.0)	(11.0, 0.0)	(12.0, 0.0)	(13.0, 0.0)	(14.0, 0.0)	(15.0, 0.0)	(16.0, 0.0)	(17.0, 0.0)	(18.0, 0.0)	(19.0, 0.0)	(20.0, 0.0)	(21.0, 0.0)	(22.0, 0.0)	(23.0, 0.0)	(24.0, 0.0)	(25.0, 0.0)	(26.0, 0.0)	(27.0, 0.0)	(28.0, 0.001234080363313259)	(29.0, 0.0018511205449698886)	(30.0, 0.0006170401816566295)	(31.0, 0.0006170401816566295)	(32.0, 0.0006170401816566295)	(33.0, 0.0)	(34.0, 0.0006170401816566295)	(35.0, 0.0018511205449698886)	(36.0, 0.003702241089939777)	(37.0, 0.005553361634909665)	(38.0, 0.003702241089939777)	(39.0, 0.004936321453253036)	(40.0, 0.005553361634909665)	(41.0, 0.012340803633132589)	(42.0, 0.011723763451475959)	(43.0, 0.009872642906506073)	(44.0, 0.02221344653963866)	(45.0, 0.048129134169217096)	(46.0, 1.7727564418994965)	(47.0, 8.804546352058445)	(48.0, 1.1982920327771744)	(49.0, 4.303238226873334)	(50.0, 13.571798795537566)	(51.0, 9.19389870668378)	(52.0, 0.8027692763352751)	(53.0, 3.9354822786059827)	(54.0, 37.24763056570244)	(55.0, 17.11546055879159)	(56.0, 1.0816714384440715)	(57.0, 0.2554546352058446)	(58.0, 0.12093987560469939)	(59.0, 0.1696860499555731)	(60.0, 0.11847171487807287)	(61.0, 0.06108697798400632)	(62.0, 0.012957843814789219)	(63.0, 0.0030852009082831472)	(64.0, 0.0006170401816566295)	(65.0, 0.0018511205449698886)	(66.0, 0.009255602724849443)	(67.0, 0.061704018165662955)	(68.0, 0.017894165268042255)	(69.0, 0.0030852009082831472)	(70.0, 0.0006170401816566295)	(71.0, 0.0006170401816566295)	(72.0, 0.0)	(73.0, 0.0)	(74.0, 0.0)	(75.0, 0.0)	(76.0, 0.0)	(77.0, 0.0)	(78.0, 0.0)	(79.0, 0.0)	(80.0, 0.0)	(81.0, 0.0)	(82.0, 0.0)	(83.0, 0.0)	(84.0, 0.0)	(85.0, 0.0)	(86.0, 0.0)	(87.0, 0.0)	(88.0, 0.0)	(89.0, 0.0)	(90.0, 0.0)	(91.0, 0.0)	(92.0, 0.0)	(93.0, 0.0)	(94.0, 0.0)	(95.0, 0.0)	(96.0, 0.0)	(97.0, 0.0)	(98.0, 0.0)	(99.0, 0.0)	(100.0, 0.0)
3929R_0_F_S5_week9_S73_L001_R2_001	(0.0, 0.0)	(1.0, 0.0)	(2.0, 0.0)	(3.0, 0.0)	(4.0, 0.0)	(5.0, 0.0)	(6.0, 0.0)	(7.0, 0.0)	(8.0, 0.0)	(9.0, 0.0)	(10.0, 0.0)	(11.0, 0.0)	(12.0, 0.0)	(13.0, 0.0)	(14.0, 0.0)	(15.0, 0.0)	(16.0, 0.0)	(17.0, 0.0)	(18.0, 0.0)	(19.0, 0.0)	(20.0, 0.0)	(21.0, 0.0)	(22.0, 0.0)	(23.0, 0.0)	(24.0, 0.0)	(25.0, 0.0)	(26.0, 0.0)	(27.0, 0.0)	(28.0, 0.0)	(29.0, 0.0)	(30.0, 0.0)	(31.0, 0.0)	(32.0, 0.0)	(33.0, 0.0)	(34.0, 0.0)	(35.0, 0.0)	(36.0, 0.0006166444674658379)	(37.0, 0.0)	(38.0, 0.0012332889349316758)	(39.0, 0.004316511272260865)	(40.0, 0.004316511272260865)	(41.0, 0.0055498002071925415)	(42.0, 0.00863302254452173)	(43.0, 0.016032756154111785)	(44.0, 0.03206551230822357)	(45.0, 0.0536480686695279)	(46.0, 0.10051304819693158)	(47.0, 0.2959893443836022)	(48.0, 4.965837896502393)	(49.0, 8.401164224754575)	(50.0, 3.4371762616545807)	(51.0, 1.190123822209067)	(52.0, 2.703985989837699)	(53.0, 12.536382023580483)	(54.0, 18.112697942874057)	(55.0, 8.634255833456663)	(56.0, 20.725420551526813)	(57.0, 13.746855113215926)	(58.0, 2.933377731734991)	(59.0, 0.757239406048049)	(60.0, 0.3582704355976518)	(61.0, 0.2503576537911302)	(62.0, 0.16834393961817376)	(63.0, 0.11901238222090671)	(64.0, 0.09619653692467071)	(65.0, 0.06474766908391298)	(66.0, 0.06228109121404963)	(67.0, 0.05919786887672043)	(68.0, 0.06228109121404963)	(69.0, 0.03946524591781363)	(70.0, 0.021582556361304326)	(71.0, 0.009249667011987569)	(72.0, 0.007399733609590054)	(73.0, 0.003699866804795027)	(74.0, 0.0018499334023975135)	(75.0, 0.0024665778698633517)	(76.0, 0.0006166444674658379)	(77.0, 0.0006166444674658379)	(78.0, 0.0)	(79.0, 0.0)	(80.0, 0.0006166444674658379)	(81.0, 0.0)	(82.0, 0.0)	(83.0, 0.0018499334023975135)	(84.0, 0.0006166444674658379)	(85.0, 0.0)	(86.0, 0.0)	(87.0, 0.0)	(88.0, 0.0006166444674658379)	(89.0, 0.0)	(90.0, 0.0)	(91.0, 0.0)	(92.0, 0.0006166444674658379)	(93.0, 0.0)	(94.0, 0.0)	(95.0, 0.0)	(96.0, 0.0)	(97.0, 0.0006166444674658379)	(98.0, 0.0)	(99.0, 0.0)	(100.0, 0.0)
3969R_0_F_S2_week5_S47_L001_R1_001	(0.0, 0.0)	(1.0, 0.0)	(2.0, 0.0)	(3.0, 0.0)	(4.0, 0.0)	(5.0, 0.0)	(6.0, 0.0)	(7.0, 0.0)	(8.0, 0.0)	(9.0, 0.0)	(10.0, 0.0)	(11.0, 0.0)	(12.0, 0.0)	(13.0, 0.0)	(14.0, 0.0)	(15.0, 0.0)	(16.0, 0.0)	(17.0, 0.0)	(18.0, 0.0)	(19.0, 0.0)	(20.0, 0.0)	(21.0, 0.0)	(22.0, 0.0)	(23.0, 0.0)	(24.0, 0.0)	(25.0, 0.0)	(26.0, 0.0)	(27.0, 0.0007308979812597758)	(28.0, 0.0014617959625195516)	(29.0, 0.0036544899062988787)	(30.0, 0.0036544899062988787)	(31.0, 0.004385387887558654)	(32.0, 0.0036544899062988787)	(33.0, 0.004385387887558654)	(34.0, 0.004385387887558654)	(35.0, 0.002923591925039103)	(36.0, 0.008039877793857533)	(37.0, 0.008770775775117309)	(38.0, 0.01023257173763686)	(39.0, 0.0073089798125977575)	(40.0, 0.006578081831337982)	(41.0, 0.009501673756377085)	(42.0, 0.012425265681416189)	(43.0, 0.023388735400312825)	(44.0, 0.04019938896928767)	(45.0, 0.0935549416012513)	(46.0, 1.2856495490359454)	(47.0, 23.317107398149368)	(48.0, 6.4392112148986245)	(49.0, 2.2577438641114473)	(50.0, 4.835621044014676)	(51.0, 3.509041208028183)	(52.0, 0.6102998143519127)	(53.0, 5.684924498238536)	(54.0, 37.51041529623295)	(55.0, 12.510780745223581)	(56.0, 0.9238550483123565)	(57.0, 0.23096376207808914)	(58.0, 0.08478416582613399)	(59.0, 0.23388735400312824)	(60.0, 0.11986726892660322)	(61.0, 0.13813971845809764)	(62.0, 0.0241196333815726)	(63.0, 0.00511628586881843)	(64.0, 0.0007308979812597758)	(65.0, 0.0)	(66.0, 0.0036544899062988787)	(67.0, 0.01681065356897484)	(68.0, 0.006578081831337982)	(69.0, 0.0014617959625195516)	(70.0, 0.0)	(71.0, 0.0)	(72.0, 0.0)	(73.0, 0.0)	(74.0, 0.0)	(75.0, 0.0)	(76.0, 0.0)	(77.0, 0.0)	(78.0, 0.0)	(79.0, 0.0)	(80.0, 0.0)	(81.0, 0.0)	(82.0, 0.0)	(83.0, 0.0)	(84.0, 0.0)	(85.0, 0.0)	(86.0, 0.0)	(87.0, 0.0)	(88.0, 0.0)	(89.0, 0.0)	(90.0, 0.0)	(91.0, 0.0)	(92.0, 0.0)	(93.0, 0.0)	(94.0, 0.0)	(95.0, 0.0)	(96.0, 0.0)	(97.0, 0.0)	(98.0, 0.0)	(99.0, 0.0)	(100.0, 0.0)
3969R_0_F_S2_week5_S47_L001_R2_001	(0.0, 0.0)	(1.0, 0.0)	(2.0, 0.0)	(3.0, 0.0)	(4.0, 0.0)	(5.0, 0.0)	(6.0, 0.0)	(7.0, 0.0)	(8.0, 0.0)	(9.0, 0.0)	(10.0, 0.0)	(11.0, 0.0)	(12.0, 0.0)	(13.0, 0.0)	(14.0, 0.0)	(15.0, 0.0)	(16.0, 0.0)	(17.0, 0.0)	(18.0, 0.0)	(19.0, 0.0)	(20.0, 0.0)	(21.0, 0.0)	(22.0, 0.0)	(23.0, 0.0)	(24.0, 0.0)	(25.0, 0.0)	(26.0, 0.0)	(27.0, 0.0)	(28.0, 0.0)	(29.0, 0.0)	(30.0, 0.0007161476983012976)	(31.0, 0.0)	(32.0, 0.0)	(33.0, 0.0007161476983012976)	(34.0, 0.0007161476983012976)	(35.0, 0.0)	(36.0, 0.0)	(37.0, 0.0)	(38.0, 0.0014322953966025953)	(39.0, 0.002148443094903893)	(40.0, 0.003580738491506488)	(41.0, 0.006445329284711678)	(42.0, 0.016471397060929847)	(43.0, 0.030794351026955796)	(44.0, 0.04869804348448824)	(45.0, 0.08522157609785443)	(46.0, 0.14108109656535564)	(47.0, 0.44401157294680454)	(48.0, 7.195852072531439)	(49.0, 20.439571457217337)	(50.0, 4.210232318313329)	(51.0, 0.9961614483371051)	(52.0, 2.972012947950385)	(53.0, 7.685697098169526)	(54.0, 8.088888252313158)	(55.0, 5.85522358131141)	(56.0, 22.04159385831734)	(57.0, 14.602251568363458)	(58.0, 2.917585722879487)	(59.0, 0.7942077974161391)	(60.0, 0.3673837692285657)	(61.0, 0.2721361253544931)	(62.0, 0.22630267266321005)	(63.0, 0.14466183505686211)	(64.0, 0.11601592712481021)	(65.0, 0.07734395141654014)	(66.0, 0.06516944054541808)	(67.0, 0.05084648657939213)	(68.0, 0.030794351026955796)	(69.0, 0.025781317138846713)	(70.0, 0.013606806267724654)	(71.0, 0.009309920077916868)	(72.0, 0.005729181586410381)	(73.0, 0.0)	(74.0, 0.0014322953966025953)	(75.0, 0.002148443094903893)	(76.0, 0.0014322953966025953)	(77.0, 0.0007161476983012976)	(78.0, 0.0014322953966025953)	(79.0, 0.0007161476983012976)	(80.0, 0.0007161476983012976)	(81.0, 0.0007161476983012976)	(82.0, 0.0007161476983012976)	(83.0, 0.0007161476983012976)	(84.0, 0.0)	(85.0, 0.0)	(86.0, 0.0014322953966025953)	(87.0, 0.0007161476983012976)	(88.0, 0.0)	(89.0, 0.0)	(90.0, 0.0007161476983012976)	(91.0, 0.0)	(92.0, 0.0)	(93.0, 0.0)	(94.0, 0.0)	(95.0, 0.0)	(96.0, 0.0)	(97.0, 0.0)	(98.0, 0.0)	(99.0, 0.0)	(100.0, 0.0)
3969R_0_F_S2_week6_S48_L001_R1_001	(0.0, 0.0)	(1.0, 0.0)	(2.0, 0.0)	(3.0, 0.0)	(4.0, 0.0)	(5.0, 0.0)	(6.0, 0.0)	(7.0, 0.0)	(8.0, 0.0)	(9.0, 0.0)	(10.0, 0.0)	(11.0, 0.0)	(12.0, 0.0)	(13.0, 0.0)	(14.0, 0.0)	(15.0, 0.0)	(16.0, 0.0)	(17.0, 0.0)	(18.0, 0.0)	(19.0, 0.0)	(20.0, 0.0)	(21.0, 0.0)	(22.0, 0.0)	(23.0, 0.0)	(24.0, 0.0)	(25.0, 0.0)	(26.0, 0.0)	(27.0, 0.0)	(28.0, 0.0)	(29.0, 0.0)	(30.0, 0.0)	(31.0, 0.0)	(32.0, 0.0)	(33.0, 0.0007196211914048445)	(34.0, 0.001439242382809689)	(35.0, 0.0)	(36.0, 0.0021588635742145336)	(37.0, 0.0050373483398339115)	(38.0, 0.002878484765619378)	(39.0, 0.0007196211914048445)	(40.0, 0.002878484765619378)	(41.0, 0.0050373483398339115)	(42.0, 0.0071962119140484455)	(43.0, 0.01727090859371627)	(44.0, 0.0259063628905744)	(45.0, 0.07340136152329413)	(46.0, 1.2096832227515435)	(47.0, 25.248629121630373)	(48.0, 6.857989954088168)	(49.0, 3.3188929347591425)	(50.0, 7.379715317856681)	(51.0, 5.220851743642147)	(52.0, 0.5936874829089966)	(53.0, 6.577337689440278)	(54.0, 31.12289690706812)	(55.0, 10.492076970682634)	(56.0, 0.8959283832990315)	(57.0, 0.2245218117183115)	(58.0, 0.1101020422849412)	(59.0, 0.2928858249017717)	(60.0, 0.14968120781220765)	(61.0, 0.10722355751932183)	(62.0, 0.02086901455074049)	(63.0, 0.0071962119140484455)	(64.0, 0.0035981059570242228)	(65.0, 0.0007196211914048445)	(66.0, 0.002878484765619378)	(67.0, 0.015831666210906578)	(68.0, 0.0021588635742145336)	(69.0, 0.0)	(70.0, 0.0)	(71.0, 0.0)	(72.0, 0.0)	(73.0, 0.0)	(74.0, 0.0)	(75.0, 0.0)	(76.0, 0.0)	(77.0, 0.0)	(78.0, 0.0)	(79.0, 0.0)	(80.0, 0.0)	(81.0, 0.0)	(82.0, 0.0)	(83.0, 0.0)	(84.0, 0.0)	(85.0, 0.0)	(86.0, 0.0)	(87.0, 0.0)	(88.0, 0.0)	(89.0, 0.0)	(90.0, 0.0)	(91.0, 0.0)	(92.0, 0.0)	(93.0, 0.0)	(94.0, 0.0)	(95.0, 0.0)	(96.0, 0.0)	(97.0, 0.0)	(98.0, 0.0)	(99.0, 0.0)	(100.0, 0.0)
3969R_0_F_S2_week6_S48_L001_R2_001	(0.0, 0.0)	(1.0, 0.0)	(2.0, 0.0)	(3.0, 0.0)	(4.0, 0.0)	(5.0, 0.0)	(6.0, 0.0)	(7.0, 0.0)	(8.0, 0.0)	(9.0, 0.0)	(10.0, 0.0)	(11.0, 0.0)	(12.0, 0.0)	(13.0, 0.0)	(14.0, 0.0)	(15.0, 0.0)	(16.0, 0.0)	(17.0, 0.0)	(18.0, 0.0)	(19.0, 0.0)	(20.0, 0.0)	(21.0, 0.0)	(22.0, 0.0)	(23.0, 0.0)	(24.0, 0.0)	(25.0, 0.0)	(26.0, 0.0)	(27.0, 0.0007116981830345387)	(28.0, 0.0)	(29.0, 0.0)	(30.0, 0.0)	(31.0, 0.0)	(32.0, 0.0)	(33.0, 0.0)	(34.0, 0.0)	(35.0, 0.0)	(36.0, 0.0007116981830345387)	(37.0, 0.0014233963660690773)	(38.0, 0.0021350945491036165)	(39.0, 0.0028467927321381547)	(40.0, 0.007116981830345387)	(41.0, 0.012098869111587158)	(42.0, 0.017792454575863467)	(43.0, 0.0313147200535197)	(44.0, 0.03985509824993417)	(45.0, 0.0789984983168338)	(46.0, 0.1487449202542186)	(47.0, 0.4433879680305176)	(48.0, 6.581784796703414)	(49.0, 22.700325246069646)	(50.0, 5.421005060174081)	(51.0, 1.194229551131956)	(52.0, 4.212541545381435)	(53.0, 10.959440320548861)	(54.0, 9.725355671166971)	(55.0, 5.12280352148261)	(56.0, 16.954785814431816)	(57.0, 11.814901536556377)	(58.0, 2.508736095196749)	(59.0, 0.7814446049719235)	(60.0, 0.3330747496601641)	(61.0, 0.2184913421916034)	(62.0, 0.18361813122291099)	(63.0, 0.1523034111693913)	(64.0, 0.0996377456248354)	(65.0, 0.06476453465614303)	(66.0, 0.04839547644634863)	(67.0, 0.04910717462938317)	(68.0, 0.0348732109686924)	(69.0, 0.014945661843725314)	(70.0, 0.01565736002675985)	(71.0, 0.0064052836473108485)	(72.0, 0.0064052836473108485)	(73.0, 0.0021350945491036165)	(74.0, 0.0021350945491036165)	(75.0, 0.0007116981830345387)	(76.0, 0.0)	(77.0, 0.0)	(78.0, 0.0)	(79.0, 0.0)	(80.0, 0.0)	(81.0, 0.0014233963660690773)	(82.0, 0.0007116981830345387)	(83.0, 0.0)	(84.0, 0.0)	(85.0, 0.0)	(86.0, 0.0)	(87.0, 0.0)	(88.0, 0.0)	(89.0, 0.0)	(90.0, 0.0)	(91.0, 0.0)	(92.0, 0.0)	(93.0, 0.0)	(94.0, 0.0)	(95.0, 0.0)	(96.0, 0.0)	(97.0, 0.0007116981830345387)	(98.0, 0.0)	(99.0, 0.0)	(100.0, 0.0)
3969R_0_F_S2_week7_S49_L001_R1_001	(0.0, 0.0)	(1.0, 0.0)	(2.0, 0.0)	(3.0, 0.0)	(4.0, 0.0)	(5.0, 0.0)	(6.0, 0.0)	(7.0, 0.0)	(8.0, 0.0)	(9.0, 0.0)	(10.0, 0.0)	(11.0, 0.0)	(12.0, 0.0)	(13.0, 0.0)	(14.0, 0.0)	(15.0, 0.0)	(16.0, 0.0)	(17.0, 0.0)	(18.0, 0.0)	(19.0, 0.0)	(20.0, 0.0)	(21.0, 0.0)	(22.0, 0.0)	(23.0, 0.0)	(24.0, 0.0)	(25.0, 0.0)	(26.0, 0.000575688667568579)	(27.0, 0.0)	(28.0, 0.001151377335137158)	(29.0, 0.0)	(30.0, 0.0017270660027057367)	(31.0, 0.000575688667568579)	(32.0, 0.001151377335137158)	(33.0, 0.001151377335137158)	(34.0, 0.002302754670274316)	(35.0, 0.0017270660027057367)	(36.0, 0.00518119800811721)	(37.0, 0.004029820672980052)	(38.0, 0.0063325753432543685)	(39.0, 0.0074839526783915256)	(40.0, 0.0063325753432543685)	(41.0, 0.0063325753432543685)	(42.0, 0.010938084683803)	(43.0, 0.017846348694625945)	(44.0, 0.03799545205952621)	(45.0, 0.1174404881839901)	(46.0, 1.9797933277683428)	(47.0, 26.75570651391727)	(48.0, 7.15811289254771)	(49.0, 2.6090210414207995)	(50.0, 6.083302150197174)	(51.0, 4.527791370426873)	(52.0, 0.5785671109064218)	(53.0, 5.54560893468812)	(54.0, 32.74286865663049)	(55.0, 10.441841052358884)	(56.0, 0.6488011283497884)	(57.0, 0.1801905529489652)	(58.0, 0.07771797012175816)	(59.0, 0.19803690164359114)	(60.0, 0.0955643188163841)	(61.0, 0.09498863014881552)	(62.0, 0.018997726029763105)	(63.0, 0.0034541320054114733)	(64.0, 0.001151377335137158)	(65.0, 0.001151377335137158)	(66.0, 0.0057568866756857896)	(67.0, 0.017846348694625945)	(68.0, 0.0028784433378428948)	(69.0, 0.0)	(70.0, 0.000575688667568579)	(71.0, 0.0)	(72.0, 0.0)	(73.0, 0.0)	(74.0, 0.0)	(75.0, 0.0)	(76.0, 0.0)	(77.0, 0.0)	(78.0, 0.0)	(79.0, 0.0)	(80.0, 0.0)	(81.0, 0.0)	(82.0, 0.0)	(83.0, 0.0)	(84.0, 0.0)	(85.0, 0.0)	(86.0, 0.0)	(87.0, 0.0)	(88.0, 0.0)	(89.0, 0.0)	(90.0, 0.0)	(91.0, 0.0)	(92.0, 0.0)	(93.0, 0.0)	(94.0, 0.0)	(95.0, 0.0)	(96.0, 0.0)	(97.0, 0.0)	(98.0, 0.0)	(99.0, 0.0)	(100.0, 0.0)
3969R_0_F_S2_week7_S49_L001_R2_001	(0.0, 0.0)	(1.0, 0.0)	(2.0, 0.0)	(3.0, 0.0)	(4.0, 0.0)	(5.0, 0.0)	(6.0, 0.0)	(7.0, 0.0)	(8.0, 0.0)	(9.0, 0.0)	(10.0, 0.0)	(11.0, 0.0)	(12.0, 0.0)	(13.0, 0.0)	(14.0, 0.0)	(15.0, 0.0)	(16.0, 0.0)	(17.0, 0.0)	(18.0, 0.0)	(19.0, 0.0)	(20.0, 0.0)	(21.0, 0.0)	(22.0, 0.0)	(23.0, 0.0)	(24.0, 0.0)	(25.0, 0.0)	(26.0, 0.0)	(27.0, 0.0)	(28.0, 0.0)	(29.0, 0.0)	(30.0, 0.0)	(31.0, 0.0)	(32.0, 0.0005611955710445532)	(33.0, 0.0)	(34.0, 0.0)	(35.0, 0.0)	(36.0, 0.0)	(37.0, 0.0)	(38.0, 0.0005611955710445532)	(39.0, 0.0016835867131336601)	(40.0, 0.0033671734262673203)	(41.0, 0.007295542423579193)	(42.0, 0.019641844986559368)	(43.0, 0.02749858298118311)	(44.0, 0.04545684125460882)	(45.0, 0.09035248693817308)	(46.0, 0.16218552003187592)	(47.0, 0.6840974011033105)	(48.0, 12.23013507977395)	(49.0, 22.0544247464799)	(50.0, 3.9104107390384475)	(51.0, 1.0118356145933296)	(52.0, 3.7431744588671703)	(53.0, 9.048717387522377)	(54.0, 7.426862187203619)	(55.0, 5.279166736816113)	(56.0, 19.669343569540548)	(57.0, 11.112794697824246)	(58.0, 2.098310240135585)	(59.0, 0.5662463311839543)	(60.0, 0.2463648556885589)	(61.0, 0.14478845732949475)	(62.0, 0.13244215476651458)	(63.0, 0.09091368250921764)	(64.0, 0.05499716596236622)	(65.0, 0.033110538691628645)	(66.0, 0.030865756407450432)	(67.0, 0.020764236128648472)	(68.0, 0.020764236128648472)	(69.0, 0.01178510699193562)	(70.0, 0.007856737994623745)	(71.0, 0.003928368997311873)	(72.0, 0.002244782284178213)	(73.0, 0.002244782284178213)	(74.0, 0.0005611955710445532)	(75.0, 0.0)	(76.0, 0.0)	(77.0, 0.0011223911420891065)	(78.0, 0.0011223911420891065)	(79.0, 0.0)	(80.0, 0.0)	(81.0, 0.0)	(82.0, 0.0)	(83.0, 0.0)	(84.0, 0.0)	(85.0, 0.0)	(86.0, 0.0)	(87.0, 0.0)	(88.0, 0.0)	(89.0, 0.0)	(90.0, 0.0)	(91.0, 0.0)	(92.0, 0.0)	(93.0, 0.0)	(94.0, 0.0)	(95.0, 0.0)	(96.0, 0.0)	(97.0, 0.0)	(98.0, 0.0)	(99.0, 0.0)	(100.0, 0.0)
3969R_0_F_S2_week9_S50_L001_R1_001	(0.0, 0.0)	(1.0, 0.0)	(2.0, 0.0)	(3.0, 0.0)	(4.0, 0.0)	(5.0, 0.0)	(6.0, 0.0)	(7.0, 0.0)	(8.0, 0.0)	(9.0, 0.0)	(10.0, 0.0)	(11.0, 0.0)	(12.0, 0.0)	(13.0, 0.0)	(14.0, 0.0)	(15.0, 0.0)	(16.0, 0.0)	(17.0, 0.0)	(18.0, 0.0)	(19.0, 0.0)	(20.0, 0.0)	(21.0, 0.0)	(22.0, 0.0)	(23.0, 0.0)	(24.0, 0.0)	(25.0, 0.0)	(26.0, 0.0)	(27.0, 0.0)	(28.0, 0.0)	(29.0, 0.0)	(30.0, 0.0)	(31.0, 0.0)	(32.0, 0.0)	(33.0, 0.0007249791568492406)	(34.0, 0.0014499583136984811)	(35.0, 0.002174937470547722)	(36.0, 0.0028999166273969623)	(37.0, 0.0014499583136984811)	(38.0, 0.0036248957842462026)	(39.0, 0.0028999166273969623)	(40.0, 0.005074854097944685)	(41.0, 0.007249791568492405)	(42.0, 0.0065248124116431645)	(43.0, 0.01159966650958785)	(44.0, 0.028274187117120386)	(45.0, 0.08264762388081343)	(46.0, 2.1147642005292346)	(47.0, 30.589770544096854)	(48.0, 8.213288867945048)	(49.0, 3.7872911153804325)	(50.0, 9.274658353572335)	(51.0, 6.499438141153442)	(52.0, 0.5241599304020009)	(53.0, 5.82375756696995)	(54.0, 24.01058469569)	(55.0, 7.984920433537536)	(56.0, 0.521260013774604)	(57.0, 0.1283213107623156)	(58.0, 0.04712364519520064)	(59.0, 0.12904628991916484)	(60.0, 0.06307318664588393)	(61.0, 0.07177293652807482)	(62.0, 0.013774603980135572)	(63.0, 0.0014499583136984811)	(64.0, 0.0007249791568492406)	(65.0, 0.0007249791568492406)	(66.0, 0.0065248124116431645)	(67.0, 0.028274187117120386)	(68.0, 0.007249791568492405)	(69.0, 0.0014499583136984811)	(70.0, 0.0)	(71.0, 0.0)	(72.0, 0.0)	(73.0, 0.0)	(74.0, 0.0)	(75.0, 0.0)	(76.0, 0.0)	(77.0, 0.0)	(78.0, 0.0)	(79.0, 0.0)	(80.0, 0.0)	(81.0, 0.0)	(82.0, 0.0)	(83.0, 0.0)	(84.0, 0.0)	(85.0, 0.0)	(86.0, 0.0)	(87.0, 0.0)	(88.0, 0.0)	(89.0, 0.0)	(90.0, 0.0)	(91.0, 0.0)	(92.0, 0.0)	(93.0, 0.0)	(94.0, 0.0)	(95.0, 0.0)	(96.0, 0.0)	(97.0, 0.0)	(98.0, 0.0)	(99.0, 0.0)	(100.0, 0.0)
3969R_0_F_S2_week9_S50_L001_R2_001	(0.0, 0.0)	(1.0, 0.0)	(2.0, 0.0)	(3.0, 0.0)	(4.0, 0.0)	(5.0, 0.0)	(6.0, 0.0)	(7.0, 0.0)	(8.0, 0.0)	(9.0, 0.0)	(10.0, 0.0)	(11.0, 0.0)	(12.0, 0.0)	(13.0, 0.0)	(14.0, 0.0)	(15.0, 0.0)	(16.0, 0.0)	(17.0, 0.0)	(18.0, 0.0)	(19.0, 0.0)	(20.0, 0.0)	(21.0, 0.0)	(22.0, 0.0)	(23.0, 0.0)	(24.0, 0.0)	(25.0, 0.0)	(26.0, 0.0)	(27.0, 0.0)	(28.0, 0.0)	(29.0, 0.0)	(30.0, 0.0)	(31.0, 0.0)	(32.0, 0.0)	(33.0, 0.0007141071874888421)	(34.0, 0.0)	(35.0, 0.0007141071874888421)	(36.0, 0.0)	(37.0, 0.0)	(38.0, 0.00357053593744421)	(39.0, 0.006426964687399579)	(40.0, 0.009283393437354947)	(41.0, 0.010711607812332631)	(42.0, 0.01642446531224337)	(43.0, 0.032134823436997896)	(44.0, 0.04213232406184168)	(45.0, 0.07855179062377263)	(46.0, 0.17424215374727747)	(47.0, 0.7162495090513086)	(48.0, 13.995072660406327)	(49.0, 25.310815153354522)	(50.0, 4.0904059699360875)	(51.0, 1.0554504231085087)	(52.0, 4.746670475238333)	(53.0, 13.078159031670653)	(54.0, 10.78016210233156)	(55.0, 4.203949012746813)	(56.0, 12.366908272931768)	(57.0, 6.9889670439532985)	(58.0, 1.2768236512300497)	(59.0, 0.37562038061913094)	(60.0, 0.16067411718498947)	(61.0, 0.11068661406077052)	(62.0, 0.10211732781090442)	(63.0, 0.0728389331238619)	(64.0, 0.05070161031170779)	(65.0, 0.037133573749419786)	(66.0, 0.03356303781197558)	(67.0, 0.022851429999642948)	(68.0, 0.021423215624665263)	(69.0, 0.015710358124754527)	(70.0, 0.005712857499910737)	(71.0, 0.0)	(72.0, 0.0)	(73.0, 0.0)	(74.0, 0.0007141071874888421)	(75.0, 0.0)	(76.0, 0.0007141071874888421)	(77.0, 0.0)	(78.0, 0.0)	(79.0, 0.0)	(80.0, 0.0)	(81.0, 0.0)	(82.0, 0.0)	(83.0, 0.0)	(84.0, 0.0)	(85.0, 0.0)	(86.0, 0.0014282143749776842)	(87.0, 0.0014282143749776842)	(88.0, 0.0007141071874888421)	(89.0, 0.0)	(90.0, 0.0007141071874888421)	(91.0, 0.0007141071874888421)	(92.0, 0.0)	(93.0, 0.0)	(94.0, 0.0)	(95.0, 0.0)	(96.0, 0.0)	(97.0, 0.0)	(98.0, 0.0)	(99.0, 0.0)	(100.0, 0.0)
3971R_L_F_NS1_week5_S9_L001_R1_001	(0.0, 0.0)	(1.0, 0.0)	(2.0, 0.0)	(3.0, 0.0)	(4.0, 0.0)	(5.0, 0.0)	(6.0, 0.0)	(7.0, 0.0)	(8.0, 0.0)	(9.0, 0.0)	(10.0, 0.0)	(11.0, 0.0)	(12.0, 0.0)	(13.0, 0.0)	(14.0, 0.0)	(15.0, 0.0)	(16.0, 0.0)	(17.0, 0.0)	(18.0, 0.0)	(19.0, 0.0)	(20.0, 0.0)	(21.0, 0.0)	(22.0, 0.0)	(23.0, 0.0)	(24.0, 0.0)	(25.0, 0.0)	(26.0, 0.0)	(27.0, 0.0013279859764680885)	(28.0, 0.0006639929882340443)	(29.0, 0.0013279859764680885)	(30.0, 0.0033199649411702215)	(31.0, 0.0033199649411702215)	(32.0, 0.002655971952936177)	(33.0, 0.00464795091763831)	(34.0, 0.003983957929404266)	(35.0, 0.005975936894106398)	(36.0, 0.007967915858808532)	(37.0, 0.010623887811744708)	(38.0, 0.007967915858808532)	(39.0, 0.00464795091763831)	(40.0, 0.008631908847042576)	(41.0, 0.011287880799978752)	(42.0, 0.015271838729383019)	(43.0, 0.01726381769408515)	(44.0, 0.024567740564659636)	(45.0, 0.05444742503519163)	(46.0, 0.4628031127991288)	(47.0, 9.862951847228492)	(48.0, 13.058750099598948)	(49.0, 27.233008419431094)	(50.0, 3.9786459854983933)	(51.0, 1.4528166582560889)	(52.0, 0.6513771214575974)	(53.0, 4.221667419192053)	(54.0, 26.11418023425673)	(55.0, 11.339008260072774)	(56.0, 0.6394252476693846)	(57.0, 0.1859180367055324)	(58.0, 0.07901516559985126)	(59.0, 0.17662213487025577)	(60.0, 0.08764707444689383)	(61.0, 0.03386364239993626)	(62.0, 0.011287880799978752)	(63.0, 0.005311943905872354)	(64.0, 0.001991978964702133)	(65.0, 0.0013279859764680885)	(66.0, 0.02788770550582986)	(67.0, 0.12947863270563864)	(68.0, 0.04249555124697883)	(69.0, 0.009959894823510663)	(70.0, 0.001991978964702133)	(71.0, 0.0006639929882340443)	(72.0, 0.0)	(73.0, 0.0)	(74.0, 0.0)	(75.0, 0.0)	(76.0, 0.0)	(77.0, 0.0)	(78.0, 0.0)	(79.0, 0.0)	(80.0, 0.0)	(81.0, 0.0)	(82.0, 0.0)	(83.0, 0.0)	(84.0, 0.0)	(85.0, 0.0)	(86.0, 0.0)	(87.0, 0.0)	(88.0, 0.0)	(89.0, 0.0)	(90.0, 0.0)	(91.0, 0.0)	(92.0, 0.0)	(93.0, 0.0)	(94.0, 0.0)	(95.0, 0.0)	(96.0, 0.0)	(97.0, 0.0)	(98.0, 0.0)	(99.0, 0.0)	(100.0, 0.0)
3971R_L_F_NS1_week5_S9_L001_R2_001	(0.0, 0.0)	(1.0, 0.0)	(2.0, 0.0)	(3.0, 0.0)	(4.0, 0.0)	(5.0, 0.0)	(6.0, 0.0)	(7.0, 0.0)	(8.0, 0.0)	(9.0, 0.0)	(10.0, 0.0)	(11.0, 0.0)	(12.0, 0.0)	(13.0, 0.0)	(14.0, 0.0)	(15.0, 0.0)	(16.0, 0.0)	(17.0, 0.0)	(18.0, 0.0)	(19.0, 0.0)	(20.0, 0.0)	(21.0, 0.0)	(22.0, 0.0)	(23.0, 0.0)	(24.0, 0.0)	(25.0, 0.0)	(26.0, 0.0)	(27.0, 0.0)	(28.0, 0.0)	(29.0, 0.0)	(30.0, 0.0)	(31.0, 0.0)	(32.0, 0.0)	(33.0, 0.0)	(34.0, 0.0)	(35.0, 0.0)	(36.0, 0.0)	(37.0, 0.0019236400399262178)	(38.0, 0.00256485338656829)	(39.0, 0.0032060667332103627)	(40.0, 0.007694560159704871)	(41.0, 0.013465480279483522)	(42.0, 0.02821338725225119)	(43.0, 0.04616736095822922)	(44.0, 0.05899162789107067)	(45.0, 0.08079288167690114)	(46.0, 0.17120396355343337)	(47.0, 0.40973532850428435)	(48.0, 4.5994233354635865)	(49.0, 10.072179249053676)	(50.0, 19.15688994427856)	(51.0, 17.652603433056257)	(52.0, 3.8511273599322875)	(53.0, 6.304409624184857)	(54.0, 6.875089502696302)	(55.0, 4.407700544817607)	(56.0, 13.745690511966108)	(57.0, 9.04623789442636)	(58.0, 1.8858084524743353)	(59.0, 0.5873514255241384)	(60.0, 0.22121860459151502)	(61.0, 0.14299057630118217)	(62.0, 0.11862446912878342)	(63.0, 0.09169350856981638)	(64.0, 0.052579494424649945)	(65.0, 0.04552614761158715)	(66.0, 0.044243720918303)	(67.0, 0.07438074821048042)	(68.0, 0.0955407886496688)	(69.0, 0.055785561157860306)	(70.0, 0.023724893825756686)	(71.0, 0.007694560159704871)	(72.0, 0.004488493426494508)	(73.0, 0.00256485338656829)	(74.0, 0.0019236400399262178)	(75.0, 0.0)	(76.0, 0.0006412133466420725)	(77.0, 0.001282426693284145)	(78.0, 0.0019236400399262178)	(79.0, 0.0006412133466420725)	(80.0, 0.0)	(81.0, 0.0)	(82.0, 0.0)	(83.0, 0.0006412133466420725)	(84.0, 0.0)	(85.0, 0.0019236400399262178)	(86.0, 0.0)	(87.0, 0.0)	(88.0, 0.0)	(89.0, 0.0006412133466420725)	(90.0, 0.0)	(91.0, 0.0)	(92.0, 0.0)	(93.0, 0.0)	(94.0, 0.0)	(95.0, 0.0)	(96.0, 0.0)	(97.0, 0.0)	(98.0, 0.0)	(99.0, 0.0)	(100.0, 0.0008549511288560968)
3971R_L_F_NS1_week6_S10_L001_R1_001	(0.0, 0.0)	(1.0, 0.0)	(2.0, 0.0)	(3.0, 0.0)	(4.0, 0.0)	(5.0, 0.0)	(6.0, 0.0)	(7.0, 0.0)	(8.0, 0.0)	(9.0, 0.0)	(10.0, 0.0)	(11.0, 0.0)	(12.0, 0.0)	(13.0, 0.0)	(14.0, 0.0)	(15.0, 0.0)	(16.0, 0.0)	(17.0, 0.0)	(18.0, 0.0)	(19.0, 0.0)	(20.0, 0.0)	(21.0, 0.0)	(22.0, 0.0)	(23.0, 0.0)	(24.0, 0.0)	(25.0, 0.0014026622529561105)	(26.0, 0.0)	(27.0, 0.0)	(28.0, 0.0)	(29.0, 0.0)	(30.0, 0.0)	(31.0, 0.0)	(32.0, 0.0007013311264780553)	(33.0, 0.0)	(34.0, 0.0014026622529561105)	(35.0, 0.0007013311264780553)	(36.0, 0.002103993379434166)	(37.0, 0.002805324505912221)	(38.0, 0.002805324505912221)	(39.0, 0.002805324505912221)	(40.0, 0.002805324505912221)	(41.0, 0.009818635770692774)	(42.0, 0.009818635770692774)	(43.0, 0.014727953656039162)	(44.0, 0.018935940414907496)	(45.0, 0.04628785434755166)	(46.0, 0.4250066626457015)	(47.0, 11.429593368212867)	(48.0, 13.889862959897886)	(49.0, 22.426465431388777)	(50.0, 3.7149509769542592)	(51.0, 1.4741980278568723)	(52.0, 0.5814035038503079)	(53.0, 4.8833686336666995)	(54.0, 28.46562776149131)	(55.0, 11.088746440744533)	(56.0, 0.5680782124472248)	(57.0, 0.16411148359586494)	(58.0, 0.07293843715371776)	(59.0, 0.21951664258763132)	(60.0, 0.10169301333931803)	(61.0, 0.04488519209459554)	(62.0, 0.018935940414907496)	(63.0, 0.007013311264780554)	(64.0, 0.0007013311264780553)	(65.0, 0.003506655632390277)	(66.0, 0.04348252984163943)	(67.0, 0.190060735275553)	(68.0, 0.0533011656123322)	(69.0, 0.011922629150126941)	(70.0, 0.0014026622529561105)	(71.0, 0.002103993379434166)	(72.0, 0.0)	(73.0, 0.0)	(74.0, 0.0)	(75.0, 0.0)	(76.0, 0.0)	(77.0, 0.0)	(78.0, 0.0)	(79.0, 0.0)	(80.0, 0.0)	(81.0, 0.0)	(82.0, 0.0)	(83.0, 0.0)	(84.0, 0.0)	(85.0, 0.0)	(86.0, 0.0)	(87.0, 0.0)	(88.0, 0.0)	(89.0, 0.0)	(90.0, 0.0)	(91.0, 0.0)	(92.0, 0.0)	(93.0, 0.0)	(94.0, 0.0)	(95.0, 0.0)	(96.0, 0.0)	(97.0, 0.0)	(98.0, 0.0)	(99.0, 0.0)	(100.0, 0.0)
3971R_L_F_NS1_week6_S10_L001_R2_001	(0.0, 0.0)	(1.0, 0.0)	(2.0, 0.0)	(3.0, 0.0)	(4.0, 0.0)	(5.0, 0.0)	(6.0, 0.0)	(7.0, 0.0)	(8.0, 0.0)	(9.0, 0.0)	(10.0, 0.0)	(11.0, 0.0)	(12.0, 0.0)	(13.0, 0.0)	(14.0, 0.0)	(15.0, 0.0)	(16.0, 0.0)	(17.0, 0.0)	(18.0, 0.0)	(19.0, 0.0)	(20.0, 0.0)	(21.0, 0.0)	(22.0, 0.0006777639212709428)	(23.0, 0.0)	(24.0, 0.0)	(25.0, 0.0)	(26.0, 0.0)	(27.0, 0.0)	(28.0, 0.0)	(29.0, 0.0)	(30.0, 0.0)	(31.0, 0.0)	(32.0, 0.0)	(33.0, 0.0)	(34.0, 0.0006777639212709428)	(35.0, 0.0006777639212709428)	(36.0, 0.0006777639212709428)	(37.0, 0.0006777639212709428)	(38.0, 0.004066583527625657)	(39.0, 0.005422111370167543)	(40.0, 0.008133167055251314)	(41.0, 0.010844222740335085)	(42.0, 0.019655153716857346)	(43.0, 0.028466084693379606)	(44.0, 0.04676571056769506)	(45.0, 0.0914981293715773)	(46.0, 0.16537439679011007)	(47.0, 0.41479151981781703)	(48.0, 5.657295450848561)	(49.0, 12.561676516835657)	(50.0, 16.7638128287155)	(51.0, 13.850783495092989)	(52.0, 3.4579515263243508)	(53.0, 6.338448191725858)	(54.0, 7.205986010952666)	(55.0, 4.985631404869055)	(56.0, 14.7135769668709)	(57.0, 9.743534132191076)	(58.0, 2.04142493086808)	(59.0, 0.6316759746245187)	(60.0, 0.2873719026188798)	(61.0, 0.15859675757740063)	(62.0, 0.1280973811202082)	(63.0, 0.1104755191671637)	(64.0, 0.07184297565471995)	(65.0, 0.0616765168356558)	(66.0, 0.05828769722930109)	(67.0, 0.09963129642682862)	(68.0, 0.1328417285691048)	(69.0, 0.0616765168356558)	(70.0, 0.03185490429973432)	(71.0, 0.015588570189231687)	(72.0, 0.010166458819064144)	(73.0, 0.004066583527625657)	(74.0, 0.0027110556850837714)	(75.0, 0.0027110556850837714)	(76.0, 0.0020332917638128285)	(77.0, 0.0020332917638128285)	(78.0, 0.003388819606354714)	(79.0, 0.0013555278425418857)	(80.0, 0.0)	(81.0, 0.0006777639212709428)	(82.0, 0.0020332917638128285)	(83.0, 0.0)	(84.0, 0.0006777639212709428)	(85.0, 0.0)	(86.0, 0.0)	(87.0, 0.0)	(88.0, 0.0)	(89.0, 0.0)	(90.0, 0.0)	(91.0, 0.0)	(92.0, 0.0)	(93.0, 0.0)	(94.0, 0.0)	(95.0, 0.0)	(96.0, 0.0)	(97.0, 0.0)	(98.0, 0.0)	(99.0, 0.0)	(100.0, 0.0)
3971R_L_F_NS1_week7_S11_L001_R1_001	(0.0, 0.0)	(1.0, 0.0)	(2.0, 0.0)	(3.0, 0.0)	(4.0, 0.0)	(5.0, 0.0)	(6.0, 0.0)	(7.0, 0.0)	(8.0, 0.0)	(9.0, 0.0)	(10.0, 0.0)	(11.0, 0.0)	(12.0, 0.0)	(13.0, 0.0)	(14.0, 0.0)	(15.0, 0.0)	(16.0, 0.0)	(17.0, 0.0)	(18.0, 0.0)	(19.0, 0.0)	(20.0, 0.0)	(21.0, 0.0)	(22.0, 0.0)	(23.0, 0.0)	(24.0, 0.0007750435962022864)	(25.0, 0.0)	(26.0, 0.0)	(27.0, 0.0)	(28.0, 0.0007750435962022864)	(29.0, 0.0)	(30.0, 0.0)	(31.0, 0.0007750435962022864)	(32.0, 0.0015500871924045729)	(33.0, 0.0)	(34.0, 0.0)	(35.0, 0.0)	(36.0, 0.0015500871924045729)	(37.0, 0.0)	(38.0, 0.0007750435962022864)	(39.0, 0.0)	(40.0, 0.002325130788606859)	(41.0, 0.0031001743848091457)	(42.0, 0.004650261577213718)	(43.0, 0.0069753923658205765)	(44.0, 0.013950784731641153)	(45.0, 0.041077310598721176)	(46.0, 0.5665568688238714)	(47.0, 12.306917264096105)	(48.0, 14.860685913582639)	(49.0, 22.14144545630692)	(50.0, 4.353419879868243)	(51.0, 1.7539236582057742)	(52.0, 0.5262546018213524)	(53.0, 5.473357876380546)	(54.0, 27.335787638054644)	(55.0, 9.17651617903507)	(56.0, 0.46657624491377636)	(57.0, 0.1472582832784344)	(58.0, 0.06587870567719435)	(59.0, 0.20771168378221275)	(60.0, 0.09145514435186979)	(61.0, 0.05580313892656461)	(62.0, 0.020151133501259445)	(63.0, 0.004650261577213718)	(64.0, 0.003875217981011432)	(65.0, 0.0031001743848091457)	(66.0, 0.04417748498353032)	(67.0, 0.23638829684169738)	(68.0, 0.0627785312923852)	(69.0, 0.012400697539236583)	(70.0, 0.0015500871924045729)	(71.0, 0.0015500871924045729)	(72.0, 0.0007750435962022864)	(73.0, 0.0007750435962022864)	(74.0, 0.0)	(75.0, 0.0)	(76.0, 0.0)	(77.0, 0.0)	(78.0, 0.0)	(79.0, 0.0)	(80.0, 0.0)	(81.0, 0.0)	(82.0, 0.0)	(83.0, 0.0)	(84.0, 0.0)	(85.0, 0.0)	(86.0, 0.0)	(87.0, 0.0)	(88.0, 0.0)	(89.0, 0.0)	(90.0, 0.0)	(91.0, 0.0)	(92.0, 0.0)	(93.0, 0.0)	(94.0, 0.0)	(95.0, 0.0)	(96.0, 0.0)	(97.0, 0.0)	(98.0, 0.0)	(99.0, 0.0)	(100.0, 0.0)
3971R_L_F_NS1_week7_S11_L001_R2_001	(0.0, 0.0)	(1.0, 0.0)	(2.0, 0.0)	(3.0, 0.0)	(4.0, 0.0)	(5.0, 0.0)	(6.0, 0.0)	(7.0, 0.0)	(8.0, 0.0)	(9.0, 0.0)	(10.0, 0.0)	(11.0, 0.0)	(12.0, 0.0)	(13.0, 0.0)	(14.0, 0.0)	(15.0, 0.0)	(16.0, 0.0)	(17.0, 0.0)	(18.0, 0.0)	(19.0, 0.0)	(20.0, 0.0)	(21.0, 0.0)	(22.0, 0.0)	(23.0, 0.0)	(24.0, 0.0)	(25.0, 0.0)	(26.0, 0.0)	(27.0, 0.0)	(28.0, 0.0)	(29.0, 0.0)	(30.0, 0.0)	(31.0, 0.0)	(32.0, 0.0007509029608103745)	(33.0, 0.0)	(34.0, 0.0)	(35.0, 0.0)	(36.0, 0.0007509029608103745)	(37.0, 0.0007509029608103745)	(38.0, 0.0007509029608103745)	(39.0, 0.005256320725672621)	(40.0, 0.005256320725672621)	(41.0, 0.00825993256891412)	(42.0, 0.01651986513782824)	(43.0, 0.031537924354035726)	(44.0, 0.04280146876619135)	(45.0, 0.06307584870807145)	(46.0, 0.12540079445533253)	(47.0, 0.36343703303222125)	(48.0, 5.881822892027663)	(49.0, 13.903719222364893)	(50.0, 17.279778934168338)	(51.0, 13.355560060973321)	(52.0, 4.227583669362408)	(53.0, 7.81915253091843)	(54.0, 6.37441523431927)	(55.0, 4.1134464193192315)	(56.0, 14.113221148430988)	(57.0, 8.755528523048966)	(58.0, 1.7496038986881723)	(59.0, 0.5571699969212979)	(60.0, 0.23428172377283682)	(61.0, 0.1411697566323504)	(62.0, 0.13516253294586741)	(63.0, 0.10737912339588356)	(64.0, 0.06833216943374408)	(65.0, 0.059321333904019585)	(66.0, 0.058570430943209205)	(67.0, 0.10888092931750432)	(68.0, 0.15093149512288528)	(69.0, 0.07734300496346856)	(70.0, 0.031537924354035726)	(71.0, 0.010512641451345242)	(72.0, 0.00825993256891412)	(73.0, 0.004505417764862247)	(74.0, 0.0022527088824311234)	(75.0, 0.001501805921620749)	(76.0, 0.0007509029608103745)	(77.0, 0.0)	(78.0, 0.0007509029608103745)	(79.0, 0.0022527088824311234)	(80.0, 0.0)	(81.0, 0.0)	(82.0, 0.0007509029608103745)	(83.0, 0.0)	(84.0, 0.0)	(85.0, 0.0)	(86.0, 0.0)	(87.0, 0.0)	(88.0, 0.0)	(89.0, 0.0)	(90.0, 0.0)	(91.0, 0.0)	(92.0, 0.0)	(93.0, 0.0)	(94.0, 0.0)	(95.0, 0.0)	(96.0, 0.0)	(97.0, 0.0)	(98.0, 0.0)	(99.0, 0.0)	(100.0, 0.0)
3971R_L_F_NS1_week9_S12_L001_R1_001	(0.0, 0.0)	(1.0, 0.0)	(2.0, 0.0)	(3.0, 0.0)	(4.0, 0.0)	(5.0, 0.0)	(6.0, 0.0)	(7.0, 0.0)	(8.0, 0.0)	(9.0, 0.0)	(10.0, 0.0)	(11.0, 0.0)	(12.0, 0.0)	(13.0, 0.0)	(14.0, 0.0)	(15.0, 0.0)	(16.0, 0.0)	(17.0, 0.0)	(18.0, 0.0)	(19.0, 0.0)	(20.0, 0.0)	(21.0, 0.0)	(22.0, 0.0)	(23.0, 0.0)	(24.0, 0.0007185095238437386)	(25.0, 0.0)	(26.0, 0.0007185095238437386)	(27.0, 0.0)	(28.0, 0.0)	(29.0, 0.0007185095238437386)	(30.0, 0.0007185095238437386)	(31.0, 0.0007185095238437386)	(32.0, 0.002155528571531216)	(33.0, 0.0014370190476874771)	(34.0, 0.0007185095238437386)	(35.0, 0.002155528571531216)	(36.0, 0.0035925476192186926)	(37.0, 0.0028740380953749542)	(38.0, 0.0007185095238437386)	(39.0, 0.0035925476192186926)	(40.0, 0.0035925476192186926)	(41.0, 0.0028740380953749542)	(42.0, 0.007903604762281125)	(43.0, 0.012933171429187294)	(44.0, 0.025866342858374587)	(45.0, 0.06394734762209273)	(46.0, 0.6739619333654268)	(47.0, 14.234392176868305)	(48.0, 16.371239500779584)	(49.0, 22.44192646773533)	(50.0, 4.763718143083986)	(51.0, 1.9083612953289697)	(52.0, 0.4346982619254618)	(53.0, 4.8499392859452355)	(54.0, 22.97793457252276)	(55.0, 9.838550909992312)	(56.0, 0.505830704785992)	(57.0, 0.13292426191109163)	(58.0, 0.05676225238365535)	(59.0, 0.1918420428662782)	(60.0, 0.0783175380989675)	(61.0, 0.05748076190749908)	(62.0, 0.022273795239155895)	(63.0, 0.002155528571531216)	(64.0, 0.0014370190476874771)	(65.0, 0.004311057143062432)	(66.0, 0.04454759047831179)	(67.0, 0.20836776191468417)	(68.0, 0.051732685716749174)	(69.0, 0.009340623809968602)	(70.0, 0.0)	(71.0, 0.0)	(72.0, 0.0)	(73.0, 0.0)	(74.0, 0.0)	(75.0, 0.0)	(76.0, 0.0)	(77.0, 0.0)	(78.0, 0.0)	(79.0, 0.0)	(80.0, 0.0)	(81.0, 0.0)	(82.0, 0.0)	(83.0, 0.0)	(84.0, 0.0)	(85.0, 0.0)	(86.0, 0.0)	(87.0, 0.0)	(88.0, 0.0)	(89.0, 0.0)	(90.0, 0.0)	(91.0, 0.0)	(92.0, 0.0)	(93.0, 0.0)	(94.0, 0.0)	(95.0, 0.0)	(96.0, 0.0)	(97.0, 0.0)	(98.0, 0.0)	(99.0, 0.0)	(100.0, 0.0)
3971R_L_F_NS1_week9_S12_L001_R2_001	(0.0, 0.0)	(1.0, 0.0)	(2.0, 0.0)	(3.0, 0.0)	(4.0, 0.0)	(5.0, 0.0)	(6.0, 0.0)	(7.0, 0.0)	(8.0, 0.0)	(9.0, 0.0)	(10.0, 0.0)	(11.0, 0.0)	(12.0, 0.0)	(13.0, 0.0)	(14.0, 0.0)	(15.0, 0.0)	(16.0, 0.0)	(17.0, 0.0)	(18.0, 0.0)	(19.0, 0.0)	(20.0, 0.0)	(21.0, 0.0)	(22.0, 0.0)	(23.0, 0.0)	(24.0, 0.0)	(25.0, 0.0)	(26.0, 0.0)	(27.0, 0.0)	(28.0, 0.0)	(29.0, 0.000703995644613612)	(30.0, 0.0)	(31.0, 0.0)	(32.0, 0.001407991289227224)	(33.0, 0.000703995644613612)	(34.0, 0.0)	(35.0, 0.000703995644613612)	(36.0, 0.0)	(37.0, 0.001407991289227224)	(38.0, 0.002815982578454448)	(39.0, 0.006335960801522507)	(40.0, 0.012671921603045014)	(41.0, 0.012671921603045014)	(42.0, 0.02182386498302197)	(43.0, 0.0295678170737717)	(44.0, 0.04857569947833922)	(45.0, 0.07391954268442925)	(46.0, 0.13305517683197265)	(47.0, 0.3766376698682824)	(48.0, 6.457048052396049)	(49.0, 15.316833239858354)	(50.0, 18.65658857790533)	(51.0, 14.260135777293323)	(52.0, 4.062054869420541)	(53.0, 8.29306869354835)	(54.0, 9.324422312907291)	(55.0, 4.173286181269491)	(56.0, 9.921410619539634)	(57.0, 6.053658548032449)	(58.0, 1.2615601951475925)	(59.0, 0.4667491123788247)	(60.0, 0.188670832756448)	(61.0, 0.13868714198888155)	(62.0, 0.1182712682950868)	(63.0, 0.0703995644613612)	(64.0, 0.0647675993044523)	(65.0, 0.05561565592447534)	(66.0, 0.04435172561065755)	(67.0, 0.09785539460129206)	(68.0, 0.13657515505504073)	(69.0, 0.06547159494906592)	(70.0, 0.02111986933840836)	(71.0, 0.007743952090749732)	(72.0, 0.00351997822306806)	(73.0, 0.0021119869338408355)	(74.0, 0.00351997822306806)	(75.0, 0.002815982578454448)	(76.0, 0.000703995644613612)	(77.0, 0.0)	(78.0, 0.000703995644613612)	(79.0, 0.001407991289227224)	(80.0, 0.000703995644613612)	(81.0, 0.0)	(82.0, 0.0)	(83.0, 0.0)	(84.0, 0.001407991289227224)	(85.0, 0.0)	(86.0, 0.000703995644613612)	(87.0, 0.000703995644613612)	(88.0, 0.000703995644613612)	(89.0, 0.000703995644613612)	(90.0, 0.0)	(91.0, 0.0)	(92.0, 0.0)	(93.0, 0.0)	(94.0, 0.0)	(95.0, 0.0)	(96.0, 0.0)	(97.0, 0.0)	(98.0, 0.0)	(99.0, 0.0)	(100.0, 0.0009386608594848158)
3975R_0_F_NS1_week9_S13_L001_R1_001	(0.0, 0.0)	(1.0, 0.0)	(2.0, 0.0)	(3.0, 0.0)	(4.0, 0.0)	(5.0, 0.0)	(6.0, 0.0)	(7.0, 0.0)	(8.0, 0.0)	(9.0, 0.0)	(10.0, 0.0)	(11.0, 0.0)	(12.0, 0.0)	(13.0, 0.0)	(14.0, 0.0)	(15.0, 0.0)	(16.0, 0.0)	(17.0, 0.0)	(18.0, 0.0)	(19.0, 0.0)	(20.0, 0.0)	(21.0, 0.0)	(22.0, 0.0)	(23.0, 0.0)	(24.0, 0.0)	(25.0, 0.0)	(26.0, 0.0005739309101970305)	(27.0, 0.0)	(28.0, 0.0034435854611821826)	(29.0, 0.0028696545509851526)	(30.0, 0.0034435854611821826)	(31.0, 0.002295723640788122)	(32.0, 0.0017217927305910913)	(33.0, 0.002295723640788122)	(34.0, 0.0040175163713792135)	(35.0, 0.00975682547334952)	(36.0, 0.008035032742758427)	(37.0, 0.007461101832561396)	(38.0, 0.010330756383546549)	(39.0, 0.009182894563152489)	(40.0, 0.009182894563152489)	(41.0, 0.012052549114137641)	(42.0, 0.012626480024334669)	(43.0, 0.018939720036502006)	(44.0, 0.0338619237016248)	(45.0, 0.09068108381113082)	(46.0, 1.1254785148963768)	(47.0, 18.96784265110166)	(48.0, 17.464717597295635)	(49.0, 20.907155196657428)	(50.0, 6.48427142340605)	(51.0, 2.700344932477029)	(52.0, 0.4866934118470818)	(53.0, 3.4837606248959747)	(54.0, 19.051062633080228)	(55.0, 7.900158978862125)	(56.0, 0.43618749174974314)	(57.0, 0.12339514569236155)	(58.0, 0.05394950555852086)	(59.0, 0.13257804025551403)	(60.0, 0.05165378191773274)	(61.0, 0.0264008218690634)	(62.0, 0.014922203665122792)	(63.0, 0.006887170922364365)	(64.0, 0.0028696545509851526)	(65.0, 0.004591447281576244)	(66.0, 0.04304481826477729)	(67.0, 0.20604119676073396)	(68.0, 0.06542812376246147)	(69.0, 0.012626480024334669)	(70.0, 0.0040175163713792135)	(71.0, 0.0005739309101970305)	(72.0, 0.0005739309101970305)	(73.0, 0.0)	(74.0, 0.0)	(75.0, 0.0)	(76.0, 0.0)	(77.0, 0.0)	(78.0, 0.0)	(79.0, 0.0)	(80.0, 0.0)	(81.0, 0.0)	(82.0, 0.0)	(83.0, 0.0)	(84.0, 0.0)	(85.0, 0.0)	(86.0, 0.0)	(87.0, 0.0)	(88.0, 0.0)	(89.0, 0.0)	(90.0, 0.0)	(91.0, 0.0)	(92.0, 0.0)	(93.0, 0.0)	(94.0, 0.0)	(95.0, 0.0)	(96.0, 0.0)	(97.0, 0.0)	(98.0, 0.0)	(99.0, 0.0)	(100.0, 0.0)
3975R_0_F_NS1_week9_S13_L001_R2_001	(0.0, 0.0)	(1.0, 0.0)	(2.0, 0.0)	(3.0, 0.0)	(4.0, 0.0)	(5.0, 0.0)	(6.0, 0.0)	(7.0, 0.0)	(8.0, 0.0)	(9.0, 0.0)	(10.0, 0.0)	(11.0, 0.0)	(12.0, 0.0)	(13.0, 0.0)	(14.0, 0.0)	(15.0, 0.0)	(16.0, 0.0)	(17.0, 0.0)	(18.0, 0.0)	(19.0, 0.0)	(20.0, 0.0)	(21.0, 0.0)	(22.0, 0.0)	(23.0, 0.0)	(24.0, 0.0)	(25.0, 0.0)	(26.0, 0.0)	(27.0, 0.0)	(28.0, 0.0)	(29.0, 0.0)	(30.0, 0.0)	(31.0, 0.0)	(32.0, 0.0)	(33.0, 0.0)	(34.0, 0.0005628053218871237)	(35.0, 0.0011256106437742474)	(36.0, 0.0011256106437742474)	(37.0, 0.002251221287548495)	(38.0, 0.002251221287548495)	(39.0, 0.005065247896984113)	(40.0, 0.006753663862645485)	(41.0, 0.017446964978500838)	(42.0, 0.03207990334756605)	(43.0, 0.036582345922663045)	(44.0, 0.06190858540758361)	(45.0, 0.12381717081516722)	(46.0, 0.21724285424842976)	(47.0, 0.5436699409429615)	(48.0, 8.139290565131583)	(49.0, 18.824149601158627)	(50.0, 19.501767208710724)	(51.0, 11.673145181260832)	(52.0, 3.3002904075460937)	(53.0, 7.156069667794779)	(54.0, 8.095391750024387)	(55.0, 3.640787627287803)	(56.0, 9.723587546243836)	(57.0, 6.220124417496491)	(58.0, 1.2882613817996262)	(59.0, 0.40184299982740634)	(60.0, 0.19979588926992892)	(61.0, 0.1300080293559256)	(62.0, 0.08723482489250418)	(63.0, 0.07935555038608445)	(64.0, 0.05121528429172826)	(65.0, 0.03995917785398578)	(66.0, 0.04389881510719565)	(67.0, 0.09117446214571405)	(68.0, 0.13563608257479684)	(69.0, 0.0709134705577776)	(70.0, 0.020823796909823576)	(71.0, 0.01069330111585535)	(72.0, 0.0033768319313227423)	(73.0, 0.0028140266094356186)	(74.0, 0.002251221287548495)	(75.0, 0.0011256106437742474)	(76.0, 0.0028140266094356186)	(77.0, 0.0005628053218871237)	(78.0, 0.0)	(79.0, 0.0005628053218871237)	(80.0, 0.0028140266094356186)	(81.0, 0.0011256106437742474)	(82.0, 0.0)	(83.0, 0.0005628053218871237)	(84.0, 0.0)	(85.0, 0.0005628053218871237)	(86.0, 0.0011256106437742474)	(87.0, 0.0005628053218871237)	(88.0, 0.0)	(89.0, 0.0)	(90.0, 0.0005628053218871237)	(91.0, 0.0)	(92.0, 0.0)	(93.0, 0.0)	(94.0, 0.0)	(95.0, 0.0)	(96.0, 0.0005628053218871237)	(97.0, 0.0)	(98.0, 0.0)	(99.0, 0.0005628053218871237)	(100.0, 0.0007504070958494983)
3975R_R_F_NS1_week5_S14_L001_R1_001	(0.0, 0.0)	(1.0, 0.0)	(2.0, 0.0)	(3.0, 0.0)	(4.0, 0.0)	(5.0, 0.0)	(6.0, 0.0)	(7.0, 0.0)	(8.0, 0.0)	(9.0, 0.0)	(10.0, 0.0)	(11.0, 0.0)	(12.0, 0.0)	(13.0, 0.0)	(14.0, 0.0)	(15.0, 0.0)	(16.0, 0.0)	(17.0, 0.0)	(18.0, 0.0)	(19.0, 0.0)	(20.0, 0.0)	(21.0, 0.0)	(22.0, 0.0)	(23.0, 0.0)	(24.0, 0.0)	(25.0, 0.0)	(26.0, 0.0)	(27.0, 0.0014407664877714944)	(28.0, 0.0007203832438857472)	(29.0, 0.003601916219428736)	(30.0, 0.003601916219428736)	(31.0, 0.003601916219428736)	(32.0, 0.00504268270720023)	(33.0, 0.006483449194971725)	(34.0, 0.005763065951085978)	(35.0, 0.00504268270720023)	(36.0, 0.003601916219428736)	(37.0, 0.00504268270720023)	(38.0, 0.006483449194971725)	(39.0, 0.006483449194971725)	(40.0, 0.00792421568274322)	(41.0, 0.01584843136548644)	(42.0, 0.013687281633829198)	(43.0, 0.014407664877714945)	(44.0, 0.02089111407268667)	(45.0, 0.05258797680365955)	(46.0, 0.5366855166948817)	(47.0, 11.456254727515038)	(48.0, 13.60731909375788)	(49.0, 22.164031264632786)	(50.0, 3.882145301300292)	(51.0, 1.5372978424521846)	(52.0, 0.575586211864712)	(53.0, 4.42459388394626)	(54.0, 28.34924179663581)	(55.0, 11.717753845045564)	(56.0, 0.6454633865216295)	(57.0, 0.17361236177646508)	(58.0, 0.07564024060800346)	(59.0, 0.2456506861650398)	(60.0, 0.1037351871195476)	(61.0, 0.048265677340345065)	(62.0, 0.01800958109714368)	(63.0, 0.002881532975542989)	(64.0, 0.002161149731657242)	(65.0, 0.006483449194971725)	(66.0, 0.02881532975542989)	(67.0, 0.15488239743543564)	(68.0, 0.05114721031588805)	(69.0, 0.008644598926628968)	(70.0, 0.0)	(71.0, 0.0007203832438857472)	(72.0, 0.0)	(73.0, 0.0)	(74.0, 0.0)	(75.0, 0.0)	(76.0, 0.0)	(77.0, 0.0)	(78.0, 0.0)	(79.0, 0.0)	(80.0, 0.0)	(81.0, 0.0)	(82.0, 0.0)	(83.0, 0.0)	(84.0, 0.0)	(85.0, 0.0007203832438857472)	(86.0, 0.0)	(87.0, 0.0)	(88.0, 0.0)	(89.0, 0.0)	(90.0, 0.0)	(91.0, 0.0)	(92.0, 0.0)	(93.0, 0.0)	(94.0, 0.0)	(95.0, 0.0)	(96.0, 0.0)	(97.0, 0.0)	(98.0, 0.0)	(99.0, 0.0)	(100.0, 0.0)
3975R_R_F_NS1_week5_S14_L001_R2_001	(0.0, 0.0)	(1.0, 0.0)	(2.0, 0.0)	(3.0, 0.0)	(4.0, 0.0)	(5.0, 0.0)	(6.0, 0.0)	(7.0, 0.0)	(8.0, 0.0)	(9.0, 0.0)	(10.0, 0.0)	(11.0, 0.0)	(12.0, 0.0)	(13.0, 0.0)	(14.0, 0.0)	(15.0, 0.0)	(16.0, 0.0)	(17.0, 0.0)	(18.0, 0.0)	(19.0, 0.0)	(20.0, 0.0)	(21.0, 0.0)	(22.0, 0.0)	(23.0, 0.0)	(24.0, 0.0)	(25.0, 0.0)	(26.0, 0.0)	(27.0, 0.0)	(28.0, 0.0)	(29.0, 0.0)	(30.0, 0.0)	(31.0, 0.0)	(32.0, 0.0)	(33.0, 0.0)	(34.0, 0.0)	(35.0, 0.0)	(36.0, 0.0)	(37.0, 0.0)	(38.0, 0.0014043497392590653)	(39.0, 0.005617398957036261)	(40.0, 0.007021748696295326)	(41.0, 0.011936972783702053)	(42.0, 0.014043497392590651)	(43.0, 0.03300221887258803)	(44.0, 0.04493919165629009)	(45.0, 0.08285663461628484)	(46.0, 0.12779582627257494)	(47.0, 0.3531939594236549)	(48.0, 4.893456666448213)	(49.0, 11.576054900712474)	(50.0, 17.75659810319162)	(51.0, 14.359476083923942)	(52.0, 3.644989748246904)	(53.0, 6.296402055968018)	(54.0, 5.698149067043657)	(55.0, 4.083849041765362)	(56.0, 16.598009568302892)	(57.0, 10.567731787924465)	(58.0, 2.0454353952308284)	(59.0, 0.6319573826665793)	(60.0, 0.268932975068111)	(61.0, 0.17835241688590128)	(62.0, 0.14043497392590654)	(63.0, 0.08777185870369157)	(64.0, 0.0624935633970284)	(65.0, 0.05898268904888074)	(66.0, 0.0582805141792512)	(67.0, 0.09128273305183923)	(68.0, 0.11094362940146614)	(69.0, 0.05547181470073307)	(70.0, 0.023873945567404107)	(71.0, 0.009128273305183924)	(72.0, 0.007723923565924858)	(73.0, 0.0021065246088885978)	(74.0, 0.0028086994785181305)	(75.0, 0.0007021748696295326)	(76.0, 0.0)	(77.0, 0.0014043497392590653)	(78.0, 0.0007021748696295326)	(79.0, 0.0014043497392590653)	(80.0, 0.0)	(81.0, 0.0)	(82.0, 0.0)	(83.0, 0.0)	(84.0, 0.0007021748696295326)	(85.0, 0.0)	(86.0, 0.0)	(87.0, 0.0)	(88.0, 0.0)	(89.0, 0.0)	(90.0, 0.0)	(91.0, 0.0)	(92.0, 0.0)	(93.0, 0.0)	(94.0, 0.0)	(95.0, 0.0)	(96.0, 0.0)	(97.0, 0.0)	(98.0, 0.0)	(99.0, 0.0007021748696295326)	(100.0, 0.0018724663190120869)
3975R_R_F_NS1_week6_S15_L001_R1_001	(0.0, 0.0)	(1.0, 0.0)	(2.0, 0.0)	(3.0, 0.0)	(4.0, 0.0)	(5.0, 0.0)	(6.0, 0.0)	(7.0, 0.0)	(8.0, 0.0)	(9.0, 0.0)	(10.0, 0.0)	(11.0, 0.0)	(12.0, 0.0)	(13.0, 0.0)	(14.0, 0.0)	(15.0, 0.0)	(16.0, 0.0)	(17.0, 0.0)	(18.0, 0.0)	(19.0, 0.0)	(20.0, 0.0)	(21.0, 0.0)	(22.0, 0.0)	(23.0, 0.0)	(24.0, 0.0007180503496905203)	(25.0, 0.0007180503496905203)	(26.0, 0.0014361006993810405)	(27.0, 0.0007180503496905203)	(28.0, 0.002872201398762081)	(29.0, 0.002154151049071561)	(30.0, 0.002872201398762081)	(31.0, 0.006462453147214683)	(32.0, 0.007180503496905203)	(33.0, 0.0035902517484526016)	(34.0, 0.005026352447833642)	(35.0, 0.007898553846595723)	(36.0, 0.007898553846595723)	(37.0, 0.007898553846595723)	(38.0, 0.014361006993810406)	(39.0, 0.015797107693191446)	(40.0, 0.006462453147214683)	(41.0, 0.009334654545976765)	(42.0, 0.015797107693191446)	(43.0, 0.022259560840406128)	(44.0, 0.02656786293854925)	(45.0, 0.06247038042307526)	(46.0, 0.6060344951387991)	(47.0, 11.344477474760529)	(48.0, 13.124524291643331)	(49.0, 20.285640429106888)	(50.0, 3.672109488317321)	(51.0, 1.345626355320035)	(52.0, 0.5019171944336737)	(53.0, 3.7467867246851347)	(54.0, 31.837634454927983)	(55.0, 11.900248445420992)	(56.0, 0.63475650912642)	(57.0, 0.18310283917108267)	(58.0, 0.08185773986471932)	(59.0, 0.1558169258828429)	(60.0, 0.07324113566843307)	(61.0, 0.04739132307957434)	(62.0, 0.02082346014102509)	(63.0, 0.0035902517484526016)	(64.0, 0.002154151049071561)	(65.0, 0.004308302098143122)	(66.0, 0.03231226573607341)	(67.0, 0.11417000560079273)	(68.0, 0.038774718883288095)	(69.0, 0.009334654545976765)	(70.0, 0.002154151049071561)	(71.0, 0.0007180503496905203)	(72.0, 0.0)	(73.0, 0.0)	(74.0, 0.0)	(75.0, 0.0)	(76.0, 0.0)	(77.0, 0.0)	(78.0, 0.0)	(79.0, 0.0)	(80.0, 0.0)	(81.0, 0.0)	(82.0, 0.0)	(83.0, 0.0)	(84.0, 0.0)	(85.0, 0.0)	(86.0, 0.0)	(87.0, 0.0)	(88.0, 0.0)	(89.0, 0.0)	(90.0, 0.0)	(91.0, 0.0)	(92.0, 0.0)	(93.0, 0.0)	(94.0, 0.0)	(95.0, 0.0)	(96.0, 0.0)	(97.0, 0.0)	(98.0, 0.0)	(99.0, 0.0)	(100.0, 0.0)
3975R_R_F_NS1_week6_S15_L001_R2_001	(0.0, 0.0)	(1.0, 0.0)	(2.0, 0.0)	(3.0, 0.0)	(4.0, 0.0)	(5.0, 0.0)	(6.0, 0.0)	(7.0, 0.0)	(8.0, 0.0)	(9.0, 0.0)	(10.0, 0.0)	(11.0, 0.0)	(12.0, 0.0)	(13.0, 0.0)	(14.0, 0.0)	(15.0, 0.0)	(16.0, 0.0)	(17.0, 0.0)	(18.0, 0.0)	(19.0, 0.0)	(20.0, 0.0)	(21.0, 0.0)	(22.0, 0.0)	(23.0, 0.0)	(24.0, 0.0)	(25.0, 0.0)	(26.0, 0.0)	(27.0, 0.0)	(28.0, 0.0)	(29.0, 0.0)	(30.0, 0.0)	(31.0, 0.0)	(32.0, 0.0)	(33.0, 0.0)	(34.0, 0.0006933690803614764)	(35.0, 0.0)	(36.0, 0.0)	(37.0, 0.0006933690803614764)	(38.0, 0.0006933690803614764)	(39.0, 0.0034668454018073817)	(40.0, 0.009013798044699192)	(41.0, 0.013867381607229527)	(42.0, 0.01733422700903691)	(43.0, 0.03882866850024268)	(44.0, 0.07211038435759354)	(45.0, 0.07973744424156978)	(46.0, 0.17056879376892317)	(47.0, 0.42850209166339237)	(48.0, 5.212748746157579)	(49.0, 12.16793399126355)	(50.0, 15.974530242448054)	(51.0, 12.766311507615502)	(52.0, 2.911456768437839)	(53.0, 5.250884045577461)	(54.0, 5.726535234705434)	(55.0, 4.503432176947789)	(56.0, 18.63082718931287)	(57.0, 11.894053204520766)	(58.0, 2.238888760487207)	(59.0, 0.6503801973790648)	(60.0, 0.31756303880555614)	(61.0, 0.19136986617976748)	(62.0, 0.14006055423301825)	(63.0, 0.11579263642036655)	(64.0, 0.08667113504518455)	(65.0, 0.06309658631289435)	(66.0, 0.056856264589641055)	(67.0, 0.08736450412554603)	(68.0, 0.08875124228626897)	(69.0, 0.04506899022349596)	(70.0, 0.018027596089398384)	(71.0, 0.005546952642891811)	(72.0, 0.006240321723253287)	(73.0, 0.0006933690803614764)	(74.0, 0.0)	(75.0, 0.0006933690803614764)	(76.0, 0.0013867381607229527)	(77.0, 0.0)	(78.0, 0.002080107241084429)	(79.0, 0.0)	(80.0, 0.0013867381607229527)	(81.0, 0.0006933690803614764)	(82.0, 0.0006933690803614764)	(83.0, 0.0006933690803614764)	(84.0, 0.0006933690803614764)	(85.0, 0.0006933690803614764)	(86.0, 0.0)	(87.0, 0.0)	(88.0, 0.0006933690803614764)	(89.0, 0.0006933690803614764)	(90.0, 0.0)	(91.0, 0.0006933690803614764)	(92.0, 0.0)	(93.0, 0.0)	(94.0, 0.0006933690803614764)	(95.0, 0.0)	(96.0, 0.0)	(97.0, 0.0)	(98.0, 0.0)	(99.0, 0.0006933690803614764)	(100.0, 0.0009244921071486351)
3975R_R_F_NS1_week7_S16_L001_R1_001	(0.0, 0.0)	(1.0, 0.0)	(2.0, 0.0)	(3.0, 0.0)	(4.0, 0.0)	(5.0, 0.0)	(6.0, 0.0)	(7.0, 0.0)	(8.0, 0.0)	(9.0, 0.0)	(10.0, 0.0)	(11.0, 0.0)	(12.0, 0.0)	(13.0, 0.0)	(14.0, 0.0)	(15.0, 0.0)	(16.0, 0.0)	(17.0, 0.0)	(18.0, 0.0)	(19.0, 0.0)	(20.0, 0.0)	(21.0, 0.0)	(22.0, 0.0)	(23.0, 0.0)	(24.0, 0.0)	(25.0, 0.0)	(26.0, 0.0006644076805527872)	(27.0, 0.0)	(28.0, 0.0)	(29.0, 0.0)	(30.0, 0.0006644076805527872)	(31.0, 0.0)	(32.0, 0.0)	(33.0, 0.0)	(34.0, 0.0)	(35.0, 0.0026576307222111488)	(36.0, 0.00465085376386951)	(37.0, 0.0019932230416583614)	(38.0, 0.0019932230416583614)	(39.0, 0.0006644076805527872)	(40.0, 0.0053152614444222975)	(41.0, 0.0053152614444222975)	(42.0, 0.0053152614444222975)	(43.0, 0.012623745930502958)	(44.0, 0.021925453458241977)	(45.0, 0.05115939140256461)	(46.0, 0.6949704338582153)	(47.0, 18.644608331672313)	(48.0, 16.85801607866587)	(49.0, 10.550129559497707)	(50.0, 4.6727792173277525)	(51.0, 2.3187828051292274)	(52.0, 0.5448142980532855)	(53.0, 4.359178792106837)	(54.0, 30.649126303900072)	(55.0, 9.305029566141783)	(56.0, 0.49897016809514316)	(57.0, 0.15281376652714107)	(58.0, 0.07042721413859544)	(59.0, 0.16942395854096073)	(60.0, 0.07175602949970102)	(61.0, 0.037871237791508874)	(62.0, 0.019932230416583617)	(63.0, 0.0033220384027639357)	(64.0, 0.0006644076805527872)	(65.0, 0.0026576307222111488)	(66.0, 0.03189156866653378)	(67.0, 0.16809514317985516)	(68.0, 0.049166168360906246)	(69.0, 0.00930170752773902)	(70.0, 0.0006644076805527872)	(71.0, 0.0)	(72.0, 0.0)	(73.0, 0.0006644076805527872)	(74.0, 0.0)	(75.0, 0.0)	(76.0, 0.0)	(77.0, 0.0)	(78.0, 0.0)	(79.0, 0.0)	(80.0, 0.0)	(81.0, 0.0)	(82.0, 0.0)	(83.0, 0.0)	(84.0, 0.0)	(85.0, 0.0)	(86.0, 0.0)	(87.0, 0.0)	(88.0, 0.0)	(89.0, 0.0)	(90.0, 0.0)	(91.0, 0.0)	(92.0, 0.0)	(93.0, 0.0)	(94.0, 0.0)	(95.0, 0.0)	(96.0, 0.0)	(97.0, 0.0)	(98.0, 0.0)	(99.0, 0.0)	(100.0, 0.0)
3975R_R_F_NS1_week7_S16_L001_R2_001	(0.0, 0.0)	(1.0, 0.0)	(2.0, 0.0)	(3.0, 0.0)	(4.0, 0.0)	(5.0, 0.0)	(6.0, 0.0)	(7.0, 0.0)	(8.0, 0.0)	(9.0, 0.0)	(10.0, 0.0)	(11.0, 0.0)	(12.0, 0.0)	(13.0, 0.0)	(14.0, 0.0)	(15.0, 0.0)	(16.0, 0.0)	(17.0, 0.0)	(18.0, 0.0)	(19.0, 0.0)	(20.0, 0.0)	(21.0, 0.0)	(22.0, 0.0)	(23.0, 0.0)	(24.0, 0.0)	(25.0, 0.0)	(26.0, 0.0)	(27.0, 0.0)	(28.0, 0.0)	(29.0, 0.0)	(30.0, 0.0)	(31.0, 0.0)	(32.0, 0.0)	(33.0, 0.0)	(34.0, 0.0)	(35.0, 0.0)	(36.0, 0.0)	(37.0, 0.0006465043509742821)	(38.0, 0.004525530456819974)	(39.0, 0.005818539158768538)	(40.0, 0.011637078317537077)	(41.0, 0.014223095721434206)	(42.0, 0.027153182740919848)	(43.0, 0.040083269760405486)	(44.0, 0.06658994815035105)	(45.0, 0.09826866134809087)	(46.0, 0.17520267911403042)	(47.0, 0.5307800721498857)	(48.0, 7.911920247223264)	(49.0, 19.007874422994867)	(50.0, 13.069731959296085)	(51.0, 5.221815642819276)	(52.0, 2.7696246395738244)	(53.0, 6.4928431968347144)	(54.0, 5.8036695586961295)	(55.0, 4.32705362107087)	(56.0, 17.977346487541862)	(57.0, 11.964209519130064)	(58.0, 2.4922742730058576)	(59.0, 0.6755970467681248)	(60.0, 0.28510841877965837)	(61.0, 0.19136528788838747)	(62.0, 0.14546347896921347)	(63.0, 0.11637078317537078)	(64.0, 0.0969756526461423)	(65.0, 0.07370149601106815)	(66.0, 0.06788295685229961)	(67.0, 0.09438963524224518)	(68.0, 0.11831029622829362)	(69.0, 0.06529693944840248)	(70.0, 0.02262765228409987)	(71.0, 0.012283582668511359)	(72.0, 0.005818539158768538)	(73.0, 0.005172034807794257)	(74.0, 0.0019395130529228461)	(75.0, 0.0006465043509742821)	(76.0, 0.0006465043509742821)	(77.0, 0.0025860174038971283)	(78.0, 0.0025860174038971283)	(79.0, 0.0012930087019485642)	(80.0, 0.0006465043509742821)	(81.0, 0.0)	(82.0, 0.0)	(83.0, 0.0)	(84.0, 0.0)	(85.0, 0.0)	(86.0, 0.0)	(87.0, 0.0)	(88.0, 0.0)	(89.0, 0.0)	(90.0, 0.0)	(91.0, 0.0)	(92.0, 0.0)	(93.0, 0.0)	(94.0, 0.0)	(95.0, 0.0)	(96.0, 0.0)	(97.0, 0.0)	(98.0, 0.0)	(99.0, 0.0)	(100.0, 0.0)
3975R_R_F_NS1_week9_S17_L001_R1_001	(0.0, 0.0)	(1.0, 0.0)	(2.0, 0.0)	(3.0, 0.0)	(4.0, 0.0)	(5.0, 0.0)	(6.0, 0.0)	(7.0, 0.0)	(8.0, 0.0)	(9.0, 0.0)	(10.0, 0.0)	(11.0, 0.0)	(12.0, 0.0)	(13.0, 0.0)	(14.0, 0.0)	(15.0, 0.0)	(16.0, 0.0)	(17.0, 0.0)	(18.0, 0.0)	(19.0, 0.0)	(20.0, 0.0)	(21.0, 0.0)	(22.0, 0.0)	(23.0, 0.0)	(24.0, 0.0)	(25.0, 0.0)	(26.0, 0.0005745607483079186)	(27.0, 0.0005745607483079186)	(28.0, 0.0005745607483079186)	(29.0, 0.0005745607483079186)	(30.0, 0.0011491214966158371)	(31.0, 0.0011491214966158371)	(32.0, 0.0005745607483079186)	(33.0, 0.0017236822449237558)	(34.0, 0.0017236822449237558)	(35.0, 0.0011491214966158371)	(36.0, 0.0017236822449237558)	(37.0, 0.00402192523815543)	(38.0, 0.0034473644898475116)	(39.0, 0.00861841122461878)	(40.0, 0.009192971972926697)	(41.0, 0.006894728979695023)	(42.0, 0.006894728979695023)	(43.0, 0.011491214966158372)	(44.0, 0.023556990680624664)	(45.0, 0.05343414959263643)	(46.0, 0.7710605242292268)	(47.0, 13.048849154821141)	(48.0, 14.83171115682061)	(49.0, 18.997276582053022)	(50.0, 4.71771830435632)	(51.0, 1.821357572136102)	(52.0, 0.5349160566746722)	(53.0, 4.500534341495927)	(54.0, 28.356296611240705)	(55.0, 10.785079806487941)	(56.0, 0.5837537202808453)	(57.0, 0.17236822449237557)	(58.0, 0.06779816830033439)	(59.0, 0.19535065442469235)	(60.0, 0.08388586925295612)	(61.0, 0.05285958884432851)	(62.0, 0.017811383197545477)	(63.0, 0.0022982429932316742)	(64.0, 0.006320168231387105)	(65.0, 0.002872803741539593)	(66.0, 0.03849557013663055)	(67.0, 0.19535065442469235)	(68.0, 0.06205256081725521)	(69.0, 0.01206577571446629)	(70.0, 0.0022982429932316742)	(71.0, 0.0)	(72.0, 0.0005745607483079186)	(73.0, 0.0)	(74.0, 0.0)	(75.0, 0.0)	(76.0, 0.0)	(77.0, 0.0)	(78.0, 0.0)	(79.0, 0.0)	(80.0, 0.0)	(81.0, 0.0)	(82.0, 0.0)	(83.0, 0.0)	(84.0, 0.0)	(85.0, 0.0)	(86.0, 0.0)	(87.0, 0.0)	(88.0, 0.0)	(89.0, 0.0)	(90.0, 0.0)	(91.0, 0.0)	(92.0, 0.0)	(93.0, 0.0)	(94.0, 0.0)	(95.0, 0.0)	(96.0, 0.0)	(97.0, 0.0)	(98.0, 0.0)	(99.0, 0.0)	(100.0, 0.0)
3975R_R_F_NS1_week9_S17_L001_R2_001	(0.0, 0.0)	(1.0, 0.0)	(2.0, 0.0)	(3.0, 0.0)	(4.0, 0.0)	(5.0, 0.0)	(6.0, 0.0)	(7.0, 0.0)	(8.0, 0.0)	(9.0, 0.0)	(10.0, 0.0)	(11.0, 0.0)	(12.0, 0.0)	(13.0, 0.0)	(14.0, 0.0)	(15.0, 0.0)	(16.0, 0.0)	(17.0, 0.0)	(18.0, 0.0)	(19.0, 0.0)	(20.0, 0.0)	(21.0, 0.0)	(22.0, 0.0)	(23.0, 0.0)	(24.0, 0.0)	(25.0, 0.0)	(26.0, 0.0)	(27.0, 0.0)	(28.0, 0.0005604281671196795)	(29.0, 0.0)	(30.0, 0.0)	(31.0, 0.0)	(32.0, 0.0)	(33.0, 0.0)	(34.0, 0.0)	(35.0, 0.0)	(36.0, 0.001120856334239359)	(37.0, 0.001120856334239359)	(38.0, 0.002241712668478718)	(39.0, 0.004483425336957436)	(40.0, 0.005604281671196794)	(41.0, 0.005604281671196794)	(42.0, 0.011208563342393589)	(43.0, 0.023537983019026536)	(44.0, 0.044273825202454674)	(45.0, 0.056603244879087626)	(46.0, 0.10760220808697844)	(47.0, 0.337377756606047)	(48.0, 5.5482388544848265)	(49.0, 13.973715918962087)	(50.0, 16.66265026480231)	(51.0, 11.898450416117914)	(52.0, 3.4471936559531486)	(53.0, 7.226721215008267)	(54.0, 7.840950486171434)	(55.0, 4.6582789250987755)	(56.0, 15.461652702664836)	(57.0, 9.532322694538628)	(58.0, 1.7748760052680248)	(59.0, 0.46627623504357324)	(60.0, 0.18382043881525484)	(61.0, 0.11600863059377364)	(62.0, 0.0818225123994732)	(63.0, 0.0599658138818057)	(64.0, 0.0353069745285398)	(65.0, 0.03138397735870205)	(66.0, 0.03754868719701852)	(67.0, 0.10480006725138007)	(68.0, 0.13954661361280019)	(69.0, 0.06781180822148121)	(70.0, 0.023537983019026536)	(71.0, 0.01008770700815423)	(72.0, 0.003922997169837756)	(73.0, 0.0033625690027180763)	(74.0, 0.002241712668478718)	(75.0, 0.001120856334239359)	(76.0, 0.0005604281671196795)	(77.0, 0.0)	(78.0, 0.0005604281671196795)	(79.0, 0.0005604281671196795)	(80.0, 0.001120856334239359)	(81.0, 0.0)	(82.0, 0.0)	(83.0, 0.0005604281671196795)	(84.0, 0.0005604281671196795)	(85.0, 0.0005604281671196795)	(86.0, 0.0005604281671196795)	(87.0, 0.0)	(88.0, 0.0)	(89.0, 0.0)	(90.0, 0.0)	(91.0, 0.0)	(92.0, 0.0)	(93.0, 0.0)	(94.0, 0.0)	(95.0, 0.0)	(96.0, 0.0)	(97.0, 0.0)	(98.0, 0.0)	(99.0, 0.0)	(100.0, 0.0)
3980R_0_F_S2_week9_S51_L001_R1_001	(0.0, 0.0)	(1.0, 0.0)	(2.0, 0.0)	(3.0, 0.0)	(4.0, 0.0)	(5.0, 0.0)	(6.0, 0.0)	(7.0, 0.0)	(8.0, 0.0)	(9.0, 0.0)	(10.0, 0.0)	(11.0, 0.0)	(12.0, 0.0)	(13.0, 0.0)	(14.0, 0.0)	(15.0, 0.0)	(16.0, 0.0)	(17.0, 0.0)	(18.0, 0.0)	(19.0, 0.0)	(20.0, 0.0)	(21.0, 0.0)	(22.0, 0.0)	(23.0, 0.0)	(24.0, 0.0)	(25.0, 0.0)	(26.0, 0.0)	(27.0, 0.0)	(28.0, 0.0)	(29.0, 0.0)	(30.0, 0.0)	(31.0, 0.0)	(32.0, 0.0)	(33.0, 0.0)	(34.0, 0.0)	(35.0, 0.0)	(36.0, 0.0005900122722552629)	(37.0, 0.0011800245445105259)	(38.0, 0.0017700368167657887)	(39.0, 0.0011800245445105259)	(40.0, 0.0017700368167657887)	(41.0, 0.0005900122722552629)	(42.0, 0.0035400736335315774)	(43.0, 0.005310110450297366)	(44.0, 0.01652034362314736)	(45.0, 0.054281129047484195)	(46.0, 1.3853488152553572)	(47.0, 22.381525535731143)	(48.0, 6.1827386009628995)	(49.0, 2.2137260455017462)	(50.0, 5.4965543283300295)	(51.0, 4.190857169829132)	(52.0, 0.49030019824412346)	(53.0, 5.015104314169735)	(54.0, 38.373808175210044)	(55.0, 12.577291607665439)	(56.0, 0.6649438308316813)	(57.0, 0.19352402529972623)	(58.0, 0.08673180402152365)	(59.0, 0.27317568205418674)	(60.0, 0.14514301897479467)	(61.0, 0.09440196356084206)	(62.0, 0.023600490890210515)	(63.0, 0.0047200981780421035)	(64.0, 0.0011800245445105259)	(65.0, 0.0011800245445105259)	(66.0, 0.0159303313508921)	(67.0, 0.08142169357122629)	(68.0, 0.01652034362314736)	(69.0, 0.0029500613612763143)	(70.0, 0.0005900122722552629)	(71.0, 0.0)	(72.0, 0.0)	(73.0, 0.0)	(74.0, 0.0)	(75.0, 0.0)	(76.0, 0.0)	(77.0, 0.0)	(78.0, 0.0)	(79.0, 0.0)	(80.0, 0.0)	(81.0, 0.0)	(82.0, 0.0)	(83.0, 0.0)	(84.0, 0.0)	(85.0, 0.0)	(86.0, 0.0)	(87.0, 0.0)	(88.0, 0.0)	(89.0, 0.0)	(90.0, 0.0)	(91.0, 0.0)	(92.0, 0.0)	(93.0, 0.0)	(94.0, 0.0)	(95.0, 0.0)	(96.0, 0.0)	(97.0, 0.0)	(98.0, 0.0)	(99.0, 0.0)	(100.0, 0.0)
3980R_0_F_S2_week9_S51_L001_R2_001	(0.0, 0.0)	(1.0, 0.0)	(2.0, 0.0)	(3.0, 0.0)	(4.0, 0.0)	(5.0, 0.0)	(6.0, 0.0)	(7.0, 0.0)	(8.0, 0.0)	(9.0, 0.0)	(10.0, 0.0)	(11.0, 0.0)	(12.0, 0.0)	(13.0, 0.0)	(14.0, 0.0)	(15.0, 0.0)	(16.0, 0.0)	(17.0, 0.0)	(18.0, 0.0)	(19.0, 0.0)	(20.0, 0.0)	(21.0, 0.0)	(22.0, 0.0)	(23.0, 0.0)	(24.0, 0.0)	(25.0, 0.0)	(26.0, 0.0)	(27.0, 0.0)	(28.0, 0.0)	(29.0, 0.0)	(30.0, 0.0)	(31.0, 0.0)	(32.0, 0.0)	(33.0, 0.0)	(34.0, 0.0)	(35.0, 0.0005774072106612467)	(36.0, 0.0)	(37.0, 0.0)	(38.0, 0.0017322216319837404)	(39.0, 0.0017322216319837404)	(40.0, 0.0017322216319837404)	(41.0, 0.0075062937385962075)	(42.0, 0.010393329791902441)	(43.0, 0.015012587477192415)	(44.0, 0.031179989375707325)	(45.0, 0.0531214633808347)	(46.0, 0.10220107628704067)	(47.0, 0.45846132526503)	(48.0, 9.87828255999261)	(49.0, 19.118530152204542)	(50.0, 3.3403007136753122)	(51.0, 0.7789223271820219)	(52.0, 3.1047185717255235)	(53.0, 7.860244358731553)	(54.0, 6.57147146453565)	(55.0, 6.014273506247545)	(56.0, 25.21421807515532)	(57.0, 13.507286878998546)	(58.0, 2.284222925375892)	(59.0, 0.6570894057324987)	(60.0, 0.25636880153359354)	(61.0, 0.19920548767813012)	(62.0, 0.13049402960944176)	(63.0, 0.09238515370579949)	(64.0, 0.058318128276785924)	(65.0, 0.03695406148231979)	(66.0, 0.04041850474628727)	(67.0, 0.05485368501281844)	(68.0, 0.05485368501281844)	(69.0, 0.031179989375707325)	(70.0, 0.01443518026653117)	(71.0, 0.0051966648959512205)	(72.0, 0.002887036053306234)	(73.0, 0.0017322216319837404)	(74.0, 0.0011548144213224935)	(75.0, 0.0)	(76.0, 0.0)	(77.0, 0.0)	(78.0, 0.0011548144213224935)	(79.0, 0.0005774072106612467)	(80.0, 0.0005774072106612467)	(81.0, 0.0005774072106612467)	(82.0, 0.0)	(83.0, 0.0)	(84.0, 0.0005774072106612467)	(85.0, 0.0)	(86.0, 0.0)	(87.0, 0.0)	(88.0, 0.0)	(89.0, 0.0)	(90.0, 0.0)	(91.0, 0.0011548144213224935)	(92.0, 0.0005774072106612467)	(93.0, 0.0005774072106612467)	(94.0, 0.0)	(95.0, 0.0)	(96.0, 0.0005774072106612467)	(97.0, 0.0)	(98.0, 0.0)	(99.0, 0.0)	(100.0, 0.0)
Positive_control_S89_L001_R1_001	(0.0, 0.0)	(1.0, 0.0)	(2.0, 0.0)	(3.0, 0.0)	(4.0, 0.0)	(5.0, 0.0)	(6.0, 0.0)	(7.0, 0.0)	(8.0, 0.0)	(9.0, 0.0)	(10.0, 0.0)	(11.0, 0.0)	(12.0, 0.0)	(13.0, 0.0)	(14.0, 0.0)	(15.0, 0.0)	(16.0, 0.0)	(17.0, 0.0)	(18.0, 0.0)	(19.0, 0.0)	(20.0, 0.0)	(21.0, 0.0)	(22.0, 0.0)	(23.0, 0.0)	(24.0, 0.0)	(25.0, 0.0)	(26.0, 0.0)	(27.0, 0.0005443480343592479)	(28.0, 0.0)	(29.0, 0.0)	(30.0, 0.0005443480343592479)	(31.0, 0.0016330441030777438)	(32.0, 0.0005443480343592479)	(33.0, 0.0016330441030777438)	(34.0, 0.0021773921374369917)	(35.0, 0.004354784274873983)	(36.0, 0.006532176412310975)	(37.0, 0.007076524446670223)	(38.0, 0.009253916584107215)	(39.0, 0.009798264618466463)	(40.0, 0.013608700858981198)	(41.0, 0.01796348513385518)	(42.0, 0.017419137099495934)	(43.0, 0.019052181202573678)	(44.0, 0.02177392137436992)	(45.0, 0.022318269408729163)	(46.0, 0.03211653402719563)	(47.0, 0.08709568549747967)	(48.0, 0.11376873918108282)	(49.0, 0.26781923290475)	(50.0, 5.759202203520843)	(51.0, 7.5196237466386515)	(52.0, 14.380586371702611)	(53.0, 19.011355099996734)	(54.0, 15.253176270780486)	(55.0, 15.87318868191567)	(56.0, 17.286316179112276)	(57.0, 3.6716274917531275)	(58.0, 0.4202366825253394)	(59.0, 0.1066922147344126)	(60.0, 0.041370450611302845)	(61.0, 0.01088696068718496)	(62.0, 0.0048991323092332315)	(63.0, 0.0005443480343592479)	(64.0, 0.0)	(65.0, 0.0005443480343592479)	(66.0, 0.0005443480343592479)	(67.0, 0.0005443480343592479)	(68.0, 0.0005443480343592479)	(69.0, 0.0005443480343592479)	(70.0, 0.0005443480343592479)	(71.0, 0.0)	(72.0, 0.0)	(73.0, 0.0)	(74.0, 0.0)	(75.0, 0.0)	(76.0, 0.0)	(77.0, 0.0)	(78.0, 0.0)	(79.0, 0.0)	(80.0, 0.0)	(81.0, 0.0)	(82.0, 0.0)	(83.0, 0.0)	(84.0, 0.0)	(85.0, 0.0)	(86.0, 0.0)	(87.0, 0.0)	(88.0, 0.0)	(89.0, 0.0)	(90.0, 0.0)	(91.0, 0.0)	(92.0, 0.0)	(93.0, 0.0)	(94.0, 0.0)	(95.0, 0.0)	(96.0, 0.0)	(97.0, 0.0)	(98.0, 0.0)	(99.0, 0.0)	(100.0, 0.0)
Positive_control_S89_L001_R2_001	(0.0, 0.0)	(1.0, 0.0)	(2.0, 0.0)	(3.0, 0.0)	(4.0, 0.0)	(5.0, 0.0)	(6.0, 0.0)	(7.0, 0.0)	(8.0, 0.0)	(9.0, 0.0)	(10.0, 0.0)	(11.0, 0.0)	(12.0, 0.0)	(13.0, 0.0)	(14.0, 0.0)	(15.0, 0.0)	(16.0, 0.0)	(17.0, 0.0)	(18.0, 0.0)	(19.0, 0.0)	(20.0, 0.0)	(21.0, 0.0)	(22.0, 0.0)	(23.0, 0.0)	(24.0, 0.0)	(25.0, 0.0)	(26.0, 0.0)	(27.0, 0.0)	(28.0, 0.0)	(29.0, 0.0)	(30.0, 0.0)	(31.0, 0.0)	(32.0, 0.0)	(33.0, 0.0)	(34.0, 0.0)	(35.0, 0.0)	(36.0, 0.0)	(37.0, 0.0)	(38.0, 0.0005491548506847961)	(39.0, 0.0005491548506847961)	(40.0, 0.0016474645520543883)	(41.0, 0.0)	(42.0, 0.0010983097013695922)	(43.0, 0.0027457742534239805)	(44.0, 0.009335632461641534)	(45.0, 0.014827180968489496)	(46.0, 0.01812211007259827)	(47.0, 0.02526112313150062)	(48.0, 0.07248844029039309)	(49.0, 0.15486166789311248)	(50.0, 0.4398730353985217)	(51.0, 8.235126140869202)	(52.0, 14.910103350942899)	(53.0, 4.88802732594537)	(54.0, 7.067073773462641)	(55.0, 19.595492536985578)	(56.0, 25.400059308723872)	(57.0, 14.314270337949894)	(58.0, 3.2850443167964505)	(59.0, 0.6287823040340915)	(60.0, 0.2789706641478764)	(61.0, 0.166943074608178)	(62.0, 0.12246153170270951)	(63.0, 0.09994618282463288)	(64.0, 0.0845698470054586)	(65.0, 0.06644773693286032)	(66.0, 0.0428340783534141)	(67.0, 0.03075267163834858)	(68.0, 0.012081406715065513)	(69.0, 0.012081406715065513)	(70.0, 0.007139013058902349)	(71.0, 0.0027457742534239805)	(72.0, 0.0010983097013695922)	(73.0, 0.0010983097013695922)	(74.0, 0.0)	(75.0, 0.0)	(76.0, 0.0005491548506847961)	(77.0, 0.0)	(78.0, 0.0010983097013695922)	(79.0, 0.0005491548506847961)	(80.0, 0.0)	(81.0, 0.0005491548506847961)	(82.0, 0.0005491548506847961)	(83.0, 0.0005491548506847961)	(84.0, 0.0)	(85.0, 0.0)	(86.0, 0.0)	(87.0, 0.0)	(88.0, 0.0)	(89.0, 0.0)	(90.0, 0.0)	(91.0, 0.0005491548506847961)	(92.0, 0.0005491548506847961)	(93.0, 0.0)	(94.0, 0.0)	(95.0, 0.0)	(96.0, 0.0)	(97.0, 0.0)	(98.0, 0.0)	(99.0, 0.0005491548506847961)	(100.0, 0.0)
negative_control_S90_L001_R1_001	(0.0, 0.0)	(1.0, 0.0)	(2.0, 0.0)	(3.0, 0.0)	(4.0, 0.0)	(5.0, 0.0)	(6.0, 0.0)	(7.0, 0.0)	(8.0, 0.0)	(9.0, 0.0)	(10.0, 0.0)	(11.0, 0.0)	(12.0, 0.0)	(13.0, 0.0)	(14.0, 0.0)	(15.0, 0.0)	(16.0, 0.0)	(17.0, 0.0)	(18.0, 0.0)	(19.0, 0.0)	(20.0, 0.0)	(21.0, 0.002254562671205853)	(22.0, 0.0)	(23.0, 0.0)	(24.0, 0.0)	(25.0, 0.0011272813356029265)	(26.0, 0.0033818440068087794)	(27.0, 0.002254562671205853)	(28.0, 0.0011272813356029265)	(29.0, 0.0011272813356029265)	(30.0, 0.0)	(31.0, 0.0)	(32.0, 0.0011272813356029265)	(33.0, 0.002254562671205853)	(34.0, 0.0033818440068087794)	(35.0, 0.016909220034043895)	(36.0, 0.019163782705249748)	(37.0, 0.041709409417308274)	(38.0, 0.07552784948539608)	(39.0, 0.14654657362838044)	(40.0, 0.21192889109335017)	(41.0, 0.32916614999605454)	(42.0, 0.4306214702003179)	(43.0, 0.5298222277333754)	(44.0, 0.5850590131779189)	(45.0, 0.6876416147177852)	(46.0, 0.6989144280738144)	(47.0, 0.7135690854366524)	(48.0, 0.6921507400601968)	(49.0, 0.5681497931438749)	(50.0, 0.4475306902343618)	(51.0, 0.4497852529055676)	(52.0, 0.5782953251643013)	(53.0, 3.106787360921665)	(54.0, 12.191547644545649)	(55.0, 39.7547035813728)	(56.0, 28.830220158044845)	(57.0, 7.816568781070692)	(58.0, 0.7394965561555197)	(59.0, 0.20178335907292383)	(60.0, 0.07552784948539608)	(61.0, 0.023672908047661454)	(62.0, 0.004509125342411706)	(63.0, 0.004509125342411706)	(64.0, 0.004509125342411706)	(65.0, 0.0011272813356029265)	(66.0, 0.0)	(67.0, 0.0011272813356029265)	(68.0, 0.0011272813356029265)	(69.0, 0.0)	(70.0, 0.0)	(71.0, 0.0011272813356029265)	(72.0, 0.0011272813356029265)	(73.0, 0.0)	(74.0, 0.0)	(75.0, 0.0)	(76.0, 0.0)	(77.0, 0.0)	(78.0, 0.0)	(79.0, 0.0)	(80.0, 0.0)	(81.0, 0.0)	(82.0, 0.0)	(83.0, 0.0)	(84.0, 0.0)	(85.0, 0.0)	(86.0, 0.0)	(87.0, 0.0)	(88.0, 0.0)	(89.0, 0.0)	(90.0, 0.0)	(91.0, 0.0)	(92.0, 0.0)	(93.0, 0.0)	(94.0, 0.0)	(95.0, 0.0)	(96.0, 0.0)	(97.0, 0.0)	(98.0, 0.0)	(99.0, 0.0)	(100.0, 0.0)
negative_control_S90_L001_R2_001	(0.0, 0.0)	(1.0, 0.0)	(2.0, 0.0)	(3.0, 0.0)	(4.0, 0.0)	(5.0, 0.0)	(6.0, 0.0)	(7.0, 0.0)	(8.0, 0.0)	(9.0, 0.0)	(10.0, 0.0)	(11.0, 0.0)	(12.0, 0.0)	(13.0, 0.0)	(14.0, 0.0)	(15.0, 0.0)	(16.0, 0.0)	(17.0, 0.0)	(18.0, 0.0)	(19.0, 0.0)	(20.0, 0.0)	(21.0, 0.0)	(22.0, 0.0)	(23.0, 0.0)	(24.0, 0.0011082665602730767)	(25.0, 0.0011082665602730767)	(26.0, 0.0)	(27.0, 0.0)	(28.0, 0.0)	(29.0, 0.0)	(30.0, 0.0)	(31.0, 0.0)	(32.0, 0.0)	(33.0, 0.0)	(34.0, 0.0011082665602730767)	(35.0, 0.0)	(36.0, 0.0022165331205461535)	(37.0, 0.004433066241092307)	(38.0, 0.007757865921911538)	(39.0, 0.028814930567099998)	(40.0, 0.04211412929037692)	(41.0, 0.08533652514102691)	(42.0, 0.10750185634648846)	(43.0, 0.19616318116833462)	(44.0, 0.2693087741463577)	(45.0, 0.38235196329421156)	(46.0, 0.4665802218749654)	(47.0, 0.4898538196407)	(48.0, 0.5663242122995422)	(49.0, 0.6383615387172923)	(50.0, 0.6904500670501269)	(51.0, 0.7569460606665115)	(52.0, 0.9065620463033769)	(53.0, 1.3576265363345192)	(54.0, 6.157529008877216)	(55.0, 26.99626514169188)	(56.0, 31.726346820937373)	(57.0, 21.51810353426206)	(58.0, 4.438607573893673)	(59.0, 0.9697332402389424)	(60.0, 0.39121809577639616)	(61.0, 0.2515765091819885)	(62.0, 0.17178131684232692)	(63.0, 0.12190932163003845)	(64.0, 0.07868692577938846)	(65.0, 0.06760426017665769)	(66.0, 0.04322239585065)	(67.0, 0.02438186432600769)	(68.0, 0.011082665602730768)	(69.0, 0.006649599361638461)	(70.0, 0.005541332801365384)	(71.0, 0.0022165331205461535)	(72.0, 0.0033247996808192307)	(73.0, 0.004433066241092307)	(74.0, 0.0022165331205461535)	(75.0, 0.0)	(76.0, 0.0011082665602730767)	(77.0, 0.0)	(78.0, 0.0)	(79.0, 0.0)	(80.0, 0.0)	(81.0, 0.0)	(82.0, 0.0)	(83.0, 0.0)	(84.0, 0.0011082665602730767)	(85.0, 0.0011082665602730767)	(86.0, 0.0)	(87.0, 0.0)	(88.0, 0.0)	(89.0, 0.0)	(90.0, 0.0)	(91.0, 0.0)	(92.0, 0.0)	(93.0, 0.0)	(94.0, 0.0011082665602730767)	(95.0, 0.0011082665602730767)	(96.0, 0.0)	(97.0, 0.0)	(98.0, 0.0)	(99.0, 0.0)	(100.0, 0.0)
