Sample	0	1	2	3	4	5	6	7	8	9	10	11	12	13	14	15	16	17	18	19	20	21	22	23	24	25	26	27	28	29	30	31	32	33	34	35	36	37	38	39	40	41	42	43	44	45	46	47	48	49	50	51	52	53	54	55	56	57	58	59	60	61	62	63	64	65	66	67
016R_0_F_NS6_week9_S79_L001_R1_001	(1, 33.956122658279774)	(2, 33.96054970600301)	(3, 33.94977266511692)	(4, 33.95480650895665)	(5, 33.86629974018871)	(6, 37.82577259674552)	(7, 37.81467079174074)	(8, 37.748495829345)	(9, 37.208267810747984)	(10, 37.38706071379734)	(15, 37.7590643374812)	(20, 37.67971933543005)	(25, 37.61641426227267)	(30, 37.509874538493094)	(35, 37.566417680842335)	(40, 37.281666210857374)	(45, 37.63229522767674)	(50, 37.353772391631345)	(55, 37.45644229454397)	(60, 37.387301722959116)	(65, 37.413021331874745)	(70, 37.377668193627784)	(75, 36.8687354710789)	(80, 37.15368350881991)	(85, 37.2146981402981)	(90, 37.56631341446739)	(95, 37.06266409134418)	(100, 37.0374658143033)	(105, 37.0907801175988)	(110, 37.18012785450568)	(115, 36.89702926295638)	(120, 36.557808013127314)	(125, 36.67149767537263)	(130, 36.39845309722412)	(135, 36.496190004102274)	(140, 36.6166877478463)	(145, 36.17166689457131)	(150, 36.502519485847124)	(155, 36.565477574182964)	(160, 36.41393067140708)	(165, 36.34335088199097)	(170, 36.35637563243539)	(175, 36.63167304799672)	(180, 36.43259948037742)	(185, 36.597005332968685)	(190, 36.46593908108848)	(195, 36.05099822234377)	(200, 35.813070901134964)	(205, 36.127854505674826)	(210, 36.07562047039518)	(215, 35.82580336387256)	(220, 35.98749829071516)	(225, 35.318540612607684)	(230, 35.3922603582661)	(235, 35.24033570354164)	(240, 34.96506563653767)	(245, 34.35096745521673)	(250, 35.306731163681114)	(255, 34.710455695337075)	(260, 35.047477095583204)	(265, 34.58647271981403)	(270, 32.87220702857924)	(275, 34.937658963489675)	(280, 33.75558423355668)	(285, 33.19849241077533)	(290, 32.43875290578422)	(295, 30.57402399835909)	(300, 29.30030425270067)
016R_0_F_NS6_week9_S79_L001_R2_001	(1, 32.72220702857924)	(2, 33.09672842882538)	(3, 33.2940653630521)	(4, 33.49035963352933)	(5, 33.28968104744975)	(6, 37.05869684124163)	(7, 35.25609360043758)	(8, 35.20186653904007)	(9, 36.09251504170655)	(10, 36.73044749076986)	(15, 37.254991111718866)	(20, 37.21027792971421)	(25, 36.96989607548202)	(30, 36.9474719677287)	(35, 36.699442773143716)	(40, 36.86856796116505)	(45, 36.84243641460413)	(50, 36.74691986872692)	(55, 36.90135033501983)	(60, 36.138870846437854)	(65, 36.18650177765623)	(70, 36.265583549842745)	(75, 37.24998974429099)	(80, 36.59248769314919)	(85, 35.79671646383154)	(90, 36.8953558731027)	(95, 36.258785724053055)	(100, 36.923237727334886)	(105, 36.34413031587584)	(110, 36.80017434705319)	(115, 36.589846848078764)	(120, 36.50474839327226)	(125, 35.57564269109804)	(130, 36.77000717899631)	(135, 35.64235607821687)	(140, 36.159549774374405)	(145, 35.31997128401476)	(150, 36.28584199370984)	(155, 34.69764460549706)	(160, 35.43108163544373)	(165, 35.31667236428278)	(170, 35.17763913578558)	(175, 34.74819499521401)	(180, 34.64955558594284)	(185, 35.53832387529058)	(190, 34.201606727745116)	(195, 34.602035758238756)	(200, 34.328637358129356)	(205, 32.8856368795296)	(210, 33.83846232736223)	(215, 32.31186243675646)	(220, 31.717067209079723)	(225, 32.59012204293723)	(230, 33.38895118282511)	(235, 32.45031963626418)	(240, 30.99639169971284)	(245, 30.450789689593876)	(250, 28.243776493914943)	(255, 28.787364966498018)	(260, 24.52957233693423)	(265, 29.712452140024613)	(270, 25.745931902092167)	(275, 27.422389922056613)	(280, 23.20445610556543)	(285, 24.81290851907562)	(290, 20.89021776288801)	(295, 23.21464686175304)	(300, 19.947559141255297)
036R_R_M_NS1_week5_S18_L001_R1_001	(1, 33.9382611899775)	(2, 33.942052594833605)	(3, 33.942333798774335)	(4, 33.96523737491273)	(5, 33.89325886277248)	(6, 37.86193856178729)	(7, 37.85117523853852)	(8, 37.7818439221162)	(9, 37.296679854161816)	(10, 37.474451167481185)	(15, 37.77480800558529)	(20, 37.70415212163525)	(25, 37.648630827709255)	(30, 37.57261073617253)	(35, 37.61724458924831)	(40, 37.40165813358157)	(45, 37.69491311767901)	(50, 37.415076409898376)	(55, 37.53901171359863)	(60, 37.47294236288884)	(65, 37.50201885036072)	(70, 37.46590644635792)	(75, 37.08410712900473)	(80, 37.2989391823753)	(85, 37.34757970677216)	(90, 37.66321464587697)	(95, 37.12448025754402)	(100, 37.209033434178885)	(105, 37.22725738887597)	(110, 37.21774687766659)	(115, 37.04206617019626)	(120, 36.71124233961679)	(125, 36.930732681715924)	(130, 36.79051857885346)	(135, 36.65355092700334)	(140, 36.746540221860215)	(145, 36.314145527887675)	(150, 36.746813668450855)	(155, 36.762217826390504)	(160, 36.53776859824684)	(165, 36.583286789232794)	(170, 36.53119812272128)	(175, 36.80480955705531)	(180, 36.601722131719804)	(185, 36.66861570087658)	(190, 36.39426343960903)	(195, 36.17221123264293)	(200, 36.0406349391048)	(205, 36.3537215887053)	(210, 36.31850709797533)	(215, 35.936895896361804)	(220, 36.040200527499806)	(225, 35.52103405476689)	(230, 35.76515010472423)	(235, 35.43211736870685)	(240, 35.333808471026295)	(245, 34.884634628810794)	(250, 35.3612869443798)	(255, 35.10108796835001)	(260, 35.43728958187883)	(265, 34.86702350477077)	(270, 32.963270886665114)	(275, 34.885346365681485)	(280, 34.01299744007447)	(285, 33.35285470483283)	(290, 32.529062912109225)	(295, 30.47606469629975)	(300, 28.19083566053836)
036R_R_M_NS1_week5_S18_L001_R2_001	(1, 32.87520363043984)	(2, 33.622711581723685)	(3, 33.598091691878054)	(4, 33.593737879140484)	(5, 33.63447366379645)	(6, 37.359882864013656)	(7, 35.97832790318827)	(8, 35.33452602590955)	(9, 36.806783802653015)	(10, 36.926958730897525)	(15, 37.450651617407495)	(20, 37.38459778139787)	(25, 37.21447327592894)	(30, 37.24710069040416)	(35, 36.94399193235591)	(40, 37.09567721666279)	(45, 37.117128228996975)	(50, 37.035369637731755)	(55, 37.146650764098986)	(60, 36.554187029710654)	(65, 36.51136839655574)	(70, 36.64152315569002)	(75, 37.4248603676984)	(80, 36.879920099294075)	(85, 36.103971763245674)	(90, 37.1076778372508)	(95, 36.584516329221934)	(100, 37.14163563726631)	(105, 36.64670506554961)	(110, 36.98985920409588)	(115, 36.87558567993173)	(120, 36.844302226359474)	(125, 35.78104103638198)	(130, 37.019872391591036)	(135, 36.0618609882864)	(140, 36.5065297494376)	(145, 35.671701186874564)	(150, 36.639102862462174)	(155, 35.35685361880381)	(160, 35.881620898301136)	(165, 35.73518734000466)	(170, 35.649945698549374)	(175, 35.07949538437669)	(180, 35.31182220153596)	(185, 35.65715227678225)	(190, 34.52910363819719)	(195, 35.0570611279187)	(200, 34.63505740439066)	(205, 32.911893957024276)	(210, 34.074104026064695)	(215, 32.03253044759911)	(220, 31.822244201380805)	(225, 32.4080947948181)	(230, 32.990863780932436)	(235, 32.50800752462958)	(240, 30.578843766969204)	(245, 29.830401054999612)	(250, 27.993540066713212)	(255, 28.67384609417423)	(260, 24.15419478706074)	(265, 29.50449150570165)	(270, 25.745603521836944)	(275, 27.400552711193853)	(280, 22.98920176867582)	(285, 24.419944147079356)	(290, 20.562056861376156)	(295, 22.84779497323714)	(300, 19.74638798386471)
036R_R_M_NS1_week6_S19_L001_R1_001	(1, 33.9269882179676)	(2, 33.93324742268041)	(3, 33.937702503681884)	(4, 33.959996318114875)	(5, 33.90544918998527)	(6, 37.85958210603829)	(7, 37.870020250368185)	(8, 37.76518777614138)	(9, 37.32987849779087)	(10, 37.51091494845361)	(15, 37.78409609720177)	(20, 37.73854749631811)	(25, 37.70256259204713)	(30, 37.627903166421206)	(35, 37.660088365243006)	(40, 37.447317746686295)	(45, 37.716967967599416)	(50, 37.49670471281296)	(55, 37.60802835051546)	(60, 37.53440721649484)	(65, 37.55418078055964)	(70, 37.53229197349042)	(75, 37.16436671575847)	(80, 37.36712997054492)	(85, 37.421861192930784)	(90, 37.70917157584683)	(95, 37.27638622974963)	(100, 37.31319035346097)	(105, 37.307126288659795)	(110, 37.358867820324)	(115, 37.15458762886598)	(120, 36.88203608247422)	(125, 36.984799337260675)	(130, 36.88233799705449)	(135, 36.829698085419736)	(140, 36.90141936671576)	(145, 36.53621870397643)	(150, 36.898578792341674)	(155, 36.90735640648012)	(160, 36.72993556701031)	(165, 36.73532216494846)	(170, 36.686413843888076)	(175, 36.95247422680412)	(180, 36.79725147275405)	(185, 36.852787187039766)	(190, 36.6887058173785)	(195, 36.400565169366715)	(200, 36.26978460972017)	(205, 36.53887150220913)	(210, 36.479836156111936)	(215, 36.15479381443299)	(220, 36.307553387334316)	(225, 35.77363033873343)	(230, 35.97164764359352)	(235, 35.73997238586156)	(240, 35.55132547864506)	(245, 35.051559278350524)	(250, 35.741064064801186)	(255, 35.33747790868925)	(260, 35.67157400589102)	(265, 35.262372974963185)	(270, 33.521559278350516)	(275, 35.304935567010304)	(280, 34.361038291605304)	(285, 33.79511966126656)	(290, 33.1386469072165)	(295, 31.167555228276875)	(300, 29.565988586156113)
036R_R_M_NS1_week6_S19_L001_R2_001	(1, 32.9345176730486)	(2, 33.6378589837997)	(3, 33.61926546391753)	(4, 33.602743004418265)	(5, 33.66199374079529)	(6, 37.39423784977909)	(7, 36.14041789396171)	(8, 35.492746686303384)	(9, 36.87734720176731)	(10, 36.99216310751105)	(15, 37.49375368188512)	(20, 37.46367452135494)	(25, 37.2972735640648)	(30, 37.29747422680413)	(35, 37.08781111929308)	(40, 37.19440905743741)	(45, 37.19250920471281)	(50, 37.117164948453606)	(55, 37.232916053019146)	(60, 36.6697588365243)	(65, 36.689913475699555)	(70, 36.768602724595)	(75, 37.47665316642121)	(80, 36.9838236377025)	(85, 36.30449374079529)	(90, 37.205071796759945)	(95, 36.755506259204715)	(100, 37.243466494845364)	(105, 36.7375)	(110, 37.03700294550809)	(115, 36.980044182621505)	(120, 36.89722385861561)	(125, 36.13206921944035)	(130, 37.1309941089838)	(135, 36.29020066273932)	(140, 36.650627761413844)	(145, 35.94154455081001)	(150, 36.75784057437408)	(155, 35.44631995581738)	(160, 36.05576583210604)	(165, 35.974659425625916)	(170, 35.90162187039765)	(175, 35.45887150220913)	(180, 35.64746686303388)	(185, 36.01475699558174)	(190, 34.9116881443299)	(195, 35.39651141384389)	(200, 34.95432989690722)	(205, 33.576238954344625)	(210, 34.552015832106036)	(215, 32.80259020618557)	(220, 32.515066273932256)	(225, 33.18048969072165)	(230, 33.80560382916053)	(235, 33.08044550810015)	(240, 31.597974963181144)	(245, 31.036034609720172)	(250, 29.079005891016198)	(255, 29.46993188512518)	(260, 25.29233799705449)	(265, 30.445119661266567)	(270, 26.442492636229748)	(275, 28.051189248895433)	(280, 24.00813696612666)	(285, 25.5157824005891)	(290, 21.469933726067744)	(295, 23.787406111929307)	(300, 20.41223766568483)
036R_R_M_NS1_week7_S20_L001_R1_001	(1, 33.924060879104495)	(2, 33.92911993694816)	(3, 33.934423959697945)	(4, 33.96469310157523)	(5, 33.90694528762075)	(6, 37.861179452769704)	(7, 37.86958281411424)	(8, 37.758347445442055)	(9, 37.30624873523554)	(10, 37.49958995004847)	(15, 37.782439211426016)	(20, 37.721046745694466)	(25, 37.662174223301484)	(30, 37.603033304576584)	(35, 37.63765217113462)	(40, 37.44324802164211)	(45, 37.71227274179633)	(50, 37.451391507173206)	(55, 37.577733755099)	(60, 37.51198730442748)	(65, 37.52922218316984)	(70, 37.49374274424599)	(75, 37.14917936756452)	(80, 37.35788307718525)	(85, 37.38832688969124)	(90, 37.70045265254391)	(95, 37.16961796125294)	(100, 37.270204811962806)	(105, 37.2928054872139)	(110, 37.31796657826629)	(115, 37.11949601133229)	(120, 36.78937278333386)	(125, 36.98764737834297)	(130, 36.830207368118344)	(135, 36.71992203725597)	(140, 36.81493007849527)	(145, 36.42176353431106)	(150, 36.89645226912057)	(155, 36.920912547528516)	(160, 36.66995345666784)	(165, 36.705654429072005)	(170, 36.626801290858545)	(175, 36.93684804720367)	(180, 36.71152932655953)	(185, 36.82398951976227)	(190, 36.56353857132207)	(195, 36.346642383189014)	(200, 36.197823007530005)	(205, 36.49086067887231)	(210, 36.50476616502114)	(215, 36.095233834978856)	(220, 36.189555974481046)	(225, 35.69361493646888)	(230, 35.966827491452854)	(235, 35.694524501815934)	(240, 35.534102310125576)	(245, 35.0565570714978)	(250, 35.65383050558627)	(255, 35.371403009873156)	(260, 35.68951230682387)	(265, 35.09105452066758)	(270, 33.22673525684038)	(275, 35.05394127232642)	(280, 34.36654205408399)	(285, 33.731850763118935)	(290, 32.75224888434461)	(295, 30.75741870892844)	(300, 28.015438114409264)
036R_R_M_NS1_week7_S20_L001_R2_001	(1, 32.85223290837247)	(2, 33.174180698895526)	(3, 33.679521998913636)	(4, 33.46384637505192)	(5, 33.70708587617557)	(6, 37.377245955416385)	(7, 35.82101585881501)	(8, 35.42569575358661)	(9, 36.003333652852774)	(10, 36.72490867069261)	(15, 37.411930855992594)	(20, 37.35389547453963)	(25, 37.16537900331235)	(30, 37.19224845831869)	(35, 36.82833498418379)	(40, 37.10135795763172)	(45, 37.10116624596607)	(50, 36.964605766260874)	(55, 37.06424257916094)	(60, 36.42802611538912)	(65, 36.41243356658252)	(70, 36.598451395767434)	(75, 37.41197984897381)	(80, 36.890679617854744)	(85, 36.078380249438176)	(90, 37.07311030876229)	(95, 36.55696073106048)	(100, 37.11945979912878)	(105, 36.6152453376788)	(110, 36.891691429423474)	(115, 36.8227412638059)	(120, 36.82493529731285)	(125, 35.57522659253816)	(130, 36.95175043401391)	(135, 35.93378918107167)	(140, 36.418634373901654)	(145, 35.56191754268248)	(150, 36.628942071125024)	(155, 35.28965928576754)	(160, 35.811864821974424)	(165, 35.68444046820249)	(170, 35.56830793153763)	(175, 35.04203810801887)	(180, 35.20946203576487)	(185, 35.52998476957323)	(190, 34.52585018798394)	(195, 35.14835713753182)	(200, 34.47921099998935)	(205, 32.70633820067951)	(210, 34.094409474816544)	(215, 31.887441820834802)	(220, 31.78181934370707)	(225, 32.48727780085418)	(230, 32.67887869976888)	(235, 32.32737962104994)	(240, 30.498535535887363)	(245, 29.711819024187623)	(250, 28.04954681492369)	(255, 28.442845427144242)	(260, 23.739698160633072)	(265, 29.33979827672514)	(270, 25.232130875163755)	(275, 27.037912046948055)	(280, 22.710219296844215)	(285, 24.166703943934987)	(290, 20.233087303362407)	(295, 22.808931633489898)	(300, 19.73460715084513)
036R_R_M_NS1_week9_S21_L001_R1_001	(1, 33.90238905731047)	(2, 33.9405167151238)	(3, 33.935736531159144)	(4, 33.95775434820847)	(5, 33.84451986052623)	(6, 37.82156049208994)	(7, 37.838229055655)	(8, 37.7107885234198)	(9, 37.198274167347826)	(10, 37.377239288559636)	(15, 37.74791048019121)	(20, 37.66860081325207)	(25, 37.60313505571708)	(30, 37.51484029839936)	(35, 37.57082846175335)	(40, 37.29251001045019)	(45, 37.64379765957226)	(50, 37.352951401463024)	(55, 37.476038034537346)	(60, 37.40894784219186)	(65, 37.424894204802946)	(70, 37.37567072602924)	(75, 36.96455421163178)	(80, 37.21925731254332)	(85, 37.25253442870594)	(90, 37.6021107305818)	(95, 37.071704828813544)	(100, 37.12987201109168)	(105, 37.10955519457004)	(110, 37.156947304162486)	(115, 36.887407008867136)	(120, 36.546401928628335)	(125, 36.73753686018479)	(130, 36.576103218864134)	(135, 36.50867158480688)	(140, 36.61888483067595)	(145, 36.18487309749713)	(150, 36.624505168185905)	(155, 36.63654254053327)	(160, 36.420171962462106)	(165, 36.465974816087076)	(170, 36.38265269169882)	(175, 36.677811462094795)	(180, 36.47592835932084)	(185, 36.54527413630767)	(190, 36.29865389191818)	(195, 36.03843599002577)	(200, 35.88551976740577)	(205, 36.2232056203375)	(210, 36.162604889859175)	(215, 35.79819760163065)	(220, 35.89258243747995)	(225, 35.41712795786817)	(230, 35.576966135190226)	(235, 35.222655174911274)	(240, 35.02827344307752)	(245, 34.595968918457515)	(250, 35.24320168858446)	(255, 34.874154931763385)	(260, 35.22084242982338)	(265, 34.70942482591646)	(270, 32.72761228776294)	(275, 34.67447154135066)	(280, 33.763523678465376)	(285, 33.165793748512655)	(290, 32.2890748998955)	(295, 30.25257167689267)	(300, 28.08899729950646)
036R_R_M_NS1_week9_S21_L001_R2_001	(1, 32.81787706029033)	(2, 33.56418586845182)	(3, 33.55883661496756)	(4, 33.54274746764064)	(5, 33.559860940102844)	(6, 37.288497553001065)	(7, 35.874421877101675)	(8, 35.207772454965905)	(9, 36.74148723732268)	(10, 36.85806371509276)	(15, 37.396202754296475)	(20, 37.354501339900054)	(25, 37.13195790954899)	(30, 37.169988308208055)	(35, 36.908297033595794)	(40, 37.03188858653478)	(45, 37.01836335606163)	(50, 36.938120415110355)	(55, 37.051969497873756)	(60, 36.417765315730115)	(65, 36.397133958964915)	(70, 36.55217746691637)	(75, 37.36660906993347)	(80, 36.835108485343866)	(85, 36.067708926114086)	(90, 37.07948349181057)	(95, 36.49608583637699)	(100, 37.06139949714948)	(105, 36.60914649918779)	(110, 36.918171941768676)	(115, 36.75688936253867)	(120, 36.76316361266025)	(125, 35.75929600927066)	(130, 36.94847127233597)	(135, 35.98902420097466)	(140, 36.40216039483078)	(145, 35.60643772827448)	(150, 36.56462043063043)	(155, 35.218597191900585)	(160, 35.80390278223261)	(165, 35.68940185620131)	(170, 35.61254643089944)	(175, 35.08491138035571)	(180, 35.26568510796801)	(185, 35.61926972860557)	(190, 34.53677534170038)	(195, 35.05648066715641)	(200, 34.554706204927115)	(205, 32.9665097414355)	(210, 34.15166840836429)	(215, 32.28762222061273)	(220, 31.979279661455365)	(225, 32.61314860991836)	(230, 33.12917050357479)	(235, 32.590685883971894)	(240, 30.86630384173659)	(245, 30.20491676064936)	(250, 28.362917360759035)	(255, 28.862682490248222)	(260, 24.54226324121305)	(265, 29.749528706970587)	(270, 25.678819232480418)	(275, 27.401403015033782)	(280, 23.32746950304711)	(285, 24.750265393330505)	(290, 20.861834059328086)	(295, 23.233248145350704)	(300, 19.940004552556157)
073R_0_M_S2_week5_S52_L001_R1_001	(1, 33.94912028845191)	(2, 33.953109872133005)	(3, 33.93758555069609)	(4, 33.964486028110706)	(5, 33.891096050479085)	(6, 37.85554869295229)	(7, 37.866590992555004)	(8, 37.78512169064868)	(9, 37.3120221680633)	(10, 37.462237505425165)	(15, 37.76316729542951)	(20, 37.68563082162054)	(25, 37.623880746502856)	(30, 37.552186759256166)	(35, 37.644613227389584)	(40, 37.3327162554669)	(45, 37.72068574099423)	(50, 37.37898040263079)	(55, 37.52820585584082)	(60, 37.47361533068474)	(65, 37.46071678963709)	(70, 37.42226822021167)	(75, 37.013307515107)	(80, 37.308463259105935)	(85, 37.32183587620606)	(90, 37.671016258805466)	(95, 37.05430173939171)	(100, 37.13291656929189)	(105, 37.21559443127567)	(110, 37.27744466330584)	(115, 36.980000333856374)	(120, 36.705186458785434)	(125, 36.91803158281307)	(130, 36.709060862017154)	(135, 36.48192000801255)	(140, 36.647748138750714)	(145, 36.30439188061296)	(150, 36.7899559309585)	(155, 36.78211030614629)	(160, 36.513491136113245)	(165, 36.56540246386005)	(170, 36.456890795579746)	(175, 36.81632891530064)	(180, 36.57933595967015)	(185, 36.69555303308517)	(190, 36.42957466697827)	(195, 36.22886522218142)	(200, 36.05971355123026)	(205, 36.40277935432177)	(210, 36.41487997863319)	(215, 36.00447534470671)	(220, 36.04088071311721)	(225, 35.622463526191034)	(230, 35.80047240677061)	(235, 35.46114913364271)	(240, 35.124192902213466)	(245, 35.189351650919775)	(250, 35.47531966747905)	(255, 35.30539845758355)	(260, 35.613711481320735)	(265, 35.00769872800721)	(270, 32.88730010349548)	(275, 34.93432043534872)	(280, 34.29126464794845)	(285, 33.549913197342505)	(290, 32.45487430307482)	(295, 30.608234567489063)	(300, 27.25403548893266)
073R_0_M_S2_week5_S52_L001_R2_001	(1, 33.45533836343605)	(2, 33.49357326478149)	(3, 33.531883283811304)	(4, 33.66002570694087)	(5, 33.59215270590592)	(6, 37.368377124161185)	(7, 36.02035689246486)	(8, 35.76765265582746)	(9, 37.238874236303545)	(10, 36.8179898507662)	(15, 37.47819750943144)	(20, 37.35355890895737)	(25, 37.17402597402598)	(30, 37.236907822254864)	(35, 36.865722965980034)	(40, 37.14362668180149)	(45, 37.22353186659099)	(50, 36.998796447768164)	(55, 37.06094047340834)	(60, 36.343206022769)	(65, 36.39177711748406)	(70, 36.6039695522986)	(75, 37.437396921844226)	(80, 36.91365138717323)	(85, 36.07469535605783)	(90, 37.12546322572029)	(95, 36.52782192100958)	(100, 37.139974293059126)	(105, 36.66033619336961)	(110, 36.95894568156778)	(115, 36.84884819550629)	(120, 36.84338463592962)	(125, 35.594357827262705)	(130, 37.03882916569292)	(135, 36.05289453477114)	(140, 36.317873001034954)	(145, 35.587198277301106)	(150, 36.612708242913904)	(155, 35.46874436617368)	(160, 35.87847627950456)	(165, 35.70194805194805)	(170, 35.472288251594165)	(175, 34.943232731279)	(180, 35.07837779187393)	(185, 35.604420258404836)	(190, 34.470647347511104)	(195, 35.17868827830267)	(200, 34.52887857643642)	(205, 32.45801589156345)	(210, 33.8481220578907)	(215, 31.975358060962172)	(220, 31.914506059493203)	(225, 32.36721363469435)	(230, 32.7494474676994)	(235, 32.425641838880914)	(240, 30.369139985978034)	(245, 29.489333288819154)	(250, 27.76352619103262)	(255, 28.336904483691114)	(260, 23.593105865856508)	(265, 28.87222982672854)	(270, 25.28494140820619)	(275, 27.065549360665045)	(280, 22.586694154174875)	(285, 23.98678095683237)	(290, 20.076564951757753)	(295, 22.60224852268554)	(300, 19.484717724434947)
073R_0_M_S2_week6_S53_L001_R1_001	(1, 33.91364629122778)	(2, 33.94227419756158)	(3, 33.933814381686986)	(4, 33.95943573581046)	(5, 33.85389538580631)	(6, 37.83448757291753)	(7, 37.859189682342205)	(8, 37.726694036659204)	(9, 37.20177075557767)	(10, 37.38749688977357)	(15, 37.75068839678195)	(20, 37.664911116640404)	(25, 37.585518785767604)	(30, 37.50317243095297)	(35, 37.62191258190263)	(40, 37.23902712117442)	(45, 37.69809654142822)	(50, 37.34176688507368)	(55, 37.47873710983937)	(60, 37.412497580935)	(65, 37.40747698432446)	(70, 37.36347903016228)	(75, 36.92628901606259)	(80, 37.22604987420862)	(85, 37.22933289099002)	(90, 37.61113737524536)	(95, 36.99622072931354)	(100, 37.05831881894335)	(105, 37.10169334549777)	(110, 37.202830997207705)	(115, 36.8414074811313)	(120, 36.58452489563463)	(125, 36.785109618202426)	(130, 36.562789251057474)	(135, 36.39335102706588)	(140, 36.57316496640956)	(145, 36.21134610599652)	(150, 36.660404744132045)	(155, 36.66455447734372)	(160, 36.402707970473585)	(165, 36.4597066710901)	(170, 36.36686295651212)	(175, 36.7097591993586)	(180, 36.485622459981755)	(185, 36.6101462497581)	(190, 36.34160653562246)	(195, 36.08005861048906)	(200, 35.932937988996706)	(205, 36.305558320201264)	(210, 36.268042077907715)	(215, 35.859112272262315)	(220, 35.925807967708934)	(225, 35.564124574935725)	(230, 35.7022559508999)	(235, 35.36987089104531)	(240, 34.91747117856847)	(245, 34.97759392883802)	(250, 35.35318210721296)	(255, 35.11662519698101)	(260, 35.44934339664373)	(265, 34.86083326421719)	(270, 32.793248735174586)	(275, 34.802171629205716)	(280, 34.086469823892074)	(285, 33.47995631859777)	(290, 32.51728180033729)	(295, 30.687145779768322)	(300, 27.649277045146665)
073R_0_M_S2_week6_S53_L001_R2_001	(1, 33.37980011611512)	(2, 33.411607365016174)	(3, 33.47742666777253)	(4, 33.60844322800033)	(5, 33.518060048104836)	(6, 37.29968068342042)	(7, 35.81078764756297)	(8, 35.54892040584999)	(9, 37.136718642006024)	(10, 36.71012689723811)	(15, 37.39746481988333)	(20, 37.28937546653397)	(25, 37.06957092698571)	(30, 37.131577783307065)	(35, 36.76499543833458)	(40, 37.032241298277626)	(45, 37.116452406624084)	(50, 36.873543722871915)	(55, 36.931681457521215)	(60, 36.14095684388046)	(65, 36.20644300682868)	(70, 36.426958060324566)	(75, 37.35000414696857)	(80, 36.765516574051034)	(85, 35.86838212933013)	(90, 37.018968234220786)	(95, 36.33033783970584)	(100, 37.0322233280805)	(105, 36.5481186585939)	(110, 36.884990738436876)	(115, 36.72020541317631)	(120, 36.74046197229825)	(125, 35.49526416189765)	(130, 36.90081418816179)	(135, 35.91139725194216)	(140, 36.129820850957955)	(145, 35.37971302977523)	(150, 36.46426833651268)	(155, 35.16901799784358)	(160, 35.74372010726826)	(165, 35.53384341046694)	(170, 35.27073346050704)	(175, 34.76705648171186)	(180, 34.893274999308844)	(185, 35.475872936883135)	(190, 34.29122086754582)	(195, 35.018571507561305)	(200, 34.30448287301982)	(205, 32.36419507340135)	(210, 33.73690110862293)	(215, 31.976302839291144)	(220, 31.809835227115645)	(225, 32.27883387243925)	(230, 32.72554809101213)	(235, 32.33741671504797)	(240, 30.4452627795748)	(245, 29.62518039313262)	(250, 27.833307069199083)	(255, 28.293346880097317)	(260, 23.62215448840231)	(265, 28.989687871499267)	(270, 25.21619667689586)	(275, 27.02393768488568)	(280, 22.658356141660448)	(285, 24.125723646014762)	(290, 20.21689336761494)	(295, 22.60262917807083)	(300, 19.485309363855023)
073R_0_M_S2_week7_S54_L001_R1_001	(1, 33.90947934600933)	(2, 33.90366707300215)	(3, 33.92525102735853)	(4, 33.95065537305367)	(5, 33.84161084790067)	(6, 37.82916315835774)	(7, 37.83212898847599)	(8, 37.731498121222025)	(9, 37.150101164968014)	(10, 37.392861900393356)	(15, 37.75067548037651)	(20, 37.66570067736544)	(25, 37.58609075942845)	(30, 37.50337803023639)	(35, 37.63400148291505)	(40, 37.25272140047504)	(45, 37.70679753182612)	(50, 37.34396717479547)	(55, 37.48708481520113)	(60, 37.428292259937415)	(65, 37.418972515803105)	(70, 37.382162291229434)	(75, 36.89226496424667)	(80, 37.20994181443454)	(85, 37.225976147688286)	(90, 37.61850125042414)	(95, 36.99079587297199)	(100, 37.03813353775778)	(105, 37.10487979591067)	(110, 37.23719352041521)	(115, 36.83522802960804)	(120, 36.57312279290714)	(125, 36.76866148065299)	(130, 36.54025234690158)	(135, 36.35148857024367)	(140, 36.53980747238385)	(145, 36.17660261646539)	(150, 36.64700840737436)	(155, 36.6502896711196)	(160, 36.3909994596157)	(165, 36.432221984844105)	(170, 36.33273346486873)	(175, 36.70958867957724)	(180, 36.47058927022985)	(185, 36.62069169190555)	(190, 36.378536689580635)	(195, 36.08471215110653)	(200, 35.91036155479874)	(205, 36.2821258467068)	(210, 36.2468299548842)	(215, 35.85567215010117)	(220, 35.92543827680244)	(225, 35.4993490254232)	(230, 35.64920136227113)	(235, 35.41984215751574)	(240, 34.95782614705993)	(245, 34.950664170007414)	(250, 35.44321692031216)	(255, 35.15637087956971)	(260, 35.482507885840675)	(265, 34.90143390345971)	(270, 32.84746459226119)	(275, 34.89371646161386)	(280, 34.18363766604251)	(285, 33.518789036482225)	(290, 32.61531423975469)	(295, 30.726723888756236)	(300, 27.744448493835847)
073R_0_M_S2_week7_S54_L001_R2_001	(1, 33.41289759089138)	(2, 33.44733766478579)	(3, 33.50627097130936)	(4, 33.639865280937)	(5, 33.55434003996331)	(6, 37.32911917358903)	(7, 35.787032033478695)	(8, 35.53642567202443)	(9, 37.17110703379287)	(10, 36.75524486949091)	(15, 37.4347718447212)	(20, 37.30042099707187)	(25, 37.09763361944378)	(30, 37.157405149988065)	(35, 36.778785517700726)	(40, 37.073333919796916)	(45, 37.14893871036658)	(50, 36.89502218089051)	(55, 36.97666670855692)	(60, 36.14296809219208)	(65, 36.24042702926872)	(70, 36.455569100071635)	(75, 37.390621190604854)	(80, 36.80488984957209)	(85, 35.914687142623755)	(90, 37.04581830520403)	(95, 36.361843841504026)	(100, 37.073443253364836)	(105, 36.583633895919476)	(110, 36.89982783104822)	(115, 36.76578739019517)	(120, 36.75519083106078)	(125, 35.49920324733264)	(130, 36.953676498309726)	(135, 35.9333153205233)	(140, 36.15245623515514)	(145, 35.41825870584243)	(150, 36.51083156347001)	(155, 35.15531650182851)	(160, 35.76216304525404)	(165, 35.57231347316301)	(170, 35.29473313812474)	(175, 34.76615811895995)	(180, 34.91177409422794)	(185, 35.59606147813957)	(190, 34.30834830909982)	(195, 35.07705126110615)	(200, 34.37716813492013)	(205, 32.461811167104415)	(210, 33.78102999761226)	(215, 32.02330941399721)	(220, 31.887641536702148)	(225, 32.43545926382064)	(230, 32.92501099619217)	(235, 32.46203486107097)	(240, 30.605555904641022)	(245, 29.809934274188482)	(250, 27.938612343382808)	(255, 28.468640116622474)	(260, 23.73938019177359)	(265, 29.070459829339097)	(270, 25.357940507458558)	(275, 27.153514383019363)	(280, 22.828284719691354)	(285, 24.34411295288603)	(290, 20.28875120958114)	(295, 22.796766491146492)	(300, 19.65504002613952)
073R_0_M_S2_week9_S55_L001_R1_001	(1, 33.95418096100015)	(2, 33.95727485109339)	(3, 33.946989946611104)	(4, 33.95262349251784)	(5, 33.866359382344484)	(6, 37.82633524859863)	(7, 37.80812268922891)	(8, 37.73099292123559)	(9, 37.1616750503371)	(10, 37.37295336714864)	(15, 37.75374879857443)	(20, 37.64937175088924)	(25, 37.563499112523594)	(30, 37.474849690260214)	(35, 37.59447870407398)	(40, 37.24581342650081)	(45, 37.68402752930776)	(50, 37.2999249328254)	(55, 37.443482836276395)	(60, 37.39111822027657)	(65, 37.382797690456655)	(70, 37.33695339521113)	(75, 36.84666933260371)	(80, 37.18692007099811)	(85, 37.195770981976864)	(90, 37.5875037708978)	(95, 36.938959863616276)	(100, 37.00354990563986)	(105, 37.05620356534001)	(110, 37.17211991104189)	(115, 36.79266025438652)	(120, 36.487221041258884)	(125, 36.732950280274174)	(130, 36.46297925480044)	(135, 36.28649702888332)	(140, 36.49141077178878)	(145, 36.115903717579044)	(150, 36.58819130202962)	(155, 36.58378549028687)	(160, 36.312927689965555)	(165, 36.332220655399574)	(170, 36.25158588175868)	(175, 36.61852966556522)	(180, 36.38193196248045)	(185, 36.524270550516)	(190, 36.26983632549688)	(195, 35.99050926413122)	(200, 35.83035099165843)	(205, 36.214273988171655)	(210, 36.187238580318365)	(215, 35.7430527785378)	(220, 35.84877542286672)	(225, 35.41357242579224)	(230, 35.52329958818289)	(235, 35.25605202786606)	(240, 34.871278737748966)	(245, 34.82066662457292)	(250, 35.269030931885304)	(255, 34.99302085744954)	(260, 35.33035029009604)	(265, 34.70626425048583)	(270, 32.59272058875115)	(275, 34.66714372908468)	(280, 33.94276513796224)	(285, 33.282046317148286)	(290, 32.3075060158974)	(295, 30.31842653589544)	(300, 27.325033850384806)
073R_0_M_S2_week9_S55_L001_R2_001	(1, 33.39045454226562)	(2, 33.42047439648096)	(3, 33.475203277699435)	(4, 33.620412658991576)	(5, 33.53784578255775)	(6, 37.29033457509875)	(7, 35.763152540708155)	(8, 35.487705119300685)	(9, 37.14713867783554)	(10, 36.72141659475652)	(15, 37.41751801261409)	(20, 37.29064747191997)	(25, 37.079797108159866)	(30, 37.140273188390545)	(35, 36.756225313773776)	(40, 37.05549919671107)	(45, 37.13908053234553)	(50, 36.887316453742486)	(55, 36.948453405734575)	(60, 36.14859512133522)	(65, 36.22912325749444)	(70, 36.44826328232975)	(75, 37.36775759616667)	(80, 36.79825170655049)	(85, 35.89783848630901)	(90, 37.02425722083079)	(95, 36.332825402170634)	(100, 37.05353061267443)	(105, 36.55272171125095)	(110, 36.899405776664636)	(115, 36.74449238454037)	(120, 36.73592209851339)	(125, 35.491506184272374)	(130, 36.92946491837322)	(135, 35.90008488904791)	(140, 36.132202414777716)	(145, 35.39522656957043)	(150, 36.48249531707112)	(155, 35.11727737671795)	(160, 35.711918843263945)	(165, 35.53463122373525)	(170, 35.26609840113933)	(175, 34.78037168774862)	(180, 34.89650130841384)	(185, 35.51585601133725)	(190, 34.31635552375139)	(195, 35.00287219638135)	(200, 34.300950617024114)	(205, 32.34881400879759)	(210, 33.73775738569795)	(215, 31.89230736850967)	(220, 31.81285683216523)	(225, 32.31556275826265)	(230, 32.73821901374361)	(235, 32.34319309101369)	(240, 30.388452283234766)	(245, 29.582825752951823)	(250, 27.81899409986039)	(255, 28.252351987877)	(260, 23.563984593690147)	(265, 28.893850805744393)	(270, 25.246237170177988)	(275, 26.98726103031451)	(280, 22.567848799275986)	(285, 24.0525021222262)	(290, 20.142428388020118)	(295, 22.582185928061797)	(300, 19.470120458260546)
096R_0_M_S5_week9_S74_L001_R1_001	(1, 33.93794845704461)	(2, 33.942922053999055)	(3, 33.939843160646305)	(4, 33.96310591042263)	(5, 33.8918703180646)	(6, 37.86072174172383)	(7, 37.858625287275665)	(8, 37.779617901440325)	(9, 37.26789880879283)	(10, 37.45789372116279)	(15, 37.77398817564604)	(20, 37.69540008070034)	(25, 37.6158769144401)	(30, 37.554890265083074)	(35, 37.6360028771425)	(40, 37.42611357695479)	(45, 37.72833809933159)	(50, 37.38389326503044)	(55, 37.51990491394888)	(60, 37.47568990017719)	(65, 37.416452342941355)	(70, 37.40707005140261)	(75, 37.045129032823986)	(80, 37.32559779652989)	(85, 37.284689742285224)	(90, 37.652151716636546)	(95, 36.986786196733384)	(100, 37.08124945176401)	(105, 37.135244995701825)	(110, 37.223466254977986)	(115, 36.9457360397186)	(120, 36.66142699250891)	(125, 36.93055911299802)	(130, 36.55661479623164)	(135, 36.423601340327366)	(140, 36.612740127366195)	(145, 36.283335380081056)	(150, 36.718108454237644)	(155, 36.751956983210825)	(160, 36.51898387747583)	(165, 36.5201540323854)	(170, 36.4367046192172)	(175, 36.77306363046262)	(180, 36.55147102682409)	(185, 36.639588779144226)	(190, 36.42477851265768)	(195, 36.205984105542015)	(200, 36.00381572253118)	(205, 36.31755758670901)	(210, 36.34159400712269)	(215, 35.943299240364205)	(220, 36.043043104506935)	(225, 35.71376116208488)	(230, 35.75818845283416)	(235, 35.3669093524675)	(240, 35.25145523762741)	(245, 35.00361397168471)	(250, 35.38150909633164)	(255, 35.117559341064194)	(260, 35.43846950053508)	(265, 34.65958491956282)	(270, 32.750514903247314)	(275, 34.82333818704935)	(280, 33.85220434729215)	(285, 33.13179417904949)	(290, 31.774595182540658)	(295, 30.06958825283767)	(300, 27.02668812827845)
096R_0_M_S5_week9_S74_L001_R2_001	(1, 32.704478868791774)	(2, 33.109410361221734)	(3, 33.3150821915405)	(4, 33.52341186996719)	(5, 33.298371958386696)	(6, 37.07407764776057)	(7, 35.37148471079455)	(8, 35.21177698636866)	(9, 36.11093665023421)	(10, 36.74775530253855)	(15, 37.287130050349994)	(20, 37.146337783547665)	(25, 36.921399624568)	(30, 37.04630971386467)	(35, 36.566812862932224)	(40, 36.877907405133236)	(45, 36.94455535867792)	(50, 36.7483710812091)	(55, 36.66714443606253)	(60, 35.90722268030386)	(65, 35.82424869739127)	(70, 36.18505464816407)	(75, 37.21257170926826)	(80, 36.55186926545149)	(85, 35.49924211855932)	(90, 36.76563042753636)	(95, 35.88687040578235)	(100, 36.78263714671673)	(105, 36.23963614673427)	(110, 36.688630024034666)	(115, 36.49412641883476)	(120, 36.48747565832178)	(125, 34.84290100173681)	(130, 36.693135208154246)	(135, 35.503738530902964)	(140, 35.73567481272258)	(145, 34.81446465851476)	(150, 36.10978228452132)	(155, 34.588263363800635)	(160, 35.19381940667707)	(165, 34.86246557077946)	(170, 34.51564183084507)	(175, 34.20846651813126)	(180, 33.98848441255417)	(185, 34.859795442185224)	(190, 33.73742565919896)	(195, 34.04425185523061)	(200, 33.533094156242875)	(205, 31.02687496710584)	(210, 32.929292468553186)	(215, 30.61114717285662)	(220, 30.458753355204294)	(225, 31.166390063332223)	(230, 31.70490868581253)	(235, 31.35536569533868)	(240, 28.987361625234644)	(245, 28.144620269819832)	(250, 26.02613112050666)	(255, 26.93305731478395)	(260, 22.320947000929806)	(265, 27.54366414624305)	(270, 23.756825318854055)	(275, 25.87898808792828)	(280, 20.94235715162892)	(285, 22.385510780512625)	(290, 18.93517482149436)	(295, 21.11888387923019)	(300, 18.448027227592497)
1030R_L_M_NS1_week5_S22_L001_R1_001	(1, 33.907585302585446)	(2, 33.90444257575326)	(3, 33.922443772982525)	(4, 33.946046292865084)	(5, 33.847317636327354)	(6, 37.82018756591887)	(7, 37.8323166386363)	(8, 37.72715287477552)	(9, 37.1793848521992)	(10, 37.42277301103161)	(15, 37.75827798523417)	(20, 37.700815256121544)	(25, 37.653952281861976)	(30, 37.55313132464867)	(35, 37.606259798751466)	(40, 37.35546449645107)	(45, 37.68900116872381)	(50, 37.42560502836293)	(55, 37.5290627405148)	(60, 37.450956358142584)	(65, 37.49088252900431)	(70, 37.45919015991562)	(75, 37.018214988170236)	(80, 37.227784270687835)	(85, 37.28893133034976)	(90, 37.609288503748466)	(95, 37.14254724779796)	(100, 37.15641657877483)	(105, 37.145932271029906)	(110, 37.17859382571763)	(115, 36.91787719848351)	(120, 36.658768279125454)	(125, 36.81352156437958)	(130, 36.7053975086229)	(135, 36.61926541432685)	(140, 36.71747099569568)	(145, 36.285700236595304)	(150, 36.63133605085373)	(155, 36.64414070294462)	(160, 36.50212223140731)	(165, 36.52175536615262)	(170, 36.505843619053046)	(175, 36.73815740714347)	(180, 36.56286166300847)	(185, 36.62607109261424)	(190, 36.382838288532255)	(195, 36.04447136626665)	(200, 35.93464410934695)	(205, 36.26335480744562)	(210, 36.186385792879335)	(215, 35.871433254468236)	(220, 36.006006100168186)	(225, 35.38444172058949)	(230, 35.64342806647473)	(235, 35.39053191186112)	(240, 35.14293919785639)	(245, 34.68431914711667)	(250, 35.399134859325564)	(255, 35.00282346569369)	(260, 35.318196459622015)	(265, 34.814150109746016)	(270, 33.06585331090904)	(275, 34.960031070950095)	(280, 33.98755451668995)	(285, 33.48607223283259)	(290, 32.90272227131495)	(295, 30.86012086314529)	(300, 29.467614235626122)
1030R_L_M_NS1_week5_S22_L001_R2_001	(1, 32.934929163934896)	(2, 33.63414668909096)	(3, 33.61960177874063)	(4, 33.603902397309085)	(5, 33.63219406516348)	(6, 37.37322197200764)	(7, 35.90079387702745)	(8, 35.254218807901715)	(9, 36.78892420398506)	(10, 36.90659473789231)	(15, 37.4556412302956)	(20, 37.415003848236935)	(25, 37.220640802713724)	(30, 37.22717282859667)	(35, 37.01018785097346)	(40, 37.043115931700925)	(45, 37.034016989253445)	(50, 37.02043128759157)	(55, 37.14824833955702)	(60, 36.517592143895556)	(65, 36.50634959094667)	(70, 36.57705168039679)	(75, 37.434098229811006)	(80, 36.85610016818221)	(85, 36.10196117556512)	(90, 37.141516775462506)	(95, 36.58941449787635)	(100, 37.15671018500043)	(105, 36.718190758530255)	(110, 36.98632878196175)	(115, 36.908032838288534)	(120, 36.858055642655565)	(125, 36.01132379350646)	(130, 37.0289943274137)	(135, 36.148178501182976)	(140, 36.58165388671931)	(145, 35.656353866765485)	(150, 36.671058407685074)	(155, 35.190903908098406)	(160, 35.97246230153074)	(165, 35.844710812120525)	(170, 35.749046492403295)	(175, 35.26459336963028)	(180, 35.510606881217754)	(185, 35.92693623328868)	(190, 34.591499672187226)	(195, 35.1903124198284)	(200, 34.86908012884468)	(205, 33.57263190901058)	(210, 34.40557994355919)	(215, 32.59126165160628)	(220, 32.24084404663493)	(225, 32.880173028134884)	(230, 33.71315811977994)	(235, 32.96808956415153)	(240, 31.501192953450584)	(245, 30.926073943160116)	(250, 28.923974516119834)	(255, 29.458677061657312)	(260, 25.22200621419002)	(265, 30.498148570451242)	(270, 26.465750691257377)	(275, 28.09585388101822)	(280, 24.20516376386078)	(285, 25.708095550297884)	(290, 21.670759100367718)	(295, 23.89575981300419)	(300, 20.51726718166529)
1030R_L_M_NS1_week6_S23_L001_R1_001	(1, 33.955635247506144)	(2, 33.96256479320983)	(3, 33.950483110700475)	(4, 33.94912852154032)	(5, 33.86545719341654)	(6, 37.82463942872356)	(7, 37.81454656498113)	(8, 37.74054528086192)	(9, 37.207894201105596)	(10, 37.410648793397755)	(15, 37.760580672439986)	(20, 37.68604694865089)	(25, 37.630425795136006)	(30, 37.5292293718778)	(35, 37.584117637847065)	(40, 37.305740952440615)	(45, 37.66217485945158)	(50, 37.38942011055953)	(55, 37.49352302801573)	(60, 37.43010946333213)	(65, 37.464447124042785)	(70, 37.4188749862975)	(75, 36.9736833863163)	(80, 37.230101633336986)	(85, 37.28063798800444)	(90, 37.61490361275976)	(95, 37.14740748860736)	(100, 37.185509810983916)	(105, 37.136752431213495)	(110, 37.19873623878353)	(115, 36.9246472587187)	(120, 36.6098219459104)	(125, 36.77657108852593)	(130, 36.65284620323535)	(135, 36.599088588565074)	(140, 36.69811610316802)	(145, 36.27452119579685)	(150, 36.67059210423289)	(155, 36.67403573609784)	(160, 36.48889863288285)	(165, 36.53462893653006)	(170, 36.468539079505774)	(175, 36.752435911489734)	(180, 36.56752587813395)	(185, 36.62699155926523)	(190, 36.40739308141629)	(195, 36.111392642936565)	(200, 35.97387757019591)	(205, 36.303406047888245)	(210, 36.23310052147768)	(215, 35.87976729254428)	(220, 36.04144729630268)	(225, 35.43608061763001)	(230, 35.62118170286735)	(235, 35.431947946192274)	(240, 35.14873858778208)	(245, 34.66913415913682)	(250, 35.40195123479024)	(255, 34.925153076405095)	(260, 35.31323582379379)	(265, 34.88813285935763)	(270, 33.07024915044553)	(275, 34.910324631598726)	(280, 33.8680504878087)	(285, 33.38397826393348)	(290, 32.76052116447688)	(295, 30.64995850102573)	(300, 29.256170036174577)
1030R_L_M_NS1_week6_S23_L001_R2_001	(1, 32.874814037615295)	(2, 33.60153937704558)	(3, 33.593263072176896)	(4, 33.57138606574064)	(5, 33.59778097937579)	(6, 37.34034639898523)	(7, 35.90046510171164)	(8, 35.20704856162989)	(9, 36.768106863773745)	(10, 36.88492099534898)	(15, 37.43979360132796)	(20, 37.401334231172775)	(25, 37.198665768827226)	(30, 37.19632460027874)	(35, 36.9665533927369)	(40, 37.090829509685705)	(45, 37.09366240192931)	(50, 37.00398703352804)	(55, 37.146543057143305)	(60, 36.476975116275426)	(65, 36.52944861174186)	(70, 36.609233130275456)	(75, 37.41268929013264)	(80, 36.88128631160249)	(85, 36.134704104483454)	(90, 37.11791502889268)	(95, 36.59724227570979)	(100, 37.15113143429851)	(105, 36.650404810749016)	(110, 36.98223530701411)	(115, 36.85577462141974)	(120, 36.81864948243732)	(125, 36.04837214400927)	(130, 37.02405217908765)	(135, 36.17275318289303)	(140, 36.5139796733326)	(145, 35.695789028610804)	(150, 36.66307844089137)	(155, 35.21303537591807)	(160, 35.9114270949152)	(165, 35.84782404434909)	(170, 35.71434455110638)	(175, 35.18712278998387)	(180, 35.515542540363626)	(185, 35.86198537356907)	(190, 34.627843462737054)	(195, 35.21466244890928)	(200, 34.709107850353135)	(205, 33.40779867516482)	(210, 34.35842585777597)	(215, 32.505731556446435)	(220, 32.27521336736771)	(225, 32.93679627918631)	(230, 33.59846062295442)	(235, 32.88987425027797)	(240, 31.360975304195314)	(245, 30.769530356891174)	(250, 28.909298902234685)	(255, 29.248257826080145)	(260, 24.98585119877226)	(265, 30.269998590600874)	(270, 26.325885963950704)	(275, 27.892653898554585)	(280, 23.895648088698188)	(285, 25.387860375526568)	(290, 21.40934431620652)	(295, 23.644823590209377)	(300, 20.2912170944454)
1030R_L_M_NS1_week7_S24_L001_R1_001	(1, 33.93774741116375)	(2, 33.957651552374685)	(3, 33.9371726292564)	(4, 33.96458601796657)	(5, 33.87520743137382)	(6, 37.85140033559847)	(7, 37.8745306720313)	(8, 37.765461169773886)	(9, 37.26117348215858)	(10, 37.46579954944515)	(15, 37.76628996820158)	(20, 37.66253441738437)	(25, 37.57635606812093)	(30, 37.53032530801821)	(35, 37.59163785031567)	(40, 37.37811008000593)	(45, 37.6722074406445)	(50, 37.33018810201452)	(55, 37.492840256983136)	(60, 37.432083955241175)	(65, 37.460294622080895)	(70, 37.38875281596781)	(75, 36.989763319643636)	(80, 37.280291470051075)	(85, 37.29538413045695)	(90, 37.67020126637433)	(95, 36.975770161402465)	(100, 37.14451871285935)	(105, 37.20372124931629)	(110, 37.18952228206959)	(115, 36.984434535121956)	(120, 36.52537847534464)	(125, 36.87349421046288)	(130, 36.64203880704942)	(135, 36.450004171804174)	(140, 36.577920958217064)	(145, 36.121770328274636)	(150, 36.70272835992472)	(155, 36.72625362715196)	(160, 36.40722000241038)	(165, 36.52492235808913)	(170, 36.39401299748765)	(175, 36.75081350181241)	(180, 36.498124542260385)	(185, 36.6224183485218)	(190, 36.28879638814466)	(195, 36.13322517544754)	(200, 35.95439198271946)	(205, 36.315577516756754)	(210, 36.3696867438605)	(215, 35.85036387403005)	(220, 35.930427285453376)	(225, 35.43854005395533)	(230, 35.734962500115884)	(235, 35.3170663873103)	(240, 35.2663242697025)	(245, 34.94179313413741)	(250, 35.388394967877105)	(255, 35.15023130336432)	(260, 35.496040494312446)	(265, 34.77830661833554)	(270, 32.639253896001556)	(275, 34.70506271612263)	(280, 34.02454689571417)	(285, 33.13463802645851)	(290, 32.0296457674729)	(295, 30.018984490159177)	(300, 26.496124857463357)
1030R_L_M_NS1_week7_S24_L001_R2_001	(1, 32.88134461883616)	(2, 33.61894740745548)	(3, 33.593100762976626)	(4, 33.59263722918038)	(5, 33.62995169977843)	(6, 37.3788183596466)	(7, 35.91832534510091)	(8, 35.227344785708326)	(9, 36.8099233315101)	(10, 36.9162635467752)	(15, 37.45585026004246)	(20, 37.313003977119976)	(25, 37.112996560579234)	(30, 37.24079468234029)	(35, 36.787100781517985)	(40, 37.12057255694513)	(45, 37.12800207663141)	(50, 36.98203899246294)	(55, 37.105546645405916)	(60, 36.44109876051063)	(65, 36.40483558456246)	(70, 36.609964122484165)	(75, 37.40362854255703)	(80, 36.89594037101245)	(85, 36.00602964762161)	(90, 37.090337174483395)	(95, 36.46220808959181)	(100, 37.087650532600335)	(105, 36.65273902120204)	(110, 36.94366581067425)	(115, 36.7776576710208)	(120, 36.88092743841953)	(125, 35.460917611503056)	(130, 37.00192273818684)	(135, 35.80547340706611)	(140, 36.33063680272929)	(145, 35.51821038871944)	(150, 36.59057357671948)	(155, 35.41891403302215)	(160, 35.77002048819379)	(165, 35.60347464933669)	(170, 35.475882336581165)	(175, 34.79053834815097)	(180, 35.07731002067361)	(185, 35.39019904141211)	(190, 34.29862515876032)	(195, 35.116649206893676)	(200, 34.35603289235818)	(205, 32.05102209202073)	(210, 33.74692908859985)	(215, 31.229423271250702)	(220, 31.37503406973402)	(225, 32.02218472748848)	(230, 32.09706768520493)	(235, 31.956134869793356)	(240, 29.607652015908478)	(245, 28.629171108865545)	(250, 27.023380644682806)	(255, 27.973307869876795)	(260, 22.9519778987086)	(265, 28.455132709725866)	(270, 24.638358348707207)	(275, 26.708222162477863)	(280, 22.01957966755356)	(285, 23.45853319365515)	(290, 19.65369760909268)	(295, 21.988519194934504)	(300, 19.134091056578935)
1030R_L_M_NS1_week9_S25_L001_R1_001	(1, 33.955847488355225)	(2, 33.94856776280925)	(3, 33.94095333723817)	(4, 33.958766816351954)	(5, 33.85347576678846)	(6, 37.851644213873314)	(7, 37.842663096533066)	(8, 37.738245985924)	(9, 37.23575897879304)	(10, 37.42839743768536)	(15, 37.75049042850901)	(20, 37.651580992757474)	(25, 37.578170120584986)	(30, 37.452947684526634)	(35, 37.545970118725535)	(40, 37.323303489247756)	(45, 37.64757388967915)	(50, 37.32976505917682)	(55, 37.47606987792746)	(60, 37.40852741286178)	(65, 37.42691917924116)	(70, 37.375762139848824)	(75, 36.921538876337635)	(80, 37.21714593850817)	(85, 37.23769652004946)	(90, 37.62106564769103)	(95, 36.992956423916176)	(100, 37.103887168902645)	(105, 37.140350877192986)	(110, 37.17429131918296)	(115, 36.92886508799821)	(120, 36.51736442324678)	(125, 36.77386922526241)	(130, 36.55484896661367)	(135, 36.45050437434338)	(140, 36.55415539378388)	(145, 36.109366952091406)	(150, 36.62495746520515)	(155, 36.65461002798464)	(160, 36.399445885514)	(165, 36.43030708727303)	(170, 36.344956721427316)	(175, 36.69133963685048)	(180, 36.44274863098392)	(185, 36.59962811108322)	(190, 36.29899311075782)	(195, 36.06013071895425)	(200, 35.86946327132085)	(205, 36.207292741658065)	(210, 36.199068418263465)	(215, 35.75067265407823)	(220, 35.873475952732925)	(225, 35.28652553482275)	(230, 35.571649048429244)	(235, 35.19870768601419)	(240, 35.15407915655594)	(245, 34.61682053570598)	(250, 35.1844048382748)	(255, 34.91202409840181)	(260, 35.30251117991055)	(265, 34.63115313455871)	(270, 32.65952639946448)	(275, 34.701851077083276)	(280, 33.90396712501976)	(285, 33.16464823957084)	(290, 32.137437127530006)	(295, 30.192398590541007)	(300, 27.46597681272604)
1030R_L_M_NS1_week9_S25_L001_R2_001	(1, 32.77841928615923)	(2, 33.14481354419435)	(3, 33.57796186279158)	(4, 33.542939224053775)	(5, 33.67971996764567)	(6, 37.665355758235016)	(7, 35.755241309420875)	(8, 35.24958394927435)	(9, 35.71517957586069)	(10, 36.2946401509869)	(15, 37.3379354586785)	(20, 37.23931795572662)	(25, 37.00110079119368)	(30, 37.058237804367835)	(35, 36.660210675071355)	(40, 36.96733513699458)	(45, 36.94292992683085)	(50, 36.820293978188715)	(55, 36.987234912931505)	(60, 36.226727656449015)	(65, 36.190249072602015)	(70, 36.370667261688936)	(75, 37.307580025846285)	(80, 36.70515902899804)	(85, 35.81429726940563)	(90, 36.941537202837516)	(95, 36.31309885737131)	(100, 36.98259745813926)	(105, 36.418624196952365)	(110, 36.81358696157457)	(115, 36.64903169423293)	(120, 36.62791770098272)	(125, 35.288128376054075)	(130, 36.82913377774059)	(135, 35.62333602952798)	(140, 36.15995872033024)	(145, 35.28238083284523)	(150, 36.388579291365666)	(155, 34.9320670515717)	(160, 35.52322725201982)	(165, 35.37877258063016)	(170, 35.26749040061734)	(175, 34.59444026069413)	(180, 34.8308537639807)	(185, 35.28946159782073)	(190, 34.050549001013394)	(195, 34.757626976822024)	(200, 34.17300272408632)	(205, 32.194624345707936)	(210, 33.627328257049626)	(215, 31.27431642168484)	(220, 31.249104212571705)	(225, 32.08488364525516)	(230, 32.42297529727871)	(235, 31.925183387722086)	(240, 29.965512881302356)	(245, 29.21564722617354)	(250, 27.426266514192207)	(255, 28.070333491386123)	(260, 23.42419323348116)	(265, 28.774670645878075)	(270, 24.755326843871735)	(275, 26.668055671770844)	(280, 22.243127957679043)	(285, 23.776690002696196)	(290, 19.932619306613113)	(295, 22.416502570682134)	(300, 19.377662492213577)
1060R_L_M_S5_week9_S75_L001_R1_001	(1, 33.92958493568492)	(2, 33.93747071564337)	(3, 33.93334217389383)	(4, 33.96213587941475)	(5, 33.8948326923927)	(6, 37.863103920788575)	(7, 37.87813287362419)	(8, 37.76953542854617)	(9, 37.31630641382664)	(10, 37.48548468372895)	(15, 37.775479821420674)	(20, 37.72363523847412)	(25, 37.65980639172524)	(30, 37.6064730583919)	(35, 37.67447995402908)	(40, 37.48129956239225)	(45, 37.75986915970473)	(50, 37.460861954647925)	(55, 37.58665428988198)	(60, 37.50949564602395)	(65, 37.526506652521775)	(70, 37.495329531892324)	(75, 37.16543871281439)	(80, 37.38683286920391)	(85, 37.4101224417628)	(90, 37.72159483711267)	(95, 37.15715333952173)	(100, 37.24433187464085)	(105, 37.28879635768908)	(110, 37.36351323873934)	(115, 37.0900269637095)	(120, 36.781406533174206)	(125, 37.104479512001056)	(130, 36.806770101224416)	(135, 36.653246695840515)	(140, 36.812086814304024)	(145, 36.52391460018565)	(150, 36.926511956858064)	(155, 36.93853335101445)	(160, 36.72200680723158)	(165, 36.78482075763604)	(170, 36.67436679485479)	(175, 36.967933518985106)	(180, 36.78804933032754)	(185, 36.855103213543735)	(190, 36.63636299341378)	(195, 36.41162710515847)	(200, 36.25050081775184)	(205, 36.56725986827564)	(210, 36.56949653008)	(215, 36.180414622287046)	(220, 36.26437519338727)	(225, 35.948922777704105)	(230, 36.05173142377227)	(235, 35.70062325951466)	(240, 35.455186314812366)	(245, 35.40390752773725)	(250, 35.81794456968572)	(255, 35.530566237899485)	(260, 35.84739247668302)	(265, 35.27120717853512)	(270, 33.34982628298634)	(275, 35.22630066746232)	(280, 34.58986694956461)	(285, 33.82126862043054)	(290, 32.81636210935773)	(295, 30.886342218096626)	(300, 27.942072227379214)
1060R_L_M_S5_week9_S75_L001_R2_001	(1, 32.832100075144766)	(2, 33.181956416036776)	(3, 33.36553065464351)	(4, 33.52871856075675)	(5, 33.36235689342704)	(6, 37.155832559784294)	(7, 35.64030411528091)	(8, 35.50136586659594)	(9, 36.25572205277815)	(10, 36.825803827962694)	(15, 37.31092251248729)	(20, 37.23053529593776)	(25, 37.00701586880608)	(30, 37.08659505812668)	(35, 36.71130265658843)	(40, 36.954465809132294)	(45, 37.06390310745701)	(50, 36.81271272598683)	(55, 36.85673341289838)	(60, 36.11920965389206)	(65, 36.143194094505596)	(70, 36.384283251558145)	(75, 37.27746275913893)	(80, 36.73301507315564)	(85, 35.78925695089068)	(90, 36.9342014763736)	(95, 36.2537895062547)	(100, 36.94680634752243)	(105, 36.39734783185254)	(110, 36.77502011227512)	(115, 36.6555629226893)	(120, 36.64153472130133)	(125, 35.371059541174915)	(130, 36.83073862882907)	(135, 35.845730451310615)	(140, 36.07912124828714)	(145, 35.334487910533525)	(150, 36.3772373248464)	(155, 35.02334438403395)	(160, 35.64509569906732)	(165, 35.43372143393891)	(170, 35.21378597003051)	(175, 34.727263404499844)	(180, 34.78249038589046)	(185, 35.30053131768554)	(190, 34.22077354904301)	(195, 34.928205808248244)	(200, 34.17693144145339)	(205, 32.13312469610573)	(210, 33.58220925606683)	(215, 31.72000707244839)	(220, 31.562056314370334)	(225, 31.963447818591696)	(230, 32.52045794103346)	(235, 32.08976174689475)	(240, 30.02748176634399)	(245, 29.24621137780135)	(250, 27.31249082791849)	(255, 27.954884851699596)	(260, 23.28227909649472)	(265, 28.67334836228617)	(270, 24.858455554082127)	(275, 26.75322989877558)	(280, 22.098195641603674)	(285, 23.68652433364275)	(290, 19.882943906643682)	(295, 22.15946956637051)	(300, 19.27821243866861)
1067R_R_M_S2_week5_S56_L001_R1_001	(1, 33.93965026742025)	(2, 33.95774380760915)	(3, 33.93027348936009)	(4, 33.963737055722035)	(5, 33.865015362439784)	(6, 37.85331714903463)	(7, 37.88040814778288)	(8, 37.77427455145469)	(9, 37.21647005272541)	(10, 37.44048856351704)	(15, 37.76353829230361)	(20, 37.67592610856124)	(25, 37.608437582976144)	(30, 37.521012024428174)	(35, 37.64632401471759)	(40, 37.23718089746994)	(45, 37.71706710161969)	(50, 37.351627659978)	(55, 37.4959556954823)	(60, 37.427200242764485)	(65, 37.429530781777494)	(70, 37.39530402457991)	(75, 36.905626825475096)	(80, 37.19438758866594)	(85, 37.239276258392444)	(90, 37.59821112923416)	(95, 36.9832113188939)	(100, 36.979445434889804)	(105, 37.12560027311004)	(110, 37.199390054242684)	(115, 36.830283351667106)	(120, 36.62165155710655)	(125, 36.754522626408225)	(130, 36.556913856541364)	(135, 36.378607897432005)	(140, 36.56890793915716)	(145, 36.20129575541479)	(150, 36.59471835527064)	(155, 36.613699503091446)	(160, 36.3759056253082)	(165, 36.35249706027387)	(170, 36.33362363919129)	(175, 36.692705685999314)	(180, 36.456142320676705)	(185, 36.597836361567346)	(190, 36.33653529567955)	(195, 36.0402806964306)	(200, 35.8858582103706)	(205, 36.26275613549292)	(210, 36.19758904525282)	(215, 35.850994196411634)	(220, 35.951049577058754)	(225, 35.474114478625346)	(230, 35.60233205629101)	(235, 35.310518529757616)	(240, 34.812538785418965)	(245, 34.85872017600425)	(250, 35.29771118613208)	(255, 35.080840572013805)	(260, 35.32975761483898)	(265, 34.79713537912984)	(270, 32.77256761370102)	(275, 34.81612563061867)	(280, 34.05447331487312)	(285, 33.43415999696545)	(290, 32.607809429882785)	(295, 30.715756173424882)	(300, 28.0886507605356)
1067R_R_M_S2_week5_S56_L001_R2_001	(1, 33.41839699578956)	(2, 33.43278079126048)	(3, 33.471137579182944)	(4, 33.62043773470394)	(5, 33.55352577476008)	(6, 37.276645298334785)	(7, 35.711686833820124)	(8, 35.44891704282517)	(9, 37.16256875165952)	(10, 36.72209991275652)	(15, 37.42396995789554)	(20, 37.30314304138376)	(25, 37.09331714903463)	(30, 37.117335659826274)	(35, 36.78519895307817)	(40, 36.98853393012935)	(45, 37.08314683457876)	(50, 36.86943671054129)	(55, 36.95365777794636)	(60, 36.0755801691765)	(65, 36.17255244092099)	(70, 36.35940977885673)	(75, 37.364207411903045)	(80, 36.7538641277548)	(85, 35.81608466411258)	(90, 36.99512802033153)	(95, 36.302944277965324)	(100, 37.03016955581686)	(105, 36.555728862420814)	(110, 36.898245267989225)	(115, 36.748804005613934)	(120, 36.71749800857262)	(125, 35.50951560899746)	(130, 36.88245040397526)	(135, 35.86653870955506)	(140, 36.133955923074005)	(145, 35.20386450707431)	(150, 36.428370064104996)	(155, 35.0277707392937)	(160, 35.73193946060767)	(165, 35.510913022038466)	(170, 35.22954595455752)	(175, 34.72426658574518)	(180, 34.84829040700983)	(185, 35.561638660243524)	(190, 34.237214277586006)	(195, 34.81909797822706)	(200, 34.27831733869438)	(205, 32.42452376436673)	(210, 33.68997306831544)	(215, 31.889470849296362)	(220, 31.668717520767746)	(225, 32.16374464211205)	(230, 32.88505860486287)	(235, 32.2892569130979)	(240, 30.469944998672382)	(245, 29.71415392785343)	(250, 27.609942722755374)	(255, 28.209916929029323)	(260, 23.591478966733682)	(265, 28.98463756021697)	(270, 25.172132154914085)	(275, 26.945777035997423)	(280, 22.387658460721465)	(285, 24.030365284679288)	(290, 20.097868983044417)	(295, 22.528816902476954)	(300, 19.525695102985246)
1067R_R_M_S2_week6_S57_L001_R1_001	(1, 33.95635860372136)	(2, 33.95019990773489)	(3, 33.93943564508688)	(4, 33.9609411041058)	(5, 33.84995386744579)	(6, 37.85458250038444)	(7, 37.84966169460249)	(8, 37.7336767645702)	(9, 37.23945102260495)	(10, 37.38869444871598)	(15, 37.73879901583884)	(20, 37.66204059664771)	(25, 37.57308780562817)	(30, 37.472180532062126)	(35, 37.6223312317392)	(40, 37.22128094725512)	(45, 37.6914131939105)	(50, 37.32531600799631)	(55, 37.4491711517761)	(60, 37.381513147777945)	(65, 37.38659541749962)	(70, 37.35447485775795)	(75, 36.85679993848993)	(80, 37.15577733353837)	(85, 37.18775949561741)	(90, 37.552048285406734)	(95, 36.944118099338766)	(100, 36.90748577579579)	(105, 37.078616023373826)	(110, 37.17885283715208)	(115, 36.807345840381366)	(120, 36.59851606950638)	(125, 36.692760264493316)	(130, 36.437993233892044)	(135, 36.29549131170229)	(140, 36.49978779025065)	(145, 36.15128248500692)	(150, 36.502371213286175)	(155, 36.5610533599877)	(160, 36.35197754882362)	(165, 36.235801937567274)	(170, 36.258025526679994)	(175, 36.6035199138859)	(180, 36.36998154697831)	(185, 36.51619252652622)	(190, 36.36889896970629)	(195, 36.02808549900046)	(200, 35.771570044594796)	(205, 36.09693372289712)	(210, 36.05699369521759)	(215, 35.725186836844536)	(220, 35.891856066430876)	(225, 35.510862678763644)	(230, 35.57076580039982)	(235, 35.28679532523451)	(240, 34.97366138705213)	(245, 34.581585422112866)	(250, 35.182059049669384)	(255, 34.852598800553594)	(260, 35.09314316469322)	(265, 34.51440104567123)	(270, 32.7078486852222)	(275, 34.704556358603725)	(280, 33.84590958019375)	(285, 33.18571428571429)	(290, 32.29661694602491)	(295, 30.222646470859605)	(300, 28.0078925111487)
1067R_R_M_S2_week6_S57_L001_R2_001	(1, 31.76295555897278)	(2, 32.93027064431801)	(3, 33.627356604644014)	(4, 33.554113486083345)	(5, 33.382707980931876)	(6, 37.451153313855144)	(7, 35.73656773796709)	(8, 35.54926956789174)	(9, 36.04594802398893)	(10, 36.33238659080424)	(15, 37.35262648008611)	(20, 37.23432262032908)	(25, 37.01102568045517)	(30, 37.04500999538674)	(35, 36.683152391204054)	(40, 36.96789481777641)	(45, 37.036550822697215)	(50, 36.79576503152391)	(55, 36.8843272335845)	(60, 35.92759341842227)	(65, 36.028277717976316)	(70, 36.2282054436414)	(75, 37.31767491926803)	(80, 36.63228202368138)	(85, 35.71521912963247)	(90, 36.88556666154083)	(95, 36.18974780870368)	(100, 36.96039520221436)	(105, 36.4283622943257)	(110, 36.81893741350146)	(115, 36.66099338766723)	(120, 36.5463678302322)	(125, 35.256922958634476)	(130, 36.796269414116566)	(135, 35.73833000153776)	(140, 36.0017022912502)	(145, 35.10250192218975)	(150, 36.30961248654467)	(155, 34.77421805320621)	(160, 35.48588343841304)	(165, 35.29262186683069)	(170, 34.938539135783486)	(175, 34.45465477471936)	(180, 34.52225280639705)	(185, 35.41119329540213)	(190, 34.08162694141165)	(195, 34.63102875595879)	(200, 34.05206981393203)	(205, 32.16816392434261)	(210, 33.452331231739194)	(215, 31.65770413655236)	(220, 31.37415039212671)	(225, 32.1002906350915)	(230, 32.809366446255574)	(235, 32.16236660003075)	(240, 30.37031523912041)	(245, 29.676151007227435)	(250, 27.5108303859757)	(255, 27.986670767338147)	(260, 23.485605105336)	(265, 28.69775334461018)	(270, 24.8897308934338)	(275, 26.727839458711365)	(280, 22.126810702752575)	(285, 23.817757957865602)	(290, 19.933144702445027)	(295, 22.53556666154083)	(300, 19.45544364139628)
1067R_R_M_S2_week7_S58_L001_R1_001	(1, 33.938075722825886)	(2, 33.94208369364966)	(3, 33.94376809414596)	(4, 33.965996164981014)	(5, 33.89017558371245)	(6, 37.86384178666767)	(7, 37.85832988682934)	(8, 37.774170019175095)	(9, 37.26468398691582)	(10, 37.456714667067715)	(15, 37.77685453246607)	(20, 37.68045569049141)	(25, 37.58725420160168)	(30, 37.54412302139339)	(35, 37.62612174305373)	(40, 37.40501109147648)	(45, 37.71346392450276)	(50, 37.35598300560214)	(55, 37.50641049742451)	(60, 37.46789036357484)	(65, 37.45183592134451)	(70, 37.401201639282625)	(75, 37.02485543482347)	(80, 37.32230101139226)	(85, 37.321669361206155)	(90, 37.664592247245935)	(95, 36.93253224047825)	(100, 37.063852314170774)	(105, 37.20488927322631)	(110, 37.22189269466481)	(115, 37.01269316088281)	(120, 36.647454976125125)	(125, 36.954779862390495)	(130, 36.658543444749405)	(135, 36.381259540549685)	(140, 36.5603308643832)	(145, 36.18713238335151)	(150, 36.71797871940445)	(155, 36.75157799751852)	(160, 36.47004098206564)	(165, 36.46893258638192)	(170, 36.410480881302405)	(175, 36.75380531638906)	(180, 36.481517464375685)	(185, 36.62553521073805)	(190, 36.40696469526638)	(195, 36.22587660262435)	(200, 35.9556807158702)	(205, 36.297382411550174)	(210, 36.365729969545434)	(215, 35.89994510659098)	(220, 35.99086363123661)	(225, 35.63238560739933)	(230, 35.85356393578223)	(235, 35.45519870662104)	(240, 35.41805917960672)	(245, 35.07966161597172)	(250, 35.40275068616761)	(255, 35.24904914088055)	(260, 35.46702410046246)	(265, 34.683433469940226)	(270, 32.65861713727112)	(275, 34.68911380982818)	(280, 34.11140354175283)	(285, 33.119386396962064)	(290, 31.793405271271194)	(295, 29.86699402188217)	(300, 25.75410008647592)
1067R_R_M_S2_week7_S58_L001_R2_001	(1, 31.836680828664885)	(2, 33.0387186524796)	(3, 33.66674436966575)	(4, 33.58765274279054)	(5, 33.43912471331353)	(6, 37.50444787006053)	(7, 36.01930292890176)	(8, 35.75606271383991)	(9, 36.21264804301237)	(10, 36.41870586908298)	(15, 37.41332029928187)	(20, 37.23334210625258)	(25, 37.038470504192205)	(30, 37.18644358386284)	(35, 36.62135128021957)	(40, 37.06110764371921)	(45, 37.136120615106975)	(50, 36.906087152686396)	(55, 36.9456840997105)	(60, 36.251270444035036)	(65, 36.17917509493552)	(70, 36.473835394969356)	(75, 37.35795616046922)	(80, 36.793642892055495)	(85, 35.80590592924014)	(90, 36.97886378162951)	(95, 36.2683716208595)	(100, 37.0178711884799)	(105, 36.52002406286423)	(110, 36.8598969808625)	(115, 36.67985712674361)	(120, 36.74363123660564)	(125, 34.9937571906606)	(130, 36.88635410008648)	(135, 35.64363499642817)	(140, 36.10256495093431)	(145, 35.26902282212279)	(150, 36.44169943978644)	(155, 35.24554649020566)	(160, 35.45214873857954)	(165, 35.27482347633192)	(170, 34.970584652404405)	(175, 34.45308267849758)	(180, 34.450623754558784)	(185, 35.00384705041922)	(190, 34.02660751212543)	(195, 34.72881152009625)	(200, 33.92846862428094)	(205, 31.31020491032823)	(210, 33.143477835846156)	(215, 30.672763093581985)	(220, 30.795650637289917)	(225, 31.43046509004775)	(230, 31.534964093694782)	(235, 31.55768996503365)	(240, 28.895661916757525)	(245, 27.85440312817235)	(250, 26.220166184156106)	(255, 27.151015528067074)	(260, 22.172681129450687)	(265, 27.415735609279245)	(270, 23.807733202992818)	(275, 25.94403880136857)	(280, 21.043150731285486)	(285, 22.41283302628116)	(290, 18.778375004699775)	(295, 21.280183479339776)	(300, 18.552265293078165)
1067R_R_M_S2_week9_S59_L001_R1_001	(1, 33.92323630803196)	(2, 33.93327964821165)	(3, 33.93403968476579)	(4, 33.96120194352205)	(5, 33.89730458464907)	(6, 37.852163842165744)	(7, 37.86313913192968)	(8, 37.75584730503705)	(9, 37.28019109490504)	(10, 37.469823834384414)	(15, 37.76682802363352)	(20, 37.71792690981805)	(25, 37.6548565431004)	(30, 37.57931071922983)	(35, 37.676190045330756)	(40, 37.39610390785462)	(45, 37.753145556048175)	(50, 37.44898797513595)	(55, 37.579185856081644)	(60, 37.503531455560484)	(65, 37.499016476506725)	(70, 37.49259959645678)	(75, 37.098583979515205)	(80, 37.3229449606862)	(85, 37.34985025470272)	(90, 37.67626966820785)	(95, 37.144879253716496)	(100, 37.14712498077289)	(105, 37.2616443933732)	(110, 37.351808253635056)	(115, 37.035712669990325)	(120, 36.818081631545134)	(125, 36.962655061029125)	(130, 36.744287510970764)	(135, 36.61929769003176)	(140, 36.777495679554114)	(145, 36.47508980193809)	(150, 36.79386180001991)	(155, 36.8133494991902)	(160, 36.62882167189946)	(165, 36.55540756960216)	(170, 36.536681716596846)	(175, 36.83944589715982)	(180, 36.64877986988898)	(185, 36.75255381330245)	(190, 36.60418201065861)	(195, 36.283623926674565)	(200, 36.089192099239064)	(205, 36.393570452674155)	(210, 36.3508799232725)	(215, 36.02286262339284)	(220, 36.13783986753649)	(225, 35.828790908515124)	(230, 35.924019869527065)	(235, 35.644988735172504)	(240, 35.35016512698944)	(245, 35.08956306946192)	(250, 35.57931614806236)	(255, 35.29484170429149)	(260, 35.52380090661503)	(265, 35.00034201644936)	(270, 33.19721500891233)	(275, 35.07750020358122)	(280, 34.344640385085185)	(285, 33.66538304937524)	(290, 32.80787361677871)	(295, 30.700614362881264)	(300, 28.26678187855702)
1067R_R_M_S2_week9_S59_L001_R2_001	(1, 31.866839786104)	(2, 33.03344160838212)	(3, 33.67602537074402)	(4, 33.60202133531184)	(5, 33.47314085105998)	(6, 37.5198650030311)	(7, 36.10436025732666)	(8, 35.93493544213317)	(9, 36.23750237511423)	(10, 36.47318609133106)	(15, 37.45472444150886)	(20, 37.367164611250345)	(25, 37.17843486758173)	(30, 37.19417124347409)	(35, 36.890951040978635)	(40, 37.10846988355154)	(45, 37.19679517919671)	(50, 36.986610689371254)	(55, 37.03748970783833)	(60, 36.25898788465541)	(65, 36.31462075080754)	(70, 36.51449769727021)	(75, 37.412958623248066)	(80, 36.85765782068567)	(85, 36.05141647288751)	(90, 37.072482152713064)	(95, 36.469414862333856)	(100, 37.129691189909614)	(105, 36.61870051845351)	(110, 36.9245410374499)	(115, 36.846277178092855)	(120, 36.74794111526317)	(125, 35.64522941341465)	(130, 36.96610056007456)	(135, 36.086425204259825)	(140, 36.3022629183594)	(145, 35.55783606735372)	(150, 36.56755367758164)	(155, 35.14846771201853)	(160, 35.818083441155984)	(165, 35.62811049483808)	(170, 35.35877525538133)	(175, 34.945814822522415)	(180, 35.01526949629482)	(185, 35.678430343554616)	(190, 34.52906687416871)	(195, 35.067940029496654)	(200, 34.43306159010505)	(205, 32.68775345861872)	(210, 33.897103717845475)	(215, 32.304445309036296)	(220, 31.963054985025472)	(225, 32.52907049339039)	(230, 33.124665900598075)	(235, 32.59247382850318)	(240, 30.826581373675587)	(245, 30.13028293265533)	(250, 28.17748301227821)	(255, 28.43322083585925)	(260, 24.02466318618181)	(265, 29.233276933795388)	(270, 25.402665556772014)	(275, 27.169897123623564)	(280, 22.746974783072897)	(285, 24.367389002994905)	(290, 20.369111752517618)	(295, 22.982694691506595)	(300, 19.767274997511784)
1075R_L_M_NS6_week9_S84_L001_R1_001	(1, 33.94292963617416)	(2, 33.94746953015269)	(3, 33.93228218023651)	(4, 33.957591409541934)	(5, 33.883294821258666)	(6, 37.84536269312673)	(7, 37.86817996465951)	(8, 37.79548729101536)	(9, 37.34323773277151)	(10, 37.475610529654304)	(15, 37.768139187168686)	(20, 37.73187078066241)	(25, 37.68936976122514)	(30, 37.59910289520185)	(35, 37.63013184722034)	(40, 37.396668932082825)	(45, 37.683595668524305)	(50, 37.493588872275836)	(55, 37.58802229169498)	(60, 37.49103529518372)	(65, 37.560755742829954)	(70, 37.51974264872457)	(75, 37.121370123691726)	(80, 37.31438539259662)	(85, 37.40716052738888)	(90, 37.692824067781245)	(95, 37.29747270173531)	(100, 37.32709528340356)	(105, 37.2733487381632)	(110, 37.34548321326628)	(115, 37.11577726428345)	(120, 36.77785147931675)	(125, 36.8402627882742)	(130, 36.65577273345114)	(135, 36.84537900412306)	(140, 36.92110189841874)	(145, 36.47075710207965)	(150, 36.80029359793394)	(155, 36.83209641611164)	(160, 36.713698518417836)	(165, 36.7651760228354)	(170, 36.70818721399121)	(175, 36.926859680123236)	(180, 36.76563091839971)	(185, 36.79086765438811)	(190, 36.67894159757147)	(195, 36.291725794028366)	(200, 36.16894929998641)	(205, 36.47566671197499)	(210, 36.41283131711295)	(215, 36.13378097956594)	(220, 36.31930406415658)	(225, 35.69629830999955)	(230, 35.823239545104435)	(235, 35.579922975850664)	(240, 35.36137918535635)	(245, 34.5310189841874)	(250, 35.63701690000453)	(255, 35.17351637895882)	(260, 35.54081826831589)	(265, 35.110084726564274)	(270, 33.479831453037924)	(275, 35.307386162838114)	(280, 34.30183498708713)	(285, 33.87276335462825)	(290, 33.3788265144307)	(295, 31.477868696479543)	(300, 30.00683702596167)
1075R_L_M_NS6_week9_S84_L001_R2_001	(1, 32.80880793801821)	(2, 33.48659326718318)	(3, 33.66151964115808)	(4, 33.81519641158081)	(5, 33.59372026641294)	(6, 37.5014997054959)	(7, 36.211064292510535)	(8, 35.884155679398305)	(9, 35.621557700149516)	(10, 36.72622173893344)	(15, 37.425707942549046)	(20, 37.44419373838974)	(25, 37.291183906483624)	(30, 37.211461193421236)	(35, 37.081748901273166)	(40, 37.16890942866205)	(45, 37.08198269222056)	(50, 37.03259480766617)	(55, 37.20078292782384)	(60, 36.48964161116397)	(65, 36.621887544741966)	(70, 36.69301073807259)	(75, 37.470276833854385)	(80, 36.91036382583481)	(85, 36.315958497576005)	(90, 37.18402790992705)	(95, 36.7819890353858)	(100, 37.22408409224774)	(105, 36.74234968963798)	(110, 37.047031851751164)	(115, 36.92621811426759)	(120, 36.88725476870101)	(125, 36.14810928367541)	(130, 37.0704345068189)	(135, 36.15093108604051)	(140, 36.539107426034164)	(145, 35.78542884327851)	(150, 36.74546508993702)	(155, 35.11236645371755)	(160, 36.065664446558834)	(165, 35.985439717276066)	(170, 36.00468488061257)	(175, 35.373907842870736)	(180, 35.493605183272166)	(185, 36.06314167912645)	(190, 34.9629921616601)	(195, 35.51047619047618)	(200, 34.96112545874677)	(205, 33.90965157899507)	(210, 34.757160074305645)	(215, 33.35788863214172)	(220, 32.56922658692402)	(225, 33.451812786008794)	(230, 33.92738344433873)	(235, 33.003787775814416)	(240, 32.079001404558014)	(245, 31.552531376013775)	(250, 29.736620905260292)	(255, 29.568244302478366)	(260, 25.19463549454035)	(265, 31.013686738253817)	(270, 26.926473653210092)	(275, 28.091508314077295)	(280, 24.276670744415746)	(285, 25.796828417380276)	(290, 21.710323954510443)	(295, 24.434126228988266)	(300, 20.749540120520138)
1076R_0_M_S5_week9_S76_L001_R1_001	(1, 33.94189447453726)	(2, 33.94801862586715)	(3, 33.93266601201601)	(4, 33.957521619310086)	(5, 33.89403106422968)	(6, 37.84841669570359)	(7, 37.862702862512805)	(8, 37.7781790152787)	(9, 37.31204662802116)	(10, 37.45775919414616)	(15, 37.759223711024525)	(20, 37.707696368800626)	(25, 37.655410898877584)	(30, 37.57601022099739)	(35, 37.6328444571151)	(40, 37.434003822315134)	(45, 37.73667627524893)	(50, 37.418653320240324)	(55, 37.5428595563158)	(60, 37.48232971163695)	(65, 37.43592342699061)	(70, 37.42869904019766)	(75, 37.078923416431735)	(80, 37.30807437676201)	(85, 37.26653996008743)	(90, 37.61338866187294)	(95, 37.00462479014223)	(100, 37.03143590230923)	(105, 37.163472604981685)	(110, 37.16476501208992)	(115, 36.89925771062329)	(120, 36.694989810679246)	(125, 36.94630175171845)	(130, 36.64208347851796)	(135, 36.451012068801674)	(140, 36.638187251206354)	(145, 36.337687816106516)	(150, 36.6836643542716)	(155, 36.664193776595184)	(160, 36.4897694996146)	(165, 36.46813012765688)	(170, 36.44177938272778)	(175, 36.71385219677531)	(180, 36.54109411131172)	(185, 36.59000073912172)	(190, 36.32260973317706)	(195, 36.07603028287244)	(200, 35.96379781853506)	(205, 36.283537647692356)	(210, 36.239650712196564)	(215, 35.935200143600795)	(220, 35.90752742669496)	(225, 35.64074038877802)	(230, 35.64790142228135)	(235, 35.27171381207303)	(240, 35.19083489076837)	(245, 34.99683444729534)	(250, 35.20972050640396)	(255, 35.11260836052246)	(260, 35.357614537468194)	(265, 34.69001868922044)	(270, 32.82704340756227)	(275, 34.78447844404321)	(280, 34.10461528714879)	(285, 33.29915212180726)	(290, 32.198365485127816)	(295, 30.3141774103287)	(300, 27.463128385441415)
1076R_0_M_S5_week9_S76_L001_R2_001	(1, 32.82551448150612)	(2, 33.188159270170104)	(3, 33.3782296979104)	(4, 33.55090964765012)	(5, 33.366593810383606)	(6, 37.16291298425671)	(7, 35.5534226614717)	(8, 35.40420454665442)	(9, 36.28791958355771)	(10, 36.82887854118492)	(15, 37.32162353363532)	(20, 37.232823339351896)	(25, 37.03048560296494)	(30, 37.10939001340978)	(35, 36.73674807564383)	(40, 36.86566990824332)	(45, 36.95526201864699)	(50, 36.82105018636426)	(55, 36.804635349023826)	(60, 36.01747072550076)	(65, 36.02207862143242)	(70, 36.296218864497874)	(75, 37.27505886576493)	(80, 36.69015384290496)	(85, 35.697359223711025)	(90, 36.890155954681276)	(95, 36.078218083140634)	(100, 36.91436324664492)	(105, 36.43066299217587)	(110, 36.78917714635666)	(115, 36.65437612848047)	(120, 36.567290696569415)	(125, 35.1921885393899)	(130, 36.760024074250055)	(135, 35.73253930543677)	(140, 36.04559747431552)	(145, 34.86964215950246)	(150, 36.298721319437846)	(155, 34.7961037726884)	(160, 35.53048454707677)	(165, 35.22298668525029)	(170, 34.96454961090521)	(175, 34.56258143537436)	(180, 34.53226899806772)	(185, 35.247852851425975)	(190, 34.05398756163747)	(195, 34.358571172141446)	(200, 34.10192910766891)	(205, 32.01344779160991)	(210, 33.44758676760957)	(215, 31.619533930966032)	(220, 31.231176153821785)	(225, 31.54151435479954)	(230, 32.398052942232354)	(235, 32.00919678587644)	(240, 29.89588731561553)	(245, 29.08313429841511)	(250, 27.01045751633987)	(255, 27.869908243318868)	(260, 23.48117879354219)	(265, 28.4064620355412)	(270, 24.900341051875785)	(275, 26.73616733715565)	(280, 22.174755825862924)	(285, 23.569516508811386)	(290, 19.87150052266464)	(295, 22.255788906838987)	(300, 19.24239496552525)
1121R_0_M_NS1_week5_S26_L001_R1_001	(1, 33.93703143923849)	(2, 33.94327724784049)	(3, 33.93599047113816)	(4, 33.96251513907934)	(5, 33.886864784249354)	(6, 37.859759576406056)	(7, 37.85551562953547)	(8, 37.775281011340546)	(9, 37.29194150560021)	(10, 37.48844625501717)	(15, 37.780035432952644)	(20, 37.69045412233377)	(25, 37.62366801125046)	(30, 37.494942296335594)	(35, 37.56895112454582)	(40, 37.42979370814858)	(45, 37.69727646711441)	(50, 37.39633058744632)	(55, 37.53971393395858)	(60, 37.489877586155124)	(65, 37.49207963405968)	(70, 37.449502036894316)	(75, 37.090219904511194)	(80, 37.319799413454504)	(85, 37.34299298347463)	(90, 37.66128299318366)	(95, 37.039648873452315)	(100, 37.185060105898486)	(105, 37.217139940144335)	(110, 37.175713413474526)	(115, 37.04315213148228)	(120, 36.703426186353305)	(125, 37.01617704465152)	(130, 36.807286776702334)	(135, 36.57799753771007)	(140, 36.689921627113215)	(145, 36.25805799393436)	(150, 36.751182599817824)	(155, 36.77024632908605)	(160, 36.50705355981062)	(165, 36.578544045962744)	(170, 36.512558679572)	(175, 36.801675558269196)	(180, 36.58136066541884)	(185, 36.66581120442011)	(190, 36.28475081826099)	(195, 36.13528181208524)	(200, 35.99126787912759)	(205, 36.33167645910697)	(210, 36.31958321238752)	(215, 35.89500235218754)	(220, 35.930129019988584)	(225, 35.43880608966339)	(230, 35.78765251684066)	(235, 35.35868958131062)	(240, 35.37984325422643)	(245, 34.9905932517241)	(250, 35.189828540542706)	(255, 35.13376039716937)	(260, 35.431487283173354)	(265, 34.72493819251905)	(270, 32.69515249181739)	(275, 34.68554956109181)	(280, 34.14017236029507)	(285, 33.30760206992503)	(290, 32.149505039686915)	(295, 30.19142602620437)	(300, 26.91358463370935)
1121R_0_M_NS1_week5_S26_L001_R2_001	(1, 32.82981172490416)	(2, 33.23958281201517)	(3, 33.61968630826669)	(4, 33.595113455513626)	(5, 33.72095048395008)	(6, 37.69986087060967)	(7, 36.035092636151624)	(8, 35.56585624630907)	(9, 35.94977328915892)	(10, 36.41461158877756)	(15, 37.404886544486374)	(20, 37.29877185782778)	(25, 37.105185822815216)	(30, 37.17519893500956)	(35, 36.73716756583623)	(40, 37.004426116288144)	(45, 37.021155674777546)	(50, 36.94274675448166)	(55, 37.05558969841953)	(60, 36.48368582781987)	(65, 36.34398590689341)	(70, 36.52554475662366)	(75, 37.365664067582856)	(80, 36.781268579779194)	(85, 35.873766602940734)	(90, 36.99321569059225)	(95, 36.404730399271315)	(100, 37.035729228182205)	(105, 36.55249782297536)	(110, 36.86824346642378)	(115, 36.74785150189676)	(120, 36.75862952545869)	(125, 35.36830852693004)	(130, 36.89850160649404)	(135, 35.799637663026616)	(140, 36.38753040327505)	(145, 35.42939934138749)	(150, 36.51990150840282)	(155, 35.34147757414395)	(160, 35.66879798212337)	(165, 35.49329876785411)	(170, 35.38946420170758)	(175, 34.756827849900404)	(180, 34.93117799553585)	(185, 35.26636572011971)	(190, 34.15223357722682)	(195, 34.79950353829061)	(200, 34.2590228912889)	(205, 32.1287657521495)	(210, 33.65272703614362)	(215, 31.228510514778748)	(220, 31.064606083657804)	(225, 31.700459427267354)	(230, 32.01114836798222)	(235, 31.840063258830714)	(240, 29.495925210445716)	(245, 28.597375559270127)	(250, 26.915871760737485)	(255, 27.768106338895166)	(260, 23.025063308877254)	(265, 28.527526599737758)	(270, 24.71602390222907)	(275, 26.481213528581584)	(280, 21.922443872801704)	(285, 23.24941595683986)	(290, 19.595497812966055)	(295, 21.967750007506982)	(300, 19.072902799603632)
1121R_0_M_NS1_week6_S27_L001_R1_001	(1, 33.92339763904294)	(2, 33.92864641102836)	(3, 33.929706068768816)	(4, 33.95975281254952)	(5, 33.90278878149263)	(6, 37.8533116780225)	(7, 37.866106797654886)	(8, 37.74232490888924)	(9, 37.294079781334176)	(10, 37.48537870385042)	(15, 37.77535652036128)	(20, 37.69899580098241)	(25, 37.64352519410553)	(30, 37.53062113769609)	(35, 37.59378070036444)	(40, 37.45577562985264)	(45, 37.70957455236888)	(50, 37.43009427982887)	(55, 37.574011646331805)	(60, 37.51459950879416)	(65, 37.51153541435589)	(70, 37.47299358263349)	(75, 37.135372761844394)	(80, 37.37792940896847)	(85, 37.39209911266043)	(90, 37.7183013785454)	(95, 37.14267746791317)	(100, 37.26990770083981)	(105, 37.278626604341625)	(110, 37.29286761210584)	(115, 37.1191906987799)	(120, 36.76361313579464)	(125, 37.044402630328)	(130, 36.85286800823958)	(135, 36.688698304547614)	(140, 36.76964625257487)	(145, 36.366556409443824)	(150, 36.871737838694344)	(155, 36.892204088100144)	(160, 36.629979401045794)	(165, 36.70140231342101)	(170, 36.597910394549196)	(175, 36.90775035652036)	(180, 36.68225122801458)	(185, 36.78321977499604)	(190, 36.48032799873237)	(195, 36.29947314213278)	(200, 36.14284384408175)	(205, 36.463844874029476)	(210, 36.45704127713516)	(215, 36.001432023451116)	(220, 36.05514181587704)	(225, 35.58874385992711)	(230, 35.91691491047378)	(235, 35.621733877356995)	(240, 35.53707613690382)	(245, 35.15559935034067)	(250, 35.475889320234515)	(255, 35.293400411979086)	(260, 35.62602202503565)	(265, 34.97384328949453)	(270, 32.947547932181905)	(275, 34.931973934400254)	(280, 34.28837347488512)	(285, 33.49360045951513)	(290, 32.36937093962921)	(295, 30.39767073363968)	(300, 27.12842655680558)
1121R_0_M_NS1_week6_S27_L001_R2_001	(1, 32.86197710347013)	(2, 33.26718230074473)	(3, 33.639884725083185)	(4, 33.613353668198386)	(5, 33.7443649976232)	(6, 37.727608540643324)	(7, 36.12964466803993)	(8, 35.64524243384567)	(9, 35.92581405482491)	(10, 36.447668752971005)	(15, 37.43866265251149)	(20, 37.35506258913009)	(25, 37.175255506258914)	(30, 37.22559221993345)	(35, 36.8230312153383)	(40, 37.11985026144826)	(45, 37.13472508318809)	(50, 36.999843527174775)	(55, 37.1341586119474)	(60, 36.55538543812391)	(65, 36.4594973062906)	(70, 36.64634764696562)	(75, 37.40792663603232)	(80, 36.88372088417049)	(85, 36.06233362383141)	(90, 37.08074988115989)	(95, 36.57078909839962)	(100, 37.10920614799557)	(105, 36.6085089526224)	(110, 36.90792663603232)	(115, 36.828945491998105)	(120, 36.81936895896054)	(125, 35.51911741403897)	(130, 36.974003723657106)	(135, 35.971310014260816)	(140, 36.45430201235938)	(145, 35.67668752971003)	(150, 36.62613690381873)	(155, 35.44181191570274)	(160, 35.78457455236888)	(165, 35.68647203295833)	(170, 35.5487402947235)	(175, 35.0089763904294)	(180, 35.179406987799084)	(185, 35.41596220884171)	(190, 34.44232490888924)	(195, 35.194420456346066)	(200, 34.44468388527967)	(205, 32.444664078592936)	(210, 33.94070076057677)	(215, 31.59659919188718)	(220, 31.521001029947712)	(225, 32.225413959752814)	(230, 32.39539494533354)	(235, 32.14930280462684)	(240, 29.992039692600223)	(245, 29.113409126921248)	(250, 27.566536602757093)	(255, 28.125146569481853)	(260, 23.396066392013942)	(265, 28.89722904452543)	(270, 24.890542307082875)	(275, 26.8013805260656)	(280, 22.376804389161784)	(285, 23.714617334812235)	(290, 19.879365393756935)	(295, 22.389486610679768)	(300, 19.377891776263667)
1121R_0_M_NS1_week7_S28_L001_R1_001	(1, 33.93776855830493)	(2, 33.941062493588795)	(3, 33.92294015067759)	(4, 33.95773732860709)	(5, 33.884017005368314)	(6, 37.8364088127016)	(7, 37.85069013073162)	(8, 37.76422717895529)	(9, 37.30380569201135)	(10, 37.45748088035835)	(15, 37.7529799286504)	(20, 37.68002553084788)	(25, 37.6199186204224)	(30, 37.51987188985263)	(35, 37.59247295895689)	(40, 37.39314998233357)	(45, 37.688334454107164)	(50, 37.39244560447702)	(55, 37.5311442150974)	(60, 37.47129033361068)	(65, 37.46386587186706)	(70, 37.43422729293229)	(75, 37.0453879207176)	(80, 37.30240149537823)	(85, 37.314909331296946)	(90, 37.668921891562285)	(95, 37.08747278799138)	(100, 37.183108608682765)	(105, 37.2162850336802)	(110, 37.24915600031913)	(115, 37.023921492642785)	(120, 36.679692718009505)	(125, 36.88360212909035)	(130, 36.699875765070615)	(135, 36.59611794339902)	(140, 36.69246270102693)	(145, 36.300153868949245)	(150, 36.77605115287734)	(155, 36.812687919577826)	(160, 36.545124633848886)	(165, 36.56246737408391)	(170, 36.49253336676659)	(175, 36.81662240559855)	(180, 36.59083396970491)	(185, 36.695872892850225)	(190, 36.41037190694917)	(195, 36.20211997218961)	(200, 36.04415013050367)	(205, 36.367621413998656)	(210, 36.316379634589744)	(215, 35.92752886467511)	(220, 36.02203403353203)	(225, 35.479487559410515)	(230, 35.745970343184744)	(235, 35.40535463943376)	(240, 35.326126947581976)	(245, 34.91142619419401)	(250, 35.365052372431244)	(255, 35.111259787774834)	(260, 35.447437227167555)	(265, 34.86172766335754)	(270, 32.856735470782)	(275, 34.82066858907872)	(280, 34.04496164673969)	(285, 33.3207130401085)	(290, 32.26754504940903)	(295, 30.2859796892987)	(300, 27.387937814149105)
1121R_0_M_NS1_week7_S28_L001_R2_001	(1, 32.91668281340825)	(2, 33.28119265532216)	(3, 33.652313163203665)	(4, 33.63229880210174)	(5, 33.74051996307145)	(6, 37.735858303794295)	(7, 36.098521718317244)	(8, 35.65186865290585)	(9, 35.94135883378734)	(10, 36.44622223235351)	(15, 37.43255866966046)	(20, 37.36871559319329)	(25, 37.17827370436646)	(30, 37.23267264665991)	(35, 36.877723195459154)	(40, 37.126660359939365)	(45, 37.12636401974082)	(50, 36.99946202856264)	(55, 37.101601376842154)	(60, 36.44362355676624)	(65, 36.40312524932468)	(70, 36.61198354172128)	(75, 37.41041521820897)	(80, 36.893830425020234)	(85, 36.09905513067463)	(90, 37.09911439871434)	(95, 36.554607520202424)	(100, 37.120758630908284)	(105, 36.636144386062895)	(110, 36.940266934132694)	(115, 36.80684545858646)	(120, 36.77064408402384)	(125, 35.56586844774724)	(130, 36.976326977216004)	(135, 35.9663676670048)	(140, 36.41509739334602)	(145, 35.57334533891061)	(150, 36.61988670686255)	(155, 35.272637541744075)	(160, 35.77756476742993)	(165, 35.63500233652849)	(170, 35.50450323124794)	(175, 34.983028824783155)	(180, 35.163205945040296)	(185, 35.53650569315113)	(190, 34.49749364578228)	(195, 35.05122126354902)	(200, 34.439438321346756)	(205, 32.62047938725965)	(210, 33.97109999202161)	(215, 31.91192541345157)	(220, 31.785328880631887)	(225, 32.413191697915366)	(230, 32.74204269578399)	(235, 32.364799343492486)	(240, 30.421060669956802)	(245, 29.636616250840582)	(250, 28.009938794351303)	(255, 28.362606426023227)	(260, 23.8045112096379)	(265, 29.143793382495414)	(270, 25.327506069275223)	(275, 26.99750618325222)	(280, 22.696814342865608)	(285, 24.060318907644437)	(290, 20.22693732404801)	(295, 22.823885020002965)	(300, 19.603855841891104)
1121R_0_M_NS1_week9_S29_L001_R1_001	(1, 33.91387211313769)	(2, 33.945434129464964)	(3, 33.93617796121514)	(4, 33.95996074980021)	(5, 33.852063164496776)	(6, 37.83176029053241)	(7, 37.85505750963552)	(8, 37.73434291321457)	(9, 37.21414625757438)	(10, 37.40755262865062)	(15, 37.75803061110942)	(20, 37.66488422202665)	(25, 37.60269086421251)	(30, 37.464392582926166)	(35, 37.56212760361345)	(40, 37.336969034829494)	(45, 37.65981204414636)	(50, 37.37008285029286)	(55, 37.494137760108444)	(60, 37.42959545992535)	(65, 37.451087979120516)	(70, 37.40127664309632)	(75, 36.96479216614569)	(80, 37.24903644805924)	(85, 37.262820551728325)	(90, 37.634378319322636)	(95, 37.06719876989065)	(100, 37.153690833864424)	(105, 37.155483394535324)	(110, 37.20813126561662)	(115, 36.935819853722194)	(120, 36.59154906780775)	(125, 36.78271574964847)	(130, 36.59177566689933)	(135, 36.52716660091247)	(140, 36.63990571859225)	(145, 36.19757012938404)	(150, 36.66195057307315)	(155, 36.70199386968529)	(160, 36.47622429263654)	(165, 36.50206063548906)	(170, 36.43960830728455)	(175, 36.75676206083781)	(180, 36.52520813733524)	(185, 36.65487137466744)	(190, 36.379432086026725)	(195, 36.09163910048254)	(200, 35.938385279151866)	(205, 36.27733503282652)	(210, 36.21846377955145)	(215, 35.83094696165013)	(220, 35.93976105935075)	(225, 35.430376417508825)	(230, 35.66871415131559)	(235, 35.30133430447229)	(240, 35.17968903321093)	(245, 34.70025795878729)	(250, 35.24577706291159)	(255, 34.947064833641875)	(260, 35.36053331714768)	(265, 34.765221085854755)	(270, 32.859939506135376)	(275, 34.81403700444094)	(280, 34.01024551606931)	(285, 33.36243513095202)	(290, 32.43096921691805)	(295, 30.55253962955095)	(300, 28.1356104518831)
1121R_0_M_NS1_week9_S29_L001_R2_001	(1, 32.810577321881986)	(2, 33.204485448089585)	(3, 33.606577443274354)	(4, 33.55963906001841)	(5, 33.70607872295226)	(6, 37.683530090133836)	(7, 35.85984239223898)	(8, 35.39922915844739)	(9, 35.82747109344178)	(10, 36.36124143930887)	(15, 37.36874955742365)	(20, 37.30136060615257)	(25, 37.073418105672054)	(30, 37.10103082354607)	(35, 36.78811164051673)	(40, 37.01790739785338)	(45, 36.992678016853304)	(50, 36.88974335629673)	(55, 37.02556927963744)	(60, 36.325001770305406)	(65, 36.31046098752694)	(70, 36.46551141594084)	(75, 37.34601074322479)	(80, 36.78384874510637)	(85, 35.97718632717267)	(90, 37.02873964371339)	(95, 36.427723994213636)	(100, 37.0344127138276)	(105, 36.5444103871405)	(110, 36.86252718683297)	(115, 36.73692452429365)	(120, 36.7041951180035)	(125, 35.58471265414302)	(130, 36.88268034354041)	(135, 35.863433583199296)	(140, 36.30756173307841)	(145, 35.47173277492843)	(150, 36.48464487673616)	(155, 35.040275965322245)	(160, 35.672448989914315)	(165, 35.54435778377996)	(170, 35.464228703226)	(175, 34.878613699129005)	(180, 35.06491254691309)	(185, 35.51024045805387)	(190, 34.332520004451055)	(195, 34.880742112024926)	(200, 34.40646212052239)	(205, 32.7296794229816)	(210, 33.93336772783831)	(215, 31.92180712775535)	(220, 31.717202310501456)	(225, 32.49423082759249)	(230, 32.896931807835884)	(235, 32.370315519002965)	(240, 30.605128827653182)	(245, 29.970558303743946)	(250, 28.17881298493723)	(255, 28.61506276997157)	(260, 24.185930624260266)	(265, 29.438268944796825)	(270, 25.423829322327087)	(275, 27.173411024450445)	(280, 23.095754301842128)	(285, 24.496519073776213)	(290, 20.63438236573498)	(295, 23.105233022771188)	(300, 19.812125074605728)
1136R_0_F_S5_week9_S69_L001_R1_001	(1, 33.91275547718355)	(2, 33.94687766376242)	(3, 33.93741663033647)	(4, 33.95803049133606)	(5, 33.849619020971744)	(6, 37.83445794264818)	(7, 37.855299545167654)	(8, 37.73842910406486)	(9, 37.23239395378799)	(10, 37.4036816043414)	(15, 37.756757741584956)	(20, 37.69392190417938)	(25, 37.62783912339035)	(30, 37.53312207596156)	(35, 37.63021023795735)	(40, 37.3251329034441)	(45, 37.73049458951217)	(50, 37.40181672663861)	(55, 37.50070990285197)	(60, 37.4454559059883)	(65, 37.41313222672645)	(70, 37.41506087205481)	(75, 36.94379209151305)	(80, 37.24214649635938)	(85, 37.226932061451166)	(90, 37.60344345178061)	(95, 37.09940331721791)	(100, 37.08498532693922)	(105, 37.11320054918241)	(110, 37.27505709805248)	(115, 36.84349342477698)	(120, 36.61811260842124)	(125, 36.84171573954178)	(130, 36.47344338671161)	(135, 36.48871898648517)	(140, 36.685209164318756)	(145, 36.38593077959176)	(150, 36.66054280564539)	(155, 36.69029886194309)	(160, 36.54104748085344)	(165, 36.53816362252168)	(170, 36.47942713247399)	(175, 36.77410123435904)	(180, 36.58840079904739)	(185, 36.66678943019072)	(190, 36.529590130333226)	(195, 36.167432962656896)	(200, 36.015259983212204)	(205, 36.34609293155391)	(210, 36.26472153719019)	(215, 35.95239030992368)	(220, 36.11908408867604)	(225, 35.685992595147155)	(230, 35.693379228672015)	(235, 35.486893150185765)	(240, 35.04951751332288)	(245, 34.7801695698288)	(250, 35.482875789775065)	(255, 34.991844250828)	(260, 35.3159347488011)	(265, 34.77131758229602)	(270, 33.04834496984052)	(275, 35.0821821541745)	(280, 34.00699621949077)	(285, 33.73438962019221)	(290, 32.95158345425324)	(295, 30.958279054937766)	(300, 29.419893547106707)
1136R_0_F_S5_week9_S69_L001_R2_001	(1, 32.739515756459724)	(2, 33.77614960665786)	(3, 33.7825784244191)	(4, 33.59946122863297)	(5, 33.791479864396194)	(6, 37.679313912404105)	(7, 35.90740029801604)	(8, 35.818854395085985)	(9, 37.16604959559613)	(10, 36.812749620973044)	(15, 37.41992673229961)	(20, 37.37286752601134)	(25, 37.150787009623706)	(30, 37.168762973133006)	(35, 36.925554550600914)	(40, 37.06334858117033)	(45, 37.121114241653274)	(50, 36.92439241815946)	(55, 36.942350162347175)	(60, 36.07800081986947)	(65, 36.141644814325595)	(70, 36.4020652902403)	(75, 37.38056649076346)	(80, 36.769049276758)	(85, 35.92540879602819)	(90, 37.00169439690792)	(95, 36.35066467989303)	(100, 37.075460525887706)	(105, 36.57580994644821)	(110, 36.909122023906356)	(115, 36.786240508058796)	(120, 36.71957861311921)	(125, 35.84097785701737)	(130, 36.95980817657126)	(135, 36.1377159477626)	(140, 36.17687968090159)	(145, 35.4323952551681)	(150, 36.46582250476631)	(155, 34.84981422798878)	(160, 35.86182987057775)	(165, 35.681118926621686)	(170, 35.35132057547029)	(175, 35.03016078551303)	(180, 35.042535609013356)	(185, 35.83758776182142)	(190, 34.55667185049746)	(195, 34.894851089580506)	(200, 34.43250326971754)	(205, 32.86405523057202)	(210, 34.127375181379854)	(215, 32.52780593819746)	(220, 32.255381532114804)	(225, 32.83058893957041)	(230, 33.62912748970283)	(235, 32.88398066149151)	(240, 31.49570479493503)	(245, 30.96202442690473)	(250, 28.898822901687236)	(255, 28.94306852416988)	(260, 24.85665558324603)	(265, 30.002109537164166)	(270, 26.024943552637573)	(275, 27.710861969118252)	(280, 23.6240377920785)	(285, 25.214800596032095)	(290, 21.190057455932017)	(295, 23.619342412628594)	(300, 20.259677387869836)
1151R_R_M_NS1_week5_S30_L001_R1_001	(1, 33.90205366845933)	(2, 33.89640631240653)	(3, 33.91850345064601)	(4, 33.94715820956521)	(5, 33.84831090181217)	(6, 37.826353089791105)	(7, 37.83649603849119)	(8, 37.73224287346393)	(9, 37.14307873789023)	(10, 37.42042336593567)	(15, 37.76152181384159)	(20, 37.69003446001802)	(25, 37.62847827904255)	(30, 37.463521609496475)	(35, 37.55933532105405)	(40, 37.32486229925414)	(45, 37.68275420068549)	(50, 37.40113504425929)	(55, 37.51831210930605)	(60, 37.443720567336364)	(65, 37.485048439081936)	(70, 37.45005898143246)	(75, 36.97799388822322)	(80, 37.20948161358338)	(85, 37.2895551778267)	(90, 37.62107169727199)	(95, 37.146820111275204)	(100, 37.16495295418026)	(105, 37.14396671032221)	(110, 37.206667223971536)	(115, 36.91595285200769)	(120, 36.635511466547776)	(125, 36.78796407241248)	(130, 36.65947000306518)	(135, 36.595972543446564)	(140, 36.687534018818326)	(145, 36.22880151586926)	(150, 36.60816080103287)	(155, 36.649423653876525)	(160, 36.49858537446244)	(165, 36.50690965159157)	(170, 36.476605270246424)	(175, 36.753113940981414)	(180, 36.55250833635206)	(185, 36.63823297201401)	(190, 36.397791215017506)	(195, 36.035899722276405)	(200, 35.8972441273999)	(205, 36.24215082527563)	(210, 36.14128607388005)	(215, 35.83583284569157)	(220, 36.00835585773864)	(225, 35.27006808407873)	(230, 35.56109454677181)	(235, 35.30074771737212)	(240, 35.10881006121065)	(245, 34.56434920723382)	(250, 35.31464690092047)	(255, 34.92354520206946)	(260, 35.26239213828592)	(265, 34.773671060086755)	(270, 33.068323719824264)	(275, 34.92184913757071)	(280, 34.00556747568758)	(285, 33.556788437781556)	(290, 32.851749472882474)	(295, 30.871751144797095)	(300, 29.49269930615543)
1151R_R_M_NS1_week5_S30_L001_R2_001	(1, 32.84140960979371)	(2, 33.20894288553887)	(3, 33.61338832074753)	(4, 33.588690426431114)	(5, 33.71198484130744)	(6, 37.7016189706579)	(7, 35.79495824857655)	(8, 35.34815764297192)	(9, 35.76768746342687)	(10, 36.346292529328174)	(15, 37.37856048151141)	(20, 37.3528965920807)	(25, 37.140370236204376)	(30, 37.10921875145131)	(35, 36.89680942959846)	(40, 36.99199895969757)	(45, 36.978463881999986)	(50, 36.92774728081664)	(55, 37.07920231095754)	(60, 36.40867723688243)	(65, 36.411517634055045)	(70, 36.46127752853865)	(75, 37.37533740165891)	(80, 36.741351092781976)	(85, 36.00746231225792)	(90, 37.044675416353186)	(95, 36.5144202636052)	(100, 37.07477359489509)	(105, 36.58670270571516)	(110, 36.88272076239307)	(115, 36.81680274193998)	(120, 36.72872070666258)	(125, 35.852524126656824)	(130, 36.91436639080075)	(135, 36.03658334958806)	(140, 36.45591625565432)	(145, 35.55856438264552)	(150, 36.53310669601806)	(155, 34.935889505020384)	(160, 35.778868856874816)	(165, 35.71176563472381)	(170, 35.60605047324472)	(175, 35.06437800131895)	(180, 35.306313335376785)	(185, 35.77654489555179)	(190, 34.39516445137979)	(195, 35.014930197564574)	(200, 34.65681537418378)	(205, 33.405493168371095)	(210, 34.18160708148726)	(215, 32.30896796425818)	(220, 31.97968252199032)	(225, 32.813304725016486)	(230, 33.56557342027289)	(235, 32.72716025301641)	(240, 31.32306591987814)	(245, 30.814038509766768)	(250, 28.86609635801265)	(255, 29.16246737444386)	(260, 24.97599873677562)	(265, 30.318774672351175)	(270, 26.13961787462498)	(275, 27.696692395574996)	(280, 23.871596957115386)	(285, 25.36133233018456)	(290, 21.385359600969707)	(295, 23.788759160698863)	(300, 20.409084998281642)
1151R_R_M_NS1_week6_S31_L001_R1_001	(1, 33.95757701662815)	(2, 33.961532801855846)	(3, 33.94925861486925)	(4, 33.952729664926814)	(5, 33.87485176625378)	(6, 37.82862880538749)	(7, 37.81696919334874)	(8, 37.74740104044942)	(9, 37.20930172167545)	(10, 37.418584400183505)	(15, 37.7650609814156)	(20, 37.664313969894486)	(25, 37.59911362711747)	(30, 37.44919542617743)	(35, 37.53920555368009)	(40, 37.30836947207146)	(45, 37.66444727206626)	(50, 37.360959775636864)	(55, 37.48753278454387)	(60, 37.42955845819592)	(65, 37.4420663567824)	(70, 37.397354730928704)	(75, 36.95354852112493)	(80, 37.21747816527738)	(85, 37.25488413963835)	(90, 37.60423623914756)	(95, 37.07142745851619)	(100, 37.112278514979174)	(105, 37.11572359708121)	(110, 37.1616072433284)	(115, 36.89433465769907)	(120, 36.57483012629083)	(125, 36.788305764020535)	(130, 36.62381434642983)	(135, 36.52271590191038)	(140, 36.62961385650108)	(145, 36.204566897781476)	(150, 36.61578505457599)	(155, 36.64638915578177)	(160, 36.43319570316895)	(165, 36.4689449219663)	(170, 36.42022038138271)	(175, 36.71139041089962)	(180, 36.48380378612792)	(185, 36.58877838081142)	(190, 36.28739255758394)	(195, 36.02659984246107)	(200, 35.878580764669735)	(205, 36.21698131172799)	(210, 36.146557947492795)	(215, 35.775737273537786)	(220, 35.92683788205354)	(225, 35.317730054446145)	(230, 35.542607355856205)	(235, 35.24721493676803)	(240, 35.127322617223676)	(245, 34.597273364668)	(250, 35.122267521878)	(255, 34.85583110441715)	(260, 35.23046041185177)	(265, 34.656880209821075)	(270, 32.80508798808936)	(275, 34.7442191002969)	(280, 33.87305132133614)	(285, 33.3041522760913)	(290, 32.41300475213586)	(295, 30.507924554433163)	(300, 28.446337219870678)
1151R_R_M_NS1_week6_S31_L001_R2_001	(1, 32.79516476667792)	(2, 33.18295290278463)	(3, 33.5999376769067)	(4, 33.57042076743964)	(5, 33.71017164818614)	(6, 37.6949198022973)	(7, 35.83573536922105)	(8, 35.36321379417799)	(9, 35.76435811541891)	(10, 36.33706406294632)	(15, 37.37899365516286)	(20, 37.321997455140355)	(25, 37.11482510581942)	(30, 37.110176841777246)	(35, 36.80046915439681)	(40, 36.99885048516797)	(45, 36.99273935963022)	(50, 36.895023674119464)	(55, 37.04159373999151)	(60, 36.35046872159755)	(65, 36.32849810001126)	(70, 36.45210556839526)	(75, 37.354126740935016)	(80, 36.76999143057467)	(85, 35.950631454118955)	(90, 37.01156958979287)	(95, 36.42586062132662)	(100, 37.042902524950875)	(105, 36.54262813022064)	(110, 36.87613112086352)	(115, 36.7428653042146)	(120, 36.68455339444459)	(125, 35.67447609649692)	(130, 36.90743462567192)	(135, 35.92132401949328)	(140, 36.357783029075456)	(145, 35.467618825036574)	(150, 36.49736079011833)	(155, 35.043896232049654)	(160, 35.69957325993058)	(165, 35.58741419754689)	(170, 35.47034372917154)	(175, 34.88866325620851)	(180, 35.09975330442234)	(185, 35.56191193400677)	(190, 34.31369809654886)	(195, 34.835084439135436)	(200, 34.42046274896778)	(205, 32.80747530880227)	(210, 33.986726912323526)	(215, 31.951348169691936)	(220, 31.691928293818762)	(225, 32.42784111073602)	(230, 32.99603382759009)	(235, 32.40680014195816)	(240, 30.66132938620409)	(245, 29.994138166835455)	(250, 28.16333844036459)	(255, 28.565080024583)	(260, 24.271818709046375)	(265, 29.581633730643052)	(270, 25.56509214296225)	(275, 27.174418101396206)	(280, 23.045888839838305)	(285, 24.51431959628485)	(290, 20.636737732305)	(295, 23.087486042223894)	(300, 19.822136816501768)
1151R_R_M_NS1_week7_S32_L001_R1_001	(1, 33.945160562793845)	(2, 33.9609652851269)	(3, 33.93380579795632)	(4, 33.96237920924342)	(5, 33.87217432036224)	(6, 37.85107822556861)	(7, 37.87696257872001)	(8, 37.768281258132234)	(9, 37.22935931021322)	(10, 37.468447806249024)	(15, 37.77064068978679)	(20, 37.67162783435402)	(25, 37.60528269807949)	(30, 37.48639336583335)	(35, 37.5784268142468)	(40, 37.35194913342933)	(45, 37.684368765288596)	(50, 37.374903280650926)	(55, 37.51956593397061)	(60, 37.44681736958068)	(65, 37.47923353168751)	(70, 37.43735882444788)	(75, 36.9850592460228)	(80, 37.25427386755955)	(85, 37.30327718117312)	(90, 37.6504293818636)	(95, 37.06751617772072)	(100, 37.16891795770372)	(105, 37.198070817647164)	(110, 37.217636751617775)	(115, 36.96463975295362)	(120, 36.58650439791121)	(125, 36.81535191964053)	(130, 36.61341059315417)	(135, 36.54652244062386)	(140, 36.65611804097777)	(145, 36.20329106018285)	(150, 36.67186377751948)	(155, 36.7117173539668)	(160, 36.48096146839923)	(165, 36.53474436598948)	(170, 36.4699415346715)	(175, 36.78134487604309)	(180, 36.53844659183567)	(185, 36.66012387016186)	(190, 36.33298173175344)	(195, 36.09127183775438)	(200, 35.94782186291008)	(205, 36.29623184885758)	(210, 36.2755382453462)	(215, 35.83895491056713)	(220, 35.984143231380436)	(225, 35.37303481896567)	(230, 35.63275272809285)	(235, 35.25595843236585)	(240, 35.20300654048334)	(245, 34.66975243316389)	(250, 35.247096684651545)	(255, 34.98649919328257)	(260, 35.37305390260404)	(265, 34.76928401658542)	(270, 32.835329019274475)	(275, 34.807817352231915)	(280, 34.00482989538697)	(285, 33.375087177529885)	(290, 32.43148800333096)	(295, 30.505468329834667)	(300, 27.91238875106261)
1151R_R_M_NS1_week7_S32_L001_R2_001	(1, 32.83772835308201)	(2, 33.198166235839075)	(3, 33.61288839541299)	(4, 33.57947467948162)	(5, 33.722385107822554)	(6, 37.70106347912076)	(7, 35.83092763831301)	(8, 35.33731198279003)	(9, 35.73289845769504)	(10, 36.333547301400046)	(15, 37.38421436130532)	(20, 37.30859110702452)	(25, 37.080957998646795)	(30, 37.1170746517236)	(35, 36.76392324907617)	(40, 37.01954858520845)	(45, 36.99120591245814)	(50, 36.87688277441404)	(55, 37.034936937249526)	(60, 36.29696396662098)	(65, 36.280718585728906)	(70, 36.44407626515848)	(75, 37.35377075345674)	(80, 36.796646484273346)	(85, 35.92598324109575)	(90, 37.030342985028014)	(95, 36.39847157405319)	(100, 37.0337207890217)	(105, 36.57074478235978)	(110, 36.88265470758661)	(115, 36.716070158394196)	(120, 36.73165108169532)	(125, 35.52644818792179)	(130, 36.908951961277566)	(135, 35.75208618865044)	(140, 36.2564233791919)	(145, 35.37271213198939)	(150, 36.480050658385515)	(155, 35.00850262833747)	(160, 35.67577245363543)	(165, 35.52437327596676)	(170, 35.471036241564164)	(175, 34.797885185891985)	(180, 35.02979823389601)	(185, 35.46861955899447)	(190, 34.21830814871359)	(195, 34.8642910428341)	(200, 34.321283461425026)	(205, 32.483067608126156)	(210, 33.88382921878524)	(215, 31.591964053364798)	(220, 31.49189465831613)	(225, 32.240531913048)	(230, 32.66330389826686)	(235, 32.07619576343228)	(240, 30.263114796759247)	(245, 29.532515050051177)	(250, 27.658137436893877)	(255, 28.23213337728353)	(260, 23.585069655280098)	(265, 29.152476535799174)	(270, 25.04180878194341)	(275, 26.874473031349215)	(280, 22.44328516160372)	(285, 24.026123766069293)	(290, 20.130167762530142)	(295, 22.572332194097953)	(300, 19.56644142190455)
1151R_R_M_NS1_week9_S33_L001_R1_001	(1, 33.95711416420711)	(2, 33.9505228715028)	(3, 33.93417193938651)	(4, 33.96052768060048)	(5, 33.855246159794056)	(6, 37.85258701166442)	(7, 37.84570340125791)	(8, 37.73220869598016)	(9, 37.2836518967647)	(10, 37.43545908023649)	(15, 37.74947241369556)	(20, 37.68148120208583)	(25, 37.62135805146677)	(30, 37.53420400003772)	(35, 37.59338607624777)	(40, 37.33258399419136)	(45, 37.66272006336693)	(50, 37.382568435345924)	(55, 37.50249790191326)	(60, 37.432032362398516)	(65, 37.447457307471076)	(70, 37.411553149958976)	(75, 36.97331233675)	(80, 37.24751388509086)	(85, 37.289999905703965)	(90, 37.62318739450631)	(95, 37.07984988071552)	(100, 37.14850116455601)	(105, 37.16775641448764)	(110, 37.205848239964546)	(115, 36.96348669011495)	(120, 36.6126092655282)	(125, 36.796743015021356)	(130, 36.60925044083395)	(135, 36.55008722383049)	(140, 36.658669105790715)	(145, 36.24408905317353)	(150, 36.684642005110845)	(155, 36.70975869645164)	(160, 36.49273637658064)	(165, 36.49854501221134)	(170, 36.43490839140397)	(175, 36.75112636611378)	(180, 36.531831511848296)	(185, 36.63266225989872)	(190, 36.3930881007836)	(195, 36.135284632575505)	(200, 35.953513941668476)	(205, 36.29872228875331)	(210, 36.269452800120696)	(215, 35.890905147620444)	(220, 36.00645173457552)	(225, 35.45048986789126)	(230, 35.67201765221737)	(235, 35.3634980056389)	(240, 35.210595102264044)	(245, 34.6555365915756)	(250, 35.36110477232223)	(255, 35.00220275533009)	(260, 35.351347018830914)	(265, 34.82423408047224)	(270, 32.88297673716867)	(275, 34.82817942649153)	(280, 33.94312063291497)	(285, 33.40993503003328)	(290, 32.488087582155416)	(295, 30.524751765693217)	(300, 28.38255429094098)
1151R_R_M_NS1_week9_S33_L001_R2_001	(1, 32.72778621203406)	(2, 33.77008741242256)	(3, 33.757791209723806)	(4, 33.586002696866544)	(5, 33.657045328103045)	(6, 37.389819800281)	(7, 36.14879914002018)	(8, 35.60734188912672)	(9, 35.79640543522334)	(10, 36.67936142726476)	(15, 37.41545323388245)	(20, 37.35260115606936)	(25, 37.13057926053051)	(30, 37.17566407981216)	(35, 36.86188837235618)	(40, 37.061288649586515)	(45, 37.034814095371004)	(50, 36.93876415619195)	(55, 37.074144970721086)	(60, 36.337941894784485)	(65, 36.36091052249432)	(70, 36.51356259842149)	(75, 37.38306443247932)	(80, 36.82009071278371)	(85, 36.002080170487226)	(90, 37.05205329611783)	(95, 36.49939744834935)	(100, 37.091750040075816)	(105, 36.55617874756009)	(110, 36.928335014945915)	(115, 36.782938075795144)	(120, 36.75348376693792)	(125, 35.64020971437732)	(130, 36.94473686692001)	(135, 35.87972729587266)	(140, 36.32067251930712)	(145, 35.45787513319315)	(150, 36.5425491989552)	(155, 35.068128883817856)	(160, 35.738847136700954)	(165, 35.6428481173797)	(170, 35.48741053663872)	(175, 34.94868032701864)	(180, 35.16951409254212)	(185, 35.581451970315605)	(190, 34.39980952201341)	(195, 34.9689124838518)	(200, 34.460790766532455)	(205, 32.745679827249674)	(210, 34.00590104574301)	(215, 31.85523861611142)	(220, 31.750705805806753)	(225, 32.51467717753114)	(230, 33.04148648266367)	(235, 32.42944299333327)	(240, 30.688809889767935)	(245, 30.004463974200604)	(250, 28.053120727211006)	(255, 28.643204556384312)	(260, 24.173714037850427)	(265, 29.482346839668452)	(270, 25.389040915048703)	(275, 27.269652707710588)	(280, 22.90463653594093)	(285, 24.566291054135352)	(290, 20.558170279776327)	(295, 22.99073635772143)	(300, 19.88855623343926)
1152R_0_M_S2_week9_S60_L001_R1_001	(1, 33.94076145029788)	(2, 33.948826792745585)	(3, 33.93211792086889)	(4, 33.95861205849203)	(5, 33.887692668003574)	(6, 37.85142058345653)	(7, 37.865377578055245)	(8, 37.77930090607023)	(9, 37.326302384472385)	(10, 37.46557811379306)	(15, 37.764633985684384)	(20, 37.710176090870505)	(25, 37.635084971529785)	(30, 37.57548926328732)	(35, 37.66405433493859)	(40, 37.381218437577765)	(45, 37.7442393547726)	(50, 37.43419061141444)	(55, 37.55589531156228)	(60, 37.48507252953145)	(65, 37.48982976418754)	(70, 37.464939912466875)	(75, 37.08395714097516)	(80, 37.341513825255795)	(85, 37.36666129953013)	(90, 37.6807646705798)	(95, 37.12135925172358)	(100, 37.1678191372572)	(105, 37.23765095071505)	(110, 37.33506301506213)	(115, 37.038129601709684)	(120, 36.7884318690809)	(125, 36.967289254504735)	(130, 36.72975979624398)	(135, 36.57496230806388)	(140, 36.75461012632288)	(145, 36.43180467526385)	(150, 36.80109782338217)	(155, 36.831434342842925)	(160, 36.61840683870779)	(165, 36.618589809271484)	(170, 36.56193480392875)	(175, 36.86071402432776)	(180, 36.657755756253934)	(185, 36.73534113031896)	(190, 36.55894140550668)	(195, 36.28114378558778)	(200, 36.087457001917535)	(205, 36.40312660099244)	(210, 36.388305985333076)	(215, 36.00767012603013)	(220, 36.18377709794048)	(225, 35.828219915979915)	(230, 35.930007172446096)	(235, 35.582172812038)	(240, 35.33770218247288)	(245, 35.08658459826982)	(250, 35.61611751101483)	(255, 35.30477187230118)	(260, 35.58238359412738)	(265, 34.98154046576987)	(270, 33.17155027299208)	(275, 35.04736741952954)	(280, 34.31794136159375)	(285, 33.63028089640939)	(290, 32.6901444735571)	(295, 30.619203126600997)	(300, 27.950652838971266)
1152R_0_M_S2_week9_S60_L001_R2_001	(1, 31.867631775399975)	(2, 33.06613288054218)	(3, 33.68343164951622)	(4, 33.60524466823777)	(5, 33.47820454645257)	(6, 37.531697820454646)	(7, 36.14666188503593)	(8, 35.948782879810295)	(9, 36.28102082936897)	(10, 36.48153900200536)	(15, 37.448652604768945)	(20, 37.36359178535357)	(25, 37.18441969056018)	(30, 37.21149494269362)	(35, 36.87430654156359)	(40, 37.125172358271)	(45, 37.20786919800342)	(50, 36.98245970988187)	(55, 37.03814423935477)	(60, 36.28508277588301)	(65, 36.35152890203024)	(70, 36.5468551019512)	(75, 37.4246058814058)	(80, 36.88310962132412)	(85, 36.054356895062725)	(90, 37.08938185224761)	(95, 36.48671487331118)	(100, 37.13213987733654)	(105, 36.649725544154464)	(110, 36.951596235197684)	(115, 36.832068152875564)	(120, 36.817733507033395)	(125, 35.62322262394425)	(130, 36.99935301608677)	(135, 36.072072836922004)	(140, 36.300709925787146)	(145, 35.551972422676634)	(150, 36.60397558440798)	(155, 35.27558879927397)	(160, 35.85791091529195)	(165, 35.68536089113984)	(170, 35.432033022527335)	(175, 34.93190421125049)	(180, 34.97090914413689)	(185, 35.657722089670216)	(190, 34.587768783758065)	(195, 35.167757659147796)	(200, 34.4670857912379)	(205, 32.62731530951301)	(210, 33.907555952398376)	(215, 32.1925626125269)	(220, 32.038220355109274)	(225, 32.49113690589458)	(230, 32.98730330664402)	(235, 32.55984308444457)	(240, 30.699370581260887)	(245, 29.932942020287776)	(250, 28.091300847519655)	(255, 28.43975291655078)	(260, 23.8236266229489)	(265, 29.16633780757352)	(270, 25.47657537655342)	(275, 27.1622348756532)	(280, 22.761991890744618)	(285, 24.18614986021049)	(290, 20.316124829837378)	(295, 22.910328322379495)	(300, 19.72734824421447)
1184R_0_M_NS6_week9_S85_L001_R1_001	(1, 33.91227636177921)	(2, 33.945097914039934)	(3, 33.938666070830074)	(4, 33.95935809247171)	(5, 33.851213751057344)	(6, 37.825805576392106)	(7, 37.85687951864915)	(8, 37.731761814322425)	(9, 37.225393810747406)	(10, 37.398751935138925)	(15, 37.75459086774024)	(20, 37.70252964553043)	(25, 37.65508562491023)	(30, 37.5380771501987)	(35, 37.58467369966644)	(40, 37.30588920631374)	(45, 37.632307643200285)	(50, 37.433850966372475)	(55, 37.52074149735863)	(60, 37.42479212218906)	(65, 37.49559985316884)	(70, 37.45468662719249)	(75, 36.97186587292721)	(80, 37.21419474280607)	(85, 37.29930414798027)	(90, 37.620061605247614)	(95, 37.20953285347208)	(100, 37.2037170627384)	(105, 37.16335445361252)	(110, 37.2534832500758)	(115, 36.959362880444324)	(120, 36.617865521809215)	(125, 36.662483042596996)	(130, 36.44373014986354)	(135, 36.693386213830856)	(140, 36.7736342308122)	(145, 36.30789377084763)	(150, 36.62270297013902)	(155, 36.667628517164886)	(160, 36.55532502354087)	(165, 36.57542333657851)	(170, 36.548942656048006)	(175, 36.76566066042103)	(180, 36.58090237323843)	(185, 36.66725345931021)	(190, 36.53124950125285)	(195, 36.12492299344048)	(200, 35.96749764591347)	(205, 36.31321640040219)	(210, 36.22086119667395)	(215, 35.94418181528002)	(220, 36.164500375057855)	(225, 35.5569976219736)	(230, 35.61790382559012)	(235, 35.38178336019918)	(240, 35.10833745630974)	(245, 34.22567470514069)	(250, 35.404894904001154)	(255, 34.93634230812199)	(260, 35.288079544185)	(265, 34.85852498523708)	(270, 33.194442759787414)	(275, 35.06967298147055)	(280, 34.048400019151885)	(285, 33.66071628070288)	(290, 33.13998276329859)	(295, 31.199715913624978)	(300, 29.9169246851908)
1184R_0_M_NS6_week9_S85_L001_R2_001	(1, 32.72188263083135)	(2, 33.42835596980385)	(3, 33.63127822908853)	(4, 33.78550680690106)	(5, 33.55447914837927)	(6, 37.442209170563544)	(7, 36.027674481701965)	(8, 35.69186204254912)	(9, 35.56846002840864)	(10, 36.65977305009815)	(15, 37.37947715339068)	(20, 37.40149065547345)	(25, 37.2154172718132)	(30, 37.12953859903921)	(35, 36.99744322262477)	(40, 37.08880412404041)	(45, 36.972631948545256)	(50, 36.947228561852626)	(55, 37.123167403482455)	(60, 36.33486282458464)	(65, 36.48290374579058)	(70, 36.56001883269228)	(75, 37.43029829069378)	(80, 36.86460890243708)	(85, 36.20732879007932)	(90, 37.14812710471296)	(95, 36.63720095121056)	(100, 37.155822972692604)	(105, 36.68580844917567)	(110, 36.9830234451059)	(115, 36.826183826228515)	(120, 36.78598879614408)	(125, 36.04524155321831)	(130, 36.97802958967075)	(135, 36.00964297684217)	(140, 36.421354357853076)	(145, 35.62707917710711)	(150, 36.621820387187384)	(155, 34.840361013135)	(160, 35.921201142729466)	(165, 35.79093796383485)	(170, 35.81838102686053)	(175, 35.192000893754894)	(180, 35.38811784796591)	(185, 35.99742247474344)	(190, 34.74910863909859)	(195, 35.248739965207406)	(200, 34.76554255709657)	(205, 33.70150501939129)	(210, 34.5593038287821)	(215, 33.11875448872432)	(220, 32.34597092104633)	(225, 33.36428012831766)	(230, 33.93769411238968)	(235, 32.96509248767097)	(240, 32.029945576711306)	(245, 31.5739470450229)	(250, 29.652763458193014)	(255, 29.587512967425823)	(260, 25.395288634949008)	(265, 30.921711859808163)	(270, 26.532187943884956)	(275, 27.970086343106118)	(280, 24.272038239941267)	(285, 25.77434444674977)	(290, 21.751027020125445)	(295, 24.492147724915018)	(300, 20.788435450149226)
1186R_0_M_NS6_week9_S86_L001_R1_001	(1, 33.904714627777174)	(2, 33.89629654349621)	(3, 33.922026347185486)	(4, 33.948523706626844)	(5, 33.84257598384796)	(6, 37.819215591393366)	(7, 37.82780887861773)	(8, 37.73106348186649)	(9, 37.178131335463576)	(10, 37.40443013156907)	(15, 37.751365331509)	(20, 37.703685101909706)	(25, 37.65051017428521)	(30, 37.54381491894778)	(35, 37.601388274751585)	(40, 37.34108509022953)	(45, 37.673813834358135)	(50, 37.41766212529514)	(55, 37.50743110769976)	(60, 37.426542411626805)	(65, 37.47979576342597)	(70, 37.45081886518551)	(75, 36.93375493279715)	(80, 37.1786102235089)	(85, 37.267348011446586)	(90, 37.604184847448295)	(95, 37.12533517991674)	(100, 37.08692235172408)	(105, 37.18137175561692)	(110, 37.27552581740516)	(115, 36.95743736494773)	(120, 36.63156322740508)	(125, 36.662921217076445)	(130, 36.36801962272966)	(135, 36.59354418868523)	(140, 36.71054304569459)	(145, 36.26184663902354)	(150, 36.57112989212504)	(155, 36.65283787053337)	(160, 36.53303242923052)	(165, 36.40797256822486)	(170, 36.44583475859538)	(175, 36.739261311018595)	(180, 36.52139561658921)	(185, 36.68154445566115)	(190, 36.60589849909479)	(195, 36.14102168344999)	(200, 35.94438224276454)	(205, 36.2505535578712)	(210, 36.17741050049641)	(215, 35.936609906475)	(220, 36.09091697883382)	(225, 35.431361326870295)	(230, 35.55476927440952)	(235, 35.36768256563853)	(240, 35.10062489049817)	(245, 34.50512009744621)	(250, 35.50821034364806)	(255, 35.01192548034807)	(260, 35.24638039061914)	(265, 34.79458539474892)	(270, 33.172663335029746)	(275, 35.15291212320939)	(280, 34.182010829210505)	(285, 33.58280841975288)	(290, 33.07757986334171)	(295, 31.104676249989573)	(300, 29.737721193716055)
1186R_0_M_NS6_week9_S86_L001_R2_001	(1, 32.740607870783656)	(2, 33.44578303201208)	(3, 33.6246235222466)	(4, 33.772052627627)	(5, 33.55940631231176)	(6, 37.43986784692269)	(7, 35.97596382476368)	(8, 35.671502824104586)	(9, 35.57600053395183)	(10, 36.64337524298979)	(15, 37.376404335021405)	(20, 37.37605893493297)	(25, 37.1946204353376)	(30, 37.11249530706401)	(35, 36.93852545865628)	(40, 37.068232369160945)	(45, 37.02245601154671)	(50, 36.9271439417325)	(55, 37.09568083029509)	(60, 36.38688647683567)	(65, 36.42028182644897)	(70, 36.47141939413153)	(75, 37.40942925555434)	(80, 36.80696807134932)	(85, 36.16034239660941)	(90, 37.117451047463305)	(95, 36.59488073685352)	(100, 37.13074311076997)	(105, 36.654514812991714)	(110, 36.96382309508514)	(115, 36.82884174168412)	(120, 36.72784475350615)	(125, 35.88547901319028)	(130, 36.95201274809988)	(135, 35.873717055589395)	(140, 36.45396918096796)	(145, 35.68523372906951)	(150, 36.570217168219855)	(155, 34.818514779619726)	(160, 35.742583492545535)	(165, 35.6366507871618)	(170, 35.6821885350531)	(175, 35.152293072809336)	(180, 35.126568274918455)	(185, 35.95058275836176)	(190, 34.60325710614796)	(195, 35.02572312929143)	(200, 34.76327913166084)	(205, 33.583852963015495)	(210, 34.39185056023227)	(215, 33.01748692235172)	(220, 32.254938637254824)	(225, 33.283563461009)	(230, 33.95236982838454)	(235, 32.975324751170106)	(240, 31.852500813442237)	(245, 31.42037526801879)	(250, 29.413497301040373)	(255, 29.476136524807902)	(260, 25.229395716705188)	(265, 30.54974345283286)	(270, 26.415177580697637)	(275, 27.85712116534986)	(280, 24.051291078832982)	(285, 25.671212487798368)	(290, 21.475001877174396)	(295, 24.3651696548502)	(300, 20.74389084022326)
1186R_RR_M_NS6_week9_S87_L001_R1_001	(1, 33.95528799271455)	(2, 33.959591563711385)	(3, 33.950347751102086)	(4, 33.95449013966458)	(5, 33.86923269102133)	(6, 37.82336017020865)	(7, 37.81787996744115)	(8, 37.75522029609213)	(9, 37.20971446531757)	(10, 37.3967602330698)	(15, 37.75774441301387)	(20, 37.69191428318142)	(25, 37.64789374853928)	(30, 37.52474875688048)	(35, 37.58026965821265)	(40, 37.308027691142215)	(45, 37.65065641546384)	(50, 37.40199382671277)	(55, 37.49052972607045)	(60, 37.408437900437605)	(65, 37.462998154461125)	(70, 37.42955602298461)	(75, 36.92522424506178)	(80, 37.18133023863059)	(85, 37.260037233142334)	(90, 37.58188631802906)	(95, 37.12608012378811)	(100, 37.08714811859803)	(105, 37.14918240210182)	(110, 37.24188809103584)	(115, 36.93895054117002)	(120, 36.60483869667883)	(125, 36.64390287146507)	(130, 36.35501237075184)	(135, 36.5847892136715)	(140, 36.70200752721969)	(145, 36.25366085603991)	(150, 36.55442566669084)	(155, 36.62301040432614)	(160, 36.50896093743704)	(165, 36.410953958237634)	(170, 36.43293763045703)	(175, 36.70895126649098)	(180, 36.50284567587825)	(185, 36.644663652555145)	(190, 36.563911252951655)	(195, 36.13158611574511)	(200, 35.939021461441136)	(205, 36.245309994116845)	(210, 36.162344559689885)	(215, 35.94890839196344)	(220, 36.083971212817225)	(225, 35.44354504646084)	(230, 35.543470096628866)	(235, 35.341672912486004)	(240, 35.06910858054689)	(245, 34.32945044849013)	(250, 35.37324693954853)	(255, 34.906805928289934)	(260, 35.18072419267749)	(265, 34.7336959938106)	(270, 33.076956553274826)	(275, 35.03650459772894)	(280, 34.0109265572238)	(285, 33.472303216395474)	(290, 32.96154509481557)	(295, 30.974628273010808)	(300, 29.65331270198174)
1186R_RR_M_NS6_week9_S87_L001_R2_001	(1, 32.68291385604797)	(2, 33.41852630900284)	(3, 33.62786199559972)	(4, 33.78140438255039)	(5, 33.53790607899551)	(6, 37.43964926702288)	(7, 35.984163825826265)	(8, 35.66627982882425)	(9, 35.494523826793355)	(10, 36.63767800585092)	(15, 37.37577266829461)	(20, 37.39090286340595)	(25, 37.21261091366263)	(30, 37.109331657036016)	(35, 36.95165010517154)	(40, 37.081161802986706)	(45, 37.03424965547255)	(50, 36.93339941813141)	(55, 37.093635711580156)	(60, 36.37924937340328)	(65, 36.4313129115189)	(70, 36.51187189220119)	(75, 37.41803470257811)	(80, 36.83469451899132)	(85, 36.176452858167515)	(90, 37.113739996615166)	(95, 36.60475488181298)	(100, 37.13719526446008)	(105, 36.63970729269924)	(110, 36.983325677167706)	(115, 36.82786521924841)	(120, 36.71789527977241)	(125, 35.946500326394435)	(130, 36.96414496748144)	(135, 35.94090084862552)	(140, 36.43471063723475)	(145, 35.66691972308858)	(150, 36.57128534932263)	(155, 34.8838180895046)	(160, 35.78604643665933)	(165, 35.7073249357285)	(170, 35.69356156766035)	(175, 35.18001660179074)	(180, 35.18192983728633)	(185, 35.95848262856314)	(190, 34.6723821957883)	(195, 35.01738997284076)	(200, 34.70602096983471)	(205, 33.541294133765305)	(210, 34.442648872125915)	(215, 33.02680141518177)	(220, 32.28575872601404)	(225, 33.278088053963884)	(230, 33.916697694285276)	(235, 32.96469782323122)	(240, 31.816224623840498)	(245, 31.359219232288062)	(250, 29.38589170152237)	(255, 29.364597890121935)	(260, 25.217075667093802)	(265, 30.55460457919296)	(270, 26.535478671534378)	(275, 27.805006326410552)	(280, 23.90423506846224)	(285, 25.505053875228676)	(290, 21.39433121378432)	(295, 24.240606690682846)	(300, 20.60565508570876)
1193R_R_F_NS1_week5_S1_L001_R1_001	(1, 33.95446907485641)	(2, 33.94894384582523)	(3, 33.93752314045664)	(4, 33.9629562823373)	(5, 33.84493283334125)	(6, 37.85129349219158)	(7, 37.84835999430389)	(8, 37.741140171832726)	(9, 37.2475055774434)	(10, 37.41882565149286)	(15, 37.74763373997247)	(20, 37.69740731950444)	(25, 37.65038021550292)	(30, 37.533383965443576)	(35, 37.57700669293207)	(40, 37.298426923624625)	(45, 37.655973797882936)	(50, 37.40013101058528)	(55, 37.50743627474249)	(60, 37.41272891251721)	(65, 37.50575592158352)	(70, 37.45326814449138)	(75, 36.979547159063934)	(80, 37.17894337114919)	(85, 37.29649024540751)	(90, 37.59352921630987)	(95, 37.16867328048607)	(100, 37.19319694308634)	(105, 37.09405041059477)	(110, 37.15145013528267)	(115, 36.8954972231452)	(120, 36.626695780130056)	(125, 36.77197132956757)	(130, 36.687851141595864)	(135, 36.640805050553)	(140, 36.739269948260315)	(145, 36.25646366354963)	(150, 36.587440072150756)	(155, 36.601705036312715)	(160, 36.48626382493948)	(165, 36.541688897327575)	(170, 36.525701808515684)	(175, 36.71830255850382)	(180, 36.5417895286467)	(185, 36.58460720558219)	(190, 36.36999098115537)	(195, 35.99607158114587)	(200, 35.874674134902925)	(205, 36.22462049651113)	(210, 36.138214268761566)	(215, 35.81752124175251)	(220, 36.01735985190108)	(225, 35.29784781886362)	(230, 35.56264869226753)	(235, 35.37855413680164)	(240, 35.110455214316225)	(245, 34.42134902928751)	(250, 35.15750890017563)	(255, 34.74176104808468)	(260, 35.17505482508189)	(265, 34.663775573171314)	(270, 33.03614942801538)	(275, 34.87158114586794)	(280, 33.83195898799069)	(285, 33.58441353776048)	(290, 33.031812787772346)	(295, 30.875520956946882)	(300, 30.048701761048086)
1193R_R_F_NS1_week5_S1_L001_R2_001	(1, 32.7158304457208)	(2, 33.375782028765364)	(3, 33.50866283761333)	(4, 33.44123985379978)	(5, 33.69080552522903)	(6, 37.31745383775573)	(7, 35.34211800446195)	(8, 35.098894004841696)	(9, 36.97372193477951)	(10, 36.739142735083306)	(15, 37.30576161769592)	(20, 37.33555988038164)	(25, 37.11231594436797)	(30, 37.04029619784497)	(35, 36.869971044761954)	(40, 36.93155551336213)	(45, 36.88006835334885)	(50, 36.88742773057388)	(55, 37.05684150567238)	(60, 36.414293444723974)	(65, 36.38145915412731)	(70, 36.3828319172165)	(75, 37.355587411591586)	(80, 36.66264014809892)	(85, 35.927661271182416)	(90, 36.964283476527264)	(95, 36.48382399012674)	(100, 37.02724640432904)	(105, 36.5012218161105)	(110, 36.84948972326387)	(115, 36.79956329804908)	(120, 36.68947833103907)	(125, 35.8521991740637)	(130, 36.86206294204205)	(135, 36.00517776617458)	(140, 36.453655480134806)	(145, 35.5502938244648)	(150, 36.5255916836759)	(155, 34.949990031803296)	(160, 35.85920349361561)	(165, 35.73359472160251)	(170, 35.67695068116011)	(175, 34.96867707789434)	(180, 35.328460625623016)	(185, 35.78848815683297)	(190, 34.33143589500166)	(195, 34.862106612237156)	(200, 34.59361655670005)	(205, 33.54561921488584)	(210, 34.29295106090093)	(215, 32.349053970665025)	(220, 31.899188303982534)	(225, 32.79841648075189)	(230, 33.51789243841078)	(235, 32.525724592965304)	(240, 31.3633037451939)	(245, 30.84793658328191)	(250, 28.87567665068591)	(255, 29.107903355959557)	(260, 24.78357241182893)	(265, 30.571986519200642)	(270, 26.11149380547776)	(275, 27.727845445483457)	(280, 23.790555845635353)	(285, 25.405202449328335)	(290, 21.43583993924147)	(295, 23.79666017942754)	(300, 20.460378791474817)
1193R_R_F_NS1_week6_S2_L001_R1_001	(1, 33.937156113028074)	(2, 33.947694208710246)	(3, 33.9426000186515)	(4, 33.96557633125058)	(5, 33.88663387111816)	(6, 37.86563928005222)	(7, 37.86664179800429)	(8, 37.790695234542575)	(9, 37.2988202928285)	(10, 37.48052317448476)	(15, 37.77764151823184)	(20, 37.717245640212624)	(25, 37.66340110043831)	(30, 37.590301221673045)	(35, 37.63606733190339)	(40, 37.42009698778327)	(45, 37.699263265877086)	(50, 37.447787466194164)	(55, 37.57222792129068)	(60, 37.49294740277907)	(65, 37.55293527930617)	(70, 37.50248064907208)	(75, 37.124146694022194)	(80, 37.32469225030309)	(85, 37.41179707171501)	(90, 37.69842861139607)	(95, 37.1962417233983)	(100, 37.29729786440362)	(105, 37.27281777487644)	(110, 37.2846614753334)	(115, 37.09688286860021)	(120, 36.7835890142684)	(125, 36.982950200503595)	(130, 36.82959526251982)	(135, 36.730140818800706)	(140, 36.83064440921383)	(145, 36.40877552923622)	(150, 36.8306933693929)	(155, 36.848750349715566)	(160, 36.66245686841369)	(165, 36.736160589387296)	(170, 36.63494824209643)	(175, 36.90029376107433)	(180, 36.71306071062203)	(185, 36.75155506854425)	(190, 36.55583791849296)	(195, 36.28345145947962)	(200, 36.12907768348409)	(205, 36.448773664086545)	(210, 36.44670101650657)	(215, 36.03878578755945)	(220, 36.21861419378905)	(225, 35.632288072367814)	(230, 35.91225170194908)	(235, 35.651746246386274)	(240, 35.53039494544437)	(245, 34.93652196213746)	(250, 35.54857549193323)	(255, 35.16649025459294)	(260, 35.580033572694205)	(265, 34.98802573906556)	(270, 33.287701669308966)	(275, 35.07087568777394)	(280, 34.211069663340474)	(285, 33.707246106500044)	(290, 32.87616804998601)	(295, 30.839650750722747)	(300, 28.765078569430198)
1193R_R_F_NS1_week6_S2_L001_R2_001	(1, 32.78804905343654)	(2, 33.443684136901986)	(3, 33.56688893033666)	(4, 33.515061083651965)	(5, 33.71408421150797)	(6, 37.375839317355215)	(7, 35.67061456681899)	(8, 35.336333115732536)	(9, 37.05625757717057)	(10, 36.82808682271752)	(15, 37.351452485311945)	(20, 37.32464562156114)	(25, 37.140879418073304)	(30, 37.128772265224285)	(35, 36.8078336286487)	(40, 37.03480136155927)	(45, 37.04860813205259)	(50, 36.94175603842208)	(55, 37.08300149211975)	(60, 36.48239298703721)	(65, 36.434589200783364)	(70, 36.54444651683298)	(75, 37.381474400820665)	(80, 36.76302340762847)	(85, 36.00013755478877)	(90, 37.01564860580062)	(95, 36.527116944884824)	(100, 37.04674531381143)	(105, 36.547922689545835)	(110, 36.857397649911405)	(115, 36.775927911964935)	(120, 36.74515993658491)	(125, 35.67577636855358)	(130, 36.91890795486337)	(135, 35.982553856196965)	(140, 36.428539121514504)	(145, 35.67002471323324)	(150, 36.55603375920917)	(155, 35.20736734122914)	(160, 35.78653128788586)	(165, 35.727375734402685)	(170, 35.62910799216637)	(175, 34.93364963163294)	(180, 35.16914343001026)	(185, 35.53488296185769)	(190, 34.385200037302994)	(195, 35.018810034505265)	(200, 34.4459129907675)	(205, 32.88791383008487)	(210, 34.034906276228675)	(215, 31.863781124685254)	(220, 31.662265690571665)	(225, 32.47670428051852)	(230, 32.86652522614939)	(235, 32.275704094003544)	(240, 30.542329571948148)	(245, 29.862494171407253)	(250, 28.115100718082623)	(255, 28.470435046162454)	(260, 23.87866735055488)	(265, 29.630903198731698)	(270, 25.619770586589574)	(275, 27.114370978271005)	(280, 22.857355684043643)	(285, 24.300058285927445)	(290, 20.484659143896295)	(295, 22.800715751189035)	(300, 19.815367667630326)
1193R_R_F_NS1_week7_S3_L001_R1_001	(1, 33.924318308291596)	(2, 33.93228365358386)	(3, 33.929653998494224)	(4, 33.95873296452694)	(5, 33.897410717208416)	(6, 37.862515957969165)	(7, 37.871299660654465)	(8, 37.76073412113872)	(9, 37.329601623621066)	(10, 37.497927919080816)	(15, 37.77773194976377)	(20, 37.722107652187205)	(25, 37.6571846323393)	(30, 37.60534223706177)	(35, 37.64291029711829)	(40, 37.45621569718594)	(45, 37.711872729058236)	(50, 37.44778334260805)	(55, 37.595447750608315)	(60, 37.52095758726417)	(65, 37.54898687354742)	(70, 37.50009492945759)	(75, 37.163765316922536)	(80, 37.380115006492304)	(85, 37.42670900302247)	(90, 37.72316169650943)	(95, 37.18224055342783)	(100, 37.318821128896744)	(105, 37.31434307724202)	(110, 37.328172226041225)	(115, 37.155944002531456)	(120, 36.803657511975295)	(125, 37.02103505843072)	(130, 36.85538206378823)	(135, 36.745807282289654)	(140, 36.830268312110604)	(145, 36.43337370563139)	(150, 36.922304057961526)	(155, 36.92926773380471)	(160, 36.70685783495368)	(165, 36.791982279834585)	(170, 36.67133021266381)	(175, 36.93640817484478)	(180, 36.748947592392554)	(185, 36.818403221054695)	(190, 36.60962606522854)	(195, 36.387296910973625)	(200, 36.247567296256285)	(205, 36.54884284264624)	(210, 36.539402271760125)	(215, 36.11922703416369)	(220, 36.267923663622376)	(225, 35.727526269272325)	(230, 36.02096086069374)	(235, 35.82045893482602)	(240, 35.64871736117931)	(245, 35.14506966949273)	(250, 35.71780418344299)	(255, 35.373140419217215)	(260, 35.754870317631784)	(265, 35.141857343939236)	(270, 33.357942976856855)	(275, 35.15287352559276)	(280, 34.40882080155379)	(285, 33.752170829377945)	(290, 32.82647986295241)	(295, 30.871853961395356)	(300, 28.084694534463758)
1193R_R_F_NS1_week7_S3_L001_R2_001	(1, 32.88101083505188)	(2, 33.49466976551333)	(3, 33.5955895992231)	(4, 33.55617750717427)	(5, 33.73549597913734)	(6, 37.40843671915066)	(7, 35.83009809377285)	(8, 35.512935502526)	(9, 37.12301548332188)	(10, 36.9255883989656)	(15, 37.42689013279213)	(20, 37.36514888648837)	(25, 37.195078944209854)	(30, 37.2200486649863)	(35, 36.86662520322542)	(40, 37.14273898763735)	(45, 37.13582986895371)	(50, 37.013986273418666)	(55, 37.12984603969579)	(60, 36.55772038364595)	(65, 36.496241011707966)	(70, 36.6668390672908)	(75, 37.436828264973215)	(80, 36.908666950363894)	(85, 36.13277685030607)	(90, 37.09904743199451)	(95, 36.624469977195105)	(100, 37.127731404192176)	(105, 36.640130064268334)	(110, 36.928222418627996)	(115, 36.853607864960125)	(120, 36.84916036531474)	(125, 35.70015385118988)	(130, 37.010101803659694)	(135, 36.048195794734134)	(140, 36.49166693945246)	(145, 35.75018276648445)	(150, 36.68791558916276)	(155, 35.42498499678113)	(160, 35.91713422152389)	(165, 35.7636169214486)	(170, 35.709616244939824)	(175, 35.06856089124576)	(180, 35.29240455224939)	(185, 35.6042925573123)	(190, 34.58249151636169)	(195, 35.2975067378092)	(200, 34.55827031981407)	(205, 32.803066112365926)	(210, 34.16366493174899)	(215, 31.96268726745011)	(220, 31.876980152105364)	(225, 32.56107455781422)	(230, 32.7103713160278)	(235, 32.399465339836546)	(240, 30.520769910635373)	(245, 29.726269272316607)	(250, 28.122507010595)	(255, 28.524879155891625)	(260, 23.81356509214704)	(265, 29.44716139098934)	(270, 25.394817069844073)	(275, 27.18144838347136)	(280, 22.903339989306794)	(285, 24.315272731240523)	(290, 20.42803583314238)	(295, 22.83366394972012)	(300, 19.80877715582616)
1193R_R_F_NS1_week9_S4_L001_R1_001	(1, 33.953244602427645)	(2, 33.945297194676144)	(3, 33.93570375456951)	(4, 33.95972774826813)	(5, 33.85807767656979)	(6, 37.857512168521396)	(7, 37.83975925514511)	(8, 37.739936986246036)	(9, 37.2393007896916)	(10, 37.41406297336054)	(15, 37.74538202088341)	(20, 37.682626784884775)	(25, 37.61288348514531)	(30, 37.51883545735463)	(35, 37.58402035828975)	(40, 37.28229757841375)	(45, 37.65566618867772)	(50, 37.38049603134531)	(55, 37.47841778926746)	(60, 37.413735786561105)	(65, 37.41836285419991)	(70, 37.403170884414195)	(75, 36.9231111021348)	(80, 37.20955304667461)	(85, 37.22314543655202)	(90, 37.58100498858886)	(95, 37.10080584896895)	(100, 37.1117060166017)	(105, 37.13803445559752)	(110, 37.206442752408456)	(115, 36.87162361400036)	(120, 36.54011875669016)	(125, 36.6524609698463)	(130, 36.46240179346838)	(135, 36.52878032031991)	(140, 36.65446852341809)	(145, 36.253042635267505)	(150, 36.64318461818109)	(155, 36.66825480176923)	(160, 36.45236806495264)	(165, 36.44848423646315)	(170, 36.40866641084159)	(175, 36.71772059863066)	(180, 36.49457112273545)	(185, 36.60683456869913)	(190, 36.35208127158524)	(195, 36.04664229596268)	(200, 35.89872356754792)	(205, 36.20364954658372)	(210, 36.14775311534345)	(215, 35.81454567487326)	(220, 36.00323955324865)	(225, 35.44441055884313)	(230, 35.55979237775938)	(235, 35.2569385817866)	(240, 34.99996566558277)	(245, 34.31208571486276)	(250, 35.30990850887646)	(255, 34.847040171268155)	(260, 35.22880253670753)	(265, 34.71731060529557)	(270, 32.9775957829257)	(275, 34.86706117585281)	(280, 33.82067739785511)	(285, 33.405964090238925)	(290, 32.64402884091047)	(295, 30.645012420980343)	(300, 28.98791731464464)
1193R_R_F_NS1_week9_S4_L001_R2_001	(1, 32.676529396320156)	(2, 33.00640235897643)	(3, 33.62127118130592)	(4, 33.358804758346295)	(5, 33.6335305879264)	(6, 37.268000323147454)	(7, 35.34129420556218)	(8, 34.98240866035183)	(9, 35.53154727041383)	(10, 36.51216852139842)	(15, 37.31137075111586)	(20, 37.27331609880233)	(25, 37.02148728616727)	(30, 37.008117060166015)	(35, 36.71949387029669)	(40, 36.91958475551875)	(45, 36.871421646840226)	(50, 36.74043382545998)	(55, 36.87770080584896)	(60, 35.94372387049866)	(65, 36.003536444974046)	(70, 36.23403348615515)	(75, 37.30278512713833)	(80, 36.660460889059436)	(85, 35.79744107608103)	(90, 36.91738331347323)	(95, 36.26924444085392)	(100, 36.96814573950275)	(105, 36.38906347827843)	(110, 36.80197927816938)	(115, 36.64295639529013)	(120, 36.54442873588755)	(125, 35.443214913255105)	(130, 36.78676913133925)	(135, 35.55555106739645)	(140, 36.06717225779089)	(145, 35.08341041746612)	(150, 36.32417950841193)	(155, 34.46154141336619)	(160, 35.557637388160686)	(165, 35.41423262577506)	(170, 35.23963605517743)	(175, 34.664621412558326)	(180, 34.840110678003754)	(185, 35.49805303657625)	(190, 34.18220467352009)	(195, 34.58968957647487)	(200, 34.11475976006301)	(205, 32.55943489588593)	(210, 33.90627915900875)	(215, 31.81995637509341)	(220, 31.602694241916264)	(225, 32.389881445277)	(230, 33.04824591521419)	(235, 32.21337830468766)	(240, 30.827728071415585)	(245, 30.274994445903097)	(250, 28.152196392866518)	(255, 28.423751338032435)	(260, 24.041726415284877)	(265, 29.614876901015897)	(270, 25.13316502736655)	(275, 26.897432997394624)	(280, 22.601203724274434)	(285, 24.282931755296584)	(290, 20.386003675802314)	(295, 23.010615393936945)	(300, 19.829968897057338)
184R_0_M_NS6_week9_S88_L001_R1_001	(1, 33.938211037346825)	(2, 33.95945076477641)	(3, 33.93650016085164)	(4, 33.962207176907555)	(5, 33.86827713274647)	(6, 37.85305471880209)	(7, 37.8774164302635)	(8, 37.77496124937853)	(9, 37.224344164010176)	(10, 37.44658263387243)	(15, 37.76536133126664)	(20, 37.70889363319978)	(25, 37.66210335448776)	(30, 37.547009621852425)	(35, 37.61387126019945)	(40, 37.354837247389824)	(45, 37.66620799578861)	(50, 37.41562892989793)	(55, 37.517045886584974)	(60, 37.43100488404059)	(65, 37.4825651449127)	(70, 37.46044804492148)	(75, 36.923118766999096)	(80, 37.17658731319276)	(85, 37.269914894861515)	(90, 37.60523791419296)	(95, 37.115095194922944)	(100, 37.062284678150505)	(105, 37.201598280349785)	(110, 37.28003392507239)	(115, 36.97196794665575)	(120, 36.63319100400667)	(125, 36.670259994735765)	(130, 36.33291316936215)	(135, 36.5943672681543)	(140, 36.7083116427339)	(145, 36.26101687479894)	(150, 36.56480858655281)	(155, 36.6480697803644)	(160, 36.525142573041265)	(165, 36.38371888983126)	(170, 36.43942473605709)	(175, 36.744247360570874)	(180, 36.523183107653615)	(185, 36.67770011405844)	(190, 36.61514783727664)	(195, 36.16160763899044)	(200, 35.941638639487614)	(205, 36.27094873219664)	(210, 36.16591407598047)	(215, 35.938342643231074)	(220, 36.11162079957886)	(225, 35.487966835317174)	(230, 35.592473605708776)	(235, 35.39024507940221)	(240, 35.091388588307545)	(245, 34.47055683911911)	(250, 35.465820489573886)	(255, 34.971353785862604)	(260, 35.154438042874276)	(265, 34.745544409674494)	(270, 33.07826601936069)	(275, 35.08982832743544)	(280, 34.13896850232504)	(285, 33.53517240370836)	(290, 33.03584066914281)	(295, 31.001111338578074)	(300, 29.722680811862077)
184R_0_M_NS6_week9_S88_L001_R2_001	(1, 32.762802327961865)	(2, 33.43307840786126)	(3, 33.62640014037961)	(4, 33.780006141607934)	(5, 33.56670224899833)	(6, 37.44751118650016)	(7, 35.93938086742901)	(8, 35.62330740209985)	(9, 35.52313338987512)	(10, 36.6336355394379)	(15, 37.385931330974174)	(20, 37.3814947503875)	(25, 37.18713625595882)	(30, 37.094137689000675)	(35, 36.91093791126839)	(40, 37.06587166963998)	(45, 37.02156435527739)	(50, 36.91244991664961)	(55, 37.09502675986313)	(60, 36.36528675459889)	(65, 36.35640628198754)	(70, 36.464222209224104)	(75, 37.41788962653174)	(80, 36.818635393209135)	(85, 36.15061123621794)	(90, 37.117171643318805)	(95, 36.5218889831252)	(100, 37.12649080221098)	(105, 36.655816980083635)	(110, 36.97170765946247)	(115, 36.81535255754102)	(120, 36.70956774778463)	(125, 35.85835551136197)	(130, 36.9424355862311)	(135, 35.748030298599126)	(140, 36.41047729067354)	(145, 35.63734974994882)	(150, 36.554889889743514)	(155, 34.91183136899365)	(160, 35.75594566139269)	(165, 35.60104407334835)	(170, 35.55671921153453)	(175, 35.037023659813414)	(180, 35.195725733337234)	(185, 35.94788406983886)	(190, 34.5896470037727)	(195, 34.93123738776943)	(200, 34.647553592840644)	(205, 33.476993829146316)	(210, 34.22919164741321)	(215, 32.83289123504811)	(220, 32.1544526657503)	(225, 33.15504927909221)	(230, 33.87788582458397)	(235, 32.85956043634662)	(240, 31.69893253005001)	(245, 31.263008510513846)	(250, 29.145447898692716)	(255, 29.262267130699264)	(260, 24.97302810516772)	(265, 30.32411019799374)	(270, 26.276278770508583)	(275, 27.733069634135642)	(280, 23.679011786038078)	(285, 25.399156260053225)	(290, 21.218370719153043)	(295, 24.061984909191942)	(300, 20.54773637879098)
2402R_0_F_S5_week9_S70_L001_R1_001	(1, 33.90238986002709)	(2, 33.89114203702509)	(3, 33.91440366380701)	(4, 33.94365606656776)	(5, 33.847198929239504)	(6, 37.812947494033416)	(7, 37.8277027027027)	(8, 37.715168031993805)	(9, 37.1558569309166)	(10, 37.404816809649745)	(15, 37.75476520673418)	(20, 37.662654002451134)	(25, 37.583059730374764)	(30, 37.51800780494098)	(35, 37.60023060052893)	(40, 37.355307037347615)	(45, 37.712613687673354)	(50, 37.33691543572212)	(55, 37.47897181190737)	(60, 37.42574501709346)	(65, 37.37857511449397)	(70, 37.35927239889054)	(75, 36.90563923111655)	(80, 37.218141650003226)	(85, 37.205647294072115)	(90, 37.588224859704574)	(95, 36.898790556666455)	(100, 36.9623508353222)	(105, 37.078328388053926)	(110, 37.120858866025934)	(115, 36.80875314455266)	(120, 36.50267045088047)	(125, 36.84609107914597)	(130, 36.493123911501)	(135, 36.300117719151125)	(140, 36.49617654647488)	(145, 36.14275946590982)	(150, 36.57172644004386)	(155, 36.57943623814746)	(160, 36.35560859188544)	(165, 36.376356189124685)	(170, 36.30199638779591)	(175, 36.63266625814359)	(180, 36.393788299038896)	(185, 36.506861575179)	(190, 36.211517125717606)	(195, 35.97832677546282)	(200, 35.811404244339805)	(205, 36.15425240276076)	(210, 36.16260239953558)	(215, 35.778718635102884)	(220, 35.769330129652325)	(225, 35.39189834225634)	(230, 35.563545765335746)	(235, 35.2477778494485)	(240, 35.066358124234014)	(245, 34.81783525769206)	(250, 35.22654647487583)	(255, 35.02281655163517)	(260, 35.26953654131459)	(265, 34.500770818551246)	(270, 32.48359994839709)	(275, 34.655616654841)	(280, 34.006832548538995)	(285, 33.301038508675745)	(290, 32.205898858285494)	(295, 30.262555634393344)	(300, 27.139541540347032)
2402R_0_F_S5_week9_S70_L001_R2_001	(1, 32.67442591756434)	(2, 33.77484196607108)	(3, 33.77535799522673)	(4, 33.59612655615042)	(5, 33.797410178675094)	(6, 37.685738244210796)	(7, 35.91046087853964)	(8, 35.770262207314715)	(9, 37.18142456298781)	(10, 36.83126169128556)	(15, 37.4409162742695)	(20, 37.301852867186994)	(25, 37.1026317486938)	(30, 37.18320163839257)	(35, 36.75300264464942)	(40, 37.00526510997871)	(45, 37.07141843514158)	(50, 36.91374572663356)	(55, 36.93667838482874)	(60, 36.16000935302844)	(65, 36.14568793136812)	(70, 36.437692704637804)	(75, 37.37934754563633)	(80, 36.81624201767399)	(85, 35.81081403599303)	(90, 36.990348642198285)	(95, 36.25755982713024)	(100, 37.02047023156808)	(105, 36.58580919821971)	(110, 36.87477907501774)	(115, 36.75177062504032)	(120, 36.763332903309035)	(125, 35.32625782106688)	(130, 36.90804682964587)	(135, 35.81677578533187)	(140, 36.18378055860156)	(145, 35.14203218731858)	(150, 36.47542733664453)	(155, 35.06267496613558)	(160, 35.68047958459653)	(165, 35.497819776817394)	(170, 35.20717119267239)	(175, 34.75587950719215)	(180, 34.740609881958335)	(185, 35.430271560343165)	(190, 34.257622718183576)	(195, 34.73183738631233)	(200, 34.2620976585177)	(205, 32.098203573501905)	(210, 33.726470683093595)	(215, 31.59994517190221)	(220, 31.453623492227315)	(225, 31.952675288653815)	(230, 32.45767109591692)	(235, 32.22081693865703)	(240, 30.078139714893894)	(245, 29.226378765400245)	(250, 27.37926207830742)	(255, 28.146658711217185)	(260, 23.460139972908472)	(265, 28.637470167064443)	(270, 24.899027607559827)	(275, 26.845646003999224)	(280, 22.38785396374895)	(285, 23.896716764497192)	(290, 19.92617719151132)	(295, 22.560651164290782)	(300, 19.51223150357995)
2403R_0_F_NS6_week9_S80_L001_R1_001	(1, 33.9415191740413)	(2, 33.958930678466075)	(3, 33.93585545722714)	(4, 33.96518436578171)	(5, 33.87112831858407)	(6, 37.857234513274335)	(7, 37.88101769911504)	(8, 37.78671828908555)	(9, 37.242853982300886)	(10, 37.447486725663715)	(15, 37.765119469026544)	(20, 37.69730235988201)	(25, 37.64886430678466)	(30, 37.539320058997056)	(35, 37.5911371681416)	(40, 37.34711799410029)	(45, 37.66131268436578)	(50, 37.390694690265484)	(55, 37.48494542772862)	(60, 37.41919911504425)	(65, 37.45023008849558)	(70, 37.45733775811209)	(75, 36.9626430678466)	(80, 37.15378613569321)	(85, 37.1182831858407)	(90, 37.57313569321534)	(95, 37.021464601769914)	(100, 37.05063569321534)	(105, 37.186882005899704)	(110, 37.19178613569322)	(115, 36.958002949852506)	(120, 36.57415191740413)	(125, 36.53094690265487)	(130, 36.29691740412979)	(135, 36.526995575221235)	(140, 36.60704867256637)	(145, 36.11874926253687)	(150, 36.46530088495575)	(155, 36.57534218289086)	(160, 36.41734955752212)	(165, 36.26143657817109)	(170, 36.339946902654866)	(175, 36.59066961651918)	(180, 36.40801622418879)	(185, 36.64625663716814)	(190, 36.510140117994105)	(195, 36.0982610619469)	(200, 35.90878466076696)	(205, 36.2054616519174)	(210, 36.042907079646014)	(215, 35.74949852507375)	(220, 36.02166519174041)	(225, 35.26381563421829)	(230, 35.461755162241886)	(235, 35.209138643067845)	(240, 34.98387168141592)	(245, 34.183674041297934)	(250, 35.2213790560472)	(255, 34.63418731563422)	(260, 35.13633775811209)	(265, 34.70157522123893)	(270, 32.97034513274336)	(275, 35.01433185840708)	(280, 33.843660766961655)	(285, 33.16225368731564)	(290, 32.644581120943954)	(295, 30.78685250737463)	(300, 28.898901179941003)
2403R_0_F_NS6_week9_S80_L001_R2_001	(1, 32.74707227138643)	(2, 33.09884955752212)	(3, 33.32771386430679)	(4, 33.513716814159295)	(5, 33.33101032448378)	(6, 37.08857669616519)	(7, 35.20573008849558)	(8, 35.12890855457227)	(9, 36.12367994100295)	(10, 36.74006489675516)	(15, 37.2809616519174)	(20, 37.19397640117994)	(25, 36.95086135693215)	(30, 36.97966519174041)	(35, 36.694626843657815)	(40, 36.859697640118)	(45, 36.86483038348082)	(50, 36.75528761061947)	(55, 36.92943362831858)	(60, 35.99685988200589)	(65, 35.9467994100295)	(70, 36.15210029498525)	(75, 37.24646902654867)	(80, 36.602421828908554)	(85, 35.73206637168142)	(90, 36.9447005899705)	(95, 36.2074616519174)	(100, 36.87639528023599)	(105, 36.425280235988204)	(110, 36.79221386430679)	(115, 36.55652654867257)	(120, 36.479308259587015)	(125, 35.371656342182895)	(130, 36.740412979351035)	(135, 35.48646312684366)	(140, 36.042640117994104)	(145, 34.99075221238938)	(150, 36.30360914454277)	(155, 34.205566371681414)	(160, 35.545471976401174)	(165, 34.67027728613569)	(170, 35.20766519174042)	(175, 34.404834808259594)	(180, 34.23458407079646)	(185, 35.42484955752213)	(190, 34.0369808259587)	(195, 34.29674041297936)	(200, 34.29711504424779)	(205, 32.59774336283186)	(210, 33.88689380530973)	(215, 32.41401032448377)	(220, 31.66115781710915)	(225, 32.42372418879056)	(230, 33.27023451327434)	(235, 32.210026548672566)	(240, 30.68619616519174)	(245, 30.078410029498524)	(250, 27.707471976401177)	(255, 28.520479351032446)	(260, 24.04225221238938)	(265, 29.402545722713864)	(270, 25.416421828908558)	(275, 27.252842182890856)	(280, 22.72159292035398)	(285, 24.46715191740413)	(290, 20.53732743362832)	(295, 22.709234513274335)	(300, 19.77225663716814)
2404R_R_F_S2_week5_S35_L001_R1_001	(1, 33.92420382806915)	(2, 33.93136257916411)	(3, 33.93343670395392)	(4, 33.96040032622157)	(5, 33.89325305329292)	(6, 37.85335132250627)	(7, 37.86670224226986)	(8, 37.75752877093004)	(9, 37.3153072423202)	(10, 37.50142470222214)	(15, 37.768336370684366)	(20, 37.7476072050665)	(25, 37.69885319022543)	(30, 37.624351836003186)	(35, 37.71257261953906)	(40, 37.34865030860157)	(45, 37.764250546219756)	(50, 37.518418429504926)	(55, 37.623149649110445)	(60, 37.52608866380048)	(65, 37.54073440127267)	(70, 37.54403085008911)	(75, 37.17370493057723)	(80, 37.35504183489564)	(85, 37.41526394748236)	(90, 37.70631802575539)	(95, 37.25013944965214)	(100, 37.24583211671483)	(105, 37.31468299116987)	(110, 37.41392482807922)	(115, 37.08708102175817)	(120, 36.97586765875613)	(125, 37.021800461140366)	(130, 36.86635185614032)	(135, 36.790122735831005)	(140, 36.938253506378445)	(145, 36.67073973761315)	(150, 36.9192057914397)	(155, 36.92020660699363)	(160, 36.762865111408686)	(165, 36.74843081384226)	(170, 36.72874273804609)	(175, 36.989190386532286)	(180, 36.84481116402702)	(185, 36.88011558714848)	(190, 36.7236158237598)	(195, 36.40857640532023)	(200, 36.295214410133)	(205, 36.58308078011257)	(210, 36.4879952476364)	(215, 36.20380994573043)	(220, 36.324622680453885)	(225, 36.028516195289924)	(230, 36.01756159445826)	(235, 35.75440952889175)	(240, 35.436562993989064)	(245, 35.22057209597358)	(250, 35.68796906936235)	(255, 35.46324469638237)	(260, 35.70227247555856)	(265, 35.41543914054713)	(270, 33.53365821242663)	(275, 35.328633997523134)	(280, 34.48672862191525)	(285, 34.113239158670545)	(290, 33.33320915434106)	(295, 31.373014226885083)	(300, 29.642057410968697)
2404R_R_F_S2_week5_S35_L001_R2_001	(1, 32.783918484882044)	(2, 33.80950271347879)	(3, 33.793322526404815)	(4, 33.626687743533466)	(5, 33.68631379695728)	(6, 37.42860882610578)	(7, 36.41160301654266)	(8, 35.91200072493682)	(9, 35.9091613890595)	(10, 36.81576536211601)	(15, 37.49967679900119)	(20, 37.465185916088565)	(25, 37.28049416526546)	(30, 37.27614857177378)	(35, 37.085766066915696)	(40, 37.15738781099286)	(45, 37.245240084978704)	(50, 37.076347929399205)	(55, 37.13162838933134)	(60, 36.40173179351383)	(65, 36.50694831804589)	(70, 36.651984011115694)	(75, 37.458760156666905)	(80, 36.958676587561285)	(85, 36.23094070620929)	(90, 37.17893857167309)	(95, 36.66638608926792)	(100, 37.20186872602422)	(105, 36.73561755555331)	(110, 37.01733203113201)	(115, 36.95061770658182)	(120, 36.846589272948776)	(125, 36.099906362327445)	(130, 37.07919129270331)	(135, 36.40849384307132)	(140, 36.49236097826197)	(145, 35.794140094040415)	(150, 36.7110502522176)	(155, 35.44632144906815)	(160, 36.176693281245285)	(165, 35.95352148128757)	(170, 35.7483220733193)	(175, 35.41283540913622)	(180, 35.49612058115768)	(185, 36.037487288434235)	(190, 34.92171689203476)	(195, 35.351173491476956)	(200, 34.83195360404354)	(205, 33.49346046577191)	(210, 34.474165064086435)	(215, 33.25794863017147)	(220, 32.75163060441608)	(225, 33.07949334971154)	(230, 33.903786788026466)	(235, 33.15490490238524)	(240, 31.814762532848697)	(245, 31.224772702101312)	(250, 29.053802394305215)	(255, 29.160803068899202)	(260, 25.01452088724212)	(265, 30.31934473766349)	(270, 26.284336330410092)	(275, 27.85458572881322)	(280, 23.62867729236098)	(285, 25.35215014247022)	(290, 21.201735820940605)	(295, 23.652783455330802)	(300, 20.33979399712039)
2404R_R_F_S2_week6_S36_L001_R1_001	(1, 33.94251644155293)	(2, 33.94686549748957)	(3, 33.93265150979421)	(4, 33.95933809490135)	(5, 33.89537515027226)	(6, 37.8531928435047)	(7, 37.86911286330528)	(8, 37.787682978572946)	(9, 37.35017855880065)	(10, 37.49396435895623)	(15, 37.773875609928574)	(20, 37.71877519270207)	(25, 37.66374018810551)	(30, 37.60583233151828)	(35, 37.68207340357825)	(40, 37.358961530301954)	(45, 37.74048511420692)	(50, 37.47241001343611)	(55, 37.58479421540203)	(60, 37.50370376918181)	(65, 37.518446361643456)	(70, 37.49002368997949)	(75, 37.15510218513542)	(80, 37.38211760130118)	(85, 37.40556007354501)	(90, 37.707211300473794)	(95, 37.175710699384766)	(100, 37.25530019093416)	(105, 37.278102680149914)	(110, 37.3636570963864)	(115, 37.07163213351249)	(120, 36.88331801145604)	(125, 37.036860900926385)	(130, 36.81475496782406)	(135, 36.6781415741461)	(140, 36.844098720033955)	(145, 36.552588218654975)	(150, 36.93896824835584)	(155, 36.949047097093555)	(160, 36.71004525846828)	(165, 36.784583834240856)	(170, 36.67921646276784)	(175, 36.97183013931122)	(180, 36.8031822360512)	(185, 36.832716922424154)	(190, 36.6034880842939)	(195, 36.39441694363906)	(200, 36.27400997100629)	(205, 36.57983346297999)	(210, 36.554366735025816)	(215, 36.17512198571529)	(220, 36.28212290502794)	(225, 35.95388763170921)	(230, 36.02201576974754)	(235, 35.69521250265187)	(240, 35.486498479598325)	(245, 35.27691994908422)	(250, 35.70298246234354)	(255, 35.48861466657238)	(260, 35.76440138604058)	(265, 35.309171911463125)	(270, 33.290055512340004)	(275, 35.18193904250053)	(280, 34.40957499469628)	(285, 33.8945937345308)	(290, 32.885483699879785)	(295, 30.96684110034651)	(300, 28.28930945477689)
2404R_R_F_S2_week6_S36_L001_R2_001	(1, 32.839862810268016)	(2, 33.80926914645357)	(3, 33.79821971572024)	(4, 33.640451523937486)	(5, 33.69430202955944)	(6, 37.45733151828018)	(7, 36.42472243829998)	(8, 35.90881125804398)	(9, 35.98522912099568)	(10, 36.81571140654834)	(15, 37.49829750371261)	(20, 37.43346651580511)	(25, 37.252310656954954)	(30, 37.3001219857153)	(35, 36.99783254366735)	(40, 37.183567286613396)	(45, 37.24841241779224)	(50, 37.05942295452938)	(55, 37.098612191499896)	(60, 36.432527756169996)	(65, 36.473373523796056)	(70, 36.67287674139028)	(75, 37.44896400537444)	(80, 36.956201824482)	(85, 36.17728944204795)	(90, 37.170553709072905)	(95, 36.64080333781203)	(100, 37.16873806661481)	(105, 36.73173750088395)	(110, 37.0007955590128)	(115, 36.90111731843575)	(120, 36.91858956226575)	(125, 35.866261226221624)	(130, 37.0726645923202)	(135, 36.25412453150413)	(140, 36.434672229686726)	(145, 35.757078707305)	(150, 36.71355102185136)	(155, 35.619993281946115)	(160, 36.09843363269924)	(165, 35.86690297715862)	(170, 35.694243688565166)	(175, 35.224482002687225)	(180, 35.303307757584335)	(185, 35.7864242274238)	(190, 34.809990453291846)	(195, 35.406622586804325)	(200, 34.66910225585178)	(205, 32.91374549183226)	(210, 34.197097093557744)	(215, 32.56918004384414)	(220, 32.35906937274592)	(225, 32.66763665935931)	(230, 33.174954034368156)	(235, 32.756907220140015)	(240, 30.98229616010183)	(245, 30.175852132098157)	(250, 28.34026589350117)	(255, 28.68319779364967)	(260, 24.06793366805742)	(265, 29.59592320203663)	(270, 25.682453503995475)	(275, 27.36954069726328)	(280, 22.991759776536313)	(285, 24.473711194399264)	(290, 20.53498338165618)	(295, 23.003507531291984)	(300, 19.832985644579594)
2404R_R_F_S2_week7_S37_L001_R1_001	(1, 33.908172308405874)	(2, 33.944714544837126)	(3, 33.93459337237135)	(4, 33.95806587872814)	(5, 33.86106164638843)	(6, 37.83277702775454)	(7, 37.85515624870587)	(8, 37.72305092887847)	(9, 37.26499747384812)	(10, 37.41827443120171)	(15, 37.76133248300024)	(20, 37.672330768529946)	(25, 37.59564673629459)	(30, 37.53868491017666)	(35, 37.6154451410918)	(40, 37.28830267440801)	(45, 37.69627040592362)	(50, 37.37397649436379)	(55, 37.505394369580166)	(60, 37.4298814779231)	(65, 37.450670465557366)	(70, 37.39433976328714)	(75, 37.01779239172747)	(80, 37.307524619627785)	(85, 37.32937044982068)	(90, 37.66935902001872)	(95, 37.05850899061597)	(100, 37.19063418835982)	(105, 37.17373630287319)	(110, 37.27341908445631)	(115, 36.95251165756976)	(120, 36.65201222491863)	(125, 36.91782138035565)	(130, 36.64803498513297)	(135, 36.49492699006932)	(140, 36.668606972179205)	(145, 36.343864763908336)	(150, 36.82389159909555)	(155, 36.8254818324126)	(160, 36.53020035283302)	(165, 36.66952301282954)	(170, 36.51025286366234)	(175, 36.83887789161566)	(180, 36.62566735963292)	(185, 36.70370640317384)	(190, 36.41018411920124)	(195, 36.20082327704018)	(200, 36.060341071916646)	(205, 36.41694592378475)	(210, 36.419619503549036)	(215, 35.943821695089326)	(220, 36.04962853143609)	(225, 35.76596569402917)	(230, 35.90542749944093)	(235, 35.42870702435873)	(240, 35.230595426422724)	(245, 35.12023157772679)	(250, 35.54692265005757)	(255, 35.28635132560855)	(260, 35.654868018917156)	(265, 35.098412251422516)	(270, 32.89545706784167)	(275, 34.89001714470295)	(280, 34.209226666224936)	(285, 33.58435111026446)	(290, 32.44529183266107)	(295, 30.540551777831155)	(300, 27.27859728169492)
2404R_R_F_S2_week7_S37_L001_R2_001	(1, 32.79353470767039)	(2, 33.784755294565876)	(3, 33.77171869435219)	(4, 33.62476291443385)	(5, 33.66129686839991)	(6, 37.42991792076994)	(7, 36.269776456264445)	(8, 35.74474270521878)	(9, 35.93890025427168)	(10, 36.73801237400299)	(15, 37.44701955490032)	(20, 37.35633153051674)	(25, 37.14915394618053)	(30, 37.23151146707306)	(35, 36.85009566247298)	(40, 37.14069257973944)	(45, 37.20621184889471)	(50, 36.965266653966886)	(55, 37.033381647713625)	(60, 36.32788291907203)	(65, 36.3630221058996)	(70, 36.600727200443934)	(75, 37.4015670424145)	(80, 36.89534773930113)	(85, 36.03543072960237)	(90, 37.11689043126796)	(95, 36.52408126754847)	(100, 37.11116724781964)	(105, 36.66528073415771)	(110, 36.94735499474063)	(115, 36.792305589835756)	(120, 36.88157399968527)	(125, 35.6670614641742)	(130, 37.01018080621516)	(135, 36.067331472539486)	(140, 36.30915295228472)	(145, 35.65292329608985)	(150, 36.62563422977215)	(155, 35.51302748950197)	(160, 35.94734671227544)	(165, 35.78177692008249)	(170, 35.59853566015389)	(175, 35.05581387644219)	(180, 35.18662381871341)	(185, 35.55935959979128)	(190, 34.562889586456514)	(195, 35.355938941666594)	(200, 34.485408781069594)	(205, 32.531074981157396)	(210, 34.018507996720146)	(215, 32.09789873858055)	(220, 32.07260243338827)	(225, 32.465138275756395)	(230, 32.72905902912943)	(235, 32.44477003735392)	(240, 30.464141066947168)	(245, 29.614358481658478)	(250, 27.977095670755443)	(255, 28.433500915212402)	(260, 23.591530351093702)	(265, 29.144792400009937)	(270, 25.2634387138988)	(275, 27.121704200038103)	(280, 22.67792143253518)	(285, 24.156942776447984)	(290, 20.223601712813803)	(295, 22.60948176615288)	(300, 19.550783935330514)
2404R_R_F_S2_week9_S38_L001_R1_001	(1, 33.89877344290306)	(2, 33.891003213864366)	(3, 33.9218298685977)	(4, 33.9446828851552)	(5, 33.84536837394736)	(6, 37.81491802611773)	(7, 37.83190268906879)	(8, 37.72540783531996)	(9, 37.1808714047435)	(10, 37.4048838533827)	(15, 37.749786420406004)	(20, 37.69740449941012)	(25, 37.629947927260886)	(30, 37.5342907123388)	(35, 37.656047353647125)	(40, 37.25967820674505)	(45, 37.720664334241896)	(50, 37.42244213010048)	(55, 37.526550994670686)	(60, 37.4391745657215)	(65, 37.46631951507261)	(70, 37.447461453968515)	(75, 36.99052113420935)	(80, 37.255575444448965)	(85, 37.294609657865834)	(90, 37.64188804361092)	(95, 37.135049428420324)	(100, 37.15570155811399)	(105, 37.159013058866606)	(110, 37.320334811439736)	(115, 36.895870794516085)	(120, 36.68891216793458)	(125, 36.81785728814938)	(130, 36.595630771734264)	(135, 36.55099467068061)	(140, 36.74542939668849)	(145, 36.42217566413083)	(150, 36.72271063016151)	(155, 36.72552988080225)	(160, 36.53488466701924)	(165, 36.56106545706033)	(170, 36.4974268744152)	(175, 36.78047679101745)	(180, 36.61112241161872)	(185, 36.69076929335666)	(190, 36.486162076400475)	(195, 36.12547699442659)	(200, 36.009495138521615)	(205, 36.33920100890932)	(210, 36.25347829624506)	(215, 35.915440787600176)	(220, 36.083666246287784)	(225, 35.720503641023555)	(230, 35.73174402994182)	(235, 35.44024449778284)	(240, 35.04643830600871)	(245, 34.86065457060331)	(250, 35.52760668809243)	(255, 35.176217403685776)	(260, 35.47547089215248)	(265, 35.12700256295513)	(270, 33.114763435173515)	(275, 35.011043082055245)	(280, 34.15527236483463)	(285, 33.7754119035027)	(290, 33.016199503681705)	(295, 30.983564541719215)	(300, 29.04193279362109)
2404R_R_F_S2_week9_S38_L001_R2_001	(1, 32.8014930230666)	(2, 33.793204100728204)	(3, 33.77661608559456)	(4, 33.61367519628982)	(5, 33.66758878808836)	(6, 37.414974980676135)	(7, 36.209704649932874)	(8, 35.667242992555224)	(9, 35.79153614580367)	(10, 36.722635368780765)	(15, 37.44322647573329)	(20, 37.393126805256095)	(25, 37.19108050933648)	(30, 37.209781945404984)	(35, 36.95543305805297)	(40, 37.097081078882056)	(45, 37.18136772303812)	(50, 36.96833326553029)	(55, 37.01631137870713)	(60, 36.19135511167161)	(65, 36.312355070989796)	(70, 36.50485537610349)	(75, 37.402080875472926)	(80, 36.87787518815345)	(85, 36.06436882144747)	(90, 37.10027460233514)	(95, 36.51623408323501)	(100, 37.11836987917498)	(105, 36.658408933729305)	(110, 36.95451568284447)	(115, 36.83338960986127)	(120, 36.78997803181319)	(125, 35.8991192384362)	(130, 37.002286318701444)	(135, 36.21922623164233)	(140, 36.30739392213498)	(145, 35.60968024083642)	(150, 36.61521093527521)	(155, 35.1703368455311)	(160, 36.00752206989138)	(165, 35.804470932834306)	(170, 35.55018917049754)	(175, 35.113536878076566)	(180, 35.24159310036207)	(185, 35.85929986574997)	(190, 34.65114112525934)	(195, 35.32988487042839)	(200, 34.581329075302065)	(205, 33.148311704161756)	(210, 34.2228672551971)	(215, 32.83050730238803)	(220, 32.50344981896586)	(225, 32.91553638989463)	(230, 33.6726821528823)	(235, 32.9394796794272)	(240, 31.517340628941053)	(245, 30.908461820104957)	(250, 28.885887474065335)	(255, 29.012780196086407)	(260, 24.621036572962854)	(265, 30.039369838493144)	(270, 26.05157235263008)	(275, 27.67540783531996)	(280, 23.496655953785442)	(285, 25.1953724421301)	(290, 21.07005614092185)	(295, 23.48758594036044)	(300, 20.23308144501851)
2433R_0_F_S5_week9_S71_L001_R1_001	(1, 33.95640080059256)	(2, 33.96223976801727)	(3, 33.951286779190895)	(4, 33.95399744692922)	(5, 33.87284289158905)	(6, 37.825902636597164)	(7, 37.81926780451673)	(8, 37.74795517942414)	(9, 37.20132223850724)	(10, 37.39746268891936)	(15, 37.75747561187021)	(20, 37.66269207129687)	(25, 37.59385371850031)	(30, 37.51031944904103)	(35, 37.595612500590995)	(40, 37.32349770696421)	(45, 37.70546388665626)	(50, 37.34900950309678)	(55, 37.46567065386979)	(60, 37.41585898223882)	(65, 37.39677871810632)	(70, 37.375695396592754)	(75, 36.908485020408804)	(80, 37.22561423415756)	(85, 37.20913116795108)	(90, 37.60257513435141)	(95, 36.98488329944998)	(100, 37.043416386932066)	(105, 37.07882527224875)	(110, 37.20595874111547)	(115, 36.810819031409075)	(120, 36.51982569776054)	(125, 36.827065702173265)	(130, 36.44036373378721)	(135, 36.36960112209037)	(140, 36.56581249113517)	(145, 36.24149370400139)	(150, 36.64162608544907)	(155, 36.6404031330276)	(160, 36.43139646667612)	(165, 36.473364537531715)	(170, 36.35531495752762)	(175, 36.69950829748002)	(180, 36.486613714087596)	(185, 36.566192299812464)	(190, 36.3642191858541)	(195, 36.06656422864167)	(200, 35.922233779332736)	(205, 36.26016579200353)	(210, 36.24277496729862)	(215, 35.844281594250866)	(220, 35.955010795391864)	(225, 35.54492774179313)	(230, 35.58829212172789)	(235, 35.308585882464186)	(240, 35.020536460057045)	(245, 34.77340866468095)	(250, 35.3036956487479)	(255, 34.90347343703213)	(260, 35.249028414732166)	(265, 34.5915985059808)	(270, 32.608990906655315)	(275, 34.78760972688447)	(280, 33.843662238192046)	(285, 33.354673537894186)	(290, 32.39384111074339)	(295, 30.309167415252233)	(300, 28.029860684286007)
2433R_0_F_S5_week9_S71_L001_R2_001	(1, 32.676232802231574)	(2, 33.78725198178179)	(3, 33.792200526373854)	(4, 33.60246954438718)	(5, 33.80552534947126)	(6, 37.69101539722314)	(7, 35.95557341654453)	(8, 35.83062266559501)	(9, 37.19763446960743)	(10, 36.84990150189905)	(15, 37.4440278631428)	(20, 37.36129418624809)	(25, 37.15897278300475)	(30, 37.19471104597103)	(35, 36.866080405969775)	(40, 37.09259767071691)	(45, 37.16306872803493)	(50, 36.94833656407104)	(55, 36.969790238444205)	(60, 36.1549115093061)	(65, 36.201980993806444)	(70, 36.48054150315982)	(75, 37.39493640962602)	(80, 36.83545616440515)	(85, 35.96566750193056)	(90, 37.03225379414685)	(95, 36.36679589617513)	(100, 37.09358265172648)	(105, 36.60231825130411)	(110, 36.933404251966024)	(115, 36.80820922572613)	(120, 36.77227081461869)	(125, 35.66695664507588)	(130, 36.971599451562575)	(135, 36.05571998171875)	(140, 36.20215592643374)	(145, 35.4367169400974)	(150, 36.525445605408734)	(155, 35.09826170551431)	(160, 35.816565016626484)	(165, 35.626931744755964)	(170, 35.36750981041085)	(175, 34.947023781381496)	(180, 34.9833814004066)	(185, 35.663305123477215)	(190, 34.48564449277418)	(195, 34.990265235686266)	(200, 34.36856571005311)	(205, 32.50725261216964)	(210, 33.9773470127496)	(215, 32.07794272926418)	(220, 31.974061116101684)	(225, 32.48551368729611)	(230, 33.01963815737632)	(235, 32.567022835799726)	(240, 30.769856429168044)	(245, 30.082063889808204)	(250, 28.242300600444423)	(255, 28.481955147904745)	(260, 24.05438828739382)	(265, 29.254003750807687)	(270, 25.504160559784406)	(275, 27.2320221266134)	(280, 22.93882716341229)	(285, 24.43430097867713)	(290, 20.489748317652435)	(295, 22.97779143618111)	(300, 19.80303137755504)
2446R_L_F_S2_week5_S39_L001_R1_001	(1, 33.95494980028069)	(2, 33.964180071251214)	(3, 33.95032926697614)	(4, 33.95450717909964)	(5, 33.865043722336175)	(6, 37.82295152758286)	(7, 37.81596674943323)	(8, 37.731706790456656)	(9, 37.24761956169707)	(10, 37.412747490014034)	(15, 37.76076001295477)	(20, 37.66112274641044)	(25, 37.58713375796178)	(30, 37.51711324624851)	(35, 37.59727733995466)	(40, 37.24975062074922)	(45, 37.681731620425346)	(50, 37.33945805894418)	(55, 37.476165389182775)	(60, 37.41838281334341)	(65, 37.424024614055924)	(70, 37.36709057540754)	(75, 36.96679261578322)	(80, 37.27365864190867)	(85, 37.28041887077621)	(90, 37.6362409586527)	(95, 36.99700960811832)	(100, 37.10092410666091)	(105, 37.145551117348596)	(110, 37.22912015545719)	(115, 36.919695562992544)	(120, 36.636735398898836)	(125, 36.867531037460864)	(130, 36.59855554356041)	(135, 36.42647954226492)	(140, 36.60558350426428)	(145, 36.26530497678938)	(150, 36.755930044262115)	(155, 36.778583612220665)	(160, 36.47288783331534)	(165, 36.54494008420598)	(170, 36.42837525639642)	(175, 36.76836230163015)	(180, 36.54659181690597)	(185, 36.6407319442945)	(190, 36.374235129007886)	(195, 36.18352369642664)	(200, 35.99343841088201)	(205, 36.35751700313073)	(210, 36.38136240958653)	(215, 35.933542049012196)	(220, 36.005456115729245)	(225, 35.65096836877901)	(230, 35.7660390802116)	(235, 35.35460002159128)	(240, 35.20494008420598)	(245, 35.00756990175969)	(250, 35.39471229623232)	(255, 35.19078916117888)	(260, 35.52020727626039)	(265, 34.94535895498218)	(270, 32.75309942783116)	(275, 34.78777285976466)	(280, 34.06763683471877)	(285, 33.39547230918709)	(290, 32.214589225952714)	(295, 30.220924106660913)	(300, 27.158318039512036)
2446R_L_F_S2_week5_S39_L001_R2_001	(1, 32.73281874122854)	(2, 33.77301090359495)	(3, 33.76586419086689)	(4, 33.60865810212674)	(5, 33.654669113678075)	(6, 37.40618590089604)	(7, 36.25735722768002)	(8, 35.698801684119616)	(9, 35.85092302709705)	(10, 36.71366080103638)	(15, 37.4422454928209)	(20, 37.34193026017489)	(25, 37.131231782359926)	(30, 37.221969124473716)	(35, 36.82103854042967)	(40, 37.1187995249919)	(45, 37.18553168519918)	(50, 36.951253373637044)	(55, 37.008874014897984)	(60, 36.295765950555975)	(65, 36.315208895606176)	(70, 36.563245168951745)	(75, 37.39036165389182)	(80, 36.86889128791968)	(85, 35.99923350966209)	(90, 37.08262118104286)	(95, 36.48814422973119)	(100, 37.08864730648818)	(105, 36.61161610709273)	(110, 36.907835474468314)	(115, 36.76411313829213)	(120, 36.80913095109575)	(125, 35.578449746302496)	(130, 36.97236964266436)	(135, 36.00950232106229)	(140, 36.265019971931345)	(145, 35.57640937061427)	(150, 36.57554571952931)	(155, 35.47054302061967)	(160, 35.83040267731836)	(165, 35.671287919680445)	(170, 35.4702169923351)	(175, 34.959833747166144)	(180, 35.063439490445866)	(185, 35.45725358954982)	(190, 34.46444348483213)	(195, 35.21213645687142)	(200, 34.3950728705603)	(205, 32.38614703659722)	(210, 33.86520997517003)	(215, 31.92611464968153)	(220, 31.865516571305193)	(225, 32.29205656914606)	(230, 32.58062830616431)	(235, 32.32915254237288)	(240, 30.261632300550577)	(245, 29.388858901003992)	(250, 27.677074381949694)	(255, 28.18644931447695)	(260, 23.428677534276154)	(265, 28.873522616862783)	(270, 25.033695347079778)	(275, 26.89614595703336)	(280, 22.383860520349778)	(285, 23.87645471229623)	(290, 19.963605743279714)	(295, 22.32940084205981)	(300, 19.372120263413578)
2446R_L_F_S2_week6_S40_L001_R1_001	(1, 33.93852907966362)	(2, 33.95815427136525)	(3, 33.93622866002663)	(4, 33.964887001365085)	(5, 33.873460067074504)	(6, 37.858671655122436)	(7, 37.880555134233276)	(8, 37.775123447427404)	(9, 37.278814230581254)	(10, 37.48009167972765)	(15, 37.76490048367798)	(20, 37.691517939902596)	(25, 37.617051755228616)	(30, 37.55471965215632)	(35, 37.66312755953284)	(40, 37.32518496047997)	(45, 37.721035778687835)	(50, 37.39573453325918)	(55, 37.53654212380134)	(60, 37.462197279943375)	(65, 37.4801860559179)	(70, 37.43917960126059)	(75, 37.03358444141092)	(80, 37.30476936818511)	(85, 37.337708343866396)	(90, 37.67911252675396)	(95, 37.049363803360464)	(100, 37.149308188819795)	(105, 37.22533495121088)	(110, 37.29259821022296)	(115, 36.978212582368506)	(120, 36.72671014712574)	(125, 36.91541365421239)	(130, 36.670308576436284)	(135, 36.50311441427777)	(140, 36.68406727674132)	(145, 36.33705445169118)	(150, 36.80866407132143)	(155, 36.828816758514925)	(160, 36.54348888551831)	(165, 36.604073343782126)	(170, 36.50221952575964)	(175, 36.84368606434433)	(180, 36.63145255068507)	(185, 36.71856345956149)	(190, 36.46202538045402)	(195, 36.241412609333125)	(200, 36.08552336653353)	(205, 36.43122672194416)	(210, 36.428887540657605)	(215, 35.97188937762273)	(220, 36.088020964996545)	(225, 35.7411395924971)	(230, 35.85841717646663)	(235, 35.477513187387295)	(240, 35.29053204577245)	(245, 35.09353691625798)	(250, 35.49867367746937)	(255, 35.29782429175725)	(260, 35.579611372330916)	(265, 35.028639803158235)	(270, 32.92922628376898)	(275, 34.92591132008697)	(280, 34.20142743987731)	(285, 33.55347590879215)	(290, 32.42379965283044)	(295, 30.448297015352985)	(300, 27.45568532281713)
2446R_L_F_S2_week6_S40_L001_R2_001	(1, 32.75827898275949)	(2, 33.79684682407267)	(3, 33.77447461111954)	(4, 33.607285504828354)	(5, 33.686578357517234)	(6, 37.42433894534607)	(7, 36.17670256332474)	(8, 35.66373426361292)	(9, 35.89763553937678)	(10, 36.74385459325547)	(15, 37.45936093836898)	(20, 37.3479734398436)	(25, 37.13978293476246)	(30, 37.21822134587188)	(35, 36.83548039166119)	(40, 37.10212852014763)	(45, 37.1797866423985)	(50, 36.96340563223621)	(55, 37.03027284830713)	(60, 36.24009302795895)	(65, 36.29959384532417)	(70, 36.53594890203415)	(75, 37.40216391121896)	(80, 36.868503631798035)	(85, 35.96951480526484)	(90, 37.066196471004595)	(95, 36.43434619208925)	(100, 37.077841818764014)	(105, 36.65147547061698)	(110, 36.93495289616934)	(115, 36.78823162613546)	(120, 36.82476532349125)	(125, 35.54620557156581)	(130, 36.98414985590777)	(135, 35.97428754402817)	(140, 36.22361932689553)	(145, 35.47524478824342)	(150, 36.55877277246911)	(155, 35.342096836712344)	(160, 35.83851559735073)	(165, 35.62398334934358)	(170, 35.38137755531962)	(175, 34.84548932369348)	(180, 35.011399295549154)	(185, 35.49814281139929)	(190, 34.38725921431822)	(195, 35.10708327013499)	(200, 34.341446315115356)	(205, 32.24056490891012)	(210, 33.776424490621366)	(215, 31.759008712944706)	(220, 31.676284611625125)	(225, 32.17790923032847)	(230, 32.59182971838819)	(235, 32.185058226738796)	(240, 30.157990798321453)	(245, 29.320410536427524)	(250, 27.435254562920267)	(255, 28.08055176365506)	(260, 23.210361157456564)	(265, 28.7397441731129)	(270, 24.84751504120532)	(275, 26.779262517484874)	(280, 22.064184235805655)	(285, 23.733769823213173)	(290, 19.804909247181357)	(295, 22.21243406306352)	(300, 19.367843841110943)
2446R_L_F_S2_week7_S41_L001_R1_001	(1, 33.95816187185527)	(2, 33.94973009137484)	(3, 33.93244494138996)	(4, 33.95848264611267)	(5, 33.85135320911732)	(6, 37.85568824408171)	(7, 37.844149535793825)	(8, 37.74530523961837)	(9, 37.240544033140566)	(10, 37.40906783000797)	(15, 37.73814189220152)	(20, 37.64727479355886)	(25, 37.56819202463546)	(30, 37.4776878591526)	(35, 37.595842765624)	(40, 37.24963569209338)	(45, 37.685663223689644)	(50, 37.30771966162898)	(55, 37.45265280310876)	(60, 37.40898901119044)	(65, 37.370675733885676)	(70, 37.3432082924728)	(75, 36.86824976400179)	(80, 37.205002245419806)	(85, 37.190923005013246)	(90, 37.58508124753691)	(95, 36.93313781378596)	(100, 36.98586943571225)	(105, 37.08706913143496)	(110, 37.16212664167683)	(115, 36.821764991614046)	(120, 36.53108852453006)	(125, 36.74570483269331)	(130, 36.5011153779179)	(135, 36.303505604384526)	(140, 36.497608857035495)	(145, 36.126791982476554)	(150, 36.58676577063724)	(155, 36.593239911649604)	(160, 36.323978333990155)	(165, 36.316266920842075)	(170, 36.25267846504936)	(175, 36.62945440881305)	(180, 36.40966721962039)	(185, 36.537186901412326)	(190, 36.26462226539946)	(195, 36.046761554747)	(200, 35.85472592130949)	(205, 36.206417318143906)	(210, 36.1721787904061)	(215, 35.80335254923885)	(220, 35.841643830594535)	(225, 35.47430781497741)	(230, 35.6004014260707)	(235, 35.229646873367486)	(240, 35.034826919375675)	(245, 34.78037044844241)	(250, 35.13456938347188)	(255, 34.92768465141003)	(260, 35.22162018494927)	(265, 34.6300941243321)	(270, 32.48579886537563)	(275, 34.62249269092943)	(280, 33.86974548853919)	(285, 33.20291263025726)	(290, 32.13190787363327)	(295, 30.193236245658092)	(300, 27.074699159571445)
2446R_L_F_S2_week7_S41_L001_R2_001	(1, 33.32469686832675)	(2, 33.71906590536243)	(3, 33.491444492306)	(4, 33.72139380997333)	(5, 33.417904702550615)	(6, 37.62310857750364)	(7, 35.41275398447453)	(8, 34.89530844736095)	(9, 36.817506942471425)	(10, 36.865190494084004)	(15, 37.21099064255666)	(20, 37.08806444813081)	(25, 36.812785145402394)	(30, 36.89870315550219)	(35, 36.441299227392285)	(40, 36.7811989625244)	(45, 36.86886931656753)	(50, 36.62979901201528)	(55, 36.68140334155126)	(60, 35.80520570794879)	(65, 35.80139674276654)	(70, 36.10124735361237)	(75, 37.153124799516085)	(80, 36.46274527774468)	(85, 35.474635921217846)	(90, 36.713550421130776)	(95, 35.97087919641466)	(100, 36.742674890707626)	(105, 36.17574396715271)	(110, 36.59312809890845)	(115, 36.45998845212674)	(120, 36.360005865586416)	(125, 34.886367094060176)	(130, 36.561219308777304)	(135, 35.47000394094088)	(140, 35.79213644820412)	(145, 34.852214717122926)	(150, 36.05538213379036)	(155, 34.638949326832304)	(160, 35.22515420076802)	(165, 35.0444758090385)	(170, 34.66610882495807)	(175, 34.15703274646919)	(180, 34.24126623346867)	(185, 34.91403066601901)	(190, 33.710394002437894)	(195, 34.41102363648028)	(200, 33.64931125184445)	(205, 31.493713741052687)	(210, 33.066523081999065)	(215, 30.94053945065117)	(220, 30.849650356059424)	(225, 31.508355711156533)	(230, 31.962819514072827)	(235, 31.567303021693505)	(240, 29.498285232469687)	(245, 28.68034936899121)	(250, 26.768452310032906)	(255, 27.31127384040106)	(260, 22.674769729908075)	(265, 28.049523879352215)	(270, 24.154013802458046)	(275, 26.0692762416255)	(280, 21.451267058316763)	(285, 23.017226494120667)	(290, 19.33215349506466)	(295, 21.78117330058381)	(300, 18.92469136933948)
2446R_L_F_S2_week9_S42_L001_R1_001	(1, 33.940002912479976)	(2, 33.94314423016913)	(3, 33.93795377478209)	(4, 33.961097588882645)	(5, 33.884208117497764)	(6, 37.86265576567018)	(7, 37.863997586802306)	(8, 37.78394599429986)	(9, 37.26700160186399)	(10, 37.47263100959039)	(15, 37.77639643013168)	(20, 37.688747425575734)	(25, 37.624498117289725)	(30, 37.563317314693464)	(35, 37.64557407060684)	(40, 37.37196321953858)	(45, 37.72589402733571)	(50, 37.39615968711643)	(55, 37.5374357694148)	(60, 37.473825126380824)	(65, 37.47949406062119)	(70, 37.43541159583099)	(75, 37.03864444860513)	(80, 37.321231979030145)	(85, 37.3496973101167)	(90, 37.67766543926439)	(95, 37.06312800349498)	(100, 37.145434687636524)	(105, 37.21697143689279)	(110, 37.279473257192784)	(115, 36.99563128003496)	(120, 36.69500925752563)	(125, 36.9453306704945)	(130, 36.72029166406624)	(135, 36.51864819322224)	(140, 36.68315962470615)	(145, 36.32296906530196)	(150, 36.798639455782315)	(155, 36.78921134202917)	(160, 36.52526992448355)	(165, 36.575668310137516)	(170, 36.471247581601446)	(175, 36.83554889845847)	(180, 36.58623645176725)	(185, 36.72129438931536)	(190, 36.4252054338555)	(195, 36.22441490357611)	(200, 36.0779483658907)	(205, 36.420963614803725)	(210, 36.416642742724)	(215, 36.017553932888134)	(220, 36.09853959932597)	(225, 35.68178867877426)	(230, 35.834747966464874)	(235, 35.450300609540456)	(240, 35.29510703363914)	(245, 35.13806195260979)	(250, 35.514179616800845)	(255, 35.3060558780087)	(260, 35.578921966340054)	(265, 34.99870810709605)	(270, 32.8319603070586)	(275, 34.85798123530758)	(280, 34.23838232540722)	(285, 33.494836589069884)	(290, 32.42386361272338)	(295, 30.516956874492916)	(300, 27.13556034034409)
2446R_L_F_S2_week9_S42_L001_R2_001	(1, 33.37859119182841)	(2, 33.754529946535186)	(3, 33.51427115188583)	(4, 33.74171503463771)	(5, 33.47322598764276)	(6, 37.662214732988)	(7, 35.64210821943456)	(8, 35.20738937776946)	(9, 36.94455886330067)	(10, 36.94349372776634)	(15, 37.25405770871039)	(20, 37.15635024652063)	(25, 36.90009361542782)	(30, 36.97557053402401)	(35, 36.53277996213776)	(40, 36.84210613909172)	(45, 36.95409515488153)	(50, 36.71302086583869)	(55, 36.76094364351245)	(60, 36.028188645488775)	(65, 36.02835091223034)	(70, 36.287950654267824)	(75, 37.212975098296205)	(80, 36.60748091285444)	(85, 35.67280575838898)	(90, 36.83048742432753)	(95, 36.16826645031101)	(100, 36.8347750109218)	(105, 36.29319103788305)	(110, 36.64745053984897)	(115, 36.539068838544594)	(120, 36.53374940190143)	(125, 35.11903305664774)	(130, 36.67618215481912)	(135, 35.66749464311719)	(140, 35.967710998772596)	(145, 35.117682914144254)	(150, 36.2164575922112)	(155, 34.939909297052154)	(160, 35.40693378268738)	(165, 35.24602966568891)	(170, 34.98140797603445)	(175, 34.45101832782043)	(180, 34.49956728868917)	(185, 35.03002350787409)	(190, 33.997568079219455)	(195, 34.671199733716115)	(200, 33.868680438536266)	(205, 31.716898624893382)	(210, 33.24925627743452)	(215, 31.209713120722295)	(220, 31.128377956687263)	(225, 31.61295429486779)	(230, 31.940477230647616)	(235, 31.684765649379017)	(240, 29.52066404543469)	(245, 28.6568266450311)	(250, 26.904129480538394)	(255, 27.43187085231646)	(260, 22.677811063263228)	(265, 28.15169651958643)	(270, 24.337209012045186)	(275, 26.185920239655495)	(280, 21.602134431754358)	(285, 22.990929705215418)	(290, 19.35922944101188)	(295, 21.757823129251697)	(300, 18.890641577732012)
2475R_0_M_S5_week9_S77_L001_R1_001	(1, 33.9118828978584)	(2, 33.944402304601134)	(3, 33.933371528170035)	(4, 33.957732840566145)	(5, 33.85923857786098)	(6, 37.8367574197505)	(7, 37.8611429401417)	(8, 37.730807094556425)	(9, 37.21664541742653)	(10, 37.39527621322402)	(15, 37.7465084001743)	(20, 37.67737198005261)	(25, 37.60277746397044)	(30, 37.50493036166745)	(35, 37.61670674434744)	(40, 37.35551861594823)	(45, 37.705792166292795)	(50, 37.36382679986444)	(55, 37.48316737407808)	(60, 37.42321062569597)	(65, 37.387828220066815)	(70, 37.364990397495276)	(75, 36.939320239497775)	(80, 37.24352920291141)	(85, 37.19316850378451)	(90, 37.60314381162952)	(95, 36.979629779061696)	(100, 37.02845246356697)	(105, 37.09810370705098)	(110, 37.197346803737716)	(115, 36.82046221131966)	(120, 36.544290947823704)	(125, 36.82399980633603)	(130, 36.45017510449785)	(135, 36.37207365685974)	(140, 36.5540580669109)	(145, 36.23998838016236)	(150, 36.62179687878249)	(155, 36.63406549069607)	(160, 36.43887965398706)	(165, 36.43734163936543)	(170, 36.34178461339832)	(175, 36.677961041266556)	(180, 36.47655697755111)	(185, 36.5338508464729)	(190, 36.36076206768555)	(195, 36.06874747833385)	(200, 35.91055791359359)	(205, 36.20649419815051)	(210, 36.20591159240192)	(215, 35.830122815228435)	(220, 35.90221099688524)	(225, 35.64618562690639)	(230, 35.61818020431548)	(235, 35.230858738279295)	(240, 35.03227087132644)	(245, 34.87662798767006)	(250, 35.31854977970725)	(255, 34.94943756758066)	(260, 35.305824443619585)	(265, 34.695069638332555)	(270, 32.819133999322176)	(275, 34.861142940141704)	(280, 33.873413165921605)	(285, 33.23123154140374)	(290, 32.116509852654005)	(295, 30.243295192292173)	(300, 27.84426593289544)
2475R_0_M_S5_week9_S77_L001_R2_001	(1, 32.71680680406049)	(2, 33.10431225085939)	(3, 33.30703000177525)	(4, 33.50597937478818)	(5, 33.292585898035924)	(6, 37.073059729193226)	(7, 35.301793005503285)	(8, 35.15771508803641)	(9, 36.0810322289108)	(10, 36.710543388796545)	(15, 37.24116327485758)	(20, 37.142940141697466)	(25, 36.88972128528316)	(30, 36.98709068314962)	(35, 36.59812307344706)	(40, 36.85601245904814)	(45, 36.9281764924229)	(50, 36.686667850168654)	(55, 36.70184949082517)	(60, 35.81055629972725)	(65, 35.84228975356261)	(70, 36.144634701354036)	(75, 37.185047528363704)	(80, 36.52387069702887)	(85, 35.53447379887997)	(90, 36.76848925971951)	(95, 35.92701935025741)	(100, 36.81618869325243)	(105, 36.28374352436131)	(110, 36.68252344140858)	(115, 36.49488081597082)	(120, 36.445456159320884)	(125, 35.11889514710391)	(130, 36.68299953197876)	(135, 35.62276842631893)	(140, 35.794017397479145)	(145, 34.93568419863466)	(150, 36.13961073543889)	(155, 34.54332262801995)	(160, 35.32822652227942)	(165, 35.07611316430773)	(170, 34.777401029646725)	(175, 34.34814163290996)	(180, 34.337393283088296)	(185, 35.12236818746671)	(190, 33.812279908977935)	(195, 34.33057953940254)	(200, 33.800879557155085)	(205, 31.658948081919856)	(210, 33.25030098607233)	(215, 31.2931555928538)	(220, 31.080344721850132)	(225, 31.72355922082533)	(230, 32.39179671739587)	(235, 31.82552813775963)	(240, 29.879319916724494)	(245, 29.13418007520617)	(250, 27.08410825815406)	(255, 27.685835095137417)	(260, 23.273274373416395)	(265, 28.281403418168907)	(270, 24.51451834159095)	(275, 26.58350789987573)	(280, 22.03681713280506)	(285, 23.544584671497507)	(290, 19.803098623372016)	(295, 22.026809547633263)	(300, 19.124304020141054)
2476R_R_F_NS6_week9_S81_L001_R1_001	(1, 33.95466531274055)	(2, 33.9487773719639)	(3, 33.937369998525966)	(4, 33.95863701131729)	(5, 33.8486741896916)	(6, 37.85405440817597)	(7, 37.850148222153074)	(8, 37.74007075355815)	(9, 37.24956188479617)	(10, 37.408600160505756)	(15, 37.747666934176266)	(20, 37.69136872103117)	(25, 37.63668375452447)	(30, 37.52246097908512)	(35, 37.55536793488052)	(40, 37.29627397350017)	(45, 37.62437558347118)	(50, 37.3915013839527)	(55, 37.481948015788525)	(60, 37.3963460373094)	(65, 37.46267586026172)	(70, 37.431000540478564)	(75, 36.94603894721326)	(80, 37.16958252125063)	(85, 37.190626791358895)	(90, 37.57701164485645)	(95, 37.09954796337848)	(100, 37.151456835416084)	(105, 37.127826457244865)	(110, 37.1920238465696)	(115, 36.92518630132499)	(120, 36.54460258447025)	(125, 36.54925561360695)	(130, 36.313474294511686)	(135, 36.60452036621517)	(140, 36.67410124965197)	(145, 36.159169300817275)	(150, 36.526067445174185)	(155, 36.58527441570991)	(160, 36.45950013921418)	(165, 36.44142522560885)	(170, 36.44384755228721)	(175, 36.665995708927724)	(180, 36.47408323369966)	(185, 36.62404802070197)	(190, 36.474194605041184)	(195, 36.048356453805454)	(200, 35.91069983785643)	(205, 36.22450169513733)	(210, 36.101817973369144)	(215, 35.82769379432334)	(220, 36.034806819856854)	(225, 35.29479830322485)	(230, 35.50605172216126)	(235, 35.21600799253157)	(240, 34.99314411124031)	(245, 34.02712874854644)	(250, 35.21447499877164)	(255, 34.748559542722376)	(260, 35.20365560050445)	(265, 34.69921221154003)	(270, 33.03660022601831)	(275, 34.957580621386576)	(280, 33.838794896572054)	(285, 33.327687243067956)	(290, 32.923088261788166)	(295, 30.981746564685455)	(300, 29.292812453936484)
2476R_R_F_NS6_week9_S81_L001_R2_001	(1, 32.663756817400134)	(2, 33.39832451643546)	(3, 33.59992302274924)	(4, 33.7643349656878)	(5, 33.53674435363676)	(6, 37.42130304469594)	(7, 35.8644381479601)	(8, 35.5489870121362)	(9, 35.38933291842049)	(10, 36.57840542443946)	(15, 37.34576543230097)	(20, 37.341728221170385)	(25, 37.153569615277526)	(30, 37.08555939531912)	(35, 36.8835465221023)	(40, 37.032543361121576)	(45, 36.93609414153987)	(50, 36.881350213734706)	(55, 37.06471985194163)	(60, 36.256095124228175)	(65, 36.27766185695334)	(70, 36.422192377614365)	(75, 37.389922531405084)	(80, 36.795930032592494)	(85, 36.0698478470937)	(90, 37.08839281327285)	(95, 36.53337209492769)	(100, 37.07451561655502)	(105, 36.58689585141752)	(110, 36.95315852400216)	(115, 36.76049920566028)	(120, 36.7041125505675)	(125, 35.78981116006354)	(130, 36.90497404065054)	(135, 35.800705897767656)	(140, 36.296162602158645)	(145, 35.35907430761419)	(150, 36.55569549764974)	(155, 34.56319177162324)	(160, 35.845830944854804)	(165, 35.36641007583078)	(170, 35.699959054653846)	(175, 34.9499713382577)	(180, 34.96035016460029)	(185, 35.82387113680659)	(190, 34.5164960610577)	(195, 34.901338093912244)	(200, 34.65930523936649)	(205, 33.34508573955485)	(210, 34.5197094518237)	(215, 32.9070982852089)	(220, 32.09099038603272)	(225, 33.06044679561721)	(230, 33.6604926544049)	(235, 32.64043271041813)	(240, 31.492295723668047)	(245, 30.98099153250242)	(250, 28.897484317932424)	(255, 29.213703588450137)	(260, 24.790713595492736)	(265, 30.514037702474734)	(270, 26.08329429877)	(275, 27.66077599620027)	(280, 23.62517483662807)	(285, 25.288625382838983)	(290, 21.195276544867912)	(295, 23.88305190232078)	(300, 20.50728008254582)
2518R_0_M_S5_week9_S78_L001_R1_001	(1, 33.90730722797187)	(2, 33.901648711166814)	(3, 33.928411468173145)	(4, 33.947561953386355)	(5, 33.841266623045094)	(6, 37.82468735312278)	(7, 37.82944271903713)	(8, 37.717728483351614)	(9, 37.14040310020367)	(10, 37.39768498465565)	(15, 37.75334949174723)	(20, 37.68111032264605)	(25, 37.595801269940736)	(30, 37.532490392502)	(35, 37.63035508575326)	(40, 37.350520233344696)	(45, 37.72400814678967)	(50, 37.36699997235253)	(55, 37.48916126772894)	(60, 37.4233234109613)	(65, 37.403658682689915)	(70, 37.3836382235575)	(75, 36.92261655715195)	(80, 37.245166760360895)	(85, 37.21516924863376)	(90, 37.624576763217796)	(95, 36.99729054732787)	(100, 37.03906404077082)	(105, 37.08514132468274)	(110, 37.24011280170308)	(115, 36.82777096830678)	(120, 36.53483858481785)	(125, 36.83218719184584)	(130, 36.421867310545665)	(135, 36.37894552525597)	(140, 36.57002829258403)	(145, 36.230874858306684)	(150, 36.64318167156641)	(155, 36.66518537632824)	(160, 36.46215889926181)	(165, 36.505917481499225)	(170, 36.37152309946641)	(175, 36.71963984554277)	(180, 36.514134311439605)	(185, 36.589807297090566)	(190, 36.418254706982836)	(195, 36.11536738888018)	(200, 35.92505506455686)	(205, 36.22822438691721)	(210, 36.25160862232626)	(215, 35.85577048908386)	(220, 36.01064427835479)	(225, 35.631042586329244)	(230, 35.60563824198914)	(235, 35.288313411790725)	(240, 35.00263756923389)	(245, 34.85903842077616)	(250, 35.522039646480934)	(255, 35.02263406722023)	(260, 35.43226276161424)	(265, 34.77828751532131)	(270, 32.939562616925784)	(275, 34.97577343814798)	(280, 33.90934023905852)	(285, 33.31919195642758)	(290, 32.27759356366754)	(295, 30.38018597535688)	(300, 28.194550682431874)
2518R_0_M_S5_week9_S78_L001_R2_001	(1, 32.73063063893318)	(2, 33.11425780350017)	(3, 33.3159000635892)	(4, 33.50145149250292)	(5, 33.31138430913565)	(6, 37.078187062824284)	(7, 35.24233012929803)	(8, 35.10435079117861)	(9, 36.07038125869744)	(10, 36.70832096876757)	(15, 37.260380244956636)	(20, 37.14910283939581)	(25, 36.88986535679068)	(30, 36.98138034633072)	(35, 36.5837027343354)	(40, 36.85834354753983)	(45, 36.93114488199136)	(50, 36.67641209484927)	(55, 36.69120718097116)	(60, 35.76762664848077)	(65, 35.83565971486236)	(70, 36.109939267710516)	(75, 37.20521431402003)	(80, 36.53782266908736)	(85, 35.51963800237768)	(90, 36.77633928982849)	(95, 35.96279386963293)	(100, 36.80455446092029)	(105, 36.26924771217134)	(110, 36.693063248209825)	(115, 36.499921665483974)	(120, 36.47398648959994)	(125, 35.15328682413441)	(130, 36.72907685076814)	(135, 35.63213005372826)	(140, 35.75819332958556)	(145, 34.88864702467076)	(150, 36.15246477250735)	(155, 34.47382429107263)	(160, 35.35546544526261)	(165, 35.08576247131574)	(170, 34.79444654360468)	(175, 34.36888553023251)	(180, 34.331826853072094)	(185, 35.188493120386326)	(190, 33.84106571805104)	(195, 34.425618151489736)	(200, 33.85791777640564)	(205, 31.7591702070796)	(210, 33.29689518841756)	(215, 31.324039480596078)	(220, 31.19955026771973)	(225, 31.8291625579445)	(230, 32.56021159535153)	(235, 31.914213567538173)	(240, 30.037362799399126)	(245, 29.346671704651225)	(250, 27.196492456846897)	(255, 27.83705314766517)	(260, 23.26563326544342)	(265, 28.476801002681803)	(270, 24.67533384327567)	(275, 26.63624768452387)	(280, 22.082933212913215)	(285, 23.632598217659364)	(290, 19.88321153084076)	(295, 22.136493747062456)	(300, 19.269949958067993)
2529R_R_F_NS1_week5_S5_L001_R1_001	(1, 33.911135925066674)	(2, 33.94429869256955)	(3, 33.93113765963444)	(4, 33.9584571019709)	(5, 33.85103315192645)	(6, 37.827453871338435)	(7, 37.84848550551809)	(8, 37.711866611738685)	(9, 37.198716419852126)	(10, 37.37799917608031)	(15, 37.74642570629431)	(20, 37.68448645953037)	(25, 37.62701155655775)	(30, 37.516419852128095)	(35, 37.56625615229505)	(40, 37.28762602718935)	(45, 37.64792827562282)	(50, 37.38679560287071)	(55, 37.49354090327616)	(60, 37.39593027037576)	(65, 37.48677175256391)	(70, 37.42344485158604)	(75, 36.97348929988509)	(80, 37.19688861906724)	(85, 37.27310769497626)	(90, 37.61187311636782)	(95, 37.135500097569434)	(100, 37.21320873354871)	(105, 37.10742828646387)	(110, 37.174154940265815)	(115, 36.903002970447304)	(120, 36.59458814856573)	(125, 36.75102664729733)	(130, 36.656787580494786)	(135, 36.619656989224)	(140, 36.711786387979444)	(145, 36.22381778365603)	(150, 36.61192298519113)	(155, 36.64264434856139)	(160, 36.468495912924695)	(165, 36.569569176730774)	(170, 36.48462088853234)	(175, 36.71318054682249)	(180, 36.52628737451486)	(185, 36.600284035471915)	(190, 36.37089612107283)	(195, 35.99938206023287)	(200, 35.88088506320331)	(205, 36.25640597558596)	(210, 36.184620888532336)	(215, 35.81788122547213)	(220, 35.98542963075389)	(225, 35.29717482274886)	(230, 35.56768717070315)	(235, 35.35908371457687)	(240, 35.09587389692331)	(245, 34.47655298020424)	(250, 35.2115413802823)	(255, 34.76263524208061)	(260, 35.21010168903536)	(265, 34.70096051690119)	(270, 32.92493007523687)	(275, 34.827423516402504)	(280, 33.81115977537347)	(285, 33.446109147676765)	(290, 32.80027536263307)	(295, 30.582185989028858)	(300, 29.38787645541077)
2529R_R_F_NS1_week5_S5_L001_R2_001	(1, 32.728691919082415)	(2, 33.41037705166844)	(3, 33.53675115457167)	(4, 33.46855011816743)	(5, 33.68772359662626)	(6, 37.34694607662453)	(7, 35.489852778560746)	(8, 35.20890700548557)	(9, 37.00020597992238)	(10, 36.76426139936255)	(15, 37.33452006678086)	(20, 37.33643893237354)	(25, 37.118566379740244)	(30, 37.05788903102708)	(35, 36.86886017215585)	(40, 37.000782723705036)	(45, 36.95139307473819)	(50, 36.90375100279699)	(55, 37.07418746341146)	(60, 36.49080245441339)	(65, 36.39246113484096)	(70, 36.457496585069705)	(75, 37.37196288024978)	(80, 36.74668589145942)	(85, 36.03069100843433)	(90, 37.051805034582955)	(95, 36.55128032783331)	(100, 37.04028967281715)	(105, 36.59076125842891)	(110, 36.871078250688406)	(115, 36.78287331150669)	(120, 36.73787428720106)	(125, 35.87197805771774)	(130, 36.894069946445214)	(135, 36.04779384662084)	(140, 36.489384445263546)	(145, 35.76396435463238)	(150, 36.58656794085124)	(155, 35.10077621907591)	(160, 35.89048806400555)	(165, 35.70108410485462)	(170, 35.74995121528154)	(175, 34.98752412133301)	(180, 35.30137030853625)	(185, 35.69247848051864)	(190, 34.38856486199345)	(195, 34.98685848095228)	(200, 34.55798443225429)	(205, 33.40399601049414)	(210, 34.2489083064114)	(215, 32.33865050627696)	(220, 31.924034604626957)	(225, 32.86495956288892)	(230, 33.29652002341667)	(235, 32.48379696884283)	(240, 31.235049109949916)	(245, 30.665338999588037)	(250, 28.882910171071746)	(255, 28.976782810433424)	(260, 24.553264239717265)	(265, 30.41695106350686)	(270, 25.940528175885174)	(275, 27.484226274365255)	(280, 23.619496541705516)	(285, 25.046200212484553)	(290, 21.18328093493203)	(295, 23.705032414735154)	(300, 20.339270614253813)
2529R_R_F_NS1_week6_S6_L001_R1_001	(1, 33.904933146948665)	(2, 33.905968222125)	(3, 33.926627042139295)	(4, 33.948224899426975)	(5, 33.84454664774364)	(6, 37.82759062243232)	(7, 37.83981944874244)	(8, 37.74107114274434)	(9, 37.17044593599607)	(10, 37.42069296682424)	(15, 37.75958511625921)	(20, 37.69306499631855)	(25, 37.63919200110978)	(30, 37.550386819331365)	(35, 37.60578361593376)	(40, 37.34987248300662)	(45, 37.6743845571052)	(50, 37.41015227343058)	(55, 37.52815084353291)	(60, 37.4367718459552)	(65, 37.51082987419035)	(70, 37.45087447846083)	(75, 37.00372840481043)	(80, 37.24099324533416)	(85, 37.34104766681251)	(90, 37.64353931685038)	(95, 37.14284677686127)	(100, 37.2052372669747)	(105, 37.16963281508435)	(110, 37.22109846019229)	(115, 36.95391674580901)	(120, 36.64127068816493)	(125, 36.8248844877445)	(130, 36.69769188906555)	(135, 36.6162218688976)	(140, 36.714018332568585)	(145, 36.254637030081206)	(150, 36.68049683608464)	(155, 36.68468195447804)	(160, 36.53410732769199)	(165, 36.590178523790726)	(170, 36.50723592244405)	(175, 36.775631982755854)	(180, 36.58043601207943)	(185, 36.645483550841405)	(190, 36.42515979639965)	(195, 36.09222199694813)	(200, 35.94784074781514)	(205, 36.28793443812491)	(210, 36.26517985765049)	(215, 35.88621429257414)	(220, 36.05698675744027)	(225, 35.360545495288804)	(230, 35.67780564062617)	(235, 35.486969790744084)	(240, 35.262258171224914)	(245, 34.662490796367635)	(250, 35.48887774374953)	(255, 35.03510292061934)	(260, 35.40129117625089)	(265, 34.84509513087832)	(270, 33.148828871127805)	(275, 35.000710680481895)	(280, 34.09692998836874)	(285, 33.64527866998175)	(290, 32.95217099015078)	(295, 30.88355937810122)	(300, 29.317714724744697)
2529R_R_F_NS1_week6_S6_L001_R2_001	(1, 32.82677963569622)	(2, 33.46706433472411)	(3, 33.56904591678849)	(4, 33.5187860809066)	(5, 33.71572780724126)	(6, 37.36617118222659)	(7, 35.538676597697226)	(8, 35.22182621407916)	(9, 37.02337989393147)	(10, 36.8061784384237)	(15, 37.36227844589332)	(20, 37.33457684632869)	(25, 37.13902019997226)	(30, 37.10594261201754)	(35, 36.847835412376085)	(40, 37.00534610993138)	(45, 36.99417583472944)	(50, 36.92271936657668)	(55, 37.07729984100392)	(60, 36.43606329964892)	(65, 36.4199075901956)	(70, 36.491607354369194)	(75, 37.39134591785558)	(80, 36.75497102856594)	(85, 36.00934982339696)	(90, 37.04808937927503)	(95, 36.53222925314524)	(100, 37.07305923404438)	(105, 36.60451804979032)	(110, 36.86767684312741)	(115, 36.805525380683584)	(120, 36.77167095280271)	(125, 35.770509961264715)	(130, 36.9049374152999)	(135, 36.00863060621259)	(140, 36.45045191168781)	(145, 35.60879066938419)	(150, 36.57648992135562)	(155, 35.02771440461836)	(160, 35.80447109792665)	(165, 35.75001974112449)	(170, 35.65086167340711)	(175, 35.00672692155838)	(180, 35.29770042576803)	(185, 35.71330338373545)	(190, 34.37349780713455)	(195, 35.10214804776285)	(200, 34.615007522969066)	(205, 33.301710541760485)	(210, 34.19053493111948)	(215, 32.162831197379234)	(220, 31.91762722354423)	(225, 32.77893568661765)	(230, 33.25352725875812)	(235, 32.57507709709432)	(240, 31.10467064334724)	(245, 30.51236861481331)	(250, 28.73423110987803)	(255, 29.025652790968167)	(260, 24.559186025418033)	(265, 30.15940584550703)	(270, 25.949219425266506)	(275, 27.559032364773298)	(280, 23.666210664475578)	(285, 25.145892245472883)	(290, 21.159256453213533)	(295, 23.594118211987663)	(300, 20.329031190976707)
2529R_R_F_NS1_week7_S7_L001_R1_001	(1, 33.95442151997911)	(2, 33.958683729433275)	(3, 33.94148863933142)	(4, 33.955225907547664)	(5, 33.87240532776182)	(6, 37.825249412379215)	(7, 37.81622355706451)	(8, 37.741018542700445)	(9, 37.228790806999214)	(10, 37.41800156698877)	(15, 37.75970540611125)	(20, 37.66308905719509)	(25, 37.587129798903106)	(30, 37.51258918777749)	(35, 37.56392373987986)	(40, 37.33303525724732)	(45, 37.656261164794984)	(50, 37.332032384434584)	(55, 37.474438234525984)	(60, 37.410179159049356)	(65, 37.4407709584748)	(70, 37.38055889266127)	(75, 36.95610133194045)	(80, 37.24650822669105)	(85, 37.27001514755811)	(90, 37.62337320449204)	(95, 36.993355967615564)	(100, 37.138831026377645)	(105, 37.149359101593106)	(110, 37.156318621049884)	(115, 36.94448890049621)	(120, 36.53628832593366)	(125, 36.837056150430925)	(130, 36.625096892138934)	(135, 36.475094280490985)	(140, 36.58653016453382)	(145, 36.13122799686602)	(150, 36.661031078610606)	(155, 36.68558056933925)	(160, 36.42024758422565)	(165, 36.49582031862105)	(170, 36.3952029250457)	(175, 36.69743327239488)	(180, 36.45646173935753)	(185, 36.5771303212327)	(190, 36.3244168190128)	(195, 36.08943536171324)	(200, 35.892184904674856)	(205, 36.259140245494905)	(210, 36.275372159832855)	(215, 35.847375293810394)	(220, 35.958316009401926)	(225, 35.37663724209976)	(230, 35.68171115173674)	(235, 35.38088064768869)	(240, 35.279563332462786)	(245, 34.75673230608514)	(250, 35.31576077304779)	(255, 34.988673805171075)	(260, 35.37660172368764)	(265, 34.648649778009926)	(270, 32.816422042308695)	(275, 34.73261948289371)	(280, 33.98056516061635)	(285, 33.24297310002612)	(290, 32.29484460694699)	(295, 30.288478453904418)	(300, 27.529386262731784)
2529R_R_F_NS1_week7_S7_L001_R2_001	(1, 32.76615304256986)	(2, 33.43253068686341)	(3, 33.54244972577697)	(4, 33.51070253329851)	(5, 33.68473230608514)	(6, 37.35550796552625)	(7, 35.58692086706712)	(8, 35.26691042047532)	(9, 36.99923739879864)	(10, 36.79631862104988)	(15, 37.362828937059284)	(20, 37.27029093758161)	(25, 37.07561243144424)	(30, 37.112896317576386)	(35, 36.689851136066856)	(40, 37.03090937581614)	(45, 37.02427161138679)	(50, 36.88978009924262)	(55, 37.02174771480804)	(60, 36.386793418647166)	(65, 36.310706711935225)	(70, 36.48818386001567)	(75, 37.366439279185165)	(80, 36.788134761034215)	(85, 35.92354348393837)	(90, 37.01177330895795)	(95, 36.424185949334024)	(100, 37.01405275528859)	(105, 36.54574040219378)	(110, 36.85152259075477)	(115, 36.72640167145469)	(120, 36.73347610342126)	(125, 35.508132671715856)	(130, 36.889032123269786)	(135, 35.817970227213365)	(140, 36.34057769652651)	(145, 35.50366570906242)	(150, 36.52227735701227)	(155, 35.22796134761034)	(160, 35.68955654217812)	(165, 35.54898511360668)	(170, 35.44933507443197)	(175, 34.7495158004701)	(180, 34.9899065030034)	(185, 35.383231130843555)	(190, 34.21722642987725)	(195, 34.93677931574823)	(200, 34.30071768085662)	(205, 32.38458709845913)	(210, 33.84104465917994)	(215, 31.514294071559153)	(220, 31.458285714285715)	(225, 32.2178072603813)	(230, 32.38447845390442)	(235, 32.125043614520756)	(240, 30.113974405850094)	(245, 29.284811700182814)	(250, 27.700778271089057)	(255, 28.215997910681644)	(260, 23.51434630451815)	(265, 29.049107338730742)	(270, 25.109028989292245)	(275, 26.842772525463566)	(280, 22.58763332462784)	(285, 23.99348341603552)	(290, 20.134121702794467)	(295, 22.518773570122747)	(300, 19.553188822146772)
2529R_R_F_NS1_week9_S8_L001_R1_001	(1, 33.939059463661096)	(2, 33.95462772749986)	(3, 33.933007606462716)	(4, 33.963033701626784)	(5, 33.87037921270335)	(6, 37.850180445283435)	(7, 37.8679917827994)	(8, 37.75430570207096)	(9, 37.219088334906445)	(10, 37.43732607850758)	(15, 37.748604741546835)	(20, 37.67096552107046)	(25, 37.592826605963026)	(30, 37.51523402365221)	(35, 37.59597357170618)	(40, 37.34417855754816)	(45, 37.668287157847985)	(50, 37.331584031980455)	(55, 37.48182555105213)	(60, 37.42062295264005)	(65, 37.42977513741603)	(70, 37.39979123868746)	(75, 36.937651435234024)	(80, 37.19690189328743)	(85, 37.215139636888566)	(90, 37.597865748709125)	(95, 36.94572872133697)	(100, 37.03463439009494)	(105, 37.139472544556114)	(110, 37.14956637610349)	(115, 36.89559269335406)	(120, 36.5276042418522)	(125, 36.740389761812224)	(130, 36.49632557881294)	(135, 36.40122813835988)	(140, 36.53010271500749)	(145, 36.08930098273278)	(150, 36.559982233079786)	(155, 36.62231303092555)	(160, 36.36568763533396)	(165, 36.339043917605906)	(170, 36.31387485425573)	(175, 36.62143356837488)	(180, 36.37517739159402)	(185, 36.53247681972128)	(190, 36.292661151518516)	(195, 36.037361612348015)	(200, 35.82554661040475)	(205, 36.18158014546666)	(210, 36.12979845649881)	(215, 35.746979068347116)	(220, 35.87729054466715)	(225, 35.29478207761924)	(230, 35.562152018211094)	(235, 35.262135361723395)	(240, 35.139565820887235)	(245, 34.58019432568986)	(250, 35.18411859419244)	(255, 34.86169563044806)	(260, 35.188227194492256)	(265, 34.48615179612459)	(270, 32.62985730942202)	(275, 34.610637943478984)	(280, 33.80653378490922)	(285, 33.053311864971405)	(290, 32.11854311254233)	(295, 30.03802343012604)	(300, 27.277497085114653)
2529R_R_F_NS1_week9_S8_L001_R2_001	(1, 32.826461606795846)	(2, 33.45039142746099)	(3, 33.56120148797957)	(4, 33.51757259452557)	(5, 33.73190827827439)	(6, 37.367519848981175)	(7, 35.556715340625175)	(8, 35.19903392371329)	(9, 37.059863416800845)	(10, 36.829999444783745)	(15, 37.37598134473377)	(20, 37.29873077563711)	(25, 37.07525179057243)	(30, 37.12496807506524)	(35, 36.73946810282605)	(40, 37.0282804952529)	(45, 37.017067347731945)	(50, 36.88787740825051)	(55, 37.0180200988285)	(60, 36.3060285381156)	(65, 36.18428515906946)	(70, 36.419683526733664)	(75, 37.365940813947034)	(80, 36.790003886513794)	(85, 35.91092998723003)	(90, 37.022506246182886)	(95, 36.322278607517624)	(100, 37.010866692576755)	(105, 36.57302981511299)	(110, 36.87203153628339)	(115, 36.72054855366165)	(120, 36.70272611182055)	(125, 35.3498972849925)	(130, 36.86614624396202)	(135, 35.66475154072511)	(140, 36.26425406695908)	(145, 35.33335850313697)	(150, 36.461060463050366)	(155, 35.01015379490312)	(160, 35.63745044694908)	(165, 35.31818333240797)	(170, 35.303749930597974)	(175, 34.65813336294487)	(180, 34.82108711343068)	(185, 35.37123091444117)	(190, 34.12268280495253)	(195, 34.61425129087779)	(200, 34.18747654211315)	(205, 32.20916995169618)	(210, 33.70690800066626)	(215, 31.408712453500634)	(220, 31.32873022042085)	(225, 32.113324079729054)	(230, 32.38761201487979)	(235, 31.97610127144523)	(240, 29.997508189439788)	(245, 29.222988173893736)	(250, 27.41378490922214)	(255, 28.035142968186108)	(260, 23.366937982344123)	(265, 28.779941147076784)	(270, 24.73179057242796)	(275, 26.648699128310476)	(280, 22.155855865859753)	(285, 23.727124535006386)	(290, 19.851130975514966)	(295, 22.313541724501693)	(300, 19.427166731441897)
2562R_0_F_NS6_week9_S82_L001_R1_001	(1, 33.937261521689436)	(2, 33.9469325315187)	(3, 33.946624817569585)	(4, 33.9614917972253)	(5, 33.89280125195618)	(6, 37.86741924706793)	(7, 37.8583197060013)	(8, 37.78692127797999)	(9, 37.30355541488632)	(10, 37.473854864517946)	(15, 37.77898049972745)	(20, 37.7238065094688)	(25, 37.68500290130295)	(30, 37.59164424750752)	(35, 37.62108807652406)	(40, 37.41558615111393)	(45, 37.68879042042518)	(50, 37.46242197253433)	(55, 37.547595435283355)	(60, 37.47893654059187)	(65, 37.5177542156811)	(70, 37.501155246083236)	(75, 37.077972956339785)	(80, 37.26900880941077)	(85, 37.29441718978038)	(90, 37.642225387279986)	(95, 37.15549401276573)	(100, 37.194760071037955)	(105, 37.27374408749627)	(110, 37.30155791176522)	(115, 37.07961878637618)	(120, 36.72389618610539)	(125, 36.773476815951895)	(130, 36.49839812909919)	(135, 36.72030912064146)	(140, 36.80544741608201)	(145, 36.3591725132317)	(150, 36.70259534736509)	(155, 36.75359321974293)	(160, 36.622983594450595)	(165, 36.565159747498726)	(170, 36.56750540697367)	(175, 36.81157004448665)	(180, 36.619236517733114)	(185, 36.755613581614526)	(190, 36.654396792741466)	(195, 36.29932127094653)	(200, 36.124272476306025)	(205, 36.39385451284486)	(210, 36.276826502083665)	(215, 36.00901338116088)	(220, 36.20009671009829)	(225, 35.53915000615427)	(230, 35.704749345008885)	(235, 35.45305867665418)	(240, 35.2864957535475)	(245, 34.720806738056304)	(250, 35.556244834801575)	(255, 35.00461043414042)	(260, 35.38331311213096)	(265, 34.88388809762445)	(270, 33.341863164002746)	(275, 35.179877266093435)	(280, 34.209403738284884)	(285, 33.58815037541102)	(290, 32.978192752017726)	(295, 31.01587452304338)	(300, 29.161721263913066)
2562R_0_F_NS6_week9_S82_L001_R2_001	(1, 32.71486346292487)	(2, 33.43850116931301)	(3, 33.634866627982625)	(4, 33.7852684144819)	(5, 33.566835469747325)	(6, 37.444549946369854)	(7, 36.075460252149604)	(8, 35.803150990838915)	(9, 35.52074871199733)	(10, 36.644783808971184)	(15, 37.38105185419634)	(20, 37.38432417224947)	(25, 37.21816391482478)	(30, 37.136013082238755)	(35, 36.90170913119165)	(40, 37.09827328515412)	(45, 37.07471118847919)	(50, 36.95371454695715)	(55, 37.11654094353888)	(60, 36.492987638691076)	(65, 36.32304513724042)	(70, 36.493087865520216)	(75, 37.42194264211988)	(80, 36.83666543581087)	(85, 36.16015543950344)	(90, 37.11424803502664)	(95, 36.629609115366364)	(100, 37.1336674227638)	(105, 36.63188971532064)	(110, 36.97753336498391)	(115, 36.81876527579961)	(120, 36.746658226512636)	(125, 35.785243797365965)	(130, 36.965005011341454)	(135, 35.772789295071306)	(140, 36.45668794288829)	(145, 35.803455188057185)	(150, 36.60567776195249)	(155, 35.04909532098961)	(160, 35.850433437076894)	(165, 35.39894322238048)	(170, 35.73606231647061)	(175, 35.06217404300962)	(180, 34.875864676197004)	(185, 35.79903289901707)	(190, 34.64849747674562)	(195, 34.92066606882242)	(200, 34.667888730636)	(205, 33.245406270331095)	(210, 34.373912890576925)	(215, 32.95198607374585)	(220, 32.20431502874928)	(225, 33.00280810958133)	(230, 33.598624958238815)	(235, 32.75968771430079)	(240, 31.340853862249652)	(245, 30.768792530463678)	(250, 28.783344762708584)	(255, 28.986486961720384)	(260, 24.537701113045312)	(265, 30.22024406112078)	(270, 26.16842679045559)	(275, 27.44738970652881)	(280, 23.265958045400993)	(285, 24.793050939846317)	(290, 20.831323521654273)	(295, 23.57511209579575)	(300, 20.257969791282022)
2562R_RL_F_NS6_week9_S83_L001_R1_001	(1, 33.93141244037769)	(2, 33.93916090723255)	(3, 33.935471624647136)	(4, 33.96422661345274)	(5, 33.906716635841526)	(6, 37.863077971381294)	(7, 37.877328920471136)	(8, 37.770076900613255)	(9, 37.33113014698725)	(10, 37.50688601187579)	(15, 37.785381096077096)	(20, 37.74725007300692)	(25, 37.713538401635354)	(30, 37.63402511437749)	(35, 37.66162562055875)	(40, 37.46019079139492)	(45, 37.71185826924948)	(50, 37.520046724423246)	(55, 37.62762192154191)	(60, 37.53852818066777)	(65, 37.58320841039618)	(70, 37.55816411953665)	(75, 37.187750413705835)	(80, 37.3831947824394)	(85, 37.45023264869074)	(90, 37.729576559914335)	(95, 37.31278302345955)	(100, 37.36335637106979)	(105, 37.35720237515818)	(110, 37.410300788474636)	(115, 37.18445634186703)	(120, 36.86007008663487)	(125, 36.98326292222331)	(130, 36.70697556702034)	(135, 36.90007008663487)	(140, 36.97703105227295)	(145, 36.5780064246082)	(150, 36.92659593108148)	(155, 36.94153995911613)	(160, 36.813217171225546)	(165, 36.86264577046627)	(170, 36.80660955903825)	(175, 37.036365229241696)	(180, 36.850723255134824)	(185, 36.90685096855835)	(190, 36.784065024822354)	(195, 36.46628638177748)	(200, 36.34357052467634)	(205, 36.61932833641585)	(210, 36.54724812615594)	(215, 36.23799863720431)	(220, 36.43510172296311)	(225, 35.889050910152825)	(230, 35.99750219020734)	(235, 35.79350335831792)	(240, 35.60777766961939)	(245, 35.10800739803368)	(250, 35.91758979850092)	(255, 35.358193322301176)	(260, 35.729652487102115)	(265, 35.26318504818457)	(270, 33.77401927382459)	(275, 35.51582595152341)	(280, 34.65527888640125)	(285, 34.162986469385764)	(290, 33.48148155358708)	(295, 31.640883870339728)	(300, 29.76332132775236)
2562R_RL_F_NS6_week9_S83_L001_R2_001	(1, 32.80911126253285)	(2, 33.49116129660275)	(3, 33.67312372237905)	(4, 33.79995132872578)	(5, 33.60913073104254)	(6, 37.50269638859145)	(7, 36.28558356857783)	(8, 35.98132969921153)	(9, 35.66915214640319)	(10, 36.73690840066193)	(15, 37.44699503553003)	(20, 37.44799571692787)	(25, 37.30201888445439)	(30, 37.21123722379052)	(35, 37.0170466270807)	(40, 37.181353061423145)	(45, 37.131089263116905)	(50, 37.04444660761219)	(55, 37.194770758298446)	(60, 36.601759953275575)	(65, 36.53208410396184)	(70, 36.68551153509198)	(75, 37.474056263992985)	(80, 36.94790226808137)	(85, 36.31308283850871)	(90, 37.20051202180473)	(95, 36.774007592718775)	(100, 37.2315604010513)	(105, 36.70391706414874)	(110, 37.01568188455174)	(115, 36.93710503260975)	(120, 36.89787987929524)	(125, 36.084703591940034)	(130, 37.08259709919206)	(135, 36.00775625425873)	(140, 36.618146597877924)	(145, 36.018775430740774)	(150, 36.763165579674876)	(155, 35.4604088387034)	(160, 36.079188163146114)	(165, 35.930088581719076)	(170, 35.95949187189721)	(175, 35.44418767643337)	(180, 35.31846004088387)	(185, 36.04673610435121)	(190, 35.02956293195756)	(195, 35.57450988026867)	(200, 34.940223887861386)	(205, 33.715734449527886)	(210, 34.69278107660859)	(215, 33.32450501314124)	(220, 32.647668645965155)	(225, 33.34204224666602)	(230, 33.834143872286575)	(235, 33.113472208702426)	(240, 31.83248710211233)	(245, 31.295627372724617)	(250, 29.475391803757425)	(255, 29.48924948895162)	(260, 25.02911320938382)	(265, 30.77246373990071)	(270, 26.61163827509004)	(275, 27.964952788864014)	(280, 24.107053441059087)	(285, 25.58956098510659)	(290, 21.484475810376715)	(295, 24.19004575099776)	(300, 20.719653460527596)
3795R_0_F_S2_week5_S43_L001_R1_001	(1, 33.93059104286304)	(2, 33.93619030753793)	(3, 33.92837326182465)	(4, 33.96450707075818)	(5, 33.90143944951807)	(6, 37.8574211338511)	(7, 37.869496656463184)	(8, 37.75198799193841)	(9, 37.29924022026023)	(10, 37.50082724075995)	(15, 37.771509524652785)	(20, 37.71389949994519)	(25, 37.65928137148254)	(30, 37.59603160548796)	(35, 37.681909484176174)	(40, 37.38320895207738)	(45, 37.745891202239704)	(50, 37.456638586017014)	(55, 37.592489901928545)	(60, 37.52042972669854)	(65, 37.52573216288464)	(70, 37.49109261554808)	(75, 37.145311037466165)	(80, 37.38421580780356)	(85, 37.404182583251114)	(90, 37.71900292612175)	(95, 37.17499894592156)	(100, 37.25288943982055)	(105, 37.27753969659406)	(110, 37.354512720618615)	(115, 37.063602249825024)	(120, 36.84932243837858)	(125, 37.03319419497921)	(130, 36.863560086687414)	(135, 36.687704385809575)	(140, 36.83213168391139)	(145, 36.52720449965004)	(150, 36.94994223650148)	(155, 36.915987418519734)	(160, 36.682042719691026)	(165, 36.77388246603759)	(170, 36.66609493452064)	(175, 36.96503326671557)	(180, 36.779974196159785)	(185, 36.853049659743476)	(190, 36.584642498756196)	(195, 36.375788239857656)	(200, 36.28552708138329)	(205, 36.60386888950728)	(210, 36.56518674053648)	(215, 36.19702328248459)	(220, 36.247384620573925)	(225, 35.91469048040679)	(230, 36.02342246620624)	(235, 35.72704765277813)	(240, 35.50529653334682)	(245, 35.37555212628703)	(250, 35.6769898892796)	(255, 35.52195940533111)	(260, 35.82270569286684)	(265, 35.32624992621451)	(270, 33.25006788265155)	(275, 35.1552935819272)	(280, 34.520750166544396)	(285, 33.93629655864471)	(290, 32.904021520065434)	(295, 31.02589153954481)	(300, 27.817176419000397)
3795R_0_F_S2_week5_S43_L001_R2_001	(1, 33.405643114338)	(2, 33.76683784900537)	(3, 33.521819423714234)	(4, 33.75243492119709)	(5, 33.50594078608954)	(6, 37.66820983750327)	(7, 35.78672198470321)	(8, 35.35501361869345)	(9, 37.010726302208504)	(10, 37.004236552067255)	(15, 37.288110838456156)	(20, 37.215763953890395)	(25, 36.98341639471443)	(30, 37.02145091789151)	(35, 36.65376811960839)	(40, 36.91789825191631)	(45, 37.006056313086596)	(50, 36.78843718114127)	(55, 36.83440849334244)	(60, 36.14675638982351)	(65, 36.146747957195984)	(70, 36.39462167016621)	(75, 37.256896624419205)	(80, 36.67269093576867)	(85, 35.83181799016755)	(90, 36.8994544089993)	(95, 36.28388271901642)	(100, 36.89973437223304)	(105, 36.39304645534502)	(110, 36.68759138860078)	(115, 36.644984694781044)	(120, 36.59037837199693)	(125, 35.3730560685404)	(130, 36.74920691138152)	(135, 35.86516228591667)	(140, 36.11453026048386)	(145, 35.35244841340113)	(150, 36.33894609021225)	(155, 35.1976287451407)	(160, 35.67787362864395)	(165, 35.47996829332052)	(170, 35.24223734473425)	(175, 34.766183477109635)	(180, 34.86358875762098)	(185, 35.30023358378237)	(190, 34.279018779461495)	(195, 34.95926703601575)	(200, 34.189791461121374)	(205, 32.28827443143008)	(210, 33.720097481174164)	(215, 31.89760260399538)	(220, 31.693674686095438)	(225, 32.071156197559596)	(230, 32.41967332000978)	(235, 32.12482143911221)	(240, 30.218236400279967)	(245, 29.41671852732593)	(250, 27.62640592982367)	(255, 27.969119718012934)	(260, 23.37761980655553)	(265, 28.901230320355523)	(270, 24.908691509187346)	(275, 26.70458144653292)	(280, 22.31009132535607)	(285, 23.754482363159536)	(290, 19.959599281540136)	(295, 22.360405440731277)	(300, 19.370204997175072)
3795R_0_F_S2_week6_S44_L001_R1_001	(1, 33.93961694399865)	(2, 33.9501330348847)	(3, 33.93250063349945)	(4, 33.958632485851844)	(5, 33.887765013936985)	(6, 37.84388461863333)	(7, 37.85962707998986)	(8, 37.767780217923814)	(9, 37.30990793141313)	(10, 37.447537798800575)	(15, 37.76036827434749)	(20, 37.6653011234057)	(25, 37.60396359489822)	(30, 37.544442098150185)	(35, 37.61242081256863)	(40, 37.355629698454266)	(45, 37.703693301799134)	(50, 37.356917814004554)	(55, 37.517324098319115)	(60, 37.47019807416167)	(65, 37.43727088436524)	(70, 37.39404510516091)	(75, 37.01498437368021)	(80, 37.33429766027537)	(85, 37.32199510093758)	(90, 37.670728102035646)	(95, 36.989602162344795)	(100, 37.13341498437368)	(105, 37.185801165638985)	(110, 37.24245079820931)	(115, 36.995641523777344)	(120, 36.654079736464226)	(125, 36.94689585269026)	(130, 36.70040755131346)	(135, 36.42442562716445)	(140, 36.60140214545147)	(145, 36.248832249345384)	(150, 36.800713742714755)	(155, 36.805150350536366)	(160, 36.495977278486365)	(165, 36.56583959793902)	(170, 36.40405439648619)	(175, 36.796148323338116)	(180, 36.57098994847538)	(185, 36.68106258974576)	(190, 36.37647394205592)	(195, 36.256288537883265)	(200, 36.045916040206095)	(205, 36.40176957513303)	(210, 36.43344032435172)	(215, 35.97885589999155)	(220, 35.991464650730634)	(225, 35.646684686206605)	(230, 35.86269744066222)	(235, 35.406896697356196)	(240, 35.36238280260157)	(245, 35.161462116732835)	(250, 35.382150097136574)	(255, 35.275475124588226)	(260, 35.573012923388795)	(265, 34.87423557732917)	(270, 32.568422164034125)	(275, 34.73132443618549)	(280, 34.14063265478503)	(285, 33.272839766872195)	(290, 31.965311681729872)	(295, 30.011962581299095)	(300, 26.021127206689755)
3795R_0_F_S2_week6_S44_L001_R2_001	(1, 33.41000084466594)	(2, 33.77394627924656)	(3, 33.55460765267337)	(4, 33.7637363797618)	(5, 33.50206943153982)	(6, 37.692911141143675)	(7, 35.84116057099417)	(8, 35.41056043584762)	(9, 37.02582566095109)	(10, 37.01239547259059)	(15, 37.320899146887406)	(20, 37.19854295126278)	(25, 36.9765710786384)	(30, 37.08023692879466)	(35, 36.59522341413971)	(40, 36.968403159050595)	(45, 37.04664667623955)	(50, 36.82055494551905)	(55, 36.84290902947884)	(60, 36.223931497592694)	(65, 36.148270546498864)	(70, 36.449702255258046)	(75, 37.28803953036574)	(80, 36.71886772531464)	(85, 35.82033955570572)	(90, 36.90913295041811)	(95, 36.2834910043078)	(100, 36.90664752090548)	(105, 36.414439564152374)	(110, 36.72165089956922)	(115, 36.622765858602925)	(120, 36.642875242841455)	(125, 35.09258594475885)	(130, 36.778429343694576)	(135, 35.73356491257708)	(140, 36.10308725399104)	(145, 35.33895810456964)	(150, 36.36915491173241)	(155, 35.318728355435425)	(160, 35.49256271644565)	(165, 35.35148872370978)	(170, 35.10317594391418)	(175, 34.592248078385)	(180, 34.60735281696089)	(185, 35.014521919081005)	(190, 34.1268371484078)	(195, 34.89217417011572)	(200, 34.00957851169862)	(205, 31.618105414308637)	(210, 33.328205507221895)	(215, 31.13095489483909)	(220, 31.136383985133882)	(225, 31.645571838837743)	(230, 31.75529605541009)	(235, 31.768185657572428)	(240, 29.33363459751668)	(245, 28.39357631556719)	(250, 26.82793732578765)	(255, 27.461907678013347)	(260, 22.573861812653096)	(265, 27.97409831911479)	(270, 24.232836388208465)	(275, 26.184717881577836)	(280, 21.562830475546924)	(285, 22.887640425711634)	(290, 19.192906917814007)	(295, 21.680355182025504)	(300, 18.85627481206183)
3795R_0_F_S2_week7_S45_L001_R1_001	(1, 33.9085637823372)	(2, 33.944375061948655)	(3, 33.93684210526316)	(4, 33.95872732679155)	(5, 33.85082763405689)	(6, 37.83080582812965)	(7, 37.849568837347604)	(8, 37.72793141044702)	(9, 37.19446922390723)	(10, 37.38536822281693)	(15, 37.74334621865398)	(20, 37.644943998414114)	(25, 37.56097730201209)	(30, 37.46948161363862)	(35, 37.58829021706809)	(40, 37.24112201407473)	(45, 37.6767231638418)	(50, 37.309075230449004)	(55, 37.446420854395875)	(60, 37.39590841510556)	(65, 37.370976310833576)	(70, 37.32606799484587)	(75, 36.87347408068193)	(80, 37.206083853702054)	(85, 37.19362870452968)	(90, 37.58635940132818)	(95, 36.95592229160472)	(100, 37.02038457726236)	(105, 37.05301615620973)	(110, 37.15558925562493)	(115, 36.798844285855886)	(120, 36.5046783625731)	(125, 36.751818812568146)	(130, 36.501363861631475)	(135, 36.3133214391912)	(140, 36.50288036475369)	(145, 36.1451283576172)	(150, 36.608765982753496)	(155, 36.604198632173656)	(160, 36.33508177222718)	(165, 36.400051541282586)	(170, 36.293026067994845)	(175, 36.6447041332144)	(180, 36.42694617900683)	(185, 36.51212409554961)	(190, 36.218491426305874)	(195, 35.99126177024482)	(200, 35.830627415997625)	(205, 36.242027951234014)	(210, 36.179550004955885)	(215, 35.78917434830013)	(220, 35.82503518683715)	(225, 35.515656655763706)	(230, 35.62765982753494)	(235, 35.21325800376648)	(240, 34.991892159777976)	(245, 34.80569927643968)	(250, 35.165540687877886)	(255, 34.95304390920805)	(260, 35.274421647338684)	(265, 34.693910199226885)	(270, 32.50641887203885)	(275, 34.60839528199029)	(280, 33.8750401427297)	(285, 33.27502626623055)	(290, 32.18569332936862)	(295, 30.296100703736744)	(300, 27.093745663594014)
3795R_0_F_S2_week7_S45_L001_R2_001	(1, 33.32375854891466)	(2, 33.716889681831695)	(3, 33.50009911785113)	(4, 33.72601843592031)	(5, 33.42898205966895)	(6, 37.64355238378432)	(7, 35.535236396074936)	(8, 35.10225988700565)	(9, 36.88940430171474)	(10, 36.90990782039845)	(15, 37.228300128853206)	(20, 37.13135890573892)	(25, 36.872243036970964)	(30, 36.942672217266335)	(35, 36.533737734165925)	(40, 36.84365348399247)	(45, 36.930916840122904)	(50, 36.67537912578055)	(55, 36.72484488056299)	(60, 35.92072157795619)	(65, 35.910877192982454)	(70, 36.212679155515914)	(75, 37.209069283377936)	(80, 36.54980077311924)	(85, 35.621355932203386)	(90, 36.81202497769848)	(95, 36.06807612250966)	(100, 36.80987610268609)	(105, 36.29628308058282)	(110, 36.64961641391615)	(115, 36.523409654078705)	(120, 36.48428189116859)	(125, 35.138311031816826)	(130, 36.653733769451875)	(135, 35.66355833085539)	(140, 35.915611061552184)	(145, 35.09840420259688)	(150, 36.20120923778372)	(155, 34.863225294875605)	(160, 35.41111507582515)	(165, 35.247618198037465)	(170, 34.945495093666366)	(175, 34.45154722965606)	(180, 34.53983942908117)	(185, 35.112576072950745)	(190, 33.97007830310239)	(195, 34.66583605907424)	(200, 33.89051442164734)	(205, 31.880154623847755)	(210, 33.37800574883537)	(215, 31.465508970165523)	(220, 31.29140251759342)	(225, 31.84401229061354)	(230, 32.208793735751804)	(235, 31.9056477351571)	(240, 29.936497175141245)	(245, 29.145310734463276)	(250, 27.388970165526814)	(255, 27.764164932104272)	(260, 23.12159183268907)	(265, 28.54684309644167)	(270, 24.597993854693232)	(275, 26.518142531469913)	(280, 22.13980969372584)	(285, 23.545017345623947)	(290, 19.792350084250174)	(295, 22.246484289820597)	(300, 19.256026365348397)
3795R_0_F_S2_week9_S46_L001_R1_001	(1, 33.90588132621407)	(2, 33.89813000325286)	(3, 33.927120109803795)	(4, 33.949493426846395)	(5, 33.84768690050221)	(6, 37.82744777575907)	(7, 37.8317875645613)	(8, 37.72147600422078)	(9, 37.147560753076334)	(10, 37.40211515117856)	(15, 37.75303348857136)	(20, 37.66313559658212)	(25, 37.57901668478218)	(30, 37.503567830026256)	(35, 37.61721317328214)	(40, 37.26735637837881)	(45, 37.70715708131352)	(50, 37.339236609728424)	(55, 37.48294946962544)	(60, 37.42177193497457)	(65, 37.409507866363064)	(70, 37.367058860864944)	(75, 36.901601834294645)	(80, 37.22263037217458)	(85, 37.227590584165725)	(90, 37.60913973802591)	(95, 36.980509826011755)	(100, 37.03400109486445)	(105, 37.09937084963068)	(110, 37.20778940520298)	(115, 36.82812214879049)	(120, 36.55329530398356)	(125, 36.77380735145942)	(130, 36.54763850431995)	(135, 36.348306530311085)	(140, 36.54297501646264)	(145, 36.17382321906017)	(150, 36.6339312774212)	(155, 36.63367580904929)	(160, 36.36287140102981)	(165, 36.40778781844291)	(170, 36.324060836381236)	(175, 36.68749077695707)	(180, 36.45914489499615)	(185, 36.576144649048345)	(190, 36.308353498409275)	(195, 36.051501471719966)	(200, 35.88690843600993)	(205, 36.261413961901894)	(210, 36.21993446680895)	(215, 35.85165380068707)	(220, 35.897801543917545)	(225, 35.49630998944805)	(230, 35.64390882476615)	(235, 35.32735812381488)	(240, 35.0809914076942)	(245, 34.88057091627461)	(250, 35.352563807589476)	(255, 35.10231111604769)	(260, 35.4045428940917)	(265, 34.83647326705965)	(270, 32.711193798941636)	(275, 34.78431487666908)	(280, 34.101295589600376)	(285, 33.455350951659355)	(290, 32.45438144125417)	(295, 30.540339407979815)	(300, 27.35283197004197)
3795R_0_F_S2_week9_S46_L001_R2_001	(1, 33.352578088430135)	(2, 33.73837499900827)	(3, 33.51760113612021)	(4, 33.72690272367367)	(5, 33.457891354537736)	(6, 37.65375308426489)	(7, 35.516641146275475)	(8, 35.05263283165269)	(9, 36.889291749640996)	(10, 36.90082114833827)	(15, 37.252163150670796)	(20, 37.143928659267075)	(25, 36.879271359774044)	(30, 36.952593956030874)	(35, 36.52088890299343)	(40, 36.84393421292734)	(45, 36.947271962742875)	(50, 36.69213839721365)	(55, 36.74079480812104)	(60, 35.92785795323818)	(65, 35.9576890426283)	(70, 36.22698126829734)	(75, 37.22181953777679)	(80, 36.5739120776243)	(85, 35.649294288457114)	(90, 36.815210682068816)	(95, 36.109546741984886)	(100, 36.8299183611942)	(105, 36.305457661274325)	(110, 36.642074530120674)	(115, 36.53393207080123)	(120, 36.49753655498521)	(125, 35.143714446657086)	(130, 36.672994136921524)	(135, 35.64314876669073)	(140, 35.936832668216404)	(145, 35.079775949477565)	(150, 36.22200518870544)	(155, 34.85411327880168)	(160, 35.43367104876907)	(165, 35.270544179367356)	(170, 34.9581523765699)	(175, 34.43012781352395)	(180, 34.53123616543561)	(185, 35.15178946867339)	(190, 33.973793070618754)	(195, 34.731953380989026)	(200, 33.95591663162572)	(205, 31.971378021786215)	(210, 33.390430249994054)	(215, 31.515855700038877)	(220, 31.372580785922263)	(225, 31.919646469855525)	(230, 32.316572915592296)	(235, 31.974999008274956)	(240, 30.013841308125006)	(245, 29.234864292344675)	(250, 27.45264076545306)	(255, 27.916204787255147)	(260, 23.21250049586252)	(265, 28.580541561213238)	(270, 24.736074196901058)	(275, 26.59618860230239)	(280, 22.216646699935737)	(285, 23.700268955832534)	(290, 19.84714898883714)	(295, 22.341540585355794)	(300, 19.357255063748084)
3861R_R_M_NS1_week9_S34_L001_R1_001	(1, 33.940497428901246)	(2, 33.94660510022038)	(3, 33.94249134221849)	(4, 33.965988036520095)	(5, 33.89593871340119)	(6, 37.86362682338126)	(7, 37.85587155000525)	(8, 37.78827788855074)	(9, 37.3079966418302)	(10, 37.49166544233393)	(15, 37.776010074509394)	(20, 37.72546332248925)	(25, 37.67128764823171)	(30, 37.5929625354182)	(35, 37.65491237275685)	(40, 37.41431000104943)	(45, 37.716094028754334)	(50, 37.459506768811)	(55, 37.559798509812154)	(60, 37.50857802497639)	(65, 37.480333718123624)	(70, 37.49796830727254)	(75, 37.07589883513485)	(80, 37.30967782558506)	(85, 37.33254066533739)	(90, 37.65443593241683)	(95, 37.15201595130654)	(100, 37.17364256480218)	(105, 37.26153426382622)	(110, 37.30563542869136)	(115, 37.05034945954455)	(120, 36.76056039458496)	(125, 36.84918669325218)	(130, 36.64121313883933)	(135, 36.6788519257005)	(140, 36.775229300031484)	(145, 36.43266449784867)	(150, 36.77875747717494)	(155, 36.83777941022144)	(160, 36.638150907755275)	(165, 36.55843425333193)	(170, 36.52447476125512)	(175, 36.83993073774793)	(180, 36.64307062650855)	(185, 36.72386609297933)	(190, 36.575575611291846)	(195, 36.32093818868717)	(200, 36.14252702277259)	(205, 36.4186189526708)	(210, 36.33911848042816)	(215, 36.053556511701125)	(220, 36.18389127925281)	(225, 35.699254906076185)	(230, 35.81642145030959)	(235, 35.551866932521776)	(240, 35.346097177038516)	(245, 34.783484101164866)	(250, 35.58425648021828)	(255, 35.185320600272846)	(260, 35.467790953930106)	(265, 34.98015531535313)	(270, 33.171701122888024)	(275, 35.043765347885405)	(280, 34.100453352922656)	(285, 33.56051631860636)	(290, 32.65453038094239)	(295, 30.78173995172631)	(300, 28.769692517577923)
3861R_R_M_NS1_week9_S34_L001_R2_001	(1, 32.7308112078917)	(2, 33.78703956343793)	(3, 33.77038514009865)	(4, 33.60200440759786)	(5, 33.66506453982579)	(6, 37.392842900619165)	(7, 36.26056249344107)	(8, 35.75521041032637)	(9, 35.84218700808059)	(10, 36.73425123307797)	(15, 37.44025396159093)	(20, 37.38902298247456)	(25, 37.18875223003463)	(30, 37.219343058033374)	(35, 36.942692832406344)	(40, 37.100526812886976)	(45, 37.12375485360479)	(50, 36.999955924021414)	(55, 37.06248504565012)	(60, 36.34305383565957)	(65, 36.362814566061495)	(70, 36.56177563228041)	(75, 37.39431209990555)	(80, 36.87861685381468)	(85, 36.11955924021409)	(90, 37.081630811207894)	(95, 36.51677405813832)	(100, 37.13016056249344)	(105, 36.61240843740162)	(110, 36.94099275894638)	(115, 36.817959911848035)	(120, 36.723880784972195)	(125, 35.71045230349459)	(130, 36.98377794102214)	(135, 35.94180711512225)	(140, 36.35872389547696)	(145, 35.50665337391122)	(150, 36.540528911743095)	(155, 34.95366984993179)	(160, 35.71197397418407)	(165, 35.606103473606886)	(170, 35.44464686745724)	(175, 35.0533571203694)	(180, 35.120572987721694)	(185, 35.67900094448525)	(190, 34.585901983419035)	(195, 34.7940833245881)	(200, 34.44768181341169)	(205, 32.80667646132858)	(210, 34.066905236646036)	(215, 32.24264036100325)	(220, 31.92804911323329)	(225, 32.614014062336025)	(230, 33.3174184069682)	(235, 32.654255430790215)	(240, 30.956845419246513)	(245, 30.34125931367405)	(250, 28.283020253961592)	(255, 28.664321544758103)	(260, 24.48611186903138)	(265, 29.557947318711303)	(270, 25.597949417567424)	(275, 27.257487669220275)	(280, 22.87482841851191)	(285, 24.458778465736174)	(290, 20.558767971455556)	(295, 23.06126770909854)	(300, 19.836950362052683)
3909R_0_M_S2_week5_S61_L001_R1_001	(1, 33.9058097494078)	(2, 33.94226959786117)	(3, 33.930217900234105)	(4, 33.96078349887102)	(5, 33.857512917480506)	(6, 37.82895593511477)	(7, 37.84930529582069)	(8, 37.71627948856474)	(9, 37.20122871905692)	(10, 37.38040144620371)	(15, 37.747710870077164)	(20, 37.65705439886964)	(25, 37.56952305752954)	(30, 37.49338126307332)	(35, 37.5953912645971)	(40, 37.24481153638366)	(45, 37.681947388106224)	(50, 37.315312582249376)	(55, 37.458427184197035)	(60, 37.3962459654518)	(65, 37.38128523736303)	(70, 37.34158389782377)	(75, 36.90360165676211)	(80, 37.18603665378382)	(85, 37.19772402997687)	(90, 37.56035822632258)	(95, 36.90765767637729)	(100, 36.932973167657124)	(105, 37.07957306514843)	(110, 37.11119976727757)	(115, 36.79523611630581)	(120, 36.57052875091773)	(125, 36.76652398564878)	(130, 36.511453268503516)	(135, 36.281378049287284)	(140, 36.48285472855975)	(145, 36.12858053165995)	(150, 36.531508955658055)	(155, 36.55110058319134)	(160, 36.333229439388276)	(165, 36.279866738699795)	(170, 36.2895829004419)	(175, 36.59945005471748)	(180, 36.35736053969441)	(185, 36.471099474989266)	(190, 36.22746401806369)	(195, 35.95275873055452)	(200, 35.74093559960659)	(205, 36.11864411475433)	(210, 36.072785327404446)	(215, 35.73687957999141)	(220, 35.7597210101262)	(225, 35.44701270276635)	(230, 35.62872459793043)	(235, 35.19463353142446)	(240, 35.033226668883074)	(245, 34.72771474878444)	(250, 35.07557107038468)	(255, 34.97003837149704)	(260, 35.19910789732508)	(265, 34.47966449182009)	(270, 32.608145285292764)	(275, 34.60720469877682)	(280, 33.93204089265678)	(285, 33.180113313662744)	(290, 31.986630927149566)	(295, 30.08436742439984)	(300, 26.986905899790827)
3909R_0_M_S2_week5_S61_L001_R2_001	(1, 31.874717754782584)	(2, 33.020328581916914)	(3, 33.651283436534655)	(4, 33.574547368712686)	(5, 33.425965174749614)	(6, 37.48728338112455)	(7, 35.92318774328499)	(8, 35.72120406156063)	(9, 36.19788333402596)	(10, 36.423079693582125)	(15, 37.39588441452299)	(20, 37.265690063583094)	(25, 37.05971408386319)	(30, 37.128518195292905)	(35, 36.708850378866586)	(40, 36.9745626064913)	(45, 37.047727493108376)	(50, 36.85356633282079)	(55, 36.91048359168294)	(60, 36.07606422031057)	(65, 36.11174832730749)	(70, 36.36148028092923)	(75, 37.35337655321449)	(80, 36.7515341672554)	(85, 35.79732507722783)	(90, 36.97294324620095)	(95, 36.23866378534126)	(100, 37.009904556095805)	(105, 36.54734100763274)	(110, 36.849130753992995)	(115, 36.70858163986203)	(120, 36.689812852373635)	(125, 35.3078557674992)	(130, 36.85841194641843)	(135, 35.7423305489756)	(140, 36.151714250093505)	(145, 35.114522988266906)	(150, 36.40564628960091)	(155, 35.04274058374544)	(160, 35.6418138497555)	(165, 35.39918408621812)	(170, 35.148386873346354)	(175, 34.64678829184502)	(180, 34.727497264126114)	(185, 35.35350676695896)	(190, 34.092173322805415)	(195, 34.5882322791561)	(200, 34.210573633102)	(205, 32.16234467855213)	(210, 33.56061172754852)	(215, 31.62664256327141)	(220, 31.355579104849774)	(225, 31.89802185928604)	(230, 32.400638601448975)	(235, 32.09252517696602)	(240, 30.0472828270235)	(245, 29.20749283131779)	(250, 27.316009364307583)	(255, 28.02175539209575)	(260, 23.458928645638533)	(265, 28.585108534541273)	(270, 24.843841859563092)	(275, 26.76588261369461)	(280, 22.270711604261038)	(285, 23.750421809416945)	(290, 19.859121195750046)	(295, 22.42032719666431)	(300, 19.30334607765726)
3909R_0_M_S2_week6_S62_L001_R1_001	(1, 33.906456972227836)	(2, 33.901495251565976)	(3, 33.92697739161671)	(4, 33.94851372892391)	(5, 33.84653465346535)	(6, 37.824633483756536)	(7, 37.83351294313105)	(8, 37.717120181405896)	(9, 37.14574212523293)	(10, 37.39826676545206)	(15, 37.750513010484724)	(20, 37.66472575829012)	(25, 37.56909027637458)	(30, 37.50903549538627)	(35, 37.626549695785904)	(40, 37.30815877506118)	(45, 37.70103836914304)	(50, 37.331592240856736)	(55, 37.48146875912081)	(60, 37.4223659100604)	(65, 37.420843717024766)	(70, 37.36973350396264)	(75, 36.936642643856224)	(80, 37.249989896948875)	(85, 37.24710715969557)	(90, 37.62914954760782)	(95, 36.940273006892525)	(100, 37.028905951819674)	(105, 37.14377652050919)	(110, 37.20000898048988)	(115, 36.87498709054579)	(120, 36.553731393547515)	(125, 36.82704025504591)	(130, 36.56014346332593)	(135, 36.31355829460497)	(140, 36.5107305628522)	(145, 36.12783615096204)	(150, 36.62413169888417)	(155, 36.64384050649963)	(160, 36.390035023910556)	(165, 36.412726476729304)	(170, 36.337872970970565)	(175, 36.6848566489302)	(180, 36.42079993713657)	(185, 36.555494937248824)	(190, 36.31581688781123)	(195, 36.08063132843897)	(200, 35.84497990615388)	(205, 36.20224624503267)	(210, 36.21490649064906)	(215, 35.790224736759384)	(220, 35.84459935789497)	(225, 35.50585191172179)	(230, 35.73628230169955)	(235, 35.37688085135044)	(240, 35.207001414427154)	(245, 34.93044610583507)	(250, 35.3479883702656)	(255, 35.13467816169372)	(260, 35.41610426348757)	(265, 34.65916458992838)	(270, 32.74941514559619)	(275, 34.76733908084686)	(280, 34.1401214611257)	(285, 33.30058934464875)	(290, 32.116529714195906)	(295, 30.149566691363013)	(300, 26.582724343862957)
3909R_0_M_S2_week6_S62_L001_R2_001	(1, 31.924681753889676)	(2, 33.066360207449314)	(3, 33.662030488763165)	(4, 33.59351496374127)	(5, 33.46036797557307)	(6, 37.503103881816756)	(7, 35.93548079297726)	(8, 35.657102444938374)	(9, 36.21280954626075)	(10, 36.437940324644714)	(15, 37.40600458004984)	(20, 37.24530544891224)	(25, 37.049371365708)	(30, 37.15038279338138)	(35, 36.65306908241845)	(40, 37.05024247322691)	(45, 37.126264565232034)	(50, 36.8698233088615)	(55, 36.937391392200446)	(60, 36.109618104667604)	(65, 36.14811072944029)	(70, 36.42283401809569)	(75, 37.37098179205675)	(80, 36.78465346534653)	(85, 35.82875552861408)	(90, 36.989190857861296)	(95, 36.27533283940639)	(100, 37.034119126198334)	(105, 36.546936530387725)	(110, 36.85757055297366)	(115, 36.70258301340338)	(120, 36.73990031656227)	(125, 35.21457421252329)	(130, 36.90110460025595)	(135, 35.715450932848384)	(140, 36.11467299791203)	(145, 35.297709975079144)	(150, 36.46889046047462)	(155, 35.183070654004176)	(160, 35.625540513235)	(165, 35.430538155856404)	(170, 35.14717002312476)	(175, 34.55127186188007)	(180, 34.683250263801895)	(185, 35.33950629756853)	(190, 34.10177925955861)	(195, 34.90197907545857)	(200, 34.19441750297479)	(205, 31.910545340248312)	(210, 33.50156934060753)	(215, 31.395222379380794)	(220, 31.364713410116526)	(225, 31.98942322803709)	(230, 32.22946161963135)	(235, 32.0303967131407)	(240, 29.812844345659055)	(245, 28.917958734648977)	(250, 27.191659370018634)	(255, 27.948134303226244)	(260, 23.053454120922297)	(265, 28.336196987045646)	(270, 24.662885880424778)	(275, 26.63304146741205)	(280, 22.081371096293303)	(285, 23.578708381042187)	(290, 19.638465683303025)	(295, 22.253818953323904)	(300, 19.280514020789834)
3909R_0_M_S2_week7_S63_L001_R1_001	(1, 33.95215784395493)	(2, 33.95815957742563)	(3, 33.948535544326155)	(4, 33.950269015028866)	(5, 33.85474006116208)	(6, 37.81339842025217)	(7, 37.79646437390636)	(8, 37.716356767894816)	(9, 37.17524407594564)	(10, 37.3485895108669)	(15, 37.742932836187016)	(20, 37.63399074392059)	(25, 37.53775531897496)	(30, 37.466501496344996)	(35, 37.5773912901274)	(40, 37.22339204238826)	(45, 37.6612700125922)	(50, 37.28389998201116)	(55, 37.41944103746586)	(60, 37.35984398763676)	(65, 37.373289833030796)	(70, 37.310698457865215)	(75, 36.84944970481938)	(80, 37.17423506516869)	(85, 37.18950596084973)	(90, 37.57657525061734)	(95, 36.89505143174868)	(100, 36.96161016533386)	(105, 37.04743986001406)	(110, 37.14809236455216)	(115, 36.78539632700453)	(120, 36.47224157386057)	(125, 36.71434855843923)	(130, 36.434173903089174)	(135, 36.23489509231548)	(140, 36.448772670035495)	(145, 36.06782612961782)	(150, 36.533966213674795)	(155, 36.554085921274265)	(160, 36.30002616559551)	(165, 36.29053950187248)	(170, 36.25172447627925)	(175, 36.59129830414234)	(180, 36.318752555233935)	(185, 36.45668122127917)	(190, 36.23723200706471)	(195, 35.94995993393188)	(200, 35.715200575643095)	(205, 36.08025969353546)	(210, 36.085180460841556)	(215, 35.64123697852786)	(220, 35.7991299939492)	(225, 35.40491586125693)	(230, 35.53601857757282)	(235, 35.127158252792356)	(240, 34.89477832834551)	(245, 34.638218122945595)	(250, 35.15037531276064)	(255, 34.841348182308785)	(260, 35.153286235261405)	(265, 34.43396130762564)	(270, 32.407004202848775)	(275, 34.469732947390796)	(280, 33.74982256455543)	(285, 32.93956238041505)	(290, 31.82843219022388)	(295, 29.66961847291043)	(300, 26.72327838558276)
3909R_0_M_S2_week7_S63_L001_R2_001	(1, 31.743102912557852)	(2, 32.93409540630264)	(3, 33.630950628791965)	(4, 33.55654221655301)	(5, 33.402385975240804)	(6, 37.465845721107456)	(7, 35.92721876073198)	(8, 35.72119740306464)	(9, 36.0700093214934)	(10, 36.35265171957023)	(15, 37.38009779391323)	(20, 37.26574105872541)	(25, 37.06331583509133)	(30, 37.11678850022077)	(35, 36.6865901322998)	(40, 37.03292776660289)	(45, 37.12228818132758)	(50, 36.85425436229538)	(55, 36.93030139495331)	(60, 36.13256144826572)	(65, 36.16560041864953)	(70, 36.405161163714865)	(75, 37.35175554792393)	(80, 36.76966753340202)	(85, 35.872331518095145)	(90, 37.00443833913882)	(95, 36.31178760077843)	(100, 37.02535282670199)	(105, 36.53289015355934)	(110, 36.86649659029583)	(115, 36.70711867732915)	(120, 36.7053901126756)	(125, 35.33213952803807)	(130, 36.8815270895681)	(135, 35.82744443899328)	(140, 36.127043778312)	(145, 35.37651637802744)	(150, 36.44587483033247)	(155, 35.13627205677935)	(160, 35.61713355901159)	(165, 35.45180787911495)	(170, 35.23091628644786)	(175, 34.68841191188736)	(180, 34.71949663935633)	(185, 35.33587957284665)	(190, 34.23401854486582)	(195, 34.88071268540777)	(200, 34.12827356130108)	(205, 32.118150746537154)	(210, 33.57328492698163)	(215, 31.621612781893408)	(220, 31.551590377602245)	(225, 32.054713895566564)	(230, 32.36118006835762)	(235, 32.06180804264993)	(240, 30.04028356964137)	(245, 29.166980653812818)	(250, 27.418263585667795)	(255, 27.818618456556937)	(260, 23.174406776889235)	(265, 28.530139495331078)	(270, 24.721215391911564)	(275, 26.59637606502151)	(280, 22.03380594940228)	(285, 23.548061292907484)	(290, 19.716250470163043)	(295, 22.23329899098922)	(300, 19.233393023598097)
3909R_0_M_S2_week9_S64_L001_R1_001	(1, 33.936631138120504)	(2, 33.954846733945246)	(3, 33.93355322197207)	(4, 33.96535573153644)	(5, 33.86753152699277)	(6, 37.853858022261754)	(7, 37.87772564825165)	(8, 37.77121872884425)	(9, 37.23234724561928)	(10, 37.4372136593353)	(15, 37.74582867578759)	(20, 37.66291386557929)	(25, 37.573704677487925)	(30, 37.494710077617015)	(35, 37.63164664577987)	(40, 37.316806524237606)	(45, 37.70336130484752)	(50, 37.33069099611127)	(55, 37.48395547648661)	(60, 37.42323472456193)	(65, 37.42071256514004)	(70, 37.38762378575815)	(75, 36.92199726057591)	(80, 37.21160004408269)	(85, 37.23519687642678)	(90, 37.619950564415824)	(95, 36.949446604845946)	(100, 36.99053324306878)	(105, 37.135881732449576)	(110, 37.20937229403152)	(115, 36.86308547318041)	(120, 36.57273013523938)	(125, 36.77393768597383)	(130, 36.50335185855755)	(135, 36.31403561251319)	(140, 36.518072327093535)	(145, 36.15088401530299)	(150, 36.586191098446086)	(155, 36.610664861375696)	(160, 36.36689547680148)	(165, 36.306458113575886)	(170, 36.30893304154793)	(175, 36.65483571327361)	(180, 36.407465717839315)	(185, 36.52761150558119)	(190, 36.33018719397956)	(195, 36.03421131350662)	(200, 35.80156965851661)	(205, 36.15763024072295)	(210, 36.131874931120805)	(215, 35.734734008218275)	(220, 35.84580506006266)	(225, 35.51976793614308)	(230, 35.63080120282759)	(235, 35.30018577703608)	(240, 35.08430971236048)	(245, 34.74841381047594)	(250, 35.18696726860526)	(255, 34.95415400601414)	(260, 35.21444967489019)	(265, 34.5506950895036)	(270, 32.641886424106936)	(275, 34.671174646157716)	(280, 33.9301037517515)	(285, 33.15595037549003)	(290, 32.13869200371554)	(295, 30.04928759229813)	(300, 27.088913204338994)
3909R_0_M_S2_week9_S64_L001_R2_001	(1, 31.81749767778705)	(2, 32.97083457971882)	(3, 33.657509013335016)	(4, 33.58216697891903)	(5, 33.43797723444117)	(6, 37.50092888518034)	(7, 35.81817466190154)	(8, 35.59820205614245)	(9, 36.127194294440855)	(10, 36.3762473038714)	(15, 37.40684383708299)	(20, 37.26071917754302)	(25, 37.058697671489526)	(30, 37.12476187477368)	(35, 36.69357967158398)	(40, 37.024555630776014)	(45, 37.113563298014704)	(50, 36.86532739266653)	(55, 36.93984917423681)	(60, 36.033624069146846)	(65, 36.06960971078608)	(70, 36.333065163656975)	(75, 37.36508178912732)	(80, 36.756414818080195)	(85, 35.80366358612655)	(90, 36.96286820851111)	(95, 36.19291370814112)	(100, 37.022872616779765)	(105, 36.545121778421525)	(110, 36.868786309177075)	(115, 36.70993277390305)	(120, 36.66469921438355)	(125, 35.20841034683628)	(130, 36.862290410441304)	(135, 35.73955633924776)	(140, 36.0586614607113)	(145, 35.187532471621765)	(150, 36.41643654454713)	(155, 34.925852921265175)	(160, 35.56298313837241)	(165, 35.315542295763336)	(170, 34.992254042224914)	(175, 34.4584567910953)	(180, 34.57425256230616)	(185, 35.34470929042618)	(190, 34.071059716296425)	(195, 34.73272982036305)	(200, 34.04708503235354)	(205, 31.929398428767104)	(210, 33.428151518491106)	(215, 31.35982650314089)	(220, 31.250062188075635)	(225, 31.947861202512712)	(230, 32.41515814663791)	(235, 31.980485539304436)	(240, 29.916543602500116)	(245, 29.07904498008407)	(250, 27.198501188658156)	(255, 27.771505266306654)	(260, 23.02813734905616)	(265, 28.349337972511297)	(270, 24.580691783302107)	(275, 26.516326337830815)	(280, 21.772769494780924)	(285, 23.422600248752303)	(290, 19.565067619692364)	(295, 22.169867909378592)	(300, 19.239746839428815)
3918R_R_M_S2_week5_S65_L001_R1_001	(1, 33.95628844957489)	(2, 33.951579456694546)	(3, 33.93624282850625)	(4, 33.96189603926177)	(5, 33.8554814405198)	(6, 37.85601714246216)	(7, 37.848353148544966)	(8, 37.73398078385291)	(9, 37.23768749567982)	(10, 37.4095890647681)	(15, 37.74564526162992)	(20, 37.667790488698415)	(25, 37.59210790073961)	(30, 37.50761387986451)	(35, 37.611313679408305)	(40, 37.2051306421511)	(45, 37.69022084744591)	(50, 37.342897629086885)	(55, 37.462321144674085)	(60, 37.39551047210894)	(65, 37.40760351143983)	(70, 37.37485311398355)	(75, 36.89825983272275)	(80, 37.17040505979125)	(85, 37.227211930600674)	(90, 37.57059687564803)	(95, 36.987531969309465)	(100, 36.968727103062136)	(105, 37.08289382733116)	(110, 37.18926868044515)	(115, 36.79983064906339)	(120, 36.60909310845373)	(125, 36.72981613326882)	(130, 36.49213209373056)	(135, 36.34477949816825)	(140, 36.54737506048248)	(145, 36.20614847584157)	(150, 36.547960876477504)	(155, 36.56619202322527)	(160, 36.374835833275725)	(165, 36.33280396765052)	(170, 36.303492431049975)	(175, 36.62199142876892)	(180, 36.40690537084399)	(185, 36.53600262666758)	(190, 36.31037360890302)	(195, 35.98464436303311)	(200, 35.80786617819866)	(205, 36.181611598811095)	(210, 36.12816064145988)	(215, 35.78658498652105)	(220, 35.90188359715214)	(225, 35.420999516140185)	(230, 35.516224856570126)	(235, 35.2181049975807)	(240, 34.93463226653763)	(245, 34.66582048800719)	(250, 35.18594214419022)	(255, 34.95720087094768)	(260, 35.2125665307251)	(265, 34.630692265155176)	(270, 32.660204257966406)	(275, 34.702364000829476)	(280, 34.02284163959356)	(285, 33.44905992949471)	(290, 32.56811882214696)	(295, 30.546113568811773)	(300, 28.348599398631368)
3918R_R_M_S2_week5_S65_L001_R2_001	(1, 32.58363862583811)	(2, 33.7617508813161)	(3, 33.76639075136518)	(4, 33.57061761249741)	(5, 33.78163233566047)	(6, 37.65128395659086)	(7, 35.76940623487938)	(8, 35.66281882905924)	(9, 37.12938929978572)	(10, 36.780474528236674)	(15, 37.40176090412663)	(20, 37.305439966821034)	(25, 37.07975392272067)	(30, 37.100138245662535)	(35, 36.784637450749976)	(40, 36.97094421787516)	(45, 37.06427732079906)	(50, 36.84607555125458)	(55, 36.937139697241996)	(60, 36.058006151931984)	(65, 36.188147162507775)	(70, 36.35628672150411)	(75, 37.35922271376236)	(80, 36.74316893619963)	(85, 35.87214522706849)	(90, 36.98302170456902)	(95, 36.34774659570056)	(100, 37.043595769682724)	(105, 36.526918158567774)	(110, 36.869751849035744)	(115, 36.74855706089721)	(120, 36.687751434298754)	(125, 35.530557475634204)	(130, 36.87448676297781)	(135, 35.90551773000622)	(140, 36.16444321559412)	(145, 35.26508605792493)	(150, 36.42571542130366)	(155, 34.98897663648303)	(160, 35.73709995161402)	(165, 35.54330545379138)	(170, 35.316682795327296)	(175, 34.80086749153245)	(180, 34.8955329370291)	(185, 35.59564007741757)	(190, 34.30353390474874)	(195, 34.82926833483099)	(200, 34.370531208958326)	(205, 32.677519527199834)	(210, 33.8000760351144)	(215, 32.16720121656183)	(220, 31.881606414598746)	(225, 32.38262252021843)	(230, 33.11681758484828)	(235, 32.471053086334415)	(240, 30.861125319693095)	(245, 30.155239510610357)	(250, 28.03851005737195)	(255, 28.521374507499825)	(260, 23.98607347756964)	(265, 29.318454067878616)	(270, 25.48909241722541)	(275, 27.183490011750877)	(280, 22.75255236054469)	(285, 24.48130400221193)	(290, 20.46420128568466)	(295, 23.05025748254649)	(300, 19.86785442731734)
3918R_R_M_S2_week6_S66_L001_R1_001	(1, 33.940622238836404)	(2, 33.94703663426901)	(3, 33.94042683341263)	(4, 33.963994426697475)	(5, 33.89567049548019)	(6, 37.86507680282743)	(7, 37.86509379460341)	(8, 37.78677020322164)	(9, 37.279659144973834)	(10, 37.47360327601441)	(15, 37.77331101746755)	(20, 37.70521477604839)	(25, 37.64260517909332)	(30, 37.56273703527493)	(35, 37.663843199891254)	(40, 37.35436178889418)	(45, 37.73849316930606)	(50, 37.41594678175763)	(55, 37.53783728675321)	(60, 37.48138550941344)	(65, 37.46894073268538)	(70, 37.457984435533206)	(75, 37.03843879562292)	(80, 37.29176918371508)	(85, 37.31861958811935)	(90, 37.651337252769665)	(95, 37.05689356351526)	(100, 37.08937504247943)	(105, 37.232184122884526)	(110, 37.28731903758582)	(115, 36.99897029837558)	(120, 36.779774689050505)	(125, 36.908404132399916)	(130, 36.659539183035406)	(135, 36.517934819547335)	(140, 36.6719669679875)	(145, 36.37303914905186)	(150, 36.74289234010739)	(155, 36.782009107591925)	(160, 36.55524196288996)	(165, 36.501858900292255)	(170, 36.44029429755998)	(175, 36.78990518589003)	(180, 36.59451335553592)	(185, 36.702987154217354)	(190, 36.51394515054714)	(195, 36.256353225039085)	(200, 36.042673146197245)	(205, 36.37189730170598)	(210, 36.34007510364984)	(215, 35.99466458234214)	(220, 36.08278053422144)	(225, 35.70367871949976)	(230, 35.83470740161762)	(235, 35.53362162713247)	(240, 35.319032488275674)	(245, 34.9909773669544)	(250, 35.398278733093186)	(255, 35.21653639638415)	(260, 35.43808196832733)	(265, 34.865404744103856)	(270, 32.896994154829066)	(275, 34.897468225378915)	(280, 34.23079589478692)	(285, 33.58885169577924)	(290, 32.57414701284578)	(295, 30.613805817984098)	(300, 27.93470485285122)
3918R_R_M_S2_week6_S66_L001_R2_001	(1, 32.660793176102764)	(2, 33.79100115544077)	(3, 33.78683817032556)	(4, 33.59500101950656)	(5, 33.80898695031605)	(6, 37.6919306055869)	(7, 35.99766363080269)	(8, 35.90853326989737)	(9, 37.23285529803575)	(10, 36.88148576089173)	(15, 37.46790933188337)	(20, 37.36359851831713)	(25, 37.15563617209271)	(30, 37.207345544756336)	(35, 36.85042309522191)	(40, 37.09779786583293)	(45, 37.16988547542989)	(50, 36.98239142255149)	(55, 37.025875076462995)	(60, 36.25510432950452)	(65, 36.282906273363686)	(70, 36.50813226398422)	(75, 37.405658261401484)	(80, 36.83778631142527)	(85, 35.98356725344932)	(90, 37.04864575545436)	(95, 36.42671447019643)	(100, 37.109410045537956)	(105, 36.60435499218378)	(110, 36.916514307075374)	(115, 36.80619010398967)	(120, 36.74221096989057)	(125, 35.52122782573234)	(130, 36.95813906069462)	(135, 35.99419730850268)	(140, 36.26914633317474)	(145, 35.45328960782981)	(150, 36.53337694555835)	(155, 35.19650819003603)	(160, 35.73847277917488)	(165, 35.55875076462992)	(170, 35.26577516482023)	(175, 34.817775096853126)	(180, 34.83832664990145)	(185, 35.538754842656154)	(190, 34.413469380819684)	(195, 34.91576836810984)	(200, 34.331312444776735)	(205, 32.37275878474818)	(210, 33.723496227825734)	(215, 31.913253585264734)	(220, 31.68459865425134)	(225, 32.28560286821179)	(230, 32.81361720927071)	(235, 32.39109291103106)	(240, 30.46114660504316)	(245, 29.646475905661656)	(250, 27.754908924080745)	(255, 28.192508325970227)	(260, 23.7036447359478)	(265, 28.8730884252022)	(270, 25.133230816284915)	(275, 26.95636172092707)	(280, 22.41375994018895)	(285, 23.941556786515328)	(290, 20.030411880649766)	(295, 22.582947053626047)	(300, 19.504129001563243)
3918R_R_M_S2_week7_S67_L001_R1_001	(1, 33.9305149556781)	(2, 33.93670896076603)	(3, 33.94105424494762)	(4, 33.96228293330384)	(5, 33.9036610994359)	(6, 37.86530409088754)	(7, 37.87713906489484)	(8, 37.769794744576295)	(9, 37.31278145590721)	(10, 37.499641316542096)	(15, 37.783031270245075)	(20, 37.727561742537965)	(25, 37.670403084361716)	(30, 37.60844407224233)	(35, 37.69087964352868)	(40, 37.43047387299129)	(45, 37.76740562832809)	(50, 37.47371182075308)	(55, 37.59677026877558)	(60, 37.53580988196628)	(65, 37.51866734084409)	(70, 37.510043136821146)	(75, 37.128475042267766)	(80, 37.3725141024223)	(85, 37.39732330494414)	(90, 37.70785469369697)	(95, 37.15864869562469)	(100, 37.19491048714586)	(105, 37.29319607502331)	(110, 37.376601829759664)	(115, 37.09687771580261)	(120, 36.8785358762463)	(125, 37.02801523219619)	(130, 36.781781408504116)	(135, 36.65263166211071)	(140, 36.80920726215494)	(145, 36.52853508619464)	(150, 36.8743407018819)	(155, 36.89954651034178)	(160, 36.71123453473857)	(165, 36.6573119282001)	(170, 36.593245058226806)	(175, 36.9086020825762)	(180, 36.72772133297518)	(185, 36.83350451119503)	(190, 36.67350956752572)	(195, 36.404669205366034)	(200, 36.21387014710761)	(205, 36.51402499723482)	(210, 36.483347290912825)	(215, 36.141416088612196)	(220, 36.24840330557618)	(225, 35.88208004803514)	(230, 36.02065195063757)	(235, 35.80731745856179)	(240, 35.542229841831656)	(245, 35.24789135209443)	(250, 35.6841452430989)	(255, 35.44562390380331)	(260, 35.675127593344605)	(265, 35.134040166226875)	(270, 33.22491822965222)	(275, 35.1728443440201)	(280, 34.53306050215684)	(285, 33.92355618057421)	(290, 32.98576958933115)	(295, 31.034695909112457)	(300, 28.36074549275523)
3918R_R_M_S2_week7_S67_L001_R2_001	(1, 32.77037938281163)	(2, 33.81293946624109)	(3, 33.801981449586805)	(4, 33.63074565076556)	(5, 33.83664891683916)	(6, 37.714617535986854)	(7, 36.179926367184414)	(8, 36.06709908828037)	(9, 37.30476243146302)	(10, 36.9430467552578)	(15, 37.51202142620127)	(20, 37.41959802171062)	(25, 37.23700127988371)	(30, 37.27525242150837)	(35, 36.943636133803146)	(40, 37.17642011787571)	(45, 37.25734353026688)	(50, 37.06643702498143)	(55, 37.09223537219334)	(60, 36.42670848673504)	(65, 36.450666013557296)	(70, 36.6547679618247)	(75, 37.45439189723008)	(80, 36.95594671891542)	(85, 36.171482294942095)	(90, 37.12725046218023)	(95, 36.56552846556165)	(100, 37.17881239433059)	(105, 36.7058132001833)	(110, 36.969831086953086)	(115, 36.9199598653752)	(120, 36.85146712595004)	(125, 35.73727621786465)	(130, 37.04256008342946)	(135, 36.19256403368781)	(140, 36.41680755921437)	(145, 35.72509204101948)	(150, 36.67406892410764)	(155, 35.42695972316589)	(160, 35.923960687028924)	(165, 35.77221862309795)	(170, 35.50626985004819)	(175, 35.13011992984341)	(180, 35.16035836743723)	(185, 35.76288179246923)	(190, 34.735068813500405)	(195, 35.24328693096528)	(200, 34.59946118476148)	(205, 32.815850016591085)	(210, 34.10086747673297)	(215, 32.427811398865494)	(220, 32.159027920426)	(225, 32.75771169434481)	(230, 33.21444530472293)	(235, 32.847344636339216)	(240, 30.998453078831357)	(245, 30.25963784031476)	(250, 28.43541327602825)	(255, 28.73367200214894)	(260, 24.279788898193942)	(265, 29.416940287894825)	(270, 25.623053707712483)	(275, 27.44863874097366)	(280, 23.04014094521782)	(285, 24.650899868851422)	(290, 20.555467947603773)	(295, 23.187275427812978)	(300, 19.94289506533727)
3918R_R_M_S2_week9_S68_L001_R1_001	(1, 33.942843195747685)	(2, 33.94785485708087)	(3, 33.93417584205673)	(4, 33.961273526061724)	(5, 33.885501979714704)	(6, 37.84981287628139)	(7, 37.86957748006726)	(8, 37.798698269783586)	(9, 37.32506373054184)	(10, 37.474155231328304)	(15, 37.7679796062266)	(20, 37.70678309920269)	(25, 37.651713402397355)	(30, 37.5684547377556)	(35, 37.66648587080327)	(40, 37.38070184954169)	(45, 37.747800618321854)	(50, 37.43053859087704)	(55, 37.55783044963931)	(60, 37.500628084829415)	(65, 37.48534360253838)	(70, 37.47656560177903)	(75, 37.06340293974074)	(80, 37.31443510332484)	(85, 37.34079947930792)	(90, 37.67187503389923)	(95, 37.11693442534035)	(100, 37.14930845582253)	(105, 37.23369311710148)	(110, 37.33173943700168)	(115, 37.024216521126)	(120, 36.79506210337907)	(125, 36.94800889515648)	(130, 36.70500623745728)	(135, 36.55673265715681)	(140, 36.7268709659923)	(145, 36.42701307154092)	(150, 36.784492054021804)	(155, 36.80369691381461)	(160, 36.59975267125888)	(165, 36.53207788685795)	(170, 36.48115203124153)	(175, 36.80190269566632)	(180, 36.635504691652656)	(185, 36.726582415794326)	(190, 36.5352866518414)	(195, 36.27103107880892)	(200, 36.06531648315887)	(205, 36.40924011498616)	(210, 36.3626490209904)	(215, 36.02102294299507)	(220, 36.098063676303084)	(225, 35.75658512773228)	(230, 35.85916146878559)	(235, 35.608292021478555)	(240, 35.38716060096545)	(245, 35.087367793024896)	(250, 35.48440201768184)	(255, 35.279724467104195)	(260, 35.4943103541791)	(265, 34.96323479958778)	(270, 32.981966697401965)	(275, 34.994144383576504)	(280, 34.392740684493134)	(285, 33.74494982914791)	(290, 32.84546943645929)	(295, 30.78469165265499)	(300, 28.19381678147204)
3918R_R_M_S2_week9_S68_L001_R2_001	(1, 32.80375332212399)	(2, 33.80375332212399)	(3, 33.80577100395943)	(4, 33.636014535987414)	(5, 33.82638173238596)	(6, 37.721494820198515)	(7, 36.1381678147204)	(8, 36.04444323913869)	(9, 37.28110864023431)	(10, 36.931014807181214)	(15, 37.49034658567012)	(20, 37.41321256169659)	(25, 37.234294082551386)	(30, 37.25862775939686)	(35, 36.9456072029072)	(40, 37.15313120355806)	(45, 37.25333622606715)	(50, 37.038965124477954)	(55, 37.096154471985685)	(60, 36.38403861799642)	(65, 36.443015675001355)	(70, 36.6302760752834)	(75, 37.447461083690406)	(80, 36.94538807832076)	(85, 36.20335629440798)	(90, 37.139111569127294)	(95, 36.5730737104735)	(100, 37.18895915821446)	(105, 36.714281065249224)	(110, 36.983194662906115)	(115, 36.89872105006238)	(120, 36.825676628518735)	(125, 35.726953408906)	(130, 37.03276237999675)	(135, 36.20046428377718)	(140, 36.40793404566904)	(145, 35.691873949124044)	(150, 36.68211097250095)	(155, 35.39440689917014)	(160, 35.92498996582958)	(165, 35.76334110755546)	(170, 35.497347724684055)	(175, 35.040885176547164)	(180, 35.1330628627217)	(185, 35.767814720399194)	(190, 34.745767749633885)	(195, 35.35152573629115)	(200, 34.64675814937354)	(205, 32.92105223192493)	(210, 34.08418723219613)	(215, 32.57729782502576)	(220, 32.26928025166784)	(225, 32.804250149156594)	(230, 33.31571079893693)	(235, 32.8954081466616)	(240, 31.104537614579378)	(245, 30.342370233769053)	(250, 28.609574225741717)	(255, 28.86566578076694)	(260, 24.372906655095733)	(265, 29.466440310245694)	(270, 25.888344090687205)	(275, 27.583852036665398)	(280, 23.327816889949556)	(285, 24.773377447524002)	(290, 20.773355752020393)	(295, 23.451095080544558)	(300, 20.063041709605685)
3924R_L_F_S5_week9_S72_L001_R1_001	(1, 33.94015842808113)	(2, 33.956708794873045)	(3, 33.934587420094665)	(4, 33.96599651913662)	(5, 33.87928398314872)	(6, 37.86227004342946)	(7, 37.88680687714504)	(8, 37.77555750744157)	(9, 37.25517656435531)	(10, 37.467621464239826)	(15, 37.76464809121814)	(20, 37.68423852047041)	(25, 37.620707883992914)	(30, 37.540719595308964)	(35, 37.6443240781405)	(40, 37.38223946388197)	(45, 37.73198978512988)	(50, 37.378885473088374)	(55, 37.51218464841653)	(60, 37.45665837115113)	(65, 37.43823582036142)	(70, 37.42260771970917)	(75, 36.956821028318615)	(80, 37.264096683420355)	(85, 37.25840368255827)	(90, 37.64733811545406)	(95, 37.016405601912844)	(100, 37.07109419476569)	(105, 37.15820849395728)	(110, 37.25887538834399)	(115, 36.89962751508646)	(120, 36.602130808894096)	(125, 36.878628474763744)	(130, 36.496471966037184)	(135, 36.431483921338994)	(140, 36.625678687031346)	(145, 36.27495730249353)	(150, 36.69298459636624)	(155, 36.70777013289091)	(160, 36.494116690251964)	(165, 36.52005725532295)	(170, 36.41505392085103)	(175, 36.7600400136632)	(180, 36.54508206054099)	(185, 36.63639291465378)	(190, 36.449504708925005)	(195, 36.162860488947445)	(200, 36.001815253989164)	(205, 36.32485401519218)	(210, 36.32674897119342)	(215, 35.905870297174644)	(220, 36.040124270075964)	(225, 35.59757640820443)	(230, 35.6891345012118)	(235, 35.39204118479481)	(240, 35.137838936872754)	(245, 34.8615039281706)	(250, 35.43629369378162)	(255, 35.05245856308659)	(260, 35.37343808454919)	(265, 34.704074562045584)	(270, 32.80725613624164)	(275, 34.93585289285772)	(280, 34.01463589193058)	(285, 33.50643959726085)	(290, 32.52455635257568)	(295, 30.509699246897316)	(300, 28.149038696140146)
3924R_L_F_S5_week9_S72_L001_R2_001	(1, 32.66251890889572)	(2, 33.790538232567215)	(3, 33.7866995234145)	(4, 33.593357081279784)	(5, 33.811496608598056)	(6, 37.69235836627141)	(7, 35.85727646838758)	(8, 35.74124497795995)	(9, 37.21648855706827)	(10, 36.83353990793604)	(15, 37.4535646318255)	(20, 37.34180614518779)	(25, 37.13952894484295)	(30, 37.17935555230241)	(35, 36.811968314383776)	(40, 37.075929992355114)	(45, 37.144738853917595)	(50, 36.92873013549341)	(55, 36.96567120480164)	(60, 36.073577969713234)	(65, 36.13734120594024)	(70, 36.418663283397585)	(75, 37.401987670586706)	(80, 36.82108524862148)	(85, 35.879171749703154)	(90, 37.00823533238992)	(95, 36.27655459587827)	(100, 37.05931618926788)	(105, 36.58515753346671)	(110, 36.90261064753818)	(115, 36.77139673709722)	(120, 36.76706192358366)	(125, 35.51845833536655)	(130, 36.954111159908265)	(135, 35.9522633744856)	(140, 36.117996389010884)	(145, 35.29192732477757)	(150, 36.4686266855349)	(155, 34.94732510288066)	(160, 35.744729094487546)	(165, 35.51106068738919)	(170, 35.23572276712373)	(175, 34.81472860651605)	(180, 34.852061679597924)	(185, 35.58035426731079)	(190, 34.33398558857496)	(195, 34.840563444428184)	(200, 34.25163226467575)	(205, 32.21950096781015)	(210, 33.775201288244766)	(215, 31.72247108768848)	(220, 31.696314188584715)	(225, 32.30958701345175)	(230, 32.90684949332292)	(235, 32.35210722360481)	(240, 30.515738707526147)	(245, 29.76008393109842)	(250, 27.824270075960897)	(255, 28.28693374973568)	(260, 23.66957985653638)	(265, 28.92976463507864)	(270, 25.14028855381512)	(275, 26.966364124335136)	(280, 22.41495307340718)	(285, 24.088267538509086)	(290, 20.138112200914133)	(295, 22.67343971112087)	(300, 19.651055645016996)
3929R_0_F_S5_week9_S73_L001_R1_001	(1, 33.95598395823211)	(2, 33.94895950853557)	(3, 33.936022333303136)	(4, 33.96230843345713)	(5, 33.858506336827716)	(6, 37.853911210297035)	(7, 37.83855294689253)	(8, 37.73063335337182)	(9, 37.21998138891405)	(10, 37.39691187733153)	(15, 37.74357382260176)	(20, 37.64405227574053)	(25, 37.546424777449296)	(30, 37.47633180436949)	(35, 37.575467953521695)	(40, 37.32937339932308)	(45, 37.6786606606112)	(50, 37.28516630569944)	(55, 37.43182495697216)	(60, 37.398101010433734)	(65, 37.31649057504961)	(70, 37.2942050348752)	(75, 36.845691039503265)	(80, 37.20975517363484)	(85, 37.1514810636318)	(90, 37.57968591733713)	(95, 36.84028723658314)	(100, 36.91381584906903)	(105, 37.023420322317655)	(110, 37.117883935997625)	(115, 36.78066588159726)	(120, 36.438460714962154)	(125, 36.7378455609266)	(130, 36.31430336070096)	(135, 36.18962720183146)	(140, 36.398328296262136)	(145, 36.03292679914027)	(150, 36.508799090856684)	(155, 36.54661912330256)	(160, 36.290514110661846)	(165, 36.27672873106981)	(170, 36.173909892698035)	(175, 36.57171609035435)	(180, 36.32176261806922)	(185, 36.452328444492025)	(190, 36.25756590053774)	(195, 35.99420091737831)	(200, 35.764405062874175)	(205, 36.06239490089185)	(210, 36.115943771462454)	(215, 35.68444327324533)	(220, 35.823840307000566)	(225, 35.43074946678415)	(230, 35.44111238296015)	(235, 35.06314428532606)	(240, 34.96646216432107)	(245, 34.672260423443376)	(250, 35.150741561190124)	(255, 34.734027817809)	(260, 35.123155979017234)	(265, 34.31459158548335)	(270, 32.387772681231624)	(275, 34.57099964589527)	(280, 33.46685662052325)	(285, 32.72021938023437)	(290, 31.363113815849072)	(295, 29.61038762115735)	(300, 26.737003121062642)
3929R_0_F_S5_week9_S73_L001_R2_001	(1, 32.63214282773217)	(2, 33.057859066316404)	(3, 33.27998155361393)	(4, 33.49449490665634)	(5, 33.2775357604605)	(6, 37.03410934424745)	(7, 35.129643507119155)	(8, 34.99415315441437)	(9, 35.98077952451146)	(10, 36.679757561783035)	(15, 37.233000914084315)	(20, 37.053594986535785)	(25, 36.79650671563743)	(30, 36.96001910518557)	(35, 36.444740721220754)	(40, 36.81923529847735)	(45, 36.86780035081074)	(50, 36.64708275345252)	(55, 36.61508815560844)	(60, 35.73034842258694)	(65, 35.67227359943344)	(70, 36.034918020636894)	(75, 37.14132896329663)	(80, 36.438464008959684)	(85, 35.32416394225622)	(90, 36.656100071644445)	(95, 35.739759373481675)	(100, 36.69418691788888)	(105, 36.15448848336119)	(110, 36.618000049409964)	(115, 36.39682293939869)	(120, 36.370915648958686)	(125, 34.67484950548863)	(130, 36.614878986766364)	(135, 35.318452150568625)	(140, 35.57253794273386)	(145, 34.59369034776379)	(150, 35.96842373984008)	(155, 34.35977864336712)	(160, 35.001938517536416)	(165, 34.76628593545412)	(170, 34.32086335674816)	(175, 33.96936252913129)	(180, 33.82086088625003)	(185, 34.75952006456235)	(190, 33.46894830894403)	(195, 33.92627210066456)	(200, 33.39208946497246)	(205, 30.709479301343123)	(210, 32.68297744435203)	(215, 30.10011776041109)	(220, 30.225899055446213)	(225, 31.093707641250727)	(230, 31.635046486539903)	(235, 31.218914133719828)	(240, 28.8674001301129)	(245, 28.029003648102247)	(250, 25.927235594937127)	(255, 26.897927252064925)	(260, 22.15831116747507)	(265, 27.238205430154903)	(270, 23.519721986609902)	(275, 25.790477053189825)	(280, 20.787153409699176)	(285, 22.363461332586695)	(290, 18.873029571862673)	(295, 21.124544398968975)	(300, 18.47815667899171)
3969R_0_F_S2_week5_S47_L001_R1_001	(1, 33.95360540858765)	(2, 33.96258806996221)	(3, 33.94550582068861)	(4, 33.953377518658485)	(5, 33.864908749074196)	(6, 37.81338663425566)	(7, 37.80240993600091)	(8, 37.72210722221167)	(9, 37.17902653018592)	(10, 37.37417247469473)	(15, 37.747854986041744)	(20, 37.62903317697552)	(25, 37.55005792202367)	(30, 37.464166207721675)	(35, 37.56210570294547)	(40, 37.19517443074995)	(45, 37.65398902330175)	(50, 37.27599749321078)	(55, 37.42642573636933)	(60, 37.370528134910835)	(65, 37.35695728962911)	(70, 37.29993543118674)	(75, 36.8500731146856)	(80, 37.18684885200447)	(85, 37.178969557703624)	(90, 37.57821752093739)	(95, 36.90877945952106)	(100, 36.99397231137361)	(105, 37.045065233492224)	(110, 37.132274911217884)	(115, 36.79138765976033)	(120, 36.47686537402434)	(125, 36.729124332947194)	(130, 36.49848453197106)	(135, 36.26119604231157)	(140, 36.4441023985415)	(145, 36.096581651062536)	(150, 36.597899614486195)	(155, 36.59936570636383)	(160, 36.30036272480392)	(165, 36.36002620734185)	(170, 36.24932297700211)	(175, 36.62054997436238)	(180, 36.36740984104678)	(185, 36.518928157699825)	(190, 36.20251058738629)	(195, 36.00189908274304)	(200, 35.81845148793133)	(205, 36.20713865203107)	(210, 36.180756594564826)	(215, 35.76173348272785)	(220, 35.81382342328656)	(225, 35.41342081774503)	(230, 35.55892284026815)	(235, 35.109360578840416)	(240, 34.949643921985675)	(245, 34.76853219894791)	(250, 35.07242531857113)	(255, 34.91301061587253)	(260, 35.220996258807)	(265, 34.63117344322692)	(270, 32.31143057903033)	(275, 34.46044020737984)	(280, 33.78438574168676)	(285, 33.056169170290744)	(290, 31.853434491140785)	(295, 29.79844275215071)	(300, 26.490779953282566)
3969R_0_F_S2_week5_S47_L001_R2_001	(1, 33.33542548948858)	(2, 33.728659057675145)	(3, 33.48588031980553)	(4, 33.72947566325465)	(5, 33.42457792886036)	(6, 37.6362781776402)	(7, 35.61486601971248)	(8, 35.12223446075546)	(9, 36.887982604402076)	(10, 36.914678010520916)	(15, 37.22551227756993)	(20, 37.13127789277779)	(25, 36.87872647511252)	(30, 36.94798222458552)	(35, 36.49477562337391)	(40, 36.817971019997344)	(45, 36.916793588696656)	(50, 36.6782706952542)	(55, 36.74241791214844)	(60, 35.998241449379954)	(65, 35.991117990010835)	(70, 36.263887042558444)	(75, 37.20617391799761)	(80, 36.57977286970394)	(85, 35.66294129935242)	(90, 36.8238999563211)	(95, 36.153206601211615)	(100, 36.813899386596276)	(105, 36.301663596482896)	(110, 36.63782593007577)	(115, 36.51817612093359)	(120, 36.48414455817839)	(125, 35.1166758455666)	(130, 36.65512087661659)	(135, 35.667415538295)	(140, 35.97780541998215)	(145, 35.159627399965814)	(150, 36.21061967069905)	(155, 35.02998461742978)	(160, 35.42707902083294)	(165, 35.28580435649581)	(170, 35.027077121750196)	(175, 34.492815769983096)	(180, 34.57659380519209)	(185, 34.994158421482425)	(190, 34.008262909014945)	(195, 34.74139620563268)	(200, 33.92422280038741)	(205, 31.84072772850713)	(210, 33.33469624171525)	(215, 31.346197086807074)	(220, 31.255436124351938)	(225, 31.723719543460504)	(230, 31.975023263763603)	(235, 31.77359515354084)	(240, 29.681867557969497)	(245, 28.82190402035817)	(250, 27.149888903659537)	(255, 27.537617030974037)	(260, 22.910027156883224)	(265, 28.29501300871679)	(270, 24.40177754144748)	(275, 26.257770097043124)	(280, 21.79809142184325)	(285, 23.179924796323377)	(290, 19.50600869779896)	(295, 21.882957631464002)	(300, 19.010221812864387)
3969R_0_F_S2_week6_S48_L001_R1_001	(1, 33.93953637633556)	(2, 33.95763015819081)	(3, 33.935345641257975)	(4, 33.96823913618001)	(5, 33.87357949182618)	(6, 37.85603314833692)	(7, 37.88056405028882)	(8, 37.77156718390154)	(9, 37.258268207044964)	(10, 37.45541775210481)	(15, 37.76096386906785)	(20, 37.67958243666705)	(25, 37.59915241439197)	(30, 37.528855665043224)	(35, 37.6485105901008)	(40, 37.25610488164005)	(45, 37.71310076641372)	(50, 37.3597821572847)	(55, 37.5015498168913)	(60, 37.43600256729716)	(65, 37.43396005587647)	(70, 37.401512062521235)	(75, 36.9308302185978)	(80, 37.22865556688187)	(85, 37.26562653377128)	(90, 37.620021142447236)	(95, 37.01220032468758)	(100, 37.03519839921471)	(105, 37.135760939328726)	(110, 37.21395779061426)	(115, 36.86281949635671)	(120, 36.64560916676105)	(125, 36.80211802016083)	(130, 36.60883452259599)	(135, 36.41117906897723)	(140, 36.61073167969193)	(145, 36.24859742515196)	(150, 36.670019254728736)	(155, 36.67599954694756)	(160, 36.44008759013856)	(165, 36.44030656548496)	(170, 36.401289311737834)	(175, 36.74295692226376)	(180, 36.517587873296335)	(185, 36.6180711292332)	(190, 36.35720919696455)	(195, 36.105151583795816)	(200, 35.96149998112281)	(205, 36.32645259938838)	(210, 36.27129724015555)	(215, 35.94088798278401)	(220, 36.022339260769435)	(225, 35.58144750254842)	(230, 35.68689923358629)	(235, 35.34869181107713)	(240, 35.12543511911504)	(245, 34.888347113678414)	(250, 35.305648053762226)	(255, 35.114903537584475)	(260, 35.38973081134141)	(265, 34.86062596745573)	(270, 32.806242685090794)	(275, 34.82886132819874)	(280, 34.10030581039755)	(285, 33.536232868954585)	(290, 32.55264846906029)	(295, 30.615105523464344)	(300, 27.95406708951561)
3969R_0_F_S2_week6_S48_L001_R2_001	(1, 33.3548061313097)	(2, 33.74306263449994)	(3, 33.482887831766526)	(4, 33.72338316910182)	(5, 33.45555366783705)	(6, 37.64189036130932)	(7, 35.440055498924)	(8, 34.992996564352325)	(9, 36.883952505002455)	(10, 36.90973873975913)	(15, 37.224663042247144)	(20, 37.1275663533054)	(25, 36.84622833843017)	(30, 36.90100426624382)	(35, 36.510144599237364)	(40, 36.76565484954884)	(45, 36.858309736852036)	(50, 36.653799977347376)	(55, 36.69481821270812)	(60, 35.83243855476271)	(65, 35.881913769018766)	(70, 36.13385056820327)	(75, 37.18701249669649)	(80, 36.512306036923775)	(85, 35.550268056027484)	(90, 36.77028353531922)	(95, 36.02351719711557)	(100, 36.76737644882395)	(105, 36.26918299543172)	(110, 36.62434779325707)	(115, 36.495422282629214)	(120, 36.44681353116623)	(125, 35.136870917808736)	(130, 36.60253331823158)	(135, 35.6086740665232)	(140, 35.865773775814546)	(145, 34.91207951070336)	(150, 36.12560312606184)	(155, 34.7375108543814)	(160, 35.40638426397855)	(165, 35.165785102125575)	(170, 34.83802431381433)	(175, 34.35185373957036)	(180, 34.479259636802965)	(185, 35.11308000151018)	(190, 33.88133612715672)	(195, 34.50669951296862)	(200, 33.866530750934416)	(205, 31.883439045569524)	(210, 33.28778079812738)	(215, 31.400319024427073)	(220, 31.177477630535737)	(225, 31.69175255785857)	(230, 32.258083210631625)	(235, 31.783861894514292)	(240, 29.909079926001436)	(245, 29.127734360252198)	(250, 27.143143806395585)	(255, 27.614775172726247)	(260, 23.03348435081361)	(265, 28.533631592856874)	(270, 24.518745044738928)	(275, 26.333389964888433)	(280, 21.795110809076153)	(285, 23.40775474761204)	(290, 19.668552497451582)	(295, 22.064865783214408)	(300, 19.171862611847324)
3969R_0_F_S2_week7_S49_L001_R1_001	(1, 33.95499988749972)	(2, 33.95056737641844)	(3, 33.93792234480586)	(4, 33.96300240750602)	(5, 33.85356963392408)	(6, 37.86117465293663)	(7, 37.8488671221678)	(8, 37.74693436733592)	(9, 37.24447061117653)	(10, 37.41073552683881)	(15, 37.74836387090968)	(20, 37.65199312998282)	(25, 37.570169425423565)	(30, 37.493990234975584)	(35, 37.61318653296633)	(40, 37.24331110827777)	(45, 37.693247733119335)	(50, 37.322406306015765)	(55, 37.471049177622945)	(60, 37.41262253155632)	(65, 37.418058545146366)	(70, 37.370332925832315)	(75, 36.896777241943106)	(80, 37.21959154897887)	(85, 37.23306758266895)	(90, 37.617830544576364)	(95, 36.96812042030105)	(100, 37.060855152137876)	(105, 37.10365625914064)	(110, 37.21422603556509)	(115, 36.8313050782627)	(120, 36.52795781989455)	(125, 36.76279540698852)	(130, 36.524975812439536)	(135, 36.345651864129664)	(140, 36.54490036225091)	(145, 36.15665139162847)	(150, 36.648783121957806)	(155, 36.633711084277714)	(160, 36.37767544418861)	(165, 36.44206460516152)	(170, 36.33379433448583)	(175, 36.698622246555615)	(180, 36.45490613726535)	(185, 36.59081247703119)	(190, 36.30820877052193)	(195, 36.040719101797755)	(200, 35.8974072435181)	(205, 36.29448373620934)	(210, 36.27816219540549)	(215, 35.81524903812259)	(220, 35.923826809567025)	(225, 35.47306218265546)	(230, 35.58703996759992)	(235, 35.299732249330624)	(240, 34.86034965087413)	(245, 34.93002932507331)	(250, 35.37211493028733)	(255, 35.09765174412936)	(260, 35.445454613636535)	(265, 34.82564706411766)	(270, 32.71915129787824)	(275, 34.78506746266866)	(280, 34.05123862809657)	(285, 33.395525488813725)	(290, 32.45521063802659)	(295, 30.52170730426826)	(300, 27.446419866049666)
3969R_0_F_S2_week7_S49_L001_R2_001	(1, 33.380453451133626)	(2, 33.40729601824005)	(3, 33.455318638296596)	(4, 33.615391538478846)	(5, 33.53348383370958)	(6, 37.28609571523929)	(7, 35.67856419641049)	(8, 35.41499103747759)	(9, 37.117487793719484)	(10, 36.684831212078024)	(15, 37.397878994697486)	(20, 37.25476663691659)	(25, 37.03226358065895)	(30, 37.09627774069435)	(35, 36.70459526148816)	(40, 37.016470041175104)	(45, 37.09432923582308)	(50, 36.8319230798077)	(55, 36.92295980739952)	(60, 36.0406366015915)	(65, 36.1434393585984)	(70, 36.37545393863485)	(75, 37.33914184785461)	(80, 36.73050182625457)	(85, 35.80085650214126)	(90, 36.971627429068576)	(95, 36.28305970764927)	(100, 37.00886952217381)	(105, 36.47241568103921)	(110, 36.86946517366293)	(115, 36.697732744331866)	(120, 36.71677829194573)	(125, 35.37829494573736)	(130, 36.87668169170423)	(135, 35.78603646509116)	(140, 36.02906707266768)	(145, 35.257099142747855)	(150, 36.408314520786305)	(155, 35.04206910517276)	(160, 35.688437221093054)	(165, 35.453070132675336)	(170, 35.19850299625749)	(175, 34.65191062977657)	(180, 34.82631156577891)	(185, 35.42414406036015)	(190, 34.13031282578207)	(195, 34.925878814697036)	(200, 34.19287498218746)	(205, 32.13865734664337)	(210, 33.599981999955006)	(215, 31.597565493913738)	(220, 31.599909999774997)	(225, 32.081997704994265)	(230, 32.563590408976026)	(235, 32.09392723481808)	(240, 30.157654894137238)	(245, 29.336344340860855)	(250, 27.41893754734387)	(255, 28.032602581506456)	(260, 23.114060285150714)	(265, 28.663534158835397)	(270, 24.887199717999295)	(275, 26.73212183030457)	(280, 22.134937337343345)	(285, 23.755773889434725)	(290, 19.885099712749284)	(295, 22.294228735571842)	(300, 19.316133290333227)
3969R_0_F_S2_week9_S50_L001_R1_001	(1, 33.94009392904626)	(2, 33.945354720843255)	(3, 33.93781744095957)	(4, 33.96614919605536)	(5, 33.88998249591093)	(6, 37.86689240246014)	(7, 37.86722718011995)	(8, 37.79181612097908)	(9, 37.24743895090246)	(10, 37.45848278764575)	(15, 37.77651965144863)	(20, 37.714648913885625)	(25, 37.654205285661)	(30, 37.568077515375855)	(35, 37.680568548117115)	(40, 37.31271485551953)	(45, 37.73861899432791)	(50, 37.44019244932902)	(55, 37.54986561068228)	(60, 37.48763140023148)	(65, 37.48850182214697)	(70, 37.4770868604551)	(75, 37.025812314078834)	(80, 37.29125082498781)	(85, 37.31755478397276)	(90, 37.658507656843334)	(95, 37.14299406008781)	(100, 37.15095411633045)	(105, 37.206904071852854)	(110, 37.32897548471023)	(115, 36.95003204300458)	(120, 36.75808392397678)	(125, 36.85808296746918)	(130, 36.671062775593754)	(135, 36.586306637206235)	(140, 36.75993189665892)	(145, 36.43320994385301)	(150, 36.78779113700058)	(155, 36.780491071001556)	(160, 36.58001855624743)	(165, 36.592523936602674)	(170, 36.53098223765387)	(175, 36.85794523037485)	(180, 36.667487350186995)	(185, 36.76645910451758)	(190, 36.553066085110046)	(195, 36.23205256965767)	(200, 36.12475154715105)	(205, 36.469670100528944)	(210, 36.385824557376104)	(215, 36.03588051307067)	(220, 36.192705673046575)	(225, 35.73954106765378)	(230, 35.80483610242284)	(235, 35.60805188097219)	(240, 35.020461610567494)	(245, 35.07675590882569)	(250, 35.60669937922657)	(255, 35.263735927381944)	(260, 35.57663825839096)	(265, 35.1208069098109)	(270, 33.19406582685299)	(275, 35.10576104527151)	(280, 34.236867628913316)	(285, 33.776150439515234)	(290, 33.03695180158206)	(295, 31.107668321424814)	(300, 28.903311429309305)
3969R_0_F_S2_week9_S50_L001_R2_001	(1, 33.40430619721273)	(2, 33.40831396405444)	(3, 33.46266272585536)	(4, 33.61755956651076)	(5, 33.547017131051106)	(6, 37.27170554870059)	(7, 35.773718997197435)	(8, 35.522874879240916)	(9, 37.17598783322334)	(10, 36.72410686102901)	(15, 37.41252833653764)	(20, 37.34958439744804)	(25, 37.13419419017284)	(30, 37.13484078931007)	(35, 36.858243660745885)	(40, 37.047702946999905)	(45, 37.14592288635733)	(50, 36.90490401446239)	(55, 36.977099295053904)	(60, 36.11428544099783)	(65, 36.22652012970243)	(70, 36.429887036452506)	(75, 37.369288453996774)	(80, 36.761251877146165)	(85, 35.91664418873808)	(90, 37.0197595339895)	(95, 36.40707050417516)	(100, 37.06423713736406)	(105, 36.52082221393249)	(110, 36.89587649573876)	(115, 36.76803925507188)	(120, 36.71711861650741)	(125, 35.693670789214416)	(130, 36.92895444154304)	(135, 36.04591045175854)	(140, 36.166508842912755)	(145, 35.41107253197127)	(150, 36.473794561297794)	(155, 35.02091116913924)	(160, 35.82384573445436)	(165, 35.591180999933044)	(170, 35.3197566644667)	(175, 34.86457191502386)	(180, 34.96557720451089)	(185, 35.67319770055573)	(190, 34.42974356031259)	(195, 35.02212593379055)	(200, 34.351348197461434)	(205, 32.68254660583279)	(210, 33.8715046821047)	(215, 32.258457918448165)	(220, 32.06368427597157)	(225, 32.47772006848594)	(230, 33.23062737333448)	(235, 32.52216515060212)	(240, 30.908372311018013)	(245, 30.212983634154973)	(250, 28.11999005232097)	(255, 28.399317053573988)	(260, 23.90301012941548)	(265, 29.42349182664256)	(270, 25.58865581987049)	(275, 27.181723052789653)	(280, 22.726561259529205)	(285, 24.248598238113004)	(290, 20.439635761906125)	(295, 22.782423216352452)	(300, 19.62893244186825)
3971R_L_F_NS1_week5_S9_L001_R1_001	(1, 33.95498053702281)	(2, 33.949810548847324)	(3, 33.9394360483683)	(4, 33.957725205202784)	(5, 33.85519717592633)	(6, 37.85597396880745)	(7, 37.84319141039694)	(8, 37.73687435806699)	(9, 37.220583285143405)	(10, 37.41056438318329)	(15, 37.74339769206203)	(20, 37.667423895875224)	(25, 37.59966684216431)	(30, 37.50001985137363)	(35, 37.54042171222412)	(40, 37.26920534088261)	(45, 37.63545973192014)	(50, 37.327613260717584)	(55, 37.45583241988244)	(60, 37.37866408886511)	(65, 37.42142912628062)	(70, 37.37088925522825)	(75, 36.91015958778191)	(80, 37.164093180621606)	(85, 37.19246165664028)	(90, 37.559869153554686)	(95, 37.00492659307273)	(100, 37.07056731773419)	(105, 37.06727544212462)	(110, 37.09266793830538)	(115, 36.83123225244042)	(120, 36.49705940739334)	(125, 36.70536246018936)	(130, 36.567657796842774)	(135, 36.460841870862495)	(140, 36.56263108379869)	(145, 36.08670389518475)	(150, 36.503334167666424)	(155, 36.53848145622772)	(160, 36.343501264446196)	(165, 36.38594177505804)	(170, 36.36208387636909)	(175, 36.611282485046736)	(180, 36.40719310207921)	(185, 36.49701797843968)	(190, 36.19042300687893)	(195, 35.910843165517306)	(200, 35.80017607305306)	(205, 36.143946625698035)	(210, 36.08387982151025)	(215, 35.71453034239304)	(220, 35.8236214084118)	(225, 35.229077946850104)	(230, 35.478002088709744)	(235, 35.18730375190961)	(240, 34.9977179551359)	(245, 34.47787780184877)	(250, 35.04134609575267)	(255, 34.7632611491356)	(260, 35.15756812042016)	(265, 34.541926964207114)	(270, 32.6849448908606)	(275, 34.659638704999956)	(280, 33.794300066458945)	(285, 33.26098341978751)	(290, 32.47396967055351)	(295, 30.39725705802643)	(300, 28.441080259966682)
3971R_L_F_NS1_week5_S9_L001_R2_001	(1, 31.261597949266793)	(2, 32.56000725006689)	(3, 33.276011772727664)	(4, 33.63283589818835)	(5, 33.18388413702626)	(6, 37.44275468017711)	(7, 35.12723004289623)	(8, 34.44272878708107)	(9, 35.539698431741485)	(10, 36.635043716177144)	(15, 37.157678597629925)	(20, 37.10148712681575)	(25, 36.82654732826404)	(30, 36.84011185817488)	(35, 36.52213946021526)	(40, 36.70436816530152)	(45, 36.68611180638869)	(50, 36.620843942310174)	(55, 36.77936147625171)	(60, 36.053144716513756)	(65, 35.94354269339985)	(70, 36.06764830270755)	(75, 37.161724825437375)	(80, 36.41704456201828)	(85, 35.51435599554639)	(90, 36.74229464617084)	(95, 36.07818506658841)	(100, 36.779644574101724)	(105, 36.20819775420547)	(110, 36.61886398356652)	(115, 36.51973485469657)	(120, 36.41435513244319)	(125, 35.18141048325148)	(130, 36.5948887028422)	(135, 35.473400022440686)	(140, 36.03674230327721)	(145, 35.02018625767083)	(150, 36.13631161477978)	(155, 34.598674273482885)	(160, 35.3799742795246)	(165, 35.14543461561699)	(170, 35.116869352068434)	(175, 34.39084937986035)	(180, 34.60652678640785)	(185, 35.122871371729914)	(190, 33.75678442271343)	(195, 34.35838288984214)	(200, 34.029754619759885)	(205, 32.328169099179185)	(210, 33.53427986984404)	(215, 31.31425414936864)	(220, 31.088386946427185)	(225, 31.89007690249523)	(230, 32.46531792406417)	(235, 31.807172387602385)	(240, 30.104711680375623)	(245, 29.410888909986966)	(250, 27.393996254132105)	(255, 28.14759582603292)	(260, 23.63279792164749)	(265, 29.160231656899214)	(270, 24.985991835043716)	(275, 26.826856319210087)	(280, 22.475483553568502)	(285, 24.092407281138605)	(290, 20.289417491649477)	(295, 22.5489629815037)	(300, 19.590375536202863)
3971R_L_F_NS1_week6_S10_L001_R1_001	(1, 33.94286937277438)	(2, 33.94712252165281)	(3, 33.9440988697735)	(4, 33.9663573191501)	(5, 33.896130272037595)	(6, 37.87136729173687)	(7, 37.86861686141292)	(8, 37.785074817169246)	(9, 37.279842624384116)	(10, 37.477751568747095)	(15, 37.772322656442114)	(20, 37.70180053004982)	(25, 37.65020355005875)	(30, 37.56643564266263)	(35, 37.61614375096765)	(40, 37.396888917222974)	(45, 37.691873480205096)	(50, 37.41157184360799)	(55, 37.538333894955414)	(60, 37.46845110700268)	(65, 37.5008715767616)	(70, 37.4605404322365)	(75, 37.04932559812752)	(80, 37.289317947923976)	(85, 37.33206983542955)	(90, 37.65952222657353)	(95, 37.12469649638892)	(100, 37.20954271819018)	(105, 37.22131492427209)	(110, 37.248026885001046)	(115, 37.02516916967969)	(120, 36.68956384732379)	(125, 36.87681532955074)	(130, 36.73810985328002)	(135, 36.64204697589275)	(140, 36.71963461170664)	(145, 36.305902496334284)	(150, 36.75436835730094)	(155, 36.77136455952132)	(160, 36.559253558710765)	(165, 36.59616943379386)	(170, 36.52816458866495)	(175, 36.813779473775284)	(180, 36.60981229679147)	(185, 36.68531069844538)	(190, 36.433617180171396)	(195, 36.202089234159985)	(200, 36.0596588373512)	(205, 36.38181073032122)	(210, 36.33223741131684)	(215, 35.954643400333325)	(220, 36.07532353985847)	(225, 35.52305352410269)	(230, 35.776533911348714)	(235, 35.493500059198006)	(240, 35.346273713354165)	(245, 34.80325862241692)	(250, 35.43305798672144)	(255, 35.09680239706378)	(260, 35.471942878480164)	(265, 34.90233422282129)	(270, 33.04838935893116)	(275, 34.94870356371982)	(280, 34.12486042932214)	(285, 33.52026119980693)	(290, 32.631415014435206)	(295, 30.5874482017468)	(300, 28.35284287028351)
3971R_L_F_NS1_week6_S10_L001_R2_001	(1, 31.245744574275278)	(2, 32.60760830957824)	(3, 33.28822141874846)	(4, 33.645977723335854)	(5, 33.2305989927232)	(6, 37.47587909035437)	(7, 35.34351235416799)	(8, 34.672252529576234)	(9, 35.67533993315179)	(10, 36.70827770238886)	(15, 37.187065691569295)	(20, 37.137446835639025)	(25, 36.894758699829694)	(30, 36.91548710849628)	(35, 36.55235198222238)	(40, 36.80736787460952)	(45, 36.82938224606333)	(50, 36.69141993242321)	(55, 36.82965182466462)	(60, 36.133479658655205)	(65, 36.06823799418949)	(70, 36.23401426216519)	(75, 37.18509121046256)	(80, 36.50689520131875)	(85, 35.66914144679921)	(90, 36.7880602180308)	(95, 36.197837906758586)	(100, 36.8425387746924)	(105, 36.275824446043295)	(110, 36.629325780275224)	(115, 36.54515714793125)	(120, 36.47606670248904)	(125, 35.24591761459367)	(130, 36.65628910483511)	(135, 35.616551761823665)	(140, 36.07638363949327)	(145, 35.214110982595784)	(150, 36.21639511479859)	(155, 34.748288266955676)	(160, 35.409435251045075)	(165, 35.25621442427664)	(170, 35.15893662170654)	(175, 34.491554721723844)	(180, 34.67132721924209)	(185, 35.10669301736779)	(190, 33.91399896175809)	(195, 34.54015537199115)	(200, 34.049516853216275)	(205, 32.25421808544549)	(210, 33.4992049252739)	(215, 31.346776441016022)	(220, 31.164424732015192)	(225, 31.95434467809947)	(230, 32.40585422719283)	(235, 31.87425615431554)	(240, 29.990577499294176)	(245, 29.274352692598427)	(250, 27.39404194861613)	(255, 27.95783280662289)	(260, 23.435892204989024)	(265, 28.935995118441546)	(270, 25.06236373074926)	(275, 26.667407400661197)	(280, 22.200367938361218)	(285, 23.70196628446007)	(290, 20.032154534111715)	(295, 22.29793535578)	(300, 19.39187712315917)
3971R_L_F_NS1_week7_S11_L001_R1_001	(1, 33.92601325709659)	(2, 33.932925163183725)	(3, 33.9327328846835)	(4, 33.96338612558822)	(5, 33.90118909072509)	(6, 37.85980873349188)	(7, 37.869756615898396)	(8, 37.76630066285483)	(9, 37.29103880989728)	(10, 37.490117897080395)	(15, 37.779365480949245)	(20, 37.71981986540504)	(25, 37.68070839447453)	(30, 37.60704144107676)	(35, 37.641230582401455)	(40, 37.43289783939686)	(45, 37.713359307797404)	(50, 37.466425137883924)	(55, 37.58525932297728)	(60, 37.51274199261246)	(65, 37.536060314729546)	(70, 37.50520872337196)	(75, 37.122196022871016)	(80, 37.345073116429695)	(85, 37.37374892475839)	(90, 37.694348024085414)	(95, 37.20162728330719)	(100, 37.26802408541213)	(105, 37.26879117542883)	(110, 37.30934372311896)	(115, 37.09174113241917)	(120, 36.77852552750089)	(125, 36.93821180994788)	(130, 36.801287253959416)	(135, 36.74035925719779)	(140, 36.81527703283915)	(145, 36.423142235490566)	(150, 36.84438192582098)	(155, 36.87023225218844)	(160, 36.67181500784294)	(165, 36.69268026109396)	(170, 36.62399838081263)	(175, 36.90101098011435)	(180, 36.719763193847086)	(185, 36.79594798360573)	(190, 36.5825998077215)	(195, 36.34570257551991)	(200, 36.21968931842332)	(205, 36.51257804989121)	(210, 36.44286191367708)	(215, 36.08644638971816)	(220, 36.202884177503414)	(225, 35.67028082780954)	(230, 35.92493852147953)	(235, 35.731210848555385)	(240, 35.503925517380964)	(245, 34.966104336386174)	(250, 35.629244547892526)	(255, 35.275389363962965)	(260, 35.62977078378788)	(265, 35.087757931488134)	(270, 33.30675707129485)	(275, 35.165361534180036)	(280, 34.32586145828063)	(285, 33.76798461771998)	(290, 32.92279512219805)	(295, 30.917293933107324)	(300, 28.760087031321156)
3971R_L_F_NS1_week7_S11_L001_R2_001	(1, 31.29995446035521)	(2, 32.678783585488034)	(3, 33.34382431817032)	(4, 33.68381318625715)	(5, 33.30521681930881)	(6, 37.530121945048826)	(7, 35.51813995850832)	(8, 34.814704245306885)	(9, 35.79494003946769)	(10, 36.826245003288975)	(15, 37.278977887972474)	(20, 37.23762181854981)	(25, 37.01119060871325)	(30, 37.01092951474978)	(35, 36.704982037140105)	(40, 36.92760006071952)	(45, 36.941284217983096)	(50, 36.80294894499823)	(55, 36.93165005312959)	(60, 36.27775742549208)	(65, 36.23764003440773)	(70, 36.3879552699489)	(75, 37.264206851186565)	(80, 36.62967565652988)	(85, 35.87077063198907)	(90, 36.890634013054694)	(95, 36.35964175479431)	(100, 36.94560542427769)	(105, 36.4023498456712)	(110, 36.736521783130094)	(115, 36.67789303243435)	(120, 36.58381217426504)	(125, 35.50360370389111)	(130, 36.767982593735766)	(135, 35.82944897029803)	(140, 36.2537023731215)	(145, 35.40121236654355)	(150, 36.3845104488185)	(155, 34.9334837828265)	(160, 35.608668724383946)	(165, 35.473391691544805)	(170, 35.367142640287405)	(175, 34.810540909780904)	(180, 35.00016799068967)	(185, 35.37504225067045)	(190, 34.287456357840405)	(195, 34.86562566411982)	(200, 34.35188179932196)	(205, 32.73771998178414)	(210, 33.90100895613014)	(215, 31.860071851439564)	(220, 31.64292465718767)	(225, 32.422383241410714)	(230, 32.834492738956634)	(235, 32.29782927693164)	(240, 30.577918332237005)	(245, 29.93694277184638)	(250, 28.083380053635587)	(255, 28.553201437028793)	(260, 24.10566816778829)	(265, 29.528842787026264)	(270, 25.49089510701817)	(275, 27.182729342711127)	(280, 22.88919698426352)	(285, 24.399243029904365)	(290, 20.562649395334716)	(295, 22.916490411374788)	(300, 19.833092141881295)
3971R_L_F_NS1_week9_S12_L001_R1_001	(1, 33.938109946751055)	(2, 33.94681738075837)	(3, 33.930454226753334)	(4, 33.95900210342802)	(5, 33.88879308711224)	(6, 37.85024918989597)	(7, 37.86025468533854)	(8, 37.787440071251254)	(9, 37.30969661367039)	(10, 37.46388357241667)	(15, 37.76032479960584)	(20, 37.7070000568494)	(25, 37.66089518864528)	(30, 37.569517348543705)	(35, 37.606871198195975)	(40, 37.363720604119685)	(45, 37.685691004529005)	(50, 37.427916848268936)	(55, 37.53887172879043)	(60, 37.4649750810104)	(65, 37.48812415910253)	(70, 37.46550946542608)	(75, 37.0325709196339)	(80, 37.27429459362149)	(85, 37.3206420192909)	(90, 37.64582062117451)	(95, 37.176790282541546)	(100, 37.19356464724943)	(105, 37.20085084610865)	(110, 37.27089499914726)	(115, 37.00922855356161)	(120, 36.72479771086392)	(125, 36.83013208011976)	(130, 36.70642777282977)	(135, 36.672416668245816)	(140, 36.75821947660647)	(145, 36.33412101343541)	(150, 36.729411987644724)	(155, 36.763646699891986)	(160, 36.5776449186106)	(165, 36.56912508764283)	(170, 36.513842830342426)	(175, 36.80330484546437)	(180, 36.630876807337366)	(185, 36.689494229785296)	(190, 36.512055864016226)	(195, 36.23879024464195)	(200, 36.07183680430539)	(205, 36.39736408254534)	(210, 36.2970949953573)	(215, 36.00919065395766)	(220, 36.118735669212256)	(225, 35.51355100339202)	(230, 35.70928919292793)	(235, 35.49057815845824)	(240, 35.28098955865911)	(245, 34.66764700308882)	(250, 35.428930662674574)	(255, 35.038039832483754)	(260, 35.37577457315571)	(265, 34.872225275245874)	(270, 33.066688143108905)	(275, 35.017339068806734)	(280, 34.01383146046123)	(285, 33.514401849500665)	(290, 32.74780277046104)	(295, 30.664440696594717)	(300, 29.0233224687802)
3971R_L_F_NS1_week9_S12_L001_R2_001	(1, 31.33663375717724)	(2, 32.70551060241421)	(3, 33.354569744746165)	(4, 33.69573250459533)	(5, 33.29022569214152)	(6, 37.547469253946296)	(7, 35.49707225559493)	(8, 34.84037634306721)	(9, 35.8003733110989)	(10, 36.81246896969927)	(15, 37.28430956396506)	(20, 37.2669155407326)	(25, 37.03570521688049)	(30, 37.025000473745045)	(35, 36.8000018949802)	(40, 36.94247977108639)	(45, 36.940215269750425)	(50, 36.83513861780145)	(55, 36.94842053400542)	(60, 36.32006215535047)	(65, 36.30299406871198)	(70, 36.40898599609634)	(75, 37.284610865816454)	(80, 36.64051846658202)	(85, 35.93071194406018)	(90, 36.923954444676056)	(95, 36.42426143146804)	(100, 36.98590513729131)	(105, 36.45354645543954)	(110, 36.78945443520115)	(115, 36.716634136173276)	(120, 36.58532716833109)	(125, 35.60809346042335)	(130, 36.81669856549999)	(135, 35.898955865911205)	(140, 36.294081976843344)	(145, 35.474012241572076)	(150, 36.3936612912395)	(155, 34.89842906141631)	(160, 35.62702810255633)	(165, 35.58909628394383)	(170, 35.439912072918844)	(175, 34.90039984082166)	(180, 35.043165753917876)	(185, 35.51513141687669)	(190, 34.3549942203104)	(195, 34.78805025487484)	(200, 34.44609539330314)	(205, 32.99234806996267)	(210, 33.95024539993557)	(215, 32.10031456671278)	(220, 31.838905838433988)	(225, 32.655943605389325)	(230, 33.2061094161566)	(235, 32.477015785185046)	(240, 30.997239013852305)	(245, 30.401389020484736)	(250, 28.46661044892081)	(255, 28.752869947509048)	(260, 24.472683860453657)	(265, 29.785996096340796)	(270, 25.900526804494895)	(275, 27.396784218604914)	(280, 23.215481988213224)	(285, 24.705629986166645)	(290, 20.85781395084421)	(295, 23.349913778401014)	(300, 20.044020389986926)
3975R_0_F_NS1_week9_S13_L001_R1_001	(1, 33.91313186687681)	(2, 33.94700655565454)	(3, 33.94364116737857)	(4, 33.95902906264038)	(5, 33.862163746697426)	(6, 37.831966620221266)	(7, 37.856156300204816)	(8, 37.72829438772014)	(9, 37.19871780229486)	(10, 37.40227658618669)	(15, 37.750822692767464)	(20, 37.67885668166625)	(25, 37.62492671524399)	(30, 37.52063013469167)	(35, 37.58257155257086)	(40, 37.27318729680136)	(45, 37.66427891607087)	(50, 37.383392341838174)	(55, 37.488859955686515)	(60, 37.40119539809802)	(65, 37.46674280667291)	(70, 37.40894188233323)	(75, 36.96825875419722)	(80, 37.21701576859529)	(85, 37.27161424427237)	(90, 37.61625284573273)	(95, 37.13862354096713)	(100, 37.19169160251871)	(105, 37.12849235173638)	(110, 37.21975528601993)	(115, 36.90427069295019)	(120, 36.54690757364642)	(125, 36.69074670504123)	(130, 36.54020268469662)	(135, 36.586725751311505)	(140, 36.67931656730396)	(145, 36.2633987375987)	(150, 36.668570166822754)	(155, 36.68626814987398)	(160, 36.499920052993446)	(165, 36.596537152516056)	(170, 36.496353655101004)	(175, 36.7755011915911)	(180, 36.5807243960194)	(185, 36.636439084188005)	(190, 36.41843349551155)	(195, 36.11457700419531)	(200, 35.99704424495762)	(205, 36.34747405529287)	(210, 36.269911753732764)	(215, 35.89089593945347)	(220, 36.06048866656007)	(225, 35.49944493935449)	(230, 35.66287337155562)	(235, 35.42426125158942)	(240, 35.132407470857416)	(245, 34.552936339340775)	(250, 35.41318440348112)	(255, 34.94349802416684)	(260, 35.384173538302235)	(265, 34.879482552517565)	(270, 33.05371982000503)	(275, 34.957267182895905)	(280, 33.995390484022025)	(285, 33.59055407082543)	(290, 32.85911510084744)	(295, 30.85314572435795)	(300, 29.120506787881556)
3975R_0_F_NS1_week9_S13_L001_R2_001	(1, 31.309174109352277)	(2, 32.62850529553744)	(3, 33.295781082254045)	(4, 33.64916969323191)	(5, 33.22858752674418)	(6, 37.484402719721025)	(7, 35.2399780716782)	(8, 34.53504343787356)	(9, 35.58432886391497)	(10, 36.68060333340948)	(15, 37.19611990528183)	(20, 37.17196981810152)	(25, 36.89160099591128)	(30, 36.882730685183915)	(35, 36.636816738618975)	(40, 36.81110578131067)	(45, 36.81109816731005)	(50, 36.678105941204684)	(55, 36.80629525571621)	(60, 36.02976617404083)	(65, 36.02933369880537)	(70, 36.19398646230689)	(75, 37.19649908251292)	(80, 36.51403488735086)	(85, 35.70550111545109)	(90, 36.843646497179016)	(95, 36.211375316932774)	(100, 36.86911228366721)	(105, 36.345095441497826)	(110, 36.6878244516016)	(115, 36.55429619985229)	(120, 36.511560337147955)	(125, 35.512352193212884)	(130, 36.68832088444231)	(135, 35.63524977729048)	(140, 36.056107570600815)	(145, 35.23261685587458)	(150, 36.24856057318196)	(155, 34.54464926106124)	(160, 35.516838362380746)	(165, 35.41105705170668)	(170, 35.28922085931611)	(175, 34.639081142404656)	(180, 34.87969879013531)	(185, 35.354832225496246)	(190, 34.05675323785376)	(195, 34.731649116395225)	(200, 34.22541096568369)	(205, 32.75136480961192)	(210, 33.83644365258838)	(215, 31.907640649626536)	(220, 31.661478486641236)	(225, 32.44376984398913)	(230, 32.987974447413904)	(235, 32.250345294928316)	(240, 30.794036714711012)	(245, 30.206790165756797)	(250, 28.301849440751653)	(255, 28.626116022141513)	(260, 24.13214707203606)	(265, 29.721195093537993)	(270, 25.554136305839176)	(275, 27.216146249723995)	(280, 23.1308146219268)	(285, 24.626035313734896)	(290, 20.83353510434988)	(295, 23.0896122189482)	(300, 19.92574826591136)
3975R_R_F_NS1_week5_S14_L001_R1_001	(1, 33.89523899579216)	(2, 33.89083258474776)	(3, 33.91821663278332)	(4, 33.94468346650277)	(5, 33.839203820150345)	(6, 37.81595196444613)	(7, 37.82690180133327)	(8, 37.71783840007565)	(9, 37.136390714387026)	(10, 37.39390856224292)	(15, 37.7513101035412)	(20, 37.671591886908416)	(25, 37.59665453170063)	(30, 37.515650323861756)	(35, 37.56191196633729)	(40, 37.28264384662664)	(45, 37.656277244574724)	(50, 37.348603848517804)	(55, 37.47583944021559)	(60, 37.40147699872347)	(65, 37.430145146801564)	(70, 37.38660299749421)	(75, 36.943906198288495)	(80, 37.205853151151246)	(85, 37.229052054276394)	(90, 37.57979480875609)	(95, 37.02278852063732)	(100, 37.09371471798024)	(105, 37.08456526878162)	(110, 37.09826296629001)	(115, 36.84171150300222)	(120, 36.492510046806295)	(125, 36.73271051014136)	(130, 36.57715096212945)	(135, 36.45515389343293)	(140, 36.57828755141601)	(145, 36.12386742943596)	(150, 36.54524514207366)	(155, 36.56530471372512)	(160, 36.369113517091385)	(165, 36.44361212235829)	(170, 36.38539265282965)	(175, 36.64927993948277)	(180, 36.43502434873055)	(185, 36.49876601579121)	(190, 36.193477376956174)	(195, 35.95313129402865)	(200, 35.81850503522293)	(205, 36.190443950640635)	(210, 36.146429010448685)	(215, 35.76436291428301)	(220, 35.82591461396625)	(225, 35.260997588766486)	(230, 35.54224008321119)	(235, 35.23880856697083)	(240, 35.05729279939483)	(245, 34.57096307503191)	(250, 35.228577372228266)	(255, 34.93023686823318)	(260, 35.2582081225474)	(265, 34.59345090066664)	(270, 32.74371519077112)	(275, 34.702595621956405)	(280, 33.90671457614297)	(285, 33.32668148078105)	(290, 32.474933572880715)	(295, 30.47518131530424)	(300, 28.126343908089453)
3975R_R_F_NS1_week5_S14_L001_R2_001	(1, 31.323039099806156)	(2, 32.677934849416104)	(3, 33.310831639166)	(4, 33.662276015318426)	(5, 33.24267410524325)	(6, 37.47947614769987)	(7, 35.24004538792492)	(8, 34.567500354593165)	(9, 35.65838967424708)	(10, 36.71663751122878)	(15, 37.21838589192)	(20, 37.15285329298852)	(25, 36.89606732542196)	(30, 36.91583565788852)	(35, 36.58071958772635)	(40, 36.7602118103163)	(45, 36.739802373410235)	(50, 36.68321497801522)	(55, 36.80996454068365)	(60, 36.11728996264952)	(65, 36.02690936598742)	(70, 36.18422580492648)	(75, 37.210749373552076)	(80, 36.51447591130443)	(85, 35.63124202165382)	(90, 36.82437331568248)	(95, 36.16634674483476)	(100, 36.8344399791972)	(105, 36.337735331662806)	(110, 36.664868800529526)	(115, 36.573584227696095)	(120, 36.52328116873907)	(125, 35.29480781050541)	(130, 36.65885300931397)	(135, 35.52927804831923)	(140, 36.12061841047705)	(145, 35.07147652593258)	(150, 36.24955037586875)	(155, 34.706096165665926)	(160, 35.467983546877214)	(165, 35.33264242825398)	(170, 35.17762375301404)	(175, 34.580252470332375)	(180, 34.771116259278514)	(185, 35.21913857500827)	(190, 33.923555387452126)	(195, 34.61340645832348)	(200, 34.188541440121035)	(205, 32.45706396860668)	(210, 33.6541515767576)	(215, 31.49405701858068)	(220, 31.260295967093754)	(225, 31.99340740390526)	(230, 32.531575812018346)	(235, 32.039472365372795)	(240, 30.203315209682764)	(245, 29.53362015980332)	(250, 27.61570233085906)	(255, 28.329261027847384)	(260, 23.75143870266181)	(265, 29.280204245662144)	(270, 25.178158952295398)	(275, 26.93982128504562)	(280, 22.748931019809937)	(285, 24.23923218760342)	(290, 20.393490615100937)	(295, 22.788690842040563)	(300, 19.68003404094369)
3975R_R_F_NS1_week6_S15_L001_R1_001	(1, 33.95195588905316)	(2, 33.95914344426158)	(3, 33.94573535291547)	(4, 33.94911991966303)	(5, 33.851237133532315)	(6, 37.810957069932215)	(7, 37.789264228662816)	(8, 37.71732358875654)	(9, 37.17044640947679)	(10, 37.362064957646425)	(15, 37.74460840376766)	(20, 37.633471877411736)	(25, 37.55982965587138)	(30, 37.47074674328432)	(35, 37.51206077342929)	(40, 37.24242052312012)	(45, 37.618802941969555)	(50, 37.282951639748205)	(55, 37.42448417901011)	(60, 37.36069811338299)	(65, 37.383737342743174)	(70, 37.30619357118283)	(75, 36.86719480785145)	(80, 37.17790361423378)	(85, 37.20034031632681)	(90, 37.5782662463853)	(95, 36.96093800849861)	(100, 37.08721582191972)	(105, 37.046232809841285)	(110, 37.07601699721982)	(115, 36.819334802458464)	(120, 36.400929826029554)	(125, 36.69733046946916)	(130, 36.51334951230625)	(135, 36.372711465684766)	(140, 36.47327215078059)	(145, 36.032657349809845)	(150, 36.546479213739104)	(155, 36.56639794694413)	(160, 36.30225482812166)	(165, 36.40706853747663)	(170, 36.28591964443453)	(175, 36.59561865974876)	(180, 36.368828512185374)	(185, 36.47331864208207)	(190, 36.16952030275136)	(195, 35.96027783201764)	(200, 35.76539931378839)	(205, 36.141889592457254)	(210, 36.11443926841288)	(215, 35.67006797028276)	(220, 35.7810761806466)	(225, 35.19970989427878)	(230, 35.46013370898305)	(235, 35.09746808372153)	(240, 34.95899653174891)	(245, 34.450050675518604)	(250, 35.05107162449906)	(255, 34.74048183584851)	(260, 35.101518405906255)	(265, 34.45778124912829)	(270, 32.40654783490009)	(275, 34.45276204822078)	(280, 33.586318539801205)	(285, 32.94404120988962)	(290, 31.909397751680665)	(295, 29.827517271518495)	(300, 27.27161613062196)
3975R_R_F_NS1_week6_S15_L001_R2_001	(1, 31.213274196397855)	(2, 32.61418728555887)	(3, 33.28446167722019)	(4, 33.638911359684606)	(5, 33.210735771337184)	(6, 37.46152844802737)	(7, 35.37019163714469)	(8, 34.67780598250067)	(9, 35.64265855858369)	(10, 36.71667828949204)	(15, 37.196390415353285)	(20, 37.13355463192836)	(25, 36.875834751318024)	(30, 36.91418077677666)	(35, 36.531693120217206)	(40, 36.81180135196705)	(45, 36.83624647828391)	(50, 36.68464950207816)	(55, 36.81709764103137)	(60, 36.18834370089356)	(65, 36.07060169042372)	(70, 36.26218676485629)	(75, 37.1947167285001)	(80, 36.537445024036)	(85, 35.66658298232401)	(90, 36.8072749588552)	(95, 36.208520925734796)	(100, 36.822036876900334)	(105, 36.29301979599617)	(110, 36.648946042195504)	(115, 36.536771829990606)	(120, 36.50533255227947)	(125, 35.28551424028565)	(130, 36.661134201790844)	(135, 35.61377072349764)	(140, 36.1078319246469)	(145, 35.26233553702102)	(150, 36.2458590197774)	(155, 34.923618510976596)	(160, 35.424740810994265)	(165, 35.33764586645839)	(170, 35.21325002092109)	(175, 34.55454824402354)	(180, 34.7188987140506)	(185, 35.046349967921)	(190, 33.975433996299294)	(195, 34.67748612234651)	(200, 34.05550689466001)	(205, 32.19833747105916)	(210, 33.56214120338085)	(215, 31.31492835690442)	(220, 31.231005978781372)	(225, 31.956175439575254)	(230, 32.2152361293202)	(235, 31.864987400857302)	(240, 29.861396412731175)	(245, 29.111541930504803)	(250, 27.3767841036942)	(255, 27.970916901447744)	(260, 23.37119956856072)	(265, 28.849031586190222)	(270, 24.84571210726473)	(275, 26.584060922201456)	(280, 22.24525463285819)	(285, 23.675758505583605)	(290, 19.972441816136204)	(295, 22.275513031511803)	(300, 19.336713250950748)
3975R_R_F_NS1_week7_S16_L001_R1_001	(1, 33.93614763793224)	(2, 33.95315000347875)	(3, 33.93648681555695)	(4, 33.96395150629653)	(5, 33.86937313017463)	(6, 37.853405691226605)	(7, 37.880452932581925)	(8, 37.77556877478606)	(9, 37.24749530369443)	(10, 37.457641063104425)	(15, 37.76054233632505)	(20, 37.66423676337577)	(25, 37.595681138245325)	(30, 37.52480345091491)	(35, 37.596601266263136)	(40, 37.317240659570025)	(45, 37.6701645446323)	(50, 37.34766402282057)	(55, 37.49403917066722)	(60, 37.42892228483963)	(65, 37.45156369581855)	(70, 37.395745495025395)	(75, 36.95442322410075)	(80, 37.258545536770335)	(85, 37.28525186112851)	(90, 37.65377269881027)	(95, 37.03890802198566)	(100, 37.17268141654491)	(105, 37.170002782995894)	(110, 37.21195470674181)	(115, 36.91444374869547)	(120, 36.48784700480067)	(125, 36.75888471439505)	(130, 36.52319279204063)	(135, 36.48137479997217)	(140, 36.62836916440548)	(145, 36.183994294858415)	(150, 36.71613789744661)	(155, 36.710417101509776)	(160, 36.45685486676407)	(165, 36.58865407361024)	(170, 36.45131496556043)	(175, 36.768790440409106)	(180, 36.54961733806444)	(185, 36.623180616433594)	(190, 36.313031378278716)	(195, 36.11853127391637)	(200, 35.985018785222294)	(205, 36.35415536074584)	(210, 36.34264419397482)	(215, 35.87699332080985)	(220, 36.001908091560566)	(225, 35.47884401308008)	(230, 35.69043866972796)	(235, 35.35564600292215)	(240, 35.22172476170598)	(245, 34.70791762332151)	(250, 35.45425972309191)	(255, 35.089215890906566)	(260, 35.51153377861268)	(265, 34.79533674250331)	(270, 32.902329019689695)	(275, 34.86542649412092)	(280, 34.05958568148612)	(285, 33.44932164475057)	(290, 32.460577123773746)	(295, 30.51237215612607)	(300, 27.649929555416406)
3975R_R_F_NS1_week7_S16_L001_R2_001	(1, 31.317713768872192)	(2, 32.633201141028316)	(3, 33.29217978153482)	(4, 33.636384192583314)	(5, 33.23013636679886)	(6, 37.464542892924236)	(7, 35.187782648020594)	(8, 34.48223231058234)	(9, 35.58655117233702)	(10, 36.68721909135184)	(15, 37.2012784387393)	(20, 37.09487928755305)	(25, 36.813786265915255)	(30, 36.884839629861546)	(35, 36.45177937800041)	(40, 36.79512801781117)	(45, 36.802008975161755)	(50, 36.6063765393446)	(55, 36.74076045362833)	(60, 35.87850483545536)	(65, 35.87517045849857)	(70, 36.13503791831907)	(75, 37.17466256174772)	(80, 36.509359563069644)	(85, 35.538589716830174)	(90, 36.78823314548111)	(95, 36.04832498434565)	(100, 36.80078271759549)	(105, 36.25673658943853)	(110, 36.646676059277816)	(115, 36.46023968552146)	(120, 36.50513114868156)	(125, 35.10704619773186)	(130, 36.641346622138734)	(135, 35.32162387810478)	(140, 35.87551659361303)	(145, 34.92734293466917)	(150, 36.16487685243165)	(155, 34.6009444792319)	(160, 35.3840743059904)	(165, 35.17789257635845)	(170, 35.00198288457524)	(175, 34.31249391219647)	(180, 34.55793501704585)	(185, 35.00543206011271)	(190, 33.7982467125861)	(195, 34.61710498852015)	(200, 33.856884436095456)	(205, 31.815857858484655)	(210, 33.423937243442566)	(215, 31.010511027621238)	(220, 31.087939191539693)	(225, 31.757406247825788)	(230, 32.077325540944834)	(235, 31.6655517289362)	(240, 29.66703889236763)	(245, 28.918058164614205)	(250, 27.03742607667154)	(255, 27.74663431433938)	(260, 22.8569018298198)	(265, 28.59007340151673)	(270, 24.500579211020664)	(275, 26.40046267306756)	(280, 21.80043136436374)	(285, 23.39426181033883)	(290, 19.72451645446323)	(295, 22.002419467056285)	(300, 19.17418945244556)
3975R_R_F_NS1_week9_S17_L001_R1_001	(1, 33.956712630001434)	(2, 33.947675600774176)	(3, 33.93622116622862)	(4, 33.961682996076426)	(5, 33.85682333360946)	(6, 37.85562592723685)	(7, 37.843742233803006)	(8, 37.7277143093827)	(9, 37.24111547064095)	(10, 37.421847018156896)	(15, 37.747327675148924)	(20, 37.67150699993222)	(25, 37.5936454622817)	(30, 37.519452958497446)	(35, 37.58048001686912)	(40, 37.31726147890983)	(45, 37.64626657730049)	(50, 37.347436119499655)	(55, 37.48047474526874)	(60, 37.41363988944701)	(65, 37.43855949754117)	(70, 37.384454803557574)	(75, 36.930755269717665)	(80, 37.219884476643045)	(85, 37.254912001927906)	(90, 37.617448997266294)	(95, 37.03256644099197)	(100, 37.11774044145888)	(105, 37.14825999533087)	(110, 37.1895095152387)	(115, 36.9209305127761)	(120, 36.53939466965893)	(125, 36.75934541784964)	(130, 36.57501261418663)	(135, 36.498815396085455)	(140, 36.616326899470586)	(145, 36.16993982844706)	(150, 36.64399677679291)	(155, 36.65882051706869)	(160, 36.43327434161476)	(165, 36.46117616935392)	(170, 36.375197873285785)	(175, 36.69656668197941)	(180, 36.477372031900714)	(185, 36.59540467063793)	(190, 36.353087275109765)	(195, 36.087150097524614)	(200, 35.92357836233968)	(205, 36.241559791244626)	(210, 36.23163713315309)	(215, 35.82024746398367)	(220, 35.94481387485221)	(225, 35.396739138620504)	(230, 35.60762574649626)	(235, 35.286362369810305)	(240, 35.13643805493008)	(245, 34.67534472501073)	(250, 35.35100725221596)	(255, 34.93067544262616)	(260, 35.33677543735456)	(265, 34.765002598145905)	(270, 32.819265440140974)	(275, 34.818438551966686)	(280, 33.870559618034896)	(285, 33.20167636892166)	(290, 32.382799521037455)	(295, 30.344417751737744)	(300, 28.074314503678824)
3975R_R_F_NS1_week9_S17_L001_R2_001	(1, 32.86428641357964)	(2, 33.5977693599524)	(3, 33.57267654213138)	(4, 33.56041630581307)	(5, 33.59978009895547)	(6, 37.325543916196615)	(7, 35.80409226806841)	(8, 35.12580297770113)	(9, 36.7316152936658)	(10, 36.84850022969116)	(15, 37.42848019760971)	(20, 37.33898499100063)	(25, 37.11393886449728)	(30, 37.18123009029498)	(35, 36.86161597144299)	(40, 37.05853133213342)	(45, 37.047994156054436)	(50, 36.944681331756875)	(55, 37.089921453154304)	(60, 36.375036712931234)	(65, 36.37608350215006)	(70, 36.52481643534382)	(75, 37.38528771641803)	(80, 36.81690225699805)	(85, 35.98327095272881)	(90, 37.05631876614427)	(95, 36.47630265010882)	(100, 37.10080806103007)	(105, 36.56640785619074)	(110, 36.92736788992899)	(115, 36.777698118038664)	(120, 36.76076272526679)	(125, 35.64361420922229)	(130, 36.97732910601188)	(135, 35.852402720145804)	(140, 36.337406523228935)	(145, 35.529470505395864)	(150, 36.53879671955839)	(155, 35.120453056398595)	(160, 35.744530714603094)	(165, 35.63071987468653)	(170, 35.496977866809246)	(175, 34.90773343776122)	(180, 35.18062310316522)	(185, 35.61612959099912)	(190, 34.364972474715145)	(195, 35.021913289704564)	(200, 34.480708201857105)	(205, 32.684520322019466)	(210, 33.93625430200245)	(215, 31.771242666827323)	(220, 31.74666345350072)	(225, 32.45763064155376)	(230, 32.982499792901415)	(235, 32.38207204018465)	(240, 30.577050464277374)	(245, 29.853872743566768)	(250, 27.964731487269084)	(255, 28.652051782177473)	(260, 24.040541619285015)	(265, 29.36854360743145)	(270, 25.38789188700701)	(275, 27.28291323698856)	(280, 22.91790913267112)	(285, 24.50570161235663)	(290, 20.56286684690519)	(295, 22.873406282241483)	(300, 19.781059139825437)
3980R_0_F_S2_week9_S51_L001_R1_001	(1, 33.92879561819189)	(2, 33.936480706505016)	(3, 33.93115730198782)	(4, 33.96427472459844)	(5, 33.90234014400886)	(6, 37.86636869961228)	(7, 37.8728690996369)	(8, 37.766724106098835)	(9, 37.2942027201674)	(10, 37.483118961166845)	(15, 37.781992738014644)	(20, 37.71028986399163)	(25, 37.64827835559111)	(30, 37.59674287648471)	(35, 37.672012123823)	(40, 37.40863899316881)	(45, 37.74505354175642)	(50, 37.42945719736599)	(55, 37.57355221859807)	(60, 37.5197581389624)	(65, 37.50888516216382)	(70, 37.4735876053911)	(75, 37.115250169241186)	(80, 37.37236599175334)	(85, 37.38454058711305)	(90, 37.70988830081851)	(95, 37.121128992553395)	(100, 37.21538863930088)	(105, 37.26490091697951)	(110, 37.327755554187945)	(115, 37.075058465136316)	(120, 36.78419133485137)	(125, 37.029577204751064)	(130, 36.81400855437258)	(135, 36.612128438673146)	(140, 36.75560034463659)	(145, 36.42386762262293)	(150, 36.900260016000985)	(155, 36.87856175764662)	(160, 36.62700320019694)	(165, 36.70156625023078)	(170, 36.589320881285)	(175, 36.90236168379593)	(180, 36.70650809280571)	(185, 36.8076173918395)	(190, 36.55630654194104)	(195, 36.35925749276879)	(200, 36.20227706320389)	(205, 36.54066096375162)	(210, 36.54955843436519)	(215, 36.12402147824481)	(220, 36.16988891624099)	(225, 35.79254415656348)	(230, 35.99058711305311)	(235, 35.74039325496953)	(240, 35.38504369499661)	(245, 35.40090159394424)	(250, 35.68764231645024)	(255, 35.51199458428211)	(260, 35.79925995445873)	(265, 35.19696135146778)	(270, 33.129464890147084)	(275, 35.07775709274417)	(280, 34.521692104129485)	(285, 33.78718074958459)	(290, 32.699401501630874)	(295, 30.88128346359776)	(300, 27.265624038402365)
3980R_0_F_S2_week9_S51_L001_R2_001	(1, 33.44438888546988)	(2, 33.48833005108007)	(3, 33.53144808911318)	(4, 33.652986337620774)	(5, 33.5946519785833)	(6, 37.3557065050157)	(7, 36.068958089728596)	(8, 35.81984275955443)	(9, 37.267685703735616)	(10, 36.828374053787925)	(15, 37.48717921102837)	(20, 37.36713951627793)	(25, 37.182540464028556)	(30, 37.25055849590744)	(35, 36.872764477814016)	(40, 37.144030401870886)	(45, 37.22635854514124)	(50, 37.01260385254477)	(55, 37.05133238968552)	(60, 36.41057911256077)	(65, 36.42121207458921)	(70, 36.641999507662014)	(75, 37.43624376884732)	(80, 36.93444827373992)	(85, 36.077987876177)	(90, 37.1255384946766)	(95, 36.518853467905714)	(100, 37.131458859006706)	(105, 36.65636346852114)	(110, 36.95489107021971)	(115, 36.859066711797645)	(120, 36.87569081174226)	(125, 35.60678195581266)	(130, 37.020105852667854)	(135, 36.06394085789894)	(140, 36.34131792725706)	(145, 35.62569542741092)	(150, 36.633591297926024)	(155, 35.50567111822266)	(160, 35.90754661825343)	(165, 35.72652778632531)	(170, 35.506460397562925)	(175, 35.025163086959196)	(180, 35.13188811619177)	(185, 35.55726198535295)	(190, 34.556571173610685)	(195, 35.244165794818144)	(200, 34.48518831928119)	(205, 32.406669641208694)	(210, 33.91388854698751)	(215, 31.98440211705336)	(220, 31.90612806941966)	(225, 32.3025555418795)	(230, 32.571930580343405)	(235, 32.380581881961966)	(240, 30.223803003261736)	(245, 29.338971629023327)	(250, 27.691130223398364)	(255, 28.241756415779435)	(260, 23.4175949289187)	(265, 28.865144008862085)	(270, 25.112659240568654)	(275, 26.968010339097788)	(280, 22.453138654686445)	(285, 23.876907809711366)	(290, 19.943504215644037)	(295, 22.434957535848362)	(300, 19.38779694135024)
Positive_control_S89_L001_R1_001	(1, 33.9549766336285)	(2, 33.95951785308165)	(3, 33.953105856632455)	(4, 33.94904883828417)	(5, 33.87410037635631)	(6, 37.819957889176635)	(7, 37.81647310849773)	(8, 37.74359350583609)	(9, 37.2498110882053)	(10, 37.40849552847616)	(15, 37.49053240112393)	(20, 37.61686633848592)	(25, 37.60189278613717)	(30, 37.22420125158649)	(35, 37.50948227163682)	(40, 37.23997006756806)	(45, 37.61376451686267)	(50, 37.070003741554)	(55, 37.30311429346989)	(60, 37.386228146756956)	(65, 37.082723557851025)	(70, 37.35069952386891)	(75, 36.990037195448515)	(80, 36.932229452632654)	(85, 36.33199615573668)	(90, 37.09824733872802)	(95, 36.361118651279824)	(100, 36.33678241029441)	(105, 36.85258570726375)	(110, 36.52523934940979)	(115, 36.05769622983412)	(120, 36.21273448905779)	(125, 36.41715979370098)	(130, 35.855069805659284)	(135, 36.19097185030849)	(140, 36.25174055624436)	(145, 35.949427395511606)	(150, 36.14413346343181)	(155, 35.912195265100095)	(160, 35.55831762125202)	(165, 35.35254829172383)	(170, 36.071545848709164)	(175, 35.70569816663855)	(180, 35.65667353840962)	(185, 35.47104697484355)	(190, 34.305679092049566)	(195, 34.59223957683758)	(200, 34.96373040269392)	(205, 35.32050004768647)	(210, 34.67572318369563)	(215, 34.345358638954714)	(220, 33.165228491566836)	(225, 34.59658564857271)	(230, 34.39254917208947)	(235, 33.90296609858628)	(240, 34.084956752037684)	(245, 33.754486563419334)	(250, 31.609377361397435)	(255, 33.66091103171517)	(260, 33.67515241330233)	(265, 31.91397507097948)	(270, 30.49979384771142)	(275, 33.06646613893637)	(280, 32.934983529826056)	(285, 31.696504214750526)	(290, 30.448709163872728)	(295, 27.650264476512575)	(300, 25.72452258504699)
Positive_control_S89_L001_R2_001	(1, 32.696325207069336)	(2, 33.0592265987807)	(3, 33.644354288481146)	(4, 33.4098909080238)	(5, 33.63830177467041)	(6, 37.30074024078)	(7, 35.563125884950885)	(8, 35.108351001782744)	(9, 35.82510069182067)	(10, 36.64286647054077)	(15, 37.371517236825696)	(20, 37.313056556156326)	(25, 37.018505285862055)	(30, 37.12267748538226)	(35, 36.77779864570418)	(40, 36.03413471061648)	(45, 36.567370714636816)	(50, 36.86116780502836)	(55, 36.82362754664104)	(60, 35.35347120837521)	(65, 35.17595134512534)	(70, 35.74801294137499)	(75, 37.25799261960134)	(80, 36.65143683009677)	(85, 35.63140117528813)	(90, 36.742440226840884)	(95, 34.90341655234141)	(100, 36.69933752485199)	(105, 36.40635623995833)	(110, 36.61023718517758)	(115, 36.640606865384754)	(120, 35.67471809958403)	(125, 33.74466755192323)	(130, 36.45646518520692)	(135, 35.334186798917145)	(140, 36.03859669716156)	(145, 34.756022801470216)	(150, 36.211048588847234)	(155, 34.42455339784457)	(160, 35.81589059989583)	(165, 34.26066159478236)	(170, 34.166499152648065)	(175, 33.646097412458644)	(180, 34.77973691739969)	(185, 34.802382856346334)	(190, 32.340980287145925)	(195, 33.40456322859428)	(200, 34.17730710821895)	(205, 32.04832180298884)	(210, 33.5972224463894)	(215, 32.2046512651588)	(220, 30.872360186930973)	(225, 29.677216870740317)	(230, 31.656016198727865)	(235, 31.76364676795763)	(240, 30.11707689260273)	(245, 29.382667067722128)	(250, 27.437640033160438)	(255, 28.026107243208344)	(260, 25.297253992825016)	(265, 29.103704138452173)	(270, 25.19500685951565)	(275, 26.968582684675034)	(280, 23.039007534462648)	(285, 24.490861070964808)	(290, 20.05983405107588)	(295, 23.369945784149017)	(300, 19.93805527228976)
negative_control_S90_L001_R1_001	(1, 33.936568539292715)	(2, 33.954213777142265)	(3, 33.92697200642717)	(4, 33.9590931202736)	(5, 33.84411162050208)	(6, 37.839497619293304)	(7, 37.87070477762873)	(8, 37.756725680675736)	(9, 37.214838509957694)	(10, 37.42258059760898)	(15, 37.7062016303787)	(20, 37.60098176511343)	(25, 37.36035791677108)	(30, 37.237994015065524)	(35, 37.42911095714728)	(40, 37.188840898035)	(45, 37.54070787328449)	(50, 37.29548181670769)	(55, 37.415605053289504)	(60, 37.25915355926706)	(65, 37.08474726181877)	(70, 37.209292863776405)	(75, 37.01731208632457)	(80, 36.66106107286584)	(85, 36.80725857570353)	(90, 36.957041142739214)	(95, 36.33542167253859)	(100, 35.993112902988045)	(105, 36.5284490764627)	(110, 36.50436192638236)	(115, 35.25692468711765)	(120, 35.235381871250205)	(125, 35.436699736132205)	(130, 35.304813007650694)	(135, 34.60230847472618)	(140, 35.05766764450079)	(145, 34.52785353125875)	(150, 34.20785412090747)	(155, 34.646617627548395)	(160, 34.486365847546324)	(165, 34.21579374087887)	(170, 34.8318528236803)	(175, 34.54091130209178)	(180, 34.42573227000015)	(185, 34.2800949334434)	(190, 33.048613588454685)	(195, 33.47575806713151)	(200, 33.812347244129306)	(205, 33.92805106357888)	(210, 33.40829635744505)	(215, 33.977044975455875)	(220, 33.53630614561375)	(225, 33.145478131403216)	(230, 32.972498783849524)	(235, 32.671259047422495)	(240, 32.76760469950027)	(245, 32.53561625661512)	(250, 32.38197738697171)	(255, 32.64487521559032)	(260, 32.21883927650103)	(265, 31.106408007429575)	(270, 30.32982590621637)	(275, 31.40856759585477)	(280, 31.54056635759246)	(285, 30.737895248905467)	(290, 30.364034376520188)	(295, 27.476958002270145)	(300, 25.351017881097334)
negative_control_S90_L001_R2_001	(1, 32.61528369473886)	(2, 32.91855477099518)	(3, 33.62824122529003)	(4, 33.35424620782169)	(5, 33.65190088005071)	(6, 37.22452349013076)	(7, 35.154576411103086)	(8, 34.63480106726418)	(9, 35.59681294868582)	(10, 36.58194495629229)	(15, 37.346271208927284)	(20, 37.190966581658984)	(25, 36.79494671049722)	(30, 36.94159824284683)	(35, 36.48557277002226)	(40, 36.27773928681988)	(45, 35.71822456771379)	(50, 36.426652121998316)	(55, 34.985830741335846)	(60, 34.51513186019429)	(65, 35.26407122956498)	(70, 33.884004304435635)	(75, 36.763606881200516)	(80, 35.8802777245456)	(85, 34.673756209738045)	(90, 35.900145938057406)	(95, 33.386373218155285)	(100, 35.52162684080959)	(105, 34.788840898035)	(110, 35.55401624482215)	(115, 35.44452437460383)	(120, 34.7400297772602)	(125, 31.81100579329864)	(130, 35.009278122558484)	(135, 32.92379085160015)	(140, 34.81950852779456)	(145, 32.08244468357976)	(150, 34.98917110131639)	(155, 33.04035850641981)	(160, 33.74427229977741)	(165, 32.36047584651444)	(170, 32.33770066482893)	(175, 33.06358182113006)	(180, 32.58583368957944)	(185, 33.79521794890694)	(190, 32.17390214779545)	(195, 30.639288293998852)	(200, 32.37578312720196)	(205, 30.756230375753642)	(210, 31.631422380117044)	(215, 30.96309388681693)	(220, 28.676624850745167)	(225, 28.92713710806787)	(230, 30.003741321107952)	(235, 29.78447454928726)	(240, 27.557483379276796)	(245, 26.08496838008756)	(250, 22.22386898005513)	(255, 25.584108967082862)	(260, 22.162796114214956)	(265, 26.49242743635479)	(270, 22.923764317407905)	(275, 25.0406326930731)	(280, 20.344404970738683)	(285, 22.09213556023999)	(290, 18.055603873992073)	(295, 20.837227471733716)	(300, 18.443283164055014)
