pathway	plate1_1030R_0_M_NS1_week10_S77_	plate1_1030R_R_M_NS1_week10_S78_	plate1_2472R_0_F_NS1_week10_S73_	plate1_2472R_R_F_NS1_week10_S74_	plate1_3874R_0_F_NS1_week10_S75_	plate1_3874R_L_F_NS1_week10_S76_	plate1_3974R_0_M_NS1_week10_S79_	plate1_3974R_L_M_NS1_week10_S80_	plate1_T1D_NS1_defined_mouse_ino	plate2_036R_R_M_NS1_week5_S18_L0	plate2_036R_R_M_NS1_week6_S19_L0	plate2_036R_R_M_NS1_week7_S20_L0	plate2_036R_R_M_NS1_week9_S21_L0	plate2_1030R_L_M_NS1_week5_S22_L	plate2_1030R_L_M_NS1_week6_S23_L	plate2_1030R_L_M_NS1_week7_S24_L	plate2_1030R_L_M_NS1_week9_S25_L	plate2_1121R_0_M_NS1_week5_S26_L	plate2_1121R_0_M_NS1_week6_S27_L	plate2_1121R_0_M_NS1_week7_S28_L	plate2_1121R_0_M_NS1_week9_S29_L	plate2_1151R_R_M_NS1_week5_S30_L	plate2_1151R_R_M_NS1_week6_S31_L	plate2_1151R_R_M_NS1_week7_S32_L	plate2_1151R_R_M_NS1_week9_S33_L	plate2_1193R_R_F_NS1_week5_S1_L0	plate2_1193R_R_F_NS1_week6_S2_L0	plate2_1193R_R_F_NS1_week7_S3_L0	plate2_1193R_R_F_NS1_week9_S4_L0	plate2_2529R_R_F_NS1_week5_S5_L0	plate2_2529R_R_F_NS1_week6_S6_L0	plate2_2529R_R_F_NS1_week7_S7_L0	plate2_2529R_R_F_NS1_week9_S8_L0	plate2_3861R_R_M_NS1_week9_S34_L	plate2_3971R_L_F_NS1_week5_S9_L0	plate2_3971R_L_F_NS1_week6_S10_L	plate2_3971R_L_F_NS1_week7_S11_L	plate2_3971R_L_F_NS1_week9_S12_L	plate2_3975R_0_F_NS1_week9_S13_L	plate2_3975R_R_F_NS1_week5_S14_L	plate2_3975R_R_F_NS1_week6_S15_L	plate2_3975R_R_F_NS1_week7_S16_L	plate2_3975R_R_F_NS1_week9_S17_L	plate4_036R_0_M_NS1_week9_S62_L001	plate4_036R_0_M_NS1_week5_S41_L0	plate4_036R_L_M_NS1_week9_S63_L001	plate4_036R_L_M_NS1_week5_S42_L0	plate4_036R_NS1_week18_S34_L001	plate4_036R_RL_M_NS1_week9_S64_L001	plate4_036R_RL_M_NS1_week5_S43_L	plate4_036R_RR_M_NS1_week9_S65_L001	plate4_036R_RR_M_NS1_week5_S44_L	plate4_1030R_RR_M_NS1_week5_S45_	plate4_1030R_RR_M_NS1_week9_S66_	plate4_1121R_L_M_NS1_week5_S46_L	plate4_1121R_L_M_NS1_week9_S67_L	plate4_1121R_NS1_week19_S35_L001	plate4_1121R_R_M_NS1_week5_S47_L	plate4_1121R_R_M_NS1_week9_S68_L	plate4_1121R_RL_M_NS1_diabetes_S	plate4_1121R_RL_M_NS1_week5_S48_	plate4_1121R_RL_M_NS1_week9_S69_	plate4_1121R_RR_M_NS1_week5_S49_	plate4_1121R_RR_M_NS1_week9_S70_	plate4_1151R_0_M_NS1_week5_S50_L	plate4_1151R_0_M_NS1_week9_S71_L	plate4_1151R_NS1_week21_S36_L001	plate4_1151R_R_M_NS1_diabetes_S2	plate4_1193R_0_F_NS1_week5_S51_L	plate4_1193R_0_F_NS1_week9_S72_L	plate4_1193R_L_F_NS1_diabetes_S2	plate4_1193R_L_F_NS1_week5_S52_L	plate4_1193R_L_F_NS1_week9_S73_L	plate4_1193R_NS1_week24_S38_L001	plate4_2529R_0_F_NS1_week5_S53_L	plate4_2529R_0_F_NS1_week9_S74_L	plate4_2529R_L_F_NS1_diabetes_S2	plate4_2529R_L_F_NS1_week5_S54_L	plate4_2529R_L_F_NS1_week9_S75_L	plate4_2529R_NS1_week22_S37_L001	plate4_2529R_RL_F_NS1_week5_S55_	plate4_2529R_RL_F_NS1_week9_S76_	plate4_3861R_0_M_NS1_week5_S56_L	plate4_3861R_0_M_NS1_week9_S77_L	plate4_3861R_L_M_NS1_diabetes_S2	plate4_3861R_L_M_NS1_week5_S57_L	plate4_3861R_L_M_NS1_week9_S78_L	plate4_3861R_NS1_week28_S39_L001	plate4_3861R_R_M_NS1_week5_S58_L	plate4_3971R_0_F_NS1_week5_S59_L	plate4_3971R_0_F_NS1_week9_S79_L	plate4_3971R_NS1_week30_S40_L001	plate4_3971R_R_F_NS1_diabetes_S2	plate4_3971R_R_F_NS1_week9_S80_L	plate4_3971R_RL_F_NS1_diabetes_S	plate4_3971R_RL_F_NS1_week9_S81_	plate4_3975R_0_F_NS1_week5_S60_L	plate4_3975R_L_F_NS1_diabetes_S3	plate4_3975R_L_F_NS1_week5_S61_L	plate4_3975R_L_F_NS1_week9_S82_L	plate4_3975R_NS1_week14_S33_L001	plate4_3975R_R_F_NS1_diabetes_S3	plate4_3975R_RL_F_NS1_diabetes_S	plate4_3975R_RL_F_NS1_week9_S83_	plate4_NS1_defined_inocula_S88_L	plate5_2808_NS1_0_Female_week5_S	plate5_2808_NS1_0_Female_week9_S	plate5_2808_NS1_L_Female_week5_S	plate5_2808_NS1_L_Female_week9_S	plate5_2808_NS1_R_Female_week5_S	plate5_2808_NS1_R_Female_week9_S	plate5_2808_NS1_RR_Female_week5_	plate5_2808_NS1_RR_Female_week9_	plate5_2824_NS1_0_Male_week5_S43	plate5_2824_NS1_0_Male_week9_S55	plate5_2824_NS1_L_Male_week5_S44	plate5_2824_NS1_L_Male_week9_S56	plate5_2824_NS1_R_Male_week5_S45	plate5_2824_NS1_R_Male_week9_S57	plate5_2864_NS1_R_Male_week5_S46	plate5_2864_NS1_R_Male_week9_S58	plate5_2893_NS1_0_Male_week5_S47	plate5_2893_NS1_0_Male_week9_S59	plate5_2893_NS1_R_Male_week5_S48	plate5_2893_NS1_R_Male_week9_S60	plate5_2999_NS1_0_Female_week5_S	plate5_2999_NS1_0_Female_week9_S	plate5_2999_NS1_R_Female_week5_S	plate5_2999_NS1_R_Female_week9_S	plate5_NS1_mouse_inoculum_S35_L0
1CMET2-PWY	19570.75723939526	17103.681727608902	21580.705749167013	19359.621001424766	18665.92975706075	16879.627631099185	19615.460862488468	20341.912326347094	15526.335454691942	20667.89021269413	20905.23405957325	19316.084027384437	18757.700341135052	26996.399432812854	24157.195285842623	22495.636960056774	20823.201871128753	20758.980882267668	21387.592701551337	17769.354087452008	18980.915981987666	20333.98421850829	21788.43849250519	21785.22296604129	20087.964139677875	19384.49877511065	16991.65478270063	18996.22574310361	16843.84977452459	17287.388839166055	18199.13277517628	19378.975262415104	17470.16792809559	17814.385413712447	21105.84654890626	20853.94658090105	18842.74367846847	20101.963928469144	22945.730889897328	19731.50153423413	20983.153578596684	21071.806710708548	25525.483281851954	13408.3134998513	13958.54017257438	12512.03740372465	14908.95259929597	15319.904052129186	10611.698042784188	14908.059172041192	16237.032102022673	20133.709100022137	19189.137765388547	13688.731840452876	17636.7798365224	15388.643762771126	13613.420080835713	13944.313826523856	16094.64444488721	18585.539035408674	17754.88492160349	19408.600836084835	12202.352219121636	18441.769344623153	14332.778093764387	17033.970167767646	18669.80016434837	20503.459801292647	15496.957855857361	14865.60955595013	11114.144330936326	15198.19628195615	12741.540801484554	13502.109042360125	16981.21374459745	15167.33257054795	12111.560195564638	14212.231494674777	14169.29933771018	15326.939649700575	15734.746683138103	14464.459382829838	14871.610338041144	12253.42940889233	11367.46274419596	10486.241037666025	12296.962611877032	14681.206336121673	14583.637238013887	14156.128277240106	17155.046548188722	17355.745722438543	12043.702457976162	13390.805927512576	12548.886864010094	14536.099650672671	11372.551862535976	14376.65952638322	13479.780276945934	16226.824876555529	12096.734995182103	13002.392833901597	11752.678437963752	14178.481632861498	11204.274593213408	46371.17196586114	24109.49785728631	23875.652669398773	19131.1393548199	25421.34663000413	20036.33354913448	9999.710460070346	22589.111517318255	18174.740315760424	30141.002366010518	24317.36866900724	17001.956892698596	22281.611211197203	20444.745704080433	16154.211125216463	23479.162742285836	18324.821828152264	25644.560841074996	17864.929733360033	31631.43114804538	15465.70365868538	16803.894562104226	38496.23605251244	27483.10032673756	17222.387931951554
3-HYDROXYPHENYLACETATE-DEGRADATION-PWY	327.4129822465641	282.47607127129413	396.70163699743046	242.2303186395074	385.0690342094098	482.11143881476585	235.99354778226612	328.1047200611888	3357.2809469389986	668.9061406851497	307.2830598235921	319.25264522035036	383.2825394903126	1207.4216104952964	410.01768988569523	366.82706695381404	182.64504640165774	900.3738521653319	357.04150823282936	199.98901824049827	215.65453368677962	659.6986061533602	588.8251739239425	344.5052683132678	261.3765211093939	737.6267137208184	281.3148150053814	222.4644475163551	133.2957571192894	358.73431895356435	460.33683414525825	326.1955865615416	387.5656619578148	185.02124905295435	728.7225218636811	350.78865584030297	264.89526783224375	201.93744039981684	142.43289816442987	773.9361343824784	315.7670159564267	199.75970460977564	291.85108832250074	100.7461740485527	479.3463342222361	96.18171774039577	497.2007531341842	134.83624457702646	140.20639001475698	388.6891226135466	150.7421113903873	740.4252768440429	434.4548835391103	102.00712737548204	481.99419203091645	183.98138944348207	162.69427697010426	537.1207024672543	118.60652573354051	386.8325253206111	581.389577813847	209.42178349144186	416.42213948096224	225.96619982301254	348.50123097281164	331.2787147177112	239.2034374346608	421.7283271820525	691.9222794264458	96.39768944973962	476.5900631208192	542.5190989834065	115.80037371559798	170.0652187137083	497.5756789335153	254.96721438063165	252.1441364388819	304.1000997077799	221.1961626781818	334.4398429937797	692.9725614862344	240.60392708855792	499.64055981703723	133.35850577078534	79.40284274374477	382.37813965025015	101.13210950003493	357.592994714958	466.26848945887394	444.41458868021465	182.8372666083722	389.8301034670803	132.56596797100536	75.09547291943616	179.2595685374146	176.2142840891698	764.2770286127877	193.71309422601183	1221.7182627156578	135.38918303398773	95.42911563075333	316.61658827208026	386.89096764362074	142.64332030908653	1925.2971658915642	891.6243695297463	392.89489690097594	686.9631093458457	554.2954368599756	585.9661084902293	274.817922473043	199.35828144558403	315.598928389509	677.317974563857	510.17924541159977	922.1518924106396	190.77527651452357	663.6574672942824	390.95168030531	465.45634375400874	260.41173362879505	360.4402749795404	406.22336208625995	324.29399064520015	614.8540173312623	511.3571728784273	334.82955906350213	1440.057129197739	430.8247597039174	3199.3442308132626
AEROBACTINSYN-PWY	158.57999999999998	132.70999999999998	213.14	130.57	221.42999999999998	256.86	110.86	157.43	2237.29	370.29	136.86	152.57	186.85999999999999	706.72	197.14000000000001	195.86000000000004	74.72	558.4300000000001	173.43	82.57	92.14000000000001	351.15000000000003	305.43	174.15	115.28999999999999	426.56999999999994	144.0	108.43	51.71000000000001	195.71	248.29000000000002	170.72	176.57999999999998	67.15	416.71	168.0	120.14000000000001	80.28	56.57000000000001	459.29	163.43	94.57	121.28	40.86	279.0	41.71	282.14	55.43	64.72	209.70999999999998	65.58	444.43	254.28000000000003	40.0	264.28000000000003	89.28	77.0	314.15000000000003	50.29	186.29	336.28	100.85999999999999	245.57	104.13999999999999	184.42000000000002	172.57	123.57000000000001	243.58	413.43000000000006	40.43	307.28	325.72	48.0	82.0	291.15	133.86	123.72	163.72	108.72	180.43	407.0	113.28999999999999	277.43	55.72	31.86	204.57000000000002	36.0	197.27999999999997	252.29000000000002	248.85999999999999	84.71	209.28	54.29	29.859999999999996	79.43	73.0	475.2799999999999	99.72	847.5699999999999	53.86	40.0	154.0	218.42000000000004	61.28000000000001	1373.8600000000001	469.14	182.42999999999998	386.43	286.86	319.71	129.43	99.86	143.72	399.0	223.56999999999996	534.71	75.43	369.14	181.71	252.43	115.57	186.72	195.57	163.85999999999999	297.57	289.85	177.70999999999998	835.0	217.85999999999999	2289.29
ALL-CHORISMATE-PWY	4715.328875535559	3962.3356479794847	5260.500079471611	4316.617401627139	4863.624401986848	5119.388151633225	3843.310541308464	4808.481110369916	7578.225986345197	5713.532312768383	4447.978975570177	4411.831343297415	4882.509913087442	7454.123332849555	5027.384948179167	4600.531996113065	3225.503541350671	5494.171145252084	4269.157410888558	3211.9223922881733	3564.049928488278	5009.555415448659	6055.044780064951	4779.924551370936	4100.957975644014	4057.7831590325613	3419.7262696561233	3405.071913109502	2549.9248051213403	3261.9836650917996	3981.028938252786	4071.833552414963	4533.688349282734	3156.6919034417606	5468.369710786872	4628.524264604257	3912.4460771706513	3366.883281661586	2860.5629013025177	5619.320756578852	4392.078151681459	3731.620009558166	4623.143482616447	1811.3063660394068	3721.803500244317	1827.4410362713431	4082.5667295915478	1951.1394233136582	2248.3807500921343	3724.302199757799	2764.2238095673815	5356.823590667514	3973.5456527883844	1971.766780533141	4249.901781866044	3186.6617250799513	2624.5858176608976	3831.0450983329565	2351.790500940633	4338.371344167329	4711.076769391454	3648.871770319679	3088.739036720794	3797.2585164277034	2856.2377420289654	4320.671935702719	3966.244827879049	5183.051371993917	4338.861373612089	1948.831954023629	3452.0753715926007	3840.709162451262	2019.8602197098285	2703.039397730614	3901.847892134655	3694.223751207905	3103.1154242897364	2971.9846534624276	3334.147697240248	4088.1627370882666	4401.058935766358	3367.2568823587453	3893.448928230973	2235.820088471696	1445.9537397804093	2951.469108041645	1758.9513821982468	4063.131630267094	3853.739711101436	3930.21622973129	3190.346896442952	4731.845505743146	2187.2620520588493	1524.4519866352805	2183.0516321301	2852.7948815638647	4001.396765937799	2804.656615863996	5331.285226762087	2493.3581468251127	1765.0693385747352	3453.3494030977695	3739.7502094454785	2440.738936494015	5860.764139865752	10262.638183207793	5684.43236957596	6342.9702289426095	5591.882510776801	6016.647128096642	4135.645059225368	2226.954600175377	4813.929337994693	5108.5775380379955	7051.505395939182	6190.351373692265	3097.1899712658114	5429.729305055482	4687.9535366036625	4158.0439607539465	4746.9744179883355	4123.76177416346	5763.552040680499	3795.5296941508414	8059.190970071278	4011.0102943281267	4008.254345088414	10614.699298792324	6569.506235841725	8931.638908119481
ANAEROFRUCAT-PWY	10157.594894146356	9002.121784777151	9000.178716477481	8367.972487027982	8573.729029256861	9556.799388046311	9632.534482075553	10060.527794949932	13712.525064004463	12329.266007789385	13882.017925649816	8661.884407382733	11206.729672016236	16269.920782560112	12696.598472450538	7695.029213737749	12172.067352965802	10213.995525102846	9185.936692817937	9651.290291783336	11119.707719055377	13340.511273500364	14339.665513558251	11616.375047420232	12388.301277637973	10465.219972144967	8374.711134452045	6683.2248824955095	12355.15892459271	8242.564359586744	9372.881720684205	8914.107525568754	10682.051578745517	14005.145009271435	12830.360699843406	13054.604184750979	10476.53952555977	15073.620922158223	12921.906135771671	9700.943383420185	10117.182649155891	7272.184242746107	15305.67578399398	9545.666861091517	7180.406273492741	7059.503567521817	8873.255912054577	6896.40471215486	6278.428952768766	8475.173510336064	9762.671581133623	10694.824039842299	7420.57454971028	8952.665135048586	9728.233711702604	7024.031225602967	5903.706454855514	8237.45615135066	9394.025373400102	11831.803757555426	10300.143994687598	8965.338116496314	6917.173079679013	9330.357073892423	8963.53050969424	9055.713422309893	7803.274840589504	7106.82276146989	9267.933914432386	9904.20508451439	4442.225149776518	7257.154260566656	9387.88222736476	5857.084023439382	8038.607937976103	6750.542327276282	6936.408332560147	6968.381301564013	7416.808935868878	6797.9392190304725	9923.344567018352	7606.9230040439	9804.102390675309	7471.217481867229	5437.888446547147	7857.570129687522	7608.644618227994	6211.947800910044	10112.450192786871	8957.026354449428	9687.715107157937	8972.311811942027	6076.616616363381	10887.40023244554	6143.23343174846	10125.11794923343	7121.797638650202	5618.342694610738	7633.128175078611	10420.117324648578	6851.999956795316	8256.79826945	6468.980629235722	9216.28048120762	8646.16828949225	26817.258354143138	17035.828917156014	12534.202219927936	13536.3407654741	14047.944263574547	12707.364778891118	6805.826548294915	14678.964442175937	10153.862368761706	21187.390822708094	16123.583761572467	12223.12800492265	15578.153145418515	14630.26413654801	10344.844800418829	14203.93009154584	11202.614629361935	15689.634151061007	11693.898919046365	21186.0472226036	9462.781185930446	7303.324640903935	23458.51069958946	12893.747138020788	14255.418656523541
ANAGLYCOLYSIS-PWY	26292.57971083676	23439.871609285838	29114.65923745974	26174.246728617112	24882.302937845783	22823.85049613712	26550.828519831528	27343.50630214475	21897.352240870987	29281.152571291805	30009.333750598293	25106.253812469917	25585.752344511457	41343.75943681284	35369.1415663712	28484.4907069049	27581.32897978263	28680.192220312627	28318.19776461793	22588.482867326587	25831.699299623448	31232.73118054306	31084.40689318153	29330.53059730369	27158.106045333665	31474.742516011065	24925.05180861382	25746.52353023823	22101.352491990743	27113.858779029233	27486.520854704504	26473.405910089463	22714.931039554558	22222.955685349596	31140.43543148771	29229.43689595085	26188.182179064544	28544.687821851796	31760.276081470776	27678.5824145862	28331.736814008746	26007.713009890747	34603.07458544715	19481.116617325013	21411.557541990936	17927.94324134647	22613.317312124498	22986.162210921877	14673.337577242044	22294.962491473336	23192.60533562594	30615.548675431237	29427.044639077976	18508.96271630294	26038.036189889153	20549.32199493746	18992.31588357015	20429.380411180253	22787.21125017654	27125.22365049865	25635.727245084956	26877.844477027804	17979.614269108748	25124.536304872807	22798.899573468832	22916.78530531562	26474.274918757594	28675.78477630132	23584.054434903886	21337.53425897145	16124.319315325647	23599.019569689524	17787.38486564858	18955.133083949353	26102.7529666901	20304.181034200992	16989.431901053504	21279.790870719673	19230.216661433937	21175.203784019744	24180.435319815064	19541.72844034936	22742.45104468244	17266.256514093227	16690.856139775875	15259.639054358515	16857.44373856923	20243.33495594363	21131.699609370542	20285.940684150843	23577.92446552829	23257.455561330884	16856.60098197367	19522.439397960934	18294.869932183345	19899.287899882947	16311.237742275216	20241.12190477774	19553.783580501968	22042.017562065572	17558.200788559163	18363.437548119568	16374.754947764279	20007.24071632385	15265.87785554037	67229.93007127145	33385.87669327271	33709.38093500396	26249.260584042604	36530.22074194786	26851.07108337431	14368.194162868414	30252.12055431816	27317.379381487935	41923.0812358514	37235.35204862019	22254.243627640953	34631.05227456463	27544.66455592417	23585.839180882333	31322.981021958265	26917.039486673122	34345.05986745973	26926.209995483987	42388.76591421514	23022.483716754658	21823.35127736581	55415.9555824228	36704.175569157895	23253.605851523786
ARG+POLYAMINE-SYN	1703.3941314678289	1373.5451879265206	1758.8926639097012	1538.9908806557612	1836.8151817057228	2039.5188748132675	1719.741914022902	1727.5094222572332	6707.300935590956	2478.9176865747354	2036.9467598197743	1775.4571169596784	1888.1596822946892	4248.41116063723	2963.1664757917956	1601.2200764676402	1474.1776111070692	2344.317637619985	1804.701558651422	1746.1185297550674	1638.3289346389881	2684.390553300561	2381.8887312610477	1663.056277024133	1918.143540796381	2498.9688460781776	1354.2746113245587	1684.5566942816686	1331.3167447504463	1685.3881632071923	2134.6610387231212	1705.465777537302	1774.5513038263177	1757.9585888692054	2377.4679079691564	1905.5420345839914	1932.3222111382372	1698.2321329313986	1541.1466837965609	2571.5879751448406	1550.9090900123738	1593.964442009047	1946.0268296143538	1204.522230512778	1880.509608975317	943.2567133769304	1936.2367415497902	1503.6839322084727	829.4803201804826	1899.9581173400186	1255.3544092447155	2569.6990444949734	1684.5976519762617	1229.4643949140202	1682.4223994630188	1092.384272923441	1152.4927976981573	1595.8766643097617	1278.5796154039358	2474.7869756128143	1759.5105497274135	1381.397616743225	1215.2768715188708	1744.4169671036454	1551.1342027141238	1827.1483637434724	1292.2734235565717	1915.4573116012352	2411.9432477559567	1258.5763892497926	1411.273099847854	1853.6545358325175	1222.0806164390203	1154.9057487856662	1735.2617037885207	1264.0250137835046	1234.2947782759638	1322.1008237806823	1213.7616484026162	1272.4979101526314	2048.8664823067693	1141.2734889425533	2161.6036175883887	777.7245690160086	741.4918193952257	1607.504326518588	1036.5207912426606	1604.4548101532828	2271.2162042064074	1679.2371226527796	1326.8562233592622	1816.9785739284384	1231.1185166561556	1333.6490707150538	1343.2054854457335	1006.7572484013895	2305.0759346857685	1017.978756396644	3194.7873811262307	1317.6340048726186	1134.5366184576544	1657.8891708595575	1240.3709893699731	1388.0350407380913	4339.128274697701	4343.394338856334	2572.096046827793	2737.089060860354	2274.974336006649	3410.2734762375294	1839.2516419599174	1039.8818185736243	2004.4885387432853	2221.1495460484366	2699.3243065573074	3555.99804315783	1437.791239703584	3968.119896685931	2136.8312900427686	1806.968138150016	2059.4539341306236	1770.8670401950305	2218.266418311937	1851.3219883619754	3343.1967099849594	1723.4818121970918	1752.6367374509102	4795.428858135774	2735.147187587035	7516.311160934274
ARGDEG-PWY	314.6520602760847	261.4998073489874	398.6756827198302	253.1070074342354	413.85851800840925	477.35468445792964	216.03532584165296	303.93445772121964	3694.200580554067	689.7961153336415	269.97679691155156	284.67091817629614	364.18904916090673	1267.7819203124043	360.493358563978	365.10648494569193	157.5459755408821	991.8031512986921	331.50981378809337	169.72507525961402	187.5412078643165	651.9084894642527	588.3673833395072	335.1038640076889	227.9491976614291	762.0958225266587	270.96458355480036	196.4628046779161	106.10920026564057	361.90189992134066	450.750347548606	324.87104595938587	347.4198248343834	143.27588161878447	772.8936907111804	337.5603727054409	237.41421039121425	165.99260159359255	118.6150333420493	817.0420277648101	313.34782422494226	179.4985299766331	246.83173800798002	84.70563895565026	501.34602949680266	84.57139303312584	519.4492861433043	106.08596227561509	128.21580700050274	391.266303818492	131.68374484211023	805.0380307466586	458.49294193664633	84.76996320905064	500.66834768860457	173.93716023702362	147.45833943750955	579.6038020262912	101.40143219614527	350.7741461523148	631.7340901025966	197.7012249275105	456.7906040965433	202.76382538685667	344.0719433919532	334.2256572083007	237.19409488498582	438.3248871867241	741.0193966578879	82.08541533322324	531.7692704173112	577.8090716325687	96.39089294698034	157.7583928293922	524.695574008989	253.1231477679867	242.85503294784417	300.6062978834294	211.46038592054052	336.74310616271276	736.6071443795546	221.6781614490327	515.6426985271116	112.25226090344677	62.793515205271376	386.16243246307005	75.3339406800084	357.6347599453487	480.2220390199897	465.4753528491754	169.2954077718114	397.66869705357414	110.71419711310192	61.632796408105385	148.09432175845336	146.2923157260968	831.5204380950769	188.43238750014663	1414.2073069051473	110.74230105007283	80.62409480038619	293.2689215469354	410.012707791096	122.78205782153054	2267.929614903266	899.9938819248927	369.04608529991214	718.2511328435022	552.2990476659395	602.181944022513	264.1540380973731	197.32090054674114	298.6323994551784	729.9493106118955	460.73501063828405	995.2222666621122	161.79930257765713	690.8483933214226	373.1168427987394	480.6793372322108	236.75739608867372	370.22280881752124	399.32434156870744	322.27221242637154	600.2806598948971	546.5367419999101	326.10711437562986	1555.8740050949461	415.7688761608804	3772.6588443329333
ARGORNPROST-PWY	1510.6917053889624	1210.8335472139559	1618.8675445804927	1544.920059472481	1314.1324295559994	1266.8803058937508	1555.3480534166372	1239.0626667682322	3207.101956370208	1826.6353839521414	2087.2958684595023	1234.4550073455564	1665.6914238742092	2473.6961298659794	1182.8808749294035	1101.2713576915119	1523.3769896684785	1678.6366080849793	1260.4737679669008	1523.0574493314352	1542.4729857000061	1957.0522577006084	2316.8108631091945	1543.168423936033	1983.3465609519867	1521.1096656592224	1632.951400933037	960.0709360050594	2268.118869962204	1014.0383270179296	1276.7884346163244	1425.9445193035017	1759.7954056426395	2390.0879759840686	1574.1246882889116	2036.5757047547813	1625.0802527574554	1837.2264497952747	2062.4332030352516	1670.5962160821302	1821.5176036324788	984.9364841693852	2289.548983833446	1425.1616465419245	810.5115916890426	1129.8019581692272	1192.2385170454784	1216.1999279341894	1038.8007955945725	1308.2989240181373	1660.6369184130915	1565.7132629521711	1124.7707146913915	1313.6752504442636	1486.7932498417924	1355.5001474788955	1146.7232978365867	1371.9777196053349	1705.1289445185923	1848.7441334396754	1700.9559708428446	1597.3863067981104	1089.001088471939	1628.399861323802	1535.1661529659825	1399.340594171523	1577.9307914311075	1344.9100373993847	1337.4765715594965	1439.5953009948728	780.4325557910322	973.4697346157103	1364.0962263893061	1055.7074732645754	1351.1877104147618	1020.4214347462503	995.8498145933625	1081.4356298194991	1093.799709181805	1087.064741902702	1813.5937325419945	1097.2681183076081	1481.9526803434858	1328.6102359277486	1050.594279628302	1173.6096171961465	1357.9817031218938	1219.3087580647575	1454.846927653091	1225.395511249003	1531.1455557256538	2163.4458637776484	1136.7072753581526	1614.874703910734	876.3051079814082	1667.6205192658224	1119.7856231818603	874.3969239528468	1230.800601591722	1891.349800318079	957.6011132907173	1237.5460842837545	943.737635444931	1559.0121580072137	2226.1115772198928	4048.580136406406	2489.206083717275	1836.051313757659	1818.8079374060865	2356.572621939736	1516.965201974146	768.6677713148579	2002.265763767487	1315.0643789108017	2652.5444795117514	2493.0557611865297	1519.357065359217	2621.62326136893	2150.981930237861	1250.2433378532567	1923.3885958607625	1516.3219258199374	2048.2092869691173	1184.7092516857917	2810.7838123602837	1139.3932611891341	979.6428384352084	3646.6100457476914	1925.864975914549	3913.0013097143724
ARGSYN-PWY	15125.329487805962	13558.6553705105	16468.741377585564	14979.829013812698	14399.613092611919	13620.07179511434	15199.349556050296	15759.231124984015	13467.09406290001	16411.716882287583	17558.20117568751	14955.200033359053	14847.189157496508	22633.210251945526	19961.90474724493	18780.24259341402	16518.26063314732	17354.434938616374	17488.47971651162	13941.537901698617	14858.429387050383	16727.51101338686	17527.73666387741	16581.19954704613	16084.159227241476	13833.55245199771	13899.644989909668	14580.081345370312	13486.049374907281	13403.84357115274	15390.184040064523	15288.74691523975	14215.773746720206	13802.41500835309	17147.42594271178	16360.056953404053	15307.196751860978	16641.358949329886	18642.248085222098	15807.102843890667	16258.227436026464	15838.27039235459	19651.062767644802	10777.397164109268	10691.440027121585	10373.384204894992	12163.100683719258	8863.80557912888	8570.201450905332	11938.869288138412	13393.026301876838	16797.28560594848	15577.05765155161	11235.59537093226	14402.786871877155	11680.239418386936	11213.46464655482	11170.21813920947	13233.35858892347	14649.468306181476	14000.069782264129	15251.120426412197	9636.018667051496	14804.674356636913	11188.332257416148	13022.24108667247	15348.432153828599	16897.495397653794	13329.816831990252	12536.768780045633	9286.321049017344	12302.200296508523	10765.013905426813	11073.738524211281	14308.202822649244	11777.961051247183	9844.028663409796	11757.494781987845	11225.798881881063	12252.587998555648	13213.24082104074	10952.048871934301	12504.47394002156	9962.641148267849	8266.0277795931	8963.541855188954	10194.620557458915	11958.664336216272	11982.424098354255	11331.683548868386	13415.673319079951	13370.922399269093	10117.35503524265	11567.567592328762	9266.940044868923	11223.41253108725	9530.128147121302	11693.766604524577	11337.533710453563	12773.946293045448	9694.380585354897	11035.724375907133	9505.338495290258	11918.862696647937	9828.532813678437	37154.606322836466	19458.77757906912	18627.22604803684	15115.855884142293	20711.012104265632	15746.62892185452	8022.811613188226	18041.51469012225	15329.84781601388	23567.47237352141	20204.113307580737	13564.434327047611	18929.556211300434	15788.033266783099	13318.100946196371	18529.31294679844	14720.629263402338	19990.14999905793	15044.173256043163	24900.40992648218	12636.397855671943	12908.153459527668	29946.076338209084	20968.959939606713	15213.676661433696
ARGSYNBSUB-PWY	16003.13419973024	13587.97450183084	17909.565600365833	15629.829097221282	15267.518017831253	13691.448225862614	16150.15638217199	16493.69722531482	12583.749377765616	16987.08291827654	15227.938526086502	16092.910181154728	14900.251384987912	17985.785174546767	15859.463730046733	20833.63959394244	18050.896569837972	19160.596842797062	19245.71678006108	15229.077333706724	15416.044837038005	13331.368932872272	17358.64898351626	17934.85339795718	16305.966749452495	9964.201479443394	12803.68518742852	15646.993900499087	12715.181506059918	10225.284198292726	12292.705594155135	16741.06630974584	15544.09148847237	14888.91728202519	16403.618942840665	16859.892417051542	14657.803697132582	15350.591554704133	15843.744977006869	15808.771392434064	17759.40125697228	17272.85431786756	21022.110763056906	8795.882551646402	8116.418283803555	8867.800776822269	9603.308996889322	6604.257703145499	7841.924299417447	9407.757932935025	11018.63529009538	13562.655369482138	12068.457019909878	10385.877044590976	13074.344214362296	12368.395313469138	9702.665169548303	10878.319419382868	11788.786251980184	11665.911090806108	13950.535969289655	14736.866719571217	9477.765698390056	14316.792400947203	8616.18702043674	13917.95807949074	12464.618516176797	14576.530582096952	10851.229531348072	10329.739897649002	7606.137705315804	9465.492513522464	9133.487677678833	9696.56120235068	11370.729642657137	11889.546573202457	9102.638561500838	9403.845689151158	11064.389891727113	10831.652026447615	10665.881077586662	11771.04651649659	10108.617974984241	8572.239776779841	6433.852949089551	8050.012546301463	8727.738387888634	11069.4483598364	11676.054011399692	11476.714882876873	13836.363306192845	14382.758243826185	8933.291749501868	9783.186529206034	7191.890780296304	12132.744382834435	8772.201445587849	9916.371012278838	10452.965625253026	12876.885045375484	7710.492623687979	9229.937460132962	8739.815552285327	10621.255831984747	8512.453367116495	36137.112451734436	19473.8764618269	19709.709140038012	15970.243974602772	19228.463777603396	17180.53137415457	8245.715310011032	19718.574205231806	13166.592380068856	24655.11680534788	18240.172029204656	14780.747306349409	15912.115470500288	17124.75910058322	12572.7560460732	18384.93064973144	14539.170231087619	21792.63218870551	13074.707375017708	27121.147111226226	11962.746153945947	14113.37164784738	32193.636424683707	22562.673053477993	13429.233427891259
ARO-PWY	17076.910598698516	14674.118797706005	18883.732940267826	16718.052064460946	16262.207964629622	14674.844103915062	17046.47885243322	17542.278004360272	14887.35751094739	18309.223819154486	17314.819958269636	16712.049378500542	16115.680100263002	22519.860750938646	19398.378538263318	20575.480166218706	18488.373406849678	19622.758980204188	19430.1068257509	15584.874984508595	16372.803458613149	16634.905619822257	19013.712265267786	18914.249492671097	17248.555272938363	14924.470012015501	14370.121935079753	16509.086479083624	13916.532032739602	13453.002890850481	14905.335523305373	17341.517575264883	15784.684813804557	15275.268899431334	18444.262292711013	18178.65060435326	16039.667256799252	16877.93377865719	18290.834496776733	17285.13845862647	18512.124125904058	17981.783931488226	22093.310458345866	10595.017124688997	11088.402199862907	10171.163035734759	12143.464258865883	10397.545252927668	8781.98478886458	11950.620640827126	12974.453491388982	16845.08787476634	15275.591906014619	11386.976576024468	15077.814719706996	13177.272076864847	11087.113622061592	12340.5186457915	13262.7293434998	14650.585350884327	15670.337292992155	16239.085656395155	10767.9144805605	15583.044570623355	11386.202522326928	14889.675175525546	14840.209243603183	16863.761099465453	13209.990183752283	12007.490570614798	9317.999333775584	12338.485419580311	10342.480575076308	11057.591647882098	13966.232599188754	12858.199730854807	10248.639608527728	11483.3090086377	12008.804878466965	12604.434262579623	13198.26601006063	12519.70432079801	12433.065089179936	9888.258696532575	8347.52456174048	9032.383407524827	9928.237806367366	12475.92875281959	12904.098449131534	12491.688527519354	14754.885765951076	15454.657687492501	10100.447500865575	11063.967505154818	9493.173769556486	12695.124375152005	10050.977534937743	11576.763273783254	12236.87590769076	13794.065429469132	9482.136048628785	10687.244389968568	10029.77749950094	11817.9011359949	10710.971238808917	39960.88472663749	20878.569667176387	21215.674593535157	16861.867370406075	21796.636961978653	17787.739702958384	8828.331285858894	20279.507951530628	15564.823496773477	26373.856518321893	21341.88539752935	15087.252616989188	19190.397785946625	18022.46924977239	14018.79789857722	19889.28458132186	16082.605051202465	22718.061945259567	15104.143051113175	28205.894755828576	13565.500906297659	14704.670235331403	34874.88987620794	23922.947631975567	16790.134275605866
ASPASN-PWY	13541.844628891473	12601.229131053993	14300.58902151678	13195.311931488197	13016.107827716289	12363.139679960474	13560.669769021908	14155.204412405727	14166.441203861057	15338.52245734847	17986.18448062182	12388.713512650775	13960.407427327313	25327.42827719137	21111.013121774904	10857.109415110112	13459.97037734836	12448.280861610927	12090.293241921816	10845.766918398464	13581.137964579812	19569.48544907021	17304.65816654626	15563.015367121878	14717.7467170858	21000.394476721485	13751.668870604217	12361.55652111506	14277.897342747012	16966.690489747933	16248.738293642957	12344.01153884726	11045.719118596711	13217.979734556891	17622.006114520835	15610.66777006285	14075.320271777804	16992.71365974828	19077.25131013333	14774.022894105636	13907.982133850444	12769.175709492592	18258.720632336965	12491.611717711738	13586.31465418534	10550.396997783273	14170.998970523853	16126.725217075058	8637.304250245905	13960.58253624657	14329.277298774829	18404.161102047576	17679.63843828466	10870.755178207623	14492.797815071548	10490.530659309237	10975.796703274222	10893.593531406612	13069.70048118353	17678.66600413686	13495.756567932816	14539.813161877231	9593.034257219166	13422.391824275213	14663.577252762194	11894.750630868599	15700.349587747469	16421.199920508167	13915.96348899921	12932.295369822354	9409.959834437903	14498.103198393377	11192.666229176777	10654.701984647272	15582.526086602546	10693.82792717293	9381.298203383643	12746.987005775594	10479.437696314157	12147.29755535992	15000.855139162884	10182.672526085287	13879.97285667903	10521.053476992263	10872.705658591518	8994.678721781906	10435.088186382538	10836.653851045317	11760.012823788024	11149.337958570231	12427.577469437767	11173.64766464183	9038.01723387681	12077.549995688305	11902.040424126835	10971.032227079171	9451.423502835207	11703.414585906305	11145.153880492668	12438.387506205156	10808.134712490139	11198.530076540674	9240.467021318673	11556.089975445899	10232.947385588777	36970.33089581334	18250.625607126756	17076.17989531578	14248.762452457113	20365.695199462516	13451.12122889732	7690.887896531805	14523.066946455887	15721.360443303101	22772.14136866157	21396.375689043878	11493.804100446441	20693.028582974694	14565.124223318933	13205.93703486776	17290.36127627316	14313.540223888227	17046.273461362096	15823.514038531779	21538.91481106538	12660.496906013484	10521.937490215994	28077.743549710354	17870.613683467895	16055.12889294855
AST-PWY	186.87360123067145	156.37250887103397	245.45209264361532	153.26879330698557	257.78237541358254	295.65023583887734	131.2423104827547	185.39296619551507	2497.7134361744866	414.8166850746646	155.92799953420368	175.0278816039846	211.74925040255232	792.1411421454842	222.46529212164256	221.38168542402053	86.66235952886657	624.357999546361	196.8053277882597	95.18119740276875	106.80534173541336	393.90929308244455	344.1578620593959	202.4909897902328	133.32574547650117	477.8956307562849	162.82670341610793	124.04872106567439	61.82096931853613	219.61489346134348	278.3066975743886	192.1093854461301	202.2697604053222	78.12887102591849	472.9049745673352	191.16712574466723	136.72345108330973	91.86274968394437	65.6689306923203	518.4548730266949	185.33447219778037	110.06315269607309	138.5864613119674	47.1154422646378	314.1271634546956	49.12296538626818	318.92867990693827	67.22950690980018	74.80585222775733	239.2389178617992	76.41872274014511	503.34535931339906	287.11699038724794	47.45973682873546	296.53500836612653	102.14251651606044	91.26824989244997	351.37419165246166	57.34809171623437	217.55169343766434	377.1463904102889	114.73223110270636	274.22824006322713	120.32709831611673	207.29082949862826	197.71011770907387	143.93729603793872	284.48954620173004	460.57524961390425	46.06212791589092	348.84934352786576	363.6616354263678	55.8139534883721	95.4918620551646	328.4953264072623	152.3803635053445	141.62954514522144	184.05416892058025	124.7446424257067	205.9783780731057	454.31291538720404	129.84720044587527	312.24880705785216	63.92156816437386	38.31222548107876	228.47351636335236	43.01635891658912	229.27995044217542	287.35344380256356	282.9626420794992	97.26035384866934	244.7589226169236	65.57971504340337	34.060620350301676	93.83683330223172	84.1659754126255	534.1440282661501	114.97044449289808	950.5138870656008	63.22962774728377	45.85646805336869	178.66865423735138	250.53666367496555	69.86380804775845	1547.9854354563424	527.8681247951369	206.0016176961337	435.5396995320457	321.1130318238435	365.1866787912778	146.7246984225178	112.81699998073329	161.746786764298	449.0285259549462	255.50685702016384	600.369427469221	87.7358845746396	415.05059026284124	204.13217962509827	284.7745466728977	134.2539756641903	212.201221908746	220.92040048059638	187.17959212643132	336.2973914514492	325.8820356269405	199.6403038108861	935.5701796850173	245.68937470257063	2580.414038223062
BIOTIN-BIOSYNTHESIS-PWY	14905.426585783503	13411.840267196576	15338.552270634134	14632.854456731822	14175.459674490672	13111.156270802572	14369.413759419069	16559.01861196455	13653.759699835495	13790.866559179296	15535.863551129776	14526.277647529982	14563.417778532386	20235.122591252446	19179.619962949862	13823.295966087695	13392.518313103285	7855.683033491253	10756.082101589573	13016.25915771723	14610.915351315132	15244.81230570677	15458.77946229893	16075.774826355462	14872.183973569949	13502.559252202955	11246.406375265493	12996.720485700107	14887.245163914884	12237.22431109223	12962.973539908273	11551.032251799332	12261.517006720203	15129.631323579863	14498.31829231054	14839.059028540089	13939.71739435545	15350.672001298819	20699.157101694378	13799.897884581145	14137.39256290292	17498.23458471305	17656.027965774163	11202.514648669203	11182.560895685669	9641.155432336403	11702.93312932637	14974.136382928566	8716.549408738927	12438.817504618246	13471.4673881808	14773.979425936855	13965.38077174085	10865.837364177849	12248.031740986742	12239.416322877296	10990.625061475239	9107.569936163212	12925.161865308346	15457.412583754394	11337.962121649487	15246.919275354303	7764.37766483369	14356.175236495035	9420.422671254952	12604.325270976486	16366.26696723016	16667.586595850466	11259.891193595	11901.257037838928	9590.092094057682	11284.95720603964	10815.322330335828	10983.088633384903	11278.925301122197	11955.525008445218	9722.500172886697	11591.135136253648	11129.426159090302	13499.912744210089	12156.830980193728	11301.827560745038	10517.758872526181	10654.935871120066	10834.322259668008	7731.502284312045	11079.37759918154	11775.104772011538	10187.737262259918	10346.295542186666	12075.770544875322	13206.988164408991	10156.812793999956	9724.712747871728	11802.092062015716	10647.971904116266	9285.001701846568	12622.122364742017	11016.979671181309	12409.907240554046	10413.45218045161	10935.292878586444	10448.406193072284	10453.886561756939	10849.090150453489	31543.367710845516	17525.88647226934	14774.718650480121	12799.760974554858	18970.856329275637	13202.81167988867	5962.788125891239	14470.262530523887	12274.921079832906	20727.410157077848	14580.829039614484	11789.717873655156	14445.30170648733	13952.325746888191	10789.389640705176	18550.98396733541	10504.246880234316	16900.866922154237	11506.743914146942	20296.198303119134	9444.832480731528	11634.081957770733	21150.559846274296	20935.294803161887	16132.642240711073
BRANCHED-CHAIN-AA-SYN-PWY	20984.455468495136	18369.75565322284	23309.44282642985	20885.2673304249	20024.988689169597	18091.2815355805	21123.634308096607	21850.147664366512	16098.969324504025	22363.183779492563	22325.842678986628	20614.164843813338	20013.264519747518	28965.341482810378	25539.052284046804	24327.80448341079	22448.186046967025	23007.965169543346	23289.480067708653	18838.643721226646	20310.72120818873	21839.301789699646	23553.600693763758	23476.001517166027	21488.652965197467	20969.353736108842	18516.41948540576	20440.081102159827	17762.726798262396	18657.81144474868	19565.999184459153	21078.367403489567	18779.36512248612	18538.946245609513	22915.49516901538	22423.843086013472	20097.896101744966	21376.949180942145	24282.28079231027	21264.66860445842	22731.92317814382	22343.96696371916	27431.410272530553	14103.903313503288	14868.497677319214	13398.769182946233	16005.131304793666	15997.42374741697	11319.721981940824	15842.29354472877	17338.686554780743	21648.649055660095	20775.935499147126	14497.532087850823	19046.516082391307	16549.845660883417	14543.736488674253	15025.937267101192	17219.25093326502	19589.758835267323	19097.40096690142	20817.55577927106	13198.9486223195	19708.474799022642	15580.45995360201	18184.27334144989	19973.04058003687	21955.00397714624	16662.905547865248	15718.376028470006	11879.565956859955	16448.39893583274	13358.676465924815	14412.46277468216	18520.746156084315	16221.455548174623	12872.950233870135	15313.130613036381	15190.084250158956	16289.371310140685	17057.43374259954	15557.581347875761	15967.843301037808	13075.295907169959	12061.992988014295	11147.808728595372	12993.395040598689	15593.053711672965	15574.92513139042	15334.615959687366	18491.49649233422	18364.533694616544	12800.616655817756	14131.055768133512	13124.78030383649	15683.05247382561	12067.878475287085	15286.852197414215	14343.650534286557	17329.21346945233	12789.127684192117	13759.992832667353	12500.322162022328	15079.570141813438	11582.32629276741	50279.045692756285	25728.788605591264	25839.954212665933	20487.875419209304	27030.55190907485	21480.869752424063	10825.365602846061	24243.990128682904	19690.1320553912	32332.665370166404	26250.534027044934	18057.078324451235	23832.688237916554	21604.24460002356	17459.714451974487	24998.58042732745	19876.87036307235	27452.898293498278	19334.20461843338	33827.04983638484	16780.706356720842	17901.193616570552	41729.93860182601	29346.890789986985	17644.765771559953
CALVIN-PWY	20432.770796390276	18418.49580625162	21837.810065222802	19804.760495313265	19313.61646237344	18772.51460946772	20580.634226912323	21144.221949744602	21985.50910030408	23164.793612340487	25367.377600412186	20113.14215229179	20840.671294826407	34335.60362479346	30409.849995495206	19463.164339811512	21515.3592609103	20611.612064080684	20982.97185999286	18559.38971207946	20701.57693300102	26301.8083134943	25212.431695434643	22894.245462073948	22817.09311473571	25626.471543842054	19289.919061309105	19413.922817448747	20052.39852652043	21065.58753573333	22401.913194747125	19705.552041161758	18011.50922324549	21183.17684625474	24140.349540059673	23202.213139766638	21282.010026033877	24550.67228126675	26018.105527720494	21806.20831598431	21332.089156229278	20218.7081625491	27879.3956767168	16978.00315354043	17436.758823556334	14492.750876101132	18582.35045925559	19538.904080431665	12026.990440405474	18521.526273545296	19244.018179850846	23903.235265803276	22463.439839349594	16046.078869157564	20072.520428138356	15813.309654225755	15127.877443860523	15630.842389746771	18666.791888528256	24145.401973429212	19453.71092521134	20725.686622381363	13452.807044119585	20231.700997549808	18660.33449007047	17919.777214704634	20606.94692006121	22238.270581390683	19162.405956102353	18542.809321778637	12605.50299210318	18699.061007225166	15989.83125409762	14955.569323700985	20259.310726505657	15779.484142769095	13602.058952852654	16905.33625767413	15399.401255112472	16683.963004154022	19598.58000322943	15131.498131952576	18952.86501165154	14176.649246204799	13618.574258635657	13349.741348199877	14765.534002895964	15842.14948521114	17320.999844335172	16083.220019563818	18654.399341572698	17722.545021162805	13544.425556512384	17905.47896944768	15651.944517676517	16394.42951570335	13650.477675130365	15796.127775652678	15978.990177374108	18381.32709842209	14870.987228886352	15988.56015687986	12947.16669790495	17182.106410414133	13713.162175209007	52240.2872930326	28138.73014773412	25712.957396822596	22037.35086215307	28811.620344055922	21347.51505424817	11522.470488768482	23757.871311566494	21318.868840382827	33967.67095312741	28845.665506798843	18699.505585778752	27817.259180232937	22756.197449126157	18887.27236188199	25660.04663977311	20515.393157302675	26998.17587055991	21357.019247998105	34286.84349680165	17699.784319939994	17072.657570832947	42119.4210882227	28005.60549091063	21410.2786397223
CENTFERM-PWY	956.501667311133	814.4657551645856	1217.4931789750228	788.3904377616213	1227.7344544770147	1429.5617380591098	700.0883265159284	962.7912412734344	7568.117181170176	2007.0284362002578	881.6471942654936	913.7704031411009	1133.236736516684	3479.462489493776	1188.872407528663	1079.8179121136272	493.09771226231527	2538.670591242956	1011.9679356015982	531.464000067146	598.4211414983475	1987.7010006596363	1788.076598404404	1070.6549026411217	743.6808081757396	2219.2329543210667	876.0062572711201	661.9088223011332	349.95021420938343	1121.2617800224332	1384.5280417544827	1002.9994810360567	1079.7669829817246	452.42157090776135	2256.261442790873	1046.8841668215757	757.0280854830783	536.8204106003649	380.65019517288397	2250.311021675441	996.5016987134082	590.8280725536143	791.809548163858	275.5467015561845	1384.1118096998237	277.056354402664	1505.9932282030857	365.248572112199	414.9199735604393	1182.988407283868	433.06360795047686	2217.071038431961	1322.4996479248025	268.61040592600233	1442.0059546617329	559.7951527305387	482.42791861440236	1530.1471594702969	335.72643842901147	1143.3082169284012	1680.7813618978798	638.6768048158413	1241.1832264770062	660.1955682054057	1096.563111644858	1018.7784565687897	755.5966023930724	1269.4249177087922	2014.244399151543	272.05955190202974	1337.452767648933	1609.0534279402675	321.9244880936054	506.7961418167656	1522.4857945512297	784.8038828270141	731.7231794703445	949.8254978167405	665.9326779532687	1025.5142385548295	2112.280871171283	698.7535111340517	1522.8044039310123	367.01538298936725	213.19340325061347	1159.2980887403814	242.97205246832328	1003.6126491519055	1435.7943483952504	1391.7061715522839	547.2271275093412	1130.941408392545	347.78724437665903	204.10074397474767	500.16694292692546	481.75654358492926	2076.282639832853	593.9706256875722	2554.197124323849	361.0191365474985	265.5858176842956	924.0014972635457	1139.5938485574165	404.2774837262541	4562.8015259927815	2828.1330414950335	1161.221895922615	2075.7039016377717	1677.839015763711	1840.7884733482629	823.0468470656914	612.5755236451663	914.6977566549106	1997.3956412539542	1424.5688095920327	2858.685512782999	498.644104437557	2143.0079317590676	1133.5440364078386	1426.9656077719312	750.9865276137258	1111.258603181825	1210.2140062633357	1011.5429416024575	1831.5538107543732	1544.0637225710173	989.9441237872604	4236.803315913627	1308.8169502114436	7748.077041363076
COA-PWY	17112.711590028513	14816.94344583411	18952.215758646336	16999.41007566006	16212.771073057449	14328.81548803993	17052.79825715208	17587.52246097077	13526.248039113	17746.166683096606	17508.562192445555	16578.067329280617	15857.427177901833	23295.390912866253	20904.534263816946	19892.922353588965	17757.494302686166	18479.393244082592	19002.097868164867	15167.290570701645	16159.931960171318	17354.367626690884	18500.516500218124	18561.621435260044	16785.764823135545	17274.045593008977	14897.996264144937	16891.829999240355	13419.422552323265	15452.273117344228	15869.609310216485	17069.483568490537	14768.373120059727	13725.131592451966	18265.13121581779	17844.065390328356	16222.094789294266	16385.393558670217	19350.3509063565	17028.687332323574	18180.967897034498	18256.020963651114	21533.85868583522	11104.97674656418	12356.561542834472	10678.55248615779	12889.439920622322	13510.826304409717	8951.414739546759	12911.276443803046	13736.445817324842	17874.061476245468	17261.424209492903	11319.932783172617	15565.983092091476	13305.132707835563	11872.42704839045	12392.596791790396	13668.068915164691	15645.607713973546	15784.61930943809	16843.72046014078	10891.394839439716	15871.039243078734	12528.310973956277	14753.812969494693	16393.260436108318	18194.04925431393	13481.067191811935	12370.377956222783	9868.437488707134	13507.223093638697	10287.456478956323	11791.38157341799	15079.029556029436	13068.285458698827	10481.940114193063	12429.514771585174	12097.494195249243	13411.22097451788	13522.292007213662	12430.725192315394	12814.030259941377	10317.986929785451	9878.863989173797	8612.23252990933	10290.181744197813	13094.529373701795	12456.4629963995	12049.737216007512	14617.824617344415	15625.072644163147	10666.626614791881	10956.716214736793	10883.961282089085	11985.707422260282	9650.440580266675	12629.041851023483	11747.899167305392	13485.398871878555	10348.963977432719	10855.4502703667	10244.115568107154	11841.361409267898	9968.03303453109	40121.25672327118	19955.499358393918	20951.956944676273	15694.035516843755	22266.0393757055	16890.423194270366	8477.429914761633	19144.98801713263	16002.819769871288	25295.331684729827	21384.923837528873	13922.81226312767	19512.304517602362	16950.771948478687	13817.82225147684	19694.988435145162	16142.130765539318	21869.501999966993	15474.15977000781	26576.6352284571	13587.476627554575	14551.86759674978	33821.67006998682	23917.17626895654	15540.326833993178
COBALSYN-PWY	15304.345925153026	13521.351785691071	17512.155446787623	15463.84236625404	14870.541423137463	13305.11512613576	15818.536836045412	15686.59585593927	10235.570543975215	17345.56640410873	16778.520014361882	15182.409509829571	14834.881408170031	23009.434446974312	20195.421454424166	15944.002609596799	16844.82356196275	18093.87267433557	17188.688703045325	13475.053413811165	15276.934259862788	17458.263426921516	18249.306355766297	17550.681167583578	15931.422696305402	17355.726823460915	14786.335123896632	15820.19244652318	11860.071322446076	15342.747214628653	15743.822086444505	16568.51745320221	13672.981119904236	12247.460520085004	18024.49677296835	17292.76023467735	15431.48118424098	15865.49325648833	17594.827205506466	16205.223118565524	17536.116859127556	14764.877539070629	20355.8732241789	10393.058743495074	11812.050897501693	9997.937086092328	12616.362182072835	11765.38931224253	8256.996690781049	12403.446758342106	12733.409067081802	17194.4921752248	16908.094836321747	10359.99318664232	15028.839494230075	12238.404299430103	10693.830025287903	11806.53203825635	12974.645286256547	14279.411594646028	14789.214140855554	15662.411628310745	10469.077748256315	14553.786782615212	12785.386924402848	13615.048320581398	14812.481198067488	16137.464694406992	13319.14893752057	11916.692028199306	8916.386034501997	13428.877026793069	9622.796429122604	10774.655907334003	14972.534537378804	11811.015801656238	9527.660908844482	12260.411981485868	11219.86312582942	11739.8050660177	13657.395185398776	11458.190585148708	12672.141089783292	9520.339953866065	8957.39197743513	8591.531729458236	9465.498560178343	11387.753219682956	12131.347389719327	11895.70942747294	13833.687421557579	13344.6477585063	9262.725747800241	10786.107819636429	9999.196072499175	11660.781989958119	9131.709750710867	11697.459605791964	10904.096410790724	12573.89527335391	9764.87914605876	9888.99923663841	9170.82454322675	11402.777546268095	7096.048168719409	39782.99550752486	18840.959158221995	20160.085087829702	14864.314042022661	21048.057968483816	15977.47509155634	8401.33996773057	17894.23836726737	15583.826200064277	23572.464520146557	21064.362509708782	12845.933444779266	19468.691382112414	15467.529587752166	13588.199759772755	17356.160120147793	15547.694612020516	20208.216164811594	15361.120259781215	24788.62356602419	13288.67122139008	13027.1504338242	32400.593326547787	21787.91870827742	10686.075728368334
COLANSYN-PWY	16951.785081724458	14252.473260983299	18785.51929233125	16647.730897261463	16096.727989753903	13974.174986794782	16779.293587308613	17187.60104747098	14469.350901077649	17847.253726977793	14998.64371532931	16188.443526569265	15308.896941457551	19878.841918654634	17458.473789230593	20659.44194084643	17804.105170020313	19126.48332829992	18950.082685626418	15189.56047882443	15685.269062941807	13450.752938533842	18047.428975301078	18228.98829460625	16087.314069036425	10762.479253647602	13869.750491774752	16674.165465830753	11377.027973059505	12025.34677841344	13491.408902593279	17263.998025047058	15227.645941178813	12873.780891096432	17795.417951218373	17535.131025921397	15516.407506487667	14101.83052616033	16494.943948214262	17029.443235648556	18182.534360054473	17659.302928041972	21026.207053642986	7977.351304220195	9940.25285757517	9231.576151914413	10465.784618066244	7342.669206751227	8016.225154424354	10485.232447033048	11176.327092070995	16303.4610589658	14611.406973362682	10211.962062775692	14973.84863944117	12966.862324027878	10736.542394598157	12585.932637818722	12130.704534186132	11166.554221938619	16003.064886912967	15948.104905670985	11027.839303100547	15083.329260173306	8717.430382167246	14826.077818876343	14316.97340627644	16957.75577440077	12464.535656784376	9890.894916145808	9374.518500159633	11250.886631220928	7976.30788193312	10795.140039391343	12984.179463774117	12590.785472472928	9994.494130089059	10640.15896541208	11561.975860209983	12503.776360689328	11554.890206415283	12290.810030867558	10971.455105907946	8661.559168497153	6860.864171095407	7897.296565525045	8542.782750436374	12727.884181891222	12545.428937420646	11967.918311398362	14134.81662908671	15899.073581956847	9990.103123461276	8031.10098595691	8000.32795745864	11511.257842158117	9847.738824974767	11416.962626329117	12611.009612743666	12682.379391250226	8114.230186248745	9260.38586788395	9898.081409982331	10476.604280823003	10211.931304283062	38671.66667603311	19187.325690976268	21280.67837148871	15595.146035740385	21912.98301718037	17049.65078274614	8362.81055303775	19484.405678444236	15073.093991784319	24764.539245482585	21084.706938229992	13956.218040876049	18572.345847740726	17061.3881039951	13211.413945048216	18630.825267055974	15950.197426352055	22080.518247778127	13972.152718332693	26966.197004575835	13357.662929080812	14478.977870506818	35182.27460492646	23641.341778351307	15911.155961269966
COMPLETE-ARO-PWY	18722.71206244692	16091.905689094625	20715.534526415315	18338.507632779525	17839.56962599122	16074.629048215229	18695.545582807557	19231.67547475689	15893.50607981101	20058.97145085067	18973.699940645576	18325.458320537437	17654.971340955242	24677.06092160093	21277.633054978054	22587.476413451437	20269.160985305825	21508.07890304037	21318.35301472025	17078.577105013857	17943.163183560133	18236.069668372234	20826.285778622743	20746.725831168078	18896.24437105208	16401.057959331276	15773.355598071277	18119.72004160819	15226.426303003764	14801.129017403215	16357.482433279596	19025.67783725898	17283.55527346374	16675.866947903065	20218.13235493425	19921.433895122318	17582.027502077493	18478.169744278013	20070.82878400699	18944.08754305241	20306.89495307897	19728.631868571716	24217.06943030624	11613.63100394307	12174.240796887412	11162.531311357512	13321.49236414189	11459.438412217696	9628.306302642173	13113.801598131902	14235.503781848447	18483.2990332245	16801.85666364526	12477.33552507113	16542.999905254816	14452.112750599452	12174.543560114784	13527.084089384947	14543.063898360324	16060.41119710242	17183.519487690803	17823.819879291896	11808.655469048206	17081.676776547283	12501.863251599594	16322.922802287743	16303.585950081222	18525.255956380082	14470.555113743876	13161.511098114464	10214.963371372	13545.440282427091	11322.354625707581	12139.438570871214	15340.035738120367	14105.505035184084	11233.468831819186	12609.644470306606	13171.030564541235	13823.388652063719	14461.365711544027	13728.020794599739	13623.82672875224	10842.78124902958	9183.319321629086	9878.39874156742	10881.402510271937	13684.588113641283	14123.8163956507	13683.780182764494	16177.499217528653	16935.668285139385	11069.63877193608	12102.967318159315	10430.354495312173	13896.515829165153	10989.472738875274	12721.335428941718	13369.550364996388	15110.377103478171	10404.059158671931	11705.524274137308	10989.616415639824	12946.742184200131	11465.086255390861	43829.073488224574	22843.756227167236	23258.384500604163	18448.3680891952	23899.927388301556	19486.797548961942	9672.18994750741	22208.803232746908	17069.41891690593	28873.260225253427	23383.679066243905	16511.728940810084	21017.328945401605	19724.786651954866	15363.47442341024	21784.772586293646	17637.169082585282	24894.68519406029	16569.55808875661	30875.92603213622	14872.184592822789	16126.475609790046	38213.50477327921	26219.114662382523	17887.012866438115
DAPLYSINESYN-PWY	12078.578932337772	11101.558011441593	12144.23438312068	10763.475491792315	10972.125154197169	12616.758296644133	12468.771484413788	12795.119528140911	15751.752209133485	15250.789323675866	16884.039672808944	13471.01296729792	13871.409247705444	21777.613617719464	19365.72416768764	11341.049457483114	14564.61980721006	12535.84053236701	13300.825521743804	13052.389017973548	13807.691842244856	16903.966181455806	16587.391358317873	14050.22346728234	15806.886675907053	14408.402713457597	11002.918366705628	10954.920725789296	13792.836208609431	11095.089377573926	13738.664349519853	12002.224555883433	12905.88217681434	16018.962649888419	14610.1731543274	15021.456373176685	13916.31286631323	17199.18440495525	15775.452281369613	13523.458361401565	12623.276673646214	11196.450119160456	18797.54523405458	11163.640341550394	9945.909366297012	8760.314184100604	11379.371491505313	10423.954240201167	7505.856345733922	11256.499692296942	11821.248598994202	13124.346953125169	10714.575016105628	10925.582331794792	11383.779565745004	9119.026526550846	8299.33657183805	9171.199100975507	11871.94834063266	15750.45456139912	11074.024940370755	11599.587861798685	7291.339098494752	12816.764076288642	11027.848286765637	11043.308196835378	9894.417078505092	10601.334754709076	11916.632614669366	12488.622823188123	6163.698280835424	10201.958570471206	11034.722729997622	8367.213479150068	10958.176895833214	9244.44806309065	8504.505097718233	9319.104389322516	9635.06434051394	8347.422155107664	11867.493579553748	9305.001362691664	12109.910914858267	8727.521871732271	7352.453196878351	9311.688101297357	9859.088131707455	8667.230816877422	11658.825465163747	10433.97581541326	11983.663258477764	9862.468085274697	8127.888365823389	12467.03677806712	9193.209458298199	11474.784274052241	9140.428159402521	7716.558243660207	10179.078664365234	12347.01682307538	9222.912571804685	10706.03377849409	7421.302141597044	11671.562646757751	9850.428735096695	31675.820347481233	19908.639922435774	15741.271941881072	15817.240197369003	17307.668715089076	14913.873703227622	7868.748126319328	17010.413736941893	12520.080806858146	23487.095259209327	17638.16537621672	13948.023327064373	17708.52047757998	16317.766923989871	12269.92105482201	17139.187299201334	12486.627144300257	18280.137755944103	13318.93461616503	24362.30240551646	10710.864695519113	10985.961149389168	26642.11638860961	17595.352520499062	15751.319808289103
DTDPRHAMSYN-PWY	21561.432721053185	18841.259211936154	23154.431324500252	21372.04909844217	20368.335296891117	18468.229983570855	21294.41518139552	22944.35166990966	16657.387145516663	22031.207739644346	23433.269239986148	20518.8392403663	20671.9713583075	29784.33479740544	25962.56968777673	23068.927194868193	22328.207668951145	21118.709979436073	21887.5867280709	19100.043021550937	20774.804401642337	22640.93652570312	24088.268402032772	23923.146369327445	22152.8781456272	21444.36012801736	18276.464978281958	19699.53074279097	20987.61281642057	19082.26444748008	19425.896162804074	20254.59237053533	19122.01809945534	21559.26502220736	22978.819416317405	22470.16929096983	20306.096413751085	22748.536117247106	26982.498648137433	21067.153883987947	22270.814709133803	23296.986824497042	28081.8039059355	15553.267294334359	15722.516922054783	14165.778269650662	16857.935583808896	19115.217777147354	12033.864737530135	16803.70370667838	18956.614733364902	22095.639559562696	21144.83388547857	15908.253954688118	19278.983846295498	17112.69246791059	15432.029830193424	14957.670611762709	18072.402509358813	22535.951296259325	19101.40970504503	21649.84759647613	13124.678098535413	20425.584657996198	15787.110143176009	18702.08916759118	21635.668684894943	23355.819511049463	16731.470701818285	16608.373189028054	12443.499410822096	16593.827878584325	14817.803446379525	15147.059616522776	18586.900087939823	16941.08854027477	13548.74143512804	15632.608542299238	16017.428623291707	17486.491210182445	17619.81629101354	16269.460958228576	16367.3738350752	14269.386799332482	13544.72183162729	11369.893026935566	14208.489438166744	16231.35712679019	15658.556593549487	15484.008244806382	18876.364632946832	18708.456373505887	13380.533600397603	15002.567119595042	14021.415886038232	16071.099600897252	12416.51601470836	15970.906197371844	14402.859014422394	18209.28085131683	13614.973052931207	15210.311500997466	13285.480390628365	15519.379021977866	11645.25432979554	50399.73004763202	26835.179338938986	25414.962419388565	21122.11488519425	27644.698531064674	21589.855419659132	10761.40586032674	24275.67213487	19841.807926355425	33660.06059150613	26363.26523893653	18655.14781345338	24252.259401531923	22252.31931372512	17455.83850897137	27224.264366242922	19724.05329134201	27771.77985404319	19705.806792229843	34305.26678397497	16645.526974263248	17624.133537712296	41050.542867463446	29646.926988532723	17694.82322356399
ECASYN-PWY	512.3312968636652	405.6046513666335	588.1518544109533	394.70916672563345	632.1936176195092	747.2273030597736	395.25250532486257	516.3237447495354	4269.60279182302	978.6662034966656	413.5383111523959	486.9981288572277	524.2759872933916	1674.9821291443773	575.159613127463	572.2935170946125	267.7521334015519	1322.468532416979	466.41221155836945	253.7849099511444	294.9696572691433	875.9898853448777	790.391733470197	516.8722858585173	377.80929849444675	987.8247741859268	384.20421863718525	338.15744808719955	172.55160707101376	547.448302709562	669.9933463880197	463.52318334611346	501.89342992809236	232.9541515455294	1032.7171544449548	497.23792637580556	380.11513550917294	289.5258291166499	213.6253997774577	1148.555618813938	458.90074883620673	308.4569981785402	406.44735112230103	144.42607501664122	728.8294647177128	125.0032852586546	721.7526773539771	166.5623483720443	181.60128515499457	548.0024822182143	212.5278337715699	1110.3723082250804	689.4602082550616	143.03947699025645	688.959645682184	272.16560636244185	238.88610333630763	788.5065733086968	167.01652388492383	518.2487145179821	873.3162911752181	307.6510916500746	614.8205606729109	322.0423148596116	483.45469317141226	483.78192240855145	359.72636901905213	722.9929929939049	1007.4196499346886	209.29872037797657	735.132927241592	793.3829852567193	155.49965386061382	235.48173182166065	732.6678067000885	389.53606154615557	342.70338723700104	490.65218494824	321.4946307769812	477.1276471371973	954.6273261101555	353.56851716536625	731.8808752560163	182.1500233312289	108.3195876786729	508.73425448752346	161.60535233652865	540.3455395681983	657.1088559558978	636.7707529356171	289.7142598727086	555.2862291629906	163.29394317351566	133.72143082636876	293.3053007933258	242.55030781637987	1102.188242571984	324.09719209598893	1843.1261354064927	185.53219673896874	145.06923858511095	413.9879905025163	561.4658511779706	207.34021994389502	2562.1720102891613	1276.6881860411622	577.9551357415685	966.1964561962812	813.7084137377846	874.794672623525	440.92075017994523	275.6772573758127	484.0797069522529	983.5947069055709	693.5469170913301	1305.1010763675094	268.7648377715799	997.1941702084858	582.9620846803605	656.1637579046527	405.94234152880944	544.6262507043721	556.9484373922642	455.6233873599761	856.1942491867903	716.0452111399143	547.5975139722566	2086.9801049907146	706.0895191115542	4175.0518558503
ENTBACSYN-PWY	1049.5081631818803	886.5713478872882	1357.1242309973247	877.2603464915691	1380.9161895138263	1533.3581530716929	769.2046425095166	1053.0478616447494	4704.3231214958205	2144.5150075417905	930.2171597151463	992.4552894508328	1209.9483339719118	3287.0248880395097	1160.2551615077693	1263.770284275773	552.6199958795365	3040.454731346507	1122.9441009915754	579.6986104224112	657.1915528539311	1856.553383336709	1862.7930945415665	1179.5118926357443	809.3581891170626	1787.9869015980094	931.779603653935	682.1996946038483	384.49657500068207	1112.363879911459	1393.1060037578568	1117.7281278499559	1177.2228616030443	498.75116989838	2319.5755864195376	1131.2775114286303	809.3941261670544	585.1258388695173	420.0141070924141	2439.9298238675246	1103.7221558005774	631.4582748886637	871.3555056344118	298.2339156471734	1320.6947460458084	303.40585430268806	1449.1795460825929	352.78980652068776	445.5095468288967	1157.827324537137	466.567430716067	2218.5228120293204	1396.6415686494506	297.09859020949574	1523.9639464187937	613.8196686394664	515.2091679588605	1666.6557112819974	368.22698595739524	1116.2917294904018	1874.6834969350302	697.5384304966448	1343.7223441611657	710.4402534057758	1014.7419245935939	1106.7298056455281	803.698557007472	1404.7300046785847	1962.3503995258886	298.27916521173734	1410.3088096727222	1551.2356993823707	348.43875258170334	541.0780553922817	1551.1521167546855	863.8041665655039	775.7766754575492	953.3627797236966	725.1131698688291	1055.2365804048534	1909.5685677128283	760.8600506613258	1462.4027903237281	393.4859511544723	226.47778259559487	1134.441618314732	263.6265996895333	1100.9039528220264	1468.8717688000877	1454.682907940679	603.0433469848142	1242.471842480943	366.618532759934	225.32905572735274	482.05714938607366	527.327590171014	2050.1081726865277	631.9346639835894	3084.5049867087996	398.5920421833587	282.99891134985916	931.0233672598177	1203.8239473746312	437.6699660217586	3269.812505406016	3013.4576579042605	1247.3904654268445	2269.0633827526135	1765.89631171819	1918.1945327729816	910.1050259735506	657.9412892901997	1015.2420345554352	2069.262863965181	1540.7642083063113	2842.4861079706684	554.8575188832805	2072.8875706021927	1228.7476526750474	1490.4681525103695	823.7752736202634	1201.7057007043481	1339.781742155113	1060.2082166035416	1997.8703152915598	1627.7659963666847	1091.110793121199	4654.192959189047	1422.3693795886934	5335.723516869417
FAO-PWY	671.8683980515743	560.9274813323656	868.1737542654545	571.2675477640395	872.1501703315269	993.5851933229907	501.44875894638375	652.6067658288353	7812.6207954908605	1428.5246130237767	635.1602900739585	633.01585633621	790.8032337621243	2629.556995410785	904.4125851053161	758.9364261623373	357.8929309904631	1990.186733276868	729.57775981794	394.5434502622348	429.86677005055753	1403.8446595094708	1262.5699930513895	735.3592307913526	540.8235229880817	1657.2715371712222	633.7875041639417	496.35649096298596	276.30651908093984	770.2687370778746	1009.7906591439889	709.3950409488359	737.1185156449762	349.41386743602277	1562.4503369452545	746.148172931206	548.5122416532961	394.93548390398314	294.08714005588644	1692.5717812629166	712.4286493430815	449.44379920987234	576.145635123844	213.65191613271733	1068.997481158272	209.18809794981718	1077.0232599676347	283.56478205639837	301.34742157120417	846.7241865788266	327.1840804723982	1643.0912501502755	982.9378025661131	205.11900403676512	1034.04618872927	413.29084195150796	351.7158154785555	1150.1731673774616	259.3493289827092	816.3602449891197	1242.1321556603673	465.50495038229633	915.5842018943993	487.90773511334305	793.4071680662278	717.5505387335033	551.1497697422111	943.2998531022271	1559.1981511177403	209.95671047291958	1136.3479035236408	1255.0907492212439	244.3072592234974	368.8028027611971	1112.543621612662	549.2495310334491	510.08495300179294	702.0052929489275	467.26499224068306	771.4949555634807	1565.0681195384102	484.94588631282346	1097.4027267111574	276.17737714101446	164.73073788020974	818.4579139403355	188.11929677559166	763.1289324986244	1006.4356928395624	965.9204738527839	399.501229303597	837.2182335815106	260.14897242011807	162.6617797779678	377.1476238265341	358.63396928489436	1678.3958675828233	441.43798103320364	2870.1360957821594	279.11065237650115	207.8604996403979	646.7032122294883	822.2134808240951	305.34203121083607	4661.1404776260015	1979.5871537926837	829.4662179889743	1481.4798226248572	1156.5990908768438	1294.5750608030553	572.2603950224996	415.456925374984	624.0117842412642	1462.2214786426753	984.0526377615387	1987.554221357123	348.31143588262836	1467.035015777905	770.9689456109943	980.9617003492131	539.4757056078976	746.4722823345464	836.5904769372969	673.7712110150766	1263.4822035712257	1074.9497165401706	716.0527870261366	3029.57500517431	916.1622029240225	7781.006833643772
FASYN-ELONG-PWY	23189.327897969884	20409.088771446837	25234.13216704241	22850.51273862254	21860.507312678707	19667.274665792465	22917.555181963522	24120.08640321303	18581.1051126941	23979.44342847662	24727.096572461083	22043.412003185545	21880.663480294064	32631.922294979588	28672.580368683084	24868.33601638927	23687.176683262664	23656.092063404616	24125.4189781823	19983.642340454433	22038.09624933889	24551.94613840596	25591.971397967594	25384.3476804871	23045.99412327586	24578.253800453516	20346.937956921716	21989.661125227427	19916.308021247718	21632.195525731753	21848.119791437355	22203.782134543846	19963.820164206783	20034.278257413574	25320.880739734555	24320.853989051153	21903.99465652991	23361.233123816182	27611.82609598425	23090.365588120996	24172.909565578593	24275.730413066263	29481.50296507864	15945.880957802792	17421.298568932256	15027.56929167005	18264.021573128593	19933.95389927793	12686.326175721108	18244.920864291755	19748.06440692678	24914.851796548097	23954.72068430223	15948.467231395789	21367.27109180397	18074.63222590367	16503.59016204257	16783.65789005039	19127.05004954067	22457.529356953768	21331.425367406842	23115.67713615007	14758.315517164976	21620.823330448715	17731.102910195896	19842.64598740439	23157.469373312724	25171.214033836313	18637.290867008207	17358.269341803178	13802.201172255734	18869.908360267385	14786.187943301573	16292.08867038405	20941.161010632157	17790.41365466435	14476.714649619651	17398.01298432115	16681.97985825744	18800.749155826226	19253.76892059844	17072.680268414784	17860.276881874805	14923.645507063628	14469.258685578112	12021.65234099673	14927.523275858122	17787.968780700416	16962.116717786914	16642.53861355147	19920.804206573353	20684.0046730498	14647.225913532428	15139.30578851863	15587.262888383862	16877.85444126146	13418.327882575497	17576.609000708057	16174.048007896821	18933.258470927878	14614.506368567027	15487.452797612208	14380.732660183214	16385.501804419033	15457.97616326356	54876.58853612063	27571.540656808043	27860.361638201237	21698.605586192134	30201.342454718557	22647.866149184887	11532.452992231423	25503.763634618223	22107.85266724339	35161.76442077146	29307.102596497614	19102.596746683565	26591.67139239877	23123.892866345894	19061.246727875092	27464.28112735403	21806.707389277442	29327.43509085096	21482.434656598514	35776.51259239995	18555.455043127575	18966.91365506217	45157.388680716125	31728.41440447988	24313.59293424166
FASYN-INITIAL-PWY	9491.115800053905	8598.337828404756	9162.05430156643	9148.733740206317	8861.364238603048	8510.880681391414	8826.56828020229	11018.960511084591	13750.70486161417	7997.714307777149	9622.331031246804	9202.896984267627	9406.528529707264	12345.453075344505	12374.887000738698	7682.821116869992	7678.584078340987	3604.597600278113	5465.513683303259	8383.81334870784	9377.721457478465	9296.265479083308	9298.964468739012	9795.362085635186	9382.71470586282	7607.427977137711	6291.512521909107	7574.248549796715	10786.137737508276	6942.879658782545	7605.558967634907	6255.187165361143	7598.8276083796145	11554.461745726852	8355.355014292767	8958.565135049264	8682.97970147955	9870.52739319545	14564.60094853902	8163.835190891981	8138.318523071503	11879.591007783134	10510.613378377886	7554.14354359337	6997.232099309103	6006.140385041106	7290.635394088821	10826.575194028024	5746.098475953574	8140.638115737073	8852.565488589951	8743.7927170576	8047.149752264607	7189.973616708309	7085.215978280298	7921.889742878937	7042.084742191044	5157.614934291766	8395.64636336638	10349.649259078118	6343.354995526781	9595.959198256902	4295.302266350536	9273.064626756119	5205.111986333768	7850.187278824568	10993.30912590479	10619.950288969321	6754.413482712277	7825.218278820541	6444.913204613804	6662.437397342376	7578.945220376223	7098.283591642585	6234.08810665986	7655.6619720053695	6395.486558837003	7328.603887425042	7129.4944505711765	9332.372293837732	7474.55891947163	7229.000437168961	6223.663318033194	7288.760324913884	7714.542843727555	4889.869885020268	7988.833984821528	7692.922495095522	6163.8360840233645	6305.441013374029	7219.739794631161	8625.421202383024	7097.524866749904	6161.074695176585	8465.6465140467	6628.720580517967	6253.497627357141	8449.898794074972	7398.5013278419265	7943.92029841997	7099.9108220096505	7512.263517092386	7409.331819113443	6537.220117855125	11466.787426554318	18101.025523360287	11121.136116536874	8175.941072027239	7650.7797626531765	11681.94872979387	7758.335199422661	3260.08846862197	8458.678242197338	6977.640334182025	12482.548065378549	7847.5661902759975	7359.75613208072	8151.378381558818	8522.679592803037	6197.753094059639	12301.98224153017	5558.233053536919	9912.42038610111	6392.43159210631	11891.687146382988	5128.9761363602765	6975.661629537401	11087.708681131147	13409.860392247965	17863.221045114617
FERMENTATION-PWY	6307.924218813549	5627.0476029929505	6021.661530392441	5021.510693575508	5531.206509416014	6655.883660920045	6008.244576804285	6488.77052714458	15415.411931298931	8436.220376648054	8786.765279533154	6326.800776034361	7302.510469389291	12400.852287961336	9350.21920210468	5489.647014843257	7166.295521292105	7944.559025407648	6411.654140682972	6419.9967635362145	6882.827686940244	9226.12235723089	9259.783503054945	7032.528599563106	7934.037172430453	8018.114950605438	5374.811623818774	5011.144769302979	7675.064931848147	5563.590598733984	6840.067654322295	5817.418678011556	7439.322866097541	9462.098585602189	8565.450914305728	7927.376666836418	6889.340254130404	9198.597899093811	7473.001828540634	7670.711864088364	6255.827763477284	5037.079235733255	9559.490365777014	5668.164444378839	5497.250417950105	4097.373917290424	6122.149439556538	4978.666877961103	3775.314968613011	5839.603039333937	5754.72959528349	7790.013826692569	5385.210136059008	5410.150433369263	6365.489369091031	4362.599875501823	3874.911391040904	5714.693039191489	5630.947235055705	8128.406252139236	6738.679645534608	5437.607704314817	4632.666277325962	6100.025973933708	5804.87201387446	5895.921012453107	4782.435755927617	5351.863822277634	7002.6957306343875	5973.649409434802	4068.986347924038	5664.3276884130855	5803.677468478238	3864.061386531318	5722.709577118642	4409.924237859656	4485.129904366193	4761.997722154007	4658.076769842027	4730.466400115372	7099.291587655767	4906.540072809849	6697.63892549566	4552.395514850843	3554.5644085854487	5360.555308036391	5400.648317747854	4664.070260127776	6822.95593250317	5881.676635073435	5727.881854837114	5921.116895235335	3956.5063451776305	6642.742226393855	4506.409009878769	6350.833387414041	6056.280862503272	3640.3708510587544	7665.351956248839	6404.54736115704	4333.101869907676	5684.167901050739	4441.70678723605	5801.884698512963	9576.09327119146	16488.866411266885	10613.763175574335	8704.426939910712	8856.278252769103	9504.477596004044	7665.860225517814	4160.616478368688	8892.13880016179	7184.487299016257	13012.639835126984	10944.68562245547	7523.513565198436	10600.866194691707	9105.38613203847	6633.589099612862	8567.963063062101	6671.051438436172	9430.081189640056	6953.004440371547	13270.606877899165	6186.657209960752	5349.4540302418145	16034.578575216125	8668.515352652135	15722.625161504173
FOLSYN-PWY	18336.90702478855	16181.745233182866	20101.2940287269	18173.255148718632	17494.14900229812	15860.251432524987	18358.478083111026	19073.915733278765	14079.255672750394	19555.51967821357	20037.69733841528	17639.81872006067	17558.81910300554	26619.345858410932	23153.765152240558	19714.99961044117	19144.88149529794	19225.259168931778	19347.38688294291	15900.385419692957	17725.120118913717	20091.289846789223	20751.19252194227	20399.897273471586	18648.9597205642	19794.674179056743	16399.412336128924	17563.61473118292	15650.921570466782	17465.628780299085	17802.54842959807	17977.08953316815	15887.40833192406	15999.464018906514	20585.19385685586	19675.371759133708	17706.67833616083	19138.12891187388	21712.006878140128	18645.665456998137	19437.590799014528	18884.68341428846	23670.151919056487	12886.714947340031	13859.72542182218	12018.312842576333	14778.965182079957	15153.598259497268	10058.914074112588	14645.163999796638	15613.366023629798	19969.245738168214	19127.31091054813	12814.294658023333	17074.475198168504	14235.181929688864	12994.446379443203	13406.523481079203	15284.651417537178	18029.753439692802	16987.245710617317	18307.703621298602	11777.135147084558	17227.21997149353	14439.897213551772	15874.230593513297	18012.13781364574	19724.58146630846	15159.06911550902	14227.02791766138	10708.209039805848	15114.226067824686	12034.42918363126	12858.827199911277	16916.28824596338	14142.161073530515	11489.328626775743	13831.746427872524	13290.369467739902	14431.78258684574	15521.750193268583	13479.519484275703	14673.780054790657	11662.180955036767	11081.140299644134	10021.297944691682	11544.938230809566	13900.772287881493	13988.850727874731	13582.933205417956	16073.59430153753	16094.831653989599	11459.587612260939	12815.021866701978	12117.015784086683	13572.055913414677	10843.490779686217	13705.123597446547	12903.850259762685	15108.68218732328	11621.308049290941	12391.785095754567	11216.469486847049	13401.453890574488	10673.271139297416	44614.72244868634	22596.52805875075	22595.75228058678	17854.23415803687	24408.589918643873	18517.282951632067	9559.027853855396	20817.328512374537	17881.589894803506	28445.248503995757	24087.63552718817	15591.668727713886	22271.219879899047	18893.99313958053	15619.200741916757	21940.12084846194	17791.95604737415	23659.266754205186	17670.045114215744	29237.542276161937	15108.709590795572	15271.474252244347	36743.34553084975	25450.282177283825	16505.026462892456
FUC-RHAMCAT-PWY	6943.894376834361	6255.626766315334	6706.5491294612175	6348.328772943032	6856.275716081646	6989.559964522906	6773.446239338345	7486.745863924123	8026.325744200132	7052.280926462567	8759.655587322677	7429.752557559171	7617.832260132355	9727.211117767689	9230.89385839605	5894.261569121987	7374.396205801964	4257.60808110423	5400.795716366209	7189.295222039682	7232.5943057131835	7415.2581241356875	8175.476598134526	8211.405792087178	8578.407138436438	5459.936085204041	4911.852446062773	5443.450439611391	9373.495759220485	4725.963484796781	5902.658795951798	5287.814445701437	6618.1466030187585	10485.100331961943	6801.520645419499	7373.203251416327	7027.053070240438	9019.428015941809	10014.76271461968	7027.327920580023	6531.866353320782	8268.503491132691	9961.570942535602	6112.916003419392	4788.144458739352	4851.793188320974	5503.879374286627	6128.931244172108	4474.306100729236	5647.609143418881	6816.316328884231	6286.90409828883	5099.168501805164	6637.207944605804	5313.380315325431	5446.714562526388	5223.2339180354065	4051.6614091271613	6296.320005252879	8527.97484252632	5201.34061610731	6727.459915436393	3241.022593233242	7108.599538760258	4212.6331564237935	6251.335723356575	6559.782249095304	7281.54386990636	5191.739438039155	6465.466541484641	3841.8093244268684	4463.136667103932	6505.557539904769	4918.535571871268	4747.401185463703	5787.467401631793	4597.177010383933	4529.020441349712	5698.720695574522	5586.033757784989	5447.437038650317	5251.184791262788	5306.71984345576	5102.512498280267	4273.483759595161	4522.0506414683105	5768.304577101972	5166.5611448861655	5391.363485950414	5064.333759642873	6324.660038127502	5491.847398278867	4325.470630051486	6223.209703877165	5004.025984970505	5943.413401450018	4890.070514554253	4949.197073508071	5410.1243774089135	7008.596069175396	4851.278985138343	6088.97540136451	4484.642851407506	5997.144905104388	5367.62452250398	14810.216310146267	10220.361995498	7279.158465696614	8300.910336809136	8800.276184437598	7552.1528505666265	3471.0084069540953	8071.309474183902	5653.519389371526	11921.718291031082	7244.801418647417	7536.69803901049	7039.299701167847	8770.608773959475	5623.707823661245	10388.060657514745	5212.693711365582	9441.086134918036	5823.067401963072	12493.98436801672	4524.672604176019	6135.557917683971	11289.198403264669	9319.169002556862	8078.614550678521
FUCCAT-PWY	10747.932135811865	9100.792495362599	12380.697905602656	10705.280540583624	10537.792486799528	9298.992569508757	10956.042314498322	11249.87206204091	8601.565761277725	11456.85003629584	10615.190709400476	11310.788228268373	10220.970194341051	13862.86761229111	13066.394639903292	15352.540048985114	12753.416321427796	13231.605884021017	13473.608362259454	10725.6879174504	10529.206869507803	10311.808466702165	11546.175693725196	12551.061166232252	11231.765236713472	7652.27382962181	8342.28008816192	10632.10766507616	8685.110624621555	6143.95566851575	8618.738647617392	11631.734672720171	10960.574938630765	11096.263775324942	10666.120493232693	11313.377155504859	9749.602342260428	10915.729822840978	10723.768910819745	10731.474635295383	12455.82905443308	12339.741893296925	14622.533824238186	7192.880882597151	6082.5591554360735	5918.413019629946	7021.514632950278	6326.005464465747	5312.330973555315	7078.155107233338	7270.989483461406	8322.373693828653	7436.304322648616	7328.0885479711815	8401.451975750937	8621.834285855075	6381.671225640917	6959.359269210179	7886.155538232989	10737.88684867796	9093.612660292147	10092.765056265825	6086.958583971642	9680.428375452702	6038.6196538447775	9541.22286595257	8141.657380683234	9518.599364992137	7421.333635167665	8312.69308890244	4763.40409421685	6021.212760026467	7513.670381752713	6440.489079003964	7042.53107619108	8339.048142146212	6002.650157725672	5861.6916847428465	7658.1246814913275	7058.328975781296	6945.144204170297	8155.55147476219	7534.911945685508	5670.6916526193	4042.0900912419906	6317.834033251086	6016.949975331574	7142.83094295091	7539.390940160245	7680.767668870418	9569.490500187067	9368.51970163281	5598.921542733494	8251.574360951025	5771.646425774524	8306.627687923276	6169.612406710871	6511.611425125039	6983.223592327404	8854.004785807865	5879.432522184717	7258.500910258227	5687.350491213974	7806.66457347726	6124.591340815916	23969.17268531707	13318.84518106456	13253.314896370895	11191.6060512124	12434.877795249939	12118.426254096647	5558.864918686228	13906.882141075323	8352.96289835302	16771.09540684548	11297.195443294462	10526.299707631077	10099.55827923989	11971.615301971151	8320.254318869129	12804.724994731794	9464.496053813717	15361.409151295402	8319.331579491081	18945.33803144302	7696.633683810544	9962.344581235548	21451.90057717255	15634.899654146357	9425.685507240505
GALACT-GLUCUROCAT-PWY	12422.584387437859	11888.169087505756	13868.499803158944	12276.718730172228	11666.128513194699	11337.608683119173	12834.268091006947	12843.941235757096	13277.325845021738	15533.447148910274	17073.21961556489	11424.690291984527	13009.33896102971	24478.596443179482	20349.259032576425	10455.357055932136	13109.71144872948	13045.268042574116	12563.046580514047	9276.907558191162	13000.16428824154	18936.617577383422	16970.53785242411	14376.023438854714	13504.623336659693	19576.32042673644	13612.532492124972	12135.708579043137	7710.268295493864	16128.328291173513	16029.943106549586	12551.502962947236	10225.775629054267	9202.849061117979	17379.51921123237	15635.077875204563	13655.559806587062	16228.155459184312	16206.423937603497	14430.902715255428	13740.45962978133	8286.057665835458	17293.493634628303	11456.81763882908	12601.114213405712	9980.188124291139	13380.550418717408	13722.078517098837	7700.025978146213	13123.970125538739	12799.554532332035	17613.796039254954	16785.57626948496	8806.296978307515	14331.248895875482	9484.505323405265	9752.476273882019	11055.647874203767	12411.378972379642	15559.077022926835	13691.078455560717	13662.916033399215	9653.324232781595	12291.519976927377	14049.26791354085	10865.727391445134	13995.612996094313	14528.969177749104	13659.677359059375	12255.951003983251	8660.577377274918	13797.671143840338	9653.831818270799	9894.930080941831	15005.946663966271	9509.154890594129	8940.68282152773	12151.477556309517	9336.201975074599	10601.422341215082	14308.796173992207	9373.572875849135	13498.837339799695	9358.68405131862	9658.453250979259	9003.717297894109	8578.001336547817	10023.573150009952	11760.51947406239	11029.551602889002	11953.830951646329	10695.49412030912	8616.552765159922	11669.988769377318	10766.06890680592	10406.504429074948	8923.111419612269	10865.083859183063	10602.551080484232	11101.043585689427	10062.42607897017	9830.520624864848	8490.352610745114	11079.863896403996	8683.214466191394	36576.592523270905	17524.077083868673	17056.882522587737	13622.32629391412	19566.45883588222	13144.35030254674	7929.288147629349	14688.975811654554	15441.671800768867	22140.907160808052	21148.930391943046	10473.363023600798	20027.094978007524	13779.676698541643	13362.644866654078	14205.24438635814	14583.482605732454	16605.57211279257	15612.046527292054	20552.391015088055	12834.921919492586	9680.27690350249	28816.886950629672	17086.53818516914	13325.65529028119
GALACTARDEG-PWY	2900.701689604129	2730.3701341073433	2686.006226132271	2204.9445027986044	2650.4429836543636	2996.9495142030764	2754.8694180488687	3205.417109157129	9822.38079289737	3539.6933344059294	3751.5585376507784	2336.2177981939003	3066.91514066006	5198.627173475228	2717.764130749611	2030.983058460507	2893.325262731834	3588.86880550177	2205.269660652309	2108.8529511125103	2833.7106950697876	3899.4008091348087	4134.226672057553	3440.964497703907	3218.2605876826865	3594.5336175011425	2308.5553191896793	1750.983533202	3956.6263169724607	2271.469441503264	2494.471208002212	2198.4471972954757	3534.0219258832035	4416.196924919534	4348.66376982243	3323.58736660091	2463.6776761646015	4025.4848111428546	3014.1004984867973	3512.8561018080977	2734.718032175982	1874.5375937916235	4040.6753940416656	2288.0000488792543	2125.4994132882475	1746.8509181071956	2616.539576563756	2425.3074064316975	1729.3538370523986	2365.835118920568	2512.3821978227543	3601.8262164368484	2174.913082478436	2127.858529556503	2566.26246305176	1805.6432041753485	1777.3335984915527	2283.8148846315726	2181.0406602524145	3478.4150363151766	2583.6040066094947	2175.9717205481816	1930.3012726819595	2324.2319588995338	2557.7700447628226	2482.070546496904	2212.478682677265	2613.8276402873635	2889.7991488819716	1962.4251810017574	2014.5700645883112	2367.9810116179633	2483.647590662515	1537.7514530467988	2548.309722843726	1769.8487180821883	1757.96252383388	1976.7219818670865	1896.6858908862553	2146.343639354168	3441.0462725908997	2248.8578886241285	2723.9267838696524	2159.8834483483097	1756.4808715720872	2247.3534785933975	2593.333627450828	1931.9785873116452	3057.960032612953	2864.524936946088	2309.620737395662	2399.7213427867164	1653.504207205606	2523.108349045039	1853.0243076669085	3180.0118101900503	2924.5571173371527	1444.9436888726016	3843.475481068055	2934.984319017818	1472.179979562871	2514.301245356859	2096.359072109824	2129.217399685591	5757.365648077777	7256.947941807481	4201.094826239751	3661.6726576648466	3770.508063758507	4039.1249983575776	3007.871603488523	1738.933689833316	3329.1574357871677	3143.7769341115572	5780.286009561803	5117.097707502051	3113.0176194276287	4795.338056859191	3592.9556510786865	2853.679844381079	3536.5690673712156	2720.3496894038576	3529.904086435331	3092.972780271796	5343.526117629722	2684.909312832958	1798.7965223467736	6720.355285667349	3171.7319053512238	9520.65253174733
GALACTUROCAT-PWY	12917.632017566882	11991.043997499346	13254.237720619749	12051.637726477846	12051.861532150002	11922.279661561632	12742.378155395889	13085.798058500024	12891.394241448617	15038.136555145917	17220.77984890941	12058.959637801892	13695.144135656645	23139.75770610051	19577.60987257615	10448.917510070985	13743.402866674236	12157.742513989542	11988.053983212696	11167.32745797926	13406.315450980077	18028.660399433298	16853.22620856175	14833.628910825199	14595.508732423586	18038.85827905216	12659.864488178702	11413.251308338668	13702.185101931056	14761.235496059462	14922.611252624143	11864.443437907907	11269.862872560812	14186.34713838105	16567.96487139976	15559.481490298476	13653.964359841564	17046.82959708837	17587.53581833922	13822.450952512352	13325.032204205105	11624.626312894998	18039.546149089947	11813.326065105337	11878.944212447213	9767.451491961485	12726.414034331116	13327.278282146499	8157.72573043876	12585.535845885903	13063.432993153936	16515.519343558746	15250.810274418216	10553.149060843389	13571.987299292718	9706.82194786211	9735.00921464392	10595.257136444372	12323.75258224192	15880.505747213148	13200.548607961578	13267.31512257815	9157.232181544736	12591.104021659687	13074.651345786715	11317.178018299845	13590.281066867206	14005.45044517245	12888.884008185025	12437.43936922694	8192.791655231154	12697.393836743062	10982.267664839092	9585.91426354488	13718.796337121788	9823.547450835982	8986.801099789023	11336.643574954865	9791.322420701266	10796.700655976645	13545.235491175275	9549.869390552936	12876.490093952518	9741.625371784905	9328.37467096809	9096.103757523006	9936.685343650866	9920.460684135336	11663.954132642568	10743.821456834745	11964.741174986126	11169.685750424105	8596.938349490016	12179.391336118368	10582.2487715908	11151.992133451056	8987.554469488226	10423.613127502582	10362.269234148918	12235.446075679169	9931.78783911538	10411.347131250554	8728.226946497776	11363.192812500172	8341.255038516496	34869.3914319103	18611.41674992224	16278.5224354072	14570.495782229827	18916.959912878392	13872.680354624463	7753.861985964761	15427.102544124451	14487.468055191986	23124.955758007538	20088.331514395737	12648.158509560464	19041.493656894007	15574.152814759342	12875.386520556158	16559.317128296938	13848.640624676154	17518.308115929045	14862.68693233925	22504.950864698472	12159.668628772888	10130.373862306069	27700.54520205386	16979.16426486978	12671.378565058943
GALLATE-DEGRADATION-II-PWY	110.56808173610011	130.87461653311354	92.20112800950588	0.0	0.0	134.97245438279347	107.55088156129943	161.73692961087306	795.1347897604626	98.03407033378254	175.4030797382758	179.04249690291385	133.64400211403773	132.02299833936937	177.61244474936777	107.3566770582337	99.97713986445977	90.49821038667557	142.73746611040852	112.0667665616324	122.2240050898402	157.7132347874044	122.87306715877324	103.46986452650542	151.7551165459126	114.47867032814945	85.79943424062007	106.3339954031173	86.45002516932223	73.50296449893911	114.08777870173206	64.13549283799048	228.7977837343814	115.454704498525	92.84018810561173	94.49311430062244	123.07355161185286	123.87833670373992	83.09158203781804	115.82778021307244	66.31976860898061	87.31605171210488	176.31902734072162	58.283037929043175	63.81205358062096	49.35064161234482	47.90582894181689	90.33356886148944	62.51277465803706	64.69624532968038	84.534674711857	56.73519000995349	44.327179707050995	58.50769201671728	69.51646915867917	61.86509624886921	79.08729138964834	63.3810796390063	69.30450230143121	184.82781617569037	45.857102245550564	69.27550449898682	31.285716010991248	107.38145762187857	75.00193877491672	57.66553578928439	51.753376686556386	83.9496915648113	37.69086778927679	55.482318881537196	45.266274069787464	42.95584037773258	72.13278607947504	65.24299999048588	51.05092685889463	58.04657244085012	77.64354586691928	69.78653081562359	69.01586355012043	81.88291477719905	62.25322656786086	119.76402195307666	46.091341853670805	83.4273797454843	54.323933321432385	52.33492977848039	66.00493204692074	105.01082280996218	50.12201926364652	44.23336755507714	66.35269127496439	87.90982454402281	75.59909280553782	45.481030654670704	113.83730051840956	113.97292829372884	86.58231493711911	48.87830041932779	55.238388412118105	84.42374829919027	55.533983431823195	135.3945149253694	64.82909004642505	82.10252393448235	270.6030297316752	138.5105025890717	119.89097373318808	91.36447268888695	107.98809284454575	72.91919494789089	65.70012033004816	35.70466228158959	90.24905677818924	52.87160255379947	242.2082830010827	62.27377673196847	105.32132789295682	53.63073006967583	109.37809039858388	49.41543211491954	107.68546494086874	39.82914054582628	76.85143983557998	60.04722865656235	136.78662680540367	40.506634216285946	93.71689125654933	116.76542458425	126.05742813776948	443.1566956642445
GLCMANNANAUT-PWY	6246.270990432147	5613.2511098766	5613.177409901601	5383.483900464796	5637.309889756328	6730.276832256576	6137.29543342651	6712.999327464504	11069.241302329578	7989.2234355215805	9514.580923556632	6273.986175519645	7520.721343387907	11718.206713965723	9564.332732402643	4941.202022145626	7728.197387703716	6176.620296358772	6006.955520412967	6980.391457110771	7309.130749333788	9222.817526821767	9599.266820337334	7534.729057135433	8896.860032018596	6790.714513521809	5104.394957627227	4423.3776590181615	9546.168224457095	5000.693255263868	6332.982737302566	5595.685505066775	7316.325343564408	11602.620938097993	7866.602293969491	7982.4628697724975	7070.795261954561	10442.902512474815	8861.097431651018	6800.831294453412	6105.914206799395	5338.881694028936	10238.816385278644	6607.345929597484	5041.358961789655	4662.005145336165	6208.778526989636	5108.8801734092895	4090.1960253614234	5964.332189050017	6632.585930861975	6609.939273774263	4718.134173717952	6762.4044524602505	5808.668959553983	4598.85141367061	4177.936705047399	4776.681641908682	6215.453070890987	9331.940591896993	5776.059278886381	5703.8187470834055	3794.9525444578167	6497.482139253397	5377.469214111434	5959.000583029435	5108.791080780937	5347.519825143395	6129.95449422309	6909.579647266704	3185.0444274594515	4774.878692413026	6991.676202757169	4066.162017286916	5139.5328382592315	4714.609214818442	4532.225168539643	4335.414417979643	5289.337764914215	4187.309573917774	6541.361339312461	5002.860796301653	6556.32635849156	4820.100387091263	3733.6971006037475	5579.511800753985	5576.008722756708	4167.943552122169	6604.709702568017	5831.669086066692	6310.337003402403	5056.255136726139	3978.9453211328846	7959.215389915106	4188.939701167414	6618.565853174433	5359.462683987575	3388.942716604587	5845.813943570404	6998.0940590006585	4667.410179544646	6474.982218466596	4109.147095643246	6448.039865125983	6371.121181781671	16428.94964988969	11822.75238388063	8068.46821302465	9515.481416178529	8929.966187155107	8226.468924022196	4374.113146998646	9394.12542901389	6457.8504016389525	13793.435377935339	9628.899414281948	8479.273914126472	9671.803829592483	9588.542431982652	6564.965351979438	10030.485211425734	6377.267084284116	9967.867256832638	7170.6138012741385	14136.656166018007	5609.072761022791	5080.6067477553115	14349.30017099258	8268.79030447672	10403.509872556206
GLUCARDEG-PWY	1115.1495999936894	1026.0530181953739	1219.6852600391119	832.1884330191982	1040.9825479261751	1347.8724903276604	1003.4125056564976	1188.4164234307448	8236.672069437855	1726.7160260934968	1440.212798148178	1136.1628297951552	1278.8490095671002	2879.365224564636	1603.9496214502863	1011.470114024208	908.4085362116123	2101.5713598472817	1157.3554275973013	949.300753819914	1012.562314187261	1878.4679088139767	1792.8995262065325	1182.1437960072128	1262.4854597014762	1985.5743700989117	1054.1846582495127	939.0347214325801	1355.2646054904446	993.543416390062	1342.1866605490006	984.9346447794043	1484.7241627152544	1632.0932750444751	1863.1098921690661	1269.0027477898561	1079.3447255930341	1257.6426135918734	1044.9936770982138	1916.0185762872784	1119.4007654040597	944.4112117629418	1544.4056230784895	755.8785658158827	1217.2081922451134	579.2375153287242	1243.4990345237688	1082.4274836075747	638.2620033966231	1099.4483924995086	908.6913836728233	1807.848217845369	1142.6149812061806	682.9503289397009	1274.876539801477	790.6315056648424	723.7652522041092	1264.1314838199014	831.5955445421906	1504.4272127825388	1359.8772190170125	881.6476680091711	1014.9100555956101	1025.5402512366438	1193.5386485309136	1005.8923343155378	923.8756741718503	1216.2415326847238	1668.5853772434875	682.4812179931599	1239.3859413862865	1402.2858764266857	817.002198475564	672.5052624965019	1290.9672213113593	770.1990455495529	767.3663029842697	1040.6237204378565	757.5454840116561	1168.6992937313933	1818.7987491288918	908.6717878449995	1314.4219856061516	856.4114107677494	737.8681744896307	1034.2830915322975	1161.4366003227065	1018.0559345513482	1266.9952721282136	1181.100944533239	825.5383312120616	1147.553334687473	676.8531970737513	767.6981889165439	950.585839383388	1171.5803490904661	1744.9774046166717	718.1078102728984	2666.477102253521	1059.866646442168	669.6419217858424	1091.0143275166138	1004.2303889866826	832.1932850777293	4534.257439064027	2829.763325402244	1508.801753629248	1761.3785446752377	1568.5736288824942	1666.1568141987443	953.0071426381779	593.8109934309394	1040.960475167874	1588.8163792268394	1959.2920844301316	2215.436158593509	869.5703634289677	1795.3155550230765	1224.9249456349753	1193.845505251542	1137.0911009377353	959.6516910256468	1259.5975795647162	956.563109919143	1918.390157059823	1207.0321927168673	957.6167332106997	3277.0961677784526	1372.2784844348512	7580.084186169919
GLUCARGALACTSUPER-PWY	2900.701689604129	2730.3701341073433	2686.006226132271	2204.9445027986044	2650.4429836543636	2996.9495142030764	2754.8694180488687	3205.417109157129	9822.38079289737	3539.6933344059294	3751.5585376507784	2336.2177981939003	3066.91514066006	5198.627173475228	2717.764130749611	2030.983058460507	2893.325262731834	3588.86880550177	2205.269660652309	2108.8529511125103	2833.7106950697876	3899.4008091348087	4134.226672057553	3440.964497703907	3218.2605876826865	3594.5336175011425	2308.5553191896793	1750.983533202	3956.6263169724607	2271.469441503264	2494.471208002212	2198.4471972954757	3534.0219258832035	4416.196924919534	4348.66376982243	3323.58736660091	2463.6776761646015	4025.4848111428546	3014.1004984867973	3512.8561018080977	2734.718032175982	1874.5375937916235	4040.6753940416656	2288.0000488792543	2125.4994132882475	1746.8509181071956	2616.539576563756	2425.3074064316975	1729.3538370523986	2365.835118920568	2512.3821978227543	3601.8262164368484	2174.913082478436	2127.858529556503	2566.26246305176	1805.6432041753485	1777.3335984915527	2283.8148846315726	2181.0406602524145	3478.4150363151766	2583.6040066094947	2175.9717205481816	1930.3012726819595	2324.2319588995338	2557.7700447628226	2482.070546496904	2212.478682677265	2613.8276402873635	2889.7991488819716	1962.4251810017574	2014.5700645883112	2367.9810116179633	2483.647590662515	1537.7514530467988	2548.309722843726	1769.8487180821883	1757.96252383388	1976.7219818670865	1896.6858908862553	2146.343639354168	3441.0462725908997	2248.8578886241285	2723.9267838696524	2159.8834483483097	1756.4808715720872	2247.3534785933975	2593.333627450828	1931.9785873116452	3057.960032612953	2864.524936946088	2309.620737395662	2399.7213427867164	1653.504207205606	2523.108349045039	1853.0243076669085	3180.0118101900503	2924.5571173371527	1444.9436888726016	3843.475481068055	2934.984319017818	1472.179979562871	2514.301245356859	2096.359072109824	2129.217399685591	5757.365648077777	7256.947941807481	4201.094826239751	3661.6726576648466	3770.508063758507	4039.1249983575776	3007.871603488523	1738.933689833316	3329.1574357871677	3143.7769341115572	5780.286009561803	5117.097707502051	3113.0176194276287	4795.338056859191	3592.9556510786865	2853.679844381079	3536.5690673712156	2720.3496894038576	3529.904086435331	3092.972780271796	5343.526117629722	2684.909312832958	1798.7965223467736	6720.355285667349	3171.7319053512238	9520.65253174733
GLUCONEO-PWY	20430.223771696208	18109.754576441523	22426.451012897098	20202.7107352086	19425.804889849318	17761.489480162945	20417.499632549847	21151.941354104467	17653.83414372383	22048.860279697135	22582.836623535783	19708.576159682925	19691.67008338419	30520.327607497515	26444.9957080969	21601.473817751343	21242.169684106215	21467.708726911023	21564.554053157113	17708.044507426	19801.47573916569	22969.434281458645	23373.05218907015	22659.03927231097	20838.11364104676	23437.34016240685	18606.700445766248	19689.703134729265	17290.053977844673	20086.046059208475	20384.02586477805	20045.776187864612	17591.19294705268	17575.268529387107	23237.038943323187	22106.41588252927	19913.96897719191	21408.603702935397	24316.109205704393	21046.82720498441	21667.702454021575	20916.862724760005	26447.530598249	14542.362212606735	15975.644110961155	13512.189251848085	16845.224444939704	17476.761439435173	11302.376972598524	16676.571226754564	17594.871781446298	22814.743618311222	21915.338016532616	14240.307433394184	19413.669824115914	15896.700786217703	14584.848065996852	15275.05829511038	17232.939251082666	20423.13686918956	19282.25496801185	20536.128859812954	13387.806466254211	19309.160819563735	16730.9509172158	17663.90760300758	20310.408875334368	22134.737286423722	17412.006975083303	16019.357848951695	12256.545168973627	17488.68059287833	13428.893731998452	14475.44125541604	19350.61492682794	15758.952028282221	12937.764880317665	15843.284862123748	14839.46176271399	16371.363357285005	17837.126630943392	15020.444035404622	16735.241558974503	13171.042214611869	12616.084355727311	11336.71897318584	13050.11993469524	15671.914099285634	15713.984980258236	15244.20395737029	17949.8939103937	18039.466559362085	12903.490767551864	14563.382587874517	13899.323476619602	15195.562447204347	12355.258618856958	15546.197340025541	14897.779244616964	16899.76241153918	13214.030787941068	13909.264540779457	12666.479328645002	15081.200332848499	12586.027513976926	50217.61118695623	25215.086532709964	25354.39324955558	19937.016408644893	27415.701933469933	20533.45661745263	10699.491150307857	23078.228284673554	20361.90903176508	31735.346275403906	27246.733472016975	17242.986726421415	25065.023021345685	21016.23465997722	17644.63065021803	24301.675157939222	19991.62423022678	26349.109078564157	19899.054338535403	32465.907230500845	17107.225795570557	17025.165601753662	41333.57634399576	28315.102031356353	19473.947082867606
GLUCOSE1PMETAB-PWY	21642.05117917572	19704.392534690563	22334.13711826926	21118.884652831242	20846.81497408655	19652.758209405158	20910.29699617007	22888.486260669404	26957.315689868545	22240.728983033754	26772.37171105126	20283.983958482993	21717.45945838183	36767.22946835955	31816.535083584396	17572.94743215504	20067.040419248882	17160.709394854744	17811.39873032049	17677.39500775931	20740.665990520534	27734.7183793129	25277.57410721604	24018.232002595687	22670.462946342075	29017.93110162327	19342.745780729267	18975.927629683098	23716.970554305553	23537.527796445254	23143.272177790182	17846.810077359863	16825.288503383163	21824.695289641822	24726.328546601064	22674.30726381694	21477.54311154811	24816.70694703782	31103.525250496266	22513.71531309904	20699.947464879464	23273.14487388839	27632.50198942265	18662.146146547126	20380.186067184037	15933.712702827444	20895.89239935715	25290.615962507254	13568.628995250101	20830.57213779479	22261.210814456284	26640.91677046419	25277.621085426967	17458.098096803868	20896.939435914333	16980.494813687812	17643.49484310822	15826.22463825245	19749.71124282156	27412.34739357571	19828.879577470172	22673.55214953511	13661.123020212199	21442.030551904725	19717.94997054178	18675.602906671033	25331.027358463074	26827.403792825357	19954.69196328952	19322.64830470464	15064.525308812328	20750.089871859174	17225.701597114254	16851.258408087157	21864.322035041343	17668.158043719483	14680.197295282547	18429.34710728381	16854.699741285218	20051.861030007865	21378.745045744134	16011.777865222843	19665.30367918296	16531.71646627926	17076.556190392545	12834.55116115188	16964.19412490134	17847.53529807835	16451.329680981715	15924.261257859918	18773.048137615813	18206.871828204818	14474.446467788486	17045.323949696896	18403.242908661556	16065.979839146168	14780.608633361146	18404.934082562144	18035.065882170224	19014.918570306276	16528.990505330137	17746.31999999606	15050.509587663546	17207.595095831308	19275.308646854144	52098.72430971203	27123.873603926015	24994.896722765556	21180.409846794082	29830.749944802214	19807.59404754696	10523.662190598827	21190.211927426848	22657.558888629203	33562.887709262286	29018.279604131254	17215.677183621545	27495.70712127332	21709.202166722327	18653.81432737434	28482.07755826206	19674.790702571947	25715.592224621065	21640.4053945645	32287.107779703863	17646.128360687457	17173.573352464413	39743.06326805946	28541.639390476055	29413.79983028844
GLUCUROCAT-PWY	12026.314478325794	11653.943826818766	13758.297872305258	12034.508511303487	11274.725703498385	10875.434382653806	12593.628625143434	12439.004107129855	13928.94350958341	15859.532055253678	16941.761797677544	10831.409322927837	12584.708126399508	25534.534537612748	20639.100698333237	10153.220992585359	12681.279660720566	13598.385751305084	12774.41149914998	8482.561293461253	12663.551858853638	19789.06836252166	17037.16465595652	13980.425670018181	12879.624373477567	20750.48257495188	14089.89920076468	12250.307175361657	6375.289534553295	17014.947885824473	16604.75737428624	12840.102389752154	9720.487870883013	7907.142700079999	18176.36241884642	15617.778153019632	13494.42419826487	15895.66153168247	15593.39019924612	14629.496007277054	13722.29748411903	7132.356598024842	16783.39298969882	11378.591215625009	13202.525896245708	9998.16115346532	13929.206316954045	14045.675342057117	7447.491019472555	13611.975619648892	12623.747328334748	18514.260815780875	17592.14103279298	8133.2911407870515	15053.817727935724	9174.068888768048	9608.09845888381	11697.107614817745	12310.045162983799	15417.601614174297	14448.45093229978	13612.603705825677	10262.684673722786	11903.614400792037	14839.042694345457	10572.768832968848	14001.73311461789	14480.336565130678	14294.507387784011	12119.305575991713	8917.170430557753	14479.431643119331	9164.90089912972	9870.53337538066	15684.332216861654	9167.476162045647	8872.96472132047	12666.479912759634	9000.800671772604	10399.29783341212	15036.009458182018	9162.787578031746	14105.141325213324	9164.709101106968	9831.099666971155	8978.6935599832	8058.347663457676	9912.014805701483	11989.357804377116	11308.905063148764	11750.615026114385	10463.982216878514	8478.185017446598	11501.946010561824	10883.832274086597	10043.392518012082	8901.701882638612	10961.71284113811	10776.153604294106	10564.977723106036	10086.708711820835	9535.737729451106	8368.913997629565	10865.377384460731	8959.983477695192	38009.92612287234	16942.735263463033	17613.66517436491	13114.43121245127	20206.270155582028	12715.500063081481	8132.755954236984	14239.510246744943	16151.145359233094	21678.019321822478	22494.198633846052	9663.765299319659	21260.167106314453	13111.78257187039	13846.594133397322	13138.670186476764	15275.955550733042	16085.45162590063	16370.308308100717	19645.81703693479	13502.362398223773	9265.02175275884	30247.58107487769	16685.739826845154	13842.091112961847
GLUTORN-PWY	17312.016007846072	14875.023863971111	19558.393167062164	17323.395268759537	16664.74821751994	14933.980570648684	17501.14760586152	18015.502226737113	13243.629579649614	18488.83232302984	16878.55609764498	17231.04909847856	16319.394914167488	22577.912208076705	19884.58325035743	21124.23742511601	18760.43741263351	19836.409115325463	19823.51721839088	15627.766066571121	16664.825760172185	17066.64168675379	19016.97838680895	19465.776200303542	17553.30416093814	17285.33090560367	14535.724989040491	17072.9258764705	13630.124798786404	14477.74964619305	14927.060367049251	17769.580463917235	15738.456852938061	15121.157025918339	18253.43142654484	18332.324173826208	16098.975818044397	16659.177257110026	17909.36415160772	17607.628008130006	19084.0765888131	18674.863846408938	22523.935390815077	10811.346081773618	11793.459860946743	10009.684692371025	12408.669943875799	13401.838005977155	8741.093261202874	12335.166819713057	12731.229248769529	16148.711879847144	15661.953367415406	11292.304854757416	14725.302980029785	13673.785272122263	10937.538206458934	12038.509063102412	13213.753587199757	15676.615836321987	15396.92912568176	16587.39949024383	10552.986370655746	15845.61060701667	12277.203893208685	14966.146002598776	14426.848327420108	16597.878939115828	12524.700136208121	11940.892898133221	8821.256094057142	12686.277980153245	10007.206461105317	10995.094246679468	13846.932138854227	13304.20673743353	10042.110715711065	11336.05303307978	12267.815703085704	12312.584226871595	12819.373381454834	12800.25047936362	12276.525978200934	9624.728245495884	9366.175875323659	8833.306604834665	9505.463147759994	12257.848271941806	12523.12136731028	12598.934295086907	15174.426423054176	15200.461666335754	9759.247083425162	10865.537183000362	10470.902864918713	12914.873968076474	9713.423902139037	11422.20651561187	11755.913435372779	13959.269596243103	9820.287151552824	10387.126131880681	9702.480584551442	11710.167366125568	9304.170571113174	40235.08386347007	20921.602725120847	21419.66764924566	16915.61656324839	21104.217492209	17865.2891528792	8875.524096219255	20236.84058757305	15017.853225317962	26343.874439275798	20147.774110625953	14976.212433278837	17653.96719226197	17724.39118152859	13963.803225374928	20108.290177372593	15957.356885499226	22803.157282566463	14549.548700870158	28052.477414290104	13323.59784003453	15009.86352495612	34547.511326810934	24448.139769803343	14209.72016029398
GLYCOCAT-PWY	21948.499337300218	19353.2496135017	24193.0155435573	21760.18762064388	20805.311263312935	19057.630974210406	22067.72926907056	22739.461745756136	17788.400383139244	23815.903471848815	24314.075530640184	21410.42256065207	21226.449763864406	32520.284481940587	28648.964029868475	24415.39200995797	23259.561997974346	23640.74978430329	24001.390662289607	19575.40483227608	21490.542383443833	24607.374885217174	25228.38020774175	24312.038107210097	22661.61786452585	24160.216239526457	19922.293086483238	21503.14365725546	18546.585558374532	21121.687492675846	21777.384143989177	22022.07417791202	19394.819453214444	19445.59969205947	24729.8841317911	23905.467538213143	21603.101693508826	23246.968235353615	25891.772406590553	22463.55034354035	23527.645008158735	22601.900993544852	28725.09217051452	15615.90182328145	16887.546943635447	14415.682010108807	17885.650146655	18272.55157536515	12018.092708554095	17779.78004277123	18756.295590416332	24056.985075694713	23092.008518190498	15422.38554566803	20686.49739366495	17158.03304518137	15473.938834391944	16223.734223627043	18557.035204287615	21873.421005923712	20428.70678411516	22024.886459398323	14234.080027614402	20841.496020639628	17649.848628198382	19146.0660420611	21434.730056222754	23377.326826650144	18559.89746444472	17376.932623732	12831.54002444542	18399.31649589043	14535.551663496695	15452.747126308677	20425.71525381493	16867.571616777666	13903.872935833555	16818.30533063437	15963.515838511834	17282.023138409204	18831.374622503296	16249.997406371122	17943.150162590424	14004.843747169672	13317.72145297299	12312.928025431702	14070.570085392217	16644.871054403036	17062.147083861735	16374.432974866188	19405.456965008707	19274.00832410082	13848.828048761963	15827.16188438492	14739.922518814179	16443.07601051245	13138.848429606262	16455.969813440388	15555.769497429043	18242.418767065446	14186.328435599207	14979.974569431195	13376.004545812655	16371.604140945015	12742.981939379913	53984.40840700058	27530.152764255712	27446.347422624982	21645.62169207434	29531.03363608133	22471.102210962585	11635.432717735825	25419.40583805054	21599.012341778707	34425.17127529266	29182.52819768111	18878.032290260093	27137.424606995224	22835.018623925756	18920.672655290873	26181.329615520368	21538.107369654288	28679.67400856009	21347.8815117275	35466.287875143615	18238.84544920392	18538.5338250506	44509.94565238923	30804.864158721073	19740.055544044943
GLYCOGENSYNTH-PWY	10268.932726059202	8587.57727505607	11905.852403112114	10373.254508182114	9985.356529508757	8554.880912721588	10441.623053045543	10578.210932144397	12018.433435678715	10831.791595867007	10866.439130442945	10594.17803054365	9287.316520376784	14344.609970048597	13051.777934145852	11771.727058872453	11448.638329099136	11993.405883307661	12173.582839105642	9780.365721252147	9679.037504752812	11188.04072336488	10479.085319101325	11438.693498305549	9962.384125759145	9294.07282507521	8313.944902187179	10660.492642344247	8887.251471885987	6731.965030090643	8804.661819993325	11096.20558016832	9645.062865248989	10775.540313318887	10087.09909311176	10507.341472499822	9352.838876025718	11235.788281423876	9512.14251670663	10343.27700830955	11668.058288872295	11617.663584809894	13146.037776733578	7486.971068745086	6284.404992428268	5355.237008920654	7255.4938362570265	6354.512681663003	4690.046545479232	7256.820041761748	7284.996655754974	8408.927768650145	8045.03087763247	7022.7511690431065	8453.103236255558	8194.446148821005	6259.479992158231	7090.296264357786	7427.128040841887	10618.569186364934	9154.962751149922	9784.582107144097	6248.670246783492	9244.380642923117	7136.137408558959	9047.118994819106	8140.427579618521	9831.469349319643	7782.789138004155	8401.846853301653	5046.479622093706	6401.244381359844	7518.38910779317	6376.798223421395	7185.866569072378	7924.67238773399	5722.627833375252	5913.116808919503	7111.278370805839	7131.633642650159	7590.387239532984	7598.759530350763	8068.348812118345	5152.986922227574	4163.350971453097	6451.222109950942	5937.715887113177	7371.820317861991	7693.340673912318	7028.38540010416	8813.08306513411	9331.766485585786	5600.260892099082	9071.001027581413	5705.767430367185	7051.640532808311	5973.848841369715	6694.171835823231	6700.365212986272	7645.606163881465	6012.376831391079	6963.606414245881	5503.409745903326	7757.554836990105	7068.833925875262	22904.59060984141	13012.761237797296	12937.302936231532	10173.181146402938	12313.138025848495	10791.040754733658	5004.393078132154	12372.537020291336	8288.908299316054	14572.991395470091	11177.393994255423	8751.69341101051	12391.49212916715	10301.460609601338	7648.478560552226	11306.627827766231	9249.629764684943	13841.564925687824	8295.968963175896	16731.433492075677	7544.076468991564	9441.865192726049	20800.41772401121	15059.466616783058	11918.256419366553
GLYCOL-GLYOXDEG-PWY	579.3119777519319	486.7752431321682	746.1162761953311	480.344800005468	783.1087473901634	887.786905019197	413.3086063216282	577.5454051873156	4850.653061459864	1186.723862608913	511.5522528040059	556.9174259931696	674.2826801829083	2156.439922321972	725.408637901579	680.7367088681376	284.4273930115793	1323.1497147563332	593.925362643437	313.8805373601365	348.50466150285126	1166.175258432082	1052.0779113738154	637.2658705010408	434.5808115863855	1287.8930832714757	507.14618496507717	398.6605558627631	202.79136677488555	663.039387988642	831.5870806241167	590.1945261998761	625.670641173388	261.7993791328263	1301.1775754300431	608.2229867797835	445.8576851149447	308.14883539888046	221.45169609390288	1406.3000182920584	585.9470803968743	362.8581409432102	458.39211789520493	158.81242848987637	917.3617896322254	160.51321561994786	937.9746426591436	215.43542554106034	244.47950738558234	732.9156783955065	252.89113670681996	1376.0896441515245	845.9733814938687	156.08588565106027	869.2212702442403	334.89152192017343	290.87820332609084	935.3232029670337	194.56832088417463	686.2312969174385	1041.360536229969	379.9446581389104	736.3994400535805	391.51211502685015	615.9064276218276	617.8824892399908	463.99760594911197	868.3055773740848	1231.2946158024117	157.46928387882724	948.1088871140458	1009.190628241825	186.02244600921298	306.9740499417798	915.5169516777598	486.77115965601024	443.2143780904429	573.8100589191816	403.3500127540486	648.2100258733086	1254.2133600289342	416.00697024415246	902.3569786823981	213.9543812532454	124.34934295428852	675.5122641597709	140.846293056252	684.2504175511965	826.6761646691209	816.4848795800689	318.5052949123711	720.7851358273206	205.85872706521639	116.77246651938769	301.3621018246578	276.3937813538359	1366.539687547426	372.6371238578468	2135.900048818366	208.28590289176108	155.02841591780626	557.5748925635122	740.9418704570328	233.88892891485997	3143.9143354426596	1638.8717278810484	669.4158689357268	1230.7113754001002	973.4834760520774	1105.1407793092567	474.54827548945906	345.3983276521387	521.5084171586873	1214.8381713013837	815.8899637890231	1566.7441645595281	286.19860287005685	1177.618342073783	650.3404885535	827.812916730007	440.3665420541437	628.4319480235368	707.364653529535	577.2498939550044	1055.5730329783755	879.8833843875641	624.4421450830912	2419.765782837274	784.3235219886318	4997.603974271915
GLYCOLYSIS	21106.51761422399	18806.970038411844	23045.337377986853	20738.549076393127	20082.999911341718	18576.726366469375	21148.600406995163	21779.8154256193	18706.614344709873	23307.986907664377	24110.159934295694	20285.218433212867	20618.033620432045	33091.75262225688	28420.341926502966	21537.79240734173	21964.176773067673	22295.489342261713	22182.430544836738	18352.65154451242	20659.676544157934	24998.291644506207	24869.708998064925	23501.09819109996	21945.958856929417	25338.58756146343	19654.259087300114	20320.40228466165	18225.77440532517	21614.90904292488	21847.49694285202	20741.732509733854	18230.812637883697	18577.349342022437	24709.67676883068	23272.98071263131	20957.846173652048	22928.10322216512	25467.18695917735	22157.704701130173	22358.065142207433	21024.80796092363	27675.55683100261	15619.017100250792	17199.568196598142	14266.105915705166	18142.480662853257	18596.3779957131	11850.149867545118	17909.08212094511	18637.778334731498	24450.591628778588	23401.960735256554	15048.112091446785	20596.258266383084	16337.25520234764	15241.758798315568	16198.135460919997	18196.404811934917	21928.952691366343	20329.604939144658	21331.683791492662	14157.860179590432	20113.494213966285	18238.554983532133	18369.2867795561	21190.473040436347	23083.060941565716	18777.85413801677	17169.119050202036	12940.410307005157	18841.67062561459	14400.544547964764	15126.658085921023	20765.532922805913	16224.155645925068	13590.213985345772	16905.551513672417	15459.125307198323	17043.20731618448	19337.2235050843	15561.312237464728	18152.14019552212	13870.864724650193	13375.16489954368	12301.751265286286	13786.93189570709	16303.824179629277	16883.971806000896	16167.229401134682	18735.25501262719	18603.115879071538	13448.945589292052	15663.859089437885	14840.62560764343	15988.427247590778	13269.885251814394	16253.221834636492	16015.41439597149	17769.39971036487	14091.162516164171	14851.06945978517	13233.800560699561	16092.668338140957	12990.886633475431	53130.775501302356	26755.92567770419	26603.6517084571	21149.74238026891	29098.391085007992	21403.34867569668	11382.575649768163	23954.14569770136	21710.258754824357	33444.37738198986	29377.31792473666	18038.83260211141	27310.558282918955	22132.633553819353	18785.246713439457	25201.62831249079	21123.79167130701	27377.643227292414	21323.146989518747	33967.95370439714	18182.070987194773	17524.881923947425	43662.634169479024	28997.834852765664	20050.15757043781
GLYCOLYSIS-E-D	7045.069631651526	6517.857381563235	6659.437990278434	6067.7635623519855	6798.54104898614	7446.1406715894855	7098.868014063957	7584.939846861007	11789.510110590112	8754.133643224803	9718.00340513609	6815.582146696834	7795.29658667246	13201.842012237414	9813.89980080609	5465.1258883706105	7878.0310191230365	7375.51823336994	6303.576480964348	6561.036062020821	7584.781690782533	10084.745415473277	9777.636795767281	8371.64750588768	8776.856848677466	8487.242551482434	5772.267164277318	5098.511806552138	8381.393505908569	6299.512529195682	7366.652712905687	6217.918815594373	7544.4463020605235	9677.710143173064	9535.097028921573	8438.259056204344	7341.5472974072145	10288.748013614068	8235.11133839031	8077.03731952125	6811.390154231373	5181.172378025143	10127.55723712317	6459.933318140338	5575.6349250202875	4868.809137831942	6875.687697521034	5882.359683079796	4232.438686375803	6609.951160031552	6514.536436401119	8296.983990577763	5720.909990344231	6210.680147349396	6203.758349145141	4584.040845763218	4635.772323537862	5118.297049313345	6204.668499033549	9511.004637167576	6039.12184898526	5879.404242863062	4143.677147805982	6628.471249966509	6303.926419965537	6386.05488746733	5432.059929504106	6487.405563228189	7008.835955214678	6848.446989039462	3898.476754334093	5611.57136658496	6636.242306263889	4385.354214982747	6288.081128457933	4905.21429304509	4680.444854820569	4759.531728467753	5230.019303714385	4305.131562964962	7300.384448671814	5170.124319487002	7298.288666874472	4710.408562022312	3892.1357426014274	5811.4338976500785	5420.030724796432	4814.272329646108	7488.897389878771	6630.754219482783	6426.870468664221	5672.515615802984	4564.98401655737	7657.428684311443	4794.8207020657765	6703.31249100035	6059.688349883818	3743.1475283322898	7087.573822471521	6975.317407462267	4680.549040272311	6434.400436827642	4587.801091886318	6469.649717683738	7736.6042740428275	18286.612139454963	11553.722828942757	9097.598672456337	9434.093240009419	10622.544796573839	8428.163572024085	4696.368617695101	9471.463399376948	7550.099617533135	13862.545093857001	11727.272325561657	8211.954512503444	12008.311438564888	9519.060849634438	7345.5933737265395	9654.45858486158	7310.557748922649	9934.67226985433	8253.34856711379	14083.72624041836	6481.987088723735	5463.777896601217	15959.90886961521	9211.218087055744	12601.337007674538
GLYCOLYSIS-TCA-GLYOX-BYPASS	1056.69666390403	889.1695971374176	1383.994842041464	875.4866463656185	1428.09655563226	1633.2249098327054	756.0363587920056	1054.509693669414	8090.512975840135	2298.6599152643544	932.3951590841256	1018.0694164528508	1233.3920580520744	4161.849644993457	1316.9384445460548	1267.8292411907871	520.1653472499028	3186.232816049751	1144.4265207993674	568.8846917933151	634.6839177592545	2201.4220947465933	1959.7369835245115	1165.3769537974486	790.1695022605498	2531.0216126444034	952.1056776606454	729.6865886925701	363.01543116279385	1261.4028836452883	1582.7897006845292	1123.745531877211	1168.927046311431	469.4991127349005	2562.151421501828	1125.4370726743741	815.4631194570053	559.6134467708306	397.24892446169565	2729.5423408271445	1086.755484937954	643.0901475207052	836.1221035476893	286.56856769744263	1680.8893281833955	290.93323422047047	1739.4398186218336	384.70717876051754	440.5168630594698	1338.6222651107926	454.61327134576703	2652.806309637282	1584.5750756928107	280.8385996161404	1648.7330245271505	602.9432168186755	523.3447369190445	1848.5713804247982	351.4242281192649	1237.2173400516137	2021.0028803212563	685.7170704427664	1460.208034513877	709.6459797737584	1184.2338562848947	1131.787621703965	824.9618333749825	1551.1450352832028	2410.4093916863458	284.26369029604274	1722.5476478938385	1925.3300364069717	335.1815946656415	553.8930272779842	1788.8187464041264	880.2797688299703	810.9856530931178	1048.3104460124023	727.827209124933	1137.1605979646733	2387.382428115196	756.4905032784344	1723.7387226833396	384.02948358633245	222.62788545566025	1277.4175348517247	252.52106133247122	1242.0258722066665	1595.1102103169876	1560.8107980552336	581.9908713621592	1335.591895056889	374.4349664855324	211.22115293745327	537.5716849264421	503.9704423819602	2578.9455443012753	659.1924517457638	4095.474470313938	376.60027148523204	278.8590640375716	1008.9963200932672	1335.0131855065688	425.1655817302047	5262.139150178721	3082.9817261482503	1235.2042687539647	2410.7132297885564	1840.4329088670859	2065.671727021755	881.0875622780684	663.2549973377761	979.1783740175482	2389.5349569349096	1513.5428997237423	3250.5044717197184	523.9195990738923	2347.299118356743	1216.6743899225364	1600.9898342588178	796.1204454529167	1227.372659775041	1313.5446201291586	1092.691977514457	1981.6345199201137	1782.7850024987633	1150.8208399774912	5028.885927258374	1449.12391501296	8500.726505074808
GLYOXYLATE-BYPASS	624.5051909816245	523.0830273143089	836.7507646167345	515.6207718265844	865.9617218045311	998.117955913275	438.68015891501466	620.3985427590708	6805.988169735636	1432.3175038912123	540.828630077318	601.0232723625871	733.3116791542943	2699.600322166322	777.0490553494524	770.0795623243998	296.7849250196226	2123.557286901239	682.9552492190102	327.22658546765234	365.1258189030482	1362.5032856846526	1190.1336452884013	686.057543152557	456.09449506396635	1644.9947838495918	567.2708529914722	429.08409122197844	205.61126333482605	767.7136437450881	969.5114405412792	671.5583650079557	692.1732346868025	266.50745869139786	1607.8158022384023	661.7970596638366	474.7945811670147	318.68781553561666	225.23541918748975	1759.6510466150273	644.0973348164262	374.9739730056687	480.7052435988875	162.52253017895598	1077.8844432374276	165.81560356285655	1091.5100785288803	220.32376350299478	255.93236299986478	818.0417506593081	260.38182648380905	1709.6007432501347	994.072214564181	159.10373015045852	1028.771480856875	353.1887267543235	304.79983522095466	1205.6199952708957	199.99287256284165	731.7553224136302	1298.6854687879008	399.53838672710543	946.7691732367359	412.11397518911434	721.6677786523929	676.9266688967841	488.34614409176373	953.4160632618527	1577.2941789278789	160.9069536266981	1169.6249539185771	1255.850038719905	190.62941727192708	324.3333113741472	1130.4952520105971	526.5275058737705	485.40551957104583	641.7190517290362	428.6060977170653	706.1467773982512	1556.0614714597589	446.4090967282508	1073.4885535279122	221.00604767030913	126.80384741324079	788.958665987953	143.20893370708714	769.4776874410571	976.6100959664977	963.2830977396557	335.6727840856298	817.5549964329051	215.300411011093	118.93965919034977	314.1595654833902	289.1826179355914	1759.6459499646462	393.8795050168052	3025.8553769715486	214.06824314630043	159.04108585326614	602.5185730759879	843.6258696443695	243.1355249932798	4298.638233557113	1841.9214954935924	719.062461396044	1499.5085581194264	1114.5432177183745	1249.1526270043435	511.1720191781429	391.96505878070025	567.6280843046029	1534.5627148299468	881.4874358998248	2054.9859892496856	299.01137313157494	1432.6127115932327	714.0559776456323	981.0335281450874	457.86076711835983	732.8724635911542	770.652810662531	644.6062571670225	1168.2840227254724	1120.365545119578	696.4432348312421	3206.631755610063	858.1308465076618	6957.746958172036
GOLPDLCAT-PWY	1246.7144337689547	871.685804841115	1136.8433663617286	1204.8172179698195	1146.3578167920443	910.7084009729102	1282.3761520786159	1124.2295758963596	2947.652305384992	1149.320008337945	1606.339829389106	876.9913603803781	1306.0039754289894	1504.3269890454576	1959.7566371426192	916.0620851106725	1214.1518169297105	629.7451510548196	996.1320112869945	1330.3325284428042	1256.894890799581	1239.6735255626447	1710.5150931988492	1205.364836552869	1372.3269183531982	922.6553859837137	859.3630571424013	1240.3728809712998	1796.8540404507705	848.9815242619302	827.9911659341542	1032.6940944774144	1270.7982941652758	1754.0419929611112	1092.1884333739235	1356.8952781393727	1385.6253048269257	1358.0389514346173	1509.8735301559839	938.2218711832347	1160.8528029469337	1537.8512895129963	1620.6723942479307	981.7675278898157	1043.1685061346386	787.4010208598231	951.2083431483828	1352.2169650963303	763.5811130604236	1099.4563078827912	1259.217393530062	1209.849973139516	836.0998310021594	1016.2044594478825	904.4423604279217	1057.9481904680108	901.7160561132054	649.0712489426804	1231.500899856287	1455.321003067382	816.2207498610734	1262.123757326307	562.8477007251277	1399.823075078174	758.7317890039893	1428.3241608880849	1288.48858341928	1157.5148073183768	889.6193699602896	1024.6336167930817	645.0089815382162	851.2042491980392	945.9881492341	863.0676008831133	732.9323560114741	821.4785710508742	758.2622221784849	744.426017052086	855.7241353739963	1226.798364314641	1018.8077236112771	976.7622380775093	1060.537172974634	940.0547690905918	766.0738964850486	714.0492166091421	1014.923598786575	842.2511463408973	1131.6448218113126	891.7542389031581	1067.6851143053773	1090.9081070703521	740.6876288544363	1137.5798177853142	874.7323729771965	1117.8440714280903	828.0144018371767	867.2049747855561	926.699611615605	1348.0156340962799	1041.962428208628	877.8914081212797	702.869390013642	1080.4356331116508	1656.9678836702144	2904.226202146792	1768.3392739001265	1427.6007758813435	1225.8431386308835	2074.015075538244	1242.619340813803	564.5094037685891	1274.1440140791187	966.1804946091418	2090.461523307147	1620.9025016336313	952.8768853212351	2241.1892513230428	1180.1280877177196	817.0941095521035	1749.1047102589766	1023.6114352747057	1506.4501379971948	1208.922262671369	2249.5379911308532	717.2494112095817	1000.8396544254997	1971.4330274951612	1764.6211651915567	3297.730606339582
HCAMHPDEG-PWY	172.99636363636364	144.77454545454543	232.5163636363636	142.44	241.56000000000003	280.2109090909091	120.93818181818185	171.7418181818182	2440.68	403.9527272727273	149.3018181818182	166.44	203.8472727272727	770.9672727272729	215.0618181818182	213.66545454545457	81.51272727272728	609.1963636363638	189.19636363636363	90.07636363636362	100.51636363636365	383.07272727272726	333.1963636363636	189.9818181818182	125.77090909090909	465.3490909090908	157.0909090909091	118.28727272727272	56.410909090909094	213.50181818181818	270.8618181818182	186.23999999999998	192.63272727272724	73.25454545454545	454.5927272727272	183.2727272727273	131.0618181818182	87.5781818181818	61.71272727272727	501.04363636363644	178.28727272727275	103.16727272727272	132.30545454545455	44.57454545454545	304.3636363636364	45.50181818181818	307.7890909090909	60.46909090909092	70.60363636363637	228.77454545454546	71.54181818181819	484.83272727272725	277.3963636363637	43.63636363636363	288.30545454545455	97.39636363636363	84.0	342.70909090909095	54.86181818181818	203.22545454545457	366.85090909090906	110.0290909090909	267.89454545454544	113.60727272727271	201.18545454545455	188.25818181818178	134.80363636363637	265.7236363636364	451.0145454545455	44.10545454545455	335.21454545454543	355.33090909090913	52.363636363636374	89.45454545454545	317.6181818181818	146.02909090909094	134.96727272727273	178.60363636363633	118.60363636363637	196.83272727272728	444.0	123.5890909090909	302.65090909090907	60.785454545454535	34.75636363636363	223.16727272727275	39.27272727272727	215.21454545454543	275.22545454545457	271.4836363636363	92.41090909090907	228.30545454545458	59.22545454545455	32.57454545454545	86.65090909090911	79.63636363636364	518.4872727272726	108.78545454545454	924.6218181818181	58.756363636363645	43.63636363636363	168.0	238.27636363636367	66.8509090909091	1498.7563636363639	511.7890909090909	199.0145454545454	421.56	312.9381818181818	348.77454545454543	141.19636363636363	108.93818181818183	156.78545454545454	435.2727272727273	243.8945454545454	583.32	82.28727272727274	402.6981818181818	198.2290909090909	275.3781818181818	126.07636363636364	203.69454545454548	213.34909090909088	178.7563636363636	324.6218181818181	316.2	193.86545454545453	910.909090909091	237.6654545454545	2497.407272727273
HEME-BIOSYNTHESIS-II	707.843784608408	586.9937472013937	586.1865299906417	544.3733779089172	719.8936812200636	697.0136713405154	554.8784336369295	421.1201798144365	2771.5220124403313	578.3532856795174	395.56557127931524	437.51153991175335	433.3422171179662	959.3766882394393	454.4373313712783	395.4226080929844	314.8629223001744	743.6039269540936	385.36906917088555	296.36427819538824	350.03986484284474	485.35702405902225	613.9537541732013	585.6575810768064	429.66041873953725	578.0391779858777	296.9137540944082	318.74088174924884	432.90252945670244	308.43670150495336	379.96244205601965	345.7435517988922	427.41594581199774	307.8057212101468	609.1476533305619	428.8201267866807	330.68210213376614	275.8477235706761	219.47679425491	647.9125829655318	374.2160227928754	400.02757646979796	372.50361109928133	148.34873925816856	463.96002961682103	202.38433494074863	516.6209081517131	543.3376455742058	242.18652556525063	448.95627660861504	302.3795142506388	636.5308373520425	360.67770453852927	277.90381153508037	366.9876027739663	267.59762611101854	398.5329647446643	423.216451813984	164.92670372508653	674.0021198844914	462.83231730415764	267.3690884185048	327.5898095491306	377.2873487990153	280.4356264102058	455.171065061979	496.3752237688462	823.9206132409099	540.7070867453227	143.9164310346189	441.29689431013907	432.7885820746853	198.36543366974183	299.4553322373285	413.21732717326995	317.4810798352864	292.6804232241302	230.266062583137	329.3542808869794	455.66895609543326	547.1848149508744	314.3906757390832	430.29280378032405	187.047378911962	250.06815659205344	314.4273225874393	280.08120360972794	494.64351384294054	406.22652857690673	396.91371504731194	274.7712734177376	455.8683464386621	276.62000640093413	114.35710433596388	367.84175243923454	269.8606580442349	648.2909918114722	329.30778491128353	1106.6406400580222	270.1839171293904	148.55670872972743	320.99771092659614	385.8195285431398	194.38005410510763	1781.3019836888072	913.7878334647758	426.13275864473883	580.4943194918212	504.1843538210141	683.4563467378327	322.6977206780267	207.3758110233052	319.2377228163358	554.8383055291551	628.4040728832695	741.3212522307603	313.70995534554737	548.3488063892544	366.62480054395087	446.4547337832034	448.5474766107441	422.6185936886799	453.84559399278334	422.8605910210508	681.0952151827488	403.5672542125986	346.53150655204723	1142.4258704275865	470.90153692098824	2961.79286204444
HEMESYN2-PWY	646.8120780314312	544.5852856768879	539.1463661061413	484.3569046053756	684.571375231919	641.0852969198935	509.05681227246157	636.7071037564365	2919.4505776295896	566.9351978410331	289.5906067181796	362.76811969939934	350.5287140430929	1064.3676117562868	347.0752878290406	346.99419124945376	226.0782108919374	800.0339893663045	335.4919492438404	220.76815450762555	272.08677347605715	544.6609365396503	522.7618066683866	532.5081742741413	326.6872255445811	637.560813415397	259.08743410540654	243.84748855146745	315.00642435275523	305.38885957677394	377.99205658919175	285.5988607213518	403.7089371563374	217.23610944379786	792.7817042626083	345.47271822791356	249.62029842740378	189.43855979900522	172.4104010710271	784.8899793094799	310.60396048994636	299.6593223942554	273.274597365175	109.90829186292177	453.8346845027709	169.3162220706288	502.4130312772678	523.4098845292303	180.1913979530575	439.3646785048317	215.67430542770435	804.3109564448998	438.8854042705812	200.02502305474235	413.27396751748887	203.38066324856567	360.7969768928367	457.78979796776696	110.43847248023057	628.1784209616483	517.7947505248013	203.64942777050197	347.57788278760944	288.13398252709965	297.31041039015855	393.62361993298504	395.0976207829878	802.8753915370482	557.5303252068896	89.73006153401488	573.8083009336714	458.0611540317986	153.05223837134415	258.11480184487755	498.3665612658406	275.079621968526	280.9537799158581	265.714153960522	259.3653185401744	391.8632691202475	578.0942732312711	264.5989424377432	458.14440741236643	134.39257995342817	226.80049847573113	295.57475130825736	210.05659488795072	581.6678612130455	513.4154860817661	492.1930210479921	208.11121382786303	700.8753562313175	434.58290811700357	68.85450171527725	345.90711019170647	194.8355116161678	741.9900445886201	261.9468068853628	1229.7407814968674	203.9070656666483	97.9454558372979	448.11806974982636	505.9022333355163	134.01794909980578	2080.744633934869	783.9056745432092	331.1688840903759	652.9833031684028	437.3541916144252	692.6029490003369	250.49212320866764	180.2660813995214	244.39873538318693	647.0199453255013	499.87525971641526	841.185781757347	239.4909749532938	598.6970094910176	303.5264078668863	433.95288999824976	349.2709808951974	374.2184743587459	353.201137610276	362.3164116491055	544.4815458632601	465.5156506335543	287.78399594871433	1262.9188140281499	379.54357586018295	3472.288026134784
HEXITOLDEGSUPER-PWY	3346.8497106947298	2955.659579684599	3275.6236052301374	2680.1863549751315	3356.9550336551683	3658.539086280473	2849.6956359738615	3290.492750025558	10494.1036360326	5010.652207683661	3667.8700103476167	2505.785946807063	3815.8752063097804	7477.032821978343	2794.57011970218	2689.807097373587	3316.296026894404	5207.025021437515	2760.3241411006466	2435.2815541335185	3132.712635424789	5034.347048002508	5401.1256311820325	3446.041599792597	3179.481717031951	4687.444427529948	2656.6357984629544	1540.6165035844447	2874.4044021975415	2914.4221102856573	3250.7363390661135	2971.335384002038	3882.5330404728516	3790.663752359376	5645.376859476068	4288.238392862184	2897.9268716248944	3321.2093155784614	3060.0926761235905	4752.826015044266	3313.004567013833	1755.7105457966554	4045.682331574369	2115.05723862291	2924.811640830632	1623.4652771405752	3633.2334582799535	1391.6439360408142	1741.0408075596858	3061.375002943296	2334.262064764072	4919.0844899601025	2956.5474737200625	2133.717300509633	3654.8855264229787	2098.2865198876902	1684.6719408146355	3418.1906926565275	2191.806682371494	3499.546006989992	4000.9913877454496	2567.722016070449	2826.26184724844	2556.8960876848446	3053.192101744173	3162.5890081825382	2465.2636636525986	2878.1792345282706	4247.607983344765	1939.4108034209232	2553.9720066210066	3297.0001826645075	1899.32341182188	1654.3251748163427	3438.191707217466	2267.794838914581	2289.243148145257	2375.965302142484	2290.1594356996625	2412.964315183167	4596.8995205828205	2507.7205751314964	3817.820010434975	1921.5093722777551	1276.494468993558	3074.748447142636	1836.5118737861662	2134.564374216996	4049.414057796995	3622.73931401902	2527.8565946466774	2870.4632075266913	1365.8876564310037	2015.4814288807986	1371.5223488525473	2463.235489419589	4071.8869021628207	1647.7808448793971	5461.568541159221	2571.0007937527107	1556.8810832978374	2748.2545671979246	2760.5277271210916	2198.2474784761534	6949.82895962414	9149.191379523372	5201.256740204641	5116.775708699324	4852.168405791061	5050.2721327376175	3953.358688978755	2203.085636758915	4735.630556241639	4560.926001137809	6883.36414500088	7087.943538418514	3576.880275016562	6050.414185404922	5082.349864584641	3964.9872973509187	4022.288580098979	3872.919863804994	5151.278061951926	3759.818912933264	7423.0235903051935	3941.1634774877202	2359.9612536319414	10186.836370669635	3963.648067069212	11563.697985197505
HISDEG-PWY	8866.651180503091	8311.54324954864	9369.939366485552	8896.494004864098	8338.76388510635	7732.573700651215	8758.011726564235	9467.730189171945	7175.856234527827	9253.22348604663	11356.032895354125	7895.994922814361	8789.853333588684	15931.541970887336	13644.326868191967	6711.121095723744	8170.838053755075	7063.543743792968	7305.672845056109	6526.414551443642	8637.612113174731	12417.343007684387	10546.704279587171	9821.323640370929	8997.014341097236	13929.330196398792	8933.383593376439	8050.250176885056	8880.988080156982	11461.358132945268	10506.646288541548	7633.400127787421	6445.16230459781	7617.427172440785	10971.356179025823	9696.0038643964	8939.811404520482	10477.443945418821	12978.646673268258	9075.843593252044	8738.963826752084	8629.442297309077	11230.500333812208	8041.023950252282	9031.272759352962	6975.537491062992	9211.319515535713	11435.441763978011	5657.204442475598	9174.944698201347	9533.521652396654	11983.28994781512	12068.4891962317	6795.675788458086	9351.26267823389	6991.061781563075	7424.493949819607	6822.672781774382	8562.302942289814	11385.935536313695	8535.426488475683	9736.04451193022	6079.629209885195	8795.800904853399	9559.757218586381	7448.329055233899	11056.638281022468	11237.569595050976	8666.042021718846	8274.66041340136	6313.429334525889	9581.40292271255	6983.340458969135	7232.764583637138	10289.730635292552	7107.915268257612	6152.830894303482	8504.769238705194	6792.499914894122	8353.950625853615	9506.06148083154	6575.561923564854	8683.833808701123	7066.944959704114	7714.555288573703	5239.579134405244	6864.894645527528	7334.288480393571	6887.922027589182	6793.056668727079	7880.577252272904	7377.475729888059	6275.7461679833405	7206.816417610298	8117.111256263483	6671.634076207892	5520.19505384424	8073.836415319138	6414.556098949019	7730.272177046038	7250.498124218815	7126.676875874058	6214.277451233507	7179.566910292262	5984.8621725477105	23295.457064996026	11036.856809224053	10505.172735465885	8227.256700960563	12775.748224314315	7992.1406323018955	4572.348549998483	8636.114585576568	10059.250437164423	13953.683307899604	13068.326929727637	6639.218655412973	12530.308426950065	8468.98833161704	8147.150888355666	11216.95916937515	9002.472410550403	10327.54211905776	10013.153108894086	12608.821089249244	7929.425860040261	6530.219649725981	16750.128123287093	11768.149546818371	8923.807145596293
HISTSYN-PWY	18723.187603405935	16570.55960112608	21037.009347260824	18805.48179693934	17923.14190863836	16114.943912376615	18974.609364459997	19522.076587258245	13506.482413547998	20187.4510185116	20359.791502647822	18252.763872145548	17869.86356274122	27014.45869905617	23540.146731963476	21353.649776260456	19862.041490423187	20627.293417435387	20718.29505061304	16280.89285446493	18148.709391056644	20467.963580438874	21230.226403637895	21028.707626612555	19044.15479060163	20438.014972912482	17214.8461827768	18518.55141152997	15444.934987225248	17979.840555325645	18368.45937408056	18990.06073380919	16329.538128052483	15602.851367234553	21139.338572719036	20217.389293370237	18103.064814979687	19329.06587887723	21963.38345702632	19258.79095955908	20445.243092146284	19452.240146700482	24428.961711685737	12976.097943979052	14039.283650724668	12308.486104892121	14976.54783987477	15295.118411365767	10241.426395291039	14772.648094029315	15878.190803961139	20341.53203175115	19886.11024786473	12795.236827371778	17594.29717877276	14780.798239120597	13281.377156239392	13732.250830639643	15683.258417521252	17995.532513358	17412.812780379398	18945.526507288127	12144.333379156453	17670.39567115754	14980.286830368494	16168.36159374714	18452.95125862068	20153.351482505448	15477.621680716222	14377.866358430487	10960.678638582453	15658.476421536323	12013.270719352087	13186.53719523892	17603.726338053995	14534.840136295963	11619.603681355264	14391.127117020469	13570.500615011551	14803.339363230914	15981.211334107398	13872.110091082395	14863.992588369887	11917.273519667342	11332.338917795938	10076.759783782021	11586.537276758312	14122.736034021755	14040.603899042388	13905.985016162284	16624.94379225793	16293.059304150385	11569.468121429329	12868.692414549807	12286.834083522055	13992.199679807276	10783.075305317641	14139.676220929843	12837.13082975182	15430.223348857066	11814.448077317838	12377.992493477552	11258.855794655288	13632.463253782782	9738.784059799505	46176.9363912223	22863.40366446258	23389.26589157255	18146.638081141093	24661.163483917982	18992.1872707621	9803.888811030352	21350.08206365251	18316.424041485076	28855.05858221963	24336.45707430409	15703.312315386369	22146.426065349242	18988.345549682632	15995.812743394898	22067.57587294872	18266.11433955479	24276.517394121398	17995.563190991696	29736.379012819492	15489.832628781767	15853.997932292765	37722.00228583533	26231.828038898548	14724.996470684693
HOMOSER-METSYN-PWY	11704.714800914731	10855.047181443166	12370.68385665666	11394.76025936217	11237.917945371502	10764.897154481137	11768.491334579507	12217.702037737585	9449.302712296074	13183.528038493087	15234.541358554397	10816.757954307332	11932.356899322918	21024.968921861982	17767.59387816096	9579.983937106463	11738.480698815321	10902.160560636537	10672.693095024653	9490.559628300398	11706.27385427839	16219.03817863876	14824.62823931955	13437.913900457892	12854.013072966516	16599.393098122146	11686.927472046385	10640.88174173713	10590.62244640435	13683.527671857904	13591.586227247693	10694.803774521151	9576.84192031431	10779.26748358716	14804.310485765374	13379.374001770295	12008.576267330978	14560.008236044627	15669.916123616302	12616.947683532408	12027.987021064782	11031.250377856526	15806.61968676957	9861.859920785113	10820.031675992726	8882.488423860972	11597.407400517026	11115.942541485236	7320.639187160234	11307.235755926153	11531.56193548192	15052.429063498697	14486.278720513377	9203.404532233582	12110.991514417188	9033.677786074899	9261.028860747847	9111.477544927337	11117.125185412488	13520.73957020059	11308.175239728907	12298.436566150689	7980.309410700764	11517.377769659333	12067.28308198499	10085.374120042365	13010.527615919076	13802.132867889355	11568.407076713189	10823.15866837733	7805.824625467158	11918.366515961194	8996.007897826863	8968.902800480135	12925.316299888575	9103.63097196697	7906.042214690728	10642.437913646761	8980.199715907704	10177.604005007066	12476.807782574313	8702.295525408766	11553.974993867338	8558.077393120187	8222.16805261578	7694.81729930579	8222.676579262848	9199.00949273629	9909.277636046227	9533.602214470933	10731.883704203128	9570.476483604385	7747.531525279144	10146.140402766221	9121.56217266175	9571.779913708602	7908.325556808451	9798.23293198931	9258.036928103405	10721.743935783596	8733.135328834482	9153.196346571965	7763.004129819649	9920.111049850802	6568.172091435546	31258.776891371625	15774.058623258346	14521.2437771738	12384.495616471793	16845.807783967237	11633.492364208607	6603.850103696078	12557.736463109728	13071.941960444468	19473.77912062878	17462.711935866893	10056.824844471179	16646.347279985708	12449.382136263383	11213.159701823448	14750.978071667838	12018.29891807953	14690.690131798032	13153.362833906225	18593.71840447902	10583.430917806254	9068.155699706374	23703.125300699325	15168.68984635975	9775.46401912997
HSERMETANA-PWY	18597.55471295304	16415.971590182082	21332.73551018416	18723.926087741813	17840.42537457419	16024.911787488083	19142.19264592921	19149.06540518733	10988.326558170178	21009.36876038406	20063.38185255601	18488.093926702775	17822.27703441626	27316.836141798092	23307.41323029209	22776.29133648412	20724.084977811857	22441.400386245987	22262.92218483555	16688.390740668943	18372.588243359038	20675.825224483397	21694.072672036353	21212.464331323536	19142.612214598244	20511.49058571237	17646.472801436386	19042.627151389795	13288.144509742406	18053.59929438068	18712.527879668636	20040.561516921898	16774.782426428406	14169.998774104293	21734.885474278624	20864.04032913629	18383.380992469956	19302.92423238345	20625.733995347648	19660.340831570957	21191.565716873123	18640.16391798458	24774.48453727203	12462.45550890411	13676.02871684317	12088.047543706574	14782.586283376591	13277.215238051402	9806.584453312951	14428.29618438689	14860.265855126756	20384.69012325795	19864.855068803383	12234.290366106903	17976.960321160215	14557.391244343968	12685.263471917951	14270.96828981436	15316.261965740941	16754.50904286505	18032.950130452904	18607.483546803756	12612.890442742459	17387.68657004132	15235.41233646485	16245.921784578633	17179.356742311225	19040.49043102645	15806.799836593651	14103.80917931233	10555.46701172543	15690.71550023889	11491.474272995376	12774.697247115919	17827.906353333896	14274.503258558658	11507.949605762426	14282.366879927233	13279.246533762784	13748.26229907642	16034.054574133412	13698.307865779994	15098.183196338938	11133.377857483674	10244.6723113819	10386.506494814954	10542.638166984514	13747.086716687085	14601.067790563213	14294.029108923898	16848.50338179429	16502.621601648756	11327.768518165372	13044.89823309053	11369.721628818646	14122.231933142808	10786.491033370074	13507.27599356445	12852.725979976256	15129.073552878765	11258.985796250805	11766.901388728462	10889.032684504142	13685.316388668081	7984.252660472128	47498.9773246348	23285.116804413716	24379.53296637975	18598.175127732735	24852.968751467844	19835.883772667814	10343.295583737558	22539.723283584273	18679.533441650758	29378.50267970766	25335.444703724505	16297.298108989362	22915.011737707264	19673.47158219665	16557.39124648696	21185.297083508223	19046.300324143816	25153.55872795854	18469.67760673912	31007.007735721392	16159.41182292442	16291.440453238532	39819.27040967919	26512.202328845946	11781.615521412685
ILEUSYN-PWY	20756.08572206299	18289.2578670404	22984.06593391757	20615.75143609087	19786.55322553963	18136.11129113924	20912.45679156123	21683.61901530053	16905.146708551474	22446.14154210551	22891.75399357203	20382.80957251932	20143.264112108038	29506.924606324745	25697.14449032867	23652.900919536274	22421.981015172118	22688.09540661676	22776.718301767964	18583.390209355955	20345.79751389415	22506.092011152705	23900.009845299093	23547.176206689248	21732.749090362395	21617.546398968003	18598.501822319082	20087.156674612914	18573.91801137442	18856.269273228176	19756.74658380214	20780.10885825943	18737.419390342384	19441.416394003845	23135.36697975571	22532.00940918555	20033.754329972653	22204.702127526652	24656.29068400466	21218.95341314966	22607.95743582447	21955.402566178316	27652.16326467036	14674.6185563178	15044.321200458826	13594.737031846167	16334.809861215323	16501.561873514565	11498.957377798637	16054.812980782808	17744.043165129864	21680.511371131404	20797.260541027375	14771.415686493818	19012.657623608626	16453.00556838133	14479.86649601826	14911.903960480668	17462.26628062892	20136.046917336127	18921.638191437054	20756.626936157103	13068.607826587122	19636.13587480622	16086.862708516566	17966.534700890566	19967.33878007373	21857.64062446126	16833.533651712685	16138.16910397314	11881.401352368724	16623.263022673444	13956.203070695088	14334.743529806887	18691.10901733913	16132.116789950798	12823.569634461095	15468.265816922698	15227.002107537866	16206.543382680024	17541.096530273597	15517.721634249487	16282.012848233057	13388.65126613254	12266.144491057303	11510.79503210727	13239.0724924286	15554.044700643552	15628.695819856703	15522.637027380351	18598.829578730427	18291.9457841203	12830.942440304156	14887.238227035357	13312.34805615044	16127.77487972705	12118.534817143518	15185.279431037396	14382.64887385625	17645.25784659667	12987.57720987583	14032.4201322791	12459.838308617675	15370.7392223105	12098.34322318319	50628.17552386566	26250.82779571725	25584.31363379818	20984.79899843261	26930.519805030555	21559.809990704252	10979.134706714285	24251.420876857643	19772.877074029166	32829.29446094807	26321.83368158035	18345.22331489707	23975.247289211024	21805.50003976472	17698.327784369874	25232.21619102777	19816.346938399904	27374.487353664706	19619.304465842957	33992.44527449277	16812.281150073144	17582.75211411451	41383.683000411926	28908.132657222908	18612.918553329655
KDO-NAGLIPASYN-PWY	2213.9724810165694	1864.3125901705625	2901.6944814154367	1866.5583203614235	2923.339645408496	3203.9502888897878	1609.4108249520677	2210.672326635179	8541.73823018515	4451.2885859153275	1948.3013506054667	2126.600777712756	2517.0759030772256	7679.4110050918525	2738.5897180553475	2696.8885838480683	1119.2375032370762	6032.964428222724	2414.47416225033	1209.9783591376918	1351.1314965778781	4270.215783977741	3873.58093438503	2432.234471644571	1660.2022187244174	4972.447400015617	2006.823084213034	1574.5652625524162	779.0499369672518	2631.5887420032423	3197.293984278437	2356.029421742723	2359.8941081613775	990.8875141564132	4942.712959633418	2337.709588245863	1717.7299939988798	1190.6257010829563	865.7858349859686	5176.710507429625	2291.247687084345	1397.1332722368738	1779.6454196331763	617.3426982269211	3313.091873424141	629.3669402226526	3379.3953511474906	834.8296703924377	930.8501010496187	2680.385094284349	977.0715579980857	5158.930500110766	3336.5037823839243	605.3854523019979	3347.542563573799	1292.4041154202096	1120.5340158857582	3591.0842893128292	760.5882438870998	2505.9716080757194	4027.7724369473576	1476.812536664806	2907.6071844650073	1508.7975951849476	2409.676140053452	2326.0018763723947	1775.4207102381063	3241.631125207332	4468.529191110513	614.6057464004792	3338.1904038563957	3817.8447076390985	713.786384435863	1184.7913677121733	3613.2997390954533	1846.7504156241998	1667.4449335896622	2181.9040532073955	1524.6108328296555	2389.9987959121036	4461.882147154658	1585.190501030344	3309.5689695405895	822.8092169116469	486.1286223180082	2358.296542947619	545.5808007250664	2554.4395408334135	3038.3950624552717	3013.0032487808007	1241.6167998340127	2750.722004765693	803.8761589944307	456.59382770269553	1141.5517579852974	1064.6766107926637	4260.9607228221785	1424.4409949500957	6341.302996881086	809.9812865019908	603.1941071767707	2010.2023900145844	2627.3438207401427	904.6963188605678	6616.902025416326	6352.945728558757	2538.2530787893566	4787.579798559271	3535.9277179486344	4166.547841182045	1840.3478738036051	1344.5266057958013	2045.264167901861	4618.956341552839	3130.757545768556	6146.619030301389	1106.5672030474868	4530.016191642589	2465.794801790789	3141.828804056578	1690.5085462972102	2528.076923655468	2730.4213275468564	2252.132224646163	4017.9978569144923	3483.955586085672	2373.1696237505807	9587.755580010971	3041.8641165635445	10216.253093080282
KETOGLUCONMET-PWY	277.43985784685367	226.65364200655935	332.4608089381783	218.21769508679614	353.24710963272986	392.6500677126342	186.7183920256319	261.73941680151745	3166.2793922784786	551.1793810260519	211.43188320973698	231.84894696242188	294.4306306060812	1015.1535829601956	300.71592031297024	306.02072136274785	132.69888424114305	823.6522215013728	285.8585906666396	146.93175317478335	156.2187872878415	501.1149412628488	471.91424541439847	274.0207384276267	184.47119887605368	591.6309011973807	206.35782782765787	166.41348451042649	90.47497627807903	281.7448411528054	347.2843782096771	261.206229232908	287.01063294898853	119.57128484868282	624.5989599066813	280.22189504056286	196.94100288253665	133.77163663570047	98.50632645128839	655.3680063885406	244.54563578648916	155.29777462443712	200.68489957438328	68.83228067466904	424.8827115629623	70.75041473983177	416.00902519208375	99.81703231139704	103.97768335308956	323.2021688144048	107.62076243124162	680.8674713575672	373.783570021574	72.12811492952203	425.4944463709945	140.39241524612143	129.14098236934237	510.3524870627324	79.5952331563226	292.43597870768093	560.085933411244	157.8937087219697	398.1175021595607	167.34799418769222	263.3672803011691	282.64570814009613	200.13653727759652	389.98094163315784	599.1050915753357	64.2753317775974	463.54801544969655	457.5414723298488	77.1918367346939	134.31412110107945	410.8395689637735	203.35063692208212	209.48087292927286	231.22382903016165	172.29605774739335	288.1228082758004	569.7707662424252	181.8764103725118	414.63882146110404	89.7922632826663	55.61831909968872	299.5678666247742	64.81656181581354	333.7565154627901	399.6375094184082	369.64104148570954	136.3625342055558	375.3023854932617	101.2802895212621	48.3682958813419	133.03626875140702	115.93427177071287	692.2747906423655	160.37851163704212	1236.3885799857592	91.98630725423727	65.58623485428585	244.10388910592323	359.168650320732	96.7959548557511	1996.16859181512	698.6689437585734	299.0742047262772	594.8351373680415	430.96926775956285	508.84619013553737	217.59657593970147	158.63300302836777	250.71889421239297	606.1719212208479	385.28109105535094	824.2762917393671	137.28565931050937	546.5973233364047	313.69854879756656	387.7216770837163	197.49067921295946	313.8931919145339	337.00476688558	261.5663822605482	498.75503347157365	458.82230135606636	267.5294175108538	1326.0030786916548	338.31908351204095	3297.6467556086745
LACTOSECAT-PWY	856.5808032861831	489.7988656695143	373.01271091637693	401.9842626139117	351.35550305723154	326.9195313131553	309.4984591606392	372.0677662674975	1561.5516152899852	684.3508786367652	375.5754085165524	331.60069012539475	584.8786337818839	746.1791043709352	547.7738610016348	539.5141148946432	694.3222626017815	760.5460010296671	785.9679908962287	853.8149606891275	538.9834551040137	345.1197022538009	767.5239934320433	198.97822542426547	356.4780421708243	153.45416068011357	157.3837446956812	242.26060971657841	317.7552071696239	190.56975824083875	208.34678859265244	431.2918316540598	607.0122742638451	727.6424461540547	517.2291620723832	851.1991164170734	590.6827503380731	477.33872429475315	490.66520841771893	245.9426277169173	251.48694462884995	327.7764259377509	632.5311389671525	270.20867748676585	590.676064397685	154.7281501996539	338.8388747365842	286.46558938575924	182.3039657841874	403.86820353109766	221.09883469292382	807.9104326562527	313.22464160764133	398.95314383917906	942.0166708615932	238.04299730474096	171.7043060241515	1161.3128701656851	222.18974917127184	315.3896564124085	1490.5994552994255	322.8321024801888	859.6919936473611	346.44086229957793	147.210733309313	654.7716560997709	284.6175148852996	337.3128990393276	609.0931896405584	247.452557008301	383.08350967387724	273.2915464446172	189.66737248070305	248.61457681238002	132.984184390209	225.51422774060327	661.4702034023604	147.9009246691396	288.70653019655634	512.3577054957838	221.80568443314536	339.1341336939201	498.5936661652456	227.07645504931858	188.2948635215358	341.20060143210975	368.72571036788537	827.4373644600809	704.8392727645265	263.96249743743	308.3580954253442	1595.1358100134341	639.8757381831631	187.4150169023011	291.9767977340021	288.36616361834905	518.9963938971916	295.060903669069	933.3246253155171	293.2285978064037	214.643371204608	296.30464973052835	700.7013555837246	237.27079202537502	977.4108086508437	834.9235059352388	924.4274478451907	889.4192154901809	658.2765715068617	912.5641819433629	773.4989592733265	342.5257532896611	1215.7938642168497	766.1159015453517	1490.3112757742397	1232.582421504491	919.2864146308402	609.2695009242728	1362.9420090583885	570.3694020496645	690.6028767334003	940.6050643045005	1401.679968829755	488.97050366164336	1670.6966760380776	848.800892923235	404.28407614863033	2580.9331582187897	661.9663292458632	1292.608704701545
LPSSYN-PWY	626.7624653927928	529.9155382937059	831.9954246808989	508.28224383022837	844.3412038828809	976.8460047555877	448.01756512725234	625.938706741658	5330.940476520112	1392.9266424397279	543.2340222995007	602.0478822108134	716.8264571468924	2563.790951128087	778.3748801060889	752.7660389459214	308.4492419778216	2015.6484437277707	684.3276013145038	338.00039579932445	373.08677084365337	1314.8959157284864	1168.5116140799219	673.9877758684461	467.7857843401743	1581.0216016803881	557.535363051291	433.40541772464593	218.28443170965966	751.9649409216855	943.0679101741514	668.7781386799322	674.6731690795832	276.55645704358994	1546.6725378679232	660.8349051324658	480.67562636648296	331.18672265797164	230.56029159198516	1676.9119240910295	632.8363812999663	380.37944206900073	488.6502505939046	167.15822967005295	1038.0868950796555	164.63166598302755	1058.744039024057	233.91451735393207	259.74884371000906	795.3207793528976	266.7994253017135	1641.821712888767	970.5864865686746	168.96427203712048	1004.4057709422341	355.7580813175698	305.24839480003965	1158.3425954419556	206.32189713752257	732.508492507902	1258.1120347772853	395.1068161179769	910.4112075584659	421.311982241379	703.8004676890948	661.6483098136079	490.23013324715305	942.5007298002704	1496.3562220009765	170.52506063544848	1117.0738852719737	1210.6793817259077	197.91761152163846	320.2723856717313	1101.099769686689	522.6884087916269	480.79299809732316	630.0130687573414	427.01943472108013	705.5412176216458	1486.8954406301414	443.7452301717581	1040.970237340159	223.63040916520598	132.92539633092917	756.3331097479214	142.24728102538634	757.9941763497436	940.0008592708142	928.2615404901737	341.4827442471227	803.6135518669248	222.50632522400477	128.0255168576655	319.8476674244458	294.6375885926717	1618.4417604258144	398.6249963733667	2712.449373007809	212.35569699218775	166.76754842570395	586.7172571686544	818.420771901051	250.4602379109556	3674.672615845208	1824.3755123783415	723.555513554687	1461.3529833930984	1085.4880133926747	1232.217345928731	513.3047528981408	388.9546006680413	569.1879234025146	1471.872502245443	882.4331584379829	1977.8762210837897	305.7367796287782	1391.9078120549666	720.0714910752007	949.2594427751657	452.56697383638647	731.9197413088675	768.555522772034	646.2069216257752	1165.6949389042447	1079.7103528079915	690.4831336204481	3079.924987346672	855.5260713151655	5902.919044074153
MET-SAM-PWY	14964.65692511127	13550.425354245235	16244.218844771132	14717.347245903413	14350.573503535625	13335.822385287474	15066.145385463271	15518.61937438376	11657.386141753685	16592.874870331347	17687.834453709525	14155.895366087721	14741.43779440103	24273.550479723515	20676.731455293353	14099.396086658542	15377.91946354787	15145.168960450721	14897.612422135757	12525.184038329395	14698.941091017921	18432.817627139186	17961.276248824626	16943.025369179777	15749.947747788448	18684.24703111489	14334.931041075819	14133.187414973327	12484.340169710504	15904.458876474055	16052.698097900338	14350.788433199044	12578.763739004527	12789.15631505984	18012.316630895333	16678.720461661247	14924.11309156091	16833.775417369492	18484.38151758529	15859.370345888803	15787.383303448572	14610.682644094404	19765.223784157606	11285.261513532347	12501.068601027693	10495.08429096211	13332.464345872435	12891.370410806474	8673.704082455724	13064.113830048913	13459.073655912369	17868.15232248785	17205.988436750005	10838.328053606841	14858.045497446055	11572.586744106351	11134.30533101335	11476.023430446267	13228.334313342317	15550.514887867395	14369.733096185604	15321.078614101843	10073.277593087816	14336.724579749887	13588.87936554111	12906.286341453162	15485.674813751599	16789.377312006123	13680.59345420673	12515.080176288766	9404.14801425252	13877.743654362304	10356.209265247478	10935.288876749366	15304.27168375712	11555.944111689669	9707.136877719082	12492.409316416017	11083.782219849218	12306.386192075433	14301.09246789419	11027.362672715557	13330.727528838903	10043.068010660925	9563.577454695009	8961.413892632785	9690.685272181501	11568.59704931086	12071.457672006809	11690.873268537049	13439.708210380573	12730.291386181805	9595.061584061617	11456.585433683658	10617.405381240684	11621.101319989359	9492.445292311446	11847.06968420137	11344.394820639616	12889.239817509286	10168.547056190364	10655.161154743188	9499.498996727956	11717.70840628272	8314.534260636878	38458.7933918321	19172.34562328056	18720.45860801828	15166.488690522556	20746.771184684978	15023.703368512286	8170.576640912572	16544.90047577464	15787.487086210785	23949.875019858337	21138.06088926115	12714.335679442142	19655.793118090733	15635.018755781835	13628.819993955529	18045.041425183816	15087.684600792241	19090.445819641904	15607.823450927326	23820.062292454113	13086.352877172278	12098.230965655299	30560.674098409938	20065.53736965965	12477.031015700915
METHGLYUT-PWY	336.51144797748145	275.07561082299134	420.9580760202329	267.4561410487684	437.6287006464624	499.3731997930176	225.09189350138274	317.8206607664945	3653.698520510289	713.856808784918	277.66081265054555	301.8824273948098	380.5190919310685	1324.5797128867164	399.69343722285913	393.6766883969476	164.84455307161267	962.213784244282	356.12988301558556	182.95048791068373	195.6679534289947	674.2601868804087	611.0248629048025	344.7095170611493	235.19769059613486	788.8513238252248	279.3053779798256	217.56649013294185	108.71441993906224	379.50169583071846	473.69440633917304	340.73430148304504	360.1763020437498	149.35683827040546	789.7081032829626	352.6675227124443	251.58925980703003	170.87087131256877	123.86458413889181	850.4391008874715	323.95055698033195	195.8964555328383	256.02689855755773	87.46724388434362	548.3136883842345	87.20511442183864	546.0689482628959	114.04279038836518	132.59405936067566	416.52322889510873	135.78429157128758	853.0165936521336	492.79807838004945	88.75267929271564	532.7542966327729	182.4629288114073	155.5825935374749	615.4752042673438	104.41842810961786	365.4952479061347	674.821991072316	207.0003620278783	482.46682097192434	213.24980821651886	351.0272756776872	355.5377077632483	251.56340971587693	481.3390852960807	775.4081823247408	84.36358598356478	583.157713349093	614.2326228563136	98.22116533230204	168.19706603412374	545.2714440831874	267.0570827858246	260.31659975176854	317.33867015612947	221.7099721324082	367.92774963330504	760.4882130224624	232.31899098190934	537.3435365561421	115.96554376678262	64.80682611483073	396.0073903043325	78.99837072106277	406.34465792063605	497.10428259538094	476.9640595313486	174.84176596466108	448.9292298916044	121.99217655301331	62.9827726496093	162.1159123086978	148.9806305528636	872.7524730823258	204.71439463242942	1494.0344693952838	114.16454476242285	84.48491414870685	306.6628725757501	443.10411493059206	126.5169553983961	2296.492266108369	927.879539187917	381.8640270123375	751.0629751078047	563.7475375334903	642.2612130415117	274.14090539626915	201.54629719752128	310.9495435144389	762.2944979148247	478.58385241323873	1010.2227807956323	169.30132338060068	706.762909071583	388.21696394933844	493.8495183317241	246.89084194500842	384.4597109911426	419.45112551752516	331.51385107378786	622.6373249480074	561.3510046807552	353.1984750973805	1594.077475932542	441.58553589401436	3737.284683921707
NAD-BIOSYNTHESIS-II	3889.873831545353	3555.5275694930483	3814.4735208418792	3540.5512160609255	3884.3039370511187	4031.620555926558	3663.1896126786714	4380.223623027359	6020.576700707171	4345.2768344731	5529.296014427334	3870.7448677843868	4471.31681901984	6574.241626091577	4878.464892212848	2808.5299481658135	4232.781520903503	3002.72455665526	2740.7908612345327	3681.4849482697114	3915.8718384845033	4877.100241629386	4797.5900648588495	4747.49805491962	4924.188953717644	3953.1323077944426	2771.6677447702396	2345.3664978423585	6064.2745240295735	2904.3753429174903	3535.9583829684807	2860.807140184646	4009.4221183571644	6434.018255581134	4451.24477957476	4143.109653233653	3660.9582382952135	5807.3565392296805	5845.72037861646	4430.108909313467	3594.304392866032	4189.4776355847835	5943.615419264339	4137.661185104044	2906.9706674064046	3047.025932138936	3488.841235412049	3927.6805680617595	2735.482588536615	3395.0538145805467	4307.147359911051	4006.5129279155713	2880.5743446366832	4012.64948894892	3150.576854814667	2967.810760869332	3010.993114427677	2448.700861867812	3693.379779103267	5822.270642057258	3214.7819310905193	3869.4466548118694	1985.2183345746257	3931.921368553382	2864.961235629394	3532.318313616119	3847.7591830436418	4366.73183579369	3405.271470046021	3933.421138122257	2365.4909502743126	2671.659610048979	4201.621446721909	2783.9284487162367	3021.21007622401	3391.1233376566834	2698.9631035369293	2435.5418502787556	3236.7359537338994	3417.2667672100097	3583.5612703341776	3092.0140183355843	3540.8357777396973	3112.061903996047	2553.3992404719734	3071.309368592091	2992.8903648886317	2875.963851682243	3439.054930297456	3169.0617850599497	3778.689802550633	2924.6062578540004	2270.2440666563602	4190.206559014048	2747.449011754716	3534.7314829553575	3198.844068818423	2594.8716688825434	3676.6970513663387	4315.0853044403675	2738.1337058583495	3900.589185582875	2534.9747976221447	3610.7271271329755	3392.5778199640836	8765.224954310004	6606.595452295016	4305.870486069249	5733.118725756649	5172.489340243451	4697.776239099728	2311.808444847925	5176.357862257996	3650.874133754997	7857.6501309627	5092.542722521777	4811.908306580303	4783.2113386969195	5869.59064730455	3703.267314382146	6606.565471593299	3452.6853998939187	5949.4740751462905	3803.5826120541287	7937.479727180152	2981.4787474571244	3225.7099197977163	7744.570877272122	5175.196217799319	5465.274311319742
NAGLIPASYN-PWY	17009.361559888697	14881.802027731816	19162.748297198737	17185.55627206254	16393.277892597638	14144.900070392527	17043.996184102853	17685.922326618096	10114.05625197865	17443.778117547565	17113.402321613405	16332.289979713378	15548.482686109639	22917.57415535739	20070.57288591944	19900.657311661722	17425.46869691913	18425.20011879172	18662.23010621632	14383.206789247271	15843.944927087596	17064.907965795122	18131.853662725956	18786.04578043246	16273.134111998665	17481.489080755833	15108.916080470062	16830.71906366116	13024.501965378771	15844.589599955585	15783.300133507835	16992.381057332663	14263.738550036338	12550.645988280705	18438.236401266848	17500.37903475581	15753.62635434985	15802.544288222018	19387.356051613406	17042.398485356858	18302.340292279037	18250.691046679964	21151.817329758964	10713.363343444325	12314.639808859358	10731.936467950183	12889.862289285724	13633.873521291527	8955.172773075985	12796.000851044986	13756.736230148124	18033.206333408758	17857.01122328619	10936.490748031392	15560.021477581091	13369.587236068004	12038.828466345836	12176.423768298244	13517.6643415407	15130.70524593468	15569.040479667601	17040.30426437649	10842.820689559392	15624.937622943982	12594.366169380963	14513.094438485985	16859.765807089647	18702.684082258736	13218.924783204444	11929.916042382258	9997.25677672819	13692.158526351142	9799.211136800128	11889.655844688938	15489.198866219358	13180.647277465276	10274.465889024064	12600.529796339444	12084.07940981754	13502.401138137453	13578.108868295305	12427.772580317402	12482.526413832275	10352.57036386299	10099.923547651564	8130.0622770161945	10002.190312704779	13014.303522766057	11880.24891634165	11998.890425427659	14523.25399498825	15094.901771064135	10418.638847395448	9959.304047307918	10783.468117567227	11758.318613678906	9291.503400045676	12908.406426816744	11344.765530798182	13201.720530299746	10135.750789006408	10537.715724311178	10212.028844732504	11377.928467768057	8544.84810449621	40205.46127093635	18995.479366328775	20741.304595235524	15075.186698502712	21811.50738081427	16363.261390393707	8267.015107965603	18355.874969119082	16077.710683286929	24496.623254180224	21006.304082489234	13172.75814006962	18679.173558992203	16000.929583556774	13687.163004604272	19331.315080501674	15979.148273643452	21229.81311925611	15416.346040798386	25398.71232519786	13530.428170724806	14284.03614533048	33115.06440839193	23563.15563544472	12669.117592240458
NONOXIPENT-PWY	24326.112566450578	21977.08130071537	25999.849230451564	23465.783487852445	22590.87264836854	21712.809948299957	24467.80017256545	25473.449542818926	21444.430014083617	27296.027193577767	28901.02667037147	23131.194622197145	24301.935483445966	39154.4959637009	33898.04481476532	21220.992278412472	25320.545090697957	24599.928966478885	24120.696925369044	20735.059308568067	24401.690437495166	29841.97096261324	29265.78162774993	27217.740582692284	26173.409629660437	29445.01891225298	22867.395243931893	22514.863237344183	22093.19776352278	25101.61520396491	25788.638084974216	23323.4234136163	21402.86807076776	23507.778408983933	28821.789146501436	27370.09672342055	24648.40966823633	28027.7206856967	30075.970113256215	25607.044268595295	25197.69135243212	21858.69424149395	32921.92256852553	19044.77572380123	20112.932890073615	16886.920242359465	21348.614957338214	22218.381387689307	13909.703078119059	21194.096626948693	22040.290648741797	28346.741679567866	26951.00077449904	18125.900397959456	24147.59815551618	18599.880722595597	17658.588247852025	18994.961179796497	21536.93833526647	26693.339030663956	23820.182007925458	24681.367960163905	16489.93900171778	23473.571506105807	21372.236065689576	21097.04242917702	24265.920454708117	26329.800748304937	22016.620955976872	20753.920982128428	14771.463900045368	21722.990432166443	17702.06245926099	17592.006944672765	24014.24894162113	18706.41410463841	16095.657348066043	19682.7634474736	18010.600737436536	19528.651904647842	22472.361092336796	18219.687661513006	21569.669117142403	16405.292870660145	15859.532902964283	14900.512510461416	16713.830693432257	18857.65375839158	20039.78652049585	18911.887885058743	21998.60826563995	20922.121372837868	15955.606694944454	19459.52816720775	17704.337894638054	19102.88938482099	15505.165625954567	18665.88142200787	18227.015647691383	21193.915671582785	16751.154490617326	18008.001071763756	15379.604099723965	19351.111766284488	14048.483031196256	61973.11225884266	32375.915987638593	30811.989522963104	25461.416869494144	33916.00281039838	25319.538635082557	13607.236141212983	28362.82068826044	25342.835193895495	40354.58337787537	34424.27309249206	22140.47548190683	32120.37756381443	26926.769343123022	22240.81244743924	29861.439320437334	24948.702924035882	32197.35050919587	25273.074833644412	40493.26999713669	21375.455570872782	19303.496185091448	51300.58336834342	32931.84658157502	21648.71501139879
OANTIGEN-PWY	3763.303661826705	2892.7569112306514	3031.4156682075704	2875.3039275187434	3237.7556741565318	3053.3828650501023	3141.1673959936284	3394.8311461652593	9389.128131962163	3596.7833404962203	2966.3491152100846	2318.461008687488	2957.398901522497	5255.349899245465	3703.5408023893806	2465.9935403337945	2775.3836338057627	3534.8227377931717	2735.8622233669325	2849.5578156930774	2772.382134868478	3362.784115696318	3959.482156839651	3047.7832228925495	2835.225602011606	3307.6599594807626	2062.518996208422	2371.79774586203	3038.0642323792554	2284.853642979975	2507.0351905317525	2457.6672289336216	3210.9833552139025	3282.800486788506	4015.997592187506	3520.4799709847503	2881.9050909662024	2682.0745939139424	2811.3193025353285	3483.1882569434338	2631.220478892911	2670.7454961358094	3331.8483895922222	1848.5743552763395	2718.704146990914	1529.929915168528	2651.610675511127	2943.928708430176	1517.0202839181802	2686.6609462926076	2180.64324907164	4117.932667170192	2530.824047944985	2022.8925627979327	3083.916776069715	1973.5579958143142	2061.3592826582944	2968.5347546742964	1959.3899083010867	3415.056670155885	3596.3112162755797	2316.897237537942	2441.642844245561	2665.0589562108153	2254.729580171592	3120.5074119330043	2663.2488957723426	3464.2695098095164	3239.052878188577	1796.5435151820504	2449.2706998949625	2586.2878203362197	1715.4033522493053	1837.5081470504829	2459.6520063093103	1894.3272930474186	2210.019982917313	2134.802299084098	1899.3619353553395	2822.3502086557633	3113.7865212412653	2179.3120736363107	2965.779384604023	1696.7396793768546	1611.29033040382	2008.3694110078852	1950.5351105049306	2927.9562781495893	3468.313314869645	2656.9517320507343	2172.507719238361	4116.178869406484	2460.372877449034	1778.3266518027838	2290.715654654495	2124.252658708	3117.8569025342217	1974.1963225859681	4281.07316943826	2408.0024379994566	1679.8532514277074	2411.5433195862224	2604.625387152264	1898.6659460480912	6100.495737087615	6892.795313694326	4026.9036898266877	4143.5124471623385	3303.4667027312	5240.071225913671	3101.5888087337057	1562.313875941088	3616.4212764946096	3354.1505553738243	5334.822426154443	5510.219633100523	2801.16531974675	5441.385601530497	3986.123941444377	2667.6384405716685	3555.529328822533	3180.8445527945796	4092.5693370130953	2915.0058846135357	5743.322380445614	2870.90770178918	2347.3582303406065	7754.673496589088	3991.2756383934816	9976.140725773657
ORNARGDEG-PWY	314.6520602760847	261.4998073489874	398.6756827198302	253.1070074342354	413.85851800840925	477.35468445792964	216.03532584165296	303.93445772121964	3694.200580554067	689.7961153336415	269.97679691155156	284.67091817629614	364.18904916090673	1267.7819203124043	360.493358563978	365.10648494569193	157.5459755408821	991.8031512986921	331.50981378809337	169.72507525961402	187.5412078643165	651.9084894642527	588.3673833395072	335.1038640076889	227.9491976614291	762.0958225266587	270.96458355480036	196.4628046779161	106.10920026564057	361.90189992134066	450.750347548606	324.87104595938587	347.4198248343834	143.27588161878447	772.8936907111804	337.5603727054409	237.41421039121425	165.99260159359255	118.6150333420493	817.0420277648101	313.34782422494226	179.4985299766331	246.83173800798002	84.70563895565026	501.34602949680266	84.57139303312584	519.4492861433043	106.08596227561509	128.21580700050274	391.266303818492	131.68374484211023	805.0380307466586	458.49294193664633	84.76996320905064	500.66834768860457	173.93716023702362	147.45833943750955	579.6038020262912	101.40143219614527	350.7741461523148	631.7340901025966	197.7012249275105	456.7906040965433	202.76382538685667	344.0719433919532	334.2256572083007	237.19409488498582	438.3248871867241	741.0193966578879	82.08541533322324	531.7692704173112	577.8090716325687	96.39089294698034	157.7583928293922	524.695574008989	253.1231477679867	242.85503294784417	300.6062978834294	211.46038592054052	336.74310616271276	736.6071443795546	221.6781614490327	515.6426985271116	112.25226090344677	62.793515205271376	386.16243246307005	75.3339406800084	357.6347599453487	480.2220390199897	465.4753528491754	169.2954077718114	397.66869705357414	110.71419711310192	61.632796408105385	148.09432175845336	146.2923157260968	831.5204380950769	188.43238750014663	1414.2073069051473	110.74230105007283	80.62409480038619	293.2689215469354	410.012707791096	122.78205782153054	2267.929614903266	899.9938819248927	369.04608529991214	718.2511328435022	552.2990476659395	602.181944022513	264.1540380973731	197.32090054674114	298.6323994551784	729.9493106118955	460.73501063828405	995.2222666621122	161.79930257765713	690.8483933214226	373.1168427987394	480.6793372322108	236.75739608867372	370.22280881752124	399.32434156870744	322.27221242637154	600.2806598948971	546.5367419999101	326.10711437562986	1555.8740050949461	415.7688761608804	3772.6588443329333
ORNDEG-PWY	276.27089655620955	229.68474023273035	342.8082603263266	224.7740804812235	371.0293465378445	408.50853178969527	196.86774003073688	274.6842733366294	3166.6161324722398	528.4775580666868	213.827886423227	241.21775562603835	286.29502791757426	997.4543602215466	292.9366022582076	298.12428536573464	126.70852163999837	779.572664982992	263.1857482647824	137.80919925437453	155.78889455668167	497.0784828033853	450.66718491615796	290.80628430062274	187.59998641897462	597.799582669707	212.13566019097792	177.48274168969272	93.39008908644199	296.46281705155377	350.1530933577189	258.7816948383437	289.5055487506124	112.06292688940945	638.3754090498093	263.5155375211875	192.79474009738126	128.2370229199057	95.34202497149691	674.0700356424627	252.16207123180405	160.37587714078958	192.0228469335166	66.5726619488296	408.3431834349105	72.49311434224163	417.7867270284694	103.98912193212949	105.44986025200458	327.37574650216095	109.39513967611337	675.0646674568254	375.2026350417655	70.92095556942631	379.52784722074045	141.40300578034683	136.1962644886193	442.40594844554954	79.58390934373833	312.225804645177	478.44063101879664	159.8085810810811	347.82201556651415	172.39745764955	262.6990756171395	283.6895900954346	207.62612341014662	410.6716910105842	571.9563546070734	62.150163108796434	461.41341032212017	448.5377692778458	79.37662337662339	138.1115774073076	422.7976479664317	207.72971040208915	196.78595803825533	233.77128878948838	172.5702494021182	279.6380275189302	560.0033426867228	184.07209564972592	408.2316794147624	87.66362995864604	58.33192419979829	285.6318473593342	64.9110600590745	326.80338718662955	404.23040305225567	384.2282746614378	135.78535142609385	357.2653132740886	100.77675125425255	45.919975236031576	138.06148708566155	118.19845575959933	691.1893592982133	159.9871993652053	1207.0323292939381	93.30988823207987	64.29370766663395	251.8581540136827	344.44309027172545	95.66964267812389	2041.9944174325306	713.9614998573118	278.42671324130947	582.5591252652305	404.7980071437369	528.2623251716882	206.9998501663958	152.86340945399868	226.07506120023766	580.1790170753064	359.76458172728144	819.464992984312	127.93297604416418	604.9593796963056	279.5176174927262	370.6047355280484	196.63485281010628	297.02664270372156	299.490506439825	267.6015556849223	462.995712484237	425.6254091971941	266.3331465888094	1216.8386434244562	348.4413923980802	3452.983878790352
P105-PWY	1716.9554410981993	1384.4395046964762	2066.637616382954	1341.2729856222554	2106.6663462901174	2354.711939073697	1126.0678082995946	1572.645096838171	10410.84492307968	3417.0896267176026	1378.8004461402634	1477.3839532928346	1876.2342339445247	6082.093117558693	1973.0214594087233	1975.7144295082246	881.3012591384656	4830.38121174605	1838.5084652850621	971.7004230486347	1008.765608626817	3186.2335962236134	2954.081283607012	1683.721649187993	1173.6855678474428	3719.5783895583504	1365.7681770747383	1084.2009074435225	554.3411383226068	1857.5235347231567	2276.0641485252927	1705.6492563432216	1792.6019829723728	790.523768861238	3754.805003787988	1798.2490256210779	1281.4588941281281	882.8417642193955	654.8338259770643	3948.3502951441924	1600.1476722284121	987.4552296865697	1317.00875655157	454.46968509484884	2577.0404592401255	446.68601984600843	2553.030762262688	573.5121253630072	660.9547402227473	1994.9568807364662	685.4683447099193	4025.573475658704	2391.18629551452	472.7331150238209	2633.3240285012103	911.6844064816735	771.3912442684592	2984.4403000653533	531.0012142678837	1747.6541325254623	3337.3824488719856	1040.6611458717607	2372.903444278986	1068.3049401310996	1696.152482727386	1767.3286796295067	1245.5998142595074	2308.6377893906724	3582.393113048616	430.75763991123085	2642.890361417413	2874.1945210771178	492.32200900761165	842.6565146557572	2604.9045089883516	1307.1575790225281	1314.3076493247447	1521.5817389073275	1097.0806041403096	1792.3750574165178	3461.246794664995	1157.8038610956153	2551.118574553432	586.5031801546446	324.6265282299654	1856.1388939668225	416.5586747238561	2002.8720568085055	2393.6955914072337	2250.979542774094	886.2374712972121	2301.728567555277	657.3914474107609	324.78001952408135	803.791652736845	746.0974527846367	3702.056530441869	1019.1117404349643	5903.898642883749	588.6097259370435	433.9199845388832	1471.810409339396	2103.954353279535	639.9214951998893	6842.902127447081	4558.954072611239	1940.2348871293482	3665.149846987318	2714.4076312356497	3143.5770656799805	1418.301148409397	1013.89457830597	1646.5663170759842	3622.6392856288862	2481.610572183333	4900.189815952135	913.0912179056869	3415.936514679136	2013.3915995464945	2400.7772867722456	1273.0823861809577	1983.8205475066427	2182.7484175631544	1660.613657119837	3176.7651979948773	2766.3699629079874	1733.1698283920216	7822.807126024397	2207.6415192383442	10677.466652733907
P108-PWY	24219.240645774214	21597.74438402483	27052.043302273167	24332.617186619675	23128.11696397714	20825.517468715247	24587.650058367963	25238.734439320935	15161.137477524288	26225.78423352594	26784.77527131994	23409.075652690488	23072.787063559448	36386.973160008296	31781.008015078514	26860.88834407286	25331.213914049535	26301.48660262967	26570.026667961363	20681.036121654022	23453.790018777832	27431.490722861116	27776.663179569492	27055.461227569816	24556.03417287487	27497.272702174232	22311.03780668027	23858.841789538124	19353.463314133147	23454.240164308478	24346.563613634487	24258.376686371706	20581.594565384094	19041.67964491786	27446.38045732723	26112.936232755743	23665.7902159556	25117.821527513068	28651.094788199767	25204.492448258585	26047.322179646068	24550.536471135267	31411.805927567537	17197.74675341517	18867.697464729936	16109.029740992344	20032.34863439623	20945.42381004237	13327.216325011064	19807.733081245802	20917.39693673948	26810.259672811404	25943.209602586376	16496.907442393396	22909.762499155157	19080.505770246185	17478.76015122824	17870.100674422953	20510.257549416623	24178.521374039552	22520.6979593307	24390.584134985096	15648.922923335822	22996.426851265856	19878.13686410579	20809.355163582684	24093.08475316622	26535.984511375314	20594.484111286132	19001.334662200043	14653.81563813439	20791.77568297333	15590.993618966586	17276.280383545767	23107.853906061726	18766.287672192826	15240.489566774422	18920.453398973234	17601.00171515023	19399.505212535707	21252.274174142196	17883.81849559325	19868.905011805655	15556.561787941426	15102.98933962367	13238.159395143506	15080.306790273104	18615.313768382126	18408.446085781805	18097.180718793494	21473.579492307515	21165.251976231488	15400.204737835407	16874.243956066715	16609.80985522426	17892.050723159693	14162.710103491747	18394.213729253857	17001.95091101428	19833.230862289885	15740.53296510277	16316.761706914982	14812.05454848414	17867.196824092447	11612.739059639633	59565.43669958987	29480.611788398317	30252.178543420265	23186.19113335689	32189.93130092989	24186.215988067375	12669.328855945636	27132.474524659043	24046.09599973252	37149.56663588621	31644.07215901434	19741.501703501028	28999.783031044084	24073.517795001062	20840.200789192422	28180.714704001603	23471.650051419456	31031.748669249857	23404.798466324035	37767.46247846361	20069.29998151052	20245.124595131838	48652.350676824884	33626.08237519376	17150.494177391738
P122-PWY	1053.3556403247778	792.2425110370388	1048.134501342786	1015.1211424641571	910.0881845716895	963.0338426924725	1088.1712532102817	904.6610023712981	4293.087000906893	1223.0833630607717	1350.3470328801343	862.7380333589657	1072.1667338441835	1632.3163403708313	1925.1955988700975	740.9727317964939	942.4924928096982	1069.006907400217	952.2454034935561	1022.5121034472314	1007.6834741698269	1320.588454257417	1449.9052783279033	981.1820311258377	1280.6460320681858	1334.4318866996314	1078.8101409545745	1101.9640040740421	1512.1267541165632	675.3452087315504	1155.6340118957023	874.7973954964237	897.3459315799577	1545.1211168599086	991.2045920181645	1313.6347158609362	1140.4592607480906	1198.566711380975	1376.023625904582	1069.8247993096743	1135.2789277664365	1244.934635027087	1469.7257498415504	987.1523864868086	906.0796870076418	675.4950259448425	791.8546130675483	1171.7528914774043	654.6590627840642	860.1510537843815	1094.9715968067028	1022.5597094651453	928.4012867707045	801.8966337010678	940.1345878226737	943.4298363722668	755.0890483917601	734.3292202812769	1120.6996899350113	1283.4355013831678	837.3763670844734	1060.6144901969287	642.1050208668694	1185.6862782414162	1205.7402876147285	898.9788025239267	1070.1093184423191	994.9291498975956	1186.4269131883493	1076.7041706553894	803.1933667196953	1115.697314798004	881.1840731626583	703.3899750321842	909.6353535058852	652.2016113283527	609.921256224736	1194.5781396275086	694.6922142788501	1264.7548395346205	1262.3842981713296	726.106079820393	1045.7539815208313	915.3635827125796	749.0671419237831	740.8957093978322	869.6228074540443	764.3948547976735	952.0262761965815	784.8580073138289	1001.5350107370392	929.8785808407912	660.3707597137189	1110.3581611225025	1095.4745713269913	1077.557875670618	738.6052193811072	912.1765819573197	996.4808912813291	1208.5659483406278	962.54625778464	826.8076284307313	573.451854254763	1015.2365709177488	1848.9897362711267	2562.6897108313906	1630.8587016303452	1117.3132380487375	1261.4534847386838	1344.0204248874654	1022.5257312013499	478.14804266424574	1015.0973122448792	836.9617804715915	1606.7861770795075	1105.4649585924897	749.2585130696855	1308.0595861884008	1112.4778231884836	789.4869662225825	1275.2957699591802	733.5025456251506	1202.0948096772308	697.9878315498528	1734.408828319222	624.817686294573	862.5023924786149	1598.6457585191579	1325.1675119289819	3012.969226909238
P124-PWY	1199.160917732377	903.1518258996889	1193.4227814803248	1155.8573933565801	1035.8683055388776	1097.5910132564488	1239.5424312053979	1031.102639438899	5044.944438533303	1396.6831713986653	1542.169556001146	981.0418976091761	1222.6546616867022	1866.249607350802	2192.74214351347	842.871030851458	1074.9474615102981	1221.5294363080832	1084.0614866558844	1161.1653780872116	1149.646214941552	1511.1450559626094	1657.6681131868538	1118.9531217988008	1459.6434637662471	1528.1396170719056	1231.965541842932	1252.623537681508	1721.4143569255793	771.9834253477025	1319.6083331806844	997.4639373133168	1024.204460484061	1760.748832259326	1133.5128524857903	1500.096158130852	1299.9454104810034	1370.2368362923667	1567.7871433301473	1219.8339580449747	1294.3382250238985	1405.8283767796445	1675.4757953887656	1127.5040444252925	1034.627974603677	770.7190472296633	905.1787586858834	1335.2200935598166	746.3753440907971	982.3640317671932	1249.0572683895045	1168.3158064523504	1060.228481874517	913.3122648410364	1073.2982589261512	1073.365058175862	859.184357066627	838.2531136883571	1278.3132182614158	1463.952775975496	955.246325864262	1207.9773385917715	733.2311708859966	1349.466442426558	1381.8480728495824	1024.1157045716277	1219.0977950400008	1131.58784972878	1356.3893474823096	1228.556906848365	914.944872521419	1275.548162191209	1005.9364986784733	800.8916539671837	1039.6908780203007	742.4161922114432	695.3603489952668	1364.225555188807	791.4262448376784	1435.9382919696202	1446.2831270026625	827.5672901697972	1196.0370256904578	1044.4503422720607	854.4852898096631	847.388843033644	990.5176119496726	868.7765075894987	1088.5330100811789	897.5641674789726	1141.9480723126394	1057.0200889612618	752.04267363295	1270.9223504098225	1246.4003306303575	1232.5385644022538	843.4264504907192	1037.2691557375208	1137.550816311621	1377.7412834255676	1097.3465058000409	942.8875660645016	654.0202402773181	1158.139480439314	2153.2990032560992	2928.582114395201	1862.861287634586	1275.3325745844281	1440.4982184079083	1533.402098074363	1166.7279983985545	546.6227924922451	1158.8453388465932	956.3964449713849	1835.7399017323914	1264.6937789965373	855.1643972117112	1497.9225373290262	1268.7433484019923	902.2707393239194	1452.866915158989	837.9828499928067	1370.3581002873084	798.1595305141232	1979.7677972810216	714.1757158607293	979.4442778106863	1825.9982932450216	1509.6036516361814	3537.2272930143217
P125-PWY	705.4157039747147	788.4557087316643	604.6783508333419	519.0157597476356	604.3465783199316	809.716791881203	726.2210651359995	879.8109885422481	1086.3297118061944	1005.7214002051759	1383.336349901399	529.3839912022809	1006.2196261276436	1042.8530143485984	289.7390848492627	404.7832130807779	1177.4222273061507	781.082679702096	430.9465844318739	523.7793253176111	990.3699420904463	1115.4515187746958	1400.7959949107578	1218.9433442864556	1152.8655683944792	695.0810007886231	670.2726149928042	161.33879643024719	1724.6801173142521	516.1496255620299	502.1163205179661	565.9469497460966	1204.521424123844	2127.8821427714083	1303.8350209346263	1167.6091108782982	631.1250296021728	1850.5934675517778	1127.9602431406113	705.3276940611303	875.2022892376166	252.75618934991414	1544.1589614715497	950.8365834872361	249.7689835801715	635.5513586168618	649.8444098873372	316.246826593929	628.4491339288911	505.75254503756094	920.5311879809248	642.5301830755689	348.5475840641243	837.0105382141609	619.253635748781	508.2814066672127	370.7240035516565	449.9960746563267	788.3636965031955	890.7021795704256	558.289569793121	638.9015954006543	416.3036628273795	577.8794420636663	747.0447598154456	600.6634022702711	498.62113198732305	282.0909620223588	517.177672049349	778.4020827426559	145.0441606823536	357.0916478600169	1082.36504695257	318.4393907961012	565.4564406078999	465.29833209424004	446.2137921844039	427.68507197015947	597.7194954922388	329.9449372877717	906.7566495878774	696.9172949396552	670.3839703084902	803.7930629213288	449.05516809505446	764.997696176682	796.6230216411204	144.39447633058577	827.2432296804749	934.4983706528272	863.1478217476457	255.06162055463298	244.1870654856838	1190.4602080834227	249.17174744740134	1394.4013527632287	487.8742174090383	244.0835428636881	273.34648435241667	1153.0454017738887	389.3578487412666	712.3270952447358	445.35663886022564	767.5411778013392	399.4534353171184	2398.860051834855	1699.7790517925132	832.70745430834	1497.4875730457052	740.9543356292753	1214.2780298564885	692.7486059940812	1384.861069809797	711.2494000364467	2379.3814387620364	1279.8885520042104	1476.8664619664007	1078.0499092398875	1460.1238746138774	962.1862449201124	1331.1480632231257	861.4623155683736	1333.417485701352	1101.9053703654213	2060.6944981210245	760.9758666119093	281.05201536235774	1694.2210353033981	684.3864881902964	698.6615864573035
P161-PWY	3620.1310049547665	3201.694433059995	3373.757491447941	2775.5647769693965	3124.500630863164	3923.474978953128	3402.914227145468	3697.458222249346	13255.864644752393	4990.358669364366	5070.433332347268	3665.7334563951677	4288.7943141451815	7113.87642557427	5266.51868981596	3130.079651789708	4191.602870530566	4760.783242472469	3704.725288714508	3857.443277672089	4003.243515017913	5238.911983286124	5473.660995601028	4008.0272106724324	4686.616921618631	4227.362545916907	2964.346908120107	2790.8120805425337	4646.505451694756	2936.5445015197533	3789.5341072778465	3308.283147195587	4603.390778629981	6247.986306235635	4945.354291800572	4631.950339317481	3975.809442393286	5481.329747011974	4173.327284224519	4474.767829769697	3544.5223153274833	2819.736628923446	5603.913076949792	3238.469593166391	3025.596404296463	2264.047115349813	3415.305475565829	2606.3309108780445	2141.527004124005	3255.7911451371115	3198.256437444963	4361.097154231025	2846.870499440188	3166.3516265337717	3612.7578074304342	2446.9475422959435	2119.9880680479478	3377.7476977087663	3171.636884345398	4610.800258016041	3941.4249591109437	3002.439856332461	2686.4603125067765	3464.3130935696736	3138.2554094706356	3423.006693255096	2564.5411938285065	2902.854697483811	4067.570082223816	3408.525088412887	2299.2736365721416	3084.24005696948	3444.504908696643	2120.381848049633	3089.436667871516	2469.154647848306	2592.2575087873765	2610.6072882188887	2645.031186307369	2641.1512801722365	4053.291371495443	2828.6138252818278	3842.85882321078	2576.2954657153928	1903.2488152259077	3291.387891762958	3205.441532422193	2643.771389095362	4145.339098123744	3459.8627754177246	3263.9665898289127	3497.198015784041	2243.1713845791674	3980.821239854448	2488.6073073462376	3825.3558311844395	3806.748289743785	1972.6741744974495	4933.276716070253	3766.654372270866	2401.09649369292	3330.7193136608075	2583.419234508325	3372.0856291019536	7307.274692705721	9342.472615064484	6398.850448310329	5045.483925695124	5437.2657895414195	5467.833427326128	4566.38644100574	2455.5856194328016	5362.561871671112	4076.133855322183	7816.741589083706	6403.159165615459	4680.0038158525085	6189.064436741591	5634.897767093759	3855.3837049628323	4965.906340095407	3815.547769098363	5587.334232791566	3916.9310612760264	8067.0853894622	3573.581331616799	3099.35914300678	9580.819218855568	4960.044284725006	12396.891267878935
P163-PWY	851.5426561940515	678.2837978631399	927.5442992853775	905.2648998530465	742.584671463111	704.2421190564733	885.1983441374787	679.9869363670153	4310.433191835315	1047.8171943903849	1262.4977039391017	664.8893885927164	958.3704406677646	1558.1215510941734	1809.125879153837	558.3934351290842	834.6349451314139	938.4230354768456	902.7155122454105	936.4816132840051	867.6654862517146	1269.5688598279598	1398.1043447456375	873.4928307381514	1144.5015527068672	1418.2258814449137	1044.3312835115446	998.0133028394591	1500.244117583333	600.3177527636379	1047.36121562287	797.8279383379531	778.0019985054955	1438.078462952274	909.9396370365943	1201.3333420285626	1009.0531534308028	1071.202090618824	1272.3379184797404	963.5374767598594	1077.5502543103519	1149.5396869651208	1309.4432089506056	948.706482441453	818.1471204563836	691.4541304490765	728.9235891498292	1151.4077399639518	635.4642413565334	817.729529562966	1058.2340461030826	941.7137788308399	806.2019788629148	766.4028213707414	882.7891246840854	891.0645959038484	688.7363635160726	639.1044996237559	1059.334891776095	1201.2184040551347	734.1405298736962	956.942669565575	594.5192030647011	1074.0238520502376	1159.7218848767027	796.6375918720202	1001.3766210190342	774.9744657755596	1086.457657141747	869.2416097975281	821.6073480745831	1074.4731746045525	858.4640652574143	661.3459616228129	831.3742932594674	575.0040243309	540.1395038037019	1063.3974550927026	622.7397306137773	1220.1403240168263	1258.7838876857827	623.2911701953798	942.1519640798839	863.6318450549711	710.4274370306787	723.6009900583857	829.1636519965417	624.5847237574357	856.5322153487642	712.7310001601231	892.9058559195084	842.4694407858345	663.4568788897863	1046.964141784988	945.2408173793762	1006.9821709266305	667.0918008227376	795.9642461553274	917.1777596225672	1166.4772258995627	921.1241287332123	749.29077946954	547.4215246679215	945.7318513733761	1826.604255582081	2408.106932314844	1453.6945026679055	1035.2583920424277	1041.267619090339	1201.583125486706	833.4722002660804	429.6690329281476	799.9593575595402	761.2473465377606	1401.0868840757237	1012.5806949536524	618.8303031891858	1123.277717275652	877.0044838454756	715.0274903984943	1092.5787420398294	613.314545425078	1044.5049338586773	630.6627133147997	1489.9364648115688	570.0358971089178	671.1414626162243	1339.6174019569612	1048.791171758258	3033.250633504726
P164-PWY	6432.698251777153	5948.172644378024	6946.848863981592	6298.634418430462	6308.98095167426	8240.07006036824	6917.029988704486	6580.201299633653	12380.399723301038	9676.688590064723	11491.593089087804	9376.19967069516	8486.89187281907	17939.262857683483	17966.229567939496	6059.360179669784	7596.494553787764	5930.107145168999	8538.52850617766	9279.281445454586	8170.631547898768	13288.235971094788	9696.788806529152	6821.175662906321	10927.524636718967	10792.725792790105	6322.575414103258	7501.786840708964	7325.176971888439	6973.00340021259	11113.937691014546	7105.4358271099545	6091.045942250029	10630.583725599716	7188.5022769413035	8269.763497600847	10056.414972230143	11278.733602692908	9525.506417395396	8810.377410404075	6461.954280991602	7399.5384924116315	10606.7233583645	8093.244309152707	7815.856705386228	5251.650908343928	8284.843015162025	8124.971025030615	4227.26153352462	8631.954831399353	7248.372256623221	8223.709673661075	7073.855066606489	7709.369818449237	6601.505676073685	5237.417017796193	5450.645742930045	5191.578575517177	7710.09597932013	13356.474202626718	6131.536278160483	6801.273372832846	3784.5020406687945	8666.199616426919	7441.764558373778	6362.42795071916	6014.261029724173	7123.326727860113	9184.350022396497	10227.726638670318	4483.4494027941655	7317.647036115023	8294.689561773199	5621.114992233235	6792.503765132628	5737.517925544802	5371.719323426381	6083.6542178378695	5866.4205513173565	5095.679186722591	7289.631352651452	4620.891933057555	9550.872882156167	4443.48059665988	4405.979567004907	7737.390136555123	6330.699716416039	6072.060119845964	7877.355849493667	5490.966084050708	6907.504947744873	5895.16630751242	5675.5055904514165	11132.666256904673	7177.995742730107	5264.45339596975	6943.695105384274	5105.5397158894975	7829.330734887687	6849.663274446999	7250.380351565892	8229.89125423596	4187.59079291867	9162.661064051206	6221.688729364596	16668.15926094469	13848.688196295981	9341.886378626714	10419.1586613123	11069.23979919752	8608.746562003402	4854.051735777563	9794.147278778893	7719.489906364685	12035.843135296853	9392.374604923778	8318.192384340518	12004.061522296257	9900.7711170076	7633.315421023723	9923.054174666899	6495.4172361126	10286.008133309704	7455.077420172859	14454.210030367223	5732.928220904203	7656.794313841529	14653.528176846836	10987.369699082705	9667.786350047141
P221-PWY	135.60992767073958	176.91065637570364	104.40856194676086	0.0	0.0	156.6133791264285	143.74547429477164	224.26075536075447	915.9211362831953	105.5368910335615	259.7903784421933	255.1547768978575	164.1241847432615	138.95604655604757	228.88077811574348	125.65146952613956	155.34807461127542	95.66457856154847	179.80279093881916	178.53128620406187	187.78347419262968	178.49546771237308	137.56996052171846	123.11798139379012	228.17055649657547	123.46576376108938	101.67936871202966	141.40412591091618	277.57376385274284	81.70712850715785	129.14728063583274	71.04268445301462	354.5012860621346	435.2646282188767	99.74853287360358	110.7240131338108	166.04104024598504	280.86997245547667	162.37486304740614	124.87177097941628	74.36085108785572	114.42610195661594	337.66981577151995	103.94284619675764	67.92609403843598	70.68971090247064	50.172149911394634	258.08586445174353	83.26036495893187	70.37853091598693	125.7004998640912	58.954934659877715	46.59754687262372	111.01622862899579	75.06574922023431	75.48470050925056	107.78534501944905	67.41751699444707	113.7263178075458	247.4226901147908	47.775354940725045	84.28522397413695	32.64174748216113	145.58317530800997	83.97427589756036	63.28654911348655	58.18590767173335	92.7160695858437	38.6512623265612	89.30022240542914	47.76146548066873	44.57707375332788	149.4650509289359	82.13423960248296	53.7017070258372	65.62109459734911	93.05675138017395	78.96295257566655	82.57680091843558	93.76620552494349	65.23803828936552	166.72322659147662	48.17191059363765	176.02022153554918	200.74149263853704	56.01609554599182	424.6812639589772	122.67533291673644	52.95330370865056	46.60082837645185	83.0126417748913	99.62020351053356	129.41771543714597	96.32224487517155	210.3280052099203	277.686249198517	91.59271739299324	56.129102883398275	56.53839120560085	203.4546659939642	92.28621203278773	175.55349030192357	71.12247080520146	126.42038820569154	300.2570309311147	150.42673773581652	144.07108951638276	97.68673871560006	119.85589413790353	77.6871177568576	75.58430227177388	39.353123052144866	107.58076838829561	54.928535333777745	337.0201212921571	64.5378315011761	180.02449158093182	55.80080567443512	129.77785763626574	52.14466944752341	141.42445584612352	42.226413010739456	85.57476815159002	66.42349883508157	155.31133554775434	42.19714738247595	108.42595657055884	121.71476154655124	148.3186323898093	494.8720103259577
P23-PWY	2495.8701332017868	1713.9570577181871	2405.0829455553503	1814.4773579226257	2642.7144087867764	2762.349250460174	2366.5386846573447	2709.289414923888	9799.437581845255	3606.295610497347	1914.4883252010711	2085.4211998097367	2264.2681056047886	5052.8391805939345	2457.2038801341096	2586.927665689056	1727.203268607656	4455.043391218775	1885.2352616401904	1698.6337259880324	1923.7090888758	2745.720148161404	2986.244257750832	2183.2136111762975	1741.6289576859238	2734.0708849391967	1330.6217442776094	2088.2073999614295	948.8345618740261	2542.9003004589067	2267.524231100395	2275.0593495540293	2810.29259956591	1309.864758079857	3884.4815321366846	2402.377676430049	2247.562670617593	1601.0202562931975	1331.5431570042085	3685.3151109929054	2028.9831145533171	1757.0186459876932	2084.4116051800315	768.9370371013359	2479.278837428651	541.7339191513203	2383.6450250112625	1051.731494693917	785.2539313455763	2072.9896608758663	931.5898206532736	4038.0692787709795	2447.249218119406	789.6417506046031	2416.2216784743	1254.824151187787	1145.850851888084	2664.842887049589	981.3982789248403	1922.418513419532	2915.244467352845	1664.619737543163	2185.1652402682294	1813.3153323381287	1583.4432433691402	2758.1457846770763	1632.7370334204857	2899.386593633701	3334.755736003877	1233.8503648845747	2177.877891125204	2449.710626257785	702.5174738347439	1093.4388761298167	2341.594410032348	1642.484834809753	1516.882027580997	1784.898618071463	1323.5765660772206	1848.787507925327	2854.680499116134	1843.0222921832913	2715.853399607204	795.6173347064229	557.5664588673781	1658.5319473814086	713.3596016391032	2109.7078225169303	3265.6805948682477	2462.6303220851537	1422.1105965879538	2541.0862033011795	799.891407581291	754.4618804892544	1294.3606414803062	1158.5079026955389	3494.447442180959	1361.6591093306133	5256.938464058482	1020.7096593228214	821.3878576463475	1404.968712509866	1868.2896822920188	1062.6283620055328	6645.949603675595	6188.033248170166	2858.872997032263	4092.668934864318	3003.6847513596363	5443.880354063569	2636.1129808769974	1292.187860938056	2943.1683159454096	3231.9248199983826	3663.3504216598403	6217.343613738076	1578.4416596890235	6775.966930860099	3244.903732034997	2230.0987757923317	2430.9230789853987	2865.0442192042237	2766.3965951759196	2658.033628687219	4575.4536863217045	2622.0250604261887	2604.6336136702603	8061.154898050115	4447.139077234134	10812.415385417382
P4-PWY	3866.6493375750542	3233.662388122315	3885.5863417834757	3822.9489453170077	3024.159461973655	3550.1874131968366	3383.589039696242	4305.273480036116	11839.285035054907	3815.791787239835	3733.3114230140914	3441.848765187502	3759.048118331109	5377.372558969836	4021.785064490968	2776.9969280343958	2879.718939205058	3991.163784647863	2788.2026474809477	2834.2563375894592	3472.6501056045954	3378.734964609487	3930.9970170173983	3118.061786652033	3266.5295837716317	3213.953243832361	2171.7605930351874	2952.2046616805274	3579.3189308241344	2300.566324393007	2841.5080880530427	2554.491650996442	3197.8085233856373	4160.893073586339	3726.196990864854	3664.885336881432	3517.353633672103	3536.0436437199746	4561.332333305285	3886.866352318918	3124.834311273507	4029.879115674427	3781.614817185407	2364.81854889224	2784.5756060343724	2032.7807781532254	2720.8671305456915	2898.298648583468	2069.2020519816197	2627.743744942963	2854.5568979305785	3898.6574980569303	2628.7446337703013	2114.621588770803	2871.0567180160892	2895.1380071074013	2341.7227470898683	2792.195581557164	2608.406821599064	3314.806497996913	3264.8754399672493	3182.0009660200217	2270.071455473893	3823.641411364794	1889.6495690464592	3000.479596433934	3742.9036484805306	3470.281993849077	3352.371284089062	2436.992469956299	2878.7744196408707	2665.7331440007542	2368.6207275849647	2369.912023582889	2418.6578266374704	2939.2181835624224	2552.710482756118	1993.2182702782113	2328.524846708975	3650.092466390024	2948.899653209598	2462.6283879020066	2831.3356650453684	2642.478513270339	2156.190589395242	2016.7168160281649	2433.380278291987	3192.923597708667	2813.202452716049	2512.954944474129	2827.4733766174395	4006.050900831557	3037.779544827047	2085.252147274343	2227.127971213809	2808.9497332753344	3125.9137674605217	2161.102862402435	4540.238853432999	2809.7210993116205	2308.877709838971	2589.0313114727696	2965.957037637603	2441.3966552816814	8192.490052738727	6868.607899947607	5167.7724750741545	4279.051566323647	3839.0707099791452	4246.689478222271	3309.035411876468	1440.734029868442	4203.834836376339	3462.7760517914057	6142.353259541998	4761.015178947652	2924.827649577873	4510.3304179186525	3954.456010857855	2684.226342971697	5352.250924639862	2880.9573032860435	4216.611022180765	2400.2336424225587	6387.534698428143	2795.3369017375403	2981.646086851657	7191.465183422954	6305.35336904705	13157.256613980333
P42-PWY	25486.576486123056	22670.342215011642	27600.8901576974	25155.79680495038	24230.415236503697	22287.034068131616	25467.04327470619	26538.162560702473	19841.494753975792	27007.39770289002	28569.55824097549	24325.36365183273	24371.67035334948	38399.82315170959	33694.46389650351	27082.452205305064	25958.386901593356	25791.043279091406	26377.96698852158	21917.00982693422	24523.21999425593	29072.95386555229	29027.053051376235	28078.655709641134	26277.449458553776	28773.383500505966	22930.929340426188	24080.604957010873	22665.24800926098	24560.370815245697	25417.703990750357	24330.263103924917	21444.67859417843	22702.945421569962	28556.91336708839	27141.596829923605	24711.55142211345	27148.738054043522	30670.91396696621	25923.26962397005	26350.668798544903	26633.258202898007	32795.147706642325	18679.537467971873	19953.47765061638	17048.616734020554	21289.712672309917	22777.203243557382	14205.343500983567	21144.013844389803	22413.441047323875	28134.6097276042	26915.951424937673	18365.236772245473	23765.771678479687	19680.42425075889	18501.718684942167	18442.20019420464	21662.851659769167	26956.1157655746	23290.322022068907	25373.885121457326	16077.584055907888	24206.32467947158	20851.476135570654	21756.69090779954	25467.290246558252	28048.766576449663	21513.995728890222	20507.440998702263	15268.47336366908	21573.33982825001	17432.671498086773	18153.146718815206	23972.658562339228	19538.477059288718	16109.432072226411	19657.232380756348	18601.632480607903	20420.206247673872	22210.732409430733	18573.975715236447	21095.53612381925	16547.773684609358	16127.212771535676	14285.606173961392	16681.228164793567	19655.60930818745	19464.909016275546	18854.9423485425	22306.440679787524	22210.22073187405	16472.619124151002	18651.335347383443	17865.714825066636	18819.77943169214	15310.323893884997	19302.84909339231	18213.761335843414	21237.86286626946	16811.226508692987	18128.495899520643	15745.277840455321	19121.683240560338	14836.981814327344	61707.64844468796	31606.958040599817	30917.107624828634	24797.29976685095	33909.87352029019	25090.257761330475	13204.760040984049	27950.737062658158	25056.458488688637	39271.80432379192	33176.21570611121	21259.44806014438	30850.567400825792	25762.70149470909	21798.45255398366	30591.33657289174	24423.651550881306	32196.22711262095	24746.5249875977	39713.1193214595	20822.210518249794	20748.675112978974	49914.521848808115	34482.54015671061	22212.294569648013
P441-PWY	7439.274392769331	6750.43011696191	7015.224481741122	6283.899448428143	6892.777065442538	7827.057319877561	7336.410533614996	7895.826744203732	13858.341059400014	9412.34507322832	10297.525494212165	7312.368864234082	8412.567211101852	13755.934641226564	10528.083408684184	6075.791094754772	8508.537291193716	8130.178514212692	7030.403070374206	7317.845626228733	8127.8524170034925	10465.588128883588	10580.098766313567	8687.927230415924	9434.374787383329	8556.994041827362	6118.272116029958	5538.597815018948	9206.009203922098	6337.324212301193	7655.738917603735	6688.812490971451	8314.64264200426	10955.952246510324	9809.565987713966	9091.348746250967	7915.952196621416	10941.888093341524	8974.419350014196	8519.529461580803	7289.886796429587	5804.590389444785	11059.465334151872	6807.849339137054	5940.719115997993	5058.011179199179	7100.324236846616	5940.745812259301	4498.70485179754	6827.923786857209	6929.241881212296	8547.627517253413	5979.124461483485	6656.198868954661	6819.397480722821	5058.532160161784	4785.009656144605	5751.792241223361	6658.781327759236	9808.36988472301	6837.042247852387	6373.693572923883	4653.062864638368	7152.011260892921	6439.916627543268	6855.810637071291	5762.962495076607	6579.650560108181	7457.146639094397	7202.555702563519	4195.322938590998	5958.686289220028	7045.217153359178	4627.8248328092695	6448.094402727483	5263.955638856443	5081.842395900309	5158.402252386367	5620.8770634113025	4896.582931139736	7730.01021941554	5638.2143813133325	7581.070239800734	5171.415059530316	4139.922043278882	6150.85037226138	5989.495310425645	5161.475290717917	7821.1711248682905	6900.859759131559	6874.38694852702	6266.67758085026	4726.833291970618	8032.50298845718	5041.062126939085	7290.076684122272	6492.481892736855	4074.7790705143975	7650.274038124188	7527.88099248032	5019.6425054224765	6791.476828791026	4939.625913179594	6869.694403722258	8785.03936470875	19234.691843941564	12464.512210236946	9745.62770374136	10222.855195186177	10989.261342865839	9061.922440357106	4924.784030022641	10313.235530630747	7930.038504691988	15013.340735771017	12099.289276538575	8909.687333450996	12064.26636704712	10397.844890990003	7674.34306906269	10386.324984107136	7662.510547736934	10877.387929388935	8359.326231057206	15347.172051382575	6847.819640072761	5975.581962581183	17313.813577211997	9907.000597368351	14383.777329818782
P461-PWY	5016.135653349243	4690.981802020426	4664.939689489734	4261.506848048807	4863.537339988176	5468.07512987384	5060.232103700016	5466.822709115606	10677.413461050115	6312.686317078811	7165.129202084542	4853.912924134339	5652.8847047816525	9773.486460834923	7072.589437992561	3708.9276214675474	5574.417783277801	5353.679264233235	4321.112497364001	4599.003573881377	5457.055026300383	7473.296504886674	7091.0198831586895	6009.554562618287	6364.287441603514	6134.8255539993925	4054.391264427386	3503.2758262197103	6277.8666163302	4452.114096598029	5303.783756873984	4328.367589049421	5416.951115204775	7131.5560701357535	6974.639973090625	6045.771130563906	5258.756364747203	7678.8572474146895	5885.125561554248	5852.756556342943	4768.514205591219	3558.5846217288636	7241.645485962808	4805.817623612956	4001.894881048033	3503.7384178478533	5054.857052162622	4244.517525300766	3067.3767169701973	4839.250230183054	4714.518291480294	5985.489107075262	3951.5604719436838	4545.346522367189	4360.933238111376	3192.959196698996	3291.269641689321	3605.1777188892447	4450.648550800494	7178.82393415278	4216.230706040222	4099.6396167376515	2892.9980648549763	4724.731542854441	4557.8924867712485	4551.862297874412	3780.759665241365	4567.804538635397	5113.505594471731	5045.057452817728	2772.6946226111163	3974.1536584470336	5007.4899011911675	3088.909409545094	4460.202752362426	3463.813607457967	3357.6079529199164	3337.8678006210607	3732.072956743643	2984.6258835668455	5346.941426243579	3672.1977045210383	5392.387698446558	3393.880324566431	2761.640046956345	4369.83452856359	3991.113680604035	3395.925530231162	5544.5052472360085	4868.201781977971	4578.470678774455	3968.782653971338	3286.195115735886	5792.009154627434	3451.498246796046	4904.529568986721	4570.229863491798	2566.613867928758	5498.821002086359	5070.340212834568	3365.1137180156943	4812.183585586573	3312.647815512734	4741.883115955138	7088.425704844591	13083.581152691182	8476.105078344195	6477.008701673073	6934.629041643657	7690.547617449192	6045.865758873218	3421.538881284623	6769.820603463853	5446.460393985842	10120.396950949495	8615.709008697628	5966.268659584002	9008.676673109394	6925.531663817053	5363.0165132389275	7026.877498542273	5223.2364927655535	7051.840291341184	6041.559579945888	10164.432621665177	4665.452463746075	3836.9145444716855	11417.773102822055	6534.647624475445	11435.731231336316
P562-PWY	760.209415629813	762.6493061744139	637.8685671376725	608.9562341161707	723.9663523294852	783.5445024430696	805.5963417192966	927.6460548316768	1243.3702882024807	1067.1124585227851	1375.8603030215286	450.44016012541755	1055.1981183426694	1060.8733204525065	233.7275381316554	459.7157861567337	1245.1708928775756	811.0409277977419	397.7118318539661	558.1434178459791	1050.4252731783351	1090.1867337405167	1473.5503843653596	1285.7188092883366	1109.1782269712062	670.6419779863172	654.744039436839	227.34553214868137	1681.015426003786	658.4706969032892	470.3459071436637	672.7203111799664	1288.0233317631391	2027.7964174691037	1471.5140101055192	1267.2280974424211	705.6376243179207	1840.4957238156228	1146.8661764413866	722.4177170277082	963.3927678244261	292.15940480140324	1502.3313568932886	959.3357724618613	286.0514165830549	648.9836702068334	691.2007142213795	240.08490935265792	631.5909016008543	569.9633611540393	906.2367898036438	807.6850484869859	379.7648037044759	837.3201581286207	654.7844986976775	531.7030705834081	373.5901650853003	479.3994947093768	797.0279903833662	815.4348113039471	593.1538547704872	708.6570321630439	482.87630401110107	609.5373453003903	737.911159915019	813.1477431758917	547.5417534005161	315.66934174235786	587.2536911399227	773.2517940601422	149.05438786680384	359.3684711578709	1059.702341167459	338.1176667960418	565.9339862028568	506.27786821890635	479.99938915798134	409.74786008324475	611.7710604309325	331.7963394229105	925.5405246222748	745.6345636424602	756.4103076176092	754.9097048061747	368.4111907183713	796.6252856860845	615.3373598615766	131.98478531241642	1092.202422743124	1049.8416792114024	895.0541155841271	349.9819536185617	223.94955074118394	1197.107948944192	146.09360437394875	1340.1403496361334	575.2024549434683	238.40600570918917	361.89099542095386	1145.4797268749558	383.6348994237015	657.1493264769738	466.61881864564543	761.2427235736752	753.1442219347443	2781.5290465275943	1812.63522021238	1025.9946953029917	1536.767452624184	1255.0138755032665	1391.768635517113	766.1842025085639	1579.3231501758953	779.1246116576252	2511.521922849672	1824.0676462925255	1526.5120244377695	1952.018867586384	1642.0249380383818	1013.1430064254996	1462.9484133692424	1062.1962287156578	1472.8212566645466	1328.1156026605768	2336.188811205309	866.050135611861	347.85619942224656	2044.018370855807	976.7668875912918	1689.262247215439
PANTO-PWY	17883.19501018948	15664.830164821331	20049.32972739521	17891.799471812395	17079.950111216123	15139.186473434462	17966.86170126753	18441.546698982183	11903.865494122689	19006.884623279107	18861.282491071717	17487.37512288355	16868.75849858204	25253.93593402185	22381.8615919092	20848.107341908075	18828.14163135356	19638.960323598425	20033.721596171523	15776.760235944343	17155.140305484292	18931.883364059788	19886.269449808475	19821.751309844236	17843.89294226502	19027.15168494416	16188.87566816458	17902.78401014423	14260.126492320313	16987.329510212156	17262.91945685735	18174.205341260822	15426.41194870801	14291.626929531503	19710.8620928777	19063.67550152262	17232.327977525765	17651.31383251444	20827.43587413216	18187.437896018022	19424.18836452081	19075.017272301186	22999.800514020975	11913.833040275837	13388.114873862685	11508.502273207576	14018.772974431013	14429.346578118319	9605.383052382778	13922.00676197787	14839.506585936493	19281.969682416195	18908.522148940727	12020.173087132136	16811.48355218983	14131.032504813264	12629.075321057737	13253.92225068837	14708.424919624274	16613.63188337372	16851.45255293558	18056.834372081088	11698.078994152273	16788.816683923822	13793.057163800142	15515.90196344576	17574.605255269184	19291.738347274226	14560.420298552452	13321.114543692176	10485.425746572413	14787.48247386956	10965.423848563274	12581.83515631068	16515.15155506455	13890.126552516742	11095.116896052512	13563.345729358303	12919.684887222114	14209.683740070093	14814.417815397075	13202.326302664147	13823.225692637103	11146.514110436445	10684.761905415344	9217.857695066552	10976.17225936107	13675.223329892517	13104.482991539231	12921.453828792468	15627.303236810745	15977.321514185032	11026.435422768187	11497.647027511353	11655.634248925253	12868.750288366373	10183.811180627323	13603.184686248896	12320.260085807897	14365.424457919065	11137.727329763331	11496.90409163137	10804.813806014567	12667.749681009816	9015.100168956329	43378.222495726375	21124.79309656638	22292.31242316999	16697.253611419816	23531.11550123741	17853.282545584087	9095.882106262608	20110.46630616186	17311.75718982818	26835.7529660092	22901.435442871585	14593.905990753568	20669.388944796523	17783.466395935295	14912.138342771343	20742.14215063418	17261.834790438486	23076.15968890238	16753.718066073237	27920.64324296387	14639.225938061765	15322.747018466274	35949.19981075747	25085.736979508438	13381.64746845557
PANTOSYN-PWY	17073.58547705946	14884.05578910165	19136.593739202825	17103.70394258941	16298.286019310655	14341.144696469082	17107.94349512269	17625.492466073847	12129.536509772985	17908.505858416356	17664.81550898415	16628.763149294606	15935.069479776148	23611.82709357266	20875.70519558113	20063.950842257123	17862.97789944306	18713.527286086603	19093.095383383425	15005.400064072384	16223.883451040034	17746.640521529007	18662.041152877093	18804.256223328994	16804.503513654254	17816.32502812628	15209.658303754584	17025.4180286872	13557.299552375707	15851.857849615608	16104.00004751007	17263.54900574575	14702.984935107095	13662.226442485624	18551.67147755565	17967.559668457456	16244.891748225791	16624.078037399333	19606.868708845977	17205.375641036782	18451.75959238223	18308.369779683268	21705.130874638173	11264.398128173614	12500.516951408177	10821.674877250058	13118.04566028519	13704.402124421613	9053.02397092094	13045.124706571163	13917.479738253225	18111.92091947944	17720.990231615364	11296.629860333527	15798.671883184586	13449.926286190468	11965.984753270935	12488.311963773536	13815.275091610576	15779.67846757162	15912.52202214177	17104.919956870217	11033.088182370322	15910.560029148812	12901.68239040207	14762.06808294384	16652.13633617517	18355.541498261347	13605.14177864943	12494.416129507477	9940.63413599449	13799.65311345065	10394.269280614844	11908.162275891824	15455.539145321573	13217.013648054579	10490.787987750258	12688.31358269369	12220.717294319209	13504.70668188743	13822.241569066804	12544.282936888563	12968.224701464731	10472.8069771189	10027.18549151994	8684.863684777292	10302.5340711125	13037.724783398888	12343.618716853882	12176.190568934875	14771.94882966379	15340.62204556922	10508.177051617671	10934.06399144168	10934.508094383455	12098.97902968454	9593.08656710134	12846.178060205646	11653.59934087308	13541.228055347172	10411.128131152856	10858.123995235062	10259.454699108937	11851.028415158835	9202.527521395843	40793.29834651471	19881.26871101039	21114.71706731231	15717.179582133687	22248.99145472596	16919.76564359962	8542.03254470806	19102.83349736683	16251.081816209271	25324.987040274624	21520.31715814842	13810.343965161148	19569.02340281505	16815.579039359636	13988.670665287113	19703.814589332564	16286.243100703932	21902.770422212405	15683.231757792177	26462.9397146055	13767.394407636342	14594.753973828623	34006.20502056158	23964.441347580647	13932.552609201473
PENTOSE-P-PWY	13989.465523219344	13060.878729545278	14769.408294000197	13535.066657067911	13227.885902413967	12914.413943833039	13947.12263673506	14644.873378812836	13624.80497046993	16044.586748663563	18628.386866366996	13048.11486623488	14450.612262455803	26783.403398732946	22286.44731754579	11346.278808285258	13839.389000833067	13114.134154158819	12790.753918358492	11336.99078997302	14101.176897527032	20584.900417171746	17814.998902286112	15761.079712396288	15248.181760411191	21950.46568379114	14231.134217946272	12783.706158857796	14082.38687418951	17729.717040097777	17157.793935427646	12856.830480949122	11404.747118224497	13439.335675419245	18158.45154859451	16069.207829153216	14725.287532648112	17614.295365070146	19526.263757247376	15369.402084907162	14181.819569630747	12863.42205904349	18838.382972874995	12859.80502692389	14231.988428388779	10816.765194015323	14819.714234213401	16496.709314418822	8794.264507431315	14569.429533545312	14657.08278052708	19155.01480629354	18476.95401934729	11142.43966660666	15170.946404861039	10762.274560833832	11226.244178215422	11552.109608729155	13493.64478952145	18431.02389236128	14248.96315502965	14951.731842106505	10047.110464869651	13891.40932877215	15218.107750885869	12162.270192766726	16015.909268834492	16826.147536269982	14630.201995323549	13544.28190759715	9658.629297777969	15128.562637752439	11502.524604291983	11010.108564875145	16268.73012226983	11028.609236415885	9849.752129512242	13217.027373350049	10810.474907134885	12337.618011656037	15514.075632123077	10512.304324303588	14554.261293933576	10750.224349269143	11203.988903766338	9417.194150558207	10888.491732069604	11336.481902143898	12119.148814961702	11446.643237324628	12784.935755167999	11753.82218059935	9498.864991690945	12580.412990765395	12355.906802950118	11163.991962986387	9878.214041502782	12054.079957355063	11657.393025505871	12607.93860103558	11241.690322805496	11681.653323702772	9638.259638895168	12025.049234568183	8714.224314089215	38003.11943548944	18945.83083293358	17766.9499507283	14745.260646179091	20911.1543236114	13837.08410385381	7972.849239773986	15145.31727298653	16496.155033332092	23528.98030995435	22151.558495091867	11868.267901795341	21187.57982285093	15051.21784881957	13761.701393916248	17751.015820501532	14938.90972509475	17622.489377725087	16376.677127041727	22171.255696756733	13256.856585114412	10939.380611180204	29530.93651930738	18539.037574901493	12943.46359454932
PEPTIDOGLYCANSYN-PWY	16854.788902176933	14947.514693117018	17870.043692400166	16481.106276057944	15815.931952977846	14583.795091685834	16613.599360973723	17312.514067548203	15314.951839417223	17838.462697275434	19208.777670454052	15468.511570429857	16246.00505697336	25393.474388690753	22027.26197952677	15772.523658762573	17060.394494744916	16384.15708242225	16408.1534578165	14014.279018619285	16216.428566441466	19381.58654264498	19576.533353324055	18498.88955154375	17198.756056502727	19377.462272671197	15207.885167940576	15501.176591485124	15369.713679980478	16683.616979601375	16726.453796939877	15660.68781750648	14149.0896439446	15262.578099776982	19221.438702275827	18228.886977945807	16340.850518940017	18306.054340462317	20552.084589108377	16862.665477654613	17209.190674984256	16609.117796203187	21669.924375158782	12504.735330754269	13480.836683833844	11362.447249044306	14267.44802818519	15116.44242575299	9548.725917338912	14109.794199535092	15143.101978112507	19051.228437563426	18077.677839200616	12163.465330512858	16006.176330639792	12907.646623743607	12210.464709842408	12499.494641409405	14443.267493819965	17586.24026648221	15777.003261450178	16846.187808726416	10960.354932832499	15883.583549103078	14098.801138702098	14464.631608392594	17193.973038968037	18465.594076678834	14388.911587019436	13585.49469049364	10125.613857627472	14495.063431003762	11562.27963722617	11975.194234486858	15983.47310136302	12772.151274630616	10743.213793751023	13140.555432671768	12274.41556029674	13686.854269397163	15003.729692091523	12295.782522121563	14121.936027622976	11279.624912561323	10837.782891030009	9497.094583629145	11250.818965668024	12890.854562830196	13106.47542384513	12584.530402504326	14709.163166068518	14701.99113882283	10766.304485973755	12432.557896018532	11760.15740183387	12780.720642074752	10154.683538584659	12823.03949107516	12083.233452391494	14206.580552181285	11220.0983431382	11849.381332740737	10595.317446567524	12637.252745682745	11044.955951577758	41365.6414671925	21103.793143712282	20416.974196225598	16496.206757345284	22687.17933804688	16602.901875428375	8804.268500667717	18550.484713743936	16861.13898848581	26704.346820394563	22799.282801512458	14194.611503098136	21330.93228839655	17304.54046382334	14561.3349390638	20466.428903799013	16487.154757638044	21277.236590603676	16783.97900318383	26615.212102811973	14092.265247785954	13284.965310181118	33443.93869014558	22563.061484161015	17209.95741235135
PHOSLIPSYN-PWY	18675.018212228995	16141.421587545747	20834.666598840497	18556.266153055083	17650.825721214867	15823.683504600727	18711.616202540004	19309.739841267638	15486.170267685126	19841.94046678894	18831.331110016974	18209.95680620803	17473.72833573927	24277.78299694422	21354.661017766506	22145.31237036058	19964.719585538627	21184.740486065555	21187.74315421293	16663.353230978617	17877.79154177448	17936.161064204887	20506.162659245256	20482.930381698978	18569.362924339537	18235.53821732016	16020.298159899563	18317.142938064186	14347.56905545105	15537.366137483084	16467.464639467387	19012.955565869626	16796.630451310288	15470.691392490884	20078.046474210994	19784.757229287257	17609.392399171207	18175.89650637945	20167.497401700675	18746.958104294717	20221.050101160334	19461.859140289638	23894.957494803686	11436.606023531082	12140.447478541242	11283.229497045668	13129.175444050443	13091.697421908464	9593.386501853396	13002.739929737732	14255.781416195261	18428.769132059733	17163.69396457634	12167.943410074256	16623.037766758378	14499.970266070335	12309.878052827517	13481.27960356154	14663.637550874948	15608.028232642271	17149.29970578564	18058.915875207105	11824.077975734483	17182.91384798207	12936.464850931754	16134.490211358907	16762.63330578577	18716.676855944123	14328.050915538468	13084.622942132011	10251.961100332392	13570.636914245368	11008.057823437704	12368.949272626522	15487.930241934264	14141.04137793775	11279.878037966711	12724.709816105793	13088.881743791446	13985.58449648045	14215.691865985425	13654.683530764802	13431.715811465274	10879.08490438325	9387.929017058603	9635.164956078976	10715.86428674004	13827.413807091118	13869.987993939872	13503.00716393498	16143.954502784789	16946.967507823672	11388.542068892673	11819.092875067188	10325.882132790937	13624.545661494843	10620.9746767619	12943.413899527293	12907.775457698279	14861.465105450025	10534.199019416932	11480.853038592333	10975.739198459278	12860.17667599446	11325.75415747965	43912.07032658481	22516.42789184238	23191.398956933914	17925.369868844366	23842.555772522162	19123.652538471626	9581.008230627156	21865.914025282378	17073.900240426887	28505.11731271604	23221.022425324303	15973.70199065008	20832.25728372358	19163.455167851025	15267.346107127109	21595.00209189827	17766.009280724134	24497.999610055464	16578.930588954863	30156.373209431917	14888.90117127958	15916.435188526088	37877.96806283887	26412.202608493368	17775.13085273569
POLYAMINSYN3-PWY	819.5738831388716	668.927728039049	879.976580992132	764.7474614512493	904.429319862183	1115.2567610572812	883.8102063141912	845.2172880098352	3790.095166514663	1280.0442751704095	902.801063808675	940.8651536242627	935.0490862999545	2352.25814567716	1216.0784408769325	835.1414139344195	697.2432685455838	1167.3462518929227	878.8123827425402	797.1466664085539	810.6342796161683	1361.4148883942157	1189.9096697322705	825.9170186037676	900.464754272515	1342.329847404956	616.7546486692522	796.7062081663101	637.6283882413305	888.0184393722002	1032.5755149722459	830.8859549738238	928.602411050116	677.0258009366275	1190.5718443408946	911.8402353829592	895.2328275191702	672.7725221440253	593.4611693636601	1383.8329599529575	751.3344778222652	766.6488607261849	834.8948639583454	407.87296271190036	1031.7847578050141	445.8611792573523	1071.2042342203256	800.9461851000991	401.6132659471361	1046.606196496857	552.4272148187276	1364.1312933427128	900.1734564218874	581.455865871818	868.0061704517049	501.80450748179595	594.4749029872327	839.365588224492	421.17842876270606	1408.772071986183	911.5061059391018	619.5570356242564	610.0106932588235	831.7592816829356	719.7504484469058	989.3203640632303	620.8444678499138	929.4314983968242	1283.7064079123036	349.63414177469434	698.9369292228478	965.1714549224232	486.7374680933622	603.5284614183806	928.3691440161942	650.4974705282594	659.084344909762	613.7324617140586	617.394864622528	592.5011101833957	1080.3940395331408	586.953451947426	1148.6666800795717	325.04107855004236	364.19321744212635	797.1980821667081	502.83404016872225	821.8163287493838	1276.065056195119	873.5741499857389	591.8709417828626	881.9407722913279	660.5674468078057	274.3901837557985	725.456664490315	451.68647873394315	1303.4550499504492	515.9018852904096	1779.7525343048317	573.1996145838132	373.7007155873608	937.85049206132	606.8276361274861	495.5989243745277	2441.7325175528945	2131.0531754298363	1122.7661376205263	1480.6046883109516	1108.926251723359	1912.1900808543116	881.6087640863316	521.8042459757329	949.0609992778236	1204.6543153681396	1345.479077900585	1959.290266337577	730.8932163506876	2257.967371017211	1034.7011734453572	954.6056206022615	1030.9299787644088	949.3951388683188	1061.0550697815672	1002.9012860248816	1653.868540273508	925.4166991233958	877.7028270786448	2599.024001824955	1376.8175041521245	4325.43503583124
POLYAMSYN-PWY	903.3613316433647	725.7689942207313	929.1171696882201	812.5497028344357	982.2159780472325	1107.9884382361222	912.2548723482342	915.188106243488	4630.622823709377	1345.2777939377356	1094.1161790182528	944.3965297986999	1012.6100590324667	2412.8572081307357	1635.984033691283	837.8342408298101	771.917909119028	1259.5070125081384	952.4146670360876	931.7447392528683	868.7599664602049	1493.354184677054	1284.7873875812247	875.5416266915103	1023.5886954375334	1420.416214652929	716.9967060262853	894.564831919329	704.146801614469	917.4202713169495	1170.9390129421458	903.5525114051804	947.5782112283202	938.853277985817	1287.1756876300328	1014.2333467159449	1038.6270119830965	901.2478168183192	811.1780126378193	1408.5731346513028	814.5882709624219	839.3868292798161	1024.318547577253	646.7823134302483	1061.1394224319715	499.00384310748166	1077.1415977414838	837.5110837593382	438.99805153076204	1056.4389962086325	666.3331795911079	1421.493639660815	905.9492031009203	655.4094931594478	901.8817163656025	573.5747124920292	613.8960588222442	865.2094901973667	677.5775375947525	1382.1534621097044	943.0693613700614	726.8244205549628	652.0119075282299	932.4520651410744	850.9886397662676	983.3311713366883	682.2166464112553	1027.4813006427862	1361.3789897210863	671.094717368069	779.7797815771808	1027.777332743061	656.1762239683611	615.5173781945838	940.6804949825205	670.2029625012112	664.3010888725923	711.9398231011776	644.5513220402905	677.5089420712949	1135.520468114576	602.2055357331778	1212.0939204433978	407.87697757869887	392.66514418335294	897.6260964904757	551.6965948505853	868.0335220423467	1265.880361849143	910.9122459216827	699.491058798104	974.8291054323046	662.6293362948935	717.0438176426882	738.5125486319453	527.0394609319673	1337.4262522483	537.4622691873851	1904.5500689476082	696.8124519549681	612.4785047611277	912.7413196278682	669.766161446824	744.8017907528111	2926.312346155384	2319.634116233567	1383.6037698606208	1479.6464683732695	1232.494263839086	1879.7274918416738	977.0664166057508	557.718459967418	1061.8771969502966	1216.896262350645	1433.8684094760024	1978.520688076203	759.4732021369725	2272.6629814791017	1146.0849273832027	977.6776826715492	1094.955252878733	946.6419841192161	1174.6998059166535	998.667923083726	1792.6245697527102	932.5711383544211	940.3143343489452	2608.2442713280666	1463.8572862682258	5245.585471791587
POLYISOPRENSYN-PWY	17193.567429525174	14983.452643725885	19075.322280323446	17110.502966887983	16386.59777694168	14544.571094631614	17225.832274615328	17814.475818611205	12372.23740810855	17964.44624604052	17829.336231633697	16654.07632244921	16069.757765194881	23440.689336945812	20700.142266590512	19941.072156458893	18024.10131140098	18622.575782814496	18947.727595230386	15107.14673812138	16369.046460368796	17588.539368948528	18807.32775804077	18953.95613165175	17039.41806290693	17338.41070895913	15059.787073899588	16824.473371248674	13868.815914047571	15575.73192652103	15935.514824322287	17168.878047345876	15014.97007602479	14168.22681488038	18645.81026680372	18071.791193039215	16262.89216236131	16870.847933407007	19605.726986376805	17192.738304468265	18417.728829371546	18213.981177712558	21883.591458272287	11246.672172383436	12304.9509409256	10836.605586143845	13035.60596222069	13451.963537482281	9110.935209378613	12971.320339187521	13962.433497249665	17949.097047625037	17317.178206502904	11484.327350524627	15597.463222136503	13402.809472751542	11931.397214842731	12333.376657423461	13839.74829091937	15746.658907836869	15705.498002107784	16984.937339276177	10874.115569322365	15938.42180720099	12707.896899564377	14832.319008787275	16485.984906495658	18222.26939461221	13519.442064310226	12542.097554893737	9806.958211388237	13534.397616185308	10492.985486041158	11821.554785668943	15231.31412986475	13177.258963259303	10496.16525178172	12509.672822949407	12237.59439505052	13367.141528111002	13749.306215930032	12589.374961437128	12919.476371807723	10510.827332713963	9948.863480627224	8766.68758895561	10381.449668996664	12963.094541903612	12589.66321832788	12335.006011258398	14843.575799549448	15350.852372645228	10569.338167340542	10997.835975768692	10835.621754366315	12373.245797466201	9697.12129567627	12635.613328005582	11650.34654686637	13761.096076065956	10366.799274550174	10985.689582796082	10261.585653950902	11981.443792695627	9564.059640569769	40770.44770638045	20319.08944073336	21064.40679499778	16092.970005389903	22312.754540939815	17183.184104051496	8657.722787732077	19416.043188324606	16124.021399030324	25815.723512574994	21611.550785737345	14247.320626171742	19703.284502346407	17196.70665167271	14062.39008289796	20019.77804990542	16290.771682466537	22083.557479119616	15774.993166546445	26975.497649772555	13719.460019373679	14547.800118692501	33992.7401798632	24006.55865605031	14699.505004375522
PPGPPMET-PWY	12939.87143027618	11735.226300844784	13630.292708859919	12623.993405482039	12329.77163729684	11697.684999705756	12805.668669058305	13656.21403742849	12865.980343114423	13840.795057106068	15151.414297840165	12225.454444101586	12765.537764629595	20287.131529380822	17701.99518160103	10927.252513019712	12616.159435649053	11712.581622535485	11833.398760231172	10675.083173734496	12576.747119513298	15060.7737502492	14997.739484338937	14295.764036975577	13572.61155331568	13453.578479062322	11632.833445665763	11709.25637668788	12509.169628609938	12444.873360935448	13195.388968677404	11608.905864604052	10395.533793941484	12183.72832741521	14942.41915170927	13883.398353939378	12798.050174414979	14495.000198206564	16785.815870568567	13491.586919866617	12841.364314007966	12720.58285364904	16626.47505660799	10140.058810290944	10432.234849087094	9006.671259869103	11209.060966504947	12128.962158241295	7586.925128750662	11254.829532987509	12009.222941710217	14848.157976931441	13829.66619413471	9819.595743498081	12305.328465817305	9894.294251675858	9809.285531098196	9525.983300685071	11388.357587421382	14611.104415609921	11963.565360587274	13138.980442672186	8246.238652950227	12509.254398649307	10060.005019869608	11058.744962853985	13621.869886773442	14920.371751821369	11371.969507113663	10996.231388786166	8227.793538446907	11018.323335395457	9610.865463049318	9568.972858991387	12256.653338199516	10113.143647138084	8528.077128003913	10304.432816530489	9673.773845732409	10905.6851987621	11618.521824891266	9459.63354950189	11026.081138215486	8929.741648079282	8712.338704126578	7679.844275872099	9108.77694230373	10281.953844821333	10264.054782516467	9819.143568062857	11352.68187366138	11084.162491851755	8589.571836457293	9863.781512659803	9758.138530515645	9634.002280839544	8478.744007855108	10304.500396584473	10134.966764322884	11085.029341883665	8940.455996899724	9906.972635457309	8487.518206295677	10085.561961549545	9546.70738923296	31699.58341534416	16550.870423284552	15534.114971329054	12950.139301951878	17901.560574889532	12536.594781089509	6752.629646824183	13785.40698851088	13087.070543642749	20352.400681123927	17393.533421223052	10783.640139507806	16325.637423616488	13378.472987004248	11378.162331378715	16184.877776441244	12456.04917773347	15994.80804579817	12825.678550153145	19998.244294385055	10748.539218624559	10255.717310480853	25279.067657301784	17406.10468550395	14866.780794384269
PWY-1269	15688.348808288498	13700.956856824858	17796.757443049068	15811.627104697909	15114.352754125875	13011.644958060602	15701.61517188587	16228.077132408152	9752.210417695775	16161.741274537291	15476.407380977473	15167.157941471269	14285.866341143186	20777.640133052588	18105.99654015884	18837.403416999816	16185.737704948511	17450.849097983286	17515.43419692588	13288.072995332894	14571.407702310771	15372.11123227432	16522.809540834794	17268.703651505668	14824.050280472225	15772.723227912886	13844.125336544012	15623.23054708864	11387.890467551324	14409.482184674309	14412.043347037059	15852.577698096029	13247.798321848266	11115.346700951088	16979.256831956693	16141.095455220173	14448.95073236645	14292.205927256506	17382.499369108766	15767.813843367408	17000.199639941748	16788.664590901113	19390.630856593772	9554.838708165851	11099.284333254855	9703.018009772726	11616.578948978005	12032.380431542495	8136.391446137295	11525.92399958237	12313.680296967459	16512.224851513576	16257.94909799498	9769.377749288997	14282.81471539219	12261.978465603384	10886.877150260392	11303.603703850122	12255.908984915011	13357.406533771158	14471.505828865462	15583.631742432732	10057.82388241083	14267.252963299881	11359.313359359396	13359.938394153936	15228.96293514322	16963.797850710864	12101.228884476117	10752.068744561	9116.05334773183	12440.210351061247	8725.85728657956	10812.692258704163	14117.873334555956	12088.90751430198	9405.884855549908	11413.490025287736	10983.159208939724	12286.169841544539	12275.398573415834	11392.459829203082	11314.918165172092	9318.355353888068	8983.738705707112	7427.193417690904	8945.590546798858	11959.453323133348	10948.772017195171	11031.102149051945	13311.018687624763	14088.611308095778	9536.213834348824	8881.64311012844	9690.516595709301	10770.047817656965	8547.13316941784	11778.47523244503	10552.97181810829	12002.110774603525	9115.819868266051	9374.755330307966	9369.591458248939	10326.911494459637	8175.0302111805	36891.22020585013	17354.332000945422	19232.286634345375	13856.476540156318	20034.25612069593	15199.988209987296	7628.240016509641	17165.13500314018	14760.298926900541	22504.962253722395	19372.331317132433	12221.121810788049	17086.10199156859	14875.987089981774	12610.576849761532	17541.388468243033	14809.599529697178	19741.331082282726	14072.362520568697	23561.556210245122	12522.452645752322	13305.137834911275	30898.4154384845	21930.889769978003	12251.008920825465
PWY-1622	384.731166049652	135.45130053263915	258.79476752668546	290.2753856600688	391.93367697911793	86.61000454217498	485.1504340507308	498.4097511655015	2291.6398506122896	310.0533934957602	278.7618967989361	142.64706874509548	371.88832440303935	200.39028380182245	235.38431415306403	405.1853969698774	396.9970353712923	201.70328326986683	183.42447838897223	413.60049504673145	457.96670599876256	83.65891625354386	352.15242697589497	327.3533180243169	104.7477322693484	45.74488446706791	39.698935834809895	511.9827845690259	86.01394501837125	621.2308484815088	61.8170525202996	474.7627125690637	806.1910080639209	104.12858061846931	662.3978901405645	440.9577446302162	524.7679760435663	216.86483695144977	231.14455537220078	220.8158444594597	372.5668165201428	354.18850508407667	277.68079152492817	89.41790156803455	253.48614750765006	98.8431445152775	173.03044149472208	209.7682813241226	81.60651652996617	326.0164132410164	48.56600183286301	676.0458720723851	174.68816839000274	92.02157397460921	206.238451676115	173.24322648795516	178.10700633052775	192.06122519761882	144.2097493335227	63.375741246355695	163.15424759326706	353.230601091595	273.4819638436348	336.4693145861346	12.972075095705987	805.5661677822293	244.40840628276004	287.0887284847396	290.6443971915662	35.22991057843826	97.21197888075264	47.604301183636665	25.869258811102817	200.16144515996024	23.90017009184852	228.83755170210782	255.28605438259726	22.39461702400284	133.7732838727332	154.84393422589056	64.45860892427966	412.810363489015	345.003038442665	29.79618005103521	25.779239833224388	118.5577369338469	55.676203743186306	189.57537148652878	948.7503743443806	407.6331109406026	164.01185908608065	512.6906609349282	141.27471089842564	16.453383281943008	11.956363493255118	111.3476962331996	458.31583389943177	57.01363496654096	440.78127070722473	196.62743160935915	108.55690180778703	20.905440530706034	164.8537453625535	111.29268797506634	1776.2584659564518	1438.3349708341946	472.8059741441133	817.8189574749298	155.3807245449502	1762.807885065827	649.037933677473	261.54118793738047	744.963843058445	282.90166187294216	811.6459592479894	1866.8233961127744	315.30896038424953	2622.3153407971067	729.7619621277685	162.06615708736464	594.3890427599564	715.0421001276754	523.6736420536508	813.1050552850786	1058.6285474343586	390.44139828450824	431.5846964509172	1355.0686168330676	1201.791639993215	3962.144412097679
PWY-181	509.7516379401584	198.82403335148823	377.28119985338145	389.8507228918865	548.2029839012674	134.72826765297427	558.9595477274346	627.7868557481354	2771.8657120923876	462.5024819719946	372.3095588376138	212.89260026895184	504.2730698537873	311.7587866795302	341.17510549263073	569.2155290800637	423.46463038781957	313.9845370657521	271.53372333344777	458.21108476365725	501.4540237354009	130.64295757185477	507.78468004514684	447.67915107370663	154.4356046862283	72.23452533716248	61.965251222626286	594.4899360879291	117.7800014045356	778.8186606715345	96.81120366984281	619.944192639102	917.4119283460112	144.19465219725637	922.361727438983	567.0630293726733	605.2612004544478	273.58947089516766	264.55141416047195	339.91624469314064	496.00985780502003	429.22509376798536	365.41507945186066	117.25720904647095	373.94046902186756	128.65502215363233	261.0830653741594	242.74111126492966	116.45339298628892	455.6221196993788	72.43232364376281	950.344941887809	264.77744908018184	120.29121257609562	309.19682005175815	235.95560564689265	236.39567104770214	292.57428298610836	180.55403632983317	98.09441904866726	251.2599444621768	429.4028738383161	400.03919180483666	417.16370373859894	20.598840623102504	924.9221298177271	331.93144617571267	423.2061627954362	435.2186687542531	51.945394882726454	151.22378866083884	75.10383363056195	39.268109547681156	264.30292037123155	37.96045300516139	321.0928391518257	347.1023109282439	35.37962367978856	193.02108208411727	230.1177995534478	101.30781246855709	499.6858978977037	491.62505013704725	45.27982631509828	38.2099024221707	179.17302980775872	77.3672622444816	285.0591961088991	1126.1014361325108	565.5356394388729	222.16646928607153	696.5682403835783	183.7055395343615	24.944729376046162	18.864274579930242	154.85209036043392	668.0853322167831	86.95264686707873	666.1956998900554	231.67048034801283	137.5267225920753	33.02241185820578	247.58188046634058	151.5447349857015	2166.80025482757	1797.4745671765984	606.1595065647807	1119.3600771599224	236.46438327147848	1938.550098547931	710.5184474503849	336.59338872216404	809.280980116858	425.8943315850187	964.3476276954417	2255.763499669548	359.94929238901767	2528.3868675944486	850.4318973467882	244.83070236956004	640.5259385511816	858.5894789366681	675.9962062667479	887.6955692153819	1277.8799038802274	558.6516288963078	588.6676185639848	1915.4059357185142	1336.5248245825865	4439.260057600749
PWY-1861	1721.6440972729229	1523.7087405464079	1771.6576676660345	1693.4941732228701	1700.04807077998	2516.774037381328	2018.12925358997	1720.3788537044668	7950.263707544204	2821.4429422918793	3379.675308757083	3021.467626160989	2464.156637409272	5210.0973746578165	5879.234501090141	1786.9916546835664	2264.303067378795	2736.4393032978214	2589.266196090518	3025.4462543810255	2408.6396660623636	3856.797161542344	2662.1716760808476	1736.543043155393	3374.5533084035073	2861.844599405492	1727.8576245435465	2288.293060509143	1852.5888497762546	2000.4130433955054	3392.0755717243355	2089.8044969649154	1588.051012802996	3052.35458403527	1999.4009544048024	2378.4156299585	3125.8279921519816	3342.0121369366884	2585.52597128287	2474.501437516621	1672.1437240909013	2095.5138274827195	3076.171560378876	2452.1000641698793	2283.782356067498	1510.0352846577898	2398.2107151166138	2082.6004850297677	1086.7933105877582	2556.4949815843606	1982.3311331660545	2395.8957057246366	1892.714065629067	2404.359608860833	1956.6610457018646	1371.1912560117194	1439.280189012318	2388.519616690209	2288.0062849166807	4149.557070514114	2922.0675898981794	1770.2099511352023	1878.3799410903036	2640.4552930410573	2072.602543157977	1786.8682474896661	1315.499063699988	1830.1929628903913	2650.158570724287	3352.887182504417	1482.950724092343	1992.5564215731965	2522.514538801247	1582.9029934100054	1848.1806500217958	1606.755925787909	1567.4702826252126	1720.9970484100118	1726.3965037030734	1149.8357805549679	1824.9403881259293	1157.4902187450027	2879.0637023696436	1048.405615438364	1015.8363522674595	2336.5801601495796	1747.951224136168	1657.5265428684013	2304.4518193815766	1492.8180439060989	2084.476594161074	2656.2037952553283	1700.1907933042112	3564.3435728351724	2195.9755402004257	1297.266143459047	2107.2208790223594	1322.4942456077922	3660.4067493080524	1931.0432084743138	2245.3200968445726	2486.569240761217	1552.3093992290649	2890.9565781859287	5002.6199373967165	4625.22100766316	4289.082148540719	2588.8846415622006	3156.6825534389523	3251.815910924402	2680.2464574791143	1436.2687075285662	3050.294039347287	2174.8144001604887	3407.391295340202	3153.593141843254	2538.0061279255137	3535.8212205344917	3060.8766775173754	2193.7205858550687	3029.5254101398386	1907.6532308458827	3074.519752131777	2140.6734106507215	4323.390472793048	1925.5819783703457	2512.6230028779732	5635.736510565233	3444.1167001442486	7962.13090004647
PWY-2941	1191.002710156897	560.0682823889608	473.6202118292464	557.5989511063597	571.2148733042355	240.65565742158972	608.5132284604103	695.822171774301	3154.8626298792724	794.071081446044	449.63167743855985	230.44868124649977	775.3611531173851	686.8050545772269	539.3496145310137	815.3626502879192	1010.0902253578477	908.8487044848042	897.2061824786672	1156.1977264921388	813.9399116907256	278.42473204222614	943.0637777555885	395.1996465282714	292.2226159029893	117.02402767639673	61.84765991527319	597.4069623758417	222.86500095715303	701.9392556468151	102.92973652087124	743.7685597192983	1252.8533830156518	703.078822690806	982.8631037910538	1165.359836015359	919.3090726440341	535.8371274957846	574.8406259745706	326.6375278786845	482.1486815663167	530.8110646581428	732.1951556211421	262.6378968546574	705.4907733548233	204.8887746020838	386.0887640236603	271.10418955687453	195.66081786674306	577.332045370205	186.4246187813361	1304.6552721847168	362.8537696808932	425.2284195443965	1142.5581624496476	314.9310541249138	242.4845346569468	1435.7083946141072	236.4139596597276	86.92693645846524	1871.8094814241376	511.97705058794656	1219.429466805754	495.52014134884257	30.35817443949445	1315.6058560225106	407.26583427167304	459.41246762016124	702.6897381509997	132.90992741524963	433.8791274806272	211.76332362622927	94.319347348478	348.3047144844681	65.03515662761593	352.69779246344075	868.685808771511	51.87354997899357	327.48736750211526	591.3462868972352	177.98532154440034	644.2441619288679	659.5530805518376	173.67455889935394	54.62520689121657	349.790230375362	299.48844461176475	974.7775595093048	1432.3166286989645	521.8566467471845	351.8898501870478	2340.288920984026	807.6556859153311	111.2521986454229	143.1831848396918	217.85509906993403	791.5584145731681	269.5705973603566	1173.6582353383285	370.8523487929706	229.31630590185802	196.7550630931029	892.6020748128717	231.2659365787897	2393.8300381019985	1838.2086896154271	1165.0549920696494	1481.057410101855	615.4357026772358	2478.8976585651258	1257.4011728790185	509.3138151670478	1869.3460371536844	924.0248766436004	2180.3780591387726	2846.6400054104806	1222.6905653826782	3170.6823002811875	1991.7017260801829	619.4469326770401	1080.0920421720607	1593.6096750403933	1867.6547531256258	1129.2005372172587	2472.8197073258525	1176.7669412129196	666.833566004124	3764.2131415378353	1640.0337244280406	4653.841639170734
PWY-2942	21272.958056500865	18727.57806543144	23255.35993815811	20934.675870154064	20199.47808045696	18326.527426156706	21217.918811500323	22053.411778486185	17424.94436584215	22568.738370220915	23023.338564028203	20498.658752037132	20329.00314828553	30304.493637637974	26539.624790897014	23416.444223335035	22270.60384767571	22393.552525062532	22645.226715106495	18673.40835622851	20547.368238237705	22912.878207414014	23998.020533934086	23584.253760596737	21605.44636542549	22441.097611654415	18806.75035750241	20373.629485745525	18364.70617554822	19750.384591249025	20262.66539373645	20821.791635106012	18628.911185846035	18920.78733276212	23592.21114848752	22796.90896783937	20421.458889367645	22073.959768698172	25140.19868248819	21437.242038111366	22561.848679405324	22200.356262339057	27470.84658246379	14813.493274156504	15813.322967093556	13760.892314396959	16842.338691448862	17499.340061177743	11642.860578904916	16733.70846244083	17994.048295616853	22783.604477548623	21730.68650765005	14795.47796353305	19636.67138757459	16560.706139445032	14925.36495632927	15492.296275910709	17632.874023052686	20610.782847888695	19634.035931969524	21120.392790678085	13586.836603692842	19896.153811124936	16434.16289642764	18376.41565868943	20750.94070944086	22615.730173722834	17344.051332639272	16303.778246416334	12368.134475404362	17247.37543169677	13896.464992637648	14769.716459158422	19208.002267436885	16306.691666616047	13262.506885795234	15921.476160711663	15347.697891246002	16834.35377834711	17840.765902417912	15666.648915704685	16716.7753470227	13561.52365665678	12835.034357769058	11521.364649395307	13543.182424155033	16055.298083659232	16078.688518699151	15635.696884408242	18536.01468138638	18811.923975871643	13223.279932867743	14680.504107458995	14051.142118617841	15860.590511553768	12527.832607158474	15890.367711882564	14968.067409064664	17561.901784338228	13384.672062367497	14235.642447127573	13042.283242506704	15406.279659748036	12783.453356604708	51232.3386840992	26058.27322933776	25987.886041999653	20604.753362596482	27995.25961645765	21436.760672759836	10959.578963010277	24131.838926620898	20391.358856676747	32864.905443958436	27422.823980929505	18141.71838004151	25200.538564731516	21919.10552293508	17880.66478312101	25268.123266243918	20334.25695410297	27448.09237799147	20100.125790532566	33859.66157791213	17266.98207849948	17736.371788659922	42251.9651895631	29395.507832075207	19697.764280079606
PWY-3001	17712.074071714207	15959.499196456703	19237.50252758058	17450.608895717323	16855.506601187648	15769.56741293933	17792.062470610563	18434.861212857	16166.793448355405	19319.787496873323	20574.4559897458	17017.728789738438	17380.288924760862	27686.37251804729	23980.057463192596	17061.526819478953	18193.461948483175	17784.921893599672	17808.625939741636	15065.790605081776	17359.8692639579	21064.839215449898	20722.946615776946	19769.63897605503	18553.92931090223	21195.519256709144	16486.396248475612	16754.733769400773	15979.57051772842	17983.283019394537	18410.302035489276	16914.913804395135	14999.297399441119	16086.957416077912	20625.12974777518	19438.636727574136	17537.39452446325	19613.37289374355	21818.54900752612	18463.072482790147	18545.186943082896	17627.89622130618	23168.543740633835	13475.26384824266	14378.151756923724	12174.12744708581	15300.692217307847	16165.902411426965	10168.158872470016	15139.351089056468	16021.147718556495	20345.319286124548	19487.85821207129	12824.276437015811	16985.7939067935	13704.87599832129	12978.145739057623	13148.656567423825	15490.559387149984	18939.613863332448	16505.951978575067	17911.483564432547	11497.75924074682	16999.82472601984	15350.456391457976	15163.237949947035	18078.968954077278	19501.881415985583	15638.749301641552	14730.763325352558	10863.576192754721	15728.448692594415	12489.381277048258	12783.58521853183	17361.25662339583	13635.553580434906	11371.870842057815	14269.3655729387	12979.354121616409	14472.183446985695	16224.364515849291	12953.57425396515	15235.874052052535	11950.089025066927	11567.030771905866	10386.738204547377	11900.884718494397	13615.255027172643	14007.58836912484	13525.269735540132	15763.131877320457	15209.563260477244	11452.57088654538	13468.956246399293	12800.96429219792	13637.105804873912	11002.230099529346	13745.412336132771	13086.161582837269	15172.046231769993	12072.216837101152	12715.708428554486	11131.72097191236	13715.389375407249	11472.6927608228	44269.22491954605	22627.11003436012	21782.676416919658	17812.655966911418	24053.50752937221	17795.501396976473	9478.520754042851	19801.881786309452	18038.35464975017	28089.575628040006	24073.151035363306	15163.006535898126	22486.461559783682	18480.073958024466	15725.850168154322	21485.424738763846	17443.223865954802	22589.60360297984	17843.386741324553	28224.5040459683	14993.982241613174	14450.957569585991	35359.53656871567	24225.37550042198	17607.272450524106
PWY-4984	4043.61711365894	3031.2225682876297	3381.3652752382764	4002.875282630111	3716.4500315110668	3467.0200695947137	3542.5425748637476	3691.4281941203794	7070.117297590087	3105.1498541931965	4730.186690273788	2982.5124885549226	3734.975609048835	4689.907768846563	5271.512741173305	2703.367218713037	3474.021546620457	1913.9672899965954	2993.105613086799	3829.9018997391604	3418.893846614206	3794.6349342657463	4990.838823137626	4022.2337042088816	4566.778493097852	2851.681155966154	2628.1524059527437	3105.0315569507857	6150.046347188836	1899.5190969236983	2431.6394729750973	2615.5714955093586	3166.1741714628465	6014.909343548791	2747.9964868526486	3545.6914494011744	3547.564278401694	4197.459016759619	5083.137330768189	2842.682627166308	3172.733857992819	5129.176623831772	5062.5358422499685	2915.7942536834535	2917.5758737162223	2487.431544879031	3119.5892858453653	3642.731624328235	2439.310149771012	3051.6937186828004	4355.932910010436	2973.229266479377	2575.1018389729593	3983.4202727043785	2745.701489785946	3385.905345352658	3126.097557103804	1911.9901337988674	3608.8754094881	5074.188872382127	2494.8933950390788	3816.691300166671	1596.2779111229997	4078.088331968909	2316.170263162539	3544.662375852738	4504.7003121539265	4752.486481840108	2476.292300398678	3239.8379678627	2189.5289125872714	2555.1366251082763	3055.7199940232276	2774.3072703994135	2371.354154653047	2886.0015732199995	2235.6399215374468	2438.7814135765066	3435.0217778483607	3636.986054515575	3131.832168286944	2971.3527952675877	2773.8080733310762	3041.8364122781436	2586.813587726545	1939.197822640202	3567.2315209026056	2935.184332267708	2304.796180451826	2365.543800508094	3306.878887957726	3114.771972489159	2319.1060792622734	3242.7955529782466	2518.7293165127553	3144.5983941950403	2151.551388608221	2698.3245362786024	2500.5996107820793	3828.1630535056884	2796.8680576985994	3412.6667185719643	2341.8618098137076	3000.092344086259	3778.8241933550976	7318.211093002585	4964.00860381447	3640.7114656535596	3752.1895916770877	4068.5604154337416	3030.6325706113735	1408.7563639202579	3014.0242531020585	2790.6274654908098	5821.176335487419	2811.0309467191623	2869.741788808605	2991.906595934888	2742.4652336043905	2326.4299700042316	5818.056333336203	2195.517420723203	4279.817544459768	2669.4902935929003	5654.807212591817	1858.1843902677317	2628.809345252664	4800.2199868389425	3960.9924387982674	5781.409165466463
PWY-5022	1047.0399915059543	1004.355296965815	1068.785342349796	895.4287839059143	1085.5074270281962	1231.313528131239	990.004891276432	1124.5635766085559	4727.48569880926	1695.3216755843894	1647.6248001948122	771.2792427224404	1376.4348245195833	2307.9675193533153	774.1091048160359	765.3504857888664	1299.3551663243975	1685.2966439522997	793.8723036142081	729.0085851613015	1171.3218567722881	1789.837754347373	2028.584103235132	1518.0864618047397	1389.476688879854	1564.8352279760113	1029.1943592636264	422.25640233311174	1827.2614577378947	908.3055602908576	1034.0824895781088	960.9830938343142	1409.0267643845066	2118.9004148499394	1977.568913195172	1566.1885514288865	928.8398006736853	1863.8690913340288	1310.825533009031	1502.8372029838997	1281.121357107294	521.1035661555813	1729.4224514409284	1085.0903570456817	805.6568783508121	764.3396216077896	1176.251867553137	397.99938900563535	779.5643804776437	965.3394119295531	1109.9675740333694	1464.7822444221656	875.2965609350193	941.9158577132705	1155.0521320393468	766.5108205184341	562.7997448267199	995.8835012099487	969.4680017811147	1278.7698632329555	1161.083245691888	925.3417670364186	881.8673491393844	859.7037290869572	1199.8339931442988	1013.5406077923018	847.55807842314	772.3872735807371	1335.76334218424	921.087583987639	729.8097479511381	1041.90028783142	1171.969988445842	530.7001096415429	1130.3060783841797	752.4964238649992	698.785950280848	844.3814831843356	829.7440791248919	795.8226406187864	1716.9853670124037	893.8260735610035	1259.3731314009758	920.6200432502667	493.4134651822559	1163.577183558509	737.1948141028423	493.3018210277578	1372.0660256703363	1378.350218408517	1085.2646302403095	681.3867011421681	368.29437260254133	1304.4890488390563	400.17837904891013	1447.128788851803	1232.5046371577162	515.6276495373289	1380.2693477693495	1289.2505823957897	537.5633030842189	994.5824157727552	841.6834892537105	947.3989896807285	2332.7779051880902	3459.3272171355584	2115.391164330305	1593.8103229594003	1970.7282430818038	1502.7348403654778	1473.0279777234311	858.6719761226434	1620.0169103303576	1396.4632208379676	2649.6679430742715	2262.691750250876	1437.3862232732938	1939.347295986473	1755.6440332268587	1395.0972042707656	1589.6191446689086	1220.3936562389147	1738.6358989087787	1379.9344324673732	2639.2094389005783	1245.6327068533728	654.3488746080093	3070.3134452712416	1197.1715361426225	4007.0119920294524
PWY-5097	20759.50686070301	18489.877167670697	22614.137249753712	20452.432211251617	19700.530343547824	18194.51759148684	20757.637270219042	21621.722016872507	16528.221483728717	22452.573329709117	23458.51104394298	19954.524478714317	20228.85018924209	31358.288885676648	27240.719040058146	22901.010609701985	21659.1901529221	21865.76462087748	22157.924243364203	18223.671716107932	20309.12673040427	23793.471422734987	24080.551785718093	23154.56963867541	21538.840644114363	23523.872470939972	18945.599681153577	19854.057115600328	18529.934103869775	20379.49203627893	20798.61836537448	20321.272762919423	18163.181439453452	19010.61451340418	23686.63746276701	22597.19235424897	20299.609468504983	22477.270509928137	25298.344376902798	21260.628021335215	21923.679069156744	21503.11827114876	27199.84291223167	15250.703336570703	16335.102561083017	13916.97610564718	17378.602211943336	18168.389601155188	11684.23892748201	17234.945304339195	18354.405976400853	23181.094309105225	22242.149965612098	14893.918187252533	19770.859971936097	16236.113073237058	14923.851899955222	15396.809075109548	17865.46904768342	21377.59296288048	19415.17192219708	21017.308705387346	13478.49818181744	19736.19735987461	17103.58285945215	17962.31530102453	20890.955859363356	22558.248567182225	17781.67236046518	16734.94111072569	12374.668043796346	17773.155345640134	14200.807681055867	14809.575731340348	19682.164221590014	16001.441748271816	13252.288375491264	16270.42215637586	15259.273299308694	16762.972250489936	18377.961538082396	15452.553668530949	17244.154073002832	13720.118196770736	13168.764670050088	11827.577354718469	13728.914826877917	15850.15719649079	16157.446789200978	15675.508629044323	18374.0491035324	18283.341912757547	13155.528632976464	15207.344000344367	14448.795624282564	15793.983092440752	12624.860396887127	15960.318842736855	14905.088895375924	17567.872343998366	13721.95925023489	14556.000742437835	12941.21833592748	15623.586757191799	11952.111448390644	51356.327030409935	26150.094400436563	25526.674818176565	20634.175984759553	28005.930475676323	20975.727147491616	10987.099724074718	23516.70420767805	20687.97966415234	32754.059226025725	27678.84561806523	17853.962621325405	25730.69727453072	21598.0139658904	18076.883059028827	25069.94630955032	20318.090507495504	26842.838049446345	20467.704491216275	33098.486723591	17327.653430908373	17248.52001267591	41683.613253803545	28603.01886605536	18501.51047286851
PWY-5100	14032.110278275339	13045.467695063333	14770.933272003891	13518.334348563661	13159.226316531984	13078.028142874693	14147.714049955064	14681.467751690783	16945.429434133723	16793.118018611793	18573.609088156736	12713.130853005205	14806.827101124221	25489.347842538034	20295.207834919285	11932.491077639323	15093.955204212765	14787.674197853665	13316.106425407084	11467.100928482918	14740.971784783645	19935.15503311935	18960.136105980477	16426.782790730405	15698.319579176376	20078.317782498678	14151.952650462597	12526.994965797161	14503.013123772216	16323.132680259345	16096.25343348051	13474.247452259895	12705.800661059562	15094.956738755795	18904.395490179093	17111.43512611476	14677.557851454014	18539.148381411727	18581.002785810924	15219.886962411874	15017.7675525967	11915.608525657544	19508.38106386513	12450.299562704953	12828.949620969775	10463.73505933936	14096.814232082872	13833.135140806218	8716.541233196009	13592.619619981062	14005.453918387675	18209.616322505157	16865.646921359843	11009.288650444894	14837.302744092516	10718.733687006827	10296.638542155444	11535.642774861823	13297.641810938174	16797.226223849062	14156.241383242534	14433.400976642964	10117.70740829194	13588.927251336727	14610.40624224582	12374.212175314997	14771.010772262416	14954.295512106866	14190.721005648023	13141.314576990346	8911.068025203178	14103.03617859772	11579.25621148218	10201.210441382691	15425.960824500937	10588.228363820557	9572.044843529695	12452.480521980146	10626.225222882937	11362.650068566594	15396.046269487682	10612.067645078345	14172.235140898947	10516.964649264264	9971.309167810285	9845.19454540216	10365.850840289355	10342.006139205545	12892.454784295733	12312.060241342717	13136.304707445817	11582.690005067305	9079.63582956579	13161.03488088696	10765.375579011092	12534.298433843802	9890.305970556048	10903.351218054662	11543.386587524414	13060.0816840097	10431.936071562994	11117.735827520728	9455.722654594218	12018.727486331314	11625.089859999052	39358.412069193095	20305.07474028342	18384.619164465188	15932.825020993772	20600.39010474199	15171.113061026716	8651.693542531684	16948.660364221963	16164.455393332953	25435.59592920855	22802.89988049649	13439.622197766963	21785.863500115614	16235.744959222517	14229.161594245863	17846.29127063383	15422.981268781363	18740.037130598834	16686.742827806454	24601.311177743817	13618.40403592581	10659.850927315225	31053.995219995806	18895.404839235027	18585.232596136488
PWY-5101	22643.15476308478	19831.81326862105	24965.963834116126	22438.47959653939	21534.227809247077	19512.905998731214	22721.97202283917	23544.97491245109	18271.005571741414	23974.504888311014	24199.92814148569	22122.75755599667	21522.610054037115	31689.876278798656	28010.851531476004	25787.677550427365	23942.65749430705	24419.064647153285	24842.040460842953	20234.60728953314	21825.079646650895	23895.684484289064	25326.93243613539	25130.50087640182	23114.34940874323	23203.972970138322	19919.39491995091	21919.961502593636	19212.52856709191	20386.402569379745	21294.64123405845	22480.726485199695	20084.653120488238	19911.46179206056	24688.280153009255	24070.037753370736	21699.72562785142	23067.30859677075	26285.571830202574	22869.246847710838	24220.62358148357	23933.221619934095	29381.466846824413	15400.611345223248	16380.65563959365	14505.799678840547	17508.49845168253	18032.64053911371	12215.792035160513	17391.964372697606	18831.920588911365	23607.156217259824	22591.068204360156	15695.458740209975	20566.721456929812	17717.337590476007	15802.61991906055	16212.912307135306	18589.40044957723	21697.83081850043	20573.344188414918	22362.112567991113	14205.879989190755	21259.067254464146	17072.84253713036	19552.804190287043	21674.48796274615	23868.628009973014	18122.790421643087	17095.535157920716	12950.37419575987	17946.662191222713	14513.842757523162	15614.300438802054	20101.340479369872	17406.167109401675	13951.276873290819	16617.99863305597	16336.19329257598	17649.469415824224	18529.714314413708	16681.894914700715	17451.42066176319	14150.790220841742	13288.809638183355	12066.641316024567	14210.476848944432	16974.790191366203	16873.083245013433	16470.562265332257	19808.22769826286	19933.73381764477	14018.209093839783	15364.80559890202	14543.803595761177	16762.895661189184	13128.019482601985	16542.01805090381	15635.382553504627	18631.680787727168	13985.138708577007	15069.646674097728	13574.61703073632	16322.347481886462	13128.336907695362	53979.199662857	27659.182683089843	27732.689432934003	21917.767830883968	29313.005206419868	22928.35393593281	11605.020840640134	25864.242215307448	21331.247787207194	34727.096987898134	28454.980874067845	19307.344567414315	26042.48444109356	23159.278281587594	18799.557215985107	26910.291214137524	21392.83423380327	29346.177842829133	20935.967019084124	36187.99498440481	18088.770969371795	19161.86922572257	44780.20567909322	31452.329512546246	20168.5082883488
PWY-5103	19815.644191484833	17384.436765993567	21979.64528994018	19730.09111543274	18902.91794352221	17095.573940047176	19943.080286102213	20642.299819534957	15563.190450208314	21106.914631305954	21247.028328752047	19432.10412167784	18916.33676876318	27806.744402272372	24527.516970882465	22770.076076305024	21071.966957155113	21558.46760432878	21863.444642862403	17727.05072662584	19174.73864107257	20978.1920453352	22269.13279273224	22101.24150735232	20274.568327799716	20414.238719797413	17564.452978529374	19273.137032983508	16815.86608674672	17982.947221221297	18732.18612674178	19827.43558058518	17611.680035429978	17405.71751398375	21716.645345023357	21181.51298261187	19061.299531236236	20255.98085761397	23128.096148688062	20104.40173627563	21371.79524361562	21038.743250556956	25837.025436360364	13518.629116672106	14370.671193313596	12750.816758086725	15375.368369749025	15637.072501374432	10740.02915472192	15247.45741938113	16551.038833335402	20752.404645614984	19934.596023832637	13743.047266298026	18120.61104918924	15614.665467374974	13855.488110965927	14259.62762535527	16358.310293829214	18902.995237687363	18098.831598272278	19719.054284659207	12530.9934187972	18672.974568004298	15032.09430638293	17180.015510591144	19077.18709953222	20858.266315578992	15942.902466380347	15013.728614107516	11327.425267572167	15818.308457591122	12716.79773928671	13720.456146650271	17715.8291980556	15330.097849630045	12241.510789347978	14653.651300538962	14362.414285612802	15515.212718389766	16319.278574257542	14676.19583469883	15318.402962023183	12451.566927011534	11650.281811896239	10584.29161352771	12410.252354887258	14730.0215184983	14776.870043321753	14478.056968654117	17441.282810993718	17195.605014514866	12123.770126928735	13467.522756655811	12686.938159013825	14740.428677173564	11483.706026839285	14578.808306709252	13609.177722142822	16360.3059690147	12284.256184278827	13142.924399660566	11884.729627373023	14324.717251048272	11035.733569711952	47591.37876553918	24291.434663609718	24406.897414267823	19270.492144957087	25660.342865893697	20180.888084560873	10208.615198262238	22762.3268119124	18770.552529355533	30504.70272100729	25025.605897831087	16932.93287389747	22849.24474591609	20348.34725495792	16539.103907429835	23631.20929609377	18837.326895864062	25823.956994225682	18413.494200517114	31801.505539115315	15927.342426926265	16873.141467357902	39416.253660911985	27711.328961994983	16773.43213935758
PWY-5104	20492.80972564259	17948.431907180147	22490.175077077325	20251.726925839666	19480.62345769845	17727.830784290756	20554.229957050247	21276.17961326196	16501.70959725049	21739.680226714372	22015.17144914761	19996.22889539974	19520.18206779244	28808.88828791743	25461.300011567037	23145.110111326205	21708.164448984964	21965.03918308595	22399.54538647624	18382.16646415616	19802.541629817584	21741.952901647037	23005.766236275962	22722.329768266907	21033.183329398325	20966.343661804487	17950.386239483898	19718.097422118335	17522.27139779411	18375.85687417632	19281.408693048103	20284.731453202632	18184.06193341689	18289.933724739785	22359.788962583843	21840.497777919016	19686.757822798725	21087.69886355152	23763.31191802525	20660.35574306348	21824.831826430625	21505.475124654626	26608.23197962583	14060.439806342858	14811.343071953597	13137.973541656715	15901.495280450496	16307.987575055166	11065.218759387808	15798.469265822845	17059.8116203631	21337.49440423995	20301.16660314393	14324.543711978291	18560.151359096813	15948.8559176029	14261.662865978067	14644.750698736314	16847.120253002166	19827.61754650578	18580.84234331412	20135.289739432155	12799.04933990713	19241.969108570323	15463.04306697982	17698.719499001978	19495.056618871946	21496.86194387973	16433.87386606387	15618.920267332656	11643.985223454405	16173.749385604728	13295.771902832525	14086.326678853344	18125.28920280806	15691.515879344426	12647.811788674291	14957.3686185646	14777.434941186155	15857.363209526584	16771.307793494747	15036.333275380459	15902.105586234651	12770.619735309743	11960.312109561859	11068.458509299595	12839.47492753993	15335.148073632881	15420.015326920551	14962.662037509843	17939.325955574448	18060.196549840402	12732.872618931518	14171.356111656567	13159.345611079489	15210.420000012733	11942.761746764458	14869.113103991522	14177.547133733939	16908.517034709334	12688.246383198632	13745.923748684005	12277.887046295064	14888.549389762062	11951.400448496763	48838.30562981603	25280.87908724542	25081.402879904814	20014.106952826514	26602.107211269707	20862.96055350423	10581.359687156788	23551.150261969866	19296.395789771104	31610.46478818861	25850.655941156696	17675.78074936592	23775.39516514481	21169.824001221354	17089.077404261774	24435.799032043473	19403.53615433642	26660.291662175427	19043.934166984574	33001.550707808135	16387.450557647488	17300.599925006394	40581.63473705775	28403.03169011017	18438.5185764102
PWY-5154	14582.559449399323	13204.747420282882	15647.088386740841	14441.776930683645	13873.133580519216	13336.346243100557	14660.038015330065	15231.720613036894	13522.130070595236	15984.012749293437	17621.010644262526	14470.038689153535	14532.941986974261	23326.84626189454	20644.31516994124	13245.911873843732	14578.328106421302	13595.856931300304	14532.935108998676	12873.045022326887	14456.514443947448	17348.662964015475	17198.75925834236	15958.407360649437	15773.86162061143	17783.53349893064	13701.415003143102	14024.702737514788	13381.521432250176	14834.199863977577	15697.660321911468	13733.692098746727	11801.223442717514	13525.38405074329	16842.894188634305	15915.320071731943	15095.484370226293	16617.732086856315	18628.46774165834	15445.114635905386	14723.199007093586	14700.428723400206	19040.393455965164	11128.08220076842	11926.125132834317	10359.171682244923	12577.952155139365	13497.284767913588	8482.601204962553	12401.31742200546	13518.56894083348	16985.120236268296	15940.383687757074	11184.895053802255	14232.300260764496	11255.26040517524	11139.283414004605	10934.600562404761	13170.208771731332	15438.44912228377	13637.187680913565	14907.8081043449	9390.454399027556	14538.091340836885	12571.710944101522	12562.205172160348	15315.400678251406	16739.966486055528	13458.229596494455	12784.502165332926	9268.026164850002	12888.845715564179	10895.641325630437	10989.36550046399	14481.759832231168	11452.622324042679	9732.648486987111	11890.733655140082	10989.074043587216	12094.265449091181	13414.855524981323	10551.703388860156	12830.21131116691	9941.384896358306	9377.034109947985	9012.20025094434	10265.464195250664	11764.847830451354	11812.354611686898	11061.607272625004	13041.70884659077	12668.57656368863	10045.23965086712	11824.16137074765	10399.609856476109	10785.336955726347	9493.962996970153	11614.7829060958	11258.98978065489	12499.463495845239	10015.775435250096	11194.910398226864	9368.959241847482	11939.487007400876	9878.745492834776	36400.43066216058	19152.237676408702	18010.435963767537	14757.456427840165	20441.551003004115	14426.103020535862	7840.6714890960375	15991.991085796171	15293.746945515022	22944.347458314427	20043.767576224913	12348.643076487322	19095.459996826292	15142.938434267735	13162.050186672328	18151.083890066664	14384.534735740875	18382.997600792005	15021.534089514682	23019.60596458611	12435.892537181817	12182.611721896557	28915.822978613312	20203.397915649708	15247.593849071325
PWY-5177	333.5865484140162	268.4182477862386	381.46170661551236	329.8383243238961	320.85679106197233	314.4907347411468	298.9299158424459	279.2135317044664	2172.436591975176	467.53113626357936	386.9390154444403	273.10888899914	381.0009649500483	715.6732316491127	555.5712162621263	247.2020398513817	222.7895731410603	445.76845571471114	357.72114659709047	247.37275268355873	262.0003606002048	542.836218517895	573.1544070126284	347.83989163125756	333.2515655585308	614.085235865693	375.32715306531105	304.9484542644098	183.07055986836443	261.0614109309815	433.73693164683084	323.4879473133504	321.34383096674406	228.80697290525404	417.3854132207971	435.8112709785907	329.7794580493657	249.95316214146726	193.24359024971739	445.74323242331104	400.364017189196	286.78366596546414	358.38200742571803	140.408219064607	360.8749355546107	135.4255450003824	327.0982956278344	186.60421931962043	186.0565742029882	343.69157456815407	211.86278417915508	432.43188380803474	349.0389348230213	133.50997290867036	381.8346326502655	257.4522445404502	214.62638538904955	295.8613981167377	170.2104931132183	448.53255361980723	336.73075704548074	286.37763789679843	269.8325409941419	303.3972617849938	436.43451351152623	324.38747708572595	333.1225894475558	335.6159415700852	490.5965145276273	137.36603135987465	369.9455587435307	466.5653544806313	158.42127790976178	221.2993170482346	367.2882170205267	236.5988444383059	221.92600636011915	396.2468904123031	239.77999925513873	450.8262761357108	555.7032899133086	242.69647471681085	407.81105960467664	178.60500259073382	108.48664673359666	312.99245917674875	123.52720533904163	271.9061840651058	372.2514125471201	317.1393664286134	248.46725844791888	353.4279851787015	165.02428010047979	107.85798027934895	239.55354976128203	229.1024815007732	321.13603629104495	267.40434395858455	450.5685064832805	183.32111520494269	137.11623495578863	301.55674471652185	247.13162025378983	196.63399840906501	914.3507629619598	955.1963218318934	494.03968706624977	463.9402444336643	447.5622873531658	509.19902360748205	311.5686265648885	177.45013812170086	310.91256126359207	353.4042549625077	527.6628094160794	470.9919637588356	206.28883653673563	493.6106263776645	353.90063670218126	317.55533638671625	329.06249834034986	265.1102520904621	410.66638733008637	264.81515445298993	597.1918645311838	263.79862003766834	284.52124191446933	632.8155626074835	421.46463944608485	1526.4812421299032
PWY-5179	305.7024818169171	215.12716192070295	158.5718938793387	168.46403624529677	150.05600882786771	113.78342917605973	111.5086647233568	155.3828339138766	930.3848660027137	311.2893316910843	132.08018628266268	74.89847464974625	241.93244213310857	339.2642275087142	201.16271527666925	231.50811578158846	166.87170469510514	421.5653632662585	301.2514956830215	184.9857843987612	175.79253334290527	141.6838830192349	351.557790902234	82.78715203792099	121.50695874849913	57.98154408772422	21.663214116303642	80.51065225720878	82.00982374379319	94.39865827134602	38.266569542691684	182.5219817147957	263.7782075449916	156.14608102221712	265.53215185767516	311.6895306708072	213.2065254238788	154.66461697558267	123.62519179010602	102.93076754374718	107.84298078636647	122.86764953484034	224.47302208268349	81.4968858337658	270.56675080557767	65.05000013152527	156.41045724958389	57.82856715202482	73.73954494761715	180.41705580311853	82.855773141198	405.81698635942104	139.22071610203588	92.17820239898572	411.48172774005593	98.11174647288881	59.06633607839476	479.0347670247334	66.38184880092237	26.130316068791853	548.8608321110524	118.60920910518723	377.06266608484935	120.317846181882	14.692518698399816	272.3150931874313	120.00298017205805	139.54072574948844	280.89299696580713	57.12993620872134	210.70062085580224	116.54405745080743	45.17395994398526	99.34450806342868	33.28979272581765	98.568697186431	227.45846320906784	24.500139939603912	121.2762855918758	235.81580419915477	88.92851019996957	149.77691151596278	222.9661048273135	79.7210818325293	22.09073113321166	153.69756765677337	80.08927328528651	328.6704934705579	311.2760040504257	119.11706424086633	116.24203704404974	419.8185508477596	129.7367748706331	50.70459126192886	79.41463505915172	76.01417599795231	260.0206832655141	120.34858447412797	498.3529201478623	101.6194730530528	70.05191416472469	112.33022962483042	330.97794114850984	78.69952331107339	621.3530644566758	369.71697404755423	332.23782806763916	411.3676935920025	276.1549768784783	396.5562615176668	248.06610827801174	142.72953782833446	296.44882733814717	374.2320049059018	451.1134570719414	594.1076623128594	175.57346921740762	268.55587314806246	361.5861246576269	263.44394461248885	225.7927930992726	334.54677038154205	389.0614034466644	213.39505936049957	553.6806544941255	389.01306499320134	162.99127725963777	1144.852703137867	261.2996669222904	820.6128929118793
PWY-5180	1001.3129148522376	853.0387502653028	935.670146693762	856.5162945819026	987.5267755665833	1007.3062899538447	904.5347812128427	950.7442434791159	4596.607806314025	1109.5307143258167	932.6006100720538	716.1018159490775	847.5976541555528	1878.327805573106	1199.4410942854045	631.6540776805803	662.2771331803011	1246.6086328004683	770.483263655866	685.6865294413508	718.826215623957	1205.7846794315585	1219.930494551775	975.2233048848606	908.4480182483788	1284.395843058456	739.2454410032739	675.1009221177466	1042.4247588353	620.3530139789195	895.8561204019974	678.8559541095622	826.7400531712173	964.4403658834148	1266.7125454227746	941.004682969561	748.8336434147545	753.3234484673706	785.7936051160132	1246.3687592250851	820.1525822587396	769.7400775416749	936.5388177514462	580.6210667582122	832.3043308803955	506.38616167037867	881.0594711165259	918.002463021186	485.3247199259442	843.2353610638488	719.2841303898672	1235.7612271601868	795.6335043395709	593.0595184612505	836.398612405317	601.4003175971402	640.4105876146456	773.8658299658808	616.2242926757381	1223.1719256917406	881.0648013613893	652.1765859977718	627.9121144418884	790.1798006077571	837.9109395683017	781.0166057852007	789.9923128411032	1013.4016452363718	1083.7134986305816	524.8731890209335	827.0810125955613	925.661133339219	594.0983962728567	555.0176648984251	882.4219851747554	557.9375244598508	553.9863711673281	726.9708333935334	573.2374863781098	837.1215488800417	1159.954142532738	573.6349722333323	937.4661240797869	541.0141354895475	523.1113599853389	686.9136927296448	615.6966398901276	789.5025746397363	963.5889620781231	864.4329232610968	648.8503224137763	971.2964236949659	686.3078025698637	596.314562636945	732.245144471577	699.2612602062983	1079.3550527931866	577.486846301274	1613.0370546515312	774.1271115149556	524.8825890038295	835.2115545377033	733.7108399971112	604.0632504663726	2642.2590930758383	1977.171577146923	1086.2449224169172	1172.165534626537	1010.2779181806928	1273.9044498787741	700.6512008187798	420.2912460562355	690.7061917927193	1043.2314880754298	1262.6788426304252	1403.7281348030094	602.8576680802958	1210.877386397058	788.6849303775575	832.0988323719533	922.7029571066508	713.9272324511659	912.3873053755837	722.1507681876506	1350.2141714667707	786.6681725313125	623.1170522476823	2033.329764985678	909.1166563584633	4430.934387617567
PWY-5182	1001.3129148522376	853.0387502653028	935.670146693762	856.5162945819026	987.5267755665833	1007.3062899538447	904.5347812128427	950.7442434791159	4596.607806314025	1109.5307143258167	932.6006100720538	716.1018159490775	847.5976541555528	1878.327805573106	1199.4410942854045	631.6540776805803	662.2771331803011	1246.6086328004683	770.483263655866	685.6865294413508	718.826215623957	1205.7846794315585	1219.930494551775	975.2233048848606	908.4480182483788	1284.395843058456	739.2454410032739	675.1009221177466	1042.4247588353	620.3530139789195	895.8561204019974	678.8559541095622	826.7400531712173	964.4403658834148	1266.7125454227746	941.004682969561	748.8336434147545	753.3234484673706	785.7936051160132	1246.3687592250851	820.1525822587396	769.7400775416749	936.5388177514462	580.6210667582122	832.3043308803955	506.38616167037867	881.0594711165259	918.002463021186	485.3247199259442	843.2353610638488	719.2841303898672	1235.7612271601868	795.6335043395709	593.0595184612505	836.398612405317	601.4003175971402	640.4105876146456	773.8658299658808	616.2242926757381	1223.1719256917406	881.0648013613893	652.1765859977718	627.9121144418884	790.1798006077571	837.9109395683017	781.0166057852007	789.9923128411032	1013.4016452363718	1083.7134986305816	524.8731890209335	827.0810125955613	925.661133339219	594.0983962728567	555.0176648984251	882.4219851747554	557.9375244598508	553.9863711673281	726.9708333935334	573.2374863781098	837.1215488800417	1159.954142532738	573.6349722333323	937.4661240797869	541.0141354895475	523.1113599853389	686.9136927296448	615.6966398901276	789.5025746397363	963.5889620781231	864.4329232610968	648.8503224137763	971.2964236949659	686.3078025698637	596.314562636945	732.245144471577	699.2612602062983	1079.3550527931866	577.486846301274	1613.0370546515312	774.1271115149556	524.8825890038295	835.2115545377033	733.7108399971112	604.0632504663726	2642.2590930758383	1977.171577146923	1086.2449224169172	1172.165534626537	1010.2779181806928	1273.9044498787741	700.6512008187798	420.2912460562355	690.7061917927193	1043.2314880754298	1262.6788426304252	1403.7281348030094	602.8576680802958	1210.877386397058	788.6849303775575	832.0988323719533	922.7029571066508	713.9272324511659	912.3873053755837	722.1507681876506	1350.2141714667707	786.6681725313125	623.1170522476823	2033.329764985678	909.1166563584633	4430.934387617567
PWY-5188	10129.185731602349	8339.742382824264	11753.517306137615	10144.94422455278	9910.53761169436	8280.295393380791	10319.443090029981	10398.599912097601	6725.59920032346	10452.322037107766	8214.16237877867	10216.404566552526	8973.20310200687	9283.930240824844	8241.35879642371	14862.758773891228	11637.815575963647	13193.016626725946	13037.892731225083	9733.284212935758	9434.698296253613	6561.731620231479	10294.226484511288	11429.12110703798	9706.805470300145	4534.9313897667535	7741.973962950393	10324.273342609722	6925.077053675235	5438.717763920459	6660.5531240829405	11140.355231755784	10110.32418715565	8282.130400187161	9861.488527714286	10287.358798802632	8751.92248863452	8170.19783375003	8896.792024457074	9871.910163222445	11750.568709632218	11547.73591646611	12901.45831349753	4269.804898684665	4111.838744825063	5050.486707266156	4954.065820735545	2931.3419969679085	4539.872353893491	4885.326918637034	5965.247334511888	7688.930473710457	6863.601489084562	5822.839870549021	7731.466220586541	7961.369179891273	5794.640244083021	6542.4802487923125	6743.25637476842	5469.978497716762	8504.091077866042	9163.948385097568	5828.718398810473	8721.177804329982	4203.483675921464	8922.382659633886	7384.321450961269	8947.138644669085	5980.841164123652	5257.4192703754425	4567.6943982760085	5127.844098572638	4606.052040603137	5815.995959174448	6411.815401382766	7510.458257785791	5327.055651172255	5287.483593122764	6760.110608422844	6570.659732389586	5724.095774256607	7450.219709709514	5243.0396810290395	4723.4087876933445	3253.034950721143	4312.14384718915	4550.557665832504	6776.9267608261225	6937.151576215024	7011.833520664389	8552.642798168294	9243.746953676144	5258.203555356403	4684.397812506259	3532.7342656373357	7265.249763376154	5092.785971313925	5958.234290724779	6259.963858826397	7647.885604710523	3989.999495128114	4854.7620683949235	5198.7542084964525	5849.931749590535	4899.98764470883	22028.52894525027	11281.48773197536	12571.668201247889	9478.074732010427	11742.291240327173	10878.893491787894	4943.880386726525	12530.014660651112	7585.789095584051	14584.17167266947	10679.387647951206	8982.674483187833	9031.302725822676	10291.513301798179	7330.490971121421	11010.798577995536	8832.806726058823	13803.47530426336	7368.035059071278	16910.320178039277	7115.746720009246	9229.952015657587	20217.132570344947	14601.372224962859	8030.312738984603
PWY-5189	9645.032759908172	7917.473934388252	11225.64927951733	9660.953230424986	9450.342276732741	7888.2777416314775	9837.740731093925	9896.557227246209	6386.37132790457	9967.97612729401	7757.09315978116	9791.979883262848	8538.505617708828	8742.526172900185	7788.360835086659	14418.416395612212	11161.839303630197	12734.8519846033	12582.208657153278	9361.412086626979	8990.521624977204	6167.508024898451	9774.267542396881	10894.61943903257	9256.098031461124	4219.099677980222	7320.513459310136	9874.490238959592	6534.41820223216	5071.9670747417595	6277.198091480354	10692.430284115366	9725.207961775564	7906.005624281273	9330.446398211529	9784.918148835603	8325.055396608588	7732.215837394096	8370.271780037214	9407.761615994626	11244.242971096799	11055.558735344788	12307.134668870585	4010.8516835336663	3845.160653565109	4759.03259402789	4646.084263928039	2724.750141080474	4285.7923188524455	4585.234913637951	5600.102154923594	7214.377752225992	6416.729153829368	5523.883397010242	7302.293526867327	7584.148159132827	5465.749749299705	6205.583264979513	6372.041125430992	5147.939114627773	8071.272691001293	8684.575925185789	5521.891924530019	8290.171311943077	3920.873219642699	8516.907947883097	6923.039599457021	8434.236289213277	5639.768887253383	4963.973304394584	4296.023396834014	4797.025817045546	4351.045053457572	5494.9536884484205	6011.647630895715	7147.589622853035	5046.444200028092	4957.6419618488535	6425.118431661908	6186.413454420216	5365.510704779192	7098.129752102359	4935.243503871998	4435.227731124452	3026.242574999284	4096.061213662416	4293.980780685018	6424.039174375118	6599.362105791578	6665.333404947246	8141.738972952045	8827.867737822822	4978.02531465711	4436.313773663434	3306.87228490169	6912.376939717621	4843.168011672853	5605.513433522617	5956.617491907612	7263.983801793768	3749.8971159126045	4587.7958025310345	4911.952383264301	5548.052394951997	4634.501851984427	20878.785556935807	10743.75967166556	12003.374385130614	9049.966441910788	11133.070138439556	10424.919299980123	4710.879863436076	12031.553768984537	7153.543485760606	13873.455843791602	10084.532261774239	8615.880886020466	8516.692439450257	9837.117242179931	6950.668082805672	10461.767562275578	8380.84492618324	13221.568068787628	6943.063914804528	16200.036355289481	6738.250952812373	8859.565117527454	19307.36507336454	13961.393298697594	7614.164142022326
PWY-5265	877.5459129464864	310.4853470527614	528.1983336560818	604.4861299107565	727.907787888401	189.67514373216846	794.6680864023629	902.463872905909	3850.919385399843	674.6105634165149	540.2180506602388	277.9054296829061	784.7365640917316	448.67369699008833	505.9074123790938	872.7221444973468	876.0169655144841	461.79925586304984	428.526454484519	942.9364015672801	933.4952550336616	186.50833103563718	769.9160475689459	520.4648559570562	229.58858199466312	98.71062038159754	75.4911961384786	721.2291629033496	185.98098064277087	836.7252122647219	120.82488987002684	922.3825071459684	1546.9725724824325	242.0269169356816	1234.2343244248004	971.6838315946427	1073.851671289135	467.6634546683548	502.5402309550488	410.2405817727665	633.0859666799241	674.1202293104218	607.9207797133838	197.16441612089952	563.6481487220941	206.7938904339033	367.34846393946776	358.4576187980394	175.22116154060524	660.0075713060806	109.70148851286477	1411.0865132016281	367.69809144258204	211.43270276387082	481.26969495065157	351.9518918778976	316.9177295432803	453.10124254517467	281.2939018785184	112.74797146566569	388.38126233556534	655.512254515843	635.1253537128734	629.613054033005	27.568705408478916	1611.6504818872381	484.0700274087192	562.1766490011294	625.7278590047744	79.45267809627707	222.58340163024388	108.58129705022445	58.07417468381179	405.24614724425743	52.0246828102482	438.5223639862442	586.9801159383601	47.552893731981335	289.9563101002799	352.6503040390436	140.51511590273918	798.9004025681828	709.5911332942633	68.922514688384	53.9133477579643	260.97999697379635	128.76473494405656	449.1632154822713	1782.8767675799909	682.5764160547669	346.14294237132674	1245.736657848861	336.08593795595476	38.22629764133582	28.242839270991468	228.4210476176449	905.7218134205299	131.35026611884484	953.4573315861934	401.1480789820065	228.61485428364517	49.1034616275141	384.50305780762403	232.47122848661328	2943.597712844505	2402.2067606047435	1024.593208736071	1681.7054124151946	351.78160326245086	3135.3195494953043	1358.470765313126	542.3664429026661	1656.3788910377532	635.9769104123826	1794.7903200006874	3545.426711920074	720.767025259732	3029.321072815088	1627.303666751896	367.30991725817614	1218.752629123624	1575.4745601980642	1200.891559699561	1458.9226796585283	2300.1839125776332	876.9584342805621	837.8621485589772	3033.1265064691447	2098.3853682425374	5383.145756005457
PWY-5304	1673.7799999999997	1329.8399999999997	1436.63	1577.01	1579.35	1297.6000000000001	1405.88	1982.7799999999995	1378.54	958.7399999999998	1737.43	1321.5700000000002	1460.22	1596.2500000000005	1496.08	978.7499999999997	1271.11	388.21000000000004	740.66	1456.8799999999999	1218.8099999999997	1117.57	1348.12	1725.0000000000005	1673.9500000000005	858.4300000000001	723.69	817.0500000000003	3075.7900000000004	719.45	728.2399999999999	713.06	1430.65	2763.19	999.4899999999998	1034.8	1109.3400000000001	1607.2599999999998	2769.2	1323.83	1079.37	2404.6200000000003	2121.32	1469.23	1035.83	1193.11	1027.2	2173.04	1060.26	1112.48	1853.6800000000003	1132.06	940.83	1754.66	962.85	1350.1699999999998	1516.2800000000002	630.49	1309.27	2439.1699999999996	959.7699999999999	1659.23	533.47	1616.33	568.25	1425.1299999999999	1998.35	2392.98	724.72	1128.0600000000002	1085.17	690.13	1479.6599999999999	1267.78	779.74	1519.8300000000002	1035.74	803.74	1395.49	1814.8499999999997	899.22	1348.63	821.9999999999999	1326.55	1346.84	578.14	1316.7600000000002	1414.3700000000003	731.0500000000001	744.3100000000001	1327.5700000000002	1376.17	998.77	960.55	1145.7900000000002	973.63	894.08	1172.0500000000002	992.6300000000002	1631.9799999999998	990.3699999999998	1664.52	1015.5099999999996	1031.91	637.4300000000001	2210.78	1950.23	1184.9099999999999	1681.0600000000002	1698.02	1318.04	451.54999999999995	1340.0700000000002	904.55	2470.0	994.28	1386.13	846.11	1750.9900000000002	761.17	2972.46	779.89	1926.31	841.7899999999998	2335.34	582.8900000000001	1156.5699999999997	1822.91	1801.6299999999997	829.4300000000002
PWY-5345	16810.7956422114	14165.856590327814	19550.94159722722	17048.490243572127	16144.77234270484	13828.457765003483	17005.852099628337	17463.21805246304	10362.021354000939	17353.430591311317	14138.584850468902	17124.35856681303	15119.150006543003	16706.478331738897	15704.471547221263	22445.023652096585	18458.702794456327	20430.22829859259	20586.27015405114	15576.851646064162	15750.805000381411	11438.133384470362	16911.054808666675	18514.791677397276	16008.348291494329	8074.595503691336	13616.107526053542	17380.452584552822	10621.154933313788	10452.966659288628	12459.42952198163	18014.870852492153	15600.491746750065	12539.49755118897	16418.51163387711	16988.667908802687	15158.077745215562	13422.225162120216	16081.160152112598	16651.080552555082	18983.65848858942	19016.65355976356	21230.834821200937	7077.798359526386	7939.04540359898	8908.895020180154	8861.992941682267	5310.997304827793	7834.767398392001	8840.192169213937	10570.135211429015	13882.46966069755	13335.377322187112	9695.551506266173	13758.105114779777	13435.641516536774	10378.557228963295	11457.669134405978	11900.132491388293	9342.265031954727	14810.244060792178	16071.215320242607	10138.092789836372	15146.309800124289	7188.521073113003	14575.153506269031	13838.179994508264	16173.247302288199	10678.061516866743	9299.858746630292	8436.150201192591	9750.80735127882	7448.419155642583	10573.307285493816	11883.844148050333	12943.15101423733	9447.169199116026	9759.470466542294	11539.092380522095	11993.408251619616	9809.750560670294	12415.905559991377	9070.127984811541	8440.681886311198	6382.486641518559	6974.922230388085	8219.05967248046	12158.40946585301	11042.441803860402	11331.978965525721	14281.776880399597	15349.64181354528	9518.7082335636	7170.768358009285	6762.919219682566	11597.090136025583	8507.306784440638	11028.671201651652	10658.053147517798	12503.847401152554	7513.486822744578	8383.254690201506	9189.216006730388	10046.284949706996	8387.959471313747	37111.76889313174	18489.888121812288	20866.65568288912	15145.710211974325	19837.928187382957	17226.524763199308	8009.407242420444	19832.708340819845	13571.022997352497	23859.68280683469	17866.689117312322	13959.385669026251	14593.187500571057	16408.310137493354	12379.309346706099	18610.865036239284	15010.82088368986	22234.813014159332	12461.258085494099	26722.202758857507	12266.547420548892	15176.687427531913	33374.07539240674	24583.14021744465	12644.54846352456
PWY-5347	15885.571800189044	14438.431586649725	17123.958046628377	15583.308841935836	15232.982432061954	14223.19305811852	15956.720989774187	16531.9179998965	12986.53147774815	17549.547995763107	19108.200429469114	14930.481852735624	15746.504797495942	26090.211139176776	22245.864731681548	14569.046033988698	16174.477339178682	15688.195342271281	15441.496676975461	13186.834329506111	15622.862006951267	19888.003223457188	19162.902812255932	17997.825116522083	16803.376338956026	20219.66399592038	15243.268112918206	14847.590743069653	13855.33189570663	17134.230968502376	17169.52839485688	15012.5679287385	13293.945770469232	14039.866468771983	19198.30982165614	17691.475372061584	15856.906449504902	18174.49638590726	20072.910644390904	16801.357712060413	16611.950742213925	15529.726627886988	21021.72107189444	12298.085964074055	13529.661626954312	11293.335422436714	14412.39995546466	14285.729070512083	9384.293639869195	14137.808283435506	14675.528995330205	19170.278611960042	18454.062934831298	11730.87482393872	15808.046997345598	12311.636548478933	11990.622546782954	12125.126559920074	14258.71075086619	17004.87458835386	15167.592472744622	16382.108806015094	10648.940578960044	15302.214505928894	14670.611787835127	13703.234264969626	16802.696683198246	18080.621532237372	14640.72483328167	13539.92600228162	10103.206501073993	14922.998886944699	11276.458133399905	11733.675203387027	16386.139936461823	12302.032317677558	10373.893547982672	13449.274363747443	11864.595304248789	13328.138865481453	15438.91026470307	11767.959481200107	14332.068728142338	10951.356804875979	10503.230641739014	9603.41124427997	10618.93134350631	12323.469222951762	12850.037416975407	12448.877994523154	14277.068355395488	13375.119812471916	10217.767068975267	12372.066681636108	11602.604150140049	12440.797624935038	10175.303741450934	12774.231145189176	12097.044453706068	13869.792806589356	11043.206907981927	11565.795620974226	10190.634757851465	12567.857186780522	9143.125508131627	40924.367405651145	20452.064482237878	19714.93187200615	16157.134753694629	22158.949568915854	15842.165884907503	8650.439839410103	17372.1276439189	16837.001642044423	25534.699481374217	22537.79033914794	13460.109979400102	21111.435284105875	16577.709278240407	14498.557014795471	19411.651397905254	15966.984152072375	20125.95608888894	16713.725375935996	25133.963568359326	13866.889296330964	12702.524690515229	32147.898416901608	21177.571439636016	13809.720636009153
PWY-5384	11764.493362764568	9544.591595473776	14134.39544879418	12008.781468186407	11556.861178447296	9451.724571965324	12004.358766207095	12004.860516803228	5221.7908686748215	12175.119721513563	8468.9041120375	12345.256011397329	10142.78244960644	9923.082435345728	9448.953364035367	18001.792221996227	13508.180756727364	16085.646118700288	15968.946027101898	11455.282636147585	10753.320197330318	6465.182669242901	11282.309948222482	13060.778419283657	10854.785534757659	4123.809436395245	9043.050203248507	12719.806304900587	6162.247865293671	6038.910013085439	7663.444479049452	13505.842615761574	11446.303792775097	7779.715051759529	10854.724863441086	11614.013293054317	10178.86819428445	7987.746316934647	9692.107179583953	11659.005225373172	13921.593020639428	13876.045903559978	14733.789907442135	3794.699078876781	4535.578426557752	5464.1306623449445	5144.239187531291	2207.678488553284	4894.86986376544	5085.206008817667	6143.0631216322045	8582.944520315874	8234.482214991893	6151.88908219488	9128.214617183941	9447.681239821624	6645.4490316758975	7897.641730248647	7447.044007584833	4919.931741640212	10326.255131592228	10863.295302033937	7006.089759000738	10155.838124545531	3921.306256445102	10351.964517427203	8487.33399035673	10671.959710617957	6692.493536928282	5468.420090982483	5339.051194139401	5815.650858267183	4169.627143479217	6835.756288776304	7361.669398023851	8973.87516039621	6126.041589046037	6035.9482285788135	7851.14919660525	7650.515982440193	5817.559208425612	8681.370975294843	5400.120109016831	4917.917395873926	3249.65025164655	4331.3472788500485	4685.229181000231	8183.504796901784	7356.038355568255	7684.1426172090105	9848.435602973175	10983.011855391827	5959.631700946278	3991.7849713104197	3684.737597713903	7661.287570495534	5621.477860040829	7173.162908668412	7288.079805648924	8171.804566085026	4243.872957350681	4906.900835362557	5905.873389443803	6280.214342344461	4173.182933406633	25003.061302812926	12089.350239171266	14926.399818006441	10332.455149915158	13272.50444023389	12407.919068888708	5466.327897833492	14412.984361785371	8719.294239782192	15760.135685283463	11489.949038381652	9767.515363989616	8867.171097373257	11342.739401860998	8157.339432182082	12179.937158741272	10207.642787523251	16039.7835402138	7753.478229381514	18969.697405307685	8178.511209532191	11252.871837089451	23949.6607568929	17518.107532715803	6180.830674113267
PWY-5415	438.18906971320916	245.63683023708973	150.84787863184044	178.84491336783276	140.96828865447213	102.37806972441764	111.63930964832302	154.97977307987517	833.0591480565781	301.6757473615464	131.1640098490844	67.97720184828064	257.08643759228454	307.30759677378353	201.98703946184972	240.25374354303239	336.2251137187571	401.8667965266587	368.44546172272896	385.91531329872606	231.9382371999822	126.58224989178456	362.5073797532132	74.92563142640931	122.83168687813733	49.43792881060572	18.516957142475093	76.56761461403744	92.89648874205915	85.54228536744603	32.729522815865195	185.08093415226324	292.6847490476671	335.47122734989574	247.56907892071155	412.08165619081234	252.46197871246747	201.85301196147958	214.14004924229835	89.10379164617757	100.97416496550365	130.68869846657688	278.0830440731835	110.22533823052989	268.94091157554783	73.24754352930995	143.61103187784184	58.33340783722792	75.85378036621974	175.51379343427288	87.46390546461967	398.8857791805485	127.66708731213993	190.67805537564163	463.06656029156414	100.09200455577373	56.43742736423825	552.3803502482707	70.92049200740554	22.296506947999912	703.1923887352791	122.93603313590589	434.98033453665056	124.17591979418079	12.408527650946768	307.90927441184294	119.31414643235074	128.5585905499745	263.968445454711	62.27453562696556	198.23914374994007	103.27899477294656	44.64821970516632	103.73278648191018	28.280419639712765	93.63162554439606	312.7362482523085	20.939025583887066	124.14380786188458	251.24022580697678	76.90778586260346	160.08875593752333	214.54248835064075	87.23640131075938	20.81427034674953	146.41545369844422	143.73680548702748	391.58397607160333	326.54542392292615	107.86952807484327	125.59198670072057	754.093953660625	335.2829428259245	58.93247742368012	79.41156278428114	76.64712925082844	238.42375721309847	125.54266274015745	460.41291437069975	123.52649183569262	82.43919173367277	106.56338324777093	369.01019845140644	83.44347071054882	560.006392416968	354.68362811132215	414.62730962066416	416.74651872960186	274.1091394140374	416.582410766303	352.6272101226967	156.13519285854403	533.6549867213703	369.6428756177471	728.208069702165	607.6067250089388	431.85221897444814	254.67688310807816	604.0422252734944	265.76308248879184	313.05337974755264	450.7770137389687	638.4521969900795	227.1272214460811	769.0969731484211	417.58583823237876	160.33534181242786	1236.630759060845	272.15271310734573	727.2947738095452
PWY-5419	457.50567638530924	328.0979571805037	385.5547203554383	300.9890125753149	379.39650145627036	413.5763543669259	244.6402730650269	314.9687445435706	1915.4894296027373	656.0006211709307	309.7903238361375	269.09415628986915	424.9291664905019	1078.3740194815311	445.6643827824911	379.04925239193614	335.9494450771542	816.240314378053	455.0761966786827	380.40367636834264	293.39937286698444	580.4668573434285	645.3791941090938	310.91237846823253	270.8169436564188	619.5155922803943	242.3063025435132	220.26596288151367	161.9147124349792	320.00346803784373	389.1219444586924	351.72470885856984	417.59084582364704	353.63278600397774	668.1454516342214	503.65203038688895	345.86933570672375	272.0826459138284	250.35668279584547	640.5362095694112	314.28942000144366	236.60415948659244	379.6476077126774	151.56822183105726	489.81733321574876	122.3638121287277	456.86070234191925	137.85143653388894	154.45878135163522	393.25013286059743	173.72219503104154	722.6931129416096	403.54615161917366	198.92977615672189	575.7784241378229	207.19709900875566	159.35005516187414	567.3798062531193	139.90995464164158	314.63987833955076	646.6361073010003	240.04247493075815	458.10575079402753	250.10393090260837	298.4386894044231	410.31981315414373	262.0965450040504	383.9896304666179	660.9706667343096	117.0813694373259	397.4762500969776	483.88324786951637	116.9757133411932	191.2582045160881	415.8133950474004	247.4773393592318	331.8561496741378	265.0904777101029	237.68450178454796	382.9616652938918	596.7592753121643	260.32622813174885	501.13265082164486	154.92433003013232	72.07018513809128	374.6090088157352	163.4159890440185	408.31882260951505	518.0650770545144	403.4935193408753	221.0558371455229	574.9138219698117	281.6229560690502	99.30912792449554	182.62221022588878	177.95611271927848	659.4899188854298	224.20664265546796	876.532441300242	182.40989325701892	129.600183845432	294.04740682882965	420.72081386160966	163.87290854209198	862.1747986074153	908.016495468152	547.0524580322308	710.1877264753474	564.7192031192653	656.4281151104634	409.1031292156009	234.22458873962245	489.0795064386083	665.7901117332341	760.323488140475	937.4677688762157	351.26495149677277	646.0610103556195	565.9745889751222	483.74983729664245	381.2479568357043	455.17659890655653	622.4349655846456	361.02942452445416	872.7270747852261	536.9268245091405	336.6814661037092	1457.7756757305488	471.5395015826735	1416.114006362042
PWY-5420	616.0642262863113	460.36903273520227	532.5637458924642	428.06896749981235	529.2947823644786	575.1322227341576	364.91553291129094	454.3462177269247	2602.593046717508	843.2994607587202	453.78001894964274	383.7021123434719	571.844676271881	1389.877418077144	636.2390122310759	483.2114577068454	454.1353729499521	1004.2146801044347	583.8698107869857	500.5348605796599	413.5669511397565	786.8969687266336	854.5631983464809	454.15186583855984	402.73873347936126	829.736188434917	352.3939653937339	319.2969938762422	259.0563844419447	426.5693548409038	538.0758154067162	468.1626074542864	560.284114526899	511.33177880012914	877.9474012986543	666.742910124337	474.60637291081036	395.64697212048577	368.6783955883469	842.860796122136	444.92152795152003	345.18502034761946	537.1040915701116	230.42404946289747	623.0737818672118	186.87090597357962	604.9256113340115	218.8613861533737	226.4505235627906	533.1428057862178	265.30353428552337	916.8755525069217	532.5607622320337	290.8424996499023	705.1469202552149	298.3637020262554	239.72177850394058	678.5694094619924	215.88523473152745	474.86287967583644	773.9898789851218	343.0085650931552	548.0245712019372	366.39999867110913	428.08792446279006	540.7855951357955	376.5974980551515	531.7950975130047	836.0799873451408	181.84212252455436	521.3130270906821	633.5893629598015	183.85456324006412	274.6726011634216	559.6674516200972	340.13165963536534	424.46579611422965	376.6753725519903	332.2437845578623	512.5477988646197	788.1117450348016	356.54382021692413	660.4780664121203	231.17220399118912	115.84198337457578	495.2763576553631	246.3635382944497	527.8002121573086	680.8680076940509	547.4116942798794	321.5994142496763	714.4520423289558	386.5867006325603	158.9066971069142	274.87409780729894	270.79911543738575	827.4861105610706	312.925903751067	1121.4746823650373	279.74705436915315	197.48688351699525	422.51046574550986	534.3887606371383	247.69607904710188	1224.9327156788177	1244.1207038214295	741.1032861122014	901.9144074997877	744.038759936144	868.2279659148728	535.6731009418919	309.5826002691996	611.0043836589064	831.0225325328811	985.3453888798714	1162.1481454431555	462.73225766489804	855.9481814322019	702.5358406460196	626.8026911733987	536.1866199527418	576.4726963260149	779.0450230901339	488.0052067299304	1108.799998779814	662.0115689049613	443.17658688701846	1769.0280416631765	629.0488940066987	2019.8569631004477
PWY-5484	20617.628991570276	18469.020176959133	22430.021424690127	20225.217961179176	19602.19235242118	18178.046022281695	20623.23472568954	21318.942187176333	18279.919708804275	22812.7331070492	23828.37660196133	19660.646074032098	20221.688941127013	32731.041520831684	28060.69876390494	20337.994033969662	21293.61462776232	21485.710110089065	21238.94328180951	17617.973236482085	20207.383320171608	24720.88010438285	24420.968493814566	22997.97195784727	21434.75519464453	24913.228953778358	19345.794224245805	19694.5885829326	18059.989822113363	21319.84373410706	21616.046919484404	20078.87930147046	17583.698888539315	18164.674690432745	24385.37217556879	22823.667432556762	20533.460716638292	22668.76486615729	25287.32636187243	21715.899122686373	21731.531399206655	20257.16442387701	27037.17050616318	15542.378694313198	17049.312058305713	14114.469070632767	17993.936366807793	18576.6500205539	11707.737424791698	17782.15393880006	18474.54222076953	24196.89599662872	23097.460145386558	14813.252508237701	20330.161232419217	15925.573840838091	15045.668045823264	15955.95022789844	17931.563732035193	21785.867609120127	20015.8360942603	20958.93329778057	13950.104974686703	19674.456466482552	17940.661099283356	17910.80412017694	20987.00861982579	22780.65796347481	18570.49105032123	16993.82445238091	12802.0672240946	18592.141016813082	14296.442979584568	14911.265691717494	20471.479835778046	15895.960420839405	13396.338236073792	16737.21963220967	15154.306534641071	16822.41479779341	19098.839698891203	15211.743359541766	17959.16486100885	13755.162813830344	13336.253438504331	12130.891030711247	13651.132825711009	16020.514112052	16586.564092651366	15882.512398569115	18332.52989612783	18122.169820392082	13224.96953168793	15484.939505067705	14783.636333846078	15659.150866295968	13077.295441608601	16074.516228088349	15766.674716214897	17436.70614252998	13966.379344088464	14694.425013466396	13081.217997364407	15841.018196522644	12825.09978068223	52266.47781087133	26230.42125387115	25981.321647137305	20698.850409510505	28633.852162425963	20819.3476314406	11165.40212941925	23245.29592370513	21465.231145930986	32849.97937651406	28981.8501340421	17567.589229943635	26982.53880210011	21694.60088371441	18516.707578434183	24739.945429284544	20782.715642191644	26643.0389834957	21093.77479802488	33046.218920372245	17936.06482333097	16940.98114457274	42753.89870554988	28196.018382562383	19678.531046857708
PWY-5505	18060.68429136594	16698.63514924104	19176.76035529835	17712.491511424832	17204.507809308063	16350.594030817228	18125.93466825841	18879.514596287907	13360.372835009235	20275.63517673392	23401.102106084287	16432.969100067337	18219.95028505626	32669.023503773566	27579.59465395061	14868.944697249675	18043.151195997107	16642.1760743421	16598.31325429808	14569.345210129024	17932.096033727532	25438.617292699015	22729.768553801143	20414.080803628465	19630.1756380013	26889.240515610498	18339.94800238139	16516.383615539533	18191.110195315192	21849.18677273391	21234.223450635393	16758.808218931896	14891.572526675443	17551.548600875907	22878.11618517134	20465.34285177355	18248.30773577873	22231.609620786992	24042.268666719498	19180.60282560369	18543.842732728095	16675.602137155925	24306.825211180727	16066.94333424773	17339.078116023324	13714.731159807516	18300.78916000425	20653.2944865619	11180.668586712522	18018.828502978966	18758.932746668343	23537.39448489305	23101.834209271743	14192.665715006744	18981.830448253662	14083.062623571994	14199.975556522133	14077.049302515386	17440.399663874523	22968.811003971285	17519.080417261546	19265.809131332357	12412.737298494496	17691.80647901477	19094.988631800796	15481.80329188826	20419.495297776768	21556.556990700577	17944.3000668932	17023.846586168926	11987.07275838223	18769.16319524759	14350.440319445872	13985.304832292946	20421.83709861652	13827.431024762736	12175.091762924942	16789.09399998396	13855.542872817496	15767.268767263815	19391.58491217604	13669.850679164989	17986.0475577597	13611.181788593038	14068.45462592272	11757.483134585413	13472.614314083608	14203.142669606994	15215.853898553918	14743.317493554365	16558.019559620163	14724.578483851696	12017.565911453983	15946.2400825689	15364.906519682814	14551.161624151364	11836.24476279857	15435.259984176013	13660.65953278774	16466.131749660137	14098.935173620783	14612.322133823378	11859.22207280084	15145.748733102504	8320.992322115875	48627.17320875026	24127.48476418998	22262.670350351887	18871.443033210562	26219.623300158328	17821.707279251135	10218.230932100174	19405.196343742078	20359.939159486636	29820.702202376193	27020.136775483068	15289.652311514765	25899.887083968257	18683.199252910556	17376.86900634939	22408.44873617197	18875.609883131576	22727.10036846904	20615.86404034865	27935.361265484964	16397.43930925519	13533.388113088711	36642.34633332574	23350.245321987382	12237.028049019164
PWY-5509	11834.708575307895	10866.310146473594	13083.918340295813	11845.638446404015	11506.007017686223	10794.36333627295	12244.148300611523	12145.160768699625	9800.051851444858	14136.55889284306	14894.169182028118	11276.202448941058	12139.52761238268	21023.51213049156	17849.739134528216	11349.40680732661	12667.057032444438	12989.944523485641	12463.994336456693	10038.978318604713	12257.909972823976	16238.258607760421	15548.99465173499	13872.416570086827	13001.78983731549	16631.208855509387	12434.166375205377	11919.440103817136	10658.44531661263	14028.552473335545	13951.153936710763	12243.799107292558	10031.256164453314	10514.195049101783	15520.013509557588	14243.275067967472	12633.395843139579	14222.748738853878	15254.939821237527	13063.88720316028	13254.855093226246	11043.867898856468	16172.435822603496	9703.616197252464	10857.725091226284	8680.145095548594	11612.484381680637	11224.483057727288	7068.19921864887	11329.309320695056	11376.022536778952	15309.525829091379	14965.62054192139	8866.760898733139	12747.92584103534	9378.665253966468	8920.02250817347	9777.259489134263	11117.493154727717	13301.965482006715	12043.07521870299	12608.932031019905	8657.615526345255	11658.581962068236	12077.44933028653	10592.279809033376	12673.224965662295	13270.642830702378	11890.955857949171	10736.255336087166	7612.0571238340835	12173.30632472157	8838.125390018582	8915.970463980551	13311.434759862057	9171.85312078055	7917.458718848028	10870.030759076419	9065.517815934676	9687.07508153809	12582.797299121428	8918.732869425396	11608.968347534523	8399.176005042023	8207.899659017843	7739.955428590888	8313.639294329465	9023.853326622037	10412.097755147419	10056.841907934306	11096.789547683471	9837.925512210775	7579.318661372369	10126.089369596652	9134.592588256444	9741.972736961327	7904.936954388967	9802.737031328656	9306.536528729152	10469.06900588264	8778.854501576989	8803.830341562809	7696.582401041719	9893.501799452732	6577.650779132196	33481.77893303446	15896.712198286441	15904.865417763944	12345.520210139699	17615.287905306886	12382.605000677826	7042.4210319735375	13560.345837130206	13585.022561603022	19613.84878742166	18547.982482133288	10142.395845973882	17654.019655688975	12460.735257941871	11686.040717815626	14105.52674540522	12909.17679456227	15411.95509644151	13670.672078535583	19443.934473759015	11318.138622692248	9727.509706323963	25889.44333014167	16296.216400466705	10005.15076784549
PWY-5659	22811.553526332897	20118.623570302203	25431.02404171912	22716.37030793299	21813.78742887724	19805.384437331395	22971.927246680767	23665.785995163158	19437.700967197157	25005.873590755913	24941.189824824094	22149.767567114974	21882.14195900398	34520.61634469059	29693.305745276237	25637.85007168383	23908.5465725652	25465.55207584573	25255.25061927853	20022.93285758283	22106.0738004315	25785.753771777097	26288.587505765932	25343.650774167967	23260.71985491484	25680.394472743603	20952.158237632513	22530.823605639507	18605.772403807376	22205.037884004523	22884.129806139237	23116.51585050365	19972.35597107489	19050.31785627175	26199.329438147593	24741.361704718907	22289.1983775676	23591.507615796625	26628.87514814464	23939.653640759407	24644.515077649277	23240.119703245207	29561.562057770454	15955.223245564623	17810.532682785557	14928.74500423642	18821.96995046683	19034.281283375934	12379.583421594254	18612.36040052349	19282.840681021848	25582.3707171657	24489.633073052988	15656.097364896414	21863.53414483161	17832.489969408092	16151.651663142948	17316.67702511175	19091.916130086152	22611.93027225263	21768.805996538013	22911.031281627078	15181.282366957901	21533.038749459076	18499.422780517012	19876.93856671763	22370.644841621906	24674.10288079164	19709.43326302817	17682.53929444718	13850.665674603453	19613.722070146814	14761.96292896131	16112.729922945075	21722.592619023297	17566.275672682073	14402.75154305804	17750.696405447616	16527.662720274366	18122.371734098273	20098.84430007552	16862.855661495912	18778.19664667397	14400.643924015383	13855.162318774526	12758.31243174973	14268.019728069617	17544.79662995487	17768.874307271373	17228.593009448847	20070.120076563602	20378.40970435287	14347.298407989132	15944.562195027316	15345.50028573687	16812.709770305708	14090.324312206165	17240.58542288674	17226.2667229876	18657.337998706378	14582.43383075751	15517.01908286244	14076.54678921867	16745.582522106884	13648.435087247435	56509.11521687821	28074.16511278232	28939.402526878315	22270.24081752687	30885.106086126776	23042.725783023052	12041.823663003432	25950.286804452353	22924.20682817231	35157.76225625654	30738.83040463714	19036.45801020748	28236.564914135946	23244.58149488139	19793.727739897626	26631.347359338077	22442.582565575114	29560.793020566278	22165.840473623084	36286.22234670024	19280.612618386564	19291.381454346243	47191.823805341	31865.85125635945	20846.278660284737
PWY-5667	18379.831846844452	15786.104965169256	20329.578698082187	18110.771316915296	17433.103572682707	15587.599738497458	18327.681435154416	18961.256488451945	16515.09115760205	19244.5774733671	18965.092527842786	17920.313155980777	17066.44965838267	24726.595732068155	21599.88093784267	22026.469370018138	19689.79202839908	20773.097215633516	20755.658494636962	16646.114028304393	17467.001471326043	18606.479906562752	19981.62559857956	20142.356632740262	18243.642778586123	18081.1251515504	15608.799142848078	17741.95181416685	15008.827299574994	16119.21959104596	16574.65727215356	18477.11411589943	16780.519611148127	16197.633362666778	19663.4968717438	19181.244230744484	17095.587688971136	18200.304529130197	20602.2213148936	18191.638778813085	19735.618008586473	19474.366135381155	23369.198553319056	12028.13500384055	12864.288016465345	11384.937578126532	13721.359946553535	13984.263261092317	9629.426275162088	13627.67064627872	14742.945846488225	18803.769643767944	17797.48368045322	12234.509081153066	16351.371254261168	14202.47967749739	12374.571542717476	13055.073571458126	14540.430410817715	16687.89256211845	16594.719246140456	17637.315646731837	11452.028540142152	16719.277387133556	13321.000655518626	15847.157516508045	17152.383087607435	18791.80882740195	14254.427949736115	13298.249016085558	10241.495114818825	14039.312232147498	11320.179377681528	12285.06462273654	15760.442409931742	13792.06351507542	11123.552370562847	12956.162365989629	12819.855031459987	13983.639709494277	14504.458176748882	13349.834715961317	13699.442736518437	11113.719464688393	10379.416380864988	9474.46696560645	11052.645879407079	13569.900685672063	13482.241138348843	13066.696638181662	15687.696416571289	16710.285071513925	11260.413177524402	11975.75854441655	11249.875313896937	13392.850880438113	10364.299479427404	13017.168458729177	12549.443238747479	14638.279788291631	10881.402356489496	11694.798710313758	10940.759047857679	12721.045160325431	12144.48531131787	42705.335162944066	22134.52203122239	22470.377122163372	17673.979471222967	23391.31247137196	18881.449652032585	9253.363215085821	21754.12376154464	16940.005006828877	27978.047330574955	22967.288433026086	16058.279392008099	21003.037338047936	19080.270187368154	14896.108213828875	21351.936452696926	17219.6142622572	24199.385572689847	16669.762672812347	29974.847816616897	14506.797537483097	15679.779312326968	36641.06663215842	25975.13466113265	19279.999873136414
PWY-5676	4697.104259124035	4139.103246512565	4784.695938853595	4316.538800608191	4457.776781276853	4924.222359260043	4648.633513781135	4782.387807473006	13195.829918346055	5516.610400510437	6217.509355571724	4783.119554796682	5368.656415063972	8607.544940880809	7597.727512106442	3816.04250089468	4462.366508933458	3443.8905197176973	3908.851062456303	4852.716443491675	4975.19894261547	6550.159002296655	6339.063041658443	5014.957738638521	5850.995480711797	5600.679894276844	4088.7534586794395	4232.764706684442	6011.86328012986	3956.092709228435	5076.749029551139	3980.3512297260154	4532.012645254576	6918.59417374557	5424.398157235509	5534.515864709449	5230.927629665099	6016.975941677111	6233.374096119898	5376.92628461089	4726.111317586175	4651.091142930961	6342.808799792231	4483.08162508589	4123.683550983205	3253.5451483606403	4531.057901560136	4919.523400503923	2988.665471391696	4713.7066052481905	4708.045843022493	5445.399631875825	4184.233105582456	4105.187503081854	4339.193612426899	3844.9719317473296	3388.3722780490066	3389.1391907557163	4671.685587067773	6555.501634517121	3969.5622079013006	4541.819648772126	2796.082056522178	5105.451864683307	4009.6931901919547	4363.287969738588	4421.367499252117	4334.892216849921	4827.152788180699	4707.982990159727	3336.3273472928922	4360.5953705934535	4518.404104707385	3311.5164244281905	4056.5179041486585	3511.45206048852	3323.645833325256	4228.561499128694	3621.122602874589	4455.104543765465	5266.332398722554	3488.7303997087247	4544.542068940054	3611.3146197071005	3203.101202114174	3698.4518821118595	4134.821106372883	3352.184103834532	4468.547856207458	4047.486591955756	4208.822250784044	4151.118198274139	3289.9400933863026	4721.927021116346	4127.810887030067	4108.127680929483	4301.951611359723	3301.3787922105234	4984.193634585673	4774.543709783793	3947.832749638586	4485.8594766998485	3433.581800320247	4392.938272634805	9208.392186531386	11417.050314947073	7370.81515658924	5536.3221889366805	5519.625075688262	6998.810927718817	4810.46049456078	2370.623332684575	5199.637118413774	4599.4623055641005	7659.971956086795	5835.46213575615	4348.533633060815	6259.726124977434	5434.166412676668	4202.5700221785	6267.147433773896	3691.847626953675	5937.361180418465	4124.070011024641	8048.641898256904	3508.8957269947036	3942.112548926513	8098.396862050776	6688.273573798334	15380.113759963144
PWY-5677	1392.0610127833515	1296.9951076051414	1346.4440111289173	1261.884276656886	1280.9392374268741	1396.0080651798867	1431.5427306640622	1429.3313794335945	3835.282823417222	1912.7388014549524	2313.0787564137318	991.2676520665832	1778.414371902824	2363.673649968924	1396.13744089356	863.4005150668968	1765.866473443341	1615.635557947227	1064.4435530272126	1209.932911119479	1657.8825716773308	2143.036350973789	2529.332949750952	1907.3308089012999	1986.5682052129785	1781.277443782121	1458.4721745590327	779.8835472901116	2689.1980486130838	1073.0404747506748	1279.8725687253389	1239.8412278801586	1762.0967550395949	2824.110583263157	2160.3524163658326	2123.698839187423	1409.2897737254723	2317.051360710397	2066.775587989068	1526.5703623523618	1741.0634482808823	1019.6017177161217	2444.7321360624674	1645.833449109439	845.1879642519142	1161.961273405773	1300.9823505645224	1002.8026113333419	1103.8375636720993	1181.9602096359247	1695.248159767778	1502.6688590055949	978.9924545527632	1399.0223160822786	1347.9394399203065	1181.5538808415786	879.5372447424121	1000.8048913602059	1583.089046538134	1783.391281552708	1205.492536349045	1394.8761077053832	938.1286883252693	1377.6396838180692	1635.395269035743	1312.197200023981	1267.9615729961984	852.1836592903379	1402.2251918615402	1439.8634772173339	698.978712744628	1150.2621990691762	1656.5856287524596	813.2166625256456	1257.3936397039818	950.3361402501537	888.474062205586	1196.5829803741983	1098.7271259784893	1170.0617277122735	1940.2870252708715	1180.598839827995	1478.867394478574	1397.987551278883	909.2650952370415	1372.083638609716	1258.0277618492908	503.3879621769379	1638.6345903566462	1573.4720416988162	1550.820334317191	812.7994862131795	682.7304111706039	1916.4391151525317	804.4088620725037	1950.4464025469883	1099.5385597266268	800.6810045734852	990.18691738962	1966.4738586350604	1047.0036867849813	1281.852906860811	914.4660433707882	1477.070144796092	1632.340620050846	4456.932325895086	2840.828626979648	1779.3301275392598	2316.1837183461657	1861.847893556884	1903.364018053547	1026.1435948200192	2002.707339291828	1431.2307952175256	3290.782313147927	2424.278832760974	1574.3918100052392	2334.2793439101365	2151.216266211436	1592.7700508712828	2196.6694905491945	1465.576711592919	2220.834668261023	1682.1882755951235	3309.991736858025	1333.2185710760293	783.1690947353454	3118.229453394235	1595.4948818537703	2804.226759976323
PWY-5686	22692.474137876783	19810.031554580306	24992.828084587836	22457.186680785606	21551.527730288657	19302.20420756111	22702.35922541913	23479.203619751544	16568.56475120605	23825.661264981944	23836.394589956537	21927.42437700867	21378.654734642972	30921.42980192932	27327.99358257864	25912.45472212049	23980.20670184996	24395.92482589785	24808.79840457031	20040.77547308822	21757.587878626357	23326.077224275734	25117.63398299422	25111.04354797989	22797.135767356114	22532.863156762964	19811.99157587084	21943.447442865683	18848.375298048904	20263.048082081932	20946.62342778293	22532.52227728643	20002.196706066192	19622.430243181752	24659.107448913906	24067.8217882333	21534.75172553736	22836.450434594426	25971.878346721467	22616.458642863527	24260.378751838914	23821.62770118698	29174.11014479292	15081.271605375361	16065.724810783713	14355.580179044237	17179.724949329557	17443.484387969	12110.315677391041	17081.987906957722	18536.27266710272	23485.475888650322	22491.00757945734	15438.89477293176	20543.848276730114	17641.77671745423	15656.300155298059	16264.256512537026	18379.656078158438	20945.22599840869	20716.810561008442	22320.03362051725	14305.700756350583	21040.03995527913	16705.96783394237	19568.249600061245	21549.21636563949	23750.90344262407	17814.46104569774	16786.437275191827	12766.15742751732	17642.45931842283	14214.017766351839	15506.177574549027	19897.272396457825	17318.694013711585	13887.402932285662	16393.28930481934	16199.592172692994	17498.4254773997	18142.94343460379	16636.1674873898	17127.847315504	13962.879847166147	13006.583406440948	11845.490120056991	13888.316884035163	16953.124738626648	16809.315466486558	16408.66044043507	19703.37961167157	20171.433394677664	13939.69947988817	15045.473125211998	14204.027259327233	16679.389530662917	12843.02685879662	16514.22861756488	15265.5241636637	18445.265911697872	13709.900817345726	14663.97784568706	13542.925053488681	16048.90429328654	12415.54461743699	53926.903860879174	27382.087393492344	27721.539812996347	21686.33327237016	29356.106828212793	22946.28787559156	11588.65352782377	25948.434997922195	21206.60456793584	34684.04979927772	28529.926173871685	19312.310309077395	26024.982024714616	23173.805409532397	18712.404892892293	26681.30991269376	21554.246558237533	29399.678020194548	20924.442774016916	36141.97622589795	18133.00693984278	19072.284457269056	44938.4746888223	31495.879822222494	19060.269552654663
PWY-5695	16546.413564186645	14951.08264883526	17294.2560171953	15941.101679759982	15212.729100612085	15198.605298884147	16307.166553535282	17388.388831519947	22414.956568592086	18709.66140388611	20957.5490576478	15852.985705084435	17063.469328845793	29361.08271101998	24972.567212802704	14186.834734831882	16652.074121774538	16006.702310848921	15806.02568913179	14549.227514067288	16731.67835313655	22254.402612713686	20595.561233859124	17937.09180601741	18077.1225938714	22459.216828628276	15483.411612026855	15219.999328299573	16584.64584962748	18151.082231651795	18512.838309254625	15204.828183351605	14494.794944945634	17352.90115945538	20090.013851226497	18692.494474873627	17339.00355301341	20168.502045362147	21884.36959218699	17748.894028759933	16497.537811164955	16003.666300128794	22036.830266867448	14193.337502553546	15191.219935900383	11938.017144034251	15929.18094370609	17142.840934833046	9926.715436953395	15786.695906257726	16079.563515565025	20631.50159191567	18983.83119793665	12996.516114619826	16690.33913938534	12700.3906580719	12444.2454155901	13160.759454766938	15261.549371712093	20340.532966507304	16207.284600933071	16834.646511251172	11288.087357371029	16542.638589550657	15807.745285174416	14587.147606960078	17503.414533407773	18410.984049267594	16296.476154024602	15129.165703415574	10992.168316931684	16006.303459074656	13182.716064057915	12351.408629378899	17013.69211070363	12872.619313450454	11451.508818363567	14029.743546482692	12440.648039554586	14180.209373265923	16811.315540506836	12281.6148563482	16028.470961210222	11963.390632241673	11794.88204646826	10975.408022991596	12347.996394427413	13273.281574889668	14381.213427631494	13123.246309269234	14824.643942204031	14833.845845097776	11466.915461723644	14460.801847610095	13135.673407073344	13146.401472184734	11839.842328119912	12916.14399042383	14360.45652944604	14742.939450941361	12429.66949536486	13385.215505884902	11195.089688463271	13872.060448369062	14816.3988329048	42408.21857882838	23036.16847337561	20907.18869493864	17792.36254634938	24121.112307876992	16895.547961037915	9235.770040879393	19054.955314677743	18083.750981726036	28081.060584968112	24969.78699883626	14876.29255791167	24316.74386212725	18552.549011036514	15456.524771293309	21413.92310845621	16898.279583348263	21460.77682110652	17850.712874269215	27737.948463426026	14831.706378673432	13466.51219104586	34804.452482219356	23269.139677771625	23310.01419093429
PWY-5705	996.3241355411543	911.1935039392705	961.9214394446801	826.1315252006699	959.6050096436306	1297.6831804226817	1009.1477942753669	1037.0635360192819	3595.3918473205804	1324.0884151731066	1409.2449210246589	1346.0958938884821	1106.7160892927395	2533.268288637567	2285.89031163068	844.3983136758309	925.5739257019789	1083.1946977716766	1160.4359458864014	1234.4651888173794	1037.420447607114	1724.2599427363982	1273.468112841642	940.8536237678621	1417.9348449266379	1450.2467825554868	772.1653459269922	953.3665583847578	941.6462701363323	856.1781402671858	1409.0604869908552	882.8499715206152	975.0685922796562	1386.4519364027174	1108.4116481214337	1017.7788099898522	1246.094863693909	1330.9751226022938	989.0879671243569	1406.6741387850302	759.9100393087097	902.5415716611628	1326.487735409468	900.1744490262411	1071.0834937031775	622.9065377851255	1131.2535710078264	1145.9651565554318	504.9942868151935	1155.631605626176	821.9431388382029	1242.2009205079414	894.9336241141004	959.5145405933471	862.8038401104926	591.553668266981	740.4600228651337	782.3485588057144	847.9371102558906	1918.856067895537	859.0400099495528	718.5639690926641	511.5543242641725	1103.077754806187	894.9385095008143	852.2800268881668	684.6879808191088	1115.3746014710875	1258.3068014499527	1155.4780368820193	733.6944542617365	976.4315336221797	996.6674586546765	714.1506594672835	948.9182599156644	711.4407580894798	734.082279787118	730.0779100370434	753.8530932027561	641.6363181439766	1029.8662268990793	613.7700688491767	1249.1167034509795	507.2408742481218	574.4862356827539	1006.0700052153768	936.3110801181443	981.599142968735	1112.3450752320405	826.1182156770714	814.0990641442717	986.9673325732965	904.0937380911785	1256.3330255260566	1026.3691930704408	683.9774755653875	1215.5882581906158	588.649567609124	1622.6430455414002	853.7021907834801	819.6436483172984	1216.7896546115646	678.8821380062791	1086.1230248958698	2111.290288934505	2023.7877724485636	1646.7765180925776	1328.0297889068863	1350.5414903508056	1518.7632600188992	1017.4784475395943	592.3409757380599	1150.1560406254655	1144.3854397430368	1565.4625076553834	1392.3666435169132	1057.8098514180385	1524.309499189645	1208.3997781071207	1015.1605213734736	1235.3874924242468	839.1303973372936	1239.6384566449137	935.2176269722378	1801.4888878521958	827.7122359946666	1031.7552616570345	2200.7593991088816	1373.7348778773699	3461.9988444532055
PWY-5747	210.0944546774438	175.9430157066004	281.92659590988745	173.17257210305746	292.55294528765563	338.5515857332903	147.15139052703483	208.63354148069698	2696.282831957121	487.20553113247684	181.7177493439402	202.03139092824605	247.29047743633188	928.7288150750561	261.55662751276463	258.54058088986085	99.30798348384666	726.4873171376748	229.3959874748255	109.59966779804606	122.3849670376594	463.8100893877751	403.2936761511708	230.7805201834901	153.03216311189666	563.061579453213	190.95421869946838	143.8961960698092	68.80240961963938	259.4538115431577	328.44378389790285	225.90857765359175	233.1796064128766	89.23817772381904	548.6777700359704	222.66450045460644	159.43349403248635	106.75111205690638	75.30789010245064	602.2826904605295	216.5077808054522	125.58563583492635	161.10048777351685	54.38285031972223	368.1884196087721	55.49640790460598	372.35345614557184	73.77988072365522	85.94375045928525	277.44813238962735	87.22789463522027	585.3517515527269	336.65497835497837	53.222707994219135	349.0697563784157	118.49308762163238	102.29256339611818	412.6184520081501	66.91347938985561	246.98826664039424	442.5928016215348	133.98865089266695	323.122952292917	138.26303250695003	244.31855277976203	228.25392116515107	164.10337098742082	322.35022114784675	542.7484830457795	53.814173088397936	403.02420711300726	429.44969655797723	63.84406526721336	108.89535392696347	384.5802900394302	177.28813531723583	163.79227590279137	216.87331138739768	144.1488483897715	238.73177372310158	535.1125514104198	150.1358845803514	366.01259905144354	74.08324191328425	42.41719230833486	269.2467751136162	47.909205405430974	260.5638474355964	332.3104050613334	327.7609551973947	112.52119372586408	276.21477882502523	72.15167762520599	39.756029046773214	105.54549973531266	96.95604070002688	616.6026274931597	132.38886656983203	1085.9347512212573	71.6361142781739	53.22904317856837	203.79188497243837	287.630767595729	81.4635146190339	1671.6890933511659	621.2797471249421	241.8158949479467	508.9622257472869	377.98180706324547	422.6841170156853	171.60054191255568	132.17166167041142	190.49420918603366	525.0888035413583	296.4110590281415	703.4928162288329	100.16421245982269	487.3833805565639	240.4805094279236	333.1068476644803	153.51052686868977	247.21838501888826	259.0488254976807	217.27638820975847	393.5081214531008	381.82578562701633	234.73505675327462	1095.4682507394352	288.5106036188187	2746.4576421420206
PWY-5837	9807.066354964367	8076.48474967944	11033.471449460223	9693.95104554232	9524.383681267082	7908.948604398376	9611.973039330385	9903.913130312189	5338.860499917747	9642.163624303852	7827.63388862157	9796.74084769875	8627.601647528529	9090.529834761144	8763.909034266351	14497.793811952039	10659.104397684268	11868.882917331475	12285.52089317133	9474.013314397516	8850.926301309466	6090.739543172663	9592.868046696802	10697.545687601834	9133.916521146548	4127.80670588329	7236.232047684831	9768.204588034618	6566.736615214233	5368.936924825806	6509.079358288306	10218.268539193155	9115.097764084152	7512.4318283534385	8937.729570568748	9559.704685333289	8502.985575483252	7394.161841256074	9427.789387792673	9366.197776496962	10715.088061895442	11795.500970825153	12090.4821091476	4028.575291674957	4569.445263824595	4963.996503996463	4959.0019359834905	2952.2642599703076	4519.348481892569	5004.889006641474	6067.303243645353	7700.868140036375	7094.747269994274	5855.175728678279	7749.770903739753	7732.261613371651	6026.473706183042	6582.23809949277	6611.116842402674	5373.296488883425	8640.94367562622	9162.91785848165	5757.343740816445	8571.3303086489	3607.248531633527	8546.53355465885	7964.384653044851	9582.247767817402	5817.556292493164	5181.949924869897	4865.724926699383	5177.58176873762	4272.005854009878	6017.5372788783325	6181.202195311292	7517.668453612188	5441.1079208688625	5289.494653862123	6765.330456831433	7086.640635309491	5315.960134646186	7156.530267809387	4956.193900969773	4771.1393213020265	3509.3783387557196	3861.9019600052807	4734.342748087596	7161.847507483755	6163.57132400708	6259.527783400708	8033.0957682575745	9254.742478432665	5285.066899607206	3919.642661772564	3915.8605713671654	6389.487114597596	4989.127070114094	6462.705913155579	6401.1908331910945	7157.311260894695	4187.731447168805	4826.705384490639	5436.185140552717	5569.964639872471	4192.201179555612	20305.821048991136	10272.156341733564	11662.085248442956	8562.682117115066	11303.803684039138	9756.458197495887	4349.021251082052	11306.816934782666	7429.545016684898	13394.399575693176	9634.058316482926	7987.99942424864	7574.618800805092	9537.571527744318	6764.754881855259	10785.023497612892	8180.569019930016	12894.66953623871	6668.986054365224	15223.438126665513	6685.171876505641	8981.779363958944	18762.686889660778	13714.251763558092	5999.777630094615
PWY-5838	14296.833591199478	12242.860930944911	16183.015010930696	14329.108905643538	13767.303712052113	11731.11651609844	14237.135426782588	14654.570109831906	7975.104141346508	14663.508802020218	13114.506762470332	13880.136695981619	12880.110581781455	16610.133691120744	15130.098376517042	18231.83525103318	15052.479391637318	16586.053248138076	16742.251743574394	12609.046820142341	13193.839992990366	11689.971804562228	14903.672500862549	15693.557764035102	13518.722984011289	9385.918317884756	11973.685406011817	14299.385251380769	9937.562752778325	10586.145186428757	11668.936908062251	14737.311162263255	12446.755104203394	10224.548012979141	14694.995862744427	14571.325705958368	12987.690497348178	12230.794464088156	15044.403315960051	14207.13597462661	15586.051656922722	15557.953305295068	17768.36815425275	7431.301767582556	8590.141873422928	8262.58144805395	9156.270009596496	6783.169895390263	7100.387605256774	9137.69182331841	10293.77690226311	13560.612065334557	12975.56850173353	8811.860597340667	12582.448953352658	11215.788621348434	9523.408302905727	10233.861700234289	10669.421682553766	10150.375512923922	13200.071600505486	13980.082011863877	9046.827148766877	12862.864872092481	7636.026319252223	12294.365147687919	13028.6654092866	14976.801495555392	10108.826947699226	8922.439083381381	7903.3628945087075	9701.506127845807	7242.046551548868	9502.88235542899	11292.742468142584	10976.955234336456	8404.65914483113	9371.855577112061	10005.050559999285	10894.279562642816	9772.917392235968	10443.104405745282	9054.615111925174	7888.9909088847735	6706.1495792587475	6393.1693699049165	7629.46897401569	10776.865128109925	9727.04290756575	9820.896594379581	12072.917021969733	13076.744514618498	8350.045151076753	7114.751481621769	7345.133947298013	9669.73925022834	7659.625685291425	10287.983976369564	9600.361808479205	10777.14339982311	7392.738011952221	8002.425285624538	8333.630841066572	8989.210559394709	6486.5656497704895	32559.535263134916	15659.527991002326	17544.590853958583	12672.957770230845	17782.430755888847	14015.136282709258	6826.1002860748185	15984.878507357502	12570.996059532701	20327.61319350163	16429.691541035634	11270.2650885416	13728.048493844926	13695.928799096451	11000.912681080306	15834.357845114591	13101.70473641238	18324.40951168091	11673.721440875303	21760.219319002612	10933.860797218946	12382.634344100667	28317.55713836414	19916.463420410095	9453.967956085904
PWY-5840	13700.832795220695	11643.54952628927	15579.385372800096	13732.072897728818	13198.040307264837	11176.52546082047	13643.367678637704	14002.749396024336	7894.832264761003	14028.797250734786	12142.543296550793	13295.391502605175	12254.307545909092	15208.952677251142	13953.561550467517	16078.823154306489	14341.824704976236	15367.063798507937	15383.739821580615	11870.75268983521	12601.7807148861	10697.089299872205	14116.727475139007	15012.985827156166	12876.882636303833	8484.889652108477	11298.999955990075	13718.91409709599	9175.672728295302	9587.84396538997	10795.133502641229	13985.15938219161	11732.887065063613	9726.221335307775	13850.307833492383	13893.621817927953	12350.055092501889	11350.803674826811	13961.12686325205	13563.381777025252	14968.873800084777	14734.452993208024	17000.10192436206	6897.059976797685	7748.512888938953	7679.429514080729	8310.022367094023	6167.32570655103	6643.700406700678	8291.592580567998	9433.6038642058	12551.961378921786	11963.411624675773	8271.8445936944	11882.34774403096	10753.876206702536	8921.790088676791	9763.414275961553	9985.341883812209	9403.824888740064	12622.740729524148	13274.55599352774	8625.381176717183	12236.479497583718	6906.93101873645	11802.320963636046	12099.684019258733	14077.086853281638	9399.01511004417	8201.996333025263	7391.63834451859	8871.952593409369	6761.912532834824	8940.46499953972	10437.435425969677	10490.343110092359	7949.808426317426	8650.895804093352	9515.777886811708	10248.085753636624	8930.588154442066	9999.034265190317	8292.772294105034	7277.075926177512	5938.8282740623135	5982.308133857589	7028.08619239326	10250.501038551372	9213.010707923546	9318.03614069544	11522.843777105225	12491.07834482167	7881.979398049508	6790.137184961102	6560.477651064454	9185.507247837762	7232.7767611248055	9646.778771216139	9127.775949717558	10196.403806013222	6736.104479525256	7364.690434655627	7866.97820517731	8411.699865352697	6255.600995496584	30831.74497782617	14861.835097341966	16848.566925976647	12094.447763879038	16821.844095069224	13479.804334162885	6501.193512495106	15166.234138172153	11776.426503959388	19334.81915136115	15416.250354571492	10854.846961043946	12893.318769718828	13146.711691448752	10382.915126797781	15024.273048982017	12464.696512015422	17595.820430809043	10854.226289636894	20968.05218577974	10353.257573724211	11753.692908954084	27227.78267487512	19109.244040167086	9252.31152554913
PWY-5845	13700.832795220695	11643.54952628927	15579.385372800096	13732.072897728818	13198.040307264837	11176.52546082047	13643.367678637704	14002.749396024336	7420.255585025346	14028.797250734786	12142.543296550793	13295.391502605175	12254.307545909092	15208.952677251142	13953.561550467517	16078.823154306489	14341.824704976236	15367.063798507937	15383.739821580615	11870.75268983521	12601.7807148861	10557.058143148892	14116.727475139007	15012.985827156166	12876.882636303833	8121.18119934096	11298.999955990075	13718.91409709599	9162.266428446646	9587.84396538997	10795.133502641229	13985.15938219161	11732.887065063613	9687.756903186413	13850.307833492383	13893.621817927953	12350.055092501889	11350.803674826811	13961.12686325205	13563.381777025252	14968.873800084777	14734.452993208024	17000.10192436206	6651.405468711599	7748.512888938953	7679.429514080729	8310.022367094023	5569.845348467299	6643.700406700678	8291.592580567998	9433.6038642058	12551.961378921786	11963.411624675773	8271.8445936944	11882.34774403096	10753.876206702536	8921.790088676791	9763.414275961553	9985.341883812209	8983.351117468324	12622.740729524148	13274.55599352774	8625.381176717183	12236.479497583718	6779.965032209004	11802.320963636046	12099.684019258733	14077.086853281638	9399.01511004417	8191.324565413159	7391.63834451859	8871.952593409369	6597.346866006709	8940.46499953972	10437.435425969677	10490.343110092359	7949.808426317426	8650.895804093352	9515.777886811708	10248.085753636624	8930.588154442066	9999.034265190317	8292.772294105034	7277.075926177512	5938.8282740623135	5963.70538230024	7028.08619239326	10250.501038551372	9213.010707923546	9318.03614069544	11522.843777105225	12491.07834482167	7881.979398049508	6444.097311568096	6543.842633345314	9185.507247837762	7232.7767611248055	9646.778771216139	9127.775949717558	10196.403806013222	6736.104479525256	7364.690434655627	7866.97820517731	8411.699865352697	6044.369318602764	30831.74497782617	14861.835097341966	16848.566925976647	12094.447763879038	16821.844095069224	13479.804334162885	6501.193512495106	15166.234138172153	11776.426503959388	19334.81915136115	15416.250354571492	10854.846961043946	12686.195480885237	13146.711691448752	10382.915126797781	15024.273048982017	12464.696512015422	17595.820430809043	10854.226289636894	20968.05218577974	10353.257573724211	11753.692908954084	27227.78267487512	19109.244040167086	8797.040891498766
PWY-5850	13700.832795220695	11643.54952628927	15579.385372800096	13732.072897728818	13198.040307264837	11176.52546082047	13643.367678637704	14002.749396024336	7420.255585025346	14028.797250734786	12142.543296550793	13295.391502605175	12254.307545909092	15208.952677251142	13953.561550467517	16078.823154306489	14341.824704976236	15367.063798507937	15383.739821580615	11870.75268983521	12601.7807148861	10557.058143148892	14116.727475139007	15012.985827156166	12876.882636303833	8121.18119934096	11298.999955990075	13718.91409709599	9162.266428446646	9587.84396538997	10795.133502641229	13985.15938219161	11732.887065063613	9687.756903186413	13850.307833492383	13893.621817927953	12350.055092501889	11350.803674826811	13961.12686325205	13563.381777025252	14968.873800084777	14734.452993208024	17000.10192436206	6651.405468711599	7748.512888938953	7679.429514080729	8310.022367094023	5569.845348467299	6643.700406700678	8291.592580567998	9433.6038642058	12551.961378921786	11963.411624675773	8271.8445936944	11882.34774403096	10753.876206702536	8921.790088676791	9763.414275961553	9985.341883812209	8983.351117468324	12622.740729524148	13274.55599352774	8625.381176717183	12236.479497583718	6779.965032209004	11802.320963636046	12099.684019258733	14077.086853281638	9399.01511004417	8191.324565413159	7391.63834451859	8871.952593409369	6597.346866006709	8940.46499953972	10437.435425969677	10490.343110092359	7949.808426317426	8650.895804093352	9515.777886811708	10248.085753636624	8930.588154442066	9999.034265190317	8292.772294105034	7277.075926177512	5938.8282740623135	5963.70538230024	7028.08619239326	10250.501038551372	9213.010707923546	9318.03614069544	11522.843777105225	12491.07834482167	7881.979398049508	6444.097311568096	6543.842633345314	9185.507247837762	7232.7767611248055	9646.778771216139	9127.775949717558	10196.403806013222	6736.104479525256	7364.690434655627	7866.97820517731	8411.699865352697	6044.369318602764	30831.74497782617	14861.835097341966	16848.566925976647	12094.447763879038	16821.844095069224	13479.804334162885	6501.193512495106	15166.234138172153	11776.426503959388	19334.81915136115	15416.250354571492	10854.846961043946	12686.195480885237	13146.711691448752	10382.915126797781	15024.273048982017	12464.696512015422	17595.820430809043	10854.226289636894	20968.05218577974	10353.257573724211	11753.692908954084	27227.78267487512	19109.244040167086	8797.040891498766
PWY-5855	2964.9882450913788	2460.8738827347656	2735.0229518827296	3042.947163280513	2403.991402390386	2803.6832902310775	2502.541930748636	3098.5407177344455	6701.507042158376	2443.727675829021	3241.299880111169	2644.13461591955	2937.3307164872413	3316.9722579545532	3114.7465976525764	2009.5117214741595	2471.752417087761	1843.1258820887883	1935.7081637417512	2416.39760882122	2707.773954662573	2411.817966058487	3082.316428209683	2490.0970880058712	2933.951068627249	1846.9758917704253	1596.6752296809868	2068.278970108426	3363.2951926259575	1369.2281557013393	1700.1097694399336	1832.6059204045575	2471.586216649803	3975.186676897459	2163.3383724309965	2510.866172018958	2598.7505845865276	3035.720228758234	3349.693066308977	2245.376785535623	2158.354405742859	3420.8111426154196	3251.1653434797827	1771.0511184633208	1876.8093387251322	1599.4374939285417	2091.856856382378	1893.8943239535008	1691.757100150645	1968.341674768462	2720.5449369749394	2260.2131350575114	1619.5907620634548	2317.201122407452	1755.3088400719025	2316.172962289699	1826.96803914938	1493.2737170788384	2440.9291564873292	2955.4438958864575	1869.3896665923883	2553.9173907004256	1152.5919832224172	3017.331803117169	1311.4597459091267	2350.8266753133807	3165.5173299759226	2949.1729177341394	1828.0486383020477	2196.6982832004533	1550.661626470744	1664.8607478886047	1880.7163855617764	1858.8989767123492	1569.2746073640997	2202.987102508761	1836.155112343513	1295.2484845317456	2191.4400571290457	2548.114545350498	1983.7256455159527	2033.3337972658799	1842.6719434623008	2035.175371536471	1554.6714537036376	1402.1006289921152	2233.2181310717137	2234.3601968109783	1647.6451932158193	1731.3864541825153	2275.5415788077157	2577.461695150132	2127.2928228913843	1945.2672643052933	1354.921369102225	2294.573757956913	1774.3880576260317	1570.5431449662335	2362.6308188442017	2439.0473437665423	1855.3487520892972	2144.5185616241306	1998.465600634324	2006.6878662017143	5274.139923892368	4685.175247920736	3914.250864178741	2682.5748468807096	2900.867384934972	2665.6511512612024	2416.5586393538088	1019.7425763585825	3054.3059936860514	2204.504120969113	4723.196724703315	2383.9975158833736	2468.3236965878164	2385.274762687347	2407.5946380151013	1818.436765642059	4555.868274701537	1895.3167446024197	3263.5186837240767	1867.305945041147	4671.846814748043	1612.1237921101306	1949.6610735952797	4092.808244614138	4317.215333921333	8625.187486298364
PWY-5856	2964.9882450913788	2460.8738827347656	2735.0229518827296	3042.947163280513	2403.991402390386	2803.6832902310775	2502.541930748636	3098.5407177344455	6701.507042158376	2443.727675829021	3241.299880111169	2644.13461591955	2937.3307164872413	3316.9722579545532	3114.7465976525764	2009.5117214741595	2471.752417087761	1843.1258820887883	1935.7081637417512	2416.39760882122	2707.773954662573	2411.817966058487	3082.316428209683	2490.0970880058712	2933.951068627249	1846.9758917704253	1596.6752296809868	2068.278970108426	3363.2951926259575	1369.2281557013393	1700.1097694399336	1832.6059204045575	2471.586216649803	3975.186676897459	2163.3383724309965	2510.866172018958	2598.7505845865276	3035.720228758234	3349.693066308977	2245.376785535623	2158.354405742859	3420.8111426154196	3251.1653434797827	1771.0511184633208	1876.8093387251322	1599.4374939285417	2091.856856382378	1893.8943239535008	1691.757100150645	1968.341674768462	2720.5449369749394	2260.2131350575114	1619.5907620634548	2317.201122407452	1755.3088400719025	2316.172962289699	1826.96803914938	1493.2737170788384	2440.9291564873292	2955.4438958864575	1869.3896665923883	2553.9173907004256	1152.5919832224172	3017.331803117169	1311.4597459091267	2350.8266753133807	3165.5173299759226	2949.1729177341394	1828.0486383020477	2196.6982832004533	1550.661626470744	1664.8607478886047	1880.7163855617764	1858.8989767123492	1569.2746073640997	2202.987102508761	1836.155112343513	1295.2484845317456	2191.4400571290457	2548.114545350498	1983.7256455159527	2033.3337972658799	1842.6719434623008	2035.175371536471	1554.6714537036376	1402.1006289921152	2233.2181310717137	2234.3601968109783	1647.6451932158193	1731.3864541825153	2275.5415788077157	2577.461695150132	2127.2928228913843	1945.2672643052933	1354.921369102225	2294.573757956913	1774.3880576260317	1570.5431449662335	2362.6308188442017	2439.0473437665423	1855.3487520892972	2144.5185616241306	1998.465600634324	2006.6878662017143	5274.139923892368	4685.175247920736	3914.250864178741	2682.5748468807096	2900.867384934972	2665.6511512612024	2416.5586393538088	1019.7425763585825	3054.3059936860514	2204.504120969113	4723.196724703315	2383.9975158833736	2468.3236965878164	2385.274762687347	2407.5946380151013	1818.436765642059	4555.868274701537	1895.3167446024197	3263.5186837240767	1867.305945041147	4671.846814748043	1612.1237921101306	1949.6610735952797	4092.808244614138	4317.215333921333	8625.187486298364
PWY-5857	2964.9882450913788	2460.8738827347656	2735.0229518827296	3042.947163280513	2403.991402390386	2803.6832902310775	2502.541930748636	3098.5407177344455	6701.507042158376	2443.727675829021	3241.299880111169	2644.13461591955	2937.3307164872413	3316.9722579545532	3114.7465976525764	2009.5117214741595	2471.752417087761	1843.1258820887883	1935.7081637417512	2416.39760882122	2707.773954662573	2411.817966058487	3082.316428209683	2490.0970880058712	2933.951068627249	1846.9758917704253	1596.6752296809868	2068.278970108426	3363.2951926259575	1369.2281557013393	1700.1097694399336	1832.6059204045575	2471.586216649803	3975.186676897459	2163.3383724309965	2510.866172018958	2598.7505845865276	3035.720228758234	3349.693066308977	2245.376785535623	2158.354405742859	3420.8111426154196	3251.1653434797827	1771.0511184633208	1876.8093387251322	1599.4374939285417	2091.856856382378	1893.8943239535008	1691.757100150645	1968.341674768462	2720.5449369749394	2260.2131350575114	1619.5907620634548	2317.201122407452	1755.3088400719025	2316.172962289699	1826.96803914938	1493.2737170788384	2440.9291564873292	2955.4438958864575	1869.3896665923883	2553.9173907004256	1152.5919832224172	3017.331803117169	1311.4597459091267	2350.8266753133807	3165.5173299759226	2949.1729177341394	1828.0486383020477	2196.6982832004533	1550.661626470744	1664.8607478886047	1880.7163855617764	1858.8989767123492	1569.2746073640997	2202.987102508761	1836.155112343513	1295.2484845317456	2191.4400571290457	2548.114545350498	1983.7256455159527	2033.3337972658799	1842.6719434623008	2035.175371536471	1554.6714537036376	1402.1006289921152	2233.2181310717137	2234.3601968109783	1647.6451932158193	1731.3864541825153	2275.5415788077157	2577.461695150132	2127.2928228913843	1945.2672643052933	1354.921369102225	2294.573757956913	1774.3880576260317	1570.5431449662335	2362.6308188442017	2439.0473437665423	1855.3487520892972	2144.5185616241306	1998.465600634324	2006.6878662017143	5274.139923892368	4685.175247920736	3914.250864178741	2682.5748468807096	2900.867384934972	2665.6511512612024	2416.5586393538088	1019.7425763585825	3054.3059936860514	2204.504120969113	4723.196724703315	2383.9975158833736	2468.3236965878164	2385.274762687347	2407.5946380151013	1818.436765642059	4555.868274701537	1895.3167446024197	3263.5186837240767	1867.305945041147	4671.846814748043	1612.1237921101306	1949.6610735952797	4092.808244614138	4317.215333921333	8625.187486298364
PWY-5860	12822.834647501493	10786.940209063656	14621.139599662522	12811.619905492758	12354.919886836426	10391.806965758373	12736.090395388328	13015.64219758875	6698.63578139609	13138.061254743945	10898.15725068491	12478.218784115657	11395.413271846286	13370.996569695066	12444.331558992093	14959.566654141563	13520.098729707364	14522.006864416226	14467.422821713266	11190.738673955433	11746.729450976482	9091.72922311822	13077.057213372678	14021.846118598234	11984.935912495206	6527.8888685144275	10317.174447971202	12888.517992419233	8196.651209928934	8204.539252837627	9576.364546144507	13178.896706949216	11048.578651020433	8935.472801464179	12668.929592232453	12954.514939375278	11459.85033327846	10227.06134495839	12591.4419124505	12655.028371910063	14087.509097543429	13771.982113983553	15915.223899928433	5733.521702899913	6706.890131297145	6911.0217302226665	7240.973498998714	4367.784715315332	6049.36526970838	7237.17029484101	8374.649885650548	11199.304072733486	10544.740472736426	7584.24190303621	10937.52228151347	10060.1025858069	8119.952258042343	9147.235998192557	9080.11108739642	7644.98150356999	11873.325881361228	12292.926852291406	8057.676497313652	11341.666356428734	5630.00036544536	11095.204039085624	10895.267579950147	12878.603499927565	8446.068962803653	7274.865153763464	6723.5003275250665	7742.008015884007	5823.186685575783	8178.535028041946	9213.313401879643	9779.642258131655	7345.863100660924	7684.100924998683	8844.674485464911	9401.850024677897	7828.514233461443	9360.539574865437	7291.44202058671	6510.6645412776215	5040.738266730469	5414.930019933826	6288.696030343966	9524.515828040801	8524.389902127255	8620.585807103074	10734.35644139537	11802.737714947465	7213.939505086462	5620.51836041876	5603.297753520192	8510.251699447594	6703.94291674696	8808.76434333338	8559.98605449345	9415.924161849916	5921.664994773059	6577.816246088653	7256.810091518955	7652.006475227074	5372.732526954634	28400.041666136905	13780.76889760445	15830.359145767821	11319.091341234122	15528.330374838612	12723.113339155483	6041.0677026858	14315.877460961341	10683.838801835054	17987.991109952844	13993.898025242857	10247.940232779796	11227.497546266583	12410.264420935384	9531.936292806138	13893.611433985809	11547.982162029599	16649.79621511697	9715.184762336936	19808.325556477685	9533.82945156495	11072.696152964822	25718.040208983326	17909.646264623494	7760.140582088168
PWY-5861	13619.929826347998	11574.29078747416	15431.427558986685	13604.918122257437	13116.478560477906	11125.344784648123	13525.984132365516	13876.177021708343	7395.351622193271	13988.643270498325	12106.070814541577	13264.940134532148	12223.848577455832	15044.62138443905	13889.16457700862	17911.479704914593	14487.271102710192	16210.851598450441	16337.481344708793	12200.950832933513	12533.10299521296	10392.83368403191	14112.49021261989	14928.848258688968	12835.737748780624	7794.198002767563	11180.009327616364	13670.54854758429	9155.116805073096	9334.42883381852	10636.18483347744	14203.575661320458	12022.562163740246	9635.336810257053	13753.64670351932	13855.816174501624	12300.395132421238	11328.643456814703	13950.369439884638	13511.90124719256	14921.625583120116	14875.931509534992	16944.029665263784	6633.696517443336	7684.408383640078	7638.793667211083	8235.860839878376	5531.669056511049	6631.964639482593	8235.559836576393	9423.201560188325	12437.423758970279	11757.294009381285	8282.299069714674	11847.725997175507	10677.14285536845	8886.33166014806	9778.985299552707	9950.317559005854	8960.011700642524	12654.22327196475	13219.649572981565	8620.401065032938	12165.308718615133	6543.772381170874	11758.826551985907	12056.394410860494	14035.6926051498	9329.032156526973	8166.299106783098	7375.02983639201	8717.750853214871	6601.22977607605	8901.420232007978	10240.257499231422	10425.952929574183	7941.5699178043105	8561.638160708895	9491.832853551581	10237.49081196508	8829.126778625325	9954.96266903928	8201.557881021112	7267.136086029666	5900.266828070371	5960.23830133533	7032.735061184338	10220.251825867306	9199.084260886035	9279.983128724622	11464.253626713438	12602.736718410815	7815.385904721968	6411.162838625669	6516.3539155732415	9146.81112956754	7266.9801622833	9630.929144152213	9196.826220081613	10175.442499712964	6707.240430367607	7364.054188325931	7866.28862223222	8387.267956815567	5909.9084754604255	30647.10000069454	14831.611489521494	16767.873609508028	12094.131782836237	16783.712293866087	13450.50000121729	6470.331752468965	15435.128937318552	11689.275884926079	19303.658820727327	15276.991146233113	10812.323983229086	12485.387027498591	13157.36057147472	10331.143753877828	14954.881571339496	12384.78130831513	17645.614549468923	10726.11956529009	20885.74408289247	10288.466586724857	11928.880213431436	27201.192113259825	18991.77696698981	8545.890989169786
PWY-5862	12822.834647501493	10786.940209063656	14621.139599662522	12811.619905492758	12354.919886836426	10391.806965758373	12736.090395388328	13015.64219758875	6698.63578139609	13138.061254743945	10898.15725068491	12478.218784115657	11395.413271846286	13370.996569695066	12444.331558992093	14959.566654141563	13520.098729707364	14522.006864416226	14467.422821713266	11190.738673955433	11746.729450976482	9091.72922311822	13077.057213372678	14021.846118598234	11984.935912495206	6527.8888685144275	10317.174447971202	12888.517992419233	8196.651209928934	8204.539252837627	9576.364546144507	13178.896706949216	11048.578651020433	8935.472801464179	12668.929592232453	12954.514939375278	11459.85033327846	10227.06134495839	12591.4419124505	12655.028371910063	14087.509097543429	13771.982113983553	15915.223899928433	5733.521702899913	6706.890131297145	6911.0217302226665	7240.973498998714	4367.784715315332	6049.36526970838	7237.17029484101	8374.649885650548	11199.304072733486	10544.740472736426	7584.24190303621	10937.52228151347	10060.1025858069	8119.952258042343	9147.235998192557	9080.11108739642	7644.98150356999	11873.325881361228	12292.926852291406	8057.676497313652	11341.666356428734	5630.00036544536	11095.204039085624	10895.267579950147	12878.603499927565	8446.068962803653	7274.865153763464	6723.5003275250665	7742.008015884007	5823.186685575783	8178.535028041946	9213.313401879643	9779.642258131655	7345.863100660924	7684.100924998683	8844.674485464911	9401.850024677897	7828.514233461443	9360.539574865437	7291.44202058671	6510.6645412776215	5040.738266730469	5414.930019933826	6288.696030343966	9524.515828040801	8524.389902127255	8620.585807103074	10734.35644139537	11802.737714947465	7213.939505086462	5620.51836041876	5603.297753520192	8510.251699447594	6703.94291674696	8808.76434333338	8559.98605449345	9415.924161849916	5921.664994773059	6577.816246088653	7256.810091518955	7652.006475227074	5372.732526954634	28400.041666136905	13780.76889760445	15830.359145767821	11319.091341234122	15528.330374838612	12723.113339155483	6041.0677026858	14315.877460961341	10683.838801835054	17987.991109952844	13993.898025242857	10247.940232779796	11227.497546266583	12410.264420935384	9531.936292806138	13893.611433985809	11547.982162029599	16649.79621511697	9715.184762336936	19808.325556477685	9533.82945156495	11072.696152964822	25718.040208983326	17909.646264623494	7760.140582088168
PWY-5863	10363.075682047589	8570.226832218901	11649.786673057251	10249.220143193701	10047.794952215005	8390.437311632484	10174.675143530978	10484.721126537921	5767.069585104578	10248.917970996114	8429.227569921219	10332.873919316964	9169.858414658327	9851.701467850096	9451.845282096272	15018.06404945413	11248.54823879434	12446.18204260871	12859.247728791599	9949.48830835547	9400.741141157976	6639.133546663583	10234.749187916283	11319.729049603931	9708.588556024846	4564.198173402498	7745.188782069304	10312.13636545397	7041.739390694336	5850.610398934413	7033.712612281249	10772.683971059985	9599.122394648686	8007.315277882987	9567.41408343431	10172.520580571645	9051.91674889996	7967.841307136452	10093.479213462366	9936.348553258134	11317.295752883967	12342.261948839488	12825.999297726801	4385.963457385103	4961.4537528035025	5328.5944698097965	5378.662420696906	3270.227525041017	4828.301231418445	5423.490990481651	6535.107863501539	8295.828397357764	7662.213532867128	6245.268849917771	8278.451535159398	8170.900629684172	6422.362506849045	6998.702377071845	7081.977150491901	5857.059391801733	9167.220205315394	9731.049492169348	6124.9720123216075	9103.735202547945	3964.9428944994493	9031.590840007344	8516.086143473987	10177.69620252652	6270.810394053413	5600.1865003714065	5191.971300206483	5614.3077119059935	4621.494229183233	6412.281110539863	6680.15862144756	7948.943529756784	5794.508959790339	5705.209267144166	7171.666075991823	7533.04950865305	5764.063027660016	7571.355469353936	5375.253499657835	5127.283050402515	3818.65473532968	4160.369681622534	5083.611404440571	7582.13118533537	6591.498333000469	6676.9346590085	8532.032718126682	9735.358159596653	5633.218190544848	4271.179941470259	4255.372868002097	6813.761940730032	5316.161139934828	6885.181861819514	6786.763911161355	7625.294923630792	4529.079443384879	5192.980541813035	5776.938378129206	5978.042492411593	4508.702462426036	21691.016427834624	10971.070854708643	12362.113190573127	9114.868901521522	12053.77844784197	10331.863266124205	4645.024734402959	11953.577107850728	7972.41219223518	14277.622757258981	10362.95588835246	8470.66227565427	8215.076691897295	10124.206382095275	7242.819812343669	11458.975481464797	8732.735501879286	13625.400600401152	7194.529275680658	16132.327028711314	7150.8252685837	9440.403304557834	19902.64174810429	14503.295679940844	6479.417416644067
PWY-5896	13700.832795220695	11643.54952628927	15579.385372800096	13732.072897728818	13198.040307264837	11176.52546082047	13643.367678637704	14002.749396024336	7420.255585025346	14028.797250734786	12142.543296550793	13295.391502605175	12254.307545909092	15208.952677251142	13953.561550467517	16078.823154306489	14341.824704976236	15367.063798507937	15383.739821580615	11870.75268983521	12601.7807148861	10557.058143148892	14116.727475139007	15012.985827156166	12876.882636303833	8121.18119934096	11298.999955990075	13718.91409709599	9162.266428446646	9587.84396538997	10795.133502641229	13985.15938219161	11732.887065063613	9687.756903186413	13850.307833492383	13893.621817927953	12350.055092501889	11350.803674826811	13961.12686325205	13563.381777025252	14968.873800084777	14734.452993208024	17000.10192436206	6651.405468711599	7748.512888938953	7679.429514080729	8310.022367094023	5569.845348467299	6643.700406700678	8291.592580567998	9433.6038642058	12551.961378921786	11963.411624675773	8271.8445936944	11882.34774403096	10753.876206702536	8921.790088676791	9763.414275961553	9985.341883812209	8983.351117468324	12622.740729524148	13274.55599352774	8625.381176717183	12236.479497583718	6779.965032209004	11802.320963636046	12099.684019258733	14077.086853281638	9399.01511004417	8191.324565413159	7391.63834451859	8871.952593409369	6597.346866006709	8940.46499953972	10437.435425969677	10490.343110092359	7949.808426317426	8650.895804093352	9515.777886811708	10248.085753636624	8930.588154442066	9999.034265190317	8292.772294105034	7277.075926177512	5938.8282740623135	5963.70538230024	7028.08619239326	10250.501038551372	9213.010707923546	9318.03614069544	11522.843777105225	12491.07834482167	7881.979398049508	6444.097311568096	6543.842633345314	9185.507247837762	7232.7767611248055	9646.778771216139	9127.775949717558	10196.403806013222	6736.104479525256	7364.690434655627	7866.97820517731	8411.699865352697	6044.369318602764	30831.74497782617	14861.835097341966	16848.566925976647	12094.447763879038	16821.844095069224	13479.804334162885	6501.193512495106	15166.234138172153	11776.426503959388	19334.81915136115	15416.250354571492	10854.846961043946	12686.195480885237	13146.711691448752	10382.915126797781	15024.273048982017	12464.696512015422	17595.820430809043	10854.226289636894	20968.05218577974	10353.257573724211	11753.692908954084	27227.78267487512	19109.244040167086	8797.040891498766
PWY-5897	13972.919975443103	11929.589830096189	15811.838027005959	13988.369905770656	13461.767838097687	11449.066636174513	13898.156380762859	14302.444495317759	7765.293431955132	14296.437870884989	12670.310544341184	13592.022088104517	12565.823688412878	15923.240388809323	14580.693379904604	18011.69462169233	14751.776900167333	16285.524996432976	16460.101014903983	12404.089970505891	12874.518616310916	11147.052666088386	14501.941479473267	15329.81238411018	13196.940238571875	8771.112923281902	11588.995275548994	13976.052511173324	9662.5990869111	10066.0918793814	11208.046658378327	14426.71045499781	12224.635553303666	10023.201902693068	14231.844029517219	14200.432479095254	12651.227535540598	11830.39254877194	14587.185633825247	13849.49637149791	15240.81873849649	15296.571854536984	17358.834237249815	7109.989408461612	8208.5660269039	7987.085926502326	8765.692965098307	6322.366522124797	6895.950021081513	8756.480184700005	9929.39899733663	13048.703690135242	12438.566986402022	8585.905081882316	12202.537924692968	10964.143919368407	9244.788900092297	9965.098177494534	10342.853880371531	9684.81816993737	12871.159813940527	13616.537705133655	8801.02603689735	12541.831997281211	7200.773686208835	12028.923029408428	12610.080663177972	14554.434950496043	9741.56297136468	8597.870392236277	7658.593517168399	9276.63794617859	6983.540206949895	9228.213656887076	10827.115786054264	10724.333672272058	8179.4967223579015	9011.095243587271	9766.382073634823	10600.864661838066	9362.640807218037	10206.288978304052	8680.518913050975	7627.077452526045	6391.010498963385	6186.844319705909	7388.953077443145	10508.494664175441	9454.081705328927	9548.16593977278	11774.45746079359	12816.307123273558	8108.226959258666	6821.021618878515	7015.060704749967	9423.593024815107	7459.6672491951085	9985.304246453941	9371.363629096655	10504.03056372792	7105.898156284129	7734.513767094564	8113.456848872419	8714.537068747903	6292.51849833405	31601.359781691765	15255.843871532617	17119.20192593774	12376.498758478487	17284.520610134234	13718.050869915318	6638.354866265588	15668.682091981786	12144.478245824323	19813.30249707333	15864.007647337248	11042.642202889812	13173.107239961619	13407.54439874402	10665.022134854597	15457.077961135545	12721.983749414418	17952.358548504828	11239.93991037241	21305.67970098577	10597.82198107633	12152.846278287789	27637.26034590976	19471.03375025553	9154.200970847178
PWY-5898	13972.919975443103	11929.589830096189	15811.838027005959	13988.369905770656	13461.767838097687	11449.066636174513	13898.156380762859	14302.444495317759	7765.293431955132	14296.437870884989	12670.310544341184	13592.022088104517	12565.823688412878	15923.240388809323	14580.693379904604	18011.69462169233	14751.776900167333	16285.524996432976	16460.101014903983	12404.089970505891	12874.518616310916	11147.052666088386	14501.941479473267	15329.81238411018	13196.940238571875	8771.112923281902	11588.995275548994	13976.052511173324	9662.5990869111	10066.0918793814	11208.046658378327	14426.71045499781	12224.635553303666	10023.201902693068	14231.844029517219	14200.432479095254	12651.227535540598	11830.39254877194	14587.185633825247	13849.49637149791	15240.81873849649	15296.571854536984	17358.834237249815	7109.989408461612	8208.5660269039	7987.085926502326	8765.692965098307	6322.366522124797	6895.950021081513	8756.480184700005	9929.39899733663	13048.703690135242	12438.566986402022	8585.905081882316	12202.537924692968	10964.143919368407	9244.788900092297	9965.098177494534	10342.853880371531	9684.81816993737	12871.159813940527	13616.537705133655	8801.02603689735	12541.831997281211	7200.773686208835	12028.923029408428	12610.080663177972	14554.434950496043	9741.56297136468	8597.870392236277	7658.593517168399	9276.63794617859	6983.540206949895	9228.213656887076	10827.115786054264	10724.333672272058	8179.4967223579015	9011.095243587271	9766.382073634823	10600.864661838066	9362.640807218037	10206.288978304052	8680.518913050975	7627.077452526045	6391.010498963385	6186.844319705909	7388.953077443145	10508.494664175441	9454.081705328927	9548.16593977278	11774.45746079359	12816.307123273558	8108.226959258666	6821.021618878515	7015.060704749967	9423.593024815107	7459.6672491951085	9985.304246453941	9371.363629096655	10504.03056372792	7105.898156284129	7734.513767094564	8113.456848872419	8714.537068747903	6292.51849833405	31601.359781691765	15255.843871532617	17119.20192593774	12376.498758478487	17284.520610134234	13718.050869915318	6638.354866265588	15668.682091981786	12144.478245824323	19813.30249707333	15864.007647337248	11042.642202889812	13173.107239961619	13407.54439874402	10665.022134854597	15457.077961135545	12721.983749414418	17952.358548504828	11239.93991037241	21305.67970098577	10597.82198107633	12152.846278287789	27637.26034590976	19471.03375025553	9154.200970847178
PWY-5899	13972.919975443103	11929.589830096189	15811.838027005959	13988.369905770656	13461.767838097687	11449.066636174513	13898.156380762859	14302.444495317759	7765.293431955132	14296.437870884989	12670.310544341184	13592.022088104517	12565.823688412878	15923.240388809323	14580.693379904604	18011.69462169233	14751.776900167333	16285.524996432976	16460.101014903983	12404.089970505891	12874.518616310916	11147.052666088386	14501.941479473267	15329.81238411018	13196.940238571875	8771.112923281902	11588.995275548994	13976.052511173324	9662.5990869111	10066.0918793814	11208.046658378327	14426.71045499781	12224.635553303666	10023.201902693068	14231.844029517219	14200.432479095254	12651.227535540598	11830.39254877194	14587.185633825247	13849.49637149791	15240.81873849649	15296.571854536984	17358.834237249815	7109.989408461612	8208.5660269039	7987.085926502326	8765.692965098307	6322.366522124797	6895.950021081513	8756.480184700005	9929.39899733663	13048.703690135242	12438.566986402022	8585.905081882316	12202.537924692968	10964.143919368407	9244.788900092297	9965.098177494534	10342.853880371531	9684.81816993737	12871.159813940527	13616.537705133655	8801.02603689735	12541.831997281211	7200.773686208835	12028.923029408428	12610.080663177972	14554.434950496043	9741.56297136468	8597.870392236277	7658.593517168399	9276.63794617859	6983.540206949895	9228.213656887076	10827.115786054264	10724.333672272058	8179.4967223579015	9011.095243587271	9766.382073634823	10600.864661838066	9362.640807218037	10206.288978304052	8680.518913050975	7627.077452526045	6391.010498963385	6186.844319705909	7388.953077443145	10508.494664175441	9454.081705328927	9548.16593977278	11774.45746079359	12816.307123273558	8108.226959258666	6821.021618878515	7015.060704749967	9423.593024815107	7459.6672491951085	9985.304246453941	9371.363629096655	10504.03056372792	7105.898156284129	7734.513767094564	8113.456848872419	8714.537068747903	6292.51849833405	31601.359781691765	15255.843871532617	17119.20192593774	12376.498758478487	17284.520610134234	13718.050869915318	6638.354866265588	15668.682091981786	12144.478245824323	19813.30249707333	15864.007647337248	11042.642202889812	13173.107239961619	13407.54439874402	10665.022134854597	15457.077961135545	12721.983749414418	17952.358548504828	11239.93991037241	21305.67970098577	10597.82198107633	12152.846278287789	27637.26034590976	19471.03375025553	9154.200970847178
PWY-5910	447.44635514176025	239.66437066460838	149.96613237023598	173.15265740166717	139.93566306695044	101.90668190711486	106.38217752388546	150.5494237792212	856.5985147592263	311.10131978725934	125.70026779776421	67.07135435506743	257.721116946889	312.9941952919639	195.37786712432714	254.53538263308323	333.0782569705786	431.2103471365505	389.2809629296595	395.2781163096896	222.4657547641521	126.47420166313368	366.87125890709007	73.44213739539424	116.65622482840955	49.49575993663038	18.396046888379495	74.42942526753376	82.85561336699914	86.05579433410368	32.66035320814122	187.0431852132869	295.5951114068254	304.8165980675217	251.9126233129689	418.20180431777186	247.61630639737382	187.60831465249007	193.55778929191007	89.6709007093588	99.14147709023379	124.13875654139122	265.073944796321	98.64344052048371	282.18187912846207	66.6879318731804	145.067462929618	54.00883179110786	72.17843609716229	175.53231552220555	81.08750942552783	421.5285943833287	129.399494930032	171.4422295959938	519.5089956223943	96.21730787818385	54.117561990519974	684.000299716637	65.46694992827392	22.10559334556694	905.7472930188646	118.63462922534336	532.7087984151823	118.36063754852823	12.371822904572058	317.06824927473156	115.60830735256982	128.41717084834164	273.52573684932196	57.38847597205323	207.07367076153673	104.34569648061606	41.70898970724827	99.77765687898976	28.31110853325717	93.09579818629209	340.2229074649513	20.844756771583928	121.60926403474552	255.0712824633425	77.21850520844424	158.67836401578268	217.48068775638322	81.27080484912456	19.69510368869362	147.64334333213708	125.80206266954706	431.1373497928834	334.9599627814147	107.96674266474707	119.0712580695619	957.2277163396222	329.2972279522079	52.442268507642964	75.28959773878704	72.05281675712855	247.9045201635453	123.04125270748025	493.7418207012304	110.91110139514448	74.78119862077848	104.06741342056509	407.98374760105287	77.76926793237391	585.6836646956347	352.1285199744682	409.85896585808274	439.4648681551063	278.1780882568515	426.4471903643474	363.90262987667575	159.0257590892893	618.1199298837289	394.38967361714265	768.0345081307062	661.1494410674029	466.1722468055396	257.7220003888532	704.1583137811527	274.30866605503286	299.8383523908736	507.55519759099025	723.9556786021001	228.01400842209333	826.9518268973447	468.7965804335306	163.27739828880405	1447.2399063783075	275.1577288161101	750.6946368894855
PWY-5913	20159.743080003005	16831.73013154551	22443.192332613922	20060.140200985268	19403.328385757526	16429.860436205523	20217.00563158301	20878.956108069073	10244.870352262315	20103.7839031831	16794.87961357926	19511.319492709117	17931.97657005041	19051.893503359846	17884.363936224378	22648.606365507174	21303.86348868483	21812.600573371856	21953.793092879016	17639.624325717854	18293.080778919517	12706.06401507367	19393.135941843128	22249.177347125184	19015.127659839673	8991.893000671027	15433.892496407285	19885.679774782016	14531.19030241879	11826.698326158208	13981.195240519222	20324.856962002574	17636.226488318185	15808.626170755246	18913.68389672047	19579.2546315179	17460.36275747803	15745.593841592452	19944.75284033601	19818.162016610655	21931.879457358402	21099.563646143164	25470.680808946978	9228.341599452227	9450.893594983498	10808.616356380566	10289.690022631641	8647.11235389171	9576.739722214026	10431.873063939669	13233.174983256125	16225.16103333256	15288.246859206263	12209.413493556203	15961.015422767086	15937.588523106751	12865.8471243869	13242.68088171688	14047.453977983721	12651.1689471752	17449.08756341848	19354.275196987317	11736.672773363613	17972.756027786676	7813.54257117569	17592.536788393943	16908.862413971056	20427.773824718854	12143.97613838252	11053.572395120404	10209.466067759622	10863.998151101243	9436.777727850524	12764.694052582416	13457.887596933708	15619.235902441053	11237.183347439466	11225.55855008792	13960.675133300496	14963.216515730168	11021.698003540621	15062.710404056377	10378.6228568778	10275.628628805629	8042.510046835834	8007.535368313342	9740.694696121904	14773.193632974278	12855.744161680463	13087.742369743699	16984.535056366734	17448.717401137907	10925.716499814615	8273.157027902667	8615.434404471534	13380.687152506613	10199.315839430637	13469.253192535827	12751.040084624665	15285.73716252349	8852.709431028516	10514.155841477579	10852.643213967267	11768.68137459616	7549.949510533489	42717.70777249814	21783.028185435964	24249.601978859595	18386.407427012226	23868.10844672314	20427.734417931642	9222.549772755077	22773.77299284498	15509.616713474637	28341.682053224853	20461.235965794698	16782.880573391558	16461.523297269367	20196.65257557493	14240.552592980877	23065.01490246631	17390.06628115724	26123.343600655808	14205.603846627802	31812.25940836679	13915.46489529527	17025.330504955233	39111.819576445814	27922.572391479673	11212.27284582549
PWY-5918	1601.7139431513122	1327.3462368204046	1363.4655630337359	1259.5528427020001	1622.9044436582567	1547.1780575472155	1283.6619595445266	992.5088466970099	4281.987495470624	1335.0737296516502	922.292328516041	1027.759079156896	1010.1788097811105	2076.56210353896	1049.3037345002278	950.6197663918746	756.458164649015	1714.0916408221335	922.5213698282626	708.549261389216	828.9660465255214	1092.2099648643868	1408.8476271962516	1359.6370035750858	1007.2724379977011	1213.1491990455477	701.9060108632494	761.5836897649781	989.4747979861264	710.6398035561155	875.0297887422197	825.910393736545	1004.8213348484337	728.8809658530251	1393.7321385627456	1008.9635857795633	782.3640617980365	656.3777092872973	529.1127968467631	1474.6092645463561	892.886897970998	950.6703789213605	892.600947238522	352.50107100960713	992.0011451515387	477.2727521827123	1116.8507775509224	1062.840572456847	560.6066668964255	986.4149815937632	702.5315966108392	1415.547224536276	835.8121967288843	648.3446873331995	856.4870193523652	636.8836549350644	903.1587577127493	964.4585625478187	397.72539540634733	1422.152262811631	1069.7496426131602	640.3962386775438	755.2996826166265	885.7412229431468	637.3116477241797	1057.0410041219486	1127.274692123994	1809.809927240161	1190.3452450098662	345.6003959083128	963.5985710445741	960.3868855895796	465.8217814109939	694.964586826442	941.9824884159978	746.3766027625279	675.9904071625152	540.3663166870883	767.3103721368894	1031.8370266777863	1196.4091161834301	739.1874058605164	957.8204694667701	441.39927551746086	560.5358975144162	708.5685771637378	641.0218540112764	1114.5800644387562	933.5646412330868	914.6241042931323	655.3466416448017	1061.1711505413753	640.9704110108156	275.79361044310747	795.3777397828629	639.0465011177738	1360.8764108522323	760.2423058615409	2186.7412159419173	641.467234782913	351.7472527330685	730.0843239164316	867.9301711889642	462.87947204685	2881.810010579388	2150.649652384721	1008.2077361173565	1357.2309858913484	1167.3180012940234	1571.4428646725921	772.3780357033037	487.7507660658601	768.7164535311322	1249.959340613461	1475.6366400378006	1678.5278857092403	745.2351217756861	1256.4419399906312	870.069002910956	1022.7067482295686	1056.7927588300658	985.7961874066963	1081.2864275891513	973.3581464070153	1605.7274599479713	929.8167546063863	820.141392105082	2632.8959066524717	1122.9312051344727	4767.12079601852
PWY-5920	482.14538704786247	401.6436289056808	567.0384171450899	394.57632763345407	615.3698186856085	672.550780236982	347.02306024343073	425.3110738309585	1604.9226142776529	773.8367328455371	386.9345127330303	419.8127441327315	484.6169838304869	801.5420177818401	509.7792772591284	476.87578159616754	233.52517970651238	449.43035184334786	433.752759963628	246.39647342731985	277.65574517415865	666.4635905456993	733.2391826833472	496.5387062396176	345.54333169664693	533.3315860870086	352.81065853797634	305.81014699984735	180.36847892724694	411.3976803290793	513.6176475601546	418.1107357069017	451.37029893079756	213.8660951483132	719.4519782242866	448.7882467703523	332.31354848786754	239.82378489390337	172.05313324630265	675.5307114814476	422.2831939587655	294.5807159027018	350.13482996503336	122.81621918179192	585.4701134233619	132.23813964357936	621.6806214960942	190.44987860387712	194.94328859925446	497.52422330464987	208.70645795305313	826.8192131914103	500.67729908450013	136.30973631333313	512.623236550593	254.25856533595143	242.7990134534033	447.59937825242304	150.15216124343803	527.4011624366508	627.1840612155112	279.44483986984966	341.75547626944746	309.89798001649865	381.2315934326853	460.0241369975067	373.8712194334645	676.6396744710938	548.0228297485161	123.32966367290452	179.06467711032295	544.2585201233887	147.2556598612998	241.0589134676742	491.13879266643266	343.79737835945343	309.7592051902942	307.6554431077153	307.5008012243805	467.1159876907906	555.7652145428566	308.9197714635956	575.0016453786787	165.3448164077841	108.02877203833849	426.1991595570571	124.62726381375616	504.3850720742227	546.558449128052	536.4985433132333	246.4999103523614	522.7035505476434	172.96996390727443	92.7349955875095	240.8900496726629	221.35614517694748	462.12729295084324	286.80392794473346	511.4539119199389	174.55145064796798	122.31796410660539	374.4742751961248	490.8127933903709	179.53176781942173	754.0783522556192	1120.2348000356942	475.3327878306311	806.686438524336	651.2065032529463	767.3643094966874	346.99708055785516	243.61569582405144	372.13224569250497	743.9021592274487	617.4974093565713	755.4685544486842	233.19892180025792	758.9692297348088	440.23905187655095	560.6311145020738	352.28185862972776	466.55455924647964	511.3964223996972	430.7507210992503	765.0308197416178	520.295683135729	426.2807817939374	1291.7261374084483	550.5378497310732	998.8016151780992
PWY-5941	20361.514551137043	18409.013097552583	22831.38293755647	20498.249643765746	19326.250500285332	17823.601640176734	20804.1030701925	21292.41999460769	15233.571960687612	22965.846082876946	23835.053337525616	19753.09988744199	20036.1782642822	32817.736965258504	28510.587754035256	21587.115742141897	21388.390192956314	22227.157281065483	22047.79010603245	17515.163661092934	20314.021138888515	24980.544389938874	24388.809713431838	22848.47537035732	21156.983497652072	25176.119709523617	19921.147079339764	20436.384291410028	17110.17205964635	21796.507480457392	22064.6282169264	20840.15792823164	17812.410737665145	16237.326822822215	24539.813258479157	22989.186557717898	20736.3979148408	22571.881089967017	25058.025675743615	21651.08808600808	22242.71980782195	19847.276055072056	26928.11805552287	15504.592901394462	17110.847509101266	14207.121982282757	18036.169806124977	18558.79192133834	11558.41232957075	17859.784525042644	18405.250122576428	24238.018761132756	23609.373969831864	14269.011942366396	20485.9737431371	16043.722149642635	14975.201315442931	15828.540296425721	18139.76759821775	21572.659889282713	19772.38347404419	21273.09113885672	13988.768607313297	19737.51753073605	18281.206094954967	17756.1930169697	21098.978637405176	22606.1954460655	18664.284827129737	17118.521096570323	12671.082807066083	18849.04653365975	14003.340160325342	15043.43056119823	20840.456478856213	15821.942837659633	13359.176362463864	17073.45155846437	15005.321809826726	16642.800047537152	19138.847678915547	15220.628875759181	18078.346266018754	13693.052054533326	13437.361915630796	12030.741552105217	13368.293588705877	15794.824696543466	16543.876075886677	15938.47366260437	18479.960280865427	17583.36895820481	13285.913069541522	15579.269047678794	14783.275072765393	15562.63223922114	12599.20489615232	16190.244786827892	14891.00510125246	17147.06164450743	14138.143772139718	14414.088822391604	12794.11643041871	15885.636820747883	11293.440280217796	53327.91940104629	26020.472578320692	26378.65874477798	20194.127864161765	28828.349175014122	20728.933609999352	11293.970170216138	23371.37273486898	21575.53399266091	32559.545538548733	29231.83937659686	17337.66707776237	27515.91961746871	20935.21233749424	18619.495563343073	24136.01792096172	21169.619648451404	26318.409942411083	21419.97424979466	32611.98624883133	18060.051452067935	17091.56540651535	42787.39352342191	28764.748504011222	17113.206152505376
PWY-5971	14724.996209034714	13333.57074504801	14615.2962121437	14311.433703036664	13779.02455912293	13134.570874999881	13929.806380913898	16783.989720326204	19300.424750565402	12957.901835261036	15292.267475727525	14369.963896949374	14621.123749380631	19448.655567491878	19018.563208918153	12724.536151630684	12629.233298376603	6479.638093193502	9411.465067660214	13002.387859319868	14630.732587001516	14727.613563118828	14882.913600344233	15560.350120968853	14758.742537995862	12455.250178558399	10350.528074812924	12198.980310424275	16251.39565187518	11300.307526860706	12208.460343327622	10451.98846839853	12077.332610460277	17342.067399249052	13553.948460904568	14328.867199733158	13665.54886456909	15542.158504923947	21742.064059389686	13027.420732927681	13264.200391574648	17980.484575043432	16969.029699112474	11554.332679831898	10868.017992030072	9459.722898806906	11395.765886387295	15812.370406173639	8858.534863519599	12419.303105283027	13647.96447746852	13934.25691072579	12952.272595775126	11089.421941820718	11434.287716161574	12227.657392771598	10858.487988747065	8402.111494980527	12995.912472822383	15781.356929694159	10397.495767820961	14960.392103592425	7072.589295895978	14358.379213131999	8627.23074748683	12288.620497917937	16593.920615267605	16271.235597126572	10712.519769856577	12071.52007004484	9612.984551610456	10624.631208191748	11472.243544214456	10901.018209603224	10266.749842087831	11852.40526477989	9786.150403206817	11317.267809956998	11056.380207320059	13866.46977894396	11754.956088806279	11214.792888752227	9982.624562247629	11085.90714593802	11376.59471442567	7670.786844029744	11927.110629551862	11685.452665109187	9797.688552295313	9991.61987080601	11603.061175455516	13133.920975751884	10573.982563814267	9766.48403198836	12352.508409145163	10627.717067843745	9372.033354866875	12668.33467972487	10985.873991541795	12462.331848066462	10716.741297145836	11319.419976185025	10905.544733123654	10331.880655929157	15752.639341235563	29475.74264029422	17548.845449447257	13504.213836029689	12367.593864165741	18275.308383353713	12613.090215356053	5458.736183484758	13832.533938780087	11365.016657746548	20172.867874592266	13135.487177753841	11778.53075313996	13364.706285477303	13645.24616065689	10107.052701770268	19016.43900414169	9399.098319605466	16079.977102938847	10583.36805030405	19419.969957423895	8557.843090158374	11111.556205697	18777.645043341457	20856.111458384872	24734.726875474764
PWY-5973	22175.468202221386	19506.706110915413	24155.47727907439	21857.184768476985	20946.418400250568	18945.933653952787	22025.466810897167	23046.441746530894	18441.54075158834	23221.757145917516	23976.431385978325	21188.034780210535	21128.42123568849	31390.831396483663	27576.1813467202	24005.52221275524	23007.615215476748	22904.019678388424	23322.583238898944	19379.369724496155	21304.30896637373	23729.46584824818	24840.46133942446	24446.170979290437	22404.537772244275	23410.22774625678	19509.424988355506	21087.7159076158	19418.559589080414	20549.936693972013	20956.756115625096	21453.395556013882	19387.89935168251	19909.47455881607	24388.849807532144	23561.481688834563	21153.241083446334	22896.50901314553	26366.272450144512	22174.999485536628	23321.934060619165	23163.002526991917	28531.195384050698	15502.110513146994	16515.186191685654	14422.52956497913	17499.335652073827	18653.8951100778	12183.100682238526	17452.848547363694	18917.789901414708	23710.868003331343	22627.96352084958	15481.475254899653	20396.94995541913	17300.70281501167	15667.724988777254	16028.191399431475	18423.2735777885	21646.114579372068	20352.35052021071	22063.769099920995	14086.980003424296	20773.65956837636	17053.21369110265	19112.648181327444	21854.85607909672	23719.375770919294	17932.56395393709	16883.85232971194	13007.204637624958	17938.33745744396	14504.252491545802	15488.374352885858	19937.39924492635	17003.14657433952	13849.347225817473	16556.192338442448	16001.002929920636	17759.47373664833	18514.11313942037	16357.10107464469	17289.817836451934	14259.438897850687	13589.46672240449	11859.467452011788	14245.625887315462	16816.112418914687	16589.612402864608	16143.29716097056	19250.51743121141	19695.508610845674	13939.040722718648	15144.408743792927	14721.196565692564	16462.230169622566	12947.87073715209	16590.615329044922	15453.109954097832	18365.883136944576	14014.234766142426	14927.602700811849	13644.452193870058	15977.85482594645	13590.370180135085	52991.24011137995	27043.377971110483	26865.723082864562	21287.201513222673	29093.644308029205	22115.701315325783	11277.616053035394	24918.790936115394	21140.243779775075	34203.564086324586	28362.501501795676	18775.983322717966	26044.59302144201	22647.835915061296	18453.339382811795	26512.160649422967	21036.600929406875	28448.843489148334	20794.84673301275	35009.52180343008	17846.48047710024	18276.248035975583	43591.235060553896	30535.20982952099	21046.36533208948
PWY-5989	11823.426263193558	10779.881288432507	11453.943754759457	11470.404037429736	11062.071229797197	10668.212794637486	11032.755182727513	13903.263931059062	17510.37651044095	9865.765455658238	11961.66280375835	11673.419685936977	11826.188001377213	15082.193260037186	15267.007002697199	9742.563760007772	9608.315302998104	4384.658197138298	6734.141623857371	10507.888023458638	11840.675156896155	11407.377784245422	11502.172917713038	12327.876419872426	11759.591816773684	9248.237293036496	7768.590894358749	9451.852816380291	13867.851598325047	8495.675928029981	9342.261528025234	7751.292728395064	9494.95056506784	15067.053748477607	10272.029891568007	11153.91003449862	10830.75049806113	12381.794127918069	18630.675001617914	10067.943519967133	10209.845789776104	15287.94047069181	13126.868187005442	9442.455918941001	8558.733185968922	7485.5941331065405	8960.223911778494	13467.010934643116	7251.401690956338	10041.613328758169	11080.610004971813	10675.369635929628	9869.894421168286	9018.92547068478	8683.597835703622	10033.926307511589	8779.98629504387	6283.526474461583	10532.266414691492	12789.03048118615	7733.860301480935	12047.563334124921	5237.579729180494	11636.778624925419	6345.366475973839	9753.256220103884	13812.175655072235	13139.396564983752	8242.107344143897	9784.69437815706	7933.819448099985	8148.3394195559695	9598.959726806586	8866.140236346579	7621.504783274957	9667.547664068183	7957.018431989539	9075.226769156854	8956.682679196047	11678.812966008052	9176.647869677345	9074.829065621683	7592.993703104471	9248.94328004901	9719.885999766919	6029.40199470632	10216.954790352262	9499.208399302672	7536.091347651723	7810.990282104673	9020.912411709023	10582.400331911389	8842.94960030097	7637.430984032376	10580.886201341824	8388.986282170756	7663.400706419895	10608.223985848388	8950.299491231639	9980.952691332808	8882.850368916615	9356.08001475516	9282.48643742032	8140.41715572406	15269.978739548647	22374.198245312647	13862.28316039266	10039.672872908071	9474.23602014849	14324.92361449379	9669.622233646416	4007.659887267498	10530.725758676866	8528.879097712548	15499.464947895116	9520.553148009005	9239.83314142374	9881.445021357022	10562.530458465088	7628.29104715676	15535.101795822216	6787.222808871963	12296.653792426825	7828.1669870558935	14750.525246703508	6265.824586783017	8734.211871872612	13484.800432061173	16938.161189098166	24029.33132405578
PWY-6071	260.4410744274158	219.2292483275401	346.13943113148247	213.91844574585073	357.7781448913813	417.92007103649803	184.37812132268442	259.6413926944892	3329.430397998284	598.9149199650651	228.4603749326568	251.84509826867597	307.2976083069822	1129.9901422792288	326.7060736240152	316.1388256369649	125.8877479898663	872.5301374129899	284.39587909849524	138.57158953974348	154.33041241271357	571.8803734254594	499.8505823506992	286.65038075259577	193.2963807460781	682.3354498867322	236.17512415849527	178.7357968843981	87.90630731955522	317.91898611975137	403.97053678246743	279.6610880965367	290.60969968677193	113.75173416340927	669.4773292121412	278.1144058836208	200.02604409923188	135.7266700799971	95.30475132172056	729.3584609187117	268.1699196941403	156.4984346709449	203.14534620151497	69.01742767836825	445.0402550116251	69.76868285229165	455.79880487735477	93.43311189047115	107.90498904651952	341.2812667523397	110.13256557301192	704.0169878546078	406.23859465620035	67.9348474424295	425.33488273915935	147.72676184131203	127.3215098058292	496.41056608121613	84.76432806785074	309.03203963983	533.6298713746239	166.76995096883496	387.75566541667627	173.64304972578574	301.55134633025625	281.71394173284045	202.69101193677818	389.0439926276987	657.4124211052258	68.68608423480168	473.0737605678824	516.8774889241186	81.19429671782272	135.12399413656925	466.37653692298784	219.04843710612622	202.8071884090695	265.9689260713522	179.529056452732	290.11568373716995	650.1181500641151	186.65772575218247	450.39556332357404	93.23319829520209	53.73725765824301	334.18461287528453	60.41961373581643	314.82912246331074	410.4638319050529	403.15778242919106	141.6020033430126	334.28670039093964	90.76192305378076	51.02692790563198	132.01300143922506	122.58774614323477	744.4913645852254	163.19015758293364	1283.7088457645461	90.27637392671004	67.5800721631931	253.3360564336123	348.2262882122692	103.22036590952985	2021.2563801842098	770.4814668679846	304.4350454222008	622.0241056891011	470.81122070372794	520.5017357271842	215.64963597531704	165.20502509480474	239.48498068101986	635.2460113396747	372.1870651277723	857.4970482803221	126.98119055646062	601.6534055632721	302.3616822726462	410.58380838115283	192.5979490979673	306.5797874891529	323.83527214943064	271.25630357635555	492.9743112847419	465.3226926947883	289.7071113827424	1332.054004701706	358.2128195375363	3364.698682817324
PWY-6121	22685.466105592714	19896.246732949647	24906.754787684324	22412.83526352502	21516.966141544577	19075.31002998475	22580.38738096468	23513.878822223312	16696.378973003255	23727.882751232133	23787.220437278345	21292.382713786035	21304.057270003294	30580.0878285447	26173.551876950052	25233.156289780516	23838.5087486563	24311.228752790386	24092.952644896188	19272.515750821687	21621.972876918117	23185.60759554258	25270.766017248567	25324.561631182558	22404.762410622276	22706.6891701989	19945.5199720263	21477.40817318147	19169.343010732664	20556.851352114627	20646.548618177352	22232.787897961483	19877.98846871053	19484.54776097654	25184.887272273983	24175.892715281225	21141.407463946463	22897.109198096816	26236.82445891505	22494.604172826785	24288.94440648881	23390.764620295136	29087.569591177828	15064.736655599885	16013.993686563383	14452.202713583101	17204.070414542268	17360.54734150281	12245.163953361414	16960.38911116976	18710.01553403001	23824.74187495405	22796.945473590542	15240.018556380799	20780.425042963157	17615.995169798363	15662.720677457768	16428.791726244996	18320.376462526823	20402.05795156723	20960.626556020616	22420.560707977715	14584.546013534746	20727.763966774528	16902.40980997544	19476.50910751813	21887.04315040187	23818.07279554793	17733.40816638393	16423.232991812754	12879.93832577674	17757.677241470163	14097.359254682728	15444.616622071333	20147.09476260681	17272.10502683453	13847.128760875656	16529.446328456223	16135.366564640397	17693.077543836214	18467.66752295137	16713.71041514672	16999.80037481482	14248.57878697412	13185.822813710427	11636.969537626734	13810.918192188676	16777.050942401762	16712.146509183105	16574.86608170671	19671.043573610823	19977.420922487327	13699.002524520634	14655.938940772812	13981.707486746189	16940.772571893096	12707.698150817609	16618.23679754551	15139.896671528792	18502.678407156895	13504.224011022437	14404.311410557579	13711.740521291757	15715.566603694228	12559.801910128086	54510.513385317114	27108.289300022596	27628.943928084085	21577.252611817035	29235.179449805833	22787.248106166568	11588.201346214415	25699.60005733243	21424.5185577791	35034.37886247251	29049.361134537703	19165.99285294661	26089.793343467965	23109.086256703926	18807.10764806284	26663.44216874576	21764.447765637844	29213.405372361325	21210.167601032215	35923.80248602139	18399.397676803594	18558.22154109854	45122.76861401437	31040.61312266831	19246.87688139381
PWY-6122	22045.46832214192	19261.516445847377	24228.02069966666	21750.361570946046	20908.36730844408	18499.11156863916	21960.489855909487	22816.548246312195	15793.67155952148	23038.685996598913	22842.40000694335	20765.05595722456	20654.84672680699	29060.062718325986	24928.47265235388	24986.79202381989	23398.592996487292	23901.055545370058	23710.265396559676	18921.459181289825	21022.368441244707	22024.937873963067	24462.995937080712	24647.623957954904	21789.392495833188	21289.129789849594	19188.921492766003	20888.263369701723	18506.322877838185	19444.27438813052	19675.448727646606	21745.91265506519	19551.81954343529	19088.509320778096	24261.617725857308	23482.53632534837	20454.38690876666	22104.355203642084	25151.539515121225	21755.50398031783	23719.021866798485	22812.193971513043	28340.026244244033	14366.86018623614	15126.507954221981	13862.693417668206	16334.446141224691	16234.693783191571	11785.787063649403	16101.763059311714	17879.326197908453	22687.81815139738	21636.982828260632	14733.746809185288	19971.43079578209	17106.66935482006	15021.907537389368	15855.234164763096	17620.161867892886	19350.46419580095	20265.424562582335	21639.116411730796	14071.706948523215	20046.376254455387	15976.724085433056	18946.767944826548	20890.48942588781	22812.149069492618	16922.56293579523	15730.341795241828	12275.451284242721	16817.814763354403	13540.261479638339	14824.29535510142	19169.784054659485	16728.14248266682	13345.930557904676	15743.94871381049	15618.364519629169	16954.282169131846	17565.298292085037	16240.637794822993	16198.974776752933	13645.65178021752	12456.779465493286	11216.870201095153	13236.090170270778	16150.279034142859	16182.220635074382	16054.790825573906	19111.840910163708	19444.577113868316	13178.965357513118	14090.208239859681	13214.056452472783	16507.44958320898	12212.40059194569	15905.303614575725	14506.074543179684	17952.86688998795	12851.75984696536	13792.752155582953	13184.157249327447	15150.708112681865	11857.48466787461	52648.94937399421	26356.042009095407	26837.293500744567	21042.348564114323	28166.40281386133	22343.687463386428	11269.235147820911	25263.0806421424	20510.419644013833	34082.1558975755	27891.74811576263	18860.119915566655	24955.436924079673	22616.75716726878	18150.17761119421	25849.831815263122	21057.434623967587	28602.238281577116	20351.637763876188	35213.450678962414	17732.37878101313	18131.344810497765	43871.79525482124	30210.850515741437	18162.693205284235
PWY-6123	19354.056214515716	17063.082060204742	21406.866736416454	19121.101363065096	18410.324966479053	16451.284404698545	19365.62300142095	20010.88797038878	14482.363854134179	20597.74944870456	20696.53041294802	18422.54527961437	18347.00013428249	27128.193997896335	23298.078758135933	21673.69332970444	20395.47399880825	20949.841076091023	20818.425628582077	16572.305854480528	18584.192768131685	20558.69502304433	21699.533107942825	21562.141487087938	19264.59888793049	20544.38411074524	17357.253210899173	18636.768591417014	15959.950814389591	18268.06154074417	18369.494710539984	19238.557078180416	16993.91863721157	16243.97379221124	21842.14382428011	20818.87334044805	18326.075872956764	19801.278772990634	22295.103077139014	19525.287326351485	20843.569676393985	19822.282879184288	24909.418255856846	13153.96981456835	14165.57396071	12466.570609318915	15130.26665905235	15474.867983533788	10521.82662119937	14953.207816903958	16142.814853329757	20921.617065841634	20031.35491584337	12958.174364167813	17995.364096178822	15023.73918022609	13432.291945130033	14193.455486267616	15905.266556360066	17930.06716507871	18041.193520665183	19269.131438387147	12572.854482132934	17844.26445812939	15096.590522817043	16675.521585985472	18785.391599758757	20439.78322725149	15697.138584432136	14445.240505241465	11149.069845099868	15738.418315186285	12166.435012976639	13335.24371444829	17720.32745307136	14725.862625301124	11923.334060912446	14483.91325994041	13762.34478678924	15184.347543742666	16210.55420728698	14259.728464793172	15048.81246343299	12219.920516925784	11477.177590086954	10265.21609279915	11868.72976082687	14444.089333645776	14616.341956340615	14327.743204140626	16866.60979697235	17074.752534951334	11822.640585701994	12877.15016690053	12433.305128331465	14473.727667837951	11113.814565496903	14418.433645563051	13289.83282317423	15857.330303049745	11889.924641295238	12417.259383435185	11721.374065178004	13724.88392189251	10769.169557438001	47200.58519244827	23347.00285488389	23854.269894582183	18582.139133063145	25537.839924063766	19579.10697753637	10055.253037606613	22099.388811734843	18698.518402473248	29949.90007106074	25434.857872459743	16387.982803719708	23211.78887487434	19863.108056199726	16388.656965089947	22585.907476208402	18892.516254169044	25078.688375080423	18536.641382035752	30726.067560699536	15973.013766016738	16012.860926511908	39005.564003834326	26794.2670858592	16674.890478907335
PWY-6125	15185.498806505484	12639.459732977562	16445.19170141438	14770.671255572826	14652.152770798135	12411.199225244934	14825.804333554677	15882.327428456503	9785.494403876397	14431.550940117719	13011.705266974152	14769.550876888537	13505.381767315312	15389.334585362083	14632.999753455428	18804.130340907115	15743.788558603239	15831.070934618449	16565.077896076124	14218.284773968522	13777.53766512486	10706.658602756472	14831.91078619901	16478.971165449522	14486.41568118362	7832.774728928637	10878.052318588183	14171.978256687766	12934.66078771302	9022.660981023588	10325.792867296088	14544.511204010128	13929.78460929201	13984.374961142546	13901.720802574398	14510.839141750537	13060.096575434522	12568.01722821069	16523.94808243684	14230.087654498438	15736.616558322425	17681.168208045136	18672.79295269763	8077.844920457446	8046.334793408913	8275.852928782664	8620.826258619469	9360.896601803572	7413.300600581032	9018.436581204462	10701.942881751975	12431.262737728348	11314.471787634036	10002.096322180281	11780.86699392543	11849.299413742005	9890.870675975399	9664.70045132916	10762.981815148547	11577.262921986692	12631.664020927456	14182.593210677058	8433.999165266829	13428.16117691602	6317.729650941946	13200.238610477394	13216.60011041306	15496.726088784333	9239.669933283521	8974.207246908569	7978.135102553947	8365.051654707577	8295.959652720298	9660.34201858712	9742.77699920657	11610.50028740792	8695.788708384964	8762.770313709625	10621.726592453513	11529.978498996057	8948.292228491617	11211.332439513128	8332.783564636655	8267.671333396132	7337.6070996170265	6353.44494288813	8528.291607157435	11209.871243486363	9927.289653359501	9822.772723772245	12338.78884871942	14023.770927594926	8708.763009094822	7178.179250322468	7961.062973823248	9986.683685351978	8167.668755183196	10353.99667121698	10004.42613726668	11657.134915340237	7423.986107781085	9023.891808567998	8791.115261065615	9033.043839395432	7869.509699392236	30978.383958908744	16550.49236381183	17244.119274865297	13515.156881040053	18139.87945470528	14927.478321688845	6632.598362544242	16870.71557952415	11380.774388366619	21069.287539256868	15118.704026572448	12710.197987170654	12955.447488126705	15067.337726796784	10367.733851742636	17649.360637546117	12231.163024526306	19459.78160686667	10678.375605589476	23353.072024966794	9955.583008960028	13052.957993343523	27631.741420559705	20808.473701068546	12071.209225824125
PWY-6126	17426.704509305804	14628.930208737664	19038.87521835343	17033.758406516412	16783.04133595418	14342.751062576153	17149.602845941845	18149.55914606502	11533.480054004614	16954.70545844176	15427.146811864615	17024.54530087619	15664.914833311708	18559.186580899397	17458.244561863004	21627.993923279093	18239.13604517212	18570.993429272792	19291.25533631329	16212.385156915636	16017.781698792222	13085.65225886231	17431.607438993862	19008.269121456484	16768.899157594755	9991.736216751076	12999.933608876121	16557.272534718526	14469.421016379412	11111.533240767963	12533.571356645758	16990.39094175621	15934.583774836541	15603.11473828466	16497.137159965485	17050.91672568041	15313.074156868937	14869.977710662632	18959.536385552838	16570.200333388406	18325.930862953006	19936.483100232446	21615.985558722296	9546.655200156249	9668.796546400621	9709.069544341737	10360.218624234776	10981.947576525177	8604.625751255973	10738.425446105843	12495.003952633502	14865.412474159106	13663.632080496696	11415.736588681008	13920.404162864339	13610.124521926151	11400.647618176437	11371.502467604334	12624.010701424777	13540.245289493798	14778.293681264633	16423.219488443287	9946.947382176577	15541.065968091307	7975.536200110494	15151.908951826897	15306.79023577051	17725.454913663667	11108.884938904399	10669.445338909714	9233.8308664508	10206.972718015251	9649.094265727212	11193.938435282858	11826.10759413471	13298.336961949137	10069.169064114085	10475.22282296549	12188.96365707779	13193.571930579019	10825.717167214654	12835.331356012834	10095.039113490955	9631.726016775607	8582.886150581337	7577.893669141028	9858.179151483448	12850.033342043762	11685.585410139214	11533.762419927014	14347.64343340657	16023.201949821694	10095.53925539054	8696.791623649084	9359.300551289794	11722.284134145022	9434.922904637717	12002.586750276936	11515.387903587865	13474.833914808107	8809.089205253455	10373.727008166221	10102.245850819381	10680.979309447215	9176.85470295204	36693.16115877085	19312.872756432505	20186.306546295466	15678.284113075168	21150.935636409038	17291.922605481184	7857.130185739795	19565.366750290334	13596.789586743924	24565.209511106998	18137.313649648193	14624.41604858049	15706.554574028634	17369.70425298312	12331.639155809398	20131.456018752866	14512.209776967988	22430.581568113103	12861.22113400234	27048.092422048943	11879.510340230334	15035.395144851558	32363.261598237354	24086.061721069484	14122.865714765408
PWY-6143	43.9426421233758	52.085563599035076	42.71130330305932	0.0	0.0	39.990333170168434	50.46776303044419	53.648930233544114	68.60550760610342	54.018965823097105	34.49381716412372	40.57598274243862	0.0	0.0	50.78716491828783	0.0	50.3511405520381	43.97485819805051	49.013145841608825	52.36422210533035	40.98757956685426	0.0	50.07096650797781	0.0	63.272830184645926	0.0	0.0	31.88029717793973	55.11864502577208	0.0	0.0	34.874075652301805	0.0	47.31110177408831	0.0	36.171646769500164	42.832593394107064	55.65733773161135	21.84065973744182	0.0	0.0	31.470019894146798	45.197296065466	19.795596797749287	0.0	0.0	23.688571740910763	57.38407936018685	24.456580467602876	0.0	29.614390436931398	0.0	0.0	42.17484018975467	19.75137071958929	23.643423785115672	12.883531090923398	18.643509150211774	26.581976779089292	57.91411105027702	27.3790369918658	0.0	0.0	49.669107035803066	0.0	0.0	26.671045897895056	35.44205543775408	0.0	39.97341038401422	16.767415539843906	11.886893620020114	32.44971851225763	0.0	19.710454606167474	20.707496548474467	19.687849320529573	8.939744145795613	18.788734164539413	55.103759650033766	23.70888001548578	16.830139147511893	27.49368924287403	15.830460862241246	24.600826193950244	8.918565985873622	0.0	30.246250178754654	0.0	0.0	32.373319302159764	22.61543269198173	32.07838434458773	39.158979923561326	32.98196333278101	30.33680391363121	0.0	33.935139308822286	35.965265254047125	0.0	32.17410690448418	0.0	16.782831825429167	34.17421863830888	65.44749431486768	70.65703074289547	60.64332237438149	42.97766119848468	39.21538862701358	52.56477327135838	34.19158315093772	19.477803417653544	35.09092216971563	0.0	54.02611751904503	32.32120419680826	35.11392122830654	24.573882847254076	75.76899931104124	0.0	0.0	47.59833364135135	40.17805846949194	45.534159787583036	83.45526131885077	0.0	38.450691047182254	55.7828437056847	41.85518767678735	98.3862673595076
PWY-6147	13380.157493555402	12263.840574033784	14194.3576093571	13220.849328104727	12794.051264473923	12002.039237750425	13364.648995780924	14149.19175761872	11814.10807337878	14547.504745864977	16463.679869352825	12279.120926474454	13309.166944451164	22670.104363661438	19023.058870739118	11279.779800194246	13226.728566502534	12284.975687997196	12063.695756588417	10615.605570978514	13160.926015576199	17403.420004773554	16094.31284949261	15073.882661088013	13990.229882182743	18152.626399440673	12821.027459903415	12099.527828891498	12925.224697443791	15260.49206945973	14754.165764124305	12162.646487476382	10839.01347070807	12320.665623436405	16437.72724009749	14791.14128375005	13372.941736170413	15665.198481675328	17738.94256447724	13992.451472943148	13569.359918193582	12741.229765249469	17360.80906116041	11154.404680451806	12061.782224247412	9805.228092844678	12777.615888750544	14073.036974718947	8065.219833071837	12588.732931594603	13103.020894211848	16742.609066906	16135.961006198993	10132.111534891566	13387.735076206209	10266.145484975836	10356.47469827735	10125.07313300499	12192.77204305436	15786.44687351887	12651.031077416343	13907.740415831004	8919.364397117866	12950.455642888968	12862.918029417113	11511.575446448283	14778.074965181206	15657.015606635785	12517.993679900117	11856.548712253665	8676.319036973196	12937.526125532417	10139.340732582743	10106.916021065965	14217.507004776227	10449.529649666865	8908.858100413148	11522.107541550393	10052.181635464418	11344.719805112089	13317.916747473802	9864.12129346804	12464.285151190703	9650.638855688912	9776.862431151641	8157.41299202339	9438.695067518163	10498.144766736177	10941.060079685172	10554.230192971156	11965.03309897941	11163.558491970902	8878.18731824218	10867.811202292181	10542.626303617757	10333.24284183825	8626.373810672549	10897.644221256533	10116.457585342263	11627.932103176292	9790.557116400832	10299.3356390608	8821.051242281172	10681.118101732978	9123.58323124373	34663.3177525326	17365.097757321095	16411.001945099808	13497.993288524038	19052.545907254458	13151.024954514263	7286.546014040888	14447.759871975124	14516.720901182247	21703.667458571275	19609.535868957846	11218.917973025415	18788.111832342693	13877.624824982864	12340.848514310543	16820.832489952707	13621.108268660872	16624.161825076208	14618.210620084721	20945.902004384465	11845.586859230974	10348.875893212526	26770.503953241216	18002.052135270093	14218.5079952884
PWY-6151	14055.450795789497	12669.998562072762	16045.245188812485	14167.960997859265	13322.072016878557	12163.569416784567	14553.296185124102	14506.00992704209	9569.545515437012	16502.084712497184	15802.336019564802	13690.993436652283	13578.53716646184	22968.74129587519	19045.498965325478	13715.071373540222	14777.365356661323	16187.146295368413	15551.840105117635	11578.001713745252	14000.129640324609	17264.77902462228	16891.67602611425	15925.020817294448	14342.894288415537	17917.45212522094	14280.368903848588	14573.32598356004	9314.747785112426	15578.276704052518	15676.949352007805	14893.178829024097	11498.017216639282	9465.100498160724	17707.005379128266	16252.237875421322	14421.404764410669	15001.289665011125	16007.853001540498	15529.235577973574	15626.080469779587	12313.54404837586	18558.766186219123	9934.404126929025	11568.250997987481	9622.591211247289	12289.184071923197	11447.395536366312	7509.016300684791	11949.356406154924	11565.67945377197	17231.113537953683	16926.19121564037	9129.00728929088	14775.32725879107	10770.846427478045	9961.613804719724	11770.567836204798	11909.081473247365	13416.110443424697	14721.679617986305	14363.167533992393	10406.273133739602	13272.989056848333	13011.228013477554	12262.088447629783	13552.395917921285	15028.692970252963	13224.084286064199	11185.999423836432	8646.698452618115	13331.40118086018	8860.704818255108	10089.679736850068	15081.75500919001	10822.894292721572	9122.596553593174	11798.222746879283	9999.921660659369	10621.669597039385	13285.070186783154	10230.986787564072	12612.303910437806	8593.009517395138	8289.298841001502	8283.676855502335	7992.047301896082	10883.290726765264	11732.17540186974	11244.415007884814	12835.223566702894	12743.904929908273	9075.597657672855	10295.711896164403	9303.500522331728	10455.880032129071	8669.114531083364	10717.650524844328	10554.071542961921	11261.37499154012	9026.948650154558	9219.008102730364	8614.426538667027	10720.422697539094	6797.9553091532725	37955.45311158335	17824.458239807464	19251.019501349925	14005.955432704572	20068.85080202675	14671.187073081506	8173.792185537905	16518.149642864442	15568.914437007923	22541.30367804998	21337.808617099432	11693.157135528194	19390.059541735027	14963.415449241635	13367.62675091921	15719.566083140342	15536.687937084142	18527.13075377107	15256.761421199599	22997.559726310803	13379.156008930002	11977.949756331023	31973.358647227422	20190.423960217115	10598.646657060423
PWY-6163	17934.57666367695	15665.399202506635	19730.145823348077	17698.004125189957	17038.97375909089	15326.056502626563	17940.990505142974	18582.305008064803	14813.686021400741	19001.130161386023	19000.979676256844	17267.41037645479	16990.767428315503	24814.653715230073	21585.729103978378	20460.208296952685	18996.072780802126	19529.69465880286	19571.742808150935	15822.828399856478	17240.85970150812	18710.7806949185	20067.92696999874	19903.633463341586	18064.708388168852	18209.48569909836	15691.605286511445	17264.1928949913	15104.365458874807	16182.77394420082	16633.985475916692	17820.99032916047	15996.915322803858	15732.984565760513	19776.585795740364	19141.325321869575	17043.453475011407	18248.228351540038	20567.661129117485	18025.73770303116	19211.66957566776	18696.248282814628	23127.473689710052	12054.041268553365	12839.551154085708	11378.60312712261	13754.909749413915	13922.427426085713	9621.339802983706	13626.788955733256	14732.345379078995	18810.46623601702	17834.560916879906	12227.590385295412	16324.925298911892	13922.205636341472	12343.77270769465	12963.985147695292	14557.740167614042	16712.505890958804	16461.680510130944	17617.02231065838	11406.967692771583	16618.947695987827	13432.066426246625	15542.49335919827	17031.60262477539	18706.9637377631	14302.049377361569	13305.023544565383	10192.485324312405	14108.638049944526	11354.940160146576	12220.597678366568	15850.615831849242	13671.229912815228	11008.663775276646	13033.66527502785	12799.054933313662	13868.840974491539	14646.420181072743	13193.746631031228	13741.027035531759	11121.073928730257	10334.337208601832	9517.662600546091	11023.893295926458	13348.53203498589	13518.886288178464	13142.86191382696	15596.114375772038	15932.070415671766	10972.180348843614	12029.24018983031	11253.465702083808	13332.211521857485	10401.422555428846	13000.583280861723	12448.24435075461	14669.188063814021	10864.45252628121	11673.11460542266	10776.79440165061	12732.74863835033	10819.044937714496	42954.23241816814	21845.310633313813	22062.33990783361	17358.178819127057	23437.029617611977	18258.650694329655	9246.802358227087	20655.53754257171	16938.154561446605	27705.574406984535	23044.82294038141	15390.9988965715	21150.106473716165	18523.429633491523	14930.143055695342	21175.48917536181	17159.053989141772	23326.789402115082	16737.77778756106	28848.231003717487	14485.622971970586	15064.994139967996	35934.378958713525	24951.4004115398	16930.69065441566
PWY-621	11764.493362764568	9544.591595473776	14134.39544879418	12008.781468186407	11556.861178447296	9451.724571965324	12004.358766207095	12004.860516803228	13039.813319863568	12175.119721513563	12254.845293063961	12345.256011397329	10142.78244960644	11920.950572913369	9448.953364035367	18001.792221996227	13508.180756727364	16085.646118700288	15968.946027101898	11455.282636147585	10753.320197330318	10196.365453153565	11545.134378332472	13060.778419283657	10854.785534757659	7413.182146581501	9043.050203248507	12719.806304900587	13680.43164049577	6038.910013085439	7663.444479049452	13505.842615761574	11446.303792775097	14731.89821131728	10890.949349614073	11614.013293054317	10178.86819428445	14074.388163810743	12607.369540083293	11659.005225373172	13921.593020639428	13876.045903559978	14733.789907442135	8779.137351341282	4732.427829720928	6440.5943360667225	6916.860089219225	6074.095576719912	5942.094714730718	6314.690430469353	8841.46191514805	8582.944520315874	8234.482214991893	8244.077344486812	9128.214617183941	9447.681239821624	6645.4490316758975	7897.641730248647	7532.738615812485	10372.318756688908	10326.255131592228	10863.295302033937	7006.089759000738	10155.838124545531	6467.279871510884	10351.964517427203	8487.33399035673	10671.959710617957	6692.493536928282	7962.610998698764	5339.051194139401	5815.650858267183	9271.099398436614	6835.756288776304	7361.669398023851	8973.87516039621	6126.041589046037	6035.9482285788135	7851.14919660525	7650.515982440193	7827.473862445386	8681.370975294843	7065.392845977866	7044.580942632829	4977.967377122758	6525.260288965974	6875.452164907343	8183.504796901784	7776.3984237397035	7684.1426172090105	9848.435602973175	10983.011855391827	5959.631700946278	9506.83638611825	4541.983264079857	9623.244380075606	5888.7114110411485	7173.162908668412	7288.079805648924	9672.715984176815	5006.294214735571	7442.609142922304	5905.873389443803	7577.54419280438	7455.067947855353	25003.061302812926	14671.669140329728	14926.399818006441	12471.695682388596	13272.50444023389	12407.919068888708	5578.555835526854	14412.984361785371	8719.294239782192	18948.179725458842	12209.145458770769	11376.152982885424	11512.162900244351	13129.233843059663	8333.731788644796	13716.920165436562	10207.642787523251	16039.7835402138	9355.44764229692	18969.697405307685	8178.511209532191	11252.871837089451	23949.6607568929	17518.107532715803	12358.007118299405
PWY-622	7055.525190093451	6449.127144202118	7332.427804043314	6549.653446106174	6755.61937876675	7498.731524926409	7463.647638393041	7526.5267330904635	7662.887367023897	9301.275090024623	9241.639310016557	7983.63642325859	8210.955801115533	11606.198825662575	10309.763846226517	6646.407754446601	8827.992410796847	7913.936470072618	7858.636893017801	7745.201686428778	8173.465489616622	8452.726444318436	9849.218567227153	8588.01492095777	9369.934046925036	6158.758554914103	6553.445336725213	6395.167692966746	7259.322332837406	5935.453536605218	7636.3282332513	7355.5035101728	7748.856613870221	8858.480376034282	8777.606807161832	8987.047915821535	8162.350254295285	9329.851690198797	8768.87940065982	8301.093167868961	7844.454637918551	6498.144244873168	11186.120818007683	5318.844998942841	5051.829430010251	4971.898339473939	5958.682333674904	3580.2413051509325	4292.317654300118	5831.233993628469	6366.3342782791915	7461.794657584981	6092.683656324899	6176.3627079867365	6629.836627427395	5493.452077811003	4731.755945508714	5348.30854800112	6773.794493803359	7166.158470975954	6439.7717654067355	6888.650754552335	4323.955006535127	7519.596067464148	5259.968092906937	6675.001854950492	5678.589494851492	6133.522181049618	6756.910236701496	6597.680146912105	3627.9679304227857	5610.628889001668	5575.894909341538	4805.540093866513	6278.353967114277	5560.986378303014	4851.4895192903505	5259.170425756513	5722.357151589405	4748.824715761932	6467.229577927353	5530.647461897434	6427.323819629805	4741.220297499551	3503.5748221054605	5181.782050008657	5068.881311395914	4780.753345879467	6919.031638771303	6352.767450844334	7234.8243689324645	5350.514438558035	4458.644980120776	6014.594049239425	4345.502159890642	6737.445661472665	5386.963319955571	4401.927764930873	6171.315366565734	7212.065466369147	4772.779308109081	5674.940344017158	4255.475295680534	6600.124314033818	5177.662726365785	19171.75611184909	11728.86973439425	9625.276783383975	9530.069370148089	10250.26451676638	9155.477900109649	4752.74315074063	10386.295109705421	7295.894028157053	13758.495183503814	10367.463899985782	8347.76012866566	9879.416181722732	9747.489735808642	7257.440867229692	10082.609347868904	7453.689593287488	11038.540186367742	7565.4699269120565	14836.162605626	6363.09659686424	6612.428951817062	16224.207561820194	10600.70050725285	8147.899060069811
PWY-6263	908.7544579667775	794.6119317677573	902.2632107525434	1155.0954761371083	324.5831017221381	630.7015080852535	691.2592229171245	1361.7920925204196	3923.3733152709565	407.1790256976614	621.8758100121437	794.9976909205365	791.5431983723066	394.45085366072124	260.6606491515859	346.73933092866326	511.4912818893382	556.5082793762325	558.2676781142882	606.5549658070952	832.2312188038699	158.53156486958758	494.4435422518674	341.77337128542126	454.9621222724251	80.57806876913834	184.68529129823315	469.509544188643	581.9225135179418	135.08217269215933	113.11079079232125	251.52309548013884	654.4282655659247	1079.4748413101404	322.94990940411515	604.1523499708577	626.2252527540988	715.3457542640238	1151.6589140499843	233.2126276419172	399.9547053060211	1066.1547455750424	503.1411476168969	376.9177394802254	373.7167902652373	446.31769766628486	184.60179144758803	572.8081888011185	462.62017033400656	230.59178607551544	624.5902021851134	554.6422291666347	164.7803073825753	295.0923707179833	726.5072041775315	799.0353658949606	440.8836026573925	949.224750862616	666.8740664414842	373.3758587944948	1281.4908360213242	739.4698052012691	742.2626760973624	1016.5359715837548	19.467425960296676	445.00444231576853	1048.0380956749739	504.1001925896311	351.1722064283581	396.4176708804584	460.35958369811317	129.99591751761528	406.85457803070835	572.1051005987612	73.04507310996797	757.4605688166577	602.4214522807937	74.4655499359032	433.0137622153926	887.5739577347132	94.76565891615337	553.5959019635253	283.53962059192565	688.1783954719839	571.9952965196348	191.34228912041124	537.0845121718584	714.4982245091753	453.9107121562147	194.5750685203065	554.5430737172318	1423.8671310422828	1126.8369361640832	226.46951340055895	149.23319510402507	585.8083900697847	312.4984706817423	249.6834566547269	617.5877672770274	518.7185227185201	497.4006733571987	430.52264199587364	734.0021531467953	362.15695344727214	3814.2539893474236	460.0667422509718	1221.4171773428463	588.8622558790597	517.9627957528409	581.8328918115772	557.9030103452671	220.51283947317327	1079.0653203851882	519.9947157109096	1482.401321560964	888.0827345159296	726.6607268569921	334.5224728282388	1047.9421447737338	366.36210822737604	1738.1402460961735	737.155751186272	1078.7758616021154	313.23965607540504	1222.1829539126272	642.7220321446208	391.11003681665557	1986.2806485623628	2095.6002541066114	6354.673241720176
PWY-6269	11780.192383486421	10829.10961645153	13013.292098399512	11788.609955442324	11450.840219006332	10761.039682148252	12187.028801100703	12092.039108796396	9977.46262043692	14097.711104093914	14889.720710167192	11209.24476832489	12104.550281012524	21056.615355274116	17847.440345691575	11222.647083990385	12595.062614782635	12907.582716087902	12364.551864581981	9970.925029173406	12212.911379141011	16267.520188337161	15523.349434596248	13813.20444028771	12960.138373836096	16688.21283457277	12411.125579905756	11849.025782522694	10651.241659799129	14045.386357318237	13953.531766655402	12170.780637318114	9972.212655332487	10492.285981909272	15505.226818462908	14203.090199891647	12596.154187650669	14218.573002546487	15234.867591979864	13027.334944989636	13183.542814555216	10955.109639805813	16109.018077910798	9716.448728869354	10876.03313622881	8671.342289811584	11628.967337215665	11255.802939849485	7057.094514271158	11341.476056010068	11374.438612216845	15317.554556989571	14967.482107187798	8849.416174501117	12729.768224643847	9332.789059105235	8899.6800141965	9757.801751485254	11101.23795407206	13324.733822145365	12011.25760213081	12566.287979531791	8639.475852353487	11618.347449214009	12106.47305184335	10544.363288418173	12656.053613013382	13236.965211053874	11900.540834655361	10736.83702579134	7608.663476736236	12188.72686280215	8842.381177321322	8894.491268005853	13316.311139414911	9131.35197086771	7900.283034262163	10870.542922944262	9033.829794971356	9666.702251330325	12604.323805955506	8879.703771845147	11624.600069518965	8394.709937013584	8216.216433722402	7743.887970031223	8305.707386361632	8992.734004910206	10400.264909606421	10039.316695616293	11057.09669278722	9782.470053130004	7560.544587550844	10138.674163738933	9143.801926754952	9717.49550733072	7905.271540611531	9781.566384801348	9311.19001753628	10442.666123389714	8781.280869168888	8804.20455157133	7683.102786704842	9882.505663449545	6657.664717175065	33415.37590085488	15866.381104049278	15845.188654045722	12317.879187176664	17580.549679672542	12325.08531725455	7027.208148919244	13491.153924502974	13581.117947553468	19567.550089105727	18548.395098648445	10099.564646049917	17670.31039516813	12419.296154320215	11673.124435493837	14061.943406265715	12880.360047369599	15335.248866273987	13668.479792792627	19363.090648942547	11304.204584623758	9663.700943969414	25808.26192228382	16210.24227946197	10153.529286351695
PWY-6277	22045.46832214192	19261.516445847377	24228.02069966666	21750.361570946046	20908.36730844408	18499.11156863916	21960.489855909487	22816.548246312195	15793.67155952148	23038.685996598913	22842.40000694335	20765.05595722456	20654.84672680699	29060.062718325986	24928.47265235388	24986.79202381989	23398.592996487292	23901.055545370058	23710.265396559676	18921.459181289825	21022.368441244707	22024.937873963067	24462.995937080712	24647.623957954904	21789.392495833188	21289.129789849594	19188.921492766003	20888.263369701723	18506.322877838185	19444.27438813052	19675.448727646606	21745.91265506519	19551.81954343529	19088.509320778096	24261.617725857308	23482.53632534837	20454.38690876666	22104.355203642084	25151.539515121225	21755.50398031783	23719.021866798485	22812.193971513043	28340.026244244033	14366.86018623614	15126.507954221981	13862.693417668206	16334.446141224691	16234.693783191571	11785.787063649403	16101.763059311714	17879.326197908453	22687.81815139738	21636.982828260632	14733.746809185288	19971.43079578209	17106.66935482006	15021.907537389368	15855.234164763096	17620.161867892886	19350.46419580095	20265.424562582335	21639.116411730796	14071.706948523215	20046.376254455387	15976.724085433056	18946.767944826548	20890.48942588781	22812.149069492618	16922.56293579523	15730.341795241828	12275.451284242721	16817.814763354403	13540.261479638339	14824.29535510142	19169.784054659485	16728.14248266682	13345.930557904676	15743.94871381049	15618.364519629169	16954.282169131846	17565.298292085037	16240.637794822993	16198.974776752933	13645.65178021752	12456.779465493286	11216.870201095153	13236.090170270778	16150.279034142859	16182.220635074382	16054.790825573906	19111.840910163708	19444.577113868316	13178.965357513118	14090.208239859681	13214.056452472783	16507.44958320898	12212.40059194569	15905.303614575725	14506.074543179684	17952.86688998795	12851.75984696536	13792.752155582953	13184.157249327447	15150.708112681865	11857.48466787461	52648.94937399421	26356.042009095407	26837.293500744567	21042.348564114323	28166.40281386133	22343.687463386428	11269.235147820911	25263.0806421424	20510.419644013833	34082.1558975755	27891.74811576263	18860.119915566655	24955.436924079673	22616.75716726878	18150.17761119421	25849.831815263122	21057.434623967587	28602.238281577116	20351.637763876188	35213.450678962414	17732.37878101313	18131.344810497765	43871.79525482124	30210.850515741437	18162.693205284235
PWY-6282	11582.880997740865	10526.625582214372	11260.167574894334	11236.340859892289	10835.247853363995	10415.681940600967	10816.014705870686	13575.153675679263	17039.556043198674	9695.025384628496	11661.258463417693	11446.40366749541	11556.872737675265	14678.206825625302	14808.626190130548	9722.18114386775	9484.504648550372	4367.41305004928	6689.491281174564	10348.54694557087	11580.83427663619	11093.976156259976	11267.523601255523	12084.814024445222	11503.650101641515	9018.354237977133	7617.363269866419	9298.810715403488	13436.403192627604	8286.13744986792	9110.944246016123	7663.196165209628	9382.546766123694	14679.676479778804	10066.065016519085	10937.198183588816	10586.042847835086	12058.83774982661	17999.636550585263	9874.219017093652	10061.927379988407	14991.934657574735	12894.80342793406	9135.72489384356	8304.025254438277	7289.68937947495	8701.532195999116	12899.523667643673	7053.344052454959	9721.2003494396	10750.600069348851	10416.688571429935	9624.644846722198	8778.383678917187	8506.336177054978	9823.161555642151	8538.22987860365	6176.451913260227	10248.714047015863	12365.814856816809	7610.5925133777755	11765.241058078609	5153.050937693466	11361.235834000818	6201.900913281303	9572.519604820249	13378.333160719409	12781.596414671436	8043.601562590357	9486.311544715063	7699.207111012823	7937.773778096218	9281.723687409622	8624.652130489172	7457.0771075870525	9447.006733010721	7753.210622088197	8809.531812033421	8744.530776741785	11342.447011008513	8930.9826641081	8890.384245775931	7407.466005919495	8962.078945567038	9339.415733759042	5880.043186495595	9867.180388367893	9262.632734759007	7384.139515818155	7646.957497218543	8847.997760741462	10398.829475189366	8584.239395433558	7430.170190369468	10160.582778163971	8223.234979615354	7461.882262273385	10282.85453460636	8731.474608283404	9757.433284618615	8585.15205193194	9058.590551447645	9006.585300877245	7938.303630766012	14716.126714153796	21940.76545158914	13565.491760526555	9892.940321149948	9309.567327517849	14003.591025631147	9531.280939376893	3945.7579011105763	10402.135423571322	8351.639070997691	15216.971840259539	9360.926766434306	9095.656925537183	9681.638461621447	10390.741569683936	7478.110132025082	15162.876105490262	6688.130760320144	12128.208803424108	7672.148276005225	14546.642577483619	6161.192841773665	8599.900451170559	13325.88881071102	16618.440374062204	23234.076722420297
PWY-6317	5677.370448147693	4894.704993023917	4995.6519785383425	4434.455629154504	5012.145832746659	6076.735214135433	5386.125361538236	5764.74301448258	13682.88348294627	7595.615773792583	7892.07428083365	5540.603587083943	6563.795725453993	10667.329787380893	7937.086387787669	4781.619498118633	6729.159594474672	6615.392819843698	5329.44206571327	5773.418649669434	6288.45072933277	8074.5656859729015	8181.499687763296	6302.775660923714	7188.357208835775	6195.831675037804	4338.936183719638	3976.3629570467774	6676.443594986244	4891.526320772757	5855.688420725708	5098.788868501583	6537.357175948723	8726.165354207978	7536.975107090935	7245.276222097314	6194.348148315717	8746.30933927854	6632.395036810207	6376.306832930012	5336.586862328638	3957.025657688562	8522.268222607325	5264.337783021752	4629.966197357443	3583.337004442585	5419.181755551648	3536.2093008936763	3258.193152633864	5111.954262870093	4993.105172266125	6623.748448923855	4433.829347998591	5042.970348025121	5479.127350626065	3593.4307520106045	3165.255376646757	5026.736801454215	4950.624893726987	7123.850537430042	6039.7092999025745	4679.095999303686	4001.955561414211	5257.17601407235	4881.275674622999	5336.081102617718	3830.330280078679	4435.021852327366	6031.8676687205325	5852.059272349639	3417.8397772151934	4422.517688779313	5396.180874559294	3206.2694791170034	4706.980408121039	3863.967901439845	4026.9514878571404	3878.038514259668	4155.849582831149	3406.182058545322	5785.139434183367	4255.913031759925	6101.376098194376	3765.5192083113657	2612.0879378906966	4964.619164548561	4267.26596658228	3861.51996804751	6391.623900507894	5318.771162832127	5254.821823754387	5130.336608508808	3276.8427606651767	6493.944259226133	3598.4370125194646	5538.209848774835	5181.404216980035	2948.4682069792343	7724.134179236581	5589.413961292762	3720.8601768238373	5018.858354091064	3748.2136207035715	5324.0576647574235	9277.745557212764	14726.760210150727	10206.346380798435	7576.048292876571	8489.615015531235	8662.560279790303	7562.2504167845445	3999.9049420171305	8887.426241567422	6246.975505289943	12323.364199767015	10061.327510498704	7477.326787570103	10203.580040323866	9101.191738750293	6130.708415749586	8140.859674633052	6420.321776068341	9053.033633310364	6637.487519156131	12821.979860217507	5611.990897358334	4821.0171452373625	14740.095256529203	8012.818209531478	14769.709415115383
PWY-6344	1869.8198314672484	1773.3267603003453	1467.801860394626	1536.4944149072658	1796.8800506518185	1784.476266574281	1742.8697328117744	2005.9862596762741	3077.2351529441557	1727.9695341406532	2316.7004335094985	1072.489523294052	1831.3942200904733	2055.8093596869535	2288.403606303347	867.3561337599162	1982.9260102635978	997.3954225128635	1094.5537926552536	1260.890915644794	1816.3031717780063	1916.2232115962995	2425.866401895323	2402.0917274755166	2104.2120507892396	1548.474345454274	1239.1678179801104	1275.6638203612558	3089.2136362370097	983.7333560180186	1263.0441877850963	1087.1553455721632	1855.9658852622874	3313.2048889545154	2165.3100791271404	2050.732386085707	1314.7750221098893	2748.0519289351505	2192.5961643042683	1452.1460319144535	1638.1894416018947	1607.4031502652308	2504.9646459953287	1635.017289857349	1057.3220556089675	1232.8204649776148	1386.5383910886262	1547.0873575369428	1203.6667909310847	1221.1380521331446	1811.1642882217293	1511.3926223349556	1038.7848013054786	1667.2651569519005	1191.765030548561	1184.9690736349721	1083.503599497088	845.2494918334612	1455.9123611508062	2059.2472991471436	1107.337775030694	1319.9174013234774	758.9701439417935	1411.86860069451	1247.9616205014336	1381.297710381468	1397.3143598668073	1413.1353614705313	1252.6769189441882	1438.6534555617432	998.5036660530002	1256.6981654098274	1816.6038408090653	894.7270848810203	1149.5673157079948	1031.6587163154059	955.9245609934173	1293.1462013129706	1272.441874645749	1525.8314670430573	1573.9310720979267	1312.2090336943816	1297.0020320162937	1397.0005898952295	1000.577822628882	1223.406719536536	1359.876923423928	848.0418795423035	1529.4200041365527	1640.093439909728	1578.3603869933181	1120.436092522468	959.4583437145587	1848.839350149968	1247.7755254456938	2005.7575424931822	1041.5656060055474	1086.0940054976518	1103.3931896165263	1979.4770139106417	1195.965493935546	1521.5273132230582	1152.6854766120955	1348.6694231288159	1774.4599567271655	4151.448005252767	2721.988745232509	1612.7081753534303	2234.6249582984415	1820.5426259042122	1962.7058696659512	1008.2095773479838	2059.4525103932638	1398.7943064354085	3522.4225862184876	1984.5569662499604	2171.967282418273	1844.8339232327962	2139.636153835238	1590.654168951974	2566.686754200408	1438.6281162002977	2302.688191580813	1820.0637133267148	3239.944830559625	1236.0333648650094	893.2115419689401	2739.0718263709327	1398.1746413064252	2686.745162271476
PWY-6353	9538.427175893241	8500.613850221715	9590.80191921534	8975.413168726462	9162.83238822741	10083.431709885263	9481.522806094303	9873.412133474718	17215.11812502111	10718.142297148623	13368.01022089955	10769.55897600402	10829.568089575083	17553.999899044375	17240.524476887458	8211.908437092889	9679.240995614786	6707.569343913277	8784.937815207295	10445.405943737615	10166.925315657048	13107.302417394283	12104.18054740818	10093.768673367334	12342.21001100603	11264.15934417406	7891.331482430502	9008.595180309565	11514.51182391359	8348.299752035398	10606.184882149395	8153.167463207157	8775.271572451871	13433.954060876222	9559.576302202968	10420.102360274754	10897.455090242665	12728.261884521013	13645.794089157454	10658.237463986443	8850.34438067595	11127.921863730846	13719.535031875415	9376.505322033725	9179.38715227148	7014.910377793672	9472.773506845051	11234.49073608894	6096.363692773486	9850.977607066245	10173.61910741057	10571.449985023812	9055.262289029146	9386.999079285031	8542.655418199238	7650.092825053731	7647.342569777916	6577.843241117067	9693.904003905813	14722.26863465079	8047.699762780803	9678.193827471438	5044.757759891164	10797.995442003132	7813.851164400261	8854.633136755207	9258.688958648727	10933.358774003187	9357.885603021858	10342.056448811916	6429.904191837747	8523.364271771377	9318.57279422691	7583.6074974248295	8209.043035603188	7946.046100780713	6957.216040226112	7812.408045934281	8062.163669962344	8260.842668560688	9228.647822581785	7086.598581181781	9372.672395256503	6997.820434168861	6827.084161893132	7135.46193685102	8758.705444626872	8248.81258663854	8310.97077824961	7172.480275355113	8850.321917507174	8358.925124733254	7030.0814183278135	9794.973553495229	9056.212688695678	7572.966858391977	7910.950885334276	7593.481027379999	9473.070205089462	9527.836146918808	8351.346123697498	9513.151584671044	6420.201469018396	9283.140230551517	10396.001370890559	21700.630684612788	14683.980603832271	11103.215082838322	11499.42493818036	13913.008983390037	10005.30940228507	4938.339415324815	10807.955909973492	9280.998288531347	15897.24520842994	11158.061789454809	9505.23432321706	11888.392591417489	11414.08019289049	8394.2264530379	13925.711892292442	7746.4562361968765	12820.873268032103	8719.541631316877	16646.300238415402	6799.5461088346765	8875.490376526022	17106.659792353672	13751.097081939339	16226.995229260723
PWY-6383	103.43040093609756	67.4181082314281	62.96981881114231	61.69511330412863	84.37837665079161	117.15546711602072	96.37183301319185	106.85836282582129	357.83554768128425	107.07194684322705	62.9913128805272	94.23195919412825	61.09133457547328	77.47009309154878	81.10261631826387	88.55348941757595	66.06972259924032	127.58887655140144	45.512716379010236	41.84830811806655	55.48684762013734	55.92748698124221	59.33125013891743	76.49189872476025	75.51210571071167	19.88053736376391	32.6060779154563	59.474932229482505	34.50596917968973	71.31311839615378	76.52916088156225	47.17870874360261	65.29205799844088	54.14369683451413	66.27425003336357	76.26073983719132	70.99474950000962	71.04595884490291	56.41233372976234	85.46592304241283	53.056576011484474	59.8809214630726	85.61345070083789	33.41852215451875	68.67266660981917	17.314938382641486	55.216539542217966	23.077853560589602	18.48104128815389	43.03372987922205	39.22005999587511	77.5123155086183	79.1084310173099	34.24844175801988	61.71131530555669	42.90220871861021	39.33484148617491	70.60751059400255	33.094054145382536	54.09405096303108	84.31115840814242	47.84656721289616	49.62340279279305	53.389820357106515	46.060613909764626	56.843438592880354	45.75238183214951	110.66321117369016	75.3967846700509	77.79223571110714	29.662511023945818	46.197319348610506	28.726166283254564	28.066580076603206	52.78828652823865	53.12363559803501	37.63424530171566	87.12411681900463	46.01768852003954	34.86223949048896	34.13770692218844	63.067872294234036	78.96605586111387	35.00607812314052	22.419273243463973	30.48474548397649	53.59828438342126	58.55502001678652	62.93037812628526	52.192267950557955	63.91879722696461	48.350265767478106	24.459078368520373	43.722424132136375	76.07534523735082	49.58512762397981	60.0516120361221	63.94882509281314	76.11667319574212	40.50397289208727	35.35392337353443	36.56018065363549	43.20922129343647	44.029013549104356	134.03506805087642	132.38579447155442	109.57463526377063	58.58519464117519	112.79542205271648	96.13421501425726	101.04328897842913	31.568128701648156	109.46518088164333	61.954934987261495	121.95805588584369	81.70600985669766	66.69267532869915	125.59724760032799	118.06112678182663	56.187300810880075	95.0265274360401	83.1015962658313	67.9853181524349	51.89101715513648	116.11774254400737	45.32291468468786	100.82551811981736	165.40562034759176	143.9849406803359	223.59836927784315
PWY-6385	17484.30817715547	15514.315894748623	18484.86923736301	17084.619753742376	16394.862960954662	15147.624828540747	17194.830049978995	17944.174009713654	16276.05358148659	18479.41216105278	20028.616729288296	15998.920031702042	16858.726784304676	26621.125349959315	23108.77296257843	16137.339712850164	17570.62892862878	16828.2626114088	16865.17495011741	14477.732788708745	16782.6689660003	20295.985444511025	20319.88065007816	19122.57261607042	17831.977839968873	20405.70227869011	15797.078277393426	16032.059153594413	16018.46889630812	17478.118030056172	17483.76497333289	16138.872097954076	14579.561537895019	15816.023381132167	19954.869575005312	18864.814604146784	16967.905212238627	19013.211685022903	21414.179349138372	17508.412508987225	17740.265759805643	17197.21681192931	22422.547492799364	13069.672410762556	14196.613773515843	11837.4664262884	14961.40835575876	16009.839474065002	9942.38809354079	14803.543963381977	15841.792688421534	19936.26972729137	18921.376084973355	12672.719361498077	16666.293542342974	13376.023009919823	12746.724196184776	12999.767673493558	15045.863158631715	18506.141666224903	16396.320543622234	17505.621754799038	11386.602608426967	16511.887000463747	14771.456405440897	14991.445164328192	17989.406485359454	19317.312517195183	15050.430776725154	14189.085492755403	10608.928211677627	15202.930765390603	12045.95157703043	12491.87018830901	16703.80656449093	13252.074611179105	11188.01000588899	13730.107103766328	12757.513614106305	14308.712196684426	15691.351011612689	12743.107204528293	14782.569732107126	11769.092054151211	11389.05901438259	9887.430099405286	11768.322583610847	13457.636554087088	13607.538135515355	13040.617060166203	15230.64205571084	15256.743983623115	11230.718965845064	12951.227219115088	12376.402378142362	13203.946671665219	10610.973193826338	13390.067000217517	12668.576242043759	14739.953994856309	11761.330983723878	12401.190302576728	11048.752270823292	13153.237238036767	11683.205697540632	42889.340529012145	21874.476619317556	21137.950736223054	17083.575928370294	23615.243082224788	17114.30563299821	9105.128204869754	19101.647023030768	17593.86289524055	27654.76823804557	23727.658130513846	14630.130650007639	22246.809607304484	17876.734100363145	15122.397488070636	21266.108813973922	17097.42374047079	21974.064963692756	17464.649615028942	27467.444135561924	14638.397905783324	13724.605341808921	34635.94169546838	23336.404707753525	18207.07873204467
PWY-6386	14920.93928572318	13475.73538114705	15584.969828577232	14513.650137120569	13921.125627866988	13114.439349707463	14665.290901876197	15420.777768207747	15274.884148487476	16019.501358045816	18081.472577798795	13405.219461093664	14672.309677154715	24406.383433476854	20831.608681062346	12503.134330156226	14742.44126480563	13791.007181203076	13621.130498100718	11943.584534341155	14500.214783511428	18766.975113408684	17898.557441704856	16396.107000821594	15446.231240200701	19276.905466152297	13951.257850581029	13382.902594083385	14423.008429759106	16125.870344247984	15839.045126103421	13418.093850009875	12171.908770512531	13896.593759003978	17784.759875231037	16436.153908078497	14771.920918683498	17205.2690589179	19229.698739903717	15176.368232110452	14916.697315345644	14081.167268914078	19288.23704381757	12095.20513526546	13075.340898175189	10626.435530375871	13751.620000395116	15089.000160473739	8846.603936779085	13565.304486157016	14351.213959012168	18090.715273356767	17174.107235846626	11193.716879015206	14768.674143810751	11344.668403972593	11257.564623759674	11391.397581259085	13374.430636682247	17107.183094740107	14275.191113011868	15190.014910824439	9977.83047273674	14288.549558797726	13815.401823964909	12754.451490025454	16056.40409790602	16944.127038980412	13634.72478148539	12881.116372441613	9476.521639214485	13930.976166418688	11021.3156261046	10988.034599649904	15177.137912622315	11359.50959820228	9853.575365367811	12432.060689359481	11022.341508874046	12610.280477584161	14432.185127613377	10890.050679016691	13545.213543651735	10633.046564945882	10529.35167532673	8930.21272722591	10562.04927724338	11660.395697338114	12046.823846205396	11470.926700339114	13156.015018586342	12866.733952346549	9874.885094200705	11925.190878316602	11389.689697569604	11569.438745049669	9434.496590124672	11821.095863889384	11204.28327651466	12918.26551676905	10705.804752122302	11212.522540510161	9754.184934451936	11734.584474475543	10822.155335884785	37781.166646397025	19255.53135006673	18121.09179689259	14920.544191708997	20783.964918365164	14548.123285508353	7989.914375178244	16136.710164685443	15783.972995467679	24288.992989870105	21388.60848340963	12536.96746686832	20306.825415123323	15523.215797289897	13442.46856785524	18533.735752758836	15015.785615325714	18607.50485450977	15804.51663009649	23486.835797008975	12993.99547586331	11386.82960211449	29864.65969871818	19717.8964086177	16942.090499387585
PWY-6387	16614.14377048325	14792.010514553469	17489.13029048431	16222.757832518308	15563.098204760006	14445.173453982317	16341.438957979482	17048.652691213563	15836.865960598467	17605.064525497924	19301.338283874073	15120.120753418087	16095.52712039918	25659.81506127763	22261.821083567043	14936.309136557005	16639.48632548583	15776.595790888168	15796.565496937577	13651.337965373894	16000.512832418046	19627.31827366273	19482.44108062641	18196.197200754814	17029.369481642967	19786.823252599374	15123.119118255097	15163.327159419478	15442.83881351286	16864.853385566643	16819.18944492696	15228.164990930607	13773.391270237142	15142.940874756301	19120.144535917225	18023.279368068663	16217.419196011528	18327.96747365928	20567.551277469163	16654.228486663	16794.690490852405	16194.932111756141	21355.63290762621	12639.40272866357	13705.50519942394	11373.709929684886	14447.830212030241	15520.811072698061	9541.810108707248	14286.937179474939	15270.148292998181	19165.579678842274	18184.808584709404	12161.384329917197	15941.239634234671	12696.399707577766	12207.193779862735	12390.777557640147	14441.602182057895	17902.44879013664	15603.508029083838	16689.567308383008	10854.170708430405	15752.264689243917	14317.416655815643	14244.438096064789	17263.776282146406	18452.757689537415	14469.17615521868	13687.558548746814	10149.398998700104	14653.933699379222	11633.146322001592	11943.942639085046	16063.133700644266	12589.654299030908	10690.748432339318	13205.447089740403	12169.073701756064	13671.331228262834	15146.397057398186	12106.741506526727	14269.439949819407	11330.539466171482	10999.020891961132	9517.982762128915	11341.11918397893	12805.550670688115	13042.044462106489	12474.676063264877	14518.2999913928	14418.576625056	10733.132559730746	12556.971974054333	11946.03116340664	12654.56177036176	10151.094249066124	12802.583692908156	12078.746694991265	14110.527349908554	11349.592837633187	11933.482862471623	10558.70321581454	12645.888536685765	11283.448137992009	41054.064762931186	20943.38821938342	20087.638245554066	16307.849854486543	22585.194533024904	16240.531198451372	8706.52325216072	18083.747282799595	16877.061235471272	26452.638430345265	22795.045959672276	13907.983693131404	21490.24793484761	17013.437559853457	14488.314178037312	20313.62711383799	16332.054076953149	20814.586975803166	16818.622806720752	26115.210081159887	14006.826143246733	12941.58557723716	32901.21817968334	22091.929625108205	17620.121348168643
PWY-6396	527.5540374104208	445.7793645646691	564.9434907353078	400.113903448785	592.4773749694649	738.8108889443047	429.55221096912385	556.0201352029893	1927.4915987717243	965.1428869884668	525.4290060851927	474.4763410967083	577.6169764943177	1302.871191415106	384.8349310337271	466.1007777627048	358.306425186132	1022.51099736343	431.6804903674501	282.10135348592314	374.96710510347924	914.2016402195479	872.0130006903877	603.8644863037329	470.5268399692882	818.8062672211856	417.74667095026984	218.4758387393358	255.19113640369656	513.7597018564899	566.4043527577037	468.4112735264709	593.8584074509146	344.8369199697047	1080.4513526182432	582.6480198197551	406.025433406063	410.5979945366486	292.60216663383886	880.1068348716367	504.7178077265192	265.9072311821086	529.7020186803254	204.37714523257344	384.7646535773976	170.3545944068091	666.8725908183471	179.03351198564116	231.5627918006788	507.5195212738215	282.11389468997464	820.8936782645047	467.49972155672805	199.05997552019582	635.6014005083871	295.128169890139	249.44158925077915	582.829614222793	224.92950970159572	556.4576093680237	682.372333554098	342.13311270079674	498.4809751822323	346.4852375941721	524.8581214698727	487.7831404924887	366.9842622418149	412.413655047373	701.823930514449	270.72155746874853	257.7023195307442	505.6434482077771	222.06582254011215	239.0472378180683	631.6902112846103	387.4607866744791	349.5012671790091	445.79868476880137	349.75733340399574	380.6652096066483	919.9294188263794	390.0909584788514	685.584513424962	243.2578020052565	142.21332987887817	550.7951819738776	219.71256023530884	250.63147598838893	683.3161014253799	686.1393964244276	357.938005873654	375.94615726950934	176.58597462722827	196.1007239443231	258.3247942821245	340.1862111755904	704.8471381101913	269.1788874613295	518.0958305453266	260.7720293240957	173.18732378482014	447.84231914558234	487.2370536292323	268.31096224416916	768.1146337850054	1413.6820036944966	717.9027713892652	875.5364762943472	903.842743665422	777.936279082176	538.1305699781611	331.74285714285713	597.0078597084301	823.213429460655	891.11424056299	1271.5138528072998	374.192808653181	1000.642960023704	696.1614645212592	701.5432776718105	511.75996377688216	584.5775800275179	652.1136594276436	539.5637487347791	1010.8518964888635	716.5975377094078	372.5862273952608	1858.0216745342677	663.5504382080278	1334.3866879183117
PWY-6467	15859.770000000008	13823.980000000003	17914.86	16036.340000000004	15284.060000000003	13151.08	15892.809999999998	16488.120000000003	9434.340000000002	16210.78	15724.480000000005	15285.220000000001	14429.46	20975.459999999995	18404.600000000002	18908.2	16309.069999999996	17375.76	17598.1	13495.009999999998	14734.95	15578.770000000004	16768.78	17484.830000000005	15107.04	15866.309999999996	13955.039999999997	15737.199999999999	11967.739999999996	14465.769999999999	14481.110000000006	15922.900000000001	13391.760000000002	11633.28	17025.580000000005	16237.239999999998	14607.02	14528.809999999996	17835.69	15836.860000000002	17109.769999999997	17117.879999999994	19668.28000000001	9777.42	11239.71	9875.449999999997	11783.910000000002	12369.360000000002	8260.07	11701.219999999998	12616.879999999997	16549.73	16367.530000000002	10089.6	14357.31	12466.419999999998	11113.139999999998	11277.260000000004	12463.130000000003	13803.640000000001	14437.050000000001	15797.520000000004	10040.140000000003	14512.050000000001	11462.579999999996	13526.450000000004	15525.12	17284.27	12138.01	10936.600000000002	9219.429999999998	12525.229999999998	8975.85	10987.750000000002	14208.020000000002	12267.33	9507.580000000002	11556.73	11211.840000000006	12478.89	12422.419999999996	11572.950000000003	11423.6	9512.570000000002	9218.220000000003	7476.780000000001	9188.829999999998	12083.879999999996	10988.339999999998	11116.86	13496.169999999998	14132.759999999998	9662.610000000002	9102.170000000004	9839.569999999998	10907.800000000001	8587.63	11901.88	10511.560000000001	12222.660000000002	9281.089999999998	9680.84	9451.699999999999	10484.069999999998	8036.009999999999	37178.549999999996	17606.83	19321.27	14001.090000000002	20166.609999999997	15287.990000000002	7662.839999999999	17198.869999999995	14804.380000000003	22721.760000000002	19338.689999999995	12301.289999999999	17131.559999999994	14890.459999999997	12639.789999999999	17945.000000000004	14800.490000000009	19838.059999999994	14163.349999999995	23720.260000000006	12502.41	13388.900000000001	30830.770000000004	22050.780000000002	11969.980000000001
PWY-6470	10818.340467342345	10008.34510924953	10697.3991435264	9967.89047921052	9863.044711128405	10103.56696921806	10787.85106762706	11137.555677814775	11847.200920149027	13032.9741309917	14888.802241301786	9330.543720858766	11823.887273861288	18251.212267432304	14005.38380773399	8386.608460306643	12448.54762486534	11056.415725945306	9839.808826610713	9246.287712442803	11677.848331705753	14851.61809610381	15113.435322706591	13052.304742667699	12743.431341554537	13300.711644758869	10316.193805405472	7947.501904419493	11509.726256723816	10271.109110200588	11020.35249197363	10041.325993612347	10413.771516378218	10141.736306996501	14410.375426195716	13686.37506934323	11153.829326261737	15118.123447425709	14419.262040140862	11190.13538653677	11721.60659628402	8276.563641277595	15997.289095122138	10072.926186852526	8207.083103328865	8206.833766937003	10152.66570925946	8726.95173121503	7001.501194299689	9694.417861726117	11133.356672346184	12411.93693441927	9590.578608155069	9054.416611854884	10753.46329815786	8208.896498138323	7244.18439252864	8402.19894572666	10515.006086901805	12957.22522343961	10472.17310283445	10704.161172429733	7366.979286902617	10381.323950876971	10634.125697882122	9650.147776390386	10022.152209574173	8693.5914888779	10231.422103620545	10358.209292920386	5545.190277718387	9080.247936723772	9415.690212864385	7101.1601243027135	10170.58072428629	7825.300191509266	7290.638019869384	8546.991597354141	8243.776272140696	8109.55103720175	11486.656734443453	8333.908138261935	10598.669599561737	8402.448862278754	6875.591062862689	7856.612047476463	8120.224776226592	6381.121297984074	10229.219142064037	9679.565519455797	10572.925988148845	8506.444696453538	6535.358095531634	10679.418420034623	7062.57661126543	10322.606389559383	7369.874969920831	6911.567398088642	7868.0126993712665	10908.380614019223	7784.816049755389	8750.960338559187	6979.768677074713	9662.996627234632	7308.381307494971	30258.540180943113	16760.868310063397	13735.211466899667	13189.414017436138	15218.993420068455	12564.589550425751	6978.840255090239	14129.915449813428	11513.747175330775	21120.812615590614	17185.131549932987	11226.83887567126	16408.600627332577	13630.488955046672	11115.931599909944	14660.446795416552	11872.661377894983	15604.41561512361	12804.377463337476	20465.43312208972	10229.44705996155	7680.680465955832	23966.333903280934	13936.468899457788	11303.627907115317
PWY-6471	17067.314641152414	15527.572186647782	18442.368730296672	16858.76658038195	15953.327697445655	14876.307318713294	17050.133547568585	17429.02444469884	14099.786996032592	18957.330082589207	20680.039375722026	15390.35543448067	16736.4130917456	28395.235386166172	24034.29893265331	15185.953587423402	17258.454638070838	17158.527696069814	16735.23034039763	13260.18393816296	16702.072364734624	21739.757955993788	20793.338568664185	18895.348525246834	17496.33035067505	22404.21346752885	16593.34673428986	16043.414293777258	13766.519555990353	18925.290363514017	18616.473220208125	16276.942673134425	13709.317721589854	11466.9590665802	20978.449583634363	19237.42200452659	17148.886825523878	19504.06756092123	21268.570045592947	17880.711348481953	17770.493964954334	14510.75855421506	22242.53602881936	13620.324012262197	15100.068423190865	12236.364069561265	15884.861336798107	16909.46881677255	9975.169524309718	15602.792722067288	16210.68873227879	21195.971897048286	20287.108023652352	12129.260507114705	17480.130066291113	13011.339882032797	12825.208113246546	13559.117067783374	15389.369336718864	19093.409233385883	16999.645165887432	17673.260776964114	11924.736621589296	16315.490377631713	16093.587905032424	14616.016689295233	18347.487555061925	19431.007240159077	15980.767116227404	14680.072005470183	10966.112083555037	16336.804498267837	12051.52455288349	12688.37012990001	17937.059911080072	12922.288285064353	11327.93195273443	14554.35598960901	12496.624730417749	14247.42023873898	16793.710136256344	12467.975801832094	15723.605325908013	11948.665394181495	11918.784234352926	10286.127907106867	11477.35313564223	13417.325439095355	14018.40770454586	13431.99864308487	15308.974250771733	14857.489431067042	11278.282163086367	13501.57843553549	12921.573891938591	13194.516035911514	10759.954635948738	13712.535486897608	12927.223176401623	14489.793805026546	12206.741994249493	12408.824268450515	11056.534487781106	13453.675153877659	9394.567223014725	44640.0180393999	21888.644049835126	21598.417713884774	16997.90527393195	24242.06934675096	16881.173767895303	9430.815575149401	18852.064695979312	18611.686924456448	27865.355926555756	25202.347843470605	13928.435222686136	23624.662677925775	17566.662835779258	15825.653472830954	20109.689744264844	17874.392226300883	21648.229055937143	18517.44493402002	26891.94220649367	15438.979075811212	13218.604906867671	35758.46403831599	22902.419685020603	13924.243476717385
PWY-6478	2691.9002993505956	2130.3846199807977	2264.2824829431315	2690.089291603394	2419.445019855044	2698.0554658827346	2639.600995338601	3076.744550236698	3624.920141648351	2632.168246341186	3744.8218255492993	2785.1368258686616	2782.4285645543537	5246.158663501353	5349.938640409385	2027.6178193506973	2519.7505773102293	1538.9541970703815	2677.741827778543	3420.9055308215943	2765.870360179326	3996.278265422745	3772.3530649840054	2757.39261042562	3877.5502419329528	2909.8269306667335	1988.2351498875419	2291.5910753458256	4171.932513058589	1826.301357436945	2679.871776791891	2048.706793441951	2555.040449921845	4629.857632063277	2098.3773127658937	2537.641882444722	3095.7272102927727	3612.0846182832956	4393.047224749283	2595.697201301823	2022.6418865205828	3469.5466673280407	4026.831147689765	2747.437957301835	2666.4658564494534	2055.116029092809	2808.911594109423	3329.450547794603	1571.979859416559	2859.5961214808535	3107.6314054479208	2366.204324727408	2236.243565772848	3266.1510375697153	2279.098912037417	2312.6088218003933	2398.932808638044	1607.7294066115599	2699.895388183346	4945.979864027605	1872.6919678349752	2646.399868235506	1154.323573359345	3242.72683590872	2102.494079362038	2549.9452306717744	2917.132306821241	3478.054884435041	2414.31715905202	2930.7957090603936	1801.4838502580508	2198.1690176030284	2865.6570064908556	2203.5824072392556	2088.939397304614	2293.799386240677	1969.2709822734143	2115.516445444272	2616.6638086450794	2331.893456508993	2623.4310337865695	2192.7922797965502	2716.6953704249954	2039.8694729782242	2191.82691146267	1935.786589334459	2703.6882095390242	2362.1105426682066	2092.6070971824975	1835.9786232304368	2549.753546166433	2286.3518385823263	2126.4356337022587	3194.657483363405	2301.346496726487	1966.0394720825402	2113.154027611842	1770.304384317888	2309.30184103827	2701.5406822437567	2314.94577774411	3350.2280091870202	1715.0438935556797	2671.8953170345667	1835.5476100298556	5451.929292692757	4395.490952627384	2970.9200665741764	3192.660533380962	3393.6389557348684	2480.1620132086905	1276.6576560417438	2599.6177675492518	2326.1824818974997	4360.819294278315	2436.6094995460057	2450.8490663329144	2849.357706890394	2565.497929288803	1953.303270909552	4446.594633802714	1646.5688619652904	3208.0328627601057	2190.569034456989	4465.8032870274	1520.149485322372	2285.586558666993	4142.081189529735	3183.011754405428	2579.0683648857776
PWY-6507	11532.917160122961	10768.450169794403	11699.202928871307	10730.20298773639	10814.169691621577	10612.144143549462	11256.623858027802	11714.908277514594	12022.85525882791	13088.293976922996	15714.417793056107	10652.464868902402	12298.504521961597	21328.946210644674	18117.03012012215	8976.966181099217	11909.668793368288	9759.108653091216	9967.27501427797	9773.23954715232	11902.69696379031	16586.757556113887	14818.718037099601	13234.114689750806	12912.171293225587	17135.091350861327	11266.56396644032	10019.809838618434	12870.963965647295	13860.349455575872	13652.268576709237	10161.202540615799	9654.118244919748	12774.618297953246	14812.772417267537	13770.013356191272	12233.4730726589	15451.31572971324	16706.580464276296	12315.010342873982	11656.66185977202	10639.739503970453	15914.21939631186	11215.046806956476	11333.942586457419	9001.813447242965	11908.194357574523	13381.865653151493	7518.619181517628	11863.24703220776	12196.416907407585	15333.283672952546	14185.780109502324	9675.489991296648	12291.255156129813	8692.974913721078	9021.579974505905	9417.86752877948	11195.06411239768	15107.38462732898	11815.62138650463	12061.438283793952	8153.559789688197	11313.179605697313	12015.68008392026	10133.568731361049	12782.009298265226	13005.207266953663	11672.324104683661	11494.911804303028	7679.750609560073	11814.193043786843	10294.383852205014	8821.980337092366	12551.908868217288	8953.317447495847	8226.329949234821	10493.455991013454	8849.943416225358	10122.255393013033	12430.790920564603	8520.444382643502	11712.81165174062	9093.504234064425	9024.638574653422	8034.247646307688	9257.073176883805	9091.472977889593	10184.712936262024	9450.40127645256	10605.980437517961	10024.815994075187	7798.436043144101	10888.262780154768	10244.15076185014	9760.50873753584	8216.423377052524	9761.96356331503	9507.960479294994	10970.229184150023	9338.038641699513	9666.212039518025	8108.142465346556	10263.721914950513	8033.674873464219	31015.35568775928	16341.090994064685	14234.298995790423	12710.373531473664	17202.288266442058	12077.135765217587	6633.9119502671965	13117.60195213951	13110.417694159878	20381.7935227506	17833.521061560055	10982.248203573232	16959.606899359613	13904.409674724451	11378.212874645184	15055.659362862169	12070.66544437192	15367.691178565658	13319.852513028307	19509.07810381214	10720.320610492752	9008.01804122063	23753.941983997236	15099.523842164044	11869.23816781169
PWY-6519	14539.74578405249	13187.192115903747	14658.295073340776	14203.147826238805	13733.454003906449	12899.419700090426	13863.999076864708	16437.112762542718	15991.426462617961	13051.498729462035	15192.105273236351	14155.100358374975	14362.525015183874	19581.56396967137	18907.812295617325	12786.350438597923	12627.81947300649	6804.868389442858	9661.367929658985	12646.89510806379	14362.954112449162	14799.970973745585	14857.536341221188	15535.133674229988	14520.375499048252	12778.879679474385	10567.16625727854	12290.390467456715	15484.253691843867	11589.309906458135	12391.63315918996	10644.269872978912	11802.62723852141	15859.594272804585	13745.632173368012	14291.988989952459	13552.442790405383	15236.395349719585	21258.88539338389	13149.001503595056	13365.756335473658	17405.540250805392	16922.847786434315	11349.875778105674	10942.573443720214	9451.39092255332	11435.727920465262	15570.321485261666	8719.333992588034	12360.796919091923	13478.358714117225	14149.445904037357	13274.31347379139	10828.024660572035	11620.766903120899	12044.985036660839	10832.572545479832	8551.818955053292	12822.400422154833	15532.580571465931	10604.158375054978	14917.728393305046	7238.115219224652	14130.895885974787	8850.999896579959	12186.591601900229	16445.631211102205	16324.771576059627	10815.395884585847	11878.713286265734	9573.849318825101	10817.693233036538	11097.452256081227	10844.72148513558	10558.703393772666	11748.45549216973	9642.523040707229	11387.618303493893	10928.521356944568	13653.005731459598	11829.375809421588	11069.176365795014	10074.804488759826	10848.132595139534	11197.046159951615	7569.418361300892	11463.974953335797	11589.634581367065	9767.799602007859	9975.776304879746	11594.19824459442	12897.402661611217	10254.091358956099	9586.458687601405	12166.709079361322	10426.085234361934	9215.729168336358	12631.921521007573	10870.220998345625	12241.517987937847	10534.853770563877	11044.830230109126	10627.439456151551	10226.151232145083	12598.15369762316	29863.839178963954	17170.12729296901	13734.61911011898	12269.15955246421	18307.169937797087	12549.214617515427	5540.973602524342	13708.584608468016	11580.047995325858	19982.675174900945	13470.692177730147	11459.131033182473	13556.204407819345	13476.056621996317	10220.715888352388	18488.908368658453	9645.000822644737	16040.41178674656	10787.493708321139	19269.66064590257	8761.97415015367	11097.27556250042	19280.39568689803	20470.310274270974	18884.23267318906
PWY-6545	982.617111459061	779.6351653820534	1069.5890567439237	1045.953839073271	854.3693044160073	799.6799916477148	1022.8639511525444	786.531980648106	3796.3631489450545	1177.9080972429285	1395.4012565089608	768.9289088591098	1087.0235638050053	1675.9202956007468	1958.6521878214812	652.843273943568	969.8717525787231	1066.8424230768114	1047.908914733878	1086.1200854964084	996.4705668082992	1348.1674449888949	1552.8666772104732	1005.3949043925522	1299.5339290604397	1404.5932597894512	1165.5945420189457	1153.6177163553868	1653.3871761786854	666.518190253492	1143.3522156098238	920.5185909228462	896.9094098033487	1612.6882673374566	1017.6777905226382	1357.5514571200167	1144.8647783371612	1195.8616610616225	1445.2027239112101	1083.3398274959015	1239.5636875368386	1347.519881136786	1500.1675737374803	1023.2210112422977	882.6584287787446	778.8837185232042	795.5326423551752	1220.666830912707	715.2641254157281	894.868292755182	1173.378666236655	1040.3785035721696	899.8243254104277	869.9313227652597	989.490049299855	1025.3804783602002	786.9749812104643	717.1035197013769	1184.9170464863842	1298.9512906589468	830.1622387651795	1098.6383268833386	667.674304274416	1223.690881843791	1167.8724646586033	914.4582309439163	1137.1712646226088	888.2929419407169	1165.8416157738056	961.3591597167928	904.5717738924374	1141.945293164129	941.6249923836547	755.3890860953186	914.9333247540956	662.62320442559	614.0540042735608	1154.7873932002153	713.8270683422636	1366.9375429418048	1320.4111421188322	718.2198587384969	1010.4138026913547	957.6852114050633	786.6115466999919	780.2828758405335	925.2648058768182	714.7929119763444	952.2042585377484	798.9950285250616	1021.0613314428068	971.8309249219815	758.036812890148	1102.3709844905115	1024.4543884466207	1128.4190662919418	733.7429412761854	906.3816131141538	1002.3120050377877	1311.9168858092335	1000.272521599772	832.3006939037052	618.6050993946791	1047.0218145520766	1835.184663533325	2710.3454622126883	1631.062238243526	1175.3504779139878	1168.821163307155	1940.9410747523536	960.14290357182	485.88502336040045	924.472493081188	846.5299726952321	1592.7851235554247	1871.2488607854925	715.6313376856333	2726.8131732520424	1002.6353093494595	799.7883130254594	1254.486726277465	766.5422210185853	1203.6933315735878	843.8150566398944	1702.6739941828698	639.8570835958928	774.562624953822	1515.7342875225215	1329.9221243107631	3724.4613606277944
PWY-6572	7713.780849931365	7348.701455532937	7960.307974786093	7347.477301712216	7426.249978329915	7082.116625140315	7684.200017600631	8175.031292886972	5567.966932221256	8339.813850624056	10770.45743992337	7354.305814717032	8167.579869224675	13275.999740405732	11565.237776681499	5846.232097199759	7950.513457514604	5541.067602537374	6280.423517200678	5900.578645841616	7803.291922450516	10566.784507491198	9400.688466431595	9200.465499294462	8551.572420735969	9834.129286942667	7092.855442848212	6448.733612216493	8326.751390113923	8090.288465817551	8578.830369147647	6470.640700356319	6116.389935886221	6039.163613660552	9310.82299970561	8776.806895581234	8009.696912078977	10295.963573898429	11701.656426797592	8149.407633604973	7735.092150801636	7509.023083748734	10892.466495571081	7693.420300346896	6964.318100245876	6300.849489284103	7619.975317060268	9314.822275766508	5257.878717539216	7606.989967143249	8531.725728920339	9170.802539443983	8090.856618230857	6516.303050665376	7344.3612765628595	5893.09774250175	6456.066425588479	5339.914874873088	7511.005894396745	10514.35770207345	6872.125919983666	8285.17603144145	4522.177517671474	7764.9504821185865	7319.356978332533	6676.992189990608	8869.60451404441	9207.081231794653	7052.756012556676	7664.8033151619675	4722.562478418315	6814.739289204117	6939.9801066454775	6072.952436302723	7433.6252674163225	6415.302257185631	5367.779484595685	6424.881200345762	6057.003091312958	6882.2087941528935	7624.6783273590445	5741.369509718615	7422.367751852996	6302.569158705011	6215.798104466461	5061.208464037511	6025.576072852493	5992.274418153688	6355.503384689559	6002.634132066421	7290.713557952265	5951.964613563738	5033.299508618696	7075.805170280592	6783.669849457076	6437.138770065367	4979.90637609298	6465.40909185937	5367.816008035368	7478.311601858521	6191.819819974736	6555.423639530822	5086.331091624894	6891.96658634226	3572.852188413936	19843.752931695046	10727.838998834593	8944.038265585643	8491.592399638435	10938.551106832201	8004.2790168823285	4382.30142574038	8616.474353812258	7978.170905863575	13726.998786797287	10674.458764066067	6888.157142384451	10505.72411387832	9200.150045591889	7370.704266598457	10765.356351106759	7605.430282800064	10130.159993572264	8629.749900672714	12979.3040679501	6479.238118033114	6206.646674611108	14550.859581875999	10217.058857876984	4978.547645905186
PWY-6588	2098.011938441298	1711.4030408631695	2365.043016205583	2075.5657559847746	2071.5358402703923	2152.9818535614213	2020.6655782759708	1805.0500375116792	11980.823766756626	3113.990662488107	2847.161723976549	1768.7492333716034	2412.4766720018115	5029.455699227868	3946.216886215298	1677.1282210675934	1874.8711543008822	3386.656263793942	2240.865013930131	2063.556744092673	1971.3334396403593	3460.937517037604	3563.8541740831524	2222.81478332614	2567.02564185916	3797.914845628416	2352.942515011729	2151.0332204487486	3013.23423243489	1748.3970933982057	2699.365614340579	2037.7962468368416	2071.188571982744	3027.673790270059	3009.8542554702663	2801.30110665565	2294.1931379337793	2364.0007139143268	2588.4915279090956	3161.3767304373996	2512.191833283087	2377.7888192226164	2906.8242554172557	1944.2843083466155	2317.866855234122	1443.3643533619759	2240.0818221963777	2243.016369386775	1398.3264455616325	2173.099830855587	2192.725006675618	3071.6429687541167	2227.4282426618915	1616.655037987379	2436.8070343053337	1913.5401573588413	1509.7962262875346	2136.6363359286365	2154.501924653716	2855.425817781376	2399.7788305949716	2092.422215773821	1827.70235876738	2334.0841952417363	2664.048740687233	2038.438118488701	2181.986643354184	2137.899508821983	3192.904245348583	1811.2279837760177	2276.341158066705	2850.819870487795	1816.9179511081059	1479.7424920693713	2397.503603101858	1502.8679989611924	1414.6866601304177	2382.1605677400235	1527.6342864840105	2653.4236886667472	3456.154259029218	1538.2719176537487	2607.0116194727125	1780.7702900331674	1401.0727608646196	2009.4760192307779	1688.919662977147	1739.1361279414882	2409.041255011358	2121.356934301719	1968.6901425227077	2186.5976882345585	1411.7039484582867	2134.6313245358715	1955.117401988111	2158.642795635065	2635.332628723875	1724.4113669769338	3999.7095537884293	2386.032885343144	1834.710929831808	1909.0584677285315	1676.8212863181516	2004.095552167148	6437.11914041272	5986.454272559954	3389.3208942435767	3134.185542548229	2913.3460374624738	3250.3631432788366	2050.872765917139	1160.5699131062229	2056.776255118807	2648.535353404643	3454.824563235467	3594.39281531959	1494.6804608987397	3303.470226097612	2316.6829434050937	2165.5281163034624	2484.526095919229	1790.4430596775212	2658.5602637607785	1765.0541215055312	3853.1873611006426	1998.2295799669282	1818.6985143452653	5183.145694799978	2681.0814960711723	10661.162618303606
PWY-6590	1207.0405517634701	1029.5333365561573	1530.6591412655928	997.5878349761095	1538.8523252466616	1784.3436277809558	888.0127959755215	1215.8276815164074	8753.028713228503	2499.8234948661566	1119.2645763486853	1151.8632377294837	1427.2206394522898	4317.867086731348	1504.760632670293	1354.1224415323168	628.3416946812123	3118.936085840714	1274.3605559989114	674.580937019475	760.9445493708558	2490.3110909519246	2242.1835835702605	1352.451264522201	943.89457106157	2774.5664756418973	1107.9981326131613	838.8459787526173	446.97443945645443	1416.2343641363104	1740.360360593078	1263.83145317247	1356.5117976837464	576.881635986601	2811.7228287479365	1324.104027910401	959.8252289053977	684.8628765095019	486.70056939593496	2781.8550128301317	1258.4414726057946	749.1976824857368	1006.8890665295233	352.1885121765303	1730.26126444463	353.6901253667366	1882.9731716449066	466.29855310947573	526.6626571839344	1486.4534681890361	552.1904376249546	2761.6188635797353	1665.9423820700886	343.0515426730124	1807.1985889301434	709.544261785762	612.4157989378544	1900.0344744822548	428.7186656261227	1443.3195365766662	2094.2380592862187	811.3794507428115	1545.406023267085	837.6360684387978	1383.0310614000618	1280.8750612404997	958.1848429860884	1594.9534836441014	2496.2234557457127	347.8433224910604	1652.9171520368436	2008.8499928420345	410.80933832685014	642.8806674967352	1907.9368681087706	988.8590937362882	921.586307395058	1197.0774607316519	841.7225864419829	1286.8696354294543	2622.0272225469234	882.4752162879267	1903.741223917101	467.49293612971593	272.54622255080784	1444.9742331144328	310.4125428360422	1256.6957438388774	1792.2540851878414	1736.5822303617315	695.6737203248474	1415.6500033282289	442.46434341119067	261.32740115325186	635.126049256131	613.0456865658971	2526.8386416669005	752.5601208179006	3100.3192664537455	460.69796093860856	339.14247123143326	1161.6443499230963	1418.6038981239722	515.0880295931213	5301.690643805379	3567.6091829830384	1470.1029694626534	2589.529155167058	2097.1763924968473	2310.816319075508	1042.6962631299336	772.8661851162364	1158.8580223761392	2486.547764718513	1804.192302298701	3557.897980472364	634.620407564602	2685.628356241198	1430.106862374751	1786.7338204059508	954.4647678398647	1401.6436699442734	1528.8654907822445	1279.956096757088	2307.7728255628085	1927.142852849522	1240.8716001991472	5254.267259120016	1651.1968251419821	8947.966345589586
PWY-6608	8798.782625743763	8043.232648579785	9537.080610264487	8498.71994648877	8585.559245688068	11430.857335692708	9640.851012783547	8940.20174584844	22414.95656859209	13601.182918760202	15565.120084968476	12842.879607348028	11855.533316884112	24622.049830793203	23694.06743599669	8657.041297873096	10522.075430545432	9653.919048406842	11857.199468250281	12524.319011062636	11270.278209082693	17975.61382044694	13759.456271681065	9220.244889117495	14555.20456162817	15622.156954405762	9168.667780692776	10599.982359747872	10444.6969618509	10159.267176940037	15085.027051992718	10031.193216097088	8844.556543826413	13980.216051089916	10314.91683107223	11713.56968935497	13606.552972027324	14972.699565462652	12685.986965319487	12829.455632047828	8959.38509864149	10085.093490713347	14714.259006777578	10852.839527476277	11133.566611903507	7345.703398032457	11593.172197346052	10815.210641770958	5727.266475544621	11926.733437019111	9812.774047928457	11999.358288239664	10112.454171305997	10274.65843742524	9588.781560953807	7107.72371826624	7252.520024720267	7883.128605506483	10604.261887359096	17819.989972122887	8934.239141504782	9072.025931364022	5431.092198793587	12044.72859062641	10569.369076861223	8950.02908219007	8344.212833505151	9595.41853130846	12935.554146631554	13235.275529134271	6441.457507835062	10769.458733704421	10880.502182142685	7745.26077655666	10098.282933245273	7846.165809560998	7633.367977825484	8685.213047318328	8171.585072205885	7242.235869381326	10913.46228092557	6320.9379270149975	12983.28985473862	6045.077899843551	5859.18563865391	10043.901056630079	8753.453580120029	8484.28647659669	10863.087568547116	8058.567123749456	9636.991931635013	8286.099313364066	8012.045289162626	13815.4895639103	9996.64375252352	7343.376837089025	9968.565784612396	6785.242257369095	12123.840444954194	9582.803614721981	9812.533656866382	11123.019972811198	5906.082116863637	11980.051154605891	12873.322119123919	24215.883563001622	18404.255928273047	13584.33320710871	14066.97469820072	15849.897476279095	11757.55338851756	6584.709516525606	13336.18781535007	11435.850847241027	17021.8069051577	14281.4945319015	11040.388037578039	16826.319594333352	13514.115938215456	10684.863042695173	13911.229008693886	9419.146546645883	14347.017416864457	10536.552661193991	19831.89443275936	8576.304402929356	10678.191054925292	21832.12681313264	15597.886564771241	20775.79991368368
PWY-6609	13415.325987375887	12108.04566966951	13932.063824452956	12848.46467208872	12205.409311411255	12343.177258385225	13166.654075637274	14039.043716572207	17846.963244172643	15230.729547524534	17187.903812166798	12917.76871545952	13956.056056674393	24057.71701135594	20778.330440792266	11211.367830260653	13442.287854439606	12794.785870958714	12721.836819983182	11927.114991865867	13648.650807275975	18163.743454306332	16738.268928518264	14350.495672074043	14698.306148778154	18189.145024983813	12551.481119778837	12397.68318474991	13354.128229791912	14971.117792402796	15231.473038231907	12262.656685712393	11789.224276906029	14136.47811980278	16276.979768451132	15230.530428427417	14288.06561902342	16469.43951378017	17799.806074385055	14386.414875561532	13238.960214501723	12935.241678197048	17866.047872562485	11603.115999786747	12572.437209912521	9697.683651269346	13031.71177360011	13868.884684018432	8082.500374922127	12981.808958236577	13110.08795329991	16959.268840058496	15508.95415728826	10569.969127972481	13636.158191604169	10267.149164078615	10098.385140490504	10815.45768519033	12488.220593274133	16357.598080924028	13278.628476177331	13669.900196221024	9237.741544094846	13545.63986904683	12947.24107730628	11896.026716533595	14260.511645607714	14890.985477748049	13435.212689439066	12449.179124080041	8982.569585215479	13147.015561871676	10722.00277265327	10077.968260985392	13842.773111562512	10423.400117327454	9416.17463043357	11441.707465018106	10072.694721947137	11617.499607586884	13680.672645829814	9944.757692151508	13193.81440970981	9766.159369778712	9650.7309787719	9009.628733284086	10195.71495880178	10884.002876270082	11853.841969757641	10603.682762779508	11990.165692517083	12204.972054513277	9453.819903084503	11724.54162640687	10854.563551529805	10652.824449777465	9745.365462095624	10522.528950882586	11870.030648298045	11978.961190574915	10289.847663723991	10879.88899902327	9161.249853567413	11400.715974375844	12518.938404576247	34436.86591448888	18869.2995692725	17024.240797196522	14461.705771499377	19923.23182148527	13727.676942278733	7509.932651462329	15563.215199990604	14791.838043173128	22955.085844242596	20648.524227552396	12126.802855699318	20430.082824234298	15247.91336729642	12580.103774683714	17467.821619608858	13834.07033203638	17457.653041365073	14607.068467927234	22673.719900196007	12125.314747722894	10979.49956669117	28445.750302086126	19131.476215874696	20107.832092600733
PWY-6612	17214.96218824113	15203.109659974536	18852.72566852296	17048.37460333823	16450.578890044693	14943.674029518334	17249.14316945622	17926.91257928429	13009.226347835907	18411.495301085386	18846.672330425103	16581.457442382638	16524.514754525015	25000.262979269493	21693.59559675033	18384.76846751153	18019.342866304898	18025.579945799225	18105.07938244008	14943.429513585701	16677.813319827455	18863.622759665144	19530.62813993376	19204.567657731026	17572.367138457113	18485.330676064557	15379.730070461925	16440.261942697223	14729.23032145693	16359.524831579934	16699.482764169123	16874.200805120545	14963.320821271522	15129.099549933877	19381.071085950207	18504.082339410685	16640.506487500905	18050.60475673514	20365.843690014055	17540.19660736361	18248.72024409141	17665.870646269414	22274.637086177652	12103.024183004602	12962.896969935386	11284.62562027998	13872.843078290372	14100.558019237118	9448.384068439753	13734.711958001493	14644.013057281027	18729.625913218846	17899.15265732443	12073.387919363926	16013.163754913325	13343.509325309802	12181.23289557501	12574.931915722875	14348.884113925178	16921.22546018765	15930.76447647721	17170.58307089428	11041.667571570833	16170.581041561412	13509.75897472582	14923.862856528256	16853.195497122873	18485.305747641683	14227.761446803817	13382.838591563392	10011.172095662818	14135.631546757691	11339.247851333073	12053.706834999699	15856.783638619623	13281.571475405797	10787.866754684233	12940.622335576823	12495.869379936239	13479.728631272035	14557.170365762526	12664.530543115003	13785.41912618136	10929.49735369213	10343.559738359301	9461.614273015599	10822.312914878801	13017.788583800986	13197.466422532667	12806.809326435841	15117.261552097561	15057.178873524832	10732.719384679931	12093.412998042726	11311.87965432788	12782.619145707182	10219.728679748121	12820.725854318644	12131.73056771631	14214.395930209257	10878.238502595836	11657.227490329233	10521.531330643356	12614.351606412729	9923.621299126087	41952.53356358334	21318.451366459907	21241.191682342287	16873.117602503557	22951.82910440382	17466.92968429135	9023.053721973429	19631.86268791079	16796.786161485885	26811.118295518103	22676.027457647797	14748.324099619349	20983.658379465847	17841.31744174207	14714.58346609138	20655.994720399984	16737.289944620356	22273.68116423617	16636.28700635045	27583.054123333368	14210.04830245795	14339.869112395072	34581.36702494146	23900.79299916638	15363.504264996482
PWY-6628	4239.622183922803	3094.178322314269	3993.7519541603365	2889.8254280137676	3947.4956212326388	4162.427015764132	2361.567835628878	3203.48910882363	12335.852309342017	6162.573093309155	2825.8599837166394	2832.4341132807444	3884.002609682303	9651.174488824168	3960.8448330497404	4170.947952822745	2812.3039907004177	8183.708197138272	4320.432358766864	3092.0867895027363	2533.963537863299	5409.6035323858905	5721.284103834837	3219.9735403388313	2470.871608214939	5807.747210806662	2502.017618315279	2198.202445574382	1304.932574011137	3357.0957572472516	3924.066951968101	3498.9921362706123	3859.205288069499	2510.2137186724826	6491.131428516379	4303.023241980471	3007.2566510524134	2230.1932559684114	1920.3373808278964	6405.0347973415055	3139.7707175318437	2196.3639524154923	3233.982722295786	1174.9112885250117	4461.505684614033	1045.6146354427285	4318.937361450678	1216.0088368488448	1395.714465820863	3649.530814721554	1511.9451098186678	6908.993678981442	4270.075747450766	1500.6476230412045	5373.7380620739405	1932.9938859177705	1557.1291942848866	5720.504130282922	1201.83697856815	3108.8656533054263	6928.028649793448	2246.412121092709	4668.29579626086	2281.3530505089766	2910.905590100542	3838.7821430031227	2542.123140549388	4225.797895551096	5804.547796555519	994.2129162435048	4229.794009972012	4662.222132707422	1043.6374744593113	1798.0848845957764	4329.057216978611	2544.226815261975	3084.678138711606	2675.9027058677025	2271.986067256519	3597.8619116969667	5416.128037858678	2478.2391940616035	4462.507536349576	1318.5954560560556	672.1298617617778	3238.9663960457447	1220.5680536164195	4249.2686647657865	4541.3922365389	3920.6016344694367	1980.1716973509153	6102.320972738588	2312.9309863879175	790.9952748482127	1637.2278867255077	1585.6947803466128	5458.029513353368	2144.8171819746567	7967.725415869861	1461.034494964821	1045.6248296815538	2737.2062406741616	4075.7657626314162	1415.360725880868	8488.160928731962	8805.879878254718	4564.947437740754	6919.209196568272	5108.469735604725	6253.925777515671	3621.149009875028	2155.3612519886524	4842.498160032995	6291.243338705293	6578.928011422608	8769.23739855968	3272.899255888256	6121.343897555021	5389.126494488444	4509.561281852345	3251.9875924822763	4685.623372499352	5913.386695843962	3466.9826074817915	7676.463036322996	5277.81944690464	3401.9129116355048	14770.358070026472	4653.905067085082	13414.747204350362
PWY-6629	1745.4814189939314	1464.3598425346463	2305.3860006310833	1456.63507627824	2347.5026565219555	2632.4304646513247	1251.3324603875901	1737.5040170491393	9800.106448629154	3711.719294492086	1525.68094944606	1681.4071865353985	2014.7297844165446	6510.030232237828	2155.532205945093	2150.4957696068363	862.6480866552421	5239.14752293154	1914.702052753647	941.9669771026402	1048.251154151231	3503.1742187062564	3169.552189197477	1918.7136414409974	1298.8409144427378	4032.9002040311393	1576.6079920104112	1223.4446476248097	598.7687519497439	2066.525198283801	2570.13031809589	1869.873497329842	1908.3484135429853	771.9523040759211	4103.243099362467	1849.8344365744597	1344.0099333286466	920.7121806060082	659.3096492518488	4379.898332784977	1806.3878391819644	1079.7018156741485	1381.6365212995347	472.7841368936422	2701.912476753297	481.6117972210574	2769.827555290815	633.9306881644864	725.0680167127695	2155.175680309947	750.6456865680748	4257.669481937532	2638.3592094346855	464.1887804447204	2714.681968662792	1005.3375706219449	866.4957987503216	3024.954185733555	582.1977021459024	1991.9690460922782	3342.9204107060336	1142.1582558433292	2415.5076162594946	1173.55164641919	1918.1687162580192	1860.9011431504152	1374.1184250484391	2569.156139145148	3807.2909882383524	469.90437574122046	2797.718826441418	3123.935507155577	551.1295584377345	918.7752869521646	2916.253852839418	1459.4480815546276	1329.2916689509887	1729.909280388576	1199.6876766150963	1902.8728715383982	3764.242513659946	1249.7081825968955	2739.0830845979494	634.2711809169573	369.1173775010331	2008.6159438706381	417.3886050870135	2053.9791797203457	2540.4376178687776	2500.7130501844385	962.9133022512168	2218.2790287316634	619.2114741054212	349.1151557938276	883.2563782236157	829.2741417995833	3890.527748474059	1106.1679819993485	6033.35268464009	622.6447100757604	461.39056367534846	1621.3718764089708	2164.043777981044	700.1263160361425	6688.969504188557	5056.750047924422	2016.1256511729737	3939.5488473196015	2948.8246715482223	3359.379848957693	1449.8523345130634	1079.4052805880854	1612.3553825001761	3840.7788177804837	2477.3584404758717	5161.475517115766	862.6794820556704	3730.215192480534	1983.9572864039258	2579.239246387518	1312.4320150019653	2014.6101684854152	2164.902946569678	1780.7084421579052	3235.101422644803	2883.00695967007	1907.9389315112837	8124.469043191384	2400.6525700431357	10465.968564688541
PWY-6630	4239.622183922803	3094.178322314269	3993.7519541603365	2889.8254280137676	3947.4956212326388	4162.427015764132	2361.567835628878	3203.48910882363	12335.852309342017	6162.573093309155	2825.8599837166394	2832.4341132807444	3884.002609682303	9651.174488824168	3960.8448330497404	4170.947952822745	2812.3039907004177	8183.708197138272	4320.432358766864	3092.0867895027363	2533.963537863299	5409.6035323858905	5721.284103834837	3219.9735403388313	2470.871608214939	5807.747210806662	2502.017618315279	2198.202445574382	1304.932574011137	3357.0957572472516	3924.066951968101	3498.9921362706123	3859.205288069499	2510.2137186724826	6491.131428516379	4303.023241980471	3007.2566510524134	2230.1932559684114	1920.3373808278964	6405.0347973415055	3139.7707175318437	2196.3639524154923	3233.982722295786	1174.9112885250117	4461.505684614033	1045.6146354427285	4318.937361450678	1216.0088368488448	1395.714465820863	3649.530814721554	1511.9451098186678	6908.993678981442	4270.075747450766	1500.6476230412045	5373.7380620739405	1932.9938859177705	1557.1291942848866	5720.504130282922	1201.83697856815	3108.8656533054263	6928.028649793448	2246.412121092709	4668.29579626086	2281.3530505089766	2910.905590100542	3838.7821430031227	2542.123140549388	4225.797895551096	5804.547796555519	994.2129162435048	4229.794009972012	4662.222132707422	1043.6374744593113	1798.0848845957764	4329.057216978611	2544.226815261975	3084.678138711606	2675.9027058677025	2271.986067256519	3597.8619116969667	5416.128037858678	2478.2391940616035	4462.507536349576	1318.5954560560556	672.1298617617778	3238.9663960457447	1220.5680536164195	4249.2686647657865	4541.3922365389	3920.6016344694367	1980.1716973509153	6102.320972738588	2312.9309863879175	790.9952748482127	1637.2278867255077	1585.6947803466128	5458.029513353368	2144.8171819746567	7967.725415869861	1461.034494964821	1045.6248296815538	2737.2062406741616	4075.7657626314162	1415.360725880868	8488.160928731962	8805.879878254718	4564.947437740754	6919.209196568272	5108.469735604725	6253.925777515671	3621.149009875028	2155.3612519886524	4842.498160032995	6291.243338705293	6578.928011422608	8769.23739855968	3272.899255888256	6121.343897555021	5389.126494488444	4509.561281852345	3251.9875924822763	4685.623372499352	5913.386695843962	3466.9826074817915	7676.463036322996	5277.81944690464	3401.9129116355048	14770.358070026472	4653.905067085082	13414.747204350362
PWY-6690	172.99636363636364	144.77454545454543	232.5163636363636	142.44	241.56000000000003	280.2109090909091	120.93818181818185	171.7418181818182	2440.68	403.9527272727273	149.3018181818182	166.44	203.8472727272727	770.9672727272729	215.0618181818182	213.66545454545457	81.51272727272728	609.1963636363638	189.19636363636363	90.07636363636362	100.51636363636365	383.07272727272726	333.1963636363636	189.9818181818182	125.77090909090909	465.3490909090908	157.0909090909091	118.28727272727272	56.410909090909094	213.50181818181818	270.8618181818182	186.23999999999998	192.63272727272724	73.25454545454545	454.5927272727272	183.2727272727273	131.0618181818182	87.5781818181818	61.71272727272727	501.04363636363644	178.28727272727275	103.16727272727272	132.30545454545455	44.57454545454545	304.3636363636364	45.50181818181818	307.7890909090909	60.46909090909092	70.60363636363637	228.77454545454546	71.54181818181819	484.83272727272725	277.3963636363637	43.63636363636363	288.30545454545455	97.39636363636363	84.0	342.70909090909095	54.86181818181818	203.22545454545457	366.85090909090906	110.0290909090909	267.89454545454544	113.60727272727271	201.18545454545455	188.25818181818178	134.80363636363637	265.7236363636364	451.0145454545455	44.10545454545455	335.21454545454543	355.33090909090913	52.363636363636374	89.45454545454545	317.6181818181818	146.02909090909094	134.96727272727273	178.60363636363633	118.60363636363637	196.83272727272728	444.0	123.5890909090909	302.65090909090907	60.785454545454535	34.75636363636363	223.16727272727275	39.27272727272727	215.21454545454543	275.22545454545457	271.4836363636363	92.41090909090907	228.30545454545458	59.22545454545455	32.57454545454545	86.65090909090911	79.63636363636364	518.4872727272726	108.78545454545454	924.6218181818181	58.756363636363645	43.63636363636363	168.0	238.27636363636367	66.8509090909091	1498.7563636363639	511.7890909090909	199.0145454545454	421.56	312.9381818181818	348.77454545454543	141.19636363636363	108.93818181818183	156.78545454545454	435.2727272727273	243.8945454545454	583.32	82.28727272727274	402.6981818181818	198.2290909090909	275.3781818181818	126.07636363636364	203.69454545454548	213.34909090909088	178.7563636363636	324.6218181818181	316.2	193.86545454545453	910.909090909091	237.6654545454545	2497.407272727273
PWY-6700	20287.22591230276	17579.57192361956	22548.01859260684	20215.72116569398	19265.924642876424	16977.786321274772	20266.778411543386	20903.212862880504	14376.7461507308	21035.044430739013	20649.319553894038	19681.84446048689	18791.577097584322	27230.67649806003	24470.759704162694	23599.053435750397	21110.562157328393	21922.41945557126	22511.468506671925	17911.679570620017	19173.470733479873	20287.2279958135	21893.974280129718	22111.269726943938	19892.117103423778	19944.502382032926	17689.122143268192	20068.04953989812	15842.51449778576	18149.352939600092	18675.343936976213	20293.164384967535	17508.844218008722	16205.010200185638	21635.025277233726	21157.682227149457	19188.15230348496	19356.11536374027	22891.708926704574	20180.564016612294	21663.173483665123	21703.81804898505	25586.16938029125	12921.110776404747	14407.280853817327	12633.44699554618	15095.721191580791	15552.097760674884	10602.928757753894	15103.703993328973	16202.833245898955	21008.8924791293	20368.912530525653	13367.792808371343	18403.821003966776	15835.55824358506	14052.493017615205	14623.247998921504	16179.239441035395	18158.59857626428	18650.124000592583	20030.751003539324	12881.219385692344	18806.261866599838	14631.0096648908	17486.282887419515	19402.281323046558	21548.36508105495	15818.925928913906	14555.098921530196	11607.690083382353	15843.339763197748	12018.266135669193	13963.036456671845	17791.72215550881	15543.786240279529	12373.83338695687	14671.123454402643	14364.483558986673	15853.870610406224	15868.64111995671	14784.567233418155	15000.646168381878	12198.855467852509	11564.6683183598	10113.661257198386	12103.379013831958	15451.55894549323	14667.492923458072	14289.675782144737	17383.343273878643	18389.938072604997	12550.590041966598	12578.334825941312	12687.466461630078	14255.51773091003	11307.706959008101	14969.7946477612	13708.272085243112	15994.680875119415	12141.996914631287	12732.315781494797	12082.993283475209	13971.05396187522	11063.251195558638	47636.01356909492	23601.763266075628	24832.308505689645	18598.401083495213	26281.270206227466	20057.856017397335	10050.760334533972	22703.33422264987	18876.31603861617	29968.139907907662	25181.31394283979	16493.48821556411	22869.89681651588	20046.068641027767	16351.441491248486	23359.681741159668	19127.0233412327	25927.877688014498	18275.7576328468	31472.16889985625	16065.906921195201	17265.62900507422	40005.06512959685	28409.073646414952	16920.375524072413
PWY-6703	16576.583886617846	14453.909676979421	18556.382171954698	16770.525074980593	15991.341703636883	13890.776946459573	16659.275351710658	17323.051873477023	11234.646141668361	16998.859044806133	16981.133959229763	16124.028801336888	15395.886499869022	22209.618751266087	19711.95652714668	19549.402026840602	17258.308015192353	17862.351747542314	18276.444057994457	14438.092210961819	15689.316032565097	16606.5572111806	17981.450635235276	18567.935549192458	16279.176591471247	16546.338015823956	14518.721830804085	16384.422316084747	13771.315767181797	15023.885206358544	15153.893596880702	16503.657881838124	14076.296774238635	13308.228394006777	17756.33002630218	17232.752373987594	15678.98177614045	15860.287781059882	19668.27062500634	16585.6216733067	17905.241267502137	18170.951325901202	21010.072295067344	10770.80982813153	11917.800493618659	10596.98682894573	12534.419404956725	13121.241579616699	8869.128265575831	12440.372540757222	13586.92229422671	17212.61071833243	16913.22104249896	11193.735702636914	15008.433666751924	13148.447849875309	11845.01669665296	11774.284706327773	13220.479654918388	15049.55764281709	15050.830158545914	16621.304235317115	10444.580430118554	15486.089522552105	12015.449810744278	14355.402449835863	16392.707507138985	18074.053387528525	12737.978875646693	11828.548294240947	9639.503927156748	13053.926005226194	10092.24200924182	11597.389639753128	14711.200225715644	13113.751454638945	10112.934673316297	12093.437396083551	12010.639128346484	13120.055682261087	13150.202083827928	12166.191032144476	12121.38370061074	10284.561004542018	9816.998585814858	8015.391402351528	10070.820745175777	12599.34951704121	11590.886477730906	11648.504217687021	14352.965496844114	14633.754902717132	10103.968725785662	10110.184504082614	10398.80394856306	11702.52034808782	9142.266079016874	12376.454244882807	11011.796836656524	13126.403607271835	9948.340884522193	10583.475396657046	9983.10320382087	11353.459782733842	9051.758365241962	39107.46201196113	19050.07209326172	20288.03016361402	15025.301826492801	21156.37278688396	16251.10927561623	8086.990410581194	18164.81387773669	15454.188145229191	24362.761086047074	20303.904266071815	13216.083534631365	18152.045726284043	16071.622242332942	13242.082543005154	19574.54323509263	15353.87110694874	20923.696420737706	14901.322459511957	25561.25800693471	13050.25125926731	14254.553768430585	32104.990985351476	23184.834286013865	13451.994328593708
PWY-6708	2964.9882450913788	2460.8738827347656	2735.0229518827296	3042.947163280513	2403.991402390386	2803.6832902310775	2502.541930748636	3098.5407177344455	6701.507042158376	2443.727675829021	3241.299880111169	2644.13461591955	2937.3307164872413	3316.9722579545532	3114.7465976525764	2009.5117214741595	2471.752417087761	1843.1258820887883	1935.7081637417512	2416.39760882122	2707.773954662573	2411.817966058487	3082.316428209683	2490.0970880058712	2933.951068627249	1846.9758917704253	1596.6752296809868	2068.278970108426	3363.2951926259575	1369.2281557013393	1700.1097694399336	1832.6059204045575	2471.586216649803	3975.186676897459	2163.3383724309965	2510.866172018958	2598.7505845865276	3035.720228758234	3349.693066308977	2245.376785535623	2158.354405742859	3420.8111426154196	3251.1653434797827	1771.0511184633208	1876.8093387251322	1599.4374939285417	2091.856856382378	1893.8943239535008	1691.757100150645	1968.341674768462	2720.5449369749394	2260.2131350575114	1619.5907620634548	2317.201122407452	1755.3088400719025	2316.172962289699	1826.96803914938	1493.2737170788384	2440.9291564873292	2955.4438958864575	1869.3896665923883	2553.9173907004256	1152.5919832224172	3017.331803117169	1311.4597459091267	2350.8266753133807	3165.5173299759226	2949.1729177341394	1828.0486383020477	2196.6982832004533	1550.661626470744	1664.8607478886047	1880.7163855617764	1858.8989767123492	1569.2746073640997	2202.987102508761	1836.155112343513	1295.2484845317456	2191.4400571290457	2548.114545350498	1983.7256455159527	2033.3337972658799	1842.6719434623008	2035.175371536471	1554.6714537036376	1402.1006289921152	2233.2181310717137	2234.3601968109783	1647.6451932158193	1731.3864541825153	2275.5415788077157	2577.461695150132	2127.2928228913843	1945.2672643052933	1354.921369102225	2294.573757956913	1774.3880576260317	1570.5431449662335	2362.6308188442017	2439.0473437665423	1855.3487520892972	2144.5185616241306	1998.465600634324	2006.6878662017143	5274.139923892368	4685.175247920736	3914.250864178741	2682.5748468807096	2900.867384934972	2665.6511512612024	2416.5586393538088	1019.7425763585825	3054.3059936860514	2204.504120969113	4723.196724703315	2383.9975158833736	2468.3236965878164	2385.274762687347	2407.5946380151013	1818.436765642059	4555.868274701537	1895.3167446024197	3263.5186837240767	1867.305945041147	4671.846814748043	1612.1237921101306	1949.6610735952797	4092.808244614138	4317.215333921333	8625.187486298364
PWY-6731	7447.379609861631	6955.097477276375	7167.405351243266	6735.956121942828	6774.326917583673	7316.5396709755305	7529.115575184961	8157.599504404253	5245.057138981209	8938.908289129888	7891.2585257847695	7157.317652434035	8405.146000181183	8821.197090749767	7340.491865847305	6053.676956551101	9867.906490383284	7590.403677065196	6615.174317058491	7122.079386850585	8582.116411942638	6214.73502227662	9653.561606232863	9722.852437437637	9137.025410843527	4040.9776852938035	6080.213262796702	4596.583869484069	6187.41223896156	5011.353147638989	6028.888320519834	6746.679566883078	8587.837477265806	7746.344741309019	9032.015484061649	9537.670100705276	7604.259505219774	7828.091587622071	8638.36518878687	7382.528885369802	8322.12892250803	5963.000084203186	11793.062362529301	3886.0257362760685	3765.144490756811	4770.317821152247	4695.060143344987	2233.3767123638827	4286.596494679407	4550.995613578244	5625.263132599393	6588.463564173028	4640.276939336119	5606.569164547259	6188.042970026593	5543.328259186084	4506.256705684202	5006.428786557338	6315.411045935583	4916.388724215743	6347.934284759119	6800.94525745977	4292.625320956107	7040.65711970635	3801.9149608908247	6697.89302317001	5763.80585050146	4896.769745305843	5488.518007357546	5170.23160233033	2743.334419804389	4221.885204404627	4251.155413780575	4329.314132553731	5324.472700039681	5678.292427075302	4782.990655479647	4259.658228137105	5733.321361907418	4384.936485878565	5282.015029127733	5814.736859914392	4948.779524030869	4495.7959833870755	2962.90981292188	4132.431436414844	4359.007557372947	3774.6388256223195	6364.2227358967175	6443.837329165144	7525.957618882544	5270.78007411363	4188.154718938065	4177.197118183452	3145.069400893114	6911.3587485427	4643.171553905159	3569.874328288582	4359.155225447344	7168.799203236414	3784.693186398563	4580.883973436391	4517.893644415113	5664.356208383158	4120.163456578774	19492.91122867089	10936.065798319472	9203.293038822892	9170.418637212626	9123.157652106964	9993.957935241913	4709.712878709474	11564.870457368632	6719.858375636185	14064.85923360111	9810.246229379243	8755.415369588969	8085.090818354854	10006.891542000425	6961.553830892015	10506.692288656535	7713.019688944403	11935.952154964116	6943.536231331825	16036.073149330085	6500.282990403421	5652.3365131498695	16173.513506874451	10283.842064859797	6236.978510162074
PWY-6737	24736.8331831766	21955.639456591845	27525.53043355176	24808.565244971636	23440.505309765147	21468.786293355082	24995.776662122116	26070.708158087647	21533.21643265835	26786.743192302973	27890.432697844124	24177.819807214713	24102.384109836014	37231.58986212105	32787.61508454282	26676.900327921572	25832.60955880917	26108.129577673702	26345.683899886233	21514.535387581735	24268.552788939214	28217.874534734256	28251.361138305972	27452.764487673925	25432.62395137047	28237.932440231652	22836.34209513721	24320.294171129102	21194.358037673417	24639.29064380346	25125.419074654146	24584.619772312562	21564.682187684535	21518.171849250095	28111.476150485643	26870.982192582203	24507.424286544057	26439.10203501911	30241.800505458315	25605.890495957225	26548.235009607244	25745.13067270923	32414.56726755382	18144.972031555077	19468.418211601187	16691.606913078696	20492.579188857395	21549.160688671545	13855.856915648219	20415.20574403902	21717.666053270008	27635.682780232113	26754.61862472311	17374.730680200024	23508.661008531726	19605.53676679689	17888.940862518484	18300.535169949166	21355.05777714417	25195.467440530345	23062.475358490272	25398.151190987493	16120.365323640393	23907.161021885753	20536.97784897352	21587.66968748841	25033.234292569683	26936.54803260298	21272.12274896896	19927.583614287654	14901.312194504006	21334.334137756465	16697.48522434164	17855.52833313654	23591.310175916493	19461.966241645317	15848.224756286823	19517.395603343462	18091.818759730035	20217.573416745465	21706.018971391306	18478.287740418833	20518.67007745046	16322.761029587145	15682.436126973673	13853.053387184478	16001.611523078776	19025.305235091528	19163.367918274565	18456.871995373935	22074.993203570382	21681.56460320269	15811.962928600291	17905.53099711864	17114.276169681838	18557.733468633967	14853.124971530664	18995.34365469783	17604.153301137812	20785.366195853985	16476.554457206348	17108.210771791935	15233.584152817235	18660.054652966894	15688.283076022708	61494.17609832813	31154.86294990201	30900.621003544173	24401.358240063833	33746.5216166493	25156.152370141226	13040.887604257532	28326.746933419043	24617.63621681053	38890.921781874524	33326.92837398621	20901.930109914825	31542.37457517202	25757.826952490577	21373.770553394614	30195.052454833814	24389.861670321552	32079.269146021186	24341.75538535509	39633.29642611155	20662.35433480426	20945.998619802533	49959.1734208447	35444.43722922638	24657.51432535986
PWY-6749	1397.5962279381295	1323.761558394008	1016.4737975819496	1055.416007328227	986.2203810865158	1258.5751517329832	1158.0996591046141	1393.4173770726266	2295.371447377931	1681.778903654437	2046.558498584385	857.3639440970038	1606.5443108542197	1773.3266454429624	1397.4306238206789	790.9096434028583	1905.810386575298	1437.286991758287	980.7347000683101	1260.0666582882134	1584.4459319035277	1697.0665087531556	2233.256187432083	1743.415080495981	1744.2622427234562	1068.9696580642183	977.4777860430731	581.3212374733356	2411.129783999925	822.9144180049773	781.6073118745151	981.1471348960456	1865.5437105259712	3082.7264302726167	1994.9260968462677	1964.4199420769771	1147.2248940128752	2681.566376908538	1756.7938953320604	1100.8523305117858	1305.235226621273	1221.8885698073823	2357.146919494969	1419.796428555752	990.9831254634487	948.6182246816406	1063.2428134908655	1179.8317570222819	940.2295846441269	966.0221676262677	1369.5731788399878	1263.6997073761606	740.0789839317986	1335.0033316577913	1300.3335316967691	860.8573670125231	858.5929450989963	1192.7952036588467	1185.8850481879078	1637.8589122142416	1528.050487168963	1010.531455039915	1005.3783811652889	1051.9457773796316	1086.7767380453504	1117.2511527150166	1171.105206349216	1321.5219633947884	973.8941763939764	1187.4777783447435	781.1009162404657	686.9240188536439	1544.914159378058	760.1731100660407	862.530413464732	809.5290705446827	928.1652272670381	659.6174563973719	974.5688240406594	1040.9190271297684	1360.8610214012729	1101.9241406574768	1155.7744258123323	1175.9571102211578	808.978506980777	1187.6187138810249	1214.3845386964013	1048.1932544290476	1434.2487948964745	1378.4997605811998	1318.0761976158346	1508.8964154232121	896.5128167831873	1717.7625366171692	668.5677338258766	1926.1575217849768	900.7228278477014	642.2616337310785	1050.7733348300962	1674.1820717422531	693.0120476452777	1223.4716314667508	962.5403029303087	1175.281760531995	1146.5300474865674	3661.269342086082	2701.488239103552	1556.2743154699742	2275.1377640696396	1468.1676048841873	1974.918230184894	1081.4385321972134	2407.306562550322	1318.0763683447046	3838.063269318418	2327.2081599500166	2365.4557598433553	1785.8384042589555	2589.7513063304677	1543.987320338976	2095.725286157323	1633.0652027987655	2441.6207218109676	1730.9371549042287	3508.8515435666586	1418.5538749104908	639.2168244623525	3516.8396648646712	1253.3477930638694	1711.3952541814406
PWY-6823	761.9359131820983	642.2864066848425	659.966269857521	574.2177669043379	806.7761079918766	791.4881202958588	605.5170015654674	755.82093115825	3723.0446207356654	732.9284880083882	383.30331209167076	470.7475063238575	463.03965507562106	1391.4462194166601	476.91851687491663	455.20938194847	283.74475817281353	977.8254424520768	442.96263298529476	284.2641516187475	344.6956340020539	729.12658877979	672.1230407171228	642.968041265682	413.9486221994659	831.5206027480199	341.0022580503573	322.0650179661821	371.6070304817353	409.98229662399683	516.4363104545125	377.7233284974569	522.9507590033202	275.9480319590632	967.1499495499392	445.08631627526273	330.9355189588797	246.67380693250695	221.4865253133785	987.6736004928745	400.59971119440445	373.60664660741054	358.4381777015032	143.42046403359285	595.4932194639769	210.4188796443838	640.1249448663996	607.3512816820545	224.204107487662	566.1267255527871	269.1268915271079	1000.2237955246853	560.6363598809894	242.1769434629868	529.5577212834356	258.9068796342027	430.98908409206285	578.4051373225672	146.07583166738524	779.8288319759688	643.6602970609449	269.65656769106806	430.99916216490624	366.07602345975596	394.3209577343275	500.51762746499736	473.08305046742163	953.7179820262381	731.0610547291353	117.36673436673334	694.1516976373113	593.4603722426098	194.28027944035657	323.71827594114427	627.0310263462411	351.1385041192222	358.22875320171926	349.18698810783155	329.29552782988054	479.42241017072115	723.4386683130697	336.9726369347476	599.819294454101	174.18867331758827	267.5651320400318	396.76210553366695	260.8002231004797	715.0219964170213	656.9731710384233	607.0326175571827	266.24301801785026	845.0217793709392	508.67191791698025	89.05102952516918	424.63382305586595	248.6774004063073	933.8375843367776	322.719826401452	1523.6061176117216	257.97535590655946	127.27573125377117	562.4076343199374	604.4375665033454	177.27058575179615	2596.8193770096323	1022.2925449667026	440.7416835771168	838.5853616482156	576.8953986808721	887.3982626645744	330.336991045692	236.0780134982402	329.4194168946156	812.9852231529463	644.9047376345351	1077.994140298551	302.03811918333736	806.9682163017761	401.30417351719603	555.8753909045	444.8343935004468	474.8690573072631	464.5430253755797	460.9858526892808	711.6682066569587	586.773845272429	386.6041154179071	1601.026480227307	509.3503205134862	4376.321853041366
PWY-6891	1238.482917470462	1007.2441712266759	1339.3224162611307	829.3056746768601	1310.6754519403755	1545.6191983971921	1092.5990049688457	1409.4297874703097	7580.285304990909	2094.653264016305	1173.648786347818	1218.8554850503126	1299.1555976350503	3450.2370858376926	1427.848263938065	1368.844390439708	853.9841437506212	2839.924446210804	1198.9937768417203	898.2089079016366	980.183605352096	1891.8772915370614	1816.9201487769842	1202.79290943995	996.2820195318611	2098.841077814859	847.4992925089174	1046.5543588704181	693.3107929541076	1402.8459633488533	1404.3888760119146	1198.9528138045637	1701.6787298020504	967.4301226665949	2372.240271687859	1241.2652997672817	1138.8076638891587	940.487613748464	659.6921967472431	2377.7748498799856	1094.4152598355543	857.0719032217183	1237.9462432202045	415.22379130858286	1523.03072778054	349.56188178665735	1486.4207096870161	739.1210696530818	479.3898721635309	1241.831998117923	551.2594822187749	2461.2577063998956	1399.887529046812	438.83141655022894	1474.7411715734434	660.941943298185	631.4887710470454	1658.1835620197874	503.375100623431	1275.9554496247836	1764.3585752674098	806.9916916596094	1327.1272957803858	926.4558137671489	1005.4167550676748	1366.360661276669	840.4512534808482	1522.2482635601207	2080.2483481832783	450.35421064938583	1494.8329346941277	1598.5056520287621	474.38772584660165	612.2982458632646	1474.7996999408529	887.7157813005308	859.92846793585	969.1554579800676	734.8624325215274	1091.7604114097198	1958.937997051901	1013.3490261082258	1571.8924825614722	537.3315694201196	447.90808269508454	1071.8176605770138	764.659291430643	1221.08563977998	1749.740345362122	1427.9072980987328	679.0249799391638	1407.6630184684022	530.3883752683998	351.79796144305374	741.9816959766034	803.2413691937227	2341.9065647672082	664.2290552741553	3700.9366199524115	637.9154085787702	419.64685830167144	956.4028232496247	1198.5935226901133	570.8103372985225	5066.2378945696555	3266.851886909833	1417.203165872542	2367.2637312564943	1665.5867044495174	2712.5077973409775	1170.703404586503	685.8148545231954	1334.8973325407644	2047.6406440166993	2006.7518821422082	3541.22427815603	824.5142623924573	3476.777615030655	1548.6257492913246	1348.450464825498	1120.0592911825174	1415.6776785926722	1378.334648664696	1353.1922957375818	2276.376290912291	1592.8222903675046	1312.2638697028774	4740.022184901757	2062.207236283395	8386.121248520503
PWY-6892	18027.869117589315	15939.853374716979	20745.70703868021	18054.79254328599	17461.76604650277	15126.127066358204	18463.368630456174	18983.569750374118	9923.347786510101	19645.500527195236	18588.01385582666	17867.756156734828	16891.215169900683	25882.32597197759	22197.64150687769	21923.597556920136	19207.22852869611	20949.46506307318	20785.290394850617	15758.173493861981	17365.260308574838	19222.309680739465	19875.67081251428	20397.964308463474	17685.48132231553	19689.580352746925	16812.246459285347	18480.87543536684	13003.38427917906	17923.30561571187	17899.162354097687	18986.86869808622	15869.595212560667	12931.913732650466	20790.66648613918	19452.757178778207	17373.084761830178	17461.43018663215	20861.83582150797	19049.44887976392	20195.58564968144	18979.50665641641	23284.928594799876	11849.569914732587	13464.572036649151	11655.0501036873	14081.726718726672	14230.544198115233	9488.456831605909	14025.652534032468	14348.690625019408	20122.320036265366	19843.97136914531	11468.877129273362	17458.948993622736	14205.031112877892	12723.734011799188	13793.638626562573	14576.049180600648	16052.601321257853	17482.872180773513	18388.741284132604	12286.11546057449	16695.25326009038	14231.407324630225	15782.136917584196	17445.67691737525	19555.579588059034	15058.45762688848	13050.00572125392	10832.206223342424	15259.420448728626	10738.502866855331	12734.657162346173	17295.630315400496	14157.36764765804	11221.833603694542	14103.81527826746	12805.090284920518	14218.852669306041	15177.685284133959	13481.163826627168	14065.21703015789	10935.242353074857	10690.70855470924	9249.085664391407	10408.599775351853	13837.687249848272	13625.534674201019	13383.681241400864	15844.944364875926	16257.745207113148	10999.240891897649	11064.39329868379	11800.866532451486	12765.527681065023	10487.922799371532	13936.971293910581	12756.756678414273	14227.634973272076	10903.478829946363	11266.359970328238	10868.068357649212	12528.694084638699	7710.7651187742	45118.441998836126	20965.049038778157	23203.66905431465	16759.88279722933	24686.077922652803	18347.958995094396	9405.619327879907	20611.798159524355	17907.65940810891	26938.808640745483	24384.333891836566	14618.492764287159	22037.83801906121	18332.90591207379	15379.942859196277	20214.544279576567	18059.57639356117	23506.3514041046	17390.565594327403	28150.825846412754	15317.378759608915	15827.577108831947	37736.812028030894	25838.901599414137	11606.099200599638
PWY-6895	5107.30229227621	4206.86426464757	5566.5784101129	3635.714386985151	5307.288180497563	5861.728715495001	4605.789653310899	5724.24673220517	11791.263879408698	7780.107302745368	4895.606023640981	5007.389430705531	5230.272960822908	11985.012922021318	5905.088992345994	5708.054764693598	3742.555731374226	9851.371013532345	5058.531535594914	3801.69568290765	4159.293609772076	7153.854601459214	7044.5682572577825	5069.186614350084	4230.939993097446	7759.780060039608	3645.073280597478	4431.861032121273	2995.9137486440472	5575.81309448525	5576.579441803451	4982.514229578675	6346.38219800838	3960.2905751557128	8648.802458493994	5152.57308239359	4707.997675318816	4017.385550509383	2998.805101335097	8454.235497915059	4665.573603394425	3761.8745145492626	5294.551982660148	1865.6399851282438	5577.31120746346	1596.3915229525194	5555.957574012784	3177.8082570633246	2072.766033677078	4832.379867863872	2466.5520645361034	8796.578927186765	5692.072882076804	1963.3237686011137	5780.482624405367	2888.8464607352485	2734.0006962543475	5941.7830889196775	2271.5152389341497	5107.892350366374	6635.253863590596	3545.6387771127074	4897.795483187477	3950.938882440634	4079.586421155273	5363.559115745236	3663.495976936249	6129.579146544514	7134.275765387828	2029.172362984831	5182.689026424413	5954.9789797301855	2079.6049899236477	2659.918962541384	5771.867175473405	3708.693547579019	3458.1878855790774	3955.4833627617845	3119.6303604836007	4405.91134657204	6896.913036070358	4098.361661415779	5753.977639564876	2333.135386651285	1979.826133412925	3885.753116570951	3120.9571961119564	4782.43296726073	6148.072602223975	5317.538200504266	2990.9387095233965	5531.82264422653	2309.4519761026504	1597.3206832060937	3078.203702703898	3359.611580343886	6741.708121418538	2882.4468433462002	9427.73807441967	2797.858586760278	1871.1918823849921	3777.166426927191	4458.199125827886	2492.1418736194287	9048.640813577258	13232.708156325272	5841.499263698736	8903.454961621881	6325.69853976966	9966.784493480658	4858.683321222658	2772.127309219873	5531.906597325115	7472.52777659697	8130.885338992811	11932.295882328779	3498.8411744590435	11355.930181695552	6064.014408263372	5250.813601055174	4794.7134206817245	5643.71116876051	5806.947411755651	5401.598602347861	9059.929195062976	5946.868426247138	5175.608154104422	16792.741038865544	8237.94681916533	14098.874176133311
PWY-6897	23679.18197648518	20798.59329729106	26721.347882227346	23995.783133162975	22624.649491490545	19738.68571381677	23796.027988411974	24844.80533133593	14687.16031377064	24528.41913714917	24184.444556901555	22736.10397579206	21841.515980301214	32405.209696461476	28129.996204128714	27523.704164048322	24415.863590346427	25821.938102484648	26010.269146794126	20014.564512248126	22317.033868785875	24237.918122989202	25510.278615474563	26128.31427232905	22808.099155292413	24846.896810031507	21239.19735708644	23403.749248864147	18107.436695417033	22436.322527106855	22252.53578270915	23769.50112462013	20131.67965392371	17833.463044402524	26004.14808557739	24616.992224616413	22124.444235215957	22539.525398054768	27173.690721667088	23786.270691155863	25545.185896435156	24985.22414613653	29657.32529477471	15212.794466148627	17280.46970819147	15112.624585304777	18170.952527582784	19076.685457119933	12533.48042872682	18008.803179056216	19307.650915972386	25346.548429011917	25077.46220948496	15255.560245961999	21847.581340019286	18658.905065657902	16703.182250463142	17081.846852786213	19065.411402936606	21272.175109633794	21781.566062532307	23824.804220329377	15221.233404674433	21905.887280641713	17917.100875950844	20227.738138722827	23513.740524872665	25796.824376668796	18659.7311054113	16864.97421093192	13941.382166561216	19281.1084942641	13887.890424384643	16609.491310187736	21823.313290368784	18368.404282195144	14464.325319066073	17702.719857141354	16828.443026750723	18771.03907368837	19206.675874538876	17412.12552557592	17682.176189000056	14578.676531269988	14205.032001733693	11554.750470535047	13962.04541837296	18062.093497291626	16810.444963413698	16926.671572891984	20396.506716614105	21026.041673212607	14713.544529817205	14273.086745280421	15004.151475163348	16646.69506060998	13009.215175424086	17872.95432991922	15762.999636539515	18533.99264203778	14281.897213660897	14827.328679148453	14291.182224383194	16055.888906278877	12208.847182633948	56632.65123559016	27092.14189570291	29098.98696802003	21347.658269245923	30614.293069074363	23075.773631047174	11722.338007201191	26074.933819261212	22646.9169285442	34842.078393335476	29852.89588855134	18682.662512108865	26779.75351868479	22649.744434855675	19331.258092457854	27231.068776448665	22613.498503366467	29818.579121580686	21877.044149796096	35893.40681961363	19124.414912028267	19793.9560404829	46656.55012870874	33249.63820774925	18498.096104913195
PWY-6901	11493.327438726848	10439.604744251124	11173.858115845958	10318.738250155766	10315.411379649513	10682.315595197733	11191.574631380501	11764.011598125051	13057.586615568607	13428.141548192114	15251.480298931152	10328.264716067719	12205.306975594482	19627.848451042613	15833.87869270617	9147.156830180495	12477.697968297156	11111.344129818988	10463.857146229851	10049.790727236597	12012.655399978166	15548.236726270692	15176.18640080216	13075.329839702938	13148.47164442169	14031.539695486159	10400.987028670954	8893.329308809154	12552.485361181818	11264.810129145373	11945.434384911434	10332.95240701189	10567.008714430647	13014.758664067487	14532.17333853315	13808.416683493204	11871.465007969397	15390.92554006245	15188.984442920602	11725.243481024228	11592.095064519506	9475.264249644337	16274.976707065256	10431.705375657612	9450.144343611397	8340.820048179918	10802.008710741024	9826.574814637896	7123.665890775943	10465.050366908323	11382.670857977082	13512.31845663935	10823.649254798993	9524.500774310332	11531.239413060608	8423.849796241939	7766.41210712179	9240.594102281366	10749.550917205519	13876.763376942898	11505.901532549942	11132.771746048455	7912.472757480548	10972.807357366004	10923.650152457545	10103.197897411208	10619.049217857231	10299.380351103198	10983.536105119207	10948.515549762858	6185.780109227861	9791.783828657237	9813.253596165629	7667.58513218635	10743.175342332364	8357.028655248812	7892.374642924828	9038.494142727257	8623.36287026471	8779.05405685574	11689.708170041293	8621.21242083972	11231.345109585873	8544.563579037154	7317.996320313856	8097.557549894113	8638.449919219658	8042.012152471541	10463.561647875307	9659.158628596326	10701.721117262145	9835.099001761753	7293.191318797693	10931.119936394232	8149.484226451482	10123.367064398417	7979.138858448723	7776.1021953793415	9008.277816504899	10965.167190689423	8298.050540572676	9304.85464779675	7559.25855616266	9995.497297514843	8368.838299841696	30462.991432581148	17058.578133931394	14301.966158547928	13437.47208016968	16346.629882108462	12691.739868305312	6995.134808838639	14232.910157612374	12273.132291621065	21211.45053166168	17846.91223952105	11462.80704619899	17113.64238831647	14077.668036780105	11346.984853589718	15299.163972108856	12309.894147613515	15929.222577496186	13099.65787727277	20659.066455584096	10636.261811209215	8677.373734339424	25029.507778346164	15063.57689562961	13075.410428472338
PWY-6969	22002.20597100127	19306.745957205403	24578.756156069292	21960.354549984884	21158.31312852607	19059.560498102972	22219.556740695316	22867.670612169608	15616.459660587307	23489.739162800266	23369.21848574489	21830.15063516765	20959.11157357482	30445.792420937014	27268.688377078608	25259.740189401982	23277.68716092928	23938.317584436823	24457.888097809893	19751.321104089813	21201.330549098915	22503.29656782389	24563.761447975372	24598.78050287074	22581.989480185646	20745.68222153386	19598.989422617316	21776.218668092824	18548.497256627597	19450.255049757427	20781.03123071968	22144.374920560815	19307.28960521682	18985.72373302998	23949.267726278726	23366.47320291873	21213.429162450597	22078.979262234618	25584.519299960382	22625.87735485532	23802.0999145701	23649.80339532769	28727.693814828894	14651.558344833158	15666.521163941572	14126.263265600397	16703.994912739374	16672.66175273103	11897.26975744127	16626.43434438789	18240.904285763754	22868.46710465121	22091.625453050194	15268.52539521156	20120.304770126615	17408.692308986134	15550.149640741434	15829.89837640244	18124.421896103453	20651.07173457033	20105.98986419032	22018.604839771895	13872.317107808087	20840.923156500798	15700.21317206938	19071.36902788588	21199.87154739778	23642.175029572812	17605.501823606108	16471.445431819197	12765.880344558089	17348.456734237796	13911.44592004785	15370.50057946759	19598.100468064735	17149.386362440135	13551.117616747235	16225.64248490371	16040.08246592503	17373.059832796207	17724.986705913525	16285.088283104482	16636.852383445632	13681.712236709769	12680.878971939175	11589.93226055297	13662.432563954673	16686.76607847287	16207.119723088097	15980.956756672413	19395.997228386248	19255.214583024026	13494.751313052204	14365.858760389692	13984.599777926316	16171.794444804711	12794.106541112247	16400.799330279006	15381.857545488263	18123.304128660704	13475.823985267238	14550.655308092373	13116.094086404413	15864.091751313916	10951.613389898796	52697.069351529695	26659.068421540676	27187.185065790658	21298.943815736784	28582.025923505702	22216.885803283658	11248.730592394235	24881.514853927925	20769.74285337625	33333.244499831686	27283.1074286515	18490.783759402802	24521.16414348168	22290.43131179066	18276.496442378644	26050.21441332587	20739.015528315813	28494.209404245128	20060.6460611658	34869.47775036352	17544.67376758713	18960.576562984093	43598.63893378088	30692.765526161038	16160.591385730142
PWY-7003	3638.7388764177817	2842.867621764287	3278.357470078318	3463.504879110164	3483.2861261405283	3412.3653693645874	3336.787857056869	3140.8794711211744	6874.390666666535	3383.6989855510387	4630.321981375673	2921.8057153774976	3698.1152469162075	4600.1632549481365	5288.922126593108	2685.2180141998383	3348.6148405604226	1935.6309448336142	2887.8491319332884	3473.0406313219955	3303.6217767756953	3691.821380250278	4824.511613369849	3633.424081782451	4166.34718940234	2724.896230900725	2465.549229907679	3163.920707220306	4998.519340789334	2287.5691757398563	2455.738307162065	2809.4539859221063	3204.665824491285	5042.928023323245	3126.863885030023	3679.2787843853635	3582.8329929610113	3986.0978444092952	4151.857811133778	2849.588177783577	3185.215031678346	4136.047228376141	4651.314728674684	2668.707147169527	3033.9603741344317	2173.0913145882	3158.960502496119	3506.702949439617	2269.607779435327	3075.191144433653	3798.551808066221	3408.3072190837365	2488.0076424397835	3037.182515464934	2652.418723860461	2931.174788650204	2619.908904190203	1969.5341295593744	3362.9269192802185	4683.444041386972	2527.2071054011753	3418.1678293412456	1634.7177382161892	3759.3770297305887	2176.6878963935214	3462.7942943219614	3738.8350530181337	3822.0522441252742	2569.9197924352166	3121.481449927444	1860.9926955754152	2492.443165648914	2698.374857705308	2428.7045188085362	2257.776969982977	2522.7480214411744	2124.5877795692204	2116.258349532011	2774.3191610648323	3262.9985254605153	2966.859542698932	2633.3847095630754	2979.001378822148	2692.3959004089975	2171.2393710925767	2072.0105381293843	2976.27392263717	2661.4731569559954	2889.0913739155158	2506.116130315318	3028.467369930294	2910.88092442544	2012.6093026568035	3129.442025283378	2402.653885328957	3065.5754189341005	2380.6772504827445	2497.1485777740822	2747.0343788302707	3548.5753391010726	2742.0988554167106	2905.9294980737563	2203.7403918032924	2952.0963601510152	4058.1239111545383	7774.404012973384	4788.042722344356	3917.11490353743	3743.342458651948	4915.786066560454	3239.834749031319	1567.7753708084017	3330.2817623658775	2957.543950013567	5647.751211842996	4165.837881924057	2742.0029661514877	4924.910975162885	3154.2451951180633	2488.3956849052242	4628.939952184025	2692.0770276684957	4226.367537806161	3037.7143768264946	5918.8810840972665	2114.918686402802	2709.1494254525487	5679.320301342873	4344.08437463788	6961.856753229546
PWY-7013	1780.6369894269635	1208.89040846277	1739.897800535392	1742.7890293560056	1612.764550891152	1184.8399720882503	1958.7623070662517	1663.2920759539968	8869.688994585662	1962.8913447358982	2238.8098117880404	1203.2884875474415	1908.0025852062793	2557.053044298729	2978.692054485568	1390.4955244054988	1784.0112059144617	1684.76816262418	1633.9459203869792	1974.3961107123716	1893.497766257794	1999.1514070382968	2537.7991360727565	1736.8476488125011	1900.097992180269	2105.744964992945	1642.5774196592567	2186.326574895258	2412.9915071813703	1647.427959695438	1649.171613009784	1816.8946929935291	2230.7963143066318	2383.53406240811	2156.907072328728	2363.10807809536	2178.3604920045427	1901.9006598474657	2221.938412805516	1721.8952701176158	2108.270187164735	2229.362164251901	2360.2420308464143	1539.8254461725458	1496.04395317403	1170.7803936796113	1288.2776285429502	1902.6098516692414	1068.2854708049504	1594.8144235613331	1669.3188651010785	2198.311189138563	1410.7870491351239	1294.8716289330239	1582.4690104840563	1583.1547465249173	1259.7443143669645	1198.9360266681003	1785.2319477198212	1882.2347132956086	1316.0516852949352	1886.863998598071	1225.7531405946727	2042.6897718265884	1721.3174070559419	2255.636698861021	1799.388357201986	1521.3123982828936	1945.2076589548367	1376.4874035151045	1340.2903037558397	1645.0357378665171	1351.7212836174413	1245.5562958826495	1279.5803271811828	1158.1505630153254	1131.3772040700371	1625.9416506446041	1117.9044947550515	2025.1948109900495	1946.8916890965334	1465.2117155127678	1793.9019224212782	1356.6450615108138	1103.8218050036432	1233.1241709486837	1344.6968513391541	1183.405175550685	2471.573086193827	1561.54871518762	1573.7190709392517	1949.800047473119	1189.5026402290318	1624.199204205619	1438.425887568407	1692.6520095061198	1539.4183147537333	1288.6614173415576	1883.2349651584068	2025.8153516982654	1505.1780525339093	1170.87849967547	1028.0891260697722	1576.1958060186312	4773.384181563963	5356.3175131314865	2784.3370500359306	2577.7150175769525	1784.627485037584	4190.989235143262	2090.0854708203346	969.4860004110485	2173.644491868512	1475.1395442464902	3124.9046438656624	3907.131648555145	1345.6773511913452	5309.132420788827	2249.502123730259	1278.2039679637378	2393.876043341473	1833.926601886126	2251.2914752829215	1959.8596012903402	3587.2240497625125	1328.4010469782793	1577.64657275345	3704.6728761967247	3227.560961696037	9374.730912455572
PWY-7090	804.8183424042011	784.4619991883643	680.8983678873085	726.7028762191422	819.288243549447	714.472161218804	818.8655903784864	801.6574008367237	2011.6281710313056	473.59210913447754	1004.4331837235205	900.8732303204216	849.922050332004	523.4878484426642	896.6458759673834	633.9547622723679	854.2071768444837	299.69466328252986	558.3973539054465	678.6980891198708	861.0847505072574	464.32621530669775	759.1995266889727	1139.526933852378	872.9857719926235	332.380815223555	383.6016428567351	672.1873867468933	1529.6596027846101	400.8974083469724	468.77286384363407	374.9824139324293	318.34961032895893	896.6499601584817	578.161494329716	903.9001623738799	1014.922943046437	984.1874351611145	1827.3523824969056	653.3705237258469	758.9151337701927	1258.1264568211272	1026.3233561202453	743.6466440647947	470.6947073426197	663.2331405895616	451.16095856960436	760.7295962404128	611.8100429075256	514.8720110178408	688.2760327508673	573.0138875727333	361.04280281422126	861.8569807441582	400.23286328321257	496.4982630963398	839.1506855305545	367.0969804471842	383.21057290747734	810.202203176323	506.79902603639033	625.3324321248637	293.7805707339375	847.1250043199459	242.6097771848192	717.0459711418207	878.1675573022601	834.1965436611913	229.60312434932595	598.7958740071227	420.95120726447436	250.72705016817332	896.0370241694534	561.2257356873373	263.46773393166325	846.9430832546764	535.1434004770776	262.1923667298184	614.3927075001556	598.7104072832776	239.24192720076456	296.07012787165513	330.7584378948532	689.9926624149631	561.5207442131153	231.16725206292259	894.442409177493	606.6358724484562	384.6055518127447	279.1163080231102	679.4010465233521	665.2982858975197	556.7940257084485	556.5974766099549	589.5216752638859	687.79634207718	357.4097678732817	442.24541776556714	297.8586454911102	709.7324294995815	498.8485815954669	614.2870520273281	591.9897221996227	695.5373634542644	1596.8916978473692	1320.9782799861946	896.0872544222851	793.8294386664619	519.9779227080265	736.877376070502	759.280885896583	248.65683375422944	687.4710458375515	449.48207658549285	1295.107252054575	661.6086416326888	741.3830891416782	599.211341777664	985.7349219076681	394.17767955143944	1428.2604463629177	382.90879152634903	763.7042614301951	493.56859361466184	1595.8325176421843	433.7347467903268	878.4832605336629	704.3465053213208	1094.5959754622208	2310.5930110982454
PWY-7094	544.3935312858022	455.9254773922912	715.5709425994042	454.1995841034766	731.6762567179672	843.2061876930231	393.29066847922064	536.7248677752436	6789.6568123540155	1210.891731605859	491.95983660817825	520.2601279194698	642.2905079360144	2263.062649279377	702.1500273445505	642.8923264346157	272.82741912192773	1738.1243418966774	592.6739608502268	300.54506840274365	332.2910893781156	1170.8928465454294	1035.1555587166545	598.3156987175205	416.36196958476535	1393.5764382478667	502.1061187193954	385.4677397695534	197.42847910543148	649.1600251112587	833.8147867019587	580.7195998388123	604.5736774150643	253.8908276404507	1343.9512160662182	590.4742133501832	428.2632621508992	296.8091443911864	213.53230616815281	1461.0514069699389	568.1116484716723	341.6298812960108	440.6104139529456	154.7074439237708	905.8234180428417	155.0366159980304	918.10937150861	207.28649237794073	232.5113181952142	702.6975521220098	243.01986528460174	1417.5664974068952	829.2546134860634	150.31828283357152	868.5167985888352	318.94155425809566	273.7716810144131	994.9472962497206	189.08939238821614	651.2672883582268	1070.5834956580575	360.4994967696027	784.9152448812818	375.0130053316311	635.8029525828487	587.6235567705272	433.1995417383865	795.403171652491	1329.7996814641654	152.73741284443054	970.9183673407509	1056.9058191380689	179.83069263596505	289.47646587985884	944.2858618401609	452.56180095705673	419.60273825092776	561.9180237541864	376.44676848216903	616.3462026012405	1321.7953494754618	391.7337967157002	919.3726521203885	205.76329806268097	119.80892186455704	683.0113326882781	136.26705213717506	643.6286861621713	841.9131612536834	817.6711330282687	306.36391350691224	694.5470670258192	197.4346192574039	115.05382219725243	287.09848764025315	269.03023987352276	1475.5555670962399	347.7143406828187	2552.0624572207407	202.99043858040534	150.77340672713967	527.3834260252075	703.0226751448764	227.25633164609263	4118.1603778410645	1608.6657675517802	649.7761183926102	1259.963917967023	962.9832932262265	1075.6129854114522	455.8412970809246	341.4894567665804	502.5826723822924	1267.7891778110823	785.6502192945193	1720.509712843081	271.76043666785387	1234.4336339211175	627.9186986726068	830.8524539724201	416.89821459303033	625.6174085093716	676.9271755999295	558.0847097349563	1026.8062212621612	929.6428117521497	595.2475456606224	2645.0760306587263	747.4514505115619	6872.8443385740575
PWY-7111	20682.913194868805	18289.2578670404	22984.06593391757	20615.75143609087	19786.55322553963	18136.11129113924	20912.45679156123	21683.61901530053	22299.7850271201	22446.14154210551	22891.75399357203	20382.80957251932	20143.264112108038	29506.924606324745	25646.447480282124	23652.900919536274	22421.981015172118	22688.09540661676	22753.543971086587	18553.741855779732	20345.79751389415	22506.092011152705	23900.009845299093	23547.176206689248	21732.749090362395	21617.546398968003	18598.501822319082	19977.238020901266	18573.91801137442	18856.269273228176	19756.74658380214	20780.10885825943	18931.151348097348	21190.58788404221	23135.36697975571	22532.00940918555	20033.754329972653	22204.702127526652	24656.29068400466	21218.95341314966	22607.95743582447	21882.481823192902	27652.16326467036	14674.6185563178	14999.135641253197	13594.737031846167	16334.809861215323	16288.410934346084	11498.957377798637	16054.812980782808	17744.043165129864	21680.511371131404	20797.260541027375	14771.415686493818	19012.657623608626	16453.00556838133	14479.86649601826	14869.34464705843	17462.26628062892	20136.046917336127	18856.573931590163	20756.626936157103	13068.607826587122	19636.13587480622	16086.862708516566	17966.534700890566	19967.33878007373	21656.812894169445	16833.533651712685	16138.16910397314	11774.871929999083	16623.263022673444	13956.203070695088	14334.743529806887	18691.10901733913	16132.116789950798	12823.569634461095	15468.265816922698	15227.002107537866	16175.198856348441	17541.096530273597	15517.721634249487	16282.012848233057	13388.65126613254	12266.144491057303	11510.79503210727	13239.0724924286	15219.100906976562	15628.695819856703	15522.637027380351	18598.829578730427	17685.381918097475	12576.884600052932	14887.238227035357	13235.804236796272	16127.77487972705	12118.534817143518	15185.279431037396	14667.504039410864	17645.25784659667	12987.57720987583	14032.4201322791	12423.269528735218	15370.7392223105	14156.046961805972	50628.17552386566	26250.82779571725	25584.31363379818	20984.79899843261	26733.07207506619	21559.809990704252	10979.134706714285	24251.420876857643	19772.877074029166	32829.29446094807	26321.83368158035	18632.170168899986	23941.83973586187	21879.19781625212	17698.327784369874	25232.21619102777	19816.346938399904	27374.487353664706	19619.304465842957	33992.44527449277	16812.281150073144	17582.75211411451	41383.683000411926	28908.132657222908	22096.758005171076
PWY-7184	12264.134207196072	10133.940856572208	13419.606413121573	11930.057477040968	11708.786067518986	9884.235725881259	11961.774150924955	12718.2750477706	8816.395777141282	11617.756025140508	9797.153441422905	11984.66571182911	10681.072552256677	11359.829639726622	10935.513559216275	14029.36970110801	12730.93405956627	12703.778808019115	13054.066177009392	11370.499524542234	10997.142670581186	7728.682255477555	11608.657249049253	13094.38110261301	11344.215350969269	5463.283865838603	8693.796103733179	11588.010536817053	8953.979078276077	6638.04530265953	7973.586210404933	11833.682242977296	11241.30172635692	10309.073494056829	10968.2545527525	11627.776739242678	10410.77134355072	9405.326785278301	12113.28368981326	11426.934244609289	12782.527374985422	14211.492303102259	14819.481531470745	5428.6644956540695	5740.763833689673	6250.806969233221	6193.570627183909	5425.197180113239	5662.762010487247	6420.376170783352	7744.616702333787	9506.891201997802	8628.896080553219	7371.994981542176	9293.061509561972	9475.161125846978	7598.101416930709	7818.714105602795	8247.814477900822	7617.629489109752	10224.931406392961	11172.786669805502	6822.28970839581	10672.504123974313	4651.204799674427	10517.420510636164	10028.966930095568	11958.541322222323	7128.698228048622	6547.108356481498	6215.884543838694	6344.226361978665	5727.026683523858	7502.711111364531	7531.951070055158	9230.331500260894	6827.242100252962	6627.20948095928	8262.097709553604	9000.679485390696	6634.098926702201	8884.630545385202	6196.530221810914	6167.100755235719	5009.803271227198	4800.660490615488	6306.330113593303	8995.581440865695	7777.187574619542	7737.146191926787	9813.770290293476	11551.897283262804	7015.58332904026	5084.938427593484	5489.447750547061	7971.762811845353	6298.524431730178	7951.052593560444	7959.936415095925	9043.379917641327	5411.0826993275	6483.905610472032	6916.674914673411	6927.476588698104	7134.539818607176	24480.627425237435	12979.28058605163	13988.80918267045	10632.715259897592	14107.665869786897	12007.459386935376	5278.047749508706	13710.19598866423	8940.693986655502	16739.47540896215	11843.674466194869	10137.987465284677	9755.964754728731	11998.72672946378	8182.183008554974	13737.250060562474	9862.912553458724	15670.803612723117	8169.290154228046	18843.878983790666	7997.2817703662095	10630.428347523028	22457.094617223764	16998.10082907505	11016.399350347809
PWY-7196	14837.82565377463	12673.383173985787	16088.234455935857	14546.724596451073	14185.343809428678	12324.274951185193	14619.290662461242	15553.002941460465	10372.619009236158	14678.675216615502	13880.653058719448	14202.147736353501	13608.961474269914	16878.95490000648	15686.823127286943	16184.174127467571	15339.554369279767	15166.065205246474	15520.993006346283	13288.657801898273	13825.223184239272	11988.547086437447	15346.31505251865	16286.91591692039	14499.292193222955	9308.690603293433	11558.72445959833	13896.754445644345	12883.512460357078	10224.908200552421	11335.502151822566	14196.287491481586	13257.553457975435	13539.049115778864	14664.48568998363	14858.650806655332	13342.523392465195	13358.881350995936	16940.58778825242	14320.262756749958	15481.919735029325	16160.876169871499	18640.98961242502	8734.36532019127	8850.70825470795	8725.570124025882	9449.78156834078	10216.191998605296	7633.386621332112	9765.93516924849	11288.828633324807	13441.93843139198	12428.364370502437	10049.890097148289	12369.130313522652	11599.52610433701	10075.754755088865	9971.559558152445	11228.708587247542	12375.307428794034	12895.252546134685	14322.252184769553	8749.005275908508	13479.412648240768	7388.869867889101	12886.03326699945	13679.130057638073	15540.637307173842	10009.65359423459	9614.89867261854	8210.166688644656	9322.925678637785	8713.695103279431	9872.281906390119	10751.883369669795	11421.25397802703	8851.693015031786	9461.40020286906	10547.8565858606	11608.781560800466	9871.104089231658	10985.858957948627	9184.63872406965	8666.746839297663	7872.718837389546	6776.678204857663	8784.525083046974	11103.76117266053	10274.635213503356	10107.545664098468	12445.425016177249	13405.590555789558	8868.786302541776	7917.380276024687	8503.918608974383	10262.434759145104	8260.583497101014	10572.186269357167	9987.343065456373	11802.937448767969	7977.686680336966	9299.946726728658	8855.129627773893	9505.289489874165	8197.71261720543	32412.807741183216	16966.838550130855	17358.312401557396	13637.726829559884	18552.818643124618	14690.752271167943	6901.680917940295	16539.236225912897	12197.3970865319	21583.705529910716	16304.13236835055	12468.58659629527	14241.979669317681	14976.866159716312	10949.707045093712	17570.00017737876	12806.176430555337	19007.580792895416	11622.875214298427	23106.262379220636	10565.740989820286	12401.11872976535	27942.878684706295	20384.731967862925	12640.187839969327
PWY-7197	12106.814719354752	9874.8908719352	13179.283423442801	11785.412309346824	11738.04725601901	9651.603558709523	11767.403648727312	12671.912181162978	7341.791685177626	11061.60801864633	9549.204295016381	11876.979075532588	10448.330185452292	10956.38380516002	10689.634814933388	16062.735232831563	12568.95395763074	12755.977984458606	13585.433525096349	11615.49341931191	10736.389213175416	7483.866001252455	11199.371778385084	13029.036070285701	11228.70733286131	5200.849294340204	8137.426412917642	11360.542527260857	9982.863495460888	6321.355888210216	7417.720782528235	11645.256614620903	11269.227500375728	10939.213639091791	10365.36074690191	11119.280497344158	10029.54804257966	9209.380352586853	12663.37582041207	11033.134003999252	12554.627367063014	14784.59408597366	14608.418644855103	5827.499797569195	5740.001199594347	6202.51882811697	6152.744632994374	6722.045762367191	5644.793509981554	6517.801728884302	7953.225681313626	9058.774763194522	8193.51128683498	7700.982254136596	8855.728525968465	9483.80033334607	7654.612714687396	7352.756971112292	8103.52455040293	8392.212191856917	9716.55775899361	11076.776055147933	6420.829828840327	10491.114873125993	4268.4603863028315	10525.689071368477	10095.220838349202	12113.735086323228	6676.047163094485	6522.569387670471	6094.602977780641	5933.029707316721	6116.543200044537	7456.958107763938	7000.943045225813	9248.347647571794	6691.803793999478	6413.994748706837	8333.856184806482	9010.54266773648	6360.970566961376	8922.15612086763	5911.790769671035	6199.430125594402	5391.364154201423	4603.930906273726	6438.91343081842	8849.98948577699	7462.418576565116	7450.355855117461	9600.418743025455	11390.050930321777	6741.010772292173	5044.296156879729	5828.330918166854	7602.632156285764	6191.699907563331	7982.694797155287	7643.825985971907	8991.082534909641	5423.075044329517	6777.590746014774	6808.787579378644	6707.7679608064755	6023.465593706518	23371.306340355684	12556.128651116322	13449.071710352697	10340.950277596468	13904.334614354902	11777.728317778789	4989.121802690342	13354.469730358087	8360.613991903567	16086.07156508635	11044.764421441221	9975.202445249522	9264.969613907393	11738.271681753304	7691.320164611535	13830.891763718579	9225.78085800694	15467.218624919205	7735.902825498506	18330.673105655664	7399.093069290274	10601.365297561206	21356.26829467649	16635.544100174877	9309.302614210506
PWY-7198	780.3351029756676	618.158325020091	849.9231121968222	832.6467687313585	677.1385552490145	634.6191869729357	813.479821115276	621.602059649557	3306.7646709456003	939.3706484204133	1119.766059473259	608.5821973271968	866.8695578679199	1343.6108107937403	1583.54850445181	514.92237393152	769.9284047117973	849.3617099247465	833.9451950386535	867.438342192064	792.9812503764609	1085.730365553913	1246.6453315310587	797.431098053279	1039.7564449715644	1146.3155925893852	935.9545242140031	922.0224359142633	1337.7331317371534	528.9383668651958	917.5719735367895	731.2765501207834	712.7370255066779	1301.5006134813834	808.5317292017194	1086.7737144859207	915.011389574905	956.3363563565874	1154.5219606464998	862.660530259335	989.614947692765	1076.9824863260883	1196.9908053088382	825.1953301274847	707.7542907771046	622.9900003017779	634.8780893577159	984.3351001980969	572.7680339108116	715.7094419234354	942.4315372097421	828.4004937593895	715.6701637204503	695.0286516633815	788.8743788486464	820.7024508622328	627.1768408245143	570.2487198550193	952.4659148859324	1043.0002037521372	658.6620726917088	875.425051520454	531.720571627443	979.6861839912713	955.1817432822406	727.2554442430699	907.5931452840751	703.0655931160811	939.580728401317	771.1962834095672	727.7435816704352	922.5467445790072	757.249011334863	601.7337297406497	730.600877710824	525.0042553215993	487.9849257069671	932.8178079077841	567.1645984562214	1102.7107732067202	1070.2371709596994	570.2215147654695	812.8094352752914	771.0100808179025	630.8692243916335	628.5846886313666	743.4913152548284	567.1295060560965	761.5963921664975	636.7444606176277	815.2226432453041	773.3195522786365	605.6667604753673	895.6235162935875	826.390935401444	908.9148902443607	585.9299009264552	723.7655358290286	802.8052724772721	1056.5368331887412	808.8703226287737	665.2842595052794	491.58166229786866	842.9407575943778	1530.935619023179	2163.8075209092863	1307.409524970203	933.9494035258432	933.5230841693807	1081.2203381831612	762.3989820515851	386.26086814495085	731.9588045738197	672.5692205462516	1267.7283290973448	893.0507706380563	566.6808001960728	982.6696506369475	796.080739342985	636.2114620532134	997.9130925833352	552.4899155031593	955.1300179302214	562.4451660253188	1355.620821695242	507.045914008047	614.7378942198619	1198.7927686273044	960.5840771393007	2524.1225709320506
PWY-7199	11464.381746967081	10612.289262029339	11972.861097223573	11232.942058847872	10541.123358524002	10175.860838201308	11333.469459960346	12303.521424771096	15326.5281294098	12635.869500756558	14916.218779458874	10370.999005908065	11785.224057815143	20864.43645067188	17484.4412351088	8878.860325502186	11147.502416830104	10261.152645872344	10003.209560729692	9201.145644892851	11554.726233471296	16093.634552918847	14292.783606960042	12720.552100204683	12175.751923461965	17076.807039425592	11272.047923130796	10246.546377707053	12051.118526280143	13757.688294355361	13294.7098554232	10118.916978927109	9466.426437908913	11489.863532126368	14468.79315614642	13086.010229053858	11892.83636855245	14262.529477034608	16664.59818414999	12172.892023854032	11497.295788224998	10879.141715704362	15181.223953637693	10644.445021654483	11179.443165631541	8911.801215998532	11574.925756494828	13616.27070999338	7246.328459164776	11555.435971420322	11938.94632506486	15107.860785097353	14304.187886362299	9025.410335800643	12036.895067478195	8966.852720337974	9151.194395774904	9155.690469123201	10971.38011772906	14693.607881548545	11322.867788745712	12190.579458540196	8039.472754239128	11494.335303478263	11943.848932116849	9970.948643608877	13221.473177744821	13376.039656234025	11504.358074279973	10674.193857460285	8078.43191443696	11837.208842151373	9551.804385168702	8976.783474643673	12592.08410458752	9101.649755107499	8123.59726489425	10548.360979194616	8685.668134620222	10526.944902384928	12368.126890683625	8616.869757986859	11392.722136705495	9016.552863928333	9295.38518821998	7411.653024284253	8841.837147476435	9250.806398306895	9793.57287562364	9176.855437027349	10403.830809713043	10017.55827246586	8161.858139196055	9965.22567616563	9934.764077662157	9191.600681226268	7927.023270424578	9621.606982816606	9376.956140273562	10444.3084889452	9123.078314845367	9521.978937471918	8062.927847240035	9617.585358270566	10840.107736336124	30400.170816071342	15697.206844769344	14188.249710011822	11841.26985072045	16928.262519623844	11291.946397225043	6313.078191384541	12520.542159277395	12897.811857204306	19514.44562120712	17750.21402496619	9732.413525181193	17185.889137932907	12511.101393937153	10820.651641915596	15090.771529784159	11860.600598672076	14346.732225765272	12899.759293998033	18354.857448573915	10486.3150453332	8736.184872008125	23377.293413579915	15732.82348940635	17377.62547609606
PWY-7200	11047.487321806313	9470.916412149694	11974.392818728506	10876.576306675097	10361.31456480704	9108.27746389674	10834.700838817402	11658.518510244097	9254.323260990206	10976.666645882002	10124.278878730873	10455.416543351583	10099.888015536371	12324.311411797653	11485.93904276427	11357.82793698788	11130.593871792946	11198.156567178727	11254.404292542526	9629.730564138315	10276.916355258943	8591.024830805301	11372.463000226746	11891.358042530836	10595.473917179894	6478.253795840797	8713.827793106755	10319.167716617341	8912.136121440357	7402.01248146789	8459.519265431249	10401.692691497525	9667.612829716214	9613.61474776137	10987.867631717583	11093.486510043089	9991.307092687073	9686.141096919464	12321.192260587011	10740.676662415814	11391.459264276293	11873.577299113846	13684.744604487896	5983.759134832008	6324.844177147339	6408.593685258901	6753.54053971578	6341.174092330396	5597.391748037958	6952.250854205597	8077.240711668328	10000.831900633879	9216.477165803759	7172.874769171763	9318.692995186184	8624.900464260629	7435.533534517778	7613.8313203669	8276.711382497555	8376.315356154646	9792.55733297781	10643.966137572485	6673.413089166481	10092.28194993712	5346.331585346695	9502.687895170919	10106.584704697183	11466.5806086148	7506.466541890338	6879.936728801836	6242.268466685081	6918.287774781662	6057.797250447463	7349.53319903111	8034.863616107484	8503.247134650315	6661.95748854774	6994.782031216954	7729.995437913219	8749.178670292795	7223.287570619317	8120.18608626293	6709.592378011442	6340.906646229388	5492.678036277378	4954.673799115263	6362.194421739103	8410.815230108823	7642.002368191829	7503.228076848431	9217.190958050007	10225.862672819037	6837.761912474795	5544.989183060719	5939.272460488247	7592.631091570646	6180.503432611381	7793.838907387283	7674.085670649643	8642.779921601747	5762.281795405841	6677.2073346249235	6704.544190581806	6982.102347248164	7375.41076431553	24166.411113748494	12614.535038241747	13016.590260646386	10018.442891719067	13760.046069081422	10752.685683017979	5120.644862282864	12198.225110828418	9190.225378953995	16104.780605584878	12269.461740833567	9047.753985977492	10475.821949210836	11065.921929852635	8176.465475327308	13025.344540253176	9660.81421398177	13940.406240938126	8563.660746210844	17060.822778073292	8019.54586177539	9105.101380866226	21054.137208113836	15374.741590243073	11515.43985757256
PWY-7208	17569.929178261176	15280.76277903453	19334.101299977472	17371.22512449199	16654.887875786302	14838.970544672346	17525.92899391978	18130.876963966606	13519.71845282825	18402.759833329583	18331.721786431557	16861.466538843568	16482.877853462694	23947.676128596977	21046.714797476237	20161.958611525963	18492.2551277722	18991.775692900497	19228.69099601452	15468.459790370462	16767.020205937984	18024.886621925325	19380.992537709062	19340.50274514606	17467.837561267097	17632.783335125372	15301.73269931735	16994.650920395732	14440.954015536141	15810.304297265126	16174.494441823736	17444.692353613445	15473.752680148824	14962.962153786304	19121.63486544714	18598.27027128049	16615.961991686778	17506.179337763486	20043.053629204136	17474.70890837457	18750.54152612512	18416.560986432636	22437.592943189597	11616.261202513484	12530.315192676826	11066.734645090271	13312.522109164925	13630.02902993231	9330.983351133462	13240.238507518483	14292.245682635548	18325.41318568655	17506.462614943022	11826.759832325086	15961.99973415846	13624.105557110526	12092.244851890753	12687.264647797621	14148.677982140345	16109.433465192922	16156.352089210226	17259.2342484606	11175.196268237616	16221.865553746797	12993.570845121318	15183.27158520775	16718.15716677186	18398.61520001291	13842.049849011768	12872.789299671891	9955.988574695146	13738.118491417745	10873.955848086085	11985.041584205886	15440.002445274338	13370.396987405062	10757.538134412323	12709.410362781118	12470.669532858343	13604.755622143493	14092.502568627555	12857.533897878013	13270.59839461356	10780.016122607425	10096.879919513722	9098.687193216268	10654.420868082676	13165.661281341398	13045.741882762906	12673.44042515921	15170.024569438207	15775.191087925527	10784.161390583842	11483.821723345176	10995.392797603157	12800.71734232898	9974.212789654755	12791.062586352451	11949.901093493212	14172.981700203967	10579.665152867803	11261.196316913818	10521.317353326238	12305.497335176422	10096.494480502926	41719.30200961426	21055.63800310181	21509.025721726008	16664.6661953023	22854.277548698214	17713.028677253613	8930.966878643607	20071.642736726495	16472.442769625708	26778.699885898717	22315.173268768667	14843.184328649795	20410.382123507294	17918.091452335975	14442.954385514267	20564.539528682537	16741.34047068094	22741.062489638898	16214.644045301013	27936.051880672192	14093.14308191173	14753.406426605621	34984.39868437572	24427.415048478717	15687.38471527687
PWY-7209	1545.0411107569407	1416.413627821993	1380.471577023246	1303.1172812326868	1390.4674586261215	1840.8928745770277	1621.0424286760767	1598.6059900539149	2523.154578974155	1707.2841055358297	2233.5717862421902	2043.2300316822084	1631.6532558283186	3247.0793524803266	3606.3691915152863	1153.131578273618	1508.0795887705096	978.6687824176715	1719.9609726992132	1974.82712343478	1665.8482960874974	2426.7785919035086	1749.1118182686496	1416.2983117192018	2263.060920123339	1857.437684948551	1141.0993617625634	1494.3781204734357	1598.9853482223705	1197.2476401346767	2046.634106206894	1276.8222190244226	1400.6179614087416	2261.2102864971353	1315.1915291662397	1537.395678358486	1969.1198872839554	2181.2728178256307	1677.696399959484	1713.1761153634966	1097.3825338713636	1452.7294468694338	2111.002349642314	1523.6563992503336	1428.0445640398564	1048.4367086391621	1533.6069208926979	1952.5983773890557	798.205345847023	1693.4671488041456	1364.2090180200976	1497.4523726611144	1186.677156506777	1609.624519772207	1096.3207648126345	916.9796928063178	1201.992748719182	857.9351475885437	1421.901942997659	3003.649472979897	970.2888731156708	1125.471745076324	500.207490580235	1765.1677509773572	1290.339398483393	1239.1455641682871	1066.0748970022378	1635.1225543833132	1520.4731644561084	1948.4449276426747	828.7961579372137	1190.111209285897	1654.804018270026	1137.3734043968648	1214.2273112512828	1042.507068562625	1089.273442210181	1033.1608883739268	1154.4506070915224	878.0264039953264	1147.2171780576257	901.4529653413992	1736.8391916481992	811.8120895932625	978.6253049546351	1404.7713204607687	1540.4129482183864	1419.3282168071062	1548.7481638106328	1070.9434043353501	1309.7122787741516	1449.4216552364894	1495.5858522697788	2127.9896506869313	1661.8820440953289	1083.7251886383979	1329.5129895286846	905.1558854549322	1440.698484367479	1421.3791590552755	1379.0068661007256	1849.217741350547	875.8541584297049	1784.4357019197776	1624.5443437258896	2847.4186747161934	2581.065836363403	1708.6396674020282	1879.3298024878736	2179.363981935119	1582.9056966267187	879.6967170095493	1780.8809714660074	1370.7130673131048	2385.2668274421535	1592.192522232229	1707.3053669105916	2092.306719133048	1813.733581516503	1378.2447221077948	2000.0199271652891	1194.8884444948103	1870.460666567823	1400.2462561996315	2675.918093592292	992.1821289365723	1490.4885374493294	2495.7872183778086	2052.290841483066	2657.760406759992
PWY-7210	1077.6956488794451	854.0109167050417	1174.695659380918	1146.575158772373	938.0273708975701	875.3151768591016	1120.85182534553	865.0459193075922	3857.638010062212	1284.4128265932106	1496.7053832218844	846.49305156606	1184.2441372522678	1789.7355256889646	2081.0013453256397	724.2131449347406	1065.686103586861	1175.8021207915542	1156.3397484891805	1192.2103170073021	1089.3368643603806	1425.8133952663932	1678.315169833492	1102.2322115563381	1412.898468182043	1438.6460101037685	1259.023790753266	1264.3987207234159	1755.8836998610352	719.6635987099758	1225.1200209528681	1012.4620450201468	985.7226562487234	1735.2361793974167	1107.701525623644	1475.0426528847272	1245.2846163374315	1287.4679383454177	1561.482012620645	1182.6549520392807	1357.9610983936898	1480.4121539412233	1636.792399131386	1077.1000189829454	939.4081390629837	840.2663545762133	853.1553139036649	1261.4798506590525	772.5125235569732	957.2036475397483	1254.6708851460687	1124.5174254619444	973.5794984089296	941.5398618261888	1074.5666327743922	1120.382178710094	855.1966148765513	782.6242666444493	1275.0256575692256	1373.8121991578676	908.3832325580356	1198.149935513587	727.7909436428664	1331.4626929975113	1204.5590858005821	1001.5013146926485	1231.5378188257307	971.9481547116433	1243.9618855515048	1028.1268975371097	973.7554732402178	1209.6831788193474	1001.0606525523931	821.9373518027934	985.8060790643142	727.2285111262307	669.8708071302558	1229.130427369768	780.4565926112707	1472.63850282752	1391.3540269620214	787.2858373316378	1074.5807675120266	1025.009948886866	836.5134925970314	832.6868223076375	992.6254122588863	782.8726062487648	1030.2531606242226	869.2690078507001	1113.2143752249706	1067.3639765015344	825.1161290465003	1152.8186631609503	1080.4205749315245	1219.2503484996566	794.6128130757122	982.5742845739792	1085.2544491667588	1414.9386572833673	1059.2761208503257	895.8946823925713	675.0672114955486	1123.302077491982	1945.1122160120535	2942.656363226277	1766.1719369214486	1287.517155076025	1270.6141962001348	1480.1462328865769	1052.9672887038228	529.7891854643638	1016.7692180237096	920.0265445227772	1736.2268791156298	1221.2916201287235	785.4110463984302	1322.9847573011962	1096.393435480732	869.5529989849703	1369.4162526766	764.9942328683011	1321.2620020976335	771.6053955217978	1863.2920542214847	698.7588727545218	852.2274166497688	1664.2033948931	1332.1054201111642	3185.800363567023
PWY-7211	14329.156132717491	11938.550522789694	15746.620734071621	14023.378491284733	13668.533654543891	11621.579404007714	14036.843824122372	14861.232414952836	9988.947010947346	13769.136032620028	11931.313627784564	13985.815077383586	12619.296412432574	13955.761984719515	13233.243393944123	16917.377245944295	14956.353153993043	15167.253697108776	15592.066041394883	13169.560363066803	12958.571861047805	9582.052644494217	13822.004877202271	15389.881000099444	13398.162294671552	6991.332085298883	10467.942271385422	13617.299300940025	10722.047463250889	8321.281110853875	9757.977934512273	13956.189956484137	13049.807106668342	12033.643316721415	13171.816504620037	13783.633625235883	12338.352950929935	11435.369188168903	14507.417270959753	13482.720091806015	15030.229883980111	16338.929066670189	17493.653907593383	6785.98271689774	7103.696074353598	7580.085613767931	7653.145476808919	7017.274932944509	6776.586585439456	7891.270606566415	9456.604226971871	11581.728095951896	10594.567711957783	8797.123707002147	11137.28158184865	11094.036960113934	9048.436665623241	9280.07374627075	9910.058101359857	9522.798409509453	12116.660122587684	13236.776285206424	8116.5781594081745	12594.16262773692	5821.725897426583	12290.889898478952	12028.320784585481	14170.071054134904	8648.217153827216	8018.343720937677	7360.451780107815	7798.940140847024	7017.36594274244	8933.531521335155	9255.351043384451	10833.535952549079	8089.744093496798	8023.25569510223	9747.913381483953	10590.22728603882	8115.088381974241	10404.27267839416	7626.60524373037	7438.43166400642	6185.862932714197	5816.270919095255	7512.650086624966	10533.83054678367	9253.422691824566	9200.851841642841	11635.249395563207	13354.751751032703	8275.129747204859	6304.612848581133	6715.169934959832	9459.572341314573	7411.5079245333545	9442.452625753342	9251.896289133336	10725.436505606487	6605.940903137895	7825.372943768462	8119.740058515263	8355.632432022452	8058.656848708074	29321.719633513898	15472.41283345983	16532.046283198433	12629.602098137484	16746.02593045862	14125.1485418701	6330.523256115884	16133.162019795034	10832.38505263229	19935.758751647878	14362.245257384278	11906.903421683755	11951.25077379327	14120.89331048665	9865.486356508127	16237.275758346768	11850.795321084088	18399.619022877683	10007.579010755471	22166.958018511286	9633.864558741876	12376.321507893785	26600.69717296037	19914.65113884963	12432.221428894623
PWY-7219	23638.34384643421	20611.087465568766	26107.202039945936	23342.99916437414	22488.994634088172	20318.723072305682	23807.469940146835	24448.004780591582	17412.177955536332	25296.65606729488	25139.832287024314	23129.6061520071	22618.363940366038	32217.207030262365	28550.529006095927	27393.383040798417	25559.340410028544	25987.44634268877	26324.12582647298	21430.243832934553	23022.38757843281	24348.018908081212	26645.09322689911	26410.602294191234	24276.343942207233	23046.71020428284	20700.112434171424	23033.68778745946	20000.16952808008	20757.57277609782	21813.565181904374	23856.761795215793	21523.72907169497	21375.35379865349	25892.415330315016	25509.48836784379	22740.07098169193	24322.855868279432	26941.27274287118	23807.786371384147	25652.385708161164	24858.930911114905	30994.294051792058	15821.711777531564	16437.53413491859	14953.273805452014	17754.188021140457	17474.76797199405	12673.279818372313	17651.470361689248	19252.195111651374	24230.57396830149	22933.82966633494	16296.96321916974	21342.39697928145	18462.831204177426	16123.997255964065	16952.655856592646	19300.446449572257	21714.985102260714	21541.528917645457	23235.15566336532	14897.510590257632	22089.41567848786	17309.466775495875	20647.874888025533	22014.069787778204	24200.63935541126	18672.544845944856	17666.704667011705	13100.154551288484	18167.292662679974	15084.821325737912	16023.400336295737	20489.82554049258	18046.68183459306	14475.844730248968	16956.678631144037	16942.82459382596	18041.406550940097	18946.420960401672	17466.25835977733	17935.020258743512	14538.80874555838	13202.346536721316	12722.22948018925	14496.240506979855	17407.137049656943	17998.32048468907	17399.809446371073	20804.732024793913	20939.71134611297	14382.432682565453	16089.81842196431	14524.41561621908	17883.362843736693	13616.541531067043	16936.921069255513	16072.938959666535	19623.602743295214	14251.500649232987	15328.065594570211	13973.040733754002	17052.467701892056	13011.520209133336	56827.96246960383	29359.31628897989	29259.96029096416	23345.98636394147	30906.068238491836	24611.071091106278	12383.336706203208	27872.934273872394	22017.82245358139	36916.008148367786	30092.460109116964	20862.846741728223	27737.04164284691	24935.731374253974	19738.050820956232	28097.889326937377	22635.178520004094	31295.340898175917	21942.000727961473	38856.51448172267	18982.573092568062	20180.276041803456	47516.32544795425	33214.584901197806	20048.635842156407
PWY-7220	13129.704308426266	10733.277405373188	14197.348668600956	12713.612233377171	12756.589432954237	10528.6152357138	12723.14255763678	13759.653697563697	7998.644798688157	12018.019783073363	10410.290595348764	12844.93229986731	11366.224825617424	12061.086150892184	11721.777609113005	17117.766907433874	13496.589119091866	13658.210739746795	14456.223560330161	12556.403590107957	11651.45647167453	8234.853848858053	12199.680076430825	14116.445478243239	12182.57806093207	5747.452037458422	8820.618610484868	12222.13579286158	10948.366356256143	6933.227166858442	8118.5880309434	12487.788038642568	12162.946933365723	11992.87800621115	11314.842514796714	12074.145258595434	10891.287147046194	10051.527014102863	13877.017162811739	12007.394248870964	13512.274512590448	16040.916662734993	15764.957949562151	6393.694367114057	6324.699692074964	6741.088493353898	6768.767584565485	7441.723000965932	6153.6732126981715	7176.239936474004	8683.871823912765	9941.075843338138	8960.652656132645	8386.100762360064	9648.861113418821	10259.93394700833	8329.070977992442	8016.422528410388	8820.906518583568	9223.419261392557	10560.077357268987	12002.568066796843	6985.169779444933	11365.89208197316	4696.838802425632	11416.624876452333	11028.418251044423	13215.576695765825	7336.588669599941	7140.837133619784	6711.115304546191	6519.2014436393965	6711.642163160559	8111.313204403893	7650.068480915915	10015.586134989888	7298.541603979657	7038.351903490117	9050.637879305661	9861.214895254241	7004.313137742989	9674.233619205183	6492.994586662392	6779.844630167787	5939.918111892898	5053.525409351034	7083.296894629634	9648.915611586895	8161.381565045482	8130.894025825264	10360.599950966203	12378.926102395199	7347.609273665022	5526.882220484629	6455.679207525436	8244.71652019398	6858.351831199882	8754.195519491608	8522.603292446965	9754.749231327873	5949.20670048752	7434.762920402475	7500.304563668488	7302.284963420005	6708.654164681216	25379.047151542953	13627.750633019417	14534.823512068804	11211.172312887229	15183.801158554796	12694.33077454899	5402.945241051068	14351.60870120322	9134.599618389911	17406.43952603057	12068.64326872741	10778.031239003501	10158.297754675032	12717.71637674155	8378.243658737083	14969.94792799063	9979.139136597943	16652.002529741058	8434.334909049505	19758.56112668218	8050.06675390544	11433.335207952496	23116.111015979535	17959.09929651323	10270.572422805428
PWY-7221	20760.76735901673	18209.856321125768	22504.061854075415	20394.47556947742	19721.57535914927	18076.930827514378	20688.904811175988	21615.04551254015	17031.79456952016	22198.46557757064	22951.170191369427	19923.31248457497	20044.43962767632	29847.5599731748	25896.21255372027	22617.667613640504	21975.285429911288	21747.967843967755	22000.016572223478	18456.2896879779	20147.8762966232	22637.80538604791	23800.015660628647	23161.57927578219	21556.467288602904	21698.459574341734	18189.775051345172	19470.94141876554	18920.572033315228	18985.396002561367	19662.10928473123	20223.147921669093	18566.908399522054	19832.575508832975	23119.940357485135	22328.583711489857	19943.030494638188	22287.05084486758	24702.785015183195	21000.122597295605	21907.293123125866	21460.258246180525	27254.719370440616	14923.158824275972	15391.672132065825	13580.71949913982	16566.818123719502	16956.225554329707	11453.6143935726	16411.94401308863	17850.943223892373	22078.664341194624	20780.04022276198	14999.824104983276	19071.362817773283	16123.734198286696	14553.039972811099	15039.666021999765	17352.086723353787	20870.11288209751	19075.01798694832	20528.59892719452	13146.363332321991	19501.79347782441	16010.527769760287	18053.37362909515	20037.597788159503	21966.054148330008	16953.82872248289	16257.184775445392	11930.223358044863	16537.888052337796	14148.23827246939	14350.292762514906	18547.845047003895	15945.734292453491	12996.951875446386	15304.292867287599	15156.151705839731	16239.632359219844	17420.27492277155	15394.700171844717	16562.79428781985	13321.23456142479	12401.82056103239	11642.970805240799	13278.998625771572	15520.662736236112	15996.296250470146	15467.222256000074	18314.73342189651	18182.120640396963	12815.231615732202	15116.838551797879	13473.776168813078	15759.858058361377	12443.011438582229	15128.071529644407	14615.52084467399	17521.755180236854	13066.536090022235	14413.288219106258	12632.304119073087	15348.326738741553	11983.892585175	50087.51024536133	26344.895480910836	25406.405203589282	20973.996905559943	27340.74927898687	21365.799671786608	10935.731320238338	24080.905113076966	19911.348757215925	32969.90858315084	26982.366732271996	18383.412726501803	24952.70210008595	22056.049678355463	17666.48135800019	25393.035474772278	19923.652561802362	27270.62204620272	19825.024788350427	33961.883030882665	16888.143003482928	17249.89903712948	41653.950143398586	28549.15786443906	18628.939028565877
PWY-7222	13129.704308426266	10733.277405373188	14197.348668600956	12713.612233377171	12756.589432954237	10528.6152357138	12723.14255763678	13759.653697563697	7998.644798688157	12018.019783073363	10410.290595348764	12844.93229986731	11366.224825617424	12061.086150892184	11721.777609113005	17117.766907433874	13496.589119091866	13658.210739746795	14456.223560330161	12556.403590107957	11651.45647167453	8234.853848858053	12199.680076430825	14116.445478243239	12182.57806093207	5747.452037458422	8820.618610484868	12222.13579286158	10948.366356256143	6933.227166858442	8118.5880309434	12487.788038642568	12162.946933365723	11992.87800621115	11314.842514796714	12074.145258595434	10891.287147046194	10051.527014102863	13877.017162811739	12007.394248870964	13512.274512590448	16040.916662734993	15764.957949562151	6393.694367114057	6324.699692074964	6741.088493353898	6768.767584565485	7441.723000965932	6153.6732126981715	7176.239936474004	8683.871823912765	9941.075843338138	8960.652656132645	8386.100762360064	9648.861113418821	10259.93394700833	8329.070977992442	8016.422528410388	8820.906518583568	9223.419261392557	10560.077357268987	12002.568066796843	6985.169779444933	11365.89208197316	4696.838802425632	11416.624876452333	11028.418251044423	13215.576695765825	7336.588669599941	7140.837133619784	6711.115304546191	6519.2014436393965	6711.642163160559	8111.313204403893	7650.068480915915	10015.586134989888	7298.541603979657	7038.351903490117	9050.637879305661	9861.214895254241	7004.313137742989	9674.233619205183	6492.994586662392	6779.844630167787	5939.918111892898	5053.525409351034	7083.296894629634	9648.915611586895	8161.381565045482	8130.894025825264	10360.599950966203	12378.926102395199	7347.609273665022	5526.882220484629	6455.679207525436	8244.71652019398	6858.351831199882	8754.195519491608	8522.603292446965	9754.749231327873	5949.20670048752	7434.762920402475	7500.304563668488	7302.284963420005	6708.654164681216	25379.047151542953	13627.750633019417	14534.823512068804	11211.172312887229	15183.801158554796	12694.33077454899	5402.945241051068	14351.60870120322	9134.599618389911	17406.43952603057	12068.64326872741	10778.031239003501	10158.297754675032	12717.71637674155	8378.243658737083	14969.94792799063	9979.139136597943	16652.002529741058	8434.334909049505	19758.56112668218	8050.06675390544	11433.335207952496	23116.111015979535	17959.09929651323	10270.572422805428
PWY-7228	16263.502834193661	13657.24953949323	17596.26791311353	15825.074134493321	15656.662811132235	13434.442441581656	15922.093365641951	17001.057202027783	10943.24157756391	15735.400186834635	14466.284142223896	15782.03162489243	14657.417825441156	17344.72062155048	16293.872230042542	19655.623158179496	16889.853614853706	16928.97287147512	17598.479142255794	15091.820469829489	14915.469394676114	12186.23084789128	16275.015331089991	17722.960274024863	15716.411375808144	9161.650057476823	11997.048042463219	15172.317689584388	14017.756615469025	10257.835785643543	11599.08788568961	15587.722048640455	14847.721720805295	15085.765317501457	15339.09245230926	15826.743932498419	14228.303923582269	13986.966214778544	17975.504241092134	15425.363497617273	16881.181116463486	18565.6184151097	20184.65756004039	9045.043743765456	9051.758078305415	9108.674859666828	9702.571187570622	10478.9604124994	8097.14743437907	10084.538313503039	11813.513637745953	13849.487565461099	12650.869573451	10867.660431390905	12946.138301179177	12674.380083239801	10719.42926037129	10561.848874233197	11822.18848893735	12921.9103018348	13737.861970731792	15324.338427904313	9216.0566275766	14512.77610931347	7323.911765562649	14136.491531658363	14398.26055869591	16703.07769655391	10339.46737386199	10020.057761822569	8681.90899777936	9447.822456214164	9194.31602205691	10485.470439762874	10940.302863156885	12438.968713203436	9451.285805921927	9743.652164025912	11450.911693531469	12427.247705013946	10093.085142523862	12015.072194138544	9411.63779155083	9088.943130483549	8132.203739521356	7105.776487446797	9343.229192955792	12040.536999913686	10910.70575715778	10754.870098552903	13368.814540456462	14897.97707043992	9444.415047916786	8156.1754299873555	8836.681228559119	10929.868241533874	8920.911261242813	11232.084393279534	10874.086164686303	12669.463487169294	8263.47190615753	9906.221279435718	9514.58469683303	9991.731254240143	8649.585944234586	34019.032228307355	18129.42038211253	18665.20765610828	14745.962096573407	19747.491247974904	16084.857838273114	7298.990919316867	18162.60667547574	12641.083359655693	23016.57371779208	16839.37517768741	13726.408734229348	14577.05273067523	16309.3413578284	11472.42578629414	19038.84584208246	13436.869511038865	20897.11025545797	11949.056057640446	25219.02367127431	11006.60529186083	13889.976753086527	30015.91697111821	22285.268204506952	13291.520641229556
PWY-7229	19377.31036204606	16483.069935964366	21201.87480553627	18976.431482618184	18600.866080374515	16187.431920641213	19178.040325917198	20143.551037453075	13640.463069456911	19409.79815912616	18152.88520499856	18903.462491041806	17756.96241160001	22368.210696471746	20631.14296498484	23377.947442257668	20379.52228851765	20747.932548395253	21335.493515891707	17803.561445210846	18115.51127781158	16064.375355396845	20115.51230420244	21275.020963792107	18987.661977377094	12992.57971709916	15186.422126438894	18501.413727716805	16188.833483069044	13665.233650466878	15080.376855493143	19009.31657870324	17601.598222746314	17351.28870239901	19234.548867304817	19528.56494724576	17501.048274174125	17505.539431118446	21477.098532820706	18779.37705508053	20507.537650200764	21552.368594437667	24369.151508087445	11320.326457089135	11608.295317812044	11239.031633789298	12446.400942515314	12981.562590657875	9831.732507790519	12748.404601422582	14491.703573807337	17594.05351235096	16308.43022033386	12891.246595289738	16123.230632216735	15114.617805562226	12875.310934193089	13061.338387997512	14575.780884139635	15928.996683496196	16841.91977120663	18507.261718631074	11432.988710389829	17515.391552228677	10188.04916305722	16847.87458056631	17421.93575337857	19840.009265824734	13250.177749759994	12635.174069640418	10493.617770328234	12395.215266524341	11230.706841587038	12686.416159672828	14222.7065103589	14784.363462106698	11427.737264572885	12366.163574233226	13659.983442442342	14768.924327116321	13077.517889314373	14272.99881435331	12223.36811575991	11106.25062754738	10010.103919150673	9004.162261964739	11289.88668446349	14333.05847063046	13518.987937153674	13269.319547208932	16243.695938699037	17623.564770898938	11431.107064246788	10612.786069374799	10956.35236351517	13477.866175322006	10763.03096814714	13595.447568539075	13044.54297488386	15283.666353976807	10383.65604031896	11887.23627856607	11379.421608712264	12475.709566686059	10582.862270439626	42499.21150454169	22184.576024216432	22875.623433804598	17887.40952490697	24106.010143317726	19423.6948169393	9124.800168868811	21961.615551340674	16025.731141052302	28116.159052959247	21486.13856239152	16437.17039014646	18929.45169658391	19588.205112270996	14441.57911530295	22535.654656868228	16826.687722724742	25054.418940215743	15350.250496605751	30461.879776904992	13912.913713483502	16608.659501715098	36842.19665490967	26850.532189972615	16341.046898189192
PWY-7234	2956.7724250660594	2306.601301086712	2307.95498162863	2482.871230093288	2066.915182334931	2225.069123727402	2028.003336798035	2991.4448596412503	8780.847153308705	1979.3384532140624	1483.5458778597163	1774.7375782887777	1941.4876386965832	2883.89483164929	1334.5748542780893	1567.5906228823765	1534.7509748869847	2513.4588764711366	1552.0741287241865	1521.693862317546	1779.1040469245274	1523.9006352702406	1887.5722898156046	1687.7821397735374	1397.8264819246072	1569.6275672438235	824.787878002218	1178.1370392260433	1389.6617035075017	1019.0455189600011	1098.702773258821	1159.7725437926867	1966.9456708475611	2023.3124733024792	2255.2180315346795	1861.3416114951638	1583.0085336464308	1470.516425145344	1886.7146638199001	2139.499618278245	1275.8513825280515	1954.4842243803178	1574.3387074498803	796.6110769693876	1552.1239560400918	925.3359958707255	1487.821711064822	1754.9874306653587	956.7407579236605	1438.6131206177552	1242.4886189995036	2529.8403385054544	1340.5914030404745	1011.4442289825217	1774.699902285546	1419.719562424337	1327.201462340308	2069.8062498404543	1039.4829886082723	1791.377925683315	2597.63546441716	1408.2707615493018	1602.8038911629476	1843.2167204454804	759.6595619252063	1758.2472514183903	2097.374469555175	2507.6537048257155	1707.4433231196801	784.6012019122896	1914.9054288601856	1279.7472616237521	821.5568138114218	1290.092227072522	1273.9310209361845	1528.759250465031	1680.8559355266057	813.8572208400275	1200.8051291014697	2054.9753499855137	1441.6712294502647	1403.8846879944294	1429.3515862163765	1134.8390673879892	1108.2521119759576	940.8822887463293	1235.4154196373872	2527.1375992446333	1687.9246890856564	1443.4511140285072	1244.8628700645047	3757.8259684577993	2460.6285528646836	508.88504842806327	1095.3524808539435	1158.8343278923053	1991.7555408776766	1061.6145653574665	3242.281627337578	1166.5684110511074	855.8029434982014	1533.324735915624	2289.726215647588	810.4486562073309	7002.665287269168	2725.0891782464314	2599.1857850302686	2415.9806660046793	1928.830020087914	2388.508723515916	1736.5878842175252	737.166659000877	2618.3010488572186	2198.7381147474503	3736.1596433711006	2898.313216279753	1961.5811271931598	2066.7276386959957	2390.4961534216054	1554.844076660596	3012.33318640468	1983.0577845146	2611.2150445310967	1310.1154082190649	3620.1647085495024	1887.5689324487969	1352.2049698047178	5139.76389865808	3459.1727550145433	11362.37295586732
PWY-7237	1798.75	1855.4000000000003	1518.9	1424.3	1684.8000000000002	1909.1500000000003	1891.7000000000003	2201.35	2859.65	2547.35	3328.8	1125.4	2519.15	2556.85	590.5	1067.95	2971.15	1944.8999999999999	971.8500000000001	1316.0	2496.85	2653.95	3528.2	3075.3	2706.9	1636.3000000000002	1594.4	500.45	4099.4	1498.4000000000003	1152.4	1558.2	3041.7	4966.9	3463.05	3009.25	1648.9500000000003	4464.25	2763.6	1733.7	2279.9	672.95	3650.95	2322.3	664.15	1564.95	1651.35	618.8	1528.15	1336.75	2204.75	1849.55	898.3	2028.6000000000001	1562.65	1270.65	895.5499999999998	1140.0	1923.5500000000002	2010.2500000000002	1415.7	1669.3000000000002	1127.9	1446.15	1795.85	1830.95	1293.95	735.45	1379.25	1878.6999999999998	354.8	868.85	2583.5	800.5	1373.1	1197.85	1135.4	1001.3	1471.75	795.95	2237.55	1764.1	1780.1	1853.3999999999999	932.3500000000001	1915.8	1584.55	282.1	2478.0	2477.5	2151.1	690.4000000000001	540.15	2906.7	414.8	3273.8500000000004	1331.45	577.9	815.25	2774.35	927.65	1619.15	1114.1	1845.1	1582.25	6505.4	4328.2	2357.65	3709.55	2707.6	3265.2000000000003	1814.8499999999997	3706.8499999999995	1846.8	5995.3	4073.85	3669.3500000000004	4172.8	3866.1000000000004	2431.3	3460.55	2449.1	3487.2000000000003	3077.9	5492.55	2035.7	790.45	4731.45	2166.45	3442.6499999999996
PWY-7242	13115.641105915049	12287.305130776085	13421.675034340813	12253.02358706511	12218.425574553332	12153.997588510376	12908.714612746957	13268.769006778482	15944.686073564408	15572.341261158479	18291.785724812948	12054.113153846663	14128.525313595781	25396.875370916772	21133.98669037687	10227.068019389255	13806.452235058981	12252.307473082605	11922.880401430284	11109.502792437606	13730.71342876745	19866.49436477453	17640.578166445393	15089.676801986583	14907.752716384426	20571.11681358448	13315.774984396015	11583.995446780405	14306.98156827249	16342.114001047163	16118.883040571887	12010.612502124111	11198.052085541029	14421.410797392211	17521.9139121632	16152.113070482726	14166.695108267231	18049.38038062823	18708.67896936575	14288.930972098426	13515.211523426931	11525.435015034001	18388.423866557834	12938.23611735942	13226.900460591241	10360.165866830805	13970.59824260837	15129.46686056145	8545.489049290589	13801.973111535892	13965.154750452844	17985.218473012294	16632.56725656053	10969.650198741603	14487.63403787123	9881.595023907623	10174.451281872385	11272.271055637964	12965.123324668415	17386.391578277533	13976.371975779668	13776.642792710198	9758.556921943948	12936.296551124644	14599.315213028342	11579.22721986489	14443.558619411939	14619.67099273441	14023.988989454238	13342.062487507552	8795.004198048477	13987.210051058522	11780.694940299678	10043.7002489128	14862.388544607575	10063.904958505058	9441.356260327673	12282.36428438918	10065.341919584398	11377.59841117226	14863.580026526908	9740.261552702756	14096.584839064995	10359.386919219383	10237.955055716646	9727.886955273547	10448.52566797176	10281.461309441796	12289.471069862779	11195.918049083892	12275.802561460108	11403.598235558815	8933.406147129524	13198.631226633075	11630.845886465117	11410.817965086491	9555.235309244652	11039.28261758105	11090.51596558758	12596.934637408673	10766.22578702171	11079.805240614625	9200.960100900395	11955.734391265474	9972.88335878543	36625.70939495192	19312.95823833325	16809.27622318441	14990.045756910336	19976.482452626336	14069.447686838446	8063.057842027444	15592.10948378055	15556.7861199188	23935.599027558063	21700.807842257105	12750.198645116214	20806.968112829047	16026.17227947268	13587.041295740282	16987.511222479534	14562.28013547971	17801.439166157783	15950.781266865095	22875.785934184434	12931.150242724401	10187.022329740359	28860.217919551502	17262.963020350282	15959.805763927303
PWY-7254	14055.518184576797	12749.998876616617	15375.145778105596	13996.270262666076	13571.627446540357	12421.25936688274	14133.903210400511	14507.487855968799	12643.43221198604	15556.289155191393	16994.291556327997	13145.646958886426	13909.762017619518	23644.158842986108	20479.948214576878	12902.10883207163	14039.856081395636	13984.327402009616	13786.682690655343	11586.989229574581	13713.5342643009	18001.047648213327	17079.529876390963	15912.586905533366	14775.205847791438	18734.119049754587	13887.90196046592	13594.887273747965	13352.409939511916	15562.932823742382	15637.665779136947	13431.534458308635	11335.998686154715	12384.20838694797	17024.23206790977	15680.194634286105	14187.039194298282	15779.66130473957	18396.68496375424	15096.82937453997	14905.777104878713	14243.681041752187	18553.707847856273	11363.91638601718	12575.010789124013	10178.707504570708	13097.578446391828	14286.241207772597	8394.06085065472	12954.933261714521	13572.751290972154	17355.16296536711	16961.022387066772	10505.225703518438	14379.86775502794	11168.706515751692	10920.996323084908	10971.520831741727	12833.490154667075	16112.526047126226	13715.181608281257	14876.173586906063	9681.256098172114	13754.697572236348	13367.00580770859	12228.45799933121	15407.2417398366	16517.45535847036	13305.873082049466	12161.485280525632	9356.191862072592	13762.9081335856	10278.386618536939	10688.485602361061	14942.11756566843	11076.673166149372	9268.4462139365	12390.300898520954	10640.180519355687	12319.023026315492	14043.67227380005	10477.994350140927	12892.9568258123	10052.369817677985	10051.275880984347	8423.798182097504	9942.553484676124	11166.284951686788	11237.259544103774	10943.762491199619	12691.258461172387	11966.57149137007	9104.678861574279	10996.243124867475	11107.211721717415	10802.113284675765	9070.067471809536	11767.046961967524	10969.009631707884	12285.584703138004	10270.075745930142	10553.483444002823	9126.12733432075	11180.67483702815	8053.377904588256	36678.66058069595	17714.657002451968	17648.090802907933	13902.141236161295	19853.295811540258	13623.708269801165	7517.513230264183	14725.720125739523	15176.000712941703	22044.840482875672	19969.423749227	11158.118865354654	18576.470020290795	14121.577730588308	12810.985858509213	17030.442040258113	14104.505809141796	17525.693135890975	14769.618597310815	21546.053254265684	12348.773198755038	11360.944920340295	28436.84015337898	18747.170303132018	11847.818449083918
PWY-7294	756.2878300115925	602.4980387210425	658.4699641113589	673.4240802213814	769.608942055324	783.3300382688841	648.5933555043704	800.521787057479	3065.1429888838766	825.5451184744079	917.1033412712592	524.8558472777709	761.3814583891316	1452.7881319315713	583.7840259011642	519.9292458459477	605.9706250836671	916.4366696211177	507.5542207574153	551.2931651937288	642.948415313944	980.6505205395675	1164.674950293224	855.8096022545495	889.4350550627164	857.7518733176898	516.6575466353494	309.62722443226096	1374.3268039178636	463.7433936263128	542.8036759956881	515.6088559131239	723.2337986543098	1372.2694019870098	884.1630624457148	698.9911054582519	616.8547247148622	847.7741366487421	1009.2439209491126	886.2295380756	608.4456478614654	400.83876642206525	980.073546030216	614.0058469574567	653.1982387406994	483.035581111309	805.1010482568523	311.30711625379047	452.8953287590855	666.5315575962035	825.2636866900756	865.2536716645758	562.7197369859215	779.9467138829897	665.0190794022909	563.4536933015435	447.6131156189288	602.3878791146609	611.2775554737207	994.8088519913738	679.8428732897858	665.5760965545553	487.26565564024565	634.9287227313589	534.8642640888928	707.4631329330153	676.7497525558605	689.9338019683597	777.6014272052795	557.367815893319	521.9968870857764	628.947131874372	670.9809161392022	402.9489362878212	622.7908018033619	558.3637553118317	478.01420564165824	497.6537703862321	656.6076711043453	543.9177674107374	897.8738532694151	616.8428448619696	707.1131214219628	582.4332509400368	401.53560888820044	504.6029802403918	588.8924811015511	505.39301353960815	593.8852756474114	635.0389462922778	631.5092513902158	517.1820509578959	272.4520728085877	640.0123969662618	267.17659496195427	564.8047678653135	851.2423248779925	364.46851333311236	1208.4845630233585	696.0730304352717	400.500534053263	748.2166988541323	573.241541324334	528.7804839196251	1802.4766844463236	1624.2457108522847	1056.1901491343099	890.1025795530976	928.0262376144893	887.0140006252243	607.9895733474599	326.5690717474895	600.2615495892253	811.3896330809553	1230.0692840425304	1030.8949279836706	555.5986677959796	810.4997360219327	614.3151874862783	606.4181584594095	1175.7389729100282	496.16949691987867	850.4925531353684	612.6634693479888	1215.6927827201735	581.6480156474194	433.7360837972476	1625.3324697058647	713.6612498687819	2985.245883905378
PWY-7315	14981.006498984756	12426.5664632385	16105.41502445049	14913.44190593805	14213.820013626182	12223.103990538637	14483.58119068186	16262.199102147059	10360.43446206701	13744.850816481816	13748.336412397757	14283.788222888727	13506.17757860608	14884.510025894428	13291.179066714365	17922.59075872417	15562.801848042911	14928.01741733922	15633.336411448117	13853.620350060715	13487.285169583387	10705.248146957425	14824.36910104379	16407.433135916046	14739.095400497683	7747.387384126595	10415.030218074813	13067.707586247234	15173.8497649049	8184.390336519936	9385.191809717988	13656.352764630885	14160.39744020892	16036.349518763682	13280.000180231355	13838.379519340124	12475.103948304879	13485.070580537587	17451.213780195038	13767.927759095977	15189.114686313422	17986.643136179242	19205.77851673005	8801.8345568664	7639.314508911064	8692.034127966832	8532.554908346407	9496.355972321508	7705.7020935847295	8566.754482034095	11646.183930624135	11434.80760208275	10370.595212867722	10805.986822065874	11109.822768795511	12049.949457214643	10110.141014001258	8858.287708200995	10951.108007217155	12703.858307326367	11756.081953209585	14248.253610189224	7775.524138740181	13660.607505587272	6380.043749276386	12955.464015363763	13585.924217663945	15625.691660419756	8522.93603704122	8997.629937438123	7788.4359568409545	7732.456399038943	9063.41766531967	9654.967265597352	9311.535273868752	11953.350459478157	8616.582960633104	8118.281238775629	10929.226528715917	11777.475378192134	8965.85194853429	11442.899064980078	8053.5599505013215	8902.861373759706	7618.783996866889	6223.992071175348	8782.167022050859	10893.032225576926	9109.15328097632	9480.4578546835	12615.031730937179	13182.900310242663	8477.390068051143	7912.756680549398	7009.853766680711	10483.964206932864	7697.150684376535	9567.624085076764	9082.611605958447	12285.600095108124	7275.294859648406	9756.209591803889	8476.810804691311	9125.371646696978	7664.171010786317	29725.125038469585	17372.248523107195	16442.907807565105	14328.645093561088	16566.770275033727	14809.565796708132	6497.981056451366	16797.91379637573	10848.076307801191	22231.60655468948	14003.831937949977	13044.226017511475	11545.140237193229	15161.776697222078	9988.715036441998	19522.026906360647	11583.072779755405	19386.42653565657	10341.434045614415	23791.20319416813	9357.900469239097	12509.786259312354	26257.18726958587	20398.156882948988	11566.94264283989
PWY-7316	8883.129465411643	7984.3913353162325	9579.016301459007	8416.665707717973	8819.350323800862	7803.394156466644	8481.97228878705	10223.068015015999	5471.76920499178	10060.123551914785	10953.649604392334	8281.065713823698	8898.873152988373	16847.354138626175	13076.47618916844	6915.894501276593	8189.550844794126	9313.728918371158	8379.02742576184	7937.8496291486035	8369.07901191094	12889.117397820919	10541.343573815524	10312.869770115449	9389.639725277879	14611.648518430047	9727.709644259572	8141.110592003782	12704.205029645198	12176.981131238128	11161.666768734895	8571.83782298503	7942.34355534584	12844.577056219114	12002.889396374429	9724.910729808482	8485.970501959644	10144.44631380572	14212.455268745882	9708.78377754363	9039.404367474484	11666.559927391529	11555.871409200814	7806.364815554174	8965.987517470934	6841.937545581475	9230.59380627142	10154.024620068616	5810.153813860646	8914.91457882792	9009.145493275733	12666.245184797994	12871.378880745411	7879.7107324361	10161.55069029157	7266.1752217313415	7011.09673444652	7606.624493467157	8180.637741097101	10538.582441544675	9491.316306933604	9464.649695357144	6870.33072866051	8322.774285844842	10190.64447404989	7647.922821912045	9969.899755026076	10607.449473712393	9345.60655655823	7751.433580974501	6211.0492619181	10093.866308898265	7885.386281990671	6881.440662014636	11274.380798731447	7514.576270514432	5894.115032636164	8719.76317377704	7027.595989070752	8663.949076023799	9960.508319120572	7135.659865383375	9156.76583332279	7077.929881382147	6933.573841147349	5384.72048508667	7310.329123907314	6936.473457816769	7303.194188455513	7135.392243008711	7890.360072713977	7074.72363078814	5720.11888165357	6978.183834864313	7251.5580109241355	6761.146786030505	5437.883746934457	7547.69340681188	6587.945165783616	8642.943802343982	6612.996896577033	7411.106250425786	6135.6036027900245	6884.769389026872	4661.835270180978	25008.091193854656	10980.488653563849	11555.413727766645	8915.978489702324	13214.786076117636	8364.391689927446	5128.300329465546	9145.655819436979	10929.451068022001	14078.406790691748	14835.384597777242	8365.587191991173	13734.640182843796	10038.329730776532	8862.16563817738	12980.410413658808	10292.857940398391	10877.072375649519	10852.714358722476	13010.41138328444	8935.209681538186	6609.11628655788	19824.15881110648	11259.763845595508	6614.775269758109
PWY-7323	18485.418050899756	16683.574504688742	19650.370245961283	18180.54151596125	17441.358192472526	16543.001641662482	18398.665433560163	19302.389947865602	17408.250878564046	20532.60449088691	22610.741496280054	17218.766588693165	18412.399832440813	32016.896880951568	27172.104105786264	16354.360383269386	18463.27989425633	18108.447530003188	17940.38205944288	15659.549642066675	18208.39347880606	24324.754584417078	22753.017221639813	20480.45069936913	19702.315999193015	25065.51532423962	17776.930686317424	17202.396498764498	17572.792434632032	20447.8984656774	20521.89215088659	17252.69638863224	15546.338935473343	17321.831601692906	22465.07740866791	20575.333873357293	18761.16219895803	21374.368477007458	23986.867190640416	19696.61157414781	18876.5120318872	17917.123207082084	24345.456781435794	15202.19443566668	16804.143877608392	13324.403544523388	17591.869339702225	19053.770140175788	10894.96697741016	17376.29887665501	17802.053618247828	22976.284888078208	21912.711222894395	14059.789779217628	18791.87406029956	14351.914942306352	14109.779241620983	14500.416752253894	16821.754048460294	21896.042385789173	17977.08153639262	19045.201509446735	12630.058495404071	18093.48744764921	17704.01743423185	16085.088691609735	19874.473168230765	21267.45132550011	17769.77775267973	16217.355936915652	12287.904654961878	18049.797286176	13850.323715553552	13880.936914658574	19458.858316821308	14309.783548218365	12396.977109053154	16010.499221008604	13930.386622655722	15784.606277663945	18700.060855630993	13724.249353559771	17414.00915472807	13109.24526538212	13229.931016287504	11532.72360121334	13164.53490822648	14713.856167390353	15341.273604817137	14583.813217575762	16558.273482679306	16131.853470830974	12419.522064007555	15123.246852093096	14511.338362086377	14278.7238385289	12422.92649250834	14822.648000737974	15007.560281399708	16120.981154137266	13526.87846960365	14421.42302773862	12189.832716899175	14879.55229337246	11991.062223115581	47692.95785816262	24274.722826817935	23192.54323350174	18884.67433611594	26310.741882466842	18234.47244089818	10089.148407528643	20175.736961572908	20116.89697120066	29929.40361634118	26964.036306866055	15511.894226070797	25598.749769748978	19178.340001390075	17017.029713600023	22876.4034717774	18640.73066361431	23324.889411455566	19711.970988965928	29321.065796945742	16385.216125525832	14659.096285418243	38009.4860163709	24807.991827281727	17871.788034951573
PWY-7328	9275.74182039651	7817.4646104739695	9711.155091445402	8896.312245616959	9056.471531427816	7957.051615733441	9240.820088806315	9736.316963083054	5289.023409600904	9220.015326228062	7319.741393747885	9463.486611401013	8642.06469002463	8768.970620810858	8237.42264117686	10430.775544456777	9851.1832813109	7214.39140184161	9061.547799663827	9262.886935990566	8962.283887394595	5684.261253044371	9712.05734844134	10425.624893870838	9342.601715357085	3753.404142984226	6847.890993271234	8668.678087025053	5735.591010477217	5247.9598139667	6551.127535724616	8447.247598240443	8643.951396432598	6920.840719502419	8711.471152167034	9497.941276414846	8569.248313688224	6904.799794505821	8383.000568621794	8819.274395122851	9729.02132068215	11295.619128750543	11849.538568359834	3699.916892879387	4083.947562221772	4685.017606465872	4538.873075142358	3225.9129747192487	4222.178834344954	4522.666374238293	5309.922494192116	7527.296444419763	6811.6465481838495	5369.141848278422	7262.555230022202	7405.653413974349	5750.150125774446	5857.1623193814385	6369.63255548199	5063.411891700562	7411.146306505227	8701.253157905443	4975.927664794567	8464.793597352813	3454.286209690785	8220.291736474472	7330.751713731465	9010.138994934596	5894.793980637757	4700.036899908232	4724.7317321223045	5063.178635856029	3830.2566601582844	5842.789320768757	5983.117616051175	7173.65597044646	5388.478379236914	5174.9365694374155	6631.449522761067	6712.375557014552	5112.472548704429	6895.121313998579	4800.804400776343	4247.005077818336	2857.5367893219955	3804.307280506288	4107.418561635483	6705.25774962961	6435.431024375471	6323.672545739335	7766.8214243675	8261.971031804553	5301.251358996971	3776.2085148359893	3297.1394511691237	6554.407518436405	5044.170845955009	6163.792648168138	6326.723682256218	7057.855408047177	3696.82533340501	4335.702335739087	5256.050613796738	5401.992632876252	4203.117263475014	19706.792096132405	10525.481894626007	10360.962448505921	8626.120475352289	11178.308114567277	9443.344794665652	4250.284919392477	10361.28257493847	7005.067769177214	13188.663233220925	9228.337976254938	8177.874875279977	8099.831781001515	9577.264588777953	6615.001077628433	10614.868664590495	7073.325811156507	11878.184757512436	6672.944381850048	14841.95837112915	6059.760792978576	8228.944754449123	15614.439355378163	12756.99203802176	6320.369774468074
PWY-7332	1469.7548325418725	1279.639045828799	1203.7548463877265	1192.5424850281333	1391.9580503986629	1234.7421866928723	1367.7056916562215	1384.8169828104387	4659.787355491658	1034.1276957371247	1389.2156133431479	1185.3715626529356	1318.084795801387	1227.0370497437993	1514.0384462153363	1073.1857553497105	1285.437231120087	804.8229093877987	1065.354661059581	1166.2385202780915	1286.101698034067	969.205362520571	1418.6533326467488	1559.137619343505	1278.644032181774	784.4851822411022	721.3926281965595	1072.7639576217814	1650.951184012434	810.1906512752184	921.3522427025581	767.0897458285465	720.2167864625706	1363.13089724517	1289.9536574577683	1546.1786850866815	1448.3468177350405	1294.0522407731066	1669.438414315011	1344.3099584246213	1196.7324058735428	1434.78556544917	1509.6693617533638	940.6566749767607	933.3499780582476	802.9553032794814	876.2978196472203	1247.478296707955	767.8066673629748	970.0344456387894	960.680052424954	1289.6909351770864	765.8270133556961	1033.9222518944562	890.610438388035	792.5031560990429	1080.4931053217426	886.0779542382274	667.5665096419372	1352.2456793284568	1167.5972067534933	967.2790974865904	716.2885904053403	1229.5302997784163	547.943388362942	1274.6472656516517	1228.1504288667902	1414.282364410128	579.8790359894863	818.1806906070358	897.0935529657829	584.992300697454	952.9497588147228	834.4747359846092	601.5590372870045	1014.2951175761663	932.6894183409253	573.6671009453921	864.8995392422997	1073.720897211248	575.0987582115101	601.607403576351	747.5691280648812	848.507108680697	763.8128075294126	510.6526290285589	1025.8214517315698	1151.725267725358	921.4101632174822	635.2342285764358	990.9883659340185	1464.2270184663544	1016.9219441162224	788.6276770987897	1012.0011326759352	977.9372650878533	862.3117339314396	763.4390811190966	805.4262836453313	1059.0234517864856	734.9113978921532	1007.4896195024704	1081.3706521710867	928.4183443480679	3297.8448953380025	2512.5351881121546	1559.6866049715572	1597.4882501505786	1033.2474907108742	1645.0616501086713	1312.8822358909529	507.9913470635218	1315.1175888766882	990.0785295530897	2209.2621638461983	1667.8758358698178	1213.023287292919	1477.9673848072043	1823.703722178369	827.5797148742872	1795.7784180162444	868.8479456803817	1459.222575493297	983.7709321452623	2642.22475283065	971.5659667611624	1254.908443703986	1765.0518363433878	1778.9702489124152	5140.132115355823
PWY-7371	323.0	283.0	321.0	421.99999999999994	111.0	221.0	242.0	501.00000000000006	1833.5000000000002	81.99999999999999	215.0	280.5	278.5	35.5	72.0	117.99999999999999	162.50000000000003	28.5	75.0	146.0	293.49999999999994	36.0	75.5	116.5	156.0	27.0	62.5	162.0	202.5	45.5	38.0	79.0	228.5	388.0	54.5	153.5	217.5	249.00000000000003	411.0	79.0	137.0	384.0	172.0	130.0	40.99999999999999	156.0	56.0	200.5	163.5	74.5	219.0	60.5	32.0	101.0	31.5	287.5	154.0	30.0	234.5	127.5	48.5	260.5	22.5	364.50000000000006	6.5	147.0	381.99999999999994	175.0	22.0	136.5	163.0	29.0	141.0	202.5	24.5	272.0	214.00000000000003	25.0	150.5	322.0	19.999999999999996	194.5	22.0	247.5	205.0	29.0	189.0	255.0	26.0	66.0	193.0	368.0	424.5	77.0	50.5	205.5	33.0	85.5	35.0	180.0	174.5	149.5	266.5	124.50000000000001	1984.0	133.5	433.00000000000006	132.5	178.5	73.5	192.5	32.0	381.49999999999994	82.99999999999999	525.0	51.0	243.5	97.5	212.0	67.5	638.5000000000001	129.5	258.5	54.5	427.0	76.5	134.5	119.0	774.5	3430.0
PWY-7373	292.3222277473893	207.56062894481627	163.038185605184	204.53971222587552	92.12244897959184	108.86053412462907	119.85288693800163	192.6260706524055	922.4008979483716	91.38507737582832	125.95812364736254	87.36885245901641	209.61644435409468	43.488352935792406	75.42857142857143	118.12460401267161	165.67704561911657	36.21578609202788	88.52368710980535	158.15838353736078	206.6768488745981	39.184573002754824	87.65239726027399	69.15210972473568	104.4976076555024	24.89269797737402	22.058823529411764	81.15606936416185	98.59964262202575	42.91646839431547	25.979740992434927	80.49501522297177	197.88987392251298	285.81889482243577	62.35303002682361	164.39034896541114	180.96613597469272	174.38403020076646	228.97565121319	61.536842105263176	88.58646616541354	158.38212917498515	158.83355078550878	91.39989818922261	49.42402694610779	78.46706586826349	57.494866529774136	71.00230760777993	81.96839935882757	75.42426983716723	98.51720068984297	72.98690753446213	35.80500552819379	97.9578970096081	40.344159501370484	119.99832739958423	64.80031998577842	38.87536199285855	86.7180277349769	29.708737864077673	62.51778666959	133.42172206723723	29.184309744779583	149.21222836936064	6.046511627906977	148.535336562222	147.36478642655158	113.58397606967948	27.648345909814875	66.71390783795071	136.36114285714285	31.679730824350425	53.09923664122138	109.2006352567496	19.10169491525424	112.6087860275292	202.08452854883566	16.83168316831683	105.397476340694	226.48479868529174	22.048662221837386	138.37620200954416	27.265023556937276	103.76599634369288	30.23861171366594	33.67141838916607	127.80380192443089	243.66666666666666	32.851365503907196	59.529411764705884	118.99749317586765	398.1155726865473	318.1768728532971	50.31693265346665	44.890370272589266	87.85500347118914	39.92111916399797	75.84828558008455	44.29432526253105	113.12775330396477	88.44325245994813	95.13636363636363	246.36422636993396	76.7295581184398	735.4635245141031	138.36130711104437	336.3836144578313	145.05428910976664	161.52019874702958	87.27310905597999	190.21385051983162	37.38491295938105	366.6558701490681	95.92295345104334	486.27632290594414	64.45398773006134	246.31627040366303	101.0298957761931	237.50850408060228	76.33326584328812	350.79342160997436	147.95911602209947	280.8664723700134	62.09196016127739	425.0152032341749	91.65805168986083	111.29673925307458	150.2337729621574	340.8038511777579	1002.1167037375156
PWY-7374	395.222598932859	346.80421612350864	392.89602515507886	512.0552197466724	137.53435880921035	273.0751683848368	298.173606547301	607.9120113201195	2193.8183548037373	102.10681011431278	266.73014269434333	346.2710778302618	343.5571278411152	44.33139917864044	89.83784433055733	146.17429262600507	201.4489439283752	35.54395563168809	93.38190718799864	181.34246789580692	361.7664451554564	44.94361020028822	94.06833841902983	144.57578051462448	193.8749667149916	33.70787327170619	77.78906842314557	200.5676160608467	250.7980039459838	56.69383823350278	47.42187959850009	98.25580585082797	282.0625335011621	479.192649248112	67.89001275944521	190.44267223981052	269.38803931002633	308.65007561464574	504.698048579733	98.32802341053907	169.70524057720624	469.28469278367777	213.6603099618163	161.44103905999359	51.111884898933596	192.6558237598676	69.7689926902687	247.79177778654832	201.23484677623975	92.74297659231198	270.371673023086	75.33421854086615	39.89922402499244	125.57714064389756	39.283213794654955	351.24037500098416	189.98383099356633	37.39098161126272	289.5568551673302	158.71715180066988	60.37184995135559	320.1139784848434	28.035440838057927	447.89282029530983	8.121776167599606	181.91907637872134	463.27889596113005	215.79388239545818	27.467203054832154	169.65309382503588	199.69650589998585	36.17614016401275	175.07702096246467	249.03931227432508	30.569315454411875	332.84775177491457	263.0179859945381	31.188988676298322	186.06082726391224	391.2211730919851	24.968327087434975	239.12201582305806	27.4699116346984	303.2179197082053	251.39864482977717	36.19058787625323	233.75186585535062	312.2416893802787	32.45321711246052	82.08533873522602	238.54273022222736	447.027398184081	515.1620518153923	95.98024063863583	62.926383636239024	253.70442751346903	41.154754408060455	105.94192842832724	43.641266218642066	222.88516608495675	215.8938515475617	185.44950394567792	323.6009755982432	154.75075510979437	2277.9696448603045	166.31201811422983	534.6201791479158	164.55257495628751	221.5668096618584	91.59869088117763	238.4837391007689	39.88818265363529	469.7128542633644	103.19839988726187	646.1367284229659	63.59696946590755	301.09206637685963	121.4481512267561	262.7677152338932	84.03814556281473	779.326503115236	160.48773934646027	319.80252789748397	67.91233496577598	527.5845442711433	95.03798389646488	166.81073408401656	148.18055991630789	941.3698022190235	3936.7364888265142
PWY-7377	842.8115627858401	325.34390905541557	591.407170058806	651.0924309179373	842.3493863932372	213.32523490882122	1049.846620461326	1067.0637720390334	3399.0711536632903	719.4511357116996	666.7535793330479	346.7313626670233	846.4714490215658	489.0721419444773	573.8542500926	855.1183798303279	905.0330458591382	468.2279188808041	436.6167284370617	932.730773137408	1025.4890551388442	208.66828849986132	820.8163667960513	752.5084701008053	259.63734951602765	114.7242951353364	99.39571150252863	1078.6309750275207	213.61542696170173	1269.1656723266008	154.2829742637069	1018.7614802028801	1605.2261351484447	258.3957250146053	1392.432814275607	996.3007007760588	1162.5292797800503	527.4959977711352	554.241483292735	517.0368110950099	833.3429095305222	777.3002332598535	665.0312920787151	221.09167484525466	571.6267379862758	240.45046160416115	411.78941769613886	492.46895974046674	198.3253477829969	737.6704280916591	121.53942739834572	1360.8404405978536	407.7146567915898	226.8442575325676	479.9950468289439	404.0642487629263	412.03038303458817	435.80157088526005	349.9242586800771	158.85067907277866	381.7508302619038	788.465982124259	575.3346538106673	769.2372536774699	32.856804878030154	1544.4285631864313	554.1643962648252	628.9620561388605	662.0039257409491	88.79778462150131	225.4661562505825	118.29459822425613	65.29188998451126	459.00790655599144	60.154391058810496	518.7986669849796	569.872529939328	56.35234729234972	320.1180330399762	358.3172779810473	160.06510414945174	871.0085099055838	783.7859274629	74.74227476756455	64.61064991996442	287.34618869819974	138.68391592667385	425.0637023523356	1819.2980840123626	884.1462596146401	394.05951675106235	993.4824230425559	333.95971075058065	41.702636832139405	30.26490405629747	272.6909644823123	930.1459489356288	139.61834100209282	882.5481794331575	469.9240176882975	264.4256253845898	52.782261494657604	373.4648477548648	273.649477574177	2238.4153417403822	3064.479669272435	1099.5192748181275	1660.339861694866	379.254877039199	3172.4206655639464	1397.3163362101768	586.7532047575919	1598.9374495371	644.5792478484822	1804.6218907850227	3275.853377227056	734.5801948109037	4452.100250239007	1561.526020442405	389.3798524531468	1317.7647601521146	1452.2783642498105	1178.7007315420958	1671.9526700319989	2270.617287470124	843.1766300072145	924.9114499978214	2733.335880427092	2358.0052847425727	4338.440148282598
PWY-7399	119.49375959918285	95.25983275269596	95.64530375921781	63.09336160202575	89.90255785627284	143.53309227511593	108.24137630820016	127.34449312179456	469.52501321908704	152.24902143522834	83.44287573808222	112.32020950728152	66.19608857499522	92.35463233788523	113.48344656702102	91.35583648071483	79.55994423791822	174.4300318755818	81.29445985289205	68.48809544333915	73.84428696243084	65.28867795283296	101.40691718613235	79.86029223276084	102.61062820636917	24.35761271755516	37.0293609671848	75.87447867617382	58.04471250502613	76.70137774668189	84.2084707367954	74.08907109020643	69.443133553563	69.19718839625747	77.32911698644372	97.91477599509719	90.56173273988202	86.57874606040207	56.31424625517901	98.788553294314	57.80705364837229	72.96364795292963	101.04186313411878	38.68813039565348	77.15798764342455	18.10504485386322	79.45678163611433	53.699174785229665	34.972048813886985	49.194105604367486	52.73681344240347	89.77373726009604	86.76187147351077	48.41413155827511	82.37057818591632	56.36795410072762	46.55065041763659	92.1344222547465	44.083639628517716	94.55449436849632	111.78374337500192	48.87196185602978	56.580109589791086	79.34241550956247	51.86133525939697	61.414305789598544	64.06899528521151	134.14443626745964	87.12269495394013	66.06885713393629	48.10086517476381	62.85256787949787	43.73455700670667	30.23521932612842	74.67706835369509	68.00198662156248	52.956891256659354	92.76485730022593	58.4808818723447	76.0989570083948	59.08097822256678	71.12235706166088	104.6410725735937	41.39660250117375	32.39163115225277	42.03523693803159	38.5425101214575	82.74240976356943	70.48824597044924	59.66047239013636	73.84716052961387	68.926750381457	41.81720312883268	47.635612764034455	80.03889018109321	61.497107533237816	71.11584256047725	78.13510425066237	119.15137794121857	37.092475735930044	45.13274336283186	41.2279136177048	60.7378013958614	57.0062435425994	212.68464359735287	190.5283360242243	136.37523031529037	98.74721912774554	141.87536193873268	137.77083748844126	107.21536963732926	46.13361296905113	115.39381811761307	72.32628398791542	147.85385589378964	118.43203436002793	72.9760576330801	150.86579829330955	149.33828015459832	63.71165267163845	84.64149493133003	112.15748723517316	96.04589088495996	83.77974499730476	169.3991884194145	52.78763164146013	119.89166255828039	227.21984216459978	157.98258803842762	347.07637686386175
PWY-7400	15128.525463892514	13558.681841687043	16473.727960453998	14984.73127779451	14401.656652824768	13609.978260012469	15200.464566823515	15762.644244551837	13451.342036789252	16401.867597906457	17543.516315190245	14947.289573711803	14838.052980941078	22621.69587445744	19946.571993283305	18726.761936350093	16496.01198975282	17319.281976410253	17455.620883893072	13920.804038737515	14851.607981578914	16723.133457228145	17516.357732459503	16583.906653888043	16066.975092431012	13870.231457779722	13897.91079110167	14581.072090401087	13477.370495664332	13422.2385471777	15383.28048456857	15276.29017294095	14184.928656609147	13781.56103446891	17144.904181590864	16354.299324591719	15293.373042641513	16621.33170473184	18641.726657190844	15799.118492789263	16251.354750345043	15837.201935480674	19643.393845460963	10774.041390867742	10703.705016113834	10371.38272407979	12164.732368660383	8913.209252895977	8568.236023187856	11941.988412862309	13393.781622780461	16803.28783480608	15591.672476350546	11221.524957185764	14400.783984711032	11683.407494783834	11214.464508286503	11167.644885764033	13226.151245712945	14650.217908200097	13999.216127048672	15251.912115631285	9637.515404724501	14796.68363958314	11201.4901968223	13021.216592010653	15360.99319240007	16903.324588771207	13321.254804399656	12522.645646328878	9290.60997760976	12310.782575659432	10750.843136580354	11072.652603635153	14313.42727111368	11776.991719723655	9839.397698098956	11761.900605766132	11220.843154178081	12259.111984190757	13213.656702318065	10954.390747807964	12497.86063736664	9964.928850161377	8284.556230331073	8946.41145595201	10190.199031641896	11957.713908685877	11969.42711323893	11326.87963081682	13411.353274683832	13372.818008678474	10115.359027998893	11544.232857482051	9280.940814461788	11220.071931274222	9517.645508395452	11698.00448167401	11325.089060540442	12767.16074239843	9694.915236595458	11025.174432978738	9506.037840658963	11902.29759645035	9829.476788310963	37145.418828820235	19435.121709354054	18623.977928272896	15099.781466094568	20700.908939359004	15727.782425068835	8015.959834653352	18011.718797742782	15325.797431483752	23556.46477735067	20197.53171814521	13538.996781443671	18920.110725187158	15772.233588583878	13307.883675169785	18520.192371026398	14717.174385436443	19970.75488263308	15038.613577092918	24869.541814976248	12632.414134081619	12900.481710953673	29940.070532010875	20968.716078886922	15213.432551570331
PWY-7446	196.18563812799408	166.46729637100373	256.77947132657033	161.622620173581	268.008588923323	311.30937973701276	139.80792714979435	196.66973350370725	2331.5804430318585	446.18389572298884	175.59709362701327	183.3547479111157	233.75737008254023	815.0148550590295	218.3758762638834	229.30224842640038	97.16224549183447	641.8381011163219	204.4499152287621	103.46419374598914	118.44845276499044	426.4120477334249	379.80484449855754	220.87959183673468	147.83150136560275	494.37854165516984	178.8530670470756	119.36940624145859	68.08358987518278	234.79507609430368	291.0577942349987	208.1368154552932	222.40257700340564	88.32391020096156	507.298374279281	213.05171285184377	149.55598676469776	105.15278872571305	73.90943277340806	530.065606879233	204.89620841583798	111.86395427371335	156.61120110577912	53.55129389972215	308.6663615560641	54.212242403010414	336.63204713581354	67.30683657687847	83.03041755519591	250.30312377848534	85.0347370672841	512.7552514797832	291.661376331322	52.315035799522676	315.0690777408797	112.03584728840033	95.30430733410942	361.2188250240954	65.3739193489748	230.61989717440798	391.89376525498005	127.2573769130004	286.75134289096405	130.0592579258169	227.6516094982562	211.19440921833578	152.46590315392837	273.42332097859884	472.4358792103653	52.80661390456386	326.8877678078046	367.8851683230601	62.85778025655326	100.38142785821269	343.01011155091754	163.5729794283361	151.10357503666287	196.05902375293957	136.251009101308	209.71121289469383	484.64727129441127	142.2714872784375	332.16672413412675	72.19719355100057	41.05112849586671	251.76164333453758	46.836951034830896	207.15865865477804	308.1650249404754	306.5914092500168	108.92719376223563	232.02562844169645	66.16762893450017	39.41318182124176	92.35439425183658	95.23007474284023	532.8524173494911	118.63207936199183	890.00660468777	70.43450832207444	51.19196988707654	190.5414571395158	257.44883951613764	79.17867819167735	1414.9891727465306	587.2724720823297	233.9677748802688	458.124134631107	359.29939393939395	381.13485192988037	166.1079275889218	126.75953595396048	184.55069938568343	467.6178343949045	287.62740540659377	640.4037202788154	98.54842814702909	447.85749102123674	231.8037656162995	311.1982962887743	149.1355332778401	232.62270543828944	248.0148701415547	207.70960919872195	377.51577899374576	349.20083502445186	203.26285819421	987.8301663910358	263.6839459878307	2364.0970613282952
PWY-7456	12139.022644540133	11289.944346458153	13214.955740268568	12157.932850561823	11382.685782850578	10823.640803441429	12284.974917545194	12907.34980972871	8327.369588811796	13964.425832704512	15611.091443563313	11084.141611090909	12217.818867964721	22977.255127059983	19000.605548148465	10110.768017745468	11979.897714546521	12056.570706271756	11684.88628507063	9284.925797113183	12154.357899846002	17517.077238532194	15423.194603370162	13619.26217198652	12852.346707196639	18631.735767150665	12609.911023124307	11536.307571676052	10839.934604308199	15089.293834810524	14770.575057275013	11572.415475839567	9710.023392098079	9962.152919020727	15863.441436193818	13979.438860248856	12692.922085820883	14662.768089406074	16246.733366775583	13467.161895944688	12642.204607210553	10550.117629959297	16115.763789833725	10718.362293468113	12112.646542327577	9365.977367440031	12585.880180445203	13749.560867076236	7361.463667325769	12384.723474662502	12276.111587453915	16537.028745871397	16036.63058940595	8930.453657128239	13318.673310056683	9448.634105198038	9686.619457333994	10155.927605113897	11563.310343424717	15277.658277982426	12531.750096784976	13047.189521047265	8916.6901119018	12053.847170301506	13009.212677076915	10476.644713936914	13837.209018087833	14602.267155568565	12649.745912109898	11234.399888644906	8661.660611893247	13121.661115028042	9376.338168288616	9607.202561346892	14169.847087902557	9525.374676407762	8509.546404041495	11513.784368681963	9199.427948854087	10699.540186520842	13413.094821694574	9098.757736755599	12424.756692264193	9024.46272906124	9487.684276413274	7898.686385718286	8570.934625275375	9969.043326328674	10451.689198371456	10003.980983789648	11168.20763088303	10540.25749221718	8553.026695226026	10434.46775821534	10301.964425907787	9434.392760790704	8359.611595558412	10326.08709260407	10071.195790750706	10590.11671080236	9478.73809396995	9828.517464421413	8298.710140184141	10139.679043788408	5989.5211903255695	33344.33981645651	16195.566682784389	15828.721173812914	12397.952880669693	18159.7601805736	11901.11057414321	6933.384446834203	13144.37128590395	14349.114886051788	20145.985568310392	19238.22247035888	9735.022687902398	18244.415614833222	12513.95747042668	11899.527248231108	14443.399125173975	13109.463845175316	15208.94000268136	14065.200488339939	18888.293709842008	11625.717893120272	9370.154220532833	26088.953548082958	16467.840826532603	8494.209604511241
PWY-7539	13965.255125450032	12887.104374279737	14842.00897093648	13815.977714855164	13347.174217385556	12575.811482819021	13970.74317943067	14790.110535427139	12371.168245370503	15385.825269477991	17528.688006015684	12764.128540254986	13959.19004900952	24832.105750007784	20617.32550862293	11562.917401995184	13693.383378567114	12808.60007485594	12508.710709536826	10961.299016932386	13783.546990517236	19092.48910448257	17046.944677806296	15712.504709698498	14625.419321140622	20394.99069477881	13747.863669657349	12680.145737589488	13215.768755007912	16837.846260368417	16071.48401830717	12719.19761610842	11209.527856432305	12508.07170126474	17606.402434164334	15578.691373607022	14093.367075485787	16576.28386898397	18708.866854043747	14806.839949430692	14160.293827182632	13080.772528288247	18126.130388391342	11984.768771298955	13264.266360836376	10439.125145805954	13945.683031590825	15565.073480039922	8496.08978670771	13725.706270579973	13980.037341421237	18226.076873992854	17674.660072505187	10562.40336271239	14390.511996262348	10725.58922944085	10956.138348989407	10825.633910876271	12981.32164099209	17065.08714280609	13459.355482780638	14687.478634306957	9541.885203562782	13587.325074169472	14268.692391505097	12012.171398184037	15769.39126235188	16629.539780281877	13637.194179788934	12696.927834778653	9350.29924873888	14244.466384733112	10705.610913334143	10741.275868932296	15534.802197464602	10902.052873367562	9437.449927004809	12560.704387449434	10534.793847909932	12035.821678799535	14580.644888816421	10334.413811474926	13589.693590705623	10251.986410798507	10655.18744856902	8741.763952483958	9993.242851866244	11098.075314346337	11641.528611625185	11207.430778406597	12535.208191118227	11657.230617530618	9412.86188710398	11619.190383818908	11530.794750585002	10782.863072916227	9230.683570086807	11672.460908849438	10881.878096166589	12159.035498528829	10573.825075754727	10972.46026008599	9357.97751390262	11320.590774887005	9498.085831988115	36922.620446433706	18197.759886335403	17292.350471101505	14095.69182030436	20308.561823381544	13642.532388623766	7705.186448661707	14964.568895050425	15685.001900080088	22699.217052094336	21156.551577436254	11544.985584066293	20382.44825892792	14379.637493934439	13184.151066974824	17411.657839463147	14498.499522795413	17271.521870723107	15753.828526337238	21645.24451471207	12693.672044214802	10715.62883490375	28306.88660623201	18762.48709961896	14790.650973989772
PWY-7663	25257.15578446657	22266.811526580314	27102.989528030415	24713.52943962926	23745.468838828852	21657.240809897958	24815.69103300612	26415.674057803495	23889.76091414711	26047.773307078936	27562.199283454465	23953.465047079553	24219.156353890732	35945.149944355784	31692.70322554951	26170.413853337654	25662.02593788898	24797.301674060825	25391.364890360615	21980.39888508718	24188.086299664457	27114.510354196555	28114.16882004655	27630.829574167466	25549.108397870274	26668.848141583803	21797.15724767685	23402.56067953851	23422.01441856131	23178.181695348736	23684.31056819372	23575.35730959708	21938.655032245755	23949.490018415258	27436.482578874424	26562.497393428	23952.141404849233	26376.998635717373	31058.972184403974	25076.538636677684	25954.136067664047	26642.91282604295	32332.623661788493	18242.64754987062	19093.493781697885	16581.909308434282	20089.737151943005	22535.09290585096	14151.96614237705	20199.599989930266	22105.502154205682	27010.28811165822	25539.969361777305	18039.69204952343	23047.85373651477	19740.144447838728	18084.23722053658	18065.237490207262	21217.74014928018	25557.61006152307	22944.376677461853	25192.795344899107	15815.676773949262	23776.372901650153	19270.073253362487	21692.477004118067	25442.986809476413	27364.366785323917	20442.461512948434	19515.429058715672	15183.91505150214	20397.742993171363	17122.920003587784	17820.80702278656	22398.703603906015	19456.702294245322	15970.711359097864	18951.550018771584	18331.983966301388	20893.184175825252	21217.755120056645	18691.40195510737	19695.08711133812	16754.475743111147	16155.491531130114	13597.52859690655	16885.78398349462	19372.918848531575	18779.865699318667	18220.285295035505	21756.62805258378	22482.762135476227	16127.795426507371	17396.49790603673	17480.55041332301	18743.7225148638	15066.933869065326	19215.93212021171	18039.437184035647	21201.130620993044	16358.798521077788	17560.986984729185	15933.851347841291	18283.511442148054	17393.064702698513	59361.30668172586	30953.48344744853	29898.824910550775	24292.728240922537	33069.05232660446	24832.45629865049	12569.752018125766	27906.454979006165	23855.087671141264	38976.53518341546	31802.238433717503	21383.50031717624	29262.44751753682	25903.731253076032	20776.345259084588	30786.65392839155	23416.178969772656	32081.490499284315	23314.588310482377	39480.69914493189	19947.492739865687	20498.00258392615	48539.89789180234	34526.744991335196	27044.18184507349
PWY-7664	12492.723048900134	11322.590355939055	12231.556977075792	12126.645611312577	11691.909194031346	11187.101428097216	11706.392382927426	14510.348045420187	17654.482284032765	10600.05065366408	12632.799618423041	12307.170861910465	12420.28539255274	15934.859743653084	15920.456016626536	10647.799777149	10379.872498802495	4939.9345150537965	7454.190364754102	11142.570519770043	12442.378008893736	12038.046649280208	12256.152888417415	13076.50817891206	12415.297822577173	9901.615601713931	8356.36177313135	10128.607849352968	14215.153454498877	9071.211628094641	9931.058780187912	8448.76166931833	10171.972305244537	15437.96662168909	11011.546355952287	11879.351124344912	11439.457483805247	12989.719106970655	19024.45506338814	10759.786184761999	10978.687290845774	15919.928559248947	14038.555101856613	9769.388571644104	8974.50943733003	7878.501484087615	9406.554289650296	13628.996659347142	7552.252008242242	10426.709952781746	11526.862480237849	11356.176767583262	10505.536710146142	9417.111130577363	9302.529917081112	10527.6780431911	9182.614818239568	6787.587141761671	10996.778693751678	13257.3939648835	8379.6111677643	12666.110732330711	5678.336071346071	12209.38998970681	6829.293997995591	10353.389572369062	14260.227484642903	13760.176297584696	8756.804736000375	10167.887243866904	8234.087208667219	8644.7156211566	9861.775737513668	9257.212774243486	8200.343817008476	10145.26119768537	8320.787480546565	9476.122061016078	9398.613056044669	12065.820898790771	9674.881686435068	9560.189608700523	8085.362500858677	9535.56667678294	9861.694211228196	6360.121619654357	10410.727877283069	9957.174799607552	8043.388912310642	8293.0918453945	9620.198749867548	11215.38974502112	9143.495264046387	8039.119917181116	10723.210289535415	8889.77870015342	7994.578155055344	10945.606992493742	9376.012115912708	10514.392169273026	9144.283062196213	9667.002649822041	9544.754409441095	8585.383122039922	14963.779906268983	23991.582129083657	14669.067298145315	10893.961801805892	10161.495355626905	15180.140543246665	10406.360463622059	4355.719400334995	11379.297421209563	9160.439184034753	16587.628509555798	10365.867815807118	9862.73410361243	10650.699357221732	11313.441630771764	8189.876274513478	16261.350761198499	7419.31391327716	13256.459562118676	8443.185461268728	15922.854992114728	6806.765866081754	9338.122495667305	14815.528847497771	17860.472496336446	23585.056513570875
PWY-841	18608.692340242418	15877.081021568643	20315.868151895662	18235.982593032106	17834.96226091218	15499.046629495457	18373.90272699691	19365.763551267337	12893.705491008284	18593.969722082566	17556.474007022065	17942.59294147129	17044.009907751966	21624.84691150878	19801.337564172907	21966.540355750898	19444.711736490244	19703.895483744964	20180.15068691257	16795.688661132426	17342.49945495984	15541.180645295815	19363.313448013083	20440.271062335843	18162.634404643824	12584.678512256582	14667.695984992926	17615.65582610608	15729.2329270531	13289.32311905355	14540.967924109244	18110.772747009203	16738.64018689352	16593.659916500008	18605.182147427597	18746.282518390086	16743.84896320881	16905.882621001576	20829.195482543793	18012.082295642642	19608.000411788056	20472.854821586843	23386.5119796779	11002.653780873052	11286.504100478245	10908.568292883736	12085.784205575384	12753.466280513769	9522.717700569547	12363.360319159689	14117.030866060066	17091.004026214134	15868.027138816042	12425.777728346107	15606.213728046214	14503.149281787613	12475.774257916308	12595.64372142884	14079.620330608426	15480.093331187943	16257.634132732594	17870.175559411608	11050.76128161136	16803.944694340513	9867.774049778976	16128.90489833614	16974.399342580662	19265.68830735614	12785.152096222408	12181.188445923342	10175.707543235536	12021.912686896496	10856.029404384934	12266.01979834402	13813.562650904412	14211.368511303846	11018.413117291107	11986.24766360143	13148.530304721622	14321.560006317615	12692.08692408859	13727.291361098301	11816.224297423414	10807.02544563407	9801.193613913249	8637.990228136417	10904.722092193075	13804.37067045094	12961.040529157246	12769.129566186679	15615.8774696312	16831.960781764777	10993.86718959896	10203.090049777964	10628.115723292307	12960.83742337935	10319.425002126936	13165.869793026293	12492.96976047602	14723.350622722402	10044.22329349426	11499.446393939053	10994.621967379979	11981.966725507593	10002.453218953839	40997.50426918314	21279.554354824442	21918.915854122817	17158.34897410319	23196.761267513222	18537.218029375283	8766.188527078133	20928.32466798794	15523.545281813856	27108.40919965416	20792.14365801493	15679.082610455833	18265.26357514303	18745.48851444139	13928.162342740465	21731.05451488322	16250.911890054482	23961.2245123642	14879.016867018998	29081.19780584252	13446.600312655622	15740.36287244696	35385.85966877557	25607.081625760122	15377.216612444874
PWY-922	315.64694985822	168.56416275575498	105.2220727463945	121.57253423407576	98.20431702342408	71.48257809236193	74.60419594160545	105.64966211374131	611.4489734259989	218.8837847054757	88.17191179305475	47.00614955531663	181.25792842929675	219.9607097745743	137.14690193970455	178.85412889179707	234.42694113730698	303.9257824233602	274.1679807480613	278.84312634336317	156.35061918110335	88.718951967793	258.2819770838854	51.46841364359194	81.82361726967609	34.676283129259204	12.88188177370014	52.169323264207534	58.09932855328556	60.33794103761107	22.876110568553564	131.3538594101161	208.11771896961426	214.6874205452034	177.0428398952658	294.7386794511938	174.11252311286077	131.75011501235622	135.88487107425738	62.86674478396594	69.50955548710013	87.0737783722452	186.21306500688226	69.22703375851131	198.87746144184274	46.76641760071186	101.88152069324491	37.85156207867992	50.642753782918675	123.36594107855406	56.858246128143044	297.1359977973966	90.78141119381205	120.5360893845049	367.2610278254803	67.49543122911058	37.933523423703654	486.73389907130945	45.89059085033198	15.480319305518055	644.9620360260758	83.21614321829485	378.34792259414564	83.03466940590828	8.662751053801943	223.35755391173936	81.09474549906719	90.08202875770695	192.61276409157153	40.22566648333867	145.8686687485158	73.20892460726944	29.22997969869738	70.01999392074593	19.828697672030902	65.30386078306144	240.45303494361224	14.59851350300997	85.37703812804251	179.56390588107465	54.14200665484739	111.48954301254525	152.991625036758	57.01867328769495	13.79467512233702	103.85712483643162	88.37627674750614	304.81975804650483	236.31013155240254	75.77138648395098	83.54698900333688	682.689747622427	232.6684195798904	36.7599316640775	52.81168608017494	50.5224330058508	174.8472622470552	86.37879051991331	349.99920813559186	77.82105527040882	52.45820669557949	73.0507728980648	288.9872990452963	54.54198037383184	417.44782777309916	247.11757464037967	288.59188560264874	309.5327209427052	195.7060256000961	300.2091132856881	256.31871058188335	111.91829078086114	436.7412612203052	278.0804416194591	542.3187994215848	466.9950644426959	329.44477712081556	181.09901154531184	498.8290166441963	193.12076453205924	210.81332246409906	358.5744036775787	511.6798724533422	160.2901146572901	584.0812307437263	331.4874503801911	114.67584572974924	1025.896282410649	193.2661937864358	533.4130837671099
PWY0-1061	20428.165066564336	17661.379376906632	22670.19304944219	20232.72165728359	19468.290145974177	17357.768687952597	20391.661013860972	21026.113405286174	16276.222612674273	21538.58631143995	20790.90646649608	19902.81164097864	19040.19524895909	27517.316332234735	24149.11700494565	24259.169406393914	21555.50502983216	22831.78389347749	22916.632457989504	18174.983900825024	19357.590272786867	20451.906971600034	22313.029148614387	22436.85782702014	20210.273216463782	19694.281725330533	17610.306583000714	19953.093902167628	16107.92956547653	17713.462669297387	18581.39466950155	20554.6676485363	17985.46597362875	16687.72666236488	21966.240061395198	21459.286326410678	19222.53079201421	19713.569703297522	22718.856515449643	20538.26612725259	21940.744972927478	21667.466195153036	25950.0382400645	12981.261205209212	14199.121563615188	12563.38030764228	15146.13101182466	14837.62103683962	10630.702989661248	15003.295394572502	16133.644962034628	20884.684826728007	19849.069547471176	13497.295095933514	18398.973009340327	15865.37977350272	13825.772712995386	14785.606589139965	16144.807514111999	18170.107869169427	18828.140991906952	19891.27958936122	12955.315417743275	18784.20574840899	14571.578811495578	17627.928920357008	18945.814939242933	21144.11270763045	15998.633491062148	14645.830749694444	11472.42259137231	15656.764731618709	12185.316895114143	13748.5362915846	17630.282812545345	15576.871917578092	12383.481406296512	14511.180293443364	14452.048468781699	15588.191428696473	16069.756462755637	14900.927553445807	15159.466523334502	12162.854967419493	11181.921134951112	10412.933384460055	12028.85950075521	15267.021878373362	14963.94036106755	14631.440133183705	17577.98334352115	18401.972912984966	12372.008736943391	12794.301435325813	12370.225284857834	14579.625286082728	11698.624984542717	14655.714548904469	14261.744300474405	16172.452332033801	11973.515053193198	12840.455776869445	12124.87810400978	14069.84361397351	11918.624568676394	47952.792469551125	24153.133249399387	25133.497064733438	19301.917350936485	26197.902583905285	20593.31590099403	10281.599251165071	23371.867233585243	18977.36149474797	30620.91729689461	25413.372213323724	17055.1259825957	22894.087988439187	20664.51276011385	16662.4833863134	23616.84893897024	19285.937382018794	26503.519842402853	18352.188610138808	32377.012807125742	16255.863834247397	17498.43596383282	40950.25851393101	28571.566836757964	18400.430913109954
PWY0-1241	12149.675608936333	10660.93524307721	14668.238781794427	12530.25690065114	11758.489659539984	10161.854142184966	12724.531116358543	12504.96988112701	4550.983039313021	14220.701124277197	12080.898785822861	11956.90323028295	11005.638200877325	18406.253103007708	14712.627326888356	16352.943085748202	13491.531819683027	16976.03684943819	16054.870543895693	10460.925140250942	11616.506265613405	13578.761578656826	13973.818272532062	13666.157438561131	11730.21503920815	14404.770765836187	12306.865045636718	13219.577295637308	6087.470491506331	12759.280932973965	12767.221189132848	14243.293868271869	10906.076088614933	6483.541780423213	15008.528044631788	13471.744596239008	11645.682007804535	11187.865038650087	11586.771612561106	13411.01484860822	14396.359194181907	11380.056851828995	15649.771490426148	7002.536456686283	9060.939100819454	7547.022416889103	9704.9446338106	7895.827024965672	5803.125470979659	9278.857418708367	8817.736500222669	14137.07316961803	14288.006296786285	6809.164239852736	12463.636452926863	9430.3213384973	7991.789923871134	9999.232126097884	9546.987305717119	9794.75713749676	12539.866487622112	12144.874326499415	8951.403138267986	10936.374403770611	10461.520967253131	10490.75427904315	10860.772879128015	12607.128783508842	10777.51620609767	8301.020283703507	7107.448902368165	11010.727161736539	6041.392133115488	8271.669347676014	12793.564514711315	9047.814083127549	7295.637401104939	9717.69102107145	8331.222997622941	8569.885396352047	10795.825033001123	8945.969436457779	9971.953310764276	6470.471577735164	6266.900500514755	6380.253860254083	5742.825112390547	9083.848129606695	9552.242741838516	9598.23159663483	10849.492282949814	11060.134666487136	7293.480237314185	7319.2995018019665	6879.074801371015	8531.335078043216	6959.818810158155	8813.738077817825	8793.41305553622	8984.038601087384	6769.605392991406	6945.091328072534	6873.818197506874	8213.113641598828	3643.7373504916654	32195.626990307	14035.28837238008	16939.209539472482	11419.30644197049	16568.61271378386	12658.199955767428	6878.043679679946	14571.19447327505	13030.526015671143	18133.020749163064	17589.58544513845	9654.148368456663	15388.028707432675	11707.048451338977	11107.10601928709	12246.300973560581	13272.67011055761	16243.086754908076	12458.304721225077	19214.361916561273	11307.05338664458	10623.307707817457	28124.996764022162	17392.495056519503	5381.846777482062
PWY0-1261	19953.81023782657	16810.729645140746	22465.325293336136	20043.388786909964	19410.428803565374	16605.31856518521	19877.664980163383	20186.235004907216	13428.501503363508	20242.348811832504	17586.54936592455	19213.72136881787	17751.350736079108	20416.59475744423	19676.002859908058	22688.439481741494	20716.267759591883	22817.152483091882	22454.028665854272	17207.819613725922	18093.67316951071	14123.277554166663	20626.420063833404	21786.924586653146	18957.035666466207	9830.546182434118	16013.792712310662	19850.450047885468	14506.684018335542	12107.402242921737	14568.377371432916	20313.24637016605	17217.644142321016	14713.856497775889	19542.552102845148	19817.0512638733	17809.393901288244	16061.32650683734	19052.95405937415	19650.08562824217	21497.848863548814	21139.892620171835	24601.649979545415	8811.241950739402	10471.970631860613	10746.74642544706	11587.247186493118	8726.721354053014	9604.836257274172	11402.309396309098	13859.267850904807	17017.11461682729	15899.313266288947	12414.086937304743	16353.848600524596	15455.282781352622	12984.129559281697	13507.092144680913	14313.224492214807	13605.747817002823	17517.170063522062	18960.933939104507	11903.100229775247	17870.32835945958	8705.857651075734	17259.23833539322	17408.68881540487	20734.804002185792	12734.73209251039	11607.64245816368	10220.396857917494	11794.976098855128	9232.593466216098	12777.27538136087	14192.40810050633	15079.165040922879	11149.067481376327	11543.483966462229	13956.60550313593	14517.69615337561	12078.207207523214	14407.517445373876	11359.649343614738	10309.623808251887	8064.645400838683	8418.005755568758	10509.802766627407	14782.542411582708	13286.386036836702	13512.795006780705	16663.94017023758	17847.15623242682	11218.018533590594	9288.221502395574	8731.729923771789	13432.896354662273	10452.799460227587	13398.13122323551	13275.487823702038	14929.571363991041	9415.805826161333	10793.23144822572	11049.683222817106	12134.285975827808	9393.145347942891	43862.8848555599	21476.015872085543	24462.58938340849	17734.418349472642	23976.77196114827	19439.16393473479	9350.634946036324	21917.06283691065	16415.18485172177	27833.167407041394	21094.725872128478	15636.747679445882	17362.96375996691	18522.167596822903	14684.356764256338	22191.01225146371	17637.143279565233	25257.846710011294	15122.02532813813	30548.286109759752	14420.14756059611	17100.984261861806	39080.331485402196	27489.440564753175	14462.894128327529
PWY0-1277	476.1984651011085	403.1850150556833	565.7647197412041	396.68831241641874	586.3518128030653	659.1825416717884	360.33858059458316	468.9456026605738	3956.0561271020556	854.9363921686567	434.2228553398021	426.13010503085565	517.2378503465512	1524.274575923209	599.1058395742035	464.36536385481975	253.5597318349691	1077.699336852457	471.4339842672472	274.5068397518852	302.0862409862647	866.7076831581476	800.8575808268748	512.0559149392337	378.7220737742139	968.8318855549035	411.44471084261966	327.40475766619403	199.56247836216073	465.4448488761306	622.8895109561408	446.9795594678897	493.45352347090545	249.5383016555523	955.5219737136389	499.1790192547316	369.8912028843486	277.5947590269941	208.1853721440031	986.1653485589048	464.3110692460538	306.1356674578221	397.810592320832	151.38701271408837	629.5387254732749	149.5508513354849	659.4952233017675	205.08252511119224	208.56656455542108	545.7649114140315	230.71451438926178	960.9983329019555	585.0634976083645	148.82570274405373	620.3054651940021	277.3284075734711	249.94827067078762	646.851915644253	181.3036793777695	575.6394369765254	716.3208849990048	311.7099700588539	514.5122257074398	335.7477583237211	505.0995262078466	470.1737926729879	372.29632174650214	614.5030417271333	881.4606633507934	148.12845396580738	630.1889424709193	714.7980053349773	174.09726765346505	253.9745013280363	662.6727364510439	355.07831510846285	337.63522091781294	439.8773626326373	315.6745085080213	482.3456019012765	902.655146025452	323.652789834956	675.6069768405067	191.2712878173112	118.70352491072613	503.98987451893055	136.05974655421855	493.0447572349186	645.8549293459132	609.9889666598472	276.00547127746484	553.9973727339552	192.41465521144866	116.03771064241857	264.83711042435806	251.11360625177522	925.3367697360167	291.51897919383987	1449.3444274166643	198.87236600515644	145.46562775176957	448.59297200212546	513.5847846639766	212.6535310659704	2295.6985898761636	1259.7682079809924	558.7979490286549	888.6723316418427	724.5766342053738	827.1305135559303	385.63431413672816	271.8687564578631	414.2476490098509	848.7400061451744	673.024277308224	1152.458770647525	251.68835078438585	894.8648397885556	503.707437739946	612.5178618952842	381.1339677724483	484.00799029036676	552.0180696022003	451.5240229029676	831.5481700754365	636.2756039362474	440.8875134433474	1730.9474594502462	583.7154901537754	3841.0723148958814
PWY0-1296	2946.5716325903786	2635.907484048057	2622.753309410004	2325.240109126411	2591.8821550604735	3196.6646771525407	2762.7568808612323	2979.5802562779418	8965.21852108632	4144.158253522797	4536.596971070172	2899.060485321314	3663.7387387321764	6250.8261261902335	4500.877279023854	2359.2227522200737	3671.639219357528	3453.121857017085	2890.218671927047	3218.681522039986	3461.9747836047127	4735.875732301101	4675.083545538158	3406.1311957826947	4001.41799255386	3704.911717972274	2395.039309894158	2058.848584766894	3925.67087039856	2709.0777871852706	3242.318282099509	2750.7881821195474	3603.979077710617	5231.021100009166	4240.210743893651	4011.286124045035	3421.558020418316	5067.157559267239	3693.575061782911	3493.002422536166	2883.371498734491	2041.7685626227405	4676.805509049705	3083.9681427432197	2578.2932455190235	2076.581203505559	3108.190677342356	1997.0607260195186	1851.5356818024698	2949.8594859602476	2834.3775880441844	3723.6884628843063	2323.68648659552	2923.8165912052973	3049.678765472115	1928.0417667888426	1698.1722993082208	2772.001267085747	2778.27614343622	4172.112025949262	3316.974658256972	2502.871254764378	2211.6881587005464	2863.734662495585	2759.461039809955	2915.9096094340425	2050.497846160458	2167.907218206097	3406.120467115882	3224.799652269589	1628.7036394361633	2463.445127659413	3217.1728786875556	1765.1631399013481	2576.8427414612497	2077.520887239	2256.230425729418	1980.460890213153	2280.1336241343356	1827.8073843818636	3357.3142018081653	2273.298834179533	3482.9473708141522	2097.039512619326	1437.7598647388909	2981.5797815824794	2453.2473318754255	2019.4051798574385	3671.9247576168164	2976.9366682730356	2841.869196832375	2816.1765557598255	1890.2051002574676	3900.3504896679146	1853.0902488506965	3105.1911218006057	3037.06441456666	1465.9156928599907	3683.1156203545256	3163.9153667835735	2104.4414143349723	2902.108850430531	2123.9607559737956	3049.266278570654	5490.322510775206	8197.40458057357	5806.495510870341	4219.285805429592	4720.856255213733	4840.82870711806	4101.982809435104	2265.534086015406	4858.053107176682	3524.4393690995194	6950.209599859329	5811.921923946933	4233.248224168998	5905.01553740773	5072.778976114657	3469.5711844871075	4495.269042987031	3536.4798510248293	4997.433941826305	3798.818269951575	7162.30858500237	3182.168815279986	2463.723559764008	8176.957460945785	4192.455654610845	9551.437182168786
PWY0-1297	2866.703266446661	2566.439355169775	2574.606546755405	2239.7828433965547	2506.3326645745797	3129.3743621785993	2690.3477615084034	2911.6926634837464	10003.637228757525	4028.9352050510865	4383.864028912668	2847.2949593538274	3545.7129411027463	6087.570669528876	4398.4153328506945	2311.548721066986	3505.788512023919	3420.7319978970227	2824.489293333897	3113.180049760946	3330.799847133033	4590.919411861777	4526.226894105038	3284.154787011872	3879.755571728672	3648.795159538131	2348.257953736631	2043.9312282552332	3846.967355043534	2597.0005608632755	3165.787397556195	2651.205155603715	3548.454440438156	5128.504636444737	4102.543759685227	3855.4045794066633	3303.7943847248653	4854.82478743099	3549.931983753125	3452.6773058327244	2797.9575099371336	2033.0936928140802	4551.893851285281	2944.73555366515	2527.41067666461	1981.3864793639698	2995.4374782163422	2013.1092102013397	1791.560609764093	2841.6896696644503	2737.772412386481	3623.6881493797423	2280.2246004980116	2788.9286861946443	2957.929647097399	1888.9209645372064	1668.4752955268104	2699.4827714199123	2679.850252912362	4055.993188053167	3205.3048877289357	2425.788685434465	2149.208289220718	2789.756204500918	2697.7191009583757	2805.7446734129053	2011.6739960473228	2159.1176743148108	3337.440575196727	3072.3010807418964	1681.7421964130458	2445.558125103968	3083.936449737495	1716.579658571363	2524.368915469955	2008.2948558335117	2173.34395469624	1978.5515433035048	2196.9389661051778	1853.1514484767881	3307.0283734139143	2224.323670659368	3359.764008131868	2065.949405539262	1444.051400382537	2868.874062145478	2463.0248562476263	2000.5112554333675	3520.9283012558726	2870.9539941254247	2729.57739267739	2735.345507191585	1832.0663967478001	3703.0027527196908	1870.204387949615	3050.8135042210074	2998.94342035293	1459.6319891127641	3736.8175729901513	3084.073946759942	2040.7805661070647	2827.2056328552126	2069.579170980313	2930.780038410945	6247.719030001956	7866.47845498948	5548.7992425161765	4081.7144858185266	4563.3601967345385	4635.889032637524	3897.4524626436655	2149.2556157258273	4598.742055961025	3413.1985533345583	6669.182730045629	5553.416381045388	4033.0155955700793	5594.845645311337	4839.97894745203	3321.3045206664347	4290.437236686479	3341.2131477753383	4750.723231661467	3575.6293598715256	6836.022796412429	3045.8815104244586	2409.082841471808	7869.311192623367	4037.3259855022934	10745.140016649793
PWY0-1298	3116.8069814450796	2659.841827376841	2969.833179094117	2470.2165387687874	2768.6950662884965	3562.9883221054315	3004.2456722530424	3136.310822625404	11376.995123510173	4480.83381831796	4637.01498388363	3596.4224875492023	3816.1915070353057	7474.616180517695	5715.308542671338	2858.466762243561	3529.8733791700056	3854.012572018101	3511.755630852877	3705.558115192936	3547.3261925996103	5304.27439441818	4600.914621180858	3328.075482917683	4227.633483555598	4542.485899035395	2558.5066295178567	2796.3578033468475	3907.674170262847	3151.352223085009	4009.9443247823274	3097.8878874787115	3700.082025323936	5169.570595269819	4150.895771346364	3888.845337115186	3976.392198992041	4893.3919144239135	3596.996414682127	4192.943053343463	2837.7752329559944	2741.832919559622	4627.887968100398	2994.957597347638	3266.459144852328	2004.8045032408895	3488.0905647094405	2846.025075072209	1816.1768223914505	3438.647953753164	2777.8685717538365	4338.395365268123	2915.9859192873387	2928.6794776829115	3319.0916526920937	2062.9924516432447	2026.6788150645107	3104.662301974161	2868.7056820079497	4935.927128515861	3564.0232072964336	2666.229415309542	2365.1732180739145	3388.094777999237	2955.350553238928	3204.9986174428586	2230.365343389095	2900.7322248724086	4131.0117733972875	3475.1525694392994	2233.5805856457314	3160.3198595131075	3108.8393544102732	2131.847954267752	2967.548435551058	2320.3681939869934	2500.20097630367	2400.4417524904297	2397.9314521932342	2278.401398228998	3582.6037502104186	2331.297393018454	3963.7671709001647	2106.5574009816773	1648.0208239570882	3142.38786305848	2829.3050523568436	2660.4485135689333	3930.2660717402646	2896.7923896049506	2767.3540400105057	3332.592381815154	2274.4662556210847	3837.7322458796443	2642.251602993446	3100.2401303617035	3696.6128619309047	1844.5482312028262	4741.650268877432	3127.4818415907466	2518.9255078053757	3276.44226991759	2293.459596183001	3309.407012570207	6621.521458819735	8050.087976824275	5698.741589781076	4749.258592604497	4584.50804077452	5517.545253466173	3919.3507791762286	2157.584006835087	4628.616568313604	3917.0391609540798	6709.382541193077	6158.685218602231	4034.910508495081	6438.472781364801	4868.448456925532	3444.2104682014638	4362.414031668419	3495.6515353592335	4837.798572582864	3637.424711474503	6922.169555369391	3234.668707218836	3044.1354335287288	8692.824540982017	4880.626382287248	11290.967824799824
PWY0-1319	18379.831846844452	15786.104965169256	20329.578698082187	18110.771316915296	17433.103572682707	15587.599738497458	18327.68143515442	18961.256488451945	16515.09115760205	19244.577473367095	18965.09252784279	17920.313155980777	17066.44965838267	24726.595732068155	21599.88093784267	22026.469370018134	19689.79202839908	20773.097215633516	20755.658494636962	16646.114028304393	17467.001471326043	18606.479906562752	19981.62559857956	20142.35663274026	18243.642778586123	18081.1251515504	15608.799142848078	17741.95181416685	15008.827299574998	16119.219591045956	16574.65727215356	18477.11411589943	16780.519611148127	16197.633362666778	19663.4968717438	19181.244230744484	17095.58768897114	18200.304529130197	20602.2213148936	18191.63877881308	19735.618008586473	19474.366135381155	23369.198553319056	12028.13500384055	12864.288016465345	11384.937578126532	13721.359946553535	13984.263261092314	9629.426275162088	13627.67064627872	14742.945846488225	18803.76964376794	17797.48368045322	12234.509081153068	16351.371254261168	14202.47967749739	12374.571542717476	13055.073571458126	14540.430410817715	16687.89256211845	16594.719246140456	17637.315646731837	11452.02854014215	16719.277387133556	13321.000655518626	15847.157516508045	17152.383087607435	18791.808827401946	14254.427949736115	13298.249016085558	10241.495114818825	14039.312232147502	11320.179377681528	12285.06462273654	15760.442409931738	13792.063515075422	11123.552370562847	12956.162365989629	12819.855031459985	13983.639709494279	14504.458176748882	13349.834715961317	13699.442736518435	11113.719464688393	10379.416380864986	9474.46696560645	11052.645879407079	13569.900685672063	13482.241138348843	13066.696638181662	15687.696416571289	16710.285071513925	11260.413177524402	11975.75854441655	11249.875313896937	13392.85088043811	10364.299479427404	13017.168458729177	12549.443238747477	14638.279788291627	10881.402356489496	11694.798710313758	10940.759047857679	12721.045160325431	12144.485311317869	42705.33516294407	22134.52203122239	22470.377122163376	17673.97947122297	23391.312471371955	18881.449652032585	9253.363215085821	21754.12376154464	16940.005006828877	27978.04733057496	22967.28843302609	16058.279392008099	21003.037338047936	19080.270187368154	14896.108213828875	21351.936452696926	17219.614262257204	24199.38557268985	16669.762672812347	29974.847816616897	14506.797537483097	15679.779312326968	36641.066632158414	25975.13466113265	19279.999873136414
PWY0-1338	228.646767549652	191.89052009872356	289.0170996936853	190.56303748415743	305.3032599386626	348.7392465729366	164.54708993890793	231.13573865598397	2441.7007565298686	481.85871796307816	206.78749424147767	208.94997136553837	266.81349156000044	895.5274853739313	257.6066569973908	256.49755405253933	115.07712982482367	663.4084666181568	232.3774987959944	124.18143553588091	139.9377538301064	478.9164536943911	433.77922366053133	255.83527442197953	176.08279684052928	537.2005429455481	202.78397781811788	138.90720003668307	83.9090348629309	257.47207502135194	318.45193132688763	232.2933506862898	254.72544282734845	108.32697754117358	543.2321989269957	242.28348997754307	174.94900390735344	126.1367227969494	90.72629953567748	571.333139332718	231.4234917688631	135.1632507528256	186.46389484267817	65.24720382407165	349.4171770857884	65.61930984954637	379.2402086942371	82.27981152770708	98.03281414613815	286.7240332307981	103.1771614268505	554.0443288859246	326.1408284373481	64.22209415417005	351.5092503712389	133.29186223428323	114.32038508812131	389.5318505077583	79.1063775243973	274.3375367910808	425.082571880089	151.0016726079462	309.2256964068335	154.92181125010455	254.30309617432607	244.19683243526617	181.7539800485614	320.077103760679	508.70511929406257	64.06092765771491	365.38735444405216	404.1205535751519	76.44183650026582	119.31066644061272	376.1657247605401	190.6956081731867	174.5702487099496	224.21467556383178	161.5908728760852	243.78289281482085	533.6763827292649	167.12362558757786	369.08009714039105	86.96852332949142	50.29640413982937	274.3322182479702	57.335578718438896	239.3314878376248	335.6774023887368	336.8500667327763	129.32438649985076	265.7503573333031	79.5158681392778	48.28552524170473	109.50014818138735	112.2615640116825	572.5461592277359	138.45621020361762	942.5565612138258	85.24497173513113	62.00401031725174	225.2892533887507	289.2182497029351	94.47767625443632	1472.4889805299508	661.3433569507031	273.7507985633105	503.9542377680306	401.8041312320546	427.1519551809926	190.19457015726687	140.75028074850042	208.6124268089229	506.3426538086107	333.99986916011915	675.6019392045713	115.85826233676997	481.5514106417079	258.0516423499348	335.69760383906004	179.86681095482052	252.36008984003442	283.33145804583813	233.94559359648397	429.1155488370988	370.9626931979197	228.9642139569911	1052.1524652456574	297.987448581602	2438.504784863164
PWY0-1415	327.46567294328287	272.89870495016083	368.2939296132803	264.7212345675202	411.2807219805036	441.8089166449863	236.58064183435698	291.34050382927495	1208.360787920583	484.37854755739215	240.34358827336382	267.4995210346041	300.99659594953147	551.466345408635	312.7171097985941	295.1719468295247	149.83914396186853	312.89908250349305	270.76525102755215	156.51267589140826	179.34635670618655	429.6293374649532	455.6211478025673	327.6131694126853	222.22498549824525	366.0168667584236	219.29171757530838	191.6920927595394	124.38294832738082	258.75645709355484	322.8852484888341	254.97630877227618	290.06700033385465	138.3868473919801	481.62404685583004	280.2556046035889	205.9024134771346	148.87161780195788	111.09974460809141	455.1615150476926	261.70396340786596	191.39156081255138	217.553538863009	78.06671351475902	379.9899541422215	88.60730484156576	403.10882066404304	137.73406524262617	125.37612344836322	325.2643697336766	136.0742899338393	551.1047072802091	324.4323380579778	92.30903716308248	326.13696429712655	159.23935753093102	166.35736232350214	296.3379271961625	91.9217742082947	358.1190831758783	402.1011883704433	172.46305823574085	225.39910005191996	198.99902848930083	242.88008899005175	294.4437761521988	246.49392227956926	458.1551409205338	365.44077170890876	74.95899595614154	129.76739539012559	354.08490290347436	95.80079513887867	158.94953969945811	325.42037779080727	216.62495020973768	200.16519515641463	197.38863172906693	195.42870248984156	298.9746452598589	371.65370210496525	196.62045545245476	369.85760862082213	103.82865977741388	75.90565673673345	265.9935734664356	85.91418593132431	340.5302628483376	358.28966134605395	350.07933697867156	155.4395725442913	357.1985433817498	123.27556554342735	56.348374336148964	165.69390551675335	140.56259198597812	325.16182751004817	184.68100828179576	371.00052317906153	115.52226730377983	76.1115884795346	253.3709261814522	327.98042977239163	110.47818268239725	567.293401818455	689.0876093230262	290.27432292699524	513.5321479661845	399.33943459777123	497.11552725457017	213.022239573642	151.25919051545054	223.96654947460496	485.4862366592428	388.6781797227844	505.7855421504455	151.42490529629532	483.64084801375594	267.82653216400803	355.39836958283803	228.8050037219897	294.4649403889558	312.05109045755245	274.38507476199436	470.2895580404562	338.01258429020857	260.13381473799336	847.7810573615596	336.2649699137513	751.7468520048117
PWY0-1479	1482.5386809540214	1219.0730412157448	1232.4319224376138	1121.8720971837565	1549.0390062652891	1460.1381324967724	1194.09103040058	1460.923880409799	4997.569511561086	1317.02856616338	688.431810471141	886.2316636427768	827.6534969396251	2285.9136098966874	835.0498881300247	869.6846706752808	556.3710875044801	1860.5682964004347	785.5547265452313	518.1859173760311	645.1539478481966	1203.357402041938	1173.945644593539	1232.448315602993	776.5670143768325	1323.9448076619508	605.090376430599	602.303550265163	697.5071045555563	737.1000784511052	900.5390080279657	673.9762181823938	944.8262559626019	518.463726101279	1737.672992798478	825.7011418001123	613.539039069655	476.2244544631401	436.22982122927556	1754.3619736740243	742.7187185984637	719.205143000926	682.091234628643	271.4135521914014	1025.5940417163379	389.6446398124362	1095.9049975897228	1056.5242458219764	404.2396282561179	970.8940831167972	504.13973577129576	1768.0113511343454	1036.886265867796	460.9976858064827	956.1848065011487	488.40641404955886	815.2570474494715	1054.2269265859275	273.29072082714623	1326.169873879383	1201.108750148668	502.7922760002814	805.3566536831437	676.0983393350842	679.9716889627495	917.1992430929172	896.9680562843366	1810.312328508456	1253.8432477812464	270.1905264981687	1224.6954088156356	1022.6795849592004	354.7739748663619	594.2083514336656	1115.4743507784347	652.8102723420981	641.8687100343833	665.5408360866729	609.3741634345186	867.0364380413034	1228.0621594712848	640.2428792701736	1036.2556593007178	327.7576284770357	501.3505798006211	653.7386059028416	512.9876788979459	1304.4516088445291	1151.0039701402009	1095.1059062065617	518.5631803946312	1565.0135684374222	948.2298470222955	188.96496926204696	798.302338202171	471.5733429936635	1548.5259814618926	630.6586475677749	2500.057890829656	492.03280334648264	245.29290783795398	970.2628817217219	1097.4976656978647	333.20102872056236	3588.537698800661	1834.3022476507858	822.1595517930691	1471.1702325929202	1045.673012806013	1581.9219513072271	648.3980780630432	420.2943536521444	643.9680184689712	1437.1351609407122	1201.407334477578	1859.6166532836367	584.6599744440392	1402.0940863576611	763.1566886761317	988.033665814664	866.0013646751567	888.8410680947834	838.0523990466414	824.0270540779396	1287.473042270712	1046.3436817059594	731.5969520114835	2874.5518643814407	980.5531672974455	5887.155861127803
PWY0-1533	307.1590601771432	266.70517946379397	402.81598258837	231.32090933108262	391.24282031711476	476.91570015819457	227.12402770892592	311.06616874130975	3688.1673561129874	684.8219685110075	263.075011857394	294.7957605767122	330.47024723423607	1239.5792857219947	379.4944759683197	346.6634633991659	163.27054601970917	1006.0328136696484	337.00871377655557	178.25192767886105	188.14471075047445	618.7456839468721	568.8292336730126	308.3278468513426	242.608749751929	750.0505215148736	254.90588866161679	211.63935730592226	124.83555969007573	345.98646631081016	438.33590537829974	323.2908094678691	312.26945759389315	147.43778870824755	733.4590122097761	319.1509861702675	238.76886797932053	176.03942572260252	113.43407008757218	806.7959611286128	289.39119958218953	186.60319042302535	242.1853292490798	84.33880605336181	490.9308205025497	74.0232896501717	510.6919030108141	133.1659476797769	129.4005111526732	370.1099114165507	134.03843618992155	781.310577001772	449.07934787544144	96.38163975508374	477.92637981222134	172.37786313960817	144.13842307461397	563.0495457818067	105.20245827008907	363.98773519555584	608.2890729359963	178.82942168696158	432.1247304811168	214.62168758289707	325.7350316440448	305.1816285802555	234.82255105632277	451.454811985931	724.9672078645351	95.99271932336812	548.2820132075562	579.7858114486232	104.62786326453678	145.32082506841613	524.8429567663936	249.2206912581663	230.5012416027443	294.6150752511787	203.6722294570767	352.1282543758836	727.9235096228505	210.5889367474589	504.7447950033776	108.25101697455462	71.31774988157541	365.16987119104346	63.89963155764177	366.3556601160645	444.4842556018833	438.45224267398595	169.66053505241592	383.1342361481029	115.7374168390649	76.64948347061951	160.7291116246459	147.6991690310818	826.5325725728019	197.23505568960994	1478.2228523797676	95.58320354884133	90.46558019524393	272.0475001908314	394.42120470680317	129.336517270328	2317.694382524181	871.9791400385367	359.46078707713104	706.9931003552264	529.2745789102329	596.2805637971953	249.92645491667216	188.35444337685223	275.8447644575154	701.5001385569117	428.24539045789015	959.2644645002888	155.00610964958747	665.3622881999463	368.44817203513435	445.18722631693714	204.92644462179348	359.55783734250343	370.4019534177028	317.55162191568365	576.8494953148602	510.43139977505615	337.62564557726796	1501.1648589935367	410.9938294304021	3835.513494018983
PWY0-1586	43148.3411545142	38053.687036032476	46222.39697032068	42177.03240920037	40950.89101041524	37782.59042999046	42296.78171899718	44676.731941299164	42584.01642285651	45621.87148217797	48676.94876706463	40549.44946462446	41640.00726382134	65373.58086261956	55848.135357554514	43624.83283354194	43625.67701649683	43119.91373339039	43131.67040005084	37006.682114805364	41060.682106220745	49191.716805119315	49348.5030741235	47216.256574489955	44135.380121567236	49055.74184342772	37994.426272225304	39604.838654212144	40102.52630244877	41517.811348171155	42171.00413582277	40381.6348816416	37215.99999521261	40496.54161636469	48482.086309624974	45529.744418676106	41090.4545109531	46136.49032012226	51931.07334935262	43923.44525698747	43988.31871115169	44195.82670094735	55470.703752310495	31834.38568285897	34283.40950950237	28666.951629668787	36346.21516289546	39029.039814144766	24343.81895967701	35898.94303885944	38692.98318568635	48174.903118514216	45201.53125715923	31392.18566150882	40259.499175894896	33296.6249427467	31094.153725957414	31572.893366266555	36692.80149312831	46001.191648506596	39917.71862247975	43017.47018837423	27516.4493054364	40651.49565783295	35074.85061289382	37201.58538827599	43639.886634599374	47672.41544505312	36735.44224351452	34446.75445262833	26199.798138238995	36559.38782702341	29587.155479933357	30571.532829780535	40202.09598617457	33060.87027436332	27377.37690156173	32906.43056322974	31645.644078412945	35316.55611184769	38168.318011489806	31844.330638499927	35758.93675051384	28600.648404347805	27530.733301511395	24417.572915589873	28711.08889482537	33255.46474133377	33129.73798067577	31984.38119268796	37394.163499830975	37811.21616118463	27166.87510657344	31305.862526040408	29948.604519802735	32040.4754622868	26966.224323596438	32625.720005372204	32753.13994801543	36336.70810746521	28369.505335320322	30912.145821158614	27099.70690645028	31970.413885211376	29653.908803414502	103466.98686173424	53719.31314855198	52041.93975077504	42856.531712506236	57563.2136244416	42484.6853483206	22150.609447909756	47614.512896903594	42696.95599227684	67513.07350506115	56987.62020716592	36535.723726372205	52837.75328922821	44334.245377498286	36863.48128520159	52848.86546694845	41171.55837974051	55067.25899781884	41717.99604435414	67962.78390931254	35326.535750380855	34766.07040985689	85604.7521642291	58175.663223044816	46354.53679386672
PWY0-162	17796.725668794894	15061.939861204552	19511.466677566594	17495.781103732515	17057.00855743238	14677.621279939434	17572.319095382485	18497.930228253157	11664.259086851349	17514.378042861215	16279.798136529324	17288.255649903338	16087.096471300947	19834.59003179213	18462.961529971377	21671.400242527634	18622.915726109473	18976.00485348925	19679.56859637321	16247.038532850274	16445.242973802542	14158.733551563973	18099.02875008907	19430.118271878517	17193.15665768245	11242.022884715907	13740.839479571272	17000.35515990755	14657.063152210374	12140.08143461859	13441.369012978965	17423.927860387575	16020.192998650014	15555.720771296516	17289.34944265694	17650.210127145692	15854.64912408767	15624.063242192862	19534.94692106319	17029.65648588444	18768.029398899427	19922.29748945535	22189.151472946105	10106.014179844195	10371.127475008047	10196.389091482937	11087.285530217623	11719.35114016663	8916.61730939018	11400.556335485755	13116.575930838957	15788.377750105361	14687.065035961536	11703.79447221039	14599.152200487692	13880.984508106834	11810.026949816194	11830.1774987712	13177.607446517983	14302.71818309417	15336.088441589984	16950.900554561736	10375.559884242346	15993.216741579645	8878.639982344803	15395.260990213983	15951.236463536705	18289.260374462705	11781.407503580309	11282.266518005446	9540.281470393571	11022.896603248462	10037.50312259908	11607.841672700175	12739.351698892571	13584.903268089347	10394.136644556265	11099.532829550526	12485.219046621576	13527.566562302805	11577.265053799523	13067.723322384512	10829.599861895213	10048.075050145777	9064.926547010095	7953.962099684976	10189.236954781572	13185.141912989899	12087.06993078782	11931.912866209257	14812.145589917436	16235.338048867461	10457.106406365356	9325.359702082113	9845.285155023923	12130.023712889559	9606.10780095631	12406.020821891925	11640.048043803246	13850.38776383993	9316.794824084835	10737.4590008922	10345.545003363082	11191.551094687677	9293.10405663992	38379.8014023974	19963.44947690336	20826.777113947344	16100.755273848694	21812.911918066482	17644.787617081132	8204.631188837477	19976.303383920345	14406.297251409023	25447.318310171988	19193.37536873173	14858.187987338524	16744.268210516642	17695.448186457852	12960.049807522515	20612.68239887673	15252.27385486127	22870.494278062957	13729.006960090046	27631.11400919661	12530.748019447352	15221.705328389326	33432.82656902655	24591.64264424485	14405.069432677066
PWY0-166	12195.660458163955	10195.338404870754	13237.062837075044	11819.281340634048	11641.845997713359	9915.734484851637	11890.839179187677	12662.414628267179	9229.170847875293	11636.346335290496	10157.07251999935	11801.6970475887	10776.408274758232	11838.603971832352	11320.450630469479	13981.692350831878	12544.498402110674	12470.831053477916	12858.32705655133	11068.708265995185	11006.445238348428	8113.18185305066	11751.102605701004	13099.844084574741	11411.725584916996	5846.343206110749	8847.101791419684	11362.128880212687	9267.305106722393	6990.317038607835	8275.085928707804	11529.57954162587	10998.184031105076	10422.39213280491	11195.54083840979	11708.743899631938	10506.206011843238	9734.702166344496	12486.62135754713	11481.415581028014	12588.95083871459	13850.674538032012	14869.048471383972	5721.634877849581	6024.529197617894	6459.462614376683	6477.0774971118335	5799.289802544095	5814.795978276016	6706.495459278468	8050.329898908357	9855.979208750989	8963.461463744286	7543.7049180423155	9461.480530507824	9381.074906635693	7776.635829826478	7878.473463361539	8441.354642539092	8024.036035098209	10285.207371357707	11270.197329494535	6880.403541698557	10729.18571704325	4935.224684322939	10465.132224333951	10304.64993599229	12175.043191099227	7361.585793721058	6810.624268935821	6349.8505280786385	6619.199164398625	5981.03953555594	7638.908916048209	7816.957154885334	9243.182715752127	6926.5659552088455	6849.7437475387105	8305.64051176155	9157.873929302405	6910.915734753918	8842.50976220473	6464.3625370121035	6380.743539017102	5263.330494644025	4951.2908602429125	6502.073754503941	9039.536637543124	7903.7099707312145	7809.568369048972	9858.996778907276	11339.66375138177	7077.362295918759	5333.54779221123	5762.729522524761	8061.429735360726	6401.187205613898	8111.824617684014	8021.5073234791635	9194.684927084432	5636.116359109887	6700.114305868805	6994.287144501976	7124.869078337103	7260.997507277612	24847.483137673647	13159.303024292169	13923.96954502628	10747.141211541006	14343.881733367418	11931.008588880864	5341.246881453836	13530.236592532085	9181.905046689924	16975.45143999628	12199.21875725727	10128.952457413392	10152.150632597968	12117.373879087178	8354.223650926326	13915.969828843114	9996.421390206011	15542.013098482872	8458.747354864414	18795.033862692635	8146.5095784950145	10432.50754279216	22402.85608664293	16781.179686876152	11285.226323398974
PWY0-321	256.7011048374638	215.4245023255304	343.2444870478076	210.56270803582288	355.070371430608	413.0795058908697	180.68763275976139	255.40007436431534	3484.9226961219333	594.2234597158512	222.86144610152903	247.2493140459618	301.5706100458732	1127.4104638386102	320.13773537229014	314.11736122598046	122.64119732514618	884.803102183564	280.4545819817988	135.27600886305018	150.56448999520288	564.1061962315057	492.6068865139156	281.14863091140415	188.56942877888747	681.3776917035957	232.21131602758575	176.0622562321761	85.47957678553409	314.7323892801754	398.91254996876955	275.8247730750235	285.2321082494066	110.51582650400456	666.4329733766555	272.5113698457148	195.69058981420196	131.98320339964675	92.65052619828687	731.3277411892581	263.6515968877768	153.7982856172639	198.02714591561588	67.04607194686386	445.59803172596014	67.84480643507753	452.3192205205562	91.34381380525522	105.46005981980265	337.111652727883	107.28698033434627	708.4441416508671	406.39045854272337	66.07919136680437	423.4768322107093	144.94730713604483	124.87513857825584	500.13727462935594	82.4742991979516	302.6058426745629	536.1289549311438	163.29087315196753	390.9946644816671	169.92393297816452	296.9425159371069	278.10420459450813	199.9466136033904	390.2732122371738	658.8681645518695	66.77217160154403	486.9860840799242	519.4086087319034	78.923111423306	132.56658587074827	465.4832936304835	216.00651985015443	199.8013920698672	263.329231381147	176.0526497790537	290.59230004407334	649.8172772296194	183.40773735316344	445.781411693551	90.88912955219895	52.38698712123973	328.99835632809044	58.666591417891574	316.0049659605332	405.64068083703654	399.0619302114471	138.18816143077873	335.6366576254078	88.78957442028297	49.562341181146955	129.40213011440315	119.37624240130272	753.3758670320574	161.4078988723345	1331.697768472828	87.70013405984666	65.8216514202852	248.46311459791008	348.9390418826806	100.47001100479311	2142.647206525135	758.2160135173597	297.16372800446175	619.6894120370463	462.64045379416854	516.0935743530848	210.60097615802934	161.80632495691083	233.80405225552443	635.9657344339789	363.54624106081064	856.6236556845848	123.51616886268923	595.5716091927671	295.86243974241864	405.1736945757065	187.65232453622792	302.0678868289705	317.11704641671264	265.99187671167203	482.95434316053525	463.31185793616237	286.67183764728054	1332.9730820740424	352.7844747782465	3567.2904594417478
PWY0-41	879.4354567472974	794.4645625903362	932.8928611794059	790.7290522570349	908.8817865970094	1263.9818633967852	917.0201264515454	890.2450114414256	3692.1988841384787	1417.7016034911424	1439.1491938698675	1333.1945972837038	1139.5107748891805	2707.0614549766783	2408.5872102004723	863.0290932561511	933.3157127259933	1161.7363926087992	1186.4185272592872	1267.4770573609057	1031.8614539657397	1824.2882285449784	1339.7201536599812	884.4372230661514	1428.6225908776023	1538.8387304269218	799.8356066857431	966.0801992324325	844.6928804952761	907.8103336475725	1493.7551461637677	939.3654644764149	889.3473216708966	1341.9590012766469	1120.3605698030913	1058.164841635689	1293.8002279683365	1359.9173714482065	1010.8978658451946	1449.7558215811018	790.0533028671917	890.433193897538	1319.7419614054354	946.8724560986664	1129.7176214203116	621.8053158027686	1189.714218379071	965.9410572562626	498.54012704413765	1191.5240316745928	822.0537021912525	1281.3168591498634	937.1260485585216	970.2311600570133	920.3308048701581	602.3689682246289	670.1605910305991	842.4446198996449	890.4929359712436	1875.2241678999426	926.2709913168513	746.6434382491026	559.9619161571226	1115.2172378364562	948.9077829909271	865.4865154482428	650.4023581486998	1002.901638368104	1380.0691803631908	1238.1150180477143	734.2521207364085	1058.3149120546427	1023.3671866156384	700.6097827758514	993.2654959844978	731.7684638618858	740.9622051924329	768.0099543498986	765.5598077507377	629.6892839037198	1118.3952717590632	581.6940088797431	1337.1395035547143	480.2028413190259	476.4878394428191	1092.2952771849302	795.1559431352912	909.1814467984032	1153.408506901001	846.6960881906098	844.1131496115237	889.0253838023342	791.9613935413163	1354.0457678581454	953.3329065624418	622.531228366542	1274.8687759685415	584.623760110123	1726.4326545583951	824.9278401394832	860.9485624987444	1183.7504986884614	651.5431790122121	1143.5224993877418	2167.692611555827	2163.319919166335	1760.5545023072318	1398.2324561060948	1452.37853966891	1562.8208365235296	1086.3618578144435	632.4980784761934	1237.0304267724425	1212.3586028291986	1562.7245762984355	1497.006089265141	1067.0308192074026	1645.798803282486	1295.7881716219056	1078.3591144717614	1250.977526832254	881.8132349312802	1329.0561898974904	970.1677024563239	1916.575445627973	884.5592779058	1087.9821626727685	2375.6198962992676	1446.6022682788182	3565.5398293690428
PWY0-42	197.27740588876847	165.18080581689964	264.83272199456803	162.56423260553794	274.8938560209011	318.3048900874853	138.10904980573306	195.8909744527058	2590.0116913353795	458.2668545797222	170.53848222547416	189.72976162933847	232.2674315400705	873.8280003434362	245.51212787667077	242.9880129332307	93.17574655306042	685.2430742949947	215.48833866797236	102.86500186955062	114.84536577380715	435.8435918687532	379.00600257899976	216.68790057183207	143.62832306243757	529.1957370411125	179.2636823834874	135.06082971714073	64.5360161801833	243.58633283034163	308.524037603354	212.18968484726068	219.13183688067917	83.7297975340597	515.9956662139007	209.05957516681346	149.64480226490105	100.14673852050856	70.62895233705233	566.9787160472184	203.30232726128895	117.85516550686087	151.17338065595166	51.00666116530606	346.0630999193665	52.055243572484706	349.9728904646531	69.19831538505304	80.6539503487841	260.61214015988674	81.82577291943673	550.444307862511	316.1700772462394	49.92217620241659	328.02171540944573	111.21501003853126	95.98671879773607	388.2777791678985	62.764113894721575	231.87786412328614	416.27242137073046	125.72920430077117	303.9264744085188	129.75950313574455	229.41595675522822	214.4165733449701	154.0003472635021	302.7680654132947	510.7938198923382	50.47243754408255	379.3821582124155	403.73479552072916	59.89029156540224	102.19173701151044	361.38644470531636	166.4855687435585	153.82748838880855	203.64992066296864	135.32886004313977	224.24017067450163	503.41996370469525	140.96643785278997	344.0422588079666	69.5021749630142	39.7808220122462	253.23428372252337	44.93612984723206	244.85484818917521	312.4876694133652	308.2169453930585	105.5880573364825	259.6084754197114	67.69713912735541	37.28469341995532	99.03333781300931	90.98445878824312	581.9920224626594	124.24799009569247	1028.1071935182335	67.20031592882317	49.926635119768164	191.4141312024005	270.4888045958827	76.42890642655007	1602.2222760868187	583.4385110207314	227.03470836616643	478.6099534783105	355.4028815902036	397.1038015261908	161.10254075787853	124.13819227492972	178.85256267867157	493.87473137193615	278.2779796843816	661.7181521071997	93.9995440427976	458.0394294454261	225.86987943629444	313.09383522600893	144.05232636842416	232.17328157036363	243.25735330705223	203.97754329493478	369.6713282372811	359.0395547365111	220.578824693495	1031.1380193229165	270.9379171332848	2640.9778122073067
PWY0-781	3991.5638912582226	3206.154774175119	3414.701426047363	3305.7862636720984	3171.8514436580963	3412.193656532965	3139.441063589512	3892.3603138473686	10506.988405181448	3647.7888915251115	2686.1372704614855	2771.66117083453	3122.2800334331146	5303.394929484082	3126.5639447593176	2716.926283833553	2655.659271638265	4136.123447391744	2787.2839350333406	2635.956206434314	2748.6734844352873	3136.027716743582	3684.380371455655	3055.2969913202846	2621.731740449279	3142.5639045743264	1753.9919546569831	2158.096681806911	2549.9415165863543	2126.422906518101	2431.0142196209285	2268.8953454249577	3000.0725768625593	2948.626819393521	3891.4256455101563	3383.803804521283	2790.6838939098284	2455.9881488493456	2678.233212559098	3812.650238666726	2472.080622257957	2802.0255419806067	3033.557818041121	1469.3368305847828	2800.8611853961315	1492.5168047430207	2679.3221054565324	2687.7565505401235	1514.858481534531	2575.2998244705927	1959.8439384651488	4082.976989709908	2554.9367393686953	1875.9193872900883	3013.7591119479625	1953.190153824595	2157.4055730015775	2923.810493804482	1388.93679252361	3114.285734730792	3422.511265666844	2150.8164334250037	2379.6858715818707	2636.1597801397297	1765.9492311515198	2944.7518989194828	2922.573750240242	3636.6492651358244	3231.48081589438	1402.6042378935356	2802.710424215611	2547.230088040928	1468.8226315052052	1953.6900878713611	2408.93042114519	2265.561298576001	2449.981063641726	1798.542050352671	2003.4680514074619	2991.2776965854405	2878.2168470396705	2135.766132171799	2752.330483343817	1564.54825224251	1594.4118427159162	1861.4581680446745	1981.211560114057	3334.5303721126893	2945.246489562358	2480.9111433064095	2089.1882035254835	4182.186742602971	2929.3949120182065	1073.5344870375504	2089.2185244717516	1869.2916789110845	3239.921309171817	1921.096952898286	4700.5933928403365	2005.6176369429513	1299.6695040540017	2455.364935983694	3022.725367208197	1540.5350391162904	7303.144041140922	5928.9098586505315	3999.1913751251104	4251.134084355365	3385.0607679400314	4392.292220985725	2984.8206567948587	1408.3866920801577	3834.442358454035	3605.2944639956595	5586.01128609827	4986.7386869896545	2891.0997863313987	4232.6185220544	3946.5304690577714	2704.726694530335	3933.0462052175353	3025.982960659875	4138.941917729624	2453.738172220353	5879.886844806463	2931.2323591754525	2560.7335356675208	7537.522032424964	4339.586192616229	11632.652133429245
PWY0-845	11841.090473019822	10746.207305531269	12941.852662520188	11649.086037246854	11344.116080128886	10437.37477356516	11875.52859456438	12351.79616687667	8549.945938951492	13564.965420575778	14115.465496770581	10834.923158041278	11755.340234190606	20024.474158996196	16195.589398438626	10836.922407421873	12264.758234400115	12546.71457377832	11618.859725820837	9642.74946995275	11646.804631303074	15131.830799235777	14553.959438259777	13497.307837994846	12282.456268822976	16054.37781154156	11779.418682057425	11028.397456277498	10005.696142338682	13611.717823024826	13128.171285279077	11591.002273751907	10257.824147979161	9724.022213784	15115.015724799927	13445.20542038742	11738.788709014363	13329.259250010437	14696.628931093464	12885.225042191	12671.424025114304	10965.594026325363	15797.663151481207	9204.697117640919	10429.990225185735	8475.06305269402	11008.352881560733	11061.92781278109	6900.8014761957775	10707.334144962328	11008.689226709459	15057.116051564672	14542.947129835746	8433.126942592335	12417.332327662474	9201.732462785478	8797.86847304215	9620.816721627902	10609.132816923595	12655.256508338338	12023.763657632278	12419.472422318777	8538.718673666006	11249.352676177967	11407.020725182543	10404.510201454119	12540.37933708069	13485.955397811129	11361.471936575885	9865.725682181017	7712.399499780028	11639.622809070928	8182.628430427381	8760.223959897725	12909.251449540054	9153.5023379892	7818.755457911439	10300.236970685874	8805.961758869671	9907.252445246571	11932.71863557474	8987.510287204825	10941.156287895254	8159.718215130728	8019.44614720948	7136.318896789872	7595.9035883135275	9152.717744324606	9889.02808974044	9631.006239657278	10762.630491407805	10113.500493020501	7437.006811112803	8890.274624606143	8627.664094908465	9232.94904495305	7729.442138408628	9554.01905941279	9406.656641002115	10209.984389805475	8165.0340713178575	8490.681962252025	7633.79393420099	9171.336330499582	6062.703845458021	31849.17642436126	15272.059458500074	15354.910553625672	12238.696310246805	17172.71521026732	12131.949718385971	6722.316725441412	13488.721716529353	13240.011900280639	19497.848033690312	18142.581577942474	10103.781001731737	16726.97500445436	12645.160871259672	11246.566671049652	14280.084732013323	12688.59739018306	15509.862427174523	13088.68449230593	19138.68914759921	11026.35777901847	9323.73319411297	25804.216339034007	16042.63406091178	9077.974465887624
PWY0-862	11343.949674093696	10285.541609165935	11049.310833424963	11005.835848738756	10617.206654566307	10169.088883215192	10591.942612524406	13266.110174491625	16565.515935954052	9504.038784606737	11368.944136563023	11203.234622494405	11284.490014022287	14300.513672423123	14387.667414149604	9594.312454098132	9319.322838903377	4331.033855587515	6608.256690800606	10143.184520315077	11305.591448114248	10792.645461861952	11013.65744798858	11834.181261147818	11235.950851875597	8798.892016007114	7460.756820290547	9121.394424107715	13063.207481998654	8088.334863333874	8890.160749966151	7542.074568117028	9204.153768150394	14268.485807602938	9855.326501066509	10701.231243495362	10339.180997848476	11736.574869713486	17493.608862690133	9679.892937659517	9878.880125439826	14705.069485086402	12634.71660569685	8868.628780474583	8077.231476517449	7113.154792962354	8463.339051168366	12459.97385669914	6873.827303465296	9437.465206678204	10456.00439760833	10177.591227922167	9397.83201350141	8558.147058220502	8329.720776832297	9605.854279730904	8334.630005644576	6063.895351530557	9977.37143969696	12002.546103115892	7481.441213474544	11496.072358416115	5063.154036263254	11095.74262826105	6060.160060196488	9380.13083705084	13019.994173415502	12489.400659574741	7853.005775924267	9211.908427762772	7507.896358188649	7739.59367977532	9004.340829900526	8413.12847277609	7298.428085728398	9245.574688534052	7566.311328695646	8565.441514445452	8540.49238679015	11066.11905205057	8694.200974130892	8693.753800670635	7229.167535621909	8706.12086611621	9031.255227570091	5730.33924902214	9547.779472884586	9059.655369782	7224.836697314532	7472.992363607949	8666.359909538893	10209.440396705611	8363.520786374243	7224.724977526628	9823.49362252391	8028.25570669687	7275.975774133044	10009.064649064108	8533.631886777044	9529.861744025908	8323.361593616384	8802.69639010912	8772.27649990199	7740.999003963036	14351.996254517826	21482.173474826934	13255.096574465782	9724.987974089885	9127.601634372182	13693.265233160286	9359.437670865958	3875.3578420879026	10223.92237739784	8177.981910253576	14907.224489140124	9195.276310654936	8916.062505486518	9477.895301803055	10200.563274086853	7323.296522555857	14820.747762750081	6580.557459228665	11920.087000900285	7513.440701185989	14293.733945731552	6051.342570975203	8447.456507401057	13136.33799345501	16272.451408320847	22678.980987411967
PWY490-3	124.82855128056131	41.83464820706089	81.55294479803545	92.7824725209911	127.21833020721525	26.393718660218777	161.49768915741015	165.5446862435089	807.3409014558536	96.98204446419419	86.79782558487236	44.383857488389104	118.68603032824711	61.18058561321909	73.31758657640925	136.06679531564345	127.97835942774644	62.2214181003485	57.425766995487834	138.1275004484545	150.11890852054862	25.34564304440054	110.01898503476649	103.27637741194941	31.94229140108955	13.798719426251315	11.998792323707566	180.03708656029815	26.094081686642415	215.03970324950876	18.747263760526423	158.35236417879892	282.18620912470715	31.641287430071394	215.38594723515513	141.00737828332277	175.99974986314976	66.86751340950782	71.81693599583744	68.36445143072324	119.14705507726427	116.59702157120233	86.35589516167627	27.292091848265862	80.3363157023621	30.439310989534324	53.5234514951852	66.56098926817015	25.04131884783377	104.59700098882749	14.698114969829836	223.30369499018917	54.27906886108946	28.191337130337825	64.16662969055929	54.270925888126655	56.51563208900078	59.96224601003249	44.53204844228125	19.19719801726886	50.37894716427463	114.20063187361066	87.65879428564118	108.50278635014836	3.8998594714964128	290.5403629469865	77.2043304392107	91.89032991797941	91.12390214500061	10.648890565426488	29.838394907798502	14.398139940920519	7.799298657454687	64.15514258166868	7.199582872574088	73.14608104326396	82.71530510516075	6.749554577361004	41.53181172699425	47.9778504815213	19.496700083259434	137.80277807033815	109.68658782213501	8.999050540435901	7.799263372887691	36.43139420132036	16.946567439899958	60.41240122766461	338.87591401760193	131.521618109358	50.82740454427127	176.11813505294992	44.8245387115479	4.949735572728264	3.5998539328084154	34.038136991969616	149.7040634456406	17.396960954956363	140.47902538946147	61.015715866954004	33.58659915439924	6.299554495053987	51.56623860079177	34.187732709753426	657.9056104833375	474.64793732430775	149.55909033461668	275.6709240409757	47.532104501207655	693.6441117011058	217.28423218444854	84.49465964138568	251.11135383561486	88.58888447692088	262.75598818598866	691.0997573806886	99.95767084877954	1133.856245277778	243.44617762017472	49.92764046167247	194.4536172032343	246.566699865305	168.7281768394059	281.37790025141675	351.58898360324343	125.85252061004968	147.09444482655323	451.45957351184376	449.88733776565016	1616.1853908244386
PWY4FS-7	17323.2070620277	14917.221162908008	19368.21914967786	17126.20539117331	16430.67565973282	14692.565336557962	17340.992402143132	17682.26138229148	15121.352029316262	18553.0630904302	17256.14803009174	16865.120453103005	16205.909310444866	21614.559343411616	19147.871562522687	20836.36384450388	18712.26628477073	20118.23578885165	19900.25229604309	15477.10413428305	16486.599479563632	15786.002301029575	19082.170741150625	19073.15314745017	17213.045411905667	16145.079478827278	14746.121461293347	17001.11314778841	13300.402602212398	13542.385310621623	14740.485103414829	17757.307385644042	15730.206711974148	14324.454479075817	18546.79366547297	18435.088407096893	16283.02349815999	16814.1230144325	18308.95979318937	17531.292537018442	18893.06101059279	17958.61032744149	22278.724007823683	10154.440510062785	10564.49762721367	10256.229180341905	11537.486139828328	11197.457417974581	8878.765468016916	11403.708945352133	12829.314983071248	16450.931968355617	15024.397154460263	11218.18032355135	15278.6493340937	13346.881091392914	11245.304198751377	12609.079968439317	13476.989332368606	13647.558248543493	16062.132716179689	16635.74111146043	11055.526956292244	15819.77921269102	11343.149515947609	15006.225120089231	15075.907762487848	17053.95348447442	13011.893587267936	11834.69320105285	9331.76510645935	11923.445114870554	10042.972539221766	11338.012378218418	13734.363977355019	13043.573534133247	10368.629778586084	11309.652330763694	12057.962216408765	12854.152827379665	12676.158544486898	12592.187897533458	12002.973597081615	9896.919199372593	7988.979051613468	8971.650544260301	9752.402158807367	12736.850732563938	12960.18405868396	12556.40447491166	14998.086314353506	15723.384873619276	10333.212814354576	10776.986725701428	8866.117911010897	12739.98877806976	9906.48231536616	11726.392436279753	12145.659632691155	13834.957874994945	9369.602976279355	10411.937659898342	10042.0747778367	11920.924411880558	10496.247141414646	40813.698787721274	20909.290877496358	21674.92710011358	16868.40132579232	22072.76888562268	17941.62735243357	8962.43743642636	20517.81183792663	15553.118892885046	26633.750246865176	21274.640482601677	15018.663282144269	18771.38509485591	18079.371353751525	14193.366636221024	19953.550866655067	16596.85610744479	22976.607955766896	14975.547988931678	28422.254691522186	13808.683959889333	14897.49659526017	35620.825226916386	24391.734812099883	16544.958214304475
PWY4FS-8	17323.2070620277	14917.221162908008	19368.219149677865	17126.20539117331	16430.67565973282	14692.565336557962	17340.992402143132	17682.26138229148	15121.352029316262	18553.0630904302	17256.14803009174	16865.12045310301	16205.909310444866	21614.559343411616	19147.871562522687	20836.363844503878	18712.26628477073	20118.23578885165	19900.25229604309	15477.10413428305	16486.599479563632	15786.002301029575	19082.170741150625	19073.15314745017	17213.045411905667	16145.079478827278	14746.121461293347	17001.11314778841	13300.402602212398	13542.385310621623	14740.485103414829	17757.307385644042	15730.206711974148	14324.454479075817	18546.79366547297	18435.088407096893	16283.02349815999	16814.1230144325	18308.959793189373	17531.29253701844	18893.06101059279	17958.61032744149	22278.724007823683	10154.440510062783	10564.49762721367	10256.229180341905	11537.486139828328	11197.457417974581	8878.765468016916	11403.708945352131	12829.314983071248	16450.931968355617	15024.397154460263	11218.18032355135	15278.6493340937	13346.881091392914	11245.304198751377	12609.079968439317	13476.989332368605	13647.558248543493	16062.132716179683	16635.741111460433	11055.526956292244	15819.779212691017	11343.149515947609	15006.225120089231	15075.907762487848	17053.95348447442	13011.893587267936	11834.69320105285	9331.76510645935	11923.445114870554	10042.972539221766	11338.012378218418	13734.363977355019	13043.573534133246	10368.629778586084	11309.652330763694	12057.962216408763	12854.152827379663	12676.158544486898	12592.187897533458	12002.973597081615	9896.919199372593	7988.979051613468	8971.6505442603	9752.402158807368	12736.850732563938	12960.18405868396	12556.40447491166	14998.086314353506	15723.384873619276	10333.212814354576	10776.986725701428	8866.117911010897	12739.98877806976	9906.48231536616	11726.392436279753	12145.659632691155	13834.957874994945	9369.602976279355	10411.937659898342	10042.0747778367	11920.924411880558	10496.247141414648	40813.69878772127	20909.290877496358	21674.92710011358	16868.40132579232	22072.76888562268	17941.62735243357	8962.43743642636	20517.81183792663	15553.118892885046	26633.750246865176	21274.640482601677	15018.663282144269	18771.38509485591	18079.371353751525	14193.366636221024	19953.550866655067	16596.85610744479	22976.607955766896	14975.547988931678	28422.254691522186	13808.683959889333	14897.496595260169	35620.825226916386	24391.734812099883	16544.958214304475
PWYG-321	12870.863699584945	11669.646085415588	12610.269998501164	12490.485711484838	12044.611829088732	11536.480375421026	12071.021456862203	14941.800579025341	18128.808770527878	10958.026141385963	13054.581493414442	12678.564983197963	12811.132688312708	16487.00368502661	16447.437353689867	10970.404249796675	10718.34618386347	5117.317660914655	7707.176508763079	11487.625027411805	12832.370998306067	12457.62958245245	12667.427904096541	13485.270159381667	12818.993615942916	10252.650038791047	8639.837921290045	10445.208515875182	14647.650835549206	9382.429120541037	10271.497492662573	8729.712441401542	10500.739000550988	15933.961106904326	11386.13802296492	12268.866955015972	11805.028474763538	13427.340826293783	19584.742980386894	11114.532417550798	11329.890071418135	16327.530899074247	14499.40953075281	10095.979304695915	9272.52101188245	8134.132833348668	9722.808302747499	14051.145510709077	7785.235519775841	10769.80834052009	11892.563054586391	11737.692801197518	10858.088612057323	9716.538647570913	9615.65695102254	10839.83270889016	9461.956615740364	7017.420294849678	11350.016997342034	13699.965326205622	8661.5042243506	13055.769962897257	5871.180074544012	12585.380591697505	7072.974218933388	10674.75418538255	14677.143898552933	14173.02343488239	9059.038025004998	10504.833954572987	8488.247696541175	8939.381135842972	10186.423974652333	9541.146576463625	8484.02608521866	10445.532277458877	8581.343170533713	9789.057852409753	9687.681911612459	12416.03285162927	10007.75017252292	9855.328127392459	8367.572037665645	9828.54148644971	10161.888136442429	6582.74544538431	10722.997064309353	10255.301778511692	8319.46653235786	8570.838720908216	9932.627535208901	11549.39255226532	9417.721937544662	8323.639479287935	11057.597981555034	9181.254429498827	8258.54550937137	11270.652493730717	9682.831600541236	10853.72127147059	9435.330814524383	9982.535997136962	9823.93822983526	8872.312734672736	15197.513621646927	24799.93876410617	15160.793726067297	11259.570132411673	10510.136574523804	15676.309810324501	10750.589490776567	4508.417445713226	11757.416626725506	9473.012080067272	17141.56572231352	10730.971059534088	10189.235292272113	11025.59921652246	11691.841452429464	8471.286608635519	16755.77728019906	7677.01635883221	13691.572030678797	8736.763289859207	16452.38024146421	7042.455933236155	9624.606639857426	15332.476732222436	18393.254411539605	23901.16744513974
PYRIDNUCSAL-PWY	14662.208586697176	13168.66640708973	15849.51060567395	14451.975169003354	13971.443534768241	12912.22913625693	14757.022003154603	15401.813612198379	12765.277870408425	15929.643638177318	17096.93406142836	13922.010947132254	14462.856304152718	22580.319377288244	19558.21313895659	14233.385722483818	15210.038343934177	14621.612040358494	14587.342360902852	12447.765303305197	14496.518685192887	17275.97144771695	17258.913943604588	16539.048295932516	15324.233581380831	17215.82885127199	13598.79215653764	13858.12949854282	13503.919797556322	15028.527254962646	15026.150266992037	14095.608967817838	12699.605409702834	13591.083584023823	17203.21477989937	16171.728807244655	14578.14157327966	16409.43851796322	18391.301846473354	15123.74446542907	15436.9454293279	14621.347114084861	19339.034454631314	11202.613435294184	11836.0410163295	10145.173791426065	12623.022290407658	13330.520185931759	8455.1897682077	12514.630856979087	13353.037129484042	16861.49447014884	16143.374700219043	10733.087851234397	14120.820555860148	11403.029625262414	10790.613675542749	10906.055336823822	12855.46626710558	15565.295816419117	13719.168732830774	15017.465144778362	9613.677082052278	14079.470084243414	12547.82191147606	12837.738082487449	15122.650500815742	16205.380400494543	12766.686021726062	12156.142652201317	8867.572380870402	12840.405691036323	10397.662902767821	10635.680487527181	14273.593523799527	11411.935157983366	9483.921579954758	11722.625686238975	10864.845434754548	11935.582795251736	13279.903534051766	10953.16690935686	12522.63217430369	9981.370082847541	9626.928481087725	8489.161454305822	9903.885329673267	11189.554987561221	11718.903581838083	11264.089892528873	13112.714645240709	12484.109781350378	9347.859146933411	11128.038591697157	10421.446794905913	11352.347478782132	9002.480918421004	11357.362440005787	10500.186941040874	12611.045048040125	9953.059753457286	10513.274084508887	9226.958891903267	11293.639547801506	9295.749699359592	37117.41606220383	18824.055849490767	18216.43016827955	14735.704687041307	20375.678536189567	14925.976630819494	7911.990933783005	16600.126028578637	14922.117811644564	23650.13765625379	20416.39053286249	12664.240230703557	19367.15349238648	15495.32850733112	12991.892351488523	18136.42049031543	14674.44879551685	18862.27303633431	15043.983883724773	23646.184063272427	12508.34946912835	11967.924428947385	29645.145662007395	20310.465226542314	14756.725885412841
PYRIDNUCSYN-PWY	17037.643852203364	14795.738805742458	18978.195261629546	17047.910966749332	16212.096727075013	14433.163312938466	17102.527397925838	17657.613758901825	12291.565402103257	17910.30865256254	17762.808686707365	16705.652396007343	16041.246667019217	23392.647343982608	20948.475666148246	19955.431984442424	17952.16091784808	18468.499247721888	18954.213056693516	15193.149386769726	16339.42032553845	17531.1235006999	18642.246809660002	18711.84388231281	16976.769864937385	17229.580790813645	14977.8338724712	16896.594233866996	13531.838449658037	15593.879810407363	15989.478993091237	17174.74155606099	14867.91739356106	13969.958059692062	18372.48667245431	17992.782698040573	16357.073118284925	16763.148030232664	19590.781403076624	17064.09924761142	18327.505023260797	18259.903876186872	21766.967018198327	11225.801227879294	12325.989976006342	10777.160807220042	12978.452246731575	13282.451877652902	9032.56388531757	12952.083036019312	13874.45677152938	17823.854358301873	17284.882534503708	11437.954095047817	15542.403441763	13390.218326487506	11837.546935369543	12298.875096565147	13849.319788084933	15639.393627158486	15661.76916699537	16989.73455726297	10829.073853593918	15981.273786447828	12627.545763202303	14811.257695836124	16413.303015393565	18052.939649374002	13531.957124470418	12653.337125319895	9702.174735647432	13500.985497049287	10428.919490738299	11811.15611015287	15130.098214970807	13188.490424993613	10500.445102946309	12483.451110172	12201.837204905049	13302.267042242816	13587.197727054714	12521.835501157648	12925.670954672303	10421.059665128667	9843.732721512617	8756.208231638138	10266.019438471203	12902.61772907963	12539.164249111369	12177.283737589283	14810.479015110943	15268.707658162026	10518.381286256437	11038.622715913283	10787.647176379984	12158.886645699436	9614.018310136644	12604.826106036546	11495.801347332015	13623.761874338325	10435.373926635424	10892.087860562295	10162.7787278957	12023.957114061695	9518.519292674451	40569.984489823444	20366.933580967514	21006.45260669178	16033.822956133514	22330.592148574586	17196.394733821722	8618.525016407983	19497.29838059283	16035.949326221265	25655.772703846964	21525.398446898635	14173.59130198422	19862.30778489297	17230.34309014533	13975.652201509269	20037.862450667046	16266.841037332179	22086.849284573676	15686.36284219088	26966.499767032634	13644.095372878312	14658.521708581455	33886.398161743855	24261.79218201848	14711.876686582522
PYRIDOXSYN-PWY	13747.220650520941	12264.252197083131	15616.717954546326	13922.109652899775	13219.746806237503	11595.162210253018	13900.304525605634	14371.777240362111	7653.199871290415	14852.444292921562	14708.415857726175	13115.786312800763	12908.260124813403	20545.421115790956	17303.31387583821	14642.25484218654	14117.347971266168	14975.431282851207	14689.912438645004	11294.785371705571	13063.253683597435	15318.47295656496	15398.23038616388	15400.237400519267	13425.011094352762	16272.88429765737	13122.530052979571	13640.243589516615	10036.394615266869	14392.452474829277	14078.879417875938	13840.167463601892	11428.571025074183	9571.95847321439	16111.819070333095	14759.236967488727	13196.393909647812	13567.642965794937	16121.467694150231	14482.988412550332	14955.804554911943	13948.048652196829	17565.719075038607	9291.49389767338	10869.772916104563	9220.272457235022	11331.617578974265	11338.55445199435	7464.883144281214	11123.562105111456	11555.812369653639	15981.43275547993	15907.109899564313	8923.343098138272	13556.230312650825	10799.174625041727	10020.704393891741	10562.42404878331	11408.503431678468	12779.009416397204	13383.60882029431	14180.913406844418	9424.568166494892	12860.865026956439	11603.876171006288	11811.100761247006	14010.155730695737	15472.05038100084	11814.141737851558	10211.158501639013	8558.467427115687	12301.550310653642	8263.016057427298	9953.089658583633	13890.659047442017	10790.488642498085	8643.761634487228	11063.925384864076	9878.885975871286	11162.497151900734	12139.358028441373	10147.14500328793	11157.847833014184	8667.139411420336	8495.275283740648	7128.0378311368	7983.999864358112	10715.241578843421	10253.700460867542	10234.788471559876	12118.53891651834	12121.662348950238	8591.203268881358	8688.086701104512	9106.461585867773	9805.998304286943	7969.832480914756	10785.121371313991	9789.55891732091	10955.10669095845	8618.425591300642	8834.547908206703	8424.791111475977	9724.098174012131	5928.832322649954	34658.43377281128	16084.488553093579	17465.648608377283	12807.274425644913	18606.313383892855	13497.6638901878	7147.935007335416	15087.911924575661	14183.473319071265	20760.625327942053	18831.273746533534	10806.70048875752	16842.62796073731	13514.303843113603	11945.959730923514	15785.792825994546	13873.710760359292	17453.877365504388	13653.258229248875	21031.459414134326	11902.069776627712	11452.548230590333	28375.749967912052	19167.868235806527	8577.148656494346
REDCITCYC	1315.9905376889044	1069.022285105352	1564.3203268960876	1279.0513606492684	1413.867403069075	1483.1826358381231	1196.5399523209012	1153.6926052082379	8297.808648077074	2153.771161484274	1621.6102260310574	1124.2385596205131	1498.306123204552	3646.229129933706	2322.2729066252596	1173.6038453853143	1032.8772254133482	2633.7091828073494	1419.1012417607467	1156.081419873782	1116.5830313660679	2284.9394720014598	2271.8672612996334	1387.4603348911883	1449.7917762484035	2637.2083423217737	1443.7136158416636	1299.8523241080757	1578.9999755674323	1197.842042330834	1767.822029938558	1307.0946562327538	1301.3781314310418	1570.2650079734185	2174.7334855206855	1668.2309834535731	1337.2143336534837	1263.3673419904226	1382.7562138380167	2345.707745980552	1546.2044349275045	1405.296505188401	1628.337030724764	1020.4204568609456	1637.7173555815016	786.0900096476724	1573.7873757194475	1260.2635270782584	805.2053070632761	1429.3665785880723	1205.933610614563	2282.1108134600904	1574.842177976193	851.2596163845068	1668.2635818327292	1132.582847882927	898.8941178185114	1588.3187783417916	1161.517372364381	1712.8395340157913	1758.5996417719223	1230.6754383413854	1331.7848176268128	1349.6450471911003	1657.2399957496632	1304.8667576420391	1342.3477594219228	1517.6675243804596	2279.6457327143876	946.9574150852148	1704.0768542862875	2011.648343575593	958.5854377462801	888.7402123772295	1703.7405730063194	975.9747294699828	904.8464226506668	1512.8661267008292	937.8634063893843	1715.203649010494	2410.324814656699	953.9370107465841	1745.9017314850087	990.7020368491028	772.2578109184093	1309.0772050759822	896.262596354045	1220.7854255907507	1593.1209430372842	1454.838993960656	1116.8986529399253	1463.6787258509435	801.5075971970698	1077.487869965733	1140.5408932328814	1183.2586931539943	2053.153769470922	1072.9870672274212	3297.9464468292954	1276.0234196679453	995.2411043413613	1189.734738109197	1203.8454600746131	1086.298700703258	4751.946335369831	3764.183405929712	1947.5607809117957	2206.3647160009755	1883.0977807342256	2149.7501917114923	1205.105283785466	725.0020720801448	1221.5030581360654	1977.1854122107052	2035.7782285810022	2639.5405236072615	828.1398233260416	2216.901525689249	1409.170001006431	1475.2795298755645	1402.617347743798	1182.6628199833565	1617.581688236909	1123.247910196735	2357.4369265365212	1461.3653292643517	1207.8514404839761	3920.051681029945	1696.0905362480387	7640.10719918799
RHAMCAT-PWY	6862.521968875034	6134.512853275989	6220.941217730075	6179.050243268552	6797.143796771248	6748.757604904819	6382.391257595549	7384.544881680372	9621.57892438938	6214.978688663674	8803.528786129278	6846.779076847813	7417.212033693633	9210.516443574674	9135.211824322889	5110.799702685537	6719.6762714598735	3198.6485210249243	4409.856761235439	6727.978845868133	6824.775505688051	7155.838555946771	7745.656970350058	8038.667901074928	8271.236318864445	5339.8762436760435	4374.875600691147	4834.105672264072	11342.624322402642	4417.314416364606	5340.430892158535	4483.041123493525	6112.928674612927	11510.300583078504	6140.984405247774	6791.595517384234	6564.188285255724	8959.019108980308	11068.861229961303	6345.1391025991825	5920.075257393106	8875.65379137105	9465.927795859556	6542.164715182825	4962.389895155968	4889.444951641238	5536.046071671894	7650.09906018658	4738.708396052771	5789.274595167984	7477.512768762591	5962.560104363226	4753.301064649584	7071.604523177651	4854.5441150063825	5434.200749257229	5544.116116739274	3557.6512984314318	6293.300526932134	9531.837205949429	4676.576201016074	6739.937666238755	2856.102044667546	6941.603407812828	3945.046357983536	6084.270848290451	7451.16398364274	7889.552690902252	4732.811959113994	6554.440714940599	3906.0182839984336	4187.7919400753535	6970.054666924064	4983.821789701006	4281.770931328755	5794.565652744986	4493.437231825943	4334.280295028189	5772.228643902589	6238.067819960664	5239.498653826869	5210.777378972797	5035.156681536512	5625.1249304347875	5070.859032757761	4272.700095492306	6492.057275827146	5148.144255067266	4878.424171258966	4629.531554740007	5964.477255304113	5219.748745681764	4185.230882785166	6216.3655222305715	5675.101168488649	5752.972303549107	4710.58033447076	5264.3308108447945	5093.000160756293	7078.865946991335	5121.270902828472	6428.750356321656	4649.539162355097	5822.099885984955	6174.6214451304195	13454.473648390362	9658.214224430223	6365.283294821576	7782.309606317565	8306.513859260274	6830.336713471875	3037.9336774755957	7093.397959894417	5140.292495573371	11356.530486170619	6355.0456866001705	7071.1475664234285	6331.318049090716	8207.311304352268	5063.729536132788	10776.684522217303	4532.736483232602	8699.75228687621	5357.720732228177	11466.74060826501	3928.9013731024042	5602.594662346914	9594.967228686644	8543.374431038377	9226.999361338676
RIBOSYN2-PWY	17584.612977936984	15382.330673450551	19648.895106906857	17648.167077373844	16743.731896534755	14884.554481499796	17681.500820226982	18325.09192120057	12488.472814716564	18415.64352167575	18322.122492468425	17131.916822065647	16442.82602656017	24431.695678494016	21701.531713153694	20316.587686025967	18271.376193373562	19018.02985283013	19412.690779924116	15388.693184761183	16768.138049452362	18299.129011914996	19192.191809004755	19271.092914268498	17390.90802962305	18265.54675075648	15616.012510254039	17437.274135772535	13799.716939483184	16330.592903277857	16665.817772035218	17643.17858969859	15221.922867197798	14061.585063798255	19144.689200545672	18451.65630775162	16768.873471397692	17184.633487326988	20145.477691741977	17705.461820784258	18857.632202227334	18649.422716643778	22277.237247170775	11572.012884336036	12876.440708749755	11179.711025884904	13544.10370099173	14168.189064114857	9326.579907016723	13519.300672019706	14387.861659642296	18649.33409169554	18136.03571573128	11658.818145122066	16097.716293648406	13805.17753278123	12319.235765824154	12656.391454937728	14304.66994273068	16342.299698086932	16067.564190387679	17538.78110676456	11169.58939532946	16462.775736145642	13271.328438155013	15157.437351607598	17140.18893660077	18870.89427612586	14059.22994057023	12953.527740795987	10236.215556396986	14183.860825076497	10698.594127503362	12272.76715726221	15885.181322745797	13550.350600443144	10818.296323375138	13053.770497793372	12537.470528905134	13856.563976985459	14250.529422808719	12906.872024621574	13411.173847721942	10800.799849934032	10410.083978790643	9000.577848178913	10679.977146796844	13414.74849467985	12900.86538524343	12624.945022055046	15194.79894017107	15713.131647409587	11029.478910474225	11286.157385815335	11332.293456841926	12524.32690570547	9978.18622058976	13126.209479668933	12024.569296429	14006.090393700735	10824.733570323586	11313.836960443436	10573.36327808301	12333.184645664962	9969.820225553736	41940.75152230808	20721.79680952166	21626.750967416723	16279.5887297662	23046.49477591146	17413.570112362937	8831.113204461177	19683.542828048732	16684.303917997608	26161.57106537255	22256.58637005393	14280.687910870904	20482.934629263615	17290.777867552843	14425.78330585667	20409.649365604913	16731.73279220165	22374.384596869546	16247.766018004357	27219.17533941191	14096.742280945075	14887.118921279352	34711.07500139424	24825.006267734785	15450.949736841643
RUMP-PWY	1282.9682351445679	1136.6319741864647	1319.1707799774572	1261.481520717916	1267.0530163457381	1867.0618312518845	1501.7683208006167	1280.9120772712322	5482.72797475365	2099.2349059081607	2517.3000666187068	2225.003179234455	1832.5605366947916	3881.5735120765953	4355.876199193939	1317.4851079944663	1683.5285797444558	2023.170180003008	1909.8681030492146	2219.199930851972	1790.6524426073051	2877.3001029115235	1986.6043447881752	1296.8574610899914	2501.802586619011	2142.403343165574	1290.9261510332965	1695.0258439302622	1381.6327711437411	1497.3026091500951	2526.3103958947345	1551.7723227109093	1178.4352182908078	2254.8594250318915	1494.7416827969432	1774.2732773613063	2318.43201473203	2489.001769486051	1929.499902564106	1840.3284087479346	1246.6180364903917	1548.4170775210775	2289.2079277557955	1827.977456264261	1705.959254022672	1127.3561655557196	1791.305828607654	1556.4214794198147	811.3922948365641	1907.1911608079358	1480.6190556464542	1791.222359002785	1416.7040710097986	1786.1864138838364	1462.3349199826632	1021.0911266140239	1073.7780328173324	1779.8485103187493	1704.3330563595355	3081.858760771245	2178.7768869009087	1321.0012251591806	1401.8733993505869	1958.3181436077423	1551.3061671355451	1329.5369113320628	984.0640719114755	1366.6524012316518	1974.9778058375555	2490.3399460203327	1105.1384094611697	1489.9040975607352	1874.672607267722	1179.661867647642	1382.5866940204742	1195.5269450742633	1166.8083487811268	1286.380517297849	1285.4904676827248	858.7513252791903	1365.0767897399464	863.0880704754918	2146.100880977825	783.7084530026636	759.8647252650143	1734.3865817267147	1300.482783190981	1233.241633296032	1713.5907570499246	1114.2731012816628	1552.0649538615696	1962.1293098056206	1261.4771851237851	2645.9450024182893	1636.5839245048867	968.3918741622239	1561.2187523765429	988.4697192062099	2693.7717920523096	1438.4901952672744	1671.3132803390315	1845.0366592370447	1156.5607243950187	2144.620858876496	3444.6739148802194	3455.474466493541	3180.354239006276	1927.9565901871272	2342.6209454679174	2421.3272336478317	1990.3845562387512	1070.2032638258186	2260.8914892276634	1624.9748469196375	2539.9211793779564	2354.6658444152495	1883.3408690825809	2633.5543569217484	2272.6968916761484	1637.05654821936	2250.1901943413563	1424.7557964906814	2285.8522459822084	1600.3342797485222	3209.5126015744836	1438.3163884431056	1849.9677510291572	4193.03542685587	2545.6419790391255	5367.4114865888305
SALVADEHYPOX-PWY	7970.157154128638	7286.787195325992	8669.867332584541	7701.356400603366	7821.280118288067	10734.597431965114	8819.604218552215	8072.145017262658	21613.011585706325	12713.444661839036	14551.332901394804	12200.908508747552	11021.156073108416	23320.729485886277	22892.199110957452	7977.315393197053	9703.010629056616	8863.511654189657	11173.739615153934	12022.62657150249	10445.838644740596	16935.716167468905	12728.489757544527	8328.293874683797	13796.610775423174	14412.236253737028	8369.875408735847	9874.493385917767	9164.180825717727	9195.919180809316	14244.066611897077	9293.15577760662	8126.455149217015	13260.851610489097	9295.755211095691	10767.121139827103	12837.044691407042	14003.562197113897	11550.034146294567	11977.709937808488	8136.189368983917	9301.064401459445	13630.199726599569	10161.93111110287	10357.133535730587	6726.475727469445	10788.10592492066	9881.534403408466	5215.970717793038	11146.996373837896	8975.836659912558	10911.854804745646	9124.773321788787	9704.96441096765	8724.768827178958	6468.848281148754	6610.991720843528	7204.580903999794	9843.679645663084	16990.316305808934	8106.245264726412	8218.953984790682	4870.897790545932	11261.105610760944	9726.726946190181	8218.11384646384	6727.075162746439	8662.437234231129	12172.965961149528	12643.299426683985	5864.935159067003	9926.742766520272	10307.106742397726	7111.05620511068	9201.645907509816	7195.656972140289	7054.081842730772	7947.295056099579	7552.714288493004	6237.441537032531	10027.651405304612	5709.026602414771	12246.952423803192	5437.829814535857	5253.542135705577	9664.440791056042	8137.276445830251	7809.750151709155	10188.384394753022	7388.716605200634	8898.301626696148	7538.649464423234	7441.23757150497	13378.815438923459	9339.916950720577	6676.918067833315	9473.11209482986	6125.956499651711	11519.024440480935	8842.161509240997	9228.610149879745	10549.212608049056	5334.833231360416	11439.12683095984	12100.421870297858	22040.848183624923	17409.620234457925	12540.65604682805	13297.721870632466	14622.637549154453	10953.454882149814	6139.294124402335	12436.820086454745	10494.932512832454	15592.867410316207	12977.88402550671	10366.936596437521	15573.364264375266	12642.409049507314	9912.75343586908	12840.241279062206	8554.77326768189	13303.736592547602	9605.802087518772	18531.055751888518	7809.305659032771	10120.201323006153	20073.482260906305	14459.620446451161	19549.79717207968
SER-GLYSYN-PWY	12430.921432989118	11373.331745551905	12927.81819066527	12119.272181360633	11665.635630608816	11614.747435916903	12339.751629773345	12891.78203131273	14788.947148134841	13996.651741986305	16453.90746388044	11870.27935741744	12875.51772563722	22886.423736049746	19996.768481201314	10038.726976568236	12376.236735506745	11115.1702769191	11468.59731861652	10735.310021584271	12564.529094492951	17610.84781563158	15672.308126232085	13669.825948357631	13939.157142086637	17925.77648095988	12018.199635559793	11411.925995451647	12984.61829454461	14314.468610949574	14617.45635632961	11253.985595347855	10092.948883954601	13022.449581940844	15055.993371207183	14081.095693072246	13195.593212724372	15676.567667089657	16908.764015780678	13251.079949034116	12318.194939123976	11999.36504530999	16651.961980287506	11305.60218609942	11982.356378006198	9360.303599559897	12609.827083572129	13924.986839233728	7721.201704251782	12496.241345760644	12836.27245206616	15805.09283675794	14972.688496232668	10266.254375816832	12677.963606892821	9597.827223731092	9736.756042634195	9663.984093437706	11973.248977539035	16455.07084534666	11954.890543284655	12922.021960381138	8279.716948734556	12623.264729618053	12645.202902939338	10808.741918520245	13723.259304269517	14439.649874232902	12488.096862249917	12204.647366975309	8223.203971665114	12554.070065106187	10408.980475096922	9585.021548842617	13359.305308410794	9718.716522364815	8620.24565719591	11031.543480715382	9617.965171630003	10761.930599816917	13007.113502348342	9131.69364534005	12581.958736887373	9285.682701260737	9361.525893616052	8506.807221172807	9632.834187518107	10001.048214602268	10699.057212540167	9877.730885171863	11347.552115903338	10564.944018099099	8676.465698960967	11692.335261677938	10569.825267162048	9864.154390770025	8672.839430220258	10180.2025929944	10199.298248803378	11314.059839693722	9955.391753821334	10483.532303493908	8327.270201349495	10924.861781361704	9839.03012072165	32315.680095837248	17439.97613419992	15378.234468994873	13383.52443779675	18067.186542298383	12467.446184249893	6989.939150001194	13750.251045737572	13808.353348634655	20807.459135027846	18333.90345044217	10911.981442345217	18122.47000232459	13470.902682798129	11841.350823257311	16212.917470387227	12677.737666157856	15826.280722255413	13814.95261244217	20247.343748464435	11085.95548364061	9929.355918044534	25152.81951359786	16871.272731198267	15429.243495106382
SO4ASSIM-PWY	24078.661991936955	20063.348996546756	28551.057966884902	24622.115324719056	23645.545400412422	19415.79198802595	24569.681631657328	24654.337479839407	8033.293912066159	24975.615497278814	19205.00604417586	24372.735897561703	21194.90434784554	22814.277989136855	21801.787382807408	30462.403742378614	26406.801223040424	28573.99176591188	28803.83165082766	21753.726690391537	22271.371992925342	15358.165261336057	24033.181231630737	26929.509553061594	22595.933688580037	10268.96770553772	19749.988577889464	25522.91397776973	13996.608548725962	14516.351941829995	17500.614190657518	26120.840072340503	21405.76772700521	16120.701690670745	23463.384363459456	24310.953222567176	21493.714522072445	17974.04210884949	22047.220539798032	24039.678598576957	27799.929764497334	27033.2918922528	30385.798734239357	9265.180846521624	10755.239622794981	12416.103507178605	12072.075644309705	5906.781252448999	10825.325295177698	12032.836615387989	14323.080376976997	19502.77361671432	19117.71098934445	13503.189284454214	19930.19091532297	19366.03815126608	14729.598683973862	16627.55591793827	16534.953249990067	11995.234177413364	21651.584077904925	23175.258357252475	14835.61533628733	21332.269475584268	9660.077518685035	21115.53365490025	19243.75297139552	23340.504442025926	14907.834531654693	12629.931910403508	11744.761618299848	13570.796883652672	9772.075656479301	15006.467219383709	16904.281826536037	18603.42213507094	13187.602445997964	13833.806536081454	16540.384047259144	16729.142973718335	13435.130194332216	17821.68990125713	12457.535459436736	11261.378920915904	8092.521537258985	9526.09979370385	10696.945518496019	17314.72636403811	15582.67099973977	16158.243839004272	20494.016475247518	21991.798816444305	12900.893051491106	9492.979566642338	8949.843101165503	15979.003297030282	11732.599503121077	15943.42730314297	14790.202930401649	17424.074962668463	10049.325734713411	11179.960029732876	12679.877574875247	13885.378171467215	7086.348808308128	53739.91770522865	25335.579830787563	30467.320014391273	21085.13621958213	28559.73790034282	24673.187509581872	11462.923926124548	27633.187788002328	19256.71917186954	32967.88720641741	25286.795077563995	19369.88081943728	20105.79217995127	22960.184771555654	17595.09260992304	25561.28020492678	21677.751845585677	32003.877939558213	17609.2614845443	37712.122864714795	17602.170681516734	21671.847745072708	48606.784615379016	34790.8928812657	9931.9008350904
SULFATE-CYS-PWY	17186.35737624618	15413.209241726374	18634.201723333066	17069.173984908666	16342.4091692963	15309.524238705577	17179.76375664885	17847.803257038562	11193.211329805343	18898.014888799004	19818.572892354015	16266.89941270382	16913.45919024125	25499.840158691037	23182.834001469044	17961.104337051696	17363.53515613396	17609.635119516344	18274.717484139743	14560.998987845229	16770.464235415722	18268.701163472015	20393.908813976934	19013.76353267283	18141.93763539251	14589.33250749809	16268.462995534159	16247.157096616216	15144.207279261786	16238.477068359354	17856.66182587179	16330.187547065476	14389.479978981753	15529.742262113377	20011.28343853571	18794.22076118029	17039.851301785937	18645.90893090386	20960.13127717693	18041.892458177583	17817.92391695716	17290.142816230018	22631.356252216512	11325.402551602087	12667.612911958136	11808.544823062291	13792.300872642894	9265.261733216623	9874.145456938953	13680.277611276584	15325.47560935606	19713.57206765413	19100.181293197682	12570.899722954275	16811.802890111434	13541.691891722849	12714.544228593211	12950.474371556704	15275.76046343768	15402.82400379417	16242.509752195816	17759.98171980152	11329.186853301015	16721.414342628697	12277.623380613994	14815.931343459506	17832.84632319524	19412.37971513068	15249.978312310064	13810.52228527022	10704.27997996476	14735.233474399447	11161.061533424323	12632.249964902187	16972.089528316217	13302.28056754617	11114.113534713533	13945.621490514397	12868.360749403677	14388.041486370452	14905.67284743537	12802.63074935821	13968.30844667878	11518.519221939543	9769.1677189564	9956.954122452275	11326.880002890875	13406.298796483616	13544.037457589402	13181.471344128258	15425.573515821168	14608.647519342274	11066.142915949824	11526.432667444507	10811.689024119252	13113.574134674755	10739.126842182273	13612.593094021164	12932.013184356389	14808.879728016283	11178.268547136417	12088.792371868141	10797.366567929897	13281.610331699381	8704.30975725062	43409.6969965328	21971.81474350833	21238.46856652842	17390.279736194854	23592.179346191813	17017.314188801596	9202.439238625184	18832.73223720391	17707.22281405671	27161.08777905516	23319.475922290418	14372.965137807021	21232.41175657886	17552.982098934935	15320.434659477996	20993.42353512563	17032.829061772736	21859.776097196438	17243.491527681592	26982.92722259139	14622.058945105215	13777.757458041722	34573.999286986866	23280.31157747582	12696.306909559493
TCA	20088.540183179997	17365.201281432986	22669.977145090532	20082.272929724782	19415.823649383463	17117.251434995214	20257.41741146865	20865.22291261117	12669.444229776442	21079.99666349393	19829.009565591943	20097.056093048956	18773.003012739075	24671.631306317486	22448.533612170442	24257.07411241487	21503.698481457996	22501.450825306663	22939.67733860472	18286.817474909396	19053.430579780725	17604.36094937079	21510.7629440963	22444.182274220733	20183.229379248693	14634.53319653673	17125.963785808577	19999.738205534817	16168.05113147049	15566.900507099343	17258.807061916494	20496.75728898146	17973.793400975614	16898.442876742145	20922.597348291994	20826.759972557807	18791.34240903765	18717.909512644906	22238.869964961927	20429.60748777332	21960.823008188323	22133.704811406038	26053.708689259194	11894.563315615886	12500.037281180972	12212.85434610442	13452.327628099267	12554.478852598382	10447.427520586814	13460.258306366013	15485.283037195275	19258.74785963023	18466.463041886615	13406.348468585598	17585.627461341126	15937.016316248926	13741.77840021974	14063.655407834103	15729.442477240606	16576.516940254834	18054.984918353413	19830.17230731578	12359.594643774766	18690.29991138847	11711.359340936242	17449.630386502828	18488.236498222584	21111.08151945192	14727.085418042672	13669.377715944538	11149.12878227717	14046.38105091481	11605.220463537567	13597.86445000568	16367.102429179151	15673.991715997105	11988.080030765035	13576.307404549816	14438.153780132461	15494.326171823295	14338.401283321897	14891.353717412861	13460.051455858098	11744.22171148947	10275.928882695553	9736.229550876667	11549.918351682492	15019.748489019155	14162.555427940451	14134.461480491926	17512.664386025714	17737.38497745503	11831.3550502085	11350.728167950369	11231.138949318472	14381.51725423467	11199.175388102567	14449.843096735369	13612.173849297315	16163.579755397957	11081.261896798454	12348.107166765372	11585.802155006037	13620.763106049335	8971.248942032871	46439.64706372534	23569.4786997027	24676.59902671465	19166.061153330622	25288.2179173867	20411.455144565545	9968.037872464329	22971.253804077587	17817.011525793376	29783.00689042636	23389.017744862736	16910.72448984506	20242.09650834354	20312.09124947912	15924.60955949194	23510.80788662301	18423.425370635236	26272.472865475982	16920.2707765552	31908.299559163603	15348.248613930513	17622.18714715254	39588.6112705584	28251.430436101058	13158.669078046772
TCA-GLYOX-BYPASS	560.2732165420798	469.1510614646486	750.3722485441151	462.8299050610111	775.9104942808063	892.5514786201713	393.9221663791279	556.6677393587267	5656.806545795409	1279.1185849209041	484.66756834077455	539.4237097256283	657.0010512874974	2380.5347381733536	695.054695764077	691.6920935455936	266.76731990669055	1897.3386650265434	613.2213248203503	294.06531454569136	327.898378979139	1206.3875393681235	1063.3130018100928	615.478438819206	409.431026712205	1435.2482999432066	508.1456780516967	385.33412092192276	184.73797371449194	683.9199126488718	864.0121925273739	602.547146573168	621.0448018289121	239.45631152955423	1431.7195426315336	593.3136213014433	425.96791114826516	286.0634184524275	202.41625152535215	1568.79822270219	578.0241801618855	336.9963030186201	431.78410849469657	145.89319249465734	953.3320604933402	148.9352360047449	967.0277188723687	197.45568497899941	229.57871924428215	727.7442923936417	233.712551912787	1515.986187383375	886.1237503760797	142.97617810470803	918.2875397989765	317.14402219045803	273.5216693628643	1073.3947405954953	179.66538197370474	653.0306854306245	1158.8083567264553	358.71719193903846	843.8146486793144	369.95675401096463	639.7344821366548	606.8484172473864	437.8288303977567	853.2601688918118	1394.4007583060993	144.52211061944186	1037.5763162143082	1110.7737333667742	171.10154898777486	290.98856301937985	1005.2240143919271	472.2171402622863	434.62689871192504	572.8135250105548	384.4442781420242	631.8881303278533	1371.7498824649097	400.53084785315787	951.6714132212651	198.33363322563557	113.84884175906232	701.0978021625871	128.6377162551263	688.5040810236756	871.0056336720264	859.5739527793554	301.45640159967184	732.6611326963147	193.3150655145256	106.8215709285122	281.1754617151859	259.6370231285075	1552.845677890755	353.1430084667	2654.561243903887	192.35766986437244	142.7632033562746	538.2881146331571	752.2747832165271	218.2514014842505	3616.6456739338487	1648.9255598829857	644.7705947032226	1340.757685654972	996.8868323944614	1117.0617204908763	458.9632615358555	351.05548611935706	509.7379600171418	1363.1363461496776	790.6084682388616	1824.8315058332373	268.67182530343166	1273.1806905210378	640.406368054004	875.4428631496252	411.20087094807076	656.2299829545606	691.6946054287598	576.4969533270965	1047.800251693453	998.2170709404114	624.6380897427208	2861.166006269384	770.0443857804171	5813.897890630156
TEICHOICACID-PWY	12766.541230152723	11391.465675208732	13879.148702183824	12705.084937234598	12298.15568365524	10999.011507766518	12883.731016228074	12742.714972244128	5338.766837727226	13882.454084010817	13826.539336406773	11845.38955311667	12416.740354025746	14646.210148979391	15230.675906581053	15167.655455838187	13322.581994562228	14491.91529902655	15044.829301535408	10827.775360434529	12508.305131579824	10441.116513029341	15139.672721480594	14516.20622561148	13039.722126574054	6692.39157185902	12174.773858302266	12520.371124427167	7607.945734445843	9848.180367593812	11637.68328807158	12875.70306700799	10910.519843677379	8397.103818310212	14797.634695500543	14280.46342133908	12652.10644596328	12917.331973678236	14617.347583888912	12843.712280624864	13835.085009621505	13244.123618686008	16787.992893900177	6926.341466869871	7494.28850782892	8443.522095453432	8290.175112053517	5460.256237240832	7177.435428127345	8329.345726439655	10475.433578045655	12787.735758856212	12493.433219734723	8222.282466566045	12327.14016980891	10034.143960290348	9258.951975787559	9543.026320451178	11035.566987217202	9146.150444961435	12095.27971846853	13294.12788819801	8549.760383359588	12110.04532142679	6676.032489200372	11248.814597898625	13100.308434684312	14093.360305791792	9531.391036735966	9227.939806019633	7214.400302279348	8851.45251772721	7223.677594418449	9140.775348511474	10944.101066364212	9656.70388866832	7919.105250753347	9115.635406889993	9407.893127251404	10203.730650773261	8656.850620064553	9505.415292541998	8418.326222723323	8143.57859989641	6086.396659937903	6348.820469950727	7624.923495126777	9465.262376595087	9836.31815514583	9720.999964064238	11434.391846662627	10600.829266281376	7591.684275830293	7179.959966933483	6784.025810830116	9899.027769978551	7132.866949016515	10039.402991680065	8314.961678177682	10631.10926692934	7335.1853915963	7728.192951399706	7687.594255409664	9450.630089501106	3771.8075478694295	32979.1480070771	15479.213405716413	16057.340524377838	12184.236048470417	17573.696921419407	12709.762368153111	6841.880371149927	13910.459447495346	12431.291663488777	20028.77788003687	16370.964410298322	9991.214495879196	13637.654718680204	12567.01390472345	11111.865564927728	14053.4644131877	12976.501651297327	16117.701353455492	11935.798680968372	19954.70601422065	10857.275555316883	10717.652596816435	25811.854606525067	17114.071147204464	4857.704280135023
THISYN-PWY	22024.4318723442	19345.232228114648	25028.23537221562	22241.547559889663	21150.296198103137	18374.815936743704	22271.45623378856	23078.941471287464	12726.077481509566	23130.916014106002	22413.637613591807	21363.02769317771	20371.188939991825	30122.486867824788	26120.219010658475	26174.601022664156	23034.335891970823	24611.696267251355	24690.45504791413	18844.104603217034	20877.138908690307	22484.917734685503	23843.86439667197	24512.481214810665	21314.49168112931	22864.142876126552	19900.26006391082	22047.05390469406	16475.095574884785	20860.55260290181	20796.76419797996	22510.73735410484	18996.308995757092	16329.446775397548	24429.47827078847	23130.37184921455	20706.37657064589	20957.209624297902	25074.380659253966	22386.066008920356	24100.402991526258	23250.431914483554	27851.478498954522	14041.122687028657	15914.811759109723	14000.126126967152	16767.728337685985	17198.410290566768	11583.674056208643	16626.60232447774	17681.200716333147	23606.897107099074	23313.865483021742	14079.954393646476	20477.384799083848	17349.060091557603	15438.97859840963	16081.002770303783	17656.024726019783	19421.54092650534	20494.214074549483	22183.366456452495	14336.79738314214	20322.15056604956	16596.456747519194	18960.336230254492	21523.858624274915	23817.47198801144	17449.69159353701	15614.62112899046	12883.398143676503	17883.80638018082	12838.77476583673	15380.291992138316	20322.667618792213	17103.865844142492	13438.38515044745	16493.778444022755	15622.606936886194	17288.100241066735	17833.733601006265	16268.074460613607	16453.557601359895	13389.09980728021	12939.538838572616	10825.413394419575	12808.196812761655	16732.705492756522	15865.90133787289	15889.307783006629	19074.67160207259	19609.913600248485	13494.537184476238	13224.672458526651	13838.097340296747	15544.969849202305	12195.209619190327	16617.688055451323	14769.396596636458	17255.611439614706	13128.475767543305	13626.989147045439	13184.59147290525	14959.86078282817	10311.981421117081	53242.24115116857	25248.96188798406	27435.18235944632	20023.725044837684	28816.37801274682	21795.985377501085	11065.15613018862	24601.19843875781	21133.36506953909	32521.88155058168	28144.822899880215	17567.542932673332	25245.839536470226	21427.112626473427	18138.208136832363	25065.842220380113	21282.14997884219	28079.465189514245	20478.285045325996	33758.932938192884	17969.610607337574	18711.94116444966	44139.374355507796	31107.804356278903	15549.429776817748
THRESYN-PWY	16149.38571902214	14738.028661798808	17371.786728960917	15839.202788263881	15351.102040244921	14563.732958354061	16201.709871048351	16783.457024192598	16084.683267400545	17769.651418054684	19442.41547524221	15352.954083105975	16005.645656284427	26705.428465305202	22970.90267188435	14390.024669770492	16240.795304937235	15588.768419351883	15551.362756354047	13382.776680064522	15878.413326827911	20362.49479060106	19173.860753187364	17959.850600538135	17016.426023485194	21028.539633346958	15403.107622117446	15107.025656151369	14826.381630193195	17489.201720146444	17672.655673064564	15076.001345350838	13289.713656954604	14659.500509815905	19347.260071830337	17899.552763156076	16217.706688138884	18445.612684207328	20381.448183207274	17045.08857179015	16631.690439188278	15592.855786497525	21043.599326180713	12920.516924193726	13978.905955176351	11450.358997816915	14753.55033275487	16017.144357746483	9507.019566013045	14611.014960366354	15160.844749312422	19545.64718196317	18725.55665532998	11867.412267398044	15885.737589661168	12368.12486337218	12139.237089204644	12197.402346847703	14499.075599594376	18288.589891131407	15225.367264671242	16460.169059862375	10645.139665491602	15630.99660885856	15021.011003042291	13734.973636185101	17027.37048742599	18241.508650922533	14978.984645473787	14036.990751116313	10303.548536908555	15225.634392891958	11830.973160743206	11927.352775229881	16644.336045334578	12391.775988284042	10576.12251502416	13626.01836268032	11864.185006807305	13515.714098203096	15590.061457333048	11707.483518634011	14679.298677884932	11247.22340667182	11169.10510026915	9859.641420085174	11203.784054144138	12645.621119052512	13130.365451957858	12547.050935688212	14393.847328567246	13791.341065246566	10747.46268599129	12870.172696354313	12503.922975011958	12522.215617407477	10378.377135792078	12932.83567138752	12390.496286244852	13993.3137098786	11570.906903054829	12020.611495961986	10401.682658019485	12890.697339584607	11357.86766448886	41084.99103280873	20901.25053835739	19842.776522278076	16359.264462322928	22500.48652466553	16032.525788277042	8756.835308096628	17729.595793137272	17088.299190558897	25817.473832818556	22811.4869466683	13709.000634577014	21601.62410790932	16875.718443063273	14742.099425456505	19654.464930204977	16190.337610051682	20305.634307745167	16927.805314500576	25493.09380539952	14030.508070798734	12917.310291927115	32272.591204186294	21870.80389964678	17661.871716003294
TRNA-CHARGING-PWY	18274.673728978923	15980.739117443763	20111.73628390952	18070.05600321576	17380.30638822846	15603.656495845682	18301.418998434867	18946.805541693782	14326.062003507353	19325.557894283855	19382.566061616497	17566.03929898561	17314.825259493697	25151.437034188355	21898.457716481316	20839.782200612473	19405.21787542912	19802.778399279596	19917.50678424218	16101.863265307229	17589.45200623252	19029.054830813748	20451.413675732703	20335.120546157916	18430.206997645193	18479.381849617548	16006.250922937566	17555.526482598292	15468.143577707024	16455.706969261217	16902.46319812029	18154.819150963445	16263.788471681912	16107.875179219627	20127.642060277358	19529.047899071636	17342.13163878613	18670.74297804739	21016.89022714525	18290.914847148815	19601.6255366909	19044.74500280398	23605.015974976966	12326.324764602095	13009.44120527008	11627.839422846446	13983.868334091672	14174.295577817427	9828.48151698239	13849.859490338908	15053.40360841881	19077.34204583833	18149.052941714937	12489.975962327284	16608.610289390872	14199.724865932167	12590.377823885514	13153.04853766661	14869.025856928276	17014.07161833283	16726.657482829763	17978.055713665824	11587.33014011625	16928.999866088612	13688.295464330322	15810.597325943074	17379.974695090226	19053.739210253592	14490.316304231485	13596.155095236241	10310.871231674408	14318.022968653102	11617.155549820414	12454.836130117466	16134.737286436295	13931.274059747908	11203.738020762677	13262.862697392875	13054.240395034447	14103.111107918978	14883.438279275655	13436.816968355459	13956.094513798209	11356.82575809953	10541.9973647766	9690.752463136652	11200.624047631363	13554.117419510214	13724.681575481241	13392.244275144378	15929.719936186424	16180.535913574471	11165.640021972351	12323.995566399895	11435.160672154983	13630.289071120684	10474.933646922056	13249.411614454102	12447.913559779267	14986.662222957311	11068.009466026982	11888.369932454601	10943.580467924745	12990.902727322291	10558.902478742266	43795.30800031442	22307.780179409292	22420.89198114791	17717.119899590412	23772.89604058079	18642.037050342078	9440.82848830808	21090.5464481493	17206.14668848392	28287.79911747869	23368.94926702573	15744.356980236058	21396.751141399895	18903.647410742513	15218.603787546015	21618.69791338205	17482.428992853267	23821.20787893647	17066.905351748086	29438.014199194673	14738.881868664384	15302.118620989284	36494.439529577015	25370.310371278567	16453.96911338636
TRPSYN-PWY	22882.413321146858	19968.622013047647	25454.305753217654	22618.842716534393	22023.028166123906	19373.86105668119	22923.786564073114	23432.051081479352	12139.293223303675	24267.277952728025	23697.184018132528	22227.5957178247	21409.49944150686	31198.584537266794	27343.008517616105	27039.838649002588	24443.928633312917	25412.59682943096	25739.594277322078	20280.01748166516	21793.602124052282	23392.59413132568	25364.23957650726	25654.582912230984	22878.102435744742	22691.43529610111	20263.860058904116	22427.667681999825	18364.945904001394	20679.519915015564	21267.31276175758	23224.087443994576	20048.409036226192	18802.6939284176	25124.069477577395	24335.504500173327	21612.0226094286	22560.442906943485	25887.801615574976	23127.766081935766	24861.713590336818	24078.786816382457	29566.230963849455	14853.17245492058	16230.527665820415	14424.783099585244	17322.249603564003	17101.75270676499	12085.44955497116	17138.55543452649	18451.9774995343	23911.6889653675	23194.146691749545	15423.51866009866	21137.215843794642	17780.07459356831	15814.670479286015	16798.42693965288	18317.937670300642	20612.234398175267	21477.743849196468	22634.70493030897	14799.749371826518	20954.073174434972	16784.216767070764	19800.59730433164	21618.450528937472	24248.405964115747	17996.475972367298	16637.395395136748	12863.0054199917	17943.22169786272	13931.75038668045	15649.663671189077	20409.24811873394	17532.37682759418	13926.635884564645	16658.538617637503	16419.001579359636	17449.67717743246	18272.297452380917	16820.586167410067	17163.49984076873	13807.64780168516	12900.339494905142	11779.949693895947	13685.484015762268	17141.44981971718	16789.08904060822	16589.71517857112	19914.675819915763	20356.133394870674	13661.174221865418	14678.57896662008	14160.40964387764	16550.261520142638	12881.891202680952	16891.561791008782	15420.770812694416	18372.90261835841	13540.845316430466	14504.632876315689	13557.117550421697	15959.017250040128	8984.126150130933	54904.551538063795	26997.71849329922	28341.15372973157	21695.644487595022	29585.177536169693	23178.85027834434	11749.530510569806	26093.377421397057	21676.81663285165	34531.456593419236	28792.15505582296	19303.9576601456	25533.346469100856	23227.301155927653	19036.23872750359	26289.60504963146	21976.4710630636	29897.968313421738	21156.56701858867	36193.787401818474	18568.63177837956	19496.51499548969	46215.92558443786	31332.584674022033	12700.294968365752
UBISYN-PWY	3040.5815842384004	2511.034837261562	2795.4709969581813	3033.138543642515	2461.4043173936047	2847.260753686806	2546.7003753130407	3172.196244390055	6350.755414625763	2444.5050129865012	3283.6120329037385	2667.73895054353	2975.0270109528715	3331.688893958136	3142.863795211952	2033.464862507759	2479.984918802055	1838.0492580868884	1932.6698855624459	2424.923323120819	2734.4480242959894	2422.3496074084014	3110.0399006949788	2519.5197911622167	2952.9383651758308	1869.6515203874153	1605.0851947453752	2103.612914150493	3457.066173354972	1374.2521747585129	1695.0976023819353	1837.2862167797246	2489.9006019000904	4018.8312027765774	2167.8523951515836	2520.4958651928805	2620.4483647392594	3049.0403649957575	3420.2288545715514	2253.5474847155997	2179.8245143537765	3178.1310647121954	3271.150594749789	1785.2961540863155	1922.9504098412049	1619.6196869974192	2127.768723640637	1962.7742401337332	1731.1106456417535	1998.9417315890323	2803.049756062185	2288.070085805246	1638.990767566817	2351.9315372896604	1762.183561423542	2362.207567738144	1880.7717066062262	1495.3493555926902	2482.9327718240133	3025.505408059793	1874.185838733752	2617.8773309492904	1155.3549701753695	3081.25686294042	1315.7338527941374	2392.8939131400693	2859.7486255613017	2735.4345653908645	1833.1819538090153	2216.724944914487	1594.241696466104	1687.3367944493014	1890.6970542538868	1904.069206424898	1578.9305773425488	2252.551300155135	1862.7512902006958	1305.1308534823595	2239.2822176829472	2396.063412340467	2006.3600847483915	2078.0635392150175	1851.8069586932456	2095.5135770315865	1614.7347436066595	1396.424105676935	2296.7653828486077	2295.8428272458154	1640.4540738520088	1737.9635937425019	2299.224731053408	2625.9310468645003	2174.0043224489405	1947.2074730053382	1379.0543476878129	2321.537879596915	1786.7132249429671	1616.940992119651	2393.681567398539	2470.665198126918	1896.1987753113838	2176.66843457556	2049.91805806972	2015.4258461559864	5339.479081890044	4700.780791146384	3929.3030773642386	2695.237252739809	2903.1777511635605	2678.9411274913305	2412.256041868473	1011.3259154063913	3050.8107729095277	2223.2600360374227	4758.72266168925	2378.217886945846	2460.4595327219163	2385.5178551517884	2389.036323540076	1814.761758755076	4661.516882656951	1895.7231255593065	3270.0357635988703	1869.1678649270686	4683.611004431927	1610.704406845814	1961.069895305391	4081.797184030037	4395.659752168662	8602.44976733401
UDPNAGSYN-PWY	2212.767656174905	1658.3180279627393	1732.2535659920263	1636.892954465116	1867.9399973123307	1756.8006887557435	1798.9525683421855	1934.5877448231497	7459.442354596019	2104.5815505361415	1643.5634025801185	1279.6868216034052	1668.9150634432244	3061.9711399759676	2069.288583017785	1392.9147455953948	1561.584186794137	2306.568256048725	1588.011188937081	1617.1328168614011	1553.1209893233042	1901.1037483091868	2283.839796670228	1702.3034130199799	1572.0191594877735	1915.340151206498	1151.5183405240925	1337.9567359093191	1675.7371043117741	1286.8306069248836	1406.9880403855657	1404.9923386734038	1878.862927872958	1819.962476579774	2382.208258983734	2025.7383640760097	1627.3031569103398	1468.7023193125037	1515.9910277274994	2038.6109463114935	1477.6173581683952	1466.8729718077445	1846.9620911431975	1007.573986660257	1577.7753719610805	836.755656886085	1514.204254404138	1653.5111609238063	838.9329616697214	1528.2734831765354	1193.6498242485443	2472.0138693934077	1425.3189690772417	1111.8871516989411	1805.0356367518375	1092.8018269281108	1151.2218039568809	1834.7517646772494	1070.9048393722007	1916.9879188951047	2209.1992595416827	1274.2561040318537	1503.2390369287268	1490.1505673168356	1284.889458153995	1815.895621430561	1476.3719630051671	1975.2334904806626	1935.6970951656072	974.7083373040188	1457.2749491417135	1496.5977856237446	929.141286749917	1019.6421209317026	1407.0587263363159	1043.8000755973721	1272.2910062122462	1197.296963518962	1048.4329828781879	1615.2951968253938	1813.6667995291539	1228.3627189551255	1738.7675873225126	929.6655594509422	880.0996645471555	1157.354445845422	1074.985406970741	1728.318404508244	2119.2879295284943	1552.7485848812578	1204.2019329037446	2570.9273972723095	1445.6264892380254	969.2737474932964	1287.7201680838964	1185.4111500693684	1924.899277189764	1092.7196572242938	2815.0529489687187	1339.3296416954922	923.2696497998327	1356.7875124079926	1535.02541101396	1046.0564034310535	4601.39620480486	3922.630066169688	2283.670256191323	2461.3693848635844	1892.9491959982254	3121.039318217299	1772.5993267544918	898.0086456420196	2098.8980266257313	1992.5115840028443	3080.467092181422	3460.296364970243	1592.0508983424418	3405.298716734959	2331.140915323187	1541.5473255220516	1980.219965673955	1915.183284790813	2359.8128189361196	1680.6518094322867	3354.245296470161	1731.9163145632333	1327.3525940433747	4851.551012009124	2274.715560393684	7908.101550873927
VALSYN-PWY	20756.08572206299	18289.2578670404	22984.06593391757	20615.75143609087	19786.55322553963	18136.11129113924	20912.45679156123	21683.61901530053	16905.146708551474	22446.14154210551	22891.75399357203	20382.80957251932	20143.264112108038	29506.924606324745	25697.14449032867	23652.900919536274	22421.981015172118	22688.09540661676	22776.718301767964	18583.390209355955	20345.79751389415	22506.092011152705	23900.009845299093	23547.176206689248	21732.749090362395	21617.546398968003	18598.501822319082	20087.156674612914	18573.91801137442	18856.269273228176	19756.74658380214	20780.10885825943	18737.419390342384	19441.416394003845	23135.36697975571	22532.00940918555	20033.754329972653	22204.702127526652	24656.29068400466	21218.95341314966	22607.95743582447	21955.402566178316	27652.16326467036	14674.6185563178	15044.321200458826	13594.737031846167	16334.809861215323	16501.561873514565	11498.957377798637	16054.812980782808	17744.043165129864	21680.511371131404	20797.260541027375	14771.415686493818	19012.657623608626	16453.00556838133	14479.86649601826	14911.903960480668	17462.26628062892	20136.046917336127	18921.638191437054	20756.626936157103	13068.607826587122	19636.13587480622	16086.862708516566	17966.534700890566	19967.33878007373	21857.64062446126	16833.533651712685	16138.16910397314	11881.401352368724	16623.263022673444	13956.203070695088	14334.743529806887	18691.10901733913	16132.116789950798	12823.569634461095	15468.265816922698	15227.002107537866	16206.543382680024	17541.096530273597	15517.721634249487	16282.012848233057	13388.65126613254	12266.144491057303	11510.79503210727	13239.0724924286	15554.044700643552	15628.695819856703	15522.637027380351	18598.829578730427	18291.9457841203	12830.942440304156	14887.238227035357	13312.34805615044	16127.77487972705	12118.534817143518	15185.279431037396	14382.64887385625	17645.25784659667	12987.57720987583	14032.4201322791	12459.838308617675	15370.7392223105	12098.34322318319	50628.17552386566	26250.82779571725	25584.31363379818	20984.79899843261	26930.519805030555	21559.809990704252	10979.134706714285	24251.420876857643	19772.877074029166	32829.29446094807	26321.83368158035	18345.22331489707	23975.247289211024	21805.50003976472	17698.327784369874	25232.21619102777	19816.346938399904	27374.487353664706	19619.304465842957	33992.44527449277	16812.281150073144	17582.75211411451	41383.683000411926	28908.132657222908	18612.918553329655
