feature	X1CMET2.PWY	X3.HYDROXYPHENYLACETATE.DEGRADATION.PWY	AEROBACTINSYN.PWY	ALL.CHORISMATE.PWY	ANAEROFRUCAT.PWY	ANAGLYCOLYSIS.PWY	ARG.POLYAMINE.SYN	ARGDEG.PWY	ARGORNPROST.PWY	ARGSYN.PWY	ARGSYNBSUB.PWY	ARO.PWY	ASPASN.PWY	AST.PWY	BIOTIN.BIOSYNTHESIS.PWY	BRANCHED.CHAIN.AA.SYN.PWY	CALVIN.PWY	CENTFERM.PWY	COA.PWY	COBALSYN.PWY	COLANSYN.PWY	COMPLETE.ARO.PWY	DAPLYSINESYN.PWY	DTDPRHAMSYN.PWY	ECASYN.PWY	ENTBACSYN.PWY	FAO.PWY	FASYN.ELONG.PWY	FASYN.INITIAL.PWY	FERMENTATION.PWY	FOLSYN.PWY	FUC.RHAMCAT.PWY	FUCCAT.PWY	GALACT.GLUCUROCAT.PWY	GALACTARDEG.PWY	GALACTUROCAT.PWY	GALLATE.DEGRADATION.II.PWY	GLCMANNANAUT.PWY	GLUCARDEG.PWY	GLUCARGALACTSUPER.PWY	GLUCONEO.PWY	GLUCOSE1PMETAB.PWY	GLUCUROCAT.PWY	GLUTORN.PWY	GLYCOCAT.PWY	GLYCOGENSYNTH.PWY	GLYCOL.GLYOXDEG.PWY	GLYCOLYSIS	GLYCOLYSIS.E.D	GLYCOLYSIS.TCA.GLYOX.BYPASS	GLYOXYLATE.BYPASS	GOLPDLCAT.PWY	HCAMHPDEG.PWY	HEME.BIOSYNTHESIS.II	HEMESYN2.PWY	HEXITOLDEGSUPER.PWY	HISDEG.PWY	HISTSYN.PWY	HOMOSER.METSYN.PWY	HSERMETANA.PWY	ILEUSYN.PWY	KDO.NAGLIPASYN.PWY	KETOGLUCONMET.PWY	LACTOSECAT.PWY	LPSSYN.PWY	MET.SAM.PWY	METHGLYUT.PWY	NAD.BIOSYNTHESIS.II	NAGLIPASYN.PWY	NONOXIPENT.PWY	OANTIGEN.PWY	ORNARGDEG.PWY	ORNDEG.PWY	P105.PWY	P108.PWY	P122.PWY	P124.PWY	P125.PWY	P161.PWY	P163.PWY	P164.PWY	P221.PWY	P23.PWY	P4.PWY	P42.PWY	P441.PWY	P461.PWY	P562.PWY	PANTO.PWY	PANTOSYN.PWY	PENTOSE.P.PWY	PEPTIDOGLYCANSYN.PWY	PHOSLIPSYN.PWY	POLYAMINSYN3.PWY	POLYAMSYN.PWY	POLYISOPRENSYN.PWY	PPGPPMET.PWY	PWY.1269	PWY.1622	PWY.181	PWY.1861	PWY.2941	PWY.2942	PWY.3001	PWY.4984	PWY.5022	PWY.5097	PWY.5100	PWY.5101	PWY.5103	PWY.5104	PWY.5154	PWY.5177	PWY.5179	PWY.5180	PWY.5182	PWY.5188	PWY.5189	PWY.5265	PWY.5304	PWY.5345	PWY.5347	PWY.5384	PWY.5415	PWY.5419	PWY.5420	PWY.5484	PWY.5505	PWY.5509	PWY.5659	PWY.5667	PWY.5676	PWY.5677	PWY.5686	PWY.5695	PWY.5705	PWY.5747	PWY.5837	PWY.5838	PWY.5840	PWY.5845	PWY.5850	PWY.5855	PWY.5856	PWY.5857	PWY.5860	PWY.5861	PWY.5862	PWY.5863	PWY.5896	PWY.5897	PWY.5898	PWY.5899	PWY.5910	PWY.5913	PWY.5918	PWY.5920	PWY.5941	PWY.5971	PWY.5973	PWY.5989	PWY.6071	PWY.6121	PWY.6122	PWY.6123	PWY.6125	PWY.6126	PWY.6143	PWY.6147	PWY.6151	PWY.6163	PWY.621	PWY.622	PWY.6263	PWY.6269	PWY.6277	PWY.6282	PWY.6317	PWY.6344	PWY.6353	PWY.6383	PWY.6385	PWY.6386	PWY.6387	PWY.6396	PWY.6467	PWY.6470	PWY.6471	PWY.6478	PWY.6507	PWY.6519	PWY.6545	PWY.6572	PWY.6588	PWY.6590	PWY.6608	PWY.6609	PWY.6612	PWY.6628	PWY.6629	PWY.6630	PWY.6676	PWY.6690	PWY.6700	PWY.6703	PWY.6708	PWY.6731	PWY.6737	PWY.6749	PWY.6823	PWY.6891	PWY.6892	PWY.6895	PWY.6897	PWY.6901	PWY.6969	PWY.7003	PWY.7013	PWY.7090	PWY.7094	PWY.7111	PWY.7184	PWY.7196	PWY.7197	PWY.7198	PWY.7199	PWY.7200	PWY.7208	PWY.7209	PWY.7210	PWY.7211	PWY.7219	PWY.7220	PWY.7221	PWY.7222	PWY.7228	PWY.7229	PWY.7234	PWY.7237	PWY.7242	PWY.7254	PWY.7294	PWY.7315	PWY.7316	PWY.7323	PWY.7328	PWY.7332	PWY.7371	PWY.7373	PWY.7374	PWY.7377	PWY.7399	PWY.7400	PWY.7446	PWY.7456	PWY.7539	PWY.7663	PWY.7664	PWY.841	PWY.922	PWY0.1061	PWY0.1241	PWY0.1261	PWY0.1277	PWY0.1296	PWY0.1297	PWY0.1298	PWY0.1319	PWY0.1338	PWY0.1415	PWY0.1479	PWY0.1533	PWY0.1586	PWY0.162	PWY0.166	PWY0.321	PWY0.41	PWY0.42	PWY0.781	PWY0.845	PWY0.862	PWY490.3	PWY4FS.7	PWY4FS.8	PWYG.321	PYRIDNUCSAL.PWY	PYRIDNUCSYN.PWY	PYRIDOXSYN.PWY	REDCITCYC	RHAMCAT.PWY	RIBOSYN2.PWY	RUMP.PWY	SALVADEHYPOX.PWY	SER.GLYSYN.PWY	SO4ASSIM.PWY	SULFATE.CYS.PWY	TCA	TCA.GLYOX.BYPASS	TEICHOICACID.PWY	THISYN.PWY	THRESYN.PWY	TRNA.CHARGING.PWY	TRPSYN.PWY	UBISYN.PWY	UDPNAGSYN.PWY	VALSYN.PWY
Plate1_1030R_0_M_NS1_week10_S77_L001	19842.18206	322.6714634	158.58	4879.492196	10303.50487	25892.46113	1727.596608	315.1049887	1518.340332	15261.82747	16327.78263	17359.29303	13600.09174	186.8736012	15083.75445	21197.3192	20666.47234	957.2830166	17320.19636	15464.35911	16729.07279	19031.12912	12424.6486	21287.85221	511.2654797	1054.275523	672.4674999	23376.6252	9589.341859	6365.98576	18550.65385	7525.907684	11169.88972	11417.16168	2915.574152	13333.5569	87.01065075	5978.587175	1070.14007	2915.574152	20628.35418	22684.76308	10531.88136	17593.69543	22203.17482	10474.29672	580.6430464	21126.46768	7227.195309	1058.243804	624.610027	1262.042857	172.9963636	708.3114361	647.2025402	3401.437022	8837.979549	18828.52995	11759.28821	18842.25862	20937.10182	2216.54254	277.4398578	859.8933474	626.9153319	15111.85773	336.7605185	3936.384901	17175.66239	24164.25007	3758.210941	315.1049887	276.2708966	1718.023905	23967.56877	1053.428264	1197.857417	705.1908322	3659.885813	851.8820102	6631.265493	101.738665	2498.464044	3883.303517	25664.58336	7500.533434	5181.652169	778.3009647	18083.78518	17268.33457	14010.73269	17000.76729	18792.48269	835.5335368	916.0377702	17406.99865	13016.50446	16001.84691	384.9495727	510.0394738	1769.722274	1191.485323	21413.60726	18031.46864	3638.290487	1064.364993	20990.1261	14122.12832	22851.36682	20013.67128	20710.05206	14690.5206	333.7756411	306.0413899	1006.790675	1006.790675	10374.52217	9888.263062	877.813476	1390.12	17105.22007	16033.86322	12044.79792	439.0253178	460.2503566	620.0958092	20646.86717	18128.83771	11923.01469	22437.45262	18684.91852	4760.09337	1411.15358	22990.62728	16606.36092	1032.388282	210.0887693	10141.68416	14408.48704	13826.98864	13826.98864	13826.98864	3278.08509	3278.08509	3278.08509	12934.32559	13710.74927	12934.32559	10699.70493	13826.98864	14101.96996	14101.96996	14101.96996	447.6255872	20375.00579	1606.277773	482.46026	20365.65364	14936.0315	22399.16083	12017.30286	260.7305273	22946.38528	22321.876	19766.00713	15204.55737	17540.62748	43.12188083	13463.84125	14078.08243	18164.21415	12044.79792	7239.764558	909.9448303	11861.98797	22321.876	11779.33983	5839.472839	1912.364109	9744.31661	103.4322978	17628.6971	14994.76776	16742.20413	527.5197374	16026.15	10539.22402	16892.58497	1799.438532	11901.2174	14726.54398	983.1789083	7749.155862	2106.504354	1208.105165	9082.791003	13513.66225	17424.17757	4254.428746	1747.699663	4252.999585	0	172.9963636	20532.54391	16542.50618	3278.08509	7671.295388	24973.64267	1402.929955	762.0427419	1200.843302	18166.17818	4980.868184	23711.27818	11624.39823	22228.02476	3694.742894	1782.969134	808.9131286	544.7867957	20877.08784	12402.98691	14855.7489	12094.01355	780.58711	11480.2167	11091.63669	17790.32623	1613.399782	1078.270632	14494.19692	24028.63144	13124.77721	20876.33594	13124.77721	16305.92324	19566.3006	2962.56553	1873.35	13410.24129	14095.16323	543.5062073	14402.90432	8963.993598	18033.97992	9232.476853	1472.194725	323	292.3222277	395.650526	848.0736688	119.4937596	15264.9421	196.5315466	11314.22276	14029.05711	25482.00699	12698.18368	18752.32769	315.7436684	20706.00883	11311.63381	20248.93134	477.4338298	3042.884931	2943.17604	3204.003236	18684.91852	218.3211992	327.5323674	1484.466049	307.1776807	43625.55956	17916.38893	12352.6801	256.7586945	905.0947719	197.2733956	4008.955303	11895.25724	11539.1929	124.8290102	17694.90305	17694.90305	13077.53404	14792.00265	17241.4294	13820.08533	1316.516221	7835.052411	17788.37168	1317.697391	8248.103626	12500.55462	24385.67871	17283.95818	20345.09286	560.4046115	12044.19658	22110.1685	16516.95926	18488.95732	23182.41803	3331.06916	2220.652317	20937.10182
Plate1_1030R_R_M_NS1_week10_S78_L001	17364.9925	277.4642401	132.71	4109.968591	9186.494951	23149.06029	1401.201352	261.8674045	1217.913772	13710.29736	13907.64511	14958.43548	12661.16528	156.5473855	13589.69844	18600.09822	18675.3516	815.1814344	15018.2691	13678.06425	14132.90755	16401.92632	11458.36169	18725.00344	404.951504	891.2478571	561.4639904	20593.94512	8706.738578	5678.301342	16399.41327	6841.51335	9512.804267	11029.80294	2755.964974	12326.35206	105.6037046	5538.074198	967.7275403	2755.964974	18297.7005	20731.53191	10341.38952	15212.72533	19610.47874	8787.815731	487.8608195	18847.36632	6745.015642	890.7952105	523.1723242	881.7111543	144.7745455	597.3248344	558.6966399	2992.65669	8285.213241	16677.85135	10927.65155	16666.87937	18503.71804	1866.590227	227.1102624	491.7169784	530.0524426	13702.97791	275.264116	3603.162375	15038.08872	22046.24673	2926.547886	261.8674045	230.4531184	1385.409346	21394.85434	792.299991	902.3804895	785.5665489	3236.338776	678.5872013	6142.054988	133.5230553	1715.692882	3247.434113	22911.94712	6877.187569	4890.604867	783.3318416	15848.53203	15064.42047	13085.75045	15101.88472	16279.02024	683.5627774	740.3851063	15191.78625	11835.51386	13955.64261	135.4930674	198.8861389	1565.342611	560.2100344	18884.75983	16232.59073	2745.318294	1022.910739	18720.67202	13152.98788	20066.40686	17593.40957	18194.79969	13328.8291	268.5883614	215.5439681	868.559224	868.559224	8580.202262	8155.102308	310.531552	1137.38	14432.94496	14589.80113	9804.714728	246.2893948	329.5599472	463.6628627	18528.84588	16793.02803	10964.9959	19849.35948	16017.6647	4209.54182	1316.11629	20106.23671	15044.59469	957.7843868	175.9385575	8407.532803	12378.12551	11791.39228	11791.39228	11791.39228	2701.729524	2701.729524	2701.729524	10929.91417	11701.09312	10929.91417	8904.384157	11791.39228	12082.67945	12082.67945	12082.67945	239.7343163	17160.40192	1352.117296	403.0814291	18232.46714	13541.57745	19732.5262	10972.11113	219.4607374	20156.6999	19536.72709	17413.90405	12730.76908	14789.2073	50.73449299	12370.37354	12779.37849	15891.65991	9804.714728	6640.096988	795.9925532	10922.07347	19536.72709	10718.36695	5076.118311	1833.682935	8697.887066	67.4191491	15667.50765	13566.38027	14930.27613	445.5055322	13979.99	9845.244482	15389.15433	1543.760172	11057.80496	13371.35306	780.2471092	7392.566734	1719.28448	1030.515445	8332.101287	12213.25422	15418.64768	3104.712085	1466.449197	3103.927993	0	144.7745455	17817.20111	14473.88454	2701.729524	7187.523943	22191.8417	1328.033857	656.7635157	958.1093731	16074.56002	4036.16283	20850.73767	10590.59891	19547.49942	2914.935039	1210.398006	788.6715186	456.279861	18503.71804	10287.65014	12748.14718	9933.452451	618.4873189	10632.51128	9543.831798	15497.12881	1506.906974	854.8153706	12119.86761	20985.37029	10803.1617	18385.02988	10803.1617	13767.56354	16700.24606	2337.488798	1943.65	12520.66711	12800.71835	437.5810568	12094.23496	8078.011639	16371.66239	7860.525119	1290.863313	283	207.5606289	347.2085938	326.3198103	95.25983275	13709.90025	166.7372435	10581.13582	12974.42731	22496.8358	11523.0097	16055.09388	168.6024832	17929.40041	9882.149274	17135.40965	405.3888064	2743.99094	2650.203985	2759.23539	16017.6647	183.0904768	274.4324265	1248.889746	266.722092	38528.46203	15222.07463	10354.39606	215.4773397	821.90438	165.1776622	3240.077287	10805.94314	10475.63523	41.83474612	15250.84745	15250.84745	11873.00111	13306.48987	14983.77869	12338.48326	1069.504676	7082.826789	15582.47926	1166.904583	7568.587164	11447.53161	20376.464	15521.3069	17627.63055	469.2768929	10888.36116	19433.4532	15034.42451	16198.08215	20259.32583	2766.680149	1684.322652	18503.71804
Plate1_2472R_0_F_NS1_week10_S73_L001	21853.09008	391.7240835	213.14	5504.853441	9178.228144	28664.66652	1781.445925	399.2810141	1629.562718	16751.70439	18242.92823	19172.41855	14330.47974	245.4573586	15519.37707	23544.42511	22053.14668	1218.089386	19164.3631	17491.25094	18559.20418	21030.96529	12502.376	23024.39063	587.0698457	1363.71841	869.1237883	25423.75575	9260.27773	6072.724127	20309.73278	7406.682306	12870.50854	12900.6537	2692.975119	13565.65764	64.69660291	5458.518433	1178.718798	2692.975119	22594.96763	23677.30828	12257.23638	19842.44357	24446.815	12108.8944	748.4275906	23031.56953	6840.541776	1386.911707	836.8994322	1152.725402	232.5163636	586.7018206	539.6606428	3323.000545	9327.307668	21125.13411	12406.03905	21592.50299	23202.1676	2905.117427	332.4772752	374.465384	832.1827682	16362.77913	421.3608105	3857.981426	19333.28261	25864.79879	3036.455723	399.2810141	342.8343256	2068.000439	26960.45985	1049.173251	1193.478066	601.4644015	3407.767668	929.026044	7108.779562	70.44454818	2407.108724	3901.321539	27794.04428	7096.624896	4817.644336	652.709736	20253.12683	19335.88303	14774.46795	17997.25777	20933.09349	895.6897793	940.8752354	19292.66959	13688.7915	18073.90435	258.8649041	377.3962862	1820.56628	473.6796835	23378.47468	19504.11549	3059.42055	1083.425511	22764.00389	14837.76417	25200.30681	22192.95444	22729.37835	15740.58695	382.0734965	158.6591332	940.4964613	940.4964613	12013.6104	11484.51603	528.2718403	1231.83	19841.60811	17238.08029	14428.72806	150.9426229	387.6365648	535.6824603	22413.46034	19220.26831	13151.66901	25013.95107	20637.7987	4842.319154	1363.529882	25292.30035	17357.41064	996.3204756	281.9142489	11480.86628	16334.49938	15686.14929	15686.14929	15686.14929	3043.674484	3043.674484	3043.674484	14704.96403	15574.22264	14704.96403	12095.8741	15686.14929	15988.31293	15988.31293	15988.31293	149.9848699	22654.57241	1366.641703	567.4664586	22505.30818	14817.32498	24379.33595	11634.8237	346.6072664	25165.45776	24504.12466	21764.6847	16550.12757	19219.53277	41.67621454	14258.62684	16041.00668	19961.54855	14428.72806	7521.741817	903.661518	13073.30739	24504.12466	11443.47081	5155.95433	1503.295084	9777.215606	62.97040421	18608.806	15638.45512	17595.59301	564.1028627	18087.16	10291.41109	18244.58726	1601.59417	11966.89811	14841.50253	1071.654354	8007.756783	2377.104527	1531.479512	9811.488835	14012.50682	19055.65117	4004.675257	2308.602614	4003.56425	0	232.5163636	22797.53297	18588.35095	3043.674484	7389.427203	27761.4471	1016.249747	660.2730185	1301.499141	20904.03964	5436.71028	26752.00189	11319.5283	24820.68147	3363.44336	1743.809992	684.077669	716.1733413	23202.1676	13591.27367	16148.53747	13254.01399	851.3735332	11973.05826	12037.82469	19557.23449	1448.333176	1177.054612	15945.32783	26490.02235	14284.54783	22664.26465	14284.54783	17718.31711	21437.14973	2310.988272	1584.8	13617.76646	15404.80167	551.8995368	15775.33084	9422.163062	19243.02278	9683.394557	1206.49528	321	163.0381856	393.2986184	594.0524888	95.64530376	16753.82072	257.3085067	12488.16782	14886.95845	27327.48671	12424.89269	20507.09026	105.2324293	22955.64579	13664.46979	22754.32111	567.4345168	2715.579003	2648.490829	3053.017578	20637.7987	274.6021456	368.4310134	1233.973382	402.841473	46667.54566	19687.98671	13412.56	343.3299696	958.7092898	264.8240058	3426.700153	12984.7452	11231.3602	81.55317259	19711.44842	19711.44842	12806.32515	15965.60082	19186.76205	15689.29944	1566.025498	7366.278162	19857.48003	1354.432644	8940.367839	12975.56738	28691.11318	18706.32578	22941.35293	750.5681676	13868.15569	25104.59604	17652.89395	20325.48325	25756.55396	3126.510842	1740.313768	23202.1676
Plate1_2472R_R_F_NS1_week10_S74_L001	19637.47237	242.7207633	130.57	4447.984615	8515.904396	25793.97952	1563.752821	253.165589	1557.989007	15140.10078	15958.82282	16997.63792	13274.82577	153.2687933	14831.57898	21100.14457	20045.15616	789.6783454	17232.47882	15625.7748	16420.00175	18643.95061	11084.98593	21072.44643	394.1190712	879.4309401	572.0288276	23084.6486	9256.764079	5115.302109	18390.32656	6911.343021	11097.61989	11456.25182	2238.148993	12470.00155	0	5004.656335	834.1980409	2238.148993	20420.29751	22288.12389	10736.13316	17604.7909	22017.69414	10569.73439	481.5711944	20785.87744	6194.72694	876.4917151	515.7022999	1223.53856	142.44	556.5498111	489.1873117	2714.076076	8898.898763	18927.03475	11465.991	18954.02781	20801.08974	1868.68404	218.2176951	403.7901159	518.4846746	14880.72973	267.6786235	3564.602628	17377.70452	23344.62048	2898.949023	253.165589	224.7740805	1341.996884	24213.18002	1015.255851	1154.693454	518.7232416	2834.876264	905.63933	6494.27783	0	1885.102068	3870.260439	25373.25014	6304.315771	4374.743156	609.18183	18125.12971	17325.87996	13597.44257	16646.69335	18679.60718	782.4197156	825.5066542	17338.77462	12727.04493	16155.21855	290.2343819	390.0180138	1748.208899	557.7164189	21094.52709	17802.47176	3577.356527	896.2734934	20697.1894	13609.72844	22655.85583	19929.89825	20470.69338	14577.92368	329.9826343	168.5729851	860.7589305	860.7589305	10366.44509	9878.529372	604.6446968	1277.06	17357.3054	15753.16005	12279.94649	178.9922869	301.9815036	429.8220538	20277.27721	17797.66863	11925.54233	22342.55998	18409.98957	4376.832951	1264.516369	22766.19198	16033.52965	862.1414485	173.1720616	10057.44478	14479.51688	13893.54275	13893.54275	13893.54275	3438.575993	3438.575993	3438.575993	12958.58895	13736.32248	12958.58895	10614.80305	13893.54275	14156.70428	14156.70428	14156.70428	173.1754904	20302.27099	1287.67612	396.294997	20275.21943	14541.05971	22108.1085	11677.35562	214.7797438	22681.96056	22028.56001	19554.37745	14777.62016	17139.09743	32.88842249	13296.51053	14205.65398	17938.81542	12279.94649	6686.827548	1157.282989	11861.80705	22028.56001	11445.47826	4540.526372	1548.608577	9200.687894	61.69583952	17252.10599	14616.49137	16373.92612	400.0633653	16225.11	9519.05031	16747.37933	1728.985734	11102.28754	14413.29082	1046.676433	7394.247632	2082.267358	999.268975	8784.318583	12983.90085	17253.97771	2896.90648	1458.232273	2896.192991	0	142.44	20489.65802	16744.48405	3438.575993	6855.60555	25058.99942	915.7356852	578.4405112	855.2579412	18242.65614	3736.699771	24045.86668	10467.15723	22205.22857	3570.092266	1745.559335	730.4757064	454.6806894	20801.08974	12078.78862	14558.48966	11759.85684	832.9518314	11271.13448	10932.04309	17601.1763	1365.48779	1147.255415	14193.74487	23730.25016	12699.08807	20489.16912	12699.08807	15855.75432	19160.44314	2487.212319	1441.35	12556.81109	14065.54613	498.497268	14264.50719	8283.7668	17726.47223	8807.00568	1201.410367	422	204.5397122	512.7305208	653.5715809	80.97317044	15144.93754	161.6174869	11304.03771	13877.05725	24975.41898	12345.94363	18375.42728	121.5837332	20526.02446	11648.48623	20346.37214	397.5959447	2387.957179	2296.444802	2559.589786	18409.98957	182.2018367	265.6770955	1122.964278	251.330285	42683.40503	17609.8809	11991.40547	211.4195519	819.492179	162.5638727	3329.478899	11714.16661	11212.42899	92.78275464	17500.77277	17500.77277	12710.87542	14586.67348	17268.40413	14020.35969	1279.622871	7170.524246	17870.91413	1301.054866	7979.037797	12223.10758	24924.77269	17202.23625	20349.12037	462.9231754	12201.37727	22355.57936	16250.64343	18288.7075	22922.84506	3276.726803	1660.425941	20801.08974
Plate1_3874R_0_F_NS1_week10_S75_L001	18942.9152	385.8361756	221.43	5081.163165	8627.613233	24572.64026	1858.495058	414.0195696	1319.740957	14560.19684	15552.65254	16516.88955	13115.66003	257.7981563	14394.1804	20244.01523	19541.11202	1230.104927	16437.90402	14949.51789	15926.11281	18118.74978	11206.48199	20187.29078	630.8217802	1385.776834	872.8170771	22112.57055	8986.052179	5604.263716	17711.86496	7369.781815	10892.56364	10775.97328	2679.118326	12421.02192	0	5319.055562	1042.719773	2679.118326	19640.47944	21892.43201	9948.904352	16925.18755	21059.29458	10172.36946	785.4809622	20129.74575	6895.117491	1429.858107	866.2039778	1158.143154	241.56	720.9192035	685.7309635	3370.459327	8366.927539	18049.39377	11315.1337	18048.76987	19980.80828	2929.394072	353.3019433	352.6347388	844.748935	14510.712	438.0269339	3953.862667	16599.69385	22525.0763	3233.02626	414.0195696	371.1050335	2108.590949	22943.01981	910.2344196	1034.872834	604.6566087	3171.941593	742.809988	6467.189447	0	2646.746073	3033.938854	24433.8046	6895.788754	4959.132421	724.7879934	17305.74994	16517.53942	13306.37169	15978.50226	17770.77913	918.6305219	993.4683921	16610.77662	12440.83131	15441.47372	392.3061125	549.0567308	1742.591096	571.7311667	20367.24736	17174.73151	3361.903244	1086.902782	19925.81782	13219.38771	21758.0147	19107.2165	19693.22319	14013.70125	320.9529415	150.1161277	991.7544903	991.7544903	10115.7312	9652.109514	728.7710435	1366.55	16440.73596	15402.80223	11808.42523	141.0319609	380.4537996	531.1145258	19663.2196	17317.57396	11566.4562	21503.2984	17711.2477	4507.836039	1283.443813	21850.15041	15300.93893	987.4980827	292.5598161	9849.581881	13900.34148	13339.50941	13339.50941	13339.50941	2664.410705	2664.410705	2664.410705	12475.53047	13224.01189	12475.53047	10374.83989	13339.50941	13609.13424	13609.13424	13609.13424	139.9477529	19644.89894	1628.238196	615.9249691	19350.25929	14021.68877	21201.41328	11280.74261	358.0613886	21785.28245	21181.92855	18806.49202	14717.45225	16931.6519	0	12887.73062	13341.58096	17269.09028	11808.42523	6857.327005	324.7327657	11504.98576	21181.92855	11054.40413	5095.275874	1811.26373	9366.089866	84.37980593	16560.98984	14023.98749	15712.19733	592.6147857	15484.19	9527.396439	15819.6101	1624.215469	11152.09974	13962.56091	854.9684158	7501.028419	2076.402101	1541.8665	8799.725581	12321.86974	16657.28514	3960.421407	2351.614309	3959.23955	0	241.56	19532.96661	16008.98237	2664.410705	6876.114709	23714.16185	988.343798	809.8126163	1311.556206	17657.34987	5315.591223	22724.99379	10411.13616	21405.04001	3557.448343	1615.267597	824.5464108	732.1455745	19980.80828	11877.38814	14246.75403	11772.48147	677.4236936	10599.67281	10442.45146	16880.19684	1437.449426	938.6794137	13861.51504	22850.2756	12801.31931	19843.66803	12801.31931	15741.14147	18810.67348	2071.626333	1698.75	12485.12577	13661.87103	590.3959262	13770.53602	8969.946457	17078.48793	9023.999233	1393.547362	111	92.12244898	137.5802824	846.0903493	89.90255786	14562.28082	268.0170935	10759.82506	13429.45309	24031.06265	11922.1779	18008.55307	98.20946272	19746.73185	10992.81511	19706.73197	587.73143	2639.01737	2549.686095	2835.732882	17711.2477	290.9700403	411.5036738	1552.91487	391.2760444	41485.72595	17211.50628	11831.71742	355.1439309	930.822081	274.8987091	3182.404932	11422.77717	10834.18416	127.3687817	16769.81571	16769.81571	12276.90849	14117.00908	16433.39411	13337.10127	1414.557489	7710.002665	16965.51007	1297.673361	8030.266123	11762.31901	23953.51167	16479.25535	19688.24287	776.1966267	11696.60674	21293.83444	15715.15602	17594.47511	22332.65868	2721.502713	1871.776067	19980.80828
Plate1_3874R_L_F_NS1_week10_S76_L001	17168.74452	476.0044489	257	5332.088311	9731.018372	22575.71225	2065.598303	478.2837014	1272.74035	13807.30217	13998.56029	14960.02052	12472.22456	295.807396	13301.99458	18342.59957	19081.85455	1431.24665	14550.88162	13497.1141	13845.93619	16386.10688	12957.15023	18325.64605	745.0985998	1544.9941	995.0348333	19881.04667	8620.904015	6720.883421	16104.87004	7543.273017	9693.124645	10500.21518	3003.887664	12330.93809	100.7703626	6641.861041	1292.685429	3003.887664	17994.83566	20591.6681	9633.834865	15219.06775	19354.8195	8759.435324	891.3590719	18665.48983	7643.530239	1637.887468	999.0446237	919.1756216	280.3636364	697.7900728	641.6297667	3692.559718	7737.256193	16259.25167	10866.62875	16301.68494	18374.54886	3213.590259	392.8447428	327.9707421	977.9561783	13522.51973	500.174675	4088.710977	14317.88505	21823.58161	3054.455938	478.2837014	408.7090706	2359.065084	20690.26431	963.2675556	1096.541174	802.4860111	3966.47575	704.5698279	8521.005506	112.2957292	2768.015842	3565.936409	22542.39117	7942.785264	5654.714165	799.9134845	15354.42881	14547.35181	12994.83815	14764.40378	15978.76225	1138.413307	1121.500158	14770.81475	11819.84783	13297.02023	86.61892776	134.7601503	2585.514814	240.6864835	18509.92217	16089.35587	3151.160601	1245.795555	18459.36596	13219.10314	19767.26916	17326.38923	17990.26007	13503.59285	314.6802523	113.8246777	1011.711771	1011.711771	8501.767718	8107.121186	189.6969786	1073.46	14101.56385	14413.18422	9703.740125	102.4136943	415.3069733	577.8522661	18280.39215	16492.29132	10932.40112	19565.40019	15918.62528	4998.342626	1411.793389	19621.28109	15335.53935	1344.658122	338.7331082	8212.959488	11862.58651	11318.54231	11318.54231	11318.54231	3063.043638	3063.043638	3063.043638	10523.21429	11242.26192	10523.21429	8699.204222	11318.54231	11595.02313	11595.02313	11595.02313	101.9192745	16758.08452	1553.248789	673.6603137	17830.6081	13354.51594	19200.18495	10866.74393	418.645664	19354.31277	18788.92734	16847.89593	12459.31561	14469.40654	39.22311387	12139.46376	12299.37377	15570.09621	9703.740125	7678.023808	631.4913065	10893.92149	18788.92734	10613.67617	6261.528264	1824.910217	10290.11151	117.1617915	15329.61537	13234.03181	14611.67866	737.239191	13320.41	9966.071537	14785.60658	2048.061797	10975.42108	13096.08593	800.220749	7125.694508	2162.589725	1786.81612	11758.38364	12500.09576	15184.84377	4183.641948	2640.682505	4182.10774	0	280.3636364	17239.67071	13906.2839	3063.043638	7544.393146	21755.15019	1254.470271	791.9185725	1499.217188	15282.8409	5734.689715	19825.04234	10849.90788	19326.18855	3497.255205	1186.098637	717.6978517	844.3382573	18374.54886	10012.70292	12378.31598	9662.769791	634.8816471	10230.42906	9171.50544	15073.60337	1929.145025	875.9239619	11781.03899	20723.1463	10546.47876	18263.81775	10546.47876	13506.99283	16386.05195	2229.839636	1987.05	12474.86455	12504.57638	670.634869	11791.16847	7891.724688	16246.16416	7984.620782	1236.723793	221	108.8605341	273.2383597	213.6435112	143.5508196	13796.57418	312.0059187	10155.65381	12698.85734	21920.98004	11394.75267	15659.84669	71.48911223	17642.00132	9482.005587	16919.5054	661.2456269	3311.028107	3219.778461	3666.15995	15918.62528	332.1572699	442.1559241	1463.223706	477.2252306	38329.18033	14814.54069	10058.15523	413.4166012	1300.688893	318.4762566	3426.810696	10526.66442	10364.97309	26.39376723	15049.02465	15049.02465	11747.12876	13082.04129	14649.62152	11693.61127	1484.674758	7610.665236	15107.14231	1916.073496	11070.18117	11735.83108	19729.07695	15459.91421	17396.58695	893.520041	10186.94143	18497.63334	14917.49892	15837.75565	19690.80231	3120.373874	1762.418427	18374.54886
Plate1_3974R_0_M_NS1_week10_S79_L001	19888.60776	231.2882614	110.86	4001.015522	9789.330932	26177.80246	1738.75339	216.2721895	1563.789631	15339.52031	16467.00424	17329.97895	13624.82536	131.2423105	14566.15822	21349.95452	20816.98605	700.392728	17264.79488	15979.64286	16566.09028	19005.27505	12792.58642	21094.35016	394.689882	771.9095686	501.7577588	23113.94243	8940.231039	6053.931495	18577.23179	7402.516443	11397.52225	11937.73179	2762.326639	13123.0444	84.9804774	5934.956277	951.2573363	2762.326639	20613.76815	22075.38128	11205.77418	17781.9695	22329.32487	10645.21234	414.096613	21175.7335	7274.697514	756.7982579	438.7316478	1300.520128	120.9381818	555.183577	509.3136277	2891.728334	8737.454579	19082.69203	11828.20429	19396.28864	21121.60237	1610.814182	186.718392	310.3309765	448.0988627	15213.70864	225.2259622	3707.297076	17216.55407	24335.53834	3140.813259	216.2721895	196.86774	1126.546898	24342.43754	1088.245586	1238.23411	722.4220269	3433.521764	885.5790389	7068.52645	106.0201936	2368.95328	3395.300917	25663.87647	7403.775873	5218.607087	822.0658996	18172.97875	17307.91348	13973.06905	16762.59345	18831.1894	897.6554042	922.0270851	17443.33038	12886.87987	15999.6587	485.5206107	559.2846061	2060.511331	608.6386335	21354.85953	18094.60457	3171.915636	1006.68214	20990.47184	14241.48868	22946.29463	20149.37267	20785.7505	14772.43891	299.0802995	111.5463541	908.268879	908.268879	10561.38418	10077.43176	794.9034174	1159.94	17293.65339	16104.67071	12281.21861	111.684646	245.2668972	366.0596327	20654.36408	18205.1958	12338.70338	22609.01013	18632.63764	4711.003563	1448.758133	23004.63738	16381.95294	1043.244757	147.1491973	9970.879703	14368.31713	13786.92323	13786.92323	13786.92323	2819.798797	2819.798797	2819.798797	12868.70845	13641.54375	12868.70845	10535.91845	13786.92323	14048.35579	14048.35579	14048.35579	106.3922688	20566.44381	1286.515917	347.1839748	20567.64415	14155.59443	22256.35098	11238.18931	184.507791	22847.91544	22242.5053	19758.8251	14878.21387	17285.41795	49.32470016	13456.81923	14633.80239	18173.38207	12281.21861	7635.019451	691.9686651	12274.86654	22242.5053	11022.16784	5546.110503	1783.451273	9667.154414	96.37350841	17342.62966	14745.21968	16472.8196	429.1544208	16064.56	10490.96101	16889.00871	1864.834987	11593.085	14068.34401	1023.570995	7729.65471	2028.483672	888.4479356	9896.323707	13267.65664	17463.277	2366.176452	1252.481302	2365.715632	0	120.9381818	20517.36937	16659.16768	2819.798797	7746.557438	25240.89673	1157.500544	605.4235006	1049.955557	18614.72615	4455.31482	23844.9563	11330.20837	22457.50361	3422.053956	1961.743336	824.4762489	393.4807214	21121.60237	12108.44788	14657.86308	11786.60809	813.8188193	11354.47004	10890.50706	17750.08509	1687.655292	1121.639518	14211.09478	24195.64687	12752.79681	20832.23628	12752.79681	15996.08943	19381.67834	2030.627697	1964.1	13182.82236	14182.24793	452.370417	14011.37395	8327.464885	17994.01584	9217.711884	1370.418168	242	119.8528869	298.367057	1056.460956	108.2413763	15340.65415	139.9913498	11513.10985	14045.12555	25051.67561	11922.46024	18535.63576	74.60954606	20671.13955	11846.28306	20180.37738	360.9297057	2857.37312	2763.814363	3086.549037	18632.63764	157.5906624	236.617608	1195.345394	227.134111	42775.67527	17711.96414	12050.96178	180.7142716	940.7283996	138.1075043	3149.357066	11936.00247	10795.90982	161.4986943	17697.39708	17697.39708	12289.78179	14892.74544	17309.84838	13981.29287	1196.986074	7399.83677	17891.30978	1531.952608	9073.072084	12410.0365	24872.86299	17279.69825	20522.85975	393.9882282	12399.8266	22365.88151	16538.72245	18517.93009	23228.16564	2885.156707	1804.915921	21121.60237
Plate1_3974R_L_M_NS1_week10_S80_L001	20692.03896	322.8035029	157.43	4962.409858	10299.20829	27041.48406	1763.285183	304.3759108	1247.72398	15986.0502	16870.39393	17899.34179	14304.30865	185.6229207	16795.35115	22135.35041	21513.00895	963.9352228	17865.62611	15911.36255	17055.39351	19621.51642	13264.69367	22651.69587	515.2872176	1058.077694	653.3572576	24389.21974	11148.91907	6554.789336	19378.39316	8161.28905	11706.55573	11959.92033	3243.501341	13656.66653	133.0821341	6430.027853	1118.55067	3243.501341	21461.19577	24064.56257	11050.4917	18389.10946	23100.12994	10808.19424	579.133175	21914.53767	7875.907771	1056.586251	620.5314022	1146.275155	171.7418182	423.5109941	654.9116537	3330.629522	9486.238781	19701.56893	12353.92284	19474.42092	21944.17624	2214.081284	262.5246186	373.8740541	626.1702797	15762.14718	318.109238	4438.220364	17911.83875	25620.61856	3435.664857	304.3759108	275.5758007	1573.832839	25078.08203	905.9844635	1031.560502	873.1657609	3739.834929	681.5398915	6855.132304	172.3016693	2712.862463	4332.499957	26859.0068	8010.75444	5725.880791	949.3936581	18704.11278	17879.67011	14764.56315	17550.10861	19505.68315	864.1447552	934.1649275	18099.5459	13811.44925	16623.34536	498.9842386	628.2849337	1774.529857	696.0603711	22318.84599	18887.26313	3180.719873	1145.11513	21965.34509	14855.18921	23838.47553	20906.84172	21586.30531	15432.33219	279.7843528	155.6052003	970.7610239	970.7610239	10671.2906	10165.54158	902.9292917	1645.66	17787.67181	16784.02205	12292.56147	155.245305	316.3749461	457.6621632	21469.12532	19074.321	12309.70914	23405.51553	19349.33203	4877.686867	1452.238008	23878.57503	17537.73083	1097.642965	208.63465	10260.2276	14812.70194	14170.69132	14170.69132	14170.69132	3360.289037	3360.289037	3360.289037	13164.74189	14010.97259	13164.74189	10846.01375	14170.69132	14476.61956	14476.61956	14476.61956	150.5773855	21171.51008	999.2893624	426.7471406	21265.02966	17062.53551	23361.51234	14159.84476	259.9501043	23870.35853	23184.24785	20546.86173	15904.19466	18289.50702	52.61981094	14331.51516	14657.31511	18888.1761	12292.56147	7765.21896	1365.689367	12250.69074	23184.24785	13832.19624	5986.53999	2081.343847	10159.36273	106.8608811	18185.44772	15586.33558	17271.76763	555.2237787	16708.66	11014.34337	17335.36075	2048.543248	12225.90219	16685.25263	788.2716457	8264.205042	1815.942831	1217.443832	9326.882558	14219.17566	18225.65656	3213.551357	1740.148135	3212.954209	0	171.7418182	21229.10196	17297.64165	3360.289037	8431.93189	26410.09864	1393.50126	774.8189502	1351.577039	19169.87081	5537.436503	24945.30607	11987.70104	23175.81852	3238.289849	1667.341241	807.1340198	537.187398	21944.17624	12877.23083	15605.8306	12642.48405	622.8323859	12384.11546	11728.25426	18424.95605	1715.402613	866.8441295	15055.39052	24952.77397	13741.02818	21805.29059	13741.02818	17058.00061	20384.67489	3032.736697	2301.55	13730.57641	14609.50061	579.4224346	15563.15224	10325.20589	18905.38971	9726.996742	1397.298352	501	192.6260707	609.0487253	1077.006171	127.3444931	15989.09559	196.9955536	12147.59697	14957.49596	26741.77118	14778.60329	19555.88822	105.6651295	21381.9165	11677.62451	20581.78655	471.9990949	3113.059096	3016.062839	3261.45595	19349.33203	221.2159761	292.9639787	1499.335805	311.0881539	45382.32758	18651.89732	12851.14628	255.4629992	925.6045369	195.8917562	3947.501047	12461.40018	13521.41639	165.5460678	18149.59821	18149.59821	15211.77696	15609.44851	17917.41603	14492.0805	1155.301748	8446.545104	18603.68216	1320.549918	8445.384229	13037.43303	24990.2102	18031.59385	21184.7047	556.8170938	12199.41961	23230.56834	17306.7814	19246.03076	23823.40666	3450.146863	1968.962625	21944.17624
Plate2_036R_R_M_NS1_week9_S21_L001	18601.12357	375.0941475	186.86	5045.905668	11067.20696	24724.18955	1887.458866	364.2215745	1664.205078	14691.06095	14812.80868	16005.21094	13786.23365	211.7492504	14449.38369	19780.34937	20622.23448	1129.881672	15708.68553	14643.13197	14726.55565	17532.83914	13755.86124	20048.64262	523.0942468	1210.620504	790.3946238	21616.27371	9326.555263	7175.666758	17395.69463	8032.954306	10341.86704	11719.73858	2993.030092	13784.3066	99.80922855	7176.480633	1209.45087	2993.030092	19459.37265	22412.15267	10825.30632	16218.15669	20999.85814	9249.357307	675.187069	20193.99063	7754.688078	1232.464125	733.1631213	1324.573674	203.8472727	435.2891128	350.5137668	3807.716921	8640.612669	17577.75983	11774.7295	17612.22716	19891.93836	2512.777668	294.4306306	584.8786338	716.4898478	14591.28322	380.7273841	4460.397248	15382.0614	23726.47997	2937.291456	364.2215745	286.2950279	1874.383824	22344.22626	1071.307801	1220.146345	976.8966568	4214.979873	957.8791868	8462.731325	115.8667671	2262.290185	3753.514006	24057.60537	8286.889942	5661.410033	1049.702803	16690.5548	15774.04658	14206.53592	16088.19054	17178.11871	934.9382178	1012.756747	15920.38303	12622.56682	14259.85896	371.7210729	504.1628959	2460.282375	775.0721936	19999.03082	17312.71782	3414.193247	1372.907155	20017.08723	14609.54642	21257.72881	18693.08522	19303.85756	14367.8871	381.000965	241.8564418	846.200263	846.200263	8958.418604	8528.295838	784.4125347	1222.51	15009.84474	15587.85208	10118.99048	256.9834632	424.9291665	571.4808477	19837.97977	17952.55233	11979.67454	21021.48315	16955.7909	5343.167876	1769.562374	21190.25183	16794.7688	1100.002009	247.2568697	8758.892894	12719.9474	12113.65218	12113.65218	12113.65218	3261.221099	3261.221099	3261.221099	11259.34194	12060.84609	11259.34194	9293.448601	12113.65218	12429.14257	12429.14257	12429.14257	257.7100375	17846.98085	1014.295901	485.8154722	19373.46075	14545.85312	20904.32709	11791.55863	307.2601636	21100.69103	20469.34586	18323.99921	13228.45513	15412.04207	0	13160.7955	13339.4269	16836.57813	10118.99048	8139.233815	791.2795823	11940.69399	20469.34586	11526.40983	6549.056217	1841.057808	10796.48944	61.09081745	16694.32668	14499.19174	15935.71823	574.6370918	14280.78	11343.19589	16272.47525	1992.586895	12397.43692	14269.90695	1085.84153	8054.901566	2412.056646	1422.628414	11797.15761	13785.64945	16376.88001	3877.956349	2013.174059	3876.413607	0	203.8472727	18615.43268	15069.46244	3261.221099	8391.055648	23821.48062	1570.611276	461.4415468	1244.426568	16616.19331	5033.425399	21418.29713	12072.16114	20717.22093	3792.569805	1907.32315	855.2753532	642.0209344	19891.93836	10557.97503	13338.27033	10206.65404	866.1350805	11600.6363	9936.921562	16334.19266	1630.113598	1182.405924	12481.55795	22467.22222	11112.08949	19744.56424	11112.08949	14376.96467	17525.29686	1941.061298	2519.15	14116.13007	13708.34096	550.886951	12746.16905	8837.057855	17650.88989	8425.224864	1316.226003	278.5	209.6164444	343.5571278	845.7027375	66.19608857	14681.87778	233.7573701	11184.4705	13778.82576	23958.73695	12380.80143	16799.38323	181.2579284	18880.34631	9880.738584	17701.9116	516.7171375	3656.092036	3522.1203	3782.457597	16955.7909	252.9428803	301.6212883	827.4604945	330.4540547	41296.04132	15838.48105	10671.98376	301.5265354	1134.462216	232.243712	3118.174534	11580.34989	11257.43207	118.6841107	16173.71062	16173.71062	12765.11137	14303.83952	15892.01318	12713.17574	1497.455402	8261.808419	16275.00872	1828.320255	10980.74665	12731.54855	20954.61878	16695.67213	18596.73172	656.8557879	11356.72501	20003.31274	16018.45173	17136.92865	21209.03071	3322.909251	1665.059484	19891.93836
Plate2_1030R_L_M_NS1_week9_S25_L001	20686.53976	177.5481114	74.72	3330.419261	12059.94585	26703.79859	1488.514599	157.5566501	1524.0305	16439.37607	17980.48176	18390.79226	13290.92924	86.66235953	13311.76737	22238.95436	21341.34871	492.6542074	17617.33953	16646.70913	17261.35366	20160.96042	14539.97231	21788.97564	267.4709622	552.7539875	357.8521471	23432.30242	7632.825911	7082.766003	18991.21234	7856.24555	12912.18983	11808.54758	2826.392792	13822.44375	81.25710532	7487.540149	841.4900586	2826.392792	21024.14009	20885.06773	10908.03911	18646.35274	23054.17782	11400.67708	284.6531581	21572.60846	7885.965538	520.1040062	296.7652935	1231.536466	81.51272727	315.968623	226.072935	3314.595824	8015.56346	19576.00657	11587.71202	20538.95965	22200.26532	1118.470455	132.6988842	696.3704932	308.3860114	15226.46915	164.8967445	4244.821209	17251.31379	24717.32679	2760.356303	157.5566501	126.7085216	880.9978901	24627.96178	941.8946912	1073.279482	1151.208285	4146.182367	834.2942483	7721.692134	112.2351044	1726.31979	2877.864629	25661.20772	8440.565636	5614.164349	1240.133579	18654.58994	17704.99487	13613.83067	16904.01939	19663.96269	703.6433357	779.9840967	17882.19421	12472.8816	16133.15986	396.8084584	423.40631	2312.480588	1009.723417	21975.30126	18142.81548	3187.859553	1297.486686	21395.37127	14908.24456	23708.3762	20872.2431	21521.75018	14442.76975	222.8057235	166.8694023	662.2227382	662.2227382	11622.04508	11152.83475	875.6398653	1071.26	18336.85556	16011.0717	13470.67157	336.2138974	336.1192841	454.2980713	20905.3016	17789.58964	12507.38219	23096.78086	19588.1878	4474.063808	1760.063387	23803.29644	16439.32494	936.7007479	99.30151538	10827.65383	14877.91898	14144.52136	14144.52136	14144.52136	2824.876846	2824.876846	2824.876846	13310.34107	14305.74652	13310.34107	11405.77313	14144.52136	14602.25772	14602.25772	14602.25772	333.078838	21100.62024	758.9703587	233.8266427	21221.78941	12585.91578	22795.62573	9592.469755	125.8922842	23626.31465	23206.92635	20348.05765	15518.4572	18034.22101	49.05526235	13081.08203	14474.11387	18853.41541	13470.67157	8805.988529	511.4611113	12431.00554	23206.92635	9472.27139	6756.64746	1997.195281	9730.689207	66.06926974	17407.80859	14568.98034	16480.48171	356.8263496	16154.18	12022.53379	16771.0957	1852.09323	11988.74414	12564.78905	969.3476315	7847.265075	1875.878575	627.7012108	10643.48725	13305.35996	17881.21417	2810.135966	862.4491011	2809.576943	0	81.51272727	20939.45145	16957.47479	2824.876846	9878.66323	25564.61528	1875.926397	283.3125332	803.5897228	18938.6347	3540.541579	23996.61782	12360.2389	23054.82094	3391.31261	1783.80148	860.4066846	272.8037179	22200.26532	12632.18852	15096.97915	12369.18066	769.59365	10966.73775	10971.38969	18352.15799	1535.247439	1064.844538	14840.31981	25428.54264	13290.54578	21719.59744	13290.54578	16662.4512	20190.71761	1534.48292	2971.15	13780.30945	13833.16098	385.6600796	14938.88814	8136.794294	17791.95629	9636.654404	1284.132768	162.5	165.6770456	201.4737623	905.0519776	79.55994424	16415.73288	97.16224549	11036.37248	13521.0647	25417.95069	10361.8899	19238.62807	234.4371589	21405.29008	12388.22683	20579.59451	253.5517581	3688.469598	3505.537117	3523.25655	19588.1878	110.2299569	150.0056822	556.3057466	163.2675976	43309.09228	18413.67722	12466.09639	122.6372983	948.001976	93.17119131	2653.936977	12094.74963	9308.715139	127.9766173	18673.78282	18673.78282	10696.91931	15055.15105	17813.939	13917.52325	1032.58827	7562.854965	18111.27624	1717.608894	9841.398512	12262.37337	26008.7784	17157.30135	21331.87428	266.7495499	13043.40571	22665.52675	16252.9437	19241.54528	24249.46783	2850.955328	1559.204069	22200.26532
Plate2_1121R_0_M_NS1_week9_S29_L001	18806.86672	207.7856378	92.14	3661.928602	10977.09176	24907.00303	1637.706816	187.5497611	1540.50005	14684.08228	15310.20687	16250.46735	13385.52008	106.8053417	14484.69952	20059.82065	20457.88666	597.1846942	15996.11075	15064.17536	15115.56585	17807.96755	13679.42785	20153.35508	294.599515	657.3991805	429.6574774	21738.01412	9290.37715	6711.156247	17547.56861	7684.182136	10668.34149	11708.38535	2729.072144	13469.30711	90.81439125	6978.437023	912.2920647	2729.072144	19548.77685	21490.76493	10886.34522	16532.80006	21242.19491	9632.765203	348.7565151	20216.64376	7543.568636	634.4304984	365.0859774	1275.957794	100.5163636	351.5590819	272.0722033	3126.739054	8473.017279	17835.70988	11531.51265	18156.9372	20077.1397	1349.792934	156.2187873	538.9834551	372.9856941	14529.82207	195.7248238	3906.437433	15660.45267	23805.266	2754.302212	187.5497611	155.7888946	1008.199683	22693.72283	1006.858517	1147.357828	949.8602662	3899.095486	867.1955689	8144.320972	121.3115488	1922.195652	3467.147661	24187.74543	7987.960243	5462.504656	1042.961141	16957.26844	16045.88501	13828.17183	16037.42432	17561.99643	810.5446413	868.8670415	16204.55495	12415.58754	14524.87636	457.688412	501.3314165	2404.375827	813.6101551	20209.68045	17271.29038	3089.858088	1167.750513	20072.91636	14518.86126	21539.25105	18934.30603	19572.84533	14272.44358	262.0003606	175.7264783	717.1727046	717.1727046	9417.152686	8978.27374	932.9715731	990.66	15618.90357	15440.79153	10722.86578	231.8002827	293.3993729	413.2537063	19795.91785	17638.21083	12085.66434	21240.47866	17343.49849	4945.800613	1647.32341	21549.14202	16443.4356	1028.321094	122.3752489	8988.942599	13023.04323	12450.80276	12450.80276	12450.80276	3022.004524	3022.004524	3022.004524	11601.8958	12361.07668	11601.8958	9530.034066	12450.80276	12728.67569	12728.67569	12728.67569	222.4569576	18194.6275	832.2913284	278.1265623	19613.54322	14542.62481	21053.05415	11798.75386	154.3147068	21396.79732	20817.09177	18535.32942	13508.63708	15768.04055	40.18600618	13004.28458	13752.506	17069.68897	10722.86578	8100.056651	831.9236817	12036.40961	20817.09177	11543.27879	6273.925963	1825.630987	10121.96843	55.48639356	16595.71387	14305.66301	15818.36779	371.3746922	14571.19	11204.94478	16208.79823	2000.671309	11980.20308	14256.80528	995.5322213	7681.213841	1971.073243	759.2420824	11209.70236	13454.03547	16518.19983	2531.196615	1047.799648	2530.616167	0	100.5163636	18978.75214	15357.33127	3022.004524	8566.286663	23960.83171	1535.353526	343.5664338	903.3157664	17070.5697	3868.31652	21869.0562	11864.84769	20939.33258	3386.805775	1892.575349	866.5625331	332.1660141	20077.1397	10871.1078	13555.06581	10503.13998	792.3983873	11352.35429	10105.84895	16603.25253	1663.829378	1087.877909	12817.03287	22852.19931	11406.98817	19842.13379	11406.98817	14641.64082	17881.67203	1778.610592	2496.85	13694.01375	13491.44117	428.4550402	12751.54886	8315.455916	17440.7056	8750.713291	1284.184388	293.5	206.6768489	361.7664452	1024.311457	73.84428696	14677.31409	118.4484528	11088.86225	13594.06542	23895.07821	12394.7101	17095.76175	156.3506192	19182.12917	10452.83894	18011.96458	301.7938253	3453.648189	3299.087485	3502.938709	17343.49849	133.9905537	179.6114748	645.0284265	188.1391169	40667.84373	16195.43158	10899.45963	150.54622	1025.466949	114.8385195	2745.05027	11458.39904	11272.24662	150.1157202	16438.12258	16438.12258	12777.95766	14319.17108	16175.05049	12853.69349	1116.083405	7691.773726	16584.45396	1786.263363	10404.15067	12401.43813	21999.13249	16528.09988	18861.19241	327.8600406	11545.42191	20483.43454	15866.18162	17398.52232	21571.88744	3069.975795	1549.552965	20077.1397
Plate2_1151R_R_M_NS1_week9_S33_L001	20006.36851	253.9160954	115.29	4262.04501	12290.249	26245.28355	1935.655615	227.9760246	1983.968589	16021.96797	16254.06455	17193.87016	14632.31976	133.3257455	14806.83139	21307.405	22728.82135	742.3558151	16696.02134	15797.19731	15441.36022	18835.12228	15785.14123	21395.04055	377.2060312	809.7903638	540.7172073	22840.68045	9333.128628	7815.936454	18564.24039	9079.431317	11390.3423	12141.25865	3119.281405	14884.57513	118.5897633	8478.10039	1162.5971	3119.281405	20707.47801	23483.56223	11017.27483	17488.77362	22527.14283	9996.987045	435.1503982	21611.6708	8806.214174	790.059778	456.0633797	1398.184141	125.7709091	433.387821	326.6738823	3180.155809	8887.029703	18811.20163	12761.75832	18990.79061	21528.78831	1658.982498	184.4711989	343.0595916	467.697345	15683.52917	235.3155686	4945.474322	16149.2085	25632.4953	2817.792591	227.9760246	187.5999864	1173.218069	23879.67611	1279.819641	1456.429461	1111.429591	4614.81935	1144.202007	11077.87303	160.3145816	1740.860447	3266.39231	26049.34787	9336.048917	6447.10578	1101.631151	17723.53703	16696.38898	15080.78542	17118.78991	18324.39565	908.0900021	1033.862704	16946.94064	13499.36467	14892.83524	104.7374438	154.4339475	3437.105334	292.196434	21328.6668	18628.47854	4138.252044	1385.841969	21418.97371	15565.07301	22905.91749	20103.7232	20880.29886	15711.88849	333.2868555	121.5020188	908.033989	908.033989	9701.937821	9255.548971	229.574783	1327.66	15922.50515	16736.93985	10836.71801	122.825629	270.9268668	402.8310926	21130.81611	19461.46424	12911.18219	22390.83683	18191.58053	5856.764413	1975.820544	22689.50964	17878.96373	1432.621763	153.0231815	9282.089421	13377.26965	12751.78826	12751.78826	12751.78826	3398.637767	3398.637767	3398.637767	11857.16367	12684.376	11857.16367	9851.266264	12751.78826	13078.02482	13078.02482	13078.02482	116.6567432	18952.49595	1015.430291	346.7421249	20786.90587	14738.35407	22252.2266	11767.29617	193.3059392	22259.79914	21659.22743	19380.26833	14127.07363	16463.47231	61.93787565	13921.04256	14138.89085	17970.72881	10836.71801	9345.475775	454.9562635	12865.55782	21659.22743	11513.82665	7230.888027	2121.839736	12413.22639	75.51168484	17751.34355	15346.2134	16951.65155	466.2767441	14996.34	12292.37644	17117.94469	2822.634729	13200.86147	14478.57951	1297.704211	8435.094619	2569.207883	942.100472	14684.40603	14613.84745	17502.14991	2469.790869	1298.535547	2469.126064	0	125.7709091	19782.59397	15912.61574	3398.637767	9143.733667	25240.30686	1694.485575	413.1804543	917.6537785	17417.55363	3935.068495	22417.56851	13083.02915	22402.69995	4321.768259	1899.652227	880.9717436	416.298954	21528.78831	11194.70006	14180.81523	10892.33581	1038.500705	12032.03878	10410.64793	17378.13651	2299.97624	1409.721408	13242.9457	24229.69963	11831.38989	21287.18672	11831.38989	15366.78096	18742.16084	1398.056826	2706.9	15094.64012	14625.17765	592.2537904	13671.49995	9325.423161	18894.21281	9123.333995	1277.401715	156	104.4976077	193.8921746	259.6608968	102.6106282	16004.00814	147.8315014	11770.5691	14525.93812	25367.11327	12419.91446	17898.17797	81.82483286	20116.17767	10565.61916	18969.71047	378.6500978	4031.675307	3883.744116	4235.305548	18191.58053	169.2009266	222.8859659	776.4757678	242.604084	44012.34168	16910.3142	11298.94193	188.5595377	1448.312952	143.6219937	2621.41559	12145.31989	11248.13787	31.94217864	17282.10191	17282.10191	12817.94219	15231.34167	16889.87405	13255.86809	1449.316799	9204.71997	17282.48218	2545.690906	13956.629	13896.00715	22361.57974	18004.85409	20054.78544	409.3955668	11696.71371	20981.63439	17207.99461	18310.01768	22753.4329	3444.659476	1569.560815	21528.78831
Plate2_1193R_R_F_NS1_week9_S4_L001	16977.30698	129.8913502	51.71	2596.490654	12283.60444	21679.25732	1331.728152	106.1164339	2263.996404	13624.24943	12714.52324	14005.45454	14520.60213	61.82096932	14932.30569	17796.01986	20202.26441	349.8029337	13554.58021	11986.5534	10593.18869	15325.45403	13798.86192	19825.49053	172.3071048	384.5356925	276.2379825	20023.8737	10711.28953	7535.440939	15821.14368	9562.082071	8747.980555	7798.134318	3885.547245	14462.78095	81.52125091	8684.480021	1237.165532	3885.547245	17521.47674	24133.67925	6379.345017	13701.66305	18703.30071	8921.366584	202.9014412	18264.07592	8430.143716	363.0229711	205.6242896	1832.307413	56.41090909	435.8334075	314.9985238	2880.288916	9017.551279	15538.64213	10643.90012	13323.82975	18564.72232	779.6714408	90.47497628	271.7674958	218.3404058	12640.21287	108.739961	6072.207977	13174.93426	21701.49048	3013.435524	106.1164339	93.39008909	554.3747992	19268.91049	1512.70244	1717.72616	1677.535844	4531.134179	1501.180311	7407.013094	199.7290872	948.9121592	3600.868541	22740.53253	9044.578842	6411.062872	1672.097769	14408.26764	13698.12978	14210.74818	15573.71435	14373.19697	637.6827087	704.332658	14004.91326	12635.95025	11852.73444	86.01261594	117.7833643	1852.286801	222.8710812	18307.95835	16435.93169	5636.236682	1823.364485	18584.41332	14618.72029	19236.81534	16860.18981	17574.16048	13529.58895	183.0705599	81.99832552	1039.645167	1039.645167	6935.221071	6541.496687	186.0033573	2463.8	10625.22992	14053.22646	6168.632935	92.87878533	161.9147124	258.9580656	18174.82684	18375.01759	10816.49438	18011.6679	15144.25367	6002.975254	2679.899294	19024.1818	16530.57644	932.3226556	68.80473445	6629.442679	9973.558643	9203.063298	9189.576898	9189.576898	3913.665267	3913.665267	3913.665267	8198.140771	9161.860113	8198.140771	7108.942536	9189.576898	9698.620756	9698.620756	9698.620756	82.85694414	14574.93972	995.7216065	180.6242191	17098.50069	16291.18899	19549.91338	13883.86429	87.9021505	19351.63596	18672.57705	16554.56063	12351.55951	14062.25523	54.47992463	13124.14334	9295.320313	15231.88442	13734.91446	7233.972418	582.1061155	10808.7028	18672.57705	13457.28277	6687.133009	3124.686662	11534.34662	34.50615991	16241.56433	14619.21431	15664.94429	254.5576941	12102.68	11618.14795	14213.01814	2663.516421	13648.19928	15540.90348	1646.893158	8454.573515	3014.879758	446.8048612	10598.74914	13458.05332	14893.20001	1305.671506	598.9217861	1305.30918	0	56.41090909	16000.18769	13465.02035	3913.665267	6197.877319	21351.07108	2357.673687	370.1127669	603.2773276	12923.16198	2654.833118	18094.95258	12664.04278	18597.90669	5101.47834	2410.954052	1581.12405	197.3934854	18564.72232	8751.441989	12492.62296	9402.853797	1333.07088	12155.59982	8736.387734	14575.89536	1599.155252	1744.535402	10545.64127	20235.67988	10326.44089	18732.97424	10326.44089	13477.96431	15947.79869	1392.00147	4099.4	15024.11846	13460.08725	864.6284481	13421.2203	12471.29872	16883.60325	5596.318674	1659.610947	202.5	98.59964262	250.7980039	213.6269643	58.04471251	13615.79572	68.08358988	10183.3336	13392.21853	23533.27729	14242.63556	15467.37583	58.09932855	16261.32295	5558.209389	14849.79397	199.4603875	3930.553451	3823.800108	3875.945498	15144.25367	82.68914613	124.5433753	697.6681724	124.8383221	40656.1306	14348.01119	9113.65512	85.47477291	839.4067415	64.53765253	2560.296943	10038.3889	13089.27677	26.09404656	13676.14873	13676.14873	14660.17723	13643.75923	13668.27661	10051.72091	1579.197688	11834.46485	13925.98701	1381.667498	9166.44577	13161.82728	13977.15707	15233.55889	16211.91824	184.7417815	7265.187607	16494.81493	15491.31816	15566.9027	18544.38747	3882.091748	1672.172464	18564.72232
Plate2_2529R_R_F_NS1_week9_S8_L001	17350.41491	377.4669099	176.58	4702.815202	10547.50681	22088.81349	1773.840147	347.445156	1631.012742	14108.11723	15443.57468	15695.11079	10924.52868	202.2697604	12175.51354	18590.93166	17838.93185	1076.329592	14660.853	13525.21901	14741.77593	17185.0556	12788.58255	18569.26027	500.4666708	1177.659157	736.4991975	19718.04033	7540.30516	7228.613517	15781.21828	6959.068652	11063.42901	9163.051374	3404.936972	11392.28695	187.2429522	6987.068922	1347.39681	3404.936972	17431.32059	17369.20027	8306.401194	15646.14149	19226.51869	9602.312089	626.5314817	17918.9484	7513.270631	1168.165439	692.0510753	1303.334942	192.6327273	427.3706654	403.6685402	3874.769085	6337.078529	16113.66314	9459.172551	16648.71818	18532.75206	2356.387738	287.0106329	607.0122743	674.3599496	12471.17958	360.3820036	3999.537671	14142.68384	20773.75501	3180.790369	347.445156	289.5055488	1790.969504	20049.92022	896.7092047	1022.325937	1146.292875	4455.194739	777.5837164	6074.812553	260.8794312	2807.278191	3194.194282	21203.35153	8159.463091	5440.302151	1278.256902	15290.1583	14583.47993	11203.05615	14027.71705	16556.28275	928.5017144	947.6881401	14906.94401	10273.17957	13257.82574	805.1893817	916.9896124	1586.259863	1252.160182	18373.23065	15001.39356	2807.005594	1404.487138	17934.42486	12537.97042	19866.61361	17433.96959	18024.06816	11672.26152	321.343831	263.6180971	824.3861075	824.3861075	10094.74746	9714.198522	1545.657474	1203.8	15485.19837	13174.86311	11411.48905	292.4482465	417.5908458	559.6652503	17269.1918	14695.23982	9935.710879	19281.6116	16693.60215	4509.559133	1751.326619	19863.83563	14269.35115	964.317314	233.1392796	9226.734066	12302.69105	11574.9559	11574.9559	11574.9559	2754.223595	2754.223595	2754.223595	10875.2734	11864.3484	10875.2734	9701.891539	11574.9559	12097.40474	12097.40474	12097.40474	295.5830962	17474.44164	1004.6288	451.333179	17127.13656	12015.69377	19196.09934	9465.641657	290.5517338	19726.39333	19413.80244	17013.34088	13693.1314	15731.08966	0	10764.71229	11265.88157	15879.297	11411.48905	7683.392261	654.2773927	9874.066458	19413.80244	9357.824672	6524.431579	1867.503453	8717.688676	65.29157226	14453.11483	12038.63842	13649.85119	585.0791074	13284.3	10048.23886	13305.43322	1797.185762	9790.942668	11728.54387	896.3288621	6004.996823	2071.154424	1351.798859	8804.685009	11636.50331	14872.74978	3854.183288	1907.170295	3852.752013	0	192.6327273	17379.05739	13802.58287	2754.223595	8574.872007	21353.2533	1797.874693	520.0044866	1596.878162	15648.11167	6028.159503	19813.48334	10451.02955	19108.46346	3271.01446	2229.213392	318.9793391	604.1569968	18695.714	11135.72552	13028.13524	11048.83883	712.3153042	9324.973204	9524.16666	15366.28247	1398.796018	984.6594445	12933.82843	21423.62772	11934.40398	18336.64158	11934.40398	14614.33819	17425.18396	1966.827801	3041.7	11252.9154	11177.91228	538.4512239	13481.99498	7890.52149	14928.73107	8407.274025	719.5833004	228.5	197.8898739	282.0625335	1602.039092	69.44313355	14077.30167	222.402577	8949.148985	11114.21209	21703.34295	10140.6467	16551.84146	208.117719	17871.06056	10096.33516	17123.14386	492.6139673	3594.086655	3508.322664	3644.551934	16693.60215	242.6467653	290.0530963	944.6178549	312.2574885	36962.14891	15822.76922	10923.71719	285.1638615	882.9727328	219.1033442	2996.767177	10132.23783	9183.61129	282.1755633	15727.8479	15727.8479	10464.49715	12578.51188	14759.92377	11286.37019	1300.759664	6725.584042	15099.85586	1176.528465	8099.49501	9996.155191	21107.6738	14219.71816	17820.18856	620.9215137	10764.03898	18717.88595	13363.01118	16133.44206	19900.6326	2790.194949	1873.318659	18532.75206
Plate2_3861R_R_M_NS1_week9_S34_L001	17987.34334	180.8147054	67.15	3218.055702	13977.28226	21911.99277	1777.052489	143.287199	2387.864679	14004.24614	14926.23719	15403.85251	13495.73759	78.12887103	15212.70018	18623.17144	21428.88223	452.2646323	13887.41431	12407.63501	12243.88684	16817.74326	16109.58515	20636.69437	232.5149505	498.8573791	349.3537263	20153.35414	11499.606	9336.711416	16217.89267	10679.92774	11319.75738	9371.270152	4325.029461	14973.22072	110.3972635	10919.98463	1461.909229	4325.029461	17859.13128	22161.99166	7960.77225	15262.23192	19662.85353	10901.57451	261.9796631	18696.76899	9798.921394	469.5736651	266.5344799	1794.173272	73.25454545	309.6172748	217.2319694	3807.944934	7762.056436	15752.45609	10891.374	14281.10329	19488.10485	992.0426599	119.5712848	729.6896407	276.6628636	12999.97393	149.4046334	6473.543508	12708.95718	23199.05209	3258.421701	143.287199	112.0629269	790.6854292	19123.23511	1546.214432	1757.681999	2059.184442	6111.782931	1439.382825	10827.89129	323.0011617	1310.205573	4177.88933	22862.38887	10864.81406	7405.860002	2015.305805	14461.08595	13827.39407	13611.06387	15461.7824	15573.65231	682.4573449	949.4891947	14329.27109	12367.57922	11574.62294	104.1283525	144.2073798	3118.385979	703.1871605	18913.88643	16600.60953	5441.90317	2114.466691	19245.89283	15239.24005	19993.2885	17499.61823	18405.97934	13742.82591	228.8160823	156.1290338	963.4657336	963.4657336	8302.646289	7923.238245	242.0715717	2175.91	12570.74718	14287.42393	7791.5949	335.3768196	353.7256885	511.2860353	18326.28008	17810.10179	10721.99695	18578.61553	16335.53014	6946.287824	2816.819854	19839.11205	17359.79374	1395.815846	89.24420487	7570.980698	10293.37983	9791.23179	9745.438543	9745.438543	4483.344839	4483.344839	4483.344839	8967.621296	9678.775131	8967.621296	8071.390776	9745.438543	10089.32422	10089.32422	10089.32422	304.8431262	15871.23219	733.039109	214.3080114	16269.63512	17407.22435	20074.11996	15110.14821	113.7510695	19685.49821	19272.52047	16861.31364	13466.11152	15260.37077	46.81690012	12571.00952	9506.492213	15886.7356	14797.6217	8865.96127	1080.343353	10700.51323	19272.52047	14726.13579	8792.539478	3353.610397	13576.3084	54.1442221	16032.54674	14116.51999	15350.6475	343.7238724	11774.82	10765.05866	12385.88359	3235.935287	13567.3799	15950.53471	1608.484865	6177.368221	3031.405423	576.7161325	14179.35751	14285.03617	15344.05674	2513.448192	772.2510254	2512.269114	0	73.25454545	16393.76586	13003.87414	4483.344839	7766.769622	21732.56871	3008.962854	275.3800082	838.9506281	12870.08478	3522.682106	17870.62311	13184.69223	19094.80572	5168.978487	2382.213822	904.5013664	253.8590731	20975.73106	10121.64414	13218.35824	10397.27996	1298.048429	11618.51107	9473.853735	15124.91012	2299.381081	1726.567455	11885.41957	21663.07959	11412.47822	19731.98417	11412.47822	14618.41744	17176.12054	2028.329342	4966.9	15174.11876	12536.00085	855.5453378	14393.69388	12646.42397	16752.93849	6775.161545	1362.07833	388	285.8188948	479.2648611	258.4699043	69.1971884	13982.45911	88.3239102	9355.166817	12745.73725	24098.10544	15492.71677	16412.06898	214.6920032	16875.16432	6179.872603	15027.3965	249.4730052	5272.0583	5125.860246	5151.726017	16335.53014	106.2443188	138.6299614	518.5623356	147.4421204	41158.91061	15316.4677	10311.42858	110.5112273	1359.025503	83.73404229	2957.027787	9783.878355	14319.94233	31.64125964	14758.45702	14758.45702	15974.34608	13766.71166	14136.88664	9609.549637	1570.733846	11865.70807	14222.10906	2304.661793	13469.35699	13262.73937	16124.48632	15712.59849	16985.577	239.4679165	8376.505854	16387.67484	15357.05574	16239.46591	19017.20689	4562.305449	1816.882929	19488.10485
Plate2_3971R_L_F_NS1_week9_S12_L001	19900.04366	196.1477926	80.28	3463.83715	14830.15474	27421.51295	1697.415639	165.9969928	1835.076915	16448.2315	15231.97945	16739.17495	16768.76534	91.86274968	15220.02534	21090.11888	24274.47397	536.3176271	16194.23394	15633.19104	13395.85869	18324.54014	17021.92605	21953.21106	289.2338151	585.4048129	394.8235955	23018.92569	9792.186715	9007.790268	18934.01898	9571.874271	11177.68215	14647.68891	3904.691514	17147.90629	114.0048983	10130.6835	1132.978283	3904.691514	21110.42931	25763.06436	13688.07402	16555.22717	22959.16665	11184.42814	308.4004417	22392.62226	10215.25057	559.4099182	318.6570355	1382.296758	87.57818182	277.362348	189.4353727	3315.075485	10285.58218	18957.88336	14361.32999	19028.29335	21891.66769	1189.462691	133.7716366	477.3387243	331.1066913	16651.55882	170.9287032	5791.313845	15588.76281	27306.2441	2669.807292	165.9969928	128.2370229	882.39432	24196.57205	1197.547664	1367.222842	1802.128475	5366.103995	1070.657765	11246.1411	201.5726305	1604.851401	3533.589318	26762.89452	10801.2656	7691.391695	1831.287065	17420.14665	16416.23397	17289.08401	18110.75921	17814.78395	672.7015067	901.3233327	16677.89894	14334.48651	14253.84306	216.8170861	273.5620998	3335.673539	535.6914312	21667.99521	19506.58334	3827.439512	1859.72534	22212.05512	18287.81187	22737.48623	19978.49919	20821.01427	16412.50808	249.9531621	154.6355514	752.2903625	752.2903625	8156.251558	7722.570596	467.5545997	1310.55	13290.66873	17983.80808	7973.487928	201.7936098	272.0826459	395.4839794	22207.25449	21889.29116	14028.70658	22569.49403	18008.82063	5996.580921	2306.946425	22596.58678	19814.06101	1320.013177	106.7454163	7584.428927	12117.09665	11257.67052	11257.67052	11257.67052	3461.72585	3461.72585	3461.72585	10160.94679	11240.30329	10160.94679	8155.596382	11257.67052	11748.73876	11748.73876	11748.73876	187.601642	15675.41733	659.752453	240.3897741	21821.84916	15465.2168	22613.16594	12354.2025	135.7188145	22639.93602	21870.21993	19772.48133	12191.90025	14508.00336	54.57383298	15487.4569	14702.49913	18047.44812	14031.24597	9239.489572	715.0727428	14020.15755	21870.21993	12033.06427	8720.682821	2775.368226	12691.3989	71.04516314	18810.35665	16992.97992	18131.62465	409.1397637	14337.1	14639.98004	18965.25489	2660.570278	15572.20884	15136.59446	1193.266166	10137.47957	2363.645627	684.138841	14886.23565	16246.9495	17868.10245	2227.932662	920.3389748	2227.4291	0	87.57818182	19132.56511	15443.85268	3461.72585	7815.241267	26081.4914	2624.426827	246.1663508	849.7680729	17086.86193	3670.325785	22014.00011	15196.65142	21787.06325	4120.314193	1900.918714	992.6291354	296.7459443	21891.66769	9230.53619	12995.98185	8894.76713	954.7716866	14012.58237	9473.197479	17315.26497	2178.822197	1283.612995	11246.19222	24126.53775	9717.947084	21911.68676	9717.947084	13599.42709	17165.6294	1470.255518	4464.25	18029.07998	15525.04362	529.6146904	12495.49316	10060.28012	20405.55674	6781.24886	1293.221891	249	174.3840302	308.6500756	527.2375146	87.312985	16427.72825	105.1527887	13526.27582	16348.15186	26050.86881	12953.00353	16552.07956	131.750115	19503.71531	9681.813657	16121.0775	277.4543574	5053.976747	4813.823098	4841.956754	18008.82063	121.6998827	149.1646901	476.152731	176.0341951	45704.30098	15270.45401	9571.248595	131.9741246	1351.864161	100.1427282	2453.937024	13092.66328	11713.33405	66.86688589	16753.93523	16753.93523	13384.29449	16211.26921	16570.23565	13310.12499	1262.715646	10081.81957	16968.72802	2481.708697	13942.96764	15494.06341	17771.63888	18385.76665	18526.2019	286.0332618	12297.9093	20490.98819	18439.26914	18447.03166	22305.9983	3499.149791	1467.424234	21891.66769
Plate2_3975R_0_F_NS1_week9_S13_L001	22817.27922	138.1456967	56.57	2915.213842	12787.51144	30681.86604	1541.016736	118.6210855	2059.555729	18521.69663	15773.45788	18210.54511	18968.94914	65.66893069	20553.31524	24015.94697	25835.57141	380.3728343	19229.45736	17430.64007	15697.09545	19981.62973	15675.422	25873.41656	213.4344968	420.0855441	294.0202756	27366.6864	14397.65965	7342.396964	21582.64104	10453.7309	10826.93401	14639.42612	2941.856963	17990.49097	75.25007342	8031.800073	974.4185579	2941.856963	24145.25561	31917.3706	13391.79051	17851.20813	25692.24769	9492.620058	221.5386352	25033.569	8214.221157	397.181161	225.2283485	1543.748444	61.71272727	219.4738253	172.408569	3057.948769	12857.31737	21675.1244	15504.05928	20403.45247	24350.81218	865.5507931	98.50632645	490.6652084	230.5474952	18381.39023	123.8841279	5836.1026	19252.56829	29392.65224	2796.129334	118.6210855	95.34202497	654.6674364	27793.54115	1375.266309	1564.537759	1099.556711	4100.545375	1271.953184	9490.310134	115.38188	1331.04802	4567.498255	30324.35711	8784.330836	5909.452344	1141.456305	20682.09429	19475.87633	19315.04114	20446.81309	19889.38647	593.4378063	811.3431501	19484.45162	16682.52445	17529.51154	231.1073289	264.5357722	2582.846225	574.7414724	24803.46145	21909.3319	4427.286881	1308.376532	24971.31182	18414.39456	25977.75931	22875.35315	23514.62277	18500.03943	193.2435902	123.6043485	784.5322517	784.5322517	8888.833902	8364.856348	502.4831239	2256.34	16012.10665	19976.64702	9680.222656	214.0650165	250.3566828	368.5195454	24954.15723	23785.16504	15123.67119	25566.19052	20481.24007	6190.014724	2058.137278	25822.14641	21565.73123	982.5132821	75.30667916	9574.900438	14911.3133	13849.49631	13849.49631	13849.49631	3764.718176	3764.718176	3764.718176	12485.33929	13815.68267	12485.33929	10236.8757	13849.49631	14479.58506	14479.58506	14479.58506	193.5543748	19886.84103	529.0889921	172.0510762	24433.62541	21642.06998	26164.87387	18575.31578	95.30064688	26076.03774	25004.868	22487.32255	15966.82965	18493.88654	21.72099634	17624.12425	15759.26183	20441.57119	12617.11393	8707.473024	1151.363272	15098.98898	25004.868	17951.41792	6623.679032	2203.285406	13634.19114	56.41209261	21306.85699	19108.79208	20466.2178	291.4334852	17714.84	13808.06189	20864.47016	2830.216488	17122.0055	21149.70941	1442.396348	11640.61512	2588.24494	486.3184561	12646.96689	17659.16583	20249.4035	1919.508838	659.2168105	1919.169807	0	61.71272727	22750.46137	19286.1589	3764.718176	8635.441538	29996.57702	1719.687285	221.0564159	604.4796599	20570.05579	2765.125756	26694.24716	15092.05388	25322.98372	4321.167355	2221.144196	1879.806676	213.497053	24350.81218	11909.40487	16480.91679	12155.8586	1152.739887	16525.55656	12085.87819	19922.20169	1676.905282	1556.945566	14292.33239	26855.7585	13335.98937	24263.23492	13335.98937	17428.68967	21100.41989	1887.240372	2763.6	18989.04198	18206.21468	683.8968953	15831.83176	14034.65796	22887.39983	8232.483697	1673.330037	411	228.9756512	504.6980486	554.0458008	56.31424626	18520.63965	73.90943277	15229.16959	18549.74195	30812.12456	18966.28708	20424.25072	135.8848711	22591.75529	10156.34489	19172.42339	208.0967315	3689.709857	3529.23329	3571.123702	20481.24007	89.07330937	111.0992374	436.2005904	113.4330323	51694.57944	19109.32005	12318.42062	92.64578522	1006.063611	70.62810022	2679.922826	14520.2347	17453.10474	71.81635666	18340.67246	18340.67246	19510.23293	18265.58803	19469.53499	15927.55678	1382.216017	12165.7957	20000.46116	1926.571997	11524.13657	16805.03512	21858.77036	20770.18747	22062.46333	202.4064312	13198.91724	24687.09166	20659.04742	20858.59415	25726.97533	3874.285852	1513.515862	24350.81218
Plate2_3975R_R_F_NS1_week9_S17_L001	25375.64843	283.4577476	121.28	4814.531472	15174.09407	33466.97469	1965.674482	246.8578397	2289.299691	19520.63039	20926.10939	21991.40782	18090.29841	138.5864613	17548.12877	27170.18005	27697.36181	790.5547851	21382.07373	20143.28455	20259.56674	24103.84869	18743.07337	27225.91894	405.9669518	871.700828	575.9656567	29161.33256	10440.5338	9366.356075	23518.88176	10593.88153	14823.00326	15696.09878	3894.808623	18273.51541	159.8026581	9784.226889	1401.076188	3894.808623	26218.7976	28691.18396	14542.41157	22407.33743	28501.03657	13107.44574	458.9320878	27207.37024	10149.06583	836.0025658	480.6695926	1653.387088	132.3054545	375.0778947	273.2643537	4045.306972	11058.20505	24092.41866	15647.30032	24558.85763	27366.17794	1778.281642	200.6848996	634.3586431	488.5487413	19625.24763	256.1485637	5960.485806	20959.21269	32208.90691	3312.475685	246.8578397	192.0228469	1316.465562	30519.2207	1468.709324	1672.140086	1485.130322	5484.418924	1308.961174	10772.86733	241.5726657	2083.39339	3779.966111	32467.82223	10927.63161	7311.887056	1491.791459	22804.796	21530.12331	18566.53526	21521.40156	23548.38203	842.09874	1035.535495	21729.33298	16485.92353	19403.33926	277.6181723	365.3926479	3141.079545	732.0413952	27087.93704	23182.20728	4597.606732	1724.974486	26986.22825	19291.3766	29082.79504	25589.01582	26385.98475	18906.31471	358.4123717	224.4397055	935.669586	935.669586	12888.99007	12301.31314	607.8121941	1763.32	21090.17855	20872.20212	14701.44827	278.0216918	379.8146451	537.1315338	26602.34415	24029.61954	16019.5052	28479.51823	23268.18319	6345.661098	2431.599447	28986.58333	21753.38492	1337.133845	161.0906684	12278.16764	17567.75851	16821.65951	16821.65951	16821.65951	3793.291932	3793.291932	3793.291932	15736.8546	16734.15073	15736.8546	13004.13368	16821.65951	17188.37225	17188.37225	17188.37225	265.0741674	25361.25867	898.4754187	351.2655054	26251.98804	16906.04721	28282.38495	13101.50395	203.1474678	28857.29766	28132.12878	24953.16358	18286.26945	21277.12524	44.57114737	17234.14571	18278.89376	22968.18125	14701.44827	11157.21079	503.1231256	15951.01523	28132.12878	12872.99333	8561.800658	2526.701516	13784.66278	85.61289384	22269.80958	19115.31058	21207.96602	525.4105942	19496.37	15422.11118	21709.15896	2877.977304	16154.003	16838.88678	1498.554071	10786.5253	2908.782926	1005.158667	14870.31221	17704.25349	22144.48589	3231.901793	1381.263035	3231.114746	0	132.3054545	25402.46742	20578.32402	3793.291932	11810.29411	32115.76304	2288.864906	357.5080635	1125.51321	22921.50924	4866.71771	29132.98636	16151.95448	28458.11632	4824.019967	2359.409677	1035.737471	440.5051457	27366.17794	14646.65407	18274.37678	14252.83645	1195.913255	14961.26262	13457.82986	22285.87958	2147.853662	1634.07413	17308.53237	30873.83619	15395.82113	26912.26647	15395.82113	19803.53333	24080.21878	1574.325348	3650.95	18498.69222	18323.67283	648.4712477	18102.83124	11475.38609	23380.35967	11525.84316	1508.231343	172	158.8335508	213.6796347	665.0824401	101.0418631	19512.3824	156.6112011	14805.86093	17959.96667	32035.85952	14008.99793	23074.84149	186.2177491	25790.87553	14169.76823	24563.14025	397.6536758	4702.660317	4542.36862	4627.658444	23268.18319	179.3215198	218.136457	682.0194425	242.1805821	55182.81764	21863.46637	14732.87937	198.0115774	1336.721009	151.1664633	3032.29985	15598.70697	12616.19669	86.35523394	22297.67022	22297.67022	14463.77135	19178.07118	21617.81686	17328.99934	1627.764233	10634.22128	22100.40337	2335.89581	13811.53345	16543.67435	30054.19644	22410.45863	25854.04193	431.7472691	15562.46783	27392.74917	21176.70536	23417.13415	29357.33804	3844.89278	1844.181762	27366.17794
Plate4_036R_0_M_NS1_S62_L001	13234.11639	100.746174	40.86	1872.732478	9381.536526	18620.04333	1203.993868	84.70668502	1425.161647	10683.70555	8751.012931	10485.65598	12294.5207	47.11544226	11067.63764	13856.32574	16748.31826	275.4902199	10935.02319	10196.51252	7306.27436	11491.83752	11037.68734	14857.52243	144.2937762	298.36794	213.6459566	15688.75272	7467.422117	5638.430241	12692.88723	6469.257196	7338.135245	10398.87687	2288.205486	11901.09918	58.28303793	6288.068648	755.6942961	2288.205486	14350.83282	19242.7948	9849.168491	10640.29965	15366.1649	7444.312701	158.872831	15185.09874	6408.621444	286.4725462	162.507604	1017.150852	44.57454545	148.3487393	109.9082919	2110.78528	7870.24672	12672.50819	9663.419952	12212.57831	14404.17448	616.7469208	68.83228067	270.2086775	167.1212506	11109.85703	87.48057054	4124.360681	10524.35705	18466.85179	1837.465573	84.70668502	66.57266195	454.2485159	16453.58612	985.9559452	1124.247728	950.7180839	3238.469593	948.0434735	8066.127452	103.9407304	768.4800016	2360.815455	18323.42179	6731.884751	4811.807851	959.3357725	11716.6623	11082.93502	12606.94125	12324.37342	11185.94385	407.8251923	646.8178917	11075.44289	10014.31039	9518.676137	89.40586974	117.248856	2447.364867	262.5693684	14453.97793	13370.96736	2574.006131	1085.090357	15022.64557	12248.11056	15119.33318	13276.5932	13813.84864	11012.62421	140.4082191	81.49688583	580.6210668	580.6210668	4262.139114	4005.627188	197.1276805	1212.37	7041.031898	12117.71647	3789.497601	110.2253382	151.5682218	230.4240495	15176.61942	15763.54222	9517.252707	15134.41068	11857.86695	4473.948605	1644.656014	14868.74011	13896.7779	900.174449	54.38064092	4133.657127	7368.7817	6846.703057	6604.559637	6604.559637	2102.904017	2102.904017	2102.904017	5710.706353	6598.250353	5710.706353	4491.564732	6604.559637	7069.603649	7069.603649	7069.603649	98.63970058	9188.669448	352.4696692	122.8137667	14977.00633	11467.51876	15269.31672	9396.266318	69.01684165	14839.40305	14160.85646	13124.82594	7735.383932	9216.829724	19.62043251	10958.93829	9685.685199	11883.29115	8751.346968	5270.172665	376.768141	9526.550912	14160.85646	9092.525815	5245.850641	1643.215924	9341.885837	33.41816527	12880.74706	11904.96694	12456.26249	204.3771452	9607.58	9648.493386	13212.07602	1953.705164	11302.33024	11246.16557	1019.272849	7575.890875	1943.424758	352.0791113	10784.8223	11433.27535	11923.60679	1173.64854	472.5856491	1173.360631	0	44.57454545	12724.36599	10401.64938	2102.904017	3879.792772	17847.79559	1418.681408	143.4124156	415.027749	11586.84682	1859.534733	14777.73798	10284.18579	14412.4785	2750.204586	1539.825446	751.0138239	154.7043191	14404.17448	5317.842328	8407.711183	5547.921345	822.9117524	10461.88166	5838.766324	11446.41919	1522.335936	1071.775681	6653.758551	15644.43622	6094.177422	14568.87694	6094.177422	8689.114327	11007.82218	796.4469747	2322.3	12920.26997	11145.62183	389.3177859	7921.050874	7701.430821	14400.35154	3517.611781	939.3808611	130	91.39989819	161.4410391	221.0102483	38.6881304	10679.26147	53.5512939	9804.891	11750.83209	17982.33973	9716.134569	10675.77742	69.22703376	12794.87965	5843.750269	8866.875638	151.3870127	3077.010252	2939.365518	2988.941056	11857.86695	63.65425469	78.06671351	271.3658314	84.33636449	31417.4577	9783.534784	5614.050411	67.04539602	946.8724561	51.00510628	1467.595368	9005.153822	8827.215266	27.2918941	10109.13958	10109.13958	10036.54419	11029.51432	11054.84265	9076.357517	1019.615137	7388.179492	11383.99085	1821.740697	10114.14979	11143.73776	9173.48027	11187.38658	11749.00512	145.8784143	6861.774042	13673.45777	12906.32496	12126.55001	14629.2244	2139.5391	1005.685822	14404.17448
Plate4_036R_L_M_NS1_S63_L001	12350.44657	96.18171774	41.71	1883.01243	6964.535741	17160.42845	942.9555814	84.57375317	1129.831214	10215.00309	8820.60236	10069.12339	10361.71762	49.12296539	9535.147924	13170.10893	14276.69466	276.9787287	10520.70073	9808.483294	8763.274283	11049.01529	8682.476781	13593.00806	124.9027833	303.5213333	209.1809963	14787.76654	5943.819579	4081.157694	11837.08704	5185.091149	6013.69086	9103.436624	1746.155381	9813.085379	49.35064161	4358.175652	579.0781303	1746.155381	13273.68407	16522.34259	8716.252629	9932.325472	14183.97344	5328.954631	160.5961751	13879.56488	4836.881411	290.8309292	165.7990766	799.4694707	45.50181818	202.3843349	169.3162221	1620.639686	6816.607624	12028.55055	8718.684797	11868.05342	13349.37228	628.7759354	70.75041474	154.7281502	164.5948008	10338.52016	87.22279289	3037.845865	10555.4797	16411.3261	1521.840989	84.57375317	72.49311434	446.4625172	15594.75492	674.8696585	769.0613379	635.4958726	2264.660428	690.9945667	5228.103092	70.68856355	544.1132654	2030.742562	16723.48764	4986.728979	3505.026947	648.9836702	11325.90042	10653.35269	10586.29012	11192.03137	11040.96936	445.8055125	499.0517771	10678.14955	8877.235276	9649.317988	98.82436586	128.641393	1507.726507	204.8468335	13462.96834	12071.87488	2198.713705	764.3396216	13703.65763	10274.90977	14248.61726	12529.05147	12913.29822	10190.01808	135.425545	65.05015885	506.400589	506.400589	5039.451186	4751.490724	206.7462503	990.54	8847.333625	11129.88724	5451.515011	73.24778501	122.3638121	186.8720287	13774.03869	13433.53674	8501.868975	14223.93993	11226.91838	3247.185217	1161.214525	14156.7902	11684.77889	622.9065378	55.49354231	5087.858213	8172.014336	7605.105244	7605.105244	7605.105244	1836.643119	1836.643119	1836.643119	6859.500333	7569.990639	6859.500333	5448.346555	7605.105244	7919.513718	7919.513718	7919.513718	66.68617474	10747.89115	477.2134996	132.2352235	13707.70391	9391.774048	14204.76366	7451.531118	69.76788988	14240.18327	13668.94828	12409.17928	8017.69129	9462.662745	0	9621.490939	9395.594247	11220.40142	6423.669751	4925.654219	446.1266509	8489.4888	13668.94828	7258.05797	3575.38041	1239.211025	6995.382466	17.31484019	11658.68774	10445.61926	11200.12742	170.3545944	9717.26	7808.795962	11876.25009	1387.892552	9046.417367	9369.911007	777.3368459	6207.522695	1442.832114	353.5415611	7305.546687	9539.441568	11116.48557	1044.588166	481.4050183	1044.405614	0	45.50181818	12448.81621	10284.309	1836.643119	4759.949486	16415.39378	947.9827497	210.4056961	350.3592485	11418.88945	1596.029599	14707.15489	8226.645274	13893.21072	2231.492114	1170.790119	669.3146369	155.0327152	13349.37228	6150.344077	8475.564549	5987.247148	622.102114	8742.756881	6275.913272	10908.94399	1047.543753	838.0859806	7460.597605	14785.92701	6514.036036	13274.58999	6514.036036	8841.856286	11003.70783	925.0155918	1564.95	10314.82889	9975.666439	312.1590796	8018.587931	6555.460902	12651.8176	4599.913435	802.4440874	156	78.46706587	192.6558238	240.3356035	18.74696376	10212.40465	54.2122424	8645.155037	10223.85556	16337.83885	7838.868869	10660.15193	46.7664176	12393.63848	6512.493472	10728.63188	149.5521097	2072.052308	1978.029653	2001.123392	11226.91838	63.69070324	88.60730484	389.5440697	74.02138135	28273.42898	9949.601453	6366.378965	67.84388996	621.8101534	52.05322656	1490.88516	8298.776064	7082.894866	30.43905497	10200.95053	10200.95053	8089.884571	9980.929113	10618.62668	9028.451914	785.5840245	5636.981102	11005.08727	1124.595562	6699.498836	9207.553461	12259.95164	11600.82819	12052.75724	148.9191541	8134.64187	13656.16701	11418.67482	11447.3183	14214.3932	1874.818249	836.1186884	13349.37228
Plate4_036R_RL_M_NS1_S64_L001	10508.18411	140.20639	64.72	2304.680009	6197.514376	14129.41681	829.2624015	128.220403	1038.800796	8467.289903	7808.423967	8714.080485	8520.006254	74.80585223	8634.543652	11167.14536	11887.7604	414.7350067	8850.691907	8133.986267	7631.92759	9552.886476	7450.174137	11615.02665	181.3254051	445.6919231	301.3321855	12530.41433	5685.697041	3761.805003	9943.019097	4681.295364	5368.343311	6919.982687	1729.426846	8216.798998	62.51277466	3844.905889	638.0782432	1729.426846	11147.45395	13927.54244	6382.667723	8688.202801	11867.9037	4671.02652	244.6052787	11578.86113	4209.024941	440.2828493	255.8961757	769.9980219	70.60363636	242.1865256	180.191398	1737.883872	5555.852303	10053.77873	7215.560377	9659.31778	11333.99103	929.6739487	103.9776834	182.3039658	259.6646714	8574.24538	132.6195943	2728.214102	8842.782647	13556.15511	1507.869166	128.220403	105.4498603	660.4914067	12861.88063	654.0649826	744.6963348	628.3979682	2141.527004	635.091368	4203.081339	83.25862027	784.7802044	2066.142554	13987.08197	4438.750085	3071.002434	631.5909016	9489.017232	8945.737238	8645.086851	9439.941445	9418.277994	401.5728662	439.0294819	9009.88633	7497.371621	8117.224489	81.59291125	116.4424154	1085.580254	195.6232649	11422.32945	10117.36947	2226.152612	779.5643805	11533.28432	8595.350876	12044.31711	10592.81516	10915.80723	8373.117799	186.0565742	73.73954495	485.3247199	485.3247199	4531.921537	4280.340778	175.1900015	902.26	7790.803132	9282.091911	4885.263331	75.85378037	154.4587814	226.4505236	11472.03729	11000.37426	6952.953556	11837.89105	9528.617253	2983.643943	1103.187246	11983.36967	9756.609345	504.9942868	85.93701458	4590.856088	7009.718559	6566.937282	6566.937282	6566.937282	1865.825271	1865.825271	1865.825271	5980.84466	6545.697778	5980.84466	4896.084101	6566.937282	6819.956202	6819.956202	6819.956202	72.17659909	9532.6841	560.5338056	194.937642	11182.84472	8803.612752	12041.95696	7221.178373	107.9030537	12109.37781	11661.79613	10504.15327	7221.527267	8428.905685	24.0306371	7947.66599	7354.922763	9520.354951	5927.943908	4255.545666	462.4340926	6939.385143	11661.79613	7026.291965	3251.05503	1207.691974	6077.754182	18.48094143	9828.463892	8730.000536	9431.027693	231.5627918	8159.4	6686.146119	9693.293323	1052.942943	7576.211473	8653.995138	714.1075617	5186.538203	1397.877942	526.3268505	5703.644513	7981.241908	9340.761831	1394.08668	724.6478704	1393.668555	0	70.60363636	10484.8033	8647.652112	1865.825271	4278.91044	13675.38312	939.5777987	224.1771372	479.1519335	9331.019071	2065.935782	12259.62724	7043.106173	11740.38091	2304.123525	1068.285471	614.8942056	232.5022477	11333.99103	5589.484495	7451.362073	5480.638326	572.084132	7136.899815	5501.726905	9230.312165	797.7266395	770.8269626	6690.935995	12570.13851	5980.064669	11240.84863	5980.064669	7901.666046	9669.854542	956.5150708	1528.15	8536.970405	8261.63169	299.5129219	7194.308538	5752.938262	10402.53612	4148.006298	766.7864704	163.5	81.96839936	201.2348468	198.2439447	34.97204881	8465.084774	83.03041756	6771.877648	8357.971725	13992.02889	7519.220056	9350.925304	50.64275378	10521.84502	5109.875106	9578.624414	208.5665646	1848.208715	1788.917228	1813.247453	9528.617253	93.82955584	125.3761234	404.1420663	129.3952644	24097.97638	8744.138526	5749.791049	105.4578004	498.540127	80.64920448	1513.029788	6786.070457	6848.478724	25.04114988	8858.59706	8858.59706	7747.773196	8349.679765	8931.463383	7339.249616	804.7045162	5241.268578	9214.15103	809.9027158	5200.279093	7624.59948	10705.66272	9736.265356	10336.91754	229.5427687	6465.010594	11354.35952	9510.457257	9708.218899	11950.91808	1922.031192	837.3601763	11333.99103
Plate4_036R_RR_M_NS1_S65_L001	16058.26437	150.7421114	65.58	2816.488165	9626.521127	22219.6881	1255.012147	131.6878105	1660.636918	13291.33787	10970.15624	12863.51592	14135.20788	76.41872274	13330.0826	17059.53113	19004.70923	432.9280002	13561.74021	12523.95032	10480.51283	14111.95105	11722.95337	18087.21727	212.2826266	466.7544007	327.1724206	19476.16242	8753.566293	5731.268497	15413.79489	7177.672239	7365.994321	11636.42915	2513.860621	13238.49126	84.53467471	6101.577398	908.4579928	2513.860621	17337.8208	22904.49299	10936.45696	12553.22516	18495.80997	7254.067896	252.9961196	18177.87675	6478.772201	454.4357774	260.3554708	1270.13851	71.54181818	302.3795143	215.6743054	2330.64499	9357.93131	15552.98978	11321.53166	14591.85863	17436.67874	976.1491724	107.6207624	221.0988347	266.7406148	13281.9608	135.8058698	4295.313881	13562.163	21415.81165	2165.437539	131.6878105	109.3951397	685.0913646	20150.05488	1093.869703	1245.79073	920.4412147	3198.256437	1057.587072	7216.431387	125.6979183	931.0891016	2850.991773	22021.02447	6817.315234	4725.049674	906.2367898	14637.90623	13731.48901	14397.95178	14959.75157	13976.42338	552.3706853	666.3939075	13787.10138	11871.31266	12319.52969	48.56292469	72.42961483	1979.678939	186.4004995	17619.57506	15959.66219	3944.146772	1109.967574	18121.64283	13795.10909	18515.43405	16280.9887	16784.97955	13391.78503	211.8627842	82.85577314	719.2841304	719.2841304	5955.112556	5593.208013	109.6934103	1507.25	10517.44932	14496.55099	6133.136813	87.46390546	173.722195	265.3035343	18084.72732	18443.84273	11179.8179	18353.93984	14568.07251	4699.656835	1694.320127	18317.66838	15756.21402	821.9431388	87.22370347	6196.084066	10183.83234	9345.229558	9345.229558	9345.229558	3041.11909	3041.11909	3041.11909	8308.660276	9333.674781	8308.660276	6660.810491	9345.229558	9845.355441	9845.355441	9845.355441	81.08579475	13176.54642	702.4471219	208.7016644	17802.40916	13557.29342	18672.28604	11031.98633	110.1311951	18476.93327	17666.15039	16163.4102	10275.1419	12103.32958	29.30433146	12900.85154	11290.21021	14557.17497	8820.914469	6310.659639	624.3375167	11173.99727	17666.15039	10706.27258	4981.089544	1818.067109	10140.54327	39.2197272	15650.29994	14154.73691	15084.51655	282.1138947	12442.26	10599.62874	15774.41216	2026.382881	12368.77713	13370.86595	1169.859532	8412.190052	2191.918163	551.9419446	9765.508605	12935.08869	14458.95313	1510.520356	750.309707	1510.170506	0	71.54181818	15999.55488	13146.98374	3041.11909	5615.942493	21405.24723	1368.644437	269.1008929	551.0071725	14063.3479	2459.211871	18815.32178	11250.52534	17963.74468	3824.754817	1669.318865	691.0569383	243.0134325	17436.67874	7591.56625	10899.8536	7589.132409	940.3488965	11751.22937	7886.992952	14117.62473	1363.325871	1249.62397	9281.266686	19080.53128	8297.312274	17436.86227	8297.312274	11379.52547	14138.93162	1242.358982	2204.75	14022.92032	13338.79035	528.1999512	10510.42942	8891.369251	16877.00062	5185.031421	959.5884141	219	98.51720069	270.371673	121.5191413	52.73681344	13291.18898	85.03473707	11233.15866	13738.55251	21827.25082	11472.33365	13742.64573	56.85824613	15945.82437	7531.967474	13875.07443	230.7145144	2829.401412	2733.853109	2773.551782	14568.07251	100.3263608	136.0742899	504.0276252	134.0342718	38280.68229	12739.1417	7910.421756	107.2853908	822.0537022	81.82282239	1957.879095	10802.04951	10414.14087	14.69807104	12793.92507	12793.92507	11830.05875	13173.13548	13699.09734	11330.18519	1205.081916	8409.702436	14193.08709	1477.38624	8944.158389	12672.36414	14169.65885	15145.50072	15302.68791	233.6844961	10168.22996	17275.9238	15224.15997	14845.63103	18220.45957	3073.923919	1191.447935	17436.67874
Plate4_1030R_RR_M_NS1_week9_S66_L001	13628.47624	102.0071274	40	2005.502463	8843.549966	17874.11036	1229.421193	84.77263728	1313.67525	11176.30041	10365.65346	11345.90436	10834.20782	47.45973683	10797.72669	14349.46473	15960.09912	268.5695552	11261.39953	10279.23152	9744.719367	12431.7999	10876.04132	15141.31505	142.8691916	297.1441509	205.1143871	15842.53452	7117.934912	5395.26436	12746.55437	6851.356572	7382.644298	7853.0049	2135.417881	10868.81754	58.50769202	6229.775738	682.8842928	2135.417881	14178.82267	17796.95832	6894.372366	11259.82903	15322.35093	7008.086978	156.1412564	14827.9914	6198.400098	280.788636	159.0986097	1025.720186	43.63636364	277.9038115	200.0250231	2132.857267	6736.744177	12652.36024	9113.612571	12109.37064	14598.43357	605.2210662	72.12811493	398.9531438	168.9554607	10798.08065	88.76638007	4004.895469	10871.17755	17756.94113	2007.23917	84.77263728	70.92095557	472.600616	16058.05526	801.5343982	911.4637296	836.9374451	3166.351627	766.1952779	7697.45302	111.0142	789.3743953	2114.957437	18151.88221	6560.141066	4589.277943	837.3201581	11952.03651	11234.01317	11056.24363	12112.10368	12017.49807	581.4242224	655.5027497	11425.42252	9765.60453	9904.220756	92.01077632	120.2868494	2401.02052	425.1530481	14618.31316	12933.13801	3544.360185	941.9158577	14821.83926	10933.52227	15526.01949	13604.08281	14179.15067	11122.12278	133.5099729	92.1782024	593.0595185	593.0595185	5818.055601	5520.554195	211.4183757	1388.94	9682.423602	11699.88521	6146.156476	190.6780554	198.9297762	290.8424996	14637.74417	14078.05441	8795.667399	15044.45454	12175.86002	4101.218603	1398.610961	15366.12053	12814.02155	959.5145406	53.22169198	5920.429727	8724.960588	8196.840696	8196.840696	8196.840696	2576.176239	2576.176239	2576.176239	7506.18562	8186.878933	7506.18562	6308.043518	8196.840696	8510.802926	8510.802926	8510.802926	171.4384902	12182.74806	648.3090716	136.3087221	14089.81862	11050.37792	15387.9195	8994.94146	67.93427155	15160.82262	14661.5676	13140.38947	9611.448611	11097.1828	41.55970233	10063.78439	8985.437044	12168.85372	8233.785775	6125.994196	295.0630845	8775.905435	14661.5676	8759.323767	5035.321321	1675.827028	9377.521481	34.24831816	12621.01581	11132.48359	12111.81266	199.0599755	10031.1	8786.13703	11955.44077	2227.565313	9984.094323	10781.31479	868.1009387	6458.667661	1616.458972	342.9812306	10234.42002	10511.24956	12010.60436	1499.974217	464.1272028	1499.613734	0	43.63636364	13299.00404	10854.64592	2576.176239	5601.916568	17249.78093	1334.18741	242.1561226	438.7075769	11323.47717	1959.912664	15000.61063	9479.309348	15126.50546	3064.146564	1294.871629	868.5603694	150.3158033	14598.43357	7241.681244	9743.686556	7338.419958	693.8393488	8960.355808	7028.315145	11768.25826	1608.95952	938.5163077	8658.85645	16270.46454	8003.348497	14713.77988	8003.348497	10487.65708	12642.3932	1011.93173	2028.6	11204.75147	10407.57674	504.3501396	9689.585666	7764.800371	13387.47322	5279.677395	1032.572155	101	97.95789701	125.5771406	226.7853527	48.41413156	11162.07945	52.3150358	8388.962145	10475.33354	17927.14419	9394.217624	12162.06388	120.5360894	13432.81707	6091.811784	12443.73909	148.8257027	2921.061904	2786.831336	2926.139503	12175.86002	63.04556403	92.30903716	460.9517546	96.38057991	31299.3478	11419.49237	7443.007363	66.07852543	970.2311601	49.92146108	1875.922744	8347.724538	8541.18792	28.19118115	11319.78778	11319.78778	9686.581018	10671.78216	11379.13334	8825.175246	850.9535534	7584.728642	11588.78215	1782.354432	9676.216931	10221.6895	13384.36091	12478.4489	13309.31348	142.9687671	7342.24588	13887.98223	12102.17183	12409.39841	15345.25897	2631.467738	1109.78822	14598.43357
Plate4_1121R_L_M_NS1_week9_S67_L001	15272.79374	183.9813894	89.28	3267.769423	6954.028055	19812.08249	1092.281987	173.9513786	1355.500147	11557.46861	12324.11463	13097.20063	10368.42056	102.1425165	12137.7292	16350.11992	15648.89965	559.5221706	13192.16425	12083.78876	12448.73457	14363.42374	9072.00827	16492.15925	271.6922235	613.9884161	413.2662649	17889.2028	7831.291773	4350.760693	14102.18037	5732.360705	8705.260251	8577.762773	1807.236213	9864.116094	61.86509625	4136.766612	790.3999028	1807.236213	15732.22516	17507.43361	7904.919631	13582.76923	16983.60941	8156.136584	335.1222603	16021.90703	4570.245441	602.685734	353.1506483	1070.667433	97.39636364	267.5976261	203.3806632	2095.664788	6877.184874	14556.936	8912.166986	14385.6158	16235.86476	1291.222728	140.3924152	238.0429973	355.6691489	11461.59014	182.5117181	2961.109487	13242.85733	18061.42971	1959.337953	173.9513786	141.4030058	911.1464898	18513.35607	942.6193441	1070.928945	508.2584102	2446.947542	890.5196198	5208.592017	75.48347068	1254.07451	2892.46507	19398.37355	4955.553776	3201.594262	531.7030706	14000.09719	13329.42837	10596.41857	12786.09058	14273.57353	501.7726396	573.6649099	13289.62994	9778.849624	12283.77549	173.1917987	235.9211546	1369.879436	314.8748617	16293.75917	13712.8056	3015.258816	766.5108205	16077.45854	10578.58305	17494.20191	15425.43219	15756.88438	11125.93909	257.4522445	98.11174647	601.4003176	601.4003176	7948.560168	7575.230265	351.8702428	1089.17	13369.77463	12197.43174	9424.792507	100.0920046	207.197099	298.363702	15628.07401	13876.70853	9239.348281	17107.73502	14115.92265	3838.563768	1181.000377	17498.07025	12495.28132	591.5536683	118.4833817	7820.346681	11072.76191	10625.76792	10625.76792	10625.76792	2694.234051	2694.234051	2694.234051	9928.711451	10524.17853	9928.711451	8251.61262	10625.76792	10838.13288	10838.13288	10838.13288	96.2155962	15784.42318	636.8343969	254.253548	15687.15459	12158.57202	17134.26781	9993.259157	147.7235659	17460.06492	16964.21817	15056.59027	11570.11318	13373.49412	23.33737248	10130.55078	10546.00135	13809.07868	9424.792507	5453.09675	798.7626087	9189.99357	16964.21817	9789.609531	3588.244419	1188.952921	7637.562208	42.901926	13249.39207	11210.34233	12573.20151	295.1223549	12353.47	7682.004602	12666.33723	1443.037361	8841.704606	11962.73127	1024.252191	5818.20994	1913.065276	709.0575957	7080.384456	10151.87288	13219.23184	1931.350543	1004.9145	1930.82297	0	97.39636364	15700.79997	12837.52599	2694.234051	5536.130359	19389.86615	815.6517998	258.8771311	660.6978393	14011.77188	2881.523527	18309.8744	8346.376459	17204.12032	2993.940382	1583.154747	498.7628831	318.9269175	16235.86476	9376.857659	11344.66785	9228.293523	819.9253406	8844.607069	8487.561143	13511.15429	916.483836	1118.42871	10978.49693	18359.42572	9993.527829	15837.8463	9993.527829	12398.16584	14912.05905	1419.680411	1270.65	9950.714863	11008.6052	400.2740914	11251.55472	7200.097786	13687.04885	7153.792833	791.7280026	287.5	119.9983274	351.240375	403.8181657	56.3679541	11560.72547	112.0358473	8662.020234	10569.42912	19547.82757	10487.19331	14285.2718	67.49543123	15744.09068	8553.083219	15366.96076	277.3284076	1925.346387	1886.684723	2060.023183	14115.92265	127.7815613	159.2393575	488.3319981	172.3730106	33035.88162	13653.0209	9314.177722	144.9435467	602.3689682	111.2081697	1951.799506	9069.79958	9575.293432	54.27040065	13356.28518	13356.28518	10792.2387	11278.09072	13277.0543	10650.67798	1131.976767	6076.232356	13677.54772	1019.471396	6450.713009	9491.294853	19143.85829	13375.03518	15782.89983	317.1029431	9386.883925	17064.23129	12463.12947	14059.32388	17626.47128	2565.569319	1090.90664	16235.86476
Plate4_1121R_RL_M_NS1_week9_S69_L001	19221.7869	209.4217835	100.86	3750.317196	8877.514799	25925.52685	1381.154321	197.7136447	1597.386307	15059.47927	14672.83675	16115.44893	14325.16009	114.7322311	15111.38969	20538.02009	20469.20082	638.404517	16661.18072	15429.94468	15339.51382	17686.61726	11530.50779	20936.14164	307.2908229	697.7668721	465.4823708	22831.62995	9501.773654	5421.504613	18095.51827	7128.615761	10211.97894	12606.53805	2175.610301	13353.69956	69.2755045	5244.068936	881.4016106	2175.610301	20261.71744	23404.95928	12063.3234	16485.57041	21752.97686	9734.700992	380.1611855	20871.38612	5855.640131	685.4268282	399.4910603	1275.636191	110.0290909	267.3690884	203.6494278	2564.005334	9552.46682	18611.97347	12105.28718	18350.35166	20457.7237	1475.282318	157.8937087	322.8321025	395.000425	15133.97215	207.0451991	3860.410954	16836.11238	24090.06462	2303.472723	197.7136447	159.8085811	1040.039807	23767.87231	1059.740296	1205.629818	638.8719909	3002.439856	956.4077083	6765.226409	84.28411358	1663.457412	3177.94406	24981.23819	6267.356044	4102.605616	708.6570322	17845.7413	16910.45786	14684.75992	16646.2252	17749.08591	619.5084481	726.9223473	16802.05274	12967.02222	15537.27522	353.0756415	429.3070553	1768.240926	511.844394	20756.12019	17822.67693	3430.721329	925.341767	20765.38889	14211.70729	22049.7529	19450.67547	19864.1376	14704.69399	286.3776379	118.6092091	652.176586	652.176586	9146.768201	8672.782852	655.2492131	1394.37	15974.55779	16186.04049	10836.01635	122.9360331	240.0424749	343.0085651	20538.80827	18938.57104	12393.58057	22006.70869	17454.69835	4534.136652	1394.234879	22088.5638	16539.09681	718.5639691	133.978708	9307.964741	13815.01849	13130.95697	13130.95697	13130.95697	2884.980647	2884.980647	2884.980647	12163.46801	13062.16026	12163.46801	9866.432619	13130.95697	13478.3474	13478.3474	13478.3474	118.6320054	19256.7623	640.3458083	279.4387266	20611.46032	14868.49161	21806.49922	11998.24322	166.767115	22171.62022	21411.51829	19219.19366	13868.42361	16137.21994	0	13691.50655	14085.59562	17434.22824	10836.01635	6838.72487	739.2338799	12346.17433	21411.51829	11721.66328	4671.143671	1323.400438	9655.388619	47.84621229	17296.09682	14975.22728	16485.74033	342.1331127	15615.01	10074.7289	17209.93502	1745.686862	12144.1128	14809.12378	1097.47999	8174.149774	2091.845812	810.8740789	9034.920355	13484.65465	16972.93182	2244.156666	1141.608079	2243.683727	0	110.0290909	19814.82759	16237.43828	2884.980647	6790.443668	25070.3174	1010.059492	269.6343523	806.6720771	18108.90318	3535.77264	23334.12281	11013.85747	21727.75245	3480.542673	1886.863999	628.2347877	360.4859548	20457.7237	11050.17052	14018.69267	10805.68832	874.7307005	11994.9108	10473.96403	17076.72142	1124.820917	1196.413975	13090.3485	23045.96177	11718.67891	20156.97849	11718.67891	15004.4538	18241.66607	1407.952423	1669.3	13751.44523	14633.81087	462.1065383	13398.70914	9120.589035	18220.25177	8445.661593	966.418641	260.5	133.4217221	320.1139785	787.7278871	48.87196186	15060.10555	127.2573769	12112.15673	14438.22696	24901.43089	12612.46061	17586.31712	83.21614322	19696.55187	10913.92051	18868.54277	311.7099701	2498.81487	2422.516625	2661.912502	17454.69835	145.1011442	172.4630582	502.712936	178.8241933	42568.47434	16665.06972	11166.83638	163.2875501	746.6434382	125.7222003	2148.800586	12214.23133	11455.29675	114.1987551	16586.84452	16586.84452	12995.05438	14822.12622	16806.91216	13955.27244	1230.036797	7650.808888	17336.34501	1318.794929	8194.56224	12744.45993	22908.77102	17501.72138	19615.65868	358.6698897	12791.33047	21769.56767	16462.76018	17765.00075	22388.76443	2894.766513	1272.352962	20457.7237
Plate4_1121R_RR_M_NS1_week9_S70_L001	18287.34347	225.9661998	104.14	3886.18927	9227.512716	24197.76684	1744.051251	202.7746478	1628.399861	14647.60606	14262.14477	15477.24178	13254.28926	120.3270983	14231.75348	19457.63721	20016.33537	659.9273292	15720.20954	14358.26446	14448.3249	16964.39425	12732.7635	19679.36387	321.5302609	710.6724736	487.8820942	21381.37523	9177.654703	6080.20236	17051.12974	7489.995194	9784.528811	11152.6132	2325.636618	12749.67788	107.3814576	6005.497121	1025.250378	2325.636618	19085.68643	22084.26642	10315.79882	15759.19324	20611.1279	9204.257155	391.7838907	19700.54575	6600.769575	709.3310096	412.0660733	1415.954336	113.6072727	377.2873488	288.1339825	2553.354989	8643.921961	17380.3361	11357.08146	17162.86137	19364.5065	1507.256233	167.3479942	346.4408623	421.1970483	14189.62278	213.3078755	3922.410097	15456.06733	22901.53682	2645.224058	202.7746478	172.3974576	1067.665408	22253.73573	1184.588195	1346.264002	577.8533945	3464.313094	1073.389582	8638.698583	145.5797509	1811.968061	3818.803298	23848.7992	7036.951306	4736.368653	609.5373453	16613.86159	15749.55047	13670.01622	15720.68095	16898.57695	831.673338	932.5855866	15787.06583	12365.48802	14272.67959	336.3190193	417.084225	2636.111039	495.3948689	19553.64855	16966.40664	3654.391723	859.7037291	19526.72991	13403.35172	20977.22809	18433.25718	18997.77591	14371.73782	303.3972618	120.3178462	790.1798006	790.1798006	8706.632992	8280.034167	629.3876629	1314.05	15065.59058	15150.77343	10132.63816	124.1759198	250.1039309	366.3999987	19293.74096	17418.30767	11479.16699	20639.20612	16615.84837	5096.129363	1377.002766	20848.67772	16270.00083	1103.077755	138.2519249	8691.287283	12701.62231	12094.87858	12094.87858	12094.87858	3326.945659	3326.945659	3326.945659	11205.15176	12001.86559	11205.15176	9215.791255	12094.87858	12403.43221	12403.43221	12403.43221	118.3581938	17890.74436	885.6510651	309.8908889	19087.51935	14277.09326	20557.47927	11591.65448	173.6398342	20521.63172	19858.06263	17861.09496	13086.08287	15239.29988	48.63482459	12771.81819	13025.31087	16467.84655	10132.63816	7456.828315	1016.100851	11434.7158	19858.06263	11322.33455	5247.092685	1416.759386	10774.53392	53.38940788	16341.74611	14110.87537	15586.64833	346.4782144	14361.24	9756.275055	15882.76076	2270.812535	11465.21421	14032.19836	1221.98661	7664.12474	2333.462908	837.1327851	11983.83315	13393.43937	16006.73346	2279.194981	1173.004294	2278.566075	0	113.6072727	18627.58402	15104.75703	3326.945659	7030.154227	23623.8927	969.2529117	366.0306549	926.0036478	16445.9202	3938.116844	21463.05944	10864.12026	20586.72349	3832.991983	2042.689772	851.9050666	374.9978573	19364.5065	10540.98761	13163.08399	10186.21597	978.6058368	11331.11821	9920.248927	16071.0519	1763.768275	1328.764981	12443.05503	21944.27461	11046.80632	19146.53794	11046.80632	14170.3172	17249.33189	1843.015057	1446.15	12984.96249	13547.47291	475.4380693	12709.94057	8249.335559	17268.32308	8191.042836	1227.996135	364.5	149.2122284	447.8928203	768.5200824	79.34241551	14639.47142	130.0592579	10965.9826	13379.80217	23529.58012	12161.80721	16521.33814	83.03466941	18621.54726	9822.903708	17794.61369	335.7477583	2859.401802	2786.198315	3382.106163	16615.84837	148.967894	198.9990285	675.9630012	214.6145289	40295.03039	15701.07711	10625.70452	169.9201694	1115.217238	129.7516763	2633.586657	11075.44858	11059.65326	108.5009376	15813.66766	15813.66766	12530.20759	13916.61088	15830.09133	12667.21117	1348.906532	7747.197997	16293.16824	1953.312547	11218.46764	12479.61931	21082.91565	16501.80147	18504.52037	369.9077471	11188.01566	19957.02292	15701.02184	16744.73876	20750.38062	3419.442246	1487.259714	19364.5065
Plate4_1121R_R_M_NS1_week9_S68_L001	15905.05225	118.6065257	50.29	2405.279357	9263.610787	21847.11591	1278.141833	101.4031096	1705.128945	13045.12388	11728.22326	13137.90981	12850.40207	57.34809172	12784.96981	16948.49649	18409.68426	335.6405616	13482.14155	12749.56385	11479.65733	14404.40925	11762.5859	17390.15342	166.8754363	368.3438012	259.3407985	18845.10585	8303.155223	5607.598623	15070.26641	6704.282178	8007.392429	11303.4548	2180.378207	12383.16994	69.3045023	5857.594185	831.3505153	2180.378207	16948.1136	20440.41911	10721.46308	13116.35118	18282.21166	7389.992769	194.6312175	17730.01317	6166.275411	351.3148324	199.9754065	1244.652508	54.86181818	164.9267037	110.4384725	2187.896555	8375.362263	15349.82185	10922.66762	15053.0089	17171.83257	759.9450848	79.59523316	222.1897492	206.2782022	13039.92598	104.4309438	3682.91296	13310.19658	20917.76375	1948.13084	101.4031096	79.58390934	530.7738346	19836.9291	1119.343502	1274.884416	788.3015708	3171.636884	1058.528564	7684.294561	113.7238573	980.8319893	2604.275787	21276.63678	6573.666709	4453.023542	797.0279904	14493.3715	13617.11872	13218.65644	14239.87603	14361.08652	421.1426596	677.6212293	13653.06081	11228.54616	12195.43856	144.1781817	180.5343342	2284.020966	236.3710635	17240.14909	15373.05609	3277.050371	969.4680018	17609.97165	13074.83471	18285.43393	16096.18859	16581.56524	12969.81509	170.2104931	66.3818488	616.2242927	616.2242927	6729.238484	6362.399501	281.228192	1065.69	11818.99145	14062.2976	7429.893384	70.92049201	139.9099546	215.8852347	17512.49685	17109.62918	10906.07065	18187.10816	14354.32819	4662.058001	1582.02006	18144.90371	14959.73522	847.9371103	66.91016872	6759.679862	10543.28371	9879.714088	9879.714088	9879.714088	2758.858331	2758.858331	2758.858331	8998.436064	9844.958364	8998.436064	7224.770226	9879.714088	10244.08526	10244.08526	10244.08526	65.46573937	13973.88893	397.6960775	150.1494804	17507.82142	12903.06532	18166.99385	10482.729	84.76347948	18069.58361	17391.03162	15841.86345	10454.83552	12331.21826	26.23847397	11975.60488	11636.44007	14371.30259	7515.191475	6709.770459	666.559498	10885.45701	17391.03162	10203.83669	4937.553927	1460.354006	9658.888117	33.09379672	14832.45171	13157.34856	14233.85697	224.9295097	12277.27	9961.513769	14931.87074	1902.618131	11252.91489	12710.30576	1182.425277	7377.530605	2153.653073	428.5556153	10542.16816	12301.46896	14149.90518	1200.866204	581.9792073	1200.640007	0	54.86181818	15961.16948	12846.22615	2758.858331	6302.561532	21023.45451	1185.089287	146.0672282	503.1739288	14294.87823	2265.197308	18584.66056	10604.72979	17847.86168	3422.628487	1785.231948	384.2584447	189.0848578	17171.83257	8125.210789	10925.76151	7845.307088	951.0017551	10771.3866	8114.509064	13962.8163	1420.705375	1271.505754	9766.048608	19104.267	8548.057195	16989.42851	8548.057195	11504.40709	14297.37205	1039.201013	1923.55	12913.04724	12592.85658	383.9718393	10139.17054	7841.610431	16002.75922	6240.270867	667.0262289	234.5	86.71802773	289.5568552	349.7448054	44.08363963	13037.40906	65.37391935	10687.79081	12728.19601	20930.53526	10941.35366	13786.31685	45.89059085	15943.30753	8325.280662	14262.29241	181.3036794	2772.516467	2675.243361	2862.917866	14354.32819	76.73259283	91.92177421	273.2552145	105.1996908	36230.27351	12885.76421	8330.154133	82.47331732	890.492936	62.76178362	1387.659246	10400.4168	9934.635899	44.53164951	13419.96414	13419.96414	11288.18464	12660.68568	13662.78379	11181.29417	1160.72794	7188.893146	14099.24731	1699.537339	9800.810303	11791.82625	16326.86415	15024.00914	15538.19493	179.6485444	10463.05346	17248.27898	14464.59418	14649.40625	18069.5554	2827.880023	1069.134081	17171.83257
Plate4_1151R_0_M_NS1_week9_S71_L001	16900.46903	331.2787147	172.57	4475.482904	8952.797422	22158.1416	1826.780544	334.2630395	1399.340594	12880.77505	13865.57157	14794.7313	11747.98553	197.7101177	12505.66102	17966.72886	17731.92239	1017.972043	14623.45843	13439.14371	14308.16144	16217.88209	10983.02601	18069.78587	482.5631969	1107.205873	717.4837454	19633.84191	7778.936316	5877.075531	15720.76386	6576.777379	9633.943752	9853.243909	2483.743152	11449.253	57.66553579	5543.191554	1005.580958	2483.743152	17470.87713	19244.69488	9150.262616	14860.26184	18945.58248	9004.142592	618.5621542	18009.08267	6359.173066	1130.96097	676.7904481	1458.713182	188.2581818	455.1710651	393.6236199	3156.912413	7317.113666	15916.00324	9945.691133	16055.56046	17732.71947	2322.23579	282.6457081	654.7716561	661.3424517	12776.31422	355.6971913	3524.148182	14366.89921	20533.99753	3090.652178	334.2630395	283.6895901	1765.49041	20166.79988	898.3265002	1022.165655	600.6354357	3423.006693	796.221401	6335.343416	63.28576968	2754.846481	2997.557134	21443.56914	6748.213086	4564.140046	813.1477432	15364.44906	14622.7912	11973.14267	14321.86067	15877.95609	989.2006866	983.5199436	14701.54397	10924.73282	13362.21092	804.5959886	924.4483549	1784.9676	1314.761122	18104.60751	15145.72607	3170.371039	1013.540608	17779.95197	12213.79185	19309.4081	16972.9356	17487.85073	12413.14013	324.3874771	272.3150932	781.0166058	781.0166058	8907.044866	8506.230159	1610.066301	1169.69	14499.62569	13568.16136	10326.2566	307.9092744	410.3198132	540.7855951	17571.97075	15244.86391	10433.11719	19119.9463	15747.93271	4356.206848	1311.534149	19401.99534	14358.49124	852.2800269	228.2199905	8641.301459	12130.48342	11655.28357	11655.28357	11655.28357	2605.578688	2605.578688	2605.578688	10944.18106	11583.30076	10944.18106	9118.026135	11655.28357	11883.76772	11883.76772	11883.76772	317.0507919	17416.11484	1056.911635	460.0085422	17442.08094	12224.75488	18924.1412	9718.148211	281.7035319	19296.2392	18782.20261	16684.65894	12919.22806	14909.69575	0	11355.65958	12043.10385	15411.90005	10326.2566	6621.59538	444.921372	10381.2498	18782.20261	9543.206002	5325.51376	1386.268738	8840.19842	56.84297368	14842.35379	12598.43708	14099.18843	487.769308	13396.12	9197.569573	14218.45491	1698.890627	10259.09999	12108.12396	913.7024689	6589.901291	2037.949543	1279.476886	8912.678593	11763.48579	14780.64395	3832.735648	1859.554324	3831.219455	0	188.2581818	17330.62362	14029.66174	2605.578688	6688.158102	21342.42836	1116.583033	500.4236529	1365.416296	15567.09157	5340.284763	19850.81684	10001.74207	18847.27579	3509.699625	2255.636699	721.4968696	587.5787613	17732.71947	10415.02705	12627.41266	10273.23533	726.7647715	9828.992992	9358.798478	15052.92744	1238.347998	1000.253889	12169.90127	20522.13592	11152.37973	17750.26683	11152.37973	13855.98255	16634.73446	1758.036337	1830.95	11609.26692	12047.47297	528.1336635	12164.13083	7585.80257	15385.27211	7976.197026	1272.864207	147	148.5353366	181.9190764	1541.248902	61.41430579	12879.86937	211.1944092	9598.161788	11832.83186	21476.78615	10317.22517	15900.71277	223.3575539	17487.21431	9533.118469	17161.61755	470.1737927	2910.68787	2801.460842	3198.628117	15747.93271	232.9260444	294.4437762	916.9513741	305.1671515	36891.8784	15159.57462	10389.3126	278.0918055	865.4865154	214.3926193	2941.616809	10254.40985	9353.052356	290.5269421	14996.22894	14996.22894	10632.76184	12695.92143	14680.63312	11643.39867	1304.139173	6777.0553	15010.72621	1327.041438	8192.892805	10684.46963	20871.64067	14623.14831	17280.48192	606.7107291	10383.2582	18646.95031	13803.64673	15655.8691	19623.58294	2669.437977	1811.282741	17732.71947
Plate4_1193R_0_F_NS1_week9_S72_L001	14674.2532	96.39768945	40.43	1991.412171	9746.301215	20425.31699	1258.030115	82.08582777	1439.595301	12423.73251	10274.64498	11882.00842	12707.36075	46.06212792	11763.36359	15457.34829	18287.21494	272.0081568	12182.67632	11695.79695	9300.849064	13022.0547	12351.63743	15983.58688	209.0527161	298.3867735	209.9513276	17078.13765	7741.399705	5944.394627	14011.47338	6865.103254	8484.893111	11123.11628	1961.545457	12461.04354	55.48231888	6658.931394	682.3317344	1961.545457	15728.34945	19943.71113	10520.3562	11751.70555	17101.01566	8351.574291	157.5074228	16699.52573	6793.909368	284.1809725	160.8936352	1033.697164	44.10545455	143.916431	89.73006153	1935.876289	8086.010316	14047.9444	10612.62333	13840.98428	15858.28175	614.0677818	64.27533178	247.452557	170.488248	12316.39519	84.37106919	3921.352715	11720.89345	20181.08938	1787.642748	82.08582777	62.15016311	430.5886186	18217.8689	1075.376302	1225.10517	778.3343316	3408.525088	868.6846404	10182.68849	89.29876173	1232.841879	2432.773203	20129.68523	7135.411802	5044.239734	773.2517941	13102.97977	12293.91409	13268.01515	13379.84131	12800.90791	349.6029532	671.1107984	12352.98624	10849.28552	10673.03279	35.22806278	51.94383602	3344.534413	132.8947518	15935.9517	14587.77289	2954.469853	921.087584	16480.61268	12917.77257	16800.9761	14758.7927	15359.88677	12647.10092	137.3660314	57.12993621	524.873189	524.873189	5246.990962	4956.771577	79.4468053	917.2	9239.627649	13331.61765	5458.064599	62.27453563	117.0813694	181.8421225	16581.77864	16691.73315	10527.89498	16843.17438	13110.19741	4697.915771	1438.906395	16550.11574	14828.37062	1155.478037	53.81190973	5316.643859	8831.885198	8129.805441	8119.320585	8119.320585	2489.474049	2489.474049	2489.474049	7231.30608	8104.893705	7231.30608	5732.918035	8119.320585	8533.384272	8533.384272	8533.384272	57.38734364	11000.48993	345.5733067	123.3274378	16520.46261	11981.52905	16629.03919	9738.046108	68.68558325	16172.39409	15501.14301	14361.85078	8687.953683	10385.64957	39.18777929	11639.43832	10922.32683	13116.57641	7940.673706	6531.461677	396.2717455	10524.34929	15501.14301	9442.425388	5830.584766	1442.537861	10294.94379	77.79050394	13972.95428	12663.34833	13477.13192	270.7215575	10748.99	9903.993466	14230.32777	2259.275117	11518.2209	11769.19665	959.0403849	7520.125686	1810.566743	347.7412793	13137.63763	12261.48697	13183.42586	993.4036599	469.7298978	993.2523765	0	44.10545455	14336.57776	11475.67865	2489.474049	5160.381455	19596.66071	1186.636336	117.3613137	450.1533924	12771.96427	2022.887227	16402.90023	10790.85172	16213.4061	3171.641306	1376.487404	601.3558394	152.7345641	15858.28175	6438.630427	9330.560805	6291.536268	769.8769096	10470.68427	6736.290253	12685.17737	1946.22016	1024.959185	7889.650213	17463.78551	6894.191381	15912.55885	6894.191381	9719.753102	12356.01988	784.378657	1878.7	13253.10354	11923.91871	348.2183899	8256.526355	7424.876093	15432.597	4594.704134	817.2893169	136.5	66.71390784	169.6530938	88.78601866	66.06885713	12408.53655	52.8066139	10415.98625	12441.55731	19232.38902	10113.34293	11891.19764	40.22566648	14440.0707	7106.90714	11596.13358	148.128454	3217.335772	3066.479679	3466.843138	13110.19741	62.32567353	74.95899596	270.1479583	95.98989864	33972.80853	10997.48792	6706.357549	66.77159294	1238.115018	50.47084474	1401.077801	9654.703829	9169.442773	10.64886479	11765.24534	11765.24534	10444.7694	11963.05117	12464.83165	9984.470175	946.372887	7418.864816	12747.00118	2479.447316	12571.89595	12020.71351	12483.4475	13622.14619	13504.69729	144.5096899	9133.60664	15218.56178	13966.06231	13380.11578	16388.54829	2528.991609	973.0982664	15858.28175
Plate4_1193R_L_F_NS1_week9_S73_L001	12641.68075	115.8003737	48	2083.409518	9246.601487	17123.44866	1221.779409	96.39276481	1364.096226	10669.62172	9102.817434	10276.01638	11095.91458	55.81395349	10719.10047	13191.98427	15855.70363	321.8639416	10190.60649	9506.40413	7417.349163	11248.53888	10945.8532	14163.01502	155.3133324	348.5550848	244.3002818	14633.30429	7492.736994	5780.539857	11923.39241	6756.688206	7608.445281	8677.380869	2488.583643	11168.90566	72.13278608	6633.599159	816.8609172	2488.583643	13355.65639	17607.10391	7849.493929	9958.276694	14386.2475	7490.161686	186.1026061	14109.88932	6600.233626	335.0794887	190.6156147	961.7694339	52.36363636	198.3654337	153.0522384	1897.2365	6885.82314	11819.35423	8870.179536	11327.70946	13767.54173	713.26856	77.19183673	189.6673725	197.8856731	10264.08358	98.23786724	4190.909122	9691.44624	17263.23372	1705.746508	96.39276481	79.37662338	492.1259857	15075.9624	880.4626648	1003.457864	1082.233065	3444.504909	858.0737646	8275.802952	149.4611336	702.2284565	2366.739827	17186.07971	6968.454539	5034.913146	1059.702341	10852.68346	10290.67011	11356.3706	11464.64226	10823.86007	486.6925606	656.2268279	10395.24086	9529.959347	8776.115522	25.86835327	39.26745881	2518.389383	94.31286793	13645.08992	12490.61431	2686.750862	1171.969988	14072.12379	11460.89348	14323.93359	12556.22155	13130.06747	10794.01008	158.4212779	45.17395994	594.0983963	594.0983963	4600.309585	4347.085199	58.07210776	1198.8	7423.539616	11187.16195	4165.193478	44.64821971	116.9757133	183.8545632	14063.55842	14172.08311	8729.267914	14102.31248	11223.08873	4511.914099	1655.677584	14092.97725	12969.36102	996.6674587	63.84173351	4342.828057	7168.909404	6700.379015	6538.759028	6538.759028	2194.28406	2194.28406	2194.28406	5775.039448	6536.182246	5775.039448	4691.655779	6538.759028	6925.54703	6925.54703	6925.54703	41.70855751	9407.60544	465.7865005	147.25339	13603.31496	11411.66291	14366.79197	9563.174649	81.1935357	13968.2062	13422.49208	12246.08336	7953.025192	9342.059209	32.01489517	10027.64696	8691.829837	11257.54717	9249.208362	5527.446457	406.7376388	8731.037982	13422.49208	9250.479004	5382.142493	1826.815362	9297.613287	28.72599612	11944.74834	10915.56072	11535.32407	222.0658225	8879.1	9112.57634	11777.66104	2050.156832	10479.3719	11025.06878	938.5692791	6847.419844	1816.458387	410.6968515	10826.8352	10625.24871	11236.53265	1043.003902	550.9570185	1042.772439	0	52.36363636	11905.66512	9777.291223	2194.28406	4246.234454	16516.1218	1543.785166	194.266851	474.181469	10561.29182	2073.764779	13592.40669	9725.630989	13748.99723	2782.067528	1351.721284	906.4605737	179.8269121	13767.54173	5614.852669	8413.396446	5821.174009	755.419666	9445.232295	5921.930068	10777.20541	1653.76447	996.6492045	6891.890795	14999.27686	6395.327871	13866.76873	6395.327871	8848.121306	10964.08468	821.6635173	2583.5	11889.07783	10142.94346	425.107884	8149.827975	7773.068062	13183.88188	3712.262007	951.6865101	141	53.09923664	175.077021	65.28600206	43.73455701	10655.01878	62.85778026	8674.466566	10568.26032	16965.92916	9824.152197	10577.0355	29.2299797	12077.20708	5225.719574	9287.095137	174.0972677	3212.120356	3080.041191	3104.550018	11223.08873	74.43878304	95.80079514	354.7210937	104.6254443	29373.70635	9753.000386	5878.997314	78.9222326	1023.367187	59.88865004	1467.917398	8057.026611	8975.225288	7.799284526	10041.80823	10041.80823	10141.94302	10298.2837	10331.29738	8124.703889	958.0577726	7558.971713	10588.62731	1869.078696	10268.53299	10322.47047	9683.796731	11061.39078	11502.40224	171.0865173	6881.99199	12598.83904	11928.28439	11495.07291	13803.55042	2223.173499	927.5662888	13767.54173
Plate4_2529R_0_F_NS1_week9_S74_L001	15048.55054	254.9672144	133.86	3786.009189	6687.095264	19613.17934	1263.883794	253.1543861	1020.421435	11655.28666	11846.26152	12777.23504	10563.6478	152.3803635	11858.08607	16027.02014	15614.46819	784.3153942	12952.95828	11656.89687	12169.96818	14015.7938	9199.682666	16370.71797	388.5460775	864.1344445	549.2096038	17603.29062	7575.386154	4397.718481	14007.15328	6065.821425	8412.928915	8571.668724	1770.796752	9947.147532	58.04657244	4311.532481	769.9885065	1770.796752	15592.21672	18157.2975	7878.065231	13236.08166	16691.62659	7888.570032	487.2871151	15905.97606	4887.754306	879.7152553	526.4388938	830.9134583	146.0290909	317.4810798	275.079622	2264.630706	6991.75928	14310.06008	8980.601628	14104.09592	15921.83151	1844.218753	203.3506369	225.5142277	522.4875752	11443.14112	267.1683892	3382.805672	13051.39585	18290.09577	1882.491414	253.1543861	207.7297104	1306.043383	18190.46125	651.8399856	741.2279289	465.2796213	2469.154648	574.777484	5716.645858	65.62023966	1641.198049	2936.272975	19262.88562	5170.291531	3471.079517	506.2778682	13756.28945	13093.93594	10862.73711	12647.9565	13919.84974	650.4407471	670.3307188	13061.71329	9997.722237	12093.53831	228.753231	321.0314516	1604.853384	352.6336391	16087.2078	13621.08273	2539.509853	752.4964239	15814.44317	10445.572	17188.69202	15145.00556	15503.7168	11323.03773	236.5988444	98.56869719	557.9375245	557.9375245	7498.324236	7139.230508	438.3928149	1287.68	12878.55823	12185.40259	8952.165553	93.63162554	247.4773394	340.1316596	15607.46749	13617.48613	9031.639002	16916.10769	13705.60813	3505.884566	949.9707933	17172.16926	12669.88566	711.4407581	177.2672057	7601.944676	10835.06749	10364.14292	10364.14292	10364.14292	2381.439655	2381.439655	2381.439655	9651.761279	10275.62911	9651.761279	8026.007827	10364.14292	10599.37484	10599.37484	10599.37484	93.09409673	15462.85	746.3045917	343.7876975	15379.1959	11785.96686	16834.90277	9629.998322	219.0420337	17113.82612	16583.51248	14737.25052	11355.80474	13079.82401	20.47699213	10312.01172	10631.20047	13555.74473	8952.165553	5518.919926	757.2020273	8987.77118	16583.51248	9414.872683	3857.937669	1035.039638	7931.233643	53.12317561	13122.44549	11223.91165	12463.67935	387.4510558	12152.02	7431.373313	12563.71659	1525.495146	9071.030046	11670.33285	662.1548194	6346.094737	1502.562579	987.9615228	7814.183194	10306.18427	13155.66762	2541.203584	1458.5061	2540.610532	0	146.0290909	15406.68333	12823.51163	2381.439655	5670.267233	19247.6199	754.9265803	351.0914283	887.2784423	13967.30949	3696.353935	18026.34512	8283.11208	16948.99969	2580.449454	1158.150563	854.0920389	452.5346934	15921.83151	9137.834188	11194.52263	9019.053002	524.7051735	8976.883307	8375.257478	13255.08551	1041.867029	726.4532058	10724.13162	17935.96766	9776.09751	15673.2685	9776.09751	12185.04841	14592.95472	1528.592268	1197.85	10102.77015	10916.56874	431.1504457	11239.40807	7449.244319	13686.49935	6973.361887	1013.026117	272	112.608786	332.8477518	518.3800856	68.00198662	11654.31974	163.5729794	8764.657155	10743.18767	19262.84208	10106.29495	14005.7584	65.30386078	15453.48156	8193.776779	15010.71024	355.0783151	2074.470427	2005.859081	2316.716465	13705.60813	182.1714345	216.6249502	652.6688954	249.2100575	32788.50474	13371.94149	9174.170486	215.9989094	731.7684639	166.4708029	2263.575889	9020.533294	9216.191883	73.14512337	13039.08264	13039.08264	10400.15675	11286.43801	13072.98544	10642.21624	975.5206729	6418.110375	13420.36114	1193.271314	7174.114198	9609.119515	18395.90436	13132.84672	15522.77517	472.1247646	8945.979868	16821.52865	12456.54636	13797.71794	17376.10346	2447.734934	1042.068582	15921.83151
Plate4_2529R_L_F_NS1_week9_S75_L001	14064.02504	221.1961627	108.72	3417.283632	7334.907524	18532.14688	1213.616527	211.4805864	1093.799709	11118.18622	11026.58997	11936.68989	10373.84752	124.7446424	11039.95393	15001.43239	15252.95666	665.5577806	11994.85638	11082.69005	11131.65412	13091.12098	9584.659622	15365.46268	320.767558	725.3944443	467.2348215	16513.37696	7053.128665	4643.880978	13170.77713	5968.831117	7732.810826	8456.483804	1899.416013	9978.841453	69.01586355	4832.511753	757.3694377	1899.416013	14700.02704	17322.67475	7766.779002	12208.16693	15803.89137	7083.543503	403.6963426	15166.21302	5212.420741	727.4221638	428.5466949	863.1826825	118.6036364	329.3542809	259.3653185	2287.295961	6689.173624	13363.882	8871.658042	13116.78995	15019.00383	1522.864593	172.2960577	288.7065302	426.8928557	10995.40611	221.7857081	3229.279619	11969.23892	17620.32366	1885.225397	211.4805864	172.5702494	1096.223394	17047.65613	694.2907722	789.9938421	597.683045	2645.031186	622.4902242	5843.833721	82.57538744	1322.6666	2327.220504	18334.87907	5523.708782	3747.533306	611.7710604	12800.68188	12111.22022	10662.1093	12167.70827	12884.48887	617.3418883	644.6608102	12134.67093	9574.501114	11027.34754	133.7441275	193.000252	1724.039539	327.4300766	15137.81882	13004.32145	3056.095002	829.7440791	15122.8829	10499.25981	16124.02714	14183.44383	14594.65157	10875.24111	239.7799993	121.2762856	573.2374864	573.2374864	6750.019183	6418.150776	289.9031178	1113.77	11491.85218	11776.74575	7835.432513	124.1438079	237.6845018	332.2437846	14892.78809	13667.3222	8941.844404	15885.01988	12717.1264	3615.835473	1098.27132	16069.79716	12238.3461	753.8530932	144.1357899	6852.745341	9881.937203	9407.380963	9407.380963	9407.380963	2387.020328	2387.020328	2387.020328	8736.121085	9362.409539	8736.121085	7253.091292	9407.380963	9659.559775	9659.559775	9659.559775	121.6062939	13904.0759	767.2322556	307.4928131	14546.87869	10998.47608	15849.77021	8923.810161	179.5244169	15995.11778	15490.31296	13825.01259	10316.80073	11930.75783	18.62844421	9930.711412	9814.99901	12696.21893	7835.432513	5675.251731	432.9237634	8906.862247	15490.31296	8716.776615	4148.494482	1277.266869	8048.585018	46.01733575	12646.66508	10903.76522	12061.47406	349.7479725	11109.23	7893.985086	12195.58337	1722.790566	9029.882602	10859.3916	713.0263672	5986.613781	1527.32532	841.066259	8135.982938	9968.810038	12384.56885	2269.530364	1199.040124	2268.937023	0	118.6036364	14242.91776	11693.47792	2387.020328	5725.32963	17896.27244	950.9823457	329.2489709	734.5077799	12621.21885	3109.911925	16502.06208	8550.42333	15849.60104	2797.892874	1117.904495	617.9421395	376.4271858	15019.00383	8153.92764	10290.73037	8055.210204	566.6428545	8573.890866	7592.586397	12368.05815	1153.74278	779.1101328	9625.66255	16853.6309	8758.099018	14869.90665	8758.099018	11150.0815	13443.07209	1200.901951	1471.75	10167.26614	10493.06383	474.7081872	10059.83715	6952.358979	13274.86424	6420.603886	863.8948229	150.5	105.3974763	186.0608273	319.9665849	58.48088187	11113.16962	136.2510091	8444.303434	10392.0567	18157.22159	9364.807559	12916.66501	85.37703813	14341.33353	7483.676988	13910.04047	315.6745085	2276.699644	2194.217076	2394.362508	12717.1264	155.1805572	195.4287025	609.2478603	203.6648925	31416.88937	12241.64809	8225.633772	176.0471967	765.5598078	135.3196523	2002.262392	8683.487011	8515.037726	41.53146638	12084.9962	12084.9962	9647.4584	10754.97424	12098.95755	9740.874828	937.409852	6383.413211	12421.10548	1282.929528	7528.355658	9523.661314	16357.58112	12718.22333	14299.35353	384.3780469	8416.96938	15359.17793	11986.29748	12932.39448	16280.56987	2453.027197	1046.510648	15019.00383
Plate4_2529R_RL_F_NS1_week9_S76_L001	14345.06061	240.6039271	113.29	3463.11744	7519.967281	18851.14667	1141.099621	221.6997437	1097.268118	10825.17421	11724.01583	12436.279	10052.21546	129.8472004	11206.31838	15364.50616	14964.55962	698.2816117	12314.09922	11303.86983	11858.50944	13635.65068	9254.329559	15700.98614	352.784744	761.1578377	484.9096955	16886.56202	7153.683082	4890.412224	13342.70711	5537.29106	8241.173016	8523.668269	2250.278214	9669.345771	119.764022	4626.801203	908.3454064	2250.278214	14851.81143	16533.34906	7953.215177	12706.07418	16072.26994	7561.232425	416.3793627	15247.76575	5149.113689	756.0420358	446.3370295	987.6635257	123.5890909	314.3906757	264.5989424	2503.514979	6458.074785	13647.33075	8577.613694	13526.42017	15309.16303	1583.058524	181.8764104	339.1341337	443.5786451	10912.43603	232.4010845	3084.399378	12297.04845	17818.62182	2162.063882	221.6997437	184.0720956	1156.832294	17314.63892	725.6035145	826.0430566	696.87203	2828.613825	622.9851063	4596.377247	166.7168099	1841.208805	2460.323809	18297.87084	5546.201142	3681.631893	745.6345636	13067.01504	12419.81603	10343.75301	12168.90174	13428.71931	586.9019325	602.2984498	12472.46186	9340.023368	11394.87639	412.5059544	499.5153879	1156.351919	644.005217	15436.94076	12940.55539	2633.575244	893.8260736	15292.19119	10469.08174	16466.20751	14492.41411	14849.88858	10418.0375	242.6964747	149.7769115	573.6349722	573.6349722	7437.0343	7088.976649	798.424778	1119.06	12349.68557	11648.97374	8659.782248	160.0887559	260.3262281	356.5438202	14920.88424	13458.53587	8777.176869	16215.30036	13261.67044	3483.251075	1179.950566	16487.7448	12078.52655	613.7700688	150.118352	7246.618412	10305.64311	9876.517125	9876.517125	9876.517125	2225.494287	2225.494287	2225.494287	9237.609823	9810.747365	9237.609823	7654.191459	9876.517125	10086.03037	10086.03037	10086.03037	158.672938	14922.28021	739.1093978	308.9110921	14808.48142	11151.10994	16189.21735	9038.600572	186.6522968	16552.84659	16093.7736	14268.16427	10958.23736	12617.82426	16.69572998	9724.849732	10034.86113	13076.90513	8659.782248	5486.161322	553.4388717	8734.859612	16093.7736	8860.159473	4247.808888	1317.460827	7073.351184	63.06716121	12610.64732	10751.51417	11977.83096	390.0909585	11456.36	7970.724173	12111.32519	1428.640338	8633.892178	10992.0869	717.6349184	5661.489438	1537.918355	881.656076	6297.800491	9826.077637	12536.81752	2475.114227	1248.953817	2474.439569	0	123.5890909	14645.64432	11873.59557	2225.494287	5805.669887	18260.74884	1101.210152	336.9208252	1012.712681	13289.40493	4081.836978	17074.59852	8533.199699	16084.03305	2661.950013	1465.211716	296.9903373	391.7101811	15309.16303	8792.996389	10757.79717	8695.032664	569.8430851	8490.558767	7991.765694	12740.93926	900.9446951	786.3189033	10295.8833	17354.05396	9436.579368	15122.05211	9436.579368	11762.3843	14081.77796	1403.718921	1764.1	9776.797167	10316.10674	445.7499517	10736.80655	7071.495858	13107.21317	6687.793585	601.1443309	194.5	138.376202	239.1220158	869.7446854	71.12235706	10827.61968	142.2714873	8389.62314	10174.03803	18499.30036	9523.280046	13521.63083	111.489543	14775.30692	8087.541818	14325.18661	323.6527898	2269.216988	2220.990491	2327.316756	13261.67044	160.3038611	196.6204555	640.0931496	210.5804961	31567.65808	12855.8745	8774.52479	183.4013311	581.6940089	140.9540724	2133.802172	8853.179755	8665.850149	137.7991632	12585.56836	12585.56836	9812.663827	10826.26006	12404.92655	9997.287081	953.4550328	5845.620745	12776.06799	861.8243924	5693.911622	9020.539103	17610.36184	12632.43515	14739.86892	400.4570503	8778.971754	15987.73721	11771.05374	13300.83697	16662.40249	2288.226028	1225.892263	15309.16303
Plate4_3861R_0_M_NS1_week9_S77_L001	12130.35196	133.3585058	55.72	2283.736757	7372.535559	16591.63073	777.5691547	112.256333	1328.688457	9842.28797	8536.87127	9811.591749	10386.67537	63.92156816	10546.06324	12884.715	14012.68154	366.8971635	10198.07651	9375.99883	8129.685474	10757.39157	8659.683905	13685.18089	181.9156807	393.6420384	276.1708382	14735.92305	7201.463221	4536.159231	11524.97764	5347.748242	5737.510594	8486.939231	2162.018312	9857.108715	83.42737975	4457.624372	856.2224275	2162.018312	12989.71409	16980.61645	7924.821144	9568.136711	13825.79854	5135.404958	214.0478066	13546.77831	4686.503872	383.8705708	220.9826655	950.3965089	60.78545455	187.0473789	134.39258	1918.395614	6945.497007	11691.45549	8414.344787	10949.45666	13179.22292	822.007099	89.79226328	227.076455	223.578936	9918.820133	115.9850487	3104.24067	10218.12309	15945.10517	1688.525364	112.256333	87.66362996	586.1639258	15025.32542	914.3647483	1041.591334	803.7117546	2577.46592	863.0960941	4422.808125	176.01425	795.1656782	2638.538143	16278.23992	5091.714596	3400.270933	754.9097048	11007.64796	10344.76979	10569.94291	11153.65355	10676.42993	325.0173942	407.9083411	10390.29505	8830.233834	9318.604471	29.79469623	45.27844311	1047.461758	173.6474735	13280.7285	11907.69411	2746.833749	920.6378901	13541.20613	10373.02475	13935.38643	12267.52032	12583.94658	9812.674519	178.6061164	79.72141712	541.0372987	541.0372987	4716.589559	4430.831958	68.91855043	1093.69	8398.13025	10825.1309	4909.940332	87.23688309	154.92433	231.1746206	13481.28444	13394.98776	8263.777951	13720.57006	10993.73793	3605.530379	1397.234637	13812.58727	11744.36585	507.2408742	74.07931242	4859.118304	7800.412165	7204.557887	7204.557887	7204.557887	2315.388213	2315.388213	2315.388213	6451.828605	7189.547324	6451.828605	5212.516457	7204.557887	7556.472049	7556.472049	7556.472049	81.26882592	10233.06746	441.3634963	165.3415614	13265.41943	11012.9803	14090.4776	9207.10697	93.23221071	14088.00402	13498.94686	12229.05722	7984.8633	9374.272971	15.69642825	9511.522728	8403.853797	11000.8302	7029.304093	4702.671817	687.8146971	8256.435383	13498.94686	8924.746979	3759.296152	1402.146621	6980.028148	35.00575877	11637.53247	10497.83791	11202.99651	243.257802	9391.98	8000.47511	11632.55138	1296.214459	9206.927363	10762.67009	955.1546826	6220.625474	1780.210685	467.277207	6024.94509	9646.557693	10802.17578	1317.304659	633.9828713	1316.923137	0	60.78545455	12058.96513	9987.204721	2315.388213	4488.422348	16107.2039	1175.202775	174.186485	537.0511705	10739.72503	2325.18012	14236.93103	8449.804758	13489.63114	2745.036871	1356.678185	693.790265	205.7596684	13179.22292	6062.293785	8406.645616	5956.655116	769.4971358	8888.002498	6210.285485	10660.17521	811.4940355	1021.355319	7319.19554	14421.4376	6521.648254	13039.8747	6521.648254	8802.036635	10874.95775	1134.688049	1853.4	10393.45873	9891.322367	371.2752862	8144.619472	6992.423826	12465.17536	4146.139111	848.3074109	247.5	103.7659963	303.2208889	74.73255258	41.3966025	9844.083041	72.19719355	8275.663591	10086.22049	16562.27613	9490.504217	10560.99947	57.01873815	12033.88558	5588.824789	10314.97824	191.274183	2094.994733	2064.414916	2104.735309	10993.73793	84.07785531	103.8286598	327.7021705	108.2477151	28316.57872	9800.12556	6286.710603	90.88798244	480.208407	69.49940809	1562.947356	8018.496248	8671.26167	8.999030315	9871.82859	9871.82859	9776.862637	9856.741607	10300.32062	8512.137013	989.9922552	6264.096646	10666.64429	782.544627	5425.371248	9173.310783	11142.83919	11361.32579	11615.10716	198.3088148	7562.457182	13107.41962	11286.90606	11210.58031	13648.36212	2303.546472	929.4586519	13179.22292
Plate4_3861R_L_M_NS1_week9_S78_L001	12221.18491	101.1328497	36	1782.853972	7518.536735	16266.1765	1036.405556	75.33593975	1358.041087	10147.67157	8705.670994	9879.747881	10367.99852	43.01635892	10993.03973	12845.96397	14662.76931	242.9325082	10216.48517	9371.161987	8042.999935	10827.46318	9799.456809	13588.5346	161.3756574	263.6752	188.1162383	14805.17204	7895.760481	5382.828409	11460.38158	5959.938361	6071.924955	7699.808857	2599.164175	10150.21627	66.00515386	5148.63569	1161.201613	2599.164175	12947.54095	17256.6225	6889.897845	9435.1963	13952.99899	5923.103434	140.8775337	13540.93686	5401.965624	252.4690068	143.2027778	1023.263492	39.27272727	280.081501	210.0567622	1834.951866	6790.054802	11428.30786	8119.644834	10405.51254	13071.24715	545.3660528	64.81656182	368.7257104	142.2360995	9619.587844	79.00553352	2987.641891	9919.615469	16326.88425	1937.189374	75.33593975	64.91106006	416.4330975	14624.86162	868.9825578	988.0952044	796.5469644	3206.029902	828.854883	6321.245843	424.6518431	713.0925245	2432.305841	16474.49037	5897.729728	4013.383638	615.3474111	10890.39262	10223.71829	10774.83089	11177.62326	10566.44686	502.7980368	551.7591413	10307.27735	9046.269252	9019.193681	55.67189844	77.36482856	1746.036751	299.4316679	13326.25301	11936.67549	3239.321813	737.2011637	13631.4514	10274.38949	14040.98321	12269.20509	12694.47159	10208.70255	123.5274461	80.08938468	615.7065153	615.7065153	4546.120869	4290.965444	128.7564308	1034.91	8197.434808	10553.29887	4680.527635	143.7372361	163.4181579	246.3672586	13455.30899	13334.31338	8227.928665	13659.56942	10978.89604	4129.83224	1257.624689	13796.51089	12161.48643	936.7192122	47.9081328	4792.036635	7550.722686	6962.99648	6962.99648	6962.99648	2443.662583	2443.662583	2443.662583	6227.874876	6954.083495	6227.874876	5139.556276	6962.99648	7322.719074	7322.719074	7322.719074	125.7990243	9716.445846	640.9696051	124.6260224	13016.36747	11871.39428	14136.80558	10181.66831	60.41935592	13712.22438	13145.94945	11970.26434	8206.653723	9581.784135	0	9353.251817	7848.145535	10950.05005	6866.483301	5030.162619	536.9390827	8217.593779	13145.94945	9837.354993	4260.472824	1363.569882	8735.923455	53.59781337	11692.90813	10480.5406	11268.08082	219.7125602	9114.76	7771.297377	11260.017	1895.619062	9467.43928	11398.62935	922.7953126	5945.441673	1688.612538	310.3423254	8721.606806	10122.62193	10743.92726	1219.874668	417.3105074	1219.550968	0	39.27272727	12017.40997	9783.278741	2443.662583	4354.962967	15857.43913	1213.761488	260.7786826	764.1913648	10260.89017	3109.810249	13700.71727	8580.193871	13522.47993	2997.245072	1344.706166	899.765836	136.2654473	13071.24715	6192.410444	8513.191941	6152.256561	741.9556811	8760.635654	6231.006725	10580.75016	1540.364745	988.8440554	7391.549774	14439.84655	6775.163719	13022.52359	6775.163719	9024.240086	11060.67456	1235.819389	1584.95	10589.54289	9832.920772	391.352077	7872.731702	7209.847617	12552.18327	4015.447892	1024.391797	189	127.8038019	233.7529835	138.6594932	38.54251012	10142.85218	46.83695103	7993.219403	9887.828127	16758.89285	10375.55295	10662.05747	88.37634718	11949.15463	5043.607561	10535.08236	136.0602288	2451.446606	2461.611601	2827.477687	10978.89604	56.13590442	85.91420459	512.8988556	63.89890154	28561.64822	9936.470743	6405.733483	58.66617778	795.3015818	44.93537495	1980.137092	7495.008288	9520.606295	16.94650444	9766.76996	9766.76996	10679.73316	9827.65289	10191.71942	7868.239771	895.8424457	6993.683461	10595.12696	1297.916152	8115.761703	9569.498665	10605.81876	11239.6049	11459.67862	128.6301954	6839.863642	12603.98872	11340.07325	11102.19629	13587.57179	2527.814396	1072.905931	13071.24715
Plate4_3971R_0_F_NS1_week9_S79_L001	16976.70301	182.8372666	84.71	3298.567871	9558.296483	22654.30033	1326.489917	169.3015228	1531.145556	13229.63587	13767.66525	14630.39199	12221.08159	97.26035385	11964.86864	18233.61531	18407.26265	546.987755	14443.36261	13612.22947	13561.34506	16039.635	11892.35075	18229.32968	289.284914	603.2551056	399.4792123	19653.07004	7151.053796	5706.688937	15869.42122	6738.775875	9696.634802	10819.14686	2309.015151	12026.37286	66.35269127	5957.273069	825.2879525	2309.015151	17685.81161	19493.43479	10155.29616	15034.05304	19144.81576	8762.941626	318.7337722	18292.84989	6390.244824	581.7323088	335.6300278	1080.453463	92.41090909	274.7712734	208.1112138	2523.122324	7705.323018	16305.45213	10546.0984	16606.74123	18324.02516	1240.169152	136.3625342	308.3580954	341.3733996	13257.42745	174.8908793	3767.554278	14327.92309	21441.04869	2158.307128	169.3015228	135.7853514	885.6960162	20778.83482	1000.543129	1139.370582	863.0861469	3263.96659	892.2870154	6886.197127	83.01121578	1421.082756	2823.312713	21929.08216	6786.240763	4582.251314	895.0541156	15425.04046	14585.83446	12530.45589	14514.77632	15830.52339	591.8132294	699.5519581	14668.56013	11182.46994	13256.54925	163.9685883	222.1350925	2081.036928	351.812094	18189.76706	15668.76857	2956.760109	1085.26463	18130.77167	12924.73008	19520.92231	17193.66155	17688.52776	12845.26674	248.4672584	116.242037	648.8503224	648.8503224	8534.111683	8128.838509	346.0487674	1094.43	14181.80134	14084.59731	9820.121697	125.5919867	221.0558371	321.5994142	17919.2143	16245.81195	10890.25673	19213.60431	15556.74039	4201.201757	1549.693642	19481.09994	14548.21703	814.0990641	112.5110592	8167.798254	11904.46781	11374.52365	11374.52365	11374.52365	2586.505373	2586.505373	2586.505373	10596.35232	11299.23631	10596.35232	8657.57523	11374.52365	11631.1936	11631.1936	11631.1936	119.0679849	16886.04854	655.2812243	246.4939886	17802.12235	11533.33232	19006.96466	8985.690364	141.5992659	19431.52637	18893.45513	16808.01074	12056.69055	14086.07396	31.8758776	11757.73543	12568.53861	15421.23677	9820.121697	7165.968716	554.3693778	10846.13959	18893.45513	8817.149422	5242.150706	1586.129215	8829.697677	63.91801362	15026.93532	12947.546	14319.73575	357.9380059	13321.78	10087.15589	14836.41247	1765.49367	10664.86174	11507.35453	1019.852039	7173.574867	1968.102256	695.2339289	9584.949998	11813.15079	14927.09483	1978.036743	962.4325591	1977.59231	0	92.41090909	17176.08701	13999.34774	2586.505373	7510.046912	21757.62865	1317.018704	266.2131853	678.7355193	15578.32798	2981.982456	19938.43912	10561.72763	19124.27271	3093.547725	1573.719071	683.334911	306.3509655	18324.02516	9699.205638	12165.58073	9358.711895	814.5016003	10214.14789	9055.945453	14995.63231	1308.620504	1111.427604	11498.16198	20622.00654	10108.52453	17973.44957	10108.52453	13080.09939	15997.17066	1244.531032	2151.1	12230.42507	12458.84663	421.3860793	11870.25634	7569.099873	15790.51024	7531.398027	989.8211674	193	118.9974932	238.5427302	393.828448	73.84716053	13225.38794	108.9271938	10269.10515	12297.31366	21482.72727	9581.335026	15354.34739	83.546989	17388.16229	9696.989082	16552.73432	276.0054713	2835.368639	2724.416284	2761.54248	15556.74039	124.1738848	155.4395725	518.4582103	169.6546671	36959.11238	14549.23836	9761.746192	138.184975	844.1131496	105.5809179	2086.755228	10567.34029	8637.116601	50.82694748	14940.89565	14940.89565	9888.913465	12924.21958	14635.51702	11903.77923	1116.277165	6793.155393	15000.70925	1548.162363	8862.755853	11176.08448	20220.79041	15173.75732	17311.1686	301.4161404	10795.83458	18684.55492	14375.38263	15726.89981	19678.66903	2632.032577	1202.033283	18324.02516
Plate4_3971R_RL_F_NS1_week9_S81_L001	14396.52482	176.2142841	73	2938.579133	9969.711349	19174.88028	1006.474331	146.2939363	1667.620519	11160.41504	12074.54686	12595.46852	10809.64158	84.16597541	10552.08646	15488.03662	16202.60634	481.5571028	11849.17747	11493.65149	10965.4805	13786.20331	11374.0204	15579.6396	242.1963362	527.5182124	358.615158	16671.5295	6564.363146	6324.635845	13413.15559	6250.433388	8411.368031	9359.919676	3178.418503	11190.57443	113.9729283	6396.356642	1171.097244	3178.418503	14980.7556	16611.11506	8632.178834	12803.86823	16239.70073	7018.498209	276.5287976	15628.86635	6658.255977	503.7524689	289.1468132	1127.867529	79.63636364	269.860658	194.8355116	2458.117573	6534.448119	13740.9703	9426.991537	13930.84004	15919.71159	1063.428593	115.9342718	288.3661636	294.5445219	11476.78257	149.0077845	3524.934241	11605.72363	18596.54525	2111.749229	146.2939363	118.1984558	745.6805125	17295.27979	1076.255487	1229.421956	1394.242702	3825.355831	1006.168697	5237.276509	277.6693326	1157.761817	2804.176544	18526.61665	7221.368003	4907.783611	1340.14035	12710.63866	11953.37672	10959.92152	12628.14397	13365.63081	451.647464	527.0517309	12236.03936	9500.423946	10722.71805	111.3268117	154.8362607	1295.912632	217.8186592	15534.02207	13552.68688	2892.30254	1447.128789	15599.15208	12371.63771	16545.55434	14552.56614	15020.1108	10630.11194	229.1024815	76.014176	699.2612602	699.2612602	7250.687675	6902.18652	228.3787471	800.2	11519.56975	12288.43403	7643.969406	76.64712925	177.9561127	270.7991154	15326.62973	14308.158	9583.677512	16073.55821	13290.27981	4102.039806	1948.550048	16505.77687	12930.4453	683.9774756	96.94766376	6491.853206	9539.389884	9071.784232	9071.784232	9071.784232	2607.753443	2607.753443	2607.753443	8405.246089	9019.716569	8405.246089	6910.434121	9071.784232	9312.846291	9312.846291	9312.846291	72.05150226	13314.04983	638.9787738	221.3509125	15017.31726	10568.2933	16274.32513	8357.59228	122.5855467	16753.94157	16337.60792	14423.0354	9768.924052	11515.38955	29.80450626	10172.46239	10246.31391	13195.09882	9595.936372	6672.449804	585.5765488	9556.041742	16337.60792	8196.140083	5522.654059	2015.289924	7554.315444	49.58461078	13044.04666	11406.00768	12498.44515	340.1862112	10771.45	9930.493652	12802.69978	1380.696962	9797.70558	10349.55018	1126.607454	6298.02246	2157.891791	612.7040702	7313.449956	10515.18486	12634.75319	1584.221096	828.8823316	1583.76195	0	79.63636364	14093.92471	11430.99691	2607.753443	6896.927744	18307.17736	1924.016257	248.6468327	802.7576308	12556.83314	3346.614918	16295.6145	9990.837659	15965.83319	3111.406268	1692.65201	690.223064	269.0196541	15919.71159	7879.404273	10037.8793	7419.020737	907.838643	9039.67393	7467.361976	12664.36608	1083.063749	1216.662689	9351.570998	17739.68153	8051.716632	15498.31058	8051.716632	10705.40109	13280.53594	1158.518971	3273.85	11364.99599	10622.20643	362.7415827	9924.012527	6710.198798	13662.04053	6398.414928	976.7164765	205.5	87.85500347	253.7044275	272.579702	61.49710753	11155.43071	95.23007474	8658.355627	10596.90457	18533.54127	8855.823964	12753.3032	50.52243301	14428.02379	7638.539939	13348.45744	251.1136063	3097.728049	3044.69241	3093.662079	13290.27981	107.4611935	140.562592	471.478009	147.6942364	31696.38849	11923.41482	7980.09152	119.3736932	622.5312284	90.97855719	1867.024845	9079.919912	8002.342166	34.03792102	12692.62167	12692.62167	9143.313335	11206.36646	12021.40894	9638.947334	1182.506358	6379.237812	12371.77795	966.7730394	6657.103041	9729.79007	15780.1888	12918.68814	14233.40869	259.6045103	8921.582738	15244.88233	12491.27495	13463.82599	16366.2525	2657.611997	1183.172708	15919.71159
Plate4_3971R_R_F_NS1_week9_S80_L001	13219.32186	75.09547292	29.86	1566.810892	10670.39646	18642.28343	1332.946453	61.63283375	1614.874704	11461.99866	9728.711938	10944.88768	11885.35172	34.06062035	9612.059814	13888.89339	17675.07961	204.0719812	10787.84718	10590.60422	7306.845196	11970.85577	12304.37609	14308.06417	133.5972087	225.4261026	162.6580339	14886.9277	6099.266955	6602.911276	12620.86971	6619.667933	8754.363904	10595.28937	2524.050361	12265.54772	45.48103065	7745.404539	767.5301762	2524.050361	14382.13975	17671.34426	9972.032772	10696.1885	15576.7006	9011.266018	116.8088583	15235.46979	7585.927374	211.1697311	118.9312135	1153.237077	32.57454545	114.3571043	68.85450172	2011.483456	7037.544622	12568.13167	9951.014117	12799.56858	14623.28962	456.2192576	48.36829588	187.4150169	128.0005428	11285.68284	62.99055277	4175.719154	9771.637109	18853.9	1767.341069	61.63283375	45.91997524	324.6680586	16153.82305	1108.774819	1266.846493	1190.279838	3980.82124	1046.117959	11087.78864	96.32027458	754.0202979	2082.024195	18288.92863	7968.808476	5803.87082	1197.107949	11299.83156	10752.64342	12327.77483	12250.90783	11545.60112	274.36616	717.0467659	10826.5993	9737.116411	8845.137831	16.45294677	24.94437342	3554.295038	111.2394074	14303.78029	13363.13844	2907.184077	1304.489049	14978.44377	12960.11161	15090.37752	13231.08212	13929.02178	11697.96982	107.8579803	50.70459126	596.3145626	596.3145626	4675.114434	4429.852974	38.22486788	706.54	7130.209968	12194.94329	3986.106034	58.93247742	99.30912792	158.9066971	15109.93777	15644.98574	9940.674338	15112.12186	11806.42117	4712.856958	1914.559526	14833.23887	14234.8604	1256.333026	39.75459718	4047.674099	7067.197687	6750.744879	6408.607238	6408.607238	2330.50455	2330.50455	2330.50455	5612.457672	6395.372905	5612.457672	4400.853718	6408.607238	6796.768892	6796.768892	6796.768892	52.44119887	8239.184649	275.7742663	92.73358199	15019.14733	9701.6442	14915.93203	7605.591598	51.02658838	14430.963	13885.22782	12853.61602	6820.037144	8335.832449	38.45760347	10673.52283	10047.62976	11859.19105	9474.688529	5953.515152	226.4076615	9949.711871	13885.22782	7400.363935	6464.067354	1860.62815	9763.083842	43.7218052	12760.89915	11732.29217	12371.87796	196.1007239	8933.59	10285.85171	13103.91523	2421.440783	10974.08135	9502.466925	1096.064767	6894.840482	2133.706574	261.2721768	13670.92966	11555.90222	11914.15689	790.4271705	349.0060835	790.2798118	0	32.57454545	12382.36218	9737.631867	2330.50455	4170.285065	17601.07787	1715.860489	89.04729782	351.6340315	10798.32965	1592.409	13851.31652	10767.10782	14137.85816	3202.36434	1624.199204	559.6489084	115.0519481	14623.28962	4951.70476	7566.834209	4759.208138	891.9283353	9779.017132	5379.159626	11315.24056	2125.517643	1144.446113	6153.420124	15913.76374	5221.644845	14770.45642	5221.644845	7778.77601	10261.84169	508.8234484	2906.7	13178.27669	10778.62066	372.6202568	7017.569203	6655.898638	14319.26988	3557.273867	787.6840973	77	50.31693265	95.98024064	41.69993375	47.63561276	11437.67023	39.41318182	9695.854919	11387.0149	17143.58185	8001.120491	9843.980498	36.75993166	12602.02912	6166.075381	9321.868073	116.0377106	3889.964272	3694.894731	3828.059598	11806.42117	47.25098832	56.34837434	188.9415469	76.6474371	30888.59365	8971.68114	5204.166441	49.56194969	1354.045768	37.28368591	1072.59112	8690.889464	7195.335349	4.949728905	10725.04049	10725.04049	8281.385845	10955.4632	10868.26403	8478.055905	1076.631636	7017.122189	11099.16952	2632.780113	13270.10642	11529.88496	9385.442846	11376.85935	11219.20232	106.8137146	7107.42452	12865.4445	12848.36776	12122.81195	14455.56124	2352.247354	967.4665789	14623.28962
Plate4_3975R_L_F_NS1_week9_S82_L001	16097.55077	135.389183	53.86	2560.799826	10284.61204	21241.32324	1317.354536	110.7509441	1891.754945	12639.75796	12830.40301	13705.94621	12297.29203	63.22962775	12308.04068	17125.03355	18203.37352	360.9399243	13359.86657	12412.22423	12052.15995	15012.71591	12256.67667	17550.62542	185.3294378	398.6888206	279.1015177	18735.29787	7868.113073	6381.879392	14962.62337	7323.86559	8941.919416	9917.233304	2937.776714	12377.09814	84.4237483	6613.957485	1059.589553	2937.776714	16708.10024	19549.56623	8988.021396	13883.64812	18048.11919	7616.670413	208.370885	17408.05871	6940.509691	413.4343811	214.0537656	1364.973453	58.75636364	275.7413215	205.4182496	2576.119091	7600.464892	15180.03531	10585.53048	14937.57043	17421.8747	809.450912	91.98630725	301.7846747	212.3213512	12767.66499	114.5278594	4303.597804	13057.54951	20644.53797	2402.715045	110.7509441	93.30988823	588.3947342	19201.32979	1207.298705	1374.103818	1157.092063	3767.703648	1165.720487	6835.234671	203.4542035	1020.241301	2819.759036	20935.48539	7434.923641	5086.251052	1145.479727	14220.9348	13407.66112	12418.81984	14072.91238	14611.27849	573.1524282	696.8623795	13633.83962	10962.94948	12010.41917	196.5745726	231.6449961	1940.720612	384.3151089	17227.53556	15147.08738	3463.276666	1292.332175	17389.39052	12906.504	18402.50864	16165.00161	16708.60158	12357.14172	183.3248968	105.7153155	774.1271115	774.1271115	7640.003756	7259.019399	433.3921265	1366.4	12445.71184	13744.95952	8156.224439	138.3056198	187.4370747	286.4805929	17113.64318	16241.99501	10320.5661	17833.25157	14512.58488	4767.700104	1965.125899	18285.86	14512.8836	853.7021908	71.63291668	7261.383958	10641.38007	10079.1302	10079.1302	10079.1302	2809.966342	2809.966342	2809.966342	9303.142908	10037.40436	9303.142908	7723.777752	10079.1302	10387.92936	10387.92936	10387.92936	117.4139615	15226.62308	653.9499775	175.1386551	16654.19414	12399.05941	18187.04713	9946.059659	90.27539353	18331.28625	17797.3082	15882.53092	11355.33399	13208.5632	0	11480.11466	11051.73085	14543.22479	9655.720566	7147.21264	518.5938673	10290.84035	17797.3082	9727.789627	5577.041666	1989.636088	9505.033165	40.54888716	14600.68457	12772.32934	13974.99372	271.321422	12093.72	10452.46368	14102.31058	1849.151348	11107.28628	12162.44	1309.573795	7380.118711	2385.968398	460.552465	9542.323034	11853.1427	14078.94599	1460.097139	622.4803385	1459.725076	0	58.75636364	15846.59475	12795.41578	2809.966342	7156.949766	20545.06722	1673.199461	263.0185027	637.6652634	14015.56354	2790.414908	18164.39666	10855.71097	17911.31632	3623.204725	2026.118826	713.1780248	202.9856069	17421.8747	8931.847911	11521.04667	8724.007686	1055.065432	10305.51238	8499.070362	14048.40496	1420.526554	1411.354836	10598.05221	19504.18533	9474.795746	17215.62572	9474.795746	12366.72205	15049.59305	1176.002068	2774.35	12642.21064	12110.58037	427.224624	11456.10884	8555.240816	15387.11469	6923.605778	1060.815453	180	116.9230769	222.8851661	469.6393731	37.09247574	12632.91355	70.43450832	9750.07198	11984.9111	20997.12224	10477.84876	14474.66063	82.39705328	16033.17854	8021.780936	14878.51201	198.872366	3164.094468	3083.886652	3126.552096	14512.58488	82.66882918	115.8661222	491.9549138	95.58160244	36044.81233	13595.12006	9103.281116	87.69900322	824.9598323	67.19806481	2023.558695	10061.07703	9502.195607	61.01509075	13836.41151	13836.41151	10811.49041	12474.52423	13494.58893	10788.85718	1275.301472	7778.682834	13864.03472	1444.548295	8814.558969	11196.05846	17233.53334	14626.19164	16012.61168	211.6634126	9535.639238	16950.4989	14055.22196	14825.81281	18204.80263	2870.168123	1343.560817	17421.8747
Plate4_3975R_RL_F_NS1_week9_S83_L001	14008.10069	142.6433203	61.28	2528.327663	9071.449742	19166.69944	1387.383376	122.7832037	1559.012158	11750.98111	10564.33092	11701.066	11355.93231	69.86380805	10343.7381	14845.90369	16951.62317	404.1513297	11674.4162	11202.4247	9897.382606	12817.17319	11546.55596	14962.40948	207.0814025	437.8668209	305.3288037	16135.6623	6474.247227	5774.14042	13208.3153	6370.149201	7942.412337	9994.336348	2128.08142	11385.4182	82.10252393	6216.744708	831.9450161	2128.08142	14820.16227	17797.43085	9361.093323	11619.05801	16124.45167	7712.480813	233.99865	15668.15509	6419.281656	424.9788867	243.1046237	1092.200815	66.85090909	194.3800541	134.0179491	2193.434055	7011.899078	13334.91579	9745.635793	13453.82551	15121.46496	903.5391179	96.79595486	237.270792	250.378007	11545.7941	126.5394271	3599.386001	11191.69891	18802.84356	1887.740936	122.7832037	95.66964268	639.5506339	17160.96813	1013.941182	1154.903843	767.4769357	3372.085629	944.9900286	9122.652147	126.416987	1061.879035	2436.933113	18779.05365	6802.879922	4741.678922	761.2427236	12473.54406	11672.51116	11777.96767	12452.51061	12584.69717	495.5374084	744.8263871	11813.309	9942.799665	10257.13402	111.2714039	151.5300091	2884.045997	231.2173971	15051.99341	13591.9395	2733.509403	947.3989897	15392.60317	11819.02479	16059.8928	14097.65659	14657.96164	11760.96315	196.6339984	78.69952331	604.0632505	604.0632505	5837.398065	5539.355071	232.4181055	843.34	9974.532416	12387.04193	6265.783193	83.44347071	163.8729085	247.696079	15457.715	14849.82341	9704.901106	15943.87578	12553.8081	4383.595555	1475.928116	15837.52507	13606.87951	1086.123025	81.45745608	5696.723475	8874.573721	8315.67984	8315.67984	8315.67984	2342.869739	2342.869739	2342.869739	7577.243229	8290.897963	7577.243229	6100.396625	8315.67984	8623.882644	8623.882644	8623.882644	77.76723773	11705.26904	462.8322927	179.5272072	15305.32109	10263.17713	15750.26013	8106.130524	103.2190219	15490.33509	14945.23781	13650.16523	8784.535602	10437.74825	33.54420703	10486.52737	10482.12337	12565.15473	7556.544989	6530.537915	362.0391872	9690.081637	14945.23781	7906.693661	5305.994006	1353.437716	9245.850977	44.02847234	12959.14776	11538.12293	12456.67384	268.3109622	10317.2	9209.598266	13030.19353	2065.034128	10285.47558	10140.08158	1044.733469	6766.388252	2003.294699	514.8430025	11894.05578	11233.52239	12435.45021	1413.778975	699.7528503	1413.409317	0	66.85090909	13775.23728	11039.80295	2342.869739	5652.378689	18361.0469	1174.369253	177.2564102	570.5002822	12280.01098	2482.860645	15640.76717	9851.96239	15625.61335	3005.47043	1576.195806	699.4765542	227.2490044	15121.46496	6825.82126	9253.287592	6503.821808	841.6198364	9434.92528	6846.439516	12138.62538	1782.40588	1120.153086	8235.616347	16872.65566	7086.444187	15041.7587	7086.444187	9732.583104	12238.0613	810.2152631	1845.1	11876.75888	10966.61459	347.587273	8485.586808	6593.003227	14167.85875	5289.532571	927.1879795	124.5	76.72955812	154.7507551	273.5281	57.00624354	11733.97074	79.17867819	9350.652049	11093.6465	18030.22445	8545.52454	11734.29348	54.54198037	13885.78133	7150.598467	12090.10694	212.6535311	3042.004304	2925.009776	3301.195948	12553.8081	91.04847534	110.4781827	333.138127	129.3315198	31547.7214	10946.82763	7029.924076	100.4684547	1143.522499	76.42464009	1538.626368	8985.639866	7710.42613	34.1874608	11856.5096	11856.5096	8828.235988	11119.45522	11856.25951	9523.076736	1085.540337	6577.979823	12148.57799	2135.826623	11376.29638	10760.43148	13705.80081	13054.9135	13458.60302	218.2233142	8895.336524	14603.15448	12829.10367	12793.84085	15736.06509	2371.065016	1044.086745	15121.46496
Plate5_2808_NS1_0_Female_week9_S49_L001	23910.66878	392.8948969	182.43	5893.392782	16779.09544	32209.26786	2571.376416	369.0652089	2489.870353	19256.05572	19396.73673	20734.77611	18034.24515	206.0016177	17379.50191	25423.04669	27860.59453	1160.653699	19760.49977	18597.08223	18337.55366	22684.63115	19753.36338	25898.61043	576.9045872	1248.103968	829.4109237	27273.65192	11019.54888	10572.64397	22369.22927	10805.25364	13500.41972	15843.49162	4205.005126	18791.57155	119.9013672	11378.20218	1508.43625	4205.005126	24917.0385	28136.77363	14627.82192	20764.64987	27231.62028	12957.72623	670.4632574	26198.4361	11485.97491	1234.465388	718.9451187	1839.552198	199.0145455	429.5544069	331.1688841	5189.969949	10840.89001	22478.10046	15567.56692	22978.96906	25918.14827	2534.471598	299.0742047	924.4274478	723.2667435	18981.71649	382.1230784	6588.036634	18777.51207	31608.02689	3995.642956	369.0652089	278.4267132	1938.640314	28504.8466	1629.342085	1858.453898	1699.628864	6398.850448	1452.854533	13811.58291	144.0685872	2856.329045	5160.826902	31148.18938	12347.90403	8502.895705	1812.63522	20897.6858	19672.58631	18656.3326	20902.20407	22111.11339	1122.633059	1383.760581	20122.59137	16366.11171	17351.48431	472.5982627	606.0477689	4281.226975	1164.524637	25602.19157	22566.30469	4467.917176	2115.391164	25880.72401	20066.40906	27316.25676	23998.09494	24980.93089	18938.0124	494.0396871	332.2378281	1086.244922	1086.244922	11262.66212	10730.64358	1024.175668	1580.66	18389.19205	20257.82749	12066.25228	414.6273096	547.052458	741.1032861	25725.09078	23775.8864	15669.81285	26896.19938	21988.69489	7359.543545	2838.676607	27135.39757	22680.35876	1646.776518	241.7886694	10466.33825	15476.92405	14702.98559	14702.98559	14702.98559	4462.18475	4462.18475	4462.18475	13635.44018	14654.87329	13635.44018	11157.66958	14702.98559	15105.65996	15105.65996	15105.65996	409.83647	21689.96808	1015.77406	477.4409714	25128.14672	17462.69089	26772.62779	13815.97669	304.4275653	26841.92724	26113.63251	23362.45892	16108.41058	18909.6711	59.54190368	17136.31335	17481.90847	21649.40802	14637.66361	11614.62312	1220.865457	15634.26516	26113.63251	13526.00307	10177.54175	2747.898276	14692.34469	109.5732979	21665.19462	19033.06819	20740.32679	717.9027714	17411.99	16169.82519	21302.4448	3212.707338	16516.31981	17056.55159	1628.288165	10573.61904	3388.401211	1469.09563	18306.85728	18673.62039	21107.56062	4558.456152	2014.890513	4556.455554	0	199.0145455	23371.28703	18564.80611	4462.18475	10917.48286	30779.36501	2698.988021	440.6882889	1416.254593	20613.03904	5817.787841	26527.32574	16872.84141	26344.16144	4955.3245	2784.33705	902.507009	649.7421858	25918.14827	12801.66103	16552.15322	12171.40792	1305.714091	15466.43092	12385.63753	20860.78699	2579.163154	1761.98205	15271.58832	29168.87473	13223.37672	25899.69595	13223.37672	17682.24184	21822.24154	2598.871892	4328.2	19339.45782	17449.29001	725.843917	16194.88565	10887.03277	23196.1258	10355.30817	1557.813966	433	336.3836145	534.6201791	1098.495646	136.3752303	19232.3175	233.9677749	14821.48733	17926.41603	30648.99418	14619.73067	20900.20243	288.5918856	23935.87952	12486.9319	21449.00021	558.797949	5795.042236	5539.608582	5687.642306	21988.69489	261.0590131	291.3281566	822.0065161	359.445221	53281.61889	19576.31854	13009.34864	297.1550172	1760.554502	227.0155087	3994.543835	15037.32329	13217.60871	149.5565079	20891.65316	20891.65316	15103.83671	18616.66117	20170.8805	15824.71122	1946.42317	10792.48493	20500.30695	3170.707709	17339.80593	17262.04707	25029.41256	21691.08061	23345.47497	644.6577852	14595.64716	24769.83351	20960.70884	22069.47398	26735.59382	4507.627242	2278.517169	25918.14827
Plate5_2808_NS1_L_Female_week9_S50_L001	18985.96403	554.2954369	286.86	5873.515968	13339.8238	25334.36036	2274.338841	552.3560014	1819.295622	14965.23557	15909.65843	16753.77802	14089.22254	321.1130318	12708.55208	20267.22122	21834.34436	1676.263426	15551.71543	14683.7601	14984.84035	18328.9403	15704.48755	20455.22241	811.0820176	1767.420672	1156.463921	21481.98089	7593.571146	8823.393184	17687.81219	8749.699324	11329.33694	12319.86818	3773.870107	14692.44697	108.0020264	9209.281512	1568.106787	3773.870107	19716.59007	21955.4622	11340.1455	16797.91581	21427.39712	10132.41621	976.2881212	20730.71396	9379.238857	1838.484135	1114.211705	1248.765653	312.9381818	509.977727	437.3541916	4840.057513	8084.463001	17859.97901	12233.51444	18373.27938	20745.35021	3527.276265	430.9692678	658.2765715	1084.693182	15024.29196	564.4621693	5716.445459	14915.99347	24906.13867	3277.749597	552.3560014	404.7980071	2710.815033	22458.01833	1260.369214	1437.287631	1497.361706	5437.26579	1040.726289	10393.96907	119.8537166	3000.433083	3834.560144	24463.42239	10134.597	6955.169996	1536.767453	16531.37449	15564.89216	14534.09371	16350.15371	17615.42803	1108.77776	1232.659716	15949.6769	12807.97806	13849.36569	155.3527142	236.4429509	3151.564893	615.2652367	20277.6156	17767.851	3405.621601	1970.728243	20437.01057	15758.35035	21671.27523	19059.2329	19798.4952	14598.78294	447.5622874	276.1549769	1010.277918	1010.277918	9462.810221	9039.365206	351.7228924	1421.2	15065.98589	16011.83307	10312.53388	274.1091394	564.7192031	744.0387599	20315.90087	18615.17066	12177.96546	21393.89904	17565.25123	5512.149324	2314.438617	21505.91035	17539.16993	1350.54149	377.9017522	8707.395187	12519.10602	11958.60835	11958.60835	11958.60835	3320.823924	3320.823924	3320.823924	11186.99929	11936.92304	11186.99929	9252.622681	11958.60835	12246.40372	12246.40372	12246.40372	278.1660699	18307.94261	1179.587347	655.9914021	19742.5192	12316.37315	21090.05402	9448.101541	470.7882992	21381.82513	20864.62482	18586.30804	13207.82887	15400.45728	38.5787932	13330.37211	13746.44584	17215.14746	12442.68302	9437.774257	517.8483439	12146.3875	20864.62482	9287.559025	8466.42681	2259.993456	11506.21879	112.7937781	16932.14623	14758.345	16161.05798	903.8083521	13858.92	12758.55518	16538.36656	2343.208769	12828.31001	12200.03782	1167.365211	8369.254751	2912.55058	2094.542899	13997.64408	14318.61273	16718.56114	5099.115135	2945.79831	5096.324613	0	312.9381818	18429.5733	14677.91488	3320.823924	9155.029043	24126.5217	2272.986942	576.7830488	1664.070026	16498.06616	6293.176359	20935.78902	13299.46273	21066.8894	3884.278778	1784.627485	523.2477484	962.889589	20745.35021	10510.29775	13346.6845	10072.44164	932.6337095	11666.26435	9854.0471	16522.49174	1878.082598	1268.391613	12489.39617	23205.59761	10929.53354	20655.39113	10929.53354	14435.46054	17637.3898	1928.593984	3709.55	15000.46636	13707.84984	782.9710252	13517.64859	8845.981085	18100.65047	8382.234962	1032.249293	178.5	161.5201987	221.5668097	379.1005062	141.8753619	14949.2677	359.2993939	11388.42664	13897.36339	24071.2515	10133.50285	16895.7536	195.7060256	19143.0374	10262.57055	17697.62546	724.5766342	4711.299577	4555.603376	4575.677564	17565.25123	381.0568418	401.7493235	1045.385362	529.2356412	42541.47454	15833.35494	10644.97633	462.6134029	1452.37854	355.3462576	3381.152284	12066.65189	9106.613421	47.53180802	16847.78707	16847.78707	10477.86914	14583.97442	15890.75398	12616.53728	1881.880497	8642.763437	16117.47034	2336.254287	13248.09805	13254.2315	20838.83139	17183.04681	18995.84263	996.5771754	11501.66524	19670.46014	16397.59005	17544.25421	21503.67733	3343.699829	1888.62224	20745.35021
Plate5_2808_NS1_RR_Female_week9_S52_L001	22406.71242	315.5989284	143.72	4968.796836	14496.92517	29235.61222	2004.043679	298.6467465	2019.140258	17961.55348	19644.36135	20146.74815	14296.95891	161.7467868	14363.30876	24001.06083	23497.71427	914.2284927	18968.12285	17653.32216	18911.57557	22061.83377	16908.41903	23761.8569	483.3589353	1015.628151	624.0104402	25234.16111	8400.392149	8863.586564	20602.5024	8602.580151	14073.76006	13204.83158	3325.583275	15404.54166	90.26022133	9216.60931	1040.689719	3325.583275	22788.94524	22122.36599	12246.52883	20087.8361	25142.667	12305.7323	522.4867845	23469.78709	9412.737032	978.7115087	567.5483361	1324.48721	156.7854545	330.1583375	246.7566957	4731.193472	8452.416668	21007.76517	12364.68759	22284.75924	23997.34982	2042.509543	250.7188942	1215.793864	573.8145163	16338.92771	311.2090165	5161.141239	18150.24353	27737.36543	3610.610496	298.6467465	226.0750612	1645.471327	26329.5336	1014.389281	1157.097619	1384.780247	5362.810005	799.5676377	9767.750277	107.5800672	2974.922975	4216.055392	27584.30528	10245.05074	6763.422811	1579.32315	19902.46986	18911.14681	14881.16754	18351.09361	21492.82334	948.9668528	1061.983019	19236.31711	13590.53305	17065.14594	744.2963791	808.998605	3045.879299	1868.074858	23800.47854	19669.58561	2793.140851	1620.01691	23212.19636	16733.80514	25595.15055	22528.51169	23318.46344	15779.72399	310.9125613	296.4488273	690.7061918	690.7061918	12506.18658	12014.25152	1654.963496	1178.65	19697.52079	17154.33369	14371.93386	533.6549867	489.0795064	611.0043837	22769.59163	19078.56843	13335.77654	25052.27624	21614.89337	5192.365605	2000.977668	25719.93757	18794.61382	1150.156041	190.468089	11511.81106	15798.62849	14951.79567	14951.79567	14951.79567	3401.662827	3401.662827	3401.662827	14090.55422	15245.74274	14090.55422	12145.5025	14951.79567	15511.70522	15511.70522	15511.70522	618.0686298	22531.26636	793.955674	376.644975	23138.60317	13770.73162	24675.01811	10499.22882	239.8252312	25449.60262	25036.4494	21987.57873	16666.81946	19369.05057	50.40187001	14227.90206	16143.62637	20479.01498	14371.93386	10289.55429	1078.653866	13261.87646	25036.4494	10376.27376	8864.123504	2080.20476	10820.59267	109.4638417	18893.36893	15922.58026	17880.69734	597.0078597	17016.11	13667.83545	18258.09703	2033.868706	13096.18801	13621.82722	924.0949666	8473.788974	2056.447887	1158.031341	13274.8042	15388.29932	19430.41773	4835.246986	1611.570491	4833.907131	0	156.7854545	22489.39123	17858.32517	3401.662827	11541.52967	27978.53702	2413.045124	329.6303691	1347.475844	20321.78047	5557.644119	25603.53231	14063.74169	24616.67413	3441.17313	2173.685259	692.0869949	502.5818006	23997.34982	13623.52016	16299.57279	13189.20094	731.7502464	12302.0621	12037.77739	19893.25608	1779.496222	1016.259544	16020.85438	27677.98331	14180.22347	23778.55232	14180.22347	17948.02416	21762.48698	2617.080992	3706.85	15441.17119	14477.65088	446.727762	16275.52059	8811.79618	19448.29594	10163.45609	1316.788402	381.5	366.6558701	469.7128543	1596.118678	123.4842035	17929.44622	184.5506994	12158.9585	14713.71503	27633.97619	11346.37561	20714.80067	436.7412612	23177.21484	13330.87284	21752.39058	414.247649	4846.860135	4589.602495	4617.397197	21614.89337	197.5010637	226.1448862	643.8708696	286.4235627	47179.15225	19766.96833	13452.45784	234.2005271	1237.19759	178.8341419	3836.070071	13283.15163	10199.35924	251.1048955	20425.16152	20425.16152	11720.69538	16397.00469	19315.86803	14854.44239	1221.085707	8020.823671	19479.70614	2254.790639	12394.06324	13582.07391	27179.04149	18569.69964	22766.41882	509.6701226	13760.43336	24184.76366	17645.15549	20889.22641	25843.36189	3413.168931	2105.423568	23997.34982
Plate5_2808_NS1_R_Female_week9_S51_L001	19867.0266	274.8179225	129.43	4323.14859	12530.36724	25930.24647	1838.788254	264.1680993	1517.151994	15667.55113	17106.19373	17662.95696	13249.30934	146.7246984	13102.87148	21247.82096	21106.73877	822.6099959	16724.78185	15758.9793	16495.24763	19348.94001	14813.64626	21064.77411	440.1692237	910.4343574	572.2227351	22398.32435	7698.906308	7640.040904	18320.61814	8015.124844	12260.37039	11763.1557	3005.748085	13882.21473	65.70639319	8002.280679	952.7610884	3005.748085	20269.69737	20618.53766	10861.43564	17725.6058	22220.14179	10734.44674	475.1849509	20952.77468	8376.136107	880.6405768	511.0969918	1284.961968	141.1963636	325.1221503	250.4921232	3943.421419	7825.728164	18674.69154	11454.32081	19599.10984	21314.73349	1837.855325	217.5965759	773.4989593	513.0968935	14837.49107	274.2992491	4684.289004	16177.3181	24716.29366	3082.310513	264.1680993	206.9998502	1417.326932	23431.92989	1021.709257	1164.629183	1214.200719	4566.386441	833.0111548	8585.047353	75.58331674	2633.592652	3304.441903	24732.87883	8988.213808	6044.86917	1391.768636	17660.17818	16742.5266	13593.10339	16419.10378	18785.67699	881.5153475	977.1786441	17016.7329	12359.97092	15123.96745	648.4698446	710.2671474	2676.256452	1256.699431	21110.62686	17684.38437	2786.364148	1473.027978	20738.82725	14968.37452	22670.02066	19957.01277	20636.24235	14234.10642	311.5686266	248.0661083	700.6512008	700.6512008	10857.63709	10409.99504	1357.370863	1143.46	17111.56784	15645.58207	12373.53495	352.6272101	409.1031292	535.6731009	20385.0209	17525.05114	12180.73098	22188.48729	18750.97549	4803.241113	1901.796742	22733.93387	16642.70254	1017.478448	171.5790363	9927.928881	13841.15021	13281.12288	13281.12288	13281.12288	2781.6545	2781.6545	2781.6545	12514.96676	13274.11906	12514.96676	10492.47004	13281.12288	13570.36975	13570.36975	13570.36975	363.881281	20202.52194	777.8666049	348.3855323	20473.07554	12553.12681	21887.52268	9639.14134	215.6445871	22556.24556	22133.57454	19491.94048	14708.46298	17085.28362	33.52784156	12952.15365	14330.40427	18092.47093	12373.53495	9068.472259	557.7732051	12118.68306	22133.57454	9505.668814	7542.72821	1978.979264	10006.59421	101.0419202	16922.51794	14348.30323	16053.57953	538.13057	15122.45	12115.53536	16340.19264	1876.286971	12086.19761	12468.81456	959.5815589	7876.830193	2050.437775	1041.924754	11699.83287	13559.04711	17283.36491	3616.221241	1449.094949	3615.209065	0	141.1963636	19859.1808	15949.3058	2781.6545	9973.926992	24842.07048	1972.964293	330.2958021	1170.0571	18076.69834	4841.07789	22642.24645	12534.69267	21964.59037	3331.825185	2090.085471	766.3437161	455.8174011	21314.73349	11915.88804	14450.39928	11595.08932	762.0774766	11094.38182	10599.99192	17547.47518	1581.687816	1052.170278	14011.08491	24431.93969	12504.01648	21069.19112	12504.01648	15857.45517	19220.68052	1736.016007	3265.2	13962.84993	13399.46634	431.3036706	14249.50947	8319.239473	17531.71546	9242.726775	1311.213535	192.5	190.2138505	238.4837391	1394.996302	107.2153696	15646.71675	166.1079276	10889.00908	13415.08389	24577.3731	10373.85068	18321.19497	256.3187106	20410.23348	11511.59659	19306.69429	385.6343141	4092.053497	3889.583965	3910.370545	18750.97549	180.6743301	213.7236195	648.2834905	249.9175003	42084.2911	17431.28133	11851.41147	210.5950908	1086.361858	161.0873765	2980.87857	11942.11262	9335.093003	217.2784556	17866.16679	17866.16679	10714.15551	14743.54976	17030.16173	13285.51218	1204.602551	7681.572504	17227.02304	1985.113723	10913.32832	12307.89688	24266.32565	16772.68641	20218.35176	458.8975604	12117.05826	21414.32834	15974.7022	18450.60773	22953.03738	2793.271174	1768.78886	21314.73349
Plate5_2824_NS1_0_Male_week9_S55_L001	29884.50942	510.1792454	223.57	7273.433952	20870.92058	40453.14082	2698.758914	460.7661367	2653.561371	23292.57365	24564.45398	26194.60095	22461.62042	255.506857	20564.41014	31956.99133	33599.70653	1423.733232	25042.76577	23253.00418	23857.16457	28674.72704	23323.34564	32630.14956	692.4339644	1541.749714	983.9883629	34775.70426	12383.14893	12963.23916	28147.96999	12655.20457	17020.78577	20028.63539	5780.066349	23248.01077	242.2843737	13329.96757	1958.701802	5780.066349	31335.79311	34946.50668	18728.26078	26145.77016	34038.87038	14523.79693	817.3647272	32723.76829	13776.76147	1512.648402	881.3409359	2126.735751	243.8945455	634.1418328	499.8752597	6866.093503	13687.45369	28353.89635	19194.76555	28991.84563	32424.47492	3126.156074	385.2810911	1490.311276	882.07593	23683.14934	478.9705755	7835.593328	24213.03491	39481.66831	5291.567861	460.7661367	359.7645817	2479.509513	35887.35427	1605.601301	1832.338389	2379.163514	7817.435798	1400.381455	12011.73772	337.0088124	3660.074606	6133.600572	38702.18909	14882.72007	10133.65111	2511.521923	26540.70267	25054.45976	23139.85548	26436.21108	27983.78797	1345.327009	1434.044275	25561.73783	20102.55339	22450.57844	811.1408718	964.1064509	3403.178764	2178.987338	32349.93906	27964.88651	5325.267722	2649.667943	32401.35143	25116.54549	34305.62968	30142.25752	31241.85097	22651.88957	527.6628094	451.1134571	1262.678843	1262.678843	14571.05194	13868.31621	1793.719986	2088.14	23734.65895	25258.09399	15745.86142	728.2080697	760.3234881	985.3453889	32198.52637	29349.29019	19308.7255	33772.56462	27796.85196	7649.651638	3288.258858	34364.77677	27642.44051	1565.462508	296.3766069	13663.55958	20094.6377	19133.57442	19133.57442	19133.57442	5258.799777	5258.799777	5258.799777	17805.66631	19079.43539	17805.66631	14535.28548	19133.57442	19623.37961	19623.37961	19623.37961	767.9708777	28232.40988	1488.203198	620.2451555	31418.37825	20079.16491	33852.49055	15451.92851	372.1772582	34686.8597	33767.71513	29894.96513	20616.43236	24147.12331	53.25935848	21394.94863	22096.70749	27452.05498	18900.83315	13634.00464	1481.768893	19255.39766	33767.71513	15176.29442	12289.94742	3564.086669	15919.75942	121.9567238	27375.49865	23990.23374	26181.07815	891.1142406	22469.42	20440.64222	27081.66902	3079.341794	20498.93869	19856.98489	1591.149116	13535.85987	3454.007348	1802.768192	16950.20626	22690.22813	26534.80839	6568.248596	2475.897381	6565.784193	0	243.8945455	29669.56973	23812.66379	5258.799777	14050.80878	38407.25488	3833.891969	644.8077554	2005.291967	26489.74627	8095.249859	34125.87392	20960.87578	32938.01557	5819.64668	3125.015584	1305.480638	785.609249	32424.47492	16558.41331	21141.67002	15699.73791	1266.77169	19197.71132	15845.96719	26526.33357	2383.802416	1733.822461	19723.86157	36660.16921	17001.92885	32445.5595	17001.92885	22553.17402	27727.38547	3735.043673	5995.3	23857.99733	21696.42764	857.5864575	21025.31666	13527.25909	28663.52385	12843.13747	2206.253715	525	486.2763229	646.1367284	1802.252257	147.8538559	23281.65703	287.6274054	18583.52987	22334.2435	38581.83243	16535.99959	26695.62647	542.3187994	30344.52816	16137.73829	27789.5654	673.0242773	6934.714972	6656.794373	6695.509135	27796.85196	318.5379271	390.1337373	1201.172119	428.2275505	66925.56036	25033.24747	16818.56315	363.5348049	1562.724576	278.2536864	5578.07014	19190.14728	14868.44027	262.7499788	26573.87972	26573.87972	17082.56696	23374.11674	25401.92825	20423.17016	2034.761247	12821.93435	25873.82842	2534.736422	15544.74627	20583.84503	32592.90523	26794.69477	29501.99889	790.4752213	18948.20748	31904.82306	25814.07784	27992.93132	34192.81771	5327.565099	3072.979777	32424.47492
Plate5_2824_NS1_L_Male_week9_S56_L001	16882.37605	190.7752765	75.43	3168.348848	12050.55137	21533.51368	1437.437319	161.8011109	1519.376751	13506.64058	14726.71546	14998.00376	11356.41549	87.73588457	11704.44574	17884.66508	18531.84496	498.5020587	13806.07843	12696.92811	13535.48542	16413.16501	13861.49764	18191.08266	268.3055794	554.9723718	348.2969053	18922.6811	7301.171845	7499.251587	15453.1962	7836.985878	10613.77179	9168.87972	3113.628527	12704.79282	105.3213279	8273.449227	869.3942518	3113.628527	17064.06038	17711.4213	8061.660099	14877.24637	18699.09196	8716.510704	286.344509	17706.9984	8164.078354	523.7518582	298.9845754	961.0552209	82.28727273	313.7099553	239.490975	3569.221527	6521.130287	15478.32025	9931.035747	16132.42789	18161.20578	1105.59595	137.2856593	919.2864146	305.6584607	12591.82101	169.3380938	4797.905472	13041.15063	21756.1812	2786.486959	161.8011109	127.932976	912.6612793	19202.97651	748.8433323	853.9398832	1476.744722	4680.913119	618.5797621	8299.145307	180.0189882	1581.11607	2923.841853	20987.24187	8841.90381	5976.752278	1526.512024	14456.6463	13684.68712	11698.25187	14061.06482	15722.32821	730.8240118	759.496444	14129.48884	10656.86584	12192.28981	315.1735961	359.892186	2534.083354	1222.034567	17907.3737	15110.96272	2595.771309	1437.386223	17688.72554	13297.71048	19115.52037	16767.80908	17507.30447	12213.76601	206.2888365	175.5738672	602.8647071	602.8647071	8967.817117	8605.341985	720.4651734	1214.85	13883.05493	13330.82525	9746.110023	431.8551086	351.2649515	462.7346274	17256.20437	15079.15668	10002.02973	18390.91385	15966.52867	4343.220617	1573.22292	19162.24506	14685.75008	1057.809851	100.156305	8083.396923	11128.39695	10703.16151	10703.16151	10703.16151	2723.186467	2723.186467	2723.186467	10085.64951	10661.48384	10085.64951	8559.448599	10703.16151	10917.62167	10917.62167	10917.62167	466.137017	16704.62491	745.1736676	233.1950569	16771.01429	11727.31085	18612.58385	9211.885912	126.9793295	19002.97756	18712.3424	16360.89304	12508.34644	14442.43215	34.38630759	11079.81497	11458.51705	15273.74447	11347.88656	8269.808313	726.4214151	9956.375503	18712.3424	9072.708418	7459.648814	2183.642077	9486.315263	66.69207718	14490.42253	12393.13822	13771.31657	374.1928087	12184.09	10895.41657	13498.14741	1883.55874	11036.63971	11389.92708	715.2479664	6762.552443	1494.465604	634.3659785	10992.65786	12009.26077	14619.401	3268.902192	862.4109074	3268.034174	0	82.28727273	16353.63756	12963.59207	2723.186467	8740.039216	20681.68241	2363.156673	302.0094533	825.5153193	14433.36987	3493.850876	18370.03756	11344.08728	18304.9706	2762.268604	1345.682372	744.6654185	271.7515911	18540.85762	10058.96496	12271.17054	9800.071177	566.4500398	9599.320695	8931.459638	14726.57163	1706.072294	784.8210196	11811.7048	20743.40694	10595.35453	18145.37562	10595.35453	13521.00822	16268.51868	1961.107731	3669.35	12715.22027	10995.35384	357.6207087	12510.48419	8311.709432	14945.23998	8020.678541	1212.008219	243.5	246.3162704	301.0920664	733.880243	73.558054	13479.77868	98.54842815	8994.381903	11385.19632	21198.87351	9834.108146	15500.37042	329.4447771	16923.74602	8860.841075	15535.23506	251.6895777	4224.026981	4026.055144	4027.074223	15966.52867	110.691828	151.4249053	584.5662464	155.0025755	36243.99217	14677.24291	10064.53736	123.5140166	1067.036106	93.99397265	2888.812825	9971.193251	8894.529335	99.95631852	14987.35664	14987.35664	10156.89309	12535.68407	14055.84789	10659.77524	827.8908707	7645.804921	14148.36848	1878.545107	10333.2325	10806.9028	19150.89	14196.52076	16770.10189	268.6479652	9654.680355	17300.73734	13709.06172	15608.90663	19145.06567	2725.057572	1589.966256	18161.20578
Plate5_2824_NS1_R_Male_week9_S57_L001	20280.67343	390.9516803	181.71	4952.245491	14421.4422	26638.99292	2136.167149	373.1338773	2151.38183	15712.65235	17054.73675	17901.06704	14367.86818	204.1321796	13850.81478	21384.35618	22528.55215	1132.898315	16790.71944	15266.58637	16514.95713	19590.65856	16203.31903	21768.37122	581.6911312	1229.285885	770.9123518	22883.85436	8463.936777	9072.818192	18705.64151	9192.991166	12089.65405	12259.7546	3590.053982	15569.48188	109.3904724	9413.624429	1224.609728	3590.053982	20755.75976	22416.89509	11141.75857	17591.28391	22593.66855	10257.24324	651.3388648	21683.18455	9456.781049	1215.85922	713.9158515	1221.985201	198.2290909	370.9102239	303.5264079	5067.599109	8308.192039	18683.32373	12278.28438	19445.81507	21574.20512	2461.353916	313.6985488	1362.942009	719.67638	15457.46248	388.4835696	5852.226968	15821.68261	26413.45582	3961.821297	373.1338773	279.5176175	2011.549762	23350.45534	1111.641803	1266.474933	1460.025988	5634.897767	876.5781594	9875.430971	129.7754521	3241.34846	3948.301434	25426.4632	10329.18811	6921.626828	1642.024938	17596.19677	16643.89383	14815.15415	17127.99026	18834.05654	1034.572757	1146.178685	17035.42721	13211.64079	14796.26257	729.1859267	850.1453813	3056.193845	1990.023164	21590.03921	18359.75533	2516.855681	1755.644033	21369.78399	16041.60744	22914.64307	20135.96819	20954.47743	14961.38239	353.9006367	361.5861247	788.6849304	788.6849304	10273.15877	9824.292953	1625.949387	1595.57	16306.62939	16390.29958	11316.48708	604.0422253	565.974589	702.5358406	21284.39587	18397.94576	12271.4909	22408.18918	18956.90077	5426.467757	2149.506728	22969.27052	18308.21987	1208.399778	240.4445156	9654.637374	13506.08144	12976.80143	12976.80143	12976.80143	2806.573344	2806.573344	2806.573344	12238.53221	12956.83577	12238.53221	10232.84013	12976.80143	13240.15001	13240.15001	13240.15001	704.082608	20099.68699	879.6369033	443.3012127	20731.88241	13583.97556	22428.65034	10531.05272	302.3537315	22887.60094	22415.46198	19771.06308	14866.5887	17178.38031	72.8003597	13687.94838	14709.19077	18362.68705	13094.07357	9657.136314	1047.476735	12226.15163	22415.46198	10363.78161	9075.876659	2156.879631	11403.97769	118.0593558	17692.18028	15333.07551	16833.67469	696.1614645	14730.54	13185.10358	17018.035	2034.43227	13899.89781	13394.6077	1002.072992	9075.569126	2316.175236	1428.951978	13454.07589	15086.46137	17666.06183	5378.812753	1982.611374	5376.511289	0	198.2290909	19855.25361	15789.83594	2806.573344	9988.044053	25462.07964	2587.36025	401.2567323	1547.55182	18076.27547	6037.14105	22241.84411	13914.25482	22052.03263	3250.28198	2249.502124	998.7709232	627.8811575	21774.28852	11915.2484	14756.20894	11573.8818	795.7676629	12321.82192	10931.60762	17758.13747	1812.496566	1095.614686	14015.9147	24760.96261	12545.32579	21775.43639	12545.32579	16099.36796	19397.3946	2389.428769	3866.1	15902.21081	13909.50985	520.863832	14658.03859	9982.675472	18494.48425	9407.493977	1820.920787	212	237.5085041	262.7677152	1558.841142	149.3382802	15694.88658	231.8037656	11549.42365	14160.31106	25658.20143	11279.43514	18542.82665	498.8290166	20486.39125	10628.19391	18440.1368	503.7074377	5061.39406	4830.959858	4857.954084	18956.90077	244.8851995	269.34208	763.0060214	368.4292542	43941.3614	17497.02673	12041.33213	295.8531355	1295.788172	225.8444761	3940.036872	12463.28246	10175.00196	243.439483	18002.75043	18002.75043	11654.05935	15322.82429	17069.55056	13313.84996	1408.531093	9016.299103	17110.23499	2266.652205	12600.32659	13330.63975	22695.67305	17319.03789	20131.65017	640.2857424	11742.06629	21066.30876	16803.00891	18717.14978	23011.04588	2800.311495	2325.388579	21574.20512
Plate5_2864_NS1_R_Male_week9_S58_L001	23410.09893	260.4117336	115.57	4818.49422	14064.32315	30385.77178	2059.645373	236.7764885	1923.9361	18459.25245	18360.95715	19842.139	17252.81163	134.2539757	18460.23931	24805.74933	25554.39622	750.79908	19627.89414	17252.12551	17974.9601	21732.49556	17089.32524	26222.34445	405.2562846	823.9591561	539.4618873	27336.17059	12191.0243	8552.296287	21862.08182	10751.87775	12895.80807	12720.01026	3548.614501	16996.29158	107.704568	9284.54308	1137.030855	3548.614501	24223.32642	29198.19356	11209.96711	20069.64474	26061.30984	11290.51616	440.8167198	24885.96672	9641.744407	795.9224547	457.8437829	1775.470445	126.0763636	451.6448078	349.2709809	4020.366865	11148.96436	21866.23638	14679.8234	21003.61398	25006.9806	1690.03685	197.4906792	690.6028767	452.5431082	18015.17416	247.0017266	6596.429126	19255.80012	29352.4936	3529.853644	236.7764885	196.6348528	1272.648596	27527.78167	1274.888961	1450.483069	1331.067128	4966.539139	1092.387381	9914.219138	141.4228657	2429.778075	5354.188501	30315.9509	10243.56904	7077.747459	1462.948413	20663.8968	19631.89966	17650.22215	20425.97528	21363.91872	1030.891402	1095.193498	19952.27306	16119.41712	17728.50639	594.1454343	640.4604404	3026.785663	1079.88905	25044.16186	21662.43467	5237.343304	1589.63073	24989.26224	17754.03133	26690.83678	23451.98867	24249.32811	18077.28679	329.06281	225.7931925	922.7129627	922.7129627	11004.71655	10457.67395	1218.591588	2485.46	18588.94477	19400.52957	12170.65283	313.0543011	381.2479568	536.1885506	24480.72921	22274.98291	14018.8027	25738.89377	21320.4782	6262.76392	2196.22638	26599.19196	21186.0853	1235.387492	153.5066411	10908.57	15706.72168	14911.26298	14911.26298	14911.26298	4902.599858	4902.599858	4902.599858	13768.9751	14807.69382	13768.9751	11578.1952	14911.26298	15347.78888	15347.78888	15347.78888	299.8341244	23026.8672	1063.633134	353.2307131	24050.72529	18966.80276	26400.11199	15502.69501	192.5954776	26571.74782	25766.25931	22833.91549	17153.47325	19737.35869	0	16741.82612	15491.8248	21108.21123	13705.69541	10014.33877	1737.775994	13971.65084	25766.25931	15138.5262	8133.19143	2588.353884	13959.42381	95.02616665	21228.55962	18473.97308	20279.36405	511.7599638	17877.54	14236.19953	19811.37697	2957.212262	15477.39276	18425.52618	1253.049743	10730.61449	2484.353486	954.1602578	13876.11532	17400.55549	20583.49056	3250.79189	1312.243475	3249.99888	0	126.0763636	23280.30891	19134.79411	4902.599858	10500.0658	30028.20398	2094.635009	444.799734	1119.661715	19987.88054	4785.253456	26860.42501	15245.98505	25863.7011	4688.983461	2393.888384	1441.291205	416.8899623	25006.9806	13565.74513	17181.19899	13358.63496	996.9359605	14992.37631	12823.29266	20497.47673	1999.558482	1366.865221	16056.22269	28079.88667	14477.27122	25024.25981	14477.27122	18561.61149	22236.67113	3014.310548	3460.55	17299.14758	16911.9437	778.6426702	18079.16404	12844.28755	21945.3556	10402.90274	1794.082455	638.5	350.7934216	779.3276126	1316.767667	84.64149493	18450.03867	149.1355333	13679.16406	17305.29378	30649.50747	16232.38872	21410.71512	210.8133955	23543.57775	11127.89959	22262.42228	381.1356749	4493.135814	4288.880074	4360.472048	21320.4782	174.3045977	229.3398587	865.9408733	204.9246338	52800.28594	20260.91514	13796.8153	187.649457	1250.981888	144.049589	3933.502819	14169.03488	14799.49456	194.4502642	20100.34125	20100.34125	16715.71965	18064.15706	19970.41893	15649.40168	1402.237727	11625.81495	20323.29052	2247.136521	12816.29331	16177.48088	25356.99642	20886.99223	23377.25107	411.1734809	12881.78215	24779.44471	19997.86654	21521.17985	26199.18098	5041.32207	1977.424955	25006.9806
Plate5_2893_NS1_0_Male_week9_S59_L001	25447.6711	406.2233621	195.57	6010.494216	15487.86535	33166.18971	2217.919668	399.3619912	2048.529686	19899.6086	21707.77793	22573.30463	16815.44223	220.9204005	16782.8977	27168.76185	26717.38173	1209.448281	21676.80162	19947.07362	21383.41074	24734.75294	18172.82874	27074.142	556.0288579	1340.285966	836.5303361	29033.32834	9840.815096	9400.854782	23430.13822	10005.89621	15529.87794	14922.42437	3529.023698	17577.652	76.86032048	9619.932149	1259.276803	3529.023698	26044.30624	26741.94224	13801.50158	22641.48512	28384.85616	13773.56286	708.5503266	26836.93622	9883.960927	1312.814237	770.5328259	1532.055448	213.3490909	457.5016261	353.2011376	5139.46781	10133.98881	23896.13971	14482.19216	24866.93554	27073.79327	2726.641564	337.0047669	1401.679969	768.235041	18877.14756	419.7654211	5933.170074	21013.43503	31442.96349	4063.717387	399.3619912	299.4905064	2181.050902	30101.51932	1201.289359	1368.131912	1333.345671	5587.334233	1043.990829	10259.62312	85.57382419	2764.360247	4211.658957	31768.73498	10779.62754	7056.973068	1472.821257	22851.26616	21696.47552	17338.54443	21069.96573	24090.5771	1060.960621	1174.889874	21890.06057	15789.9515	19677.02761	523.397009	675.8269073	3070.69632	1866.551146	27062.01965	22490.12015	3948.791564	1738.635899	26568.9395	18501.62892	29030.734	25551.96632	26384.44377	18159.467	410.6663873	389.0614034	912.3873054	912.3873054	13779.01333	13204.48055	1200.294087	1677.45	22102.11736	19902.67481	15998.60455	638.452197	622.4349656	779.0450231	26124.23663	22380.42038	15173.80479	28501.06984	24047.55578	5928.848249	2219.355122	29153.11096	21154.11479	1239.638457	259.0149901	13108.30228	18108.30127	17352.07967	17352.07967	17352.07967	3710.267663	3710.267663	3710.267663	16390.36115	17421.16697	16390.36115	13824.74942	17352.07967	17767.98396	17767.98396	17767.98396	723.8960324	25861.36846	1089.492773	513.6963949	26048.65786	16010.10411	28180.67218	12260.88418	323.8264915	28944.39343	28357.17557	25007.21083	19163.14162	22160.10895	39.51361475	16392.1926	18103.19465	23133.5861	15998.60455	10943.2321	1078.440843	15091.45376	28357.17557	12098.60492	9032.998085	2321.854876	12830.58348	67.98488066	21758.41748	18378.33363	20604.9169	652.1136594	19645.44	15041.37766	21009.09448	2349.62046	15424.03847	15946.74935	1203.019469	9988.771275	2658.031433	1527.538718	14283.20835	17261.1947	22059.50736	5904.03036	2163.711516	5901.999199	0	213.3490909	25696.55353	20538.05802	3710.267663	11915.55246	31710.78849	2439.366898	464.4799296	1377.663151	23171.63837	5788.487976	29284.93378	15751.39534	28189.31109	4358.479962	2251.291475	769.6820935	676.8877994	27073.79327	15552.10174	18695.9836	15212.48209	954.7256991	14112.81535	13745.38182	22548.42154	1869.206893	1320.247323	18253.60362	31092.66839	16387.45041	26897.80228	16387.45041	20593.52562	24798.30134	2610.455749	3487.2	17708.91295	17262.47921	615.8120522	18604.02991	10815.45652	22434.67335	11592.49074	1457.678739	258.5	280.8664724	319.8025279	1177.424234	96.04589088	19877.88748	248.0148701	13933.72169	17005.0757	31779.98376	13218.92566	23687.7274	511.6798725	26292.03997	14808.95036	25107.0879	552.0180696	4986.786909	4742.312403	4827.851109	24047.55578	269.2435816	313.1983539	837.917637	370.3879247	54622.1185	22596.15704	15444.82709	317.1067553	1329.05619	243.2334837	4133.84131	15284.67721	11892.13989	168.7255712	22906.85086	22906.85086	13648.83002	18648.63832	21893.6251	17200.114	1616.910956	9782.757169	22155.95933	2280.789033	13259.79302	15645.6133	31512.5693	21576.14212	26038.0049	691.5852995	15587.47022	27613.20391	20283.94133	23596.31455	29635.49718	3739.786179	2354.667228	27073.79327
Plate5_2893_NS1_R_Male_week9_S60_L001	31433.73545	614.8540173	297.57	8383.808391	20957.07764	41066.15623	3342.79893	600.3341486	2845.430882	24825.74131	27054.51135	28067.11246	21309.63797	336.2973915	20170.17898	33526.28232	34007.08149	1830.382481	26387.32953	24516.65404	26090.36118	30721.80871	24238.59147	33410.75127	854.4753103	1998.950179	1263.511821	35473.32845	11813.94296	13235.62683	29006.55464	13153.32651	19143.19966	18472.03198	5346.640492	22662.05065	136.8062917	13703.51965	1917.934679	5346.640492	32155.75325	33485.03392	16868.71946	27897.52622	35152.17575	16667.17814	1058.360012	33372.45334	14015.48025	1980.432879	1168.101118	2341.327913	324.6218182	703.4597307	549.2717577	7422.856372	12405.15915	29331.35656	18389.3749	30693.71555	33668.00041	4012.162678	498.7550335	1670.696676	1174.736463	23619.89125	623.36656	7917.920557	25171.07613	39651.74398	5734.209309	600.3341486	462.9957125	3174.264611	36734.51264	1734.52255	1977.791695	2060.568464	8069.506736	1489.245999	14425.87904	155.3111912	4647.234844	6424.017313	39274.47574	15223.33778	10188.88708	2336.188811	27696.12541	26254.97294	21881.38755	26421.53482	29702.67102	1653.70735	1792.902847	26780.66928	19793.92396	23541.13671	1057.816435	1277.506373	4317.977035	2471.435904	33421.17235	28182.5592	5189.826779	2639.209439	32819.6306	24370.18342	35852.10705	31514.45784	32716.12206	22790.87807	597.1918645	553.6833447	1350.238169	1350.238169	16886.56867	16182.21382	2298.867607	1983.05	26591.44567	24928.47124	18931.33174	769.103202	872.7270748	1108.809246	32477.67595	27571.3612	19196.76321	35000.88627	29831.3689	8039.49215	3307.704095	35898.66959	27411.08332	1801.488888	393.4527247	15452.43033	21522.40258	20729.73275	20729.73275	20729.73275	5278.54172	5278.54172	5278.54172	19555.37468	20630.54163	19555.37468	16348.79937	20729.73275	21102.41769	21102.41769	21102.41769	826.9012153	31607.44439	1655.219749	774.0894179	32355.51763	19351.74753	34740.48323	14714.96625	493.6576495	35657.06915	34972.71336	30728.30923	22965.22075	26704.06648	114.1876515	20706.71661	22521.55074	28660.07857	18931.33174	14708.89605	1221.884731	19109.78781	34972.71336	14518.15388	12797.04129	3277.007557	16687.55327	116.8721145	27266.80926	23271.59066	25920.92864	1010.851896	23517.55	19818.01684	26207.75131	3281.040864	19659.34283	19172.8983	1701.501533	12825.51894	3852.63016	2305.825112	19756.22797	22492.91551	27366.62408	7666.594904	3233.360632	7663.320907	0	324.6218182	31243.22683	25090.75141	5278.54172	16011.05057	39231.13432	3522.671513	712.4950682	2304.355869	27784.70391	9118.187985	35295.27867	20483.61935	34552.51814	6124.253662	3587.363934	1613.227586	1026.825782	33668.00041	18699.32221	22717.43403	17986.34579	1354.875968	18099.31893	16831.78763	27743.55094	2674.340728	1861.412463	21993.62605	38671.33867	19402.17904	33534.20388	19402.17904	24828.9344	30154.21385	3620.750436	5492.55	22852.57937	21268.71704	889.7989964	22702.32361	12935.37582	28218.33665	14483.56011	2649.157832	427	425.0152032	527.5845443	2267.388547	190.3814915	24792.11598	377.515779	17157.9567	21363.05379	39176.01604	15886.68115	28753.92092	584.0812307	32170.38012	17549.39716	30428.57175	831.5572719	7150.776735	6826.630834	6909.98588	29831.3689	407.2359051	474.8543339	1288.023155	598.5032491	67544.19639	27292.78597	18684.43359	483.7561473	1916.939966	369.6322159	5891.083093	18902.37173	14266.95281	351.5804383	28395.77459	28395.77459	16410.01744	23428.42219	26767.72258	20757.03954	2356.513313	12693.4107	26990.23752	3202.400609	18478.15232	20085.77075	37294.86563	26702.43751	31669.28227	1047.627158	18668.50364	33248.032	25561.02689	29206.46429	35919.11865	5321.988052	3370.60322	33668.00041
Plate5_2999_NS1_0_Female_week9_S53_L001	16709.27878	334.8295591	177.71	4218.9824	7242.644246	21159.01403	1752.774627	326.1794378	979.7560733	12866.2209	14073.8868	14635.79662	10415.11086	199.6403038	11567.31256	17751.45183	16934.24104	989.2554276	14459.82367	12607.34037	14065.85482	16050.38872	10939.00131	17224.88793	546.174396	1091.487854	715.9971735	18821.73058	6925.160621	5337.369311	15160.78363	6449.929501	10045.22136	8734.935266	1799.128158	10199.21451	93.73465034	4816.948101	957.3679974	1799.128158	16877.06963	17720.8076	7998.621484	14932.5401	18393.24028	9403.886104	625.7228774	17239.45213	5445.635613	1150.119764	696.3369568	1040.778545	193.8654545	351.3392141	287.7839959	2356.762514	6437.592116	15657.6761	8967.690807	16143.76583	17423.39131	2370.126947	267.5294175	404.2840761	690.2016537	11995.56481	353.5075765	3219.497771	14180.45976	18882.50127	2333.946771	326.1794378	266.3331466	1731.933393	19737.3833	861.9508504	977.7902216	281.0476807	3099.359143	670.8853016	7633.116589	108.4240438	2602.548111	2979.023791	20526.1226	5903.827918	3842.429513	347.8561994	15215.1984	14496.18765	10801.7999	13190.69368	15709.44378	877.6350455	940.6651565	14455.49115	10155.51302	13293.10942	431.3099763	588.5031299	2509.480628	666.6609264	17530.34599	14427.70075	2428.338385	654.3488746	17063.59065	10542.17048	18995.31845	16730.88202	17156.2882	12076.57915	284.5212419	162.9912773	623.1170522	623.1170522	9217.952814	8851.146745	837.5058525	1000.43	15108.41925	12596.50699	11227.3388	160.3353418	336.6814661	443.1765869	16656.54087	13364.75382	9607.141324	18671.72493	15606.27523	3936.375791	782.9535749	18954.61065	13309.71299	1031.755262	234.7025108	9095.653136	12254.26003	11614.3757	11614.3757	11614.3757	2231.183303	2231.183303	2231.183303	10918.8082	11786.72514	10918.8082	9545.476364	11614.3757	12040.70063	12040.70063	12040.70063	163.2739785	16899.63199	830.8468567	429.8891316	16826.18208	11069.88204	18144.62772	8711.760323	289.6988183	18429.49717	18013.82046	16002.4388	12880.63809	14885.43144	37.28367902	10236.52785	11749.97078	14972.82266	11227.3388	6566.447197	391.0639897	9539.6853	18013.82046	8581.539827	4813.903148	897.4052128	8886.089133	100.8244333	13627.21249	11278.37416	12847.2087	372.580514	13296.86	7211.881288	12872.15651	1755.264253	9072.485545	11043.12547	774.2428363	6150.640028	1818.409079	1239.651104	10632.51824	10885.32492	14236.106	3398.399997	1906.890732	3397.381262	0	193.8654545	17154.5743	14044.29637	2231.183303	5647.024712	20758.60567	578.5463289	386.5503163	1311.558678	15650.01273	5158.213823	19509.3508	8610.927048	18804.71859	2806.320178	1577.646573	895.2910009	595.2091138	17423.39131	10568.11852	12222.38508	10447.2804	614.5266649	8618.478467	8995.056759	14661.36277	1489.456794	851.6871785	12299.35961	20088.20663	11273.44277	17051.02665	11273.44277	13716.99632	16473.52991	1352.049619	790.45	10174.19625	11231.23595	408.6455548	12028.88361	6576.634123	14156.58647	8049.851874	1253.250218	134.5	111.2967393	166.8107341	923.9228456	119.8916626	12857.44371	203.2628582	8583.540423	10586.51169	20348.54481	9315.304585	15595.85286	114.6758457	17399.12476	9844.475583	17020.19537	440.8875134	2460.566083	2406.457967	3039.232539	15606.27523	218.0093505	261.9275378	731.4807383	337.6127833	34571.90581	15072.92883	10389.15308	286.661913	1087.982163	220.5558329	2558.628814	9212.007021	8430.444374	147.0918881	14878.41885	14878.41885	9597.744408	11864.16439	14566.37272	11323.59773	1207.41937	6192.519907	14780.90204	1845.519998	10087.34794	9846.12907	21410.58927	13712.3493	17500.89513	624.535806	10487.99886	18465.58999	12944.21301	15189.5326	19370.17174	2259.714489	1324.962755	17423.39131
Plate5_2999_NS1_R_Female_week9_S54_L001	27267.53199	430.8247597	217.86	6715.213658	12809.6429	35502.05587	2734.817515	415.8126873	1948.98276	20737.8106	22489.55959	23775.38582	17605.47408	245.6893747	20767.20288	29046.50229	27698.17906	1308.047862	23709.09627	21495.3411	22926.74335	26055.29547	17513.22085	28982.91114	704.7911743	1422.984011	916.2023925	31403.4372	13291.56051	8645.372511	25199.17925	9921.20899	15806.51858	15465.91419	3169.564461	16987.78313	126.0777575	7919.332959	1371.841277	3169.564461	27973.55704	29599.44123	14462.47152	24280.52426	30478.21359	14981.19809	785.6222429	28418.5284	9167.023201	1448.29915	857.9955267	1831.382673	237.6654545	485.5155699	382.7113552	3974.063181	11550.36395	25823.03035	14942.24178	26203.29421	28592.48916	3037.624785	338.3190835	661.9663292	861.7763356	19825.14799	441.8818665	5163.109935	23320.23932	32159.97803	3989.632108	415.8126873	348.4413924	2206.08256	32725.51231	1324.175006	1507.058759	684.3685408	4960.298789	1048.311639	10954.47818	148.3180791	4486.252619	6314.513594	34055.14933	9802.210183	6533.400778	976.7668876	24841.70716	23739.10591	18224.46259	22333.20342	25993.94542	1376.671166	1464.174129	23795.49808	17186.61993	21829.24985	1200.37087	1335.901685	3439.780326	1639.243057	28993.5509	24087.52639	3656.215822	1197.171536	28235.05616	18639.44253	31118.43738	27422.73153	28116.9534	19958.77432	421.4646394	261.2996669	909.1166564	909.1166564	14576.36408	13943.30502	2096.612985	1577.49	24427.08147	20924.8814	17468.81109	272.1527131	471.5395016	629.048894	27634.05668	22961.50435	16029.28391	30745.19117	25815.58725	6676.713399	1594.751333	31228.62538	22952.95417	1373.734878	288.4700604	13946.63053	19700.139	18860.11225	18860.11225	18860.11225	4657.610353	4657.610353	4657.610353	17650.06458	18773.81439	17650.06458	14720.76352	18860.11225	19289.98695	19289.98695	19289.98695	275.1496751	27638.11677	1156.030606	556.9801411	28207.2921	20744.41155	30243.35241	16875.30425	358.6662664	30749.59236	29945.90653	26683.45059	20538.5256	23834.30997	62.2673422	17742.72303	19832.88815	24744.35411	17468.81109	10518.76539	2094.48934	15937.27147	29945.90653	16565.58206	7997.63617	1403.613341	13755.69574	143.9831063	23096.24775	19469.78995	21858.22186	663.5377847	21834.72	13208.42252	22195.75724	2401.455489	15107.63393	20327.14978	1360.882788	10081.33052	2680.613132	1649.774877	15531.47788	18926.75532	23665.32694	4648.535467	2399.251774	4647.428642	0	237.6654545	28158.47098	22801.03447	4657.610353	10268.93589	35031.89315	1265.461204	509.7548211	2078.305508	25494.32743	8259.582318	32659.29629	14930.02052	30374.38264	4473.750884	3227.668724	1103.312813	747.4782009	28592.48916	16889.72872	20080.37184	16411.23215	960.2777471	15482.11259	15182.95057	24217.23798	2050.777525	1331.346012	19774.93326	32989.16307	17726.24362	28173.23139	17726.24362	22004.76283	26602.86778	3457.610725	2166.45	17124.96687	18459.21481	578.6306976	19678.75217	10982.88446	23893.94488	12494.26962	1782.954872	774.5	340.8038512	941.3698022	2353.075825	169.1858867	20737.85542	263.683946	14984.41075	18465.25395	34197.12626	17795.88829	25340.596	193.2661938	28349.60455	15882.47223	27323.67097	583.7154902	4186.040354	4031.847731	4870.612276	25815.58725	282.6836549	339.4697202	980.3736475	425.0734644	57674.44462	24327.20469	16689.13609	353.3221564	1446.934356	270.9093123	4338.531601	15798.83744	16223.319	449.8700142	24299.80845	24299.80845	18320.19996	20071.19595	24048.28125	18890.80472	1695.439512	9694.700771	24584.76413	2539.250943	14413.91424	16675.95726	34253.86967	22973.46975	28005.53883	769.9215485	16944.30241	30595.88183	21804.56793	25129.91683	31037.35613	4764.56411	2284.317093	28592.48916
Plate1_1136R_RL_F_S5_week10_S58_L001	17205.51639	0	159.29	5322.704985	12516.9129	22653.88369	1368.636102	0	705.5418702	14947.36836	16541.90349	16599.70636	9198.383281	176.9888889	17649.60886	20531.63768	16921.87713	992.7091897	14956.17553	13004.43765	15600.9684	18110.70261	15056.38719	24583.49046	412.2718342	1043.753204	702.4471249	20876.48621	9007.619481	8610.148921	15904.42834	7927.774325	11280.87638	8863.743146	3496.415045	10842.36352	97.38924965	9323.98499	1190.810501	3496.415045	18129.53199	17639.7727	8364.648148	17112.76961	20152.96622	10573.54321	598.3111293	17587.34376	8246.193534	1070.544147	624.8914121	741.5873778	159.29	210.8592845	246.1331779	3804.829111	6537.478644	17407.24269	8619.967866	15074.68895	20353.79244	2172.13831	0	475.145519	612.7077986	11667.63278	337.4978525	2666.27602	14284.6798	18090.59988	3914.38282	0	0	1823.006578	20135.51078	1991.238473	2354.51616	1773.410273	5576.259978	541.6996033	3578.304579	587.8090853	1473.022793	6760.699373	20460.83405	9833.106019	6207.826395	1692.743767	15551.84603	14945.40508	8833.136359	13753.09761	17793.80398	609.280797	718.49544	15319.53432	10031.93525	14606.31685	0	0	2529.524954	734.3296716	19668.75448	14742.13196	5333.342514	1677.810932	19624.67616	13969.48246	21940.1315	19268.8253	19972.98489	10824.92245	0	0	575.6742382	575.6742382	11000.57262	10596.90104	0	1299.72	16696.8287	12511.52295	11938.89731	485.1480925	275.4479628	382.186955	16574.12735	13692.05887	10110.0225	19650.29101	19810.18554	4069.404724	1833.533566	20803.07074	14844.99853	259.6691704	209.9226249	9952.268233	12526.09848	11085.22373	11085.22373	11085.22373	6045.380922	6045.380922	6045.380922	10022.02547	11874.37767	10022.02547	10441.73054	11085.22373	12357.37871	12357.37871	12357.37871	256.2158145	16709.81655	512.4152271	0	15005.4402	21279.49282	20421.09192	19765.64619	0	20784.18376	20528.79275	17373.32219	16269.08215	17788.09488	0	10128.38434	7701.671572	16763.41519	11938.89731	9658.369704	3564.566055	10029.58339	20528.79275	19733.61162	7511.625357	800.1033401	6216.932081	41.97307936	14096.21112	11686.51387	13196.67407	723.5207797	13455.37	2417.497168	2511.615359	8998.775418	8979.040775	19287.66739	2007.166343	0	1935.877463	1250.261749	7805.781779	11871.18306	14884.55817	2718.586745	1741.738221	2718.586745	817.8537725	159.29	18676.22185	13774.54184	6045.380922	11307.17941	22184.26676	5181.184038	296.3306819	935.1605458	13870.37302	3948.84572	20819.87041	10352.71049	18797.15069	3411.47323	1595.994262	28.89923187	556.5731983	22003.31085	10584.14327	14443.50572	13144.31121	1654.631419	8963.554166	10181.79219	15983.60974	863.0490176	2227.922863	12925.5088	22116.17218	14479.86679	20601.19132	14479.86679	17271.9869	19314.90308	4776.919431	4227.45	10417.85835	8975.28973	1528.610761	20532.35591	0	17885.34905	10341.84559	0	1578.5	555.493973	1779.171574	1199.221688	257.8408996	14909.07503	204.7484075	9137.026563	10368.79569	23981.17698	20122.44413	18246.79828	180.221006	18708.72336	9006.395383	13672.5584	397.1523279	4385.118808	4284.576213	4341.825423	19810.18554	247.2607496	0	510.6786133	281.9665089	37963.79793	17413.00429	10366.75631	0	319.115696	197.3749309	3654.760648	8957.940174	19197.89391	48.27905982	15238.06072	15238.06072	20617.97342	12283.01938	15162.82398	9777.934885	4624.206322	8392.638671	15705.13776	1759.174301	3929.080876	10006.7079	20075.84827	14289.40341	17504.09492	561.1874554	11084.24296	18590.55312	12454.19984	16734.95385	19171.57248	5734.852036	2174.3521	20353.79244
Plate1_1136R_R_F_S5_week10_S57_L001	17875.1183	0	145.14	5178.698164	13657.70716	23600.18086	1221.327678	0	469.065629	15613.30455	17318.96374	17383.16285	9965.707222	161.2666667	18599.06964	21412.7389	18038.09548	920.2045948	15402.58791	13599.53235	16245.70878	18971.00436	16400.61451	25365.42039	368.0609543	987.5742807	680.3205604	21765.45092	8954.969348	9407.780569	16545.67332	8735.195632	11947.81838	9791.111706	3779.115061	12208.3196	0	9844.72705	979.3262672	3779.115061	18866.90476	18079.24143	9221.852712	17776.57259	20992.36267	11302.84512	550.7447451	18483.91411	8878.042553	984.3692969	570.7218467	823.2301569	145.14	192.4385892	224.4282875	3998.348528	6657.906519	18060.82036	9314.797798	16114.40932	21240.62814	2012.577875	0	430.4748851	560.7501131	12453.32687	307.8409719	2998.036582	14746.42398	19091.22227	3455.829231	0	0	1745.78104	20998.94982	1769.330092	2077.953045	1942.826991	6224.209059	621.9542685	3275.510107	315.7602219	1325.487132	6310.570376	21073.16115	10554.1554	6630.132515	1970.204187	16130.74367	15402.84527	9408.692901	14269.03649	18353.98337	536.6163545	636.5766855	15814.59804	10369.09794	15065.03892	0	0	2295.207203	647.0225732	20565.00567	15257.2753	4912.909832	1880.95444	20570.14144	14904.18407	22866.25014	20088.12727	20899.94463	11186.91049	0	0	583.8001121	583.8001121	11478.53548	11087.12048	0	1138.29	17446.11914	13348.44244	12317.97762	457.7001457	246.5824883	352.2330251	17408.29203	14776.45397	10907.84861	20489.53155	20427.86523	4096.185425	2002.953178	21701.47035	15386.87062	160.6829574	191.5913577	10340.18235	12913.86112	11511.88162	11511.88162	11511.88162	5418.058411	5418.058411	5418.058411	10424.59725	12227.76856	10424.59725	10848.5368	11511.88162	12747.97596	12747.97596	12747.97596	231.186528	17556.73054	469.2948237	0	15731.56515	22166.88127	21188.3817	20643.42809	0	21661.78188	21446.02768	18222.06521	17080.47606	18679.64248	0	10536.02962	8133.863092	17470.66727	13725.39122	10283.40635	3214.045163	10821.38222	21446.02768	20610.62524	8192.371073	919.4929279	6870.369317	31.37206147	14598.86264	12142.92251	13676.3902	687.4001614	13788.07	2558.196374	2650.73403	9480.608494	10259.09057	20253.59949	2783.812135	0	2023.956994	1161.997303	8331.078204	12243.99618	15511.68943	2524.973767	1605.799625	2524.973767	574.7743586	145.14	19369.36795	14152.12684	5418.058411	11838.03131	23030.13084	5570.268946	274.255972	713.9837369	14659.50778	3139.474666	21270.41703	11019.43974	19454.81172	3421.277836	1683.149707	24.42484914	520.2906462	23633.46558	11127.5209	15124.08931	13735.33582	2337.289005	9307.019275	10477.82629	16594.804	576.5876505	3080.689711	13502.09371	23244.87254	15214.34646	21719.63718	15214.34646	18159.27964	20316.63848	4275.814534	5042.55	11740.77327	9565.047964	1405.663193	20979.84541	0	18832.81241	10654.79375	0	1361.5	485.098493	1560.142477	1125.772693	264.6004019	15568.40122	187.9471511	9504.620813	10786.05491	24878.08956	21003.20249	19144.27919	162.5119795	19382.25743	9376.674092	13818.58002	379.4578661	4760.866553	4691.780278	4796.547763	20427.86523	226.6366961	0	459.5500293	257.0923876	39229.77425	18157.6488	10821.86519	0	209.9215009	180.0655362	3339.006372	9542.381324	20066.21649	60.26904166	16021.3168	16021.3168	21554.45903	13008.14027	15537.39124	10063.53658	5215.679126	9195.586652	16000.33293	1620.097136	4426.744874	10445.48243	20840.66302	14874.60141	18142.3238	512.6608167	11583.64148	19212.58172	12845.65675	17463.94969	20229.08153	5483.35649	1881.212568	21240.62814
Plate1_2518R_L_M_S5_week10_S61_L001	19124.77143	0	133.29	5192.373153	13888.31642	25334.07838	1381.679952	0	434.7605109	16260.84441	17935.408	18278.90776	10916.5738	148.1	20383.0783	22911.18508	19004.26237	851.3231446	16752.18105	14711.94656	17156.79056	19943.63259	16302.60812	28272.82567	378.216429	905.0423186	613.3615911	24603.98648	9843.00544	8768.48142	18028.84506	9197.73005	12042.81532	9845.266544	3503.039293	12243.40242	0	10035.3103	845.8327855	3503.039293	20498.97743	21122.74405	9193.248724	19000.34991	22693.9653	11833.99042	510.1437714	19845.24856	9338.996489	910.9687408	525.5166166	729.4487495	133.29	176.7990883	205.6020796	3646.047387	8111.898346	19469.03958	10041.71145	16485.9762	22751.48568	1891.907446	0	384.8201675	518.2012168	13322.46165	283.4324841	2846.100999	16199.58701	20420.53303	4465.923418	0	0	1596.911458	22764.54287	2194.008562	2585.338706	1828.566071	5494.013985	508.5077373	2966.752755	674.4934872	1425.717898	7724.986887	22435.3956	10697.57631	7153.571571	1848.545502	17475.87829	16815.1295	10351.57099	15778.38727	19843.86217	579.9480563	722.412302	17189.2763	12008.27253	16510.81087	0	0	2058.037295	588.543545	22191.43889	16920.21618	6114.629669	1700.362944	22172.97736	15768.17568	24505.67967	21548.66753	22308.44375	12596.80292	0	0	504.9715379	504.9715379	11798.25271	11281.44339	0	1532.87	18434.99552	14408.25478	12692.21389	407.1888173	221.5631086	314.5776936	18911.61842	16039.87024	11664.52746	21932.27228	22099.81885	3607.27369	1728.59951	23300.5387	16946.34435	145.8449007	176.3013946	10718.3583	13875.20219	12583.83262	12583.83262	12583.83262	7086.441874	7086.441874	7086.441874	11373.7091	13016.08276	11373.7091	11281.06525	12583.83262	13658.29259	13658.29259	13658.29259	206.6352293	18744.2873	432.2809997	0	17704.01388	24972.9523	23048.15208	23689.14262	0	23412.68182	23013.83349	19555.41447	18167.8042	19840.85001	0	12009.57821	8957.769946	18732.46866	13029.82057	10676.79574	4208.97099	11581.18867	23013.83349	23477.18284	8200.851903	762.3300383	5967.419545	57.63786682	16199.22129	13661.65022	15214.32284	634.401024	15191.07	2260.363608	2333.58663	10243.21528	10576.65882	22811.1732	2233.006552	0	1702.344638	1077.368129	9134.571972	13540.50831	16878.97215	2358.78224	1489.555972	2358.78224	1139.358494	133.29	20949.84895	15541.40521	7086.441874	12238.84852	25394.11747	5902.548224	249.6375547	693.1344861	15519.53881	3091.563935	23592.86252	11882.88196	20983.69405	3295.752692	1424.820655	23.94287633	475.3579976	23928.48616	12108.17952	16371.93214	14630.58298	1835.379275	10582.97035	11639.34743	17885.133	881.4613033	2468.776535	14610.06247	24544.28378	16185.01503	23023.27524	16185.01503	19307.50081	21561.75031	5464.421605	4637.35	11900.18555	10628.47681	1702.218173	23484.21092	0	20753.36186	10929.93333	0	1924.5	486.2918509	2130.624001	1024.063788	234.9788915	16233.47171	172.7184167	10973.57647	12343.7063	27329.54344	23813.04445	20449.66085	145.1491517	20884.20728	9474.713914	15506.40444	341.8527067	4736.394643	4512.853692	4552.135978	22099.81885	210.4442239	0	453.657655	236.200818	43006.0249	19457.00869	11757.28899	0	190.8097237	165.6130486	3469.538014	10018.51616	22834.308	51.57891977	16510.49081	16510.49081	24371.45781	14224.95412	17136.52399	10872.10007	4958.318875	9848.391572	17696.52237	1465.90532	3537.06807	11662.66394	22731.08375	15967.87149	19305.93269	472.0226652	12275.11748	20918.93923	14453.23257	18737.97238	21341.18377	6544.488081	2474.512981	22751.48568
Plate1_2518R_R_M_S5_week10_S62_L001	16976.82965	0	156	5230.936642	13623.75551	22644.14446	1512.524347	0	604.7442325	14597.77825	16098.99373	16356.15837	10253.70262	173.3333333	17858.65184	20497.00881	17894.28936	983.8347245	14600.67434	13375.49958	14936.65449	17832.30379	15727.27755	25389.74054	423.0492558	1019.867953	690.5086702	21834.63885	9502.806115	8958.129622	16015.37231	8581.632888	10513.45419	9427.81945	3714.787237	11874.38857	60.62780741	10140.9518	1065.117317	3714.787237	18320.48243	19050.17598	8854.450403	16836.17948	20373.69811	11908.53394	590.7192923	18140.67883	9397.853587	1053.853732	612.0827193	694.6069109	156	206.7304658	243.259832	3975.700213	7139.362944	17203.51839	9571.812096	14135.60121	20455.79875	2126.567989	0	491.4980161	600.6166024	12235.09349	332.5785742	3086.286226	13801.72547	19363.67568	4979.980134	0	0	1796.003077	19926.03748	2511.22567	2985.629767	2046.707181	5838.62962	486.241251	3458.203102	876.4090798	1443.946622	7021.687684	19872.01872	10814.68802	7255.904648	2018.621248	15309.90878	14639.91375	9649.022484	14373.57898	17410.4289	668.5060271	798.8781784	15070.41249	10808.28196	14187.12581	0	0	2577.443083	774.2045173	19774.38972	15270.11841	5711.814782	1819.952182	19744.64805	14992.56526	21990.51316	19294.3338	20128.03372	11270.13867	0	0	611.2876174	611.2876174	10392.86855	9921.562557	0	1450.14	16045.92955	13359.36661	10657.35105	475.4263648	292.1571704	396.4852859	17355.48459	15125.63726	10834.73533	19420.05095	19547.28802	3881.886261	1757.823256	20633.839	15517.29395	219.6585005	205.8790493	8963.290086	11804.05933	10861.19908	10861.19908	10861.19908	6102.655575	6102.655575	6102.655575	9837.333963	11034.82507	9837.333963	9474.878517	10861.19908	11609.34921	11609.34921	11609.34921	270.0750725	16462.21194	501.852222	0	15771.49492	22218.67703	20548.27649	20982.73136	0	20849.90289	20525.03392	17407.28355	15903.56947	17361.36078	0	10858.31787	7961.386626	16730.52173	13375.75985	10167.82132	3619.739642	10768.02086	20525.03392	20757.44855	8492.255792	724.0956858	6009.808075	54.72903036	14764.34331	12609.33372	13920.91566	735.7860963	12908.94	2296.440832	2364.371536	9435.620012	10024.42709	20121.30778	1972.198307	0	1805.91438	1240.866988	8402.111922	12380.49834	15018.39853	2666.160939	1706.758954	2666.160939	1301.449811	156	18442.48669	13281.64222	6102.655575	10585.18242	22502.30188	5940.492125	289.3433444	871.808599	13410.67546	3704.914078	20321.10833	11223.7969	18441.97561	3389.219084	1549.697858	18.95898722	547.5867729	22367.82718	10783.68799	14561.89924	12678.40167	1618.21191	9743.89228	10295.77223	15838.96445	1102.445583	2171.838565	12877.29347	21869.71749	14013.24589	20796.54656	14013.24589	16983.69135	18968.04173	4844.278154	4992.5	11560.22213	9542.566675	1700.016683	20929.39956	0	18785.99904	9196.039628	0	1597	579.7428457	1789.292725	1292.78139	256.8001246	14567.24281	201.7641972	10110.04762	11173.8744	24456.77494	21074.11274	18038.07674	190.028305	18333.07517	8034.416236	13605.00499	385.5745935	5014.738974	4803.003597	4858.406189	19547.28802	244.5258774	0	513.6543933	276.1458773	39071.91996	17053.11906	10387.2633	0	277.038308	193.5048952	3795.320479	8979.159954	20138.83376	41.0850759	14666.52329	14666.52329	21613.59178	13060.25572	14907.90468	9240.706327	5186.738545	9548.064362	15424.72457	1805.781428	3671.868774	10944.97544	19665.80346	14388.50663	16841.4539	549.3866622	10616.79899	18044.96126	13064.86503	16623.54941	18938.239	5863.75813	2818.860045	20455.79875
Plate1_3752R_0_F_S5_week10_S59_L001	17271.2466	0	388.14	7508.038911	12906.0155	22950.94966	2316.631853	0	503.1117646	14751.74153	16333.02384	16670.52263	9714.854545	431.2666667	17842.4942	20589.51571	17376.49596	2065.975593	15023.07359	13293.44054	15924.5375	18182.85365	14996.74317	25307.10458	853.349947	2186.605909	1443.538033	21048.46025	10452.19765	9300.364612	16172.95922	8177.811413	11112.9894	9614.253381	3741.720028	11193.65228	0	9903.584834	1636.258592	3741.720028	18419.62277	19251.46411	9388.504084	17162.68686	20216.2631	10394.1933	1350.596883	18114.83532	8451.543277	2385.85244	1482.420662	796.9194581	388.14	508.4850272	551.7463442	5113.903293	6729.176039	17434.80949	9003.673157	15123.54918	20444.4738	4392.001128	0	482.8332712	1418.748264	12050.22809	775.4468648	2886.382345	14496.89998	18999.43696	4197.59205	0	0	3752.493005	20377.16634	1824.201258	2146.589517	1885.497761	6124.380834	571.0044682	2891.464142	335.1019884	2743.738205	7092.612601	20799.40842	10218.65973	6274.320095	1588.212368	15666.67026	15030.07558	9462.930299	14054.57723	17739.57796	984.7746262	1260.397635	15332.16253	10525.81676	14899.9031	0	0	3206.092775	747.128578	19832.52974	15128.23812	6379.280047	1927.342027	19750.33699	14236.10342	22008.06843	19336.44455	20013.9682	11228.99257	0	0	956.2016979	956.2016979	10836.67857	10451.52685	0	1678.71	16669.63517	12949.59005	11966.45916	575.0216866	278.0238981	418.7404523	17076.15325	13996.2657	10491.67967	20035.61461	19684.77173	5694.882507	2237.045003	20804.69398	15825.62907	404.2106898	504.5081559	10028.38685	12648.16667	11426.44622	11426.44622	11426.44622	6517.103328	6517.103328	6517.103328	10397.83856	11976.95364	10397.83856	10515.54933	11426.44622	12476.37926	12476.37926	12476.37926	276.3899725	16871.23298	1187.623044	0	15081.41986	21276.26905	20539.35134	19698.73504	0	20816.18454	20472.97816	17369.12802	16513.83861	17955.8	0	10496.47499	7721.184136	16820.65471	12438.48616	9622.166486	3440.68588	10419.30441	20472.97816	19629.48871	7714.972894	837.2769833	6916.754481	33.66592868	14457.06117	12129.46602	13549.24077	1433.307022	13588.78	2459.297566	2563.395003	9493.111817	9088.511726	19258.48975	2370.449133	0	2581.290837	2547.649234	8444.048051	12644.64248	15185.34843	5478.025536	3766.620137	5478.025536	628.3350465	388.14	18714.16961	13892.39005	6517.103328	11147.07268	22200.09141	5246.145771	670.9063609	1758.935492	13531.60102	6533.357177	20903.10067	10806.81251	19082.77724	4264.119116	1639.852684	16.96832659	1235.808647	22276.98105	10974.58465	14643.60029	13305.124	1967.052919	9380.970027	10466.67499	15994.09316	558.9245431	2621.017088	13210.64703	22070.68078	14728.1502	20764.13649	14728.1502	17525.95593	19461.01797	5104.744792	4058.55	10836.91898	9379.454946	2023.550893	21343.24848	0	18420.1984	10383.75972	0	1516.5	556.6145575	1709.046525	1195.353278	503.1363424	14720.89456	478.4273386	9422.151761	10755.1712	24189.94908	20046.74246	18386.73806	194.4850491	18859.5131	9043.592171	14783.80601	815.3387053	4611.895279	4550.127315	4610.860237	19684.77173	565.3196128	0	1131.062676	683.0111755	39464.62507	17506.1911	10671.18606	0	526.0456311	475.9681761	4793.304144	9267.114124	19084.57601	40.78524194	15142.15787	15142.15787	20549.881	12540.14346	15123.9732	9898.272788	5026.219828	8731.427583	15662.97961	2212.089817	4437.147113	10335.49542	20178.57076	14519.25493	17790.95803	1327.781266	11071.70549	18472.08294	12894.26077	16782.01307	19235.2282	6051.979467	2340.569127	20444.4738
Plate1_3752R_L_F_S5_week10_S60_L001	15315.39284	0	126.71	4571.159666	12827.77895	20667.63576	1063.58279	0	668.3299971	13206.82886	14559.10269	14767.23513	9151.103642	140.7888889	15463.85106	18609.4977	16245.97583	810.6252153	12921.3467	11856.53675	13249.40757	16081.0037	14954.46849	23435.15861	341.5545385	850.8869352	591.7463665	18908.46221	9437.755165	8910.324113	14442.02828	7778.260349	9509.497749	9041.90001	3511.346382	11198.26987	76.83091407	10439.44906	994.4875677	3511.346382	16480.01639	17125.42194	8669.071945	15136.46927	18212.01385	10751.84488	480.8469861	16398.14563	8334.481415	860.327128	497.8321803	716.4424416	126.71	168.0409518	200.8127088	3754.28651	6380.714659	15449.44124	8634.101973	12713.43537	18636.20946	1748.884576	0	474.2740575	489.4587594	10984.5312	272.581709	3049.833836	12236.36022	18305.29362	3390.807835	0	0	1517.761333	17996.44554	1760.437181	2085.352823	2101.9529	5971.028654	502.2930416	2813.17132	432.6276571	1254.287811	6572.578051	18377.55609	10123.39106	6148.247807	2108.986042	13520.47067	12888.05022	8664.430566	13156.94448	15612.36629	469.2532945	554.7957203	13408.15305	9664.213409	12469.27217	0	0	2283.153606	729.5879146	17701.41926	13724.19685	6379.979214	1821.864636	17603.85628	14002.58869	20002.12427	17511.25283	18386.30451	10213.34207	0	0	577.3101994	577.3101994	9176.863754	8817.129156	0	1765	14148.31046	12016.94813	9364.645944	439.64319	276.9580462	372.9831632	15564.93286	13623.80432	9661.67136	17711.51717	17679.86999	3526.290337	1718.387744	18581.92612	14593.21268	204.6198826	167.3328389	7778.431639	10348.17153	9503.731712	9503.731712	9503.731712	6183.87251	6183.87251	6183.87251	8598.622102	9669.486414	8598.622102	8242.243996	9503.731712	10168.93994	10168.93994	10168.93994	252.8754061	14448.82983	408.871873	0	13713.3166	19363.45137	18497.55144	17978.31364	0	18805.41143	18535.49296	15522.80856	14045.96847	15335.10212	0	9944.997052	6700.275933	15046.67167	13465.14072	9206.843764	3528.411175	9607.127099	18535.49296	17774.27846	7900.848033	744.9951994	6028.899199	41.8088221	13518.87119	11651.70761	12780.99225	625.732371	11404.73	2322.326426	2394.336175	9010.928401	8565.85226	17189.37925	2207.902778	5.51977274	1649.324436	1024.582188	7626.967474	11588.52672	13573.57335	2197.441419	1397.673521	2197.441419	618.3043774	126.71	16507.21137	11786.36131	6183.87251	9300.84796	19884.52673	5159.773533	239.6452194	753.8255901	10876.27134	3216.568871	18118.07325	10259.75819	16338.67563	3251.562868	1520.348879	28.41308484	455.0222417	20517.01924	9385.766267	13010.97608	11085.73275	1841.298703	8835.921207	9203.396232	14206.72775	623.556021	2428.624151	11324.94774	19776.7017	12170.79743	19030.46315	12170.79743	15063.04155	16833.53523	4651.88067	5295.96	10837.10459	8395.66277	1926.900011	19554.03293	0	16902.82617	8085.980769	0	1596.5	555.6898866	1802.257761	1224.301418	227.7908975	13176.82379	164.887531	8935.17676	10114.04507	21911.49696	18130.93589	16025.98135	177.9671076	16390.67874	7238.158831	12369.51631	327.4121003	4724.431541	4648.091931	4736.847468	17679.86999	201.7139055	0	415.3882628	224.4197454	35709.86245	15164.38297	9074.311738	0	253.4652297	157.250061	3398.84109	8034.689221	17188.53335	33.0344048	13274.33987	13274.33987	18622.86312	11756.35588	13120.07757	8087.134711	5138.742269	8518.351592	13547.8827	1601.774757	3798.150022	10043.78376	16514.23664	13004.57988	14859.50913	447.0078594	9479.42897	15633.40881	11674.20762	15016.49552	16636.06566	5899.245715	1852.353094	18636.20946
Plate1_3893R_RL_M_S5_week10_S64_L001	15587.2776	0	196.14	5536.085488	13001.72239	20975.61267	1409.455325	0	704.9885584	13222.13532	14536.58863	14969.77604	9893.871424	217.9333333	16683.99481	18795.46283	17094.66255	1200.808322	13383.64074	12319.15033	13582.37688	16308.96567	15195.23828	23759.61559	478.4681115	1235.001449	848.5231464	20756.98942	9472.169474	9174.564772	14809.12954	8267.082201	9536.575064	9608.805932	3896.329516	11708.96813	95.05106325	9867.418466	1295.179518	3896.329516	17013.53301	18612.71097	9183.806521	15350.82945	18778.43125	10908.10985	731.2967123	17007.88852	8655.859855	1293.888487	764.2507875	703.4714919	196.14	259.4624105	299.2077027	4336.081752	6903.149123	15716.75285	9104.285051	12922.3603	18810.2945	2535.857089	0	506.5886672	745.3740887	11463.31388	411.8098931	2930.640834	12680.052	19026.95312	3825.703103	0	0	2196.334357	18445.79429	1908.134338	2244.023398	1955.196589	6190.679656	501.6051085	3704.191291	521.194708	1593.692458	6698.580305	18746.36116	10270.73872	6631.153925	1851.345984	14029.05511	13348.63422	9625.635864	13471.10172	15877.76018	681.3924945	745.2662309	13744.4976	10362.40637	13007.56777	0	0	2754.04419	783.9090877	18327.78586	14402.36315	5449.488447	1794.611147	18325.92532	14152.5962	20226.41392	17726.28184	18501.12389	10919.25878	0	0	620.840146	620.840146	9030.808795	8654.309844	0	1404.28	14403.34104	12586.27169	9292.714043	524.9962785	295.5272606	411.1518558	16294.43023	14400.2498	10157.20424	18187.65017	17820.87551	4337.536364	1838.838637	18982.26577	15468.61745	293.2591504	258.1150873	7886.193834	10622.96247	9955.877741	9955.877741	9955.877741	5778.737085	5778.737085	5778.737085	9039.879544	9885.357057	9039.879544	8360.480864	9955.877741	10430.02632	10430.02632	10430.02632	280.1194149	14684.30322	621.8563745	0	14824.78911	21094.40401	19054.39611	20096.42886	0	19141.39412	18775.20286	16034.19467	14583.83786	15919.38149	0	10269.80583	7554.924573	15360.03446	13105.52356	9211.867916	3426.576543	10105.50077	18775.20286	19793.37566	7962.538761	743.0096053	7061.747675	33.9293972	13869.22326	11966.91582	13115.49012	866.5782991	11763.07	2365.113291	2446.929471	8863.298218	9951.77705	19073.88321	2394.840225	7.233937644	1976.939124	1506.072684	8537.769147	12428.21493	13901.78307	3179.615431	2076.551395	3179.615431	707.7633717	196.14	16870.96162	12103.10647	5778.737085	9300.09684	20898.22683	5620.329937	365.1594125	1071.13151	11965.44556	4323.140816	18539.21121	10899.69721	16925.06737	3497.861727	1579.685547	19.45662763	678.0070622	20973.5948	10092.46679	13460.6038	11523.62334	1994.410904	9475.170159	9622.092239	14499.0726	795.8024105	2618.143837	11900.41631	20094.14551	12830.81253	19250.3351	12830.81253	15615.55521	17443.66381	4685.198702	4745.31	11527.56475	9097.673837	1682.732878	19380.66282	0	17809.14636	8021.973326	0	1521.5	578.1958825	1735.493552	1293.830848	326.9328026	13200.05077	251.1402944	9461.886067	10596.50874	22929.12151	20044.85881	16581.61087	197.2314676	16712.60057	7045.335428	12693.83497	465.7331915	4838.772857	4772.392936	4861.26076	17820.87551	302.0748586	0	602.8009044	346.7361227	36637.75066	15605.33482	9642.137915	0	366.3481987	242.7731028	3876.238017	8205.042645	19168.03637	47.87311333	13289.51702	13289.51702	20570.35452	12215.04203	13477.13171	8207.256446	4882.714603	9244.24786	14042.77796	1929.41894	4586.973846	10506.66579	17353.64112	13389.53478	15299.18237	685.0266193	9445.946533	16310.64096	12457.55254	15269.56098	17164.03287	5629.273374	2110.711745	18810.2945
Plate1_3893R_R_M_S5_week10_S63_L001	19105.93765	0	115.86	4822.335957	14584.59822	25303.13576	1213.16336	0	602.9628114	16530.43256	18269.38903	18413.45816	10707.08516	128.7333333	19776.4564	22954.54631	19288.05367	753.5370105	16447.73624	14680.88197	16893.5612	20077.82179	17607.9524	27920.13777	342.1932314	807.6673641	550.1118464	23903.40108	9809.55182	9747.630395	17827.17301	9215.662901	12332.10195	10406.90919	4018.976444	12683.47745	81.600528	10865.58851	1025.783642	4018.976444	20322.84113	20134.70785	9784.604671	18984.07673	22643.75405	12557.82671	445.2444066	19792.48827	9829.829762	798.2235904	457.5098903	639.776538	115.86	153.8246198	180.8412854	3555.09654	7653.865038	19333.70645	9988.557755	16549.94538	22835.06807	1663.551985	0	378.1917557	451.7033073	13249.94528	247.9979233	3219.325819	15702.466	20902.23949	4129.690819	0	0	1435.476363	22478.31481	1985.467752	2339.525731	2128.355071	6321.302467	419.8906751	4015.770697	701.546051	1326.92103	7677.793213	22163.55738	11507.1417	7505.589853	2140.548728	17149.44026	16450.37734	10135.2653	15675.45771	19728.90941	510.4125072	630.4957016	16956.5749	11619.7037	16004.36361	0	0	2122.466545	572.3998465	22026.35672	16661.27246	5855.465765	1737.381688	21997.0958	16171.85738	24574.1406	21568.86058	22438.65746	12425.47969	0	0	457.3199898	457.3199898	11885.72183	11406.97594	0	1449	18294.16684	14290.30888	12608.11975	372.5720277	217.0442649	300.6875681	18754.57345	15931.44357	11535.04758	21780.28528	22125.21229	3471.283901	1527.645167	23216.75281	17034.41827	205.5264864	153.3203318	10498.56002	13514.78222	12118.19012	12118.19012	12118.19012	6934.141667	6934.141667	6934.141667	10912.70384	12683.10642	10912.70384	11061.15948	12118.19012	13310.24304	13310.24304	13310.24304	199.0611036	18458.41698	377.2382422	0	17181.10579	24324.72474	22829.24248	22869.93884	0	23262.9258	22951.37228	19430.10681	17810.55287	19516.47835	0	11732.97935	8836.432436	18696.92013	14605.25343	11161.84981	4231.68467	11452.2355	22951.37228	22702.45958	9031.875742	628.46627	7146.976315	60.59260334	16067.26568	13517.82518	15100.57978	582.0026711	14714.14	2095.189403	2150.708631	10293.62419	10536.90319	22023.05069	2446.563379	5.714082777	1645.266864	955.6581725	8937.287385	13615.43206	16707.13061	2082.912261	1306.625224	2082.912261	1008.290498	115.86	20727.38651	15109.35342	6934.141667	12294.86122	25107.92175	6126.466619	221.6614704	743.6688035	15116.66442	3282.839256	23032.06243	11984.62991	20652.51315	3204.072953	1292.237689	26.42959537	419.7910526	24661.63666	11728.31187	16138.35869	14238.7059	2027.214545	10339.96874	11325.04779	17749.04372	1010.439189	2706.222668	14274.71915	24661.06538	15689.08675	23233.33492	15689.08675	19000.13261	21319.45261	5399.079004	5436.95	12176.70557	10038.94159	1657.679591	23085.67147	0	20364.64589	10853.81713	0	1913	474.7483121	2155.734191	1013.485848	216.4675473	16490.98963	151.1107582	10624.33206	12014.34423	26939.14485	23076.87086	20186.08347	139.8144632	20671.30688	9546.490715	15023.37678	296.699275	5233.904593	5063.026682	5137.329096	22125.21229	184.4359322	0	406.2650859	205.406938	42686.55197	19176.75279	11421.18749	0	250.8872925	144.0080751	3319.057749	9996.421779	22059.82656	74.35580961	16752.38443	16752.38443	23647.86758	14180.73089	16801.83565	10614.39358	5380.957683	9850.769715	17316.95645	1504.964501	4524.047684	11643.09182	21827.98459	15924.2414	19040.39403	411.0924472	12154.40941	20446.60494	14119.06039	18661.78468	21123.78531	6633.246881	2267.533522	22835.06807
Plate2_096R_0_M_S5_week9_S74_L001	21314.70684	0	299.14	7987.468288	15393.67269	28125.46544	1968.223415	0	557.3529542	18678.84585	20748.91906	20730.48863	10326.40496	332.3777778	19959.08267	25412.59953	19845.4119	1757.09889	18366.52393	15890.23513	18937.82203	22576.14739	18819.55811	30111.12511	711.7194868	1874.482097	1236.598237	25000.14757	11929.442	11065.3922	19313.7389	8906.034787	14124.28146	11008.4129	3846.532988	12157.70577	0	12125.53147	1616.407693	3846.532988	22007.5092	19714.08585	10865.69946	21366.97484	24669.79307	13147.1295	1063.257515	20916.96763	10138.91546	1947.824497	1160.657687	903.6945162	299.14	393.7685123	435.972809	5312.182753	7268.969302	21501.17688	9489.300077	19439.79496	25185.75423	3770.754486	0	507.7693194	1125.719566	13492.46894	606.2380222	3481.873336	17334.89436	22096.10472	4903.379071	0	0	3220.244027	24835.20573	2226.675056	2671.207417	2223.735611	7257.215604	638.3856725	3983.888551	563.3187754	2375.811836	9406.038046	25529.90058	12507.09589	7598.930024	2077.907124	18741.37802	18175.93255	9441.189421	16693.93481	22162.27826	973.2578383	1041.434935	18780.26878	11613.82001	17583.3879	0	0	3318.108974	727.9884156	23729.59743	17736.06358	7500.915662	2198.441567	23528.70684	16866.59266	27105.47194	23806.14106	24679.79951	13042.62564	0	0	848.5766218	848.5766218	14010.64455	13546.14287	0	1920.43	20648.52539	14237.57448	15298.54286	554.7329596	275.2535244	409.088191	19270.56724	15011.69017	11441.13079	23974.786	25085.9593	5865.198276	2326.905851	25556.56729	18899.56484	331.0265794	389.9707107	12275.47722	15360.8912	12829.22643	12829.22643	12829.22643	9167.023796	9167.023796	9167.023796	11349.05905	14525.78773	11349.05905	12875.14962	12829.22643	15161.5454	15161.5454	15161.5454	276.9954029	19810.19013	944.5993977	0	16563.47104	24062.27618	24711.49827	21667.81652	0	25274.31845	25019.29084	20923.56486	19252.37555	21196.50744	0	11820.51692	8935.524519	20672.76031	15633.36426	12271.17048	5366.616556	11348.44239	25019.29084	21816.50066	9761.651035	922.3990758	8610.1236	41.87403178	17106.60916	14093.41797	15979.29013	1212.153792	16414.84	2759.602754	2857.630603	10852.42655	8540.337293	21174.32913	3025.419886	3.234216888	2827.862188	2191.544317	8363.311924	15209.73681	18050.73383	4751.945566	3123.407107	4751.945566	1018.239087	299.14	22910.66902	16804.53254	9167.023796	14188.22061	26830.72933	5565.494461	542.5136528	1408.964501	15589.19529	5745.553231	25611.48507	11753.08207	22786.53327	4827.231617	1779.450651	36.39068773	1008.835982	26812.85483	11850.84583	17266.43191	15467.44875	2556.542339	10491.19011	12099.83591	19626.72679	1031.5863	3390.481905	15042.86435	27335.88312	16706.64253	25626.04269	16706.64253	20522.36693	23164.6344	7133.772897	5353.26	11377.94624	9179.226066	2215.917647	25609.90334	0	20581.81655	13320.03987	0	2561.5	611.3755469	2862.915649	1267.862702	471.9760256	18624.97823	378.6301421	10079.76584	11954.3172	28516.43812	22442.92821	21811.10832	194.7237976	23091.61586	11780.94977	16998.59307	675.4379239	5778.324235	5621.79985	5664.946199	25085.9593	453.9290603	0	908.5911889	528.4376841	46923.87555	21015.52807	11825.83713	0	430.6119217	367.6444383	4972.399837	10738.83794	21255.83073	72.00581087	19459.28599	19459.28599	22988.23099	14297.80354	18680.29298	11986.67009	5938.186691	8829.231465	19163.43273	2232.37817	5897.546019	11902.53424	23016.28731	17221.24772	21423.16741	1041.984866	13568.3042	22257.4265	14815.3414	20700.90373	22624.85289	8377.240523	2738.273882	25185.75423
Plate2_1060R_L_M_S5_week9_S75_L001	20035.60803	0	204.86	6207.481187	13645.47419	26500.3309	1471.257896	0	600.5435834	16937.38511	18750.44259	19282.94631	11396.08524	227.6222222	22418.80253	23440.83405	20281.79936	1226.597449	18119.03977	15134.88981	19128.66605	21090.9904	16668.20654	27875.85239	544.9561216	1372.718017	918.3888305	25457.77943	10308.70653	10345.96137	18400.16637	10006.98513	13629.81034	10697.55768	3881.479025	13065.42011	60.99013895	8253.535234	1284.223597	3881.479025	21276.2892	21606.40652	10195.70494	19746.75633	23665.95651	11980.95808	771.9709138	20868.07488	8205.241608	1354.703804	803.3844286	850.9292932	204.86	270.898881	312.4422963	4676.621659	7797.287091	20381.01104	10443.73162	19346.07022	23108.2382	2766.313122	0	481.9325247	785.6857957	14243.2814	429.2792876	1721.26716	17653.10568	21782.81124	2838.862918	0	0	2460.747236	24273.60674	1631.717608	1883.277911	1066.561118	6892.83732	710.6296233	3670.770427	105.176617	2056.046544	5772.335943	24147.24353	9861.426385	5943.791708	903.4028258	19043.20429	18096.68403	11886.67508	15502.06872	20603.71595	449.4025323	769.9993257	18025.34151	11890.25464	17754.47624	0	0	2674.008296	736.4047259	23329.72099	17528.92276	4400.579824	1201.509561	23514.16453	14815.72276	24979.77523	22026.88204	22393.52763	13211.07543	0	0	733.149629	733.149629	12414.98448	12031.20762	0	957.56	19763.74267	15142.66671	14419.73124	539.9636703	268.0150162	391.9700301	19621.25011	16712.05221	12354.06571	23587.94412	22330.55952	4745.184165	2050.328687	24513.73345	18285.16819	268.0260159	274.3895281	12580.39902	15485.80941	14026.10486	14026.10486	14026.10486	4605.379208	4605.379208	4605.379208	12793.65131	14687.91227	12793.65131	13112.56617	14026.10486	15305.70469	15305.70469	15305.70469	273.715707	21092.31331	655.7831107	0	18464.14592	25768.00769	23879.67033	24370.062	0	23941.18401	23538.87308	20544.52548	20227.43705	22071.43057	0	11151.1009	10159.81036	19478.15494	14419.73124	9712.798481	2538.169335	12246.67775	23538.87308	24338.74154	7500.945775	1060.07363	9661.906301	91.783876	15919.55022	13006.92773	14824.06289	769.2809119	16326.02	2764.577969	2957.523699	10341.53026	11989.97124	24141.50467	4262.512376	6.662656334	2259.662128	1539.995872	10890.05538	14895.09241	17131.36239	3441.724571	2222.847016	3441.724571	0	204.86	21937.47951	16513.01588	4605.379208	13055.73564	26261.05702	5512.407337	390.7538299	1142.914675	18195.62021	4796.585801	24386.76456	12179.56995	22880.17638	3103.744852	1941.383074	0	707.9869299	25461.27867	13805.83814	17289.80824	16498.12249	3633.498527	10746.32342	12215.2119	18685.89069	275.6221484	4679.988297	16215.07898	26022.60082	18633.77564	23967.09584	18633.77564	21308.56049	23746.91063	3806.286337	2998.91	12993.95513	11877.30529	1179.078341	23051.96978	0	21903.42574	12459.69423	0	1007.5	482.6548341	1198.433383	1224.045443	388.8640551	16904.41894	252.7314711	8940.656772	11555.61174	28254.83046	24696.38528	22131.05766	192.4493057	21835.95116	10712.52939	16019.46153	511.8130473	4472.243654	4845.177175	5486.48905	22330.55952	299.8766931	0	694.8382407	362.6419782	43717.74057	21060.5759	13275.1253	0	341.7319745	256.947894	3849.705425	10799.52384	23749.32207	74.10373896	17945.26783	17945.26783	25303.14112	14422.17232	17732.34422	11860.00785	3323.81792	10233.29863	18392.35421	1915.402727	6599.714143	11127.88526	25310.29098	16423.22852	21391.22664	720.9259664	13128.45093	22480.95818	15103.88033	19617.28217	23627.42805	4711.360793	1513.2063	23108.2382
Plate2_1076R_0_M_S5_week9_S76_L001	16295.1999	0	754.15	7926.005551	13494.47978	21350.21204	3730.731571	0	1244.504322	14303.79844	15898.17126	16110.61387	9754.218181	837.9444444	16621.08877	19246.58145	17922.13121	3332.248382	14044.35933	12803.90724	15284.94946	17565.70612	15088.49366	22775.20133	1516.144515	3526.988024	2312.519553	19595.33925	10694.28686	10947.63265	15026.37379	8701.774663	10614.98167	9830.215489	5086.026979	11181.85044	247.7590727	9939.595145	3075.809525	5086.026979	17441.94959	18320.20312	9970.623668	16248.17181	19360.48323	11201.00774	2369.166536	17761.18407	9734.522521	4143.100642	2746.781719	632.9233585	754.15	972.6098217	1061.203288	7200.095445	5495.195434	16187.73478	9160.416546	13907.51753	19145.79528	6347.233386	0	1033.976789	2503.406921	11886.51485	1451.083696	3402.66773	12776.98808	19110.36981	6691.914457	0	0	5877.968234	18077.32869	3201.358141	3814.063763	2372.293262	7986.501353	342.6065993	4534.716237	1166.450783	4745.456636	7212.561272	19676.77642	11562.04738	7652.811607	1471.453656	14655.14449	13977.91499	9721.209201	13180.7433	16448.01998	1997.764688	2157.872033	14220.45235	9697.793351	13673.25841	0	0	5985.434828	1561.289737	18771.10671	14446.93161	4339.35253	2190.912114	18714.48787	14099.4092	20622.18792	18078.86327	18740.93371	10383.14471	0	0	1456.064601	1456.064601	10554.39562	10205.04603	0	1024.71	15860.83563	12807.84264	11393.90394	1109.350245	571.3890804	817.6955998	16876.45568	13579.77505	10337.40857	18549.67979	18227.45383	7728.950029	2376.888447	19282.17432	15488.41134	986.0864857	957.1411481	9444.977034	11708.1326	10656.72896	10656.72896	10656.72896	4897.277369	4897.277369	4897.277369	9829.228893	11223.68225	9829.228893	9895.878798	10656.72896	11578.78868	11578.78868	11578.78868	585.4098242	16219.59789	2136.236504	0	13861.37984	19842.9274	19200.81095	18195.6105	0	19279.40529	19006.21555	16355.98236	15589.77248	16931.52694	0	9339.629522	8000.414662	16007.71656	12867.56034	10062.91171	2347.002681	10275.45861	19006.21555	18254.05448	10924.74822	730.413528	8436.860353	87.28693072	13585.90447	11292.6041	12720.69416	2427.541434	12051.4	3132.863001	3288.93636	8474.44264	9603.037086	17961.05541	1422.497121	3.234190668	3555.33296	4011.123606	8405.5777	12592.67747	14127.85368	8188.454501	6131.157323	8188.454501	1279.997942	754.15	17323.53195	12350.49244	4897.277369	10792.08261	20693.38704	5480.919357	1222.446981	3486.496473	13648.40935	9865.903003	18544.3895	10914.15685	18086.18206	3742.796711	2235.648119	27.86383868	2175.033108	22977.62321	10871.07414	13663.45231	12547.32686	1148.828671	8940.76806	9846.880267	14978.07034	1581.711303	1570.816483	12715.07723	20670.11045	14038.98376	19503.88396	14038.98376	16559.59887	18362.93113	5102.926516	3661.11	10835.40735	8405.023413	1829.330827	18641.17016	0	17137.70726	9972.709079	0	930.5	710.128549	1084.810824	2091.389292	487.5091089	14258.4523	884.6484497	8768.98253	9702.639211	22778.42697	18673.70112	17299.18476	414.6869756	17698.65006	8452.798788	14079.40203	1385.926846	5770.329543	5750.061384	5788.063626	18227.45383	983.5302142	0	2088.375616	1310.534066	38126.40804	16315.86703	10481.56577	0	1233.693734	908.2473794	6361.849494	9037.127553	17764.72955	146.8335191	14556.18254	14556.18254	19179.97139	11951.02972	13864.82122	9121.481326	5487.532948	9148.721507	14614.68076	3865.363898	6008.76373	9996.501769	19304.96131	13925.90021	17100.94218	2455.093444	10022.71469	17050.66414	12419.39986	15646.84807	18568.44682	5002.902716	4094.269137	19145.79528
Plate2_1136R_0_F_S5_week9_S69_L001	24182.02822	0	141.43	5689.29557	23177.26362	34323.11531	1180.702614	0	781.3766069	19374.42517	20640.06785	22191.7037	20205.65301	157.1444444	28160.94374	29337.6685	30220.72484	937.4876808	20426.34475	19667.43863	17006.00916	24200.75299	25946.83889	44492.20085	384.28237	976.7474759	726.8906259	35583.98819	17562.05625	15389.30482	23722.2004	14745.21475	12540.00807	16701.83114	7146.333737	23627.00587	120.6495953	19258.14987	1537.505871	7146.333737	27418.98653	36562.03296	15593.39194	22541.4071	29695.29206	19204.28447	551.9913178	28635.88797	15174.2521	976.2750683	558.9393794	1542.874934	141.43	188.0619483	223.7878551	5276.036399	13644.71838	23914.31637	13394.35621	16340.6011	29938.182	2033.636526	0	506.871644	552.6683499	16593.72375	306.3865943	5735.136819	19159.96982	34852.2063	4035.336777	0	0	1811.579163	29012.78023	2278.856959	2645.088832	3886.010443	10448.70633	1122.695025	4980.146391	398.8146099	1323.979017	7724.929227	33546.23432	17821.20163	11264.55117	4044.157469	21514.88418	20512.90742	19246.04228	22940.02913	22942.36016	492.9907297	609.1525407	20780.94041	18990.72552	19594.36569	0	0	2592.446823	795.7840879	29319.95305	24326.10094	11952.54835	3430.453493	30799.46956	25307.06407	32030.1039	27968.52136	29614.17963	18925.11952	0	0	844.2611598	844.2611598	11080.71874	10509.51349	0	3796.42	19174.26798	19214.88464	9153.229729	588.9385364	404.4918685	565.345951	28061.35826	28809.06283	18708.78702	34542.6035	25327.37546	5995.234335	3417.223757	29301.17138	26197.05471	267.1233159	187.7736143	9839.06662	14540.78232	13555.55088	13402.71617	13402.71617	7650.907265	7650.907265	7650.907265	11800.79116	13161.2536	11800.79116	10574.51027	13402.71617	14164.58147	14164.58147	14164.58147	271.1720708	16013.31974	458.4828158	0	25850.37104	36159.28805	30560.44021	35374.38523	0	30269.74966	29361.25731	25463.40231	23004.05808	24495.94562	0	19019.82775	10715.88217	23742.56669	24906.40406	12907.22576	3619.295003	18668.8678	29361.25731	34086.4837	13580.3484	1688.577493	11429.04982	45.23640336	23748.92621	21737.57423	22777.09841	751.1910549	17301.4	3749.257029	3850.115684	14539.0106	20777.95265	33106.34871	4460.044064	0	2985.913397	1192.297236	17443.73368	20423.5694	22359.66578	2542.535079	1595.413336	2542.535079	451.943106	141.43	25636.75626	17993.75624	7650.907265	9985.677852	32818.01599	10864.31975	273.9526976	919.9559254	16909.98903	4038.012769	27557.37305	20171.11707	25356.43793	5914.167045	2544.034556	26.4535091	529.6810836	34086.28399	14332.32584	21672.5282	17803.37274	3710.843046	17787.26164	14446.1499	22238.72226	659.9782981	4670.714271	16263.26139	29599.75146	20133.02401	30975.34669	20133.02401	24793.84373	26850.08328	4780.550016	10193.6	24314.99555	17871.88031	3699.92429	33692.47459	0	30664.30714	7905.009808	0	1452.5	571.7845793	1706.566616	1444.230532	278.9549123	19370.23399	185.8208684	18239.28259	19849.37801	37987.04746	34267.75122	26073.15174	190.5192493	25013.96014	7505.258888	19323.59782	418.2575951	8309.558177	8247.27619	8522.779436	25327.37546	229.5678502	0	463.0356914	250.7868358	61607.19719	24038.30977	13957.71922	0	321.60876	176.2246007	3923.781232	10350.41766	32657.1201	31.79449591	17812.08414	17812.08414	35292.19892	21207.40179	19947.77526	9123.391541	9393.541576	19424.08989	20698.02762	1904.206385	7033.177493	19551.73304	20419.04805	21837.50057	20693.59886	500.9313466	11460.81409	23768.67768	21625.77688	23587.35862	27093.89992	7790.739947	2127.179266	29938.182
Plate2_2402R_0_F_S5_week9_S70_L001	22784.76574	0	716.85	9733.405607	16568.53612	29552.46959	3877.177761	0	648.6524865	20412.91835	22865.61789	22562.21556	11847.66306	796.5	21698.14533	27013.3833	22315.60616	3397.466334	19626.50926	16174.20595	21619.83339	24664.88705	19471.85282	30517.73048	1416.429715	3812.404306	2390.782255	26411.83186	12091.49224	12355.67217	20566.47852	10709.55437	16263.62017	11795.12391	5382.932582	14012.39506	69.5692089	12096.50763	2791.462498	5382.932582	23380.07035	21600.38813	11611.87367	22849.72377	26142.04054	14192.29363	2345.782642	23363.77364	11582.93514	4206.157734	2687.710462	813.0635277	716.85	932.7779727	987.8210102	7311.405448	6472.222488	22890.91925	11111.44364	21356.80563	26653.25767	7155.801217	0	578.5297279	2507.200834	15413.73616	1380.931934	4142.352491	18769.02	22435.7873	6494.567404	0	0	6231.911272	25948.70292	2633.292115	3109.950212	2806.315287	8374.602921	566.444105	4193.736007	845.6380566	4648.139855	6844.793597	27946.87012	13691.96572	8328.7882	2126.729552	20676.5797	19770.37758	11042.9838	16720.28742	23212.01087	1830.372012	2156.75656	20103.2901	11524.46483	19607.22288	0	0	4682.989764	851.0471396	25650.04116	18062.00967	6237.77954	2716.807561	25556.19362	17661.84505	28716.61343	25232.14146	26117.78952	12611.3176	0	0	1504.236493	1504.236493	16144.74965	15705.30947	0	1472.73	23439.25116	16269.72339	17890.39933	717.8457414	320.6857013	500.8366506	21593.15891	16896.03159	13450.17934	25859.59897	25324.73579	8265.969819	2880.742596	27088.38105	17479.99075	794.2118211	918.538134	15012.69032	17325.13404	15058.64489	15058.64489	15058.64489	5399.116079	5399.116079	5399.116079	13739.07617	16735.29318	13739.07617	15556.61575	15058.64489	17197.3276	17197.3276	17197.3276	344.0549965	22575.1546	2145.967059	0	17678.26127	24326.82259	26027.40544	21513.09827	0	26840.81396	26724.86707	22717.7137	22465.69751	24339.95713	0	11812.8789	9256.920995	22101.56111	17890.39933	12976.8558	2015.713377	13314.89609	26724.86707	21851.64205	11289.91245	830.3974261	8787.904733	43.67325598	17092.42929	13694.30017	15822.91141	2506.797204	17757.16	2721.513723	2813.935981	11720.80455	11396.37347	22220.51309	2433.771613	7.233948546	3767.642954	4138.067516	9722.37002	13732.24347	19309.84155	9116.059166	6518.680316	9116.059166	1238.361343	716.85	24380.96029	18155.56593	5399.116079	16029.31945	27615.367	6417.180303	1178.00471	3242.325487	19807.57672	10863.07821	26591.15487	12883.4424	25305.39628	4854.313688	1827.427018	0	2159.013396	30664.38601	14234.60851	18555.66084	18450.72731	1995.168672	10129.99048	12520.62101	20906.04673	1185.877636	2708.874436	17338.40137	29297.29946	20389.39588	27073.88822	20389.39588	23666.95447	26140.96041	4464.127293	5318.11	13141.1483	11111.74486	2099.081347	26100.01333	0	22198.43519	15626.8956	0	754	466.9659091	887.6197004	1471.007401	683.814994	20328.88655	866.5439386	10739.5443	12081.66749	29800.53003	22601.55971	24473.92768	242.0371065	25152.16589	13776.11935	18458.90751	1380.103748	6064.595864	6001.773337	6118.578461	25324.73579	985.6592722	0	2032.25255	1255.771994	49278.74972	23342.8799	13949.90781	0	1020.708403	869.604888	5944.774318	12331.01247	21360.67252	68.26300479	20983.10293	20983.10293	23220.45125	15610.78017	19662.56625	13126.37137	7061.586874	10774.53714	20183.4638	3172.896059	5920.770785	11553.46066	28499.62301	18622.33507	24412.47875	2410.764294	14823.41155	24710.90504	14869.07489	21940.82621	26899.21513	5508.114157	3752.331992	26653.25767
Plate2_2433R_0_F_S5_week9_S71_L001	21643.35404	0	174.86	6225.333002	17158.3406	29126.90043	1663.194762	0	878.1556554	18357.15716	20223.77672	20759.22314	13774.84428	194.2888889	23770.24163	26149.03161	23246.63186	1106.077983	18942.2796	17118.33947	19608.60423	22678.36292	19411.36357	32989.48884	443.6826283	1171.789492	793.7696563	28019.3856	12886.04025	11296.75092	20592.30438	11618.82007	13429.88023	11479.15515	4455.325273	15680.57592	62.22878705	12854.50215	1129.45856	4455.325273	23615.27763	25746.43822	10674.95277	21323.00282	26094.31382	14151.44012	669.3312151	23672.30214	11440.255	1187.84661	688.1540314	807.6606172	174.86	231.8859986	283.368214	5423.378569	9429.163644	22092.14248	12831.32962	18328.91053	26063.15569	2435.56667	0	774.4477607	676.8941135	16153.36761	380.8915466	3438.171058	18206.04144	25314.0102	5503.027651	0	0	2101.180604	25816.30924	3007.276239	3529.93748	2268.564194	7329.393247	555.2831586	3341.650562	836.5093989	1530.123383	7383.525557	26573.60214	13242.49382	8488.282078	2240.148157	20131.17928	19094.62987	13449.07996	18374.0469	22047.18081	731.6553763	872.0980603	19378.36343	14071.14896	18565.29444	0	0	3530.910174	1206.96375	25491.48483	19711.54209	8204.58175	2017.316136	25523.05635	18809.52884	28052.46202	24625.12774	25587.76206	14609.21907	0	0	958.0832454	958.0832454	13009.50479	12451.20398	0	2211.14	20833.41997	17707.26727	13744.28997	589.9479469	450.9744501	567.5345159	22708.57389	20346.03623	14510.30713	25407.43371	24264.69334	4279.072208	1981.624315	26493.14697	19724.7678	235.7630302	231.3374096	11901.40542	15563.53124	14624.10351	14624.10351	14624.10351	6725.097652	6725.097652	6725.097652	13402.92801	14615.75295	13402.92801	12545.99663	14624.10351	15316.6159	15316.6159	15316.6159	425.1795175	21440.15423	564.6190432	0	20646.27798	28544.25976	26478.47344	26920.88447	0	26734.876	26266.92003	22396.93795	21338.21298	23038.21307	0	13975.97081	10083.73812	21367.57364	16075.40177	12414.40957	3349.356235	14413.20255	26266.92003	26576.43509	9957.790096	837.8734132	7498.204626	34.93866132	18910.86502	16125.55011	17812.04501	822.5721251	16902.05	3147.669248	3262.847517	12719.84684	13798.95156	26182.52512	2825.065949	0	1913.981306	1397.935266	11772.43781	15648.03201	19310.20323	3040.189853	1935.43407	3040.189853	1333.05178	174.86	23691.80993	17324.88602	6725.097652	13468.33928	28431.27665	7360.571167	328.7765851	944.9901518	17791.41695	4113.74416	26112.89663	14667.56443	24210.34575	3912.19804	2118.82236	15.4770261	619.5402316	28476.39129	14633.62511	19083.02271	17185.01155	2319.949465	12612.69621	13393.79045	20294.56442	1047.89107	3095.470346	17053.71558	27956.33784	19153.50451	26626.49139	19153.50451	22643.90775	24920.56793	4799.042028	5687.95	15546.48187	13432.12805	2327.891508	27488.53479	0	25050.36249	11874.43621	0	1361	739.9181546	1561.081	1977.341659	307.4459244	18324.85771	226.0823017	13347.33876	14451.78031	31548.4029	26997.60936	23693.87028	299.5163161	23462.83085	10356.41214	17884.27406	435.5765743	5900.195911	5755.719412	5871.017902	24264.69334	276.0633715	0	550.1003029	309.7179625	50450.07015	22384.58864	13882.01374	0	299.5061761	217.3003933	4610.922113	11750.97438	25745.78865	47.08525095	18453.15484	18453.15484	27707.45105	16877.02916	19023.85686	12007.82464	5944.96498	13004.35377	19743.57935	2505.124929	4478.500298	13836.43019	26555.66494	18892.66763	22064.41158	617.7464927	13909.69113	23426.60428	16958.00091	21271.97848	25290.74827	6476.661194	3051.997783	26063.15569
Plate2_2475R_0_M_S5_week9_S77_L001	21157.29344	0	128	5300.210402	17920.60191	28511.78554	1530.236386	0	1146.240602	18278.04894	20191.26039	20551.76649	12824.90256	142.2222222	21819.80216	25520.47276	23068.81073	834.5295062	18262.66789	16795.57546	18831.14167	22418.70226	20145.66941	31421.24884	352.0221694	903.3901815	632.3515018	25812.74757	13210.9997	12489.78565	19570.50723	11067.89314	13192.73748	11854.81201	4629.916926	15437.85013	46.92820545	13452.18352	1125.984188	4629.916926	22718.16813	22869.66714	11301.52923	20852.76771	25569.9096	14939.37342	493.8097372	22905.19999	12013.95172	883.6857208	505.5951689	910.4543915	128	169.957723	222.0963136	6330.893094	8322.929595	21443.13273	12293.21847	18582.28938	25483.76696	1831.227872	0	1096.402837	498.7017995	15623.82842	290.4483166	3602.971288	16842.67866	25581.83469	6429.16775	0	0	1645.172422	24715.31349	3748.214119	4472.445226	2296.862789	8550.342688	611.2283234	4707.868246	987.4850307	1324.576832	8014.317568	24609.94121	14128.59542	8902.770855	2353.126904	19172.53201	18164.00274	12672.45226	17845.28814	21394.92082	597.5694589	799.6695211	18550.60177	12870.31843	17086.26962	0	0	4768.915837	1769.112425	24492.14298	19046.98069	7800.043622	2076.346491	24478.85947	18632.60564	27385.58302	24018.46418	25063.58299	13892.92477	0	0	1372.370886	1372.370886	12920.31199	12415.1547	0	2053.28	20070.6107	16949.36773	13234.177	587.8126923	656.8004161	627.0485255	21744.80871	19446.94123	13855.82171	24441.85871	23988.927	4303.294766	2041.62776	25730.46241	20004.96957	186.1934834	169.5330102	11184.79362	14700.27914	13517.80589	13517.80589	13517.80589	6757.722476	6757.722476	6757.722476	12288.75508	13802.74956	12288.75508	11817.89611	13517.80589	14475.61608	14475.61608	14475.61608	578.9394405	20447.24286	416.672747	0	19054.14401	26436.33958	25496.25506	24394.66721	0	25747.70019	25426.14419	21573.9098	20085.27104	21853.90975	0	12776.37971	9902.445893	20906.31282	17570.00689	12874.83073	3659.173073	13767.33445	25426.14419	24243.05021	11066.46034	912.2788152	9137.876297	41.69867966	18351.79322	15627.76515	17297.63895	640.4622138	15608.26	3977.454705	4141.733639	12261.99187	12779.40066	23737.52332	3489.029639	5.519850592	2166.078607	1058.949516	10869.16297	16057.03596	18296.55891	2303.315958	1445.008444	2303.315958	1550.277714	128	22812.98945	16060.11654	6757.722476	13163.44245	27362.55541	7565.882821	246.6651156	712.9394473	16398.94218	3184.801054	24507.33254	14336.41037	23073.45808	4251.558619	2772.736194	9.491569453	471.041703	28712.71206	13689.76682	18210.86387	16017.62666	2920.553865	12068.72793	12706.25421	19701.65132	1391.689275	3816.061689	16165.30634	27457.2954	17652.5315	26407.26841	17652.5315	21437.31118	23839.74228	5319.157152	6137.56	15206.91726	11986.0036	2246.489824	26059.66961	0	23581.09254	11528.69004	0	1503.5	966.424733	1743.479475	2631.258761	249.0078472	18231.81538	166.9197719	12471.15846	13141.70854	30111.02262	24761.31162	22576.32151	408.8857976	22441.21254	10124.46726	16557.31259	345.1526418	6739.965261	6636.555767	6782.373578	23988.927	204.7329799	0	421.8550211	226.9355944	49129.20976	21354.45659	13101.01075	0	235.3541505	159.2015719	5275.985224	11302.22075	23485.77699	75.30526312	18765.79389	18765.79389	25451.09874	16171.4334	18104.45318	11278.35257	6028.302544	12387.24833	18818.65268	3276.243599	5953.187528	13541.60804	24403.80383	17801.05789	21075.93942	454.1799356	13389.74039	21901.71211	16303.9363	20697.88453	24110.04375	6749.724642	3646.369023	25483.76696
Plate2_2518R_0_M_S5_week9_S78_L001	18119.38213	0	88.57	4042.932756	14162.25075	24381.00757	1104.053334	0	590.4070006	15209.38031	16711.65171	17231.95892	11402.27053	98.41111111	19790.89111	21870.52332	19261.52098	583.3075516	15834.21901	14399.27196	15863.51057	18805.19765	16409.88456	27882.34396	264.0197758	630.4689541	437.1027364	24056.13435	10474.64621	9088.979428	17252.40987	9473.426093	11011.939	9859.866918	3676.288702	12763.24736	67.55938358	10572.27358	798.4846081	3676.288702	19776.54524	21694.88238	9204.288799	17831.05462	21957.53397	12060.03601	344.5659794	19619.11724	9740.169445	615.5799245	350.7682525	629.3824918	88.57	117.7005737	143.2268701	3392.495318	8259.792837	18477.44817	10546.28596	15203.89674	21834.47522	1300.179792	0	388.719082	347.3179458	13348.18232	193.7469115	2797.652157	15209.29477	21291.61537	4496.66606	0	0	1138.031456	21747.28181	2245.917782	2637.104536	1842.740784	5797.755899	390.7210836	3287.295579	845.7805637	1035.774833	7002.897546	22261.0557	11058.05354	7387.748455	1869.461029	16703.74624	15928.27348	11056.78412	15563.95278	18587.0241	431.4511308	573.2479444	16230.21371	12065.45679	15417.16637	0	0	1933.499819	609.2726124	21329.71697	16680.92202	6719.648782	1509.430075	21350.66185	15741.08956	23496.5591	20623.42998	21399.24056	12568.84755	0	0	487.7176282	487.7176282	10583.39313	10070.79658	0	1811.44	17095.35143	14635.21689	11063.25165	339.0383823	229.9546313	303.6176663	18828.88945	16836.75903	11855.52831	21296.00941	20656.61409	2838.545911	1362.376684	22191.02963	17080.89551	159.691516	117.5087864	9506.104422	12729.28365	11944.2489	11944.2489	11944.2489	6520.311119	6520.311119	6520.311119	10822.99882	11813.22255	10822.99882	10056.68775	11944.2489	12501.39367	12501.39367	12501.39367	207.7358521	17305.13972	289.4233103	0	17535.79932	24444.49607	22203.06865	23320.04347	0	22354.27639	21904.42726	18700.45681	17328.56813	18840.4009	0	11913.61728	8704.141209	17858.3841	13588.96205	10457.16268	3702.775707	11783.65056	21904.42726	22947.02868	8439.416901	592.0507624	6575.579166	44.64838511	16025.00585	13764.39193	15125.80479	453.5051037	14119.11	2111.186606	2171.917381	10458.82668	11148.18462	22301.88102	2424.131238	0	1320.829219	741.8353301	9793.547055	13647.03998	16155.31524	1622.884109	1010.571923	1622.884109	1284.503427	88.57	19822.17028	14467.64675	6520.311119	10986.39143	24400.43954	6258.876391	170.9600164	582.0460863	14489.17984	2624.847426	22098.01033	12245.78962	20021.04144	2828.785291	1303.601988	13.48194131	326.370988	23180.12829	11947.08274	15846.76103	13849.72198	1997.54793	10827.68081	11215.528	16962.04456	1051.28329	2655.201078	14052.72794	23343.87491	15367.07635	22284.32744	15367.07635	18467.3834	20514.08873	4724.459176	4808.4	12602.02097	10929.14572	1795.138059	23123.08444	0	20841.80825	9497.626261	0	1626	483.3318996	1839.89021	1076.652348	172.1075227	15189.49047	115.8117261	11342.5441	12310.14948	26553.6699	23236.58835	19517.07588	145.9528602	19571.08236	8314.10885	14828.95619	235.9731505	4969.649141	4773.776053	4846.902026	20656.61409	142.5918003	0	309.6156932	157.11043	42260.22401	18459.29825	11385.45374	0	193.8861007	110.3009812	3042.370511	9543.121775	22226.94942	54.27631573	15263.98206	15263.98206	23813.48045	14265.551	16097.49271	9811.235173	4746.127494	10561.25571	16630.11561	1391.523687	3972.494672	11855.57122	21522.80942	15792.75877	18066.73109	315.1441044	11373.72478	19545.5556	14415.16719	17821.94482	20512.51926	6077.938869	2485.001551	21834.47522
Plate2_3924R_L_F_S5_week9_S72_L001	21000.95602	0	161.57	5891.677758	16704.927	28236.27187	1729.308246	0	732.9782081	18071.4752	19943.86846	20235.97503	13198.35235	179.5222222	22489.25983	25469.91427	22441.41456	1030.628949	18150.24568	16452.44318	18941.19467	22099.68283	19282.82738	31849.05528	414.9917891	1088.894001	741.9665942	26241.90017	12367.53176	10899.09855	19871.41954	11062.71486	13251.26423	11218.43962	4570.235914	15249.6511	96.01537571	12933.74341	1177.246494	4570.235914	22734.5289	24250.7305	10451.72401	20725.44566	25171.8137	14099.92727	618.6868134	22849.28849	11400.18345	1101.751729	636.1612648	813.5507207	161.57	214.348201	253.3879771	4653.348697	8781.52339	21364.43694	12323.6366	17846.90495	25405.73488	2260.250291	0	529.2515459	626.0623882	15549.37417	345.774608	3604.918466	17410.65012	24319.64189	5284.006083	0	0	1934.364297	24900.91338	2595.516231	3049.19802	2446.671587	7052.908488	558.781332	3262.803374	889.2175882	1417.196995	6842.229037	25476.45782	13130.09636	8362.752212	2425.397068	19322.07482	18315.65669	12528.08039	17719.34378	21369.74917	699.5440036	909.5168561	18696.58564	13297.33145	17758.67335	0	0	2597.549465	803.9827964	24578.07948	18833.42835	8260.161074	2095.079774	24566.89337	18419.9609	27323.03169	23956.6352	24963.18272	13834.37581	0	0	649.6345137	649.6345137	12866.01717	12307.28986	0	2246.57	20262.69718	17020.37923	13482.93017	514.7339036	304.8498362	418.6230644	21827.58677	19515.3325	14005.73026	24448.8632	23597.84938	4175.411577	1980.338396	25636.8347	18701.80322	255.0239172	213.7532087	11570.94338	14917.97906	13923.19638	13923.19638	13923.19638	6546.618974	6546.618974	6546.618974	12733.27115	14015.34914	12733.27115	12192.64586	13923.19638	14692.69558	14692.69558	14692.69558	291.6285762	20856.96712	522.8055697	0	19588.50998	26815.75913	25477.37267	25049.30731	0	25875.87581	25489.5418	21614.35087	20470.45154	22129.19246	0	13410.04096	9397.566097	20676.7921	16356.09983	12323.48231	3179.124597	13909.10345	25489.5418	24750.99545	10021.7829	842.3445768	7186.759433	36.747669	18204.19072	15502.79123	17146.90121	784.4343622	16192.85	2619.871362	2691.557858	12508.63847	12920.42176	24466.43921	2624.578946	6.091222464	1853.017477	1303.669752	11057.82532	14742.36003	18650.75461	2828.217289	1795.140351	2828.217289	1324.824788	161.57	22885.32904	16634.80133	6546.618974	13208.72284	27387.02928	7266.91677	305.2052551	948.1626767	16963.98531	4105.19316	25084.3949	13992.42829	23316.77752	3817.030859	1727.842688	13.98063019	576.4578039	27740.33253	13895.48687	18344.31033	16450.68528	2153.784462	11941.29772	12766.65319	19603.0806	1068.280134	2880.599142	16321.90955	27192.93985	18239.61375	25893.04044	18239.61375	21756.46169	23985.79353	4349.632637	6089.36	14930.77223	12709.66321	2372.339657	26718.97275	0	23937.41127	11637.73851	0	1287.5	556.4462281	1480.331452	1438.971492	283.9988454	18030.11763	209.7467848	12760.53797	13808.15603	30125.01083	25217.61268	22800.47976	205.0579975	22732.48756	10257.25135	17149.91466	408.5993701	5927.655942	5722.933991	5834.794957	23597.84938	256.5961585	0	513.6356212	286.2229534	48550.64206	21556.96012	13231.67765	0	316.8106987	200.7835603	3856.070886	11391.23574	23970.12675	40.38382284	18040.08273	18040.08273	25894.18462	16351.99645	18338.86046	11602.64974	6185.166436	12312.91992	18934.50203	1861.296127	4311.354225	13226.44982	25494.71546	18134.77156	21328.08337	571.2657605	13528.24829	22497.53623	16064.62197	20599.56199	24384.27916	6325.579693	2926.907157	25405.73488
Plate2_3929R_0_F_S5_week9_S73_L001	21886.21887	0	127.57	5363.910482	16243.97002	28920.74529	1517.832502	0	738.9110065	19727.95322	21995.77605	21496.8104	10297.19861	141.7444444	18826.92172	26473.09947	20482.09304	829.4752232	18504.30559	15931.09541	19407.17164	23439.95779	19702.86121	30749.04818	362.0699739	892.5538855	619.1046083	25186.95376	11639.27521	11118.79005	19592.18016	9225.590998	14930.03018	10605.05318	3645.416414	12801.7901	138.3344847	13397.86575	1319.602149	3645.416414	22268.00071	18400.95582	10225.05918	21948.75702	25345.02903	13838.73578	483.9843799	21538.67712	11010.21476	881.6426452	503.7353689	1008.350295	127.57	169.2559577	194.6769081	3714.997309	6672.958141	22170.6059	10015.80957	20055.54156	26280.79659	1828.740731	0	331.0834106	496.6198267	14027.81494	268.0739238	3804.159143	17301.46908	22414.60094	5529.288013	0	0	1562.889536	25137.20577	2640.649403	3214.271829	2714.842624	7253.135473	688.6905119	3227.356125	1158.331848	1321.573559	8129.212234	26040.68951	13441.83718	7501.712603	2722.382182	19179.23294	18475.01981	9062.808978	16917.29538	22587.45104	577.3576353	791.4007446	19183.24336	10962.17335	17454.53455	0	0	1857.86655	464.002794	24142.63183	17420.69124	8724.889892	2327.244518	23891.62911	17784.45456	28245.0405	24740.82147	25835.99286	12062.5484	0	0	587.7031764	587.7031764	15103.97335	14579.64373	0	2326.16	21478.11913	14825.32801	15965.00147	367.8462329	247.0957659	353.443746	19727.83268	16028.6679	12024.93815	24300.26403	25525.92152	4304.443426	2185.18448	26207.67238	17369.01656	279.7291042	168.4050059	12769.69482	15556.20119	12871.98611	12858.07291	12858.07291	8310.582791	8310.582791	8310.582791	11361.07354	14752.26686	11361.07354	13378.85993	12858.07291	15382.57097	15382.57097	15382.57097	177.8428138	20525.98866	416.1448805	0	15961.02013	22198.89441	25174.58495	19202.30991	0	26051.02985	26007.8531	21443.38811	19849.29449	21768.61179	0	11726.56257	7905.832193	21291.73536	17218.71516	13268.09577	4545.430512	11912.44809	26007.8531	19393.48058	10580.01065	1006.391937	7267.849576	51.00720983	17273.75902	14136.54945	16122.53113	655.4878925	16421.39	2566.222917	2630.581059	11970.56129	8217.602265	19351.14664	2674.133277	0	2100.863297	1052.026996	8089.80051	13679.15247	18321.06537	2305.64393	1442.982651	2305.64393	1666.017649	127.57	23424.23325	16904.67152	8310.582791	15001.09182	26447.75599	5832.317132	242.9009557	914.7105884	16089.81124	3995.699017	25758.25244	11430.95561	23354.72252	4205.703634	1658.27862	17.47279602	466.9831991	28253.94024	11922.15094	17644.7337	16050.23148	2236.757279	9968.031852	11781.01573	20125.56963	1410.409335	2996.416619	15216.83827	28399.23343	17088.8626	26670.51036	17088.8626	21137.3175	23737.49177	5645.158975	6743.9	11782.0238	9459.180774	2436.67812	26745.5993	0	20953.49855	13916.81906	0	2004	400.1572181	2265.728108	918.5459001	233.133933	19648.92431	166.8236089	10453.88194	11780.65132	28532.24449	20198.56518	22400.30139	124.8215198	23600.53533	12519.8956	15924.07389	349.164759	6003.8226	5798.165117	5898.786835	25525.92152	205.044384	0	431.7237944	226.1724977	47424.68409	21620.81624	11903.85493	0	325.8783258	158.2724417	3221.473097	11089.71966	18873.98702	73.76131864	20270.59706	20270.59706	20751.9723	14941.9083	18974.00515	11980.66129	6717.58089	9168.432745	19229.65238	1305.894245	4707.367091	11792.08237	24467.71694	17907.18006	22065.9966	452.9670352	14222.49995	22700.99393	14225.45098	21327.58637	24078.94166	7772.654564	3114.954652	26280.79659
Plate3_2402R_R_F_S5_Pellet_week9_S5_L001	12332.67912	0	204	4552.301148	10199.56793	16364.64344	1171.579264	0	719.3414346	11603.43643	13061.24825	12552.62835	5669.281309	226.6666667	7775.477466	15058.23698	12368.04355	1187.773489	9966.368854	9007.861864	10807.63015	13677.69087	12209.71805	16349.60659	481.2271173	1275.621436	861.4285583	13344.40409	5307.617537	8239.422323	10605.91073	5636.390842	8865.233934	6423.467867	1884.549026	8276.288391	84.90732874	8912.717086	1266.840289	1884.549026	12209.83694	8135.448974	6880.280661	12407.69648	14160.1411	8499.254878	692.408295	12391.54984	6669.740997	1322.13162	784.6559021	707.493551	204	268.8416325	315.0470215	3939.925677	2418.930926	12334.00485	5841.067451	11937.60257	14991.64443	2374.259287	0	615.9036365	747.4731098	8067.005254	416.2863173	2907.880802	8743.203032	13457.19168	3945.617195	0	0	2156.833932	13154.52822	2017.72041	2564.942649	2160.506899	6173.867321	494.2138858	2025.5763	594.4779718	1605.962799	4356.960049	13797.47808	8927.262581	3014.731439	2075.357288	10305.97113	9805.200656	4782.483123	9279.816033	12816.71956	570.5169855	620.50765	10365.02633	4803.31412	8952.971738	0	0	2892.344767	921.7587792	13336.37709	9145.234512	4668.549544	1934.308269	13134.57853	10966.11946	16049.85817	14019.02437	14885.5048	5765.771337	0	0	721.7511846	721.7511846	9115.619492	8938.375314	0	1181.15	12099.98762	8450.627564	9294.848915	556.6802325	354.4513904	471.1569253	11000.29732	8990.579105	6956.019058	13460.12504	14222.93017	3868.149791	1692.272937	14555.73076	9746.696727	288.8418874	262.5195877	7126.20039	8356.899681	7587.802858	6398.926274	6398.926274	3941.95361	3941.95361	3941.95361	5588.772684	8063.980497	5588.772684	7463.414672	6398.926274	8299.001867	8299.001867	8299.001867	340.9532904	11312.25182	643.6307439	0	6529.689659	8876.201611	13755.06779	6952.691849	0	14376.33482	14593.50161	11885.83695	10980.33715	12070.75614	0	5830.714093	3835.92838	12103.11016	12451.99074	8181.257599	1785.811295	6890.784606	14593.50161	7100.073937	7473.385636	675.5733052	5018.259555	32.99717893	9437.588697	7644.699855	8795.654861	916.1387473	8313.13	2446.582891	2523.540394	6700.310653	4536.371159	7450.141084	1994.271681	6.285309364	1955.473378	1479.978546	4298.161782	7648.915408	9939.905373	3153.86192	2095.19166	3153.86192	845.1736355	204	12815.83834	8677.19404	3941.95361	8865.635287	13746.75858	2864.332252	367.1922323	1066.919105	8510.083189	4021.104006	13126.90215	5956.381434	12559.93677	3291.669317	1764.235919	15.94808269	697.2589318	18271.7974	6293.665036	9623.934928	8771.141175	1724.885845	4889.793729	5921.948833	11228.75247	833.8467203	2255.603625	8160.149683	16339.52923	9283.048512	15555.97298	9283.048512	11763.00857	13260.12695	2949.542542	5180.6	7504.584913	4169.299687	1535.656322	14190.1725	0	10871.10705	8223.516345	0	708.5	478.9136964	833.2947959	1432.831677	320.334367	11534.18816	261.920436	4779.392928	5787.338187	15233.48933	7649.034527	12399.87309	240.8749979	12951.0247	7533.011479	7888.793862	472.0342575	4317.16128	4372.057677	4545.801102	14222.93017	312.6219855	0	620.5641378	359.8969744	26527.92844	11896.61157	6311.937884	0	363.804415	248.2754903	3336.509558	6392.868848	6953.873451	60.10343484	12157.82222	12157.82222	7908.090676	8215.838303	9916.464599	6051.258117	4960.805712	5211.596623	10037.95093	1811.080633	3853.658837	6469.177252	12547.5532	9951.198435	12195.52637	706.0548161	7784.932557	11801.66336	7258.939084	12032.66341	13694.23083	3983.342461	2304.205912	14991.64443
Plate3_2475R_RL_M_S5_Pellet_week9_S6_L001	14773.35371	0	407.86	6001.732119	12394.91358	19415.88215	1938.434134	0	682.3262509	14052.29309	15888.96676	15218.45408	6886.335949	453.1777778	8718.80389	18053.55913	15080.29827	2131.538345	11724.94159	10724.19561	12816.92371	16581.24596	14791.28083	18985.49674	871.7000729	2322.981556	1511.053424	15444.52761	5867.911729	10200.19297	12597.11206	7014.600341	10772.34732	7916.236499	2278.06594	10011.06609	0	10676.01251	1781.973032	2278.06594	14516.80243	9918.894561	8658.335515	14946.70149	16953.0006	10553.1635	1246.232926	14950.99757	7912.850568	2492.653247	1526.136186	701.9550008	407.86	534.1218656	598.0757936	5316.968995	2335.113121	14691.47357	7097.85284	14538.09837	17979.91634	3948.41549	0	743.9593765	1404.332961	9757.542194	778.9394062	3946.105624	10059.24888	15819.82659	5772.572956	0	0	3738.853382	15120.19911	2693.268469	3516.196823	2926.840089	7875.202673	448.0156308	2413.006353	912.8445507	2787.743125	5264.854889	15942.00402	11205.14817	3646.299451	2697.236737	12146.49753	11560.3822	5385.212035	10941.94278	15511.43403	997.0645939	1051.048588	12264.35195	5226.984672	10515.05235	0	0	3983.152336	1106.668127	15917.92694	10611.73601	4556.69524	2540.542102	15664.575	13489.93755	19206.15962	16787.08421	17908.6568	6371.288358	0	0	942.4527882	942.4527882	11335.81962	11131.84983	0	1086.29	14633.28953	10175.85821	11320.70474	776.9177085	427.3614384	597.8020579	13188.6614	10626.49646	8487.720589	15749.52324	17005.52391	5429.779068	1939.149217	17274.45211	11312.26956	431.45507	510.0947175	8553.142544	9860.627554	9042.23674	7335.350363	7335.350363	4316.775189	4316.775189	4316.775189	6349.19224	9511.917303	6349.19224	8952.912175	7335.350363	9808.945909	9808.945909	9808.945909	430.7481896	13352.1847	1247.159083	0	6849.210744	9834.692054	16195.79029	7574.380551	0	17055.34741	17390.44681	14228.51039	13024.83186	14349.19933	0	6748.101409	4760.60001	14556.2716	15930.84819	10203.7613	1790.34292	8409.291426	17390.44681	7782.104552	9745.855235	609.8518082	5727.496838	40.55858989	11108.98921	8984.990761	10338.44867	1636.453441	9606.87	2787.755058	2861.623264	7702.211581	5650.365176	8243.168482	2249.673971	0	2663.701974	2618.653936	5210.068616	8843.319018	11834.44402	5493.977001	3829.219207	5493.977001	1341.651476	407.86	15188.34306	10075.47485	4316.775189	10928.1586	16285.73136	3838.828222	690.8560041	1808.397454	10486.03667	6126.746689	15880.62005	6769.771416	14698.28255	3652.522431	1962.400502	0	1304.758027	22719.8933	7401.58045	11347.18937	10354.58607	1938.221953	5437.469458	6670.997777	13387.60845	1245.502353	2544.855255	9629.693842	19590.22741	10982.55699	18742.5372	10982.55699	13990.84763	15820.74369	3544.86333	6682.25	8991.93544	4140.384725	1649.437885	16345.5379	0	12564.30226	10039.24909	0	689	513.9547565	811.9576314	1730.491672	532.654812	13961.44706	515.4409114	5423.380431	6705.376137	17822.95759	8428.058191	14753.12025	304.4806641	15466.65018	9211.146466	9402.61367	833.0514099	5533.528937	5562.749744	5798.958084	17005.52391	593.146322	0	1181.246471	715.738515	31632.75267	14072.58944	7423.815527	0	562.8006491	485.7433078	4459.097062	7697.529648	7645.186279	87.81508448	14790.38687	14790.38687	8721.286146	9914.8607	11729.63628	6964.666673	6483.125371	6297.006868	11793.39169	2376.403704	4688.096993	7664.298817	15101.77598	11921.89455	14495.70183	1375.417007	9150.771791	13947.66538	8336.03681	14403.21111	16541.25515	4334.430022	3518.45623	17979.91634
