Building DAG of jobs...
Using shell: /usr/bin/bash
Provided cores: 1 (use --cores to define parallelism)
Rules claiming more threads will be scaled down.
Provided resources: mem_mb=1000, mem_mib=954, disk_mb=1000, disk_mib=954
Select jobs to execute...

[Wed Jun  4 12:53:56 2025]
rule rawReadCount:
    input: /bulk/sycuro_bulk/daniel/diabetes/UC_UT_collaboration/GF_Mouse_Fecal_Pellet_FASTQ_Files/plate2/fastq
    output: plate2/dada2/rawReadCount.txt
    jobid: 0
    reason: Forced execution
    resources: mem_mb=1000, mem_mib=954, disk_mb=1000, disk_mib=954, tmpdir=/home/daniel.castanedamogo/tmp

Activating conda environment: QC
processed files:  0 / 180 [----] ETA: 0s
[1A[Jprocessed files:  0 / 180 [----] ETA: 0s
[1A[Jprocessed files:  0 / 180 [----] ETA: 0s
[1A[Jprocessed files:  0 / 180 [----] ETA: 0s
[1A[Jprocessed files:  0 / 180 [----] ETA: 0s
[1A[Jprocessed files:  0 / 180 [----] ETA: 0s
[1A[Jprocessed files:  0 / 180 [----] ETA: 0s
[1A[Jprocessed files:  0 / 180 [----] ETA: 0s
[1A[Jprocessed files:  0 / 180 [----] ETA: 0s
[1A[Jprocessed files:  0 / 180 [----] ETA: 0s
[1A[Jprocessed files:  0 / 180 [----] ETA: 0s
[1A[Jprocessed files:  0 / 180 [----] ETA: 0s
[1A[Jprocessed files:  0 / 180 [----] ETA: 0s
[1A[Jprocessed files:  0 / 180 [----] ETA: 0s
[1A[Jprocessed files:  0 / 180 [----] ETA: 0s
[1A[Jprocessed files:  0 / 180 [----] ETA: 0s
[1A[Jprocessed files:  0 / 180 [----] ETA: 0s
[1A[Jprocessed files:  0 / 180 [----] ETA: 0s
[1A[Jprocessed files:  1 / 180 [----] ETA: 0s
[1A[Jprocessed files:  1 / 180 [----] ETA: 0s
[1A[Jprocessed files:  1 / 180 [----] ETA: 0s
[1A[Jprocessed files:  1 / 180 [----] ETA: 0s
[1A[Jprocessed files:  1 / 180 [----] ETA: 0s
[1A[Jprocessed files:  1 / 180 [----] ETA: 0s
[1A[Jprocessed files:  1 / 180 [----] ETA: 0s
[1A[Jprocessed files:  1 / 180 [----] ETA: 0s
[1A[Jprocessed files:  1 / 180 [----] ETA: 0s
[1A[Jprocessed files:  1 / 180 [----] ETA: 0s
[1A[Jprocessed files:  1 / 180 [----] ETA: 0s
[1A[Jprocessed files:  1 / 180 [----] ETA: 0s
[1A[Jprocessed files:  1 / 180 [----] ETA: 0s
[1A[Jprocessed files:  1 / 180 [----] ETA: 0s
[1A[Jprocessed files:  1 / 180 [----] ETA: 0s
[1A[Jprocessed files:  1 / 180 [----] ETA: 0s
[1A[Jprocessed files:  1 / 180 [----] ETA: 0s
[1A[Jprocessed files:  1 / 180 [----] ETA: 0s
[1A[Jprocessed files:  1 / 180 [----] ETA: 0s
[1A[Jprocessed files:  2 / 180 [----] ETA: 0s
[1A[Jprocessed files:  2 / 180 [----] ETA: 0s
[1A[Jprocessed files:  2 / 180 [----] ETA: 0s
[1A[Jprocessed files:  2 / 180 [----] ETA: 0s
[1A[Jprocessed files:  2 / 180 [----] ETA: 0s
[1A[Jprocessed files:  2 / 180 [----] ETA: 0s
[1A[Jprocessed files:  2 / 180 [----] ETA: 0s
[1A[Jprocessed files:  2 / 180 [----] ETA: 0s
[1A[Jprocessed files:  2 / 180 [----] ETA: 0s
[1A[Jprocessed files:  2 / 180 [----] ETA: 0s
[1A[Jprocessed files:  2 / 180 [----] ETA: 0s
[1A[Jprocessed files:  2 / 180 [----] ETA: 0s
[1A[Jprocessed files:  2 / 180 [----] ETA: 0s
[1A[Jprocessed files:  2 / 180 [----] ETA: 0s
[1A[Jprocessed files:  2 / 180 [----] ETA: 0s
[1A[Jprocessed files:  2 / 180 [----] ETA: 0s
[1A[Jprocessed files:  2 / 180 [----] ETA: 0s
[1A[Jprocessed files:  3 / 180 [----] ETA: 0s
[1A[Jprocessed files:  3 / 180 [----] ETA: 0s
[1A[Jprocessed files:  3 / 180 [----] ETA: 0s
[1A[Jprocessed files:  3 / 180 [----] ETA: 0s
[1A[Jprocessed files:  3 / 180 [----] ETA: 0s
[1A[Jprocessed files:  3 / 180 [----] ETA: 0s
[1A[Jprocessed files:  3 / 180 [----] ETA: 0s
[1A[Jprocessed files:  3 / 180 [----] ETA: 0s
[1A[Jprocessed files:  3 / 180 [----] ETA: 0s
[1A[Jprocessed files:  3 / 180 [----] ETA: 0s
[1A[Jprocessed files:  3 / 180 [----] ETA: 0s
[1A[Jprocessed files:  3 / 180 [----] ETA: 0s
[1A[Jprocessed files:  3 / 180 [----] ETA: 0s
[1A[Jprocessed files:  3 / 180 [----] ETA: 0s
[1A[Jprocessed files:  3 / 180 [----] ETA: 0s
[1A[Jprocessed files:  3 / 180 [----] ETA: 0s
[1A[Jprocessed files:  3 / 180 [----] ETA: 0s
[1A[Jprocessed files:  4 / 180 [----] ETA: 0s
[1A[Jprocessed files:  4 / 180 [----] ETA: 0s
[1A[Jprocessed files:  4 / 180 [----] ETA: 0s
[1A[Jprocessed files:  4 / 180 [----] ETA: 0s
[1A[Jprocessed files:  4 / 180 [----] ETA: 0s
[1A[Jprocessed files:  4 / 180 [----] ETA: 0s
[1A[Jprocessed files:  4 / 180 [----] ETA: 0s
[1A[Jprocessed files:  4 / 180 [----] ETA: 0s
[1A[Jprocessed files:  4 / 180 [----] ETA: 0s
[1A[Jprocessed files:  4 / 180 [----] ETA: 0s
[1A[Jprocessed files:  4 / 180 [----] ETA: 0s
[1A[Jprocessed files:  4 / 180 [----] ETA: 0s
[1A[Jprocessed files:  4 / 180 [----] ETA: 0s
[1A[Jprocessed files:  4 / 180 [----] ETA: 0s
[1A[Jprocessed files:  4 / 180 [----] ETA: 0s
[1A[Jprocessed files:  4 / 180 [----] ETA: 0s
[1A[Jprocessed files:  4 / 180 [----] ETA: 0s
[1A[Jprocessed files:  5 / 180 [----] ETA: 0s
[1A[Jprocessed files:  5 / 180 [----] ETA: 0s
[1A[Jprocessed files:  5 / 180 [----] ETA: 0s
[1A[Jprocessed files:  5 / 180 [----] ETA: 0s
[1A[Jprocessed files:  5 / 180 [----] ETA: 0s
[1A[Jprocessed files:  5 / 180 [----] ETA: 0s
[1A[Jprocessed files:  5 / 180 [----] ETA: 0s
[1A[Jprocessed files:  5 / 180 [----] ETA: 0s
[1A[Jprocessed files:  5 / 180 [----] ETA: 0s
[1A[Jprocessed files:  5 / 180 [----] ETA: 0s
[1A[Jprocessed files:  5 / 180 [----] ETA: 0s
[1A[Jprocessed files:  5 / 180 [----] ETA: 0s
[1A[Jprocessed files:  5 / 180 [----] ETA: 0s
[1A[Jprocessed files:  5 / 180 [----] ETA: 0s
[1A[Jprocessed files:  5 / 180 [----] ETA: 0s
[1A[Jprocessed files:  5 / 180 [----] ETA: 0s
[1A[Jprocessed files:  5 / 180 [----] ETA: 0s
[1A[Jprocessed files:  6 / 180 [----] ETA: 0s
[1A[Jprocessed files:  6 / 180 [----] ETA: 0s
[1A[Jprocessed files:  6 / 180 [----] ETA: 0s
[1A[Jprocessed files:  6 / 180 [----] ETA: 0s
[1A[Jprocessed files:  6 / 180 [----] ETA: 0s
[1A[Jprocessed files:  6 / 180 [----] ETA: 0s
[1A[Jprocessed files:  6 / 180 [----] ETA: 0s
[1A[Jprocessed files:  6 / 180 [----] ETA: 0s
[1A[Jprocessed files:  6 / 180 [----] ETA: 0s
[1A[Jprocessed files:  6 / 180 [----] ETA: 0s
[1A[Jprocessed files:  6 / 180 [----] ETA: 0s
[1A[Jprocessed files:  6 / 180 [----] ETA: 0s
[1A[Jprocessed files:  6 / 180 [----] ETA: 0s
[1A[Jprocessed files:  6 / 180 [----] ETA: 0s
[1A[Jprocessed files:  6 / 180 [----] ETA: 0s
[1A[Jprocessed files:  7 / 180 [----] ETA: 0s
[1A[Jprocessed files:  7 / 180 [----] ETA: 0s
[1A[Jprocessed files:  7 / 180 [----] ETA: 0s
[1A[Jprocessed files:  7 / 180 [----] ETA: 0s
[1A[Jprocessed files:  7 / 180 [----] ETA: 0s
[1A[Jprocessed files:  7 / 180 [----] ETA: 0s
[1A[Jprocessed files:  7 / 180 [----] ETA: 0s
[1A[Jprocessed files:  7 / 180 [----] ETA: 0s
[1A[Jprocessed files:  7 / 180 [----] ETA: 0s
[1A[Jprocessed files:  7 / 180 [----] ETA: 0s
[1A[Jprocessed files:  7 / 180 [----] ETA: 0s
[1A[Jprocessed files:  7 / 180 [----] ETA: 0s
[1A[Jprocessed files:  7 / 180 [----] ETA: 0s
[1A[Jprocessed files:  7 / 180 [----] ETA: 0s
[1A[Jprocessed files:  7 / 180 [----] ETA: 0s
[1A[Jprocessed files:  8 / 180 [----] ETA: 0s
[1A[Jprocessed files:  8 / 180 [----] ETA: 0s
[1A[Jprocessed files:  8 / 180 [----] ETA: 0s
[1A[Jprocessed files:  8 / 180 [----] ETA: 0s
[1A[Jprocessed files:  8 / 180 [----] ETA: 0s
[1A[Jprocessed files:  8 / 180 [----] ETA: 0s
[1A[Jprocessed files:  8 / 180 [----] ETA: 0s
[1A[Jprocessed files:  8 / 180 [----] ETA: 0s
[1A[Jprocessed files:  8 / 180 [----] ETA: 0s
[1A[Jprocessed files:  8 / 180 [----] ETA: 0s
[1A[Jprocessed files:  8 / 180 [----] ETA: 0s
[1A[Jprocessed files:  8 / 180 [----] ETA: 0s
[1A[Jprocessed files:  8 / 180 [----] ETA: 0s
[1A[Jprocessed files:  8 / 180 [----] ETA: 0s
[1A[Jprocessed files:  8 / 180 [----] ETA: 0s
[1A[Jprocessed files:  8 / 180 [----] ETA: 0s
[1A[Jprocessed files:  9 / 180 [----] ETA: 0s
[1A[Jprocessed files:  9 / 180 [----] ETA: 0s
[1A[Jprocessed files:  9 / 180 [----] ETA: 0s
[1A[Jprocessed files:  9 / 180 [----] ETA: 0s
[1A[Jprocessed files:  9 / 180 [----] ETA: 0s
[1A[Jprocessed files:  9 / 180 [----] ETA: 0s
[1A[Jprocessed files:  9 / 180 [----] ETA: 0s
[1A[Jprocessed files:  9 / 180 [----] ETA: 0s
[1A[Jprocessed files:  9 / 180 [----] ETA: 0s
[1A[Jprocessed files:  9 / 180 [----] ETA: 0s
[1A[Jprocessed files:  9 / 180 [----] ETA: 0s
[1A[Jprocessed files:  9 / 180 [----] ETA: 0s
[1A[Jprocessed files:  9 / 180 [----] ETA: 0s
[1A[Jprocessed files:  9 / 180 [----] ETA: 0s
[1A[Jprocessed files:  9 / 180 [----] ETA: 0s
[1A[Jprocessed files:  9 / 180 [----] ETA: 0s
[1A[Jprocessed files:  10 / 180 [---] ETA: 0s
[1A[Jprocessed files:  10 / 180 [---] ETA: 0s
[1A[Jprocessed files:  10 / 180 [---] ETA: 0s
[1A[Jprocessed files:  10 / 180 [---] ETA: 0s
[1A[Jprocessed files:  10 / 180 [---] ETA: 0s
[1A[Jprocessed files:  10 / 180 [---] ETA: 0s
[1A[Jprocessed files:  10 / 180 [---] ETA: 0s
[1A[Jprocessed files:  10 / 180 [---] ETA: 0s
[1A[Jprocessed files:  10 / 180 [---] ETA: 0s
[1A[Jprocessed files:  10 / 180 [---] ETA: 0s
[1A[Jprocessed files:  10 / 180 [---] ETA: 0s
[1A[Jprocessed files:  10 / 180 [---] ETA: 0s
[1A[Jprocessed files:  10 / 180 [---] ETA: 0s
[1A[Jprocessed files:  10 / 180 [---] ETA: 0s
[1A[Jprocessed files:  10 / 180 [---] ETA: 0s
[1A[Jprocessed files:  10 / 180 [---] ETA: 0s
[1A[Jprocessed files:  10 / 180 [---] ETA: 0s
[1A[Jprocessed files:  10 / 180 [---] ETA: 0s
[1A[Jprocessed files:  11 / 180 [] ETA: 5m51s
[1A[Jprocessed files:  11 / 180 [] ETA: 5m51s
[1A[Jprocessed files:  11 / 180 [] ETA: 5m51s
[1A[Jprocessed files:  11 / 180 [] ETA: 5m51s
[1A[Jprocessed files:  11 / 180 [] ETA: 5m51s
[1A[Jprocessed files:  11 / 180 [] ETA: 5m51s
[1A[Jprocessed files:  11 / 180 [] ETA: 5m51s
[1A[Jprocessed files:  11 / 180 [] ETA: 5m51s
[1A[Jprocessed files:  11 / 180 [] ETA: 5m51s
[1A[Jprocessed files:  11 / 180 [] ETA: 5m51s
[1A[Jprocessed files:  11 / 180 [] ETA: 5m51s
[1A[Jprocessed files:  11 / 180 [] ETA: 5m51s
[1A[Jprocessed files:  11 / 180 [] ETA: 5m51s
[1A[Jprocessed files:  11 / 180 [] ETA: 5m51s
[1A[Jprocessed files:  11 / 180 [] ETA: 5m51s
[1A[Jprocessed files:  11 / 180 [] ETA: 5m51s
[1A[Jprocessed files:  11 / 180 [] ETA: 5m51s
[1A[Jprocessed files:  11 / 180 [] ETA: 5m51s
[1A[Jprocessed files:  11 / 180 [] ETA: 5m51s
[1A[Jprocessed files:  11 / 180 [] ETA: 5m51s
[1A[Jprocessed files:  12 / 180 [-] ETA: 6m5s
[1A[Jprocessed files:  12 / 180 [-] ETA: 6m5s
[1A[Jprocessed files:  12 / 180 [-] ETA: 6m5s
[1A[Jprocessed files:  12 / 180 [-] ETA: 6m5s
[1A[Jprocessed files:  12 / 180 [-] ETA: 6m5s
[1A[Jprocessed files:  12 / 180 [-] ETA: 6m5s
[1A[Jprocessed files:  12 / 180 [-] ETA: 6m5s
[1A[Jprocessed files:  12 / 180 [-] ETA: 6m5s
[1A[Jprocessed files:  12 / 180 [-] ETA: 6m5s
[1A[Jprocessed files:  12 / 180 [-] ETA: 6m5s
[1A[Jprocessed files:  12 / 180 [-] ETA: 6m5s
[1A[Jprocessed files:  12 / 180 [-] ETA: 6m5s
[1A[Jprocessed files:  12 / 180 [-] ETA: 6m5s
[1A[Jprocessed files:  12 / 180 [-] ETA: 6m5s
[1A[Jprocessed files:  12 / 180 [-] ETA: 6m5s
[1A[Jprocessed files:  12 / 180 [-] ETA: 6m5s
[1A[Jprocessed files:  12 / 180 [-] ETA: 6m5s
[1A[Jprocessed files:  12 / 180 [-] ETA: 6m5s
[1A[Jprocessed files:  12 / 180 [-] ETA: 6m5s
[1A[Jprocessed files:  12 / 180 [-] ETA: 6m5s
[1A[Jprocessed files:  12 / 180 [-] ETA: 6m5s
[1A[Jprocessed files:  12 / 180 [-] ETA: 6m5s
[1A[Jprocessed files:  13 / 180 [] ETA: 6m32s
[1A[Jprocessed files:  13 / 180 [] ETA: 6m32s
[1A[Jprocessed files:  13 / 180 [] ETA: 6m32s
[1A[Jprocessed files:  13 / 180 [] ETA: 6m32s
[1A[Jprocessed files:  13 / 180 [] ETA: 6m32s
[1A[Jprocessed files:  13 / 180 [] ETA: 6m32s
[1A[Jprocessed files:  13 / 180 [] ETA: 6m32s
[1A[Jprocessed files:  13 / 180 [] ETA: 6m32s
[1A[Jprocessed files:  13 / 180 [] ETA: 6m32s
[1A[Jprocessed files:  13 / 180 [] ETA: 6m32s
[1A[Jprocessed files:  13 / 180 [] ETA: 6m32s
[1A[Jprocessed files:  13 / 180 [] ETA: 6m32s
[1A[Jprocessed files:  13 / 180 [] ETA: 6m32s
[1A[Jprocessed files:  13 / 180 [] ETA: 6m32s
[1A[Jprocessed files:  13 / 180 [] ETA: 6m32s
[1A[Jprocessed files:  13 / 180 [] ETA: 6m32s
[1A[Jprocessed files:  13 / 180 [] ETA: 6m32s
[1A[Jprocessed files:  13 / 180 [] ETA: 6m32s
[1A[Jprocessed files:  13 / 180 [] ETA: 6m32s
[1A[Jprocessed files:  13 / 180 [] ETA: 6m32s
[1A[Jprocessed files:  13 / 180 [] ETA: 6m32s
[1A[Jprocessed files:  13 / 180 [] ETA: 6m32s
[1A[Jprocessed files:  13 / 180 [] ETA: 6m32s
[1A[Jprocessed files:  13 / 180 [] ETA: 6m32s
[1A[Jprocessed files:  14 / 180 [] ETA: 6m58s
[1A[Jprocessed files:  14 / 180 [] ETA: 6m58s
[1A[Jprocessed files:  14 / 180 [] ETA: 6m58s
[1A[Jprocessed files:  14 / 180 [] ETA: 6m58s
[1A[Jprocessed files:  14 / 180 [] ETA: 6m58s
[1A[Jprocessed files:  14 / 180 [] ETA: 6m58s
[1A[Jprocessed files:  14 / 180 [] ETA: 6m58s
[1A[Jprocessed files:  14 / 180 [] ETA: 6m58s
[1A[Jprocessed files:  14 / 180 [] ETA: 6m58s
[1A[Jprocessed files:  14 / 180 [] ETA: 6m58s
[1A[Jprocessed files:  14 / 180 [] ETA: 6m58s
[1A[Jprocessed files:  14 / 180 [] ETA: 6m58s
[1A[Jprocessed files:  14 / 180 [] ETA: 6m58s
[1A[Jprocessed files:  14 / 180 [] ETA: 6m58s
[1A[Jprocessed files:  14 / 180 [] ETA: 6m58s
[1A[Jprocessed files:  14 / 180 [] ETA: 6m58s
[1A[Jprocessed files:  14 / 180 [] ETA: 6m58s
[1A[Jprocessed files:  14 / 180 [] ETA: 6m58s
[1A[Jprocessed files:  14 / 180 [] ETA: 6m58s
[1A[Jprocessed files:  14 / 180 [] ETA: 6m58s
[1A[Jprocessed files:  14 / 180 [] ETA: 6m58s
[1A[Jprocessed files:  14 / 180 [] ETA: 6m58s
[1A[Jprocessed files:  14 / 180 [] ETA: 6m58s
[1A[Jprocessed files:  14 / 180 [] ETA: 6m58s
[1A[Jprocessed files:  14 / 180 [] ETA: 6m58s
[1A[Jprocessed files:  15 / 180 [] ETA: 7m21s
[1A[Jprocessed files:  15 / 180 [] ETA: 7m21s
[1A[Jprocessed files:  15 / 180 [] ETA: 7m21s
[1A[Jprocessed files:  15 / 180 [] ETA: 7m21s
[1A[Jprocessed files:  15 / 180 [] ETA: 7m21s
[1A[Jprocessed files:  15 / 180 [] ETA: 7m21s
[1A[Jprocessed files:  15 / 180 [] ETA: 7m21s
[1A[Jprocessed files:  15 / 180 [] ETA: 7m21s
[1A[Jprocessed files:  15 / 180 [] ETA: 7m21s
[1A[Jprocessed files:  15 / 180 [] ETA: 7m21s
[1A[Jprocessed files:  15 / 180 [] ETA: 7m21s
[1A[Jprocessed files:  15 / 180 [] ETA: 7m21s
[1A[Jprocessed files:  15 / 180 [] ETA: 7m21s
[1A[Jprocessed files:  15 / 180 [] ETA: 7m21s
[1A[Jprocessed files:  15 / 180 [] ETA: 7m21s
[1A[Jprocessed files:  15 / 180 [] ETA: 7m21s
[1A[Jprocessed files:  15 / 180 [] ETA: 7m21s
[1A[Jprocessed files:  15 / 180 [] ETA: 7m21s
[1A[Jprocessed files:  15 / 180 [] ETA: 7m21s
[1A[Jprocessed files:  15 / 180 [] ETA: 7m21s
[1A[Jprocessed files:  15 / 180 [] ETA: 7m21s
[1A[Jprocessed files:  15 / 180 [] ETA: 7m21s
[1A[Jprocessed files:  15 / 180 [] ETA: 7m21s
[1A[Jprocessed files:  15 / 180 [] ETA: 7m21s
[1A[Jprocessed files:  15 / 180 [] ETA: 7m21s
[1A[Jprocessed files:  15 / 180 [] ETA: 7m21s
[1A[Jprocessed files:  16 / 180 [] ETA: 7m44s
[1A[Jprocessed files:  16 / 180 [] ETA: 7m44s
[1A[Jprocessed files:  16 / 180 [] ETA: 7m44s
[1A[Jprocessed files:  16 / 180 [] ETA: 7m44s
[1A[Jprocessed files:  16 / 180 [] ETA: 7m44s
[1A[Jprocessed files:  16 / 180 [] ETA: 7m44s
[1A[Jprocessed files:  16 / 180 [] ETA: 7m44s
[1A[Jprocessed files:  16 / 180 [] ETA: 7m44s
[1A[Jprocessed files:  16 / 180 [] ETA: 7m44s
[1A[Jprocessed files:  16 / 180 [] ETA: 7m44s
[1A[Jprocessed files:  16 / 180 [] ETA: 7m44s
[1A[Jprocessed files:  16 / 180 [] ETA: 7m44s
[1A[Jprocessed files:  16 / 180 [] ETA: 7m44s
[1A[Jprocessed files:  16 / 180 [] ETA: 7m44s
[1A[Jprocessed files:  16 / 180 [] ETA: 7m44s
[1A[Jprocessed files:  16 / 180 [] ETA: 7m44s
[1A[Jprocessed files:  16 / 180 [] ETA: 7m44s
[1A[Jprocessed files:  16 / 180 [] ETA: 7m44s
[1A[Jprocessed files:  16 / 180 [] ETA: 7m44s
[1A[Jprocessed files:  16 / 180 [] ETA: 7m44s
[1A[Jprocessed files:  16 / 180 [] ETA: 7m44s
[1A[Jprocessed files:  16 / 180 [] ETA: 7m44s
[1A[Jprocessed files:  16 / 180 [] ETA: 7m44s
[1A[Jprocessed files:  17 / 180 [] ETA: 7m33s
[1A[Jprocessed files:  17 / 180 [] ETA: 7m33s
[1A[Jprocessed files:  17 / 180 [] ETA: 7m33s
[1A[Jprocessed files:  17 / 180 [] ETA: 7m33s
[1A[Jprocessed files:  17 / 180 [] ETA: 7m33s
[1A[Jprocessed files:  17 / 180 [] ETA: 7m33s
[1A[Jprocessed files:  17 / 180 [] ETA: 7m33s
[1A[Jprocessed files:  17 / 180 [] ETA: 7m33s
[1A[Jprocessed files:  17 / 180 [] ETA: 7m33s
[1A[Jprocessed files:  17 / 180 [] ETA: 7m33s
[1A[Jprocessed files:  17 / 180 [] ETA: 7m33s
[1A[Jprocessed files:  17 / 180 [] ETA: 7m33s
[1A[Jprocessed files:  17 / 180 [] ETA: 7m33s
[1A[Jprocessed files:  17 / 180 [] ETA: 7m33s
[1A[Jprocessed files:  17 / 180 [] ETA: 7m33s
[1A[Jprocessed files:  17 / 180 [] ETA: 7m33s
[1A[Jprocessed files:  17 / 180 [] ETA: 7m33s
[1A[Jprocessed files:  17 / 180 [] ETA: 7m33s
[1A[Jprocessed files:  17 / 180 [] ETA: 7m33s
[1A[Jprocessed files:  17 / 180 [] ETA: 7m33s
[1A[Jprocessed files:  17 / 180 [] ETA: 7m33s
[1A[Jprocessed files:  17 / 180 [] ETA: 7m33s
[1A[Jprocessed files:  17 / 180 [] ETA: 7m33s
[1A[Jprocessed files:  18 / 180 [] ETA: 7m33s
[1A[Jprocessed files:  18 / 180 [] ETA: 7m33s
[1A[Jprocessed files:  18 / 180 [] ETA: 7m33s
[1A[Jprocessed files:  18 / 180 [] ETA: 7m33s
[1A[Jprocessed files:  18 / 180 [] ETA: 7m33s
[1A[Jprocessed files:  18 / 180 [] ETA: 7m33s
[1A[Jprocessed files:  18 / 180 [] ETA: 7m33s
[1A[Jprocessed files:  18 / 180 [] ETA: 7m33s
[1A[Jprocessed files:  18 / 180 [] ETA: 7m33s
[1A[Jprocessed files:  18 / 180 [] ETA: 7m33s
[1A[Jprocessed files:  18 / 180 [] ETA: 7m33s
[1A[Jprocessed files:  18 / 180 [] ETA: 7m33s
[1A[Jprocessed files:  18 / 180 [] ETA: 7m33s
[1A[Jprocessed files:  18 / 180 [] ETA: 7m33s
[1A[Jprocessed files:  18 / 180 [] ETA: 7m33s
[1A[Jprocessed files:  18 / 180 [] ETA: 7m33s
[1A[Jprocessed files:  18 / 180 [] ETA: 7m33s
[1A[Jprocessed files:  18 / 180 [] ETA: 7m33s
[1A[Jprocessed files:  19 / 180 [] ETA: 6m55s
[1A[Jprocessed files:  19 / 180 [] ETA: 6m55s
[1A[Jprocessed files:  19 / 180 [] ETA: 6m55s
[1A[Jprocessed files:  19 / 180 [] ETA: 6m55s
[1A[Jprocessed files:  19 / 180 [] ETA: 6m55s
[1A[Jprocessed files:  19 / 180 [] ETA: 6m55s
[1A[Jprocessed files:  19 / 180 [] ETA: 6m55s
[1A[Jprocessed files:  19 / 180 [] ETA: 6m55s
[1A[Jprocessed files:  19 / 180 [] ETA: 6m55s
[1A[Jprocessed files:  19 / 180 [] ETA: 6m55s
[1A[Jprocessed files:  19 / 180 [] ETA: 6m55s
[1A[Jprocessed files:  19 / 180 [] ETA: 6m55s
[1A[Jprocessed files:  19 / 180 [] ETA: 6m55s
[1A[Jprocessed files:  19 / 180 [] ETA: 6m55s
[1A[Jprocessed files:  19 / 180 [] ETA: 6m55s
[1A[Jprocessed files:  19 / 180 [] ETA: 6m55s
[1A[Jprocessed files:  19 / 180 [] ETA: 6m55s
[1A[Jprocessed files:  19 / 180 [] ETA: 6m55s
[1A[Jprocessed files:  19 / 180 [] ETA: 6m55s
[1A[Jprocessed files:  20 / 180 [] ETA: 6m37s
[1A[Jprocessed files:  20 / 180 [] ETA: 6m37s
[1A[Jprocessed files:  20 / 180 [] ETA: 6m37s
[1A[Jprocessed files:  20 / 180 [] ETA: 6m37s
[1A[Jprocessed files:  20 / 180 [] ETA: 6m37s
[1A[Jprocessed files:  20 / 180 [] ETA: 6m37s
[1A[Jprocessed files:  20 / 180 [] ETA: 6m37s
[1A[Jprocessed files:  20 / 180 [] ETA: 6m37s
[1A[Jprocessed files:  20 / 180 [] ETA: 6m37s
[1A[Jprocessed files:  20 / 180 [] ETA: 6m37s
[1A[Jprocessed files:  20 / 180 [] ETA: 6m37s
[1A[Jprocessed files:  20 / 180 [] ETA: 6m37s
[1A[Jprocessed files:  20 / 180 [] ETA: 6m37s
[1A[Jprocessed files:  20 / 180 [] ETA: 6m37s
[1A[Jprocessed files:  20 / 180 [] ETA: 6m37s
[1A[Jprocessed files:  20 / 180 [] ETA: 6m37s
[1A[Jprocessed files:  20 / 180 [] ETA: 6m37s
[1A[Jprocessed files:  20 / 180 [] ETA: 6m37s
[1A[Jprocessed files:  20 / 180 [] ETA: 6m37s
[1A[Jprocessed files:  20 / 180 [] ETA: 6m37s
[1A[Jprocessed files:  20 / 180 [] ETA: 6m37s
[1A[Jprocessed files:  20 / 180 [] ETA: 6m37s
[1A[Jprocessed files:  21 / 180 [] ETA: 6m43s
[1A[Jprocessed files:  21 / 180 [] ETA: 6m43s
[1A[Jprocessed files:  21 / 180 [] ETA: 6m43s
[1A[Jprocessed files:  21 / 180 [] ETA: 6m43s
[1A[Jprocessed files:  21 / 180 [] ETA: 6m43s
[1A[Jprocessed files:  21 / 180 [] ETA: 6m43s
[1A[Jprocessed files:  21 / 180 [] ETA: 6m43s
[1A[Jprocessed files:  21 / 180 [] ETA: 6m43s
[1A[Jprocessed files:  21 / 180 [] ETA: 6m43s
[1A[Jprocessed files:  21 / 180 [] ETA: 6m43s
[1A[Jprocessed files:  21 / 180 [] ETA: 6m43s
[1A[Jprocessed files:  21 / 180 [] ETA: 6m43s
[1A[Jprocessed files:  21 / 180 [] ETA: 6m43s
[1A[Jprocessed files:  21 / 180 [] ETA: 6m43s
[1A[Jprocessed files:  21 / 180 [] ETA: 6m43s
[1A[Jprocessed files:  21 / 180 [] ETA: 6m43s
[1A[Jprocessed files:  21 / 180 [] ETA: 6m43s
[1A[Jprocessed files:  21 / 180 [] ETA: 6m43s
[1A[Jprocessed files:  21 / 180 [] ETA: 6m43s
[1A[Jprocessed files:  21 / 180 [] ETA: 6m43s
[1A[Jprocessed files:  21 / 180 [] ETA: 6m43s
[1A[Jprocessed files:  21 / 180 [] ETA: 6m43s
[1A[Jprocessed files:  21 / 180 [] ETA: 6m43s
[1A[Jprocessed files:  22 / 180 [] ETA: 6m52s
[1A[Jprocessed files:  22 / 180 [] ETA: 6m52s
[1A[Jprocessed files:  22 / 180 [] ETA: 6m52s
[1A[Jprocessed files:  22 / 180 [] ETA: 6m52s
[1A[Jprocessed files:  22 / 180 [] ETA: 6m52s
[1A[Jprocessed files:  22 / 180 [] ETA: 6m52s
[1A[Jprocessed files:  22 / 180 [] ETA: 6m52s
[1A[Jprocessed files:  22 / 180 [] ETA: 6m52s
[1A[Jprocessed files:  22 / 180 [] ETA: 6m52s
[1A[Jprocessed files:  22 / 180 [] ETA: 6m52s
[1A[Jprocessed files:  22 / 180 [] ETA: 6m52s
[1A[Jprocessed files:  22 / 180 [] ETA: 6m52s
[1A[Jprocessed files:  22 / 180 [] ETA: 6m52s
[1A[Jprocessed files:  22 / 180 [] ETA: 6m52s
[1A[Jprocessed files:  22 / 180 [] ETA: 6m52s
[1A[Jprocessed files:  22 / 180 [] ETA: 6m52s
[1A[Jprocessed files:  22 / 180 [] ETA: 6m52s
[1A[Jprocessed files:  22 / 180 [] ETA: 6m52s
[1A[Jprocessed files:  22 / 180 [] ETA: 6m52s
[1A[Jprocessed files:  22 / 180 [] ETA: 6m52s
[1A[Jprocessed files:  23 / 180 [] ETA: 6m38s
[1A[Jprocessed files:  23 / 180 [] ETA: 6m38s
[1A[Jprocessed files:  23 / 180 [] ETA: 6m38s
[1A[Jprocessed files:  23 / 180 [] ETA: 6m38s
[1A[Jprocessed files:  23 / 180 [] ETA: 6m38s
[1A[Jprocessed files:  23 / 180 [] ETA: 6m38s
[1A[Jprocessed files:  23 / 180 [] ETA: 6m38s
[1A[Jprocessed files:  23 / 180 [] ETA: 6m38s
[1A[Jprocessed files:  23 / 180 [] ETA: 6m38s
[1A[Jprocessed files:  23 / 180 [] ETA: 6m38s
[1A[Jprocessed files:  23 / 180 [] ETA: 6m38s
[1A[Jprocessed files:  23 / 180 [] ETA: 6m38s
[1A[Jprocessed files:  23 / 180 [] ETA: 6m38s
[1A[Jprocessed files:  23 / 180 [] ETA: 6m38s
[1A[Jprocessed files:  23 / 180 [] ETA: 6m38s
[1A[Jprocessed files:  23 / 180 [] ETA: 6m38s
[1A[Jprocessed files:  23 / 180 [] ETA: 6m38s
[1A[Jprocessed files:  23 / 180 [] ETA: 6m38s
[1A[Jprocessed files:  23 / 180 [] ETA: 6m38s
[1A[Jprocessed files:  23 / 180 [] ETA: 6m38s
[1A[Jprocessed files:  23 / 180 [] ETA: 6m38s
[1A[Jprocessed files:  24 / 180 [] ETA: 6m35s
[1A[Jprocessed files:  24 / 180 [] ETA: 6m35s
[1A[Jprocessed files:  24 / 180 [] ETA: 6m35s
[1A[Jprocessed files:  24 / 180 [] ETA: 6m35s
[1A[Jprocessed files:  24 / 180 [] ETA: 6m35s
[1A[Jprocessed files:  24 / 180 [] ETA: 6m35s
[1A[Jprocessed files:  24 / 180 [] ETA: 6m35s
[1A[Jprocessed files:  24 / 180 [] ETA: 6m35s
[1A[Jprocessed files:  24 / 180 [] ETA: 6m35s
[1A[Jprocessed files:  24 / 180 [] ETA: 6m35s
[1A[Jprocessed files:  24 / 180 [] ETA: 6m35s
[1A[Jprocessed files:  24 / 180 [] ETA: 6m35s
[1A[Jprocessed files:  24 / 180 [] ETA: 6m35s
[1A[Jprocessed files:  24 / 180 [] ETA: 6m35s
[1A[Jprocessed files:  24 / 180 [] ETA: 6m35s
[1A[Jprocessed files:  24 / 180 [] ETA: 6m35s
[1A[Jprocessed files:  24 / 180 [] ETA: 6m35s
[1A[Jprocessed files:  25 / 180 [-] ETA: 6m6s
[1A[Jprocessed files:  25 / 180 [-] ETA: 6m6s
[1A[Jprocessed files:  25 / 180 [-] ETA: 6m6s
[1A[Jprocessed files:  25 / 180 [-] ETA: 6m6s
[1A[Jprocessed files:  25 / 180 [-] ETA: 6m6s
[1A[Jprocessed files:  25 / 180 [-] ETA: 6m6s
[1A[Jprocessed files:  25 / 180 [-] ETA: 6m6s
[1A[Jprocessed files:  25 / 180 [-] ETA: 6m6s
[1A[Jprocessed files:  25 / 180 [-] ETA: 6m6s
[1A[Jprocessed files:  25 / 180 [-] ETA: 6m6s
[1A[Jprocessed files:  25 / 180 [-] ETA: 6m6s
[1A[Jprocessed files:  25 / 180 [-] ETA: 6m6s
[1A[Jprocessed files:  25 / 180 [-] ETA: 6m6s
[1A[Jprocessed files:  25 / 180 [-] ETA: 6m6s
[1A[Jprocessed files:  25 / 180 [-] ETA: 6m6s
[1A[Jprocessed files:  25 / 180 [-] ETA: 6m6s
[1A[Jprocessed files:  25 / 180 [-] ETA: 6m6s
[1A[Jprocessed files:  25 / 180 [-] ETA: 6m6s
[1A[Jprocessed files:  26 / 180 [] ETA: 5m52s
[1A[Jprocessed files:  26 / 180 [] ETA: 5m52s
[1A[Jprocessed files:  26 / 180 [] ETA: 5m52s
[1A[Jprocessed files:  26 / 180 [] ETA: 5m52s
[1A[Jprocessed files:  26 / 180 [] ETA: 5m52s
[1A[Jprocessed files:  26 / 180 [] ETA: 5m52s
[1A[Jprocessed files:  26 / 180 [] ETA: 5m52s
[1A[Jprocessed files:  26 / 180 [] ETA: 5m52s
[1A[Jprocessed files:  26 / 180 [] ETA: 5m52s
[1A[Jprocessed files:  26 / 180 [] ETA: 5m52s
[1A[Jprocessed files:  26 / 180 [] ETA: 5m52s
[1A[Jprocessed files:  26 / 180 [] ETA: 5m52s
[1A[Jprocessed files:  26 / 180 [] ETA: 5m52s
[1A[Jprocessed files:  26 / 180 [] ETA: 5m52s
[1A[Jprocessed files:  26 / 180 [] ETA: 5m52s
[1A[Jprocessed files:  26 / 180 [] ETA: 5m52s
[1A[Jprocessed files:  26 / 180 [] ETA: 5m52s
[1A[Jprocessed files:  27 / 180 [] ETA: 5m36s
[1A[Jprocessed files:  27 / 180 [] ETA: 5m36s
[1A[Jprocessed files:  27 / 180 [] ETA: 5m36s
[1A[Jprocessed files:  27 / 180 [] ETA: 5m36s
[1A[Jprocessed files:  27 / 180 [] ETA: 5m36s
[1A[Jprocessed files:  27 / 180 [] ETA: 5m36s
[1A[Jprocessed files:  27 / 180 [] ETA: 5m36s
[1A[Jprocessed files:  27 / 180 [] ETA: 5m36s
[1A[Jprocessed files:  27 / 180 [] ETA: 5m36s
[1A[Jprocessed files:  27 / 180 [] ETA: 5m36s
[1A[Jprocessed files:  27 / 180 [] ETA: 5m36s
[1A[Jprocessed files:  27 / 180 [] ETA: 5m36s
[1A[Jprocessed files:  27 / 180 [] ETA: 5m36s
[1A[Jprocessed files:  27 / 180 [] ETA: 5m36s
[1A[Jprocessed files:  27 / 180 [] ETA: 5m36s
[1A[Jprocessed files:  27 / 180 [] ETA: 5m36s
[1A[Jprocessed files:  27 / 180 [] ETA: 5m36s
[1A[Jprocessed files:  27 / 180 [] ETA: 5m36s
[1A[Jprocessed files:  28 / 180 [] ETA: 5m31s
[1A[Jprocessed files:  28 / 180 [] ETA: 5m31s
[1A[Jprocessed files:  28 / 180 [] ETA: 5m31s
[1A[Jprocessed files:  28 / 180 [] ETA: 5m31s
[1A[Jprocessed files:  28 / 180 [] ETA: 5m31s
[1A[Jprocessed files:  28 / 180 [] ETA: 5m31s
[1A[Jprocessed files:  28 / 180 [] ETA: 5m31s
[1A[Jprocessed files:  28 / 180 [] ETA: 5m31s
[1A[Jprocessed files:  28 / 180 [] ETA: 5m31s
[1A[Jprocessed files:  28 / 180 [] ETA: 5m31s
[1A[Jprocessed files:  28 / 180 [] ETA: 5m31s
[1A[Jprocessed files:  28 / 180 [] ETA: 5m31s
[1A[Jprocessed files:  28 / 180 [] ETA: 5m31s
[1A[Jprocessed files:  28 / 180 [] ETA: 5m31s
[1A[Jprocessed files:  28 / 180 [] ETA: 5m31s
[1A[Jprocessed files:  28 / 180 [] ETA: 5m31s
[1A[Jprocessed files:  28 / 180 [] ETA: 5m31s
[1A[Jprocessed files:  29 / 180 [] ETA: 5m25s
[1A[Jprocessed files:  29 / 180 [] ETA: 5m25s
[1A[Jprocessed files:  29 / 180 [] ETA: 5m25s
[1A[Jprocessed files:  29 / 180 [] ETA: 5m25s
[1A[Jprocessed files:  29 / 180 [] ETA: 5m25s
[1A[Jprocessed files:  29 / 180 [] ETA: 5m25s
[1A[Jprocessed files:  29 / 180 [] ETA: 5m25s
[1A[Jprocessed files:  29 / 180 [] ETA: 5m25s
[1A[Jprocessed files:  29 / 180 [] ETA: 5m25s
[1A[Jprocessed files:  29 / 180 [] ETA: 5m25s
[1A[Jprocessed files:  29 / 180 [] ETA: 5m25s
[1A[Jprocessed files:  29 / 180 [] ETA: 5m25s
[1A[Jprocessed files:  29 / 180 [] ETA: 5m25s
[1A[Jprocessed files:  29 / 180 [] ETA: 5m25s
[1A[Jprocessed files:  29 / 180 [] ETA: 5m25s
[1A[Jprocessed files:  29 / 180 [] ETA: 5m25s
[1A[Jprocessed files:  29 / 180 [] ETA: 5m25s
[1A[Jprocessed files:  29 / 180 [] ETA: 5m25s
[1A[Jprocessed files:  29 / 180 [] ETA: 5m25s
[1A[Jprocessed files:  30 / 180 [] ETA: 5m27s
[1A[Jprocessed files:  30 / 180 [] ETA: 5m27s
[1A[Jprocessed files:  30 / 180 [] ETA: 5m27s
[1A[Jprocessed files:  30 / 180 [] ETA: 5m27s
[1A[Jprocessed files:  30 / 180 [] ETA: 5m27s
[1A[Jprocessed files:  30 / 180 [] ETA: 5m27s
[1A[Jprocessed files:  30 / 180 [] ETA: 5m27s
[1A[Jprocessed files:  30 / 180 [] ETA: 5m27s
[1A[Jprocessed files:  30 / 180 [] ETA: 5m27s
[1A[Jprocessed files:  30 / 180 [] ETA: 5m27s
[1A[Jprocessed files:  30 / 180 [] ETA: 5m27s
[1A[Jprocessed files:  30 / 180 [] ETA: 5m27s
[1A[Jprocessed files:  30 / 180 [] ETA: 5m27s
[1A[Jprocessed files:  30 / 180 [] ETA: 5m27s
[1A[Jprocessed files:  30 / 180 [] ETA: 5m27s
[1A[Jprocessed files:  30 / 180 [] ETA: 5m27s
[1A[Jprocessed files:  30 / 180 [] ETA: 5m27s
[1A[Jprocessed files:  30 / 180 [] ETA: 5m27s
[1A[Jprocessed files:  30 / 180 [] ETA: 5m27s
[1A[Jprocessed files:  30 / 180 [] ETA: 5m27s
[1A[Jprocessed files:  30 / 180 [] ETA: 5m27s
[1A[Jprocessed files:  31 / 180 [] ETA: 5m40s
[1A[Jprocessed files:  31 / 180 [] ETA: 5m40s
[1A[Jprocessed files:  31 / 180 [] ETA: 5m40s
[1A[Jprocessed files:  31 / 180 [] ETA: 5m40s
[1A[Jprocessed files:  31 / 180 [] ETA: 5m40s
[1A[Jprocessed files:  31 / 180 [] ETA: 5m40s
[1A[Jprocessed files:  31 / 180 [] ETA: 5m40s
[1A[Jprocessed files:  31 / 180 [] ETA: 5m40s
[1A[Jprocessed files:  31 / 180 [] ETA: 5m40s
[1A[Jprocessed files:  31 / 180 [] ETA: 5m40s
[1A[Jprocessed files:  31 / 180 [] ETA: 5m40s
[1A[Jprocessed files:  31 / 180 [] ETA: 5m40s
[1A[Jprocessed files:  31 / 180 [] ETA: 5m40s
[1A[Jprocessed files:  31 / 180 [] ETA: 5m40s
[1A[Jprocessed files:  31 / 180 [] ETA: 5m40s
[1A[Jprocessed files:  31 / 180 [] ETA: 5m40s
[1A[Jprocessed files:  31 / 180 [] ETA: 5m40s
[1A[Jprocessed files:  31 / 180 [] ETA: 5m40s
[1A[Jprocessed files:  31 / 180 [] ETA: 5m40s
[1A[Jprocessed files:  31 / 180 [] ETA: 5m40s
[1A[Jprocessed files:  31 / 180 [] ETA: 5m40s
[1A[Jprocessed files:  32 / 180 [] ETA: 5m54s
[1A[Jprocessed files:  32 / 180 [] ETA: 5m54s
[1A[Jprocessed files:  32 / 180 [] ETA: 5m54s
[1A[Jprocessed files:  32 / 180 [] ETA: 5m54s
[1A[Jprocessed files:  32 / 180 [] ETA: 5m54s
[1A[Jprocessed files:  32 / 180 [] ETA: 5m54s
[1A[Jprocessed files:  32 / 180 [] ETA: 5m54s
[1A[Jprocessed files:  32 / 180 [] ETA: 5m54s
[1A[Jprocessed files:  32 / 180 [] ETA: 5m54s
[1A[Jprocessed files:  32 / 180 [] ETA: 5m54s
[1A[Jprocessed files:  32 / 180 [] ETA: 5m54s
[1A[Jprocessed files:  32 / 180 [] ETA: 5m54s
[1A[Jprocessed files:  32 / 180 [] ETA: 5m54s
[1A[Jprocessed files:  32 / 180 [] ETA: 5m54s
[1A[Jprocessed files:  32 / 180 [] ETA: 5m54s
[1A[Jprocessed files:  32 / 180 [] ETA: 5m54s
[1A[Jprocessed files:  32 / 180 [] ETA: 5m54s
[1A[Jprocessed files:  32 / 180 [] ETA: 5m54s
[1A[Jprocessed files:  32 / 180 [] ETA: 5m54s
[1A[Jprocessed files:  32 / 180 [] ETA: 5m54s
[1A[Jprocessed files:  32 / 180 [] ETA: 5m54s
[1A[Jprocessed files:  33 / 180 [] ETA: 5m56s
[1A[Jprocessed files:  33 / 180 [] ETA: 5m56s
[1A[Jprocessed files:  33 / 180 [] ETA: 5m56s
[1A[Jprocessed files:  33 / 180 [] ETA: 5m56s
[1A[Jprocessed files:  33 / 180 [] ETA: 5m56s
[1A[Jprocessed files:  33 / 180 [] ETA: 5m56s
[1A[Jprocessed files:  33 / 180 [] ETA: 5m56s
[1A[Jprocessed files:  33 / 180 [] ETA: 5m56s
[1A[Jprocessed files:  33 / 180 [] ETA: 5m56s
[1A[Jprocessed files:  33 / 180 [] ETA: 5m56s
[1A[Jprocessed files:  33 / 180 [] ETA: 5m56s
[1A[Jprocessed files:  33 / 180 [] ETA: 5m56s
[1A[Jprocessed files:  33 / 180 [] ETA: 5m56s
[1A[Jprocessed files:  33 / 180 [] ETA: 5m56s
[1A[Jprocessed files:  33 / 180 [] ETA: 5m56s
[1A[Jprocessed files:  33 / 180 [] ETA: 5m56s
[1A[Jprocessed files:  33 / 180 [] ETA: 5m56s
[1A[Jprocessed files:  33 / 180 [] ETA: 5m56s
[1A[Jprocessed files:  33 / 180 [] ETA: 5m56s
[1A[Jprocessed files:  33 / 180 [] ETA: 5m56s
[1A[Jprocessed files:  33 / 180 [] ETA: 5m56s
[1A[Jprocessed files:  33 / 180 [] ETA: 5m56s
[1A[Jprocessed files:  34 / 180 [-] ETA: 6m2s
[1A[Jprocessed files:  34 / 180 [-] ETA: 6m2s
[1A[Jprocessed files:  34 / 180 [-] ETA: 6m2s
[1A[Jprocessed files:  34 / 180 [-] ETA: 6m2s
[1A[Jprocessed files:  34 / 180 [-] ETA: 6m2s
[1A[Jprocessed files:  34 / 180 [-] ETA: 6m2s
[1A[Jprocessed files:  34 / 180 [-] ETA: 6m2s
[1A[Jprocessed files:  34 / 180 [-] ETA: 6m2s
[1A[Jprocessed files:  34 / 180 [-] ETA: 6m2s
[1A[Jprocessed files:  34 / 180 [-] ETA: 6m2s
[1A[Jprocessed files:  34 / 180 [-] ETA: 6m2s
[1A[Jprocessed files:  34 / 180 [-] ETA: 6m2s
[1A[Jprocessed files:  34 / 180 [-] ETA: 6m2s
[1A[Jprocessed files:  34 / 180 [-] ETA: 6m2s
[1A[Jprocessed files:  34 / 180 [-] ETA: 6m2s
[1A[Jprocessed files:  34 / 180 [-] ETA: 6m2s
[1A[Jprocessed files:  34 / 180 [-] ETA: 6m2s
[1A[Jprocessed files:  34 / 180 [-] ETA: 6m2s
[1A[Jprocessed files:  34 / 180 [-] ETA: 6m2s
[1A[Jprocessed files:  34 / 180 [-] ETA: 6m2s
[1A[Jprocessed files:  34 / 180 [-] ETA: 6m2s
[1A[Jprocessed files:  35 / 180 [-] ETA: 6m0s
[1A[Jprocessed files:  35 / 180 [-] ETA: 6m0s
[1A[Jprocessed files:  35 / 180 [-] ETA: 6m0s
[1A[Jprocessed files:  35 / 180 [-] ETA: 6m0s
[1A[Jprocessed files:  35 / 180 [-] ETA: 6m0s
[1A[Jprocessed files:  35 / 180 [-] ETA: 6m0s
[1A[Jprocessed files:  35 / 180 [-] ETA: 6m0s
[1A[Jprocessed files:  35 / 180 [-] ETA: 6m0s
[1A[Jprocessed files:  35 / 180 [-] ETA: 6m0s
[1A[Jprocessed files:  35 / 180 [-] ETA: 6m0s
[1A[Jprocessed files:  35 / 180 [-] ETA: 6m0s
[1A[Jprocessed files:  35 / 180 [-] ETA: 6m0s
[1A[Jprocessed files:  35 / 180 [-] ETA: 6m0s
[1A[Jprocessed files:  35 / 180 [-] ETA: 6m0s
[1A[Jprocessed files:  35 / 180 [-] ETA: 6m0s
[1A[Jprocessed files:  35 / 180 [-] ETA: 6m0s
[1A[Jprocessed files:  35 / 180 [-] ETA: 6m0s
[1A[Jprocessed files:  35 / 180 [-] ETA: 6m0s
[1A[Jprocessed files:  35 / 180 [-] ETA: 6m0s
[1A[Jprocessed files:  35 / 180 [-] ETA: 6m0s
[1A[Jprocessed files:  35 / 180 [-] ETA: 6m0s
[1A[Jprocessed files:  35 / 180 [-] ETA: 6m0s
[1A[Jprocessed files:  36 / 180 [-] ETA: 6m6s
[1A[Jprocessed files:  36 / 180 [-] ETA: 6m6s
[1A[Jprocessed files:  36 / 180 [-] ETA: 6m6s
[1A[Jprocessed files:  36 / 180 [-] ETA: 6m6s
[1A[Jprocessed files:  36 / 180 [-] ETA: 6m6s
[1A[Jprocessed files:  36 / 180 [-] ETA: 6m6s
[1A[Jprocessed files:  36 / 180 [-] ETA: 6m6s
[1A[Jprocessed files:  36 / 180 [-] ETA: 6m6s
[1A[Jprocessed files:  36 / 180 [-] ETA: 6m6s
[1A[Jprocessed files:  36 / 180 [-] ETA: 6m6s
[1A[Jprocessed files:  36 / 180 [-] ETA: 6m6s
[1A[Jprocessed files:  36 / 180 [-] ETA: 6m6s
[1A[Jprocessed files:  36 / 180 [-] ETA: 6m6s
[1A[Jprocessed files:  36 / 180 [-] ETA: 6m6s
[1A[Jprocessed files:  36 / 180 [-] ETA: 6m6s
[1A[Jprocessed files:  36 / 180 [-] ETA: 6m6s
[1A[Jprocessed files:  36 / 180 [-] ETA: 6m6s
[1A[Jprocessed files:  37 / 180 [] ETA: 5m40s
[1A[Jprocessed files:  37 / 180 [] ETA: 5m40s
[1A[Jprocessed files:  37 / 180 [] ETA: 5m40s
[1A[Jprocessed files:  37 / 180 [] ETA: 5m40s
[1A[Jprocessed files:  37 / 180 [] ETA: 5m40s
[1A[Jprocessed files:  37 / 180 [] ETA: 5m40s
[1A[Jprocessed files:  37 / 180 [] ETA: 5m40s
[1A[Jprocessed files:  37 / 180 [] ETA: 5m40s
[1A[Jprocessed files:  37 / 180 [] ETA: 5m40s
[1A[Jprocessed files:  37 / 180 [] ETA: 5m40s
[1A[Jprocessed files:  37 / 180 [] ETA: 5m40s
[1A[Jprocessed files:  37 / 180 [] ETA: 5m40s
[1A[Jprocessed files:  37 / 180 [] ETA: 5m40s
[1A[Jprocessed files:  37 / 180 [] ETA: 5m40s
[1A[Jprocessed files:  37 / 180 [] ETA: 5m40s
[1A[Jprocessed files:  37 / 180 [] ETA: 5m40s
[1A[Jprocessed files:  37 / 180 [] ETA: 5m40s
[1A[Jprocessed files:  37 / 180 [] ETA: 5m40s
[1A[Jprocessed files:  38 / 180 [] ETA: 5m29s
[1A[Jprocessed files:  38 / 180 [] ETA: 5m29s
[1A[Jprocessed files:  38 / 180 [] ETA: 5m29s
[1A[Jprocessed files:  38 / 180 [] ETA: 5m29s
[1A[Jprocessed files:  38 / 180 [] ETA: 5m29s
[1A[Jprocessed files:  38 / 180 [] ETA: 5m29s
[1A[Jprocessed files:  38 / 180 [] ETA: 5m29s
[1A[Jprocessed files:  38 / 180 [] ETA: 5m29s
[1A[Jprocessed files:  38 / 180 [] ETA: 5m29s
[1A[Jprocessed files:  38 / 180 [] ETA: 5m29s
[1A[Jprocessed files:  38 / 180 [] ETA: 5m29s
[1A[Jprocessed files:  38 / 180 [] ETA: 5m29s
[1A[Jprocessed files:  38 / 180 [] ETA: 5m29s
[1A[Jprocessed files:  38 / 180 [] ETA: 5m29s
[1A[Jprocessed files:  38 / 180 [] ETA: 5m29s
[1A[Jprocessed files:  38 / 180 [] ETA: 5m29s
[1A[Jprocessed files:  38 / 180 [] ETA: 5m29s
[1A[Jprocessed files:  39 / 180 [] ETA: 5m14s
[1A[Jprocessed files:  39 / 180 [] ETA: 5m14s
[1A[Jprocessed files:  39 / 180 [] ETA: 5m14s
[1A[Jprocessed files:  39 / 180 [] ETA: 5m14s
[1A[Jprocessed files:  39 / 180 [] ETA: 5m14s
[1A[Jprocessed files:  39 / 180 [] ETA: 5m14s
[1A[Jprocessed files:  39 / 180 [] ETA: 5m14s
[1A[Jprocessed files:  39 / 180 [] ETA: 5m14s
[1A[Jprocessed files:  39 / 180 [] ETA: 5m14s
[1A[Jprocessed files:  39 / 180 [] ETA: 5m14s
[1A[Jprocessed files:  39 / 180 [] ETA: 5m14s
[1A[Jprocessed files:  39 / 180 [] ETA: 5m14s
[1A[Jprocessed files:  39 / 180 [] ETA: 5m14s
[1A[Jprocessed files:  39 / 180 [] ETA: 5m14s
[1A[Jprocessed files:  39 / 180 [] ETA: 5m14s
[1A[Jprocessed files:  39 / 180 [] ETA: 5m14s
[1A[Jprocessed files:  39 / 180 [] ETA: 5m14s
[1A[Jprocessed files:  39 / 180 [] ETA: 5m14s
[1A[Jprocessed files:  40 / 180 [-] ETA: 5m9s
[1A[Jprocessed files:  40 / 180 [-] ETA: 5m9s
[1A[Jprocessed files:  40 / 180 [-] ETA: 5m9s
[1A[Jprocessed files:  40 / 180 [-] ETA: 5m9s
[1A[Jprocessed files:  40 / 180 [-] ETA: 5m9s
[1A[Jprocessed files:  40 / 180 [-] ETA: 5m9s
[1A[Jprocessed files:  40 / 180 [-] ETA: 5m9s
[1A[Jprocessed files:  40 / 180 [-] ETA: 5m9s
[1A[Jprocessed files:  40 / 180 [-] ETA: 5m9s
[1A[Jprocessed files:  40 / 180 [-] ETA: 5m9s
[1A[Jprocessed files:  40 / 180 [-] ETA: 5m9s
[1A[Jprocessed files:  40 / 180 [-] ETA: 5m9s
[1A[Jprocessed files:  40 / 180 [-] ETA: 5m9s
[1A[Jprocessed files:  40 / 180 [-] ETA: 5m9s
[1A[Jprocessed files:  40 / 180 [-] ETA: 5m9s
[1A[Jprocessed files:  41 / 180 [] ETA: 4m48s
[1A[Jprocessed files:  41 / 180 [] ETA: 4m48s
[1A[Jprocessed files:  41 / 180 [] ETA: 4m48s
[1A[Jprocessed files:  41 / 180 [] ETA: 4m48s
[1A[Jprocessed files:  41 / 180 [] ETA: 4m48s
[1A[Jprocessed files:  41 / 180 [] ETA: 4m48s
[1A[Jprocessed files:  41 / 180 [] ETA: 4m48s
[1A[Jprocessed files:  41 / 180 [] ETA: 4m48s
[1A[Jprocessed files:  41 / 180 [] ETA: 4m48s
[1A[Jprocessed files:  41 / 180 [] ETA: 4m48s
[1A[Jprocessed files:  41 / 180 [] ETA: 4m48s
[1A[Jprocessed files:  41 / 180 [] ETA: 4m48s
[1A[Jprocessed files:  41 / 180 [] ETA: 4m48s
[1A[Jprocessed files:  41 / 180 [] ETA: 4m48s
[1A[Jprocessed files:  41 / 180 [] ETA: 4m48s
[1A[Jprocessed files:  41 / 180 [] ETA: 4m48s
[1A[Jprocessed files:  42 / 180 [] ETA: 4m37s
[1A[Jprocessed files:  42 / 180 [] ETA: 4m37s
[1A[Jprocessed files:  42 / 180 [] ETA: 4m37s
[1A[Jprocessed files:  42 / 180 [] ETA: 4m37s
[1A[Jprocessed files:  42 / 180 [] ETA: 4m37s
[1A[Jprocessed files:  42 / 180 [] ETA: 4m37s
[1A[Jprocessed files:  42 / 180 [] ETA: 4m37s
[1A[Jprocessed files:  42 / 180 [] ETA: 4m37s
[1A[Jprocessed files:  42 / 180 [] ETA: 4m37s
[1A[Jprocessed files:  42 / 180 [] ETA: 4m37s
[1A[Jprocessed files:  42 / 180 [] ETA: 4m37s
[1A[Jprocessed files:  42 / 180 [] ETA: 4m37s
[1A[Jprocessed files:  42 / 180 [] ETA: 4m37s
[1A[Jprocessed files:  42 / 180 [] ETA: 4m37s
[1A[Jprocessed files:  42 / 180 [] ETA: 4m37s
[1A[Jprocessed files:  42 / 180 [] ETA: 4m37s
[1A[Jprocessed files:  43 / 180 [] ETA: 4m29s
[1A[Jprocessed files:  43 / 180 [] ETA: 4m29s
[1A[Jprocessed files:  43 / 180 [] ETA: 4m29s
[1A[Jprocessed files:  43 / 180 [] ETA: 4m29s
[1A[Jprocessed files:  43 / 180 [] ETA: 4m29s
[1A[Jprocessed files:  43 / 180 [] ETA: 4m29s
[1A[Jprocessed files:  43 / 180 [] ETA: 4m29s
[1A[Jprocessed files:  43 / 180 [] ETA: 4m29s
[1A[Jprocessed files:  43 / 180 [] ETA: 4m29s
[1A[Jprocessed files:  43 / 180 [] ETA: 4m29s
[1A[Jprocessed files:  43 / 180 [] ETA: 4m29s
[1A[Jprocessed files:  43 / 180 [] ETA: 4m29s
[1A[Jprocessed files:  43 / 180 [] ETA: 4m29s
[1A[Jprocessed files:  43 / 180 [] ETA: 4m29s
[1A[Jprocessed files:  43 / 180 [] ETA: 4m29s
[1A[Jprocessed files:  43 / 180 [] ETA: 4m29s
[1A[Jprocessed files:  44 / 180 [] ETA: 4m27s
[1A[Jprocessed files:  44 / 180 [] ETA: 4m27s
[1A[Jprocessed files:  44 / 180 [] ETA: 4m27s
[1A[Jprocessed files:  44 / 180 [] ETA: 4m27s
[1A[Jprocessed files:  44 / 180 [] ETA: 4m27s
[1A[Jprocessed files:  44 / 180 [] ETA: 4m27s
[1A[Jprocessed files:  44 / 180 [] ETA: 4m27s
[1A[Jprocessed files:  44 / 180 [] ETA: 4m27s
[1A[Jprocessed files:  44 / 180 [] ETA: 4m27s
[1A[Jprocessed files:  44 / 180 [] ETA: 4m27s
[1A[Jprocessed files:  44 / 180 [] ETA: 4m27s
[1A[Jprocessed files:  44 / 180 [] ETA: 4m27s
[1A[Jprocessed files:  44 / 180 [] ETA: 4m27s
[1A[Jprocessed files:  44 / 180 [] ETA: 4m27s
[1A[Jprocessed files:  44 / 180 [] ETA: 4m27s
[1A[Jprocessed files:  44 / 180 [] ETA: 4m27s
[1A[Jprocessed files:  45 / 180 [] ETA: 4m22s
[1A[Jprocessed files:  45 / 180 [] ETA: 4m22s
[1A[Jprocessed files:  45 / 180 [] ETA: 4m22s
[1A[Jprocessed files:  45 / 180 [] ETA: 4m22s
[1A[Jprocessed files:  45 / 180 [] ETA: 4m22s
[1A[Jprocessed files:  45 / 180 [] ETA: 4m22s
[1A[Jprocessed files:  45 / 180 [] ETA: 4m22s
[1A[Jprocessed files:  45 / 180 [] ETA: 4m22s
[1A[Jprocessed files:  45 / 180 [] ETA: 4m22s
[1A[Jprocessed files:  45 / 180 [] ETA: 4m22s
[1A[Jprocessed files:  45 / 180 [] ETA: 4m22s
[1A[Jprocessed files:  45 / 180 [] ETA: 4m22s
[1A[Jprocessed files:  45 / 180 [] ETA: 4m22s
[1A[Jprocessed files:  45 / 180 [] ETA: 4m22s
[1A[Jprocessed files:  45 / 180 [] ETA: 4m22s
[1A[Jprocessed files:  45 / 180 [] ETA: 4m22s
[1A[Jprocessed files:  45 / 180 [] ETA: 4m22s
[1A[Jprocessed files:  46 / 180 [] ETA: 4m22s
[1A[Jprocessed files:  46 / 180 [] ETA: 4m22s
[1A[Jprocessed files:  46 / 180 [] ETA: 4m22s
[1A[Jprocessed files:  46 / 180 [] ETA: 4m22s
[1A[Jprocessed files:  46 / 180 [] ETA: 4m22s
[1A[Jprocessed files:  46 / 180 [] ETA: 4m22s
[1A[Jprocessed files:  46 / 180 [] ETA: 4m22s
[1A[Jprocessed files:  46 / 180 [] ETA: 4m22s
[1A[Jprocessed files:  46 / 180 [] ETA: 4m22s
[1A[Jprocessed files:  46 / 180 [] ETA: 4m22s
[1A[Jprocessed files:  46 / 180 [] ETA: 4m22s
[1A[Jprocessed files:  46 / 180 [] ETA: 4m22s
[1A[Jprocessed files:  46 / 180 [] ETA: 4m22s
[1A[Jprocessed files:  47 / 180 [-] ETA: 4m6s
[1A[Jprocessed files:  47 / 180 [-] ETA: 4m6s
[1A[Jprocessed files:  47 / 180 [-] ETA: 4m6s
[1A[Jprocessed files:  47 / 180 [-] ETA: 4m6s
[1A[Jprocessed files:  47 / 180 [-] ETA: 4m6s
[1A[Jprocessed files:  47 / 180 [-] ETA: 4m6s
[1A[Jprocessed files:  47 / 180 [-] ETA: 4m6s
[1A[Jprocessed files:  47 / 180 [-] ETA: 4m6s
[1A[Jprocessed files:  47 / 180 [-] ETA: 4m6s
[1A[Jprocessed files:  47 / 180 [-] ETA: 4m6s
[1A[Jprocessed files:  47 / 180 [-] ETA: 4m6s
[1A[Jprocessed files:  47 / 180 [-] ETA: 4m6s
[1A[Jprocessed files:  47 / 180 [-] ETA: 4m6s
[1A[Jprocessed files:  47 / 180 [-] ETA: 4m6s
[1A[Jprocessed files:  47 / 180 [-] ETA: 4m6s
[1A[Jprocessed files:  48 / 180 [] ETA: 3m59s
[1A[Jprocessed files:  48 / 180 [] ETA: 3m59s
[1A[Jprocessed files:  48 / 180 [] ETA: 3m59s
[1A[Jprocessed files:  48 / 180 [] ETA: 3m59s
[1A[Jprocessed files:  48 / 180 [] ETA: 3m59s
[1A[Jprocessed files:  48 / 180 [] ETA: 3m59s
[1A[Jprocessed files:  48 / 180 [] ETA: 3m59s
[1A[Jprocessed files:  48 / 180 [] ETA: 3m59s
[1A[Jprocessed files:  48 / 180 [] ETA: 3m59s
[1A[Jprocessed files:  48 / 180 [] ETA: 3m59s
[1A[Jprocessed files:  48 / 180 [] ETA: 3m59s
[1A[Jprocessed files:  48 / 180 [] ETA: 3m59s
[1A[Jprocessed files:  48 / 180 [] ETA: 3m59s
[1A[Jprocessed files:  48 / 180 [] ETA: 3m59s
[1A[Jprocessed files:  48 / 180 [] ETA: 3m59s
[1A[Jprocessed files:  49 / 180 [-] ETA: 4m0s
[1A[Jprocessed files:  49 / 180 [-] ETA: 4m0s
[1A[Jprocessed files:  49 / 180 [-] ETA: 4m0s
[1A[Jprocessed files:  49 / 180 [-] ETA: 4m0s
[1A[Jprocessed files:  49 / 180 [-] ETA: 4m0s
[1A[Jprocessed files:  49 / 180 [-] ETA: 4m0s
[1A[Jprocessed files:  49 / 180 [-] ETA: 4m0s
[1A[Jprocessed files:  49 / 180 [-] ETA: 4m0s
[1A[Jprocessed files:  49 / 180 [-] ETA: 4m0s
[1A[Jprocessed files:  49 / 180 [-] ETA: 4m0s
[1A[Jprocessed files:  49 / 180 [-] ETA: 4m0s
[1A[Jprocessed files:  49 / 180 [-] ETA: 4m0s
[1A[Jprocessed files:  49 / 180 [-] ETA: 4m0s
[1A[Jprocessed files:  49 / 180 [-] ETA: 4m0s
[1A[Jprocessed files:  49 / 180 [-] ETA: 4m0s
[1A[Jprocessed files:  49 / 180 [-] ETA: 4m0s
[1A[Jprocessed files:  49 / 180 [-] ETA: 4m0s
[1A[Jprocessed files:  50 / 180 [-] ETA: 4m3s
[1A[Jprocessed files:  50 / 180 [-] ETA: 4m3s
[1A[Jprocessed files:  50 / 180 [-] ETA: 4m3s
[1A[Jprocessed files:  50 / 180 [-] ETA: 4m3s
[1A[Jprocessed files:  50 / 180 [-] ETA: 4m3s
[1A[Jprocessed files:  50 / 180 [-] ETA: 4m3s
[1A[Jprocessed files:  50 / 180 [-] ETA: 4m3s
[1A[Jprocessed files:  50 / 180 [-] ETA: 4m3s
[1A[Jprocessed files:  50 / 180 [-] ETA: 4m3s
[1A[Jprocessed files:  50 / 180 [-] ETA: 4m3s
[1A[Jprocessed files:  50 / 180 [-] ETA: 4m3s
[1A[Jprocessed files:  50 / 180 [-] ETA: 4m3s
[1A[Jprocessed files:  50 / 180 [-] ETA: 4m3s
[1A[Jprocessed files:  50 / 180 [-] ETA: 4m3s
[1A[Jprocessed files:  50 / 180 [-] ETA: 4m3s
[1A[Jprocessed files:  50 / 180 [-] ETA: 4m3s
[1A[Jprocessed files:  50 / 180 [-] ETA: 4m3s
[1A[Jprocessed files:  50 / 180 [-] ETA: 4m3s
[1A[Jprocessed files:  50 / 180 [-] ETA: 4m3s
[1A[Jprocessed files:  50 / 180 [-] ETA: 4m3s
[1A[Jprocessed files:  50 / 180 [-] ETA: 4m3s
[1A[Jprocessed files:  50 / 180 [-] ETA: 4m3s
[1A[Jprocessed files:  50 / 180 [-] ETA: 4m3s
[1A[Jprocessed files:  50 / 180 [-] ETA: 4m3s
[1A[Jprocessed files:  51 / 180 [] ETA: 4m45s
[1A[Jprocessed files:  51 / 180 [] ETA: 4m45s
[1A[Jprocessed files:  51 / 180 [] ETA: 4m45s
[1A[Jprocessed files:  51 / 180 [] ETA: 4m45s
[1A[Jprocessed files:  51 / 180 [] ETA: 4m45s
[1A[Jprocessed files:  51 / 180 [] ETA: 4m45s
[1A[Jprocessed files:  51 / 180 [] ETA: 4m45s
[1A[Jprocessed files:  51 / 180 [] ETA: 4m45s
[1A[Jprocessed files:  51 / 180 [] ETA: 4m45s
[1A[Jprocessed files:  51 / 180 [] ETA: 4m45s
[1A[Jprocessed files:  51 / 180 [] ETA: 4m45s
[1A[Jprocessed files:  51 / 180 [] ETA: 4m45s
[1A[Jprocessed files:  51 / 180 [] ETA: 4m45s
[1A[Jprocessed files:  51 / 180 [] ETA: 4m45s
[1A[Jprocessed files:  51 / 180 [] ETA: 4m45s
[1A[Jprocessed files:  51 / 180 [] ETA: 4m45s
[1A[Jprocessed files:  51 / 180 [] ETA: 4m45s
[1A[Jprocessed files:  51 / 180 [] ETA: 4m45s
[1A[Jprocessed files:  51 / 180 [] ETA: 4m45s
[1A[Jprocessed files:  51 / 180 [] ETA: 4m45s
[1A[Jprocessed files:  51 / 180 [] ETA: 4m45s
[1A[Jprocessed files:  51 / 180 [] ETA: 4m45s
[1A[Jprocessed files:  51 / 180 [] ETA: 4m45s
[1A[Jprocessed files:  51 / 180 [] ETA: 4m45s
[1A[Jprocessed files:  51 / 180 [] ETA: 4m45s
[1A[Jprocessed files:  52 / 180 [] ETA: 5m17s
[1A[Jprocessed files:  52 / 180 [] ETA: 5m17s
[1A[Jprocessed files:  52 / 180 [] ETA: 5m17s
[1A[Jprocessed files:  52 / 180 [] ETA: 5m17s
[1A[Jprocessed files:  52 / 180 [] ETA: 5m17s
[1A[Jprocessed files:  52 / 180 [] ETA: 5m17s
[1A[Jprocessed files:  52 / 180 [] ETA: 5m17s
[1A[Jprocessed files:  52 / 180 [] ETA: 5m17s
[1A[Jprocessed files:  52 / 180 [] ETA: 5m17s
[1A[Jprocessed files:  52 / 180 [] ETA: 5m17s
[1A[Jprocessed files:  52 / 180 [] ETA: 5m17s
[1A[Jprocessed files:  52 / 180 [] ETA: 5m17s
[1A[Jprocessed files:  52 / 180 [] ETA: 5m17s
[1A[Jprocessed files:  52 / 180 [] ETA: 5m17s
[1A[Jprocessed files:  52 / 180 [] ETA: 5m17s
[1A[Jprocessed files:  52 / 180 [] ETA: 5m17s
[1A[Jprocessed files:  52 / 180 [] ETA: 5m17s
[1A[Jprocessed files:  53 / 180 [] ETA: 4m55s
[1A[Jprocessed files:  53 / 180 [] ETA: 4m55s
[1A[Jprocessed files:  53 / 180 [] ETA: 4m55s
[1A[Jprocessed files:  53 / 180 [] ETA: 4m55s
[1A[Jprocessed files:  53 / 180 [] ETA: 4m55s
[1A[Jprocessed files:  53 / 180 [] ETA: 4m55s
[1A[Jprocessed files:  53 / 180 [] ETA: 4m55s
[1A[Jprocessed files:  53 / 180 [] ETA: 4m55s
[1A[Jprocessed files:  53 / 180 [] ETA: 4m55s
[1A[Jprocessed files:  53 / 180 [] ETA: 4m55s
[1A[Jprocessed files:  53 / 180 [] ETA: 4m55s
[1A[Jprocessed files:  53 / 180 [] ETA: 4m55s
[1A[Jprocessed files:  53 / 180 [] ETA: 4m55s
[1A[Jprocessed files:  53 / 180 [] ETA: 4m55s
[1A[Jprocessed files:  53 / 180 [] ETA: 4m55s
[1A[Jprocessed files:  53 / 180 [] ETA: 4m55s
[1A[Jprocessed files:  53 / 180 [] ETA: 4m55s
[1A[Jprocessed files:  54 / 180 [] ETA: 4m44s
[1A[Jprocessed files:  54 / 180 [] ETA: 4m44s
[1A[Jprocessed files:  54 / 180 [] ETA: 4m44s
[1A[Jprocessed files:  54 / 180 [] ETA: 4m44s
[1A[Jprocessed files:  54 / 180 [] ETA: 4m44s
[1A[Jprocessed files:  54 / 180 [] ETA: 4m44s
[1A[Jprocessed files:  54 / 180 [] ETA: 4m44s
[1A[Jprocessed files:  54 / 180 [] ETA: 4m44s
[1A[Jprocessed files:  54 / 180 [] ETA: 4m44s
[1A[Jprocessed files:  54 / 180 [] ETA: 4m44s
[1A[Jprocessed files:  54 / 180 [] ETA: 4m44s
[1A[Jprocessed files:  54 / 180 [] ETA: 4m44s
[1A[Jprocessed files:  54 / 180 [] ETA: 4m44s
[1A[Jprocessed files:  54 / 180 [] ETA: 4m44s
[1A[Jprocessed files:  54 / 180 [] ETA: 4m44s
[1A[Jprocessed files:  54 / 180 [] ETA: 4m44s
[1A[Jprocessed files:  54 / 180 [] ETA: 4m44s
[1A[Jprocessed files:  54 / 180 [] ETA: 4m44s
[1A[Jprocessed files:  54 / 180 [] ETA: 4m44s
[1A[Jprocessed files:  55 / 180 [] ETA: 4m41s
[1A[Jprocessed files:  55 / 180 [] ETA: 4m41s
[1A[Jprocessed files:  55 / 180 [] ETA: 4m41s
[1A[Jprocessed files:  55 / 180 [] ETA: 4m41s
[1A[Jprocessed files:  55 / 180 [] ETA: 4m41s
[1A[Jprocessed files:  55 / 180 [] ETA: 4m41s
[1A[Jprocessed files:  55 / 180 [] ETA: 4m41s
[1A[Jprocessed files:  55 / 180 [] ETA: 4m41s
[1A[Jprocessed files:  55 / 180 [] ETA: 4m41s
[1A[Jprocessed files:  55 / 180 [] ETA: 4m41s
[1A[Jprocessed files:  55 / 180 [] ETA: 4m41s
[1A[Jprocessed files:  55 / 180 [] ETA: 4m41s
[1A[Jprocessed files:  55 / 180 [] ETA: 4m41s
[1A[Jprocessed files:  55 / 180 [] ETA: 4m41s
[1A[Jprocessed files:  55 / 180 [] ETA: 4m41s
[1A[Jprocessed files:  55 / 180 [] ETA: 4m41s
[1A[Jprocessed files:  55 / 180 [] ETA: 4m41s
[1A[Jprocessed files:  55 / 180 [] ETA: 4m41s
[1A[Jprocessed files:  55 / 180 [] ETA: 4m41s
[1A[Jprocessed files:  56 / 180 [] ETA: 4m40s
[1A[Jprocessed files:  56 / 180 [] ETA: 4m40s
[1A[Jprocessed files:  56 / 180 [] ETA: 4m40s
[1A[Jprocessed files:  56 / 180 [] ETA: 4m40s
[1A[Jprocessed files:  56 / 180 [] ETA: 4m40s
[1A[Jprocessed files:  56 / 180 [] ETA: 4m40s
[1A[Jprocessed files:  56 / 180 [] ETA: 4m40s
[1A[Jprocessed files:  56 / 180 [] ETA: 4m40s
[1A[Jprocessed files:  56 / 180 [] ETA: 4m40s
[1A[Jprocessed files:  56 / 180 [] ETA: 4m40s
[1A[Jprocessed files:  56 / 180 [] ETA: 4m40s
[1A[Jprocessed files:  56 / 180 [] ETA: 4m40s
[1A[Jprocessed files:  56 / 180 [] ETA: 4m40s
[1A[Jprocessed files:  56 / 180 [] ETA: 4m40s
[1A[Jprocessed files:  56 / 180 [] ETA: 4m40s
[1A[Jprocessed files:  56 / 180 [] ETA: 4m40s
[1A[Jprocessed files:  56 / 180 [] ETA: 4m40s
[1A[Jprocessed files:  56 / 180 [] ETA: 4m40s
[1A[Jprocessed files:  57 / 180 [] ETA: 4m34s
[1A[Jprocessed files:  57 / 180 [] ETA: 4m34s
[1A[Jprocessed files:  57 / 180 [] ETA: 4m34s
[1A[Jprocessed files:  57 / 180 [] ETA: 4m34s
[1A[Jprocessed files:  57 / 180 [] ETA: 4m34s
[1A[Jprocessed files:  57 / 180 [] ETA: 4m34s
[1A[Jprocessed files:  57 / 180 [] ETA: 4m34s
[1A[Jprocessed files:  57 / 180 [] ETA: 4m34s
[1A[Jprocessed files:  57 / 180 [] ETA: 4m34s
[1A[Jprocessed files:  57 / 180 [] ETA: 4m34s
[1A[Jprocessed files:  57 / 180 [] ETA: 4m34s
[1A[Jprocessed files:  57 / 180 [] ETA: 4m34s
[1A[Jprocessed files:  57 / 180 [] ETA: 4m34s
[1A[Jprocessed files:  57 / 180 [] ETA: 4m34s
[1A[Jprocessed files:  57 / 180 [] ETA: 4m34s
[1A[Jprocessed files:  57 / 180 [] ETA: 4m34s
[1A[Jprocessed files:  57 / 180 [] ETA: 4m34s
[1A[Jprocessed files:  57 / 180 [] ETA: 4m34s
[1A[Jprocessed files:  57 / 180 [] ETA: 4m34s
[1A[Jprocessed files:  58 / 180 [] ETA: 4m34s
[1A[Jprocessed files:  58 / 180 [] ETA: 4m34s
[1A[Jprocessed files:  58 / 180 [] ETA: 4m34s
[1A[Jprocessed files:  58 / 180 [] ETA: 4m34s
[1A[Jprocessed files:  58 / 180 [] ETA: 4m34s
[1A[Jprocessed files:  58 / 180 [] ETA: 4m34s
[1A[Jprocessed files:  58 / 180 [] ETA: 4m34s
[1A[Jprocessed files:  58 / 180 [] ETA: 4m34s
[1A[Jprocessed files:  58 / 180 [] ETA: 4m34s
[1A[Jprocessed files:  58 / 180 [] ETA: 4m34s
[1A[Jprocessed files:  58 / 180 [] ETA: 4m34s
[1A[Jprocessed files:  58 / 180 [] ETA: 4m34s
[1A[Jprocessed files:  58 / 180 [] ETA: 4m34s
[1A[Jprocessed files:  58 / 180 [] ETA: 4m34s
[1A[Jprocessed files:  58 / 180 [] ETA: 4m34s
[1A[Jprocessed files:  58 / 180 [] ETA: 4m34s
[1A[Jprocessed files:  58 / 180 [] ETA: 4m34s
[1A[Jprocessed files:  59 / 180 [] ETA: 4m24s
[1A[Jprocessed files:  59 / 180 [] ETA: 4m24s
[1A[Jprocessed files:  59 / 180 [] ETA: 4m24s
[1A[Jprocessed files:  59 / 180 [] ETA: 4m24s
[1A[Jprocessed files:  59 / 180 [] ETA: 4m24s
[1A[Jprocessed files:  59 / 180 [] ETA: 4m24s
[1A[Jprocessed files:  59 / 180 [] ETA: 4m24s
[1A[Jprocessed files:  59 / 180 [] ETA: 4m24s
[1A[Jprocessed files:  59 / 180 [] ETA: 4m24s
[1A[Jprocessed files:  59 / 180 [] ETA: 4m24s
[1A[Jprocessed files:  59 / 180 [] ETA: 4m24s
[1A[Jprocessed files:  59 / 180 [] ETA: 4m24s
[1A[Jprocessed files:  59 / 180 [] ETA: 4m24s
[1A[Jprocessed files:  59 / 180 [] ETA: 4m24s
[1A[Jprocessed files:  59 / 180 [] ETA: 4m24s
[1A[Jprocessed files:  59 / 180 [] ETA: 4m24s
[1A[Jprocessed files:  59 / 180 [] ETA: 4m24s
[1A[Jprocessed files:  59 / 180 [] ETA: 4m24s
[1A[Jprocessed files:  60 / 180 [] ETA: 4m19s
[1A[Jprocessed files:  60 / 180 [] ETA: 4m19s
[1A[Jprocessed files:  60 / 180 [] ETA: 4m19s
[1A[Jprocessed files:  60 / 180 [] ETA: 4m19s
[1A[Jprocessed files:  60 / 180 [] ETA: 4m19s
[1A[Jprocessed files:  60 / 180 [] ETA: 4m19s
[1A[Jprocessed files:  60 / 180 [] ETA: 4m19s
[1A[Jprocessed files:  60 / 180 [] ETA: 4m19s
[1A[Jprocessed files:  60 / 180 [] ETA: 4m19s
[1A[Jprocessed files:  60 / 180 [] ETA: 4m19s
[1A[Jprocessed files:  60 / 180 [] ETA: 4m19s
[1A[Jprocessed files:  60 / 180 [] ETA: 4m19s
[1A[Jprocessed files:  60 / 180 [] ETA: 4m19s
[1A[Jprocessed files:  60 / 180 [] ETA: 4m19s
[1A[Jprocessed files:  60 / 180 [] ETA: 4m19s
[1A[Jprocessed files:  60 / 180 [] ETA: 4m19s
[1A[Jprocessed files:  60 / 180 [] ETA: 4m19s
[1A[Jprocessed files:  60 / 180 [] ETA: 4m19s
[1A[Jprocessed files:  60 / 180 [] ETA: 4m19s
[1A[Jprocessed files:  60 / 180 [] ETA: 4m19s
[1A[Jprocessed files:  60 / 180 [] ETA: 4m19s
[1A[Jprocessed files:  61 / 180 [] ETA: 4m32s
[1A[Jprocessed files:  61 / 180 [] ETA: 4m32s
[1A[Jprocessed files:  61 / 180 [] ETA: 4m32s
[1A[Jprocessed files:  61 / 180 [] ETA: 4m32s
[1A[Jprocessed files:  61 / 180 [] ETA: 4m32s
[1A[Jprocessed files:  61 / 180 [] ETA: 4m32s
[1A[Jprocessed files:  61 / 180 [] ETA: 4m32s
[1A[Jprocessed files:  61 / 180 [] ETA: 4m32s
[1A[Jprocessed files:  61 / 180 [] ETA: 4m32s
[1A[Jprocessed files:  61 / 180 [] ETA: 4m32s
[1A[Jprocessed files:  61 / 180 [] ETA: 4m32s
[1A[Jprocessed files:  61 / 180 [] ETA: 4m32s
[1A[Jprocessed files:  61 / 180 [] ETA: 4m32s
[1A[Jprocessed files:  61 / 180 [] ETA: 4m32s
[1A[Jprocessed files:  61 / 180 [] ETA: 4m32s
[1A[Jprocessed files:  61 / 180 [] ETA: 4m32s
[1A[Jprocessed files:  61 / 180 [] ETA: 4m32s
[1A[Jprocessed files:  61 / 180 [] ETA: 4m32s
[1A[Jprocessed files:  61 / 180 [] ETA: 4m32s
[1A[Jprocessed files:  61 / 180 [] ETA: 4m32s
[1A[Jprocessed files:  61 / 180 [] ETA: 4m32s
[1A[Jprocessed files:  61 / 180 [] ETA: 4m32s
[1A[Jprocessed files:  61 / 180 [] ETA: 4m32s
[1A[Jprocessed files:  62 / 180 [] ETA: 4m46s
[1A[Jprocessed files:  62 / 180 [] ETA: 4m46s
[1A[Jprocessed files:  62 / 180 [] ETA: 4m46s
[1A[Jprocessed files:  62 / 180 [] ETA: 4m46s
[1A[Jprocessed files:  62 / 180 [] ETA: 4m46s
[1A[Jprocessed files:  62 / 180 [] ETA: 4m46s
[1A[Jprocessed files:  62 / 180 [] ETA: 4m46s
[1A[Jprocessed files:  62 / 180 [] ETA: 4m46s
[1A[Jprocessed files:  62 / 180 [] ETA: 4m46s
[1A[Jprocessed files:  62 / 180 [] ETA: 4m46s
[1A[Jprocessed files:  62 / 180 [] ETA: 4m46s
[1A[Jprocessed files:  62 / 180 [] ETA: 4m46s
[1A[Jprocessed files:  62 / 180 [] ETA: 4m46s
[1A[Jprocessed files:  62 / 180 [] ETA: 4m46s
[1A[Jprocessed files:  62 / 180 [] ETA: 4m46s
[1A[Jprocessed files:  62 / 180 [] ETA: 4m46s
[1A[Jprocessed files:  62 / 180 [] ETA: 4m46s
[1A[Jprocessed files:  62 / 180 [] ETA: 4m46s
[1A[Jprocessed files:  62 / 180 [] ETA: 4m46s
[1A[Jprocessed files:  63 / 180 [] ETA: 4m40s
[1A[Jprocessed files:  63 / 180 [] ETA: 4m40s
[1A[Jprocessed files:  63 / 180 [] ETA: 4m40s
[1A[Jprocessed files:  63 / 180 [] ETA: 4m40s
[1A[Jprocessed files:  63 / 180 [] ETA: 4m40s
[1A[Jprocessed files:  63 / 180 [] ETA: 4m40s
[1A[Jprocessed files:  63 / 180 [] ETA: 4m40s
[1A[Jprocessed files:  63 / 180 [] ETA: 4m40s
[1A[Jprocessed files:  63 / 180 [] ETA: 4m40s
[1A[Jprocessed files:  63 / 180 [] ETA: 4m40s
[1A[Jprocessed files:  63 / 180 [] ETA: 4m40s
[1A[Jprocessed files:  63 / 180 [] ETA: 4m40s
[1A[Jprocessed files:  63 / 180 [] ETA: 4m40s
[1A[Jprocessed files:  63 / 180 [] ETA: 4m40s
[1A[Jprocessed files:  63 / 180 [] ETA: 4m40s
[1A[Jprocessed files:  63 / 180 [] ETA: 4m40s
[1A[Jprocessed files:  63 / 180 [] ETA: 4m40s
[1A[Jprocessed files:  63 / 180 [] ETA: 4m40s
[1A[Jprocessed files:  63 / 180 [] ETA: 4m40s
[1A[Jprocessed files:  63 / 180 [] ETA: 4m40s
[1A[Jprocessed files:  63 / 180 [] ETA: 4m40s
[1A[Jprocessed files:  64 / 180 [] ETA: 4m41s
[1A[Jprocessed files:  64 / 180 [] ETA: 4m41s
[1A[Jprocessed files:  64 / 180 [] ETA: 4m41s
[1A[Jprocessed files:  64 / 180 [] ETA: 4m41s
[1A[Jprocessed files:  64 / 180 [] ETA: 4m41s
[1A[Jprocessed files:  64 / 180 [] ETA: 4m41s
[1A[Jprocessed files:  64 / 180 [] ETA: 4m41s
[1A[Jprocessed files:  64 / 180 [] ETA: 4m41s
[1A[Jprocessed files:  64 / 180 [] ETA: 4m41s
[1A[Jprocessed files:  64 / 180 [] ETA: 4m41s
[1A[Jprocessed files:  64 / 180 [] ETA: 4m41s
[1A[Jprocessed files:  64 / 180 [] ETA: 4m41s
[1A[Jprocessed files:  64 / 180 [] ETA: 4m41s
[1A[Jprocessed files:  64 / 180 [] ETA: 4m41s
[1A[Jprocessed files:  64 / 180 [] ETA: 4m41s
[1A[Jprocessed files:  64 / 180 [] ETA: 4m41s
[1A[Jprocessed files:  64 / 180 [] ETA: 4m41s
[1A[Jprocessed files:  64 / 180 [] ETA: 4m41s
[1A[Jprocessed files:  64 / 180 [] ETA: 4m41s
[1A[Jprocessed files:  65 / 180 [] ETA: 4m32s
[1A[Jprocessed files:  65 / 180 [] ETA: 4m32s
[1A[Jprocessed files:  65 / 180 [] ETA: 4m32s
[1A[Jprocessed files:  65 / 180 [] ETA: 4m32s
[1A[Jprocessed files:  65 / 180 [] ETA: 4m32s
[1A[Jprocessed files:  65 / 180 [] ETA: 4m32s
[1A[Jprocessed files:  65 / 180 [] ETA: 4m32s
[1A[Jprocessed files:  65 / 180 [] ETA: 4m32s
[1A[Jprocessed files:  65 / 180 [] ETA: 4m32s
[1A[Jprocessed files:  65 / 180 [] ETA: 4m32s
[1A[Jprocessed files:  65 / 180 [] ETA: 4m32s
[1A[Jprocessed files:  65 / 180 [] ETA: 4m32s
[1A[Jprocessed files:  65 / 180 [] ETA: 4m32s
[1A[Jprocessed files:  65 / 180 [] ETA: 4m32s
[1A[Jprocessed files:  65 / 180 [] ETA: 4m32s
[1A[Jprocessed files:  65 / 180 [] ETA: 4m32s
[1A[Jprocessed files:  65 / 180 [] ETA: 4m32s
[1A[Jprocessed files:  65 / 180 [] ETA: 4m32s
[1A[Jprocessed files:  65 / 180 [] ETA: 4m32s
[1A[Jprocessed files:  66 / 180 [] ETA: 4m29s
[1A[Jprocessed files:  66 / 180 [] ETA: 4m29s
[1A[Jprocessed files:  66 / 180 [] ETA: 4m29s
[1A[Jprocessed files:  66 / 180 [] ETA: 4m29s
[1A[Jprocessed files:  66 / 180 [] ETA: 4m29s
[1A[Jprocessed files:  66 / 180 [] ETA: 4m29s
[1A[Jprocessed files:  66 / 180 [] ETA: 4m29s
[1A[Jprocessed files:  66 / 180 [] ETA: 4m29s
[1A[Jprocessed files:  66 / 180 [] ETA: 4m29s
[1A[Jprocessed files:  66 / 180 [] ETA: 4m29s
[1A[Jprocessed files:  66 / 180 [] ETA: 4m29s
[1A[Jprocessed files:  66 / 180 [] ETA: 4m29s
[1A[Jprocessed files:  66 / 180 [] ETA: 4m29s
[1A[Jprocessed files:  66 / 180 [] ETA: 4m29s
[1A[Jprocessed files:  66 / 180 [] ETA: 4m29s
[1A[Jprocessed files:  66 / 180 [] ETA: 4m29s
[1A[Jprocessed files:  66 / 180 [] ETA: 4m29s
[1A[Jprocessed files:  66 / 180 [] ETA: 4m29s
[1A[Jprocessed files:  66 / 180 [] ETA: 4m29s
[1A[Jprocessed files:  66 / 180 [] ETA: 4m29s
[1A[Jprocessed files:  67 / 180 [] ETA: 4m26s
[1A[Jprocessed files:  67 / 180 [] ETA: 4m26s
[1A[Jprocessed files:  67 / 180 [] ETA: 4m26s
[1A[Jprocessed files:  67 / 180 [] ETA: 4m26s
[1A[Jprocessed files:  67 / 180 [] ETA: 4m26s
[1A[Jprocessed files:  67 / 180 [] ETA: 4m26s
[1A[Jprocessed files:  67 / 180 [] ETA: 4m26s
[1A[Jprocessed files:  67 / 180 [] ETA: 4m26s
[1A[Jprocessed files:  67 / 180 [] ETA: 4m26s
[1A[Jprocessed files:  67 / 180 [] ETA: 4m26s
[1A[Jprocessed files:  67 / 180 [] ETA: 4m26s
[1A[Jprocessed files:  67 / 180 [] ETA: 4m26s
[1A[Jprocessed files:  67 / 180 [] ETA: 4m26s
[1A[Jprocessed files:  67 / 180 [] ETA: 4m26s
[1A[Jprocessed files:  67 / 180 [] ETA: 4m26s
[1A[Jprocessed files:  67 / 180 [] ETA: 4m26s
[1A[Jprocessed files:  67 / 180 [] ETA: 4m26s
[1A[Jprocessed files:  67 / 180 [] ETA: 4m26s
[1A[Jprocessed files:  67 / 180 [] ETA: 4m26s
[1A[Jprocessed files:  67 / 180 [] ETA: 4m26s
[1A[Jprocessed files:  68 / 180 [] ETA: 4m27s
[1A[Jprocessed files:  68 / 180 [] ETA: 4m27s
[1A[Jprocessed files:  68 / 180 [] ETA: 4m27s
[1A[Jprocessed files:  68 / 180 [] ETA: 4m27s
[1A[Jprocessed files:  68 / 180 [] ETA: 4m27s
[1A[Jprocessed files:  68 / 180 [] ETA: 4m27s
[1A[Jprocessed files:  68 / 180 [] ETA: 4m27s
[1A[Jprocessed files:  68 / 180 [] ETA: 4m27s
[1A[Jprocessed files:  68 / 180 [] ETA: 4m27s
[1A[Jprocessed files:  68 / 180 [] ETA: 4m27s
[1A[Jprocessed files:  68 / 180 [] ETA: 4m27s
[1A[Jprocessed files:  68 / 180 [] ETA: 4m27s
[1A[Jprocessed files:  68 / 180 [] ETA: 4m27s
[1A[Jprocessed files:  68 / 180 [] ETA: 4m27s
[1A[Jprocessed files:  68 / 180 [] ETA: 4m27s
[1A[Jprocessed files:  68 / 180 [] ETA: 4m27s
[1A[Jprocessed files:  68 / 180 [] ETA: 4m27s
[1A[Jprocessed files:  69 / 180 [-] ETA: 4m9s
[1A[Jprocessed files:  69 / 180 [-] ETA: 4m9s
[1A[Jprocessed files:  69 / 180 [-] ETA: 4m9s
[1A[Jprocessed files:  69 / 180 [-] ETA: 4m9s
[1A[Jprocessed files:  69 / 180 [-] ETA: 4m9s
[1A[Jprocessed files:  69 / 180 [-] ETA: 4m9s
[1A[Jprocessed files:  69 / 180 [-] ETA: 4m9s
[1A[Jprocessed files:  69 / 180 [-] ETA: 4m9s
[1A[Jprocessed files:  69 / 180 [-] ETA: 4m9s
[1A[Jprocessed files:  69 / 180 [-] ETA: 4m9s
[1A[Jprocessed files:  69 / 180 [-] ETA: 4m9s
[1A[Jprocessed files:  69 / 180 [-] ETA: 4m9s
[1A[Jprocessed files:  69 / 180 [-] ETA: 4m9s
[1A[Jprocessed files:  69 / 180 [-] ETA: 4m9s
[1A[Jprocessed files:  69 / 180 [-] ETA: 4m9s
[1A[Jprocessed files:  69 / 180 [-] ETA: 4m9s
[1A[Jprocessed files:  69 / 180 [-] ETA: 4m9s
[1A[Jprocessed files:  70 / 180 [-] ETA: 4m1s
[1A[Jprocessed files:  70 / 180 [-] ETA: 4m1s
[1A[Jprocessed files:  70 / 180 [-] ETA: 4m1s
[1A[Jprocessed files:  70 / 180 [-] ETA: 4m1s
[1A[Jprocessed files:  70 / 180 [-] ETA: 4m1s
[1A[Jprocessed files:  70 / 180 [-] ETA: 4m1s
[1A[Jprocessed files:  70 / 180 [-] ETA: 4m1s
[1A[Jprocessed files:  70 / 180 [-] ETA: 4m1s
[1A[Jprocessed files:  70 / 180 [-] ETA: 4m1s
[1A[Jprocessed files:  70 / 180 [-] ETA: 4m1s
[1A[Jprocessed files:  70 / 180 [-] ETA: 4m1s
[1A[Jprocessed files:  70 / 180 [-] ETA: 4m1s
[1A[Jprocessed files:  70 / 180 [-] ETA: 4m1s
[1A[Jprocessed files:  71 / 180 [] ETA: 3m37s
[1A[Jprocessed files:  71 / 180 [] ETA: 3m37s
[1A[Jprocessed files:  71 / 180 [] ETA: 3m37s
[1A[Jprocessed files:  71 / 180 [] ETA: 3m37s
[1A[Jprocessed files:  71 / 180 [] ETA: 3m37s
[1A[Jprocessed files:  71 / 180 [] ETA: 3m37s
[1A[Jprocessed files:  71 / 180 [] ETA: 3m37s
[1A[Jprocessed files:  71 / 180 [] ETA: 3m37s
[1A[Jprocessed files:  71 / 180 [] ETA: 3m37s
[1A[Jprocessed files:  71 / 180 [] ETA: 3m37s
[1A[Jprocessed files:  71 / 180 [] ETA: 3m37s
[1A[Jprocessed files:  71 / 180 [] ETA: 3m37s
[1A[Jprocessed files:  71 / 180 [] ETA: 3m37s
[1A[Jprocessed files:  71 / 180 [] ETA: 3m37s
[1A[Jprocessed files:  72 / 180 [] ETA: 3m24s
[1A[Jprocessed files:  72 / 180 [] ETA: 3m24s
[1A[Jprocessed files:  72 / 180 [] ETA: 3m24s
[1A[Jprocessed files:  72 / 180 [] ETA: 3m24s
[1A[Jprocessed files:  72 / 180 [] ETA: 3m24s
[1A[Jprocessed files:  72 / 180 [] ETA: 3m24s
[1A[Jprocessed files:  72 / 180 [] ETA: 3m24s
[1A[Jprocessed files:  72 / 180 [] ETA: 3m24s
[1A[Jprocessed files:  72 / 180 [] ETA: 3m24s
[1A[Jprocessed files:  72 / 180 [] ETA: 3m24s
[1A[Jprocessed files:  72 / 180 [] ETA: 3m24s
[1A[Jprocessed files:  72 / 180 [] ETA: 3m24s
[1A[Jprocessed files:  72 / 180 [] ETA: 3m24s
[1A[Jprocessed files:  72 / 180 [] ETA: 3m24s
[1A[Jprocessed files:  73 / 180 [] ETA: 3m15s
[1A[Jprocessed files:  73 / 180 [] ETA: 3m15s
[1A[Jprocessed files:  73 / 180 [] ETA: 3m15s
[1A[Jprocessed files:  73 / 180 [] ETA: 3m15s
[1A[Jprocessed files:  73 / 180 [] ETA: 3m15s
[1A[Jprocessed files:  73 / 180 [] ETA: 3m15s
[1A[Jprocessed files:  73 / 180 [] ETA: 3m15s
[1A[Jprocessed files:  73 / 180 [] ETA: 3m15s
[1A[Jprocessed files:  73 / 180 [] ETA: 3m15s
[1A[Jprocessed files:  73 / 180 [] ETA: 3m15s
[1A[Jprocessed files:  73 / 180 [] ETA: 3m15s
[1A[Jprocessed files:  73 / 180 [] ETA: 3m15s
[1A[Jprocessed files:  73 / 180 [] ETA: 3m15s
[1A[Jprocessed files:  73 / 180 [] ETA: 3m15s
[1A[Jprocessed files:  73 / 180 [] ETA: 3m15s
[1A[Jprocessed files:  74 / 180 [] ETA: 3m12s
[1A[Jprocessed files:  74 / 180 [] ETA: 3m12s
[1A[Jprocessed files:  74 / 180 [] ETA: 3m12s
[1A[Jprocessed files:  74 / 180 [] ETA: 3m12s
[1A[Jprocessed files:  74 / 180 [] ETA: 3m12s
[1A[Jprocessed files:  74 / 180 [] ETA: 3m12s
[1A[Jprocessed files:  74 / 180 [] ETA: 3m12s
[1A[Jprocessed files:  74 / 180 [] ETA: 3m12s
[1A[Jprocessed files:  74 / 180 [] ETA: 3m12s
[1A[Jprocessed files:  74 / 180 [] ETA: 3m12s
[1A[Jprocessed files:  74 / 180 [] ETA: 3m12s
[1A[Jprocessed files:  74 / 180 [] ETA: 3m12s
[1A[Jprocessed files:  74 / 180 [] ETA: 3m12s
[1A[Jprocessed files:  74 / 180 [] ETA: 3m12s
[1A[Jprocessed files:  74 / 180 [] ETA: 3m12s
[1A[Jprocessed files:  74 / 180 [] ETA: 3m12s
[1A[Jprocessed files:  75 / 180 [] ETA: 3m12s
[1A[Jprocessed files:  75 / 180 [] ETA: 3m12s
[1A[Jprocessed files:  75 / 180 [] ETA: 3m12s
[1A[Jprocessed files:  75 / 180 [] ETA: 3m12s
[1A[Jprocessed files:  75 / 180 [] ETA: 3m12s
[1A[Jprocessed files:  75 / 180 [] ETA: 3m12s
[1A[Jprocessed files:  75 / 180 [] ETA: 3m12s
[1A[Jprocessed files:  75 / 180 [] ETA: 3m12s
[1A[Jprocessed files:  75 / 180 [] ETA: 3m12s
[1A[Jprocessed files:  75 / 180 [] ETA: 3m12s
[1A[Jprocessed files:  75 / 180 [] ETA: 3m12s
[1A[Jprocessed files:  75 / 180 [] ETA: 3m12s
[1A[Jprocessed files:  75 / 180 [] ETA: 3m12s
[1A[Jprocessed files:  75 / 180 [] ETA: 3m12s
[1A[Jprocessed files:  75 / 180 [] ETA: 3m12s
[1A[Jprocessed files:  75 / 180 [] ETA: 3m12s
[1A[Jprocessed files:  76 / 180 [] ETA: 3m15s
[1A[Jprocessed files:  76 / 180 [] ETA: 3m15s
[1A[Jprocessed files:  76 / 180 [] ETA: 3m15s
[1A[Jprocessed files:  76 / 180 [] ETA: 3m15s
[1A[Jprocessed files:  76 / 180 [] ETA: 3m15s
[1A[Jprocessed files:  76 / 180 [] ETA: 3m15s
[1A[Jprocessed files:  76 / 180 [] ETA: 3m15s
[1A[Jprocessed files:  76 / 180 [] ETA: 3m15s
[1A[Jprocessed files:  76 / 180 [] ETA: 3m15s
[1A[Jprocessed files:  76 / 180 [] ETA: 3m15s
[1A[Jprocessed files:  76 / 180 [] ETA: 3m15s
[1A[Jprocessed files:  76 / 180 [] ETA: 3m15s
[1A[Jprocessed files:  76 / 180 [] ETA: 3m15s
[1A[Jprocessed files:  76 / 180 [] ETA: 3m15s
[1A[Jprocessed files:  76 / 180 [] ETA: 3m15s
[1A[Jprocessed files:  76 / 180 [] ETA: 3m15s
[1A[Jprocessed files:  76 / 180 [] ETA: 3m15s
[1A[Jprocessed files:  76 / 180 [] ETA: 3m15s
[1A[Jprocessed files:  76 / 180 [] ETA: 3m15s
[1A[Jprocessed files:  76 / 180 [] ETA: 3m15s
[1A[Jprocessed files:  76 / 180 [] ETA: 3m15s
[1A[Jprocessed files:  76 / 180 [] ETA: 3m15s
[1A[Jprocessed files:  77 / 180 [] ETA: 3m37s
[1A[Jprocessed files:  77 / 180 [] ETA: 3m37s
[1A[Jprocessed files:  77 / 180 [] ETA: 3m37s
[1A[Jprocessed files:  77 / 180 [] ETA: 3m37s
[1A[Jprocessed files:  77 / 180 [] ETA: 3m37s
[1A[Jprocessed files:  77 / 180 [] ETA: 3m37s
[1A[Jprocessed files:  77 / 180 [] ETA: 3m37s
[1A[Jprocessed files:  77 / 180 [] ETA: 3m37s
[1A[Jprocessed files:  77 / 180 [] ETA: 3m37s
[1A[Jprocessed files:  77 / 180 [] ETA: 3m37s
[1A[Jprocessed files:  77 / 180 [] ETA: 3m37s
[1A[Jprocessed files:  77 / 180 [] ETA: 3m37s
[1A[Jprocessed files:  77 / 180 [] ETA: 3m37s
[1A[Jprocessed files:  77 / 180 [] ETA: 3m37s
[1A[Jprocessed files:  77 / 180 [] ETA: 3m37s
[1A[Jprocessed files:  77 / 180 [] ETA: 3m37s
[1A[Jprocessed files:  77 / 180 [] ETA: 3m37s
[1A[Jprocessed files:  77 / 180 [] ETA: 3m37s
[1A[Jprocessed files:  77 / 180 [] ETA: 3m37s
[1A[Jprocessed files:  77 / 180 [] ETA: 3m37s
[1A[Jprocessed files:  77 / 180 [] ETA: 3m37s
[1A[Jprocessed files:  77 / 180 [] ETA: 3m37s
[1A[Jprocessed files:  77 / 180 [] ETA: 3m37s
[1A[Jprocessed files:  78 / 180 [] ETA: 3m55s
[1A[Jprocessed files:  78 / 180 [] ETA: 3m55s
[1A[Jprocessed files:  78 / 180 [] ETA: 3m55s
[1A[Jprocessed files:  78 / 180 [] ETA: 3m55s
[1A[Jprocessed files:  78 / 180 [] ETA: 3m55s
[1A[Jprocessed files:  78 / 180 [] ETA: 3m55s
[1A[Jprocessed files:  78 / 180 [] ETA: 3m55s
[1A[Jprocessed files:  78 / 180 [] ETA: 3m55s
[1A[Jprocessed files:  78 / 180 [] ETA: 3m55s
[1A[Jprocessed files:  78 / 180 [] ETA: 3m55s
[1A[Jprocessed files:  78 / 180 [] ETA: 3m55s
[1A[Jprocessed files:  78 / 180 [] ETA: 3m55s
[1A[Jprocessed files:  78 / 180 [] ETA: 3m55s
[1A[Jprocessed files:  78 / 180 [] ETA: 3m55s
[1A[Jprocessed files:  78 / 180 [] ETA: 3m55s
[1A[Jprocessed files:  78 / 180 [] ETA: 3m55s
[1A[Jprocessed files:  78 / 180 [] ETA: 3m55s
[1A[Jprocessed files:  78 / 180 [] ETA: 3m55s
[1A[Jprocessed files:  78 / 180 [] ETA: 3m55s
[1A[Jprocessed files:  79 / 180 [] ETA: 3m54s
[1A[Jprocessed files:  79 / 180 [] ETA: 3m54s
[1A[Jprocessed files:  79 / 180 [] ETA: 3m54s
[1A[Jprocessed files:  79 / 180 [] ETA: 3m54s
[1A[Jprocessed files:  79 / 180 [] ETA: 3m54s
[1A[Jprocessed files:  79 / 180 [] ETA: 3m54s
[1A[Jprocessed files:  79 / 180 [] ETA: 3m54s
[1A[Jprocessed files:  79 / 180 [] ETA: 3m54s
[1A[Jprocessed files:  79 / 180 [] ETA: 3m54s
[1A[Jprocessed files:  79 / 180 [] ETA: 3m54s
[1A[Jprocessed files:  79 / 180 [] ETA: 3m54s
[1A[Jprocessed files:  79 / 180 [] ETA: 3m54s
[1A[Jprocessed files:  79 / 180 [] ETA: 3m54s
[1A[Jprocessed files:  79 / 180 [] ETA: 3m54s
[1A[Jprocessed files:  79 / 180 [] ETA: 3m54s
[1A[Jprocessed files:  79 / 180 [] ETA: 3m54s
[1A[Jprocessed files:  79 / 180 [] ETA: 3m54s
[1A[Jprocessed files:  79 / 180 [] ETA: 3m54s
[1A[Jprocessed files:  79 / 180 [] ETA: 3m54s
[1A[Jprocessed files:  79 / 180 [] ETA: 3m54s
[1A[Jprocessed files:  80 / 180 [] ETA: 3m56s
[1A[Jprocessed files:  80 / 180 [] ETA: 3m56s
[1A[Jprocessed files:  80 / 180 [] ETA: 3m56s
[1A[Jprocessed files:  80 / 180 [] ETA: 3m56s
[1A[Jprocessed files:  80 / 180 [] ETA: 3m56s
[1A[Jprocessed files:  80 / 180 [] ETA: 3m56s
[1A[Jprocessed files:  80 / 180 [] ETA: 3m56s
[1A[Jprocessed files:  80 / 180 [] ETA: 3m56s
[1A[Jprocessed files:  80 / 180 [] ETA: 3m56s
[1A[Jprocessed files:  80 / 180 [] ETA: 3m56s
[1A[Jprocessed files:  80 / 180 [] ETA: 3m56s
[1A[Jprocessed files:  80 / 180 [] ETA: 3m56s
[1A[Jprocessed files:  80 / 180 [] ETA: 3m56s
[1A[Jprocessed files:  80 / 180 [] ETA: 3m56s
[1A[Jprocessed files:  80 / 180 [] ETA: 3m56s
[1A[Jprocessed files:  80 / 180 [] ETA: 3m56s
[1A[Jprocessed files:  80 / 180 [] ETA: 3m56s
[1A[Jprocessed files:  80 / 180 [] ETA: 3m56s
[1A[Jprocessed files:  80 / 180 [] ETA: 3m56s
[1A[Jprocessed files:  80 / 180 [] ETA: 3m56s
[1A[Jprocessed files:  80 / 180 [] ETA: 3m56s
[1A[Jprocessed files:  80 / 180 [] ETA: 3m56s
[1A[Jprocessed files:  81 / 180 [-] ETA: 4m0s
[1A[Jprocessed files:  81 / 180 [-] ETA: 4m0s
[1A[Jprocessed files:  81 / 180 [-] ETA: 4m0s
[1A[Jprocessed files:  81 / 180 [-] ETA: 4m0s
[1A[Jprocessed files:  81 / 180 [-] ETA: 4m0s
[1A[Jprocessed files:  81 / 180 [-] ETA: 4m0s
[1A[Jprocessed files:  81 / 180 [-] ETA: 4m0s
[1A[Jprocessed files:  81 / 180 [-] ETA: 4m0s
[1A[Jprocessed files:  81 / 180 [-] ETA: 4m0s
[1A[Jprocessed files:  81 / 180 [-] ETA: 4m0s
[1A[Jprocessed files:  81 / 180 [-] ETA: 4m0s
[1A[Jprocessed files:  81 / 180 [-] ETA: 4m0s
[1A[Jprocessed files:  81 / 180 [-] ETA: 4m0s
[1A[Jprocessed files:  81 / 180 [-] ETA: 4m0s
[1A[Jprocessed files:  81 / 180 [-] ETA: 4m0s
[1A[Jprocessed files:  81 / 180 [-] ETA: 4m0s
[1A[Jprocessed files:  81 / 180 [-] ETA: 4m0s
[1A[Jprocessed files:  81 / 180 [-] ETA: 4m0s
[1A[Jprocessed files:  81 / 180 [-] ETA: 4m0s
[1A[Jprocessed files:  81 / 180 [-] ETA: 4m0s
[1A[Jprocessed files:  81 / 180 [-] ETA: 4m0s
[1A[Jprocessed files:  81 / 180 [-] ETA: 4m0s
[1A[Jprocessed files:  82 / 180 [-] ETA: 4m7s
[1A[Jprocessed files:  82 / 180 [-] ETA: 4m7s
[1A[Jprocessed files:  82 / 180 [-] ETA: 4m7s
[1A[Jprocessed files:  82 / 180 [-] ETA: 4m7s
[1A[Jprocessed files:  82 / 180 [-] ETA: 4m7s
[1A[Jprocessed files:  82 / 180 [-] ETA: 4m7s
[1A[Jprocessed files:  82 / 180 [-] ETA: 4m7s
[1A[Jprocessed files:  82 / 180 [-] ETA: 4m7s
[1A[Jprocessed files:  82 / 180 [-] ETA: 4m7s
[1A[Jprocessed files:  82 / 180 [-] ETA: 4m7s
[1A[Jprocessed files:  82 / 180 [-] ETA: 4m7s
[1A[Jprocessed files:  82 / 180 [-] ETA: 4m7s
[1A[Jprocessed files:  82 / 180 [-] ETA: 4m7s
[1A[Jprocessed files:  82 / 180 [-] ETA: 4m7s
[1A[Jprocessed files:  82 / 180 [-] ETA: 4m7s
[1A[Jprocessed files:  82 / 180 [-] ETA: 4m7s
[1A[Jprocessed files:  83 / 180 [] ETA: 3m42s
[1A[Jprocessed files:  83 / 180 [] ETA: 3m42s
[1A[Jprocessed files:  83 / 180 [] ETA: 3m42s
[1A[Jprocessed files:  83 / 180 [] ETA: 3m42s
[1A[Jprocessed files:  83 / 180 [] ETA: 3m42s
[1A[Jprocessed files:  83 / 180 [] ETA: 3m42s
[1A[Jprocessed files:  83 / 180 [] ETA: 3m42s
[1A[Jprocessed files:  83 / 180 [] ETA: 3m42s
[1A[Jprocessed files:  83 / 180 [] ETA: 3m42s
[1A[Jprocessed files:  83 / 180 [] ETA: 3m42s
[1A[Jprocessed files:  83 / 180 [] ETA: 3m42s
[1A[Jprocessed files:  83 / 180 [] ETA: 3m42s
[1A[Jprocessed files:  83 / 180 [] ETA: 3m42s
[1A[Jprocessed files:  83 / 180 [] ETA: 3m42s
[1A[Jprocessed files:  83 / 180 [] ETA: 3m42s
[1A[Jprocessed files:  83 / 180 [] ETA: 3m42s
[1A[Jprocessed files:  84 / 180 [] ETA: 3m29s
[1A[Jprocessed files:  84 / 180 [] ETA: 3m29s
[1A[Jprocessed files:  84 / 180 [] ETA: 3m29s
[1A[Jprocessed files:  84 / 180 [] ETA: 3m29s
[1A[Jprocessed files:  84 / 180 [] ETA: 3m29s
[1A[Jprocessed files:  84 / 180 [] ETA: 3m29s
[1A[Jprocessed files:  84 / 180 [] ETA: 3m29s
[1A[Jprocessed files:  84 / 180 [] ETA: 3m29s
[1A[Jprocessed files:  84 / 180 [] ETA: 3m29s
[1A[Jprocessed files:  84 / 180 [] ETA: 3m29s
[1A[Jprocessed files:  84 / 180 [] ETA: 3m29s
[1A[Jprocessed files:  84 / 180 [] ETA: 3m29s
[1A[Jprocessed files:  84 / 180 [] ETA: 3m29s
[1A[Jprocessed files:  84 / 180 [] ETA: 3m29s
[1A[Jprocessed files:  84 / 180 [] ETA: 3m29s
[1A[Jprocessed files:  84 / 180 [] ETA: 3m29s
[1A[Jprocessed files:  84 / 180 [] ETA: 3m29s
[1A[Jprocessed files:  84 / 180 [] ETA: 3m29s
[1A[Jprocessed files:  85 / 180 [] ETA: 3m25s
[1A[Jprocessed files:  85 / 180 [] ETA: 3m25s
[1A[Jprocessed files:  85 / 180 [] ETA: 3m25s
[1A[Jprocessed files:  85 / 180 [] ETA: 3m25s
[1A[Jprocessed files:  85 / 180 [] ETA: 3m25s
[1A[Jprocessed files:  85 / 180 [] ETA: 3m25s
[1A[Jprocessed files:  85 / 180 [] ETA: 3m25s
[1A[Jprocessed files:  85 / 180 [] ETA: 3m25s
[1A[Jprocessed files:  85 / 180 [] ETA: 3m25s
[1A[Jprocessed files:  85 / 180 [] ETA: 3m25s
[1A[Jprocessed files:  85 / 180 [] ETA: 3m25s
[1A[Jprocessed files:  85 / 180 [] ETA: 3m25s
[1A[Jprocessed files:  85 / 180 [] ETA: 3m25s
[1A[Jprocessed files:  85 / 180 [] ETA: 3m25s
[1A[Jprocessed files:  85 / 180 [] ETA: 3m25s
[1A[Jprocessed files:  85 / 180 [] ETA: 3m25s
[1A[Jprocessed files:  85 / 180 [] ETA: 3m25s
[1A[Jprocessed files:  85 / 180 [] ETA: 3m25s
[1A[Jprocessed files:  86 / 180 [] ETA: 3m25s
[1A[Jprocessed files:  86 / 180 [] ETA: 3m25s
[1A[Jprocessed files:  86 / 180 [] ETA: 3m25s
[1A[Jprocessed files:  86 / 180 [] ETA: 3m25s
[1A[Jprocessed files:  86 / 180 [] ETA: 3m25s
[1A[Jprocessed files:  86 / 180 [] ETA: 3m25s
[1A[Jprocessed files:  86 / 180 [] ETA: 3m25s
[1A[Jprocessed files:  86 / 180 [] ETA: 3m25s
[1A[Jprocessed files:  86 / 180 [] ETA: 3m25s
[1A[Jprocessed files:  86 / 180 [] ETA: 3m25s
[1A[Jprocessed files:  86 / 180 [] ETA: 3m25s
[1A[Jprocessed files:  86 / 180 [] ETA: 3m25s
[1A[Jprocessed files:  86 / 180 [] ETA: 3m25s
[1A[Jprocessed files:  86 / 180 [] ETA: 3m25s
[1A[Jprocessed files:  86 / 180 [] ETA: 3m25s
[1A[Jprocessed files:  86 / 180 [] ETA: 3m25s
[1A[Jprocessed files:  86 / 180 [] ETA: 3m25s
[1A[Jprocessed files:  86 / 180 [] ETA: 3m25s
[1A[Jprocessed files:  86 / 180 [] ETA: 3m25s
[1A[Jprocessed files:  87 / 180 [] ETA: 3m24s
[1A[Jprocessed files:  87 / 180 [] ETA: 3m24s
[1A[Jprocessed files:  87 / 180 [] ETA: 3m24s
[1A[Jprocessed files:  87 / 180 [] ETA: 3m24s
[1A[Jprocessed files:  87 / 180 [] ETA: 3m24s
[1A[Jprocessed files:  87 / 180 [] ETA: 3m24s
[1A[Jprocessed files:  87 / 180 [] ETA: 3m24s
[1A[Jprocessed files:  87 / 180 [] ETA: 3m24s
[1A[Jprocessed files:  87 / 180 [] ETA: 3m24s
[1A[Jprocessed files:  87 / 180 [] ETA: 3m24s
[1A[Jprocessed files:  87 / 180 [] ETA: 3m24s
[1A[Jprocessed files:  87 / 180 [] ETA: 3m24s
[1A[Jprocessed files:  87 / 180 [] ETA: 3m24s
[1A[Jprocessed files:  87 / 180 [] ETA: 3m24s
[1A[Jprocessed files:  87 / 180 [] ETA: 3m24s
[1A[Jprocessed files:  87 / 180 [] ETA: 3m24s
[1A[Jprocessed files:  87 / 180 [] ETA: 3m24s
[1A[Jprocessed files:  87 / 180 [] ETA: 3m24s
[1A[Jprocessed files:  87 / 180 [] ETA: 3m24s
[1A[Jprocessed files:  87 / 180 [] ETA: 3m24s
[1A[Jprocessed files:  88 / 180 [] ETA: 3m27s
[1A[Jprocessed files:  88 / 180 [] ETA: 3m27s
[1A[Jprocessed files:  88 / 180 [] ETA: 3m27s
[1A[Jprocessed files:  88 / 180 [] ETA: 3m27s
[1A[Jprocessed files:  88 / 180 [] ETA: 3m27s
[1A[Jprocessed files:  88 / 180 [] ETA: 3m27s
[1A[Jprocessed files:  88 / 180 [] ETA: 3m27s
[1A[Jprocessed files:  88 / 180 [] ETA: 3m27s
[1A[Jprocessed files:  88 / 180 [] ETA: 3m27s
[1A[Jprocessed files:  88 / 180 [] ETA: 3m27s
[1A[Jprocessed files:  88 / 180 [] ETA: 3m27s
[1A[Jprocessed files:  88 / 180 [] ETA: 3m27s
[1A[Jprocessed files:  88 / 180 [] ETA: 3m27s
[1A[Jprocessed files:  88 / 180 [] ETA: 3m27s
[1A[Jprocessed files:  88 / 180 [] ETA: 3m27s
[1A[Jprocessed files:  89 / 180 [] ETA: 3m12s
[1A[Jprocessed files:  89 / 180 [] ETA: 3m12s
[1A[Jprocessed files:  89 / 180 [] ETA: 3m12s
[1A[Jprocessed files:  89 / 180 [] ETA: 3m12s
[1A[Jprocessed files:  89 / 180 [] ETA: 3m12s
[1A[Jprocessed files:  89 / 180 [] ETA: 3m12s
[1A[Jprocessed files:  89 / 180 [] ETA: 3m12s
[1A[Jprocessed files:  89 / 180 [] ETA: 3m12s
[1A[Jprocessed files:  89 / 180 [] ETA: 3m12s
[1A[Jprocessed files:  89 / 180 [] ETA: 3m12s
[1A[Jprocessed files:  89 / 180 [] ETA: 3m12s
[1A[Jprocessed files:  89 / 180 [] ETA: 3m12s
[1A[Jprocessed files:  89 / 180 [] ETA: 3m12s
[1A[Jprocessed files:  89 / 180 [] ETA: 3m12s
[1A[Jprocessed files:  89 / 180 [] ETA: 3m12s
[1A[Jprocessed files:  89 / 180 [] ETA: 3m12s
[1A[Jprocessed files:  90 / 180 [=] ETA: 3m4s
[1A[Jprocessed files:  90 / 180 [=] ETA: 3m4s
[1A[Jprocessed files:  90 / 180 [=] ETA: 3m4s
[1A[Jprocessed files:  90 / 180 [=] ETA: 3m4s
[1A[Jprocessed files:  90 / 180 [=] ETA: 3m4s
[1A[Jprocessed files:  90 / 180 [=] ETA: 3m4s
[1A[Jprocessed files:  90 / 180 [=] ETA: 3m4s
[1A[Jprocessed files:  90 / 180 [=] ETA: 3m4s
[1A[Jprocessed files:  90 / 180 [=] ETA: 3m4s
[1A[Jprocessed files:  90 / 180 [=] ETA: 3m4s
[1A[Jprocessed files:  90 / 180 [=] ETA: 3m4s
[1A[Jprocessed files:  90 / 180 [=] ETA: 3m4s
[1A[Jprocessed files:  90 / 180 [=] ETA: 3m4s
[1A[Jprocessed files:  90 / 180 [=] ETA: 3m4s
[1A[Jprocessed files:  90 / 180 [=] ETA: 3m4s
[1A[Jprocessed files:  90 / 180 [=] ETA: 3m4s
[1A[Jprocessed files:  90 / 180 [=] ETA: 3m4s
[1A[Jprocessed files:  90 / 180 [=] ETA: 3m4s
[1A[Jprocessed files:  90 / 180 [=] ETA: 3m4s
[1A[Jprocessed files:  90 / 180 [=] ETA: 3m4s
[1A[Jprocessed files:  91 / 180 [] ETA: 3m12s
[1A[Jprocessed files:  91 / 180 [] ETA: 3m12s
[1A[Jprocessed files:  91 / 180 [] ETA: 3m12s
[1A[Jprocessed files:  91 / 180 [] ETA: 3m12s
[1A[Jprocessed files:  91 / 180 [] ETA: 3m12s
[1A[Jprocessed files:  91 / 180 [] ETA: 3m12s
[1A[Jprocessed files:  91 / 180 [] ETA: 3m12s
[1A[Jprocessed files:  91 / 180 [] ETA: 3m12s
[1A[Jprocessed files:  91 / 180 [] ETA: 3m12s
[1A[Jprocessed files:  91 / 180 [] ETA: 3m12s
[1A[Jprocessed files:  91 / 180 [] ETA: 3m12s
[1A[Jprocessed files:  91 / 180 [] ETA: 3m12s
[1A[Jprocessed files:  91 / 180 [] ETA: 3m12s
[1A[Jprocessed files:  91 / 180 [] ETA: 3m12s
[1A[Jprocessed files:  91 / 180 [] ETA: 3m12s
[1A[Jprocessed files:  91 / 180 [] ETA: 3m12s
[1A[Jprocessed files:  91 / 180 [] ETA: 3m12s
[1A[Jprocessed files:  91 / 180 [] ETA: 3m12s
[1A[Jprocessed files:  91 / 180 [] ETA: 3m12s
[1A[Jprocessed files:  91 / 180 [] ETA: 3m12s
[1A[Jprocessed files:  91 / 180 [] ETA: 3m12s
[1A[Jprocessed files:  91 / 180 [] ETA: 3m12s
[1A[Jprocessed files:  92 / 180 [] ETA: 3m23s
[1A[Jprocessed files:  92 / 180 [] ETA: 3m23s
[1A[Jprocessed files:  92 / 180 [] ETA: 3m23s
[1A[Jprocessed files:  92 / 180 [] ETA: 3m23s
[1A[Jprocessed files:  92 / 180 [] ETA: 3m23s
[1A[Jprocessed files:  92 / 180 [] ETA: 3m23s
[1A[Jprocessed files:  92 / 180 [] ETA: 3m23s
[1A[Jprocessed files:  92 / 180 [] ETA: 3m23s
[1A[Jprocessed files:  92 / 180 [] ETA: 3m23s
[1A[Jprocessed files:  92 / 180 [] ETA: 3m23s
[1A[Jprocessed files:  92 / 180 [] ETA: 3m23s
[1A[Jprocessed files:  92 / 180 [] ETA: 3m23s
[1A[Jprocessed files:  92 / 180 [] ETA: 3m23s
[1A[Jprocessed files:  92 / 180 [] ETA: 3m23s
[1A[Jprocessed files:  93 / 180 [=] ETA: 3m3s
[1A[Jprocessed files:  93 / 180 [=] ETA: 3m3s
[1A[Jprocessed files:  93 / 180 [=] ETA: 3m3s
[1A[Jprocessed files:  93 / 180 [=] ETA: 3m3s
[1A[Jprocessed files:  93 / 180 [=] ETA: 3m3s
[1A[Jprocessed files:  93 / 180 [=] ETA: 3m3s
[1A[Jprocessed files:  93 / 180 [=] ETA: 3m3s
[1A[Jprocessed files:  93 / 180 [=] ETA: 3m3s
[1A[Jprocessed files:  93 / 180 [=] ETA: 3m3s
[1A[Jprocessed files:  93 / 180 [=] ETA: 3m3s
[1A[Jprocessed files:  93 / 180 [=] ETA: 3m3s
[1A[Jprocessed files:  93 / 180 [=] ETA: 3m3s
[1A[Jprocessed files:  93 / 180 [=] ETA: 3m3s
[1A[Jprocessed files:  93 / 180 [=] ETA: 3m3s
[1A[Jprocessed files:  93 / 180 [=] ETA: 3m3s
[1A[Jprocessed files:  93 / 180 [=] ETA: 3m3s
[1A[Jprocessed files:  93 / 180 [=] ETA: 3m3s
[1A[Jprocessed files:  94 / 180 [] ETA: 2m58s
[1A[Jprocessed files:  94 / 180 [] ETA: 2m58s
[1A[Jprocessed files:  94 / 180 [] ETA: 2m58s
[1A[Jprocessed files:  94 / 180 [] ETA: 2m58s
[1A[Jprocessed files:  94 / 180 [] ETA: 2m58s
[1A[Jprocessed files:  94 / 180 [] ETA: 2m58s
[1A[Jprocessed files:  94 / 180 [] ETA: 2m58s
[1A[Jprocessed files:  94 / 180 [] ETA: 2m58s
[1A[Jprocessed files:  94 / 180 [] ETA: 2m58s
[1A[Jprocessed files:  94 / 180 [] ETA: 2m58s
[1A[Jprocessed files:  94 / 180 [] ETA: 2m58s
[1A[Jprocessed files:  94 / 180 [] ETA: 2m58s
[1A[Jprocessed files:  94 / 180 [] ETA: 2m58s
[1A[Jprocessed files:  94 / 180 [] ETA: 2m58s
[1A[Jprocessed files:  94 / 180 [] ETA: 2m58s
[1A[Jprocessed files:  94 / 180 [] ETA: 2m58s
[1A[Jprocessed files:  94 / 180 [] ETA: 2m58s
[1A[Jprocessed files:  94 / 180 [] ETA: 2m58s
[1A[Jprocessed files:  95 / 180 [=] ETA: 3m1s
[1A[Jprocessed files:  95 / 180 [=] ETA: 3m1s
[1A[Jprocessed files:  95 / 180 [=] ETA: 3m1s
[1A[Jprocessed files:  95 / 180 [=] ETA: 3m1s
[1A[Jprocessed files:  95 / 180 [=] ETA: 3m1s
[1A[Jprocessed files:  95 / 180 [=] ETA: 3m1s
[1A[Jprocessed files:  95 / 180 [=] ETA: 3m1s
[1A[Jprocessed files:  95 / 180 [=] ETA: 3m1s
[1A[Jprocessed files:  95 / 180 [=] ETA: 3m1s
[1A[Jprocessed files:  95 / 180 [=] ETA: 3m1s
[1A[Jprocessed files:  95 / 180 [=] ETA: 3m1s
[1A[Jprocessed files:  95 / 180 [=] ETA: 3m1s
[1A[Jprocessed files:  95 / 180 [=] ETA: 3m1s
[1A[Jprocessed files:  95 / 180 [=] ETA: 3m1s
[1A[Jprocessed files:  95 / 180 [=] ETA: 3m1s
[1A[Jprocessed files:  95 / 180 [=] ETA: 3m1s
[1A[Jprocessed files:  95 / 180 [=] ETA: 3m1s
[1A[Jprocessed files:  95 / 180 [=] ETA: 3m1s
[1A[Jprocessed files:  95 / 180 [=] ETA: 3m1s
[1A[Jprocessed files:  95 / 180 [=] ETA: 3m1s
[1A[Jprocessed files:  95 / 180 [=] ETA: 3m1s
[1A[Jprocessed files:  95 / 180 [=] ETA: 3m1s
[1A[Jprocessed files:  96 / 180 [] ETA: 3m12s
[1A[Jprocessed files:  96 / 180 [] ETA: 3m12s
[1A[Jprocessed files:  96 / 180 [] ETA: 3m12s
[1A[Jprocessed files:  96 / 180 [] ETA: 3m12s
[1A[Jprocessed files:  96 / 180 [] ETA: 3m12s
[1A[Jprocessed files:  96 / 180 [] ETA: 3m12s
[1A[Jprocessed files:  96 / 180 [] ETA: 3m12s
[1A[Jprocessed files:  96 / 180 [] ETA: 3m12s
[1A[Jprocessed files:  96 / 180 [] ETA: 3m12s
[1A[Jprocessed files:  96 / 180 [] ETA: 3m12s
[1A[Jprocessed files:  96 / 180 [] ETA: 3m12s
[1A[Jprocessed files:  96 / 180 [] ETA: 3m12s
[1A[Jprocessed files:  96 / 180 [] ETA: 3m12s
[1A[Jprocessed files:  96 / 180 [] ETA: 3m12s
[1A[Jprocessed files:  96 / 180 [] ETA: 3m12s
[1A[Jprocessed files:  96 / 180 [] ETA: 3m12s
[1A[Jprocessed files:  96 / 180 [] ETA: 3m12s
[1A[Jprocessed files:  97 / 180 [=] ETA: 3m3s
[1A[Jprocessed files:  97 / 180 [=] ETA: 3m3s
[1A[Jprocessed files:  97 / 180 [=] ETA: 3m3s
[1A[Jprocessed files:  97 / 180 [=] ETA: 3m3s
[1A[Jprocessed files:  97 / 180 [=] ETA: 3m3s
[1A[Jprocessed files:  97 / 180 [=] ETA: 3m3s
[1A[Jprocessed files:  97 / 180 [=] ETA: 3m3s
[1A[Jprocessed files:  97 / 180 [=] ETA: 3m3s
[1A[Jprocessed files:  97 / 180 [=] ETA: 3m3s
[1A[Jprocessed files:  97 / 180 [=] ETA: 3m3s
[1A[Jprocessed files:  97 / 180 [=] ETA: 3m3s
[1A[Jprocessed files:  97 / 180 [=] ETA: 3m3s
[1A[Jprocessed files:  97 / 180 [=] ETA: 3m3s
[1A[Jprocessed files:  97 / 180 [=] ETA: 3m3s
[1A[Jprocessed files:  97 / 180 [=] ETA: 3m3s
[1A[Jprocessed files:  97 / 180 [=] ETA: 3m3s
[1A[Jprocessed files:  97 / 180 [=] ETA: 3m3s
[1A[Jprocessed files:  97 / 180 [=] ETA: 3m3s
[1A[Jprocessed files:  98 / 180 [=] ETA: 3m0s
[1A[Jprocessed files:  98 / 180 [=] ETA: 3m0s
[1A[Jprocessed files:  98 / 180 [=] ETA: 3m0s
[1A[Jprocessed files:  98 / 180 [=] ETA: 3m0s
[1A[Jprocessed files:  98 / 180 [=] ETA: 3m0s
[1A[Jprocessed files:  98 / 180 [=] ETA: 3m0s
[1A[Jprocessed files:  98 / 180 [=] ETA: 3m0s
[1A[Jprocessed files:  98 / 180 [=] ETA: 3m0s
[1A[Jprocessed files:  98 / 180 [=] ETA: 3m0s
[1A[Jprocessed files:  98 / 180 [=] ETA: 3m0s
[1A[Jprocessed files:  98 / 180 [=] ETA: 3m0s
[1A[Jprocessed files:  98 / 180 [=] ETA: 3m0s
[1A[Jprocessed files:  98 / 180 [=] ETA: 3m0s
[1A[Jprocessed files:  98 / 180 [=] ETA: 3m0s
[1A[Jprocessed files:  98 / 180 [=] ETA: 3m0s
[1A[Jprocessed files:  99 / 180 [] ETA: 2m47s
[1A[Jprocessed files:  99 / 180 [] ETA: 2m47s
[1A[Jprocessed files:  99 / 180 [] ETA: 2m47s
[1A[Jprocessed files:  99 / 180 [] ETA: 2m47s
[1A[Jprocessed files:  99 / 180 [] ETA: 2m47s
[1A[Jprocessed files:  99 / 180 [] ETA: 2m47s
[1A[Jprocessed files:  99 / 180 [] ETA: 2m47s
[1A[Jprocessed files:  99 / 180 [] ETA: 2m47s
[1A[Jprocessed files:  99 / 180 [] ETA: 2m47s
[1A[Jprocessed files:  99 / 180 [] ETA: 2m47s
[1A[Jprocessed files:  99 / 180 [] ETA: 2m47s
[1A[Jprocessed files:  99 / 180 [] ETA: 2m47s
[1A[Jprocessed files:  99 / 180 [] ETA: 2m47s
[1A[Jprocessed files:  99 / 180 [] ETA: 2m47s
[1A[Jprocessed files:  99 / 180 [] ETA: 2m47s
[1A[Jprocessed files:  99 / 180 [] ETA: 2m47s
[1A[Jprocessed files:  100 / 180  ETA: 2m41s
[1A[Jprocessed files:  100 / 180  ETA: 2m41s
[1A[Jprocessed files:  100 / 180  ETA: 2m41s
[1A[Jprocessed files:  100 / 180  ETA: 2m41s
[1A[Jprocessed files:  100 / 180  ETA: 2m41s
[1A[Jprocessed files:  100 / 180  ETA: 2m41s
[1A[Jprocessed files:  100 / 180  ETA: 2m41s
[1A[Jprocessed files:  100 / 180  ETA: 2m41s
[1A[Jprocessed files:  100 / 180  ETA: 2m41s
[1A[Jprocessed files:  100 / 180  ETA: 2m41s
[1A[Jprocessed files:  100 / 180  ETA: 2m41s
[1A[Jprocessed files:  100 / 180  ETA: 2m41s
[1A[Jprocessed files:  100 / 180  ETA: 2m41s
[1A[Jprocessed files:  100 / 180  ETA: 2m41s
[1A[Jprocessed files:  100 / 180  ETA: 2m41s
[1A[Jprocessed files:  100 / 180  ETA: 2m41s
[1A[Jprocessed files:  100 / 180  ETA: 2m41s
[1A[Jprocessed files:  100 / 180  ETA: 2m41s
[1A[Jprocessed files:  100 / 180  ETA: 2m41s
[1A[Jprocessed files:  100 / 180  ETA: 2m41s
[1A[Jprocessed files:  101 / 180  ETA: 2m47s
[1A[Jprocessed files:  101 / 180  ETA: 2m47s
[1A[Jprocessed files:  101 / 180  ETA: 2m47s
[1A[Jprocessed files:  101 / 180  ETA: 2m47s
[1A[Jprocessed files:  101 / 180  ETA: 2m47s
[1A[Jprocessed files:  101 / 180  ETA: 2m47s
[1A[Jprocessed files:  101 / 180  ETA: 2m47s
[1A[Jprocessed files:  101 / 180  ETA: 2m47s
[1A[Jprocessed files:  101 / 180  ETA: 2m47s
[1A[Jprocessed files:  101 / 180  ETA: 2m47s
[1A[Jprocessed files:  101 / 180  ETA: 2m47s
[1A[Jprocessed files:  101 / 180  ETA: 2m47s
[1A[Jprocessed files:  101 / 180  ETA: 2m47s
[1A[Jprocessed files:  101 / 180  ETA: 2m47s
[1A[Jprocessed files:  101 / 180  ETA: 2m47s
[1A[Jprocessed files:  101 / 180  ETA: 2m47s
[1A[Jprocessed files:  101 / 180  ETA: 2m47s
[1A[Jprocessed files:  101 / 180  ETA: 2m47s
[1A[Jprocessed files:  101 / 180  ETA: 2m47s
[1A[Jprocessed files:  101 / 180  ETA: 2m47s
[1A[Jprocessed files:  102 / 180  ETA: 2m54s
[1A[Jprocessed files:  102 / 180  ETA: 2m54s
[1A[Jprocessed files:  102 / 180  ETA: 2m54s
[1A[Jprocessed files:  102 / 180  ETA: 2m54s
[1A[Jprocessed files:  102 / 180  ETA: 2m54s
[1A[Jprocessed files:  102 / 180  ETA: 2m54s
[1A[Jprocessed files:  102 / 180  ETA: 2m54s
[1A[Jprocessed files:  102 / 180  ETA: 2m54s
[1A[Jprocessed files:  102 / 180  ETA: 2m54s
[1A[Jprocessed files:  102 / 180  ETA: 2m54s
[1A[Jprocessed files:  102 / 180  ETA: 2m54s
[1A[Jprocessed files:  102 / 180  ETA: 2m54s
[1A[Jprocessed files:  102 / 180  ETA: 2m54s
[1A[Jprocessed files:  102 / 180  ETA: 2m54s
[1A[Jprocessed files:  102 / 180  ETA: 2m54s
[1A[Jprocessed files:  102 / 180  ETA: 2m54s
[1A[Jprocessed files:  102 / 180  ETA: 2m54s
[1A[Jprocessed files:  102 / 180  ETA: 2m54s
[1A[Jprocessed files:  102 / 180  ETA: 2m54s
[1A[Jprocessed files:  103 / 180  ETA: 2m54s
[1A[Jprocessed files:  103 / 180  ETA: 2m54s
[1A[Jprocessed files:  103 / 180  ETA: 2m54s
[1A[Jprocessed files:  103 / 180  ETA: 2m54s
[1A[Jprocessed files:  103 / 180  ETA: 2m54s
[1A[Jprocessed files:  103 / 180  ETA: 2m54s
[1A[Jprocessed files:  103 / 180  ETA: 2m54s
[1A[Jprocessed files:  103 / 180  ETA: 2m54s
[1A[Jprocessed files:  103 / 180  ETA: 2m54s
[1A[Jprocessed files:  103 / 180  ETA: 2m54s
[1A[Jprocessed files:  103 / 180  ETA: 2m54s
[1A[Jprocessed files:  103 / 180  ETA: 2m54s
[1A[Jprocessed files:  103 / 180  ETA: 2m54s
[1A[Jprocessed files:  103 / 180  ETA: 2m54s
[1A[Jprocessed files:  103 / 180  ETA: 2m54s
[1A[Jprocessed files:  103 / 180  ETA: 2m54s
[1A[Jprocessed files:  103 / 180  ETA: 2m54s
[1A[Jprocessed files:  103 / 180  ETA: 2m54s
[1A[Jprocessed files:  103 / 180  ETA: 2m54s
[1A[Jprocessed files:  103 / 180  ETA: 2m54s
[1A[Jprocessed files:  103 / 180  ETA: 2m54s
[1A[Jprocessed files:  104 / 180  ETA: 2m55s
[1A[Jprocessed files:  104 / 180  ETA: 2m55s
[1A[Jprocessed files:  104 / 180  ETA: 2m55s
[1A[Jprocessed files:  104 / 180  ETA: 2m55s
[1A[Jprocessed files:  104 / 180  ETA: 2m55s
[1A[Jprocessed files:  104 / 180  ETA: 2m55s
[1A[Jprocessed files:  104 / 180  ETA: 2m55s
[1A[Jprocessed files:  104 / 180  ETA: 2m55s
[1A[Jprocessed files:  104 / 180  ETA: 2m55s
[1A[Jprocessed files:  104 / 180  ETA: 2m55s
[1A[Jprocessed files:  104 / 180  ETA: 2m55s
[1A[Jprocessed files:  104 / 180  ETA: 2m55s
[1A[Jprocessed files:  104 / 180  ETA: 2m55s
[1A[Jprocessed files:  104 / 180  ETA: 2m55s
[1A[Jprocessed files:  104 / 180  ETA: 2m55s
[1A[Jprocessed files:  104 / 180  ETA: 2m55s
[1A[Jprocessed files:  104 / 180  ETA: 2m55s
[1A[Jprocessed files:  105 / 180  ETA: 2m46s
[1A[Jprocessed files:  105 / 180  ETA: 2m46s
[1A[Jprocessed files:  105 / 180  ETA: 2m46s
[1A[Jprocessed files:  105 / 180  ETA: 2m46s
[1A[Jprocessed files:  105 / 180  ETA: 2m46s
[1A[Jprocessed files:  105 / 180  ETA: 2m46s
[1A[Jprocessed files:  105 / 180  ETA: 2m46s
[1A[Jprocessed files:  105 / 180  ETA: 2m46s
[1A[Jprocessed files:  105 / 180  ETA: 2m46s
[1A[Jprocessed files:  105 / 180  ETA: 2m46s
[1A[Jprocessed files:  105 / 180  ETA: 2m46s
[1A[Jprocessed files:  105 / 180  ETA: 2m46s
[1A[Jprocessed files:  105 / 180  ETA: 2m46s
[1A[Jprocessed files:  105 / 180  ETA: 2m46s
[1A[Jprocessed files:  105 / 180  ETA: 2m46s
[1A[Jprocessed files:  105 / 180  ETA: 2m46s
[1A[Jprocessed files:  105 / 180  ETA: 2m46s
[1A[Jprocessed files:  105 / 180  ETA: 2m46s
[1A[Jprocessed files:  106 / 180  ETA: 2m43s
[1A[Jprocessed files:  106 / 180  ETA: 2m43s
[1A[Jprocessed files:  106 / 180  ETA: 2m43s
[1A[Jprocessed files:  106 / 180  ETA: 2m43s
[1A[Jprocessed files:  106 / 180  ETA: 2m43s
[1A[Jprocessed files:  106 / 180  ETA: 2m43s
[1A[Jprocessed files:  106 / 180  ETA: 2m43s
[1A[Jprocessed files:  106 / 180  ETA: 2m43s
[1A[Jprocessed files:  106 / 180  ETA: 2m43s
[1A[Jprocessed files:  106 / 180  ETA: 2m43s
[1A[Jprocessed files:  106 / 180  ETA: 2m43s
[1A[Jprocessed files:  106 / 180  ETA: 2m43s
[1A[Jprocessed files:  106 / 180  ETA: 2m43s
[1A[Jprocessed files:  106 / 180  ETA: 2m43s
[1A[Jprocessed files:  107 / 180  ETA: 2m29s
[1A[Jprocessed files:  107 / 180  ETA: 2m29s
[1A[Jprocessed files:  107 / 180  ETA: 2m29s
[1A[Jprocessed files:  107 / 180  ETA: 2m29s
[1A[Jprocessed files:  107 / 180  ETA: 2m29s
[1A[Jprocessed files:  107 / 180  ETA: 2m29s
[1A[Jprocessed files:  107 / 180  ETA: 2m29s
[1A[Jprocessed files:  107 / 180  ETA: 2m29s
[1A[Jprocessed files:  107 / 180  ETA: 2m29s
[1A[Jprocessed files:  107 / 180  ETA: 2m29s
[1A[Jprocessed files:  107 / 180  ETA: 2m29s
[1A[Jprocessed files:  107 / 180  ETA: 2m29s
[1A[Jprocessed files:  107 / 180  ETA: 2m29s
[1A[Jprocessed files:  107 / 180  ETA: 2m29s
[1A[Jprocessed files:  107 / 180  ETA: 2m29s
[1A[Jprocessed files:  107 / 180  ETA: 2m29s
[1A[Jprocessed files:  108 / 180  ETA: 2m22s
[1A[Jprocessed files:  108 / 180  ETA: 2m22s
[1A[Jprocessed files:  108 / 180  ETA: 2m22s
[1A[Jprocessed files:  108 / 180  ETA: 2m22s
[1A[Jprocessed files:  108 / 180  ETA: 2m22s
[1A[Jprocessed files:  108 / 180  ETA: 2m22s
[1A[Jprocessed files:  108 / 180  ETA: 2m22s
[1A[Jprocessed files:  108 / 180  ETA: 2m22s
[1A[Jprocessed files:  108 / 180  ETA: 2m22s
[1A[Jprocessed files:  108 / 180  ETA: 2m22s
[1A[Jprocessed files:  108 / 180  ETA: 2m22s
[1A[Jprocessed files:  108 / 180  ETA: 2m22s
[1A[Jprocessed files:  108 / 180  ETA: 2m22s
[1A[Jprocessed files:  108 / 180  ETA: 2m22s
[1A[Jprocessed files:  109 / 180  ETA: 2m15s
[1A[Jprocessed files:  109 / 180  ETA: 2m15s
[1A[Jprocessed files:  109 / 180  ETA: 2m15s
[1A[Jprocessed files:  109 / 180  ETA: 2m15s
[1A[Jprocessed files:  109 / 180  ETA: 2m15s
[1A[Jprocessed files:  109 / 180  ETA: 2m15s
[1A[Jprocessed files:  109 / 180  ETA: 2m15s
[1A[Jprocessed files:  109 / 180  ETA: 2m15s
[1A[Jprocessed files:  109 / 180  ETA: 2m15s
[1A[Jprocessed files:  109 / 180  ETA: 2m15s
[1A[Jprocessed files:  109 / 180  ETA: 2m15s
[1A[Jprocessed files:  109 / 180  ETA: 2m15s
[1A[Jprocessed files:  109 / 180  ETA: 2m15s
[1A[Jprocessed files:  109 / 180  ETA: 2m15s
[1A[Jprocessed files:  109 / 180  ETA: 2m15s
[1A[Jprocessed files:  109 / 180  ETA: 2m15s
[1A[Jprocessed files:  110 / 180  ETA: 2m12s
[1A[Jprocessed files:  110 / 180  ETA: 2m12s
[1A[Jprocessed files:  110 / 180  ETA: 2m12s
[1A[Jprocessed files:  110 / 180  ETA: 2m12s
[1A[Jprocessed files:  110 / 180  ETA: 2m12s
[1A[Jprocessed files:  110 / 180  ETA: 2m12s
[1A[Jprocessed files:  110 / 180  ETA: 2m12s
[1A[Jprocessed files:  110 / 180  ETA: 2m12s
[1A[Jprocessed files:  110 / 180  ETA: 2m12s
[1A[Jprocessed files:  110 / 180  ETA: 2m12s
[1A[Jprocessed files:  110 / 180  ETA: 2m12s
[1A[Jprocessed files:  110 / 180  ETA: 2m12s
[1A[Jprocessed files:  110 / 180  ETA: 2m12s
[1A[Jprocessed files:  110 / 180  ETA: 2m12s
[1A[Jprocessed files:  110 / 180  ETA: 2m12s
[1A[Jprocessed files:  111 / 180 [] ETA: 2m8s
[1A[Jprocessed files:  111 / 180 [] ETA: 2m8s
[1A[Jprocessed files:  111 / 180 [] ETA: 2m8s
[1A[Jprocessed files:  111 / 180 [] ETA: 2m8s
[1A[Jprocessed files:  111 / 180 [] ETA: 2m8s
[1A[Jprocessed files:  111 / 180 [] ETA: 2m8s
[1A[Jprocessed files:  111 / 180 [] ETA: 2m8s
[1A[Jprocessed files:  111 / 180 [] ETA: 2m8s
[1A[Jprocessed files:  111 / 180 [] ETA: 2m8s
[1A[Jprocessed files:  111 / 180 [] ETA: 2m8s
[1A[Jprocessed files:  111 / 180 [] ETA: 2m8s
[1A[Jprocessed files:  111 / 180 [] ETA: 2m8s
[1A[Jprocessed files:  111 / 180 [] ETA: 2m8s
[1A[Jprocessed files:  111 / 180 [] ETA: 2m8s
[1A[Jprocessed files:  111 / 180 [] ETA: 2m8s
[1A[Jprocessed files:  112 / 180 [] ETA: 2m7s
[1A[Jprocessed files:  112 / 180 [] ETA: 2m7s
[1A[Jprocessed files:  112 / 180 [] ETA: 2m7s
[1A[Jprocessed files:  112 / 180 [] ETA: 2m7s
[1A[Jprocessed files:  112 / 180 [] ETA: 2m7s
[1A[Jprocessed files:  112 / 180 [] ETA: 2m7s
[1A[Jprocessed files:  112 / 180 [] ETA: 2m7s
[1A[Jprocessed files:  112 / 180 [] ETA: 2m7s
[1A[Jprocessed files:  112 / 180 [] ETA: 2m7s
[1A[Jprocessed files:  112 / 180 [] ETA: 2m7s
[1A[Jprocessed files:  112 / 180 [] ETA: 2m7s
[1A[Jprocessed files:  112 / 180 [] ETA: 2m7s
[1A[Jprocessed files:  112 / 180 [] ETA: 2m7s
[1A[Jprocessed files:  112 / 180 [] ETA: 2m7s
[1A[Jprocessed files:  112 / 180 [] ETA: 2m7s
[1A[Jprocessed files:  113 / 180 [] ETA: 2m1s
[1A[Jprocessed files:  113 / 180 [] ETA: 2m1s
[1A[Jprocessed files:  113 / 180 [] ETA: 2m1s
[1A[Jprocessed files:  113 / 180 [] ETA: 2m1s
[1A[Jprocessed files:  113 / 180 [] ETA: 2m1s
[1A[Jprocessed files:  113 / 180 [] ETA: 2m1s
[1A[Jprocessed files:  113 / 180 [] ETA: 2m1s
[1A[Jprocessed files:  113 / 180 [] ETA: 2m1s
[1A[Jprocessed files:  113 / 180 [] ETA: 2m1s
[1A[Jprocessed files:  113 / 180 [] ETA: 2m1s
[1A[Jprocessed files:  113 / 180 [] ETA: 2m1s
[1A[Jprocessed files:  113 / 180 [] ETA: 2m1s
[1A[Jprocessed files:  113 / 180 [] ETA: 2m1s
[1A[Jprocessed files:  113 / 180 [] ETA: 2m1s
[1A[Jprocessed files:  113 / 180 [] ETA: 2m1s
[1A[Jprocessed files:  114 / 180  ETA: 1m59s
[1A[Jprocessed files:  114 / 180  ETA: 1m59s
[1A[Jprocessed files:  114 / 180  ETA: 1m59s
[1A[Jprocessed files:  114 / 180  ETA: 1m59s
[1A[Jprocessed files:  114 / 180  ETA: 1m59s
[1A[Jprocessed files:  114 / 180  ETA: 1m59s
[1A[Jprocessed files:  114 / 180  ETA: 1m59s
[1A[Jprocessed files:  114 / 180  ETA: 1m59s
[1A[Jprocessed files:  114 / 180  ETA: 1m59s
[1A[Jprocessed files:  114 / 180  ETA: 1m59s
[1A[Jprocessed files:  114 / 180  ETA: 1m59s
[1A[Jprocessed files:  114 / 180  ETA: 1m59s
[1A[Jprocessed files:  114 / 180  ETA: 1m59s
[1A[Jprocessed files:  114 / 180  ETA: 1m59s
[1A[Jprocessed files:  114 / 180  ETA: 1m59s
[1A[Jprocessed files:  114 / 180  ETA: 1m59s
[1A[Jprocessed files:  114 / 180  ETA: 1m59s
[1A[Jprocessed files:  115 / 180 [] ETA: 2m4s
[1A[Jprocessed files:  115 / 180 [] ETA: 2m4s
[1A[Jprocessed files:  115 / 180 [] ETA: 2m4s
[1A[Jprocessed files:  115 / 180 [] ETA: 2m4s
[1A[Jprocessed files:  115 / 180 [] ETA: 2m4s
[1A[Jprocessed files:  115 / 180 [] ETA: 2m4s
[1A[Jprocessed files:  115 / 180 [] ETA: 2m4s
[1A[Jprocessed files:  115 / 180 [] ETA: 2m4s
[1A[Jprocessed files:  115 / 180 [] ETA: 2m4s
[1A[Jprocessed files:  115 / 180 [] ETA: 2m4s
[1A[Jprocessed files:  115 / 180 [] ETA: 2m4s
[1A[Jprocessed files:  115 / 180 [] ETA: 2m4s
[1A[Jprocessed files:  115 / 180 [] ETA: 2m4s
[1A[Jprocessed files:  115 / 180 [] ETA: 2m4s
[1A[Jprocessed files:  115 / 180 [] ETA: 2m4s
[1A[Jprocessed files:  115 / 180 [] ETA: 2m4s
[1A[Jprocessed files:  115 / 180 [] ETA: 2m4s
[1A[Jprocessed files:  115 / 180 [] ETA: 2m4s
[1A[Jprocessed files:  115 / 180 [] ETA: 2m4s
[1A[Jprocessed files:  116 / 180  ETA: 2m10s
[1A[Jprocessed files:  116 / 180  ETA: 2m10s
[1A[Jprocessed files:  116 / 180  ETA: 2m10s
[1A[Jprocessed files:  116 / 180  ETA: 2m10s
[1A[Jprocessed files:  116 / 180  ETA: 2m10s
[1A[Jprocessed files:  116 / 180  ETA: 2m10s
[1A[Jprocessed files:  116 / 180  ETA: 2m10s
[1A[Jprocessed files:  116 / 180  ETA: 2m10s
[1A[Jprocessed files:  116 / 180  ETA: 2m10s
[1A[Jprocessed files:  116 / 180  ETA: 2m10s
[1A[Jprocessed files:  116 / 180  ETA: 2m10s
[1A[Jprocessed files:  116 / 180  ETA: 2m10s
[1A[Jprocessed files:  116 / 180  ETA: 2m10s
[1A[Jprocessed files:  116 / 180  ETA: 2m10s
[1A[Jprocessed files:  116 / 180  ETA: 2m10s
[1A[Jprocessed files:  116 / 180  ETA: 2m10s
[1A[Jprocessed files:  117 / 180 [] ETA: 2m5s
[1A[Jprocessed files:  117 / 180 [] ETA: 2m5s
[1A[Jprocessed files:  117 / 180 [] ETA: 2m5s
[1A[Jprocessed files:  117 / 180 [] ETA: 2m5s
[1A[Jprocessed files:  117 / 180 [] ETA: 2m5s
[1A[Jprocessed files:  117 / 180 [] ETA: 2m5s
[1A[Jprocessed files:  117 / 180 [] ETA: 2m5s
[1A[Jprocessed files:  117 / 180 [] ETA: 2m5s
[1A[Jprocessed files:  117 / 180 [] ETA: 2m5s
[1A[Jprocessed files:  117 / 180 [] ETA: 2m5s
[1A[Jprocessed files:  117 / 180 [] ETA: 2m5s
[1A[Jprocessed files:  117 / 180 [] ETA: 2m5s
[1A[Jprocessed files:  117 / 180 [] ETA: 2m5s
[1A[Jprocessed files:  117 / 180 [] ETA: 2m5s
[1A[Jprocessed files:  117 / 180 [] ETA: 2m5s
[1A[Jprocessed files:  117 / 180 [] ETA: 2m5s
[1A[Jprocessed files:  117 / 180 [] ETA: 2m5s
[1A[Jprocessed files:  118 / 180 [] ETA: 2m4s
[1A[Jprocessed files:  118 / 180 [] ETA: 2m4s
[1A[Jprocessed files:  118 / 180 [] ETA: 2m4s
[1A[Jprocessed files:  118 / 180 [] ETA: 2m4s
[1A[Jprocessed files:  118 / 180 [] ETA: 2m4s
[1A[Jprocessed files:  118 / 180 [] ETA: 2m4s
[1A[Jprocessed files:  118 / 180 [] ETA: 2m4s
[1A[Jprocessed files:  118 / 180 [] ETA: 2m4s
[1A[Jprocessed files:  118 / 180 [] ETA: 2m4s
[1A[Jprocessed files:  118 / 180 [] ETA: 2m4s
[1A[Jprocessed files:  118 / 180 [] ETA: 2m4s
[1A[Jprocessed files:  118 / 180 [] ETA: 2m4s
[1A[Jprocessed files:  118 / 180 [] ETA: 2m4s
[1A[Jprocessed files:  118 / 180 [] ETA: 2m4s
[1A[Jprocessed files:  118 / 180 [] ETA: 2m4s
[1A[Jprocessed files:  118 / 180 [] ETA: 2m4s
[1A[Jprocessed files:  118 / 180 [] ETA: 2m4s
[1A[Jprocessed files:  118 / 180 [] ETA: 2m4s
[1A[Jprocessed files:  118 / 180 [] ETA: 2m4s
[1A[Jprocessed files:  119 / 180 [] ETA: 2m6s
[1A[Jprocessed files:  119 / 180 [] ETA: 2m6s
[1A[Jprocessed files:  119 / 180 [] ETA: 2m6s
[1A[Jprocessed files:  119 / 180 [] ETA: 2m6s
[1A[Jprocessed files:  119 / 180 [] ETA: 2m6s
[1A[Jprocessed files:  119 / 180 [] ETA: 2m6s
[1A[Jprocessed files:  119 / 180 [] ETA: 2m6s
[1A[Jprocessed files:  119 / 180 [] ETA: 2m6s
[1A[Jprocessed files:  119 / 180 [] ETA: 2m6s
[1A[Jprocessed files:  119 / 180 [] ETA: 2m6s
[1A[Jprocessed files:  119 / 180 [] ETA: 2m6s
[1A[Jprocessed files:  119 / 180 [] ETA: 2m6s
[1A[Jprocessed files:  119 / 180 [] ETA: 2m6s
[1A[Jprocessed files:  119 / 180 [] ETA: 2m6s
[1A[Jprocessed files:  119 / 180 [] ETA: 2m6s
[1A[Jprocessed files:  119 / 180 [] ETA: 2m6s
[1A[Jprocessed files:  119 / 180 [] ETA: 2m6s
[1A[Jprocessed files:  119 / 180 [] ETA: 2m6s
[1A[Jprocessed files:  119 / 180 [] ETA: 2m6s
[1A[Jprocessed files:  120 / 180 [] ETA: 2m9s
[1A[Jprocessed files:  120 / 180 [] ETA: 2m9s
[1A[Jprocessed files:  120 / 180 [] ETA: 2m9s
[1A[Jprocessed files:  120 / 180 [] ETA: 2m9s
[1A[Jprocessed files:  120 / 180 [] ETA: 2m9s
[1A[Jprocessed files:  120 / 180 [] ETA: 2m9s
[1A[Jprocessed files:  120 / 180 [] ETA: 2m9s
[1A[Jprocessed files:  120 / 180 [] ETA: 2m9s
[1A[Jprocessed files:  120 / 180 [] ETA: 2m9s
[1A[Jprocessed files:  120 / 180 [] ETA: 2m9s
[1A[Jprocessed files:  120 / 180 [] ETA: 2m9s
[1A[Jprocessed files:  120 / 180 [] ETA: 2m9s
[1A[Jprocessed files:  120 / 180 [] ETA: 2m9s
[1A[Jprocessed files:  120 / 180 [] ETA: 2m9s
[1A[Jprocessed files:  120 / 180 [] ETA: 2m9s
[1A[Jprocessed files:  121 / 180 [] ETA: 2m0s
[1A[Jprocessed files:  121 / 180 [] ETA: 2m0s
[1A[Jprocessed files:  121 / 180 [] ETA: 2m0s
[1A[Jprocessed files:  121 / 180 [] ETA: 2m0s
[1A[Jprocessed files:  121 / 180 [] ETA: 2m0s
[1A[Jprocessed files:  121 / 180 [] ETA: 2m0s
[1A[Jprocessed files:  121 / 180 [] ETA: 2m0s
[1A[Jprocessed files:  121 / 180 [] ETA: 2m0s
[1A[Jprocessed files:  121 / 180 [] ETA: 2m0s
[1A[Jprocessed files:  121 / 180 [] ETA: 2m0s
[1A[Jprocessed files:  121 / 180 [] ETA: 2m0s
[1A[Jprocessed files:  121 / 180 [] ETA: 2m0s
[1A[Jprocessed files:  121 / 180 [] ETA: 2m0s
[1A[Jprocessed files:  121 / 180 [] ETA: 2m0s
[1A[Jprocessed files:  121 / 180 [] ETA: 2m0s
[1A[Jprocessed files:  121 / 180 [] ETA: 2m0s
[1A[Jprocessed files:  122 / 180  ETA: 1m55s
[1A[Jprocessed files:  122 / 180  ETA: 1m55s
[1A[Jprocessed files:  122 / 180  ETA: 1m55s
[1A[Jprocessed files:  122 / 180  ETA: 1m55s
[1A[Jprocessed files:  122 / 180  ETA: 1m55s
[1A[Jprocessed files:  122 / 180  ETA: 1m55s
[1A[Jprocessed files:  122 / 180  ETA: 1m55s
[1A[Jprocessed files:  122 / 180  ETA: 1m55s
[1A[Jprocessed files:  122 / 180  ETA: 1m55s
[1A[Jprocessed files:  122 / 180  ETA: 1m55s
[1A[Jprocessed files:  122 / 180  ETA: 1m55s
[1A[Jprocessed files:  122 / 180  ETA: 1m55s
[1A[Jprocessed files:  122 / 180  ETA: 1m55s
[1A[Jprocessed files:  122 / 180  ETA: 1m55s
[1A[Jprocessed files:  122 / 180  ETA: 1m55s
[1A[Jprocessed files:  123 / 180  ETA: 1m51s
[1A[Jprocessed files:  123 / 180  ETA: 1m51s
[1A[Jprocessed files:  123 / 180  ETA: 1m51s
[1A[Jprocessed files:  123 / 180  ETA: 1m51s
[1A[Jprocessed files:  123 / 180  ETA: 1m51s
[1A[Jprocessed files:  123 / 180  ETA: 1m51s
[1A[Jprocessed files:  123 / 180  ETA: 1m51s
[1A[Jprocessed files:  123 / 180  ETA: 1m51s
[1A[Jprocessed files:  123 / 180  ETA: 1m51s
[1A[Jprocessed files:  123 / 180  ETA: 1m51s
[1A[Jprocessed files:  123 / 180  ETA: 1m51s
[1A[Jprocessed files:  123 / 180  ETA: 1m51s
[1A[Jprocessed files:  123 / 180  ETA: 1m51s
[1A[Jprocessed files:  123 / 180  ETA: 1m51s
[1A[Jprocessed files:  123 / 180  ETA: 1m51s
[1A[Jprocessed files:  123 / 180  ETA: 1m51s
[1A[Jprocessed files:  123 / 180  ETA: 1m51s
[1A[Jprocessed files:  124 / 180  ETA: 1m50s
[1A[Jprocessed files:  124 / 180  ETA: 1m50s
[1A[Jprocessed files:  124 / 180  ETA: 1m50s
[1A[Jprocessed files:  124 / 180  ETA: 1m50s
[1A[Jprocessed files:  124 / 180  ETA: 1m50s
[1A[Jprocessed files:  124 / 180  ETA: 1m50s
[1A[Jprocessed files:  124 / 180  ETA: 1m50s
[1A[Jprocessed files:  124 / 180  ETA: 1m50s
[1A[Jprocessed files:  124 / 180  ETA: 1m50s
[1A[Jprocessed files:  124 / 180  ETA: 1m50s
[1A[Jprocessed files:  124 / 180  ETA: 1m50s
[1A[Jprocessed files:  124 / 180  ETA: 1m50s
[1A[Jprocessed files:  124 / 180  ETA: 1m50s
[1A[Jprocessed files:  124 / 180  ETA: 1m50s
[1A[Jprocessed files:  124 / 180  ETA: 1m50s
[1A[Jprocessed files:  124 / 180  ETA: 1m50s
[1A[Jprocessed files:  124 / 180  ETA: 1m50s
[1A[Jprocessed files:  124 / 180  ETA: 1m50s
[1A[Jprocessed files:  124 / 180  ETA: 1m50s
[1A[Jprocessed files:  124 / 180  ETA: 1m50s
[1A[Jprocessed files:  125 / 180  ETA: 1m55s
[1A[Jprocessed files:  125 / 180  ETA: 1m55s
[1A[Jprocessed files:  125 / 180  ETA: 1m55s
[1A[Jprocessed files:  125 / 180  ETA: 1m55s
[1A[Jprocessed files:  125 / 180  ETA: 1m55s
[1A[Jprocessed files:  125 / 180  ETA: 1m55s
[1A[Jprocessed files:  125 / 180  ETA: 1m55s
[1A[Jprocessed files:  125 / 180  ETA: 1m55s
[1A[Jprocessed files:  125 / 180  ETA: 1m55s
[1A[Jprocessed files:  125 / 180  ETA: 1m55s
[1A[Jprocessed files:  125 / 180  ETA: 1m55s
[1A[Jprocessed files:  125 / 180  ETA: 1m55s
[1A[Jprocessed files:  125 / 180  ETA: 1m55s
[1A[Jprocessed files:  125 / 180  ETA: 1m55s
[1A[Jprocessed files:  125 / 180  ETA: 1m55s
[1A[Jprocessed files:  125 / 180  ETA: 1m55s
[1A[Jprocessed files:  125 / 180  ETA: 1m55s
[1A[Jprocessed files:  125 / 180  ETA: 1m55s
[1A[Jprocessed files:  125 / 180  ETA: 1m55s
[1A[Jprocessed files:  125 / 180  ETA: 1m55s
[1A[Jprocessed files:  125 / 180  ETA: 1m55s
[1A[Jprocessed files:  125 / 180  ETA: 1m55s
[1A[Jprocessed files:  126 / 180 [] ETA: 2m2s
[1A[Jprocessed files:  126 / 180 [] ETA: 2m2s
[1A[Jprocessed files:  126 / 180 [] ETA: 2m2s
[1A[Jprocessed files:  126 / 180 [] ETA: 2m2s
[1A[Jprocessed files:  126 / 180 [] ETA: 2m2s
[1A[Jprocessed files:  126 / 180 [] ETA: 2m2s
[1A[Jprocessed files:  126 / 180 [] ETA: 2m2s
[1A[Jprocessed files:  126 / 180 [] ETA: 2m2s
[1A[Jprocessed files:  126 / 180 [] ETA: 2m2s
[1A[Jprocessed files:  126 / 180 [] ETA: 2m2s
[1A[Jprocessed files:  126 / 180 [] ETA: 2m2s
[1A[Jprocessed files:  126 / 180 [] ETA: 2m2s
[1A[Jprocessed files:  126 / 180 [] ETA: 2m2s
[1A[Jprocessed files:  126 / 180 [] ETA: 2m2s
[1A[Jprocessed files:  126 / 180 [] ETA: 2m2s
[1A[Jprocessed files:  127 / 180  ETA: 1m52s
[1A[Jprocessed files:  127 / 180  ETA: 1m52s
[1A[Jprocessed files:  127 / 180  ETA: 1m52s
[1A[Jprocessed files:  127 / 180  ETA: 1m52s
[1A[Jprocessed files:  127 / 180  ETA: 1m52s
[1A[Jprocessed files:  127 / 180  ETA: 1m52s
[1A[Jprocessed files:  127 / 180  ETA: 1m52s
[1A[Jprocessed files:  127 / 180  ETA: 1m52s
[1A[Jprocessed files:  127 / 180  ETA: 1m52s
[1A[Jprocessed files:  127 / 180  ETA: 1m52s
[1A[Jprocessed files:  127 / 180  ETA: 1m52s
[1A[Jprocessed files:  127 / 180  ETA: 1m52s
[1A[Jprocessed files:  127 / 180  ETA: 1m52s
[1A[Jprocessed files:  127 / 180  ETA: 1m52s
[1A[Jprocessed files:  127 / 180  ETA: 1m52s
[1A[Jprocessed files:  127 / 180  ETA: 1m52s
[1A[Jprocessed files:  128 / 180  ETA: 1m46s
[1A[Jprocessed files:  128 / 180  ETA: 1m46s
[1A[Jprocessed files:  128 / 180  ETA: 1m46s
[1A[Jprocessed files:  128 / 180  ETA: 1m46s
[1A[Jprocessed files:  128 / 180  ETA: 1m46s
[1A[Jprocessed files:  128 / 180  ETA: 1m46s
[1A[Jprocessed files:  128 / 180  ETA: 1m46s
[1A[Jprocessed files:  128 / 180  ETA: 1m46s
[1A[Jprocessed files:  128 / 180  ETA: 1m46s
[1A[Jprocessed files:  128 / 180  ETA: 1m46s
[1A[Jprocessed files:  128 / 180  ETA: 1m46s
[1A[Jprocessed files:  128 / 180  ETA: 1m46s
[1A[Jprocessed files:  128 / 180  ETA: 1m46s
[1A[Jprocessed files:  128 / 180  ETA: 1m46s
[1A[Jprocessed files:  128 / 180  ETA: 1m46s
[1A[Jprocessed files:  128 / 180  ETA: 1m46s
[1A[Jprocessed files:  128 / 180  ETA: 1m46s
[1A[Jprocessed files:  128 / 180  ETA: 1m46s
[1A[Jprocessed files:  128 / 180  ETA: 1m46s
[1A[Jprocessed files:  128 / 180  ETA: 1m46s
[1A[Jprocessed files:  128 / 180  ETA: 1m46s
[1A[Jprocessed files:  128 / 180  ETA: 1m46s
[1A[Jprocessed files:  129 / 180  ETA: 1m55s
[1A[Jprocessed files:  129 / 180  ETA: 1m55s
[1A[Jprocessed files:  129 / 180  ETA: 1m55s
[1A[Jprocessed files:  129 / 180  ETA: 1m55s
[1A[Jprocessed files:  129 / 180  ETA: 1m55s
[1A[Jprocessed files:  129 / 180  ETA: 1m55s
[1A[Jprocessed files:  129 / 180  ETA: 1m55s
[1A[Jprocessed files:  129 / 180  ETA: 1m55s
[1A[Jprocessed files:  129 / 180  ETA: 1m55s
[1A[Jprocessed files:  129 / 180  ETA: 1m55s
[1A[Jprocessed files:  129 / 180  ETA: 1m55s
[1A[Jprocessed files:  129 / 180  ETA: 1m55s
[1A[Jprocessed files:  129 / 180  ETA: 1m55s
[1A[Jprocessed files:  129 / 180  ETA: 1m55s
[1A[Jprocessed files:  129 / 180  ETA: 1m55s
[1A[Jprocessed files:  129 / 180  ETA: 1m55s
[1A[Jprocessed files:  129 / 180  ETA: 1m55s
[1A[Jprocessed files:  129 / 180  ETA: 1m55s
[1A[Jprocessed files:  129 / 180  ETA: 1m55s
[1A[Jprocessed files:  129 / 180  ETA: 1m55s
[1A[Jprocessed files:  129 / 180  ETA: 1m55s
[1A[Jprocessed files:  129 / 180  ETA: 1m55s
[1A[Jprocessed files:  129 / 180  ETA: 1m55s
[1A[Jprocessed files:  129 / 180  ETA: 1m55s
[1A[Jprocessed files:  129 / 180  ETA: 1m55s
[1A[Jprocessed files:  130 / 180 [] ETA: 2m5s
[1A[Jprocessed files:  130 / 180 [] ETA: 2m5s
[1A[Jprocessed files:  130 / 180 [] ETA: 2m5s
[1A[Jprocessed files:  130 / 180 [] ETA: 2m5s
[1A[Jprocessed files:  130 / 180 [] ETA: 2m5s
[1A[Jprocessed files:  130 / 180 [] ETA: 2m5s
[1A[Jprocessed files:  130 / 180 [] ETA: 2m5s
[1A[Jprocessed files:  130 / 180 [] ETA: 2m5s
[1A[Jprocessed files:  130 / 180 [] ETA: 2m5s
[1A[Jprocessed files:  130 / 180 [] ETA: 2m5s
[1A[Jprocessed files:  130 / 180 [] ETA: 2m5s
[1A[Jprocessed files:  130 / 180 [] ETA: 2m5s
[1A[Jprocessed files:  130 / 180 [] ETA: 2m5s
[1A[Jprocessed files:  130 / 180 [] ETA: 2m5s
[1A[Jprocessed files:  130 / 180 [] ETA: 2m5s
[1A[Jprocessed files:  130 / 180 [] ETA: 2m5s
[1A[Jprocessed files:  130 / 180 [] ETA: 2m5s
[1A[Jprocessed files:  130 / 180 [] ETA: 2m5s
[1A[Jprocessed files:  130 / 180 [] ETA: 2m5s
[1A[Jprocessed files:  130 / 180 [] ETA: 2m5s
[1A[Jprocessed files:  130 / 180 [] ETA: 2m5s
[1A[Jprocessed files:  130 / 180 [] ETA: 2m5s
[1A[Jprocessed files:  130 / 180 [] ETA: 2m5s
[1A[Jprocessed files:  130 / 180 [] ETA: 2m5s
[1A[Jprocessed files:  130 / 180 [] ETA: 2m5s
[1A[Jprocessed files:  130 / 180 [] ETA: 2m5s
[1A[Jprocessed files:  130 / 180 [] ETA: 2m5s
[1A[Jprocessed files:  130 / 180 [] ETA: 2m5s
[1A[Jprocessed files:  131 / 180  ETA: 2m16s
[1A[Jprocessed files:  131 / 180  ETA: 2m16s
[1A[Jprocessed files:  131 / 180  ETA: 2m16s
[1A[Jprocessed files:  131 / 180  ETA: 2m16s
[1A[Jprocessed files:  131 / 180  ETA: 2m16s
[1A[Jprocessed files:  131 / 180  ETA: 2m16s
[1A[Jprocessed files:  131 / 180  ETA: 2m16s
[1A[Jprocessed files:  131 / 180  ETA: 2m16s
[1A[Jprocessed files:  131 / 180  ETA: 2m16s
[1A[Jprocessed files:  131 / 180  ETA: 2m16s
[1A[Jprocessed files:  131 / 180  ETA: 2m16s
[1A[Jprocessed files:  131 / 180  ETA: 2m16s
[1A[Jprocessed files:  131 / 180  ETA: 2m16s
[1A[Jprocessed files:  131 / 180  ETA: 2m16s
[1A[Jprocessed files:  131 / 180  ETA: 2m16s
[1A[Jprocessed files:  131 / 180  ETA: 2m16s
[1A[Jprocessed files:  131 / 180  ETA: 2m16s
[1A[Jprocessed files:  131 / 180  ETA: 2m16s
[1A[Jprocessed files:  131 / 180  ETA: 2m16s
[1A[Jprocessed files:  131 / 180  ETA: 2m16s
[1A[Jprocessed files:  131 / 180  ETA: 2m16s
[1A[Jprocessed files:  131 / 180  ETA: 2m16s
[1A[Jprocessed files:  131 / 180  ETA: 2m16s
[1A[Jprocessed files:  131 / 180  ETA: 2m16s
[1A[Jprocessed files:  131 / 180  ETA: 2m16s
[1A[Jprocessed files:  131 / 180  ETA: 2m16s
[1A[Jprocessed files:  131 / 180  ETA: 2m16s
[1A[Jprocessed files:  131 / 180  ETA: 2m16s
[1A[Jprocessed files:  131 / 180  ETA: 2m16s
[1A[Jprocessed files:  131 / 180  ETA: 2m16s
[1A[Jprocessed files:  132 / 180  ETA: 2m25s
[1A[Jprocessed files:  132 / 180  ETA: 2m25s
[1A[Jprocessed files:  132 / 180  ETA: 2m25s
[1A[Jprocessed files:  132 / 180  ETA: 2m25s
[1A[Jprocessed files:  132 / 180  ETA: 2m25s
[1A[Jprocessed files:  132 / 180  ETA: 2m25s
[1A[Jprocessed files:  132 / 180  ETA: 2m25s
[1A[Jprocessed files:  132 / 180  ETA: 2m25s
[1A[Jprocessed files:  132 / 180  ETA: 2m25s
[1A[Jprocessed files:  132 / 180  ETA: 2m25s
[1A[Jprocessed files:  132 / 180  ETA: 2m25s
[1A[Jprocessed files:  132 / 180  ETA: 2m25s
[1A[Jprocessed files:  132 / 180  ETA: 2m25s
[1A[Jprocessed files:  132 / 180  ETA: 2m25s
[1A[Jprocessed files:  132 / 180  ETA: 2m25s
[1A[Jprocessed files:  132 / 180  ETA: 2m25s
[1A[Jprocessed files:  132 / 180  ETA: 2m25s
[1A[Jprocessed files:  132 / 180  ETA: 2m25s
[1A[Jprocessed files:  132 / 180  ETA: 2m25s
[1A[Jprocessed files:  133 / 180  ETA: 2m11s
[1A[Jprocessed files:  133 / 180  ETA: 2m11s
[1A[Jprocessed files:  133 / 180  ETA: 2m11s
[1A[Jprocessed files:  133 / 180  ETA: 2m11s
[1A[Jprocessed files:  133 / 180  ETA: 2m11s
[1A[Jprocessed files:  133 / 180  ETA: 2m11s
[1A[Jprocessed files:  133 / 180  ETA: 2m11s
[1A[Jprocessed files:  133 / 180  ETA: 2m11s
[1A[Jprocessed files:  133 / 180  ETA: 2m11s
[1A[Jprocessed files:  133 / 180  ETA: 2m11s
[1A[Jprocessed files:  133 / 180  ETA: 2m11s
[1A[Jprocessed files:  133 / 180  ETA: 2m11s
[1A[Jprocessed files:  133 / 180  ETA: 2m11s
[1A[Jprocessed files:  133 / 180  ETA: 2m11s
[1A[Jprocessed files:  133 / 180  ETA: 2m11s
[1A[Jprocessed files:  133 / 180  ETA: 2m11s
[1A[Jprocessed files:  133 / 180  ETA: 2m11s
[1A[Jprocessed files:  133 / 180  ETA: 2m11s
[1A[Jprocessed files:  133 / 180  ETA: 2m11s
[1A[Jprocessed files:  133 / 180  ETA: 2m11s
[1A[Jprocessed files:  134 / 180 [] ETA: 2m3s
[1A[Jprocessed files:  134 / 180 [] ETA: 2m3s
[1A[Jprocessed files:  134 / 180 [] ETA: 2m3s
[1A[Jprocessed files:  134 / 180 [] ETA: 2m3s
[1A[Jprocessed files:  134 / 180 [] ETA: 2m3s
[1A[Jprocessed files:  134 / 180 [] ETA: 2m3s
[1A[Jprocessed files:  134 / 180 [] ETA: 2m3s
[1A[Jprocessed files:  134 / 180 [] ETA: 2m3s
[1A[Jprocessed files:  134 / 180 [] ETA: 2m3s
[1A[Jprocessed files:  134 / 180 [] ETA: 2m3s
[1A[Jprocessed files:  134 / 180 [] ETA: 2m3s
[1A[Jprocessed files:  134 / 180 [] ETA: 2m3s
[1A[Jprocessed files:  134 / 180 [] ETA: 2m3s
[1A[Jprocessed files:  134 / 180 [] ETA: 2m3s
[1A[Jprocessed files:  134 / 180 [] ETA: 2m3s
[1A[Jprocessed files:  134 / 180 [] ETA: 2m3s
[1A[Jprocessed files:  134 / 180 [] ETA: 2m3s
[1A[Jprocessed files:  134 / 180 [] ETA: 2m3s
[1A[Jprocessed files:  134 / 180 [] ETA: 2m3s
[1A[Jprocessed files:  134 / 180 [] ETA: 2m3s
[1A[Jprocessed files:  135 / 180  ETA: 1m56s
[1A[Jprocessed files:  135 / 180  ETA: 1m56s
[1A[Jprocessed files:  135 / 180  ETA: 1m56s
[1A[Jprocessed files:  135 / 180  ETA: 1m56s
[1A[Jprocessed files:  135 / 180  ETA: 1m56s
[1A[Jprocessed files:  135 / 180  ETA: 1m56s
[1A[Jprocessed files:  135 / 180  ETA: 1m56s
[1A[Jprocessed files:  135 / 180  ETA: 1m56s
[1A[Jprocessed files:  135 / 180  ETA: 1m56s
[1A[Jprocessed files:  135 / 180  ETA: 1m56s
[1A[Jprocessed files:  135 / 180  ETA: 1m56s
[1A[Jprocessed files:  135 / 180  ETA: 1m56s
[1A[Jprocessed files:  135 / 180  ETA: 1m56s
[1A[Jprocessed files:  135 / 180  ETA: 1m56s
[1A[Jprocessed files:  135 / 180  ETA: 1m56s
[1A[Jprocessed files:  135 / 180  ETA: 1m56s
[1A[Jprocessed files:  135 / 180  ETA: 1m56s
[1A[Jprocessed files:  135 / 180  ETA: 1m56s
[1A[Jprocessed files:  135 / 180  ETA: 1m56s
[1A[Jprocessed files:  135 / 180  ETA: 1m56s
[1A[Jprocessed files:  135 / 180  ETA: 1m56s
[1A[Jprocessed files:  136 / 180  ETA: 1m53s
[1A[Jprocessed files:  136 / 180  ETA: 1m53s
[1A[Jprocessed files:  136 / 180  ETA: 1m53s
[1A[Jprocessed files:  136 / 180  ETA: 1m53s
[1A[Jprocessed files:  136 / 180  ETA: 1m53s
[1A[Jprocessed files:  136 / 180  ETA: 1m53s
[1A[Jprocessed files:  136 / 180  ETA: 1m53s
[1A[Jprocessed files:  136 / 180  ETA: 1m53s
[1A[Jprocessed files:  136 / 180  ETA: 1m53s
[1A[Jprocessed files:  136 / 180  ETA: 1m53s
[1A[Jprocessed files:  136 / 180  ETA: 1m53s
[1A[Jprocessed files:  136 / 180  ETA: 1m53s
[1A[Jprocessed files:  136 / 180  ETA: 1m53s
[1A[Jprocessed files:  136 / 180  ETA: 1m53s
[1A[Jprocessed files:  136 / 180  ETA: 1m53s
[1A[Jprocessed files:  136 / 180  ETA: 1m53s
[1A[Jprocessed files:  136 / 180  ETA: 1m53s
[1A[Jprocessed files:  136 / 180  ETA: 1m53s
[1A[Jprocessed files:  136 / 180  ETA: 1m53s
[1A[Jprocessed files:  137 / 180  ETA: 1m45s
[1A[Jprocessed files:  137 / 180  ETA: 1m45s
[1A[Jprocessed files:  137 / 180  ETA: 1m45s
[1A[Jprocessed files:  137 / 180  ETA: 1m45s
[1A[Jprocessed files:  137 / 180  ETA: 1m45s
[1A[Jprocessed files:  137 / 180  ETA: 1m45s
[1A[Jprocessed files:  137 / 180  ETA: 1m45s
[1A[Jprocessed files:  137 / 180  ETA: 1m45s
[1A[Jprocessed files:  137 / 180  ETA: 1m45s
[1A[Jprocessed files:  137 / 180  ETA: 1m45s
[1A[Jprocessed files:  137 / 180  ETA: 1m45s
[1A[Jprocessed files:  137 / 180  ETA: 1m45s
[1A[Jprocessed files:  137 / 180  ETA: 1m45s
[1A[Jprocessed files:  137 / 180  ETA: 1m45s
[1A[Jprocessed files:  137 / 180  ETA: 1m45s
[1A[Jprocessed files:  137 / 180  ETA: 1m45s
[1A[Jprocessed files:  137 / 180  ETA: 1m45s
[1A[Jprocessed files:  137 / 180  ETA: 1m45s
[1A[Jprocessed files:  137 / 180  ETA: 1m45s
[1A[Jprocessed files:  138 / 180  ETA: 1m40s
[1A[Jprocessed files:  138 / 180  ETA: 1m40s
[1A[Jprocessed files:  138 / 180  ETA: 1m40s
[1A[Jprocessed files:  138 / 180  ETA: 1m40s
[1A[Jprocessed files:  138 / 180  ETA: 1m40s
[1A[Jprocessed files:  138 / 180  ETA: 1m40s
[1A[Jprocessed files:  138 / 180  ETA: 1m40s
[1A[Jprocessed files:  138 / 180  ETA: 1m40s
[1A[Jprocessed files:  138 / 180  ETA: 1m40s
[1A[Jprocessed files:  138 / 180  ETA: 1m40s
[1A[Jprocessed files:  138 / 180  ETA: 1m40s
[1A[Jprocessed files:  138 / 180  ETA: 1m40s
[1A[Jprocessed files:  138 / 180  ETA: 1m40s
[1A[Jprocessed files:  138 / 180  ETA: 1m40s
[1A[Jprocessed files:  138 / 180  ETA: 1m40s
[1A[Jprocessed files:  138 / 180  ETA: 1m40s
[1A[Jprocessed files:  138 / 180  ETA: 1m40s
[1A[Jprocessed files:  138 / 180  ETA: 1m40s
[1A[Jprocessed files:  138 / 180  ETA: 1m40s
[1A[Jprocessed files:  139 / 180  ETA: 1m35s
[1A[Jprocessed files:  139 / 180  ETA: 1m35s
[1A[Jprocessed files:  139 / 180  ETA: 1m35s
[1A[Jprocessed files:  139 / 180  ETA: 1m35s
[1A[Jprocessed files:  139 / 180  ETA: 1m35s
[1A[Jprocessed files:  139 / 180  ETA: 1m35s
[1A[Jprocessed files:  139 / 180  ETA: 1m35s
[1A[Jprocessed files:  139 / 180  ETA: 1m35s
[1A[Jprocessed files:  139 / 180  ETA: 1m35s
[1A[Jprocessed files:  139 / 180  ETA: 1m35s
[1A[Jprocessed files:  139 / 180  ETA: 1m35s
[1A[Jprocessed files:  139 / 180  ETA: 1m35s
[1A[Jprocessed files:  139 / 180  ETA: 1m35s
[1A[Jprocessed files:  139 / 180  ETA: 1m35s
[1A[Jprocessed files:  139 / 180  ETA: 1m35s
[1A[Jprocessed files:  139 / 180  ETA: 1m35s
[1A[Jprocessed files:  139 / 180  ETA: 1m35s
[1A[Jprocessed files:  139 / 180  ETA: 1m35s
[1A[Jprocessed files:  139 / 180  ETA: 1m35s
[1A[Jprocessed files:  140 / 180  ETA: 1m33s
[1A[Jprocessed files:  140 / 180  ETA: 1m33s
[1A[Jprocessed files:  140 / 180  ETA: 1m33s
[1A[Jprocessed files:  140 / 180  ETA: 1m33s
[1A[Jprocessed files:  140 / 180  ETA: 1m33s
[1A[Jprocessed files:  140 / 180  ETA: 1m33s
[1A[Jprocessed files:  140 / 180  ETA: 1m33s
[1A[Jprocessed files:  140 / 180  ETA: 1m33s
[1A[Jprocessed files:  140 / 180  ETA: 1m33s
[1A[Jprocessed files:  140 / 180  ETA: 1m33s
[1A[Jprocessed files:  140 / 180  ETA: 1m33s
[1A[Jprocessed files:  140 / 180  ETA: 1m33s
[1A[Jprocessed files:  140 / 180  ETA: 1m33s
[1A[Jprocessed files:  140 / 180  ETA: 1m33s
[1A[Jprocessed files:  140 / 180  ETA: 1m33s
[1A[Jprocessed files:  140 / 180  ETA: 1m33s
[1A[Jprocessed files:  140 / 180  ETA: 1m33s
[1A[Jprocessed files:  140 / 180  ETA: 1m33s
[1A[Jprocessed files:  140 / 180  ETA: 1m33s
[1A[Jprocessed files:  140 / 180  ETA: 1m33s
[1A[Jprocessed files:  141 / 180  ETA: 1m31s
[1A[Jprocessed files:  141 / 180  ETA: 1m31s
[1A[Jprocessed files:  141 / 180  ETA: 1m31s
[1A[Jprocessed files:  141 / 180  ETA: 1m31s
[1A[Jprocessed files:  141 / 180  ETA: 1m31s
[1A[Jprocessed files:  141 / 180  ETA: 1m31s
[1A[Jprocessed files:  141 / 180  ETA: 1m31s
[1A[Jprocessed files:  141 / 180  ETA: 1m31s
[1A[Jprocessed files:  141 / 180  ETA: 1m31s
[1A[Jprocessed files:  141 / 180  ETA: 1m31s
[1A[Jprocessed files:  141 / 180  ETA: 1m31s
[1A[Jprocessed files:  141 / 180  ETA: 1m31s
[1A[Jprocessed files:  141 / 180  ETA: 1m31s
[1A[Jprocessed files:  141 / 180  ETA: 1m31s
[1A[Jprocessed files:  141 / 180  ETA: 1m31s
[1A[Jprocessed files:  141 / 180  ETA: 1m31s
[1A[Jprocessed files:  141 / 180  ETA: 1m31s
[1A[Jprocessed files:  141 / 180  ETA: 1m31s
[1A[Jprocessed files:  141 / 180  ETA: 1m31s
[1A[Jprocessed files:  141 / 180  ETA: 1m31s
[1A[Jprocessed files:  142 / 180  ETA: 1m30s
[1A[Jprocessed files:  142 / 180  ETA: 1m30s
[1A[Jprocessed files:  142 / 180  ETA: 1m30s
[1A[Jprocessed files:  142 / 180  ETA: 1m30s
[1A[Jprocessed files:  142 / 180  ETA: 1m30s
[1A[Jprocessed files:  142 / 180  ETA: 1m30s
[1A[Jprocessed files:  142 / 180  ETA: 1m30s
[1A[Jprocessed files:  142 / 180  ETA: 1m30s
[1A[Jprocessed files:  142 / 180  ETA: 1m30s
[1A[Jprocessed files:  142 / 180  ETA: 1m30s
[1A[Jprocessed files:  142 / 180  ETA: 1m30s
[1A[Jprocessed files:  142 / 180  ETA: 1m30s
[1A[Jprocessed files:  142 / 180  ETA: 1m30s
[1A[Jprocessed files:  142 / 180  ETA: 1m30s
[1A[Jprocessed files:  142 / 180  ETA: 1m30s
[1A[Jprocessed files:  143 / 180  ETA: 1m20s
[1A[Jprocessed files:  143 / 180  ETA: 1m20s
[1A[Jprocessed files:  143 / 180  ETA: 1m20s
[1A[Jprocessed files:  143 / 180  ETA: 1m20s
[1A[Jprocessed files:  143 / 180  ETA: 1m20s
[1A[Jprocessed files:  143 / 180  ETA: 1m20s
[1A[Jprocessed files:  143 / 180  ETA: 1m20s
[1A[Jprocessed files:  143 / 180  ETA: 1m20s
[1A[Jprocessed files:  143 / 180  ETA: 1m20s
[1A[Jprocessed files:  143 / 180  ETA: 1m20s
[1A[Jprocessed files:  143 / 180  ETA: 1m20s
[1A[Jprocessed files:  143 / 180  ETA: 1m20s
[1A[Jprocessed files:  143 / 180  ETA: 1m20s
[1A[Jprocessed files:  143 / 180  ETA: 1m20s
[1A[Jprocessed files:  143 / 180  ETA: 1m20s
[1A[Jprocessed files:  144 / 180  ETA: 1m13s
[1A[Jprocessed files:  144 / 180  ETA: 1m13s
[1A[Jprocessed files:  144 / 180  ETA: 1m13s
[1A[Jprocessed files:  144 / 180  ETA: 1m13s
[1A[Jprocessed files:  144 / 180  ETA: 1m13s
[1A[Jprocessed files:  144 / 180  ETA: 1m13s
[1A[Jprocessed files:  144 / 180  ETA: 1m13s
[1A[Jprocessed files:  144 / 180  ETA: 1m13s
[1A[Jprocessed files:  144 / 180  ETA: 1m13s
[1A[Jprocessed files:  144 / 180  ETA: 1m13s
[1A[Jprocessed files:  144 / 180  ETA: 1m13s
[1A[Jprocessed files:  144 / 180  ETA: 1m13s
[1A[Jprocessed files:  144 / 180  ETA: 1m13s
[1A[Jprocessed files:  144 / 180  ETA: 1m13s
[1A[Jprocessed files:  144 / 180  ETA: 1m13s
[1A[Jprocessed files:  144 / 180  ETA: 1m13s
[1A[Jprocessed files:  144 / 180  ETA: 1m13s
[1A[Jprocessed files:  144 / 180  ETA: 1m13s
[1A[Jprocessed files:  144 / 180  ETA: 1m13s
[1A[Jprocessed files:  145 / 180  ETA: 1m14s
[1A[Jprocessed files:  145 / 180  ETA: 1m14s
[1A[Jprocessed files:  145 / 180  ETA: 1m14s
[1A[Jprocessed files:  145 / 180  ETA: 1m14s
[1A[Jprocessed files:  145 / 180  ETA: 1m14s
[1A[Jprocessed files:  145 / 180  ETA: 1m14s
[1A[Jprocessed files:  145 / 180  ETA: 1m14s
[1A[Jprocessed files:  145 / 180  ETA: 1m14s
[1A[Jprocessed files:  145 / 180  ETA: 1m14s
[1A[Jprocessed files:  145 / 180  ETA: 1m14s
[1A[Jprocessed files:  145 / 180  ETA: 1m14s
[1A[Jprocessed files:  145 / 180  ETA: 1m14s
[1A[Jprocessed files:  145 / 180  ETA: 1m14s
[1A[Jprocessed files:  145 / 180  ETA: 1m14s
[1A[Jprocessed files:  145 / 180  ETA: 1m14s
[1A[Jprocessed files:  145 / 180  ETA: 1m14s
[1A[Jprocessed files:  145 / 180  ETA: 1m14s
[1A[Jprocessed files:  145 / 180  ETA: 1m14s
[1A[Jprocessed files:  145 / 180  ETA: 1m14s
[1A[Jprocessed files:  145 / 180  ETA: 1m14s
[1A[Jprocessed files:  146 / 180  ETA: 1m16s
[1A[Jprocessed files:  146 / 180  ETA: 1m16s
[1A[Jprocessed files:  146 / 180  ETA: 1m16s
[1A[Jprocessed files:  146 / 180  ETA: 1m16s
[1A[Jprocessed files:  146 / 180  ETA: 1m16s
[1A[Jprocessed files:  146 / 180  ETA: 1m16s
[1A[Jprocessed files:  146 / 180  ETA: 1m16s
[1A[Jprocessed files:  146 / 180  ETA: 1m16s
[1A[Jprocessed files:  146 / 180  ETA: 1m16s
[1A[Jprocessed files:  146 / 180  ETA: 1m16s
[1A[Jprocessed files:  146 / 180  ETA: 1m16s
[1A[Jprocessed files:  146 / 180  ETA: 1m16s
[1A[Jprocessed files:  146 / 180  ETA: 1m16s
[1A[Jprocessed files:  146 / 180  ETA: 1m16s
[1A[Jprocessed files:  146 / 180  ETA: 1m16s
[1A[Jprocessed files:  146 / 180  ETA: 1m16s
[1A[Jprocessed files:  146 / 180  ETA: 1m16s
[1A[Jprocessed files:  146 / 180  ETA: 1m16s
[1A[Jprocessed files:  146 / 180  ETA: 1m16s
[1A[Jprocessed files:  146 / 180  ETA: 1m16s
[1A[Jprocessed files:  147 / 180  ETA: 1m14s
[1A[Jprocessed files:  147 / 180  ETA: 1m14s
[1A[Jprocessed files:  147 / 180  ETA: 1m14s
[1A[Jprocessed files:  147 / 180  ETA: 1m14s
[1A[Jprocessed files:  147 / 180  ETA: 1m14s
[1A[Jprocessed files:  147 / 180  ETA: 1m14s
[1A[Jprocessed files:  147 / 180  ETA: 1m14s
[1A[Jprocessed files:  147 / 180  ETA: 1m14s
[1A[Jprocessed files:  147 / 180  ETA: 1m14s
[1A[Jprocessed files:  147 / 180  ETA: 1m14s
[1A[Jprocessed files:  147 / 180  ETA: 1m14s
[1A[Jprocessed files:  147 / 180  ETA: 1m14s
[1A[Jprocessed files:  147 / 180  ETA: 1m14s
[1A[Jprocessed files:  147 / 180  ETA: 1m14s
[1A[Jprocessed files:  147 / 180  ETA: 1m14s
[1A[Jprocessed files:  147 / 180  ETA: 1m14s
[1A[Jprocessed files:  147 / 180  ETA: 1m14s
[1A[Jprocessed files:  147 / 180  ETA: 1m14s
[1A[Jprocessed files:  147 / 180  ETA: 1m14s
[1A[Jprocessed files:  147 / 180  ETA: 1m14s
[1A[Jprocessed files:  148 / 180  ETA: 1m14s
[1A[Jprocessed files:  148 / 180  ETA: 1m14s
[1A[Jprocessed files:  148 / 180  ETA: 1m14s
[1A[Jprocessed files:  148 / 180  ETA: 1m14s
[1A[Jprocessed files:  148 / 180  ETA: 1m14s
[1A[Jprocessed files:  148 / 180  ETA: 1m14s
[1A[Jprocessed files:  148 / 180  ETA: 1m14s
[1A[Jprocessed files:  148 / 180  ETA: 1m14s
[1A[Jprocessed files:  148 / 180  ETA: 1m14s
[1A[Jprocessed files:  148 / 180  ETA: 1m14s
[1A[Jprocessed files:  148 / 180  ETA: 1m14s
[1A[Jprocessed files:  148 / 180  ETA: 1m14s
[1A[Jprocessed files:  148 / 180  ETA: 1m14s
[1A[Jprocessed files:  148 / 180  ETA: 1m14s
[1A[Jprocessed files:  148 / 180  ETA: 1m14s
[1A[Jprocessed files:  148 / 180  ETA: 1m14s
[1A[Jprocessed files:  148 / 180  ETA: 1m14s
[1A[Jprocessed files:  149 / 180 [] ETA: 1m8s
[1A[Jprocessed files:  149 / 180 [] ETA: 1m8s
[1A[Jprocessed files:  149 / 180 [] ETA: 1m8s
[1A[Jprocessed files:  149 / 180 [] ETA: 1m8s
[1A[Jprocessed files:  149 / 180 [] ETA: 1m8s
[1A[Jprocessed files:  149 / 180 [] ETA: 1m8s
[1A[Jprocessed files:  149 / 180 [] ETA: 1m8s
[1A[Jprocessed files:  149 / 180 [] ETA: 1m8s
[1A[Jprocessed files:  149 / 180 [] ETA: 1m8s
[1A[Jprocessed files:  149 / 180 [] ETA: 1m8s
[1A[Jprocessed files:  149 / 180 [] ETA: 1m8s
[1A[Jprocessed files:  149 / 180 [] ETA: 1m8s
[1A[Jprocessed files:  149 / 180 [] ETA: 1m8s
[1A[Jprocessed files:  149 / 180 [] ETA: 1m8s
[1A[Jprocessed files:  149 / 180 [] ETA: 1m8s
[1A[Jprocessed files:  149 / 180 [] ETA: 1m8s
[1A[Jprocessed files:  149 / 180 [] ETA: 1m8s
[1A[Jprocessed files:  150 / 180 [] ETA: 1m5s
[1A[Jprocessed files:  150 / 180 [] ETA: 1m5s
[1A[Jprocessed files:  150 / 180 [] ETA: 1m5s
[1A[Jprocessed files:  150 / 180 [] ETA: 1m5s
[1A[Jprocessed files:  150 / 180 [] ETA: 1m5s
[1A[Jprocessed files:  150 / 180 [] ETA: 1m5s
[1A[Jprocessed files:  150 / 180 [] ETA: 1m5s
[1A[Jprocessed files:  150 / 180 [] ETA: 1m5s
[1A[Jprocessed files:  150 / 180 [] ETA: 1m5s
[1A[Jprocessed files:  150 / 180 [] ETA: 1m5s
[1A[Jprocessed files:  150 / 180 [] ETA: 1m5s
[1A[Jprocessed files:  150 / 180 [] ETA: 1m5s
[1A[Jprocessed files:  150 / 180 [] ETA: 1m5s
[1A[Jprocessed files:  150 / 180 [] ETA: 1m5s
[1A[Jprocessed files:  150 / 180 [] ETA: 1m5s
[1A[Jprocessed files:  150 / 180 [] ETA: 1m5s
[1A[Jprocessed files:  150 / 180 [] ETA: 1m5s
[1A[Jprocessed files:  151 / 180 [] ETA: 1m1s
[1A[Jprocessed files:  151 / 180 [] ETA: 1m1s
[1A[Jprocessed files:  151 / 180 [] ETA: 1m1s
[1A[Jprocessed files:  151 / 180 [] ETA: 1m1s
[1A[Jprocessed files:  151 / 180 [] ETA: 1m1s
[1A[Jprocessed files:  151 / 180 [] ETA: 1m1s
[1A[Jprocessed files:  151 / 180 [] ETA: 1m1s
[1A[Jprocessed files:  151 / 180 [] ETA: 1m1s
[1A[Jprocessed files:  151 / 180 [] ETA: 1m1s
[1A[Jprocessed files:  151 / 180 [] ETA: 1m1s
[1A[Jprocessed files:  151 / 180 [] ETA: 1m1s
[1A[Jprocessed files:  151 / 180 [] ETA: 1m1s
[1A[Jprocessed files:  151 / 180 [] ETA: 1m1s
[1A[Jprocessed files:  151 / 180 [] ETA: 1m1s
[1A[Jprocessed files:  151 / 180 [] ETA: 1m1s
[1A[Jprocessed files:  151 / 180 [] ETA: 1m1s
[1A[Jprocessed files:  151 / 180 [] ETA: 1m1s
[1A[Jprocessed files:  152 / 180 [=] ETA: 59s
[1A[Jprocessed files:  152 / 180 [=] ETA: 59s
[1A[Jprocessed files:  152 / 180 [=] ETA: 59s
[1A[Jprocessed files:  152 / 180 [=] ETA: 59s
[1A[Jprocessed files:  152 / 180 [=] ETA: 59s
[1A[Jprocessed files:  152 / 180 [=] ETA: 59s
[1A[Jprocessed files:  152 / 180 [=] ETA: 59s
[1A[Jprocessed files:  152 / 180 [=] ETA: 59s
[1A[Jprocessed files:  152 / 180 [=] ETA: 59s
[1A[Jprocessed files:  152 / 180 [=] ETA: 59s
[1A[Jprocessed files:  152 / 180 [=] ETA: 59s
[1A[Jprocessed files:  152 / 180 [=] ETA: 59s
[1A[Jprocessed files:  152 / 180 [=] ETA: 59s
[1A[Jprocessed files:  152 / 180 [=] ETA: 59s
[1A[Jprocessed files:  152 / 180 [=] ETA: 59s
[1A[Jprocessed files:  152 / 180 [=] ETA: 59s
[1A[Jprocessed files:  152 / 180 [=] ETA: 59s
[1A[Jprocessed files:  152 / 180 [=] ETA: 59s
[1A[Jprocessed files:  152 / 180 [=] ETA: 59s
[1A[Jprocessed files:  152 / 180 [=] ETA: 59s
[1A[Jprocessed files:  152 / 180 [=] ETA: 59s
[1A[Jprocessed files:  153 / 180 [] ETA: 1m0s
[1A[Jprocessed files:  153 / 180 [] ETA: 1m0s
[1A[Jprocessed files:  153 / 180 [] ETA: 1m0s
[1A[Jprocessed files:  153 / 180 [] ETA: 1m0s
[1A[Jprocessed files:  153 / 180 [] ETA: 1m0s
[1A[Jprocessed files:  153 / 180 [] ETA: 1m0s
[1A[Jprocessed files:  153 / 180 [] ETA: 1m0s
[1A[Jprocessed files:  153 / 180 [] ETA: 1m0s
[1A[Jprocessed files:  153 / 180 [] ETA: 1m0s
[1A[Jprocessed files:  153 / 180 [] ETA: 1m0s
[1A[Jprocessed files:  153 / 180 [] ETA: 1m0s
[1A[Jprocessed files:  153 / 180 [] ETA: 1m0s
[1A[Jprocessed files:  153 / 180 [] ETA: 1m0s
[1A[Jprocessed files:  153 / 180 [] ETA: 1m0s
[1A[Jprocessed files:  153 / 180 [] ETA: 1m0s
[1A[Jprocessed files:  153 / 180 [] ETA: 1m0s
[1A[Jprocessed files:  153 / 180 [] ETA: 1m0s
[1A[Jprocessed files:  153 / 180 [] ETA: 1m0s
[1A[Jprocessed files:  153 / 180 [] ETA: 1m0s
[1A[Jprocessed files:  153 / 180 [] ETA: 1m0s
[1A[Jprocessed files:  153 / 180 [] ETA: 1m0s
[1A[Jprocessed files:  153 / 180 [] ETA: 1m0s
[1A[Jprocessed files:  154 / 180 [] ETA: 1m1s
[1A[Jprocessed files:  154 / 180 [] ETA: 1m1s
[1A[Jprocessed files:  154 / 180 [] ETA: 1m1s
[1A[Jprocessed files:  154 / 180 [] ETA: 1m1s
[1A[Jprocessed files:  154 / 180 [] ETA: 1m1s
[1A[Jprocessed files:  154 / 180 [] ETA: 1m1s
[1A[Jprocessed files:  154 / 180 [] ETA: 1m1s
[1A[Jprocessed files:  154 / 180 [] ETA: 1m1s
[1A[Jprocessed files:  154 / 180 [] ETA: 1m1s
[1A[Jprocessed files:  154 / 180 [] ETA: 1m1s
[1A[Jprocessed files:  154 / 180 [] ETA: 1m1s
[1A[Jprocessed files:  154 / 180 [] ETA: 1m1s
[1A[Jprocessed files:  154 / 180 [] ETA: 1m1s
[1A[Jprocessed files:  154 / 180 [] ETA: 1m1s
[1A[Jprocessed files:  154 / 180 [] ETA: 1m1s
[1A[Jprocessed files:  154 / 180 [] ETA: 1m1s
[1A[Jprocessed files:  155 / 180 [=] ETA: 55s
[1A[Jprocessed files:  155 / 180 [=] ETA: 55s
[1A[Jprocessed files:  155 / 180 [=] ETA: 55s
[1A[Jprocessed files:  155 / 180 [=] ETA: 55s
[1A[Jprocessed files:  155 / 180 [=] ETA: 55s
[1A[Jprocessed files:  155 / 180 [=] ETA: 55s
[1A[Jprocessed files:  155 / 180 [=] ETA: 55s
[1A[Jprocessed files:  155 / 180 [=] ETA: 55s
[1A[Jprocessed files:  155 / 180 [=] ETA: 55s
[1A[Jprocessed files:  155 / 180 [=] ETA: 55s
[1A[Jprocessed files:  155 / 180 [=] ETA: 55s
[1A[Jprocessed files:  155 / 180 [=] ETA: 55s
[1A[Jprocessed files:  155 / 180 [=] ETA: 55s
[1A[Jprocessed files:  155 / 180 [=] ETA: 55s
[1A[Jprocessed files:  155 / 180 [=] ETA: 55s
[1A[Jprocessed files:  155 / 180 [=] ETA: 55s
[1A[Jprocessed files:  155 / 180 [=] ETA: 55s
[1A[Jprocessed files:  155 / 180 [=] ETA: 55s
[1A[Jprocessed files:  156 / 180 [=] ETA: 52s
[1A[Jprocessed files:  156 / 180 [=] ETA: 52s
[1A[Jprocessed files:  156 / 180 [=] ETA: 52s
[1A[Jprocessed files:  156 / 180 [=] ETA: 52s
[1A[Jprocessed files:  156 / 180 [=] ETA: 52s
[1A[Jprocessed files:  156 / 180 [=] ETA: 52s
[1A[Jprocessed files:  156 / 180 [=] ETA: 52s
[1A[Jprocessed files:  156 / 180 [=] ETA: 52s
[1A[Jprocessed files:  156 / 180 [=] ETA: 52s
[1A[Jprocessed files:  156 / 180 [=] ETA: 52s
[1A[Jprocessed files:  156 / 180 [=] ETA: 52s
[1A[Jprocessed files:  156 / 180 [=] ETA: 52s
[1A[Jprocessed files:  156 / 180 [=] ETA: 52s
[1A[Jprocessed files:  156 / 180 [=] ETA: 52s
[1A[Jprocessed files:  156 / 180 [=] ETA: 52s
[1A[Jprocessed files:  156 / 180 [=] ETA: 52s
[1A[Jprocessed files:  156 / 180 [=] ETA: 52s
[1A[Jprocessed files:  156 / 180 [=] ETA: 52s
[1A[Jprocessed files:  157 / 180 [=] ETA: 50s
[1A[Jprocessed files:  157 / 180 [=] ETA: 50s
[1A[Jprocessed files:  157 / 180 [=] ETA: 50s
[1A[Jprocessed files:  157 / 180 [=] ETA: 50s
[1A[Jprocessed files:  157 / 180 [=] ETA: 50s
[1A[Jprocessed files:  157 / 180 [=] ETA: 50s
[1A[Jprocessed files:  157 / 180 [=] ETA: 50s
[1A[Jprocessed files:  157 / 180 [=] ETA: 50s
[1A[Jprocessed files:  157 / 180 [=] ETA: 50s
[1A[Jprocessed files:  157 / 180 [=] ETA: 50s
[1A[Jprocessed files:  157 / 180 [=] ETA: 50s
[1A[Jprocessed files:  157 / 180 [=] ETA: 50s
[1A[Jprocessed files:  157 / 180 [=] ETA: 50s
[1A[Jprocessed files:  157 / 180 [=] ETA: 50s
[1A[Jprocessed files:  157 / 180 [=] ETA: 50s
[1A[Jprocessed files:  157 / 180 [=] ETA: 50s
[1A[Jprocessed files:  157 / 180 [=] ETA: 50s
[1A[Jprocessed files:  157 / 180 [=] ETA: 50s
[1A[Jprocessed files:  157 / 180 [=] ETA: 50s
[1A[Jprocessed files:  158 / 180 [=] ETA: 49s
[1A[Jprocessed files:  158 / 180 [=] ETA: 49s
[1A[Jprocessed files:  158 / 180 [=] ETA: 49s
[1A[Jprocessed files:  158 / 180 [=] ETA: 49s
[1A[Jprocessed files:  158 / 180 [=] ETA: 49s
[1A[Jprocessed files:  158 / 180 [=] ETA: 49s
[1A[Jprocessed files:  158 / 180 [=] ETA: 49s
[1A[Jprocessed files:  158 / 180 [=] ETA: 49s
[1A[Jprocessed files:  158 / 180 [=] ETA: 49s
[1A[Jprocessed files:  158 / 180 [=] ETA: 49s
[1A[Jprocessed files:  158 / 180 [=] ETA: 49s
[1A[Jprocessed files:  158 / 180 [=] ETA: 49s
[1A[Jprocessed files:  158 / 180 [=] ETA: 49s
[1A[Jprocessed files:  158 / 180 [=] ETA: 49s
[1A[Jprocessed files:  158 / 180 [=] ETA: 49s
[1A[Jprocessed files:  158 / 180 [=] ETA: 49s
[1A[Jprocessed files:  158 / 180 [=] ETA: 49s
[1A[Jprocessed files:  159 / 180 [=] ETA: 45s
[1A[Jprocessed files:  159 / 180 [=] ETA: 45s
[1A[Jprocessed files:  159 / 180 [=] ETA: 45s
[1A[Jprocessed files:  159 / 180 [=] ETA: 45s
[1A[Jprocessed files:  159 / 180 [=] ETA: 45s
[1A[Jprocessed files:  159 / 180 [=] ETA: 45s
[1A[Jprocessed files:  159 / 180 [=] ETA: 45s
[1A[Jprocessed files:  159 / 180 [=] ETA: 45s
[1A[Jprocessed files:  159 / 180 [=] ETA: 45s
[1A[Jprocessed files:  159 / 180 [=] ETA: 45s
[1A[Jprocessed files:  159 / 180 [=] ETA: 45s
[1A[Jprocessed files:  159 / 180 [=] ETA: 45s
[1A[Jprocessed files:  159 / 180 [=] ETA: 45s
[1A[Jprocessed files:  159 / 180 [=] ETA: 45s
[1A[Jprocessed files:  159 / 180 [=] ETA: 45s
[1A[Jprocessed files:  159 / 180 [=] ETA: 45s
[1A[Jprocessed files:  159 / 180 [=] ETA: 45s
[1A[Jprocessed files:  159 / 180 [=] ETA: 45s
[1A[Jprocessed files:  159 / 180 [=] ETA: 45s
[1A[Jprocessed files:  160 / 180 [=] ETA: 43s
[1A[Jprocessed files:  160 / 180 [=] ETA: 43s
[1A[Jprocessed files:  160 / 180 [=] ETA: 43s
[1A[Jprocessed files:  160 / 180 [=] ETA: 43s
[1A[Jprocessed files:  160 / 180 [=] ETA: 43s
[1A[Jprocessed files:  160 / 180 [=] ETA: 43s
[1A[Jprocessed files:  160 / 180 [=] ETA: 43s
[1A[Jprocessed files:  160 / 180 [=] ETA: 43s
[1A[Jprocessed files:  160 / 180 [=] ETA: 43s
[1A[Jprocessed files:  160 / 180 [=] ETA: 43s
[1A[Jprocessed files:  160 / 180 [=] ETA: 43s
[1A[Jprocessed files:  160 / 180 [=] ETA: 43s
[1A[Jprocessed files:  160 / 180 [=] ETA: 43s
[1A[Jprocessed files:  160 / 180 [=] ETA: 43s
[1A[Jprocessed files:  160 / 180 [=] ETA: 43s
[1A[Jprocessed files:  161 / 180 [=] ETA: 39s
[1A[Jprocessed files:  161 / 180 [=] ETA: 39s
[1A[Jprocessed files:  161 / 180 [=] ETA: 39s
[1A[Jprocessed files:  161 / 180 [=] ETA: 39s
[1A[Jprocessed files:  161 / 180 [=] ETA: 39s
[1A[Jprocessed files:  161 / 180 [=] ETA: 39s
[1A[Jprocessed files:  161 / 180 [=] ETA: 39s
[1A[Jprocessed files:  161 / 180 [=] ETA: 39s
[1A[Jprocessed files:  161 / 180 [=] ETA: 39s
[1A[Jprocessed files:  161 / 180 [=] ETA: 39s
[1A[Jprocessed files:  161 / 180 [=] ETA: 39s
[1A[Jprocessed files:  161 / 180 [=] ETA: 39s
[1A[Jprocessed files:  161 / 180 [=] ETA: 39s
[1A[Jprocessed files:  161 / 180 [=] ETA: 39s
[1A[Jprocessed files:  161 / 180 [=] ETA: 39s
[1A[Jprocessed files:  161 / 180 [=] ETA: 39s
[1A[Jprocessed files:  161 / 180 [=] ETA: 39s
[1A[Jprocessed files:  162 / 180 [=] ETA: 36s
[1A[Jprocessed files:  162 / 180 [=] ETA: 36s
[1A[Jprocessed files:  162 / 180 [=] ETA: 36s
[1A[Jprocessed files:  162 / 180 [=] ETA: 36s
[1A[Jprocessed files:  162 / 180 [=] ETA: 36s
[1A[Jprocessed files:  162 / 180 [=] ETA: 36s
[1A[Jprocessed files:  162 / 180 [=] ETA: 36s
[1A[Jprocessed files:  162 / 180 [=] ETA: 36s
[1A[Jprocessed files:  162 / 180 [=] ETA: 36s
[1A[Jprocessed files:  162 / 180 [=] ETA: 36s
[1A[Jprocessed files:  162 / 180 [=] ETA: 36s
[1A[Jprocessed files:  162 / 180 [=] ETA: 36s
[1A[Jprocessed files:  162 / 180 [=] ETA: 36s
[1A[Jprocessed files:  162 / 180 [=] ETA: 36s
[1A[Jprocessed files:  162 / 180 [=] ETA: 36s
[1A[Jprocessed files:  162 / 180 [=] ETA: 36s
[1A[Jprocessed files:  163 / 180 [=] ETA: 34s
[1A[Jprocessed files:  163 / 180 [=] ETA: 34s
[1A[Jprocessed files:  163 / 180 [=] ETA: 34s
[1A[Jprocessed files:  163 / 180 [=] ETA: 34s
[1A[Jprocessed files:  163 / 180 [=] ETA: 34s
[1A[Jprocessed files:  163 / 180 [=] ETA: 34s
[1A[Jprocessed files:  163 / 180 [=] ETA: 34s
[1A[Jprocessed files:  163 / 180 [=] ETA: 34s
[1A[Jprocessed files:  163 / 180 [=] ETA: 34s
[1A[Jprocessed files:  163 / 180 [=] ETA: 34s
[1A[Jprocessed files:  163 / 180 [=] ETA: 34s
[1A[Jprocessed files:  163 / 180 [=] ETA: 34s
[1A[Jprocessed files:  163 / 180 [=] ETA: 34s
[1A[Jprocessed files:  163 / 180 [=] ETA: 34s
[1A[Jprocessed files:  163 / 180 [=] ETA: 34s
[1A[Jprocessed files:  163 / 180 [=] ETA: 34s
[1A[Jprocessed files:  163 / 180 [=] ETA: 34s
[1A[Jprocessed files:  164 / 180 [=] ETA: 32s
[1A[Jprocessed files:  164 / 180 [=] ETA: 32s
[1A[Jprocessed files:  164 / 180 [=] ETA: 32s
[1A[Jprocessed files:  164 / 180 [=] ETA: 32s
[1A[Jprocessed files:  164 / 180 [=] ETA: 32s
[1A[Jprocessed files:  164 / 180 [=] ETA: 32s
[1A[Jprocessed files:  164 / 180 [=] ETA: 32s
[1A[Jprocessed files:  164 / 180 [=] ETA: 32s
[1A[Jprocessed files:  164 / 180 [=] ETA: 32s
[1A[Jprocessed files:  164 / 180 [=] ETA: 32s
[1A[Jprocessed files:  164 / 180 [=] ETA: 32s
[1A[Jprocessed files:  164 / 180 [=] ETA: 32s
[1A[Jprocessed files:  164 / 180 [=] ETA: 32s
[1A[Jprocessed files:  164 / 180 [=] ETA: 32s
[1A[Jprocessed files:  164 / 180 [=] ETA: 32s
[1A[Jprocessed files:  164 / 180 [=] ETA: 32s
[1A[Jprocessed files:  164 / 180 [=] ETA: 32s
[1A[Jprocessed files:  164 / 180 [=] ETA: 32s
[1A[Jprocessed files:  164 / 180 [=] ETA: 32s
[1A[Jprocessed files:  164 / 180 [=] ETA: 32s
[1A[Jprocessed files:  164 / 180 [=] ETA: 32s
[1A[Jprocessed files:  165 / 180 [=] ETA: 32s
[1A[Jprocessed files:  165 / 180 [=] ETA: 32s
[1A[Jprocessed files:  165 / 180 [=] ETA: 32s
[1A[Jprocessed files:  165 / 180 [=] ETA: 32s
[1A[Jprocessed files:  165 / 180 [=] ETA: 32s
[1A[Jprocessed files:  165 / 180 [=] ETA: 32s
[1A[Jprocessed files:  165 / 180 [=] ETA: 32s
[1A[Jprocessed files:  165 / 180 [=] ETA: 32s
[1A[Jprocessed files:  165 / 180 [=] ETA: 32s
[1A[Jprocessed files:  165 / 180 [=] ETA: 32s
[1A[Jprocessed files:  165 / 180 [=] ETA: 32s
[1A[Jprocessed files:  165 / 180 [=] ETA: 32s
[1A[Jprocessed files:  165 / 180 [=] ETA: 32s
[1A[Jprocessed files:  165 / 180 [=] ETA: 32s
[1A[Jprocessed files:  165 / 180 [=] ETA: 32s
[1A[Jprocessed files:  165 / 180 [=] ETA: 32s
[1A[Jprocessed files:  165 / 180 [=] ETA: 32s
[1A[Jprocessed files:  165 / 180 [=] ETA: 32s
[1A[Jprocessed files:  165 / 180 [=] ETA: 32s
[1A[Jprocessed files:  165 / 180 [=] ETA: 32s
[1A[Jprocessed files:  165 / 180 [=] ETA: 32s
[1A[Jprocessed files:  165 / 180 [=] ETA: 32s
[1A[Jprocessed files:  166 / 180 [=] ETA: 32s
[1A[Jprocessed files:  166 / 180 [=] ETA: 32s
[1A[Jprocessed files:  166 / 180 [=] ETA: 32s
[1A[Jprocessed files:  166 / 180 [=] ETA: 32s
[1A[Jprocessed files:  166 / 180 [=] ETA: 32s
[1A[Jprocessed files:  166 / 180 [=] ETA: 32s
[1A[Jprocessed files:  166 / 180 [=] ETA: 32s
[1A[Jprocessed files:  166 / 180 [=] ETA: 32s
[1A[Jprocessed files:  166 / 180 [=] ETA: 32s
[1A[Jprocessed files:  166 / 180 [=] ETA: 32s
[1A[Jprocessed files:  166 / 180 [=] ETA: 32s
[1A[Jprocessed files:  166 / 180 [=] ETA: 32s
[1A[Jprocessed files:  166 / 180 [=] ETA: 32s
[1A[Jprocessed files:  166 / 180 [=] ETA: 32s
[1A[Jprocessed files:  166 / 180 [=] ETA: 32s
[1A[Jprocessed files:  166 / 180 [=] ETA: 32s
[1A[Jprocessed files:  166 / 180 [=] ETA: 32s
[1A[Jprocessed files:  167 / 180 [=] ETA: 29s
[1A[Jprocessed files:  167 / 180 [=] ETA: 29s
[1A[Jprocessed files:  167 / 180 [=] ETA: 29s
[1A[Jprocessed files:  167 / 180 [=] ETA: 29s
[1A[Jprocessed files:  167 / 180 [=] ETA: 29s
[1A[Jprocessed files:  167 / 180 [=] ETA: 29s
[1A[Jprocessed files:  167 / 180 [=] ETA: 29s
[1A[Jprocessed files:  167 / 180 [=] ETA: 29s
[1A[Jprocessed files:  167 / 180 [=] ETA: 29s
[1A[Jprocessed files:  167 / 180 [=] ETA: 29s
[1A[Jprocessed files:  167 / 180 [=] ETA: 29s
[1A[Jprocessed files:  167 / 180 [=] ETA: 29s
[1A[Jprocessed files:  167 / 180 [=] ETA: 29s
[1A[Jprocessed files:  167 / 180 [=] ETA: 29s
[1A[Jprocessed files:  167 / 180 [=] ETA: 29s
[1A[Jprocessed files:  167 / 180 [=] ETA: 29s
[1A[Jprocessed files:  167 / 180 [=] ETA: 29s
[1A[Jprocessed files:  168 / 180 [=] ETA: 26s
[1A[Jprocessed files:  168 / 180 [=] ETA: 26s
[1A[Jprocessed files:  168 / 180 [=] ETA: 26s
[1A[Jprocessed files:  168 / 180 [=] ETA: 26s
[1A[Jprocessed files:  168 / 180 [=] ETA: 26s
[1A[Jprocessed files:  168 / 180 [=] ETA: 26s
[1A[Jprocessed files:  168 / 180 [=] ETA: 26s
[1A[Jprocessed files:  168 / 180 [=] ETA: 26s
[1A[Jprocessed files:  168 / 180 [=] ETA: 26s
[1A[Jprocessed files:  168 / 180 [=] ETA: 26s
[1A[Jprocessed files:  168 / 180 [=] ETA: 26s
[1A[Jprocessed files:  168 / 180 [=] ETA: 26s
[1A[Jprocessed files:  168 / 180 [=] ETA: 26s
[1A[Jprocessed files:  168 / 180 [=] ETA: 26s
[1A[Jprocessed files:  168 / 180 [=] ETA: 26s
[1A[Jprocessed files:  168 / 180 [=] ETA: 26s
[1A[Jprocessed files:  168 / 180 [=] ETA: 26s
[1A[Jprocessed files:  169 / 180 [=] ETA: 23s
[1A[Jprocessed files:  169 / 180 [=] ETA: 23s
[1A[Jprocessed files:  169 / 180 [=] ETA: 23s
[1A[Jprocessed files:  169 / 180 [=] ETA: 23s
[1A[Jprocessed files:  169 / 180 [=] ETA: 23s
[1A[Jprocessed files:  169 / 180 [=] ETA: 23s
[1A[Jprocessed files:  169 / 180 [=] ETA: 23s
[1A[Jprocessed files:  169 / 180 [=] ETA: 23s
[1A[Jprocessed files:  169 / 180 [=] ETA: 23s
[1A[Jprocessed files:  169 / 180 [=] ETA: 23s
[1A[Jprocessed files:  169 / 180 [=] ETA: 23s
[1A[Jprocessed files:  169 / 180 [=] ETA: 23s
[1A[Jprocessed files:  169 / 180 [=] ETA: 23s
[1A[Jprocessed files:  169 / 180 [=] ETA: 23s
[1A[Jprocessed files:  169 / 180 [=] ETA: 23s
[1A[Jprocessed files:  169 / 180 [=] ETA: 23s
[1A[Jprocessed files:  169 / 180 [=] ETA: 23s
[1A[Jprocessed files:  169 / 180 [=] ETA: 23s
[1A[Jprocessed files:  170 / 180 [=] ETA: 21s
[1A[Jprocessed files:  170 / 180 [=] ETA: 21s
[1A[Jprocessed files:  170 / 180 [=] ETA: 21s
[1A[Jprocessed files:  170 / 180 [=] ETA: 21s
[1A[Jprocessed files:  170 / 180 [=] ETA: 21s
[1A[Jprocessed files:  170 / 180 [=] ETA: 21s
[1A[Jprocessed files:  170 / 180 [=] ETA: 21s
[1A[Jprocessed files:  170 / 180 [=] ETA: 21s
[1A[Jprocessed files:  170 / 180 [=] ETA: 21s
[1A[Jprocessed files:  170 / 180 [=] ETA: 21s
[1A[Jprocessed files:  170 / 180 [=] ETA: 21s
[1A[Jprocessed files:  170 / 180 [=] ETA: 21s
[1A[Jprocessed files:  170 / 180 [=] ETA: 21s
[1A[Jprocessed files:  170 / 180 [=] ETA: 21s
[1A[Jprocessed files:  170 / 180 [=] ETA: 21s
[1A[Jprocessed files:  170 / 180 [=] ETA: 21s
[1A[Jprocessed files:  170 / 180 [=] ETA: 21s
[1A[Jprocessed files:  170 / 180 [=] ETA: 21s
[1A[Jprocessed files:  171 / 180 [=] ETA: 19s
[1A[Jprocessed files:  171 / 180 [=] ETA: 19s
[1A[Jprocessed files:  171 / 180 [=] ETA: 19s
[1A[Jprocessed files:  171 / 180 [=] ETA: 19s
[1A[Jprocessed files:  171 / 180 [=] ETA: 19s
[1A[Jprocessed files:  171 / 180 [=] ETA: 19s
[1A[Jprocessed files:  171 / 180 [=] ETA: 19s
[1A[Jprocessed files:  171 / 180 [=] ETA: 19s
[1A[Jprocessed files:  171 / 180 [=] ETA: 19s
[1A[Jprocessed files:  171 / 180 [=] ETA: 19s
[1A[Jprocessed files:  171 / 180 [=] ETA: 19s
[1A[Jprocessed files:  171 / 180 [=] ETA: 19s
[1A[Jprocessed files:  171 / 180 [=] ETA: 19s
[1A[Jprocessed files:  171 / 180 [=] ETA: 19s
[1A[Jprocessed files:  171 / 180 [=] ETA: 19s
[1A[Jprocessed files:  171 / 180 [=] ETA: 19s
[1A[Jprocessed files:  171 / 180 [=] ETA: 19s
[1A[Jprocessed files:  171 / 180 [=] ETA: 19s
[1A[Jprocessed files:  171 / 180 [=] ETA: 19s
[1A[Jprocessed files:  172 / 180 [=] ETA: 17s
[1A[Jprocessed files:  172 / 180 [=] ETA: 17s
[1A[Jprocessed files:  172 / 180 [=] ETA: 17s
[1A[Jprocessed files:  172 / 180 [=] ETA: 17s
[1A[Jprocessed files:  172 / 180 [=] ETA: 17s
[1A[Jprocessed files:  172 / 180 [=] ETA: 17s
[1A[Jprocessed files:  172 / 180 [=] ETA: 17s
[1A[Jprocessed files:  172 / 180 [=] ETA: 17s
[1A[Jprocessed files:  172 / 180 [=] ETA: 17s
[1A[Jprocessed files:  172 / 180 [=] ETA: 17s
[1A[Jprocessed files:  172 / 180 [=] ETA: 17s
[1A[Jprocessed files:  172 / 180 [=] ETA: 17s
[1A[Jprocessed files:  172 / 180 [=] ETA: 17s
[1A[Jprocessed files:  172 / 180 [=] ETA: 17s
[1A[Jprocessed files:  172 / 180 [=] ETA: 17s
[1A[Jprocessed files:  172 / 180 [=] ETA: 17s
[1A[Jprocessed files:  172 / 180 [=] ETA: 17s
[1A[Jprocessed files:  172 / 180 [=] ETA: 17s
[1A[Jprocessed files:  172 / 180 [=] ETA: 17s
[1A[Jprocessed files:  172 / 180 [=] ETA: 17s
[1A[Jprocessed files:  172 / 180 [=] ETA: 17s
[1A[Jprocessed files:  173 / 180 [=] ETA: 16s
[1A[Jprocessed files:  173 / 180 [=] ETA: 16s
[1A[Jprocessed files:  173 / 180 [=] ETA: 16s
[1A[Jprocessed files:  173 / 180 [=] ETA: 16s
[1A[Jprocessed files:  173 / 180 [=] ETA: 16s
[1A[Jprocessed files:  173 / 180 [=] ETA: 16s
[1A[Jprocessed files:  173 / 180 [=] ETA: 16s
[1A[Jprocessed files:  173 / 180 [=] ETA: 16s
[1A[Jprocessed files:  173 / 180 [=] ETA: 16s
[1A[Jprocessed files:  173 / 180 [=] ETA: 16s
[1A[Jprocessed files:  173 / 180 [=] ETA: 16s
[1A[Jprocessed files:  173 / 180 [=] ETA: 16s
[1A[Jprocessed files:  173 / 180 [=] ETA: 16s
[1A[Jprocessed files:  173 / 180 [=] ETA: 16s
[1A[Jprocessed files:  173 / 180 [=] ETA: 16s
[1A[Jprocessed files:  173 / 180 [=] ETA: 16s
[1A[Jprocessed files:  173 / 180 [=] ETA: 16s
[1A[Jprocessed files:  173 / 180 [=] ETA: 16s
[1A[Jprocessed files:  173 / 180 [=] ETA: 16s
[1A[Jprocessed files:  173 / 180 [=] ETA: 16s
[1A[Jprocessed files:  173 / 180 [=] ETA: 16s
[1A[Jprocessed files:  173 / 180 [=] ETA: 16s
[1A[Jprocessed files:  174 / 180 [=] ETA: 14s
[1A[Jprocessed files:  174 / 180 [=] ETA: 14s
[1A[Jprocessed files:  174 / 180 [=] ETA: 14s
[1A[Jprocessed files:  174 / 180 [=] ETA: 14s
[1A[Jprocessed files:  174 / 180 [=] ETA: 14s
[1A[Jprocessed files:  174 / 180 [=] ETA: 14s
[1A[Jprocessed files:  174 / 180 [=] ETA: 14s
[1A[Jprocessed files:  174 / 180 [=] ETA: 14s
[1A[Jprocessed files:  174 / 180 [=] ETA: 14s
[1A[Jprocessed files:  174 / 180 [=] ETA: 14s
[1A[Jprocessed files:  174 / 180 [=] ETA: 14s
[1A[Jprocessed files:  174 / 180 [=] ETA: 14s
[1A[Jprocessed files:  174 / 180 [=] ETA: 14s
[1A[Jprocessed files:  174 / 180 [=] ETA: 14s
[1A[Jprocessed files:  174 / 180 [=] ETA: 14s
[1A[Jprocessed files:  174 / 180 [=] ETA: 14s
[1A[Jprocessed files:  174 / 180 [=] ETA: 14s
[1A[Jprocessed files:  174 / 180 [=] ETA: 14s
[1A[Jprocessed files:  174 / 180 [=] ETA: 14s
[1A[Jprocessed files:  174 / 180 [=] ETA: 14s
[1A[Jprocessed files:  174 / 180 [=] ETA: 14s
[1A[Jprocessed files:  175 / 180 [=] ETA: 12s
[1A[Jprocessed files:  175 / 180 [=] ETA: 12s
[1A[Jprocessed files:  175 / 180 [=] ETA: 12s
[1A[Jprocessed files:  175 / 180 [=] ETA: 12s
[1A[Jprocessed files:  175 / 180 [=] ETA: 12s
[1A[Jprocessed files:  175 / 180 [=] ETA: 12s
[1A[Jprocessed files:  175 / 180 [=] ETA: 12s
[1A[Jprocessed files:  175 / 180 [=] ETA: 12s
[1A[Jprocessed files:  175 / 180 [=] ETA: 12s
[1A[Jprocessed files:  175 / 180 [=] ETA: 12s
[1A[Jprocessed files:  175 / 180 [=] ETA: 12s
[1A[Jprocessed files:  175 / 180 [=] ETA: 12s
[1A[Jprocessed files:  175 / 180 [=] ETA: 12s
[1A[Jprocessed files:  175 / 180 [=] ETA: 12s
[1A[Jprocessed files:  175 / 180 [=] ETA: 12s
[1A[Jprocessed files:  175 / 180 [=] ETA: 12s
[1A[Jprocessed files:  175 / 180 [=] ETA: 12s
[1A[Jprocessed files:  175 / 180 [=] ETA: 12s
[1A[Jprocessed files:  175 / 180 [=] ETA: 12s
[1A[Jprocessed files:  175 / 180 [=] ETA: 12s
[1A[Jprocessed files:  175 / 180 [=] ETA: 12s
[1A[Jprocessed files:  176 / 180 [==] ETA: 9s
[1A[Jprocessed files:  176 / 180 [==] ETA: 9s
[1A[Jprocessed files:  176 / 180 [==] ETA: 9s
[1A[Jprocessed files:  176 / 180 [==] ETA: 9s
[1A[Jprocessed files:  176 / 180 [==] ETA: 9s
[1A[Jprocessed files:  176 / 180 [==] ETA: 9s
[1A[Jprocessed files:  176 / 180 [==] ETA: 9s
[1A[Jprocessed files:  176 / 180 [==] ETA: 9s
[1A[Jprocessed files:  176 / 180 [==] ETA: 9s
[1A[Jprocessed files:  176 / 180 [==] ETA: 9s
[1A[Jprocessed files:  176 / 180 [==] ETA: 9s
[1A[Jprocessed files:  177 / 180 [==] ETA: 6s
[1A[Jprocessed files:  177 / 180 [==] ETA: 6s
[1A[Jprocessed files:  177 / 180 [==] ETA: 6s
[1A[Jprocessed files:  177 / 180 [==] ETA: 6s
[1A[Jprocessed files:  177 / 180 [==] ETA: 6s
[1A[Jprocessed files:  177 / 180 [==] ETA: 6s
[1A[Jprocessed files:  177 / 180 [==] ETA: 6s
[1A[Jprocessed files:  177 / 180 [==] ETA: 6s
[1A[Jprocessed files:  177 / 180 [==] ETA: 6s
[1A[Jprocessed files:  177 / 180 [==] ETA: 6s
[1A[Jprocessed files:  177 / 180 [==] ETA: 6s
[1A[Jprocessed files:  178 / 180 [==] ETA: 3s
[1A[Jprocessed files:  178 / 180 [==] ETA: 3s
[1A[Jprocessed files:  178 / 180 [==] ETA: 3s
[1A[Jprocessed files:  178 / 180 [==] ETA: 3s
[1A[Jprocessed files:  178 / 180 [==] ETA: 3s
[1A[Jprocessed files:  178 / 180 [==] ETA: 3s
[1A[Jprocessed files:  178 / 180 [==] ETA: 3s
[1A[Jprocessed files:  178 / 180 [==] ETA: 3s
[1A[Jprocessed files:  178 / 180 [==] ETA: 3s
[1A[Jprocessed files:  178 / 180 [==] ETA: 3s
[1A[Jprocessed files:  178 / 180 [==] ETA: 3s
[1A[Jprocessed files:  178 / 180 [==] ETA: 3s
[1A[Jprocessed files:  178 / 180 [==] ETA: 3s
[1A[Jprocessed files:  178 / 180 [==] ETA: 3s
[1A[Jprocessed files:  178 / 180 [==] ETA: 3s
[1A[Jprocessed files:  178 / 180 [==] ETA: 3s
[1A[Jprocessed files:  178 / 180 [==] ETA: 3s
[1A[Jprocessed files:  178 / 180 [==] ETA: 3s
[1A[Jprocessed files:  178 / 180 [==] ETA: 3s
[1A[Jprocessed files:  178 / 180 [==] ETA: 3s
[1A[Jprocessed files:  178 / 180 [==] ETA: 3s
[1A[Jprocessed files:  178 / 180 [==] ETA: 3s
[1A[Jprocessed files:  178 / 180 [==] ETA: 3s
[1A[Jprocessed files:  179 / 180 [==] ETA: 2s
[1A[Jprocessed files:  179 / 180 [==] ETA: 2s
[1A[Jprocessed files:  179 / 180 [==] ETA: 2s
[1A[Jprocessed files:  179 / 180 [==] ETA: 2s
[1A[Jprocessed files:  179 / 180 [==] ETA: 2s
[1A[Jprocessed files:  179 / 180 [==] ETA: 2s
[1A[Jprocessed files:  179 / 180 [==] ETA: 2s
[1A[Jprocessed files:  179 / 180 [==] ETA: 2s
[1A[Jprocessed files:  179 / 180 [==] ETA: 2s
[1A[Jprocessed files:  179 / 180 [==] ETA: 2s
[1A[Jprocessed files:  179 / 180 [==] ETA: 2s
[1A[Jprocessed files:  179 / 180 [==] ETA: 2s
[1A[Jprocessed files:  179 / 180 [==] ETA: 2s
[1A[Jprocessed files:  179 / 180 [==] ETA: 2s
[1A[Jprocessed files:  179 / 180 [==] ETA: 2s
[1A[Jprocessed files:  179 / 180 [==] ETA: 2s
[1A[Jprocessed files:  179 / 180 [==] ETA: 2s
[1A[Jprocessed files:  179 / 180 [==] ETA: 2s
[1A[Jprocessed files:  179 / 180 [==] ETA: 2s
[1A[Jprocessed files:  179 / 180 [==] ETA: 2s
[1A[Jprocessed files:  179 / 180 [==] ETA: 2s
[1A[Jprocessed files:  179 / 180 [==] ETA: 2s
[1A[Jprocessed files:  179 / 180 [==] ETA: 2s
[1A[Jprocessed files:  180 / 180 [==] ETA: 0s
[1A[Jprocessed files:  180 / 180  ETA: 0s. d…
[1A[Jprocessed files:  180 / 180  ETA: 0s. d…
[Wed Jun  4 13:00:44 2025]
Finished job 0.
1 of 1 steps (100%) done
