Sample	0	1	2	3	4	5	6	7	8	9	10	11	12	13	14	15	16	17	18	19	20	21	22	23	24	25	26	27	28	29	30	31	32	33	34	35	36	37	38	39	40	41	42	43	44	45	46	47	48	49	50	51	52	53	54	55	56	57	58	59	60	61	62	63	64	65	66	67	68	69	70	71	72	73	74	75	76	77	78	79	80	81	82	83	84	85	86	87	88	89	90	91	92	93	94	95	96	97	98	99	100
1002R_0_M_NS6_week10_S69_L001_R1_001	(0.0, 0.0)	(1.0, 0.0)	(2.0, 0.0)	(3.0, 0.0)	(4.0, 0.0)	(5.0, 0.0)	(6.0, 0.0)	(7.0, 0.0)	(8.0, 0.0)	(9.0, 0.0)	(10.0, 0.0)	(11.0, 0.0)	(12.0, 0.0)	(13.0, 0.0)	(14.0, 0.0)	(15.0, 0.0)	(16.0, 0.0)	(17.0, 0.0)	(18.0, 0.0)	(19.0, 0.0)	(20.0, 0.0)	(21.0, 0.0)	(22.0, 0.0)	(23.0, 0.0)	(24.0, 0.0)	(25.0, 0.0)	(26.0, 0.0)	(27.0, 0.0006010265533531272)	(28.0, 0.0006010265533531272)	(29.0, 0.0006010265533531272)	(30.0, 0.0036061593201187625)	(31.0, 0.00420718587347189)	(32.0, 0.0036061593201187625)	(33.0, 0.005409238980178145)	(34.0, 0.007212318640237525)	(35.0, 0.007813345193590652)	(36.0, 0.01081847796035629)	(37.0, 0.00841437174694378)	(38.0, 0.020434902814006322)	(39.0, 0.015025663833828178)	(40.0, 0.01863182315394694)	(41.0, 0.026445168347537594)	(42.0, 0.031253380774362606)	(43.0, 0.034859540094481375)	(44.0, 0.06911805363560963)	(45.0, 0.2957050642497386)	(46.0, 12.878195958697455)	(47.0, 23.595100431537066)	(48.0, 10.539601639600438)	(49.0, 11.260232477070838)	(50.0, 3.7257636042360347)	(51.0, 1.5422341359041243)	(52.0, 0.48743253476938614)	(53.0, 5.400824608431201)	(54.0, 19.67280114435456)	(55.0, 9.034631150004207)	(56.0, 0.5679700929187051)	(57.0, 0.16708538183216937)	(58.0, 0.05469341635513456)	(59.0, 0.12741762931086295)	(60.0, 0.07572934572249403)	(61.0, 0.05709752256854708)	(62.0, 0.012020531067062544)	(63.0, 0.0012020531067062543)	(64.0, 0.0012020531067062543)	(65.0, 0.0024041062134125086)	(66.0, 0.042672885288072025)	(67.0, 0.15205971799834117)	(68.0, 0.03245543388106887)	(69.0, 0.0036061593201187625)	(70.0, 0.0012020531067062543)	(71.0, 0.0)	(72.0, 0.0)	(73.0, 0.0)	(74.0, 0.0)	(75.0, 0.0)	(76.0, 0.0)	(77.0, 0.0)	(78.0, 0.0)	(79.0, 0.0)	(80.0, 0.0)	(81.0, 0.0)	(82.0, 0.0)	(83.0, 0.0)	(84.0, 0.0)	(85.0, 0.0)	(86.0, 0.0)	(87.0, 0.0)	(88.0, 0.0)	(89.0, 0.0)	(90.0, 0.0)	(91.0, 0.0)	(92.0, 0.0)	(93.0, 0.0)	(94.0, 0.0)	(95.0, 0.0)	(96.0, 0.0)	(97.0, 0.0)	(98.0, 0.0)	(99.0, 0.0)	(100.0, 0.0)
1002R_0_M_NS6_week10_S69_L001_R2_001	(0.0, 0.0)	(1.0, 0.0)	(2.0, 0.0)	(3.0, 0.0)	(4.0, 0.0)	(5.0, 0.0)	(6.0, 0.0)	(7.0, 0.0)	(8.0, 0.0)	(9.0, 0.0)	(10.0, 0.0)	(11.0, 0.0006070834496909945)	(12.0, 0.0)	(13.0, 0.0)	(14.0, 0.0)	(15.0, 0.0006070834496909945)	(16.0, 0.001214166899381989)	(17.0, 0.0006070834496909945)	(18.0, 0.0)	(19.0, 0.0)	(20.0, 0.0)	(21.0, 0.0006070834496909945)	(22.0, 0.0)	(23.0, 0.0)	(24.0, 0.0)	(25.0, 0.0)	(26.0, 0.0)	(27.0, 0.0)	(28.0, 0.0)	(29.0, 0.0)	(30.0, 0.0)	(31.0, 0.0006070834496909945)	(32.0, 0.0006070834496909945)	(33.0, 0.0)	(34.0, 0.0)	(35.0, 0.0)	(36.0, 0.0006070834496909945)	(37.0, 0.0006070834496909945)	(38.0, 0.0006070834496909945)	(39.0, 0.003642500698145967)	(40.0, 0.003642500698145967)	(41.0, 0.007285001396291934)	(42.0, 0.01335583589320188)	(43.0, 0.026104588336712767)	(44.0, 0.04006750767960564)	(45.0, 0.04978084287466156)	(46.0, 0.12202377338788989)	(47.0, 0.548803438520659)	(48.0, 9.295054698218816)	(49.0, 27.33514648923641)	(50.0, 15.146732069790314)	(51.0, 6.580784594650381)	(52.0, 3.7991282281662437)	(53.0, 6.993601340440257)	(54.0, 6.816940056580177)	(55.0, 3.88229866077391)	(56.0, 9.299911365816344)	(57.0, 7.136873034567332)	(58.0, 1.651874066609196)	(59.0, 0.4583480045167009)	(60.0, 0.1772683673097704)	(61.0, 0.10381126989716005)	(62.0, 0.0777066815604473)	(63.0, 0.06435084566724542)	(64.0, 0.047352509075897574)	(65.0, 0.030354172484549725)	(66.0, 0.025497504887021773)	(67.0, 0.07588543121137431)	(68.0, 0.10138293609839608)	(69.0, 0.04371000837775161)	(70.0, 0.019426670390111825)	(71.0, 0.005463751047218951)	(72.0, 0.0030354172484549726)	(73.0, 0.002428333798763978)	(74.0, 0.001214166899381989)	(75.0, 0.0006070834496909945)	(76.0, 0.0)	(77.0, 0.0)	(78.0, 0.0)	(79.0, 0.0006070834496909945)	(80.0, 0.001214166899381989)	(81.0, 0.0)	(82.0, 0.0)	(83.0, 0.0)	(84.0, 0.0)	(85.0, 0.0006070834496909945)	(86.0, 0.0)	(87.0, 0.0)	(88.0, 0.0)	(89.0, 0.0)	(90.0, 0.0)	(91.0, 0.0)	(92.0, 0.0)	(93.0, 0.0)	(94.0, 0.0)	(95.0, 0.0)	(96.0, 0.0)	(97.0, 0.0)	(98.0, 0.0)	(99.0, 0.0)	(100.0, 0.0)
1002R_L_M_NS6_week10_S70_L001_R1_001	(0.0, 0.0)	(1.0, 0.0)	(2.0, 0.0)	(3.0, 0.0)	(4.0, 0.0)	(5.0, 0.0)	(6.0, 0.0)	(7.0, 0.0)	(8.0, 0.0)	(9.0, 0.0)	(10.0, 0.0)	(11.0, 0.0)	(12.0, 0.0)	(13.0, 0.0)	(14.0, 0.0)	(15.0, 0.0)	(16.0, 0.0)	(17.0, 0.0)	(18.0, 0.0)	(19.0, 0.0)	(20.0, 0.0)	(21.0, 0.0)	(22.0, 0.0)	(23.0, 0.0)	(24.0, 0.0)	(25.0, 0.0)	(26.0, 0.0)	(27.0, 0.0)	(28.0, 0.0)	(29.0, 0.0)	(30.0, 0.0)	(31.0, 0.0)	(32.0, 0.0)	(33.0, 0.0013368805229876605)	(34.0, 0.0020053207844814907)	(35.0, 0.002673761045975321)	(36.0, 0.002673761045975321)	(37.0, 0.002673761045975321)	(38.0, 0.002673761045975321)	(39.0, 0.005347522091950642)	(40.0, 0.0040106415689629814)	(41.0, 0.006684402614938303)	(42.0, 0.008689723399419794)	(43.0, 0.02072164810630874)	(44.0, 0.0441170572585928)	(45.0, 0.17579978877287736)	(46.0, 8.784641916551918)	(47.0, 15.674255691768826)	(48.0, 16.25446183874547)	(49.0, 17.013141535540967)	(50.0, 3.9484766246440555)	(51.0, 1.5354072806513281)	(52.0, 0.5153674416117432)	(53.0, 5.728533041002126)	(54.0, 20.23168139463376)	(55.0, 8.729829815109422)	(56.0, 0.5614898196548175)	(57.0, 0.1544097004050748)	(58.0, 0.07553374954880282)	(59.0, 0.14170933543669204)	(60.0, 0.07553374954880282)	(61.0, 0.05882274301145707)	(62.0, 0.01671100653734576)	(63.0, 0.0033422013074691516)	(64.0, 0.0006684402614938302)	(65.0, 0.0033422013074691516)	(66.0, 0.04211173647411131)	(67.0, 0.14170933543669204)	(68.0, 0.02606917019825938)	(69.0, 0.0033422013074691516)	(70.0, 0.0)	(71.0, 0.0)	(72.0, 0.0)	(73.0, 0.0)	(74.0, 0.0)	(75.0, 0.0)	(76.0, 0.0)	(77.0, 0.0)	(78.0, 0.0)	(79.0, 0.0)	(80.0, 0.0)	(81.0, 0.0)	(82.0, 0.0)	(83.0, 0.0)	(84.0, 0.0)	(85.0, 0.0)	(86.0, 0.0)	(87.0, 0.0)	(88.0, 0.0)	(89.0, 0.0)	(90.0, 0.0)	(91.0, 0.0)	(92.0, 0.0)	(93.0, 0.0)	(94.0, 0.0)	(95.0, 0.0)	(96.0, 0.0)	(97.0, 0.0)	(98.0, 0.0)	(99.0, 0.0)	(100.0, 0.0)
1002R_L_M_NS6_week10_S70_L001_R2_001	(0.0, 0.0)	(1.0, 0.0)	(2.0, 0.0)	(3.0, 0.0)	(4.0, 0.0)	(5.0, 0.0)	(6.0, 0.0)	(7.0, 0.0)	(8.0, 0.0)	(9.0, 0.0)	(10.0, 0.0)	(11.0, 0.0)	(12.0, 0.0)	(13.0, 0.0)	(14.0, 0.0)	(15.0, 0.0)	(16.0, 0.0)	(17.0, 0.0)	(18.0, 0.0)	(19.0, 0.0)	(20.0, 0.0)	(21.0, 0.0)	(22.0, 0.0)	(23.0, 0.0)	(24.0, 0.0)	(25.0, 0.0)	(26.0, 0.0)	(27.0, 0.0)	(28.0, 0.0)	(29.0, 0.0)	(30.0, 0.0)	(31.0, 0.0)	(32.0, 0.0)	(33.0, 0.0)	(34.0, 0.0)	(35.0, 0.0013531341970839958)	(36.0, 0.0)	(37.0, 0.0)	(38.0, 0.0013531341970839958)	(39.0, 0.0)	(40.0, 0.0013531341970839958)	(41.0, 0.0027062683941679916)	(42.0, 0.006089103886877981)	(43.0, 0.014884476167923953)	(44.0, 0.021650147153343933)	(45.0, 0.04127059301106187)	(46.0, 0.07848178343087175)	(47.0, 0.40052772233686273)	(48.0, 6.214945367206793)	(49.0, 24.565474780961402)	(50.0, 20.370758770001014)	(51.0, 6.882040526369202)	(52.0, 4.109468556544095)	(53.0, 7.530191806772437)	(54.0, 7.195967660092689)	(55.0, 3.8719935049558543)	(56.0, 8.887385406447684)	(57.0, 6.8543012753289805)	(58.0, 1.7462196813368964)	(59.0, 0.4708907005852306)	(60.0, 0.17049490883258347)	(61.0, 0.10148506478129969)	(62.0, 0.08457088731774974)	(63.0, 0.052772233686275836)	(64.0, 0.02909238523730591)	(65.0, 0.02300328135042793)	(66.0, 0.027062683941679915)	(67.0, 0.060891038868779813)	(68.0, 0.09201312540171172)	(69.0, 0.047359696897939854)	(70.0, 0.020973580054801936)	(71.0, 0.006089103886877981)	(72.0, 0.004735969689793985)	(73.0, 0.002029701295625994)	(74.0, 0.002029701295625994)	(75.0, 0.0013531341970839958)	(76.0, 0.0)	(77.0, 0.0006765670985419979)	(78.0, 0.0006765670985419979)	(79.0, 0.0)	(80.0, 0.0006765670985419979)	(81.0, 0.0)	(82.0, 0.0)	(83.0, 0.0)	(84.0, 0.0006765670985419979)	(85.0, 0.0)	(86.0, 0.0006765670985419979)	(87.0, 0.0)	(88.0, 0.0006765670985419979)	(89.0, 0.0006765670985419979)	(90.0, 0.0)	(91.0, 0.0)	(92.0, 0.0)	(93.0, 0.0)	(94.0, 0.0)	(95.0, 0.0)	(96.0, 0.0)	(97.0, 0.0)	(98.0, 0.0)	(99.0, 0.0)	(100.0, 0.0)
1030R_0_M_NS1_week10_S77_L001_R1_001	(0.0, 0.0)	(1.0, 0.0)	(2.0, 0.0)	(3.0, 0.0)	(4.0, 0.0)	(5.0, 0.0)	(6.0, 0.0)	(7.0, 0.0)	(8.0, 0.0)	(9.0, 0.0)	(10.0, 0.0)	(11.0, 0.0)	(12.0, 0.0)	(13.0, 0.0)	(14.0, 0.0)	(15.0, 0.0)	(16.0, 0.0)	(17.0, 0.0)	(18.0, 0.0)	(19.0, 0.0)	(20.0, 0.0)	(21.0, 0.0)	(22.0, 0.0)	(23.0, 0.0)	(24.0, 0.0)	(25.0, 0.0)	(26.0, 0.0)	(27.0, 0.0)	(28.0, 0.0006796387040649191)	(29.0, 0.0)	(30.0, 0.0)	(31.0, 0.0013592774081298382)	(32.0, 0.0013592774081298382)	(33.0, 0.0027185548162596764)	(34.0, 0.0020389161121947574)	(35.0, 0.005437109632519353)	(36.0, 0.0074760257447141105)	(37.0, 0.0074760257447141105)	(38.0, 0.005437109632519353)	(39.0, 0.006116748336584272)	(40.0, 0.0142724127853633)	(41.0, 0.0142724127853633)	(42.0, 0.018350245009752814)	(43.0, 0.0319430190910512)	(44.0, 0.036020851315440715)	(45.0, 0.07340098003901126)	(46.0, 0.5933245886486743)	(47.0, 12.996051299129382)	(48.0, 15.056715849854218)	(49.0, 17.05349436239695)	(50.0, 4.643291626171528)	(51.0, 2.062023828132965)	(52.0, 0.6708034009120751)	(53.0, 5.689255591727438)	(54.0, 28.551621957767253)	(55.0, 10.896647342272846)	(56.0, 0.5382738536194159)	(57.0, 0.16175401156745076)	(58.0, 0.09514941856908866)	(59.0, 0.26573873328938336)	(60.0, 0.12505352154794513)	(61.0, 0.06252676077397257)	(62.0, 0.019709522417882652)	(63.0, 0.0033981935203245953)	(64.0, 0.0033981935203245953)	(65.0, 0.0033981935203245953)	(66.0, 0.055050735029258446)	(67.0, 0.18418208880159306)	(68.0, 0.036020851315440715)	(69.0, 0.004077832224389515)	(70.0, 0.0006796387040649191)	(71.0, 0.0)	(72.0, 0.0)	(73.0, 0.0)	(74.0, 0.0)	(75.0, 0.0)	(76.0, 0.0)	(77.0, 0.0)	(78.0, 0.0)	(79.0, 0.0)	(80.0, 0.0)	(81.0, 0.0)	(82.0, 0.0)	(83.0, 0.0)	(84.0, 0.0)	(85.0, 0.0)	(86.0, 0.0)	(87.0, 0.0)	(88.0, 0.0)	(89.0, 0.0)	(90.0, 0.0)	(91.0, 0.0)	(92.0, 0.0)	(93.0, 0.0)	(94.0, 0.0)	(95.0, 0.0)	(96.0, 0.0)	(97.0, 0.0)	(98.0, 0.0)	(99.0, 0.0)	(100.0, 0.0)
1030R_0_M_NS1_week10_S77_L001_R2_001	(0.0, 0.0)	(1.0, 0.0)	(2.0, 0.0)	(3.0, 0.0)	(4.0, 0.0)	(5.0, 0.0)	(6.0, 0.0)	(7.0, 0.0)	(8.0, 0.0)	(9.0, 0.0)	(10.0, 0.0)	(11.0, 0.0)	(12.0, 0.0)	(13.0, 0.0)	(14.0, 0.0)	(15.0, 0.0)	(16.0, 0.0)	(17.0, 0.0)	(18.0, 0.0)	(19.0, 0.0006699314660110271)	(20.0, 0.0006699314660110271)	(21.0, 0.0006699314660110271)	(22.0, 0.0)	(23.0, 0.0)	(24.0, 0.0)	(25.0, 0.0)	(26.0, 0.0)	(27.0, 0.0)	(28.0, 0.0)	(29.0, 0.0)	(30.0, 0.0)	(31.0, 0.0006699314660110271)	(32.0, 0.0)	(33.0, 0.0)	(34.0, 0.0)	(35.0, 0.0)	(36.0, 0.0)	(37.0, 0.0)	(38.0, 0.0)	(39.0, 0.0006699314660110271)	(40.0, 0.0026797258640441084)	(41.0, 0.005359451728088217)	(42.0, 0.010048971990165405)	(43.0, 0.016078355184264648)	(44.0, 0.02947698450448519)	(45.0, 0.04555533968874984)	(46.0, 0.09446033670755481)	(47.0, 0.36511264897600976)	(48.0, 5.135694618440533)	(49.0, 13.785179776108905)	(50.0, 15.159879144363531)	(51.0, 11.363377526479042)	(52.0, 3.829328259719031)	(53.0, 6.547240217325767)	(54.0, 6.7515693144591316)	(55.0, 4.986299901520074)	(56.0, 14.366680288606476)	(57.0, 12.002492145053562)	(58.0, 3.362386027909345)	(59.0, 0.9506327502696474)	(60.0, 0.32223703515130403)	(61.0, 0.18624094755106554)	(62.0, 0.12996670440613925)	(63.0, 0.07704211859126811)	(64.0, 0.05895396900897038)	(65.0, 0.04220568235869471)	(66.0, 0.0395259564946506)	(67.0, 0.08709109058143352)	(68.0, 0.1333163617361944)	(69.0, 0.06632321513509168)	(70.0, 0.024117532776396975)	(71.0, 0.010048971990165405)	(72.0, 0.0013398629320220542)	(73.0, 0.0006699314660110271)	(74.0, 0.0006699314660110271)	(75.0, 0.0006699314660110271)	(76.0, 0.0006699314660110271)	(77.0, 0.002009794398033081)	(78.0, 0.0)	(79.0, 0.0)	(80.0, 0.0)	(81.0, 0.0006699314660110271)	(82.0, 0.0013398629320220542)	(83.0, 0.0)	(84.0, 0.0)	(85.0, 0.0006699314660110271)	(86.0, 0.0)	(87.0, 0.0)	(88.0, 0.0)	(89.0, 0.0)	(90.0, 0.0)	(91.0, 0.0006699314660110271)	(92.0, 0.0)	(93.0, 0.0)	(94.0, 0.0)	(95.0, 0.0)	(96.0, 0.0)	(97.0, 0.0)	(98.0, 0.0)	(99.0, 0.0006699314660110271)	(100.0, 0.0)
1030R_R_M_NS1_week10_S78_L001_R1_001	(0.0, 0.0)	(1.0, 0.0)	(2.0, 0.0)	(3.0, 0.0)	(4.0, 0.0)	(5.0, 0.0)	(6.0, 0.0)	(7.0, 0.0)	(8.0, 0.0)	(9.0, 0.0)	(10.0, 0.0)	(11.0, 0.0)	(12.0, 0.0)	(13.0, 0.0)	(14.0, 0.0)	(15.0, 0.0)	(16.0, 0.0)	(17.0, 0.0)	(18.0, 0.0)	(19.0, 0.0)	(20.0, 0.0)	(21.0, 0.0)	(22.0, 0.0)	(23.0, 0.0)	(24.0, 0.0)	(25.0, 0.0)	(26.0, 0.0)	(27.0, 0.0)	(28.0, 0.0)	(29.0, 0.0)	(30.0, 0.0)	(31.0, 0.0)	(32.0, 0.0)	(33.0, 0.003097557575851441)	(34.0, 0.002323168181888581)	(35.0, 0.002323168181888581)	(36.0, 0.002323168181888581)	(37.0, 0.0007743893939628603)	(38.0, 0.003097557575851441)	(39.0, 0.0015487787879257205)	(40.0, 0.003097557575851441)	(41.0, 0.005420725757740022)	(42.0, 0.007743893939628603)	(43.0, 0.010841451515480044)	(44.0, 0.019359734849071508)	(45.0, 0.05885359394117738)	(46.0, 0.5722737621385537)	(47.0, 13.448820604952994)	(48.0, 15.99501293230288)	(49.0, 19.646258924837763)	(50.0, 4.5278547865008445)	(51.0, 1.8430467576316074)	(52.0, 0.6450663651710626)	(53.0, 5.134201681973764)	(54.0, 26.266513853826257)	(55.0, 10.351263029101554)	(56.0, 0.5467189121377793)	(57.0, 0.17810956061145786)	(58.0, 0.08905478030572893)	(59.0, 0.22147536667337805)	(60.0, 0.10764012576083759)	(61.0, 0.06659748788080598)	(62.0, 0.026329239394737247)	(63.0, 0.003097557575851441)	(64.0, 0.0007743893939628603)	(65.0, 0.0038719469698143016)	(66.0, 0.04568897424380876)	(67.0, 0.1269998606099091)	(68.0, 0.027878018182662972)	(69.0, 0.0038719469698143016)	(70.0, 0.0007743893939628603)	(71.0, 0.0)	(72.0, 0.0)	(73.0, 0.0)	(74.0, 0.0)	(75.0, 0.0)	(76.0, 0.0)	(77.0, 0.0)	(78.0, 0.0)	(79.0, 0.0)	(80.0, 0.0)	(81.0, 0.0)	(82.0, 0.0)	(83.0, 0.0)	(84.0, 0.0)	(85.0, 0.0)	(86.0, 0.0)	(87.0, 0.0)	(88.0, 0.0)	(89.0, 0.0)	(90.0, 0.0)	(91.0, 0.0)	(92.0, 0.0)	(93.0, 0.0)	(94.0, 0.0)	(95.0, 0.0)	(96.0, 0.0)	(97.0, 0.0)	(98.0, 0.0)	(99.0, 0.0)	(100.0, 0.0)
1030R_R_M_NS1_week10_S78_L001_R2_001	(0.0, 0.0)	(1.0, 0.0)	(2.0, 0.0)	(3.0, 0.0)	(4.0, 0.0)	(5.0, 0.0)	(6.0, 0.0)	(7.0, 0.0)	(8.0, 0.0)	(9.0, 0.0)	(10.0, 0.0)	(11.0, 0.0)	(12.0, 0.0)	(13.0, 0.0)	(14.0, 0.0)	(15.0, 0.0)	(16.0, 0.0)	(17.0, 0.0)	(18.0, 0.0007640761936780336)	(19.0, 0.0)	(20.0, 0.0015281523873560672)	(21.0, 0.0007640761936780336)	(22.0, 0.0)	(23.0, 0.0)	(24.0, 0.0)	(25.0, 0.0)	(26.0, 0.0)	(27.0, 0.0)	(28.0, 0.0)	(29.0, 0.0015281523873560672)	(30.0, 0.0)	(31.0, 0.0007640761936780336)	(32.0, 0.0)	(33.0, 0.0)	(34.0, 0.0)	(35.0, 0.0)	(36.0, 0.0)	(37.0, 0.0007640761936780336)	(38.0, 0.0007640761936780336)	(39.0, 0.0)	(40.0, 0.0022922285810341005)	(41.0, 0.004584457162068201)	(42.0, 0.0068766857431023015)	(43.0, 0.01298929529252657)	(44.0, 0.02521451439137511)	(45.0, 0.044316419233325945)	(46.0, 0.08710468607929583)	(47.0, 0.36370026819074397)	(48.0, 5.460088480023228)	(49.0, 14.312675259976926)	(50.0, 16.577397098038617)	(51.0, 13.228451141147795)	(52.0, 3.9938262643550813)	(53.0, 6.28681892158286)	(54.0, 6.417475950701804)	(55.0, 4.459912742498682)	(56.0, 13.024442797435759)	(57.0, 10.841477112097618)	(58.0, 2.979897155344331)	(59.0, 0.8244382129785982)	(60.0, 0.2758315059177701)	(61.0, 0.16580453402813328)	(62.0, 0.12683664815055357)	(63.0, 0.0817561527235496)	(64.0, 0.052721257363784316)	(65.0, 0.04355234303964792)	(66.0, 0.03667565729654561)	(67.0, 0.05501348594481841)	(68.0, 0.08939691466032992)	(69.0, 0.05348533355746235)	(70.0, 0.02827081916608724)	(71.0, 0.01298929529252657)	(72.0, 0.0068766857431023015)	(73.0, 0.0022922285810341005)	(74.0, 0.0007640761936780336)	(75.0, 0.0015281523873560672)	(76.0, 0.0)	(77.0, 0.0)	(78.0, 0.0)	(79.0, 0.0015281523873560672)	(80.0, 0.0007640761936780336)	(81.0, 0.0)	(82.0, 0.0007640761936780336)	(83.0, 0.0)	(84.0, 0.0)	(85.0, 0.0)	(86.0, 0.0007640761936780336)	(87.0, 0.0007640761936780336)	(88.0, 0.0)	(89.0, 0.0)	(90.0, 0.0)	(91.0, 0.0)	(92.0, 0.0)	(93.0, 0.0007640761936780336)	(94.0, 0.0)	(95.0, 0.0)	(96.0, 0.0)	(97.0, 0.0)	(98.0, 0.0)	(99.0, 0.0)	(100.0, 0.0)
1075R_0_M_NS6_week9_S72_L001_R1_001	(0.0, 0.0)	(1.0, 0.0)	(2.0, 0.0)	(3.0, 0.0)	(4.0, 0.0)	(5.0, 0.0)	(6.0, 0.0)	(7.0, 0.0)	(8.0, 0.0)	(9.0, 0.0)	(10.0, 0.0)	(11.0, 0.0)	(12.0, 0.0)	(13.0, 0.0)	(14.0, 0.0)	(15.0, 0.0)	(16.0, 0.0)	(17.0, 0.0)	(18.0, 0.0)	(19.0, 0.0)	(20.0, 0.0)	(21.0, 0.0)	(22.0, 0.0)	(23.0, 0.0)	(24.0, 0.0)	(25.0, 0.0)	(26.0, 0.0)	(27.0, 0.0)	(28.0, 0.0)	(29.0, 0.0)	(30.0, 0.0)	(31.0, 0.0)	(32.0, 0.0)	(33.0, 0.0)	(34.0, 0.0)	(35.0, 0.0)	(36.0, 0.0006658853611762199)	(37.0, 0.0)	(38.0, 0.0013317707223524397)	(39.0, 0.0013317707223524397)	(40.0, 0.003995312167057319)	(41.0, 0.0026635414447048794)	(42.0, 0.005327082889409759)	(43.0, 0.012651821862348178)	(44.0, 0.03462603878116344)	(45.0, 0.22839867888344345)	(46.0, 11.375319624973365)	(47.0, 20.382085020242915)	(48.0, 16.0198700191775)	(49.0, 13.513477519710207)	(50.0, 4.791045173662902)	(51.0, 1.8511613040698913)	(52.0, 0.49675047943746004)	(53.0, 5.496883656509696)	(54.0, 14.895855529512039)	(55.0, 9.389649477945877)	(56.0, 0.839015555082037)	(57.0, 0.16247602812699766)	(58.0, 0.06459088003409333)	(59.0, 0.09522160664819945)	(60.0, 0.06259322395056467)	(61.0, 0.04661197528233539)	(62.0, 0.015981248668229277)	(63.0, 0.003995312167057319)	(64.0, 0.0006658853611762199)	(65.0, 0.0019976560835286597)	(66.0, 0.03396015341998721)	(67.0, 0.1345088429575964)	(68.0, 0.02996484125292989)	(69.0, 0.004661197528233539)	(70.0, 0.0006658853611762199)	(71.0, 0.0)	(72.0, 0.0)	(73.0, 0.0)	(74.0, 0.0)	(75.0, 0.0)	(76.0, 0.0)	(77.0, 0.0)	(78.0, 0.0)	(79.0, 0.0)	(80.0, 0.0)	(81.0, 0.0)	(82.0, 0.0)	(83.0, 0.0)	(84.0, 0.0)	(85.0, 0.0)	(86.0, 0.0)	(87.0, 0.0)	(88.0, 0.0)	(89.0, 0.0)	(90.0, 0.0)	(91.0, 0.0)	(92.0, 0.0)	(93.0, 0.0)	(94.0, 0.0)	(95.0, 0.0)	(96.0, 0.0)	(97.0, 0.0)	(98.0, 0.0)	(99.0, 0.0)	(100.0, 0.0)
1075R_0_M_NS6_week9_S72_L001_R2_001	(0.0, 0.0)	(1.0, 0.0)	(2.0, 0.0)	(3.0, 0.0)	(4.0, 0.0)	(5.0, 0.0)	(6.0, 0.0)	(7.0, 0.0)	(8.0, 0.0006777455472117549)	(9.0, 0.0)	(10.0, 0.0)	(11.0, 0.0)	(12.0, 0.0)	(13.0, 0.0)	(14.0, 0.0)	(15.0, 0.0)	(16.0, 0.0)	(17.0, 0.0)	(18.0, 0.0)	(19.0, 0.0)	(20.0, 0.0)	(21.0, 0.0)	(22.0, 0.0)	(23.0, 0.0)	(24.0, 0.0)	(25.0, 0.0)	(26.0, 0.0)	(27.0, 0.0)	(28.0, 0.0006777455472117549)	(29.0, 0.0)	(30.0, 0.0)	(31.0, 0.0)	(32.0, 0.0)	(33.0, 0.0)	(34.0, 0.0)	(35.0, 0.0)	(36.0, 0.0)	(37.0, 0.0)	(38.0, 0.0)	(39.0, 0.0006777455472117549)	(40.0, 0.0060997099249057935)	(41.0, 0.0060997099249057935)	(42.0, 0.007455201019329303)	(43.0, 0.013554910944235096)	(44.0, 0.02507658524683493)	(45.0, 0.05150866158809337)	(46.0, 0.09623986770406918)	(47.0, 0.517119852522569)	(48.0, 8.150567950768565)	(49.0, 28.63881584297991)	(50.0, 18.470599398161955)	(51.0, 4.614091685417627)	(52.0, 3.953967522433378)	(53.0, 9.096700734676173)	(54.0, 10.024534388809066)	(55.0, 5.636131970612953)	(56.0, 5.0858025862770075)	(57.0, 3.810285466424486)	(58.0, 0.9149564887358691)	(59.0, 0.28600862092336055)	(60.0, 0.11657223412042182)	(61.0, 0.0779407379293518)	(62.0, 0.062352590343481444)	(63.0, 0.044053460568764066)	(64.0, 0.02372109415241142)	(65.0, 0.014232656491446852)	(66.0, 0.018976875321929133)	(67.0, 0.06167484479626969)	(68.0, 0.08471819340146935)	(69.0, 0.046086697210399326)	(70.0, 0.023043348605199663)	(71.0, 0.009488437660964567)	(72.0, 0.003388727736058774)	(73.0, 0.0006777455472117549)	(74.0, 0.0006777455472117549)	(75.0, 0.0)	(76.0, 0.0)	(77.0, 0.0)	(78.0, 0.0)	(79.0, 0.0)	(80.0, 0.0013554910944235097)	(81.0, 0.0)	(82.0, 0.0)	(83.0, 0.0)	(84.0, 0.0006777455472117549)	(85.0, 0.0006777455472117549)	(86.0, 0.0006777455472117549)	(87.0, 0.0)	(88.0, 0.0)	(89.0, 0.0)	(90.0, 0.0)	(91.0, 0.0006777455472117549)	(92.0, 0.0006777455472117549)	(93.0, 0.0)	(94.0, 0.0)	(95.0, 0.0)	(96.0, 0.0)	(97.0, 0.0)	(98.0, 0.0)	(99.0, 0.0)	(100.0, 0.0)
1136R_RL_F_S5_week10_S58_L001_R1_001	(0.0, 0.0)	(1.0, 0.0)	(2.0, 0.0)	(3.0, 0.0)	(4.0, 0.0)	(5.0, 0.0)	(6.0, 0.0)	(7.0, 0.0)	(8.0, 0.0)	(9.0, 0.0)	(10.0, 0.0)	(11.0, 0.0)	(12.0, 0.0)	(13.0, 0.0)	(14.0, 0.0)	(15.0, 0.0)	(16.0, 0.0)	(17.0, 0.0)	(18.0, 0.0)	(19.0, 0.0)	(20.0, 0.0)	(21.0, 0.0)	(22.0, 0.0)	(23.0, 0.0)	(24.0, 0.0)	(25.0, 0.0)	(26.0, 0.0)	(27.0, 0.0)	(28.0, 0.0)	(29.0, 0.0)	(30.0, 0.0)	(31.0, 0.0)	(32.0, 0.0)	(33.0, 0.0007495352881213648)	(34.0, 0.0007495352881213648)	(35.0, 0.0)	(36.0, 0.0)	(37.0, 0.0007495352881213648)	(38.0, 0.0007495352881213648)	(39.0, 0.0007495352881213648)	(40.0, 0.0007495352881213648)	(41.0, 0.0029981411524854593)	(42.0, 0.002248605864364094)	(43.0, 0.0029981411524854593)	(44.0, 0.011992564609941837)	(45.0, 0.07045631708340828)	(46.0, 4.457486358457756)	(47.0, 18.62295376866343)	(48.0, 2.110691371349763)	(49.0, 3.237242909396174)	(50.0, 10.327097199736164)	(51.0, 6.746567128380404)	(52.0, 0.6483480242249805)	(53.0, 4.511452899202494)	(54.0, 33.32658751574024)	(55.0, 14.30712957966061)	(56.0, 0.8394795226959285)	(57.0, 0.2166156982670744)	(58.0, 0.09444144630329196)	(59.0, 0.1551538046411225)	(60.0, 0.10193679918450561)	(61.0, 0.06520957006655873)	(62.0, 0.011243029321820471)	(63.0, 0.0029981411524854593)	(64.0, 0.0007495352881213648)	(65.0, 0.002248605864364094)	(66.0, 0.023235593931762305)	(67.0, 0.07795166996462194)	(68.0, 0.01574024105054866)	(69.0, 0.0014990705762427297)	(70.0, 0.0007495352881213648)	(71.0, 0.0)	(72.0, 0.0)	(73.0, 0.0)	(74.0, 0.0)	(75.0, 0.0)	(76.0, 0.0)	(77.0, 0.0)	(78.0, 0.0)	(79.0, 0.0)	(80.0, 0.0)	(81.0, 0.0)	(82.0, 0.0)	(83.0, 0.0)	(84.0, 0.0)	(85.0, 0.0)	(86.0, 0.0)	(87.0, 0.0)	(88.0, 0.0)	(89.0, 0.0)	(90.0, 0.0)	(91.0, 0.0)	(92.0, 0.0)	(93.0, 0.0)	(94.0, 0.0)	(95.0, 0.0)	(96.0, 0.0)	(97.0, 0.0)	(98.0, 0.0)	(99.0, 0.0)	(100.0, 0.0)
1136R_RL_F_S5_week10_S58_L001_R2_001	(0.0, 0.0)	(1.0, 0.0)	(2.0, 0.0)	(3.0, 0.0)	(4.0, 0.0)	(5.0, 0.0)	(6.0, 0.0)	(7.0, 0.0)	(8.0, 0.0)	(9.0, 0.0)	(10.0, 0.0)	(11.0, 0.0)	(12.0, 0.0)	(13.0, 0.0)	(14.0, 0.0)	(15.0, 0.0)	(16.0, 0.0)	(17.0, 0.0007409053863821589)	(18.0, 0.0)	(19.0, 0.0)	(20.0, 0.0)	(21.0, 0.0)	(22.0, 0.0)	(23.0, 0.0)	(24.0, 0.0)	(25.0, 0.0)	(26.0, 0.0)	(27.0, 0.0)	(28.0, 0.0)	(29.0, 0.0)	(30.0, 0.0)	(31.0, 0.0)	(32.0, 0.0)	(33.0, 0.0)	(34.0, 0.0)	(35.0, 0.0)	(36.0, 0.0)	(37.0, 0.0)	(38.0, 0.0007409053863821589)	(39.0, 0.0007409053863821589)	(40.0, 0.0)	(41.0, 0.003704526931910795)	(42.0, 0.00740905386382159)	(43.0, 0.01481810772764318)	(44.0, 0.018522634659553977)	(45.0, 0.033340742387197156)	(46.0, 0.10224494332073794)	(47.0, 0.4838112173075498)	(48.0, 8.492257538712307)	(49.0, 16.314736608135142)	(50.0, 4.593613395569386)	(51.0, 1.1113580795732385)	(52.0, 1.9789582870267466)	(53.0, 8.247758761206194)	(54.0, 14.032748018078092)	(55.0, 7.7802474623990525)	(56.0, 16.621471438097355)	(57.0, 14.177224568422611)	(58.0, 3.8534489145736086)	(59.0, 1.0320812032303475)	(60.0, 0.3615618285544936)	(61.0, 0.20078535970956507)	(62.0, 0.13336296954878862)	(63.0, 0.09409498407053418)	(64.0, 0.05630880936504408)	(65.0, 0.05038156627398681)	(66.0, 0.025190783136993404)	(67.0, 0.04223160702378306)	(68.0, 0.05630880936504408)	(69.0, 0.038527080091872265)	(70.0, 0.017040823886789656)	(71.0, 0.012595391568496702)	(72.0, 0.0029636215455286358)	(73.0, 0.0007409053863821589)	(74.0, 0.0)	(75.0, 0.0014818107727643179)	(76.0, 0.0007409053863821589)	(77.0, 0.0007409053863821589)	(78.0, 0.0)	(79.0, 0.0)	(80.0, 0.0)	(81.0, 0.0007409053863821589)	(82.0, 0.0)	(83.0, 0.0)	(84.0, 0.0)	(85.0, 0.0)	(86.0, 0.0)	(87.0, 0.0)	(88.0, 0.0007409053863821589)	(89.0, 0.0)	(90.0, 0.0)	(91.0, 0.0)	(92.0, 0.0007409053863821589)	(93.0, 0.0007409053863821589)	(94.0, 0.0)	(95.0, 0.0)	(96.0, 0.0)	(97.0, 0.0)	(98.0, 0.0)	(99.0, 0.0)	(100.0, 0.0)
1136R_R_F_S5_week10_S57_L001_R1_001	(0.0, 0.0)	(1.0, 0.0)	(2.0, 0.0)	(3.0, 0.0)	(4.0, 0.0)	(5.0, 0.0)	(6.0, 0.0)	(7.0, 0.0)	(8.0, 0.0)	(9.0, 0.0)	(10.0, 0.0)	(11.0, 0.0)	(12.0, 0.0)	(13.0, 0.0)	(14.0, 0.0)	(15.0, 0.0)	(16.0, 0.0)	(17.0, 0.0)	(18.0, 0.0)	(19.0, 0.0)	(20.0, 0.0)	(21.0, 0.0)	(22.0, 0.0)	(23.0, 0.0)	(24.0, 0.0)	(25.0, 0.0)	(26.0, 0.0007010164738871363)	(27.0, 0.0007010164738871363)	(28.0, 0.0)	(29.0, 0.0007010164738871363)	(30.0, 0.0007010164738871363)	(31.0, 0.002804065895548545)	(32.0, 0.002804065895548545)	(33.0, 0.006309148264984228)	(34.0, 0.004907115317209954)	(35.0, 0.007010164738871364)	(36.0, 0.013319313003855592)	(37.0, 0.009113214160532773)	(38.0, 0.007010164738871364)	(39.0, 0.011917280056081317)	(40.0, 0.012618296529968456)	(41.0, 0.014020329477742729)	(42.0, 0.016824395373291272)	(43.0, 0.02874167542937259)	(44.0, 0.046267087276550996)	(45.0, 0.1023484051875219)	(46.0, 4.710830704521556)	(47.0, 20.042060988433228)	(48.0, 2.644935155976165)	(49.0, 3.0893796004206098)	(50.0, 8.501927795303189)	(51.0, 5.670522257273046)	(52.0, 0.7521906764808973)	(53.0, 4.8166841920785135)	(54.0, 33.06414300736068)	(55.0, 14.659656501927795)	(56.0, 0.9996494917630565)	(57.0, 0.2579740623904662)	(58.0, 0.10725552050473185)	(59.0, 0.11987381703470032)	(60.0, 0.07430774623203645)	(61.0, 0.07921486154924641)	(62.0, 0.012618296529968456)	(63.0, 0.002804065895548545)	(64.0, 0.0014020329477742726)	(65.0, 0.0007010164738871363)	(66.0, 0.01752541184717841)	(67.0, 0.06449351559761655)	(68.0, 0.018226428321065545)	(69.0, 0.0014020329477742726)	(70.0, 0.0007010164738871363)	(71.0, 0.0)	(72.0, 0.0007010164738871363)	(73.0, 0.0)	(74.0, 0.0)	(75.0, 0.0)	(76.0, 0.0)	(77.0, 0.0)	(78.0, 0.0)	(79.0, 0.0)	(80.0, 0.0)	(81.0, 0.0)	(82.0, 0.0)	(83.0, 0.0)	(84.0, 0.0)	(85.0, 0.0)	(86.0, 0.0)	(87.0, 0.0)	(88.0, 0.0)	(89.0, 0.0)	(90.0, 0.0)	(91.0, 0.0)	(92.0, 0.0)	(93.0, 0.0)	(94.0, 0.0)	(95.0, 0.0)	(96.0, 0.0)	(97.0, 0.0)	(98.0, 0.0)	(99.0, 0.0)	(100.0, 0.0)
1136R_R_F_S5_week10_S57_L001_R2_001	(0.0, 0.0)	(1.0, 0.0)	(2.0, 0.0)	(3.0, 0.0)	(4.0, 0.0)	(5.0, 0.0)	(6.0, 0.0)	(7.0, 0.0)	(8.0, 0.0)	(9.0, 0.0)	(10.0, 0.0)	(11.0, 0.0)	(12.0, 0.0)	(13.0, 0.0006939528944775228)	(14.0, 0.0)	(15.0, 0.0)	(16.0, 0.0)	(17.0, 0.0)	(18.0, 0.0)	(19.0, 0.0)	(20.0, 0.0)	(21.0, 0.0)	(22.0, 0.0)	(23.0, 0.0)	(24.0, 0.0)	(25.0, 0.0)	(26.0, 0.0)	(27.0, 0.0)	(28.0, 0.0)	(29.0, 0.0)	(30.0, 0.0)	(31.0, 0.0)	(32.0, 0.0)	(33.0, 0.0)	(34.0, 0.0)	(35.0, 0.0)	(36.0, 0.0)	(37.0, 0.0006939528944775228)	(38.0, 0.0013879057889550456)	(39.0, 0.0027758115779100913)	(40.0, 0.004163717366865137)	(41.0, 0.005551623155820183)	(42.0, 0.008327434733730274)	(43.0, 0.01457301078402798)	(44.0, 0.02914602156805596)	(45.0, 0.06939528944775228)	(46.0, 0.12491152100595412)	(47.0, 0.544059069270378)	(48.0, 9.361424546501782)	(49.0, 17.38837767692329)	(50.0, 4.309447474705417)	(51.0, 1.2192752355970078)	(52.0, 2.3046175625598533)	(53.0, 8.122718629859405)	(54.0, 13.275318871355013)	(55.0, 7.323978848315776)	(56.0, 16.028923956641822)	(57.0, 13.89501880612344)	(58.0, 3.8798906330238303)	(59.0, 1.0076196027813633)	(60.0, 0.3379550596105536)	(61.0, 0.19291890466475137)	(62.0, 0.1637728830966954)	(63.0, 0.106174792855061)	(64.0, 0.06731343076431973)	(65.0, 0.03400369182939862)	(66.0, 0.02914602156805596)	(67.0, 0.04163717366865137)	(68.0, 0.04927065550790412)	(69.0, 0.028452068673578437)	(70.0, 0.012491152100595412)	(71.0, 0.006245576050297706)	(72.0, 0.0013879057889550456)	(73.0, 0.0)	(74.0, 0.0006939528944775228)	(75.0, 0.0)	(76.0, 0.0)	(77.0, 0.0006939528944775228)	(78.0, 0.0)	(79.0, 0.0006939528944775228)	(80.0, 0.0006939528944775228)	(81.0, 0.0)	(82.0, 0.0)	(83.0, 0.0)	(84.0, 0.0)	(85.0, 0.0)	(86.0, 0.0006939528944775228)	(87.0, 0.0)	(88.0, 0.0)	(89.0, 0.0)	(90.0, 0.0006939528944775228)	(91.0, 0.0013879057889550456)	(92.0, 0.0006939528944775228)	(93.0, 0.0)	(94.0, 0.0)	(95.0, 0.0)	(96.0, 0.0006939528944775228)	(97.0, 0.0)	(98.0, 0.0)	(99.0, 0.0)	(100.0, 0.0)
1174R_0_M_S2_week9_S56_L001_R1_001	(0.0, 0.0)	(1.0, 0.0)	(2.0, 0.0)	(3.0, 0.0)	(4.0, 0.0)	(5.0, 0.0)	(6.0, 0.0)	(7.0, 0.0)	(8.0, 0.0)	(9.0, 0.0)	(10.0, 0.0)	(11.0, 0.0)	(12.0, 0.0)	(13.0, 0.0)	(14.0, 0.0)	(15.0, 0.0)	(16.0, 0.0)	(17.0, 0.0)	(18.0, 0.0)	(19.0, 0.0)	(20.0, 0.0)	(21.0, 0.0)	(22.0, 0.0)	(23.0, 0.0)	(24.0, 0.0)	(25.0, 0.0)	(26.0, 0.0)	(27.0, 0.0)	(28.0, 0.0)	(29.0, 0.0)	(30.0, 0.0)	(31.0, 0.0)	(32.0, 0.0)	(33.0, 0.0)	(34.0, 0.0)	(35.0, 0.0)	(36.0, 0.0)	(37.0, 0.0)	(38.0, 0.0)	(39.0, 0.0)	(40.0, 0.0)	(41.0, 0.0007424290794621844)	(42.0, 0.0029697163178487376)	(43.0, 0.006681861715159659)	(44.0, 0.013363723430319318)	(45.0, 0.08612177321761338)	(46.0, 2.1322563162153934)	(47.0, 26.148352178658136)	(48.0, 7.900187834557104)	(49.0, 2.8969582680614434)	(50.0, 7.613610209884701)	(51.0, 5.722643344494517)	(52.0, 0.631807146622319)	(53.0, 7.25650182266339)	(54.0, 28.302881367257392)	(55.0, 9.695381348696666)	(56.0, 0.7312926432702516)	(57.0, 0.23535001818951246)	(58.0, 0.10171278388631926)	(59.0, 0.23460758911005028)	(60.0, 0.132894805223731)	(61.0, 0.08315205689976465)	(62.0, 0.011136436191932764)	(63.0, 0.0044545744767731064)	(64.0, 0.0007424290794621844)	(65.0, 0.0014848581589243688)	(66.0, 0.012621294350857135)	(67.0, 0.03192445041687393)	(68.0, 0.005939432635697475)	(69.0, 0.0022272872383865532)	(70.0, 0.0)	(71.0, 0.0)	(72.0, 0.0)	(73.0, 0.0)	(74.0, 0.0)	(75.0, 0.0)	(76.0, 0.0)	(77.0, 0.0)	(78.0, 0.0)	(79.0, 0.0)	(80.0, 0.0)	(81.0, 0.0)	(82.0, 0.0)	(83.0, 0.0)	(84.0, 0.0)	(85.0, 0.0)	(86.0, 0.0)	(87.0, 0.0)	(88.0, 0.0)	(89.0, 0.0)	(90.0, 0.0)	(91.0, 0.0)	(92.0, 0.0)	(93.0, 0.0)	(94.0, 0.0)	(95.0, 0.0)	(96.0, 0.0)	(97.0, 0.0)	(98.0, 0.0)	(99.0, 0.0)	(100.0, 0.0)
1174R_0_M_S2_week9_S56_L001_R2_001	(0.0, 0.0)	(1.0, 0.0)	(2.0, 0.0)	(3.0, 0.0)	(4.0, 0.0)	(5.0, 0.0)	(6.0, 0.0)	(7.0, 0.0)	(8.0, 0.0)	(9.0, 0.0)	(10.0, 0.0)	(11.0, 0.0)	(12.0, 0.0)	(13.0, 0.0)	(14.0, 0.0)	(15.0, 0.0007404445629155744)	(16.0, 0.0007404445629155744)	(17.0, 0.0)	(18.0, 0.0)	(19.0, 0.0)	(20.0, 0.0)	(21.0, 0.0007404445629155744)	(22.0, 0.0)	(23.0, 0.0)	(24.0, 0.0)	(25.0, 0.0)	(26.0, 0.0)	(27.0, 0.0)	(28.0, 0.0)	(29.0, 0.0)	(30.0, 0.0)	(31.0, 0.0)	(32.0, 0.0)	(33.0, 0.0007404445629155744)	(34.0, 0.0007404445629155744)	(35.0, 0.0007404445629155744)	(36.0, 0.0)	(37.0, 0.0)	(38.0, 0.0)	(39.0, 0.0)	(40.0, 0.0037022228145778724)	(41.0, 0.0029617782516622978)	(42.0, 0.011106668443733618)	(43.0, 0.01480889125831149)	(44.0, 0.018511114072889363)	(45.0, 0.04442667377493447)	(46.0, 0.11699024094066078)	(47.0, 0.5353414189879604)	(48.0, 9.596161535385846)	(49.0, 22.938232114561583)	(50.0, 6.242688109941208)	(51.0, 1.25653442326773)	(52.0, 4.764020317798806)	(53.0, 11.539828513039229)	(54.0, 9.770166007671005)	(55.0, 4.732921646156353)	(56.0, 13.504968383017163)	(57.0, 10.5639225791165)	(58.0, 2.7885142239400538)	(59.0, 0.7493298976705614)	(60.0, 0.25915559702045105)	(61.0, 0.16067647015267966)	(62.0, 0.12069246375523864)	(63.0, 0.08292979104654435)	(64.0, 0.046648007463681196)	(65.0, 0.024434670576213957)	(66.0, 0.015549335821227065)	(67.0, 0.02073244776163609)	(68.0, 0.03628178358286315)	(69.0, 0.011847113006649191)	(70.0, 0.0059235565033245955)	(71.0, 0.004442667377493447)	(72.0, 0.0014808891258311489)	(73.0, 0.0014808891258311489)	(74.0, 0.0029617782516622978)	(75.0, 0.0007404445629155744)	(76.0, 0.0)	(77.0, 0.0007404445629155744)	(78.0, 0.0)	(79.0, 0.0)	(80.0, 0.0)	(81.0, 0.0)	(82.0, 0.0007404445629155744)	(83.0, 0.0)	(84.0, 0.0)	(85.0, 0.0)	(86.0, 0.0007404445629155744)	(87.0, 0.0007404445629155744)	(88.0, 0.0)	(89.0, 0.0007404445629155744)	(90.0, 0.0)	(91.0, 0.0)	(92.0, 0.0)	(93.0, 0.0)	(94.0, 0.0)	(95.0, 0.0)	(96.0, 0.0)	(97.0, 0.0)	(98.0, 0.0)	(99.0, 0.0007404445629155744)	(100.0, 0.0)
160R_0_F_S2_week10_S49_L001_R1_001	(0.0, 0.0)	(1.0, 0.0)	(2.0, 0.0)	(3.0, 0.0)	(4.0, 0.0)	(5.0, 0.0)	(6.0, 0.0)	(7.0, 0.0)	(8.0, 0.0)	(9.0, 0.0)	(10.0, 0.0)	(11.0, 0.0)	(12.0, 0.0)	(13.0, 0.0)	(14.0, 0.0)	(15.0, 0.0)	(16.0, 0.0)	(17.0, 0.0)	(18.0, 0.0)	(19.0, 0.0)	(20.0, 0.0)	(21.0, 0.0)	(22.0, 0.0)	(23.0, 0.0)	(24.0, 0.0)	(25.0, 0.0)	(26.0, 0.0)	(27.0, 0.0)	(28.0, 0.0)	(29.0, 0.0)	(30.0, 0.0)	(31.0, 0.0040512893228269896)	(32.0, 0.0027008595485513267)	(33.0, 0.003376074435689158)	(34.0, 0.003376074435689158)	(35.0, 0.009453008419929642)	(36.0, 0.007427363758516148)	(37.0, 0.006752148871378316)	(38.0, 0.0040512893228269896)	(39.0, 0.0128290828556188)	(40.0, 0.015529942404170126)	(41.0, 0.022957306162686274)	(42.0, 0.023632521049824107)	(43.0, 0.02970945503406459)	(44.0, 0.04861547187392388)	(45.0, 0.12896604344332585)	(46.0, 2.8250990877846873)	(47.0, 26.85734735079439)	(48.0, 7.303124219282786)	(49.0, 2.1505594155339938)	(50.0, 5.1444622251031396)	(51.0, 3.798083740150303)	(52.0, 0.533419760838887)	(53.0, 5.429402907475303)	(54.0, 33.01665755126569)	(55.0, 11.271362110991824)	(56.0, 0.6765653169121073)	(57.0, 0.212692689448417)	(58.0, 0.07764971202085064)	(59.0, 0.15462420915456343)	(60.0, 0.08507707577936678)	(61.0, 0.064145414278094)	(62.0, 0.01215386796848097)	(63.0, 0.004726504209964821)	(64.0, 0.0027008595485513267)	(65.0, 0.0006752148871378317)	(66.0, 0.010128223307067474)	(67.0, 0.038487248566856404)	(68.0, 0.005401719097102653)	(69.0, 0.0013504297742756633)	(70.0, 0.0)	(71.0, 0.0006752148871378317)	(72.0, 0.0)	(73.0, 0.0)	(74.0, 0.0)	(75.0, 0.0)	(76.0, 0.0)	(77.0, 0.0)	(78.0, 0.0)	(79.0, 0.0)	(80.0, 0.0)	(81.0, 0.0)	(82.0, 0.0)	(83.0, 0.0)	(84.0, 0.0)	(85.0, 0.0)	(86.0, 0.0)	(87.0, 0.0)	(88.0, 0.0)	(89.0, 0.0)	(90.0, 0.0)	(91.0, 0.0)	(92.0, 0.0)	(93.0, 0.0)	(94.0, 0.0)	(95.0, 0.0)	(96.0, 0.0)	(97.0, 0.0)	(98.0, 0.0)	(99.0, 0.0)	(100.0, 0.0)
160R_0_F_S2_week10_S49_L001_R2_001	(0.0, 0.0)	(1.0, 0.0)	(2.0, 0.0)	(3.0, 0.0)	(4.0, 0.0)	(5.0, 0.0)	(6.0, 0.0)	(7.0, 0.0)	(8.0, 0.0)	(9.0, 0.0)	(10.0, 0.0)	(11.0, 0.0)	(12.0, 0.000662177105888741)	(13.0, 0.000662177105888741)	(14.0, 0.0)	(15.0, 0.0)	(16.0, 0.0)	(17.0, 0.0)	(18.0, 0.0)	(19.0, 0.000662177105888741)	(20.0, 0.000662177105888741)	(21.0, 0.0)	(22.0, 0.0)	(23.0, 0.0)	(24.0, 0.0)	(25.0, 0.0)	(26.0, 0.0)	(27.0, 0.0)	(28.0, 0.0)	(29.0, 0.0)	(30.0, 0.0)	(31.0, 0.0)	(32.0, 0.000662177105888741)	(33.0, 0.000662177105888741)	(34.0, 0.000662177105888741)	(35.0, 0.000662177105888741)	(36.0, 0.0)	(37.0, 0.001324354211777482)	(38.0, 0.0)	(39.0, 0.003310885529443705)	(40.0, 0.003310885529443705)	(41.0, 0.00662177105888741)	(42.0, 0.01324354211777482)	(43.0, 0.014567896329552302)	(44.0, 0.03509538661210328)	(45.0, 0.05297416847109928)	(46.0, 0.13839501513074687)	(47.0, 0.6985968467126218)	(48.0, 11.64968182390062)	(49.0, 22.091552606660176)	(50.0, 4.976260950753889)	(51.0, 1.0065092009508865)	(52.0, 2.710290894402617)	(53.0, 6.6608395081348455)	(54.0, 6.304588225166703)	(55.0, 5.027248587907321)	(56.0, 18.35753590655357)	(57.0, 14.646033228047173)	(58.0, 3.712827032718171)	(59.0, 0.8886416761026904)	(60.0, 0.32380460477959433)	(61.0, 0.18342305833118125)	(62.0, 0.15428726567207665)	(63.0, 0.0854208466596476)	(64.0, 0.06489335637709662)	(65.0, 0.052311991365210544)	(66.0, 0.02052749028255097)	(67.0, 0.031784501082659566)	(68.0, 0.031122323976770824)	(69.0, 0.02052749028255097)	(70.0, 0.009270479482442374)	(71.0, 0.005297416847109928)	(72.0, 0.002648708423554964)	(73.0, 0.001324354211777482)	(74.0, 0.001324354211777482)	(75.0, 0.000662177105888741)	(76.0, 0.001324354211777482)	(77.0, 0.001986531317666223)	(78.0, 0.0)	(79.0, 0.0)	(80.0, 0.0)	(81.0, 0.000662177105888741)	(82.0, 0.000662177105888741)	(83.0, 0.0)	(84.0, 0.000662177105888741)	(85.0, 0.0)	(86.0, 0.0)	(87.0, 0.0)	(88.0, 0.0)	(89.0, 0.0)	(90.0, 0.0)	(91.0, 0.000662177105888741)	(92.0, 0.000662177105888741)	(93.0, 0.0)	(94.0, 0.0)	(95.0, 0.0)	(96.0, 0.0)	(97.0, 0.0)	(98.0, 0.0)	(99.0, 0.0)	(100.0, 0.0)
160R_L_F_S2_week10_S50_L001_R1_001	(0.0, 0.0)	(1.0, 0.0)	(2.0, 0.0)	(3.0, 0.0)	(4.0, 0.0)	(5.0, 0.0)	(6.0, 0.0)	(7.0, 0.0)	(8.0, 0.0)	(9.0, 0.0)	(10.0, 0.0)	(11.0, 0.0)	(12.0, 0.0)	(13.0, 0.0)	(14.0, 0.0)	(15.0, 0.0)	(16.0, 0.0)	(17.0, 0.0)	(18.0, 0.0)	(19.0, 0.0)	(20.0, 0.0)	(21.0, 0.0)	(22.0, 0.0)	(23.0, 0.0)	(24.0, 0.0)	(25.0, 0.0)	(26.0, 0.0)	(27.0, 0.0)	(28.0, 0.0)	(29.0, 0.0)	(30.0, 0.0)	(31.0, 0.0)	(32.0, 0.0)	(33.0, 0.0)	(34.0, 0.0)	(35.0, 0.0)	(36.0, 0.0)	(37.0, 0.0)	(38.0, 0.0007095519888742248)	(39.0, 0.0007095519888742248)	(40.0, 0.0)	(41.0, 0.0007095519888742248)	(42.0, 0.0021286559666226744)	(43.0, 0.005676415910993798)	(44.0, 0.014191039777484496)	(45.0, 0.03760625541033392)	(46.0, 1.372983098471625)	(47.0, 14.105893538819588)	(48.0, 3.779073892744121)	(49.0, 2.074730015468233)	(50.0, 6.077312784707735)	(51.0, 4.394255467098074)	(52.0, 0.612343366398456)	(53.0, 7.125321072274965)	(54.0, 44.31719812110633)	(55.0, 14.33436927923709)	(56.0, 0.8074701633388679)	(57.0, 0.21712290859551278)	(58.0, 0.12062383810861822)	(59.0, 0.24337633218385912)	(60.0, 0.12700980600848624)	(61.0, 0.12204294208636667)	(62.0, 0.021286559666226744)	(63.0, 0.003547759944371124)	(64.0, 0.0007095519888742248)	(65.0, 0.0007095519888742248)	(66.0, 0.012062383810861822)	(67.0, 0.048249535243447286)	(68.0, 0.01631969574410717)	(69.0, 0.002838207955496899)	(70.0, 0.0014191039777484496)	(71.0, 0.0)	(72.0, 0.0)	(73.0, 0.0)	(74.0, 0.0)	(75.0, 0.0)	(76.0, 0.0)	(77.0, 0.0)	(78.0, 0.0)	(79.0, 0.0)	(80.0, 0.0)	(81.0, 0.0)	(82.0, 0.0)	(83.0, 0.0)	(84.0, 0.0)	(85.0, 0.0)	(86.0, 0.0)	(87.0, 0.0)	(88.0, 0.0)	(89.0, 0.0)	(90.0, 0.0)	(91.0, 0.0)	(92.0, 0.0)	(93.0, 0.0)	(94.0, 0.0)	(95.0, 0.0)	(96.0, 0.0)	(97.0, 0.0)	(98.0, 0.0)	(99.0, 0.0)	(100.0, 0.0)
160R_L_F_S2_week10_S50_L001_R2_001	(0.0, 0.0)	(1.0, 0.0)	(2.0, 0.0)	(3.0, 0.0)	(4.0, 0.0)	(5.0, 0.0)	(6.0, 0.0)	(7.0, 0.0)	(8.0, 0.0)	(9.0, 0.0)	(10.0, 0.0)	(11.0, 0.0)	(12.0, 0.0)	(13.0, 0.0)	(14.0, 0.0)	(15.0, 0.0)	(16.0, 0.0)	(17.0, 0.0)	(18.0, 0.0)	(19.0, 0.0)	(20.0, 0.0)	(21.0, 0.0)	(22.0, 0.0)	(23.0, 0.0)	(24.0, 0.0)	(25.0, 0.0)	(26.0, 0.0)	(27.0, 0.0)	(28.0, 0.0)	(29.0, 0.0)	(30.0, 0.0006977425702045316)	(31.0, 0.0)	(32.0, 0.0)	(33.0, 0.0006977425702045316)	(34.0, 0.0)	(35.0, 0.0)	(36.0, 0.0)	(37.0, 0.0013954851404090632)	(38.0, 0.0034887128510226574)	(39.0, 0.0013954851404090632)	(40.0, 0.0020932277106135945)	(41.0, 0.004186455421227189)	(42.0, 0.00488419799143172)	(43.0, 0.011163881123272506)	(44.0, 0.016745821684908756)	(45.0, 0.023723247386954072)	(46.0, 0.06558780159922596)	(47.0, 0.34608031482144763)	(48.0, 5.916159252764222)	(49.0, 12.391908046832482)	(50.0, 3.855725442950241)	(51.0, 0.8672940147642327)	(52.0, 3.3938198614748414)	(53.0, 7.940310448927569)	(54.0, 6.416440675600872)	(55.0, 5.927323133887496)	(56.0, 25.219905200042792)	(57.0, 19.965903646402673)	(58.0, 5.058633633982853)	(59.0, 1.3005921508612468)	(60.0, 0.3963177798761739)	(61.0, 0.24420989957158606)	(62.0, 0.20583405821033682)	(63.0, 0.12001172207517943)	(64.0, 0.07396071244168034)	(65.0, 0.04256229678247642)	(66.0, 0.0376780987910447)	(67.0, 0.03349164336981751)	(68.0, 0.047446494773908145)	(69.0, 0.03139841565920392)	(70.0, 0.016745821684908756)	(71.0, 0.0034887128510226574)	(72.0, 0.0013954851404090632)	(73.0, 0.0006977425702045316)	(74.0, 0.0006977425702045316)	(75.0, 0.0006977425702045316)	(76.0, 0.0006977425702045316)	(77.0, 0.0)	(78.0, 0.0)	(79.0, 0.0)	(80.0, 0.0)	(81.0, 0.0)	(82.0, 0.0006977425702045316)	(83.0, 0.0006977425702045316)	(84.0, 0.0006977425702045316)	(85.0, 0.0013954851404090632)	(86.0, 0.0)	(87.0, 0.0)	(88.0, 0.0006977425702045316)	(89.0, 0.0)	(90.0, 0.0)	(91.0, 0.0)	(92.0, 0.0006977425702045316)	(93.0, 0.0)	(94.0, 0.0)	(95.0, 0.0)	(96.0, 0.0)	(97.0, 0.0)	(98.0, 0.0)	(99.0, 0.0006977425702045316)	(100.0, 0.0009303234269393754)
184R_0_F_NS6_week10_S65_L001_R1_001	(0.0, 0.0)	(1.0, 0.0)	(2.0, 0.0)	(3.0, 0.0)	(4.0, 0.0)	(5.0, 0.0)	(6.0, 0.0)	(7.0, 0.0)	(8.0, 0.0)	(9.0, 0.0)	(10.0, 0.0)	(11.0, 0.0)	(12.0, 0.0)	(13.0, 0.0)	(14.0, 0.0)	(15.0, 0.0)	(16.0, 0.0)	(17.0, 0.0)	(18.0, 0.0)	(19.0, 0.0)	(20.0, 0.0)	(21.0, 0.0)	(22.0, 0.0)	(23.0, 0.0)	(24.0, 0.0)	(25.0, 0.0)	(26.0, 0.0)	(27.0, 0.000712987059284874)	(28.0, 0.000712987059284874)	(29.0, 0.001425974118569748)	(30.0, 0.002138961177854622)	(31.0, 0.004990909414994118)	(32.0, 0.004990909414994118)	(33.0, 0.004277922355709244)	(34.0, 0.007842857652133614)	(35.0, 0.008555844711418488)	(36.0, 0.008555844711418488)	(37.0, 0.012833767067127732)	(38.0, 0.01568571530426723)	(39.0, 0.01425974118569748)	(40.0, 0.012833767067127732)	(41.0, 0.017111689422836977)	(42.0, 0.020676624719261346)	(43.0, 0.022815585897115968)	(44.0, 0.051335068268510926)	(45.0, 0.17682079070264875)	(46.0, 7.105629032833054)	(47.0, 13.441232041638445)	(48.0, 14.711061994224806)	(49.0, 16.359488075291434)	(50.0, 4.023385975544544)	(51.0, 1.7175858258172614)	(52.0, 0.6623649780756479)	(53.0, 6.70421731845567)	(54.0, 24.307154825139925)	(55.0, 9.256710990695519)	(56.0, 0.6823286157356244)	(57.0, 0.17040390716908488)	(58.0, 0.07272468004705714)	(59.0, 0.10053117535916724)	(60.0, 0.049196107090656305)	(61.0, 0.03921428826066806)	(62.0, 0.004277922355709244)	(63.0, 0.002138961177854622)	(64.0, 0.0)	(65.0, 0.001425974118569748)	(66.0, 0.03921428826066806)	(67.0, 0.1340415671455563)	(68.0, 0.02352857295640084)	(69.0, 0.00356493529642437)	(70.0, 0.0)	(71.0, 0.0)	(72.0, 0.0)	(73.0, 0.0)	(74.0, 0.0)	(75.0, 0.0)	(76.0, 0.0)	(77.0, 0.0)	(78.0, 0.0)	(79.0, 0.0)	(80.0, 0.0)	(81.0, 0.0)	(82.0, 0.0)	(83.0, 0.0)	(84.0, 0.0)	(85.0, 0.0)	(86.0, 0.0)	(87.0, 0.0)	(88.0, 0.0)	(89.0, 0.0)	(90.0, 0.0)	(91.0, 0.0)	(92.0, 0.0)	(93.0, 0.0)	(94.0, 0.0)	(95.0, 0.0)	(96.0, 0.0)	(97.0, 0.0)	(98.0, 0.0)	(99.0, 0.0)	(100.0, 0.0)
184R_0_F_NS6_week10_S65_L001_R2_001	(0.0, 0.0)	(1.0, 0.0)	(2.0, 0.0)	(3.0, 0.0)	(4.0, 0.0)	(5.0, 0.0)	(6.0, 0.0)	(7.0, 0.0)	(8.0, 0.0)	(9.0, 0.0)	(10.0, 0.0)	(11.0, 0.0)	(12.0, 0.0)	(13.0, 0.0)	(14.0, 0.0)	(15.0, 0.0)	(16.0, 0.0)	(17.0, 0.0)	(18.0, 0.0)	(19.0, 0.0)	(20.0, 0.0)	(21.0, 0.0)	(22.0, 0.0)	(23.0, 0.0)	(24.0, 0.0)	(25.0, 0.0)	(26.0, 0.0)	(27.0, 0.0)	(28.0, 0.0)	(29.0, 0.0)	(30.0, 0.0)	(31.0, 0.0)	(32.0, 0.0007104190051292252)	(33.0, 0.0)	(34.0, 0.0)	(35.0, 0.0)	(36.0, 0.0)	(37.0, 0.0007104190051292252)	(38.0, 0.0035520950256461258)	(39.0, 0.0014208380102584503)	(40.0, 0.0035520950256461258)	(41.0, 0.005683352041033801)	(42.0, 0.008525028061550703)	(43.0, 0.011366704082067603)	(44.0, 0.03125843622568591)	(45.0, 0.039783464287236614)	(46.0, 0.09164405166167006)	(47.0, 0.37012830167232635)	(48.0, 5.642858157741435)	(49.0, 20.3947087992498)	(50.0, 18.441766954149557)	(51.0, 7.597220840851934)	(52.0, 4.606356829257896)	(53.0, 7.94958866739603)	(54.0, 5.90571318963925)	(55.0, 4.2525681647035425)	(56.0, 11.632400789985933)	(57.0, 9.323539023315952)	(58.0, 2.264105369346841)	(59.0, 0.5853852602264816)	(60.0, 0.22307156761057673)	(61.0, 0.1264545829130021)	(62.0, 0.09661698469757463)	(63.0, 0.06820022449240562)	(64.0, 0.04830849234878731)	(65.0, 0.024864665179522884)	(66.0, 0.022733408164135206)	(67.0, 0.05399184438982112)	(68.0, 0.08880237564115316)	(69.0, 0.04830849234878731)	(70.0, 0.011366704082067603)	(71.0, 0.008525028061550703)	(72.0, 0.004972933035904577)	(73.0, 0.0)	(74.0, 0.0007104190051292252)	(75.0, 0.0)	(76.0, 0.0007104190051292252)	(77.0, 0.0014208380102584503)	(78.0, 0.0014208380102584503)	(79.0, 0.0)	(80.0, 0.0)	(81.0, 0.0)	(82.0, 0.0021312570153876756)	(83.0, 0.0021312570153876756)	(84.0, 0.0007104190051292252)	(85.0, 0.0)	(86.0, 0.0)	(87.0, 0.0)	(88.0, 0.0)	(89.0, 0.0)	(90.0, 0.0)	(91.0, 0.0)	(92.0, 0.0)	(93.0, 0.0)	(94.0, 0.0)	(95.0, 0.0)	(96.0, 0.0)	(97.0, 0.0)	(98.0, 0.0)	(99.0, 0.0)	(100.0, 0.0)
184R_L_F_NS6_week10_S66_L001_R1_001	(0.0, 0.0)	(1.0, 0.0)	(2.0, 0.0)	(3.0, 0.0)	(4.0, 0.0)	(5.0, 0.0)	(6.0, 0.0)	(7.0, 0.0)	(8.0, 0.0)	(9.0, 0.0)	(10.0, 0.0)	(11.0, 0.0)	(12.0, 0.0)	(13.0, 0.0)	(14.0, 0.0)	(15.0, 0.0)	(16.0, 0.0)	(17.0, 0.0)	(18.0, 0.0)	(19.0, 0.0)	(20.0, 0.0)	(21.0, 0.0)	(22.0, 0.0)	(23.0, 0.0)	(24.0, 0.0)	(25.0, 0.0)	(26.0, 0.0)	(27.0, 0.0)	(28.0, 0.0)	(29.0, 0.0)	(30.0, 0.0)	(31.0, 0.0)	(32.0, 0.0)	(33.0, 0.0006452029163171817)	(34.0, 0.0)	(35.0, 0.0006452029163171817)	(36.0, 0.0)	(37.0, 0.0006452029163171817)	(38.0, 0.0006452029163171817)	(39.0, 0.0006452029163171817)	(40.0, 0.0019356087489515452)	(41.0, 0.0038712174979030904)	(42.0, 0.007742434995806181)	(43.0, 0.014194464158978)	(44.0, 0.03419575456481063)	(45.0, 0.1548486999161236)	(46.0, 9.208336021678818)	(47.0, 17.135299051551716)	(48.0, 17.81856893993161)	(49.0, 20.197432092393058)	(50.0, 4.360926511387832)	(51.0, 1.5923607974708047)	(52.0, 0.46002967933415057)	(53.0, 6.393960900703272)	(54.0, 14.43447964384799)	(55.0, 7.130782631137493)	(56.0, 0.5322924059616749)	(57.0, 0.1167817278534099)	(58.0, 0.05742305955222918)	(59.0, 0.08452158203755081)	(60.0, 0.04451900122588554)	(61.0, 0.03806697206271372)	(62.0, 0.011613652493709272)	(63.0, 0.0019356087489515452)	(64.0, 0.002580811665268727)	(65.0, 0.0006452029163171817)	(66.0, 0.031614942899541906)	(67.0, 0.09355442286599136)	(68.0, 0.02516291373637009)	(69.0, 0.005806826246854636)	(70.0, 0.0012904058326343635)	(71.0, 0.0)	(72.0, 0.0)	(73.0, 0.0)	(74.0, 0.0)	(75.0, 0.0)	(76.0, 0.0)	(77.0, 0.0)	(78.0, 0.0)	(79.0, 0.0)	(80.0, 0.0)	(81.0, 0.0)	(82.0, 0.0)	(83.0, 0.0)	(84.0, 0.0)	(85.0, 0.0)	(86.0, 0.0)	(87.0, 0.0)	(88.0, 0.0)	(89.0, 0.0)	(90.0, 0.0)	(91.0, 0.0)	(92.0, 0.0)	(93.0, 0.0)	(94.0, 0.0)	(95.0, 0.0)	(96.0, 0.0)	(97.0, 0.0)	(98.0, 0.0)	(99.0, 0.0)	(100.0, 0.0)
184R_L_F_NS6_week10_S66_L001_R2_001	(0.0, 0.0)	(1.0, 0.0)	(2.0, 0.0)	(3.0, 0.0)	(4.0, 0.0)	(5.0, 0.0)	(6.0, 0.0)	(7.0, 0.0)	(8.0, 0.0)	(9.0, 0.00064969659169168)	(10.0, 0.0)	(11.0, 0.0)	(12.0, 0.0)	(13.0, 0.0)	(14.0, 0.0)	(15.0, 0.0)	(16.0, 0.0)	(17.0, 0.0)	(18.0, 0.0)	(19.0, 0.0)	(20.0, 0.0)	(21.0, 0.0)	(22.0, 0.0)	(23.0, 0.0)	(24.0, 0.0)	(25.0, 0.0)	(26.0, 0.00064969659169168)	(27.0, 0.0)	(28.0, 0.0)	(29.0, 0.0)	(30.0, 0.0)	(31.0, 0.0)	(32.0, 0.0)	(33.0, 0.0)	(34.0, 0.0)	(35.0, 0.0)	(36.0, 0.0)	(37.0, 0.0)	(38.0, 0.00064969659169168)	(39.0, 0.00259878636676672)	(40.0, 0.0032484829584584)	(41.0, 0.0032484829584584)	(42.0, 0.00779635910030016)	(43.0, 0.01169453865045024)	(44.0, 0.02014059434244208)	(45.0, 0.04158058186826752)	(46.0, 0.10005327512051872)	(47.0, 0.47297911875154297)	(48.0, 7.265556984888057)	(49.0, 25.243311373588533)	(50.0, 22.459361478189685)	(51.0, 9.41215452383737)	(52.0, 4.683662729505321)	(53.0, 8.197221897373927)	(54.0, 6.943307475408984)	(55.0, 4.106082459491418)	(56.0, 5.1722345664574645)	(57.0, 4.024870385529958)	(58.0, 0.9855897295962787)	(59.0, 0.30340830832001453)	(60.0, 0.11239751036266063)	(61.0, 0.07861328759469327)	(62.0, 0.07081692849439312)	(63.0, 0.04417936823503424)	(64.0, 0.02468847048428384)	(65.0, 0.02208968411751712)	(66.0, 0.014293325017216961)	(67.0, 0.04352967164334256)	(68.0, 0.05847269325225119)	(69.0, 0.03833209890980912)	(70.0, 0.01234423524214192)	(71.0, 0.007146662508608481)	(72.0, 0.00194908977507504)	(73.0, 0.0)	(74.0, 0.00064969659169168)	(75.0, 0.00259878636676672)	(76.0, 0.00129939318338336)	(77.0, 0.0)	(78.0, 0.00064969659169168)	(79.0, 0.00064969659169168)	(80.0, 0.0)	(81.0, 0.0)	(82.0, 0.0)	(83.0, 0.0)	(84.0, 0.0)	(85.0, 0.00064969659169168)	(86.0, 0.0)	(87.0, 0.0)	(88.0, 0.0)	(89.0, 0.00129939318338336)	(90.0, 0.00064969659169168)	(91.0, 0.00064969659169168)	(92.0, 0.0)	(93.0, 0.0)	(94.0, 0.0)	(95.0, 0.0)	(96.0, 0.0)	(97.0, 0.0)	(98.0, 0.0)	(99.0, 0.0)	(100.0, 0.0)
2403R_L_F_NS6_week10_S67_L001_R1_001	(0.0, 0.0)	(1.0, 0.0)	(2.0, 0.0)	(3.0, 0.0)	(4.0, 0.0)	(5.0, 0.0)	(6.0, 0.0)	(7.0, 0.0)	(8.0, 0.0)	(9.0, 0.0)	(10.0, 0.0)	(11.0, 0.0)	(12.0, 0.0)	(13.0, 0.0)	(14.0, 0.0)	(15.0, 0.0)	(16.0, 0.0)	(17.0, 0.0)	(18.0, 0.0)	(19.0, 0.0)	(20.0, 0.0)	(21.0, 0.0)	(22.0, 0.0)	(23.0, 0.0)	(24.0, 0.0)	(25.0, 0.0)	(26.0, 0.0)	(27.0, 0.0)	(28.0, 0.0006182036239096434)	(29.0, 0.0006182036239096434)	(30.0, 0.0)	(31.0, 0.00185461087172893)	(32.0, 0.0006182036239096434)	(33.0, 0.0006182036239096434)	(34.0, 0.004327425367367504)	(35.0, 0.00556383261518679)	(36.0, 0.006182036239096434)	(37.0, 0.008654850734735008)	(38.0, 0.006800239863006077)	(39.0, 0.008036647110825364)	(40.0, 0.010509461606463938)	(41.0, 0.010509461606463938)	(42.0, 0.015455090597741084)	(43.0, 0.022873534084656803)	(44.0, 0.046983475417132894)	(45.0, 0.18298827267725443)	(46.0, 9.548773174908352)	(47.0, 17.33999344704159)	(48.0, 18.455850988198495)	(49.0, 19.106819404175347)	(50.0, 4.089416972162291)	(51.0, 1.7000599657515194)	(52.0, 0.4444884055910336)	(53.0, 5.380226138885626)	(54.0, 16.11842308619613)	(55.0, 6.615396979457093)	(56.0, 0.3610309163632317)	(57.0, 0.10447641244072974)	(58.0, 0.041419642801946106)	(59.0, 0.0741844348691572)	(60.0, 0.034001199315030387)	(61.0, 0.034001199315030387)	(62.0, 0.00741844348691572)	(63.0, 0.0012364072478192867)	(64.0, 0.0012364072478192867)	(65.0, 0.00185461087172893)	(66.0, 0.03894682830630753)	(67.0, 0.1397140190035794)	(68.0, 0.02534634858029538)	(69.0, 0.0024728144956385734)	(70.0, 0.0)	(71.0, 0.0)	(72.0, 0.0)	(73.0, 0.0)	(74.0, 0.0)	(75.0, 0.0)	(76.0, 0.0)	(77.0, 0.0)	(78.0, 0.0)	(79.0, 0.0)	(80.0, 0.0)	(81.0, 0.0)	(82.0, 0.0)	(83.0, 0.0)	(84.0, 0.0)	(85.0, 0.0)	(86.0, 0.0)	(87.0, 0.0)	(88.0, 0.0)	(89.0, 0.0)	(90.0, 0.0)	(91.0, 0.0)	(92.0, 0.0)	(93.0, 0.0)	(94.0, 0.0)	(95.0, 0.0)	(96.0, 0.0)	(97.0, 0.0)	(98.0, 0.0)	(99.0, 0.0)	(100.0, 0.0)
2403R_L_F_NS6_week10_S67_L001_R2_001	(0.0, 0.0)	(1.0, 0.0)	(2.0, 0.0)	(3.0, 0.0)	(4.0, 0.0)	(5.0, 0.0)	(6.0, 0.0)	(7.0, 0.00125278745208088)	(8.0, 0.00062639372604044)	(9.0, 0.0)	(10.0, 0.0)	(11.0, 0.0)	(12.0, 0.0)	(13.0, 0.0)	(14.0, 0.0)	(15.0, 0.00062639372604044)	(16.0, 0.00062639372604044)	(17.0, 0.0)	(18.0, 0.0)	(19.0, 0.0)	(20.0, 0.0)	(21.0, 0.0)	(22.0, 0.0)	(23.0, 0.0)	(24.0, 0.0)	(25.0, 0.0)	(26.0, 0.0)	(27.0, 0.0)	(28.0, 0.0)	(29.0, 0.0)	(30.0, 0.00062639372604044)	(31.0, 0.0)	(32.0, 0.0)	(33.0, 0.0)	(34.0, 0.00062639372604044)	(35.0, 0.0)	(36.0, 0.00062639372604044)	(37.0, 0.00125278745208088)	(38.0, 0.00062639372604044)	(39.0, 0.00375836235624264)	(40.0, 0.0031319686302021996)	(41.0, 0.00438475608228308)	(42.0, 0.00814311843852572)	(43.0, 0.01315426824684924)	(44.0, 0.022550174137455838)	(45.0, 0.04635313572699256)	(46.0, 0.09583824008418731)	(47.0, 0.407155921926286)	(48.0, 7.145273232943299)	(49.0, 26.942446944451405)	(50.0, 22.698629450527424)	(51.0, 8.051664954523815)	(52.0, 3.8184961539425224)	(53.0, 6.713687955701436)	(54.0, 6.231991180376338)	(55.0, 3.209015058505174)	(56.0, 6.933552153541631)	(57.0, 5.419558517701887)	(58.0, 1.2477763022725563)	(59.0, 0.3332414622535141)	(60.0, 0.14407055698930119)	(61.0, 0.0876951216456616)	(62.0, 0.07454085339881236)	(63.0, 0.04259477337074992)	(64.0, 0.02380296158953672)	(65.0, 0.01691263060309188)	(66.0, 0.01753902432913232)	(67.0, 0.06514494750820576)	(68.0, 0.09270627145398512)	(69.0, 0.048858710631154316)	(70.0, 0.01691263060309188)	(71.0, 0.00250557490416176)	(72.0, 0.00438475608228308)	(73.0, 0.00187918117812132)	(74.0, 0.00062639372604044)	(75.0, 0.00062639372604044)	(76.0, 0.00062639372604044)	(77.0, 0.00062639372604044)	(78.0, 0.0)	(79.0, 0.00062639372604044)	(80.0, 0.0)	(81.0, 0.00062639372604044)	(82.0, 0.0)	(83.0, 0.0)	(84.0, 0.0)	(85.0, 0.0)	(86.0, 0.0)	(87.0, 0.0)	(88.0, 0.0)	(89.0, 0.0)	(90.0, 0.0)	(91.0, 0.0)	(92.0, 0.0)	(93.0, 0.0)	(94.0, 0.0)	(95.0, 0.0)	(96.0, 0.0)	(97.0, 0.0)	(98.0, 0.0)	(99.0, 0.0)	(100.0, 0.0)
2446R_0_F_S2_week9_S55_L001_R1_001	(0.0, 0.0)	(1.0, 0.0)	(2.0, 0.0)	(3.0, 0.0)	(4.0, 0.0)	(5.0, 0.0)	(6.0, 0.0)	(7.0, 0.0)	(8.0, 0.0)	(9.0, 0.0)	(10.0, 0.0)	(11.0, 0.0)	(12.0, 0.0)	(13.0, 0.0)	(14.0, 0.0)	(15.0, 0.0)	(16.0, 0.0)	(17.0, 0.0)	(18.0, 0.0)	(19.0, 0.0)	(20.0, 0.0)	(21.0, 0.0)	(22.0, 0.0)	(23.0, 0.000663799054750146)	(24.0, 0.0)	(25.0, 0.001327598109500292)	(26.0, 0.0)	(27.0, 0.000663799054750146)	(28.0, 0.0)	(29.0, 0.001327598109500292)	(30.0, 0.001991397164250438)	(31.0, 0.001327598109500292)	(32.0, 0.002655196219000584)	(33.0, 0.004646593383251022)	(34.0, 0.004646593383251022)	(35.0, 0.00331899527375073)	(36.0, 0.00331899527375073)	(37.0, 0.001327598109500292)	(38.0, 0.008629387711751898)	(39.0, 0.008629387711751898)	(40.0, 0.012612182040252775)	(41.0, 0.01659497636875365)	(42.0, 0.01659497636875365)	(43.0, 0.03451755084700759)	(44.0, 0.04049174233975891)	(45.0, 0.11882003080027614)	(46.0, 2.2429770060007437)	(47.0, 25.562901598428123)	(48.0, 7.589214592958419)	(49.0, 2.837740959056874)	(50.0, 6.4627475970474215)	(51.0, 4.794620572460305)	(52.0, 0.6724284424618979)	(53.0, 7.0833997132388085)	(54.0, 30.55467049014922)	(55.0, 10.293531942010514)	(56.0, 0.7487653337581647)	(57.0, 0.2064415060272954)	(58.0, 0.1081992459242738)	(59.0, 0.23631246349105198)	(60.0, 0.12280282512877702)	(61.0, 0.08894907333651957)	(62.0, 0.010620784876002336)	(63.0, 0.004646593383251022)	(64.0, 0.001991397164250438)	(65.0, 0.001327598109500292)	(66.0, 0.019913971642504382)	(67.0, 0.059078115872762994)	(68.0, 0.011284583930752483)	(69.0, 0.000663799054750146)	(70.0, 0.0)	(71.0, 0.000663799054750146)	(72.0, 0.0)	(73.0, 0.0)	(74.0, 0.0)	(75.0, 0.0)	(76.0, 0.0)	(77.0, 0.0)	(78.0, 0.0)	(79.0, 0.0)	(80.0, 0.0)	(81.0, 0.0)	(82.0, 0.0)	(83.0, 0.0)	(84.0, 0.0)	(85.0, 0.0)	(86.0, 0.0)	(87.0, 0.0)	(88.0, 0.0)	(89.0, 0.0)	(90.0, 0.0)	(91.0, 0.0)	(92.0, 0.0)	(93.0, 0.0)	(94.0, 0.0)	(95.0, 0.0)	(96.0, 0.0)	(97.0, 0.0)	(98.0, 0.0)	(99.0, 0.0)	(100.0, 0.0)
2446R_0_F_S2_week9_S55_L001_R2_001	(0.0, 0.0)	(1.0, 0.0)	(2.0, 0.0)	(3.0, 0.0)	(4.0, 0.0)	(5.0, 0.0)	(6.0, 0.0)	(7.0, 0.000656644807690624)	(8.0, 0.0)	(9.0, 0.0)	(10.0, 0.0)	(11.0, 0.0)	(12.0, 0.0)	(13.0, 0.0)	(14.0, 0.0)	(15.0, 0.0)	(16.0, 0.0)	(17.0, 0.0)	(18.0, 0.0)	(19.0, 0.0)	(20.0, 0.000656644807690624)	(21.0, 0.0)	(22.0, 0.0)	(23.0, 0.0)	(24.0, 0.0)	(25.0, 0.0)	(26.0, 0.0)	(27.0, 0.0)	(28.0, 0.0)	(29.0, 0.000656644807690624)	(30.0, 0.000656644807690624)	(31.0, 0.0)	(32.0, 0.0)	(33.0, 0.0)	(34.0, 0.0)	(35.0, 0.0)	(36.0, 0.0)	(37.0, 0.0)	(38.0, 0.001969934423071872)	(39.0, 0.004596513653834368)	(40.0, 0.005253158461524992)	(41.0, 0.007223092884596864)	(42.0, 0.008536382499978111)	(43.0, 0.008536382499978111)	(44.0, 0.028892371538387456)	(45.0, 0.04465184692296243)	(46.0, 0.12870238230736228)	(47.0, 0.5890103924984896)	(48.0, 9.918619820166874)	(49.0, 21.88203157148235)	(50.0, 5.348371958640132)	(51.0, 1.1077597905740826)	(52.0, 4.0127564197974035)	(53.0, 10.444592311127064)	(54.0, 9.316476531514573)	(55.0, 5.229519248448129)	(56.0, 15.439032718421949)	(57.0, 11.844559041123475)	(58.0, 2.9798541373000513)	(59.0, 0.7735275834595551)	(60.0, 0.27710410884544334)	(61.0, 0.16022133307651223)	(62.0, 0.11097297249971544)	(63.0, 0.07026099442289677)	(64.0, 0.059754677499846774)	(65.0, 0.03808539884605619)	(66.0, 0.02495250269224371)	(67.0, 0.0328322403845312)	(68.0, 0.04268191249989056)	(69.0, 0.02823572673069683)	(70.0, 0.00984967211535936)	(71.0, 0.006566448076906239)	(72.0, 0.0032832240384531195)	(73.0, 0.000656644807690624)	(74.0, 0.001313289615381248)	(75.0, 0.001313289615381248)	(76.0, 0.000656644807690624)	(77.0, 0.000656644807690624)	(78.0, 0.000656644807690624)	(79.0, 0.0)	(80.0, 0.0)	(81.0, 0.0)	(82.0, 0.0)	(83.0, 0.0)	(84.0, 0.0)	(85.0, 0.0)	(86.0, 0.0)	(87.0, 0.000656644807690624)	(88.0, 0.0)	(89.0, 0.0)	(90.0, 0.000656644807690624)	(91.0, 0.0)	(92.0, 0.0)	(93.0, 0.0)	(94.0, 0.0)	(95.0, 0.0)	(96.0, 0.0)	(97.0, 0.0)	(98.0, 0.0)	(99.0, 0.000656644807690624)	(100.0, 0.0008755264102541651)
2472R_0_F_NS1_week10_S73_L001_R1_001	(0.0, 0.0)	(1.0, 0.0)	(2.0, 0.0)	(3.0, 0.0)	(4.0, 0.0)	(5.0, 0.0)	(6.0, 0.0)	(7.0, 0.0)	(8.0, 0.0)	(9.0, 0.0)	(10.0, 0.0)	(11.0, 0.0)	(12.0, 0.0)	(13.0, 0.0)	(14.0, 0.0)	(15.0, 0.0)	(16.0, 0.0)	(17.0, 0.0)	(18.0, 0.0)	(19.0, 0.0)	(20.0, 0.0)	(21.0, 0.0)	(22.0, 0.0)	(23.0, 0.0)	(24.0, 0.0)	(25.0, 0.0006230374320889199)	(26.0, 0.0006230374320889199)	(27.0, 0.0006230374320889199)	(28.0, 0.0)	(29.0, 0.0018691122962667596)	(30.0, 0.0006230374320889199)	(31.0, 0.0)	(32.0, 0.0006230374320889199)	(33.0, 0.0024921497283556795)	(34.0, 0.004984299456711359)	(35.0, 0.005607336888800279)	(36.0, 0.0068534117529781184)	(37.0, 0.009345561481333798)	(38.0, 0.008722524049244878)	(39.0, 0.013706823505956237)	(40.0, 0.013083786073867317)	(41.0, 0.018691122962667596)	(42.0, 0.020560235258934356)	(43.0, 0.018068085530578676)	(44.0, 0.028036684444001394)	(45.0, 0.0722723421223147)	(46.0, 0.7245925335194139)	(47.0, 11.679459701938892)	(48.0, 14.053855355629766)	(49.0, 19.09858944325375)	(50.0, 4.3338483776105265)	(51.0, 1.6834471415042616)	(52.0, 0.5171210686338035)	(53.0, 4.451602452275333)	(54.0, 30.30516373423715)	(55.0, 11.425260429646613)	(56.0, 0.6392364053232318)	(57.0, 0.20497931515725465)	(58.0, 0.09470168967751583)	(59.0, 0.16635099436774162)	(60.0, 0.07476449185067038)	(61.0, 0.04672780740666899)	(62.0, 0.016822010666400836)	(63.0, 0.005607336888800279)	(64.0, 0.0031151871604445996)	(65.0, 0.0031151871604445996)	(66.0, 0.049219957135024674)	(67.0, 0.15202113342969645)	(68.0, 0.03426705876489059)	(69.0, 0.0068534117529781184)	(70.0, 0.0012460748641778398)	(71.0, 0.0006230374320889199)	(72.0, 0.0)	(73.0, 0.0)	(74.0, 0.0)	(75.0, 0.0)	(76.0, 0.0)	(77.0, 0.0)	(78.0, 0.0)	(79.0, 0.0)	(80.0, 0.0)	(81.0, 0.0)	(82.0, 0.0)	(83.0, 0.0)	(84.0, 0.0)	(85.0, 0.0)	(86.0, 0.0)	(87.0, 0.0)	(88.0, 0.0)	(89.0, 0.0)	(90.0, 0.0)	(91.0, 0.0)	(92.0, 0.0)	(93.0, 0.0)	(94.0, 0.0)	(95.0, 0.0)	(96.0, 0.0)	(97.0, 0.0)	(98.0, 0.0)	(99.0, 0.0)	(100.0, 0.0)
2472R_0_F_NS1_week10_S73_L001_R2_001	(0.0, 0.0)	(1.0, 0.0)	(2.0, 0.0)	(3.0, 0.0)	(4.0, 0.0)	(5.0, 0.0)	(6.0, 0.0)	(7.0, 0.0006097449436900544)	(8.0, 0.0)	(9.0, 0.0)	(10.0, 0.0)	(11.0, 0.0006097449436900544)	(12.0, 0.0)	(13.0, 0.0)	(14.0, 0.0)	(15.0, 0.0)	(16.0, 0.0)	(17.0, 0.0)	(18.0, 0.0006097449436900544)	(19.0, 0.0006097449436900544)	(20.0, 0.0)	(21.0, 0.0)	(22.0, 0.0)	(23.0, 0.0)	(24.0, 0.0)	(25.0, 0.0006097449436900544)	(26.0, 0.0006097449436900544)	(27.0, 0.0)	(28.0, 0.0)	(29.0, 0.0006097449436900544)	(30.0, 0.0)	(31.0, 0.0)	(32.0, 0.0006097449436900544)	(33.0, 0.0012194898873801089)	(34.0, 0.0)	(35.0, 0.0012194898873801089)	(36.0, 0.0)	(37.0, 0.0006097449436900544)	(38.0, 0.0024389797747602178)	(39.0, 0.0030487247184502724)	(40.0, 0.0024389797747602178)	(41.0, 0.008536429211660763)	(42.0, 0.009755919099040871)	(43.0, 0.014633878648561308)	(44.0, 0.026828777522362398)	(45.0, 0.04390163594568392)	(46.0, 0.089632506722438)	(47.0, 0.33596946397322)	(48.0, 4.47369865185393)	(49.0, 11.916855179478423)	(50.0, 15.596056169704212)	(51.0, 13.410730291519057)	(52.0, 3.7566385980744257)	(53.0, 5.143808344969299)	(54.0, 5.149296049462509)	(55.0, 4.330408590086766)	(56.0, 15.839344402236543)	(57.0, 13.721090467857294)	(58.0, 3.882246056474577)	(59.0, 1.0060791570885899)	(60.0, 0.3371889538606001)	(61.0, 0.1847527179380865)	(62.0, 0.14268031682347276)	(63.0, 0.11402230447004019)	(64.0, 0.06646219886221594)	(65.0, 0.045121125833064026)	(66.0, 0.0347554617903331)	(67.0, 0.07621811796125681)	(68.0, 0.12316847862539099)	(69.0, 0.05609653481948501)	(70.0, 0.018902093254391687)	(71.0, 0.01097540898642098)	(72.0, 0.0048779595495204355)	(73.0, 0.0024389797747602178)	(74.0, 0.0018292348310701635)	(75.0, 0.0030487247184502724)	(76.0, 0.0012194898873801089)	(77.0, 0.0)	(78.0, 0.0)	(79.0, 0.0)	(80.0, 0.0006097449436900544)	(81.0, 0.0)	(82.0, 0.0)	(83.0, 0.0)	(84.0, 0.0)	(85.0, 0.0006097449436900544)	(86.0, 0.0006097449436900544)	(87.0, 0.0)	(88.0, 0.0006097449436900544)	(89.0, 0.0012194898873801089)	(90.0, 0.0)	(91.0, 0.0)	(92.0, 0.0)	(93.0, 0.0)	(94.0, 0.0)	(95.0, 0.0)	(96.0, 0.0006097449436900544)	(97.0, 0.0006097449436900544)	(98.0, 0.0)	(99.0, 0.0)	(100.0, 0.0)
2472R_R_F_NS1_week10_S74_L001_R1_001	(0.0, 0.0)	(1.0, 0.0)	(2.0, 0.0)	(3.0, 0.0)	(4.0, 0.0)	(5.0, 0.0)	(6.0, 0.0)	(7.0, 0.0)	(8.0, 0.0)	(9.0, 0.0)	(10.0, 0.0)	(11.0, 0.0)	(12.0, 0.0)	(13.0, 0.0)	(14.0, 0.0)	(15.0, 0.0)	(16.0, 0.0)	(17.0, 0.0)	(18.0, 0.0)	(19.0, 0.0)	(20.0, 0.0)	(21.0, 0.0)	(22.0, 0.0)	(23.0, 0.0)	(24.0, 0.0)	(25.0, 0.0)	(26.0, 0.0)	(27.0, 0.0)	(28.0, 0.0)	(29.0, 0.0)	(30.0, 0.0)	(31.0, 0.0)	(32.0, 0.0)	(33.0, 0.0)	(34.0, 0.0)	(35.0, 0.0007004665106961236)	(36.0, 0.0007004665106961236)	(37.0, 0.0)	(38.0, 0.0)	(39.0, 0.0007004665106961236)	(40.0, 0.0014009330213922472)	(41.0, 0.0035023325534806185)	(42.0, 0.002101399532088371)	(43.0, 0.0035023325534806185)	(44.0, 0.011207464171137977)	(45.0, 0.03432285902411006)	(46.0, 0.5491657443857609)	(47.0, 12.560065003292193)	(48.0, 14.80856250262675)	(49.0, 18.685644639329794)	(50.0, 5.041957943990698)	(51.0, 2.2064695086927895)	(52.0, 0.5113405528081703)	(53.0, 4.900463708830081)	(54.0, 29.212255362071136)	(55.0, 10.174276067861197)	(56.0, 0.4938288900407672)	(57.0, 0.15760496490662781)	(58.0, 0.09456297894397668)	(59.0, 0.18632409184516888)	(60.0, 0.06584385200543563)	(61.0, 0.04202799064176742)	(62.0, 0.007004665106961237)	(63.0, 0.0007004665106961236)	(64.0, 0.0014009330213922472)	(65.0, 0.0035023325534806185)	(66.0, 0.04623078970594416)	(67.0, 0.15270169933175495)	(68.0, 0.032921926002717816)	(69.0, 0.004202799064176742)	(70.0, 0.0014009330213922472)	(71.0, 0.0)	(72.0, 0.0014009330213922472)	(73.0, 0.0)	(74.0, 0.0)	(75.0, 0.0)	(76.0, 0.0)	(77.0, 0.0)	(78.0, 0.0)	(79.0, 0.0)	(80.0, 0.0)	(81.0, 0.0)	(82.0, 0.0)	(83.0, 0.0)	(84.0, 0.0)	(85.0, 0.0)	(86.0, 0.0)	(87.0, 0.0)	(88.0, 0.0)	(89.0, 0.0)	(90.0, 0.0)	(91.0, 0.0)	(92.0, 0.0)	(93.0, 0.0)	(94.0, 0.0)	(95.0, 0.0)	(96.0, 0.0)	(97.0, 0.0)	(98.0, 0.0)	(99.0, 0.0)	(100.0, 0.0)
2472R_R_F_NS1_week10_S74_L001_R2_001	(0.0, 0.0)	(1.0, 0.0)	(2.0, 0.0)	(3.0, 0.0)	(4.0, 0.0)	(5.0, 0.0)	(6.0, 0.0)	(7.0, 0.0)	(8.0, 0.0)	(9.0, 0.0)	(10.0, 0.0)	(11.0, 0.0)	(12.0, 0.0)	(13.0, 0.0)	(14.0, 0.0)	(15.0, 0.0)	(16.0, 0.0)	(17.0, 0.0)	(18.0, 0.0)	(19.0, 0.0)	(20.0, 0.0)	(21.0, 0.0)	(22.0, 0.0)	(23.0, 0.0)	(24.0, 0.0)	(25.0, 0.0)	(26.0, 0.0)	(27.0, 0.0)	(28.0, 0.0)	(29.0, 0.0)	(30.0, 0.0)	(31.0, 0.0)	(32.0, 0.0)	(33.0, 0.0)	(34.0, 0.0006856108564193743)	(35.0, 0.0)	(36.0, 0.0006856108564193743)	(37.0, 0.0006856108564193743)	(38.0, 0.0006856108564193743)	(39.0, 0.0027424434256774974)	(40.0, 0.003428054282096872)	(41.0, 0.004113665138516246)	(42.0, 0.005484886851354995)	(43.0, 0.015083438841226237)	(44.0, 0.019882714836161858)	(45.0, 0.039765429672323716)	(46.0, 0.0829589136267443)	(47.0, 0.3085248853887185)	(48.0, 4.795162329797105)	(49.0, 12.822294236755141)	(50.0, 15.767678475932772)	(51.0, 12.541193785623198)	(52.0, 3.7489201629011393)	(53.0, 6.133474721527723)	(54.0, 6.303506213919728)	(55.0, 4.369397987960673)	(56.0, 14.602825630876257)	(57.0, 12.705054780307426)	(58.0, 3.6172828784686195)	(59.0, 0.9475142035715753)	(60.0, 0.3277219893684609)	(61.0, 0.17825882266903734)	(62.0, 0.13437972785819738)	(63.0, 0.08570135705242181)	(64.0, 0.06033375536490495)	(65.0, 0.03907981881590434)	(66.0, 0.039765429672323716)	(67.0, 0.07336036163687305)	(68.0, 0.09187185476019617)	(69.0, 0.06856108564193744)	(70.0, 0.029481266826033102)	(71.0, 0.011655384559129366)	(72.0, 0.00479927599493562)	(73.0, 0.002056832569258123)	(74.0, 0.0027424434256774974)	(75.0, 0.0013712217128387487)	(76.0, 0.0013712217128387487)	(77.0, 0.002056832569258123)	(78.0, 0.0013712217128387487)	(79.0, 0.0013712217128387487)	(80.0, 0.0)	(81.0, 0.0006856108564193743)	(82.0, 0.0006856108564193743)	(83.0, 0.0006856108564193743)	(84.0, 0.0)	(85.0, 0.0)	(86.0, 0.0)	(87.0, 0.0)	(88.0, 0.0)	(89.0, 0.0006856108564193743)	(90.0, 0.0)	(91.0, 0.0)	(92.0, 0.0)	(93.0, 0.0)	(94.0, 0.0)	(95.0, 0.0)	(96.0, 0.0)	(97.0, 0.0)	(98.0, 0.0)	(99.0, 0.0)	(100.0, 0.0009141478085591658)
2506R_0_F_NS6_week10_S68_L001_R1_001	(0.0, 0.0)	(1.0, 0.0)	(2.0, 0.0)	(3.0, 0.0)	(4.0, 0.0)	(5.0, 0.0)	(6.0, 0.0)	(7.0, 0.0)	(8.0, 0.0)	(9.0, 0.0)	(10.0, 0.0)	(11.0, 0.0)	(12.0, 0.0)	(13.0, 0.0)	(14.0, 0.0)	(15.0, 0.0)	(16.0, 0.0)	(17.0, 0.0)	(18.0, 0.0)	(19.0, 0.0)	(20.0, 0.0)	(21.0, 0.0)	(22.0, 0.0)	(23.0, 0.0)	(24.0, 0.0)	(25.0, 0.0)	(26.0, 0.0)	(27.0, 0.0)	(28.0, 0.0)	(29.0, 0.0)	(30.0, 0.0)	(31.0, 0.0)	(32.0, 0.0)	(33.0, 0.0)	(34.0, 0.0)	(35.0, 0.000732831587972768)	(36.0, 0.000732831587972768)	(37.0, 0.0)	(38.0, 0.001465663175945536)	(39.0, 0.002931326351891072)	(40.0, 0.001465663175945536)	(41.0, 0.002931326351891072)	(42.0, 0.0065954842917549114)	(43.0, 0.01099247381959152)	(44.0, 0.024183442403101343)	(45.0, 0.13777233853888038)	(46.0, 6.4555134584521126)	(47.0, 11.800787061125483)	(48.0, 13.148464351407402)	(49.0, 11.60951801666459)	(50.0, 2.9056772463120253)	(51.0, 1.3601354272774573)	(52.0, 0.5657459859149769)	(53.0, 6.797012978447422)	(54.0, 31.467055555962688)	(55.0, 12.152546223352411)	(56.0, 0.7526180408480327)	(57.0, 0.19566603398872903)	(58.0, 0.0776801483251134)	(59.0, 0.1553602966502268)	(60.0, 0.07181749562133126)	(61.0, 0.05203104274606652)	(62.0, 0.009526810643645984)	(63.0, 0.004396989527836607)	(64.0, 0.001465663175945536)	(65.0, 0.004396989527836607)	(66.0, 0.04909971639417546)	(67.0, 0.14143649647874423)	(68.0, 0.02564910557904688)	(69.0, 0.005862652703782144)	(70.0, 0.000732831587972768)	(71.0, 0.0)	(72.0, 0.0)	(73.0, 0.0)	(74.0, 0.0)	(75.0, 0.0)	(76.0, 0.0)	(77.0, 0.0)	(78.0, 0.0)	(79.0, 0.0)	(80.0, 0.0)	(81.0, 0.0)	(82.0, 0.0)	(83.0, 0.0)	(84.0, 0.0)	(85.0, 0.0)	(86.0, 0.0)	(87.0, 0.0)	(88.0, 0.0)	(89.0, 0.0)	(90.0, 0.0)	(91.0, 0.0)	(92.0, 0.0)	(93.0, 0.0)	(94.0, 0.0)	(95.0, 0.0)	(96.0, 0.0)	(97.0, 0.0)	(98.0, 0.0)	(99.0, 0.0)	(100.0, 0.0)
2506R_0_F_NS6_week10_S68_L001_R2_001	(0.0, 0.0)	(1.0, 0.0)	(2.0, 0.0)	(3.0, 0.0)	(4.0, 0.0)	(5.0, 0.0)	(6.0, 0.0)	(7.0, 0.0)	(8.0, 0.0)	(9.0, 0.0)	(10.0, 0.0007390600634113535)	(11.0, 0.0)	(12.0, 0.0)	(13.0, 0.0)	(14.0, 0.0)	(15.0, 0.0)	(16.0, 0.0)	(17.0, 0.0)	(18.0, 0.0)	(19.0, 0.0)	(20.0, 0.0)	(21.0, 0.0)	(22.0, 0.0)	(23.0, 0.0)	(24.0, 0.0)	(25.0, 0.0)	(26.0, 0.0)	(27.0, 0.0)	(28.0, 0.0)	(29.0, 0.0)	(30.0, 0.0)	(31.0, 0.0)	(32.0, 0.0)	(33.0, 0.0)	(34.0, 0.0)	(35.0, 0.0)	(36.0, 0.0007390600634113535)	(37.0, 0.0007390600634113535)	(38.0, 0.0007390600634113535)	(39.0, 0.001478120126822707)	(40.0, 0.0007390600634113535)	(41.0, 0.0022171801902340603)	(42.0, 0.0036953003170567674)	(43.0, 0.009607780824347595)	(44.0, 0.012564021077993008)	(45.0, 0.024388982092574663)	(46.0, 0.05321232456561745)	(47.0, 0.2668006828914986)	(48.0, 4.763242108686173)	(49.0, 18.853422217623624)	(50.0, 15.1802937024692)	(51.0, 4.278418707088325)	(52.0, 4.340499752414879)	(53.0, 13.238782915887572)	(54.0, 8.819942796751091)	(55.0, 4.429186960024241)	(56.0, 12.435424626959433)	(57.0, 9.756331897093276)	(58.0, 2.134405463131989)	(59.0, 0.5505997472414583)	(60.0, 0.17737441521872482)	(61.0, 0.13376987147745498)	(62.0, 0.10568558906782353)	(63.0, 0.06947164596066722)	(64.0, 0.045082663868092565)	(65.0, 0.02808428240963143)	(66.0, 0.02364992202916331)	(67.0, 0.07094976608748993)	(68.0, 0.09238250792641918)	(69.0, 0.05542950475585151)	(70.0, 0.02143274183892925)	(71.0, 0.008868720760936241)	(72.0, 0.0022171801902340603)	(73.0, 0.0007390600634113535)	(74.0, 0.0007390600634113535)	(75.0, 0.0)	(76.0, 0.0007390600634113535)	(77.0, 0.0007390600634113535)	(78.0, 0.0)	(79.0, 0.0007390600634113535)	(80.0, 0.0007390600634113535)	(81.0, 0.0)	(82.0, 0.0)	(83.0, 0.0007390600634113535)	(84.0, 0.0)	(85.0, 0.0)	(86.0, 0.0)	(87.0, 0.0)	(88.0, 0.0)	(89.0, 0.0)	(90.0, 0.0)	(91.0, 0.001478120126822707)	(92.0, 0.0)	(93.0, 0.0007390600634113535)	(94.0, 0.0)	(95.0, 0.0)	(96.0, 0.0)	(97.0, 0.0)	(98.0, 0.0)	(99.0, 0.0)	(100.0, 0.0)
2518R_L_M_S5_week10_S61_L001_R1_001	(0.0, 0.0)	(1.0, 0.0)	(2.0, 0.0)	(3.0, 0.0)	(4.0, 0.0)	(5.0, 0.0)	(6.0, 0.0)	(7.0, 0.0)	(8.0, 0.0)	(9.0, 0.0)	(10.0, 0.0)	(11.0, 0.0)	(12.0, 0.0)	(13.0, 0.0)	(14.0, 0.0)	(15.0, 0.0)	(16.0, 0.0)	(17.0, 0.0)	(18.0, 0.0)	(19.0, 0.0)	(20.0, 0.0)	(21.0, 0.0)	(22.0, 0.0)	(23.0, 0.0)	(24.0, 0.0)	(25.0, 0.0)	(26.0, 0.0)	(27.0, 0.0)	(28.0, 0.0026493926267403198)	(29.0, 0.0026493926267403198)	(30.0, 0.0006623481566850799)	(31.0, 0.0026493926267403198)	(32.0, 0.0026493926267403198)	(33.0, 0.00198704447005524)	(34.0, 0.0033117407834254)	(35.0, 0.00463643709679556)	(36.0, 0.0033117407834254)	(37.0, 0.00927287419359112)	(38.0, 0.011922266820331439)	(39.0, 0.013909311290386677)	(40.0, 0.021195141013922558)	(41.0, 0.0198704447005524)	(42.0, 0.01722105207381208)	(43.0, 0.020532792857237477)	(44.0, 0.039078541244419715)	(45.0, 0.10133926797281723)	(46.0, 4.336393381817218)	(47.0, 20.567897309541788)	(48.0, 2.8057067917179985)	(49.0, 3.436262236882195)	(50.0, 10.63929844083244)	(51.0, 7.365311502338089)	(52.0, 0.7166607055332566)	(53.0, 3.7402800408006462)	(54.0, 30.00569619414749)	(55.0, 14.437202771264687)	(56.0, 0.878936003921101)	(57.0, 0.2377829882499437)	(58.0, 0.08875465299580071)	(59.0, 0.17618460967823127)	(60.0, 0.11723562373325916)	(61.0, 0.07153360092198864)	(62.0, 0.0132469631337016)	(63.0, 0.0006623481566850799)	(64.0, 0.00198704447005524)	(65.0, 0.0006623481566850799)	(66.0, 0.014571659447071757)	(67.0, 0.05696194147491688)	(68.0, 0.00927287419359112)	(69.0, 0.0026493926267403198)	(70.0, 0.0)	(71.0, 0.0)	(72.0, 0.0)	(73.0, 0.0)	(74.0, 0.0)	(75.0, 0.0)	(76.0, 0.0)	(77.0, 0.0)	(78.0, 0.0)	(79.0, 0.0)	(80.0, 0.0)	(81.0, 0.0)	(82.0, 0.0)	(83.0, 0.0)	(84.0, 0.0)	(85.0, 0.0)	(86.0, 0.0)	(87.0, 0.0)	(88.0, 0.0)	(89.0, 0.0)	(90.0, 0.0)	(91.0, 0.0)	(92.0, 0.0)	(93.0, 0.0)	(94.0, 0.0)	(95.0, 0.0)	(96.0, 0.0)	(97.0, 0.0)	(98.0, 0.0)	(99.0, 0.0)	(100.0, 0.0)
2518R_L_M_S5_week10_S61_L001_R2_001	(0.0, 0.0)	(1.0, 0.0)	(2.0, 0.0)	(3.0, 0.0)	(4.0, 0.0)	(5.0, 0.0)	(6.0, 0.0)	(7.0, 0.0)	(8.0, 0.0)	(9.0, 0.0)	(10.0, 0.0)	(11.0, 0.0)	(12.0, 0.0)	(13.0, 0.0)	(14.0, 0.0)	(15.0, 0.0)	(16.0, 0.0)	(17.0, 0.0)	(18.0, 0.0)	(19.0, 0.0)	(20.0, 0.0)	(21.0, 0.0)	(22.0, 0.0)	(23.0, 0.0)	(24.0, 0.0)	(25.0, 0.0006554669218617882)	(26.0, 0.0)	(27.0, 0.0)	(28.0, 0.0)	(29.0, 0.0)	(30.0, 0.0)	(31.0, 0.0)	(32.0, 0.0)	(33.0, 0.0013109338437235765)	(34.0, 0.0006554669218617882)	(35.0, 0.0)	(36.0, 0.0)	(37.0, 0.0)	(38.0, 0.0006554669218617882)	(39.0, 0.0019664007655853647)	(40.0, 0.005243735374894306)	(41.0, 0.005899202296756095)	(42.0, 0.007865603062341459)	(43.0, 0.012453871515373976)	(44.0, 0.029496011483780473)	(45.0, 0.05833655604569916)	(46.0, 0.1225723143881544)	(47.0, 0.5112641990521949)	(48.0, 9.486572760105663)	(49.0, 18.227224163132608)	(50.0, 5.096910784397266)	(51.0, 1.2991354391300642)	(52.0, 2.056855200802292)	(53.0, 8.143521037210858)	(54.0, 13.931293957250448)	(55.0, 7.223900945838768)	(56.0, 15.555540989623958)	(57.0, 12.85501727155339)	(58.0, 3.466764549726998)	(59.0, 0.9097880875441621)	(60.0, 0.32576706016530876)	(61.0, 0.19664007655853646)	(62.0, 0.12519418207560157)	(63.0, 0.0838997659983089)	(64.0, 0.05505922143639021)	(65.0, 0.03605068070239835)	(66.0, 0.026874143796333315)	(67.0, 0.03539521378053656)	(68.0, 0.04719361837404876)	(69.0, 0.025563209952609744)	(70.0, 0.014420272280959342)	(71.0, 0.005243735374894306)	(72.0, 0.0019664007655853647)	(73.0, 0.002621867687447153)	(74.0, 0.0032773346093089416)	(75.0, 0.0013109338437235765)	(76.0, 0.0)	(77.0, 0.0)	(78.0, 0.0006554669218617882)	(79.0, 0.0)	(80.0, 0.0)	(81.0, 0.0)	(82.0, 0.0)	(83.0, 0.0006554669218617882)	(84.0, 0.0006554669218617882)	(85.0, 0.0)	(86.0, 0.0)	(87.0, 0.0006554669218617882)	(88.0, 0.0)	(89.0, 0.0)	(90.0, 0.0)	(91.0, 0.0)	(92.0, 0.0)	(93.0, 0.0)	(94.0, 0.0)	(95.0, 0.0)	(96.0, 0.0)	(97.0, 0.0)	(98.0, 0.0)	(99.0, 0.0)	(100.0, 0.0)
2518R_R_M_S5_week10_S62_L001_R1_001	(0.0, 0.0)	(1.0, 0.0)	(2.0, 0.0)	(3.0, 0.0)	(4.0, 0.0)	(5.0, 0.0)	(6.0, 0.0)	(7.0, 0.0)	(8.0, 0.0)	(9.0, 0.0)	(10.0, 0.0)	(11.0, 0.0)	(12.0, 0.0)	(13.0, 0.0)	(14.0, 0.0)	(15.0, 0.0)	(16.0, 0.0)	(17.0, 0.0)	(18.0, 0.0)	(19.0, 0.0)	(20.0, 0.0)	(21.0, 0.0)	(22.0, 0.0)	(23.0, 0.0)	(24.0, 0.0)	(25.0, 0.0)	(26.0, 0.0)	(27.0, 0.0)	(28.0, 0.0)	(29.0, 0.0)	(30.0, 0.0007281146926263825)	(31.0, 0.0)	(32.0, 0.0)	(33.0, 0.0007281146926263825)	(34.0, 0.0)	(35.0, 0.0007281146926263825)	(36.0, 0.0007281146926263825)	(37.0, 0.0036405734631319124)	(38.0, 0.0021843440778791475)	(39.0, 0.0007281146926263825)	(40.0, 0.0021843440778791475)	(41.0, 0.008009261618890207)	(42.0, 0.00582491754101106)	(43.0, 0.010921720389395737)	(44.0, 0.024755899549297005)	(45.0, 0.07863638680364932)	(46.0, 4.454605689488208)	(47.0, 20.08941248425452)	(48.0, 2.8906153297267383)	(49.0, 3.8633765590755855)	(50.0, 10.769544418636825)	(51.0, 7.356870854296969)	(52.0, 0.7892763268069987)	(53.0, 3.942012945879235)	(54.0, 29.065610414952562)	(55.0, 14.838977435725676)	(56.0, 0.9341711506396488)	(57.0, 0.2694024362717615)	(58.0, 0.11067343327921014)	(59.0, 0.1871254760049803)	(60.0, 0.1245076124391114)	(61.0, 0.06844278110687996)	(62.0, 0.016018523237780413)	(63.0, 0.0036405734631319124)	(64.0, 0.001456229385252765)	(65.0, 0.001456229385252765)	(66.0, 0.010921720389395737)	(67.0, 0.05679294602485784)	(68.0, 0.01456229385252765)	(69.0, 0.0007281146926263825)	(70.0, 0.0)	(71.0, 0.0)	(72.0, 0.0)	(73.0, 0.0)	(74.0, 0.0)	(75.0, 0.0)	(76.0, 0.0)	(77.0, 0.0)	(78.0, 0.0)	(79.0, 0.0)	(80.0, 0.0)	(81.0, 0.0)	(82.0, 0.0)	(83.0, 0.0)	(84.0, 0.0)	(85.0, 0.0)	(86.0, 0.0)	(87.0, 0.0)	(88.0, 0.0)	(89.0, 0.0)	(90.0, 0.0)	(91.0, 0.0)	(92.0, 0.0)	(93.0, 0.0)	(94.0, 0.0)	(95.0, 0.0)	(96.0, 0.0)	(97.0, 0.0)	(98.0, 0.0)	(99.0, 0.0)	(100.0, 0.0)
2518R_R_M_S5_week10_S62_L001_R2_001	(0.0, 0.0)	(1.0, 0.0)	(2.0, 0.0)	(3.0, 0.0)	(4.0, 0.0)	(5.0, 0.0)	(6.0, 0.0)	(7.0, 0.0)	(8.0, 0.0)	(9.0, 0.0)	(10.0, 0.0)	(11.0, 0.0)	(12.0, 0.0)	(13.0, 0.0)	(14.0, 0.0)	(15.0, 0.0)	(16.0, 0.0)	(17.0, 0.0)	(18.0, 0.0007235767847624376)	(19.0, 0.0)	(20.0, 0.0)	(21.0, 0.0)	(22.0, 0.0)	(23.0, 0.0)	(24.0, 0.0007235767847624376)	(25.0, 0.0007235767847624376)	(26.0, 0.0)	(27.0, 0.0014471535695248752)	(28.0, 0.0007235767847624376)	(29.0, 0.0007235767847624376)	(30.0, 0.0007235767847624376)	(31.0, 0.0)	(32.0, 0.0)	(33.0, 0.0)	(34.0, 0.0007235767847624376)	(35.0, 0.0014471535695248752)	(36.0, 0.0007235767847624376)	(37.0, 0.0014471535695248752)	(38.0, 0.0014471535695248752)	(39.0, 0.002170730354287313)	(40.0, 0.002170730354287313)	(41.0, 0.004341460708574626)	(42.0, 0.010853651771436565)	(43.0, 0.01808941961906094)	(44.0, 0.018812996403823376)	(45.0, 0.04703249100955845)	(46.0, 0.10491863379055347)	(47.0, 0.515910247535618)	(48.0, 9.236457657492517)	(49.0, 17.995354637041824)	(50.0, 4.840728690060708)	(51.0, 1.1736415448846738)	(52.0, 1.9782589295405044)	(53.0, 8.753831942055971)	(54.0, 15.718982072179195)	(55.0, 8.058474651899267)	(56.0, 14.525080377321173)	(57.0, 11.978813671742156)	(58.0, 3.1620305494118526)	(59.0, 0.863227104221588)	(60.0, 0.3198209388649974)	(61.0, 0.18234134976013427)	(62.0, 0.14254462659820022)	(63.0, 0.08682921417149252)	(64.0, 0.05499183564194526)	(65.0, 0.03400810888383457)	(66.0, 0.023154457112398004)	(67.0, 0.04341460708574626)	(68.0, 0.04558533744003357)	(69.0, 0.022430880327635565)	(70.0, 0.013024382125723877)	(71.0, 0.004341460708574626)	(72.0, 0.0014471535695248752)	(73.0, 0.0007235767847624376)	(74.0, 0.0007235767847624376)	(75.0, 0.0)	(76.0, 0.0)	(77.0, 0.0)	(78.0, 0.0)	(79.0, 0.0)	(80.0, 0.0007235767847624376)	(81.0, 0.0007235767847624376)	(82.0, 0.0)	(83.0, 0.0)	(84.0, 0.0)	(85.0, 0.0)	(86.0, 0.0007235767847624376)	(87.0, 0.0)	(88.0, 0.0)	(89.0, 0.0)	(90.0, 0.0)	(91.0, 0.0)	(92.0, 0.0007235767847624376)	(93.0, 0.0)	(94.0, 0.0)	(95.0, 0.0)	(96.0, 0.0)	(97.0, 0.0)	(98.0, 0.0)	(99.0, 0.0)	(100.0, 0.0009647690463499168)
3752R_0_F_S5_week10_S59_L001_R1_001	(0.0, 0.0)	(1.0, 0.0)	(2.0, 0.0)	(3.0, 0.0)	(4.0, 0.0)	(5.0, 0.0)	(6.0, 0.0)	(7.0, 0.0)	(8.0, 0.0)	(9.0, 0.0)	(10.0, 0.0)	(11.0, 0.0)	(12.0, 0.0)	(13.0, 0.0)	(14.0, 0.0)	(15.0, 0.0)	(16.0, 0.0)	(17.0, 0.0)	(18.0, 0.0)	(19.0, 0.0)	(20.0, 0.0)	(21.0, 0.0)	(22.0, 0.0)	(23.0, 0.0)	(24.0, 0.0)	(25.0, 0.0)	(26.0, 0.0)	(27.0, 0.0)	(28.0, 0.0)	(29.0, 0.0)	(30.0, 0.0007277014095576303)	(31.0, 0.0007277014095576303)	(32.0, 0.0)	(33.0, 0.0014554028191152606)	(34.0, 0.002910805638230521)	(35.0, 0.0014554028191152606)	(36.0, 0.003638507047788152)	(37.0, 0.003638507047788152)	(38.0, 0.004366208457345782)	(39.0, 0.006549312686018673)	(40.0, 0.010187819733806823)	(41.0, 0.013826326781594976)	(42.0, 0.013098625372037346)	(43.0, 0.02183104228672891)	(44.0, 0.030563459201420475)	(45.0, 0.06622082826974435)	(46.0, 3.8932025411333218)	(47.0, 16.99692182303757)	(48.0, 2.129982025775184)	(49.0, 3.9004795552288987)	(50.0, 11.963411173127442)	(51.0, 7.772578755485049)	(52.0, 0.6862224292128454)	(53.0, 4.40987054191924)	(54.0, 32.22844002648833)	(55.0, 14.353910303524259)	(56.0, 0.7917391335987017)	(57.0, 0.19647938058056016)	(58.0, 0.07859175223222407)	(59.0, 0.11643222552922086)	(60.0, 0.1178876283483361)	(61.0, 0.08295796068956986)	(62.0, 0.017464833829383127)	(63.0, 0.002183104228672891)	(64.0, 0.0007277014095576303)	(65.0, 0.0)	(66.0, 0.013826326781594976)	(67.0, 0.04948369584991886)	(68.0, 0.015281729600710238)	(69.0, 0.0007277014095576303)	(70.0, 0.0)	(71.0, 0.0)	(72.0, 0.0)	(73.0, 0.0)	(74.0, 0.0)	(75.0, 0.0)	(76.0, 0.0)	(77.0, 0.0)	(78.0, 0.0)	(79.0, 0.0)	(80.0, 0.0)	(81.0, 0.0)	(82.0, 0.0)	(83.0, 0.0)	(84.0, 0.0)	(85.0, 0.0)	(86.0, 0.0)	(87.0, 0.0)	(88.0, 0.0)	(89.0, 0.0)	(90.0, 0.0)	(91.0, 0.0)	(92.0, 0.0)	(93.0, 0.0)	(94.0, 0.0)	(95.0, 0.0)	(96.0, 0.0)	(97.0, 0.0)	(98.0, 0.0)	(99.0, 0.0)	(100.0, 0.0)
3752R_0_F_S5_week10_S59_L001_R2_001	(0.0, 0.0)	(1.0, 0.0)	(2.0, 0.0)	(3.0, 0.0)	(4.0, 0.0)	(5.0, 0.0)	(6.0, 0.0)	(7.0, 0.0)	(8.0, 0.0)	(9.0, 0.0)	(10.0, 0.0)	(11.0, 0.0)	(12.0, 0.0)	(13.0, 0.0)	(14.0, 0.0)	(15.0, 0.0)	(16.0, 0.0)	(17.0, 0.0)	(18.0, 0.0)	(19.0, 0.0)	(20.0, 0.0)	(21.0, 0.0)	(22.0, 0.0)	(23.0, 0.0)	(24.0, 0.0)	(25.0, 0.0)	(26.0, 0.0)	(27.0, 0.0)	(28.0, 0.0)	(29.0, 0.0)	(30.0, 0.0)	(31.0, 0.0007240343192267313)	(32.0, 0.0007240343192267313)	(33.0, 0.0)	(34.0, 0.0007240343192267313)	(35.0, 0.0007240343192267313)	(36.0, 0.0014480686384534627)	(37.0, 0.0007240343192267313)	(38.0, 0.0014480686384534627)	(39.0, 0.0014480686384534627)	(40.0, 0.0014480686384534627)	(41.0, 0.004344205915360388)	(42.0, 0.006516308873040582)	(43.0, 0.009412446149947507)	(44.0, 0.021721029576801942)	(45.0, 0.04054592187669696)	(46.0, 0.09412446149947507)	(47.0, 0.4054592187669696)	(48.0, 7.815950476052564)	(49.0, 15.243094522680375)	(50.0, 4.127719653911596)	(51.0, 1.0686746551786555)	(52.0, 2.1699308547225136)	(53.0, 9.231437570140825)	(54.0, 15.303189371176193)	(55.0, 7.779748760091228)	(56.0, 16.829453716106144)	(57.0, 14.13677008290193)	(58.0, 3.7287767440176665)	(59.0, 0.9361763747601636)	(60.0, 0.3258154436520291)	(61.0, 0.19910943778735113)	(62.0, 0.15421930999529376)	(63.0, 0.09629656445715527)	(64.0, 0.05719871121891178)	(65.0, 0.04126995619592369)	(66.0, 0.021721029576801942)	(67.0, 0.03258154436520291)	(68.0, 0.053578539622778115)	(69.0, 0.026789269811389058)	(70.0, 0.009412446149947507)	(71.0, 0.007964377511494045)	(72.0, 0.002172102957680194)	(73.0, 0.0)	(74.0, 0.0028961372769069254)	(75.0, 0.0)	(76.0, 0.0007240343192267313)	(77.0, 0.0007240343192267313)	(78.0, 0.0)	(79.0, 0.0)	(80.0, 0.0)	(81.0, 0.0)	(82.0, 0.0)	(83.0, 0.0007240343192267313)	(84.0, 0.0)	(85.0, 0.0)	(86.0, 0.0)	(87.0, 0.0014480686384534627)	(88.0, 0.0)	(89.0, 0.0014480686384534627)	(90.0, 0.0007240343192267313)	(91.0, 0.0007240343192267313)	(92.0, 0.0)	(93.0, 0.0)	(94.0, 0.0)	(95.0, 0.0)	(96.0, 0.0)	(97.0, 0.0)	(98.0, 0.0)	(99.0, 0.0)	(100.0, 0.0)
3752R_L_F_S5_week10_S60_L001_R1_001	(0.0, 0.0)	(1.0, 0.0)	(2.0, 0.0)	(3.0, 0.0)	(4.0, 0.0)	(5.0, 0.0)	(6.0, 0.0)	(7.0, 0.0)	(8.0, 0.0)	(9.0, 0.0)	(10.0, 0.0)	(11.0, 0.0)	(12.0, 0.0)	(13.0, 0.0)	(14.0, 0.0)	(15.0, 0.0)	(16.0, 0.0)	(17.0, 0.0)	(18.0, 0.0)	(19.0, 0.0)	(20.0, 0.0)	(21.0, 0.0)	(22.0, 0.0)	(23.0, 0.0)	(24.0, 0.0)	(25.0, 0.0)	(26.0, 0.0)	(27.0, 0.0)	(28.0, 0.0)	(29.0, 0.0)	(30.0, 0.0)	(31.0, 0.0)	(32.0, 0.0)	(33.0, 0.0)	(34.0, 0.0)	(35.0, 0.0)	(36.0, 0.0008135107871530377)	(37.0, 0.0016270215743060753)	(38.0, 0.0008135107871530377)	(39.0, 0.0)	(40.0, 0.0008135107871530377)	(41.0, 0.0032540431486121507)	(42.0, 0.0)	(43.0, 0.004067553935765188)	(44.0, 0.018710748104519864)	(45.0, 0.050437668803488336)	(46.0, 3.55910969379454)	(47.0, 16.13842699554196)	(48.0, 2.1224496436822755)	(49.0, 4.339266538674303)	(50.0, 13.745078259737726)	(51.0, 9.496111418437408)	(52.0, 0.8224594058117211)	(53.0, 4.399466336923628)	(54.0, 29.387263675116333)	(55.0, 14.303146659724709)	(56.0, 0.8200188734502619)	(57.0, 0.2269695096156975)	(58.0, 0.09924831603267059)	(59.0, 0.1488724740490059)	(60.0, 0.11145097783996616)	(61.0, 0.06752139533370212)	(62.0, 0.011389151020142527)	(63.0, 0.0016270215743060753)	(64.0, 0.0016270215743060753)	(65.0, 0.0016270215743060753)	(66.0, 0.016270215743060753)	(67.0, 0.07728352477953858)	(68.0, 0.018710748104519864)	(69.0, 0.004067553935765188)	(70.0, 0.0)	(71.0, 0.0)	(72.0, 0.0)	(73.0, 0.0)	(74.0, 0.0)	(75.0, 0.0)	(76.0, 0.0)	(77.0, 0.0)	(78.0, 0.0)	(79.0, 0.0)	(80.0, 0.0)	(81.0, 0.0)	(82.0, 0.0)	(83.0, 0.0)	(84.0, 0.0)	(85.0, 0.0)	(86.0, 0.0)	(87.0, 0.0)	(88.0, 0.0)	(89.0, 0.0)	(90.0, 0.0)	(91.0, 0.0)	(92.0, 0.0)	(93.0, 0.0)	(94.0, 0.0)	(95.0, 0.0)	(96.0, 0.0)	(97.0, 0.0)	(98.0, 0.0)	(99.0, 0.0)	(100.0, 0.0)
3752R_L_F_S5_week10_S60_L001_R2_001	(0.0, 0.0)	(1.0, 0.0)	(2.0, 0.0)	(3.0, 0.0)	(4.0, 0.0)	(5.0, 0.0)	(6.0, 0.0)	(7.0, 0.0)	(8.0, 0.0)	(9.0, 0.0)	(10.0, 0.0)	(11.0, 0.0)	(12.0, 0.0)	(13.0, 0.0)	(14.0, 0.0)	(15.0, 0.0)	(16.0, 0.0)	(17.0, 0.0)	(18.0, 0.0)	(19.0, 0.0)	(20.0, 0.0)	(21.0, 0.0)	(22.0, 0.0)	(23.0, 0.0)	(24.0, 0.0)	(25.0, 0.0)	(26.0, 0.0)	(27.0, 0.0008140405717820976)	(28.0, 0.0)	(29.0, 0.0)	(30.0, 0.0)	(31.0, 0.0)	(32.0, 0.0)	(33.0, 0.0)	(34.0, 0.0)	(35.0, 0.0)	(36.0, 0.0)	(37.0, 0.0008140405717820976)	(38.0, 0.002442121715346293)	(39.0, 0.0016280811435641952)	(40.0, 0.0008140405717820976)	(41.0, 0.004884243430692586)	(42.0, 0.010582527433167269)	(43.0, 0.013024649148513562)	(44.0, 0.022793136009898733)	(45.0, 0.0350037445866302)	(46.0, 0.08873042232424865)	(47.0, 0.3980658396014457)	(48.0, 7.424864055224513)	(49.0, 14.690990198951514)	(50.0, 4.6611963140242905)	(51.0, 1.1738465045097848)	(52.0, 2.320015629578978)	(53.0, 11.012340855068217)	(54.0, 19.084367164859497)	(55.0, 8.363452834489271)	(56.0, 14.130116244993651)	(57.0, 11.71241574680082)	(58.0, 3.109634984207613)	(59.0, 0.8132265312103155)	(60.0, 0.3044511738465045)	(61.0, 0.16362215492820162)	(62.0, 0.10908143661880107)	(63.0, 0.0683794080296962)	(64.0, 0.05861092116831103)	(65.0, 0.029305460584155514)	(66.0, 0.028491420012373415)	(67.0, 0.04314415030445117)	(68.0, 0.06023900231187522)	(69.0, 0.03011950115593761)	(70.0, 0.015466770863859855)	(71.0, 0.004884243430692586)	(72.0, 0.0016280811435641952)	(73.0, 0.0016280811435641952)	(74.0, 0.0)	(75.0, 0.0)	(76.0, 0.0008140405717820976)	(77.0, 0.0008140405717820976)	(78.0, 0.0)	(79.0, 0.0008140405717820976)	(80.0, 0.0)	(81.0, 0.0)	(82.0, 0.0)	(83.0, 0.0)	(84.0, 0.0008140405717820976)	(85.0, 0.0)	(86.0, 0.0)	(87.0, 0.0)	(88.0, 0.0008140405717820976)	(89.0, 0.0)	(90.0, 0.0)	(91.0, 0.0)	(92.0, 0.0008140405717820976)	(93.0, 0.0)	(94.0, 0.0)	(95.0, 0.0)	(96.0, 0.0)	(97.0, 0.0)	(98.0, 0.0)	(99.0, 0.0)	(100.0, 0.0)
3795R_R_F_S2_week10_S51_L001_R1_001	(0.0, 0.0)	(1.0, 0.0)	(2.0, 0.0)	(3.0, 0.0)	(4.0, 0.0)	(5.0, 0.0)	(6.0, 0.0)	(7.0, 0.0)	(8.0, 0.0)	(9.0, 0.0)	(10.0, 0.0)	(11.0, 0.0)	(12.0, 0.0)	(13.0, 0.0)	(14.0, 0.0)	(15.0, 0.0)	(16.0, 0.0)	(17.0, 0.0)	(18.0, 0.0)	(19.0, 0.0)	(20.0, 0.0)	(21.0, 0.0)	(22.0, 0.0)	(23.0, 0.0)	(24.0, 0.0)	(25.0, 0.0)	(26.0, 0.0)	(27.0, 0.0)	(28.0, 0.0011504236435067215)	(29.0, 0.0005752118217533607)	(30.0, 0.0)	(31.0, 0.0005752118217533607)	(32.0, 0.0011504236435067215)	(33.0, 0.001725635465260082)	(34.0, 0.001725635465260082)	(35.0, 0.005176906395780246)	(36.0, 0.005176906395780246)	(37.0, 0.006327330039286968)	(38.0, 0.006327330039286968)	(39.0, 0.008052965504547049)	(40.0, 0.008628177326300411)	(41.0, 0.012079448256820575)	(42.0, 0.015530719187340739)	(43.0, 0.02530932015714787)	(44.0, 0.052344275779555825)	(45.0, 0.1127415170636587)	(46.0, 3.2792825958159093)	(47.0, 32.687562194778224)	(48.0, 9.03370166063653)	(49.0, 3.975864111959229)	(50.0, 8.81282032108324)	(51.0, 6.246800384241498)	(52.0, 0.6206535556718762)	(53.0, 6.147288739078165)	(54.0, 21.48416154248802)	(55.0, 6.572370275353899)	(56.0, 0.4227806889887201)	(57.0, 0.11159109342015197)	(58.0, 0.04429131027500877)	(59.0, 0.1035381279156049)	(60.0, 0.052344275779555825)	(61.0, 0.05464512306656926)	(62.0, 0.01668114283084746)	(63.0, 0.0028760591087668035)	(64.0, 0.0005752118217533607)	(65.0, 0.001725635465260082)	(66.0, 0.007477753682793689)	(67.0, 0.04544173391851549)	(68.0, 0.008628177326300411)	(69.0, 0.0011504236435067215)	(70.0, 0.0011504236435067215)	(71.0, 0.0)	(72.0, 0.0)	(73.0, 0.0)	(74.0, 0.0)	(75.0, 0.0)	(76.0, 0.0)	(77.0, 0.0)	(78.0, 0.0)	(79.0, 0.0)	(80.0, 0.0)	(81.0, 0.0)	(82.0, 0.0)	(83.0, 0.0)	(84.0, 0.0)	(85.0, 0.0)	(86.0, 0.0)	(87.0, 0.0)	(88.0, 0.0)	(89.0, 0.0)	(90.0, 0.0)	(91.0, 0.0)	(92.0, 0.0)	(93.0, 0.0)	(94.0, 0.0)	(95.0, 0.0)	(96.0, 0.0)	(97.0, 0.0)	(98.0, 0.0)	(99.0, 0.0)	(100.0, 0.0)
3795R_R_F_S2_week10_S51_L001_R2_001	(0.0, 0.0)	(1.0, 0.0)	(2.0, 0.0)	(3.0, 0.0)	(4.0, 0.0)	(5.0, 0.0)	(6.0, 0.0)	(7.0, 0.0)	(8.0, 0.0)	(9.0, 0.0)	(10.0, 0.0)	(11.0, 0.0)	(12.0, 0.0)	(13.0, 0.0)	(14.0, 0.0)	(15.0, 0.0)	(16.0, 0.0)	(17.0, 0.0)	(18.0, 0.0)	(19.0, 0.0)	(20.0, 0.0)	(21.0, 0.0)	(22.0, 0.0)	(23.0, 0.0)	(24.0, 0.0)	(25.0, 0.0)	(26.0, 0.0)	(27.0, 0.0)	(28.0, 0.0)	(29.0, 0.0)	(30.0, 0.0)	(31.0, 0.0)	(32.0, 0.0005693885336537092)	(33.0, 0.0005693885336537092)	(34.0, 0.0)	(35.0, 0.0)	(36.0, 0.0005693885336537092)	(37.0, 0.0)	(38.0, 0.0)	(39.0, 0.0017081656009611279)	(40.0, 0.0028469426682685467)	(41.0, 0.006263273870190803)	(42.0, 0.01537349040865015)	(43.0, 0.01651226747595757)	(44.0, 0.028469426682685466)	(45.0, 0.059785796033639475)	(46.0, 0.14405529901438846)	(47.0, 0.7954357815142319)	(48.0, 14.139625456222563)	(49.0, 27.434847717036675)	(50.0, 6.056585832474505)	(51.0, 1.1302362393026129)	(52.0, 3.8860767421865656)	(53.0, 11.198164291367501)	(54.0, 10.406714229588845)	(55.0, 4.240236410119174)	(56.0, 9.956897288002414)	(57.0, 7.5614797269212595)	(58.0, 1.8493739573072476)	(59.0, 0.46120471225950455)	(60.0, 0.17423289129803504)	(61.0, 0.10704504432689735)	(62.0, 0.08711644564901752)	(63.0, 0.05580007629806351)	(64.0, 0.027900038149031754)	(65.0, 0.026191872548070625)	(66.0, 0.021636764278840953)	(67.0, 0.027900038149031754)	(68.0, 0.03302453495191514)	(69.0, 0.020497987211533536)	(70.0, 0.010248993605766768)	(71.0, 0.0017081656009611279)	(72.0, 0.0017081656009611279)	(73.0, 0.002277554134614837)	(74.0, 0.002277554134614837)	(75.0, 0.0011387770673074184)	(76.0, 0.0011387770673074184)	(77.0, 0.0011387770673074184)	(78.0, 0.0017081656009611279)	(79.0, 0.0011387770673074184)	(80.0, 0.0)	(81.0, 0.0)	(82.0, 0.0)	(83.0, 0.0)	(84.0, 0.0)	(85.0, 0.0)	(86.0, 0.0)	(87.0, 0.0)	(88.0, 0.0)	(89.0, 0.0)	(90.0, 0.0)	(91.0, 0.0005693885336537092)	(92.0, 0.0)	(93.0, 0.0)	(94.0, 0.0)	(95.0, 0.0)	(96.0, 0.0)	(97.0, 0.0)	(98.0, 0.0)	(99.0, 0.0)	(100.0, 0.0)
3874R_0_F_NS1_week10_S75_L001_R1_001	(0.0, 0.0)	(1.0, 0.0)	(2.0, 0.0)	(3.0, 0.0)	(4.0, 0.0)	(5.0, 0.0)	(6.0, 0.0)	(7.0, 0.0)	(8.0, 0.0)	(9.0, 0.0)	(10.0, 0.0)	(11.0, 0.0)	(12.0, 0.0)	(13.0, 0.0)	(14.0, 0.0)	(15.0, 0.0)	(16.0, 0.0)	(17.0, 0.0)	(18.0, 0.0)	(19.0, 0.0)	(20.0, 0.0)	(21.0, 0.0)	(22.0, 0.0)	(23.0, 0.0)	(24.0, 0.0)	(25.0, 0.0)	(26.0, 0.0)	(27.0, 0.0)	(28.0, 0.0)	(29.0, 0.0007070935626202059)	(30.0, 0.0007070935626202059)	(31.0, 0.0007070935626202059)	(32.0, 0.0007070935626202059)	(33.0, 0.0028283742504808234)	(34.0, 0.0014141871252404117)	(35.0, 0.0021212806878606176)	(36.0, 0.0028283742504808234)	(37.0, 0.004242561375721235)	(38.0, 0.0035354678131010297)	(39.0, 0.004949654938341441)	(40.0, 0.010606403439303089)	(41.0, 0.011313497001923294)	(42.0, 0.020505713315985972)	(43.0, 0.024041181129087)	(44.0, 0.027576648942188028)	(45.0, 0.05020364294603462)	(46.0, 0.8117434098879963)	(47.0, 14.605724629482975)	(48.0, 15.468378775879623)	(49.0, 16.880444620432176)	(50.0, 4.408728362936984)	(51.0, 1.6644982464079645)	(52.0, 0.4871874646453219)	(53.0, 5.016121733227741)	(54.0, 28.821133612399592)	(55.0, 10.237300599615342)	(56.0, 0.46597465776671565)	(57.0, 0.1534393030885847)	(58.0, 0.07990157257608327)	(59.0, 0.2524324018554135)	(60.0, 0.09262925670324697)	(61.0, 0.04949654938341441)	(62.0, 0.014848964815024325)	(63.0, 0.004949654938341441)	(64.0, 0.0035354678131010297)	(65.0, 0.0035354678131010297)	(66.0, 0.05586039144699627)	(67.0, 0.192329449032696)	(68.0, 0.05020364294603462)	(69.0, 0.009899309876682883)	(70.0, 0.0007070935626202059)	(71.0, 0.0)	(72.0, 0.0)	(73.0, 0.0)	(74.0, 0.0)	(75.0, 0.0)	(76.0, 0.0)	(77.0, 0.0)	(78.0, 0.0)	(79.0, 0.0)	(80.0, 0.0)	(81.0, 0.0)	(82.0, 0.0)	(83.0, 0.0)	(84.0, 0.0)	(85.0, 0.0)	(86.0, 0.0)	(87.0, 0.0)	(88.0, 0.0)	(89.0, 0.0)	(90.0, 0.0)	(91.0, 0.0)	(92.0, 0.0)	(93.0, 0.0)	(94.0, 0.0)	(95.0, 0.0)	(96.0, 0.0)	(97.0, 0.0)	(98.0, 0.0)	(99.0, 0.0)	(100.0, 0.0)
3874R_0_F_NS1_week10_S75_L001_R2_001	(0.0, 0.0)	(1.0, 0.0)	(2.0, 0.0)	(3.0, 0.0)	(4.0, 0.0)	(5.0, 0.0)	(6.0, 0.0)	(7.0, 0.0)	(8.0, 0.0)	(9.0, 0.0)	(10.0, 0.0)	(11.0, 0.0013926089600460488)	(12.0, 0.0)	(13.0, 0.0)	(14.0, 0.0)	(15.0, 0.0)	(16.0, 0.0)	(17.0, 0.0)	(18.0, 0.0)	(19.0, 0.0)	(20.0, 0.0)	(21.0, 0.0)	(22.0, 0.0)	(23.0, 0.0)	(24.0, 0.0)	(25.0, 0.0)	(26.0, 0.0)	(27.0, 0.0)	(28.0, 0.0)	(29.0, 0.0)	(30.0, 0.0)	(31.0, 0.0)	(32.0, 0.0)	(33.0, 0.0)	(34.0, 0.0)	(35.0, 0.0006963044800230244)	(36.0, 0.0006963044800230244)	(37.0, 0.0020889134400690736)	(38.0, 0.0020889134400690736)	(39.0, 0.0006963044800230244)	(40.0, 0.0020889134400690736)	(41.0, 0.008355653760276294)	(42.0, 0.014622394080483513)	(43.0, 0.014622394080483513)	(44.0, 0.020889134400690734)	(45.0, 0.040385659841335415)	(46.0, 0.09609001824317737)	(47.0, 0.32169266977063726)	(48.0, 5.494538651861686)	(49.0, 14.812485203529798)	(50.0, 15.239319849783914)	(51.0, 11.264117573332467)	(52.0, 3.7273178815632497)	(53.0, 6.32453359204913)	(54.0, 6.211035961805377)	(55.0, 4.241190587820242)	(56.0, 14.570171244481786)	(57.0, 12.290470376886404)	(58.0, 3.303268453229228)	(59.0, 0.8794325582690798)	(60.0, 0.30149983984996953)	(61.0, 0.16084633488531863)	(62.0, 0.10305306304340763)	(63.0, 0.08007501520264781)	(64.0, 0.04386718224145054)	(65.0, 0.03899305088128937)	(66.0, 0.042474573281404485)	(67.0, 0.085645451042832)	(68.0, 0.11837176160391415)	(69.0, 0.08494914656280897)	(70.0, 0.029244788160967025)	(71.0, 0.01253348064041444)	(72.0, 0.004874131360161171)	(73.0, 0.0013926089600460488)	(74.0, 0.0020889134400690736)	(75.0, 0.0034815224001151224)	(76.0, 0.0)	(77.0, 0.0)	(78.0, 0.0)	(79.0, 0.0)	(80.0, 0.0)	(81.0, 0.0)	(82.0, 0.0)	(83.0, 0.0)	(84.0, 0.0006963044800230244)	(85.0, 0.0)	(86.0, 0.0)	(87.0, 0.0)	(88.0, 0.0)	(89.0, 0.0)	(90.0, 0.0)	(91.0, 0.0006963044800230244)	(92.0, 0.0)	(93.0, 0.0)	(94.0, 0.0)	(95.0, 0.0)	(96.0, 0.0)	(97.0, 0.0)	(98.0, 0.0)	(99.0, 0.0)	(100.0, 0.0009284059733640326)
3874R_L_F_NS1_week10_S76_L001_R1_001	(0.0, 0.0)	(1.0, 0.0)	(2.0, 0.0)	(3.0, 0.0)	(4.0, 0.0)	(5.0, 0.0)	(6.0, 0.0)	(7.0, 0.0)	(8.0, 0.0)	(9.0, 0.0)	(10.0, 0.0)	(11.0, 0.0)	(12.0, 0.0)	(13.0, 0.0)	(14.0, 0.0)	(15.0, 0.0)	(16.0, 0.0)	(17.0, 0.0)	(18.0, 0.0)	(19.0, 0.0)	(20.0, 0.0)	(21.0, 0.0)	(22.0, 0.0)	(23.0, 0.0)	(24.0, 0.0)	(25.0, 0.0)	(26.0, 0.0)	(27.0, 0.0)	(28.0, 0.0)	(29.0, 0.0)	(30.0, 0.0)	(31.0, 0.0)	(32.0, 0.0)	(33.0, 0.0)	(34.0, 0.0)	(35.0, 0.0)	(36.0, 0.0)	(37.0, 0.0007891414141414141)	(38.0, 0.0015782828282828283)	(39.0, 0.0007891414141414141)	(40.0, 0.0031565656565656565)	(41.0, 0.0031565656565656565)	(42.0, 0.003945707070707071)	(43.0, 0.006313131313131313)	(44.0, 0.011047979797979798)	(45.0, 0.055239898989898985)	(46.0, 0.5531881313131313)	(47.0, 13.58191287878788)	(48.0, 15.683396464646465)	(49.0, 17.616003787878785)	(50.0, 4.3955176767676765)	(51.0, 1.9041982323232323)	(52.0, 0.5097853535353535)	(53.0, 5.351167929292929)	(54.0, 27.612058080808083)	(55.0, 10.916982323232324)	(56.0, 0.537405303030303)	(57.0, 0.15230429292929293)	(58.0, 0.08996212121212122)	(59.0, 0.3511679292929293)	(60.0, 0.13099747474747475)	(61.0, 0.0615530303030303)	(62.0, 0.02130681818181818)	(63.0, 0.007102272727272727)	(64.0, 0.0031565656565656565)	(65.0, 0.006313131313131313)	(66.0, 0.07891414141414141)	(67.0, 0.2738320707070707)	(68.0, 0.06470959595959597)	(69.0, 0.010258838383838384)	(70.0, 0.0007891414141414141)	(71.0, 0.0)	(72.0, 0.0)	(73.0, 0.0)	(74.0, 0.0)	(75.0, 0.0)	(76.0, 0.0)	(77.0, 0.0)	(78.0, 0.0)	(79.0, 0.0)	(80.0, 0.0)	(81.0, 0.0)	(82.0, 0.0)	(83.0, 0.0)	(84.0, 0.0)	(85.0, 0.0)	(86.0, 0.0)	(87.0, 0.0)	(88.0, 0.0)	(89.0, 0.0)	(90.0, 0.0)	(91.0, 0.0)	(92.0, 0.0)	(93.0, 0.0)	(94.0, 0.0)	(95.0, 0.0)	(96.0, 0.0)	(97.0, 0.0)	(98.0, 0.0)	(99.0, 0.0)	(100.0, 0.0)
3874R_L_F_NS1_week10_S76_L001_R2_001	(0.0, 0.0)	(1.0, 0.0)	(2.0, 0.0)	(3.0, 0.0)	(4.0, 0.0)	(5.0, 0.0)	(6.0, 0.0)	(7.0, 0.0)	(8.0, 0.0)	(9.0, 0.000779635910030016)	(10.0, 0.0)	(11.0, 0.0)	(12.0, 0.0)	(13.0, 0.000779635910030016)	(14.0, 0.0)	(15.0, 0.0)	(16.0, 0.0)	(17.0, 0.0)	(18.0, 0.0)	(19.0, 0.0)	(20.0, 0.0)	(21.0, 0.0)	(22.0, 0.0)	(23.0, 0.0)	(24.0, 0.0)	(25.0, 0.0)	(26.0, 0.0)	(27.0, 0.0)	(28.0, 0.0)	(29.0, 0.0)	(30.0, 0.0)	(31.0, 0.0)	(32.0, 0.0)	(33.0, 0.0)	(34.0, 0.0)	(35.0, 0.0)	(36.0, 0.000779635910030016)	(37.0, 0.001559271820060032)	(38.0, 0.0023389077300900478)	(39.0, 0.0023389077300900478)	(40.0, 0.00389817955015008)	(41.0, 0.00389817955015008)	(42.0, 0.005457451370210112)	(43.0, 0.010914902740420224)	(44.0, 0.014813082290570304)	(45.0, 0.031965072311230656)	(46.0, 0.07250613963279148)	(47.0, 0.3173118153822165)	(48.0, 5.6266323626866255)	(49.0, 14.695357268155771)	(50.0, 15.100767941371378)	(51.0, 11.789654231473902)	(52.0, 4.130511051339025)	(53.0, 6.987097025689002)	(54.0, 6.780493509531049)	(55.0, 4.2638287919541575)	(56.0, 13.743421822009122)	(57.0, 11.151132421159318)	(58.0, 3.0483764082173623)	(59.0, 0.9418001793162594)	(60.0, 0.2978209176314661)	(61.0, 0.16918099247651347)	(62.0, 0.11694538650450238)	(63.0, 0.0779635910030016)	(64.0, 0.056133785522161146)	(65.0, 0.04054106732156083)	(66.0, 0.047557790511830976)	(67.0, 0.09979339648384204)	(68.0, 0.17775698748684365)	(69.0, 0.10369157603399212)	(70.0, 0.037422523681440764)	(71.0, 0.012474174560480255)	(72.0, 0.010135266830390207)	(73.0, 0.0046778154601800955)	(74.0, 0.003118543640120064)	(75.0, 0.003118543640120064)	(76.0, 0.0023389077300900478)	(77.0, 0.0023389077300900478)	(78.0, 0.000779635910030016)	(79.0, 0.000779635910030016)	(80.0, 0.0)	(81.0, 0.0)	(82.0, 0.000779635910030016)	(83.0, 0.000779635910030016)	(84.0, 0.0)	(85.0, 0.0)	(86.0, 0.0)	(87.0, 0.000779635910030016)	(88.0, 0.0)	(89.0, 0.000779635910030016)	(90.0, 0.001559271820060032)	(91.0, 0.000779635910030016)	(92.0, 0.0)	(93.0, 0.0)	(94.0, 0.0)	(95.0, 0.0)	(96.0, 0.001559271820060032)	(97.0, 0.0)	(98.0, 0.0)	(99.0, 0.0)	(100.0, 0.0)
3893R_RL_M_S5_week10_S64_L001_R1_001	(0.0, 0.0)	(1.0, 0.0)	(2.0, 0.0)	(3.0, 0.0)	(4.0, 0.0)	(5.0, 0.0)	(6.0, 0.0)	(7.0, 0.0)	(8.0, 0.0)	(9.0, 0.0)	(10.0, 0.0)	(11.0, 0.0)	(12.0, 0.0)	(13.0, 0.0)	(14.0, 0.0)	(15.0, 0.0)	(16.0, 0.0)	(17.0, 0.0)	(18.0, 0.0)	(19.0, 0.0)	(20.0, 0.0)	(21.0, 0.0)	(22.0, 0.0)	(23.0, 0.0)	(24.0, 0.0)	(25.0, 0.0)	(26.0, 0.0)	(27.0, 0.0)	(28.0, 0.0)	(29.0, 0.0)	(30.0, 0.0)	(31.0, 0.0)	(32.0, 0.0)	(33.0, 0.0)	(34.0, 0.0)	(35.0, 0.0)	(36.0, 0.0)	(37.0, 0.0)	(38.0, 0.0)	(39.0, 0.0007775324231020434)	(40.0, 0.0007775324231020434)	(41.0, 0.0015550648462040867)	(42.0, 0.0038876621155102165)	(43.0, 0.005442726961714304)	(44.0, 0.01866077815444904)	(45.0, 0.07930830715640842)	(46.0, 4.795042453270301)	(47.0, 20.915622181444967)	(48.0, 2.65216309520107)	(49.0, 3.6948340745809096)	(50.0, 11.18402637389979)	(51.0, 7.433987497278636)	(52.0, 0.7433209964855535)	(53.0, 4.7919323235778934)	(54.0, 28.40714707803315)	(55.0, 13.640251298479148)	(56.0, 0.8685037166049825)	(57.0, 0.26747115354710294)	(58.0, 0.1111871365035922)	(59.0, 0.13373557677355147)	(60.0, 0.0878611638105309)	(61.0, 0.05909246415575529)	(62.0, 0.015550648462040866)	(63.0, 0.005442726961714304)	(64.0, 0.0031101296924081734)	(65.0, 0.00233259726930613)	(66.0, 0.013995583615836782)	(67.0, 0.05131713992473486)	(68.0, 0.011662986346530652)	(69.0, 0.0)	(70.0, 0.0)	(71.0, 0.0)	(72.0, 0.0)	(73.0, 0.0)	(74.0, 0.0)	(75.0, 0.0)	(76.0, 0.0)	(77.0, 0.0)	(78.0, 0.0)	(79.0, 0.0)	(80.0, 0.0)	(81.0, 0.0)	(82.0, 0.0)	(83.0, 0.0)	(84.0, 0.0)	(85.0, 0.0)	(86.0, 0.0)	(87.0, 0.0)	(88.0, 0.0)	(89.0, 0.0)	(90.0, 0.0)	(91.0, 0.0)	(92.0, 0.0)	(93.0, 0.0)	(94.0, 0.0)	(95.0, 0.0)	(96.0, 0.0)	(97.0, 0.0)	(98.0, 0.0)	(99.0, 0.0)	(100.0, 0.0)
3893R_RL_M_S5_week10_S64_L001_R2_001	(0.0, 0.0)	(1.0, 0.0)	(2.0, 0.0)	(3.0, 0.0)	(4.0, 0.0)	(5.0, 0.0)	(6.0, 0.0)	(7.0, 0.0)	(8.0, 0.0)	(9.0, 0.0)	(10.0, 0.0)	(11.0, 0.0)	(12.0, 0.0)	(13.0, 0.0)	(14.0, 0.0)	(15.0, 0.0)	(16.0, 0.0)	(17.0, 0.0)	(18.0, 0.0)	(19.0, 0.0)	(20.0, 0.0)	(21.0, 0.0)	(22.0, 0.0)	(23.0, 0.0)	(24.0, 0.0)	(25.0, 0.0)	(26.0, 0.0)	(27.0, 0.000772707955028397)	(28.0, 0.0)	(29.0, 0.0)	(30.0, 0.000772707955028397)	(31.0, 0.000772707955028397)	(32.0, 0.000772707955028397)	(33.0, 0.000772707955028397)	(34.0, 0.0)	(35.0, 0.0)	(36.0, 0.0)	(37.0, 0.0)	(38.0, 0.000772707955028397)	(39.0, 0.000772707955028397)	(40.0, 0.002318123865085191)	(41.0, 0.005408955685198779)	(42.0, 0.012363327280454353)	(43.0, 0.013908743190511145)	(44.0, 0.02318123865085191)	(45.0, 0.058725804582158175)	(46.0, 0.1298149364447707)	(47.0, 0.5246687014642816)	(48.0, 9.755437932233512)	(49.0, 18.312405826217983)	(50.0, 4.8649692848587875)	(51.0, 1.2270602325850946)	(52.0, 2.376849669667349)	(53.0, 9.554533863926128)	(54.0, 15.750106247343817)	(55.0, 7.798168682146582)	(56.0, 13.170807093459027)	(57.0, 11.40053316848897)	(58.0, 3.194374686087393)	(59.0, 0.8275702198354132)	(60.0, 0.2990379785959897)	(61.0, 0.18622261716184368)	(62.0, 0.12363327280454353)	(63.0, 0.09195224664837924)	(64.0, 0.0509987250318742)	(65.0, 0.058725804582158175)	(66.0, 0.04558976934667543)	(67.0, 0.03554456593130626)	(68.0, 0.04868060116678901)	(69.0, 0.0254993625159371)	(70.0, 0.010045203415369162)	(71.0, 0.005408955685198779)	(72.0, 0.0038635397751419854)	(73.0, 0.0)	(74.0, 0.0)	(75.0, 0.0)	(76.0, 0.0)	(77.0, 0.0)	(78.0, 0.0)	(79.0, 0.0)	(80.0, 0.0)	(81.0, 0.0)	(82.0, 0.000772707955028397)	(83.0, 0.000772707955028397)	(84.0, 0.0)	(85.0, 0.0)	(86.0, 0.0)	(87.0, 0.000772707955028397)	(88.0, 0.002318123865085191)	(89.0, 0.000772707955028397)	(90.0, 0.0)	(91.0, 0.0)	(92.0, 0.0)	(93.0, 0.0)	(94.0, 0.000772707955028397)	(95.0, 0.0)	(96.0, 0.0)	(97.0, 0.0)	(98.0, 0.0)	(99.0, 0.0)	(100.0, 0.0)
3893R_R_M_S5_week10_S63_L001_R1_001	(0.0, 0.0)	(1.0, 0.0)	(2.0, 0.0)	(3.0, 0.0)	(4.0, 0.0)	(5.0, 0.0)	(6.0, 0.0)	(7.0, 0.0)	(8.0, 0.0)	(9.0, 0.0)	(10.0, 0.0)	(11.0, 0.0)	(12.0, 0.0)	(13.0, 0.0)	(14.0, 0.0)	(15.0, 0.0)	(16.0, 0.0)	(17.0, 0.0)	(18.0, 0.0)	(19.0, 0.0)	(20.0, 0.0)	(21.0, 0.0)	(22.0, 0.0)	(23.0, 0.0)	(24.0, 0.0)	(25.0, 0.0)	(26.0, 0.0006698192827575121)	(27.0, 0.0)	(28.0, 0.0013396385655150241)	(29.0, 0.0013396385655150241)	(30.0, 0.0013396385655150241)	(31.0, 0.0013396385655150241)	(32.0, 0.002009457848272536)	(33.0, 0.002009457848272536)	(34.0, 0.0026792771310300482)	(35.0, 0.0026792771310300482)	(36.0, 0.006028373544817609)	(37.0, 0.01272656637239273)	(38.0, 0.007368012110332633)	(39.0, 0.014736024220665266)	(40.0, 0.01272656637239273)	(41.0, 0.02478331346202794)	(42.0, 0.019424759199967848)	(43.0, 0.02277385561375541)	(44.0, 0.038849518399935695)	(45.0, 0.09980307313086928)	(46.0, 4.219861481372326)	(47.0, 19.148793655471756)	(48.0, 2.5359358045199407)	(49.0, 3.326992377456562)	(50.0, 10.198668399265879)	(51.0, 6.9520543357402165)	(52.0, 0.7662732594745938)	(53.0, 4.3176550966549225)	(54.0, 31.39710905997562)	(55.0, 15.079641512719869)	(56.0, 0.9953514541776629)	(57.0, 0.23041783326858412)	(58.0, 0.09310488030329418)	(59.0, 0.17348319423419561)	(60.0, 0.10784090452395945)	(61.0, 0.05425536190335848)	(62.0, 0.014736024220665266)	(63.0, 0.0026792771310300482)	(64.0, 0.002009457848272536)	(65.0, 0.0013396385655150241)	(66.0, 0.020094578482725358)	(67.0, 0.06698192827575121)	(68.0, 0.015405843503422776)	(69.0, 0.0026792771310300482)	(70.0, 0.002009457848272536)	(71.0, 0.0)	(72.0, 0.0)	(73.0, 0.0)	(74.0, 0.0)	(75.0, 0.0)	(76.0, 0.0)	(77.0, 0.0)	(78.0, 0.0)	(79.0, 0.0)	(80.0, 0.0)	(81.0, 0.0)	(82.0, 0.0)	(83.0, 0.0)	(84.0, 0.0)	(85.0, 0.0)	(86.0, 0.0)	(87.0, 0.0)	(88.0, 0.0)	(89.0, 0.0)	(90.0, 0.0)	(91.0, 0.0)	(92.0, 0.0)	(93.0, 0.0)	(94.0, 0.0)	(95.0, 0.0)	(96.0, 0.0)	(97.0, 0.0)	(98.0, 0.0)	(99.0, 0.0)	(100.0, 0.0)
3893R_R_M_S5_week10_S63_L001_R2_001	(0.0, 0.0)	(1.0, 0.0)	(2.0, 0.0)	(3.0, 0.0)	(4.0, 0.0)	(5.0, 0.0)	(6.0, 0.0)	(7.0, 0.0)	(8.0, 0.0)	(9.0, 0.0)	(10.0, 0.0)	(11.0, 0.0)	(12.0, 0.0)	(13.0, 0.0)	(14.0, 0.0)	(15.0, 0.0)	(16.0, 0.0)	(17.0, 0.0)	(18.0, 0.0)	(19.0, 0.0)	(20.0, 0.0)	(21.0, 0.0)	(22.0, 0.0)	(23.0, 0.0)	(24.0, 0.0006633059166887769)	(25.0, 0.0006633059166887769)	(26.0, 0.0)	(27.0, 0.0)	(28.0, 0.0)	(29.0, 0.0)	(30.0, 0.0)	(31.0, 0.0)	(32.0, 0.0)	(33.0, 0.0)	(34.0, 0.0013266118333775537)	(35.0, 0.0006633059166887769)	(36.0, 0.0013266118333775537)	(37.0, 0.0019899177500663306)	(38.0, 0.0013266118333775537)	(39.0, 0.0013266118333775537)	(40.0, 0.0013266118333775537)	(41.0, 0.005306447333510215)	(42.0, 0.009286282833642877)	(43.0, 0.015919342000530644)	(44.0, 0.030512072167683736)	(45.0, 0.04842133191828071)	(46.0, 0.10811886442027062)	(47.0, 0.4689572830989652)	(48.0, 8.831254974794374)	(49.0, 17.225391350490845)	(50.0, 4.891881135579729)	(51.0, 1.1866542849562218)	(52.0, 2.1431414168214378)	(53.0, 8.643539400371452)	(54.0, 14.561554789068717)	(55.0, 7.683072433006102)	(56.0, 15.221544176174051)	(57.0, 13.148049880604933)	(58.0, 3.7861501724595383)	(59.0, 0.9472008490315733)	(60.0, 0.32435659326081184)	(61.0, 0.16449986733881666)	(62.0, 0.14526399575484214)	(63.0, 0.09684266383656143)	(64.0, 0.05969753250198991)	(65.0, 0.03780843725126028)	(66.0, 0.029848766250994956)	(67.0, 0.04643141416821438)	(68.0, 0.06434067391881135)	(69.0, 0.031175378084372513)	(70.0, 0.01658264791721942)	(71.0, 0.004643141416821438)	(72.0, 0.0013266118333775537)	(73.0, 0.003316529583443884)	(74.0, 0.0013266118333775537)	(75.0, 0.0006633059166887769)	(76.0, 0.0006633059166887769)	(77.0, 0.0)	(78.0, 0.0)	(79.0, 0.0)	(80.0, 0.0013266118333775537)	(81.0, 0.0013266118333775537)	(82.0, 0.0006633059166887769)	(83.0, 0.0006633059166887769)	(84.0, 0.0)	(85.0, 0.0)	(86.0, 0.0)	(87.0, 0.0)	(88.0, 0.0)	(89.0, 0.0)	(90.0, 0.0)	(91.0, 0.0006633059166887769)	(92.0, 0.0)	(93.0, 0.0)	(94.0, 0.0)	(95.0, 0.0)	(96.0, 0.0)	(97.0, 0.0)	(98.0, 0.0)	(99.0, 0.0)	(100.0, 0.0)
3894R_0_M_NS6_week10_S71_L001_R1_001	(0.0, 0.0)	(1.0, 0.0)	(2.0, 0.0)	(3.0, 0.0)	(4.0, 0.0)	(5.0, 0.0)	(6.0, 0.0)	(7.0, 0.0)	(8.0, 0.0)	(9.0, 0.0)	(10.0, 0.0)	(11.0, 0.0)	(12.0, 0.0)	(13.0, 0.0)	(14.0, 0.0)	(15.0, 0.0)	(16.0, 0.0)	(17.0, 0.0)	(18.0, 0.0)	(19.0, 0.0)	(20.0, 0.0)	(21.0, 0.0)	(22.0, 0.0)	(23.0, 0.0)	(24.0, 0.0006711724711899217)	(25.0, 0.0)	(26.0, 0.0)	(27.0, 0.0)	(28.0, 0.0006711724711899217)	(29.0, 0.0)	(30.0, 0.0013423449423798433)	(31.0, 0.006711724711899217)	(32.0, 0.006711724711899217)	(33.0, 0.0033558623559496086)	(34.0, 0.008725242125468982)	(35.0, 0.012752276952608511)	(36.0, 0.01208110448141859)	(37.0, 0.012752276952608511)	(38.0, 0.018121656722127885)	(39.0, 0.011409932010228668)	(40.0, 0.014765794366178276)	(41.0, 0.017450484250937964)	(42.0, 0.02013517413569765)	(43.0, 0.03490096850187593)	(44.0, 0.06577490217661232)	(45.0, 0.28055009295738725)	(46.0, 11.64551354761633)	(47.0, 22.1298987200741)	(48.0, 12.022041303953877)	(49.0, 10.746142436221835)	(50.0, 5.116347747880773)	(51.0, 2.038350795003792)	(52.0, 0.6013705341861698)	(53.0, 8.003060546468626)	(54.0, 15.66516547757277)	(55.0, 9.974965266824617)	(56.0, 0.85708724570953)	(57.0, 0.15772553072963158)	(58.0, 0.06309021229185265)	(59.0, 0.08188304148517044)	(60.0, 0.058392004993523185)	(61.0, 0.06040552240709295)	(62.0, 0.018792829193317807)	(63.0, 0.00402703482713953)	(64.0, 0.002013517413569765)	(65.0, 0.005369379769519373)	(66.0, 0.04161269321377514)	(67.0, 0.1389327015363138)	(68.0, 0.03490096850187593)	(69.0, 0.00402703482713953)	(70.0, 0.0)	(71.0, 0.0)	(72.0, 0.0)	(73.0, 0.0)	(74.0, 0.0)	(75.0, 0.0)	(76.0, 0.0)	(77.0, 0.0)	(78.0, 0.0)	(79.0, 0.0)	(80.0, 0.0)	(81.0, 0.0)	(82.0, 0.0)	(83.0, 0.0)	(84.0, 0.0)	(85.0, 0.0)	(86.0, 0.0)	(87.0, 0.0)	(88.0, 0.0)	(89.0, 0.0)	(90.0, 0.0)	(91.0, 0.0)	(92.0, 0.0)	(93.0, 0.0)	(94.0, 0.0)	(95.0, 0.0)	(96.0, 0.0)	(97.0, 0.0)	(98.0, 0.0)	(99.0, 0.0)	(100.0, 0.0)
3894R_0_M_NS6_week10_S71_L001_R2_001	(0.0, 0.0)	(1.0, 0.0)	(2.0, 0.0)	(3.0, 0.0)	(4.0, 0.0)	(5.0, 0.0)	(6.0, 0.0)	(7.0, 0.0)	(8.0, 0.0)	(9.0, 0.0)	(10.0, 0.0)	(11.0, 0.0006718759448255474)	(12.0, 0.0)	(13.0, 0.0)	(14.0, 0.0)	(15.0, 0.0)	(16.0, 0.0)	(17.0, 0.0)	(18.0, 0.0)	(19.0, 0.0)	(20.0, 0.0)	(21.0, 0.0)	(22.0, 0.0)	(23.0, 0.0)	(24.0, 0.0)	(25.0, 0.0)	(26.0, 0.0)	(27.0, 0.0)	(28.0, 0.0)	(29.0, 0.0)	(30.0, 0.0)	(31.0, 0.0)	(32.0, 0.0)	(33.0, 0.0)	(34.0, 0.0)	(35.0, 0.0006718759448255474)	(36.0, 0.0)	(37.0, 0.0)	(38.0, 0.0013437518896510948)	(39.0, 0.004031255668953284)	(40.0, 0.004031255668953284)	(41.0, 0.0060468835034299265)	(42.0, 0.007390635393081022)	(43.0, 0.01814065051028978)	(44.0, 0.02821878968267299)	(45.0, 0.047703192082613866)	(46.0, 0.11959391817894743)	(47.0, 0.5092819661777649)	(48.0, 9.033372078179484)	(49.0, 26.91400659782178)	(50.0, 14.417114024066596)	(51.0, 6.057633518547136)	(52.0, 6.05696164260231)	(53.0, 9.461357055033359)	(54.0, 9.664263590370673)	(55.0, 5.822476937858194)	(56.0, 5.734461189086047)	(57.0, 4.181084004649382)	(58.0, 0.9997514059004146)	(59.0, 0.2902504081646365)	(60.0, 0.11825016628929635)	(61.0, 0.07860948554458905)	(62.0, 0.0651719666480781)	(63.0, 0.045687564248137226)	(64.0, 0.027546913737847446)	(65.0, 0.01881252645511533)	(66.0, 0.021500030234417516)	(67.0, 0.05375007558604379)	(68.0, 0.09137512849627445)	(69.0, 0.05912508314464818)	(70.0, 0.022843782124068613)	(71.0, 0.008062511337906569)	(72.0, 0.0026875037793021896)	(73.0, 0.0026875037793021896)	(74.0, 0.0006718759448255474)	(75.0, 0.0006718759448255474)	(76.0, 0.0)	(77.0, 0.0)	(78.0, 0.0)	(79.0, 0.0)	(80.0, 0.0)	(81.0, 0.0)	(82.0, 0.0)	(83.0, 0.0)	(84.0, 0.0)	(85.0, 0.0)	(86.0, 0.0)	(87.0, 0.0006718759448255474)	(88.0, 0.0013437518896510948)	(89.0, 0.0)	(90.0, 0.0)	(91.0, 0.0006718759448255474)	(92.0, 0.0)	(93.0, 0.0)	(94.0, 0.0)	(95.0, 0.0)	(96.0, 0.0)	(97.0, 0.0)	(98.0, 0.0)	(99.0, 0.0)	(100.0, 0.0)
3896R_0_M_S2_week10_S52_L001_R1_001	(0.0, 0.0)	(1.0, 0.0)	(2.0, 0.0)	(3.0, 0.0)	(4.0, 0.0)	(5.0, 0.0)	(6.0, 0.0)	(7.0, 0.0)	(8.0, 0.0)	(9.0, 0.0)	(10.0, 0.0)	(11.0, 0.0)	(12.0, 0.0)	(13.0, 0.0)	(14.0, 0.0)	(15.0, 0.0)	(16.0, 0.0)	(17.0, 0.0)	(18.0, 0.0)	(19.0, 0.0)	(20.0, 0.0)	(21.0, 0.0)	(22.0, 0.0)	(23.0, 0.0)	(24.0, 0.0)	(25.0, 0.0)	(26.0, 0.0)	(27.0, 0.0)	(28.0, 0.0)	(29.0, 0.0)	(30.0, 0.0)	(31.0, 0.0)	(32.0, 0.0)	(33.0, 0.0)	(34.0, 0.0)	(35.0, 0.0)	(36.0, 0.0)	(37.0, 0.0014946789429630515)	(38.0, 0.0007473394714815258)	(39.0, 0.0)	(40.0, 0.0007473394714815258)	(41.0, 0.0037366973574076293)	(42.0, 0.004484036828889155)	(43.0, 0.0067260552433337315)	(44.0, 0.01943082625851967)	(45.0, 0.06576587349037427)	(46.0, 2.1426222647375344)	(47.0, 25.343776156881503)	(48.0, 7.692365179959344)	(49.0, 1.9692395073538205)	(50.0, 5.696221451632189)	(51.0, 4.405566184383594)	(52.0, 0.5373370799952171)	(53.0, 6.216369723783331)	(54.0, 32.82240224799713)	(55.0, 11.5979612579218)	(56.0, 0.6763422216907808)	(57.0, 0.18982422575630756)	(58.0, 0.09491211287815378)	(59.0, 0.231675236159273)	(60.0, 0.13227908645223008)	(61.0, 0.0956594523496353)	(62.0, 0.018683486787038146)	(63.0, 0.005231376300370681)	(64.0, 0.0)	(65.0, 0.0007473394714815258)	(66.0, 0.005231376300370681)	(67.0, 0.01943082625851967)	(68.0, 0.002989357885926103)	(69.0, 0.0)	(70.0, 0.0)	(71.0, 0.0)	(72.0, 0.0)	(73.0, 0.0)	(74.0, 0.0)	(75.0, 0.0)	(76.0, 0.0)	(77.0, 0.0)	(78.0, 0.0)	(79.0, 0.0)	(80.0, 0.0)	(81.0, 0.0)	(82.0, 0.0)	(83.0, 0.0)	(84.0, 0.0)	(85.0, 0.0)	(86.0, 0.0)	(87.0, 0.0)	(88.0, 0.0)	(89.0, 0.0)	(90.0, 0.0)	(91.0, 0.0)	(92.0, 0.0)	(93.0, 0.0)	(94.0, 0.0)	(95.0, 0.0)	(96.0, 0.0)	(97.0, 0.0)	(98.0, 0.0)	(99.0, 0.0)	(100.0, 0.0)
3896R_0_M_S2_week10_S52_L001_R2_001	(0.0, 0.0)	(1.0, 0.0)	(2.0, 0.0)	(3.0, 0.0)	(4.0, 0.0)	(5.0, 0.0)	(6.0, 0.0)	(7.0, 0.0)	(8.0, 0.0007414547341884778)	(9.0, 0.0)	(10.0, 0.0)	(11.0, 0.0)	(12.0, 0.0)	(13.0, 0.0)	(14.0, 0.0)	(15.0, 0.0)	(16.0, 0.0)	(17.0, 0.0)	(18.0, 0.0)	(19.0, 0.0)	(20.0, 0.0)	(21.0, 0.0)	(22.0, 0.0)	(23.0, 0.0007414547341884778)	(24.0, 0.0014829094683769556)	(25.0, 0.0)	(26.0, 0.0)	(27.0, 0.0)	(28.0, 0.0)	(29.0, 0.0)	(30.0, 0.0)	(31.0, 0.0007414547341884778)	(32.0, 0.0022243642025654336)	(33.0, 0.0014829094683769556)	(34.0, 0.0)	(35.0, 0.0)	(36.0, 0.0)	(37.0, 0.0014829094683769556)	(38.0, 0.0014829094683769556)	(39.0, 0.0029658189367539113)	(40.0, 0.0022243642025654336)	(41.0, 0.004448728405130867)	(42.0, 0.011121821012827167)	(43.0, 0.013346185215392601)	(44.0, 0.025950915696596723)	(45.0, 0.0400385556461778)	(46.0, 0.10232075331800994)	(47.0, 0.553866686438793)	(48.0, 9.329724920293616)	(49.0, 22.04122488322088)	(50.0, 6.04433899310447)	(51.0, 1.0610217246237117)	(52.0, 3.1852895380737003)	(53.0, 8.35397049010158)	(54.0, 7.9528434789056135)	(55.0, 5.286572254763847)	(56.0, 17.60954993697635)	(57.0, 13.39956995625417)	(58.0, 3.2979906576703493)	(59.0, 0.8415511233039222)	(60.0, 0.27656261585230224)	(61.0, 0.17053458886334988)	(62.0, 0.1401349447616223)	(63.0, 0.06895529027952843)	(64.0, 0.05041892192481649)	(65.0, 0.0333654630384815)	(66.0, 0.020760732557277378)	(67.0, 0.02743382516497368)	(68.0, 0.0200192778230889)	(69.0, 0.008156002076073256)	(70.0, 0.0059316378735078225)	(71.0, 0.0007414547341884778)	(72.0, 0.0)	(73.0, 0.0014829094683769556)	(74.0, 0.0007414547341884778)	(75.0, 0.0)	(76.0, 0.0007414547341884778)	(77.0, 0.0)	(78.0, 0.0)	(79.0, 0.0)	(80.0, 0.0)	(81.0, 0.0007414547341884778)	(82.0, 0.0007414547341884778)	(83.0, 0.0)	(84.0, 0.0)	(85.0, 0.0007414547341884778)	(86.0, 0.0)	(87.0, 0.0007414547341884778)	(88.0, 0.0)	(89.0, 0.0)	(90.0, 0.0)	(91.0, 0.0)	(92.0, 0.0)	(93.0, 0.0007414547341884778)	(94.0, 0.0)	(95.0, 0.0)	(96.0, 0.0)	(97.0, 0.0)	(98.0, 0.0)	(99.0, 0.0)	(100.0, 0.0)
3896R_L_M_S2_week10_S53_L001_R1_001	(0.0, 0.0)	(1.0, 0.0)	(2.0, 0.0)	(3.0, 0.0)	(4.0, 0.0)	(5.0, 0.0)	(6.0, 0.0)	(7.0, 0.0)	(8.0, 0.0)	(9.0, 0.0)	(10.0, 0.0)	(11.0, 0.0)	(12.0, 0.0)	(13.0, 0.0)	(14.0, 0.0)	(15.0, 0.0)	(16.0, 0.0)	(17.0, 0.0)	(18.0, 0.0)	(19.0, 0.0)	(20.0, 0.0)	(21.0, 0.0)	(22.0, 0.0)	(23.0, 0.0)	(24.0, 0.0)	(25.0, 0.0)	(26.0, 0.0)	(27.0, 0.0005481013768306585)	(28.0, 0.0)	(29.0, 0.001096202753661317)	(30.0, 0.0005481013768306585)	(31.0, 0.0)	(32.0, 0.001096202753661317)	(33.0, 0.001096202753661317)	(34.0, 0.004384811014645268)	(35.0, 0.002740506884153293)	(36.0, 0.010962027536613171)	(37.0, 0.01151012891344383)	(38.0, 0.009865824782951855)	(39.0, 0.01205823029027449)	(40.0, 0.013154433043935806)	(41.0, 0.017539244058581073)	(42.0, 0.026308866087871613)	(43.0, 0.025212663334210298)	(44.0, 0.0476848197842673)	(45.0, 0.11510128913443832)	(46.0, 2.1200561255809873)	(47.0, 26.898075067964573)	(48.0, 8.61396123827063)	(49.0, 2.201175129351925)	(50.0, 5.612558098745944)	(51.0, 4.223121108480225)	(52.0, 0.5552266947294572)	(53.0, 5.869617644479523)	(54.0, 31.150245549416823)	(55.0, 11.11878453038674)	(56.0, 0.6527887398053144)	(57.0, 0.20005700254319037)	(58.0, 0.08495571340875209)	(59.0, 0.17155573094799614)	(60.0, 0.09427343681487328)	(61.0, 0.07892659826361484)	(62.0, 0.010413926159782514)	(63.0, 0.002192405507322634)	(64.0, 0.0005481013768306585)	(65.0, 0.0005481013768306585)	(66.0, 0.009317723406121196)	(67.0, 0.026856967464702272)	(68.0, 0.00383670963781461)	(69.0, 0.0)	(70.0, 0.0)	(71.0, 0.0)	(72.0, 0.0)	(73.0, 0.0)	(74.0, 0.0)	(75.0, 0.0)	(76.0, 0.0)	(77.0, 0.0)	(78.0, 0.0)	(79.0, 0.0)	(80.0, 0.0)	(81.0, 0.0)	(82.0, 0.0)	(83.0, 0.0)	(84.0, 0.0)	(85.0, 0.0)	(86.0, 0.0)	(87.0, 0.0)	(88.0, 0.0)	(89.0, 0.0)	(90.0, 0.0)	(91.0, 0.0)	(92.0, 0.0)	(93.0, 0.0)	(94.0, 0.0)	(95.0, 0.0)	(96.0, 0.0)	(97.0, 0.0)	(98.0, 0.0)	(99.0, 0.0)	(100.0, 0.0)
3896R_L_M_S2_week10_S53_L001_R2_001	(0.0, 0.0)	(1.0, 0.0)	(2.0, 0.0)	(3.0, 0.0)	(4.0, 0.0)	(5.0, 0.0)	(6.0, 0.0)	(7.0, 0.0005458783455519103)	(8.0, 0.0005458783455519103)	(9.0, 0.0)	(10.0, 0.0)	(11.0, 0.0)	(12.0, 0.0)	(13.0, 0.0)	(14.0, 0.0)	(15.0, 0.0005458783455519103)	(16.0, 0.0005458783455519103)	(17.0, 0.0)	(18.0, 0.0)	(19.0, 0.0)	(20.0, 0.0)	(21.0, 0.0)	(22.0, 0.0)	(23.0, 0.0)	(24.0, 0.0005458783455519103)	(25.0, 0.0)	(26.0, 0.0)	(27.0, 0.0)	(28.0, 0.0)	(29.0, 0.0)	(30.0, 0.0)	(31.0, 0.0)	(32.0, 0.0)	(33.0, 0.0)	(34.0, 0.0)	(35.0, 0.0)	(36.0, 0.0)	(37.0, 0.0)	(38.0, 0.001637635036655731)	(39.0, 0.0010917566911038206)	(40.0, 0.0038211484188633723)	(41.0, 0.004367026764415282)	(42.0, 0.008734053528830565)	(43.0, 0.01746810705766113)	(44.0, 0.031115065696458884)	(45.0, 0.061138374701813956)	(46.0, 0.12282262774917982)	(47.0, 0.6031955718348609)	(48.0, 9.857471163976395)	(49.0, 23.334115758961957)	(50.0, 5.892210861887319)	(51.0, 1.0873896643394052)	(52.0, 3.211402306881888)	(53.0, 8.210010317100732)	(54.0, 7.650485012910023)	(55.0, 5.016076117276504)	(56.0, 16.99646816710428)	(57.0, 12.940046181308034)	(58.0, 3.2730865599292542)	(59.0, 0.8368315037310784)	(60.0, 0.26802626766598797)	(61.0, 0.17850221899547467)	(62.0, 0.13974485646128904)	(63.0, 0.08024411679613082)	(64.0, 0.040940875916393275)	(65.0, 0.029477430659803155)	(66.0, 0.025656282240939784)	(67.0, 0.01801398540321304)	(68.0, 0.024018647204284052)	(69.0, 0.014738715329901578)	(70.0, 0.007096418492174834)	(71.0, 0.0027293917277595517)	(72.0, 0.0)	(73.0, 0.0005458783455519103)	(74.0, 0.0)	(75.0, 0.0005458783455519103)	(76.0, 0.0005458783455519103)	(77.0, 0.0005458783455519103)	(78.0, 0.0)	(79.0, 0.0)	(80.0, 0.0)	(81.0, 0.0005458783455519103)	(82.0, 0.0)	(83.0, 0.0)	(84.0, 0.0)	(85.0, 0.0)	(86.0, 0.0)	(87.0, 0.0005458783455519103)	(88.0, 0.0010917566911038206)	(89.0, 0.0005458783455519103)	(90.0, 0.0005458783455519103)	(91.0, 0.0005458783455519103)	(92.0, 0.0)	(93.0, 0.0)	(94.0, 0.0)	(95.0, 0.0005458783455519103)	(96.0, 0.0005458783455519103)	(97.0, 0.0)	(98.0, 0.0)	(99.0, 0.0)	(100.0, 0.0)
3909R_R_M_S2_week10_S54_L001_R1_001	(0.0, 0.0)	(1.0, 0.0)	(2.0, 0.0)	(3.0, 0.0)	(4.0, 0.0)	(5.0, 0.0)	(6.0, 0.0)	(7.0, 0.0)	(8.0, 0.0)	(9.0, 0.0)	(10.0, 0.0)	(11.0, 0.0)	(12.0, 0.0)	(13.0, 0.0)	(14.0, 0.0)	(15.0, 0.0)	(16.0, 0.0)	(17.0, 0.0)	(18.0, 0.0)	(19.0, 0.0)	(20.0, 0.0)	(21.0, 0.0)	(22.0, 0.0)	(23.0, 0.0)	(24.0, 0.0)	(25.0, 0.0)	(26.0, 0.0)	(27.0, 0.0)	(28.0, 0.0)	(29.0, 0.0006162378678169774)	(30.0, 0.0)	(31.0, 0.0018487136034509321)	(32.0, 0.0)	(33.0, 0.0)	(34.0, 0.0)	(35.0, 0.0006162378678169774)	(36.0, 0.0006162378678169774)	(37.0, 0.0018487136034509321)	(38.0, 0.0024649514712679096)	(39.0, 0.0018487136034509321)	(40.0, 0.004313665074718842)	(41.0, 0.004313665074718842)	(42.0, 0.008627330149437683)	(43.0, 0.00677861654598675)	(44.0, 0.02280080110922816)	(45.0, 0.08195963641965799)	(46.0, 2.0791865660144815)	(47.0, 24.17932521953474)	(48.0, 7.51070713295332)	(49.0, 2.3349252811585273)	(50.0, 6.387921737790787)	(51.0, 4.799876752426437)	(52.0, 0.5848097365583115)	(53.0, 6.3373902326297955)	(54.0, 32.96810969034047)	(55.0, 11.108920043136651)	(56.0, 0.7222307810814975)	(57.0, 0.2070559235865044)	(58.0, 0.10599291326452011)	(59.0, 0.21445077800030812)	(60.0, 0.10599291326452011)	(61.0, 0.07518101987367125)	(62.0, 0.01602218456324141)	(63.0, 0.004313665074718842)	(64.0, 0.0024649514712679096)	(65.0, 0.0006162378678169774)	(66.0, 0.02526575258049607)	(67.0, 0.06593745185641658)	(68.0, 0.019103373902326297)	(69.0, 0.004313665074718842)	(70.0, 0.0)	(71.0, 0.0)	(72.0, 0.0)	(73.0, 0.0006162378678169774)	(74.0, 0.0006162378678169774)	(75.0, 0.0)	(76.0, 0.0)	(77.0, 0.0)	(78.0, 0.0)	(79.0, 0.0)	(80.0, 0.0)	(81.0, 0.0)	(82.0, 0.0)	(83.0, 0.0)	(84.0, 0.0)	(85.0, 0.0)	(86.0, 0.0)	(87.0, 0.0)	(88.0, 0.0)	(89.0, 0.0)	(90.0, 0.0)	(91.0, 0.0)	(92.0, 0.0)	(93.0, 0.0)	(94.0, 0.0)	(95.0, 0.0)	(96.0, 0.0)	(97.0, 0.0)	(98.0, 0.0)	(99.0, 0.0)	(100.0, 0.0)
3909R_R_M_S2_week10_S54_L001_R2_001	(0.0, 0.0)	(1.0, 0.0)	(2.0, 0.0)	(3.0, 0.0)	(4.0, 0.0)	(5.0, 0.0)	(6.0, 0.0)	(7.0, 0.0)	(8.0, 0.0)	(9.0, 0.0)	(10.0, 0.0)	(11.0, 0.0006117704637220115)	(12.0, 0.0)	(13.0, 0.0)	(14.0, 0.0)	(15.0, 0.0)	(16.0, 0.0)	(17.0, 0.0)	(18.0, 0.0)	(19.0, 0.0)	(20.0, 0.0)	(21.0, 0.0)	(22.0, 0.0)	(23.0, 0.0)	(24.0, 0.0)	(25.0, 0.0)	(26.0, 0.0)	(27.0, 0.0)	(28.0, 0.0)	(29.0, 0.0)	(30.0, 0.0006117704637220115)	(31.0, 0.001223540927444023)	(32.0, 0.0006117704637220115)	(33.0, 0.0006117704637220115)	(34.0, 0.0006117704637220115)	(35.0, 0.0006117704637220115)	(36.0, 0.0)	(37.0, 0.001223540927444023)	(38.0, 0.0018353113911660345)	(39.0, 0.0018353113911660345)	(40.0, 0.0030588523186100575)	(41.0, 0.0055059341734981036)	(42.0, 0.00795301602838615)	(43.0, 0.008564786492108161)	(44.0, 0.026917900403768503)	(45.0, 0.04465924385170684)	(46.0, 0.10644806068763)	(47.0, 0.49981646886088343)	(48.0, 9.077450140707207)	(49.0, 21.123822341857334)	(50.0, 5.640523675516946)	(51.0, 1.0975162119172888)	(52.0, 3.3781965006729475)	(53.0, 8.545821607732778)	(54.0, 7.712590236143399)	(55.0, 5.288755658876789)	(56.0, 18.20261837758473)	(57.0, 13.904930869937598)	(58.0, 3.426526367306986)	(59.0, 0.8901260247155268)	(60.0, 0.3303560504098862)	(61.0, 0.18230759818915943)	(62.0, 0.13397773155512052)	(63.0, 0.08625963538480362)	(64.0, 0.05444757127125902)	(65.0, 0.034870916432154654)	(66.0, 0.02447081854888046)	(67.0, 0.045882784779150865)	(68.0, 0.05138871895264897)	(69.0, 0.022023736693992414)	(70.0, 0.010400097883274196)	(71.0, 0.006117704637220115)	(72.0, 0.0030588523186100575)	(73.0, 0.003670622782332069)	(74.0, 0.002447081854888046)	(75.0, 0.0)	(76.0, 0.0006117704637220115)	(77.0, 0.0006117704637220115)	(78.0, 0.0006117704637220115)	(79.0, 0.0006117704637220115)	(80.0, 0.0)	(81.0, 0.0)	(82.0, 0.0018353113911660345)	(83.0, 0.0006117704637220115)	(84.0, 0.0006117704637220115)	(85.0, 0.0)	(86.0, 0.0)	(87.0, 0.0)	(88.0, 0.0)	(89.0, 0.0)	(90.0, 0.0)	(91.0, 0.0)	(92.0, 0.0)	(93.0, 0.0)	(94.0, 0.0)	(95.0, 0.0006117704637220115)	(96.0, 0.0006117704637220115)	(97.0, 0.0)	(98.0, 0.0)	(99.0, 0.0)	(100.0, 0.0)
3974R_0_M_NS1_week10_S79_L001_R1_001	(0.0, 0.0)	(1.0, 0.0)	(2.0, 0.0)	(3.0, 0.0)	(4.0, 0.0)	(5.0, 0.0)	(6.0, 0.0)	(7.0, 0.0)	(8.0, 0.0)	(9.0, 0.0)	(10.0, 0.0)	(11.0, 0.0)	(12.0, 0.0)	(13.0, 0.0)	(14.0, 0.0)	(15.0, 0.0)	(16.0, 0.0)	(17.0, 0.0)	(18.0, 0.0)	(19.0, 0.0)	(20.0, 0.0)	(21.0, 0.0)	(22.0, 0.0)	(23.0, 0.0)	(24.0, 0.0)	(25.0, 0.0)	(26.0, 0.0)	(27.0, 0.0)	(28.0, 0.0006837840609935382)	(29.0, 0.0006837840609935382)	(30.0, 0.0)	(31.0, 0.0013675681219870765)	(32.0, 0.002051352182980615)	(33.0, 0.0013675681219870765)	(34.0, 0.00410270436596123)	(35.0, 0.0034189203049676915)	(36.0, 0.004786488426954768)	(37.0, 0.013675681219870766)	(38.0, 0.013675681219870766)	(39.0, 0.014359465280864304)	(40.0, 0.014359465280864304)	(41.0, 0.02256487401278676)	(42.0, 0.01641081746384492)	(43.0, 0.025300010256760916)	(44.0, 0.037608123354644606)	(45.0, 0.07042975828233444)	(46.0, 0.6913056856644672)	(47.0, 12.425723956374576)	(48.0, 14.23091387739752)	(49.0, 18.766453553967658)	(50.0, 4.597764026120551)	(51.0, 1.8831413039762042)	(52.0, 0.5825840199664946)	(53.0, 5.058634483230196)	(54.0, 29.181168586960236)	(55.0, 10.765496256282265)	(56.0, 0.5490786009778112)	(57.0, 0.17641628773633286)	(58.0, 0.09231084823412766)	(59.0, 0.25163253444562206)	(60.0, 0.10325139321002427)	(61.0, 0.053335156757495984)	(62.0, 0.021881089951793223)	(63.0, 0.007521624670928921)	(64.0, 0.0034189203049676915)	(65.0, 0.006837840609935383)	(66.0, 0.04581353208656706)	(67.0, 0.1982973776881261)	(68.0, 0.049916236452528295)	(69.0, 0.007521624670928921)	(70.0, 0.002051352182980615)	(71.0, 0.0006837840609935382)	(72.0, 0.0)	(73.0, 0.0)	(74.0, 0.0)	(75.0, 0.0)	(76.0, 0.0)	(77.0, 0.0)	(78.0, 0.0)	(79.0, 0.0)	(80.0, 0.0)	(81.0, 0.0)	(82.0, 0.0)	(83.0, 0.0)	(84.0, 0.0)	(85.0, 0.0)	(86.0, 0.0)	(87.0, 0.0)	(88.0, 0.0)	(89.0, 0.0)	(90.0, 0.0)	(91.0, 0.0)	(92.0, 0.0)	(93.0, 0.0)	(94.0, 0.0)	(95.0, 0.0)	(96.0, 0.0)	(97.0, 0.0)	(98.0, 0.0)	(99.0, 0.0)	(100.0, 0.0)
3974R_0_M_NS1_week10_S79_L001_R2_001	(0.0, 0.0)	(1.0, 0.0)	(2.0, 0.0)	(3.0, 0.0)	(4.0, 0.0)	(5.0, 0.0)	(6.0, 0.0)	(7.0, 0.0)	(8.0, 0.0)	(9.0, 0.0)	(10.0, 0.0)	(11.0, 0.0)	(12.0, 0.0)	(13.0, 0.0)	(14.0, 0.0)	(15.0, 0.0)	(16.0, 0.0)	(17.0, 0.0)	(18.0, 0.0)	(19.0, 0.0)	(20.0, 0.0)	(21.0, 0.0)	(22.0, 0.0)	(23.0, 0.0)	(24.0, 0.0)	(25.0, 0.0)	(26.0, 0.0)	(27.0, 0.0006709608158883521)	(28.0, 0.0)	(29.0, 0.0)	(30.0, 0.0)	(31.0, 0.0)	(32.0, 0.0)	(33.0, 0.0)	(34.0, 0.0)	(35.0, 0.0)	(36.0, 0.0)	(37.0, 0.0)	(38.0, 0.0)	(39.0, 0.0006709608158883521)	(40.0, 0.004025764895330113)	(41.0, 0.0053676865271068165)	(42.0, 0.011406333870101986)	(43.0, 0.014761137949543746)	(44.0, 0.032877079978529254)	(45.0, 0.042270531400966184)	(46.0, 0.09125067096081589)	(47.0, 0.3522544283413849)	(48.0, 4.935587761674718)	(49.0, 12.795893719806765)	(50.0, 15.519994632313471)	(51.0, 12.742887815351583)	(52.0, 4.159286097691895)	(53.0, 6.675389157273215)	(54.0, 6.242619431025228)	(55.0, 4.319645732689211)	(56.0, 14.186795491143316)	(57.0, 12.156468062265164)	(58.0, 3.5299248523886204)	(59.0, 0.9809447128287707)	(60.0, 0.32608695652173914)	(61.0, 0.17981749865807836)	(62.0, 0.12949543746645195)	(63.0, 0.07783145464304884)	(64.0, 0.04830917874396135)	(65.0, 0.03958668813741278)	(66.0, 0.032877079978529254)	(67.0, 0.08655394524959742)	(68.0, 0.1442565754159957)	(69.0, 0.0758185721953838)	(70.0, 0.028851315083199144)	(71.0, 0.010064412238325281)	(72.0, 0.0067096081588835215)	(73.0, 0.0033548040794417608)	(74.0, 0.0006709608158883521)	(75.0, 0.0006709608158883521)	(76.0, 0.0013419216317767041)	(77.0, 0.0006709608158883521)	(78.0, 0.0006709608158883521)	(79.0, 0.0006709608158883521)	(80.0, 0.0)	(81.0, 0.0)	(82.0, 0.0013419216317767041)	(83.0, 0.0013419216317767041)	(84.0, 0.0006709608158883521)	(85.0, 0.0)	(86.0, 0.0006709608158883521)	(87.0, 0.0006709608158883521)	(88.0, 0.0)	(89.0, 0.0)	(90.0, 0.0)	(91.0, 0.0)	(92.0, 0.0)	(93.0, 0.0)	(94.0, 0.0)	(95.0, 0.0)	(96.0, 0.0)	(97.0, 0.0)	(98.0, 0.0)	(99.0, 0.0)	(100.0, 0.0)
3974R_L_M_NS1_week10_S80_L001_R1_001	(0.0, 0.0)	(1.0, 0.0)	(2.0, 0.0)	(3.0, 0.0)	(4.0, 0.0)	(5.0, 0.0)	(6.0, 0.0)	(7.0, 0.0)	(8.0, 0.0)	(9.0, 0.0)	(10.0, 0.0)	(11.0, 0.0)	(12.0, 0.0)	(13.0, 0.0)	(14.0, 0.0)	(15.0, 0.0)	(16.0, 0.0)	(17.0, 0.0)	(18.0, 0.0)	(19.0, 0.0)	(20.0, 0.0)	(21.0, 0.0)	(22.0, 0.0)	(23.0, 0.0)	(24.0, 0.0)	(25.0, 0.0)	(26.0, 0.0)	(27.0, 0.0)	(28.0, 0.0)	(29.0, 0.0)	(30.0, 0.0)	(31.0, 0.0)	(32.0, 0.0)	(33.0, 0.0)	(34.0, 0.0)	(35.0, 0.0006387001175208216)	(36.0, 0.0006387001175208216)	(37.0, 0.0)	(38.0, 0.0)	(39.0, 0.0006387001175208216)	(40.0, 0.001916100352562465)	(41.0, 0.0012774002350416432)	(42.0, 0.001916100352562465)	(43.0, 0.005109600940166573)	(44.0, 0.00766440141024986)	(45.0, 0.03896070716877012)	(46.0, 0.7568596392621736)	(47.0, 14.491466966429922)	(48.0, 14.16509120637678)	(49.0, 17.175284860252415)	(50.0, 5.367635787644985)	(51.0, 2.437918348576976)	(52.0, 0.5058504930764907)	(53.0, 4.739793572122018)	(54.0, 28.34295641510398)	(55.0, 10.436998620407746)	(56.0, 0.5077665934290532)	(57.0, 0.17500383220070512)	(58.0, 0.08175361504266516)	(59.0, 0.28230545194420315)	(60.0, 0.12518522303408103)	(61.0, 0.05684431045935313)	(62.0, 0.017883603290583007)	(63.0, 0.00383220070512493)	(64.0, 0.001916100352562465)	(65.0, 0.004470900822645752)	(66.0, 0.04981860916662409)	(67.0, 0.1622298298502887)	(68.0, 0.04343160799141587)	(69.0, 0.006387001175208216)	(70.0, 0.0)	(71.0, 0.0006387001175208216)	(72.0, 0.0012774002350416432)	(73.0, 0.0006387001175208216)	(74.0, 0.0)	(75.0, 0.0)	(76.0, 0.0)	(77.0, 0.0)	(78.0, 0.0)	(79.0, 0.0)	(80.0, 0.0)	(81.0, 0.0)	(82.0, 0.0)	(83.0, 0.0)	(84.0, 0.0)	(85.0, 0.0)	(86.0, 0.0)	(87.0, 0.0)	(88.0, 0.0)	(89.0, 0.0)	(90.0, 0.0)	(91.0, 0.0)	(92.0, 0.0)	(93.0, 0.0)	(94.0, 0.0)	(95.0, 0.0)	(96.0, 0.0)	(97.0, 0.0)	(98.0, 0.0)	(99.0, 0.0)	(100.0, 0.0)
3974R_L_M_NS1_week10_S80_L001_R2_001	(0.0, 0.0)	(1.0, 0.0)	(2.0, 0.0)	(3.0, 0.0)	(4.0, 0.0)	(5.0, 0.0)	(6.0, 0.0)	(7.0, 0.0)	(8.0, 0.0)	(9.0, 0.0)	(10.0, 0.0)	(11.0, 0.0)	(12.0, 0.0)	(13.0, 0.0)	(14.0, 0.0)	(15.0, 0.0)	(16.0, 0.0)	(17.0, 0.0006302190011028833)	(18.0, 0.0)	(19.0, 0.0)	(20.0, 0.0)	(21.0, 0.0)	(22.0, 0.0)	(23.0, 0.0)	(24.0, 0.0)	(25.0, 0.0)	(26.0, 0.0)	(27.0, 0.0)	(28.0, 0.0)	(29.0, 0.0)	(30.0, 0.0)	(31.0, 0.0006302190011028833)	(32.0, 0.0012604380022057666)	(33.0, 0.0006302190011028833)	(34.0, 0.0012604380022057666)	(35.0, 0.0006302190011028833)	(36.0, 0.0)	(37.0, 0.0)	(38.0, 0.0)	(39.0, 0.003781314006617299)	(40.0, 0.0018906570033086496)	(41.0, 0.0018906570033086496)	(42.0, 0.006932409012131716)	(43.0, 0.01575547502757208)	(44.0, 0.02709941704742398)	(45.0, 0.03907357806837876)	(46.0, 0.09579328816763825)	(47.0, 0.34283913659996845)	(48.0, 5.38144005041752)	(49.0, 13.641720497873012)	(50.0, 15.667874586418781)	(51.0, 11.60863400031511)	(52.0, 3.920592405861037)	(53.0, 6.983456751221049)	(54.0, 7.106349456436112)	(55.0, 4.495352134866866)	(56.0, 13.46021742555538)	(57.0, 11.693713565464)	(58.0, 3.362218370883882)	(59.0, 0.9686466046951315)	(60.0, 0.33338585158342526)	(61.0, 0.17646132030880732)	(62.0, 0.12100204821175357)	(63.0, 0.08949109815660942)	(64.0, 0.05671971009925949)	(65.0, 0.04033401607058453)	(66.0, 0.03844335906727588)	(67.0, 0.06491255711359697)	(68.0, 0.11280920119741611)	(69.0, 0.05924058610367103)	(70.0, 0.034031826059555695)	(71.0, 0.022057665038600915)	(72.0, 0.006932409012131716)	(73.0, 0.004411533007720183)	(74.0, 0.0006302190011028833)	(75.0, 0.0012604380022057666)	(76.0, 0.0006302190011028833)	(77.0, 0.0006302190011028833)	(78.0, 0.0012604380022057666)	(79.0, 0.0012604380022057666)	(80.0, 0.0)	(81.0, 0.0)	(82.0, 0.0)	(83.0, 0.0)	(84.0, 0.0006302190011028833)	(85.0, 0.0012604380022057666)	(86.0, 0.0)	(87.0, 0.0006302190011028833)	(88.0, 0.0012604380022057666)	(89.0, 0.0)	(90.0, 0.0)	(91.0, 0.0)	(92.0, 0.0)	(93.0, 0.0)	(94.0, 0.0)	(95.0, 0.0)	(96.0, 0.0)	(97.0, 0.0)	(98.0, 0.0)	(99.0, 0.0)	(100.0, 0.0)
Positive_control_S89_L001_R1_001	(0.0, 0.0)	(1.0, 0.0)	(2.0, 0.0)	(3.0, 0.0)	(4.0, 0.0)	(5.0, 0.0)	(6.0, 0.0)	(7.0, 0.0)	(8.0, 0.0)	(9.0, 0.0)	(10.0, 0.0)	(11.0, 0.0)	(12.0, 0.0)	(13.0, 0.0)	(14.0, 0.0)	(15.0, 0.0)	(16.0, 0.0)	(17.0, 0.0)	(18.0, 0.0)	(19.0, 0.0)	(20.0, 0.0)	(21.0, 0.0)	(22.0, 0.0)	(23.0, 0.0)	(24.0, 0.0)	(25.0, 0.0)	(26.0, 0.0)	(27.0, 0.0)	(28.0, 0.0)	(29.0, 0.0)	(30.0, 0.0)	(31.0, 0.0)	(32.0, 0.0010269840047241264)	(33.0, 0.0005134920023620632)	(34.0, 0.002567460011810316)	(35.0, 0.003080952014172379)	(36.0, 0.0005134920023620632)	(37.0, 0.003080952014172379)	(38.0, 0.0097563480448792)	(39.0, 0.007188888033068885)	(40.0, 0.013864284063775706)	(41.0, 0.01591825207322396)	(42.0, 0.01591825207322396)	(43.0, 0.016945236077948088)	(44.0, 0.016945236077948088)	(45.0, 0.024647616113379033)	(46.0, 0.032349996148809984)	(47.0, 0.04570078821022362)	(48.0, 0.06521348429998203)	(49.0, 0.19872140491411847)	(50.0, 6.320059565072274)	(51.0, 8.097768877249736)	(52.0, 15.235307710082417)	(53.0, 18.034866106960383)	(54.0, 15.104367249480088)	(55.0, 16.103622686076665)	(56.0, 17.06796066651262)	(57.0, 3.0835194741841896)	(58.0, 0.32195948548101366)	(59.0, 0.10013094046060234)	(60.0, 0.03799840817479268)	(61.0, 0.010783332049603328)	(62.0, 0.005648412025982695)	(63.0, 0.0005134920023620632)	(64.0, 0.0005134920023620632)	(65.0, 0.0)	(66.0, 0.0)	(67.0, 0.0)	(68.0, 0.0)	(69.0, 0.0)	(70.0, 0.0)	(71.0, 0.0)	(72.0, 0.0005134920023620632)	(73.0, 0.0005134920023620632)	(74.0, 0.0)	(75.0, 0.0)	(76.0, 0.0)	(77.0, 0.0)	(78.0, 0.0)	(79.0, 0.0)	(80.0, 0.0)	(81.0, 0.0)	(82.0, 0.0)	(83.0, 0.0)	(84.0, 0.0)	(85.0, 0.0)	(86.0, 0.0)	(87.0, 0.0)	(88.0, 0.0)	(89.0, 0.0)	(90.0, 0.0)	(91.0, 0.0)	(92.0, 0.0)	(93.0, 0.0)	(94.0, 0.0)	(95.0, 0.0)	(96.0, 0.0)	(97.0, 0.0)	(98.0, 0.0)	(99.0, 0.0)	(100.0, 0.0)
Positive_control_S89_L001_R2_001	(0.0, 0.0)	(1.0, 0.0)	(2.0, 0.0)	(3.0, 0.0)	(4.0, 0.0)	(5.0, 0.0)	(6.0, 0.0)	(7.0, 0.0)	(8.0, 0.0)	(9.0, 0.0)	(10.0, 0.0)	(11.0, 0.0)	(12.0, 0.0)	(13.0, 0.0)	(14.0, 0.0)	(15.0, 0.0)	(16.0, 0.0)	(17.0, 0.0)	(18.0, 0.0005186291594058585)	(19.0, 0.0)	(20.0, 0.0)	(21.0, 0.0)	(22.0, 0.0)	(23.0, 0.0)	(24.0, 0.0)	(25.0, 0.0)	(26.0, 0.0)	(27.0, 0.0)	(28.0, 0.0)	(29.0, 0.0)	(30.0, 0.0)	(31.0, 0.0005186291594058585)	(32.0, 0.0)	(33.0, 0.0)	(34.0, 0.0005186291594058585)	(35.0, 0.001037258318811717)	(36.0, 0.0)	(37.0, 0.0)	(38.0, 0.001037258318811717)	(39.0, 0.0)	(40.0, 0.0)	(41.0, 0.0)	(42.0, 0.0005186291594058585)	(43.0, 0.0015558874782175753)	(44.0, 0.0051862915940585844)	(45.0, 0.0051862915940585844)	(46.0, 0.006742179072276159)	(47.0, 0.015558874782175752)	(48.0, 0.03578541199900423)	(49.0, 0.08142477802671978)	(50.0, 0.4299435731474567)	(51.0, 8.437059165214505)	(52.0, 15.682308522114347)	(53.0, 5.968902995602025)	(54.0, 7.135818604265206)	(55.0, 17.13706331424778)	(56.0, 24.160339390921916)	(57.0, 14.885175504107542)	(58.0, 4.242386523939922)	(59.0, 0.9247157912206455)	(60.0, 0.3127333831217326)	(61.0, 0.15818189361878682)	(62.0, 0.12032196498215916)	(63.0, 0.08142477802671978)	(64.0, 0.05912372417226786)	(65.0, 0.03526678283959837)	(66.0, 0.021263795535640194)	(67.0, 0.015040245622769895)	(68.0, 0.007779437391087876)	(69.0, 0.009335324869305453)	(70.0, 0.006742179072276159)	(71.0, 0.0046676624346527265)	(72.0, 0.0031117749564351506)	(73.0, 0.001037258318811717)	(74.0, 0.0005186291594058585)	(75.0, 0.0005186291594058585)	(76.0, 0.0005186291594058585)	(77.0, 0.0005186291594058585)	(78.0, 0.001037258318811717)	(79.0, 0.0)	(80.0, 0.0005186291594058585)	(81.0, 0.0005186291594058585)	(82.0, 0.0)	(83.0, 0.0)	(84.0, 0.0)	(85.0, 0.0)	(86.0, 0.0)	(87.0, 0.0005186291594058585)	(88.0, 0.0)	(89.0, 0.0)	(90.0, 0.0)	(91.0, 0.0)	(92.0, 0.0)	(93.0, 0.0)	(94.0, 0.0)	(95.0, 0.0)	(96.0, 0.0)	(97.0, 0.0)	(98.0, 0.0)	(99.0, 0.0)	(100.0, 0.0)
T1D_NS1_defined_mouse_inocula_S81_L001_R1_001	(0.0, 0.0)	(1.0, 0.0)	(2.0, 0.0)	(3.0, 0.0)	(4.0, 0.0)	(5.0, 0.0)	(6.0, 0.0)	(7.0, 0.0)	(8.0, 0.0)	(9.0, 0.0)	(10.0, 0.0)	(11.0, 0.0)	(12.0, 0.0)	(13.0, 0.0)	(14.0, 0.0)	(15.0, 0.0)	(16.0, 0.0)	(17.0, 0.0)	(18.0, 0.0)	(19.0, 0.0)	(20.0, 0.0)	(21.0, 0.0)	(22.0, 0.0)	(23.0, 0.0)	(24.0, 0.0)	(25.0, 0.0)	(26.0, 0.0)	(27.0, 0.0)	(28.0, 0.0)	(29.0, 0.0012708741072109397)	(30.0, 0.0019063111608164096)	(31.0, 0.0012708741072109397)	(32.0, 0.0)	(33.0, 0.0038126223216328192)	(34.0, 0.0031771852680273494)	(35.0, 0.005083496428843759)	(36.0, 0.006989807589660168)	(37.0, 0.005718933482449229)	(38.0, 0.010166992857687518)	(39.0, 0.006989807589660168)	(40.0, 0.012073304018503928)	(41.0, 0.012073304018503928)	(42.0, 0.017792237500953156)	(43.0, 0.019063111608164096)	(44.0, 0.022240296876191445)	(45.0, 0.04892865312762117)	(46.0, 0.38316854332409833)	(47.0, 7.481635869150802)	(48.0, 10.44722059832753)	(49.0, 9.38667615586)	(50.0, 6.888137661083293)	(51.0, 4.384515669877742)	(52.0, 2.032763134483898)	(53.0, 10.42879292377297)	(54.0, 28.330325597946267)	(55.0, 16.412068220522073)	(56.0, 1.0071677299646697)	(57.0, 0.3170830897491294)	(58.0, 0.24210151742368402)	(59.0, 0.991281803624533)	(60.0, 0.38380398037770375)	(61.0, 0.1073888620593244)	(62.0, 0.04511603080598836)	(63.0, 0.019063111608164096)	(64.0, 0.008260681696871108)	(65.0, 0.0038126223216328192)	(66.0, 0.09277380982639859)	(67.0, 0.3285209567140279)	(68.0, 0.08641943929034389)	(69.0, 0.010802429911292986)	(70.0, 0.0025417482144218795)	(71.0, 0.0)	(72.0, 0.0)	(73.0, 0.0)	(74.0, 0.0)	(75.0, 0.0)	(76.0, 0.0)	(77.0, 0.0)	(78.0, 0.0)	(79.0, 0.0)	(80.0, 0.0)	(81.0, 0.0)	(82.0, 0.0)	(83.0, 0.0)	(84.0, 0.0)	(85.0, 0.0)	(86.0, 0.0)	(87.0, 0.0)	(88.0, 0.0)	(89.0, 0.0)	(90.0, 0.0)	(91.0, 0.0)	(92.0, 0.0)	(93.0, 0.0)	(94.0, 0.0)	(95.0, 0.0)	(96.0, 0.0)	(97.0, 0.0)	(98.0, 0.0)	(99.0, 0.0)	(100.0, 0.0)
T1D_NS1_defined_mouse_inocula_S81_L001_R2_001	(0.0, 0.0)	(1.0, 0.0)	(2.0, 0.0)	(3.0, 0.0)	(4.0, 0.0)	(5.0, 0.0)	(6.0, 0.0)	(7.0, 0.0)	(8.0, 0.0)	(9.0, 0.0)	(10.0, 0.0)	(11.0, 0.0)	(12.0, 0.0)	(13.0, 0.0)	(14.0, 0.0)	(15.0, 0.0)	(16.0, 0.0)	(17.0, 0.0)	(18.0, 0.0006452778566450714)	(19.0, 0.0)	(20.0, 0.0)	(21.0, 0.0)	(22.0, 0.0)	(23.0, 0.0)	(24.0, 0.0)	(25.0, 0.0)	(26.0, 0.0006452778566450714)	(27.0, 0.0)	(28.0, 0.0)	(29.0, 0.0)	(30.0, 0.0)	(31.0, 0.0)	(32.0, 0.0)	(33.0, 0.0)	(34.0, 0.0)	(35.0, 0.0)	(36.0, 0.0)	(37.0, 0.0006452778566450714)	(38.0, 0.0012905557132901428)	(39.0, 0.0012905557132901428)	(40.0, 0.003871667139870428)	(41.0, 0.003226389283225357)	(42.0, 0.007098056423095786)	(43.0, 0.007098056423095786)	(44.0, 0.008388612136385927)	(45.0, 0.02387528069586764)	(46.0, 0.07098056423095786)	(47.0, 0.26649975479441446)	(48.0, 3.497405983016287)	(49.0, 12.523552641767546)	(50.0, 11.449810288310145)	(51.0, 4.8260330898484884)	(52.0, 6.836718891154531)	(53.0, 14.560694835196037)	(54.0, 12.828123790104017)	(55.0, 6.286296879436286)	(56.0, 12.410629016854656)	(57.0, 9.492682549105645)	(58.0, 2.330098340345353)	(59.0, 1.0627726298944324)	(60.0, 0.38652143613039774)	(61.0, 0.1916475234235862)	(62.0, 0.14260640631856078)	(63.0, 0.07549750922747335)	(64.0, 0.048395839248380354)	(65.0, 0.040652504968639494)	(66.0, 0.045814727821800065)	(67.0, 0.1516402963115918)	(68.0, 0.2142322484061637)	(69.0, 0.1284102934723692)	(70.0, 0.04129778282528457)	(71.0, 0.012905557132901428)	(72.0, 0.005162222853160571)	(73.0, 0.006452778566450714)	(74.0, 0.0025811114265802855)	(75.0, 0.0)	(76.0, 0.0012905557132901428)	(77.0, 0.0012905557132901428)	(78.0, 0.0006452778566450714)	(79.0, 0.0)	(80.0, 0.0006452778566450714)	(81.0, 0.0)	(82.0, 0.0006452778566450714)	(83.0, 0.0006452778566450714)	(84.0, 0.0)	(85.0, 0.0006452778566450714)	(86.0, 0.0)	(87.0, 0.0)	(88.0, 0.0)	(89.0, 0.0)	(90.0, 0.0)	(91.0, 0.0)	(92.0, 0.0)	(93.0, 0.0)	(94.0, 0.0)	(95.0, 0.0)	(96.0, 0.0)	(97.0, 0.0)	(98.0, 0.0)	(99.0, 0.0)	(100.0, 0.0)
T1D_NS6_defined_mouse_inocula_S82_L001_R1_001	(0.0, 0.0)	(1.0, 0.0)	(2.0, 0.0)	(3.0, 0.0)	(4.0, 0.0)	(5.0, 0.0)	(6.0, 0.0)	(7.0, 0.0)	(8.0, 0.0)	(9.0, 0.0)	(10.0, 0.0)	(11.0, 0.0)	(12.0, 0.0)	(13.0, 0.0)	(14.0, 0.0)	(15.0, 0.0)	(16.0, 0.0)	(17.0, 0.0)	(18.0, 0.0)	(19.0, 0.0)	(20.0, 0.0)	(21.0, 0.0)	(22.0, 0.0)	(23.0, 0.0)	(24.0, 0.0)	(25.0, 0.0)	(26.0, 0.0)	(27.0, 0.0)	(28.0, 0.0)	(29.0, 0.0)	(30.0, 0.0)	(31.0, 0.0)	(32.0, 0.0)	(33.0, 0.0)	(34.0, 0.0)	(35.0, 0.0)	(36.0, 0.0007003242501278092)	(37.0, 0.0007003242501278092)	(38.0, 0.0007003242501278092)	(39.0, 0.0021009727503834277)	(40.0, 0.0014006485002556184)	(41.0, 0.002801297000511237)	(42.0, 0.0021009727503834277)	(43.0, 0.005602594001022474)	(44.0, 0.015407133502811803)	(45.0, 0.04762204900869103)	(46.0, 1.8236443473328152)	(47.0, 5.272741279212275)	(48.0, 11.777352914399367)	(49.0, 11.352256094571787)	(50.0, 7.450049372859634)	(51.0, 5.300754249217388)	(52.0, 1.4391663340126477)	(53.0, 12.927985657359356)	(54.0, 26.372810611313035)	(55.0, 12.666764712061685)	(56.0, 0.9748513561779104)	(57.0, 0.29973877905470236)	(58.0, 0.14146549852581744)	(59.0, 0.2668235392986953)	(60.0, 0.5854710731068484)	(61.0, 0.9279296314193471)	(62.0, 0.16107457752939613)	(63.0, 0.021009727503834275)	(64.0, 0.003501621250639046)	(65.0, 0.002801297000511237)	(66.0, 0.026612321504856748)	(67.0, 0.10154701626853233)	(68.0, 0.018908754753450847)	(69.0, 0.004201945500766855)	(70.0, 0.0007003242501278092)	(71.0, 0.0007003242501278092)	(72.0, 0.0)	(73.0, 0.0)	(74.0, 0.0)	(75.0, 0.0)	(76.0, 0.0)	(77.0, 0.0)	(78.0, 0.0)	(79.0, 0.0)	(80.0, 0.0)	(81.0, 0.0)	(82.0, 0.0)	(83.0, 0.0)	(84.0, 0.0)	(85.0, 0.0)	(86.0, 0.0)	(87.0, 0.0)	(88.0, 0.0)	(89.0, 0.0)	(90.0, 0.0)	(91.0, 0.0)	(92.0, 0.0)	(93.0, 0.0)	(94.0, 0.0)	(95.0, 0.0)	(96.0, 0.0)	(97.0, 0.0)	(98.0, 0.0)	(99.0, 0.0)	(100.0, 0.0)
T1D_NS6_defined_mouse_inocula_S82_L001_R2_001	(0.0, 0.0)	(1.0, 0.0)	(2.0, 0.0)	(3.0, 0.0)	(4.0, 0.0)	(5.0, 0.0)	(6.0, 0.0)	(7.0, 0.0)	(8.0, 0.0)	(9.0, 0.0)	(10.0, 0.0)	(11.0, 0.0)	(12.0, 0.0)	(13.0, 0.0)	(14.0, 0.0)	(15.0, 0.0)	(16.0, 0.0)	(17.0, 0.0)	(18.0, 0.0007104190051292252)	(19.0, 0.0007104190051292252)	(20.0, 0.0007104190051292252)	(21.0, 0.0)	(22.0, 0.0)	(23.0, 0.0)	(24.0, 0.0)	(25.0, 0.0)	(26.0, 0.0)	(27.0, 0.0)	(28.0, 0.0)	(29.0, 0.0)	(30.0, 0.0)	(31.0, 0.0)	(32.0, 0.0)	(33.0, 0.0007104190051292252)	(34.0, 0.0)	(35.0, 0.0007104190051292252)	(36.0, 0.0007104190051292252)	(37.0, 0.0014208380102584503)	(38.0, 0.0007104190051292252)	(39.0, 0.0)	(40.0, 0.0014208380102584503)	(41.0, 0.004262514030775351)	(42.0, 0.0028416760205169007)	(43.0, 0.0071041900512922515)	(44.0, 0.01349796109745528)	(45.0, 0.024864665179522884)	(46.0, 0.06251687245137182)	(47.0, 0.2678279649337179)	(48.0, 3.3922507494920504)	(49.0, 14.736221423395518)	(50.0, 15.27613986729373)	(51.0, 5.657776956849149)	(52.0, 7.455137039826089)	(53.0, 14.9180886887086)	(54.0, 12.603543569997585)	(55.0, 7.597220840851934)	(56.0, 7.815319475426606)	(57.0, 5.848879669228911)	(58.0, 1.5217175089868005)	(59.0, 0.7054460720933207)	(60.0, 0.3182677142978929)	(61.0, 0.3481053125133204)	(62.0, 0.5441809579289865)	(63.0, 0.3488157315184496)	(64.0, 0.18399852232846933)	(65.0, 0.0902232136514116)	(66.0, 0.043335559312882736)	(67.0, 0.05115016836930421)	(68.0, 0.07104190051292252)	(69.0, 0.04830849234878731)	(70.0, 0.01633963711797218)	(71.0, 0.004262514030775351)	(72.0, 0.0028416760205169007)	(73.0, 0.0014208380102584503)	(74.0, 0.0007104190051292252)	(75.0, 0.0)	(76.0, 0.0007104190051292252)	(77.0, 0.0021312570153876756)	(78.0, 0.0)	(79.0, 0.0007104190051292252)	(80.0, 0.0007104190051292252)	(81.0, 0.0)	(82.0, 0.0)	(83.0, 0.0007104190051292252)	(84.0, 0.0007104190051292252)	(85.0, 0.0)	(86.0, 0.0)	(87.0, 0.0)	(88.0, 0.0)	(89.0, 0.0007104190051292252)	(90.0, 0.0007104190051292252)	(91.0, 0.0)	(92.0, 0.0)	(93.0, 0.0)	(94.0, 0.0007104190051292252)	(95.0, 0.0007104190051292252)	(96.0, 0.0)	(97.0, 0.0)	(98.0, 0.0)	(99.0, 0.0)	(100.0, 0.0)
T1D_S2_defined_mouse_inocula_S83_L001_R1_001	(0.0, 0.0)	(1.0, 0.0)	(2.0, 0.0)	(3.0, 0.0)	(4.0, 0.0)	(5.0, 0.0)	(6.0, 0.0)	(7.0, 0.0)	(8.0, 0.0)	(9.0, 0.0)	(10.0, 0.0)	(11.0, 0.0)	(12.0, 0.0)	(13.0, 0.0)	(14.0, 0.0)	(15.0, 0.0)	(16.0, 0.0)	(17.0, 0.0)	(18.0, 0.0)	(19.0, 0.0)	(20.0, 0.0)	(21.0, 0.0)	(22.0, 0.0)	(23.0, 0.0)	(24.0, 0.0)	(25.0, 0.0)	(26.0, 0.0)	(27.0, 0.0)	(28.0, 0.0)	(29.0, 0.0)	(30.0, 0.0)	(31.0, 0.0006739225662971324)	(32.0, 0.0006739225662971324)	(33.0, 0.0026956902651885297)	(34.0, 0.0020217676988913973)	(35.0, 0.0013478451325942649)	(36.0, 0.0040435353977827946)	(37.0, 0.005391380530377059)	(38.0, 0.006065303096674192)	(39.0, 0.008087070795565589)	(40.0, 0.003369612831485662)	(41.0, 0.010108838494456986)	(42.0, 0.01415237389223978)	(43.0, 0.014826296458536914)	(44.0, 0.023587289820399635)	(45.0, 0.05728341813525625)	(46.0, 1.322236075074974)	(47.0, 13.959632038278802)	(48.0, 3.959295076995653)	(49.0, 1.699632712201368)	(50.0, 5.224921656501668)	(51.0, 6.062607406409003)	(52.0, 5.150116251642686)	(53.0, 14.058698655524479)	(54.0, 26.774943558985072)	(55.0, 15.925464164167538)	(56.0, 2.017724163493615)	(57.0, 0.3369612831485662)	(58.0, 0.157697880513529)	(59.0, 0.26215587828958453)	(60.0, 0.6685311857667554)	(61.0, 1.8398086059911716)	(62.0, 0.2473295818310476)	(63.0, 0.03639181858004516)	(64.0, 0.012804528759645517)	(65.0, 0.0040435353977827946)	(66.0, 0.026956902651885297)	(67.0, 0.08019678538935877)	(68.0, 0.012804528759645517)	(69.0, 0.0040435353977827946)	(70.0, 0.0006739225662971324)	(71.0, 0.0)	(72.0, 0.0)	(73.0, 0.0)	(74.0, 0.0)	(75.0, 0.0)	(76.0, 0.0)	(77.0, 0.0)	(78.0, 0.0)	(79.0, 0.0)	(80.0, 0.0)	(81.0, 0.0)	(82.0, 0.0)	(83.0, 0.0)	(84.0, 0.0)	(85.0, 0.0)	(86.0, 0.0)	(87.0, 0.0)	(88.0, 0.0)	(89.0, 0.0)	(90.0, 0.0)	(91.0, 0.0)	(92.0, 0.0)	(93.0, 0.0)	(94.0, 0.0)	(95.0, 0.0)	(96.0, 0.0)	(97.0, 0.0)	(98.0, 0.0)	(99.0, 0.0)	(100.0, 0.0)
T1D_S2_defined_mouse_inocula_S83_L001_R2_001	(0.0, 0.0)	(1.0, 0.0)	(2.0, 0.0)	(3.0, 0.0)	(4.0, 0.0)	(5.0, 0.0)	(6.0, 0.0)	(7.0, 0.0)	(8.0, 0.0)	(9.0, 0.0)	(10.0, 0.0)	(11.0, 0.0)	(12.0, 0.0)	(13.0, 0.0)	(14.0, 0.0)	(15.0, 0.0)	(16.0, 0.0)	(17.0, 0.0)	(18.0, 0.0)	(19.0, 0.0)	(20.0, 0.0)	(21.0, 0.0)	(22.0, 0.0)	(23.0, 0.0)	(24.0, 0.0)	(25.0, 0.0)	(26.0, 0.0)	(27.0, 0.0)	(28.0, 0.0)	(29.0, 0.0)	(30.0, 0.0)	(31.0, 0.0)	(32.0, 0.0)	(33.0, 0.0)	(34.0, 0.0)	(35.0, 0.0)	(36.0, 0.0006877011525871317)	(37.0, 0.0013754023051742634)	(38.0, 0.0013754023051742634)	(39.0, 0.0006877011525871317)	(40.0, 0.002063103457761395)	(41.0, 0.00412620691552279)	(42.0, 0.0068770115258713176)	(43.0, 0.006189310373284186)	(44.0, 0.013066321899155502)	(45.0, 0.025444942645723872)	(46.0, 0.0563914945121448)	(47.0, 0.2812697714081369)	(48.0, 5.566940830192832)	(49.0, 12.632382471873022)	(50.0, 3.894451627100927)	(51.0, 2.9392347261574012)	(52.0, 9.541853492146453)	(53.0, 15.92990949852832)	(54.0, 16.063323522130226)	(55.0, 8.052980496795312)	(56.0, 11.899980744367728)	(57.0, 7.4636206090281405)	(58.0, 1.5060655241658185)	(59.0, 0.7544081643880836)	(60.0, 0.49033092179462495)	(61.0, 0.6980166698759388)	(62.0, 0.9579677055538746)	(63.0, 0.5632272439688609)	(64.0, 0.2798943691029626)	(65.0, 0.11209528787170246)	(66.0, 0.049514482986273485)	(67.0, 0.062580804885429)	(68.0, 0.06533160949577752)	(69.0, 0.037135862239705116)	(70.0, 0.019255632272439687)	(71.0, 0.0068770115258713176)	(72.0, 0.0013754023051742634)	(73.0, 0.00412620691552279)	(74.0, 0.002063103457761395)	(75.0, 0.0013754023051742634)	(76.0, 0.0)	(77.0, 0.0)	(78.0, 0.0)	(79.0, 0.0)	(80.0, 0.0)	(81.0, 0.0)	(82.0, 0.0006877011525871317)	(83.0, 0.0)	(84.0, 0.0)	(85.0, 0.0)	(86.0, 0.0006877011525871317)	(87.0, 0.0006877011525871317)	(88.0, 0.0)	(89.0, 0.0)	(90.0, 0.0006877011525871317)	(91.0, 0.0006877011525871317)	(92.0, 0.0)	(93.0, 0.0006877011525871317)	(94.0, 0.0)	(95.0, 0.0)	(96.0, 0.0)	(97.0, 0.0)	(98.0, 0.0)	(99.0, 0.0)	(100.0, 0.0)
T1D_S5_defined_mouse_inocula_S84_L001_R1_001	(0.0, 0.0)	(1.0, 0.0)	(2.0, 0.0)	(3.0, 0.0)	(4.0, 0.0)	(5.0, 0.0)	(6.0, 0.0)	(7.0, 0.0)	(8.0, 0.0)	(9.0, 0.0)	(10.0, 0.0)	(11.0, 0.0)	(12.0, 0.0)	(13.0, 0.0)	(14.0, 0.0)	(15.0, 0.0)	(16.0, 0.0)	(17.0, 0.0)	(18.0, 0.0)	(19.0, 0.0)	(20.0, 0.0)	(21.0, 0.0)	(22.0, 0.0)	(23.0, 0.0)	(24.0, 0.0)	(25.0, 0.0)	(26.0, 0.0)	(27.0, 0.0)	(28.0, 0.0)	(29.0, 0.0)	(30.0, 0.0)	(31.0, 0.0)	(32.0, 0.0)	(33.0, 0.0)	(34.0, 0.0)	(35.0, 0.0007476635514018692)	(36.0, 0.0)	(37.0, 0.0007476635514018692)	(38.0, 0.0)	(39.0, 0.0014953271028037385)	(40.0, 0.0014953271028037385)	(41.0, 0.0007476635514018692)	(42.0, 0.0014953271028037385)	(43.0, 0.0022429906542056075)	(44.0, 0.00822429906542056)	(45.0, 0.021682242990654205)	(46.0, 0.9562616822429907)	(47.0, 4.705046728971963)	(48.0, 0.6960747663551402)	(49.0, 2.3192523364485984)	(50.0, 10.377570093457944)	(51.0, 8.195140186915888)	(52.0, 3.140186915887851)	(53.0, 7.122242990654206)	(54.0, 27.703177570093455)	(55.0, 25.867663551401872)	(56.0, 3.98803738317757)	(57.0, 0.6728971962616822)	(58.0, 0.3147663551401869)	(59.0, 1.097570093457944)	(60.0, 1.5147663551401869)	(61.0, 0.7409345794392523)	(62.0, 0.1211214953271028)	(63.0, 0.02766355140186916)	(64.0, 0.007476635514018692)	(65.0, 0.007476635514018692)	(66.0, 0.07327102803738318)	(67.0, 0.24598130841121496)	(68.0, 0.053084112149532715)	(69.0, 0.00897196261682243)	(70.0, 0.002990654205607477)	(71.0, 0.0007476635514018692)	(72.0, 0.0007476635514018692)	(73.0, 0.0)	(74.0, 0.0)	(75.0, 0.0)	(76.0, 0.0)	(77.0, 0.0)	(78.0, 0.0)	(79.0, 0.0)	(80.0, 0.0)	(81.0, 0.0)	(82.0, 0.0)	(83.0, 0.0)	(84.0, 0.0)	(85.0, 0.0)	(86.0, 0.0)	(87.0, 0.0)	(88.0, 0.0)	(89.0, 0.0)	(90.0, 0.0)	(91.0, 0.0)	(92.0, 0.0)	(93.0, 0.0)	(94.0, 0.0)	(95.0, 0.0)	(96.0, 0.0)	(97.0, 0.0)	(98.0, 0.0)	(99.0, 0.0)	(100.0, 0.0)
T1D_S5_defined_mouse_inocula_S84_L001_R2_001	(0.0, 0.0)	(1.0, 0.0)	(2.0, 0.0)	(3.0, 0.0)	(4.0, 0.0)	(5.0, 0.0)	(6.0, 0.0)	(7.0, 0.0)	(8.0, 0.0007571054345028088)	(9.0, 0.0007571054345028088)	(10.0, 0.0)	(11.0, 0.0)	(12.0, 0.0)	(13.0, 0.0)	(14.0, 0.0)	(15.0, 0.0)	(16.0, 0.0007571054345028088)	(17.0, 0.0)	(18.0, 0.0)	(19.0, 0.0)	(20.0, 0.0)	(21.0, 0.0)	(22.0, 0.0)	(23.0, 0.0)	(24.0, 0.0)	(25.0, 0.0)	(26.0, 0.0007571054345028088)	(27.0, 0.0007571054345028088)	(28.0, 0.0)	(29.0, 0.0)	(30.0, 0.0)	(31.0, 0.0007571054345028088)	(32.0, 0.0007571054345028088)	(33.0, 0.0)	(34.0, 0.0)	(35.0, 0.0)	(36.0, 0.0)	(37.0, 0.0007571054345028088)	(38.0, 0.0)	(39.0, 0.0)	(40.0, 0.0007571054345028088)	(41.0, 0.0015142108690056177)	(42.0, 0.0037855271725140446)	(43.0, 0.009842370648536516)	(44.0, 0.012113686952044941)	(45.0, 0.013627897821050559)	(46.0, 0.026498690207598312)	(47.0, 0.13097924016898593)	(48.0, 2.490876879514241)	(49.0, 6.829848124649838)	(50.0, 5.4980996653593985)	(51.0, 2.001786768825427)	(52.0, 4.837146621038445)	(53.0, 13.586257022152907)	(54.0, 17.17796520343423)	(55.0, 14.871064944504173)	(56.0, 16.00218046365137)	(57.0, 9.616753229054678)	(58.0, 2.7626777305007497)	(59.0, 1.7156009145833646)	(60.0, 0.6352114595478566)	(61.0, 0.41110825093502523)	(62.0, 0.42852167592858975)	(63.0, 0.26271558577247467)	(64.0, 0.1294650292999803)	(65.0, 0.059811329325721904)	(66.0, 0.051483169546191004)	(67.0, 0.11735134234793537)	(68.0, 0.15520661407307582)	(69.0, 0.08782423040232583)	(70.0, 0.025741584773095502)	(71.0, 0.015899214124558986)	(72.0, 0.009085265214033708)	(73.0, 0.0037855271725140446)	(74.0, 0.0)	(75.0, 0.0)	(76.0, 0.0007571054345028088)	(77.0, 0.0015142108690056177)	(78.0, 0.0015142108690056177)	(79.0, 0.0007571054345028088)	(80.0, 0.0)	(81.0, 0.0015142108690056177)	(82.0, 0.0)	(83.0, 0.0007571054345028088)	(84.0, 0.0007571054345028088)	(85.0, 0.0)	(86.0, 0.0)	(87.0, 0.0)	(88.0, 0.0)	(89.0, 0.0007571054345028088)	(90.0, 0.0)	(91.0, 0.0)	(92.0, 0.0)	(93.0, 0.0007571054345028088)	(94.0, 0.0007571054345028088)	(95.0, 0.0007571054345028088)	(96.0, 0.0)	(97.0, 0.0007571054345028088)	(98.0, 0.0)	(99.0, 0.0)	(100.0, 0.0)
negative_control_S90_L001_R1_001	(0.0, 0.0)	(1.0, 0.0)	(2.0, 0.0)	(3.0, 0.0)	(4.0, 0.0)	(5.0, 0.0)	(6.0, 0.0)	(7.0, 0.0)	(8.0, 0.0)	(9.0, 0.0)	(10.0, 0.0)	(11.0, 0.0)	(12.0, 0.0)	(13.0, 0.0)	(14.0, 0.0)	(15.0, 0.0)	(16.0, 0.0)	(17.0, 0.0)	(18.0, 0.0)	(19.0, 0.0)	(20.0, 0.0)	(21.0, 0.0)	(22.0, 0.0)	(23.0, 0.0)	(24.0, 0.0)	(25.0, 0.0)	(26.0, 0.0)	(27.0, 0.0)	(28.0, 0.0)	(29.0, 0.0)	(30.0, 0.0)	(31.0, 0.0)	(32.0, 0.0)	(33.0, 0.0)	(34.0, 0.0)	(35.0, 0.011170688114387846)	(36.0, 0.011170688114387846)	(37.0, 0.011170688114387846)	(38.0, 0.03351206434316354)	(39.0, 0.11170688114387846)	(40.0, 0.10053619302949061)	(41.0, 0.17873100983020554)	(42.0, 0.20107238605898123)	(43.0, 0.23458445040214476)	(44.0, 0.21224307417336907)	(45.0, 0.1675603217158177)	(46.0, 0.23458445040214476)	(47.0, 0.40214477211796246)	(48.0, 0.25692582663092045)	(49.0, 0.22341376228775692)	(50.0, 0.21224307417336907)	(51.0, 0.30160857908847183)	(52.0, 0.37980339588918677)	(53.0, 1.5080428954423593)	(54.0, 46.95040214477212)	(55.0, 46.01206434316354)	(56.0, 1.7984807864164434)	(57.0, 0.27926720285969614)	(58.0, 0.11170688114387846)	(59.0, 0.03351206434316354)	(60.0, 0.022341376228775692)	(61.0, 0.0)	(62.0, 0.0)	(63.0, 0.0)	(64.0, 0.0)	(65.0, 0.0)	(66.0, 0.0)	(67.0, 0.0)	(68.0, 0.0)	(69.0, 0.0)	(70.0, 0.0)	(71.0, 0.0)	(72.0, 0.0)	(73.0, 0.0)	(74.0, 0.0)	(75.0, 0.0)	(76.0, 0.0)	(77.0, 0.0)	(78.0, 0.0)	(79.0, 0.0)	(80.0, 0.0)	(81.0, 0.0)	(82.0, 0.0)	(83.0, 0.0)	(84.0, 0.0)	(85.0, 0.0)	(86.0, 0.0)	(87.0, 0.0)	(88.0, 0.0)	(89.0, 0.0)	(90.0, 0.0)	(91.0, 0.0)	(92.0, 0.0)	(93.0, 0.0)	(94.0, 0.0)	(95.0, 0.0)	(96.0, 0.0)	(97.0, 0.0)	(98.0, 0.0)	(99.0, 0.0)	(100.0, 0.0)
negative_control_S90_L001_R2_001	(0.0, 0.0)	(1.0, 0.0)	(2.0, 0.0)	(3.0, 0.0)	(4.0, 0.0)	(5.0, 0.0)	(6.0, 0.0)	(7.0, 0.0)	(8.0, 0.0)	(9.0, 0.0)	(10.0, 0.0)	(11.0, 0.0)	(12.0, 0.0)	(13.0, 0.0)	(14.0, 0.0)	(15.0, 0.0)	(16.0, 0.0)	(17.0, 0.0)	(18.0, 0.0)	(19.0, 0.0)	(20.0, 0.0)	(21.0, 0.0)	(22.0, 0.0)	(23.0, 0.0)	(24.0, 0.0)	(25.0, 0.0)	(26.0, 0.0)	(27.0, 0.0)	(28.0, 0.0)	(29.0, 0.0)	(30.0, 0.0)	(31.0, 0.0)	(32.0, 0.0)	(33.0, 0.011951715071112706)	(34.0, 0.0)	(35.0, 0.0)	(36.0, 0.0)	(37.0, 0.0)	(38.0, 0.0)	(39.0, 0.0)	(40.0, 0.0)	(41.0, 0.023903430142225412)	(42.0, 0.09561372056890165)	(43.0, 0.13146886578223976)	(44.0, 0.13146886578223976)	(45.0, 0.10756543564001435)	(46.0, 0.16732401099557787)	(47.0, 0.15537229592446516)	(48.0, 0.32269630692004303)	(49.0, 0.2629377315644795)	(50.0, 0.34659973706226843)	(51.0, 0.5139237480578462)	(52.0, 0.5019720329867335)	(53.0, 0.5139237480578462)	(54.0, 1.207123222182383)	(55.0, 7.039560176885383)	(56.0, 44.424524919325926)	(57.0, 34.98267001314689)	(58.0, 6.1551332616230425)	(59.0, 1.3266403728935103)	(60.0, 0.6573443289111988)	(61.0, 0.29879287677781763)	(62.0, 0.2270825863511414)	(63.0, 0.14342058085335246)	(64.0, 0.08366200549778893)	(65.0, 0.023903430142225412)	(66.0, 0.023903430142225412)	(67.0, 0.011951715071112706)	(68.0, 0.011951715071112706)	(69.0, 0.023903430142225412)	(70.0, 0.023903430142225412)	(71.0, 0.011951715071112706)	(72.0, 0.0)	(73.0, 0.0)	(74.0, 0.0)	(75.0, 0.0)	(76.0, 0.0)	(77.0, 0.0)	(78.0, 0.0)	(79.0, 0.0)	(80.0, 0.011951715071112706)	(81.0, 0.0)	(82.0, 0.0)	(83.0, 0.0)	(84.0, 0.0)	(85.0, 0.0)	(86.0, 0.0)	(87.0, 0.0)	(88.0, 0.0)	(89.0, 0.0)	(90.0, 0.0)	(91.0, 0.0)	(92.0, 0.011951715071112706)	(93.0, 0.011951715071112706)	(94.0, 0.0)	(95.0, 0.0)	(96.0, 0.0)	(97.0, 0.0)	(98.0, 0.0)	(99.0, 0.0)	(100.0, 0.0)
