Sample	0	1	2	3	4	5	6	7	8	9	10	11	12	13	14	15	16	17	18	19	20	21	22	23	24	25	26	27	28	29	30	31	32	33	34	35	36	37	38	39	40	41	42	43	44	45	46	47	48	49	50	51	52	53	54	55	56	57	58	59	60	61	62	63	64	65	66	67
1002R_0_M_NS6_week10_S69_L001_R1_001	(1, 33.89253603998809)	(2, 33.93591281180325)	(3, 33.935679386978116)	(4, 33.45221632846897)	(5, 33.84440223121936)	(6, 37.15208029813984)	(7, 37.60742773891836)	(8, 36.84962611782319)	(9, 36.95357260719432)	(10, 37.30953419673688)	(15, 37.854990059322105)	(20, 37.67892817759605)	(25, 37.66684804043884)	(30, 37.66281059587723)	(35, 37.68683242512295)	(40, 37.482674243582835)	(45, 37.70981591635341)	(50, 37.53513365583522)	(55, 37.56860838558562)	(60, 37.48023052713765)	(65, 37.58323365824995)	(70, 37.5951318850262)	(75, 37.16226244999477)	(80, 37.36061076812866)	(85, 37.30551285043909)	(90, 37.3664270708404)	(95, 37.29070727722014)	(100, 37.269517132577256)	(105, 37.30203079597865)	(110, 37.36294984585912)	(115, 36.99254167438042)	(120, 36.70761850334441)	(125, 36.57711792783148)	(130, 36.488596794835686)	(135, 36.74579392612507)	(140, 36.80494538664006)	(145, 36.56340220707197)	(150, 36.51523459194926)	(155, 36.708875777747366)	(160, 36.59898097990132)	(165, 36.539412574353854)	(170, 36.478008966732936)	(175, 36.732783309320084)	(180, 36.572924330111)	(185, 36.596152514951264)	(190, 36.37361494562812)	(195, 36.118013152281534)	(200, 35.93311171390165)	(205, 36.18349284029718)	(210, 36.05987588238609)	(215, 35.732194112864924)	(220, 35.92225826444618)	(225, 35.64369712726482)	(230, 35.53290565612499)	(235, 34.64467751153038)	(240, 34.90947463316081)	(245, 34.331524425090755)	(250, 34.49495077955843)	(255, 34.11411898226776)	(260, 33.99491616829125)	(265, 33.14678557917529)	(270, 32.262794497613434)	(275, 33.718235308322)	(280, 32.351354266442364)	(285, 31.399523491391456)	(290, 30.478079799093667)	(295, 29.25205212617819)	(300, 26.882068143950676)
1002R_0_M_NS6_week10_S69_L001_R2_001	(1, 33.04518782649291)	(2, 33.79905342208843)	(3, 33.84937659473426)	(4, 33.70049985109106)	(5, 33.8639777200029)	(6, 37.78330127095793)	(7, 36.12565499810845)	(8, 36.14463485113131)	(9, 37.303379830485284)	(10, 37.22278065310656)	(15, 37.547501951914484)	(20, 37.49792895836184)	(25, 37.306345130677656)	(30, 37.30994953194298)	(35, 37.112373930471605)	(40, 37.20320194467027)	(45, 37.18299701377207)	(50, 37.14951906436891)	(55, 37.15395252622005)	(60, 36.5543227862875)	(65, 36.66378454083727)	(70, 36.78879721822001)	(75, 37.51985318383413)	(80, 36.98065954586798)	(85, 36.43123385142913)	(90, 37.22641081159397)	(95, 36.73305536997835)	(100, 37.19848998285535)	(105, 36.80711060312145)	(110, 37.24805170762333)	(115, 36.70440689971586)	(120, 36.92563729001827)	(125, 35.86484380659546)	(130, 37.03441969783559)	(135, 35.73711052263013)	(140, 36.50957283257001)	(145, 35.594821188534816)	(150, 36.66521728631567)	(155, 35.286674662137685)	(160, 35.55146373463622)	(165, 35.30317377270861)	(170, 35.60915186297158)	(175, 34.6437888873685)	(180, 34.948355159896)	(185, 35.67230696169418)	(190, 34.303061084861994)	(195, 34.66447676618076)	(200, 33.867968479599476)	(205, 32.120332912095435)	(210, 33.12645347199304)	(215, 31.90249603580254)	(220, 31.361554126387468)	(225, 30.840345468741198)	(230, 31.64944098778947)	(235, 31.674557498973734)	(240, 30.029646562618222)	(245, 29.898329805130516)	(250, 27.15998454566675)	(255, 26.65566457657542)	(260, 22.909170375974952)	(265, 26.771546318729527)	(270, 22.00523193573573)	(275, 22.87157610051756)	(280, 20.981099028469778)	(285, 21.93536386100759)	(290, 18.68023213696403)	(295, 19.57290179254168)	(300, 19.1242182280641)
1002R_L_M_NS6_week10_S70_L001_R1_001	(1, 33.90061049181509)	(2, 33.90688649174305)	(3, 33.92496713429019)	(4, 33.44770300203497)	(5, 33.82951250697833)	(6, 37.16603936681734)	(7, 37.58593707792325)	(8, 36.80072574690702)	(9, 36.861810945632016)	(10, 37.27975652361829)	(15, 37.85479839363216)	(20, 37.680975706387656)	(25, 37.681757279979834)	(30, 37.690075456068)	(35, 37.713983684201054)	(40, 37.5271047560734)	(45, 37.72736227916945)	(50, 37.584633254695746)	(55, 37.607994021142105)	(60, 37.511480487673104)	(65, 37.63028507626645)	(70, 37.651974643879775)	(75, 37.17848151416377)	(80, 37.38456482198491)	(85, 37.33361126618523)	(90, 37.40986511552522)	(95, 37.294802715698104)	(100, 37.29912838336725)	(105, 37.33760917718669)	(110, 37.41770786435917)	(115, 37.02393524104522)	(120, 36.76095913846819)	(125, 36.57125105800573)	(130, 36.52889481172)	(135, 36.76051432584775)	(140, 36.81633560842083)	(145, 36.56179473788471)	(150, 36.52883538331322)	(155, 36.73922454933458)	(160, 36.626461848763704)	(165, 36.53365628770552)	(170, 36.49467305371967)	(175, 36.7479425165229)	(180, 36.572628716526495)	(185, 36.63298096490122)	(190, 36.418568675827046)	(195, 36.14342775846855)	(200, 35.94396261412955)	(205, 36.1707918384988)	(210, 36.08553008337985)	(215, 35.70064830989213)	(220, 35.88414161969421)	(225, 35.56486160384664)	(230, 35.53167894253453)	(235, 34.60814709431108)	(240, 34.966161825352515)	(245, 34.13824488105315)	(250, 34.473862306182355)	(255, 34.10993174737525)	(260, 33.99423904626411)	(265, 33.11653190224928)	(270, 32.23135838931009)	(275, 33.732514541951055)	(280, 32.203657548308094)	(285, 31.197662482666715)	(290, 30.45017918565074)	(295, 29.17820057987718)	(300, 26.894163410110032)
1002R_L_M_NS6_week10_S70_L001_R2_001	(1, 33.08403716976715)	(2, 33.847341029011865)	(3, 33.86425111203155)	(4, 33.714770660375656)	(5, 33.895054836211706)	(6, 37.797610257703184)	(7, 36.12190026832826)	(8, 36.14776062958094)	(9, 37.341533252894884)	(10, 37.25817500765366)	(15, 37.58460624178357)	(20, 37.530085180716384)	(25, 37.34411028471609)	(30, 37.360935727277635)	(35, 37.15005132453312)	(40, 37.26350735651641)	(45, 37.226564497829955)	(50, 37.20266347314016)	(55, 37.19745538367339)	(60, 36.491910533234886)	(65, 36.75901600965261)	(70, 36.85520898989717)	(75, 37.52879396351456)	(80, 37.03474220677484)	(85, 36.48032019305228)	(90, 37.209225809937145)	(95, 36.788721208737776)	(100, 37.21462479064993)	(105, 36.84355021700373)	(110, 37.259008806209366)	(115, 36.72396225395739)	(120, 36.95223216697581)	(125, 35.85781483549137)	(130, 37.05982279529615)	(135, 35.92353364908426)	(140, 36.47854454429218)	(145, 35.439121900268326)	(150, 36.69535557996723)	(155, 35.10781393506096)	(160, 35.50250319652794)	(165, 35.2856471393326)	(170, 35.58958922364891)	(175, 34.599205820382146)	(180, 34.86979236074844)	(185, 35.626535684056975)	(190, 34.21983107925588)	(195, 34.71158313673936)	(200, 33.826144897260896)	(205, 31.96648057771615)	(210, 33.06736119865296)	(215, 31.800282735147402)	(220, 31.011111311206758)	(225, 30.68928847989339)	(230, 31.547726413225526)	(235, 31.500081038736518)	(240, 29.86830665057898)	(245, 29.672205514235806)	(250, 26.909133966035768)	(255, 26.45050153973599)	(260, 22.704819103531484)	(265, 26.598906877487433)	(270, 21.780586720452373)	(275, 22.621594121990313)	(280, 20.623378775054473)	(285, 21.68312233247492)	(290, 18.409492337337248)	(295, 19.363212015343333)	(300, 19.019134146121846)
1030R_0_M_NS1_week10_S77_L001_R1_001	(1, 33.899999104496324)	(2, 33.93941022127896)	(3, 33.93949977164656)	(4, 33.448844352506065)	(5, 33.84540920040477)	(6, 37.16661741396448)	(7, 37.62099597918849)	(8, 36.85392544036393)	(9, 36.97215879071184)	(10, 37.3216237272654)	(15, 37.85412066016531)	(20, 37.67169402430397)	(25, 37.636910870519124)	(30, 37.67498768682446)	(35, 37.70436199840601)	(40, 37.50669568098577)	(45, 37.73574582023659)	(50, 37.51129677887327)	(55, 37.580923980692944)	(60, 37.50512317653064)	(65, 37.58021474178152)	(70, 37.58917515156399)	(75, 37.18159023542792)	(80, 37.37810135310606)	(85, 37.30420618076637)	(90, 37.39396430522347)	(95, 37.22817791867035)	(100, 37.27865746088888)	(105, 37.29548576596907)	(110, 37.363750011193794)	(115, 36.97951087589215)	(120, 36.697950192085536)	(125, 36.67531544116988)	(130, 36.671756709561286)	(135, 36.71141319435116)	(140, 36.7950621927303)	(145, 36.54603157545962)	(150, 36.540783923918006)	(155, 36.741041828976705)	(160, 36.60030805326456)	(165, 36.595110549928805)	(170, 36.50732790658106)	(175, 36.739666335330305)	(180, 36.58301050425812)	(185, 36.598441823603686)	(190, 36.246173960544105)	(195, 36.08777010629629)	(200, 35.9029453115905)	(205, 36.17718077532708)	(210, 36.138647252146974)	(215, 35.68263707922521)	(220, 35.81139259776661)	(225, 35.638499494040424)	(230, 35.65759879644306)	(235, 34.70490288262633)	(240, 34.88141023918903)	(245, 34.4195004880495)	(250, 34.39200136116559)	(255, 34.13829800571331)	(260, 34.144584441519136)	(265, 33.20058028638208)	(270, 31.936254466324584)	(275, 33.39594515935488)	(280, 32.13930992486724)	(285, 31.044574590978698)	(290, 29.95781998585104)	(295, 28.611686322972353)	(300, 25.92074792467023)
1030R_0_M_NS1_week10_S77_L001_R2_001	(1, 33.104756020023466)	(2, 33.30958457584468)	(3, 33.562591229437)	(4, 33.67990221099858)	(5, 33.564471787156684)	(6, 37.42252549946718)	(7, 35.80776222586394)	(8, 35.77392114194629)	(9, 36.400496109036524)	(10, 37.18733041399135)	(15, 37.50307963714191)	(20, 37.38271140603032)	(25, 37.166395329052826)	(30, 37.24931359643231)	(35, 36.91866856513446)	(40, 37.12643795502781)	(45, 37.105393618640804)	(50, 37.04417877835389)	(55, 37.009078616267715)	(60, 36.28771816708307)	(65, 36.459418459912776)	(70, 36.604644082063956)	(75, 37.4458229231031)	(80, 36.85961547072151)	(85, 36.08282692600453)	(90, 37.069374669783016)	(95, 36.420560764401934)	(100, 37.06427746285899)	(105, 36.6243899381207)	(110, 37.132283803025004)	(115, 36.533259902031894)	(120, 36.7912831672174)	(125, 35.30490288262634)	(130, 36.910884847182295)	(135, 35.62368786323868)	(140, 36.211016486222675)	(145, 35.0559636067306)	(150, 36.45783520941354)	(155, 34.928021205527045)	(160, 35.214195524272625)	(165, 34.90208383705415)	(170, 35.03374436952063)	(175, 33.91328300602674)	(180, 34.54508771458507)	(185, 35.023809651738624)	(190, 33.52996265749671)	(195, 34.05987516678756)	(200, 33.08388899336432)	(205, 30.43486554012304)	(210, 32.005469736453264)	(215, 29.86355747790345)	(220, 30.01776321091798)	(225, 29.465617136358343)	(230, 29.89077004361103)	(235, 30.38424809033841)	(240, 28.32171685964771)	(245, 27.907440740044233)	(250, 25.23823979797437)	(255, 25.1088251887274)	(260, 21.315600569540337)	(265, 24.909224583366914)	(270, 20.673339960060538)	(275, 21.726077962550036)	(280, 19.42985967457396)	(285, 20.306067037405192)	(290, 17.4694875032462)	(295, 18.08609014140003)	(300, 17.988998737339816)
1030R_R_M_NS1_week10_S78_L001_R1_001	(1, 33.90879887413571)	(2, 33.91193987232047)	(3, 33.9334577494952)	(4, 33.44286034795733)	(5, 33.83746354198536)	(6, 37.18361581920904)	(7, 37.60402006975463)	(8, 36.76172265393951)	(9, 36.87359521915601)	(10, 37.290854392298435)	(15, 37.85446572436721)	(20, 37.66419262069387)	(25, 37.64140406698077)	(30, 37.69158661200514)	(35, 37.728591241918046)	(40, 37.52503008423586)	(45, 37.75263211568664)	(50, 37.54693140794224)	(55, 37.61370005506945)	(60, 37.527597952232355)	(65, 37.61649431968835)	(70, 37.630294315609135)	(75, 37.188704644190175)	(80, 37.39827449060759)	(85, 37.33883823859348)	(90, 37.4332517489649)	(95, 37.25434946664219)	(100, 37.301346142079176)	(105, 37.32000448714026)	(110, 37.40693671092619)	(115, 36.98840074241775)	(120, 36.72317607946318)	(125, 36.67738073385139)	(130, 36.68241856860225)	(135, 36.732009626955474)	(140, 36.819441554998065)	(145, 36.56427420506232)	(150, 36.56899590038549)	(155, 36.75977482714312)	(160, 36.63065940565787)	(165, 36.62038793367191)	(170, 36.53508127842706)	(175, 36.783950315119625)	(180, 36.60795855514084)	(185, 36.61842990882947)	(190, 36.29672030838891)	(195, 36.12822819147851)	(200, 35.92700442595199)	(205, 36.19571682065716)	(210, 36.17386240796264)	(215, 35.70508882498113)	(220, 35.849360582512396)	(225, 35.558463358420525)	(230, 35.63013114687226)	(235, 34.72174835301556)	(240, 34.936411103632544)	(245, 34.395771890105856)	(250, 34.50179077688715)	(255, 34.24173040445451)	(260, 34.207838218197395)	(265, 33.25347447429073)	(270, 32.052929898631426)	(275, 33.51955781272308)	(280, 32.1809826837178)	(285, 31.095714781047953)	(290, 30.164259927797833)	(295, 28.753849762385528)	(300, 26.272945603622347)
1030R_R_M_NS1_week10_S78_L001_R2_001	(1, 33.152756531848496)	(2, 33.362040832976405)	(3, 33.57079483570948)	(4, 33.67307103958881)	(5, 33.59032409390361)	(6, 37.41490750372229)	(7, 35.78056864304799)	(8, 35.76274245854494)	(9, 36.41084868139264)	(10, 37.20032837708295)	(15, 37.50820330824614)	(20, 37.4004303575435)	(25, 37.17812927043179)	(30, 37.26803116522874)	(35, 36.948518223908295)	(40, 37.14790634114504)	(45, 37.11889493972954)	(50, 37.06399273899122)	(55, 37.05551816272002)	(60, 36.30009178241449)	(65, 36.50333068184136)	(70, 36.64562605804728)	(75, 37.44747190438312)	(80, 36.873442248465196)	(85, 36.134771257827005)	(90, 37.07356462501785)	(95, 36.48709131330437)	(100, 37.07958555140836)	(105, 36.65517958759102)	(110, 37.13837524730261)	(115, 36.57040119113178)	(120, 36.82664137551245)	(125, 35.398199025066795)	(130, 36.94229537620591)	(135, 35.66775173876685)	(140, 36.23472842603358)	(145, 35.070599033225236)	(150, 36.47151685737013)	(155, 34.90047726855534)	(160, 35.24781251912133)	(165, 34.979120520508275)	(170, 35.15609333251749)	(175, 33.9820147259785)	(180, 34.65511839931469)	(185, 35.15221195618919)	(190, 33.60259438291624)	(195, 34.23287034204246)	(200, 33.20570682657203)	(205, 30.7174610944543)	(210, 32.12680250464011)	(215, 29.9769503763079)	(220, 30.128911460564154)	(225, 29.61188684248098)	(230, 30.1738746456179)	(235, 30.578522915009483)	(240, 28.577068673642128)	(245, 28.18240225172857)	(250, 25.44392706357462)	(255, 25.33353729425442)	(260, 21.472885435150623)	(265, 25.16026229374452)	(270, 20.818680780762406)	(275, 21.89504374961757)	(280, 19.52845866731934)	(285, 20.525945868771544)	(290, 17.588712802627015)	(295, 18.235717636500844)	(300, 18.15318994880581)
1075R_0_M_NS6_week9_S72_L001_R1_001	(1, 33.93403384820576)	(2, 33.95728421318242)	(3, 33.95490510606852)	(4, 33.41300037849432)	(5, 33.8515941820017)	(6, 37.17379197231585)	(7, 37.637672800677684)	(8, 36.85090928752951)	(9, 36.93155561162879)	(10, 37.312953517293586)	(15, 37.869484346556604)	(20, 37.70536200277563)	(25, 37.72303768721951)	(30, 37.71142151650055)	(35, 37.73381396103311)	(40, 37.547877728313175)	(45, 37.74517599985582)	(50, 37.62200133374186)	(55, 37.631191536146204)	(60, 37.526244074761635)	(65, 37.66819926824432)	(70, 37.693270010633896)	(75, 37.22565650739867)	(80, 37.397370365697604)	(85, 37.372784456500185)	(90, 37.432417136780636)	(95, 37.35044608258386)	(100, 37.31564623398158)	(105, 37.39951696916172)	(110, 37.47324946379972)	(115, 37.107357208514316)	(120, 36.84608438620838)	(125, 36.587704341870484)	(130, 36.527941892111095)	(135, 36.83710505920733)	(140, 36.88716724041599)	(145, 36.66457112989565)	(150, 36.57776976731612)	(155, 36.81879134149199)	(160, 36.701571652578274)	(165, 36.55675251878954)	(170, 36.54236432781212)	(175, 36.8170682911883)	(180, 36.63848566227493)	(185, 36.694951606798476)	(190, 36.52183371483157)	(195, 36.24860407692447)	(200, 36.033500351459004)	(205, 36.23539642773462)	(210, 36.13576951498656)	(215, 35.80011354829407)	(220, 36.03640033884253)	(225, 35.65650199160103)	(230, 35.67412540778257)	(235, 34.67360993457456)	(240, 34.965209163167096)	(245, 33.98471243443937)	(250, 34.492718490348395)	(255, 34.20305138510895)	(260, 34.01026981237496)	(265, 33.238728980047945)	(270, 32.26833804949264)	(275, 33.73784762900348)	(280, 32.1814609880504)	(285, 31.159834543914354)	(290, 30.587358289926648)	(295, 29.344177495809525)	(300, 27.282919993511527)
1075R_0_M_NS6_week9_S72_L001_R2_001	(1, 33.10197718219995)	(2, 33.8554512192924)	(3, 33.86752699024927)	(4, 33.72239244453256)	(5, 33.900627219148205)	(6, 37.80459780473298)	(7, 36.14161094389272)	(8, 36.21137105059207)	(9, 37.39266081502442)	(10, 37.301099435863236)	(15, 37.613436548131865)	(20, 37.578611466575346)	(25, 37.37980462484004)	(30, 37.38586233621109)	(35, 37.239732891155846)	(40, 37.27525007660004)	(45, 37.27579258511616)	(50, 37.23463943910748)	(55, 37.242719391525334)	(60, 36.52757060721302)	(65, 36.80177351621217)	(70, 36.87704161635095)	(75, 37.55473748715823)	(80, 37.063680767081806)	(85, 36.58390858461151)	(90, 37.281203251446385)	(95, 36.835738874970716)	(100, 37.25091829929889)	(105, 36.912302867545016)	(110, 37.29087648468901)	(115, 36.78188454121082)	(120, 36.949968458807206)	(125, 36.06904457221131)	(130, 37.08495034515077)	(135, 35.966993493502514)	(140, 36.525656507398665)	(145, 35.48625164464791)	(150, 36.73040751221095)	(155, 35.06104572571779)	(160, 35.59585458608943)	(165, 35.36191806499288)	(170, 35.67041436115567)	(175, 34.63820269271669)	(180, 35.19071247048646)	(185, 35.8183858118703)	(190, 34.34884559234361)	(195, 34.517073698249916)	(200, 33.905670205288104)	(205, 32.3288070219707)	(210, 33.25605681019411)	(215, 32.05975704269777)	(220, 31.280898653641657)	(225, 30.923455833318314)	(230, 32.05786997819152)	(235, 31.738483859921057)	(240, 30.190305138510894)	(245, 30.16098624803994)	(250, 27.15804660887118)	(255, 26.596472793468273)	(260, 23.01997909269506)	(265, 26.864145774381342)	(270, 22.097202746787303)	(275, 22.795645513040036)	(280, 20.657709568696717)	(285, 21.87762197429843)	(290, 18.559120811780183)	(295, 19.4462159580412)	(300, 19.11898239100265)
1136R_RL_F_S5_week10_S58_L001_R1_001	(1, 33.92080344332855)	(2, 33.94447137980507)	(3, 33.962835798743384)	(4, 33.40572898629595)	(5, 33.86344431801316)	(6, 37.173789145599365)	(7, 37.61821599960422)	(8, 36.86936130213229)	(9, 36.97065255033889)	(10, 37.35218918517786)	(15, 37.8625063078217)	(20, 37.67793796071835)	(25, 37.64859446890615)	(30, 37.719855538514814)	(35, 37.761266511650916)	(40, 37.60656409241577)	(45, 37.81278583090091)	(50, 37.55617671795379)	(55, 37.62615346559146)	(60, 37.583731262059075)	(65, 37.610644634641076)	(70, 37.647165685449956)	(75, 37.24990253797061)	(80, 37.44353435907584)	(85, 37.36406668975412)	(90, 37.443385939741745)	(95, 37.23957057339336)	(100, 37.26611388710236)	(105, 37.37214070152872)	(110, 37.47892346509672)	(115, 37.04591896304359)	(120, 36.810343838123984)	(125, 36.85673378518775)	(130, 36.732779894127546)	(135, 36.72576262801168)	(140, 36.88131400583783)	(145, 36.67353881165587)	(150, 36.66182357888488)	(155, 36.85026270222134)	(160, 36.69318161579181)	(165, 36.643431455004205)	(170, 36.5717627269579)	(175, 36.86341463414634)	(180, 36.661156681343684)	(185, 36.68040765843764)	(190, 36.45647850393311)	(195, 36.25583733240984)	(200, 36.06138821550487)	(205, 36.25990006431505)	(210, 36.31043585811112)	(215, 35.818405976351855)	(220, 35.960565972394)	(225, 35.86443773808935)	(230, 35.783483896502254)	(235, 34.86128135358432)	(240, 34.997308662741794)	(245, 34.68718943254341)	(250, 34.568200662939695)	(255, 34.3548350071736)	(260, 34.17873249888686)	(265, 33.180038589026864)	(270, 31.96974026616534)	(275, 33.48392420719339)	(280, 32.28160490773264)	(285, 30.99467273536833)	(290, 29.77959530994904)	(295, 28.28301588086875)	(300, 25.363305793301343)
1136R_RL_F_S5_week10_S58_L001_R2_001	(1, 32.474367981002324)	(2, 33.18867065749765)	(3, 33.76633849502795)	(4, 33.67514965616188)	(5, 33.61977934992332)	(6, 37.6432098154653)	(7, 36.08233315193193)	(8, 36.10942462771484)	(9, 36.4038193241973)	(10, 36.866315737396725)	(15, 37.55301835452432)	(20, 37.41242962449908)	(25, 37.236584376391434)	(30, 37.32643150447732)	(35, 36.93771533171721)	(40, 37.20319002622075)	(45, 37.29489536436946)	(50, 37.13457082075892)	(55, 37.00122297531292)	(60, 36.31345173897987)	(65, 36.43423539306387)	(70, 36.67183495770049)	(75, 37.479790234007815)	(80, 36.94127739573541)	(85, 36.15430861326869)	(90, 37.06241725622125)	(95, 36.4341601939346)	(100, 37.09559194577747)	(105, 36.635110077672785)	(110, 37.14428536090635)	(115, 36.57847721763222)	(120, 36.84600603571958)	(125, 35.276061940335424)	(130, 36.950722802157024)	(135, 35.81055360411616)	(140, 36.08374214614357)	(145, 35.109838222925845)	(150, 36.457883540295846)	(155, 34.887365556819866)	(160, 35.216264780092025)	(165, 34.915994656903976)	(170, 34.844329886706575)	(175, 33.9406382031366)	(180, 34.30439024390243)	(185, 35.03887399198536)	(190, 33.65262553802008)	(195, 33.90972938208084)	(200, 32.88339583436402)	(205, 29.827166674912185)	(210, 31.68596843615495)	(215, 29.63367535744323)	(220, 29.751898283283033)	(225, 29.06721614802355)	(230, 29.49798446544303)	(235, 30.22254192846188)	(240, 28.00457527333894)	(245, 27.507643595705737)	(250, 24.784285360906345)	(255, 24.419247019245038)	(260, 20.728537080096967)	(265, 24.123279077821206)	(270, 20.396663533369615)	(275, 21.122606243506656)	(280, 18.699607183495772)	(285, 19.589058526690742)	(290, 16.90950576361747)	(295, 17.83633701083461)	(300, 17.65397021718696)
1136R_R_F_S5_week10_S57_L001_R1_001	(1, 33.94080792189163)	(2, 33.93665263060478)	(3, 33.95426403220582)	(4, 33.443977603997965)	(5, 33.839942621812966)	(6, 37.16171394197399)	(7, 37.60074036370367)	(8, 36.87461940678358)	(9, 36.94919254083568)	(10, 37.30150386377308)	(15, 37.84133820739439)	(20, 37.64095692008699)	(25, 37.5914543519504)	(30, 37.64361667669243)	(35, 37.6909259173569)	(40, 37.501063347369396)	(45, 37.755807690527966)	(50, 37.444397760399795)	(55, 37.52154736014067)	(60, 37.487694229790385)	(65, 37.5091148026468)	(70, 37.528181018925544)	(75, 37.08670214242746)	(80, 37.33104992827727)	(85, 37.241697283790664)	(90, 37.350473370043034)	(95, 37.11111563555597)	(100, 37.12262088751099)	(105, 37.2261274351025)	(110, 37.3604941927722)	(115, 36.875485632316874)	(120, 36.60299847299986)	(125, 36.678567396233404)	(130, 36.533359863032715)	(135, 36.47761787978344)	(140, 36.64594326963121)	(145, 36.43558743232613)	(150, 36.437854796168615)	(155, 36.61720235065476)	(160, 36.460458100041635)	(165, 36.38666790060617)	(170, 36.3311073064643)	(175, 36.64821433529221)	(180, 36.426116329646945)	(185, 36.48330017120911)	(190, 36.22225903475082)	(195, 35.99468233769839)	(200, 35.76776826616076)	(205, 36.01084262644024)	(210, 36.030090231826385)	(215, 35.547715515246864)	(220, 35.68495303317754)	(225, 35.569467400860674)	(230, 35.49330063393642)	(235, 34.52369256397205)	(240, 34.665444449585856)	(245, 34.358671047151915)	(250, 34.250378048216184)	(255, 34.01301004118274)	(260, 33.85530331775485)	(265, 32.85424644856786)	(270, 31.57130905557355)	(275, 33.19802507982046)	(280, 32.01598260145297)	(285, 30.69988616908056)	(290, 29.491910601082783)	(295, 27.95747535977049)	(300, 25.057429087039008)
1136R_R_F_S5_week10_S57_L001_R2_001	(1, 32.392179908379994)	(2, 33.09856091805099)	(3, 33.719429919948176)	(4, 33.65050205913655)	(5, 33.545092776826614)	(6, 37.60181389107399)	(7, 35.921216047383275)	(8, 35.9068344824395)	(9, 36.24629124057193)	(10, 36.767200037018185)	(15, 37.486237564203414)	(20, 37.335225579565964)	(25, 37.134977557725236)	(30, 37.23755865068715)	(35, 36.82441164221924)	(40, 37.10625329693211)	(45, 37.212019804729074)	(50, 37.021985100180466)	(55, 36.919626116329646)	(60, 36.15197260654296)	(65, 36.30533894775809)	(70, 36.52589144417195)	(75, 37.43270001388182)	(80, 36.85364675396788)	(85, 36.01384480125862)	(90, 36.9917579010689)	(95, 36.292456619314244)	(100, 37.02073943824904)	(105, 36.53763731433067)	(110, 37.08990051362732)	(115, 36.49232890657536)	(120, 36.741281754661976)	(125, 35.14234972930452)	(130, 36.861054092823096)	(135, 35.63129702466337)	(140, 35.94971634815603)	(145, 34.96331127666466)	(150, 36.348670584424596)	(155, 34.78279209661747)	(160, 35.10021007820092)	(165, 34.82849659895423)	(170, 34.74992735181158)	(175, 33.80992272453843)	(180, 34.23535791957799)	(185, 34.935510619591874)	(190, 33.49135162648651)	(195, 33.81794271435843)	(200, 32.82266068206006)	(205, 29.809783906343988)	(210, 31.637579010689002)	(215, 29.53378187034381)	(220, 29.70781731525612)	(225, 29.073516264865116)	(230, 29.53398917218083)	(235, 30.19398269399843)	(240, 28.025590671417337)	(245, 27.594016010365088)	(250, 24.8162528342048)	(255, 24.45129424829948)	(260, 20.78368978760816)	(265, 24.17016704456064)	(270, 20.392353893850355)	(275, 21.131675535606867)	(280, 18.698388783489893)	(285, 19.763936883994262)	(290, 16.99321456665587)	(295, 17.93256767386979)	(300, 17.760372032761094)
1174R_0_M_S2_week9_S56_L001_R1_001	(1, 33.920690606645906)	(2, 33.94863810162009)	(3, 33.95367377507982)	(4, 33.4163644605621)	(5, 33.853876778745715)	(6, 37.19638141038275)	(7, 37.64386653001695)	(8, 36.90644093184596)	(9, 36.98131577910048)	(10, 37.32173321770665)	(15, 37.85712877921873)	(20, 37.67335133430565)	(25, 37.66405652568095)	(30, 37.707649099294414)	(35, 37.77067681028027)	(40, 37.478860026016)	(45, 37.80089873467618)	(50, 37.56958098466633)	(55, 37.631503015491354)	(60, 37.56229650360676)	(65, 37.62392486893452)	(70, 37.652475462178245)	(75, 37.20542394260712)	(80, 37.420406795695534)	(85, 37.37008553746699)	(90, 37.4432378099255)	(95, 37.266204816902516)	(100, 37.27148094130632)	(105, 37.35487011707202)	(110, 37.50340770231385)	(115, 37.038907722022934)	(120, 36.85810437936063)	(125, 36.78717529268005)	(130, 36.76626591509323)	(135, 36.73124679727226)	(140, 36.87886396783476)	(145, 36.690853009578625)	(150, 36.676382592928384)	(155, 36.85146438566754)	(160, 36.66751744254799)	(165, 36.60657889550238)	(170, 36.53383854310378)	(175, 36.87358587252158)	(180, 36.68203121920454)	(185, 36.7513717529268)	(190, 36.49061452954393)	(195, 36.26979975560724)	(200, 36.09032283495604)	(205, 36.349643265402655)	(210, 36.31148054712444)	(215, 35.87426189443809)	(220, 36.01568252591746)	(225, 35.82925026607277)	(230, 35.78550593243723)	(235, 34.931376877291186)	(240, 34.84086680594426)	(245, 34.74424691552683)	(250, 34.61326422011116)	(255, 34.48855690015373)	(260, 34.252093105759)	(265, 33.52690488391343)	(270, 32.05867594308013)	(275, 33.62165043951279)	(280, 32.39621388308566)	(285, 31.39826954156648)	(290, 30.493048602625247)	(295, 29.020980330324413)	(300, 26.251221963814103)
1174R_0_M_S2_week9_S56_L001_R2_001	(1, 33.7704974575269)	(2, 33.63381489219126)	(3, 33.69280420986243)	(4, 33.764052583862195)	(5, 33.74111119870708)	(6, 37.52332571248374)	(7, 36.094672631952385)	(8, 35.94308999172218)	(9, 37.37611849107178)	(10, 37.21109621979581)	(15, 37.61819346446451)	(20, 37.488407111041035)	(25, 37.320188024754614)	(30, 37.370749733927234)	(35, 37.08542709606212)	(40, 37.2628385036856)	(45, 37.35305490953526)	(50, 37.200575505538254)	(55, 37.137417714533484)	(60, 36.452102960305886)	(65, 36.64999999999999)	(70, 36.78225196105483)	(75, 37.53733887815839)	(80, 37.023319799755605)	(85, 36.32352083251212)	(90, 37.18130198273484)	(95, 36.615593834995465)	(100, 37.188491860144275)	(105, 36.79845086522921)	(110, 37.25105443651701)	(115, 36.70071149828531)	(120, 36.946574559501755)	(125, 35.657919113879146)	(130, 37.051336276558004)	(135, 36.04566794118806)	(140, 36.2703654065986)	(145, 35.393478260869564)	(150, 36.6249655090859)	(155, 35.19297764988765)	(160, 35.50837439394537)	(165, 35.23784540186843)	(170, 35.18094130631873)	(175, 34.3163999369309)	(180, 34.80049469825377)	(185, 35.40465528794986)	(190, 33.990835271394225)	(195, 34.38406519768221)	(200, 33.323424257952624)	(205, 30.832744688399224)	(210, 32.24784382514092)	(215, 30.5701722574796)	(220, 30.578077574993102)	(225, 29.92343805431826)	(230, 30.57958926248571)	(235, 30.920659072095862)	(240, 28.92247427963262)	(245, 28.51412156569041)	(250, 25.674669872679253)	(255, 25.238046434624938)	(260, 21.499968465449957)	(265, 25.072669399661002)	(270, 20.994311955536283)	(275, 21.713333201939374)	(280, 19.27593913831842)	(285, 20.388493831053648)	(290, 17.455662422641804)	(295, 18.27176672316607)	(300, 18.118560053608736)
160R_0_F_S2_week10_S49_L001_R1_001	(1, 33.94243059054387)	(2, 33.940335711065735)	(3, 33.957625096125795)	(4, 33.44890527078748)	(5, 33.84933662149859)	(6, 37.1981119567235)	(7, 37.61840488628428)	(8, 36.84984045327181)	(9, 36.96480248910574)	(10, 37.322360407661776)	(15, 37.84997834407291)	(20, 37.650399087799315)	(25, 37.60746024590526)	(30, 37.66707149991603)	(35, 37.713174758912075)	(40, 37.445792120778194)	(45, 37.76131455897042)	(50, 37.47177392979944)	(55, 37.57024564008733)	(60, 37.52480708546578)	(65, 37.55595626386643)	(70, 37.5660717916081)	(75, 37.14337461218212)	(80, 37.37155383486693)	(85, 37.300821157398815)	(90, 37.407566315752256)	(95, 37.18852324255522)	(100, 37.2403189166733)	(105, 37.2724315628508)	(110, 37.41006602847976)	(115, 36.94193736575535)	(120, 36.681389161429465)	(125, 36.71399680022628)	(130, 36.71743346326889)	(135, 36.63461059107422)	(140, 36.78538711074576)	(145, 36.57894159971008)	(150, 36.640679554153074)	(155, 36.73602573961621)	(160, 36.55760034649484)	(165, 36.58322328586708)	(170, 36.45997189149055)	(175, 36.76861216444362)	(180, 36.58438475069166)	(185, 36.63734012180354)	(190, 36.26475210592842)	(195, 36.1036178656979)	(200, 35.943866069139865)	(205, 36.27141682798123)	(210, 36.24289818178604)	(215, 35.70590190306984)	(220, 35.79760458928871)	(225, 35.67060185799015)	(230, 35.595021788514394)	(235, 34.756889678519975)	(240, 34.705576622205726)	(245, 34.76647839268825)	(250, 34.47605738378722)	(255, 34.36658269470446)	(260, 34.278684380331114)	(265, 33.377428336559625)	(270, 31.792548593248647)	(275, 33.371566209682406)	(280, 32.408651763853165)	(285, 31.284235368990483)	(290, 30.126154172522604)	(295, 28.5891791077758)	(300, 25.1308371562674)
160R_0_F_S2_week10_S49_L001_R2_001	(1, 33.699804654698454)	(2, 33.56159564406495)	(3, 33.647468024360705)	(4, 33.73318129988598)	(5, 33.687288412753134)	(6, 37.4922171249768)	(7, 36.01979970477226)	(8, 35.85978450142753)	(9, 37.28844810974694)	(10, 37.128360425340084)	(15, 37.54893797565697)	(20, 37.381283975497865)	(25, 37.20889749233204)	(30, 37.30857663104488)	(35, 36.909771684654345)	(40, 37.19128989773099)	(45, 37.29511990312288)	(50, 37.09787595131394)	(55, 37.03455048482759)	(60, 36.300202416624685)	(65, 36.49864672553544)	(70, 36.685022053689025)	(75, 37.475454553490145)	(80, 36.94618546312747)	(85, 36.137220793225666)	(90, 37.1118011543935)	(95, 36.46229128547815)	(100, 37.11654954787728)	(105, 36.654419135000396)	(110, 37.18181255690205)	(115, 36.57974242705488)	(120, 36.86980810196849)	(125, 35.31805043621225)	(130, 36.955058205828536)	(135, 35.78496106352701)	(140, 36.13254488080401)	(145, 35.19261930647998)	(150, 36.53870223542202)	(155, 35.15994272228262)	(160, 35.38242599418383)	(165, 35.08333023962946)	(170, 35.045344859590045)	(175, 34.04164832542229)	(180, 34.652274756260326)	(185, 35.13467688472859)	(190, 33.728857185790176)	(195, 34.33681242431474)	(200, 33.10953656316018)	(205, 30.22827114988553)	(210, 31.941475961920922)	(215, 29.959949793605755)	(220, 30.26029186886231)	(225, 29.430588776042356)	(230, 29.6982807845633)	(235, 30.39170710579583)	(240, 28.27176155498396)	(245, 27.72920368062369)	(250, 25.160681675550016)	(255, 24.84213094322611)	(260, 20.82899596050666)	(265, 24.521124693944294)	(270, 20.654228209275807)	(275, 21.461990754245004)	(280, 18.98117790565087)	(285, 20.044567014045416)	(290, 17.149054652488662)	(295, 17.951770040571713)	(300, 17.885232425552225)
160R_L_F_S2_week10_S50_L001_R1_001	(1, 33.92639109845842)	(2, 33.94685868988808)	(3, 33.96192097649018)	(4, 33.39688520472243)	(5, 33.874654609394625)	(6, 37.20002418897169)	(7, 37.6282806292854)	(8, 36.89038674444351)	(9, 37.00854987114721)	(10, 37.36401053150614)	(15, 37.86226241312904)	(20, 37.65040051355048)	(25, 37.609459748620765)	(30, 37.71657595802283)	(35, 37.750907551610894)	(40, 37.58633695237564)	(45, 37.80330458567083)	(50, 37.51106459385786)	(55, 37.62270041958563)	(60, 37.60149227348423)	(65, 37.59940643984854)	(70, 37.62316931349838)	(75, 37.244770065217196)	(80, 37.449397601570425)	(85, 37.384630699526454)	(90, 37.46384772111976)	(95, 37.19287727818248)	(100, 37.26740349995814)	(105, 37.373654488449766)	(110, 37.47695628308539)	(115, 37.07675718924149)	(120, 36.78874654609395)	(125, 36.857802338887495)	(130, 36.82388940057867)	(135, 36.704565203233884)	(140, 36.85247704373552)	(145, 36.62534446026031)	(150, 36.68197828574618)	(155, 36.85042842390243)	(160, 36.66042591197075)	(165, 36.63747057783732)	(170, 36.52480579046769)	(175, 36.8454845702271)	(180, 36.6386986333231)	(185, 36.71888507447412)	(190, 36.334844213718874)	(195, 36.2284853051997)	(200, 36.05213095537135)	(205, 36.33227832202964)	(210, 36.37120954161899)	(215, 35.84355689525245)	(220, 35.822877185147966)	(225, 35.731459618372455)	(230, 35.71718812507559)	(235, 34.86290807260413)	(240, 34.975295617144404)	(245, 34.95099872542727)	(250, 34.48988621879855)	(255, 34.46512973661931)	(260, 34.27209057839553)	(265, 33.268240810516616)	(270, 31.568760873407946)	(275, 33.20985235423819)	(280, 32.40430377627062)	(285, 31.0786327648925)	(290, 29.54530501362956)	(295, 28.04166457339027)	(300, 23.93718310121224)
160R_L_F_S2_week10_S50_L001_R2_001	(1, 33.779657074809045)	(2, 33.648692400011164)	(3, 33.68923683794319)	(4, 33.7677579614279)	(5, 33.737279857099)	(6, 37.54357271111856)	(7, 36.216370351763466)	(8, 36.03379013276024)	(9, 37.385693153590665)	(10, 37.23951919767042)	(15, 37.62045642728888)	(20, 37.40048564012392)	(25, 37.280152948728684)	(30, 37.39971903579037)	(35, 36.934708383339384)	(40, 37.26724720198722)	(45, 37.35281848037437)	(50, 37.219254421464925)	(55, 37.088637695721346)	(60, 36.4954645678082)	(65, 36.620006140277425)	(70, 36.82841645966489)	(75, 37.51968144984975)	(80, 37.05778745336646)	(85, 36.21486877482859)	(90, 37.14695172439458)	(95, 36.524591811102745)	(100, 37.15681710346367)	(105, 36.751054546131165)	(110, 37.212922492952636)	(115, 36.6342906584052)	(120, 36.95966023798227)	(125, 35.15768976713463)	(130, 37.02473229320755)	(135, 35.798544940318365)	(140, 36.20727901978844)	(145, 35.17184031557305)	(150, 36.59345781350303)	(155, 35.319566087061695)	(160, 35.323732172262694)	(165, 35.00635797817411)	(170, 34.915554439141474)	(175, 33.99667494673774)	(180, 34.51481388446975)	(185, 34.95029910593839)	(190, 33.70421167210918)	(195, 34.18380827448901)	(200, 32.930056658014465)	(205, 29.443869491194285)	(210, 31.56134230185976)	(215, 29.2634588368826)	(220, 29.55478150846149)	(225, 28.79455189929945)	(230, 28.629800813121584)	(235, 29.94742061830733)	(240, 27.351056406821293)	(245, 26.533415203699047)	(250, 24.233388223692167)	(255, 24.177104207950727)	(260, 20.242641435708503)	(265, 23.53122889279634)	(270, 20.03704447979756)	(275, 20.92632969568413)	(280, 18.3601402960358)	(285, 19.15649706476132)	(290, 16.523464232883978)	(295, 17.444972880441355)	(300, 17.33189595020793)
184R_0_F_NS6_week10_S65_L001_R1_001	(1, 33.94731562361002)	(2, 33.94270680534131)	(3, 33.95487711395232)	(4, 33.43193239138047)	(5, 33.844587241049716)	(6, 37.17527704959921)	(7, 37.61196967832909)	(8, 36.87320544730143)	(9, 36.95113895539762)	(10, 37.30967473288728)	(15, 37.84991529995174)	(20, 37.66286730956684)	(25, 37.65022760180567)	(30, 37.65607048558206)	(35, 37.67679029403693)	(40, 37.48070637001145)	(45, 37.69562682767562)	(50, 37.50647221933055)	(55, 37.54756925057019)	(60, 37.47379030350062)	(65, 37.57048842117217)	(70, 37.58062025040931)	(75, 37.126096132188856)	(80, 37.33656486888054)	(85, 37.27453036425753)	(90, 37.365033548790066)	(95, 37.23634815032129)	(100, 37.25113611628986)	(105, 37.28715303737213)	(110, 37.36026574048662)	(115, 36.98515525187618)	(120, 36.70367285907615)	(125, 36.563108633726706)	(130, 36.533379389970385)	(135, 36.68048681234444)	(140, 36.74113015416355)	(145, 36.46701619237794)	(150, 36.46212346333292)	(155, 36.6710704382636)	(160, 36.53889861546178)	(165, 36.47020734950363)	(170, 36.411242866741745)	(175, 36.66658275525945)	(180, 36.48685777016476)	(185, 36.57593950807726)	(190, 36.3161990025268)	(195, 36.05377270103249)	(200, 35.856664805473805)	(205, 36.08266724710647)	(210, 36.0197071933527)	(215, 35.60720754824117)	(220, 35.80854192888981)	(225, 35.47242374629733)	(230, 35.38662969517446)	(235, 34.54238503979483)	(240, 34.89868927858272)	(245, 34.001241636461714)	(250, 34.25204463077404)	(255, 33.835818183538855)	(260, 33.79042842136145)	(265, 32.90420850407412)	(270, 31.958795082665354)	(275, 33.56504301248261)	(280, 32.04898217986694)	(285, 30.98682843271788)	(290, 30.11619521704979)	(295, 28.759809590506023)	(300, 26.289357131365517)
184R_0_F_NS6_week10_S65_L001_R2_001	(1, 32.9830315992694)	(2, 33.81255264178977)	(3, 33.854789101611665)	(4, 33.71308923315699)	(5, 33.876177046760105)	(6, 37.78641392298447)	(7, 36.070977694076674)	(8, 36.09330254478692)	(9, 37.29875930990754)	(10, 37.21350468925966)	(15, 37.56202220182271)	(20, 37.47712909422998)	(25, 37.2803694625569)	(30, 37.32372831631446)	(35, 37.05290014857997)	(40, 37.2204907870953)	(45, 37.19343219737477)	(50, 37.1503534689165)	(55, 37.145667048368935)	(60, 36.45493484247684)	(65, 36.660440818798676)	(70, 36.80183974183046)	(75, 37.522884154939575)	(80, 36.99096595909792)	(85, 36.36350232333652)	(90, 37.179959684669754)	(95, 36.69946908684831)	(100, 37.17335781275138)	(105, 36.7455951243056)	(110, 37.231254790994356)	(115, 36.654501405358346)	(120, 36.91258955019069)	(125, 35.638390415172196)	(130, 37.01333623553238)	(135, 35.83271219964606)	(140, 36.4013684499418)	(145, 35.33196929978139)	(150, 36.644496389601294)	(155, 35.141425421370904)	(160, 35.42530212838445)	(165, 35.118513821722956)	(170, 35.41761950277759)	(175, 34.43429263630083)	(180, 34.6858867953098)	(185, 35.488975744556015)	(190, 34.13178002593052)	(195, 34.578354642414375)	(200, 33.6282661568891)	(205, 31.474524686041995)	(210, 32.80543026678149)	(215, 31.38934198945745)	(220, 30.762396964047433)	(225, 30.346225406229003)	(230, 31.042499550474606)	(235, 31.17925558594452)	(240, 29.389536941523847)	(245, 29.057278052750622)	(250, 26.363623458601076)	(255, 26.013109106911333)	(260, 22.151604569070763)	(265, 25.999555206450452)	(270, 21.431864252794156)	(275, 22.293849546215945)	(280, 20.192273841407438)	(285, 21.288756186889)	(290, 18.054679322778163)	(295, 18.949721294254594)	(300, 18.704737524487307)
184R_L_F_NS6_week10_S66_L001_R1_001	(1, 33.92682757964154)	(2, 33.94600559070178)	(3, 33.96194687967875)	(4, 33.41250032453764)	(5, 33.8556802741694)	(6, 37.19815835706064)	(7, 37.62948186483656)	(8, 36.90031934503977)	(9, 36.993024604280436)	(10, 37.361756484262095)	(15, 37.87368821885088)	(20, 37.71151632640698)	(25, 37.7293407991415)	(30, 37.72382625552796)	(35, 37.75464261914858)	(40, 37.58555764221239)	(45, 37.755952885788716)	(50, 37.646035880881705)	(55, 37.658224649282985)	(60, 37.554694545171316)	(65, 37.689160442755885)	(70, 37.70879021021385)	(75, 37.28439190300219)	(80, 37.44803849449151)	(85, 37.43174757029485)	(90, 37.46055266596856)	(95, 37.41206933854902)	(100, 37.40124968628028)	(105, 37.432223558836505)	(110, 37.50452189114575)	(115, 37.164723191027186)	(120, 36.92994141013769)	(125, 36.72753377355061)	(130, 36.72415685120599)	(135, 36.933892980467164)	(140, 36.97714389566331)	(145, 36.769086707803616)	(150, 36.68080554569923)	(155, 36.903850314585156)	(160, 36.78403274801166)	(165, 36.68112402530528)	(170, 36.66386554621849)	(175, 36.919303498948494)	(180, 36.76238132740223)	(185, 36.76228786056132)	(190, 36.58819894590174)	(195, 36.33560653921713)	(200, 36.142009017819284)	(205, 36.33228154289522)	(210, 36.25103462600282)	(215, 35.894955386892136)	(220, 36.11914079741062)	(225, 35.806009571696855)	(230, 35.8077006291703)	(235, 34.87483924568798)	(240, 35.18521839219725)	(245, 34.212612830920214)	(250, 34.59184415269713)	(255, 34.34730027953509)	(260, 34.171471843114176)	(265, 33.43087348224562)	(270, 32.48222485698708)	(275, 33.89480826316108)	(280, 32.401194298522704)	(285, 31.47852945503639)	(290, 30.843185142234027)	(295, 29.613836554189128)	(300, 27.903080078581382)
184R_L_F_NS6_week10_S66_L001_R2_001	(1, 33.099126777384484)	(2, 33.860042060078406)	(3, 33.869985893430496)	(4, 33.71137785701304)	(5, 33.89414880267246)	(6, 37.79681347307203)	(7, 36.22249435304503)	(8, 36.28309202156661)	(9, 37.38498818682983)	(10, 37.29657201706635)	(15, 37.59113276618577)	(20, 37.571355874996755)	(25, 37.394132359431936)	(30, 37.38191935888671)	(35, 37.238693541268205)	(40, 37.28296566824464)	(45, 37.266228180252526)	(50, 37.234970445438734)	(55, 37.247110749552135)	(60, 36.61182009363993)	(65, 36.864421154661656)	(70, 36.92253849016435)	(75, 37.550363914875945)	(80, 37.030991181230476)	(85, 36.587189850193425)	(90, 37.22557702792754)	(95, 36.88969701165739)	(100, 37.267953855074474)	(105, 36.83638629499173)	(110, 37.29584159101334)	(115, 36.79894763260608)	(120, 36.94127859176626)	(125, 36.08228370647951)	(130, 37.096582402270904)	(135, 36.10689837211919)	(140, 36.58265151580715)	(145, 35.64291685778328)	(150, 36.757486434326566)	(155, 35.292301967130825)	(160, 35.64038806047651)	(165, 35.50075379276324)	(170, 35.74514015698968)	(175, 34.73004872391799)	(180, 35.227816770374474)	(185, 35.81317536283308)	(190, 34.45422288379822)	(195, 34.74099472950869)	(200, 33.900691481535965)	(205, 32.43077309193502)	(210, 33.23118503838199)	(215, 32.04060614977196)	(220, 31.29789613064587)	(225, 30.97334983426945)	(230, 32.0443984802984)	(235, 31.806295164821854)	(240, 30.217916208707994)	(245, 30.144252222001057)	(250, 27.27257007849484)	(255, 26.67693705700612)	(260, 23.003624436386296)	(265, 27.011136401007366)	(270, 22.393209807094827)	(275, 22.8503751655142)	(280, 20.812856883227028)	(285, 21.83964551835152)	(290, 18.615705891007277)	(295, 19.4273753991813)	(300, 19.1471150767207)
2403R_L_F_NS6_week10_S67_L001_R1_001	(1, 33.90978101459903)	(2, 33.93277948136791)	(3, 33.94894507032865)	(4, 33.41559729351376)	(5, 33.86995866942204)	(6, 37.18132124525032)	(7, 37.62257516165589)	(8, 36.85946770215319)	(9, 36.99420038664089)	(10, 37.377344843677086)	(15, 37.87576161589227)	(20, 37.719123725085)	(25, 37.72852976468236)	(30, 37.73072961802547)	(35, 37.74149723351776)	(40, 37.569938670755285)	(45, 37.75822945136991)	(50, 37.63861909206052)	(55, 37.65940770615292)	(60, 37.554209719352045)	(65, 37.67698820078662)	(70, 37.692685487634165)	(75, 37.31066928871409)	(80, 37.473685087660826)	(85, 37.437110859276046)	(90, 37.43757249516698)	(95, 37.44193887074195)	(100, 37.4365325644957)	(105, 37.41374908339444)	(110, 37.491885540963935)	(115, 37.170230317978806)	(120, 36.943815412305845)	(125, 36.75380141323912)	(130, 36.76103926404907)	(135, 36.98268948736751)	(140, 37.01321245250317)	(145, 36.799000066662224)	(150, 36.73080127991467)	(155, 36.94072561829212)	(160, 36.82559996000267)	(165, 36.79084561029264)	(170, 36.726864875674956)	(175, 36.967610492633824)	(180, 36.83421938537431)	(185, 36.827079861342575)	(190, 36.634061062595826)	(195, 36.39830177988134)	(200, 36.22589327378175)	(205, 36.433551096593554)	(210, 36.36137924138391)	(215, 36.01765548963402)	(220, 36.221320245316974)	(225, 35.91386074261716)	(230, 35.87302346510232)	(235, 35.01680887940804)	(240, 35.313514099060065)	(245, 34.41213419105393)	(250, 34.82143023798413)	(255, 34.503518098793414)	(260, 34.42202853143124)	(265, 33.65145823611759)	(270, 32.753989734017736)	(275, 34.116085594293715)	(280, 32.65567462169189)	(285, 31.799795013665754)	(290, 31.077629824678354)	(295, 29.84122391840544)	(300, 27.748016798880073)
2403R_L_F_NS6_week10_S67_L001_R2_001	(1, 33.10008499433371)	(2, 33.85146823545097)	(3, 33.87922471835211)	(4, 33.73729251383241)	(5, 33.89644857009533)	(6, 37.81294580361309)	(7, 36.31582894473702)	(8, 36.368983734417704)	(9, 37.41506399573362)	(10, 37.30318312112526)	(15, 37.605521298580086)	(20, 37.57681487900807)	(25, 37.41663389107393)	(30, 37.40781614559029)	(35, 37.24743350443304)	(40, 37.30611792547163)	(45, 37.28938904073062)	(50, 37.250784947670155)	(55, 37.25852609826012)	(60, 36.62011032597827)	(65, 36.9009899340044)	(70, 36.969293713752414)	(75, 37.57316012265849)	(80, 37.07156189587361)	(85, 36.59337544163723)	(90, 37.271503566428905)	(95, 36.922035197653486)	(100, 37.29063729084727)	(105, 36.84366708886074)	(110, 37.31640057329511)	(115, 36.80335310979268)	(120, 36.980624625024994)	(125, 36.09988334111059)	(130, 37.14296046930205)	(135, 36.14880341310579)	(140, 36.61837044197054)	(145, 35.6668105459636)	(150, 36.79372375174988)	(155, 35.33420771948536)	(160, 35.689637357509504)	(165, 35.5633191120592)	(170, 35.82127191520566)	(175, 34.91058262782481)	(180, 35.262397506832876)	(185, 35.85551796546897)	(190, 34.560934271048595)	(195, 34.987810812612494)	(200, 34.07832477834811)	(205, 32.50141823878408)	(210, 33.46667222185188)	(215, 32.141222251849875)	(220, 31.460062662489168)	(225, 31.058907739484034)	(230, 31.968040463969068)	(235, 31.84971335244317)	(240, 30.28667755482968)	(245, 30.205572961802545)	(250, 27.41309246050263)	(255, 26.848673421771885)	(260, 23.104824678354777)	(265, 27.083529431371243)	(270, 22.317870475301646)	(275, 22.99562862475835)	(280, 21.00956436237584)	(285, 22.0448703419772)	(290, 18.740912272515168)	(295, 19.561894207052863)	(300, 19.28980567962136)
2446R_0_F_S2_week9_S55_L001_R1_001	(1, 33.94765801601626)	(2, 33.955657385178824)	(3, 33.96160653267212)	(4, 33.5386650778909)	(5, 33.86726128936163)	(6, 37.15817372562076)	(7, 37.59086687577759)	(8, 36.859656193597)	(9, 36.96369180086565)	(10, 37.299134350850764)	(15, 37.850475756566844)	(20, 37.65835947219934)	(25, 37.63333274922459)	(30, 37.66357614733558)	(35, 37.723561778260645)	(40, 37.43397935759721)	(45, 37.767613506930445)	(50, 37.501072423642384)	(55, 37.571794557274785)	(60, 37.52681760036448)	(65, 37.56296809013966)	(70, 37.5863809206722)	(75, 37.145376487286875)	(80, 37.370914889515824)	(85, 37.292454483326615)	(90, 37.38299192177616)	(95, 37.210324706047274)	(100, 37.21084164228013)	(105, 37.28085758844867)	(110, 37.42372474459846)	(115, 36.94855170238492)	(120, 36.7411358578513)	(125, 36.69677046278935)	(130, 36.69883820772075)	(135, 36.64358210524471)	(140, 36.790887903692145)	(145, 36.597669406136646)	(150, 36.59306429284876)	(155, 36.75424851490353)	(160, 36.56651830304729)	(165, 36.52635849089667)	(170, 36.449513729475875)	(175, 36.76943767851823)	(180, 36.59259817407609)	(185, 36.63368671911963)	(190, 36.33385319010988)	(195, 36.14736888219111)	(200, 35.98474424798921)	(205, 36.25865211067692)	(210, 36.20575463928365)	(215, 35.75090507648904)	(220, 35.82469553332048)	(225, 35.70633641158638)	(230, 35.62854188935812)	(235, 34.78621444968195)	(240, 34.71701683985491)	(245, 34.71107470166647)	(250, 34.42610440359577)	(255, 34.31768622846829)	(260, 34.130071670142115)	(265, 33.372446422626034)	(270, 31.83435961238544)	(275, 33.40730720030841)	(280, 32.26259134000385)	(285, 31.216766257206444)	(290, 30.16519880140887)	(295, 28.650615942663887)	(300, 25.67071600049065)
2446R_0_F_S2_week9_S55_L001_R2_001	(1, 33.72623407573554)	(2, 33.568787565493196)	(3, 33.66240559342527)	(4, 33.74155816846864)	(5, 33.69784639108416)	(6, 37.498536807612105)	(7, 36.12873464524156)	(8, 35.92984562006063)	(9, 37.326195524558855)	(10, 37.18182312019205)	(15, 37.58992412427497)	(20, 37.46062698231903)	(25, 37.285886764680114)	(30, 37.34423747524839)	(35, 37.030409869101234)	(40, 37.23228661047541)	(45, 37.34299858061577)	(50, 37.16861233287189)	(55, 37.093702139590306)	(60, 36.43890164192966)	(65, 36.61140764364694)	(70, 36.754386948674366)	(75, 37.51702735381219)	(80, 36.995598156552816)	(85, 36.28917763330822)	(90, 37.174305640738076)	(95, 36.59153626439098)	(100, 37.180703383741914)	(105, 36.75732209508122)	(110, 37.2296528641772)	(115, 36.680088317241136)	(120, 36.90921548355442)	(125, 35.590141412725394)	(130, 37.02847530096203)	(135, 36.026272626912224)	(140, 36.29036746280688)	(145, 35.45081045087353)	(150, 36.633595598156546)	(155, 35.25120472427147)	(160, 35.5058422555943)	(165, 35.22031296546165)	(170, 35.177727933832166)	(175, 34.31250985683495)	(180, 34.80105490038026)	(185, 35.354273047470514)	(190, 33.987279864019484)	(195, 34.44391504722519)	(200, 33.3276920111448)	(205, 30.81981705714336)	(210, 32.27518706082324)	(215, 30.614044894597576)	(220, 30.66883487830095)	(225, 29.883510610335218)	(230, 30.365827886519355)	(235, 30.900735977009482)	(240, 28.867389209175183)	(245, 28.371820842167978)	(250, 25.717707256382845)	(255, 25.238393467327874)	(260, 21.550190127394114)	(265, 25.024919831075756)	(270, 21.033287188743056)	(275, 21.789100530954844)	(280, 19.466809189198663)	(285, 20.44344717612631)	(290, 17.496530394098166)	(295, 18.29780608758126)	(300, 18.05846636409834)
2472R_0_F_NS1_week10_S73_L001_R1_001	(1, 33.943091157040314)	(2, 33.9371381441952)	(3, 33.95883520198597)	(4, 33.43363901387403)	(5, 33.8489943572951)	(6, 37.196147281947425)	(7, 37.618394728031426)	(8, 36.86805379759756)	(9, 36.96601311459346)	(10, 37.31676561134747)	(15, 37.84963457157089)	(20, 37.65034827983243)	(25, 37.6103283547963)	(30, 37.65795899035596)	(35, 37.68671963677639)	(40, 37.48336177822782)	(45, 37.72117688369168)	(50, 37.46252051707101)	(55, 37.551492336210494)	(60, 37.478921108289306)	(65, 37.559158575523234)	(70, 37.55180591054965)	(75, 37.132568451481724)	(80, 37.33916004540295)	(85, 37.289639797809876)	(90, 37.39313566173168)	(95, 37.17155946071747)	(100, 37.246067663462874)	(105, 37.250072269085976)	(110, 37.33021827713766)	(115, 36.93456095509517)	(120, 36.61405368327358)	(125, 36.62885373880238)	(130, 36.64547154557852)	(135, 36.62366669660866)	(140, 36.7228051837758)	(145, 36.4558897263574)	(150, 36.505979960639884)	(155, 36.670488898325154)	(160, 36.51963514319078)	(165, 36.534315975142704)	(170, 36.420527686817636)	(175, 36.68025216603108)	(180, 36.50760499432464)	(185, 36.54382283049837)	(190, 36.16696200360937)	(195, 36.00832278558538)	(200, 35.78944299724806)	(205, 36.090637682816286)	(210, 36.09862402926694)	(215, 35.579201202034966)	(220, 35.71829428625091)	(225, 35.45280951175496)	(230, 35.47069141508586)	(235, 34.52908810295691)	(240, 34.76986746584571)	(245, 34.28612841849109)	(250, 34.26760956728374)	(255, 34.01815138127863)	(260, 34.03394605541446)	(265, 33.02837847769458)	(270, 31.691767856997036)	(275, 33.21127561061253)	(280, 31.934577287092008)	(285, 30.76662556447464)	(290, 29.684805526747727)	(295, 28.241310152785832)	(300, 25.47891947508962)
2472R_0_F_NS1_week10_S73_L001_R2_001	(1, 33.087400681044265)	(2, 33.284429890820604)	(3, 33.5521603148809)	(4, 33.66860745229015)	(5, 33.56474411843964)	(6, 37.40175079006035)	(7, 35.712238381825756)	(8, 35.65463542900073)	(9, 36.33448746110943)	(10, 37.142264758000636)	(15, 37.4693113613536)	(20, 37.331064274573535)	(25, 37.10126981275366)	(30, 37.22287786116169)	(35, 36.82567063261989)	(40, 37.08206991727843)	(45, 37.099912623816955)	(50, 37.014458716795005)	(55, 36.99655068226916)	(60, 36.25281604455368)	(65, 36.40939906417658)	(70, 36.55394213573523)	(75, 37.42910688475327)	(80, 36.80535199536172)	(85, 35.96398958018602)	(90, 37.002725810271194)	(95, 36.35136004703615)	(100, 37.02858589405433)	(105, 36.52337843686458)	(110, 37.094336880098645)	(115, 36.48129904702799)	(120, 36.77637739978279)	(125, 35.11790395152663)	(130, 36.86578201683828)	(135, 35.47027331596697)	(140, 36.12357768722593)	(145, 34.92389942756351)	(150, 36.394692101029726)	(155, 34.84561036755159)	(160, 35.109790215500695)	(165, 34.832200164953164)	(170, 34.94369870732245)	(175, 33.71180885030908)	(180, 34.425784956597724)	(185, 34.8697278272728)	(190, 33.36512465396582)	(195, 33.97045215133228)	(200, 32.90685045607101)	(205, 30.024930793163428)	(210, 31.75719056990503)	(215, 29.24224270980492)	(220, 29.620285973264522)	(225, 29.077903624886698)	(230, 29.477353236593473)	(235, 30.02946782188324)	(240, 27.857939391959757)	(245, 27.34908663307719)	(250, 24.669972807225275)	(255, 24.678413183187843)	(260, 20.74034901477229)	(265, 24.485620493389625)	(270, 20.34230395479303)	(275, 21.40722037579925)	(280, 18.884715700765156)	(285, 19.90978858230101)	(290, 17.15608979331858)	(295, 17.75868331441544)	(300, 17.81029160780343)
2472R_R_F_NS1_week10_S74_L001_R1_001	(1, 33.91845788610136)	(2, 33.93961337158675)	(3, 33.95812900446392)	(4, 33.40169757188557)	(5, 33.86353428600236)	(6, 37.1871453843827)	(7, 37.6312089241684)	(8, 36.86737490490114)	(9, 36.97635132038461)	(10, 37.36119783312099)	(15, 37.86839418132488)	(20, 37.68004253095869)	(25, 37.664856045537455)	(30, 37.73028772560199)	(35, 37.7544992071276)	(40, 37.5905771927734)	(45, 37.77942931519657)	(50, 37.573984619192096)	(55, 37.64632941327442)	(60, 37.56926221619293)	(65, 37.65772661026426)	(70, 37.667719552324996)	(75, 37.291962198777235)	(80, 37.45825824724787)	(85, 37.41672823267368)	(90, 37.47077554836521)	(95, 37.30823579016838)	(100, 37.37986379093834)	(105, 37.40323931913802)	(110, 37.476445731779975)	(115, 37.13216862058535)	(120, 36.85491810040606)	(125, 36.81034675563948)	(130, 36.835133871692165)	(135, 36.853988652300245)	(140, 36.9415199318038)	(145, 36.70020440525404)	(150, 36.70238228365583)	(155, 36.89019496411451)	(160, 36.737285168244775)	(165, 36.74369047728169)	(170, 36.65678066307964)	(175, 36.89881664940374)	(180, 36.73382402815842)	(185, 36.749360660696446)	(190, 36.41560262885322)	(195, 36.281292794485644)	(200, 36.099021971273274)	(205, 36.3439471296186)	(210, 36.3465393182214)	(215, 35.85418480801489)	(220, 35.99890556110618)	(225, 35.749732806584966)	(230, 35.774017617349706)	(235, 34.86446556733916)	(240, 35.08436895606662)	(245, 34.61716270841545)	(250, 34.58805833340972)	(255, 34.331121845696956)	(260, 34.29960493872426)	(265, 33.36186512919695)	(270, 32.11424878777602)	(275, 33.5182965617753)	(280, 32.224416803395144)	(285, 31.11658065757995)	(290, 30.021001494083247)	(295, 28.592131772642695)	(300, 25.953289274682163)
2472R_R_F_NS1_week10_S74_L001_R2_001	(1, 33.13644738168786)	(2, 33.35016544909576)	(3, 33.580611749177336)	(4, 33.67962455429572)	(5, 33.60539703199905)	(6, 37.41750918907028)	(7, 35.87876843542902)	(8, 35.833854276469566)	(9, 36.43574983730075)	(10, 37.224974105612446)	(15, 37.51823789838401)	(20, 37.40670779214827)	(25, 37.21297194239988)	(30, 37.29056344354107)	(35, 36.945081899593944)	(40, 37.177288101414334)	(45, 37.19092000696628)	(50, 37.10438233865276)	(55, 37.070232911995745)	(60, 36.382582472478624)	(65, 36.54300118243398)	(70, 36.675655609228485)	(75, 37.45993565359267)	(80, 36.876504395171274)	(85, 36.107885643051596)	(90, 37.06314564103504)	(95, 36.49202086216853)	(100, 37.09049928045684)	(105, 36.61943958129005)	(110, 37.14500123743091)	(115, 36.55399323537769)	(120, 36.820367196164874)	(125, 35.320575267880876)	(130, 36.94499207127602)	(135, 35.65621236147648)	(140, 36.22774961731303)	(145, 35.10760332548099)	(150, 36.47965755245332)	(155, 34.96205578521866)	(160, 35.218548631034764)	(165, 34.91480425676233)	(170, 35.05378883012365)	(175, 33.891573553809906)	(180, 34.52875514450444)	(185, 34.9822268256689)	(190, 33.56117583434925)	(195, 34.075296295956804)	(200, 32.96768930401386)	(205, 30.187266377627246)	(210, 31.85820875001146)	(215, 29.508651933600373)	(220, 29.776400817621017)	(225, 29.1801167768133)	(230, 29.67573260492956)	(235, 30.174332933077903)	(240, 28.01367040340248)	(245, 27.517735593096052)	(250, 24.816566908347617)	(255, 24.711352282830873)	(260, 20.788850289192187)	(265, 24.624754117895087)	(270, 20.552874964481152)	(275, 21.375102890088638)	(280, 18.880002199877175)	(285, 19.82330036572958)	(290, 17.114705262289522)	(295, 17.660714776758297)	(300, 17.736413466914765)
2506R_0_F_NS6_week10_S68_L001_R1_001	(1, 33.924130694855755)	(2, 33.938839749749945)	(3, 33.958324344466455)	(4, 33.40529329855459)	(5, 33.868177450038246)	(6, 37.180205534527055)	(7, 37.618505952264215)	(8, 36.871923356017966)	(9, 36.953411520131795)	(10, 37.32310890584243)	(15, 37.861764302104376)	(20, 37.68187452195572)	(25, 37.687059954107745)	(30, 37.6996430602679)	(35, 37.70171801761164)	(40, 37.547457294710625)	(45, 37.74693757477103)	(50, 37.55928729726019)	(55, 37.597872090058644)	(60, 37.535219361038656)	(65, 37.58972327364726)	(70, 37.65861264194238)	(75, 37.214016748710506)	(80, 37.36764596285474)	(85, 37.262633116946795)	(90, 37.36640255741434)	(95, 37.21825687893467)	(100, 37.18837592421895)	(105, 37.32782364823785)	(110, 37.362586047971135)	(115, 37.0209123536449)	(120, 36.77191551118869)	(125, 36.532320696620836)	(130, 36.52799427327462)	(135, 36.704246013846124)	(140, 36.75836552982015)	(145, 36.50193571162408)	(150, 36.36541214771814)	(155, 36.65105218772677)	(160, 36.53320127870717)	(165, 36.351760183569006)	(170, 36.395438231775486)	(175, 36.58222361685854)	(180, 36.44759457922297)	(185, 36.56513561748612)	(190, 36.34041263801997)	(195, 36.07865225833022)	(200, 35.91156916197611)	(205, 36.097528878777766)	(210, 35.93579791719783)	(215, 35.660042362078094)	(220, 35.78521838043499)	(225, 35.386681441095135)	(230, 35.43730804683363)	(235, 34.56114063817686)	(240, 34.88785032065739)	(245, 34.000229461256346)	(250, 34.04962050638373)	(255, 33.841314793386815)	(260, 33.65049324364078)	(265, 32.88834454490184)	(270, 32.003861617211555)	(275, 33.50647982898273)	(280, 31.986224479789758)	(285, 30.738610288493597)	(290, 30.0914922826492)	(295, 28.802677047990745)	(300, 26.15190531291063)
2506R_0_F_NS6_week10_S68_L001_R2_001	(1, 33.12201651336563)	(2, 33.86165643570182)	(3, 33.86893251485615)	(4, 33.72862774323874)	(5, 33.89465374884779)	(6, 37.80758594991077)	(7, 36.18843279923121)	(8, 36.235550805075604)	(9, 37.39114318774638)	(10, 37.30250642295397)	(15, 37.603536056796564)	(20, 37.530545803996944)	(25, 37.36628292376787)	(30, 37.40074721998863)	(35, 37.16377257839927)	(40, 37.25652591735472)	(45, 37.24466453548804)	(50, 37.235709662868466)	(55, 37.199182176547886)	(60, 36.58310223773755)	(65, 36.66568867795014)	(70, 36.82312067308635)	(75, 37.53690599933319)	(80, 37.070658377297065)	(85, 36.4671733118908)	(90, 37.20384200513836)	(95, 36.77804036164663)	(100, 37.210586597109184)	(105, 36.87093686873639)	(110, 37.28056051305184)	(115, 36.74937535546883)	(120, 36.89988428876817)	(125, 35.737855223675695)	(130, 37.0586969738571)	(135, 35.94617270391653)	(140, 36.536578477710876)	(145, 35.35416462374238)	(150, 36.707721273215796)	(155, 35.126937182529566)	(160, 35.582811979054306)	(165, 34.75537861107298)	(170, 35.48196865990703)	(175, 34.496948361411285)	(180, 34.57064268763851)	(185, 35.61842162034949)	(190, 34.25804389181981)	(195, 34.258061542685674)	(200, 33.91484830061386)	(205, 31.67077604973622)	(210, 33.002235776343916)	(215, 31.978803271293806)	(220, 31.068040165525893)	(225, 30.454286218596167)	(230, 31.306752436800092)	(235, 31.3881974543529)	(240, 29.675916374119907)	(245, 29.352197532801192)	(250, 26.500247112122224)	(255, 26.171248700700154)	(260, 22.574378787581637)	(265, 26.381578379650513)	(270, 22.07588891721744)	(275, 22.5367844044794)	(280, 20.40294965580812)	(285, 21.445158759732493)	(290, 18.21891192217929)	(295, 19.169307105454116)	(300, 18.81253309537351)
2518R_L_M_S5_week10_S61_L001_R1_001	(1, 33.90292621867423)	(2, 33.93754540759609)	(3, 33.9411517554686)	(4, 33.45056589900475)	(5, 33.8479206603468)	(6, 37.14625841408226)	(7, 37.60898260724946)	(8, 36.836305069019545)	(9, 36.93947112733384)	(10, 37.29649956671306)	(15, 37.85212748264664)	(20, 37.661124095130546)	(25, 37.62034960566511)	(30, 37.667333665957656)	(35, 37.70702800171564)	(40, 37.506564078324274)	(45, 37.76039669826598)	(50, 37.490146442232785)	(55, 37.55218262825731)	(60, 37.495270607389514)	(65, 37.52357343557155)	(70, 37.552979175967025)	(75, 37.13412112777151)	(80, 37.37035266931015)	(85, 37.27089449681819)	(90, 37.381591869961404)	(95, 37.171217492537835)	(100, 37.180163336046846)	(105, 37.24526316710871)	(110, 37.38716070131211)	(115, 36.90659909141041)	(120, 36.653585777684405)	(125, 36.727227051110354)	(130, 36.57531927557925)	(135, 36.570652031196666)	(140, 36.74317025988463)	(145, 36.5299965862241)	(150, 36.53627618322348)	(155, 36.71675113573698)	(160, 36.57277557487111)	(165, 36.532878163213496)	(170, 36.43923566432954)	(175, 36.73996831315704)	(180, 36.52567422074)	(185, 36.55402256593402)	(190, 36.3183967507856)	(195, 36.094911723256565)	(200, 35.89071190357396)	(205, 36.13536409232951)	(210, 36.14530080617631)	(215, 35.66291676514097)	(220, 35.80334725103508)	(225, 35.77117372618016)	(230, 35.656131229046856)	(235, 34.6879896361265)	(240, 34.78566914384251)	(245, 34.497837066603644)	(250, 34.46071969398563)	(255, 34.17114396505694)	(260, 34.06346822124769)	(265, 33.02823105135544)	(270, 31.862946526264192)	(275, 33.41422231559045)	(280, 32.135066481097304)	(285, 30.99514718626087)	(290, 29.832168272891995)	(295, 28.36092189455809)	(300, 25.593371147466364)
2518R_L_M_S5_week10_S61_L001_R2_001	(1, 32.41056344808872)	(2, 33.1289269364425)	(3, 33.73105573207987)	(4, 33.65906882697408)	(5, 33.56500617105643)	(6, 37.61658920021358)	(7, 36.02554204633982)	(8, 36.02272349290547)	(9, 36.29313831044353)	(10, 36.793788678518595)	(15, 37.50311003737647)	(20, 37.38263350927409)	(25, 37.181817704367006)	(30, 37.27539893035022)	(35, 36.90913578950132)	(40, 37.15026916309971)	(45, 37.252882014652975)	(50, 37.06129390859834)	(55, 36.92611013366245)	(60, 36.21906287474944)	(65, 36.369097450172)	(70, 36.59606102780914)	(75, 37.463209124410255)	(80, 36.86373957266528)	(85, 36.07903153803734)	(90, 37.042147002442164)	(95, 36.35735406108033)	(100, 37.0662027432753)	(105, 36.61344677573243)	(110, 37.13822991343015)	(115, 36.549933037472755)	(120, 36.822828532163896)	(125, 35.3424157278783)	(130, 36.927060738951184)	(135, 35.80725821275702)	(140, 36.03716989224723)	(145, 35.115240321070004)	(150, 36.4469017795401)	(155, 34.88870740439239)	(160, 35.264770708052126)	(165, 34.969760948154374)	(170, 34.89697049272166)	(175, 34.0181840462873)	(180, 34.37218910567825)	(185, 35.09753420340853)	(190, 33.6721882303511)	(195, 34.01552305174059)	(200, 32.99647593287992)	(205, 30.144283676023917)	(210, 31.927817021611823)	(215, 30.029510779653897)	(220, 30.073249126861164)	(225, 29.41006801291983)	(230, 29.88431151142739)	(235, 30.500813178925625)	(240, 28.42570660784468)	(245, 28.018404628729986)	(250, 25.31267386185587)	(255, 24.82200222333097)	(260, 21.155316299466925)	(265, 24.543707710756895)	(270, 20.665730066612394)	(275, 21.513641973687665)	(280, 19.226937317822536)	(285, 20.132543788240856)	(290, 17.32021042864771)	(295, 18.197477307143544)	(300, 17.941169262011677)
2518R_R_M_S5_week10_S62_L001_R1_001	(1, 33.894669229506135)	(2, 33.906008828273656)	(3, 33.92122166307676)	(4, 33.43152292550057)	(5, 33.82503791135022)	(6, 37.17388028706378)	(7, 37.594701104017155)	(8, 36.795954834783785)	(9, 36.85768513778482)	(10, 37.28540050806039)	(15, 37.84889356811003)	(20, 37.658285924022756)	(25, 37.63220484685746)	(30, 37.67829152620954)	(35, 37.736600631694856)	(40, 37.548525562391944)	(45, 37.784866368527304)	(50, 37.52202528711207)	(55, 37.586485207329204)	(60, 37.53678415160677)	(65, 37.557083385652604)	(70, 37.60706455071428)	(75, 37.15011735615419)	(80, 37.38708985714424)	(85, 37.27881504090563)	(90, 37.40156668051115)	(95, 37.18217925065922)	(100, 37.184675121461204)	(105, 37.274101476852344)	(110, 37.423519525552734)	(115, 36.91434063227439)	(120, 36.69205165602573)	(125, 36.735111222725564)	(130, 36.58642725367282)	(135, 36.610501202538366)	(140, 36.77245462711652)	(145, 36.558721542339974)	(150, 36.54116544803006)	(155, 36.71819648221306)	(160, 36.583794225884034)	(165, 36.52602408940318)	(170, 36.43383141281355)	(175, 36.74152282891115)	(180, 36.55373945967874)	(185, 36.56608938385604)	(190, 36.37403676193604)	(195, 36.133276023606456)	(200, 35.9324955810337)	(205, 36.12738213675131)	(210, 36.15318310457737)	(215, 35.6835575817871)	(220, 35.83550240990621)	(225, 35.72686441742087)	(230, 35.638855994822805)	(235, 34.76605654345075)	(240, 34.853941331581844)	(245, 34.504961798881496)	(250, 34.508645719639524)	(255, 34.25243453651563)	(260, 34.108500835498546)	(265, 33.087175821734554)	(270, 31.96737595502796)	(275, 33.5492731645594)	(280, 32.22509779679516)	(285, 31.033999478417094)	(290, 29.96149172711555)	(295, 28.48333928968135)	(300, 25.855125517960804)
2518R_R_M_S5_week10_S62_L001_R2_001	(1, 32.49321459273068)	(2, 33.19472428547971)	(3, 33.74439539847968)	(4, 33.65354338314128)	(5, 33.62042286851281)	(6, 37.62632448252214)	(7, 35.977610570746926)	(8, 35.97949406457969)	(9, 36.369811940385006)	(10, 36.84868686673557)	(15, 37.52364026233689)	(20, 37.400173860969176)	(25, 37.20455902096957)	(30, 37.28184601713497)	(35, 36.94979281567839)	(40, 37.16808298963595)	(45, 37.2487506157576)	(50, 37.08486347084448)	(55, 36.94961702292067)	(60, 36.216464633781186)	(65, 36.362511711468066)	(70, 36.60023760999121)	(75, 37.45607982150274)	(80, 36.89832224164743)	(85, 36.1145531290145)	(90, 37.026158348707156)	(95, 36.37145396064947)	(100, 37.056962648868456)	(105, 36.63858747621485)	(110, 37.12550443828418)	(115, 36.56562768639345)	(120, 36.80549207483749)	(125, 35.373244728632)	(130, 36.928191556152264)	(135, 35.80050806038771)	(140, 36.0235639566893)	(145, 35.077785397610384)	(150, 36.43330210275183)	(155, 34.78659145569925)	(160, 35.228005138557535)	(165, 34.96046787918594)	(170, 34.885647776994325)	(175, 33.98818518125006)	(180, 34.34003921530749)	(185, 35.16275704861346)	(190, 33.6182418792439)	(195, 33.92793269648705)	(200, 33.01969265244226)	(205, 30.21897402710299)	(210, 31.898074972713488)	(215, 30.022542040548245)	(220, 30.02354270701529)	(225, 29.420266393640553)	(230, 30.035210709835702)	(235, 30.55347094107079)	(240, 28.51902715128802)	(245, 28.11831625310294)	(250, 25.35120108952874)	(255, 24.873151036887503)	(260, 21.283188610174733)	(265, 24.627298103949542)	(270, 20.71479653437135)	(275, 21.546972404400613)	(280, 19.22347123083907)	(285, 20.167779698834167)	(290, 17.328645526460676)	(295, 18.256286522877208)	(300, 18.01333899991307)
3752R_0_F_S5_week10_S59_L001_R1_001	(1, 33.90135577824377)	(2, 33.926239092411315)	(3, 33.95050394750829)	(4, 33.41955683542224)	(5, 33.868548457234525)	(6, 37.17073335716978)	(7, 37.61218750905946)	(8, 36.8255075712919)	(9, 36.95596378149068)	(10, 37.341248320980256)	(15, 37.85905124513205)	(20, 37.67573417856073)	(25, 37.65333049872926)	(30, 37.705563232608256)	(35, 37.729457012262884)	(40, 37.56604079897181)	(45, 37.79074823884116)	(50, 37.53363547635844)	(55, 37.6100480272122)	(60, 37.564830938415)	(65, 37.56908477720979)	(70, 37.60777519012784)	(75, 37.225093976788465)	(80, 37.44693138003343)	(85, 37.329601963607544)	(90, 37.40590241875477)	(95, 37.22527951450963)	(100, 37.251662591923306)	(105, 37.323007643767575)	(110, 37.41866973319289)	(115, 37.01371626257453)	(120, 36.7764830938415)	(125, 36.81923600977939)	(130, 36.721563928374714)	(135, 36.69852246262671)	(140, 36.85881932298058)	(145, 36.68292956330991)	(150, 36.63496612970246)	(155, 36.820200419392556)	(160, 36.67134698452885)	(165, 36.644069074147446)	(170, 36.5750103881797)	(175, 36.846890793656925)	(180, 36.6602417788429)	(185, 36.67747166201212)	(190, 36.44269686808461)	(195, 36.23217146777731)	(200, 36.0393649198419)	(205, 36.25842892069228)	(210, 36.26081192079859)	(215, 35.84052839596842)	(220, 35.93316583400171)	(225, 35.873567639129135)	(230, 35.778850632471034)	(235, 34.919685358947845)	(240, 34.99210884879642)	(245, 34.69894765323773)	(250, 34.49470347786593)	(255, 34.341174878965624)	(260, 34.17125904737976)	(265, 33.19074823884116)	(270, 32.00966149029309)	(275, 33.47889991592822)	(280, 32.26188456074911)	(285, 31.02602359807891)	(290, 29.84147541142023)	(295, 28.459207792584287)	(300, 25.50672574239247)
3752R_0_F_S5_week10_S59_L001_R2_001	(1, 32.40322565058995)	(2, 33.15132920383058)	(3, 33.750635370060785)	(4, 33.672284336557695)	(5, 33.598359150778386)	(6, 37.63328276141975)	(7, 36.12166249528908)	(8, 36.13231158741049)	(9, 36.35722775721616)	(10, 36.84649845868404)	(15, 37.54145705091658)	(20, 37.426539624865924)	(25, 37.247491858566136)	(30, 37.3360764570026)	(35, 36.952985514528955)	(40, 37.18904940908169)	(45, 37.25747417450209)	(50, 37.12702956041089)	(55, 36.96357469342791)	(60, 36.33227486640318)	(65, 36.39870510132099)	(70, 36.65509310708039)	(75, 37.47368553288946)	(80, 36.92879989950039)	(85, 36.10711131296928)	(90, 37.05551249963762)	(95, 36.42851482852255)	(100, 37.070784573311556)	(105, 36.6154614767643)	(110, 37.15045176502421)	(115, 36.58658330353778)	(120, 36.83106597218867)	(125, 35.336513243721186)	(130, 36.93296096943459)	(135, 35.84037184851618)	(140, 36.13340741957616)	(145, 35.06879390817816)	(150, 36.46427915696298)	(155, 34.92948020447803)	(160, 35.283221398683835)	(165, 34.95707314244852)	(170, 34.85860672767508)	(175, 34.09649507648599)	(180, 34.402705758433754)	(185, 35.07509252727501)	(190, 33.73973696162655)	(195, 33.97827082709237)	(200, 32.93776175796991)	(205, 30.01081143762744)	(210, 31.91826870113932)	(215, 29.890917348743272)	(220, 29.847973097030433)	(225, 29.115963008416845)	(230, 29.6220461331813)	(235, 30.385960979098012)	(240, 28.234349603316485)	(245, 27.755957983436893)	(250, 24.954232096093076)	(255, 24.583378912478377)	(260, 21.005583525796506)	(265, 24.45606911280114)	(270, 20.491006252234666)	(275, 21.25042374109757)	(280, 18.889330614690333)	(285, 19.862669230694898)	(290, 17.07099523593247)	(295, 17.98785114463245)	(300, 17.813771344085502)
3752R_L_F_S5_week10_S60_L001_R1_001	(1, 33.92590143318662)	(2, 33.93456343097505)	(3, 33.95857635350491)	(4, 33.39987207562716)	(5, 33.86786930031872)	(6, 37.16637757203877)	(7, 37.61079551614232)	(8, 36.84615468008066)	(9, 36.93616790615988)	(10, 37.31275124130006)	(15, 37.85562325188092)	(20, 37.67851087357169)	(25, 37.65132586023721)	(30, 37.698766288675436)	(35, 37.74268120812645)	(40, 37.5770343227597)	(45, 37.79668697556428)	(50, 37.54153205698055)	(55, 37.60814162745821)	(60, 37.56469720951411)	(65, 37.57326814249474)	(70, 37.627078771058734)	(75, 37.20470501506905)	(80, 37.42742785282193)	(85, 37.315838771926025)	(90, 37.41651525335531)	(95, 37.20972225233625)	(100, 37.21492161921901)	(105, 37.32212874829254)	(110, 37.45051061338653)	(115, 36.97801435354827)	(120, 36.75980139199063)	(125, 36.770653281585396)	(130, 36.62839704256196)	(135, 36.64863077556862)	(140, 36.81840159580234)	(145, 36.61213113332322)	(150, 36.58267166800373)	(155, 36.76812731727413)	(160, 36.63219791418226)	(165, 36.55243381539862)	(170, 36.48988530170639)	(175, 36.797419830446)	(180, 36.595704776565995)	(185, 36.610244790876166)	(190, 36.408807267838945)	(195, 36.1673012293749)	(200, 35.9596062531168)	(205, 36.18925868910041)	(210, 36.17816396001821)	(215, 35.7439366015481)	(220, 35.90390928210577)	(225, 35.82360746731424)	(230, 35.67462977819215)	(235, 34.76950846685891)	(240, 34.86590923874157)	(245, 34.49522993863967)	(250, 34.402196396435464)	(255, 34.1814683116151)	(260, 34.02544827735739)	(265, 32.97697578109755)	(270, 31.874621105353306)	(275, 33.464734069079164)	(280, 32.0127599141389)	(285, 30.839938422844263)	(290, 29.680306151210942)	(295, 28.33975629322868)	(300, 25.78373192255155)
3752R_L_F_S5_week10_S60_L001_R2_001	(1, 32.463032024457405)	(2, 33.22166691962447)	(3, 33.76560568938228)	(4, 33.67650311138093)	(5, 33.624195052145446)	(6, 37.64066260488715)	(7, 36.085069707942154)	(8, 36.09342815637128)	(9, 36.41523384141714)	(10, 36.87604778734199)	(15, 37.55452180134863)	(20, 37.43948309880532)	(25, 37.25607423950045)	(30, 37.338474881290516)	(35, 36.99341297890332)	(40, 37.20090197523905)	(45, 37.27737689989376)	(50, 37.152735196548214)	(55, 36.975826629951655)	(60, 36.2887166366731)	(65, 36.4077166583552)	(70, 36.63989072223065)	(75, 37.47842631339303)	(80, 36.89447973808027)	(85, 36.161436222111405)	(90, 37.04604193317578)	(95, 36.43672730426486)	(100, 37.09763665141693)	(105, 36.6304004683333)	(110, 37.166594393009696)	(115, 36.60672795472779)	(120, 36.82952451161076)	(125, 35.415457167017195)	(130, 36.976739446239236)	(135, 35.90135729927799)	(140, 36.07837644456971)	(145, 35.09806595693935)	(150, 36.47937382103597)	(155, 34.821870731337135)	(160, 35.23829058346523)	(165, 34.95271568266083)	(170, 34.85851998005247)	(175, 34.010932113354)	(180, 34.25966479477894)	(185, 35.168014570369245)	(190, 33.73974328397042)	(195, 33.926933501008214)	(200, 33.0105331627675)	(205, 30.132414735153183)	(210, 31.90521237614102)	(215, 30.015873463281366)	(220, 29.9529433446803)	(225, 29.34739489603434)	(230, 30.037778885973854)	(235, 30.603874590750415)	(240, 28.50957698228573)	(245, 28.098024760954882)	(250, 25.302859868606493)	(255, 24.756371284230614)	(260, 21.19460983066282)	(265, 24.636933284187247)	(270, 20.8169835866525)	(275, 21.52778343921424)	(280, 19.152785065371525)	(285, 19.962919277552526)	(290, 17.22905401010386)	(295, 18.23342078445827)	(300, 17.922058281476986)
3795R_R_F_S2_week10_S51_L001_R1_001	(1, 33.912831824750896)	(2, 33.935057427550014)	(3, 33.95356355061991)	(4, 33.42434015364722)	(5, 33.87588803529322)	(6, 37.21202555716133)	(7, 37.63641134859664)	(8, 36.89188408001826)	(9, 37.012322202783906)	(10, 37.36916406784818)	(15, 37.86962957328669)	(20, 37.704977561420854)	(25, 37.7081935042215)	(30, 37.72838366167186)	(35, 37.77079790066175)	(40, 37.48387464820871)	(45, 37.80513120864076)	(50, 37.61544839126797)	(55, 37.653347531756296)	(60, 37.57837225222484)	(65, 37.643196166425795)	(70, 37.66672244618544)	(75, 37.287615425572376)	(80, 37.47101391952536)	(85, 37.40508557085267)	(90, 37.44050962196699)	(95, 37.390957632920056)	(100, 37.37663040997946)	(105, 37.38635734388073)	(110, 37.53853654826196)	(115, 37.10138891001749)	(120, 36.943816840343814)	(125, 36.8629360310337)	(130, 36.889844070890696)	(135, 36.896161862021756)	(140, 37.025605841636875)	(145, 36.88773712634061)	(150, 36.80627823838138)	(155, 36.962259070510385)	(160, 36.803868563170305)	(165, 36.800591769985544)	(170, 36.71777135468167)	(175, 36.988867422225596)	(180, 36.85536624324941)	(185, 36.862157146116985)	(190, 36.62571689358789)	(195, 36.41085722978626)	(200, 36.295588347151444)	(205, 36.54752414999619)	(210, 36.457588803529326)	(215, 36.04733095002662)	(220, 36.1953114779037)	(225, 36.05851677188713)	(230, 35.949129078877306)	(235, 35.23702441621663)	(240, 35.02601506047007)	(245, 35.02347303567354)	(250, 34.92004259526889)	(255, 34.74177683121625)	(260, 34.55716893587891)	(265, 33.90057655738953)	(270, 32.59232372404351)	(275, 33.98914733399255)	(280, 32.749098653685245)	(285, 31.919759640982733)	(290, 31.197750057047234)	(295, 29.741652087928806)	(300, 27.251289267513503)
3795R_R_F_S2_week10_S51_L001_R2_001	(1, 33.759709439415836)	(2, 33.601627747775154)	(3, 33.68005628660531)	(4, 33.75507720392485)	(5, 33.72332851601126)	(6, 37.518308359321516)	(7, 36.20428995208032)	(8, 36.092781623183996)	(9, 37.38777667909029)	(10, 37.21248954134022)	(15, 37.60508404959306)	(20, 37.539199817448846)	(25, 37.35800867117973)	(30, 37.37777896097968)	(35, 37.16833346010497)	(40, 37.27239065946604)	(45, 37.364683958317485)	(50, 37.215349509393775)	(55, 37.14228341066403)	(60, 36.53091503765118)	(65, 36.69017266296494)	(70, 36.81344184985168)	(75, 37.532594508252835)	(80, 37.00887046474482)	(85, 36.40534874876398)	(90, 37.21035673537689)	(95, 36.71349965771659)	(100, 37.2187130143759)	(105, 36.73338708450598)	(110, 37.251649806039396)	(115, 36.7418042138891)	(120, 36.92449836464593)	(125, 35.91500570472351)	(130, 37.07394234426105)	(135, 36.22986536852514)	(140, 36.37490225907051)	(145, 35.608404959306306)	(150, 36.699386932380015)	(155, 35.2575766334525)	(160, 35.69419639461474)	(165, 35.39472427169697)	(170, 35.39620597855024)	(175, 34.5945371567658)	(180, 35.067928805050585)	(185, 35.62929337491443)	(190, 34.225464364493796)	(195, 34.687151441393475)	(200, 33.55442001977637)	(205, 31.543492812048378)	(210, 32.71777591846048)	(215, 31.32094470221343)	(220, 31.247610861793568)	(225, 30.39540579599909)	(230, 31.280590248725947)	(235, 31.370785730584924)	(240, 29.635836312466722)	(245, 29.395287137750056)	(250, 26.52119266752871)	(255, 25.77406252376968)	(260, 22.07142922339697)	(265, 25.903511067163613)	(270, 21.569477447326385)	(275, 22.230950026622047)	(280, 19.946059176998556)	(285, 21.064327983570394)	(290, 17.93353768920666)	(295, 18.68586749828858)	(300, 18.48533125427854)
3874R_0_F_NS1_week10_S75_L001_R1_001	(1, 33.91635547526145)	(2, 33.93746682435767)	(3, 33.95381019341981)	(4, 33.42661315105743)	(5, 33.878425821591875)	(6, 37.16974753918218)	(7, 37.62590912900552)	(8, 36.8498738161534)	(9, 36.979261149343934)	(10, 37.36404831304769)	(15, 37.869660933294846)	(20, 37.68637493830495)	(25, 37.66970004563106)	(30, 37.7203523835244)	(35, 37.73644245364723)	(40, 37.557695352150716)	(45, 37.77136418241248)	(50, 37.56753489844761)	(55, 37.637868191426946)	(60, 37.55870668541575)	(65, 37.63580641256065)	(70, 37.64310924448004)	(75, 37.291649516217646)	(80, 37.45321698965385)	(85, 37.395559818593256)	(90, 37.43828911466433)	(95, 37.32262648650159)	(100, 37.36674333926227)	(105, 37.38635910712124)	(110, 37.44733151429928)	(115, 37.11666651145898)	(120, 36.83814756525707)	(125, 36.790832813387595)	(130, 36.83797062849799)	(135, 36.85768510844361)	(140, 36.93801625955691)	(145, 36.70710261400781)	(150, 36.68821321810715)	(155, 36.88334280100202)	(160, 36.74065727349767)	(165, 36.75106301742362)	(170, 36.65566802939013)	(175, 36.885086093701986)	(180, 36.73320171721781)	(185, 36.73774619818779)	(190, 36.42415652384456)	(195, 36.278876544704474)	(200, 36.099563245578906)	(205, 36.34779620610338)	(210, 36.335207621318084)	(215, 35.87839974670105)	(220, 35.9851354497453)	(225, 35.77075328497062)	(230, 35.804855517167525)	(235, 34.945963513777784)	(240, 35.113194825996665)	(245, 34.6768855405418)	(250, 34.639782833409384)	(255, 34.40568991367349)	(260, 34.35483828911466)	(265, 33.50845850832999)	(270, 32.25714684819757)	(275, 33.64376111675032)	(280, 32.40673104681374)	(285, 31.297006043787196)	(290, 30.298218526209915)	(295, 28.883994673272305)	(300, 26.147383664080905)
3874R_0_F_NS1_week10_S75_L001_R2_001	(1, 33.15701740498962)	(2, 33.360783364219664)	(3, 33.58973021800471)	(4, 33.69375040742017)	(5, 33.608550701693936)	(6, 37.45296741569895)	(7, 35.978134341562445)	(8, 35.93036141661157)	(9, 36.49986496931544)	(10, 37.25330825177169)	(15, 37.541791531247966)	(20, 37.44511142359591)	(25, 37.25999087378822)	(30, 37.332818043824446)	(35, 37.01650726837582)	(40, 37.20597859996461)	(45, 37.20464133056443)	(50, 37.132257433671995)	(55, 37.102319734036115)	(60, 36.45385954946313)	(65, 36.59842433159811)	(70, 36.73262434463555)	(75, 37.48394624847508)	(80, 36.926019947291465)	(85, 36.20803479135431)	(90, 37.10940465436801)	(95, 36.574493169309854)	(100, 37.131005838913055)	(105, 36.65015505247571)	(110, 37.1766666977082)	(115, 36.61301323300709)	(120, 36.844677462913126)	(125, 35.476323067897155)	(130, 36.98596798375907)	(135, 35.7778046804429)	(140, 36.32190011454327)	(145, 35.202620526526545)	(150, 36.55667656891687)	(155, 35.09975508227559)	(160, 35.35785552647998)	(165, 35.047704012739445)	(170, 35.22063641358501)	(175, 34.14390732238809)	(180, 34.749945522103125)	(185, 35.16451393609789)	(190, 33.75740107838298)	(195, 34.283808424052225)	(200, 33.22006090349497)	(205, 30.648329810118923)	(210, 32.212612797183915)	(215, 30.043187469152475)	(220, 30.21424434035182)	(225, 29.57217064153544)	(230, 30.012609072199513)	(235, 30.501580324632393)	(240, 28.47221627259436)	(245, 28.03915517353771)	(250, 25.317789594256073)	(255, 25.1681886332101)	(260, 21.35090656807875)	(265, 25.07132786381457)	(270, 20.84133056442826)	(275, 21.790905450583427)	(280, 19.369447677937845)	(285, 20.325761060875557)	(290, 17.436126761219185)	(295, 18.026914874793963)	(300, 18.00700297067506)
3874R_L_F_NS1_week10_S76_L001_R1_001	(1, 33.92572737209181)	(2, 33.93976994743143)	(3, 33.96351428720138)	(4, 33.410149378025295)	(5, 33.87025451517202)	(6, 37.17994066517462)	(7, 37.617009316608545)	(8, 36.83838026336335)	(9, 36.94407952948524)	(10, 37.33018060688075)	(15, 37.85969083433092)	(20, 37.67186176026648)	(25, 37.6617040545464)	(30, 37.7095195961068)	(35, 37.73140269609119)	(40, 37.55100192577942)	(45, 37.76007494925311)	(50, 37.562421277260185)	(55, 37.6209628897101)	(60, 37.53842086087545)	(65, 37.62085671160152)	(70, 37.64325404673919)	(75, 37.23318586373809)	(80, 37.40560245666996)	(85, 37.35141622859522)	(90, 37.4261198147088)	(95, 37.25402591995003)	(100, 37.30108988705564)	(105, 37.34778118981939)	(110, 37.41546036537761)	(115, 37.0331858637381)	(120, 36.792138656118254)	(125, 36.71130172279186)	(130, 36.748518190808305)	(135, 36.751178889293705)	(140, 36.846060479883405)	(145, 36.59564669754853)	(150, 36.58309477957633)	(155, 36.780627699994795)	(160, 36.64398480195701)	(165, 36.61018060688076)	(170, 36.53291625461927)	(175, 36.78773955134544)	(180, 36.635280278977774)	(185, 36.616901056576275)	(190, 36.30511216363921)	(195, 36.130767709363454)	(200, 35.93992817363244)	(205, 36.211579659605476)	(210, 36.18824962265133)	(215, 35.75146411284027)	(220, 35.88589392598761)	(225, 35.618143965023684)	(230, 35.62946754801437)	(235, 34.72551501587467)	(240, 34.9234101910165)	(245, 34.36239004840472)	(250, 34.39094571383959)	(255, 34.15569666371728)	(260, 34.0985436943736)	(265, 33.21639514911779)	(270, 31.970565762764796)	(275, 33.42839119346276)	(280, 32.074936761567685)	(285, 30.965567063967107)	(290, 29.934775412481134)	(295, 28.553360745328682)	(300, 26.109160464268985)
3874R_L_F_NS1_week10_S76_L001_R2_001	(1, 33.2057356997866)	(2, 33.396044344974754)	(3, 33.60197782751262)	(4, 33.701525009108416)	(5, 33.629334304897725)	(6, 37.44074324676001)	(7, 35.896694946130225)	(8, 35.84195076250455)	(9, 36.514651538021134)	(10, 37.26207255504086)	(15, 37.544025399469106)	(20, 37.444051423515326)	(25, 37.23982720033311)	(30, 37.3195836152605)	(35, 37.0322614896164)	(40, 37.18052984958101)	(45, 37.161265809608075)	(50, 37.123568417217506)	(55, 37.091866965075724)	(60, 36.40599802217248)	(65, 36.58958413574142)	(70, 36.70997970124395)	(75, 37.477709883932754)	(80, 36.90243272784053)	(85, 36.18485816894811)	(90, 37.09112788216312)	(95, 36.54302607609431)	(100, 37.13454431895071)	(105, 36.66870764586478)	(110, 37.17524384531307)	(115, 36.61425493155676)	(120, 36.83380835892365)	(125, 35.410871805548325)	(130, 36.977996148441164)	(135, 35.74592827772862)	(140, 36.30181647842606)	(145, 35.08772601884141)	(150, 36.5358038827877)	(155, 34.96852755946495)	(160, 35.28089730911363)	(165, 35.052593556446155)	(170, 35.146155207411645)	(175, 34.05749856867745)	(180, 34.65390516837557)	(185, 35.163778691510956)	(190, 33.700910841617656)	(195, 34.11862384843596)	(200, 33.21120907718732)	(205, 30.71041690522042)	(210, 32.0979607557383)	(215, 29.983386248893975)	(220, 30.15332118877843)	(225, 29.531406859938578)	(230, 30.125800239421228)	(235, 30.507706240566286)	(240, 28.586146879716857)	(245, 28.136871909644515)	(250, 25.357253942643005)	(255, 25.150539738718575)	(260, 21.393156716806327)	(265, 25.122092333315983)	(270, 21.04596262946963)	(275, 21.85103003174934)	(280, 19.47199083953573)	(285, 20.344862332795504)	(290, 17.498235569666374)	(295, 18.16290220163431)	(300, 18.080763025035132)
3893R_RL_M_S5_week10_S64_L001_R1_001	(1, 33.916447116924445)	(2, 33.94502474454742)	(3, 33.95096550227815)	(4, 33.425575220324625)	(5, 33.855407122710226)	(6, 37.167550031511844)	(7, 37.6317556747151)	(8, 36.85502484786495)	(9, 36.93132484063272)	(10, 37.31114072880183)	(15, 37.85440907541146)	(20, 37.6743245616754)	(25, 37.65806858217359)	(30, 37.69439915692899)	(35, 37.7517837770821)	(40, 37.56915558586203)	(45, 37.797253820165515)	(50, 37.54780605234066)	(55, 37.60567213216378)	(60, 37.544768517083554)	(65, 37.59183584911508)	(70, 37.635935901807024)	(75, 37.186719565239855)	(80, 37.3970182562068)	(85, 37.32275361869634)	(90, 37.4140842451105)	(95, 37.20020250235047)	(100, 37.200326483381374)	(105, 37.31980287016086)	(110, 37.45105332217504)	(115, 36.96785585138807)	(120, 36.74854167312401)	(125, 36.75858000392607)	(130, 36.617950386924136)	(135, 36.6573267623387)	(140, 36.815557553027716)	(145, 36.616086538759575)	(150, 36.58007211563297)	(155, 36.76491543460517)	(160, 36.622556282222156)	(165, 36.52457407350009)	(170, 36.47994296872579)	(175, 36.79081507196066)	(180, 36.58379774561159)	(185, 36.60490758247321)	(190, 36.404107904823896)	(195, 36.15010383411338)	(200, 35.9566872268543)	(205, 36.14680593869137)	(210, 36.17254646705721)	(215, 35.72401822521154)	(220, 35.88415832377647)	(225, 35.78872185888893)	(230, 35.66098626910083)	(235, 34.71809813098596)	(240, 34.83141472688012)	(245, 34.46802219260453)	(250, 34.42023783694428)	(255, 34.18888510057961)	(260, 33.988759053198194)	(265, 33.01926871855273)	(270, 31.891733564764593)	(275, 33.44241184432116)	(280, 32.07943877920012)	(285, 30.880484352560728)	(290, 29.810118918472135)	(295, 28.348529275020923)	(300, 25.88106086435442)
3893R_RL_M_S5_week10_S64_L001_R2_001	(1, 32.37330688404674)	(2, 33.10353449255597)	(3, 33.72875016789098)	(4, 33.63663226193059)	(5, 33.593610844207504)	(6, 37.61889264275899)	(7, 35.95799109402928)	(8, 35.95754682866855)	(9, 36.28374092097243)	(10, 36.79598921365031)	(15, 37.51201272871917)	(20, 37.39815474899008)	(25, 37.208978292987844)	(30, 37.274394817592906)	(35, 36.941737180877986)	(40, 37.14672741737181)	(45, 37.23572926675552)	(50, 37.08186054200374)	(55, 36.95675128372026)	(60, 36.223508869809585)	(65, 36.33839382574466)	(70, 36.57369122524254)	(75, 37.45558689520503)	(80, 36.89754207606236)	(85, 36.10752048269948)	(90, 37.034851067786626)	(95, 36.35151515151515)	(100, 37.04734628935107)	(105, 36.63570033784831)	(110, 37.11928214983108)	(115, 36.55223837419542)	(120, 36.79116635154821)	(125, 35.35218671543254)	(130, 36.8908140387854)	(135, 35.79014557439378)	(140, 36.01176993253365)	(145, 35.04322392007356)	(150, 36.40790379072002)	(155, 34.765148932213364)	(160, 35.20205395241195)	(165, 34.92457200714957)	(170, 34.82581285063385)	(175, 33.98142350886981)	(180, 34.33696391118825)	(185, 35.06774116893449)	(190, 33.597421194557235)	(195, 33.83042907768445)	(200, 32.89152073066153)	(205, 30.19140811455847)	(210, 31.867408486501567)	(215, 29.9408589819091)	(220, 29.90254057795824)	(225, 29.27217968984079)	(230, 29.978890163138374)	(235, 30.384729669693872)	(240, 28.38314271249832)	(245, 28.048094308237506)	(250, 25.117666263728317)	(255, 24.637248034384072)	(260, 21.08789428550765)	(265, 24.543198090692123)	(270, 20.5484714172065)	(275, 21.25782475281282)	(280, 18.819640661645437)	(285, 19.90858671956524)	(290, 17.094839289588695)	(295, 18.072252012108812)	(300, 17.900748018886446)
3893R_R_M_S5_week10_S63_L001_R1_001	(1, 33.94493202851702)	(2, 33.95868573705885)	(3, 33.95719789221981)	(4, 33.59558074657929)	(5, 33.85807908603817)	(6, 37.14241686224151)	(7, 37.55716246734269)	(8, 36.85026790063322)	(9, 36.91656555816322)	(10, 37.25900013284328)	(15, 37.84026745782226)	(20, 37.647556126289686)	(25, 37.60678386396847)	(30, 37.6424956825931)	(35, 37.682782624097776)	(40, 37.48264978080858)	(45, 37.747843953416286)	(50, 37.444224416596555)	(55, 37.5183775406279)	(60, 37.47622725058672)	(65, 37.50034450692999)	(70, 37.52751893016871)	(75, 37.07411769915423)	(80, 37.334782801222154)	(85, 37.222585130407836)	(90, 37.34757295310633)	(95, 37.119829960589826)	(100, 37.132023203294516)	(105, 37.20541114998008)	(110, 37.34644821325776)	(115, 36.85425674179693)	(120, 36.59512199442058)	(125, 36.65473497763805)	(130, 36.495457645131296)	(135, 36.4906469468184)	(140, 36.653055838462556)	(145, 36.449097108444406)	(150, 36.44730992339371)	(155, 36.62004693796219)	(160, 36.465164061462154)	(165, 36.400194836824156)	(170, 36.32414825311075)	(175, 36.646116105034764)	(180, 36.422684320063766)	(185, 36.44999335783554)	(190, 36.218114510915285)	(195, 35.984062347783734)	(200, 35.77062746313599)	(205, 35.97452242837532)	(210, 35.99635655138821)	(215, 35.491130496391094)	(220, 35.65245715803924)	(225, 35.53277066820174)	(230, 35.397950670858606)	(235, 34.42406411902759)	(240, 34.57308772085197)	(245, 34.25769118363371)	(250, 34.12518088827879)	(255, 33.855037860337426)	(260, 33.688999690032325)	(265, 32.68190940087676)	(270, 31.373050524730996)	(275, 32.98310410485764)	(280, 31.620119558960283)	(285, 30.32428818137537)	(290, 29.07503343222778)	(295, 27.51801620688128)	(300, 24.91736261789842)
3893R_R_M_S5_week10_S63_L001_R2_001	(1, 32.324846123190014)	(2, 33.08490457423726)	(3, 33.72737014568481)	(4, 33.662454058362485)	(5, 33.56593012442988)	(6, 37.612664393570384)	(7, 36.04106628880131)	(8, 36.06635965106496)	(9, 36.256440685471375)	(10, 36.78689988044104)	(15, 37.52651463490236)	(20, 37.409180356905644)	(25, 37.2213346322455)	(30, 37.302158260638535)	(35, 36.93539210910862)	(40, 37.17442146747554)	(45, 37.27888588761458)	(50, 37.09446220608422)	(55, 36.956503564628264)	(60, 36.292924766417215)	(65, 36.40544303236948)	(70, 36.62944870034982)	(75, 37.46827967940486)	(80, 36.907813842270734)	(85, 36.12583801974937)	(90, 37.064204047292215)	(95, 36.415732187928974)	(100, 37.08394987379887)	(105, 36.61875038745959)	(110, 37.14901297436124)	(115, 36.562883584997564)	(120, 36.81128459460656)	(125, 35.307440109817115)	(130, 36.936267103573485)	(135, 35.85708896072266)	(140, 36.08504450250188)	(145, 35.180241774786346)	(150, 36.44364876234336)	(155, 34.94618429792322)	(160, 35.214488774742065)	(165, 34.927935172474875)	(170, 34.87181508214143)	(175, 34.03629455785325)	(180, 34.347707567639375)	(185, 35.012590001328434)	(190, 33.691791170349376)	(195, 33.947278926626225)	(200, 32.927678342115755)	(205, 30.044732763583227)	(210, 31.84111234114157)	(215, 29.868926183412306)	(220, 29.940645618385513)	(225, 29.207970597351988)	(230, 29.68891467032724)	(235, 30.338764557410446)	(240, 28.19788336359208)	(245, 27.75577558340344)	(250, 25.03429128105212)	(255, 24.46352743213922)	(260, 20.95322853473852)	(265, 24.29420714696896)	(270, 20.447448080414468)	(275, 21.204754018509497)	(280, 18.81791613160342)	(285, 19.796896780764293)	(290, 17.031386441128284)	(295, 17.96334587964398)	(300, 17.738737103130674)
3894R_0_M_NS6_week10_S71_L001_R1_001	(1, 33.94054475265793)	(2, 33.9494388563956)	(3, 33.95055845656399)	(4, 33.53968310836834)	(5, 33.85358316837891)	(6, 37.10692629448172)	(7, 37.55204349422734)	(8, 36.83024174406836)	(9, 36.92407319498061)	(10, 37.26918770768583)	(15, 37.84779170062787)	(20, 37.689797307585515)	(25, 37.68587781131602)	(30, 37.64887726495114)	(35, 37.68938708608382)	(40, 37.465300455901186)	(45, 37.704040413087675)	(50, 37.55105824607916)	(55, 37.55121230306232)	(60, 37.47201268283071)	(65, 37.57382285238295)	(70, 37.60130590163641)	(75, 37.134563400718335)	(80, 37.337001442045015)	(85, 37.2890306053902)	(90, 37.335940956765526)	(95, 37.293605739518306)	(100, 37.22376776805467)	(105, 37.2899388250468)	(110, 37.37351473841662)	(115, 36.992777235393696)	(120, 36.75725456125109)	(125, 36.55654876530494)	(130, 36.469467159887856)	(135, 36.727693534085105)	(140, 36.775105466335866)	(145, 36.58330093956846)	(150, 36.46410382724121)	(155, 36.69538456026584)	(160, 36.57259039651759)	(165, 36.42150707139466)	(170, 36.41536628839109)	(175, 36.693093410481254)	(180, 36.52633210028035)	(185, 36.55847626895483)	(190, 36.38488450204663)	(195, 36.114931883525756)	(200, 35.902188146569095)	(205, 36.09655073580123)	(210, 35.97932411977035)	(215, 35.70734189006422)	(220, 35.889247359982804)	(225, 35.61663636282211)	(230, 35.48252796761221)	(235, 34.54619112022714)	(240, 34.80259568103039)	(245, 34.085779286501214)	(250, 34.35446362195133)	(255, 34.06666547242649)	(260, 33.68230404757853)	(265, 32.98967997348787)	(270, 32.00044604870709)	(275, 33.53687246410563)	(280, 31.995009270289394)	(285, 30.978781337608712)	(290, 30.20615869660627)	(295, 28.967588918645372)	(300, 27.124463711519343)
3894R_0_M_NS6_week10_S71_L001_R2_001	(1, 33.074950513672555)	(2, 33.83038505288991)	(3, 33.87391510743683)	(4, 33.73192293568121)	(5, 33.88233450070311)	(6, 37.80464320581834)	(7, 36.23258126058022)	(8, 36.27981943088484)	(9, 37.35911399321075)	(10, 37.27880552097235)	(15, 37.597567332754124)	(20, 37.57861294974339)	(25, 37.38415720977724)	(30, 37.368532965507356)	(35, 37.23762931381945)	(40, 37.26803944575313)	(45, 37.26211183462162)	(50, 37.223069137549594)	(55, 37.2234793590513)	(60, 36.671672324379514)	(65, 36.80211022239738)	(70, 36.86373122430517)	(75, 37.56237247754082)	(80, 37.047512248425846)	(85, 36.57032790849731)	(90, 37.26795525182047)	(95, 36.832866086863056)	(100, 37.27392048151764)	(105, 36.84755344971204)	(110, 37.312389943303444)	(115, 36.79880157997976)	(120, 36.94265855777584)	(125, 36.05757790177971)	(130, 37.10777002516861)	(135, 36.00634320671402)	(140, 36.6093025338791)	(145, 35.77019534783737)	(150, 36.73466729961397)	(155, 35.35053158615995)	(160, 35.592268489077185)	(165, 35.46180551201555)	(170, 35.628464714681094)	(175, 34.78379535500282)	(180, 35.16938565299561)	(185, 35.813890207529084)	(190, 34.46039750284378)	(195, 34.6164375218322)	(200, 33.87071932071619)	(205, 32.36699239567566)	(210, 33.155337805762805)	(215, 32.151359194604424)	(220, 31.465273585497147)	(225, 31.020471665158937)	(230, 32.13652314885308)	(235, 31.88918645373364)	(240, 30.386172490080344)	(245, 30.30595537721569)	(250, 27.361901349789964)	(255, 26.777828333945383)	(260, 23.448708877085817)	(265, 26.961378272591293)	(270, 22.291472229437424)	(275, 22.89186991141724)	(280, 20.92697161589653)	(285, 22.024679570431807)	(290, 18.71130437898018)	(295, 19.682313004379875)	(300, 19.16807885567906)
3896R_0_M_S2_week10_S52_L001_R1_001	(1, 33.92522036106642)	(2, 33.94005586757608)	(3, 33.958119059134745)	(4, 33.41570017076132)	(5, 33.87172172814403)	(6, 37.19634590518305)	(7, 37.62596361698137)	(8, 36.860488989349626)	(9, 36.965670065442055)	(10, 37.33348599855889)	(15, 37.85521809082923)	(20, 37.66192219995854)	(25, 37.63974494378695)	(30, 37.7055936670253)	(35, 37.74957507082153)	(40, 37.483402592018635)	(45, 37.793066893032346)	(50, 37.53451254059283)	(55, 37.62251285645191)	(60, 37.56805085331307)	(65, 37.608569651864066)	(70, 37.63035603241504)	(75, 37.200300066132996)	(80, 37.41127814353821)	(85, 37.34172597250052)	(90, 37.443916257859456)	(95, 37.23130755791573)	(100, 37.25569977593746)	(105, 37.3389523348896)	(110, 37.478945030648205)	(115, 37.0132265992834)	(120, 36.808632823681535)	(125, 36.78276199030707)	(130, 36.7784761773154)	(135, 36.688825497724835)	(140, 36.8269447542715)	(145, 36.632284746967265)	(150, 36.66639950252194)	(155, 36.80592038376879)	(160, 36.62554115545203)	(165, 36.59944132423923)	(170, 36.50015102012615)	(175, 36.82169951930195)	(180, 36.64327269496896)	(185, 36.70006613299641)	(190, 36.3736020767735)	(195, 36.20727857784446)	(200, 36.04386295663847)	(205, 36.3196651893674)	(210, 36.29120233735725)	(215, 35.81985371776016)	(220, 35.87773292140044)	(225, 35.74552220390679)	(230, 35.69176496135661)	(235, 34.84298447355174)	(240, 34.81288507664518)	(245, 34.842267868247276)	(250, 34.523625272675226)	(255, 34.42635251848269)	(260, 34.29169389306196)	(265, 33.449816900435295)	(270, 31.858945228060133)	(275, 33.47371164039443)	(280, 32.4528432253161)	(285, 31.33899181727552)	(290, 30.157736079991317)	(295, 28.680263742337946)	(300, 25.4021379711976)
3896R_0_M_S2_week10_S52_L001_R2_001	(1, 33.77304537513202)	(2, 33.65768771406856)	(3, 33.69483076862335)	(4, 33.773025633939056)	(5, 33.74630592926731)	(6, 37.55104578969707)	(7, 36.18649504989587)	(8, 36.038396620307765)	(9, 37.38587122819832)	(10, 37.24495464460917)	(15, 37.62785877150556)	(20, 37.4722863262627)	(25, 37.33141909565595)	(30, 37.4017905262015)	(35, 37.06131811945395)	(40, 37.290509421484344)	(45, 37.389874742130665)	(50, 37.222501011736135)	(55, 37.15309295140706)	(60, 36.50176979794889)	(65, 36.67835674309798)	(70, 36.84738281134329)	(75, 37.542497853145264)	(80, 37.06773795540464)	(85, 36.36812192160771)	(90, 37.21265410468755)	(95, 36.65031437849789)	(100, 37.232409116482906)	(105, 36.803831765553596)	(110, 37.276866283029484)	(115, 36.722265104480265)	(120, 36.98148670924184)	(125, 35.53963340604673)	(130, 37.097789973448094)	(135, 36.036396837460885)	(140, 36.31254059282803)	(145, 35.46022050912537)	(150, 36.70181322857341)	(155, 35.37725419747115)	(160, 35.54949808016899)	(165, 35.27092220982914)	(170, 35.24920689757282)	(175, 34.30125455281263)	(180, 34.80742268855307)	(185, 35.37710811264325)	(190, 34.01905025120668)	(195, 34.50550483165698)	(200, 33.37563541964841)	(205, 30.664832051800893)	(210, 32.18103661004234)	(215, 30.470156251542278)	(220, 30.609631728045326)	(225, 29.803904807967548)	(230, 30.15939434019998)	(235, 30.808099811471607)	(240, 28.73579966637384)	(245, 28.1820019543781)	(250, 25.605525559909587)	(255, 25.206504723080414)	(260, 21.329731223657845)	(265, 24.86239598858959)	(270, 21.029224862058413)	(275, 21.81394912694574)	(280, 19.441853303195114)	(285, 20.28641312394508)	(290, 17.42571685206937)	(295, 18.322565170613263)	(300, 18.07597398110768)
3896R_L_M_S2_week10_S53_L001_R1_001	(1, 33.904022721329575)	(2, 33.942223319871)	(3, 33.94475840427695)	(4, 33.452044047999536)	(5, 33.85606676932911)	(6, 37.199676032193395)	(7, 37.63149751576256)	(8, 36.85942266902984)	(9, 36.979922712612954)	(10, 37.321413836185606)	(15, 37.85445564691868)	(20, 37.65298834878112)	(25, 37.6231629717872)	(30, 37.675699508963596)	(35, 37.71588604468722)	(40, 37.41699305575733)	(45, 37.76542842200076)	(50, 37.49837434988523)	(55, 37.57202399976755)	(60, 37.51972571694221)	(65, 37.56089141993782)	(70, 37.57774065142227)	(75, 37.14188627713049)	(80, 37.37304820292297)	(85, 37.301519597873146)	(90, 37.39553999477003)	(95, 37.21406281779353)	(100, 37.23165441496935)	(105, 37.28044716273935)	(110, 37.42196879449109)	(115, 36.956521486474706)	(120, 36.74556323909696)	(125, 36.73172414795014)	(130, 36.7223014789203)	(135, 36.655401400470694)	(140, 36.80753261469623)	(145, 36.613560159223645)	(150, 36.62535665514135)	(155, 36.7797367579975)	(160, 36.59779324171194)	(165, 36.58174593950664)	(170, 36.4826452044048)	(175, 36.7925342127437)	(180, 36.61592817502978)	(185, 36.665079757096784)	(190, 36.3479268965918)	(195, 36.1475331958044)	(200, 35.99076909666735)	(205, 36.29579568236627)	(210, 36.23335415637621)	(215, 35.77205596071709)	(220, 35.82326757125839)	(225, 35.78778946450881)	(230, 35.72463898654735)	(235, 34.82972949414533)	(240, 34.720777522735865)	(245, 34.79782084435017)	(250, 34.51717901037278)	(255, 34.39494871720371)	(260, 34.276637998663446)	(265, 33.4723581369672)	(270, 31.907987331841827)	(275, 33.48061858965046)	(280, 32.44081849086207)	(285, 31.415880233605485)	(290, 30.302906993636867)	(295, 28.86351512334021)	(300, 25.565618008542287)
3896R_L_M_S2_week10_S53_L001_R2_001	(1, 33.72036348316239)	(2, 33.56539646105122)	(3, 33.657371357178135)	(4, 33.74926635093123)	(5, 33.70309730656362)	(6, 37.52040416073452)	(7, 36.06918819188192)	(8, 35.94962518522823)	(9, 37.31751750588372)	(10, 37.164065723334396)	(15, 37.56464828427812)	(20, 37.422087921666616)	(25, 37.247074120347506)	(30, 37.327156637708114)	(35, 36.98936717319929)	(40, 37.220632245692535)	(45, 37.32096347735131)	(50, 37.13892553098759)	(55, 37.06596739983148)	(60, 36.38068832263126)	(65, 36.578933375947926)	(70, 36.742702734113955)	(75, 37.50106923903885)	(80, 36.97767527675277)	(85, 36.241600081355145)	(90, 37.161086091175875)	(95, 36.5545704157829)	(100, 37.152363657494845)	(105, 36.728690763285584)	(110, 37.207566028416196)	(115, 36.64187174942615)	(120, 36.924657872562975)	(125, 35.51516837609321)	(130, 37.01313740302758)	(135, 35.95494377778424)	(140, 36.233213237644186)	(145, 35.37977307725833)	(150, 36.60285324113083)	(155, 35.27492954063399)	(160, 35.494306592672224)	(165, 35.186371560566)	(170, 35.18062585350263)	(175, 34.24772786704246)	(180, 34.78381613737397)	(185, 35.29264462329663)	(190, 33.892895952581576)	(195, 34.44754481796787)	(200, 33.300033413719966)	(205, 30.68135223871924)	(210, 32.18636574948427)	(215, 30.492352616439547)	(220, 30.579380829241366)	(225, 29.824265624546012)	(230, 30.188818025975536)	(235, 30.782565302030967)	(240, 28.73778946450882)	(245, 28.261580033123163)	(250, 25.669475840427697)	(255, 25.25087747334166)	(260, 21.40081209867217)	(265, 24.916795478978415)	(270, 20.929855885173026)	(275, 21.818977540169108)	(280, 19.534559955835782)	(285, 20.431729959031877)	(290, 17.485810791178775)	(295, 18.28088299386931)	(300, 18.072649417439056)
3909R_R_M_S2_week10_S54_L001_R1_001	(1, 33.908354104556636)	(2, 33.916719612922144)	(3, 33.92949187885897)	(4, 33.427561376928466)	(5, 33.848630728377564)	(6, 37.20217324014792)	(7, 37.61247413779059)	(8, 36.80598862877344)	(9, 36.890515289249464)	(10, 37.309131192675494)	(15, 37.85446947852011)	(20, 37.66146490070541)	(25, 37.62845901959825)	(30, 37.69018132056107)	(35, 37.75132854373361)	(40, 37.47201016568105)	(45, 37.79050388544059)	(50, 37.52720460062232)	(55, 37.616967238486225)	(60, 37.565154847433334)	(65, 37.594063502924264)	(70, 37.61069840183764)	(75, 37.166313148591634)	(80, 37.40324031083525)	(85, 37.32448071941743)	(90, 37.438790870436435)	(95, 37.21600768942541)	(100, 37.23319160028021)	(105, 37.30919146995097)	(110, 37.454195787107174)	(115, 36.97379567632733)	(120, 36.75751103725787)	(125, 36.74305752407018)	(130, 36.743257905283215)	(135, 36.670587947803135)	(140, 36.822084290438724)	(145, 36.6057638108271)	(150, 36.65847873189645)	(155, 36.78834367821709)	(160, 36.613590081944515)	(165, 36.62010654415718)	(170, 36.505258785005616)	(175, 36.813425541273645)	(180, 36.62476581463923)	(185, 36.6950849583761)	(190, 36.375361256373914)	(195, 36.19191307039408)	(200, 36.0236156590587)	(205, 36.30966554257694)	(210, 36.29204665786945)	(215, 35.81919586856296)	(220, 35.84265839075966)	(225, 35.71738755029894)	(230, 35.752333708029916)	(235, 34.925775866282194)	(240, 34.850981542120785)	(245, 34.86083117475522)	(250, 34.63466432074027)	(255, 34.507371747878075)	(260, 34.38141993711614)	(265, 33.498106967727225)	(270, 31.97983480768291)	(275, 33.58559698939446)	(280, 32.56157242233192)	(285, 31.507164850202827)	(290, 30.366583581773455)	(295, 28.91070654741541)	(300, 25.46645651076031)
3909R_R_M_S2_week10_S54_L001_R2_001	(1, 33.76107391297265)	(2, 33.62940064838799)	(3, 33.678217095938614)	(4, 33.76273561083688)	(5, 33.731342554127366)	(6, 37.52905527589072)	(7, 36.10099701871854)	(8, 35.928905397259825)	(9, 37.35918739716208)	(10, 37.207713862144246)	(15, 37.596334490005376)	(20, 37.42407018229803)	(25, 37.278769366111135)	(30, 37.35093266865419)	(35, 36.98803903360866)	(40, 37.25700601143639)	(45, 37.340416727758495)	(50, 37.17127706368213)	(55, 37.083145170486944)	(60, 36.39263802681525)	(65, 36.57763387257059)	(70, 36.769476890995875)	(75, 37.50817001449913)	(80, 37.013409250118116)	(85, 36.257714676702015)	(90, 37.14932636071877)	(95, 36.556137692846555)	(100, 37.15306029356662)	(105, 36.76275678933907)	(110, 37.21138751771663)	(115, 36.65519117671017)	(120, 36.936690940488404)	(125, 35.46491210921591)	(130, 37.02401153413812)	(135, 35.92979815258296)	(140, 36.22569929785119)	(145, 35.31377580111757)	(150, 36.61425639020575)	(155, 35.258004659270476)	(160, 35.47464607464608)	(165, 35.18788752586221)	(170, 35.105597641040674)	(175, 34.18431976280077)	(180, 34.74336868514084)	(185, 35.275286317058466)	(190, 33.856896860694334)	(195, 34.44689572031344)	(200, 33.256807259338906)	(205, 30.486279588811232)	(210, 32.10448821334897)	(215, 30.30375022400339)	(220, 30.421105191991266)	(225, 29.687082742778944)	(230, 29.975496472964824)	(235, 30.735386018930324)	(240, 28.597610087483503)	(245, 28.07004545232393)	(250, 25.50325334375967)	(255, 25.166362022058223)	(260, 21.332046332046332)	(265, 24.812596321457082)	(270, 20.83093853347018)	(275, 21.72248179463369)	(280, 19.376772070442957)	(285, 20.31872505416809)	(290, 17.401788768877374)	(295, 18.22911392405063)	(300, 18.04945180261636)
3974R_0_M_NS1_week10_S79_L001_R1_001	(1, 33.94659967701418)	(2, 33.95715951910999)	(3, 33.95374125246725)	(4, 33.51865243136551)	(5, 33.86037143369819)	(6, 37.13778036963933)	(7, 37.57417907769604)	(8, 36.850690830791315)	(9, 36.957177462766914)	(10, 37.295837071595194)	(15, 37.849736228243316)	(20, 37.65504037322806)	(25, 37.62599856450745)	(30, 37.664726359232006)	(35, 37.68406603265746)	(40, 37.47727615287995)	(45, 37.72377175668401)	(50, 37.484665350798494)	(55, 37.55107303068365)	(60, 37.482425982415215)	(65, 37.55687421496501)	(70, 37.56032478019021)	(75, 37.146280279921044)	(80, 37.35724923739458)	(85, 37.27974878880316)	(90, 37.36499551408577)	(95, 37.20392068903642)	(100, 37.24851426520725)	(105, 37.263341108918)	(110, 37.337373048627306)	(115, 36.939680602906876)	(120, 36.65720617261798)	(125, 36.611343979903104)	(130, 36.6412578503499)	(135, 36.6581123272923)	(140, 36.73533106047012)	(145, 36.49652610802082)	(150, 36.50234164722771)	(155, 36.69565763502602)	(160, 36.54195765296968)	(165, 36.52339135115737)	(170, 36.42307015969855)	(175, 36.6859232011484)	(180, 36.52217297685267)	(185, 36.55623362641306)	(190, 36.212896106226445)	(195, 36.03681858962857)	(200, 35.827857527364074)	(205, 36.10595011663377)	(210, 36.08148214606136)	(215, 35.60768706262336)	(220, 35.758289969495785)	(225, 35.46899874394402)	(230, 35.48174591781805)	(235, 34.57602727435851)	(240, 34.78976852682577)	(245, 34.27408577068006)	(250, 34.25495065494348)	(255, 33.9689574735331)	(260, 33.94302530055626)	(265, 33.032268078234345)	(270, 31.717801902027638)	(275, 33.19545846043424)	(280, 31.817886237215145)	(285, 30.691604162928407)	(290, 29.656063161672346)	(295, 28.184794545128295)	(300, 25.6644581015611)
3974R_0_M_NS1_week10_S79_L001_R2_001	(1, 33.06918176924457)	(2, 33.28604880674681)	(3, 33.54397990310425)	(4, 33.67656558406603)	(5, 33.546357437645796)	(6, 37.371711824869905)	(7, 35.814211376278486)	(8, 35.775291584424906)	(9, 36.35762605418984)	(10, 37.185146240803874)	(15, 37.49534182666427)	(20, 37.38745558944913)	(25, 37.18087744482325)	(30, 37.26170644177283)	(35, 36.90993360846941)	(40, 37.14237394581015)	(45, 37.16987618876727)	(50, 37.06239727256415)	(55, 37.035666606854484)	(60, 36.353093486452536)	(65, 36.498469406064956)	(70, 36.63376637358694)	(75, 37.45308810335547)	(80, 36.86930199174592)	(85, 36.11182845863987)	(90, 37.073412883545664)	(95, 36.465108559124346)	(100, 37.07931814103714)	(105, 36.6133841736946)	(110, 37.14344697649381)	(115, 36.550954602548)	(120, 36.797525569711105)	(125, 35.35848914408756)	(130, 36.933590525749146)	(135, 35.692049165619956)	(140, 36.24598241521622)	(145, 35.11696572761529)	(150, 36.476125964471564)	(155, 34.941605957294094)	(160, 35.204121657993895)	(165, 34.90287636820385)	(170, 35.07842275255697)	(175, 33.953246007536336)	(180, 34.56232370357079)	(185, 35.022011483940425)	(190, 33.5647281535977)	(195, 34.0818015431545)	(200, 33.047073389556786)	(205, 30.423007356899337)	(210, 32.00285663018123)	(215, 29.73753274717388)	(220, 29.964272384712)	(225, 29.398935941144806)	(230, 29.830570608289968)	(235, 30.316649919253546)	(240, 28.19209940785932)	(245, 27.742167593755607)	(250, 25.08971290148932)	(255, 24.925894491297324)	(260, 21.10563610263772)	(265, 24.799691369101023)	(270, 20.625284406962137)	(275, 21.5829930019738)	(280, 19.188770859501165)	(285, 20.124319038219987)	(290, 17.305356181589808)	(295, 17.949113583348286)	(300, 17.88088551946887)
3974R_L_M_NS1_week10_S80_L001_R1_001	(1, 33.924445231648996)	(2, 33.95067601190928)	(3, 33.95568600659565)	(4, 33.40693977041742)	(5, 33.86376019500182)	(6, 37.18517581370242)	(7, 37.6399719980095)	(8, 36.844394963015446)	(9, 36.94531177517438)	(10, 37.33329959599538)	(15, 37.86559719305348)	(20, 37.67550584921097)	(25, 37.66078793552795)	(30, 37.716117169774726)	(35, 37.75258217150376)	(40, 37.573931158961905)	(45, 37.782551048809495)	(50, 37.56881151792718)	(55, 37.636640435886406)	(60, 37.54637618818687)	(65, 37.65201116705886)	(70, 37.65994112834527)	(75, 37.25640882906134)	(80, 37.43265774314078)	(85, 37.39199581657009)	(90, 37.45257964120341)	(95, 37.268950684446246)	(100, 37.334438231151374)	(105, 37.379732294223324)	(110, 37.46164317704512)	(115, 37.08416116326341)	(120, 36.81320479407572)	(125, 36.74727360137648)	(130, 36.74449195786207)	(135, 36.798628577212114)	(140, 36.9004141258234)	(145, 36.653708155158014)	(150, 36.64418410465322)	(155, 36.84624882973609)	(160, 36.704632979934715)	(165, 36.67960324890564)	(170, 36.60822853672731)	(175, 36.856511727942106)	(180, 36.67998616769144)	(185, 36.7210411342493)	(190, 36.3964491451802)	(195, 36.23475957929539)	(200, 36.041331612729095)	(205, 36.29883015780639)	(210, 36.28363823452511)	(215, 35.81941752486021)	(220, 35.97818543727807)	(225, 35.7173418351425)	(230, 35.74436375597783)	(235, 34.840825552659766)	(240, 35.02386747973651)	(245, 34.532268920320845)	(250, 34.538372004756965)	(255, 34.291421438391396)	(260, 34.28725825088772)	(265, 33.34480740197195)	(270, 32.11102451861036)	(275, 33.560152830140936)	(280, 32.24480149793781)	(285, 31.118161652454813)	(290, 30.116068250634687)	(295, 28.674281183843192)	(300, 26.074074542648212)
3974R_L_M_NS1_week10_S80_L001_R2_001	(1, 33.20104079687592)	(2, 33.38637686293363)	(3, 33.59994264652548)	(4, 33.68221957946408)	(5, 33.63054241205098)	(6, 37.444742457596384)	(7, 35.83456052900146)	(8, 35.776169631335236)	(9, 36.45788315072999)	(10, 37.22965512006276)	(15, 37.53273955618532)	(20, 37.414267520221316)	(25, 37.208925212756085)	(30, 37.289314541636095)	(35, 36.96039911270801)	(40, 37.172623837116134)	(45, 37.18905898130107)	(50, 37.0998119143409)	(55, 37.07328424550661)	(60, 36.34757723741808)	(65, 36.5060128370571)	(70, 36.645923264424816)	(75, 37.46050791562292)	(80, 36.90574799895414)	(85, 36.15783507502341)	(90, 37.09876099626359)	(95, 36.465691657599756)	(100, 37.0884036335113)	(105, 36.69997047982929)	(110, 37.156738611539865)	(115, 36.56678727764986)	(120, 36.83156634025792)	(125, 35.377871680035085)	(130, 36.94681814731409)	(135, 35.614609954201555)	(140, 36.21689059824734)	(145, 35.0781272403701)	(150, 36.49242006359488)	(155, 34.910262054772566)	(160, 35.249610755463344)	(165, 34.90483540396245)	(170, 35.07683341345951)	(175, 33.929883690527404)	(180, 34.57670268127494)	(185, 35.06420721472972)	(190, 33.54724323777232)	(195, 34.03503453859973)	(200, 33.085119303661344)	(205, 30.382338503580378)	(210, 31.98710558943346)	(215, 29.68184509501278)	(220, 29.925131786476392)	(225, 29.379313951232678)	(230, 29.885488727511955)	(235, 30.30288707269553)	(240, 28.22988959456154)	(245, 27.797543921796848)	(250, 25.014257399019932)	(255, 24.907424744650523)	(260, 21.0220642190228)	(265, 24.78015401094777)	(270, 20.59761308333966)	(275, 21.561477020655683)	(280, 19.05527862823984)	(285, 20.101156347258417)	(290, 17.291065509475978)	(295, 17.8609768646205)	(300, 17.926638158616093)
Positive_control_S89_L001_R1_001	(1, 33.95010757448928)	(2, 33.96011788226993)	(3, 33.958505994424115)	(4, 33.55487682548028)	(5, 33.87909457561691)	(6, 37.14991940560771)	(7, 37.57368679566381)	(8, 36.85588477423193)	(9, 36.97540660389759)	(10, 37.3068522528381)	(15, 37.76228459159743)	(20, 37.6766497637512)	(25, 37.65661669583746)	(30, 37.51749209621518)	(35, 37.685044032901885)	(40, 37.510928322875664)	(45, 37.72196664153136)	(50, 37.33026682624126)	(55, 37.545832266812404)	(60, 37.58838195515769)	(65, 37.39832723398662)	(70, 37.61720638390603)	(75, 37.30376960380765)	(80, 37.298517478260266)	(85, 36.95062088812945)	(90, 37.08167636335965)	(95, 36.83766836618217)	(100, 36.824888101777226)	(105, 37.234939917399394)	(110, 37.064475513832484)	(115, 36.62183727542528)	(120, 36.54459810032445)	(125, 36.477037170272084)	(130, 36.4698327925784)	(135, 36.66192416517354)	(140, 36.725090798403336)	(145, 36.62659130687439)	(150, 36.36836410678584)	(155, 36.38103921799227)	(160, 36.07944877586458)	(165, 36.066092936057174)	(170, 36.56591099335183)	(175, 36.31137522396939)	(180, 36.29018685446658)	(185, 35.958460335798435)	(190, 35.164546768960435)	(195, 35.29766656750905)	(200, 35.45509335805356)	(205, 35.74069221243714)	(210, 34.93853518827265)	(215, 34.96828524188694)	(220, 34.11922435680141)	(225, 35.26546340046073)	(230, 34.963741516834894)	(235, 33.981801578681576)	(240, 34.27872792301679)	(245, 33.88204439955449)	(250, 31.01015143444182)	(255, 33.241233889769006)	(260, 32.78050099964718)	(265, 31.528477838271613)	(270, 30.33265629431827)	(275, 32.17911048695616)	(280, 31.541020124385163)	(285, 29.384635180662876)	(290, 27.942016312581718)	(295, 26.368175937904272)	(300, 24.28907098532698)
Positive_control_S89_L001_R2_001	(1, 33.04666173184551)	(2, 33.1956195391246)	(3, 33.765605218919276)	(4, 33.53529896022857)	(5, 33.78927160656101)	(6, 37.544984123250615)	(7, 36.023832419007825)	(8, 35.648933594371535)	(9, 36.067913746705315)	(10, 37.14198033911906)	(15, 37.587668020283495)	(20, 37.568283858292226)	(25, 37.28820969761537)	(30, 37.401560694841265)	(35, 37.15528775311136)	(40, 36.61009885784256)	(45, 36.93818652240385)	(50, 37.18511528802983)	(55, 36.97249136982795)	(60, 36.27058823529412)	(65, 36.09805674121937)	(70, 36.33303124848669)	(75, 37.465664021694764)	(80, 37.02237964455452)	(85, 36.186962386977605)	(90, 36.9381740700514)	(95, 35.92845570075613)	(100, 36.98282682236719)	(105, 36.67154014845972)	(110, 37.03801979924041)	(115, 36.65818845943646)	(120, 36.20773291087575)	(125, 34.449088556979895)	(130, 36.74126502065015)	(135, 35.7328098733319)	(140, 36.41181866607633)	(145, 35.03936603690047)	(150, 36.49927153738127)	(155, 34.78508484894605)	(160, 35.598599802145955)	(165, 34.39707092998319)	(170, 34.420174194574926)	(175, 33.92233191053676)	(180, 34.64596855089207)	(185, 35.04651230361602)	(190, 32.35231302446887)	(195, 33.05857724955206)	(200, 33.57957814197066)	(205, 31.342229386168206)	(210, 32.279476447758924)	(215, 31.13646256338593)	(220, 29.91663150030093)	(225, 27.7102808005479)	(230, 28.61629044420308)	(235, 30.17308908274588)	(240, 28.541357721496222)	(245, 28.040453542348377)	(250, 25.48804643343872)	(255, 25.162236165782318)	(260, 24.10630158214056)	(265, 26.335435936105597)	(270, 21.318208798278807)	(275, 21.79539262959094)	(280, 19.93244045354235)	(285, 20.811420190797712)	(290, 17.54908924877725)	(295, 18.999630580210447)	(300, 18.401799364930024)
T1D_NS1_defined_mouse_inocula_S81_L001_R1_001	(1, 33.94674163310711)	(2, 33.94213671602149)	(3, 33.95783137724964)	(4, 33.44352077817925)	(5, 33.84269982666885)	(6, 37.16575114476169)	(7, 37.59434474789372)	(8, 36.85128014970292)	(9, 36.93019325129567)	(10, 37.28034976673594)	(15, 37.846012952407236)	(20, 37.692150082353855)	(25, 37.69231220303028)	(30, 37.622324362081)	(35, 37.66527081914059)	(40, 37.44788596362632)	(45, 37.73715581694161)	(50, 37.507348033424456)	(55, 37.56252770280175)	(60, 37.51621120529824)	(65, 37.48502367134345)	(70, 37.59203711528677)	(75, 37.1748057570087)	(80, 37.277785155609976)	(85, 37.14082250372964)	(90, 37.17358985193553)	(95, 37.03846226813725)	(100, 36.941752110587)	(105, 37.092489845899124)	(110, 37.02905926890473)	(115, 36.665376025111456)	(120, 36.598045928442694)	(125, 36.442392832196475)	(130, 36.449470951941564)	(135, 36.49523554927003)	(140, 36.562755361623964)	(145, 36.43946431189259)	(150, 36.047399601597064)	(155, 36.312782525460705)	(160, 36.220892871001965)	(165, 36.04634064313617)	(170, 36.25437424005933)	(175, 36.26427912351353)	(180, 36.19395324370704)	(185, 36.08853858558333)	(190, 35.80390814311461)	(195, 35.590924691496426)	(200, 35.522616696704986)	(205, 35.74707794727628)	(210, 35.35032381018084)	(215, 35.27138483826737)	(220, 35.35765200969275)	(225, 35.125548666384965)	(230, 35.22554952872899)	(235, 34.29302104981762)	(240, 34.406745254952014)	(245, 33.47112268568422)	(250, 33.001379750437636)	(255, 33.576202754326815)	(260, 33.13005700093995)	(265, 32.29419211300156)	(270, 31.321088623095296)	(275, 32.51742711037141)	(280, 31.495582211567484)	(285, 30.066445331700628)	(290, 29.383499909453878)	(295, 28.556179126100567)	(300, 25.983020446176795)
T1D_NS1_defined_mouse_inocula_S81_L001_R2_001	(1, 32.87800419099195)	(2, 33.46706277002147)	(3, 33.662383691349824)	(4, 33.820615196226385)	(5, 33.65331183222235)	(6, 37.577089243982996)	(7, 35.9824340522408)	(8, 35.90627182808309)	(9, 35.86068832299958)	(10, 37.0135336271052)	(15, 37.525560739201296)	(20, 37.515980097099934)	(25, 37.2722213119702)	(30, 37.28982347817838)	(35, 37.11981062925243)	(40, 36.864506782335745)	(45, 36.88131559204229)	(50, 37.05829963005442)	(55, 36.8055500461354)	(60, 36.190615972336005)	(65, 36.20681251778585)	(70, 36.37913989807094)	(75, 37.45887050179799)	(80, 36.89612031423816)	(85, 35.9950035787277)	(90, 37.00420478945871)	(95, 36.224009382302974)	(100, 36.972241145882734)	(105, 36.6287902175694)	(110, 37.13287169183275)	(115, 36.634773160404606)	(120, 36.62786061071204)	(125, 35.26373929615481)	(130, 36.68646723523882)	(135, 35.511261350603206)	(140, 36.25984150116848)	(145, 34.18548157601994)	(150, 36.38063002854359)	(155, 34.25589886429292)	(160, 35.35437510240335)	(165, 34.38406560713331)	(170, 34.67288704155636)	(175, 33.87836982485793)	(180, 34.17269473883911)	(185, 35.24804118555056)	(190, 33.4410665470883)	(195, 32.79956882798824)	(200, 33.16696015108267)	(205, 31.38397247397877)	(210, 32.448951820839405)	(215, 31.212090063209814)	(220, 29.950855014099325)	(225, 28.711892586428434)	(230, 30.237220492743383)	(235, 30.618169588575665)	(240, 29.068406302010125)	(245, 28.862763122720178)	(250, 25.232468977173756)	(255, 25.298615937842243)	(260, 22.87328716918328)	(265, 26.40018281693299)	(270, 21.344647861817997)	(275, 21.679427058630772)	(280, 19.48781766597967)	(285, 20.707860265774425)	(290, 17.63678759604357)	(295, 18.87853711959849)	(300, 18.381815751575935)
T1D_NS6_defined_mouse_inocula_S82_L001_R1_001	(1, 33.916876742040124)	(2, 33.941362810475546)	(3, 33.95821957553676)	(4, 33.42416833934228)	(5, 33.858401270916374)	(6, 37.15442204697444)	(7, 37.60894588141285)	(8, 36.840536144062554)	(9, 36.93616879595894)	(10, 37.32650184073591)	(15, 37.857183626487576)	(20, 37.71431778617023)	(25, 37.70908762283464)	(30, 37.67008304715518)	(35, 37.73670912567422)	(40, 37.57299302708307)	(45, 37.76024771453848)	(50, 37.595528961862996)	(55, 37.62794874477983)	(60, 37.58688178384909)	(65, 37.591339504000146)	(70, 37.680706994796466)	(75, 37.273437277042646)	(80, 37.3933314941829)	(85, 37.306064440026255)	(90, 37.309523311231814)	(95, 37.25018407359139)	(100, 37.16837549110073)	(105, 37.27152329220612)	(110, 37.33276129412773)	(115, 36.947979946918316)	(120, 36.83967618268471)	(125, 36.63460583518041)	(130, 36.56428496684773)	(135, 36.7070005041809)	(140, 36.70457853330923)	(145, 36.612370506368855)	(150, 36.37136633022897)	(155, 36.65069776733479)	(160, 36.52215066447237)	(165, 36.319985540472416)	(170, 36.39976598396133)	(175, 36.53991685771634)	(180, 36.420015030298416)	(185, 36.314945634078825)	(190, 36.18512571227443)	(195, 36.02788786255839)	(200, 35.85928406312725)	(205, 35.98330305077006)	(210, 35.67431626411468)	(215, 35.486909371105675)	(220, 35.678602753017955)	(225, 35.528516661751695)	(230, 35.490687873973805)	(235, 34.654059607499924)	(240, 34.90390502373456)	(245, 33.82122316188012)	(250, 33.76313962005688)	(255, 33.79128623205639)	(260, 33.53233892371648)	(265, 32.695817201130126)	(270, 31.731423787825463)	(275, 33.06168320316588)	(280, 31.847663169109882)	(285, 30.52305628751629)	(290, 29.71696616280287)	(295, 28.663764614111358)	(300, 26.01262830452526)
T1D_NS6_defined_mouse_inocula_S82_L001_R2_001	(1, 32.98125969121298)	(2, 33.54545713986739)	(3, 33.71230296515444)	(4, 33.840859580863956)	(5, 33.71272153042684)	(6, 37.60564492346914)	(7, 36.174418051578655)	(8, 36.12040410574481)	(9, 36.03055526488523)	(10, 37.09420382226197)	(15, 37.55824621150864)	(20, 37.53711437296069)	(25, 37.343543155030865)	(30, 37.35784476936102)	(35, 37.134880756461605)	(40, 37.12128309281685)	(45, 37.12288886140733)	(50, 37.17974334338525)	(55, 37.00001141541652)	(60, 36.36779330485821)	(65, 36.57801390778246)	(70, 36.66096783706395)	(75, 37.511949087242314)	(80, 37.01018255153585)	(85, 36.39195783906165)	(90, 37.106039706623804)	(95, 36.42847385393975)	(100, 37.102055726258314)	(105, 36.716463884475985)	(110, 37.20046232436906)	(115, 36.69938642136205)	(120, 36.63271277860751)	(125, 35.39974695826714)	(130, 36.924637322704314)	(135, 35.790270259986116)	(140, 36.28611029194927)	(145, 34.87649280353117)	(150, 36.492461068673244)	(155, 34.72655130754083)	(160, 35.37807859514273)	(165, 34.65752799155259)	(170, 34.90220983438133)	(175, 34.134254811122425)	(180, 34.35933257864746)	(185, 35.34631139353697)	(190, 33.73764518982886)	(195, 33.226481863757)	(200, 33.25928786826609)	(205, 31.572011301262354)	(210, 32.43531168843523)	(215, 31.26659563740832)	(220, 30.113414065695725)	(225, 29.50701572473626)	(230, 30.607804339760843)	(235, 30.828919055184024)	(240, 29.12308863119643)	(245, 28.9570628133294)	(250, 25.789739443117934)	(255, 25.36485193253489)	(260, 22.817924106505835)	(265, 26.063169109882892)	(270, 21.35966172315712)	(275, 21.694894454961428)	(280, 19.517221107105144)	(285, 20.52361944806461)	(290, 17.520742763101566)	(295, 18.81033856222829)	(300, 18.340274540767307)
T1D_S2_defined_mouse_inocula_S83_L001_R1_001	(1, 33.91715954560088)	(2, 33.93645771052753)	(3, 33.950954330129235)	(4, 33.38043508255531)	(5, 33.88005335050361)	(6, 37.17585429793497)	(7, 37.612252219105)	(8, 36.83427309938831)	(9, 36.9572276134848)	(10, 37.348941728372345)	(15, 37.85125511658924)	(20, 37.70719587913352)	(25, 37.72057765717702)	(30, 37.66920664121786)	(35, 37.73442119302764)	(40, 37.52104861334682)	(45, 37.79518189762222)	(50, 37.559668858943105)	(55, 37.622385135445896)	(60, 37.59213172055374)	(65, 37.562424688405464)	(70, 37.664738076622356)	(75, 37.301244538472154)	(80, 37.382442165294584)	(85, 37.27575219610909)	(90, 37.27154302534149)	(95, 37.19299084762912)	(100, 37.05910499931012)	(105, 37.32316975578347)	(110, 37.31013015683208)	(115, 36.89411948673136)	(120, 36.86558616566251)	(125, 36.59565101411949)	(130, 36.65422986708366)	(135, 36.673958515384264)	(140, 36.77526560272271)	(145, 36.68885618359932)	(150, 36.34251759186865)	(155, 36.59902129420963)	(160, 36.48003495377823)	(165, 36.224171457480566)	(170, 36.42369498229315)	(175, 36.553218967023874)	(180, 36.48337947845283)	(185, 36.35828174584924)	(190, 36.20792530929494)	(195, 35.94735960998942)	(200, 35.81861196706986)	(205, 36.02676355608702)	(210, 35.70338407763418)	(215, 35.652621993285194)	(220, 35.5320406567631)	(225, 35.53105643195511)	(230, 35.48233086510601)	(235, 34.70589523064895)	(240, 34.870448420181205)	(245, 34.27021478176884)	(250, 33.301213264039)	(255, 34.071857609345535)	(260, 33.45048245412316)	(265, 32.82774226187739)	(270, 31.584364623097095)	(275, 33.10842294071655)	(280, 32.08257370188106)	(285, 30.7007423078692)	(290, 29.59814377040887)	(295, 28.525541093685327)	(300, 26.108237133790183)
T1D_S2_defined_mouse_inocula_S83_L001_R2_001	(1, 33.002198408683256)	(2, 33.549804534792806)	(3, 33.72646828864462)	(4, 33.85530975486363)	(5, 33.70871544865014)	(6, 37.628119394747735)	(7, 36.30176148645541)	(8, 36.23167916110932)	(9, 36.08967483787886)	(10, 37.140308145150165)	(15, 37.600108540679756)	(20, 37.55463919422343)	(25, 37.37275077036288)	(30, 37.39044474083613)	(35, 37.23212804120867)	(40, 37.021189348296005)	(45, 37.14140826932806)	(50, 37.20705514418434)	(55, 37.06138067423998)	(60, 36.368427539897894)	(65, 36.52816630639746)	(70, 36.621584877891735)	(75, 37.53334682426528)	(80, 37.03855769672998)	(85, 36.36025019546521)	(90, 37.11536218553098)	(95, 36.48358368210459)	(100, 37.13336890033574)	(105, 36.733510555121185)	(110, 37.14113783746493)	(115, 36.76544175136826)	(120, 36.69822747550936)	(125, 35.50028974842478)	(130, 36.913540909718066)	(135, 35.998261509451325)	(140, 36.479845467506784)	(145, 34.88716368486409)	(150, 36.4962498275307)	(155, 34.632286253046956)	(160, 35.51264682886446)	(165, 34.74577381226142)	(170, 34.7517067561974)	(175, 34.32426068159867)	(180, 34.49654969415444)	(185, 35.32796946143586)	(190, 33.616367566573146)	(195, 33.1423281055972)	(200, 33.20115163500897)	(205, 31.764895368624387)	(210, 32.28842018120775)	(215, 31.45189164328749)	(220, 30.187425838200806)	(225, 29.040618129972863)	(230, 30.613392816078736)	(235, 30.887196798969786)	(240, 29.140229039231013)	(245, 28.974588603228625)	(250, 25.786851860368852)	(255, 25.304907326495883)	(260, 23.220446120590534)	(265, 25.99839948489169)	(270, 21.37955755875454)	(275, 21.702278434438668)	(280, 19.65459596191878)	(285, 20.857300280550064)	(290, 17.59997056523939)	(295, 19.00528721887504)	(300, 18.38354872832636)
T1D_S5_defined_mouse_inocula_S84_L001_R1_001	(1, 33.92713618629849)	(2, 33.93694030605025)	(3, 33.96198629444703)	(4, 33.408963189067904)	(5, 33.87803472882007)	(6, 37.158341587660956)	(7, 37.597990660817885)	(8, 36.806404010592495)	(9, 36.887929814631384)	(10, 37.279150579150574)	(15, 37.840320200529625)	(20, 37.69375164244274)	(25, 37.70328286401585)	(30, 37.64243465604722)	(35, 37.70596333057066)	(40, 37.544902868463076)	(45, 37.77757585558633)	(50, 37.52758293072429)	(55, 37.60933109624209)	(60, 37.59349693747599)	(65, 37.486852372192686)	(70, 37.64586710869433)	(75, 37.22369766924741)	(80, 37.31695203056459)	(85, 37.17072307910004)	(90, 37.22239382239381)	(95, 37.04511916553801)	(100, 36.900252683498756)	(105, 37.177662778709895)	(110, 37.13283066162647)	(115, 36.69623198366654)	(120, 36.66235015868523)	(125, 36.57250803533526)	(130, 36.44289555074896)	(135, 36.51757262123755)	(140, 36.63806626372072)	(145, 36.52800743900221)	(150, 36.1236996907154)	(155, 36.44111059451374)	(160, 36.28146920293517)	(165, 36.04497766277871)	(170, 36.32521174877196)	(175, 36.3324384968364)	(180, 36.2146131921001)	(185, 36.10260567223918)	(190, 35.8494107420809)	(195, 35.67527744648163)	(200, 35.57197841072187)	(205, 35.75615031635974)	(210, 35.316879257716955)	(215, 35.30978592653986)	(220, 35.26295862055024)	(225, 35.17908184923892)	(230, 35.23983504821201)	(235, 34.3477430309891)	(240, 34.49318158846954)	(245, 33.64720329903576)	(250, 32.92713618629848)	(255, 33.73985121995594)	(260, 33.067870787766076)	(265, 32.13475105621703)	(270, 30.905848106895228)	(275, 32.556223089207386)	(280, 31.65636863490267)	(285, 29.53486627989246)	(290, 28.7604479573066)	(295, 27.887485091673575)	(300, 25.698619337362793)
T1D_S5_defined_mouse_inocula_S84_L001_R2_001	(1, 33.03453678061008)	(2, 33.5670116638703)	(3, 33.72159332106976)	(4, 33.85044169075583)	(5, 33.71017202692595)	(6, 37.60563180982029)	(7, 36.15715902888678)	(8, 36.11430390749762)	(9, 36.204997068871414)	(10, 37.14023529887403)	(15, 37.59470375386606)	(20, 37.555163839980594)	(25, 37.35250763104166)	(30, 37.38977945784228)	(35, 37.2220744304514)	(40, 36.94756918474196)	(45, 37.04094685560655)	(50, 37.20996381572298)	(55, 36.83763569103883)	(60, 36.26057328832198)	(65, 36.17659746507915)	(70, 36.50561361660838)	(75, 37.50399037781237)	(80, 36.97674301077443)	(85, 36.1738017748489)	(90, 36.983529078817035)	(95, 36.24499585599062)	(100, 37.02005498392933)	(105, 36.71738866765045)	(110, 37.11342456892196)	(115, 36.70743091633143)	(120, 36.61927874022115)	(125, 35.187816612423944)	(130, 36.79853443570721)	(135, 35.64756514180598)	(140, 36.22426570175261)	(145, 34.467830358406275)	(150, 36.42769208999576)	(155, 34.63669368695547)	(160, 35.36585134124401)	(165, 34.589336756352466)	(170, 34.436936263114276)	(175, 34.05204471487194)	(180, 34.212191473448016)	(185, 35.264751662657424)	(190, 33.35572580808183)	(195, 32.90422284663123)	(200, 33.14009379611473)	(205, 31.259952697649034)	(210, 32.00445733691807)	(215, 30.971192059673733)	(220, 29.690115021528634)	(225, 28.37583739311488)	(230, 29.828773575370434)	(235, 30.613208271847014)	(240, 28.83288928419818)	(245, 28.480939578321774)	(250, 25.262643271543794)	(255, 25.02482564838586)	(260, 23.148559704057085)	(265, 25.982530473629946)	(270, 21.35982534516566)	(275, 21.685309992116277)	(280, 19.548444480381654)	(285, 20.54753684125412)	(290, 17.482461743718286)	(295, 18.906017910206394)	(300, 18.22099193434272)
negative_control_S90_L001_R1_001	(1, 33.937999360818154)	(2, 33.96915947587089)	(3, 33.96612336209652)	(4, 33.427293064876956)	(5, 33.88638542665388)	(6, 37.24592521572387)	(7, 37.661393416426975)	(8, 36.80089485458613)	(9, 36.93943751997443)	(10, 37.30933205496964)	(15, 37.86347075743049)	(20, 37.67094918504314)	(25, 37.677948226270374)	(30, 37.68622563119207)	(35, 37.62879514221796)	(40, 37.470885266858424)	(45, 37.746564397571106)	(50, 37.557526366251196)	(55, 37.63509108341323)	(60, 37.57989773090444)	(65, 37.38612975391499)	(70, 37.584499840204536)	(75, 37.40044742729307)	(80, 37.1744966442953)	(85, 37.2111217641419)	(90, 37.023266219239375)	(95, 36.43835091083413)	(100, 36.59482262703739)	(105, 36.97046979865772)	(110, 36.553275806967086)	(115, 36.18596995845318)	(120, 36.103515500159794)	(125, 36.35180568871844)	(130, 36.434100351550015)	(135, 35.920325982742085)	(140, 36.305848513902205)	(145, 36.20166187280281)	(150, 35.19811441355065)	(155, 35.40594439117929)	(160, 35.675071907957815)	(165, 35.66487695749441)	(170, 36.21578779162672)	(175, 35.925822946628315)	(180, 35.78763183125599)	(185, 35.50143815915628)	(190, 34.630488974113135)	(195, 34.47062959411953)	(200, 34.749536593160755)	(205, 35.20364333652924)	(210, 34.46561201661873)	(215, 35.15346756152125)	(220, 34.76903163950144)	(225, 34.708756791307124)	(230, 34.890060722275486)	(235, 33.72563119207415)	(240, 33.85784595717482)	(245, 33.295525727069354)	(250, 31.15378715244487)	(255, 33.75982742090124)	(260, 32.4237456056248)	(265, 31.59242569511026)	(270, 30.22106104186641)	(275, 31.246660274848193)	(280, 31.896868008948548)	(285, 29.68203899009268)	(290, 28.73438798338127)	(295, 29.236081815276446)	(300, 24.004554170661553)
negative_control_S90_L001_R2_001	(1, 33.092841163310965)	(2, 33.19047619047619)	(3, 33.79050814956855)	(4, 33.592361776925536)	(5, 33.794662831575586)	(6, 37.57638223074465)	(7, 35.72738894215404)	(8, 35.56599552572707)	(9, 36.24880153403643)	(10, 37.18194311281559)	(15, 37.57555129434324)	(20, 37.53122403323745)	(25, 37.195142217961006)	(30, 37.37225950782998)	(35, 37.052189197826785)	(40, 36.21240012783637)	(45, 36.0449025247683)	(50, 36.91466922339406)	(55, 36.18465963566635)	(60, 35.99645254074785)	(65, 35.78171939916907)	(70, 35.85755832534356)	(75, 37.281815276446146)	(80, 36.564429530201345)	(85, 34.59913710450623)	(90, 36.46276765739852)	(95, 35.477213167146054)	(100, 36.29865771812081)	(105, 36.3856184084372)	(110, 36.77820389900927)	(115, 36.382774049217005)	(120, 36.56468520294023)	(125, 34.54803451581975)	(130, 35.77887503994886)	(135, 34.52595078299777)	(140, 36.17424097155641)	(145, 30.81879194630873)	(150, 35.695078299776284)	(155, 33.85992329817833)	(160, 35.12646212847555)	(165, 33.746148929370406)	(170, 33.60437839565357)	(175, 33.73975711089805)	(180, 33.05503355704698)	(185, 34.39485458612975)	(190, 32.89555768616171)	(195, 30.441802492809206)	(200, 32.48558644934484)	(205, 30.80281240012784)	(210, 32.02195589645254)	(215, 30.876829658037714)	(220, 27.878683285394693)	(225, 24.199872163630555)	(230, 26.768456375838923)	(235, 28.861521252796422)	(240, 26.89629274528603)	(245, 26.1405560882071)	(250, 21.459859379993606)	(255, 24.177884308085652)	(260, 22.60479386385427)	(265, 26.08024928092042)	(270, 21.011888782358582)	(275, 20.968392457654204)	(280, 18.77267497603068)	(285, 19.72102908277405)	(290, 17.057622243528282)	(295, 18.010290827740494)	(300, 17.60770214125919)
